id,symbol,trade_date,open_price,close_price,volume,created_at,returns_pct,lag_return1,lag_return5,lag_return10,stock_MA_5,stock_MA_20,stock_MA_50,returns_volatility_20,returns_volatility_50,stock_RSI,MACD,MACD_hist,MACD_signal,stock_volume_MA_20
138968,AFRINSURE,2021-01-18,0.22,0.22,19554479.0,2026-04-08T03:35:55.012207+00:00,9.999999999999986,0.0,0.0,0.0,0.20400000000000001,0.201,0.20040000000000002,2.2360679774997867,1.4142135623730931,100.0,0.0015954415954415602,0.001276353276353248,0.00031908831908831207,1001965.6
139073,AFRINSURE,2021-01-19,0.24,0.24,10843960.0,2026-04-08T03:35:57.346792+00:00,9.090909090909083,9.999999999999986,0.0,0.0,0.21200000000000002,0.203,0.20120000000000002,2.94172780954274,1.8917402197977744,100.00000000000001,0.00442269137425827,0.003282882444135966,0.0011398089301223036,1544163.6
139178,AFRINSURE,2021-01-20,0.26,0.26,864200.0,2026-04-08T03:35:59.785195+00:00,8.333333333333348,9.090909090909083,0.0,0.0,0.22400000000000003,0.20600000000000002,0.20240000000000002,3.359860734241329,2.1994771692880324,100.0,0.008182813663937943,0.005634403787052511,0.0025484098768854316,1587123.6
139283,AFRINSURE,2021-01-21,0.24,0.24,14916062.0,2026-04-08T03:36:02.057398+00:00,-7.692307692307699,8.333333333333348,0.0,0.0,0.23200000000000004,0.20800000000000002,0.2032,3.918869384236972,2.488642303449681,72.15626585489598,0.009440085387602215,0.005513340408573426,0.003926744979028789,2332921.7
139388,AFRINSURE,2021-01-22,0.22,0.22,7097587.0,2026-04-08T03:36:04.490813+00:00,-8.333333333333325,-7.692307692307699,0.0,0.0,0.23600000000000004,0.20900000000000002,0.2036,4.437926904173712,2.7778517332508557,55.51098594255725,0.008722106420243958,0.0038362891529721346,0.004885817267271823,2687326.05
139493,AFRINSURE,2021-01-25,0.22,0.22,983920.0,2026-04-08T03:36:09.142175+00:00,0.0,-8.333333333333325,9.999999999999986,0.0,0.236,0.21000000000000002,0.20400000000000001,4.437926904173712,2.7778517332508557,55.51098594255724,0.00806019006211156,0.0025394982358717903,0.0055206918262397705,2736522.05
139598,AFRINSURE,2021-01-26,0.24,0.24,900092.0,2026-04-08T03:36:11.477526+00:00,9.090909090909083,0.0,9.090909090909083,0.0,0.236,0.21200000000000002,0.20480000000000004,4.82514652472028,3.0470907567656838,64.90125451055447,0.009045182202468055,0.002819592300982627,0.006225589901485428,2781526.65
139703,AFRINSURE,2021-01-27,0.26,0.26,368342.0,2026-04-08T03:36:13.916788+00:00,8.333333333333348,9.090909090909083,8.333333333333348,0.0,0.236,0.215,0.20600000000000002,5.0848400630181505,3.2456534848558696,71.40178552348338,0.011309262287334643,0.004066937908679371,0.007242324378655272,2799933.75
139808,AFRINSURE,2021-01-28,0.24,0.24,575800.0,2026-04-08T03:36:16.269205+00:00,-7.692307692307699,8.333333333333348,-7.692307692307699,0.0,0.236,0.21700000000000003,0.20680000000000004,5.475499529914374,3.449447733539665,59.5285922755972,0.011358792128328826,0.003293174199738843,0.008065617928589983,2828723.75
139913,AFRINSURE,2021-01-29,0.25,0.25,245665.0,2026-04-08T03:36:18.603253+00:00,4.166666666666674,-7.692307692307699,-8.333333333333325,0.0,0.242,0.21950000000000003,0.2078,5.512328156724437,3.489131599233767,62.85456441819572,0.01206587343248866,0.003200204403118941,0.00886566902936972,2841007.0
140018,AFRINSURE,2021-02-01,0.23,0.23,1629069.0,2026-04-08T03:36:23.094546+00:00,-7.9999999999999964,4.166666666666674,0.0,9.999999999999986,0.244,0.221,0.2084,5.886502109772143,3.690426200199736,53.40213217464163,0.010886910084665274,0.0016169928442364423,0.009269917240428832,2922460.45
140123,AFRINSURE,2021-02-02,0.22,0.22,1956950.0,2026-04-08T03:36:25.523135+00:00,-4.34782608695653,-7.9999999999999964,9.090909090909083,9.090909090909083,0.24000000000000005,0.22199999999999998,0.2088,5.999325267904761,3.7494945521888683,49.401730488664334,0.009041432702927121,-0.000182787630001369,0.00922422033292849,3020307.95
140228,AFRINSURE,2021-02-03,0.2,0.2,2985928.0,2026-04-08T03:36:27.835035+00:00,-9.090909090909083,-4.34782608695653,8.333333333333348,8.333333333333348,0.22800000000000004,0.22199999999999998,0.20879999999999999,6.383080954952971,3.975889992121819,42.53831941182724,0.005897067999822564,-0.0026617218664847404,0.008558789866307304,3169604.35
140333,AFRINSURE,2021-02-04,0.22,0.22,1464229.0,2026-04-08T03:36:30.225924+00:00,9.999999999999986,-9.090909090909083,-7.692307692307699,-7.692307692307699,0.22400000000000003,0.22300000000000003,0.20920000000000002,6.748380934295301,4.216183527149013,50.016698426494536,0.004961772941836695,-0.002877613539576487,0.007839386481413182,3242805.8
140438,AFRINSURE,2021-02-05,0.24,0.24,434900.0,2026-04-08T03:36:32.587221+00:00,9.090909090909083,9.999999999999986,4.166666666666674,-8.333333333333325,0.22200000000000003,0.225,0.21,7.000699398219515,4.396163136845152,56.161024162090094,0.005767889087952172,-0.0016571979147688085,0.00742508700272098,3264300.75
140543,AFRINSURE,2021-02-08,0.24,0.24,96976.0,2026-04-08T03:36:37.052653+00:00,0.0,9.090909090909083,-7.9999999999999964,0.0,0.22399999999999998,0.227,0.21080000000000002,7.000699398219515,4.396163136845152,56.161024162090094,0.00633373063732523,-0.0008730850923166006,0.0072068157296418306,3269149.55
140648,AFRINSURE,2021-02-09,0.24,0.24,0.0,2026-04-08T03:36:39.468141+00:00,0.0,0.0,-4.34782608695653,9.090909090909083,0.22799999999999998,0.229,0.2116,7.000699398219515,4.396163136845152,56.161024162090094,0.006704874522021231,-0.00040155296609648006,0.007106427488117711,3269149.55
140753,AFRINSURE,2021-02-10,0.24,0.24,0.0,2026-04-08T03:36:41.836322+00:00,0.0,0.0,-9.090909090909083,8.333333333333348,0.236,0.231,0.21240000000000003,7.000699398219515,4.396163136845152,56.161024162090094,0.006919247941403889,-0.00014974363737105863,0.007068991578774947,3252022.95
140858,AFRINSURE,2021-02-11,0.22,0.22,501588.0,2026-04-08T03:36:44.255641+00:00,-8.333333333333325,0.0,9.999999999999986,-7.692307692307699,0.236,0.23199999999999998,0.21280000000000002,7.3135877581766815,4.568507132921906,48.192663940001935,0.005412910900277457,-0.0013248645427979934,0.00673777544307545,3272102.35
140963,AFRINSURE,2021-02-12,0.24,0.24,358000.0,2026-04-08T03:36:46.553737+00:00,9.090909090909083,-8.333333333333325,9.090909090909083,4.166666666666674,0.236,0.23400000000000004,0.21359999999999998,7.544631540540561,4.734520264099381,55.05949786060321,0.005766488307938744,-0.0007770297081093657,0.00654351801604811,3288887.35
141068,AFRINSURE,2021-02-15,0.24,0.24,107907.0,2026-04-08T03:36:50.983127+00:00,0.0,9.090909090909083,0.0,-7.9999999999999964,0.236,0.23499999999999996,0.2144,7.255541580988799,4.734520264099381,55.05949786060321,0.005977792677953259,-0.00045258027047588145,0.00643037294842914,2316558.75
141173,AFRINSURE,2021-02-16,0.24,0.24,0.0,2026-04-08T03:36:53.929967+00:00,0.0,0.0,0.0,-4.34782608695653,0.236,0.23500000000000001,0.2152,6.9807961972806725,4.734520264099381,55.05949786060321,0.006075221541321313,-0.00028412112568626177,0.006359342667007575,1774360.75
141278,AFRINSURE,2021-02-17,0.24,0.24,1900.0,2026-04-08T03:36:56.762484+00:00,0.0,0.0,0.0,-9.090909090909083,0.236,0.23399999999999999,0.21600000000000003,6.715374471507135,4.734520264099381,55.05949786060321,0.006082321402463536,-0.00022161701163523131,0.006303938414098768,1731245.75
141383,AFRINSURE,2021-02-18,0.24,0.24,1000.0,2026-04-08T03:36:59.321693+00:00,0.0,0.0,-8.333333333333325,9.999999999999986,0.24,0.23400000000000004,0.21680000000000002,6.478946096300827,4.734520264099381,55.059497860603216,0.006018569767717835,-0.00022829491710474673,0.006246864684822582,985492.65
141488,AFRINSURE,2021-02-19,0.24,0.24,0.0,2026-04-08T03:37:01.817881+00:00,0.0,0.0,9.090909090909083,9.090909090909083,0.24,0.23499999999999996,0.2176,6.161548534043465,4.734520264099381,55.05949786060321,0.005900034216076988,-0.00027746437499647555,0.006177498591073464,630613.3
141593,AFRINSURE,2021-02-22,0.24,0.24,42406.0,2026-04-08T03:37:06.27808+00:00,0.0,0.0,0.0,0.0,0.24,0.236,0.2184,6.161548534043465,4.734520264099381,55.0594978606032,0.005739927624722196,-0.00035005677308101377,0.00608998439780321,583537.6
141698,AFRINSURE,2021-02-23,0.24,0.24,1750.0,2026-04-08T03:37:08.890934+00:00,0.0,0.0,0.0,0.0,0.24,0.236,0.21919999999999998,5.829785032458591,4.734520264099381,55.05949786060321,0.005549075706997225,-0.00043272695264478817,0.005981802659642013,538620.5
141803,AFRINSURE,2021-02-24,0.24,0.24,10000.0,2026-04-08T03:37:11.490979+00:00,0.0,0.0,0.0,0.0,0.24,0.23500000000000001,0.22,5.503616093322127,4.734520264099381,55.059497860603216,0.005336310521235538,-0.0005163937107251814,0.005852704231960719,520703.4
141908,AFRINSURE,2021-02-25,0.24,0.24,0.0,2026-04-08T03:37:14.190372+00:00,0.0,0.0,0.0,-8.333333333333325,0.24,0.23499999999999996,0.22080000000000002,5.217940385562222,4.734520264099381,55.05949786060321,0.005108801495111864,-0.0005951221894790843,0.005703923684590949,491913.4
142013,AFRINSURE,2021-02-26,0.24,0.24,0.0,2026-04-08T03:37:16.661186+00:00,0.0,0.0,0.0,9.090909090909083,0.24,0.2345,0.2216,5.130689271530058,4.734520264099381,55.0594978606032,0.004872333722563543,-0.0006652719696219247,0.005537605692185468,479630.15
142118,AFRINSURE,2021-03-01,0.24,0.24,0.0,2026-04-08T03:37:22.522205+00:00,0.0,0.0,0.0,0.0,0.24,0.23500000000000001,0.22240000000000001,4.780594963426204,4.734520264099381,55.059497860603194,0.004631541778571974,-0.000724851130890795,0.005356392909462769,398176.7
142223,AFRINSURE,2021-03-02,0.24,0.24,12115.0,2026-04-08T03:37:25.400973+00:00,0.0,0.0,0.0,0.0,0.24,0.23600000000000004,0.2232,4.654324853142195,4.734520264099381,55.0594978606032,0.004390106018708789,-0.0007730295126031836,0.005163135531311973,300934.95
142328,AFRINSURE,2021-03-03,0.24,0.24,4333.0,2026-04-08T03:37:28.29584+00:00,0.0,0.0,0.0,0.0,0.24,0.238,0.22399999999999998,4.071955324332037,4.734520264099381,55.0594978606032,0.004150917249372027,-0.0008097746255519567,0.004960691874923984,151855.2
142433,AFRINSURE,2021-03-04,0.24,0.24,0.0,2026-04-08T03:37:30.865183+00:00,0.0,0.0,0.0,0.0,0.24,0.23899999999999996,0.2248,3.4783848940522697,4.734520264099381,55.0594978606032,0.003916214740639551,-0.0008355817074275464,0.004751796448067097,78643.75
142538,AFRINSURE,2021-03-05,0.24,0.24,0.0,2026-04-08T03:37:35.032922+00:00,0.0,0.0,0.0,0.0,0.24,0.23900000000000002,0.2256,2.828988814066874,4.734520264099381,55.05949786060321,0.003687701780913072,-0.0008512757337232205,0.004538977514636292,56898.75
142643,AFRINSURE,2021-03-08,0.24,0.24,6500.0,2026-04-08T03:37:40.957406+00:00,0.0,0.0,0.0,0.0,0.24,0.23900000000000002,0.22640000000000002,2.828988814066874,4.734520264099381,55.0594978606032,0.003466642319236629,-0.0008578681563197309,0.00432451047555636,52374.95
142748,AFRINSURE,2021-03-09,0.24,0.24,1500.0,2026-04-08T03:37:43.478318+00:00,0.0,0.0,0.0,0.0,0.24,0.23899999999999996,0.22719999999999999,2.828988814066874,4.734520264099381,55.05949786060321,0.003253941688929035,-0.0008564550293018603,0.004110396718230895,52449.95
142853,AFRINSURE,2021-03-10,0.24,0.24,0.0,2026-04-08T03:37:46.075681+00:00,0.0,0.0,0.0,0.0,0.24,0.23899999999999996,0.228,2.828988814066874,4.734520264099381,55.0594978606032,0.003050213939384011,-0.0008481462230775076,0.0038983601624615186,52449.95
142958,AFRINSURE,2021-03-11,0.22,0.22,600500.0,2026-04-08T03:37:49.142973+00:00,-8.333333333333325,0.0,0.0,0.0,0.236,0.23899999999999996,0.2284,2.828988814066874,4.895492090234847,35.710161312213394,0.0012603963129383944,-0.0021103710796184995,0.003370767392556894,57395.55
143063,AFRINSURE,2021-03-12,0.2,0.2,2149240.0,2026-04-08T03:37:51.827027+00:00,-9.090909090909083,-8.333333333333325,0.0,0.0,0.22799999999999998,0.23699999999999996,0.2284,2.684348998220291,5.072753227336582,25.905861966831523,-0.001751687540407193,-0.004097963946371269,0.0023462764059640766,146957.55
143168,AFRINSURE,2021-03-15,0.21,0.21,705050.0,2026-04-08T03:37:56.632273+00:00,4.999999999999982,-9.090909090909083,0.0,0.0,0.22199999999999998,0.2355,0.2286,2.9856761779571923,5.119295028711484,35.44883167814455,-0.0032938992484083385,-0.004512140523497932,0.0012182412750895936,176814.7
143273,AFRINSURE,2021-03-16,0.2,0.2,800020.0,2026-04-08T03:37:59.157483+00:00,-4.761904761904756,4.999999999999982,0.0,0.0,0.21400000000000002,0.23349999999999999,0.2286,3.1203628900790994,5.167645040188956,31.130897478280634,-0.005262368258968697,-0.005184487627246633,-7.788063172206442e-05,216815.7
143378,AFRINSURE,2021-03-17,0.2,0.2,83629.0,2026-04-08T03:38:01.497417+00:00,0.0,-4.761904761904756,0.0,0.0,0.20600000000000002,0.23149999999999998,0.2286,3.1203628900790994,5.167645040188956,31.130897478280637,-0.00674464605061606,-0.005333412335115196,-0.0014112337155008637,220902.15
143483,AFRINSURE,2021-03-18,0.2,0.2,6034.0,2026-04-08T03:38:03.831621+00:00,0.0,0.0,-8.333333333333325,0.0,0.202,0.22949999999999998,0.22860000000000003,3.1203628900790994,5.167645040188956,31.130897478280637,-0.00782911274150086,-0.005134303220799997,-0.002694809520700863,221153.85
143588,AFRINSURE,2021-03-19,0.2,0.2,0.0,2026-04-08T03:38:06.31825+00:00,0.0,0.0,-9.090909090909083,0.0,0.202,0.22750000000000004,0.2286,3.1203628900790994,5.167645040188956,31.130897478280637,-0.008589545473772414,-0.004715788762457241,-0.0038737567113151733,221153.85
143693,AFRINSURE,2021-03-22,0.2,0.2,555000.0,2026-04-08T03:38:11.081229+00:00,0.0,0.0,4.999999999999982,0.0,0.2,0.22549999999999998,0.2286,3.1203628900790994,5.167645040188956,31.130897478280634,-0.009087439546363818,-0.004170946268038916,-0.004916493278324902,246783.55
143798,AFRINSURE,2021-03-23,0.2,0.2,0.0,2026-04-08T03:38:13.396015+00:00,0.0,0.0,-4.761904761904756,0.0,0.2,0.22349999999999998,0.2286,3.1203628900790994,5.167645040188956,31.130897478280634,-0.009373966930344396,-0.0035659789216155946,-0.005807988008728802,246696.05
143903,AFRINSURE,2021-03-24,0.2,0.2,0.0,2026-04-08T03:38:15.81449+00:00,0.0,0.0,0.0,0.0,0.2,0.22149999999999997,0.2286,3.1203628900790994,5.167645040188956,31.130897478280634,-0.009491628363031801,-0.002946912283442399,-0.006544716079589402,246196.05
144008,AFRINSURE,2021-03-25,0.21,0.21,1092845.0,2026-04-08T03:38:18.283134+00:00,4.999999999999982,0.0,0.0,-8.333333333333325,0.202,0.22000000000000003,0.22880000000000003,3.3821489613849325,5.21324656328737,42.829609175348864,-0.00867792574347881,-0.0017065677311115255,-0.006971358012367284,300838.3
144113,AFRINSURE,2021-03-26,0.2,0.2,226197.0,2026-04-08T03:38:20.746814+00:00,-4.761904761904756,4.999999999999982,0.0,-9.090909090909083,0.202,0.21800000000000003,0.2288,3.5024707311210013,5.260821127952472,36.20620439605543,-0.008739236503162634,-0.0014143027926362796,-0.007324933710526354,312148.15
144218,AFRINSURE,2021-03-29,0.2,0.2,2510001.0,2026-04-08T03:38:25.159246+00:00,0.0,-4.761904761904756,0.0,4.999999999999982,0.202,0.21600000000000003,0.2284,3.5024707311210013,5.064561282615748,36.20620439605543,-0.00868767955985894,-0.0010901966794660684,-0.007597482880392872,437648.2
144323,AFRINSURE,2021-03-30,0.2,0.2,547450.0,2026-04-08T03:38:27.475529+00:00,0.0,0.0,0.0,-4.761904761904756,0.202,0.21399999999999997,0.22760000000000002,3.5024707311210013,4.889311887632797,36.20620439605543,-0.008548281048041423,-0.0007606385341188404,-0.0077876425139225824,464414.95
144428,AFRINSURE,2021-03-31,0.2,0.2,0.0,2026-04-08T03:38:29.710175+00:00,0.0,0.0,0.0,0.0,0.202,0.21200000000000002,0.22639999999999996,3.5024707311210013,4.730317250299942,36.206204396055426,-0.008341649381540028,-0.0004432054940939553,-0.007898443887446073,464198.3
144533,AFRINSURE,2021-04-01,0.2,0.2,1083100.0,2026-04-08T03:38:32.086622+00:00,0.0,0.0,4.999999999999982,0.0,0.2,0.21000000000000002,0.22560000000000002,3.5024707311210013,4.612367359499435,36.206204396055426,-0.008084696943323394,-0.00014900244470185744,-0.007935694498621537,518353.3
144638,AFRINSURE,2021-04-06,0.2,0.2,300.0,2026-04-08T03:38:38.336109+00:00,0.0,0.0,-4.761904761904756,0.0,0.2,0.20800000000000002,0.22519999999999998,3.5024707311210013,4.4628025232021376,36.20620439605543,-0.007791247631976167,0.0001155574933162963,-0.007906805125292463,518368.3
144743,AFRINSURE,2021-04-07,0.2,0.2,12500.0,2026-04-08T03:38:40.597593+00:00,0.0,0.0,0.0,0.0,0.2,0.20600000000000002,0.2248,3.5024707311210013,4.4628025232021376,36.206204396055426,-0.007472548056054823,0.00034740565539011226,-0.007819953711444935,518668.3
144848,AFRINSURE,2021-04-08,0.2,0.2,807940.0,2026-04-08T03:38:43.050318+00:00,0.0,0.0,0.0,0.0,0.2,0.20400000000000001,0.22399999999999998,3.5024707311210013,4.261668321105929,36.206204396055426,-0.0071376974133124105,0.0005458050385060203,-0.007683502451818431,558990.3
144953,AFRINSURE,2021-04-09,0.2,0.2,0.0,2026-04-08T03:38:45.381101+00:00,0.0,0.0,0.0,0.0,0.2,0.202,0.22279999999999997,3.5024707311210013,4.077110881227916,36.206204396055426,-0.006794008762579018,0.000711594951391531,-0.007505603713970549,558990.3
145058,AFRINSURE,2021-04-12,0.2,0.2,308000.0,2026-04-08T03:38:49.634064+00:00,0.0,0.0,0.0,4.999999999999982,0.2,0.201,0.222,3.028682475247338,3.9407673027828607,36.206204396055426,-0.006447312426390989,0.0008466330300636489,-0.007293945456454638,544365.3
145163,AFRINSURE,2021-04-14,0.2,0.2,0.0,2026-04-08T03:38:53.291299+00:00,0.0,0.0,0.0,-4.761904761904756,0.2,0.201,0.22099999999999997,2.2400673868437804,3.888363314112641,36.20620439605542,-0.006102210596883095,0.0009533878876572342,-0.0070555984845403295,436903.3
145268,AFRINSURE,2021-04-15,0.2,0.2,0.0,2026-04-08T03:38:55.647647+00:00,0.0,0.0,0.0,0.0,0.2,0.20050000000000004,0.22040000000000004,1.9101974449133556,3.7293686903322496,36.20620439605542,-0.005762290809127546,0.0010346461403302268,-0.006796936949457773,401650.8
145373,AFRINSURE,2021-04-16,0.2,0.2,0.0,2026-04-08T03:38:58.039758+00:00,0.0,0.0,0.0,0.0,0.2,0.20050000000000004,0.22,1.5840139302672094,3.68131641078432,36.206204396055426,-0.005430304755368903,0.0010933057552710967,-0.00652361051064,361649.8
145478,AFRINSURE,2021-04-19,0.2,0.2,0.0,2026-04-08T03:39:02.639407+00:00,0.0,0.0,0.0,0.0,0.2,0.20049999999999998,0.22,1.5840139302672094,3.4464000646907293,36.206204396055426,-0.005108317906921289,0.0011322340829749682,-0.006240551989896257,357468.35
145583,AFRINSURE,2021-04-20,0.2,0.2,0.0,2026-04-08T03:39:05.009889+00:00,0.0,0.0,0.0,0.0,0.2,0.20050000000000004,0.21960000000000002,1.5840139302672094,3.1336428890522745,36.20620439605542,-0.004797834559483183,0.0011541739443304598,-0.005952008503813643,357166.65
145688,AFRINSURE,2021-04-21,0.2,0.2,9.0,2026-04-08T03:39:07.371999+00:00,0.0,0.0,0.0,0.0,0.2,0.20049999999999998,0.2188,1.5840139302672094,2.836665866336352,36.206204396055426,-0.004499902198276895,0.0011616850444293985,-0.0056615872427062935,357167.1
145793,AFRINSURE,2021-04-22,0.2,0.2,0.0,2026-04-08T03:39:09.720023+00:00,0.0,0.0,0.0,0.0,0.2,0.20049999999999998,0.218,1.5840139302672094,2.836665866336352,36.20620439605543,-0.004215198471425485,0.0011571110170246462,-0.0053723094884501315,329417.1
145898,AFRINSURE,2021-04-26,0.2,0.2,200000.0,2026-04-08T03:39:15.36746+00:00,0.0,0.0,0.0,0.0,0.2,0.20050000000000004,0.21719999999999998,1.5840139302672094,2.836665866336352,36.206204396055426,-0.003944103546155292,0.0011425647538358718,-0.005086668299991164,339417.1
146003,AFRINSURE,2021-04-27,0.2,0.2,0.0,2026-04-08T03:39:17.695414+00:00,0.0,0.0,0.0,0.0,0.2,0.20049999999999998,0.21639999999999998,1.5840139302672094,2.836665866336352,36.20620439605543,-0.003686760188223892,0.001119926489413817,-0.004806686677637709,339417.1
146108,AFRINSURE,2021-04-28,0.2,0.2,0.0,2026-04-08T03:39:20.620007+00:00,0.0,0.0,0.0,0.0,0.2,0.2,0.21600000000000003,1.0647942749998993,2.590605006510644,36.20620439605543,-0.0034431235381269243,0.0010908505116086278,-0.004533974049735552,284774.85
146213,AFRINSURE,2021-04-29,0.2,0.2,315.0,2026-04-08T03:39:22.905871+00:00,0.0,0.0,0.0,0.0,0.2,0.2,0.2152,0.0,2.2209384722102805,36.20620439605543,-0.003213002247730412,0.0010567774416041127,-0.004269779689334525,273480.75
146318,AFRINSURE,2021-04-30,0.2,0.2,3271000.0,2026-04-08T03:39:25.430976+00:00,0.0,0.0,0.0,0.0,0.2,0.2,0.2144,0.0,2.2209384722102805,36.206204396055426,-0.0029960923792120286,0.0010189498480979971,-0.004015042227310026,311530.7
146423,AFRINSURE,2021-05-04,0.2,0.2,402500.0,2026-04-08T03:39:31.322792+00:00,0.0,0.0,0.0,0.0,0.2,0.2,0.21359999999999998,0.0,2.2209384722102805,36.206204396055426,-0.0027920052471339385,0.00097842958414087,-0.0037704348312748086,304283.2
146528,AFRINSURE,2021-05-05,0.2,0.2,500.0,2026-04-08T03:39:33.759587+00:00,0.0,0.0,0.0,0.0,0.2,0.2,0.2128,0.0,2.2209384722102805,36.20620439605543,-0.0026002901978176562,0.0009361157067657219,-0.003536405904583378,304308.2
146633,AFRINSURE,2021-05-06,0.2,0.2,0.0,2026-04-08T03:39:36.246061+00:00,0.0,0.0,0.0,0.0,0.2,0.2,0.212,0.0,2.2209384722102805,36.20620439605543,-0.0024204531626232095,0.0008927621935681351,-0.0033132153561913446,250153.2
146738,AFRINSURE,2021-05-07,0.2,0.2,61686.0,2026-04-08T03:39:38.47254+00:00,0.0,0.0,0.0,0.0,0.2,0.2,0.2112,0.0,2.2209384722102805,36.20620439605543,-0.0022519716887515195,0.0008489949339518603,-0.00310096662270338,253222.5
146843,AFRINSURE,2021-05-10,0.2,0.2,0.0,2026-04-08T03:39:42.886326+00:00,0.0,0.0,0.0,0.0,0.2,0.2,0.21040000000000003,0.0,2.2209384722102805,36.206204396055426,-0.002094307038980253,0.0008053276669785017,-0.002899634705958755,252597.5
146948,AFRINSURE,2021-05-11,0.2,0.2,5000.0,2026-04-08T03:39:45.288668+00:00,0.0,0.0,0.0,0.0,0.2,0.2,0.2096,0.0,2.2209384722102805,36.206204396055426,-0.0019469138570912814,0.0007621766790939788,-0.00270909053618526,212450.5
147053,AFRINSURE,2021-05-14,0.2,0.2,0.0,2026-04-08T03:39:49.859206+00:00,0.0,0.0,0.0,0.0,0.2,0.2,0.2088,0.0,2.2209384722102805,36.206204396055426,-0.0018092478159293934,0.0007198741762046933,-0.0025291219921340868,212450.5
147158,AFRINSURE,2021-05-17,0.2,0.2,500000.0,2026-04-08T03:39:54.343913+00:00,0.0,0.0,0.0,0.0,0.2,0.2,0.20800000000000002,0.0,2.2209384722102805,36.206204396055426,-0.001680771597743519,0.0006786803155124544,-0.0023594519132559733,222050.5
147263,AFRINSURE,2021-05-18,0.2,0.2,0.0,2026-04-08T03:39:57.092526+00:00,0.0,0.0,0.0,0.0,0.2,0.2,0.2072,0.0,2.2209384722102805,36.206204396055426,-0.0015609594997603726,0.0006387939307964806,-0.0021997534305568532,222050.5
147368,AFRINSURE,2021-05-19,0.2,0.2,30000.0,2026-04-08T03:39:59.433321+00:00,0.0,0.0,0.0,0.0,0.2,0.2,0.2064,0.0,2.2209384722102805,36.20620439605543,-0.0014493009101751442,0.0006003620163053673,-0.0020496629264805115,223550.5
147473,AFRINSURE,2021-05-20,0.2,0.2,5000.0,2026-04-08T03:40:01.906518+00:00,0.0,0.0,0.0,0.0,0.2,0.2,0.20559999999999998,0.0,2.2209384722102805,36.206204396055426,-0.001345302859529468,0.000563488053560835,-0.001908790913090303,223800.5
147578,AFRINSURE,2021-05-21,0.2,0.2,0.0,2026-04-08T03:40:04.221824+00:00,0.0,0.0,0.0,0.0,0.2,0.2,0.20480000000000004,0.0,2.2209384722102805,36.206204396055426,-0.0012484918186016214,0.0005282392755909455,-0.0017767310941925669,223800.5
147683,AFRINSURE,2021-05-24,0.2,0.2,100600.0,2026-04-08T03:40:08.535937+00:00,0.0,0.0,0.0,0.0,0.2,0.2,0.20400000000000001,0.0,2.2209384722102805,36.206204396055426,-0.0011584148854689447,0.0004946529669788977,-0.0016530678524478424,228830.5
147788,AFRINSURE,2021-05-25,0.2,0.2,53800.0,2026-04-08T03:40:10.790359+00:00,0.0,0.0,0.0,0.0,0.2,0.2,0.2032,0.0,2.2209384722102805,36.206204396055426,-0.001074640480473621,0.0004627418975793774,-0.0015373823780529983,231520.05
147893,AFRINSURE,2021-05-26,0.2,0.2,0.0,2026-04-08T03:40:13.088105+00:00,0.0,0.0,0.0,0.0,0.2,0.2,0.20240000000000002,0.0,2.2209384722102805,36.206204396055426,-0.0009967586477225843,0.0004324989842643314,-0.0014292576319869157,231520.05
147998,AFRINSURE,2021-05-27,0.2,0.2,5460.0,2026-04-08T03:40:15.774564+00:00,0.0,0.0,0.0,0.0,0.2,0.2,0.2016,0.0,2.2209384722102805,36.206204396055426,-0.0009243810448809342,0.00040390126968478527,-0.0013282823145657195,221793.05
148103,AFRINSURE,2021-05-28,0.2,0.2,5000.0,2026-04-08T03:40:18.222614+00:00,0.0,0.0,0.0,0.0,0.2,0.2,0.2008,0.0,2.2209384722102805,36.206204396055426,-0.0008571406888667199,0.0003769133005591999,-0.0012340539894259198,222043.05
148208,AFRINSURE,2021-05-31,0.2,0.2,5410.0,2026-04-08T03:40:23.651574+00:00,0.0,0.0,0.0,0.0,0.2,0.2,0.20040000000000002,0.0,1.8979679492673556,36.206204396055426,-0.0007946915131989973,0.00035148998098153794,-0.0011461814941805353,222313.55
148313,AFRINSURE,2021-06-01,0.2,0.2,0.0,2026-04-08T03:40:26.050454+00:00,0.0,0.0,0.0,0.0,0.2,0.2,0.2004,0.0,1.3949393869906181,36.20620439605543,-0.000736707782824586,0.0003275789690847595,-0.0010642867519093456,222297.8
148418,AFRINSURE,2021-06-02,0.2,0.2,5000.0,2026-04-08T03:40:28.576306+00:00,0.0,0.0,0.0,0.0,0.2,0.2,0.20020000000000004,0.0,1.194734851215597,36.20620439605544,-0.0006828834039520337,0.0003051226783658495,-0.0009880060823178832,58997.8
148523,AFRINSURE,2021-06-03,0.2,0.2,0.0,2026-04-08T03:40:31.001459+00:00,0.0,0.0,0.0,0.0,0.2,0.2,0.2002,0.0,0.9863828289239377,36.20620439605543,-0.0006329311594912013,0.0002840599382613456,-0.0009169910977525469,38872.8
148628,AFRINSURE,2021-06-04,0.2,0.2,0.0,2026-04-08T03:40:33.442796+00:00,0.0,0.0,0.0,0.0,0.2,0.2,0.20020000000000004,0.0,0.9863828289239377,36.20620439605544,-0.000586581894919419,0.00026432736226650224,-0.0008509092571859213,38847.8
148733,AFRINSURE,2021-06-07,0.2,0.2,501000.0,2026-04-08T03:40:37.732645+00:00,0.0,0.0,0.0,0.0,0.2,0.2,0.2002,0.0,0.9863828289239377,36.20620439605543,-0.0005435836745863176,0.00024586046607968297,-0.0007894441406660006,63897.8
148838,AFRINSURE,2021-06-08,0.2,0.2,0.0,2026-04-08T03:40:40.102423+00:00,0.0,0.0,0.0,0.0,0.2,0.2,0.2002,0.0,0.9863828289239377,36.20620439605544,-0.0005037009244725221,0.00022859457295478283,-0.000732295497427305,60813.5
148943,AFRINSURE,2021-06-09,0.2,0.2,0.0,2026-04-08T03:40:42.486352+00:00,0.0,0.0,0.0,0.0,0.2,0.2,0.20020000000000004,0.0,0.9863828289239377,36.20620439605543,-0.00046671357410443814,0.00021246553865829354,-0.0006791791127627317,60813.5
149048,AFRINSURE,2021-06-10,0.2,0.2,0.0,2026-04-08T03:40:45.029393+00:00,0.0,0.0,0.0,0.0,0.2,0.2,0.2002,0.0,0.9863828289239377,36.20620439605543,-0.00043241620758693866,0.00019741032414063444,-0.0006298265317275731,60563.5
149153,AFRINSURE,2021-06-11,0.2,0.2,9000.0,2026-04-08T03:40:47.465669+00:00,0.0,0.0,0.0,0.0,0.2,0.2,0.20020000000000004,0.0,0.9863828289239377,36.20620439605544,-0.0004006172314540146,0.00018336744021884676,-0.0005839846716728614,61013.5
149258,AFRINSURE,2021-06-15,0.2,0.2,5500.0,2026-04-08T03:40:53.415974+00:00,0.0,0.0,0.0,0.0,0.2,0.2,0.2,0.0,0.6734350297014818,36.20620439605543,-0.000371138065179466,0.0001702772851947163,-0.0005414153503741823,36288.5
149363,AFRINSURE,2021-06-16,0.2,0.2,0.0,2026-04-08T03:40:55.754681+00:00,0.0,0.0,0.0,0.0,0.2,0.2,0.2,0.0,0.0,36.20620439605543,-0.00034381235866601245,0.0001580823933665359,-0.0005018947520325483,36288.5
149469,AFRINSURE,2021-06-17,0.2,0.2,7500.0,2026-04-08T03:40:58.172345+00:00,0.0,0.0,0.0,0.0,0.2,0.2,0.2,0.0,0.0,36.20620439605544,-0.0003184852397889182,0.00014672760979490417,-0.00046521284958382235,35163.5
149575,AFRINSURE,2021-06-18,0.2,0.2,1500.0,2026-04-08T03:41:00.479054+00:00,0.0,0.0,0.0,0.0,0.2,0.2,0.2,0.0,0.0,36.20620439605543,-0.0002950125940613946,0.0001361602044179423,-0.00043117279847933686,34988.5
149681,AFRINSURE,2021-06-21,0.2,0.2,0.0,2026-04-08T03:41:05.049703+00:00,0.0,0.0,0.0,0.0,0.2,0.2,0.2,0.0,0.0,36.20620439605543,-0.00027326037767588796,0.00012632993664275912,-0.0003995903143186471,34988.5
149788,AFRINSURE,2021-06-22,0.2,0.2,3500.0,2026-04-08T03:41:07.444448+00:00,0.0,0.0,0.0,0.0,0.2,0.2,0.2,0.0,0.0,36.20620439605543,-0.00025310396452282724,0.00011718907983665586,-0.0003702930443594831,30133.5
149895,AFRINSURE,2021-06-23,0.2,0.2,0.0,2026-04-08T03:41:09.819069+00:00,0.0,0.0,0.0,0.0,0.2,0.2,0.2,0.0,0.0,36.20620439605543,-0.00023442752727162453,0.0001086924136702869,-0.00034311994094191143,27443.5
150002,AFRINSURE,2021-06-24,0.2,0.2,1840.0,2026-04-08T03:41:12.2583+00:00,0.0,0.0,0.0,0.0,0.2,0.2,0.2,0.0,0.0,36.20620439605544,-0.00021712345219135343,0.00010079719100044643,-0.00031792064319179986,27535.5
150109,AFRINSURE,2021-06-25,0.2,0.2,0.0,2026-04-08T03:41:14.6351+00:00,0.0,0.0,0.0,0.0,0.2,0.2,0.2,0.0,0.0,36.20620439605544,-0.00020109178707500286,9.346308489343767e-05,-0.0002945548719684405,27262.5
150216,AFRINSURE,2021-06-28,0.2,0.2,0.0,2026-04-08T03:41:19.428749+00:00,0.0,0.0,0.0,0.0,0.2,0.2,0.2,0.0,0.0,36.20620439605543,-0.00018623972139039657,8.665212046243516e-05,-0.00027289184185283174,27012.5
150323,AFRINSURE,2021-06-29,0.2,0.2,0.0,2026-04-08T03:41:22.147646+00:00,0.0,0.0,0.0,0.0,0.2,0.2,0.2,0.0,0.0,36.20620439605543,-0.00017248109760456543,8.032859539861307e-05,-0.0002528096930031785,26742.0
150430,AFRINSURE,2021-06-30,0.2,0.2,0.0,2026-04-08T03:41:24.723581+00:00,0.0,0.0,0.0,0.0,0.2,0.2,0.2,0.0,0.0,36.20620439605543,-0.0001597359525005171,7.445899240212915e-05,-0.00023419494490264624,26742.0
150537,AFRINSURE,2021-07-01,0.2,0.2,300000.0,2026-04-08T03:41:27.253573+00:00,0.0,0.0,0.0,0.0,0.2,0.2,0.2,0.0,0.0,36.20620439605543,-0.00014793008721955547,6.901188614647264e-05,-0.00021694197336602811,41492.0
150644,AFRINSURE,2021-07-02,0.2,0.2,0.0,2026-04-08T03:41:29.882533+00:00,0.0,0.0,0.0,0.0,0.2,0.2,0.2,0.0,0.0,36.20620439605543,-0.00013699466470917798,6.395784692548012e-05,-0.0002009525116346581,41492.0
150751,AFRINSURE,2021-07-05,0.2,0.2,0.0,2026-04-08T03:41:34.454391+00:00,0.0,0.0,0.0,0.0,0.2,0.2,0.2,0.0,0.0,36.206204396055426,-0.00012686583323001654,5.9269342723713265e-05,-0.0001861351759537298,41492.0
150858,AFRINSURE,2021-07-06,0.2,0.2,0.0,2026-04-08T03:41:36.982623+00:00,0.0,0.0,0.0,0.0,0.2,0.2,0.2,0.0,0.0,36.20620439605543,-0.0001174843745699039,5.492064110706072e-05,-0.00017240501567696462,16442.0
150965,AFRINSURE,2021-07-07,0.2,0.2,0.0,2026-04-08T03:41:39.307643+00:00,0.0,0.0,0.0,0.0,0.2,0.2,0.2,0.0,0.0,36.20620439605543,-0.00010879537562458186,5.0887712041906206e-05,-0.00015968308766648806,16442.0
151072,AFRINSURE,2021-07-08,0.2,0.2,0.0,2026-04-08T03:41:41.672436+00:00,0.0,0.0,0.0,0.0,0.2,0.2,0.2,0.0,0.0,36.206204396055426,-0.00010074792202782734,4.714813251092861e-05,-0.00014789605453875595,16442.0
151180,AFRINSURE,2021-07-09,0.2,0.2,0.0,2026-04-08T03:41:44.186247+00:00,0.0,0.0,0.0,0.0,0.2,0.2,0.2,0.0,0.0,36.206204396055426,-9.329481254857774e-05,4.368099359214258e-05,-0.00013697580614072032,16442.0
151288,AFRINSURE,2021-07-12,0.2,0.2,0.0,2026-04-08T03:41:48.615121+00:00,0.0,0.0,0.0,0.0,0.2,0.2,0.2,0.0,0.0,36.206204396055426,-8.639229301299345e-05,4.04668105021815e-05,-0.00012685910351517495,15992.0
151396,AFRINSURE,2021-07-13,0.2,0.2,0.0,2026-04-08T03:41:50.993586+00:00,0.0,0.0,0.0,0.0,0.2,0.2,0.2,0.0,0.0,36.206204396055426,-7.999980855619149e-05,3.7487435967186765e-05,-0.00011748724452337825,15717.0
151504,AFRINSURE,2021-07-14,0.2,0.2,0.0,2026-04-08T03:41:53.268+00:00,0.0,0.0,0.0,0.0,0.2,0.2,0.2,0.0,0.0,36.206204396055426,-7.407977305803892e-05,3.4725977172271475e-05,-0.0001088057502303104,15717.0
151612,AFRINSURE,2021-07-15,0.2,0.2,0.0,2026-04-08T03:41:55.50175+00:00,0.0,0.0,0.0,0.0,0.2,0.2,0.2,0.0,0.0,36.206204396055426,-6.859735466993588e-05,3.2166716448299616e-05,-0.0001007640711182355,15342.0
151720,AFRINSURE,2021-07-16,0.2,0.2,0.0,2026-04-08T03:41:57.978751+00:00,0.0,0.0,0.0,0.0,0.2,0.2,0.2,0.0,0.0,36.20620439605542,-6.35202763924203e-05,2.9795035780652172e-05,-9.331531217307248e-05,15267.0
151828,AFRINSURE,2021-07-19,0.2,0.2,0.0,2026-04-08T03:42:02.439681+00:00,0.0,0.0,0.0,0.0,0.2,0.2,0.2,0.0,0.0,36.20620439605543,-5.8818630717522025e-05,2.7597345164440365e-05,-8.641597588196239e-05,15267.0
151936,AFRINSURE,2021-07-22,0.2,0.2,0.0,2026-04-08T03:42:06.938387+00:00,0.0,0.0,0.0,0.0,0.2,0.2,0.2,0.0,0.0,36.20620439605543,-5.4464707402807067e-05,2.5561014783324258e-05,-8.002572218613132e-05,15092.0
152044,AFRINSURE,2021-07-23,0.2,0.2,0.0,2026-04-08T03:42:09.224536+00:00,0.0,0.0,0.0,0.0,0.2,0.2,0.2,0.0,0.0,36.206204396055426,-5.043283349639993e-05,2.3674310951785117e-05,-7.410714444818505e-05,15092.0
152152,AFRINSURE,2021-07-26,0.2,0.2,0.0,2026-04-08T03:42:13.888963+00:00,0.0,0.0,0.0,0.0,0.2,0.2,0.2,0.0,0.0,36.206204396055426,-4.669922478342525e-05,2.192633573180784e-05,-6.862556051523309e-05,15000.0
152260,AFRINSURE,2021-07-27,0.2,0.2,0.0,2026-04-08T03:42:16.300026+00:00,0.0,0.0,0.0,0.0,0.2,0.2,0.2,0.0,0.0,36.206204396055426,-4.324184787402041e-05,2.0306970112970145e-05,-6.354881798699056e-05,15000.0
152368,AFRINSURE,2021-07-28,0.2,0.2,0.0,2026-04-08T03:42:18.733972+00:00,0.0,0.0,0.0,0.0,0.2,0.2,0.2,0.0,0.0,36.20620439605543,-4.004029220000538e-05,1.8806820629588144e-05,-5.884711282959352e-05,15000.0
152476,AFRINSURE,2021-07-29,0.2,0.2,0.0,2026-04-08T03:42:21.196071+00:00,0.0,0.0,0.0,0.0,0.2,0.2,0.2,0.0,0.0,36.206204396055426,-3.707565123373113e-05,1.7417169276689914e-05,-5.449282051042105e-05,15000.0
152584,AFRINSURE,2021-07-30,0.2,0.2,0.0,2026-04-08T03:42:23.780537+00:00,0.0,0.0,0.0,0.0,0.2,0.2,0.2,0.0,0.0,36.206204396055426,-3.4330412285982215e-05,1.612992657955107e-05,-5.0460338865533285e-05,15000.0
152692,AFRINSURE,2021-08-02,0.2,0.2,0.0,2026-04-08T03:42:28.457705+00:00,0.0,0.0,0.0,0.0,0.2,0.2,0.2,0.0,0.0,36.206204396055426,-3.178835428091498e-05,1.4937587667694648e-05,-4.6725941948609624e-05,0.0
152800,AFRINSURE,2021-08-03,0.2,0.2,0.0,2026-04-08T03:42:31.094462+00:00,0.0,0.0,0.0,0.0,0.2,0.2,0.2,0.0,0.0,36.20620439605542,-2.9434452946119904e-05,1.3833191201991781e-05,-4.3267644148111686e-05,0.0
152908,AFRINSURE,2021-08-04,0.2,0.2,0.0,2026-04-08T03:42:33.531563+00:00,0.0,0.0,0.0,0.0,0.2,0.2,0.2,0.0,0.0,36.206204396055426,-2.725479289242272e-05,1.2810281004551172e-05,-4.006507389697389e-05,0.0
153016,AFRINSURE,2021-08-05,0.2,0.2,0.0,2026-04-08T03:42:35.917081+00:00,0.0,0.0,0.0,0.0,0.2,0.2,0.2,0.0,0.0,36.206204396055426,-2.5236486093732635e-05,1.186287024259301e-05,-3.7099356336325645e-05,0.0
153124,AFRINSURE,2021-08-06,0.2,0.2,0.0,2026-04-08T03:42:38.23616+00:00,0.0,0.0,0.0,0.0,0.2,0.2,0.2,0.0,0.0,36.20620439605542,-2.3367596310219785e-05,1.0985408020884688e-05,-3.435300433110447e-05,0.0
153232,AFRINSURE,2021-08-09,0.2,0.2,0.0,2026-04-08T03:42:42.878342+00:00,0.0,0.0,0.0,0.0,0.2,0.2,0.2,0.0,0.0,36.206204396055426,-2.163706902899576e-05,1.017274824168697e-05,-3.180981727068273e-05,0.0
153340,AFRINSURE,2021-08-10,0.2,0.2,0.0,2026-04-08T03:42:45.264053+00:00,0.0,0.0,0.0,0.0,0.2,0.2,0.2,0.0,0.0,36.206204396055426,-2.003466652628072e-05,9.420120595521607e-06,-2.9454787121802327e-05,0.0
153448,AFRINSURE,2021-08-12,0.2,0.2,0.0,2026-04-08T03:42:48.762656+00:00,0.0,0.0,0.0,0.0,0.2,0.2,0.2,0.0,0.0,36.206204396055426,-1.8550907681963436e-05,8.723103551871116e-06,-2.727401123383455e-05,0.0
153556,AFRINSURE,2021-08-13,0.2,0.2,0.0,2026-04-08T03:42:51.120096+00:00,0.0,0.0,0.0,0.0,0.2,0.2,0.2,0.0,0.0,36.206204396055426,-1.7177012203606346e-05,8.077599224182566e-06,-2.5254611427788912e-05,0.0
153664,AFRINSURE,2021-08-16,0.2,0.2,0.0,2026-04-08T03:42:55.556429+00:00,0.0,0.0,0.0,0.0,0.2,0.2,0.2,0.0,0.0,36.206204396055426,-1.590484894045674e-05,7.4798099898657385e-06,-2.3384658930322478e-05,0.0
153772,AFRINSURE,2021-08-17,0.2,0.2,0.0,2026-04-08T03:42:57.870214+00:00,0.0,0.0,0.0,0.0,0.2,0.2,0.2,0.0,0.0,36.206204396055426,-1.4726887991367565e-05,6.926216751163931e-06,-2.1653104742531496e-05,0.0
153880,AFRINSURE,2021-08-18,0.2,0.2,0.0,2026-04-08T03:43:00.318272+00:00,0.0,0.0,0.0,0.0,0.2,0.2,0.2,0.0,0.0,36.206204396055426,-1.3636156330487648e-05,6.4135587296350795e-06,-2.0049715060122727e-05,0.0
153988,AFRINSURE,2021-08-19,0.2,0.2,0.0,2026-04-08T03:43:02.743698+00:00,0.0,0.0,0.0,0.0,0.2,0.2,0.2,0.0,0.0,36.206204396055426,-1.262619669498144e-05,5.93881469211303e-06,-1.856501138709447e-05,0.0
154096,AFRINSURE,2021-08-20,0.2,0.2,0.0,2026-04-08T03:43:05.111187+00:00,0.0,0.0,0.0,0.0,0.2,0.2,0.2,0.0,0.0,36.206204396055426,-1.1691029496857519e-05,5.499185512189563e-06,-1.7190215009047082e-05,0.0
154204,AFRINSURE,2021-08-23,0.2,0.2,0.0,2026-04-08T03:43:09.725908+00:00,0.0,0.0,0.0,0.0,0.2,0.2,0.2,0.0,0.0,36.206204396055426,-1.0825117538248996e-05,5.09207797663847e-06,-1.5917195514887466e-05,0.0
154312,AFRINSURE,2021-08-24,0.2,0.2,0.0,2026-04-08T03:43:12.031989+00:00,0.0,0.0,0.0,0.0,0.2,0.2,0.2,0.0,0.0,36.206204396055426,-1.0023333325226425e-05,4.7150897517288335e-06,-1.4738423076955258e-05,0.0
154420,AFRINSURE,2021-08-25,0.2,0.2,0.0,2026-04-08T03:43:14.375004+00:00,0.0,0.0,0.0,0.0,0.2,0.2,0.2,0.0,0.0,36.206204396055426,-9.28092878993425e-06,4.3659954296168065e-06,-1.3646924219551057e-05,0.0
154528,AFRINSURE,2021-08-26,0.2,0.2,0.0,2026-04-08T03:43:16.860503+00:00,0.0,0.0,0.0,0.0,0.2,0.2,0.2,0.0,0.0,36.206204396055426,-8.59350724474739e-06,4.042733579842936e-06,-1.2636240824590325e-05,0.0
154636,AFRINSURE,2021-08-27,0.2,0.2,0.0,2026-04-08T03:43:19.247601+00:00,0.0,0.0,0.0,0.0,0.2,0.2,0.2,0.0,0.0,36.206204396055426,-7.956997404551247e-06,3.7433947360312623e-06,-1.170039214058251e-05,0.0
154744,AFRINSURE,2021-08-30,0.2,0.2,0.0,2026-04-08T03:43:23.756871+00:00,0.0,0.0,0.0,0.0,0.2,0.2,0.2,0.0,0.0,36.20620439605542,-7.367629325710778e-06,3.4662102518973865e-06,-1.0833839577608165e-05,0.0
154852,AFRINSURE,2021-08-31,0.2,0.2,0.0,2026-04-08T03:43:26.203018+00:00,0.0,0.0,0.0,0.0,0.2,0.2,0.2,0.0,0.0,36.206204396055426,-6.821912120646978e-06,3.2095419655689495e-06,-1.0031454086215927e-05,0.0
154960,AFRINSURE,2021-09-01,0.2,0.2,0.0,2026-04-08T03:43:28.430514+00:00,0.0,0.0,0.0,0.0,0.2,0.2,0.2,0.0,0.0,36.206204396055426,-6.316613317569608e-06,2.9718726149170557e-06,-9.288485932486664e-06,0.0
155068,AFRINSURE,2021-09-02,0.2,0.2,0.0,2026-04-08T03:43:30.63423+00:00,0.0,0.0,0.0,0.0,0.2,0.2,0.2,0.0,0.0,36.206204396055426,-5.84873974460165e-06,2.7517969503080106e-06,-8.60053669490966e-06,0.0
155176,AFRINSURE,2021-09-03,0.2,0.2,0.0,2026-04-08T03:43:33.173741+00:00,0.0,0.0,0.0,0.0,0.2,0.2,0.2,0.0,0.0,36.20620439605543,-5.415519825663351e-06,2.5480134953970487e-06,-7.9635333210604e-06,0.0
155284,AFRINSURE,2021-09-06,0.2,0.2,0.0,2026-04-08T03:43:37.566628+00:00,0.0,0.0,0.0,0.0,0.2,0.2,0.2,0.0,0.0,36.20620439605543,-5.014387184615332e-06,2.3593169091560546e-06,-7.373704093771387e-06,0.0
155392,AFRINSURE,2021-09-07,0.2,0.2,0.0,2026-04-08T03:43:39.870652+00:00,0.0,0.0,0.0,0.0,0.2,0.2,0.2,0.0,0.0,36.20620439605543,-4.642965460877058e-06,2.184590906315464e-06,-6.8275563671925216e-06,0.0
155500,AFRINSURE,2021-09-08,0.2,0.2,0.0,2026-04-08T03:43:42.125577+00:00,0.0,0.0,0.0,0.0,0.2,0.2,0.2,0.0,0.0,36.206204396055426,-4.299054247591805e-06,2.0228016956805734e-06,-6.321855943272378e-06,0.0
155608,AFRINSURE,2021-09-09,0.2,0.2,0.0,2026-04-08T03:43:44.739177+00:00,0.0,0.0,0.0,0.0,0.2,0.2,0.2,0.0,0.0,36.206204396055426,-3.980616069099163e-06,1.8729918993385727e-06,-5.853607968437736e-06,0.0
155716,AFRINSURE,2021-09-10,0.2,0.2,0.0,2026-04-08T03:43:47.339386+00:00,0.0,0.0,0.0,0.0,0.2,0.2,0.2,0.0,0.0,36.20620439605542,-3.685764321609275e-06,1.7342749174627689e-06,-5.420039239072044e-06,0.0
155824,AFRINSURE,2021-09-13,0.2,0.2,0.0,2026-04-08T03:43:51.822078+00:00,0.0,0.0,0.0,0.0,0.2,0.2,0.2,0.0,0.0,36.206204396055426,-3.412752105524941e-06,1.6058297068376825e-06,-5.0185818123626235e-06,0.0
155932,AFRINSURE,2021-09-14,0.2,0.2,0.0,2026-04-08T03:43:54.260371+00:00,0.0,0.0,0.0,0.0,0.2,0.2,0.2,0.0,0.0,36.206204396055426,-3.1599618837696575e-06,1.4868959428743735e-06,-4.646857826644031e-06,0.0
156040,AFRINSURE,2021-09-15,0.2,0.2,0.0,2026-04-08T03:43:56.896801+00:00,0.0,0.0,0.0,0.0,0.2,0.2,0.2,0.0,0.0,36.20620439605542,-2.925895905059317e-06,1.3767695372677717e-06,-4.302665442327089e-06,0.0
156148,AFRINSURE,2021-09-16,0.2,0.2,0.0,2026-04-08T03:43:59.227477+00:00,0.0,0.0,0.0,0.0,0.2,0.2,0.2,0.0,0.0,36.20620439605542,-2.709167335940288e-06,1.2747984851094404e-06,-3.983965821049728e-06,0.0
156256,AFRINSURE,2021-09-20,0.2,0.2,0.0,2026-04-08T03:44:04.993721+00:00,0.0,0.0,0.0,0.0,0.2,0.2,0.2,0.0,0.0,36.20620439605542,-2.508492048636235e-06,1.180379017930795e-06,-3.68887106656703e-06,0.0
156364,AFRINSURE,2021-09-21,0.2,0.2,0.0,2026-04-08T03:44:07.727357+00:00,0.0,0.0,0.0,0.0,0.2,0.2,0.2,0.0,0.0,36.20620439605542,-2.3226810167142897e-06,1.0929520398821922e-06,-3.415633056596482e-06,0.0
156472,AFRINSURE,2021-09-22,0.2,0.2,0.0,2026-04-08T03:44:10.239254+00:00,0.0,0.0,0.0,0.0,0.2,0.2,0.2,0.0,0.0,36.20620439605542,-2.150633273551028e-06,1.0119998264363632e-06,-3.1626330999873913e-06,0.0
156580,AFRINSURE,2021-09-23,0.2,0.2,0.0,2026-04-08T03:44:12.661605+00:00,0.0,0.0,0.0,0.0,0.2,0.2,0.2,0.0,0.0,36.20620439605542,-1.9913293918816244e-06,9.370429664846137e-07,-2.928372358366238e-06,0.0
156688,AFRINSURE,2021-09-24,0.2,0.2,0.0,2026-04-08T03:44:15.34542+00:00,0.0,0.0,0.0,0.0,0.2,0.2,0.2,0.0,0.0,36.20620439605542,-1.8438254459351988e-06,8.676375299448314e-07,-2.7114629758800302e-06,0.0
156796,AFRINSURE,2021-09-27,0.2,0.2,0.0,2026-04-08T03:44:19.850483+00:00,0.0,0.0,0.0,0.0,0.2,0.2,0.2,0.0,0.0,36.20620439605541,-1.7072474205181987e-06,8.033724442894652e-07,-2.510619864807664e-06,0.0
156904,AFRINSURE,2021-09-28,0.2,0.2,0.0,2026-04-08T03:44:22.678655+00:00,0.0,0.0,0.0,0.0,0.2,0.2,0.2,0.0,0.0,36.20620439605542,-1.5807860339889235e-06,7.438670646549925e-07,-2.324653098643916e-06,0.0
157012,AFRINSURE,2021-09-29,0.2,0.2,0.0,2026-04-08T03:44:25.133662+00:00,0.0,0.0,0.0,0.0,0.2,0.2,0.2,0.0,0.0,36.20620439605541,-1.4636919444532825e-06,6.887689233525068e-07,-2.1524608678057894e-06,0.0
157120,AFRINSURE,2021-09-30,0.2,0.2,0.0,2026-04-08T03:44:27.471646+00:00,0.0,0.0,0.0,0.0,0.2,0.2,0.2,0.0,0.0,36.20620439605542,-1.3552713108433423e-06,6.377516455699578e-07,-1.9930229564133e-06,0.0
157228,AFRINSURE,2021-10-04,0.2,0.2,0.0,2026-04-08T03:44:32.876267+00:00,0.0,0.0,0.0,0.0,0.2,0.2,0.2,0.0,0.0,36.20620439605542,-1.2548816826774e-06,5.905130189887201e-07,-1.8453947016661201e-06,0.0
157336,AFRINSURE,2021-10-05,0.2,0.2,0.0,2026-04-08T03:44:35.445743+00:00,0.0,0.0,0.0,0.0,0.2,0.2,0.2,0.0,0.0,36.20620439605542,-1.161928194132189e-06,5.467732060271451e-07,-1.7087014001593341e-06,0.0
157444,AFRINSURE,2021-10-06,0.2,0.2,0.0,2026-04-08T03:44:37.876116+00:00,0.0,0.0,0.0,0.0,0.2,0.2,0.2,0.0,0.0,36.20620439605542,-1.0758600399174423e-06,5.062730881935137e-07,-1.582133128110956e-06,0.0
157552,AFRINSURE,2021-10-07,0.2,0.2,0.0,2026-04-08T03:44:40.206594+00:00,0.0,0.0,0.0,0.0,0.2,0.2,0.2,0.0,0.0,36.20620439605542,-9.96167212080623e-07,4.6877273282426623e-07,-1.4649399449048893e-06,0.0
157660,AFRINSURE,2021-10-08,0.2,0.2,5600.0,2026-04-08T03:44:42.63936+00:00,0.0,0.0,0.0,0.0,0.2,0.2,0.2,0.0,0.0,36.20620439605542,-9.223774784516969e-07,4.34049973162554e-07,-1.356427451614251e-06,280.0
157768,AFRINSURE,2021-10-11,0.2,0.2,2504.0,2026-04-08T03:44:47.21782+00:00,0.0,0.0,0.0,0.0,0.2,0.2,0.2,0.0,0.0,36.20620439605542,-8.540535848533537e-07,4.0189909340871787e-07,-1.2559526782620716e-06,405.2
157876,AFRINSURE,2021-10-12,0.2,0.2,0.0,2026-04-08T03:44:49.55017+00:00,0.0,0.0,0.0,0.0,0.2,0.2,0.2,0.0,0.0,36.20620439605542,-7.907906643955798e-07,3.721296110931935e-07,-1.1629202754887732e-06,405.2
157984,AFRINSURE,2021-10-13,0.2,0.2,0.0,2026-04-08T03:44:52.157785+00:00,0.0,0.0,0.0,0.0,0.2,0.2,0.2,0.0,0.0,36.20620439605542,-7.322138387833022e-07,3.44565149364377e-07,-1.0767789881476792e-06,405.2
158092,AFRINSURE,2021-10-14,0.2,0.2,0.0,2026-04-08T03:44:54.53471+00:00,0.0,0.0,0.0,0.0,0.2,0.2,0.2,0.0,0.0,36.20620439605542,-6.779759972042054e-07,3.1904239275477907e-07,-9.970183899589845e-07,405.2
158200,AFRINSURE,2021-10-15,0.2,0.2,2505000.0,2026-04-08T03:44:56.91657+00:00,0.0,0.0,0.0,0.0,0.2,0.2,0.2,0.0,0.0,36.20620439605542,-6.277557395850675e-07,2.9541012029913364e-07,-9.231658598842011e-07,125655.2
158309,AFRINSURE,2021-10-18,0.2,0.2,4847999.0,2026-04-08T03:45:01.595863+00:00,0.0,0.0,0.0,0.0,0.2,0.2,0.2,0.0,0.0,36.20620439605542,-5.812554723372276e-07,2.7352831003757883e-07,-8.547837823748065e-07,368055.15
158418,AFRINSURE,2021-10-20,0.2,0.2,600000.0,2026-04-08T03:45:05.471144+00:00,0.0,0.0,0.0,0.0,0.2,0.2,0.2,0.0,0.0,36.20620439605542,-5.381996450171123e-07,2.5326730988615546e-07,-7.914669549032677e-07,398055.15
158527,AFRINSURE,2021-10-21,0.2,0.2,0.0,2026-04-08T03:45:08.008029+00:00,0.0,0.0,0.0,0.0,0.2,0.2,0.2,0.0,0.0,36.20620439605542,-4.983331177155215e-07,2.3450706975019703e-07,-7.328401874657185e-07,398055.15
158634,AFRINSURE,2021-10-22,0.2,0.2,200.0,2026-04-08T03:45:10.474564+00:00,0.0,0.0,0.0,0.0,0.2,0.2,0.2,0.0,0.0,36.206204396055426,-4.61419649100403e-07,2.1713643069225252e-07,-6.785560797926555e-07,398065.15
158743,AFRINSURE,2021-10-25,0.2,0.2,0.0,2026-04-08T03:45:15.28358+00:00,0.0,0.0,0.0,0.0,0.2,0.2,0.2,0.0,0.0,36.20620439605542,-4.272404967864407e-07,2.0105246640497187e-07,-6.282929631914126e-07,398065.15
158852,AFRINSURE,2021-10-26,0.2,0.2,0.0,2026-04-08T03:45:17.74539+00:00,0.0,0.0,0.0,0.0,0.2,0.2,0.2,0.0,0.0,36.20620439605542,-3.9559312106640654e-07,1.861598737000049e-07,-5.817529947664114e-07,398065.15
158961,AFRINSURE,2021-10-27,0.2,0.2,0.0,2026-04-08T03:45:20.303823+00:00,0.0,0.0,0.0,0.0,0.2,0.2,0.2,0.0,0.0,36.20620439605542,-3.662899848710932e-07,1.7237040791625454e-07,-5.386603927873477e-07,398065.15
159070,AFRINSURE,2021-10-28,0.2,0.2,0.0,2026-04-08T03:45:22.610226+00:00,0.0,0.0,0.0,0.0,0.2,0.2,0.2,0.0,0.0,36.20620439605541,-3.3915744240831103e-07,1.5960236030322934e-07,-4.987598027115404e-07,398065.15
159179,AFRINSURE,2021-10-29,0.2,0.2,78887.0,2026-04-08T03:45:25.013779+00:00,0.0,0.0,0.0,0.0,0.2,0.2,0.2,0.0,0.0,36.20620439605541,-3.140347103747221e-07,1.4778007386945461e-07,-4.618147842441767e-07,402009.5
159288,AFRINSURE,2021-11-01,0.2,0.2,119510.0,2026-04-08T03:45:29.747778+00:00,0.0,0.0,0.0,0.0,0.2,0.2,0.2,0.0,0.0,36.20620439605541,-2.907729150791738e-07,1.3683349533200236e-07,-4.2760641041117616e-07,407985.0
159397,AFRINSURE,2021-11-02,0.2,0.2,5101.0,2026-04-08T03:45:32.292585+00:00,0.0,0.0,0.0,0.0,0.2,0.2,0.2,0.0,0.0,36.20620439605541,-2.692342103149947e-07,1.2669776007694513e-07,-3.9593197039193985e-07,408240.05
159506,AFRINSURE,2021-11-03,0.2,0.2,1510000.0,2026-04-08T03:45:34.604091+00:00,0.0,0.0,0.0,0.0,0.2,0.2,0.2,0.0,0.0,36.206204396055405,-2.4929096062442646e-07,1.1731280781401073e-07,-3.666037684384372e-07,483740.05
159615,AFRINSURE,2021-11-04,0.2,0.2,0.0,2026-04-08T03:45:37.086301+00:00,0.0,0.0,0.0,0.0,0.2,0.2,0.2,0.0,0.0,36.206204396055405,-2.3082498479265467e-07,1.0862302691662602e-07,-3.394480117092807e-07,483740.05
159724,AFRINSURE,2021-11-05,0.2,0.2,50001.0,2026-04-08T03:45:39.522081+00:00,0.0,0.0,0.0,0.0,0.2,0.2,0.2,0.0,0.0,36.206204396055405,-2.1372685576892536e-07,1.0057692475228424e-07,-3.143037805212096e-07,486240.1
159833,AFRINSURE,2021-11-08,0.2,0.2,0.0,2026-04-08T03:45:44.061968+00:00,0.0,0.0,0.0,0.0,0.2,0.2,0.2,0.0,0.0,36.206204396055405,-1.9789525204649827e-07,9.312682277976906e-08,-2.910220748262673e-07,485960.1
159942,AFRINSURE,2021-11-10,0.2,0.2,1000.0,2026-04-08T03:45:47.530577+00:00,0.0,0.0,0.0,0.0,0.2,0.2,0.2,0.0,0.0,36.206204396055405,-1.832363573650575e-07,8.62285739689679e-08,-2.694649313340254e-07,485884.9
160051,AFRINSURE,2021-11-11,0.2,0.2,3000.0,2026-04-08T03:45:49.990111+00:00,0.0,0.0,0.0,0.0,0.2,0.2,0.2,0.0,0.0,36.20620439605541,-1.696633047665319e-07,7.984130125399481e-08,-2.495046060205267e-07,486034.9
160160,AFRINSURE,2021-11-12,0.2,0.2,0.0,2026-04-08T03:45:52.531373+00:00,0.0,0.0,0.0,0.0,0.2,0.2,0.2,0.0,0.0,36.20620439605541,-1.570956617846786e-07,7.392715538867849e-08,-2.3102281717335709e-07,486034.9
160269,AFRINSURE,2021-11-15,0.2,0.2,1000.0,2026-04-08T03:45:57.041913+00:00,0.0,0.0,0.0,0.0,0.2,0.2,0.2,0.0,0.0,36.206204396055405,-1.4545895390960517e-07,6.845109061100154e-08,-2.1391004452060671e-07,486084.9
160378,AFRINSURE,2021-11-17,0.2,0.2,0.0,2026-04-08T03:46:00.536124+00:00,0.0,0.0,0.0,0.0,0.2,0.2,0.2,0.0,0.0,36.20620439605541,-1.3468422319085072e-07,6.338065706380482e-08,-1.9806488025465554e-07,360834.9
160487,AFRINSURE,2021-11-18,0.2,0.2,0.0,2026-04-08T03:46:03.012698+00:00,0.0,0.0,0.0,0.0,0.2,0.2,0.2,0.0,0.0,36.206204396055405,-1.2470761964755717e-07,5.8685808485678705e-08,-1.8339342813323587e-07,118434.95
160596,AFRINSURE,2021-11-19,0.2,0.2,0.0,2026-04-08T03:46:05.423699+00:00,0.0,0.0,0.0,0.0,0.2,0.2,0.2,0.0,0.0,36.206204396055405,-1.1547002293221809e-07,5.433872416081426e-08,-1.6980874709303235e-07,88434.95
160705,AFRINSURE,2021-11-22,0.2,0.2,17250.0,2026-04-08T03:46:10.306395+00:00,0.0,0.0,0.0,0.0,0.2,0.2,0.2,0.0,0.0,36.206204396055405,-1.0691669188878095e-07,5.0313644163401115e-08,-1.5723033605218206e-07,89297.45
160814,AFRINSURE,2021-11-23,0.2,0.2,96486.0,2026-04-08T03:46:12.888041+00:00,0.0,0.0,0.0,0.0,0.2,0.2,0.2,0.0,0.0,36.2062043960554,-9.899694031201278e-08,4.658671659213545e-08,-1.4558365690414823e-07,94111.75
160923,AFRINSURE,2021-11-24,0.2,0.2,17200.0,2026-04-08T03:46:15.261589+00:00,0.0,0.0,0.0,0.0,0.2,0.2,0.2,0.0,0.0,36.206204396055405,-9.166383646563858e-08,4.3135856350807725e-08,-1.347996928164463e-07,94971.75
161032,AFRINSURE,2021-11-25,0.2,0.2,35690.0,2026-04-08T03:46:17.544601+00:00,0.0,0.0,0.0,0.0,0.2,0.2,0.2,0.0,0.0,36.2062043960554,-8.487392508249592e-08,3.9940614187160323e-08,-1.2481453926965624e-07,96756.25
161141,AFRINSURE,2021-11-29,0.2,0.2,5100.0,2026-04-08T03:46:23.244686+00:00,0.0,0.0,0.0,0.0,0.2,0.2,0.2,0.0,0.0,36.20620439605541,-7.858696973728208e-08,3.698205562589935e-08,-1.1556902536318142e-07,97011.25
161250,AFRINSURE,2021-11-30,0.2,0.2,5000.0,2026-04-08T03:46:25.627389+00:00,0.0,0.0,0.0,0.0,0.2,0.2,0.2,0.0,0.0,36.206204396055405,-7.276571445391511e-08,3.4242648727413066e-08,-1.0700836318132818e-07,97261.25
161359,AFRINSURE,2021-12-01,0.2,0.2,2000.0,2026-04-08T03:46:28.190956+00:00,0.0,0.0,0.0,0.0,0.2,0.2,0.2,0.0,0.0,36.206204396055405,-6.737566299319653e-08,3.170616015050532e-08,-9.908182314370185e-08,93416.9
161468,AFRINSURE,2021-12-02,0.2,0.2,2000.0,2026-04-08T03:46:30.651544+00:00,0.0,0.0,0.0,0.0,0.2,0.2,0.2,0.0,0.0,36.206204396055405,-6.238487437748574e-08,2.9357559012972897e-08,-9.174243339045864e-08,87541.4
161577,AFRINSURE,2021-12-03,0.2,0.2,0.0,2026-04-08T03:46:33.124129+00:00,0.0,0.0,0.0,0.0,0.2,0.2,0.2,0.0,0.0,36.20620439605541,-5.776377362542995e-08,2.7182927812022957e-08,-8.49467014374529e-08,87286.35
161686,AFRINSURE,2021-12-06,0.2,0.2,0.0,2026-04-08T03:46:37.622095+00:00,0.0,0.0,0.0,0.0,0.2,0.2,0.2,0.0,0.0,36.206204396055405,-5.34849764755041e-08,2.5169379969559046e-08,-7.865435644506314e-08,11786.35
161795,AFRINSURE,2021-12-07,0.2,0.2,32500.0,2026-04-08T03:46:39.947423+00:00,0.0,0.0,0.0,0.0,0.2,0.2,0.2,0.0,0.0,36.206204396055405,-4.952312709916029e-08,2.3304983476722293e-08,-7.282811057588258e-08,13411.35
161904,AFRINSURE,2021-12-08,0.2,0.2,7350.0,2026-04-08T03:46:42.482337+00:00,0.0,0.0,0.0,0.0,0.2,0.2,0.2,0.0,0.0,36.206204396055405,-4.585474794316369e-08,2.1578690106175128e-08,-6.743343804933882e-08,11278.8
162013,AFRINSURE,2021-12-09,0.2,0.2,8000.0,2026-04-08T03:46:44.852467+00:00,0.0,0.0,0.0,0.0,0.2,0.2,0.2,0.0,0.0,36.206204396055405,-4.245810047986964e-08,1.9980270055575338e-08,-6.243837053544498e-08,11678.8
162122,AFRINSURE,2021-12-10,0.2,0.2,7500.0,2026-04-08T03:46:47.321476+00:00,0.0,0.0,0.0,0.0,0.2,0.2,0.2,0.0,0.0,36.206204396055405,-3.931305644910843e-08,1.8500251269069245e-08,-5.7813307718177675e-08,12003.8
162232,AFRINSURE,2021-12-13,0.2,0.2,5000.0,2026-04-08T03:46:51.775824+00:00,0.0,0.0,0.0,0.0,0.2,0.2,0.2,0.0,0.0,36.20620439605541,-3.640097859247682e-08,1.712986330056069e-08,-5.353084189303751e-08,12103.8
162342,AFRINSURE,2021-12-14,0.2,0.2,0.0,2026-04-08T03:46:54.126877+00:00,0.0,0.0,0.0,0.0,0.2,0.2,0.2,0.0,0.0,36.206204396055405,-3.370461013063597e-08,1.5860985409921235e-08,-4.9565595540557205e-08,12103.8
162452,AFRINSURE,2021-12-15,0.2,0.2,26609.0,2026-04-08T03:46:56.822916+00:00,0.0,0.0,0.0,0.0,0.2,0.2,0.2,0.0,0.0,36.20620439605541,-3.120797262279318e-08,1.4686098334211224e-08,-4.58940709570044e-08,13384.25
162562,AFRINSURE,2021-12-16,0.2,0.2,0.0,2026-04-08T03:46:59.215115+00:00,0.0,0.0,0.0,0.0,0.2,0.2,0.2,0.0,0.0,36.206204396055405,-2.8896271181411137e-08,1.3598239820474613e-08,-4.249451100188575e-08,13384.25
162672,AFRINSURE,2021-12-17,0.2,0.2,5000.0,2026-04-08T03:47:01.752329+00:00,0.0,0.0,0.0,0.0,0.2,0.2,0.2,0.0,0.0,36.206204396055405,-2.6755806847855723e-08,1.2590963323224022e-08,-3.9346770171079745e-08,13634.25
162783,AFRINSURE,2021-12-20,0.2,0.2,20005.0,2026-04-08T03:47:06.293287+00:00,0.0,0.0,0.0,0.0,0.2,0.2,0.2,0.0,0.0,36.20620439605541,-2.477389540733732e-08,1.1658299810993942e-08,-3.643219521833126e-08,14634.5
162894,AFRINSURE,2021-12-21,0.2,0.2,15363.0,2026-04-08T03:47:08.729464+00:00,0.0,0.0,0.0,0.0,0.2,0.2,0.2,0.0,0.0,36.206204396055405,-2.293879219905648e-08,1.0794722415419827e-08,-3.3733514614476306e-08,14540.15
163005,AFRINSURE,2021-12-22,0.2,0.2,0.0,2026-04-08T03:47:11.106283+00:00,0.0,0.0,0.0,0.0,0.2,0.2,0.2,0.0,0.0,36.20620439605541,-2.1239622505220268e-08,9.995113687404828e-09,-3.1234736192625096e-08,9715.85
163116,AFRINSURE,2021-12-23,0.2,0.2,0.0,2026-04-08T03:47:13.420215+00:00,0.0,0.0,0.0,0.0,0.2,0.2,0.2,0.0,0.0,36.206204396055405,-1.9666317241373577e-08,9.254735161001218e-09,-2.8921052402374794e-08,8855.85
163227,AFRINSURE,2021-12-24,0.2,0.2,0.0,2026-04-08T03:47:15.708642+00:00,0.0,0.0,0.0,0.0,0.2,0.2,0.2,0.0,0.0,36.206204396055405,-1.820955308762251e-08,8.569199451801828e-09,-2.6778752539424338e-08,7071.35
163338,AFRINSURE,2021-12-29,0.2,0.2,0.0,2026-04-08T03:47:22.624079+00:00,0.0,0.0,0.0,0.0,0.2,0.2,0.2,0.0,0.0,36.206204396055405,-1.6860697366061217e-08,7.934444138690497e-09,-2.4795141504751714e-08,6816.35
163449,AFRINSURE,2021-12-30,0.2,0.2,100000.0,2026-04-08T03:47:25.019388+00:00,0.0,0.0,0.0,0.0,0.2,0.2,0.2,0.0,0.0,36.206204396055405,-1.5611756859490455e-08,7.3467077162090084e-09,-2.2958464575699464e-08,11566.35
163560,AFRINSURE,2021-12-31,0.2,0.2,0.0,2026-04-08T03:47:27.803632+00:00,0.0,0.0,0.0,0.0,0.2,0.2,0.2,0.0,0.0,36.2062043960554,-1.4455330488161167e-08,6.802507270030639e-09,-2.1257837758191806e-08,11466.35
163671,AFRINSURE,2022-01-04,0.2,0.2,20002.0,2026-04-08T03:47:33.190226+00:00,0.0,0.0,0.0,0.0,0.2,0.2,0.2,0.0,0.0,36.206204396055405,-1.3384565317187125e-08,6.298617952803744e-09,-1.968318326999087e-08,12366.45
163783,AFRINSURE,2022-01-05,0.2,0.2,0.0,2026-04-08T03:47:35.481449+00:00,0.0,0.0,0.0,0.0,0.2,0.2,0.2,0.0,0.0,36.206204396055405,-1.239311608891569e-08,5.832053744860143e-09,-1.8225169833775833e-08,12366.45
163895,AFRINSURE,2022-01-06,0.2,0.2,4000.0,2026-04-08T03:47:38.067383+00:00,0.0,0.0,0.0,0.0,0.2,0.2,0.2,0.0,0.0,36.206204396055405,-1.1475107503100546e-08,5.400049864540233e-09,-1.6875157367640778e-08,12566.45
164007,AFRINSURE,2022-01-07,0.2,0.2,0.0,2026-04-08T03:47:40.483305+00:00,0.0,0.0,0.0,0.0,0.2,0.2,0.2,0.0,0.0,36.206204396055405,-1.0625099577943331e-08,5.0000462317579584e-09,-1.562514580970129e-08,10941.45
164119,AFRINSURE,2022-01-10,0.2,0.2,600.0,2026-04-08T03:47:45.097739+00:00,0.0,0.0,0.0,0.0,0.2,0.2,0.2,0.0,0.0,36.2062043960554,-9.83805517607017e-09,4.629672506904896e-09,-1.4467727682975066e-08,10603.95
164231,AFRINSURE,2022-01-11,0.2,0.2,0.0,2026-04-08T03:47:47.617941+00:00,0.0,0.0,0.0,0.0,0.2,0.2,0.2,0.0,0.0,36.206204396055405,-9.109310361576917e-09,4.2867338571185204e-09,-1.3396044218695437e-08,10203.95
164343,AFRINSURE,2022-01-12,0.2,0.2,0.0,2026-04-08T03:47:50.132225+00:00,0.0,0.0,0.0,0.0,0.2,0.2,0.2,0.0,0.0,36.206204396055405,-8.434546644453533e-09,3.969198059393524e-09,-1.2403744703847058e-08,9828.95
164455,AFRINSURE,2022-01-13,0.2,0.2,1300.0,2026-04-08T03:47:52.673244+00:00,0.0,0.0,0.0,0.0,0.2,0.2,0.2,0.0,0.0,36.206204396055405,-7.809765417698955e-09,3.6751834289184827e-09,-1.1484948846617438e-08,9643.95
164567,AFRINSURE,2022-01-14,0.2,0.2,13900.0,2026-04-08T03:47:55.308832+00:00,0.0,0.0,0.0,0.0,0.2,0.2,0.2,0.0,0.0,36.2062043960554,-7.231264281815086e-09,3.402947651841883e-09,-1.0634211933656969e-08,10338.95
164679,AFRINSURE,2022-01-17,0.2,0.2,10000.0,2026-04-08T03:47:59.999655+00:00,0.0,0.0,0.0,0.0,0.2,0.2,0.2,0.0,0.0,36.206204396055405,-6.6956150901464895e-09,3.150877474808385e-09,-9.846492564954875e-09,9508.5
164791,AFRINSURE,2022-01-18,0.2,0.2,0.0,2026-04-08T03:48:02.353596+00:00,0.0,0.0,0.0,0.0,0.2,0.2,0.2,0.0,0.0,36.2062043960554,-6.199643604043459e-09,2.917479168729133e-09,-9.117122772772592e-09,9508.5
164903,AFRINSURE,2022-01-19,0.2,0.2,0.0,2026-04-08T03:48:04.820784+00:00,0.0,0.0,0.0,0.0,0.2,0.2,0.2,0.0,0.0,36.2062043960554,-5.740410730092904e-09,2.70136963414375e-09,-8.441780364236654e-09,9258.5
165015,AFRINSURE,2022-01-20,0.2,0.2,5000.0,2026-04-08T03:48:07.325935+00:00,0.0,0.0,0.0,0.0,0.2,0.2,0.2,0.0,0.0,36.2062043960554,-5.31519511737244e-09,2.501268197491371e-09,-7.816463314863811e-09,8508.25
165127,AFRINSURE,2022-01-21,0.2,0.2,0.0,2026-04-08T03:48:09.696329+00:00,0.0,0.0,0.0,0.0,0.2,0.2,0.2,0.0,0.0,36.2062043960554,-4.9214769481942255e-09,2.3159890933356694e-09,-7.237466041529895e-09,7740.1
165239,AFRINSURE,2022-01-24,0.2,0.2,200.0,2026-04-08T03:48:14.136661+00:00,0.0,0.0,0.0,0.0,0.2,0.2,0.2,0.0,0.0,36.2062043960554,-4.556923088872011e-09,2.1444343621263077e-09,-6.701357450998319e-09,7750.1
165351,AFRINSURE,2022-01-25,0.2,0.2,5000.0,2026-04-08T03:48:16.50614+00:00,0.0,0.0,0.0,0.0,0.2,0.2,0.2,0.0,0.0,36.2062043960554,-4.2193732119333305e-09,1.9855873912519905e-09,-6.204960603185321e-09,8000.1
165463,AFRINSURE,2022-01-26,0.2,0.2,0.0,2026-04-08T03:48:19.024911+00:00,0.0,0.0,0.0,0.0,0.2,0.2,0.2,0.0,0.0,36.2062043960554,-3.906827028554716e-09,1.8385068597044845e-09,-5.7453338882592e-09,8000.1
165575,AFRINSURE,2022-01-27,0.2,0.2,0.0,2026-04-08T03:48:21.585909+00:00,0.0,0.0,0.0,0.0,0.2,0.2,0.2,0.0,0.0,36.2062043960554,-3.617432436930912e-09,1.7023211610626315e-09,-5.3197535979935434e-09,8000.1
165687,AFRINSURE,2022-01-28,0.2,0.2,5000.0,2026-04-08T03:48:23.969021+00:00,0.0,0.0,0.0,0.0,0.2,0.2,0.2,0.0,0.0,36.206204396055405,-3.3494744755557804e-09,1.5762232979502104e-09,-4.925697773505991e-09,3250.1
165799,AFRINSURE,2022-01-31,0.2,0.2,0.0,2026-04-08T03:48:28.465348+00:00,0.0,0.0,0.0,0.0,0.2,0.2,0.2,0.0,0.0,36.2062043960554,-3.101365247948351e-09,1.459466020446112e-09,-4.560831268394463e-09,3250.1
165911,AFRINSURE,2022-02-01,0.2,0.2,0.0,2026-04-08T03:48:30.807911+00:00,0.0,0.0,0.0,0.0,0.2,0.2,0.2,0.0,0.0,36.20620439605539,-2.871634485757113e-09,1.3513574261098797e-09,-4.222991911866993e-09,2250.0
166023,AFRINSURE,2022-02-02,0.2,0.2,1.0,2026-04-08T03:48:33.305516+00:00,0.0,0.0,0.0,0.0,0.2,0.2,0.2,0.0,0.0,36.2062043960554,-2.658920805753695e-09,1.2512568848906386e-09,-3.910177690644334e-09,2250.05
166135,AFRINSURE,2022-02-03,0.2,0.2,0.0,2026-04-08T03:48:35.918914+00:00,0.0,0.0,0.0,0.0,0.2,0.2,0.2,0.0,0.0,36.20620439605539,-2.4619636884715135e-09,1.1585712017382564e-09,-3.62053489020977e-09,2050.05
166247,AFRINSURE,2022-02-04,0.2,0.2,1.0,2026-04-08T03:48:38.317721+00:00,0.0,0.0,0.0,0.0,0.2,0.2,0.2,0.0,0.0,36.2062043960554,-2.2795959842003555e-09,1.0727511248075316e-09,-3.352347109007887e-09,2050.1
166359,AFRINSURE,2022-02-07,0.2,0.2,0.0,2026-04-08T03:48:42.904693+00:00,0.0,0.0,0.0,0.0,0.2,0.2,0.2,0.0,0.0,36.20620439605539,-2.110737001848051e-09,9.93288085727869e-10,-3.10402508757592e-09,2020.1
166471,AFRINSURE,2022-02-08,0.2,0.2,0.0,2026-04-08T03:48:45.378139+00:00,0.0,0.0,0.0,0.0,0.2,0.2,0.2,0.0,0.0,36.2062043960554,-1.954386097402505e-09,9.197111921387318e-10,-2.874097289541237e-09,2020.1
166583,AFRINSURE,2022-02-09,0.2,0.2,40000.0,2026-04-08T03:48:48.035665+00:00,0.0,0.0,0.0,0.0,0.2,0.2,0.2,0.0,0.0,36.2062043960554,-1.8096167342385172e-09,8.515844442421759e-10,-2.661201178480693e-09,4020.1
166695,AFRINSURE,2022-02-10,0.2,0.2,43500.0,2026-04-08T03:48:50.398564+00:00,0.0,0.0,0.0,0.0,0.2,0.2,0.2,0.0,0.0,36.2062043960554,-1.6755710430249593e-09,7.885041083645872e-10,-2.4640751513895465e-09,6130.1
166807,AFRINSURE,2022-02-11,0.2,0.2,578500.0,2026-04-08T03:48:52.774016+00:00,0.0,0.0,0.0,0.0,0.2,0.2,0.2,0.0,0.0,36.2062043960554,-1.551454659187712e-09,7.300963937614678e-10,-2.28155105294918e-09,34360.1
166919,AFRINSURE,2022-02-14,0.2,0.2,519000.0,2026-04-08T03:48:57.293433+00:00,0.0,0.0,0.0,0.0,0.2,0.2,0.2,0.0,0.0,36.20620439605539,-1.436532087728537e-09,6.760151721765141e-10,-2.112547259905051e-09,59810.1
167031,AFRINSURE,2022-02-15,0.2,0.2,62900.0,2026-04-08T03:48:59.662493+00:00,0.0,0.0,0.0,0.0,0.2,0.2,0.2,0.0,0.0,36.2062043960554,-1.3301222900885534e-09,6.259399758531983e-10,-1.9560622659417518e-09,62955.1
167143,AFRINSURE,2022-02-16,0.2,0.2,72500.0,2026-04-08T03:49:02.003783+00:00,0.0,0.0,0.0,0.0,0.2,0.2,0.2,0.0,0.0,36.2062043960554,-1.2315947151009254e-09,5.795740406726613e-10,-1.8111687557735868e-09,66580.1
167255,AFRINSURE,2022-02-17,0.2,0.2,15200.0,2026-04-08T03:49:04.32656+00:00,0.0,0.0,0.0,0.0,0.2,0.2,0.2,0.0,0.0,36.206204396055405,-1.140365468721427e-09,5.366426296417279e-10,-1.677008098363155e-09,67090.1
167367,AFRINSURE,2022-02-18,0.2,0.2,5000.0,2026-04-08T03:49:06.711382+00:00,0.0,0.0,0.0,0.0,0.2,0.2,0.2,0.0,0.0,36.206204396055405,-1.0558939556037927e-09,4.968913142074899e-10,-1.5527852698112827e-09,67340.1
167479,AFRINSURE,2022-02-21,0.2,0.2,1000.0,2026-04-08T03:49:10.978464+00:00,0.0,0.0,0.0,0.0,0.2,0.2,0.2,0.0,0.0,36.206204396055405,-9.77679576186219e-10,4.60084554900051e-10,-1.43776413108627e-09,67380.1
167591,AFRINSURE,2022-02-22,0.2,0.2,0.0,2026-04-08T03:49:13.528869+00:00,0.0,0.0,0.0,0.0,0.2,0.2,0.2,0.0,0.0,36.2062043960554,-9.052588678670759e-10,4.260042105753553e-10,-1.3312630784424312e-09,67130.1
167703,AFRINSURE,2022-02-23,0.2,0.2,0.0,2026-04-08T03:49:15.914345+00:00,0.0,0.0,0.0,0.0,0.2,0.2,0.2,0.0,0.0,36.2062043960554,-8.382026461806191e-10,3.944483458094498e-10,-1.232650991990069e-09,67130.1
167815,AFRINSURE,2022-02-24,0.2,0.2,30000.0,2026-04-08T03:49:18.676795+00:00,0.0,0.0,0.0,0.0,0.2,0.2,0.2,0.0,0.0,36.206204396055405,-7.761135623063353e-10,3.6522994374698686e-10,-1.1413435060533222e-09,68630.1
167927,AFRINSURE,2022-02-25,0.2,0.2,0.0,2026-04-08T03:49:21.264729+00:00,0.0,0.0,0.0,0.0,0.2,0.2,0.2,0.0,0.0,36.2062043960554,-7.186236605782881e-10,3.381758763800273e-10,-1.0567995369583154e-09,68380.1
168039,AFRINSURE,2022-02-28,0.2,0.2,5000.0,2026-04-08T03:49:25.620712+00:00,0.0,0.0,0.0,0.0,0.2,0.2,0.2,0.0,0.0,36.2062043960554,-6.653922690613712e-10,3.131258143175553e-10,-9.785180833789265e-10,68630.1
168151,AFRINSURE,2022-03-01,0.2,0.2,6800.0,2026-04-08T03:49:28.049171+00:00,0.0,0.0,0.0,0.0,0.2,0.2,0.2,0.0,0.0,36.206204396055405,-6.16103945638713e-10,2.899313101921709e-10,-9.060352558308839e-10,68970.1
168263,AFRINSURE,2022-03-02,0.2,0.2,0.0,2026-04-08T03:49:30.283109+00:00,0.0,0.0,0.0,0.0,0.2,0.2,0.2,0.0,0.0,36.2062043960554,-5.704666183881102e-10,2.6845490995421896e-10,-8.389215283423291e-10,68970.05
168375,AFRINSURE,2022-03-03,0.2,0.2,1700.0,2026-04-08T03:49:32.551227+00:00,0.0,0.0,0.0,0.0,0.2,0.2,0.2,0.0,0.0,36.2062043960554,-5.282098092251886e-10,2.485693752937125e-10,-7.767791845189011e-10,69055.05
168487,AFRINSURE,2022-03-04,0.2,0.2,265222.0,2026-04-08T03:49:34.968546+00:00,0.0,0.0,0.0,0.0,0.2,0.2,0.2,0.0,0.0,36.2062043960554,-4.890831351023195e-10,2.3015683953326535e-10,-7.192399746355848e-10,82316.1
168599,AFRINSURE,2022-03-07,0.2,0.2,16000.0,2026-04-08T03:49:39.227432+00:00,0.0,0.0,0.0,0.0,0.2,0.2,0.2,0.0,0.0,36.2062043960554,-4.528547536963856e-10,2.1310817675135946e-10,-6.659629304477451e-10,83116.1
168711,AFRINSURE,2022-03-08,0.2,0.2,0.0,2026-04-08T03:49:41.475537+00:00,0.0,0.0,0.0,0.0,0.2,0.2,0.2,0.0,0.0,36.206204396055405,-4.1930994787442444e-10,1.9732238605865653e-10,-6.16632333933081e-10,83116.1
168823,AFRINSURE,2022-03-09,0.2,0.2,342495.0,2026-04-08T03:49:43.759827+00:00,0.0,0.0,0.0,0.0,0.2,0.2,0.2,0.0,0.0,36.2062043960554,-3.882499322038768e-10,1.8270592138336342e-10,-5.709558535872402e-10,98240.85
168935,AFRINSURE,2022-03-10,0.2,0.2,0.0,2026-04-08T03:49:46.077826+00:00,0.0,0.0,0.0,0.0,0.2,0.2,0.2,0.0,0.0,36.2062043960554,-3.5949065946283554e-10,1.6917215529952379e-10,-5.286628147623593e-10,96065.85
169047,AFRINSURE,2022-03-11,0.2,0.2,5000.0,2026-04-08T03:49:48.438529+00:00,0.0,0.0,0.0,0.0,0.2,0.2,0.2,0.0,0.0,36.2062043960554,-3.328617104170206e-10,1.5664088347627096e-10,-4.895025938932916e-10,67390.85
169159,AFRINSURE,2022-03-14,0.2,0.2,15550.0,2026-04-08T03:49:53.114563+00:00,0.0,0.0,0.0,0.0,0.2,0.2,0.2,0.0,0.0,36.2062043960554,-3.082052668634816e-10,1.45037861623848e-10,-4.532431284873296e-10,42218.35
169271,AFRINSURE,2022-03-15,0.2,0.2,7250.0,2026-04-08T03:49:55.533531+00:00,0.0,0.0,0.0,0.0,0.2,0.2,0.2,0.0,0.0,36.2062043960554,-2.853752234521778e-10,1.342943240281215e-10,-4.196695474802993e-10,39435.85
169383,AFRINSURE,2022-03-16,0.2,0.2,5100.0,2026-04-08T03:49:57.903122+00:00,0.0,0.0,0.0,0.0,0.2,0.2,0.2,0.0,0.0,36.206204396055405,-2.6423629950755867e-10,1.243465983781925e-10,-3.885828978857512e-10,36065.85
169495,AFRINSURE,2022-03-17,0.2,0.2,0.0,2026-04-08T03:50:00.211329+00:00,0.0,0.0,0.0,0.0,0.2,0.2,0.2,0.0,0.0,36.2062043960554,-2.4466323411687085e-10,1.1513573101510429e-10,-3.5979896513197515e-10,35305.85
169607,AFRINSURE,2022-03-18,0.2,0.2,4050.0,2026-04-08T03:50:02.865266+00:00,0.0,0.0,0.0,0.0,0.2,0.2,0.2,0.0,0.0,36.2062043960554,-2.2654000897404103e-10,1.0660716492634731e-10,-3.3314717390038834e-10,35258.35
169719,AFRINSURE,2022-03-21,0.2,0.2,1050000.0,2026-04-08T03:50:07.476142+00:00,0.0,0.0,0.0,0.0,0.2,0.2,0.2,0.0,0.0,36.2062043960554,-2.0975926551258794e-10,9.871032671024034e-11,-3.084695922228283e-10,87708.35
169831,AFRINSURE,2022-03-24,0.2,0.2,50.0,2026-04-08T03:50:12.041871+00:00,0.0,0.0,0.0,0.0,0.2,0.2,0.2,0.0,0.0,36.206204396055405,-1.9422152774950519e-10,9.139845157865847e-11,-2.8561997932816365e-10,87710.85
169943,AFRINSURE,2022-03-25,0.2,0.2,10000.0,2026-04-08T03:50:14.507747+00:00,0.0,0.0,0.0,0.0,0.2,0.2,0.2,0.0,0.0,36.206204396055405,-1.798347304404757e-10,8.462819911015037e-11,-2.644629295506261e-10,88210.85
170055,AFRINSURE,2022-03-28,0.2,0.2,4000.0,2026-04-08T03:50:18.995306+00:00,0.0,0.0,0.0,0.0,0.2,0.2,0.2,0.0,0.0,36.206204396055405,-1.6651363621278392e-10,7.83594346702737e-11,-2.448730708830576e-10,86910.85
170167,AFRINSURE,2022-03-29,0.2,0.2,0.0,2026-04-08T03:50:21.48252+00:00,0.0,0.0,0.0,0.0,0.2,0.2,0.2,0.0,0.0,36.206204396055405,-1.5417928045380336e-10,7.255503234340342e-11,-2.2673431279720678e-10,86910.85
170279,AFRINSURE,2022-03-31,0.2,0.2,0.0,2026-04-08T03:50:25.686443+00:00,0.0,0.0,0.0,0.0,0.2,0.2,0.2,0.0,0.0,36.2062043960554,-1.4275858273293807e-10,6.718058405141498e-11,-2.0993916678435305e-10,86660.85
170391,AFRINSURE,2022-04-01,0.2,0.2,0.0,2026-04-08T03:50:28.209626+00:00,0.0,0.0,0.0,0.0,0.2,0.2,0.2,0.0,0.0,36.206204396055405,-1.3218387495683714e-10,6.220423346201275e-11,-1.943881084188499e-10,86320.85
170503,AFRINSURE,2022-04-04,0.2,0.2,82300.0,2026-04-08T03:50:32.692631+00:00,0.0,0.0,0.0,0.0,0.2,0.2,0.2,0.0,0.0,36.20620439605541,-1.2239245728018489e-10,5.7596520910932024e-11,-1.799889781911169e-10,90435.85
170615,AFRINSURE,2022-04-05,0.2,0.2,2500.0,2026-04-08T03:50:35.152392+00:00,0.0,0.0,0.0,0.0,0.2,0.2,0.2,0.0,0.0,36.206204396055405,-1.1332634830552024e-10,5.3330103908477345e-11,-1.6665645221399759e-10,90475.85
170727,AFRINSURE,2022-04-06,0.2,0.2,0.0,2026-04-08T03:50:37.478667+00:00,0.0,0.0,0.0,0.0,0.2,0.2,0.2,0.0,0.0,36.206204396055405,-1.0493178548287574e-10,4.937973338489749e-11,-1.5431151886777323e-10,77214.75
170839,AFRINSURE,2022-04-07,0.2,0.2,1500.0,2026-04-08T03:50:39.880974+00:00,0.0,0.0,0.0,0.0,0.2,0.2,0.2,0.0,0.0,36.206204396055405,-9.715905857632379e-11,4.572196823315954e-11,-1.4288102680948333e-10,76489.75
170951,AFRINSURE,2022-04-08,0.2,0.2,139950.0,2026-04-08T03:50:42.48638+00:00,0.0,0.0,0.0,0.0,0.2,0.2,0.2,0.0,0.0,36.206204396055405,-8.996209333034244e-11,4.2335146783312726e-11,-1.3229724011365517e-10,83487.25
171063,AFRINSURE,2022-04-11,0.2,0.2,65575.0,2026-04-08T03:50:47.197044+00:00,0.0,0.0,0.0,0.0,0.2,0.2,0.2,0.0,0.0,36.206204396055405,-8.329822942521048e-11,3.919920855075576e-11,-1.2249743797596624e-10,69641.25
171175,AFRINSURE,2022-04-12,0.2,0.2,235448.0,2026-04-08T03:50:49.473284+00:00,0.0,0.0,0.0,0.0,0.2,0.2,0.2,0.0,0.0,36.206204396055405,-7.712797067682686e-11,3.6295573839311504e-11,-1.1342354451613837e-10,81413.65
171287,AFRINSURE,2022-04-13,0.2,0.2,0.0,2026-04-08T03:50:51.878986+00:00,0.0,0.0,0.0,0.0,0.2,0.2,0.2,0.0,0.0,36.206204396055405,-7.141479074768142e-11,3.360700301476557e-11,-1.0502179376244699e-10,81163.65
171399,AFRINSURE,2022-04-14,0.2,0.2,26656229.0,2026-04-08T03:50:54.439705+00:00,0.0,0.0,0.0,0.0,0.2,0.2,0.2,0.0,0.0,36.206204396055405,-6.612480007994748e-11,3.1117594945999613e-11,-9.724239502594709e-11,1413197.6
171511,AFRINSURE,2022-04-19,0.2,0.2,1316094.0,2026-04-08T03:51:01.439974+00:00,0.0,0.0,0.0,0.0,0.2,0.2,0.2,0.0,0.0,36.2062043960554,-6.122666262875498e-11,2.88125859177537e-11,-9.003924854650868e-11,1478639.8
171623,AFRINSURE,2022-04-20,0.2,0.2,995.0,2026-04-08T03:51:03.698116+00:00,0.0,0.0,0.0,0.0,0.2,0.2,0.2,0.0,0.0,36.206204396055405,-5.6691346062009984e-11,2.6678321987598966e-11,-8.336966804960895e-11,1478434.55
171735,AFRINSURE,2022-04-21,0.2,0.2,0.0,2026-04-08T03:51:06.083072+00:00,0.0,0.0,0.0,0.0,0.2,0.2,0.2,0.0,0.0,36.2062043960554,-5.249198298251656e-11,2.4702148053673916e-11,-7.719413103619048e-11,1478434.55
171847,AFRINSURE,2022-04-22,0.2,0.2,316314.0,2026-04-08T03:51:08.393199+00:00,0.0,0.0,0.0,0.0,0.2,0.2,0.2,0.0,0.0,36.206204396055405,-4.860367663894749e-11,2.2872363517794392e-11,-7.147604015674188e-11,1494047.75
171959,AFRINSURE,2022-04-25,0.2,0.2,10000.0,2026-04-08T03:51:12.880327+00:00,0.0,0.0,0.0,0.0,0.2,0.2,0.2,0.0,0.0,36.206204396055405,-4.50033899035418e-11,2.1178120202560065e-11,-6.618151010610187e-11,1442047.75
172071,AFRINSURE,2022-04-26,0.2,0.2,1530.0,2026-04-08T03:51:15.284155+00:00,0.0,0.0,0.0,0.0,0.2,0.2,0.2,0.0,0.0,36.206204396055405,-4.166980649422669e-11,1.9609362889500145e-11,-6.127916938372684e-11,1442121.75
172183,AFRINSURE,2022-04-27,0.2,0.2,18000.0,2026-04-08T03:51:17.680395+00:00,0.0,0.0,0.0,0.0,0.2,0.2,0.2,0.0,0.0,36.206204396055405,-3.8583136685588215e-11,1.8156826158510903e-11,-5.673996284409912e-11,1442521.75
172295,AFRINSURE,2022-04-28,0.2,0.2,0.0,2026-04-08T03:51:20.413235+00:00,0.0,0.0,0.0,0.0,0.2,0.2,0.2,0.0,0.0,36.2062043960554,-3.572511730887129e-11,1.6811876428182265e-11,-5.2536993737053556e-11,1442321.75
172407,AFRINSURE,2022-04-29,0.2,0.2,0.0,2026-04-08T03:51:22.882631+00:00,0.0,0.0,0.0,0.0,0.2,0.2,0.2,0.0,0.0,36.206204396055405,-3.307878970737477e-11,1.5566563223743035e-11,-4.86453529311178e-11,1442321.75
172519,AFRINSURE,2022-05-04,0.2,0.2,500.0,2026-04-08T03:51:29.674847+00:00,0.0,0.0,0.0,0.0,0.2,0.2,0.2,0.0,0.0,36.206204396055405,-3.062849973645143e-11,1.4413482555733099e-11,-4.504198229218453e-11,1442346.75
172631,AFRINSURE,2022-05-05,0.2,0.2,780.0,2026-04-08T03:51:32.050072+00:00,0.0,0.0,0.0,0.0,0.2,0.2,0.2,0.0,0.0,36.2062043960554,-2.8359703474478692e-11,1.3345823054164669e-11,-4.170552652864336e-11,1442385.75
172744,AFRINSURE,2022-05-09,0.2,0.2,0.0,2026-04-08T03:51:37.853933+00:00,0.0,0.0,0.0,0.0,0.2,0.2,0.2,0.0,0.0,36.2062043960554,-2.6258967222858587e-11,1.235724744462782e-11,-3.8616214667486406e-11,1438270.75
172857,AFRINSURE,2022-05-10,0.2,0.2,325.0,2026-04-08T03:51:40.332012+00:00,0.0,0.0,0.0,0.0,0.2,0.2,0.2,0.0,0.0,36.20620439605539,-2.4313856483715313e-11,1.1441886547016876e-11,-3.575574303073219e-11,1438162.0
172970,AFRINSURE,2022-05-11,0.2,0.2,7000.0,2026-04-08T03:51:42.74313+00:00,0.0,0.0,0.0,0.0,0.2,0.2,0.2,0.0,0.0,36.2062043960554,-2.2512824937592768e-11,1.0594334474511538e-11,-3.3107159412104306e-11,1438512.0
173083,AFRINSURE,2022-05-12,0.2,0.2,0.0,2026-04-08T03:51:45.11326+00:00,0.0,0.0,0.0,0.0,0.2,0.2,0.2,0.0,0.0,36.2062043960554,-2.0845186687878936e-11,9.809578179380299e-12,-3.0654764867259235e-11,1438437.0
173196,AFRINSURE,2022-05-13,0.2,0.2,51400.0,2026-04-08T03:51:47.585464+00:00,0.0,0.0,0.0,0.0,0.2,0.2,0.2,0.0,0.0,36.2062043960554,-1.9301088505230268e-11,9.082941089623175e-12,-2.8384029594853443e-11,1434009.5
173309,AFRINSURE,2022-05-16,0.2,0.2,504313.0,2026-04-08T03:51:52.042574+00:00,0.0,0.0,0.0,0.0,0.2,0.2,0.2,0.0,0.0,36.20620439605539,-1.7871371049693607e-11,8.410126836127871e-12,-2.628149788582148e-11,1455946.4
173422,AFRINSURE,2022-05-17,0.2,0.2,464491.0,2026-04-08T03:51:54.492158+00:00,0.0,0.0,0.0,0.0,0.2,0.2,0.2,0.0,0.0,36.206204396055384,-1.6547568870706186e-11,7.787143212092235e-12,-2.433471208279842e-11,1467398.55
173535,AFRINSURE,2022-05-18,0.2,0.2,217.0,2026-04-08T03:51:57.297116+00:00,0.0,0.0,0.0,0.0,0.2,0.2,0.2,0.0,0.0,36.20620439605539,-1.5321799384793167e-11,7.210330158404205e-12,-2.2532129543197372e-11,1467409.4
173648,AFRINSURE,2022-05-19,0.2,0.2,4.0,2026-04-08T03:51:59.624655+00:00,0.0,0.0,0.0,0.0,0.2,0.2,0.2,0.0,0.0,36.2062043960554,-1.4186846142294485e-11,6.676226720722312e-12,-2.0863072863016796e-11,134598.15
173761,AFRINSURE,2022-05-20,0.2,0.2,9.0,2026-04-08T03:52:02.40298+00:00,0.0,0.0,0.0,0.0,0.2,0.2,0.2,0.0,0.0,36.20620439605539,-1.3135964538335543e-11,6.181686659745003e-12,-1.9317651198080546e-11,68793.9
173874,AFRINSURE,2022-05-23,0.2,0.2,1068.0,2026-04-08T03:52:07.648814+00:00,0.0,0.0,0.0,0.0,0.2,0.2,0.2,0.0,0.0,36.2062043960554,-1.2162909568402824e-11,5.723793303742178e-12,-1.7886702872145002e-11,68797.55
173987,AFRINSURE,2022-05-24,0.2,0.2,0.0,2026-04-08T03:52:10.277037+00:00,0.0,0.0,0.0,0.0,0.2,0.2,0.2,0.0,0.0,36.20620439605539,-1.1261935828343894e-11,5.299813635040889e-12,-1.6561749463384783e-11,68797.55
174100,AFRINSURE,2022-05-25,0.2,0.2,1000.0,2026-04-08T03:52:13.066486+00:00,0.0,0.0,0.0,0.0,0.2,0.2,0.2,0.0,0.0,36.206204396055384,-1.0427714247640552e-11,4.907228172595385e-12,-1.5334942420235937e-11,53031.85
174213,AFRINSURE,2022-05-26,0.2,0.2,0.0,2026-04-08T03:52:15.508934+00:00,0.0,0.0,0.0,0.0,0.2,0.2,0.2,0.0,0.0,36.206204396055384,-9.655276578257599e-12,4.54373267358267e-12,-1.4199009251840269e-11,52531.85
174326,AFRINSURE,2022-05-27,0.2,0.2,823.0,2026-04-08T03:52:18.156913+00:00,0.0,0.0,0.0,0.0,0.2,0.2,0.2,0.0,0.0,36.20620439605539,-8.940070905794073e-12,4.207150676836956e-12,-1.314722158263103e-11,52496.5
174439,AFRINSURE,2022-05-30,0.2,0.2,0.0,2026-04-08T03:52:22.656757+00:00,0.0,0.0,0.0,0.0,0.2,0.2,0.2,0.0,0.0,36.20620439605539,-8.277822871605167e-12,3.895518968820691e-12,-1.2173341840425858e-11,51596.5
174552,AFRINSURE,2022-05-31,0.2,0.2,0.0,2026-04-08T03:52:25.114026+00:00,0.0,0.0,0.0,0.0,0.2,0.2,0.2,0.0,0.0,36.206204396055384,-7.664646695104693e-12,3.606956116256931e-12,-1.1271602811361624e-11,51596.5
174665,AFRINSURE,2022-06-01,0.2,0.2,0.0,2026-04-08T03:52:27.834682+00:00,0.0,0.0,0.0,0.0,0.2,0.2,0.2,0.0,0.0,36.20620439605539,-7.096878640311388e-12,3.33977933684019e-12,-1.0436657977151578e-11,51596.5
174778,AFRINSURE,2022-06-02,0.2,0.2,1600.0,2026-04-08T03:52:30.493727+00:00,0.0,0.0,0.0,0.0,0.2,0.2,0.2,0.0,0.0,36.20620439605539,-6.571160282575761e-12,3.0923981556606544e-12,-9.663558438236415e-12,51651.5
174891,AFRINSURE,2022-06-03,0.2,0.2,0.0,2026-04-08T03:52:33.10221+00:00,0.0,0.0,0.0,0.0,0.2,0.2,0.2,0.0,0.0,36.20620439605539,-6.084410753004477e-12,2.8633181481855516e-12,-8.947728901190028e-12,51612.5
175004,AFRINSURE,2022-06-06,0.2,0.2,986048.0,2026-04-08T03:52:37.969718+00:00,0.0,0.0,0.0,0.0,0.2,0.2,0.2,0.0,0.0,36.206204396055384,-5.633715716157894e-12,2.6512105480257068e-12,-8.284926264183601e-12,100914.9
175117,AFRINSURE,2022-06-07,0.2,0.2,3000.0,2026-04-08T03:52:40.734023+00:00,0.0,0.0,0.0,0.0,0.2,0.2,0.2,0.0,0.0,36.20620439605539,-5.216382881201298e-12,2.454834706385842e-12,-7.67121758758714e-12,101048.65
175230,AFRINSURE,2022-06-08,0.2,0.2,0.0,2026-04-08T03:52:43.634804+00:00,0.0,0.0,0.0,0.0,0.2,0.2,0.2,0.0,0.0,36.20620439605539,-4.829969757480512e-12,2.272998264085303e-12,-7.102968021565815e-12,100698.65
175343,AFRINSURE,2022-06-09,0.2,0.2,200.0,2026-04-08T03:52:46.431396+00:00,0.0,0.0,0.0,0.0,0.2,0.2,0.2,0.0,0.0,36.206204396055384,-4.47217263221944e-12,2.1046363114771e-12,-6.57680894369654e-12,100708.65
175456,AFRINSURE,2022-06-10,0.2,0.2,0.0,2026-04-08T03:52:48.916453+00:00,0.0,0.0,0.0,0.0,0.2,0.2,0.2,0.0,0.0,36.206204396055384,-4.140882081671293e-12,1.9487414896201977e-12,-6.089623571291491e-12,98138.65
175569,AFRINSURE,2022-06-14,0.2,0.2,0.0,2026-04-08T03:52:55.08065+00:00,0.0,0.0,0.0,0.0,0.2,0.2,0.2,0.0,0.0,36.20620439605539,-3.8341274599673625e-12,1.8043968890593034e-12,-5.638524349026666e-12,72923.0
175682,AFRINSURE,2022-06-15,0.2,0.2,0.0,2026-04-08T03:52:57.782204+00:00,0.0,0.0,0.0,0.0,0.2,0.2,0.2,0.0,0.0,36.20620439605539,-3.550104654692632e-12,1.6707357554672282e-12,-5.22084041015986e-12,49698.45
175795,AFRINSURE,2022-06-16,0.2,0.2,318223.0,2026-04-08T03:53:00.45527+00:00,0.0,0.0,0.0,0.0,0.2,0.2,0.2,0.0,0.0,36.20620439605539,-3.287120575734548e-12,1.5469758675402506e-12,-4.8340964432747984e-12,65598.75
175908,AFRINSURE,2022-06-17,0.2,0.2,0.0,2026-04-08T03:53:03.647185+00:00,0.0,0.0,0.0,0.0,0.2,0.2,0.2,0.0,0.0,36.20620439605539,-3.0436209108586354e-12,1.4323804259329307e-12,-4.476001336791566e-12,65598.55
176021,AFRINSURE,2022-06-20,0.2,0.2,0.0,2026-04-08T03:53:09.449588+00:00,0.0,0.0,0.0,0.0,0.2,0.2,0.2,0.0,0.0,36.20620439605539,-2.8181623701328817e-12,1.3262711733269477e-12,-4.1444335434598294e-12,65598.1
176134,AFRINSURE,2022-06-21,0.2,0.2,0.0,2026-04-08T03:53:11.833027+00:00,0.0,0.0,0.0,0.0,0.2,0.2,0.2,0.0,0.0,36.20620439605539,-2.6094126859277367e-12,1.2280166860256745e-12,-3.837429371953411e-12,65544.7
176247,AFRINSURE,2022-06-22,0.2,0.2,0.0,2026-04-08T03:53:14.63862+00:00,0.0,0.0,0.0,0.0,0.2,0.2,0.2,0.0,0.0,36.2062043960554,-2.416122857340497e-12,1.1370452116903315e-12,-3.5531680690308284e-12,65544.7
176360,AFRINSURE,2022-06-23,0.2,0.2,100.0,2026-04-08T03:53:17.250825+00:00,0.0,0.0,0.0,0.0,0.2,0.2,0.2,0.0,0.0,36.20620439605539,-2.237127150195306e-12,1.0528327350684178e-12,-3.289959885263724e-12,65499.7
176473,AFRINSURE,2022-06-24,0.2,0.2,0.0,2026-04-08T03:53:19.718295+00:00,0.0,0.0,0.0,0.0,0.2,0.2,0.2,0.0,0.0,36.20620439605539,-2.071398608194386e-12,9.748490216554708e-13,-3.0462476298498566e-12,65499.7
176586,AFRINSURE,2022-06-27,0.2,0.2,103.0,2026-04-08T03:53:24.073012+00:00,0.0,0.0,0.0,0.0,0.2,0.2,0.2,0.0,0.0,36.20620439605539,-1.9179380306155736e-12,9.026476793874264e-13,-2.820585710003e-12,65463.7
176699,AFRINSURE,2022-06-28,0.2,0.2,0.0,2026-04-08T03:53:26.399159+00:00,0.0,0.0,0.0,0.0,0.2,0.2,0.2,0.0,0.0,36.20620439605539,-1.7758572390391691e-12,8.357827767710647e-13,-2.611640015810234e-12,65463.7
176812,AFRINSURE,2022-06-29,0.2,0.2,0.0,2026-04-08T03:53:28.994117+00:00,0.0,0.0,0.0,0.0,0.2,0.2,0.2,0.0,0.0,36.20620439605539,-1.644295810621088e-12,7.738753641513167e-13,-2.418171174772405e-12,65463.7
176925,AFRINSURE,2022-06-30,0.2,0.2,5000.0,2026-04-08T03:53:31.346855+00:00,0.0,0.0,0.0,0.0,0.2,0.2,0.2,0.0,0.0,36.2062043960554,-1.5224765892440928e-12,7.165556684226498e-13,-2.2390322576667426e-12,65713.7
177038,AFRINSURE,2022-07-01,0.2,0.2,0.0,2026-04-08T03:53:33.724657+00:00,0.0,0.0,0.0,0.0,0.2,0.2,0.2,0.0,0.0,36.206204396055384,-1.4096779299421769e-12,6.634834621796528e-13,-2.0731613921218297e-12,65633.7
177151,AFRINSURE,2022-07-04,0.2,0.2,0.0,2026-04-08T03:53:38.198731+00:00,0.0,0.0,0.0,0.0,0.2,0.2,0.2,0.0,0.0,36.20620439605539,-1.3052336989005653e-12,6.143421545770117e-13,-1.919575853477577e-12,65633.7
177264,AFRINSURE,2022-07-06,0.2,0.2,0.0,2026-04-08T03:53:41.625349+00:00,0.0,0.0,0.0,0.0,0.2,0.2,0.2,0.0,0.0,36.20620439605539,-1.2085332734557142e-12,5.688340640174903e-13,-1.7773673374732045e-12,16331.3
177377,AFRINSURE,2022-07-07,0.2,0.2,0.0,2026-04-08T03:53:44.268487+00:00,0.0,0.0,0.0,0.0,0.2,0.2,0.2,0.0,0.0,36.2062043960554,-1.1189937865196953e-12,5.266988407628074e-13,-1.6456926272825026e-12,16181.3
177490,AFRINSURE,2022-07-13,0.2,0.2,0.0,2026-04-08T03:53:51.5999+00:00,0.0,0.0,0.0,0.0,0.2,0.2,0.2,0.0,0.0,36.20620439605539,-1.0360878821558117e-12,4.876837961013529e-13,-1.5237716782571647e-12,16181.3
177603,AFRINSURE,2022-07-14,0.2,0.2,0.0,2026-04-08T03:53:54.010732+00:00,0.0,0.0,0.0,0.0,0.2,0.2,0.2,0.0,0.0,36.20620439605539,-9.593437155785978e-13,4.515423701428537e-13,-1.4108860857214514e-12,16171.3
177716,AFRINSURE,2022-07-15,0.2,0.2,0.0,2026-04-08T03:53:56.616585+00:00,0.0,0.0,0.0,0.0,0.2,0.2,0.2,0.0,0.0,36.20620439605539,-8.882616864269721e-13,4.180995194355834e-13,-1.3063612058625555e-12,16171.3
177829,AFRINSURE,2022-07-18,0.2,0.2,0.0,2026-04-08T03:54:01.214275+00:00,0.0,0.0,0.0,0.0,0.2,0.2,0.2,0.0,0.0,36.206204396055384,-8.22453216642316e-13,3.871263913761917e-13,-1.2095796080185077e-12,16171.3
177942,AFRINSURE,2022-07-19,0.2,0.2,0.0,2026-04-08T03:54:03.665978+00:00,0.0,0.0,0.0,0.0,0.2,0.2,0.2,0.0,0.0,36.206204396055384,-7.615297281660105e-13,3.5843990388199777e-13,-1.1199696320480083e-12,16171.3
178055,AFRINSURE,2022-07-20,0.2,0.2,0.0,2026-04-08T03:54:06.203384+00:00,0.0,0.0,0.0,0.0,0.2,0.2,0.2,0.0,0.0,36.20620439605539,-7.051026429394369e-13,3.3189359128685724e-13,-1.0369962342262942e-12,260.15
178168,AFRINSURE,2022-07-21,0.2,0.2,0.0,2026-04-08T03:54:08.685258+00:00,0.0,0.0,0.0,0.0,0.2,0.2,0.2,0.0,0.0,36.20620439605539,-6.528666496308233e-13,3.0730366767637673e-13,-9.601703173072e-13,260.15
178281,AFRINSURE,2022-07-22,0.2,0.2,0.0,2026-04-08T03:54:11.171489+00:00,0.0,0.0,0.0,0.0,0.2,0.2,0.2,0.0,0.0,36.20620439605539,-6.044886813327821e-13,2.845453087795343e-13,-8.890339901123164e-13,260.15
178394,AFRINSURE,2022-07-25,0.2,0.2,0.0,2026-04-08T03:54:15.900169+00:00,0.0,0.0,0.0,0.0,0.2,0.2,0.2,0.0,0.0,36.20620439605539,-5.59691182289157e-13,2.634742462585275e-13,-8.231654285476845e-13,260.15
178507,AFRINSURE,2022-07-26,0.2,0.2,0.0,2026-04-08T03:54:18.382379+00:00,0.0,0.0,0.0,0.0,0.2,0.2,0.2,0.0,0.0,36.20620439605539,-5.182243523194074e-13,2.439528609826217e-13,-7.621772133020291e-13,260.15
178620,AFRINSURE,2022-07-27,0.2,0.2,0.0,2026-04-08T03:54:20.730044+00:00,0.0,0.0,0.0,0.0,0.2,0.2,0.2,0.0,0.0,36.206204396055384,-4.798383912429927e-13,2.2587105764722915e-13,-7.057094488902218e-13,255.15
178733,AFRINSURE,2022-07-28,0.2,0.2,0.0,2026-04-08T03:54:23.385493+00:00,0.0,0.0,0.0,0.0,0.2,0.2,0.2,0.0,0.0,36.206204396055384,-4.44283498879372e-13,2.0914076000867991e-13,-6.534242588880519e-13,255.15
178846,AFRINSURE,2022-07-29,0.2,0.2,0.0,2026-04-08T03:54:25.692024+00:00,0.0,0.0,0.0,0.0,0.2,0.2,0.2,0.0,0.0,36.20620439605539,-4.1136538619923613e-13,1.9364709815105264e-13,-6.050124843502888e-13,250.0
178959,AFRINSURE,2022-08-01,0.2,0.2,0.0,2026-04-08T03:54:30.144665+00:00,0.0,0.0,0.0,0.0,0.2,0.2,0.2,0.0,0.0,36.20620439605539,-3.808897641732756e-13,1.7929817614161063e-13,-5.601879403148862e-13,250.0
179072,AFRINSURE,2022-08-02,0.2,0.2,0.0,2026-04-08T03:54:32.509592+00:00,0.0,0.0,0.0,0.0,0.2,0.2,0.2,0.0,0.0,36.20620439605539,-3.52662343772181e-13,1.6602047723416425e-13,-5.186828210063452e-13,250.0
179185,AFRINSURE,2022-08-03,0.2,0.2,0.0,2026-04-08T03:54:34.924873+00:00,0.0,0.0,0.0,0.0,0.2,0.2,0.2,0.0,0.0,36.206204396055384,-3.2651659154225854e-13,1.5373298357126933e-13,-4.802495751135279e-13,0.0
179298,AFRINSURE,2022-08-04,0.2,0.2,0.0,2026-04-08T03:54:37.32089+00:00,0.0,0.0,0.0,0.0,0.2,0.2,0.2,0.0,0.0,36.206204396055384,-3.0231372960543013e-13,1.423486764064782e-13,-4.446624060119083e-13,0.0
179411,AFRINSURE,2022-08-05,0.2,0.2,0.0,2026-04-08T03:54:40.805957+00:00,0.0,0.0,0.0,0.0,0.2,0.2,0.2,0.0,0.0,36.20620439605539,-2.799149800836176e-13,1.317979407426326e-13,-4.117129208262502e-13,0.0
179524,AFRINSURE,2022-08-08,0.2,0.2,0.0,2026-04-08T03:54:45.81173+00:00,0.0,0.0,0.0,0.0,0.2,0.2,0.2,0.0,0.0,36.206204396055384,-2.591815650987428e-13,1.2202508458200596e-13,-3.8120664968074876e-13,0.0
179637,AFRINSURE,2022-08-09,0.2,0.2,0.0,2026-04-08T03:54:48.637408+00:00,0.0,0.0,0.0,0.0,0.2,0.2,0.2,0.0,0.0,36.206204396055384,-2.399747067727276e-13,1.12985554326417e-13,-3.529602610991446e-13,0.0
179750,AFRINSURE,2022-08-10,0.2,0.2,0.0,2026-04-08T03:54:51.561754+00:00,0.0,0.0,0.0,0.0,0.2,0.2,0.2,0.0,0.0,36.206204396055384,-2.2218338280310945e-13,1.046215026368281e-13,-3.2680488543993756e-13,0.0
179863,AFRINSURE,2022-08-11,0.2,0.2,0.0,2026-04-08T03:54:54.196076+00:00,0.0,0.0,0.0,0.0,0.2,0.2,0.2,0.0,0.0,36.206204396055384,-2.057243264630415e-13,9.686444718151686e-14,-3.0258877364455837e-13,0.0
179976,AFRINSURE,2022-08-12,0.2,0.2,0.0,2026-04-08T03:54:57.115593+00:00,0.0,0.0,0.0,0.0,0.2,0.2,0.2,0.0,0.0,36.20620439605539,-1.9048651545006123e-13,8.968180655559771e-14,-2.8016832200565894e-13,0.0
180089,AFRINSURE,2022-08-15,0.2,0.2,0.0,2026-04-08T03:55:01.874457+00:00,0.0,0.0,0.0,0.0,0.2,0.2,0.2,0.0,0.0,36.20620439605539,-1.7635892746170612e-13,8.304751563516226e-14,-2.594064430968684e-13,0.0
180202,AFRINSURE,2022-08-16,0.2,0.2,0.0,2026-04-08T03:55:04.540652+00:00,0.0,0.0,0.0,0.0,0.2,0.2,0.2,0.0,0.0,36.206204396055384,-1.632860513467449e-13,7.689631340009877e-14,-2.4018236474684367e-13,0.0
180315,AFRINSURE,2022-08-17,0.2,0.2,0.0,2026-04-08T03:55:07.214991+00:00,0.0,0.0,0.0,0.0,0.2,0.2,0.2,0.0,0.0,36.206204396055384,-1.511846203783307e-13,7.119819549481038e-14,-2.2238281587314107e-13,0.0
180428,AFRINSURE,2022-08-18,0.2,0.2,0.0,2026-04-08T03:55:09.916723+00:00,0.0,0.0,0.0,0.0,0.2,0.2,0.2,0.0,0.0,36.206204396055384,-1.399713678296166e-13,6.592915843481959e-14,-2.059005262644362e-13,0.0
180541,AFRINSURE,2022-08-19,0.2,0.2,0.0,2026-04-08T03:55:12.400686+00:00,0.0,0.0,0.0,0.0,0.2,0.2,0.2,0.0,0.0,36.206204396055384,-1.295907825493714e-13,6.104779497205186e-14,-1.9063857752142326e-13,0.0
180654,AFRINSURE,2022-08-22,0.2,0.2,0.0,2026-04-08T03:55:17.568382+00:00,0.0,0.0,0.0,0.0,0.2,0.2,0.2,0.0,0.0,36.206204396055384,-1.199873533863638e-13,5.6520979308047586e-14,-1.7650833269441138e-13,0.0
180767,AFRINSURE,2022-08-23,0.2,0.2,0.0,2026-04-08T03:55:19.990422+00:00,0.0,0.0,0.0,0.0,0.2,0.2,0.2,0.0,0.0,36.206204396055384,-1.1107781361374691e-13,5.2344415264531594e-14,-1.634222288782785e-13,0.0
180880,AFRINSURE,2022-08-24,0.2,0.2,0.0,2026-04-08T03:55:23.644905+00:00,0.0,0.0,0.0,0.0,0.2,0.2,0.2,0.0,0.0,36.20620439605539,-1.0283440765590512e-13,4.847025697789871e-14,-1.5130466463380383e-13,0.0
180993,AFRINSURE,2022-08-25,0.2,0.2,0.0,2026-04-08T03:55:26.062264+00:00,0.0,0.0,0.0,0.0,0.2,0.2,0.2,0.0,0.0,36.20620439605539,-9.520162436160717e-14,4.488243221775734e-14,-1.400840565793645e-13,0.0
181106,AFRINSURE,2022-08-26,0.2,0.2,0.0,2026-04-08T03:55:28.378019+00:00,0.0,0.0,0.0,0.0,0.2,0.2,0.2,0.0,0.0,36.206204396055384,-8.815170815523743e-14,4.1545878739301666e-14,-1.296975868945391e-13,0.0
181219,AFRINSURE,2022-08-29,0.2,0.2,0.0,2026-04-08T03:55:33.185942+00:00,0.0,0.0,0.0,0.0,0.2,0.2,0.2,0.0,0.0,36.20620439605539,-8.1601392309949e-14,3.847695566767208e-14,-1.200783479776211e-13,0.0
181332,AFRINSURE,2022-08-30,0.2,0.2,0.0,2026-04-08T03:55:35.909469+00:00,0.0,0.0,0.0,0.0,0.2,0.2,0.2,0.0,0.0,36.20620439605539,-7.55506768257419e-14,3.562213692150336e-14,-1.1117281374724526e-13,0.0
181445,AFRINSURE,2022-08-31,0.2,0.2,0.0,2026-04-08T03:55:38.363566+00:00,0.0,0.0,0.0,0.0,0.2,0.2,0.2,0.0,0.0,36.206204396055384,-6.994405055138486e-14,3.2983010556688327e-14,-1.0292706110807319e-13,0.0
181558,AFRINSURE,2022-09-01,0.2,0.2,0.0,2026-04-08T03:55:40.868139+00:00,0.0,0.0,0.0,0.0,0.2,0.2,0.2,0.0,0.0,36.206204396055384,-6.475375791126226e-14,3.0538642557448754e-14,-9.529240046871101e-14,0.0
181671,AFRINSURE,2022-09-02,0.2,0.2,0.0,2026-04-08T03:55:43.232165+00:00,0.0,0.0,0.0,0.0,0.2,0.2,0.2,0.0,0.0,36.206204396055384,-5.995204332975845e-14,2.8272285711162045e-14,-8.82243290409205e-14,0.0
181784,AFRINSURE,2022-09-05,0.2,0.2,0.0,2026-04-08T03:55:48.110555+00:00,0.0,0.0,0.0,0.0,0.2,0.2,0.2,0.0,0.0,36.206204396055384,-5.551115123125783e-14,2.6170542247730137e-14,-8.168169347898796e-14,0.0
181897,AFRINSURE,2022-09-06,0.2,0.2,0.0,2026-04-08T03:55:50.526892+00:00,0.0,0.0,0.0,0.0,0.2,0.2,0.2,0.0,0.0,36.206204396055384,-5.137557046452912e-14,2.424489841156708e-14,-7.56204688760962e-14,0.0
182010,AFRINSURE,2022-09-07,0.2,0.2,0.0,2026-04-08T03:55:53.051287+00:00,0.0,0.0,0.0,0.0,0.2,0.2,0.2,0.0,0.0,36.206204396055384,-4.757305660518796e-14,2.2437929816726606e-14,-7.001098642191456e-14,0.0
182123,AFRINSURE,2022-09-08,0.2,0.2,0.0,2026-04-08T03:55:55.74031+00:00,0.0,0.0,0.0,0.0,0.2,0.2,0.2,0.0,0.0,36.206204396055384,-4.4048098502003086e-14,2.0770310335929188e-14,-6.481840883793227e-14,0.0
182236,AFRINSURE,2022-09-09,0.2,0.2,0.0,2026-04-08T03:55:58.848563+00:00,0.0,0.0,0.0,0.0,0.2,0.2,0.2,0.0,0.0,36.206204396055384,-4.0772940579358874e-14,1.9236374606858727e-14,-6.00093151862176e-14,0.0
182349,AFRINSURE,2022-09-12,0.2,0.2,0.0,2026-04-08T03:56:03.370953+00:00,0.0,0.0,0.0,0.0,0.2,0.2,0.2,0.0,0.0,36.20620439605538,-3.774758283725532e-14,1.7809385879169827e-14,-5.555696871642515e-14,0.0
182462,AFRINSURE,2022-09-13,0.2,0.2,0.0,2026-04-08T03:56:05.83654+00:00,0.0,0.0,0.0,0.0,0.2,0.2,0.2,0.0,0.0,36.206204396055384,-3.49442697000768e-14,1.649015921307868e-14,-5.143442891315548e-14,0.0
182575,AFRINSURE,2022-09-14,0.2,0.2,0.0,2026-04-08T03:56:08.091672+00:00,0.0,0.0,0.0,0.0,0.2,0.2,0.2,0.0,0.0,36.20620439605538,-3.2335245592207684e-14,1.5279346656758242e-14,-4.7614592248965927e-14,0.0
182688,AFRINSURE,2022-09-16,0.2,0.2,0.0,2026-04-08T03:56:11.4683+00:00,0.0,0.0,0.0,0.0,0.2,0.2,0.2,0.0,0.0,36.206204396055384,-2.992051051364797e-14,1.4155265388254366e-14,-4.4075775901902335e-14,0.0
182801,AFRINSURE,2022-09-19,0.2,0.2,0.0,2026-04-08T03:56:15.923342+00:00,0.0,0.0,0.0,0.0,0.2,0.2,0.2,0.0,0.0,36.206204396055384,-2.7700064464397656e-14,1.3100569150003751e-14,-4.0800633614401407e-14,0.0
182914,AFRINSURE,2022-09-20,0.2,0.2,0.0,2026-04-08T03:56:18.184056+00:00,0.0,0.0,0.0,0.0,0.2,0.2,0.2,0.0,0.0,36.20620439605539,-2.5646151868841116e-14,1.2123585396448234e-14,-3.776973726528935e-14,0.0
183027,AFRINSURE,2022-09-21,0.2,0.2,0.0,2026-04-08T03:56:20.42724+00:00,0.0,0.0,0.0,0.0,0.2,0.2,0.2,0.0,0.0,36.206204396055384,-2.373101715136272e-14,1.1230976091141304e-14,-3.4961993242504025e-14,0.0
183140,AFRINSURE,2022-09-22,0.2,0.2,0.0,2026-04-08T03:56:22.767495+00:00,0.0,0.0,0.0,0.0,0.2,0.2,0.2,0.0,0.0,36.206204396055384,-2.195466031196247e-14,1.0405866344433246e-14,-3.236052665639572e-14,0.0
183253,AFRINSURE,2022-09-23,0.2,0.2,0.0,2026-04-08T03:56:25.066978+00:00,0.0,0.0,0.0,0.0,0.2,0.2,0.2,0.0,0.0,36.206204396055384,-2.0317081350640365e-14,9.634756244604286e-15,-2.995183759524465e-14,0.0
183366,AFRINSURE,2022-09-26,0.2,0.2,0.0,2026-04-08T03:56:29.379703+00:00,0.0,0.0,0.0,0.0,0.2,0.2,0.2,0.0,0.0,36.206204396055384,-1.8790524691780774e-14,8.929050322771101e-15,-2.7719575014551876e-14,0.0
183479,AFRINSURE,2022-09-28,0.2,0.2,0.0,2026-04-08T03:56:32.717753+00:00,0.0,0.0,0.0,0.0,0.2,0.2,0.2,0.0,0.0,36.206204396055384,-1.73749903353837e-14,8.275667743334544e-15,-2.5650658078718244e-14,0.0
183592,AFRINSURE,2022-09-29,0.2,0.2,0.0,2026-04-08T03:56:35.489047+00:00,0.0,0.0,0.0,0.0,0.2,0.2,0.2,0.0,0.0,36.206204396055384,-1.607047828144914e-14,7.664143837815285e-15,-2.3734622119264426e-14,0.0
183705,AFRINSURE,2022-09-30,0.2,0.2,0.0,2026-04-08T03:56:37.947618+00:00,0.0,0.0,0.0,0.0,0.2,0.2,0.2,0.0,0.0,36.206204396055384,-1.4876988529977098e-14,7.086106871429864e-15,-2.1963095401406962e-14,0.0
183818,AFRINSURE,2022-10-05,0.2,0.2,0.0,2026-04-08T03:56:44.538147+00:00,0.0,0.0,0.0,0.0,0.2,0.2,0.2,0.0,0.0,36.206204396055384,-1.3766765505351941e-14,6.557063916844018e-15,-2.032382942219596e-14,0.0
183932,AFRINSURE,2022-10-06,0.2,0.2,0.0,2026-04-08T03:56:46.932693+00:00,0.0,0.0,0.0,0.0,0.2,0.2,0.2,0.0,0.0,36.206204396055384,-1.2739809207573671e-14,6.067216171697831e-15,-1.8807025379271503e-14,0.0
184046,AFRINSURE,2022-10-07,0.2,0.2,0.0,2026-04-08T03:56:49.334037+00:00,0.0,0.0,0.0,0.0,0.2,0.2,0.2,0.0,0.0,36.20620439605538,-1.1796119636642288e-14,5.608724594103372e-15,-1.740484423074566e-14,0.0
184160,AFRINSURE,2022-10-11,0.2,0.2,0.0,2026-04-08T03:56:55.029281+00:00,0.0,0.0,0.0,0.0,0.2,0.2,0.2,0.0,0.0,36.20620439605538,-1.0907941216942163e-14,5.197522411042797e-15,-1.610546362798496e-14,0.0
184274,AFRINSURE,2022-10-12,0.2,0.2,0.0,2026-04-08T03:56:58.300033+00:00,0.0,0.0,0.0,0.0,0.2,0.2,0.2,0.0,0.0,36.20620439605538,-1.0103029524088925e-14,4.801947283116829e-15,-1.4904976807205754e-14,0.0
184388,AFRINSURE,2022-10-13,0.2,0.2,0.0,2026-04-08T03:57:00.825788+00:00,0.0,0.0,0.0,0.0,0.2,0.2,0.2,0.0,0.0,36.206204396055384,-9.353628982466944e-15,4.441078259791049e-15,-1.3794707242257993e-14,0.0
184502,AFRINSURE,2022-10-14,0.2,0.2,0.0,2026-04-08T03:57:03.298348+00:00,0.0,0.0,0.0,0.0,0.2,0.2,0.2,0.0,0.0,36.20620439605538,-8.659739592076221e-15,4.107974120145418e-15,-1.276771371222164e-14,0.0
184616,AFRINSURE,2022-10-17,0.2,0.2,0.0,2026-04-08T03:57:07.885609+00:00,0.0,0.0,0.0,0.0,0.2,0.2,0.2,0.0,0.0,36.20620439605538,-8.021361352916756e-15,3.797081887443908e-15,-1.1818443240360664e-14,0.0
184730,AFRINSURE,2022-10-18,0.2,0.2,0.0,2026-04-08T03:57:10.303346+00:00,0.0,0.0,0.0,0.0,0.2,0.2,0.2,0.0,0.0,36.20620439605538,-7.41073868937292e-15,3.526163640790197e-15,-1.0936902330163117e-14,0.0
184844,AFRINSURE,2022-10-19,0.2,0.2,0.0,2026-04-08T03:57:12.819589+00:00,0.0,0.0,0.0,0.0,0.2,0.2,0.2,0.0,0.0,36.20620439605538,-6.855627177060342e-15,3.265020122482222e-15,-1.0120647299542564e-14,0.0
184958,AFRINSURE,2022-10-20,0.2,0.2,0.0,2026-04-08T03:57:15.111185+00:00,0.0,0.0,0.0,0.0,0.2,0.2,0.2,0.0,0.0,36.20620439605538,-6.328271240363392e-15,3.033900847343338e-15,-9.36217208770673e-15,0.0
185072,AFRINSURE,2022-10-21,0.2,0.2,0.0,2026-04-08T03:57:17.499968+00:00,0.0,0.0,0.0,0.0,0.2,0.2,0.2,0.0,0.0,36.20620439605538,-5.856426454897701e-15,2.8045965062472235e-15,-8.661022961144924e-15,0.0
185186,AFRINSURE,2022-10-24,0.2,0.2,0.0,2026-04-08T03:57:21.686266+00:00,0.0,0.0,0.0,0.0,0.2,0.2,0.2,0.0,0.0,36.20620439605538,-5.412337245047638e-15,2.598948572877829e-15,-8.011285817925467e-15,0.0
185300,AFRINSURE,2022-10-26,0.2,0.2,0.0,2026-04-08T03:57:24.913682+00:00,0.0,0.0,0.0,0.0,0.2,0.2,0.2,0.0,0.0,36.20620439605537,-4.9960036108132044e-15,2.41222576568981e-15,-7.408229376503015e-15,0.0
185414,AFRINSURE,2022-10-27,0.2,0.2,0.0,2026-04-08T03:57:27.260544+00:00,0.0,0.0,0.0,0.0,0.2,0.2,0.2,0.0,0.0,36.20620439605537,-4.6074255521944e-15,2.240643059446893e-15,-6.8480686116412925e-15,0.0
185528,AFRINSURE,2022-10-28,0.2,0.2,0.0,2026-04-08T03:57:29.835926+00:00,0.0,0.0,0.0,0.0,0.2,0.2,0.2,0.0,0.0,36.206204396055384,-4.246603069191224e-15,2.081172433960055e-15,-6.327775503151279e-15,0.0
185642,AFRINSURE,2022-10-31,0.2,0.2,0.0,2026-04-08T03:57:34.21591+00:00,0.0,0.0,0.0,0.0,0.2,0.2,0.2,0.0,0.0,36.20620439605538,-3.913536161803677e-15,1.9313914730780814e-15,-5.844927634881758e-15,0.0
185756,AFRINSURE,2022-11-01,0.2,0.2,0.0,2026-04-08T03:57:36.609373+00:00,0.0,0.0,0.0,0.0,0.2,0.2,0.2,0.0,0.0,36.20620439605538,-3.608224830031759e-15,1.7893622438799997e-15,-5.3975870739117584e-15,0.0
185870,AFRINSURE,2022-11-02,0.2,0.2,0.0,2026-04-08T03:57:39.066556+00:00,0.0,0.0,0.0,0.0,0.2,0.2,0.2,0.0,0.0,36.20620439605538,-3.3306690738754696e-15,1.6535344000290315e-15,-4.984203473904501e-15,0.0
185984,AFRINSURE,2022-11-03,0.2,0.2,0.0,2026-04-08T03:57:41.442199+00:00,0.0,0.0,0.0,0.0,0.2,0.2,0.2,0.0,0.0,36.20620439605538,-3.0808688933348094e-15,1.5226676644557534e-15,-4.603536557790563e-15,0.0
186098,AFRINSURE,2022-11-04,0.2,0.2,0.0,2026-04-08T03:57:43.70904+00:00,0.0,0.0,0.0,0.0,0.2,0.2,0.2,0.0,0.0,36.20620439605538,-2.831068712794149e-15,1.4179742759971309e-15,-4.24904298879128e-15,0.0
186212,AFRINSURE,2022-11-08,0.2,0.2,0.0,2026-04-08T03:57:49.123122+00:00,0.0,0.0,0.0,0.0,0.2,0.2,0.2,0.0,0.0,36.20620439605538,-2.609024107869118e-15,1.3120151047377302e-15,-3.921039212606848e-15,0.0
186326,AFRINSURE,2022-11-09,0.2,0.2,0.0,2026-04-08T03:57:51.464602+00:00,0.0,0.0,0.0,0.0,0.2,0.2,0.2,0.0,0.0,36.20620439605538,-2.4147350785597155e-15,1.2050433072377063e-15,-3.619778385797422e-15,0.0
186440,AFRINSURE,2022-11-10,0.2,0.2,0.0,2026-04-08T03:57:54.291842+00:00,0.0,0.0,0.0,0.0,0.2,0.2,0.2,0.0,0.0,36.20620439605538,-2.220446049250313e-15,1.119465869237687e-15,-3.339911918488e-15,0.0
186554,AFRINSURE,2022-11-11,0.2,0.2,0.0,2026-04-08T03:57:56.704911+00:00,0.0,0.0,0.0,0.0,0.2,0.2,0.2,0.0,0.0,36.20620439605538,-2.0539125955565396e-15,1.0287994583451684e-15,-3.082712053901708e-15,0.0
186668,AFRINSURE,2022-11-14,0.2,0.2,0.0,2026-04-08T03:58:01.331373+00:00,0.0,0.0,0.0,0.0,0.2,0.2,0.2,0.0,0.0,36.20620439605538,-1.887379141862766e-15,9.562663296311538e-16,-2.84364547149392e-15,0.0
186782,AFRINSURE,2022-11-15,0.2,0.2,0.0,2026-04-08T03:58:03.6444+00:00,0.0,0.0,0.0,0.0,0.2,0.2,0.2,0.0,0.0,36.20620439605537,-1.7486012637846216e-15,8.760353661674392e-16,-2.6246366299520607e-15,0.0
186896,AFRINSURE,2022-11-16,0.2,0.2,0.0,2026-04-08T03:58:06.118311+00:00,0.0,0.0,0.0,0.0,0.2,0.2,0.2,0.0,0.0,36.20620439605537,-1.609823385706477e-15,8.118505953964672e-16,-2.421673981102944e-15,0.0
187010,AFRINSURE,2022-11-17,0.2,0.2,0.0,2026-04-08T03:58:08.47049+00:00,0.0,0.0,0.0,0.0,0.2,0.2,0.2,0.0,0.0,36.20620439605537,-1.4710455076283324e-15,7.605027787796897e-16,-2.231548286408022e-15,0.0
187124,AFRINSURE,2022-11-18,0.2,0.2,0.0,2026-04-08T03:58:10.955275+00:00,0.0,0.0,0.0,0.0,0.2,0.2,0.2,0.0,0.0,36.20620439605537,-1.3600232051658168e-15,6.972200649937644e-16,-2.057243270159581e-15,0.0
187238,AFRINSURE,2022-11-21,0.2,0.2,0.0,2026-04-08T03:58:15.672507+00:00,0.0,0.0,0.0,0.0,0.2,0.2,0.2,0.0,0.0,36.20620439605536,-1.2490009027033011e-15,6.465938939650242e-16,-1.8955947966683253e-15,0.0
187352,AFRINSURE,2022-11-22,0.2,0.2,0.0,2026-04-08T03:58:18.170118+00:00,0.0,0.0,0.0,0.0,0.2,0.2,0.2,0.0,0.0,36.20620439605537,-1.1379786002407855e-15,6.060929571420321e-16,-1.7440715573828175e-15,0.0
187466,AFRINSURE,2022-11-24,0.2,0.2,0.0,2026-04-08T03:58:21.692503+00:00,0.0,0.0,0.0,0.0,0.2,0.2,0.2,0.0,0.0,36.20620439605537,-1.0547118733938987e-15,5.514877471911351e-16,-1.6061996205850339e-15,0.0
187580,AFRINSURE,2022-11-25,0.2,0.2,0.0,2026-04-08T03:58:24.033539+00:00,0.0,0.0,0.0,0.0,0.2,0.2,0.2,0.0,0.0,36.20620439605537,-9.71445146547012e-16,5.078035792304175e-16,-1.4792487257774295e-15,0.0
187694,AFRINSURE,2022-11-28,0.2,0.2,0.0,2026-04-08T03:58:28.532723+00:00,0.0,0.0,0.0,0.0,0.2,0.2,0.2,0.0,0.0,36.20620439605537,-8.881784197001252e-16,4.728562448618435e-16,-1.3610346645619687e-15,0.0
187808,AFRINSURE,2022-11-29,0.2,0.2,0.0,2026-04-08T03:58:30.983113+00:00,0.0,0.0,0.0,0.0,0.2,0.2,0.2,0.0,0.0,36.20620439605537,-8.049116928532385e-16,4.448983773669843e-16,-1.2498100702202228e-15,0.0
187922,AFRINSURE,2022-11-30,0.2,0.2,0.0,2026-04-08T03:58:33.448849+00:00,0.0,0.0,0.0,0.0,0.2,0.2,0.2,0.0,0.0,36.20620439605537,-7.216449660063518e-16,4.225320833710969e-16,-1.1441770493774486e-15,0.0
188036,AFRINSURE,2022-12-01,0.2,0.2,0.0,2026-04-08T03:58:35.664261+00:00,0.0,0.0,0.0,0.0,0.2,0.2,0.2,0.0,0.0,36.20620439605536,-6.661338147750939e-16,3.8243458768188386e-16,-1.0485684024569778e-15,0.0
188151,AFRINSURE,2022-12-02,0.2,0.2,0.0,2026-04-08T03:58:37.897027+00:00,0.0,0.0,0.0,0.0,0.2,0.2,0.2,0.0,0.0,36.20620439605537,-6.106226635438361e-16,3.5035659113051347e-16,-9.609792546743496e-16,0.0
188265,AFRINSURE,2022-12-05,0.2,0.2,0.0,2026-04-08T03:58:42.456795+00:00,0.0,0.0,0.0,0.0,0.2,0.2,0.2,0.0,0.0,36.20620439605537,-5.551115123125783e-16,3.2469419388941706e-16,-8.798057062019953e-16,0.0
188379,AFRINSURE,2022-12-06,0.2,0.2,0.0,2026-04-08T03:58:44.756119+00:00,0.0,0.0,0.0,0.0,0.2,0.2,0.2,0.0,0.0,36.20620439605537,-4.996003610813204e-16,3.0416427609653995e-16,-8.037646371778604e-16,0.0
188493,AFRINSURE,2022-12-07,0.2,0.2,0.0,2026-04-08T03:58:47.196669+00:00,0.0,0.0,0.0,0.0,0.2,0.2,0.2,0.0,0.0,36.20620439605538,-4.440892098500626e-16,2.8774034186223826e-16,-7.318295517123009e-16,0.0
188607,AFRINSURE,2022-12-08,0.2,0.2,0.0,2026-04-08T03:58:49.52806+00:00,0.0,0.0,0.0,0.0,0.2,0.2,0.2,0.0,0.0,36.20620439605538,-3.885780586188048e-16,2.7460119447479697e-16,-6.631792530936018e-16,0.0
188721,AFRINSURE,2022-12-09,0.2,0.2,0.0,2026-04-08T03:58:51.902427+00:00,0.0,0.0,0.0,0.0,0.2,0.2,0.2,0.0,0.0,36.206204396055384,-3.608224830031759e-16,2.4188541607234074e-16,-6.027078990755166e-16,0.0
188835,AFRINSURE,2022-12-12,0.2,0.2,0.0,2026-04-08T03:58:56.156124+00:00,0.0,0.0,0.0,0.0,0.2,0.2,0.2,0.0,0.0,36.20620439605538,-3.3306690738754696e-16,2.1571279335037569e-16,-5.487797007379226e-16,0.0
188949,AFRINSURE,2022-12-13,0.2,0.2,0.0,2026-04-08T03:58:58.485404+00:00,0.0,0.0,0.0,0.0,0.2,0.2,0.2,0.0,0.0,36.20620439605538,-3.0531133177191805e-16,1.9477469517280368e-16,-5.000860269447217e-16,0.0
189063,AFRINSURE,2022-12-14,0.2,0.2,0.0,2026-04-08T03:59:00.851945+00:00,0.0,0.0,0.0,0.0,0.2,0.2,0.2,0.0,0.0,36.20620439605538,-2.7755575615628914e-16,1.780242166307461e-16,-4.555799727870352e-16,0.0
189177,AFRINSURE,2022-12-15,0.2,0.2,0.0,2026-04-08T03:59:03.086647+00:00,0.0,0.0,0.0,0.0,0.2,0.2,0.2,0.0,0.0,36.20620439605538,-2.498001805406602e-16,1.6462383379710003e-16,-4.1442401433776025e-16,0.0
189291,AFRINSURE,2022-12-16,0.2,0.2,0.0,2026-04-08T03:59:05.5442+00:00,0.0,0.0,0.0,0.0,0.2,0.2,0.2,0.0,0.0,36.20620439605538,-2.220446049250313e-16,1.5390352753018315e-16,-3.7594813245521446e-16,0.0
189405,AFRINSURE,2022-12-19,0.2,0.2,0.0,2026-04-08T03:59:09.806719+00:00,0.0,0.0,0.0,0.0,0.2,0.2,0.2,0.0,0.0,36.20620439605537,-1.942890293094024e-16,1.4532728251664968e-16,-3.396163118260521e-16,0.0
189519,AFRINSURE,2022-12-20,0.2,0.2,0.0,2026-04-08T03:59:12.630732+00:00,0.0,0.0,0.0,0.0,0.2,0.2,0.2,0.0,0.0,36.20620439605537,-1.6653345369377348e-16,1.384662865058229e-16,-3.049997401995964e-16,0.0
189633,AFRINSURE,2022-12-21,0.2,0.2,0.0,2026-04-08T03:59:14.990319+00:00,0.0,0.0,0.0,0.0,0.2,0.2,0.2,0.0,0.0,36.20620439605538,-1.3877787807814457e-16,1.3297748969716148e-16,-2.7175536777530604e-16,0.0
189747,AFRINSURE,2022-12-22,0.2,0.2,0.0,2026-04-08T03:59:17.229229+00:00,0.0,0.0,0.0,0.0,0.2,0.2,0.2,0.0,0.0,36.20620439605537,-1.1102230246251565e-16,1.2858645225023232e-16,-2.39608754712748e-16,0.0
189861,AFRINSURE,2022-12-23,0.2,0.2,0.0,2026-04-08T03:59:19.674012+00:00,0.0,0.0,0.0,0.0,0.2,0.2,0.2,0.0,0.0,36.20620439605537,-8.326672684688674e-17,1.25073622292689e-16,-2.0834034913957574e-16,0.0
189975,AFRINSURE,2022-12-28,0.2,0.2,0.0,2026-04-08T03:59:26.406492+00:00,0.0,0.0,0.0,0.0,0.2,0.2,0.2,0.0,0.0,36.20620439605537,-5.551115123125783e-17,1.2226335832665434e-16,-1.7777450955791217e-16,0.0
190089,AFRINSURE,2022-12-30,0.2,0.2,0.0,2026-04-08T03:59:29.796579+00:00,0.0,0.0,0.0,0.0,0.2,0.2,0.2,0.0,0.0,36.20620439605537,-2.7755575615628914e-17,1.2001514715382662e-16,-1.4777072276945553e-16,0.0
190203,AFRINSURE,2023-01-04,0.2,0.2,0.0,2026-04-08T03:59:36.276207+00:00,0.0,0.0,0.0,0.0,0.2,0.2,0.2,0.0,0.0,36.20620439605537,-2.7755575615628914e-17,9.601211772306131e-17,-1.2376769333869023e-16,0.0
190317,AFRINSURE,2023-01-05,0.2,0.2,0.0,2026-04-08T03:59:38.771807+00:00,0.0,0.0,0.0,0.0,0.2,0.2,0.2,0.0,0.0,36.20620439605537,-2.7755575615628914e-17,7.680969417844906e-17,-1.0456526979407797e-16,0.0
190431,AFRINSURE,2023-01-06,0.2,0.2,0.0,2026-04-08T03:59:41.229635+00:00,0.0,0.0,0.0,0.0,0.2,0.2,0.2,0.0,0.0,36.20620439605536,-2.7755575615628914e-17,6.144775534275925e-17,-8.920333095838817e-17,0.0
190545,AFRINSURE,2023-01-09,0.2,0.2,0.0,2026-04-08T03:59:45.608271+00:00,0.0,0.0,0.0,0.0,0.2,0.2,0.2,0.0,0.0,36.20620439605536,-2.7755575615628914e-17,4.915820427420741e-17,-7.691377988983633e-17,0.0
190659,AFRINSURE,2023-01-10,0.2,0.2,0.0,2026-04-08T03:59:47.862187+00:00,0.0,0.0,0.0,0.0,0.2,0.2,0.2,0.0,0.0,36.20620439605537,-2.7755575615628914e-17,3.932656341936594e-17,-6.708213903499486e-17,0.0
190773,AFRINSURE,2023-01-11,0.2,0.2,0.0,2026-04-08T03:59:50.211712+00:00,0.0,0.0,0.0,0.0,0.2,0.2,0.2,0.0,0.0,36.20620439605536,-2.7755575615628914e-17,3.146125073549276e-17,-5.921682635112167e-17,0.0
190887,AFRINSURE,2023-01-12,0.2,0.2,0.0,2026-04-08T03:59:52.676239+00:00,0.0,0.0,0.0,0.0,0.2,0.2,0.2,0.0,0.0,36.20620439605536,-2.7755575615628914e-17,2.516900058839421e-17,-5.292457620402312e-17,0.0
191001,AFRINSURE,2023-01-13,0.2,0.2,0.0,2026-04-08T03:59:55.073566+00:00,0.0,0.0,0.0,0.0,0.2,0.2,0.2,0.0,0.0,36.20620439605537,-2.7755575615628914e-17,2.0135200470715367e-17,-4.789077608634428e-17,0.0
191115,AFRINSURE,2023-01-17,0.2,0.2,0.0,2026-04-08T04:00:00.52991+00:00,0.0,0.0,0.0,0.0,0.2,0.2,0.2,0.0,0.0,36.20620439605537,-2.7755575615628914e-17,1.6108160376572296e-17,-4.386373599220121e-17,0.0
191229,AFRINSURE,2023-01-18,0.2,0.2,0.0,2026-04-08T04:00:02.930508+00:00,0.0,0.0,0.0,0.0,0.2,0.2,0.2,0.0,0.0,36.20620439605537,-2.7755575615628914e-17,1.2886528301257837e-17,-4.064210391688675e-17,0.0
191343,AFRINSURE,2023-01-19,0.2,0.2,0.0,2026-04-08T04:00:05.157464+00:00,0.0,0.0,0.0,0.0,0.2,0.2,0.2,0.0,0.0,36.20620439605537,-2.7755575615628914e-17,1.0309222641006267e-17,-3.806479825663518e-17,0.0
191457,AFRINSURE,2023-01-20,0.2,0.2,0.0,2026-04-08T04:00:07.441529+00:00,0.0,0.0,0.0,0.0,0.2,0.2,0.2,0.0,0.0,36.20620439605538,-2.7755575615628914e-17,8.247378112805014e-18,-3.600295372843393e-17,0.0
191571,AFRINSURE,2023-01-23,0.2,0.2,0.0,2026-04-08T04:00:11.934625+00:00,0.0,0.0,0.0,0.0,0.2,0.2,0.2,0.0,0.0,36.20620439605537,-2.7755575615628914e-17,6.59790249024401e-18,-3.4353478105872923e-17,0.0
191685,AFRINSURE,2023-01-24,0.2,0.2,0.0,2026-04-08T04:00:14.448563+00:00,0.0,0.0,0.0,0.0,0.2,0.2,0.2,0.0,0.0,36.20620439605537,-2.7755575615628914e-17,5.2783219921952066e-18,-3.303389760782412e-17,0.0
191799,AFRINSURE,2023-01-25,0.2,0.2,0.0,2026-04-08T04:00:16.660222+00:00,0.0,0.0,0.0,0.0,0.2,0.2,0.2,0.0,0.0,36.20620439605537,-2.7755575615628914e-17,4.222657593756168e-18,-3.197823320938508e-17,0.0
191913,AFRINSURE,2023-01-26,0.2,0.2,0.0,2026-04-08T04:00:19.02129+00:00,0.0,0.0,0.0,0.0,0.2,0.2,0.2,0.0,0.0,36.20620439605537,-2.7755575615628914e-17,3.3781260750049366e-18,-3.113370169063385e-17,0.0
192027,AFRINSURE,2023-01-27,0.2,0.2,0.0,2026-04-08T04:00:21.366865+00:00,0.0,0.0,0.0,0.0,0.2,0.2,0.2,0.0,0.0,36.20620439605538,-2.7755575615628914e-17,2.7025008600039493e-18,-3.045807647563286e-17,0.0
192141,AFRINSURE,2023-01-30,0.2,0.2,0.0,2026-04-08T04:00:26.318741+00:00,0.0,0.0,0.0,0.0,0.2,0.2,0.2,0.0,0.0,36.20620439605537,-2.7755575615628914e-17,2.162000688003163e-18,-2.9917576303632077e-17,0.0
192255,AFRINSURE,2023-01-31,0.2,0.2,0.0,2026-04-08T04:00:28.560212+00:00,0.0,0.0,0.0,0.0,0.2,0.2,0.2,0.0,0.0,36.20620439605537,-2.7755575615628914e-17,1.7296005504025305e-18,-2.9485176166031444e-17,0.0
192369,AFRINSURE,2023-02-06,0.2,0.2,0.0,2026-04-08T04:00:36.14931+00:00,0.0,0.0,0.0,0.0,0.2,0.2,0.2,0.0,0.0,36.20620439605537,-2.7755575615628914e-17,1.3836804403220232e-18,-2.9139256055950937e-17,0.0
192483,AFRINSURE,2023-02-07,0.2,0.2,0.0,2026-04-08T04:00:38.379875+00:00,0.0,0.0,0.0,0.0,0.2,0.2,0.2,0.0,0.0,36.20620439605538,-2.7755575615628914e-17,1.1069443522576173e-18,-2.886251996788653e-17,0.0
192597,AFRINSURE,2023-02-08,0.2,0.2,0.0,2026-04-08T04:00:40.736361+00:00,0.0,0.0,0.0,0.0,0.2,0.2,0.2,0.0,0.0,36.20620439605537,-2.7755575615628914e-17,8.855554818060975e-19,-2.864113109743501e-17,0.0
192711,AFRINSURE,2023-02-09,0.2,0.2,0.0,2026-04-08T04:00:43.03687+00:00,0.0,0.0,0.0,0.0,0.2,0.2,0.2,0.0,0.0,36.20620439605537,-2.7755575615628914e-17,7.084443854448817e-19,-2.8464020001073795e-17,0.0
192825,AFRINSURE,2023-02-10,0.2,0.2,0.0,2026-04-08T04:00:46.517744+00:00,0.0,0.0,0.0,0.0,0.2,0.2,0.2,0.0,0.0,36.20620439605537,-2.7755575615628914e-17,5.667555083559091e-19,-2.832233112398482e-17,0.0
192939,AFRINSURE,2023-02-13,0.2,0.2,0.0,2026-04-08T04:00:50.958429+00:00,0.0,0.0,0.0,0.0,0.2,0.2,0.2,0.0,0.0,36.20620439605538,-2.7755575615628914e-17,4.53404406684731e-19,-2.8208980022313644e-17,0.0
193053,AFRINSURE,2023-02-14,0.2,0.2,0.0,2026-04-08T04:00:53.400398+00:00,0.0,0.0,0.0,0.0,0.2,0.2,0.2,0.0,0.0,36.20620439605537,-2.7755575615628914e-17,3.6272352534778847e-19,-2.81182991409767e-17,0.0
193167,AFRINSURE,2023-02-15,0.2,0.2,0.0,2026-04-08T04:00:55.645789+00:00,0.0,0.0,0.0,0.0,0.2,0.2,0.2,0.0,0.0,36.20620439605537,-2.7755575615628914e-17,2.901788202782308e-19,-2.8045754435907144e-17,0.0
193281,AFRINSURE,2023-02-16,0.2,0.2,0.0,2026-04-08T04:00:58.043326+00:00,0.0,0.0,0.0,0.0,0.2,0.2,0.2,0.0,0.0,36.20620439605536,-2.7755575615628914e-17,2.321430562225846e-19,-2.79877186718515e-17,0.0
193395,AFRINSURE,2023-02-17,0.2,0.2,0.0,2026-04-08T04:01:00.355798+00:00,0.0,0.0,0.0,0.0,0.2,0.2,0.2,0.0,0.0,36.20620439605536,-2.7755575615628914e-17,1.857144449780677e-19,-2.794129006060698e-17,0.0
193509,AFRINSURE,2023-02-20,0.2,0.2,0.0,2026-04-08T04:01:04.633293+00:00,0.0,0.0,0.0,0.0,0.2,0.2,0.2,0.0,0.0,36.20620439605536,-2.7755575615628914e-17,1.4857155598245416e-19,-2.790414717161137e-17,0.0
193623,AFRINSURE,2023-02-21,0.2,0.2,0.0,2026-04-08T04:01:06.910783+00:00,0.0,0.0,0.0,0.0,0.2,0.2,0.2,0.0,0.0,36.20620439605536,-2.7755575615628914e-17,1.188572447859621e-19,-2.7874432860414876e-17,0.0
193737,AFRINSURE,2023-02-22,0.2,0.2,0.0,2026-04-08T04:01:09.421576+00:00,0.0,0.0,0.0,0.0,0.2,0.2,0.2,0.0,0.0,36.20620439605536,-2.7755575615628914e-17,9.508579582877337e-20,-2.7850661411457687e-17,0.0
193851,AFRINSURE,2023-02-23,0.2,0.2,0.0,2026-04-08T04:01:11.765387+00:00,0.0,0.0,0.0,0.0,0.2,0.2,0.2,0.0,0.0,36.20620439605536,-2.7755575615628914e-17,7.606863666302116e-20,-2.7831644252291935e-17,0.0
193965,AFRINSURE,2023-02-24,0.2,0.2,0.0,2026-04-08T04:01:14.12415+00:00,0.0,0.0,0.0,0.0,0.2,0.2,0.2,0.0,0.0,36.20620439605536,-2.7755575615628914e-17,6.085490933041816e-20,-2.781643052495933e-17,0.0
194079,AFRINSURE,2023-02-27,0.2,0.2,0.0,2026-04-08T04:01:18.463572+00:00,0.0,0.0,0.0,0.0,0.2,0.2,0.2,0.0,0.0,36.20620439605536,-2.7755575615628914e-17,4.8683927464335763e-20,-2.780425954309325e-17,0.0
194193,AFRINSURE,2023-02-28,0.2,0.2,0.0,2026-04-08T04:01:20.671303+00:00,0.0,0.0,0.0,0.0,0.2,0.2,0.2,0.0,0.0,36.20620439605536,-2.7755575615628914e-17,3.894714197146738e-20,-2.779452275760038e-17,0.0
194307,AFRINSURE,2023-03-01,0.2,0.2,0.0,2026-04-08T04:01:23.068989+00:00,0.0,0.0,0.0,0.0,0.2,0.2,0.2,0.0,0.0,36.20620439605537,-2.7755575615628914e-17,3.11577135771739e-20,-2.778673332920609e-17,0.0
194421,AFRINSURE,2023-03-02,0.2,0.2,0.0,2026-04-08T04:01:25.352172+00:00,0.0,0.0,0.0,0.0,0.2,0.2,0.2,0.0,0.0,36.20620439605537,-2.7755575615628914e-17,2.492617086173789e-20,-2.778050178649065e-17,0.0
194535,AFRINSURE,2023-03-03,0.2,0.2,0.0,2026-04-08T04:01:27.716711+00:00,0.0,0.0,0.0,0.0,0.2,0.2,0.2,0.0,0.0,36.20620439605537,-2.7755575615628914e-17,1.9940936689392777e-20,-2.7775516552318306e-17,0.0
194649,AFRINSURE,2023-03-06,0.2,0.2,0.0,2026-04-08T04:01:32.392486+00:00,0.0,0.0,0.0,0.0,0.2,0.2,0.2,0.0,0.0,36.20620439605537,-2.7755575615628914e-17,1.595274935151792e-20,-2.777152836498043e-17,0.0
194763,AFRINSURE,2023-03-07,0.2,0.2,0.0,2026-04-08T04:01:34.845095+00:00,0.0,0.0,0.0,0.0,0.2,0.2,0.2,0.0,0.0,36.20620439605536,-2.7755575615628914e-17,1.2762199481214335e-20,-2.776833781511013e-17,0.0
194877,AFRINSURE,2023-03-08,0.2,0.2,0.0,2026-04-08T04:01:37.261757+00:00,0.0,0.0,0.0,0.0,0.2,0.2,0.2,0.0,0.0,36.20620439605536,-2.7755575615628914e-17,1.0209759584973933e-20,-2.776578537521389e-17,0.0
194991,AFRINSURE,2023-03-09,0.2,0.2,0.0,2026-04-08T04:01:39.987396+00:00,0.0,0.0,0.0,0.0,0.2,0.2,0.2,0.0,0.0,36.206204396055355,-2.7755575615628914e-17,8.167807667982845e-21,-2.7763743423296896e-17,0.0
195105,AFRINSURE,2023-03-13,0.2,0.2,0.0,2026-04-08T04:01:45.627511+00:00,0.0,0.0,0.0,0.0,0.2,0.2,0.2,0.0,0.0,36.20620439605536,-2.7755575615628914e-17,6.534246134388741e-21,-2.77621098617633e-17,0.0
195219,AFRINSURE,2023-03-14,0.2,0.2,0.0,2026-04-08T04:01:48.257383+00:00,0.0,0.0,0.0,0.0,0.2,0.2,0.2,0.0,0.0,36.20620439605536,-2.7755575615628914e-17,5.227396907510993e-21,-2.7760803012536425e-17,0.0
195333,AFRINSURE,2023-03-15,0.2,0.2,0.0,2026-04-08T04:01:50.627346+00:00,0.0,0.0,0.0,0.0,0.2,0.2,0.2,0.0,0.0,36.20620439605537,-2.7755575615628914e-17,4.181917526011259e-21,-2.7759757533154925e-17,0.0
195447,AFRINSURE,2023-03-16,0.2,0.2,0.0,2026-04-08T04:01:53.062383+00:00,0.0,0.0,0.0,0.0,0.2,0.2,0.2,0.0,0.0,36.20620439605537,-2.7755575615628914e-17,3.3455340208090074e-21,-2.775892114964972e-17,0.0
195561,AFRINSURE,2023-03-17,0.2,0.2,0.0,2026-04-08T04:01:55.701252+00:00,0.0,0.0,0.0,0.0,0.2,0.2,0.2,0.0,0.0,36.20620439605537,-2.7755575615628914e-17,2.6764272166459734e-21,-2.775825204284556e-17,0.0
195675,AFRINSURE,2023-03-20,0.2,0.2,0.0,2026-04-08T04:01:59.933448+00:00,0.0,0.0,0.0,0.0,0.2,0.2,0.2,0.0,0.0,36.20620439605538,-2.7755575615628914e-17,2.141141773315546e-21,-2.775771675740223e-17,0.0
195789,AFRINSURE,2023-03-22,0.2,0.2,0.0,2026-04-08T04:02:03.467012+00:00,0.0,0.0,0.0,0.0,0.2,0.2,0.2,0.0,0.0,36.20620439605537,-2.7755575615628914e-17,1.712913418654902e-21,-2.775728852904757e-17,0.0
195903,AFRINSURE,2023-03-23,0.2,0.2,0.0,2026-04-08T04:02:05.929911+00:00,0.0,0.0,0.0,0.0,0.2,0.2,0.2,0.0,0.0,36.20620439605538,-2.7755575615628914e-17,1.3703307349263868e-21,-2.775694594636384e-17,0.0
196017,AFRINSURE,2023-03-24,0.2,0.2,0.0,2026-04-08T04:02:08.248632+00:00,0.0,0.0,0.0,0.0,0.2,0.2,0.2,0.0,0.0,36.20620439605537,-2.7755575615628914e-17,1.096264587942342e-21,-2.7756671880216856e-17,0.0
196131,AFRINSURE,2023-03-27,0.2,0.2,0.0,2026-04-08T04:02:12.564733+00:00,0.0,0.0,0.0,0.0,0.2,0.2,0.2,0.0,0.0,36.20620439605537,-2.7755575615628914e-17,8.770116703575714e-22,-2.775645262729927e-17,0.0
196245,AFRINSURE,2023-03-28,0.2,0.2,0.0,2026-04-08T04:02:14.764209+00:00,0.0,0.0,0.0,0.0,0.2,0.2,0.2,0.0,0.0,36.20620439605537,-2.7755575615628914e-17,7.016093362897549e-22,-2.7756277224965203e-17,0.0
196359,AFRINSURE,2023-03-29,0.2,0.2,0.0,2026-04-08T04:02:17.140393+00:00,0.0,0.0,0.0,0.0,0.2,0.2,0.2,0.0,0.0,36.20620439605537,-2.7755575615628914e-17,5.612874690355017e-22,-2.775613690309795e-17,0.0
196473,AFRINSURE,2023-03-30,0.2,0.2,0.0,2026-04-08T04:02:19.470716+00:00,0.0,0.0,0.0,0.0,0.2,0.2,0.2,0.0,0.0,36.20620439605538,-2.7755575615628914e-17,4.490299752271688e-22,-2.775602464560414e-17,0.0
196587,AFRINSURE,2023-03-31,0.2,0.2,0.0,2026-04-08T04:02:21.739047+00:00,0.0,0.0,0.0,0.0,0.2,0.2,0.2,0.0,0.0,36.20620439605537,-2.7755575615628914e-17,3.5922398018173503e-22,-2.7755934839609095e-17,0.0
196701,AFRINSURE,2023-04-03,0.2,0.2,0.0,2026-04-08T04:02:26.060346+00:00,0.0,0.0,0.0,0.0,0.2,0.2,0.2,0.0,0.0,36.20620439605538,-2.7755575615628914e-17,2.8737918414415543e-22,-2.775586299481306e-17,0.0
196815,AFRINSURE,2023-04-04,0.2,0.2,0.0,2026-04-08T04:02:28.444728+00:00,0.0,0.0,0.0,0.0,0.2,0.2,0.2,0.0,0.0,36.20620439605537,-2.7755575615628914e-17,2.2990334731532435e-22,-2.775580551897623e-17,0.0
196929,AFRINSURE,2023-04-05,0.2,0.2,0.0,2026-04-08T04:02:30.864627+00:00,0.0,0.0,0.0,0.0,0.2,0.2,0.2,0.0,0.0,36.20620439605537,-2.7755575615628914e-17,1.8392267785349207e-22,-2.775575953830677e-17,0.0
197043,AFRINSURE,2023-04-06,0.2,0.2,0.0,2026-04-08T04:02:33.239626+00:00,0.0,0.0,0.0,0.0,0.2,0.2,0.2,0.0,0.0,36.20620439605537,-2.7755575615628914e-17,1.4713814228402625e-22,-2.77557227537712e-17,0.0
197157,AFRINSURE,2023-04-11,0.2,0.2,0.0,2026-04-08T04:02:39.320239+00:00,0.0,0.0,0.0,0.0,0.2,0.2,0.2,0.0,0.0,36.20620439605537,-2.7755575615628914e-17,1.177105138284536e-22,-2.775569332614274e-17,0.0
197271,AFRINSURE,2023-04-12,0.2,0.2,0.0,2026-04-08T04:02:41.643197+00:00,0.0,0.0,0.0,0.0,0.2,0.2,0.2,0.0,0.0,36.20620439605537,-2.7755575615628914e-17,9.416841106153028e-23,-2.7755669784039975e-17,0.0
197385,AFRINSURE,2023-04-13,0.2,0.2,0.0,2026-04-08T04:02:44.360634+00:00,0.0,0.0,0.0,0.0,0.2,0.2,0.2,0.0,0.0,36.20620439605537,-2.7755575615628914e-17,7.533472884799163e-23,-2.775565095035776e-17,0.0
197499,AFRINSURE,2023-04-14,0.2,0.2,0.0,2026-04-08T04:02:47.093001+00:00,0.0,0.0,0.0,0.0,0.2,0.2,0.2,0.0,0.0,36.20620439605537,-2.7755575615628914e-17,6.026778308209109e-23,-2.7755635883411996e-17,0.0
197613,AFRINSURE,2023-04-17,0.2,0.2,0.0,2026-04-08T04:02:52.113012+00:00,0.0,0.0,0.0,0.0,0.2,0.2,0.2,0.0,0.0,36.20620439605537,-2.7755575615628914e-17,4.821422646444028e-23,-2.775562382985538e-17,0.0
197727,AFRINSURE,2023-04-18,0.2,0.2,0.0,2026-04-08T04:02:54.97501+00:00,0.0,0.0,0.0,0.0,0.2,0.2,0.2,0.0,0.0,36.20620439605537,-2.7755575615628914e-17,3.8571381170319627e-23,-2.7755614187010084e-17,0.0
197841,AFRINSURE,2023-04-19,0.2,0.2,0.0,2026-04-08T04:02:57.648371+00:00,0.0,0.0,0.0,0.0,0.2,0.2,0.2,0.0,0.0,36.20620439605537,-2.7755575615628914e-17,3.08571049362557e-23,-2.775560647273385e-17,0.0
197955,AFRINSURE,2023-04-20,0.2,0.2,0.0,2026-04-08T04:03:00.087899+00:00,0.0,0.0,0.0,0.0,0.2,0.2,0.2,0.0,0.0,36.20620439605537,-2.7755575615628914e-17,2.468568395146975e-23,-2.7755600301312865e-17,0.0
198069,AFRINSURE,2023-04-25,0.2,0.2,0.0,2026-04-08T04:03:06.320111+00:00,0.0,0.0,0.0,0.0,0.2,0.2,0.2,0.0,0.0,36.20620439605537,-2.7755575615628914e-17,1.9748547162408396e-23,-2.7755595364176076e-17,0.0
198183,AFRINSURE,2023-04-26,0.2,0.2,0.0,2026-04-08T04:03:08.704488+00:00,0.0,0.0,0.0,0.0,0.2,0.2,0.2,0.0,0.0,36.20620439605537,-2.7755575615628914e-17,1.5798837731159312e-23,-2.7755591414466645e-17,0.0
198297,AFRINSURE,2023-04-27,0.2,0.2,0.0,2026-04-08T04:03:11.176222+00:00,0.0,0.0,0.0,0.0,0.2,0.2,0.2,0.0,0.0,36.20620439605537,-2.7755575615628914e-17,1.263907018492745e-23,-2.77555882546991e-17,0.0
198411,AFRINSURE,2023-04-28,0.2,0.2,0.0,2026-04-08T04:03:13.757457+00:00,0.0,0.0,0.0,0.0,0.2,0.2,0.2,0.0,0.0,36.20620439605537,-2.7755575615628914e-17,1.0111256151639745e-23,-2.7755585726885065e-17,0.0
198525,AFRINSURE,2023-05-03,0.2,0.2,0.0,2026-04-08T04:03:20.258962+00:00,0.0,0.0,0.0,0.0,0.2,0.2,0.2,0.0,0.0,36.20620439605537,-2.7755575615628914e-17,8.089004922544391e-24,-2.7755583704633836e-17,0.0
198639,AFRINSURE,2023-05-04,0.2,0.2,0.0,2026-04-08T04:03:22.719511+00:00,0.0,0.0,0.0,0.0,0.2,0.2,0.2,0.0,0.0,36.20620439605536,-2.7755575615628914e-17,6.471203936802918e-24,-2.775558208683285e-17,0.0
198753,AFRINSURE,2023-05-08,0.2,0.2,0.0,2026-04-08T04:03:29.045349+00:00,0.0,0.0,0.0,0.0,0.2,0.2,0.2,0.0,0.0,36.20620439605536,-2.7755575615628914e-17,5.1769631506749295e-24,-2.7755580792592064e-17,0.0
198867,AFRINSURE,2023-05-09,0.2,0.2,0.0,2026-04-08T04:03:32.620003+00:00,0.0,0.0,0.0,0.0,0.2,0.2,0.2,0.0,0.0,36.20620439605537,-2.7755575615628914e-17,4.141570523005134e-24,-2.7755579757199437e-17,0.0
198981,AFRINSURE,2023-05-12,0.2,0.2,0.0,2026-04-08T04:03:37.286216+00:00,0.0,0.0,0.0,0.0,0.2,0.2,0.2,0.0,0.0,36.20620439605536,-2.7755575615628914e-17,3.313256422101893e-24,-2.7755578928885336e-17,0.0
199095,AFRINSURE,2023-05-15,0.2,0.2,0.0,2026-04-08T04:03:41.825544+00:00,0.0,0.0,0.0,0.0,0.2,0.2,0.2,0.0,0.0,36.20620439605536,-2.7755575615628914e-17,2.6506051389141093e-24,-2.775557826623405e-17,0.0
199209,AFRINSURE,2023-05-16,0.2,0.2,0.0,2026-04-08T04:03:44.244464+00:00,0.0,0.0,0.0,0.0,0.2,0.2,0.2,0.0,0.0,36.20620439605536,-2.7755575615628914e-17,2.120484114829073e-24,-2.775557773611303e-17,0.0
199323,AFRINSURE,2023-05-17,0.2,0.2,0.0,2026-04-08T04:03:46.492518+00:00,0.0,0.0,0.0,0.0,0.2,0.2,0.2,0.0,0.0,36.20620439605536,-2.7755575615628914e-17,1.696387290630663e-24,-2.7755577312016204e-17,0.0
199437,AFRINSURE,2023-05-18,0.2,0.2,0.0,2026-04-08T04:03:48.752249+00:00,0.0,0.0,0.0,0.0,0.2,0.2,0.2,0.0,0.0,36.20620439605537,-2.7755575615628914e-17,1.3571098325045305e-24,-2.7755576972738746e-17,0.0
199551,AFRINSURE,2023-05-19,0.2,0.2,0.0,2026-04-08T04:03:51.139215+00:00,0.0,0.0,0.0,0.0,0.2,0.2,0.2,0.0,0.0,36.20620439605536,-2.7755575615628914e-17,1.0856878660036244e-24,-2.775557670131678e-17,0.0
199665,AFRINSURE,2023-05-22,0.2,0.2,0.0,2026-04-08T04:03:55.484935+00:00,0.0,0.0,0.0,0.0,0.2,0.2,0.2,0.0,0.0,36.20620439605536,-2.7755575615628914e-17,8.68550296500685e-25,-2.775557648417921e-17,0.0
199779,AFRINSURE,2023-05-23,0.2,0.2,0.0,2026-04-08T04:03:57.886867+00:00,0.0,0.0,0.0,0.0,0.2,0.2,0.2,0.0,0.0,36.20620439605536,-2.7755575615628914e-17,6.948402408983335e-25,-2.7755576310469154e-17,0.0
199893,AFRINSURE,2023-05-24,0.2,0.2,0.0,2026-04-08T04:04:00.334047+00:00,0.0,0.0,0.0,0.0,0.2,0.2,0.2,0.0,0.0,36.206204396055355,-2.7755575615628914e-17,5.558721927186668e-25,-2.7755576171501106e-17,0.0
200007,AFRINSURE,2023-05-25,0.2,0.2,0.0,2026-04-08T04:04:02.79018+00:00,0.0,0.0,0.0,0.0,0.2,0.2,0.2,0.0,0.0,36.20620439605535,-2.7755575615628914e-17,4.4469775417493345e-25,-2.775557606032667e-17,0.0
200121,AFRINSURE,2023-05-26,0.2,0.2,0.0,2026-04-08T04:04:05.139052+00:00,0.0,0.0,0.0,0.0,0.2,0.2,0.2,0.0,0.0,36.20620439605535,-2.7755575615628914e-17,3.5575820457254193e-25,-2.775557597138712e-17,0.0
200235,AFRINSURE,2023-05-30,0.2,0.2,0.0,2026-04-08T04:04:11.011702+00:00,0.0,0.0,0.0,0.0,0.2,0.2,0.2,0.0,0.0,36.20620439605535,-2.7755575615628914e-17,2.846065624254384e-25,-2.7755575900235476e-17,0.0
200349,AFRINSURE,2023-06-01,0.2,0.2,0.0,2026-04-08T04:04:14.390605+00:00,0.0,0.0,0.0,0.0,0.2,0.2,0.2,0.0,0.0,36.20620439605535,-2.7755575615628914e-17,2.276852499403507e-25,-2.7755575843314163e-17,0.0
200463,AFRINSURE,2023-06-02,0.2,0.2,0.0,2026-04-08T04:04:16.732653+00:00,0.0,0.0,0.0,0.0,0.2,0.2,0.2,0.0,0.0,36.20620439605535,-2.7755575615628914e-17,1.821481987196854e-25,-2.775557579777711e-17,0.0
200577,AFRINSURE,2023-06-05,0.2,0.2,0.0,2026-04-08T04:04:21.343031+00:00,0.0,0.0,0.0,0.0,0.2,0.2,0.2,0.0,0.0,36.20620439605536,-2.7755575615628914e-17,1.4571855897574832e-25,-2.775557576134747e-17,0.0
200691,AFRINSURE,2023-06-06,0.2,0.2,0.0,2026-04-08T04:04:23.98223+00:00,0.0,0.0,0.0,0.0,0.2,0.2,0.2,0.0,0.0,36.206204396055355,-2.7755575615628914e-17,1.1657485087838415e-25,-2.7755575732203764e-17,0.0
200805,AFRINSURE,2023-06-07,0.2,0.2,0.0,2026-04-08T04:04:26.507718+00:00,0.0,0.0,0.0,0.0,0.2,0.2,0.2,0.0,0.0,36.20620439605535,-2.7755575615628914e-17,9.325988193530248e-26,-2.7755575708888795e-17,0.0
200919,AFRINSURE,2023-06-08,0.2,0.2,0.0,2026-04-08T04:04:29.08401+00:00,0.0,0.0,0.0,0.0,0.2,0.2,0.2,0.0,0.0,36.206204396055355,-2.7755575615628914e-17,7.460790678083715e-26,-2.775557569023682e-17,0.0
201033,AFRINSURE,2023-06-09,0.2,0.2,0.0,2026-04-08T04:04:31.44664+00:00,0.0,0.0,0.0,0.0,0.2,0.2,0.2,0.0,0.0,36.20620439605535,-2.7755575615628914e-17,5.968632542466972e-26,-2.775557567531524e-17,0.0
201147,AFRINSURE,2023-06-13,0.2,0.2,0.0,2026-04-08T04:04:36.862505+00:00,0.0,0.0,0.0,0.0,0.2,0.2,0.2,0.0,0.0,36.20620439605535,-2.7755575615628914e-17,4.7749060339735776e-26,-2.7755575663377974e-17,0.0
201261,AFRINSURE,2023-06-14,0.2,0.2,0.0,2026-04-08T04:04:39.320552+00:00,0.0,0.0,0.0,0.0,0.2,0.2,0.2,0.0,0.0,36.206204396055355,-2.7755575615628914e-17,3.8199251969574114e-26,-2.7755575653828165e-17,0.0
201375,AFRINSURE,2023-06-15,0.2,0.2,0.0,2026-04-08T04:04:41.673534+00:00,0.0,0.0,0.0,0.0,0.2,0.2,0.2,0.0,0.0,36.20620439605535,-2.7755575615628914e-17,3.0559405273444785e-26,-2.775557564618832e-17,0.0
201489,AFRINSURE,2023-06-16,0.2,0.2,0.0,2026-04-08T04:04:44.052846+00:00,0.0,0.0,0.0,0.0,0.2,0.2,0.2,0.0,0.0,36.20620439605535,-2.7755575615628914e-17,2.4447526683946156e-26,-2.775557564007644e-17,0.0
201603,AFRINSURE,2023-06-19,0.2,0.2,0.0,2026-04-08T04:04:48.541112+00:00,0.0,0.0,0.0,0.0,0.2,0.2,0.2,0.0,0.0,36.20620439605535,-2.7755575615628914e-17,1.9558025044942418e-26,-2.775557563518694e-17,0.0
201717,AFRINSURE,2023-06-20,0.2,0.2,0.0,2026-04-08T04:04:51.378552+00:00,0.0,0.0,0.0,0.0,0.2,0.2,0.2,0.0,0.0,36.20620439605535,-2.7755575615628914e-17,1.56464212685491e-26,-2.7755575631275335e-17,0.0
201831,AFRINSURE,2023-06-21,0.2,0.2,0.0,2026-04-08T04:04:53.764277+00:00,0.0,0.0,0.0,0.0,0.2,0.2,0.2,0.0,0.0,36.20620439605535,-2.7755575615628914e-17,1.2517139480029608e-26,-2.775557562814605e-17,0.0
201945,AFRINSURE,2023-06-22,0.2,0.2,0.0,2026-04-08T04:04:56.145117+00:00,0.0,0.0,0.0,0.0,0.2,0.2,0.2,0.0,0.0,36.20620439605535,-2.7755575615628914e-17,1.0013714049214015e-26,-2.775557562564263e-17,0.0
202059,AFRINSURE,2023-06-26,0.2,0.2,0.0,2026-04-08T04:05:01.671465+00:00,0.0,0.0,0.0,0.0,0.2,0.2,0.2,0.0,0.0,36.20620439605534,-2.7755575615628914e-17,8.010974937156705e-27,-2.775557562363989e-17,0.0
202173,AFRINSURE,2023-06-30,0.2,0.2,0.0,2026-04-08T04:05:07.377697+00:00,0.0,0.0,0.0,0.0,0.2,0.2,0.2,0.0,0.0,36.20620439605535,-2.7755575615628914e-17,6.4087799497253644e-27,-2.7755575622037693e-17,0.0
202287,AFRINSURE,2023-07-03,0.2,0.2,0.0,2026-04-08T04:05:11.758079+00:00,0.0,0.0,0.0,0.0,0.2,0.2,0.2,0.0,0.0,36.206204396055355,-2.7755575615628914e-17,5.127022727185127e-27,-2.7755575620755936e-17,0.0
202401,AFRINSURE,2023-07-04,0.2,0.2,0.0,2026-04-08T04:05:14.17436+00:00,0.0,0.0,0.0,0.0,0.2,0.2,0.2,0.0,0.0,36.20620439605535,-2.7755575615628914e-17,4.1016206469384305e-27,-2.7755575619730534e-17,0.0
202515,AFRINSURE,2023-07-05,0.2,0.2,0.0,2026-04-08T04:05:16.577423+00:00,0.0,0.0,0.0,0.0,0.2,0.2,0.2,0.0,0.0,36.206204396055355,-2.7755575615628914e-17,3.281297750145909e-27,-2.775557561891021e-17,0.0
202629,AFRINSURE,2023-07-06,0.2,0.2,0.0,2026-04-08T04:05:19.075393+00:00,0.0,0.0,0.0,0.0,0.2,0.2,0.2,0.0,0.0,36.206204396055355,-2.7755575615628914e-17,2.6250394327118914e-27,-2.775557561825395e-17,0.0
202743,AFRINSURE,2023-07-07,0.2,0.2,0.0,2026-04-08T04:05:21.415756+00:00,0.0,0.0,0.0,0.0,0.2,0.2,0.2,0.0,0.0,36.20620439605536,-2.7755575615628914e-17,2.100034011359842e-27,-2.775557561772895e-17,0.0
202857,AFRINSURE,2023-07-10,0.2,0.2,0.0,2026-04-08T04:05:26.355595+00:00,0.0,0.0,0.0,0.0,0.2,0.2,0.2,0.0,0.0,36.20620439605535,-2.7755575615628914e-17,1.6800272090878736e-27,-2.775557561730894e-17,0.0
202971,AFRINSURE,2023-07-11,0.2,0.2,0.0,2026-04-08T04:05:28.903538+00:00,0.0,0.0,0.0,0.0,0.2,0.2,0.2,0.0,0.0,36.206204396055355,-2.7755575615628914e-17,1.3440217672702989e-27,-2.7755575616972935e-17,0.0
203085,AFRINSURE,2023-07-12,0.2,0.2,0.0,2026-04-08T04:05:31.299012+00:00,0.0,0.0,0.0,0.0,0.2,0.2,0.2,0.0,0.0,36.20620439605535,-2.7755575615628914e-17,1.0752174138162391e-27,-2.775557561670413e-17,0.0
203199,AFRINSURE,2023-07-14,0.2,0.2,0.0,2026-04-08T04:05:34.698751+00:00,0.0,0.0,0.0,0.0,0.2,0.2,0.2,0.0,0.0,36.20620439605535,-2.7755575615628914e-17,8.601726984578269e-28,-2.7755575616489086e-17,0.0
203313,AFRINSURE,2023-07-17,0.2,0.2,0.0,2026-04-08T04:05:39.139368+00:00,0.0,0.0,0.0,0.0,0.2,0.2,0.2,0.0,0.0,36.20620439605535,-2.7755575615628914e-17,6.881393913614259e-28,-2.775557561631705e-17,0.0
203427,AFRINSURE,2023-07-19,0.2,0.2,0.0,2026-04-08T04:05:42.577032+00:00,0.0,0.0,0.0,0.0,0.2,0.2,0.2,0.0,0.0,36.20620439605534,-2.7755575615628914e-17,5.505139782794695e-28,-2.775557561617943e-17,0.0
203541,AFRINSURE,2023-07-20,0.2,0.2,0.0,2026-04-08T04:05:45.122849+00:00,0.0,0.0,0.0,0.0,0.2,0.2,0.2,0.0,0.0,36.20620439605535,-2.7755575615628914e-17,4.4041241521874e-28,-2.7755575616069326e-17,0.0
203655,AFRINSURE,2023-07-21,0.2,0.2,0.0,2026-04-08T04:05:47.594805+00:00,0.0,0.0,0.0,0.0,0.2,0.2,0.2,0.0,0.0,36.20620439605534,-2.7755575615628914e-17,3.5233116477015644e-28,-2.7755575615981245e-17,0.0
203769,AFRINSURE,2023-07-24,0.2,0.2,0.0,2026-04-08T04:05:52.167161+00:00,0.0,0.0,0.0,0.0,0.2,0.2,0.2,0.0,0.0,36.20620439605535,-2.7755575615628914e-17,2.8186369922096074e-28,-2.775557561591078e-17,0.0
203883,AFRINSURE,2023-07-25,0.2,0.2,0.0,2026-04-08T04:05:54.602351+00:00,0.0,0.0,0.0,0.0,0.2,0.2,0.2,0.0,0.0,36.20620439605534,-2.7755575615628914e-17,2.254909593767686e-28,-2.7755575615854404e-17,0.0
203997,AFRINSURE,2023-07-26,0.2,0.2,0.0,2026-04-08T04:05:57.515236+00:00,0.0,0.0,0.0,0.0,0.2,0.2,0.2,0.0,0.0,36.20620439605535,-2.7755575615628914e-17,1.803964652869081e-28,-2.775557561580931e-17,0.0
204111,AFRINSURE,2023-07-27,0.2,0.2,0.0,2026-04-08T04:05:59.880161+00:00,0.0,0.0,0.0,0.0,0.2,0.2,0.2,0.0,0.0,36.20620439605534,-2.7755575615628914e-17,1.4431840482469089e-28,-2.775557561577323e-17,0.0
204225,AFRINSURE,2023-07-28,0.2,0.2,0.0,2026-04-08T04:06:02.220136+00:00,0.0,0.0,0.0,0.0,0.2,0.2,0.2,0.0,0.0,36.20620439605534,-2.7755575615628914e-17,1.1545718905008152e-28,-2.775557561574437e-17,0.0
204339,AFRINSURE,2023-07-31,0.2,0.2,0.0,2026-04-08T04:06:06.790851+00:00,0.0,0.0,0.0,0.0,0.2,0.2,0.2,0.0,0.0,36.20620439605534,-2.7755575615628914e-17,9.236451864490081e-29,-2.775557561572128e-17,0.0
204453,AFRINSURE,2023-08-02,0.2,0.2,0.0,2026-04-08T04:06:10.326378+00:00,0.0,0.0,0.0,0.0,0.2,0.2,0.2,0.0,0.0,36.20620439605534,-2.7755575615628914e-17,7.389408010624947e-29,-2.775557561570281e-17,0.0
204567,AFRINSURE,2023-08-03,0.2,0.2,0.0,2026-04-08T04:06:12.834218+00:00,0.0,0.0,0.0,0.0,0.2,0.2,0.2,0.0,0.0,36.20620439605534,-2.7755575615628914e-17,5.911526408499957e-29,-2.775557561568803e-17,0.0
204681,AFRINSURE,2023-08-04,0.2,0.2,0.0,2026-04-08T04:06:15.200886+00:00,0.0,0.0,0.0,0.0,0.2,0.2,0.2,0.0,0.0,36.20620439605534,-2.7755575615628914e-17,4.7294676458328473e-29,-2.775557561567621e-17,0.0
204795,AFRINSURE,2023-08-07,0.2,0.2,0.0,2026-04-08T04:06:19.871718+00:00,0.0,0.0,0.0,0.0,0.2,0.2,0.2,0.0,0.0,36.20620439605534,-2.7755575615628914e-17,3.783450857149837e-29,-2.775557561566675e-17,0.0
204909,AFRINSURE,2023-08-08,0.2,0.2,0.0,2026-04-08T04:06:22.245918+00:00,0.0,0.0,0.0,0.0,0.2,0.2,0.2,0.0,0.0,36.20620439605534,-2.7755575615628914e-17,3.026637426203429e-29,-2.775557561565918e-17,0.0
205023,AFRINSURE,2023-08-09,0.2,0.2,0.0,2026-04-08T04:06:24.635943+00:00,0.0,0.0,0.0,0.0,0.2,0.2,0.2,0.0,0.0,36.20620439605534,-2.7755575615628914e-17,2.421433200479184e-29,-2.775557561565313e-17,0.0
205137,AFRINSURE,2023-08-10,0.2,0.2,0.0,2026-04-08T04:06:27.035398+00:00,0.0,0.0,0.0,0.0,0.2,0.2,0.2,0.0,0.0,36.20620439605534,-2.7755575615628914e-17,1.9370233008669063e-29,-2.7755575615648284e-17,0.0
205251,AFRINSURE,2023-08-11,0.2,0.2,0.0,2026-04-08T04:06:29.455701+00:00,0.0,0.0,0.0,0.0,0.2,0.2,0.2,0.0,0.0,36.20620439605534,-2.7755575615628914e-17,1.5499884192428474e-29,-2.7755575615644413e-17,0.0
205365,AFRINSURE,2023-08-14,0.2,0.2,0.0,2026-04-08T04:06:33.923569+00:00,0.0,0.0,0.0,0.0,0.2,0.2,0.2,0.0,0.0,36.20620439605534,-2.7755575615628914e-17,1.239990735394278e-29,-2.7755575615641313e-17,0.0
205479,AFRINSURE,2023-08-15,0.2,0.2,0.0,2026-04-08T04:06:36.358161+00:00,0.0,0.0,0.0,0.0,0.2,0.2,0.2,0.0,0.0,36.20620439605534,-2.7755575615628914e-17,9.922391073483039e-30,-2.7755575615638836e-17,0.0
205593,AFRINSURE,2023-08-16,0.2,0.2,0.0,2026-04-08T04:06:38.679915+00:00,0.0,0.0,0.0,0.0,0.2,0.2,0.2,0.0,0.0,36.20620439605534,-2.7755575615628914e-17,7.937912858786431e-30,-2.775557561563685e-17,0.0
205707,AFRINSURE,2023-08-17,0.2,0.2,0.0,2026-04-08T04:06:40.998805+00:00,0.0,0.0,0.0,0.0,0.2,0.2,0.2,0.0,0.0,36.20620439605534,-2.7755575615628914e-17,6.354028072522369e-30,-2.775557561563527e-17,0.0
205821,AFRINSURE,2023-08-18,0.2,0.2,0.0,2026-04-08T04:06:43.468275+00:00,0.0,0.0,0.0,0.0,0.2,0.2,0.2,0.0,0.0,36.20620439605534,-2.7755575615628914e-17,5.084455053182303e-30,-2.7755575615634e-17,0.0
205935,AFRINSURE,2023-08-21,0.2,0.2,0.0,2026-04-08T04:06:47.688711+00:00,0.0,0.0,0.0,0.0,0.2,0.2,0.2,0.0,0.0,36.20620439605534,-2.7755575615628914e-17,4.067564042545842e-30,-2.775557561563298e-17,0.0
206049,AFRINSURE,2023-08-24,0.2,0.2,0.0,2026-04-08T04:06:51.989424+00:00,0.0,0.0,0.0,0.0,0.2,0.2,0.2,0.0,0.0,36.20620439605534,-2.7755575615628914e-17,3.254051234036674e-30,-2.775557561563217e-17,0.0
206163,AFRINSURE,2023-08-25,0.2,0.2,0.0,2026-04-08T04:06:54.38475+00:00,0.0,0.0,0.0,0.0,0.2,0.2,0.2,0.0,0.0,36.20620439605534,-2.7755575615628914e-17,2.6069387727225625e-30,-2.775557561563152e-17,0.0
206277,AFRINSURE,2023-08-28,0.2,0.2,0.0,2026-04-08T04:06:59.310949+00:00,0.0,0.0,0.0,0.0,0.2,0.2,0.2,0.0,0.0,36.20620439605535,-2.7755575615628914e-17,2.0892488036712735e-30,-2.7755575615631e-17,0.0
206391,AFRINSURE,2023-08-29,0.2,0.2,0.0,2026-04-08T04:07:01.613742+00:00,0.0,0.0,0.0,0.0,0.2,0.2,0.2,0.0,0.0,36.20620439605535,-2.7755575615628914e-17,1.670166447772611e-30,-2.7755575615630584e-17,0.0
206505,AFRINSURE,2023-08-30,0.2,0.2,0.0,2026-04-08T04:07:03.820209+00:00,0.0,0.0,0.0,0.0,0.2,0.2,0.2,0.0,0.0,36.20620439605535,-2.7755575615628914e-17,1.3373657533824966e-30,-2.775557561563025e-17,0.0
206619,AFRINSURE,2023-09-01,0.2,0.2,0.0,2026-04-08T04:07:07.195585+00:00,0.0,0.0,0.0,0.0,0.2,0.2,0.2,0.0,0.0,36.20620439605534,-2.7755575615628914e-17,1.072357793034813e-30,-2.7755575615629986e-17,0.0
206733,AFRINSURE,2023-09-04,0.2,0.2,0.0,2026-04-08T04:07:11.730996+00:00,0.0,0.0,0.0,0.0,0.2,0.2,0.2,0.0,0.0,36.20620439605535,-2.7755575615628914e-17,8.566536392634425e-31,-2.775557561562977e-17,0.0
206847,AFRINSURE,2023-09-05,0.2,0.2,0.0,2026-04-08T04:07:14.175893+00:00,0.0,0.0,0.0,0.0,0.2,0.2,0.2,0.0,0.0,36.20620439605535,-2.7755575615628914e-17,6.840903162463462e-31,-2.77555756156296e-17,0.0
206961,AFRINSURE,2023-09-06,0.2,0.2,0.0,2026-04-08T04:07:16.66229+00:00,0.0,0.0,0.0,0.0,0.2,0.2,0.2,0.0,0.0,36.20620439605534,-2.7755575615628914e-17,5.485048481614848e-31,-2.775557561562946e-17,0.0
207075,AFRINSURE,2023-09-07,0.2,0.2,0.0,2026-04-08T04:07:19.134101+00:00,0.0,0.0,0.0,0.0,0.2,0.2,0.2,0.0,0.0,36.20620439605534,-2.7755575615628914e-17,4.3757128336478e-31,-2.775557561562935e-17,0.0
207189,AFRINSURE,2023-09-08,0.2,0.2,0.0,2026-04-08T04:07:21.445908+00:00,0.0,0.0,0.0,0.0,0.2,0.2,0.2,0.0,0.0,36.206204396055334,-2.7755575615628914e-17,3.512896218562318e-31,-2.7755575615629265e-17,0.0
207303,AFRINSURE,2023-09-11,0.2,0.2,0.0,2026-04-08T04:07:26.133096+00:00,0.0,0.0,0.0,0.0,0.2,0.2,0.2,0.0,0.0,36.206204396055334,-2.7755575615628914e-17,2.834968878138011e-31,-2.77555756156292e-17,0.0
207417,AFRINSURE,2023-09-12,0.2,0.2,0.0,2026-04-08T04:07:28.57479+00:00,0.0,0.0,0.0,0.0,0.2,0.2,0.2,0.0,0.0,36.20620439605534,-2.7755575615628914e-17,2.2803010541544873e-31,-2.775557561562914e-17,0.0
207531,AFRINSURE,2023-09-13,0.2,0.2,0.0,2026-04-08T04:07:30.890589+00:00,0.0,0.0,0.0,0.0,0.2,0.2,0.2,0.0,0.0,36.20620439605534,-2.7755575615628914e-17,1.8488927466117464e-31,-2.77555756156291e-17,0.0
207645,AFRINSURE,2023-09-14,0.2,0.2,0.0,2026-04-08T04:07:33.324455+00:00,0.0,0.0,0.0,0.0,0.2,0.2,0.2,0.0,0.0,36.20620439605534,-2.7755575615628914e-17,1.4791141972893971e-31,-2.775557561562906e-17,0.0
207759,AFRINSURE,2023-09-15,0.2,0.2,0.0,2026-04-08T04:07:35.74244+00:00,0.0,0.0,0.0,0.0,0.2,0.2,0.2,0.0,0.0,36.20620439605534,-2.7755575615628914e-17,1.1709654061874394e-31,-2.775557561562903e-17,0.0
207873,AFRINSURE,2023-09-18,0.2,0.2,0.0,2026-04-08T04:07:40.292184+00:00,0.0,0.0,0.0,0.0,0.2,0.2,0.2,0.0,0.0,36.20620439605535,-2.7755575615628914e-17,9.244463733058732e-32,-2.7755575615629006e-17,0.0
207987,AFRINSURE,2023-09-19,0.2,0.2,0.0,2026-04-08T04:07:42.606346+00:00,0.0,0.0,0.0,0.0,0.2,0.2,0.2,0.0,0.0,36.20620439605534,-2.7755575615628914e-17,7.395570986446986e-32,-2.775557561562899e-17,0.0
208101,AFRINSURE,2023-09-20,0.2,0.2,0.0,2026-04-08T04:07:45.004042+00:00,0.0,0.0,0.0,0.0,0.2,0.2,0.2,0.0,0.0,36.20620439605534,-2.7755575615628914e-17,6.162975822039155e-32,-2.7755575615628975e-17,0.0
208215,AFRINSURE,2023-09-21,0.2,0.2,0.0,2026-04-08T04:07:47.370085+00:00,0.0,0.0,0.0,0.0,0.2,0.2,0.2,0.0,0.0,36.206204396055334,-2.7755575615628914e-17,4.930380657631324e-32,-2.775557561562896e-17,0.0
208329,AFRINSURE,2023-09-22,0.2,0.2,0.0,2026-04-08T04:07:49.898567+00:00,0.0,0.0,0.0,0.0,0.2,0.2,0.2,0.0,0.0,36.20620439605534,-2.7755575615628914e-17,4.3140830754274083e-32,-2.7755575615628957e-17,0.0
208443,AFRINSURE,2023-09-25,0.2,0.2,0.0,2026-04-08T04:07:54.305125+00:00,0.0,0.0,0.0,0.0,0.2,0.2,0.2,0.0,0.0,36.206204396055334,-2.7755575615628914e-17,3.697785493223493e-32,-2.775557561562895e-17,0.0
208557,AFRINSURE,2023-09-28,0.2,0.2,0.0,2026-04-08T04:07:58.898315+00:00,0.0,0.0,0.0,0.0,0.2,0.2,0.2,0.0,0.0,36.206204396055334,-2.7755575615628914e-17,3.0814879110195774e-32,-2.7755575615628944e-17,0.0
208671,AFRINSURE,2023-09-29,0.2,0.2,0.0,2026-04-08T04:08:01.279649+00:00,0.0,0.0,0.0,0.0,0.2,0.2,0.2,0.0,0.0,36.206204396055334,-2.7755575615628914e-17,2.465190328815662e-32,-2.775557561562894e-17,0.0
208785,AFRINSURE,2023-10-03,0.2,0.2,0.0,2026-04-08T04:08:06.721549+00:00,0.0,0.0,0.0,0.0,0.2,0.2,0.2,0.0,0.0,36.206204396055334,-2.7755575615628914e-17,1.8488927466117464e-32,-2.775557561562893e-17,0.0
208899,AFRINSURE,2023-10-04,0.2,0.2,0.0,2026-04-08T04:08:09.042741+00:00,0.0,0.0,0.0,0.0,0.2,0.2,0.2,0.0,0.0,36.206204396055334,-2.7755575615628914e-17,1.8488927466117464e-32,-2.775557561562893e-17,0.0
209013,AFRINSURE,2023-10-05,0.2,0.2,0.0,2026-04-08T04:08:11.600182+00:00,0.0,0.0,0.0,0.0,0.2,0.2,0.2,0.0,0.0,36.206204396055334,-2.7755575615628914e-17,1.8488927466117464e-32,-2.775557561562893e-17,0.0
209128,AFRINSURE,2023-10-06,0.2,0.2,0.0,2026-04-08T04:08:14.22861+00:00,0.0,0.0,0.0,0.0,0.2,0.2,0.2,0.0,0.0,36.206204396055334,-2.7755575615628914e-17,1.8488927466117464e-32,-2.775557561562893e-17,0.0
209243,AFRINSURE,2023-10-09,0.2,0.2,0.0,2026-04-08T04:08:18.740555+00:00,0.0,0.0,0.0,0.0,0.2,0.2,0.2,0.0,0.0,36.20620439605533,-2.7755575615628914e-17,1.8488927466117464e-32,-2.775557561562893e-17,0.0
209358,AFRINSURE,2023-10-10,0.2,0.2,0.0,2026-04-08T04:08:21.390436+00:00,0.0,0.0,0.0,0.0,0.2,0.2,0.2,0.0,0.0,36.206204396055334,-2.7755575615628914e-17,1.8488927466117464e-32,-2.775557561562893e-17,0.0
209472,AFRINSURE,2023-10-12,0.2,0.2,0.0,2026-04-08T04:08:24.861957+00:00,0.0,0.0,0.0,0.0,0.2,0.2,0.2,0.0,0.0,36.20620439605533,-2.7755575615628914e-17,1.8488927466117464e-32,-2.775557561562893e-17,0.0
209587,AFRINSURE,2023-10-13,0.2,0.2,0.0,2026-04-08T04:08:27.376596+00:00,0.0,0.0,0.0,0.0,0.2,0.2,0.2,0.0,0.0,36.206204396055334,-2.7755575615628914e-17,1.8488927466117464e-32,-2.775557561562893e-17,0.0
209702,AFRINSURE,2023-10-16,0.2,0.2,0.0,2026-04-08T04:08:32.388707+00:00,0.0,0.0,0.0,0.0,0.2,0.2,0.2,0.0,0.0,36.206204396055334,-2.7755575615628914e-17,1.8488927466117464e-32,-2.775557561562893e-17,0.0
209817,AFRINSURE,2023-10-17,0.2,0.2,0.0,2026-04-08T04:08:34.738576+00:00,0.0,0.0,0.0,0.0,0.2,0.2,0.2,0.0,0.0,36.206204396055334,-2.7755575615628914e-17,1.8488927466117464e-32,-2.775557561562893e-17,0.0
209932,AFRINSURE,2023-10-19,0.2,0.2,0.0,2026-04-08T04:08:38.671249+00:00,0.0,0.0,0.0,0.0,0.2,0.2,0.2,0.0,0.0,36.206204396055334,-2.7755575615628914e-17,1.8488927466117464e-32,-2.775557561562893e-17,0.0
210047,AFRINSURE,2023-10-20,0.2,0.2,0.0,2026-04-08T04:08:40.967521+00:00,0.0,0.0,0.0,0.0,0.2,0.2,0.2,0.0,0.0,36.20620439605533,-2.7755575615628914e-17,1.8488927466117464e-32,-2.775557561562893e-17,0.0
210162,AFRINSURE,2023-10-23,0.2,0.2,0.0,2026-04-08T04:08:45.440193+00:00,0.0,0.0,0.0,0.0,0.2,0.2,0.2,0.0,0.0,36.206204396055334,-2.7755575615628914e-17,1.8488927466117464e-32,-2.775557561562893e-17,0.0
210277,AFRINSURE,2023-10-24,0.2,0.2,0.0,2026-04-08T04:08:47.71675+00:00,0.0,0.0,0.0,0.0,0.2,0.2,0.2,0.0,0.0,36.20620439605533,-2.7755575615628914e-17,1.8488927466117464e-32,-2.775557561562893e-17,0.0
210392,AFRINSURE,2023-10-25,0.2,0.2,0.0,2026-04-08T04:08:50.022319+00:00,0.0,0.0,0.0,0.0,0.2,0.2,0.2,0.0,0.0,36.20620439605533,-2.7755575615628914e-17,1.8488927466117464e-32,-2.775557561562893e-17,0.0
210507,AFRINSURE,2023-10-26,0.2,0.2,0.0,2026-04-08T04:08:52.472279+00:00,0.0,0.0,0.0,0.0,0.2,0.2,0.2,0.0,0.0,36.20620439605533,-2.7755575615628914e-17,1.8488927466117464e-32,-2.775557561562893e-17,0.0
210622,AFRINSURE,2023-10-27,0.2,0.2,0.0,2026-04-08T04:08:54.778052+00:00,0.0,0.0,0.0,0.0,0.2,0.2,0.2,0.0,0.0,36.206204396055334,-2.7755575615628914e-17,1.8488927466117464e-32,-2.775557561562893e-17,0.0
210737,AFRINSURE,2023-10-30,0.2,0.2,0.0,2026-04-08T04:08:59.45056+00:00,0.0,0.0,0.0,0.0,0.2,0.2,0.2,0.0,0.0,36.206204396055334,-2.7755575615628914e-17,1.8488927466117464e-32,-2.775557561562893e-17,0.0
210852,AFRINSURE,2023-10-31,0.2,0.2,0.0,2026-04-08T04:09:01.914254+00:00,0.0,0.0,0.0,0.0,0.2,0.2,0.2,0.0,0.0,36.206204396055334,-2.7755575615628914e-17,1.8488927466117464e-32,-2.775557561562893e-17,0.0
210967,AFRINSURE,2023-11-01,0.2,0.2,0.0,2026-04-08T04:09:04.386399+00:00,0.0,0.0,0.0,0.0,0.2,0.2,0.2,0.0,0.0,36.20620439605534,-2.7755575615628914e-17,1.8488927466117464e-32,-2.775557561562893e-17,0.0
211082,AFRINSURE,2023-11-02,0.2,0.2,0.0,2026-04-08T04:09:06.696264+00:00,0.0,0.0,0.0,0.0,0.2,0.2,0.2,0.0,0.0,36.206204396055334,-2.7755575615628914e-17,1.8488927466117464e-32,-2.775557561562893e-17,0.0
211197,AFRINSURE,2023-11-03,0.2,0.2,0.0,2026-04-08T04:09:09.071615+00:00,0.0,0.0,0.0,0.0,0.2,0.2,0.2,0.0,0.0,36.206204396055334,-2.7755575615628914e-17,1.8488927466117464e-32,-2.775557561562893e-17,0.0
211312,AFRINSURE,2023-11-06,0.2,0.2,0.0,2026-04-08T04:09:13.59419+00:00,0.0,0.0,0.0,0.0,0.2,0.2,0.2,0.0,0.0,36.20620439605534,-2.7755575615628914e-17,1.8488927466117464e-32,-2.775557561562893e-17,0.0
211427,AFRINSURE,2023-11-07,0.2,0.2,0.0,2026-04-08T04:09:15.923939+00:00,0.0,0.0,0.0,0.0,0.2,0.2,0.2,0.0,0.0,36.20620439605534,-2.7755575615628914e-17,1.8488927466117464e-32,-2.775557561562893e-17,0.0
211543,AFRINSURE,2023-11-08,0.2,0.2,0.0,2026-04-08T04:09:18.177895+00:00,0.0,0.0,0.0,0.0,0.2,0.2,0.2,0.0,0.0,36.206204396055334,-2.7755575615628914e-17,1.8488927466117464e-32,-2.775557561562893e-17,0.0
211659,AFRINSURE,2023-11-09,0.2,0.2,0.0,2026-04-08T04:09:20.462573+00:00,0.0,0.0,0.0,0.0,0.2,0.2,0.2,0.0,0.0,36.206204396055334,-2.7755575615628914e-17,1.8488927466117464e-32,-2.775557561562893e-17,0.0
211775,AFRINSURE,2023-11-10,0.2,0.2,0.0,2026-04-08T04:09:22.644841+00:00,0.0,0.0,0.0,0.0,0.2,0.2,0.2,0.0,0.0,36.206204396055334,-2.7755575615628914e-17,1.8488927466117464e-32,-2.775557561562893e-17,0.0
211891,AFRINSURE,2023-11-13,0.2,0.2,0.0,2026-04-08T04:09:27.404692+00:00,0.0,0.0,0.0,0.0,0.2,0.2,0.2,0.0,0.0,36.206204396055334,-2.7755575615628914e-17,1.8488927466117464e-32,-2.775557561562893e-17,0.0
212007,AFRINSURE,2023-11-14,0.2,0.2,0.0,2026-04-08T04:09:29.775588+00:00,0.0,0.0,0.0,0.0,0.2,0.2,0.2,0.0,0.0,36.206204396055334,-2.7755575615628914e-17,1.8488927466117464e-32,-2.775557561562893e-17,0.0
212123,AFRINSURE,2023-11-15,0.2,0.2,0.0,2026-04-08T04:09:32.378304+00:00,0.0,0.0,0.0,0.0,0.2,0.2,0.2,0.0,0.0,36.206204396055334,-2.7755575615628914e-17,1.8488927466117464e-32,-2.775557561562893e-17,0.0
212239,AFRINSURE,2023-11-16,0.2,0.2,0.0,2026-04-08T04:09:34.916677+00:00,0.0,0.0,0.0,0.0,0.2,0.2,0.2,0.0,0.0,36.20620439605534,-2.7755575615628914e-17,1.8488927466117464e-32,-2.775557561562893e-17,0.0
212355,AFRINSURE,2023-11-17,0.2,0.2,0.0,2026-04-08T04:09:37.378105+00:00,0.0,0.0,0.0,0.0,0.2,0.2,0.2,0.0,0.0,36.20620439605533,-2.7755575615628914e-17,1.8488927466117464e-32,-2.775557561562893e-17,0.0
212471,AFRINSURE,2023-11-20,0.2,0.2,0.0,2026-04-08T04:09:41.830835+00:00,0.0,0.0,0.0,0.0,0.2,0.2,0.2,0.0,0.0,36.20620439605533,-2.7755575615628914e-17,1.8488927466117464e-32,-2.775557561562893e-17,0.0
212587,AFRINSURE,2023-11-21,0.2,0.2,0.0,2026-04-08T04:09:44.211025+00:00,0.0,0.0,0.0,0.0,0.2,0.2,0.2,0.0,0.0,36.206204396055334,-2.7755575615628914e-17,1.8488927466117464e-32,-2.775557561562893e-17,0.0
212703,AFRINSURE,2023-11-22,0.2,0.2,0.0,2026-04-08T04:09:46.526636+00:00,0.0,0.0,0.0,0.0,0.2,0.2,0.2,0.0,0.0,36.206204396055334,-2.7755575615628914e-17,1.8488927466117464e-32,-2.775557561562893e-17,0.0
212819,AFRINSURE,2023-11-23,0.2,0.2,0.0,2026-04-08T04:09:48.793806+00:00,0.0,0.0,0.0,0.0,0.2,0.2,0.2,0.0,0.0,36.206204396055334,-2.7755575615628914e-17,1.8488927466117464e-32,-2.775557561562893e-17,0.0
212935,AFRINSURE,2023-11-27,0.2,0.2,0.0,2026-04-08T04:09:54.316732+00:00,0.0,0.0,0.0,0.0,0.2,0.2,0.2,0.0,0.0,36.206204396055334,-2.7755575615628914e-17,1.8488927466117464e-32,-2.775557561562893e-17,0.0
213052,AFRINSURE,2023-11-28,0.2,0.2,0.0,2026-04-08T04:09:57.050116+00:00,0.0,0.0,0.0,0.0,0.2,0.2,0.2,0.0,0.0,36.20620439605534,-2.7755575615628914e-17,1.8488927466117464e-32,-2.775557561562893e-17,0.0
213169,AFRINSURE,2023-11-29,0.2,0.2,0.0,2026-04-08T04:09:59.54407+00:00,0.0,0.0,0.0,0.0,0.2,0.2,0.2,0.0,0.0,36.206204396055334,-2.7755575615628914e-17,1.8488927466117464e-32,-2.775557561562893e-17,0.0
213286,AFRINSURE,2023-11-30,0.2,0.2,0.0,2026-04-08T04:10:01.973818+00:00,0.0,0.0,0.0,0.0,0.2,0.2,0.2,0.0,0.0,36.20620439605534,-2.7755575615628914e-17,1.8488927466117464e-32,-2.775557561562893e-17,0.0
213403,AFRINSURE,2023-12-01,0.2,0.2,0.0,2026-04-08T04:10:04.46052+00:00,0.0,0.0,0.0,0.0,0.2,0.2,0.2,0.0,0.0,36.206204396055334,-2.7755575615628914e-17,1.8488927466117464e-32,-2.775557561562893e-17,0.0
213520,AFRINSURE,2023-12-04,0.2,0.2,0.0,2026-04-08T04:10:08.793495+00:00,0.0,0.0,0.0,0.0,0.2,0.2,0.2,0.0,0.0,36.206204396055334,-2.7755575615628914e-17,1.8488927466117464e-32,-2.775557561562893e-17,0.0
213637,AFRINSURE,2023-12-05,0.2,0.2,0.0,2026-04-08T04:10:11.104733+00:00,0.0,0.0,0.0,0.0,0.2,0.2,0.2,0.0,0.0,36.20620439605534,-2.7755575615628914e-17,1.8488927466117464e-32,-2.775557561562893e-17,0.0
213754,AFRINSURE,2023-12-06,0.2,0.2,0.0,2026-04-08T04:10:13.383432+00:00,0.0,0.0,0.0,0.0,0.2,0.2,0.2,0.0,0.0,36.20620439605534,-2.7755575615628914e-17,1.8488927466117464e-32,-2.775557561562893e-17,0.0
213871,AFRINSURE,2023-12-08,0.2,0.2,0.0,2026-04-08T04:10:16.965057+00:00,0.0,0.0,0.0,0.0,0.2,0.2,0.2,0.0,0.0,36.206204396055334,-2.7755575615628914e-17,1.8488927466117464e-32,-2.775557561562893e-17,0.0
213988,AFRINSURE,2023-12-11,0.2,0.2,0.0,2026-04-08T04:10:21.350621+00:00,0.0,0.0,0.0,0.0,0.2,0.2,0.2,0.0,0.0,36.20620439605534,-2.7755575615628914e-17,1.8488927466117464e-32,-2.775557561562893e-17,0.0
214105,AFRINSURE,2023-12-12,0.2,0.2,0.0,2026-04-08T04:10:23.843731+00:00,0.0,0.0,0.0,0.0,0.2,0.2,0.2,0.0,0.0,36.206204396055334,-2.7755575615628914e-17,1.8488927466117464e-32,-2.775557561562893e-17,0.0
214222,AFRINSURE,2023-12-13,0.2,0.2,0.0,2026-04-08T04:10:26.19208+00:00,0.0,0.0,0.0,0.0,0.2,0.2,0.2,0.0,0.0,36.20620439605534,-2.7755575615628914e-17,1.8488927466117464e-32,-2.775557561562893e-17,0.0
214339,AFRINSURE,2023-12-14,0.2,0.2,0.0,2026-04-08T04:10:28.64956+00:00,0.0,0.0,0.0,0.0,0.2,0.2,0.2,0.0,0.0,36.206204396055334,-2.7755575615628914e-17,1.8488927466117464e-32,-2.775557561562893e-17,0.0
214456,AFRINSURE,2023-12-15,0.2,0.2,0.0,2026-04-08T04:10:31.179138+00:00,0.0,0.0,0.0,0.0,0.2,0.2,0.2,0.0,0.0,36.206204396055334,-2.7755575615628914e-17,1.8488927466117464e-32,-2.775557561562893e-17,0.0
214573,AFRINSURE,2023-12-18,0.2,0.2,0.0,2026-04-08T04:10:35.879044+00:00,0.0,0.0,0.0,0.0,0.2,0.2,0.2,0.0,0.0,36.206204396055334,-2.7755575615628914e-17,1.8488927466117464e-32,-2.775557561562893e-17,0.0
214690,AFRINSURE,2023-12-19,0.2,0.2,0.0,2026-04-08T04:10:38.280823+00:00,0.0,0.0,0.0,0.0,0.2,0.2,0.2,0.0,0.0,36.206204396055334,-2.7755575615628914e-17,1.8488927466117464e-32,-2.775557561562893e-17,0.0
214807,AFRINSURE,2023-12-20,0.2,0.2,0.0,2026-04-08T04:10:40.523028+00:00,0.0,0.0,0.0,0.0,0.2,0.2,0.2,0.0,0.0,36.206204396055334,-2.7755575615628914e-17,1.8488927466117464e-32,-2.775557561562893e-17,0.0
214924,AFRINSURE,2023-12-21,0.2,0.2,0.0,2026-04-08T04:10:42.873875+00:00,0.0,0.0,0.0,0.0,0.2,0.2,0.2,0.0,0.0,36.20620439605533,-2.7755575615628914e-17,1.8488927466117464e-32,-2.775557561562893e-17,0.0
215041,AFRINSURE,2023-12-28,0.2,0.2,0.0,2026-04-08T04:10:51.166125+00:00,0.0,0.0,0.0,0.0,0.2,0.2,0.2,0.0,0.0,36.206204396055334,-2.7755575615628914e-17,1.8488927466117464e-32,-2.775557561562893e-17,0.0
215158,AFRINSURE,2023-12-29,0.2,0.2,0.0,2026-04-08T04:10:53.57119+00:00,0.0,0.0,0.0,0.0,0.2,0.2,0.2,0.0,0.0,36.20620439605533,-2.7755575615628914e-17,1.8488927466117464e-32,-2.775557561562893e-17,0.0
215275,AFRINSURE,2024-01-02,0.2,0.2,0.0,2026-04-08T04:10:59.157783+00:00,0.0,0.0,0.0,0.0,0.2,0.2,0.2,0.0,0.0,36.20620439605533,-2.7755575615628914e-17,1.8488927466117464e-32,-2.775557561562893e-17,0.0
215392,AFRINSURE,2024-01-03,0.2,0.2,0.0,2026-04-08T04:11:01.401293+00:00,0.0,0.0,0.0,0.0,0.2,0.2,0.2,0.0,0.0,36.206204396055334,-2.7755575615628914e-17,1.8488927466117464e-32,-2.775557561562893e-17,0.0
215509,AFRINSURE,2024-01-04,0.2,0.2,0.0,2026-04-08T04:11:03.846312+00:00,0.0,0.0,0.0,0.0,0.2,0.2,0.2,0.0,0.0,36.206204396055334,-2.7755575615628914e-17,1.8488927466117464e-32,-2.775557561562893e-17,0.0
215626,AFRINSURE,2024-01-05,0.2,0.2,0.0,2026-04-08T04:11:07.208124+00:00,0.0,0.0,0.0,0.0,0.2,0.2,0.2,0.0,0.0,36.206204396055334,-2.7755575615628914e-17,1.8488927466117464e-32,-2.775557561562893e-17,0.0
215743,AFRINSURE,2024-01-08,0.2,0.2,0.0,2026-04-08T04:11:11.742656+00:00,0.0,0.0,0.0,0.0,0.2,0.2,0.2,0.0,0.0,36.206204396055334,-2.7755575615628914e-17,1.8488927466117464e-32,-2.775557561562893e-17,0.0
215860,AFRINSURE,2024-01-09,0.2,0.2,0.0,2026-04-08T04:11:14.100458+00:00,0.0,0.0,0.0,0.0,0.2,0.2,0.2,0.0,0.0,36.206204396055334,-2.7755575615628914e-17,1.8488927466117464e-32,-2.775557561562893e-17,0.0
215977,AFRINSURE,2024-01-10,0.2,0.2,0.0,2026-04-08T04:11:16.512964+00:00,0.0,0.0,0.0,0.0,0.2,0.2,0.2,0.0,0.0,36.206204396055334,-2.7755575615628914e-17,1.8488927466117464e-32,-2.775557561562893e-17,0.0
216094,AFRINSURE,2024-01-11,0.2,0.2,0.0,2026-04-08T04:11:18.918089+00:00,0.0,0.0,0.0,0.0,0.2,0.2,0.2,0.0,0.0,36.20620439605533,-2.7755575615628914e-17,1.8488927466117464e-32,-2.775557561562893e-17,0.0
216211,AFRINSURE,2024-01-12,0.2,0.2,0.0,2026-04-08T04:11:21.244944+00:00,0.0,0.0,0.0,0.0,0.2,0.2,0.2,0.0,0.0,36.206204396055334,-2.7755575615628914e-17,1.8488927466117464e-32,-2.775557561562893e-17,0.0
216328,AFRINSURE,2024-01-15,0.2,0.2,0.0,2026-04-08T04:11:25.674113+00:00,0.0,0.0,0.0,0.0,0.2,0.2,0.2,0.0,0.0,36.206204396055334,-2.7755575615628914e-17,1.8488927466117464e-32,-2.775557561562893e-17,0.0
216445,AFRINSURE,2024-01-16,0.2,0.2,0.0,2026-04-08T04:11:28.037988+00:00,0.0,0.0,0.0,0.0,0.2,0.2,0.2,0.0,0.0,36.20620439605533,-2.7755575615628914e-17,1.8488927466117464e-32,-2.775557561562893e-17,0.0
216562,AFRINSURE,2024-01-18,0.2,0.2,0.0,2026-04-08T04:11:31.337167+00:00,0.0,0.0,0.0,0.0,0.2,0.2,0.2,0.0,0.0,36.20620439605533,-2.7755575615628914e-17,1.8488927466117464e-32,-2.775557561562893e-17,0.0
216679,AFRINSURE,2024-01-19,0.2,0.2,0.0,2026-04-08T04:11:38.619168+00:00,0.0,0.0,0.0,0.0,0.2,0.2,0.2,0.0,0.0,36.206204396055334,-2.7755575615628914e-17,1.8488927466117464e-32,-2.775557561562893e-17,0.0
216796,AFRINSURE,2024-01-22,0.2,0.2,0.0,2026-04-08T04:11:42.948818+00:00,0.0,0.0,0.0,0.0,0.2,0.2,0.2,0.0,0.0,36.206204396055334,-2.7755575615628914e-17,1.8488927466117464e-32,-2.775557561562893e-17,0.0
216913,AFRINSURE,2024-01-23,0.2,0.2,0.0,2026-04-08T04:11:45.304506+00:00,0.0,0.0,0.0,0.0,0.2,0.2,0.2,0.0,0.0,36.20620439605534,-2.7755575615628914e-17,1.8488927466117464e-32,-2.775557561562893e-17,0.0
217030,AFRINSURE,2024-01-24,0.2,0.2,0.0,2026-04-08T04:11:47.647942+00:00,0.0,0.0,0.0,0.0,0.2,0.2,0.2,0.0,0.0,36.206204396055334,-2.7755575615628914e-17,1.8488927466117464e-32,-2.775557561562893e-17,0.0
217147,AFRINSURE,2024-01-25,0.2,0.2,0.0,2026-04-08T04:11:50.11021+00:00,0.0,0.0,0.0,0.0,0.2,0.2,0.2,0.0,0.0,36.206204396055334,-2.7755575615628914e-17,1.8488927466117464e-32,-2.775557561562893e-17,0.0
217264,AFRINSURE,2024-01-26,0.2,0.2,0.0,2026-04-08T04:11:52.721812+00:00,0.0,0.0,0.0,0.0,0.2,0.2,0.2,0.0,0.0,36.20620439605533,-2.7755575615628914e-17,1.8488927466117464e-32,-2.775557561562893e-17,0.0
217381,AFRINSURE,2024-01-29,0.2,0.2,0.0,2026-04-08T04:11:57.440388+00:00,0.0,0.0,0.0,0.0,0.2,0.2,0.2,0.0,0.0,36.206204396055334,-2.7755575615628914e-17,1.8488927466117464e-32,-2.775557561562893e-17,0.0
217498,AFRINSURE,2024-01-30,0.2,0.2,0.0,2026-04-08T04:12:00.024191+00:00,0.0,0.0,0.0,0.0,0.2,0.2,0.2,0.0,0.0,36.206204396055334,-2.7755575615628914e-17,1.8488927466117464e-32,-2.775557561562893e-17,0.0
217615,AFRINSURE,2024-01-31,0.2,0.2,0.0,2026-04-08T04:12:02.433526+00:00,0.0,0.0,0.0,0.0,0.2,0.2,0.2,0.0,0.0,36.206204396055334,-2.7755575615628914e-17,1.8488927466117464e-32,-2.775557561562893e-17,0.0
217732,AFRINSURE,2024-02-01,0.2,0.2,0.0,2026-04-08T04:12:04.812869+00:00,0.0,0.0,0.0,0.0,0.2,0.2,0.2,0.0,0.0,36.206204396055334,-2.7755575615628914e-17,1.8488927466117464e-32,-2.775557561562893e-17,0.0
217849,AFRINSURE,2024-02-02,0.2,0.2,0.0,2026-04-08T04:12:07.232701+00:00,0.0,0.0,0.0,0.0,0.2,0.2,0.2,0.0,0.0,36.206204396055334,-2.7755575615628914e-17,1.8488927466117464e-32,-2.775557561562893e-17,0.0
217966,AFRINSURE,2024-02-05,0.2,0.2,0.0,2026-04-08T04:12:11.791199+00:00,0.0,0.0,0.0,0.0,0.2,0.2,0.2,0.0,0.0,36.206204396055334,-2.7755575615628914e-17,1.8488927466117464e-32,-2.775557561562893e-17,0.0
218083,AFRINSURE,2024-02-06,0.2,0.2,0.0,2026-04-08T04:12:14.363902+00:00,0.0,0.0,0.0,0.0,0.2,0.2,0.2,0.0,0.0,36.20620439605534,-2.7755575615628914e-17,1.8488927466117464e-32,-2.775557561562893e-17,0.0
218200,AFRINSURE,2024-02-07,0.2,0.2,0.0,2026-04-08T04:12:16.791058+00:00,0.0,0.0,0.0,0.0,0.2,0.2,0.2,0.0,0.0,36.20620439605533,-2.7755575615628914e-17,1.8488927466117464e-32,-2.775557561562893e-17,0.0
218317,AFRINSURE,2024-02-08,0.2,0.2,0.0,2026-04-08T04:12:19.312026+00:00,0.0,0.0,0.0,0.0,0.2,0.2,0.2,0.0,0.0,36.206204396055334,-2.7755575615628914e-17,1.8488927466117464e-32,-2.775557561562893e-17,0.0
218434,AFRINSURE,2024-02-09,0.2,0.2,0.0,2026-04-08T04:12:21.609908+00:00,0.0,0.0,0.0,0.0,0.2,0.2,0.2,0.0,0.0,36.20620439605534,-2.7755575615628914e-17,1.8488927466117464e-32,-2.775557561562893e-17,0.0
218551,AFRINSURE,2024-02-12,0.2,0.2,0.0,2026-04-08T04:12:25.771109+00:00,0.0,0.0,0.0,0.0,0.2,0.2,0.2,0.0,0.0,36.206204396055334,-2.7755575615628914e-17,1.8488927466117464e-32,-2.775557561562893e-17,0.0
218668,AFRINSURE,2024-02-13,0.2,0.2,0.0,2026-04-08T04:12:28.061356+00:00,0.0,0.0,0.0,0.0,0.2,0.2,0.2,0.0,0.0,36.206204396055334,-2.7755575615628914e-17,1.8488927466117464e-32,-2.775557561562893e-17,0.0
218785,AFRINSURE,2024-02-14,0.2,0.2,0.0,2026-04-08T04:12:30.570558+00:00,0.0,0.0,0.0,0.0,0.2,0.2,0.2,0.0,0.0,36.206204396055334,-2.7755575615628914e-17,1.8488927466117464e-32,-2.775557561562893e-17,0.0
218902,AFRINSURE,2024-02-16,0.2,0.2,0.0,2026-04-08T04:12:34.036511+00:00,0.0,0.0,0.0,0.0,0.2,0.2,0.2,0.0,0.0,36.206204396055334,-2.7755575615628914e-17,1.8488927466117464e-32,-2.775557561562893e-17,0.0
219019,AFRINSURE,2024-02-19,0.2,0.2,0.0,2026-04-08T04:12:38.429241+00:00,0.0,0.0,0.0,0.0,0.2,0.2,0.2,0.0,0.0,36.206204396055334,-2.7755575615628914e-17,1.8488927466117464e-32,-2.775557561562893e-17,0.0
219136,AFRINSURE,2024-02-20,0.2,0.2,0.0,2026-04-08T04:12:40.813552+00:00,0.0,0.0,0.0,0.0,0.2,0.2,0.2,0.0,0.0,36.206204396055334,-2.7755575615628914e-17,1.8488927466117464e-32,-2.775557561562893e-17,0.0
219253,AFRINSURE,2024-02-21,0.2,0.2,0.0,2026-04-08T04:12:43.257682+00:00,0.0,0.0,0.0,0.0,0.2,0.2,0.2,0.0,0.0,36.206204396055334,-2.7755575615628914e-17,1.8488927466117464e-32,-2.775557561562893e-17,0.0
219370,AFRINSURE,2024-02-22,0.2,0.2,0.0,2026-04-08T04:12:45.850796+00:00,0.0,0.0,0.0,0.0,0.2,0.2,0.2,0.0,0.0,36.206204396055334,-2.7755575615628914e-17,1.8488927466117464e-32,-2.775557561562893e-17,0.0
219487,AFRINSURE,2024-02-26,0.2,0.2,0.0,2026-04-08T04:12:51.18414+00:00,0.0,0.0,0.0,0.0,0.2,0.2,0.2,0.0,0.0,36.206204396055334,-2.7755575615628914e-17,1.8488927466117464e-32,-2.775557561562893e-17,0.0
219604,AFRINSURE,2024-02-27,0.2,0.2,0.0,2026-04-08T04:12:53.509755+00:00,0.0,0.0,0.0,0.0,0.2,0.2,0.2,0.0,0.0,36.206204396055334,-2.7755575615628914e-17,1.8488927466117464e-32,-2.775557561562893e-17,0.0
219721,AFRINSURE,2024-02-29,0.2,0.2,0.0,2026-04-08T04:12:56.822244+00:00,0.0,0.0,0.0,0.0,0.2,0.2,0.2,0.0,0.0,36.206204396055334,-2.7755575615628914e-17,1.8488927466117464e-32,-2.775557561562893e-17,0.0
219838,AFRINSURE,2024-03-01,0.2,0.2,0.0,2026-04-08T04:12:59.287484+00:00,0.0,0.0,0.0,0.0,0.2,0.2,0.2,0.0,0.0,36.20620439605533,-2.7755575615628914e-17,1.8488927466117464e-32,-2.775557561562893e-17,0.0
219955,AFRINSURE,2024-03-04,0.2,0.2,0.0,2026-04-08T04:13:03.814092+00:00,0.0,0.0,0.0,0.0,0.2,0.2,0.2,0.0,0.0,36.20620439605533,-2.7755575615628914e-17,1.8488927466117464e-32,-2.775557561562893e-17,0.0
220073,AFRINSURE,2024-03-05,0.2,0.2,0.0,2026-04-08T04:13:06.279726+00:00,0.0,0.0,0.0,0.0,0.2,0.2,0.2,0.0,0.0,36.20620439605533,-2.7755575615628914e-17,1.8488927466117464e-32,-2.775557561562893e-17,0.0
220191,AFRINSURE,2024-03-06,0.2,0.2,0.0,2026-04-08T04:13:08.558236+00:00,0.0,0.0,0.0,0.0,0.2,0.2,0.2,0.0,0.0,36.20620439605533,-2.7755575615628914e-17,1.8488927466117464e-32,-2.775557561562893e-17,0.0
220309,AFRINSURE,2024-03-07,0.2,0.2,0.0,2026-04-08T04:13:10.988978+00:00,0.0,0.0,0.0,0.0,0.2,0.2,0.2,0.0,0.0,36.206204396055334,-2.7755575615628914e-17,1.8488927466117464e-32,-2.775557561562893e-17,0.0
220427,AFRINSURE,2024-03-08,0.2,0.2,0.0,2026-04-08T04:13:13.453006+00:00,0.0,0.0,0.0,0.0,0.2,0.2,0.2,0.0,0.0,36.206204396055334,-2.7755575615628914e-17,1.8488927466117464e-32,-2.775557561562893e-17,0.0
220545,AFRINSURE,2024-03-11,0.2,0.2,0.0,2026-04-08T04:13:17.773706+00:00,0.0,0.0,0.0,0.0,0.2,0.2,0.2,0.0,0.0,36.206204396055334,-2.7755575615628914e-17,1.8488927466117464e-32,-2.775557561562893e-17,0.0
220663,AFRINSURE,2024-03-12,0.2,0.2,0.0,2026-04-08T04:13:20.258657+00:00,0.0,0.0,0.0,0.0,0.2,0.2,0.2,0.0,0.0,36.20620439605534,-2.7755575615628914e-17,1.8488927466117464e-32,-2.775557561562893e-17,0.0
220781,AFRINSURE,2024-03-13,0.2,0.2,0.0,2026-04-08T04:13:22.557243+00:00,0.0,0.0,0.0,0.0,0.2,0.2,0.2,0.0,0.0,36.206204396055334,-2.7755575615628914e-17,1.8488927466117464e-32,-2.775557561562893e-17,0.0
220899,AFRINSURE,2024-03-14,0.2,0.2,0.0,2026-04-08T04:13:25.004754+00:00,0.0,0.0,0.0,0.0,0.2,0.2,0.2,0.0,0.0,36.206204396055334,-2.7755575615628914e-17,1.8488927466117464e-32,-2.775557561562893e-17,0.0
221017,AFRINSURE,2024-03-15,0.2,0.2,0.0,2026-04-08T04:13:27.500984+00:00,0.0,0.0,0.0,0.0,0.2,0.2,0.2,0.0,0.0,36.20620439605533,-2.7755575615628914e-17,1.8488927466117464e-32,-2.775557561562893e-17,0.0
221135,AFRINSURE,2024-03-19,0.2,0.2,0.0,2026-04-08T04:13:32.54102+00:00,0.0,0.0,0.0,0.0,0.2,0.2,0.2,0.0,0.0,36.206204396055334,-2.7755575615628914e-17,1.8488927466117464e-32,-2.775557561562893e-17,0.0
221253,AFRINSURE,2024-03-20,0.2,0.2,0.0,2026-04-08T04:13:34.949661+00:00,0.0,0.0,0.0,0.0,0.2,0.2,0.2,0.0,0.0,36.206204396055334,-2.7755575615628914e-17,1.8488927466117464e-32,-2.775557561562893e-17,0.0
221371,AFRINSURE,2024-03-21,0.2,0.2,0.0,2026-04-08T04:13:37.293426+00:00,0.0,0.0,0.0,0.0,0.2,0.2,0.2,0.0,0.0,36.206204396055334,-2.7755575615628914e-17,1.8488927466117464e-32,-2.775557561562893e-17,0.0
221489,AFRINSURE,2024-03-22,0.2,0.2,0.0,2026-04-08T04:13:39.66616+00:00,0.0,0.0,0.0,0.0,0.2,0.2,0.2,0.0,0.0,36.206204396055334,-2.7755575615628914e-17,1.8488927466117464e-32,-2.775557561562893e-17,0.0
221607,AFRINSURE,2024-03-25,0.2,0.2,0.0,2026-04-08T04:13:43.964435+00:00,0.0,0.0,0.0,0.0,0.2,0.2,0.2,0.0,0.0,36.206204396055334,-2.7755575615628914e-17,1.8488927466117464e-32,-2.775557561562893e-17,0.0
221725,AFRINSURE,2024-03-26,0.2,0.2,0.0,2026-04-08T04:13:46.391317+00:00,0.0,0.0,0.0,0.0,0.2,0.2,0.2,0.0,0.0,36.206204396055334,-2.7755575615628914e-17,1.8488927466117464e-32,-2.775557561562893e-17,0.0
221843,AFRINSURE,2024-03-27,0.2,0.2,0.0,2026-04-08T04:13:48.795654+00:00,0.0,0.0,0.0,0.0,0.2,0.2,0.2,0.0,0.0,36.20620439605534,-2.7755575615628914e-17,1.8488927466117464e-32,-2.775557561562893e-17,0.0
221961,AFRINSURE,2024-03-28,0.2,0.2,0.0,2026-04-08T04:13:51.173779+00:00,0.0,0.0,0.0,0.0,0.2,0.2,0.2,0.0,0.0,36.206204396055334,-2.7755575615628914e-17,1.8488927466117464e-32,-2.775557561562893e-17,0.0
222079,AFRINSURE,2024-04-02,0.2,0.2,0.0,2026-04-08T04:13:58.053067+00:00,0.0,0.0,0.0,0.0,0.2,0.2,0.2,0.0,0.0,36.20620439605534,-2.7755575615628914e-17,1.8488927466117464e-32,-2.775557561562893e-17,0.0
222197,AFRINSURE,2024-04-03,0.2,0.2,0.0,2026-04-08T04:14:00.66873+00:00,0.0,0.0,0.0,0.0,0.2,0.2,0.2,0.0,0.0,36.20620439605533,-2.7755575615628914e-17,1.8488927466117464e-32,-2.775557561562893e-17,0.0
222315,AFRINSURE,2024-04-04,0.2,0.2,0.0,2026-04-08T04:14:03.310057+00:00,0.0,0.0,0.0,0.0,0.2,0.2,0.2,0.0,0.0,36.20620439605533,-2.7755575615628914e-17,1.8488927466117464e-32,-2.775557561562893e-17,0.0
222433,AFRINSURE,2024-04-05,0.2,0.2,0.0,2026-04-08T04:14:05.820809+00:00,0.0,0.0,0.0,0.0,0.2,0.2,0.2,0.0,0.0,36.206204396055334,-2.7755575615628914e-17,1.8488927466117464e-32,-2.775557561562893e-17,0.0
222551,AFRINSURE,2024-04-12,0.2,0.2,0.0,2026-04-08T04:14:15.984697+00:00,0.0,0.0,0.0,0.0,0.2,0.2,0.2,0.0,0.0,36.20620439605533,-2.7755575615628914e-17,1.8488927466117464e-32,-2.775557561562893e-17,0.0
222669,AFRINSURE,2024-04-15,0.2,0.2,0.0,2026-04-08T04:14:20.492228+00:00,0.0,0.0,0.0,0.0,0.2,0.2,0.2,0.0,0.0,36.20620439605533,-2.7755575615628914e-17,1.8488927466117464e-32,-2.775557561562893e-17,0.0
222787,AFRINSURE,2024-04-16,0.2,0.2,0.0,2026-04-08T04:14:22.958286+00:00,0.0,0.0,0.0,0.0,0.2,0.2,0.2,0.0,0.0,36.20620439605533,-2.7755575615628914e-17,1.8488927466117464e-32,-2.775557561562893e-17,0.0
222905,AFRINSURE,2024-04-17,0.2,0.2,0.0,2026-04-08T04:14:25.407203+00:00,0.0,0.0,0.0,0.0,0.2,0.2,0.2,0.0,0.0,36.20620439605533,-2.7755575615628914e-17,1.8488927466117464e-32,-2.775557561562893e-17,0.0
223023,AFRINSURE,2024-04-18,0.2,0.2,0.0,2026-04-08T04:14:27.862982+00:00,0.0,0.0,0.0,0.0,0.2,0.2,0.2,0.0,0.0,36.20620439605533,-2.7755575615628914e-17,1.8488927466117464e-32,-2.775557561562893e-17,0.0
223141,AFRINSURE,2024-04-19,0.2,0.2,0.0,2026-04-08T04:14:30.225092+00:00,0.0,0.0,0.0,0.0,0.2,0.2,0.2,0.0,0.0,36.20620439605533,-2.7755575615628914e-17,1.8488927466117464e-32,-2.775557561562893e-17,0.0
223259,AFRINSURE,2024-04-22,0.2,0.2,0.0,2026-04-08T04:14:34.624841+00:00,0.0,0.0,0.0,0.0,0.2,0.2,0.2,0.0,0.0,36.20620439605533,-2.7755575615628914e-17,1.8488927466117464e-32,-2.775557561562893e-17,0.0
223377,AFRINSURE,2024-04-23,0.2,0.2,0.0,2026-04-08T04:14:36.881925+00:00,0.0,0.0,0.0,0.0,0.2,0.2,0.2,0.0,0.0,36.20620439605533,-2.7755575615628914e-17,1.8488927466117464e-32,-2.775557561562893e-17,0.0
223495,AFRINSURE,2024-04-24,0.2,0.2,0.0,2026-04-08T04:14:39.108369+00:00,0.0,0.0,0.0,0.0,0.2,0.2,0.2,0.0,0.0,36.20620439605533,-2.7755575615628914e-17,1.8488927466117464e-32,-2.775557561562893e-17,0.0
223613,AFRINSURE,2024-04-25,0.2,0.2,0.0,2026-04-08T04:14:41.415412+00:00,0.0,0.0,0.0,0.0,0.2,0.2,0.2,0.0,0.0,36.20620439605533,-2.7755575615628914e-17,1.8488927466117464e-32,-2.775557561562893e-17,0.0
223731,AFRINSURE,2024-04-26,0.2,0.2,0.0,2026-04-08T04:14:43.709399+00:00,0.0,0.0,0.0,0.0,0.2,0.2,0.2,0.0,0.0,36.206204396055334,-2.7755575615628914e-17,1.8488927466117464e-32,-2.775557561562893e-17,0.0
223849,AFRINSURE,2024-04-29,0.2,0.2,0.0,2026-04-08T04:14:47.97937+00:00,0.0,0.0,0.0,0.0,0.2,0.2,0.2,0.0,0.0,36.206204396055334,-2.7755575615628914e-17,1.8488927466117464e-32,-2.775557561562893e-17,0.0
223967,AFRINSURE,2024-04-30,0.2,0.2,0.0,2026-04-08T04:14:50.304196+00:00,0.0,0.0,0.0,0.0,0.2,0.2,0.2,0.0,0.0,36.20620439605533,-2.7755575615628914e-17,1.8488927466117464e-32,-2.775557561562893e-17,0.0
224085,AFRINSURE,2024-05-02,0.2,0.2,0.0,2026-04-08T04:14:53.573612+00:00,0.0,0.0,0.0,0.0,0.2,0.2,0.2,0.0,0.0,36.20620439605533,-2.7755575615628914e-17,1.8488927466117464e-32,-2.775557561562893e-17,0.0
224203,AFRINSURE,2024-05-03,0.2,0.2,0.0,2026-04-08T04:14:55.989363+00:00,0.0,0.0,0.0,0.0,0.2,0.2,0.2,0.0,0.0,36.206204396055334,-2.7755575615628914e-17,1.8488927466117464e-32,-2.775557561562893e-17,0.0
224321,AFRINSURE,2024-05-06,0.2,0.2,0.0,2026-04-08T04:15:00.14873+00:00,0.0,0.0,0.0,0.0,0.2,0.2,0.2,0.0,0.0,36.206204396055334,-2.7755575615628914e-17,1.8488927466117464e-32,-2.775557561562893e-17,0.0
224439,AFRINSURE,2024-05-07,0.2,0.2,0.0,2026-04-08T04:15:02.40079+00:00,0.0,0.0,0.0,0.0,0.2,0.2,0.2,0.0,0.0,36.206204396055334,-2.7755575615628914e-17,1.8488927466117464e-32,-2.775557561562893e-17,0.0
224557,AFRINSURE,2024-05-08,0.2,0.2,0.0,2026-04-08T04:15:04.708287+00:00,0.0,0.0,0.0,0.0,0.2,0.2,0.2,0.0,0.0,36.20620439605533,-2.7755575615628914e-17,1.8488927466117464e-32,-2.775557561562893e-17,0.0
224675,AFRINSURE,2024-05-09,0.2,0.2,0.0,2026-04-08T04:15:07.337178+00:00,0.0,0.0,0.0,0.0,0.2,0.2,0.2,0.0,0.0,36.20620439605533,-2.7755575615628914e-17,1.8488927466117464e-32,-2.775557561562893e-17,0.0
224793,AFRINSURE,2024-05-10,0.2,0.2,0.0,2026-04-08T04:15:09.604775+00:00,0.0,0.0,0.0,0.0,0.2,0.2,0.2,0.0,0.0,36.20620439605533,-2.7755575615628914e-17,1.8488927466117464e-32,-2.775557561562893e-17,0.0
224911,AFRINSURE,2024-05-13,0.2,0.2,0.0,2026-04-08T04:15:13.907933+00:00,0.0,0.0,0.0,0.0,0.2,0.2,0.2,0.0,0.0,36.20620439605533,-2.7755575615628914e-17,1.8488927466117464e-32,-2.775557561562893e-17,0.0
225029,AFRINSURE,2024-05-14,0.2,0.2,0.0,2026-04-08T04:15:16.26654+00:00,0.0,0.0,0.0,0.0,0.2,0.2,0.2,0.0,0.0,36.206204396055334,-2.7755575615628914e-17,1.8488927466117464e-32,-2.775557561562893e-17,0.0
225147,AFRINSURE,2024-05-15,0.2,0.2,0.0,2026-04-08T04:15:18.549958+00:00,0.0,0.0,0.0,0.0,0.2,0.2,0.2,0.0,0.0,36.206204396055334,-2.7755575615628914e-17,1.8488927466117464e-32,-2.775557561562893e-17,0.0
225265,AFRINSURE,2024-05-16,0.2,0.2,0.0,2026-04-08T04:15:20.841424+00:00,0.0,0.0,0.0,0.0,0.2,0.2,0.2,0.0,0.0,36.206204396055334,-2.7755575615628914e-17,1.8488927466117464e-32,-2.775557561562893e-17,0.0
225383,AFRINSURE,2024-05-20,0.2,0.2,0.0,2026-04-08T04:15:25.962105+00:00,0.0,0.0,0.0,0.0,0.2,0.2,0.2,0.0,0.0,36.20620439605534,-2.7755575615628914e-17,1.8488927466117464e-32,-2.775557561562893e-17,0.0
225501,AFRINSURE,2024-05-21,0.2,0.2,0.0,2026-04-08T04:15:28.334406+00:00,0.0,0.0,0.0,0.0,0.2,0.2,0.2,0.0,0.0,36.206204396055334,-2.7755575615628914e-17,1.8488927466117464e-32,-2.775557561562893e-17,0.0
225619,AFRINSURE,2024-05-22,0.2,0.2,0.0,2026-04-08T04:15:30.660212+00:00,0.0,0.0,0.0,0.0,0.2,0.2,0.2,0.0,0.0,36.206204396055334,-2.7755575615628914e-17,1.8488927466117464e-32,-2.775557561562893e-17,0.0
225737,AFRINSURE,2024-05-23,0.2,0.2,0.0,2026-04-08T04:15:32.993296+00:00,0.0,0.0,0.0,0.0,0.2,0.2,0.2,0.0,0.0,36.206204396055334,-2.7755575615628914e-17,1.8488927466117464e-32,-2.775557561562893e-17,0.0
225855,AFRINSURE,2024-05-24,0.2,0.2,0.0,2026-04-08T04:15:35.360226+00:00,0.0,0.0,0.0,0.0,0.2,0.2,0.2,0.0,0.0,36.206204396055334,-2.7755575615628914e-17,1.8488927466117464e-32,-2.775557561562893e-17,0.0
225973,AFRINSURE,2024-05-27,0.2,0.2,0.0,2026-04-08T04:15:39.562711+00:00,0.0,0.0,0.0,0.0,0.2,0.2,0.2,0.0,0.0,36.20620439605533,-2.7755575615628914e-17,1.8488927466117464e-32,-2.775557561562893e-17,0.0
226091,AFRINSURE,2024-05-28,0.2,0.2,0.0,2026-04-08T04:15:41.894674+00:00,0.0,0.0,0.0,0.0,0.2,0.2,0.2,0.0,0.0,36.206204396055334,-2.7755575615628914e-17,1.8488927466117464e-32,-2.775557561562893e-17,0.0
226209,AFRINSURE,2024-05-29,0.2,0.2,0.0,2026-04-08T04:15:44.435333+00:00,0.0,0.0,0.0,0.0,0.2,0.2,0.2,0.0,0.0,36.20620439605534,-2.7755575615628914e-17,1.8488927466117464e-32,-2.775557561562893e-17,0.0
226327,AFRINSURE,2024-05-30,0.2,0.2,0.0,2026-04-08T04:15:46.695543+00:00,0.0,0.0,0.0,0.0,0.2,0.2,0.2,0.0,0.0,36.206204396055334,-2.7755575615628914e-17,1.8488927466117464e-32,-2.775557561562893e-17,0.0
226445,AFRINSURE,2024-05-31,0.2,0.2,0.0,2026-04-08T04:15:48.909252+00:00,0.0,0.0,0.0,0.0,0.2,0.2,0.2,0.0,0.0,36.206204396055334,-2.7755575615628914e-17,1.8488927466117464e-32,-2.775557561562893e-17,0.0
226563,AFRINSURE,2024-06-03,0.2,0.2,0.0,2026-04-08T04:15:53.203965+00:00,0.0,0.0,0.0,0.0,0.2,0.2,0.2,0.0,0.0,36.20620439605534,-2.7755575615628914e-17,1.8488927466117464e-32,-2.775557561562893e-17,0.0
226681,AFRINSURE,2024-06-04,0.2,0.2,0.0,2026-04-08T04:15:55.456464+00:00,0.0,0.0,0.0,0.0,0.2,0.2,0.2,0.0,0.0,36.206204396055334,-2.7755575615628914e-17,1.8488927466117464e-32,-2.775557561562893e-17,0.0
226799,AFRINSURE,2024-06-05,0.2,0.2,0.0,2026-04-08T04:15:57.839545+00:00,0.0,0.0,0.0,0.0,0.2,0.2,0.2,0.0,0.0,36.206204396055334,-2.7755575615628914e-17,1.8488927466117464e-32,-2.775557561562893e-17,0.0
226917,AFRINSURE,2024-06-06,0.2,0.2,0.0,2026-04-08T04:16:00.091412+00:00,0.0,0.0,0.0,0.0,0.2,0.2,0.2,0.0,0.0,36.206204396055334,-2.7755575615628914e-17,1.8488927466117464e-32,-2.775557561562893e-17,0.0
227035,AFRINSURE,2024-06-07,0.2,0.2,0.0,2026-04-08T04:16:02.294722+00:00,0.0,0.0,0.0,0.0,0.2,0.2,0.2,0.0,0.0,36.206204396055334,-2.7755575615628914e-17,1.8488927466117464e-32,-2.775557561562893e-17,0.0
227153,AFRINSURE,2024-06-10,0.2,0.2,0.0,2026-04-08T04:16:06.655303+00:00,0.0,0.0,0.0,0.0,0.2,0.2,0.2,0.0,0.0,36.20620439605534,-2.7755575615628914e-17,1.8488927466117464e-32,-2.775557561562893e-17,0.0
227271,AFRINSURE,2024-06-11,0.2,0.2,0.0,2026-04-08T04:16:09.027942+00:00,0.0,0.0,0.0,0.0,0.2,0.2,0.2,0.0,0.0,36.206204396055334,-2.7755575615628914e-17,1.8488927466117464e-32,-2.775557561562893e-17,0.0
227389,AFRINSURE,2024-06-13,0.2,0.2,0.0,2026-04-08T04:16:12.454757+00:00,0.0,0.0,0.0,0.0,0.2,0.2,0.2,0.0,0.0,36.206204396055334,-2.7755575615628914e-17,1.8488927466117464e-32,-2.775557561562893e-17,0.0
227507,AFRINSURE,2024-06-14,0.2,0.2,0.0,2026-04-08T04:16:14.762224+00:00,0.0,0.0,0.0,0.0,0.2,0.2,0.2,0.0,0.0,36.20620439605534,-2.7755575615628914e-17,1.8488927466117464e-32,-2.775557561562893e-17,0.0
227625,AFRINSURE,2024-06-20,0.2,0.2,0.0,2026-04-08T04:16:22.365263+00:00,0.0,0.0,0.0,0.0,0.2,0.2,0.2,0.0,0.0,36.206204396055334,-2.7755575615628914e-17,1.8488927466117464e-32,-2.775557561562893e-17,0.0
227743,AFRINSURE,2024-06-21,0.2,0.2,0.0,2026-04-08T04:16:24.740936+00:00,0.0,0.0,0.0,0.0,0.2,0.2,0.2,0.0,0.0,36.206204396055334,-2.7755575615628914e-17,1.8488927466117464e-32,-2.775557561562893e-17,0.0
227861,AFRINSURE,2024-06-24,0.2,0.2,0.0,2026-04-08T04:16:29.101951+00:00,0.0,0.0,0.0,0.0,0.2,0.2,0.2,0.0,0.0,36.20620439605534,-2.7755575615628914e-17,1.8488927466117464e-32,-2.775557561562893e-17,0.0
227979,AFRINSURE,2024-06-25,0.2,0.2,0.0,2026-04-08T04:16:31.430939+00:00,0.0,0.0,0.0,0.0,0.2,0.2,0.2,0.0,0.0,36.206204396055334,-2.7755575615628914e-17,1.8488927466117464e-32,-2.775557561562893e-17,0.0
228097,AFRINSURE,2024-06-26,0.2,0.2,0.0,2026-04-08T04:16:33.77834+00:00,0.0,0.0,0.0,0.0,0.2,0.2,0.2,0.0,0.0,36.206204396055334,-2.7755575615628914e-17,1.8488927466117464e-32,-2.775557561562893e-17,0.0
228215,AFRINSURE,2024-06-27,0.2,0.2,0.0,2026-04-08T04:16:36.13415+00:00,0.0,0.0,0.0,0.0,0.2,0.2,0.2,0.0,0.0,36.20620439605534,-2.7755575615628914e-17,1.8488927466117464e-32,-2.775557561562893e-17,0.0
228333,AFRINSURE,2024-06-28,0.2,0.2,0.0,2026-04-08T04:16:38.472674+00:00,0.0,0.0,0.0,0.0,0.2,0.2,0.2,0.0,0.0,36.20620439605534,-2.7755575615628914e-17,1.8488927466117464e-32,-2.775557561562893e-17,0.0
228451,AFRINSURE,2024-07-01,0.2,0.2,0.0,2026-04-08T04:16:42.881798+00:00,0.0,0.0,0.0,0.0,0.2,0.2,0.2,0.0,0.0,36.20620439605534,-2.7755575615628914e-17,1.8488927466117464e-32,-2.775557561562893e-17,0.0
228569,AFRINSURE,2024-07-02,0.2,0.2,0.0,2026-04-08T04:16:45.256647+00:00,0.0,0.0,0.0,0.0,0.2,0.2,0.2,0.0,0.0,36.20620439605534,-2.7755575615628914e-17,1.8488927466117464e-32,-2.775557561562893e-17,0.0
228687,AFRINSURE,2024-07-03,0.2,0.2,0.0,2026-04-08T04:16:47.732339+00:00,0.0,0.0,0.0,0.0,0.2,0.2,0.2,0.0,0.0,36.20620439605535,-2.7755575615628914e-17,1.8488927466117464e-32,-2.775557561562893e-17,0.0
228805,AFRINSURE,2024-07-04,0.2,0.2,0.0,2026-04-08T04:16:50.22378+00:00,0.0,0.0,0.0,0.0,0.2,0.2,0.2,0.0,0.0,36.20620439605534,-2.7755575615628914e-17,1.8488927466117464e-32,-2.775557561562893e-17,0.0
228923,AFRINSURE,2024-07-05,0.2,0.2,0.0,2026-04-08T04:16:52.679645+00:00,0.0,0.0,0.0,0.0,0.2,0.2,0.2,0.0,0.0,36.20620439605534,-2.7755575615628914e-17,1.8488927466117464e-32,-2.775557561562893e-17,0.0
229041,AFRINSURE,2024-07-08,0.2,0.2,0.0,2026-04-08T04:16:57.375145+00:00,0.0,0.0,0.0,0.0,0.2,0.2,0.2,0.0,0.0,36.206204396055334,-2.7755575615628914e-17,1.8488927466117464e-32,-2.775557561562893e-17,0.0
229159,AFRINSURE,2024-07-09,0.2,0.2,0.0,2026-04-08T04:16:59.679545+00:00,0.0,0.0,0.0,0.0,0.2,0.2,0.2,0.0,0.0,36.20620439605534,-2.7755575615628914e-17,1.8488927466117464e-32,-2.775557561562893e-17,0.0
229277,AFRINSURE,2024-07-10,0.2,0.2,0.0,2026-04-08T04:17:02.104038+00:00,0.0,0.0,0.0,0.0,0.2,0.2,0.2,0.0,0.0,36.20620439605534,-2.7755575615628914e-17,1.8488927466117464e-32,-2.775557561562893e-17,0.0
229395,AFRINSURE,2024-07-11,0.2,0.2,0.0,2026-04-08T04:17:04.804273+00:00,0.0,0.0,0.0,0.0,0.2,0.2,0.2,0.0,0.0,36.206204396055334,-2.7755575615628914e-17,1.8488927466117464e-32,-2.775557561562893e-17,0.0
229513,AFRINSURE,2024-07-12,0.2,0.2,0.0,2026-04-08T04:17:07.071694+00:00,0.0,0.0,0.0,0.0,0.2,0.2,0.2,0.0,0.0,36.20620439605534,-2.7755575615628914e-17,1.8488927466117464e-32,-2.775557561562893e-17,0.0
229631,AFRINSURE,2024-07-15,0.2,0.2,0.0,2026-04-08T04:17:11.418935+00:00,0.0,0.0,0.0,0.0,0.2,0.2,0.2,0.0,0.0,36.206204396055334,-2.7755575615628914e-17,1.8488927466117464e-32,-2.775557561562893e-17,0.0
229749,AFRINSURE,2024-07-16,0.2,0.2,0.0,2026-04-08T04:17:13.920176+00:00,0.0,0.0,0.0,0.0,0.2,0.2,0.2,0.0,0.0,36.206204396055334,-2.7755575615628914e-17,1.8488927466117464e-32,-2.775557561562893e-17,0.0
229867,AFRINSURE,2024-07-17,0.2,0.2,0.0,2026-04-08T04:17:16.239817+00:00,0.0,0.0,0.0,0.0,0.2,0.2,0.2,0.0,0.0,36.206204396055334,-2.7755575615628914e-17,1.8488927466117464e-32,-2.775557561562893e-17,0.0
229985,AFRINSURE,2024-07-18,0.2,0.2,0.0,2026-04-08T04:17:18.614364+00:00,0.0,0.0,0.0,0.0,0.2,0.2,0.2,0.0,0.0,36.206204396055334,-2.7755575615628914e-17,1.8488927466117464e-32,-2.775557561562893e-17,0.0
230103,AFRINSURE,2024-07-19,0.2,0.2,0.0,2026-04-08T04:17:20.923419+00:00,0.0,0.0,0.0,0.0,0.2,0.2,0.2,0.0,0.0,36.206204396055334,-2.7755575615628914e-17,1.8488927466117464e-32,-2.775557561562893e-17,0.0
230221,AFRINSURE,2024-07-22,0.2,0.2,0.0,2026-04-08T04:17:25.185516+00:00,0.0,0.0,0.0,0.0,0.2,0.2,0.2,0.0,0.0,36.206204396055334,-2.7755575615628914e-17,1.8488927466117464e-32,-2.775557561562893e-17,0.0
230339,AFRINSURE,2024-07-23,0.2,0.2,0.0,2026-04-08T04:17:27.655924+00:00,0.0,0.0,0.0,0.0,0.2,0.2,0.2,0.0,0.0,36.20620439605534,-2.7755575615628914e-17,1.8488927466117464e-32,-2.775557561562893e-17,0.0
230457,AFRINSURE,2024-07-24,0.2,0.2,0.0,2026-04-08T04:17:30.124258+00:00,0.0,0.0,0.0,0.0,0.2,0.2,0.2,0.0,0.0,36.206204396055334,-2.7755575615628914e-17,1.8488927466117464e-32,-2.775557561562893e-17,0.0
230575,AFRINSURE,2024-07-25,0.2,0.2,0.0,2026-04-08T04:17:32.638981+00:00,0.0,0.0,0.0,0.0,0.2,0.2,0.2,0.0,0.0,36.206204396055334,-2.7755575615628914e-17,1.8488927466117464e-32,-2.775557561562893e-17,0.0
230693,AFRINSURE,2024-07-26,0.2,0.2,0.0,2026-04-08T04:17:35.101122+00:00,0.0,0.0,0.0,0.0,0.2,0.2,0.2,0.0,0.0,36.206204396055334,-2.7755575615628914e-17,1.8488927466117464e-32,-2.775557561562893e-17,0.0
230811,AFRINSURE,2024-07-29,0.2,0.2,0.0,2026-04-08T04:17:40.103977+00:00,0.0,0.0,0.0,0.0,0.2,0.2,0.2,0.0,0.0,36.206204396055334,-2.7755575615628914e-17,1.8488927466117464e-32,-2.775557561562893e-17,0.0
230929,AFRINSURE,2024-07-30,0.2,0.2,0.0,2026-04-08T04:17:43.080384+00:00,0.0,0.0,0.0,0.0,0.2,0.2,0.2,0.0,0.0,36.20620439605534,-2.7755575615628914e-17,1.8488927466117464e-32,-2.775557561562893e-17,0.0
231047,AFRINSURE,2024-07-31,0.2,0.2,0.0,2026-04-08T04:17:45.61458+00:00,0.0,0.0,0.0,0.0,0.2,0.2,0.2,0.0,0.0,36.20620439605534,-2.7755575615628914e-17,1.8488927466117464e-32,-2.775557561562893e-17,0.0
231165,AFRINSURE,2024-08-01,0.2,0.2,0.0,2026-04-08T04:17:47.950902+00:00,0.0,0.0,0.0,0.0,0.2,0.2,0.2,0.0,0.0,36.20620439605534,-2.7755575615628914e-17,1.8488927466117464e-32,-2.775557561562893e-17,0.0
231283,AFRINSURE,2024-08-02,0.2,0.2,0.0,2026-04-08T04:17:50.372085+00:00,0.0,0.0,0.0,0.0,0.2,0.2,0.2,0.0,0.0,36.20620439605534,-2.7755575615628914e-17,1.8488927466117464e-32,-2.775557561562893e-17,0.0
231401,AFRINSURE,2024-08-05,0.2,0.2,0.0,2026-04-08T04:17:54.929581+00:00,0.0,0.0,0.0,0.0,0.2,0.2,0.2,0.0,0.0,36.20620439605535,-2.7755575615628914e-17,1.8488927466117464e-32,-2.775557561562893e-17,0.0
231519,AFRINSURE,2024-08-06,0.2,0.2,0.0,2026-04-08T04:17:57.472912+00:00,0.0,0.0,0.0,0.0,0.2,0.2,0.2,0.0,0.0,36.20620439605534,-2.7755575615628914e-17,1.8488927466117464e-32,-2.775557561562893e-17,0.0
231637,AFRINSURE,2024-08-07,0.2,0.2,0.0,2026-04-08T04:17:59.948734+00:00,0.0,0.0,0.0,0.0,0.2,0.2,0.2,0.0,0.0,36.20620439605535,-2.7755575615628914e-17,1.8488927466117464e-32,-2.775557561562893e-17,0.0
231755,AFRINSURE,2024-08-08,0.2,0.2,0.0,2026-04-08T04:18:02.36647+00:00,0.0,0.0,0.0,0.0,0.2,0.2,0.2,0.0,0.0,36.20620439605534,-2.7755575615628914e-17,1.8488927466117464e-32,-2.775557561562893e-17,0.0
231873,AFRINSURE,2024-08-09,0.2,0.2,0.0,2026-04-08T04:18:04.674683+00:00,0.0,0.0,0.0,0.0,0.2,0.2,0.2,0.0,0.0,36.20620439605535,-2.7755575615628914e-17,1.8488927466117464e-32,-2.775557561562893e-17,0.0
231991,AFRINSURE,2024-08-12,0.2,0.2,0.0,2026-04-08T04:18:08.918743+00:00,0.0,0.0,0.0,0.0,0.2,0.2,0.2,0.0,0.0,36.20620439605535,-2.7755575615628914e-17,1.8488927466117464e-32,-2.775557561562893e-17,0.0
232109,AFRINSURE,2024-08-13,0.2,0.2,0.0,2026-04-08T04:18:11.387792+00:00,0.0,0.0,0.0,0.0,0.2,0.2,0.2,0.0,0.0,36.20620439605535,-2.7755575615628914e-17,1.8488927466117464e-32,-2.775557561562893e-17,0.0
232227,AFRINSURE,2024-08-14,0.2,0.2,0.0,2026-04-08T04:18:13.859526+00:00,0.0,0.0,0.0,0.0,0.2,0.2,0.2,0.0,0.0,36.20620439605535,-2.7755575615628914e-17,1.8488927466117464e-32,-2.775557561562893e-17,0.0
232345,AFRINSURE,2024-08-15,0.2,0.2,0.0,2026-04-08T04:18:16.357381+00:00,0.0,0.0,0.0,0.0,0.2,0.2,0.2,0.0,0.0,36.20620439605535,-2.7755575615628914e-17,1.8488927466117464e-32,-2.775557561562893e-17,0.0
232463,AFRINSURE,2024-08-16,0.2,0.2,0.0,2026-04-08T04:18:18.692447+00:00,0.0,0.0,0.0,0.0,0.2,0.2,0.2,0.0,0.0,36.20620439605535,-2.7755575615628914e-17,1.8488927466117464e-32,-2.775557561562893e-17,0.0
232581,AFRINSURE,2024-08-19,0.2,0.2,0.0,2026-04-08T04:18:23.063194+00:00,0.0,0.0,0.0,0.0,0.2,0.2,0.2,0.0,0.0,36.20620439605535,-2.7755575615628914e-17,1.8488927466117464e-32,-2.775557561562893e-17,0.0
232699,AFRINSURE,2024-08-20,0.2,0.2,0.0,2026-04-08T04:18:25.366221+00:00,0.0,0.0,0.0,0.0,0.2,0.2,0.2,0.0,0.0,36.206204396055355,-2.7755575615628914e-17,1.8488927466117464e-32,-2.775557561562893e-17,0.0
232817,AFRINSURE,2024-08-21,0.2,0.2,0.0,2026-04-08T04:18:27.861334+00:00,0.0,0.0,0.0,0.0,0.2,0.2,0.2,0.0,0.0,36.20620439605535,-2.7755575615628914e-17,1.8488927466117464e-32,-2.775557561562893e-17,0.0
232935,AFRINSURE,2024-08-22,0.2,0.2,0.0,2026-04-08T04:18:30.156184+00:00,0.0,0.0,0.0,0.0,0.2,0.2,0.2,0.0,0.0,36.20620439605535,-2.7755575615628914e-17,1.8488927466117464e-32,-2.775557561562893e-17,0.0
233053,AFRINSURE,2024-08-23,0.2,0.2,0.0,2026-04-08T04:18:32.497978+00:00,0.0,0.0,0.0,0.0,0.2,0.2,0.2,0.0,0.0,36.20620439605534,-2.7755575615628914e-17,1.8488927466117464e-32,-2.775557561562893e-17,0.0
233171,AFRINSURE,2024-08-26,0.2,0.2,0.0,2026-04-08T04:18:37.19542+00:00,0.0,0.0,0.0,0.0,0.2,0.2,0.2,0.0,0.0,36.20620439605535,-2.7755575615628914e-17,1.8488927466117464e-32,-2.775557561562893e-17,0.0
233289,AFRINSURE,2024-08-27,0.2,0.2,0.0,2026-04-08T04:18:39.561091+00:00,0.0,0.0,0.0,0.0,0.2,0.2,0.2,0.0,0.0,36.20620439605535,-2.7755575615628914e-17,1.8488927466117464e-32,-2.775557561562893e-17,0.0
233407,AFRINSURE,2024-08-28,0.2,0.2,0.0,2026-04-08T04:18:42.048567+00:00,0.0,0.0,0.0,0.0,0.2,0.2,0.2,0.0,0.0,36.20620439605535,-2.7755575615628914e-17,1.8488927466117464e-32,-2.775557561562893e-17,0.0
233525,AFRINSURE,2024-08-29,0.2,0.2,0.0,2026-04-08T04:18:44.36768+00:00,0.0,0.0,0.0,0.0,0.2,0.2,0.2,0.0,0.0,36.20620439605535,-2.7755575615628914e-17,1.8488927466117464e-32,-2.775557561562893e-17,0.0
233643,AFRINSURE,2024-09-02,0.2,0.2,0.0,2026-04-08T04:18:49.632285+00:00,0.0,0.0,0.0,0.0,0.2,0.2,0.2,0.0,0.0,36.20620439605535,-2.7755575615628914e-17,1.8488927466117464e-32,-2.775557561562893e-17,0.0
233761,AFRINSURE,2024-09-03,0.2,0.2,0.0,2026-04-08T04:18:52.389232+00:00,0.0,0.0,0.0,0.0,0.2,0.2,0.2,0.0,0.0,36.206204396055355,-2.7755575615628914e-17,1.8488927466117464e-32,-2.775557561562893e-17,0.0
233879,AFRINSURE,2024-09-04,0.2,0.2,0.0,2026-04-08T04:18:54.875674+00:00,0.0,0.0,0.0,0.0,0.2,0.2,0.2,0.0,0.0,36.20620439605535,-2.7755575615628914e-17,1.8488927466117464e-32,-2.775557561562893e-17,0.0
233997,AFRINSURE,2024-09-05,0.2,0.2,0.0,2026-04-08T04:18:57.763256+00:00,0.0,0.0,0.0,0.0,0.2,0.2,0.2,0.0,0.0,36.20620439605535,-2.7755575615628914e-17,1.8488927466117464e-32,-2.775557561562893e-17,0.0
234115,AFRINSURE,2024-09-06,0.2,0.2,0.0,2026-04-08T04:19:00.536712+00:00,0.0,0.0,0.0,0.0,0.2,0.2,0.2,0.0,0.0,36.20620439605535,-2.7755575615628914e-17,1.8488927466117464e-32,-2.775557561562893e-17,0.0
234233,AFRINSURE,2024-09-09,0.2,0.2,0.0,2026-04-08T04:19:05.495104+00:00,0.0,0.0,0.0,0.0,0.2,0.2,0.2,0.0,0.0,36.206204396055355,-2.7755575615628914e-17,1.8488927466117464e-32,-2.775557561562893e-17,0.0
234351,AFRINSURE,2024-09-10,0.2,0.2,0.0,2026-04-08T04:19:08.070871+00:00,0.0,0.0,0.0,0.0,0.2,0.2,0.2,0.0,0.0,36.206204396055355,-2.7755575615628914e-17,1.8488927466117464e-32,-2.775557561562893e-17,0.0
234469,AFRINSURE,2024-09-11,0.2,0.2,0.0,2026-04-08T04:19:10.663572+00:00,0.0,0.0,0.0,0.0,0.2,0.2,0.2,0.0,0.0,36.206204396055355,-2.7755575615628914e-17,1.8488927466117464e-32,-2.775557561562893e-17,0.0
234587,AFRINSURE,2024-09-12,0.2,0.2,0.0,2026-04-08T04:19:13.371302+00:00,0.0,0.0,0.0,0.0,0.2,0.2,0.2,0.0,0.0,36.206204396055355,-2.7755575615628914e-17,1.8488927466117464e-32,-2.775557561562893e-17,0.0
234705,AFRINSURE,2024-09-13,0.2,0.2,0.0,2026-04-08T04:19:16.033041+00:00,0.0,0.0,0.0,0.0,0.2,0.2,0.2,0.0,0.0,36.20620439605535,-2.7755575615628914e-17,1.8488927466117464e-32,-2.775557561562893e-17,0.0
234823,AFRINSURE,2024-09-17,0.2,0.2,0.0,2026-04-08T04:19:22.824888+00:00,0.0,0.0,0.0,0.0,0.2,0.2,0.2,0.0,0.0,36.206204396055355,-2.7755575615628914e-17,1.8488927466117464e-32,-2.775557561562893e-17,0.0
234941,AFRINSURE,2024-09-18,0.2,0.2,0.0,2026-04-08T04:19:25.915955+00:00,0.0,0.0,0.0,0.0,0.2,0.2,0.2,0.0,0.0,36.206204396055355,-2.7755575615628914e-17,1.8488927466117464e-32,-2.775557561562893e-17,0.0
235059,AFRINSURE,2024-09-19,0.2,0.2,0.0,2026-04-08T04:19:28.330134+00:00,0.0,0.0,0.0,0.0,0.2,0.2,0.2,0.0,0.0,36.206204396055355,-2.7755575615628914e-17,1.8488927466117464e-32,-2.775557561562893e-17,0.0
235177,AFRINSURE,2024-09-20,0.2,0.2,0.0,2026-04-08T04:19:30.82066+00:00,0.0,0.0,0.0,0.0,0.2,0.2,0.2,0.0,0.0,36.206204396055355,-2.7755575615628914e-17,1.8488927466117464e-32,-2.775557561562893e-17,0.0
235295,AFRINSURE,2024-09-23,0.2,0.2,0.0,2026-04-08T04:19:35.29526+00:00,0.0,0.0,0.0,0.0,0.2,0.2,0.2,0.0,0.0,36.206204396055355,-2.7755575615628914e-17,1.8488927466117464e-32,-2.775557561562893e-17,0.0
235413,AFRINSURE,2024-09-24,0.2,0.2,0.0,2026-04-08T04:19:37.629736+00:00,0.0,0.0,0.0,0.0,0.2,0.2,0.2,0.0,0.0,36.206204396055355,-2.7755575615628914e-17,1.8488927466117464e-32,-2.775557561562893e-17,0.0
235531,AFRINSURE,2024-09-25,0.2,0.2,0.0,2026-04-08T04:19:40.096992+00:00,0.0,0.0,0.0,0.0,0.2,0.2,0.2,0.0,0.0,36.20620439605536,-2.7755575615628914e-17,1.8488927466117464e-32,-2.775557561562893e-17,0.0
235649,AFRINSURE,2024-09-26,0.2,0.2,0.0,2026-04-08T04:19:42.676048+00:00,0.0,0.0,0.0,0.0,0.2,0.2,0.2,0.0,0.0,36.20620439605536,-2.7755575615628914e-17,1.8488927466117464e-32,-2.775557561562893e-17,0.0
235767,AFRINSURE,2024-09-27,0.2,0.2,0.0,2026-04-08T04:19:45.342636+00:00,0.0,0.0,0.0,0.0,0.2,0.2,0.2,0.0,0.0,36.206204396055355,-2.7755575615628914e-17,1.8488927466117464e-32,-2.775557561562893e-17,0.0
235885,AFRINSURE,2024-09-30,0.2,0.2,0.0,2026-04-08T04:19:50.223917+00:00,0.0,0.0,0.0,0.0,0.2,0.2,0.2,0.0,0.0,36.206204396055355,-2.7755575615628914e-17,1.8488927466117464e-32,-2.775557561562893e-17,0.0
236003,AFRINSURE,2024-10-02,0.2,0.2,0.0,2026-04-08T04:19:53.821423+00:00,0.0,0.0,0.0,0.0,0.2,0.2,0.2,0.0,0.0,36.206204396055355,-2.7755575615628914e-17,1.8488927466117464e-32,-2.775557561562893e-17,0.0
236121,AFRINSURE,2024-10-03,0.2,0.2,0.0,2026-04-08T04:19:56.203135+00:00,0.0,0.0,0.0,0.0,0.2,0.2,0.2,0.0,0.0,36.206204396055355,-2.7755575615628914e-17,1.8488927466117464e-32,-2.775557561562893e-17,0.0
236239,AFRINSURE,2024-10-04,0.2,0.2,0.0,2026-04-08T04:19:58.634737+00:00,0.0,0.0,0.0,0.0,0.2,0.2,0.2,0.0,0.0,36.206204396055355,-2.7755575615628914e-17,1.8488927466117464e-32,-2.775557561562893e-17,0.0
236357,AFRINSURE,2024-10-07,0.2,0.2,0.0,2026-04-08T04:20:03.05432+00:00,0.0,0.0,0.0,0.0,0.2,0.2,0.2,0.0,0.0,36.206204396055355,-2.7755575615628914e-17,1.8488927466117464e-32,-2.775557561562893e-17,0.0
236475,AFRINSURE,2024-10-08,0.2,0.2,0.0,2026-04-08T04:20:05.535519+00:00,0.0,0.0,0.0,0.0,0.2,0.2,0.2,0.0,0.0,36.20620439605536,-2.7755575615628914e-17,1.8488927466117464e-32,-2.775557561562893e-17,0.0
236593,AFRINSURE,2024-10-10,0.2,0.2,0.0,2026-04-08T04:20:08.855054+00:00,0.0,0.0,0.0,0.0,0.2,0.2,0.2,0.0,0.0,36.20620439605536,-2.7755575615628914e-17,1.8488927466117464e-32,-2.775557561562893e-17,0.0
236711,AFRINSURE,2024-10-11,0.2,0.2,0.0,2026-04-08T04:20:11.460237+00:00,0.0,0.0,0.0,0.0,0.2,0.2,0.2,0.0,0.0,36.206204396055355,-2.7755575615628914e-17,1.8488927466117464e-32,-2.775557561562893e-17,0.0
236829,AFRINSURE,2024-10-14,0.2,0.2,0.0,2026-04-08T04:20:16.284622+00:00,0.0,0.0,0.0,0.0,0.2,0.2,0.2,0.0,0.0,36.206204396055355,-2.7755575615628914e-17,1.8488927466117464e-32,-2.775557561562893e-17,0.0
236948,AFRINSURE,2024-10-15,0.2,0.2,0.0,2026-04-08T04:20:18.84933+00:00,0.0,0.0,0.0,0.0,0.2,0.2,0.2,0.0,0.0,36.20620439605536,-2.7755575615628914e-17,1.8488927466117464e-32,-2.775557561562893e-17,0.0
237067,AFRINSURE,2024-10-17,0.2,0.2,0.0,2026-04-08T04:20:23.389134+00:00,0.0,0.0,0.0,0.0,0.2,0.2,0.2,0.0,0.0,36.206204396055355,-2.7755575615628914e-17,1.8488927466117464e-32,-2.775557561562893e-17,0.0
237186,AFRINSURE,2024-10-18,0.2,0.2,0.0,2026-04-08T04:20:26.17489+00:00,0.0,0.0,0.0,0.0,0.2,0.2,0.2,0.0,0.0,36.20620439605536,-2.7755575615628914e-17,1.8488927466117464e-32,-2.775557561562893e-17,0.0
237305,AFRINSURE,2024-10-21,0.2,0.2,0.0,2026-04-08T04:20:30.541886+00:00,0.0,0.0,0.0,0.0,0.2,0.2,0.2,0.0,0.0,36.206204396055355,-2.7755575615628914e-17,1.8488927466117464e-32,-2.775557561562893e-17,0.0
237424,AFRINSURE,2024-10-22,0.2,0.2,0.0,2026-04-08T04:20:32.890604+00:00,0.0,0.0,0.0,0.0,0.2,0.2,0.2,0.0,0.0,36.206204396055355,-2.7755575615628914e-17,1.8488927466117464e-32,-2.775557561562893e-17,0.0
237543,AFRINSURE,2024-10-23,0.2,0.2,0.0,2026-04-08T04:20:35.186729+00:00,0.0,0.0,0.0,0.0,0.2,0.2,0.2,0.0,0.0,36.20620439605535,-2.7755575615628914e-17,1.8488927466117464e-32,-2.775557561562893e-17,0.0
237662,AFRINSURE,2024-10-24,0.2,0.2,0.0,2026-04-08T04:20:37.740613+00:00,0.0,0.0,0.0,0.0,0.2,0.2,0.2,0.0,0.0,36.206204396055355,-2.7755575615628914e-17,1.8488927466117464e-32,-2.775557561562893e-17,0.0
237781,AFRINSURE,2024-10-25,0.2,0.2,0.0,2026-04-08T04:20:40.222387+00:00,0.0,0.0,0.0,0.0,0.2,0.2,0.2,0.0,0.0,36.20620439605536,-2.7755575615628914e-17,1.8488927466117464e-32,-2.775557561562893e-17,0.0
237900,AFRINSURE,2024-10-28,0.2,0.2,0.0,2026-04-08T04:20:44.742576+00:00,0.0,0.0,0.0,0.0,0.2,0.2,0.2,0.0,0.0,36.206204396055355,-2.7755575615628914e-17,1.8488927466117464e-32,-2.775557561562893e-17,0.0
238019,AFRINSURE,2024-10-29,0.2,0.2,0.0,2026-04-08T04:20:47.136244+00:00,0.0,0.0,0.0,0.0,0.2,0.2,0.2,0.0,0.0,36.20620439605536,-2.7755575615628914e-17,1.8488927466117464e-32,-2.775557561562893e-17,0.0
238138,AFRINSURE,2024-10-30,0.2,0.2,0.0,2026-04-08T04:20:49.405969+00:00,0.0,0.0,0.0,0.0,0.2,0.2,0.2,0.0,0.0,36.20620439605536,-2.7755575615628914e-17,1.8488927466117464e-32,-2.775557561562893e-17,0.0
238257,AFRINSURE,2024-10-31,0.2,0.2,0.0,2026-04-08T04:20:51.756515+00:00,0.0,0.0,0.0,0.0,0.2,0.2,0.2,0.0,0.0,36.206204396055355,-2.7755575615628914e-17,1.8488927466117464e-32,-2.775557561562893e-17,0.0
238376,AFRINSURE,2024-11-01,0.2,0.2,0.0,2026-04-08T04:20:54.1075+00:00,0.0,0.0,0.0,0.0,0.2,0.2,0.2,0.0,0.0,36.206204396055355,-2.7755575615628914e-17,1.8488927466117464e-32,-2.775557561562893e-17,0.0
238495,AFRINSURE,2024-11-04,0.2,0.2,0.0,2026-04-08T04:20:58.471072+00:00,0.0,0.0,0.0,0.0,0.2,0.2,0.2,0.0,0.0,36.20620439605536,-2.7755575615628914e-17,1.8488927466117464e-32,-2.775557561562893e-17,0.0
238614,AFRINSURE,2024-11-05,0.2,0.2,0.0,2026-04-08T04:21:01.00344+00:00,0.0,0.0,0.0,0.0,0.2,0.2,0.2,0.0,0.0,36.206204396055355,-2.7755575615628914e-17,1.8488927466117464e-32,-2.775557561562893e-17,0.0
238733,AFRINSURE,2024-11-06,0.2,0.2,0.0,2026-04-08T04:21:03.585377+00:00,0.0,0.0,0.0,0.0,0.2,0.2,0.2,0.0,0.0,36.206204396055355,-2.7755575615628914e-17,1.8488927466117464e-32,-2.775557561562893e-17,0.0
238852,AFRINSURE,2024-11-07,0.2,0.2,0.0,2026-04-08T04:21:06.256351+00:00,0.0,0.0,0.0,0.0,0.2,0.2,0.2,0.0,0.0,36.206204396055355,-2.7755575615628914e-17,1.8488927466117464e-32,-2.775557561562893e-17,0.0
238971,AFRINSURE,2024-11-08,0.2,0.2,0.0,2026-04-08T04:21:08.623134+00:00,0.0,0.0,0.0,0.0,0.2,0.2,0.2,0.0,0.0,36.20620439605536,-2.7755575615628914e-17,1.8488927466117464e-32,-2.775557561562893e-17,0.0
239090,AFRINSURE,2024-11-11,0.2,0.2,0.0,2026-04-08T04:21:12.782875+00:00,0.0,0.0,0.0,0.0,0.2,0.2,0.2,0.0,0.0,36.206204396055355,-2.7755575615628914e-17,1.8488927466117464e-32,-2.775557561562893e-17,0.0
239209,AFRINSURE,2024-11-12,0.2,0.2,0.0,2026-04-08T04:21:15.417322+00:00,0.0,0.0,0.0,0.0,0.2,0.2,0.2,0.0,0.0,36.206204396055355,-2.7755575615628914e-17,1.8488927466117464e-32,-2.775557561562893e-17,0.0
239328,AFRINSURE,2024-11-13,0.2,0.2,0.0,2026-04-08T04:21:17.790166+00:00,0.0,0.0,0.0,0.0,0.2,0.2,0.2,0.0,0.0,36.206204396055355,-2.7755575615628914e-17,1.8488927466117464e-32,-2.775557561562893e-17,0.0
239447,AFRINSURE,2024-11-14,0.2,0.2,0.0,2026-04-08T04:21:20.354873+00:00,0.0,0.0,0.0,0.0,0.2,0.2,0.2,0.0,0.0,36.20620439605536,-2.7755575615628914e-17,1.8488927466117464e-32,-2.775557561562893e-17,0.0
239566,AFRINSURE,2024-11-15,0.2,0.2,0.0,2026-04-08T04:21:22.90937+00:00,0.0,0.0,0.0,0.0,0.2,0.2,0.2,0.0,0.0,36.206204396055355,-2.7755575615628914e-17,1.8488927466117464e-32,-2.775557561562893e-17,0.0
239685,AFRINSURE,2024-11-18,0.2,0.2,0.0,2026-04-08T04:21:27.576358+00:00,0.0,0.0,0.0,0.0,0.2,0.2,0.2,0.0,0.0,36.206204396055355,-2.7755575615628914e-17,1.8488927466117464e-32,-2.775557561562893e-17,0.0
239804,AFRINSURE,2024-11-19,0.2,0.2,0.0,2026-04-08T04:21:29.868433+00:00,0.0,0.0,0.0,0.0,0.2,0.2,0.2,0.0,0.0,36.20620439605537,-2.7755575615628914e-17,1.8488927466117464e-32,-2.775557561562893e-17,0.0
239923,AFRINSURE,2024-11-20,0.2,0.2,0.0,2026-04-08T04:21:32.433299+00:00,0.0,0.0,0.0,0.0,0.2,0.2,0.2,0.0,0.0,36.206204396055355,-2.7755575615628914e-17,1.8488927466117464e-32,-2.775557561562893e-17,0.0
240042,AFRINSURE,2024-11-21,0.2,0.2,0.0,2026-04-08T04:21:34.755564+00:00,0.0,0.0,0.0,0.0,0.2,0.2,0.2,0.0,0.0,36.20620439605536,-2.7755575615628914e-17,1.8488927466117464e-32,-2.775557561562893e-17,0.0
240161,AFRINSURE,2024-11-22,0.2,0.2,0.0,2026-04-08T04:21:37.514754+00:00,0.0,0.0,0.0,0.0,0.2,0.2,0.2,0.0,0.0,36.20620439605535,-2.7755575615628914e-17,1.8488927466117464e-32,-2.775557561562893e-17,0.0
240280,AFRINSURE,2024-11-25,0.2,0.2,0.0,2026-04-08T04:21:41.818387+00:00,0.0,0.0,0.0,0.0,0.2,0.2,0.2,0.0,0.0,36.206204396055355,-2.7755575615628914e-17,1.8488927466117464e-32,-2.775557561562893e-17,0.0
240399,AFRINSURE,2024-11-26,0.2,0.2,0.0,2026-04-08T04:21:44.163824+00:00,0.0,0.0,0.0,0.0,0.2,0.2,0.2,0.0,0.0,36.206204396055355,-2.7755575615628914e-17,1.8488927466117464e-32,-2.775557561562893e-17,0.0
240518,AFRINSURE,2024-11-27,0.2,0.2,0.0,2026-04-08T04:21:46.720727+00:00,0.0,0.0,0.0,0.0,0.2,0.2,0.2,0.0,0.0,36.20620439605536,-2.7755575615628914e-17,1.8488927466117464e-32,-2.775557561562893e-17,0.0
240637,AFRINSURE,2024-11-28,0.2,0.2,0.0,2026-04-08T04:21:49.110263+00:00,0.0,0.0,0.0,0.0,0.2,0.2,0.2,0.0,0.0,36.206204396055355,-2.7755575615628914e-17,1.8488927466117464e-32,-2.775557561562893e-17,0.0
240756,AFRINSURE,2024-12-02,0.2,0.2,0.0,2026-04-08T04:21:54.88401+00:00,0.0,0.0,0.0,0.0,0.2,0.2,0.2,0.0,0.0,36.206204396055355,-2.7755575615628914e-17,1.8488927466117464e-32,-2.775557561562893e-17,0.0
240875,AFRINSURE,2024-12-03,0.2,0.2,0.0,2026-04-08T04:21:57.640504+00:00,0.0,0.0,0.0,0.0,0.2,0.2,0.2,0.0,0.0,36.206204396055355,-2.7755575615628914e-17,1.8488927466117464e-32,-2.775557561562893e-17,0.0
240994,AFRINSURE,2024-12-04,0.2,0.2,0.0,2026-04-08T04:21:59.930228+00:00,0.0,0.0,0.0,0.0,0.2,0.2,0.2,0.0,0.0,36.206204396055355,-2.7755575615628914e-17,1.8488927466117464e-32,-2.775557561562893e-17,0.0
241113,AFRINSURE,2024-12-06,0.2,0.2,0.0,2026-04-08T04:22:03.392712+00:00,0.0,0.0,0.0,0.0,0.2,0.2,0.2,0.0,0.0,36.206204396055355,-2.7755575615628914e-17,1.8488927466117464e-32,-2.775557561562893e-17,0.0
241232,AFRINSURE,2024-12-09,0.2,0.2,0.0,2026-04-08T04:22:07.745808+00:00,0.0,0.0,0.0,0.0,0.2,0.2,0.2,0.0,0.0,36.206204396055355,-2.7755575615628914e-17,1.8488927466117464e-32,-2.775557561562893e-17,0.0
241351,AFRINSURE,2024-12-10,0.2,0.2,0.0,2026-04-08T04:22:10.112253+00:00,0.0,0.0,0.0,0.0,0.2,0.2,0.2,0.0,0.0,36.20620439605536,-2.7755575615628914e-17,1.8488927466117464e-32,-2.775557561562893e-17,0.0
241470,AFRINSURE,2024-12-11,0.2,0.2,0.0,2026-04-08T04:22:12.639548+00:00,0.0,0.0,0.0,0.0,0.2,0.2,0.2,0.0,0.0,36.206204396055355,-2.7755575615628914e-17,1.8488927466117464e-32,-2.775557561562893e-17,0.0
241589,AFRINSURE,2024-12-12,0.2,0.2,0.0,2026-04-08T04:22:15.033357+00:00,0.0,0.0,0.0,0.0,0.2,0.2,0.2,0.0,0.0,36.20620439605536,-2.7755575615628914e-17,1.8488927466117464e-32,-2.775557561562893e-17,0.0
241708,AFRINSURE,2024-12-13,0.2,0.2,0.0,2026-04-08T04:22:17.509919+00:00,0.0,0.0,0.0,0.0,0.2,0.2,0.2,0.0,0.0,36.206204396055355,-2.7755575615628914e-17,1.8488927466117464e-32,-2.775557561562893e-17,0.0
241827,AFRINSURE,2024-12-16,0.2,0.2,0.0,2026-04-08T04:22:22.499781+00:00,0.0,0.0,0.0,0.0,0.2,0.2,0.2,0.0,0.0,36.20620439605536,-2.7755575615628914e-17,1.8488927466117464e-32,-2.775557561562893e-17,0.0
241946,AFRINSURE,2024-12-17,0.2,0.2,0.0,2026-04-08T04:22:24.995572+00:00,0.0,0.0,0.0,0.0,0.2,0.2,0.2,0.0,0.0,36.206204396055355,-2.7755575615628914e-17,1.8488927466117464e-32,-2.775557561562893e-17,0.0
242065,AFRINSURE,2024-12-18,0.2,0.2,0.0,2026-04-08T04:22:27.498126+00:00,0.0,0.0,0.0,0.0,0.2,0.2,0.2,0.0,0.0,36.20620439605536,-2.7755575615628914e-17,1.8488927466117464e-32,-2.775557561562893e-17,0.0
242184,AFRINSURE,2024-12-19,0.2,0.2,0.0,2026-04-08T04:22:29.868083+00:00,0.0,0.0,0.0,0.0,0.2,0.2,0.2,0.0,0.0,36.20620439605536,-2.7755575615628914e-17,1.8488927466117464e-32,-2.775557561562893e-17,0.0
242303,AFRINSURE,2024-12-20,0.2,0.2,0.0,2026-04-08T04:22:32.392508+00:00,0.0,0.0,0.0,0.0,0.2,0.2,0.2,0.0,0.0,36.206204396055355,-2.7755575615628914e-17,1.8488927466117464e-32,-2.775557561562893e-17,0.0
242422,AFRINSURE,2024-12-23,0.2,0.2,0.0,2026-04-08T04:22:36.740311+00:00,0.0,0.0,0.0,0.0,0.2,0.2,0.2,0.0,0.0,36.206204396055355,-2.7755575615628914e-17,1.8488927466117464e-32,-2.775557561562893e-17,0.0
242541,AFRINSURE,2024-12-24,0.2,0.2,0.0,2026-04-08T04:22:39.25804+00:00,0.0,0.0,0.0,0.0,0.2,0.2,0.2,0.0,0.0,36.20620439605536,-2.7755575615628914e-17,1.8488927466117464e-32,-2.775557561562893e-17,0.0
242660,AFRINSURE,2024-12-27,0.2,0.2,0.0,2026-04-08T04:22:43.946119+00:00,0.0,0.0,0.0,0.0,0.2,0.2,0.2,0.0,0.0,36.206204396055355,-2.7755575615628914e-17,1.8488927466117464e-32,-2.775557561562893e-17,0.0
242778,AFRINSURE,2024-12-31,0.2,0.2,0.0,2026-04-08T04:22:48.665239+00:00,0.0,0.0,0.0,0.0,0.2,0.2,0.2,0.0,0.0,36.206204396055355,-2.7755575615628914e-17,1.8488927466117464e-32,-2.775557561562893e-17,0.0
242896,AFRINSURE,2025-01-02,0.2,0.2,0.0,2026-04-08T04:22:52.256438+00:00,0.0,0.0,0.0,0.0,0.2,0.2,0.2,0.0,0.0,36.206204396055355,-2.7755575615628914e-17,1.8488927466117464e-32,-2.775557561562893e-17,0.0
243014,AFRINSURE,2025-01-03,0.2,0.2,0.0,2026-04-08T04:22:55.101113+00:00,0.0,0.0,0.0,0.0,0.2,0.2,0.2,0.0,0.0,36.20620439605535,-2.7755575615628914e-17,1.8488927466117464e-32,-2.775557561562893e-17,0.0
243132,AFRINSURE,2025-01-06,0.2,0.2,0.0,2026-04-08T04:23:00.046313+00:00,0.0,0.0,0.0,0.0,0.2,0.2,0.2,0.0,0.0,36.20620439605536,-2.7755575615628914e-17,1.8488927466117464e-32,-2.775557561562893e-17,0.0
243250,AFRINSURE,2025-01-07,0.2,0.2,0.0,2026-04-08T04:23:02.329348+00:00,0.0,0.0,0.0,0.0,0.2,0.2,0.2,0.0,0.0,36.206204396055355,-2.7755575615628914e-17,1.8488927466117464e-32,-2.775557561562893e-17,0.0
243368,AFRINSURE,2025-01-08,0.2,0.2,0.0,2026-04-08T04:23:04.632968+00:00,0.0,0.0,0.0,0.0,0.2,0.2,0.2,0.0,0.0,36.206204396055355,-2.7755575615628914e-17,1.8488927466117464e-32,-2.775557561562893e-17,0.0
243486,AFRINSURE,2025-01-09,0.2,0.2,0.0,2026-04-08T04:23:06.908261+00:00,0.0,0.0,0.0,0.0,0.2,0.2,0.2,0.0,0.0,36.206204396055355,-2.7755575615628914e-17,1.8488927466117464e-32,-2.775557561562893e-17,0.0
243604,AFRINSURE,2025-01-10,0.2,0.2,0.0,2026-04-08T04:23:09.304805+00:00,0.0,0.0,0.0,0.0,0.2,0.2,0.2,0.0,0.0,36.20620439605536,-2.7755575615628914e-17,1.8488927466117464e-32,-2.775557561562893e-17,0.0
243722,AFRINSURE,2025-01-13,0.2,0.2,0.0,2026-04-08T04:23:13.790041+00:00,0.0,0.0,0.0,0.0,0.2,0.2,0.2,0.0,0.0,36.20620439605536,-2.7755575615628914e-17,1.8488927466117464e-32,-2.775557561562893e-17,0.0
243840,AFRINSURE,2025-01-14,0.2,0.2,0.0,2026-04-08T04:23:16.129929+00:00,0.0,0.0,0.0,0.0,0.2,0.2,0.2,0.0,0.0,36.20620439605536,-2.7755575615628914e-17,1.8488927466117464e-32,-2.775557561562893e-17,0.0
243958,AFRINSURE,2025-01-15,0.2,0.2,0.0,2026-04-08T04:23:18.535433+00:00,0.0,0.0,0.0,0.0,0.2,0.2,0.2,0.0,0.0,36.206204396055355,-2.7755575615628914e-17,1.8488927466117464e-32,-2.775557561562893e-17,0.0
244076,AFRINSURE,2025-01-16,0.2,0.2,0.0,2026-04-08T04:23:20.834867+00:00,0.0,0.0,0.0,0.0,0.2,0.2,0.2,0.0,0.0,36.206204396055355,-2.7755575615628914e-17,1.8488927466117464e-32,-2.775557561562893e-17,0.0
244194,AFRINSURE,2025-01-17,0.2,0.2,0.0,2026-04-08T04:23:23.141674+00:00,0.0,0.0,0.0,0.0,0.2,0.2,0.2,0.0,0.0,36.20620439605536,-2.7755575615628914e-17,1.8488927466117464e-32,-2.775557561562893e-17,0.0
244312,AFRINSURE,2025-01-20,0.2,0.2,0.0,2026-04-08T04:23:27.482452+00:00,0.0,0.0,0.0,0.0,0.2,0.2,0.2,0.0,0.0,36.20620439605536,-2.7755575615628914e-17,1.8488927466117464e-32,-2.775557561562893e-17,0.0
244430,AFRINSURE,2025-01-21,0.2,0.2,0.0,2026-04-08T04:23:29.752731+00:00,0.0,0.0,0.0,0.0,0.2,0.2,0.2,0.0,0.0,36.20620439605536,-2.7755575615628914e-17,1.8488927466117464e-32,-2.775557561562893e-17,0.0
244548,AFRINSURE,2025-01-22,0.2,0.2,0.0,2026-04-08T04:23:32.235559+00:00,0.0,0.0,0.0,0.0,0.2,0.2,0.2,0.0,0.0,36.20620439605537,-2.7755575615628914e-17,1.8488927466117464e-32,-2.775557561562893e-17,0.0
244666,AFRINSURE,2025-01-23,0.2,0.2,0.0,2026-04-08T04:23:34.519549+00:00,0.0,0.0,0.0,0.0,0.2,0.2,0.2,0.0,0.0,36.20620439605536,-2.7755575615628914e-17,1.8488927466117464e-32,-2.775557561562893e-17,0.0
244784,AFRINSURE,2025-01-24,0.2,0.2,0.0,2026-04-08T04:23:37.097992+00:00,0.0,0.0,0.0,0.0,0.2,0.2,0.2,0.0,0.0,36.20620439605536,-2.7755575615628914e-17,1.8488927466117464e-32,-2.775557561562893e-17,0.0
244902,AFRINSURE,2025-01-27,0.2,0.2,0.0,2026-04-08T04:23:41.817807+00:00,0.0,0.0,0.0,0.0,0.2,0.2,0.2,0.0,0.0,36.20620439605536,-2.7755575615628914e-17,1.8488927466117464e-32,-2.775557561562893e-17,0.0
245020,AFRINSURE,2025-01-28,0.2,0.2,0.0,2026-04-08T04:23:44.43679+00:00,0.0,0.0,0.0,0.0,0.2,0.2,0.2,0.0,0.0,36.20620439605537,-2.7755575615628914e-17,1.8488927466117464e-32,-2.775557561562893e-17,0.0
245138,AFRINSURE,2025-01-30,0.2,0.2,0.0,2026-04-08T04:23:47.90788+00:00,0.0,0.0,0.0,0.0,0.2,0.2,0.2,0.0,0.0,36.20620439605537,-2.7755575615628914e-17,1.8488927466117464e-32,-2.775557561562893e-17,0.0
245256,AFRINSURE,2025-01-31,0.2,0.2,0.0,2026-04-08T04:23:50.425841+00:00,0.0,0.0,0.0,0.0,0.2,0.2,0.2,0.0,0.0,36.20620439605536,-2.7755575615628914e-17,1.8488927466117464e-32,-2.775557561562893e-17,0.0
245374,AFRINSURE,2025-02-03,0.2,0.2,0.0,2026-04-08T04:23:55.090801+00:00,0.0,0.0,0.0,0.0,0.2,0.2,0.2,0.0,0.0,36.20620439605536,-2.7755575615628914e-17,1.8488927466117464e-32,-2.775557561562893e-17,0.0
245492,AFRINSURE,2025-02-04,0.2,0.2,0.0,2026-04-08T04:23:57.584141+00:00,0.0,0.0,0.0,0.0,0.2,0.2,0.2,0.0,0.0,36.20620439605536,-2.7755575615628914e-17,1.8488927466117464e-32,-2.775557561562893e-17,0.0
245610,AFRINSURE,2025-02-05,0.2,0.2,0.0,2026-04-08T04:24:00.484627+00:00,0.0,0.0,0.0,0.0,0.2,0.2,0.2,0.0,0.0,36.20620439605537,-2.7755575615628914e-17,1.8488927466117464e-32,-2.775557561562893e-17,0.0
245728,AFRINSURE,2025-02-06,0.2,0.2,0.0,2026-04-08T04:24:04.153698+00:00,0.0,0.0,0.0,0.0,0.2,0.2,0.2,0.0,0.0,36.20620439605536,-2.7755575615628914e-17,1.8488927466117464e-32,-2.775557561562893e-17,0.0
245846,AFRINSURE,2025-02-07,0.2,0.2,0.0,2026-04-08T04:24:07.822728+00:00,0.0,0.0,0.0,0.0,0.2,0.2,0.2,0.0,0.0,36.20620439605537,-2.7755575615628914e-17,1.8488927466117464e-32,-2.775557561562893e-17,0.0
245964,AFRINSURE,2025-02-10,0.2,0.2,0.0,2026-04-08T04:24:13.163899+00:00,0.0,0.0,0.0,0.0,0.2,0.2,0.2,0.0,0.0,36.20620439605537,-2.7755575615628914e-17,1.8488927466117464e-32,-2.775557561562893e-17,0.0
246082,AFRINSURE,2025-02-11,0.2,0.2,0.0,2026-04-08T04:24:15.629092+00:00,0.0,0.0,0.0,0.0,0.2,0.2,0.2,0.0,0.0,36.20620439605536,-2.7755575615628914e-17,1.8488927466117464e-32,-2.775557561562893e-17,0.0
246200,AFRINSURE,2025-02-12,0.2,0.2,0.0,2026-04-08T04:24:18.226035+00:00,0.0,0.0,0.0,0.0,0.2,0.2,0.2,0.0,0.0,36.20620439605537,-2.7755575615628914e-17,1.8488927466117464e-32,-2.775557561562893e-17,0.0
246318,AFRINSURE,2025-02-13,0.2,0.2,0.0,2026-04-08T04:24:20.725749+00:00,0.0,0.0,0.0,0.0,0.2,0.2,0.2,0.0,0.0,36.20620439605537,-2.7755575615628914e-17,1.8488927466117464e-32,-2.775557561562893e-17,0.0
246436,AFRINSURE,2025-02-14,0.2,0.2,0.0,2026-04-08T04:24:23.300806+00:00,0.0,0.0,0.0,0.0,0.2,0.2,0.2,0.0,0.0,36.20620439605537,-2.7755575615628914e-17,1.8488927466117464e-32,-2.775557561562893e-17,0.0
246554,AFRINSURE,2025-02-17,0.2,0.2,0.0,2026-04-08T04:24:27.726986+00:00,0.0,0.0,0.0,0.0,0.2,0.2,0.2,0.0,0.0,36.20620439605536,-2.7755575615628914e-17,1.8488927466117464e-32,-2.775557561562893e-17,0.0
246672,AFRINSURE,2025-02-18,0.2,0.2,0.0,2026-04-08T04:24:30.295737+00:00,0.0,0.0,0.0,0.0,0.2,0.2,0.2,0.0,0.0,36.20620439605536,-2.7755575615628914e-17,1.8488927466117464e-32,-2.775557561562893e-17,0.0
246790,AFRINSURE,2025-02-19,0.2,0.2,0.0,2026-04-08T04:24:32.765887+00:00,0.0,0.0,0.0,0.0,0.2,0.2,0.2,0.0,0.0,36.20620439605536,-2.7755575615628914e-17,1.8488927466117464e-32,-2.775557561562893e-17,0.0
246908,AFRINSURE,2025-02-20,0.2,0.2,0.0,2026-04-08T04:24:35.351909+00:00,0.0,0.0,0.0,0.0,0.2,0.2,0.2,0.0,0.0,36.20620439605537,-2.7755575615628914e-17,1.8488927466117464e-32,-2.775557561562893e-17,0.0
247026,AFRINSURE,2025-02-21,0.2,0.2,0.0,2026-04-08T04:24:37.680479+00:00,0.0,0.0,0.0,0.0,0.2,0.2,0.2,0.0,0.0,36.20620439605536,-2.7755575615628914e-17,1.8488927466117464e-32,-2.775557561562893e-17,0.0
247144,AFRINSURE,2025-02-25,0.2,0.2,0.0,2026-04-08T04:24:43.419296+00:00,0.0,0.0,0.0,0.0,0.2,0.2,0.2,0.0,0.0,36.20620439605537,-2.7755575615628914e-17,1.8488927466117464e-32,-2.775557561562893e-17,0.0
247262,AFRINSURE,2025-02-26,0.2,0.2,0.0,2026-04-08T04:24:45.860894+00:00,0.0,0.0,0.0,0.0,0.2,0.2,0.2,0.0,0.0,36.20620439605536,-2.7755575615628914e-17,1.8488927466117464e-32,-2.775557561562893e-17,0.0
247380,AFRINSURE,2025-02-27,0.2,0.2,0.0,2026-04-08T04:24:48.27846+00:00,0.0,0.0,0.0,0.0,0.2,0.2,0.2,0.0,0.0,36.20620439605537,-2.7755575615628914e-17,1.8488927466117464e-32,-2.775557561562893e-17,0.0
247498,AFRINSURE,2025-02-28,0.2,0.2,0.0,2026-04-08T04:24:50.63724+00:00,0.0,0.0,0.0,0.0,0.2,0.2,0.2,0.0,0.0,36.20620439605536,-2.7755575615628914e-17,1.8488927466117464e-32,-2.775557561562893e-17,0.0
247616,AFRINSURE,2025-03-03,0.2,0.2,0.0,2026-04-08T04:24:55.222854+00:00,0.0,0.0,0.0,0.0,0.2,0.2,0.2,0.0,0.0,36.20620439605537,-2.7755575615628914e-17,1.8488927466117464e-32,-2.775557561562893e-17,0.0
247734,AFRINSURE,2025-03-04,0.2,0.2,0.0,2026-04-08T04:24:57.762887+00:00,0.0,0.0,0.0,0.0,0.2,0.2,0.2,0.0,0.0,36.20620439605536,-2.7755575615628914e-17,1.8488927466117464e-32,-2.775557561562893e-17,0.0
247853,AFRINSURE,2025-03-05,0.2,0.2,0.0,2026-04-08T04:25:00.108696+00:00,0.0,0.0,0.0,0.0,0.2,0.2,0.2,0.0,0.0,36.20620439605536,-2.7755575615628914e-17,1.8488927466117464e-32,-2.775557561562893e-17,0.0
247972,AFRINSURE,2025-03-06,0.2,0.2,0.0,2026-04-08T04:25:02.52336+00:00,0.0,0.0,0.0,0.0,0.2,0.2,0.2,0.0,0.0,36.20620439605536,-2.7755575615628914e-17,1.8488927466117464e-32,-2.775557561562893e-17,0.0
248091,AFRINSURE,2025-03-07,0.2,0.2,0.0,2026-04-08T04:25:04.19753+00:00,0.0,0.0,0.0,0.0,0.2,0.2,0.2,0.0,0.0,36.20620439605536,-2.7755575615628914e-17,1.8488927466117464e-32,-2.775557561562893e-17,0.0
248210,AFRINSURE,2025-03-10,0.2,0.2,0.0,2026-04-08T04:25:07.959889+00:00,0.0,0.0,0.0,0.0,0.2,0.2,0.2,0.0,0.0,36.20620439605536,-2.7755575615628914e-17,1.8488927466117464e-32,-2.775557561562893e-17,0.0
248329,AFRINSURE,2025-03-11,0.2,0.2,0.0,2026-04-08T04:25:10.446731+00:00,0.0,0.0,0.0,0.0,0.2,0.2,0.2,0.0,0.0,36.20620439605536,-2.7755575615628914e-17,1.8488927466117464e-32,-2.775557561562893e-17,0.0
248448,AFRINSURE,2025-03-12,0.2,0.2,0.0,2026-04-08T04:25:12.888859+00:00,0.0,0.0,0.0,0.0,0.2,0.2,0.2,0.0,0.0,36.20620439605536,-2.7755575615628914e-17,1.8488927466117464e-32,-2.775557561562893e-17,0.0
248567,AFRINSURE,2025-03-13,0.2,0.2,0.0,2026-04-08T04:25:15.353849+00:00,0.0,0.0,0.0,0.0,0.2,0.2,0.2,0.0,0.0,36.20620439605536,-2.7755575615628914e-17,1.8488927466117464e-32,-2.775557561562893e-17,0.0
248686,AFRINSURE,2025-03-14,0.2,0.2,0.0,2026-04-08T04:25:17.75152+00:00,0.0,0.0,0.0,0.0,0.2,0.2,0.2,0.0,0.0,36.20620439605536,-2.7755575615628914e-17,1.8488927466117464e-32,-2.775557561562893e-17,0.0
248805,AFRINSURE,2025-03-17,0.2,0.2,0.0,2026-04-08T04:25:23.327657+00:00,0.0,0.0,0.0,0.0,0.2,0.2,0.2,0.0,0.0,36.20620439605536,-2.7755575615628914e-17,1.8488927466117464e-32,-2.775557561562893e-17,0.0
248924,AFRINSURE,2025-03-18,0.2,0.2,0.0,2026-04-08T04:25:25.763099+00:00,0.0,0.0,0.0,0.0,0.2,0.2,0.2,0.0,0.0,36.20620439605536,-2.7755575615628914e-17,1.8488927466117464e-32,-2.775557561562893e-17,0.0
249043,AFRINSURE,2025-03-19,0.2,0.2,0.0,2026-04-08T04:25:28.144043+00:00,0.0,0.0,0.0,0.0,0.2,0.2,0.2,0.0,0.0,36.20620439605536,-2.7755575615628914e-17,1.8488927466117464e-32,-2.775557561562893e-17,0.0
249162,AFRINSURE,2025-03-20,0.2,0.2,0.0,2026-04-08T04:25:31.01834+00:00,0.0,0.0,0.0,0.0,0.2,0.2,0.2,0.0,0.0,36.20620439605536,-2.7755575615628914e-17,1.8488927466117464e-32,-2.775557561562893e-17,0.0
249281,AFRINSURE,2025-03-21,0.2,0.2,0.0,2026-04-08T04:25:33.389958+00:00,0.0,0.0,0.0,0.0,0.2,0.2,0.2,0.0,0.0,36.206204396055355,-2.7755575615628914e-17,1.8488927466117464e-32,-2.775557561562893e-17,0.0
249400,AFRINSURE,2025-03-24,0.2,0.2,0.0,2026-04-08T04:25:38.388993+00:00,0.0,0.0,0.0,0.0,0.2,0.2,0.2,0.0,0.0,36.20620439605536,-2.7755575615628914e-17,1.8488927466117464e-32,-2.775557561562893e-17,0.0
249519,AFRINSURE,2025-03-25,0.2,0.2,0.0,2026-04-08T04:25:40.7685+00:00,0.0,0.0,0.0,0.0,0.2,0.2,0.2,0.0,0.0,36.206204396055355,-2.7755575615628914e-17,1.8488927466117464e-32,-2.775557561562893e-17,0.0
249638,AFRINSURE,2025-03-26,0.2,0.2,0.0,2026-04-08T04:25:43.344812+00:00,0.0,0.0,0.0,0.0,0.2,0.2,0.2,0.0,0.0,36.20620439605535,-2.7755575615628914e-17,1.8488927466117464e-32,-2.775557561562893e-17,0.0
249757,AFRINSURE,2025-03-27,0.2,0.2,0.0,2026-04-08T04:25:45.817232+00:00,0.0,0.0,0.0,0.0,0.2,0.2,0.2,0.0,0.0,36.206204396055355,-2.7755575615628914e-17,1.8488927466117464e-32,-2.775557561562893e-17,0.0
249876,AFRINSURE,2025-03-28,0.2,0.2,0.0,2026-04-08T04:25:48.177352+00:00,0.0,0.0,0.0,0.0,0.2,0.2,0.2,0.0,0.0,36.206204396055355,-2.7755575615628914e-17,1.8488927466117464e-32,-2.775557561562893e-17,0.0
249995,AFRINSURE,2025-04-02,0.2,0.2,0.0,2026-04-08T04:25:54.663823+00:00,0.0,0.0,0.0,0.0,0.2,0.2,0.2,0.0,0.0,36.206204396055355,-2.7755575615628914e-17,1.8488927466117464e-32,-2.775557561562893e-17,0.0
250114,AFRINSURE,2025-04-03,0.2,0.2,0.0,2026-04-08T04:25:57.014747+00:00,0.0,0.0,0.0,0.0,0.2,0.2,0.2,0.0,0.0,36.20620439605535,-2.7755575615628914e-17,1.8488927466117464e-32,-2.775557561562893e-17,0.0
250233,AFRINSURE,2025-04-04,0.2,0.2,0.0,2026-04-08T04:25:59.489503+00:00,0.0,0.0,0.0,0.0,0.2,0.2,0.2,0.0,0.0,36.206204396055355,-2.7755575615628914e-17,1.8488927466117464e-32,-2.775557561562893e-17,0.0
250352,AFRINSURE,2025-04-07,0.2,0.2,0.0,2026-04-08T04:26:04.211964+00:00,0.0,0.0,0.0,0.0,0.2,0.2,0.2,0.0,0.0,36.20620439605535,-2.7755575615628914e-17,1.8488927466117464e-32,-2.775557561562893e-17,0.0
250471,AFRINSURE,2025-04-08,0.2,0.2,0.0,2026-04-08T04:26:06.766331+00:00,0.0,0.0,0.0,0.0,0.2,0.2,0.2,0.0,0.0,36.206204396055355,-2.7755575615628914e-17,1.8488927466117464e-32,-2.775557561562893e-17,0.0
250590,AFRINSURE,2025-04-10,0.2,0.2,0.0,2026-04-08T04:26:10.263658+00:00,0.0,0.0,0.0,0.0,0.2,0.2,0.2,0.0,0.0,36.206204396055355,-2.7755575615628914e-17,1.8488927466117464e-32,-2.775557561562893e-17,0.0
250709,AFRINSURE,2025-04-11,0.2,0.2,0.0,2026-04-08T04:26:12.610372+00:00,0.0,0.0,0.0,0.0,0.2,0.2,0.2,0.0,0.0,36.206204396055355,-2.7755575615628914e-17,1.8488927466117464e-32,-2.775557561562893e-17,0.0
250828,AFRINSURE,2025-04-14,0.2,0.2,0.0,2026-04-08T04:26:17.137975+00:00,0.0,0.0,0.0,0.0,0.2,0.2,0.2,0.0,0.0,36.206204396055355,-2.7755575615628914e-17,1.8488927466117464e-32,-2.775557561562893e-17,0.0
250947,AFRINSURE,2025-04-15,0.2,0.2,0.0,2026-04-08T04:26:19.634971+00:00,0.0,0.0,0.0,0.0,0.2,0.2,0.2,0.0,0.0,36.20620439605536,-2.7755575615628914e-17,1.8488927466117464e-32,-2.775557561562893e-17,0.0
251066,AFRINSURE,2025-04-16,0.2,0.2,0.0,2026-04-08T04:26:22.321337+00:00,0.0,0.0,0.0,0.0,0.2,0.2,0.2,0.0,0.0,36.206204396055355,-2.7755575615628914e-17,1.8488927466117464e-32,-2.775557561562893e-17,0.0
251185,AFRINSURE,2025-04-17,0.2,0.2,0.0,2026-04-08T04:26:24.819431+00:00,0.0,0.0,0.0,0.0,0.2,0.2,0.2,0.0,0.0,36.206204396055355,-2.7755575615628914e-17,1.8488927466117464e-32,-2.775557561562893e-17,0.0
251304,AFRINSURE,2025-04-22,0.2,0.2,0.0,2026-04-08T04:26:31.401152+00:00,0.0,0.0,0.0,0.0,0.2,0.2,0.2,0.0,0.0,36.206204396055355,-2.7755575615628914e-17,1.8488927466117464e-32,-2.775557561562893e-17,0.0
251423,AFRINSURE,2025-04-23,0.2,0.2,0.0,2026-04-08T04:26:33.741411+00:00,0.0,0.0,0.0,0.0,0.2,0.2,0.2,0.0,0.0,36.206204396055355,-2.7755575615628914e-17,1.8488927466117464e-32,-2.775557561562893e-17,0.0
251542,AFRINSURE,2025-04-24,0.2,0.2,0.0,2026-04-08T04:26:36.383131+00:00,0.0,0.0,0.0,0.0,0.2,0.2,0.2,0.0,0.0,36.206204396055355,-2.7755575615628914e-17,1.8488927466117464e-32,-2.775557561562893e-17,0.0
251662,AFRINSURE,2025-04-25,0.2,0.2,0.0,2026-04-08T04:26:38.677219+00:00,0.0,0.0,0.0,0.0,0.2,0.2,0.2,0.0,0.0,36.206204396055355,-2.7755575615628914e-17,1.8488927466117464e-32,-2.775557561562893e-17,0.0
251782,AFRINSURE,2025-04-28,0.2,0.2,0.0,2026-04-08T04:26:43.113614+00:00,0.0,0.0,0.0,0.0,0.2,0.2,0.2,0.0,0.0,36.20620439605535,-2.7755575615628914e-17,1.8488927466117464e-32,-2.775557561562893e-17,0.0
251902,AFRINSURE,2025-04-29,0.2,0.2,0.0,2026-04-08T04:26:45.609073+00:00,0.0,0.0,0.0,0.0,0.2,0.2,0.2,0.0,0.0,36.20620439605536,-2.7755575615628914e-17,1.8488927466117464e-32,-2.775557561562893e-17,0.0
252022,AFRINSURE,2025-04-30,0.2,0.2,0.0,2026-04-08T04:26:48.242472+00:00,0.0,0.0,0.0,0.0,0.2,0.2,0.2,0.0,0.0,36.206204396055355,-2.7755575615628914e-17,1.8488927466117464e-32,-2.775557561562893e-17,0.0
252142,AFRINSURE,2025-05-02,0.2,0.2,0.0,2026-04-08T04:26:51.690529+00:00,0.0,0.0,0.0,0.0,0.2,0.2,0.2,0.0,0.0,36.206204396055355,-2.7755575615628914e-17,1.8488927466117464e-32,-2.775557561562893e-17,0.0
252262,AFRINSURE,2025-05-05,0.2,0.2,0.0,2026-04-08T04:26:56.275381+00:00,0.0,0.0,0.0,0.0,0.2,0.2,0.2,0.0,0.0,36.206204396055355,-2.7755575615628914e-17,1.8488927466117464e-32,-2.775557561562893e-17,0.0
252382,AFRINSURE,2025-05-06,0.2,0.2,0.0,2026-04-08T04:26:58.7221+00:00,0.0,0.0,0.0,0.0,0.2,0.2,0.2,0.0,0.0,36.206204396055355,-2.7755575615628914e-17,1.8488927466117464e-32,-2.775557561562893e-17,0.0
252502,AFRINSURE,2025-05-07,0.2,0.2,0.0,2026-04-08T04:27:01.170235+00:00,0.0,0.0,0.0,0.0,0.2,0.2,0.2,0.0,0.0,36.20620439605536,-2.7755575615628914e-17,1.8488927466117464e-32,-2.775557561562893e-17,0.0
252622,AFRINSURE,2025-05-08,0.2,0.2,0.0,2026-04-08T04:27:03.468055+00:00,0.0,0.0,0.0,0.0,0.2,0.2,0.2,0.0,0.0,36.206204396055355,-2.7755575615628914e-17,1.8488927466117464e-32,-2.775557561562893e-17,0.0
252742,AFRINSURE,2025-05-09,0.2,0.2,0.0,2026-04-08T04:27:05.963213+00:00,0.0,0.0,0.0,0.0,0.2,0.2,0.2,0.0,0.0,36.206204396055355,-2.7755575615628914e-17,1.8488927466117464e-32,-2.775557561562893e-17,0.0
252862,AFRINSURE,2025-05-12,0.2,0.2,0.0,2026-04-08T04:27:10.449459+00:00,0.0,0.0,0.0,0.0,0.2,0.2,0.2,0.0,0.0,36.206204396055355,-2.7755575615628914e-17,1.8488927466117464e-32,-2.775557561562893e-17,0.0
252982,AFRINSURE,2025-05-14,0.2,0.2,0.0,2026-04-08T04:27:13.89162+00:00,0.0,0.0,0.0,0.0,0.2,0.2,0.2,0.0,0.0,36.20620439605536,-2.7755575615628914e-17,1.8488927466117464e-32,-2.775557561562893e-17,0.0
253102,AFRINSURE,2025-05-15,0.2,0.2,0.0,2026-04-08T04:27:16.307455+00:00,0.0,0.0,0.0,0.0,0.2,0.2,0.2,0.0,0.0,36.20620439605535,-2.7755575615628914e-17,1.8488927466117464e-32,-2.775557561562893e-17,0.0
253222,AFRINSURE,2025-05-16,0.2,0.2,0.0,2026-04-08T04:27:18.639316+00:00,0.0,0.0,0.0,0.0,0.2,0.2,0.2,0.0,0.0,36.20620439605535,-2.7755575615628914e-17,1.8488927466117464e-32,-2.775557561562893e-17,0.0
253342,AFRINSURE,2025-05-19,0.2,0.2,0.0,2026-04-08T04:27:23.06518+00:00,0.0,0.0,0.0,0.0,0.2,0.2,0.2,0.0,0.0,36.20620439605535,-2.7755575615628914e-17,1.8488927466117464e-32,-2.775557561562893e-17,0.0
253462,AFRINSURE,2025-05-20,0.2,0.2,0.0,2026-04-08T04:27:25.663956+00:00,0.0,0.0,0.0,0.0,0.2,0.2,0.2,0.0,0.0,36.206204396055355,-2.7755575615628914e-17,1.8488927466117464e-32,-2.775557561562893e-17,0.0
253582,AFRINSURE,2025-05-21,0.2,0.2,0.0,2026-04-08T04:27:28.280255+00:00,0.0,0.0,0.0,0.0,0.2,0.2,0.2,0.0,0.0,36.206204396055355,-2.7755575615628914e-17,1.8488927466117464e-32,-2.775557561562893e-17,0.0
253702,AFRINSURE,2025-05-22,0.2,0.2,0.0,2026-04-08T04:27:30.733393+00:00,0.0,0.0,0.0,0.0,0.2,0.2,0.2,0.0,0.0,36.206204396055355,-2.7755575615628914e-17,1.8488927466117464e-32,-2.775557561562893e-17,0.0
253822,AFRINSURE,2025-05-23,0.2,0.2,0.0,2026-04-08T04:27:33.142895+00:00,0.0,0.0,0.0,0.0,0.2,0.2,0.2,0.0,0.0,36.206204396055355,-2.7755575615628914e-17,1.8488927466117464e-32,-2.775557561562893e-17,0.0
253942,AFRINSURE,2025-05-26,0.2,0.2,0.0,2026-04-08T04:27:37.938794+00:00,0.0,0.0,0.0,0.0,0.2,0.2,0.2,0.0,0.0,36.206204396055355,-2.7755575615628914e-17,1.8488927466117464e-32,-2.775557561562893e-17,0.0
254062,AFRINSURE,2025-05-27,0.2,0.2,0.0,2026-04-08T04:27:40.395447+00:00,0.0,0.0,0.0,0.0,0.2,0.2,0.2,0.0,0.0,36.206204396055355,-2.7755575615628914e-17,1.8488927466117464e-32,-2.775557561562893e-17,0.0
254182,AFRINSURE,2025-05-28,0.2,0.2,0.0,2026-04-08T04:27:42.906627+00:00,0.0,0.0,0.0,0.0,0.2,0.2,0.2,0.0,0.0,36.206204396055355,-2.7755575615628914e-17,1.8488927466117464e-32,-2.775557561562893e-17,0.0
254302,AFRINSURE,2025-05-29,0.2,0.2,0.0,2026-04-08T04:27:45.903166+00:00,0.0,0.0,0.0,0.0,0.2,0.2,0.2,0.0,0.0,36.20620439605535,-2.7755575615628914e-17,1.8488927466117464e-32,-2.775557561562893e-17,0.0
254422,AFRINSURE,2025-05-30,0.2,0.2,0.0,2026-04-08T04:27:48.4452+00:00,0.0,0.0,0.0,0.0,0.2,0.2,0.2,0.0,0.0,36.20620439605535,-2.7755575615628914e-17,1.8488927466117464e-32,-2.775557561562893e-17,0.0
254542,AFRINSURE,2025-06-02,0.2,0.2,0.0,2026-04-08T04:27:53.01382+00:00,0.0,0.0,0.0,0.0,0.2,0.2,0.2,0.0,0.0,36.20620439605535,-2.7755575615628914e-17,1.8488927466117464e-32,-2.775557561562893e-17,0.0
254662,AFRINSURE,2025-06-03,0.2,0.2,0.0,2026-04-08T04:27:55.368454+00:00,0.0,0.0,0.0,0.0,0.2,0.2,0.2,0.0,0.0,36.206204396055355,-2.7755575615628914e-17,1.8488927466117464e-32,-2.775557561562893e-17,0.0
254782,AFRINSURE,2025-06-04,0.2,0.2,0.0,2026-04-08T04:27:57.94541+00:00,0.0,0.0,0.0,0.0,0.2,0.2,0.2,0.0,0.0,36.20620439605535,-2.7755575615628914e-17,1.8488927466117464e-32,-2.775557561562893e-17,0.0
254902,AFRINSURE,2025-06-05,0.2,0.2,0.0,2026-04-08T04:28:00.320696+00:00,0.0,0.0,0.0,0.0,0.2,0.2,0.2,0.0,0.0,36.206204396055355,-2.7755575615628914e-17,1.8488927466117464e-32,-2.775557561562893e-17,0.0
255022,AFRINSURE,2025-06-10,0.2,0.2,0.0,2026-04-08T04:28:07.114795+00:00,0.0,0.0,0.0,0.0,0.2,0.2,0.2,0.0,0.0,36.206204396055355,-2.7755575615628914e-17,1.8488927466117464e-32,-2.775557561562893e-17,0.0
255142,AFRINSURE,2025-06-11,0.2,0.2,0.0,2026-04-08T04:28:09.38594+00:00,0.0,0.0,0.0,0.0,0.2,0.2,0.2,0.0,0.0,36.206204396055355,-2.7755575615628914e-17,1.8488927466117464e-32,-2.775557561562893e-17,0.0
255262,AFRINSURE,2025-06-17,0.2,0.2,0.0,2026-04-08T04:28:17.228975+00:00,0.0,0.0,0.0,0.0,0.2,0.2,0.2,0.0,0.0,36.206204396055355,-2.7755575615628914e-17,1.8488927466117464e-32,-2.775557561562893e-17,0.0
255382,AFRINSURE,2025-06-18,0.2,0.2,0.0,2026-04-08T04:28:19.70912+00:00,0.0,0.0,0.0,0.0,0.2,0.2,0.2,0.0,0.0,36.206204396055355,-2.7755575615628914e-17,1.8488927466117464e-32,-2.775557561562893e-17,0.0
255502,AFRINSURE,2025-06-19,0.2,0.2,0.0,2026-04-08T04:28:22.276816+00:00,0.0,0.0,0.0,0.0,0.2,0.2,0.2,0.0,0.0,36.20620439605534,-2.7755575615628914e-17,1.8488927466117464e-32,-2.775557561562893e-17,0.0
255622,AFRINSURE,2025-06-20,0.2,0.2,0.0,2026-04-08T04:28:24.65394+00:00,0.0,0.0,0.0,0.0,0.2,0.2,0.2,0.0,0.0,36.20620439605535,-2.7755575615628914e-17,1.8488927466117464e-32,-2.775557561562893e-17,0.0
255742,AFRINSURE,2025-06-23,0.2,0.2,0.0,2026-04-08T04:28:29.225711+00:00,0.0,0.0,0.0,0.0,0.2,0.2,0.2,0.0,0.0,36.20620439605534,-2.7755575615628914e-17,1.8488927466117464e-32,-2.775557561562893e-17,0.0
255862,AFRINSURE,2025-06-24,0.2,0.2,0.0,2026-04-08T04:28:31.569579+00:00,0.0,0.0,0.0,0.0,0.2,0.2,0.2,0.0,0.0,36.20620439605535,-2.7755575615628914e-17,1.8488927466117464e-32,-2.775557561562893e-17,0.0
255982,AFRINSURE,2025-06-25,0.2,0.2,0.0,2026-04-08T04:28:33.910697+00:00,0.0,0.0,0.0,0.0,0.2,0.2,0.2,0.0,0.0,36.20620439605535,-2.7755575615628914e-17,1.8488927466117464e-32,-2.775557561562893e-17,0.0
256102,AFRINSURE,2025-06-26,0.2,0.2,0.0,2026-04-08T04:28:36.389223+00:00,0.0,0.0,0.0,0.0,0.2,0.2,0.2,0.0,0.0,36.20620439605535,-2.7755575615628914e-17,1.8488927466117464e-32,-2.775557561562893e-17,0.0
256222,AFRINSURE,2025-06-27,0.2,0.2,0.0,2026-04-08T04:28:38.797599+00:00,0.0,0.0,0.0,0.0,0.2,0.2,0.2,0.0,0.0,36.20620439605535,-2.7755575615628914e-17,1.8488927466117464e-32,-2.775557561562893e-17,0.0
256342,AFRINSURE,2025-07-01,0.2,0.2,0.0,2026-04-08T04:28:44.517216+00:00,0.0,0.0,0.0,0.0,0.2,0.2,0.2,0.0,0.0,36.20620439605534,-2.7755575615628914e-17,1.8488927466117464e-32,-2.775557561562893e-17,0.0
256462,AFRINSURE,2025-07-02,0.2,0.2,0.0,2026-04-08T04:28:47.139962+00:00,0.0,0.0,0.0,0.0,0.2,0.2,0.2,0.0,0.0,36.20620439605535,-2.7755575615628914e-17,1.8488927466117464e-32,-2.775557561562893e-17,0.0
256582,AFRINSURE,2025-07-03,0.2,0.2,0.0,2026-04-08T04:28:49.506141+00:00,0.0,0.0,0.0,0.0,0.2,0.2,0.2,0.0,0.0,36.20620439605535,-2.7755575615628914e-17,1.8488927466117464e-32,-2.775557561562893e-17,0.0
256702,AFRINSURE,2025-07-04,0.2,0.2,0.0,2026-04-08T04:28:51.76506+00:00,0.0,0.0,0.0,0.0,0.2,0.2,0.2,0.0,0.0,36.20620439605535,-2.7755575615628914e-17,1.8488927466117464e-32,-2.775557561562893e-17,0.0
256822,AFRINSURE,2025-07-07,0.2,0.2,0.0,2026-04-08T04:28:56.230166+00:00,0.0,0.0,0.0,0.0,0.2,0.2,0.2,0.0,0.0,36.20620439605535,-2.7755575615628914e-17,1.8488927466117464e-32,-2.775557561562893e-17,0.0
256942,AFRINSURE,2025-07-08,0.2,0.2,0.0,2026-04-08T04:28:58.705995+00:00,0.0,0.0,0.0,0.0,0.2,0.2,0.2,0.0,0.0,36.20620439605535,-2.7755575615628914e-17,1.8488927466117464e-32,-2.775557561562893e-17,0.0
257062,AFRINSURE,2025-07-09,0.2,0.2,0.0,2026-04-08T04:29:01.058721+00:00,0.0,0.0,0.0,0.0,0.2,0.2,0.2,0.0,0.0,36.20620439605535,-2.7755575615628914e-17,1.8488927466117464e-32,-2.775557561562893e-17,0.0
257182,AFRINSURE,2025-07-10,0.2,0.2,0.0,2026-04-08T04:29:03.550316+00:00,0.0,0.0,0.0,0.0,0.2,0.2,0.2,0.0,0.0,36.20620439605535,-2.7755575615628914e-17,1.8488927466117464e-32,-2.775557561562893e-17,0.0
257302,AFRINSURE,2025-07-11,0.2,0.2,0.0,2026-04-08T04:29:06.089999+00:00,0.0,0.0,0.0,0.0,0.2,0.2,0.2,0.0,0.0,36.20620439605535,-2.7755575615628914e-17,1.8488927466117464e-32,-2.775557561562893e-17,0.0
257422,AFRINSURE,2025-07-14,0.2,0.2,0.0,2026-04-08T04:29:10.69196+00:00,0.0,0.0,0.0,0.0,0.2,0.2,0.2,0.0,0.0,36.20620439605535,-2.7755575615628914e-17,1.8488927466117464e-32,-2.775557561562893e-17,0.0
257542,AFRINSURE,2025-07-16,0.2,0.2,0.0,2026-04-08T04:29:14.112969+00:00,0.0,0.0,0.0,0.0,0.2,0.2,0.2,0.0,0.0,36.20620439605535,-2.7755575615628914e-17,1.8488927466117464e-32,-2.775557561562893e-17,0.0
257662,AFRINSURE,2025-07-17,0.2,0.2,0.0,2026-04-08T04:29:16.489777+00:00,0.0,0.0,0.0,0.0,0.2,0.2,0.2,0.0,0.0,36.20620439605535,-2.7755575615628914e-17,1.8488927466117464e-32,-2.775557561562893e-17,0.0
257782,AFRINSURE,2025-07-18,0.2,0.2,0.0,2026-04-08T04:29:18.854517+00:00,0.0,0.0,0.0,0.0,0.2,0.2,0.2,0.0,0.0,36.20620439605535,-2.7755575615628914e-17,1.8488927466117464e-32,-2.775557561562893e-17,0.0
257902,AFRINSURE,2025-07-21,0.2,0.2,0.0,2026-04-08T04:29:23.300994+00:00,0.0,0.0,0.0,0.0,0.2,0.2,0.2,0.0,0.0,36.20620439605535,-2.7755575615628914e-17,1.8488927466117464e-32,-2.775557561562893e-17,0.0
258022,AFRINSURE,2025-07-22,0.2,0.2,0.0,2026-04-08T04:29:25.922592+00:00,0.0,0.0,0.0,0.0,0.2,0.2,0.2,0.0,0.0,36.20620439605535,-2.7755575615628914e-17,1.8488927466117464e-32,-2.775557561562893e-17,0.0
258142,AFRINSURE,2025-07-23,0.2,0.2,0.0,2026-04-08T04:29:29.05968+00:00,0.0,0.0,0.0,0.0,0.2,0.2,0.2,0.0,0.0,36.20620439605534,-2.7755575615628914e-17,1.8488927466117464e-32,-2.775557561562893e-17,0.0
258262,AFRINSURE,2025-07-24,0.2,0.2,0.0,2026-04-08T04:29:31.486978+00:00,0.0,0.0,0.0,0.0,0.2,0.2,0.2,0.0,0.0,36.20620439605535,-2.7755575615628914e-17,1.8488927466117464e-32,-2.775557561562893e-17,0.0
258382,AFRINSURE,2025-07-25,0.2,0.2,0.0,2026-04-08T04:29:33.980938+00:00,0.0,0.0,0.0,0.0,0.2,0.2,0.2,0.0,0.0,36.20620439605535,-2.7755575615628914e-17,1.8488927466117464e-32,-2.775557561562893e-17,0.0
258502,AFRINSURE,2025-07-28,0.2,0.2,0.0,2026-04-08T04:29:38.78621+00:00,0.0,0.0,0.0,0.0,0.2,0.2,0.2,0.0,0.0,36.20620439605534,-2.7755575615628914e-17,1.8488927466117464e-32,-2.775557561562893e-17,0.0
258621,AFRINSURE,2025-07-29,0.2,0.2,0.0,2026-04-08T04:29:41.392621+00:00,0.0,0.0,0.0,0.0,0.2,0.2,0.2,0.0,0.0,36.20620439605535,-2.7755575615628914e-17,1.8488927466117464e-32,-2.775557561562893e-17,0.0
258740,AFRINSURE,2025-07-30,0.2,0.2,0.0,2026-04-08T04:29:43.881641+00:00,0.0,0.0,0.0,0.0,0.2,0.2,0.2,0.0,0.0,36.20620439605535,-2.7755575615628914e-17,1.8488927466117464e-32,-2.775557561562893e-17,0.0
258859,AFRINSURE,2025-07-31,0.2,0.2,0.0,2026-04-08T04:29:46.315218+00:00,0.0,0.0,0.0,0.0,0.2,0.2,0.2,0.0,0.0,36.20620439605535,-2.7755575615628914e-17,1.8488927466117464e-32,-2.775557561562893e-17,0.0
258978,AFRINSURE,2025-08-01,0.2,0.2,0.0,2026-04-08T04:29:48.711654+00:00,0.0,0.0,0.0,0.0,0.2,0.2,0.2,0.0,0.0,36.20620439605535,-2.7755575615628914e-17,1.8488927466117464e-32,-2.775557561562893e-17,0.0
259096,AFRINSURE,2025-08-04,0.2,0.2,0.0,2026-04-08T04:29:53.303607+00:00,0.0,0.0,0.0,0.0,0.2,0.2,0.2,0.0,0.0,36.20620439605535,-2.7755575615628914e-17,1.8488927466117464e-32,-2.775557561562893e-17,0.0
259215,AFRINSURE,2025-08-05,0.2,0.2,0.0,2026-04-08T04:29:55.780422+00:00,0.0,0.0,0.0,0.0,0.2,0.2,0.2,0.0,0.0,36.20620439605534,-2.7755575615628914e-17,1.8488927466117464e-32,-2.775557561562893e-17,0.0
259334,AFRINSURE,2025-08-06,0.2,0.2,0.0,2026-04-08T04:29:58.241852+00:00,0.0,0.0,0.0,0.0,0.2,0.2,0.2,0.0,0.0,36.20620439605535,-2.7755575615628914e-17,1.8488927466117464e-32,-2.775557561562893e-17,0.0
259453,AFRINSURE,2025-08-07,0.2,0.2,0.0,2026-04-08T04:30:00.56444+00:00,0.0,0.0,0.0,0.0,0.2,0.2,0.2,0.0,0.0,36.20620439605534,-2.7755575615628914e-17,1.8488927466117464e-32,-2.775557561562893e-17,0.0
259572,AFRINSURE,2025-08-08,0.2,0.2,0.0,2026-04-08T04:30:02.234883+00:00,0.0,0.0,0.0,0.0,0.2,0.2,0.2,0.0,0.0,36.20620439605534,-2.7755575615628914e-17,1.8488927466117464e-32,-2.775557561562893e-17,0.0
259691,AFRINSURE,2025-08-11,0.2,0.2,0.0,2026-04-08T04:30:07.037349+00:00,0.0,0.0,0.0,0.0,0.2,0.2,0.2,0.0,0.0,36.20620439605535,-2.7755575615628914e-17,1.8488927466117464e-32,-2.775557561562893e-17,0.0
259810,AFRINSURE,2025-08-12,0.2,0.2,0.0,2026-04-08T04:30:09.28323+00:00,0.0,0.0,0.0,0.0,0.2,0.2,0.2,0.0,0.0,36.20620439605534,-2.7755575615628914e-17,1.8488927466117464e-32,-2.775557561562893e-17,0.0
259929,AFRINSURE,2025-08-13,0.2,0.2,0.0,2026-04-08T04:30:11.815521+00:00,0.0,0.0,0.0,0.0,0.2,0.2,0.2,0.0,0.0,36.20620439605534,-2.7755575615628914e-17,1.8488927466117464e-32,-2.775557561562893e-17,0.0
260048,AFRINSURE,2025-08-14,0.2,0.2,0.0,2026-04-08T04:30:14.350221+00:00,0.0,0.0,0.0,0.0,0.2,0.2,0.2,0.0,0.0,36.206204396055334,-2.7755575615628914e-17,1.8488927466117464e-32,-2.775557561562893e-17,0.0
260167,AFRINSURE,2025-08-15,0.2,0.2,0.0,2026-04-08T04:30:16.786076+00:00,0.0,0.0,0.0,0.0,0.2,0.2,0.2,0.0,0.0,36.20620439605534,-2.7755575615628914e-17,1.8488927466117464e-32,-2.775557561562893e-17,0.0
260286,AFRINSURE,2025-08-18,0.2,0.2,0.0,2026-04-08T04:30:21.560319+00:00,0.0,0.0,0.0,0.0,0.2,0.2,0.2,0.0,0.0,36.20620439605534,-2.7755575615628914e-17,1.8488927466117464e-32,-2.775557561562893e-17,0.0
260405,AFRINSURE,2025-08-19,0.2,0.2,0.0,2026-04-08T04:30:23.869462+00:00,0.0,0.0,0.0,0.0,0.2,0.2,0.2,0.0,0.0,36.20620439605535,-2.7755575615628914e-17,1.8488927466117464e-32,-2.775557561562893e-17,0.0
260524,AFRINSURE,2025-08-20,0.2,0.2,0.0,2026-04-08T04:30:26.318672+00:00,0.0,0.0,0.0,0.0,0.2,0.2,0.2,0.0,0.0,36.20620439605534,-2.7755575615628914e-17,1.8488927466117464e-32,-2.775557561562893e-17,0.0
260643,AFRINSURE,2025-08-21,0.2,0.2,0.0,2026-04-08T04:30:28.670378+00:00,0.0,0.0,0.0,0.0,0.2,0.2,0.2,0.0,0.0,36.20620439605534,-2.7755575615628914e-17,1.8488927466117464e-32,-2.775557561562893e-17,0.0
260762,AFRINSURE,2025-08-22,0.2,0.2,0.0,2026-04-08T04:30:30.96965+00:00,0.0,0.0,0.0,0.0,0.2,0.2,0.2,0.0,0.0,36.206204396055334,-2.7755575615628914e-17,1.8488927466117464e-32,-2.775557561562893e-17,0.0
260881,AFRINSURE,2025-08-25,0.2,0.2,0.0,2026-04-08T04:30:35.521871+00:00,0.0,0.0,0.0,0.0,0.2,0.2,0.2,0.0,0.0,36.206204396055334,-2.7755575615628914e-17,1.8488927466117464e-32,-2.775557561562893e-17,0.0
261000,AFRINSURE,2025-08-26,0.2,0.2,0.0,2026-04-08T04:30:37.91594+00:00,0.0,0.0,0.0,0.0,0.2,0.2,0.2,0.0,0.0,36.20620439605534,-2.7755575615628914e-17,1.8488927466117464e-32,-2.775557561562893e-17,0.0
261119,AFRINSURE,2025-08-27,0.2,0.2,0.0,2026-04-08T04:30:40.231113+00:00,0.0,0.0,0.0,0.0,0.2,0.2,0.2,0.0,0.0,36.20620439605534,-2.7755575615628914e-17,1.8488927466117464e-32,-2.775557561562893e-17,0.0
261238,AFRINSURE,2025-08-28,0.2,0.2,0.0,2026-04-08T04:30:42.59826+00:00,0.0,0.0,0.0,0.0,0.2,0.2,0.2,0.0,0.0,36.206204396055334,-2.7755575615628914e-17,1.8488927466117464e-32,-2.775557561562893e-17,0.0
261357,AFRINSURE,2025-08-29,0.2,0.2,0.0,2026-04-08T04:30:45.09102+00:00,0.0,0.0,0.0,0.0,0.2,0.2,0.2,0.0,0.0,36.20620439605534,-2.7755575615628914e-17,1.8488927466117464e-32,-2.775557561562893e-17,0.0
261476,AFRINSURE,2025-09-01,0.2,0.2,0.0,2026-04-08T04:30:49.608802+00:00,0.0,0.0,0.0,0.0,0.2,0.2,0.2,0.0,0.0,36.206204396055334,-2.7755575615628914e-17,1.8488927466117464e-32,-2.775557561562893e-17,0.0
261595,AFRINSURE,2025-09-02,0.2,0.2,0.0,2026-04-08T04:30:52.312491+00:00,0.0,0.0,0.0,0.0,0.2,0.2,0.2,0.0,0.0,36.206204396055334,-2.7755575615628914e-17,1.8488927466117464e-32,-2.775557561562893e-17,0.0
261714,AFRINSURE,2025-09-03,0.2,0.2,0.0,2026-04-08T04:30:55.837007+00:00,0.0,0.0,0.0,0.0,0.2,0.2,0.2,0.0,0.0,36.20620439605533,-2.7755575615628914e-17,1.8488927466117464e-32,-2.775557561562893e-17,0.0
261833,AFRINSURE,2025-09-04,0.2,0.2,0.0,2026-04-08T04:30:58.198935+00:00,0.0,0.0,0.0,0.0,0.2,0.2,0.2,0.0,0.0,36.20620439605533,-2.7755575615628914e-17,1.8488927466117464e-32,-2.775557561562893e-17,0.0
261952,AFRINSURE,2025-09-08,0.2,0.2,0.0,2026-04-08T04:31:03.728068+00:00,0.0,0.0,0.0,0.0,0.2,0.2,0.2,0.0,0.0,36.206204396055334,-2.7755575615628914e-17,1.8488927466117464e-32,-2.775557561562893e-17,0.0
262071,AFRINSURE,2025-09-09,0.2,0.2,0.0,2026-04-08T04:31:06.294869+00:00,0.0,0.0,0.0,0.0,0.2,0.2,0.2,0.0,0.0,36.20620439605533,-2.7755575615628914e-17,1.8488927466117464e-32,-2.775557561562893e-17,0.0
262190,AFRINSURE,2025-09-10,0.2,0.2,0.0,2026-04-08T04:31:08.610575+00:00,0.0,0.0,0.0,0.0,0.2,0.2,0.2,0.0,0.0,36.20620439605533,-2.7755575615628914e-17,1.8488927466117464e-32,-2.775557561562893e-17,0.0
262309,AFRINSURE,2025-09-11,0.2,0.2,0.0,2026-04-08T04:31:10.974873+00:00,0.0,0.0,0.0,0.0,0.2,0.2,0.2,0.0,0.0,36.20620439605533,-2.7755575615628914e-17,1.8488927466117464e-32,-2.775557561562893e-17,0.0
262428,AFRINSURE,2025-09-12,0.2,0.2,0.0,2026-04-08T04:31:13.547359+00:00,0.0,0.0,0.0,0.0,0.2,0.2,0.2,0.0,0.0,36.206204396055334,-2.7755575615628914e-17,1.8488927466117464e-32,-2.775557561562893e-17,0.0
262547,AFRINSURE,2025-09-15,0.2,0.2,0.0,2026-04-08T04:31:18.268622+00:00,0.0,0.0,0.0,0.0,0.2,0.2,0.2,0.0,0.0,36.20620439605533,-2.7755575615628914e-17,1.8488927466117464e-32,-2.775557561562893e-17,0.0
262666,AFRINSURE,2025-09-16,0.2,0.2,0.0,2026-04-08T04:31:20.741189+00:00,0.0,0.0,0.0,0.0,0.2,0.2,0.2,0.0,0.0,36.20620439605533,-2.7755575615628914e-17,1.8488927466117464e-32,-2.775557561562893e-17,0.0
262785,AFRINSURE,2025-09-17,0.2,0.2,0.0,2026-04-08T04:31:23.24235+00:00,0.0,0.0,0.0,0.0,0.2,0.2,0.2,0.0,0.0,36.20620439605533,-2.7755575615628914e-17,1.8488927466117464e-32,-2.775557561562893e-17,0.0
262904,AFRINSURE,2025-09-18,0.2,0.2,0.0,2026-04-08T04:31:25.598019+00:00,0.0,0.0,0.0,0.0,0.2,0.2,0.2,0.0,0.0,36.20620439605533,-2.7755575615628914e-17,1.8488927466117464e-32,-2.775557561562893e-17,0.0
263023,AFRINSURE,2025-09-19,0.2,0.2,0.0,2026-04-08T04:31:28.111008+00:00,0.0,0.0,0.0,0.0,0.2,0.2,0.2,0.0,0.0,36.20620439605533,-2.7755575615628914e-17,1.8488927466117464e-32,-2.775557561562893e-17,0.0
263142,AFRINSURE,2025-09-22,0.2,0.2,0.0,2026-04-08T04:31:32.624882+00:00,0.0,0.0,0.0,0.0,0.2,0.2,0.2,0.0,0.0,36.20620439605533,-2.7755575615628914e-17,1.8488927466117464e-32,-2.775557561562893e-17,0.0
263261,AFRINSURE,2025-09-23,0.2,0.2,0.0,2026-04-08T04:31:35.170326+00:00,0.0,0.0,0.0,0.0,0.2,0.2,0.2,0.0,0.0,36.20620439605533,-2.7755575615628914e-17,1.8488927466117464e-32,-2.775557561562893e-17,0.0
263380,AFRINSURE,2025-09-24,0.2,0.2,0.0,2026-04-08T04:31:37.673105+00:00,0.0,0.0,0.0,0.0,0.2,0.2,0.2,0.0,0.0,36.20620439605533,-2.7755575615628914e-17,1.8488927466117464e-32,-2.775557561562893e-17,0.0
263499,AFRINSURE,2025-09-25,0.2,0.2,0.0,2026-04-08T04:31:40.100841+00:00,0.0,0.0,0.0,0.0,0.2,0.2,0.2,0.0,0.0,36.20620439605532,-2.7755575615628914e-17,1.8488927466117464e-32,-2.775557561562893e-17,0.0
263618,AFRINSURE,2025-09-26,0.2,0.2,0.0,2026-04-08T04:31:42.548783+00:00,0.0,0.0,0.0,0.0,0.2,0.2,0.2,0.0,0.0,36.20620439605533,-2.7755575615628914e-17,1.8488927466117464e-32,-2.775557561562893e-17,0.0
263737,AFRINSURE,2025-09-29,0.2,0.2,0.0,2026-04-08T04:31:47.029675+00:00,0.0,0.0,0.0,0.0,0.2,0.2,0.2,0.0,0.0,36.20620439605533,-2.7755575615628914e-17,1.8488927466117464e-32,-2.775557561562893e-17,0.0
263856,AFRINSURE,2025-09-30,0.2,0.2,0.0,2026-04-08T04:31:49.320364+00:00,0.0,0.0,0.0,0.0,0.2,0.2,0.2,0.0,0.0,36.20620439605533,-2.7755575615628914e-17,1.8488927466117464e-32,-2.775557561562893e-17,0.0
263975,AFRINSURE,2025-10-02,0.2,0.2,0.0,2026-04-08T04:31:52.706523+00:00,0.0,0.0,0.0,0.0,0.2,0.2,0.2,0.0,0.0,36.20620439605533,-2.7755575615628914e-17,1.8488927466117464e-32,-2.775557561562893e-17,0.0
264094,AFRINSURE,2025-10-03,0.2,0.2,0.0,2026-04-08T04:31:55.311341+00:00,0.0,0.0,0.0,0.0,0.2,0.2,0.2,0.0,0.0,36.20620439605533,-2.7755575615628914e-17,1.8488927466117464e-32,-2.775557561562893e-17,0.0
264213,AFRINSURE,2025-10-06,0.2,0.2,0.0,2026-04-08T04:31:59.803196+00:00,0.0,0.0,0.0,0.0,0.2,0.2,0.2,0.0,0.0,36.206204396055334,-2.7755575615628914e-17,1.8488927466117464e-32,-2.775557561562893e-17,0.0
264332,AFRINSURE,2025-10-07,0.2,0.2,0.0,2026-04-08T04:32:02.285104+00:00,0.0,0.0,0.0,0.0,0.2,0.2,0.2,0.0,0.0,36.206204396055334,-2.7755575615628914e-17,1.8488927466117464e-32,-2.775557561562893e-17,0.0
264451,AFRINSURE,2025-10-08,0.2,0.2,0.0,2026-04-08T04:32:04.646463+00:00,0.0,0.0,0.0,0.0,0.2,0.2,0.2,0.0,0.0,36.20620439605533,-2.7755575615628914e-17,1.8488927466117464e-32,-2.775557561562893e-17,0.0
264570,AFRINSURE,2025-10-09,0.2,0.2,0.0,2026-04-08T04:32:07.004133+00:00,0.0,0.0,0.0,0.0,0.2,0.2,0.2,0.0,0.0,36.20620439605534,-2.7755575615628914e-17,1.8488927466117464e-32,-2.775557561562893e-17,0.0
264689,AFRINSURE,2025-10-10,0.2,0.2,0.0,2026-04-08T04:32:10.69692+00:00,0.0,0.0,0.0,0.0,0.2,0.2,0.2,0.0,0.0,36.206204396055334,-2.7755575615628914e-17,1.8488927466117464e-32,-2.775557561562893e-17,0.0
264808,AFRINSURE,2025-10-13,0.2,0.2,0.0,2026-04-08T04:32:15.267586+00:00,0.0,0.0,0.0,0.0,0.2,0.2,0.2,0.0,0.0,36.206204396055334,-2.7755575615628914e-17,1.8488927466117464e-32,-2.775557561562893e-17,0.0
264927,AFRINSURE,2025-10-14,0.2,0.2,0.0,2026-04-08T04:32:17.792097+00:00,0.0,0.0,0.0,0.0,0.2,0.2,0.2,0.0,0.0,36.206204396055334,-2.7755575615628914e-17,1.8488927466117464e-32,-2.775557561562893e-17,0.0
265046,AFRINSURE,2025-10-15,0.2,0.2,0.0,2026-04-08T04:32:20.093513+00:00,0.0,0.0,0.0,0.0,0.2,0.2,0.2,0.0,0.0,36.20620439605534,-2.7755575615628914e-17,1.8488927466117464e-32,-2.775557561562893e-17,0.0
265165,AFRINSURE,2025-10-16,0.2,0.2,0.0,2026-04-08T04:32:22.728593+00:00,0.0,0.0,0.0,0.0,0.2,0.2,0.2,0.0,0.0,36.20620439605534,-2.7755575615628914e-17,1.8488927466117464e-32,-2.775557561562893e-17,0.0
265284,AFRINSURE,2025-10-17,0.2,0.2,0.0,2026-04-08T04:32:25.167177+00:00,0.0,0.0,0.0,0.0,0.2,0.2,0.2,0.0,0.0,36.206204396055334,-2.7755575615628914e-17,1.8488927466117464e-32,-2.775557561562893e-17,0.0
265403,AFRINSURE,2025-10-20,0.2,0.2,0.0,2026-04-08T04:32:29.532096+00:00,0.0,0.0,0.0,0.0,0.2,0.2,0.2,0.0,0.0,36.206204396055334,-2.7755575615628914e-17,1.8488927466117464e-32,-2.775557561562893e-17,0.0
265522,AFRINSURE,2025-10-21,0.2,0.2,0.0,2026-04-08T04:32:31.920152+00:00,0.0,0.0,0.0,0.0,0.2,0.2,0.2,0.0,0.0,36.20620439605534,-2.7755575615628914e-17,1.8488927466117464e-32,-2.775557561562893e-17,0.0
265641,AFRINSURE,2025-10-22,0.2,0.2,0.0,2026-04-08T04:32:34.332447+00:00,0.0,0.0,0.0,0.0,0.2,0.2,0.2,0.0,0.0,36.206204396055334,-2.7755575615628914e-17,1.8488927466117464e-32,-2.775557561562893e-17,0.0
265760,AFRINSURE,2025-10-23,0.2,0.2,0.0,2026-04-08T04:32:36.79914+00:00,0.0,0.0,0.0,0.0,0.2,0.2,0.2,0.0,0.0,36.20620439605534,-2.7755575615628914e-17,1.8488927466117464e-32,-2.775557561562893e-17,0.0
265879,AFRINSURE,2025-10-24,0.2,0.2,0.0,2026-04-08T04:32:39.249323+00:00,0.0,0.0,0.0,0.0,0.2,0.2,0.2,0.0,0.0,36.206204396055334,-2.7755575615628914e-17,1.8488927466117464e-32,-2.775557561562893e-17,0.0
265998,AFRINSURE,2025-10-28,0.2,0.2,0.0,2026-04-08T04:32:44.921336+00:00,0.0,0.0,0.0,0.0,0.2,0.2,0.2,0.0,0.0,36.206204396055334,-2.7755575615628914e-17,1.8488927466117464e-32,-2.775557561562893e-17,0.0
266117,AFRINSURE,2025-10-29,0.2,0.2,0.0,2026-04-08T04:32:47.450266+00:00,0.0,0.0,0.0,0.0,0.2,0.2,0.2,0.0,0.0,36.206204396055334,-2.7755575615628914e-17,1.8488927466117464e-32,-2.775557561562893e-17,0.0
266236,AFRINSURE,2025-10-30,0.2,0.2,0.0,2026-04-08T04:32:49.91761+00:00,0.0,0.0,0.0,0.0,0.2,0.2,0.2,0.0,0.0,36.206204396055334,-2.7755575615628914e-17,1.8488927466117464e-32,-2.775557561562893e-17,0.0
266355,AFRINSURE,2025-10-31,0.2,0.2,0.0,2026-04-08T04:32:52.375955+00:00,0.0,0.0,0.0,0.0,0.2,0.2,0.2,0.0,0.0,36.206204396055334,-2.7755575615628914e-17,1.8488927466117464e-32,-2.775557561562893e-17,0.0
266474,AFRINSURE,2025-11-03,0.2,0.2,0.0,2026-04-08T04:32:57.290654+00:00,0.0,0.0,0.0,0.0,0.2,0.2,0.2,0.0,0.0,36.206204396055334,-2.7755575615628914e-17,1.8488927466117464e-32,-2.775557561562893e-17,0.0
266593,AFRINSURE,2025-11-04,0.2,0.2,0.0,2026-04-08T04:32:59.739678+00:00,0.0,0.0,0.0,0.0,0.2,0.2,0.2,0.0,0.0,36.206204396055334,-2.7755575615628914e-17,1.8488927466117464e-32,-2.775557561562893e-17,0.0
266712,AFRINSURE,2025-11-05,0.2,0.2,0.0,2026-04-08T04:33:02.152799+00:00,0.0,0.0,0.0,0.0,0.2,0.2,0.2,0.0,0.0,36.20620439605533,-2.7755575615628914e-17,1.8488927466117464e-32,-2.775557561562893e-17,0.0
266831,AFRINSURE,2025-11-06,0.2,0.2,0.0,2026-04-08T04:33:04.646202+00:00,0.0,0.0,0.0,0.0,0.2,0.2,0.2,0.0,0.0,36.20620439605533,-2.7755575615628914e-17,1.8488927466117464e-32,-2.775557561562893e-17,0.0
266950,AFRINSURE,2025-11-07,0.2,0.2,0.0,2026-04-08T04:33:07.145499+00:00,0.0,0.0,0.0,0.0,0.2,0.2,0.2,0.0,0.0,36.206204396055334,-2.7755575615628914e-17,1.8488927466117464e-32,-2.775557561562893e-17,0.0
267069,AFRINSURE,2025-11-10,0.2,0.2,0.0,2026-04-08T04:33:11.744122+00:00,0.0,0.0,0.0,0.0,0.2,0.2,0.2,0.0,0.0,36.206204396055334,-2.7755575615628914e-17,1.8488927466117464e-32,-2.775557561562893e-17,0.0
267188,AFRINSURE,2025-11-11,0.2,0.2,0.0,2026-04-08T04:33:14.17228+00:00,0.0,0.0,0.0,0.0,0.2,0.2,0.2,0.0,0.0,36.20620439605533,-2.7755575615628914e-17,1.8488927466117464e-32,-2.775557561562893e-17,0.0
267307,AFRINSURE,2025-11-12,0.2,0.2,0.0,2026-04-08T04:33:16.719178+00:00,0.0,0.0,0.0,0.0,0.2,0.2,0.2,0.0,0.0,36.20620439605533,-2.7755575615628914e-17,1.8488927466117464e-32,-2.775557561562893e-17,0.0
267426,AFRINSURE,2025-11-13,0.2,0.2,0.0,2026-04-08T04:33:19.052814+00:00,0.0,0.0,0.0,0.0,0.2,0.2,0.2,0.0,0.0,36.20620439605533,-2.7755575615628914e-17,1.8488927466117464e-32,-2.775557561562893e-17,0.0
267545,AFRINSURE,2025-11-14,0.2,0.2,0.0,2026-04-08T04:33:21.762061+00:00,0.0,0.0,0.0,0.0,0.2,0.2,0.2,0.0,0.0,36.20620439605533,-2.7755575615628914e-17,1.8488927466117464e-32,-2.775557561562893e-17,0.0
267664,AFRINSURE,2025-11-17,0.2,0.2,0.0,2026-04-08T04:33:26.271116+00:00,0.0,0.0,0.0,0.0,0.2,0.2,0.2,0.0,0.0,36.20620439605532,-2.7755575615628914e-17,1.8488927466117464e-32,-2.775557561562893e-17,0.0
267783,AFRINSURE,2025-11-18,0.2,0.2,0.0,2026-04-08T04:33:29.067053+00:00,0.0,0.0,0.0,0.0,0.2,0.2,0.2,0.0,0.0,36.20620439605533,-2.7755575615628914e-17,1.8488927466117464e-32,-2.775557561562893e-17,0.0
267902,AFRINSURE,2025-11-19,0.2,0.2,0.0,2026-04-08T04:33:31.487527+00:00,0.0,0.0,0.0,0.0,0.2,0.2,0.2,0.0,0.0,36.20620439605532,-2.7755575615628914e-17,1.8488927466117464e-32,-2.775557561562893e-17,0.0
268021,AFRINSURE,2025-11-20,0.2,0.2,0.0,2026-04-08T04:33:33.887172+00:00,0.0,0.0,0.0,0.0,0.2,0.2,0.2,0.0,0.0,36.20620439605532,-2.7755575615628914e-17,1.8488927466117464e-32,-2.775557561562893e-17,0.0
268140,AFRINSURE,2025-11-21,0.2,0.2,0.0,2026-04-08T04:33:36.654129+00:00,0.0,0.0,0.0,0.0,0.2,0.2,0.2,0.0,0.0,36.20620439605532,-2.7755575615628914e-17,1.8488927466117464e-32,-2.775557561562893e-17,0.0
268259,AFRINSURE,2025-11-24,0.2,0.2,0.0,2026-04-08T04:33:41.368891+00:00,0.0,0.0,0.0,0.0,0.2,0.2,0.2,0.0,0.0,36.20620439605532,-2.7755575615628914e-17,1.8488927466117464e-32,-2.775557561562893e-17,0.0
268378,AFRINSURE,2025-11-25,0.2,0.2,0.0,2026-04-08T04:33:44.004166+00:00,0.0,0.0,0.0,0.0,0.2,0.2,0.2,0.0,0.0,36.20620439605531,-2.7755575615628914e-17,1.8488927466117464e-32,-2.775557561562893e-17,0.0
268497,AFRINSURE,2025-11-26,0.2,0.2,0.0,2026-04-08T04:33:46.260048+00:00,0.0,0.0,0.0,0.0,0.2,0.2,0.2,0.0,0.0,36.20620439605532,-2.7755575615628914e-17,1.8488927466117464e-32,-2.775557561562893e-17,0.0
268616,AFRINSURE,2025-11-27,0.2,0.2,0.0,2026-04-08T04:33:48.488035+00:00,0.0,0.0,0.0,0.0,0.2,0.2,0.2,0.0,0.0,36.20620439605532,-2.7755575615628914e-17,1.8488927466117464e-32,-2.775557561562893e-17,0.0
268735,AFRINSURE,2025-11-28,0.2,0.2,0.0,2026-04-08T04:33:50.826192+00:00,0.0,0.0,0.0,0.0,0.2,0.2,0.2,0.0,0.0,36.20620439605532,-2.7755575615628914e-17,1.8488927466117464e-32,-2.775557561562893e-17,0.0
268854,AFRINSURE,2025-12-01,0.2,0.2,0.0,2026-04-08T04:33:55.236541+00:00,0.0,0.0,0.0,0.0,0.2,0.2,0.2,0.0,0.0,36.20620439605532,-2.7755575615628914e-17,1.8488927466117464e-32,-2.775557561562893e-17,0.0
268973,AFRINSURE,2025-12-02,0.2,0.2,0.0,2026-04-08T04:33:57.748335+00:00,0.0,0.0,0.0,0.0,0.2,0.2,0.2,0.0,0.0,36.20620439605533,-2.7755575615628914e-17,1.8488927466117464e-32,-2.775557561562893e-17,0.0
269092,AFRINSURE,2025-12-03,0.2,0.2,0.0,2026-04-08T04:34:00.349419+00:00,0.0,0.0,0.0,0.0,0.2,0.2,0.2,0.0,0.0,36.20620439605532,-2.7755575615628914e-17,1.8488927466117464e-32,-2.775557561562893e-17,0.0
269211,AFRINSURE,2025-12-04,0.2,0.2,0.0,2026-04-08T04:34:03.142475+00:00,0.0,0.0,0.0,0.0,0.2,0.2,0.2,0.0,0.0,36.20620439605532,-2.7755575615628914e-17,1.8488927466117464e-32,-2.775557561562893e-17,0.0
269330,AFRINSURE,2025-12-05,0.2,0.2,0.0,2026-04-08T04:34:05.808951+00:00,0.0,0.0,0.0,0.0,0.2,0.2,0.2,0.0,0.0,36.20620439605533,-2.7755575615628914e-17,1.8488927466117464e-32,-2.775557561562893e-17,0.0
269449,AFRINSURE,2025-12-08,0.2,0.2,0.0,2026-04-08T04:34:10.334331+00:00,0.0,0.0,0.0,0.0,0.2,0.2,0.2,0.0,0.0,36.20620439605532,-2.7755575615628914e-17,1.8488927466117464e-32,-2.775557561562893e-17,0.0
269568,AFRINSURE,2025-12-09,0.2,0.2,0.0,2026-04-08T04:34:12.926221+00:00,0.0,0.0,0.0,0.0,0.2,0.2,0.2,0.0,0.0,36.20620439605532,-2.7755575615628914e-17,1.8488927466117464e-32,-2.775557561562893e-17,0.0
269687,AFRINSURE,2025-12-10,0.2,0.2,0.0,2026-04-08T04:34:15.295879+00:00,0.0,0.0,0.0,0.0,0.2,0.2,0.2,0.0,0.0,36.20620439605533,-2.7755575615628914e-17,1.8488927466117464e-32,-2.775557561562893e-17,0.0
269806,AFRINSURE,2025-12-11,0.2,0.2,0.0,2026-04-08T04:34:17.804745+00:00,0.0,0.0,0.0,0.0,0.2,0.2,0.2,0.0,0.0,36.20620439605533,-2.7755575615628914e-17,1.8488927466117464e-32,-2.775557561562893e-17,0.0
269925,AFRINSURE,2025-12-12,0.2,0.2,0.0,2026-04-08T04:34:20.615101+00:00,0.0,0.0,0.0,0.0,0.2,0.2,0.2,0.0,0.0,36.20620439605532,-2.7755575615628914e-17,1.8488927466117464e-32,-2.775557561562893e-17,0.0
270044,AFRINSURE,2025-12-15,0.2,0.2,0.0,2026-04-08T04:34:25.240467+00:00,0.0,0.0,0.0,0.0,0.2,0.2,0.2,0.0,0.0,36.20620439605531,-2.7755575615628914e-17,1.8488927466117464e-32,-2.775557561562893e-17,0.0
270163,AFRINSURE,2025-12-16,0.2,0.2,0.0,2026-04-08T04:34:27.867795+00:00,0.0,0.0,0.0,0.0,0.2,0.2,0.2,0.0,0.0,36.20620439605532,-2.7755575615628914e-17,1.8488927466117464e-32,-2.775557561562893e-17,0.0
270282,AFRINSURE,2025-12-18,0.2,0.2,0.0,2026-04-08T04:34:31.321522+00:00,0.0,0.0,0.0,0.0,0.2,0.2,0.2,0.0,0.0,36.20620439605531,-2.7755575615628914e-17,1.8488927466117464e-32,-2.775557561562893e-17,0.0
270401,AFRINSURE,2025-12-19,0.2,0.2,0.0,2026-04-08T04:34:33.771022+00:00,0.0,0.0,0.0,0.0,0.2,0.2,0.2,0.0,0.0,36.20620439605532,-2.7755575615628914e-17,1.8488927466117464e-32,-2.775557561562893e-17,0.0
270520,AFRINSURE,2025-12-22,0.2,0.2,0.0,2026-04-08T04:34:38.115277+00:00,0.0,0.0,0.0,0.0,0.2,0.2,0.2,0.0,0.0,36.20620439605532,-2.7755575615628914e-17,1.8488927466117464e-32,-2.775557561562893e-17,0.0
270639,AFRINSURE,2025-12-23,0.2,0.2,0.0,2026-04-08T04:34:40.661369+00:00,0.0,0.0,0.0,0.0,0.2,0.2,0.2,0.0,0.0,36.20620439605531,-2.7755575615628914e-17,1.8488927466117464e-32,-2.775557561562893e-17,0.0
270758,AFRINSURE,2025-12-24,0.2,0.2,0.0,2026-04-08T04:34:43.221402+00:00,0.0,0.0,0.0,0.0,0.2,0.2,0.2,0.0,0.0,36.20620439605531,-2.7755575615628914e-17,1.8488927466117464e-32,-2.775557561562893e-17,0.0
270877,AFRINSURE,2025-12-29,0.2,0.2,0.0,2026-04-08T04:34:48.902152+00:00,0.0,0.0,0.0,0.0,0.2,0.2,0.2,0.0,0.0,36.20620439605533,-2.7755575615628914e-17,1.8488927466117464e-32,-2.775557561562893e-17,0.0
270996,AFRINSURE,2025-12-30,0.2,0.2,0.0,2026-04-08T04:34:51.359097+00:00,0.0,0.0,0.0,0.0,0.2,0.2,0.2,0.0,0.0,36.20620439605531,-2.7755575615628914e-17,1.8488927466117464e-32,-2.775557561562893e-17,0.0
271115,AFRINSURE,2025-12-31,0.2,0.2,0.0,2026-04-08T04:34:53.061316+00:00,0.0,0.0,0.0,0.0,0.2,0.2,0.2,0.0,0.0,36.20620439605532,-2.7755575615628914e-17,1.8488927466117464e-32,-2.775557561562893e-17,0.0
271234,AFRINSURE,2026-01-02,0.2,0.2,0.0,2026-04-08T04:34:56.467348+00:00,0.0,0.0,0.0,0.0,0.2,0.2,0.2,0.0,0.0,36.20620439605531,-2.7755575615628914e-17,1.8488927466117464e-32,-2.775557561562893e-17,0.0
271353,AFRINSURE,2026-01-05,0.2,0.2,0.0,2026-04-08T04:35:01.008466+00:00,0.0,0.0,0.0,0.0,0.2,0.2,0.2,0.0,0.0,36.20620439605532,-2.7755575615628914e-17,1.8488927466117464e-32,-2.775557561562893e-17,0.0
271472,AFRINSURE,2026-01-06,0.2,0.2,0.0,2026-04-08T04:35:03.366972+00:00,0.0,0.0,0.0,0.0,0.2,0.2,0.2,0.0,0.0,36.20620439605532,-2.7755575615628914e-17,1.8488927466117464e-32,-2.775557561562893e-17,0.0
271591,AFRINSURE,2026-01-07,0.2,0.2,0.0,2026-04-08T04:35:05.819661+00:00,0.0,0.0,0.0,0.0,0.2,0.2,0.2,0.0,0.0,36.20620439605532,-2.7755575615628914e-17,1.8488927466117464e-32,-2.775557561562893e-17,0.0
271710,AFRINSURE,2026-01-08,0.2,0.2,0.0,2026-04-08T04:35:08.163488+00:00,0.0,0.0,0.0,0.0,0.2,0.2,0.2,0.0,0.0,36.20620439605532,-2.7755575615628914e-17,1.8488927466117464e-32,-2.775557561562893e-17,0.0
271829,AFRINSURE,2026-01-09,0.2,0.2,0.0,2026-04-08T04:35:10.591402+00:00,0.0,0.0,0.0,0.0,0.2,0.2,0.2,0.0,0.0,36.20620439605532,-2.7755575615628914e-17,1.8488927466117464e-32,-2.775557561562893e-17,0.0
271948,AFRINSURE,2026-01-12,0.2,0.2,0.0,2026-04-08T04:35:15.220756+00:00,0.0,0.0,0.0,0.0,0.2,0.2,0.2,0.0,0.0,36.20620439605532,-2.7755575615628914e-17,1.8488927466117464e-32,-2.775557561562893e-17,0.0
272067,AFRINSURE,2026-01-13,0.2,0.2,0.0,2026-04-08T04:35:17.864544+00:00,0.0,0.0,0.0,0.0,0.2,0.2,0.2,0.0,0.0,36.20620439605532,-2.7755575615628914e-17,1.8488927466117464e-32,-2.775557561562893e-17,0.0
272186,AFRINSURE,2026-01-14,0.2,0.2,0.0,2026-04-08T04:35:20.278959+00:00,0.0,0.0,0.0,0.0,0.2,0.2,0.2,0.0,0.0,36.20620439605532,-2.7755575615628914e-17,1.8488927466117464e-32,-2.775557561562893e-17,0.0
272305,AFRINSURE,2026-01-15,0.2,0.2,0.0,2026-04-08T04:35:23.159853+00:00,0.0,0.0,0.0,0.0,0.2,0.2,0.2,0.0,0.0,36.20620439605531,-2.7755575615628914e-17,1.8488927466117464e-32,-2.775557561562893e-17,0.0
272424,AFRINSURE,2026-01-16,0.2,0.2,0.0,2026-04-08T04:35:25.571119+00:00,0.0,0.0,0.0,0.0,0.2,0.2,0.2,0.0,0.0,36.20620439605532,-2.7755575615628914e-17,1.8488927466117464e-32,-2.775557561562893e-17,0.0
272543,AFRINSURE,2026-01-19,0.2,0.2,0.0,2026-04-08T04:35:30.272746+00:00,0.0,0.0,0.0,0.0,0.2,0.2,0.2,0.0,0.0,36.20620439605531,-2.7755575615628914e-17,1.8488927466117464e-32,-2.775557561562893e-17,0.0
272662,AFRINSURE,2026-01-20,0.2,0.2,0.0,2026-04-08T04:35:32.536083+00:00,0.0,0.0,0.0,0.0,0.2,0.2,0.2,0.0,0.0,36.20620439605531,-2.7755575615628914e-17,1.8488927466117464e-32,-2.775557561562893e-17,0.0
272782,AFRINSURE,2026-01-21,0.2,0.2,0.0,2026-04-08T04:35:34.90344+00:00,0.0,0.0,0.0,0.0,0.2,0.2,0.2,0.0,0.0,36.20620439605531,-2.7755575615628914e-17,1.8488927466117464e-32,-2.775557561562893e-17,0.0
272902,AFRINSURE,2026-01-22,0.2,0.2,0.0,2026-04-08T04:35:36.566163+00:00,0.0,0.0,0.0,0.0,0.2,0.2,0.2,0.0,0.0,36.20620439605531,-2.7755575615628914e-17,1.8488927466117464e-32,-2.775557561562893e-17,0.0
273022,AFRINSURE,2026-01-23,0.2,0.2,0.0,2026-04-08T04:35:38.92405+00:00,0.0,0.0,0.0,0.0,0.2,0.2,0.2,0.0,0.0,36.20620439605531,-2.7755575615628914e-17,1.8488927466117464e-32,-2.775557561562893e-17,0.0
273142,AFRINSURE,2026-01-26,0.2,0.2,0.0,2026-04-08T04:35:43.383975+00:00,0.0,0.0,0.0,0.0,0.2,0.2,0.2,0.0,0.0,36.20620439605532,-2.7755575615628914e-17,1.8488927466117464e-32,-2.775557561562893e-17,0.0
273262,AFRINSURE,2026-01-27,0.2,0.2,0.0,2026-04-08T04:35:45.70946+00:00,0.0,0.0,0.0,0.0,0.2,0.2,0.2,0.0,0.0,36.20620439605531,-2.7755575615628914e-17,1.8488927466117464e-32,-2.775557561562893e-17,0.0
273382,AFRINSURE,2026-01-28,0.2,0.2,0.0,2026-04-08T04:35:48.193808+00:00,0.0,0.0,0.0,0.0,0.2,0.2,0.2,0.0,0.0,36.20620439605531,-2.7755575615628914e-17,1.8488927466117464e-32,-2.775557561562893e-17,0.0
273502,AFRINSURE,2026-01-29,0.2,0.2,0.0,2026-04-08T04:35:50.479528+00:00,0.0,0.0,0.0,0.0,0.2,0.2,0.2,0.0,0.0,36.20620439605532,-2.7755575615628914e-17,1.8488927466117464e-32,-2.775557561562893e-17,0.0
273622,AFRINSURE,2026-01-30,0.2,0.2,0.0,2026-04-08T04:35:52.855058+00:00,0.0,0.0,0.0,0.0,0.2,0.2,0.2,0.0,0.0,36.20620439605531,-2.7755575615628914e-17,1.8488927466117464e-32,-2.775557561562893e-17,0.0
273742,AFRINSURE,2026-02-02,0.2,0.2,0.0,2026-04-08T04:35:57.524813+00:00,0.0,0.0,0.0,0.0,0.2,0.2,0.2,0.0,0.0,36.20620439605531,-2.7755575615628914e-17,1.8488927466117464e-32,-2.775557561562893e-17,0.0
273862,AFRINSURE,2026-02-03,0.2,0.2,0.0,2026-04-08T04:36:00.137559+00:00,0.0,0.0,0.0,0.0,0.2,0.2,0.2,0.0,0.0,36.20620439605531,-2.7755575615628914e-17,1.8488927466117464e-32,-2.775557561562893e-17,0.0
273982,AFRINSURE,2026-02-04,0.2,0.2,0.0,2026-04-08T04:36:02.592569+00:00,0.0,0.0,0.0,0.0,0.2,0.2,0.2,0.0,0.0,36.20620439605531,-2.7755575615628914e-17,1.8488927466117464e-32,-2.775557561562893e-17,0.0
274102,AFRINSURE,2026-02-05,0.2,0.2,0.0,2026-04-08T04:36:04.997535+00:00,0.0,0.0,0.0,0.0,0.2,0.2,0.2,0.0,0.0,36.20620439605531,-2.7755575615628914e-17,1.8488927466117464e-32,-2.775557561562893e-17,0.0
274222,AFRINSURE,2026-02-06,0.2,0.2,0.0,2026-04-08T04:36:07.533957+00:00,0.0,0.0,0.0,0.0,0.2,0.2,0.2,0.0,0.0,36.20620439605532,-2.7755575615628914e-17,1.8488927466117464e-32,-2.775557561562893e-17,0.0
