id,symbol,trade_date,open_price,close_price,volume,created_at,returns_pct,lag_return1,lag_return5,lag_return10,stock_MA_5,stock_MA_20,stock_MA_50,returns_volatility_20,returns_volatility_50,stock_RSI,MACD,MACD_hist,MACD_signal,stock_volume_MA_20
77768,UPDCREIT,2018-07-16,9.0,9.0,60000,2026-04-08T03:06:03.612411+00:00,-9.999999999999998,0.0,0.0,0.0,9.8,9.95,9.98,2.2360679774997894,1.414213562373095,0.0,-0.0797720797720789,-0.06381766381766311,-0.01595441595441578,3009.75
77863,UPDCREIT,2018-07-17,9.0,9.0,0,2026-04-08T03:06:06.031894+00:00,0.0,-9.999999999999998,0.0,0.0,9.6,9.9,9.96,2.2360679774997894,1.414213562373095,0.0,-0.14136248894083536,-0.10032645838913566,-0.0410360305516997,3009.75
77958,UPDCREIT,2018-07-18,9.0,9.0,0,2026-04-08T03:06:08.398083+00:00,0.0,0.0,0.0,0.0,9.4,9.85,9.94,2.2360679774997894,1.414213562373095,0.0,-0.18800611448398286,-0.11757606714582652,-0.07043004733815633,3009.75
78053,UPDCREIT,2018-07-19,9.0,9.0,0,2026-04-08T03:06:10.625391+00:00,0.0,0.0,0.0,0.0,9.2,9.8,9.92,2.2360679774997894,1.414213562373095,0.0,-0.22240774572737187,-0.12158215871137243,-0.10082558701599945,3009.75
78148,UPDCREIT,2018-07-20,9.0,9.0,0,2026-04-08T03:06:13.100822+00:00,0.0,0.0,0.0,0.0,9.0,9.75,9.9,2.2360679774997894,1.414213562373095,0.0,-0.24682602951375898,-0.11680035399820762,-0.13002567551555136,3009.75
78243,UPDCREIT,2018-07-23,9.0,9.0,0,2026-04-08T03:06:17.450644+00:00,0.0,0.0,-9.999999999999998,0.0,9.0,9.7,9.88,2.2360679774997894,1.414213562373095,0.0,-0.2631443312892632,-0.10649492461896945,-0.15664940667029373,3009.75
78338,UPDCREIT,2018-07-24,9.0,9.0,0,2026-04-08T03:06:19.846153+00:00,0.0,0.0,0.0,0.0,9.0,9.65,9.86,2.2360679774997894,1.414213562373095,0.0,-0.2729305297596518,-0.09302489847148646,-0.17990563128816536,3009.75
78433,UPDCREIT,2018-07-25,9.0,9.0,0,2026-04-08T03:06:22.17218+00:00,0.0,0.0,0.0,0.0,9.0,9.6,9.84,2.2360679774997894,1.414213562373095,0.0,-0.27748745984602863,-0.0780654628462906,-0.19942199699973803,3004.75
78528,UPDCREIT,2018-07-26,9.0,9.0,50,2026-04-08T03:06:24.338643+00:00,0.0,0.0,0.0,0.0,9.0,9.55,9.82,2.2360679774997894,1.414213562373095,0.0,-0.2778954539610421,-0.06277876556904322,-0.21511668839199888,3007.25
78623,UPDCREIT,2018-07-27,9.0,9.0,0,2026-04-08T03:06:26.70773+00:00,0.0,0.0,0.0,0.0,9.0,9.5,9.8,2.2360679774997894,1.414213562373095,0.0,-0.27504820770971605,-0.04794521545417374,-0.2271029922555423,3007.25
78718,UPDCREIT,2018-07-30,9.0,9.0,0,2026-04-08T03:06:31.357035+00:00,0.0,0.0,0.0,-9.999999999999998,9.0,9.45,9.78,2.2360679774997894,1.414213562373095,0.0,-0.2696830067126985,-0.03406401156572497,-0.23561899514697354,3006.75
78813,UPDCREIT,2018-07-31,9.0,9.0,0,2026-04-08T03:06:33.766078+00:00,0.0,0.0,0.0,0.0,9.0,9.4,9.76,2.2360679774997894,1.414213562373095,0.0,-0.2624061910402453,-0.021429756714617415,-0.2409764343256279,3006.75
78908,UPDCREIT,2018-08-01,9.0,9.0,0,2026-04-08T03:06:36.22345+00:00,0.0,0.0,0.0,0.0,9.0,9.35,9.74,2.2360679774997894,1.414213562373095,0.0,-0.2537145982365825,-0.010190531128763641,-0.24352406710781885,3004.25
79003,UPDCREIT,2018-08-02,9.0,9.0,0,2026-04-08T03:06:38.596191+00:00,0.0,0.0,0.0,0.0,9.0,9.3,9.72,2.2360679774997894,1.414213562373095,0.0,-0.24401361130224153,-0.00039163535553815576,-0.24362197594670337,3002.75
79098,UPDCREIT,2018-08-03,9.0,9.0,0,2026-04-08T03:06:41.315743+00:00,0.0,0.0,0.0,0.0,9.0,9.25,9.7,2.2360679774997894,1.414213562373095,0.0,-0.23363234106818886,0.007991707902811618,-0.24162404897100048,3002.75
79193,UPDCREIT,2018-08-06,9.0,9.0,650,2026-04-08T03:06:46.359416+00:00,0.0,0.0,0.0,0.0,9.0,9.2,9.68,2.2360679774997894,1.414213562373095,0.0,-0.22283639041680026,0.015030126843360192,-0.23786651726016045,3035.25
79288,UPDCREIT,2018-08-07,9.0,9.0,0,2026-04-08T03:06:48.623378+00:00,0.0,0.0,0.0,0.0,9.0,9.15,9.66,2.2360679774997894,1.414213562373095,0.0,-0.21183857847720233,0.02082235102636648,-0.23266092950356881,3035.25
79383,UPDCREIT,2018-08-08,9.0,9.0,0,2026-04-08T03:06:51.110249+00:00,0.0,0.0,0.0,0.0,9.0,9.1,9.64,2.2360679774997894,1.414213562373095,0.0,-0.200807944296864,0.025482388165363856,-0.22629033246222785,3035.0
79478,UPDCREIT,2018-08-09,9.0,9.0,80,2026-04-08T03:06:53.45187+00:00,0.0,0.0,0.0,0.0,9.0,9.05,9.62,2.2360679774997894,1.414213562373095,0.0,-0.18987729991857272,0.029130426034924106,-0.21900772595349682,3039.0
79573,UPDCREIT,2018-08-10,9.0,9.0,0,2026-04-08T03:06:56.254972+00:00,0.0,0.0,0.0,0.0,9.0,9.0,9.6,2.2360679774997894,1.414213562373095,0.0,-0.17914956087668088,0.03188653206145278,-0.21103609293813366,3039.0
79668,UPDCREIT,2018-08-13,9.0,9.0,10000,2026-04-08T03:07:00.870215+00:00,0.0,0.0,0.0,0.0,9.0,9.0,9.58,0.0,1.414213562373095,0.0,-0.16870304668857017,0.033866436999650806,-0.20256948368822097,539.0
79763,UPDCREIT,2018-08-14,9.0,9.0,0,2026-04-08T03:07:03.258394+00:00,0.0,0.0,0.0,0.0,9.0,9.0,9.56,0.0,1.414213562373095,0.0,-0.15859591395784278,0.035178855784302576,-0.19377476974214536,539.0
79858,UPDCREIT,2018-08-15,9.0,9.0,10000,2026-04-08T03:07:05.636903+00:00,0.0,0.0,0.0,0.0,9.0,9.0,9.54,0.0,1.414213562373095,0.0,-0.14886985938011676,0.035923928289622875,-0.18479378766973964,1039.0
79953,UPDCREIT,2018-08-16,9.0,9.0,0,2026-04-08T03:07:07.96787+00:00,0.0,0.0,0.0,0.0,9.0,9.0,9.52,0.0,1.414213562373095,0.0,-0.13955320853568587,0.03619246330724302,-0.17574567184292889,1039.0
80048,UPDCREIT,2018-08-17,9.0,9.0,140,2026-04-08T03:07:10.276143+00:00,0.0,0.0,0.0,0.0,9.0,9.0,9.5,0.0,1.414213562373095,0.0,-0.13066348826115437,0.036065746865419634,-0.166729235126574,1046.0
80143,UPDCREIT,2018-08-20,9.0,9.0,300,2026-04-08T03:07:14.92421+00:00,0.0,0.0,0.0,0.0,9.0,9.0,9.48,0.0,1.414213562373095,0.0,-0.12220956510291714,0.03561573601892551,-0.15782530112184265,1061.0
80238,UPDCREIT,2018-08-24,9.0,9.0,0,2026-04-08T03:07:20.612873+00:00,0.0,0.0,0.0,0.0,9.0,9.0,9.46,0.0,1.414213562373095,0.0,-0.11419341943645911,0.03490550534830683,-0.14909892478476594,1061.0
80333,UPDCREIT,2018-08-27,9.0,9.0,200,2026-04-08T03:07:24.735515+00:00,0.0,0.0,0.0,0.0,9.0,9.0,9.44,0.0,1.414213562373095,0.0,-0.10661161392072849,0.03398984869122995,-0.14060146261195844,1071.0
80428,UPDCREIT,2018-08-28,9.0,9.0,0,2026-04-08T03:07:26.964049+00:00,0.0,0.0,0.0,0.0,9.0,9.0,9.42,0.0,1.414213562373095,0.0,-0.09945650573694209,0.03291596550001308,-0.13237247123695517,1068.5
80523,UPDCREIT,2018-08-29,9.0,9.0,220,2026-04-08T03:07:29.382314+00:00,0.0,0.0,0.0,0.0,9.0,9.0,9.4,0.0,1.414213562373095,0.0,-0.0927172442740094,0.03172418157035663,-0.12444142584436603,1079.5
80618,UPDCREIT,2018-08-30,9.0,9.0,0,2026-04-08T03:07:31.753519+00:00,0.0,0.0,0.0,0.0,9.0,9.0,9.38,0.0,1.414213562373095,0.0,-0.0863805893469376,0.030448669197942757,-0.11682925854488035,1079.5
80713,UPDCREIT,2018-08-31,9.0,9.0,10100,2026-04-08T03:07:34.108038+00:00,0.0,0.0,0.0,0.0,9.0,9.0,9.36,0.0,1.414213562373095,0.0,-0.08043157948274171,0.029118143249710918,-0.10954972273245263,1584.5
80808,UPDCREIT,2018-09-03,9.0,9.0,100,2026-04-08T03:07:38.483999+00:00,0.0,0.0,0.0,0.0,9.0,9.0,9.34,0.0,1.414213562373095,0.0,-0.07485407512210074,0.027756518088281515,-0.10261059321038225,1589.5
80903,UPDCREIT,2018-09-05,9.0,9.0,0,2026-04-08T03:07:41.733647+00:00,0.0,0.0,0.0,0.0,9.0,9.0,9.32,0.0,1.414213562373095,0.0,-0.06963119763018,0.026383516464161816,-0.09601471409434181,1589.5
80998,UPDCREIT,2018-09-06,9.0,9.0,67,2026-04-08T03:07:44.232746+00:00,0.0,0.0,0.0,0.0,9.0,9.0,9.3,0.0,1.414213562373095,0.0,-0.06474568167348771,0.02501522593668329,-0.089760907610171,1592.85
81093,UPDCREIT,2018-09-07,9.0,9.0,0,2026-04-08T03:07:46.695234+00:00,0.0,0.0,0.0,0.0,9.0,9.0,9.28,0.0,1.414213562373095,0.0,-0.06018015570544044,0.023664601523784454,-0.0838447572292249,1560.35
81188,UPDCREIT,2018-09-10,9.0,9.0,0,2026-04-08T03:07:51.133138+00:00,0.0,0.0,0.0,0.0,9.0,9.0,9.26,0.0,1.414213562373095,0.0,-0.05591736293041194,0.02234191543905037,-0.07825927836946231,1560.35
81283,UPDCREIT,2018-09-11,9.0,9.0,0,2026-04-08T03:07:53.572062+00:00,0.0,0.0,0.0,0.0,9.0,9.0,9.24,0.0,1.414213562373095,0.0,-0.05194033311601132,0.0210551562027608,-0.07299548931877212,1560.35
81385,UPDCREIT,2018-09-12,9.0,9.0,0,2026-04-08T03:07:56.190409+00:00,0.0,0.0,0.0,0.0,9.0,9.0,9.22,0.0,1.414213562373095,0.0,-0.04823251393816541,0.01981038030448537,-0.06804289424265078,1556.35
81487,UPDCREIT,2018-09-13,9.0,9.0,1000,2026-04-08T03:07:58.529226+00:00,0.0,0.0,0.0,0.0,9.0,9.0,9.2,0.0,1.414213562373095,0.0,-0.044777869124319025,0.018612020094665407,-0.06338988921898443,1606.35
81589,UPDCREIT,2018-09-14,9.0,9.0,0,2026-04-08T03:08:00.944137+00:00,0.0,0.0,0.0,0.0,9.0,9.0,9.18,0.0,1.414213562373095,0.0,-0.041560949465329955,0.017463151802923585,-0.05902410126825354,1106.35
81691,UPDCREIT,2018-09-17,9.0,9.0,230,2026-04-08T03:08:05.572353+00:00,0.0,0.0,0.0,0.0,9.0,9.0,9.16,0.0,1.414213562373095,0.0,-0.03856694176138831,0.016365727605492188,-0.054932669366880495,1117.85
81793,UPDCREIT,2018-09-18,9.0,9.0,6040,2026-04-08T03:08:07.840784+00:00,0.0,0.0,0.0,0.0,9.0,9.0,9.14,0.0,1.414213562373095,0.0,-0.0357816999219871,0.015320775555914726,-0.051102475477901824,919.85
81895,UPDCREIT,2018-09-19,9.0,9.0,0,2026-04-08T03:08:10.07554+00:00,0.0,0.0,0.0,0.0,9.0,9.0,9.12,0.0,1.414213562373095,0.0,-0.033191761729613134,0.014328570998630955,-0.04752033272824409,919.85
81997,UPDCREIT,2018-09-20,9.0,9.0,0,2026-04-08T03:08:12.389642+00:00,0.0,0.0,0.0,0.0,9.0,9.0,9.1,0.0,1.414213562373095,0.0,-0.03078435418026615,0.013388782838382352,-0.0441731370186485,912.85
82099,UPDCREIT,2018-09-21,9.0,9.0,200,2026-04-08T03:08:14.761127+00:00,0.0,0.0,0.0,0.0,9.0,9.0,9.08,0.0,1.414213562373095,0.0,-0.028547389813338597,0.012500597764247924,-0.04104798757758652,907.85
82201,UPDCREIT,2018-09-24,9.0,9.0,200,2026-04-08T03:08:19.182113+00:00,0.0,0.0,0.0,0.0,9.0,9.0,9.06,0.0,1.414213562373095,0.0,-0.026469456023713533,0.01166282524309839,-0.038132281266811924,917.85
82303,UPDCREIT,2018-09-25,9.0,9.0,0,2026-04-08T03:08:21.370615+00:00,0.0,0.0,0.0,0.0,9.0,9.0,9.04,0.0,1.414213562373095,0.0,-0.02453979899738279,0.01087398581554331,-0.0354137848129261,907.85
82405,UPDCREIT,2018-09-26,9.0,9.0,0,2026-04-08T03:08:24.494451+00:00,0.0,0.0,0.0,0.0,9.0,9.0,9.02,0.0,1.414213562373095,0.0,-0.02274830361780822,0.010132384956094302,-0.03288068857390252,907.85
82507,UPDCREIT,2018-09-27,9.0,9.0,0,2026-04-08T03:08:26.812803+00:00,0.0,0.0,0.0,0.0,9.0,9.0,9.0,0.0,1.414213562373095,0.0,-0.021085470444434762,0.009436174503574209,-0.03052164494800897,896.85
82609,UPDCREIT,2018-09-28,9.0,9.0,0,2026-04-08T03:08:29.283021+00:00,0.0,0.0,0.0,0.0,9.0,9.0,9.0,0.0,0.0,0.0,-0.019542390659662345,0.008783403430677302,-0.028325794090339647,896.85
82711,UPDCREIT,2018-10-02,9.0,9.0,0,2026-04-08T03:08:34.887787+00:00,0.0,0.0,0.0,0.0,9.0,9.0,9.0,0.0,0.0,0.0,-0.018110719709657275,0.008172059504545897,-0.02628277921420317,391.85
82813,UPDCREIT,2018-10-04,9.0,9.0,10,2026-04-08T03:08:38.279141+00:00,0.0,0.0,0.0,0.0,9.0,9.0,9.0,0.0,0.0,0.0,-0.016782650222221918,0.007600103193585006,-0.024382753415806924,387.35
82915,UPDCREIT,2018-10-05,9.0,9.0,100,2026-04-08T03:08:40.455926+00:00,0.0,0.0,0.0,0.0,9.0,9.0,9.0,0.0,0.0,0.0,-0.01555088466685639,0.00706549499916043,-0.02261637966601682,392.35
83017,UPDCREIT,2018-10-08,9.0,9.0,250,2026-04-08T03:08:45.286665+00:00,0.0,0.0,0.0,0.0,9.0,9.0,9.0,0.0,0.0,0.0,-0.014408608124426792,0.006566217233272026,-0.020974825357698818,401.5
83119,UPDCREIT,2018-10-09,9.0,9.0,50,2026-04-08T03:08:47.584215+00:00,0.0,0.0,0.0,0.0,9.0,9.0,9.0,0.0,0.0,0.0,-0.013349461453012523,0.006100291123749036,-0.01944975257676156,404.0
83221,UPDCREIT,2018-10-10,9.0,9.0,1048,2026-04-08T03:08:50.198924+00:00,0.0,0.0,0.0,0.0,9.0,9.0,9.0,0.0,0.0,0.0,-0.01236751506996292,0.005665790005438914,-0.018033305075401834,456.4
83323,UPDCREIT,2018-10-11,9.0,9.0,0,2026-04-08T03:08:52.595743+00:00,0.0,0.0,0.0,0.0,9.0,9.0,9.0,0.0,0.0,0.0,-0.011457243515494042,0.005260849247926233,-0.016718092763420275,456.4
83425,UPDCREIT,2018-10-12,9.0,9.0,0,2026-04-08T03:08:54.923298+00:00,0.0,0.0,0.0,0.0,9.0,9.0,9.0,0.0,0.0,0.0,-0.01061350091851132,0.004883673475927164,-0.015497174394438484,456.4
83527,UPDCREIT,2018-10-15,9.0,9.0,200,2026-04-08T03:08:59.688494+00:00,0.0,0.0,0.0,0.0,9.0,9.0,9.0,0.0,0.0,0.0,-0.00983149744886802,0.004532541556456372,-0.014364039005324392,416.4
83629,UPDCREIT,2018-10-16,9.0,9.0,0,2026-04-08T03:09:01.98694+00:00,0.0,0.0,0.0,0.0,9.0,9.0,9.0,0.0,0.0,0.0,-0.009106776810842376,0.0042058097555856145,-0.01331258656642799,416.4
83731,UPDCREIT,2018-10-17,9.0,9.0,0,2026-04-08T03:09:04.302348+00:00,0.0,0.0,0.0,0.0,9.0,9.0,9.0,0.0,0.0,0.0,-0.008435194808846802,0.0039019134060649524,-0.012337108214911754,404.9
83833,UPDCREIT,2018-10-18,9.0,9.0,0,2026-04-08T03:09:06.644992+00:00,0.0,0.0,0.0,0.0,9.0,9.0,9.0,0.0,0.0,0.0,-0.007812898997496376,0.0036193673739323036,-0.01143226637142868,102.9
83935,UPDCREIT,2018-10-19,9.0,9.0,0,2026-04-08T03:09:09.038287+00:00,0.0,0.0,0.0,0.0,9.0,9.0,9.0,0.0,0.0,0.0,-0.007236309413134023,0.0033567655666357256,-0.010593074979769749,102.9
84037,UPDCREIT,2018-10-22,9.0,9.0,0,2026-04-08T03:09:13.967+00:00,0.0,0.0,0.0,0.0,9.0,9.0,9.0,0.0,0.0,0.0,-0.006702100372242725,0.0031127796860216193,-0.009814880058264345,102.9
84139,UPDCREIT,2018-10-23,9.0,9.0,0,2026-04-08T03:09:16.194722+00:00,0.0,0.0,0.0,0.0,9.0,9.0,9.0,0.0,0.0,0.0,-0.006207183313172493,0.0028861573960734833,-0.009093340709245976,92.9
84241,UPDCREIT,2018-10-24,9.0,9.0,0,2026-04-08T03:09:18.448083+00:00,0.0,0.0,0.0,0.0,9.0,9.0,9.0,0.0,0.0,0.0,-0.00574869065078687,0.0026757200467672857,-0.008424410697554155,82.9
84343,UPDCREIT,2018-10-25,9.0,9.0,0,2026-04-08T03:09:20.631413+00:00,0.0,0.0,0.0,0.0,9.0,9.0,9.0,0.0,0.0,0.0,-0.005323960608738076,0.002480360071052864,-0.0078043206797909406,82.9
84445,UPDCREIT,2018-10-26,8.1,8.1,85800,2026-04-08T03:09:23.109094+00:00,-10.000000000000009,0.0,0.0,0.0,8.82,8.955,8.982000000000001,2.2360679774997916,1.4142135623730963,0.0,-0.07672539478537921,-0.05513685928447061,-0.021588535500908595,4372.9
84547,UPDCREIT,2018-10-29,8.1,8.1,4300,2026-04-08T03:09:27.901396+00:00,0.0,-10.000000000000009,0.0,0.0,8.64,8.91,8.964,2.2360679774997916,1.4142135623730963,0.0,-0.13179232589488166,-0.08816303231517844,-0.04362929357970321,4587.9
84649,UPDCREIT,2018-10-30,8.1,8.1,50,2026-04-08T03:09:30.377337+00:00,0.0,0.0,0.0,0.0,8.459999999999999,8.865,8.946,2.2360679774997916,1.4142135623730963,0.0,-0.17343402604170066,-0.10384378596959797,-0.0695902400721027,4590.4
84751,UPDCREIT,2018-10-31,8.1,8.1,36375,2026-04-08T03:09:32.658485+00:00,0.0,0.0,0.0,0.0,8.28,8.82,8.927999999999999,2.2360679774997916,1.4142135623730963,0.0,-0.20408283355226686,-0.10759407478413133,-0.09648875876813554,6409.15
84853,UPDCREIT,2018-11-01,8.1,8.1,330,2026-04-08T03:09:35.048509+00:00,0.0,0.0,0.0,0.0,8.1,8.775,8.91,2.2360679774997916,1.4142135623730963,0.0,-0.2257697017323146,-0.10342475437134324,-0.12234494736097135,6425.15
84955,UPDCREIT,2018-11-02,8.1,8.1,1060,2026-04-08T03:09:37.41202+00:00,0.0,0.0,-10.000000000000009,0.0,8.1,8.73,8.892000000000001,2.2360679774997916,1.4142135623730963,0.0,-0.24018796367699657,-0.0942744130528202,-0.14591355062417638,6473.15
85057,UPDCREIT,2018-11-05,8.1,8.1,2934,2026-04-08T03:09:41.998643+00:00,0.0,0.0,0.0,0.0,8.1,8.684999999999999,8.874,2.2360679774997916,1.4142135623730963,0.0,-0.248747137979219,-0.08226686988403409,-0.1664802680951849,6607.35
85159,UPDCREIT,2018-11-06,8.1,8.1,0,2026-04-08T03:09:44.485046+00:00,0.0,0.0,0.0,0.0,8.1,8.64,8.856,2.2360679774997916,1.4142135623730963,0.0,-0.2526183185524218,-0.0689104403657895,-0.18370787818663228,6604.85
85261,UPDCREIT,2018-11-08,8.1,8.1,220,2026-04-08T03:09:47.843283+00:00,0.0,0.0,0.0,0.0,8.1,8.595,8.838,2.2360679774997916,1.4142135623730963,0.0,-0.252772453547923,-0.055251660289032556,-0.19752079325889044,6563.45
85363,UPDCREIT,2018-11-09,8.1,8.1,0,2026-04-08T03:09:50.169754+00:00,0.0,0.0,0.0,0.0,8.1,8.55,8.82,2.2360679774997916,1.4142135623730963,0.0,-0.25001261682305476,-0.04199345885133146,-0.2080191579717233,6563.45
85465,UPDCREIT,2018-11-12,8.1,8.1,0,2026-04-08T03:09:54.975549+00:00,0.0,0.0,0.0,-10.000000000000009,8.1,8.504999999999999,8.802,2.2360679774997916,1.4142135623730963,0.0,-0.2450012049523096,-0.029585637584469027,-0.21541556736784057,6563.45
85567,UPDCREIT,2018-11-13,8.1,8.1,0,2026-04-08T03:09:57.558923+00:00,0.0,0.0,0.0,0.0,8.1,8.459999999999999,8.783999999999999,2.2360679774997916,1.4142135623730963,0.0,-0.23828284858688775,-0.018293824975237738,-0.21998902361165001,6553.45
85669,UPDCREIT,2018-11-14,8.1,8.1,0,2026-04-08T03:09:59.910116+00:00,0.0,0.0,0.0,0.0,8.1,8.415,8.766,2.2360679774997916,1.4142135623730963,0.0,-0.23030370501184905,-0.00825174512015922,-0.22205195989168983,6553.45
85771,UPDCREIT,2018-11-15,8.1,8.1,0,2026-04-08T03:10:02.252366+00:00,0.0,0.0,0.0,0.0,8.1,8.370000000000001,8.748,2.2360679774997916,1.4142135623730963,0.0,-0.22142769560107034,0.0004994114324956,-0.22192710703356594,6553.45
85873,UPDCREIT,2018-11-16,8.1,8.1,0,2026-04-08T03:10:04.527169+00:00,0.0,0.0,0.0,0.0,8.1,8.325,8.73,2.2360679774997916,1.4142135623730963,0.0,-0.21195016463135907,0.007981553921765527,-0.2199317185531246,6553.45
85975,UPDCREIT,2018-11-19,8.1,8.1,0,2026-04-08T03:10:09.122468+00:00,0.0,0.0,0.0,0.0,8.1,8.28,8.712,2.2360679774997916,1.4142135623730963,0.0,-0.2021093621379233,0.014257885132161058,-0.21636724727008436,6553.45
86077,UPDCREIT,2018-11-21,8.1,8.1,0,2026-04-08T03:10:12.622729+00:00,0.0,0.0,0.0,0.0,8.1,8.235,8.693999999999999,2.2360679774997916,1.4142135623730963,0.0,-0.19209609110018455,0.019416924935919844,-0.2115130160361044,6553.45
86179,UPDCREIT,2018-11-22,8.1,8.1,0,2026-04-08T03:10:14.989948+00:00,0.0,0.0,0.0,0.0,8.1,8.19,8.676,2.2360679774997916,1.4142135623730963,0.0,-0.18206180648543047,0.023560967640539165,-0.20562277412596963,6553.45
86281,UPDCREIT,2018-11-23,8.1,8.1,5000,2026-04-08T03:10:17.221139+00:00,0.0,0.0,0.0,0.0,8.1,8.145,8.658,2.2360679774997916,1.4142135623730963,0.0,-0.1721254090637796,0.026797892049752026,-0.19892330111353163,6803.45
86383,UPDCREIT,2018-11-26,8.1,8.1,2000,2026-04-08T03:10:22.142454+00:00,0.0,0.0,0.0,0.0,8.1,8.1,8.64,2.2360679774997916,1.4142135623730963,0.0,-0.16237893918569135,0.02923548954227223,-0.19161442872796358,6903.45
86485,UPDCREIT,2018-11-27,8.1,8.1,0,2026-04-08T03:10:24.421595+00:00,0.0,0.0,0.0,0.0,8.1,8.1,8.622,0.0,1.4142135623730963,0.0,-0.15289234382040107,0.03097766792605003,-0.1838700117464511,2613.45
86587,UPDCREIT,2018-11-28,8.1,8.1,0,2026-04-08T03:10:26.708398+00:00,0.0,0.0,0.0,0.0,8.1,8.1,8.604,0.0,1.4142135623730963,0.0,-0.14371746319152123,0.032122038843943906,-0.17583950203546514,2398.45
86689,UPDCREIT,2018-11-29,8.1,8.1,0,2026-04-08T03:10:29.255332+00:00,0.0,0.0,0.0,0.0,8.1,8.1,8.586,0.0,1.4142135623730963,0.0,-0.1348913605541764,0.03275851318503101,-0.1676498737392074,2395.95
86791,UPDCREIT,2018-11-30,8.1,8.1,3400,2026-04-08T03:10:32.706086+00:00,0.0,0.0,0.0,0.0,8.1,8.1,8.568,0.0,1.4142135623730963,0.0,-0.12643909939324693,0.03296861947676838,-0.1594077188700153,747.2
86893,UPDCREIT,2018-12-03,8.1,8.1,11500,2026-04-08T03:10:37.185914+00:00,0.0,0.0,0.0,0.0,8.1,8.1,8.55,0.0,1.4142135623730963,0.0,-0.11837605604045898,0.032825330263645064,-0.15120138630410404,1305.7
86995,UPDCREIT,2018-12-04,8.1,8.1,3800,2026-04-08T03:10:39.607482+00:00,0.0,0.0,0.0,0.0,8.1,8.1,8.532,0.0,1.4142135623730963,0.0,-0.11070984194878264,0.03239323548425713,-0.14310307743303977,1442.7
87097,UPDCREIT,2018-12-05,8.1,8.1,500,2026-04-08T03:10:42.037497+00:00,0.0,0.0,0.0,0.0,8.1,8.1,8.514,0.0,1.4142135623730963,0.0,-0.10344189823651462,0.031728943357220124,-0.13517084159373474,1321.0
87199,UPDCREIT,2018-12-06,8.1,8.1,0,2026-04-08T03:10:44.312069+00:00,0.0,0.0,0.0,0.0,8.1,8.1,8.496,0.0,1.4142135623730963,0.0,-0.09656881529115857,0.030881621042060936,-0.1274504363332195,1321.0
87301,UPDCREIT,2018-12-07,8.1,8.1,1200,2026-04-08T03:10:46.663078+00:00,0.0,0.0,0.0,0.0,8.1,8.1,8.478,0.0,1.4142135623730963,0.0,-0.09008342192609398,0.029893611525700428,-0.1199770334517944,1370.0
87403,UPDCREIT,2018-12-10,8.1,8.1,122,2026-04-08T03:10:51.346822+00:00,0.0,0.0,0.0,0.0,8.1,8.1,8.46,0.0,1.4142135623730963,0.0,-0.0839756815753887,0.028801081501124565,-0.11277676307651327,1376.1
87505,UPDCREIT,2018-12-11,8.1,8.1,0,2026-04-08T03:10:53.613329+00:00,0.0,0.0,0.0,0.0,8.1,8.1,8.442,0.0,1.4142135623730963,0.0,-0.07823342709463432,0.027634668785503164,-0.10586809588013749,1376.1
87607,UPDCREIT,2018-12-12,8.1,8.1,0,2026-04-08T03:10:55.983376+00:00,0.0,0.0,0.0,0.0,8.1,8.1,8.424,0.0,1.4142135623730963,0.0,-0.07284296073968832,0.026420108112359342,-0.09926306885204766,1376.1
87709,UPDCREIT,2018-12-13,8.1,8.1,0,2026-04-08T03:10:58.622726+00:00,0.0,0.0,0.0,0.0,8.1,8.1,8.406,0.0,1.4142135623730963,0.0,-0.0677895416782377,0.02517882173904798,-0.09296836341728568,1376.1
87811,UPDCREIT,2018-12-17,10.0,10.0,0,2026-04-08T03:11:04.071168+00:00,23.456790123456805,0.0,0.0,0.0,8.48,8.194999999999999,8.426,5.24509772499951,3.6326166958441717,96.02889779741153,0.08850917173661088,0.14518202812311726,-0.05667285638650637,1376.1
88308,UPDCREIT,2018-12-31,6.6,6.6,2300,2026-04-08T03:11:26.963749+00:00,-34.00000000000001,23.456790123456805,0.0,0.0,8.179999999999998,8.12,8.378,9.460897473759697,6.057177448444468,33.68728898080523,-0.06126829406926859,-0.0036763501462097753,-0.057591943923058816,1491.1
88410,UPDCREIT,2019-01-04,6.6,6.6,0,2026-04-08T03:11:33.101723+00:00,0.0,-34.00000000000001,0.0,0.0,7.88,8.045,8.33,9.460897473759697,6.057177448444468,33.687288980805235,-0.17791709726111815,-0.09626012267044746,-0.08165697459067069,1491.1
88512,UPDCREIT,2019-01-07,6.6,6.6,0,2026-04-08T03:11:37.396019+00:00,0.0,0.0,0.0,0.0,7.58,7.970000000000001,8.282,9.460897473759697,6.057177448444468,33.68728898080523,-0.26728106446543265,-0.14849927189980958,-0.11878179256562307,1491.1
88614,UPDCREIT,2019-01-08,6.6,6.6,0,2026-04-08T03:11:39.720871+00:00,0.0,0.0,0.0,0.0,7.279999999999999,7.8950000000000005,8.234,9.460897473759697,6.057177448444468,33.68728898080523,-0.3342496306287508,-0.17237427045050216,-0.16187536017824863,1491.1
88716,UPDCREIT,2019-01-09,6.6,6.6,0,2026-04-08T03:11:42.122758+00:00,0.0,0.0,23.456790123456805,0.0,6.6,7.8199999999999985,8.186,9.460897473759697,6.057177448444468,33.68728898080523,-0.3829087678720482,-0.17682672615503964,-0.20608204171700856,1241.1
88818,UPDCREIT,2019-01-10,5.95,5.95,101480,2026-04-08T03:11:44.4712+00:00,-9.84848484848484,0.0,-34.00000000000001,0.0,6.470000000000001,7.7125,8.125,9.685644820038409,6.201942675470934,28.553948308775585,-0.46852024271654624,-0.20995056079963015,-0.2585696819169161,6215.1
88920,UPDCREIT,2019-01-11,5.95,5.95,0,2026-04-08T03:11:46.864498+00:00,0.0,-9.84848484848484,0.0,0.0,6.339999999999999,7.6049999999999995,8.064,9.685644820038409,6.201942675470934,28.553948308775578,-0.5302554980195957,-0.21734865288214367,-0.31290684513745204,6215.1
89022,UPDCREIT,2019-01-14,5.95,5.95,0,2026-04-08T03:11:51.386431+00:00,0.0,0.0,0.0,0.0,6.21,7.4975,8.003,9.685644820038409,6.201942675470934,28.55394830877558,-0.5725807778380014,-0.20773914616043948,-0.36484163167756195,6215.1
89124,UPDCREIT,2019-01-15,5.95,5.95,100000,2026-04-08T03:11:53.781694+00:00,0.0,0.0,0.0,0.0,6.08,7.390000000000001,7.941999999999999,9.685644820038409,6.201942675470934,28.553948308775585,-0.5992164725351792,-0.18749987268609375,-0.41171659984908543,11215.1
89226,UPDCREIT,2019-01-16,5.95,5.95,0,2026-04-08T03:11:56.273278+00:00,0.0,0.0,0.0,23.456790123456805,5.95,7.282499999999999,7.881,9.685644820038409,6.201942675470934,28.55394830877558,-0.6132562165567839,-0.16123169336615872,-0.45202452319062514,11045.1
89328,UPDCREIT,2019-01-17,5.95,5.95,201515,2026-04-08T03:11:58.633279+00:00,0.0,0.0,-9.84848484848484,-34.00000000000001,5.95,7.175,7.82,9.685644820038409,6.201942675470934,28.553948308775585,-0.6172673411713543,-0.13219425438458332,-0.48507308678677097,20545.85
89430,UPDCREIT,2019-01-18,5.95,5.95,147,2026-04-08T03:12:01.678716+00:00,0.0,0.0,0.0,0.0,5.95,7.0675,7.7589999999999995,9.685644820038409,6.201942675470934,28.553948308775574,-0.6133755745169989,-0.1026419901841823,-0.5107335843328166,20363.2
89532,UPDCREIT,2019-01-21,5.95,5.95,0,2026-04-08T03:12:06.146982+00:00,0.0,0.0,0.0,0.0,5.95,6.959999999999999,7.6979999999999995,9.685644820038409,6.201942675470934,28.553948308775578,-0.6033364345511423,-0.07408228017466056,-0.5292541543764817,20338.2
89634,UPDCREIT,2019-01-22,5.95,5.95,0,2026-04-08T03:12:26.450353+00:00,0.0,0.0,0.0,0.0,5.95,6.852500000000001,7.637,9.685644820038409,6.201942675470934,28.553948308775574,-0.5885953826171955,-0.047472982592571045,-0.5411224000246244,20338.2
89736,UPDCREIT,2019-01-23,5.95,5.95,0,2026-04-08T03:12:28.985884+00:00,0.0,0.0,0.0,0.0,5.95,6.745,7.5760000000000005,9.685644820038409,6.201942675470934,28.553948308775578,-0.5703384857160447,-0.02337286855313625,-0.5469656171629085,20278.2
89838,UPDCREIT,2019-01-24,5.95,5.95,0,2026-04-08T03:12:31.471104+00:00,0.0,0.0,0.0,-9.84848484848484,5.95,6.6375,7.515,9.685644820038409,6.201942675470934,28.55394830877557,-0.549535065229775,-0.002055558453493145,-0.5474795067762819,20272.1
89940,UPDCREIT,2019-01-25,5.95,5.95,7500,2026-04-08T03:12:33.831732+00:00,0.0,0.0,0.0,0.0,5.95,6.529999999999999,7.4719999999999995,9.685644820038409,6.05231821403249,28.55394830877557,-0.526973581199452,0.016404740461463896,-0.5433783216609159,20647.1
90042,UPDCREIT,2019-01-28,5.95,5.95,1500,2026-04-08T03:12:38.324+00:00,0.0,0.0,0.0,0.0,5.95,6.422499999999999,7.428999999999999,9.685644820038409,6.05231821403249,28.553948308775574,-0.503291807885673,0.03206921102019433,-0.5353610189058673,20722.1
90144,UPDCREIT,2019-01-29,5.95,5.95,0,2026-04-08T03:12:40.769031+00:00,0.0,0.0,0.0,0.0,5.95,6.315,7.385999999999999,9.685644820038409,6.05231821403249,28.553948308775574,-0.47900219280637923,0.04508706087959047,-0.5240892536859697,20722.1
90246,UPDCREIT,2019-01-30,5.95,5.95,0,2026-04-08T03:12:43.207065+00:00,0.0,0.0,0.0,0.0,5.95,6.1125,7.343000000000001,7.8030296836530635,6.05231821403249,28.55394830877557,-0.45451315315386864,0.05566088042568085,-0.5101740335795495,20722.1
90348,UPDCREIT,2019-01-31,5.95,5.95,4620,2026-04-08T03:12:45.452606+00:00,0.0,0.0,0.0,0.0,5.95,6.08,7.3,2.2021881596588813,6.05231821403249,28.55394830877557,-0.43014694655256935,0.06402166962158418,-0.49416861617415353,20838.1
90450,UPDCREIT,2019-02-01,5.95,5.95,0,2026-04-08T03:12:47.65569+00:00,0.0,0.0,0.0,0.0,5.95,6.0475,7.257,2.2021881596588813,6.05231821403249,28.55394830877557,-0.4061546542404111,0.070411169546994,-0.4765658237874051,20838.1
90552,UPDCREIT,2019-02-04,5.95,5.95,1551,2026-04-08T03:12:52.008801+00:00,0.0,0.0,0.0,0.0,5.95,6.015,7.2139999999999995,2.2021881596588813,6.05231821403249,28.55394830877557,-0.3827287311554963,0.07506967410552706,-0.4577984052610234,20915.65
90654,UPDCREIT,2019-02-05,5.95,5.95,0,2026-04-08T03:12:54.428036+00:00,0.0,0.0,0.0,0.0,5.95,5.9825,7.170999999999999,2.2021881596588813,6.05231821403249,28.553948308775578,-0.3600135067310699,0.07822791882396285,-0.43824142555503276,20915.65
90756,UPDCREIT,2019-02-06,5.95,5.95,0,2026-04-08T03:12:56.795589+00:00,0.0,0.0,0.0,0.0,5.95,5.95,7.128000000000001,2.2021881596588813,6.05231821403249,28.553948308775574,-0.33811396045288955,0.0801019720817146,-0.41821593253460415,20915.65
90858,UPDCREIT,2019-02-07,5.95,5.95,0,2026-04-08T03:12:59.333395+00:00,0.0,0.0,0.0,0.0,5.95,5.95,7.085,0.0,6.05231821403249,28.553948308775578,-0.3171030457283557,0.08089030944499881,-0.3979933551733545,15841.65
90960,UPDCREIT,2019-02-08,5.95,5.95,150,2026-04-08T03:13:01.766173+00:00,0.0,0.0,0.0,0.0,5.95,5.95,7.041999999999999,0.0,6.05231821403249,28.553948308775574,-0.29702779293017834,0.08077244979454096,-0.3778002427247193,15849.15
91062,UPDCREIT,2019-02-11,5.95,5.95,0,2026-04-08T03:13:07.807824+00:00,0.0,0.0,0.0,0.0,5.95,5.95,6.999,0.0,6.05231821403249,28.553948308775578,-0.2779143864024869,0.07990868505778592,-0.3578230714602728,15849.15
91164,UPDCREIT,2019-02-12,5.95,5.95,2,2026-04-08T03:13:10.389121+00:00,0.0,0.0,0.0,0.0,5.95,5.95,6.9559999999999995,0.0,6.05231821403249,28.553948308775578,-0.25977237973375455,0.07844055338121458,-0.33821293311496914,10849.25
91266,UPDCREIT,2019-02-13,5.95,5.95,1900,2026-04-08T03:13:13.120558+00:00,0.0,0.0,0.0,0.0,5.95,5.95,6.913,0.0,6.05231821403249,28.55394830877558,-0.24259818784533227,0.0764917962157095,-0.3190899840610418,10944.25
91368,UPDCREIT,2019-02-14,5.95,5.95,5000,2026-04-08T03:13:15.610167+00:00,0.0,0.0,0.0,0.0,5.95,5.95,6.87,0.0,6.05231821403249,28.553948308775578,-0.22637797268664972,0.07416960909951364,-0.30054758178616336,1118.5
91470,UPDCREIT,2019-02-15,5.95,5.95,0,2026-04-08T03:13:17.960235+00:00,0.0,0.0,0.0,0.0,5.95,5.95,6.826999999999999,0.0,6.05231821403249,28.55394830877558,-0.21109002095051288,0.0715660486685204,-0.2826560696190333,1111.15
91572,UPDCREIT,2019-02-18,5.95,5.95,23000,2026-04-08T03:13:22.383964+00:00,0.0,0.0,0.0,0.0,5.95,5.95,6.784,0.0,6.05231821403249,28.553948308775574,-0.19670669670196617,0.06875949833365369,-0.26546619503561986,2261.15
91674,UPDCREIT,2019-02-19,5.95,5.95,150,2026-04-08T03:13:24.617569+00:00,0.0,0.0,0.0,0.0,5.95,5.95,6.740999999999999,0.0,6.05231821403249,28.553948308775578,-0.1831960387100624,0.06581612506044598,-0.2490121637705084,2268.65
91776,UPDCREIT,2019-02-20,5.95,5.95,18030,2026-04-08T03:13:26.870792+00:00,0.0,0.0,0.0,0.0,5.95,5.95,6.698,0.0,6.05231821403249,28.553948308775578,-0.1705230612097388,0.06279128204861567,-0.23331434325835448,3170.15
91878,UPDCREIT,2019-02-22,5.95,5.95,0,2026-04-08T03:13:30.442816+00:00,0.0,0.0,0.0,0.0,5.95,5.95,6.655,0.0,6.05231821403249,28.553948308775578,-0.1586508074848716,0.05973082861878634,-0.21838163610365793,3170.15
91980,UPDCREIT,2019-02-25,5.95,5.95,0,2026-04-08T03:13:35.015549+00:00,0.0,0.0,0.0,0.0,5.95,5.95,6.612,0.0,6.05231821403249,28.553948308775574,-0.1475411977860741,0.05667235065406706,-0.20421354844014117,2795.15
92082,UPDCREIT,2019-02-26,5.95,5.95,13290,2026-04-08T03:13:37.412672+00:00,0.0,0.0,0.0,0.0,5.95,5.95,6.569,0.0,6.05231821403249,28.55394830877557,-0.13715570645184805,0.05364627359063451,-0.19080198004248256,3384.65
92184,UPDCREIT,2019-02-27,5.95,5.95,0,2026-04-08T03:13:39.910522+00:00,0.0,0.0,0.0,0.0,5.95,5.95,6.525999999999999,0.0,6.05231821403249,28.553948308775578,-0.12745589749823072,0.0506768660354015,-0.17813276353363222,3384.65
92286,UPDCREIT,2019-02-28,5.95,5.95,0,2026-04-08T03:13:42.435587+00:00,0.0,0.0,0.0,0.0,5.95,5.95,6.4830000000000005,0.0,6.05231821403249,28.55394830877557,-0.11840384321835096,0.04778313625222502,-0.16618697947057598,3384.65
92388,UPDCREIT,2019-03-01,5.95,5.95,0,2026-04-08T03:13:44.810709+00:00,0.0,0.0,0.0,0.0,5.95,5.95,6.44,0.0,6.05231821403249,28.553948308775578,-0.10996244635270891,0.044979626494293656,-0.15494207284700257,3153.65
92490,UPDCREIT,2019-03-04,5.95,5.95,300,2026-04-08T03:13:49.353535+00:00,0.0,0.0,0.0,0.0,5.95,5.95,6.397,0.0,6.05231821403249,28.553948308775574,-0.10209568303800154,0.04227711184720084,-0.14437279488520238,3168.65
92592,UPDCREIT,2019-03-05,5.95,5.95,4670,2026-04-08T03:13:51.846242+00:00,0.0,0.0,0.0,0.0,5.95,5.95,6.354,0.0,6.05231821403249,28.553948308775574,-0.0947687809192086,0.03968321117279505,-0.13445199209200365,3324.6
92694,UPDCREIT,2019-03-06,5.95,5.95,0,2026-04-08T03:13:54.267269+00:00,0.0,0.0,0.0,0.0,5.95,5.95,6.310999999999999,0.0,6.05231821403249,28.55394830877557,-0.08794834443389465,0.03720291812648718,-0.12515126256038184,3324.6
92796,UPDCREIT,2019-03-07,5.95,5.95,0,2026-04-08T03:13:56.544072+00:00,0.0,0.0,0.0,0.0,5.95,5.95,6.268000000000001,0.0,6.05231821403249,28.553948308775578,-0.08160243727948746,0.034839060224715515,-0.11644149750420298,3324.6
92898,UPDCREIT,2019-03-08,5.95,5.95,0,2026-04-08T03:13:58.936546+00:00,0.0,0.0,0.0,0.0,5.95,5.95,6.225,0.0,6.05231821403249,28.55394830877557,-0.07570063039464525,0.03259269368764618,-0.10829332408229143,3324.6
93000,UPDCREIT,2019-03-11,5.95,5.95,27100,2026-04-08T03:14:03.582539+00:00,0.0,0.0,0.0,0.0,5.95,5.95,6.182,0.0,6.05231821403249,28.553948308775578,-0.07021402237495789,0.030463441365866845,-0.10067746374082473,4672.1
93102,UPDCREIT,2019-03-12,5.4,5.4,113000,2026-04-08T03:14:06.149716+00:00,-9.243697478991598,0.0,0.0,0.0,5.84,5.9225,6.127999999999999,2.0669535926468647,6.179449929895403,7.324759130710474,-0.10898988193360815,-0.006649934554226716,-0.10233994737938143,10322.1
93204,UPDCREIT,2019-03-13,5.4,5.4,20000,2026-04-08T03:14:08.562819+00:00,0.0,-9.243697478991598,0.0,0.0,5.7299999999999995,5.8950000000000005,6.074,2.0669535926468647,6.179449929895403,7.324759130710473,-0.1381277789447033,-0.02863026525225748,-0.10949751369244581,11322.0
93306,UPDCREIT,2019-03-14,5.4,5.4,11785,2026-04-08T03:14:10.990955+00:00,0.0,0.0,0.0,0.0,5.62,5.8675,5.981999999999999,2.0669535926468647,5.115129619934978,7.324759130710472,-0.1593825098913486,-0.03990799695912223,-0.11947451293222638,11816.25
93408,UPDCREIT,2019-03-15,5.4,5.4,3500,2026-04-08T03:14:13.413527+00:00,0.0,0.0,0.0,0.0,5.510000000000001,5.840000000000001,5.958000000000001,2.0669535926468647,1.8906233092335243,7.324759130710471,-0.17421875197329229,-0.043795391232852726,-0.13042336074043956,11741.25
93510,UPDCREIT,2019-03-18,5.4,5.4,0,2026-04-08T03:14:17.594172+00:00,0.0,0.0,0.0,0.0,5.4,5.8125,5.934,2.0669535926468647,1.8906233092335243,7.324759130710471,-0.18385718947939278,-0.04274706299116257,-0.1411101264882302,11741.25
93612,UPDCREIT,2019-03-19,5.4,5.4,500,2026-04-08T03:14:19.883177+00:00,0.0,0.0,-9.243697478991598,0.0,5.4,5.785,5.910000000000001,2.0669535926468647,1.8906233092335243,7.324759130710473,-0.1893134332294215,-0.03856264539295304,-0.15075078783646848,10616.25
93714,UPDCREIT,2019-03-20,5.4,5.4,0,2026-04-08T03:14:22.215184+00:00,0.0,0.0,0.0,0.0,5.4,5.7575,5.886,2.0669535926468647,1.8906233092335243,7.324759130710472,-0.19143085003381,-0.03254404975787323,-0.15888680027593677,10608.75
93816,UPDCREIT,2019-03-21,5.4,5.4,2000,2026-04-08T03:14:24.469396+00:00,0.0,0.0,0.0,0.0,5.4,5.7299999999999995,5.861999999999999,2.0669535926468647,1.8906233092335243,7.324759130710472,-0.19090824667503892,-0.025617157119281725,-0.1652910895557572,9807.25
93918,UPDCREIT,2019-03-22,5.4,5.4,505,2026-04-08T03:14:26.929153+00:00,0.0,0.0,0.0,0.0,5.4,5.702500000000001,5.851,2.0669535926468647,1.3072562341263905,7.324759130710472,-0.18832320704437766,-0.018425693990896358,-0.1698975130534813,9832.5
94020,UPDCREIT,2019-03-25,5.4,5.4,10000,2026-04-08T03:14:31.400562+00:00,0.0,0.0,0.0,0.0,5.4,5.675000000000001,5.84,2.0669535926468647,1.3072562341263905,7.324759130710473,-0.18415175768081848,-0.01140339570186974,-0.17274836197894874,10332.5
94122,UPDCREIT,2019-03-26,5.4,5.4,20000,2026-04-08T03:14:33.80485+00:00,0.0,0.0,0.0,-9.243697478991598,5.4,5.6475,5.829000000000001,2.0669535926468647,1.3072562341263905,7.324759130710473,-0.1787849325933477,-0.004829256491519163,-0.17395567610182855,10668.0
94224,UPDCREIT,2019-03-27,5.4,5.4,0,2026-04-08T03:14:36.122563+00:00,0.0,0.0,0.0,0.0,5.4,5.62,5.8180000000000005,2.0669535926468647,1.3072562341263905,7.324759130710474,-0.1725427199738956,0.0011303649023463869,-0.17367308487624197,10668.0
94326,UPDCREIT,2019-03-28,5.4,5.4,0,2026-04-08T03:14:38.612625+00:00,0.0,0.0,0.0,0.0,5.4,5.592499999999999,5.8069999999999995,2.0669535926468647,1.3072562341263905,7.324759130710474,-0.16568579874812706,0.006389828902491956,-0.172075627650619,10668.0
94428,UPDCREIT,2019-03-29,5.4,5.4,32000,2026-04-08T03:14:41.061692+00:00,0.0,0.0,0.0,0.0,5.4,5.565,5.796,2.0669535926468647,1.3072562341263905,7.324759130710473,-0.1584254097678448,0.010920174306219388,-0.1693455840740642,12268.0
94530,UPDCREIT,2019-04-01,5.4,5.4,9190,2026-04-08T03:14:45.528331+00:00,0.0,0.0,0.0,0.0,5.4,5.5375000000000005,5.785,2.0669535926468647,1.3072562341263905,7.324759130710472,-0.15093165304804756,0.014731144820813308,-0.16566279786886087,12712.5
94631,UPDCREIT,2019-04-02,5.4,5.4,0,2026-04-08T03:14:47.809526+00:00,0.0,0.0,0.0,0.0,5.4,5.51,5.774000000000001,2.0669535926468647,1.3072562341263905,7.324759130710471,-0.1433404572926733,0.017857872460950053,-0.16119832975362336,12479.0
94732,UPDCREIT,2019-04-03,5.4,5.4,0,2026-04-08T03:14:50.124237+00:00,0.0,0.0,0.0,0.0,5.4,5.4825,5.763000000000001,2.0669535926468647,1.3072562341263905,7.324759130710472,-0.13575942976589594,0.020351119990181937,-0.15611054975607788,12479.0
94833,UPDCREIT,2019-04-04,5.4,5.4,0,2026-04-08T03:14:52.417245+00:00,0.0,0.0,0.0,0.0,5.4,5.455,5.751999999999999,2.0669535926468647,1.3072562341263905,7.324759130710471,-0.1282727622760751,0.022270229984002243,-0.15054299226007734,12479.0
94934,UPDCREIT,2019-04-05,5.4,5.4,100,2026-04-08T03:14:54.739567+00:00,0.0,0.0,0.0,0.0,5.4,5.4275,5.7410000000000005,2.0669535926468647,1.3072562341263905,7.324759130710472,-0.12094534173816918,0.023678120417526538,-0.14462346215569571,12484.0
95035,UPDCREIT,2019-04-08,5.4,5.4,2700,2026-04-08T03:14:59.01768+00:00,0.0,0.0,0.0,0.0,5.4,5.4,5.73,2.0669535926468647,1.3072562341263905,7.324759130710471,-0.1138261906986342,0.024637817165649223,-0.13846400786428342,11264.0
95136,UPDCREIT,2019-04-09,5.4,5.4,2,2026-04-08T03:15:01.233247+00:00,0.0,0.0,0.0,0.0,5.4,5.4,5.719000000000001,0.0,1.3072562341263905,7.324759130710471,-0.10695134369388626,0.02521013133631772,-0.13216147503020398,5614.1
95237,UPDCREIT,2019-04-10,5.4,5.4,8500,2026-04-08T03:15:03.446976+00:00,0.0,0.0,0.0,0.0,5.4,5.4,5.708000000000001,0.0,1.3072562341263905,7.324759130710471,-0.10034624881901077,0.025452180968954574,-0.12579842978796535,5039.1
95338,UPDCREIT,2019-04-11,5.4,5.4,3200,2026-04-08T03:15:05.608759+00:00,0.0,0.0,0.0,0.0,5.4,5.4,5.696999999999999,0.0,1.3072562341263905,7.32475913071047,-0.09402776994189743,0.025416527876854347,-0.11944429781875178,4609.85
95439,UPDCREIT,2019-04-12,5.4,5.4,100,2026-04-08T03:15:07.869644+00:00,0.0,0.0,0.0,0.0,5.4,5.4,5.686,0.0,1.3072562341263905,7.32475913071047,-0.08800585321547683,0.02515075568261997,-0.1131566088980968,4439.85
95540,UPDCREIT,2019-04-15,5.4,5.4,0,2026-04-08T03:15:12.360876+00:00,0.0,0.0,0.0,0.0,5.4,5.4,5.675,0.0,1.3072562341263905,7.3247591307104685,-0.08228491158405937,0.02469735785122995,-0.10698226943528932,4439.85
95641,UPDCREIT,2019-04-16,5.4,5.4,4000,2026-04-08T03:15:14.69338+00:00,0.0,0.0,0.0,0.0,5.4,5.4,5.664000000000001,0.0,1.3072562341263905,7.3247591307104685,-0.07686497256703362,0.024093837494604572,-0.10095881006163819,4614.85
95742,UPDCREIT,2019-04-17,5.4,5.4,600,2026-04-08T03:15:16.974822+00:00,0.0,0.0,0.0,0.0,5.4,5.4,5.6530000000000005,0.0,1.3072562341263905,7.324759130710469,-0.07174262749594984,0.02337294605255069,-0.09511557354850053,4644.85
95843,UPDCREIT,2019-04-18,5.4,5.4,0,2026-04-08T03:15:19.360663+00:00,0.0,0.0,0.0,0.0,5.4,5.4,5.6419999999999995,0.0,1.3072562341263905,7.324759130710471,-0.06691181437762594,0.022563007336699678,-0.08947482171432562,4544.85
95944,UPDCREIT,2019-04-23,5.4,5.4,2070,2026-04-08T03:15:26.04373+00:00,0.0,0.0,0.0,0.0,5.4,5.4,5.631,0.0,1.3072562341263905,7.32475913071047,-0.062364461485747036,0.021688288182862864,-0.0840527496686099,4623.1
96046,UPDCREIT,2019-04-24,5.4,5.4,50,2026-04-08T03:15:28.31166+00:00,0.0,0.0,0.0,0.0,5.4,5.4,5.62,0.0,1.3072562341263905,7.324759130710469,-0.05809101450224308,0.020769388133093453,-0.07886040263533653,4125.6
96148,UPDCREIT,2019-04-25,5.4,5.4,0,2026-04-08T03:15:30.603437+00:00,0.0,0.0,0.0,0.0,5.4,5.4,5.609000000000001,0.0,1.3072562341263905,7.32475913071047,-0.05408086641542731,0.019823628975927376,-0.07390449539135469,3125.6
96250,UPDCREIT,2019-04-26,5.4,5.4,0,2026-04-08T03:15:32.816712+00:00,0.0,0.0,0.0,0.0,5.4,5.4,5.598000000000001,0.0,1.3072562341263905,7.32475913071047,-0.05032270633127922,0.01886543124806038,-0.0691881375793396,3125.6
96352,UPDCREIT,2019-04-29,5.4,5.4,0,2026-04-08T03:15:37.198623+00:00,0.0,0.0,0.0,0.0,5.4,5.4,5.587000000000001,0.0,1.3072562341263905,7.324759130710472,-0.046804800780094524,0.01790666943939606,-0.06471147021949059,3125.6
96454,UPDCREIT,2019-04-30,5.4,5.4,1273,2026-04-08T03:15:39.499507+00:00,0.0,0.0,0.0,0.0,5.4,5.4,5.5760000000000005,0.0,1.3072562341263905,7.32475913071047,-0.04351521892910881,0.01695700103230542,-0.060472219961414234,1589.25
96556,UPDCREIT,2019-05-02,5.4,5.4,0,2026-04-08T03:15:42.839166+00:00,0.0,0.0,0.0,0.0,5.4,5.4,5.565,0.0,1.3072562341263905,7.324759130710472,-0.04044201128028391,0.016024166944904265,-0.05646617822518817,1129.75
96658,UPDCREIT,2019-05-03,5.4,5.4,0,2026-04-08T03:15:45.02286+00:00,0.0,0.0,0.0,0.0,5.4,5.4,5.554000000000001,0.0,1.3072562341263905,7.32475913071047,-0.03757334988840899,0.015114262669423346,-0.05268761255783234,1129.75
96760,UPDCREIT,2019-05-06,5.4,5.4,950,2026-04-08T03:15:49.380478+00:00,0.0,0.0,0.0,0.0,5.4,5.4,5.543000000000001,0.0,1.3072562341263905,7.32475913071047,-0.03489763683336822,0.014231980579571299,-0.049129617412939516,1177.25
96862,UPDCREIT,2019-05-07,5.4,5.4,100,2026-04-08T03:15:51.609622+00:00,0.0,0.0,0.0,0.0,5.4,5.4,5.532,0.0,1.3072562341263905,7.32475913071047,-0.03240358658416742,0.013380824663017682,-0.0457844112471851,1182.25
96964,UPDCREIT,2019-05-08,5.4,5.4,700,2026-04-08T03:15:53.912422+00:00,0.0,0.0,0.0,0.0,5.4,5.4,5.521,0.0,1.3072562341263905,7.324759130710472,-0.030080286969162096,0.012563299422418406,-0.0426435863915805,1212.25
97066,UPDCREIT,2019-05-09,5.4,5.4,0,2026-04-08T03:15:56.308435+00:00,0.0,0.0,0.0,0.0,5.4,5.4,5.51,0.0,1.3072562341263905,7.32475913071047,-0.027917242689950328,0.011781074961304143,-0.03969831765125447,1077.25
97168,UPDCREIT,2019-05-10,5.4,5.4,5100,2026-04-08T03:15:58.65517+00:00,0.0,0.0,0.0,0.0,5.4,5.4,5.4990000000000006,0.0,1.3072562341263905,7.324759130710472,-0.02590440466276256,0.011035130390793534,-0.03693953505355609,1332.15
97270,UPDCREIT,2019-05-13,5.4,5.4,0,2026-04-08T03:16:02.955985+00:00,0.0,0.0,0.0,0.0,5.4,5.4,5.488,0.0,1.3072562341263905,7.32475913071047,-0.024032187921658732,0.010325877705517891,-0.03435806562717662,907.15
97372,UPDCREIT,2019-05-14,5.4,5.4,0,2026-04-08T03:16:05.427951+00:00,0.0,0.0,0.0,0.0,5.4,5.4,5.477,0.0,1.3072562341263905,7.32475913071047,-0.022291480356159354,0.009653268216813816,-0.03194474857297317,747.15
97474,UPDCREIT,2019-05-15,5.4,5.4,0,2026-04-08T03:16:07.709974+00:00,0.0,0.0,0.0,0.0,5.4,5.4,5.466,0.0,1.3072562341263905,7.324759130710472,-0.02067364416830486,0.00901688352373465,-0.02969052769203951,742.15
97576,UPDCREIT,2019-05-16,5.4,5.4,0,2026-04-08T03:16:09.947696+00:00,0.0,0.0,0.0,0.0,5.4,5.4,5.455,0.0,1.3072562341263905,7.324759130710471,-0.01917051160895067,0.008416012866471076,-0.027586524475421745,742.15
97678,UPDCREIT,2019-05-17,5.4,5.4,50,2026-04-08T03:16:12.469468+00:00,0.0,0.0,0.0,0.0,5.4,5.4,5.444000000000001,0.0,1.3072562341263905,7.32475913071047,-0.017774376280580206,0.007849718555873231,-0.025624094836453438,544.65
97781,UPDCREIT,2019-05-20,5.4,5.4,0,2026-04-08T03:16:16.967061+00:00,0.0,0.0,0.0,0.0,5.4,5.4,5.433000000000001,0.0,1.3072562341263905,7.32475913071047,-0.016477981065696312,0.007316891016605702,-0.023794872082302014,514.65
97884,UPDCREIT,2019-05-21,5.4,5.4,0,2026-04-08T03:16:19.368023+00:00,0.0,0.0,0.0,0.0,5.4,5.4,5.422000000000001,0.0,1.3072562341263905,7.32475913071047,-0.015274503549012941,0.0068162948266312605,-0.0220907983756442,514.65
97987,UPDCREIT,2019-05-22,5.4,5.4,0,2026-04-08T03:16:21.741488+00:00,0.0,0.0,0.0,0.0,5.4,5.4,5.4110000000000005,0.0,1.3072562341263905,7.32475913071047,-0.01415753964222155,0.006346606986738123,-0.020504146628959673,411.15
98090,UPDCREIT,2019-05-23,5.4,5.4,0,2026-04-08T03:16:24.010501+00:00,0.0,0.0,0.0,0.0,5.4,5.4,5.4,0.0,1.3072562341263905,7.3247591307104685,-0.013121085987131131,0.005906448513462833,-0.019027534500593964,408.65
98193,UPDCREIT,2019-05-24,5.4,5.4,0,2026-04-08T03:16:26.41346+00:00,0.0,0.0,0.0,0.0,5.4,5.4,5.4,0.0,0.0,7.324759130710469,-0.012159521602235657,0.005494410318686648,-0.017653931920922305,408.65
98296,UPDCREIT,2019-05-27,5.4,5.4,0,2026-04-08T03:16:30.812568+00:00,0.0,0.0,0.0,0.0,5.4,5.4,5.4,0.0,0.0,7.3247591307104685,-0.011267589145668389,0.005109074220203135,-0.016376663365871524,408.65
98399,UPDCREIT,2019-05-28,5.4,5.4,0,2026-04-08T03:16:33.286405+00:00,0.0,0.0,0.0,0.0,5.4,5.4,5.4,0.0,0.0,7.324759130710469,-0.010440376091143122,0.004749029819782723,-0.015189405910925845,408.65
98502,UPDCREIT,2019-05-30,5.4,5.4,20,2026-04-08T03:16:36.695359+00:00,0.0,0.0,0.0,0.0,5.4,5.4,5.4,0.0,0.0,7.324759130710469,-0.009673296050233482,0.004412887888553891,-0.014086183938787373,346.0
98605,UPDCREIT,2019-05-31,5.4,5.4,180,2026-04-08T03:16:39.10826+00:00,0.0,0.0,0.0,0.0,5.4,5.4,5.4,0.0,0.0,7.3247591307104685,-0.008962070422168011,0.0040992908132954885,-0.0130613612354635,355.0
98708,UPDCREIT,2019-06-03,5.4,5.4,95,2026-04-08T03:16:43.376201+00:00,0.0,0.0,0.0,0.0,5.4,5.4,5.4,0.0,0.0,7.324759130710469,-0.008302710509328293,0.003806920580908167,-0.01210963109023646,359.75
98811,UPDCREIT,2019-06-06,5.4,5.4,0,2026-04-08T03:16:48.034912+00:00,0.0,0.0,0.0,0.0,5.4,5.4,5.4,0.0,0.0,7.324759130710469,-0.0076915002014423806,0.0035345047110352645,-0.011226004912477645,312.25
98914,UPDCREIT,2019-06-07,5.4,5.4,0,2026-04-08T03:16:50.186426+00:00,0.0,0.0,0.0,0.0,5.4,5.4,5.4,0.0,0.0,7.324759130710469,-0.007124979302655099,0.0032808204878580372,-0.010405799790513136,307.25
99017,UPDCREIT,2019-06-10,5.4,5.4,0,2026-04-08T03:16:54.498349+00:00,0.0,0.0,0.0,0.0,5.4,5.4,5.4,0.0,0.0,7.3247591307104685,-0.006599927552292328,0.0030446977905766465,-0.009644625342868975,272.25
99120,UPDCREIT,2019-06-11,5.4,5.4,0,2026-04-08T03:16:56.702394+00:00,0.0,0.0,0.0,0.0,5.4,5.4,5.4,0.0,0.0,7.32475913071047,-0.006113349371212884,0.002825020777324872,-0.008938370148537756,272.25
99223,UPDCREIT,2019-06-13,5.4,5.4,0,2026-04-08T03:17:00.140907+00:00,0.0,0.0,0.0,0.0,5.4,5.4,5.4,0.0,0.0,7.324759130710469,-0.005662459350467053,0.002620728638456563,-0.008283187988923616,17.25
99326,UPDCREIT,2019-06-14,5.4,5.4,0,2026-04-08T03:17:02.289964+00:00,0.0,0.0,0.0,0.0,5.4,5.4,5.4,0.0,0.0,7.3247591307104685,-0.005244668486914961,0.002430815601606925,-0.007675484088521886,17.25
99429,UPDCREIT,2019-06-17,5.4,5.4,0,2026-04-08T03:17:06.378621+00:00,0.0,0.0,0.0,0.0,5.4,5.4,5.4,0.0,0.0,7.3247591307104685,-0.004857571160918894,0.0022543303420823934,-0.007111901503001288,17.25
99532,UPDCREIT,2019-06-18,5.4,5.4,0,2026-04-08T03:17:08.696624+00:00,0.0,0.0,0.0,0.0,5.4,5.4,5.4,0.0,0.0,7.3247591307104685,-0.004498932843846504,0.002090374927323828,-0.0065893077711703316,17.25
99635,UPDCREIT,2019-06-19,5.4,5.4,50,2026-04-08T03:17:10.975867+00:00,0.0,0.0,0.0,0.0,5.4,5.4,5.4,0.0,0.0,7.3247591307104685,-0.004166678517435685,0.001938103402987718,-0.0061047819204234025,19.75
99738,UPDCREIT,2019-06-20,5.4,5.4,0,2026-04-08T03:17:13.205784+00:00,0.0,0.0,0.0,0.0,5.4,5.4,5.4,0.0,0.0,7.3247591307104685,-0.0038588817828690836,0.0017967201100434552,-0.005655601892912539,17.25
99841,UPDCREIT,2019-06-24,5.4,5.4,0,2026-04-08T03:17:18.488118+00:00,0.0,0.0,0.0,0.0,5.4,5.4,5.4,0.0,0.0,7.324759130710469,-0.003573754634329518,0.0016654778068664168,-0.005239232441195935,17.25
99944,UPDCREIT,2019-06-25,5.4,5.4,0,2026-04-08T03:17:20.712996+00:00,0.0,0.0,0.0,0.0,5.4,5.4,5.4,0.0,0.0,7.324759130710469,-0.0033096378696981787,0.0015436756571982051,-0.004853313526896384,17.25
100047,UPDCREIT,2019-06-26,5.4,5.4,0,2026-04-08T03:17:23.021521+00:00,0.0,0.0,0.0,0.0,5.4,5.4,5.4,0.0,0.0,7.324759130710469,-0.0030649921097198884,0.001430657133741197,-0.0044956492434610855,17.25
100150,UPDCREIT,2019-06-27,5.4,5.4,2000,2026-04-08T03:17:25.288917+00:00,0.0,0.0,0.0,0.0,5.4,5.4,5.4,0.0,0.0,7.3247591307104685,-0.0028383893962358187,0.0013258078777802131,-0.004164197274016032,117.25
100253,UPDCREIT,2019-06-28,5.4,5.4,400,2026-04-08T03:17:27.669324+00:00,0.0,0.0,0.0,0.0,5.4,5.4,5.4,0.0,0.0,7.324759130710469,-0.0026285053398460434,0.001228553547335991,-0.0038570588871820344,137.25
100356,UPDCREIT,2019-07-01,5.4,5.4,25,2026-04-08T03:17:31.993492+00:00,0.0,0.0,0.0,0.0,5.4,5.4,5.4,0.0,0.0,7.3247591307104685,-0.0024341117875188445,0.0011383576797305522,-0.0035724694672493967,138.5
100459,UPDCREIT,2019-07-02,5.4,5.4,0,2026-04-08T03:17:34.195482+00:00,0.0,0.0,0.0,0.0,5.4,5.4,5.4,0.0,0.0,7.324759130710469,-0.002254069981137974,0.0010547195888891384,-0.0033087895700271122,138.5
100562,UPDCREIT,2019-07-03,5.4,5.4,0,2026-04-08T03:17:36.539656+00:00,0.0,0.0,0.0,0.0,5.4,5.4,5.4,0.0,0.0,7.324759130710471,-0.0020873241786327767,0.0009771723131154686,-0.0030644964917482453,137.5
100665,UPDCREIT,2019-07-04,5.4,5.4,0,2026-04-08T03:17:38.806977+00:00,0.0,0.0,0.0,0.0,5.4,5.4,5.4,0.0,0.0,7.32475913071047,-0.001932895710247351,0.0009052806252007155,-0.0028381763354480664,128.5
100768,UPDCREIT,2019-07-05,5.4,5.4,0,2026-04-08T03:17:41.292481+00:00,0.0,0.0,0.0,0.0,5.4,5.4,5.4,0.0,0.0,7.3247591307104685,-0.001789877443446386,0.0008386391136013444,-0.0026285165570477304,123.75
100871,UPDCREIT,2019-07-08,5.4,5.4,0,2026-04-08T03:17:45.861747+00:00,0.0,0.0,0.0,0.0,5.4,5.4,5.4,0.0,0.0,7.324759130710469,-0.0016574286310699904,0.0007768703407821922,-0.0024342989718521826,123.75
100974,UPDCREIT,2019-07-09,5.4,5.4,0,2026-04-08T03:17:48.217581+00:00,0.0,0.0,0.0,0.0,5.4,5.4,5.4,0.0,0.0,7.3247591307104685,-0.0015347701184555973,0.0007196230827172683,-0.0022543932011728656,123.75
101078,UPDCREIT,2019-07-10,5.4,5.4,0,2026-04-08T03:17:50.676625+00:00,0.0,0.0,0.0,0.0,5.4,5.4,5.4,0.0,0.0,7.324759130710469,-0.0014211798864245395,0.0006665706517986611,-0.0020877505382232006,123.75
101182,UPDCREIT,2019-07-11,5.4,5.4,2000,2026-04-08T03:17:53.082234+00:00,0.0,0.0,0.0,0.0,5.4,5.4,5.4,0.0,0.0,7.3247591307104685,-0.0013159889082077214,0.0006174093040123836,-0.001933398212220105,223.75
101286,UPDCREIT,2019-07-12,5.4,5.4,0,2026-04-08T03:17:55.503872+00:00,0.0,0.0,0.0,0.0,5.4,5.4,5.4,0.0,0.0,7.3247591307104685,-0.0012185772995394473,0.0005718567301445264,-0.0017904340296839736,223.75
101390,UPDCREIT,2019-07-15,5.4,5.4,0,2026-04-08T03:18:00.039317+00:00,0.0,0.0,0.0,0.0,5.4,5.4,5.4,0.0,0.0,7.3247591307104685,-0.0011283707423261902,0.0005296506298862269,-0.0016580213722124171,223.75
101494,UPDCREIT,2019-07-16,5.4,5.4,0,2026-04-08T03:18:02.440443+00:00,0.0,0.0,0.0,0.0,5.4,5.4,5.4,0.0,0.0,7.3247591307104685,-0.001044837163400203,0.0004905473670497715,-0.0015353845304499744,223.75
101598,UPDCREIT,2019-07-17,5.4,5.4,0,2026-04-08T03:18:04.729662+00:00,0.0,0.0,0.0,0.0,5.4,5.4,5.4,0.0,0.0,7.3247591307104685,-0.000967483650983425,0.0004543207035732396,-0.0014218043545566647,223.75
101702,UPDCREIT,2019-07-18,5.4,5.4,0,2026-04-08T03:18:07.178594+00:00,0.0,0.0,0.0,0.0,5.4,5.4,5.4,0.0,0.0,7.324759130710468,-0.0008958535925263078,0.00042076060962428557,-0.0013166142021505934,221.25
101806,UPDCREIT,2019-07-19,5.4,5.4,0,2026-04-08T03:18:09.535362+00:00,0.0,0.0,0.0,0.0,5.4,5.4,5.4,0.0,0.0,7.3247591307104685,-0.0008295240186075858,0.00038967214683440616,-0.001219196165441992,221.25
101910,UPDCREIT,2019-07-22,5.4,5.4,0,2026-04-08T03:18:14.212024+00:00,0.0,0.0,0.0,0.0,5.4,5.4,5.4,0.0,0.0,7.324759130710468,-0.0007681031385446957,0.0003608744215178371,-0.0011289775600625328,221.25
102014,UPDCREIT,2019-07-23,5.4,5.4,0,2026-04-08T03:18:16.654741+00:00,0.0,0.0,0.0,0.0,5.4,5.4,5.4,0.0,0.0,7.3247591307104685,-0.000711228054294466,0.0003341996046144534,-0.0010454276589089194,221.25
102118,UPDCREIT,2019-07-24,5.4,5.4,0,2026-04-08T03:18:18.926554+00:00,0.0,0.0,0.0,0.0,5.4,5.4,5.4,0.0,0.0,7.324759130710468,-0.0006585626400905653,0.0003094920150546833,-0.0009680546551452486,221.25
102222,UPDCREIT,2019-07-25,5.4,5.4,0,2026-04-08T03:18:21.127331+00:00,0.0,0.0,0.0,0.0,5.4,5.4,5.4,0.0,0.0,7.3247591307104685,-0.0006097955760830942,0.0002866072632497236,-0.0008964028393328178,121.25
102326,UPDCREIT,2019-07-26,5.4,5.4,0,2026-04-08T03:18:23.508197+00:00,0.0,0.0,0.0,0.0,5.4,5.4,5.4,0.0,0.0,7.324759130710467,-0.0005646385250681618,0.00026541145141172485,-0.0008300499764798867,101.25
102430,UPDCREIT,2019-07-29,5.4,5.4,0,2026-04-08T03:18:27.808584+00:00,0.0,0.0,0.0,0.0,5.4,5.4,5.4,0.0,0.0,7.324759130710468,-0.0005228244420782957,0.00024578042752127285,-0.0007686048695995686,100.0
102534,UPDCREIT,2019-07-30,5.4,5.4,800,2026-04-08T03:18:30.090931+00:00,0.0,0.0,0.0,0.0,5.4,5.4,5.4,0.0,0.0,7.324759130710467,-0.00048410600734793974,0.0002275990898013031,-0.0007117050971492428,140.0
102638,UPDCREIT,2019-07-31,5.4,5.4,440,2026-04-08T03:18:32.379029+00:00,0.0,0.0,0.0,0.0,5.4,5.4,5.4,0.0,0.0,7.324759130710467,-0.0004482541737855783,0.00021076073869093171,-0.00065901491247651,162.0
102742,UPDCREIT,2019-08-01,5.4,5.4,250,2026-04-08T03:18:34.721051+00:00,0.0,0.0,0.0,0.0,5.4,5.4,5.4,0.0,0.0,7.324759130710467,-0.0004150568207235139,0.0001951664734023969,-0.0006102232941259108,174.5
102846,UPDCREIT,2019-08-02,5.4,5.4,0,2026-04-08T03:18:37.148519+00:00,0.0,0.0,0.0,0.0,5.4,5.4,5.4,0.0,0.0,7.324759130710466,-0.0003843175062652193,0.00018072463028855317,-0.0005650421365537725,174.5
102950,UPDCREIT,2019-08-05,5.4,5.4,0,2026-04-08T03:18:41.327383+00:00,0.0,0.0,0.0,0.0,5.4,5.4,5.4,0.0,0.0,7.324759130710468,-0.00035585431110618515,0.00016735026035806988,-0.000523204571464255,174.5
103054,UPDCREIT,2019-08-06,5.4,5.4,0,2026-04-08T03:18:43.676077+00:00,0.0,0.0,0.0,0.0,5.4,5.4,5.4,0.0,0.0,7.324759130710467,-0.0003294987671935701,0.00015496464341654796,-0.00048446341061011804,174.5
103158,UPDCREIT,2019-08-07,5.4,5.4,0,2026-04-08T03:18:45.952647+00:00,0.0,0.0,0.0,0.0,5.4,5.4,5.4,0.0,0.0,7.324759130710467,-0.00030509486507135364,0.00014349483643101156,-0.0004485897015023652,174.5
103262,UPDCREIT,2019-08-08,5.4,5.4,0,2026-04-08T03:18:48.284739+00:00,0.0,0.0,0.0,0.0,5.4,5.4,5.4,0.0,0.0,7.324759130710467,-0.0002824981341777999,0.00013287325385965225,-0.00041537138803745215,74.5
103366,UPDCREIT,2019-08-09,5.4,5.4,0,2026-04-08T03:18:50.530707+00:00,0.0,0.0,0.0,0.0,5.4,5.4,5.4,0.0,0.0,7.324759130710466,-0.00026157479078037227,0.00012303727780566394,-0.0003846120685860362,74.5
103470,UPDCREIT,2019-08-14,5.4,5.4,0,2026-04-08T03:18:57.313874+00:00,0.0,0.0,0.0,0.0,5.4,5.4,5.4,0.0,0.0,7.324759130710466,-0.00024220094862315023,0.00011392889597030881,-0.00035612984459345903,74.5
103574,UPDCREIT,2019-08-15,5.4,5.4,0,2026-04-08T03:18:59.647711+00:00,0.0,0.0,0.0,0.0,5.4,5.4,5.4,0.0,0.0,7.324759130710466,-0.00022426188768953637,0.00010549436552313815,-0.0003297562532126745,74.5
103678,UPDCREIT,2019-08-19,5.4,5.4,0,2026-04-08T03:19:05.053534+00:00,0.0,0.0,0.0,0.0,5.4,5.4,5.4,0.0,0.0,7.324759130710466,-0.0002076513768418664,9.768390109664651e-05,-0.0003053352779385129,74.5
103782,UPDCREIT,2019-08-20,5.4,5.4,100,2026-04-08T03:19:07.283568+00:00,0.0,0.0,0.0,0.0,5.4,5.4,5.4,0.0,0.0,7.324759130710465,-0.00019227104638464,9.045138524309835e-05,-0.00028272243162773833,79.5
103886,UPDCREIT,2019-08-21,5.4,5.4,0,2026-04-08T03:19:09.493441+00:00,0.0,0.0,0.0,0.0,5.4,5.4,5.4,0.0,0.0,7.324759130710465,-0.0001780298068938535,8.37540997871079e-05,-0.0002617839066809614,79.5
103989,UPDCREIT,2019-08-22,5.4,5.4,0,2026-04-08T03:19:11.834929+00:00,0.0,0.0,0.0,0.0,5.4,5.4,5.4,0.0,0.0,7.324759130710466,-0.00016484331091781712,7.755247661051545e-05,-0.00024239578752833257,79.5
104092,UPDCREIT,2019-08-23,5.4,5.4,0,2026-04-08T03:19:14.066623+00:00,0.0,0.0,0.0,0.0,5.4,5.4,5.4,0.0,0.0,7.324759130710465,-0.00015263345440175158,7.18098665012648e-05,-0.00022444332090301638,79.5
104195,UPDCREIT,2019-08-26,5.4,5.4,0,2026-04-08T03:19:18.291411+00:00,0.0,0.0,0.0,0.0,5.4,5.4,5.4,0.0,0.0,7.324759130710463,-0.00014132791491583419,6.649232478974577e-05,-0.00020782023970557996,79.5
104298,UPDCREIT,2019-08-27,5.4,5.4,0,2026-04-08T03:19:20.588978+00:00,0.0,0.0,0.0,0.0,5.4,5.4,5.4,0.0,0.0,7.324759130710463,-0.00013085972398130252,6.156841257942195e-05,-0.00019242813656072447,79.5
104401,UPDCREIT,2019-08-28,5.4,5.4,0,2026-04-08T03:19:22.939533+00:00,0.0,0.0,0.0,0.0,5.4,5.4,5.4,0.0,0.0,7.324759130710464,-0.00012116687098195911,5.700901246301232e-05,-0.00017817588344497143,79.5
104504,UPDCREIT,2019-08-29,5.4,5.4,0,2026-04-08T03:19:25.308081+00:00,0.0,0.0,0.0,0.0,5.4,5.4,5.4,0.0,0.0,7.324759130710464,-0.00011219193634115499,5.278715768305316e-05,-0.00016497909402420814,79.5
104607,UPDCREIT,2019-08-30,5.4,5.4,0,2026-04-08T03:19:27.686427+00:00,0.0,0.0,0.0,0.0,5.4,5.4,5.4,0.0,0.0,7.324759130710465,-0.00010388175180686687,4.887787377387301e-05,-0.00015275962558073989,39.5
104710,UPDCREIT,2019-09-02,5.4,5.4,0,2026-04-08T03:19:32.075785+00:00,0.0,0.0,0.0,0.0,5.4,5.4,5.4,0.0,0.0,7.324759130710465,-9.618708584024915e-05,4.525803179239259e-05,-0.00014144511763264174,17.5
104813,UPDCREIT,2019-09-03,5.4,5.4,0,2026-04-08T03:19:34.366833+00:00,0.0,0.0,0.0,0.0,5.4,5.4,5.4,0.0,0.0,7.324759130710465,-8.906235226824322e-05,4.190621229151884e-05,-0.00013096856455976206,5.0
104916,UPDCREIT,2019-09-04,4.9,4.9,2804000,2026-04-08T03:19:36.608723+00:00,-9.259259259259256,0.0,0.0,0.0,5.3,5.375000000000001,5.39,2.0704333124998047,1.3094570021973098,0.002155521626868191,-0.03996850522650863,-0.031870029329559096,-0.008098475896949536,140205.0
105019,UPDCREIT,2019-09-05,4.9,4.9,0,2026-04-08T03:19:38.984327+00:00,0.0,-9.259259259259256,0.0,0.0,5.200000000000001,5.35,5.380000000000001,2.0704333124998047,1.3094570021973098,0.002155521626868191,-0.07075760143593879,-0.0501273004311914,-0.020630301004747387,140205.0
105122,UPDCREIT,2019-09-06,4.9,4.9,130,2026-04-08T03:19:41.363212+00:00,0.0,0.0,0.0,0.0,5.1,5.325,5.37,2.0704333124998047,1.3094570021973098,0.0021555216268681916,-0.09407375827881559,-0.05875476581925456,-0.03531899245956103,140211.5
105225,UPDCREIT,2019-09-09,4.9,4.9,0,2026-04-08T03:19:45.624302+00:00,0.0,0.0,0.0,0.0,5.000000000000001,5.300000000000001,5.36,2.0704333124998047,1.3094570021973098,0.002155521626868191,-0.11126933690752061,-0.06076027555836766,-0.05050906134915295,140211.5
105328,UPDCREIT,2019-09-10,4.9,4.9,33730,2026-04-08T03:19:47.977958+00:00,0.0,0.0,0.0,0.0,4.9,5.275,5.35,2.0704333124998047,1.3094570021973098,0.0021555216268681916,-0.12347362971454068,-0.058371654692310176,-0.0651019750222305,141898.0
105431,UPDCREIT,2019-09-11,4.9,4.9,0,2026-04-08T03:19:50.333421+00:00,0.0,0.0,-9.259259259259256,0.0,4.9,5.25,5.34,2.0704333124998047,1.3094570021973098,0.0021555216268681916,-0.13162829069195503,-0.05322105253577962,-0.07840723815617541,141898.0
105534,UPDCREIT,2019-09-12,4.9,4.9,3000,2026-04-08T03:19:52.607202+00:00,0.0,0.0,0.0,0.0,4.9,5.2250000000000005,5.330000000000001,2.0704333124998047,1.3094570021973098,0.0021555216268681916,-0.13651723258945037,-0.04648799554661996,-0.0900292370428304,142048.0
105637,UPDCREIT,2019-09-13,4.9,4.9,10000,2026-04-08T03:19:55.083512+00:00,0.0,0.0,0.0,0.0,4.9,5.2,5.32,2.0704333124998047,1.3094570021973098,0.002155521626868192,-0.1387918482346171,-0.03901008895342935,-0.09978175928118775,142548.0
105740,UPDCREIT,2019-09-16,4.9,4.9,0,2026-04-08T03:19:59.701348+00:00,0.0,0.0,0.0,0.0,4.9,5.175000000000001,5.31,2.0704333124998047,1.3094570021973098,0.0021555216268681916,-0.13899228102516492,-0.03136841739518173,-0.10762386362998319,142548.0
105843,UPDCREIT,2019-09-17,4.9,4.9,0,2026-04-08T03:20:02.523968+00:00,0.0,0.0,0.0,0.0,4.9,5.15,5.3,2.0704333124998047,1.3094570021973098,0.002155521626868192,-0.13756535764425326,-0.023953195211416048,-0.11361216243283721,142543.0
105946,UPDCREIT,2019-09-18,4.9,4.9,3300,2026-04-08T03:20:05.488272+00:00,0.0,0.0,0.0,-9.259259259259256,4.9,5.125,5.29,2.0704333124998047,1.3094570021973098,0.002155521626868192,-0.13487970134702376,-0.017014031131349236,-0.11786567021567453,142708.0
106049,UPDCREIT,2019-09-19,4.9,4.9,11000,2026-04-08T03:20:08.114889+00:00,0.0,0.0,0.0,0.0,4.9,5.1000000000000005,5.280000000000001,2.0704333124998047,1.3094570021973098,0.002155521626868192,-0.13123846406176387,-0.010698235076871468,-0.1205402289848924,143258.0
106152,UPDCREIT,2019-09-20,4.9,4.9,56080,2026-04-08T03:20:10.721894+00:00,0.0,0.0,0.0,0.0,4.9,5.075,5.27,2.0704333124998047,1.3094570021973098,0.002155521626868192,-0.1268900477948307,-0.005079855047950638,-0.12181019274688007,146062.0
106255,UPDCREIT,2019-09-23,4.9,4.9,1250,2026-04-08T03:20:15.267012+00:00,0.0,0.0,0.0,0.0,4.9,5.05,5.26,2.0704333124998047,1.3094570021973098,0.002155521626868192,-0.12203712852250703,-0.0001815486205015565,-0.12185557990200548,146124.5
106358,UPDCREIT,2019-09-24,4.9,4.9,1567,2026-04-08T03:20:17.630341+00:00,0.0,0.0,0.0,0.0,4.9,5.025,5.25,2.0704333124998047,1.3094570021973098,0.002155521626868192,-0.11684424728609955,0.00400906609272475,-0.1208533133788243,146202.85
106461,UPDCREIT,2019-09-25,4.9,4.9,0,2026-04-08T03:20:20.165626+00:00,0.0,0.0,0.0,0.0,4.9,5.0,5.24,2.0704333124998047,1.3094570021973098,0.002155521626868192,-0.1114441922172773,0.007527296929237592,-0.1189714891465149,146202.85
106564,UPDCREIT,2019-09-26,4.9,4.9,0,2026-04-08T03:20:22.92566+00:00,0.0,0.0,0.0,0.0,4.9,4.9750000000000005,5.230000000000001,2.0704333124998047,1.3094570021973098,0.002155521626868192,-0.1059433605568918,0.010422502871698477,-0.11636586342859027,146202.85
106667,UPDCREIT,2019-09-27,4.9,4.9,0,2026-04-08T03:20:25.402499+00:00,0.0,0.0,0.0,0.0,4.9,4.95,5.22,2.0704333124998047,1.3094570021973098,0.002155521626868192,-0.10042626041776526,0.012751682408660023,-0.11317794282642528,146202.85
106770,UPDCREIT,2019-09-30,4.9,4.9,0,2026-04-08T03:20:29.867546+00:00,0.0,0.0,0.0,0.0,4.9,4.925,5.210000000000001,2.0704333124998047,1.3094570021973098,0.002155521626868192,-0.0949592872555689,0.01457492445668511,-0.10953421171225401,146202.85
106873,UPDCREIT,2019-10-02,4.9,4.9,0,2026-04-08T03:20:33.475481+00:00,0.0,0.0,0.0,0.0,4.9,4.9,5.2,2.0704333124998047,1.3094570021973098,0.002155521626868192,-0.08959388905435439,0.0159522581263197,-0.1055461471806741,146202.85
106976,UPDCREIT,2019-10-03,4.9,4.9,0,2026-04-08T03:20:35.801047+00:00,0.0,0.0,0.0,0.0,4.9,4.9,5.19,0.0,1.3094570021973098,0.0021555216268681916,-0.08436921651432172,0.0169415445330819,-0.10131076104740362,6002.85
107079,UPDCREIT,2019-10-04,4.9,4.9,500,2026-04-08T03:20:38.138638+00:00,0.0,0.0,0.0,0.0,4.9,4.9,5.18,0.0,1.3094570021973098,0.0021555216268681916,-0.07931433954974576,0.017597137198126306,-0.09691147674787207,6027.85
107182,UPDCREIT,2019-10-07,4.9,4.9,3000,2026-04-08T03:20:43.38987+00:00,0.0,0.0,0.0,0.0,4.9,4.9,5.17,0.0,1.3094570021973098,0.0021555216268681916,-0.07445009874217501,0.017969102404557652,-0.09241920114673266,6171.35
107285,UPDCREIT,2019-10-08,4.9,4.9,0,2026-04-08T03:20:50.115577+00:00,0.0,0.0,0.0,0.0,4.9,4.9,5.160000000000001,0.0,1.3094570021973098,0.0021555216268681916,-0.06979064969074855,0.01810284116478729,-0.08789349085553584,6171.35
107388,UPDCREIT,2019-10-09,4.9,4.9,0,2026-04-08T03:20:53.067656+00:00,0.0,0.0,0.0,0.0,4.9,4.9,5.15,0.0,1.3094570021973098,0.0021555216268681916,-0.06534474915540578,0.01803899336010406,-0.08338374251550984,4484.85
107491,UPDCREIT,2019-10-10,4.9,4.9,1000,2026-04-08T03:20:55.682822+00:00,0.0,0.0,0.0,0.0,4.9,4.9,5.14,0.0,1.3094570021973098,0.0021555216268681916,-0.06111682424417797,0.017813534617065502,-0.07893035886124347,4534.85
107594,UPDCREIT,2019-10-11,4.9,4.9,0,2026-04-08T03:20:58.30073+00:00,0.0,0.0,0.0,0.0,4.9,4.9,5.13,0.0,1.3094570021973098,0.0021555216268681916,-0.05710785943630281,0.01745799953995253,-0.07456585897625534,4384.85
107697,UPDCREIT,2019-10-14,4.9,4.9,375500,2026-04-08T03:21:03.536141+00:00,0.0,0.0,0.0,0.0,4.9,4.9,5.12,0.0,1.3094570021973098,0.002155521626868191,-0.05331613077558739,0.01699978256053436,-0.07031591333612175,22659.85
107800,UPDCREIT,2019-10-15,4.9,4.9,3298,2026-04-08T03:21:06.159586+00:00,0.0,0.0,0.0,0.0,4.9,4.9,5.11,0.0,1.3094570021973098,0.0021555216268681916,-0.04973781195849636,0.016462481102100315,-0.06620029306059667,22824.75
107903,UPDCREIT,2019-10-16,4.9,4.9,25862,2026-04-08T03:21:08.538525+00:00,0.0,0.0,0.0,0.0,4.9,4.9,5.1000000000000005,0.0,1.3094570021973098,0.002155521626868191,-0.04636747314785783,0.01586625593019108,-0.06223372907804891,24117.85
108006,UPDCREIT,2019-10-17,4.9,4.9,10,2026-04-08T03:21:11.125073+00:00,0.0,0.0,0.0,0.0,4.9,4.9,5.090000000000001,0.0,1.3094570021973098,0.002155521626868191,-0.04319849005521714,0.015228191218265422,-0.058426681273482564,23953.35
108109,UPDCREIT,2019-10-18,4.9,4.9,242,2026-04-08T03:21:14.04892+00:00,0.0,0.0,0.0,0.0,4.9,4.9,5.080000000000001,0.0,1.3094570021973098,0.002155521626868191,-0.04022337805892917,0.01456264257164272,-0.05478602063057189,23415.45
108212,UPDCREIT,2019-10-21,4.9,4.9,0,2026-04-08T03:21:18.357079+00:00,0.0,0.0,0.0,0.0,4.9,4.9,5.07,0.0,1.3094570021973098,0.002155521626868191,-0.0374340637819639,0.013881565478886401,-0.0513156292608503,20611.45
108315,UPDCREIT,2019-10-22,4.9,4.9,125,2026-04-08T03:21:20.5704+00:00,0.0,0.0,0.0,0.0,4.9,4.9,5.06,0.0,1.3094570021973098,0.002155521626868191,-0.034822104575999546,0.013194819747880608,-0.048016924323880154,20555.2
108418,UPDCREIT,2019-10-23,4.9,4.9,0,2026-04-08T03:21:22.84444+00:00,0.0,0.0,0.0,0.0,4.9,4.9,5.050000000000001,0.0,1.3094570021973098,0.0021555216268681907,-0.03237886469011908,0.012510447707008862,-0.04488931239712794,20476.85
108521,UPDCREIT,2019-10-24,4.9,4.9,21270,2026-04-08T03:21:25.228823+00:00,0.0,0.0,0.0,0.0,4.9,4.9,5.040000000000001,0.0,1.3094570021973098,0.0021555216268681903,-0.03009565549531068,0.011834925521453814,-0.041930581016764494,21540.35
108624,UPDCREIT,2019-10-25,4.9,4.9,28015,2026-04-08T03:21:27.539286+00:00,0.0,0.0,0.0,0.0,4.9,4.9,5.03,0.0,1.3094570021973098,0.0021555216268681907,-0.02796384594957413,0.011173388053752294,-0.03913723400332642,22941.1
108727,UPDCREIT,2019-10-28,4.9,4.9,11710,2026-04-08T03:21:32.161692+00:00,0.0,0.0,0.0,0.0,4.9,4.9,5.02,0.0,1.3094570021973098,0.002155521626868191,-0.02597494848838977,0.01052982841194932,-0.03650477690033909,23526.6
108830,UPDCREIT,2019-10-29,4.9,4.9,150,2026-04-08T03:21:34.477485+00:00,0.0,0.0,0.0,0.0,4.9,4.9,5.01,0.0,1.3094570021973098,0.0021555216268681903,-0.024120684682750415,0.00990727377407094,-0.034027958456821356,23534.1
108933,UPDCREIT,2019-10-30,4.9,4.9,1420,2026-04-08T03:21:36.754268+00:00,0.0,0.0,0.0,0.0,4.9,4.9,5.000000000000001,0.0,1.3094570021973098,0.0021555216268681903,-0.022393034297332193,0.00930793932759133,-0.03170097362492352,23605.1
109036,UPDCREIT,2019-10-31,4.9,4.9,0,2026-04-08T03:21:39.10919+00:00,0.0,0.0,0.0,0.0,4.9,4.9,4.99,0.0,1.3094570021973098,0.0021555216268681907,-0.020784270784001357,0.008733362272737733,-0.02951763305673909,23605.1
109139,UPDCREIT,2019-11-01,4.9,4.9,70,2026-04-08T03:21:41.456138+00:00,0.0,0.0,0.0,0.0,4.9,4.9,4.98,0.0,1.3094570021973098,0.0021555216268681907,-0.01928698574325427,0.008184517850787859,-0.02747150359404213,23583.6
109242,UPDCREIT,2019-11-04,4.45,4.45,100000,2026-04-08T03:21:45.945243+00:00,-9.183673469387754,0.0,0.0,0.0,4.8100000000000005,4.8774999999999995,4.961,2.0535318160712355,1.825392913084668,0.00010155960890251612,-0.05379154036097944,-0.021056029413549844,-0.032735510947429595,28433.6
109345,UPDCREIT,2019-11-05,4.45,4.45,0,2026-04-08T03:21:48.37169+00:00,0.0,-9.183673469387754,0.0,0.0,4.720000000000001,4.855,4.942,2.0535318160712355,1.825392913084668,0.00010155960890251612,-0.08021201431662206,-0.037981202695353974,-0.042230811621268086,28433.6
109448,UPDCREIT,2019-11-06,4.45,4.45,8300,2026-04-08T03:21:50.755948+00:00,0.0,0.0,0.0,0.0,4.630000000000001,4.8325000000000005,4.923,2.0535318160712355,1.825392913084668,0.0001015596089025161,-0.09999771881957109,-0.046213525758642404,-0.05378419306092869,28848.6
109551,UPDCREIT,2019-11-07,4.45,4.45,7757,2026-04-08T03:21:53.200031+00:00,0.0,0.0,0.0,0.0,4.54,4.8100000000000005,4.904,2.0535318160712355,1.825392913084668,0.00010155960890251612,-0.11435976401339687,-0.04846045676197455,-0.06589930725142232,29186.45
109654,UPDCREIT,2019-11-08,4.45,4.45,16335,2026-04-08T03:21:55.63316+00:00,0.0,0.0,0.0,0.0,4.45,4.7875000000000005,4.885000000000001,2.0535318160712355,1.825392913084668,0.00010155960890251612,-0.12430883345000243,-0.0467276209588641,-0.07758121249113833,30003.2
109757,UPDCREIT,2019-11-12,4.45,4.45,0,2026-04-08T03:22:01.520244+00:00,0.0,0.0,-9.183673469387754,0.0,4.45,4.765,4.8660000000000005,2.0535318160712355,1.825392913084668,0.0001015596089025161,-0.13068706353908066,-0.042484680838353855,-0.0882023827007268,11228.2
109860,UPDCREIT,2019-11-13,4.45,4.45,0,2026-04-08T03:22:04.169594+00:00,0.0,0.0,0.0,0.0,4.45,4.742500000000001,4.847,2.0535318160712355,1.825392913084668,0.0001015596089025161,-0.13419494108990815,-0.03679404671134508,-0.09740089437856307,11063.3
109963,UPDCREIT,2019-11-14,4.45,4.45,25000,2026-04-08T03:22:06.510438+00:00,0.0,0.0,0.0,0.0,4.45,4.720000000000001,4.828,2.0535318160712355,1.825392913084668,0.00010155960890251613,-0.1354139911244321,-0.03041047739669521,-0.10500351372773688,11020.2
110066,UPDCREIT,2019-11-15,4.45,4.45,46001,2026-04-08T03:22:08.972682+00:00,0.0,0.0,0.0,0.0,4.45,4.6975,4.819,2.0535318160712355,1.2987675572814135,0.00010155960890251612,-0.13482590791929372,-0.023857915353245468,-0.11096799256604825,13319.75
110169,UPDCREIT,2019-11-18,4.45,4.45,17381,2026-04-08T03:22:13.551393+00:00,0.0,0.0,0.0,0.0,4.45,4.675000000000001,4.8100000000000005,2.0535318160712355,1.2987675572814135,0.00010155960890251612,-0.13282868138627268,-0.017488551056179552,-0.11534013033009313,14176.7
110271,UPDCREIT,2019-11-19,4.45,4.45,3186,2026-04-08T03:22:15.801005+00:00,0.0,0.0,0.0,-9.183673469387754,4.45,4.6525,4.801,2.0535318160712355,1.2987675572814135,0.00010155960890251612,-0.12975018559674112,-0.011528044213318392,-0.11822214138342273,14336.0
110373,UPDCREIT,2019-11-20,4.45,4.45,2000,2026-04-08T03:22:18.11241+00:00,0.0,0.0,0.0,0.0,4.45,4.630000000000001,4.792000000000001,2.0535318160712355,1.2987675572814135,0.00010155960890251613,-0.12585962410241525,-0.00610998617519401,-0.11974963792722124,14429.75
110475,UPDCREIT,2019-11-21,4.45,4.45,7000,2026-04-08T03:22:20.360812+00:00,0.0,0.0,0.0,0.0,4.45,4.6075,4.783,2.0535318160712355,1.2987675572814135,0.00010155960890251613,-0.12137716567691825,-0.0013020221997576131,-0.12007514347716064,14779.75
110577,UPDCREIT,2019-11-22,4.45,4.45,30585,2026-04-08T03:22:22.766306+00:00,0.0,0.0,0.0,0.0,4.45,4.585,4.774,2.0535318160712355,1.2987675572814135,0.00010155960890251613,-0.11648205248683485,0.002874472792260635,-0.11935652527909549,15245.5
110679,UPDCREIT,2019-11-25,4.45,4.45,19900,2026-04-08T03:22:27.077445+00:00,0.0,0.0,0.0,0.0,4.45,4.562500000000001,4.765000000000001,2.0535318160712355,1.2987675572814135,0.0001015596089025161,-0.11131941904746157,0.006429684985307146,-0.11774910403276871,14839.75
110781,UPDCREIT,2019-11-26,4.45,4.45,12738,2026-04-08T03:22:29.415971+00:00,0.0,0.0,0.0,0.0,4.45,4.540000000000001,4.756,2.0535318160712355,1.2987675572814135,0.00010155960890251612,-0.10600602340068743,0.009394464505665029,-0.11540048790635246,14891.15
110883,UPDCREIT,2019-11-27,4.45,4.45,4,2026-04-08T03:22:31.797244+00:00,0.0,0.0,0.0,0.0,4.45,4.5175,4.747000000000001,2.0535318160712355,1.2987675572814135,0.00010155960890251613,-0.1006350607326949,0.011812341738926063,-0.11244740247162097,14883.85
110985,UPDCREIT,2019-11-28,4.45,4.45,23625,2026-04-08T03:22:34.150197+00:00,0.0,0.0,0.0,0.0,4.45,4.495,4.738,2.0535318160712355,1.2987675572814135,0.00010155960890251612,-0.09528020324942155,0.013733759377759544,-0.10901396262718109,15994.1
111087,UPDCREIT,2019-11-29,4.45,4.45,780,2026-04-08T03:22:36.43862+00:00,0.0,0.0,0.0,0.0,4.45,4.4725,4.729,2.0535318160712355,1.2987675572814135,0.00010155960890251613,-0.08999898780526916,0.015211979857529562,-0.10521096766279872,16033.1
111189,UPDCREIT,2019-12-02,4.45,4.45,474,2026-04-08T03:22:40.672716+00:00,0.0,0.0,0.0,0.0,4.45,4.45,4.720000000000001,2.0535318160712355,1.2987675572814135,0.00010155960890251609,-0.08483565390679892,0.016300251004799843,-0.10113590491159877,16053.3
111291,UPDCREIT,2019-12-03,4.45,4.45,8850,2026-04-08T03:22:42.857808+00:00,0.0,0.0,0.0,0.0,4.45,4.45,4.711,0.0,1.2987675572814135,0.00010155960890251612,-0.07982351875663785,0.017049908923968737,-0.09687342768060658,11495.8
111393,UPDCREIT,2019-12-04,4.45,4.45,46680,2026-04-08T03:22:45.132537+00:00,0.0,0.0,0.0,0.0,4.45,4.45,4.702000000000001,0.0,1.2987675572814135,0.0001015596089025161,-0.07498696251355774,0.017509172133639075,-0.09249613464719682,13829.8
111495,UPDCREIT,2019-12-05,4.45,4.45,14,2026-04-08T03:22:47.409461+00:00,0.0,0.0,0.0,0.0,4.45,4.45,4.6930000000000005,0.0,1.2987675572814135,0.0001015596089025161,-0.07034308554232993,0.017722439283893512,-0.08806552482622344,13415.5
111597,UPDCREIT,2019-12-06,4.45,4.45,10100,2026-04-08T03:22:49.720566+00:00,0.0,0.0,0.0,0.0,4.45,4.45,4.684,0.0,1.2987675572814135,0.0001015596089025161,-0.0659030897894608,0.017729948029410122,-0.08363303781887092,13532.65
111699,UPDCREIT,2019-12-10,4.45,4.45,5426,2026-04-08T03:22:54.948045+00:00,0.0,0.0,0.0,0.0,4.45,4.45,4.675000000000001,0.0,1.2987675572814135,0.00010155960890251612,-0.061673428276079356,0.017567687634233248,-0.0792411159103126,12987.2
111801,UPDCREIT,2019-12-11,4.45,4.45,55,2026-04-08T03:22:57.463594+00:00,0.0,0.0,0.0,0.0,4.45,4.45,4.666,0.0,1.2987675572814135,0.0001015596089025161,-0.05765675981658003,0.01726748487498607,-0.0749242446915661,12989.95
111903,UPDCREIT,2019-12-12,4.45,4.45,48500,2026-04-08T03:22:59.677549+00:00,0.0,0.0,0.0,0.0,4.45,4.45,4.657,0.0,1.2987675572814135,0.00010155960890251614,-0.05385274025638509,0.01685720354814481,-0.0707099438045299,15414.95
112005,UPDCREIT,2019-12-13,4.45,4.45,25790,2026-04-08T03:23:01.961124+00:00,0.0,0.0,0.0,0.0,4.45,4.45,4.648,0.0,1.2987675572814135,0.00010155960890251616,-0.050258676609435504,0.016361013756075515,-0.06661969036551102,15454.45
112107,UPDCREIT,2019-12-16,4.45,4.45,0,2026-04-08T03:23:06.206185+00:00,0.0,0.0,0.0,0.0,4.45,4.45,4.639,0.0,1.2987675572814135,0.00010155960890251614,-0.04687006632639079,0.01579969923129619,-0.06266976555768698,13154.4
112209,UPDCREIT,2019-12-17,4.05,4.05,55200,2026-04-08T03:23:08.526507+00:00,-8.988764044943832,0.0,0.0,0.0,4.37,4.43,4.622,2.009948743820038,1.7987126220748957,1.2287722449802655e-05,-0.07558987232883219,-0.010336085416916163,-0.06525378691191602,15045.35
112311,UPDCREIT,2019-12-18,3.65,3.65,82368,2026-04-08T03:23:10.699016+00:00,-9.876543209876543,-8.988764044943832,0.0,0.0,4.209999999999999,4.390000000000001,4.597,2.9068792629797713,2.2449441465313806,6.312318430313306e-06,-0.12913855370021743,-0.05110781343064112,-0.0780307402695763,19004.45
112413,UPDCREIT,2019-12-19,3.3,3.3,211475,2026-04-08T03:23:13.06361+00:00,-9.589041095890416,-9.876543209876543,0.0,0.0,3.9799999999999995,4.3325000000000005,4.565,3.477833543485981,2.580543917640276,4.328737674824119e-06,-0.19754121228235455,-0.09560837761022259,-0.10193283467213196,29478.2
112515,UPDCREIT,2019-12-20,3.4,3.4,203000,2026-04-08T03:23:15.515212+00:00,3.0303030303030276,-9.589041095890416,0.0,0.0,3.7700000000000005,4.28,4.535,3.606699368818394,2.6336224948438804,8.816460861572699,-0.24090464892326136,-0.11117745140090352,-0.12972719752235784,39278.2
112617,UPDCREIT,2019-12-23,3.6,3.6,1033610,2026-04-08T03:23:19.645113+00:00,5.882352941176472,3.0303030303030276,0.0,0.0,3.6,4.2375,4.509,3.940241907472945,2.7918081043365985,23.36828150924148,-0.2561790833408004,-0.10116150865475404,-0.15501757468604638,89429.45
112719,UPDCREIT,2019-12-24,3.95,3.95,153000,2026-04-08T03:23:22.081747+00:00,9.722222222222232,5.882352941176472,-8.988764044943832,0.0,3.5799999999999996,4.2125,4.49,4.60993784511697,3.1484287643587567,41.087076883883455,-0.23730658513983194,-0.06583120836302844,-0.1714753767768035,96084.45
112821,UPDCREIT,2019-12-27,4.3,4.3,366732,2026-04-08T03:23:26.48241+00:00,8.860759493670866,9.722222222222232,-9.876543209876543,0.0,3.7099999999999995,4.205,4.478000000000001,5.063113323404516,3.4088590154344005,52.83216444762562,-0.19189586335685327,-0.016336389264039797,-0.17555947409281347,113784.15
112923,UPDCREIT,2019-12-31,4.25,4.25,87374,2026-04-08T03:23:31.997666+00:00,-1.1627906976744096,8.860759493670866,-9.589041095890416,0.0,3.9,4.195,4.465,5.0692063849921025,3.4114123334559294,51.25995447559704,-0.15811941907267446,0.01395204401611122,-0.17207146308878568,118152.65
113025,UPDCREIT,2020-01-02,4.3,4.3,134520,2026-04-08T03:23:35.253628+00:00,1.17647058823529,-1.1627906976744096,3.0303030303030276,0.0,4.08,4.1875,4.453,5.07732151406934,3.4170562009595877,52.773456436382475,-0.1258658582338148,0.03696448388397672,-0.16283034211779152,123697.4
113127,UPDCREIT,2020-01-03,4.3,4.3,2010,2026-04-08T03:23:37.484442+00:00,0.0,1.17647058823529,5.882352941176472,0.0,4.220000000000001,4.18,4.441,5.07732151406934,3.4170562009595877,52.77345643638248,-0.09916160563090415,0.050934989189509894,-0.15009659482041404,123758.9
113229,UPDCREIT,2020-01-06,4.3,4.3,59332,2026-04-08T03:23:41.810791+00:00,0.0,0.0,9.722222222222232,-8.988764044943832,4.29,4.1725,4.428999999999999,5.07732151406934,3.4170562009595877,52.77345643638247,-0.07710942361288708,0.058389736966021566,-0.13549916057890865,126701.8
113331,UPDCREIT,2020-01-07,4.45,4.45,1596498,2026-04-08T03:23:44.238014+00:00,3.488372093023262,0.0,8.860759493670866,-9.876543209876543,4.32,4.172499999999999,4.420000000000001,5.138577758133445,3.4566589200136075,57.695636808430955,-0.04698752119292582,0.07080931150878628,-0.1177968327017121,206084.2
113433,UPDCREIT,2020-01-08,4.05,4.05,2271863,2026-04-08T03:23:46.428903+00:00,-8.988764044943832,3.488372093023262,-1.1627906976744096,-9.589041095890416,4.279999999999999,4.152500000000001,4.4030000000000005,5.528580196319214,3.676373656632768,44.40474414795639,-0.0547611016765126,0.050428584820159605,-0.10518968649667221,317343.35
113535,UPDCREIT,2020-01-09,3.65,3.65,182148,2026-04-08T03:23:48.760691+00:00,-9.876543209876543,-8.988764044943832,1.17647058823529,3.0303030303030276,4.15,4.1125,4.378,5.925154813161192,3.9167124015890855,35.578376889554384,-0.0921362875063716,0.01044271919224049,-0.10257900669861209,326450.05
113638,UPDCREIT,2020-01-10,3.5,3.5,437926,2026-04-08T03:23:51.312987+00:00,-4.109589041095885,-9.876543209876543,0.0,5.882352941176472,3.9900000000000007,4.0649999999999995,4.35,5.966478113010315,3.9487776605204954,32.93462161389043,-0.13233466629037594,-0.023804527673411083,-0.10853013861696485,347841.35
113741,UPDCREIT,2020-01-13,3.5,3.5,97552,2026-04-08T03:23:55.704331+00:00,0.0,-4.109589041095885,0.0,9.722222222222232,3.8300000000000005,4.0175,4.322,5.966478113010315,3.9487776605204954,32.93462161389042,-0.16232103523749775,-0.0430327172964263,-0.11928831794107145,352447.65
113844,UPDCREIT,2020-01-14,3.5,3.5,15093,2026-04-08T03:23:58.044369+00:00,0.0,0.0,3.488372093023262,8.860759493670866,3.6399999999999997,3.9699999999999998,4.294,5.966478113010315,3.9487776605204954,32.93462161389042,-0.18396481677455867,-0.051741199066789756,-0.13222361770776891,353199.55
113947,UPDCREIT,2020-01-15,3.5,3.5,55065,2026-04-08T03:24:00.340453+00:00,0.0,0.0,-8.988764044943832,-1.1627906976744096,3.53,3.9225000000000003,4.266,5.966478113010315,3.9487776605204954,32.93462161389042,-0.19882573032325812,-0.053281690092391365,-0.14554404023086676,353527.8
114050,UPDCREIT,2020-01-16,3.4,3.4,508805,2026-04-08T03:24:02.775573+00:00,-2.857142857142858,0.0,-9.876543209876543,1.17647058823529,3.4799999999999995,3.87,4.236000000000001,5.974929531813047,3.960686417684986,30.877212403465897,-0.21618028389761568,-0.056508994933399115,-0.15967128896421656,377678.55
114153,UPDCREIT,2020-01-17,3.5,3.5,685875,2026-04-08T03:24:05.107796+00:00,2.941176470588247,-2.857142857142858,-4.109589041095885,0.0,3.4799999999999995,3.8225000000000002,4.208,6.0409283243630245,3.9922440001749995,35.23431370050673,-0.2193363554000589,-0.047732053148673875,-0.17160430225138504,411972.3
114256,UPDCREIT,2020-01-20,3.45,3.45,390453,2026-04-08T03:24:09.637495+00:00,-1.4285714285714235,2.941176470588247,0.0,0.0,3.47,3.7925000000000004,4.178999999999999,5.745166000575376,3.9930426709828684,34.07766640269127,-0.22329810537604766,-0.04135504249973007,-0.1819430628763176,428734.95
114359,UPDCREIT,2020-01-21,3.5,3.5,907819,2026-04-08T03:24:12.081094+00:00,1.4492753623188248,-1.4285714285714235,0.0,3.488372093023262,3.47,3.785,4.16,5.32993036703692,3.806391488246539,36.32860765919101,-0.21986872880024233,-0.03034053273913978,-0.18952819606110255,470007.5
114462,UPDCREIT,2020-01-23,3.4,3.4,56010,2026-04-08T03:24:15.397306+00:00,-2.857142857142858,1.4492753623188248,0.0,-8.988764044943832,3.45,3.79,4.138999999999999,4.891918705917385,3.821579775590783,33.83989223735459,-0.22265347673885438,-0.026500224542201467,-0.19615325219665292,462234.25
114565,UPDCREIT,2020-01-24,3.4,3.4,1133150,2026-04-08T03:24:17.760742+00:00,0.0,-2.857142857142858,-2.857142857142858,-9.876543209876543,3.45,3.79,4.118,4.848449116632955,3.821579775590783,33.8398922373546,-0.22229789775356368,-0.020915716445528587,-0.2013821813080351,508741.75
114668,UPDCREIT,2020-01-27,3.4,3.4,110103,2026-04-08T03:24:22.426106+00:00,0.0,0.0,2.941176470588247,-4.109589041095885,3.4299999999999997,3.78,4.097,4.654523747718815,3.821579775590783,33.8398922373546,-0.21948600085336656,-0.014483055636265174,-0.20500294521710138,462566.4
114771,UPDCREIT,2020-01-28,3.4,3.4,119000,2026-04-08T03:24:24.728321+00:00,0.0,0.0,-1.4285714285714235,0.0,3.4200000000000004,3.7525,4.076,4.031706286689009,3.821579775590783,33.83989223735459,-0.21478168275944132,-0.007822990033871935,-0.20695869272556938,460866.4
114874,UPDCREIT,2020-01-29,3.4,3.4,81354,2026-04-08T03:24:27.287495+00:00,0.0,0.0,1.4492753623188248,0.0,3.4,3.7075000000000005,4.055,3.360433799040936,3.821579775590783,33.83989223735459,-0.20864830895070297,-0.0013516929801068445,-0.20729661597059612,446597.5
114977,UPDCREIT,2020-01-30,3.4,3.4,54200,2026-04-08T03:24:29.658352+00:00,0.0,0.0,-2.857142857142858,0.0,3.4,3.665,4.034,3.369541871651939,3.821579775590783,33.83989223735459,-0.20146520059399142,0.004665132301283764,-0.2061303328952752,444938.8
115080,UPDCREIT,2020-01-31,3.1,3.1,455464,2026-04-08T03:24:31.961868+00:00,-8.823529411764696,0.0,0.0,-2.857142857142858,3.34,3.6050000000000004,4.007,3.7425755653320065,3.9993217045180716,25.624744407166503,-0.2174731333561799,-0.009074240368723757,-0.20839889298745615,460986.0
115183,UPDCREIT,2020-02-03,3.35,3.35,2432046,2026-04-08T03:24:36.430808+00:00,8.064516129032251,-8.823529411764696,0.0,2.941176470588247,3.3299999999999996,3.5575,3.985,4.310119883900678,4.184019206699111,38.92986282902094,-0.20759361476978988,0.0006442225741330188,-0.2082378373439229,582487.8
115286,UPDCREIT,2020-02-04,3.2,3.2,245858,2026-04-08T03:24:38.687124+00:00,-4.477611940298509,8.064516129032251,0.0,-1.4285714285714235,3.2900000000000005,3.5025,3.96,4.363210471692504,4.221312674551277,34.89616044404989,-0.20945332397111072,-0.0009723893017502261,-0.2084809346693605,591814.1
115389,UPDCREIT,2020-02-05,3.2,3.2,210000,2026-04-08T03:24:41.03998+00:00,0.0,-4.477611940298509,0.0,1.4492753623188248,3.25,3.4400000000000004,3.935,4.226189238390135,4.221312674551277,34.89616044404988,-0.2085234286277453,-3.3995166707850855e-05,-0.20848943346103746,522489.2
115492,UPDCREIT,2020-02-06,3.2,3.2,473057,2026-04-08T03:24:43.345135+00:00,0.0,0.0,0.0,-2.857142857142858,3.21,3.3974999999999995,3.91,3.854920330281499,4.221312674551277,34.89616044404989,-0.2054185427760742,0.002456712547970641,-0.20787525532404483,432548.9
115595,UPDCREIT,2020-02-07,3.2,3.2,44000,2026-04-08T03:24:45.609576+00:00,0.0,0.0,-8.823529411764696,0.0,3.2300000000000004,3.375,3.885,3.2576085651911426,4.221312674551277,34.89616044404989,-0.20064498784640517,0.0057842139821117355,-0.2064292018285169,425641.5
115698,UPDCREIT,2020-02-10,3.4,3.4,424745,2026-04-08T03:24:50.182603+00:00,6.25,0.0,8.064516129032251,0.0,3.2399999999999998,3.37,3.8640000000000003,3.486588243764742,4.3296343591135145,45.098160951489135,-0.1786640546354521,0.022212117754451866,-0.20087617238990396,424982.45
115801,UPDCREIT,2020-02-11,3.5,3.5,1029909,2026-04-08T03:24:52.780016+00:00,2.941176470588247,6.25,-4.477611940298509,0.0,3.3,3.37,3.845,3.551864793373522,4.35568304192797,49.37024013533008,-0.15142926018658054,0.03955752976265875,-0.1909867899492393,471600.3
115904,UPDCREIT,2020-02-12,3.5,3.5,276299,2026-04-08T03:24:55.120152+00:00,0.0,2.941176470588247,0.0,0.0,3.3600000000000003,3.37,3.826,3.551864793373522,4.35568304192797,49.370240135330064,-0.12836576869317273,0.050096817004853245,-0.17846258569802598,484660.6
116007,UPDCREIT,2020-02-13,3.45,3.45,310660,2026-04-08T03:24:57.649025+00:00,-1.4285714285714235,0.0,0.0,0.0,3.41,3.3675000000000006,3.8059999999999996,3.5674673114119866,4.357793721765782,47.23871786624233,-0.11282182785140726,0.05251260627729498,-0.16533443412870225,497440.35
116110,UPDCREIT,2020-02-14,3.45,3.45,394552,2026-04-08T03:25:00.080254+00:00,0.0,-1.4285714285714235,0.0,-8.823529411764696,3.46,3.3699999999999997,3.786,3.504154690227753,4.357793721765782,47.23871786624234,-0.09935780778619074,0.05278130107400922,-0.15213910886019996,491727.7
116213,UPDCREIT,2020-02-17,3.45,3.45,352002,2026-04-08T03:25:04.377856+00:00,0.0,0.0,6.25,8.064516129032251,3.47,3.3674999999999997,3.766,3.4411870441751273,4.357793721765782,47.23871786624233,-0.0876767914070471,0.05156985396252231,-0.1392466453695694,475034.05
116316,UPDCREIT,2020-02-18,3.45,3.45,182500,2026-04-08T03:25:06.773592+00:00,0.0,0.0,2.941176470588247,-4.477611940298509,3.46,3.3675000000000006,3.7460000000000004,3.4251015455154112,4.357793721765782,47.23871786624234,-0.07752583223356391,0.04937665050880441,-0.12690248274236832,464636.4
116419,UPDCREIT,2020-02-19,3.45,3.45,96650,2026-04-08T03:25:09.231504+00:00,0.0,0.0,0.0,0.0,3.45,3.3649999999999998,3.7260000000000004,3.409365719521392,4.357793721765782,47.23871786624234,-0.06868931627446972,0.046570533174318876,-0.1152598494487886,424077.95
116522,UPDCREIT,2020-02-20,3.45,3.45,254868,2026-04-08T03:25:11.501588+00:00,0.0,0.0,-1.4285714285714235,0.0,3.45,3.3675000000000006,3.7059999999999995,3.3432957818908844,4.357793721765782,47.23871786624235,-0.06098333577917403,0.043421210935691665,-0.1044045467148657,434020.85
116625,UPDCREIT,2020-02-21,3.45,3.45,292867,2026-04-08T03:25:13.948187+00:00,0.0,0.0,0.0,0.0,3.45,3.3699999999999997,3.6860000000000004,3.3432957818908844,4.357793721765782,47.23871786624233,-0.054250919883666704,0.0401229014649592,-0.0943738213486259,392006.7
116728,UPDCREIT,2020-02-24,3.45,3.45,230520,2026-04-08T03:25:18.415367+00:00,0.0,0.0,0.0,6.25,3.45,3.3725,3.6660000000000004,3.3432957818908844,4.357793721765782,47.23871786624234,-0.04835799096401061,0.03681266430769224,-0.08517065527170285,398027.55
116831,UPDCREIT,2020-02-25,3.15,3.15,20149284,2026-04-08T03:25:20.711298+00:00,-8.695652173913048,0.0,0.0,2.941176470588247,3.3900000000000006,3.3600000000000003,3.64,3.882518577598794,4.5117638408773155,32.16460944964975,-0.06712155957722565,0.014439276555581762,-0.08156083613280742,1399541.75
116934,UPDCREIT,2020-02-26,3.15,3.15,221818,2026-04-08T03:25:23.465375+00:00,0.0,-8.695652173913048,0.0,0.0,3.3299999999999996,3.3475,3.6140000000000003,3.882518577598794,4.5117638408773155,32.16460944964975,-0.081057443139406,0.0004027143947211431,-0.08146015753412714,1406564.95
117037,UPDCREIT,2020-02-27,3.15,3.15,9000,2026-04-08T03:25:26.011368+00:00,0.0,0.0,0.0,-1.4285714285714235,3.2700000000000005,3.335,3.588,3.882518577598794,4.5117638408773155,32.16460944964976,-0.09105213888596442,-0.0076735850814698275,-0.08337855380449459,1404304.95
117140,UPDCREIT,2020-02-28,3.15,3.15,1,2026-04-08T03:25:28.472167+00:00,0.0,0.0,0.0,0.0,3.21,3.3375,3.562,3.325353034734731,4.5117638408773155,32.16460944964976,-0.09784510975422567,-0.011573244759784856,-0.08627186499444081,1381531.8
117243,UPDCREIT,2020-03-02,3.15,3.15,32551,2026-04-08T03:25:32.979972+00:00,0.0,0.0,0.0,0.0,3.15,3.3274999999999997,3.5359999999999996,2.752543791854699,4.5117638408773155,32.16460944964976,-0.10205219394156195,-0.012624263157696908,-0.08942793078386505,1261557.05
117346,UPDCREIT,2020-03-03,3.15,3.15,89999,2026-04-08T03:25:35.324079+00:00,0.0,0.0,-8.695652173913048,0.0,3.15,3.325,3.5180000000000002,2.5682747971499262,4.3462038639096106,32.16460944964976,-0.10418535455623745,-0.01180593901789792,-0.09237941553833953,1253764.1
117449,UPDCREIT,2020-03-04,3.2,3.2,193000,2026-04-08T03:25:37.587456+00:00,1.5873015873016039,0.0,0.0,0.0,3.1599999999999997,3.325,3.509,2.5941870846362876,4.133655611041606,37.36136919061481,-0.10068073276367606,-0.006641053780269218,-0.09403967898340684,1252914.1
117552,UPDCREIT,2020-03-05,3.2,3.2,21500,2026-04-08T03:25:39.825698+00:00,0.0,1.5873015873016039,0.0,0.0,3.17,3.325,3.5069999999999997,2.5941870846362876,3.904193754660538,37.36136919061481,-0.09678758768102869,-0.002198326958097463,-0.09458926072293122,1230336.25
117655,UPDCREIT,2020-03-09,3.2,3.2,3013491,2026-04-08T03:25:45.227559+00:00,0.0,0.0,0.0,0.0,3.18,3.325,3.503,2.5941870846362876,3.8798556665613706,37.3613691906148,-0.09263441033501119,0.0015638803103360244,-0.09419829064534721,1378810.8
117758,UPDCREIT,2020-03-10,3.2,3.2,12000,2026-04-08T03:25:47.644077+00:00,0.0,0.0,0.0,0.0,3.1900000000000004,3.315,3.495,2.1430378095052123,3.7844080656816663,37.3613691906148,-0.08832483366408583,0.004698765585009118,-0.09302359924909495,1358173.55
117861,UPDCREIT,2020-03-11,3.2,3.2,46500,2026-04-08T03:25:49.940962+00:00,0.0,0.0,0.0,-8.695652173913048,3.2,3.3,3.48,2.0069715009986404,3.5055494440804322,37.3613691906148,-0.08394183389439691,0.007265412283758432,-0.09120724617815534,1309003.1
117964,UPDCREIT,2020-03-12,3.2,3.2,137039,2026-04-08T03:25:52.243289+00:00,0.0,0.0,1.5873015873016039,0.0,3.2,3.285,3.4579999999999997,2.0069715009986404,3.244180773405778,37.36136919061481,-0.07955125762020288,0.00932479084636198,-0.08887604846656486,1302040.1
118067,UPDCREIT,2020-03-13,3.2,3.2,5258,2026-04-08T03:25:54.520183+00:00,0.0,0.0,0.0,0.0,3.2,3.2725,3.437,1.9948283220634102,3.2437647497998707,37.36136919061481,-0.07520478039546186,0.010937014456882416,-0.08614179485234427,1286770.0
118170,UPDCREIT,2020-03-16,3.2,3.2,0,2026-04-08T03:25:58.965391+00:00,0.0,0.0,0.0,0.0,3.2,3.2600000000000002,3.415,1.9948283220634102,3.235516858150272,37.3613691906148,-0.07094238621202686,0.012159526912253929,-0.0831019131242808,1267042.4
118273,UPDCREIT,2020-03-17,3.2,3.2,3083700,2026-04-08T03:26:01.331984+00:00,0.0,0.0,0.0,0.0,3.2,3.2475,3.3930000000000002,1.9948283220634102,3.235516858150272,37.3613691906148,-0.06679444334794482,0.013045975821068784,-0.0798404191690136,1403627.3
118376,UPDCREIT,2020-03-18,3.2,3.2,14060785,2026-04-08T03:26:03.589989+00:00,0.0,0.0,0.0,0.0,3.2,3.2350000000000003,3.3710000000000004,1.9948283220634102,3.235516858150272,37.3613691906148,-0.06278344032511196,0.013645583075121315,-0.07642902340023328,2097541.55
118479,UPDCREIT,2020-03-19,3.2,3.2,3000,2026-04-08T03:26:05.957067+00:00,0.0,0.0,0.0,1.5873015873016039,3.2,3.2225,3.3459999999999996,1.9948283220634102,3.1841612997450337,37.3613691906148,-0.05892543578784837,0.014002870089907929,-0.0729283058777563,2092859.05
118582,UPDCREIT,2020-03-20,3.2,3.2,0,2026-04-08T03:26:08.377452+00:00,0.0,0.0,0.0,0.0,3.2,3.21,3.329,1.9948283220634102,2.9460776381484237,37.3613691906148,-0.055231267722609445,0.01415763052411749,-0.06938889824672693,2080115.65
118685,UPDCREIT,2020-03-23,3.2,3.2,10000,2026-04-08T03:26:12.667002+00:00,0.0,0.0,0.0,0.0,3.2,3.1975000000000002,3.32,1.9948283220634102,2.611651077005013,37.3613691906148,-0.05170756034702251,0.014145070319763545,-0.06585263066678605,2065972.3
118788,UPDCREIT,2020-03-24,3.2,3.2,9178,2026-04-08T03:26:14.960057+00:00,0.0,0.0,0.0,0.0,3.2,3.1849999999999996,3.3140000000000005,1.9948283220634102,2.5509906640025535,37.3613691906148,-0.048357561003220084,0.013996055730852774,-0.06235361673407286,2054905.2
118891,UPDCREIT,2020-03-25,3.2,3.2,31100,2026-04-08T03:26:17.224804+00:00,0.0,0.0,0.0,0.0,3.2,3.1875,3.3080000000000003,0.35493142499998204,2.5509906640025535,37.3613691906148,-0.04518183432641498,0.013737425926126305,-0.05891926025254129,1048996.0
118994,UPDCREIT,2020-03-26,3.15,3.15,1511700,2026-04-08T03:26:19.64473+00:00,-1.562500000000011,0.0,0.0,0.0,3.1900000000000004,3.1875,3.301,0.5109795455332388,2.5587156760954484,30.305269472265202,-0.04616744066992817,0.010201455666090493,-0.056368896336018666,1113490.1
119097,UPDCREIT,2020-03-27,3.15,3.15,0,2026-04-08T03:26:21.968693+00:00,0.0,-1.562500000000011,0.0,0.0,3.18,3.1875,3.2940000000000005,0.5109795455332388,2.5587156760954484,30.305269472265202,-0.04641351469211141,0.007964305315125805,-0.05437782000723722,1113040.1
119200,UPDCREIT,2020-03-30,3.15,3.15,3000,2026-04-08T03:26:26.43282+00:00,0.0,0.0,0.0,0.0,3.1700000000000004,3.1875000000000004,3.2889999999999997,0.5109795455332388,2.5293968409977112,30.3052694722652,-0.04607737878707452,0.006640352976130158,-0.05271773176320468,1113190.05
119303,UPDCREIT,2020-03-31,3.15,3.15,130000,2026-04-08T03:26:28.926506+00:00,0.0,0.0,0.0,0.0,3.1599999999999997,3.1875000000000004,3.282,0.5109795455332388,2.4906373139942324,30.305269472265202,-0.04528892611176527,0.005943044521151533,-0.051231970632916804,1118062.5
119406,UPDCREIT,2020-04-01,3.15,3.15,0,2026-04-08T03:26:31.173614+00:00,0.0,0.0,0.0,0.0,3.15,3.1875,3.2760000000000002,0.5109795455332388,2.484203244777247,30.305269472265206,-0.04415507941616115,0.005661512973404524,-0.04981659238956567,1113562.55
119509,UPDCREIT,2020-04-02,3.15,3.15,55440,2026-04-08T03:26:33.480235+00:00,0.0,0.0,-1.562500000000011,0.0,3.15,3.185,3.269,0.34938562148435637,2.473581949361377,30.30526947226521,-0.04276354619976308,0.005642436951842078,-0.04840598315160516,1106684.55
119612,UPDCREIT,2020-04-03,3.15,3.15,0,2026-04-08T03:26:35.777807+00:00,0.0,0.0,0.0,0.0,3.15,3.1825,3.2640000000000002,0.34938562148435637,2.4432917169636945,30.305269472265206,-0.041185979762986324,0.005776002710895074,-0.0469619824738814,1105609.55
119715,UPDCREIT,2020-04-06,3.15,3.15,2000,2026-04-08T03:26:40.135575+00:00,0.0,0.0,0.0,0.0,3.15,3.18,3.259,0.34938562148435637,2.4432917169636945,30.30526947226521,-0.03948063876821317,0.005985074964534584,-0.045465713732747756,955035.0
119818,UPDCREIT,2020-04-07,3.15,3.15,1640,2026-04-08T03:26:42.376644+00:00,0.0,0.0,0.0,0.0,3.15,3.1775,3.2539999999999996,0.34938562148435637,2.4432917169636945,30.30526947226521,-0.03769462358691511,0.0062168721166661195,-0.04391149570358123,954517.0
119921,UPDCREIT,2020-04-08,3.15,3.15,52000,2026-04-08T03:26:44.690105+00:00,0.0,0.0,0.0,0.0,3.15,3.175,3.2490000000000006,0.34938562148435637,2.4432917169636945,30.30526947226521,-0.03586575558348315,0.0064365920960784695,-0.04230234767956162,954792.0
120024,UPDCREIT,2020-04-09,3.15,3.15,5265,2026-04-08T03:26:47.020639+00:00,0.0,0.0,0.0,-1.562500000000011,3.15,3.1725000000000003,3.244,0.34938562148435637,2.4432917169636945,30.305269472265206,-0.03402415523226443,0.006622553957837757,-0.04064670919010219,948203.3
120127,UPDCREIT,2020-04-14,3.15,3.15,21150,2026-04-08T03:26:53.304016+00:00,0.0,0.0,0.0,0.0,3.15,3.17,3.2390000000000003,0.34938562148435637,2.4432917169636945,30.305269472265206,-0.032193566293477804,0.00676251431729951,-0.038956080610777315,948997.9
120230,UPDCREIT,2020-04-15,3.1,3.1,425000,2026-04-08T03:26:55.643286+00:00,-1.5873015873015817,0.0,0.0,0.0,3.1399999999999997,3.165,3.2390000000000003,0.48476093278200594,2.108826295447963,20.763051877766067,-0.03438106993068457,0.0036600085440741947,-0.038041078474758766,970247.9
120333,UPDCREIT,2020-04-16,3.1,3.1,0,2026-04-08T03:26:58.005731+00:00,0.0,-1.5873015873015817,0.0,0.0,3.13,3.16,3.2340000000000004,0.48476093278200594,1.7608275578425632,20.763051877766067,-0.0357031189919641,0.0018703675862357383,-0.03757348657819984,816062.9
120436,UPDCREIT,2020-04-17,3.1,3.1,195300,2026-04-08T03:27:00.196144+00:00,0.0,0.0,0.0,0.0,3.12,3.1550000000000002,3.2319999999999998,0.48476093278200594,1.6457992654504263,20.763051877766063,-0.03633203926513806,0.0009931578504494276,-0.03732519711558749,122788.65
120539,UPDCREIT,2020-04-20,3.1,3.1,23240,2026-04-08T03:27:04.902814+00:00,0.0,0.0,0.0,0.0,3.11,3.15,3.23,0.48476093278200594,1.6457992654504263,20.763051877766067,-0.03641074273540168,0.000731563504148651,-0.03714230623955033,123800.65
120642,UPDCREIT,2020-04-21,3.1,3.1,6890,2026-04-08T03:27:07.124699+00:00,0.0,0.0,0.0,0.0,3.1,3.145,3.228,0.48476093278200594,1.6457992654504263,20.763051877766067,-0.03605746775927843,0.000867870784217524,-0.03692533854349595,124145.15
120745,UPDCREIT,2020-04-22,3.1,3.1,1020,2026-04-08T03:27:09.50407+00:00,0.0,0.0,-1.5873015873015817,0.0,3.1,3.1399999999999997,3.2260000000000004,0.48476093278200594,1.6457992654504263,20.763051877766067,-0.03536977405708175,0.0012444515891313623,-0.03661422564621311,123696.15
120848,UPDCREIT,2020-04-23,3.1,3.1,0,2026-04-08T03:27:11.732195+00:00,0.0,0.0,0.0,0.0,3.1,3.1350000000000002,3.22,0.48476093278200594,1.3721461597545361,20.763051877766067,-0.03442790834673293,0.0017490538395841457,-0.03617696218631707,123237.25
120951,UPDCREIT,2020-04-24,3.4,3.4,906226,2026-04-08T03:27:14.133022+00:00,9.677419354838701,0.0,0.0,0.0,3.16,3.145,3.218,2.2534521851279847,1.9097352165141548,81.01548888589292,-0.009366014603904294,0.021448758065930225,-0.03081477266983452,166993.55
121054,UPDCREIT,2020-04-27,3.4,3.4,0,2026-04-08T03:27:18.376911+00:00,0.0,9.677419354838701,0.0,0.0,3.22,3.1574999999999998,3.216,2.211209140812305,1.9097352165141548,81.0154888858929,0.010376107440806415,0.032952704088512745,-0.02257659664770633,91408.55
121157,UPDCREIT,2020-04-28,3.4,3.4,400,2026-04-08T03:27:20.70836+00:00,0.0,0.0,0.0,0.0,3.28,3.1700000000000004,3.215,2.211209140812305,1.899197069843703,81.0154888858929,0.025725335738618682,0.03864154590906001,-0.012916210170441329,91428.55
121260,UPDCREIT,2020-04-29,3.4,3.4,0,2026-04-08T03:27:23.099969+00:00,0.0,0.0,0.0,-1.5873015873015817,3.34,3.1825,3.214,2.211209140812305,1.899197069843703,81.01548888589292,0.037457918185752614,0.04029930268495516,-0.002841384499202541,91278.55
121363,UPDCREIT,2020-04-30,3.4,3.4,1799941,2026-04-08T03:27:25.479794+00:00,0.0,0.0,0.0,0.0,3.4,3.195,3.213,2.211209140812305,1.899197069843703,81.01548888589292,0.04622324154819912,0.03925170083792133,0.006971540710277792,174775.6
121466,UPDCREIT,2020-05-04,3.4,3.4,10108,2026-04-08T03:27:30.67652+00:00,0.0,0.0,9.677419354838701,0.0,3.4,3.2075000000000005,3.2119999999999997,2.211209140812305,1.899197069843703,81.01548888589292,0.05256389954956653,0.03647388707143099,0.01609001247813554,175281.0
121569,UPDCREIT,2020-05-05,3.4,3.4,0,2026-04-08T03:27:32.997372+00:00,0.0,0.0,0.0,0.0,3.4,3.22,3.2110000000000003,2.211209140812305,1.899197069843703,81.01548888589292,0.05693263274665439,0.032674096214815075,0.024258536531839313,172509.0
121672,UPDCREIT,2020-05-06,3.4,3.4,4925,2026-04-08T03:27:35.368243+00:00,0.0,0.0,0.0,0.0,3.4,3.2325000000000004,3.21,2.211209140812305,1.899197069843703,81.01548888589292,0.05970662447945374,0.02835847035809154,0.0313481541213622,172755.25
121775,UPDCREIT,2020-05-07,3.4,3.4,550,2026-04-08T03:27:37.70358+00:00,0.0,0.0,0.0,0.0,3.4,3.2449999999999997,3.2089999999999996,2.211209140812305,1.899197069843703,81.0154888858929,0.061199562452678435,0.023881126665052987,0.03731843578762545,172682.75
121878,UPDCREIT,2020-05-08,3.4,3.4,0,2026-04-08T03:27:39.945267+00:00,0.0,0.0,0.0,0.0,3.4,3.2574999999999994,3.208,2.211209140812305,1.899197069843703,81.0154888858929,0.06167181228979013,0.01948270120173174,0.04218911108805839,172600.75
121981,UPDCREIT,2020-05-11,3.4,3.4,17211,2026-04-08T03:27:44.543581+00:00,0.0,0.0,0.0,9.677419354838701,3.4,3.2700000000000005,3.213,2.211209140812305,1.4272555793807178,81.01548888589292,0.06133899592524994,0.015319907869753235,0.046019088055496704,170861.3
122084,UPDCREIT,2020-05-12,3.4,3.4,0,2026-04-08T03:27:46.988848+00:00,0.0,0.0,0.0,0.0,3.4,3.2825,3.218,2.211209140812305,1.4272555793807178,81.01548888589292,0.06037922246670435,0.011488107528966118,0.048891114937738234,170598.05
122187,UPDCREIT,2020-05-13,3.35,3.35,119949,2026-04-08T03:27:49.292243+00:00,-1.4705882352941124,0.0,0.0,0.0,3.3899999999999997,3.2925000000000004,3.222,2.2494875778465233,1.4457015196695624,61.91959695389713,0.054950576908394666,0.004847569576525143,0.05010300733186952,175538.0
122290,UPDCREIT,2020-05-14,3.35,3.35,1000,2026-04-08T03:27:51.592074+00:00,0.0,-1.4705882352941124,0.0,0.0,3.38,3.3049999999999997,3.2260000000000004,2.2058232891474,1.4457015196695624,61.91959695389713,0.05007114717572003,-2.5488124919592625e-05,0.050096635300639625,154338.0
122393,UPDCREIT,2020-05-19,3.4,3.4,0,2026-04-08T03:27:58.031425+00:00,1.4925373134328401,0.0,0.0,0.0,3.3800000000000003,3.3200000000000003,3.2310000000000003,2.2164321182245468,1.4582560811292387,70.09464361527459,0.04966622476777571,-0.00034432842629113225,0.050010553194066845,154338.0
122496,UPDCREIT,2020-05-20,3.5,3.5,4302245,2026-04-08T03:28:00.412443+00:00,2.941176470588247,1.4925373134328401,0.0,0.0,3.4,3.34,3.238,2.2792437921539093,1.509961880318372,79.55027978768918,0.056760188980722326,0.00539970862932438,0.051360480351397945,359685.25
122599,UPDCREIT,2020-05-21,3.5,3.5,0,2026-04-08T03:28:02.829603+00:00,0.0,2.941176470588247,0.0,0.0,3.4200000000000004,3.3600000000000003,3.244,2.2792437921539093,1.497294909096231,79.55027978768916,0.061671298389946116,0.00824865443083854,0.05342264395910758,358523.25
122702,UPDCREIT,2020-05-27,3.5,3.5,576,2026-04-08T03:28:10.17932+00:00,0.0,0.0,-1.4705882352941124,0.0,3.45,3.3800000000000003,3.25,2.2792437921539093,1.497294909096231,79.55027978768918,0.0648162268628143,0.009114866322965369,0.05570136053984893,358207.55
122805,UPDCREIT,2020-05-28,3.5,3.5,60250,2026-04-08T03:28:12.484321+00:00,0.0,0.0,0.0,0.0,3.4799999999999995,3.4,3.2560000000000002,2.2792437921539093,1.497294909096231,79.55027978768918,0.06654155570209497,0.008672156129796833,0.057869399572298134,361169.05
122908,UPDCREIT,2020-05-29,3.5,3.5,2000,2026-04-08T03:28:14.796152+00:00,0.0,0.0,1.4925373134328401,0.0,3.5,3.4200000000000004,3.262,2.2792437921539093,1.497294909096231,79.55027978768918,0.06713500073911449,0.007412480933453078,0.059722519805661414,361269.05
123011,UPDCREIT,2020-06-02,3.5,3.5,1557,2026-04-08T03:28:20.224588+00:00,0.0,0.0,2.941176470588247,0.0,3.5,3.425,3.2680000000000002,0.8144035844857301,1.497294909096231,79.55027978768918,0.06683487932094856,0.005689887612229716,0.06114499170871884,316035.6
123114,UPDCREIT,2020-06-03,3.5,3.5,1225,2026-04-08T03:28:22.45251+00:00,0.0,0.0,0.0,0.0,3.5,3.4300000000000006,3.2740000000000005,0.8144035844857301,1.497294909096231,79.55027978768918,0.06583809041132094,0.00375447896208167,0.06208361144923927,316096.85
123217,UPDCREIT,2020-06-04,3.5,3.5,146985,2026-04-08T03:28:24.742978+00:00,0.0,0.0,0.0,-1.4705882352941124,3.5,3.435,3.28,0.8144035844857301,1.497294909096231,79.55027978768916,0.0643068388107717,0.0017785818892259442,0.06252825692154576,323426.1
123320,UPDCREIT,2020-06-05,3.5,3.5,0,2026-04-08T03:28:26.997708+00:00,0.0,0.0,0.0,0.0,3.5,3.4400000000000004,3.286,0.8144035844857301,1.497294909096231,79.55027978768918,0.06237429879540368,-0.00012316650091366566,0.06249746529631735,323426.1
123423,UPDCREIT,2020-06-08,3.5,3.5,0,2026-04-08T03:28:31.360755+00:00,0.0,0.0,0.0,1.4925373134328401,3.5,3.4450000000000003,3.292,0.8144035844857301,1.497294909096231,79.55027978768916,0.06014938227287381,-0.0018784664187548317,0.06202784869162864,233429.05
123526,UPDCREIT,2020-06-09,3.5,3.5,13000,2026-04-08T03:28:33.545964+00:00,0.0,0.0,0.0,2.941176470588247,3.5,3.45,3.298,0.8144035844857301,1.497294909096231,79.55027978768918,0.057720751011371974,-0.003445678144205336,0.06116642915557731,233573.65
123629,UPDCREIT,2020-06-10,3.8,3.8,201300,2026-04-08T03:28:35.856379+00:00,8.571428571428562,0.0,0.0,0.0,3.56,3.47,3.31,2.050133593060127,1.9091548566052117,93.49430584109338,0.07909181482630556,0.014340308536582594,0.06475150628972297,243638.65
123732,UPDCREIT,2020-06-11,3.8,3.8,1400,2026-04-08T03:28:38.052531+00:00,0.0,8.571428571428562,0.0,0.0,3.62,3.4899999999999998,3.322,2.050133593060127,1.9091548566052117,93.49430584109336,0.09493419456932939,0.024146150623685136,0.07078804394564425,243462.4
123835,UPDCREIT,2020-06-15,3.8,3.8,10549,2026-04-08T03:28:43.437023+00:00,0.0,0.0,0.0,0.0,3.6799999999999997,3.5100000000000002,3.3340000000000005,2.050133593060127,1.9091548566052117,93.49430584109338,0.10626444428743254,0.02838112027343062,0.07788332401400191,243962.35
123938,UPDCREIT,2020-06-16,3.8,3.8,19827,2026-04-08T03:28:45.961134+00:00,0.0,0.0,0.0,0.0,3.7399999999999998,3.53,3.3459999999999996,2.050133593060127,1.9091548566052117,93.49430584109338,0.11393042974420942,0.028837684584165996,0.08509274516004342,244953.7
124041,UPDCREIT,2020-06-17,3.8,3.8,96000,2026-04-08T03:28:48.324213+00:00,0.0,0.0,0.0,0.0,3.8,3.5499999999999994,3.358,2.050133593060127,1.9091548566052117,93.49430584109338,0.11863819123035402,0.026836356856248467,0.09180183437410555,248893.15
124144,UPDCREIT,2020-06-18,3.8,3.8,0,2026-04-08T03:28:50.696546+00:00,0.0,0.0,8.571428571428562,0.0,3.8,3.5700000000000003,3.3709999999999996,2.050133593060127,1.8897123252640229,93.49430584109338,0.12097460616986533,0.023338217436607814,0.09763638873325751,248893.15
124247,UPDCREIT,2020-06-19,3.8,3.8,0,2026-04-08T03:28:53.406809+00:00,0.0,0.0,0.0,0.0,3.8,3.5925,3.384,1.9985638005690851,1.8897123252640229,93.49430584109336,0.12142650270458377,0.019032091177061006,0.10239441152752277,242895.7
124350,UPDCREIT,2020-06-22,3.8,3.8,10000,2026-04-08T03:28:57.922359+00:00,0.0,0.0,0.0,0.0,3.8,3.6149999999999998,3.3970000000000002,1.9985638005690851,1.8897123252640229,93.49430584109338,0.12039677488757317,0.014401890688040306,0.10599488419953286,243345.7
124453,UPDCREIT,2020-06-23,3.8,3.8,0,2026-04-08T03:29:00.283028+00:00,0.0,0.0,0.0,0.0,3.8,3.6349999999999993,3.41,1.993316504347392,1.8897123252640229,93.49430584109336,0.11821796506071225,0.0097784646889435,0.10843950037176875,243345.7
124556,UPDCREIT,2020-06-24,3.8,3.8,522,2026-04-08T03:29:02.79982+00:00,0.0,0.0,0.0,0.0,3.8,3.6499999999999995,3.423,1.9166296949998196,1.8897123252640229,93.49430584109338,0.11516370704752177,0.0053793653406024045,0.10978434170691936,28259.55
124659,UPDCREIT,2020-06-25,3.8,3.8,0,2026-04-08T03:29:05.076463+00:00,0.0,0.0,0.0,8.571428571428562,3.8,3.665,3.4359999999999995,1.9166296949998196,1.8897123252640229,93.49430584109338,0.11145836293978029,0.0013392169862887354,0.11011914595349155,28259.55
124762,UPDCREIT,2020-06-26,3.8,3.8,0,2026-04-08T03:29:07.48598+00:00,0.0,0.0,0.0,0.0,3.8,3.6799999999999997,3.449,1.9166296949998196,1.8897123252640229,93.49430584109336,0.10728513478767754,-0.002267208932651227,0.10955234372032877,28230.75
124865,UPDCREIT,2020-06-29,3.8,3.8,1100000,2026-04-08T03:29:11.968016+00:00,0.0,0.0,0.0,0.0,3.8,3.6949999999999994,3.4619999999999997,1.9166296949998196,1.8897123252640229,93.49430584109336,0.10279288897292238,-0.005407563797925119,0.1082004527708475,80218.25
124968,UPDCREIT,2020-06-30,3.8,3.8,0,2026-04-08T03:29:14.28255+00:00,0.0,0.0,0.0,0.0,3.8,3.7099999999999995,3.475,1.9166296949998196,1.8897123252640229,93.49430584109336,0.0981018942294769,-0.008078846833096481,0.10618074106257339,80118.25
125071,UPDCREIT,2020-07-01,3.8,3.8,22787749,2026-04-08T03:29:16.703757+00:00,0.0,0.0,0.0,0.0,3.8,3.724999999999999,3.488,1.9166296949998196,1.8897123252640229,93.49430584109338,0.09330864314296594,-0.01029767833568597,0.10360632147865191,1219427.85
125174,UPDCREIT,2020-07-02,3.8,3.8,6912259,2026-04-08T03:29:19.127663+00:00,0.0,0.0,0.0,0.0,3.8,3.7399999999999998,3.5009999999999994,1.9166296949998196,1.8897123252640229,93.49430584109338,0.0884899006319615,-0.012093136677352345,0.10058303730931384,1564979.55
125277,UPDCREIT,2020-07-03,3.8,3.8,40310,2026-04-08T03:29:21.544735+00:00,0.0,0.0,0.0,0.0,3.8,3.755,3.514,1.9166296949998196,1.8897123252640229,93.49430584109338,0.08370610065175077,-0.013501549326050466,0.09720764997780124,1559645.8
125380,UPDCREIT,2020-07-07,3.8,3.8,2850,2026-04-08T03:29:27.331532+00:00,0.0,0.0,0.0,0.0,3.8,3.7699999999999996,3.5279999999999996,1.9166296949998196,1.8689934711853944,93.49430584109338,0.07900419353732113,-0.014562765152384083,0.09356695868970522,1559788.3
125483,UPDCREIT,2020-07-08,3.8,3.8,2000,2026-04-08T03:29:29.768744+00:00,0.0,0.0,0.0,0.0,3.8,3.7849999999999993,3.542,1.9166296949998196,1.8689934711853944,93.49430584109338,0.07442003048712875,-0.015317542562061179,0.08973757304918993,1559888.3
125586,UPDCREIT,2020-07-09,3.8,3.8,250,2026-04-08T03:29:32.143692+00:00,0.0,0.0,0.0,0.0,3.8,3.8,3.556,1.9166296949998196,1.8689934711853944,93.49430584109336,0.06998035823427573,-0.01580577185193137,0.0857861300862071,1559250.8
125689,UPDCREIT,2020-07-10,3.8,3.8,12584,2026-04-08T03:29:34.521297+00:00,0.0,0.0,0.0,0.0,3.8,3.8,3.57,0.0,1.8689934711853944,93.49430584109338,0.0657044855776614,-0.016065315606836564,0.08176980118449796,1549815.0
125792,UPDCREIT,2020-07-13,3.8,3.8,2866,2026-04-08T03:29:39.007126+00:00,0.0,0.0,0.0,0.0,3.8,3.8,3.5839999999999996,0.0,1.8689934711853944,93.49430584109338,0.06160567383156579,-0.016131301882345753,0.07773697571391154,1549888.3
125895,UPDCREIT,2020-07-14,3.8,3.8,0,2026-04-08T03:29:41.304989+00:00,0.0,0.0,0.0,0.0,3.8,3.8,3.5979999999999994,0.0,1.8689934711853944,93.49430584109336,0.05769229512643026,-0.016035744469985028,0.07372803959641529,1549360.85
125998,UPDCREIT,2020-07-15,3.8,3.8,0,2026-04-08T03:29:43.708156+00:00,0.0,0.0,0.0,0.0,3.8,3.8,3.612,0.0,1.8689934711853944,93.49430584109338,0.05396879562666346,-0.015807395175801472,0.06977619080246493,1548369.5
126101,UPDCREIT,2020-07-16,3.8,3.8,0,2026-04-08T03:29:45.979708+00:00,0.0,0.0,0.0,0.0,3.8,3.8,3.62,0.0,1.3081322204360328,93.49430584109338,0.05043649492882185,-0.015471756698914471,0.06590825162773632,1543569.5
126204,UPDCREIT,2020-07-17,3.8,3.8,0,2026-04-08T03:29:48.357101+00:00,0.0,0.0,0.0,0.0,3.8,3.8,3.6279999999999997,0.0,1.3081322204360328,93.49430584109338,0.047094248001124495,-0.015051202901289466,0.06214545090241396,1543569.5
126307,UPDCREIT,2020-07-20,3.8,3.8,0,2026-04-08T03:29:52.723074+00:00,0.0,0.0,0.0,0.0,3.8,3.8,3.636,0.0,1.3081322204360328,93.49430584109338,0.043938991883969436,-0.01456516721475562,0.058504159098725056,1543569.5
126410,UPDCREIT,2020-07-21,3.8,3.8,0,2026-04-08T03:29:55.035926+00:00,0.0,0.0,0.0,0.0,3.8,3.8,3.6439999999999997,0.0,1.3081322204360328,93.49430584109338,0.04096619587327632,-0.01403037058035899,0.054996566453635314,1543069.5
126513,UPDCREIT,2020-07-23,3.8,3.8,0,2026-04-08T03:29:58.238067+00:00,0.0,0.0,0.0,0.0,3.8,3.8,3.6519999999999997,0.0,1.3081322204360328,93.49430584109338,0.03817023095466121,-0.013461068399179286,0.0516312993538405,1543069.5
126616,UPDCREIT,2020-07-24,3.8,3.8,0,2026-04-08T03:30:00.541513+00:00,0.0,0.0,0.0,0.0,3.8,3.8,3.66,0.0,1.3081322204360328,93.49430584109336,0.03554467176253162,-0.01286930207304711,0.04841397383557873,1543043.4
126719,UPDCREIT,2020-07-27,3.8,3.8,10750,2026-04-08T03:30:04.748878+00:00,0.0,0.0,0.0,0.0,3.8,3.8,3.6679999999999997,0.0,1.3081322204360328,93.49430584109336,0.033082542232941936,-0.012265145282109438,0.045347687515051374,1543580.9
126822,UPDCREIT,2020-07-28,3.8,3.8,0,2026-04-08T03:30:07.286947+00:00,0.0,0.0,0.0,0.0,3.8,3.8,3.676,0.0,1.3081322204360328,93.49430584109336,0.03077651434243256,-0.011656938538095053,0.04243345288052761,1543580.9
126925,UPDCREIT,2020-07-29,3.8,3.8,41068,2026-04-08T03:30:09.725653+00:00,0.0,0.0,0.0,0.0,3.8,3.8,3.6839999999999997,0.0,1.3081322204360328,93.49430584109338,0.02861906782602297,-0.011051508043603712,0.03967057586962668,1490634.3
127028,UPDCREIT,2020-08-03,3.8,3.8,0,2026-04-08T03:30:16.711714+00:00,0.0,0.0,0.0,0.0,3.8,3.8,3.6919999999999997,0.0,1.3081322204360328,93.49430584109338,0.026602617503182824,-0.010454366693155089,0.03705698419633791,1490634.3
127131,UPDCREIT,2020-08-04,3.8,3.8,2528,2026-04-08T03:30:19.026905+00:00,0.0,0.0,0.0,0.0,3.8,3.8,3.7,0.0,1.3081322204360328,93.49430584109338,0.024719613774425664,-0.009869896337529799,0.03458951011195546,351373.25
127234,UPDCREIT,2020-08-05,3.8,3.8,0,2026-04-08T03:30:21.509999+00:00,0.0,0.0,0.0,0.0,3.8,3.8,3.7079999999999997,0.0,1.3081322204360328,93.49430584109338,0.02296262095247137,-0.009301511327587275,0.032264132280058644,5760.3
127337,UPDCREIT,2020-08-06,3.8,3.8,0,2026-04-08T03:30:23.823287+00:00,0.0,0.0,0.0,0.0,3.8,3.8,3.717,0.0,1.2854356830251523,93.49430584109338,0.021324377334673184,-0.008751803956308372,0.030076181290981555,3744.8
127440,UPDCREIT,2020-08-07,3.8,3.8,2200,2026-04-08T03:30:26.221973+00:00,0.0,0.0,0.0,0.0,3.8,3.8,3.7259999999999995,0.0,1.2854356830251523,93.49430584109336,0.019797840285575852,-0.008222672804324566,0.028020513089900417,3712.3
127543,UPDCREIT,2020-08-10,3.8,3.8,5884,2026-04-08T03:30:31.080726+00:00,0.0,0.0,0.0,0.0,3.8,3.8,3.734,0.0,1.2735063703371365,93.49430584109338,0.01837621906151865,-0.007715435222705413,0.026091654284224063,3906.5
127646,UPDCREIT,2020-08-11,3.8,3.8,0,2026-04-08T03:30:33.557314+00:00,0.0,0.0,0.0,0.0,3.8,3.8,3.74,0.0,1.2121830534626492,93.49430584109336,0.01705299765735413,-0.007230925301495949,0.02428392295885008,3894.0
127749,UPDCREIT,2020-08-12,3.8,3.8,0,2026-04-08T03:30:35.989363+00:00,0.0,0.0,0.0,0.0,3.8,3.8,3.7459999999999996,0.0,1.2121830534626492,93.49430584109336,0.015821949575374195,-0.006769578706780709,0.022591528282154903,3264.8
127852,UPDCREIT,2020-08-13,3.8,3.8,0,2026-04-08T03:30:38.402702+00:00,0.0,0.0,0.0,0.0,3.8,3.8,3.752,0.0,1.2121830534626492,93.49430584109338,0.014677146097180849,-0.006331505747979246,0.021008651845160094,3121.5
127955,UPDCREIT,2020-08-14,3.8,3.8,0,2026-04-08T03:30:40.738296+00:00,0.0,0.0,0.0,0.0,3.8,3.8,3.7579999999999996,0.0,1.2121830534626492,93.49430584109338,0.013612959370993494,-0.005916553979333283,0.019529513350326776,3121.5
128058,UPDCREIT,2020-08-17,3.8,3.8,100,2026-04-08T03:30:45.179846+00:00,0.0,0.0,0.0,0.0,3.8,3.8,3.764,0.0,1.2121830534626492,93.49430584109338,0.012624061401803832,-0.005524361558818355,0.018148422960622187,3126.5
128161,UPDCREIT,2020-08-18,3.8,3.8,0,2026-04-08T03:30:47.750292+00:00,0.0,0.0,0.0,0.0,3.8,3.8,3.7699999999999996,0.0,1.2121830534626492,93.49430584109338,0.011705419843016429,-0.0051544024940846055,0.016859822337101035,3126.5
128264,UPDCREIT,2020-08-19,3.8,3.8,0,2026-04-08T03:30:50.260611+00:00,0.0,0.0,0.0,0.0,3.8,3.8,3.776,0.0,1.2121830534626492,93.49430584109338,0.010852291330086139,-0.0048060248056119165,0.015658316135698055,3126.5
128367,UPDCREIT,2020-08-20,3.8,3.8,0,2026-04-08T03:30:52.728097+00:00,0.0,0.0,0.0,0.0,3.8,3.8,3.782,0.0,1.2121830534626492,93.49430584109336,0.010060212964341897,-0.0044784825370849275,0.014538695501426824,3126.5
128470,UPDCREIT,2020-08-21,3.8,3.8,0,2026-04-08T03:30:55.129893+00:00,0.0,0.0,0.0,0.0,3.8,3.8,3.7879999999999994,0.0,1.2121830534626492,93.49430584109338,0.009324992444577962,-0.004170962445479091,0.013495954890057053,3126.5
128573,UPDCREIT,2020-08-24,3.8,3.8,0,2026-04-08T03:30:59.50528+00:00,0.0,0.0,0.0,0.0,3.8,3.8,3.7939999999999996,0.0,1.2121830534626492,93.49430584109336,0.008642697251662224,-0.003882606110715864,0.012525303362378087,3126.5
128676,UPDCREIT,2020-08-25,3.8,3.8,0,2026-04-08T03:31:01.97181+00:00,0.0,0.0,0.0,0.0,3.8,3.8,3.8,0.0,1.2121830534626492,93.49430584109338,0.008009643214458961,-0.003612528118335302,0.011622171332794263,3126.5
128779,UPDCREIT,2020-08-26,3.8,3.8,0,2026-04-08T03:31:04.340397+00:00,0.0,0.0,0.0,0.0,3.8,3.8,3.8,0.0,0.0,93.49430584109338,0.007422382721328891,-0.0033598308891722994,0.01078221361050119,2589.0
128882,UPDCREIT,2020-08-27,3.8,3.8,0,2026-04-08T03:31:06.825032+00:00,0.0,0.0,0.0,0.0,3.8,3.8,3.8,0.0,0.0,93.49430584109336,0.006877692788290979,-0.0031236166577681707,0.01000130944605915,2589.0
128985,UPDCREIT,2020-08-28,3.8,3.8,0,2026-04-08T03:31:10.050623+00:00,0.0,0.0,0.0,0.0,3.8,3.8,3.8,0.0,0.0,93.49430584109338,0.006372563150859545,-0.0029029970361596855,0.00927556018701923,535.6
129088,UPDCREIT,2020-08-31,3.8,3.8,33645,2026-04-08T03:31:14.574397+00:00,0.0,0.0,0.0,0.0,3.8,3.8,3.8,0.0,0.0,93.49430584109338,0.005904184510126864,-0.0026971005415138936,0.008601285051640758,2217.85
129191,UPDCREIT,2020-09-01,3.8,3.8,18921,2026-04-08T03:31:16.859057+00:00,0.0,0.0,0.0,0.0,3.8,3.8,3.8,0.0,0.0,93.49430584109336,0.005469937033653949,-0.0025050784143894472,0.007975015448043396,3037.5
129294,UPDCREIT,2020-09-02,3.8,3.8,10400,2026-04-08T03:31:19.223829+00:00,0.0,0.0,0.0,0.0,3.8,3.8,3.8,0.0,0.0,93.49430584109338,0.005067379187031484,-0.0023261090088095293,0.007393488195841014,3557.5
129397,UPDCREIT,2020-09-03,3.8,3.8,0,2026-04-08T03:31:21.580357+00:00,0.0,0.0,0.0,0.0,3.8,3.8,3.8,0.0,0.0,93.49430584109338,0.004694236951790831,-0.002159400995240147,0.006853637947030978,3557.5
129500,UPDCREIT,2020-09-04,3.8,3.8,50180,2026-04-08T03:31:24.095323+00:00,0.0,0.0,0.0,0.0,3.8,3.8,3.8,0.0,0.0,93.49430584109338,0.004348393468889711,-0.002004195582513014,0.006352589051402725,5956.5
129603,UPDCREIT,2020-09-07,3.8,3.8,7,2026-04-08T03:31:29.028072+00:00,0.0,0.0,0.0,0.0,3.8,3.8,3.8,0.0,0.0,93.49430584109336,0.0040278791336381126,-0.0018597679342116898,0.005887647067849802,5662.65
129706,UPDCREIT,2020-09-08,3.8,3.8,23,2026-04-08T03:31:31.696694+00:00,0.0,0.0,0.0,0.0,3.8,3.8,3.8,0.0,0.0,93.49430584109336,0.0037308621572025302,-0.001725427928517818,0.005456290085720348,5663.8
129809,UPDCREIT,2020-09-09,3.8,3.8,23640,2026-04-08T03:31:34.222499+00:00,0.0,0.0,0.0,0.0,3.8,3.8,3.8,0.0,0.0,93.49430584109338,0.003455639601223748,-0.001600520387597281,0.005056159988821029,6845.8
129912,UPDCREIT,2020-09-10,3.8,3.8,108624,2026-04-08T03:31:36.666154+00:00,0.0,0.0,0.0,0.0,3.8,3.8,3.8,0.0,0.0,93.49430584109338,0.00320062888527195,-0.0014844248828392633,0.004685053768111213,12277.0
130015,UPDCREIT,2020-09-11,3.8,3.8,16039,2026-04-08T03:31:39.224755+00:00,0.0,0.0,0.0,0.0,3.8,3.8,3.8,0.0,0.0,93.49430584109338,0.002964359761545854,-0.0013765552052522872,0.004340914966798141,13078.95
130118,UPDCREIT,2020-09-14,3.8,3.8,125,2026-04-08T03:31:43.669625+00:00,0.0,0.0,0.0,0.0,3.8,3.8,3.8,0.0,0.0,93.49430584109338,0.002745466747099634,-0.001276358575758806,0.00402182532285844,13080.2
130221,UPDCREIT,2020-09-15,3.8,3.8,0,2026-04-08T03:31:46.096824+00:00,0.0,0.0,0.0,0.0,3.8,3.8,3.8,0.0,0.0,93.49430584109338,0.0025426820007710127,-0.0011833146576699424,0.003725996658440955,13080.2
130324,UPDCREIT,2020-09-16,3.8,3.8,320,2026-04-08T03:31:48.62473+00:00,0.0,0.0,0.0,0.0,3.8,3.8,3.8,0.0,0.0,93.49430584109336,0.002354828629707484,-0.001096934422986777,0.003451763052694261,13096.2
130427,UPDCREIT,2020-09-17,3.8,3.8,0,2026-04-08T03:31:51.120615+00:00,0.0,0.0,0.0,0.0,3.8,3.8,3.8,0.0,0.0,93.49430584109338,0.0021808144087351877,-0.0010167589151672588,0.0031975733239024465,13096.2
130530,UPDCREIT,2020-09-18,3.8,3.8,78000,2026-04-08T03:31:53.500222+00:00,0.0,0.0,0.0,0.0,3.8,3.8,3.8,0.0,0.0,93.49430584109338,0.002019625894768229,-0.0009423579433073745,0.0029619838380756033,16996.2
130633,UPDCREIT,2020-09-21,3.8,3.8,146254,2026-04-08T03:31:57.915353+00:00,0.0,0.0,0.0,0.0,3.8,3.8,3.8,0.0,0.0,93.49430584109338,0.001870322917787881,-0.000873328736230178,0.002743651654018059,24308.9
130736,UPDCREIT,2020-09-22,3.8,3.8,4400,2026-04-08T03:32:00.361616+00:00,0.0,0.0,0.0,0.0,3.8,3.8,3.8,0.0,0.0,93.49430584109338,0.0017320334296377915,-0.000809294579504214,0.0025413280091420055,24528.9
130839,UPDCREIT,2020-09-23,3.8,3.8,150020,2026-04-08T03:32:02.667296+00:00,0.0,0.0,0.0,0.0,3.8,3.8,3.8,0.0,0.0,93.49430584109336,0.001603948691860868,-0.0007499034538249105,0.0023538521456857786,32029.9
130942,UPDCREIT,2020-09-24,3.8,3.8,191652,2026-04-08T03:32:05.077899+00:00,0.0,0.0,0.0,0.0,3.8,3.8,3.8,0.0,0.0,93.49430584109338,0.0014853187840091486,-0.000694826689341304,0.0021801454733504527,41612.5
131045,UPDCREIT,2020-09-25,3.8,3.8,25,2026-04-08T03:32:07.472813+00:00,0.0,0.0,0.0,0.0,3.8,3.8,3.8,0.0,0.0,93.49430584109338,0.0013754484142216583,-0.0006437576473030354,0.0020192060615246937,41613.75
131148,UPDCREIT,2020-09-28,3.8,3.8,1000,2026-04-08T03:32:12.542607+00:00,0.0,0.0,0.0,0.0,3.8,3.8,3.8,0.0,0.0,93.49430584109336,0.0012736930143684155,-0.0005964104377250226,0.0018701034520934381,39981.5
131251,UPDCREIT,2020-09-29,3.8,3.8,0,2026-04-08T03:32:14.948969+00:00,0.0,0.0,0.0,0.0,3.8,3.8,3.8,0.0,0.0,93.49430584109338,0.0011794551026382827,-0.0005525186795641245,0.0017319737822024072,39035.45
131354,UPDCREIT,2020-09-30,3.8,3.8,20235,2026-04-08T03:32:17.368144+00:00,0.0,0.0,0.0,0.0,3.8,3.8,3.8,0.0,0.0,93.49430584109336,0.0010921808971224856,-0.0005118343080639375,0.001604015205186423,39527.2
131457,UPDCREIT,2020-10-02,3.8,3.8,5278,2026-04-08T03:32:21.009688+00:00,0.0,0.0,0.0,0.0,3.8,3.8,3.8,0.0,0.0,93.49430584109336,0.0010113571646281905,-0.000474126432446586,0.0014854835970747765,39791.1
131560,UPDCREIT,2020-10-05,3.8,3.8,9487,2026-04-08T03:32:25.669514+00:00,0.0,0.0,0.0,0.0,3.8,3.8,3.8,0.0,0.0,93.49430584109338,0.0009365082897154764,-0.00043918024588744014,0.0013756885356029165,37756.45
131663,UPDCREIT,2020-10-06,3.8,3.8,49240,2026-04-08T03:32:28.151061+00:00,0.0,0.0,0.0,0.0,3.8,3.8,3.8,0.0,0.0,93.49430584109336,0.0008671935496589178,-0.0004067959887551992,0.001273989538414117,40218.1
131766,UPDCREIT,2020-10-07,3.8,3.8,23,2026-04-08T03:32:30.62441+00:00,0.0,0.0,0.0,0.0,3.8,3.8,3.8,0.0,0.0,93.4943058410934,0.0008030045818121501,-0.0003767879652815736,0.0011797925470937237,40218.1
131869,UPDCREIT,2020-10-08,3.8,3.8,9900,2026-04-08T03:32:32.995223+00:00,0.0,0.0,0.0,0.0,3.8,3.8,3.8,0.0,0.0,93.49430584109338,0.0007435630305727692,-0.0003489836132167636,0.0010925466437895328,39531.1
131972,UPDCREIT,2020-10-09,3.8,3.8,47966,2026-04-08T03:32:35.453646+00:00,0.0,0.0,0.0,0.0,3.8,3.8,3.8,0.0,0.0,93.49430584109338,0.0006885183618745572,-0.00032322262553198056,0.0010117409874065377,36498.2
132075,UPDCREIT,2020-10-12,3.8,3.8,5000,2026-04-08T03:32:39.836845+00:00,0.0,0.0,0.0,0.0,3.8,3.8,3.8,0.0,0.0,93.49430584109338,0.0006375458338419016,-0.0002993561228517089,0.0009369019566936105,35946.25
132178,UPDCREIT,2020-10-13,3.8,3.8,40101,2026-04-08T03:32:42.883097+00:00,0.0,0.0,0.0,0.0,3.8,3.8,3.8,0.0,0.0,93.49430584109336,0.000590344612917626,-0.00027724587502078767,0.0008675904879384136,37945.05
132281,UPDCREIT,2020-10-14,3.8,3.8,22370,2026-04-08T03:32:45.313484+00:00,0.0,0.0,0.0,0.0,3.8,3.8,3.8,0.0,0.0,93.49430584109338,0.0005466360254366975,-0.00025676357000137284,0.0008033995954380704,39063.55
132384,UPDCREIT,2020-10-15,3.8,3.8,35913,2026-04-08T03:32:47.672181+00:00,0.0,0.0,0.0,0.0,3.8,3.8,3.8,0.0,0.0,93.49430584109336,0.0005061619352400015,-0.0002377901281584552,0.0007439520633984567,40843.2
132487,UPDCREIT,2020-10-16,3.8,3.8,0,2026-04-08T03:32:50.112843+00:00,0.0,0.0,0.0,0.0,3.8,3.8,3.8,0.0,0.0,93.49430584109336,0.0004686832385303319,-0.0002202150598944999,0.0006888982984248318,40843.2
132590,UPDCREIT,2020-10-19,3.8,3.8,10,2026-04-08T03:32:54.594352+00:00,0.0,0.0,0.0,0.0,3.8,3.8,3.8,0.0,0.0,93.49430584109336,0.0004339784677345193,-0.00020393586455225003,0.0006379143322867693,36943.7
132693,UPDCREIT,2020-10-20,3.8,3.8,49475,2026-04-08T03:32:57.288568+00:00,0.0,0.0,0.0,0.0,3.8,3.8,3.8,0.0,0.0,93.49430584109338,0.0004018424966809597,-0.00018885746848464773,0.0005906999651656075,32104.75
132796,UPDCREIT,2020-10-21,3.8,3.8,56740,2026-04-08T03:32:59.679627+00:00,0.0,0.0,0.0,0.0,3.8,3.8,3.8,0.0,0.0,93.49430584109336,0.0003720853399102886,-0.0001748917002042552,0.0005469770401145438,34721.75
132899,UPDCREIT,2020-10-22,3.8,3.8,0,2026-04-08T03:33:02.194874+00:00,0.0,0.0,0.0,0.0,3.8,3.8,3.8,0.0,0.0,93.49430584109338,0.00034453103942189145,-0.0001619568005541219,0.0005064878399760134,27220.75
133002,UPDCREIT,2020-10-23,3.8,3.8,800,2026-04-08T03:33:04.540232+00:00,0.0,0.0,0.0,0.0,3.8,3.8,3.8,0.0,0.0,93.49430584109338,0.0003190166326070276,-0.0001499769658951886,0.0004689935985022162,17678.15
133105,UPDCREIT,2020-10-26,3.8,3.8,0,2026-04-08T03:33:08.964122+00:00,0.0,0.0,0.0,0.0,3.8,3.8,3.8,0.0,0.0,93.49430584109336,0.00029539119555721527,-0.0001388819223560008,0.0004342731179132161,17676.9
133208,UPDCREIT,2020-10-27,3.8,3.8,14,2026-04-08T03:33:12.04516+00:00,0.0,0.0,0.0,0.0,3.8,3.8,3.8,0.0,0.0,93.49430584109338,0.00027351495632421674,-0.00012860652927119953,0.0004021214855954163,17627.6
133311,UPDCREIT,2020-10-28,3.8,3.8,169681,2026-04-08T03:33:14.504918+00:00,0.0,0.0,0.0,0.0,3.8,3.8,3.8,0.0,0.0,93.49430584109338,0.0002532584730916554,-0.00011909041000300873,0.0003723488830946641,26111.65
133414,UPDCREIT,2020-10-30,3.8,3.8,0,2026-04-08T03:33:18.13889+00:00,0.0,0.0,0.0,0.0,3.8,3.8,3.8,0.0,0.0,93.49430584109338,0.00023450187257534338,-0.00011027760841545662,0.0003447794809908,25099.9
133517,UPDCREIT,2020-11-02,3.8,3.8,0,2026-04-08T03:33:22.589733+00:00,0.0,0.0,0.0,0.0,3.8,3.8,3.8,0.0,0.0,93.49430584109338,0.00021713414427804167,-0.00010211626937020666,0.00031925041364824834,24836.0
133620,UPDCREIT,2020-11-03,3.8,3.8,0,2026-04-08T03:33:24.936567+00:00,0.0,0.0,0.0,0.0,3.8,3.8,3.8,0.0,0.0,93.49430584109338,0.00020105248656054897,-9.455834167015952e-05,0.0002956108282307085,24361.65
133723,UPDCREIT,2020-11-04,3.8,3.8,20700,2026-04-08T03:33:27.402012+00:00,0.0,0.0,0.0,0.0,3.8,3.8,3.8,0.0,0.0,93.49430584109338,0.0001861617007525851,-8.755930198249876e-05,0.00027372100273508385,22934.65
133826,UPDCREIT,2020-11-05,3.8,3.8,19155,2026-04-08T03:33:29.791139+00:00,0.0,0.0,0.0,0.0,3.8,3.8,3.8,0.0,0.0,93.49430584109336,0.0001723736298120393,-8.107789833843569e-05,0.000253451528150475,23891.25
133929,UPDCREIT,2020-11-06,3.8,3.8,0,2026-04-08T03:33:32.190465+00:00,0.0,0.0,0.0,0.0,3.8,3.8,3.8,0.0,0.0,93.49430584109338,0.00015960663827918609,-7.507591189703113e-05,0.00023468255017621722,23396.25
134032,UPDCREIT,2020-11-09,3.8,3.8,32999,2026-04-08T03:33:36.944942+00:00,0.0,0.0,0.0,0.0,3.8,3.8,3.8,0.0,0.0,93.49430584109336,0.00014778513051671993,-6.951793572759784e-05,0.00021730306624431777,22647.9
134136,UPDCREIT,2020-11-10,3.8,3.8,275,2026-04-08T03:33:39.328014+00:00,0.0,0.0,0.0,0.0,3.8,3.8,3.8,0.0,0.0,93.49430584109338,0.00013683910442940928,-6.43711694519268e-05,0.00020121027388133607,22411.65
134240,UPDCREIT,2020-11-11,3.8,3.8,10000,2026-04-08T03:33:41.646704+00:00,0.0,0.0,0.0,0.0,3.8,3.8,3.8,0.0,0.0,93.49430584109338,0.00012670373807077695,-5.9605228648447326e-05,0.00018630896671922428,20906.6
134344,UPDCREIT,2020-11-12,3.8,3.8,80000,2026-04-08T03:33:44.075825+00:00,0.0,0.0,0.0,0.0,3.8,3.8,3.8,0.0,0.0,93.49430584109338,0.00011731900672895534,-5.5191967992215146e-05,0.0001725109747211705,23788.1
134448,UPDCREIT,2020-11-13,3.8,3.8,0,2026-04-08T03:33:46.660663+00:00,0.0,0.0,0.0,0.0,3.8,3.8,3.8,0.0,0.0,93.49430584109336,0.00010862932825128624,-5.110531717590741e-05,0.00015973464542719365,21992.45
134552,UPDCREIT,2020-11-16,3.8,3.8,0,2026-04-08T03:33:51.206328+00:00,0.0,0.0,0.0,0.0,3.8,3.8,3.8,0.0,0.0,93.49430584109338,0.0001005832345346569,-4.7321128714029415e-05,0.0001479043632486863,21992.45
134656,UPDCREIT,2020-11-17,3.8,3.8,4000,2026-04-08T03:33:53.594986+00:00,0.0,0.0,0.0,0.0,3.8,3.8,3.8,0.0,0.0,93.49430584109336,9.313306726888015e-05,-4.3817036783844936e-05,0.0001369501040527251,22191.95
134760,UPDCREIT,2020-11-18,3.8,3.8,100090,2026-04-08T03:33:56.053488+00:00,0.0,0.0,0.0,0.0,3.8,3.8,3.8,0.0,0.0,93.49430584109336,8.623469613766588e-05,-4.057232633204738e-05,0.00012680702246971326,24722.7
134864,UPDCREIT,2020-11-19,3.8,3.8,0,2026-04-08T03:33:58.535588+00:00,0.0,0.0,0.0,0.0,3.8,3.8,3.8,0.0,0.0,93.49430584109338,7.984725783094504e-05,-3.756781171101458e-05,0.00011741506954195962,21885.7
134968,UPDCREIT,2020-11-20,4.15,4.15,100000,2026-04-08T03:34:01.033528+00:00,9.21052631578949,0.0,0.0,0.0,3.87,3.8175,3.807,2.0595362950655995,1.3025651232383795,99.99764400935314,0.027994160834566628,0.022301396612019735,0.005692764222546894,26885.7
135072,UPDCREIT,2020-11-23,4.15,4.15,118190,2026-04-08T03:34:05.446005+00:00,0.0,9.21052631578949,0.0,0.0,3.94,3.8349999999999995,3.8139999999999996,2.0595362950655995,1.3025651232383795,99.99764400935314,0.04954532775839615,0.035082050828679406,0.014463276929716747,32755.2
135176,UPDCREIT,2020-11-24,4.55,4.55,249348,2026-04-08T03:34:07.827748+00:00,9.638554216867457,0.0,0.0,0.0,4.09,3.8725,3.8289999999999997,2.9016431874571635,1.8660761280422706,99.99898665490616,0.0977743579379391,0.06664886480657788,0.031125493131361218,45222.6
135280,UPDCREIT,2020-11-25,5.0,5.0,145000,2026-04-08T03:34:10.273596+00:00,9.8901098901099,9.638554216867457,0.0,0.0,4.33,3.9325,3.8529999999999998,3.51128063859141,2.2992056069153257,99.99940054306998,0.17034383334427128,0.11137467217032804,0.058969161173943234,52471.9
135384,UPDCREIT,2020-11-26,5.5,5.5,285109,2026-04-08T03:34:12.878043+00:00,10.000000000000009,9.8901098901099,0.0,0.0,4.67,4.0175,3.887,3.9769967001906856,2.655511398349978,99.99959733634184,0.2651450595646825,0.1649407187125914,0.1002043408520911,58243.3
135488,UPDCREIT,2020-11-27,5.5,5.5,232,2026-04-08T03:34:15.660625+00:00,0.0,10.000000000000009,9.21052631578949,0.0,4.9399999999999995,4.1025,3.921,3.9769967001906856,2.655511398349978,99.99959733634182,0.33639792843178906,0.18895487006375836,0.1474430583680307,58254.9
135592,UPDCREIT,2020-11-30,5.5,5.5,20132,2026-04-08T03:34:20.595268+00:00,0.0,0.0,0.0,0.0,5.209999999999999,4.1875,3.9549999999999996,3.9769967001906856,2.655511398349978,99.99959733634182,0.3883892310663395,0.19275693815864703,0.19563229290769246,59261.5
135696,UPDCREIT,2020-12-01,5.5,5.5,29964,2026-04-08T03:34:22.915781+00:00,0.0,0.0,9.638554216867457,0.0,5.4,4.2725,3.989,3.9769967001906856,2.655511398349978,99.99959733634184,0.42469706952855013,0.18325182129668613,0.241445248231864,60759.7
135894,UPDCREIT,2020-12-02,5.5,5.5,115,2026-04-08T03:34:25.200893+00:00,0.0,0.0,9.8901098901099,0.0,5.5,4.3575,4.023,3.9769967001906856,2.655511398349978,99.99959733634184,0.44830352906984317,0.16548662467038333,0.28281690439945983,59730.45
135996,UPDCREIT,2020-12-03,5.5,5.5,90,2026-04-08T03:34:27.500503+00:00,0.0,0.0,10.000000000000009,0.0,5.5,4.442500000000001,4.0569999999999995,3.9769967001906856,2.655511398349978,99.99959733634184,0.4616897463278953,0.14309827354274834,0.31859147278514693,58777.2
136098,UPDCREIT,2020-12-04,5.5,5.5,0,2026-04-08T03:34:29.754666+00:00,0.0,0.0,0.0,9.21052631578949,5.5,4.527500000000001,4.090999999999999,3.9769967001906856,2.655511398349978,99.99959733634184,0.4669161017713499,0.11865970318896235,0.34825639858238755,58777.2
136202,UPDCREIT,2020-12-07,5.5,5.5,18000,2026-04-08T03:34:34.092506+00:00,0.0,0.0,0.0,0.0,5.5,4.6125,4.124999999999999,3.9769967001906856,2.655511398349978,99.99959733634182,0.4656898434803649,0.09394675591838186,0.37174308756198304,58027.25
136306,UPDCREIT,2020-12-08,5.5,5.5,10000,2026-04-08T03:34:36.413898+00:00,0.0,0.0,0.0,9.638554216867457,5.5,4.6975,4.159,3.9769967001906856,2.655511398349978,99.99959733634184,0.45942209304178316,0.07014320438384003,0.38927888865794313,58513.5
136410,UPDCREIT,2020-12-09,5.5,5.5,13634,2026-04-08T03:34:38.741358+00:00,0.0,0.0,0.0,9.8901098901099,5.5,4.782500000000001,4.193,3.9769967001906856,2.655511398349978,99.99959733634184,0.4492758829484016,0.0479975954323667,0.4012782875160349,58695.2
136514,UPDCREIT,2020-12-10,5.5,5.5,80500,2026-04-08T03:34:41.210459+00:00,0.0,0.0,0.0,10.000000000000009,5.5,4.867500000000001,4.227,3.9769967001906856,2.655511398349978,99.99959733634185,0.4362066199641452,0.027942665958488266,0.40826395400565696,58720.2
136618,UPDCREIT,2020-12-11,5.5,5.5,0,2026-04-08T03:34:43.516271+00:00,0.0,0.0,0.0,0.0,5.5,4.952500000000001,4.260999999999999,3.9769967001906856,2.655511398349978,99.99959733634185,0.4209961532959783,0.010185759432257024,0.41081039386372126,58720.2
136723,UPDCREIT,2020-12-14,5.5,5.5,0,2026-04-08T03:34:47.752987+00:00,0.0,0.0,0.0,0.0,5.5,5.0375,4.295,3.9769967001906856,2.655511398349978,99.99959733634184,0.4042814440454663,-0.005223159854603976,0.40950460390007026,58720.2
136828,UPDCREIT,2020-12-15,5.5,5.5,1063,2026-04-08T03:34:50.014046+00:00,0.0,0.0,0.0,0.0,5.5,5.1225000000000005,4.329,3.9769967001906856,2.655511398349978,99.99959733634182,0.3865786781763134,-0.018340740579005477,0.4049194187553189,58573.35
136933,UPDCREIT,2020-12-16,5.5,5.5,196,2026-04-08T03:34:52.260784+00:00,0.0,0.0,0.0,0.0,5.5,5.2075000000000005,4.3629999999999995,3.9769967001906856,2.655511398349978,99.99959733634184,0.36830353479533695,-0.0292927071679856,0.39759624196332255,53578.65
137038,UPDCREIT,2020-12-17,5.5,5.5,0,2026-04-08T03:34:54.700208+00:00,0.0,0.0,0.0,0.0,5.5,5.2925,4.397,3.9769967001906856,2.655511398349978,99.99959733634184,0.34978821123707604,-0.03824642458099725,0.3880346358180733,53578.65
137143,UPDCREIT,2020-12-18,5.5,5.5,50,2026-04-08T03:34:57.404383+00:00,0.0,0.0,0.0,0.0,5.5,5.36,4.431,3.606418990989382,2.655511398349978,99.99959733634184,0.33129571316451134,-0.04539113812284962,0.37668685128736096,48581.15
137248,UPDCREIT,2020-12-21,5.5,5.5,100,2026-04-08T03:35:01.74156+00:00,0.0,0.0,0.0,0.0,5.5,5.4275,4.465,3.606418990989382,2.655511398349978,99.99959733634184,0.3130318390260127,-0.05092400980907863,0.36395584883509136,42676.65
137353,UPDCREIT,2020-12-22,5.5,5.5,109578,2026-04-08T03:35:04.087051+00:00,0.0,0.0,0.0,0.0,5.5,5.475,4.499,3.0610752330583155,2.655511398349978,99.99959733634184,0.29515522152119367,-0.05504050185111814,0.3501957233723118,35688.15
137458,UPDCREIT,2020-12-23,5.5,5.5,1,2026-04-08T03:35:06.465463+00:00,0.0,0.0,0.0,0.0,5.5,5.5,4.5329999999999995,2.2360679774997916,2.655511398349978,99.99959733634184,0.27778573234766046,-0.05792799281972105,0.3357137251673815,28438.2
137563,UPDCREIT,2020-12-24,5.5,5.5,0,2026-04-08T03:35:08.859517+00:00,0.0,0.0,0.0,0.0,5.5,5.5,4.567,0.0,2.655511398349978,99.99959733634184,0.26101150883736857,-0.05976177306401037,0.32077328190137894,14182.75
137668,UPDCREIT,2020-12-29,5.5,5.5,0,2026-04-08T03:35:15.710612+00:00,0.0,0.0,0.0,0.0,5.5,5.5,4.601,0.0,2.655511398349978,99.99959733634184,0.24489482080124425,-0.06070276888010773,0.305597589681352,14171.15
137773,UPDCREIT,2020-12-30,5.5,5.5,0,2026-04-08T03:35:18.332825+00:00,0.0,0.0,0.0,0.0,5.5,5.5,4.635,0.0,2.655511398349978,99.99959733634182,0.22947696184643274,-0.060896502267935415,0.29037346411436815,13164.55
137878,UPDCREIT,2020-12-31,5.5,5.5,160,2026-04-08T03:35:20.721524+00:00,0.0,0.0,0.0,0.0,5.5,5.5,4.669,0.0,2.655511398349978,99.99959733634184,0.2147823206499675,-0.06047291477152056,0.27525523542148805,11674.35
137983,UPDCREIT,2021-01-04,5.5,5.5,3960,2026-04-08T03:35:26.376094+00:00,0.0,0.0,0.0,0.0,5.5,5.5,4.702999999999999,0.0,2.655511398349978,99.99959733634184,0.2008217633518825,-0.059546777655684446,0.26036854100756696,11866.6
138088,UPDCREIT,2021-01-05,5.5,5.5,6713598,2026-04-08T03:35:29.033034+00:00,0.0,0.0,0.0,0.0,5.5,5.5,4.737,0.0,2.655511398349978,99.99959733634185,0.18759543768128228,-0.05821848266102775,0.24581392034231003,347542.0
138193,UPDCREIT,2021-01-06,5.5,5.5,17841,2026-04-08T03:35:31.424152+00:00,0.0,0.0,0.0,0.0,5.5,5.5,4.771,0.0,2.655511398349978,99.99959733634185,0.1750950920683474,-0.05657506261917011,0.2316701546875175,348434.05
138298,UPDCREIT,2021-01-07,5.5,5.5,200,2026-04-08T03:35:34.042283+00:00,0.0,0.0,0.0,0.0,5.5,5.5,4.805,0.0,2.655511398349978,99.99959733634184,0.16330598833093823,-0.054691333085263416,0.21799732141620165,347544.05
138403,UPDCREIT,2021-01-08,5.5,5.5,68878,2026-04-08T03:35:36.489888+00:00,0.0,0.0,0.0,0.0,5.5,5.5,4.8389999999999995,0.0,2.655511398349978,99.99959733634185,0.15220847413973804,-0.05263107782117091,0.20483955196090894,350487.95
138508,UPDCREIT,2021-01-11,5.5,5.5,15179,2026-04-08T03:35:41.134484+00:00,0.0,0.0,0.0,0.0,5.5,5.5,4.872999999999999,0.0,2.655511398349978,99.99959733634184,0.14177927100828835,-0.05044822476209648,0.19222749577038484,350565.2
138613,UPDCREIT,2021-01-12,5.5,5.5,755007570,2026-04-08T03:35:43.444525+00:00,0.0,0.0,0.0,0.0,5.5,5.5,4.907,0.0,2.655511398349978,99.99959733634184,0.1319925247257192,-0.048187976835732504,0.1801805015614517,38096918.7
138718,UPDCREIT,2021-01-13,5.5,5.5,96124,2026-04-08T03:35:45.752573+00:00,0.0,0.0,0.0,0.0,5.5,5.5,4.941,0.0,2.655511398349978,99.99959733634185,0.12282065769834194,-0.045887875090487806,0.16870853278882975,38101724.9
138823,UPDCREIT,2021-01-14,5.5,5.5,169070,2026-04-08T03:35:48.266873+00:00,0.0,0.0,0.0,0.0,5.5,5.5,4.975,0.0,2.655511398349978,99.99959733634184,0.11423505637833475,-0.043578781128396,0.15781383750673075,38110178.4
138928,UPDCREIT,2021-01-15,5.5,5.5,11474,2026-04-08T03:35:50.536305+00:00,0.0,0.0,0.0,0.0,5.5,5.5,5.0089999999999995,0.0,2.655511398349978,99.99959733634185,0.1062066216532207,-0.04128577268280803,0.14749239433602873,38110698.95
139033,UPDCREIT,2021-01-18,5.5,5.5,10533,2026-04-08T03:35:55.012207+00:00,0.0,0.0,0.0,0.0,5.5,5.5,5.042999999999999,0.0,2.655511398349978,99.99959733634185,0.09870620559618626,-0.03902895099187398,0.13773515658806024,38111215.8
139138,UPDCREIT,2021-01-19,5.5,5.5,1652,2026-04-08T03:35:57.346792+00:00,0.0,0.0,0.0,0.0,5.5,5.5,5.077,0.0,2.655511398349978,99.99959733634182,0.09170495420567448,-0.03682416190590859,0.12852911611158307,38111298.4
139243,UPDCREIT,2021-01-20,5.5,5.5,203981,2026-04-08T03:35:59.785195+00:00,0.0,0.0,0.0,0.0,5.5,5.5,5.111,0.0,2.655511398349978,99.99959733634184,0.08517457258398409,-0.0346836348220792,0.11985820740606329,38121494.95
139348,UPDCREIT,2021-01-21,5.5,5.5,10140,2026-04-08T03:36:02.057398+00:00,0.0,0.0,0.0,0.0,5.5,5.5,5.145,0.0,2.655511398349978,99.99959733634185,0.07908752632671678,-0.032616544863477204,0.11170407119019399,38121996.95
139453,UPDCREIT,2021-01-22,5.5,5.5,5037,2026-04-08T03:36:04.490813+00:00,0.0,0.0,0.0,0.0,5.5,5.5,5.178999999999999,0.0,2.655511398349978,99.99959733634185,0.07341719063995011,-0.030629504440195104,0.10404669508014522,38116769.9
139558,UPDCREIT,2021-01-25,5.5,5.5,16038,2026-04-08T03:36:09.142175+00:00,0.0,0.0,0.0,0.0,5.5,5.5,5.212999999999999,0.0,2.655511398349978,99.99959733634184,0.0681379568039926,-0.028726990620922113,0.09686494742491471,38117571.75
139663,UPDCREIT,2021-01-26,5.5,5.5,10510,2026-04-08T03:36:11.477526+00:00,0.0,0.0,0.0,0.0,5.5,5.5,5.246999999999999,0.0,2.655511398349978,99.99959733634185,0.06322530400597426,-0.02691171473515236,0.09013701874112662,38118097.25
139768,UPDCREIT,2021-01-27,5.5,5.5,107902,2026-04-08T03:36:13.916788+00:00,0.0,0.0,0.0,0.0,5.5,5.5,5.281000000000001,0.0,2.655511398349978,99.99959733634184,0.058655843221135484,-0.02518494041599291,0.0838407836371284,38123492.35
139873,UPDCREIT,2021-01-28,5.5,5.5,34824,2026-04-08T03:36:16.269205+00:00,0.0,0.0,0.0,0.0,5.5,5.5,5.315,0.0,2.655511398349978,99.99959733634182,0.05440733869488046,-0.02354675595379835,0.0779540946486788,38125233.55
139978,UPDCREIT,2021-01-29,5.5,5.5,39547,2026-04-08T03:36:18.603253+00:00,0.0,0.0,0.0,0.0,5.5,5.5,5.349,0.0,2.655511398349978,99.99959733634184,0.0504587116307782,-0.021996306414320488,0.07245501804509868,38127202.9
140083,UPDCREIT,2021-02-01,5.5,5.5,213849,2026-04-08T03:36:23.094546+00:00,0.0,0.0,0.0,0.0,5.5,5.5,5.382999999999999,0.0,2.655511398349978,99.99959733634184,0.04679002989530456,-0.0205319905198353,0.06732202041513986,38137697.35
140188,UPDCREIT,2021-02-02,5.5,5.5,37000,2026-04-08T03:36:25.523135+00:00,0.0,0.0,0.0,0.0,5.5,5.5,5.416999999999999,0.0,2.655511398349978,99.99959733634185,0.04338248688437485,-0.01915162682461201,0.06253411370898686,37803867.45
140293,UPDCREIT,2021-02-03,5.5,5.5,4083,2026-04-08T03:36:27.835035+00:00,0.0,0.0,0.0,0.0,5.5,5.5,5.444,0.0,2.361585255155776,99.99959733634184,0.04021837213923796,-0.017852593255799125,0.05807096539503708,37803179.55
140398,UPDCREIT,2021-02-04,5.5,5.5,182343,2026-04-08T03:36:30.225924+00:00,0.0,0.0,0.0,0.0,5.5,5.5,5.471,0.0,2.361585255155776,99.99959733634184,0.03728103583305575,-0.016631943649585063,0.053912979482640816,37812286.7
140503,UPDCREIT,2021-02-05,5.5,5.5,873472,2026-04-08T03:36:32.587221+00:00,0.0,0.0,0.0,0.0,5.5,5.5,5.49,0.0,1.9686416336726507,99.99959733634184,0.03455484886003024,-0.015486504498088458,0.0500413533581187,37852516.4
140608,UPDCREIT,2021-02-08,6.0,6.0,181207,2026-04-08T03:36:37.052653+00:00,9.090909090909083,0.0,0.0,0.0,5.6,5.525,5.51,2.0327890704543528,1.8917402197977764,99.99996994279292,0.07191119982008054,0.01749587716956947,0.05441532265051107,37860817.8
140713,UPDCREIT,2021-02-09,6.0,6.0,24206,2026-04-08T03:36:39.468141+00:00,0.0,9.090909090909083,0.0,0.0,5.7,5.55,5.52,2.0327890704543528,1.2856486930664484,99.99996994279292,0.1003594953036524,0.036755338122513054,0.06360415718113935,111649.6
140818,UPDCREIT,2021-02-10,6.0,6.0,3002,2026-04-08T03:36:41.836322+00:00,0.0,0.0,0.0,0.0,5.8,5.575,5.53,2.0327890704543528,1.2856486930664484,99.99996994279292,0.12150434794401566,0.046320152610301035,0.07518419533371462,106993.5
140923,UPDCREIT,2021-02-11,6.0,6.0,1014,2026-04-08T03:36:44.255641+00:00,0.0,0.0,0.0,0.0,5.9,5.6,5.54,2.0327890704543528,1.2856486930664484,99.99996994279292,0.13668616299906944,0.04920157413228385,0.08748458886678559,98590.7
141028,UPDCREIT,2021-02-12,6.0,6.0,13321,2026-04-08T03:36:46.553737+00:00,0.0,0.0,0.0,0.0,6.0,5.625,5.55,2.0327890704543528,1.2856486930664484,99.99996994279293,0.1470230703726969,0.04763078520472905,0.09939228516796786,98683.05
141133,UPDCREIT,2021-02-15,6.0,6.0,27876,2026-04-08T03:36:50.983127+00:00,0.0,0.0,9.090909090909083,0.0,6.0,5.65,5.56,2.0327890704543528,1.2856486930664484,99.99996994279292,0.1534463103905228,0.04324322017804395,0.11020309021247886,99550.2
141238,UPDCREIT,2021-02-16,5.4,5.4,235600,2026-04-08T03:36:53.929967+00:00,-9.999999999999998,0.0,0.0,0.0,5.880000000000001,5.645,5.558000000000001,3.100112950277812,1.9305709167928533,36.600570919874855,0.10886683963080745,-0.0010690004653371304,0.10993584009614459,111247.6
141343,UPDCREIT,2021-02-17,5.8,5.8,165019,2026-04-08T03:36:56.762484+00:00,7.407407407407396,-9.999999999999998,0.0,0.0,5.840000000000001,5.659999999999999,5.564,3.5198901502960567,2.1977249379999693,56.43175865094428,0.10460808801415578,-0.004262201665591048,0.10887028967974682,109299.5
141448,UPDCREIT,2021-02-18,5.35,5.35,815792,2026-04-08T03:36:59.321693+00:00,-7.758620689655171,7.407407407407396,0.0,0.0,5.71,5.6525,5.561,3.957877483221859,2.464766993463709,40.92323278703497,0.06418190839410975,-0.03575070502850966,0.09993261342261942,149582.1
141553,UPDCREIT,2021-02-19,5.35,5.35,3121700,2026-04-08T03:37:01.817881+00:00,0.0,-7.758620689655171,0.0,0.0,5.58,5.645,5.558000000000001,3.957877483221859,2.464766993463709,40.92323278703496,0.03177755788388481,-0.0545240444309877,0.08630160231487251,305415.25
141658,UPDCREIT,2021-02-22,5.85,5.85,2084535,2026-04-08T03:37:06.27808+00:00,9.345794392523366,0.0,0.0,9.090909090909083,5.55,5.6625,5.565,4.482630940595402,2.798494046169587,56.373189171783956,0.04591343645412049,-0.03231053268860161,0.0782239691427221,408840.1
141763,UPDCREIT,2021-02-23,5.85,5.85,13591,2026-04-08T03:37:08.890934+00:00,0.0,9.345794392523366,-9.999999999999998,0.0,5.639999999999999,5.68,5.572,4.482630940595402,2.798494046169587,56.37318917178396,0.05646532494699308,-0.01740691535658323,0.07387224030357631,408994.15
141868,UPDCREIT,2021-02-24,5.85,5.85,318,2026-04-08T03:37:11.490979+00:00,0.0,0.0,7.407407407407396,0.0,5.65,5.6975,5.579,4.482630940595402,2.798494046169587,56.37318917178396,0.06408899456452044,-0.007826596591244697,0.07191559115576514,403614.95
141973,UPDCREIT,2021-02-25,5.85,5.85,51378,2026-04-08T03:37:14.190372+00:00,0.0,0.0,-7.758620689655171,0.0,5.75,5.715,5.586,4.482630940595402,2.798494046169587,56.373189171783956,0.0693315961786567,-0.0020671959816867536,0.07139879216034345,404442.65
142078,UPDCREIT,2021-02-26,5.85,5.85,28638,2026-04-08T03:37:16.661186+00:00,0.0,0.0,0.0,0.0,5.85,5.7325,5.593,4.482630940595402,2.798494046169587,56.37318917178396,0.07264894392558752,0.0010001214121952567,0.07164882251339226,403897.2
142183,UPDCREIT,2021-03-01,5.85,5.85,2710,2026-04-08T03:37:22.522205+00:00,0.0,0.0,9.345794392523366,0.0,5.85,5.749999999999999,5.6,4.482630940595402,2.798494046169587,56.373189171783956,0.07442009735779198,0.0022170198755197684,0.07220307748227221,393340.25
142288,UPDCREIT,2021-03-02,5.85,5.85,2240,2026-04-08T03:37:25.400973+00:00,0.0,0.0,0.0,-9.999999999999998,5.85,5.7675,5.607,4.482630940595402,2.798494046169587,56.37318917178395,0.0749596609031622,0.0022052667367119805,0.07275439416645021,391602.25
142393,UPDCREIT,2021-03-03,5.85,5.85,25549,2026-04-08T03:37:28.29584+00:00,0.0,0.0,0.0,7.407407407407396,5.85,5.784999999999999,5.614,4.482630940595402,2.798494046169587,56.37318917178396,0.07452815472471297,0.0014190084466101927,0.07310914627810278,392675.55
142498,UPDCREIT,2021-03-04,5.85,5.85,11352,2026-04-08T03:37:30.865183+00:00,0.0,0.0,0.0,-7.758620689655171,5.85,5.802499999999999,5.621,4.482630940595402,2.798494046169587,56.37318917178396,0.07334075638291093,0.00018528808384651874,0.07315546829906441,384126.0
142603,UPDCREIT,2021-03-05,5.85,5.85,157819,2026-04-08T03:37:35.032922+00:00,0.0,0.0,0.0,0.0,5.85,5.819999999999999,5.627999999999999,4.482630940595402,2.798494046169587,56.373189171783956,0.07157466644123822,-0.001264641486260959,0.07283930792749918,348343.35
142708,UPDCREIT,2021-03-08,5.6,5.6,237634,2026-04-08T03:37:40.957406+00:00,-4.273504273504269,0.0,0.0,9.345794392523366,5.799999999999999,5.799999999999999,5.63,4.099289024491904,2.8679317530702324,44.236326701951754,0.049432292083047,-0.018725612675561748,0.06815790475860875,351164.7
142813,UPDCREIT,2021-03-09,5.6,5.6,8138,2026-04-08T03:37:43.478318+00:00,0.0,-4.273504273504269,0.0,0.0,5.75,5.779999999999999,5.632000000000001,4.099289024491904,2.8679317530702324,44.236326701951754,0.03152094702084085,-0.029309566190214326,0.060830513211055176,350361.3
142918,UPDCREIT,2021-03-10,5.1,5.1,24419,2026-04-08T03:37:46.075681+00:00,-8.92857142857143,0.0,0.0,0.0,5.6,5.734999999999999,5.624,4.532336063947018,3.1380255654411706,29.503032839014534,-0.02275741104237916,-0.06687033940274748,0.044112928360368314,351432.15
143023,UPDCREIT,2021-03-11,5.1,5.1,16604,2026-04-08T03:37:49.142973+00:00,0.0,-8.92857142857143,0.0,0.0,5.45,5.6899999999999995,5.6160000000000005,4.532336063947018,3.1380255654411706,29.50303283901453,-0.06502384643615677,-0.08730941983722007,0.022285573401063297,352211.65
143128,UPDCREIT,2021-03-12,5.1,5.1,1499,2026-04-08T03:37:51.827027+00:00,0.0,0.0,0.0,0.0,5.299999999999999,5.645,5.608,4.532336063947018,3.1380255654411706,29.503032839014534,-0.0973975625260266,-0.09574650874167193,-0.001651053784354685,351620.55
143233,UPDCREIT,2021-03-15,5.1,5.1,30728,2026-04-08T03:37:56.632273+00:00,0.0,0.0,-4.273504273504269,0.0,5.2,5.6,5.6,4.532336063947018,3.1380255654411706,29.503032839014534,-0.1216516413710691,-0.09600047006937153,-0.025651171301697567,351763.15
143338,UPDCREIT,2021-03-16,5.1,5.1,6799,2026-04-08T03:37:59.157483+00:00,0.0,0.0,0.0,0.0,5.1,5.584999999999999,5.5920000000000005,3.9703296186001618,3.1380255654411706,29.50303283901453,-0.1392677813052643,-0.09089328800285337,-0.04837449330241092,340323.1
143443,UPDCREIT,2021-03-17,5.1,5.1,9313,2026-04-08T03:38:01.497417+00:00,0.0,0.0,-8.92857142857143,0.0,5.1,5.55,5.584,3.545026144521423,3.1380255654411706,29.50303283901453,-0.15148250311917444,-0.08248640785341081,-0.06899609526576363,332537.8
143548,UPDCREIT,2021-03-18,5.1,5.1,11259,2026-04-08T03:38:03.831621+00:00,0.0,0.0,0.0,0.0,5.1,5.5375,5.5760000000000005,3.11686882422562,3.1380255654411706,29.503032839014526,-0.15932614553042423,-0.07226404021172847,-0.08706210531869576,292311.15
143653,UPDCREIT,2021-03-19,5.1,5.1,24032,2026-04-08T03:38:06.31825+00:00,0.0,0.0,0.0,0.0,5.1,5.525,5.568,3.11686882422562,3.1380255654411706,29.503032839014534,-0.16365576684373462,-0.06127492922003108,-0.10238083762370354,137427.75
143758,UPDCREIT,2021-03-22,5.1,5.1,1151,2026-04-08T03:38:11.081229+00:00,0.0,0.0,0.0,-4.273504273504269,5.1,5.4875,5.56,2.1675536342370965,3.1380255654411706,29.503032839014534,-0.16518289731035996,-0.05024164774932513,-0.11494124956103483,33258.55
143863,UPDCREIT,2021-03-23,5.1,5.1,0,2026-04-08T03:38:13.396015+00:00,0.0,0.0,0.0,0.0,5.1,5.449999999999999,5.5520000000000005,2.1675536342370965,3.1380255654411706,29.50303283901453,-0.16449694086899402,-0.03964455304636735,-0.12485238782262667,32579.0
143968,UPDCREIT,2021-03-24,5.1,5.1,2991,2026-04-08T03:38:15.81449+00:00,0.0,0.0,0.0,-8.92857142857143,5.1,5.4125,5.544,2.1675536342370965,3.1380255654411706,29.50303283901453,-0.16208490159591182,-0.029786011018628128,-0.1322988905772837,32712.65
144073,UPDCREIT,2021-03-25,5.6,5.6,4031134,2026-04-08T03:38:18.283134+00:00,9.80392156862746,0.0,0.0,0.0,5.2,5.3999999999999995,5.546,3.191450190734337,3.436639503275101,59.77530706674444,-0.11846196596491243,0.011069539689897018,-0.12953150565480945,231700.45
144178,UPDCREIT,2021-03-26,5.6,5.6,13341,2026-04-08T03:38:20.746814+00:00,0.0,9.80392156862746,0.0,0.0,5.299999999999999,5.3875,5.547999999999999,3.191450190734337,3.436639503275101,59.77530706674444,-0.08293445837977043,0.037277637820031226,-0.12021209619980165,230935.6
144283,UPDCREIT,2021-03-29,5.6,5.6,28,2026-04-08T03:38:25.159246+00:00,0.0,0.0,0.0,0.0,5.4,5.375,5.55,3.191450190734337,3.436639503275101,59.77530706674444,-0.054154394506740644,0.052846161354448806,-0.10700055586118945,230801.5
144388,UPDCREIT,2021-03-30,5.6,5.6,74780,2026-04-08T03:38:27.475529+00:00,0.0,0.0,0.0,0.0,5.499999999999999,5.362499999999999,5.5520000000000005,3.191450190734337,3.436639503275101,59.775307066744446,-0.030988767318393506,0.06080943083423676,-0.09179819815263027,234428.5
144493,UPDCREIT,2021-03-31,5.6,5.6,644690,2026-04-08T03:38:29.710175+00:00,0.0,0.0,0.0,0.0,5.6,5.35,5.553999999999999,3.191450190734337,3.436639503275101,59.77530706674444,-0.012485911061786759,0.06344982967267482,-0.07593574073446158,265385.55
144598,UPDCREIT,2021-04-01,5.6,5.6,12000,2026-04-08T03:38:32.086622+00:00,0.0,0.0,9.80392156862746,0.0,5.6,5.3375,5.556,3.191450190734337,3.436639503275101,59.77530706674444,0.0021529183251471906,0.06247092724768701,-0.06031800892253982,265417.95
144703,UPDCREIT,2021-04-06,5.6,5.6,21531,2026-04-08T03:38:38.336109+00:00,0.0,0.0,0.0,0.0,5.6,5.324999999999999,5.558,3.191450190734337,3.436639503275101,59.77530706674444,0.01359755196647594,0.059132448711212614,-0.04553489674473667,258603.55
144808,UPDCREIT,2021-04-07,5.6,5.6,22136,2026-04-08T03:38:40.597593+00:00,0.0,0.0,0.0,0.0,5.6,5.325,5.56,3.0417961624629823,3.436639503275101,59.77530706674444,0.022409187418042542,0.054355267330223375,-0.03194607991218083,247828.65
144913,UPDCREIT,2021-04-08,5.6,5.6,32017,2026-04-08T03:38:43.050318+00:00,0.0,0.0,0.0,0.0,5.6,5.324999999999999,5.562,3.0417961624629823,3.436639503275101,59.77530706674444,0.02905751505196985,0.04880287597132055,-0.0197453609193507,249022.6
145018,UPDCREIT,2021-04-09,5.6,5.6,28425,2026-04-08T03:38:45.381101+00:00,0.0,0.0,0.0,0.0,5.6,5.35,5.564,2.1922235073527374,3.436639503275101,59.775307066744446,0.03393517898109266,0.042944431920354686,-0.009009252939262028,249222.9
145123,UPDCREIT,2021-04-12,5.6,5.6,44300,2026-04-08T03:38:49.634064+00:00,0.0,0.0,0.0,9.80392156862746,5.6,5.375,5.566,2.1922235073527374,3.436639503275101,59.775307066744446,0.037369984863099504,0.037103390241889224,0.00026659462121027874,250607.7
145228,UPDCREIT,2021-04-14,5.6,5.6,80000,2026-04-08T03:38:53.291299+00:00,0.0,0.0,0.0,0.0,5.6,5.3999999999999995,5.568,2.1922235073527374,3.436639503275101,59.77530706674444,0.03963520331922332,0.031494886958410434,0.008140316360812888,254532.75
145333,UPDCREIT,2021-04-15,5.6,5.6,1931,2026-04-08T03:38:55.647647+00:00,0.0,0.0,0.0,0.0,5.6,5.425,5.57,2.1922235073527374,3.436639503275101,59.77530706674444,0.040958263895169544,0.026254358027485325,0.01470390586768422,253092.9
145438,UPDCREIT,2021-04-16,5.6,5.6,3882,2026-04-08T03:38:58.039758+00:00,0.0,0.0,0.0,0.0,5.6,5.45,5.572,2.1922235073527374,3.436639503275101,59.775307066744446,0.04152808897438387,0.02145934648535972,0.02006874248902415,252947.05
145543,UPDCREIT,2021-04-19,5.6,5.6,8001,2026-04-08T03:39:02.639407+00:00,0.0,0.0,0.0,0.0,5.6,5.475,5.574,2.1922235073527374,3.436639503275101,59.775307066744446,0.04150127854956054,0.01714602884842911,0.02435524970113143,252881.45
145648,UPDCREIT,2021-04-20,5.6,5.6,3851,2026-04-08T03:39:05.009889+00:00,0.0,0.0,0.0,0.0,5.6,5.5,5.5760000000000005,2.1922235073527374,3.436639503275101,59.77530706674443,0.04100732418766562,0.013321659589227347,0.02768566459843827,252511.05
145753,UPDCREIT,2021-04-21,5.6,5.6,3156,2026-04-08T03:39:07.371999+00:00,0.0,0.0,0.0,0.0,5.6,5.5249999999999995,5.577999999999999,2.1922235073527374,3.436639503275101,59.77530706674444,0.040153002973216445,0.009973870699822536,0.03017913227339391,251467.25
145858,UPDCREIT,2021-04-22,5.6,5.6,250,2026-04-08T03:39:09.720023+00:00,0.0,0.0,0.0,0.0,5.6,5.55,5.57,2.1922235073527374,3.1819677773857276,59.77530706674444,0.03902607891091936,0.007077557310020362,0.031948521600899,251422.2
145963,UPDCREIT,2021-04-26,5.6,5.6,1334,2026-04-08T03:39:15.36746+00:00,0.0,0.0,0.0,0.0,5.6,5.575,5.561999999999999,2.1922235073527374,3.1819677773857276,59.77530706674444,0.037698419558282126,0.004599918365906501,0.033098501192375625,251488.9
146068,UPDCREIT,2021-04-27,5.6,5.6,1,2026-04-08T03:39:17.695414+00:00,0.0,0.0,0.0,0.0,5.6,5.6,5.553999999999999,2.1922235073527374,3.1819677773857276,59.77530706674443,0.03622861898788887,0.002504094236410598,0.033724524751478274,251339.4
146173,UPDCREIT,2021-04-28,5.6,5.6,165734,2026-04-08T03:39:20.620007+00:00,0.0,0.0,0.0,0.0,5.6,5.6,5.546,0.0,3.1819677773857276,59.77530706674444,0.034664204079598804,0.0007517434624964223,0.03391246061710238,58069.4
146278,UPDCREIT,2021-04-29,5.6,5.6,30,2026-04-08T03:39:22.905871+00:00,0.0,0.0,0.0,0.0,5.6,5.6,5.537999999999999,0.0,3.1819677773857276,59.775307066744446,0.03304348921892153,-0.0006951771185446792,0.03373866633746621,57403.85
146383,UPDCREIT,2021-04-30,5.6,5.6,3029,2026-04-08T03:39:25.430976+00:00,0.0,0.0,0.0,0.0,5.6,5.6,5.53,0.0,3.1819677773857276,59.77530706674443,0.031397134393958304,-0.001873225554806325,0.03327035994876463,57553.9
146488,UPDCREIT,2021-05-04,5.6,5.6,10177,2026-04-08T03:39:31.322792+00:00,0.0,0.0,0.0,0.0,5.6,5.6,5.533999999999999,0.0,2.8423993065969606,59.77530706674443,0.029749453156235894,-0.0028167254340229902,0.032566178590258885,54323.75
146593,UPDCREIT,2021-05-05,5.6,5.6,68268,2026-04-08T03:39:33.759587+00:00,0.0,0.0,0.0,0.0,5.6,5.6,5.53,0.0,2.6402441889442017,59.77530706674443,0.02811950970039856,-0.0035573351118882574,0.03167684481228682,25502.65
146698,UPDCREIT,2021-05-06,5.6,5.6,83791,2026-04-08T03:39:36.246061+00:00,0.0,0.0,0.0,0.0,5.6,5.6,5.535,0.0,2.393594722096888,59.77530706674443,0.026522038221319377,-0.004123845272773954,0.03064588349409333,29092.2
146803,UPDCREIT,2021-05-07,5.6,5.6,3608,2026-04-08T03:39:38.47254+00:00,0.0,0.0,0.0,0.0,5.6,5.6,5.539999999999999,0.0,2.393594722096888,59.77530706674443,0.024968212552852087,-0.0045421367529929965,0.029510349305845084,28196.05
146908,UPDCREIT,2021-05-10,5.6,5.6,13683,2026-04-08T03:39:42.886326+00:00,0.0,0.0,0.0,0.0,5.6,5.6,5.535,0.0,1.989093505073054,59.77530706674444,0.02346628973507503,-0.004835247656616047,0.028301537391691077,27773.4
147013,UPDCREIT,2021-05-11,5.6,5.6,67366,2026-04-08T03:39:45.288668+00:00,0.0,0.0,0.0,0.0,5.6,5.6,5.5299999999999985,0.0,1.989093505073054,59.775307066744446,0.022022147473454545,-0.005023511934589227,0.027045659408043772,29540.85
147118,UPDCREIT,2021-05-14,5.6,5.6,0,2026-04-08T03:39:49.859206+00:00,0.0,0.0,0.0,0.0,5.6,5.6,5.525,0.0,1.989093505073054,59.775307066744425,0.020639732340008266,-0.005124741654428409,0.025764473994436675,28119.6
147223,UPDCREIT,2021-05-17,5.6,5.6,22544,2026-04-08T03:39:54.343913+00:00,0.0,0.0,0.0,0.0,5.6,5.6,5.52,0.0,1.989093505073054,59.77530706674443,0.019321432935284655,-0.00515443284732162,0.024475865782606274,27031.8
147328,UPDCREIT,2021-05-18,5.6,5.6,2062,2026-04-08T03:39:57.092526+00:00,0.0,0.0,0.0,0.0,5.6,5.6,5.514999999999999,0.0,1.989093505073054,59.77530706674442,0.018068390006395596,-0.005125980620968543,0.02319437062736414,23134.9
147433,UPDCREIT,2021-05-19,5.6,5.6,58886,2026-04-08T03:39:59.433321+00:00,0.0,0.0,0.0,0.0,5.6,5.6,5.51,0.0,1.989093505073054,59.775307066744425,0.016880753637534163,-0.005050893591863982,0.021931647229398145,25982.65
147538,UPDCREIT,2021-05-20,5.6,5.6,1428,2026-04-08T03:40:01.906518+00:00,0.0,0.0,0.0,0.0,5.6,5.6,5.504999999999999,0.0,1.989093505073054,59.775307066744425,0.01575789604213007,-0.004939000949814459,0.02069689699194453,25859.95
147643,UPDCREIT,2021-05-21,5.6,5.6,422,2026-04-08T03:40:04.221824+00:00,0.0,0.0,0.0,0.0,5.6,5.6,5.5,0.0,1.989093505073054,59.77530706674443,0.014698587144966524,-0.004798647877582406,0.01949723502254893,25481.0
147748,UPDCREIT,2021-05-24,5.6,5.6,0,2026-04-08T03:40:08.535937+00:00,0.0,0.0,0.0,0.0,5.6,5.6,5.495,0.0,1.989093505073054,59.77530706674444,0.013701139010208863,-0.004636876809872056,0.01833801582008092,25288.45
147853,UPDCREIT,2021-05-25,5.6,5.6,59018,2026-04-08T03:40:10.790359+00:00,0.0,0.0,0.0,0.0,5.6,5.6,5.49,0.0,1.989093505073054,59.77530706674444,0.012763524215055,-0.004459593284020735,0.017223117499075735,28081.55
147958,UPDCREIT,2021-05-26,5.6,5.6,51600,2026-04-08T03:40:13.088105+00:00,0.0,0.0,0.0,0.0,5.6,5.6,5.49,0.0,1.8942498440987934,59.77530706674444,0.011883472461414968,-0.004271716030128613,0.01615518849154358,30649.05
148063,UPDCREIT,2021-05-27,5.6,5.6,62433,2026-04-08T03:40:15.774564+00:00,0.0,0.0,0.0,0.0,5.6,5.6,5.489999999999998,0.0,1.8942498440987934,59.775307066744425,0.011058549036637721,-0.004077311563924688,0.01513586060056241,33704.0
148168,UPDCREIT,2021-05-28,5.6,5.6,3211,2026-04-08T03:40:18.222614+00:00,0.0,0.0,0.0,0.0,5.6,5.6,5.5,0.0,1.386483884679506,59.77530706674443,0.010286218159257565,-0.0038797139530438764,0.014165932112301442,33864.5
148273,UPDCREIT,2021-05-31,5.6,5.6,0,2026-04-08T03:40:23.651574+00:00,0.0,0.0,0.0,0.0,5.6,5.6,5.51,0.0,1.386483884679506,59.77530706674444,0.009563893760636155,-0.00368163068133223,0.013245524441968385,25577.8
148378,UPDCREIT,2021-06-01,5.6,5.6,32891,2026-04-08T03:40:26.050454+00:00,0.0,0.0,0.0,0.0,5.6,5.6,5.52,0.0,1.386483884679506,59.77530706674444,0.008888979844216216,-0.0034852356782017375,0.012374215522417954,27220.85
148483,UPDCREIT,2021-06-02,5.6,5.6,3312,2026-04-08T03:40:28.576306+00:00,0.0,0.0,0.0,0.0,5.6,5.6,5.53,0.0,1.386483884679506,59.77530706674443,0.008258902219165698,-0.003292250642601805,0.011551152861767503,27235.0
148588,UPDCREIT,2021-06-03,5.6,5.6,16404,2026-04-08T03:40:31.001459+00:00,0.0,0.0,0.0,0.0,5.6,5.6,5.539999999999999,0.0,1.386483884679506,59.77530706674443,0.007671133114421913,-0.003104015797876473,0.010775148912298386,27546.35
148693,UPDCREIT,2021-06-04,5.6,5.6,23160,2026-04-08T03:40:33.442796+00:00,0.0,0.0,0.0,0.0,5.6,5.6,5.55,0.0,1.386483884679506,59.77530706674444,0.00712320993418647,-0.0029215511824895353,0.010044761116676005,25290.95
148798,UPDCREIT,2021-06-07,5.6,5.6,50725,2026-04-08T03:40:37.732645+00:00,0.0,0.0,0.0,0.0,5.6,5.6,5.56,0.0,1.386483884679506,59.77530706674443,0.0066127492096805796,-0.0027456095255963403,0.00935835873527692,23637.65
148903,UPDCREIT,2021-06-08,5.6,5.6,38892,2026-04-08T03:40:40.102423+00:00,0.0,0.0,0.0,0.0,5.6,5.6,5.57,0.0,1.386483884679506,59.77530706674443,0.006137456628263038,-0.002576721685611105,0.008714178313874143,25401.85
149008,UPDCREIT,2021-06-09,5.6,5.6,35013,2026-04-08T03:40:42.486352+00:00,0.0,0.0,0.0,0.0,5.6,5.6,5.58,0.0,1.386483884679506,59.77530706674444,0.005695133874978886,-0.0024152355511162064,0.008110369426095092,26468.35
149113,UPDCREIT,2021-06-10,5.6,5.6,1143,2026-04-08T03:40:45.029393+00:00,0.0,0.0,0.0,0.0,5.6,5.6,5.589999999999999,0.0,1.386483884679506,59.77530706674443,0.005283682898758357,-0.0022613492218693885,0.007545032120627746,23157.2
149218,UPDCREIT,2021-06-11,5.6,5.6,860,2026-04-08T03:40:47.465669+00:00,0.0,0.0,0.0,0.0,5.6,5.6,5.6,0.0,1.386483884679506,59.77530706674443,0.0049011081122749545,-0.002115139206682233,0.007016247318957188,23200.2
149323,UPDCREIT,2021-06-15,5.6,5.6,2935,2026-04-08T03:40:53.415974+00:00,0.0,0.0,0.0,0.0,5.6,5.6,5.6,0.0,0.0,59.77530706674444,0.004545516947797701,-0.00197658429692759,0.006522101244725291,22219.75
149428,UPDCREIT,2021-06-16,5.6,5.6,174,2026-04-08T03:40:55.754681+00:00,0.0,0.0,0.0,0.0,5.6,5.6,5.6,0.0,0.0,59.77530706674443,0.004215119118673449,-0.0018455857008414737,0.006060704819514923,22125.35
149534,UPDCREIT,2021-06-17,5.6,5.6,171,2026-04-08T03:40:58.172345+00:00,0.0,0.0,0.0,0.0,5.6,5.6,5.6,0.0,0.0,59.77530706674444,0.003908224875130095,-0.0017219839555078628,0.005630208830637958,19189.6
149640,UPDCREIT,2021-06-18,5.6,5.6,895,2026-04-08T03:41:00.479054+00:00,0.0,0.0,0.0,0.0,5.6,5.6,5.6,0.0,0.0,59.77530706674443,0.0036232424920106254,-0.0016055730709018667,0.005228815562912492,19162.95
149747,UPDCREIT,2021-06-21,5.6,5.6,3000,2026-04-08T03:41:05.049703+00:00,0.0,0.0,0.0,0.0,5.6,5.6,5.6,0.0,0.0,59.775307066744425,0.0033586751833887263,-0.0014961123036190136,0.00485478748700774,19291.85
149854,UPDCREIT,2021-06-22,5.65,5.65,237908,2026-04-08T03:41:07.444448+00:00,0.8928571428571619,0.0,0.0,0.0,5.609999999999999,5.6025,5.600999999999999,0.19964892656248548,0.12626906806902904,88.60324188711158,0.007101721591923571,0.0017975472839326647,0.005304174307990906,31187.25
149961,UPDCREIT,2021-06-23,5.65,5.65,50982,2026-04-08T03:41:09.819069+00:00,0.0,0.8928571428571619,0.0,0.0,5.62,5.6049999999999995,5.602,0.19964892656248548,0.12626906806902904,88.6032418871116,0.009953376509243661,0.003719361761002203,0.006234014748241458,30785.45
150068,UPDCREIT,2021-06-24,5.65,5.65,100640,2026-04-08T03:41:12.2583+00:00,0.0,0.0,0.0,0.0,5.63,5.6075,5.603,0.19964892656248548,0.12626906806902904,88.60324188711158,0.012074150287666008,0.004672108431539639,0.007402041856126368,33237.45
150175,UPDCREIT,2021-06-25,5.65,5.65,281071,2026-04-08T03:41:14.6351+00:00,0.0,0.0,0.0,0.0,5.640000000000001,5.61,5.603999999999998,0.19964892656248548,0.12626906806902904,88.60324188711158,0.013598128031014234,0.004956868939910292,0.008641259091103942,44169.35
150282,UPDCREIT,2021-06-28,5.65,5.65,176020,2026-04-08T03:41:19.428749+00:00,0.0,0.0,0.0,0.0,5.65,5.6125,5.605,0.19964892656248548,0.12626906806902904,88.60324188711158,0.014637163265478037,0.004796723339499275,0.009840439925978762,52809.8
150389,UPDCREIT,2021-06-29,5.65,5.65,225250,2026-04-08T03:41:22.147646+00:00,0.0,0.0,0.8928571428571619,0.0,5.65,5.615,5.605999999999999,0.19964892656248548,0.12626906806902904,88.6032418871116,0.015284416930479772,0.004355181603600808,0.010929235326878964,64072.3
150496,UPDCREIT,2021-06-30,5.65,5.65,171020,2026-04-08T03:41:24.723581+00:00,0.0,0.0,0.0,0.0,5.65,5.6175,5.607,0.19964892656248548,0.12626906806902904,88.60324188711158,0.015617343113253135,0.0037504862290993375,0.011866856884153797,70978.75
150603,UPDCREIT,2021-07-01,5.65,5.65,163820,2026-04-08T03:41:27.253573+00:00,0.0,0.0,0.0,0.0,5.65,5.619999999999999,5.608,0.19964892656248548,0.12626906806902904,88.60324188711158,0.01570020729504762,0.0030666803287150556,0.012633526966332563,79004.15
150710,UPDCREIT,2021-07-02,5.65,5.65,244230,2026-04-08T03:41:29.882533+00:00,0.0,0.0,0.0,0.0,5.65,5.6225000000000005,5.608999999999998,0.19964892656248548,0.12626906806902904,88.6032418871116,0.015586209633546844,0.0023621461337714235,0.01322406349977542,90395.45
150817,UPDCREIT,2021-07-05,6.0,6.0,435553,2026-04-08T03:41:34.454391+00:00,6.194690265486713,0.0,0.0,0.0,5.720000000000001,5.6425,5.617000000000001,1.3890495605115791,0.8825602228113996,98.94221717112896,0.04323950252401154,0.024012351219388897,0.019227151304622644,111015.1
150924,UPDCREIT,2021-07-06,6.0,6.0,647105,2026-04-08T03:41:36.982623+00:00,0.0,6.194690265486713,0.0,0.8928571428571619,5.790000000000001,5.6625,5.625,1.3890495605115791,0.8825602228113996,98.94221717112895,0.06441242997353225,0.036148222935127684,0.028264207038404564,140834.1
151031,UPDCREIT,2021-07-07,6.0,6.0,1590,2026-04-08T03:41:39.307643+00:00,0.0,0.0,0.0,0.0,5.86,5.6825,5.632999999999999,1.3890495605115791,0.8825602228113996,98.94221717112895,0.08026686110949743,0.04160212325687429,0.03866473785262314,138969.0
151138,UPDCREIT,2021-07-08,6.0,6.0,35101,2026-04-08T03:41:41.672436+00:00,0.0,0.0,0.0,0.0,5.93,5.7025,5.640999999999999,1.3890495605115791,0.8825602228113996,98.94221717112896,0.0917737019013849,0.0424871712390094,0.0492865306623755,138973.4
151246,UPDCREIT,2021-07-09,6.0,6.0,345000,2026-04-08T03:41:44.186247+00:00,0.0,0.0,0.0,0.0,6.0,5.7225,5.649000000000001,1.3890495605115791,0.8825602228113996,98.94221717112896,0.09974317885341755,0.04036531855283364,0.05937786030058391,156166.25
151354,UPDCREIT,2021-07-12,6.0,6.0,4248,2026-04-08T03:41:48.615121+00:00,0.0,0.0,6.194690265486713,0.0,6.0,5.7425,5.657,1.3890495605115791,0.8825602228113996,98.94221717112896,0.10485039664941542,0.036378029079065205,0.06847236757035022,156335.65
151462,UPDCREIT,2021-07-13,6.0,6.0,37449,2026-04-08T03:41:50.993586+00:00,0.0,0.0,0.0,0.0,6.0,5.7625,5.665,1.3890495605115791,0.8825602228113996,98.94221717112896,0.10765690179842302,0.03134762738245825,0.07630927441596477,158061.35
151570,UPDCREIT,2021-07-14,6.0,6.0,127060,2026-04-08T03:41:53.268+00:00,0.0,0.0,0.0,0.0,6.0,5.782500000000001,5.672999999999999,1.3890495605115791,0.8825602228113996,98.94221717112895,0.1086288713391168,0.025855677538521624,0.08277319380059518,164405.65
151678,UPDCREIT,2021-07-15,6.0,6.0,20030,2026-04-08T03:41:55.50175+00:00,0.0,0.0,0.0,0.0,6.0,5.8025,5.680999999999999,1.3890495605115791,0.8825602228113996,98.94221717112896,0.10815245008080954,0.02030340502417148,0.08784904505663806,165398.6
151786,UPDCREIT,2021-07-16,6.0,6.0,1704,2026-04-08T03:41:57.978751+00:00,0.0,0.0,0.0,0.0,6.0,5.8225,5.689000000000001,1.3890495605115791,0.8825602228113996,98.94221717112896,0.10654667900856563,0.014958107161542056,0.09158857184702357,165439.05
151894,UPDCREIT,2021-07-19,6.0,6.0,0,2026-04-08T03:42:02.439681+00:00,0.0,0.0,0.0,6.194690265486713,6.0,5.8425,5.697,1.3890495605115791,0.8825602228113996,98.94221717112895,0.10407438909146816,0.009988653795555663,0.09408573529591249,165289.05
152002,UPDCREIT,2021-07-22,6.0,6.0,131,2026-04-08T03:42:06.938387+00:00,0.0,0.0,0.0,0.0,6.0,5.86,5.705,1.3851748533184511,0.8825602228113996,98.94221717112896,0.10095137688757116,0.005492513273326935,0.09545886361424423,153400.2
152110,UPDCREIT,2021-07-23,6.0,6.0,2313,2026-04-08T03:42:09.224536+00:00,0.0,0.0,0.0,0.0,6.0,5.8774999999999995,5.712999999999999,1.3851748533184511,0.8825602228113996,98.94221717112895,0.09735412941286459,0.001516212638896286,0.0958379167739683,150966.75
152218,UPDCREIT,2021-07-26,6.0,6.0,70300,2026-04-08T03:42:13.888963+00:00,0.0,0.0,0.0,0.0,6.0,5.8950000000000005,5.720999999999999,1.3851748533184511,0.8825602228113996,98.94221717112896,0.09342632436102516,-0.0019292739303545248,0.09535559829137968,149449.75
152326,UPDCREIT,2021-07-27,5.6,5.6,567750,2026-04-08T03:42:16.300026+00:00,-6.666666666666677,0.0,0.0,0.0,5.92,5.8925,5.721,2.087651587229774,1.306282175624325,25.201815094676963,0.057375464854756864,-0.030384106749298256,0.08775957160405512,163783.7
152434,UPDCREIT,2021-07-28,5.6,5.6,3409,2026-04-08T03:42:18.733972+00:00,0.0,-6.666666666666677,0.0,0.0,5.84,5.89,5.721,2.087651587229774,1.306282175624325,25.20181509467696,0.028476638006772248,-0.047426346877826306,0.07590298488459855,155153.15
152542,UPDCREIT,2021-07-29,5.6,5.6,38316,2026-04-08T03:42:21.196071+00:00,0.0,0.0,0.0,0.0,5.76,5.8875,5.720999999999999,2.087651587229774,1.306282175624325,25.201815094676963,0.005510586909271531,-0.05631391838026162,0.06182450528953315,145806.45
152650,UPDCREIT,2021-07-30,5.6,5.6,13857,2026-04-08T03:42:23.780537+00:00,0.0,0.0,0.0,0.0,5.68,5.885,5.721,2.087651587229774,1.306282175624325,25.201815094676963,-0.012545556678905001,-0.05949604957475052,0.04695049289584552,137948.3
152758,UPDCREIT,2021-08-02,5.6,5.6,169537,2026-04-08T03:42:28.457705+00:00,0.0,0.0,0.0,0.0,5.6,5.8825,5.720999999999999,2.087651587229774,1.306282175624325,25.201815094676967,-0.026549138616320356,-0.058799705209732704,0.03225056659341235,138234.15
152866,UPDCREIT,2021-08-03,5.6,5.6,114654,2026-04-08T03:42:31.094462+00:00,0.0,0.0,-6.666666666666677,0.0,5.6,5.88,5.721,2.087651587229774,1.306282175624325,25.201815094676963,-0.03721805165997871,-0.05557489460271285,0.018356842942734135,131755.35
152974,UPDCREIT,2021-08-04,5.6,5.6,198293,2026-04-08T03:42:33.531563+00:00,0.0,0.0,0.0,0.0,5.6,5.86,5.721,1.4907119849998622,1.306282175624325,25.201815094676967,-0.04515274932483937,-0.050807673814058804,0.0056549244892194345,119892.35
153082,UPDCREIT,2021-08-05,5.6,5.6,3673,2026-04-08T03:42:35.917081+00:00,0.0,0.0,0.0,0.0,5.6,5.84,5.720999999999999,1.4907119849998622,1.306282175624325,25.201815094676967,-0.05085483154859194,-0.045207804830249096,-0.00564702671834284,87720.75
153190,UPDCREIT,2021-08-06,5.6,5.6,5618,2026-04-08T03:42:38.23616+00:00,0.0,0.0,0.0,0.0,5.6,5.819999999999999,5.721,1.4907119849998622,1.306282175624325,25.201815094676967,-0.05474273264642093,-0.03927656474246247,-0.01546616790395846,87922.15
153298,UPDCREIT,2021-08-09,5.6,5.6,31010,2026-04-08T03:42:42.878342+00:00,0.0,0.0,0.0,0.0,5.6,5.8,5.720999999999999,1.4907119849998622,1.306282175624325,25.201815094676967,-0.05716496020003081,-0.033359033836857885,-0.02380592636317293,87717.6
153406,UPDCREIT,2021-08-10,5.6,5.6,1215,2026-04-08T03:42:45.264053+00:00,0.0,0.0,0.0,-6.666666666666677,5.6,5.779999999999999,5.721,1.4907119849998622,1.306282175624325,25.201815094676967,-0.058411264292459464,-0.027684270343429226,-0.030726993949030237,70528.35
153514,UPDCREIT,2021-08-12,5.6,5.6,0,2026-04-08T03:42:48.762656+00:00,0.0,0.0,0.0,0.0,5.6,5.76,5.721,1.4907119849998622,1.306282175624325,25.201815094676967,-0.05872205793419205,-0.02239605118812945,-0.0363260067460626,70315.95
153622,UPDCREIT,2021-08-13,5.6,5.6,23284,2026-04-08T03:42:51.120096+00:00,0.0,0.0,0.0,0.0,5.6,5.74,5.720999999999999,1.4907119849998622,1.306282175624325,25.201815094676967,-0.05829635998473126,-0.017576282590934925,-0.040720077393796336,69607.7
153730,UPDCREIT,2021-08-16,5.6,5.6,0,2026-04-08T03:42:55.556429+00:00,0.0,0.0,0.0,0.0,5.6,5.72,5.721,1.4907119849998622,1.306282175624325,25.20181509467697,-0.05729848996752285,-0.01326273005898121,-0.04403575990854164,63254.7
153838,UPDCREIT,2021-08-17,5.6,5.6,34776,2026-04-08T03:42:57.870214+00:00,0.0,0.0,0.0,0.0,5.6,5.7,5.720999999999999,1.4907119849998622,1.306282175624325,25.20181509467697,-0.05586370872933877,-0.009462359056637698,-0.04640134967270107,63992.0
153946,UPDCREIT,2021-08-18,5.6,5.6,281,2026-04-08T03:43:00.318272+00:00,0.0,0.0,0.0,0.0,5.6,5.68,5.721,1.4907119849998622,1.306282175624325,25.20181509467697,-0.054102968913332994,-0.006161295392505532,-0.04794167352082746,63920.85
154054,UPDCREIT,2021-08-19,5.6,5.6,518,2026-04-08T03:43:02.743698+00:00,0.0,0.0,0.0,0.0,5.6,5.659999999999999,5.721,1.4907119849998622,1.306282175624325,25.20181509467697,-0.05210691385619626,-0.0033321922682950297,-0.04877472158790123,63946.75
154162,UPDCREIT,2021-08-20,5.6,5.6,151241,2026-04-08T03:43:05.111187+00:00,0.0,0.0,0.0,0.0,5.6,5.64,5.721,1.4907119849998622,1.306282175624325,25.20181509467697,-0.049949242072328204,-0.0009396163875415725,-0.04900962568478663,71502.25
154270,UPDCREIT,2021-08-23,5.6,5.6,155538,2026-04-08T03:43:09.725908+00:00,0.0,0.0,0.0,0.0,5.6,5.619999999999999,5.721,1.4907119849998622,1.306282175624325,25.201815094676974,-0.047689536349101225,0.0010560714685483308,-0.048745607817649556,79163.5
154378,UPDCREIT,2021-08-24,5.6,5.6,18413,2026-04-08T03:43:12.031989+00:00,0.0,0.0,0.0,0.0,5.6,5.6,5.720999999999999,1.4907119849998622,1.306282175624325,25.201815094676974,-0.045375641137467504,0.002695973344145647,-0.04807161448161315,76569.15
154486,UPDCREIT,2021-08-25,5.6,5.6,13002,2026-04-08T03:43:14.375004+00:00,0.0,0.0,0.0,0.0,5.6,5.6,5.721,0.0,1.306282175624325,25.201815094676974,-0.043045658950147114,0.0040207644251728306,-0.047066423375319945,48831.75
154594,UPDCREIT,2021-08-26,5.6,5.6,2322,2026-04-08T03:43:16.860503+00:00,0.0,0.0,0.0,0.0,5.6,5.6,5.721,0.0,1.306282175624325,25.201815094676974,-0.040729625510506295,0.005069438291850928,-0.04579906380235722,48777.4
154702,UPDCREIT,2021-08-27,5.6,5.6,39500,2026-04-08T03:43:19.247601+00:00,0.0,0.0,0.0,0.0,5.6,5.6,5.721,0.0,1.306282175624325,25.201815094676974,-0.03845091412035373,0.0058785197456027935,-0.04432943386595652,48836.6
154810,UPDCREIT,2021-08-30,5.6,5.6,14281,2026-04-08T03:43:23.756871+00:00,0.0,0.0,0.0,0.0,5.6,5.6,5.721,0.0,1.306282175624325,25.201815094676974,-0.036227411873137605,0.006481617594255133,-0.04270902946739274,48857.8
154918,UPDCREIT,2021-08-31,5.6,5.6,3624,2026-04-08T03:43:26.203018+00:00,0.0,0.0,0.0,0.0,5.6,5.6,5.720999999999999,0.0,1.306282175624325,25.201815094676974,-0.03407250370938453,0.006909220606406571,-0.0409817243157911,40562.15
155026,UPDCREIT,2021-09-01,5.6,5.6,2718,2026-04-08T03:43:28.430514+00:00,0.0,0.0,0.0,0.0,5.6,5.6,5.721,0.0,1.306282175624325,25.20181509467697,-0.03199589470690789,0.007188663687106564,-0.039184558394014454,34965.35
155134,UPDCREIT,2021-09-02,5.6,5.6,189086,2026-04-08T03:43:30.63423+00:00,0.0,0.0,0.0,0.0,5.6,5.6,5.721,0.0,1.306282175624325,25.201815094676974,-0.030004296261012975,0.007344209706401185,-0.03734850596741416,34505.0
155242,UPDCREIT,2021-09-03,5.6,5.6,115500,2026-04-08T03:43:33.173741+00:00,0.0,0.0,0.0,0.0,5.6,5.6,5.72,0.0,1.3000327836941228,25.201815094676974,-0.0281019978061261,0.007397206529030448,-0.03549920433515655,40096.35
155350,UPDCREIT,2021-09-06,5.6,5.6,4160,2026-04-08T03:43:37.566628+00:00,0.0,0.0,0.0,0.0,5.6,5.6,5.718999999999999,0.0,1.3000327836941228,25.20181509467697,-0.0262913423465303,0.007366289590901,-0.0336576319374313,40023.45
155458,UPDCREIT,2021-09-07,5.6,5.6,14860,2026-04-08T03:43:39.870652+00:00,0.0,0.0,0.0,0.0,5.6,5.6,5.718,0.0,1.3000327836941228,25.201815094676977,-0.024573121204721105,0.0072676085861681575,-0.03184072979088926,39215.95
155566,UPDCREIT,2021-09-08,5.6,5.6,46500,2026-04-08T03:43:42.125577+00:00,0.0,0.0,0.0,0.0,5.6,5.6,5.7170000000000005,0.0,1.3000327836941228,25.20181509467697,-0.022946900980173268,0.007115063048572796,-0.030061964028746065,41480.2
155674,UPDCREIT,2021-09-09,5.6,5.6,13053,2026-04-08T03:43:44.739177+00:00,0.0,0.0,0.0,0.0,5.6,5.6,5.715999999999999,0.0,1.3000327836941228,25.20181509467697,-0.02141129367056749,0.006920536286542864,-0.028331829957110352,42132.85
155782,UPDCREIT,2021-09-10,5.6,5.6,23812,2026-04-08T03:43:47.339386+00:00,0.0,0.0,0.0,0.0,5.6,5.6,5.715,0.0,1.3000327836941228,25.201815094676967,-0.01996417918388982,0.0066941206185764275,-0.026658299802466246,42159.25
155890,UPDCREIT,2021-09-13,5.6,5.6,44000,2026-04-08T03:43:51.822078+00:00,0.0,0.0,0.0,0.0,5.6,5.6,5.7139999999999995,0.0,1.3000327836941228,25.20181509467697,-0.018602888014170205,0.006444329430636837,-0.025047217444807042,44359.25
155998,UPDCREIT,2021-09-14,5.6,5.6,23991,2026-04-08T03:43:54.260371+00:00,0.0,0.0,0.0,0.0,5.6,5.6,5.712999999999999,0.0,1.3000327836941228,25.20181509467697,-0.01732435062462745,0.006178293456143673,-0.023502644080771122,43820.0
156106,UPDCREIT,2021-09-15,5.6,5.6,281,2026-04-08T03:43:56.896801+00:00,0.0,0.0,0.0,0.0,5.6,5.6,5.712000000000001,0.0,1.3000327836941228,25.201815094676967,-0.016125219044504924,0.00590194002901296,-0.022027159073517884,43820.0
156214,UPDCREIT,2021-09-16,5.6,5.6,374,2026-04-08T03:43:59.227477+00:00,0.0,0.0,0.0,0.0,5.6,5.6,5.704,0.0,0.9428090415820648,25.201815094676967,-0.015001965310283083,0.005620155010587841,-0.020622120320870924,43812.8
156322,UPDCREIT,2021-09-20,5.6,5.6,83893,2026-04-08T03:44:04.993721+00:00,0.0,0.0,0.0,0.0,5.6,5.6,5.695999999999999,0.0,0.9428090415820648,25.201815094676967,-0.013950960643184018,0.005336927742149524,-0.019287888385333542,40445.4
156430,UPDCREIT,2021-09-21,5.6,5.6,193325,2026-04-08T03:44:07.727357+00:00,0.0,0.0,0.0,0.0,5.6,5.6,5.688,0.0,0.9428090415820648,25.20181509467697,-0.012968538631716875,0.005055479802893337,-0.01802401843461021,42334.75
156538,UPDCREIT,2021-09-22,5.6,5.6,252392,2026-04-08T03:44:10.239254+00:00,0.0,0.0,0.0,0.0,5.6,5.6,5.679999999999999,0.0,0.9428090415820648,25.201815094676967,-0.01205104516254174,0.004778378617654778,-0.016829423780196518,54033.7
156646,UPDCREIT,2021-09-23,5.6,5.6,2000,2026-04-08T03:44:12.661605+00:00,0.0,0.0,0.0,0.0,5.6,5.6,5.672000000000001,0.0,0.9428090415820648,25.201815094676967,-0.011194877399939074,0.004507637104205955,-0.01570251450414503,53483.6
156754,UPDCREIT,2021-09-24,5.6,5.6,28475,2026-04-08T03:44:15.34542+00:00,0.0,0.0,0.0,0.0,5.6,5.6,5.664,0.0,0.9428090415820648,25.201815094676963,-0.010396513740920987,0.004244800610579233,-0.01464131435150022,54791.25
156862,UPDCREIT,2021-09-27,5.6,5.6,18305,2026-04-08T03:44:19.850483+00:00,0.0,0.0,0.0,0.0,5.6,5.6,5.655999999999999,0.0,0.9428090415820648,25.201815094676963,-0.00965253635860197,0.003991022394318601,-0.013643558752920571,53731.5
156970,UPDCREIT,2021-09-28,5.6,5.6,2119,2026-04-08T03:44:22.678655+00:00,0.0,0.0,0.0,0.0,5.6,5.6,5.648,0.0,0.9428090415820648,25.20181509467697,-0.008959647681758831,0.0037471288569293926,-0.012706776538688224,53123.4
157078,UPDCREIT,2021-09-29,5.6,5.6,11517,2026-04-08T03:44:25.133662+00:00,0.0,0.0,0.0,0.0,5.6,5.6,5.639999999999999,0.0,0.9428090415820648,25.201815094676963,-0.008314681935721602,0.0035136756823732976,-0.0118283576180949,53518.05
157186,UPDCREIT,2021-09-30,5.6,5.6,21010,2026-04-08T03:44:27.471646+00:00,0.0,0.0,0.0,0.0,5.6,5.6,5.632000000000001,0.0,0.9428090415820648,25.201815094676963,-0.007714612682437227,0.0032909959485261375,-0.011005608630963365,54432.65
157294,UPDCREIT,2021-10-04,5.6,5.6,3640,2026-04-08T03:44:32.876267+00:00,0.0,0.0,0.0,0.0,5.6,5.6,5.624,0.0,0.9428090415820648,25.20181509467697,-0.007156557140034714,0.0030792411927429222,-0.010235798332777636,45160.35
157402,UPDCREIT,2021-10-05,5.6,5.6,120671,2026-04-08T03:44:35.445743+00:00,0.0,0.0,0.0,0.0,5.6,5.6,5.615999999999999,0.0,0.9428090415820648,25.20181509467697,-0.00663777793000353,0.002878416322219284,-0.009516194252222814,45418.9
157510,UPDCREIT,2021-10-06,5.6,5.6,175094,2026-04-08T03:44:37.876116+00:00,0.0,0.0,0.0,0.0,5.6,5.6,5.608,0.0,0.9428090415820648,25.20181509467697,-0.006155682789040107,0.0026884091705461667,-0.008844091959586273,53965.6
157618,UPDCREIT,2021-10-07,5.65,5.65,300141,2026-04-08T03:44:40.206594+00:00,0.8928571428571619,0.0,0.0,0.0,5.609999999999999,5.6025,5.600999999999999,0.19964892656248548,0.9537776747920095,83.44403325511932,-0.0017192187009449356,0.005699898606913071,-0.007419117307858007,68229.65
157726,UPDCREIT,2021-10-08,5.65,5.65,5815,2026-04-08T03:44:42.63936+00:00,0.0,0.8928571428571619,0.0,0.0,5.62,5.6049999999999995,5.601999999999999,0.19964892656248548,0.1262690680690289,83.44403325511931,0.0017762357122457217,0.007356282416082984,-0.005580046703837262,66195.4
157834,UPDCREIT,2021-10-11,5.65,5.65,31010,2026-04-08T03:44:47.21782+00:00,0.0,0.0,0.0,0.0,5.63,5.6075,5.603,0.19964892656248548,0.1262690680690289,83.44403325511932,0.00449459759480586,0.008059715438914499,-0.003565117844108638,67093.25
157942,UPDCREIT,2021-10-12,5.65,5.65,1105,2026-04-08T03:44:49.55017+00:00,0.0,0.0,0.0,0.0,5.640000000000001,5.61,5.604,0.19964892656248548,0.1262690680690289,83.44403325511932,0.006573147815104541,0.008110612527370543,-0.0015374647122660026,65957.9
158050,UPDCREIT,2021-10-13,5.65,5.65,88500,2026-04-08T03:44:52.157785+00:00,0.0,0.0,0.0,0.0,5.65,5.6125,5.605,0.19964892656248548,0.1262690680690289,83.44403325511932,0.008126733910037487,0.007731358897842791,0.00039537501219469545,68182.9
158158,UPDCREIT,2021-10-14,5.65,5.65,3320,2026-04-08T03:44:54.53471+00:00,0.0,0.0,0.8928571428571619,0.0,5.65,5.615,5.606,0.19964892656248548,0.1262690680690289,83.44403325511931,0.009251318640711048,0.007084754902813082,0.002166563737897966,67149.35
158267,UPDCREIT,2021-10-15,5.65,5.65,0,2026-04-08T03:44:56.91657+00:00,0.0,0.0,0.0,0.0,5.65,5.6175,5.606999999999999,0.19964892656248548,0.1262690680690289,83.44403325511932,0.010026975411003392,0.00628832933848434,0.003738646072519051,67135.3
158376,UPDCREIT,2021-10-18,5.65,5.65,37480,2026-04-08T03:45:01.595863+00:00,0.0,0.0,0.0,0.0,5.65,5.619999999999999,5.608,0.19964892656248548,0.1262690680690289,83.44403325511931,0.010520416180765046,0.005425416086596796,0.00509500009416825,68990.6
158485,UPDCREIT,2021-10-20,5.65,5.65,59458,2026-04-08T03:45:05.471144+00:00,0.0,0.0,0.0,0.0,5.65,5.6225000000000005,5.609,0.19964892656248548,0.1262690680690289,83.44403325511931,0.01078712429176587,0.004553699358078096,0.006233424933687774,67768.85
158594,UPDCREIT,2021-10-21,5.65,5.65,1271,2026-04-08T03:45:08.008029+00:00,0.0,0.0,0.0,0.0,5.65,5.625,5.61,0.19964892656248548,0.1262690680690289,83.44403325511931,0.010873153446632422,0.003711782810355717,0.007161370636276705,58166.15
158704,UPDCREIT,2021-10-22,5.65,5.65,323549,2026-04-08T03:45:10.474564+00:00,0.0,0.0,0.0,0.8928571428571619,5.65,5.6274999999999995,5.611000000000001,0.19964892656248548,0.1262690680690289,83.44403325511932,0.010816644625554872,0.002924219191422533,0.00789242543413234,61724.0
158813,UPDCREIT,2021-10-25,5.65,5.65,119978,2026-04-08T03:45:15.28358+00:00,0.0,0.0,0.0,0.0,5.65,5.630000000000001,5.611999999999999,0.19964892656248548,0.1262690680690289,83.4440332551193,0.010649104727268544,0.002205343434508962,0.008443761292759581,67622.9
158922,UPDCREIT,2021-10-26,5.65,5.65,26046,2026-04-08T03:45:17.74539+00:00,0.0,0.0,0.0,0.0,5.65,5.6325,5.6129999999999995,0.19964892656248548,0.1262690680690289,83.44403325511931,0.01039648395536652,0.0015621781300855508,0.00883430582528097,67501.45
159031,UPDCREIT,2021-10-27,5.65,5.65,2932,2026-04-08T03:45:20.303823+00:00,0.0,0.0,0.0,0.0,5.65,5.635,5.614,0.19964892656248548,0.1262690680690289,83.44403325511931,0.01008008324854437,0.00099662193861072,0.00908346130993365,66732.8
159140,UPDCREIT,2021-10-28,6.0,6.0,116253,2026-04-08T03:45:22.610226+00:00,6.194690265486713,0.0,0.0,0.0,5.720000000000001,5.654999999999999,5.621999999999999,1.3890495605115791,0.8825602228113996,98.98941917579427,0.037637546133528765,0.022843267858876092,0.014794278274652673,72439.5
159249,UPDCREIT,2021-10-29,6.0,6.0,6640,2026-04-08T03:45:25.013779+00:00,0.0,6.194690265486713,0.0,0.0,5.790000000000001,5.675,5.63,1.3890495605115791,0.8825602228113996,98.98941917579427,0.058799233053290934,0.035203963822910606,0.023595269230380328,72195.65
159358,UPDCREIT,2021-11-01,6.0,6.0,5916,2026-04-08T03:45:29.747778+00:00,0.0,0.0,0.0,0.0,5.860000000000001,5.695,5.638,1.3890495605115791,0.8825602228113996,98.98941917579427,0.07470882556246838,0.04089084506567044,0.03381798049679794,71440.95
159467,UPDCREIT,2021-11-02,6.0,6.0,3798,2026-04-08T03:45:32.292585+00:00,0.0,0.0,0.0,0.0,5.93,5.715,5.645999999999999,1.3890495605115791,0.8825602228113996,98.98941917579428,0.08632222339088536,0.042003394315269935,0.04431882907561542,71448.85
159576,UPDCREIT,2021-11-03,6.0,6.0,725025,2026-04-08T03:45:34.604091+00:00,0.0,0.0,0.0,0.0,6.0,5.735,5.654,1.3890495605115791,0.8825602228113996,98.98941917579425,0.0944373103118279,0.04009478498896998,0.05434252532285792,101666.55
159685,UPDCREIT,2021-11-04,6.0,6.0,686752,2026-04-08T03:45:37.086301+00:00,0.0,0.0,6.194690265486713,0.0,6.0,5.755000000000001,5.661999999999999,1.3890495605115791,0.8825602228113996,98.98941917579427,0.09971907573066474,0.03630124032624546,0.06341783540441928,127249.45
159794,UPDCREIT,2021-11-05,6.0,6.0,56150,2026-04-08T03:45:39.522081+00:00,0.0,0.0,0.0,0.0,6.0,5.7725,5.67,1.3851748533184511,0.8825602228113996,98.98941917579425,0.10272081130689781,0.03144238072198283,0.07127843058491498,115049.9
159903,UPDCREIT,2021-11-08,6.0,6.0,1721019,2026-04-08T03:45:44.061968+00:00,0.0,0.0,0.0,0.0,6.0,5.79,5.678,1.3851748533184511,0.8825602228113996,98.98941917579425,0.10390199090301255,0.026098848254478058,0.0778031426485345,200810.1
160012,UPDCREIT,2021-11-10,6.0,6.0,91630,2026-04-08T03:45:47.530577+00:00,0.0,0.0,0.0,0.0,6.0,5.8075,5.685999999999999,1.3851748533184511,0.8825602228113996,98.98941917579425,0.10364334824010513,0.020672164473256496,0.08297118376684863,203841.1
160121,UPDCREIT,2021-11-11,6.0,6.0,160348,2026-04-08T03:45:49.990111+00:00,0.0,0.0,0.0,0.0,6.0,5.825,5.694,1.3851748533184511,0.8825602228113996,98.98941917579427,0.10225958719947847,0.015430722746103881,0.0868288644533746,211803.25
160230,UPDCREIT,2021-11-12,6.0,6.0,66,2026-04-08T03:45:52.531373+00:00,0.0,0.0,0.0,6.194690265486713,6.0,5.842499999999999,5.701999999999999,1.3851748533184511,0.8825602228113996,98.98941917579425,0.1000100925129539,0.010544982447663429,0.08946511006529047,207381.55
160339,UPDCREIT,2021-11-15,6.0,6.0,575058,2026-04-08T03:45:57.041913+00:00,0.0,0.0,0.0,0.0,6.0,5.86,5.71,1.3851748533184511,0.8825602228113996,98.98941917579428,0.09710795174701037,0.006114273345375912,0.09099367840163446,235968.45
160448,UPDCREIT,2021-11-17,6.0,6.0,45333,2026-04-08T03:46:00.536124+00:00,0.0,0.0,0.0,0.0,6.0,5.8774999999999995,5.718,1.3851748533184511,0.8825602228113996,98.98941917579425,0.09372755141190314,0.0021870984082149464,0.0915404530036882,238235.1
160557,UPDCREIT,2021-11-18,6.0,6.0,26645,2026-04-08T03:46:03.012698+00:00,0.0,0.0,0.0,0.0,6.0,5.8950000000000005,5.725999999999999,1.3851748533184511,0.8825602228113996,98.98941917579425,0.09001096936688313,-0.0012235869094440466,0.09123455627632718,237693.35
160666,UPDCREIT,2021-11-19,5.6,5.6,202481,2026-04-08T03:46:05.423699+00:00,-6.666666666666677,0.0,0.0,0.0,5.92,5.8925,5.726,2.087651587229774,1.306282175624325,24.572409225465194,0.054164519395806465,-0.029656029504416564,0.08382054890022303,244844.5
160775,UPDCREIT,2021-11-22,5.6,5.6,782555,2026-04-08T03:46:10.306395+00:00,0.0,-6.666666666666677,0.0,0.0,5.840000000000001,5.89,5.725999999999999,2.087651587229774,1.306282175624325,24.57240922546519,0.02546243443959817,-0.0466864915684999,0.07214892600809807,283908.7
160884,UPDCREIT,2021-11-23,5.6,5.6,142565,2026-04-08T03:46:12.888041+00:00,0.0,0.0,0.0,0.0,5.76,5.8875,5.726,2.087651587229774,1.306282175624325,24.57240922546519,0.0026848757481001684,-0.05557124020799832,0.05825611595609849,274859.5
160993,UPDCREIT,2021-11-24,5.6,5.6,2114513,2026-04-08T03:46:15.261589+00:00,0.0,0.0,0.0,0.0,5.68,5.885,5.726,2.087651587229774,1.306282175624325,24.57240922546519,-0.015191386768009352,-0.05875800217928628,0.043566615411276925,374586.25
161102,UPDCREIT,2021-11-25,5.6,5.6,804373,2026-04-08T03:46:17.544601+00:00,0.0,0.0,0.0,0.0,5.6,5.8825,5.726,2.087651587229774,1.306282175624325,24.57240922546519,-0.029023884331707883,-0.058072399794387844,0.029048515462679964,413502.6
161211,UPDCREIT,2021-11-29,4.55,4.55,2492990,2026-04-08T03:46:23.244686+00:00,-18.75,0.0,-6.666666666666677,0.0,5.39,5.8275,5.705,4.678657663382254,2.957036552787663,6.368405957887509,-0.12329123844193646,-0.12187180312369314,-0.0014194353182433207,538005.5
161320,UPDCREIT,2021-11-30,4.1,4.1,2534223,2026-04-08T03:46:25.627389+00:00,-9.8901098901099,-18.75,0.0,0.0,5.09,5.7325,5.675,4.765516454816374,3.248441075318883,4.745734766528864,-0.2316398350987603,-0.18417631982441357,-0.04746351527434672,658904.0
161429,UPDCREIT,2021-12-01,4.1,4.1,817424,2026-04-08T03:46:28.190956+00:00,0.0,-9.8901098901099,0.0,0.0,4.79,5.6375,5.645,4.765516454816374,3.248441075318883,4.745734766528865,-0.3138885665524116,-0.2131400410224519,-0.10074852552995969,699443.2
161538,UPDCREIT,2021-12-02,4.1,4.1,1989648,2026-04-08T03:46:30.651544+00:00,0.0,0.0,0.0,0.0,4.49,5.5424999999999995,5.615,4.765516454816374,3.248441075318883,4.745734766528865,-0.374751378186442,-0.21920228212518583,-0.15554909606125616,798629.8
161647,UPDCREIT,2021-12-03,4.1,4.1,438220,2026-04-08T03:46:33.124129+00:00,0.0,0.0,0.0,0.0,4.1899999999999995,5.4475,5.585,4.765516454816374,3.248441075318883,4.745734766528864,-0.41816524623946805,-0.2100929201425695,-0.20807232609689855,820350.9
161756,UPDCREIT,2021-12-06,4.1,4.1,1094853,2026-04-08T03:46:37.622095+00:00,0.0,0.0,-18.75,-6.666666666666677,4.1,5.3525,5.555,4.765516454816374,3.248441075318883,4.745734766528864,-0.44741354461446736,-0.191472974814055,-0.25594056980041235,838842.3
161865,UPDCREIT,2021-12-07,4.1,4.1,354842,2026-04-08T03:46:39.947423+00:00,0.0,0.0,-9.8901098901099,0.0,4.1,5.257499999999999,5.525,4.765516454816374,3.248441075318883,4.745734766528863,-0.46523014824599596,-0.16743166275646687,-0.2977984854895291,822246.8
161974,UPDCREIT,2021-12-08,4.05,4.05,3561432,2026-04-08T03:46:42.482337+00:00,-1.2195121951219523,0.0,0.0,0.0,4.089999999999999,5.16,5.494,4.749514875933685,3.2486952470496866,4.545010328300679,-0.4778758616525103,-0.14406190093038496,-0.3338139607221253,997510.9
162083,UPDCREIT,2021-12-09,4.05,4.05,3339196,2026-04-08T03:46:44.852467+00:00,0.0,-1.2195121951219523,0.0,0.0,4.08,5.0625,5.462999999999999,4.749514875933685,3.2486952470496866,4.545010328300678,-0.48233759310601787,-0.11881890590711403,-0.36351868719890384,1078419.75
162193,UPDCREIT,2021-12-10,4.4,4.4,314648,2026-04-08T03:46:47.321476+00:00,8.641975308641992,0.0,0.0,0.0,4.14,4.9825,5.439000000000001,5.287101576388943,3.5007679540141603,28.943711781044005,-0.4524162990242253,-0.07111808946025716,-0.38129820956396815,1089570.65
162303,UPDCREIT,2021-12-13,4.5,4.5,16925803,2026-04-08T03:46:51.775824+00:00,2.2727272727272707,8.641975308641992,0.0,-18.75,4.220000000000001,4.9075,5.417000000000001,5.342775679461198,3.5209751539152268,34.12464158514697,-0.4158407404242537,-0.027634024688228398,-0.3882067157360253,1927843.4
162413,UPDCREIT,2021-12-14,4.2,4.2,356800,2026-04-08T03:46:54.126877+00:00,-6.666666666666665,2.2727272727272707,0.0,-9.8901098901099,4.24,4.8175,5.388999999999999,5.465237601141411,3.631162875453652,27.618649054335727,-0.4063773741088994,-0.014536526698299301,-0.3918408474106001,1945680.1
162523,UPDCREIT,2021-12-15,4.2,4.2,613099,2026-04-08T03:46:56.822916+00:00,0.0,-6.666666666666665,-1.2195121951219523,0.0,4.27,4.7275,5.361000000000001,5.465237601141411,3.631162875453652,27.61864905433573,-0.3943319745842331,-0.001992901738906372,-0.3923390728453267,1947582.15
162633,UPDCREIT,2021-12-16,4.2,4.2,11040,2026-04-08T03:46:59.215115+00:00,0.0,0.0,0.0,0.0,4.3,4.6375,5.332999999999999,5.465237601141411,3.631162875453652,27.618649054335734,-0.3804008840781927,0.00955055101370722,-0.38995143509189995,1945867.5
162744,UPDCREIT,2021-12-17,4.1,4.1,151071,2026-04-08T03:47:01.752329+00:00,-2.3809523809523947,0.0,8.641975308641992,0.0,4.24,4.5424999999999995,5.303000000000001,5.454152488244467,3.64002211343467,25.587654603305477,-0.3731283671965002,0.013458454316319812,-0.38658682151282003,1952088.8
162855,UPDCREIT,2021-12-20,4.1,4.1,52477,2026-04-08T03:47:06.293287+00:00,0.0,-2.3809523809523947,2.2727272727272707,0.0,4.159999999999999,4.4675,5.273,5.33926506908402,3.64002211343467,25.58765460330547,-0.3631783512100295,0.018726776242232457,-0.38190512745226196,1944588.6
162966,UPDCREIT,2021-12-21,4.1,4.1,398566,2026-04-08T03:47:08.729464+00:00,0.0,0.0,-6.666666666666665,0.0,4.14,4.3925,5.242999999999999,5.33926506908402,3.64002211343467,25.587654603305474,-0.3512439700102581,0.02452892595360312,-0.3757728959638612,1925389.15
163077,UPDCREIT,2021-12-22,4.1,4.1,793627,2026-04-08T03:47:11.106283+00:00,0.0,0.0,0.0,-1.2195121951219523,4.12,4.3175,5.212000000000001,5.33926506908402,3.634978731399583,25.587654603305477,-0.33789089106445225,0.03030560391952719,-0.36819649498397944,1957942.25
163188,UPDCREIT,2021-12-23,4.1,4.1,1248039,2026-04-08T03:47:13.420215+00:00,0.0,0.0,0.0,0.0,4.1,4.2425,5.181,5.33926506908402,3.634978731399583,25.587654603305474,-0.3235784686303935,0.035694421082868744,-0.35927288971326227,1914618.55
163299,UPDCREIT,2021-12-24,4.0,4.0,1875300,2026-04-08T03:47:15.708642+00:00,-2.4390243902438935,0.0,-2.3809523809523947,8.641975308641992,4.08,4.1625,5.148,5.333465485577483,3.6435385520579064,23.124446684961868,-0.31665473631162655,0.034094522721308584,-0.35074925903293513,1968164.9
163410,UPDCREIT,2021-12-29,3.75,3.75,4942858,2026-04-08T03:47:22.624079+00:00,-6.25,-2.4390243902438935,0.0,2.2727272727272707,4.01,4.1225000000000005,5.11,3.68637734959287,3.7281298342782767,18.364741060424667,-0.3275645786680146,0.018547744291936452,-0.34611232295995104,2090658.3
163521,UPDCREIT,2021-12-30,4.05,4.05,15484033,2026-04-08T03:47:25.019388+00:00,7.999999999999985,-6.25,0.0,-6.666666666666665,4.0,4.119999999999999,5.078,3.557504072037205,3.927032902868251,35.51695579638157,-0.3084476223527277,0.030131760485778647,-0.33857938283850636,2738148.8
163632,UPDCREIT,2021-12-31,4.45,4.45,4487759,2026-04-08T03:47:27.803632+00:00,9.876543209876543,7.999999999999985,0.0,0.0,4.07,4.1375,5.053999999999999,4.187516604849664,4.196136257035899,50.462188108387366,-0.25804604549770094,0.06442666987264434,-0.3224727153703453,2921665.55
163743,UPDCREIT,2022-01-04,4.45,4.45,1073034,2026-04-08T03:47:33.190226+00:00,0.0,9.876543209876543,0.0,0.0,4.14,4.155,5.03,4.187516604849664,4.196136257035899,50.462188108387366,-0.21561693490760625,0.08548462437019122,-0.30110155927779747,2875834.85
163855,UPDCREIT,2022-01-05,4.3,4.3,241095,2026-04-08T03:47:35.481449+00:00,-3.370786516853941,0.0,-2.4390243902438935,-2.3809523809523947,4.2,4.165,5.002999999999999,4.275264852286848,4.2168423892530935,45.84140395054116,-0.19188339316428316,0.08737453289081148,-0.27925792605509464,2865978.6
163967,UPDCREIT,2022-01-06,4.3,4.3,73286,2026-04-08T03:47:38.067383+00:00,0.0,-3.370786516853941,-6.25,0.0,4.3100000000000005,4.175,4.976,4.275264852286848,4.2168423892530935,45.84140395054116,-0.17110203261707202,0.08652471475041812,-0.25762674736749014,2814900.25
164079,UPDCREIT,2022-01-07,4.3,4.3,89561,2026-04-08T03:47:40.483305+00:00,0.0,0.0,7.999999999999985,0.0,4.36,4.1850000000000005,4.949000000000001,4.275264852286848,4.2168423892530935,45.84140395054115,-0.15287045916706887,0.08380503056033703,-0.2366754897274059,2801636.2
164191,UPDCREIT,2022-01-10,4.3,4.3,118409,2026-04-08T03:47:45.097739+00:00,0.0,0.0,9.876543209876543,0.0,4.33,4.1975,4.922,4.260775821253968,4.2168423892530935,45.84140395054115,-0.13684434937955015,0.07986491227828463,-0.21670926165783477,2629485.05
164303,UPDCREIT,2022-01-11,3.95,3.95,1418348,2026-04-08T03:47:47.617941+00:00,-8.139534883720923,0.0,0.0,0.0,4.2299999999999995,4.1925,4.888,4.668616930334776,4.353885241094541,35.60813568446339,-0.15064902861292406,0.05284818643592856,-0.20349721504885263,2533442.65
164415,UPDCREIT,2022-01-12,4.0,4.0,233493,2026-04-08T03:47:50.132225+00:00,1.2658227848101111,-8.139534883720923,-3.370786516853941,-2.4390243902438935,4.17,4.1725,4.855,4.217667977914463,4.361212690916639,37.74614380717842,-0.1557592584554488,0.03819036527472308,-0.19394962373017188,2529384.9
164527,UPDCREIT,2022-01-13,4.0,4.0,46787,2026-04-08T03:47:52.673244+00:00,0.0,1.2658227848101111,0.0,-6.25,4.11,4.1475,4.822,4.172480114020107,4.361212690916639,37.74614380717843,-0.15798796550066818,0.028769326583602955,-0.18675729208427114,1685434.1
164639,UPDCREIT,2022-01-14,4.0,4.0,232541,2026-04-08T03:47:55.308832+00:00,0.0,0.0,0.0,7.999999999999985,4.05,4.1375,4.782,3.9125435817211005,4.251126858424438,37.74614380717843,-0.15793367084378218,0.023058896992391165,-0.18099256783617335,1679221.15
164751,UPDCREIT,2022-01-17,4.0,4.0,20294,2026-04-08T03:47:59.999655+00:00,0.0,0.0,0.0,9.876543209876543,3.9899999999999998,4.1274999999999995,4.742,3.9125435817211005,4.251126858424438,37.74614380717843,-0.15609131838218993,0.019920999563186742,-0.17601231794537667,1649580.9
164863,UPDCREIT,2022-01-18,4.0,4.0,228631,2026-04-08T03:48:02.353596+00:00,0.0,0.0,-8.139534883720923,0.0,4.0,4.1175,4.702,3.9125435817211005,4.251126858424438,37.74614380717843,-0.15286906140080347,0.018514605235658566,-0.17138366663646204,1660460.45
164975,UPDCREIT,2022-01-19,4.0,4.0,507531,2026-04-08T03:48:04.820784+00:00,0.0,0.0,1.2658227848101111,-3.370786516853941,4.0,4.1125,4.662,3.8778597096468843,4.251126858424438,37.74614380717842,-0.14860240352193,0.01822501049162567,-0.16682741401355566,1678283.45
165087,UPDCREIT,2022-01-20,4.0,4.0,475935,2026-04-08T03:48:07.325935+00:00,0.0,0.0,0.0,0.0,4.0,4.1075,4.622,3.8778597096468843,4.251126858424438,37.74614380717843,-0.14356610571344675,0.01860904664008714,-0.16217515235353389,1699456.35
165199,UPDCREIT,2022-01-21,3.95,3.95,197187,2026-04-08T03:48:09.696329+00:00,-1.2499999999999956,0.0,0.0,0.0,3.9899999999999998,4.1,4.5809999999999995,3.887025483998578,4.2505157898387305,35.75193475065743,-0.14197281135394046,0.016161872799674737,-0.1581346841536152,1689387.4
165311,UPDCREIT,2022-01-24,3.95,3.95,361618,2026-04-08T03:48:14.136661+00:00,0.0,-1.2499999999999956,0.0,0.0,3.9799999999999995,4.0925,4.539999999999999,3.887025483998578,4.2505157898387305,35.75193475065743,-0.13910658003120524,0.015222483297927969,-0.1543290633291332,1667786.95
165423,UPDCREIT,2022-01-25,3.95,3.95,7076623,2026-04-08T03:48:16.50614+00:00,0.0,0.0,0.0,-8.139534883720923,3.97,4.085,4.499,3.887025483998578,4.2505157898387305,35.75193475065743,-0.1352756970287068,0.015242693040341149,-0.15051839006904794,1959216.15
165535,UPDCREIT,2022-01-26,3.95,3.95,3089524,2026-04-08T03:48:19.024911+00:00,0.0,0.0,0.0,1.2658227848101111,3.96,4.0825,4.457999999999999,3.848354201718984,4.2505157898387305,35.75193475065743,-0.13073268958197737,0.015828560389656465,-0.14656124997163383,2019927.35
165647,UPDCREIT,2022-01-27,3.85,3.85,46355317,2026-04-08T03:48:21.585909+00:00,-2.5316455696202556,0.0,0.0,0.0,3.9300000000000006,4.0875,4.414999999999999,3.612792283731477,4.256603448730411,31.303029166916936,-0.13366073002021528,0.010320415961134866,-0.14398114598135014,4090550.3
165759,UPDCREIT,2022-01-28,3.85,3.85,2315979,2026-04-08T03:48:23.969021+00:00,0.0,-2.5316455696202556,-1.2499999999999956,0.0,3.91,4.0775,4.372,3.110875768062054,4.256603448730411,31.30302916691694,-0.13443157959410268,0.0076396531097979725,-0.14207123270390065,3432147.6
165871,UPDCREIT,2022-01-31,3.85,3.85,2561029,2026-04-08T03:48:28.465348+00:00,0.0,0.0,0.0,0.0,3.8899999999999997,4.0475,4.329,2.0177062334137315,4.256603448730411,31.30302916691694,-0.13350353775490742,0.0068541559591945855,-0.140357693714102,3335811.1
165983,UPDCREIT,2022-02-01,3.6,3.6,7087833,2026-04-08T03:48:30.807911+00:00,-6.493506493506496,0.0,0.0,0.0,3.8200000000000003,4.005,4.281,2.387479290185856,4.330428904482235,22.543670248229795,-0.15119805155320343,-0.008672286271281138,-0.1425257652819223,3636551.05
166095,UPDCREIT,2022-02-02,3.6,3.6,1769852,2026-04-08T03:48:33.305516+00:00,0.0,-6.493506493506496,0.0,0.0,3.75,3.9699999999999998,4.233,2.331562771764018,4.330428904482235,22.54367024822979,-0.16333821989599162,-0.01664996369125546,-0.14668825620473616,3712988.9
166207,UPDCREIT,2022-02-03,3.6,3.6,1454513,2026-04-08T03:48:35.918914+00:00,0.0,0.0,-2.5316455696202556,0.0,3.7,3.935,4.193,2.331562771764018,4.251792259700073,22.54367024822979,-0.17098834358454607,-0.019440069903847917,-0.15154827368069815,3782050.25
166319,UPDCREIT,2022-02-04,3.6,3.6,5495122,2026-04-08T03:48:38.317721+00:00,0.0,0.0,0.0,-1.2499999999999956,3.65,3.9,4.1530000000000005,2.331562771764018,4.251792259700073,22.543670248229795,-0.17503344512304864,-0.01878813715388039,-0.15624530796916825,4052328.3
166431,UPDCREIT,2022-02-07,3.7,3.7,1045791,2026-04-08T03:48:42.904693+00:00,2.77777777777779,0.0,0.0,0.0,3.62,3.87,4.115,2.4642852546216316,4.2803305941869425,32.67894638068131,-0.16823079310765232,-0.009588388110787244,-0.15864240499686508,4098697.4
166543,UPDCREIT,2022-02-08,3.65,3.65,772004,2026-04-08T03:48:45.378139+00:00,-1.3513513513513598,2.77777777777779,-6.493506493506496,0.0,3.63,3.8550000000000004,4.0760000000000005,1.7532952774462085,4.279887442579936,30.527990156063304,-0.1649725239433666,-0.005064095157201187,-0.1599084287861654,4066380.2
166655,UPDCREIT,2022-02-09,3.55,3.55,4410356,2026-04-08T03:48:48.035665+00:00,-2.73972602739726,-1.3513513513513598,0.0,0.0,3.62,3.8325000000000005,4.034999999999999,1.7840085531354124,4.287516606858188,26.737472254179014,-0.16851692817142316,-0.006886799508206198,-0.16163012866321697,4275223.35
166767,UPDCREIT,2022-02-10,3.55,3.55,1330401,2026-04-08T03:48:50.398564+00:00,0.0,-2.73972602739726,0.0,-2.5316455696202556,3.6099999999999994,3.81,4.015,1.7840085531354124,3.4185623591275323,26.73747225417901,-0.16937346221709237,-0.006194666843100327,-0.16317879537399205,4339404.05
166879,UPDCREIT,2022-02-11,3.55,3.55,2048735,2026-04-08T03:48:52.774016+00:00,0.0,0.0,0.0,0.0,3.6,3.7875,4.0040000000000004,1.7840085531354124,3.134828314783365,26.73747225417901,-0.16811435399398889,-0.003948446895997465,-0.16416590709799142,4430213.75
166991,UPDCREIT,2022-02-14,3.5,3.5,1114304,2026-04-08T03:48:57.293433+00:00,-1.4084507042253502,0.0,2.77777777777779,0.0,3.56,3.7625,3.9920000000000004,1.787727376215682,3.1389534279925977,24.81344402102059,-0.16920064408706725,-0.004027789591260655,-0.1651728544958066,4484914.25
167103,UPDCREIT,2022-02-15,3.5,3.5,941925,2026-04-08T03:48:59.662493+00:00,0.0,-1.4084507042253502,-1.3513513513513598,-6.493506493506496,3.53,3.7375,3.98,1.787727376215682,3.1389534279925977,24.81344402102059,-0.16812351360059496,-0.0023605272838306823,-0.16576298631676428,4520578.95
167215,UPDCREIT,2022-02-16,3.45,3.45,741548,2026-04-08T03:49:02.003783+00:00,-1.4285714285714235,0.0,-2.73972602739726,0.0,3.5099999999999993,3.71,3.967,1.7889351350898721,3.14296210093536,22.90211257310441,-0.16935227446047474,-0.002871430514968354,-0.16648084394550638,4532279.8
167327,UPDCREIT,2022-02-17,3.6,3.6,166714,2026-04-08T03:49:04.32656+00:00,4.347826086956519,-1.4285714285714235,0.0,0.0,3.5200000000000005,3.69,3.957,2.1155545081361,3.210753065073802,38.265382420014134,-0.15641922642236894,0.008049294018509956,-0.1644685204408789,4516818.75
167439,UPDCREIT,2022-02-18,3.65,3.65,637442,2026-04-08T03:49:06.711382+00:00,1.388888888888884,4.347826086956519,0.0,0.0,3.54,3.675,3.948,2.1486048292723594,3.21860304762051,42.38662276954527,-0.1405153372025163,0.019162546590690083,-0.15967788379320638,4538831.5
167551,UPDCREIT,2022-02-21,3.75,3.75,494263,2026-04-08T03:49:10.978464+00:00,2.7397260273972712,1.388888888888884,-1.4084507042253502,2.77777777777779,3.59,3.665,3.9419999999999997,2.258112409448159,3.241179941230487,49.62919378191918,-0.11847650277439747,0.03296110481504713,-0.1514376075894446,4545463.75
167663,UPDCREIT,2022-02-22,3.8,3.8,200689,2026-04-08T03:49:13.528869+00:00,1.3333333333333197,2.7397260273972712,0.0,-1.3513513513513598,3.65,3.6574999999999998,3.9370000000000003,2.2849368068548497,3.247521571777507,52.822627218104486,-0.09587084613955321,0.04445340915991314,-0.14032425529946635,4201667.05
167775,UPDCREIT,2022-02-23,3.8,3.8,468835,2026-04-08T03:49:15.914345+00:00,0.0,1.3333333333333197,-1.4285714285714235,-2.73972602739726,3.72,3.65,3.925,2.2849368068548497,2.9941456314293338,52.82262721810449,-0.07706731634143305,0.05060555116642665,-0.1276728675078597,4070632.6
167887,UPDCREIT,2022-02-24,3.7,3.7,779791,2026-04-08T03:49:18.676795+00:00,-2.631578947368407,0.0,4.347826086956519,0.0,3.7399999999999998,3.6424999999999996,3.9090000000000003,2.2904795243237484,2.99017950849048,46.050668967974595,-0.06943415406266151,0.04659097075615856,-0.11602512481882007,1791856.3
167999,UPDCREIT,2022-02-25,3.7,3.7,621844,2026-04-08T03:49:21.264729+00:00,0.0,-2.631578947368407,1.388888888888884,0.0,3.75,3.6350000000000002,3.8989999999999996,2.2904795243237484,2.8478826187206163,46.0506689679746,-0.06266248385493256,0.042690112771110025,-0.10535259662604259,1707149.55
168111,UPDCREIT,2022-02-28,3.7,3.7,1263389,2026-04-08T03:49:25.620712+00:00,0.0,0.0,2.7397260273972712,-1.4084507042253502,3.7399999999999998,3.6275,3.889,2.2904795243237484,2.8478826187206163,46.050668967974595,-0.05664294185337937,0.03896772381813059,-0.09561066567150996,1642267.55
168223,UPDCREIT,2022-03-01,3.7,3.7,290019,2026-04-08T03:49:28.049171+00:00,0.0,0.0,1.3333333333333197,0.0,3.72,3.6325000000000003,3.8790000000000004,1.7419912320632325,2.8478826187206163,46.050668967974595,-0.05128127285668205,0.03546351425186234,-0.08674478710854439,1302376.85
168335,UPDCREIT,2022-03-02,3.65,3.65,389328,2026-04-08T03:49:30.283109+00:00,-1.3513513513513598,0.0,0.0,-1.4285714285714235,3.69,3.6350000000000002,3.87,1.774084651540168,2.835588014144924,42.39538132762063,-0.05048473705748435,0.029008040040848032,-0.07949277709833238,1233350.65
168447,UPDCREIT,2022-03-03,3.65,3.65,105339,2026-04-08T03:49:32.551227+00:00,0.0,-1.3513513513513598,-2.631578947368407,4.347826086956519,3.6800000000000006,3.6375,3.8609999999999998,1.774084651540168,2.835588014144924,42.395381327620626,-0.04928534590931033,0.02416594495121764,-0.07345129086052797,1165891.95
168559,UPDCREIT,2022-03-04,3.65,3.65,64664,2026-04-08T03:49:34.968546+00:00,0.0,0.0,0.0,1.388888888888884,3.6700000000000004,3.6399999999999997,3.852,1.774084651540168,2.835588014144924,42.39538132762063,-0.04778399562616098,0.020533836187493604,-0.06831783181365458,894369.05
168671,UPDCREIT,2022-03-07,3.7,3.7,309510,2026-04-08T03:49:39.227432+00:00,1.3698630136986356,0.0,0.0,2.7397260273972712,3.6700000000000004,3.6399999999999997,3.8440000000000003,1.6873765812277137,2.844096924892991,47.59109000106362,-0.042074573089492695,0.020994606979329505,-0.0630691800688222,857555.0
168783,UPDCREIT,2022-03-08,3.7,3.7,20843,2026-04-08T03:49:41.475537+00:00,0.0,1.3698630136986356,0.0,1.3333333333333197,3.6700000000000004,3.6424999999999996,3.8360000000000003,1.6566262243341723,2.844096924892991,47.59109000106362,-0.037121896479971994,0.020757826871080166,-0.05787972335105216,819996.95
168895,UPDCREIT,2022-03-09,3.7,3.7,326006,2026-04-08T03:49:43.759827+00:00,0.0,0.0,-1.3513513513513598,0.0,3.6799999999999997,3.65,3.83,1.5186311443919496,2.825163991381071,47.59109000106362,-0.03281855273769807,0.020048936490683275,-0.052867489228381345,615779.45
169007,UPDCREIT,2022-03-10,3.6,3.6,1059277,2026-04-08T03:49:46.077826+00:00,-2.7027027027027084,0.0,0.0,-2.631578947368407,3.6700000000000004,3.6525,3.8270000000000004,1.6533257635373286,2.710207708494273,38.84018742930377,-0.03705019450386349,0.012653835779614292,-0.04970403028347778,602223.25
169119,UPDCREIT,2022-03-11,3.6,3.6,61038,2026-04-08T03:49:48.438529+00:00,0.0,-2.7027027027027084,0.0,0.0,3.66,3.6550000000000002,3.818,1.6533257635373286,2.449074166519932,38.84018742930377,-0.03994335891320766,0.007808537096216095,-0.047751896009423755,502838.4
169231,UPDCREIT,2022-03-14,3.6,3.6,274254,2026-04-08T03:49:53.114563+00:00,0.0,0.0,1.3698630136986356,0.0,3.6399999999999997,3.66,3.801,1.6160370256098353,1.970881460865025,38.840187429303775,-0.041754888192173656,0.004797606253800081,-0.04655249444597374,460835.9
169343,UPDCREIT,2022-03-15,3.6,3.6,232466,2026-04-08T03:49:55.533531+00:00,0.0,0.0,0.0,0.0,3.62,3.665,3.784,1.6160370256098353,1.970881460865025,38.84018742930377,-0.04269833833162329,0.00308332489148036,-0.04578166322310365,425362.95
169455,UPDCREIT,2022-03-16,3.6,3.6,23804,2026-04-08T03:49:57.903122+00:00,0.0,0.0,0.0,-1.3513513513513598,3.6,3.6725000000000003,3.77,1.5734501407521646,1.9244146863863867,38.84018742930377,-0.04295091791858052,0.002264596243618501,-0.04521551416219902,389475.75
169567,UPDCREIT,2022-03-17,3.6,3.6,59410,2026-04-08T03:50:00.211329+00:00,0.0,0.0,-2.7027027027027084,0.0,3.6,3.6725000000000003,3.7560000000000002,1.2385115266439806,1.9244146863863867,38.84018742930377,-0.04265933875829253,0.0020449403231251953,-0.044704279081417726,384110.55
169679,UPDCREIT,2022-03-18,3.6,3.6,67046,2026-04-08T03:50:02.865266+00:00,0.0,0.0,0.0,0.0,3.6,3.6700000000000004,3.742,1.1951468706129256,1.9244146863863867,38.84018742930377,-0.04194474723660546,0.0022076254758498087,-0.04415237271245527,355590.75
169791,UPDCREIT,2022-03-21,3.6,3.6,179891,2026-04-08T03:50:07.476142+00:00,0.0,0.0,0.0,1.3698630136986356,3.6,3.6625,3.728,0.9978205855762247,1.9244146863863867,38.840187429303775,-0.040906879266775054,0.0025963947565441764,-0.04350327402331923,339872.15
169903,UPDCREIT,2022-03-24,3.6,3.6,19649,2026-04-08T03:50:12.041871+00:00,0.0,0.0,0.0,0.0,3.6,3.6525000000000007,3.7209999999999996,0.9324448418400602,1.5607403276361016,38.84018742930377,-0.03962755958366815,0.003100571551720867,-0.042728131135389015,330820.15
170015,UPDCREIT,2022-03-25,3.6,3.6,140397,2026-04-08T03:50:14.507747+00:00,0.0,0.0,0.0,0.0,3.6,3.6425000000000005,3.7129999999999996,0.9324448418400602,1.5471269472636653,38.840187429303775,-0.038173647472018235,0.003643586930696628,-0.04181723440271486,314398.25
170127,UPDCREIT,2022-03-28,3.6,3.6,22681,2026-04-08T03:50:18.995306+00:00,0.0,0.0,0.0,-2.7027027027027084,3.6,3.6375,3.705,0.7485787577044003,1.5471269472636653,38.840187429303775,-0.03659951521962013,0.004174175346475795,-0.04077369056609592,276542.75
170239,UPDCREIT,2022-03-29,3.6,3.6,13073,2026-04-08T03:50:21.48252+00:00,0.0,0.0,0.0,0.0,3.6,3.6325000000000003,3.697,0.7485787577044003,1.5471269472636653,38.840187429303775,-0.034949132227346524,0.004659646670999516,-0.03960877889834604,246104.2
170351,UPDCREIT,2022-03-31,3.6,3.6,27753,2026-04-08T03:50:25.686443+00:00,0.0,0.0,0.0,0.0,3.6,3.6275,3.6889999999999996,0.7485787577044003,1.5471269472636653,38.840187429303775,-0.033257816410297014,0.0050807699904392226,-0.03833858640073624,184322.4
170463,UPDCREIT,2022-04-01,3.3,3.3,1538869,2026-04-08T03:50:28.209626+00:00,-8.333333333333337,0.0,0.0,0.0,3.54,3.6074999999999995,3.675,1.9786017036028039,1.9274152804169968,15.88163404088657,-0.05548532890223479,-0.01371739400119884,-0.04176793490103595,246764.9
170575,UPDCREIT,2022-04-04,3.3,3.3,179060,2026-04-08T03:50:32.692631+00:00,0.0,-8.333333333333337,0.0,0.0,3.4799999999999995,3.5900000000000007,3.6609999999999996,1.972892959657446,1.9274152804169968,15.88163404088657,-0.07226773522609165,-0.02439984026004456,-0.047867894966047084,236251.5
170687,UPDCREIT,2022-04-05,3.45,3.45,232111,2026-04-08T03:50:35.152392+00:00,4.545454545454564,0.0,0.0,0.0,3.45,3.5799999999999996,3.65,2.270817614854773,2.0483958911311038,37.354589870348136,-0.0726269682692724,-0.019807258642580247,-0.05281970962669215,242590.1
170799,UPDCREIT,2022-04-06,3.4,3.4,358300,2026-04-08T03:50:37.478667+00:00,-1.449275362318847,4.545454545454564,0.0,0.0,3.41,3.5675000000000003,3.639,2.285294938562879,2.050525608836103,34.21891737349717,-0.07606936488977878,-0.0185997242104693,-0.05746964067930948,257271.9
170911,UPDCREIT,2022-04-07,3.3,3.3,1368395,2026-04-08T03:50:39.880974+00:00,-2.941176470588236,-1.449275362318847,0.0,0.0,3.35,3.5475000000000003,3.6260000000000003,2.3197240893789783,2.084285870329257,28.979405026652685,-0.08587671990710088,-0.022725663382233113,-0.06315105652486777,310216.15
171023,UPDCREIT,2022-04-08,3.3,3.3,945201,2026-04-08T03:50:42.48638+00:00,0.0,-2.941176470588236,-8.333333333333337,0.0,3.35,3.5275,3.613,2.3197240893789783,2.084285870329257,28.97940502665269,-0.09258189298440911,-0.023544669167633064,-0.06903722381677604,356434.05
171135,UPDCREIT,2022-04-11,3.3,3.3,294426,2026-04-08T03:50:47.197044+00:00,0.0,0.0,0.0,0.0,3.35,3.5074999999999994,3.6,2.3197240893789783,2.084285870329257,28.97940502665269,-0.09678016940697898,-0.022194356472162335,-0.07458581293481664,354855.05
171247,UPDCREIT,2022-04-12,3.55,3.55,1397762,2026-04-08T03:50:49.473284+00:00,7.575757575757569,0.0,4.545454545454564,0.0,3.37,3.5050000000000003,3.5940000000000003,2.8858134647117666,2.3413939913462603,51.951424595007595,-0.07902348945991067,-0.0035501412200752147,-0.07547334823983545,371779.3
171359,UPDCREIT,2022-04-13,3.55,3.55,106834,2026-04-08T03:50:51.878986+00:00,0.0,7.575757575757569,-1.449275362318847,0.0,3.4,3.5025,3.5879999999999996,2.8858134647117666,2.3413939913462603,51.95142459500758,-0.06421100814001379,0.009009872079857331,-0.07322088021987112,374069.1
171471,UPDCREIT,2022-04-14,3.55,3.55,890053,2026-04-08T03:50:54.439705+00:00,0.0,0.0,-2.941176470588236,0.0,3.45,3.5,3.582,2.8858134647117666,2.3413939913462603,51.95142459500759,-0.05187403835217497,0.017077473494156933,-0.0689515118463319,404859.05
171583,UPDCREIT,2022-04-19,3.55,3.55,56474,2026-04-08T03:51:01.439974+00:00,0.0,0.0,0.0,-8.333333333333337,3.5,3.4975,3.5810000000000004,2.8858134647117666,2.1541090090982657,51.95142459500758,-0.04161716414971206,0.021867478157295867,-0.06348464230700793,396059.45
171695,UPDCREIT,2022-04-20,3.5,3.5,860505,2026-04-08T03:51:03.698116+00:00,-1.4084507042253502,0.0,0.0,0.0,3.54,3.4924999999999997,3.579,2.9021783559312673,2.163229675753696,47.79283208584101,-0.03709548590960887,0.02111132511791925,-0.05820681102752812,437894.5
171807,UPDCREIT,2022-04-21,3.5,3.5,123410,2026-04-08T03:51:06.083072+00:00,0.0,-1.4084507042253502,7.575757575757569,4.545454545454564,3.53,3.4875,3.5770000000000004,2.9021783559312673,2.163229675753696,47.792832085841006,-0.033130119927652135,0.020061352879900796,-0.05319147280755293,441094.5
171919,UPDCREIT,2022-04-22,3.5,3.5,518626,2026-04-08T03:51:08.393199+00:00,0.0,0.0,0.0,-1.449275362318847,3.5199999999999996,3.4824999999999995,3.575,2.9021783559312673,2.163229675753696,47.79283208584101,-0.029645800483923068,0.018836537858903893,-0.04848233834282696,463673.5
172031,UPDCREIT,2022-04-25,3.85,3.85,768724,2026-04-08T03:51:12.880327+00:00,10.000000000000009,0.0,0.0,-2.941176470588236,3.5799999999999996,3.495,3.5780000000000003,3.6781085580580406,2.5595797883015172,69.28707565406691,0.0013421512225182397,0.03985959165227616,-0.038517440429757924,493115.15
172143,UPDCREIT,2022-04-26,3.85,3.85,187060,2026-04-08T03:51:15.284155+00:00,0.0,10.000000000000009,0.0,0.0,3.6399999999999997,3.5075000000000003,3.582,3.6781085580580406,2.550942397346869,69.28707565406691,0.025605165793404883,0.051298084978530244,-0.02569291918512536,501485.7
172255,UPDCREIT,2022-04-27,3.85,3.85,26151,2026-04-08T03:51:17.680395+00:00,0.0,0.0,-1.4084507042253502,0.0,3.71,3.5199999999999996,3.588,3.6781085580580406,2.517064132645153,69.28707565406691,0.04432285338263675,0.05601261805420969,-0.011689764671572941,495773.4
172367,UPDCREIT,2022-04-28,3.85,3.85,158826,2026-04-08T03:51:20.413235+00:00,0.0,0.0,0.0,7.575757575757569,3.78,3.5325,3.594,3.6781085580580406,2.517064132645153,69.28707565406692,0.05848260458921306,0.056137895408628805,0.0023447091805842597,502580.65
172479,UPDCREIT,2022-04-29,3.85,3.85,15810,2026-04-08T03:51:22.882631+00:00,0.0,0.0,0.0,0.0,3.85,3.5449999999999995,3.6,3.6781085580580406,2.517064132645153,69.28707565406692,0.06890995833124025,0.053252199320524794,0.015657759010715457,502717.5
172591,UPDCREIT,2022-05-04,3.7,3.7,243397,2026-04-08T03:51:29.674847+00:00,-3.8961038961038974,0.0,10.000000000000009,0.0,3.8200000000000003,3.55,3.6039999999999996,3.80148448270542,2.573320479951189,55.183017045381284,0.06432842683760054,0.03893653426150807,0.02539189257609247,513499.7
172703,UPDCREIT,2022-05-05,3.7,3.7,16333,2026-04-08T03:51:32.050072+00:00,0.0,-3.8961038961038974,0.0,0.0,3.7900000000000005,3.5700000000000003,3.6079999999999997,3.2301784824720476,2.573320479951189,55.18301704538128,0.0600058203757734,0.02769114223974474,0.03231467813602866,437372.9
172816,UPDCREIT,2022-05-09,3.75,3.75,634418,2026-04-08T03:51:37.853933+00:00,1.3513513513513375,0.0,0.0,-1.4084507042253502,3.7700000000000005,3.5925,3.614,3.2306316272606614,2.5686958877892327,58.45254050109654,0.059923939867210674,0.022087409384945605,0.03783653048226507,460140.8
172929,UPDCREIT,2022-05-10,3.75,3.75,327162,2026-04-08T03:51:40.332012+00:00,0.0,1.3513513513513375,0.0,0.0,3.75,3.6075000000000004,3.617,3.1023840116663273,2.4979928824797364,58.452540501096536,0.059176894569992644,0.01707229127018206,0.042104603299810583,464893.35
173042,UPDCREIT,2022-05-11,3.75,3.75,132833,2026-04-08T03:51:42.74313+00:00,0.0,0.0,0.0,0.0,3.7299999999999995,3.625,3.6189999999999998,3.072180261832932,2.491214927355088,58.45254050109654,0.057917222105562605,0.012650095044601614,0.04526712706096099,453620.0
173155,UPDCREIT,2022-05-12,3.75,3.75,70390,2026-04-08T03:51:45.11326+00:00,0.0,0.0,-3.8961038961038974,10.000000000000009,3.7400000000000007,3.6475,3.6189999999999998,2.965618005688502,2.4615643690661333,58.45254050109654,0.056270273911430024,0.008802517480375222,0.0474677564310548,388719.75
173268,UPDCREIT,2022-05-13,3.75,3.75,117646,2026-04-08T03:51:47.585464+00:00,0.0,0.0,0.0,0.0,3.75,3.6700000000000004,3.6179999999999994,2.965618005688502,2.4543600797501783,58.45254050109654,0.054338673201936416,0.005496733416705292,0.048841939785231124,347342.0
173381,UPDCREIT,2022-05-16,3.75,3.75,173782,2026-04-08T03:51:52.042574+00:00,0.0,0.0,1.3513513513513375,0.0,3.75,3.6925000000000003,3.617,2.965618005688502,2.4543600797501783,58.45254050109654,0.052206066683650576,0.0026913015187355616,0.049514765164915014,341309.8
173494,UPDCREIT,2022-05-17,3.9,3.9,493406,2026-04-08T03:51:54.492158+00:00,4.0000000000000036,0.0,0.0,0.0,3.78,3.7099999999999995,3.6209999999999996,2.615164311859529,2.4880590257722286,69.02693265566495,0.06190609215583498,0.009913061592735965,0.051993030563099014,296092.0
173607,UPDCREIT,2022-05-18,3.9,3.9,68285,2026-04-08T03:51:57.297116+00:00,0.0,4.0000000000000036,0.0,0.0,3.81,3.7275,3.625,2.615164311859529,2.4880590257722286,69.02693265566495,0.06880034468069907,0.01344585129408004,0.055354493386619026,294164.55
173720,UPDCREIT,2022-05-19,3.9,3.9,8379,2026-04-08T03:51:59.624655+00:00,0.0,0.0,0.0,-3.8961038961038974,3.84,3.745,3.6290000000000004,2.615164311859529,2.4880590257722286,69.02693265566495,0.07341777506706659,0.01445062534435805,0.05896714972270854,250080.85
173833,UPDCREIT,2022-05-20,3.75,3.75,203463,2026-04-08T03:52:02.40298+00:00,-3.8461538461538436,0.0,0.0,0.0,3.84,3.7550000000000003,3.63,2.789642593754219,2.550984181889242,52.377199916415925,0.0642329381895248,0.004212630773453005,0.0600203074160718,257430.3
173946,UPDCREIT,2022-05-23,3.75,3.75,95169,2026-04-08T03:52:07.648814+00:00,0.0,-3.8461538461538436,0.0,1.3513513513513375,3.84,3.7675000000000005,3.6319999999999997,2.7616143274190934,2.5428905056747824,52.377199916415925,0.05630484162518812,-0.0029723726327069502,0.05927721425789507,219163.5
174059,UPDCREIT,2022-05-24,3.75,3.75,276425,2026-04-08T03:52:10.277037+00:00,0.0,0.0,4.0000000000000036,0.0,3.81,3.7800000000000002,3.6340000000000003,2.7616143274190934,2.5428905056747824,52.37719991641593,0.049451719341161215,-0.007860395933387089,0.057312115274548305,226814.25
174172,UPDCREIT,2022-05-25,3.75,3.75,753992,2026-04-08T03:52:13.066486+00:00,0.0,0.0,0.0,0.0,3.7800000000000002,3.7925000000000004,3.636,2.7616143274190934,2.5428905056747824,52.377199916415925,0.04351891163326416,-0.011034562913027318,0.054553474546291475,238582.55
174285,UPDCREIT,2022-05-26,3.75,3.75,934390,2026-04-08T03:52:15.508934+00:00,0.0,0.0,0.0,0.0,3.75,3.7875,3.637,1.5813527484206822,2.5361386773271826,52.37719991641593,0.03837475845319327,-0.01294297287447857,0.05131773132767184,246865.85
174398,UPDCREIT,2022-05-27,3.75,3.75,65306,2026-04-08T03:52:18.156913+00:00,0.0,0.0,-3.8461538461538436,0.0,3.75,3.7825,3.638,1.5813527484206822,2.5361386773271826,52.37719991641592,0.03390711982546657,-0.013928489201764219,0.04783560902723079,240778.15
174511,UPDCREIT,2022-05-30,3.75,3.75,319589,2026-04-08T03:52:22.656757+00:00,0.0,0.0,0.0,0.0,3.75,3.7775000000000007,3.6390000000000002,1.5813527484206822,2.5361386773271826,52.377199916415925,0.030020427227384516,-0.014252145439877024,0.04427257266726154,255450.05
174624,UPDCREIT,2022-05-31,3.75,3.75,646770,2026-04-08T03:52:25.114026+00:00,0.0,0.0,0.0,4.0000000000000036,3.75,3.7725,3.642,1.5813527484206822,2.504706848862886,52.377199916415925,0.026633184568176205,-0.014111510479268272,0.040744695047444476,279847.25
174737,UPDCREIT,2022-06-01,3.75,3.75,349831,2026-04-08T03:52:27.834682+00:00,0.0,0.0,0.0,0.0,3.75,3.7675000000000005,3.645,1.5813527484206822,2.504706848862886,52.37719991641592,0.02367584989707927,-0.013655076120292167,0.03733092601737144,296548.3
174850,UPDCREIT,2022-06-02,3.75,3.75,122768,2026-04-08T03:52:30.493727+00:00,0.0,0.0,0.0,0.0,3.75,3.7700000000000005,3.648,1.3079869809950933,2.504706848862886,52.37719991641592,0.02108903954340402,-0.012993509179173933,0.03408254872257795,290516.85
174963,UPDCREIT,2022-06-03,3.4,3.4,12419680,2026-04-08T03:52:33.10221+00:00,-9.333333333333337,0.0,0.0,-3.8461538461538436,3.6799999999999997,3.755,3.644,2.477967922427432,2.8387374978676254,24.01634781416167,-0.009098222580340654,-0.034544617042334885,0.02544639446199423,910684.2
175076,UPDCREIT,2022-06-06,3.4,3.4,129748,2026-04-08T03:52:37.969718+00:00,0.0,-9.333333333333337,0.0,0.0,3.6100000000000003,3.7375,3.64,2.4461662945953955,2.8387374978676254,24.016347814161673,-0.03264552797552156,-0.04647353795001263,0.013828009974491073,885450.7
175189,UPDCREIT,2022-06-07,3.4,3.4,15848,2026-04-08T03:52:40.734023+00:00,0.0,0.0,0.0,0.0,3.54,3.7199999999999998,3.6359999999999997,2.4461662945953955,2.8387374978676254,24.01634781416167,-0.05072224270991654,-0.05164020214752609,0.0009179594376095505,869885.0
175302,UPDCREIT,2022-06-08,3.4,3.4,14307,2026-04-08T03:52:43.634804+00:00,0.0,0.0,0.0,0.0,3.47,3.7024999999999997,3.6319999999999997,2.4461662945953955,2.8387374978676254,24.01634781416167,-0.06430687969316118,-0.052179871304616585,-0.012127008388544596,863958.7
175415,UPDCREIT,2022-06-09,3.4,3.4,26069,2026-04-08T03:52:46.431396+00:00,0.0,0.0,0.0,0.0,3.4,3.685,3.628,2.4461662945953955,2.8387374978676254,24.01634781416167,-0.07421727186301785,-0.049672210779578604,-0.02454506108343925,861742.65
175528,UPDCREIT,2022-06-10,3.4,3.4,24157,2026-04-08T03:52:48.916453+00:00,0.0,0.0,-9.333333333333337,0.0,3.4,3.6674999999999995,3.6240000000000006,2.4461662945953955,2.8387374978676254,24.01634781416167,-0.08113604325691659,-0.04527278573878187,-0.03586325751813472,857068.2
175641,UPDCREIT,2022-06-14,3.4,3.4,37305,2026-04-08T03:52:55.08065+00:00,0.0,0.0,0.0,0.0,3.4,3.65,3.62,2.4461662945953955,2.8387374978676254,24.01634781416167,-0.08563210582185876,-0.03981507864297923,-0.04581702717887953,850244.35
175754,UPDCREIT,2022-06-15,3.4,3.4,376529,2026-04-08T03:52:57.782204+00:00,0.0,0.0,0.0,0.0,3.4,3.625,3.6159999999999997,2.215009402423692,2.8387374978676254,24.016347814161673,-0.08817879750867252,-0.03388941626383439,-0.054289381244838134,844400.5
175867,UPDCREIT,2022-06-16,3.4,3.4,49298,2026-04-08T03:53:00.45527+00:00,0.0,0.0,0.0,0.0,3.4,3.6,3.612,2.215009402423692,2.8387374978676254,24.01634781416167,-0.08916918219197445,-0.027903840757709047,-0.0612653414342654,843451.15
175980,UPDCREIT,2022-06-17,3.4,3.4,177340,2026-04-08T03:53:03.647185+00:00,0.0,0.0,0.0,0.0,3.4,3.575,3.608,2.215009402423692,2.8387374978676254,24.01634781416167,-0.08892895159123437,-0.022130888125575177,-0.0667980634656592,851899.2
176093,UPDCREIT,2022-06-20,3.4,3.4,139176,2026-04-08T03:53:09.449588+00:00,0.0,0.0,0.0,-9.333333333333337,3.4,3.5574999999999997,3.61,2.0869967789998047,2.5764825452754816,24.016347814161673,-0.0877273013873352,-0.01674339033734079,-0.07098391104999441,848684.85
176206,UPDCREIT,2022-06-21,3.4,3.4,444995,2026-04-08T03:53:11.833027+00:00,0.0,0.0,0.0,0.0,3.4,3.54,3.612,2.0869967789998047,2.5764825452754816,24.016347814161673,-0.08578609622602018,-0.011841748140820618,-0.07394434808519956,866176.15
176319,UPDCREIT,2022-06-22,3.4,3.4,174893,2026-04-08T03:53:14.63862+00:00,0.0,0.0,0.0,0.0,3.4,3.5224999999999995,3.6109999999999998,2.0869967789998047,2.495041963312611,24.016347814161673,-0.08328758966116068,-0.00747459326076888,-0.0758129964003918,861099.55
176432,UPDCREIT,2022-06-23,3.4,3.4,91699,2026-04-08T03:53:17.250825+00:00,0.0,0.0,0.0,0.0,3.4,3.505,3.611,2.0869967789998047,2.4862521105986586,24.01634781416167,-0.08038092395181318,-0.0036543420411370986,-0.07672658191067608,827984.9
176545,UPDCREIT,2022-06-24,3.4,3.4,180939,2026-04-08T03:53:19.718295+00:00,0.0,0.0,0.0,0.0,3.4,3.4875,3.613,2.0869967789998047,2.449034819807318,24.01634781416167,-0.07718759983250312,-0.0003688143374616232,-0.0768187854950415,790312.35
176658,UPDCREIT,2022-06-27,3.4,3.4,154749,2026-04-08T03:53:24.073012+00:00,0.0,0.0,0.0,0.0,3.4,3.4699999999999998,3.615,2.0869967789998047,2.449034819807318,24.016347814161673,-0.07380607694891284,0.002410166836902927,-0.07621624378581576,794784.5
176771,UPDCREIT,2022-06-28,3.4,3.4,18813,2026-04-08T03:53:26.399159+00:00,0.0,0.0,0.0,0.0,3.4,3.4524999999999997,3.617,2.0869967789998047,2.449034819807318,24.01634781416167,-0.07031564076434593,0.004720482417175861,-0.0750361231815218,779745.7
176884,UPDCREIT,2022-06-29,3.4,3.4,58318,2026-04-08T03:53:28.994117+00:00,0.0,0.0,0.0,0.0,3.4,3.4349999999999996,3.614,2.0869967789998047,2.1978525927955657,24.01634781416167,-0.06677965069650149,0.006605177988016242,-0.07338482868451773,750323.1
176997,UPDCREIT,2022-06-30,3.45,3.45,503435,2026-04-08T03:53:31.346855+00:00,1.4705882352941346,0.0,0.0,0.0,3.41,3.4199999999999995,3.6120000000000005,2.1297714585207164,2.2085219825985845,41.263313568642246,-0.05925966245877179,0.011300132980596761,-0.07055979543936855,758003.3
177110,UPDCREIT,2022-07-01,3.45,3.45,106286,2026-04-08T03:53:33.724657+00:00,0.0,1.4705882352941346,0.0,0.0,3.4200000000000004,3.405,3.61,2.1297714585207164,2.2085219825985845,41.26331356864224,-0.05269260999378389,0.014293748356467725,-0.06698635835025162,757179.2
177223,UPDCREIT,2022-07-04,3.45,3.45,194615,2026-04-08T03:53:38.198731+00:00,0.0,0.0,0.0,0.0,3.4300000000000006,3.4075,3.6079999999999997,0.32883352610291405,2.2085219825985845,41.263313568642246,-0.04694699783467593,0.01603148841246055,-0.06297848624713648,145925.95
177336,UPDCREIT,2022-07-06,3.6,3.6,243312,2026-04-08T03:53:41.625349+00:00,4.347826086956519,0.0,0.0,0.0,3.47,3.4174999999999995,3.61,1.0097817424138997,2.284109984712286,68.25880086449143,-0.029944629358626518,0.02642708551080797,-0.056371714869434486,151604.15
177449,UPDCREIT,2022-07-07,3.6,3.6,32908,2026-04-08T03:53:44.268487+00:00,0.0,4.347826086956519,0.0,0.0,3.5100000000000002,3.4275000000000007,3.612,1.0097817424138997,2.284109984712286,68.25880086449143,-0.016282436058489225,0.03207142304875621,-0.048353859107245434,152457.15
177562,UPDCREIT,2022-07-13,3.6,3.6,116320,2026-04-08T03:53:51.5999+00:00,0.0,0.0,1.4705882352941346,0.0,3.5400000000000005,3.4375,3.614,1.0097817424138997,2.284109984712286,68.25880086449143,-0.005392883631788692,0.034368780380365394,-0.039761664012154085,157557.8
177675,UPDCREIT,2022-07-14,3.45,3.45,267317,2026-04-08T03:53:54.010732+00:00,-4.1666666666666625,0.0,0.0,0.0,3.54,3.44,3.606,1.4196166835383837,1.8697812661841327,43.36558561714329,-0.008765537615066599,0.024796901117669988,-0.03356243873273659,169620.2
177788,UPDCREIT,2022-07-15,3.45,3.45,100500,2026-04-08T03:53:56.616585+00:00,0.0,-4.1666666666666625,0.0,0.0,3.5400000000000005,3.4425000000000003,3.5980000000000003,1.4196166835383837,1.8697812661841327,43.36558561714329,-0.011308038170454005,0.017803520449826065,-0.02911155862028007,173437.35
177901,UPDCREIT,2022-07-18,3.45,3.45,7015,2026-04-08T03:54:01.214275+00:00,0.0,0.0,4.347826086956519,0.0,3.5100000000000002,3.4449999999999994,3.59,1.4196166835383837,1.8697812661841327,43.36558561714329,-0.013171159253217102,0.012752319493650376,-0.025923478746867477,171922.85
178014,UPDCREIT,2022-07-19,3.4,3.4,165324,2026-04-08T03:54:03.665978+00:00,-1.449275362318847,0.0,0.0,0.0,3.47,3.4450000000000003,3.5810000000000004,1.4604556224120366,1.8778107949282354,37.649321474402406,-0.01846937481090105,0.005963283148773143,-0.024432657959674194,161362.6
178127,UPDCREIT,2022-07-20,3.4,3.4,28560,2026-04-08T03:54:06.203384+00:00,0.0,-1.449275362318847,0.0,1.4705882352941346,3.4299999999999997,3.4450000000000003,3.572,1.4604556224120366,1.8778107949282354,37.6493214744024,-0.0224099211901585,0.0016181894156125573,-0.024028110605771057,160325.7
178240,UPDCREIT,2022-07-21,3.4,3.4,18445,2026-04-08T03:54:08.685258+00:00,0.0,0.0,-4.1666666666666625,0.0,3.4200000000000004,3.4449999999999994,3.5660000000000003,1.4604556224120366,1.8018973998198191,37.6493214744024,-0.02524186013470331,-0.000970999623145799,-0.02427086051155751,152380.95
178353,UPDCREIT,2022-07-22,3.4,3.4,7641,2026-04-08T03:54:11.171489+00:00,0.0,0.0,0.0,0.0,3.41,3.4450000000000003,3.56,1.4604556224120366,1.8018973998198191,37.649321474402406,-0.027172959192284907,-0.0023216789445819133,-0.024851280247702993,145804.2
178466,UPDCREIT,2022-07-25,3.4,3.4,49031,2026-04-08T03:54:15.900169+00:00,0.0,0.0,0.0,4.347826086956519,3.4,3.4449999999999994,3.553,1.4604556224120366,1.7889684989480117,37.649321474402406,-0.028376265186774052,-0.0028199879512568436,-0.02555627723551721,126006.0
178579,UPDCREIT,2022-07-26,3.4,3.4,330410,2026-04-08T03:54:18.382379+00:00,0.0,0.0,-1.449275362318847,0.0,3.4,3.4450000000000003,3.5460000000000003,1.4604556224120366,1.7889684989480117,37.6493214744024,-0.0289956500521229,-0.002751498253284551,-0.02624415179883835,133781.85
178692,UPDCREIT,2022-07-27,3.25,3.25,334413,2026-04-08T03:54:20.730044+00:00,-4.411764705882348,0.0,0.0,0.0,3.37,3.4375,3.536,1.7637503749332137,1.8860942343809388,23.28525458496329,-0.041116300302158404,-0.01189771880265604,-0.029218581499502363,145917.55
178805,UPDCREIT,2022-07-28,3.55,3.55,316934,2026-04-08T03:54:23.385493+00:00,9.23076923076922,-4.411764705882348,0.0,-4.1666666666666625,3.4,3.4449999999999994,3.5320000000000005,2.752393585754652,2.3156818079815635,57.88932325146242,-0.02621235049461168,0.0024049848039125465,-0.028617335298524227,152717.3
178918,UPDCREIT,2022-07-29,3.55,3.55,44455,2026-04-08T03:54:25.692024+00:00,0.0,9.23076923076922,0.0,0.0,3.4299999999999997,3.4524999999999997,3.528,2.752393585754652,2.3156818079815635,57.88932325146243,-0.014236750497306883,0.011504467840973878,-0.02574121833828076,147202.6
179031,UPDCREIT,2022-08-01,3.55,3.55,51981,2026-04-08T03:54:30.144665+00:00,0.0,0.0,0.0,0.0,3.46,3.46,3.5240000000000005,2.752393585754652,2.3156818079815635,57.88932325146242,-0.004691915735917096,0.016839442081890935,-0.02153135781780803,148861.0
179144,UPDCREIT,2022-08-02,3.55,3.55,80059,2026-04-08T03:54:32.509592+00:00,0.0,0.0,0.0,-1.449275362318847,3.4899999999999998,3.4675000000000002,3.517,2.752393585754652,2.23958563904953,57.88932325146243,0.0028397002821054507,0.019496846479930788,-0.016657146197825337,149948.05
179257,UPDCREIT,2022-08-03,3.55,3.55,20728,2026-04-08T03:54:34.924873+00:00,0.0,0.0,-4.411764705882348,0.0,3.55,3.4725,3.51,2.7377038957447777,2.23958563904953,57.88932325146242,0.008708177785888171,0.020292259186970807,-0.011584081401082637,125812.7
179370,UPDCREIT,2022-08-04,3.55,3.55,112050,2026-04-08T03:54:37.32089+00:00,0.0,0.0,9.23076923076922,0.0,3.55,3.4775,3.503,2.7377038957447777,2.23958563904953,57.88932325146242,0.013206749302687726,0.019832664563016293,-0.006625915260328566,126100.9
179483,UPDCREIT,2022-08-05,3.55,3.55,1067,2026-04-08T03:54:40.805957+00:00,0.0,0.0,0.0,0.0,3.55,3.4824999999999995,3.4989999999999997,2.7377038957447777,2.17564332037857,57.88932325146242,0.016580766880776476,0.018565345712884034,-0.0019845788321075576,116423.5
179596,UPDCREIT,2022-08-08,3.55,3.55,135284,2026-04-08T03:54:45.81173+00:00,0.0,0.0,0.0,0.0,3.55,3.4799999999999995,3.495,2.5557007807052234,2.17564332037857,57.88932325146242,0.019035273337903114,0.016815881736008537,0.002219391601894577,111022.1
179709,UPDCREIT,2022-08-09,3.55,3.55,59846,2026-04-08T03:54:48.637408+00:00,0.0,0.0,0.0,0.0,3.55,3.4775,3.4909999999999997,2.5557007807052234,2.17564332037857,57.88932325146243,0.020741393515561146,0.014817601530933255,0.005923791984627891,112369.0
179822,UPDCREIT,2022-08-10,3.55,3.55,91767,2026-04-08T03:54:51.561754+00:00,0.0,0.0,0.0,-4.411764705882348,3.55,3.475,3.487,2.5557007807052234,2.17564332037857,57.88932325146243,0.0218417282015837,0.012734348973564645,0.009107379228019054,111141.35
179935,UPDCREIT,2022-08-11,3.55,3.55,44593,2026-04-08T03:54:54.196076+00:00,0.0,0.0,0.0,9.23076923076922,3.55,3.4799999999999995,3.483,2.364244774888415,2.17564332037857,57.88932325146242,0.02245490519830673,0.010678020776230139,0.01177688442207659,100005.15
180048,UPDCREIT,2022-08-12,3.55,3.55,65285,2026-04-08T03:54:57.115593+00:00,0.0,0.0,0.0,0.0,3.55,3.4849999999999994,3.4789999999999996,2.364244774888415,2.17564332037857,57.88932325146243,0.02267941817068797,0.008722026998889104,0.013957391171798866,98244.4
180161,UPDCREIT,2022-08-15,3.55,3.55,18715,2026-04-08T03:55:01.874457+00:00,0.0,0.0,0.0,0.0,3.55,3.4899999999999998,3.475,2.364244774888415,2.17564332037857,57.88932325146243,0.02259686373969627,0.006911578054317923,0.015685285685378348,98829.4
180274,UPDCREIT,2022-08-16,3.2,3.2,672185,2026-04-08T03:55:04.540652+00:00,-9.859154929577452,0.0,0.0,0.0,3.4799999999999995,3.4799999999999995,3.464,3.249320159924155,2.577359017574268,24.332438874318385,-0.005645557694723635,-0.017064674704081587,0.011419117009357951,124172.45
180387,UPDCREIT,2022-08-17,3.2,3.2,142156,2026-04-08T03:55:07.214991+00:00,0.0,-9.859154929577452,0.0,0.0,3.41,3.4699999999999998,3.4530000000000003,3.249320159924155,2.577359017574268,24.332438874318388,-0.027708474115483384,-0.031302072899873065,0.0035935987843896833,129852.25
180500,UPDCREIT,2022-08-18,3.2,3.2,228529,2026-04-08T03:55:09.916723+00:00,0.0,0.0,0.0,0.0,3.34,3.46,3.4419999999999997,3.249320159924155,2.577359017574268,24.332438874318388,-0.04467846875721282,-0.038617654033282,-0.0060608147239308175,140356.45
180613,UPDCREIT,2022-08-19,3.25,3.25,222123,2026-04-08T03:55:12.400686+00:00,1.5625,0.0,0.0,0.0,3.28,3.4524999999999997,3.4389999999999996,3.274385502577738,2.234371145521919,31.425028091487505,-0.0534762882770039,-0.03793237884245847,-0.015543909434545436,151080.55
180726,UPDCREIT,2022-08-22,3.25,3.25,20838,2026-04-08T03:55:17.568382+00:00,0.0,1.5625,0.0,0.0,3.22,3.4450000000000003,3.4360000000000004,3.274385502577738,2.234371145521919,31.42502809148751,-0.05975975042753001,-0.03537267279438766,-0.02438707763314235,149670.9
180839,UPDCREIT,2022-08-23,3.25,3.25,393983,2026-04-08T03:55:19.990422+00:00,0.0,0.0,-9.859154929577452,0.0,3.2299999999999995,3.4375,3.4330000000000003,3.274385502577738,2.234371145521919,31.42502809148751,-0.06400166806195928,-0.03169167234305355,-0.032309995718905735,152849.55
180952,UPDCREIT,2022-08-24,3.25,3.25,3870,2026-04-08T03:55:23.644905+00:00,0.0,0.0,0.0,0.0,3.2400000000000007,3.4375,3.43,3.118770121046728,2.234371145521919,31.42502809148751,-0.066595744065435,-0.027428598677223415,-0.03916714538821159,136322.4
181065,UPDCREIT,2022-08-25,3.25,3.25,76207,2026-04-08T03:55:26.062264+00:00,0.0,0.0,0.0,0.0,3.25,3.4225000000000003,3.427,2.2501768120514587,2.234371145521919,31.42502809148751,-0.06786921393635881,-0.022961654838517774,-0.044907559097841034,124286.05
181178,UPDCREIT,2022-08-26,3.25,3.25,35087,2026-04-08T03:55:28.378019+00:00,0.0,0.0,1.5625,0.0,3.25,3.4075,3.424,2.2501768120514587,2.234371145521919,31.425028091487505,-0.06809350840575634,-0.01854875944633224,-0.0495447489594241,123817.65
181291,UPDCREIT,2022-08-29,3.55,3.55,500133,2026-04-08T03:55:33.185942+00:00,9.23076923076922,0.0,0.0,0.0,3.31,3.4074999999999998,3.4270000000000005,3.118770121046728,2.592534657215994,63.471737287743856,-0.04356161936148606,0.004786503678350443,-0.0483481230398365,146225.25
181404,UPDCREIT,2022-08-30,3.55,3.55,30770,2026-04-08T03:55:35.909469+00:00,0.0,9.23076923076922,0.0,-9.859154929577452,3.37,3.4074999999999998,3.43,3.118770121046728,2.592534657215994,63.47173728774384,-0.023845049661713524,0.01960245870249839,-0.04344750836421191,143760.8
181517,UPDCREIT,2022-08-31,3.3,3.3,325766,2026-04-08T03:55:38.363566+00:00,-7.042253521126762,0.0,0.0,0.0,3.38,3.3949999999999996,3.428,3.4987163750396713,2.783404393090745,43.723734800401026,-0.028068876254065955,0.012302905688116768,-0.04037178194218272,159012.7
181630,UPDCREIT,2022-09-01,3.4,3.4,303488,2026-04-08T03:55:40.868139+00:00,3.0303030303030276,-7.042253521126762,0.0,0.0,3.41,3.3875,3.428,3.5773693664619177,2.8166793995024113,50.37478011114367,-0.023081060891902982,0.013832576840223793,-0.036913637732126775,168584.6
181743,UPDCREIT,2022-09-02,3.4,3.4,170999,2026-04-08T03:55:43.232165+00:00,0.0,3.0303030303030276,0.0,1.5625,3.44,3.3800000000000003,3.4279999999999995,3.5773693664619177,2.8166793995024113,50.37478011114368,-0.0189101963102436,0.014402753137506538,-0.03331294944775014,177081.2
181856,UPDCREIT,2022-09-05,3.4,3.4,7701,2026-04-08T03:55:48.110555+00:00,0.0,0.0,9.23076923076922,0.0,3.4099999999999993,3.3725,3.428,3.5773693664619177,2.8166793995024113,50.37478011114368,-0.01542692410170421,0.014308820276836741,-0.02973574437854095,170702.05
181969,UPDCREIT,2022-09-06,3.4,3.4,38047,2026-04-08T03:55:50.526892+00:00,0.0,0.0,0.0,0.0,3.38,3.3649999999999998,3.428,3.5773693664619177,2.8166793995024113,50.374780111143664,-0.012522059276190767,0.013770948081880147,-0.026293007358070913,169612.1
182082,UPDCREIT,2022-09-07,3.4,3.4,19724,2026-04-08T03:55:53.051287+00:00,0.0,0.0,-7.042253521126762,0.0,3.4,3.3574999999999995,3.428,3.5773693664619177,2.8166793995024113,50.374780111143664,-0.010103466500917868,0.012951632685722438,-0.023055099186640306,166009.95
182195,UPDCREIT,2022-09-08,3.4,3.4,53012,2026-04-08T03:55:55.74031+00:00,0.0,0.0,3.0303030303030276,0.0,3.4,3.35,3.4279999999999995,3.5773693664619177,2.8166793995024113,50.37478011114368,-0.008093418412018494,0.01196934461969745,-0.020062763031715943,166430.9
182308,UPDCREIT,2022-09-09,3.4,3.4,163968,2026-04-08T03:55:58.848563+00:00,0.0,0.0,0.0,0.0,3.4,3.3425000000000002,3.4279999999999995,3.5773693664619177,2.8166793995024113,50.37478011114367,-0.006426361722287943,0.010909121047542401,-0.017335482769830345,171365.05
182421,UPDCREIT,2022-09-12,3.4,3.4,8900,2026-04-08T03:56:03.370953+00:00,0.0,0.0,0.0,9.23076923076922,3.4,3.335,3.428,3.5773693664619177,2.8166793995024113,50.37478011114367,-0.0050470282847805414,0.009830763588039844,-0.014877791872820385,170874.3
182534,UPDCREIT,2022-09-13,3.4,3.4,17229,2026-04-08T03:56:05.83654+00:00,0.0,0.0,0.0,0.0,3.4,3.3449999999999998,3.428,2.754185941056621,2.8166793995024113,50.37478011114367,-0.003908837947305788,0.00877516314041168,-0.012684001087717467,138126.5
182647,UPDCREIT,2022-09-14,3.4,3.4,243681,2026-04-08T03:56:08.091672+00:00,0.0,0.0,0.0,-7.042253521126762,3.4,3.3549999999999995,3.427,2.754185941056621,2.809092048056353,50.37478011114367,-0.002972548219115634,0.007769162294881468,-0.010741710513997102,143202.75
182760,UPDCREIT,2022-09-16,3.2,3.2,910107,2026-04-08T03:56:11.4683+00:00,-5.88235294117646,0.0,0.0,3.0303030303030276,3.3600000000000003,3.3549999999999995,3.4219999999999997,3.0863557722251396,2.930070172718789,33.67401496334462,-0.01815952865179682,-0.005934254510239772,-0.012225274141557047,177281.65
182873,UPDCREIT,2022-09-19,3.2,3.2,141512,2026-04-08T03:56:15.923342+00:00,0.0,-5.88235294117646,0.0,0.0,3.3200000000000003,3.3525,3.4170000000000003,3.0656263543546256,2.930070172718789,33.67401496334462,-0.0298512138494611,-0.014100751766323243,-0.015750462083137858,173251.1
182986,UPDCREIT,2022-09-20,3.2,3.2,31993,2026-04-08T03:56:18.184056+00:00,0.0,0.0,0.0,0.0,3.2800000000000002,3.35,3.409,3.0656263543546256,2.858777525940524,33.67401496334462,-0.03867118129664027,-0.018336575370801925,-0.020334605925838342,173808.85
183099,UPDCREIT,2022-09-21,3.2,3.2,8647,2026-04-08T03:56:20.42724+00:00,0.0,0.0,0.0,0.0,3.2400000000000007,3.3475,3.401,3.0656263543546256,2.858777525940524,33.67401496334462,-0.04514071497979577,-0.01984488724316594,-0.02529582773662983,154542.05
183212,UPDCREIT,2022-09-22,3.2,3.2,140,2026-04-08T03:56:22.767495+00:00,0.0,0.0,0.0,0.0,3.2,3.3449999999999998,3.3930000000000002,3.0656263543546256,2.858777525940524,33.67401496334462,-0.049695013848595426,-0.019519348889572474,-0.030175664959022953,154355.55
183325,UPDCREIT,2022-09-23,3.2,3.2,1411618,2026-04-08T03:56:25.066978+00:00,0.0,0.0,-5.88235294117646,0.0,3.2,3.3425,3.388,3.0656263543546256,2.8007859415814704,33.674014963344625,-0.052696871778867393,-0.01801696545587555,-0.034679906322991845,221126.1
183438,UPDCREIT,2022-09-26,3.2,3.2,293456,2026-04-08T03:56:29.379703+00:00,0.0,0.0,0.0,0.0,3.2,3.34,3.383,3.0656263543546256,2.8007859415814704,33.67401496334462,-0.054448220621344134,-0.015814651438681826,-0.03863356918266231,234044.55
183551,UPDCREIT,2022-09-28,3.2,3.2,358425,2026-04-08T03:56:32.717753+00:00,0.0,0.0,0.0,0.0,3.2,3.3225000000000002,3.378,2.1580118190938826,2.8007859415814704,33.674014963344625,-0.05519986748514949,-0.013253038641989748,-0.04194682884315974,226959.15
183664,UPDCREIT,2022-09-29,3.2,3.2,61106,2026-04-08T03:56:35.489047+00:00,0.0,0.0,0.0,0.0,3.2,3.3050000000000006,3.3739999999999997,2.1580118190938826,2.7941534084071775,33.67401496334462,-0.05515970628174749,-0.010570301950870192,-0.0445894043308773,228475.95
183777,UPDCREIT,2022-09-30,3.1,3.1,379112,2026-04-08T03:56:37.947618+00:00,-3.125,0.0,0.0,0.0,3.1800000000000006,3.2950000000000004,3.3680000000000003,1.6505849250011109,2.827019901463336,25.45344499232615,-0.06247684828726685,-0.014309955165111646,-0.048166893122155205,231143.25
183891,UPDCREIT,2022-10-05,3.05,3.05,609884,2026-04-08T03:56:44.538147+00:00,-1.6129032258064613,-3.125,0.0,-5.88235294117646,3.15,3.2775,3.3609999999999998,1.4748713750833964,2.8345199939755537,22.49629883646042,-0.07148626896638044,-0.018655500675380188,-0.05283076829100025,246463.05
184005,UPDCREIT,2022-10-06,3.05,3.05,436937,2026-04-08T03:56:46.932693+00:00,0.0,-1.6129032258064613,0.0,0.0,3.12,3.2600000000000002,3.3540000000000005,1.4748713750833964,2.8345199939755537,22.49629883646042,-0.07773027355581252,-0.01991960421184981,-0.057810669343962715,259759.95
184119,UPDCREIT,2022-10-07,2.8,2.8,689509,2026-04-08T03:56:49.334037+00:00,-8.196721311475407,0.0,0.0,0.0,3.04,3.2300000000000004,3.342,2.25308520790048,3.052673687016274,13.44106995322287,-0.10167950480330745,-0.03509506836747578,-0.06658443643583167,293850.35
184233,UPDCREIT,2022-10-11,2.8,2.8,11785,2026-04-08T03:56:55.029281+00:00,0.0,-8.196721311475407,0.0,0.0,2.96,3.2,3.33,2.25308520790048,3.052673687016274,13.44106995322287,-0.11928440672310181,-0.0421599762298161,-0.07712443049328571,292537.25
184347,UPDCREIT,2022-10-12,2.8,2.8,162581,2026-04-08T03:56:58.300033+00:00,0.0,0.0,-3.125,0.0,2.8999999999999995,3.17,3.321,2.25308520790048,2.995855818709556,13.44106995322287,-0.13171805458934394,-0.04367489927684658,-0.08804315531249736,299680.1
184461,UPDCREIT,2022-10-13,2.8,2.8,156615,2026-04-08T03:57:00.825788+00:00,0.0,0.0,-1.6129032258064613,0.0,2.85,3.1399999999999997,3.3059999999999996,2.25308520790048,2.665712964191927,13.441069953222868,-0.13995845614164892,-0.04153224066332124,-0.09842621547832768,304860.25
184575,UPDCREIT,2022-10-14,2.8,2.8,38243,2026-04-08T03:57:03.298348+00:00,0.0,0.0,0.0,0.0,2.8,3.1100000000000003,3.2910000000000004,2.25308520790048,2.665712964191927,13.441069953222868,-0.14481964304283812,-0.03711474205160835,-0.10770490099122977,298574.0
184689,UPDCREIT,2022-10-17,2.8,2.8,123209,2026-04-08T03:57:07.885609+00:00,0.0,0.0,-8.196721311475407,0.0,2.8,3.08,3.276,2.25308520790048,2.665712964191927,13.441069953222868,-0.1469778989563868,-0.03141839837212562,-0.11555950058426118,304289.45
184803,UPDCREIT,2022-10-18,2.8,2.8,24111,2026-04-08T03:57:10.303346+00:00,0.0,0.0,0.0,0.0,2.8,3.05,3.261,2.25308520790048,2.665712964191927,13.441069953222868,-0.14699387838772715,-0.025147502242772762,-0.12184637614495439,304633.55
184917,UPDCREIT,2022-10-19,2.8,2.8,1513,2026-04-08T03:57:12.819589+00:00,0.0,0.0,0.0,-3.125,2.8,3.02,3.2459999999999996,2.25308520790048,2.665712964191927,13.441069953222867,-0.14533125397196578,-0.01878790226160912,-0.12654335171035666,292525.15
185031,UPDCREIT,2022-10-20,3.05,3.05,326244,2026-04-08T03:57:15.111185+00:00,8.92857142857142,0.0,0.0,-1.6129032258064613,2.8499999999999996,3.0125,3.2359999999999998,2.887999551259474,2.976574634132933,49.91455991975952,-0.12242941143571962,0.0032911522197096588,-0.12572056365542927,263332.0
185145,UPDCREIT,2022-10-21,3.05,3.05,2838628,2026-04-08T03:57:17.499968+00:00,0.0,8.92857142857142,0.0,0.0,2.9,3.005,3.2260000000000004,2.887999551259474,2.976574634132933,49.91455991975952,-0.10309116544366681,0.018103518569409977,-0.12119468401307679,398187.8
185259,UPDCREIT,2022-10-24,3.05,3.05,345300,2026-04-08T03:57:21.686266+00:00,0.0,0.0,0.0,-8.196721311475407,2.9499999999999997,2.9974999999999996,3.2159999999999997,2.887999551259474,2.976574634132933,49.91455991975952,-0.08676528991777133,0.02754351527624438,-0.1143088051940157,413853.15
185373,UPDCREIT,2022-10-26,3.05,3.05,87920,2026-04-08T03:57:24.913682+00:00,0.0,0.0,0.0,0.0,3.0,2.9899999999999998,3.2060000000000004,2.887999551259474,2.976574634132933,49.914559919759526,-0.07298558356651164,0.03305857730200326,-0.1060441608685149,417816.8
185487,UPDCREIT,2022-10-27,3.05,3.05,92164,2026-04-08T03:57:27.260544+00:00,0.0,0.0,0.0,0.0,3.05,2.9825,3.1959999999999997,2.887999551259474,2.976574634132933,49.91455991975952,-0.061357772794823795,0.035749110458952876,-0.09710688325377667,422418.0
185601,UPDCREIT,2022-10-28,3.05,3.05,279918,2026-04-08T03:57:29.835926+00:00,0.0,0.0,8.92857142857142,0.0,3.05,2.975,3.1859999999999995,2.887999551259474,2.976574634132933,49.914559919759526,-0.051548430762363484,0.03644676199313056,-0.08799519275549404,365833.0
185715,UPDCREIT,2022-10-31,3.05,3.05,154284,2026-04-08T03:57:34.21591+00:00,0.0,0.0,0.0,0.0,3.05,2.9675000000000002,3.176,2.887999551259474,2.976574634132933,49.91455991975953,-0.04327560232368555,0.035775672345446805,-0.07905127466913235,358874.4
185829,UPDCREIT,2022-11-01,3.0,3.0,240381,2026-04-08T03:57:36.609373+00:00,-1.6393442622950727,0.0,0.0,0.0,3.04,2.9575,3.165,2.9052278999780445,2.9826822824395953,43.72427251618431,-0.04028947631248547,0.031009438685317497,-0.07129891499780297,352972.2
185943,UPDCREIT,2022-11-02,2.75,2.75,593243,2026-04-08T03:57:39.066556+00:00,-8.333333333333337,-1.6393442622950727,0.0,0.0,2.9799999999999995,2.935,3.156,3.4154013271037336,2.8891410098376062,26.216933376443503,-0.05743379950812644,0.01109209239174122,-0.06852589189986766,379579.05
186057,UPDCREIT,2022-11-03,3.0,3.0,364124,2026-04-08T03:57:41.442199+00:00,9.090909090909083,-8.333333333333337,0.0,0.0,2.9699999999999998,2.93,3.1519999999999997,4.0008435293521005,3.177592679636254,48.446835997636626,-0.05026842537926246,0.014605973216484158,-0.06487439859574662,378829.65
186171,UPDCREIT,2022-11-04,3.0,3.0,30011,2026-04-08T03:57:43.70904+00:00,0.0,9.090909090909083,0.0,8.92857142857142,2.96,2.9274999999999998,3.148,3.984714388436783,3.177592679636254,48.446835997636626,-0.04408166872127195,0.01663418389957974,-0.06071585262085169,349836.0
186285,UPDCREIT,2022-11-08,2.95,2.95,26965,2026-04-08T03:57:49.123122+00:00,-1.6666666666666607,0.0,0.0,0.0,2.9400000000000004,2.9225,3.142,4.001939851213205,3.176348373870759,45.28230913783258,-0.042720743490979984,0.014396087303897367,-0.05711683079487735,329337.4
186399,UPDCREIT,2022-11-09,2.95,2.95,28402,2026-04-08T03:57:51.464602+00:00,0.0,-1.6666666666666607,-1.6393442622950727,0.0,2.93,2.93,3.1359999999999997,3.518659888095891,3.176348373870759,45.28230913783257,-0.04116764545025564,0.012759348275697371,-0.05392699372595301,296282.05
186513,UPDCREIT,2022-11-10,2.8,2.8,236836,2026-04-08T03:57:54.291842+00:00,-5.084745762711873,0.0,-8.333333333333337,0.0,2.9400000000000004,2.9299999999999997,3.127,3.7208122014560145,3.252125631187424,36.89690612964684,-0.05144749575509833,0.0019835983766837567,-0.053431094131782084,307534.6
186627,UPDCREIT,2022-11-11,2.8,2.8,33111,2026-04-08T03:57:56.704911+00:00,0.0,-5.084745762711873,9.090909090909083,0.0,2.9,2.93,3.1180000000000003,3.7208122014560145,3.252125631187424,36.896906129646844,-0.05891521327877802,-0.004387295317596747,-0.054527917961181276,301061.1
186741,UPDCREIT,2022-11-14,2.8,2.8,100798,2026-04-08T03:58:01.331373+00:00,0.0,0.0,0.0,0.0,2.8600000000000003,2.93,3.109,3.7208122014560145,3.252125631187424,36.896906129646844,-0.06409459067449452,-0.0076533381706505935,-0.05644125250384393,298270.25
186855,UPDCREIT,2022-11-15,2.55,2.55,2852439,2026-04-08T03:58:03.6444+00:00,-8.92857142857143,0.0,-1.6666666666666607,0.0,2.78,2.9174999999999995,3.095,4.2298092675345496,3.4757788413030286,26.63119858833176,-0.0873651046947912,-0.02473908175275781,-0.06262602294203339,438980.05
186969,UPDCREIT,2022-11-16,2.5,2.5,2815242,2026-04-08T03:58:06.118311+00:00,-1.9607843137254832,-8.92857142857143,0.0,-1.6393442622950727,2.69,2.9025,3.074,4.243200018726344,3.1899042889377736,25.125531777164166,-0.10858997915861623,-0.03677116497326627,-0.07181881418534997,573581.7
187083,UPDCREIT,2022-11-17,2.5,2.5,2701862,2026-04-08T03:58:08.47049+00:00,0.0,-1.9607843137254832,-5.084745762711873,-8.333333333333337,2.63,2.8874999999999997,3.053,4.243200018726344,3.1899042889377736,25.125531777164166,-0.12398166166835223,-0.041730277986401804,-0.08225138368195042,707469.25
187197,UPDCREIT,2022-11-18,2.5,2.5,1542716,2026-04-08T03:58:10.955275+00:00,0.0,0.0,0.0,9.090909090909083,2.57,2.8724999999999996,3.037,4.243200018726344,3.0544279910219765,25.125531777164166,-0.13462777575240947,-0.04190111365636724,-0.09272666209604223,784529.4
187311,UPDCREIT,2022-11-21,2.5,2.5,135023,2026-04-08T03:58:15.672507+00:00,0.0,0.0,0.0,0.0,2.51,2.8449999999999998,3.0189999999999997,3.626066333448225,3.01257282037398,25.125531777164163,-0.14143452865869444,-0.038966293250121756,-0.10246823540857268,774968.35
187425,UPDCREIT,2022-11-22,2.75,2.75,699599,2026-04-08T03:58:18.170118+00:00,10.000000000000009,0.0,-8.92857142857143,-1.6666666666666607,2.55,2.8299999999999996,3.0060000000000002,4.373011251524042,3.3626657670853533,45.7521982572423,-0.12521264528146814,-0.018195527898316355,-0.10701711738315178,668016.9
187539,UPDCREIT,2022-11-24,2.75,2.75,84131,2026-04-08T03:58:21.692503+00:00,0.0,10.000000000000009,-1.9607843137254832,0.0,2.6,2.815,2.9930000000000003,4.373011251524042,3.3626657670853533,45.75219825724229,-0.11107626776049084,-0.003247320301871248,-0.1078289474586196,654958.45
187653,UPDCREIT,2022-11-25,2.75,2.75,9566,2026-04-08T03:58:24.033539+00:00,0.0,0.0,0.0,-5.084745762711873,2.65,2.8,2.98,4.373011251524042,3.3626657670853533,45.75219825724229,-0.0987349318935089,0.007275212452088564,-0.10601014434559747,651040.75
187767,UPDCREIT,2022-11-28,2.75,2.75,57698,2026-04-08T03:58:28.532723+00:00,0.0,0.0,0.0,0.0,2.7,2.7849999999999997,2.967,4.373011251524042,3.3626657670853533,45.7521982572423,-0.08794060969694417,0.014455627718922642,-0.10239623741586681,649317.45
187881,UPDCREIT,2022-11-29,2.75,2.75,33605,2026-04-08T03:58:30.983113+00:00,0.0,0.0,0.0,0.0,2.75,2.77,2.9539999999999997,4.373011251524042,3.3626657670853533,45.7521982572423,-0.07848134746662216,0.01913191195939573,-0.0976132594260179,637001.8
187995,UPDCREIT,2022-11-30,2.75,2.75,55179,2026-04-08T03:58:33.448849+00:00,0.0,0.0,10.000000000000009,-8.92857142857143,2.75,2.755,2.9410000000000003,4.373011251524042,3.3626657670853533,45.752198257242306,-0.0701758702495141,0.021949911341203027,-0.09212578159071713,632046.55
188109,UPDCREIT,2022-12-01,3.0,3.0,128704,2026-04-08T03:58:35.664261+00:00,9.090909090909083,0.0,0.0,-1.9607843137254832,2.8,2.755,2.9330000000000003,4.848692065233928,3.618983834703877,62.05751308467645,-0.04292598501959155,0.03935983725690047,-0.08228582227649202,626462.7
188223,UPDCREIT,2022-12-02,3.0,3.0,21554,2026-04-08T03:58:37.897027+00:00,0.0,9.090909090909083,0.0,0.0,2.85,2.7674999999999996,2.925,4.424394395440963,3.618983834703877,62.05751308467645,-0.021087174824984345,0.04895891796120613,-0.07004609278619048,597878.25
188337,UPDCREIT,2022-12-05,3.0,3.0,460705267,2026-04-08T03:58:42.456795+00:00,0.0,0.0,0.0,0.0,2.9,2.7674999999999996,2.917,3.9385808477709867,3.618983834703877,62.05751308467646,-0.003736686212970408,0.05304752525857606,-0.05678421147154647,23614935.4
188451,UPDCREIT,2022-12-06,3.0,3.0,64881,2026-04-08T03:58:44.756119+00:00,0.0,0.0,0.0,0.0,2.95,2.7674999999999996,2.9130000000000003,3.9385808477709867,3.524416255733267,62.05751308467646,0.009899584764681446,0.053347036988982334,-0.04344745222430089,23616678.9
188565,UPDCREIT,2022-12-07,3.0,3.0,42844,2026-04-08T03:58:47.196669+00:00,0.0,0.0,0.0,10.000000000000009,3.0,2.77,2.909,3.917421318689038,3.524416255733267,62.057513084676465,0.02047045707179107,0.051134327436873565,-0.030663870365082495,23617472.85
188679,UPDCREIT,2022-12-08,3.0,3.0,136576,2026-04-08T03:58:49.52806+00:00,0.0,0.0,9.090909090909083,0.0,3.0,2.7725,2.905,3.917421318689038,3.524416255733267,62.057513084676465,0.02851919797255409,0.04734645467010927,-0.01882725669755518,23622881.55
188793,UPDCREIT,2022-12-09,3.0,3.0,31002,2026-04-08T03:58:51.902427+00:00,0.0,0.0,0.0,0.0,3.0,2.7824999999999998,2.9010000000000002,3.7194044310510477,3.524416255733267,62.05751308467646,0.034500186450672654,0.04266195451858227,-0.008161768067909615,23612589.85
188907,UPDCREIT,2022-12-12,3.0,3.0,86066,2026-04-08T03:58:56.156124+00:00,0.0,0.0,0.0,0.0,3.0,2.7924999999999995,2.897,3.7194044310510477,3.524416255733267,62.057513084676444,0.038792981566570184,0.03756379970758384,0.001229181858986345,23615237.6
189021,UPDCREIT,2022-12-13,3.0,3.0,17029,2026-04-08T03:58:58.485404+00:00,0.0,0.0,0.0,0.0,3.0,2.8024999999999998,2.8930000000000002,3.7194044310510477,3.524416255733267,62.05751308467645,0.04171419732328108,0.032388012371435786,0.009326184951845291,23611049.15
189135,UPDCREIT,2022-12-14,3.0,3.0,67006,2026-04-08T03:59:00.851945+00:00,0.0,0.0,0.0,0.0,3.0,2.825,2.889,3.0071602663260384,3.524416255733267,62.05751308467645,0.04352752365890078,0.02736107096564439,0.01616645269325639,23471777.5
189249,UPDCREIT,2022-12-15,3.0,3.0,341241,2026-04-08T03:59:03.086647+00:00,0.0,0.0,0.0,9.090909090909083,3.0,2.85,2.885,2.941727809542745,3.524416255733267,62.05751308467646,0.044452180774740224,0.022628582465187064,0.02182359830955316,23348077.45
189363,UPDCREIT,2022-12-16,3.0,3.0,119812,2026-04-08T03:59:05.5442+00:00,0.0,0.0,0.0,0.0,3.0,2.875,2.8810000000000002,2.941727809542745,3.524416255733267,62.05751308467645,0.044670049674332635,0.018277161091823577,0.026392888582509058,23218974.95
189477,UPDCREIT,2022-12-19,2.9,2.9,373198,2026-04-08T03:59:09.806719+00:00,-3.3333333333333326,0.0,0.0,0.0,2.98,2.8950000000000005,2.877,3.0893763595032873,3.5282242685110474,48.011113601312836,0.03635447630877886,0.007969270181015838,0.028385206127763022,23160499.05
189591,UPDCREIT,2022-12-20,3.15,3.15,649611,2026-04-08T03:59:12.630732+00:00,8.62068965517242,-3.3333333333333326,0.0,0.0,3.0100000000000002,2.9275,2.8789999999999996,3.541907292572315,3.7282231247670894,67.69652748650934,0.0493681498678602,0.016786354992077743,0.03258179487578246,23186228.45
189705,UPDCREIT,2022-12-21,3.1,3.1,245330677,2026-04-08T03:59:14.990319+00:00,-1.5873015873015817,8.62068965517242,0.0,0.0,3.0300000000000002,2.9450000000000003,2.88,2.9236883509032277,3.736117515827685,62.59186962950686,0.055012843968361036,0.01794483927406286,0.037068004694298176,35417782.35
189819,UPDCREIT,2022-12-22,2.9,2.9,1135916,2026-04-08T03:59:17.229229+00:00,-6.451612903225811,-1.5873015873015817,0.0,0.0,3.0100000000000002,2.9525,2.8819999999999997,3.326176058079215,3.664493868227476,47.24550756392417,0.042853982150026226,0.00462878196458244,0.038225200185443786,35470371.6
189933,UPDCREIT,2022-12-23,3.0,3.0,50387999,2026-04-08T03:59:19.674012+00:00,3.4482758620689724,-6.451612903225811,0.0,0.0,3.0100000000000002,2.9650000000000003,2.8859999999999997,3.397488152961039,3.694230599721502,53.397945823431385,0.04081665186899386,0.0020731613468400537,0.038743490522153805,37989293.25
190047,UPDCREIT,2022-12-28,3.0,3.0,280110,2026-04-08T03:59:26.406492+00:00,0.0,3.4482758620689724,-3.3333333333333326,0.0,3.0300000000000002,2.9775,2.8899999999999992,3.397488152961039,3.694230599721502,53.39794582343139,0.038755305901017056,9.4523030906013e-06,0.038745853597926455,38000413.85
190161,UPDCREIT,2022-12-30,3.0,3.0,365012,2026-04-08T03:59:29.796579+00:00,0.0,0.0,8.62068965517242,0.0,3.0,2.99,2.8939999999999997,3.397488152961039,3.694230599721502,53.39794582343139,0.0366986353460379,-0.0016377746015108427,0.03833640994754874,38016984.2
190275,UPDCREIT,2023-01-04,3.0,3.0,32192,2026-04-08T03:59:36.276207+00:00,0.0,0.0,-1.5873015873015817,0.0,2.98,3.0025000000000004,2.8979999999999997,3.397488152961039,3.694230599721502,53.397945823431385,0.03466906570500283,-0.0029338753940367293,0.03760294109903956,38015834.85
190389,UPDCREIT,2023-01-05,3.0,3.0,114621,2026-04-08T03:59:38.771807+00:00,0.0,0.0,-6.451612903225811,0.0,3.0,3.0025000000000004,2.9019999999999997,2.728374996102047,3.694230599721502,53.397945823431385,0.03268385797251083,-0.0039352665012229865,0.03661912447373382,38015130.7
190503,UPDCREIT,2023-01-06,3.0,3.0,3120,2026-04-08T03:59:41.229635+00:00,0.0,0.0,3.4482758620689724,0.0,3.0,3.0025000000000004,2.9059999999999997,2.728374996102047,3.694230599721502,53.39794582343138,0.03075603017101436,-0.0046904754421755734,0.03544650561318993,38014209.0
190617,UPDCREIT,2023-01-09,3.0,3.0,193926,2026-04-08T03:59:45.608271+00:00,0.0,0.0,0.0,-3.3333333333333326,3.0,3.0025000000000004,2.91,2.728374996102047,3.694230599721502,53.397945823431385,0.02889512770350544,-0.0052411023277475904,0.03413623003125303,14988641.95
190731,UPDCREIT,2023-01-10,3.0,3.0,126535,2026-04-08T03:59:47.862187+00:00,0.0,0.0,0.0,8.62068965517242,3.0,3.0025000000000004,2.909,2.728374996102047,3.473063883978786,53.397945823431385,0.02710786648020358,-0.005622690840839564,0.032730557321043144,14991724.65
190845,UPDCREIT,2023-01-11,3.0,3.0,104761,2026-04-08T03:59:50.211712+00:00,0.0,0.0,0.0,-1.5873015873015817,3.0,3.0025000000000004,2.9079999999999995,2.728374996102047,3.473063883978786,53.39794582343139,0.025398669037671073,-0.0058655106266976564,0.03126417966436873,14994820.5
190959,UPDCREIT,2023-01-12,3.0,3.0,22371,2026-04-08T03:59:52.676239+00:00,0.0,0.0,0.0,-6.451612903225811,3.0,3.0025000000000004,2.907,2.728374996102047,3.473063883978786,53.39794582343139,0.023770110710471748,-0.005995255163117587,0.029765365873589335,14989110.25
191073,UPDCREIT,2023-01-13,3.0,3.0,23757,2026-04-08T03:59:55.073566+00:00,0.0,0.0,0.0,3.4482758620689724,3.0,3.0025000000000004,2.9059999999999997,2.728374996102047,3.473063883978786,53.39794582343139,0.022223290246591976,-0.006033660501597891,0.028256950748189867,14988748.0
191187,UPDCREIT,2023-01-17,3.3,3.3,121351,2026-04-08T04:00:00.52991+00:00,9.999999999999986,0.0,0.0,0.0,3.0599999999999996,3.0175,2.911,3.522408375965461,3.748579127617677,73.9736273933228,0.044689760934474076,0.013146248149027366,0.03154351278544671,14990512.25
191301,UPDCREIT,2023-01-18,3.3,3.3,39696,2026-04-08T04:00:02.930508+00:00,0.0,9.999999999999986,0.0,0.0,3.12,3.0324999999999998,2.9160000000000004,3.522408375965461,3.748579127617677,73.9736273933228,0.061782411633704015,0.02419111907860584,0.037591292555098174,14991645.6
191415,UPDCREIT,2023-01-19,3.1,3.1,309528,2026-04-08T04:00:05.157464+00:00,-6.060606060606055,0.0,0.0,0.0,3.1399999999999997,3.0375,2.917,3.8190458460694954,3.8525572905332375,55.14775486032846,0.05851560051049498,0.016739446364317442,0.04177615414617754,15003771.7
191529,UPDCREIT,2023-01-20,3.1,3.1,10914,2026-04-08T04:00:07.441529+00:00,0.0,-6.060606060606055,0.0,0.0,3.1599999999999997,3.0425,2.9189999999999996,3.8190458460694954,3.8443842157583568,55.147754860328455,0.05528928865600902,0.010810507607865179,0.04447878104814384,14987255.35
191643,UPDCREIT,2023-01-23,3.1,3.1,404353,2026-04-08T04:00:11.934625+00:00,0.0,0.0,0.0,0.0,3.1799999999999997,3.0475000000000003,2.9259999999999997,3.8190458460694954,3.645155018913769,55.14775486032845,0.052131474084476714,0.006122154429066294,0.04600931965541042,15001482.4
191757,UPDCREIT,2023-01-24,3.1,3.1,89971,2026-04-08T04:00:14.448563+00:00,0.0,0.0,9.999999999999986,0.0,3.14,3.0575,2.9279999999999995,3.7268942559265494,3.4175180386866826,55.14775486032846,0.049063311966216716,0.0024431938486450394,0.04662011811757168,14987321.05
191871,UPDCREIT,2023-01-25,3.25,3.25,317265,2026-04-08T04:00:16.660222+00:00,4.8387096774193505,0.0,0.0,0.0,3.13,3.0625,2.9329999999999994,3.3662469795230967,3.4819033981937157,64.31038335845133,0.05806616715030133,0.009156839226183718,0.04890932792411761,14970703.75
191985,UPDCREIT,2023-01-26,3.25,3.25,193898,2026-04-08T04:00:19.02129+00:00,0.0,4.8387096774193505,-6.060606060606055,0.0,3.16,3.0700000000000003,2.9389999999999996,3.340269262610252,3.471449877343982,64.31038335845133,0.06445796346660337,0.012438908433988607,0.05201905503261477,2713864.8
192099,UPDCREIT,2023-01-27,3.15,3.15,438834,2026-04-08T04:00:21.366865+00:00,-3.076923076923077,0.0,0.0,0.0,3.1700000000000004,3.0825,2.943,3.0549053873183616,3.503132981869985,55.5382331750925,0.06075400942989839,0.006987963517826892,0.0537660459120715,2679010.7
192213,UPDCREIT,2023-01-30,3.15,3.15,193972,2026-04-08T04:00:26.318741+00:00,0.0,-3.076923076923077,0.0,0.0,3.1799999999999997,3.09,2.95,2.9734468728545997,3.4196854106411823,55.53823317509251,0.05715969775521623,0.002714921474515783,0.05444477628070045,169309.35
192327,UPDCREIT,2023-01-31,3.15,3.15,209662,2026-04-08T04:00:28.560212+00:00,0.0,0.0,0.0,9.999999999999986,3.19,3.0974999999999997,2.957,2.9734468728545997,3.4196854106411823,55.53823317509251,0.053692249032827544,-0.0006020217982983245,0.05429427083112587,165786.95
192441,UPDCREIT,2023-02-06,3.4,3.4,54593,2026-04-08T04:00:36.14931+00:00,7.9365079365079305,0.0,4.8387096774193505,0.0,3.2199999999999998,3.1174999999999997,2.9690000000000003,3.428213771990164,3.5860040167740252,68.81869775098053,0.07030672938955629,0.012809966846744333,0.057496762542811955,150266.0
192555,UPDCREIT,2023-02-07,3.4,3.4,247659,2026-04-08T04:00:38.379875+00:00,0.0,7.9365079365079305,0.0,-6.060606060606055,3.25,3.1375,2.9859999999999998,3.428213771990164,3.3220029706906407,68.81869775098055,0.08252255611474757,0.020020634857548486,0.06250192125719908,161039.35
192669,UPDCREIT,2023-02-08,3.25,3.25,295115,2026-04-08T04:00:40.736361+00:00,-4.411764705882348,0.0,-3.076923076923077,0.0,3.2700000000000005,3.15,3.0009999999999994,3.6114398306730386,3.3786034056476284,56.97626009647141,0.07918712057334742,0.013348159452918673,0.06583896112042875,170064.05
192783,UPDCREIT,2023-02-09,3.25,3.25,1574951,2026-04-08T04:00:43.03687+00:00,0.0,-4.411764705882348,0.0,0.0,3.29,3.1625,3.0159999999999996,3.6114398306730386,3.3786034056476284,56.97626009647141,0.07567147027084475,0.007866007320332796,0.06780546295051196,248655.6
192897,UPDCREIT,2023-02-10,3.25,3.25,111447,2026-04-08T04:00:46.517744+00:00,0.0,0.0,0.0,0.0,3.31,3.175,3.0309999999999997,3.6114398306730386,3.3786034056476284,56.9762600964714,0.07205469045810542,0.003399382006074758,0.06865530845203066,244531.65
193011,UPDCREIT,2023-02-13,3.25,3.25,169820,2026-04-08T04:00:50.958429+00:00,0.0,0.0,7.9365079365079305,4.8387096774193505,3.28,3.1875,3.046,3.6114398306730386,3.3786034056476284,56.9762600964714,0.068399894987063,-0.00020433077197412608,0.06860422575903713,246695.9
193125,UPDCREIT,2023-02-14,3.15,3.15,183288,2026-04-08T04:00:53.400398+00:00,-3.076923076923077,0.0,0.0,0.0,3.2300000000000004,3.195,3.054,3.696657693651633,3.131657785178169,49.359764274476355,0.05677975728197815,-0.00945957478164719,0.06623933206362534,250622.25
193239,UPDCREIT,2023-02-15,3.1,3.1,307159,2026-04-08T04:00:55.645789+00:00,-1.5873015873015817,-3.076923076923077,-4.411764705882348,-3.076923076923077,3.2,3.2,3.0609999999999995,3.720567768254887,3.1429796367558307,46.0453859892728,0.04303999403973835,-0.018559470419109596,0.061599464458847945,264861.65
193353,UPDCREIT,2023-02-16,3.1,3.1,2428248,2026-04-08T04:00:58.043326+00:00,0.0,-1.5873015873015817,0.0,0.0,3.1700000000000004,3.2049999999999996,3.068,3.720567768254887,3.1429796367558307,46.045385989272795,0.03178473800619175,-0.023851781162124962,0.05563651916831671,385086.2
193467,UPDCREIT,2023-02-17,3.1,3.1,102325,2026-04-08T04:01:00.355798+00:00,0.0,0.0,0.0,0.0,3.14,3.195,3.075,2.9251321603220575,3.1429796367558307,46.0453859892728,0.022604298230550324,-0.026425776750213112,0.049030074980763436,384134.9
193581,UPDCREIT,2023-02-20,3.05,3.05,261462,2026-04-08T04:01:04.633293+00:00,-1.6129032258064613,0.0,0.0,7.9365079365079305,3.1,3.1825,3.0809999999999995,2.939439649618582,3.1542421046940476,42.48256669189127,0.011165443155839228,-0.030291705459939373,0.0414571486157786,395223.2
193695,UPDCREIT,2023-02-21,3.1,3.1,461456,2026-04-08T04:01:06.910783+00:00,1.6393442622950838,-1.6129032258064613,-3.076923076923077,0.0,3.0900000000000003,3.1825,3.088,2.6416426090462464,3.1600550397480616,46.906736450913314,0.0060647396852719915,-0.02831392714440529,0.03437866682967728,402819.6
193809,UPDCREIT,2023-02-22,3.1,3.1,9378,2026-04-08T04:01:09.421576+00:00,0.0,1.6393442622950838,-1.5873015873015817,-4.411764705882348,3.0900000000000003,3.1825,3.09,2.6416426090462464,2.8934883819457813,46.90673645091331,0.001999348194825057,-0.02590345490788178,0.027902803102706836,402742.8
193923,UPDCREIT,2023-02-23,3.1,3.1,34870,2026-04-08T04:01:11.765387+00:00,0.0,0.0,0.0,0.0,3.09,3.1825,3.092,2.6416426090462464,2.8934883819457813,46.90673645091331,-0.0012085721831018859,-0.02328910022864698,0.022080528045545094,384268.65
194037,UPDCREIT,2023-02-24,3.1,3.1,153969,2026-04-08T04:01:14.12415+00:00,0.0,0.0,0.0,0.0,3.09,3.1825,3.094,2.6416426090462464,2.8934883819457813,46.906736450913314,-0.0037081272121541886,-0.020630924206159428,0.01692279699400524,387468.55
194151,UPDCREIT,2023-02-27,3.1,3.1,2526,2026-04-08T04:01:18.463572+00:00,0.0,0.0,-1.6129032258064613,0.0,3.1,3.175,3.0959999999999996,2.3876588439683633,2.8934883819457813,46.90673645091331,-0.005624210186914169,-0.01803760574473553,0.01241339555782136,371731.6
194265,UPDCREIT,2023-02-28,3.35,3.35,176723,2026-04-08T04:01:20.671303+00:00,8.064516129032251,0.0,1.6393442622950838,-3.076923076923077,3.15,3.1799999999999997,3.103,3.021684634052551,3.1045469449727565,65.90226093771702,0.012881698709634737,0.00037464252145070175,0.012507056188184035,370872.85
194379,UPDCREIT,2023-03-01,3.35,3.35,27801,2026-04-08T04:01:23.068989+00:00,0.0,8.064516129032251,0.0,-1.5873015873015817,3.2,3.19,3.11,2.923120035308865,3.1045469449727565,65.90226093771702,0.0272338301959949,0.011781419206248693,0.015452410989746208,350321.2
194493,UPDCREIT,2023-03-02,3.35,3.35,86437,2026-04-08T04:01:25.352172+00:00,0.0,0.0,0.0,0.0,3.25,3.2,3.117,2.923120035308865,3.1045469449727565,65.90226093771702,0.03816802061754787,0.01817248770224133,0.019995532915306542,344944.45
194607,UPDCREIT,2023-03-03,3.35,3.35,30309,2026-04-08T04:01:27.716711+00:00,0.0,0.0,0.0,0.0,3.3,3.21,3.1239999999999997,2.923120035308865,3.1045469449727565,65.902260937717,0.04629973082682648,0.021043358329215948,0.025256372497610532,335976.8
194721,UPDCREIT,2023-03-06,3.35,3.35,368818,2026-04-08T04:01:32.392486+00:00,0.0,0.0,0.0,-1.6129032258064613,3.35,3.2075000000000005,3.131,2.3138878443658393,3.1045469449727565,65.902260937717,0.05214309659390404,0.021509379277034803,0.030633717316869234,351688.05
194835,UPDCREIT,2023-03-07,3.35,3.35,318467,2026-04-08T04:01:34.845095+00:00,0.0,0.0,8.064516129032251,1.6393442622950838,3.35,3.2049999999999996,3.138,2.3138878443658393,3.1045469449727565,65.902260937717,0.05612700884339317,0.02039463322121915,0.03573237562217402,355228.45
194949,UPDCREIT,2023-03-08,3.35,3.35,210702,2026-04-08T04:01:37.261757+00:00,0.0,0.0,0.0,0.0,3.35,3.21,3.145,2.073963710667371,3.1045469449727565,65.902260937717,0.058608683581957255,0.01830104636782659,0.040307637214130665,351007.8
195063,UPDCREIT,2023-03-09,3.3,3.3,338250,2026-04-08T04:01:39.987396+00:00,-1.4925373134328401,0.0,0.0,0.0,3.34,3.2125,3.151,2.107042337803869,3.1143265618977605,58.83036022322471,0.05589650642747657,0.012471095370676713,0.043425411056799854,289172.75
195177,UPDCREIT,2023-03-13,3.2,3.2,552280,2026-04-08T04:01:45.627511+00:00,-3.0303030303030165,-1.4925373134328401,0.0,0.0,3.31,3.21,3.157,2.220273101258282,3.10752390549484,47.785780316051145,0.04515737610499215,0.0013855720385538353,0.04377180406643832,311214.4
195291,UPDCREIT,2023-03-14,3.2,3.2,29475,2026-04-08T04:01:48.257383+00:00,0.0,-3.0303030303030165,0.0,0.0,3.28,3.2075000000000005,3.158,2.220273101258282,2.8627408658133042,47.78578031605114,0.0362289135890288,-0.0060343123819276145,0.042263225970956414,304197.15
195405,UPDCREIT,2023-03-15,3.2,3.2,47046,2026-04-08T04:01:50.627346+00:00,0.0,0.0,0.0,8.064516129032251,3.25,3.21,3.16,2.1033691743486633,2.8527621825873615,47.78578031605114,0.028820814311974363,-0.010753929327185642,0.039574743639160005,297385.05
195519,UPDCREIT,2023-03-16,3.2,3.2,13886,2026-04-08T04:01:53.062383+00:00,0.0,0.0,0.0,0.0,3.22,3.215,3.1660000000000004,2.066005018925937,2.691618183805013,47.785780316051145,0.022688305598476344,-0.013509150432546926,0.03619745603102327,282721.4
195633,UPDCREIT,2023-03-17,3.15,3.15,1262371,2026-04-08T04:01:55.701252+00:00,-1.562500000000011,0.0,-1.4925373134328401,0.0,3.1900000000000004,3.2175000000000002,3.1690000000000005,2.102329687916667,2.662532418778239,42.428831430265454,0.013636473351736011,-0.018048786143429807,0.03168525949516582,224427.55
195747,UPDCREIT,2023-03-20,3.15,3.15,87516,2026-04-08T04:01:59.933448+00:00,0.0,-1.562500000000011,-3.0303030303030165,0.0,3.1799999999999997,3.22,3.1720000000000006,2.102329687916667,2.662532418778239,42.42883143026546,0.006389180584611687,-0.020236863128443305,0.026626043713054992,223687.1
195861,UPDCREIT,2023-03-22,3.15,3.15,64841,2026-04-08T04:02:03.467012+00:00,0.0,0.0,0.0,0.0,3.17,3.225,3.175,2.0637344277387992,2.662532418778239,42.428831430265454,0.0006382910310573919,-0.02079020214559808,0.02142849317665547,213856.05
195975,UPDCREIT,2023-03-23,3.15,3.15,90384,2026-04-08T04:02:05.929911+00:00,0.0,0.0,0.0,0.0,3.1599999999999997,3.2275000000000005,3.178,2.03511765977482,2.662532418778239,42.428831430265454,-0.003874665639460151,-0.0202425270528925,0.01636786141343235,195302.45
196089,UPDCREIT,2023-03-24,3.15,3.15,23272,2026-04-08T04:02:08.248632+00:00,0.0,0.0,0.0,0.0,3.15,3.2300000000000004,3.181,2.03511765977482,2.662532418778239,42.428831430265454,-0.007366302168903438,-0.01898733086586863,0.011621028696965192,195997.15
196203,UPDCREIT,2023-03-27,3.15,3.15,30802,2026-04-08T04:02:12.564733+00:00,0.0,0.0,-1.562500000000011,-1.4925373134328401,3.15,3.2325000000000004,3.184,2.03511765977482,2.662532418778239,42.428831430265454,-0.010017968370958474,-0.017311197654338934,0.00729322928338046,195793.75
196317,UPDCREIT,2023-03-28,3.15,3.15,133768,2026-04-08T04:02:14.764209+00:00,0.0,0.0,0.0,-3.0303030303030165,3.15,3.2350000000000003,3.1870000000000003,2.03511765977482,2.662532418778239,42.428831430265454,-0.011981319744409191,-0.015419639222231721,0.0034383194778225294,194783.7
196431,UPDCREIT,2023-03-29,3.15,3.15,80543,2026-04-08T04:02:17.140393+00:00,0.0,0.0,0.0,0.0,3.15,3.2375,3.19,2.03511765977482,2.662532418778239,42.428831430265454,-0.01338301874361525,-0.013457070577150223,7.405183353497357e-05,198684.55
196545,UPDCREIT,2023-03-30,3.15,3.15,35668,2026-04-08T04:02:19.470716+00:00,0.0,0.0,0.0,0.0,3.15,3.2275,3.193,0.7947274270398552,2.662532418778239,42.428831430265454,-0.014328702931100334,-0.011522203811708246,-0.0028064991193920883,191631.8
196659,UPDCREIT,2023-03-31,3.15,3.15,42554,2026-04-08T04:02:21.739047+00:00,0.0,0.0,0.0,0.0,3.15,3.2175000000000002,3.196,0.7947274270398552,2.662532418778239,42.42883143026545,-0.014906333528917681,-0.009679867527620473,-0.005226466001297207,192369.45
196773,UPDCREIT,2023-04-03,3.15,3.15,61632,2026-04-08T04:02:26.060346+00:00,0.0,0.0,0.0,-1.562500000000011,3.15,3.2075000000000005,3.1990000000000003,0.7947274270398552,2.662532418778239,42.42883143026545,-0.015189020367333939,-0.007970043492829385,-0.007218976874504554,191129.2
196887,UPDCREIT,2023-04-04,3.15,3.15,106087,2026-04-08T04:02:28.444728+00:00,0.0,0.0,0.0,0.0,3.15,3.1975000000000002,3.196,0.7947274270398552,2.2496793038684175,42.42883143026545,-0.015237404410340272,-0.006414742028668574,-0.008822662381671698,194918.1
197001,UPDCREIT,2023-04-05,3.2,3.2,333452,2026-04-08T04:02:30.864627+00:00,1.5873015873016039,0.0,0.0,0.0,3.16,3.19,3.194,0.8991141556754716,2.261834525154903,54.767886481336475,-0.011113062513432137,-0.0018323201054083506,-0.009280742408023786,193149.8
197115,UPDCREIT,2023-04-06,3.2,3.2,97115,2026-04-08T04:02:33.239626+00:00,0.0,1.5873015873016039,0.0,0.0,3.17,3.1825,3.1959999999999997,0.8991141556754716,2.088162341470674,54.76788648133647,-0.007755095927382438,0.0012205171845130793,-0.008975613111895517,182082.2
197229,UPDCREIT,2023-04-11,3.2,3.2,389892,2026-04-08T04:02:39.320239+00:00,0.0,0.0,0.0,0.0,3.1799999999999997,3.175,3.198,0.8991141556754716,2.088162341470674,54.767886481336475,-0.005035833263926204,0.003151823878375452,-0.008187657142301656,191041.7
197343,UPDCREIT,2023-04-12,3.2,3.2,190691,2026-04-08T04:02:41.643197+00:00,0.0,0.0,0.0,0.0,3.1900000000000004,3.17,3.2,0.8489007470444548,2.088162341470674,54.767886481336475,-0.0028479684049340648,0.004271750989894073,-0.007119719394828138,183663.75
197457,UPDCREIT,2023-04-13,3.25,3.25,334795,2026-04-08T04:02:44.360634+00:00,1.5625,0.0,0.0,0.0,3.21,3.1725000000000003,3.2030000000000003,0.6188428298295757,2.098540809384615,64.88955163925384,0.002887230198605817,0.008005559674747163,-0.005118329476141347,172789.5
197571,UPDCREIT,2023-04-14,3.3,3.3,1718689,2026-04-08T04:02:47.093001+00:00,1.538461538461533,1.5625,1.5873015873016039,0.0,3.2300000000000004,3.1774999999999998,3.204,0.6988969873065392,1.9963662886811309,71.70759342737232,0.011336320498260832,0.013163719979521744,-0.0018273994812609117,257250.2
197685,UPDCREIT,2023-04-17,3.2,3.2,534551,2026-04-08T04:02:52.113012+00:00,-3.0303030303030165,1.538461538461533,0.0,0.0,3.2299999999999995,3.1774999999999998,3.2030000000000003,0.998722435449894,2.0433457025675796,50.56054674771511,0.009849581325646284,0.009341584645525756,0.0005079966801205275,281625.45
197799,UPDCREIT,2023-04-18,3.2,3.2,78788,2026-04-08T04:02:54.97501+00:00,0.0,-3.0303030303030165,0.0,0.0,3.2300000000000004,3.1775,3.204,0.998722435449894,1.9948866109422343,50.56054674771511,0.008572511246525139,0.006451611653123688,0.00212089959340145,284870.55
197913,UPDCREIT,2023-04-19,3.2,3.2,157643,2026-04-08T04:02:57.648371+00:00,0.0,0.0,0.0,0.0,3.2299999999999995,3.18,3.205,0.9283004095185177,1.9948866109422343,50.5605467477151,0.00747426532987383,0.004282692589177904,0.003191572740695926,229634.15
198027,UPDCREIT,2023-04-20,3.15,3.15,334740,2026-04-08T04:03:00.087899+00:00,-1.562500000000011,0.0,1.5625,0.0,3.21,3.1799999999999997,3.205,0.998722435449894,2.0078894952317623,42.69719083070985,0.002540035448396427,-0.0005212298338395996,0.0030612652822360267,241995.35
198141,UPDCREIT,2023-04-25,3.15,3.15,120324,2026-04-08T04:03:06.320111+00:00,0.0,-1.562500000000011,1.538461538461533,1.5873015873016039,3.1799999999999997,3.18,3.2,0.998722435449894,1.6512625846190054,42.69719083070986,-0.0013547604467598617,-0.003532820583196711,0.002178060136436849,244769.5
198255,UPDCREIT,2023-04-26,3.15,3.15,2773625,2026-04-08T04:03:08.704488+00:00,0.0,0.0,-3.0303030303030165,0.0,3.17,3.18,3.195,0.998722435449894,1.6512625846190054,42.69719083070986,-0.004390799846705651,-0.005255087986514,0.0008642881398083491,378931.55
198369,UPDCREIT,2023-04-27,3.15,3.15,352828,2026-04-08T04:03:11.176222+00:00,0.0,0.0,0.0,0.0,3.1599999999999997,3.18,3.193,0.998722435449894,1.5318700307989905,42.69719083070985,-0.006719425589150951,-0.00606697098316744,-0.0006524546059835111,395409.35
198483,UPDCREIT,2023-04-28,3.15,3.15,418195,2026-04-08T04:03:13.757457+00:00,0.0,0.0,0.0,0.0,3.15,3.18,3.1910000000000003,0.998722435449894,1.5318700307989905,42.69719083070984,-0.00846727281654669,-0.006251854568450542,-0.002215418248096147,414779.0
198597,UPDCREIT,2023-05-03,3.15,3.15,82051,2026-04-08T04:03:20.258962+00:00,0.0,0.0,-1.562500000000011,1.5625,3.15,3.1799999999999997,3.1890000000000005,0.998722435449894,1.5318700307989905,42.69719083070984,-0.009740175654915806,-0.006019805925455727,-0.003720369729460079,412193.15
198711,UPDCREIT,2023-05-04,3.15,3.15,98667,2026-04-08T04:03:22.719511+00:00,0.0,0.0,0.0,1.538461538461533,3.15,3.18,3.1870000000000003,0.998722435449894,1.5318700307989905,42.69719083070984,-0.01062646505073328,-0.005524876257018561,-0.00510158879371472,413099.35
198825,UPDCREIT,2023-05-08,3.15,3.15,25242,2026-04-08T04:03:29.045349+00:00,0.0,0.0,0.0,-3.0303030303030165,3.15,3.18,3.187,0.998722435449894,1.4683276852763898,42.69719083070986,-0.011199752012689856,-0.004878530575180109,-0.006321221437509747,412578.05
198939,UPDCREIT,2023-05-09,3.3,3.3,200900,2026-04-08T04:03:32.620003+00:00,4.761904761904767,0.0,0.0,0.0,3.1799999999999997,3.1875,3.1910000000000003,1.4590547856568103,1.5963146521178107,68.9264415259542,0.00044453600301608276,0.005412605952420665,-0.004968069949404582,420495.35
199053,UPDCREIT,2023-05-12,3.35,3.35,408726,2026-04-08T04:03:37.286216+00:00,1.5151515151515138,4.761904761904767,0.0,0.0,3.2199999999999998,3.1975000000000002,3.1959999999999997,1.4848872368892883,1.6079942830879825,73.3116923168374,0.013551091730386489,0.014815329343832857,-0.0012642376134463684,437850.05
199167,UPDCREIT,2023-05-15,3.35,3.35,411005,2026-04-08T04:03:41.825544+00:00,0.0,1.5151515151515138,0.0,-1.562500000000011,3.2600000000000002,3.2074999999999996,3.2009999999999996,1.4848872368892883,1.6079942830879825,73.3116923168374,0.02366533235176904,0.019943655972172326,0.0037216763795967145,453095.95
199281,UPDCREIT,2023-05-16,3.35,3.35,34843,2026-04-08T04:03:44.244464+00:00,0.0,0.0,0.0,0.0,3.3,3.215,3.2070000000000003,1.4556409315247532,1.5875962090942541,73.3116923168374,0.03131990454969813,0.02207858253608113,0.009241322013616998,438165.5
199395,UPDCREIT,2023-05-17,3.35,3.35,100193,2026-04-08T04:03:46.492518+00:00,0.0,0.0,0.0,0.0,3.34,3.2225,3.2119999999999997,1.4556409315247532,1.5741312846219573,73.3116923168374,0.03696015451047252,0.02217506599748442,0.014785088512988102,438319.4
199509,UPDCREIT,2023-05-18,3.35,3.35,40621,2026-04-08T04:03:48.752249+00:00,0.0,0.0,4.761904761904767,0.0,3.35,3.2300000000000004,3.217,1.4556409315247532,1.5741312846219573,73.3116923168374,0.04095795542548997,0.02093829353000149,0.020019661895488476,420855.85
199623,UPDCREIT,2023-05-19,3.35,3.35,148588,2026-04-08T04:03:51.139215+00:00,0.0,0.0,1.5151515151515138,0.0,3.35,3.2375,3.222,1.4556409315247532,1.5741312846219573,73.3116923168374,0.043623378302777294,0.018882973125831055,0.02474040517694624,418750.7
199737,UPDCREIT,2023-05-22,3.35,3.35,186593,2026-04-08T04:03:55.484935+00:00,0.0,0.0,0.0,0.0,3.35,3.2424999999999997,3.227,1.4224355161920177,1.5741312846219573,73.3116923168374,0.04521454006358283,0.016379307909309273,0.028835232154273558,411340.6
199851,UPDCREIT,2023-05-23,3.35,3.35,5545460,2026-04-08T04:03:57.886867+00:00,0.0,0.0,0.0,0.0,3.35,3.245,3.2320000000000007,1.385141610294609,1.5741312846219573,73.3116923168374,0.04594591135693671,0.013688543362130517,0.03225736799480619,602679.15
199965,UPDCREIT,2023-05-24,3.35,3.35,236696,2026-04-08T04:04:00.334047+00:00,0.0,0.0,0.0,0.0,3.35,3.2525,3.2319999999999998,1.1765577642750251,1.085841357236538,73.3116923168374,0.0459953229245853,0.010990363943823286,0.035004958980762016,587786.4
200079,UPDCREIT,2023-05-25,3.2,3.2,3415846,2026-04-08T04:04:02.79018+00:00,-4.477611940298509,0.0,0.0,4.761904761904767,3.3200000000000003,3.2525,3.2289999999999996,1.5804567774486706,1.2574105577631873,40.17359591544684,0.033544060501237816,-0.001168718783619363,0.03471277928485718,754639.3
200193,UPDCREIT,2023-05-26,3.2,3.2,366394,2026-04-08T04:04:05.139052+00:00,0.0,-4.477611940298509,0.0,1.5151515151515138,3.29,3.2525,3.2260000000000004,1.5804567774486706,1.2574105577631873,40.17359591544684,0.02340652942310273,-0.009044999889403563,0.03245152931250629,765076.85
200307,UPDCREIT,2023-05-30,3.2,3.2,185118,2026-04-08T04:04:11.011702+00:00,0.0,0.0,0.0,0.0,3.2600000000000002,3.2550000000000003,3.2230000000000003,1.5365465339206357,1.2574105577631873,40.17359591544683,0.015197278243103352,-0.013803400855522355,0.029000679098625706,757595.75
200421,UPDCREIT,2023-06-01,3.3,3.3,689340,2026-04-08T04:04:14.390605+00:00,3.124999999999978,0.0,0.0,0.0,3.25,3.2625,3.2220000000000004,1.6791844380364178,1.3368184986391045,56.533254270053014,0.016569548364265163,-0.009944904587488437,0.0265144529517536,786046.55
200535,UPDCREIT,2023-06-02,3.35,3.35,431964,2026-04-08T04:04:16.732653+00:00,1.5151515151515138,3.124999999999978,0.0,0.0,3.25,3.2725,3.222,1.7015212874349386,1.3543689209060576,62.11201266216368,0.021444465999201245,-0.004055989562041888,0.025500455561243134,668963.5
200649,UPDCREIT,2023-06-05,3.35,3.35,61369,2026-04-08T04:04:21.343031+00:00,0.0,1.5151515151515138,-4.477611940298509,0.0,3.2800000000000002,3.2825,3.222,1.7015212874349386,1.3543689209060576,62.11201266216367,0.025019464533704294,-0.00038479282203107354,0.025404257355735368,654390.55
200763,UPDCREIT,2023-06-06,3.3,3.3,232237,2026-04-08T04:04:23.98223+00:00,-1.4925373134328401,0.0,0.0,0.0,3.3,3.29,3.2220000000000004,1.7484690611762534,1.3543689209060576,54.06449491158783,0.023546663219896402,-0.0014860753086711719,0.025032738528567574,645092.65
200877,UPDCREIT,2023-06-07,3.35,3.35,324481,2026-04-08T04:04:26.507718+00:00,1.5151515151515138,-1.4925373134328401,0.0,0.0,3.3299999999999996,3.3,3.225,1.7698807971172266,1.2975597313640066,59.68911686077376,0.02611302500286916,0.0008642291794412685,0.025248795823427893,657214.15
200991,UPDCREIT,2023-06-08,3.35,3.35,947028,2026-04-08T04:04:29.08401+00:00,0.0,1.5151515151515138,3.124999999999978,0.0,3.34,3.31,3.228,1.7698807971172266,1.2975597313640066,59.689116860773765,0.027826122980948664,0.0020618617260166165,0.025764261254932048,699632.2
201105,UPDCREIT,2023-06-09,3.35,3.35,336078,2026-04-08T04:04:31.44664+00:00,0.0,0.0,1.5151515151515138,0.0,3.34,3.3200000000000003,3.231,1.7698807971172266,1.2975597313640066,59.689116860773765,0.028851186946897478,0.0024695405535723434,0.026381646393325135,715174.0
201219,UPDCREIT,2023-06-13,3.5,3.5,283461,2026-04-08T04:04:36.862505+00:00,4.477611940298498,0.0,0.0,-4.477611940298509,3.37,3.3300000000000005,3.237,1.7331144658511715,1.4374919537693154,72.36702879217391,0.041291323251308576,0.011927741486386749,0.029363581764921827,719302.05
201333,UPDCREIT,2023-06-14,3.5,3.5,419524,2026-04-08T04:04:39.320552+00:00,0.0,4.477611940298498,-1.4925373134328401,0.0,3.41,3.3375,3.2439999999999998,1.7105802190301556,1.4154431734413044,72.3670287921739,0.05056731239862433,0.016962984506962,0.03360432789166233,719841.95
201447,UPDCREIT,2023-06-15,3.6,3.6,5393457,2026-04-08T04:04:41.673534+00:00,2.857142857142869,0.0,1.5151515151515138,0.0,3.46,3.35,3.2529999999999997,1.80669066897078,1.4632178293405824,77.77210540447217,0.06523576757217864,0.025305151744413043,0.039930615827765595,968964.55
201561,UPDCREIT,2023-06-16,3.6,3.6,399982,2026-04-08T04:04:44.052846+00:00,0.0,2.857142857142869,0.0,3.124999999999978,3.5100000000000002,3.3625,3.2620000000000005,1.80669066897078,1.4632178293405824,77.77210540447216,0.0759847194309784,0.028843282882570237,0.04714143654840816,987221.5
201675,UPDCREIT,2023-06-19,3.45,3.45,1462202,2026-04-08T04:04:48.541112+00:00,-4.1666666666666625,0.0,0.0,1.5151515151515138,3.53,3.3675000000000006,3.2680000000000002,2.0729440428162884,1.59231962381898,58.026811494700254,0.07157452821572452,0.01954647333385308,0.05202805488187144,1055321.95
201789,UPDCREIT,2023-06-20,3.5,3.5,707232,2026-04-08T04:04:51.378552+00:00,1.4492753623188248,-4.1666666666666625,4.477611940298498,0.0,3.53,3.375,3.275,2.0920179772085983,1.6018687202933906,61.53267617116396,0.071292190047469,0.015411308132478048,0.05588088191499096,1088652.5
201903,UPDCREIT,2023-06-21,3.55,3.55,2163483,2026-04-08T04:04:53.764277+00:00,1.4285714285714235,1.4492753623188248,0.0,-1.4925373134328401,3.54,3.3850000000000002,3.283,2.1077169831092095,1.6105178093958743,64.70730323930515,0.07424714230826623,0.01469300831462022,0.059554133993646015,1189397.25
202017,UPDCREIT,2023-06-22,3.7,3.7,2089123,2026-04-08T04:04:56.145117+00:00,4.225352112676073,1.4285714285714235,2.857142857142869,1.5151515151515138,3.56,3.4025000000000007,3.2939999999999996,2.2796007592467347,1.70510012153656,72.13650657803338,0.08768196653187355,0.022502266030582016,0.06517970050129153,1284523.75
202131,UPDCREIT,2023-06-26,3.8,3.8,1227187,2026-04-08T04:05:01.671465+00:00,2.7027027027026973,4.225352112676073,0.0,0.0,3.6,3.425,3.3070000000000004,2.3266004059437373,1.7367581689741007,75.79466070637791,0.1051858092537099,0.0320048870019347,0.07318092225177521,1068610.1
202245,UPDCREIT,2023-06-30,3.75,3.75,2884686,2026-04-08T04:05:07.377697+00:00,-1.3157894736842035,2.7027027027026973,-4.1666666666666625,0.0,3.66,3.4450000000000003,3.3190000000000004,2.3644797204916643,1.7526934138049217,70.79023253211204,0.11371234347448,0.032425136978163835,0.08128720649631617,1201009.6
202359,UPDCREIT,2023-07-03,3.75,3.75,558220,2026-04-08T04:05:11.758079+00:00,0.0,-1.3157894736842035,1.4492753623188248,4.477611940298498,3.71,3.4725,3.3310000000000004,2.0502896991089568,1.7526934138049217,70.79023253211204,0.11909680939132805,0.030247682316009508,0.08884912707531854,1058128.3
202473,UPDCREIT,2023-07-04,3.8,3.8,1579870,2026-04-08T04:05:14.17436+00:00,1.3333333333333197,0.0,1.4285714285714235,0.0,3.7600000000000002,3.5025,3.344,2.044026331670676,1.757174709760777,72.86786704298812,0.12594678343568066,0.029678125088289695,0.09626865834739097,1118802.1
202587,UPDCREIT,2023-07-05,3.75,3.75,817304,2026-04-08T04:05:16.577423+00:00,-1.3157894736842035,1.3333333333333197,4.225352112676073,2.857142857142869,3.7700000000000005,3.53,3.356,2.0944852427394007,1.7729317725232656,67.68335805149549,0.1258896772489413,0.02369681512124025,0.10219286212770104,1150411.4
202701,UPDCREIT,2023-07-06,3.75,3.75,399548,2026-04-08T04:05:19.075393+00:00,0.0,-1.3157894736842035,2.7027027027026973,0.0,3.7600000000000002,3.5524999999999998,3.367,2.028771708824042,1.7647849303672278,67.68335805149549,0.12441029573797513,0.01777394688821926,0.10663634884975587,1135921.8
202815,UPDCREIT,2023-07-07,3.7,3.7,822450,2026-04-08T04:05:21.415756+00:00,-1.3333333333333308,0.0,-1.3157894736842035,-4.1666666666666625,3.75,3.5700000000000003,3.3770000000000007,2.065284826905826,1.7799268591419786,62.52408749013453,0.11784485101299591,0.008966801730592028,0.10887804928240388,1155446.1
202929,UPDCREIT,2023-07-10,3.8,3.8,1628595,2026-04-08T04:05:26.355595+00:00,2.7027027027026973,-1.3333333333333308,0.0,1.4492753623188248,3.7600000000000002,3.5925,3.389,2.1173548618271165,1.8112005029166203,67.8091855512364,0.1193352307753286,0.008365745194339774,0.11096948558098882,1233807.4
203043,UPDCREIT,2023-07-11,3.45,3.45,2062608,2026-04-08T04:05:28.903538+00:00,-9.210526315789469,2.7027027027026973,1.3333333333333197,1.4285714285714235,3.69,3.6,3.394,3.033966121830377,2.261101040274268,44.27454152672504,0.09122273365720934,-0.01579740153902358,0.10702013519623292,1325325.95
203157,UPDCREIT,2023-07-12,3.45,3.45,1259637,2026-04-08T04:05:31.299012+00:00,0.0,-9.210526315789469,-1.3157894736842035,4.225352112676073,3.63,3.6050000000000004,3.398,3.020057129894983,2.2523293754525078,44.27454152672504,0.06815769763979729,-0.0310899500451485,0.09924764768494579,1372083.75
203271,UPDCREIT,2023-07-14,3.3,3.3,380795,2026-04-08T04:05:34.698751+00:00,-4.34782608695653,0.0,0.0,2.7027027027026973,3.54,3.6025,3.398,3.1864828011871427,2.3304786247539435,37.76051406519497,0.03734426261031709,-0.04952270805970296,0.08686697067002006,1343772.1
203385,UPDCREIT,2023-07-17,3.45,3.45,595202,2026-04-08T04:05:39.139368+00:00,4.545454545454564,-4.34782608695653,-1.3333333333333308,-1.3157894736842035,3.4899999999999998,3.6075000000000004,3.403,3.3464920344045206,2.3735146542347323,46.27327714656697,0.024742918782544088,-0.049699241509980785,0.07444216029252487,1356728.3
203499,UPDCREIT,2023-07-19,3.75,3.75,488941,2026-04-08T04:05:42.577032+00:00,8.695652173913038,4.545454545454564,2.7027027027026973,0.0,3.4799999999999995,3.62,3.4139999999999997,3.739941808466094,2.661288400239732,58.49907053695514,0.03851972440143969,-0.028737948712868153,0.06725767311430784,1367002.3
203613,UPDCREIT,2023-07-20,3.75,3.75,247006,2026-04-08T04:05:45.122849+00:00,0.0,8.695652173913038,-9.210526315789469,1.3333333333333197,3.54,3.6325000000000003,3.425,3.739941808466094,2.661288400239732,58.49907053695514,0.04887454675924774,-0.014706501084048085,0.06358104784329582,1358376.4
203727,UPDCREIT,2023-07-21,3.5,3.5,1424723,2026-04-08T04:05:47.594805+00:00,-6.666666666666665,0.0,0.0,-1.3157894736842035,3.55,3.6275000000000004,3.432,4.008934417885236,2.82886467878907,47.953001342405294,0.0364873044839209,-0.021674994687499942,0.05816229917142084,1159939.7
203841,UPDCREIT,2023-07-24,3.55,3.55,251134,2026-04-08T04:05:52.167161+00:00,1.4285714285714235,-6.666666666666665,-4.34782608695653,0.0,3.6,3.625,3.44,4.0228312883618615,2.833493803817035,49.898397038279526,0.030354994388050116,-0.022245843826696587,0.052600838214746704,1152497.3
203955,UPDCREIT,2023-07-25,3.55,3.55,251333,2026-04-08T04:05:54.602351+00:00,0.0,1.4285714285714235,4.545454545454564,-1.3333333333333308,3.62,3.63,3.448,3.9013257025639136,2.833493803817035,49.898397038279526,0.02520455206919925,-0.021917028916437972,0.04712158098563722,1091953.85
204069,UPDCREIT,2023-07-26,3.8,3.8,208897,2026-04-08T04:05:57.515236+00:00,7.042253521126751,0.0,8.695652173913038,2.7027027027026973,3.63,3.6449999999999996,3.4610000000000003,4.184547131314731,2.9900412995896626,58.82329436989907,0.040825093818599,-0.005037189733630577,0.04586228355222958,1067037.1
204183,UPDCREIT,2023-07-27,3.5,3.5,199356,2026-04-08T04:05:59.880161+00:00,-7.894736842105255,7.042253521126751,0.0,-9.210526315789469,3.5799999999999996,3.6424999999999996,3.468,4.576150153928616,3.2128158317935855,47.81578987204191,0.028666542838001963,-0.013756592571382092,0.042423135409384055,968830.75
204297,UPDCREIT,2023-07-28,3.5,3.5,66888,2026-04-08T04:06:02.220136+00:00,0.0,-7.894736842105255,-6.666666666666665,0.0,3.5799999999999996,3.6324999999999994,3.475,4.468518192638253,3.2128158317935855,47.81578987204191,0.018813928333682117,-0.018887365660561546,0.03770129399424366,867719.0
204411,UPDCREIT,2023-07-31,3.6,3.6,193726,2026-04-08T04:06:06.790851+00:00,2.857142857142869,0.0,1.4285714285714235,-4.34782608695653,3.59,3.6225,3.484,4.473895254741718,3.233403486589792,51.33620300205579,0.018857447701138952,-0.01507507703448377,0.03393252473562272,816045.95
204525,UPDCREIT,2023-08-02,3.6,3.6,123423,2026-04-08T04:06:10.326378+00:00,0.0,2.857142857142869,0.0,4.545454545454564,3.6,3.6149999999999998,3.4930000000000003,4.465888287616046,3.233403486589792,51.33620300205578,0.018676644382752183,-0.01220470428229643,0.030881348665048613,677982.8
204639,UPDCREIT,2023-08-03,3.65,3.65,170220,2026-04-08T04:06:12.834218+00:00,1.388888888888884,0.0,7.042253521126751,8.695652173913038,3.5700000000000003,3.6100000000000003,3.5,4.478440111627761,3.1734505079745037,53.168240521153756,0.022310754097602192,-0.006856475653957139,0.02916722975155933,658582.8
204753,UPDCREIT,2023-08-04,3.65,3.65,172369,2026-04-08T04:06:15.200886+00:00,0.0,1.388888888888884,-7.894736842105255,0.0,3.6,3.6025,3.5060000000000002,4.466849277752324,3.168369388196299,53.168240521153756,0.024903737445732155,-0.0034107938446617456,0.0283145312903939,588207.75
204867,UPDCREIT,2023-08-07,3.65,3.65,177626,2026-04-08T04:06:19.871718+00:00,0.0,0.0,0.0,-6.666666666666665,3.63,3.5975,3.5120000000000005,4.457764581938937,3.168369388196299,53.168240521153756,0.026651473830212602,-0.0013304459681450394,0.02798191979835764,556223.85
204981,UPDCREIT,2023-08-08,3.7,3.7,490218,2026-04-08T04:06:22.245918+00:00,1.3698630136986356,0.0,2.857142857142869,1.4285714285714235,3.65,3.595,3.5189999999999997,4.468915362623619,3.1723363142261047,55.271379284453495,0.031705666452467085,0.0029789973232875536,0.02872666912917953,560757.35
205095,UPDCREIT,2023-08-09,3.7,3.7,81052,2026-04-08T04:06:24.635943+00:00,0.0,1.3698630136986356,0.0,0.0,3.6699999999999995,3.5949999999999998,3.526,4.457455181437885,3.1723363142261047,55.27137928445349,0.03530418584081474,0.005262013369308163,0.030042172471506576,523687.45
205209,UPDCREIT,2023-08-10,3.7,3.7,341708,2026-04-08T04:06:27.035398+00:00,0.0,0.0,1.388888888888884,7.042253521126751,3.6800000000000006,3.59,3.533,4.415021132431123,3.1723363142261047,55.27137928445349,0.03772121173378462,0.006143231409822439,0.03157798032396218,459343.1
205323,UPDCREIT,2023-08-11,3.7,3.7,41606,2026-04-08T04:06:29.455701+00:00,0.0,0.0,0.0,-7.894736842105255,3.69,3.6025,3.54,3.8526118574969614,3.1723363142261047,55.27137928445349,0.03918502163017079,0.006085633044966884,0.03309938858520391,358293.0
205437,UPDCREIT,2023-08-14,3.7,3.7,34104,2026-04-08T04:06:33.923569+00:00,0.0,0.0,0.0,0.0,3.7,3.6149999999999998,3.5470000000000006,3.8526118574969614,3.1723363142261047,55.27137928445349,0.03988532828255131,0.005428751757877923,0.03445657652467339,297016.35
205551,UPDCREIT,2023-08-15,3.7,3.7,225592,2026-04-08T04:06:36.358161+00:00,0.0,0.0,1.3698630136986356,2.857142857142869,3.7,3.6350000000000002,3.554,3.688536392140974,3.1723363142261047,55.27137928445349,0.03997946793005669,0.0044183131243066345,0.035561154805750055,289256.2
205665,UPDCREIT,2023-08-16,3.7,3.7,216379,2026-04-08T04:06:38.679915+00:00,0.0,0.0,0.0,0.0,3.7,3.6475,3.5610000000000004,3.5733621072412682,3.1723363142261047,55.271379284453495,0.03959761759200475,0.003229170229003757,0.036368447363000996,270315.05
205779,UPDCREIT,2023-08-17,3.65,3.65,1243536,2026-04-08T04:06:40.998805+00:00,-1.3513513513513598,0.0,0.0,1.388888888888884,3.6900000000000004,3.6424999999999996,3.57,3.0090538626409424,3.1074250088979514,51.39404672585671,0.034858588209290886,-0.0012078873229680875,0.036066475532258974,308044.8
205893,UPDCREIT,2023-08-18,3.65,3.65,2208192,2026-04-08T04:06:43.468275+00:00,0.0,-1.3513513513513598,0.0,0.0,3.6799999999999997,3.6375,3.5789999999999997,3.0090538626409424,3.1074250088979514,51.394046725856704,0.030748424582273337,-0.004254440759988515,0.03500286534226185,406104.1
206007,UPDCREIT,2023-08-21,3.65,3.65,511446,2026-04-08T04:06:47.688711+00:00,0.0,0.0,0.0,0.0,3.6700000000000004,3.6449999999999996,3.588,2.58115017118212,3.1074250088979514,51.3940467258567,0.027177801517432876,-0.0062600510598631864,0.03343785257729606,360440.25
206121,UPDCREIT,2023-08-24,3.7,3.7,2508651,2026-04-08T04:06:51.989424+00:00,1.3698630136986356,0.0,0.0,1.3698630136986356,3.6700000000000004,3.6525,3.5959999999999996,2.5797627646322234,3.0848227176302982,55.3096655236295,0.02805919026700332,-0.004302929848234195,0.032362120115237515,473316.1
206235,UPDCREIT,2023-08-25,3.65,3.65,1162806,2026-04-08T04:06:54.38475+00:00,-1.3513513513513598,1.3698630136986356,0.0,0.0,3.66,3.6575,3.602,2.603938224764528,3.0879619881565685,50.89431771580665,0.0244413701674695,-0.006336599958214412,0.030777970125683913,518889.75
206349,UPDCREIT,2023-08-28,3.65,3.65,580539,2026-04-08T04:06:59.310949+00:00,0.0,-1.3513513513513598,-1.3513513513513598,0.0,3.66,3.65,3.608,2.0413138893112794,3.0879619881565685,50.89431771580667,0.021328361597550582,-0.007559686822506666,0.02888804842005725,537471.85
206463,UPDCREIT,2023-08-29,3.6,3.6,876391,2026-04-08T04:07:01.613742+00:00,-1.3698630136986245,0.0,0.0,0.0,3.65,3.6550000000000002,3.614,0.9986785540545758,3.0866229219345502,46.58163069102326,0.014657732528838618,-0.011384252712974906,0.026041985241813524,571323.6
206577,UPDCREIT,2023-08-30,3.65,3.65,3285934,2026-04-08T04:07:03.820209+00:00,1.388888888888884,-1.3698630136986245,0.0,0.0,3.65,3.6625,3.62,1.0356226185429345,3.085594271705902,51.04874588381057,0.013253020494619072,-0.010231171797755564,0.023484192292374636,732275.9
206691,UPDCREIT,2023-09-01,3.65,3.65,539337,2026-04-08T04:07:07.195585+00:00,0.0,1.388888888888884,1.3698630136986356,0.0,3.6399999999999997,3.665,3.6260000000000003,0.8282990613564556,3.085594271705902,51.04874588381056,0.012001431060462586,-0.009186208985529642,0.021187640045992228,749556.45
206805,UPDCREIT,2023-09-04,3.35,3.35,1309654,2026-04-08T04:07:11.730996+00:00,-8.21917808219178,0.0,-1.3513513513513598,0.0,3.5799999999999996,3.6525,3.6260000000000003,2.0313370194116986,3.3083814537099365,32.27028637559293,-0.013047551328810414,-0.027388153099842112,0.0143406017710317,808868.0
206919,UPDCREIT,2023-09-05,3.35,3.35,1247811,2026-04-08T04:07:14.175893+00:00,0.0,-8.21917808219178,0.0,-1.3513513513513598,3.5200000000000005,3.6375,3.623,1.9925379480438379,3.24622611044057,32.27028637559293,-0.03252413238788421,-0.03749178732713273,0.0049676549392485185,862747.55
207033,UPDCREIT,2023-09-06,3.35,3.35,223424,2026-04-08T04:07:16.66229+00:00,0.0,0.0,-1.3698630136986245,0.0,3.47,3.6225,3.62,1.9925379480438379,3.24622611044057,32.27028637559293,-0.0474129166092343,-0.041904457238786254,-0.005508459370448046,865300.3
207147,UPDCREIT,2023-09-07,3.35,3.35,157068,2026-04-08T04:07:19.134101+00:00,0.0,0.0,1.388888888888884,0.0,3.41,3.6075000000000004,3.6150000000000007,1.9925379480438379,3.2193098368387374,32.270286375592924,-0.05853760035406097,-0.042423312786890335,-0.01611428756717063,864272.4
207261,UPDCREIT,2023-09-08,3.35,3.35,265421,2026-04-08T04:07:21.445908+00:00,0.0,0.0,0.0,1.3698630136986356,3.35,3.59,3.61,1.9513201235950497,3.2193098368387374,32.270286375592924,-0.0665864255062294,-0.040377710351247015,-0.026208715154982385,853032.55
207375,UPDCREIT,2023-09-11,3.4,3.4,3762785,2026-04-08T04:07:26.133096+00:00,1.4925373134328401,0.0,-8.21917808219178,-1.3513513513513598,3.3600000000000003,3.5750000000000006,3.6090000000000004,1.9984793315224634,3.17227932681688,37.79456275715881,-0.06814506144589183,-0.03354907703272755,-0.03459598441316428,1037119.2
207489,UPDCREIT,2023-09-12,3.3,3.3,3798548,2026-04-08T04:07:28.57479+00:00,-2.941176470588236,1.4925373134328401,0.0,0.0,3.35,3.5550000000000006,3.605,2.074121584879553,3.1926334429186225,32.147108144361134,-0.07656684104026112,-0.03357668530167748,-0.04299015573858365,1209961.2
207603,UPDCREIT,2023-09-13,3.4,3.4,628561,2026-04-08T04:07:30.890589+00:00,3.0303030303030276,-2.941176470588236,0.0,-1.3698630136986245,3.3600000000000003,3.54,3.602,2.221770195692698,3.2158963571180332,41.55244688418346,-0.07431533683596037,-0.02506014487790137,-0.049255191958059,1239308.95
207717,UPDCREIT,2023-09-14,3.4,3.4,375069,2026-04-08T04:07:33.324455+00:00,0.0,3.0303030303030276,0.0,1.388888888888884,3.37,3.525,3.596,2.221770195692698,3.156632257406373,41.55244688418345,-0.07170443939001592,-0.01795939794556553,-0.05374504144445039,1256357.2
207831,UPDCREIT,2023-09-15,3.4,3.4,483158,2026-04-08T04:07:35.74244+00:00,0.0,0.0,0.0,0.0,3.38,3.5099999999999993,3.5879999999999996,2.221770195692698,3.130351728891781,41.55244688418345,-0.06884171985954657,-0.012077342732076946,-0.05676437712746962,1269235.5
207945,UPDCREIT,2023-09-18,3.4,3.4,1267807,2026-04-08T04:07:40.292184+00:00,0.0,0.0,1.4925373134328401,-8.21917808219178,3.38,3.4949999999999997,3.5809999999999995,2.221770195692698,3.1260802067624662,41.55244688418345,-0.06581432740850035,-0.007239960224824579,-0.05857436718367577,1321806.9
208059,UPDCREIT,2023-09-19,3.6,3.6,1043320,2026-04-08T04:07:42.606346+00:00,5.882352941176472,0.0,-2.941176470588236,0.0,3.44,3.4924999999999997,3.5779999999999994,2.612725443026325,3.2403307800229055,57.42720116083462,-0.04673800195644384,0.00946909218178555,-0.05620709413822939,1311796.1
208173,UPDCREIT,2023-09-20,3.7,3.7,1490130,2026-04-08T04:07:45.004042+00:00,2.77777777777779,5.882352941176472,3.0303030303030276,0.0,3.5,3.4949999999999997,3.576,2.687494797162915,3.259113256725177,62.85905761002349,-0.023282328146924325,0.02633981279304405,-0.049622140939968376,1275893.0
208287,UPDCREIT,2023-09-21,3.4,3.4,1411035,2026-04-08T04:07:47.370085+00:00,-8.108108108108114,2.77777777777779,0.0,0.0,3.5,3.4825000000000004,3.5690000000000004,3.2553977752141323,3.45096412856977,44.51102166517111,-0.02857167398679472,0.016840373562538924,-0.045412047549333645,1320872.45
208401,UPDCREIT,2023-09-22,3.55,3.55,534685,2026-04-08T04:07:49.898567+00:00,4.4117647058823595,-8.108108108108114,0.0,0.0,3.53,3.475,3.565,3.4052505266841804,3.5104124140028516,52.047787985017436,-0.02042433327459303,0.019990171419792493,-0.040414504694385525,1222174.15
208515,UPDCREIT,2023-09-25,3.55,3.55,228612,2026-04-08T04:07:54.305125+00:00,0.0,4.4117647058823595,0.0,1.4925373134328401,3.56,3.4699999999999998,3.562,3.3935516027861237,3.505511624948836,52.047787985017436,-0.01380833319210284,0.02128493720182615,-0.03509327039392899,1175464.45
208629,UPDCREIT,2023-09-28,3.9,3.9,75162,2026-04-08T04:07:58.898315+00:00,9.859154929577475,0.0,5.882352941176472,-2.941176470588236,3.62,3.4825000000000004,3.5640000000000005,4.057363946110897,3.7561493720151153,64.93585372729129,0.01945273049864671,0.043636800714060564,-0.024184070215413852,1150195.6
208743,UPDCREIT,2023-09-29,3.9,3.9,95395,2026-04-08T04:08:01.279649+00:00,0.0,9.859154929577475,2.77777777777779,3.0303030303030276,3.66,3.4974999999999996,3.5729999999999995,4.037244975986721,3.5067104545009706,64.93585372729129,0.04529028489454889,0.0555794840879702,-0.010289199193421304,1111145.8
208857,UPDCREIT,2023-10-03,3.55,3.55,2876189,2026-04-08T04:08:06.721549+00:00,-8.974358974358976,0.0,-8.108108108108114,0.0,3.69,3.4925000000000006,3.575,4.547121450407663,3.7443045802840063,49.50479483602505,0.037097026544961054,0.03790898059070589,-0.0008119540457448334,1090658.55
208971,UPDCREIT,2023-10-04,3.5,3.5,513561,2026-04-08T04:08:09.042741+00:00,-1.4084507042253502,-8.974358974358976,4.4117647058823595,0.0,3.6799999999999997,3.4850000000000003,3.5789999999999997,4.557373354154086,3.6953798497213537,47.75876793005938,0.02626644491443031,0.021662719168140113,0.004603725746290196,1089369.75
209085,UPDCREIT,2023-10-05,3.5,3.5,66650,2026-04-08T04:08:11.600182+00:00,0.0,-1.4084507042253502,0.0,0.0,3.6700000000000004,3.4925000000000006,3.58,4.1390109435916385,3.641439970607317,47.75876793005938,0.017481613780373717,0.010302310427266816,0.007179303353106901,1027219.55
209200,UPDCREIT,2023-10-06,3.5,3.5,36278,2026-04-08T04:08:14.22861+00:00,0.0,0.0,9.859154929577475,5.882352941176472,3.59,3.5,3.575,4.1390109435916385,3.4233761106039644,47.75876793005937,0.010399690655054528,0.0025763098415581016,0.007823380813496426,966642.9
209315,UPDCREIT,2023-10-09,3.55,3.55,176001,2026-04-08T04:08:18.740555+00:00,1.4285714285714235,0.0,0.0,2.77777777777779,3.5199999999999996,3.5100000000000002,3.571,4.145862484758622,3.4300099966144257,49.962959474670484,0.008721264381314153,0.0007183068542541814,0.008002957527059972,964271.75
209430,UPDCREIT,2023-10-10,3.55,3.55,161099,2026-04-08T04:08:21.390436+00:00,0.0,1.4285714285714235,-8.974358974358976,-8.108108108108114,3.5200000000000005,3.5199999999999996,3.572,4.145862484758622,3.294497811556296,49.962959474670484,0.007306870413211541,-0.0005568696910787443,0.007863740104290286,964473.3
209545,UPDCREIT,2023-10-12,3.55,3.55,421732,2026-04-08T04:08:24.861957+00:00,0.0,0.0,-1.4084507042253502,4.4117647058823595,3.53,3.53,3.572,4.145862484758622,3.288772686963184,49.962959474670484,0.006115457812410963,-0.0013986258335034587,0.007514083645914421,972288.85
209660,UPDCREIT,2023-10-13,3.55,3.55,44663,2026-04-08T04:08:27.376596+00:00,0.0,0.0,0.0,0.0,3.54,3.537499999999999,3.572,4.138066439514291,3.288772686963184,49.962959474670484,0.005112323064633717,-0.0019214084650245634,0.0070337315296582804,786382.75
209775,UPDCREIT,2023-10-16,3.55,3.55,75279,2026-04-08T04:08:32.388707+00:00,0.0,0.0,0.0,9.859154929577475,3.55,3.55,3.5669999999999997,4.068576210365229,3.1303491804120496,49.96295947467047,0.004268131190282354,-0.002212480271500742,0.006480611461783096,600219.3
209890,UPDCREIT,2023-10-17,3.7,3.7,599226,2026-04-08T04:08:34.738576+00:00,4.225352112676073,0.0,1.4285714285714235,0.0,3.5799999999999996,3.565,3.5709999999999997,4.117030848218678,2.9790371934813735,57.71576772284889,0.015523899594249269,0.007234630505972938,0.00828926908827633,598752.55
210005,UPDCREIT,2023-10-19,3.7,3.7,241562,2026-04-08T04:08:38.671249+00:00,0.0,4.225352112676073,0.0,-8.974358974358976,3.6100000000000003,3.5799999999999996,3.575,4.117030848218677,2.9790371934813735,57.71576772284888,0.024165611026482736,0.012701073550565123,0.011464537475917613,592077.2
210120,UPDCREIT,2023-10-20,3.7,3.7,387828,2026-04-08T04:08:40.967521+00:00,0.0,0.0,0.0,-1.4084507042253502,3.6399999999999997,3.5949999999999998,3.577,4.117030848218677,2.9534436370650763,57.71576772284889,0.030660791082774086,0.015357002885485178,0.015303788197288908,587310.7
210235,UPDCREIT,2023-10-23,3.7,3.7,1406223,2026-04-08T04:08:45.440193+00:00,0.0,0.0,0.0,0.0,3.6700000000000004,3.6100000000000003,3.579,4.117030848218677,2.9534436370650763,57.71576772284888,0.0354001966416031,0.01607712675545135,0.019323069886151747,594231.5
210350,UPDCREIT,2023-10-24,3.6,3.6,763142,2026-04-08T04:08:47.71675+00:00,-2.7027027027027084,0.0,0.0,0.0,3.6799999999999997,3.6099999999999994,3.5780000000000003,3.971822378955731,2.9735624132167766,50.67516166803772,0.030732777103458897,0.00912776577384572,0.021605011329613177,580222.6
210465,UPDCREIT,2023-10-25,3.6,3.6,107428,2026-04-08T04:08:50.022319+00:00,0.0,-2.7027027027027084,4.225352112676073,1.4285714285714235,3.66,3.6050000000000004,3.577,3.920589389992437,2.9735624132167766,50.675161668037724,0.026725735845899656,0.0040965796130291825,0.022629156232870474,511087.5
210580,UPDCREIT,2023-10-26,3.5,3.5,572874,2026-04-08T04:08:52.472279+00:00,-2.777777777777779,0.0,0.0,0.0,3.62,3.6100000000000003,3.574,3.5039805452712987,2.999705134605066,44.394389717965886,0.015304541289738793,-0.005859691954505343,0.021164233244244136,469179.45
210695,UPDCREIT,2023-10-27,3.7,3.7,1776907,2026-04-08T04:08:54.778052+00:00,5.714285714285716,-2.777777777777779,0.0,0.0,3.62,3.6174999999999997,3.574,3.5971864232852493,3.102514924374279,56.11070746636516,0.022136317164088926,0.0007776671358758307,0.021358650028213095,531290.55
210810,UPDCREIT,2023-10-30,3.7,3.7,6849083,2026-04-08T04:08:59.45056+00:00,0.0,5.714285714285716,0.0,0.0,3.62,3.625,3.5740000000000003,3.5971864232852493,3.102514924374279,56.110707466365156,0.027236582397108577,0.004702345895116387,0.02253423650199219,862314.1
210925,UPDCREIT,2023-10-31,3.7,3.7,112161,2026-04-08T04:09:01.914254+00:00,0.0,0.0,-2.7027027027027084,0.0,3.6399999999999997,3.6149999999999998,3.574,2.801134113171186,3.102514924374279,56.11070746636516,0.030922128293097373,0.006710313432884144,0.02421181486021323,864164.05
211040,UPDCREIT,2023-11-01,3.6,3.6,1912355,2026-04-08T04:09:04.386399+00:00,-2.7027027027027084,0.0,0.0,4.225352112676073,3.6400000000000006,3.6,3.5720000000000005,2.854407295403555,3.1268089501448024,49.58607149089287,0.025480067347867674,0.001014601990123553,0.02446546535774412,955012.05
211155,UPDCREIT,2023-11-02,3.7,3.7,2275415,2026-04-08T04:09:06.696264+00:00,2.77777777777779,-2.7027027027027084,-2.777777777777779,0.0,3.6800000000000006,3.6074999999999995,3.572,2.0968071887401556,3.151506752566597,55.196627834003955,0.028903181224421814,0.003550172693342152,0.025353008531079663,924973.35
211270,UPDCREIT,2023-11-03,3.65,3.65,655057,2026-04-08T04:09:09.071615+00:00,-1.3513513513513598,2.77777777777779,5.714285714285716,0.0,3.6700000000000004,3.6149999999999998,3.571,2.094499768922576,3.157724227661872,52.07596125556244,0.027267123079563582,0.0015312916387871314,0.02573583144077645,932048.15
211385,UPDCREIT,2023-11-06,3.65,3.65,3055,2026-04-08T04:09:13.59419+00:00,0.0,-1.3513513513513598,0.0,0.0,3.66,3.6224999999999996,3.57,2.094499768922576,3.157724227661872,52.075961255562454,0.025674574697357677,-4.900539473502025e-05,0.025723580092092697,928868.4
211501,UPDCREIT,2023-11-07,3.65,3.65,183187,2026-04-08T04:09:15.923939+00:00,0.0,0.0,0.0,-2.7027027027027084,3.65,3.63,3.57,2.094499768922576,3.151506752566597,52.07596125556245,0.024134263860045913,-0.0012714529856374286,0.02540571684568334,936213.85
211617,UPDCREIT,2023-11-08,3.6,3.6,1559284,2026-04-08T04:09:18.177895+00:00,-1.3698630136986245,0.0,-2.7027027027027084,0.0,3.65,3.6325000000000003,3.569,2.1037096018806163,3.1578896164405155,48.64122512162508,0.018663829285400446,-0.0053935100482263194,0.024057339333626766,1005378.0
211733,UPDCREIT,2023-11-09,3.7,3.7,748448,2026-04-08T04:09:20.462573+00:00,2.77777777777779,-1.3698630136986245,2.77777777777779,-2.777777777777779,3.65,3.6399999999999997,3.57,2.187439244011883,3.1818445719275164,55.02969170800868,0.022142391037055287,-0.0015319586372571845,0.02367434967431247,1034745.45
211849,UPDCREIT,2023-11-10,3.7,3.7,2044221,2026-04-08T04:09:22.644841+00:00,0.0,2.77777777777779,-1.3513513513513598,5.714285714285716,3.66,3.6475,3.57,2.187439244011883,3.1763797730407726,55.02969170800868,0.024615424990208634,0.0007528602527169283,0.023862564737491706,1115869.9
211965,UPDCREIT,2023-11-13,3.7,3.7,238465,2026-04-08T04:09:27.404692+00:00,0.0,0.0,0.0,0.0,3.6700000000000004,3.6550000000000002,3.571,2.187439244011883,3.1699571392138037,55.02969170800869,0.026272469540511434,0.001927923842415781,0.024344545698095653,1125560.0
212081,UPDCREIT,2023-11-14,3.7,3.7,236731,2026-04-08T04:09:29.775588+00:00,0.0,0.0,0.0,0.0,3.6799999999999997,3.6625,3.572,2.187439244011883,3.1699571392138037,55.029691708008684,0.027271322455529212,0.0023414214059468454,0.024929901049582367,1133632.6
212197,UPDCREIT,2023-11-15,3.7,3.7,181216,2026-04-08T04:09:32.378304+00:00,0.0,0.0,-1.3698630136986245,-2.7027027027027084,3.7,3.6625000000000005,3.5740000000000003,1.9749271920816547,3.1631109183419484,55.02969170800869,0.027743115224212467,0.002250571339704077,0.02549254388450839,1112732.1
212313,UPDCREIT,2023-11-16,3.7,3.7,122289,2026-04-08T04:09:34.916677+00:00,0.0,0.0,2.77777777777779,2.77777777777779,3.7,3.6625,3.575,1.9749271920816547,3.1576927893402926,55.029691708008684,0.027796592576038837,0.0018432389532243576,0.02595335362281448,1106768.45
212429,UPDCREIT,2023-11-17,3.7,3.7,2022316,2026-04-08T04:09:37.378105+00:00,0.0,0.0,0.0,-1.3513513513513598,3.7,3.6625,3.5759999999999996,1.9749271920816547,3.1576927893402926,55.02969170800868,0.027521720500391922,0.0012546935020619522,0.02626702699832997,1188492.85
212545,UPDCREIT,2023-11-20,4.05,4.05,2993127,2026-04-08T04:09:41.830835+00:00,9.459459459459453,0.0,0.0,0.0,3.7700000000000005,3.6799999999999997,3.59,2.890711308033111,3.199340698385121,74.02631395824038,0.05491295496533688,0.022916742373605525,0.031996212591731354,1267838.05
212661,UPDCREIT,2023-11-21,4.35,4.35,2209433,2026-04-08T04:09:44.211025+00:00,7.407407407407396,9.459459459459453,0.0,0.0,3.9,3.7175000000000002,3.61,3.172988848666133,3.3471126762581758,81.3129751769617,0.0996791591191788,0.054146357221957944,0.04553280189722085,1340152.6
212777,UPDCREIT,2023-11-22,4.15,4.15,3690267,2026-04-08T04:09:46.526636+00:00,-4.597701149425271,7.407407407407396,0.0,-1.3698630136986245,3.9900000000000007,3.7449999999999997,3.6260000000000003,3.4069336642558317,3.4255567051459823,67.68109415708952,0.11766203520416374,0.057703386645554314,0.059958648558609426,1519294.55
212893,UPDCREIT,2023-11-23,4.5,4.5,1893347,2026-04-08T04:09:48.793806+00:00,8.43373493975903,-4.597701149425271,0.0,2.77777777777779,4.15,3.7949999999999995,3.6489999999999996,3.7025469941064437,3.604112590305509,75.44063197639424,0.1583305331601581,0.07869750768123894,0.07963302547891916,1585318.2
213010,UPDCREIT,2023-11-27,4.2,4.2,3205603,2026-04-08T04:09:54.316732+00:00,-6.666666666666665,8.43373493975903,0.0,0.0,4.25,3.8200000000000003,3.6659999999999995,3.9567742602839147,3.749228646296048,61.75437141013525,0.16445735596716116,0.0678594643905936,0.09659789157656756,1656753.0
213127,UPDCREIT,2023-11-28,4.2,4.2,46210457,2026-04-08T04:09:57.050116+00:00,0.0,-6.666666666666665,9.459459459459453,0.0,4.28,3.845,3.682,3.9567742602839147,3.7472811783395246,61.75437141013524,0.16738341536333579,0.05662841902941457,0.11075499633392122,3624821.7
213244,UPDCREIT,2023-11-29,3.9,3.9,14876766,2026-04-08T04:09:59.54407+00:00,-7.142857142857151,0.0,7.407407407407396,0.0,4.1899999999999995,3.8550000000000004,3.6940000000000004,4.32893863896319,3.8709077437689112,51.01974087525438,0.1438367848006421,0.026465430773376708,0.1173713540272654,4363051.95
213361,UPDCREIT,2023-11-30,4.1,4.1,3243050,2026-04-08T04:10:01.973818+00:00,5.128205128205132,-7.142857142857151,-4.597701149425271,0.0,4.18,3.88,3.708,4.391864430625764,3.9110770534315824,56.4542307866665,0.13970382028798278,0.0178659730085739,0.12183784727940888,4429586.7
213478,UPDCREIT,2023-12-01,4.45,4.45,884883,2026-04-08T04:10:04.46052+00:00,8.536585365853666,5.128205128205132,8.43373493975903,0.0,4.17,3.9175000000000004,3.7289999999999996,4.709591540792828,4.073981703574947,63.985064840175895,0.16279390427050933,0.03276484559288034,0.13002905867762898,4360060.1
213595,UPDCREIT,2023-12-04,4.4,4.4,175918,2026-04-08T04:10:08.793495+00:00,-1.1235955056179692,8.536585365853666,-6.666666666666665,0.0,4.21,3.9549999999999996,3.7490000000000006,4.703800296437068,4.080566910174971,62.3267825495437,0.17504062073236915,0.036009249643792124,0.13903137108857702,4336103.15
213712,UPDCREIT,2023-12-05,4.4,4.4,102435,2026-04-08T04:10:11.104733+00:00,0.0,-1.1235955056179692,0.0,9.459459459459453,4.25,3.9924999999999997,3.769,4.703800296437068,4.080566910174971,62.32678254954371,0.18264086159869963,0.03488759240809808,0.14775326919060155,4341072.15
213829,UPDCREIT,2023-12-06,4.4,4.4,279502,2026-04-08T04:10:13.383432+00:00,0.0,0.0,-7.142857142857151,7.407407407407396,4.3500000000000005,4.03,3.7850000000000006,4.703800296437068,4.0092751410640775,62.3267825495437,0.18651408892589671,0.03100865578823611,0.1555054331376606,4345887.9
213946,UPDCREIT,2023-12-08,5.0,5.0,1009108,2026-04-08T04:10:16.965057+00:00,13.636363636363624,0.0,5.128205128205132,-4.597701149425271,4.53,4.1,3.8110000000000004,5.438299106155935,4.410300846808648,72.86636006234558,0.23528639992098377,0.06382477342665852,0.17146162649432525,4318379.1
214063,UPDCREIT,2023-12-11,4.6,4.6,3223353,2026-04-08T04:10:21.350621+00:00,-8.000000000000007,13.636363636363624,8.536585365853666,8.43373493975903,4.5600000000000005,4.1450000000000005,3.835,5.853652564723093,4.405920143102344,60.678703516944495,0.23890816608612564,0.0539572316734403,0.18495093441268534,4442124.35
214180,UPDCREIT,2023-12-12,4.6,4.6,381933,2026-04-08T04:10:23.843731+00:00,0.0,-8.000000000000007,-1.1235955056179692,-6.666666666666665,4.6,4.1899999999999995,3.8560000000000003,5.853652564723093,4.374121959585823,60.67870351694449,0.23902313198660874,0.0432577580591387,0.19576537392747004,4359009.95
214297,UPDCREIT,2023-12-13,4.6,4.6,173087,2026-04-08T04:10:26.19208+00:00,0.0,0.0,0.0,0.0,4.64,4.235,3.877,5.853652564723093,4.374121959585823,60.67870351694449,0.23638929464953318,0.032499136577650495,0.20389015807188268,4355741.05
214414,UPDCREIT,2023-12-14,4.15,4.15,3347102,2026-04-08T04:10:28.64956+00:00,-9.782608695652161,0.0,0.0,-7.142857142857151,4.59,4.257499999999999,3.8819999999999997,6.351461062766977,4.408503002275166,49.1318679755886,0.1957344158851626,-0.006524593749376084,0.2022590096345387,4511259.6
214531,UPDCREIT,2023-12-15,4.55,4.55,917582,2026-04-08T04:10:31.179138+00:00,9.638554216867457,-9.782608695652161,13.636363636363624,5.128205128205132,4.5,4.3,3.8950000000000005,6.649103617364757,4.605103040277218,56.970269008351174,0.19356054316794857,-0.0069587731732720925,0.20051931634122067,4548077.9
214648,UPDCREIT,2023-12-18,4.6,4.6,1119025,2026-04-08T04:10:35.879044+00:00,1.098901098901095,9.638554216867457,-8.000000000000007,8.536585365853666,4.5,4.345000000000001,3.9160000000000004,6.64279976692969,4.401982728664428,57.84470597429437,0.19364015237049514,-0.005503331176580445,0.1991434835470756,4597914.7
214765,UPDCREIT,2023-12-19,4.6,4.6,42029284,2026-04-08T04:10:38.280823+00:00,0.0,1.098901098901095,0.0,-1.1235955056179692,4.5,4.39,3.938,6.64279976692969,4.393282734282659,57.84470597429438,0.1914957988696928,-0.006118147741906221,0.19761394661159903,6598263.1
214882,UPDCREIT,2023-12-20,4.6,4.6,245405,2026-04-08T04:10:40.523028+00:00,0.0,0.0,0.0,0.0,4.5,4.4175,3.96,6.362193130885524,4.393282734282659,57.844705974294385,0.18763346152439553,-0.007984388069762816,0.19561784959415834,6460877.0
214999,UPDCREIT,2023-12-21,4.95,4.95,697392,2026-04-08T04:10:42.873875+00:00,7.608695652173925,0.0,-9.782608695652161,0.0,4.659999999999999,4.4475,3.9890000000000003,6.373297939300585,4.501082089802402,64.20446705461652,0.21038936860116397,0.01181721520560447,0.1985721533955595,6385274.95
215116,UPDCREIT,2023-12-28,5.9,5.9,2120340,2026-04-08T04:10:51.166125+00:00,19.191919191919204,7.608695652173925,9.638554216867457,13.636363636363624,4.930000000000001,4.535,4.036,7.436622396758944,5.199156275515301,75.15907231436046,0.3016039468681351,0.08242543477806047,0.2191785120900746,6306778.6
215233,UPDCREIT,2023-12-29,6.4,6.4,2192910,2026-04-08T04:10:53.57119+00:00,8.47457627118644,19.191919191919204,1.098901098901095,-8.000000000000007,5.29,4.630000000000001,4.093,7.438479379751172,5.298148871615652,78.83103750679801,0.4095173179107112,0.15227104465650926,0.25724627325420196,6321756.75
215350,UPDCREIT,2024-01-02,7.0,7.0,9007094,2026-04-08T04:10:59.157783+00:00,9.375,8.47457627118644,0.0,0.0,5.7700000000000005,4.7700000000000005,4.162,7.315239631802937,5.4151565280361575,82.22630764172833,0.5372612146772804,0.22401195313846273,0.31324926153881766,6611831.3
215467,UPDCREIT,2024-01-03,7.5,7.5,1168613,2026-04-08T04:11:01.401293+00:00,7.14285714285714,9.375,0.0,0.0,6.35,4.9350000000000005,4.2410000000000005,7.344006929085255,5.468588035089345,84.46272587949896,0.6711088692416602,0.28628768616227407,0.3848211830793862,4359739.1
215584,UPDCREIT,2024-01-04,7.5,7.5,2653265,2026-04-08T04:11:03.846312+00:00,0.0,7.14285714285714,7.608695652173925,-9.782608695652161,6.860000000000001,5.115,4.32,6.97975980488177,5.468588035089345,84.46272587949898,0.7683273009460416,0.3068048942933243,0.4615224066527173,3748564.05
215701,UPDCREIT,2024-01-05,6.8,6.8,1021675,2026-04-08T04:11:07.208124+00:00,-9.333333333333337,0.0,19.191919191919204,9.638554216867457,7.040000000000001,5.25,4.382000000000001,7.534303403197053,5.670623727273906,70.13416975678179,0.779899265376014,0.25470148697863726,0.5251977783973767,3637495.3
215818,UPDCREIT,2024-01-08,7.25,7.25,4476126,2026-04-08T04:11:11.742656+00:00,6.617647058823528,-9.333333333333337,8.47457627118644,1.098901098901095,7.209999999999999,5.39,4.453,7.469657045908266,5.714883607799136,73.27312210219547,0.8159753142556108,0.2326220286865872,0.5833532855690235,3817057.45
215935,UPDCREIT,2024-01-09,7.0,7.0,1913925,2026-04-08T04:11:14.100458+00:00,-3.4482758620689613,6.617647058823528,9.375,0.0,7.209999999999999,5.5200000000000005,4.519,7.550383913225265,5.754141529904279,68.93819107471711,0.8149981409931231,0.1853158843392796,0.6296822566538435,3903957.8
216052,UPDCREIT,2024-01-10,7.0,7.0,724244,2026-04-08T04:11:16.512964+00:00,0.0,-3.4482758620689613,7.14285714285714,0.0,7.109999999999999,5.65,4.585,7.550383913225265,5.754141529904279,68.93819107471712,0.8049448213032191,0.14021005171950052,0.6647347695837186,3935048.25
216169,UPDCREIT,2024-01-11,6.8,6.8,3811273,2026-04-08T04:11:18.918089+00:00,-2.857142857142858,0.0,0.0,7.608695652173925,6.970000000000001,5.77,4.649,7.629005709599668,5.756451911848727,65.3510424701327,0.7719407124714897,0.0857647543102169,0.6861759581612727,4111636.8
216286,UPDCREIT,2024-01-12,6.55,6.55,1275956,2026-04-08T04:11:21.244944+00:00,-3.676470588235292,-2.857142857142858,-9.333333333333337,19.191919191919204,6.92,5.847499999999999,4.708,7.268800505240287,5.798512845726012,61.07310730482356,0.7173427273472415,0.024933415348774912,0.6924093119984666,4124979.2
216403,UPDCREIT,2024-01-15,6.65,6.65,2707728,2026-04-08T04:11:25.674113+00:00,1.526717557251911,-3.676470588235292,6.617647058823528,8.47457627118644,6.8,5.95,4.771,6.909692925189758,5.767640579786121,62.14068407612824,0.6743688902573339,-0.01443233739290617,0.6888012276502401,4099197.95
216520,UPDCREIT,2024-01-16,6.8,6.8,1340019,2026-04-08T04:11:28.037988+00:00,2.2556390977443552,1.526717557251911,-3.4482758620689613,9.375,6.76,6.0600000000000005,4.833,6.892362300137274,5.736106635942863,63.74678151147951,0.644980625981681,-0.03505648133484729,0.6800371073165283,4147102.25
216637,UPDCREIT,2024-01-18,6.25,6.25,547353,2026-04-08T04:11:31.337167+00:00,-8.088235294117641,2.2556390977443552,0.0,7.14285714285714,6.609999999999999,6.1425,4.8839999999999995,7.255451582962559,5.887879526431781,54.6003684021202,0.5707307821647838,-0.08744506012139563,0.6581758422861794,4165815.55
216754,UPDCREIT,2024-01-19,6.65,6.65,584044,2026-04-08T04:11:38.619168+00:00,6.400000000000006,-8.088235294117641,-2.857142857142858,0.0,6.58,6.2675,4.9430000000000005,6.78431966126955,5.930253642283264,59.18680248757444,0.5379626050186133,-0.09617058981405291,0.6341331948326662,4027662.65
216871,UPDCREIT,2024-01-22,6.05,6.05,1933154,2026-04-08T04:11:42.948818+00:00,-9.022556390977455,6.400000000000006,-3.676470588235292,-9.333333333333337,6.480000000000001,6.342499999999999,4.992000000000001,7.043128256795149,6.083694411434431,50.883090927100056,0.45829565591527643,-0.14067003113391174,0.5989656870491882,4078441.25
216988,UPDCREIT,2024-01-23,5.9,5.9,1469874,2026-04-08T04:11:45.304506+00:00,-2.4793388429751984,-9.022556390977455,1.526717557251911,6.617647058823528,6.33,6.407500000000001,5.0360000000000005,7.103409691582247,6.101634022008452,49.03108006756165,0.37868997606604893,-0.1762205687865115,0.5549105448525604,4095983.7
217105,UPDCREIT,2024-01-24,6.2,6.2,1535831,2026-04-08T04:11:47.647942+00:00,5.084745762711851,-2.4793388429751984,2.2556390977443552,-3.4482758620689613,6.21,6.4875,5.087,7.1383936830549475,6.1164036959411705,52.73628772400083,0.3359369223258737,-0.17517889802134934,0.511115820347223,2071311.05
217222,UPDCREIT,2024-01-25,5.7,5.7,565723,2026-04-08T04:11:50.11021+00:00,-8.064516129032262,5.084745762711851,-8.088235294117641,0.0,6.1,6.5424999999999995,5.127999999999999,7.46219777309762,6.25464970492564,46.64950753399248,0.25872655916960063,-0.20191140894209791,0.46063796811169855,2087326.95
217339,UPDCREIT,2024-01-26,6.2,6.2,783699,2026-04-08T04:11:52.721812+00:00,8.771929824561408,-8.064516129032262,6.400000000000006,-2.857142857142858,6.01,6.6049999999999995,5.178999999999999,7.517991076222749,6.346013146494555,52.54771297419812,0.23517169847258312,-0.18037301571129238,0.4155447141838755,2091642.3
217456,UPDCREIT,2024-01-29,6.2,6.2,552617,2026-04-08T04:11:57.440388+00:00,0.0,8.771929824561408,-9.022556390977455,-3.676470588235292,6.040000000000001,6.62,5.231,6.2434279817240705,6.337386454580179,52.54771297419813,0.21403701617751025,-0.16120615840509223,0.3752431745826025,2013256.15
217573,UPDCREIT,2024-01-30,6.25,6.25,1321368,2026-04-08T04:12:00.024191+00:00,0.8064516129032251,0.0,-2.4793388429751984,1.526717557251911,6.110000000000001,6.6125,5.282,5.952331399862024,6.334045395128078,53.14843687913958,0.19902794012094294,-0.14097218756932767,0.3400001276902706,1969679.05
217690,UPDCREIT,2024-01-31,6.4,6.4,5407129,2026-04-08T04:12:02.433526+00:00,2.400000000000002,0.8064516129032251,5.084745762711851,2.2556390977443552,6.15,6.5825000000000005,5.336,5.569261653162155,6.333502209228481,54.98937319342583,0.1969663797903456,-0.11442699831994002,0.3113933781102856,1789680.8
217807,UPDCREIT,2024-02-01,6.6,6.6,2546000,2026-04-08T04:12:04.812869+00:00,3.124999999999978,2.400000000000002,-8.064516129032262,-8.088235294117641,6.33,6.5375,5.394000000000001,5.355069843849591,6.335888325013287,57.39327253205732,0.20906098204084245,-0.08186591685555455,0.290926898896397,1858550.15
217924,UPDCREIT,2024-02-02,6.6,6.6,2714675,2026-04-08T04:12:07.232701+00:00,0.0,3.124999999999978,8.771929824561408,6.400000000000006,6.409999999999999,6.4925,5.451999999999999,5.355069843849591,6.335888325013287,57.39327253205731,0.21615434868107908,-0.05981804017225434,0.2759723888533334,1861620.65
218041,UPDCREIT,2024-02-05,6.55,6.55,3585977,2026-04-08T04:12:11.791199+00:00,-0.7575757575757569,0.0,0.0,-9.022556390977455,6.4799999999999995,6.4799999999999995,5.5089999999999995,4.937527686752862,6.340103447534305,56.51809113452265,0.2152599282575487,-0.04856996847662781,0.2638298967341765,1989835.75
218158,UPDCREIT,2024-02-06,6.55,6.55,46095,2026-04-08T04:12:14.363902+00:00,0.0,-0.7575757575757569,0.8064516129032251,-2.4793388429751984,6.539999999999999,6.445,5.566,4.6808179098073355,6.340103447534305,56.51809113452265,0.21210606691993927,-0.041379063851389786,0.25348513077132906,1768334.2
218275,UPDCREIT,2024-02-07,6.15,6.15,550782,2026-04-08T04:12:16.791058+00:00,-6.1068702290076216,0.0,2.400000000000002,5.084745762711851,6.49,6.402500000000001,5.615,4.807930750762121,6.424732976712869,49.51297323168635,0.17530909787286664,-0.06254082631876995,0.23784992419163659,1700177.05
218392,UPDCREIT,2024-02-08,6.15,6.15,5082857,2026-04-08T04:12:19.312026+00:00,0.0,-6.1068702290076216,3.124999999999978,-8.064516129032262,6.4,6.36,5.657,4.807930750762121,6.3154850629906125,49.51297323168635,0.1444817392419937,-0.07469454795971431,0.219176287201708,1918107.7
218509,UPDCREIT,2024-02-09,5.85,5.85,323317,2026-04-08T04:12:21.609908+00:00,-4.87804878048782,0.0,0.0,8.771929824561408,6.25,6.3125,5.686999999999999,4.880017681810105,6.301285541072987,44.694467685592905,0.09475111080764087,-0.09954014111525372,0.1942912519228946,1743709.9
218626,UPDCREIT,2024-02-12,6.05,6.05,2287838,2026-04-08T04:12:25.771109+00:00,3.418803418803429,-4.87804878048782,-0.7575757575757569,0.0,6.15,6.2875,5.725,4.905124772228869,6.2634167452466745,48.30627528119463,0.0706629989481602,-0.09890260237978754,0.16956560132794773,1794304.0
218743,UPDCREIT,2024-02-13,5.9,5.9,381373,2026-04-08T04:12:28.061356+00:00,-2.4793388429751984,3.418803418803429,0.0,0.8064516129032251,6.0200000000000005,6.25,5.752999999999999,4.909239536967182,6.186802283457264,45.88590782229976,0.03901945832950027,-0.10443691439875799,0.14345637272825826,1677986.25
218860,UPDCREIT,2024-02-14,5.9,5.9,77894,2026-04-08T04:12:30.570558+00:00,0.0,-2.4793388429751984,-6.1068702290076216,2.400000000000002,5.970000000000001,6.205,5.787000000000001,4.868811426431783,6.095377906400784,45.88590782229976,0.013782844359559121,-0.1037388226949593,0.11752166705451843,1614880.0
218977,UPDCREIT,2024-02-16,5.9,5.9,252208,2026-04-08T04:12:34.036511+00:00,0.0,0.0,0.0,3.124999999999978,5.92,6.1875,5.821000000000001,4.538206304455543,6.095377906400784,45.88590782229974,-0.006146500994208104,-0.09893453443898123,0.09278803344477313,1600122.75
219094,UPDCREIT,2024-02-19,5.9,5.9,63113,2026-04-08T04:12:38.429241+00:00,0.0,0.0,-4.87804878048782,0.0,5.930000000000001,6.15,5.861000000000001,4.266657582424862,5.986723490256557,45.88590782229975,-0.021690614864034785,-0.09158291864704633,0.06989230378301155,1574076.2
219211,UPDCREIT,2024-02-20,5.35,5.35,1079516,2026-04-08T04:12:40.813552+00:00,-9.322033898305094,0.0,3.418803418803429,-0.7575757575757569,5.79,6.115,5.886,4.29851487179071,6.13056824709617,36.79383385395397,-0.07749650903710137,-0.11791105025609033,0.040414541218988964,1531394.3
219328,UPDCREIT,2024-02-21,5.55,5.55,468112,2026-04-08T04:12:43.257682+00:00,3.738317757009346,-9.322033898305094,-2.4793388429751984,0.0,5.720000000000001,6.097499999999999,5.9079999999999995,4.373839119971259,6.042537714465888,41.34517476209224,-0.10438150864235851,-0.11583683988907797,0.011455331246719467,1481306.2
219445,UPDCREIT,2024-02-22,5.55,5.55,434233,2026-04-08T04:12:45.850796+00:00,0.0,3.738317757009346,0.0,-6.1068702290076216,5.65,6.065,5.931,4.193753732195794,6.038016823362817,41.34517476209224,-0.12425572190981082,-0.10856884252522422,-0.015686879384586593,1426226.3
219562,UPDCREIT,2024-02-26,5.55,5.55,20530,2026-04-08T04:12:51.18414+00:00,0.0,0.0,0.0,0.0,5.58,6.0575,5.954000000000001,3.793444548259969,6.038016823362817,41.345174762092235,-0.1384106670975891,-0.098179030170402,-0.04023163692718709,1398966.65
219679,UPDCREIT,2024-02-27,5.55,5.55,115501,2026-04-08T04:12:53.509755+00:00,0.0,0.0,0.0,-4.87804878048782,5.51,6.025,5.976999999999999,3.1746890449009775,6.038016823362817,41.34517476209224,-0.14792339432906765,-0.08615340592150444,-0.0617699884075632,1365556.75
219796,UPDCREIT,2024-02-29,5.0,5.0,720390,2026-04-08T04:12:56.822244+00:00,-9.909909909909908,0.0,-9.322033898305094,3.418803418803429,5.4399999999999995,5.965,5.976999999999999,3.803223371984386,5.920814475736395,32.64911115132392,-0.19756529293687386,-0.10863624362344851,-0.08892904931342535,1373945.4
219913,UPDCREIT,2024-03-01,5.1,5.1,2110280,2026-04-08T04:12:59.287484+00:00,2.0000000000000018,-9.909909909909908,3.738317757009346,-2.4793388429751984,5.35,5.9075,5.987,3.8421964936037027,5.807030149402876,35.31312242351801,-0.2262298540348775,-0.10984064377716171,-0.11638921025771579,1413391.0
220031,UPDCREIT,2024-03-04,5.55,5.55,1227191,2026-04-08T04:13:03.814092+00:00,8.823529411764719,2.0000000000000018,0.0,0.0,5.35,5.865,6.006,4.368407016575942,5.928377431171165,45.71817671313894,-0.21021228960699023,-0.07505846347941955,-0.13515382612757068,1204394.1
220149,UPDCREIT,2024-03-05,5.05,5.05,386355,2026-04-08T04:13:06.279726+00:00,-9.009009009009006,8.823529411764719,0.0,0.0,5.25,5.7875,6.015,4.65452976175958,6.080265189264681,38.33895431389747,-0.23515337400557446,-0.07999963830240303,-0.15515373570317142,1096411.85
220267,UPDCREIT,2024-03-06,5.15,5.15,408202,2026-04-08T04:13:08.558236+00:00,1.980198019801982,-9.009009009009006,0.0,0.0,5.17,5.715,6.035,4.702750435077344,5.904621567041472,40.41055348332024,-0.24403709113830452,-0.07110668434810646,-0.17293040679019805,981088.2
220385,UPDCREIT,2024-03-07,4.95,4.95,919566,2026-04-08T04:13:10.988978+00:00,-3.8834951456310662,1.980198019801982,-9.909909909909908,-9.322033898305094,5.16,5.635,6.042999999999999,4.741676874073937,5.79080536984422,37.683692645872966,-0.26417063486180137,-0.07299218245728264,-0.19117845240451872,847767.65
220503,UPDCREIT,2024-03-08,5.3,5.3,261029,2026-04-08T04:13:13.453006+00:00,7.070707070707072,-3.8834951456310662,2.0000000000000018,3.738317757009346,5.2,5.5725,6.057,5.092834763597895,5.868046765987758,44.71445621397143,-0.24901405931910858,-0.04626848553167187,-0.2027455737874367,858514.35
220621,UPDCREIT,2024-03-11,5.3,5.3,66186,2026-04-08T04:13:17.773706+00:00,0.0,7.070707070707072,8.823529411764719,0.0,5.15,5.53,6.071000000000001,4.94696295047519,5.868046765987758,44.714456213971424,-0.23430148236321902,-0.025244726860625816,-0.2090567555025932,834284.55
220739,UPDCREIT,2024-03-12,5.25,5.25,5384462,2026-04-08T04:13:20.258657+00:00,-0.9433962264150941,0.0,-9.009009009009006,0.0,5.19,5.485,6.084,4.9452121882196085,5.8710389056509715,43.893959458772656,-0.22409303623124632,-0.012029024582922487,-0.21206401164832384,849364.8
220857,UPDCREIT,2024-03-13,5.25,5.25,464312,2026-04-08T04:13:22.557243+00:00,0.0,-0.9433962264150941,1.980198019801982,0.0,5.209999999999999,5.455,6.09,4.846027786251041,5.779088560776545,43.893959458772656,-0.21354119910527025,-0.001181749965557144,-0.2123594491397131,856414.55
220975,UPDCREIT,2024-03-14,5.25,5.25,293055,2026-04-08T04:13:25.004754+00:00,0.0,0.0,-3.8834951456310662,-9.909909909909908,5.2700000000000005,5.415000000000001,6.077000000000001,4.762859421711961,5.094021846743594,43.893959458772656,-0.20284057230736519,0.007615101465878349,-0.21045567377324353,756675.4
221093,UPDCREIT,2024-03-15,5.5,5.5,997752,2026-04-08T04:13:27.500984+00:00,4.761904761904767,0.0,7.070707070707072,2.0000000000000018,5.31,5.3950000000000005,6.059,4.885858298869364,4.99245595495927,49.662245724752424,-0.17220229692658595,0.030602701477326077,-0.20280499840391203,787494.35
221211,UPDCREIT,2024-03-19,5.15,5.15,478907,2026-04-08T04:13:32.54102+00:00,-6.36363636363636,4.761904761904767,0.0,8.823529411764719,5.28,5.3575,6.021999999999999,5.07338315309332,4.872489550525298,42.99737346334565,-0.17415575870031752,0.022919391762875635,-0.19707515046319315,807545.0
221329,UPDCREIT,2024-03-20,5.1,5.1,1207076,2026-04-08T04:13:34.949661+00:00,-0.9708737864077777,-6.36363636363636,-0.9433962264150941,-9.009009009009006,5.25,5.317500000000001,5.974,5.072459716032201,4.746440441006999,42.12757511095749,-0.17769017167175605,0.015507983033149708,-0.19319815470490576,855288.4
221447,UPDCREIT,2024-03-21,4.9,4.9,9203614,2026-04-08T04:13:37.293426+00:00,-3.9215686274509665,-0.9708737864077777,0.0,1.980198019801982,5.18,5.2675,5.922,5.123527389319904,4.767727861613055,38.75080097991587,-0.19438875537676648,-0.0009524805374885592,-0.19343627483927792,1312313.45
221565,UPDCREIT,2024-03-22,4.8,4.8,654559,2026-04-08T04:13:39.66616+00:00,-2.0408163265306256,-3.9215686274509665,0.0,-3.8834951456310662,5.09,5.24,5.882000000000001,4.729453855363308,4.608190946339033,37.14748311332051,-0.21323364283366253,-0.015837894395507673,-0.19739574843815486,1291065.6
221683,UPDCREIT,2024-03-25,4.8,4.8,206562,2026-04-08T04:13:43.964435+00:00,0.0,-2.0408163265306256,4.761904761904767,7.070707070707072,4.95,5.202500000000001,5.833000000000001,4.628702097722632,4.490519049994346,37.14748311332052,-0.2255681427747218,-0.022537915469253572,-0.20303022730546824,1277988.1
221801,UPDCREIT,2024-03-26,5.1,5.1,1031516,2026-04-08T04:13:46.391317+00:00,6.25,0.0,-6.36363636363636,0.0,4.9399999999999995,5.18,5.795,4.877100804627865,4.578905798087403,45.05687233975653,-0.2087297237225636,-0.004559597133676263,-0.20417012658888734,1307852.25
221919,UPDCREIT,2024-03-27,4.7,4.7,1493918,2026-04-08T04:13:48.795654+00:00,-7.843137254901955,6.25,-0.9708737864077777,-0.9433962264150941,4.86,5.1375,5.7490000000000006,5.158267111893826,4.69338866376048,38.16134657471476,-0.2250673757617836,-0.01671779933831702,-0.20834957642346658,1381521.65
222037,UPDCREIT,2024-03-28,5.15,5.15,910600,2026-04-08T04:13:51.173779+00:00,9.57446808510638,-7.843137254901955,-3.9215686274509665,0.0,4.91,5.1175,5.716,5.647716675789078,4.900628199713144,47.833726815871564,-0.19940522421687845,0.007155481765270533,-0.20656070598214898,1421276.6
222155,UPDCREIT,2024-04-02,5.15,5.15,407810,2026-04-08T04:13:58.053067+00:00,0.0,9.57446808510638,-2.0408163265306256,0.0,4.9799999999999995,5.125,5.688,5.1672343683097965,4.8785384685609055,47.833726815871564,-0.17702712572195978,0.023626864208151382,-0.20065398993011116,1405647.6
222273,UPDCREIT,2024-04-03,5.15,5.15,197601,2026-04-08T04:14:00.66873+00:00,0.0,0.0,0.0,4.761904761904767,5.050000000000001,5.1275,5.658,5.151406983307199,4.871248765427407,47.833726815871564,-0.15747702432882527,0.03454157248102871,-0.19201859680985398,1310013.65
222391,UPDCREIT,2024-04-04,5.15,5.15,84725,2026-04-08T04:14:03.310057+00:00,0.0,0.0,6.25,-6.36363636363636,5.0600000000000005,5.1075,5.625,4.732476645270119,4.856647097727739,47.833726815871564,-0.14036538335894644,0.04132257076072604,-0.18168795411967248,1252890.35
222509,UPDCREIT,2024-04-05,5.15,5.15,359691,2026-04-08T04:14:05.820809+00:00,0.0,0.0,-7.843137254901955,-0.9708737864077777,5.15,5.1125,5.603000000000001,4.261946751828615,4.729659700549524,47.833726815871564,-0.12535922153515067,0.045062986067617467,-0.17042220760276813,1251557.15
222627,UPDCREIT,2024-04-12,4.95,4.95,661622,2026-04-08T04:14:15.984697+00:00,-3.8834951456310662,0.0,9.57446808510638,-3.9215686274509665,5.11,5.102500000000001,5.569,4.33293993272944,4.656460268509605,43.45769085610009,-0.12812807798049342,0.033835303697819785,-0.1619633816783132,1264228.15
222745,UPDCREIT,2024-04-15,4.95,4.95,334635,2026-04-08T04:14:20.492228+00:00,0.0,-3.8834951456310662,0.0,-2.0408163265306256,5.07,5.102500000000001,5.547000000000001,4.240960489513615,4.49058433886465,43.4576908561001,-0.1288372609165256,0.026500896609430086,-0.15533815752595567,1234981.6
222863,UPDCREIT,2024-04-16,4.5,4.5,1312433,2026-04-08T04:14:22.958286+00:00,-9.090909090909093,0.0,0.0,0.0,4.9399999999999995,5.062500000000001,5.519,4.377277301586394,4.6505318026837035,35.08258765825347,-0.16382209357676114,-0.0067871488406443525,-0.1570349447361168,1287551.8
222981,UPDCREIT,2024-04-17,4.25,4.25,192324,2026-04-08T04:14:25.407203+00:00,-5.555555555555558,-9.090909090909093,0.0,6.25,4.76,5.01,5.48,4.503401419704695,4.636303597210826,31.4556928882363,-0.2093079642527096,-0.041818415613274235,-0.16748954863943535,1293858.7
223099,UPDCREIT,2024-04-18,4.3,4.3,466458,2026-04-08T04:14:27.862982+00:00,1.17647058823529,-5.555555555555558,0.0,-7.843137254901955,4.59,4.9625,5.452000000000001,4.529707310134815,4.517201601529963,32.94871123626717,-0.23857116248312238,-0.056865291074949614,-0.18170587140817276,1047958.5
223217,UPDCREIT,2024-04-19,4.3,4.3,208674,2026-04-08T04:14:30.225092+00:00,0.0,1.17647058823529,-3.8834951456310662,9.57446808510638,4.46,4.915,5.414000000000001,4.529707310134815,4.31720059102226,32.94871123626717,-0.25877940995728466,-0.061658830839289525,-0.19712057911799513,1035176.6
223335,UPDCREIT,2024-04-22,4.05,4.05,670762,2026-04-08T04:14:34.624841+00:00,-5.813953488372093,0.0,0.0,0.0,4.279999999999999,4.8549999999999995,5.370999999999999,4.654073130782179,4.3775765043062025,29.25371385953878,-0.2916060493178696,-0.07558837615989955,-0.21601767315797005,1054061.95
223453,UPDCREIT,2024-04-23,4.05,4.05,121198812,2026-04-08T04:14:36.881925+00:00,0.0,-5.813953488372093,-9.090909090909093,0.0,4.1899999999999995,4.7825,5.326999999999999,4.45115154031914,4.373197146282814,29.253713859538788,-0.31400178044860905,-0.07838728583251117,-0.23561449461609787,7064114.95
223571,UPDCREIT,2024-04-24,4.05,4.05,414744,2026-04-08T04:14:39.108369+00:00,0.0,0.0,-5.555555555555558,0.0,4.15,4.727500000000001,5.28,4.304508893029847,4.3508174348006845,29.25371385953878,-0.3279699255744175,-0.07388434476665567,-0.25408558080776183,7060906.8
223689,UPDCREIT,2024-04-25,4.05,4.05,499575,2026-04-08T04:14:41.415412+00:00,0.0,0.0,1.17647058823529,0.0,4.1,4.675,5.229,4.31158125467523,4.3153340487355525,29.25371385953878,-0.33517608001116894,-0.06487239936272565,-0.2703036806484433,7025531.75
223807,UPDCREIT,2024-04-26,4.05,4.05,743878,2026-04-08T04:14:43.709399+00:00,0.0,0.0,0.0,-3.8834951456310662,4.05,4.6325,5.178000000000001,4.263374114947065,4.3153340487355525,29.253713859538784,-0.3370022570768727,-0.05335886114274352,-0.2836433959341292,6602544.95
223925,UPDCREIT,2024-04-29,4.05,4.05,66722,2026-04-08T04:14:47.97937+00:00,0.0,0.0,-5.813953488372093,0.0,4.05,4.595000000000001,5.127999999999999,4.258078018516937,4.3171007702757125,29.253713859538788,-0.3345925410220607,-0.04075931607034522,-0.2938332249517155,6573153.1
224043,UPDCREIT,2024-04-30,4.45,4.45,492840,2026-04-08T04:14:50.304196+00:00,9.876543209876543,0.0,0.0,-9.090909090909093,4.13,4.5775,5.085999999999999,4.878312743858915,4.575669900376471,44.72517028365928,-0.2969827345287239,-0.0025196076616067486,-0.2944631268671172,6587467.0
224161,UPDCREIT,2024-05-02,4.45,4.45,270694,2026-04-08T04:14:53.573612+00:00,0.0,9.876543209876543,0.0,-5.555555555555558,4.21,4.545,5.0520000000000005,4.63298621388792,4.5085103761873695,44.72517028365929,-0.2641319432928757,0.024264946859393177,-0.2883968901522689,6549425.9
224279,UPDCREIT,2024-05-03,4.45,4.45,130357,2026-04-08T04:14:55.989363+00:00,0.0,0.0,0.0,1.17647058823529,4.29,4.532500000000001,5.018,4.3060694628498455,4.5085103761873695,44.72517028365929,-0.23538409325575493,0.04241023751721118,-0.2777943307729661,6481247.85
224397,UPDCREIT,2024-05-06,4.8,4.8,2233403,2026-04-08T04:15:00.14873+00:00,7.86516853932584,0.0,0.0,0.0,4.4399999999999995,4.515000000000001,4.997000000000001,4.114873870941387,4.61742144509048,55.38738324896612,-0.18225818119526505,0.07642891966216087,-0.2586871008574259,6547388.0
224515,UPDCREIT,2024-05-07,4.8,4.8,175895,2026-04-08T04:15:02.40079+00:00,0.0,7.86516853932584,0.0,-5.813953488372093,4.590000000000001,4.4975000000000005,4.9719999999999995,4.114873870941387,4.586591490347519,55.3873832489661,-0.1385582993108896,0.09610304123722907,-0.23466134054811866,6535792.25
224633,UPDCREIT,2024-05-08,4.8,4.8,85377,2026-04-08T04:15:04.708287+00:00,0.0,0.0,9.876543209876543,0.0,4.659999999999999,4.4799999999999995,4.95,4.114873870941387,4.576583627462411,55.3873832489661,-0.10274148815577089,0.10553588191387822,-0.2082773700696491,6530181.05
224751,UPDCREIT,2024-05-09,4.8,4.8,145337,2026-04-08T04:15:07.337178+00:00,0.0,0.0,0.0,0.0,4.7299999999999995,4.4625,4.928,4.114873870941387,4.576583627462411,55.38738324896611,-0.07350904080454335,0.10781466341208462,-0.18132370421662797,6533211.65
224869,UPDCREIT,2024-05-10,4.5,4.5,1132682,2026-04-08T04:15:09.604775+00:00,-6.25,0.0,0.0,0.0,4.74,4.43,4.9,4.325139764471098,4.652700327772056,45.31079399855996,-0.07370004027803212,0.08609893115087669,-0.1597989714289088,6571861.2
224987,UPDCREIT,2024-05-13,4.5,4.5,40275,2026-04-08T04:15:13.907933+00:00,0.0,-6.25,7.86516853932584,0.0,4.68,4.4075,4.872,4.2558226295673975,4.652700327772056,45.310793998559966,-0.07300979724127199,0.06943133935010948,-0.14244113659138147,6540793.85
225105,UPDCREIT,2024-05-14,4.5,4.5,478252,2026-04-08T04:15:16.26654+00:00,0.0,0.0,0.0,0.0,4.62,4.385,4.855,4.2558226295673975,4.472548498580705,45.31079399855996,-0.07163698805587515,0.056643318828405065,-0.12828030688428022,6547974.7
225223,UPDCREIT,2024-05-15,4.7,4.7,464003,2026-04-08T04:15:18.549958+00:00,4.444444444444451,0.0,0.0,9.876543209876543,4.6,4.395,4.838,3.8568035171049817,4.486483296677661,52.50543910504073,-0.053790633417107436,0.05959173877373823,-0.11338237219084567,6505553.2
225341,UPDCREIT,2024-05-16,4.7,4.7,908053,2026-04-08T04:15:20.841424+00:00,0.0,4.444444444444451,0.0,0.0,4.58,4.4174999999999995,4.821,3.6057388880605905,4.486483296677661,52.50543910504072,-0.03919544806289288,0.05934953930236224,-0.09854498736525512,6541339.65
225459,UPDCREIT,2024-05-20,4.0,4.0,694324,2026-04-08T04:15:25.962105+00:00,-14.893617021276595,0.0,-6.25,0.0,4.4799999999999995,4.4025,4.79,4.987912398256724,4.941984493372107,34.22768869798328,-0.08315425785018427,0.012312583612056685,-0.09546684146224095,6552732.95
225577,UPDCREIT,2024-05-21,4.0,4.0,402830,2026-04-08T04:15:28.334406+00:00,0.0,-14.893617021276595,0.0,7.86516853932584,4.38,4.3875,4.7589999999999995,4.987912398256724,4.941984493372107,34.227688697983275,-0.11664729391885675,-0.016944361965292642,-0.09970293195356411,6562440.75
225695,UPDCREIT,2024-05-22,4.0,4.0,373765,2026-04-08T04:15:30.660212+00:00,0.0,0.0,0.0,0.0,4.279999999999999,4.385,4.739,4.812199693588418,4.753282829633161,34.22768869798328,-0.14155896270293056,-0.033484824599493146,-0.10807413810343741,6547590.9
225813,UPDCREIT,2024-05-23,4.1,4.1,513871,2026-04-08T04:15:32.993296+00:00,2.499999999999991,0.0,4.444444444444451,0.0,4.16,4.3875,4.718999999999999,4.843144461017386,4.758813490099288,38.074025475468716,-0.1514862363918441,-0.03472967863072535,-0.11675655776111876,513343.85
225931,UPDCREIT,2024-05-24,4.1,4.1,160535,2026-04-08T04:15:35.360226+00:00,0.0,2.499999999999991,0.0,0.0,4.040000000000001,4.39,4.69,4.843144461017386,4.572680052683239,38.074025475468716,-0.15753767604678348,-0.03262489462853177,-0.12491278141825171,500633.4
226049,UPDCREIT,2024-05-27,4.1,4.1,394065,2026-04-08T04:15:39.562711+00:00,0.0,0.0,-14.893617021276595,-6.25,4.0600000000000005,4.3925,4.671,4.843144461017386,4.4049395488640135,38.07402547546872,-0.16048353132006277,-0.028456599921448833,-0.13202693139861393,495357.9
226167,UPDCREIT,2024-05-28,4.2,4.2,451763,2026-04-08T04:15:41.894674+00:00,2.4390243902439046,0.0,0.0,0.0,4.1,4.4,4.652,4.869087676180363,4.41030192194325,42.289198080722635,-0.15298545745929815,-0.01676682084854736,-0.1362186366107508,480752.15
226285,UPDCREIT,2024-05-29,4.2,4.2,199873,2026-04-08T04:15:44.435333+00:00,0.0,2.4390243902439046,0.0,0.0,4.140000000000001,4.407500000000001,4.6370000000000005,4.869087676180363,4.380176416277869,42.28919808072263,-0.1453674741500457,-0.00731907003143592,-0.13804840411860977,487409.7
226403,UPDCREIT,2024-05-30,4.2,4.2,117844,2026-04-08T04:15:46.695543+00:00,0.0,0.0,2.499999999999991,4.444444444444451,4.16,4.395,4.615,4.316044651260359,4.251847770114315,42.28919808072263,-0.13774235931630052,0.0002448358418474239,-0.13798719515814795,468659.9
226521,UPDCREIT,2024-05-31,4.2,4.2,331284,2026-04-08T04:15:48.909252+00:00,0.0,0.0,0.0,0.0,4.180000000000001,4.382499999999999,4.593,4.316044651260359,4.251847770114315,42.28919808072263,-0.13019855300135674,0.006230913725432968,-0.1364294667267897,471689.4
226639,UPDCREIT,2024-06-03,4.0,4.0,372577,2026-04-08T04:15:53.203965+00:00,-4.761904761904767,0.0,0.0,-14.893617021276595,4.16,4.359999999999999,4.568,4.4344570966715136,4.296350482780093,35.744107007456385,-0.13875883519903454,-0.0018634947777958488,-0.1368953404212387,483800.4
226757,UPDCREIT,2024-06-04,4.05,4.05,994804,2026-04-08T04:15:55.456464+00:00,1.2499999999999956,-4.761904761904767,2.4390243902439046,0.0,4.130000000000001,4.3225,4.544,4.009270253003728,4.302654776695298,38.31446873335021,-0.1398957077448051,-0.0024002938588530975,-0.137495413885952,421870.45
226875,UPDCREIT,2024-06-05,4.05,4.05,184759,2026-04-08T04:15:57.839545+00:00,0.0,1.2499999999999956,0.0,0.0,4.1,4.285,4.52,4.009270253003728,4.302654776695298,38.31446873335021,-0.13919216677360247,-0.0013574023101203814,-0.13783476446348208,422313.65
226993,UPDCREIT,2024-06-06,4.05,4.05,66636,2026-04-08T04:16:00.091412+00:00,0.0,0.0,0.0,2.499999999999991,4.069999999999999,4.2475000000000005,4.491,4.009270253003728,4.237711941749901,38.31446873335021,-0.1370547239411941,0.000624032417830378,-0.1376787563590245,421376.6
227111,UPDCREIT,2024-06-07,4.05,4.05,263624,2026-04-08T04:16:02.294722+00:00,0.0,0.0,0.0,0.0,4.04,4.21,4.469,4.009270253003728,4.153355459242774,38.31446873335021,-0.13381821204752686,0.003088435449198096,-0.13690664749672496,427290.95
227229,UPDCREIT,2024-06-10,4.05,4.05,224005,2026-04-08T04:16:06.655303+00:00,0.0,0.0,-4.761904761904767,0.0,4.05,4.1875,4.4479999999999995,3.797091125998531,4.152868113275842,38.31446873335021,-0.12975748948641996,0.005719326408243991,-0.13547681589466395,381857.1
227347,UPDCREIT,2024-06-11,4.4,4.4,534729,2026-04-08T04:16:09.027942+00:00,8.641975308641992,0.0,1.2499999999999956,2.4390243902439046,4.119999999999999,4.1825,4.438,4.308415911228626,4.310889024368934,56.114588195383504,-0.09717706594724618,0.030639799957934227,-0.1278168659051804,406579.8
227465,UPDCREIT,2024-06-13,4.4,4.4,342562,2026-04-08T04:16:12.454757+00:00,0.0,8.641975308641992,0.0,0.0,4.1899999999999995,4.1775,4.43,4.308415911228626,4.302005755782568,56.114588195383504,-0.07054366213795316,0.0458185630137818,-0.11636222515173496,399795.3
227583,UPDCREIT,2024-06-14,4.75,4.75,601658,2026-04-08T04:16:14.762224+00:00,7.954545454545436,0.0,0.0,0.0,4.33,4.18,4.428999999999999,4.563733370266568,4.449629988920381,67.11875618574632,-0.020952890923972234,0.07632746738221018,-0.09728035830618241,406678.05
227701,UPDCREIT,2024-06-20,5.0,5.0,461961,2026-04-08T04:16:22.365263+00:00,5.263157894736836,7.954545454545436,0.0,0.0,4.5200000000000005,4.194999999999999,4.427,4.703828183261778,4.423806559509432,72.43548015284358,0.03808207673283892,0.10828994803121707,-0.07020787129837815,384373.45
227819,UPDCREIT,2024-06-21,5.0,5.0,98006,2026-04-08T04:16:24.740936+00:00,0.0,5.263157894736836,0.0,-4.761904761904767,4.71,4.244999999999999,4.433,3.034734791715645,4.274462330824437,72.4354801528436,0.08390056048979577,0.12328674543053914,-0.03938618494074336,354557.55
227937,UPDCREIT,2024-06-24,4.7,4.7,782414,2026-04-08T04:16:29.101951+00:00,-5.999999999999995,0.0,8.641975308641992,1.2499999999999956,4.7700000000000005,4.279999999999999,4.4239999999999995,3.42709612259568,4.143958444880817,59.12940436343284,0.09491047727385293,0.10743732977167704,-0.012526852497824106,373536.75
228055,UPDCREIT,2024-06-25,5.0,5.0,973292,2026-04-08T04:16:31.430939+00:00,6.382978723404253,-5.999999999999995,0.0,0.0,4.89,4.33,4.420999999999999,3.633368299419151,4.24410760312561,65.87935458966979,0.1263865035032552,0.11113068480086344,0.015255818702391753,403513.1
228173,UPDCREIT,2024-06-26,5.15,5.15,523641,2026-04-08T04:16:33.77834+00:00,3.0000000000000027,6.382978723404253,7.954545454545436,0.0,4.970000000000001,4.3825,4.420999999999999,3.644606324381948,4.2648172274155085,68.66587284454047,0.16157271774562698,0.11705351923458818,0.044519198511038804,404001.6
228291,UPDCREIT,2024-06-27,5.45,5.45,1319276,2026-04-08T04:16:36.13415+00:00,5.825242718446599,3.0000000000000027,5.263157894736836,0.0,5.0600000000000005,4.45,4.4270000000000005,3.7734337864515175,4.341166064563746,73.3530084484061,0.21123060391562642,0.1333691243236701,0.07786147959195633,461938.65
228409,UPDCREIT,2024-06-28,5.45,5.45,336830,2026-04-08T04:16:38.472674+00:00,0.0,5.825242718446599,0.0,0.0,5.15,4.5175,4.433,3.7734337864515175,4.341166064563746,73.3530084484061,0.2477291688190082,0.1358941513816415,0.11183501743736671,459076.9
228527,UPDCREIT,2024-07-01,5.0,5.0,286127,2026-04-08T04:16:42.881798+00:00,-8.25688073394496,0.0,-5.999999999999995,8.641975308641992,5.21,4.5575,4.434,4.347574986200296,4.467493779343605,58.20623717748057,0.2376043502240064,0.10061546622931172,0.13698888399469467,450795.1
228645,UPDCREIT,2024-07-02,5.0,5.0,182640,2026-04-08T04:16:45.256647+00:00,0.0,-8.25688073394496,6.382978723404253,0.0,5.21,4.597499999999999,4.435,4.347574986200296,4.467493779343605,58.206237177480574,0.226964058159842,0.07198013933211786,0.15498391882772414,449933.45
228763,UPDCREIT,2024-07-03,5.45,5.45,1632112,2026-04-08T04:16:47.732339+00:00,9.000000000000007,0.0,3.0000000000000027,7.954545454545436,5.27,4.66,4.454,4.694383843928059,4.438782772295672,66.28124623976676,0.25193859790262074,0.07756374325991727,0.17437485464270347,525646.85
228881,UPDCREIT,2024-07-04,5.0,5.0,1530114,2026-04-08T04:16:50.22378+00:00,-8.25688073394496,9.000000000000007,5.825242718446599,5.263157894736836,5.18,4.7,4.468999999999999,5.164866486818058,4.529282308234707,54.86525493105865,0.23273701396431257,0.04668972745728728,0.1860472865070253,585588.35
228999,UPDCREIT,2024-07-05,4.5,4.5,4600218,2026-04-08T04:16:52.679645+00:00,-9.999999999999998,-8.25688073394496,0.0,0.0,4.99,4.725,4.473,5.5880123791369325,4.761418286453343,45.490035997193274,0.17515472439481972,-0.00871404968976447,0.18386877408458419,796970.4
229117,UPDCREIT,2024-07-08,4.15,4.15,4320358,2026-04-08T04:16:57.375145+00:00,-7.777777777777772,-9.999999999999998,-8.25688073394496,-5.999999999999995,4.82,4.73,4.47,5.9005481484645435,4.893445110326387,40.298926203867396,0.10012410180453557,-0.06699573782403889,0.16711983962857446,963248.1
229235,UPDCREIT,2024-07-09,4.55,4.55,637036,2026-04-08T04:16:59.679545+00:00,9.638554216867457,-7.777777777777772,0.0,6.382978723404253,4.7299999999999995,4.755,4.48,6.258476209739737,5.002377513993635,47.65128347540161,0.07210724248958833,-0.0760100777111889,0.14811732020077722,985861.95
229353,UPDCREIT,2024-07-10,4.55,4.55,647942,2026-04-08T04:17:02.104038+00:00,0.0,9.638554216867457,9.000000000000007,3.0000000000000027,4.55,4.779999999999999,4.49,6.258476209739737,5.002377513993635,47.65128347540162,0.049334976730133207,-0.07902587477651524,0.12836085150664844,1014927.25
229471,UPDCREIT,2024-07-11,4.55,4.55,419669,2026-04-08T04:17:04.804273+00:00,0.0,0.0,-8.25688073394496,5.825242718446599,4.46,4.805,4.5,6.258476209739737,5.002377513993635,47.65128347540161,0.030931236015686814,-0.07794369239276931,0.10887492840845613,1022729.5
229589,UPDCREIT,2024-07-12,4.8,4.8,1675999,2026-04-08T04:17:07.071694+00:00,5.494505494505497,0.0,-9.999999999999998,0.0,4.5200000000000005,4.8425,4.515,6.342888029048547,5.05443911192827,52.242426094165815,0.03610287806544399,-0.05821764027440972,0.0943205183398537,1095329.2
229707,UPDCREIT,2024-07-15,4.8,4.8,152503,2026-04-08T04:17:11.418935+00:00,0.0,5.494505494505497,-7.777777777777772,-8.25688073394496,4.65,4.8625,4.53,6.087365206373004,5.05443911192827,52.24242609416582,0.0397433055623706,-0.04366177022198649,0.08340507578435709,1076217.9
229825,UPDCREIT,2024-07-16,4.8,4.8,962324,2026-04-08T04:17:13.920176+00:00,0.0,0.0,9.638554216867457,0.0,4.7,4.8825,4.545,6.087365206373004,5.05443911192827,52.24242609416583,0.04214257718460779,-0.03300999887979944,0.07515257606440723,1107206.0
229943,UPDCREIT,2024-07-17,4.9,4.9,522782,2026-04-08T04:17:16.239817+00:00,2.083333333333348,0.0,0.0,9.000000000000007,4.7700000000000005,4.890000000000001,4.554,5.851714517486184,4.87536036252557,54.247116257417765,0.05151929908596653,-0.018906621582752567,0.0704259206687191,1103262.2
230061,UPDCREIT,2024-07-18,4.8,4.8,284500,2026-04-08T04:17:18.614364+00:00,-2.0408163265306256,2.083333333333348,0.0,-8.25688073394496,4.82,4.880000000000001,4.561,5.754070337664653,4.886553276103207,51.90091790737749,0.05030141112736164,-0.016099607633085974,0.06640101876044761,1094389.15
230179,UPDCREIT,2024-07-19,4.8,4.8,241950,2026-04-08T04:17:20.923419+00:00,0.0,-2.0408163265306256,5.494505494505497,-9.999999999999998,4.819999999999999,4.87,4.5680000000000005,5.754070337664653,4.886553276103207,51.90091790737749,0.04877398995036497,-0.014101623048066114,0.06287561299843109,1101586.35
230297,UPDCREIT,2024-07-22,4.8,4.8,174394,2026-04-08T04:17:25.185516+00:00,0.0,0.0,0.0,-7.777777777777772,4.819999999999999,4.875,4.568,5.58108567167261,4.762105979103806,51.90091790737749,0.047021463501717875,-0.012683319597370575,0.05970478309908845,1071185.35
230415,UPDCREIT,2024-07-23,4.8,4.8,1121541,2026-04-08T04:17:27.655924+00:00,0.0,0.0,0.0,9.638554216867457,4.82,4.865,4.5680000000000005,5.391478012344431,4.762105979103806,51.90091790737749,0.045112544335379035,-0.011673791010967535,0.05678633534634657,1078597.8
230533,UPDCREIT,2024-07-24,4.8,4.8,132101,2026-04-08T04:17:30.124258+00:00,0.0,0.0,2.083333333333348,0.0,4.8,4.8475,4.5680000000000005,5.343246854683228,4.762105979103806,51.9009179073775,0.04310284932659059,-0.01094678881580479,0.05404963814239538,1059020.8
230651,UPDCREIT,2024-07-25,4.5,4.5,626518,2026-04-08T04:17:32.638981+00:00,-6.25,0.0,-2.0408163265306256,0.0,4.74,4.8,4.562,5.306960556785033,4.84642985705961,43.6896327492819,0.01710547746128288,-0.02955532854489,0.04666080600617288,1024382.9
230769,UPDCREIT,2024-07-26,4.5,4.5,442801,2026-04-08T04:17:35.101122+00:00,0.0,-6.25,0.0,5.494505494505497,4.68,4.7525,4.562,5.306960556785033,4.762105979103806,43.6896327492819,-0.003457768045284304,-0.04009485924116575,0.03663709119588145,1029681.45
230887,UPDCREIT,2024-07-29,4.5,4.5,241675,2026-04-08T04:17:40.103977+00:00,0.0,0.0,0.0,0.0,4.62,4.727500000000001,4.562,5.010730975749738,4.762105979103806,43.6896327492819,-0.01952916816529804,-0.04493300748894359,0.02540383932364555,1027458.85
231005,UPDCREIT,2024-07-30,4.6,4.6,654082,2026-04-08T04:17:43.080384+00:00,2.2222222222222143,0.0,0.0,0.0,4.58,4.7075000000000005,4.564,5.0447181837539405,4.771385034006263,47.16943185521744,-0.023920958365704514,-0.03945983815148005,0.015538879785775537,1051030.95
231123,UPDCREIT,2024-07-31,4.45,4.45,639103,2026-04-08T04:17:45.61458+00:00,-3.2608695652173836,2.2222222222222143,0.0,2.083333333333348,4.51,4.657500000000001,4.559,4.579321209051886,4.754520764277874,42.888102962851036,-0.03905502808550221,-0.04367512629702219,0.004620098211519988,1001380.5
231241,UPDCREIT,2024-08-01,4.85,4.85,411982,2026-04-08T04:17:47.950902+00:00,8.988764044943798,-3.2608695652173836,-6.25,-2.0408163265306256,4.58,4.65,4.562,4.743314338763717,4.921380015724013,54.69676249393957,-0.018558301762430673,-0.01854271997916053,-1.5581783270144246e-05,945473.9
231359,UPDCREIT,2024-08-02,4.6,4.6,441534,2026-04-08T04:17:50.372085+00:00,-5.154639175257736,8.988764044943798,0.0,0.0,4.6,4.655,4.574000000000001,4.312253707882806,4.485928765485137,48.01466755074651,-0.0222311423724193,-0.017772448471319324,-0.004458693901099976,737539.7
231477,UPDCREIT,2024-08-05,4.6,4.6,590950,2026-04-08T04:17:54.929581+00:00,0.0,-5.154639175257736,0.0,0.0,4.62,4.6775,4.586,3.884717678935031,4.485928765485137,48.014667550746516,-0.024855377695089942,-0.016317347035191974,-0.008538030659897968,551069.3
231595,UPDCREIT,2024-08-06,4.8,4.8,395588,2026-04-08T04:17:57.472912+00:00,4.347826086956519,0.0,2.2222222222222143,0.0,4.659999999999999,4.6899999999999995,4.602,3.3836539162943247,4.52044919200916,53.307164568553645,-0.010673734398661594,-0.0017085629910109004,-0.008965171407650694,538996.9
231713,UPDCREIT,2024-08-07,4.8,4.8,157791,2026-04-08T04:17:59.948734+00:00,0.0,4.347826086956519,-3.2608695652173836,0.0,4.7299999999999995,4.7025,4.6160000000000005,3.3836539162943247,4.511302857338068,53.307164568553645,0.0005588776928275863,0.007619239280382624,-0.007060361587555038,514489.35
231831,UPDCREIT,2024-08-08,4.8,4.8,328539,2026-04-08T04:18:02.36647+00:00,0.0,0.0,8.988764044943798,-6.25,4.72,4.715000000000001,4.63,3.3836539162943247,4.511302857338068,53.307164568553645,0.009352988275129981,0.013130679890148015,-0.0037776916150180345,509932.85
231949,UPDCREIT,2024-08-09,4.8,4.8,136904,2026-04-08T04:18:04.674683+00:00,0.0,0.0,-5.154639175257736,0.0,4.76,4.715,4.644,3.157007566603343,4.511302857338068,53.307164568553645,0.01613637419260172,0.015931252646095805,0.00020512154650591643,432978.1
232067,UPDCREIT,2024-08-12,4.95,4.95,475019,2026-04-08T04:18:08.918743+00:00,3.125,0.0,0.0,0.0,4.83,4.722499999999999,4.659,3.2310348557498103,4.5186195754598755,57.65598820179713,0.03323291445053389,0.02642223432322238,0.0068106801273115115,449103.9
232185,UPDCREIT,2024-08-13,4.95,4.95,274858,2026-04-08T04:18:11.387792+00:00,0.0,3.125,4.347826086956519,2.2222222222222143,4.86,4.7299999999999995,4.6739999999999995,3.2310348557498103,4.5186195754598755,57.65598820179712,0.046248917052041705,0.03155058953978415,0.014698327512257551,414730.6
232303,UPDCREIT,2024-08-14,4.95,4.95,107184,2026-04-08T04:18:13.859526+00:00,0.0,0.0,0.0,-3.2608695652173836,4.890000000000001,4.7325,4.689,3.2006648254418555,4.5186195754598755,57.65598820179712,0.05591958670220354,0.032977007351956786,0.02294257935024675,393950.7
232421,UPDCREIT,2024-08-15,4.95,4.95,572572,2026-04-08T04:18:16.357381+00:00,0.0,0.0,0.0,8.988764044943798,4.92,4.74,4.704000000000001,3.161146564934304,4.5186195754598755,57.65598820179713,0.0628590619357805,0.031933186068427,0.0309258758673535,408354.3
232539,UPDCREIT,2024-08-16,4.95,4.95,234540,2026-04-08T04:18:18.692447+00:00,0.0,0.0,0.0,-5.154639175257736,4.95,4.7475000000000005,4.723,3.161146564934304,4.456734566102719,57.65598820179712,0.067579630145155,0.0293230034222412,0.0382566267229138,407983.8
232657,UPDCREIT,2024-08-19,4.95,4.95,57352,2026-04-08T04:18:23.063194+00:00,0.0,0.0,3.125,0.0,4.95,4.755000000000001,4.7410000000000005,3.161146564934304,4.456087165960695,57.65598820179713,0.07050794278617367,0.025801052850607895,0.04470688993556578,402131.7
232775,UPDCREIT,2024-08-20,4.8,4.8,550087,2026-04-08T04:18:25.366221+00:00,-3.0303030303030387,0.0,0.0,4.347826086956519,4.92,4.755000000000001,4.755999999999999,3.2428493959327365,4.483540661559519,50.34191386026483,0.060032883541545345,0.012260794884783655,0.04777208865676169,373559.0
232893,UPDCREIT,2024-08-21,4.6,4.6,596428,2026-04-08T04:18:27.861334+00:00,-4.166666666666674,-3.0303030303030387,0.0,0.0,4.85,4.744999999999999,4.7669999999999995,3.377246576682872,4.530340464696326,42.584908546039145,0.03518737691351337,-0.010067769394598663,0.04525514630811203,396775.35
233011,UPDCREIT,2024-08-22,4.6,4.6,247570,2026-04-08T04:18:30.156184+00:00,0.0,-4.166666666666674,0.0,0.0,4.779999999999999,4.75,4.778,3.058044917716683,4.530340464696326,42.58490854603914,0.015320528393961474,-0.02394769433132045,0.03926822272528192,377827.95
233129,UPDCREIT,2024-08-23,4.6,4.6,191998,2026-04-08T04:18:32.497978+00:00,0.0,0.0,0.0,0.0,4.709999999999999,4.755,4.789000000000001,3.058044917716683,4.530340464696326,42.58490854603914,-0.0004192592312604049,-0.03174998556523387,0.03133072633397346,365287.8
233247,UPDCREIT,2024-08-26,4.6,4.6,49236,2026-04-08T04:18:37.19542+00:00,0.0,0.0,0.0,3.125,4.64,4.76,4.793,3.058044917716683,4.369751514281611,42.584908546039145,-0.012746223789696032,-0.03526156009893559,0.022515336309239565,355665.85
233365,UPDCREIT,2024-08-27,4.7,4.7,278652,2026-04-08T04:18:39.561091+00:00,2.1739130434782705,0.0,-3.0303030303030387,0.0,4.619999999999999,4.765,4.7989999999999995,3.056343555411728,4.37870319246892,47.97600164638887,-0.0142816379162225,-0.029437579380369654,0.015155941464147154,336894.35
233483,UPDCREIT,2024-08-28,4.7,4.7,247963,2026-04-08T04:18:42.048567+00:00,0.0,2.1739130434782705,-4.166666666666674,0.0,4.640000000000001,4.7775,4.798,2.949868684603805,4.23430080850571,47.97600164638888,-0.015321843993516104,-0.024382228366130607,0.009060384372614503,317337.35
233601,UPDCREIT,2024-08-29,4.7,4.7,244681,2026-04-08T04:18:44.36768+00:00,0.0,0.0,0.0,0.0,4.66,4.7700000000000005,4.792,2.129287639473755,4.167381644468642,47.97600164638887,-0.015962212356141592,-0.020018077383004877,0.004055865026863284,308972.3
233719,UPDCREIT,2024-09-02,4.7,4.7,212513,2026-04-08T04:18:49.632285+00:00,0.0,0.0,0.0,0.0,4.680000000000001,4.775,4.7860000000000005,1.7716910395935161,4.167381644468642,47.97600164638887,-0.0162820199068463,-0.01627030794696767,-1.1711959878632928e-05,297521.25
233837,UPDCREIT,2024-09-03,4.8,4.8,848090,2026-04-08T04:18:52.389232+00:00,2.127659574468077,0.0,0.0,0.0,4.720000000000001,4.785,4.788,1.8269654826096111,4.087846449329053,53.809656090940194,-0.008369823316579428,-0.0066864890853606355,-0.001683334231218792,310378.25
233955,UPDCREIT,2024-09-04,4.8,4.8,381873,2026-04-08T04:18:54.875674+00:00,0.0,2.127659574468077,2.1739130434782705,-3.0303030303030387,4.74,4.785,4.784000000000001,1.5485081084528478,3.986824029053158,53.80965609094019,-0.0020754262921078848,-0.0003136736487112739,-0.0017617526433966108,309692.5
234073,UPDCREIT,2024-09-05,4.7,4.7,810777,2026-04-08T04:18:57.763256+00:00,-2.083333333333326,0.0,0.0,-4.166666666666674,4.74,4.78,4.775,1.617840791524619,3.9734652441653333,47.61710841728689,-0.0050974750473837815,-0.0026685779231897366,-0.002428897124194045,342341.8
234191,UPDCREIT,2024-09-06,4.8,4.8,296084,2026-04-08T04:19:00.536712+00:00,2.127659574468077,-2.083333333333326,0.0,0.0,4.76,4.78,4.762,1.6924875329606426,3.8944656030914127,53.39330698239622,0.0005701217973133055,0.0023992151372058805,-0.001829093339892575,340719.05
234309,UPDCREIT,2024-09-09,4.85,4.85,834918,2026-04-08T04:19:05.495104+00:00,1.041666666666674,2.127659574468077,0.0,0.0,4.79,4.7825,4.75,1.7080005025855778,3.898226928569661,56.0055025882106,0.008992653549741547,0.008657397511707297,0.0003352560380342495,375619.75
234427,UPDCREIT,2024-09-10,4.9,4.9,2971923,2026-04-08T04:19:08.070871+00:00,1.030927835051565,1.041666666666674,2.127659574468077,0.0,4.81,4.779999999999999,4.748,1.5691344273338002,3.7217274973497876,58.509809315309,0.019477626819595528,0.015313896625249023,0.004163730194346505,500464.95
234545,UPDCREIT,2024-09-11,5.0,5.0,1267424,2026-04-08T04:19:10.663572+00:00,2.0408163265306145,1.030927835051565,0.0,2.1739130434782705,4.85,4.782500000000001,4.748,1.6367012974788318,3.7325934557731637,63.041108848539146,0.03544759018692201,0.0250270879940604,0.010420502192861607,550093.25
234663,UPDCREIT,2024-09-12,5.0,5.0,1003566,2026-04-08T04:19:13.371302+00:00,0.0,2.0408163265306145,-2.083333333333326,0.0,4.909999999999999,4.785,4.739000000000001,1.6367012974788318,3.5030371768280073,63.04110884853916,0.04755570860648639,0.029708165130899827,0.017847543475586564,594912.35
234781,UPDCREIT,2024-09-13,5.0,5.0,653198,2026-04-08T04:19:16.033041+00:00,0.0,0.0,2.127659574468077,0.0,4.95,4.7875,4.739000000000001,1.6367012974788318,3.299953687240087,63.04110884853916,0.05650018077444674,0.03092210983908814,0.0255780709353586,598943.65
234899,UPDCREIT,2024-09-17,5.15,5.15,688941,2026-04-08T04:19:22.824888+00:00,3.0000000000000027,0.0,1.041666666666674,0.0,5.01,4.797499999999999,4.752000000000001,1.7631958067981481,2.989171724863513,69.31874055222367,0.07482989337584733,0.039401457952390986,0.03542843542345635,621663.7
235017,UPDCREIT,2024-09-18,5.2,5.2,1014143,2026-04-08T04:19:25.915955+00:00,0.9708737864077666,3.0000000000000027,1.030927835051565,2.127659574468077,5.069999999999999,4.81,4.773,1.7703698142692366,2.752563235347163,71.08197077351524,0.0923266209880449,0.04551854845167083,0.04680807253637406,669503.25
235135,UPDCREIT,2024-09-19,5.2,5.2,296699,2026-04-08T04:19:28.330134+00:00,0.0,0.9708737864077666,2.0408163265306145,0.0,5.110000000000001,4.83,4.786,1.5947657916051297,2.415559793836537,71.08197077351525,0.10498272813733944,0.0465397244807723,0.05844300365656714,656833.85
235253,UPDCREIT,2024-09-20,5.2,5.2,222788,2026-04-08T04:19:30.82066+00:00,0.0,0.0,0.0,-2.083333333333326,5.15,4.86,4.799,1.1843270796841772,2.415559793836537,71.08197077351525,0.11370209723564884,0.04420727486326535,0.06949482237238348,638151.85
235371,UPDCREIT,2024-09-23,5.2,5.2,149015,2026-04-08T04:19:35.29526+00:00,0.0,0.0,0.0,2.127659574468077,5.1899999999999995,4.89,4.812,1.1843270796841772,2.415559793836537,71.08197077351525,0.11923776137551378,0.03979435120250424,0.07944341017300954,633224.1
235489,UPDCREIT,2024-09-24,5.2,5.2,76472,2026-04-08T04:19:37.629736+00:00,0.0,0.0,3.0000000000000027,1.041666666666674,5.2,4.92,4.82,1.1843270796841772,2.2962630372166246,71.08197077351524,0.12221598528708277,0.03421806009125858,0.0879979251958242,627447.8
235607,UPDCREIT,2024-09-25,5.2,5.2,245319,2026-04-08T04:19:40.096992+00:00,0.0,0.0,0.9708737864077666,1.030927835051565,5.2,4.95,4.828,1.1843270796841772,2.2962630372166246,71.08197077351525,0.12315657683845949,0.02812692131410824,0.09502965552435125,637251.95
235725,UPDCREIT,2024-09-26,5.2,5.2,2064469,2026-04-08T04:19:42.676048+00:00,0.0,0.0,0.0,2.0408163265306145,5.2,4.975,4.835999999999999,1.1329979556769596,2.2962630372166246,71.08197077351525,0.1224900137879592,0.02196828661088636,0.10052172717707285,726542.8
235843,UPDCREIT,2024-09-27,5.2,5.2,88221,2026-04-08T04:19:45.342636+00:00,0.0,0.0,0.0,0.0,5.2,5.0,4.842,1.1329979556769596,2.2799740080928954,71.08197077351524,0.1205718801867075,0.01604012240770772,0.10453175777899978,718555.7
235961,UPDCREIT,2024-09-30,5.2,5.2,183994,2026-04-08T04:19:50.223917+00:00,0.0,0.0,0.0,0.0,5.2,5.025,4.85,1.1329979556769596,2.25822276986679,71.08197077351525,0.11769503044000995,0.010530618128808122,0.10716441231120183,715521.35
236079,UPDCREIT,2024-10-02,5.3,5.3,201076,2026-04-08T04:19:53.821423+00:00,1.9230769230769162,0.0,0.0,3.0000000000000027,5.220000000000001,5.055000000000001,4.86,1.1682410731553439,2.2713456364466134,76.37296421128522,0.12207704239983386,0.011930104070905612,0.11014693832892825,714949.5
236197,UPDCREIT,2024-10-03,5.05,5.05,558826,2026-04-08T04:19:56.203135+00:00,-4.716981132075471,1.9230769230769162,0.0,0.9708737864077666,5.1899999999999995,5.0675,4.865,1.6164907243773219,2.3763497381050755,51.16778304867044,0.10417603134385711,-0.004776725588056918,0.10895275693191403,700486.3
236315,UPDCREIT,2024-10-04,5.05,5.05,220789,2026-04-08T04:19:58.634737+00:00,0.0,-4.716981132075471,0.0,0.0,5.159999999999999,5.08,4.87,1.6164907243773219,2.3763497381050755,51.16778304867044,0.08896383144138031,-0.015991140392426967,0.10495497183380728,692432.1
236433,UPDCREIT,2024-10-07,5.05,5.05,165461,2026-04-08T04:20:03.05432+00:00,0.0,0.0,0.0,0.0,5.13,5.0975,4.875,1.5214106005389243,2.3763497381050755,51.16778304867042,0.07603160836745904,-0.023138690773078605,0.09917029914053764,660166.3
236551,UPDCREIT,2024-10-08,5.05,5.05,417781,2026-04-08T04:20:05.535519+00:00,0.0,0.0,0.0,0.0,5.1,5.11,4.885999999999999,1.4654645113032334,2.1911077829861276,51.16778304867043,0.06503306768712225,-0.027309785162732317,0.09234285284985456,666251.15
236669,UPDCREIT,2024-10-10,5.2,5.2,307742,2026-04-08T04:20:08.855054+00:00,2.970297029702973,0.0,1.9230769230769162,0.0,5.08,5.1275,4.9,1.5783974861601242,2.224093983133544,61.43837522520373,0.06764067179583666,-0.01976174484321433,0.08740241663905099,639892.35
236787,UPDCREIT,2024-10-11,5.15,5.15,125287,2026-04-08T04:20:11.460237+00:00,-0.9615384615384581,2.970297029702973,-4.716981132075471,0.0,5.1,5.14,4.912999999999999,1.5966584405849327,2.231006773195061,57.125356023669966,0.06492422861268299,-0.017982550421094395,0.08290677903377738,497560.55
236906,UPDCREIT,2024-10-14,5.15,5.15,197505,2026-04-08T04:20:16.284622+00:00,0.0,-0.9615384615384581,0.0,0.0,5.12,5.1475,4.9239999999999995,1.5411975731189373,2.21388593062123,57.12535602366996,0.062056083912347404,-0.016680556097143986,0.07873664000949139,444064.6
237025,UPDCREIT,2024-10-15,5.15,5.15,264950,2026-04-08T04:20:18.84933+00:00,0.0,0.0,0.0,0.0,5.140000000000001,5.154999999999999,4.938,1.5411975731189373,2.155617470944699,57.125356023669966,0.05910177015667273,-0.015707895882254935,0.07480966603892766,407133.8
237144,UPDCREIT,2024-10-17,5.2,5.2,560141,2026-04-08T04:20:23.389134+00:00,0.9708737864077666,0.0,0.0,0.0,5.17,5.165,4.945,1.5511741112923312,1.7589393458975384,60.58152917599572,0.060102216414686715,-0.011765959699392758,0.07186817611407947,402480.95
237263,UPDCREIT,2024-10-18,5.15,5.15,325072,2026-04-08T04:20:26.17489+00:00,-0.9615384615384581,0.9708737864077666,2.970297029702973,1.9230769230769162,5.160000000000001,5.165000000000001,4.9559999999999995,1.4235463879361991,1.5927413180268057,55.7424195110067,0.05621251229871849,-0.01252453105228879,0.06873704335100728,384287.5
237382,UPDCREIT,2024-10-21,5.15,5.15,99453,2026-04-08T04:20:30.541886+00:00,0.0,-0.9615384615384581,-0.9615384615384581,-4.716981132075471,5.16,5.1625,4.967,1.4054857663706848,1.5927413180268057,55.742419511006695,0.05252442488821618,-0.012970094770232879,0.06549451965844906,338553.0
237501,UPDCREIT,2024-10-22,5.15,5.15,82868,2026-04-08T04:20:32.890604+00:00,0.0,0.0,0.0,0.0,5.160000000000001,5.16,4.974,1.4054857663706848,1.4783994338563753,55.742419511006695,0.04903632877015074,-0.013166552710638657,0.062202881480789396,327861.45
237620,UPDCREIT,2024-10-23,5.15,5.15,262771,2026-04-08T04:20:35.186729+00:00,0.0,0.0,0.0,0.0,5.16,5.157500000000001,4.981,1.4054857663706848,1.4783994338563753,55.742419511006695,0.04574467136972693,-0.013166568088849973,0.0589112394585769,329860.6
237739,UPDCREIT,2024-10-24,5.2,5.2,547072,2026-04-08T04:20:37.740613+00:00,0.9708737864077666,0.0,0.9708737864077666,0.0,5.16,5.157500000000001,4.989,1.4235463879361991,1.482736446615282,60.03611880412714,0.046633034701363485,-0.009822563805770734,0.05645559850713422,349763.45
237858,UPDCREIT,2024-10-25,5.25,5.25,1068517,2026-04-08T04:20:40.222387+00:00,0.9615384615384581,0.9708737864077666,-0.9615384615384581,2.970297029702973,5.18,5.16,4.998,1.439348799264837,1.4867026521726743,63.81652853285285,0.05078621925234561,-0.004535503403830889,0.0553217226561765,399365.7
237977,UPDCREIT,2024-10-28,5.25,5.25,308874,2026-04-08T04:20:44.742576+00:00,0.0,0.9615384615384581,0.0,-0.9615384615384581,5.2,5.1625000000000005,5.004,1.439348799264837,1.4252272893313143,63.81652853285284,0.05346137843898635,-0.0014882753737521237,0.054949653812738475,402543.45
238096,UPDCREIT,2024-10-29,5.5,5.5,1202800,2026-04-08T04:20:47.136244+00:00,4.761904761904767,0.0,0.0,0.0,5.2700000000000005,5.1775,5.015,1.782280644827134,1.5684223384432012,76.63385890913668,0.07489107434374453,0.015953136424804844,0.05893793791893969,359460.0
238215,UPDCREIT,2024-10-30,5.5,5.5,840038,2026-04-08T04:20:49.405969+00:00,0.0,4.761904761904767,0.0,0.0,5.34,5.192500000000001,5.026,1.782280644827134,1.5684223384432012,76.63385890913668,0.09082726259569274,0.02551145974140244,0.0653158028542903,397050.85
238334,UPDCREIT,2024-10-31,5.5,5.5,738429,2026-04-08T04:20:51.756515+00:00,0.0,0.0,0.9708737864077666,0.9708737864077666,5.4,5.2075000000000005,5.037,1.782280644827134,1.5684223384432012,76.63385890913668,0.10227781165239502,0.029569607038483783,0.07270820461391124,424772.6
238453,UPDCREIT,2024-11-01,5.45,5.45,780460,2026-04-08T04:20:54.1075+00:00,-0.9090909090909038,0.0,0.9615384615384581,-0.9615384615384581,5.44,5.215,5.047,1.758548216514421,1.5763100636279965,70.40412497640904,0.10609487645007043,0.026709337468927355,0.07938553898114308,453741.8
238572,UPDCREIT,2024-11-04,5.4,5.4,663753,2026-04-08T04:20:58.471072+00:00,-0.917431192660545,-0.9090909090909038,0.0,0.0,5.470000000000001,5.2325,5.056,1.3660279512554967,1.5840637492688527,64.73672082659075,0.10388779187331831,0.019601802313740188,0.08428598955957813,458988.15
238691,UPDCREIT,2024-11-05,5.4,5.4,58021,2026-04-08T04:21:01.00344+00:00,0.0,-0.917431192660545,4.761904761904767,0.0,5.45,5.250000000000001,5.0680000000000005,1.3660279512554967,1.5149386858074585,64.73672082659077,0.10097468809525445,0.013350958828541051,0.0876237292667134,450849.75
238810,UPDCREIT,2024-11-06,5.4,5.4,157439,2026-04-08T04:21:03.585377+00:00,0.0,0.0,0.0,0.0,5.430000000000001,5.2675,5.0840000000000005,1.3660279512554967,1.3753614612056038,64.73672082659075,0.09754163313414832,0.00793432309394794,0.08960731004020038,450448.65
238929,UPDCREIT,2024-11-07,5.4,5.4,167277,2026-04-08T04:21:06.256351+00:00,0.0,0.0,0.0,0.9708737864077666,5.410000000000001,5.285,5.1000000000000005,1.3660279512554967,1.3753614612056038,64.73672082659077,0.09374033214599731,0.003306417684637533,0.09043391446135977,437923.45
239048,UPDCREIT,2024-11-08,5.45,5.45,1593616,2026-04-08T04:21:08.623134+00:00,0.92592592592593,0.0,-0.9090909090909038,0.9615384615384581,5.41,5.2975,5.117,1.228778765421008,1.3770539256467635,68.18180867756305,0.09368244297128125,0.002598822807937176,0.09108362016334408,502217.15
239167,UPDCREIT,2024-11-11,5.45,5.45,221218,2026-04-08T04:21:12.782875+00:00,0.0,0.92592592592593,-0.917431192660545,0.0,5.42,5.3125,5.1339999999999995,1.1976233759353874,1.3770539256467635,68.18180867756305,0.09256948201705928,0.001188689482972155,0.09138079253408712,507013.7
239286,UPDCREIT,2024-11-12,5.45,5.45,274195,2026-04-08T04:21:15.417322+00:00,0.0,0.0,0.0,4.761904761904767,5.430000000000001,5.3275,5.149,1.1976233759353874,1.352355525335038,68.18180867756305,0.0906425811894831,-0.0005905690756832227,0.09123315026516632,510848.2
239405,UPDCREIT,2024-11-13,5.45,5.45,336689,2026-04-08T04:21:17.790166+00:00,0.0,0.0,0.0,0.0,5.44,5.3425,5.164,1.1976233759353874,1.352355525335038,68.18180867756305,0.08809993716571896,-0.002506570479557893,0.09060650764527685,514435.15
239524,UPDCREIT,2024-11-14,5.45,5.45,29883,2026-04-08T04:21:20.354873+00:00,0.0,0.0,0.0,0.0,5.45,5.355,5.178999999999999,1.1882187258141463,1.352355525335038,68.18180867756305,0.0851038492591707,-0.004402126708884929,0.08950597596805562,487922.25
239643,UPDCREIT,2024-11-15,5.15,5.15,436610,2026-04-08T04:21:22.90937+00:00,-5.5045871559633035,0.0,0.92592592592593,-0.9090909090909038,5.39,5.355,5.188000000000001,1.7375823194671218,1.5822484676224737,36.87322598636157,0.05785501857160025,-0.025320765917164312,0.08317578448876456,493499.15
239762,UPDCREIT,2024-11-18,5.15,5.15,189006,2026-04-08T04:21:27.576358+00:00,0.0,-5.5045871559633035,0.0,-0.917431192660545,5.33,5.355,5.195,1.7375823194671218,1.5576406889129701,36.87322598636156,0.035846903148899045,-0.03786310507189242,0.07371000822079146,497976.8
239881,UPDCREIT,2024-11-19,5.15,5.15,746829,2026-04-08T04:21:29.868433+00:00,0.0,0.0,0.0,0.0,5.2700000000000005,5.355,5.202000000000001,1.7375823194671218,1.5576406889129701,36.87322598636156,0.018195565958476045,-0.044411553809852344,0.06260711976832839,531174.85
240000,UPDCREIT,2024-11-20,5.15,5.15,471613,2026-04-08T04:21:32.433299+00:00,0.0,0.0,0.0,0.0,5.21,5.3549999999999995,5.211,1.7375823194671218,1.5241060952362777,36.87322598636157,0.004158813846794729,-0.04675864473722693,0.050917458584021656,541616.95
240119,UPDCREIT,2024-11-21,5.1,5.1,716068,2026-04-08T04:21:34.755564+00:00,-0.9708737864077777,0.0,0.0,0.0,5.14,5.35,5.2170000000000005,1.7355763080693798,1.5067946462326767,33.43177341920098,-0.010874639389956364,-0.04943367837918242,0.03855903898922606,550066.75
240238,UPDCREIT,2024-11-22,5.1,5.1,118667,2026-04-08T04:21:37.514754+00:00,0.0,-0.9708737864077777,-5.5045871559633035,0.92592592592593,5.130000000000001,5.342499999999999,5.222,1.718361950960191,1.5011588603823804,33.43177341920098,-0.022529058428550464,-0.04887047793422122,0.026341419505670753,502574.25
240357,UPDCREIT,2024-11-25,5.55,5.55,679661,2026-04-08T04:21:41.818387+00:00,8.823529411764719,0.0,0.0,0.0,5.209999999999999,5.3575,5.235,2.6394888942266164,1.9391608554070334,66.28069605404578,0.00449416378825962,-0.017477804573928907,0.021971968362188527,521113.6
240476,UPDCREIT,2024-11-26,5.05,5.05,609765,2026-04-08T04:21:44.163824+00:00,-9.009009009009006,8.823529411764719,0.0,0.0,5.1899999999999995,5.335,5.236000000000001,3.161666894560401,2.324339150580296,41.673707893576285,-0.014271051441171245,-0.028994415842687818,0.014723364401516573,491461.85
240595,UPDCREIT,2024-11-27,5.05,5.05,404424,2026-04-08T04:21:46.720727+00:00,0.0,-9.009009009009006,0.0,0.0,5.17,5.3125,5.237,3.161666894560401,2.324339150580296,41.673707893576285,-0.02881051008028468,-0.034827099585441,0.006016589505156323,469681.15
240714,UPDCREIT,2024-11-28,5.05,5.05,157036,2026-04-08T04:21:49.110263+00:00,0.0,0.0,-0.9708737864077777,0.0,5.16,5.29,5.2379999999999995,3.161666894560401,2.324339150580296,41.67370789357629,-0.039873498927677886,-0.03671207074626737,-0.0031614281814105185,440611.5
240833,UPDCREIT,2024-12-02,5.15,5.15,160452,2026-04-08T04:21:54.88401+00:00,1.980198019801982,0.0,0.0,-5.5045871559633035,5.17,5.275,5.238,3.2018801903492156,2.3022633660333756,46.623693790739516,-0.04010947595708636,-0.029558438220540675,-0.010551037736545687,409611.1
240952,UPDCREIT,2024-12-03,5.15,5.15,407526,2026-04-08T04:21:57.640504+00:00,0.0,1.980198019801982,8.823529411764719,0.0,5.09,5.2625,5.237,3.198137458836544,2.2982236424908007,46.62369379073952,-0.03983727019998895,-0.023428985970754608,-0.016408284229234342,396799.75
241071,UPDCREIT,2024-12-04,5.2,5.2,659969,2026-04-08T04:21:59.930228+00:00,0.9708737864077666,0.0,-9.009009009009006,0.0,5.12,5.2524999999999995,5.236999999999999,3.2084886778399047,2.3022633660333756,49.127287538805184,-0.035181413607391576,-0.015018503502525787,-0.02016291010486579,426897.15
241190,UPDCREIT,2024-12-06,5.15,5.15,1759170,2026-04-08T04:22:03.392712+00:00,-0.9615384615384581,0.9708737864077666,0.0,0.0,5.140000000000001,5.24,5.236000000000001,3.213493212547316,2.306498309393658,46.76506107004212,-0.035121338913961964,-0.011966743047276938,-0.023154595866685026,506983.7
241309,UPDCREIT,2024-12-09,5.15,5.15,127476,2026-04-08T04:22:07.745808+00:00,0.0,-0.9615384615384581,0.0,-0.9708737864077777,5.16,5.2275,5.235,3.213493212547316,2.306498309393658,46.765061070042115,-0.034674028667953216,-0.009215546241014554,-0.025458482426938663,504993.65
241428,UPDCREIT,2024-12-10,4.85,4.85,1606510,2026-04-08T04:22:10.112253+00:00,-5.82524271844661,0.0,1.980198019801982,0.0,5.1,5.1975,5.228000000000001,3.437202016556591,2.449541024993522,35.04064030451134,-0.057860050228283555,-0.025921254241075914,-0.03193879598720764,505638.35
241547,UPDCREIT,2024-12-11,4.85,4.85,200147,2026-04-08T04:22:12.639548+00:00,0.0,-5.82524271844661,0.0,8.823529411764719,5.04,5.1674999999999995,5.221,3.437202016556591,2.449541024993522,35.04064030451135,-0.07536636284417408,-0.03474205348557315,-0.04062430935860093,504584.8
241666,UPDCREIT,2024-12-12,4.85,4.85,15322,2026-04-08T04:22:15.033357+00:00,0.0,0.0,0.9708737864077666,-9.009009009009006,4.970000000000001,5.1375,5.2139999999999995,3.437202016556591,2.449541024993522,35.04064030451134,-0.08822325890683302,-0.03807915963858567,-0.05014409926824735,491641.15
241785,UPDCREIT,2024-12-13,5.0,5.0,188158,2026-04-08T04:22:17.509919+00:00,3.0927835051546504,0.0,-0.9615384615384581,0.0,4.94,5.115,5.21,3.530366219561617,2.4910619661058893,43.83422061640269,-0.0853251203928842,-0.028144816899709477,-0.057180303493174725,484214.6
241904,UPDCREIT,2024-12-16,5.0,5.0,780853,2026-04-08T04:22:22.499781+00:00,0.0,3.0927835051546504,0.0,0.0,4.909999999999999,5.092499999999999,5.206,3.530366219561617,2.4910619661058893,43.834220616402696,-0.08208213300568268,-0.01992146361000635,-0.06216066939567633,521763.1
242023,UPDCREIT,2024-12-17,5.0,5.0,65323,2026-04-08T04:22:24.995572+00:00,0.0,0.0,-5.82524271844661,1.980198019801982,4.9399999999999995,5.084999999999999,5.2,3.3171503804848292,2.4748051739950476,43.834220616402696,-0.07860592199855176,-0.013156202082300339,-0.06544971991625143,503198.75
242142,UPDCREIT,2024-12-18,5.0,5.0,124496,2026-04-08T04:22:27.498126+00:00,0.0,0.0,0.0,0.0,4.970000000000001,5.0775,5.199,3.3171503804848292,2.3828746472941393,43.83422061640269,-0.07498660087332354,-0.007629504765657685,-0.06735709610766585,499973.25
242261,UPDCREIT,2024-12-19,5.0,5.0,342959,2026-04-08T04:22:29.868083+00:00,0.0,0.0,0.0,0.9708737864077666,5.0,5.069999999999999,5.1979999999999995,3.3171503804848292,2.3828746472941393,43.83422061640269,-0.07129640226098388,-0.0031514449226544144,-0.06814495733832947,479779.75
242380,UPDCREIT,2024-12-20,4.9,4.9,6663497,2026-04-08T04:22:32.392508+00:00,-1.9999999999999907,0.0,3.0927835051546504,-0.9615384615384581,4.9799999999999995,5.0575,5.195,3.344173176372424,2.3997411574560945,38.76649911849417,-0.07556993437654747,-0.005939981630574395,-0.06962995274597307,789373.95
242499,UPDCREIT,2024-12-23,5.25,5.25,1528844,2026-04-08T04:22:36.740311+00:00,7.14285714285714,-1.9999999999999907,0.0,0.0,5.029999999999999,5.0649999999999995,5.199,3.716508983607107,2.6054651957444777,57.35130189836302,-0.050136719545418984,0.015594586560443269,-0.06573130610586225,830012.75
242618,UPDCREIT,2024-12-24,5.0,5.0,2601075,2026-04-08T04:22:39.25804+00:00,-4.761904761904767,7.14285714285714,0.0,-5.82524271844661,5.029999999999999,5.0600000000000005,5.195,3.879671536176482,2.6611648783133153,46.49601619151666,-0.04958207294501449,0.012919386528678217,-0.0625014594736927,954133.15
242737,UPDCREIT,2024-12-27,5.0,5.0,994966,2026-04-08T04:22:43.946119+00:00,0.0,-4.761904761904767,0.0,0.0,5.029999999999999,5.032500000000001,5.192,3.2747416262871796,2.6578684857530948,46.49601619151666,-0.048582482896890156,0.011135181261442043,-0.0597176641583322,969898.4
242855,UPDCREIT,2024-12-31,5.0,5.0,2135747,2026-04-08T04:22:48.665239+00:00,0.0,0.0,0.0,0.0,5.029999999999999,5.029999999999999,5.189,2.585146771184828,2.6578684857530948,46.49601619151666,-0.04724568177204258,0.009977585909031694,-0.057223267681074275,1046197.5
242973,UPDCREIT,2025-01-02,5.45,5.45,2539332,2026-04-08T04:22:52.256438+00:00,9.000000000000007,0.0,-1.9999999999999907,3.0927835051546504,5.14,5.05,5.195,3.278739077929366,2.948427904601591,62.467158448207364,-0.009762482238078185,0.03796862835439688,-0.04773111059247506,1152942.9
243091,UPDCREIT,2025-01-03,5.4,5.4,674240,2026-04-08T04:22:55.101113+00:00,-0.917431192660545,9.000000000000007,7.14285714285714,0.0,5.17,5.0675,5.199,3.2914925775384902,2.9498652675503174,60.31287874425768,0.015727346254206687,0.0507667654773454,-0.03503941922313871,1178803.1
243209,UPDCREIT,2025-01-06,5.7,5.7,649152,2026-04-08T04:23:00.046313+00:00,5.555555555555558,-0.917431192660545,-4.761904761904767,0.0,5.3100000000000005,5.095,5.21,3.4746299292834393,3.043688131001994,67.54502978483761,0.059450404517345845,0.07559185899238764,-0.016141454475041797,1203238.1
243327,UPDCREIT,2025-01-07,5.65,5.65,2132776,2026-04-08T04:23:02.329348+00:00,-0.877192982456132,5.555555555555558,0.0,0.0,5.44,5.12,5.22,3.487646446451824,3.0476732971198466,65.40575159667058,0.08904026037003554,0.08414537187606187,0.004894888493973669,1289500.6
243445,UPDCREIT,2025-01-08,5.65,5.65,390473,2026-04-08T04:23:04.632968+00:00,0.0,-0.877192982456132,0.0,0.0,5.57,5.1425,5.23,3.4878109659790946,3.0476732971198466,65.4057515966706,0.11120849204527694,0.08505088284104262,0.026157609204234326,1276025.8
243563,UPDCREIT,2025-01-09,5.6,5.6,367747,2026-04-08T04:23:06.908261+00:00,-0.8849557522124019,0.0,9.000000000000007,-1.9999999999999907,5.6,5.165,5.239000000000001,3.486195514243306,3.0516071397867197,63.088395809299186,0.12332082749402318,0.07773057463183108,0.0455902528621921,1206454.65
243681,UPDCREIT,2025-01-10,5.6,5.6,637512,2026-04-08T04:23:09.304805+00:00,0.0,-0.8849557522124019,-0.917431192660545,7.14285714285714,5.64,5.1875,5.246999999999999,3.486195514243306,3.049774230840965,63.088395809299186,0.131405183443964,0.06865194446541753,0.06275323897854648,1231956.45
243799,UPDCREIT,2025-01-13,5.5,5.5,1032353,2026-04-08T04:23:13.790041+00:00,-1.7857142857142794,0.0,5.555555555555558,-4.761904761904767,5.6,5.22,5.251999999999999,3.207799878419322,3.060384056546698,58.29740475269117,0.12826437761050968,0.052408910905570566,0.07585546670493912,1203248.6
243917,UPDCREIT,2025-01-14,5.5,5.5,1181400,2026-04-08T04:23:16.129929+00:00,0.0,-1.7857142857142794,-0.877192982456132,0.0,5.57,5.2524999999999995,5.257,3.207799878419322,3.060384056546698,58.29740475269117,0.12434192999044846,0.03878917062840748,0.08555275936204099,1252311.25
244035,UPDCREIT,2025-01-15,5.45,5.45,537610,2026-04-08T04:23:18.535433+00:00,-0.9090909090909038,0.0,0.0,0.0,5.529999999999999,5.282500000000001,5.255999999999999,3.2243141723950397,2.989815292537667,55.83846050028574,0.11586318122840034,0.02424833749308747,0.09161484373531287,1278425.65
244153,UPDCREIT,2025-01-16,5.8,5.8,631466,2026-04-08T04:23:20.834867+00:00,6.422018348623837,-0.9090909090909038,-0.8849557522124019,9.000000000000007,5.569999999999999,5.3225,5.262,3.4369320766148523,3.1236594946415694,66.49268442953667,0.135820136685731,0.03536423436033451,0.1004559023253965,1300591.05
244271,UPDCREIT,2025-01-17,5.8,5.8,219015,2026-04-08T04:23:23.141674+00:00,0.0,6.422018348623837,0.0,-0.917431192660545,5.61,5.3625,5.268,3.4369320766148523,3.1236594946415694,66.49268442953668,0.1499081201729764,0.0395617742780639,0.11034634589491249,1272499.15
244389,UPDCREIT,2025-01-20,5.5,5.5,1159436,2026-04-08T04:23:27.482452+00:00,-5.1724137931034475,0.0,-1.7857142857142794,5.555555555555558,5.61,5.3875,5.269,3.68582898147536,3.2102473710638084,53.63056434827851,0.13530573549576985,0.01996751168068589,0.11533822381508396,1327204.8
244507,UPDCREIT,2025-01-21,5.35,5.35,2344172,2026-04-08T04:23:29.752731+00:00,-2.7272727272727337,-5.1724137931034475,0.0,-0.877192982456132,5.58,5.405,5.268000000000001,3.7566512169787565,3.2317205548680645,48.57145048525171,0.11035736305071264,-0.0039846886114970614,0.1143420516622097,1438188.6
244625,UPDCREIT,2025-01-22,5.4,5.4,604051,2026-04-08T04:23:32.235559+00:00,0.9345794392523477,-2.7272727272727337,-0.9090909090909038,0.0,5.57,5.425,5.268,3.75717103289258,3.234232656186023,50.25593411789263,0.09354188762451976,-0.016640131230151955,0.11018201885467171,1451243.2
244743,UPDCREIT,2025-01-23,5.4,5.4,318634,2026-04-08T04:23:34.519549+00:00,0.0,0.9345794392523477,6.422018348623837,-0.8849557522124019,5.49,5.45,5.268,3.714881470244552,3.234232656186023,50.25593411789263,0.07930136542309185,-0.0247045227452639,0.10400588816835575,1134000.05
244861,UPDCREIT,2025-01-24,5.4,5.4,444478,2026-04-08T04:23:37.097992+00:00,0.0,0.0,0.0,0.0,5.41,5.4575000000000005,5.268000000000001,3.375654731657264,3.234232656186023,50.25593411789263,0.06724054187014339,-0.029412277038569898,0.09665281890871329,1079781.75
244979,UPDCREIT,2025-01-27,5.4,5.4,2706236,2026-04-08T04:23:41.817807+00:00,0.0,0.0,-5.1724137931034475,-1.7857142857142794,5.39,5.4775,5.2669999999999995,3.169347684236489,3.231769629038854,50.255934117892636,0.05702490470620791,-0.0317023313620043,0.08872723606821221,1085039.8
245097,UPDCREIT,2025-01-28,5.4,5.4,495364,2026-04-08T04:23:44.43679+00:00,0.0,0.0,-2.7272727272727337,0.0,5.4,5.4975000000000005,5.266,3.169347684236489,3.231769629038854,50.25593411789264,0.04837134391160003,-0.032284713725289765,0.0806560576368898,1060059.7
245215,UPDCREIT,2025-01-30,6.0,6.0,614441,2026-04-08T04:23:47.90788+00:00,11.111111111111093,0.0,0.9345794392523477,-0.9090909090909038,5.5200000000000005,5.5475,5.277,3.963893701032603,3.591492822033846,68.30243703132668,0.08890349606498127,0.0065979507424731715,0.0823055453225081,983994.4
245333,UPDCREIT,2025-01-31,6.0,6.0,614441,2026-04-08T04:23:50.425841+00:00,0.0,11.111111111111093,0.0,6.422018348623837,5.640000000000001,5.575,5.288,3.488785686192578,3.591492822033846,68.30243703132666,0.11964631047500962,0.029872612122001208,0.08977369835300841,887749.85
245451,UPDCREIT,2025-02-03,6.0,6.0,3062508,2026-04-08T04:23:55.090801+00:00,0.0,0.0,0.0,0.0,5.76,5.605,5.299000000000001,3.474652252561354,3.591492822033846,68.30243703132668,0.14236907036349322,0.04207629760838785,0.10029277275510537,1007163.25
245569,UPDCREIT,2025-02-04,6.0,6.0,467673,2026-04-08T04:23:57.584141+00:00,0.0,0.0,0.0,-5.1724137931034475,5.880000000000001,5.62,5.316,3.272412659132335,3.494408384901115,68.30243703132668,0.1585493629215522,0.04660527213315746,0.11194409078839473,998089.3
245687,UPDCREIT,2025-02-05,6.0,6.0,889931,2026-04-08T04:24:00.484627+00:00,0.0,0.0,0.0,-2.7272727272727337,6.0,5.6375,5.333000000000001,3.2615866987884305,3.494408384901115,68.30243703132668,0.16941939996366173,0.045980247340213595,0.12343915262344814,935947.05
245805,UPDCREIT,2025-02-06,6.2,6.2,1232041,2026-04-08T04:24:04.153698+00:00,3.3333333333333437,0.0,11.111111111111093,0.9345794392523477,6.04,5.665,5.354,3.3272965409656403,3.5190203728042433,73.02719948720723,0.1919595212933647,0.054816294935933235,0.13714322635743145,978025.45
245923,UPDCREIT,2025-02-07,6.2,6.2,1115166,2026-04-08T04:24:07.822728+00:00,0.0,3.3333333333333437,0.0,0.0,6.08,5.695,5.375,3.3135401935841116,3.5190203728042433,73.02719948720723,0.2074315876195607,0.056230689009703405,0.1512008986098573,1015396.4
246041,UPDCREIT,2025-02-10,6.25,6.25,722985,2026-04-08T04:24:13.163899+00:00,0.8064516129032251,0.0,0.0,0.0,6.13,5.727500000000001,5.398,3.3112687629974045,3.513540110934838,74.14461449079336,0.22117828815866503,0.05598191163904617,0.16519637651961885,1019670.05
246159,UPDCREIT,2025-02-11,6.5,6.5,513534,2026-04-08T04:24:15.629092+00:00,4.0000000000000036,0.8064516129032251,0.0,0.0,6.2299999999999995,5.777500000000001,5.426,3.344379698534579,3.548062413166486,78.8602745323858,0.24937096478435894,0.06733967061179205,0.1820312941725669,993729.1
246277,UPDCREIT,2025-02-12,7.1,7.1,2905256,2026-04-08T04:24:18.226035+00:00,9.23076923076922,4.0000000000000036,0.0,0.0,6.45,5.8575,5.457000000000001,3.8184441373403515,3.5678620123581197,85.63289418564668,0.31648065769868605,0.10755949082089533,0.20892116687779072,1079921.9
246395,UPDCREIT,2025-02-13,7.55,7.55,4470965,2026-04-08T04:24:20.725749+00:00,6.338028169014098,9.23076923076922,3.3333333333333437,11.111111111111093,6.720000000000001,5.9625,5.507,3.9347261317347613,3.383681130203233,88.58633575417552,0.40135029564924185,0.15394330301716092,0.24740699263208094,1276589.65
246513,UPDCREIT,2025-02-14,7.4,7.4,1517885,2026-04-08T04:24:23.300806+00:00,-1.9867549668874052,6.338028169014098,0.0,0.0,6.959999999999999,6.0425,5.553999999999999,3.8535782893692296,3.4056036800924,82.49842628557415,0.4513039972270363,0.16311760367596428,0.288186393551072,1320910.6
246631,UPDCREIT,2025-02-17,6.9,6.9,1334734,2026-04-08T04:24:27.726986+00:00,-6.756756756756754,-1.9867549668874052,0.8064516129032251,0.0,7.090000000000001,6.0975,5.591,4.248842475531673,3.569027549092191,66.17356775483134,0.4454124073267094,0.12578081102050992,0.3196315963061995,1376696.55
246749,UPDCREIT,2025-02-18,6.75,6.75,2436277,2026-04-08T04:24:30.295737+00:00,-2.1739130434782705,-6.756756756756754,4.0000000000000036,0.0,7.140000000000001,6.16,5.622999999999999,4.070384769248531,3.586618083933376,62.19725171154617,0.42375475247800054,0.08329852493744083,0.3404562275405597,1440538.6
246867,UPDCREIT,2025-02-19,6.75,6.75,508423,2026-04-08T04:24:32.765887+00:00,0.0,-2.1739130434782705,9.23076923076922,0.0,7.07,6.2299999999999995,5.655,3.97990220502017,3.586618083933376,62.19725171154618,0.40195739038880784,0.049200930278598454,0.3527564601102094,1348751.15
246985,UPDCREIT,2025-02-20,6.75,6.75,1204625,2026-04-08T04:24:35.351909+00:00,0.0,0.0,6.338028169014098,3.3333333333333437,6.910000000000001,6.2975,5.686,3.9891754837574678,3.5872191825059376,62.19725171154617,0.38029897404668933,0.022034011149183907,0.3582649628975054,1378779.85
247103,UPDCREIT,2025-02-21,6.75,6.75,564117,2026-04-08T04:24:37.680479+00:00,0.0,0.0,-1.9867549668874052,0.0,6.779999999999999,6.365,5.718,3.9891754837574678,3.5813341410059154,62.19725171154617,0.35899623789207613,0.0005850199956565771,0.35841121789641955,1391054.0
247221,UPDCREIT,2025-02-25,6.2,6.2,1091318,2026-04-08T04:24:43.419296+00:00,-8.148148148148149,0.0,-6.756756756756754,0.8064516129032251,6.640000000000001,6.404999999999999,5.739,4.500909409466665,3.7887469144768846,47.97870950415241,0.29434029090037583,-0.05125674159683502,0.34559703249721085,1423396.0
247339,UPDCREIT,2025-02-26,6.2,6.2,232061,2026-04-08T04:24:45.860894+00:00,0.0,-8.148148148148149,-2.1739130434782705,4.0000000000000036,6.530000000000001,6.445,5.766,4.500909409466665,3.6801390227582904,47.97870950415241,0.24032961686527887,-0.0842139325055456,0.32454354937082447,1299687.25
247457,UPDCREIT,2025-02-27,6.3,6.3,575026,2026-04-08T04:24:48.27846+00:00,1.6129032258064502,0.0,0.0,9.23076923076922,6.44,6.49,5.795,4.500502436998391,3.682222496947149,50.371063920281344,0.20325197063418798,-0.09703326298930925,0.30028523362349724,1303670.35
247575,UPDCREIT,2025-02-28,6.3,6.3,106689,2026-04-08T04:24:50.63724+00:00,0.0,1.6129032258064502,0.0,6.338028169014098,6.35,6.505,5.824,3.8009900716350544,3.682222496947149,50.371063920281344,0.17188627093023712,-0.10271917015460807,0.2746054410848452,1278282.75
247693,UPDCREIT,2025-03-03,6.3,6.3,360002,2026-04-08T04:24:55.222854+00:00,0.0,0.0,0.0,-1.9867549668874052,6.26,6.5200000000000005,5.85,3.8009900716350544,3.6652522097698736,50.37106392028135,0.1453531868780793,-0.10340180336541271,0.248754990243492,1265560.8
247811,UPDCREIT,2025-03-04,6.3,6.3,613020,2026-04-08T04:24:57.762887+00:00,0.0,0.0,-8.148148148148149,-6.756756756756754,6.279999999999999,6.534999999999999,5.876,3.8009900716350544,3.6652522097698736,50.371063920281344,0.12290871148817661,-0.10067702300425233,0.22358573449242894,1143086.4
247930,UPDCREIT,2025-03-05,5.9,5.9,327110,2026-04-08T04:25:00.108696+00:00,-6.349206349206337,0.0,0.0,-2.1739130434782705,6.220000000000001,6.529999999999999,5.894,4.083160496775734,3.791712251688377,40.38004243267898,0.07201450756175021,-0.12125698154454301,0.19327148910629321,1136058.25
248049,UPDCREIT,2025-03-06,5.9,5.9,261873,2026-04-08T04:25:02.52336+00:00,0.0,-6.349206349206337,1.6129032258064502,0.0,6.14,6.525,5.912000000000001,4.083160496775734,3.791712251688377,40.380042432678984,0.03131945311726536,-0.1295616287912223,0.16088108190848766,1104655.35
248168,UPDCREIT,2025-03-07,5.9,5.9,76329,2026-04-08T04:25:04.19753+00:00,0.0,0.0,0.0,0.0,6.06,6.51,5.93,4.007059747902512,3.791712251688377,40.380042432678984,-0.0009210533918588837,-0.12944170824027726,0.12852065484841838,1046869.75
248287,UPDCREIT,2025-03-10,5.9,5.9,177800,2026-04-08T04:25:07.959889+00:00,0.0,0.0,0.0,0.0,5.98,6.495,5.95,4.007059747902512,3.776387594850662,40.380042432678984,-0.02617021315379997,-0.12375269440177468,0.09758248124797471,1000001.45
248406,UPDCREIT,2025-03-11,6.25,6.25,430241,2026-04-08T04:25:10.446731+00:00,5.932203389830493,0.0,0.0,-8.148148148148149,5.970000000000001,6.495,5.97,4.230574422171541,3.7362060183996544,51.663680222189,-0.017733854412828265,-0.09225306852864239,0.07451921411581412,985364.25
248525,UPDCREIT,2025-03-12,5.8,5.8,1911182,2026-04-08T04:25:12.888859+00:00,-7.200000000000006,5.932203389830493,-6.349206349206337,0.0,5.950000000000001,6.459999999999999,5.986000000000001,4.422005133481309,3.820137197550462,40.93626987006225,-0.046819512329014934,-0.09707098115586324,0.05025146882684831,1055246.65
248644,UPDCREIT,2025-03-13,6.0,6.0,407625,2026-04-08T04:25:15.353849+00:00,3.4482758620689724,-7.200000000000006,0.0,1.6129032258064502,5.970000000000001,6.404999999999999,6.006,3.9138500909151412,3.844411439491506,46.27556107760315,-0.05311944930233459,-0.08269673450334633,0.029577285201011737,930365.1
248763,UPDCREIT,2025-03-14,6.5,6.5,871425,2026-04-08T04:25:17.75152+00:00,8.333333333333325,3.4482758620689724,0.0,0.0,6.090000000000001,6.3525,6.0360000000000005,4.124193751002692,4.002479408234435,56.79166677788002,-0.017563907622715647,-0.037712954258981905,0.02014904663626626,750388.1
248882,UPDCREIT,2025-03-17,6.05,6.05,439554,2026-04-08T04:25:23.327657+00:00,-6.923076923076921,8.333333333333325,0.0,0.0,6.12,6.285,6.047999999999999,4.349074474704326,3.953934030013791,47.73537185782254,-0.025404279154378706,-0.03644266063251597,0.011038381478137266,696471.55
249001,UPDCREIT,2025-03-18,6.05,6.05,173015,2026-04-08T04:25:25.763099+00:00,0.0,-6.923076923076921,5.932203389830493,0.0,6.08,6.242500000000001,6.061,4.127901537138621,3.950367576523245,47.735371857822535,-0.031257512928138276,-0.03383671552502043,0.0025792025968821566,638385.6
249120,UPDCREIT,2025-03-19,6.05,6.05,474179,2026-04-08T04:25:28.144043+00:00,0.0,0.0,-7.200000000000006,-6.349206349206337,6.13,6.2075000000000005,6.0680000000000005,4.112129815941236,3.877073129307436,47.73537185782253,-0.03548716887136116,-0.030453097174594657,-0.005034071696766508,540280.7
249239,UPDCREIT,2025-03-20,6.05,6.05,267266,2026-04-08T04:25:31.01834+00:00,0.0,0.0,3.4482758620689724,0.0,6.14,6.1725,6.075999999999999,4.112129815941236,3.874119014677511,47.73537185782254,-0.038396589694440486,-0.026690014398139183,-0.011706575296301303,528222.85
249358,UPDCREIT,2025-03-21,6.05,6.05,251768,2026-04-08T04:25:33.389958+00:00,0.0,0.0,8.333333333333325,0.0,6.05,6.1375,6.084,4.112129815941236,3.874119014677511,47.735371857822535,-0.04023848247953765,-0.022825525746589078,-0.017412956732948574,480580.0
249477,UPDCREIT,2025-03-24,6.05,6.05,232838,2026-04-08T04:25:38.388993+00:00,0.0,0.0,-6.923076923076921,0.0,6.05,6.102500000000001,6.093,4.112129815941236,3.871036152741446,47.73537185782254,-0.04122300266752532,-0.019048036747661395,-0.022174965919863926,464016.05
249596,UPDCREIT,2025-03-25,6.05,6.05,366626,2026-04-08T04:25:40.7685+00:00,0.0,0.0,0.0,5.932203389830493,6.05,6.095000000000001,6.102,3.693118378870961,3.871036152741446,47.735371857822535,-0.041524572584979325,-0.015479685332092319,-0.026044887252887006,427781.45
249715,UPDCREIT,2025-03-26,6.05,6.05,82868,2026-04-08T04:25:43.344812+00:00,0.0,0.0,0.0,-7.200000000000006,6.05,6.0875,6.113,3.693118378870961,3.860306593871769,47.73537185782254,-0.04128763080993725,-0.012194194845640188,-0.02909343596429706,420321.8
249834,UPDCREIT,2025-03-27,6.05,6.05,314933,2026-04-08T04:25:45.817232+00:00,0.0,0.0,0.0,3.4482758620689724,6.05,6.075,6.124,3.6722791234124363,3.860306593871769,47.73537185782254,-0.04063147835587255,-0.009230433913260394,-0.03140104444261216,407317.15
249953,UPDCREIT,2025-03-28,5.5,5.5,2609398,2026-04-08T04:25:48.177352+00:00,-9.090909090909083,0.0,0.0,8.333333333333325,5.94,6.035,6.125,4.181612263446952,4.078268550163011,34.59754462990321,-0.08352900588210943,-0.04170236915159782,-0.04182663673051161,532452.6
250072,UPDCREIT,2025-04-02,6.05,6.05,1482232,2026-04-08T04:25:54.663823+00:00,9.999999999999986,-9.090909090909083,0.0,-6.923076923076921,5.9399999999999995,6.022499999999999,6.13,4.807237532000157,4.220385731896571,49.550440212692436,-0.07231163849232747,-0.024388001409452686,-0.04792363708287478,588564.1
250191,UPDCREIT,2025-04-03,6.05,6.05,341830,2026-04-08T04:25:57.014747+00:00,0.0,9.999999999999986,0.0,0.0,5.9399999999999995,6.01,6.135,4.807237532000157,4.220385731896571,49.550440212692436,-0.06269903853175851,-0.011820321159106986,-0.050878717372651525,575004.6
250310,UPDCREIT,2025-04-04,6.1,6.1,426077,2026-04-08T04:25:59.489503+00:00,0.8264462809917328,0.0,0.0,0.0,5.95,6.0200000000000005,6.147,4.578003842380966,4.150063521152894,50.73790517734256,-0.05046467630018192,0.0003312328579756843,-0.050795909158157605,579952.95
250429,UPDCREIT,2025-04-07,5.7,5.7,357162,2026-04-08T04:26:04.211964+00:00,-6.5573770491803245,0.8264462809917328,0.0,0.0,5.880000000000001,6.01,6.154,4.826168451097445,4.241258602771012,42.183649215289755,-0.07221308564809004,-0.01713374119194594,-0.0550793444561441,584717.4
250548,UPDCREIT,2025-04-08,5.6,5.6,1156022,2026-04-08T04:26:06.766331+00:00,-1.7543859649122862,-6.5573770491803245,-9.090909090909083,0.0,5.8999999999999995,5.994999999999999,6.1579999999999995,4.840911885958868,4.248981727551352,40.35201145212344,-0.09640670453151579,-0.03306188806029735,-0.06334481647121844,638702.05
250667,UPDCREIT,2025-04-10,5.6,5.6,54840,2026-04-08T04:26:10.263658+00:00,0.0,-1.7543859649122862,9.999999999999986,0.0,5.8100000000000005,5.9799999999999995,6.162000000000001,4.840911885958868,4.248981727551352,40.35201145212345,-0.11426316713782914,-0.04073468053328855,-0.07352848660454059,632554.05
250786,UPDCREIT,2025-04-11,5.9,5.9,557385,2026-04-08T04:26:12.610372+00:00,5.35714285714286,0.0,0.0,0.0,5.779999999999999,5.9625,6.172,4.804459846473602,4.311925152100762,48.18052131415286,-0.10301950488194578,-0.02359281462192414,-0.07942669026002164,638911.25
250905,UPDCREIT,2025-04-14,5.9,5.9,93960,2026-04-08T04:26:17.137975+00:00,0.0,5.35714285714286,0.8264462809917328,0.0,5.74,5.9675,6.182,4.511420889553159,4.311925152100762,48.18052131415286,-0.09303635633523388,-0.010887732860169794,-0.08214862347506409,548050.15
251024,UPDCREIT,2025-04-15,6.1,6.1,304508,2026-04-08T04:26:19.634971+00:00,3.3898305084745672,0.0,-6.5573770491803245,0.0,5.819999999999999,5.9725,6.195999999999999,4.50921217861531,4.334220354144976,52.95449022607154,-0.06820014187458767,0.01115878528038114,-0.07935892715496881,542894.3
251143,UPDCREIT,2025-04-16,5.6,5.6,3071086,2026-04-08T04:26:22.321337+00:00,-8.196721311475407,3.3898305084745672,-1.7543859649122862,-9.090909090909083,5.82,5.9275,6.188,4.450464047655275,4.213002993882286,42.43032617337108,-0.0878503995834885,-0.00679317794281574,-0.08105722164067276,652877.35
251262,UPDCREIT,2025-04-17,5.9,5.9,1457101,2026-04-08T04:26:24.819431+00:00,5.35714285714286,-8.196721311475407,0.0,9.999999999999986,5.88,5.92,6.185999999999999,4.385727383779894,4.281872433590404,48.98189188464557,-0.07831313255104888,0.0021952712716991063,-0.08050840382274799,703754.7
251381,UPDCREIT,2025-04-22,6.15,6.15,1109492,2026-04-08T04:26:31.401152+00:00,4.237288135593209,5.35714285714286,5.35714285714286,0.0,5.930000000000001,5.925,6.189,4.488568944070784,4.3224691504330925,53.709551084393354,-0.05000543749656128,0.02440237306094936,-0.07440781055751064,750578.55
251500,UPDCREIT,2025-04-23,6.05,6.05,1811672,2026-04-08T04:26:33.741411+00:00,-1.6260162601626105,4.237288135593209,0.0,0.8264462809917328,5.959999999999999,5.925,6.19,4.506660226405633,4.329664782343395,51.647881794230706,-0.03523438937698664,0.0313387369444192,-0.06657312632140584,817453.2
251620,UPDCREIT,2025-04-24,6.05,6.05,156100,2026-04-08T04:26:36.383131+00:00,0.0,-1.6260162601626105,3.3898305084745672,-6.5573770491803245,5.95,5.925,6.190999999999999,4.506660226405633,4.329664782343395,51.64788179423071,-0.023260099375873367,0.03465042155642599,-0.057910520932299356,811894.9
251740,UPDCREIT,2025-04-25,6.05,6.05,6149402,2026-04-08T04:26:38.677219+00:00,0.0,0.0,-8.196721311475407,-1.7543859649122862,6.04,5.925,6.188,4.506660226405633,4.304591387459964,51.647881794230706,-0.01361346077812442,0.03543764812333995,-0.04905110890146437,1106776.6
251860,UPDCREIT,2025-04-28,6.05,6.05,344075,2026-04-08T04:26:43.113614+00:00,0.0,0.0,5.35714285714286,0.0,6.07,5.924999999999999,6.185,4.506660226405633,4.304591387459964,51.64788179423072,-0.005900413890679523,0.03452055600862788,-0.0404209698993074,1112338.45
251980,UPDCREIT,2025-04-29,6.2,6.2,277773,2026-04-08T04:26:45.609073+00:00,2.4793388429752206,0.0,4.237288135593209,5.35714285714286,6.08,5.932499999999999,6.184,4.537840372268058,4.317136401386002,55.123384031444274,0.012175624712197575,0.04207727568920398,-0.029901650977006405,1107895.8
252100,UPDCREIT,2025-04-30,6.2,6.2,1212470,2026-04-08T04:26:48.242472+00:00,0.0,2.4793388429752206,-1.6260162601626105,0.0,6.11,5.9399999999999995,6.178,4.537840372268058,4.2798301954515985,55.12338403144427,0.02619900966075228,0.04488052851020695,-0.018681518849454667,1164375.9
252220,UPDCREIT,2025-05-02,6.2,6.2,1115860,2026-04-08T04:26:51.690529+00:00,0.0,0.0,0.0,3.3898305084745672,6.140000000000001,5.9475,6.16,4.537840372268058,4.067134821810024,55.123384031444274,0.036887427957645436,0.044455157445680085,-0.007567729488034648,1204422.25
252340,UPDCREIT,2025-05-05,6.2,6.2,420351,2026-04-08T04:26:56.275381+00:00,0.0,0.0,0.0,-8.196721311475407,6.17,5.9825,6.133000000000001,3.976584426443682,3.9568271450841497,55.12338403144427,0.04484117530754528,0.041927123836463936,0.002914051471081338,1094969.9
252460,UPDCREIT,2025-05-06,6.0,6.0,1696336,2026-04-08T04:26:58.7221+00:00,-3.2258064516129115,0.0,0.0,5.35714285714286,6.16,5.98,6.105,3.402650673869148,3.971359057753706,48.82894695343086,0.03460731724484578,0.025354612619011556,0.009252704625834227,1105675.1
252580,UPDCREIT,2025-05-07,6.6,6.6,3055685,2026-04-08T04:27:01.170235+00:00,9.999999999999986,-3.2258064516129115,2.4793388429752206,4.237288135593209,6.24,6.0075,6.099,4.069758289177717,4.122999314584604,62.61927700394313,0.07405819976273254,0.051844396109518645,0.02221380365321389,1241367.85
252700,UPDCREIT,2025-05-08,6.6,6.6,1042027,2026-04-08T04:27:03.468055+00:00,0.0,9.999999999999986,0.0,-1.6260162601626105,6.32,6.0325,6.096,4.070618144964147,4.1111105068474645,62.619277003943125,0.10412304276378048,0.06552739128845327,0.03859565147532722,1272165.35
252820,UPDCREIT,2025-05-09,6.2,6.2,563325,2026-04-08T04:27:05.963213+00:00,-6.060606060606055,0.0,0.0,0.0,6.319999999999999,6.057499999999999,6.085,4.026740588167704,4.200626121148637,51.8214168884127,0.09458269989834811,0.04478963873841671,0.0497930611599314,1282473.5
252940,UPDCREIT,2025-05-12,6.3,6.3,724207,2026-04-08T04:27:10.449459+00:00,1.6129032258064502,-6.060606060606055,0.0,0.0,6.34,6.092499999999999,6.0760000000000005,3.997906891831548,4.207465277216511,53.95888748484737,0.09400741474852659,0.035371482870876145,0.05863593187765044,1260882.75
253060,UPDCREIT,2025-05-14,6.5,6.5,530455,2026-04-08T04:27:13.89162+00:00,3.1746031746031855,1.6129032258064502,-3.2258064516129115,0.0,6.4399999999999995,6.1375,6.071000000000001,4.03293110078947,4.23212980883481,57.97468479138609,0.10843979914968038,0.03984309381762395,0.06859670533205643,1284663.5
253180,UPDCREIT,2025-05-15,6.5,6.5,198345,2026-04-08T04:27:16.307455+00:00,0.0,3.1746031746031855,9.999999999999986,2.4793388429752206,6.42,6.1674999999999995,6.077000000000001,3.891495496270015,4.065057646206937,57.9746847913861,0.11851144163890659,0.039931789045480115,0.07857965259342647,1266711.5
253300,UPDCREIT,2025-05-16,6.45,6.45,3290725,2026-04-08T04:27:18.639316+00:00,-0.7692307692307665,0.0,0.0,0.0,6.39,6.194999999999999,6.081999999999999,3.901080892853245,4.067190632215006,56.54471337225196,0.12106316790096194,0.03398681224602837,0.08707635565493357,1426549.75
253420,UPDCREIT,2025-05-19,6.45,6.45,287335,2026-04-08T04:27:23.06518+00:00,0.0,-0.7692307692307665,-6.060606060606055,0.0,6.44,6.2125,6.085,3.8429764394379067,4.061826035467955,56.54471337225197,0.12168274639230514,0.027685112589897254,0.09399763380240789,1425691.1
253540,UPDCREIT,2025-05-20,6.45,6.45,287335,2026-04-08T04:27:25.663956+00:00,0.0,0.0,1.6129032258064502,0.0,6.470000000000001,6.255000000000001,6.088000000000001,3.2793745661437224,4.061826035467955,56.54471337225198,0.12078147317165033,0.021427071495393954,0.09935440167625638,1286503.55
253660,UPDCREIT,2025-05-21,6.45,6.45,735552,2026-04-08T04:27:28.280255+00:00,0.0,0.0,3.1746031746031855,-3.2258064516129115,6.459999999999999,6.282500000000001,6.091,3.097789214226842,4.061826035467955,56.54471337225197,0.11869892038428098,0.015475614966419665,0.10322330541786132,1250426.1
253780,UPDCREIT,2025-05-22,6.4,6.4,1980977,2026-04-08T04:27:30.733393+00:00,-0.7751937984496138,0.0,0.0,9.999999999999986,6.44,6.295,6.093,2.979254812247729,4.063803167961736,54.72900843496204,0.11172599246956949,0.006802149641366523,0.10492384282820297,1294000.35
253900,UPDCREIT,2025-05-23,6.45,6.45,1653878,2026-04-08T04:27:33.142895+00:00,0.78125,-0.7751937984496138,-0.7692307692307665,0.0,6.44,6.3149999999999995,6.104,2.948344839053478,3.956107277888214,56.2421983772257,0.10897824561366143,0.0032435222283667686,0.10573472338529466,1286110.65
254020,UPDCREIT,2025-05-26,5.85,5.85,1405090,2026-04-08T04:27:37.938794+00:00,-9.302325581395355,0.78125,0.0,-6.060606060606055,6.32,6.305,6.103,3.656877696059657,4.180702505999619,39.27648889903396,0.05772028730075718,-0.03841154886763,0.09613183616838718,1348560.15
254140,UPDCREIT,2025-05-27,6.0,6.0,2164317,2026-04-08T04:27:40.395447+00:00,2.564102564102577,-9.302325581395355,0.0,1.6129032258064502,6.2299999999999995,6.3025,6.105,3.7053507450099326,4.195539117977769,43.837691669424984,0.028868949166136915,-0.05381030960180021,0.08267925876793712,1149305.9
254260,UPDCREIT,2025-05-28,5.5,5.5,5580824,2026-04-08T04:27:42.906627+00:00,-8.333333333333337,2.564102564102577,0.0,3.1746031746031855,6.04,6.275,6.097,4.1500429731747825,4.36260664960453,34.527627561076706,-0.03395040634293789,-0.09330373208870002,0.059353325745762124,1411143.35
254380,UPDCREIT,2025-05-29,5.8,5.8,2981561,2026-04-08T04:27:45.903166+00:00,5.454545454545445,-8.333333333333337,-0.7751937984496138,0.0,5.92,6.255000000000001,6.088000000000001,4.308702608446581,4.3497516232386895,42.42807484624206,-0.05884932696864631,-0.09456212217152675,0.03571279520288044,1546332.75
254500,UPDCREIT,2025-05-30,5.95,5.95,660298,2026-04-08T04:27:48.4452+00:00,2.586206896551735,5.454545454545445,0.78125,-0.7692307692307665,5.819999999999999,6.2425,6.091,4.35496886221874,4.240536322023627,45.9406005117698,-0.06572056874698085,-0.08114669115988903,0.015426122412908184,1518724.15
254620,UPDCREIT,2025-06-02,6.25,6.25,2757814,2026-04-08T04:27:53.01382+00:00,5.042016806722693,2.586206896551735,-9.302325581395355,0.0,5.9,6.245,6.096,4.505296503713335,4.271787723816964,52.21937978509526,-0.046423444000696534,-0.049479653130883774,0.003056209130187242,1600821.85
254740,UPDCREIT,2025-06-03,6.1,6.1,1975706,2026-04-08T04:27:55.368454+00:00,-2.400000000000002,5.042016806722693,2.564102564102577,0.0,5.92,6.24,6.088000000000001,4.540971533260194,4.120273410251001,49.145795974576906,-0.04274138394020799,-0.036638074456316186,-0.006103309483891805,1678589.6
254860,UPDCREIT,2025-06-04,6.1,6.1,648604,2026-04-08T04:27:57.94541+00:00,0.0,-2.400000000000002,-8.333333333333337,0.0,6.04,6.244999999999999,6.0889999999999995,4.476542868155697,3.998888636354632,49.1457959745769,-0.03936949775104903,-0.026612950613725782,-0.01275654713732325,1626203.0
254980,UPDCREIT,2025-06-05,6.1,6.1,1335808,2026-04-08T04:28:00.320696+00:00,0.0,0.0,5.454545454545445,-0.7751937984496138,6.1,6.220000000000001,6.09,3.834224161813088,3.998888636354632,49.145795974576906,-0.03627905133217979,-0.01881800335588523,-0.01746104797629456,1540209.15
255100,UPDCREIT,2025-06-10,6.05,6.05,2018811,2026-04-08T04:28:07.114795+00:00,-0.8196721311475419,0.0,2.586206896551735,0.78125,6.119999999999999,6.192500000000001,6.09,3.8349902109344685,4.0009673689148535,47.97030677853168,-0.03743292890905181,-0.0159775047462058,-0.02145542416284601,1589048.35
255220,UPDCREIT,2025-06-11,6.05,6.05,574976,2026-04-08T04:28:09.38594+00:00,0.0,-0.8196721311475419,5.042016806722693,-9.302325581395355,6.08,6.1850000000000005,6.09,3.5928225448401636,4.0009673689148535,47.97030677853168,-0.0379103779631933,-0.013163963040277827,-0.02474641492291547,1589630.9
255340,UPDCREIT,2025-06-17,6.0,6.0,954098,2026-04-08T04:28:17.228975+00:00,-0.8264462809917328,0.0,-2.400000000000002,2.564102564102577,6.06,6.17,6.0889999999999995,3.5744288332328824,4.003007102199706,46.675541628228345,-0.04184102462426509,-0.013675687761079691,-0.028165336863185397,1601125.45
255460,UPDCREIT,2025-06-18,5.9,5.9,467998,2026-04-08T04:28:19.70912+00:00,-1.6666666666666607,-0.8264462809917328,0.0,-8.333333333333337,6.0200000000000005,6.140000000000001,6.086,3.4983292476910095,4.01047040078513,44.111165544196744,-0.0524209782803835,-0.01940451313375848,-0.03301646514662502,1598002.6
255580,UPDCREIT,2025-06-19,6.0,6.0,4126164,2026-04-08T04:28:22.276816+00:00,1.6949152542372836,-1.6666666666666607,0.0,5.454545454545445,6.0,6.115,6.085,3.5295120183582247,4.01737602414616,47.23320068404827,-0.05213551771716762,-0.01529524205643408,-0.03684027566073354,1794393.55
255700,UPDCREIT,2025-06-20,6.0,6.0,3927795,2026-04-08T04:28:24.65394+00:00,0.0,1.6949152542372836,-0.8196721311475419,2.586206896551735,5.99,6.0925,6.084,3.5287622786675534,4.01737602414616,47.23320068404827,-0.05131772932470913,-0.011581962931180467,-0.03973576639352866,1826247.05
255820,UPDCREIT,2025-06-23,6.3,6.3,746412,2026-04-08T04:28:29.225711+00:00,5.000000000000004,0.0,0.0,5.042016806722693,6.04,6.085,6.089000000000001,3.7229120009922183,4.077553256519967,55.81996282343187,-0.026160570563384944,0.010860156664114974,-0.03702072722749992,1849200.9
255940,UPDCREIT,2025-06-24,6.2,6.2,736856,2026-04-08T04:28:31.569579+00:00,-1.5873015873015817,5.000000000000004,-0.8264462809917328,-2.400000000000002,6.08,6.0725,6.103000000000001,3.7386750120005012,3.862423142432708,52.73915052183159,-0.014129627709772663,0.018312879614181807,-0.03244250732395447,1871676.95
256060,UPDCREIT,2025-06-25,6.25,6.25,4647414,2026-04-08T04:28:33.910697+00:00,0.8064516129032251,-1.5873015873015817,-1.6666666666666607,0.0,6.15,6.0625,6.107,3.7444883977882273,3.6019123555198758,54.10314713403656,-0.0005540499445801927,0.025510765903499422,-0.026064815848079615,2067270.05
256180,UPDCREIT,2025-06-26,6.3,6.3,3325805,2026-04-08T04:28:36.389223+00:00,0.8000000000000007,0.8064516129032251,1.6949152542372836,0.0,6.21,6.0575,6.112,3.745862978959546,3.60310308151828,55.48667060225188,0.014077004429227102,0.032113456221845374,-0.01803645179261827,2134511.45
256300,UPDCREIT,2025-06-27,6.3,6.3,947314,2026-04-08T04:28:38.797599+00:00,0.0,0.8000000000000007,0.0,-0.8196721311475419,6.27,6.05,6.115999999999999,3.741244633298746,3.6018098279004493,55.48667060225187,0.02537965951492449,0.03473288904603421,-0.00935322953110972,2099183.25
256420,UPDCREIT,2025-07-01,6.5,6.5,1260659,2026-04-08T04:28:44.517216+00:00,3.1746031746031855,0.0,5.000000000000004,0.0,6.3100000000000005,6.0825000000000005,6.132,3.1029237374704346,3.4944787197199134,60.94775608327826,0.04990020512890503,0.0474027477280118,0.00249745740089323,2091961.7
256540,UPDCREIT,2025-07-02,6.5,6.5,1224954,2026-04-08T04:28:47.139962+00:00,0.0,3.1746031746031855,-1.5873015873015817,-0.8264462809917328,6.37,6.1075,6.15,3.069178110572786,3.4819758231750497,60.94775608327825,0.06854279550875919,0.05283627048629277,0.015706525022466424,2044993.55
256660,UPDCREIT,2025-07-03,6.5,6.5,2221035,2026-04-08T04:28:49.506141+00:00,0.0,0.0,0.8064516129032251,-1.6666666666666607,6.42,6.157500000000001,6.167999999999999,2.2783049856740174,3.4819758231750497,60.94775608327826,0.08236769913390152,0.05332893928914807,0.02903875984475344,1877004.1
256780,UPDCREIT,2025-07-04,6.5,6.5,4352958,2026-04-08T04:28:51.76506+00:00,0.0,0.0,0.8000000000000007,1.6949152542372836,6.459999999999999,6.1925,6.18,2.01045870124079,3.4066301328126776,60.94775608327826,0.09226051309509398,0.05057740260027242,0.041683110494821554,1945573.95
256900,UPDCREIT,2025-07-07,7.15,7.15,1433167,2026-04-08T04:28:56.230166+00:00,10.000000000000009,0.0,0.0,0.0,6.63,6.2525,6.205,2.8892626660237406,3.674581644706892,74.5803920581168,0.15081174325733926,0.08730290621001416,0.0635088370473251,1984217.4
257020,UPDCREIT,2025-07-08,7.1,7.1,4108718,2026-04-08T04:28:58.705995+00:00,-0.6993006993007089,10.000000000000009,3.1746031746031855,5.000000000000004,6.75,6.295,6.225,2.744002979133838,3.6532892842096865,72.48425884892002,0.19097795784875782,0.10197529664114617,0.08900266120761165,2051762.6
257140,UPDCREIT,2025-07-09,7.2,7.2,1310037,2026-04-08T04:29:01.058721+00:00,1.4084507042253502,-0.6993006993007089,0.0,-1.5873015873015817,6.890000000000001,6.35,6.257000000000001,2.6500002294924947,3.4399603115175075,74.05485659903944,0.22824803528820237,0.11139629926447256,0.11685173602372981,2018479.15
257260,UPDCREIT,2025-07-10,7.2,7.2,1409417,2026-04-08T04:29:03.550316+00:00,0.0,1.4084507042253502,0.0,0.8064516129032251,7.029999999999999,6.404999999999999,6.283,2.6500002294924947,3.3702710337375876,74.05485659903943,0.2548471211990124,0.11039630814022608,0.14445081305878635,2056519.8
257380,UPDCREIT,2025-07-11,7.0,7.0,4320201,2026-04-08T04:29:06.089999+00:00,-2.777777777777779,0.0,0.0,0.8000000000000007,7.13,6.45,6.3,2.7678527511102438,3.355566386599203,65.39646205469,0.25682820422088337,0.08990191292967761,0.16692629129120576,2205739.45
257500,UPDCREIT,2025-07-14,7.3,7.3,2854311,2026-04-08T04:29:10.69196+00:00,4.285714285714293,-2.777777777777779,10.000000000000009,0.0,7.160000000000001,6.5125,6.325,2.852006584730948,3.3897837114053067,70.8937237922348,0.2793851415830808,0.08996708023350003,0.18941806134958078,2247514.45
257620,UPDCREIT,2025-07-16,7.35,7.35,2162591,2026-04-08T04:29:14.112969+00:00,0.6849315068493178,4.285714285714293,-0.6993006993007089,3.1746031746031855,7.209999999999999,6.577500000000001,6.351,2.8437117386026625,3.389384470029872,71.70065358304758,0.2978626834869891,0.08675569770992664,0.21110698577706244,2326895.2
257740,UPDCREIT,2025-07-17,7.4,7.4,3123154,2026-04-08T04:29:16.489777+00:00,0.6802721088435382,0.6849315068493178,1.4084507042253502,0.0,7.25,6.647499999999999,6.378000000000001,2.8121466471299175,3.3889224276737884,72.52106864613972,0.31293354756000014,0.08146124942635014,0.23147229813365,2435348.0
257860,UPDCREIT,2025-07-18,7.4,7.4,2801662,2026-04-08T04:29:18.854517+00:00,0.0,0.6802721088435382,0.0,0.0,7.289999999999999,6.722499999999999,6.405,2.7501625905516787,3.3889224276737884,72.52106864613972,0.3211750103230715,0.07176216975153718,0.24941284057153432,2552031.2
257980,UPDCREIT,2025-07-21,7.4,7.4,802115,2026-04-08T04:29:23.300994+00:00,0.0,0.0,-2.777777777777779,0.0,7.37,6.7924999999999995,6.428999999999999,2.759350087318609,3.3768859266511844,72.52106864613972,0.32397188274059996,0.05964723373525249,0.26432464900534747,2385828.75
258100,UPDCREIT,2025-07-22,7.4,7.4,499618,2026-04-08T04:29:25.922592+00:00,0.0,0.0,4.285714285714293,10.000000000000009,7.390000000000001,6.8625,6.453,2.759350087318609,3.3768859266511844,72.52106864613972,0.3224711772815043,0.0465172226209255,0.2759539546605788,2214419.9
258220,UPDCREIT,2025-07-23,7.4,7.4,286798,2026-04-08T04:29:29.05968+00:00,0.0,0.0,0.6849315068493178,-0.6993006993007089,7.4,6.917500000000001,6.476999999999999,2.608732973845011,3.3768859266511844,72.52106864613971,0.31762052568498866,0.03333325681952787,0.2842872688654608,2191439.2
258340,UPDCREIT,2025-07-24,8.05,8.05,3767110,2026-04-08T04:29:31.486978+00:00,8.783783783783793,0.0,0.6802721088435382,1.4084507042253502,7.530000000000001,7.01,6.513999999999999,3.087862910570282,3.577626223566098,82.22479596110534,0.36205240234657854,0.062212106784894194,0.29984029556168434,2342951.9
258460,UPDCREIT,2025-07-25,8.6,8.6,1735422,2026-04-08T04:29:33.980938+00:00,6.832298136645942,8.783783783783793,0.0,0.0,7.7700000000000005,7.1274999999999995,6.566,3.316775534129154,3.641141635151763,86.55217404073807,0.4366123922968663,0.10941767738814556,0.32719471490872076,2197352.3
258579,UPDCREIT,2025-07-28,9.45,9.45,3457167,2026-04-08T04:29:38.78621+00:00,9.883720930232553,6.832298136645942,0.0,-2.777777777777779,8.18,7.285000000000001,6.623000000000001,3.782284426154583,3.635169469344371,90.42983981120675,0.5578589668471272,0.18453140155072512,0.3733275652964021,2203920.4
258698,UPDCREIT,2025-07-29,9.45,9.45,3342252,2026-04-08T04:29:41.392621+00:00,0.0,9.883720930232553,0.0,4.285714285714293,8.59,7.4425,6.68,3.782284426154583,3.635169469344371,90.42983981120675,0.6464953546930907,0.2185342315173509,0.4279611231757398,2323667.3
258817,UPDCREIT,2025-07-30,9.35,9.35,2489473,2026-04-08T04:29:43.881641+00:00,-1.0582010582010581,0.0,0.0,0.6849315068493178,8.979999999999999,7.584999999999999,6.743,3.8377633216047133,3.5095973424961757,87.00672431488029,0.7005951416984111,0.218107214818137,0.4824879268802741,2385108.0
258936,UPDCREIT,2025-07-31,9.35,9.35,1396710,2026-04-08T04:29:46.315218+00:00,0.0,-1.0582010582010581,8.783783783783793,0.6802721088435382,9.239999999999998,7.727500000000001,6.803999999999999,3.8377633216047133,3.5101799694341875,87.00672431488029,0.7349970244894921,0.2020072780873744,0.5329897464021177,2393695.8
259055,UPDCREIT,2025-08-01,9.35,9.35,408683,2026-04-08T04:29:48.711654+00:00,0.0,0.0,6.832298136645942,0.0,9.389999999999999,7.87,6.861000000000001,3.8377633216047133,3.4960021202839933,87.00672431488029,0.7535740320951607,0.17646742855443442,0.5771066035407263,2303078.2
259173,UPDCREIT,2025-08-04,9.35,9.35,1141651,2026-04-08T04:29:53.303607+00:00,0.0,0.0,9.883720930232553,0.0,9.370000000000001,8.0125,6.917999999999999,3.8377633216047133,3.4960021202839933,87.00672431488029,0.7595409294261524,0.14594746070834086,0.6135934687178115,2142512.85
259292,UPDCREIT,2025-08-05,8.45,8.45,2259447,2026-04-08T04:29:55.780422+00:00,-9.625668449197866,0.0,0.0,0.0,9.169999999999998,8.077499999999999,6.958000000000001,4.154006933890669,3.788670656598104,59.665657131743494,0.6837652401051217,0.0561374171098481,0.6276278229952736,2183826.85
259411,UPDCREIT,2025-08-06,8.35,8.35,1155137,2026-04-08T04:29:58.241852+00:00,-1.1834319526627168,-9.625668449197866,-1.0582010582010581,0.0,8.97,8.14,6.996,4.1653342861574965,3.79625985458627,57.50344316864138,0.6086274181002675,-0.015200323916004899,0.6238277420162724,2036147.8
259530,UPDCREIT,2025-08-07,8.1,8.1,1228722,2026-04-08T04:30:00.56444+00:00,-2.9940119760479056,-1.1834319526627168,0.0,8.783783783783793,8.72,8.185,7.029,4.252232152408415,3.829196618201952,52.39178153470079,0.5228798092007327,-0.08075834625243172,0.6036381554531645,2032082.05
259649,UPDCREIT,2025-08-08,8.25,8.25,2604074,2026-04-08T04:30:02.234883+00:00,1.85185185185186,-2.9940119760479056,0.0,6.832298136645942,8.5,8.2375,7.065,4.256906593565623,3.8329366663573223,54.97779590656449,0.4617057018384134,-0.11354596289180086,0.5752516647302143,2091814.9
259768,UPDCREIT,2025-08-11,8.4,8.4,1461496,2026-04-08T04:30:07.037349+00:00,1.81818181818183,1.85185185185186,0.0,9.883720930232553,8.309999999999999,8.3075,7.105,4.178745850127423,3.8319733470871107,57.465912932676474,0.4204814786703466,-0.12381614884789416,0.5442976275182407,1948879.65
259887,UPDCREIT,2025-08-12,8.6,8.6,1191402,2026-04-08T04:30:09.28323+00:00,2.3809523809523725,1.81818181818183,-9.625668449197866,0.0,8.34,8.3725,7.148000000000001,4.121180211695419,3.840040789004846,60.593005811486066,0.3993459023572399,-0.11596138012880064,0.5153072824860405,1865734.2
260006,UPDCREIT,2025-08-13,8.55,8.55,1284665,2026-04-08T04:30:11.815521+00:00,-0.5813953488371992,2.3809523809523725,-1.1834319526627168,-1.0582010582010581,8.379999999999999,8.4325,7.202000000000001,4.134409033723578,3.567170484152355,59.41692137618173,0.3742471357032997,-0.11284811742619266,0.48709525312949237,1821837.9
260125,UPDCREIT,2025-08-14,8.0,8.0,1343168,2026-04-08T04:30:14.350221+00:00,-6.432748538011701,-0.5813953488371992,-2.9940119760479056,0.0,8.36,8.4625,7.242000000000001,4.443225139588522,3.7019489113537154,48.30923655308583,0.3064432913367856,-0.14452156943416544,0.45096486077095105,1732838.6
260244,UPDCREIT,2025-08-15,8.0,8.0,447491,2026-04-08T04:30:16.786076+00:00,0.0,-6.432748538011701,1.85185185185186,0.0,8.309999999999999,8.4925,7.292000000000001,4.443225139588522,3.469858201739954,48.30923655308583,0.249828390008755,-0.16090917660975684,0.41073756661851185,1615130.05
260363,UPDCREIT,2025-08-18,7.95,7.95,944117,2026-04-08T04:30:21.560319+00:00,-0.6249999999999978,0.0,1.81818181818183,0.0,8.22,8.52,7.335,4.449000746199707,3.4097939483210795,47.37545882031389,0.19863633466618147,-0.16968098556186434,0.3683173202280458,1622230.15
260482,UPDCREIT,2025-08-19,7.95,7.95,1329381,2026-04-08T04:30:23.869462+00:00,0.0,-0.6249999999999978,2.3809523809523725,-9.625668449197866,8.09,8.5475,7.375,4.449000746199707,3.400024695335273,47.37545882031389,0.156264937065405,-0.16964190653011268,0.3259068435955177,1663718.3
260601,UPDCREIT,2025-08-20,7.9,7.9,2355450,2026-04-08T04:30:26.318672+00:00,-0.6289308176100628,0.0,-0.5813953488371992,-1.1834319526627168,7.960000000000001,8.5725,7.4079999999999995,4.454586782612187,3.344210842294386,46.336716182795335,0.1172985721409745,-0.16688661716363457,0.28418518930460906,1767150.9
260720,UPDCREIT,2025-08-21,7.9,7.9,1823748,2026-04-08T04:30:28.670378+00:00,0.0,-0.6289308176100628,-6.432748538011701,-2.9940119760479056,7.94,8.565000000000001,7.444,3.996104027533741,3.3185167654276064,46.336716182795335,0.08543263298774839,-0.15900204505348853,0.24443467804123692,1669982.8
260839,UPDCREIT,2025-08-22,7.9,7.9,2263175,2026-04-08T04:30:30.96965+00:00,0.0,0.0,0.0,1.85185185185186,7.92,8.530000000000001,7.48,3.657337232224262,3.3185167654276064,46.336716182795335,0.059492850084364335,-0.14795346236549808,0.20744631244986242,1696370.45
260958,UPDCREIT,2025-08-25,7.9,7.9,2924226,2026-04-08T04:30:35.521871+00:00,0.0,0.0,-0.6249999999999978,1.81818181818183,7.909999999999999,8.452499999999999,7.516,2.7574095251646704,3.3185167654276064,46.33671618279533,0.038491677153400516,-0.13516370823716953,0.17365538539057004,1669723.4
261077,UPDCREIT,2025-08-26,7.9,7.9,1969388,2026-04-08T04:30:37.91594+00:00,0.0,0.0,0.0,2.3809523809523725,7.9,8.375,7.553,2.7574095251646704,3.3135245053381266,46.33671618279533,0.021599115145912506,-0.12164501619572601,0.14324413134163852,1601080.2
261196,UPDCREIT,2025-08-27,7.9,7.9,2824835,2026-04-08T04:30:40.231113+00:00,0.0,0.0,-0.6289308176100628,-0.5813953488371992,7.9,8.3025,7.59,2.76342938986582,3.3135245053381266,46.33671618279532,0.008118058129834793,-0.10810085856944299,0.11621891669927778,1617848.3
261315,UPDCREIT,2025-08-28,7.8,7.8,1068170,2026-04-08T04:30:42.59826+00:00,-1.2658227848101333,0.0,0.0,-6.432748538011701,7.88,8.225,7.626,2.758609644757668,3.317931843179179,43.36996133686824,-0.010513745038087663,-0.10138612938989236,0.0908723843518047,1601421.3
261434,UPDCREIT,2025-08-29,7.85,7.85,1488055,2026-04-08T04:30:45.09102+00:00,0.6410256410256387,-1.2658227848101333,0.0,0.0,7.87,8.15,7.665,2.772867249649872,3.302065904182778,45.25724737314908,-0.021002892875769952,-0.08950022178205973,0.06849732890628978,1655389.9
261553,UPDCREIT,2025-09-01,7.65,7.65,1980947,2026-04-08T04:30:49.608802+00:00,-2.547770700636931,0.6410256410256387,0.0,-0.6249999999999978,7.82,8.065000000000001,7.6979999999999995,2.791084280903491,3.3284274970846566,39.57572841393766,-0.04493595294374497,-0.09074662548002779,0.04581067253628283,1697354.7
261672,UPDCREIT,2025-09-02,7.65,7.65,752208,2026-04-08T04:30:52.312491+00:00,0.0,-2.547770700636931,0.0,0.0,7.7700000000000005,8.025,7.731,1.90844429661692,3.3284274970846566,39.575728413937654,-0.06317483529963663,-0.08718840626873557,0.024013570969098934,1621992.75
261791,UPDCREIT,2025-09-03,7.65,7.65,412851,2026-04-08T04:30:55.837007+00:00,0.0,0.0,0.0,-0.6289308176100628,7.720000000000001,7.989999999999999,7.757999999999999,1.9037732273249914,3.2662405082008514,39.575728413937654,-0.07674461680012623,-0.08060655021538013,0.003861933415253902,1584878.45
261910,UPDCREIT,2025-09-04,7.65,7.65,489619,2026-04-08T04:30:58.198935+00:00,0.0,0.0,-1.2658227848101333,0.0,7.69,7.967499999999999,7.786999999999999,1.8058452577463477,3.253819432657332,39.57572841393765,-0.08650162946518059,-0.07229085030434759,-0.014210779160832998,1547923.3
262029,UPDCREIT,2025-09-08,7.5,7.5,775981,2026-04-08T04:31:03.728068+00:00,-1.9607843137254943,0.0,0.6410256410256387,0.0,7.62,7.93,7.811999999999999,1.7710254982320683,3.271504933033603,35.12716830761733,-0.10512605101796968,-0.07273221748570935,-0.03239383353226034,1456518.65
262148,UPDCREIT,2025-09-09,7.6,7.6,1330931,2026-04-08T04:31:06.294869+00:00,1.3333333333333197,-1.9607843137254943,-2.547770700636931,0.0,7.609999999999999,7.889999999999999,7.837999999999999,1.741266356752749,3.273648275682867,39.9715783379925,-0.11054260863319865,-0.06251902008075065,-0.048023588552447996,1449990.4
262267,UPDCREIT,2025-09-10,7.6,7.6,712845,2026-04-08T04:31:08.610575+00:00,0.0,1.3333333333333197,0.0,0.0,7.6,7.839999999999999,7.864000000000001,1.6116242027592516,3.273648275682867,39.97157833799249,-0.11352660552680227,-0.052402413579483414,-0.06112419194731886,1426062.55
262386,UPDCREIT,2025-09-11,7.35,7.35,1333796,2026-04-08T04:31:10.974873+00:00,-3.289473684210531,0.0,0.0,0.0,7.539999999999999,7.780000000000001,7.881,1.719808997011287,3.29054414330105,32.85745572301573,-0.13451376428359385,-0.058711657869019995,-0.07580210641457386,1428519.1
262505,UPDCREIT,2025-09-12,7.35,7.35,439583,2026-04-08T04:31:13.547359+00:00,0.0,-3.289473684210531,0.0,-1.2658227848101333,7.4799999999999995,7.7475000000000005,7.898000000000001,1.0822245630579443,3.29054414330105,32.85745572301573,-0.14942377454280642,-0.05889733450258605,-0.09052644004022037,1383339.85
262624,UPDCREIT,2025-09-15,7.5,7.5,575475,2026-04-08T04:31:18.268622+00:00,2.0408163265306145,0.0,-1.9607843137254943,0.6410256410256387,7.4799999999999995,7.722500000000001,7.918000000000001,1.2120538085578147,3.2994139994934035,40.256586429708015,-0.14743675950893742,-0.04552825557497364,-0.10190850393396378,1389739.05
262743,UPDCREIT,2025-09-16,7.55,7.55,1826148,2026-04-08T04:31:20.741189+00:00,0.6666666666666599,2.0408163265306145,1.3333333333333197,-2.547770700636931,7.469999999999999,7.702499999999999,7.939000000000001,1.2289683372440456,3.2993627278693842,42.530045737119266,-0.14021118636834018,-0.030642145947501115,-0.10956904042083906,1433840.6
262862,UPDCREIT,2025-09-17,7.5,7.5,1957895,2026-04-08T04:31:23.24235+00:00,-0.6622516556291314,0.6666666666666599,0.0,0.0,7.45,7.68,7.946000000000001,1.2307827707008274,2.9934769327444037,40.85573944111727,-0.13694088050185105,-0.021897472064809576,-0.11504340843704147,1465266.3
262981,UPDCREIT,2025-09-18,7.5,7.5,311250,2026-04-08T04:31:25.598019+00:00,0.0,-0.6622516556291314,-3.289473684210531,0.0,7.4799999999999995,7.659999999999999,7.954000000000001,1.2295307448914612,2.9911121129399203,40.85573944111727,-0.13281809521611976,-0.014219749423262623,-0.11859834579285713,1363056.3
263100,UPDCREIT,2025-09-19,7.5,7.5,405603,2026-04-08T04:31:28.111008+00:00,0.0,0.0,0.0,0.0,7.51,7.639999999999999,7.96,1.2295307448914612,2.9856763553730836,40.855739441117265,-0.12807439625759898,-0.0075808403717934625,-0.12049355588580551,1292149.05
263219,UPDCREIT,2025-09-22,7.0,7.0,1173891,2026-04-08T04:31:32.624882+00:00,-6.666666666666665,0.0,2.0408163265306145,-1.9607843137254943,7.409999999999999,7.594999999999999,7.956,1.8859948183397761,3.1364258823721567,27.388858034116407,-0.16278432560624978,-0.03383261577635541,-0.12895170982989437,1237684.85
263338,UPDCREIT,2025-09-23,7.0,7.0,839074,2026-04-08T04:31:35.170326+00:00,0.0,-6.666666666666665,0.6666666666666599,1.3333333333333197,7.3,7.55,7.956,1.8859948183397761,3.110866712065947,27.38885803411641,-0.18812362266737193,-0.04733753026998205,-0.14078609239738987,1133427.25
263457,UPDCREIT,2025-09-24,7.35,7.35,831291,2026-04-08T04:31:37.673105+00:00,5.000000000000004,0.0,-0.6622516556291314,0.0,7.2700000000000005,7.522500000000001,7.956999999999999,2.2616716751849792,3.132294177749098,42.717490271030634,-0.17791226141705696,-0.029700935215733665,-0.1482113262013233,1076522.4
263576,UPDCREIT,2025-09-25,7.35,7.35,782761,2026-04-08T04:31:40.100841+00:00,0.0,5.000000000000004,0.0,-3.289473684210531,7.24,7.495,7.957000000000001,2.2616716751849792,3.131009569531115,42.71749027103064,-0.16788441700251333,-0.015738472640952017,-0.1521459443615613,974418.7
263695,UPDCREIT,2025-09-26,7.15,7.15,1113002,2026-04-08T04:31:42.548783+00:00,-2.7210884353741416,0.0,0.0,0.0,7.17,7.4625,7.951999999999999,2.3159347701092656,3.1538549906268574,37.47462442871057,-0.17406904696829706,-0.017538482085388607,-0.15653056488290845,976660.3
263814,UPDCREIT,2025-09-29,7.35,7.35,1172653,2026-04-08T04:31:47.029675+00:00,2.7972027972027913,-2.7210884353741416,-6.666666666666665,2.0408163265306145,7.24,7.4375,7.9510000000000005,2.4154031366009097,3.178929983865478,44.77408280494639,-0.16097644597888738,-0.003556704876783112,-0.15741974110210427,960890.2
263933,UPDCREIT,2025-09-30,7.2,7.2,1330274,2026-04-08T04:31:49.320364+00:00,-2.0408163265306034,2.7972027972027913,0.0,0.6666666666666599,7.279999999999999,7.414999999999999,7.947,2.393136017196825,3.1924709666960815,40.91598457971635,-0.16085003271392218,-0.002744233289454334,-0.15810579942446784,928356.55
264052,UPDCREIT,2025-10-02,7.0,7.0,2441498,2026-04-08T04:31:52.706523+00:00,-2.777777777777779,-2.0408163265306034,5.000000000000004,-0.6622516556291314,7.209999999999999,7.3825,7.939,2.4561043022928826,3.216460069356353,36.410914149696524,-0.1748723581306697,-0.01341324696496149,-0.1614591111657082,1012821.05
264171,UPDCREIT,2025-10-03,7.2,7.2,1889266,2026-04-08T04:31:55.311341+00:00,2.857142857142869,-2.777777777777779,0.0,0.0,7.18,7.360000000000001,7.935,2.5622520396820776,3.2428309268151088,43.15170296783037,-0.16791124718218864,-0.00516170881318434,-0.1627495383690043,1086641.8
264290,UPDCREIT,2025-10-06,7.5,7.5,1397937,2026-04-08T04:31:59.803196+00:00,4.166666666666674,2.857142857142869,-2.7210884353741416,0.0,7.25,7.352500000000001,7.9239999999999995,2.7481142245987633,3.047345020489308,51.4631341206712,-0.13661224290993434,0.020909836367255963,-0.1575220792771903,1132057.7
264409,UPDCREIT,2025-10-07,7.3,7.3,3807258,2026-04-08T04:32:02.285104+00:00,-2.6666666666666727,4.166666666666674,2.7972027972027913,-6.666666666666665,7.24,7.342499999999999,7.898,2.778141133396725,2.8991016352116663,46.57437323554861,-0.1264878122930977,0.024827413587274083,-0.15131522588037177,1283621.55
264528,UPDCREIT,2025-10-08,7.1,7.1,4012481,2026-04-08T04:32:04.646463+00:00,-2.73972602739726,-2.6666666666666727,-2.0408163265306034,0.0,7.220000000000001,7.3175,7.851,2.816704114873121,2.520324790361636,42.25188936016766,-0.13306852548739379,0.014597360314382385,-0.14766588580177617,1417699.05
264647,UPDCREIT,2025-10-09,7.05,7.05,2780089,2026-04-08T04:32:07.004133+00:00,-0.7042253521126751,-2.73972602739726,-2.777777777777779,5.000000000000004,7.2299999999999995,7.290000000000001,7.803,2.8171344864283503,2.5192227428044216,41.22188537266205,-0.14069650846882276,0.005575501866362742,-0.1462720103351855,1521061.25
264766,UPDCREIT,2025-10-10,7.15,7.15,1490152,2026-04-08T04:32:10.69692+00:00,1.4184397163120588,-0.7042253521126751,2.857142857142869,0.0,7.219999999999999,7.279999999999999,7.7589999999999995,2.7534191736152627,2.5333821902102835,44.15411917788098,-0.13709226142043995,0.007343799131796447,-0.1444360605522364,1528879.05
264885,UPDCREIT,2025-10-13,7.45,7.45,3652001,2026-04-08T04:32:15.267586+00:00,4.195804195804187,1.4184397163120588,4.166666666666674,-2.7210884353741416,7.209999999999999,7.284999999999999,7.721,2.9165793455252595,2.618441469490583,51.9055802811715,-0.10877449223529112,0.02852925465355624,-0.13730374688884736,1689499.95
265004,UPDCREIT,2025-10-14,7.45,7.45,3022999,2026-04-08T04:32:17.792097+00:00,0.0,4.195804195804187,-2.6666666666666727,2.7972027972027913,7.24,7.282500000000001,7.683,2.880886407928819,2.618441469490583,51.9055802811715,-0.08534861048356301,0.04156410912422748,-0.1269127196077905,1811876.15
265123,UPDCREIT,2025-10-15,7.3,7.3,2318756,2026-04-08T04:32:20.093513+00:00,-2.0134228187919545,0.0,-2.73972602739726,-2.0408163265306034,7.279999999999999,7.2700000000000005,7.642,2.9107223936087863,2.627334354169093,48.03901050947205,-0.07798817765262456,0.03913963356413276,-0.11712781121675732,1836506.55
265242,UPDCREIT,2025-10-16,7.3,7.3,1600782,2026-04-08T04:32:22.728593+00:00,0.0,-2.0134228187919545,-0.7042253521126751,-2.777777777777779,7.330000000000001,7.260000000000001,7.619,2.908088985100924,2.2703721713888796,48.03901050947206,-0.07133270261240021,0.036636086883485686,-0.1079687894958859,1818650.9
265361,UPDCREIT,2025-10-17,7.3,7.3,1434120,2026-04-08T04:32:25.167177+00:00,0.0,0.0,1.4184397163120588,2.857142857142869,7.359999999999999,7.25,7.598000000000001,2.908088985100924,2.2667857782645893,48.03901050947205,-0.06530539079897757,0.03413071895752667,-0.09943610975650424,1874794.4
265480,UPDCREIT,2025-10-20,7.3,7.3,2338159,2026-04-08T04:32:29.532096+00:00,0.0,0.0,4.195804195804187,4.166666666666674,7.33,7.24,7.581999999999999,2.908088985100924,2.2319083523626326,48.03901050947206,-0.05983891697593613,0.0316777542244545,-0.09151667120039063,1971422.2
265599,UPDCREIT,2025-10-21,7.35,7.35,830162,2026-04-08T04:32:31.920152+00:00,0.6849315068493178,0.0,0.0,-2.6666666666666727,7.31,7.2575,7.564,2.4644660203717175,2.2162409621671313,49.718351120447785,-0.050885538146193454,0.03250490644335774,-0.0833904445895512,1954235.75
265718,UPDCREIT,2025-10-22,7.95,7.95,1988828,2026-04-08T04:32:34.332447+00:00,8.163265306122458,0.6849315068493178,-2.0134228187919545,-2.73972602739726,7.44,7.3050000000000015,7.555,3.0283829398814746,2.498254509731253,64.53204716894813,0.004572357383048953,0.07037024157808011,-0.06579788419503116,2011723.45
265837,UPDCREIT,2025-10-23,7.35,7.35,3850693,2026-04-08T04:32:36.79914+00:00,-7.547169811320764,8.163265306122458,0.0,-0.7042253521126751,7.45,7.305,7.53,3.3672420863019408,2.686178150670023,48.98897252596642,0.0001069210326480885,0.052723844182143396,-0.05261692314949531,2162693.55
265956,UPDCREIT,2025-10-24,7.35,7.35,1132218,2026-04-08T04:32:39.249323+00:00,0.0,-7.547169811320764,0.0,1.4184397163120588,7.459999999999999,7.305,7.505999999999999,3.3672420863019408,2.6860969502520216,48.98897252596642,-0.0033928586838500863,0.03937925157251618,-0.042772110256366264,2180166.4
266075,UPDCREIT,2025-10-28,7.4,7.4,1638811,2026-04-08T04:32:44.921336+00:00,0.6802721088435382,0.0,0.0,4.195804195804187,7.4799999999999995,7.3175,7.494,3.3050458632863826,2.5370825004747424,50.14940521737599,-0.002107582294395449,0.03253162236957666,-0.034639204663972106,2206456.85
266194,UPDCREIT,2025-10-29,7.45,7.45,786714,2026-04-08T04:32:47.450266+00:00,0.6756756756756799,0.6802721088435382,0.6849315068493178,0.0,7.5,7.3225,7.483,3.251716466690096,2.53955601365003,51.341469180273755,0.0029120226522652004,0.030040981852989847,-0.027128959200724646,2187159.9
266313,UPDCREIT,2025-10-30,7.3,7.3,3157428,2026-04-08T04:32:49.91761+00:00,-2.0134228187919545,0.6756756756756799,8.163265306122458,-2.0134228187919545,7.37,7.327500000000001,7.47,3.250765077827504,2.552849999273967,47.65946469745987,-0.00515423583855501,0.01757977868973571,-0.02273401452829072,2278517.6
266432,UPDCREIT,2025-10-31,7.05,7.05,1734191,2026-04-08T04:32:52.375955+00:00,-3.424657534246578,-2.0134228187919545,-7.547169811320764,0.0,7.31,7.33,7.452000000000001,3.284150526988319,2.59465788435058,42.2243088314174,-0.03135823624203393,-0.00689937737099457,-0.024458858871039362,2243152.25
266551,UPDCREIT,2025-11-03,7.05,7.05,480952,2026-04-08T04:32:57.290654+00:00,0.0,-3.424657534246578,0.0,0.0,7.25,7.3225,7.435,3.218784804287165,2.5940950421806392,42.224308831417396,-0.05153107717077621,-0.021657774639789476,-0.02987330253098673,2172736.55
266670,UPDCREIT,2025-11-04,7.05,7.05,673607,2026-04-08T04:32:59.739678+00:00,0.0,0.0,0.6802721088435382,0.0,7.18,7.3,7.417999999999999,3.0621057291879135,2.5940950421806392,42.224308831417396,-0.06674876077966818,-0.029500366598945157,-0.037248394180723024,2136520.05
266789,UPDCREIT,2025-11-05,6.85,6.85,1098928,2026-04-08T04:33:02.152799+00:00,-2.8368794326241176,0.0,0.6756756756756799,0.6849315068493178,7.06,7.277500000000001,7.397,3.0693613745791004,2.6206441683411774,37.90509710486469,-0.09386519368373225,-0.04529343960240738,-0.04857175408132487,2001103.55
266908,UPDCREIT,2025-11-06,6.85,6.85,1057201,2026-04-08T04:33:04.646202+00:00,0.0,-2.8368794326241176,-2.0134228187919545,8.163265306122458,6.969999999999999,7.265000000000001,7.3759999999999994,3.014119388160583,2.6206441683411774,37.90509710486469,-0.11404057338140383,-0.052375055440063156,-0.061665517941340675,1853339.55
267027,UPDCREIT,2025-11-07,6.8,6.8,2353585,2026-04-08T04:33:07.145499+00:00,-0.7299270072992692,0.0,-3.424657534246578,-7.547169811320764,6.92,7.2524999999999995,7.354,3.0143798408668374,2.6212495685511583,36.81326549728075,-0.13253649111170152,-0.05669677853628867,-0.07583971257541285,1832014.35
267146,UPDCREIT,2025-11-10,6.8,6.8,1833736,2026-04-08T04:33:11.744122+00:00,0.0,-0.7299270072992692,0.0,0.0,6.87,7.234999999999999,7.332000000000001,2.9924554483744528,2.6212495685511583,36.81326549728076,-0.14551720738345342,-0.055741995846432454,-0.08977521153702096,1849193.55
267265,UPDCREIT,2025-11-11,6.8,6.8,1099497,2026-04-08T04:33:14.17228+00:00,0.0,0.0,0.0,0.6802721088435382,6.82,7.202500000000001,7.312,2.8088976674525825,2.617503629612374,36.81326549728075,-0.15402896848088332,-0.05140300555508988,-0.10262596292579344,1721568.35
267384,UPDCREIT,2025-11-12,6.8,6.8,2774775,2026-04-08T04:33:16.719178+00:00,0.0,0.0,-2.8368794326241176,0.6756756756756799,6.81,7.169999999999999,7.2909999999999995,2.8088976674525825,2.614666490479317,36.81326549728075,-0.15894241129532727,-0.04505315869562705,-0.11388925259970022,1709157.15
267503,UPDCREIT,2025-11-13,6.8,6.8,2960578,2026-04-08T04:33:19.052814+00:00,0.0,0.0,0.0,-2.0134228187919545,6.8,7.1450000000000005,7.274,2.784686897565022,2.593780042668222,36.81326549728076,-0.16098066522350596,-0.03767313009904458,-0.12330753512446138,1741248.25
267622,UPDCREIT,2025-11-14,6.75,6.75,2970530,2026-04-08T04:33:21.762061+00:00,-0.7352941176470562,0.0,-0.7299270072992692,-3.424657534246578,6.789999999999999,7.1175,7.255999999999999,2.785129757570754,2.594693967796757,35.33880440127297,-0.16473165430998726,-0.033139295348420694,-0.13159235896156657,1809735.65
267741,UPDCREIT,2025-11-17,6.75,6.75,476030,2026-04-08T04:33:26.271116+00:00,0.0,-0.7352941176470562,0.0,0.0,6.779999999999999,7.090000000000001,7.2379999999999995,2.785129757570754,2.594693967796757,35.338804401272974,-0.16579317961352746,-0.027360656521568716,-0.13843252309195875,1761831.15
267860,UPDCREIT,2025-11-18,6.8,6.8,1670834,2026-04-08T04:33:29.067053+00:00,0.7407407407407307,0.0,0.0,0.0,6.779999999999999,7.0649999999999995,7.221,2.794995071095395,2.5980707438619506,38.20907623822356,-0.16074687402953725,-0.017851480750062793,-0.14289539327947445,1728464.9
267979,UPDCREIT,2025-11-19,6.8,6.8,1334125,2026-04-08T04:33:31.487527+00:00,0.0,0.7407407407407307,0.0,-2.8368794326241176,6.779999999999999,7.0375,7.207000000000001,2.786253363783809,2.5857534526556836,38.20907623822356,-0.15496134260014838,-0.00965275945653915,-0.14530858314360923,1753663.05
268098,UPDCREIT,2025-11-20,6.8,6.8,4174371,2026-04-08T04:33:33.887172+00:00,0.0,0.0,0.0,0.0,6.779999999999999,6.9799999999999995,7.191,1.9438628435044882,2.5768672823003445,38.20907623822356,-0.14866257760447166,-0.002683195568689928,-0.14597938203578173,1862940.2
268217,UPDCREIT,2025-11-21,6.7,6.7,506634,2026-04-08T04:33:36.654129+00:00,-1.4705882352941124,0.0,-0.7352941176470562,-0.7299270072992692,6.7700000000000005,6.9475,7.172999999999999,1.1327841237725376,2.583043712901166,34.39524278149919,-0.1500106953132212,-0.0032250506219515807,-0.14678564469126962,1695737.25
268336,UPDCREIT,2025-11-24,6.7,6.7,2333463,2026-04-08T04:33:41.368891+00:00,0.0,-1.4705882352941124,0.0,0.0,6.76,6.914999999999999,7.16,1.1327841237725376,2.54485349258897,34.39524278149919,-0.1493573892979878,-0.0020573956853745523,-0.14729999361261326,1755799.5
268455,UPDCREIT,2025-11-25,6.45,6.45,3309933,2026-04-08T04:33:44.004166+00:00,-3.731343283582089,0.0,0.7407407407407307,0.0,6.69,6.8675,7.1419999999999995,1.3148354060348921,2.594493482438332,26.675302860821745,-0.16708648128835524,-0.015829190140593585,-0.15125729114776165,1839355.6
268574,UPDCREIT,2025-11-26,6.65,6.65,542121,2026-04-08T04:33:46.260048+00:00,3.100775193798455,-3.731343283582089,0.0,0.0,6.660000000000001,6.827500000000001,7.125,1.538820129750623,2.6176361431008193,38.55663653935295,-0.16311826012652464,-0.00948877518301039,-0.15362948494351425,1827125.95
268693,UPDCREIT,2025-11-27,6.6,6.6,2693559,2026-04-08T04:33:48.488035+00:00,-0.7518796992481258,3.100775193798455,0.0,0.0,6.62,6.7924999999999995,7.105999999999999,1.5012914727814184,2.6156638577456124,36.94489981990526,-0.1621389613800588,-0.006807581149235631,-0.15533138023082316,1803932.5
268812,UPDCREIT,2025-11-28,6.6,6.6,3252415,2026-04-08T04:33:50.826192+00:00,0.0,-0.7518796992481258,-1.4705882352941124,-0.7352941176470562,6.6,6.7700000000000005,7.087999999999999,1.3353196202773425,2.6151331935135076,36.94489981990526,-0.1595239670757902,-0.0033540694759736367,-0.15616989759981656,1879843.7
268931,UPDCREIT,2025-12-01,6.6,6.6,2912286,2026-04-08T04:33:55.236541+00:00,0.0,0.0,0.0,0.0,6.58,6.7475,7.0699999999999985,1.3353196202773425,2.6151331935135076,36.94489981990526,-0.1556572454177365,0.0004101217456640438,-0.15606736716340056,2001410.4
269050,UPDCREIT,2025-12-02,6.8,6.8,3847060,2026-04-08T04:33:57.748335+00:00,3.0303030303030276,0.0,-3.731343283582089,0.7407407407407307,6.65,6.734999999999999,7.055999999999999,1.5311819862591725,2.6551857635967258,47.83824354319667,-0.1348994749401422,0.016934313778606686,-0.1518337887187489,2160083.05
269169,UPDCREIT,2025-12-03,6.7,6.7,3754914,2026-04-08T04:34:00.349419+00:00,-1.4705882352941124,3.0303030303030276,3.100775193798455,0.0,6.659999999999999,6.727500000000001,7.049999999999999,1.4332447564958353,2.4920446729553127,43.76686816518443,-0.12507615647547254,0.021406105794621072,-0.14648226227009362,2292882.35
269288,UPDCREIT,2025-12-04,6.7,6.7,6102011,2026-04-08T04:34:03.142475+00:00,0.0,-1.4705882352941124,-0.7518796992481258,0.0,6.68,6.720000000000001,7.044,1.4332447564958353,2.4920446729553127,43.766868165184434,-0.11595445504046875,0.024422245783699892,-0.14037670082416864,2545122.85
269407,UPDCREIT,2025-12-05,6.8,6.8,9411869,2026-04-08T04:34:05.808951+00:00,1.4925373134328401,0.0,0.0,-1.4705882352941124,6.720000000000001,6.720000000000001,7.0329999999999995,1.467650756729205,2.394226973193993,48.81867580328746,-0.09950919659377977,0.03269400338431111,-0.13220319997809088,2898037.05
269526,UPDCREIT,2025-12-08,7.0,7.0,9282303,2026-04-08T04:34:10.334331+00:00,2.941176470588247,1.4925373134328401,0.0,0.0,6.8,6.7299999999999995,7.025999999999999,1.607282346671713,2.4332347643864307,57.11642326920537,-0.06953631095499091,0.050133511218479976,-0.11966982217347089,3270465.4
269645,UPDCREIT,2025-12-09,7.0,7.0,4333505,2026-04-08T04:34:12.926221+00:00,0.0,2.941176470588247,3.0303030303030276,-3.731343283582089,6.840000000000001,6.74,7.023,1.607282346671713,2.402940048266664,57.11642326920537,-0.04526084430403099,0.05952718229555193,-0.10478802659958292,3432165.8
269764,UPDCREIT,2025-12-10,7.0,7.0,2131380,2026-04-08T04:34:15.295879+00:00,0.0,0.0,-1.4705882352941124,3.100775193798455,6.9,6.75,7.015999999999999,1.607282346671713,2.368465073211321,57.11642326920538,-0.025725810952947903,0.06324977251730801,-0.08897558347025591,3399996.05
269883,UPDCREIT,2025-12-11,6.85,6.85,3842810,2026-04-08T04:34:17.804745+00:00,-2.1428571428571463,0.0,0.0,-0.7518796992481258,6.93,6.7525,7.0089999999999995,1.6877285824090633,2.370241086862139,49.58594434435572,-0.02209322572400385,0.053505886197001654,-0.0755991119210055,3444107.65
270002,UPDCREIT,2025-12-12,7.0,7.0,940564,2026-04-08T04:34:20.615101+00:00,2.1897810218978186,-2.1428571428571463,1.4925373134328401,0.0,6.970000000000001,6.765000000000001,7.0089999999999995,1.7419503295832162,2.3586000371839857,55.85406056782546,-0.007029596547777572,0.054855612298582344,-0.06188520884635992,3342609.35
270121,UPDCREIT,2025-12-15,6.9,6.9,5044631,2026-04-08T04:34:25.240467+00:00,-1.4285714285714235,2.1897810218978186,2.941176470588247,0.0,6.95,6.772500000000001,7.002999999999999,1.7793161696369257,2.33137370718778,51.2768570197046,-0.0031247064917847567,0.047008401883660136,-0.05013310837544489,3571039.4
270240,UPDCREIT,2025-12-16,6.9,6.9,2674682,2026-04-08T04:34:27.867795+00:00,0.0,-1.4285714285714235,0.0,3.0303030303030276,6.93,6.777500000000001,6.9910000000000005,1.7735241455799116,2.2503229835678256,51.27685701970459,-2.971050498956629e-05,0.04008271829636426,-0.04011242880135383,3621231.8
270359,UPDCREIT,2025-12-18,6.95,6.95,5595311,2026-04-08T04:34:31.321522+00:00,0.7246376811594235,0.0,0.0,-1.4705882352941124,6.92,6.784999999999999,6.984,1.779026485623121,2.2236206170928123,53.48718863511308,0.006384086470476724,0.03719721221746444,-0.03081312574698772,3834291.1
270478,UPDCREIT,2025-12-19,6.95,6.95,3887096,2026-04-08T04:34:33.771022+00:00,0.0,0.7246376811594235,-2.1428571428571463,0.0,6.94,6.7924999999999995,6.980999999999999,1.779026485623121,2.1900957256161715,53.48718863511308,0.011336387958714056,0.03371961096456142,-0.022383223005847365,3819927.35
270597,UPDCREIT,2025-12-22,6.9,6.9,3131035,2026-04-08T04:34:38.115277+00:00,-0.7194244604316502,0.0,2.1897810218978186,1.4925373134328401,6.92,6.802499999999999,6.978000000000001,1.7512996110973034,2.1901937921453998,50.813735183926866,0.011098602652247713,0.02678546052647606,-0.015686857874228348,3951147.4
270716,UPDCREIT,2025-12-23,6.8,6.8,3717511,2026-04-08T04:34:40.661369+00:00,-1.449275362318847,-0.7194244604316502,-1.4285714285714235,2.941176470588247,6.9,6.8075,6.970999999999999,1.7879436909808097,2.1893168096568614,45.875021848074354,0.0028086158434517117,0.014796378974144047,-0.011987763130692336,4020349.8
270835,UPDCREIT,2025-12-24,6.9,6.9,1707350,2026-04-08T04:34:43.221402+00:00,1.4705882352941346,-1.449275362318847,0.0,0.0,6.9,6.830000000000001,6.96,1.5677024234586372,2.113380286264009,51.003435115203246,0.004258812892476094,0.012997260818534744,-0.00873844792605865,3940220.65
270954,UPDCREIT,2025-12-29,6.85,6.85,5856553,2026-04-08T04:34:48.902152+00:00,-0.7246376811594346,1.4705882352941346,0.7246376811594235,0.0,6.88,6.840000000000001,6.9479999999999995,1.442724472191019,2.114944784284339,48.52756168628392,0.001357869692794722,0.008077054095082697,-0.006719184402287975,4205942.25
271073,UPDCREIT,2025-12-30,6.9,6.9,7933864,2026-04-08T04:34:51.359097+00:00,0.7299270072992803,-0.7246376811594346,0.0,-2.1428571428571463,6.87,6.855000000000001,6.94,1.431539304459339,2.10104697248677,51.08472348649866,0.0030581806367155906,0.007821892031202853,-0.004763711394487262,4467957.5
271192,UPDCREIT,2025-12-31,6.9,6.9,1586180,2026-04-08T04:34:53.061316+00:00,0.0,0.7299270072992803,-0.7194244604316502,2.1897810218978186,6.87,6.869999999999999,6.9319999999999995,1.431539304459339,2.10104697248677,51.08472348649867,0.004355482024269719,0.007295354735005585,-0.0029398727107358656,4384645.75
271311,UPDCREIT,2026-01-02,6.9,6.9,797981,2026-04-08T04:34:56.467348+00:00,0.0,0.0,-1.449275362318847,-1.4285714285714235,6.890000000000001,6.885,6.9239999999999995,1.431539304459339,2.10104697248677,51.08472348649865,0.005322251122504618,0.006609699066592387,-0.0012874479440877693,4278930.5
271430,UPDCREIT,2026-01-05,7.55,7.55,1455682,2026-04-08T04:35:01.008466+00:00,9.420289855072461,0.0,1.4705882352941346,0.0,7.0200000000000005,6.922500000000001,6.929000000000001,2.443972895103633,2.494842659747266,72.92475509112936,0.05787089071659146,0.04732667092854338,0.010544219788048077,4159361.6
271549,UPDCREIT,2026-01-06,8.3,8.3,3356851,2026-04-08T04:35:03.366972+00:00,9.933774834437092,9.420289855072461,-0.7246376811594346,0.7246376811594235,7.31,7.0024999999999995,6.9479999999999995,3.169909890952514,2.8560233771677197,82.58609712774344,0.15821103979211149,0.11813345600325073,0.04007758378886076,4139458.45
271668,UPDCREIT,2026-01-07,8.25,8.25,3116879,2026-04-08T04:35:05.819661+00:00,-0.6024096385542244,9.933774834437092,0.7299270072992803,0.0,7.580000000000001,7.08,6.954,3.183962126502914,2.6218226412037864,80.52319100397804,0.23103353790208203,0.152764763290577,0.07826877461150503,3990201.85
271787,UPDCREIT,2026-01-08,8.25,8.25,2823004,2026-04-08T04:35:08.163488+00:00,0.0,-0.6024096385542244,0.0,-0.7194244604316502,7.85,7.152499999999999,6.9719999999999995,3.1915568379929615,2.3780853783794846,80.52319100397804,0.28545534083266144,0.16574925297692514,0.1197060878557363,3660758.6
271906,UPDCREIT,2026-01-09,9.05,9.05,2261883,2026-04-08T04:35:10.591402+00:00,9.696969696969715,0.0,0.0,-1.449275362318847,8.280000000000001,7.255,7.006,3.719720004813611,2.726501342928473,86.69174126368978,0.388658117022346,0.21516162333328773,0.17349649368905826,3309737.6
272025,UPDCREIT,2026-01-12,9.05,9.05,2962819,2026-04-08T04:35:15.220756+00:00,0.0,9.696969696969715,9.420289855072461,1.4705882352941346,8.58,7.3575,7.039,3.719720004813611,2.7270358143886932,86.69174126368978,0.4650858406236962,0.23327147754771033,0.23181436307598585,3241203.3
272144,UPDCREIT,2026-01-13,8.95,8.95,1596672,2026-04-08T04:35:17.864544+00:00,-1.1049723756906271,0.0,9.933774834437092,-0.7246376811594346,8.709999999999999,7.455,7.069,3.7489948045706747,2.7354865647211053,82.88611223072687,0.5116877797344541,0.22389873332677462,0.2877890464076795,3214467.9
272263,UPDCREIT,2026-01-14,9.0,9.0,1831499,2026-04-08T04:35:20.278959+00:00,0.5586592178770999,-1.1049723756906271,-0.6024096385542244,0.7299270072992803,8.86,7.5625,7.103,3.666185165146013,2.7132172168232596,83.28130215390736,0.5463566747102959,0.20685410264209314,0.3395025720682028,3113902.35
272382,UPDCREIT,2026-01-15,9.1,9.1,1776117,2026-04-08T04:35:23.159853+00:00,1.1111111111111072,0.5586592178770999,0.0,0.0,9.03,7.6674999999999995,7.144,3.6624257836456144,2.656109394919201,84.0734279770779,0.5752698354496557,0.1886138107051623,0.3866560247444934,3155680.0
272501,UPDCREIT,2026-01-16,9.3,9.3,1758652,2026-04-08T04:35:25.571119+00:00,2.197802197802212,1.1111111111111072,9.696969696969715,0.0,9.08,7.7875,7.189000000000001,3.605339924915185,2.665079202737917,85.54821064298723,0.6073212310665372,0.17653216505763503,0.4307890660089022,2991381.05
272620,UPDCREIT,2026-01-19,9.3,9.3,1810096,2026-04-08T04:35:30.272746+00:00,0.0,2.197802197802212,0.0,9.420289855072461,9.129999999999999,7.907499999999999,7.234,3.605339924915185,2.665079202737917,85.54821064298723,0.6255116836886927,0.15577809414383237,0.46973358954486033,2948151.75
272740,UPDCREIT,2026-01-20,9.3,9.3,1897139,2026-04-08T04:35:32.536083+00:00,0.0,0.0,-1.1049723756906271,9.933774834437092,9.200000000000001,8.025,7.2829999999999995,3.617819037552443,2.6204848849040823,85.54821064298723,0.6326351245329587,0.13032122799047863,0.50231389654248,2763243.15
272860,UPDCREIT,2026-01-21,8.4,8.4,5019416,2026-04-08T04:35:34.90344+00:00,-9.677419354838712,0.0,0.5586592178770999,-0.6024096385542244,9.08,8.0975,7.314000000000001,4.396095386629087,2.9991629704833866,56.26535876006359,0.5592117790458975,0.04551830600273399,0.5136934730431635,2819859.15
272980,UPDCREIT,2026-01-22,8.4,8.4,5057650,2026-04-08T04:35:36.566163+00:00,0.0,-9.677419354838712,1.1111111111111072,0.0,8.940000000000001,8.172500000000001,7.346,4.383849767349975,2.9950661730746275,56.265358760063584,0.49531358210821885,-0.014703912747955794,0.5100174948561746,2916189.9
273100,UPDCREIT,2026-01-23,8.95,8.95,5555013,2026-04-08T04:35:38.92405+00:00,6.547619047619024,0.0,2.197802197802212,9.696969696969715,8.870000000000001,8.28,7.388999999999999,4.504245988433637,3.114987953428796,64.80394509463636,0.483480936848121,-0.02122924640644297,0.504710183254564,3008065.0
273220,UPDCREIT,2026-01-26,9.0,9.0,5909967,2026-04-08T04:35:43.383975+00:00,0.5586592178770999,6.547619047619024,0.0,0.0,8.81,8.385,7.433,4.5089368121915925,3.1138025626722814,65.46406618334959,0.47268919555490285,-0.025616790159728897,0.49830598571463175,3218195.85
273340,UPDCREIT,2026-01-27,9.0,9.0,3002763,2026-04-08T04:35:45.70946+00:00,0.0,0.5586592178770999,0.0,-1.1049723756906271,8.75,8.4925,7.477,4.4935779081547995,3.1138025626722814,65.46406618334959,0.45884735613081595,-0.03156690366705267,0.4904142597978686,3075506.35
273460,UPDCREIT,2026-01-28,8.7,8.7,4912809,2026-04-08T04:35:48.193808+00:00,-3.3333333333333437,0.0,-9.677419354838712,0.5586592178770999,8.809999999999999,8.5825,7.515,4.618835689341029,3.16240540038399,57.906567809252095,0.4188419565121624,-0.05725784262856498,0.47609979914072736,2924453.6
273580,UPDCREIT,2026-01-29,9.0,9.0,6533515,2026-04-08T04:35:50.479528+00:00,3.4482758620689724,-3.3333333333333437,0.0,1.1111111111111072,8.93,8.6875,7.56,4.633452900238595,3.1831958027660323,62.56116492035544,0.4066571909247596,-0.05555408657277422,0.4622112774975338,3171820.35
273700,UPDCREIT,2026-01-30,8.95,8.95,4723846,2026-04-08T04:35:52.855058+00:00,-0.5555555555555647,3.4482758620689724,6.547619047619024,2.197802197802212,8.93,8.790000000000001,7.604000000000001,4.644178818895352,3.1863925007621,61.34365958973573,0.38848784818904925,-0.05897874344678766,0.4474665916358369,3368113.6
273820,UPDCREIT,2026-02-02,8.6,8.6,8567750,2026-04-08T04:35:57.524813+00:00,-3.9106145251396662,-0.5555555555555647,0.5586592178770999,0.0,8.85,8.8425,7.64,4.383325944774156,3.2499006509050403,53.49552847362166,0.34190516828854456,-0.08444913867783393,0.4263543069663785,3723717.0
273940,UPDCREIT,2026-02-03,8.6,8.6,3843130,2026-04-08T04:36:00.137559+00:00,0.0,-3.9106145251396662,0.0,0.0,8.77,8.8575,7.676,3.8128149769152437,3.2499006509050403,53.495528473621675,0.30151241146292485,-0.09987351640276299,0.40138592786568783,3748030.95
274060,UPDCREIT,2026-02-04,7.75,7.75,12082014,2026-04-08T04:36:02.592569+00:00,-9.883720930232553,0.0,-3.3333333333333437,-9.677419354838712,8.58,8.8325,7.695,4.4355717703906965,3.5673562654158886,39.32501196455755,0.19862335797888697,-0.1622100559094407,0.3608334138883277,4196287.7
274180,UPDCREIT,2026-02-05,7.65,7.65,10479229,2026-04-08T04:36:04.997535+00:00,-1.2903225806451535,-9.883720930232553,3.4482758620689724,0.0,8.309999999999999,8.8025,7.7139999999999995,4.4416242060334685,3.5655963152360424,38.04808300570993,0.10777155416114859,-0.20244948778174326,0.31022104194289185,4579098.95
274300,UPDCREIT,2026-02-06,7.85,7.85,5760993,2026-04-08T04:36:07.533957+00:00,2.614379084967311,-1.2903225806451535,-0.5555555555555647,6.547619047619024,8.09,8.7425,7.737,3.8466372445600054,3.5798362084238207,42.0976513409774,0.05131761607988672,-0.20712274069040415,0.25844035677029087,4754054.45
274420,UPDCREIT,2026-02-09,7.9,7.9,2406593,2026-04-08T04:36:12.456447+00:00,0.6369426751592355,0.0,0.0,0.0,7.8,8.629999999999999,7.79,3.855170004546551,3.5103902714483066,43.17462642867875,-0.0246945451085967,-0.18619786547165804,0.16150332036306134,4934459.2
274540,UPDCREIT,2026-02-10,8.15,8.15,3986651,2026-04-08T04:36:14.818506+00:00,3.164556962025311,0.6369426751592355,-9.883720930232553,-3.3333333333333437,7.88,8.5875,7.821000000000001,3.937724389000335,3.5276978026195143,48.3477560284629,-0.02891224035703388,-0.1523324485760762,0.1234202082190423,5042216.8
274660,UPDCREIT,2026-02-11,8.15,8.15,4407435,2026-04-08T04:36:17.460702+00:00,0.0,3.164556962025311,-1.2903225806451535,3.4482758620689724,7.9799999999999995,8.540000000000001,7.852,3.9228166411466168,3.5276978026195143,48.347756028462896,-0.03188721822567331,-0.12424594115577249,0.09235872293009918,5173782.7
242,UPDCREIT,2026-02-12,7.95,7.95,4278501,2026-02-12T09:23:57.658861+00:00,-2.4539877300613466,0.0,2.614379084967311,-0.5555555555555647,8.0,8.4725,7.879000000000001,3.8938542267174925,3.551551797784041,44.582177654486195,-0.04980907019425729,-0.11373423449948518,0.06392516430522789,5299775.15
274900,UPDCREIT,2026-02-13,8.0,8.0,2849575,2026-04-08T04:36:22.38356+00:00,0.6289308176100628,-2.4539877300613466,0.0,-3.9106145251396662,8.030000000000001,8.4075,7.9030000000000005,3.9023923425538447,3.531913729981463,45.7203732838027,-0.0592941784865193,-0.09857547423339776,0.039281295746878456,5351749.1
275020,UPDCREIT,2026-02-16,7.95,7.95,2625975,2026-04-08T04:36:26.879081+00:00,-0.6249999999999978,0.6289308176100628,0.6369426751592355,0.0,8.040000000000001,8.34,7.928000000000001,3.8992013235022336,3.524858010542807,44.73099873113159,-0.07003841799200572,-0.08745577099110734,0.01741735299910162,5388190.9
275140,UPDCREIT,2026-02-17,7.85,7.85,5751001,2026-04-08T04:36:29.440312+00:00,-1.2578616352201366,-0.6249999999999978,3.164556962025311,-9.883720930232553,7.9799999999999995,8.3125,7.9510000000000005,3.2859694017632406,3.532276002571468,42.73899585286289,-0.08563531882403197,-0.08244213745850687,-0.003193181365525096,5424770.15
275260,UPDCREIT,2026-02-18,7.75,7.75,5222724,2026-04-08T04:36:31.166521+00:00,-1.273885350318471,-1.2578616352201366,0.0,-1.2903225806451535,7.9,8.28,7.9700000000000015,3.2924828888120605,3.536128173276068,40.78309760035553,-0.10485641983118477,-0.08133059077252773,-0.023525829058657032,5433023.85
275380,UPDCREIT,2026-02-19,7.65,7.65,3759400,2026-04-08T04:36:33.575564+00:00,-1.2903225806451535,-1.273885350318471,-2.4539877300613466,2.614379084967311,7.840000000000001,8.215,7.9830000000000005,2.8673813532565164,3.522794916381971,38.867546446898125,-0.12669795002389783,-0.08253769677219264,-0.044160253251705195,5343243.2
632,UPDCREIT,2026-02-20,7.5,7.5,5929342,2026-02-20T23:15:44.934622+00:00,-1.9607843137254943,-1.2903225806451535,0.6289308176100628,0.0,7.74,8.14,7.993,2.862611065356936,3.5363878637108885,36.126505975330545,-0.1543322206874329,-0.08813757394858217,-0.06619464673885074,5344211.95
780,UPDCREIT,2026-02-23,7.65,7.65,6211795,2026-02-23T07:00:01.990412+00:00,2.0000000000000018,-1.9607843137254943,-0.6249999999999978,0.6369426751592355,7.68,8.0725,8.006,2.9286673882158745,3.5453910325877427,40.635115578393545,-0.16225841883479042,-0.07685101767675173,-0.08540740115803869,5504663.55
928,UPDCREIT,2026-02-24,7.75,7.75,4236015,2026-02-24T07:00:01.929914+00:00,1.3071895424836555,2.0000000000000018,-1.2578616352201366,3.164556962025311,7.659999999999999,8.025,8.024,2.8983234933652406,3.531635723336988,43.498473030160156,-0.15864209637092763,-0.058587756170311145,-0.10005434020061649,5470823.85
1076,UPDCREIT,2026-02-25,7.75,7.75,6507699,2026-02-25T07:00:01.953057+00:00,0.0,1.3071895424836555,-1.273885350318471,0.0,7.659999999999999,7.9625,8.039,2.747533789605681,3.5213859139757804,43.49847303016015,-0.15400090815712097,-0.04315725436520358,-0.1108436537919174,5469533.05
1224,UPDCREIT,2026-02-26,7.8,7.8,6137315,2026-02-26T07:00:01.915173+00:00,0.6451612903225712,0.0,-1.2903225806451535,-2.4539877300613466,7.69,7.904999999999999,8.057,2.764097099356541,3.51324484056992,45.035796476342355,-0.14462104949209031,-0.02702191656013833,-0.11759913293195198,5540206.5
1912,UPDCREIT,2026-02-27,7.6,7.6,2694381,2026-02-27T07:00:02.056517+00:00,-2.564102564102566,0.6451612903225712,-1.9607843137254943,0.6289308176100628,7.709999999999999,7.8549999999999995,8.071,2.695992425538082,3.536434515019543,40.31109536487783,-0.1515784702019145,-0.02718346981597,-0.1243950003859445,5246538.05
2793,UPDCREIT,2026-02-28,7.6,7.6,2694381,2026-02-28T18:00:03.453641+00:00,0.0,-2.564102564102566,2.0000000000000018,-0.6249999999999978,7.7,7.805,8.084,2.695992425538082,3.5359527084914815,40.311095364877836,-0.15530205086970383,-0.024725640387007447,-0.1305764104826964,5189100.6
2941,UPDCREIT,2026-03-01,7.6,7.6,2694381,2026-03-01T18:00:03.821122+00:00,0.0,0.0,1.3071895424836555,-1.2578616352201366,7.67,7.797500000000001,8.097000000000001,1.5727063889374657,3.5359527084914815,40.31109536487783,-0.15644956220920037,-0.020698521381203178,-0.1357510408279972,4719718.95
3089,UPDCREIT,2026-03-02,7.55,7.55,4724535,2026-03-02T07:00:01.981706+00:00,-0.6578947368421018,0.0,0.0,-1.273885350318471,7.63,7.7924999999999995,8.11,1.553456558068317,3.5356227316931306,39.03248918579589,-0.1595543125497274,-0.019042617377384163,-0.14051169517234324,4431984.25
4053,UPDCREIT,2026-03-03,7.6,7.6,3927647,2026-03-03T07:00:01.858909+00:00,0.6622516556291425,-0.6578947368421018,0.6451612903225712,-1.2903225806451535,7.590000000000001,7.779999999999999,8.126,1.4336600925895935,3.5276217002111987,41.046251940264405,-0.15617992250256396,-0.012534581864176553,-0.1436453406383874,4340316.95
5490,UPDCREIT,2026-03-04,7.5,7.5,3879920,2026-03-04T07:00:02.010027+00:00,-1.3157894736842035,0.6622516556291425,-2.564102564102566,-1.9607843137254943,7.5699999999999985,7.7625,8.138,1.456331691401313,3.5304908738943617,38.320093579366564,-0.15973354941715012,-0.012870567023010149,-0.14686298239413997,4246263.3
7208,UPDCREIT,2026-03-05,7.5,7.5,2390358,2026-03-05T07:00:02.0033+00:00,0.0,-1.3157894736842035,0.0,2.0000000000000018,7.55,7.7425,8.151,1.4435663872805689,3.527988590376991,38.320093579366564,-0.1606974046987535,-0.0110675378436908,-0.1496298668550627,4245451.55
9724,UPDCREIT,2026-03-06,7.5,7.5,2884620,2026-03-06T07:00:02.033178+00:00,0.0,0.0,0.0,1.3071895424836555,7.529999999999999,7.709999999999999,8.163,1.2030455191382459,3.527438912051552,38.320093579366564,-0.15962125251540815,-0.007993108528276366,-0.15162814398713179,4190350.0
11382,UPDCREIT,2026-03-07,7.5,7.5,2884620,2026-03-07T18:00:06.285951+00:00,0.0,0.0,-0.6578947368421018,0.0,7.5200000000000005,7.677499999999999,8.175,1.2030455191382459,3.527438912051552,38.320093579366564,-0.15695906772771107,-0.004264738992463435,-0.15269432873524763,4114209.25
11530,UPDCREIT,2026-03-08,7.5,7.5,2884620,2026-03-08T18:00:03.574352+00:00,0.0,0.0,0.6622516556291425,0.6451612903225712,7.5,7.654999999999999,8.187,1.1044738937563257,3.527438912051552,38.32009357936656,-0.15308460309088012,-0.00031221948450599335,-0.15277238360637413,4044515.2
11678,UPDCREIT,2026-03-09,7.5,7.5,3655986,2026-03-09T07:00:02.016534+00:00,0.0,0.0,-1.3157894736842035,-2.564102564102566,7.5,7.63,8.186,1.0858766597137444,3.2684884488129513,38.32009357936656,-0.1483044999926122,0.003574306891009571,-0.15187880688362176,4084835.75
14194,UPDCREIT,2026-03-10,7.45,7.45,2799304,2026-03-10T07:00:03.966079+00:00,-0.6666666666666599,0.0,0.0,0.0,7.49,7.6049999999999995,8.169,1.0865393541763997,2.9409621344184735,36.43276378391184,-0.1468579291892098,0.004016702155529572,-0.15087463134473938,4093502.2
16034,UPDCREIT,2026-03-11,7.5,7.5,2094581,2026-03-11T07:00:02.147117+00:00,0.6711409395973034,-0.6666666666666599,0.0,0.0,7.49,7.5875,8.154000000000002,1.0843927652976044,2.942680997856476,39.634564215331956,-0.14006237737242255,0.008649803177853466,-0.14871218055027602,3910681.2
17750,UPDCREIT,2026-03-12,7.0,7.0,3511823,2026-03-12T07:00:02.06753+00:00,-6.666666666666665,0.6711409395973034,0.0,-0.6578947368421018,7.390000000000001,7.55,8.129000000000001,1.796391270097195,3.083526785322731,25.696143656124757,-0.1730281145259669,-0.019452747180552676,-0.15357536734541422,3825136.15
20266,UPDCREIT,2026-03-13,7.5,7.5,1325309,2026-03-13T07:00:01.993197+00:00,7.14285714285714,-6.666666666666665,0.0,0.6622516556291425,7.390000000000001,7.5424999999999995,8.098,2.464572595400458,2.9323082024031164,46.10683957326437,-0.15699810101918832,-0.0027381869390192826,-0.15425991408016904,3703431.6
23712,UPDCREIT,2026-03-16,7.35,7.35,2313129,2026-03-16T08:30:01.80086+00:00,-2.0000000000000018,7.14285714285714,0.0,-1.3157894736842035,7.359999999999999,7.534999999999999,8.064,2.4661709966663694,2.9413160639396425,42.34854441796522,-0.15461563344528262,-0.0002845754920908494,-0.15433105795319177,3522620.95
25543,UPDCREIT,2026-03-17,7.2,7.2,3953976,2026-03-17T08:30:01.70448+00:00,-2.0408163265306034,-2.0000000000000018,-0.6666666666666599,0.0,7.31,7.5125,8.029,2.452963987021795,2.9490437778728644,38.93106073128429,-0.1629528382412797,-0.00689742423047035,-0.15605541401080936,3409730.0
27406,UPDCREIT,2026-03-18,7.2,7.2,2491254,2026-03-18T08:30:01.732403+00:00,0.0,-2.0408163265306034,0.6711409395973034,0.0,7.25,7.485000000000001,7.993,2.4258764716243455,2.946431089140872,38.931060731284305,-0.1676278238992106,-0.009257927910720998,-0.1583698959884896,3322491.95
33220,UPDCREIT,2026-03-23,7.0,7.0,7255007,2026-03-23T08:30:01.705825+00:00,-2.777777777777779,0.0,-6.666666666666665,0.0,7.25,7.447500000000001,7.9510000000000005,2.484230753672633,2.9569895925050713,34.61188107640915,-0.18533468931326702,-0.021571834659821904,-0.16376285465344512,3359857.35
34798,UPDCREIT,2026-03-24,7.2,7.2,2193608,2026-03-24T15:00:01.978259+00:00,2.857142857142869,-2.777777777777779,7.14285714285714,0.0,7.19,7.4174999999999995,7.909,2.5841167322521477,2.9706117533156777,41.59055339824644,-0.1811410973805403,-0.013902594181676109,-0.16723850319886419,3162672.0
34946,UPDCREIT,2026-03-25,7.1,7.1,3074143,2026-03-25T15:00:01.528164+00:00,-1.388888888888895,2.857142857142869,-2.0000000000000018,0.0,7.140000000000001,7.3925,7.865,2.5446061161011486,2.972654950946252,39.33030600946875,-0.18376844162264216,-0.013223950739022383,-0.17054449088361978,3181660.1
35094,UPDCREIT,2026-03-26,7.0,7.0,5042734,2026-03-26T15:00:01.955832+00:00,-1.4084507042253502,-1.388888888888895,-2.0408163265306034,-0.6666666666666599,7.1,7.3625,7.819,2.555070846370254,2.9745496990217486,37.15574340398207,-0.1917098829334325,-0.01693231363985015,-0.17477756929358235,3299077.75
35242,UPDCREIT,2026-03-27,7.1,7.1,4493419,2026-03-27T15:00:02.114662+00:00,1.4285714285714235,-1.4084507042253502,0.0,0.6711409395973034,7.08,7.3375,7.792999999999999,2.5860185995116045,2.6767024678674525,40.687382865469075,-0.18776987389848632,-0.010393843683923154,-0.17737603021456316,3389029.65
278260,UPDCREIT,2026-03-30,7.2,7.2,3379023,2026-04-08T04:37:47.74327+00:00,1.4084507042253502,1.4285714285714235,-2.777777777777779,-6.666666666666665,7.12,7.32,7.769,2.61244837023462,2.6873159807908196,44.07211163818602,-0.1745659366329475,0.0022480748652925486,-0.17681401149824005,3321754.05
35390,UPDCREIT,2026-03-31,7.0,7.0,7689909,2026-03-31T15:00:02.085058+00:00,-2.777777777777779,1.4084507042253502,2.857142857142869,7.14285714285714,7.08,7.290000000000001,7.73,2.6650768373920926,2.5229316962460335,39.248082636306954,-0.17818603209005524,-0.0010976164734521343,-0.1770884156166031,3509867.15
278500,UPDCREIT,2026-04-01,7.7,7.7,1899426,2026-04-08T04:37:52.684906+00:00,10.000000000000009,-2.777777777777779,-1.388888888888895,-2.0000000000000018,7.2,7.3,7.704,3.519438316741058,2.922317824921706,56.99195716865978,-0.12315122332180639,0.043149753835837384,-0.16630097715764378,3410842.45
35538,UPDCREIT,2026-04-02,8.2,8.2,4351052,2026-04-02T15:00:01.864809+00:00,6.493506493506485,10.000000000000009,-1.4084507042253502,-2.0408163265306034,7.44,7.335000000000001,7.688,3.7901850315463252,3.0748548318789597,64.88193369320265,-0.03874331077321447,0.10204613310754346,-0.14078944388075793,3508877.15
35982,UPDCREIT,2026-04-07,7.5,7.5,2832153,2026-04-07T15:00:01.949344+00:00,-8.536585365853655,6.493506493506485,1.4285714285714235,0.0,7.519999999999999,7.335000000000001,7.664000000000001,4.2977668329103285,3.267176190623504,50.82435238798307,-0.028010691987015335,0.09022300151499407,-0.11823369350200941,3506253.8
278879,UPDCREIT,2026-04-08,6.75,6.75,4392998,2026-04-08T15:00:01.943007+00:00,-9.999999999999998,-8.536585365853655,1.4084507042253502,-2.777777777777779,7.43,7.297500000000001,7.619000000000001,4.854098835779113,3.5021283649417483,40.65958082497579,-0.07911179473871766,0.03129751901063341,-0.11040931374935106,3581672.7
279026,UPDCREIT,2026-04-09,7.4,7.4,3062263,2026-04-09T15:00:02.085141+00:00,9.629629629629633,-9.999999999999998,-2.777777777777779,2.857142857142869,7.51,7.292500000000001,7.587999999999999,5.349532567744446,3.7844297440144623,49.99395223969785,-0.06639486048733012,0.03521156260961676,-0.10160642309694688,3590554.85
279172,UPDCREIT,2026-04-10,7.95,7.95,1858945,2026-04-10T15:00:01.352272+00:00,7.432432432432434,9.629629629629633,10.000000000000009,-1.388888888888895,7.56,7.315,7.575,5.596967993497126,3.9022799190093114,56.26320069641023,-0.011800169999919952,0.07184500247762156,-0.08364517247754151,3500702.8
279318,UPDCREIT,2026-04-13,7.65,7.65,1512414,2026-04-13T15:00:02.021173+00:00,-3.7735849056603765,7.432432432432434,6.493506493506485,-1.4084507042253502,7.45,7.325,7.556,5.671915738759181,3.936992996538088,52.403972915110515,0.007176298843490692,0.07265717705682576,-0.06548087821333506,3436358.3
279464,UPDCREIT,2026-04-14,7.7,7.7,1212092,2026-04-14T15:00:02.477878+00:00,0.6535947712418277,-3.7735849056603765,-8.536585365853655,1.4285714285714235,7.49,7.334999999999999,7.555,5.671854169725434,3.6793382024718446,52.982822814640706,0.025950725443387945,0.0731452829253784,-0.04719455748199046,3392233.85
279610,UPDCREIT,2026-04-15,7.75,7.75,2235372,2026-04-15T15:00:02.184222+00:00,0.6493506493506551,0.6535947712418277,-9.999999999999998,1.4084507042253502,7.69,7.3725,7.557,5.4307960315612,3.6751089276494726,53.59065733327805,0.04435290325876817,0.07323796859260691,-0.028885065333838736,3328411.3
279756,UPDCREIT,2026-04-16,7.95,7.95,3569772,2026-04-16T15:00:02.07143+00:00,2.580645161290329,0.6493506493506551,9.629629629629633,-2.777777777777779,7.8,7.3950000000000005,7.559,5.236024333947742,3.6746394439089074,56.038833634565734,0.07421953370376677,0.0824836792300844,-0.008264145526317636,3440634.45
279902,UPDCREIT,2026-04-17,8.0,8.0,2366129,2026-04-17T15:00:02.06245+00:00,0.6289308176100628,2.580645161290329,7.432432432432434,10.000000000000009,7.81,7.4275,7.562,5.204942052937628,3.675397565390012,56.65444486485562,0.10076211272815261,0.08722100660357619,0.013541106124576414,3443284.45
280048,UPDCREIT,2026-04-20,7.75,7.75,1209147,2026-04-20T15:00:01.862344+00:00,-3.125,0.6289308176100628,-3.7735849056603765,6.493506493506485,7.830000000000001,7.455000000000001,7.559,5.238912429781583,3.7026627035457818,52.68203069726548,0.10046627449679502,0.06954013469777488,0.030926139799020137,3306043.0
280194,UPDCREIT,2026-04-21,7.6,7.6,1449215,2026-04-21T15:00:02.189846+00:00,-1.9354838709677469,-3.125,0.6535947712418277,-8.536585365853655,7.81,7.475,7.548000000000001,5.2664136739123215,3.684710563005316,50.39866486061121,0.08712376563180868,0.044958100666230835,0.042165664965577845,3253941.05
280340,UPDCREIT,2026-04-22,7.6,7.6,1207814,2026-04-22T15:00:02.200159+00:00,0.0,-1.9354838709677469,0.6493506493506551,-9.999999999999998,7.779999999999999,7.505,7.536999999999999,5.214515777418865,3.684710563005316,50.398664860611206,0.07567736961927629,0.02680936372295875,0.04886800589631754,2951581.4
280486,UPDCREIT,2026-04-23,7.55,7.55,1593657,2026-04-23T15:00:02.125151+00:00,-0.6578947368421018,0.0,2.580645161290329,9.629629629629633,7.7,7.522500000000001,7.529,5.191522144551631,3.6697549371906955,49.56811914196747,0.061858371380178134,0.01039229238708847,0.051466078993089664,2921583.85
280632,UPDCREIT,2026-04-24,7.5,7.5,1479063,2026-04-24T15:00:02.20649+00:00,-0.6622516556291314,-0.6578947368421018,0.6289308176100628,7.432432432432434,7.6,7.542500000000001,7.519,5.181133568083288,3.6695116512754367,48.70376497352855,0.04633797821415886,-0.004102480623144646,0.050440458837303505,2841829.85
280778,UPDCREIT,2026-04-27,7.6,7.6,1734242,2026-04-27T15:00:02.034997+00:00,1.3333333333333197,-0.6622516556291314,-3.125,-3.7735849056603765,7.57,7.572500000000001,7.5120000000000005,5.166979186499108,3.673844247788579,50.56061582987325,0.04162726586797216,-0.007050554375465076,0.04867782024343724,2676405.25
280924,UPDCREIT,2026-04-28,7.35,7.35,2952673,2026-04-28T15:00:01.918241+00:00,-3.289473684210531,1.3333333333333197,-1.9354838709677469,0.6535947712418277,7.5200000000000005,7.584999999999999,7.501999999999999,5.231503253601879,3.6989150073272667,46.07067329118467,0.017519132082576938,-0.024926950528688242,0.04244608261126518,2599367.95
281070,UPDCREIT,2026-04-29,7.5,7.5,2173000,2026-04-29T15:00:02.672724+00:00,2.0408163265306145,-3.289473684210531,0.0,0.6493506493506551,7.5,7.6,7.496999999999999,5.240441959649483,3.706501212335806,48.99723752887325,0.01039715681387765,-0.025639140637910028,0.03603629745178768,2539066.8
281216,UPDCREIT,2026-04-30,7.5,7.5,2170888,2026-04-30T15:00:02.170664+00:00,0.0,2.0408163265306145,-0.6578947368421018,2.580645161290329,7.49,7.625,7.494,5.190192350568108,3.701813204436177,48.99723752887324,0.004698775542800959,-0.02507001752718938,0.029768793069990338,2263115.75
281508,UPDCREIT,2026-05-04,7.5,7.5,2193628,2026-05-04T15:00:02.156928+00:00,0.0,0.0,-0.6622516556291314,0.6289308176100628,7.49,7.615,7.494,4.680788290998248,3.6906928256704967,48.99723752887324,0.00018068451226760374,-0.023670486846178188,0.02385117135844579,2277825.85
281654,UPDCREIT,2026-05-05,7.55,7.55,995020,2026-05-05T15:00:01.930748+00:00,0.6666666666666599,0.0,1.3333333333333197,-3.125,7.4799999999999995,7.5825000000000005,7.492000000000001,4.4281011261012955,3.681241508990265,50.12406368685295,0.000627414508148405,-0.01857900548023791,0.019206419988386316,2110024.25
281800,UPDCREIT,2026-05-06,7.9,7.9,2074137,2026-05-06T15:00:01.919787+00:00,4.635761589403975,0.6666666666666599,-3.289473684210531,-1.9354838709677469,7.590000000000001,7.602499999999999,7.495,4.1095460442070255,3.7343438332369314,57.24494030770228,0.0288904945390156,0.0077472596405034275,0.02114323489851217,2072123.45
281946,UPDCREIT,2026-05-07,8.0,8.0,2284796,2026-05-07T15:00:01.995523+00:00,1.2658227848101111,4.635761589403975,2.0408163265306145,0.0,7.69,7.664999999999999,7.5,3.3123866126715997,3.7378975036372877,59.04412301501745,0.058681904881843217,0.030030935986664835,0.02865096889517838,1966713.35
282092,UPDCREIT,2026-05-08,8.7,8.7,6385683,2026-05-08T15:00:02.118161+00:00,8.749999999999991,1.2658227848101111,0.0,-0.6578947368421018,7.93,7.7299999999999995,7.518,3.1941560350780973,3.931352271060962,68.90750836344698,0.13719446962472137,0.08683480058363438,0.050359669041086984,2132884.35
282238,UPDCREIT,2026-05-11,9.1,9.1,2545311,2026-05-11T15:00:02.243132+00:00,4.597701149425282,8.749999999999991,0.0,-0.6622516556291314,8.25,7.7875,7.547999999999999,2.939924666718213,3.955498203797566,72.92073171450053,0.22905252496885886,0.1429542847422175,0.08609824022664136,2167202.65
282384,UPDCREIT,2026-05-12,9.85,9.85,4230526,2026-05-12T15:00:02.325735+00:00,8.241758241758234,4.597701149425282,0.6666666666666599,1.3333333333333197,8.709999999999999,7.897499999999999,7.593000000000001,3.190738602837342,4.105789532883728,78.51925101703465,0.3582398614923985,0.21771329701260572,0.14052656447979278,2303108.25
282530,UPDCREIT,2026-05-13,10.8,10.8,5245565,2026-05-13T15:00:01.887561+00:00,9.64467005076144,8.241758241758234,4.635761589403975,-3.289473684210531,9.290000000000001,8.0525,7.657,3.686908809673781,4.298953516101376,83.24463557922256,0.5311559814297322,0.31250353355995153,0.21865244786978066,2504781.9
282676,UPDCREIT,2026-05-14,11.85,11.85,13190166,2026-05-14T15:00:01.952989+00:00,9.72222222222221,9.64467005076144,1.2658227848101111,2.0408163265306145,10.06,8.2575,7.742999999999999,4.079281432854642,4.4744288255549405,86.72149604888156,0.744339198116478,0.4205494001973578,0.32378979791912016,3052521.6
282822,UPDCREIT,2026-05-15,11.85,11.85,3462142,2026-05-15T15:00:01.871578+00:00,0.0,9.72222222222221,8.749999999999991,0.0,10.690000000000001,8.452499999999999,7.828,4.108049967126375,4.476435651014981,86.72149604888156,0.902880587849781,0.4632726319445286,0.43960795590525237,3047140.1
282968,UPDCREIT,2026-05-18,10.1,10.1,2947205,2026-05-18T15:00:01.868607+00:00,-14.767932489451475,0.0,4.597701149425282,0.0,10.889999999999999,8.5575,7.88,5.5769075790260025,4.992312488913173,61.89534111250415,0.8772035503149063,0.35007647552772314,0.5271270747871831,3076193.9
283114,UPDCREIT,2026-05-19,10.15,10.15,1684044,2026-05-19T15:00:01.863653+00:00,0.4950495049504955,-14.767932489451475,8.241758241758234,0.6666666666666599,10.95,8.677499999999998,7.933000000000001,5.482898607617584,4.991346228529439,62.228053298167374,0.8510781955475277,0.2591608966082757,0.591917298939252,3099938.75
283260,UPDCREIT,2026-05-20,10.15,10.15,857010,2026-05-20T15:00:01.871845+00:00,0.0,0.4950495049504955,9.64467005076144,4.635761589403975,10.82,8.805,7.986000000000001,5.435874399952981,4.991346228529439,62.22805329816738,0.8209107159372167,0.18319473359837168,0.637715982338845,3070328.5
283406,UPDCREIT,2026-05-21,10.15,10.15,949873,2026-05-21T15:00:01.939198+00:00,0.0,0.0,9.72222222222221,1.2658227848101111,10.48,8.932500000000001,8.039000000000001,5.435874399952981,4.991346228529439,62.228053298167374,0.787920118340109,0.12016330880101123,0.6677568095390978,3057431.45
283552,UPDCREIT,2026-05-22,10.15,10.15,1788281,2026-05-22T15:00:02.031345+00:00,0.0,0.0,0.0,8.749999999999991,10.139999999999999,9.0625,8.092,5.42346306339012,4.991346228529439,62.22805329816738,0.7530936373926309,0.06826946228282649,0.6848241751098044,3067162.65
283698,UPDCREIT,2026-05-25,10.55,10.55,1374676,2026-05-25T15:00:01.979384+00:00,3.9408866995073843,0.0,-14.767932489451475,4.597701149425282,10.23,9.215,8.153,5.418570827406941,5.0106629613272125,65.47211650393054,0.749134501181441,0.05144826085730925,0.6976862403241317,3061943.3
283844,UPDCREIT,2026-05-26,10.9,10.9,1603829,2026-05-26T15:00:01.996051+00:00,3.3175355450236976,3.9408866995073843,0.4950495049504955,8.241758241758234,10.379999999999999,9.379999999999999,8.222,5.42650479346863,5.018395515516632,68.05726102987653,0.7654156964441121,0.054183564895984304,0.7112321315481278,3055422.65
284282,UPDCREIT,2026-05-29,10.85,10.85,1114221,2026-05-29T15:00:02.455558+00:00,-0.4587155963302836,3.3175355450236976,0.0,9.64467005076144,10.52,9.555,8.289,5.318128271841131,5.021936301306491,67.28226034409693,0.7654603286704873,0.04338255769788757,0.7220777709725997,2963500.05
284428,UPDCREIT,2026-06-01,10.7,10.7,1251263,2026-06-01T15:00:02.603507+00:00,-1.382488479262678,-0.4587155963302836,0.0,9.72222222222221,10.629999999999999,9.715,8.363,5.3750746775565865,4.9146400519395845,64.89476134799199,0.7448062903444796,0.01818281549750389,0.7266234748469758,2917413.2
284574,UPDCREIT,2026-06-02,10.7,10.7,1302563,2026-06-02T15:00:02.980523+00:00,0.0,-1.382488479262678,0.0,0.0,10.74,9.875,8.427,5.3750746775565865,4.834755519388434,64.89476134799199,0.7201365305124856,-0.005189555467592144,0.7253260859800778,2873996.95
284720,UPDCREIT,2026-06-03,10.7,10.7,1332604,2026-06-03T15:00:03.023028+00:00,0.0,0.0,3.9408866995073843,-14.767932489451475,10.77,10.035,8.494,5.3750746775565865,4.8191236334653516,64.89476134799199,0.6926016869915497,-0.02617951919082251,0.7187812061823722,2830945.75
284866,UPDCREIT,2026-06-04,10.1,10.1,827969,2026-06-04T15:00:03.321931+00:00,-5.607476635514019,0.0,3.3175355450236976,0.4950495049504955,10.61,10.1625,8.552,5.62994661948912,4.888959479086111,55.12268159330333,0.6152726593100013,-0.08280683749789675,0.698079496807898,2822593.2
285012,UPDCREIT,2026-06-05,10.1,10.1,975666,2026-06-05T15:00:03.073061+00:00,0.0,-5.607476635514019,-0.4587155963302836,0.0,10.459999999999999,10.2725,8.61,5.594557197484587,4.888959479086111,55.122681593303334,0.5476755845246295,-0.12032312982661486,0.6679987143512444,2767669.65
285158,UPDCREIT,2026-06-08,11.0,11.0,1446039,2026-06-08T15:00:03.135386+00:00,8.910891089108919,0.0,-1.382488479262678,0.0,10.52,10.422500000000001,8.69,5.841501624538031,4.992874792877673,64.43844979129297,0.5602684679888021,-0.08618419708995373,0.6464526650787559,2725731.8
285304,UPDCREIT,2026-06-09,11.0,11.0,805251,2026-06-09T15:00:03.53749+00:00,0.0,8.910891089108919,0.0,0.0,10.58,10.5375,8.765999999999998,5.614490870668379,4.98789640896519,64.43844979129298,0.5637498613810852,-0.06616224295813666,0.6299121043392218,2446710.2
285450,UPDCREIT,2026-06-10,10.8,10.8,2370005,2026-06-10T15:10:03.084397+00:00,-1.8181818181818077,0.0,0.0,3.9408866995073843,10.6,10.622499999999999,8.84,5.601397184761171,4.992414048255742,61.166102158807675,0.5440985329974772,-0.06865085707339569,0.6127493900708729,2437944.9
285888,UPDCREIT,2026-06-11,11.0,11.0,1548241,2026-06-11T15:10:02.991492+00:00,1.8518518518518379,-1.8181818181818077,-5.607476635514019,3.3175355450236976,10.78,10.68,8.92,5.343617054389279,4.982057894037324,63.179759871679124,0.5384560559676146,-0.05943466728260671,0.5978907232502213,2303830.65
287640,UPDCREIT,2026-06-15,10.8,10.8,1607744,2026-06-15T15:10:02.896252+00:00,-1.8181818181818077,1.8518518518518379,0.0,-0.4587155963302836,10.92,10.68,8.994,4.931750048028588,4.9978977848246915,59.83828290230292,0.5119446445514235,-0.06875686295903827,0.5807015075104618,2121939.6
288516,UPDCREIT,2026-06-16,11.0,11.0,848086,2026-06-16T15:10:02.87997+00:00,1.8518518518518379,-1.8181818181818077,8.910891089108919,-1.382488479262678,10.92,10.6375,9.07,4.411761024883539,4.999092807748987,62.0024970982724,0.5012938846720569,-0.06352609827072397,0.5648199829427809,1504835.6
289392,UPDCREIT,2026-06-17,10.5,10.5,1995143,2026-06-17T15:10:02.980097+00:00,-4.545454545454541,1.8518518518518379,0.0,0.0,10.82,10.57,9.14,4.512812342906458,5.032310405754049,54.14678851741225,0.4473504815224434,-0.09397560113627001,0.5413260826587134,1431485.65
289830,UPDCREIT,2026-06-18,10.5,10.5,1009598,2026-06-18T15:10:02.932064+00:00,0.0,-4.545454545454541,-1.8181818181818077,0.0,10.760000000000002,10.59,9.196,3.015402418549881,4.860641039182465,54.14678851741226,0.39998912029100886,-0.11306956989416372,0.5130586901851726,1334605.3
290414,UPDCREIT,2026-06-19,10.0,10.0,2513352,2026-06-19T15:10:02.959085+00:00,-4.761904761904767,0.0,1.8518518518518379,-5.607476635514019,10.56,10.5825,9.232000000000001,3.2142756027474215,4.8493223798724285,47.20970619954826,0.3184383202345735,-0.1556962959604793,0.4741346161950528,1376070.7
291144,UPDCREIT,2026-06-22,10.0,10.0,2213226,2026-06-22T15:10:03.140564+00:00,0.0,-4.761904761904767,-1.8181818181818077,0.0,10.4,10.575,9.282,3.2142756027474215,4.671174772382591,47.20970619954826,0.25091631654096247,-0.1785746397232723,0.4294909562642348,1443881.5
291728,UPDCREIT,2026-06-23,9.8,9.8,1612023,2026-06-23T15:10:03.017319+00:00,-1.9999999999999907,0.0,1.8518518518518379,8.910891089108919,10.16,10.557500000000001,9.343,3.244395232221995,4.428428230851351,44.56126109447128,0.17920060063809373,-0.20023228450091285,0.3794328851390066,1476989.0
292312,UPDCREIT,2026-06-24,10.0,10.0,3301395,2026-06-24T15:10:03.053149+00:00,2.0408163265306145,-1.9999999999999907,-4.545454545454541,0.0,10.059999999999999,10.55,9.395,3.2804585148333865,4.247550263419218,47.71976825191489,0.13692531780093908,-0.19400605387045405,0.33093137167139314,1552644.7
292896,UPDCREIT,2026-06-25,10.0,10.0,791747,2026-06-25T15:10:02.973562+00:00,0.0,2.0408163265306145,0.0,-1.8181818181818077,9.959999999999999,10.5225,9.436,3.1453477489661483,4.13545528507061,47.71976825191489,0.10224325497637743,-0.1829504933560126,0.28519374833239003,1523498.25
293334,UPDCREIT,2026-06-26,10.0,10.0,889497,2026-06-26T15:10:03.012808+00:00,0.0,0.0,-4.761904761904767,1.8518518518518379,9.959999999999999,10.477500000000001,9.482999999999999,3.0344384897541286,4.089221005311709,47.7197682519149,0.0739055333334715,-0.16903057199913485,0.24293610533260634,1487781.65
293772,UPDCREIT,2026-06-29,9.75,9.75,1130168,2026-06-29T15:10:03.028054+00:00,-2.500000000000002,0.0,0.0,-1.8181818181818077,9.91,10.422500000000001,9.524,3.071091180118021,4.112940663274185,43.82192774656598,0.030918366424259602,-0.16961419112667742,0.20053255755093702,1488579.0
294210,UPDCREIT,2026-06-30,9.75,9.75,784995,2026-06-30T15:10:03.08168+00:00,0.0,-2.500000000000002,-1.9999999999999907,1.8518518518518379,9.9,10.375,9.564,3.0654734081194235,4.11366734152526,43.82192774656598,-0.003113383905455791,-0.16291675316511425,0.15980336925965846,1465265.6
294648,UPDCREIT,2026-07-01,9.1,9.1,1393181,2026-07-01T15:10:03.133226+00:00,-6.666666666666665,0.0,2.0408163265306145,-4.545454545454541,9.72,10.295,9.587,3.365228130356296,4.226547132070043,35.16155593123069,-0.08159280785146628,-0.1931169416888998,0.11152413383743352,1469796.5
295086,UPDCREIT,2026-07-02,8.7,8.7,1790636,2026-07-02T15:10:03.065554+00:00,-4.395604395604402,-6.666666666666665,0.0,0.0,9.459999999999999,10.195,9.601,3.4557721258003817,4.27939461450223,31.089695810764205,-0.1740585353550177,-0.228466135353961,0.05440759999894328,1492698.1
295524,UPDCREIT,2026-07-03,8.7,8.7,657471,2026-07-03T15:10:03.019266+00:00,0.0,-4.395604395604402,0.0,-4.761904761904767,9.2,10.125,9.62,3.2831302153608286,4.251704081066603,31.08969581076421,-0.2445196206030431,-0.23914177648158913,-0.005377844121453992,1484173.2
295962,UPDCREIT,2026-07-06,8.7,8.7,363090,2026-07-06T15:10:03.100823+00:00,0.0,0.0,-2.500000000000002,0.0,8.99,10.055,9.642,3.2831302153608286,4.2395359095985174,31.089695810764205,-0.2969376261893526,-0.2332478256543189,-0.06368980053503372,1453544.4
296400,UPDCREIT,2026-07-07,9.5,9.5,1538560,2026-07-07T15:10:03.687653+00:00,9.195402298850585,0.0,0.0,-1.9999999999999907,8.940000000000001,9.98,9.68,3.3272510933271127,4.419258046451778,46.55106270872585,-0.27080429579470433,-0.1656915962077365,-0.10511269958696784,1458170.45
296838,UPDCREIT,2026-07-08,10.4,10.4,1198136,2026-07-08T15:10:02.922872+00:00,9.473684210526322,9.195402298850585,-6.666666666666665,2.0408163265306145,9.2,9.95,9.737,4.029213209875439,4.591953484102237,57.97485184284315,-0.1754485036530884,-0.05626864325289643,-0.11917986040019196,1477814.7
297277,UPDCREIT,2026-07-09,10.4,10.4,1624295,2026-07-09T15:10:03.041812+00:00,0.0,9.473684210526322,-4.395604395604402,0.0,9.54,9.930000000000001,9.795,4.011362931462572,4.588762475223856,57.974851842843144,-0.09874013654893687,0.016351779081004075,-0.11509191562994095,1440529.2
297715,UPDCREIT,2026-07-10,10.65,10.65,1361797,2026-07-10T15:10:03.284445+00:00,2.4038461538461453,0.0,0.0,0.0,9.93,9.9125,9.856,4.02746518042348,4.593989917752938,60.68210126197993,-0.01757272486849004,0.07801535260916073,-0.09558807747765077,1431207.0
298153,UPDCREIT,2026-07-13,10.65,10.65,2864470,2026-07-13T15:10:02.995074+00:00,0.0,2.4038461538461453,0.0,-2.500000000000002,10.320000000000002,9.905,9.922,4.006777775919565,4.557924631923002,60.682101261979945,0.04622023556340871,0.11344665043284759,-0.06722641486943888,1494043.3
298591,UPDCREIT,2026-07-14,10.65,10.65,806851,2026-07-14T15:10:03.094441+00:00,0.0,0.0,9.195402298850585,0.0,10.55,9.8875,9.985,3.9831754327342335,4.556148597944455,60.68210126197993,0.09567374888682245,0.13032013100500905,-0.03464638211818662,1491981.55
299029,UPDCREIT,2026-07-15,10.65,10.65,861008,2026-07-15T15:10:03.078609+00:00,0.0,0.0,9.473684210526322,-6.666666666666665,10.6,9.895,10.048,3.8426413411304,4.556148597944455,60.68210126197993,0.1333290798509026,0.13438036957527136,-0.0010512897243687772,1435274.8
299467,UPDCREIT,2026-07-16,10.65,10.65,931163,2026-07-16T15:10:03.113936+00:00,0.0,0.0,0.0,-4.395604395604402,10.65,9.9025,10.111,3.8426413411304,4.556148597944455,60.68210126197993,0.16131170006662288,0.12989039183279333,0.031421308233829555,1431353.05
299905,UPDCREIT,2026-07-17,10.65,10.65,550379,2026-07-17T15:10:03.053983+00:00,0.0,0.0,2.4038461538461453,0.0,10.65,9.934999999999999,10.173,3.6664486264038563,4.557538974966265,60.68210126197992,0.18139709539157067,0.11998062972619289,0.06141646566537778,1333204.4
