id,symbol,trade_date,open_price,close_price,volume,created_at,returns_pct,lag_return1,lag_return5,lag_return10,stock_MA_5,stock_MA_20,stock_MA_50,returns_volatility_20,returns_volatility_50,stock_RSI,MACD,MACD_hist,MACD_signal,stock_volume_MA_20
48166,TOTAL,2017-03-14,280.0,280.0,20011,2026-04-08T02:45:11.088473+00:00,0.0,2.941176470588225,0.35335689045936647,3.6592066224680364,280.0,277.509,282.4676,1.458816877432414,1.9427006399580709,50.94921861833901,-0.24806927664769773,0.7850516401116452,-1.033120916759343,31491.95
48258,TOTAL,2017-03-15,280.0,280.0,124377,2026-04-08T02:45:12.861206+00:00,0.0,0.0,0.0,0.0,279.2,278.009,282.0876,1.458816877432414,1.9427006399580709,50.949218618339,-0.19568527335349017,0.6699485147246823,-0.8656337880781725,37269.5
48350,TOTAL,2017-03-16,274.55,274.55,143750,2026-04-08T02:45:15.084197+00:00,-1.9464285714285712,0.0,0.0,0.0,277.31,278.231,281.59860000000003,1.535336269718739,1.959824137862453,43.02660278777741,-0.5871714784835831,0.22276984767567154,-0.8099413261592546,43392.45
48442,TOTAL,2017-03-17,274.55,274.55,146856,2026-04-08T02:45:17.543831+00:00,0.0,-1.9464285714285712,-4.225352112676061,0.0,277.82,278.308,281.1096,1.5179068841762537,1.959824137862453,43.02660278777742,-0.8872000269076352,-0.061806960598704386,-0.8253930663089308,49578.95
48534,TOTAL,2017-03-20,274.55,274.55,89513,2026-04-08T02:45:21.873889+00:00,0.0,0.0,2.941176470588225,0.0,276.73,278.385,280.6006,1.5179068841762537,1.9587019982357963,43.02660278777741,-1.1121545873320997,-0.229409216818535,-0.8827453705135647,53486.2
48626,TOTAL,2017-03-21,275.0,275.0,388438,2026-04-08T02:45:25.078347+00:00,0.1639045711163689,0.0,0.0,0.35335689045936647,275.73,278.48449999999997,280.0006,1.5181271300037453,1.9415831541799056,43.92581888180714,-1.239829475558338,-0.28566728403581854,-0.9541621915225194,72442.5
48718,TOTAL,2017-03-22,272.9,272.9,79683,2026-04-08T02:45:26.626215+00:00,-0.7636363636363774,0.1639045711163689,0.0,0.0,274.31,278.47900000000004,279.3586,1.5289436110552659,1.9430746893512596,40.697674069847345,-1.4932519153304042,-0.43127177904630787,-1.0619801362840964,75773.9
48810,TOTAL,2017-03-23,272.9,272.9,24788,2026-04-08T02:45:28.377346+00:00,0.0,-0.7636363636363774,-1.9464285714285712,0.0,273.98,278.4735,278.7366,1.5289436110552659,1.9431998513127258,40.69767406984734,-1.674785144036889,-0.4902440062022342,-1.1845411378346549,76414.25
48902,TOTAL,2017-03-24,272.9,272.9,51358,2026-04-08T02:45:30.775015+00:00,0.0,0.0,0.0,-4.225352112676061,273.65,278.46799999999996,278.1946,1.5289436110552659,1.9366379368662696,40.697674069847345,-1.7979261620372995,-0.4907080193621156,-1.3072181426751839,78418.05
48994,TOTAL,2017-03-27,272.9,272.9,26583,2026-04-08T02:45:34.704999+00:00,0.0,0.0,0.0,2.941176470588225,273.32,278.4625,277.9446,1.5289436110552659,1.8142349861054543,40.69767406984733,-1.8739149805613806,-0.45335747030895734,-1.4205575102524233,77584.7
49086,TOTAL,2017-03-28,260.0,260.0,51461,2026-04-08T02:45:36.347457+00:00,-4.727006229388042,0.0,0.1639045711163689,0.0,270.32,277.3125,277.43559999999997,1.622325963464678,1.9297826484996514,25.321864940266842,-2.9411550522761445,-1.2164780336189769,-1.7246770186571676,79451.75
49178,TOTAL,2017-03-29,269.98,269.98,47669,2026-04-08T02:45:38.731306+00:00,3.838461538461546,-4.727006229388042,-0.7636363636363774,0.0,269.736,276.6615,277.12620000000004,1.879992370601982,2.011242396770629,43.20062703664966,-2.9476690110010964,-0.9783935938751429,-1.9692754171259534,81177.75
49270,TOTAL,2017-03-30,269.98,269.98,23242,2026-04-08T02:45:40.513553+00:00,0.0,3.838461538461546,0.0,-1.9464285714285712,269.152,276.0105,276.6264,1.879992370601982,1.9496430892726093,43.20062703664965,-2.919180870275625,-0.7599243625197367,-2.159256507755888,81341.05
49362,TOTAL,2017-03-31,269.98,269.98,80734,2026-04-08T02:45:42.281198+00:00,0.0,0.0,0.0,0.0,268.56800000000004,275.35949999999997,276.406,1.879992370601982,1.8343300081957779,43.20062703664965,-2.8635940834362827,-0.5634700605443159,-2.300124022891967,84884.7
49638,TOTAL,2017-04-03,260.0,260.0,27656,2026-04-08T02:51:07.481095+00:00,-3.6965701163049203,0.0,0.0,0.0,265.988,274.2095,275.866,2.0328966572993474,1.8765940919090263,33.25636058949199,-3.5835349873833593,-1.0267287715931137,-2.5568062157902456,84401.7
49730,TOTAL,2017-04-04,260.0,260.0,20532,2026-04-08T02:51:09.86923+00:00,0.0,-3.6965701163049203,-4.727006229388042,0.1639045711163689,265.988,273.0095,275.32599999999996,2.0275046080207995,1.8765940919090263,33.25636058949198,-4.1067532456053755,-1.2399576238521037,-2.8667956217532717,82834.2
49822,TOTAL,2017-04-05,260.0,260.0,55388,2026-04-08T02:51:12.308135+00:00,0.0,0.0,3.838461538461546,-0.7636363636363774,263.992,271.80949999999996,274.786,2.0275046080207995,1.8765940919090263,33.25636058949199,-4.469881473607131,-1.2824686814830875,-3.187412792124044,84909.7
49914,TOTAL,2017-04-06,260.0,260.0,209638,2026-04-08T02:51:14.846493+00:00,0.0,0.0,0.0,0.0,261.996,270.60949999999997,274.286,2.0275046080207995,1.8752650445454246,33.25636058949199,-4.703444826330951,-1.2128256273655258,-3.4906191989654256,94326.8
50006,TOTAL,2017-04-07,259.35,259.35,155834,2026-04-08T02:51:17.320635+00:00,-0.24999999999999467,0.0,0.0,0.0,259.87,269.977,273.4938,1.819035170737883,1.7269953103235438,32.59899278138213,-4.884687398107928,-1.1152545593140024,-3.769432838793926,91883.3
50097,TOTAL,2017-04-10,270.0,270.0,22399,2026-04-08T02:51:21.583607+00:00,4.106419895893576,-0.24999999999999467,-3.6965701163049203,0.0,261.87,269.477,272.9146,1.9403003754891264,1.8343590849687414,50.02825969766198,-4.121447961202648,-0.28161209792697717,-3.839835863275671,89495.5
50188,TOTAL,2017-04-11,270.0,270.0,24049,2026-04-08T02:51:23.796131+00:00,0.0,4.106419895893576,0.0,-4.727006229388042,263.87,268.977,272.51439999999997,1.9403003754891264,1.7891785051042475,50.02825969766198,-3.4765002774597633,0.29066846865272655,-3.76716874611249,89697.4
50279,TOTAL,2017-04-12,270.0,270.0,7317,2026-04-08T02:51:26.28287+00:00,0.0,0.0,0.0,3.838461538461546,265.87,268.477,272.3544,1.9403003754891264,1.6928229526991865,50.02825969766197,-2.9315811488582426,0.6684700778033981,-3.6000512266616407,83844.4
50370,TOTAL,2017-04-13,270.0,270.0,91933,2026-04-08T02:51:28.606475+00:00,0.0,0.0,0.0,0.0,267.87,268.2495,272.39439999999996,1.894451166044162,1.6133208136149997,50.02825969766197,-2.4712418754654664,0.9030474809569395,-3.374289356422406,81253.55
50461,TOTAL,2017-04-18,263.0,263.0,111682,2026-04-08T02:51:35.070654+00:00,-2.592592592592591,0.0,-0.24999999999999467,0.0,268.6,267.672,272.2944,1.9765867949358518,1.6553431014275588,40.719316513476016,-2.6408194604088635,0.5867759168108342,-3.2275953772196977,79494.85
50552,TOTAL,2017-04-19,263.0,263.0,15192,2026-04-08T02:51:37.390681+00:00,0.0,-2.592592592592591,4.106419895893576,-3.6965701163049203,267.2,267.09450000000004,272.3144,1.9765867949358518,1.6242030646671988,40.719316513476016,-2.743584582966662,0.3872086354024291,-3.130793218369091,75778.8
50643,TOTAL,2017-04-20,263.0,263.0,19868,2026-04-08T02:51:39.751187+00:00,0.0,0.0,0.0,0.0,265.8,266.4945,272.1744,1.975355218660738,1.5641354005622865,40.719316513476016,-2.792832646703232,0.2703684573326872,-3.0632011040359193,57350.3
50734,TOTAL,2017-04-21,263.0,263.0,29533,2026-04-08T02:51:42.059234+00:00,0.0,0.0,0.0,0.0,264.4,265.9995,272.0344,1.9713497737397148,1.5641354005622865,40.719316513476016,-2.7995901593549206,0.21088875574479937,-3.01047891509972,54842.8
50825,TOTAL,2017-04-24,263.0,263.0,11350,2026-04-08T02:51:46.271638+00:00,0.0,0.0,0.0,0.0,263.0,265.5045,271.89439999999996,1.9713497737397148,1.5641354005622865,40.719316513476016,-2.772980345513872,0.18999885566867825,-2.9629792011825504,54170.9
50916,TOTAL,2017-04-25,263.0,263.0,88670,2026-04-08T02:51:48.506234+00:00,0.0,0.0,-2.592592592592591,-0.24999999999999467,263.0,265.0095,271.7544,1.9713497737397148,1.5641354005622865,40.71931651347602,-2.7205312851482404,0.19395833282744812,-2.9144896179756885,56036.5
51007,TOTAL,2017-04-26,263.0,263.0,10910,2026-04-08T02:51:50.787758+00:00,0.0,0.0,0.0,4.106419895893576,263.0,264.5145,271.6144,1.9713497737397148,1.5641354005622865,40.719316513476016,-2.648435510956972,0.21284328561497334,-2.8612787965719453,55252.85
51098,TOTAL,2017-04-27,263.0,263.0,19998,2026-04-08T02:51:53.168104+00:00,0.0,0.0,0.0,0.0,263.0,264.6645,271.4744,1.6534865247458905,1.5641354005622865,40.71931651347602,-2.56176861652267,0.23960814403942043,-2.8013767605620905,53679.7
51189,TOTAL,2017-04-28,263.0,263.0,13346,2026-04-08T02:51:55.619599+00:00,0.0,0.0,0.0,0.0,263.0,264.31550000000004,271.33439999999996,1.3957725545676927,1.5641354005622865,40.719316513476016,-2.464673259156541,0.2693628011244398,-2.734036060280981,51963.55
51280,TOTAL,2017-05-02,265.0,265.0,54784,2026-04-08T02:52:01.291461+00:00,0.7604562737642651,0.0,0.0,0.0,263.4,264.0665,271.23220000000003,1.4095504689935063,1.5682046146760293,46.28332997813178,-2.200969793879267,0.42645301312137107,-2.627422807000638,53540.65
51371,TOTAL,2017-05-03,255.0,255.0,32860,2026-04-08T02:52:03.619408+00:00,-3.7735849056603765,0.7604562737642651,0.0,-2.592592592592591,261.8,263.3175,270.872,1.6326715648081944,1.64669327027087,30.745004395626573,-2.767003035683331,-0.11166418294615399,-2.655338852737177,51146.95
51462,TOTAL,2017-05-04,255.0,255.0,28567,2026-04-08T02:52:06.041901+00:00,0.0,-3.7735849056603765,0.0,0.0,260.2,263.0675,270.5118,1.4200065741171135,1.64669327027087,30.745004395626566,-3.1789435751517203,-0.4188837779316348,-2.7600597972200855,51192.5
51553,TOTAL,2017-05-05,255.0,255.0,10819,2026-04-08T02:52:08.320033+00:00,0.0,0.0,0.0,0.0,258.6,262.8175,270.1516,1.4200065741171135,1.64669327027087,30.74500439562657,-3.4654617348474517,-0.5643215501018926,-2.901140184745559,50706.85
51644,TOTAL,2017-05-08,255.0,255.0,19955,2026-04-08T02:52:12.828428+00:00,0.0,0.0,0.0,0.0,257.0,262.5675,269.7914,1.4200065741171135,1.64669327027087,30.74500439562657,-3.650449333072345,-0.5994473186614284,-3.0510020144109165,48935.2
51735,TOTAL,2017-05-09,249.0,249.0,150844,2026-04-08T02:52:15.102333+00:00,-2.352941176470591,0.0,0.7604562737642651,0.0,253.8,262.01750000000004,269.3112,1.5071735484622977,1.6764571098047383,24.190801743444883,-4.232414552957096,-0.945130030836943,-3.2872845221201525,45995.5
51826,TOTAL,2017-05-10,255.0,255.0,156073,2026-04-08T02:52:17.709352+00:00,2.4096385542168752,-2.352941176470591,-3.7735849056603765,0.0,253.8,261.8,268.95099999999996,1.616381474174577,1.7156239774018203,38.345345032869474,-4.1615050864513705,-0.6993764514649738,-3.4621286349863967,46007.45
51917,TOTAL,2017-05-11,263.0,263.0,270761,2026-04-08T02:52:19.900179+00:00,3.1372549019607954,2.4096385542168752,0.0,0.0,255.4,261.45,268.7508,1.494445859724861,1.7764638189722244,51.38030276839013,-3.4203480390584673,0.0334244767423435,-3.453772515800811,58425.55
52008,TOTAL,2017-05-12,268.9,268.9,39995,2026-04-08T02:52:22.170941+00:00,2.243346007604563,3.1372549019607954,0.0,0.0,258.18,261.395,268.4688,1.5853940999841154,1.7265663593611633,58.37053071443943,-2.330035844787062,0.8989893368109989,-3.229025181598061,59222.85
52100,TOTAL,2017-05-15,268.9,268.9,18764,2026-04-08T02:52:26.563035+00:00,0.0,2.243346007604563,0.0,0.0,260.96,261.34000000000003,268.1868,1.5853940999841154,1.7265663593611633,58.370530714439425,-1.449249529106794,1.4238205219930138,-2.8730700510998077,59795.2
52192,TOTAL,2017-05-16,265.0,265.0,218641,2026-04-08T02:52:28.807233+00:00,-1.4503532911863015,0.0,-2.352941176470591,0.7604562737642651,264.15999999999997,261.09000000000003,267.8268,1.6178272588924225,1.7372170626148118,52.57563557636588,-1.0537702273161358,1.4554398590269377,-2.5092100863430735,66130.6
52284,TOTAL,2017-05-17,265.0,265.0,303484,2026-04-08T02:52:31.099411+00:00,0.0,-1.4503532911863015,2.4096385542168752,-3.7735849056603765,266.15999999999997,261.19,267.4668,1.5059881405460167,1.7372170626148118,52.575635576365876,-0.7319129939780282,1.4218376738920364,-2.1537506678700646,75720.7
52376,TOTAL,2017-05-18,270.0,270.0,57485,2026-04-08T02:52:33.303088+00:00,1.8867924528301883,0.0,3.1372549019607954,0.0,267.56,261.54,267.2068,1.5608744655218925,1.7601403017220267,58.6756729225101,-0.07254435824046368,1.6649650477036808,-1.7375094059441445,77835.35
52468,TOTAL,2017-05-19,265.0,265.0,484984,2026-04-08T02:52:35.640534+00:00,-1.851851851851849,1.8867924528301883,2.243346007604563,0.0,266.78,261.64,266.8268,1.6234771445058274,1.7766426787301142,51.5367501050224,0.04602131771622453,1.4268245789282952,-1.3808032612120706,101091.15
52560,TOTAL,2017-05-22,270.0,270.0,190596,2026-04-08T02:52:39.854932+00:00,1.8867924528301883,-1.851851851851849,0.0,0.0,267.0,261.99,266.5468,1.6744132940275536,1.7991999344416785,57.151094208337156,0.5372505929789781,1.534443083352839,-0.9971924903738609,109144.3
52652,TOTAL,2017-05-23,260.01,260.01,50345,2026-04-08T02:52:42.264162+00:00,-3.7000000000000033,1.8867924528301883,-1.4503532911863015,-2.352941176470591,266.002,261.84049999999996,266.067,1.8826967079694608,1.87031155777967,45.747662445178456,0.1190712434785155,0.8930109870819012,-0.7739397436033857,111094.05
52744,TOTAL,2017-05-24,260.05,260.05,13482,2026-04-08T02:52:44.613941+00:00,0.015384023691411564,-3.7000000000000033,0.0,2.4096385542168752,265.012,261.693,265.82800000000003,1.8827171489105943,1.775925999353347,45.79429993449297,-0.2067282040613918,0.45376923163359506,-0.6604974356949869,107334.65
52836,TOTAL,2017-05-25,260.05,260.05,32892,2026-04-08T02:52:46.963191+00:00,0.0,0.015384023691411564,1.8867924528301883,3.1372549019607954,263.02200000000005,261.5455,265.42900000000003,1.8827171489105943,1.7218945226472542,45.79429993449296,-0.4596283045094083,0.16069530494846296,-0.6203236094578712,108433.75
52928,TOTAL,2017-05-26,260.0,260.0,70425,2026-04-08T02:52:49.347152+00:00,-0.019227071716987343,0.0,-1.851851851851849,2.243346007604563,262.02200000000005,261.39549999999997,265.029,1.8827008517382209,1.7218663313244005,45.73730101537872,-0.6565200834414782,-0.028957179186885562,-0.6275629042545926,110955.1
53020,TOTAL,2017-05-30,260.0,260.0,52410,2026-04-08T02:52:54.942696+00:00,0.0,-0.019227071716987343,1.8867924528301883,0.0,260.02200000000005,261.2455,264.629,1.8827008517382209,1.7218663313244005,45.73730101537872,-0.8032983138476766,-0.14058832767446716,-0.6627099861732094,112908.3
53112,TOTAL,2017-05-31,265.0,265.0,38166,2026-04-08T02:52:57.421655+00:00,1.9230769230769162,0.0,-3.7000000000000033,-1.4503532911863015,261.02000000000004,261.2455,264.438,1.9261771261002827,1.7256753273374057,52.58218512298661,-0.5102807073129156,0.12194342308823503,-0.6322241304011507,112077.4
53204,TOTAL,2017-06-01,265.0,265.0,8462,2026-04-08T02:52:59.649981+00:00,0.0,1.9230769230769162,0.015384023691411564,0.0,262.01000000000005,261.7455,264.247,1.7076817095223837,1.7256753273374057,52.582185122986616,-0.2748933437052301,0.2858646293567365,-0.5607579730619666,110857.5
53296,TOTAL,2017-06-02,265.0,265.0,117801,2026-04-08T02:53:02.056444+00:00,0.0,0.0,0.0,1.8867924528301883,263.0,262.2455,264.056,1.7076817095223837,1.7256753273374057,52.582185122986616,-0.08734035690486053,0.3787340929256849,-0.4660744498305454,115319.2
53388,TOTAL,2017-06-05,270.0,270.0,94771,2026-04-08T02:53:06.428901+00:00,1.8867924528301883,0.0,-0.019227071716987343,-1.851851851851849,265.0,262.9955,263.95599999999996,1.7473362398257837,1.7472249649692257,59.036059204763845,0.45945859693483726,0.7404264374123062,-0.2809678404774689,119516.8
53480,TOTAL,2017-06-06,270.0,270.0,48171,2026-04-08T02:53:08.604609+00:00,0.0,1.8867924528301883,0.0,1.8867924528301883,267.0,263.7455,263.89799999999997,1.7473362398257837,1.7439413892475053,59.036059204763845,0.8826263402914378,0.9308753446151254,-0.04824900432368756,120927.6
53572,TOTAL,2017-06-07,275.01,275.01,75128,2026-04-08T02:53:10.833265+00:00,1.8555555555555436,0.0,1.9230769230769162,-3.7000000000000033,269.002,265.046,263.9402,1.6622810959324956,1.7637113078583522,64.63036962001573,1.6037677193851891,1.3216133789671014,0.2821543404180878,117141.8
53664,TOTAL,2017-06-08,279.5,279.5,64814,2026-04-08T02:53:13.196386+00:00,1.632667902985352,1.8555555555555436,0.0,0.015384023691411564,271.902,266.271,264.0722,1.6242207114121094,1.7781852292855929,68.7494125225356,2.5086646093374156,1.7812082151354622,0.7274563942019534,112578.85
53756,TOTAL,2017-06-09,282.0,282.0,60158,2026-04-08T02:53:15.53674+00:00,0.8944543828264706,1.632667902985352,0.0,0.0,275.302,267.221,264.2542,1.503479108085002,1.7820297809865102,70.78921174413671,3.3884708381110045,2.128811555127241,1.2596592829837636,102048.7
53848,TOTAL,2017-06-12,271.0,271.0,225034,2026-04-08T02:53:19.709801+00:00,-3.900709219858156,0.8944543828264706,1.8867924528301883,-0.019227071716987343,275.502,267.326,264.4742,1.7117216118680754,1.7398620482323999,54.06684854929721,3.161669782727188,1.5216083997947394,1.6400613829324484,111300.65
53940,TOTAL,2017-06-13,282.55,282.55,69317,2026-04-08T02:53:22.046011+00:00,4.261992619926214,-3.900709219858156,0.0,0.0,278.012,268.0085,264.7256,1.9530633693797312,1.7593670808873776,63.74992687312477,3.86931374466036,1.7834018893823291,2.085911855278031,113828.3
54032,TOTAL,2017-06-14,282.5,282.5,81879,2026-04-08T02:53:24.253383+00:00,-0.017695983011856153,4.261992619926214,1.8555555555555436,1.9230769230769162,279.51,268.8835,264.976,1.9126513359059494,1.759390671596133,63.68733571517958,4.375652304640425,1.8317923594899157,2.5438599451505097,106990.2
54124,TOTAL,2017-06-15,282.5,282.5,9861,2026-04-08T02:53:26.527181+00:00,0.0,-0.017695983011856153,1.632667902985352,0.0,280.11,269.7585,265.2264,1.9126513359059494,1.759390671596133,63.68733571517958,4.722491321096129,1.742905100756495,2.979586220339634,92309.05
54216,TOTAL,2017-06-16,271.0,271.0,48970,2026-04-08T02:53:28.80273+00:00,-4.070796460176995,0.0,0.8944543828264706,0.0,277.90999999999997,269.8085,265.4464,2.112207532303069,1.7766084183039845,50.469520489565895,4.023034808961995,0.8347588708978888,3.1882759380641064,91883.3
54308,TOTAL,2017-06-19,272.01,272.01,88717,2026-04-08T02:53:33.036647+00:00,0.37269372693726766,-4.070796460176995,-3.900709219858156,1.8867924528301883,278.11199999999997,270.159,265.6866,2.0654034517889426,1.77696886841514,51.42307350823843,3.5097508201508276,0.25717990566937665,3.252570914481451,72069.95
54400,TOTAL,2017-06-20,272.01,272.01,21484,2026-04-08T02:53:35.524675+00:00,0.0,0.37269372693726766,4.261992619926214,0.0,276.004,270.2595,265.9268,2.0246370484259844,1.77696886841514,51.42307350823843,3.0676080845278193,-0.1479702639629057,3.215578348490725,63614.35
54492,TOTAL,2017-06-21,272.01,272.01,10279,2026-04-08T02:53:37.865913+00:00,0.0,0.0,-0.017695983011856153,1.8555555555555436,273.906,270.8595,266.16700000000003,1.82222822684768,1.77696886841514,51.42307350823843,2.6862414616376213,-0.4234695094824832,3.1097109711201045,61611.05
54584,TOTAL,2017-06-22,272.01,272.01,21180,2026-04-08T02:53:40.094955+00:00,0.0,0.0,0.0,1.632667902985352,271.808,271.4575,266.4202,1.8223320358624147,1.776298685301388,51.42307350823844,2.356837509667969,-0.6022987691617088,2.9591362788296776,61995.95
54676,TOTAL,2017-06-23,272.01,272.01,5464,2026-04-08T02:53:42.493578+00:00,0.0,0.0,-4.070796460176995,0.8944543828264706,272.01,272.0555,266.4604,1.8223320358624147,1.6801193119738524,51.42307350823844,2.0718989431998125,-0.7097898685038921,2.7816888117037046,60624.55
54768,TOTAL,2017-06-28,272.1,272.1,35081,2026-04-08T02:53:49.135881+00:00,0.033087018859623285,0.0,0.37269372693726766,-3.900709219858156,272.02799999999996,272.6605,266.50239999999997,1.821976457511164,1.6801142760092909,51.54348530559681,1.8322245798051426,-0.75957138551885,2.5917959653239926,58857.35
54860,TOTAL,2017-06-29,272.1,272.1,15650,2026-04-08T02:53:51.51214+00:00,0.0,0.033087018859623285,0.0,4.261992619926214,272.046,273.2655,266.5444,1.821976457511164,1.6801142760092909,51.54348530559681,1.62356546797389,-0.7745843978800822,2.398149865853972,57019.35
54952,TOTAL,2017-06-30,280.0,280.0,125959,2026-04-08T02:53:53.827964+00:00,2.9033443586916396,0.0,0.0,-0.017695983011856153,273.644,274.0155,266.7444,1.881740564622349,1.7285507180907462,61.30734420163956,2.0717833664767795,-0.26109319950175447,2.332876565978534,61409.0
55044,TOTAL,2017-07-03,266.0,266.0,517333,2026-04-08T02:53:58.279599+00:00,-5.000000000000004,2.9033443586916396,0.0,0.0,272.442,274.0655,266.8044,2.223720172145651,1.8349787430119726,44.279556949438,1.2825320520106516,-0.8402756111743059,2.1228076631849575,86852.55
55136,TOTAL,2017-07-04,266.0,266.0,7590,2026-04-08T02:54:00.563227+00:00,0.0,-5.000000000000004,0.0,-4.070796460176995,271.24,274.1155,266.8644,2.223720172145651,1.8349787430119726,44.279556949437996,0.6495570101695307,-1.1786005224123415,1.8281575325818722,81342.0
55228,TOTAL,2017-07-05,266.0,266.0,22360,2026-04-08T02:54:02.831513+00:00,0.0,0.0,0.033087018859623285,0.37269372693726766,270.02,273.91549999999995,266.9244,2.1809745596032437,1.8349787430119726,44.279556949438,0.1462340342521884,-1.345538798663747,1.4917728329159354,77721.45
55320,TOTAL,2017-07-06,266.0,266.0,2169,2026-04-08T02:54:05.078114+00:00,0.0,0.0,0.0,0.0,268.8,273.71549999999996,266.9844,2.1809745596032437,1.8349787430119726,44.279556949437996,-0.24977381336680082,-1.3932373170261891,1.1434635036593883,75421.35
55412,TOTAL,2017-07-07,266.0,266.0,5452,2026-04-08T02:54:07.286065+00:00,0.0,0.0,2.9033443586916396,0.0,266.0,273.265,267.0444,2.134540311275603,1.8349787430119726,44.279556949437996,-0.5571899468191077,-1.3605227603827967,0.8033328135636891,71937.55
55504,TOTAL,2017-07-10,266.0,266.0,9743,2026-04-08T02:54:11.798817+00:00,0.0,0.0,-5.000000000000004,0.0,266.0,272.59,267.1044,2.093826787855794,1.8349787430119726,44.279556949437996,-0.7916932998450648,-1.2760208907270032,0.48432759088193833,69184.0
55596,TOTAL,2017-07-11,259.99,259.99,499637,2026-04-08T02:54:14.116532+00:00,-2.2593984962405944,0.0,0.0,0.0,264.798,271.4895,267.0442,2.123538618812618,1.8635640679994983,37.33537938159671,-1.44582905164782,-1.5441253140238067,0.09829626237598665,91157.95
55683,TOTAL,2017-07-12,260.0,260.0,212610,2026-04-08T02:54:16.498015+00:00,0.003846301780829897,-2.2593984962405944,0.0,0.033087018859623285,263.598,270.9395,266.9842,1.956081332054005,1.863564394409466,37.35298406224179,-1.9410541671439887,-1.6314803436159804,-0.30957382352800844,90536.75
55770,TOTAL,2017-07-13,260.0,260.0,45534,2026-04-08T02:54:18.840036+00:00,0.0,0.003846301780829897,0.0,0.0,262.398,269.812,266.9242,1.6546266960397362,1.863564394409466,37.35298406224179,-2.306930777095147,-1.5978855628537105,-0.7090452142414362,89347.6
55862,TOTAL,2017-07-14,260.0,260.0,596,2026-04-08T02:54:21.336813+00:00,0.0,0.0,0.0,2.9033443586916396,261.198,268.687,266.82419999999996,1.6548475893639625,1.8602834885089514,37.35298406224179,-2.567296431306545,-1.486600973652087,-1.0806954576544578,85283.45
55954,TOTAL,2017-07-17,260.0,260.0,6427,2026-04-08T02:54:25.561903+00:00,0.0,0.0,0.0,-5.000000000000004,259.998,267.562,266.9242,1.6548475893639625,1.7797374408466424,37.35298406224179,-2.7420296768418666,-1.329067375349927,-1.4129623014919397,85111.75
56046,TOTAL,2017-07-18,260.0,260.0,18977,2026-04-08T02:54:28.120242+00:00,0.0,0.0,-2.2593984962405944,0.0,260.0,267.012,267.0242,1.412269279714682,1.7797374408466424,37.35298406224179,-2.8476807418414296,-1.1477747522795918,-1.6999059895618378,83612.1
56138,TOTAL,2017-07-19,259.5,259.5,37251,2026-04-08T02:54:30.645734+00:00,-0.19230769230769162,0.0,0.003846301780829897,0.0,259.9,266.3865,267.1142,1.4059035765328165,1.780065333906095,36.608120734763695,-2.9378896304668842,-0.990386912724037,-1.9475027177428472,81038.8
56230,TOTAL,2017-07-20,256.11,256.11,45455,2026-04-08T02:54:33.025266+00:00,-1.3063583815028812,-0.19230769230769162,0.0,0.0,259.122,265.5915,267.1364,1.425087658041975,1.7903808536958885,31.955372510267352,-3.245513236877514,-1.0384084153077335,-2.2071048215697804,82237.35
56322,TOTAL,2017-07-21,256.99,256.99,75114,2026-04-08T02:54:35.480817+00:00,0.34360235836163877,-1.3063583815028812,0.0,0.0,258.52,264.84049999999996,267.2962,1.4308385802189272,1.7576182902643984,34.290070843460704,-3.379343546892926,-0.9377909802585163,-2.44155256663441,85479.1
56414,TOTAL,2017-07-24,256.99,256.99,14337,2026-04-08T02:54:39.934321+00:00,0.0,0.34360235836163877,0.0,0.0,257.918,264.0895,267.336,1.4308385802189272,1.725128704751297,34.2900708434607,-3.445685316313643,-0.8033061997433864,-2.6423791165702566,85136.95
56506,TOTAL,2017-07-26,268.0,268.0,61947,2026-04-08T02:54:43.20598+00:00,4.2842133935172555,0.0,0.0,-2.2593984962405944,259.51800000000003,263.889,267.436,1.7574008837898185,1.7742133743851378,56.1309184295625,-2.5801048186653475,0.04981943832392721,-2.6299242569892747,87961.1
56598,TOTAL,2017-07-27,270.0,270.0,132880,2026-04-08T02:54:45.547579+00:00,0.746268656716409,4.2842133935172555,-0.19230769230769162,0.003846301780829897,261.61800000000005,263.784,267.45799999999997,1.7665898873534644,1.748950346102633,58.80925699740789,-1.712996396648407,0.7335422882726945,-2.4465386849211015,92851.05
56690,TOTAL,2017-07-28,270.0,270.0,401368,2026-04-08T02:54:47.918804+00:00,0.0,0.746268656716409,-1.3063583815028812,0.0,264.396,263.679,267.48,1.7665898873534644,1.748950346102633,58.809256997407886,-1.014116619892718,1.145937652022707,-2.160054271915425,112136.95
56782,TOTAL,2017-07-31,270.0,270.0,1383913,2026-04-08T02:54:52.464984+00:00,0.0,0.0,0.34360235836163877,0.0,266.99800000000005,263.179,267.58,1.6271811187755079,1.735990798233537,58.809256997407886,-0.4550043546864231,1.3640399337832017,-1.8190442884696247,175034.65
56874,TOTAL,2017-08-01,270.0,270.0,1086415,2026-04-08T02:54:54.790805+00:00,0.0,0.0,0.0,0.0,269.6,263.379,267.68,1.1640834750889515,1.735990798233537,58.80925699740789,-0.011768199841810656,1.4458208709022513,-1.457589070744062,203488.75
56966,TOTAL,2017-08-02,261.5,261.5,323189,2026-04-08T02:54:57.117603+00:00,-3.1481481481481444,0.0,4.2842133935172555,0.0,268.3,263.154,267.51,1.370208766000614,1.7730377010458156,43.59446683674961,-0.3424319736832899,0.8921256776486177,-1.2345576513319076,219268.7
57058,TOTAL,2017-08-03,261.5,261.5,30843,2026-04-08T02:54:59.3729+00:00,0.0,-3.1481481481481444,0.746268656716409,-0.19230769230769162,266.6,262.929,267.44,1.370208766000614,1.7538353901896313,43.59446683674962,-0.5975966742863648,0.5095687816364345,-1.1071654559227992,219692.85
57150,TOTAL,2017-08-04,261.5,261.5,134780,2026-04-08T02:55:01.592641+00:00,0.0,0.0,0.0,-1.3063583815028812,264.9,262.704,267.27,1.370208766000614,1.7323260301712173,43.59446683674961,-0.7907018194963484,0.2531709091411607,-1.0438727286375091,226323.4
57242,TOTAL,2017-08-07,261.5,261.5,7155,2026-04-08T02:55:06.418828+00:00,0.0,0.0,0.0,0.34360235836163877,263.2,262.479,267.2998,1.370208766000614,1.6502730399237293,43.5944668367496,-0.9329841774870715,0.08871084092035009,-1.0216950184074216,226408.55
57334,TOTAL,2017-08-08,260.0,260.0,32974,2026-04-08T02:55:08.763983+00:00,-0.5736137667303964,0.0,0.0,0.0,261.2,262.179,267.29879999999997,1.3745216573100643,1.652442726814092,41.07226414014789,-1.1534847807278652,-0.1054318098563547,-1.0480529708715105,227570.1
57426,TOTAL,2017-08-09,260.0,260.0,37251,2026-04-08T02:55:11.057796+00:00,0.0,-0.5736137667303964,-3.1481481481481444,4.2842133935172555,260.9,262.1795,267.2978,1.277572993363152,1.652442726814092,41.07226414014789,-1.3130965379024815,-0.2120348536247767,-1.1010616842777048,204450.8
57518,TOTAL,2017-08-10,249.0,249.0,29072,2026-04-08T02:55:13.401484+00:00,-4.230769230769226,0.0,0.0,0.746268656716409,258.4,261.6295,267.07779999999997,1.5907818950668124,1.7580841903190052,27.527192050444093,-2.300677298789708,-0.9596924916096023,-1.3409848071801056,195273.9
57610,TOTAL,2017-08-11,249.0,249.0,69797,2026-04-08T02:55:15.670877+00:00,0.0,-4.230769230769226,0.0,0.0,255.9,261.0795,266.8578,1.5907818950668124,1.7580841903190052,27.52719205044409,-3.0482043644558985,-1.3657756458206343,-1.6824287186352642,196487.05
57702,TOTAL,2017-08-14,236.55,236.55,90547,2026-04-08T02:55:20.026285+00:00,-4.999999999999993,0.0,0.0,0.0,250.91,259.907,266.28880000000004,1.916584095541133,1.8670613606000444,19.210944255822493,-4.592298739385711,-2.3278960166003575,-2.264402722785354,200984.6
57794,TOTAL,2017-08-15,236.55,236.55,43180,2026-04-08T02:55:22.633816+00:00,0.0,-4.999999999999993,-0.5736137667303964,0.0,246.21999999999997,258.73449999999997,265.7198,1.916584095541133,1.8670613606000444,19.210944255822497,-5.749725400776526,-2.7882581423929382,-2.961467258383588,202822.25
57886,TOTAL,2017-08-16,227.0,227.0,33032,2026-04-08T02:55:24.979188+00:00,-4.037201437328264,0.0,0.0,-3.1481481481481444,239.61999999999998,257.0845,264.9598,2.0725274386470063,1.943541908189206,15.141480115401041,-7.352840586757594,-3.5130986626992047,-3.8397419240583894,203525.0
57978,TOTAL,2017-08-17,228.11,228.11,290648,2026-04-08T02:55:27.3994+00:00,0.48898678414097674,-4.037201437328264,-4.230769230769226,0.0,235.442,255.51500000000001,264.122,2.0860995888737075,1.9215145325757974,17.333391169697393,-8.43650244942927,-3.677408420296704,-4.759094029132566,216194.85
58070,TOTAL,2017-08-18,228.11,228.11,59320,2026-04-08T02:55:29.67842+00:00,0.0,0.48898678414097674,0.0,0.0,231.26400000000004,254.115,263.2842,2.0839829720227376,1.9215145325757974,17.333391169697396,-9.189382798252609,-3.5442310152960346,-5.6451517829565745,216888.1
58162,TOTAL,2017-08-21,228.11,228.11,14820,2026-04-08T02:55:34.023067+00:00,0.0,0.0,-4.999999999999993,0.0,229.57600000000002,252.671,262.3462,2.0775800080456803,1.8964273424781257,17.333391169697393,-9.674524008319338,-3.223497780290211,-6.451026228029127,213873.4
58254,TOTAL,2017-08-22,239.51,239.51,52341,2026-04-08T02:55:36.334754+00:00,4.997588882556658,0.0,0.0,-0.5736137667303964,230.16800000000003,251.79699999999997,261.5464,2.4221554262886578,2.0238439207397056,37.90684208351285,-9.034967702721246,-2.067153179753695,-6.967814522967552,215773.6
58346,TOTAL,2017-08-23,228.0,228.0,147948,2026-04-08T02:55:38.717606+00:00,-4.805644858252256,4.997588882556658,-4.037201437328264,0.0,230.36800000000002,249.79699999999997,260.4664,2.364148823341901,2.114386014839964,29.833748272321287,-9.34910486838973,-1.9050322763377423,-7.444072592051988,220073.65
58438,TOTAL,2017-08-24,216.8,216.8,235266,2026-04-08T02:55:41.242089+00:00,-4.912280701754379,-4.805644858252256,0.48898678414097674,-4.230769230769226,228.106,247.137,259.38239999999996,2.506426299303756,2.153031555178107,24.390373600535323,-10.382128518205349,-2.350444740922688,-8.03168377728266,225192.95
58530,TOTAL,2017-08-25,216.8,216.8,1637,2026-04-08T02:55:43.579232+00:00,0.0,-4.912280701754379,0.0,0.0,225.844,244.477,258.0674,2.506426299303756,2.045470531762592,24.390373600535327,-11.073162676685286,-2.4331831195220985,-8.639979557163187,205206.4
58622,TOTAL,2017-08-28,236.5,236.5,24010,2026-04-08T02:55:48.020598+00:00,9.086715867158656,0.0,0.0,-4.999999999999993,227.52200000000002,242.802,257.1474,3.3801608709497235,2.4543457184995163,44.899030436897014,-9.91687134584555,-1.0215134309458893,-8.89535791489966,137211.25
58714,TOTAL,2017-08-29,236.5,236.5,20028,2026-04-08T02:55:50.281022+00:00,0.0,9.086715867158656,4.997588882556658,0.0,226.92,241.127,256.2274,3.3801608709497235,2.4543457184995163,44.899030436897014,-8.89793231061958,-0.002059516575936726,-8.895872794043644,83891.9
58806,TOTAL,2017-08-30,243.0,243.0,78662,2026-04-08T02:55:52.499005+00:00,2.748414376321362,0.0,-4.805644858252256,-4.037201437328264,229.92,240.202,255.66740000000001,3.403897458394913,2.4313380179391912,50.08043405249802,-7.4796987951505685,1.1329391991144604,-8.612637994265029,71665.55
58898,TOTAL,2017-08-31,245.0,245.0,261401,2026-04-08T02:55:54.947048+00:00,0.8230452674897082,2.748414376321362,-4.912280701754379,0.48898678414097674,235.56000000000003,239.377,255.12720000000002,3.412830073398264,2.434294215957572,51.588896447929045,-6.123764288214431,1.9910989648404787,-8.11486325305491,83193.45
58990,TOTAL,2017-09-05,233.0,233.0,18199,2026-04-08T02:56:01.572419+00:00,-4.897959183673473,0.8230452674897082,0.0,0.0,238.8,237.952,254.347,3.564733327864963,2.5238020881434267,43.16145574453058,-5.948900907700818,1.7327698762832746,-7.681670783984092,77364.4
59082,TOTAL,2017-09-06,233.0,233.0,16894,2026-04-08T02:56:03.885356+00:00,0.0,-4.897959183673473,9.086715867158656,0.0,238.1,236.527,253.5668,3.564733327864963,2.5238020881434267,43.16145574453058,-5.744105941113759,1.5500518742962672,-7.294157815410026,77851.35
59174,TOTAL,2017-09-07,232.98,232.98,33714,2026-04-08T02:56:06.19045+00:00,-0.008583690987129522,0.0,0.0,4.997588882556658,237.39600000000002,235.176,252.78619999999998,3.566488231752778,2.5237830776600454,43.147831370534966,-5.519789589045672,1.4194945810914836,-6.939284170137156,77888.35
59266,TOTAL,2017-09-11,235.0,235.0,160209,2026-04-08T02:56:11.370569+00:00,0.8670272126362732,-0.008583690987129522,2.748414376321362,-4.805644858252256,235.796,233.926,252.046,3.5779752307445136,2.5287078044815643,45.035008626811575,-5.119999973162777,1.455427357579504,-6.575427330742281,84036.25
59358,TOTAL,2017-09-12,235.0,235.0,171087,2026-04-08T02:56:13.892416+00:00,0.0,0.8670272126362732,0.8230452674897082,-4.912280701754379,233.796,233.22599999999997,251.304,3.465613427856886,2.5286336228045987,45.035008626811575,-4.74842691259164,1.4616003345205133,-6.210027247112153,91137.0
59450,TOTAL,2017-09-13,235.0,235.0,340222,2026-04-08T02:56:16.312215+00:00,0.0,0.0,-4.897959183673473,0.0,234.196,232.52599999999998,250.562,3.465613427856886,2.5286336228045987,45.03500862681157,-4.403195290633221,1.445465565183146,-5.848660855816367,104658.25
59542,TOTAL,2017-09-14,232.1,232.1,35084,2026-04-08T02:56:18.601168+00:00,-1.2340425531914945,0.0,0.0,9.086715867158656,234.016,232.30350000000004,249.604,3.2908479213631163,2.4903567264599324,42.505086016957684,-4.313874842766836,1.2278288104396244,-5.5417036532064605,101885.1
59634,TOTAL,2017-09-15,225.0,225.0,315878,2026-04-08T02:56:20.93666+00:00,-3.05902628177509,-1.2340425531914945,-0.008583690987129522,0.0,232.42,231.72600000000003,248.78400000000002,3.359066934572392,2.4307172347467585,37.02159489630935,-4.76111523440693,0.6244707350396252,-5.385585969446555,115520.0
59726,TOTAL,2017-09-16,225.0,225.0,223552,2026-04-08T02:56:23.148937+00:00,0.0,-3.05902628177509,0.8670272126362732,2.748414376321362,230.42,231.62600000000003,247.96400000000003,3.235178267566396,2.4307172347467585,37.02159489630935,-5.057259527180122,0.2626611538131467,-5.319920680993269,125046.0
59818,TOTAL,2017-09-19,223.1,223.1,137434,2026-04-08T02:56:27.358465+00:00,-0.8444444444444477,0.0,0.0,0.8230452674897082,228.04000000000002,231.37549999999996,247.10600000000002,3.2384111832461127,2.4314847043347014,35.59635997753377,-5.383215773345086,-0.05063607388145375,-5.332579699463632,117385.3
59910,TOTAL,2017-09-20,231.0,231.0,27231,2026-04-08T02:56:29.683375+00:00,3.541012998655324,-0.8444444444444477,0.0,-4.897959183673473,227.24,231.51999999999998,246.40600000000003,3.3372653954642764,2.4918849031715737,45.065948977854895,-4.947047980188387,0.308425375420196,-5.255473355608583,115780.85
60002,TOTAL,2017-09-21,225.0,225.0,28182,2026-04-08T02:56:31.851594+00:00,-2.5974025974025983,3.541012998655324,-1.2340425531914945,0.0,225.82000000000002,231.3645,245.586,3.392069058006091,2.5135132068974224,40.2280326528763,-5.027576940191665,0.18231713233353464,-5.209894072525199,116448.95
60094,TOTAL,2017-09-22,225.0,225.0,4719,2026-04-08T02:56:34.007646+00:00,0.0,-2.5974025974025983,-3.05902628177509,-0.008583690987129522,225.82000000000002,230.63899999999998,244.76600000000002,3.18089783282682,2.5135132068974224,40.2280326528763,-5.033375106117973,0.14121517312578202,-5.174590279243755,114067.85
60186,TOTAL,2017-09-25,231.0,231.0,32049,2026-04-08T02:56:38.385386+00:00,2.6666666666666616,0.0,0.0,0.8670272126362732,227.02000000000004,230.789,244.1862,3.055835199221441,2.531761505511308,46.84587168157016,-4.501924950007606,0.5381322633889196,-5.040057213396525,108272.9
60278,TOTAL,2017-09-26,231.0,231.0,34257,2026-04-08T02:56:40.657356+00:00,0.0,2.6666666666666616,-0.8444444444444477,0.0,228.6,231.49899999999997,243.60620000000003,2.819266081940328,2.5317550885210456,46.84587168157016,-4.03424263453644,0.8046516630880687,-4.838894297624509,98222.45
60370,TOTAL,2017-09-27,231.0,231.0,14753,2026-04-08T02:56:42.968732+00:00,0.0,0.0,3.541012998655324,0.0,228.6,232.20899999999997,243.02620000000002,2.819266081940328,2.5317550885210456,46.84587168157015,-3.6218505909674548,0.973634965325644,-4.595485556293099,98878.25
60462,TOTAL,2017-09-28,231.0,231.0,11279,2026-04-08T02:56:45.128996+00:00,0.0,0.0,-2.5974025974025983,-1.2340425531914945,229.8,231.93399999999997,242.44620000000003,1.9298747331931208,2.5317550885210456,46.84587168157015,-3.257476760923737,1.0704070362954896,-4.327883797219227,98241.7
60554,TOTAL,2017-09-29,231.0,231.0,2343,2026-04-08T02:56:47.398677+00:00,0.0,0.0,0.0,-3.05902628177509,231.0,231.65899999999996,241.86620000000002,1.9298747331931208,2.5317550885210456,46.845871681570166,-2.9348764466624573,1.1144058804454158,-4.049282327107873,97357.45
60646,TOTAL,2017-10-03,235.0,235.0,637854,2026-04-08T02:56:52.779733+00:00,1.7316017316017396,0.0,2.6666666666666616,0.0,231.8,231.25899999999996,241.36620000000002,1.8631325766994062,2.5464185881376307,51.98006667870988,-2.3295927081766763,1.3757516951449578,-3.705344403321634,125317.05
60738,TOTAL,2017-10-04,239.5,239.5,266901,2026-04-08T02:56:55.065177+00:00,1.914893617021285,1.7316017316017396,0.0,-0.8444444444444477,233.5,230.98399999999998,240.96620000000001,1.9086048990605589,2.5634300986662946,57.010806551386146,-1.4698451329165891,1.7883994163240362,-3.2582445492406253,125592.05
60830,TOTAL,2017-10-05,241.0,241.0,30565,2026-04-08T02:56:57.377802+00:00,0.6263048016701411,1.914893617021285,0.0,3.541012998655324,235.5,231.38399999999996,240.66400000000002,1.5415279477573989,2.5598726714281224,58.568923166551954,-0.6598452362550802,2.0787194503884363,-2.7385646866435165,126210.35
60922,TOTAL,2017-10-06,241.0,241.0,8703,2026-04-08T02:56:59.661092+00:00,0.0,0.6263048016701411,0.0,-2.5974025974025983,237.5,231.78399999999996,240.34420000000003,1.5415279477573989,2.5591469445151263,58.56892316655195,-0.01771032877090306,2.176683486298091,-2.194393815068994,125800.8
61014,TOTAL,2017-10-09,253.0,253.0,48609,2026-04-08T02:57:04.043492+00:00,4.9792531120331995,0.0,0.0,0.0,241.9,232.785,240.26440000000002,1.8764636649395527,2.657952232552068,68.99519456902789,1.442853605340872,2.9097979363278927,-1.4669443309870207,126545.55
61106,TOTAL,2017-10-10,253.0,253.0,2192,2026-04-08T02:57:06.326055+00:00,0.0,4.9792531120331995,1.7316017316017396,2.6666666666666616,245.5,233.685,239.9644,1.8758410760933346,2.5851831245448142,68.99519456902789,2.5707273018063006,3.2301373062346572,-0.6594100044283565,118644.7
61198,TOTAL,2017-10-11,253.0,253.0,1605,2026-04-08T02:57:08.620281+00:00,0.0,0.0,1.914893617021285,0.0,248.2,234.58499999999998,239.62440000000004,1.8758410760933346,2.582452713468867,68.99519456902789,3.425092992178861,3.267602397285774,0.15749059489308703,110170.6
61290,TOTAL,2017-10-12,253.0,253.0,1073,2026-04-08T02:57:10.950839+00:00,0.0,0.0,0.6263048016701411,0.0,250.6,235.48499999999999,239.28440000000003,1.8758410760933346,2.582452713468867,68.99519456902787,4.055435422047083,3.1183558617231966,0.9370795603238862,93213.15
61382,TOTAL,2017-10-13,253.0,253.0,2106,2026-04-08T02:57:13.525709+00:00,0.0,0.0,0.0,0.0,253.0,236.52999999999997,238.94440000000003,1.8396872695128363,2.582452713468867,68.99519456902787,4.503077662860676,2.8527984820294314,1.6502791808312443,91564.25
61474,TOTAL,2017-10-16,253.0,253.0,9953,2026-04-08T02:57:17.895676+00:00,0.0,0.0,4.9792531120331995,0.0,253.0,237.92999999999998,238.60440000000003,1.650175001277442,2.582452713468867,68.99519456902787,4.802477393835886,2.5217585704037133,2.280718823432173,76268.0
61566,TOTAL,2017-10-17,253.0,253.0,7241,2026-04-08T02:57:20.31307+00:00,0.0,0.0,0.0,1.7316017316017396,253.0,239.32999999999998,238.4344,1.650175001277442,2.544659082047175,68.99519456902789,4.982320745524902,2.161281537674183,2.8210392078507187,65452.45
61658,TOTAL,2017-10-18,245.41,245.41,44106,2026-04-08T02:57:22.526226+00:00,-3.0000000000000027,0.0,0.0,1.914893617021285,251.48200000000003,240.44550000000004,238.11260000000001,1.8120007526327135,2.578963830281103,54.438513264303204,4.460974986927624,1.3119486232615243,3.1490263636661,60786.05
61750,TOTAL,2017-10-19,245.0,245.0,37247,2026-04-08T02:57:24.865827+00:00,-0.16706735666842665,-3.0000000000000027,0.0,0.6263048016701411,249.882,241.14550000000003,237.78260000000003,1.667684568934141,2.578947005535242,53.7784604912438,3.968969335753968,0.6559543776702941,3.313014958083674,61286.85
61842,TOTAL,2017-10-20,245.0,245.0,23715,2026-04-08T02:57:27.091081+00:00,0.0,-0.16706735666842665,0.0,0.0,248.282,242.14550000000003,237.45260000000002,1.5245350085763647,2.578947005535242,53.77846049124381,3.538264402945515,0.18019955588947267,3.3580648470560424,61063.5
61934,TOTAL,2017-10-23,245.0,245.0,7407,2026-04-08T02:57:31.703062+00:00,0.0,0.0,0.0,4.9792531120331995,246.68200000000002,243.14550000000003,237.1526,1.5245350085763647,2.578063465452644,53.778460491243806,3.1604954168084305,-0.15805554419808976,3.3185509610065203,61197.9
62026,TOTAL,2017-10-24,245.0,245.0,3300,2026-04-08T02:57:34.020008+00:00,0.0,0.0,0.0,0.0,245.08200000000002,243.84550000000004,236.85260000000002,1.4331973861879546,2.578063465452644,53.778460491243806,2.828505522634856,-0.39203635069733167,3.2205418733321878,59760.45
62118,TOTAL,2017-10-25,245.0,245.0,17688,2026-04-08T02:57:36.254878+00:00,0.0,0.0,-3.0000000000000027,0.0,245.0,244.54550000000003,236.7726,1.4331973861879546,2.507736289029355,53.778460491243806,2.5361657990215463,-0.5475008594485131,3.0836666584700594,58932.0
62210,TOTAL,2017-10-26,245.0,245.0,49884,2026-04-08T02:57:38.639324+00:00,0.0,0.0,-0.16706735666842665,0.0,245.0,245.24550000000005,236.69260000000003,1.4331973861879546,2.507736289029355,53.778460491243806,2.278222530674668,-0.6443553022363133,2.9225778329109815,60688.55
62302,TOTAL,2017-10-27,232.75,232.75,31073,2026-04-08T02:57:40.810349+00:00,-5.000000000000004,0.0,0.0,0.0,242.55,245.33300000000003,236.6166,1.8612323755564801,2.5077362890293555,34.36082572384462,1.0729595992841325,-1.4796945869014793,2.552654186185612,61678.25
62394,TOTAL,2017-10-30,240.0,240.0,15528,2026-04-08T02:57:45.233404+00:00,3.1149301825993625,-5.000000000000004,0.0,0.0,241.55,245.78300000000004,236.68560000000002,1.9828105805223333,2.5461797647289455,46.64048777223931,0.6947853983453172,-1.4862950302722355,2.1810804286175527,62337.5
62486,TOTAL,2017-10-31,236.0,236.0,57312,2026-04-08T02:57:47.538171+00:00,-1.6666666666666718,3.1149301825993625,0.0,0.0,239.75,245.83300000000003,236.8656,1.9911433398105127,2.489768069486456,41.974771606346124,0.07148896856875808,-1.6876731680390358,1.7591621366077939,33310.4
62578,TOTAL,2017-11-01,236.0,236.0,28103,2026-04-08T02:57:49.900698+00:00,0.0,-1.6666666666666718,0.0,-3.0000000000000027,237.95,245.65800000000004,237.0234,1.9416722683443877,2.489200786685465,41.974771606346124,-0.417663379188582,-1.7414604126371007,1.3237970334485187,21370.5
62670,TOTAL,2017-11-02,236.0,236.0,1036830,2026-04-08T02:57:52.192143+00:00,0.0,0.0,0.0,-0.16706735666842665,236.15,245.40800000000004,237.18120000000002,1.9351341452034887,2.489200786685465,41.974771606346124,-0.7961427014578248,-1.695951787925075,0.8998090864672501,71683.75
62762,TOTAL,2017-11-03,236.0,236.0,20457,2026-04-08T02:57:54.512232+00:00,0.0,0.0,-5.000000000000004,0.0,236.8,245.15800000000004,237.33900000000003,1.9351341452034887,2.489200786685465,41.974771606346124,-1.0835992337034668,-1.5867266561365736,0.5031274224331068,72271.45
62854,TOTAL,2017-11-06,225.0,225.0,107215,2026-04-08T02:57:59.23147+00:00,-4.6610169491525415,0.0,3.1149301825993625,0.0,233.8,243.75800000000004,237.0488,1.8029003280051297,2.4759581957722023,30.638044327183394,-2.1739586337967296,-2.1416688449838692,-0.03228978881286049,75201.75
62946,TOTAL,2017-11-07,230.0,230.0,28149,2026-04-08T02:58:01.524363+00:00,2.2222222222222143,-4.6610169491525415,-1.6666666666666718,0.0,232.6,242.60800000000003,237.08880000000002,1.9053767323413748,2.401448568417836,38.73750399641135,-2.6045939628293695,-2.057843339213207,-0.5467506236161623,76499.6
63038,TOTAL,2017-11-08,230.0,230.0,22117,2026-04-08T02:58:03.79912+00:00,0.0,2.2222222222222143,0.0,0.0,231.4,241.45800000000003,237.35280000000003,1.9053767323413748,2.2924941964355168,38.73750399641135,-2.912304332153184,-1.8924429668296172,-1.0198613653235666,77525.2
63130,TOTAL,2017-11-09,230.02,230.02,26520,2026-04-08T02:58:06.050925+00:00,0.008695652173917878,0.0,0.0,0.0,230.204,240.30900000000003,237.61720000000003,1.9054877026443453,2.2924834010481066,38.77067232340867,-3.1186038598894754,-1.6789939956527271,-1.4396098642367483,78797.55
63222,TOTAL,2017-11-10,230.0,230.0,17405,2026-04-08T02:58:08.423322+00:00,-0.008694896095995386,0.008695652173917878,0.0,-5.000000000000004,229.004,239.15900000000002,237.4872,1.9053788303915429,1.8947466132776076,38.748079851622656,-3.246290340481835,-1.4453443809960693,-1.8009459594857655,79562.5
63314,TOTAL,2017-11-13,230.0,230.0,21754,2026-04-08T02:58:12.832851+00:00,0.0,-0.008694896095995386,-4.6610169491525415,3.1149301825993625,230.004,238.00900000000001,237.3572,1.9053788303915429,1.8947466132776076,38.748079851622656,-3.3093348441882995,-1.2067111077620272,-2.1026237364262723,80152.55
63406,TOTAL,2017-11-14,230.0,230.0,19537,2026-04-08T02:58:15.182817+00:00,0.0,0.0,2.2222222222222143,-1.6666666666666718,230.004,236.859,237.09720000000002,1.9053788303915429,1.8516365789069078,38.74807985162266,-3.321015468525985,-0.9747133856797703,-2.346302082846215,80767.35
63498,TOTAL,2017-11-15,230.0,230.0,45544,2026-04-08T02:58:17.483941+00:00,0.0,0.0,0.0,0.0,230.004,236.08849999999998,236.7972,1.810440199484166,1.8469794958583918,38.748079851622656,-3.292320624704786,-0.7568148334868567,-2.535505791217929,80839.25
63590,TOTAL,2017-11-16,230.0,230.0,377556,2026-04-08T02:58:19.932158+00:00,0.0,0.0,0.008695652173917878,0.0,230.0,235.33849999999998,236.7372,1.8115092120934704,1.7128425400336884,38.74807985162267,-3.2323195861018235,-0.5574510359071154,-2.674868550194708,97854.7
63682,TOTAL,2017-11-17,230.0,230.0,12601,2026-04-08T02:58:22.230505+00:00,0.0,0.0,-0.008694896095995386,0.0,230.0,234.58849999999998,236.6772,1.8115092120934704,1.7128425400336884,38.74807985162266,-3.1484746745342136,-0.3788848994716041,-2.7695897750626095,97299.0
63774,TOTAL,2017-11-20,230.0,230.0,10354,2026-04-08T02:58:26.609741+00:00,0.0,0.0,0.0,-4.6610169491525415,230.0,233.83849999999998,236.6176,1.8115092120934704,1.7128432670979319,38.748079851622656,-3.0469041634822815,-0.22185151073573728,-2.8250526527465443,97446.35
63866,TOTAL,2017-11-21,230.0,230.0,161455,2026-04-08T02:58:29.044371+00:00,0.0,0.0,0.0,2.2222222222222143,230.0,233.08849999999998,236.51760000000002,1.8115092120934704,1.7081519967999894,38.74807985162266,-2.9326035731882314,-0.08604073635334952,-2.846562836834882,105354.1
63958,TOTAL,2017-11-22,230.0,230.0,19270,2026-04-08T02:58:31.282092+00:00,0.0,0.0,0.0,0.0,230.0,232.33849999999998,236.41760000000002,1.8115092120934704,1.7081519967999894,38.748079851622656,-2.8096318449158275,0.029544793535243752,-2.8391766384510713,105433.2
64050,TOTAL,2017-11-23,230.0,230.0,24043,2026-04-08T02:58:33.589475+00:00,0.0,0.0,0.0,0.008695652173917878,230.0,231.58849999999998,236.31760000000003,1.8115092120934704,1.7081519967999894,38.74807985162266,-2.68126787723898,0.12632700896967286,-2.807594886208653,104141.15
64142,TOTAL,2017-11-24,230.0,230.0,13786,2026-04-08T02:58:35.965247+00:00,0.0,0.0,0.0,-0.008694896095995386,230.0,231.45099999999996,236.27560000000003,1.434444915783957,1.6992722645116873,38.748079851622656,-2.5501420578085288,0.20596226272009943,-2.756104320528628,103276.8
64234,TOTAL,2017-11-27,230.0,230.0,106853,2026-04-08T02:58:40.303262+00:00,0.0,0.0,0.0,0.0,230.0,230.95099999999996,236.37560000000002,1.2268603327680994,1.6411065729521925,38.748079851622656,-2.4183467057441135,0.2702060918276121,-2.6885527975717256,107843.05
64326,TOTAL,2017-11-28,230.0,230.0,12651,2026-04-08T02:58:42.596324+00:00,0.0,0.0,0.0,0.0,230.0,230.65099999999998,236.47560000000001,1.178002681151381,1.6411065729521925,38.748079851622656,-2.2875287324088163,0.32081925213032747,-2.6083479845391437,105610.0
64418,TOTAL,2017-11-29,230.0,230.0,70129,2026-04-08T02:58:44.979081+00:00,0.0,0.0,0.0,0.0,230.0,230.35099999999997,236.61360000000002,1.178002681151381,1.6359753134361832,38.74807985162265,-2.158967314753994,0.3595045358281199,-2.518471850582114,107711.3
64510,TOTAL,2017-11-30,241.0,241.0,694380,2026-04-08T02:58:47.226359+00:00,4.7826086956521685,0.0,0.0,0.0,232.2,230.60099999999997,236.8136,1.6102006148847388,1.6979224794562278,67.83832327523221,-1.1561460637167045,1.0898606294923279,-2.2460066932090323,90588.8
64602,TOTAL,2017-12-04,240.0,240.0,394599,2026-04-08T02:58:52.54699+00:00,-0.4149377593360981,4.7826086956521685,0.0,0.0,234.2,230.801,237.11360000000002,1.6144575882885326,1.654694614560432,64.82422784662778,-0.4370565244285842,1.4471601350243586,-1.8842166594529428,109295.9
64694,TOTAL,2017-12-05,240.0,240.0,35612,2026-04-08T02:58:54.773083+00:00,0.0,-0.4149377593360981,0.0,0.0,236.2,231.551,237.4136,1.1655720757157664,1.654694614560432,64.82422784662776,0.13131341688750808,1.6124240610723608,-1.4811106441848527,105715.75
64786,TOTAL,2017-12-06,240.0,240.0,11435,2026-04-08T02:58:57.263783+00:00,0.0,0.0,0.0,0.0,238.2,232.051,237.5936,1.0782989209327127,1.614157835417673,64.82422784662778,0.5751210527689352,1.6449853575630304,-1.0698643047940952,104880.05
64878,TOTAL,2017-12-07,228.01,228.01,92552,2026-04-08T02:58:59.55462+00:00,-4.995833333333333,0.0,0.0,0.0,237.802,231.95149999999998,237.53379999999999,1.589178732578601,1.7671644278312097,38.9251098881647,-0.040187734535038544,0.8237412562072455,-0.863928990742284,108401.8
64970,TOTAL,2017-12-08,228.01,228.01,9520,2026-04-08T02:59:01.865905+00:00,0.0,-4.995833333333333,4.7826086956521685,0.0,235.204,231.85100000000003,237.474,1.5891683726323407,1.7671644278312097,38.9251098881647,-0.5218092888668195,0.27369576150037167,-0.7955050503671912,107551.8
65062,TOTAL,2017-12-11,230.0,230.0,250060,2026-04-08T02:59:06.715792+00:00,0.8727687382132476,0.0,-0.4149377593360981,0.0,233.204,231.85100000000003,237.45399999999998,1.6020152379784798,1.7715769437236362,43.28661560522684,-0.7344551301368085,0.048839936184306154,-0.7832950663211147,119184.55
65154,TOTAL,2017-12-12,230.0,230.0,1230,2026-04-08T02:59:09.170602+00:00,0.0,0.8727687382132476,0.0,0.0,231.204,231.85100000000003,237.43399999999997,1.6020152379784798,1.7715769437236362,43.286615605226835,-0.8926881381958083,-0.08751445749975484,-0.8051736806960534,118158.35
65246,TOTAL,2017-12-13,230.0,230.0,741121,2026-04-08T02:59:11.522814+00:00,0.0,0.0,0.0,0.0,229.204,231.85100000000003,237.33399999999997,1.6020152379784798,1.754008993185141,43.28661560522684,-1.0064867839605824,-0.16105048261162314,-0.8454363013489593,154237.55
65338,TOTAL,2017-12-14,230.0,230.0,22605,2026-04-08T02:59:13.751616+00:00,0.0,0.0,-4.995833333333333,0.0,229.602,231.85100000000003,237.14399999999998,1.6020152379784798,1.7314852260360094,43.28661560522684,-1.0841753322496572,-0.1909912247205583,-0.8931841075290989,153090.6
65430,TOTAL,2017-12-15,230.0,230.0,32599,2026-04-08T02:59:16.016878+00:00,0.0,0.0,0.0,4.7826086956521685,230.0,231.85100000000003,236.92399999999998,1.6020152379784798,1.7286366693217756,43.286615605226835,-1.1326871540459535,-0.19160243721348358,-0.94108471683247,135842.75
65522,TOTAL,2017-12-18,230.0,230.0,6333,2026-04-08T02:59:20.496704+00:00,0.0,0.0,0.8727687382132476,-0.4149377593360981,230.0,231.85100000000003,236.70399999999998,1.6020152379784798,1.7286366693217756,43.286615605226835,-1.1577868759200385,-0.17336172727005472,-0.9844251486499838,135529.35
65614,TOTAL,2017-12-19,230.0,230.0,6799,2026-04-08T02:59:22.691103+00:00,0.0,0.0,0.0,0.0,230.0,231.85100000000003,236.24399999999997,1.6020152379784798,1.5671939570285456,43.286615605226835,-1.1642577477482234,-0.14386607927859174,-1.0203916684696317,135351.6
65706,TOTAL,2017-12-20,230.0,230.0,15188,2026-04-08T02:59:25.001427+00:00,0.0,0.0,0.0,0.0,230.0,231.85100000000003,235.784,1.6020152379784798,1.5671939570285456,43.28661560522684,-1.1560596245623458,-0.10853436487417123,-1.0475252596881746,128038.25
65798,TOTAL,2017-12-21,219.0,219.0,52026,2026-04-08T02:59:27.554405+00:00,-4.7826086956521685,0.0,0.0,-4.995833333333333,227.8,231.30100000000002,235.10399999999998,1.9277648348605365,1.6966926594141494,25.25249132740135,-2.013955002413155,-0.7731437941799846,-1.2408112082331706,129676.05
65890,TOTAL,2017-12-22,219.0,219.0,27092,2026-04-08T02:59:29.82771+00:00,0.0,-4.7826086956521685,0.0,0.0,225.6,230.75100000000003,234.42399999999998,1.9277648348605365,1.6966926594141494,25.25249132740135,-2.6631442015564915,-1.1378663946586567,-1.5252778068978348,129828.5
65982,TOTAL,2017-12-27,219.0,219.0,4792,2026-04-08T02:59:36.63878+00:00,0.0,0.0,0.0,0.8727687382132476,223.4,230.20100000000002,233.74399999999997,1.9277648348605365,1.6966926594141494,25.25249132740135,-3.1414189963091985,-1.292912951529091,-1.8485060447801076,129378.8
66074,TOTAL,2017-12-28,229.95,229.95,118238,2026-04-08T02:59:39.04539+00:00,5.000000000000004,0.0,0.0,0.0,223.39000000000001,230.19850000000002,233.283,2.255149301734993,1.8532852962646784,50.758719824951946,-2.606831795658934,-0.6066606007030608,-2.000171194955873,129948.05
66166,TOTAL,2017-12-29,229.95,229.95,19305,2026-04-08T02:59:41.445401+00:00,0.0,5.000000000000004,0.0,0.0,223.37999999999997,230.196,232.82199999999997,2.255149301734993,1.8532852962646784,50.758719824951946,-2.1582881849425064,-0.12649359198930643,-2.0317945929532,130280.75
66258,TOTAL,2018-01-02,229.95,229.95,19818,2026-04-08T02:59:46.944851+00:00,0.0,0.0,-4.7826086956521685,0.0,225.57,230.1935,232.5128,2.255149301734993,1.8079310821822718,50.758719824951946,-1.7822692513619245,0.19962027327302034,-1.9818895246349448,127765.2
66350,TOTAL,2018-01-03,229.95,229.95,3488,2026-04-08T02:59:49.25236+00:00,0.0,0.0,0.0,0.0,227.76,229.641,232.2118,1.9578749389174808,1.8079852205068845,50.758719824951946,-1.4673567620738766,0.4116262100488548,-1.8789829721227314,93220.6
66442,TOTAL,2018-01-04,229.95,229.95,5652,2026-04-08T02:59:51.440942+00:00,0.0,0.0,0.0,0.0,229.95,229.13850000000002,231.9108,1.957854729677115,1.8079852205068845,50.758719824951946,-1.203908438420001,0.5400596269621842,-1.7439680653821852,73773.25
66534,TOTAL,2018-01-05,230.0,230.0,181382,2026-04-08T02:59:53.632679+00:00,0.021743857360290164,0.0,5.000000000000004,0.0,229.95999999999998,228.63850000000002,231.61079999999998,1.9579749111843678,1.808014973781987,50.86960642536328,-0.9797946983673,0.6113386936119083,-1.5911333919792083,81061.75
66626,TOTAL,2018-01-08,230.0,230.0,11624,2026-04-08T02:59:58.187375+00:00,0.0,0.021743857360290164,0.0,0.0,229.96999999999997,228.13850000000002,231.31079999999997,1.9579749111843678,1.808014973781987,50.86960642536329,-0.7930412587434716,0.6384737065885895,-1.4315149653320611,81071.2
66718,TOTAL,2018-01-09,230.0,230.0,147121,2026-04-08T03:00:00.526076+00:00,0.0,0.0,0.0,-4.7826086956521685,229.98000000000002,228.238,231.0108,1.5989096200277757,1.808014973781987,50.869606425363294,-0.6376869540952441,0.6350624089894537,-1.2727493630846978,83799.65
66810,TOTAL,2018-01-10,230.0,230.0,27289,2026-04-08T03:00:02.789006+00:00,0.0,0.0,0.0,0.0,229.99,228.3375,230.71079999999998,1.5989096200277757,1.808014973781987,50.86960642536328,-0.5087035307487042,0.6112366658687949,-1.119940196617499,84688.1
66902,TOTAL,2018-01-11,230.0,230.0,126114,2026-04-08T03:00:05.007224+00:00,0.0,0.0,0.0,0.0,230.0,228.3375,230.65579999999997,1.5873009108444098,1.6646280881189754,50.869606425363294,-0.40185095085328726,0.5744713966113696,-0.9763223474646568,78490.8
66994,TOTAL,2018-01-12,230.0,230.0,60753,2026-04-08T03:00:07.437621+00:00,0.0,0.0,0.021743857360290164,5.000000000000004,230.0,228.3375,230.45579999999998,1.5873009108444098,1.6024111716254075,50.86960642536328,-0.3135550440879058,0.5302138427014009,-0.8437688867893067,81466.95
67086,TOTAL,2018-01-15,230.0,230.0,45689,2026-04-08T03:00:11.967979+00:00,0.0,0.0,0.0,0.0,230.0,228.3375,230.33579999999998,1.5873009108444098,1.5858202744084517,50.86960642536328,-0.2408040625014678,0.48237185943027117,-0.723175921931739,46695.35
67178,TOTAL,2018-01-16,231.0,231.0,46322,2026-04-08T03:00:14.274869+00:00,0.43478260869564966,0.0,0.0,0.0,230.2,228.3875,230.23579999999998,1.5901033794565143,1.5872304675864073,54.32539610066679,-0.10128914459184557,0.4975094218719147,-0.5987985664637603,47881.2
67270,TOTAL,2018-01-17,231.0,231.0,22909,2026-04-08T03:00:16.592861+00:00,0.0,0.43478260869564966,0.0,0.0,230.4,228.4375,230.1358,1.5901033794565143,1.5872304675864073,54.32539610066679,0.009171707270013485,0.48637621898701905,-0.47720451171700556,47396.7
67362,TOTAL,2018-01-18,231.0,231.0,21669,2026-04-08T03:00:18.874572+00:00,0.0,0.0,0.0,0.0,230.6,228.4875,230.0358,1.5901033794565143,1.5872304675864073,54.32539610066679,0.09561058884528961,0.4582520804498362,-0.36264149160454656,48163.5
67454,TOTAL,2018-01-19,231.0,231.0,5704,2026-04-08T03:00:21.223293+00:00,0.0,0.0,0.0,0.021743857360290164,230.8,228.5375,230.15579999999997,1.5901033794565143,1.4397391123327297,54.32539610066679,0.16224377995021655,0.4199082172438105,-0.25766443729359395,48108.75
67546,TOTAL,2018-01-22,231.0,231.0,57556,2026-04-08T03:00:25.613479+00:00,0.0,0.0,0.0,0.0,231.0,228.5875,230.17579999999998,1.5901033794565143,1.4056135805210594,54.32539610066679,0.212600339591404,0.37621182150799837,-0.16361148191659436,50227.15
67638,TOTAL,2018-01-23,231.0,231.0,8625,2026-04-08T03:00:27.792672+00:00,0.0,0.0,0.43478260869564966,0.0,231.0,229.1875,230.1958,1.116875921545136,1.4056135805210594,54.325396100666794,0.2496306887166213,0.33059373650657253,-0.08096304778995123,48057.1
67730,TOTAL,2018-01-24,231.0,231.0,38624,2026-04-08T03:00:29.955701+00:00,0.0,0.0,0.0,0.0,231.0,229.7875,230.21539999999996,1.116875921545136,1.4056153399393858,54.32539610066679,0.2757982763365021,0.28540905930116267,-0.009610782964660551,48633.7
67822,TOTAL,2018-01-25,231.0,231.0,12364,2026-04-08T03:00:32.149736+00:00,0.0,0.0,0.0,0.0,231.0,230.3875,230.23539999999997,1.116875921545136,1.4056124829695447,54.32539610066679,0.2931569472485194,0.24221418417054394,0.050942763077975434,49012.3
67914,TOTAL,2018-01-26,231.0,231.0,7916,2026-04-08T03:00:34.314441+00:00,0.0,0.0,0.0,0.0,231.0,230.44,230.25539999999998,0.09708593357014977,1.4056124829695447,54.32539610066679,0.30341622562974635,0.20197877004141673,0.10143745558832962,43496.2
68006,TOTAL,2018-01-30,231.0,231.0,15865,2026-04-08T03:00:39.498781+00:00,0.0,0.0,0.0,0.0,231.0,230.4925,230.27539999999996,0.09708593357014977,1.4056124829695447,54.32539610066679,0.3079963870323752,0.16524714515523647,0.14274924187713872,43324.2
68098,TOTAL,2018-01-31,231.0,231.0,30621,2026-04-08T03:00:41.874276+00:00,0.0,0.0,0.0,0.43478260869564966,231.0,230.54500000000002,230.29539999999997,0.09708593357014977,1.4056124829695447,54.32539610066679,0.3080749022391842,0.1322605282896364,0.17581437394954783,43864.35
68190,TOTAL,2018-02-01,231.0,231.0,32466,2026-04-08T03:00:44.260901+00:00,0.0,0.0,0.0,0.0,231.0,230.59750000000003,230.31539999999998,0.09708593357014977,1.4056124829695447,54.32539610066679,0.30462559190561933,0.10304897436485722,0.20157661754076212,45313.25
68282,TOTAL,2018-02-02,231.0,231.0,3839,2026-04-08T03:00:46.552556+00:00,0.0,0.0,0.0,0.0,231.0,230.65,230.33539999999996,0.09708593357014977,1.4056124829695447,54.32539610066678,0.29845162407269754,0.07750000522554834,0.2209516188471492,45222.6
68374,TOTAL,2018-02-05,231.0,231.0,65387,2026-04-08T03:00:50.820837+00:00,0.0,0.0,0.0,0.0,231.0,230.7,230.35539999999997,0.09722034684780025,1.4056124829695447,54.32539610066678,0.29021331167854214,0.05540935426511434,0.2348039574134278,39422.85
68466,TOTAL,2018-02-06,231.0,231.0,14716,2026-04-08T03:00:53.862975+00:00,0.0,0.0,0.0,0.0,231.0,230.75,230.37539999999998,0.09722034684780025,1.4056124829695447,54.325396100666794,0.28045151921384104,0.0365180494403306,0.24393346977351044,39577.45
68558,TOTAL,2018-02-07,230.0,230.0,226470,2026-04-08T03:00:56.249659+00:00,-0.43290043290042934,0.0,0.0,0.0,230.8,230.75,230.37539999999998,0.14075707414217103,1.4070604476973676,44.75719724341001,0.1898352827333838,-0.043278549632101315,0.2331138323654851,43544.9
68650,TOTAL,2018-02-08,230.0,230.0,37944,2026-04-08T03:00:58.532515+00:00,0.0,-0.43290043290042934,0.0,0.0,230.6,230.75,230.37539999999998,0.14075707414217103,1.4070604476973676,44.75719724341002,0.11667629081583186,-0.0931500332397226,0.20982632405555446,44077.65
68742,TOTAL,2018-02-12,230.0,230.0,7797,2026-04-08T03:01:04.382325+00:00,0.0,0.0,0.0,0.0,230.4,230.75,230.37539999999998,0.14075707414217103,1.4070604476973676,44.75719724341002,0.05802834796512002,-0.12143838087234757,0.1794667288374676,38161.8
68834,TOTAL,2018-02-13,230.0,230.0,14072,2026-04-08T03:01:06.5746+00:00,0.0,0.0,0.0,0.0,230.2,230.75,230.37539999999998,0.14075707414217103,1.4070604476973676,44.75719724341002,0.01141781327623903,-0.13443913244898287,0.1458569457252219,35827.75
68926,TOTAL,2018-02-14,229.0,229.0,31184,2026-04-08T03:01:08.960618+00:00,-0.43478260869564966,0.0,0.0,0.0,229.8,230.7,230.35539999999997,0.17108084872570442,1.4084644765098926,36.184960964306555,-0.10500260920966298,-0.2006876439479079,0.09568503473824493,35102.5
69018,TOTAL,2018-02-15,229.0,229.0,902,2026-04-08T03:01:11.158693+00:00,0.0,-0.43478260869564966,-0.43290043290042934,0.0,229.6,230.6,230.33539999999996,0.1335339516448401,1.4084644765098926,36.18496096430656,-0.19501857999821937,-0.23256289178917144,0.037544311790952065,32831.5
69110,TOTAL,2018-02-16,229.0,229.0,28715,2026-04-08T03:01:13.607551+00:00,0.0,0.0,0.0,0.0,229.4,230.5,230.09539999999998,0.1335339516448401,1.2279379609505103,36.18496096430656,-0.26332147927703886,-0.24069263285439274,-0.02262884642264612,33121.8
69202,TOTAL,2018-02-19,229.0,229.0,11309,2026-04-08T03:01:18.187191+00:00,0.0,0.0,0.0,0.0,229.2,230.4,229.87539999999998,0.1335339516448401,1.2271309571389386,36.18496096430656,-0.3138343322245305,-0.23296438864150748,-0.080869943583023,32603.8
69294,TOTAL,2018-02-20,217.6,217.6,95395,2026-04-08T03:01:20.554931+00:00,-4.978165938864631,0.0,0.0,0.0,226.71999999999997,229.72999999999996,229.42739999999998,1.1109473743134213,1.4085277194672152,9.1914580709284,-1.2592351790383702,-0.9426921883642778,-0.3165429906740924,37088.35
69386,TOTAL,2018-02-22,228.0,228.0,25342,2026-04-08T03:01:23.957413+00:00,4.779411764705888,-4.978165938864631,-0.43478260869564966,0.0,226.51999999999998,229.57999999999998,229.18739999999997,1.5885194566068712,1.573871297938856,47.597334838964656,-1.1559539601143172,-0.6715287755521798,-0.48442518456213735,35477.65
69478,TOTAL,2018-02-26,217.0,217.0,341124,2026-04-08T03:01:29.317338+00:00,-4.824561403508776,4.779411764705888,0.0,-0.43290043290042934,224.11999999999998,228.87999999999997,228.96720000000002,1.9131477387132503,1.563126532889474,32.12254025340511,-1.939355239189581,-1.1639440437019548,-0.7754111954876262,52102.6
69570,TOTAL,2018-02-27,232.0,232.0,58365,2026-04-08T03:01:31.58282+00:00,6.912442396313367,-4.824561403508776,0.0,0.0,224.71999999999997,228.92999999999998,229.047,2.5027083948374167,1.8502745428206153,54.05761270318166,-1.3344490591011322,-0.4472302908908048,-0.8872187682103274,53089.65
69662,TOTAL,2018-02-28,232.0,232.0,45511,2026-04-08T03:01:33.916623+00:00,0.0,6.912442396313367,0.0,0.0,225.32,228.97999999999996,229.08700000000002,2.5027083948374167,1.8464802362710553,54.057612703181654,-0.8453123190420797,0.03352515933459821,-0.8788374783766779,54747.0
69754,TOTAL,2018-03-01,231.0,231.0,309380,2026-04-08T03:01:36.321302+00:00,-0.4310344827586188,0.0,-4.978165938864631,0.0,228.0,228.97999999999996,229.107,2.5050261666904725,1.8476475896772602,52.73986989665719,-0.5322244193485801,0.2772904472224783,-0.8095148665710584,69820.2
69846,TOTAL,2018-03-02,242.5,242.5,97107,2026-04-08T03:01:38.625174+00:00,4.978354978354971,-0.4310344827586188,4.779411764705888,-0.43478260869564966,230.9,229.55499999999998,229.357,2.7384096084686136,1.975941244755651,63.69897715806761,0.6365165210876285,1.1568251101269496,-0.5203085890393211,73882.3
69938,TOTAL,2018-03-05,254.0,254.0,49814,2026-04-08T03:01:43.47208+00:00,4.742268041237119,4.978354978354971,-4.824561403508776,0.0,238.3,230.70499999999998,229.83700000000002,2.9127907586835002,2.0808553555398497,70.95283045011568,2.4623219129269387,2.3861044015730077,0.0762175113539309,74841.95
70030,TOTAL,2018-03-06,250.0,250.0,43181,2026-04-08T03:01:45.677681+00:00,-1.5748031496062964,4.742268041237119,6.912442396313367,0.0,241.9,231.65499999999997,230.237,2.9485271916843407,2.096110887313108,66.01179169267711,3.5456472551038587,2.775543794999942,0.7701034601039165,75377.7
70122,TOTAL,2018-03-08,240.2,240.2,27374,2026-04-08T03:01:48.923554+00:00,-3.9200000000000013,-1.5748031496062964,0.0,0.0,243.54000000000002,232.11499999999995,230.44100000000003,3.1052173517818407,2.1751140940427756,55.76553610573712,3.5722338080333316,2.241704278343532,1.3305295296897994,76554.45
70214,TOTAL,2018-03-09,242.0,242.0,146748,2026-04-08T03:01:51.131195+00:00,0.7493755203996644,-3.9200000000000013,-0.4310344827586188,-4.978165938864631,245.74,232.66499999999996,230.681,3.106679478815255,2.176923076231284,57.083192533577304,3.6959442548238712,1.8923317801072574,1.8036124747166138,80622.5
70306,TOTAL,2018-03-12,246.1,246.1,74669,2026-04-08T03:01:55.382529+00:00,1.694214876033051,0.7493755203996644,4.978354978354971,4.779411764705888,246.45999999999998,233.42,231.003,3.1217539192653083,2.188097780742042,60.00557409426736,4.0778148982657,1.8193619388392692,2.258452959426431,83620.15
70398,TOTAL,2018-03-13,249.0,249.0,62845,2026-04-08T03:01:57.721961+00:00,1.1783827712312123,1.694214876033051,4.742268041237119,-4.824561403508776,245.45999999999998,234.36999999999998,231.60299999999998,3.1209243913735047,2.0727270660157338,61.97775215883474,4.56186950611027,1.8427332373470708,2.719136268763199,75438.9
70490,TOTAL,2018-03-14,246.0,246.0,41005,2026-04-08T03:02:00.06799+00:00,-1.2048192771084376,1.1783827712312123,-1.5748031496062964,6.912442396313367,244.66,235.17,232.143,3.141496707108757,2.0830014657251277,58.75026567639278,4.6498112130413745,1.54453995542254,3.1052712576188344,75591.95
70582,TOTAL,2018-03-15,246.0,246.0,8989,2026-04-08T03:02:02.587626+00:00,0.0,-1.2048192771084376,-3.9200000000000013,0.0,245.82,235.96999999999997,232.683,3.141496707108757,2.0830014657251277,58.75026567639278,4.665722109206314,1.2483606812699835,3.4173614279363305,75651.55
70674,TOTAL,2018-03-16,246.1,246.1,367084,2026-04-08T03:02:05.049003+00:00,0.04065040650407248,0.0,0.7493755203996644,-0.4310344827586188,246.63999999999996,236.775,233.00599999999997,3.1412487940264877,1.9672468983646112,58.83314085102546,4.632994496695034,0.9725064550069624,3.660488041688071,93302.15
70766,TOTAL,2018-03-19,232.1,232.1,13271,2026-04-08T03:02:09.713694+00:00,-5.6887444128403075,0.04065040650407248,1.694214876033051,4.978354978354971,243.84,236.92999999999998,233.049,3.4207047651036255,2.133822006977757,45.155125821548786,3.43774642995038,-0.178193289390153,3.615939719340533,92406.5
70858,TOTAL,2018-03-20,243.7,243.7,80884,2026-04-08T03:02:12.039098+00:00,4.997845756139596,-5.6887444128403075,1.1783827712312123,4.742268041237119,242.78000000000003,237.66499999999996,233.324,3.589654595515938,2.2459820238145953,54.57797376885657,3.3874780422734716,-0.1827693416536489,3.5702473839271205,96405.6
70950,TOTAL,2018-03-21,243.7,243.7,11837,2026-04-08T03:02:14.26344+00:00,0.0,4.997845756139596,-1.2048192771084376,-1.5748031496062964,242.32,238.39999999999995,233.599,3.589654595515938,2.2459820238145953,54.577973768856566,3.309490239480766,-0.20860571555708374,3.51809595503785,95561.7
71042,TOTAL,2018-03-22,243.7,243.7,11630,2026-04-08T03:02:16.655807+00:00,0.0,0.0,0.0,-3.9200000000000013,241.85999999999999,239.135,233.87400000000002,3.589654595515938,2.2459820238145953,54.57797376885657,3.2106736961021056,-0.2459378071485956,3.456611503250701,95577.75
71134,TOTAL,2018-03-23,243.7,243.7,2790,2026-04-08T03:02:19.005936+00:00,0.0,0.0,0.04065040650407248,0.7493755203996644,241.37999999999997,240.44,234.148,3.364649027638379,2.246007650040576,54.577973768856566,3.096664453328458,-0.2879576399377948,3.3846220932662527,90947.5
71226,TOTAL,2018-03-26,243.7,243.7,72962,2026-04-08T03:02:23.356301+00:00,0.0,0.0,-5.6887444128403075,1.694214876033051,243.7,241.225,234.422,3.2204266306101132,2.246007650040576,54.57797376885657,2.9720513491231486,-0.3300565953144834,3.302107944437632,93328.5
71318,TOTAL,2018-03-27,240.0,240.0,102726,2026-04-08T03:02:25.602463+00:00,-1.5182601559294184,0.0,4.997845756139596,1.1783827712312123,242.95999999999998,242.375,234.622,3.017534430938922,2.258174178657013,50.564169685624314,2.5453937734737337,-0.6053713367711189,3.1507651102448526,81408.6
71410,TOTAL,2018-03-28,238.3,238.3,33252,2026-04-08T03:02:28.271075+00:00,-0.708333333333333,-1.5182601559294184,0.0,-1.2048192771084376,241.87999999999997,242.69,234.78799999999998,2.6274868640923668,2.261098276789367,48.788792193099084,2.046498023053516,-0.8834136697530695,2.9299116928065856,80152.95
71502,TOTAL,2018-03-29,249.0,249.0,37922,2026-04-08T03:02:31.326472+00:00,4.490138480906425,-0.708333333333333,0.0,0.0,242.94,243.54000000000002,235.168,2.79873870668812,2.344830500974939,58.633743819927055,2.4858646228889256,-0.35523765593412815,2.8411022788230538,79773.5
71594,TOTAL,2018-04-03,249.0,249.0,5964,2026-04-08T03:02:37.862294+00:00,0.0,4.490138480906425,0.0,0.04065040650407248,244.0,244.44,235.548,2.7937284434621255,2.344830500974939,58.633743819927055,2.8017687723566382,-0.031466805173132606,2.833235577529771,64602.7
71686,TOTAL,2018-04-04,249.0,249.0,69273,2026-04-08T03:02:40.086392+00:00,0.0,0.0,0.0,-5.6887444128403075,245.06,244.76500000000001,235.928,2.5790706101531744,2.344830500974939,58.63374381992705,3.0173430345054157,0.1472859655805161,2.8700570689248996,63211.0
71778,TOTAL,2018-04-05,249.0,249.0,19901,2026-04-08T03:02:42.518452+00:00,0.0,0.0,-1.5182601559294184,4.997845756139596,246.85999999999999,244.51500000000001,236.28799999999998,2.343203081593944,2.344693852950521,58.63374381992705,3.15185457283269,0.22543800312623175,2.926416569706458,61715.35
71870,TOTAL,2018-04-09,236.6,236.6,17204,2026-04-08T03:02:48.00481+00:00,-4.979919678714861,0.0,-0.708333333333333,0.0,246.51999999999998,243.84499999999997,236.4,2.5707119428756195,2.4555132143137706,45.11476450462533,2.232148745905846,-0.5554142590404898,2.787563004946336,60416.5
71962,TOTAL,2018-04-10,233.8,233.8,19210,2026-04-08T03:02:50.293549+00:00,-1.1834319526627168,-4.979919678714861,4.490138480906425,0.0,243.48000000000002,243.525,236.45600000000002,2.4339146750645217,2.461968910925063,42.719552275719074,1.262782086679323,-1.2198247346136104,2.4826068212929333,60008.3
72054,TOTAL,2018-04-11,233.8,233.8,3075,2026-04-08T03:02:52.723357+00:00,0.0,-1.1834319526627168,0.0,0.0,240.44,243.115,236.512,2.425797709605891,2.461968910925063,42.71955227571907,0.48891610481604175,-1.594952573181513,2.083868677997555,52824.65
72146,TOTAL,2018-04-12,233.8,233.8,13527,2026-04-08T03:02:54.976434+00:00,0.0,0.0,0.0,0.0,237.4,242.5,236.56799999999998,2.3875024850525506,2.461968910925063,42.719552275719074,-0.12296084513170058,-1.7654636185034043,1.6425027733717037,49767.55
72238,TOTAL,2018-04-13,233.8,233.8,58127,2026-04-08T03:02:57.419716+00:00,0.0,0.0,0.0,-1.5182601559294184,234.35999999999999,241.74,236.62400000000002,2.365385170502703,2.461968910925063,42.71955227571908,-0.6009503546903829,-1.7947625024496694,1.1938121477592865,49531.65
72331,TOTAL,2018-04-16,233.8,233.8,4071,2026-04-08T03:03:01.748445+00:00,0.0,0.0,-4.979919678714861,-0.708333333333333,233.8,241.13000000000002,236.68,2.356123963098017,2.461968910925063,42.719552275719074,-0.9685951230946159,-1.729925816683122,0.761330693588506,47684.95
72424,TOTAL,2018-04-17,233.8,233.8,5735,2026-04-08T03:03:04.013915+00:00,0.0,0.0,-1.1834319526627168,4.490138480906425,233.8,240.51999999999998,236.73600000000002,2.356123963098017,2.461968910925063,42.719552275719074,-1.2455977749999931,-1.6055427748707993,0.3599449998708063,47522.25
72517,TOTAL,2018-04-18,233.8,233.8,6697,2026-04-08T03:03:06.304604+00:00,0.0,0.0,0.0,0.0,233.8,239.90499999999997,236.792,2.3558979875130626,2.461968910925063,42.719552275719074,-1.4484277982876677,-1.4466982385267793,-0.0017295597608885105,29502.9
72610,TOTAL,2018-04-19,233.8,233.8,4552,2026-04-08T03:03:08.631091+00:00,0.0,0.0,0.0,0.0,233.8,239.99,236.84799999999998,1.9746616297755641,2.461968910925063,42.71955227571908,-1.5908339099998159,-1.271283480191142,-0.319550429808674,29066.95
72703,TOTAL,2018-04-20,233.8,233.8,61366,2026-04-08T03:03:11.181142+00:00,0.0,0.0,0.0,0.0,233.8,239.49500000000003,236.90400000000002,1.5961776743138176,2.461968910925063,42.71955227571908,-1.6842764885777228,-1.091780847015239,-0.5924956415624838,28091.05
72796,TOTAL,2018-04-23,233.8,233.8,13825,2026-04-08T03:03:15.702548+00:00,0.0,0.0,0.0,-4.979919678714861,233.8,239.00000000000006,236.96,1.5961776743138176,2.461968910925063,42.719552275719074,-1.7382924519811525,-0.9166374483349349,-0.8216550036462176,28190.45
72889,TOTAL,2018-04-24,233.8,233.8,30224,2026-04-08T03:03:17.976864+00:00,0.0,0.0,0.0,-1.1834319526627168,233.8,238.50499999999997,237.01600000000002,1.5961776743138176,2.461968910925063,42.719552275719074,-1.760803050636497,-0.7513184375922233,-1.0094846130442736,29120.15
72982,TOTAL,2018-04-25,222.6,222.6,84587,2026-04-08T03:03:20.281484+00:00,-4.790419161676651,0.0,0.0,0.0,231.56,237.45,236.84799999999998,1.8965400533260406,2.5555325300526657,28.86724423425121,-2.6518207213705978,-1.3138688866610593,-1.3379518347095385,33210.0
73075,TOTAL,2018-04-26,222.6,222.6,5420,2026-04-08T03:03:22.503544+00:00,0.0,-4.790419161676651,0.0,0.0,229.32000000000002,236.39500000000004,236.68,1.8965400533260406,2.5555325300526657,28.867244234251203,-3.3196913098788343,-1.5853915801354366,-1.7342997297433977,29832.9
73168,TOTAL,2018-04-27,222.6,222.6,6214,2026-04-08T03:03:24.801147+00:00,0.0,0.0,0.0,0.0,227.08,235.525,236.532,1.8812013527953642,2.5549148900693135,28.867244234251206,-3.805120502472164,-1.6566566181830127,-2.1484638842891512,25007.3
73261,TOTAL,2018-04-30,222.2,222.2,71719,2026-04-08T03:03:29.288658+00:00,-0.17969451931716396,0.0,0.0,0.0,224.76,234.71999999999997,236.37600000000003,1.8797420184989486,2.5549932117107756,28.455658692741764,-4.173988154760707,-1.6204194163772447,-2.553568738383462,26930.65
73354,TOTAL,2018-05-02,222.2,222.2,21143,2026-04-08T03:03:32.97882+00:00,0.0,-0.17969451931716396,0.0,0.0,222.44,233.38000000000002,236.22,1.5040789201854288,2.5549932117107756,28.455658692741764,-4.415420211057864,-1.4894811781395214,-2.9259390329183423,26091.7
73447,TOTAL,2018-05-03,222.2,222.2,3987,2026-04-08T03:03:35.46093+00:00,0.0,0.0,-4.790419161676651,0.0,222.35999999999999,232.04000000000002,236.06400000000002,1.5040789201854288,2.5549932117107756,28.455658692741768,-4.554258201478035,-1.3026553348477536,-3.2516028666302814,25992.85
73540,TOTAL,2018-05-04,222.2,222.2,32288,2026-04-08T03:03:38.142449+00:00,0.0,0.0,0.0,0.0,222.28000000000003,230.7,235.928,1.5040789201854288,2.554351829309993,28.455658692741764,-4.611134026434314,-1.0876249278432262,-3.523509098591088,24143.6
73633,TOTAL,2018-05-07,222.2,222.2,9362,2026-04-08T03:03:42.835383+00:00,0.0,0.0,0.0,0.0,222.2,229.35999999999999,235.792,1.5040789201854288,2.554351829309993,28.455658692741768,-4.603146322038924,-0.8637097787582686,-3.7394365432806556,23616.65
73726,TOTAL,2018-05-08,222.2,222.2,4759,2026-04-08T03:03:45.094212+00:00,0.0,0.0,-0.17969451931716396,0.0,222.2,228.64000000000001,235.65600000000003,1.087914732972159,2.554351829309993,28.455658692741764,-4.5444306411361595,-0.643995278284403,-3.9004353628517565,22994.4
73819,TOTAL,2018-05-09,222.2,222.2,2670,2026-04-08T03:03:47.354492+00:00,0.0,0.0,0.0,0.0,222.2,228.06,235.52,1.0698082554396884,2.554351829309993,28.455658692741768,-4.446639943663769,-0.43696366464960956,-4.009676279014159,22167.4
73912,TOTAL,2018-05-10,222.2,222.2,2387,2026-04-08T03:03:49.581225+00:00,0.0,0.0,0.0,-4.790419161676651,222.2,227.48000000000002,235.612,1.0698082554396884,2.452469610762598,28.455658692741764,-4.319349340872975,-0.24773844948705204,-4.071610891385923,22133.0
74005,TOTAL,2018-05-11,221.8,221.8,22423,2026-04-08T03:03:51.923758+00:00,-0.18001800180017513,0.0,0.0,0.0,222.11999999999998,226.87999999999997,235.488,1.0683637151294199,2.356577855218549,27.740108013586923,-4.202305713719255,-0.10455585786666521,-4.09774985585259,22577.8
74098,TOTAL,2018-05-14,221.8,221.8,4348,2026-04-08T03:03:56.261604+00:00,0.0,-0.18001800180017513,0.0,0.0,222.04000000000002,226.27999999999997,235.584,1.0683637151294199,2.252652974420668,27.74010801358693,-4.0627153424310904,0.02802761073720017,-4.090742953168291,19888.85
74191,TOTAL,2018-05-15,221.8,221.8,2342,2026-04-08T03:03:58.63318+00:00,0.0,0.0,0.0,-0.17969451931716396,221.95999999999998,225.67999999999998,235.38,1.0683637151294199,2.024629523736199,27.74010801358693,-3.907050916579294,0.1469536292711977,-4.054004545850492,19802.4
74284,TOTAL,2018-05-16,221.8,221.8,8224,2026-04-08T03:04:02.494817+00:00,0.0,0.0,0.0,0.0,221.88000000000002,225.08,235.176,1.0683637151294199,2.024629523736199,27.740108013586926,-3.7405668118056212,0.2507501872358966,-3.991316999041518,19926.85
74377,TOTAL,2018-05-17,221.8,221.8,41988,2026-04-08T03:04:04.853265+00:00,0.0,0.0,0.0,0.0,221.8,224.48000000000002,234.99200000000002,1.0683637151294199,2.0239774256915264,27.740108013586926,-3.5675030053669445,0.3390511949396591,-3.9065542003066036,21691.4
74470,TOTAL,2018-05-18,212.0,212.0,76685,2026-04-08T03:04:09.280828+00:00,-4.41839495040578,0.0,-0.18001800180017513,0.0,219.84,223.39000000000001,234.382,1.413416748373323,1.982324183508033,14.658664640716822,-4.173022780887976,-0.2131748644650977,-3.9598479164228784,25298.05
74563,TOTAL,2018-05-21,212.0,212.0,5027,2026-04-08T03:04:14.640212+00:00,0.0,-4.41839495040578,0.0,0.0,217.88000000000002,222.3,233.542,1.413416748373323,1.847500019493278,14.658664640716824,-4.599877046257603,-0.5120233038677799,-4.087853742389823,22481.1
74656,TOTAL,2018-05-22,212.0,212.0,9158,2026-04-08T03:04:17.13602+00:00,0.0,0.0,0.0,0.0,215.92,221.20999999999998,232.782,1.413416748373323,1.8394940622967821,14.65866464071682,-4.881886775008667,-0.6352264260950742,-4.246660348913593,22247.75
74749,TOTAL,2018-05-24,212.0,212.0,8969,2026-04-08T03:04:20.857799+00:00,0.0,0.0,0.0,0.0,213.95999999999998,220.12000000000003,232.218,1.413416748373323,1.7646118478717514,14.658664640716822,-5.047200530867656,-0.64043214556325,-4.406768385304406,21185.0
74842,TOTAL,2018-05-25,212.0,212.0,19558,2026-04-08T03:04:23.533051+00:00,0.0,0.0,0.0,0.0,212.0,219.59,231.618,0.9852970428023141,1.7592632283695517,14.65866464071682,-5.119201900490879,-0.569946812149178,-4.549255088341701,17933.55
74935,TOTAL,2018-05-28,212.0,212.0,33086,2026-04-08T03:04:28.151981+00:00,0.0,0.0,-4.41839495040578,-0.18001800180017513,212.0,219.06,230.93600000000004,0.9852970428023141,1.737249782094966,14.658664640716822,-5.1172747467712725,-0.45441572674365727,-4.662859020027615,19316.85
75028,TOTAL,2018-05-31,212.0,212.0,26823,2026-04-08T03:04:33.384321+00:00,0.0,0.0,0.0,0.0,212.0,218.53000000000003,230.19600000000003,0.9852970428023141,1.7249709608182797,14.658664640716818,-5.05744834717018,-0.315671461714051,-4.741776885456129,20347.3
75121,TOTAL,2018-06-01,201.7,201.7,75914,2026-04-08T03:04:35.846588+00:00,-4.858490566037743,0.0,0.0,0.0,209.94,217.50500000000002,229.31,1.4269566399076226,1.8375205343713477,7.998708908418773,-5.774593494523543,-0.8262532872539321,-4.948340207269611,20557.05
75214,TOTAL,2018-06-04,202.0,202.0,47046,2026-04-08T03:04:40.216574+00:00,0.14873574615765772,-4.858490566037743,0.0,0.0,207.94,216.49499999999998,228.43,1.429935110002532,1.838267743997193,9.291398106549451,-6.2467203935094915,-1.0387041489919042,-5.208016244517587,21852.2
75307,TOTAL,2018-06-05,193.3,193.3,64444,2026-04-08T03:04:42.57091+00:00,-4.306930693069299,0.14873574615765772,0.0,0.0,204.2,215.05,227.37400000000002,1.6616855742432586,1.919172058810144,6.45766750942891,-7.239449782817502,-1.625146830639932,-5.61430295217757,24875.05
75400,TOTAL,2018-06-06,193.3,193.3,28615,2026-04-08T03:04:44.928825+00:00,0.0,-4.306930693069299,0.0,-4.41839495040578,200.45999999999998,213.60500000000002,226.59799999999998,1.6616855742432586,1.7655575158942576,6.4576675094289095,-7.934728366659186,-1.8563403315852929,-6.0783880350738935,24691.4
75493,TOTAL,2018-06-07,193.3,193.3,9102,2026-04-08T03:04:47.263813+00:00,0.0,0.0,0.0,0.0,196.72,212.16,225.59,1.6616855742432586,1.5893042667800303,6.4576675094289095,-8.38903804497778,-1.8485200079231099,-6.540518037054671,24678.4
75586,TOTAL,2018-06-08,193.3,193.3,3086,2026-04-08T03:04:49.462509+00:00,0.0,0.0,-4.858490566037743,0.0,195.04000000000002,210.715,224.582,1.6616855742432586,1.5893042667800303,6.45766750942891,-8.649377102976956,-1.687087252737828,-6.962289850239128,24594.75
75679,TOTAL,2018-06-11,193.3,193.3,67407,2026-04-08T03:04:53.988129+00:00,0.0,0.0,0.14873574615765772,0.0,193.3,209.26999999999998,223.57399999999998,1.6616855742432586,1.5893042667800303,6.4576675094289095,-8.754778050378263,-1.433990560111308,-7.320787490266955,27831.6
75772,TOTAL,2018-06-12,193.3,193.3,55783,2026-04-08T03:04:56.284057+00:00,0.0,0.0,-4.306930693069299,0.0,193.3,207.825,222.56600000000003,1.6616855742432586,1.5893042667800303,6.45766750942891,-8.737587589790934,-1.1334400796191826,-7.604147510171751,30501.4
75865,TOTAL,2018-06-13,193.3,193.3,3469,2026-04-08T03:04:58.638577+00:00,0.0,0.0,0.0,0.0,193.3,206.4,221.558,1.665024884945932,1.5893042667800303,6.4576675094289095,-8.624545632467061,-0.8163184978362477,-7.808227134630814,29553.7
75958,TOTAL,2018-06-14,193.3,193.3,10612,2026-04-08T03:05:00.901161+00:00,0.0,0.0,0.0,0.0,193.3,204.975,220.62400000000002,1.665024884945932,1.5829630103447636,6.4576675094289095,-8.43769457607408,-0.5035739531546124,-7.934120622919467,29866.9
76051,TOTAL,2018-06-19,193.3,193.3,18684,2026-04-08T03:05:07.639029+00:00,0.0,0.0,0.0,-4.858490566037743,193.3,203.55,219.72400000000002,1.665024884945932,1.5834933613189408,6.4576675094289095,-8.195145234728301,-0.20881968944706664,-7.986325545281234,30684.0
76144,TOTAL,2018-06-20,193.3,193.3,5243,2026-04-08T03:05:09.924133+00:00,0.0,0.0,0.0,0.14873574615765772,193.3,202.125,218.61000000000004,1.665024884945932,1.4189822034592463,6.457667509428909,-7.9117217309989485,0.05968305142582864,-7.971404782424777,30534.95
76237,TOTAL,2018-06-21,193.3,193.3,3665,2026-04-08T03:05:12.376626+00:00,0.0,0.0,0.0,-4.306930693069299,193.3,200.70000000000002,217.496,1.665024884945932,1.4189822034592463,6.4576675094289095,-7.5995042083506235,0.29752045925932347,-7.897024667609947,28618.8
76330,TOTAL,2018-06-22,193.3,193.3,1065,2026-04-08T03:05:14.680862+00:00,0.0,0.0,0.0,0.0,193.3,199.76500000000001,216.382,1.4162900761346726,1.4189822034592463,6.4576675094289095,-7.268285303616466,0.5029914911947859,-7.771276794811252,24837.8
76424,TOTAL,2018-06-25,193.3,193.3,6055,2026-04-08T03:05:19.028214+00:00,0.0,0.0,0.0,0.0,193.3,198.83,215.26800000000003,1.4162900761346726,1.4189822034592463,6.457667509428909,-6.925953850578395,0.6762583553862864,-7.6022122059646815,24889.2
76518,TOTAL,2018-06-26,193.3,193.3,4219,2026-04-08T03:05:21.361472+00:00,0.0,0.0,0.0,0.0,193.3,197.89500000000004,214.40200000000002,1.4162900761346726,1.264073885219593,6.457667509428908,-6.578817198191558,0.8187160062184997,-7.397533204410058,24642.25
76612,TOTAL,2018-06-27,200.5,200.5,53467,2026-04-08T03:05:23.730487+00:00,3.724780134505945,0.0,0.0,0.0,194.74,197.32000000000002,213.736,1.6959778862302008,1.3862964126302026,45.37105901194635,-5.657512787367779,1.3920163336338236,-7.049529121001602,26867.15
76706,TOTAL,2018-06-28,200.5,200.5,16251,2026-04-08T03:05:26.342484+00:00,0.0,3.724780134505945,0.0,0.0,196.18,196.74500000000003,213.07,1.6959778862302008,1.3862964126302026,45.37105901194634,-4.871220012079988,1.7426472871372924,-6.61386729921728,26701.8
76800,TOTAL,2018-06-29,210.0,210.0,17521,2026-04-08T03:05:28.786725+00:00,4.738154613466339,0.0,0.0,0.0,199.52,196.64500000000004,212.59400000000002,2.0324404450833558,1.5582998151304883,66.62001214056444,-3.441831427315151,2.537628697521704,-5.979460124836855,25923.55
76894,TOTAL,2018-07-02,210.0,210.0,8919,2026-04-08T03:05:34.742081+00:00,0.0,4.738154613466339,0.0,0.0,202.85999999999999,196.54500000000002,212.118,2.0324404450833558,1.5582998151304883,66.62001214056443,-2.2827169358063486,2.9573945512244055,-5.240111487030754,25028.35
76988,TOTAL,2018-07-03,210.0,210.0,11311,2026-04-08T03:05:37.830893+00:00,0.0,0.0,0.0,0.0,206.2,196.96,211.642,1.6853756612456976,1.5582998151304883,66.62001214056443,-1.348564933218995,3.113237243049407,-4.461802176268402,21798.2
77082,TOTAL,2018-07-04,210.0,210.0,11399,2026-04-08T03:05:40.225299+00:00,0.0,0.0,3.724780134505945,0.0,208.1,197.36,211.166,1.6860125756727458,1.5582998151304883,66.62001214056443,-0.6013111997591807,3.0883927812073773,-3.689703980966558,20015.85
77176,TOTAL,2018-07-05,210.0,210.0,11664,2026-04-08T03:05:42.479897+00:00,0.0,0.0,0.0,0.0,210.0,198.19500000000002,210.69,1.3127518898963142,1.5582998151304883,66.62001214056444,-0.009003446196544473,2.944560427816011,-2.9535638740125556,17376.85
77270,TOTAL,2018-07-06,210.0,210.0,13549,2026-04-08T03:05:44.93013+00:00,0.0,0.0,4.738154613466339,0.0,210.0,199.03000000000003,210.21400000000003,1.3127518898963142,1.5582998151304883,66.62001214056441,0.45515793846016095,2.7269774499781736,-2.2718195115180126,16623.55
77364,TOTAL,2018-07-09,210.0,210.0,5760,2026-04-08T03:05:49.395513+00:00,0.0,0.0,0.0,0.0,210.0,199.865,209.738,1.3127518898963142,1.5582998151304883,66.62001214056443,0.8136301579096141,2.4683597355421014,-1.6547295776324875,16456.45
77458,TOTAL,2018-07-10,200.0,200.0,443922,2026-04-08T03:05:51.797285+00:00,-4.761904761904767,0.0,0.0,0.0,208.0,200.20000000000002,209.062,1.7519155231539103,1.6859611608716978,39.470702477026755,0.2874915246245848,1.553776881805658,-1.2662853571810733,38498.25
77552,TOTAL,2018-07-11,200.0,200.0,12615,2026-04-08T03:05:54.14171+00:00,0.0,-4.761904761904767,0.0,3.724780134505945,206.0,200.53500000000003,208.386,1.7519155231539103,1.6859611608716978,39.47070247702674,-0.12800160999614718,0.9106269977479409,-1.038628607744088,35758.65
77646,TOTAL,2018-07-12,200.0,200.0,153273,2026-04-08T03:05:56.629461+00:00,0.0,0.0,0.0,0.0,204.0,200.87,207.93400000000003,1.7519155231539103,1.5565907773603125,39.47070247702674,-0.45207171136570423,0.4692455171027071,-0.9213172284684114,40633.15
77740,TOTAL,2018-07-13,200.0,200.0,5075,2026-04-08T03:05:59.112955+00:00,0.0,0.0,0.0,4.738154613466339,202.0,201.205,207.482,1.7519155231539103,1.5565907773603125,39.47070247702674,-0.7008209735627418,0.17639700392453572,-0.8772179774872775,40713.45
77835,TOTAL,2018-07-16,200.0,200.0,17245,2026-04-08T03:06:03.612411+00:00,0.0,0.0,0.0,0.0,200.0,201.54000000000002,207.03,1.7519155231539103,1.5565907773603125,39.47070247702675,-0.8877234328502936,-0.008404364290412913,-0.8793190685598807,41045.1
77930,TOTAL,2018-07-17,200.0,200.0,7238,2026-04-08T03:06:06.031894+00:00,0.0,0.0,-4.761904761904767,0.0,200.0,201.87500000000003,206.58599999999998,1.7519155231539103,1.5568504534955903,39.47070247702674,-1.0240404772169143,-0.1157771269256268,-0.9082633502912875,40472.8
78025,TOTAL,2018-07-18,200.0,200.0,11118,2026-04-08T03:06:08.398083+00:00,0.0,0.0,0.0,0.0,200.0,202.21,206.142,1.7519155231539103,1.5568504534955903,39.47070247702674,-1.1191716034048227,-0.16872660249082816,-0.9504450009139945,40766.55
78120,TOTAL,2018-07-19,200.0,200.0,5933,2026-04-08T03:06:10.625391+00:00,0.0,0.0,0.0,0.0,200.0,202.54500000000002,205.69799999999998,1.7519155231539103,1.5568504534955903,39.47070247702674,-1.180950444681315,-0.18440435501385632,-0.9965460896674587,40879.95
78215,TOTAL,2018-07-20,200.0,200.0,6954,2026-04-08T03:06:13.100822+00:00,0.0,0.0,0.0,0.0,200.0,202.88000000000002,205.25400000000002,1.7519155231539103,1.5568504534955903,39.470702477026734,-1.2158945460269308,-0.17547876508757754,-1.0404157809393533,41174.4
78310,TOTAL,2018-07-23,200.0,200.0,5446,2026-04-08T03:06:17.450644+00:00,0.0,0.0,0.0,0.0,200.0,203.215,204.81,1.7519155231539103,1.5568504534955903,39.470702477026734,-1.2294160551036555,-0.15120021933144168,-1.0782158357722138,41143.95
78405,TOTAL,2018-07-24,200.0,200.0,10114,2026-04-08T03:06:19.846153+00:00,0.0,0.0,0.0,-4.761904761904767,200.0,203.55,204.36599999999999,1.7519155231539103,1.5568504534955903,39.470702477026734,-1.2259993906469333,-0.11822684389977556,-1.1077725467471577,41438.7
78500,TOTAL,2018-07-25,200.0,200.0,4069,2026-04-08T03:06:22.17218+00:00,0.0,0.0,0.0,0.0,200.0,203.525,203.922,1.5411174670739143,1.5568504534955903,39.470702477026734,-1.209351013757498,-0.08126277360827228,-1.1280882401492258,38968.8
78595,TOTAL,2018-07-26,200.0,200.0,6307,2026-04-08T03:06:24.338643+00:00,0.0,0.0,0.0,0.0,200.0,203.5,203.47799999999998,1.5411174670739143,1.5568504534955903,39.470702477026734,-1.1825256356959244,-0.04354991643735873,-1.1389757192585657,38471.6
78690,TOTAL,2018-07-27,199.8,199.8,23525,2026-04-08T03:06:26.70773+00:00,-0.09999999999998899,0.0,0.0,0.0,199.96,202.98999999999998,203.03800000000004,1.0638517671219054,1.5569107363839545,38.64527045298111,-1.163986941936031,-0.02000897814197211,-1.1439779637940588,38771.8
78785,TOTAL,2018-07-30,183.0,183.0,56773,2026-04-08T03:06:31.357035+00:00,-8.40840840840842,-0.09999999999998899,0.0,0.0,196.56,201.64,202.262,2.109901573435611,1.9417766839527153,13.363838955795295,-2.476368456033697,-1.0659123937917103,-1.4104560622419866,41164.5
78880,TOTAL,2018-07-31,183.0,183.0,18410,2026-04-08T03:06:33.766078+00:00,0.0,-8.40840840840842,0.0,0.0,193.16000000000003,200.29,201.48600000000002,2.109901573435611,1.9417766839527153,13.363838955795293,-3.4763668678648116,-1.6527286444982598,-1.8236382233665518,41519.45
78975,TOTAL,2018-08-01,190.0,190.0,181359,2026-04-08T03:06:36.22345+00:00,3.825136612021862,0.0,0.0,0.0,191.16000000000003,199.29,200.85000000000002,2.3346156114783474,2.029801289261398,34.173470623393705,-3.661820132201285,-1.4705455270677863,-2.191274605133499,50017.45
79070,TOTAL,2018-08-02,195.0,195.0,12616,2026-04-08T03:06:38.596191+00:00,2.6315789473684292,3.825136612021862,0.0,0.0,190.16000000000003,198.54,200.31400000000002,2.4346478310201225,2.071127499758287,44.439210376436634,-3.3665277309583246,-0.9402025006598604,-2.426325230298464,50065.05
79165,TOTAL,2018-08-03,195.0,195.0,16368,2026-04-08T03:06:41.315743+00:00,0.0,2.6315789473684292,-0.09999999999998899,0.0,189.2,197.79,199.97400000000002,2.4346478310201225,1.9813373726460723,44.439210376436634,-3.096808297153075,-0.5363864534836882,-2.5604218436693866,50206.0
79260,TOTAL,2018-08-06,195.0,195.0,10178,2026-04-08T03:06:46.359416+00:00,0.0,0.0,-8.40840840840842,0.0,191.6,197.04,199.63400000000001,2.4346478310201225,1.9813373726460723,44.439210376436634,-2.850198389788261,-0.2318212368950996,-2.6183771528931614,50426.9
79355,TOTAL,2018-08-07,195.0,195.0,29386,2026-04-08T03:06:48.623378+00:00,0.0,0.0,0.0,0.0,194.0,196.79,199.294,2.201168800075859,1.9813373726460723,44.439210376436634,-2.6245046060718096,-0.004901962542918525,-2.619602643528891,29700.1
79450,TOTAL,2018-08-08,190.0,190.0,26122,2026-04-08T03:06:51.110249+00:00,-2.564102564102566,0.0,3.825136612021862,0.0,194.0,196.29,198.854,2.268520888549284,2.0104152047223383,36.73382772766436,-2.816630506509682,-0.1576222903846327,-2.6590082161250495,30375.45
79545,TOTAL,2018-08-09,190.0,190.0,41430,2026-04-08T03:06:53.45187+00:00,0.0,-2.564102564102566,2.6315789473684292,0.0,193.0,195.79,198.41400000000002,2.268520888549284,2.0104152047223383,36.73382772766436,-2.935058143530682,-0.22083994192450618,-2.714218201606176,24783.3
79640,TOTAL,2018-08-10,185.0,185.0,12844,2026-04-08T03:06:56.254972+00:00,-2.631578947368418,0.0,0.0,-0.09999999999998899,191.0,195.04,197.87400000000002,2.3299177507379554,2.0393475506574075,30.58366305636873,-3.3932557720396517,-0.5432300563467805,-2.850025715692871,25171.75
79735,TOTAL,2018-08-13,185.0,185.0,12755,2026-04-08T03:07:00.870215+00:00,0.0,-2.631578947368418,0.0,-8.40840840840842,189.0,194.29,197.334,2.3299177507379554,2.0393475506574075,30.58366305636873,-3.713572936574735,-0.6908377767054907,-3.0227351598692445,24947.25
79830,TOTAL,2018-08-14,185.0,185.0,10239,2026-04-08T03:07:03.258394+00:00,0.0,0.0,0.0,0.0,187.0,193.54,197.00000000000003,2.3299177507379554,1.9280552138862748,30.583663056368728,-3.9222137585144594,-0.7195828789161718,-3.2026308795982876,25097.3
79925,TOTAL,2018-08-15,190.0,190.0,122359,2026-04-08T03:07:05.636903+00:00,2.7027027027026973,0.0,-2.564102564102566,3.825136612021862,187.0,193.04,196.76000000000005,2.4283407743415895,1.9696242191492264,42.588894088623555,-3.6421207983987074,-0.3515919350403358,-3.2905288633583716,30659.35
80020,TOTAL,2018-08-16,183.0,183.0,74156,2026-04-08T03:07:07.96787+00:00,-3.68421052631579,2.7027027027026973,0.0,2.6315789473684292,185.6,192.19,196.554,2.5470346384141345,1.9443054102013193,33.780646628032635,-3.9395736553063045,-0.519235833558346,-3.4203378217479585,34070.5
80115,TOTAL,2018-08-17,183.0,183.0,36810,2026-04-08T03:07:10.276143+00:00,0.0,-3.68421052631579,-2.631578947368418,0.0,185.2,191.33999999999997,196.34800000000004,2.5470346384141345,1.9443054102013193,33.780646628032635,-4.127725339147787,-0.5659100139198627,-3.5618153252279243,35563.3
80210,TOTAL,2018-08-20,183.0,183.0,5472,2026-04-08T03:07:14.92421+00:00,0.0,0.0,0.0,0.0,184.8,190.48999999999998,196.142,2.5470346384141345,1.9443054102013193,33.78064662803263,-4.228098022053246,-0.5330261574602568,-3.6950718645929888,35564.6
80305,TOTAL,2018-08-24,177.6,177.6,28073,2026-04-08T03:07:20.612873+00:00,-2.9508196721311553,0.0,0.0,0.0,183.32,189.36999999999998,195.828,2.6067129805264995,1.9858407352745726,28.167663484273305,-4.689323365958671,-0.7954012010925458,-3.8939221648661255,36462.55
80400,TOTAL,2018-08-27,181.0,181.0,66942,2026-04-08T03:07:24.735515+00:00,1.9144144144144226,-2.9508196721311553,2.7027027027026973,-2.564102564102566,181.51999999999998,188.42,195.582,2.6628644090124207,2.0071249712278276,35.441281970892135,-4.726017599890753,-0.6656763480197014,-4.060341251871051,39606.2
80495,TOTAL,2018-08-28,190.0,190.0,513315,2026-04-08T03:07:26.964049+00:00,4.972375690607733,1.9144144144144226,-3.68421052631579,0.0,182.92,187.92,195.516,2.9273792245953327,2.1320475671692103,49.902241104356754,-3.9829601751948758,0.06190486134094009,-4.044865036535816,64956.6
80590,TOTAL,2018-08-29,192.0,192.0,342294,2026-04-08T03:07:29.382314+00:00,1.0526315789473717,4.972375690607733,0.0,-2.631578947368418,184.71999999999997,187.53,195.49,2.9410690250800497,2.137357268267561,52.451150419481735,-3.1958586581232566,0.6792051027300476,-3.8750637608533043,80895.05
80685,TOTAL,2018-08-30,192.0,192.0,17032,2026-04-08T03:07:31.753519+00:00,0.0,1.0526315789473717,0.0,0.0,186.51999999999998,187.98,195.46399999999997,2.209452545377415,2.137357268267561,52.451150419481735,-2.542763638672568,1.065840097744589,-3.608603736417157,78908.0
80780,TOTAL,2018-08-31,189.7,189.7,29549,2026-04-08T03:07:34.108038+00:00,-1.1979166666666763,0.0,-2.9508196721311553,0.0,188.94,188.315,195.392,2.233079799645435,2.1441657450369798,49.118078662864974,-2.1855779266963964,1.1384206477766088,-3.323998574473005,79464.95
80875,TOTAL,2018-09-03,189.7,189.7,16488,2026-04-08T03:07:38.483999+00:00,0.0,-1.1979166666666763,1.9144144144144226,2.7027027027026973,190.68,188.3,195.32,2.063975728689304,2.1441657450369798,49.118078662864974,-1.8808247001999803,1.1545390994184204,-3.0353637996184006,71221.4
80970,TOTAL,2018-09-05,189.7,189.7,22235,2026-04-08T03:07:41.733647+00:00,0.0,0.0,4.972375690607733,-3.68421052631579,190.62,188.035,195.248,1.9699445040214874,2.1441657450369798,49.118078662864974,-1.6206240275865866,1.1317918176254516,-2.752415845212038,71702.35
81065,TOTAL,2018-09-06,189.7,189.7,12411,2026-04-08T03:07:44.232746+00:00,0.0,0.0,1.0526315789473717,0.0,190.16,187.77,195.17600000000002,1.9699445040214874,2.1441657450369798,49.11807866286498,-1.3982944518628528,1.0832971146793486,-2.4815915665422015,71504.5
81160,TOTAL,2018-09-07,189.7,189.7,2936,2026-04-08T03:07:46.695234+00:00,0.0,0.0,0.0,0.0,189.7,187.505,195.10399999999998,1.9699445040214874,2.1441657450369798,49.118078662864974,-1.2081696338244683,1.0187375461741865,-2.226907179998655,71142.4
81255,TOTAL,2018-09-10,189.7,189.7,15280,2026-04-08T03:07:51.133138+00:00,0.0,0.0,-1.1979166666666763,-2.9508196721311553,189.7,187.24,195.032,1.9699445040214874,2.1441657450369798,49.118078662864974,-1.045443128138288,0.9451712414882936,-1.9906143696265817,70437.1
81357,TOTAL,2018-09-11,189.7,189.7,1310,2026-04-08T03:07:53.572062+00:00,0.0,0.0,0.0,1.9144144144144226,189.7,187.225,194.81599999999997,1.884025878025748,2.0751867002209243,49.118078662864974,-0.9060369698013915,0.8676619198601523,-1.7736988896615438,69196.5
81459,TOTAL,2018-09-12,189.7,189.7,16946,2026-04-08T03:07:56.190409+00:00,0.0,0.0,0.0,4.972375690607733,189.7,187.20999999999998,194.6,1.884025878025748,2.0751867002209243,49.118078662864974,-0.786490413043964,0.7897667812940639,-1.576257194338028,67972.3
81561,TOTAL,2018-09-13,189.7,189.7,45822,2026-04-08T03:07:58.529226+00:00,0.0,0.0,0.0,1.0526315789473717,189.7,187.445,194.19400000000002,1.7788717900223145,1.9549457171118914,49.11807866286497,-0.6838657271167108,0.7139131737770537,-1.3977789008937644,69621.2
81663,TOTAL,2018-09-14,189.7,189.7,17277,2026-04-08T03:08:00.944137+00:00,0.0,0.0,0.0,0.0,189.7,187.68,193.78799999999998,1.7788717900223145,1.9549457171118914,49.11807866286498,-0.5956684292863201,0.6416883772859554,-1.2373568065722755,69847.3
81765,TOTAL,2018-09-17,189.7,189.7,8967,2026-04-08T03:08:05.572353+00:00,0.0,0.0,0.0,-1.1979166666666763,189.7,187.91500000000002,193.382,1.7788717900223145,1.9549457171118914,49.11807866286497,-0.5197797380598104,0.5740616548099722,-1.0938413928697825,69783.7
81867,TOTAL,2018-09-18,189.7,189.7,14396,2026-04-08T03:08:07.840784+00:00,0.0,0.0,0.0,0.0,189.7,187.9,192.976,1.6735200411618871,1.9549457171118914,49.118078662864974,-0.4543993704258469,0.5115536179551486,-0.9659529883809955,64385.55
81969,TOTAL,2018-09-19,189.7,189.7,12934,2026-04-08T03:08:10.07554+00:00,0.0,0.0,0.0,0.0,189.7,188.23499999999999,192.57,1.431256571726042,1.9549457171118914,49.118078662864974,-0.3979970952661347,0.45436471449188875,-0.8523618097580234,61324.45
82071,TOTAL,2018-09-20,189.7,189.7,14564,2026-04-08T03:08:12.389642+00:00,0.0,0.0,0.0,0.0,189.7,188.57,192.16400000000002,1.431256571726042,1.9549457171118914,49.11807866286498,-0.34927169911236433,0.4024720885165274,-0.7517437876288917,60212.15
82173,TOTAL,2018-09-21,189.7,189.7,4572,2026-04-08T03:08:14.761127+00:00,0.0,0.0,0.0,0.0,189.7,188.905,191.75799999999998,1.431256571726042,1.9549457171118914,49.118078662864974,-0.3071162269222327,0.3557020485653273,-0.66281827548756,60167.15
82275,TOTAL,2018-09-24,189.7,189.7,15160,2026-04-08T03:08:19.182113+00:00,0.0,0.0,0.0,0.0,189.7,189.51,191.55200000000002,1.228181060820891,1.839986544372345,49.118078662864974,-0.2705885352983728,0.31378379215134977,-0.5843723274497226,59521.5
82377,TOTAL,2018-09-25,180.0,180.0,24919,2026-04-08T03:08:21.370615+00:00,-5.113336847654182,0.0,0.0,0.0,187.76,189.45999999999998,191.15200000000002,1.6766142961300814,1.97229537525817,26.165893268990963,-1.0126755172420587,-0.34264255183386894,-0.6700329654081898,57420.35
82479,TOTAL,2018-09-26,181.1,181.1,27772,2026-04-08T03:08:24.494451+00:00,0.6111111111111178,-5.113336847654182,0.0,0.0,186.04,189.01500000000001,190.774,1.2135797470358132,1.9753944215035273,30.151942340420252,-1.494792947343342,-0.6598079855481217,-0.8349849617952202,33143.2
82581,TOTAL,2018-09-27,183.0,183.0,35486,2026-04-08T03:08:26.812803+00:00,1.0491441192711282,0.6111111111111178,0.0,0.0,184.7,188.565,190.43400000000003,1.2133856283604156,1.9828903552742938,36.526147978060685,-1.7039186495896956,-0.6951469502355803,-1.0087716993541154,17802.8
82683,TOTAL,2018-09-28,183.0,183.0,19244,2026-04-08T03:08:29.283021+00:00,0.0,1.0491441192711282,0.0,0.0,183.35999999999999,188.115,190.09400000000002,1.2133856283604156,1.9828903552742938,36.526147978060685,-1.848345696653496,-0.6716591978395043,-1.1766864988139916,17913.4
82785,TOTAL,2018-10-02,183.0,183.0,15563,2026-04-08T03:08:34.887787+00:00,0.0,0.0,0.0,0.0,182.01999999999998,187.78,189.75400000000002,1.1926129044626417,1.9828903552742938,36.526147978060685,-1.9404370218840654,-0.6110004184560589,-1.3294366034280065,17214.1
82887,TOTAL,2018-10-04,183.0,183.0,19872,2026-04-08T03:08:38.279141+00:00,0.0,0.0,-5.113336847654182,0.0,182.61999999999998,187.445,189.41400000000002,1.1926129044626417,1.9828903552742938,36.52614797806068,-1.9904751026557506,-0.528830799382195,-1.4616443032735555,17383.3
82989,TOTAL,2018-10-05,183.0,183.0,6782,2026-04-08T03:08:40.455926+00:00,0.0,0.0,0.6111111111111178,0.0,183.0,187.10999999999999,189.074,1.1926129044626417,1.9828903552742938,36.52614797806068,-2.0069952502386457,-0.43628075757207196,-1.5707144926665737,16610.65
83091,TOTAL,2018-10-08,183.0,183.0,12562,2026-04-08T03:08:45.286665+00:00,0.0,0.0,1.0491441192711282,0.0,183.0,186.775,188.734,1.1926129044626417,1.9828903552742938,36.52614797806067,-1.9970666450658427,-0.3410817219194151,-1.6559849231464276,16618.2
83193,TOTAL,2018-10-09,183.0,183.0,2646,2026-04-08T03:08:47.584215+00:00,0.0,0.0,0.0,0.0,183.0,186.44,188.394,1.1926129044626417,1.9828903552742938,36.526147978060685,-1.966529229103486,-0.2484354447656465,-1.7180937843378394,16603.7
83295,TOTAL,2018-10-10,183.0,183.0,52041,2026-04-08T03:08:50.198924+00:00,0.0,0.0,0.0,0.0,183.0,186.105,188.054,1.1926129044626417,1.9828903552742938,36.52614797806068,-1.9201933137015885,-0.16167962349099918,-1.7585136902105893,18441.75
83397,TOTAL,2018-10-11,183.0,183.0,65546,2026-04-08T03:08:52.595743+00:00,0.0,0.0,0.0,-5.113336847654182,183.0,185.77,187.71400000000003,1.1926129044626417,1.9828903552742938,36.526147978060685,-1.8620077011935336,-0.08279520878635527,-1.7792124924071784,21653.55
83499,TOTAL,2018-10-12,183.0,183.0,30560,2026-04-08T03:08:54.923298+00:00,0.0,0.0,0.0,0.6111111111111178,183.0,185.435,187.37400000000002,1.1926129044626417,1.9828903552742938,36.526147978060685,-1.7952012218645166,-0.012790983565870606,-1.782410238298646,22334.25
83601,TOTAL,2018-10-15,183.0,183.0,56908,2026-04-08T03:08:59.688494+00:00,0.0,0.0,0.0,1.0491441192711282,183.0,185.1,187.03799999999998,1.1926129044626417,1.9830002984797892,36.52614797806068,-1.7224018295484314,0.048006727000171834,-1.7704085565486032,22888.55
83703,TOTAL,2018-10-16,183.0,183.0,28960,2026-04-08T03:09:01.98694+00:00,0.0,0.0,0.0,0.0,183.0,184.76500000000001,187.03799999999998,1.1926129044626417,1.58556852904286,36.52614797806068,-1.6457367577389732,0.09973743904770416,-1.7454741967866774,23472.7
83805,TOTAL,2018-10-17,183.0,183.0,36614,2026-04-08T03:09:04.302348+00:00,0.0,0.0,0.0,0.0,183.0,184.43,187.03799999999998,1.1926129044626417,1.58556852904286,36.52614797806068,-1.5669166956918161,0.14284600087588917,-1.7097626965677053,24855.05
83907,TOTAL,2018-10-18,183.0,183.0,53359,2026-04-08T03:09:06.644992+00:00,0.0,0.0,0.0,0.0,183.0,184.095,186.898,1.1926129044626417,1.4870699255247253,36.52614797806068,-1.487306485305112,0.17796496901007486,-1.6652714543151867,26803.2
84009,TOTAL,2018-10-19,183.0,183.0,5890,2026-04-08T03:09:09.038287+00:00,0.0,0.0,0.0,0.0,183.0,183.76000000000002,186.658,1.1926129044626417,1.4353842860525903,36.526147978060685,-1.4079844516938067,0.20582960209710421,-1.613814053790911,26451.0
84111,TOTAL,2018-10-22,183.0,183.0,20602,2026-04-08T03:09:13.967+00:00,0.0,0.0,0.0,0.0,183.0,183.425,186.418,1.1926129044626417,1.4353842860525903,36.526147978060685,-1.3297921524063838,0.22721752110762172,-1.5570096735140055,26752.9
84213,TOTAL,2018-10-23,183.0,183.0,36284,2026-04-08T03:09:16.194722+00:00,0.0,0.0,0.0,0.0,183.0,183.09,186.178,1.1926129044626417,1.4353842860525903,36.52614797806069,-1.2533760529372557,0.24290689646140007,-1.4962829493986558,28338.5
84315,TOTAL,2018-10-24,183.0,183.0,4714,2026-04-08T03:09:18.448083+00:00,0.0,0.0,0.0,0.0,183.0,182.75500000000002,185.938,1.1926129044626417,1.4353842860525903,36.526147978060685,-1.1792224017527246,0.2536484381167452,-1.4328708398694698,27816.2
84417,TOTAL,2018-10-25,198.0,198.0,19023,2026-04-08T03:09:20.631413+00:00,8.196721311475418,0.0,0.0,0.0,186.0,183.65500000000003,186.09799999999998,1.832490412178311,1.8169571792031363,83.00498484668545,0.08889481671664612,1.2174125252688928,-1.1285177085522466,27521.4
84519,TOTAL,2018-10-26,198.0,198.0,23781,2026-04-08T03:09:23.109094+00:00,0.0,8.196721311475418,0.0,0.0,189.0,184.5,186.25799999999998,1.8355071328887302,1.8169571792031363,83.00498484668545,1.0814209016517111,1.7679508881631663,-0.6865299865114551,27321.85
84621,TOTAL,2018-10-29,198.0,198.0,2759,2026-04-08T03:09:27.901396+00:00,0.0,0.0,0.0,0.0,192.0,185.25,186.518,1.8328426045080253,1.7738669805499947,83.00498484668545,1.8467171687472614,2.0265977242069733,-0.17988055545971182,25685.5
84723,TOTAL,2018-10-30,198.0,198.0,12302,2026-04-08T03:09:30.377337+00:00,0.0,0.0,0.0,0.0,195.0,186.0,186.778,1.8328426045080253,1.7738669805499947,83.00498484668546,2.4252630513007603,2.0841148854083777,0.3411481658923826,25338.4
84825,TOTAL,2018-10-31,198.0,198.0,26660,2026-04-08T03:09:32.658485+00:00,0.0,0.0,0.0,0.0,198.0,186.75,187.03799999999998,1.8328426045080253,1.7738669805499947,83.00498484668545,2.850901414540118,2.0078025989181882,0.8430988156219298,25893.25
84927,TOTAL,2018-11-01,198.0,198.0,39596,2026-04-08T03:09:35.048509+00:00,0.0,0.0,8.196721311475418,0.0,198.0,187.5,187.19799999999998,1.8328426045080253,1.735284638255404,83.00498484668545,3.1518898596474116,1.8470328352203853,1.3048570244270263,26879.45
85029,TOTAL,2018-11-02,200.0,200.0,231095,2026-04-08T03:09:37.41202+00:00,1.0101010101010166,0.0,0.0,0.0,198.4,188.35,187.53799999999998,1.8348707891629867,1.6514982295269547,85.25125640690366,3.5113322042796824,1.7651801438821249,1.7461520603975575,38095.1
85131,TOTAL,2018-11-05,200.0,200.0,51331,2026-04-08T03:09:41.998643+00:00,0.0,1.0101010101010166,0.0,0.0,198.8,189.2,187.878,1.8348707891629867,1.6514982295269547,85.25125640690364,3.7529313950396386,1.6054234677136647,2.147507927325974,40033.55
85233,TOTAL,2018-11-06,200.0,200.0,25089,2026-04-08T03:09:44.485046+00:00,0.0,0.0,0.0,0.0,199.2,190.05,188.218,1.8348707891629867,1.6514982295269547,85.25125640690365,3.899450061361108,1.401553707228107,2.497896354133001,41155.7
85335,TOTAL,2018-11-08,200.0,200.0,16405,2026-04-08T03:09:47.843283+00:00,0.0,0.0,0.0,0.0,199.6,190.9,188.66600000000003,1.8348707891629867,1.5884585971387601,85.25125640690365,3.969805710913704,1.1775274854245623,2.7922782254891416,39373.9
85437,TOTAL,2018-11-09,200.0,200.0,69748,2026-04-08T03:09:50.169754+00:00,0.0,0.0,0.0,8.196721311475418,200.0,191.75,189.04600000000002,1.8348707891629867,1.5704893034877443,85.25125640690365,3.97968770744734,0.9499275855665585,3.0297601218807815,39584.0
85539,TOTAL,2018-11-12,200.0,200.0,5881,2026-04-08T03:09:54.975549+00:00,0.0,0.0,1.0101010101010166,0.0,200.0,192.6,189.246,1.8348707891629867,1.4123425344232705,85.25125640690365,3.94207744595721,0.7298538592611425,3.2122235866960676,38350.05
85641,TOTAL,2018-11-13,200.0,200.0,25427,2026-04-08T03:09:57.558923+00:00,0.0,0.0,0.0,0.0,200.0,193.45,189.40600000000003,1.8348707891629867,1.4058682543897607,85.25125640690365,3.867686757371416,0.5243705365402787,3.3433162208311376,36776.0
85743,TOTAL,2018-11-14,200.0,200.0,37888,2026-04-08T03:09:59.910116+00:00,0.0,0.0,0.0,0.0,200.0,194.3,189.56600000000003,1.8348707891629867,1.4058682543897607,85.25125640690364,3.7653272519851555,0.3376088249232141,3.4277184270619414,37222.4
85845,TOTAL,2018-11-15,200.0,200.0,39433,2026-04-08T03:10:02.252366+00:00,0.0,0.0,0.0,0.0,200.0,195.15,189.77200000000002,1.8348707891629867,1.3936064472239065,85.25125640690365,3.642221346033125,0.17160233517694667,3.4706190108561783,37363.35
85947,TOTAL,2018-11-16,199.1,199.1,27300,2026-04-08T03:10:04.527169+00:00,-0.45000000000000595,0.0,0.0,0.0,199.82,195.95499999999998,189.95999999999995,1.8435513132912418,1.3958160870180114,76.39810388006649,3.432469182155785,-0.030519862960314725,3.4629890451160996,36060.4
86049,TOTAL,2018-11-19,199.5,199.5,62846,2026-04-08T03:10:09.122468+00:00,0.20090406830739482,-0.45000000000000595,0.0,1.0101010101010166,199.72,196.78,190.15599999999998,1.8415863249049824,1.3957936690578363,77.51568482419377,3.2609258152187692,-0.16165058391786458,3.422576399136634,38908.2
86151,TOTAL,2018-11-21,199.5,199.5,9233,2026-04-08T03:10:12.622729+00:00,0.0,0.20090406830739482,0.0,0.0,199.62,197.605,190.35199999999998,1.8415863249049824,1.3957936690578363,77.51568482419377,3.0893641936559106,-0.2665697643845788,3.3559339580404894,38339.75
86253,TOTAL,2018-11-22,199.5,199.5,6677,2026-04-08T03:10:14.989948+00:00,0.0,0.0,0.0,0.0,199.52,198.43,190.548,1.8415863249049824,1.3957936690578363,77.51568482419378,2.919743388230245,-0.3489524558481958,3.2686958440784406,36859.4
86355,TOTAL,2018-11-23,199.5,199.5,17241,2026-04-08T03:10:17.221139+00:00,0.0,0.0,0.0,0.0,199.42000000000002,199.255,190.74399999999997,1.8415863249049824,1.3957936690578363,77.51568482419378,2.7535761658799345,-0.412095742558805,3.1656719084387395,37485.75
86457,TOTAL,2018-11-26,196.5,196.5,12541,2026-04-08T03:10:22.142454+00:00,-1.5037593984962405,0.0,-0.45000000000000595,0.0,198.9,199.18,190.88,0.4290058657944472,1.4142924335843072,52.457887674281835,2.352692146478603,-0.6503838095681096,3.0030759560467124,37161.65
86559,TOTAL,2018-11-27,196.5,196.5,6561,2026-04-08T03:10:24.421595+00:00,0.0,-1.5037593984962405,0.20090406830739482,0.0,198.3,199.105,191.016,0.4290058657944472,1.4142924335843072,52.457887674281835,2.011797918782662,-0.7930224298112405,2.8048203485939025,36300.65
86661,TOTAL,2018-11-28,196.5,196.5,10207,2026-04-08T03:10:26.708398+00:00,0.0,0.0,0.0,0.0,197.7,199.03,191.15199999999996,0.4290058657944472,1.4142924335843072,52.457887674281835,1.7217890746472904,-0.86642501915729,2.5882140938045803,36673.05
86763,TOTAL,2018-11-29,196.5,196.5,8150,2026-04-08T03:10:29.255332+00:00,0.0,0.0,0.0,0.0,197.1,198.95499999999998,191.28799999999998,0.4290058657944472,1.4142924335843072,52.457887674281835,1.4749526403572304,-0.89060916275788,2.3655618031151104,36465.45
86865,TOTAL,2018-11-30,198.0,198.0,20454,2026-04-08T03:10:32.706086+00:00,0.7633587786259444,0.0,0.0,0.0,196.8,198.95499999999998,191.45399999999998,0.4649365673517075,1.4175275194427637,60.94786966260755,1.3844118141714716,-0.784919991154911,2.1693318053263826,36155.15
86967,TOTAL,2018-12-03,198.0,198.0,9150,2026-04-08T03:10:37.185914+00:00,0.0,0.7633587786259444,-1.5037593984962405,-0.45000000000000595,197.1,198.95499999999998,191.62,0.4649365673517075,1.4175275194427637,60.94786966260755,1.2976984966279588,-0.6973066469587392,1.995005143586698,34632.85
87069,TOTAL,2018-12-04,198.0,198.0,28151,2026-04-08T03:10:39.607482+00:00,0.0,0.0,0.0,0.20090406830739482,197.4,198.855,191.78599999999997,0.3998628861613055,1.4175275194427637,60.94786966260755,1.2149721253716166,-0.6240264145720653,1.838998539943682,24485.65
87171,TOTAL,2018-12-05,198.0,198.0,20608,2026-04-08T03:10:42.037497+00:00,0.0,0.0,0.0,0.0,197.7,198.755,191.95199999999997,0.3998628861613055,1.4175275194427637,60.94786966260755,1.1363121806508616,-0.5621490874342563,1.6984612680851179,22949.5
87273,TOTAL,2018-12-06,198.0,198.0,58694,2026-04-08T03:10:44.312069+00:00,0.0,0.0,0.0,0.0,198.0,198.655,192.118,0.3998628861613055,1.4175275194427637,60.94786966260755,1.0617345922725008,-0.5093813406500938,1.5711159329225945,24629.75
87375,TOTAL,2018-12-07,198.0,198.0,10329,2026-04-08T03:10:46.663078+00:00,0.0,0.0,0.7633587786259444,0.0,198.0,198.555,192.284,0.3998628861613055,1.4175275194427637,60.94786966260755,0.9912053182749503,-0.46392849171811545,1.4551338099930657,24325.95
87477,TOTAL,2018-12-10,198.0,198.0,51149,2026-04-08T03:10:51.346822+00:00,0.0,0.0,0.0,-1.5037593984962405,198.0,198.45499999999998,192.64399999999998,0.3998628861613055,1.2021769688010913,60.94786966260755,0.9246515529688963,-0.4243858056193357,1.349037358588232,23396.0
87579,TOTAL,2018-12-11,198.0,198.0,4166,2026-04-08T03:10:53.613329+00:00,0.0,0.0,0.0,0.0,198.0,198.355,192.98199999999997,0.3998628861613055,1.200992530058478,60.947869662607545,0.8619709499174917,-0.3896531269365924,1.251624076854084,23310.25
87681,TOTAL,2018-12-12,198.0,198.0,9893,2026-04-08T03:10:55.983376+00:00,0.0,0.0,0.0,0.0,198.0,198.255,193.28199999999998,0.3998628861613055,1.1947412566823368,60.94786966260754,0.8030391845647955,-0.3588679138314308,1.1619070983962263,22533.55
87783,TOTAL,2018-12-13,198.0,198.0,6403,2026-04-08T03:10:58.622726+00:00,0.0,0.0,0.0,0.0,198.0,198.155,193.58199999999997,0.3998628861613055,1.1947412566823368,60.94786966260755,0.7477161298347141,-0.3313527748492098,1.079068904683924,20959.3
87885,TOTAL,2018-12-17,198.0,198.0,336259,2026-04-08T03:11:04.071168+00:00,0.0,0.0,0.0,0.7633587786259444,198.0,198.055,193.88199999999998,0.3998628861613055,1.1947412566823368,60.947869662607545,0.69585087464921,-0.30657442402777124,1.0024252986769813,35800.6
87986,TOTAL,2018-12-18,198.0,198.0,47452,2026-04-08T03:11:06.547404+00:00,0.0,0.0,0.0,0.0,198.0,198.0,194.18199999999996,0.3886426156763983,1.1947412566823368,60.947869662607545,0.6472857787101418,-0.28411161597347157,0.9313973946836134,36808.2
88087,TOTAL,2018-12-19,195.0,195.0,505806,2026-04-08T03:11:08.930184+00:00,-1.5151515151515138,0.0,0.0,0.0,197.4,197.775,194.42199999999997,0.5070719504456763,1.217983588121655,32.60797189654316,0.36254348669280034,-0.45508312639265047,0.8176266130854508,58956.2
88188,TOTAL,2018-12-21,200.0,200.0,56274,2026-04-08T03:11:13.038597+00:00,2.564102564102555,-1.5151515151515138,0.0,0.0,197.8,197.8,194.76199999999997,0.7850429038966074,1.2652856744312464,63.2658917115725,0.5341836455203577,-0.22675437405207455,0.7609380195724322,61308.25
88289,TOTAL,2018-12-24,200.0,200.0,2331,2026-04-08T03:11:17.396489+00:00,0.0,2.564102564102555,0.0,0.0,198.2,197.825,195.10199999999998,0.7850429038966074,1.2652856744312464,63.2658917115725,0.6625719905217409,-0.07869282324055316,0.741264813762294,61090.95
88391,TOTAL,2018-12-31,203.0,203.0,24688,2026-04-08T03:11:26.963749+00:00,1.4999999999999902,0.0,0.0,0.0,199.2,198.0,195.50199999999998,0.8522654730295633,1.2785153016330921,72.09839736674168,0.9949267110724236,0.20292951784810365,0.7919971932243199,61463.3
88493,TOTAL,2019-01-04,203.0,203.0,70946,2026-04-08T03:11:33.101723+00:00,0.0,1.4999999999999902,0.0,0.0,200.2,198.325,195.90199999999996,0.7662091537431223,1.2785153016330921,72.09839736674168,1.2439803900101651,0.36158655742867607,0.8823938325814891,64383.55
88595,TOTAL,2019-01-07,200.2,200.2,539610,2026-04-08T03:11:37.396019+00:00,-1.379310344827589,0.0,-1.5151515151515138,0.0,201.24,198.51,196.24599999999998,0.840385105185692,1.2979883652151132,57.20878776451727,1.2015696781806753,0.2553406764793489,0.9462290017013264,91036.0
88697,TOTAL,2019-01-08,200.2,200.2,5763,2026-04-08T03:11:39.720871+00:00,0.0,-1.379310344827589,2.564102564102555,0.0,201.28,198.695,196.59,0.840385105185692,1.2979883652151132,57.20878776451728,1.1546488107566404,0.16673584724425117,0.9879129635123892,90813.8
88799,TOTAL,2019-01-09,200.2,200.2,14581,2026-04-08T03:11:42.122758+00:00,0.0,0.0,0.0,0.0,201.32,198.88,196.93399999999997,0.840385105185692,1.2979883652151132,57.208787764517275,1.104729056384457,0.09345287429765414,1.0112761820868028,91135.35
88901,TOTAL,2019-01-10,200.2,200.2,2850,2026-04-08T03:11:44.4712+00:00,0.0,0.0,1.4999999999999902,0.0,200.76,198.98999999999998,197.278,0.8257181923894279,1.2979883652151132,57.20878776451728,1.0530286328007321,0.03340196057114353,1.0196266722295886,90255.15
89003,TOTAL,2019-01-11,200.2,200.2,54663,2026-04-08T03:11:46.864498+00:00,0.0,0.0,0.0,0.0,200.2,199.1,197.62199999999996,0.8257181923894279,1.2979883652151132,57.20878776451728,1.00052227662772,-0.015283516481495063,1.015805793109215,92530.8
89105,TOTAL,2019-01-14,200.2,200.2,5064,2026-04-08T03:11:51.386431+00:00,0.0,0.0,-1.379310344827589,-1.5151515151515138,200.2,199.20999999999998,197.96599999999998,0.8257181923894279,1.2979883652151132,57.208787764517275,0.9479828548211913,-0.05425835063041906,1.0022412054516103,91376.45
89207,TOTAL,2019-01-15,195.0,195.0,19227,2026-04-08T03:11:53.781694+00:00,-2.597402597402587,0.0,0.0,2.564102564102555,199.16,199.06,198.206,1.0174110112967656,1.356321221265158,35.79376640801885,0.4812014519264096,-0.41683180282016064,0.8980332547465703,91307.4
89309,TOTAL,2019-01-16,195.0,195.0,28553,2026-04-08T03:11:56.273278+00:00,0.0,-2.597402597402587,0.0,0.0,198.11999999999998,198.91,198.446,1.0174110112967656,1.356321221265158,35.79376640801885,0.1100057493515294,-0.6304220043160327,0.7404277536675621,89800.35
89411,TOTAL,2019-01-17,195.0,195.0,3110,2026-04-08T03:11:58.633279+00:00,0.0,0.0,0.0,1.4999999999999902,197.07999999999998,198.76,198.68599999999998,1.0174110112967656,1.356321221265158,35.79376640801885,-0.18207072131937707,-0.7379987799895513,0.5559280586701743,89439.4
89513,TOTAL,2019-01-18,195.0,195.0,25907,2026-04-08T03:12:01.678716+00:00,0.0,0.0,0.0,0.0,196.04000000000002,198.60999999999999,198.62599999999998,1.0174110112967656,0.6974717748844561,35.79376640801885,-0.40883068299808656,-0.7718069933346087,0.3629763103365221,88177.3
89615,TOTAL,2019-01-21,195.0,195.0,16872,2026-04-08T03:12:06.146982+00:00,0.0,0.0,0.0,-1.379310344827589,195.0,198.45999999999998,198.56599999999997,1.0174110112967656,0.6974717748844561,35.79376640801884,-0.5818325825127886,-0.7558471142794485,0.17401453176665996,88812.6
89717,TOTAL,2019-01-22,195.0,195.0,13931,2026-04-08T03:12:26.450353+00:00,0.0,0.0,-2.597402597402587,0.0,195.0,198.31,198.50599999999997,1.0174110112967656,0.6974717748844561,35.793766408018854,-0.7107448105369372,-0.7078074738428777,-0.002937336694059489,89014.5
89819,TOTAL,2019-01-23,195.0,195.0,22365,2026-04-08T03:12:28.985884+00:00,0.0,0.0,0.0,0.0,195.0,198.16,198.446,1.0174110112967656,0.6974717748844561,35.79376640801885,-0.8036447634272861,-0.6405659413865813,-0.1630788220407048,89812.6
89921,TOTAL,2019-01-24,195.0,195.0,6438,2026-04-08T03:12:31.471104+00:00,0.0,0.0,0.0,0.0,195.0,198.01,198.386,1.0174110112967656,0.6974717748844561,35.79376640801885,-0.867271281920523,-0.5633539679038546,-0.30391731401666844,73321.55
90023,TOTAL,2019-01-25,214.5,214.5,14354,2026-04-08T03:12:33.831732+00:00,10.000000000000009,0.0,0.0,0.0,198.9,198.83499999999998,198.71599999999998,2.47189614035705,1.5804916564878635,81.86057173936769,0.6483178706209003,0.761788147710055,-0.11347027708915469,71666.65
90125,TOTAL,2019-01-28,223.3,223.3,28298,2026-04-08T03:12:38.324+00:00,4.10256410256411,10.000000000000009,0.0,0.0,204.56,200.25,199.18199999999996,2.557104778539329,1.671833159829317,86.55036856742247,2.5303513334881416,2.115057288461837,0.41529404502630457,47791.25
90227,TOTAL,2019-01-29,223.3,223.3,27033,2026-04-08T03:12:40.769031+00:00,0.0,4.10256410256411,0.0,-2.597402597402587,210.21999999999997,201.415,199.648,2.5232811631294885,1.671833159829317,86.55036856742248,3.9760430627033543,2.8485992141416396,1.1274438485617146,46329.2
90329,TOTAL,2019-01-30,223.3,223.3,1431,2026-04-08T03:12:43.207065+00:00,0.0,0.0,0.0,0.0,215.88000000000002,202.57999999999998,200.11399999999998,2.5232811631294885,1.671833159829317,86.55036856742248,5.063396490861123,3.1487621138395268,1.9146343770215966,46284.2
90431,TOTAL,2019-01-31,223.3,223.3,5161,2026-04-08T03:12:45.452606+00:00,0.0,0.0,0.0,0.0,221.54000000000002,203.59499999999997,200.58,2.5168211613893563,1.671833159829317,86.55036856742247,5.857609045789701,3.1543797350144835,2.7032293107752174,45307.85
90533,TOTAL,2019-02-01,223.3,223.3,21411,2026-04-08T03:12:47.65569+00:00,0.0,0.0,10.000000000000009,0.0,223.3,204.60999999999999,201.046,2.5168211613893563,1.671833159829317,86.55036856742248,6.4131019700694765,2.967898127435407,3.4452038426340694,42831.1
90635,TOTAL,2019-02-04,220.9,220.9,25179,2026-04-08T03:12:52.008801+00:00,-1.074787281683831,0.0,4.10256410256411,0.0,222.82000000000002,205.64499999999998,201.46399999999997,2.5057099513691923,1.68177938241038,78.52960300542458,6.583780449547163,2.510861285530474,4.072919164016689,17109.55
90737,TOTAL,2019-02-05,220.9,220.9,18387,2026-04-08T03:12:54.428036+00:00,0.0,-1.074787281683831,0.0,0.0,222.34,206.68,201.88199999999998,2.5057099513691923,1.68177938241038,78.52960300542459,6.642474067946495,2.055643923143844,4.586830144802651,17740.75
90839,TOTAL,2019-02-06,220.9,220.9,6067,2026-04-08T03:12:56.795589+00:00,0.0,0.0,0.0,0.0,221.86000000000004,207.715,202.3,2.5057099513691923,1.68177938241038,78.52960300542459,6.612761386430918,1.6207449933026137,4.992016393128305,17315.05
90941,TOTAL,2019-02-07,220.9,220.9,6497,2026-04-08T03:12:59.333395+00:00,0.0,0.0,0.0,0.0,221.38000000000002,208.75,202.718,2.5057099513691923,1.68177938241038,78.52960300542458,6.514123115882455,1.2176853782033206,5.296437737679135,17497.4
91043,TOTAL,2019-02-08,220.9,220.9,7493,2026-04-08T03:13:01.766173+00:00,0.0,0.0,0.0,10.000000000000009,220.9,209.785,203.15400000000002,2.5057099513691923,1.6793656074642982,78.52960300542459,6.362607398320193,0.8529357285128469,5.5096716698073465,15138.9
91145,TOTAL,2019-02-11,205.0,205.0,22950,2026-04-08T03:13:07.807824+00:00,-7.197827071072882,0.0,-1.074787281683831,4.10256410256411,217.71999999999997,210.025,203.264,3.043707457586228,1.9802084669331463,41.56509284974759,4.903014087998542,-0.48532606544704393,5.388340153445586,16033.2
91247,TOTAL,2019-02-12,205.0,205.0,16634,2026-04-08T03:13:10.389121+00:00,0.0,-7.197827071072882,0.0,0.0,214.54000000000002,210.525,203.37400000000002,2.974412801469107,1.9802084669331463,41.5650928497476,3.703583271216644,-1.3478055057831542,5.051388776999798,15903.55
91349,TOTAL,2019-02-13,205.0,205.0,37507,2026-04-08T03:13:13.120558+00:00,0.0,0.0,0.0,0.0,211.35999999999999,211.025,203.484,2.974412801469107,1.9802084669331463,41.565092849747586,2.721652195148579,-1.8637892654809756,4.585441460629554,16351.25
91451,TOTAL,2019-02-14,205.0,205.0,410094,2026-04-08T03:13:15.610167+00:00,0.0,0.0,0.0,0.0,208.17999999999998,211.525,203.59400000000002,2.974412801469107,1.9802084669331463,41.56509284974759,1.9213169965750296,-2.13129957124362,4.052616567818649,36700.45
91553,TOTAL,2019-02-15,205.0,205.0,10099,2026-04-08T03:13:17.960235+00:00,0.0,0.0,0.0,0.0,205.0,212.025,203.764,2.974412801469107,1.9671448127344704,41.56509284974759,1.2723783994410667,-2.2241905347020667,3.4965689341431334,35910.05
91655,TOTAL,2019-02-18,190.0,190.0,43082,2026-04-08T03:13:22.383964+00:00,-7.317073170731703,0.0,-7.197827071072882,-1.074787281683831,202.0,211.775,203.63400000000001,3.427626902284124,2.2296422010804893,25.29468634613546,-0.44713051169742357,-3.1549595566724458,2.707829044975022,37220.55
91757,TOTAL,2019-02-19,190.0,190.0,5747,2026-04-08T03:13:24.617569+00:00,0.0,-7.317073170731703,0.0,0.0,199.0,211.525,203.50400000000002,3.427626902284124,2.2296422010804893,25.294686346135457,-1.7892285986384309,-3.597646114890763,1.808417516252332,36811.35
91859,TOTAL,2019-02-20,190.0,190.0,388253,2026-04-08T03:13:26.870792+00:00,0.0,0.0,0.0,0.0,196.0,211.275,203.37400000000002,3.427626902284124,2.2296422010804893,25.294686346135457,-2.8203398793057204,-3.703005916446442,0.8826660371407214,55105.75
91961,TOTAL,2019-02-22,195.0,195.0,10200,2026-04-08T03:13:30.442816+00:00,2.6315789473684292,0.0,0.0,0.0,194.0,211.275,203.31400000000002,3.480730361055222,2.2588934445926423,35.76322732439773,-3.197189573511622,-3.2638844885218745,0.06669491501025271,55293.85
92063,TOTAL,2019-02-25,190.0,190.0,161659,2026-04-08T03:13:35.015549+00:00,-2.564102564102566,2.6315789473684292,0.0,0.0,191.0,210.05,203.15400000000002,2.6188977898471886,2.2876842072098227,31.07385719414557,-3.854867372977708,-3.1372498303903686,-0.7176175425873395,62659.1
92165,TOTAL,2019-02-26,190.0,190.0,13438,2026-04-08T03:13:37.412672+00:00,0.0,-2.564102564102566,-7.317073170731703,-7.197827071072882,191.0,208.385,202.99400000000003,2.383676062117946,2.2876842072098227,31.073857194145578,-4.326211889676472,-2.886875477671306,-1.439336412005166,61916.1
92267,TOTAL,2019-02-27,190.0,190.0,4325,2026-04-08T03:13:39.910522+00:00,0.0,0.0,0.0,0.0,191.0,206.72000000000003,202.834,2.383676062117946,2.2876842072098227,31.073857194145578,-4.646197344187726,-2.5654887457460482,-2.080708598441678,60780.7
92369,TOTAL,2019-02-28,190.0,190.0,32241,2026-04-08T03:13:42.435587+00:00,0.0,0.0,0.0,0.0,191.0,205.055,202.674,2.383676062117946,2.2876842072098227,31.073857194145578,-4.843950080979283,-2.210593186030084,-2.6333568949491992,62321.2
92471,TOTAL,2019-03-01,200.0,200.0,26425,2026-04-08T03:13:44.810709+00:00,5.263157894736836,0.0,2.6315789473684292,0.0,192.0,203.89,202.71400000000003,2.7380524590097344,2.4082668909326275,49.04676360945125,-4.145962053326173,-1.2100841267015787,-2.935877926624594,63384.4
92573,TOTAL,2019-03-04,200.0,200.0,11780,2026-04-08T03:13:49.353535+00:00,0.0,5.263157894736836,-2.564102564102566,0.0,194.0,202.725,202.75400000000002,2.7380524590097344,2.4082668909326275,49.04676360945125,-3.5518579056968065,-0.4927839832577696,-3.059073922439037,62902.85
92675,TOTAL,2019-03-05,200.0,200.0,10047,2026-04-08T03:13:51.846242+00:00,0.0,0.0,0.0,-7.317073170731703,196.0,201.68,202.794,2.7369921831957638,2.4082668909326275,49.046763609451254,-3.0459146799963435,0.01052739395415525,-3.0564420739504987,62146.25
92777,TOTAL,2019-03-06,200.0,200.0,3257,2026-04-08T03:13:54.267269+00:00,0.0,0.0,0.0,0.0,198.0,200.635,202.834,2.7369921831957638,2.4082668909326275,49.04676360945125,-2.6148091364418917,0.3533063500068856,-2.9681154864487773,61389.75
92879,TOTAL,2019-03-07,200.0,200.0,40927,2026-04-08T03:13:56.544072+00:00,0.0,0.0,0.0,0.0,200.0,199.58999999999997,202.87400000000002,2.7369921831957638,2.4082668909326275,49.046763609451254,-2.2472499882275088,0.5766923985770149,-2.8239423868045237,63132.75
92981,TOTAL,2019-03-08,200.0,200.0,58827,2026-04-08T03:13:58.936546+00:00,0.0,0.0,5.263157894736836,2.6315789473684292,200.0,198.54500000000002,202.91400000000002,2.7369921831957638,2.4082668909326275,49.04676360945125,-1.9336666101310414,0.712220621338786,-2.6458872314698274,65749.25
93083,TOTAL,2019-03-11,200.0,200.0,8532,2026-04-08T03:14:03.582539+00:00,0.0,0.0,0.0,-2.564102564102566,200.0,197.5,202.954,2.7369921831957638,2.4082668909326275,49.04676360945125,-1.6659455405667813,0.7839533527224369,-2.4498988932892183,65801.2
93185,TOTAL,2019-03-12,200.0,200.0,15353,2026-04-08T03:14:06.149716+00:00,0.0,0.0,0.0,0.0,200.0,197.25,203.054,2.230682259953043,2.397701768045344,49.046763609451254,-1.4372074314715064,0.8101531694541695,-2.247360600925676,65421.35
93287,TOTAL,2019-03-13,200.0,200.0,63656,2026-04-08T03:14:08.562819+00:00,0.0,0.0,0.0,0.0,200.0,197.0,203.054,2.230682259953043,2.3707260987841994,49.04676360945124,-1.2416182299698448,0.8045938967646649,-2.0462121267345097,67772.45
93389,TOTAL,2019-03-14,200.0,200.0,15321,2026-04-08T03:14:10.990955+00:00,0.0,0.0,0.0,0.0,200.0,196.75,203.054,2.230682259953043,2.3707260987841994,49.046763609451254,-1.0742293315856841,0.7775862361190606,-1.8518155677047448,66663.15
93491,TOTAL,2019-03-15,200.0,200.0,17039,2026-04-08T03:14:13.413527+00:00,0.0,0.0,0.0,5.263157894736836,200.0,196.5,202.99400000000003,2.230682259953043,2.3611817233882038,49.046763609451254,-0.9308422535743262,0.7367786513043351,-1.6676209048786612,47010.4
93593,TOTAL,2019-03-18,200.0,200.0,10723,2026-04-08T03:14:17.594172+00:00,0.0,0.0,0.0,0.0,200.0,196.25,202.93400000000003,2.230682259953043,2.3611817233882038,49.046763609451254,-0.8078940613594341,0.6877814748153819,-1.495675536174816,47041.6
93695,TOTAL,2019-03-19,200.0,200.0,15451,2026-04-08T03:14:19.883177+00:00,0.0,0.0,0.0,0.0,200.0,196.75,202.93,1.4469546541127036,2.352812383670573,49.046763609451254,-0.7023603602069386,0.634652140774302,-1.3370125009812406,45660.05
93797,TOTAL,2019-03-20,200.0,200.0,23344,2026-04-08T03:14:22.215184+00:00,0.0,0.0,0.0,0.0,200.0,197.25,202.926,1.4469546541127036,2.352812383670573,49.04676360945125,-0.611673154344345,0.5802714773095166,-1.1919446316538616,46539.9
93899,TOTAL,2019-03-21,200.0,200.0,9658,2026-04-08T03:14:24.469396+00:00,0.0,0.0,0.0,0.0,200.0,197.75,202.922,1.4469546541127036,2.352812383670573,49.04676360945125,-0.5336512904423785,0.5266346729691866,-1.0602859634115651,27610.15
94001,TOTAL,2019-03-22,196.0,196.0,11932,2026-04-08T03:14:26.929153+00:00,-2.0000000000000018,0.0,0.0,0.0,199.2,197.8,202.838,1.4188768550549817,2.3701815489996503,37.24116862023488,-0.7855298723945054,0.2198048728136479,-1.0053347452081534,27696.75
94103,TOTAL,2019-03-25,196.0,196.0,2650,2026-04-08T03:14:31.400562+00:00,0.0,-2.0000000000000018,0.0,0.0,198.4,198.1,202.75400000000002,1.280797881516203,2.3701815489996503,37.24116862023488,-0.9739187343524804,0.025132808684538377,-0.9990515430370188,19746.3
94205,TOTAL,2019-03-26,196.0,196.0,57638,2026-04-08T03:14:33.80485+00:00,0.0,0.0,0.0,0.0,197.6,198.4,202.67,1.280797881516203,2.3701815489996503,37.24116862023488,-1.1104180565776574,-0.08909321083251065,-1.0213248457451467,21956.3
94307,TOTAL,2019-03-27,196.0,196.0,1061,2026-04-08T03:14:36.122563+00:00,0.0,0.0,0.0,0.0,196.8,198.7,202.69,1.280797881516203,2.3407096618910095,37.24116862023488,-1.2047076331748485,-0.14670622994376137,-1.0580014032310872,21793.1
94409,TOTAL,2019-03-28,196.0,196.0,5479,2026-04-08T03:14:38.612625+00:00,0.0,0.0,0.0,0.0,196.0,199.0,202.71,1.280797881516203,2.3407096618910095,37.24116862023489,-1.264852371156394,-0.16548077434024533,-1.0993715968161486,20455.0
94511,TOTAL,2019-03-29,196.0,196.0,14997,2026-04-08T03:14:41.061692+00:00,0.0,0.0,-2.0000000000000018,0.0,196.0,198.8,202.73,0.4472135954999563,2.3407096618910095,37.24116862023488,-1.2975600448324656,-0.15855075841305344,-1.1390092864194121,19883.6
94612,TOTAL,2019-04-01,196.0,196.0,11877,2026-04-08T03:14:45.528331+00:00,0.0,0.0,0.0,0.0,196.0,198.6,202.75,0.4472135954999563,2.3407096618910095,37.24116862023489,-1.3083987060335858,-0.13551153569133878,-1.172887170342247,19888.45
94713,TOTAL,2019-04-02,196.0,196.0,11433,2026-04-08T03:14:47.809526+00:00,0.0,0.0,0.0,0.0,196.0,198.4,202.77,0.4472135954999563,2.3407096618910095,37.24116862023489,-1.3019800080454331,-0.10327427016254886,-1.1987057378828843,19957.75
94814,TOTAL,2019-04-03,196.0,196.0,12204,2026-04-08T03:14:50.124237+00:00,0.0,0.0,0.0,0.0,196.0,198.2,202.79,0.4472135954999563,2.3407096618910095,37.24116862023488,-1.2821137346012108,-0.06672639737466124,-1.2153873372265496,20405.1
94915,TOTAL,2019-04-04,196.0,196.0,3855,2026-04-08T03:14:52.417245+00:00,0.0,0.0,0.0,0.0,196.0,198.0,202.81,0.4472135954999563,2.3407096618910095,37.24116862023487,-1.251938007719275,-0.02924053639418034,-1.2226974713250947,18551.5
95016,TOTAL,2019-04-05,196.0,196.0,16724,2026-04-08T03:14:54.739567+00:00,0.0,0.0,0.0,-2.0000000000000018,196.0,197.8,202.83,0.4472135954999563,2.3407096618910095,37.24116862023487,-1.2140289566554259,0.006934811735735069,-1.220963768391161,16446.35
95117,TOTAL,2019-04-08,196.0,196.0,19040,2026-04-08T03:14:59.01768+00:00,0.0,0.0,0.0,0.0,196.0,197.6,202.46,0.4472135954999563,1.8472515087095596,37.241168620234866,-1.1704930453472002,0.04037657843516862,-1.2108696237823688,16971.75
95218,TOTAL,2019-04-09,196.0,196.0,6682,2026-04-08T03:15:01.233247+00:00,0.0,0.0,0.0,0.0,196.0,197.4,201.91400000000002,0.4472135954999563,1.7420279938861587,37.24116862023487,-1.123044761041939,0.07025989019234391,-1.1933046512342829,16538.2
95319,TOTAL,2019-04-10,196.0,196.0,62622,2026-04-08T03:15:03.446976+00:00,0.0,0.0,0.0,0.0,196.0,197.2,201.368,0.4472135954999563,1.7420279938861587,37.241168620234866,-1.0730719484262465,0.09618616224642906,-1.1692581106726756,16486.5
95420,TOTAL,2019-04-11,196.0,196.0,5400,2026-04-08T03:15:05.608759+00:00,0.0,0.0,0.0,0.0,196.0,197.0,200.822,0.4472135954999563,1.7420279938861587,37.24116862023487,-1.0216907197566343,0.11805391273283306,-1.1397446324894673,15990.45
95521,TOTAL,2019-04-12,196.0,196.0,20000,2026-04-08T03:15:07.869644+00:00,0.0,0.0,0.0,0.0,196.0,196.8,200.27599999999998,0.4472135954999563,1.7420279938861587,37.24116862023487,-0.969791572283242,0.13596244816498038,-1.1057540204482224,16138.5
95622,TOTAL,2019-04-15,196.0,196.0,32169,2026-04-08T03:15:12.360876+00:00,0.0,0.0,0.0,0.0,196.0,196.6,199.73,0.4472135954999563,1.7420279938861587,37.24116862023487,-0.9180780912452633,0.15014074336236738,-1.0682188346076307,17210.8
95723,TOTAL,2019-04-16,196.0,196.0,16576,2026-04-08T03:15:14.69338+00:00,0.0,0.0,0.0,0.0,196.0,196.4,199.232,0.4472135954999563,1.7382091356777816,37.24116862023487,-0.8670994027825145,0.1608955454600931,-1.0279949482426076,17267.05
95824,TOTAL,2019-04-17,196.0,196.0,25713,2026-04-08T03:15:16.974822+00:00,0.0,0.0,0.0,0.0,196.0,196.2,198.734,0.4472135954999563,1.7382091356777816,37.24116862023487,-0.8172773602230166,0.16857407041567285,-0.9858514306386894,17385.5
95925,TOTAL,2019-04-18,196.0,196.0,20722,2026-04-08T03:15:19.360663+00:00,0.0,0.0,0.0,0.0,196.0,196.0,198.236,0.4472135954999563,1.7382091356777816,37.24116862023487,-0.7689292942835664,0.1735377090840985,-0.9424670033676649,17938.7
96026,TOTAL,2019-04-23,182.0,182.0,18306,2026-04-08T03:15:26.04373+00:00,-7.14285714285714,0.0,0.0,0.0,193.2,195.3,197.458,1.597191412499849,1.9941325893283341,7.9087613404184,-1.839096145250835,-0.7173033135065361,-1.121792831744299,18257.4
96128,TOTAL,2019-04-24,182.0,182.0,19249,2026-04-08T03:15:28.31166+00:00,0.0,-7.14285714285714,0.0,0.0,190.4,194.6,196.68,1.597191412499849,1.9941325893283341,7.9087613404184,-2.6565875966325905,-1.2278358119106332,-1.4287517847219573,19087.35
96230,TOTAL,2019-04-25,182.0,182.0,4132,2026-04-08T03:15:30.603437+00:00,0.0,0.0,0.0,0.0,187.6,193.9,196.22,1.597191412499849,1.7337196303980724,7.9087613404184,-3.2667978494629892,-1.4704368517928255,-1.7963609976701638,16412.05
96332,TOTAL,2019-04-26,182.0,182.0,31637,2026-04-08T03:15:32.816712+00:00,0.0,0.0,0.0,0.0,184.8,193.2,195.76,1.597191412499849,1.7337196303980724,7.908761340418399,-3.707654339863268,-1.529034673754483,-2.178619666108785,17940.85
96434,TOTAL,2019-04-29,166.1,166.1,77221,2026-04-08T03:15:37.198623+00:00,-8.736263736263739,0.0,0.0,0.0,178.82,191.70499999999998,194.982,2.4573775949398566,2.110180007110749,3.5896954361550333,-5.279178321346507,-2.4804469241901774,-2.7987313971563292,21527.95
96536,TOTAL,2019-04-30,166.1,166.1,26891,2026-04-08T03:15:39.499507+00:00,0.0,-8.736263736263739,-7.14285714285714,0.0,175.64,190.21,194.204,2.4573775949398566,2.110180007110749,3.589695436155034,-6.450267727678437,-2.9212290644176857,-3.529038663260751,22122.65
96638,TOTAL,2019-05-02,164.0,164.0,63217,2026-04-08T03:15:42.839166+00:00,-1.2642986152919922,0.0,0.0,0.0,172.04,188.61,193.38400000000001,2.4521346406686972,2.1128951287925104,3.3125926268221333,-7.461801960813972,-3.146210638042577,-4.315591322771395,24689.65
96740,TOTAL,2019-05-03,162.0,162.0,72943,2026-04-08T03:15:45.02286+00:00,-1.2195121951219523,-1.2642986152919922,0.0,0.0,168.04,186.91000000000003,192.824,2.444849690824586,1.868698306344081,3.0695650526498643,-8.328823915996338,-3.210586074579955,-5.118237841416383,27765.15
96842,TOTAL,2019-05-06,162.0,162.0,31854,2026-04-08T03:15:49.380478+00:00,0.0,-1.2195121951219523,0.0,0.0,164.04,185.21,192.264,2.444849690824586,1.868698306344081,3.069565052649865,-8.913199249361497,-3.0359691263560915,-5.877230123005406,28747.65
96944,TOTAL,2019-05-07,162.0,162.0,68604,2026-04-08T03:15:51.609622+00:00,0.0,0.0,-8.736263736263739,0.0,163.21999999999997,183.51000000000002,191.704,2.444849690824586,1.868698306344081,3.069565052649865,-9.269468251293006,-2.71379050263008,-6.555677748662926,31985.1
97046,TOTAL,2019-05-08,162.0,162.0,22130,2026-04-08T03:15:53.912422+00:00,0.0,0.0,0.0,-7.14285714285714,162.4,181.81,191.044,2.444849690824586,1.820874288991588,3.069565052649865,-9.442961420882739,-2.30982693777585,-7.133134483106889,32255.4
97148,TOTAL,2019-05-09,162.0,162.0,2197,2026-04-08T03:15:56.308435+00:00,0.0,0.0,-1.2642986152919922,0.0,162.0,180.11,190.484,2.444849690824586,1.7932363905506,3.0695650526498643,-9.471277021890273,-1.8705140310267074,-7.600762990863566,31413.25
97250,TOTAL,2019-05-10,162.0,162.0,3724,2026-04-08T03:15:58.65517+00:00,0.0,0.0,-1.2195121951219523,0.0,162.0,178.41000000000003,189.924,2.444849690824586,1.7932363905506,3.069565052649865,-9.385526828698005,-1.4278110702675502,-7.957715758430455,31265.35
97352,TOTAL,2019-05-13,162.0,162.0,15212,2026-04-08T03:16:02.955985+00:00,0.0,0.0,0.0,0.0,162.0,176.71,189.364,2.444849690824586,1.7932363905506,3.0695650526498643,-9.211386058206074,-1.002936239820496,-8.208449818385578,28894.85
97454,TOTAL,2019-05-14,162.0,162.0,5235,2026-04-08T03:16:05.427951+00:00,0.0,0.0,0.0,-8.736263736263739,162.0,175.01000000000002,188.804,2.444849690824586,1.7932363905506,3.0695650526498643,-8.969977921117476,-0.609222482185519,-8.360755438931957,28886.6
97556,TOTAL,2019-05-15,162.0,162.0,16594,2026-04-08T03:16:07.709974+00:00,0.0,0.0,0.0,0.0,162.0,173.31,188.044,2.444849690824586,1.6044287779719884,3.069565052649865,-8.678618521163514,-0.25429046578524606,-8.424328055378268,28716.3
97658,TOTAL,2019-05-16,162.0,162.0,18502,2026-04-08T03:16:09.947696+00:00,0.0,0.0,0.0,-1.2642986152919922,162.0,171.61,187.28400000000002,2.444849690824586,1.6044287779719884,3.0695650526498652,-8.351443851442724,0.05830736314843499,-8.409751214591159,28032.95
97760,TOTAL,2019-05-17,162.0,162.0,21495,2026-04-08T03:16:12.469468+00:00,0.0,0.0,0.0,-1.2195121951219523,162.0,169.91000000000003,186.524,2.444849690824586,1.6044287779719884,3.069565052649865,-7.999937271445617,0.3278511545164342,-8.327788425962051,28278.9
97863,TOTAL,2019-05-20,162.0,162.0,5764,2026-04-08T03:16:16.967061+00:00,0.0,0.0,0.0,0.0,162.0,168.21,185.764,2.444849690824586,1.6044287779719884,3.0695650526498652,-7.6333730019727,0.5555323391914815,-8.188905341164181,27281.45
97966,TOTAL,2019-05-21,162.0,162.0,25322,2026-04-08T03:16:19.368023+00:00,0.0,0.0,0.0,0.0,162.0,166.51000000000002,185.00400000000002,2.444849690824586,1.6044287779719884,3.0695650526498657,-7.259188768032715,0.7437732585051737,-8.002962026537888,27511.45
98069,TOTAL,2019-05-22,162.0,162.0,21701,2026-04-08T03:16:21.741488+00:00,0.0,0.0,0.0,0.0,162.0,165.51000000000002,184.24400000000003,1.961651578733259,1.6044287779719884,3.0695650526498652,-6.883298684255976,0.89573067382553,-7.779029358081506,27681.2
98172,TOTAL,2019-05-23,162.0,162.0,44970,2026-04-08T03:16:24.010501+00:00,0.0,0.0,0.0,0.0,162.0,164.51000000000002,183.484,1.961651578733259,1.6044287779719884,3.0695650526498657,-6.510355756120305,1.0149388815689608,-7.5252946376892655,28967.25
98275,TOTAL,2019-05-24,162.0,162.0,3128,2026-04-08T03:16:26.41346+00:00,0.0,0.0,0.0,0.0,162.0,163.51000000000002,182.72400000000002,1.961651578733259,1.6044287779719884,3.069565052649865,-6.143971914918637,1.1050581782165025,-7.24903009313514,28917.05
98378,TOTAL,2019-05-27,162.0,162.0,29713,2026-04-08T03:16:30.812568+00:00,0.0,0.0,0.0,0.0,162.0,162.51000000000002,181.96400000000003,1.961651578733259,1.6044287779719884,3.069565052649865,-5.7869022739211005,1.1697022553712317,-6.956604529292332,28820.85
98481,TOTAL,2019-05-28,162.0,162.0,57876,2026-04-08T03:16:33.286405+00:00,0.0,0.0,0.0,0.0,162.0,162.305,181.204,0.3823194569152824,1.6044287779719884,3.0695650526498657,-5.441199252923923,1.212324221094728,-6.653523474018651,27853.6
98584,TOTAL,2019-05-30,162.0,162.0,5461,2026-04-08T03:16:36.695359+00:00,0.0,0.0,0.0,0.0,162.0,162.1,180.44400000000002,0.3823194569152824,1.6044287779719884,3.0695650526498652,-5.108341339003914,1.2361457080117901,-6.344487047015704,26782.1
98687,TOTAL,2019-05-31,162.0,162.0,24359,2026-04-08T03:16:39.10826+00:00,0.0,0.0,0.0,0.0,162.0,162.0,179.68400000000003,0.27269121676826535,1.6044287779719884,3.0695650526498657,-4.78934050799532,1.2441172312163076,-6.033457739211627,24839.2
98790,TOTAL,2019-06-03,162.0,162.0,11769,2026-04-08T03:16:43.376201+00:00,0.0,0.0,0.0,0.0,162.0,162.0,178.924,0.0,1.6044287779719884,3.0695650526498652,-4.4848317029829445,1.2389008289829464,-5.723732531965891,21780.5
98893,TOTAL,2019-06-06,162.0,162.0,2842,2026-04-08T03:16:48.034912+00:00,0.0,0.0,0.0,0.0,162.0,162.0,178.16400000000002,0.0,1.6044287779719884,3.0695650526498652,-4.195147235204189,1.2228682374093625,-5.418015472613551,20329.9
98996,TOTAL,2019-06-07,150.0,150.0,67882,2026-04-08T03:16:50.186426+00:00,-7.4074074074074066,0.0,0.0,0.0,159.6,161.4,177.16400000000002,1.656346649999844,1.8837339333097793,0.9452054673048554,-4.877643481415134,0.4322975929587347,-5.309941074373869,20293.8
99099,TOTAL,2019-06-10,150.0,150.0,23240,2026-04-08T03:16:54.498349+00:00,0.0,-7.4074074074074066,0.0,0.0,157.2,160.8,176.24400000000003,1.656346649999844,1.8736401881146092,0.9452054673048554,-5.356777081934638,-0.03746880604861502,-5.319308275886023,20349.3
99202,TOTAL,2019-06-11,150.0,150.0,50480,2026-04-08T03:16:56.702394+00:00,0.0,0.0,0.0,0.0,154.8,160.2,175.324,1.656346649999844,1.8736401881146092,0.9452054673048553,-5.671120762319617,-0.2814499891468749,-5.3896707731727425,22763.45
99305,TOTAL,2019-06-13,150.0,150.0,64027,2026-04-08T03:17:00.140907+00:00,0.0,0.0,0.0,0.0,152.4,159.6,174.40400000000002,1.656346649999844,1.8736401881146092,0.9452054673048554,-5.852773266754355,-0.37048199486528954,-5.482291271889065,25778.6
99408,TOTAL,2019-06-14,150.0,150.0,9708,2026-04-08T03:17:02.289964+00:00,0.0,0.0,0.0,0.0,150.0,159.0,173.484,1.656346649999844,1.8736401881146092,0.9452054673048554,-5.928395334140475,-0.35688324980112807,-5.571512084339347,25503.4
99511,TOTAL,2019-06-17,150.0,150.0,9894,2026-04-08T03:17:06.378621+00:00,0.0,0.0,-7.4074074074074066,0.0,150.0,158.4,172.56400000000002,1.656346649999844,1.8736401881146092,0.9452054673048553,-5.920083331845973,-0.27885699800530084,-5.641226333840672,25736.35
99614,TOTAL,2019-06-18,150.0,150.0,12630,2026-04-08T03:17:08.696624+00:00,0.0,0.0,0.0,0.0,150.0,157.8,171.644,1.656346649999844,1.8736401881146092,0.9452054673048553,-5.846105742220971,-0.1639035267042388,-5.682202215516732,25538.15
99717,TOTAL,2019-06-19,150.0,150.0,14103,2026-04-08T03:17:10.975867+00:00,0.0,0.0,0.0,0.0,150.0,157.2,170.72400000000002,1.656346649999844,1.8736401881146092,0.9452054673048554,-5.7215238045692445,-0.03145727124200981,-5.690066533327235,25318.2
99820,TOTAL,2019-06-20,150.0,150.0,11705,2026-04-08T03:17:13.205784+00:00,0.0,0.0,0.0,0.0,150.0,156.6,169.804,1.656346649999844,1.8736401881146092,0.9452054673048553,-5.5587143228812295,0.10508176835680416,-5.663796091238034,24828.7
99923,TOTAL,2019-06-24,150.0,150.0,41703,2026-04-08T03:17:18.488118+00:00,0.0,0.0,0.0,0.0,150.0,156.0,168.88400000000001,1.656346649999844,1.8736401881146092,0.9452054673048553,-5.3678098648876755,0.23678898108028612,-5.604598845967962,26625.65
100026,TOTAL,2019-06-25,150.0,150.0,19713,2026-04-08T03:17:20.712996+00:00,0.0,0.0,0.0,-7.4074074074074066,150.0,155.4,167.96400000000003,1.656346649999844,1.8736401881146092,0.9452054673048552,-5.157069222700301,0.3580236986141294,-5.51509292131443,26345.2
100129,TOTAL,2019-06-26,150.0,150.0,19193,2026-04-08T03:17:23.021521+00:00,0.0,0.0,0.0,0.0,150.0,154.8,167.044,1.656346649999844,1.8736401881146092,0.9452054673048552,-4.93318901332043,0.4655231263952011,-5.398712139715631,26219.8
100232,TOTAL,2019-06-27,150.0,150.0,31302,2026-04-08T03:17:25.288917+00:00,0.0,0.0,0.0,0.0,150.0,154.2,166.12400000000002,1.656346649999844,1.8736401881146092,0.9452054673048552,-4.701565612657333,0.5577172216466382,-5.2592828343039715,25536.4
100335,TOTAL,2019-06-28,150.0,150.0,8911,2026-04-08T03:17:27.669324+00:00,0.0,0.0,0.0,0.0,150.0,153.6,165.204,1.656346649999844,1.8736401881146092,0.9452054673048551,-4.466515192050537,0.6342141138027486,-5.100729305853285,25825.55
100438,TOTAL,2019-07-01,150.0,150.0,25571,2026-04-08T03:17:31.993492+00:00,0.0,0.0,0.0,0.0,150.0,153.0,164.28400000000002,1.656346649999844,1.8736401881146092,0.9452054673048551,-4.231458421580243,0.6954167074184348,-4.926875128998677,25618.45
100541,TOTAL,2019-07-02,150.0,150.0,22816,2026-04-08T03:17:34.195482+00:00,0.0,0.0,0.0,0.0,150.0,152.4,163.364,1.656346649999844,1.8736401881146092,0.945205467304855,-3.999075385780685,0.7422397945743944,-4.7413151803550795,23865.45
100644,TOTAL,2019-07-03,148.0,148.0,77660,2026-04-08T03:17:36.539656+00:00,-1.3333333333333308,0.0,0.0,0.0,149.6,151.7,162.404,1.6674505412415757,1.8756422263845416,0.6861581502091995,-3.9309795556154086,0.6482684997917367,-4.579248055407145,27475.4
100747,TOTAL,2019-07-04,148.0,148.0,12740,2026-04-08T03:17:38.806977+00:00,0.0,-1.3333333333333308,0.0,0.0,149.2,151.0,161.444,1.6674505412415757,1.8756422263845416,0.6861581502091993,-3.832830633911982,0.5971339371961308,-4.429964571108113,26894.45
100850,TOTAL,2019-07-05,148.0,148.0,56230,2026-04-08T03:17:41.292481+00:00,0.0,0.0,0.0,0.0,148.8,150.3,160.484,1.6674505412415757,1.8756422263845416,0.6861581502091993,-3.7122543490000623,0.5741681776864409,-4.286422526686503,29117.5
100953,TOTAL,2019-07-08,140.0,140.0,48522,2026-04-08T03:17:45.861747+00:00,-5.405405405405405,0.0,0.0,0.0,146.8,149.2,159.364,1.9981596445159704,1.9956965959685045,0.28961595799159684,-4.2136574950206125,0.05821202533271297,-4.2718695203533255,31401.5
101057,TOTAL,2019-07-09,140.0,140.0,19290,2026-04-08T03:17:48.217581+00:00,0.0,-5.405405405405405,0.0,0.0,144.8,148.7,158.244,1.2295839130439898,1.9956965959685045,0.2896159579915969,-4.558475828854142,-0.2292850468006531,-4.329190782053489,28971.9
101161,TOTAL,2019-07-10,140.0,140.0,23265,2026-04-08T03:17:50.676625+00:00,0.0,0.0,-1.3333333333333308,0.0,143.2,148.2,157.404,1.2295839130439898,1.7636056056479728,0.2896159579915969,-4.776684200617126,-0.3579947348509096,-4.418689465766216,28973.15
101265,TOTAL,2019-07-11,140.0,140.0,18959,2026-04-08T03:17:53.082234+00:00,0.0,0.0,0.0,0.0,141.6,147.7,156.564,1.2295839130439898,1.7636056056479728,0.2896159579915969,-4.893210028059741,-0.37961644983481957,-4.5135935782249215,27397.1
101369,TOTAL,2019-07-12,140.0,140.0,10645,2026-04-08T03:17:55.503872+00:00,0.0,0.0,0.0,0.0,140.0,147.2,155.724,1.2295839130439898,1.7636056056479728,0.28961595799159684,-4.928742114767658,-0.33211882923418923,-4.596623285533469,24728.0
101473,TOTAL,2019-07-15,130.0,130.0,102998,2026-04-08T03:18:00.039317+00:00,-7.14285714285714,0.0,-5.405405405405405,0.0,138.0,146.2,154.684,1.9518096640221112,1.9956965959685045,0.14152446215317294,-5.698133440652555,-0.8812081240952683,-4.8169253165572865,29392.5
101577,TOTAL,2019-07-16,130.0,130.0,50389,2026-04-08T03:18:02.440443+00:00,0.0,-7.14285714285714,0.0,0.0,136.0,145.2,153.962,1.9518096640221112,1.6204622999708558,0.14152446215317294,-6.235996918874008,-1.1352572818533773,-5.100739637020631,31417.25
101681,TOTAL,2019-07-17,129.9,129.9,27199,2026-04-08T03:18:04.729662+00:00,-0.07692307692307443,0.0,0.0,-1.3333333333333308,133.98000000000002,144.195,153.238,1.950445267946266,1.6200381509237713,0.14069012685091287,-6.594311644900813,-1.1948576063041454,-5.399454038596668,32145.7
101785,TOTAL,2019-07-18,129.9,129.9,23400,2026-04-08T03:18:07.178594+00:00,0.0,-0.07692307692307443,0.0,0.0,131.96,143.19,152.556,1.950445267946266,1.6173634660923344,0.14069012685091284,-6.799893704951472,-1.1203517330838428,-5.679541971867629,32610.55
101889,TOTAL,2019-07-19,129.9,129.9,27193,2026-04-08T03:18:09.535362+00:00,0.0,0.0,0.0,0.0,129.94,142.185,151.91400000000002,1.950445267946266,1.6147416486819888,0.1406901268509128,-6.8834706043649305,-0.9631429059978407,-5.92032769836709,33384.95
101993,TOTAL,2019-07-22,129.9,129.9,24859,2026-04-08T03:18:14.212024+00:00,0.0,0.0,-7.14285714285714,-5.405405405405405,129.92000000000002,141.18,151.27200000000002,1.950445267946266,1.6147416486819888,0.14069012685091284,-6.870506971661911,-0.760143418635856,-6.110363553026055,32542.75
102097,TOTAL,2019-07-23,129.9,129.9,23005,2026-04-08T03:18:16.654741+00:00,0.0,0.0,0.0,0.0,129.9,140.175,150.63,1.950445267946266,1.6147416486819888,0.14069012685091284,-6.782053903627798,-0.5373522804813948,-6.244701623146403,32707.35
102201,TOTAL,2019-07-24,127.5,127.5,58935,2026-04-08T03:18:18.926554+00:00,-1.8475750577367278,0.0,-0.07692307692307443,0.0,129.42,139.05,149.94,1.9593824737324432,1.6258648927473522,0.11676032692294942,-6.826917694727797,-0.4657728572651143,-6.361144837462683,34694.45
102305,TOTAL,2019-07-25,127.5,127.5,41771,2026-04-08T03:18:21.127331+00:00,0.0,-1.8475750577367278,0.0,0.0,128.94,137.925,149.25,1.9593824737324432,1.6258648927473522,0.11676032692294944,-6.7842677567608405,-0.33849833543852537,-6.445769421322315,35217.9
102409,TOTAL,2019-07-26,127.5,127.5,16645,2026-04-08T03:18:23.508197+00:00,0.0,0.0,0.0,0.0,128.45999999999998,136.8,148.56,1.9593824737324432,1.6258648927473522,0.11676032692294941,-6.673538970527318,-0.1822156393640011,-6.491323331163317,35604.6
102513,TOTAL,2019-07-29,114.8,114.8,187824,2026-04-08T03:18:27.808584+00:00,-9.96078431372549,0.0,0.0,-7.14285714285714,125.44000000000001,135.04,147.616,2.823367413610547,2.1068996869455883,0.05496817673824723,-7.523839334925242,-0.8260128030095402,-6.697826531915702,43717.25
102617,TOTAL,2019-07-30,114.8,114.8,11996,2026-04-08T03:18:30.090931+00:00,0.0,-9.96078431372549,0.0,0.0,122.42,133.28,146.672,2.823367413610547,2.1068996869455883,0.05496817673824723,-8.104287320309083,-1.1251686307147049,-6.979118689594379,43176.25
102721,TOTAL,2019-07-31,114.8,114.8,33570,2026-04-08T03:18:32.379029+00:00,0.0,0.0,-1.8475750577367278,-0.07692307692307443,119.88,131.61999999999998,145.728,2.8379531597631606,2.1068996869455883,0.05496817673824722,-8.466697709765839,-1.190063216137168,-7.276634493628671,40971.75
102825,TOTAL,2019-08-01,114.8,114.8,39520,2026-04-08T03:18:34.721051+00:00,0.0,0.0,0.0,0.0,117.34,129.95999999999998,144.78400000000002,2.8379531597631606,2.1068996869455883,0.05496817673824722,-8.654150889998135,-1.1020131170955718,-7.552137772902563,42310.75
102929,TOTAL,2019-08-02,114.8,114.8,2908,2026-04-08T03:18:37.148519+00:00,0.0,0.0,0.0,0.0,114.8,128.3,143.84,2.8379531597631606,2.1068996869455883,0.05496817673824722,-8.702393115080469,-0.920204273742323,-7.7821888413381455,39644.65
103033,TOTAL,2019-08-05,114.8,114.8,8311,2026-04-08T03:18:41.327383+00:00,0.0,0.0,-9.96078431372549,0.0,114.8,127.03999999999999,142.89600000000002,2.6710295496441145,2.1068996869455883,0.05496817673824722,-8.64101715906142,-0.6870626541786189,-7.953954504882801,37634.1
103137,TOTAL,2019-08-06,114.8,114.8,9478,2026-04-08T03:18:43.676077+00:00,0.0,0.0,0.0,0.0,114.8,125.78,141.952,2.6710295496441145,2.1068996869455883,0.05496817673824722,-8.494457453815045,-0.4324023591457955,-8.06205509466925,37143.5
103241,TOTAL,2019-08-07,114.8,114.8,3675,2026-04-08T03:18:45.952647+00:00,0.0,0.0,0.0,-1.8475750577367278,114.8,124.51999999999998,141.008,2.6710295496441145,2.1068996869455883,0.05496817673824722,-8.28282853997456,-0.17661875624424894,-8.10620978373031,36164.0
103345,TOTAL,2019-08-08,114.8,114.8,4707,2026-04-08T03:18:48.284739+00:00,0.0,0.0,0.0,0.0,114.8,123.25999999999999,140.064,2.6710295496441145,2.1068996869455883,0.05496817673824722,-8.022631202464495,0.06686286501265215,-8.089494067477148,35451.4
103449,TOTAL,2019-08-09,114.8,114.8,15409,2026-04-08T03:18:50.530707+00:00,0.0,0.0,0.0,0.0,114.8,122.0,139.12,2.6710295496441145,2.1068996869455883,0.054968176738247214,-7.727346892991193,0.2897177395887631,-8.017064632579956,35689.6
103553,TOTAL,2019-08-14,105.8,105.8,51230,2026-04-08T03:18:57.313874+00:00,-7.839721254355403,0.0,0.0,-9.96078431372549,113.0,120.78999999999999,137.996,2.7591390313363395,2.3357960094530066,0.030761625836027016,-8.125886571973737,-0.08705755151502359,-8.038829020458714,33101.2
103657,TOTAL,2019-08-15,105.8,105.8,20638,2026-04-08T03:18:59.647711+00:00,0.0,-7.839721254355403,0.0,0.0,111.2,119.58,136.872,2.7591390313363395,2.3357960094530066,0.03076162583602702,-8.345530063233866,-0.24536083422012211,-8.100169229013744,31613.65
103761,TOTAL,2019-08-19,105.8,105.8,14748,2026-04-08T03:19:05.053534+00:00,0.0,0.0,0.0,0.0,109.4,118.375,135.74800000000002,2.7605265846877742,2.3357960094530066,0.030761625836027026,-8.422509663927897,-0.25787234793132185,-8.164637315996575,30991.1
103865,TOTAL,2019-08-20,105.8,105.8,31117,2026-04-08T03:19:07.283568+00:00,0.0,0.0,0.0,0.0,107.6,117.17,134.624,2.7605265846877742,2.3357960094530066,0.030761625836027026,-8.386838300780155,-0.17776078782686433,-8.209077512953291,31376.95
103968,TOTAL,2019-08-21,105.8,105.8,17075,2026-04-08T03:19:09.493441+00:00,0.0,0.0,0.0,0.0,105.8,115.965,133.5,2.7605265846877742,2.3357960094530066,0.030761625836027026,-8.26331414673814,-0.04338930702787813,-8.219924839710261,30871.05
104071,TOTAL,2019-08-22,105.8,105.8,20588,2026-04-08T03:19:11.834929+00:00,0.0,0.0,-7.839721254355403,0.0,105.8,114.75999999999999,132.376,2.7605265846877742,2.3357960094530066,0.030761625836027023,-8.072367141186845,0.11804615881873382,-8.190413300005579,30657.5
104174,TOTAL,2019-08-23,105.8,105.8,27611,2026-04-08T03:19:14.066623+00:00,0.0,0.0,0.0,0.0,105.8,113.55499999999999,131.49200000000002,2.7605265846877742,2.135828602146835,0.030761625836027026,-7.830771998476436,0.28771304122331465,-8.11848503969975,30887.8
104277,TOTAL,2019-08-26,105.8,105.8,25719,2026-04-08T03:19:18.291411+00:00,0.0,0.0,0.0,0.0,105.8,112.46999999999998,130.608,2.7609643010958447,2.135828602146835,0.030761625836027023,-7.552248487823249,0.4529892415012018,-8.00523772932445,29227.0
104380,TOTAL,2019-08-27,96.5,96.5,48917,2026-04-08T03:19:20.588978+00:00,-8.790170132325137,0.0,0.0,0.0,103.94000000000001,110.91999999999999,129.538,3.265387401338343,2.4219736726908954,0.01687172798365556,-7.9898468941454155,0.012312668143229288,-8.002159562288645,29584.3
104483,TOTAL,2019-08-28,96.5,96.5,34286,2026-04-08T03:19:22.939533+00:00,0.0,-8.790170132325137,0.0,0.0,102.08,109.36999999999998,128.46800000000002,3.265387401338343,2.4219736726908954,0.01687172798365556,-8.241642262128366,-0.1915861598717754,-8.05005610225659,30466.35
104586,TOTAL,2019-08-29,97.1,97.1,120843,2026-04-08T03:19:25.308081+00:00,0.6217616580310725,0.0,0.0,-7.839721254355403,100.34,108.48499999999999,127.41,2.578268462096083,2.4280047672126512,3.2844335624240184,-8.297132738330063,-0.19766130885877686,-8.099471429471286,27117.3
104689,TOTAL,2019-08-30,100.0,100.0,101178,2026-04-08T03:19:27.686427+00:00,2.9866117404737436,0.6217616580310725,0.0,0.0,99.17999999999999,107.74499999999998,126.41,2.7101831460071852,2.4850460193923123,17.344857180785187,-8.014714932068372,0.06780519792233086,-8.082520129990703,31576.4
104792,TOTAL,2019-09-02,100.0,100.0,61909,2026-04-08T03:19:32.075785+00:00,0.0,2.9866117404737436,0.0,0.0,98.02000000000001,107.005,125.41,2.7101831460071852,2.4850460193923123,17.344857180785187,-7.702111637338348,0.30432679412188435,-8.006438431460232,32993.35
104895,TOTAL,2019-09-03,100.0,100.0,58004,2026-04-08T03:19:34.366833+00:00,0.0,0.0,-8.790170132325137,0.0,98.72,106.26500000000001,124.41,2.7101831460071852,2.4850460193923123,17.344857180785187,-7.369421174090164,0.5096138058960547,-7.879034979986218,33917.55
104998,TOTAL,2019-09-04,100.0,100.0,17948,2026-04-08T03:19:36.608723+00:00,0.0,0.0,0.0,0.0,99.42,105.525,123.41,2.7101831460071852,2.4850460193923123,17.344857180785187,-7.024784245059934,0.6834005879410281,-7.708184833000962,34669.55
105101,TOTAL,2019-09-05,100.0,100.0,25048,2026-04-08T03:19:38.984327+00:00,0.0,0.0,0.6217616580310725,0.0,100.0,104.785,122.41,2.7101831460071852,2.4850460193923123,17.344857180785183,-6.674715035762063,0.8267758377911196,-7.501490873553182,35506.4
105204,TOTAL,2019-09-06,100.0,100.0,17556,2026-04-08T03:19:41.363212+00:00,0.0,0.0,2.9866117404737436,0.0,100.0,104.04499999999999,121.41,2.7101831460071852,2.4850460193923123,17.344857180785183,-6.324379159123993,0.9416893715433519,-7.2660685306673445,35910.3
105307,TOTAL,2019-09-09,100.0,100.0,55792,2026-04-08T03:19:45.624302+00:00,0.0,0.0,0.0,0.0,100.0,103.30499999999999,120.41,2.7101831460071852,2.4850460193923123,17.344857180785183,-5.977826786725231,1.0305933951536908,-7.008420181878922,38516.15
105410,TOTAL,2019-09-10,100.0,100.0,26309,2026-04-08T03:19:47.977958+00:00,0.0,0.0,0.0,-8.790170132325137,100.0,102.56500000000001,119.41,2.7101831460071852,2.4850460193923123,17.344857180785183,-5.638188013059818,1.0961857350552844,-6.734373748115102,39596.25
105513,TOTAL,2019-09-11,100.0,100.0,17070,2026-04-08T03:19:50.333421+00:00,0.0,0.0,0.0,0.0,100.0,101.825,118.41,2.7101831460071852,2.4850460193923123,17.344857180785183,-5.307836403913868,1.1412298753609882,-6.449066279274856,39679.3
105616,TOTAL,2019-09-12,100.0,100.0,94094,2026-04-08T03:19:52.607202+00:00,0.0,0.0,0.0,0.6217616580310725,100.0,101.535,117.41,2.1179803852456693,2.4850460193923123,17.344857180785183,-4.988525753968588,1.168432420245015,-6.156958174213603,41822.5
105719,TOTAL,2019-09-13,100.0,100.0,17744,2026-04-08T03:19:55.083512+00:00,0.0,0.0,0.0,2.9866117404737436,100.0,101.245,116.41,2.1179803852456693,2.4850460193923123,17.344857180785183,-4.681504295989029,1.1803631025796602,-5.861867398568689,41677.8
105822,TOTAL,2019-09-16,100.0,100.0,36225,2026-04-08T03:19:59.701348+00:00,0.0,0.0,0.0,0.0,100.0,100.955,115.45,2.1179803852456693,2.4860944427828375,17.344857180785183,-4.387609942347055,1.1794059649773079,-5.567015907324363,42751.65
105925,TOTAL,2019-09-17,100.0,100.0,22119,2026-04-08T03:20:02.523968+00:00,0.0,0.0,0.0,0.0,100.0,100.66499999999999,114.49,2.1179803852456693,2.4860944427828375,17.344857180785183,-4.107349580464046,1.1677330614882537,-5.2750826419523,42301.75
106028,TOTAL,2019-09-18,100.0,100.0,32914,2026-04-08T03:20:05.488272+00:00,0.0,0.0,0.0,0.0,100.0,100.375,113.53,2.1179803852456693,2.4860944427828375,17.344857180785183,-3.840964971234186,1.1472941365744909,-4.988259107808677,43093.7
106131,TOTAL,2019-09-19,100.0,100.0,20084,2026-04-08T03:20:08.114889+00:00,0.0,0.0,0.0,0.0,100.0,100.08500000000001,112.73,2.1179803852456693,2.3953536213369353,17.344857180785187,-3.588487400228061,1.1198173660644928,-4.708304766292554,43068.5
106234,TOTAL,2019-09-20,100.0,100.0,32595,2026-04-08T03:20:10.721894+00:00,0.0,0.0,0.0,0.0,100.0,99.795,111.93,2.1179803852456693,2.3953536213369353,17.344857180785187,-3.3497828941665375,1.0868174977008138,-4.436600391867351,43317.7
106337,TOTAL,2019-09-23,100.0,100.0,25837,2026-04-08T03:20:15.267012+00:00,0.0,0.0,0.0,0.0,100.0,99.505,111.13,2.1179803852456693,2.3953536213369353,17.344857180785187,-3.1245895302246964,1.049608689314124,-4.1741982195388205,43323.6
106440,TOTAL,2019-09-24,100.0,100.0,5922,2026-04-08T03:20:17.630341+00:00,0.0,0.0,0.0,0.0,100.0,99.67999999999999,110.33,0.6749432459018219,2.3953536213369353,17.344857180785187,-2.912548125082523,1.009320075565038,-3.921868200647561,41173.85
106543,TOTAL,2019-09-25,100.0,100.0,25417,2026-04-08T03:20:20.165626+00:00,0.0,0.0,0.0,0.0,100.0,99.85499999999999,109.53,0.6749432459018219,2.3953536213369353,17.344857180785187,-2.7132273874345714,0.966912650570392,-3.6801400380049634,40730.4
106646,TOTAL,2019-09-26,110.0,110.0,38642,2026-04-08T03:20:22.92566+00:00,10.000000000000009,0.0,0.0,0.0,102.0,100.5,109.13,2.299739635874658,2.658168690083731,72.89404547824451,-1.7284236483949087,1.5613731116880443,-3.289796760082953,36620.35
106749,TOTAL,2019-09-27,120.0,120.0,146216,2026-04-08T03:20:25.402499+00:00,9.090909090909083,10.000000000000009,0.0,0.0,106.0,101.5,108.93,2.941727809542743,2.9714270903276714,84.27506820263476,-0.13943583406587834,2.5202887408136596,-2.659724574879538,38872.25
106852,TOTAL,2019-09-30,129.5,129.5,42682,2026-04-08T03:20:29.867546+00:00,7.916666666666661,9.090909090909083,0.0,0.0,111.9,102.975,108.92199999999998,3.3154167936381924,3.1812233146036504,89.0001675473609,1.8649214088878097,3.619716787013878,-1.7547953781260683,37910.9
106955,TOTAL,2019-10-02,123.2,123.2,35554,2026-04-08T03:20:33.475481+00:00,-4.86486486486486,7.916666666666661,0.0,0.0,116.54,104.13499999999999,108.788,3.587039294311589,3.256097098345166,73.27546663545873,2.911470001983858,3.733012304087941,-0.8215423021040831,36788.4
107058,TOTAL,2019-10-03,123.2,123.2,16726,2026-04-08T03:20:35.801047+00:00,0.0,-4.86486486486486,0.0,0.0,121.17999999999999,105.295,108.65400000000001,3.587039294311589,3.256097098345166,73.27546663545873,3.698236335583516,3.6158229101500794,0.08241342543343677,36727.3
107161,TOTAL,2019-10-04,123.2,123.2,45980,2026-04-08T03:20:38.138638+00:00,0.0,0.0,10.000000000000009,0.0,123.82000000000001,106.455,108.52,3.587039294311589,3.256097098345166,73.27546663545873,4.272503561787417,3.352072109083184,0.9204314527042329,37773.9
107264,TOTAL,2019-10-07,123.2,123.2,56639,2026-04-08T03:20:43.38987+00:00,0.0,0.0,9.090909090909083,0.0,124.46,107.61500000000001,108.38600000000001,3.587039294311589,3.256097098345166,73.27546663545871,4.673738527482357,3.002645659822499,1.6710928676598575,39728.05
107367,TOTAL,2019-10-08,123.2,123.2,18572,2026-04-08T03:20:50.115577+00:00,0.0,0.0,7.916666666666661,0.0,123.2,108.775,108.3,3.587039294311589,3.2457917268883296,73.27546663545871,4.934834429066925,2.6109932491256536,2.323841179941271,37867.05
107470,TOTAL,2019-10-09,123.2,123.2,27318,2026-04-08T03:20:53.067656+00:00,0.0,0.0,-4.86486486486486,0.0,123.2,109.93499999999999,108.214,3.587039294311589,3.2457917268883296,73.27546663545873,5.083159315732132,2.207454508632689,2.875704807099443,37917.5
107573,TOTAL,2019-10-10,123.2,123.2,11155,2026-04-08T03:20:55.682822+00:00,0.0,0.0,0.0,0.0,123.2,111.095,108.12800000000001,3.587039294311589,3.2457917268883296,73.27546663545873,5.141440531031279,1.8125885791454683,3.3288519518858104,37621.75
107676,TOTAL,2019-10-11,123.2,123.2,20181,2026-04-08T03:20:58.30073+00:00,0.0,0.0,0.0,10.000000000000009,123.2,112.255,108.296,3.587039294311589,2.9114691701662276,73.27546663545873,5.128510536966147,1.4397268680642687,3.688783668901878,33926.1
107779,TOTAL,2019-10-14,123.2,123.2,8480,2026-04-08T03:21:03.536141+00:00,0.0,0.0,0.0,9.090909090909083,123.2,113.415,108.464,3.587039294311589,2.9114691701662276,73.27546663545873,5.059935635211801,1.096921573047938,3.9630140621638628,33462.9
107882,TOTAL,2019-10-15,123.2,123.2,15974,2026-04-08T03:21:06.159586+00:00,0.0,0.0,0.0,7.916666666666661,123.2,114.575,108.63199999999999,3.587039294311589,2.9114691701662276,73.27546663545873,4.948545776171088,0.7884253712057792,4.160120404965308,32450.35
107985,TOTAL,2019-10-16,123.2,123.2,20979,2026-04-08T03:21:08.538525+00:00,0.0,0.0,0.0,-4.86486486486486,123.2,115.73499999999999,108.79999999999998,3.587039294311589,2.9114691701662276,73.27546663545871,4.804880835028982,0.5158083440509387,4.289072490978043,32393.35
108088,TOTAL,2019-10-17,123.2,123.2,17802,2026-04-08T03:21:11.125073+00:00,0.0,0.0,0.0,0.0,123.2,116.89500000000001,108.96800000000002,3.587039294311589,2.9114691701662276,73.27546663545871,4.6375663559571905,0.27879509198331753,4.358771263973873,31637.75
108191,TOTAL,2019-10-18,123.2,123.2,23543,2026-04-08T03:21:14.04892+00:00,0.0,0.0,0.0,0.0,123.2,118.05499999999999,109.13600000000001,3.587039294311589,2.9114691701662276,73.27546663545871,4.453629754337328,0.07588679229076423,4.377742962046564,31810.7
108294,TOTAL,2019-10-21,123.2,123.2,2802,2026-04-08T03:21:18.357079+00:00,0.0,0.0,0.0,0.0,123.2,119.215,109.304,3.587039294311589,2.9114691701662276,73.27546663545873,4.258766265839299,-0.09518135696581265,4.353947622805111,30321.05
108397,TOTAL,2019-10-22,123.2,123.2,7208,2026-04-08T03:21:20.5704+00:00,0.0,0.0,0.0,0.0,123.2,120.375,109.472,3.587039294311589,2.9114691701662276,73.27546663545871,4.057562492619027,-0.2371081041488674,4.294670596767895,29389.6
108500,TOTAL,2019-10-23,123.2,123.2,28158,2026-04-08T03:21:22.84444+00:00,0.0,0.0,0.0,0.0,123.2,121.535,109.64,3.587039294311589,2.9114691701662276,73.27546663545871,3.853684180351081,-0.3527891331334514,4.2064733134845325,30501.4
108603,TOTAL,2019-10-24,123.2,123.2,194801,2026-04-08T03:21:25.228823+00:00,0.0,0.0,0.0,0.0,123.2,122.69500000000001,109.808,3.587039294311589,2.9114691701662276,73.27546663545871,3.650033831077309,-0.4451515859257791,4.095185417003088,38970.6
108706,TOTAL,2019-10-25,123.2,123.2,11321,2026-04-08T03:21:27.539286+00:00,0.0,0.0,0.0,0.0,123.2,123.35499999999999,110.156,2.9164946332747057,2.6718686626974586,73.27546663545871,3.4488828869901482,-0.5170420240103519,3.9659249110005,37604.55
108809,TOTAL,2019-10-28,123.2,123.2,37335,2026-04-08T03:21:32.161692+00:00,0.0,0.0,0.0,0.0,123.2,123.51500000000001,110.50399999999999,2.12596537270203,2.6718686626974586,73.27546663545871,3.251982484790915,-0.571153940967668,3.823136425758583,32160.5
108912,TOTAL,2019-10-29,123.2,123.2,21384,2026-04-08T03:21:34.477485+00:00,0.0,0.0,0.0,0.0,123.2,123.2,110.85199999999999,1.087816853918815,2.6718686626974586,73.27546663545871,3.0606561584548615,-0.6099842138429774,3.670640372297839,31095.6
109015,TOTAL,2019-10-30,123.2,123.2,7683,2026-04-08T03:21:36.754268+00:00,0.0,0.0,0.0,0.0,123.2,123.2,111.20000000000002,0.0,2.6718686626974586,73.27546663545871,2.8758773425681596,-0.6358104237837439,3.5116877663519035,29702.05
109118,TOTAL,2019-10-31,123.2,123.2,1726,2026-04-08T03:21:39.10919+00:00,0.0,0.0,0.0,0.0,123.2,123.2,111.54800000000002,0.0,2.6718686626974586,73.27546663545873,2.6983340840521635,-0.650682945839792,3.3490170298919555,28952.05
109221,TOTAL,2019-11-01,123.2,123.2,22733,2026-04-08T03:21:41.456138+00:00,0.0,0.0,0.0,0.0,123.2,123.2,111.896,0.0,2.6718686626974586,73.27546663545871,2.5284829945133964,-0.6564272283028476,3.184910222816244,27789.7
109324,TOTAL,2019-11-04,123.2,123.2,43479,2026-04-08T03:21:45.945243+00:00,0.0,0.0,0.0,0.0,123.2,123.2,112.244,0.0,2.6718686626974586,73.27546663545871,2.3665941580427017,-0.6546528518188337,3.0212470098615354,27131.7
109427,TOTAL,2019-11-05,123.2,123.2,3742,2026-04-08T03:21:48.37169+00:00,0.0,0.0,0.0,0.0,123.2,123.2,112.59199999999998,0.0,2.6718686626974586,73.27546663545873,2.212788441058052,-0.6467668550427872,2.8595552961008393,26390.2
109530,TOTAL,2019-11-06,123.2,123.2,11085,2026-04-08T03:21:50.755948+00:00,0.0,0.0,0.0,0.0,123.2,123.2,113.126,0.0,2.325674007057093,73.27546663545873,2.067068424149184,-0.6339894975613243,2.7010579217105084,25578.55
109633,TOTAL,2019-11-07,123.2,123.2,12268,2026-04-08T03:21:53.200031+00:00,0.0,0.0,0.0,0.0,123.2,123.2,113.66,0.0,2.325674007057093,73.27546663545873,1.9293439844154676,-0.6173711498360328,2.5467151342515004,25634.2
109736,TOTAL,2019-11-08,123.2,123.2,1418,2026-04-08T03:21:55.63316+00:00,0.0,0.0,0.0,0.0,123.2,123.2,114.182,0.0,2.3267536372395377,73.27546663545873,1.7994533950580944,-0.5978093913547249,2.3972627864128193,24696.05
109839,TOTAL,2019-11-12,123.2,123.2,21963,2026-04-08T03:22:01.520244+00:00,0.0,0.0,0.0,0.0,123.2,123.2,114.646,0.0,2.2998631567548378,73.27546663545871,1.677180672398535,-0.5760656912114275,2.2532463636099624,25370.2
109942,TOTAL,2019-11-13,110.9,110.9,406285,2026-04-08T03:22:04.169594+00:00,-9.983766233766234,0.0,0.0,0.0,120.74000000000001,122.58500000000001,114.86400000000002,2.2324379970168358,2.731912460387437,18.509631267852217,0.5810732039627169,-1.3377385277177964,1.9188117316805133,44885.75
110045,TOTAL,2019-11-14,110.9,110.9,25742,2026-04-08T03:22:06.510438+00:00,0.0,-9.983766233766234,0.0,0.0,118.28,121.97,115.08200000000001,2.2324379970168358,2.731912460387437,18.50963126785222,-0.28432237049797493,-1.7625072817427907,1.4781849112448158,45123.9
110148,TOTAL,2019-11-15,110.9,110.9,19994,2026-04-08T03:22:08.972682+00:00,0.0,0.0,0.0,0.0,115.82000000000001,121.35499999999999,115.3,2.2324379970168358,2.731912460387437,18.50963126785222,-0.9590987052407058,-1.9498268931884173,0.9907281879477116,45233.5
110250,TOTAL,2019-11-18,110.9,110.9,24520,2026-04-08T03:22:13.551393+00:00,0.0,0.0,0.0,0.0,113.36000000000001,120.74000000000001,115.51800000000001,2.2324379970168358,2.731912460387437,18.50963126785222,-1.4768397229993582,-1.9740543287576557,0.4972146057582976,45282.35
110352,TOTAL,2019-11-19,110.9,110.9,39890,2026-04-08T03:22:15.801005+00:00,0.0,0.0,0.0,0.0,110.9,120.125,115.736,2.2324379970168358,2.731912460387437,18.509631267852225,-1.8656471902120018,-1.8902894367762395,0.024642246564237746,47136.75
110454,TOTAL,2019-11-20,110.9,110.9,10792,2026-04-08T03:22:18.11241+00:00,0.0,0.0,-9.983766233766234,0.0,110.9,119.51000000000002,115.95400000000001,2.2324379970168358,2.731912460387437,18.509631267852225,-2.149007488567065,-1.7389197881050422,-0.4100877004620228,47315.95
110556,TOTAL,2019-11-21,110.9,110.9,14999,2026-04-08T03:22:20.360812+00:00,0.0,0.0,0.0,0.0,110.9,118.89499999999998,116.17200000000001,2.2324379970168358,2.731912460387437,18.509631267852225,-2.3465233064969055,-1.549148484827906,-0.7973748216689994,46658.0
110658,TOTAL,2019-11-22,110.9,110.9,48396,2026-04-08T03:22:22.766306+00:00,0.0,0.0,0.0,0.0,110.9,118.28,116.39,2.2324379970168358,2.731912460387437,18.509631267852225,-2.4745311603564915,-1.3417250709499935,-1.132806089406498,39337.75
110760,TOTAL,2019-11-25,110.9,110.9,19791,2026-04-08T03:22:27.077445+00:00,0.0,0.0,0.0,0.0,110.9,117.665,116.608,2.2324379970168358,2.731912460387437,18.509631267852225,-2.546622428646984,-1.1310530713923885,-1.4155693572545953,39761.25
110862,TOTAL,2019-11-26,110.9,110.9,6844,2026-04-08T03:22:29.415971+00:00,0.0,0.0,0.0,0.0,110.9,117.05,116.82600000000001,2.2324379970168358,2.731912460387437,18.509631267852225,-2.5740828533344455,-0.9268107968638799,-1.6472720564705656,38236.7
110964,TOTAL,2019-11-27,110.9,110.9,18026,2026-04-08T03:22:31.797244+00:00,0.0,0.0,0.0,-9.983766233766234,110.9,116.43500000000002,117.04400000000001,2.2324379970168358,2.731912460387437,18.509631267852228,-2.566263153550153,-0.73519287766367,-1.8310702758864832,38068.8
111066,TOTAL,2019-11-28,110.9,110.9,5561,2026-04-08T03:22:34.150197+00:00,0.0,0.0,0.0,0.0,110.9,115.82000000000001,117.262,2.2324379970168358,2.731912460387437,18.509631267852225,-2.5308914439920898,-0.5598569344844853,-1.9710345095076045,37962.7
111168,TOTAL,2019-11-29,110.9,110.9,1800,2026-04-08T03:22:36.43862+00:00,0.0,0.0,0.0,0.0,110.9,115.205,117.48,2.2324379970168358,2.731912460387437,18.509631267852225,-2.4743364983954024,-0.4026415911102381,-2.0716949072851643,37966.4
111270,TOTAL,2019-12-02,110.9,110.9,4622,2026-04-08T03:22:40.672716+00:00,0.0,0.0,0.0,0.0,110.9,114.59,117.69800000000001,2.2324379970168358,2.731912460387437,18.509631267852225,-2.401829501151326,-0.2641076750929292,-2.137721826058397,37060.85
111372,TOTAL,2019-12-03,110.9,110.9,9713,2026-04-08T03:22:42.857808+00:00,0.0,0.0,0.0,0.0,110.9,113.975,117.916,2.2324379970168358,2.731912460387437,18.509631267852228,-2.3176507483116495,-0.14394313780260193,-2.1737076105090476,35372.55
111474,TOTAL,2019-12-04,110.9,110.9,20679,2026-04-08T03:22:45.132537+00:00,0.0,0.0,0.0,0.0,110.9,113.36000000000001,118.13400000000001,2.2324379970168358,2.731912460387437,18.509631267852228,-2.2252867596388484,-0.04126331930384053,-2.184023440335008,36219.4
111576,TOTAL,2019-12-05,110.9,110.9,34100,2026-04-08T03:22:47.409461+00:00,0.0,0.0,0.0,0.0,110.9,112.745,118.352,2.2324379970168358,2.731912460387437,18.50963126785223,-2.127562417976222,0.045168817887028645,-2.1727312358632505,37370.15
111678,TOTAL,2019-12-06,110.9,110.9,36953,2026-04-08T03:22:49.720566+00:00,0.0,0.0,0.0,0.0,110.9,112.13,118.57,2.2324379970168358,2.731912460387437,18.509631267852228,-2.0267520372664762,0.11678335887741964,-2.143535396143896,38604.4
111780,TOTAL,2019-12-10,110.9,110.9,34102,2026-04-08T03:22:54.948045+00:00,0.0,0.0,0.0,0.0,110.9,111.51500000000001,118.58800000000001,2.2324379970168358,2.3411470968848445,18.509631267852228,-1.924672655943823,0.1750901921600585,-2.0997628481038815,40238.6
111882,TOTAL,2019-12-11,110.9,110.9,6778,2026-04-08T03:22:57.463594+00:00,0.0,0.0,0.0,0.0,110.9,110.9,118.406,2.2324379970168358,1.943356379436226,18.509631267852228,-1.822762341164605,0.22160040555142135,-2.0443627467160264,39479.35
111984,TOTAL,2019-12-12,110.9,110.9,16997,2026-04-08T03:22:59.677549+00:00,0.0,0.0,0.0,0.0,110.9,110.9,118.03400000000002,0.0,1.5579477700358426,18.509631267852235,-1.7221458570365655,0.25777351174356866,-1.9799193687801342,20014.95
112086,TOTAL,2019-12-13,110.9,110.9,7546,2026-04-08T03:23:01.961124+00:00,0.0,0.0,0.0,0.0,110.9,110.9,117.78800000000001,0.0,1.411917761135479,18.50963126785223,-1.6236896844913957,0.28498374743099086,-1.9086734319223866,19105.15
112188,TOTAL,2019-12-16,110.9,110.9,6441,2026-04-08T03:23:06.206185+00:00,0.0,0.0,0.0,0.0,110.9,110.9,117.54199999999999,0.0,1.411917761135479,18.50963126785223,-1.5280480714204856,0.3045002884015209,-1.8325483598220065,18427.5
112290,TOTAL,2019-12-17,110.9,110.9,68200,2026-04-08T03:23:08.526507+00:00,0.0,0.0,0.0,0.0,110.9,110.9,117.296,0.0,1.411917761135479,18.50963126785223,-1.4357015304513112,0.31747746349655626,-1.7531789939478675,20611.5
112392,TOTAL,2019-12-18,110.9,110.9,33017,2026-04-08T03:23:10.699016+00:00,0.0,0.0,0.0,0.0,110.9,110.9,117.05,0.0,1.411917761135479,18.50963126785223,-1.3469889809119167,0.32495201042876065,-1.6719409913406773,20267.85
112494,TOTAL,2019-12-19,110.9,110.9,9254,2026-04-08T03:23:13.06361+00:00,0.0,0.0,0.0,0.0,110.9,110.9,116.80400000000002,0.0,1.411917761135479,18.509631267852235,-1.2621345448806238,0.32784515716804297,-1.5899797020486668,20190.95
112596,TOTAL,2019-12-20,110.9,110.9,8055,2026-04-08T03:23:15.515212+00:00,0.0,0.0,0.0,0.0,110.9,110.9,116.558,0.0,1.411917761135479,18.50963126785224,-1.181269849472855,0.32696788206064964,-1.5082377315335047,19843.75
112698,TOTAL,2019-12-23,110.9,110.9,6474,2026-04-08T03:23:19.645113+00:00,0.0,0.0,0.0,0.0,110.9,110.9,116.31200000000001,0.0,1.411917761135479,18.509631267852235,-1.1044525542163655,0.32302814185371154,-1.427480696070077,17747.65
112800,TOTAL,2019-12-24,110.9,110.9,3546,2026-04-08T03:23:22.081747+00:00,0.0,0.0,0.0,0.0,110.9,110.9,116.066,0.0,1.411917761135479,18.509631267852235,-1.0316817097365885,0.3166391890667908,-1.3483208988033792,16935.4
112902,TOTAL,2019-12-27,110.9,110.9,5338,2026-04-08T03:23:26.48241+00:00,0.0,0.0,0.0,0.0,110.9,110.9,115.82,0.0,1.411917761135479,18.509631267852235,-0.9629104588223925,0.3083283519847895,-1.271238810807182,16860.1
113004,TOTAL,2019-12-31,110.9,110.9,17268,2026-04-08T03:23:31.997666+00:00,0.0,0.0,0.0,0.0,110.9,110.9,115.57400000000001,0.0,1.411917761135479,18.509631267852235,-0.8980565105697025,0.29854584018998365,-1.1966023507596861,16822.2
113106,TOTAL,2020-01-02,110.9,110.9,4437,2026-04-08T03:23:35.253628+00:00,0.0,0.0,0.0,0.0,110.9,110.9,115.32800000000002,0.0,1.411917761135479,18.509631267852235,-0.8370107504222233,0.2876732802699704,-1.1246840306921937,16766.0
113208,TOTAL,2020-01-03,110.9,110.9,12373,2026-04-08T03:23:37.484442+00:00,0.0,0.0,0.0,0.0,110.9,110.9,115.08200000000001,0.0,1.411917761135479,18.509631267852235,-0.7796442916123993,0.2760317912638355,-1.0556760828762348,17294.65
113310,TOTAL,2020-01-06,110.9,110.9,19858,2026-04-08T03:23:41.810791+00:00,0.0,0.0,0.0,0.0,110.9,110.9,114.836,0.0,1.411917761135479,18.509631267852235,-0.7258142251190947,0.2638894862057122,-0.9897037113248068,18056.45
113412,TOTAL,2020-01-07,110.9,110.9,15913,2026-04-08T03:23:44.238014+00:00,0.0,0.0,0.0,0.0,110.9,110.9,114.59,0.0,1.411917761135479,18.509631267852235,-0.675368284417857,0.25146834152555997,-0.926836625943417,18366.45
113514,TOTAL,2020-01-08,107.0,107.0,214058,2026-04-08T03:23:46.428903+00:00,-3.5166816952209246,0.0,0.0,0.0,110.12,110.705,114.266,0.7863539325743185,1.4873438622929653,4.43786491229661,-0.939259717949156,-0.009938473604591103,-0.9293212443445649,28035.4
113617,TOTAL,2020-01-09,107.0,107.0,10488,2026-04-08T03:23:48.760691+00:00,0.0,-3.5166816952209246,0.0,0.0,109.34,110.50999999999999,113.94200000000001,0.7863539325743185,1.4873438622929653,4.437864912296611,-1.1353084511380729,-0.1647897654348064,-0.9705186857032665,26854.8
113720,TOTAL,2020-01-10,107.0,107.0,144362,2026-04-08T03:23:51.312987+00:00,0.0,0.0,0.0,0.0,108.55999999999999,110.31500000000001,113.618,0.7863539325743185,1.4873438622929653,4.43786491229661,-1.2759698979255347,-0.2443609697778144,-1.0316089281477203,32225.25
113823,TOTAL,2020-01-13,107.0,107.0,73680,2026-04-08T03:23:55.704331+00:00,0.0,0.0,0.0,0.0,107.78,110.12,113.294,0.7863539325743185,1.4873438622929653,4.437864912296612,-1.3716337676544583,-0.2720198716053903,-1.099613896049068,34204.15
113926,TOTAL,2020-01-14,107.0,107.0,98380,2026-04-08T03:23:58.044369+00:00,0.0,0.0,0.0,0.0,107.0,109.925,112.97,0.7863539325743185,1.4873438622929653,4.437864912296612,-1.4309529388932987,-0.2650712342753845,-1.1658817046179142,38784.25
114029,TOTAL,2020-01-15,107.0,107.0,18297,2026-04-08T03:24:00.340453+00:00,0.0,0.0,-3.5166816952209246,0.0,107.0,109.72999999999999,112.646,0.7863539325743185,1.4873438622929653,4.437864912296611,-1.4611209170560073,-0.23619136995047452,-1.2249295471055328,38849.25
114132,TOTAL,2020-01-16,107.0,107.0,1908,2026-04-08T03:24:02.775573+00:00,0.0,0.0,0.0,0.0,107.0,109.535,112.32199999999999,0.7863539325743185,1.4873438622929653,4.437864912296611,-1.4681058467611905,-0.1945410397245262,-1.2735648070366643,38567.35
114235,TOTAL,2020-01-17,107.0,107.0,32369,2026-04-08T03:24:05.107796+00:00,0.0,0.0,0.0,0.0,107.0,109.34,111.99799999999999,0.7863539325743185,1.4873438622929653,4.437864912296612,-1.456847819074241,-0.14662640963006135,-1.3102214094441798,39863.75
114338,TOTAL,2020-01-20,117.0,117.0,254533,2026-04-08T03:24:09.637495+00:00,9.345794392523366,0.0,0.0,0.0,109.0,109.64500000000001,111.874,2.271238883249804,2.0154570467790403,78.88904509067206,-0.6337043749425959,0.5412136276012671,-1.174918002543863,49180.4
114441,TOTAL,2020-01-21,117.0,117.0,246835,2026-04-08T03:24:12.081094+00:00,0.0,9.345794392523366,0.0,0.0,111.0,109.95,111.75,2.271238883249804,2.0154570467790403,78.88904509067207,0.018430282139931364,0.9546786277470356,-0.9362483456071042,59871.3
114544,TOTAL,2020-01-23,117.0,117.0,5202,2026-04-08T03:24:15.397306+00:00,0.0,0.0,0.0,-3.5166816952209246,113.0,110.255,111.626,2.271238883249804,2.0154570467790403,78.88904509067206,0.5291519618240841,1.1723202459449507,-0.6431682841208666,59668.7
114647,TOTAL,2020-01-24,117.0,117.0,43006,2026-04-08T03:24:17.760742+00:00,0.0,0.0,0.0,0.0,115.0,110.55999999999999,111.502,2.271238883249804,2.0154570467790403,78.88904509067206,0.9232598081655254,1.2531424738291137,-0.3298826656635882,61416.25
114750,TOTAL,2020-01-27,117.0,117.0,568756,2026-04-08T03:24:22.426106+00:00,0.0,0.0,0.0,0.0,117.0,110.86499999999998,111.37799999999999,2.271238883249804,2.0154570467790403,78.88904509067206,1.2215122825565032,1.2411159585760732,-0.019603676019569916,89530.35
114853,TOTAL,2020-01-28,107.0,107.0,712997,2026-04-08T03:24:24.728321+00:00,-8.54700854700855,0.0,9.345794392523366,0.0,115.0,110.67,111.054,3.0121939039333183,2.3439510594785364,37.06286755204856,0.6435447079904009,0.5305187072079767,0.11302600078242425,125002.9
114956,TOTAL,2020-01-29,107.0,107.0,191336,2026-04-08T03:24:27.287495+00:00,0.0,-8.54700854700855,0.0,0.0,113.0,110.475,110.73,3.0121939039333183,2.3439510594785364,37.06286755204855,0.1833872668575225,0.05628901286007859,0.1270982539974439,134302.8
115059,TOTAL,2020-01-30,107.0,107.0,51946,2026-04-08T03:24:29.658352+00:00,0.0,0.0,0.0,0.0,111.0,110.28,110.65199999999999,3.0121939039333183,1.8768978907264893,37.06286755204855,-0.17922482823925634,-0.2450584657893602,0.06583363755010385,136036.7
115162,TOTAL,2020-01-31,107.0,107.0,14991,2026-04-08T03:24:31.961868+00:00,0.0,0.0,0.0,0.0,109.0,110.085,110.574,3.0121939039333183,1.8768978907264893,37.062867552048544,-0.46128017535794186,-0.42169105032643656,-0.03958912503150529,136564.4
115265,TOTAL,2020-02-03,107.0,107.0,78836,2026-04-08T03:24:36.430808+00:00,0.0,0.0,0.0,0.0,107.0,109.88999999999999,110.49600000000001,3.0121939039333183,1.8768978907264893,37.062867552048544,-0.6770069552901532,-0.5099342642069183,-0.1670726910832349,139887.55
115368,TOTAL,2020-02-04,107.0,107.0,154626,2026-04-08T03:24:38.687124+00:00,0.0,0.0,-8.54700854700855,9.345794392523366,107.0,109.69500000000001,110.41799999999999,3.0121939039333183,1.8768978907264893,37.06286755204855,-0.8383084842365776,-0.5369886345226741,-0.30131984971390346,146625.95
115471,TOTAL,2020-02-05,107.0,107.0,25533,2026-04-08T03:24:41.03998+00:00,0.0,0.0,0.0,0.0,107.0,109.5,110.34,3.0121939039333183,1.8768978907264893,37.062867552048544,-0.955130952963998,-0.5230488826000756,-0.4320820703639224,147106.95
115574,TOTAL,2020-02-06,107.0,107.0,8031,2026-04-08T03:24:43.345135+00:00,0.0,0.0,0.0,0.0,107.0,109.5,110.26199999999999,2.9051979277495805,1.8768978907264893,37.062867552048544,-1.0357738449531269,-0.4829534196713635,-0.5528204252817633,136805.6
115677,TOTAL,2020-02-07,107.0,107.0,1698,2026-04-08T03:24:45.609576+00:00,0.0,0.0,0.0,0.0,107.0,109.5,110.184,2.9051979277495805,1.8768978907264893,37.062867552048544,-1.0871519073952811,-0.42746518569081415,-0.659686721704467,136366.1
115780,TOTAL,2020-02-10,107.0,107.0,20349,2026-04-08T03:24:50.182603+00:00,0.0,0.0,0.0,0.0,107.0,109.5,110.10600000000001,2.9051979277495805,1.8768978907264893,37.062867552048544,-1.1150161795947326,-0.36426356631221246,-0.7507526132825202,130165.45
115883,TOTAL,2020-02-11,107.0,107.0,11281,2026-04-08T03:24:52.780016+00:00,0.0,0.0,0.0,-8.54700854700855,107.0,109.5,110.02799999999999,2.9051979277495805,1.8768978907264893,37.062867552048544,-1.1241404249977904,-0.29871024937221613,-0.8254301756255743,127045.5
115986,TOTAL,2020-02-12,107.0,107.0,11283,2026-04-08T03:24:55.120152+00:00,0.0,0.0,0.0,0.0,107.0,109.5,109.95,2.9051979277495805,1.8768978907264893,37.062867552048544,-1.118478333219585,-0.23443852607520843,-0.8840398071443765,122690.65
116089,TOTAL,2020-02-13,107.0,107.0,2124,2026-04-08T03:24:57.649025+00:00,0.0,0.0,0.0,0.0,107.0,109.5,109.87199999999999,2.9051979277495805,1.8768978907264893,37.06286755204855,-1.1012960295959857,-0.17380497796128735,-0.9274910516346984,121882.0
116192,TOTAL,2020-02-14,107.0,107.0,193694,2026-04-08T03:25:00.080254+00:00,0.0,0.0,0.0,0.0,107.0,109.5,109.794,2.9051979277495805,1.8768978907264893,37.062867552048544,-1.075283728698892,-0.11823414165135493,-0.9570495870475372,131471.3
116295,TOTAL,2020-02-17,107.0,107.0,45360,2026-04-08T03:25:04.377856+00:00,0.0,0.0,0.0,0.0,107.0,109.5,109.71600000000001,2.9051979277495805,1.8768978907264893,37.062867552048544,-1.0426497752473551,-0.06848015055985435,-0.9741696246875008,132120.85
116398,TOTAL,2020-02-18,107.0,107.0,6473,2026-04-08T03:25:06.773592+00:00,0.0,0.0,0.0,0.0,107.0,109.0,109.63799999999999,1.9111692115382826,1.8768978907264893,37.06286755204855,-1.0051998142782281,-0.024824151672581785,-0.9803756626056463,119717.85
116501,TOTAL,2020-02-19,107.0,107.0,6522,2026-04-08T03:25:09.231504+00:00,0.0,0.0,0.0,0.0,107.0,108.5,109.56,1.9111692115382826,1.8768978907264893,37.062867552048544,-0.9644034082280228,0.012777803502098894,-0.9771812117301217,107702.2
116604,TOTAL,2020-02-20,107.0,107.0,14442,2026-04-08T03:25:11.501588+00:00,0.0,0.0,0.0,0.0,107.0,108.0,109.48199999999999,1.9111692115382826,1.8768978907264893,37.062867552048544,-0.9214500598043145,0.04458492154064586,-0.9660349813449604,108164.2
116707,TOTAL,2020-02-21,107.0,107.0,6659,2026-04-08T03:25:13.948187+00:00,0.0,0.0,0.0,0.0,107.0,107.5,109.404,1.9111692115382826,1.8768978907264893,37.062867552048544,-0.8772962961127462,0.07099094818577134,-0.9482872442985175,106346.85
116810,TOTAL,2020-02-24,107.0,107.0,8324,2026-04-08T03:25:18.415367+00:00,0.0,0.0,0.0,0.0,107.0,107.0,109.32600000000001,1.9111692115382826,1.8768978907264893,37.06286755204855,-0.8327052129229173,0.09246562510048018,-0.9251708380233975,78325.25
116913,TOTAL,2020-02-25,107.0,107.0,35839,2026-04-08T03:25:20.711298+00:00,0.0,0.0,0.0,0.0,107.0,107.0,109.24799999999999,0.0,1.8768978907264893,37.062867552048544,-0.7882796609887492,0.10951294162771863,-0.8977926026164679,44467.35
117016,TOTAL,2020-02-26,107.0,107.0,22867,2026-04-08T03:25:23.465375+00:00,0.0,0.0,0.0,0.0,107.0,107.0,109.17,0.0,1.8768978907264893,37.06286755204854,-0.7444900728809074,0.12264202378844835,-0.8671320966693558,36043.9
117119,TOTAL,2020-02-27,107.0,107.0,6580,2026-04-08T03:25:26.011368+00:00,0.0,0.0,0.0,0.0,107.0,107.0,109.09199999999998,0.0,1.8768978907264893,37.062867552048544,-0.7016977736752636,0.13234745839527373,-0.8340452320705374,33775.6
117222,TOTAL,2020-02-28,107.0,107.0,56277,2026-04-08T03:25:28.472167+00:00,0.0,0.0,0.0,0.0,107.0,107.0,109.014,0.0,1.8768978907264893,37.062867552048544,-0.6601744877030313,0.13909659549400488,-0.7992710831970362,35839.9
117325,TOTAL,2020-03-02,107.0,107.0,17057,2026-04-08T03:25:32.979972+00:00,0.0,0.0,0.0,0.0,107.0,107.0,108.936,0.0,1.8768978907264893,37.062867552048544,-0.6201186427082348,0.14332195239104117,-0.763440595099276,32750.95
117428,TOTAL,2020-03-03,107.0,107.0,25214,2026-04-08T03:25:35.324079+00:00,0.0,0.0,0.0,0.0,107.0,107.0,108.85799999999999,0.0,1.8768978907264893,37.062867552048544,-0.5816689790489704,0.14541729284024452,-0.7270862718892149,26280.35
117531,TOTAL,2020-03-04,107.0,107.0,17772,2026-04-08T03:25:37.587456+00:00,0.0,0.0,0.0,0.0,107.0,107.0,108.78,0.0,1.8768978907264893,37.062867552048544,-0.5449158923751867,0.1457363036112227,-0.6906521959864094,25892.3
117634,TOTAL,2020-03-05,107.0,107.0,5636,2026-04-08T03:25:39.825698+00:00,0.0,0.0,0.0,0.0,107.0,107.0,108.70199999999998,0.0,1.8768978907264893,37.06286755204854,-0.5099108712789189,0.14459305976599246,-0.6545039310449113,25772.55
117737,TOTAL,2020-03-09,107.0,107.0,18300,2026-04-08T03:25:45.227559+00:00,0.0,0.0,0.0,0.0,107.0,107.0,108.624,0.0,1.8768978907264893,37.06286755204855,-0.4766743348498892,0.14226367695601772,-0.6189380118059069,26602.65
117840,TOTAL,2020-03-10,107.0,107.0,128930,2026-04-08T03:25:47.644077+00:00,0.0,0.0,0.0,0.0,107.0,107.0,108.54599999999999,0.0,1.8768978907264893,37.06286755204855,-0.44520212727900343,0.13898870762152282,-0.5841908349005263,32031.7
117943,TOTAL,2020-03-11,107.0,107.0,35127,2026-04-08T03:25:49.940962+00:00,0.0,0.0,0.0,0.0,107.0,107.0,108.46799999999999,0.0,1.8768978907264893,37.06286755204855,-0.41547088627868334,0.13497595889747438,-0.5504468451761577,33224.0
118046,TOTAL,2020-03-12,107.0,107.0,15070,2026-04-08T03:25:52.243289+00:00,0.0,0.0,0.0,0.0,107.0,107.0,108.39,0.0,1.8768978907264893,37.06286755204855,-0.3874424679875119,0.13040350175091664,-0.5178459697384286,33413.35
118149,TOTAL,2020-03-13,107.0,107.0,1208,2026-04-08T03:25:54.520183+00:00,0.0,0.0,0.0,0.0,107.0,107.0,108.31199999999998,0.0,1.8768978907264893,37.06286755204855,-0.3610675822267666,0.12542271000932959,-0.4864902922360962,33367.55
118252,TOTAL,2020-03-16,107.0,107.0,5000,2026-04-08T03:25:58.965391+00:00,0.0,0.0,0.0,0.0,107.0,107.0,108.234,0.0,1.8768978907264893,37.062867552048544,-0.33628876765949656,0.12016121966127974,-0.4564499873207763,23932.85
118355,TOTAL,2020-03-17,107.0,107.0,3194,2026-04-08T03:26:01.331984+00:00,0.0,0.0,0.0,0.0,107.0,107.0,108.15599999999999,0.0,1.8768978907264893,37.06286755204855,-0.3130428158741978,0.11472573715726286,-0.42776855303146066,21824.55
118458,TOTAL,2020-03-18,107.0,107.0,50654,2026-04-08T03:26:03.589989+00:00,0.0,0.0,0.0,0.0,107.0,107.0,108.07799999999999,0.0,1.8768978907264893,37.062867552048544,-0.2912627360894362,0.10920465355361958,-0.4004673896430558,24033.6
118561,TOTAL,2020-03-19,107.0,107.0,2266,2026-04-08T03:26:05.957067+00:00,0.0,0.0,0.0,0.0,107.0,107.0,108.0,0.0,1.8768978907264893,37.062867552048544,-0.2708793375561811,0.10367044166949974,-0.37454977922568083,23820.8
118664,TOTAL,2020-03-20,107.0,107.0,115630,2026-04-08T03:26:08.377452+00:00,0.0,0.0,0.0,0.0,107.0,107.0,108.0,0.0,1.8091742775079198,37.062867552048544,-0.25182249440271676,0.09818182785837126,-0.350004322261088,28880.2
118767,TOTAL,2020-03-23,107.0,107.0,50769,2026-04-08T03:26:12.667002+00:00,0.0,0.0,0.0,0.0,107.0,107.0,108.0,0.0,1.8091742775079198,37.062867552048544,-0.2340221472664865,0.09278573999568124,-0.32680788726216775,31085.7
118870,TOTAL,2020-03-24,107.0,107.0,51214,2026-04-08T03:26:14.960057+00:00,0.0,0.0,0.0,0.0,107.0,107.0,108.0,0.0,1.8091742775079198,37.062867552048544,-0.21740908729063335,0.08751903997722754,-0.3049281272678609,33230.2
118973,TOTAL,2020-03-25,96.3,96.3,253299,2026-04-08T03:26:17.224804+00:00,-9.999999999999998,0.0,0.0,0.0,104.85999999999999,106.465,107.786,2.2360679774997894,2.297745039636908,3.089811764119262,-1.0554768142350213,-0.6004389495737283,-0.455037864661293,44103.2
119076,TOTAL,2020-03-26,96.3,96.3,7194,2026-04-08T03:26:19.64473+00:00,0.0,-9.999999999999998,0.0,0.0,102.72,105.92999999999999,107.572,2.2360679774997894,2.297745039636908,3.089811764119262,-1.7000543574052926,-0.9960131941951997,-0.7040411632100929,43319.55
119179,TOTAL,2020-03-27,96.3,96.3,14480,2026-04-08T03:26:21.968693+00:00,0.0,0.0,0.0,0.0,100.58,105.39500000000001,107.358,2.2360679774997894,2.297745039636908,3.089811764119262,-2.1856914142206847,-1.1853202008084733,-1.0003712134122114,43714.55
119282,TOTAL,2020-03-30,96.3,96.3,15584,2026-04-08T03:26:26.43282+00:00,0.0,0.0,0.0,0.0,98.44,104.86000000000001,107.14400000000002,2.2360679774997894,2.297745039636908,3.089811764119262,-2.5412681235293633,-1.2327175280937215,-1.3085505954356418,41679.9
119385,TOTAL,2020-03-31,96.3,96.3,48635,2026-04-08T03:26:28.926506+00:00,0.0,0.0,0.0,0.0,96.3,104.325,106.93,2.2360679774997894,2.297745039636908,3.089811764119262,-2.7908935439446623,-1.1858743588072163,-1.605019185137446,43258.8
119488,TOTAL,2020-04-01,96.3,96.3,13652,2026-04-08T03:26:31.173614+00:00,0.0,0.0,-9.999999999999998,0.0,96.3,103.79,106.516,2.2360679774997894,1.8415362075478785,3.0898117641192626,-2.954663961148185,-1.079715820808591,-1.874948140339594,42680.7
119591,TOTAL,2020-04-02,96.3,96.3,16735,2026-04-08T03:26:33.480235+00:00,0.0,0.0,0.0,0.0,96.3,103.255,106.102,2.2360679774997894,1.8415362075478785,3.089811764119262,-3.0493027329042093,-0.9394836740516923,-2.109819058852517,42628.85
119694,TOTAL,2020-04-03,96.3,96.3,12385,2026-04-08T03:26:35.777807+00:00,0.0,0.0,0.0,0.0,96.3,102.72,105.68800000000002,2.2360679774997894,1.8415362075478785,3.089811764119262,-3.0887000300589023,-0.783104776965108,-2.305595253093794,42966.3
119797,TOTAL,2020-04-06,96.3,96.3,4888,2026-04-08T03:26:40.135575+00:00,0.0,0.0,0.0,0.0,96.3,102.185,105.27400000000002,2.2360679774997894,1.8415362075478785,3.0898117641192626,-3.084367997572585,-0.6230181955830325,-2.4613498019895523,42295.7
119900,TOTAL,2020-04-07,96.3,96.3,17045,2026-04-08T03:26:42.376644+00:00,0.0,0.0,0.0,0.0,96.3,101.65,104.86,2.2360679774997894,1.8415362075478785,3.089811764119262,-3.0458244621764834,-0.46757972814954485,-2.5782447340269385,36701.45
120003,TOTAL,2020-04-08,96.3,96.3,15528,2026-04-08T03:26:44.690105+00:00,0.0,0.0,0.0,-9.999999999999998,96.3,101.11500000000001,104.646,2.2360679774997894,1.4142135623730971,3.089811764119262,-2.9809162853028965,-0.32213724102076613,-2.6587790442821304,35721.5
120106,TOTAL,2020-04-09,96.3,96.3,6938,2026-04-08T03:26:47.020639+00:00,0.0,0.0,0.0,0.0,96.3,100.58000000000001,104.432,2.2360679774997894,1.4142135623730971,3.089811764119262,-2.8960917446150205,-0.18985016026631163,-2.706241584348709,35314.9
120209,TOTAL,2020-04-14,96.3,96.3,11248,2026-04-08T03:26:53.304016+00:00,0.0,0.0,0.0,0.0,96.3,100.045,104.21800000000002,2.2360679774997894,1.4142135623730971,3.089811764119262,-2.796629876616066,-0.0723106338138857,-2.7243192428021805,35816.9
120312,TOTAL,2020-04-15,96.3,96.3,118500,2026-04-08T03:26:55.643286+00:00,0.0,0.0,0.0,0.0,96.3,99.51,104.00400000000002,2.2360679774997894,1.4142135623730971,3.089811764119262,-2.686833485715283,0.029988605669517998,-2.716822091384801,41491.9
120415,TOTAL,2020-04-16,96.3,96.3,38935,2026-04-08T03:26:58.005731+00:00,0.0,0.0,0.0,0.0,96.3,98.975,103.79,2.2360679774997894,1.4142135623730971,3.0898117641192617,-2.5701914873091027,0.11730448326055898,-2.6874959705696617,43278.95
120518,TOTAL,2020-04-17,96.3,96.3,1805,2026-04-08T03:27:00.196144+00:00,0.0,0.0,0.0,0.0,96.3,98.44,103.57600000000001,2.2360679774997894,1.4142135623730971,3.089811764119262,-2.449515374742319,0.1903844766618743,-2.639899851404193,40836.5
120621,TOTAL,2020-04-20,96.3,96.3,26057,2026-04-08T03:27:04.902814+00:00,0.0,0.0,0.0,0.0,96.3,97.905,103.36200000000001,2.2360679774997894,1.4142135623730971,3.0898117641192617,-2.32705385777696,0.25027679490178656,-2.5773306526787465,42026.05
120724,TOTAL,2020-04-21,96.3,96.3,114544,2026-04-08T03:27:07.124699+00:00,0.0,0.0,0.0,0.0,96.3,97.37,103.14800000000001,2.2360679774997894,1.4142135623730971,3.0898117641192617,-2.204589092544552,0.2981932481073555,-2.5027823406519074,41971.75
120827,TOTAL,2020-04-22,96.3,96.3,20953,2026-04-08T03:27:09.50407+00:00,0.0,0.0,0.0,0.0,96.3,96.83500000000001,102.93400000000001,2.2360679774997894,1.4142135623730971,3.0898117641192613,-2.0835173922337447,0.3354119587345301,-2.4189293509682748,40480.95
120930,TOTAL,2020-04-23,96.3,96.3,22677,2026-04-08T03:27:11.732195+00:00,0.0,0.0,0.0,0.0,96.3,96.3,102.72,2.2360679774997894,1.4142135623730971,3.0898117641192617,-1.9649168590303105,0.36320999355037165,-2.328126852580682,39054.1
121033,TOTAL,2020-04-24,96.3,96.3,7278,2026-04-08T03:27:14.133022+00:00,0.0,0.0,0.0,0.0,96.3,96.3,102.506,0.0,1.4142135623730971,3.0898117641192613,-1.8496039984403865,0.38281828331223666,-2.232422281752623,26753.05
121136,TOTAL,2020-04-27,96.3,96.3,6405,2026-04-08T03:27:18.376911+00:00,0.0,0.0,0.0,0.0,96.3,96.3,102.292,0.0,1.4142135623730971,3.0898117641192613,-1.7381810564005207,0.3953929802816818,-2.1335740366822025,26713.6
121239,TOTAL,2020-04-28,96.3,96.3,11293,2026-04-08T03:27:20.70836+00:00,0.0,0.0,0.0,0.0,96.3,96.3,102.07800000000002,0.0,1.4142135623730971,3.0898117641192613,-1.6310755484615953,0.4019987905764859,-2.033074339038081,26554.25
121342,TOTAL,2020-04-29,96.3,96.3,21727,2026-04-08T03:27:23.099969+00:00,0.0,0.0,0.0,0.0,96.3,96.3,101.86399999999999,0.0,1.4142135623730971,3.0898117641192613,-1.5285732211765435,0.4036008942892302,-1.9321741154657737,26861.4
121445,TOTAL,2020-04-30,96.3,96.3,2378,2026-04-08T03:27:25.479794+00:00,0.0,0.0,0.0,0.0,96.3,96.3,101.65,0.0,1.4142135623730971,3.089811764119261,-1.4308454921506382,0.40106289865210853,-1.8319083908027467,24548.55
121548,TOTAL,2020-05-04,96.3,96.3,23763,2026-04-08T03:27:30.67652+00:00,0.0,0.0,0.0,0.0,96.3,96.3,101.436,0.0,1.4142135623730971,3.089811764119261,-1.3379722515502692,0.39514891140198194,-1.7331211629522512,25054.1
121651,TOTAL,2020-05-05,96.3,96.3,21659,2026-04-08T03:27:32.997372+00:00,0.0,0.0,0.0,0.0,96.3,96.3,101.22200000000001,0.0,1.4142135623730971,3.0898117641192613,-1.2499607695807384,0.3865283146972103,-1.6364890842779487,25300.3
121754,TOTAL,2020-05-06,96.3,96.3,53533,2026-04-08T03:27:35.368243+00:00,0.0,0.0,0.0,0.0,96.3,96.3,101.00800000000001,0.0,1.4142135623730971,3.0898117641192604,-1.1667613376150996,0.3757821973302795,-1.542543534945379,27357.7
121857,TOTAL,2020-05-07,96.3,96.3,98273,2026-04-08T03:27:37.70358+00:00,0.0,0.0,0.0,0.0,96.3,96.3,100.794,0.0,1.4142135623730971,3.089811764119261,-1.0882801719711779,0.363410690379361,-1.451690862350539,32026.95
121960,TOTAL,2020-05-08,96.3,96.3,52533,2026-04-08T03:27:39.945267+00:00,0.0,0.0,0.0,0.0,96.3,96.3,100.58,0.0,1.4142135623730971,3.0898117641192613,-1.0143900259883907,0.34984066908971867,-1.3642306950781093,33801.35
122063,TOTAL,2020-05-11,96.3,96.3,45160,2026-04-08T03:27:44.543581+00:00,0.0,0.0,0.0,0.0,96.3,96.3,100.366,0.0,1.4142135623730971,3.0898117641192613,-0.9449388856772174,0.3354334475207137,-1.280372333197931,35282.95
122166,TOTAL,2020-05-12,96.3,96.3,44719,2026-04-08T03:27:46.988848+00:00,0.0,0.0,0.0,0.0,96.3,96.3,100.152,0.0,1.4142135623730971,3.0898117641192613,-0.8797570647989374,0.32049221471919487,-1.2002492795181323,37172.0
122269,TOTAL,2020-05-13,102.8,102.8,196585,2026-04-08T03:27:49.292243+00:00,6.749740394600212,0.0,0.0,0.0,97.6,96.625,100.06800000000001,1.5092878352802328,1.722289124821537,86.086792768942,-0.3001444465632659,0.7200838663638933,-1.0202283129271592,46438.85
122372,TOTAL,2020-05-14,102.8,102.8,183950,2026-04-08T03:27:51.592074+00:00,0.0,6.749740394600212,0.0,0.0,98.9,96.95,99.984,1.5092878352802328,1.722289124821537,86.08679276894199,0.15738845315486572,0.94209341286562,-0.7847049597107543,49711.35
122475,TOTAL,2020-05-19,102.8,102.8,52234,2026-04-08T03:27:58.031425+00:00,0.0,0.0,0.0,0.0,100.2,97.275,99.9,1.5092878352802328,1.722289124821537,86.08679276894199,0.5140607996217312,1.0390126074659884,-0.5249518078442572,50376.3
122578,TOTAL,2020-05-20,102.8,102.8,92336,2026-04-08T03:28:00.412443+00:00,0.0,0.0,0.0,0.0,101.5,97.6,99.816,1.5092878352802328,1.722289124821537,86.08679276894199,0.7876467029832668,1.0500788086620192,-0.2624321056787524,54902.85
122681,TOTAL,2020-05-21,102.8,102.8,29353,2026-04-08T03:28:02.829603+00:00,0.0,0.0,0.0,0.0,102.8,97.92499999999998,99.73200000000001,1.5092878352802328,1.722289124821537,86.08679276894198,0.993018602164156,1.0043605662743267,-0.011341964110170716,55067.65
122784,TOTAL,2020-05-27,102.8,102.8,189264,2026-04-08T03:28:10.17932+00:00,0.0,0.0,6.749740394600212,0.0,102.8,98.25,99.64800000000001,1.5092878352802328,1.722289124821537,86.08679276894199,1.1426060604720902,0.9231584196658087,0.21944764080628149,58803.65
122887,TOTAL,2020-05-28,102.8,102.8,20227,2026-04-08T03:28:12.484321+00:00,0.0,0.0,0.0,0.0,102.8,98.575,99.564,1.5092878352802328,1.722289124821537,86.08679276894198,1.2467830598817642,0.8218683352603862,0.424914724621378,58767.35
122990,TOTAL,2020-05-29,102.8,102.8,25130,2026-04-08T03:28:14.796152+00:00,0.0,0.0,0.0,0.0,102.8,98.9,99.48,1.5092878352802328,1.722289124821537,86.08679276894199,1.3141948621556452,0.7114241100274137,0.6027707521282315,58890.0
123093,TOTAL,2020-06-02,102.8,102.8,18126,2026-04-08T03:28:20.224588+00:00,0.0,0.0,0.0,0.0,102.8,99.225,99.396,1.5092878352802328,1.722289124821537,86.08679276894198,1.3520337971319947,0.5994104360030105,0.7526233611289842,59432.4
123196,TOTAL,2020-06-03,102.8,102.8,57534,2026-04-08T03:28:22.45251+00:00,0.0,0.0,0.0,0.0,102.8,99.54999999999998,99.31200000000001,1.5092878352802328,1.722289124821537,86.086792768942,1.3662718937985687,0.4909188261356676,0.8753530676629011,61988.85
123299,TOTAL,2020-06-04,102.8,102.8,113766,2026-04-08T03:28:24.742978+00:00,0.0,0.0,0.0,6.749740394600212,102.8,99.875,99.22800000000001,1.5092878352802328,1.722289124821537,86.08679276894198,1.36185704766784,0.38920318400395093,0.9726538636638891,67112.5
123402,TOTAL,2020-06-05,96.1,96.1,65237,2026-04-08T03:28:26.997708+00:00,-6.517509727626458,0.0,0.0,0.0,101.46,99.865,99.01,2.152528890814968,1.9489858277897496,28.746019859938592,0.8084054497287383,-0.13139873114812073,0.939804180876859,69288.0
123505,TOTAL,2020-06-08,96.1,96.1,122329,2026-04-08T03:28:31.360755+00:00,0.0,-6.517509727626458,0.0,0.0,100.11999999999999,99.85499999999999,98.792,2.152528890814968,1.9489858277897496,28.74601985993858,0.36557692769979155,-0.45938180254165406,0.8249587302414456,75285.55
123608,TOTAL,2020-06-09,96.1,96.1,48816,2026-04-08T03:28:33.545964+00:00,0.0,0.0,0.0,0.0,98.78,99.845,98.574,2.152528890814968,1.9489858277897496,28.746019859938585,0.01446538562353794,-0.6483946756943262,0.6628600613178641,76538.2
123711,TOTAL,2020-06-10,96.1,96.1,43429,2026-04-08T03:28:35.856379+00:00,0.0,0.0,0.0,0.0,97.44,99.835,98.35600000000001,2.152528890814968,1.9489858277897496,28.746019859938585,-0.2607868525914654,-0.7389175311274636,0.4781306785359982,77626.7
123814,TOTAL,2020-06-11,96.1,96.1,59538,2026-04-08T03:28:38.052531+00:00,0.0,0.0,0.0,0.0,96.1,99.82499999999999,98.138,2.152528890814968,1.9489858277897496,28.74601985993859,-0.47346838563635174,-0.76127925133788,0.28781086570152825,77926.95
123917,TOTAL,2020-06-15,96.1,96.1,51871,2026-04-08T03:28:43.437023+00:00,0.0,0.0,-6.517509727626458,0.0,96.1,99.815,97.92,2.152528890814968,1.9489858277897496,28.746019859938585,-0.6347035652511721,-0.7380115447621602,0.10330797951098816,75606.85
124020,TOTAL,2020-06-16,96.1,96.1,78624,2026-04-08T03:28:45.961134+00:00,0.0,0.0,0.0,0.0,96.1,99.80499999999999,97.70200000000001,2.152528890814968,1.9489858277897496,28.74601985993859,-0.7537943348610696,-0.6856818514976462,-0.0681124833634234,76911.4
124123,TOTAL,2020-06-17,96.1,96.1,41441,2026-04-08T03:28:48.324213+00:00,0.0,0.0,0.0,0.0,96.1,99.795,97.698,2.152528890814968,1.3403917324344297,28.746019859938585,-0.8385088200555799,-0.6163170693537252,-0.22219175070185473,76725.45
124226,TOTAL,2020-06-18,96.1,96.1,270852,2026-04-08T03:28:50.696546+00:00,0.0,0.0,0.0,0.0,96.1,99.785,97.694,2.152528890814968,1.3403917324344297,28.746019859938585,-0.8953249116460853,-0.5385065287553844,-0.3568183828907009,88032.1
124329,TOTAL,2020-06-19,97.5,97.5,354799,2026-04-08T03:28:53.406809+00:00,1.4568158168574374,0.0,0.0,0.0,96.38,99.52,97.71799999999999,1.509961906647888,1.3560309972373594,43.946164827002455,-0.817954898941835,-0.36890921284090733,-0.4490456861009277,95942.8
124432,TOTAL,2020-06-22,97.5,97.5,8147,2026-04-08T03:28:57.922359+00:00,0.0,1.4568158168574374,0.0,-6.517509727626458,96.66,99.255,97.74199999999999,1.509961906647888,1.3560309972373594,43.94616482700245,-0.7480159442710743,-0.23917620653611726,-0.508839737734957,87152.65
124535,TOTAL,2020-06-23,97.5,97.5,332709,2026-04-08T03:29:00.283028+00:00,0.0,0.0,0.0,0.0,96.93999999999998,98.99,97.766,1.509961906647888,1.3560309972373594,43.94616482700245,-0.6846960687396262,-0.14068506480373522,-0.544011003935891,101176.4
124638,TOTAL,2020-06-24,97.5,97.5,23316,2026-04-08T03:29:02.79982+00:00,0.0,0.0,0.0,0.0,97.22,98.725,97.79,1.509961906647888,1.3560309972373594,43.946164827002455,-0.6272836754458524,-0.06661813720796905,-0.5606655382378833,97725.4
124741,TOTAL,2020-06-25,97.5,97.5,10955,2026-04-08T03:29:05.076463+00:00,0.0,0.0,0.0,0.0,97.5,98.46000000000001,97.814,1.509961906647888,1.3560309972373594,43.94616482700245,-0.5751539237148791,-0.011590708381596593,-0.5635632153332825,96805.5
124844,TOTAL,2020-06-26,97.5,97.5,18685,2026-04-08T03:29:07.48598+00:00,0.0,0.0,1.4568158168574374,0.0,97.5,98.195,97.838,1.509961906647888,1.3560309972373594,43.946164827002455,-0.5277570649659395,0.028644920293874332,-0.5564019852598139,88276.55
124947,TOTAL,2020-06-29,97.5,97.5,55111,2026-04-08T03:29:11.968016+00:00,0.0,0.0,0.0,0.0,97.5,97.92999999999999,97.862,1.509961906647888,1.3560309972373594,43.94616482700245,-0.4846084483966564,0.05743482949052603,-0.5420432778871824,90020.75
125050,TOTAL,2020-06-30,97.5,97.5,22155,2026-04-08T03:29:14.28255+00:00,0.0,0.0,0.0,0.0,97.5,97.66499999999999,97.88600000000001,1.509961906647888,1.3560309972373594,43.94616482700245,-0.445279948823611,0.07741066325085721,-0.5226906120744682,89872.0
125153,TOTAL,2020-07-01,97.5,97.5,12629,2026-04-08T03:29:16.703757+00:00,0.0,0.0,0.0,0.0,97.5,97.4,97.91,1.509961906647888,1.3560309972373594,43.946164827002455,-0.4093926064364837,0.09063840451038763,-0.5000310109468713,89597.15
125256,TOTAL,2020-07-02,97.5,97.5,204608,2026-04-08T03:29:19.127663+00:00,0.0,0.0,0.0,0.0,97.5,97.135,97.934,1.509961906647888,1.3560309972373594,43.946164827002455,-0.3766102999344696,0.09873656880992143,-0.475346868744391,96950.85
125359,TOTAL,2020-07-03,97.5,97.5,38973,2026-04-08T03:29:21.544735+00:00,0.0,0.0,0.0,1.4568158168574374,97.5,96.87,97.958,1.509961906647888,1.3560309972373594,43.94616482700245,-0.34663430139374896,0.10297005388051367,-0.4496043552742626,93211.2
125462,TOTAL,2020-07-07,97.5,97.5,58931,2026-04-08T03:29:27.331532+00:00,0.0,0.0,0.0,0.0,97.5,96.94,97.98199999999999,0.3257539197190107,1.3560309972373594,43.946164827002455,-0.3191985840026632,0.10432461701727952,-0.42352320101994273,92895.9
125565,TOTAL,2020-07-08,97.5,97.5,58985,2026-04-08T03:29:29.768744+00:00,0.0,0.0,0.0,0.0,97.5,97.01,98.006,0.3257539197190107,1.3560309972373594,43.946164827002455,-0.2940657731235774,0.10356594231709226,-0.39763171544066966,89728.7
125668,TOTAL,2020-07-09,97.5,97.5,24681,2026-04-08T03:29:32.143692+00:00,0.0,0.0,0.0,0.0,97.5,97.08,98.03,0.3257539197190107,1.3560309972373594,43.94616482700245,-0.2710236475274428,0.10128645433058153,-0.3723101018580243,88521.95
125771,TOTAL,2020-07-10,97.5,97.5,100519,2026-04-08T03:29:34.521297+00:00,0.0,0.0,0.0,0.0,97.5,97.15,98.054,0.3257539197190107,1.3560309972373594,43.94616482700245,-0.24988211154725093,0.09794239224861873,-0.34782450379586966,91376.45
125874,TOTAL,2020-07-13,97.5,97.5,25664,2026-04-08T03:29:39.007126+00:00,0.0,0.0,0.0,0.0,97.5,97.22,98.07799999999999,0.3257539197190107,1.3560309972373594,43.94616482700245,-0.23047057069044286,0.09388314648434143,-0.3243537171747843,89682.75
125977,TOTAL,2020-07-14,97.5,97.5,243816,2026-04-08T03:29:41.304989+00:00,0.0,0.0,0.0,0.0,97.5,97.28999999999999,98.102,0.3257539197190107,1.3560309972373594,43.94616482700245,-0.21263565325914158,0.08937445113251419,-0.30201010439165576,99280.0
126080,TOTAL,2020-07-15,97.5,97.5,21558,2026-04-08T03:29:43.708156+00:00,0.0,0.0,0.0,0.0,97.5,97.36,98.126,0.3257539197190107,1.3560309972373594,43.94616482700244,-0.19623922902368918,0.08461670029437329,-0.28085592931806247,96426.7
126183,TOTAL,2020-07-16,97.5,97.5,46162,2026-04-08T03:29:45.979708+00:00,0.0,0.0,0.0,0.0,97.5,97.42999999999999,98.15,0.3257539197190107,1.3560309972373594,43.946164827002455,-0.18115668320930922,0.07975939688700262,-0.26091608009631184,96662.75
126286,TOTAL,2020-07-17,97.5,97.5,7288,2026-04-08T03:29:48.357101+00:00,0.0,0.0,0.0,0.0,97.5,97.5,98.17399999999999,0.3257539197190107,1.3560309972373594,43.946164827002455,-0.16727541018425995,0.07491253592964153,-0.2421879461139015,83484.55
126389,TOTAL,2020-07-20,97.5,97.5,53287,2026-04-08T03:29:52.723074+00:00,0.0,0.0,0.0,0.0,97.5,97.5,98.198,0.0,1.3560309972373594,43.94616482700245,-0.1544934964445872,0.07015555973545143,-0.22464905618003864,68408.95
126492,TOTAL,2020-07-21,97.5,97.5,81967,2026-04-08T03:29:55.035926+00:00,0.0,0.0,0.0,0.0,97.5,97.5,98.22200000000001,0.0,1.3560309972373594,43.94616482700245,-0.14271856691699725,0.06554439141043311,-0.20826295832743036,72099.95
126595,TOTAL,2020-07-23,97.5,97.5,7888,2026-04-08T03:29:58.238067+00:00,0.0,0.0,0.0,0.0,97.5,97.5,98.24600000000001,0.0,1.3560309972373594,43.946164827002455,-0.13186677236498667,0.06111694876995494,-0.1929837211349416,55858.9
126698,TOTAL,2020-07-24,97.5,97.5,46961,2026-04-08T03:30:00.541513+00:00,0.0,0.0,0.0,0.0,97.5,97.5,98.27,0.0,1.3560309972373594,43.946164827002455,-0.12186189888559795,0.05689745779947494,-0.1787593566850729,57041.15
126801,TOTAL,2020-07-27,97.5,97.5,39321,2026-04-08T03:30:04.748878+00:00,0.0,0.0,0.0,0.0,97.5,97.5,98.294,0.0,1.3560309972373594,43.94616482700245,-0.11263458320932784,0.05289981878059605,-0.1655344019899239,58459.45
126904,TOTAL,2020-07-28,87.8,87.8,237372,2026-04-08T03:30:07.286947+00:00,-9.948717948717956,0.0,0.0,0.0,95.55999999999999,97.015,98.124,2.2246009622305616,1.957569224347104,4.215301277652392,-0.8779107936258015,-0.5699011133087021,-0.3080096803170994,69393.8
127007,TOTAL,2020-07-29,87.8,87.8,53513,2026-04-08T03:30:09.725653+00:00,0.0,-9.948717948717956,0.0,0.0,93.61999999999999,96.53,97.95400000000001,2.2246009622305616,1.957569224347104,4.215301277652392,-1.4674814907483977,-0.9275774483450386,-0.5399040424033591,69313.9
127110,TOTAL,2020-08-03,87.8,87.8,116269,2026-04-08T03:30:16.711714+00:00,0.0,0.0,0.0,0.0,91.68,96.04499999999999,97.78399999999999,2.2246009622305616,1.957569224347104,4.215301277652393,-1.9126724187988913,-1.0982147011164258,-0.8144577176824656,74019.6
127213,TOTAL,2020-08-04,79.1,79.1,320247,2026-04-08T03:30:19.026905+00:00,-9.908883826879277,0.0,0.0,0.0,87.99999999999999,95.125,97.44,3.0560272637925343,2.3935298852104543,2.094284093979175,-2.93368898728518,-1.6953850156821715,-1.2383039716030084,89400.5
127316,TOTAL,2020-08-05,79.1,79.1,12075,2026-04-08T03:30:21.509999+00:00,0.0,-9.908883826879277,0.0,0.0,84.32000000000001,94.205,97.096,3.0560272637925343,2.3935298852104543,2.094284093979175,-3.7001983900902786,-1.969515534789816,-1.7306828553004627,79773.85
127419,TOTAL,2020-08-06,79.1,79.1,6737,2026-04-08T03:30:23.823287+00:00,0.0,0.0,-9.948717948717956,0.0,82.58,93.285,96.62199999999999,3.0560272637925343,2.1634476627969645,2.0942840939791756,-4.258572441973584,-2.022311669338497,-2.236260772635087,78162.05
127522,TOTAL,2020-08-07,79.1,79.1,10735,2026-04-08T03:30:26.221973+00:00,0.0,0.0,0.0,0.0,80.84,92.365,96.14800000000001,3.0560272637925343,2.1634476627969645,2.0942840939791756,-4.647514249665932,-1.9290027816246758,-2.718511468041256,75752.25
127625,TOTAL,2020-08-10,79.1,79.1,84843,2026-04-08T03:30:31.080726+00:00,0.0,0.0,0.0,0.0,79.1,91.445,95.67399999999999,3.0560272637925343,2.1634476627969645,2.0942840939791756,-4.899277611821859,-1.744612915024482,-3.1546646967973766,77045.15
127728,TOTAL,2020-08-11,79.1,79.1,35705,2026-04-08T03:30:33.557314+00:00,0.0,0.0,-9.908883826879277,0.0,79.1,90.525,95.2,3.0560272637925343,2.1634476627969645,2.094284093979175,-5.040695885740931,-1.508824951154843,-3.5318709345860877,77596.35
127831,TOTAL,2020-08-12,80.0,80.0,173881,2026-04-08T03:30:35.989363+00:00,1.137800252844512,0.0,0.0,0.0,79.28,89.65,94.744,3.0859273832618634,2.17475104390713,9.447031017899059,-5.022254979144876,-1.1923072356470303,-3.8299477434978453,81264.45
127934,TOTAL,2020-08-13,80.0,80.0,109966,2026-04-08T03:30:38.402702+00:00,0.0,1.137800252844512,0.0,-9.948717948717956,79.46000000000001,88.775,94.288,3.0859273832618634,2.17475104390713,9.447031017899057,-4.950573300425518,-0.8965004455421379,-4.05407285488338,85479.55
128037,TOTAL,2020-08-14,80.0,80.0,14103,2026-04-08T03:30:40.738296+00:00,0.0,0.0,0.0,0.0,79.64,87.9,93.83200000000001,3.0859273832618634,2.17475104390713,9.447031017899057,-4.83799565128156,-0.6271382371185439,-4.210857414163016,73993.9
128140,TOTAL,2020-08-17,80.0,80.0,25719,2026-04-08T03:30:45.179846+00:00,0.0,0.0,0.0,0.0,79.82000000000001,87.025,93.376,3.0859273832618634,2.17475104390713,9.447031017899057,-4.694659935840775,-0.3870420173422069,-4.307617918498568,74201.95
128243,TOTAL,2020-08-18,80.0,80.0,59908,2026-04-08T03:30:47.750292+00:00,0.0,0.0,0.0,-9.908883826879277,80.0,86.15,92.92,3.0859273832618634,2.17475104390713,9.447031017899059,-4.528859475756505,-0.176993245806349,-4.351866229950156,74889.25
128346,TOTAL,2020-08-19,80.0,80.0,8224,2026-04-08T03:30:50.260611+00:00,0.0,0.0,1.137800252844512,0.0,80.0,85.275,92.464,3.0859273832618634,2.17475104390713,9.447031017899059,-4.347347896194691,0.003614667004372407,-4.350962563199063,74936.05
128449,TOTAL,2020-08-20,80.0,80.0,20469,2026-04-08T03:30:52.728097+00:00,0.0,0.0,0.0,0.0,80.0,84.4,92.008,3.0859273832618634,2.17475104390713,9.447031017899057,-4.155595543020112,0.15629361614316117,-4.3118891591632735,73295.15
128552,TOTAL,2020-08-21,80.0,80.0,46062,2026-04-08T03:30:55.129893+00:00,0.0,0.0,0.0,0.0,80.0,83.525,91.686,3.0859273832618634,1.9929449839714595,9.447031017899057,-3.958005003717858,0.28310732435633224,-4.24111232807419,71499.9
128655,TOTAL,2020-08-24,80.0,80.0,19836,2026-04-08T03:30:59.50528+00:00,0.0,0.0,0.0,0.0,80.0,82.65,91.36399999999999,3.0859273832618634,1.9929449839714595,9.447031017899057,-3.7580921310027833,0.3864161576571252,-4.1445082886599085,72097.3
128758,TOTAL,2020-08-25,80.0,80.0,19105,2026-04-08T03:31:01.97181+00:00,0.0,0.0,0.0,0.0,80.0,81.775,91.042,3.0859273832618634,1.9929449839714595,9.447031017899057,-3.558637975673278,0.4686962503893044,-4.027334226062583,70704.5
128861,TOTAL,2020-08-26,80.0,80.0,21548,2026-04-08T03:31:04.340397+00:00,0.0,0.0,0.0,1.137800252844512,80.0,80.9,90.72,3.0859273832618634,1.9929449839714595,9.447031017899056,-3.3618161961339297,0.5324144239429227,-3.8942306200768524,69815.85
128964,TOTAL,2020-08-27,80.0,80.0,3716,2026-04-08T03:31:06.825032+00:00,0.0,0.0,0.0,0.0,80.0,80.51,90.398,2.2435166563236058,1.9929449839714595,9.447031017899057,-3.169299802521806,0.5799446540440374,-3.7492444565658434,58133.05
129067,TOTAL,2020-08-28,80.0,80.0,12229,2026-04-08T03:31:10.050623+00:00,0.0,0.0,0.0,0.0,80.0,80.12,90.07600000000001,2.2435166563236058,1.9929449839714595,9.447031017899056,-2.9823504935376945,0.6135151704225192,-3.595865663960214,56068.85
129170,TOTAL,2020-08-31,80.0,80.0,7972,2026-04-08T03:31:14.574397+00:00,0.0,0.0,0.0,0.0,80.0,79.73,89.75399999999999,2.2435166563236058,1.9929449839714595,9.447031017899056,-2.8018933369998535,0.6351778615682884,-3.437071198568142,50654.0
129273,TOTAL,2020-09-01,80.0,80.0,2307,2026-04-08T03:31:16.859057+00:00,0.0,0.0,0.0,0.0,80.0,79.775,89.432,0.2544198710176737,1.9929449839714595,9.447031017899056,-2.628579116498713,0.6467936656555433,-3.2753727821542564,34757.0
129376,TOTAL,2020-09-02,80.0,80.0,20044,2026-04-08T03:31:19.223829+00:00,0.0,0.0,0.0,0.0,80.0,79.82000000000001,89.11,0.2544198710176737,1.9929449839714595,9.447031017899054,-2.4628363042371433,0.6500291823336908,-3.112865486570834,35155.45
129479,TOTAL,2020-09-03,80.0,80.0,34886,2026-04-08T03:31:21.580357+00:00,0.0,0.0,0.0,0.0,80.0,79.865,88.76,0.2544198710176737,1.9766439169795509,9.447031017899054,-2.304914313955436,0.646360938092319,-2.951275252047755,36562.9
129582,TOTAL,2020-09-04,80.0,80.0,21483,2026-04-08T03:31:24.095323+00:00,0.0,0.0,0.0,0.0,80.0,79.91,88.41,0.2544198710176737,1.9766439169795509,9.447031017899056,-2.1549194291027476,0.6370846583560064,-2.792004087458754,37100.3
129685,TOTAL,2020-09-07,80.0,80.0,47428,2026-04-08T03:31:29.028072+00:00,0.0,0.0,0.0,0.0,80.0,79.95500000000001,88.06,0.2544198710176737,1.9766439169795509,9.447031017899054,-2.0128445828038934,0.6233276037238888,-2.6361721865277823,35229.55
129788,TOTAL,2020-09-08,80.0,80.0,10418,2026-04-08T03:31:31.696694+00:00,0.0,0.0,0.0,0.0,80.0,80.0,87.71,0.2544198710176737,1.9766439169795509,9.447031017899056,-1.878593981483661,0.6060625640352972,-2.484656545518958,33965.2
129891,TOTAL,2020-09-09,80.0,80.0,64977,2026-04-08T03:31:34.222499+00:00,0.0,0.0,0.0,0.0,80.0,80.0,87.36,0.0,1.9766439169795509,9.447031017899054,-1.7520034080107365,0.5861225100065774,-2.338125918017314,28520.0
129994,TOTAL,2020-09-10,80.0,80.0,9778,2026-04-08T03:31:36.666154+00:00,0.0,0.0,0.0,0.0,80.0,80.0,87.01,0.0,1.9766439169795509,9.447031017899054,-1.6328569084748494,0.5642152076339717,-2.197072116108821,23510.6
130097,TOTAL,2020-09-11,80.0,80.0,168,2026-04-08T03:31:39.224755+00:00,0.0,0.0,0.0,0.0,80.0,80.0,86.66,0.0,1.9766439169795509,9.447031017899054,-1.5209004554655223,0.540937328514639,-2.0618377839801614,22813.85
130200,TOTAL,2020-09-14,80.0,80.0,31333,2026-04-08T03:31:43.669625+00:00,0.0,0.0,0.0,0.0,80.0,80.0,86.31,0.0,1.9766439169795509,9.447031017899054,-1.4158530868061945,0.5167877577391737,-1.9326408445453682,23094.55
130303,TOTAL,2020-09-15,80.0,80.0,35978,2026-04-08T03:31:46.096824+00:00,0.0,0.0,0.0,0.0,80.0,80.0,85.96,0.0,1.9766439169795509,9.447031017899054,-1.3174159394314415,0.49217992409114153,-1.809595863522583,21898.05
130406,TOTAL,2020-09-16,80.0,80.0,241655,2026-04-08T03:31:48.62473+00:00,0.0,0.0,0.0,0.0,80.0,80.0,85.61,0.0,1.9766439169795509,9.447031017899056,-1.2252795312098357,0.4674530658501981,-1.6927325970600338,33569.6
130509,TOTAL,2020-09-17,80.0,80.0,6603,2026-04-08T03:31:51.120615+00:00,0.0,0.0,0.0,0.0,80.0,80.0,85.26,0.0,1.9766439169795509,9.447031017899056,-1.1391295870907925,0.442882407975393,-1.5820119950661855,32876.3
130612,TOTAL,2020-09-18,80.0,80.0,47718,2026-04-08T03:31:53.500222+00:00,0.0,0.0,0.0,0.0,80.0,80.0,84.91,0.0,1.9766439169795509,9.447031017899056,-1.0586516583697119,0.4186882693571792,-1.477339927726891,32959.1
130715,TOTAL,2020-09-21,80.0,80.0,35169,2026-04-08T03:31:57.915353+00:00,0.0,0.0,0.0,0.0,80.0,80.0,84.56,0.0,1.9766439169795509,9.447031017899056,-0.9835347437492743,0.3950441471820936,-1.3785788909313679,33725.75
130818,TOTAL,2020-09-22,80.0,80.0,73697,2026-04-08T03:32:00.361616+00:00,0.0,0.0,0.0,0.0,80.0,80.0,84.21,0.0,1.9766439169795509,9.447031017899054,-0.9134740870665894,0.37208384309182274,-1.2855579301584121,36455.35
130921,TOTAL,2020-09-23,80.0,80.0,63284,2026-04-08T03:32:02.667296+00:00,0.0,0.0,0.0,0.0,80.0,80.0,83.86,0.0,1.9766439169795509,9.447031017899054,-0.8481732980751389,0.34990770566661866,-1.1980810037417575,38542.15
131024,TOTAL,2020-09-24,80.0,80.0,943393,2026-04-08T03:32:05.077899+00:00,0.0,0.0,0.0,0.0,80.0,80.0,83.51,0.0,1.9766439169795509,9.447031017899056,-0.7873459186878051,0.3285880680431621,-1.1159339867309672,85526.0
131127,TOTAL,2020-09-25,80.0,80.0,28062,2026-04-08T03:32:07.472813+00:00,0.0,0.0,0.0,0.0,80.0,80.0,83.16,0.0,1.9766439169795509,9.447031017899056,-0.7307165369035715,0.30817395986191665,-1.0388904967654882,86317.65
131230,TOTAL,2020-09-28,88.0,88.0,217622,2026-04-08T03:32:12.542607+00:00,10.000000000000009,0.0,0.0,0.0,81.6,80.4,82.97,2.2360679774997916,2.461693701669737,89.59358259945469,-0.039844895483980736,0.7992364810252061,-0.8390813765091868,96800.15
131333,TOTAL,2020-09-29,88.0,88.0,95771,2026-04-08T03:32:14.948969+00:00,0.0,10.000000000000009,0.0,0.0,83.2,80.8,82.78,2.2360679774997916,2.461693701669737,89.59358259945469,0.5018903779414359,1.0727774035604982,-0.5708870256190623,101473.35
131436,TOTAL,2020-09-30,96.8,96.8,229026,2026-04-08T03:32:17.368144+00:00,9.999999999999986,0.0,0.0,0.0,86.55999999999999,81.64,82.766,3.0779350562554613,2.851511517439024,95.11236317427547,1.6226015992526328,1.754790899897356,-0.13218930064472328,111922.45
131539,TOTAL,2020-10-02,96.8,96.8,17829,2026-04-08T03:32:21.009688+00:00,0.0,9.999999999999986,0.0,0.0,89.91999999999999,82.47999999999999,82.75200000000001,3.0779350562554613,2.851511517439024,95.11236317427547,2.48216051510326,2.0914798525983866,0.3906806625048734,111069.6
131642,TOTAL,2020-10-05,96.8,96.8,111549,2026-04-08T03:32:25.669514+00:00,0.0,0.0,0.0,0.0,93.28,83.32,82.738,3.0779350562554613,2.851511517439024,95.11236317427547,3.1273173806260814,2.1893093744969665,0.9380080061291151,115572.9
131745,TOTAL,2020-10-06,96.8,96.8,85051,2026-04-08T03:32:28.151061+00:00,0.0,0.0,10.000000000000009,0.0,95.03999999999999,84.16,82.72399999999999,3.0779350562554613,2.851511517439024,95.11236317427547,3.5971432167977895,2.1273081685349395,1.46983504826285,117454.05
131848,TOTAL,2020-10-07,96.8,96.8,130494,2026-04-08T03:32:30.62441+00:00,0.0,0.0,0.0,0.0,96.8,85.0,82.71,3.0779350562554613,2.851511517439024,95.11236317427547,3.924247296797887,1.9635297988280296,1.9607174979698574,123457.85
131951,TOTAL,2020-10-08,96.8,96.8,144930,2026-04-08T03:32:32.995223+00:00,0.0,0.0,9.999999999999986,0.0,96.8,85.84,82.696,3.0779350562554613,2.851511517439024,95.11236317427547,4.1358046552390135,1.7400697258153248,2.3957349294236887,127455.5
132054,TOTAL,2020-10-09,102.0,102.0,329960,2026-04-08T03:32:35.453646+00:00,5.371900826446274,0.0,0.0,0.0,97.84,86.94,82.98,3.217310505701297,2.566766185618839,96.7171607870103,4.669237860225749,1.8188023446416484,2.850435515584101,143464.6
132157,TOTAL,2020-10-12,102.0,102.0,10895,2026-04-08T03:32:39.836845+00:00,0.0,5.371900826446274,0.0,0.0,98.88,88.03999999999999,83.264,3.217310505701297,2.566766185618839,96.71716078701029,5.03395917056892,1.7468189239878553,3.287140246581065,144000.95
132260,TOTAL,2020-10-13,102.0,102.0,45087,2026-04-08T03:32:42.883097+00:00,0.0,0.0,0.0,10.000000000000009,99.91999999999999,89.14,83.54799999999999,3.217310505701297,2.566766185618839,96.7171607870103,5.26234242886548,1.580161745827532,3.682180683037948,144688.65
132363,TOTAL,2020-10-14,102.0,102.0,242227,2026-04-08T03:32:45.313484+00:00,0.0,0.0,0.0,0.0,100.96,90.24,84.006,3.217310505701297,2.100032180891815,96.7171607870103,5.38130546680307,1.359299827012098,4.022005639790972,155001.1
132466,TOTAL,2020-10-15,102.0,102.0,64304,2026-04-08T03:32:47.672181+00:00,0.0,0.0,0.0,9.999999999999986,102.0,91.34,84.464,3.217310505701297,2.100032180891815,96.7171607870103,5.413184707730778,1.112943254351844,4.300241453378934,146133.55
132569,TOTAL,2020-10-16,112.2,112.2,135192,2026-04-08T03:32:50.112843+00:00,10.000000000000009,0.0,5.371900826446274,0.0,104.04,92.95,85.12599999999999,3.743757963424457,2.4887204418505875,98.30161129713824,6.190147820050441,1.5119250933372053,4.678222726713236,152563.0
132672,TOTAL,2020-10-19,112.2,112.2,52272,2026-04-08T03:32:54.594352+00:00,0.0,10.000000000000009,0.0,0.0,106.08,94.55999999999999,85.78800000000001,3.743757963424457,2.4887204418505875,98.30161129713824,6.728336608106588,1.6400911051146814,5.0882455029919065,152790.7
132775,TOTAL,2020-10-20,112.2,112.2,56046,2026-04-08T03:32:57.288568+00:00,0.0,0.0,0.0,0.0,108.12,96.16999999999999,86.45,3.743757963424457,2.4887204418505875,98.30161129713824,7.073318289824556,1.5880582294661192,5.485260060358437,153834.55
132878,TOTAL,2020-10-21,112.2,112.2,77372,2026-04-08T03:32:59.679627+00:00,0.0,0.0,0.0,0.0,110.16000000000001,97.78,87.11200000000001,3.743757963424457,2.4887204418505875,98.30161129713822,7.262995467354884,1.4221883255971575,5.840807141757726,154018.3
132981,TOTAL,2020-10-22,112.2,112.2,42157,2026-04-08T03:33:02.194874+00:00,0.0,0.0,0.0,0.0,112.2,99.39,87.756,3.743757963424457,2.4901188035245303,98.30161129713824,7.328833763512776,1.1904212974040398,6.138412466108736,152961.95
133084,TOTAL,2020-10-23,112.2,112.2,19147,2026-04-08T03:33:04.540232+00:00,0.0,0.0,10.000000000000009,5.371900826446274,112.2,101.0,88.4,3.743757963424457,2.4901188035245303,98.30161129713824,7.296897001089334,0.9267876279844778,6.370109373104857,106749.65
133187,TOTAL,2020-10-26,112.2,112.2,344334,2026-04-08T03:33:08.964122+00:00,0.0,0.0,0.0,0.0,112.2,102.60999999999999,89.04400000000001,3.743757963424457,2.4901188035245303,98.30161129713824,7.188719799748014,0.6548883413145257,6.533831458433489,122563.25
133290,TOTAL,2020-10-27,112.2,112.2,155385,2026-04-08T03:33:12.04516+00:00,0.0,0.0,0.0,0.0,112.2,103.82000000000001,89.68800000000002,3.2173105057012976,2.4901188035245303,98.30161129713824,7.02204284941223,0.3905691127829929,6.631473736629237,119451.4
133393,TOTAL,2020-10-28,118.9,118.9,1250146,2026-04-08T03:33:14.504918+00:00,5.971479500891275,0.0,0.0,0.0,113.54,105.36499999999998,90.46600000000001,3.366987654155943,2.5964276242125277,98.92067324236673,7.345905149298289,0.5715451301352417,6.774360019163048,177170.15
133496,TOTAL,2020-10-30,129.9,129.9,519229,2026-04-08T03:33:18.13889+00:00,9.251471825063074,5.971479500891275,0.0,0.0,117.08,107.02000000000001,91.46400000000001,3.27111254160699,2.8532431799842657,99.34366099677565,8.393422277137262,1.2952498063793705,7.098172470757891,191680.3
133599,TOTAL,2020-11-02,129.9,129.9,23834,2026-04-08T03:33:22.589733+00:00,0.0,9.251471825063074,0.0,10.000000000000009,120.62,108.675,92.462,3.27111254160699,2.8532431799842657,99.34366099677564,9.118475043653419,1.6162420583164216,7.502232985336997,191980.55
133702,TOTAL,2020-11-03,129.9,129.9,137703,2026-04-08T03:33:24.936567+00:00,0.0,0.0,0.0,0.0,124.16,110.33,93.46,3.27111254160699,2.8532431799842657,99.34366099677565,9.58262208244922,1.6643112776897775,7.918310804759442,193288.25
133805,TOTAL,2020-11-04,129.9,129.9,45449,2026-04-08T03:33:27.402012+00:00,0.0,0.0,0.0,0.0,127.7,111.98500000000001,94.45800000000001,3.27111254160699,2.8532431799842657,99.34366099677565,9.837066376862452,1.5350044576824082,8.302061919180044,191308.15
133908,TOTAL,2020-11-05,129.9,129.9,253459,2026-04-08T03:33:29.791139+00:00,0.0,0.0,5.971479500891275,0.0,129.9,113.64000000000001,95.456,3.27111254160699,2.8532431799842657,99.34366099677565,9.924313999244774,1.2978016640517822,8.626512335192992,197456.4
134011,TOTAL,2020-11-06,129.9,129.9,82388,2026-04-08T03:33:32.190465+00:00,0.0,0.0,9.251471825063074,0.0,129.9,115.295,96.45400000000001,3.27111254160699,2.8532431799842657,99.34366099677565,9.879572803114172,1.0024483743369448,8.877124428777227,194329.3
134114,TOTAL,2020-11-09,129.9,129.9,125294,2026-04-08T03:33:36.944942+00:00,0.0,0.0,0.0,0.0,129.9,116.69000000000001,97.45200000000001,3.157600977090441,2.8532431799842657,99.34366099677565,9.731931435170097,0.6838456051142945,9.048085830055802,184096.0
134218,TOTAL,2020-11-10,129.9,129.9,21680,2026-04-08T03:33:39.328014+00:00,0.0,0.0,0.0,0.0,129.9,118.08500000000001,98.45,3.157600977090441,2.8532431799842657,99.34366099677565,9.505352797206271,0.3658135737203736,9.139539223485897,184635.25
134322,TOTAL,2020-11-11,129.9,129.9,22638,2026-04-08T03:33:41.646704+00:00,0.0,0.0,0.0,0.0,129.9,119.48000000000002,99.44800000000001,3.157600977090441,2.8532431799842657,99.34366099677565,9.219510812508616,0.06397727121817454,9.155533541290442,183512.8
134426,TOTAL,2020-11-12,129.9,129.9,42157,2026-04-08T03:33:44.075825+00:00,0.0,0.0,0.0,5.971479500891275,129.9,120.87500000000003,100.446,3.157600977090441,2.8532431799842657,99.34366099677565,8.890494889312365,-0.21203092158246228,9.102525810894827,173509.3
134530,TOTAL,2020-11-13,129.9,129.9,46974,2026-04-08T03:33:46.660663+00:00,0.0,0.0,0.0,9.251471825063074,129.9,122.27000000000001,101.44400000000002,3.157600977090441,2.8532431799842657,99.34366099677565,8.531402700035372,-0.456898488687564,8.988301188722936,172642.8
134634,TOTAL,2020-11-16,129.9,129.9,16508,2026-04-08T03:33:51.206328+00:00,0.0,0.0,0.0,0.0,129.9,123.155,102.44200000000001,2.402426251739356,2.8532431799842657,99.34366099677565,8.152838703307992,-0.6683699883319552,8.821208691639947,166708.6
134738,TOTAL,2020-11-17,129.9,129.9,120643,2026-04-08T03:33:53.594986+00:00,0.0,0.0,0.0,0.0,129.9,124.04,103.44,2.402426251739356,2.8532431799842657,99.34366099677565,7.763333136603521,-0.8463004440291417,8.609633580632662,170127.15
134842,TOTAL,2020-11-18,129.9,129.9,198565,2026-04-08T03:33:56.053488+00:00,0.0,0.0,0.0,0.0,129.9,124.925,104.43800000000002,2.402426251739356,2.8532431799842657,99.34366099677565,7.36969392466581,-0.9919517247734824,8.361645649439293,177253.1
134946,TOTAL,2020-11-19,129.9,129.9,240414,2026-04-08T03:33:58.535588+00:00,0.0,0.0,0.0,0.0,129.9,125.81000000000002,105.436,2.402426251739356,2.8532431799842657,99.34366099677565,6.977302018735514,-1.1074749045630234,8.084776923298538,185405.2
135050,TOTAL,2020-11-20,129.9,129.9,88989,2026-04-08T03:34:01.033528+00:00,0.0,0.0,0.0,0.0,129.9,126.69500000000001,106.43400000000001,2.402426251739356,2.8532431799842657,99.34366099677564,6.590359049488299,-1.195534299048191,7.78589334853649,187746.8
135154,TOTAL,2020-11-23,129.9,129.9,120791,2026-04-08T03:34:05.446005+00:00,0.0,0.0,0.0,0.0,129.9,127.58,107.432,2.402426251739356,2.8532431799842657,99.34366099677565,6.212094796665113,-1.2590388414971017,7.471133638162215,192829.0
135258,TOTAL,2020-11-24,129.9,129.9,61863,2026-04-08T03:34:07.827748+00:00,0.0,0.0,0.0,0.0,129.9,128.465,108.43000000000002,2.402426251739356,2.8532431799842657,99.34366099677565,5.844940811727696,-1.3009542611476155,7.1458950728753114,178705.45
135362,TOTAL,2020-11-25,130.0,130.0,104724,2026-04-08T03:34:10.273596+00:00,0.07698229407235857,0.0,0.0,0.0,129.92000000000002,129.355,109.43000000000002,2.401203932616436,2.8527067239795203,99.35241890974177,5.498652751600318,-1.3177938570199954,6.816446608620313,176172.4
135466,TOTAL,2020-11-26,130.0,130.0,50940,2026-04-08T03:34:12.878043+00:00,0.0,0.07698229407235857,0.0,0.0,129.94,129.91000000000003,110.43000000000002,2.067857451959901,2.8527067239795203,99.35241890974177,5.164681732963757,-1.321411900525245,6.486093633489002,116212.1
135570,TOTAL,2020-11-27,130.0,130.0,2798,2026-04-08T03:34:15.660625+00:00,0.0,0.0,0.0,0.0,129.96,129.91500000000002,111.43000000000002,0.017213764260967334,2.8527067239795203,99.35241890974179,4.844166755593648,-1.3135415023162844,6.157708257909932,90390.55
135674,TOTAL,2020-11-30,130.0,130.0,2702,2026-04-08T03:34:20.595268+00:00,0.0,0.0,0.0,0.0,129.98000000000002,129.92000000000002,112.43000000000002,0.017213764260967334,2.8527067239795203,99.35241890974177,4.537846853031951,-1.295889123902386,5.833735976934337,89333.95
135778,TOTAL,2020-12-01,130.0,130.0,1198,2026-04-08T03:34:22.915781+00:00,0.0,0.0,0.0,0.0,130.0,129.925,113.43000000000002,0.017213764260967334,2.8527067239795203,99.35241890974179,4.2461392729277065,-1.2700773632053046,5.516216636133011,82508.7
135881,TOTAL,2020-12-02,130.0,130.0,59739,2026-04-08T03:34:25.200893+00:00,0.0,0.0,0.07698229407235857,0.0,130.0,129.93,114.43000000000002,0.017213764260967334,2.8527067239795203,99.35241890974177,3.969204396516375,-1.237609791693309,5.206814188209684,83223.2
135983,TOTAL,2020-12-03,130.0,130.0,61303,2026-04-08T03:34:27.500503+00:00,0.0,0.0,0.0,0.0,130.0,129.935,115.43000000000002,0.017213764260967334,2.8527067239795203,99.35241890974179,3.706999528712416,-1.1998517275978147,4.9068512563102304,73615.4
136085,TOTAL,2020-12-04,130.0,130.0,144,2026-04-08T03:34:29.754666+00:00,0.0,0.0,0.0,0.0,130.0,129.94,116.43000000000002,0.017213764260967334,2.8527067239795203,99.35241890974177,3.45932335560434,-1.1580223205647124,4.617345676169053,69503.2
136189,TOTAL,2020-12-07,130.0,130.0,19845,2026-04-08T03:34:34.092506+00:00,0.0,0.0,0.0,0.0,130.0,129.945,117.43000000000002,0.017213764260967334,2.8527067239795203,99.35241890974176,3.2258525834472493,-1.113194474177443,4.3390470576246924,64230.75
136293,TOTAL,2020-12-08,130.0,130.0,46855,2026-04-08T03:34:36.413898+00:00,0.0,0.0,0.0,0.0,130.0,129.95,118.43000000000002,0.017213764260967334,2.8527067239795203,99.35241890974177,3.0061720345099587,-1.0663000184917868,4.0724720530017455,65489.5
136397,TOTAL,2020-12-09,130.0,130.0,53403,2026-04-08T03:34:38.741358+00:00,0.0,0.0,0.0,0.07698229407235857,130.0,129.95499999999998,119.27000000000002,0.017213764260967334,2.543609763330691,99.35241890974177,2.799799273553276,-1.0181382235587755,3.8179374971120517,67027.75
136501,TOTAL,2020-12-10,130.0,130.0,40682,2026-04-08T03:34:41.210459+00:00,0.0,0.0,0.0,0.0,130.0,129.95999999999998,120.11000000000001,0.017213764260967334,2.543609763330691,99.35241890974176,2.6062046685467237,-0.9693862628522623,3.575590931398986,66954.0
136605,TOTAL,2020-12-11,130.0,130.0,800290,2026-04-08T03:34:43.516271+00:00,0.0,0.0,0.0,0.0,130.0,129.965,120.77400000000002,0.017213764260967334,2.1726327232469007,99.35241890974177,2.424827645609426,-0.9206106286316484,3.3454382742410744,104619.8
136710,TOTAL,2020-12-14,130.0,130.0,184791,2026-04-08T03:34:47.752987+00:00,0.0,0.0,0.0,0.0,130.0,129.97,121.43800000000002,0.017213764260967334,2.1726327232469007,99.35241890974179,2.255089776976405,-0.8722787978117359,3.127368574788141,113033.95
136815,TOTAL,2020-12-15,130.0,130.0,76398,2026-04-08T03:34:50.014046+00:00,0.0,0.0,0.0,0.0,130.0,129.975,122.102,0.017213764260967334,2.1726327232469007,99.35241890974177,2.0964052385661915,-0.8247706689775596,2.921175907543751,110821.7
136920,TOTAL,2020-12-16,130.0,130.0,6316,2026-04-08T03:34:52.260784+00:00,0.0,0.0,0.0,0.0,130.0,129.98,122.766,0.017213764260967334,2.1726327232469007,99.35241890974179,1.948189087520376,-0.7783894560186999,2.726578543539076,101209.25
137025,TOTAL,2020-12-17,130.0,130.0,7271,2026-04-08T03:34:54.700208+00:00,0.0,0.0,0.0,0.0,130.0,129.98499999999999,123.43000000000002,0.017213764260967334,2.1726327232469007,99.35241890974177,1.8098637374130533,-0.7333718449008182,2.5432355823138715,89552.1
137130,TOTAL,2020-12-18,130.0,130.0,14043,2026-04-08T03:34:57.404383+00:00,0.0,0.0,0.0,0.0,130.0,129.99,124.09400000000001,0.017213764260967334,2.1726327232469007,99.35241890974177,1.6808639475863458,-0.6898973077820205,2.3707612553683663,85804.8
137235,TOTAL,2020-12-21,130.0,130.0,136576,2026-04-08T03:35:01.74156+00:00,0.0,0.0,0.0,0.0,130.0,129.995,124.65400000000001,0.017213764260967334,2.0625548443396875,99.35241890974177,1.560640591481814,-0.6480965311092421,2.208737122591056,86594.05
137340,TOTAL,2020-12-22,130.0,130.0,5697,2026-04-08T03:35:04.087051+00:00,0.0,0.0,0.0,0.0,130.0,130.0,125.21400000000001,0.017213764260967334,2.0625548443396875,99.35241890974179,1.4486634254001274,-0.6080589577527431,2.0567223831528705,83785.75
137445,TOTAL,2020-12-23,130.0,130.0,8843,2026-04-08T03:35:06.465463+00:00,0.0,0.0,0.0,0.0,130.0,130.0,125.77400000000002,0.0,2.0625548443396875,99.35241890974177,1.344423042568053,-0.5698394724678542,1.9142625150359072,78991.7
137550,TOTAL,2020-12-24,130.0,130.0,3778,2026-04-08T03:35:08.859517+00:00,0.0,0.0,0.0,0.0,130.0,130.0,126.33400000000002,0.0,2.0625548443396875,99.35241890974177,1.2474321666446997,-0.533464278712966,1.7808964453576657,76633.6
137655,TOTAL,2020-12-29,130.0,130.0,18845,2026-04-08T03:35:15.710612+00:00,0.0,0.0,0.0,0.0,130.0,130.0,126.89400000000002,0.0,2.0625548443396875,99.35241890974179,1.1572264129538326,-0.49893602592306663,1.6561624388768992,77435.95
137760,TOTAL,2020-12-30,130.0,130.0,9479,2026-04-08T03:35:18.332825+00:00,0.0,0.0,0.0,0.0,130.0,130.0,127.25000000000001,0.0,1.5424104198349577,99.35241890974179,1.0733646240170458,-0.4662382518878827,1.5396028759049285,77774.8
137865,TOTAL,2020-12-31,130.0,130.0,11756,2026-04-08T03:35:20.721524+00:00,0.0,0.0,0.0,0.0,130.0,130.0,127.60600000000001,0.0,1.5424104198349577,99.35241890974179,0.9954288677387524,-0.4353392065329409,1.4307680742716933,78302.7
137970,TOTAL,2021-01-04,130.0,130.0,5046,2026-04-08T03:35:26.376094+00:00,0.0,0.0,0.0,0.0,130.0,130.0,127.962,0.0,1.5424104198349577,99.35241890974177,0.9230241713071621,-0.4061951223716249,1.329219293678787,75568.05
138075,TOTAL,2021-01-05,130.0,130.0,27543,2026-04-08T03:35:29.033034+00:00,0.0,0.0,0.0,0.0,130.0,130.0,128.318,0.0,1.5424104198349577,99.35241890974177,0.8557780510680857,-0.378752994088561,1.2345310451566467,73880.05
138180,TOTAL,2021-01-06,130.0,130.0,25712,2026-04-08T03:35:31.424152+00:00,0.0,0.0,0.0,0.0,130.0,130.0,128.674,0.0,1.5424104198349577,99.35241890974177,0.7933398879056597,-0.3529529258007895,1.1462928137064492,75158.45
138285,TOTAL,2021-01-07,130.0,130.0,4583,2026-04-08T03:35:34.042283+00:00,0.0,0.0,0.0,0.0,130.0,130.0,129.03000000000003,0.0,1.5424104198349577,99.35241890974179,0.7353801886997076,-0.3287301000053935,1.064110288705101,74395.35
138390,TOTAL,2021-01-08,143.0,143.0,167479,2026-04-08T03:35:36.489888+00:00,10.000000000000009,0.0,0.0,0.0,132.6,130.65,129.64600000000002,2.2360679774997916,2.0625548443396875,99.95921757598978,1.718626803980527,0.5236132122203407,1.1950135917601863,80426.55
138495,TOTAL,2021-01-11,143.0,143.0,106485,2026-04-08T03:35:41.134484+00:00,0.0,10.000000000000009,0.0,0.0,135.2,131.3,130.262,2.2360679774997916,2.0625548443396875,99.95921757598978,2.4693912255938812,1.0195021070669559,1.4498891185269254,83080.65
138600,TOTAL,2021-01-12,143.0,143.0,36663,2026-04-08T03:35:43.444525+00:00,0.0,0.0,0.0,0.0,137.8,131.95,130.74400000000003,2.2360679774997916,1.9066150924696874,99.95921757598978,3.0294557584750805,1.263653311958524,1.7658024465165565,82879.7
138705,TOTAL,2021-01-13,143.0,143.0,5575,2026-04-08T03:35:45.752573+00:00,0.0,0.0,0.0,0.0,140.4,132.6,131.006,2.2360679774997916,1.414033273505838,99.9592175759898,3.433729044823906,1.3343412786458795,2.0993877661780265,43143.95
138810,TOTAL,2021-01-14,143.0,143.0,118626,2026-04-08T03:35:48.266873+00:00,0.0,0.0,0.0,0.0,143.0,133.25,131.268,2.2360679774997916,1.414033273505838,99.9592175759898,3.71133655925874,1.2895590344645704,2.4217775247941695,39835.7
138915,TOTAL,2021-01-15,143.0,143.0,26107,2026-04-08T03:35:50.536305+00:00,0.0,0.0,10.000000000000009,0.0,143.0,133.9,131.53000000000003,2.2360679774997916,1.414033273505838,99.95921757598978,3.8865408904056267,1.1718106924891654,2.7147301979164613,37321.15
139020,TOTAL,2021-01-18,143.0,143.0,65803,2026-04-08T03:35:55.012207+00:00,0.0,0.0,0.0,0.0,143.0,134.55,131.792,2.2360679774997916,1.414033273505838,99.9592175759898,3.9795181767411236,1.01183038305973,2.9676877936813937,40295.5
139125,TOTAL,2021-01-19,143.0,143.0,396247,2026-04-08T03:35:57.346792+00:00,0.0,0.0,0.0,0.0,143.0,135.2,132.054,2.2360679774997916,1.414033273505838,99.9592175759898,4.007012994505487,0.8314601606592746,3.1755528338462127,59744.3
139230,TOTAL,2021-01-20,143.0,143.0,73861,2026-04-08T03:35:59.785195+00:00,0.0,0.0,0.0,0.0,143.0,135.85,132.316,2.2360679774997916,1.414033273505838,99.95921757598978,3.982890552645614,0.6458701750395206,3.3370203776060934,62735.2
139335,TOTAL,2021-01-21,143.0,143.0,58004,2026-04-08T03:36:02.057398+00:00,0.0,0.0,0.0,0.0,143.0,136.5,132.578,2.2360679774997916,1.414033273505838,99.9592175759898,3.9186021374830773,0.46526540790158677,3.4533367295814905,58806.6
139440,TOTAL,2021-01-22,143.0,143.0,25198,2026-04-08T03:36:04.490813+00:00,0.0,0.0,0.0,10.000000000000009,143.0,137.15,132.84000000000003,2.2360679774997916,1.414033273505838,99.95921757598978,3.8235772864300372,0.29619244547883694,3.5273848409512003,59781.65
139545,TOTAL,2021-01-25,143.0,143.0,9941,2026-04-08T03:36:09.142175+00:00,0.0,0.0,0.0,0.0,143.0,137.8,133.102,2.2360679774997916,1.414033273505838,99.95921757598977,3.7055540864718637,0.14253539641653035,3.5630186900553333,59836.55
139650,TOTAL,2021-01-26,143.0,143.0,17018,2026-04-08T03:36:11.477526+00:00,0.0,0.0,0.0,0.0,143.0,138.45,133.364,2.2360679774997916,1.414033273505838,99.95921757598978,3.570857230818376,0.006270832610434152,3.564586398207942,60498.55
139755,TOTAL,2021-01-27,143.0,143.0,34227,2026-04-08T03:36:13.916788+00:00,0.0,0.0,0.0,0.0,143.0,139.1,133.626,2.2360679774997916,1.414033273505838,99.95921757598977,3.4246319766075715,-0.11196353728029695,3.5365955138878684,61267.65
139860,TOTAL,2021-01-28,143.0,143.0,106640,2026-04-08T03:36:16.269205+00:00,0.0,0.0,0.0,0.0,143.0,139.75,133.888,2.2360679774997916,1.414033273505838,99.95921757598978,3.2710408859682616,-0.21244370233568555,3.483484588303947,66125.7
139965,TOTAL,2021-01-29,143.0,143.0,34044,2026-04-08T03:36:18.603253+00:00,0.0,0.0,0.0,0.0,143.0,140.4,134.15,2.2360679774997916,1.414033273505838,99.95921757598978,3.1134291666814136,-0.29604433729802704,3.4094735039794406,67240.1
140070,TOTAL,2021-02-01,143.0,143.0,19768,2026-04-08T03:36:23.094546+00:00,0.0,0.0,0.0,0.0,143.0,141.05,134.412,2.2360679774997916,1.414033273505838,99.95921757598978,2.954463527164023,-0.3640079814523345,3.3184715086163576,67976.2
140175,TOTAL,2021-02-02,143.0,143.0,9481,2026-04-08T03:36:25.523135+00:00,0.0,0.0,0.0,0.0,143.0,141.7,134.674,2.2360679774997916,1.414033273505838,99.9592175759898,2.796248698172775,-0.41777824835486665,3.2140269465276416,67073.1
140280,TOTAL,2021-02-03,143.0,143.0,12947,2026-04-08T03:36:27.835035+00:00,0.0,0.0,0.0,0.0,143.0,142.35,134.936,2.2360679774997916,1.414033273505838,99.9592175759898,2.640425129040864,-0.45888145398942237,3.099306583030286,66434.85
140385,TOTAL,2021-02-04,143.0,143.0,1906,2026-04-08T03:36:30.225924+00:00,0.0,0.0,0.0,0.0,143.0,143.0,135.198,2.2360679774997916,1.414033273505838,99.95921757598978,2.488250821270384,-0.48884460940792174,2.9770954306783057,66301.0
140490,TOTAL,2021-02-05,142.0,142.0,410546,2026-04-08T03:36:32.587221+00:00,-0.6993006993006978,0.0,0.0,0.0,142.8,142.95,135.44,0.15636839003494998,1.4195150760087138,75.88060079469021,2.2608977217776385,-0.5729581671205342,2.8338558888981726,78454.35
140595,TOTAL,2021-02-08,142.0,142.0,348245,2026-04-08T03:36:37.052653+00:00,0.0,-0.6993006993006978,0.0,0.0,142.6,142.9,135.68,0.15636839003494998,1.4196791914013558,75.88060079469022,2.0570068578243195,-0.6214792248590828,2.6784860826834023,90542.35
140700,TOTAL,2021-02-09,142.0,142.0,10011,2026-04-08T03:36:39.468141+00:00,0.0,0.0,0.0,0.0,142.4,142.85,135.92,0.15636839003494998,1.4196791914013558,75.8806007946902,1.8738216298515056,-0.6437315622655175,2.517553192117023,89209.75
140805,TOTAL,2021-02-10,142.0,142.0,3390,2026-04-08T03:36:41.836322+00:00,0.0,0.0,0.0,0.0,142.2,142.8,136.16,0.15636839003494998,1.4196791914013558,75.88060079469022,1.708946347196445,-0.6468854759364624,2.3558318231329074,89100.5
140910,TOTAL,2021-02-11,142.0,142.0,95137,2026-04-08T03:36:44.255641+00:00,0.0,0.0,0.0,0.0,142.0,142.75,136.4,0.15636839003494998,1.4196791914013558,75.88060079469022,1.5602953838946405,-0.6364291513906135,2.196724535285254,87926.05
141015,TOTAL,2021-02-12,142.0,142.0,6282,2026-04-08T03:36:46.553737+00:00,0.0,0.0,-0.6993006993006978,0.0,142.0,142.7,136.64,0.15636839003494998,1.4196791914013558,75.88060079469021,1.426049809981322,-0.6165397802431456,2.0425895902244675,86934.8
141120,TOTAL,2021-02-15,142.0,142.0,28319,2026-04-08T03:36:50.983127+00:00,0.0,0.0,0.0,0.0,142.0,142.65,136.88,0.15636839003494998,1.4196791914013558,75.88060079469021,1.3046203738956308,-0.5903753730630694,1.8949957469587002,85060.6
141225,TOTAL,2021-02-16,142.0,142.0,8875,2026-04-08T03:36:53.929967+00:00,0.0,0.0,0.0,0.0,142.0,142.6,137.12,0.15636839003494998,1.4196791914013558,75.88060079469021,1.194615882672963,-0.5603038914285898,1.7549197741015528,65692.0
141330,TOTAL,2021-02-17,142.0,142.0,3159,2026-04-08T03:36:56.762484+00:00,0.0,0.0,0.0,0.0,142.0,142.55,137.36,0.15636839003494998,1.4196791914013558,75.88060079469022,1.094816171513628,-0.52808288207034,1.622899053583968,62156.9
141435,TOTAL,2021-02-18,142.0,142.0,7152,2026-04-08T03:36:59.321693+00:00,0.0,0.0,0.0,0.0,142.0,142.5,137.6,0.15636839003494998,1.4196791914013558,75.88060079469021,1.0041489770553085,-0.4950000612229277,1.4991490382782362,59614.3
141540,TOTAL,2021-02-19,142.0,142.0,3150,2026-04-08T03:37:01.817881+00:00,0.0,0.0,0.0,-0.6993006993006978,142.0,142.45,137.84,0.15636839003494998,1.4196791914013558,75.88060079469021,0.92167013265572,-0.46198312449801304,1.383653257153733,58511.9
141645,TOTAL,2021-02-22,142.0,142.0,13061,2026-04-08T03:37:06.27808+00:00,0.0,0.0,0.0,0.0,142.0,142.4,138.08,0.15636839003494998,1.4196791914013558,75.88060079469021,0.8465465920844508,-0.4296853320554257,1.2762319241398765,58667.9
141750,TOTAL,2021-02-23,142.0,142.0,21891,2026-04-08T03:37:08.890934+00:00,0.0,0.0,0.0,0.0,142.0,142.35,138.32,0.15636839003494998,1.4196791914013558,75.88060079469022,0.7780418626672656,-0.39855204917808873,1.1765939118453543,58911.55
141855,TOTAL,2021-02-24,142.0,142.0,46391,2026-04-08T03:37:11.490979+00:00,0.0,0.0,0.0,0.0,142.0,142.3,138.56,0.15636839003494998,1.4196791914013558,75.88060079469021,0.7155034921818242,-0.3688723357308241,1.0843758279126483,59519.75
141960,TOTAL,2021-02-25,142.0,142.0,55593,2026-04-08T03:37:14.190372+00:00,0.0,0.0,0.0,0.0,142.0,142.25,138.8,0.15636839003494998,1.4196791914013558,75.88060079469021,0.6583523074176583,-0.3408188163959921,0.9991711238136504,56967.4
142065,TOTAL,2021-02-26,142.0,142.0,49305,2026-04-08T03:37:16.661186+00:00,0.0,0.0,0.0,0.0,142.0,142.2,139.04,0.15636839003494998,1.4196791914013558,75.88060079469021,0.6060731477600427,-0.31447838084288615,0.9205515286029289,57730.45
142170,TOTAL,2021-03-01,142.0,142.0,31699,2026-04-08T03:37:22.522205+00:00,0.0,0.0,0.0,0.0,142.0,142.15,139.28,0.15636839003494998,1.4196791914013558,75.88060079469021,0.5582068756891658,-0.28987572233101044,0.8480825980201763,58327.0
142275,TOTAL,2021-03-02,142.0,142.0,20222,2026-04-08T03:37:25.400973+00:00,0.0,0.0,0.0,0.0,142.0,142.1,139.52,0.15636839003494998,1.4196791914013558,75.88060079469021,0.5143434787596846,-0.2669912954083934,0.781334774168078,58864.05
142380,TOTAL,2021-03-03,142.0,142.0,1872,2026-04-08T03:37:28.29584+00:00,0.0,0.0,0.0,0.0,142.0,142.05,139.76,0.15636839003494998,1.4196791914013558,75.88060079469021,0.4741161053390499,-0.24577493506322257,0.7198910404022725,58310.3
142485,TOTAL,2021-03-04,142.0,142.0,34653,2026-04-08T03:37:30.865183+00:00,0.0,0.0,0.0,0.0,142.0,142.0,140.0,0.15636839003494998,1.4196791914013558,75.88060079469021,0.4371958998916625,-0.22615611240848799,0.6633520123001505,59947.65
142590,TOTAL,2021-03-05,142.0,142.0,15185,2026-04-08T03:37:35.032922+00:00,0.0,0.0,0.0,0.0,142.0,142.0,140.24,0.0,1.4196791914013558,75.88060079469022,0.4032875235452309,-0.20805159100393578,0.6113391145491667,40179.6
142695,TOTAL,2021-03-08,142.0,142.0,24021,2026-04-08T03:37:40.957406+00:00,0.0,0.0,0.0,0.0,142.0,142.0,140.48,0.0,1.4196791914013558,75.88060079469021,0.37212526260663026,-0.19137108155402915,0.5634963441606594,23968.4
142800,TOTAL,2021-03-09,142.0,142.0,44059,2026-04-08T03:37:43.478318+00:00,0.0,0.0,0.0,0.0,142.0,142.0,140.72,0.0,1.4196791914013558,75.88060079469021,0.34346964206946495,-0.17602136167295557,0.5194910037424205,25670.8
142905,TOTAL,2021-03-10,142.0,142.0,5149,2026-04-08T03:37:46.075681+00:00,0.0,0.0,0.0,0.0,142.0,142.0,140.96,0.0,1.4196791914013558,75.88060079469021,0.31710447336291736,-0.16190922430360255,0.4790136976665199,25758.75
143010,TOTAL,2021-03-11,142.0,142.0,37856,2026-04-08T03:37:49.142973+00:00,0.0,0.0,0.0,0.0,142.0,142.0,141.2,0.0,1.4196791914013558,75.88060079469021,0.2928342759619227,-0.14894353736367777,0.44177781332560045,22894.7
143115,TOTAL,2021-03-12,142.0,142.0,10777,2026-04-08T03:37:51.827027+00:00,0.0,0.0,0.0,0.0,142.0,142.0,141.44,0.0,1.4196791914013558,75.88060079469021,0.2704820212920538,-0.13703663362683738,0.40751865491889117,23119.45
143220,TOTAL,2021-03-15,142.0,142.0,13613,2026-04-08T03:37:56.632273+00:00,0.0,0.0,0.0,0.0,142.0,142.0,141.68,0.0,1.4196791914013558,75.88060079469021,0.24988715485505963,-0.12610520005106524,0.37599235490612487,22384.15
143325,TOTAL,2021-03-16,142.0,142.0,25038,2026-04-08T03:37:59.157483+00:00,0.0,0.0,0.0,0.0,142.0,142.0,141.92,0.0,1.4196791914013558,75.8806007946902,0.23090385887331877,-0.11607079682624488,0.34697465569956365,23192.3
143430,TOTAL,2021-03-17,142.0,142.0,52745,2026-04-08T03:38:01.497417+00:00,0.0,0.0,0.0,0.0,142.0,142.0,142.16,0.0,1.4196791914013558,75.88060079469021,0.21339952317399025,-0.1068601060204587,0.32025962919444895,25671.6
143535,TOTAL,2021-03-18,142.0,142.0,125719,2026-04-08T03:38:03.831621+00:00,0.0,0.0,0.0,0.0,142.0,142.0,142.4,0.0,1.4196791914013558,75.88060079469021,0.19725339664972807,-0.09840498603577669,0.29565838268550476,31599.95
143640,TOTAL,2021-03-19,142.0,142.0,1633,2026-04-08T03:38:06.31825+00:00,0.0,0.0,0.0,0.0,142.0,142.0,142.38,0.0,0.09889605331283541,75.88060079469021,0.18235539556491176,-0.09064238969647442,0.2729977852613862,31524.1
143745,TOTAL,2021-03-22,142.0,142.0,6509,2026-04-08T03:38:11.081229+00:00,0.0,0.0,0.0,0.0,142.0,142.0,142.36,0.0,0.09889605331283541,75.88060079469022,0.16860504832681045,-0.0835141895476606,0.25211923787447105,31196.5
143850,TOTAL,2021-03-23,142.0,142.0,8510,2026-04-08T03:38:13.396015+00:00,0.0,0.0,0.0,0.0,142.0,142.0,142.34,0.0,0.09889605331283541,75.88060079469022,0.1559105591992136,-0.07696694294020595,0.23287750213941955,30527.45
143955,TOTAL,2021-03-24,142.0,142.0,54250,2026-04-08T03:38:15.81449+00:00,0.0,0.0,0.0,0.0,142.0,142.0,142.32,0.0,0.09889605331283541,75.88060079469021,0.1441879758747575,-0.07095162101172964,0.21513959688648715,30920.4
144060,TOTAL,2021-03-25,142.0,142.0,36101,2026-04-08T03:38:18.283134+00:00,0.0,0.0,0.0,0.0,142.0,142.0,142.3,0.0,0.09889605331283541,75.88060079469021,0.1333604479040389,-0.06542331918595862,0.1987837670899975,29945.8
144165,TOTAL,2021-03-26,142.0,142.0,8874,2026-04-08T03:38:20.746814+00:00,0.0,0.0,0.0,0.0,142.0,142.0,142.28,0.0,0.09889605331283541,75.88060079469021,0.12335756475997073,-0.060340961864021436,0.18369852662399216,27924.25
144270,TOTAL,2021-03-29,142.0,142.0,37963,2026-04-08T03:38:25.159246+00:00,0.0,0.0,0.0,0.0,142.0,142.0,142.26,0.0,0.09889605331283541,75.88060079469021,0.11411476383787544,-0.05566701022889339,0.16978177406676884,28237.45
144375,TOTAL,2021-03-30,142.0,142.0,19237,2026-04-08T03:38:27.475529+00:00,0.0,0.0,0.0,0.0,142.0,142.0,142.24,0.0,0.09889605331283541,75.88060079469021,0.10557279999477487,-0.05136717925759518,0.15693997925237005,28188.2
144480,TOTAL,2021-03-31,142.0,142.0,6609,2026-04-08T03:38:29.710175+00:00,0.0,0.0,0.0,0.0,142.0,142.0,142.22,0.0,0.09889605331283541,75.88060079469021,0.09767726934853727,-0.04741016792306624,0.1450874372716035,28425.05
144585,TOTAL,2021-04-01,142.0,142.0,6356,2026-04-08T03:38:32.086622+00:00,0.0,0.0,0.0,0.0,142.0,142.0,142.2,0.0,0.09889605331283541,75.88060079469022,0.09037818101489847,-0.043767405005364024,0.1341455860202625,27010.2
144690,TOTAL,2021-04-06,142.0,142.0,64637,2026-04-08T03:38:38.336109+00:00,0.0,0.0,0.0,0.0,142.0,142.0,142.18,0.0,0.09889605331283541,75.8806007946902,0.08362957128323956,-0.040412811789618364,0.12404238307285792,29482.8
144795,TOTAL,2021-04-07,142.0,142.0,12979,2026-04-08T03:38:40.597593+00:00,0.0,0.0,0.0,0.0,142.0,142.0,142.16,0.0,0.09889605331283541,75.88060079469021,0.07738915543896496,-0.037322582107114366,0.11471173754607933,28930.7
144900,TOTAL,2021-04-08,142.0,142.0,30079,2026-04-08T03:38:43.050318+00:00,0.0,0.0,0.0,0.0,142.0,142.0,142.14,0.0,0.09889605331283541,75.8806007946902,0.07161801304883397,-0.03447497959779629,0.10609299264663026,28231.7
145005,TOTAL,2021-04-09,142.0,142.0,3922,2026-04-08T03:38:45.381101+00:00,0.0,0.0,0.0,0.0,142.0,142.0,142.12,0.0,0.09889605331283541,75.88060079469021,0.06628030305031984,-0.03185015167704834,0.09813045472736819,28170.35
145110,TOTAL,2021-04-12,142.0,142.0,761592,2026-04-08T03:38:49.634064+00:00,0.0,0.0,0.0,0.0,142.0,142.0,142.1,0.0,0.09889605331283541,75.88060079469021,0.06134300543837412,-0.029429959431195266,0.09077296486956939,64357.15
145215,TOTAL,2021-04-14,142.0,142.0,11779,2026-04-08T03:38:53.291299+00:00,0.0,0.0,0.0,0.0,142.0,142.0,142.08,0.0,0.09889605331283541,75.88060079469021,0.05677568673459632,-0.027197822507978447,0.08397350924257477,64407.25
145320,TOTAL,2021-04-15,142.0,142.0,55589,2026-04-08T03:38:55.647647+00:00,0.0,0.0,0.0,0.0,142.0,142.0,142.06,0.0,0.09889605331283541,75.88060079469021,0.05255028676168649,-0.025138577984710628,0.07768886474639712,66506.05
145425,TOTAL,2021-04-16,142.0,142.0,38834,2026-04-08T03:38:58.039758+00:00,0.0,0.0,0.0,0.0,142.0,142.0,142.04,0.0,0.09889605331283541,75.88060079469021,0.048640924540620745,-0.0232383521646211,0.07187927670524184,67195.85
145530,TOTAL,2021-04-19,135.9,135.9,7255,2026-04-08T03:39:02.639407+00:00,-4.295774647887319,0.0,0.0,0.0,140.78,141.695,141.898,0.9605644128696268,0.6135158920316216,1.4447047381392297,-0.4415859652284837,-0.41077219354698047,-0.03081377168150326,64921.35
145635,TOTAL,2021-04-20,135.9,135.9,1708,2026-04-08T03:39:05.009889+00:00,0.0,-4.295774647887319,0.0,0.0,139.56,141.39000000000001,141.75599999999997,0.9605644128696268,0.6135158920316216,1.4447047381392295,-0.8206345430791657,-0.6318566171181299,-0.18877792596103576,58720.8
145740,TOTAL,2021-04-21,135.9,135.9,40465,2026-04-08T03:39:07.371999+00:00,0.0,0.0,0.0,0.0,138.34,141.08499999999998,141.634,0.9605644128696268,0.6075142767940805,1.4447047381392295,-1.1082579639812309,-0.735584030416156,-0.37267393356507483,60662.4
145845,TOTAL,2021-04-22,135.9,135.9,47905,2026-04-08T03:39:09.720023+00:00,0.0,0.0,0.0,0.0,137.12,140.78,141.512,0.9605644128696268,0.6075142767940805,1.4447047381392295,-1.3209742286312007,-0.7586402360529008,-0.5623339925783,62732.2
145950,TOTAL,2021-04-26,135.9,135.9,27218,2026-04-08T03:39:15.36746+00:00,0.0,0.0,0.0,0.0,135.9,140.475,141.39,0.9605644128696268,0.6075142767940805,1.4447047381392295,-1.4725784333725471,-0.7281955526353977,-0.7443828807371494,63667.6
146055,TOTAL,2021-04-27,135.9,135.9,350,2026-04-08T03:39:17.695414+00:00,0.0,0.0,-4.295774647887319,0.0,135.9,140.17000000000002,141.268,0.9605644128696268,0.6075142767940805,1.4447047381392297,-1.5745751358522568,-0.6641538040920859,-0.9104213317601709,60972.6
146160,TOTAL,2021-04-28,135.9,135.9,54487,2026-04-08T03:39:20.620007+00:00,0.0,0.0,0.0,0.0,135.9,139.865,141.146,0.9605644128696268,0.6075142767940805,1.4447047381392293,-1.6365432060474348,-0.5808974994298111,-1.0556457066176237,61891.9
146265,TOTAL,2021-04-29,135.9,135.9,406720,2026-04-08T03:39:22.905871+00:00,0.0,0.0,0.0,0.0,135.9,139.56,141.024,0.9605644128696268,0.6075142767940805,1.4447047381392295,-1.6664436233679112,-0.48863833340023,-1.1778052899676812,81784.2
146370,TOTAL,2021-04-30,135.9,135.9,230933,2026-04-08T03:39:25.430976+00:00,0.0,0.0,0.0,0.0,135.9,139.255,140.902,0.9605644128696268,0.6075142767940805,1.4447047381392293,-1.67087906573164,-0.3944590206111669,-1.276420045120473,91432.7
146475,TOTAL,2021-05-04,135.9,135.9,28627,2026-04-08T03:39:31.322792+00:00,0.0,0.0,0.0,0.0,135.9,138.95,140.78,0.9605644128696268,0.6075142767940805,1.4447047381392293,-1.6553127705381883,-0.30311418033417215,-1.3521985902040161,91902.2
146580,TOTAL,2021-05-05,135.9,135.9,47038,2026-04-08T03:39:33.759587+00:00,0.0,0.0,0.0,-4.295774647887319,135.9,138.645,140.658,0.9605644128696268,0.6075142767940805,1.4447047381392295,-1.6242529920186541,-0.2176435214517103,-1.4066094705669439,93923.65
146685,TOTAL,2021-05-06,142.0,142.0,1965452,2026-04-08T03:39:36.246061+00:00,4.488594554819714,0.0,0.0,0.0,137.11999999999998,138.645,140.658,1.4253217905767093,0.8875604873053375,69.36021123560525,-1.09479871549172,0.2494486040601791,-1.3442473195518991,191878.45
146790,TOTAL,2021-05-07,142.0,142.0,77986,2026-04-08T03:39:38.47254+00:00,0.0,4.488594554819714,0.0,0.0,138.34,138.645,140.658,1.4253217905767093,0.8875604873053375,69.36021123560525,-0.667507772737082,0.5413916374518537,-1.2088994101889357,192545.9
146895,TOTAL,2021-05-10,142.0,142.0,70226,2026-04-08T03:39:42.886326+00:00,0.0,0.0,0.0,0.0,139.56,138.645,140.658,1.4253217905767093,0.8875604873053375,69.36021123560525,-0.32512874040526185,0.7070165358269391,-1.032145276232201,195408.25
147000,TOTAL,2021-05-11,142.0,142.0,87974,2026-04-08T03:39:45.288668+00:00,0.0,0.0,0.0,0.0,140.78000000000003,138.645,140.658,1.4253217905767093,0.8875604873053375,69.36021123560523,-0.05317788897255582,0.7831739098077162,-0.836351798780272,198303.0
147105,TOTAL,2021-05-14,145.0,145.0,427737,2026-04-08T03:39:49.859206+00:00,2.1126760563380254,0.0,0.0,0.0,142.6,138.79500000000002,140.718,1.5008558162135675,0.9363221012729757,78.9539779651631,0.3998112725655574,0.9889304570766636,-0.5891191845111062,219493.75
147210,TOTAL,2021-05-17,145.0,145.0,31448,2026-04-08T03:39:54.343913+00:00,0.0,2.1126760563380254,4.488594554819714,0.0,143.2,138.945,140.778,1.5008558162135675,0.9363221012729757,78.9539779651631,0.7501610569892705,1.0714241932003015,-0.3212631362110309,182986.55
147315,TOTAL,2021-05-18,145.0,145.0,43470,2026-04-08T03:39:57.092526+00:00,0.0,0.0,0.0,0.0,143.8,139.095,140.838,1.5008558162135675,0.9363221012729757,78.9539779651631,1.0161027848769209,1.0698927368703615,-0.05378995199344058,184571.1
147420,TOTAL,2021-05-19,145.0,145.0,302169,2026-04-08T03:39:59.433321+00:00,0.0,0.0,0.0,0.0,144.4,139.245,140.898,1.5008558162135675,0.9363221012729757,78.95397796516312,1.212882169576602,1.0133376972560342,0.19954447232056796,196900.1
147525,TOTAL,2021-05-20,145.0,145.0,11660,2026-04-08T03:40:01.906518+00:00,0.0,0.0,0.0,0.0,145.0,139.395,140.958,1.5008558162135675,0.9363221012729757,78.9539779651631,1.3532320331495669,0.9229500486631991,0.4302819844863678,195541.4
147630,TOTAL,2021-05-21,145.0,145.0,13060,2026-04-08T03:40:04.221824+00:00,0.0,0.0,2.1126760563380254,0.0,145.0,139.85,141.018,1.0865697476218796,0.9363221012729757,78.95397796516312,1.447771304801904,0.813991456252429,0.6337798485494751,195831.65
147735,TOTAL,2021-05-24,145.0,145.0,7485,2026-04-08T03:40:08.535937+00:00,0.0,0.0,0.0,4.488594554819714,145.0,140.305,141.078,1.0865697476218796,0.9363221012729757,78.9539779651631,1.5053417164406255,0.6972494943129203,0.8080922221277053,196120.5
147840,TOTAL,2021-05-25,145.0,145.0,950,2026-04-08T03:40:10.790359+00:00,0.0,0.0,0.0,0.0,145.0,140.76,141.138,1.0865697476218796,0.9363221012729757,78.9539779651631,1.5332918484488118,0.5801597010568851,0.9531321473919268,194144.75
147945,TOTAL,2021-05-26,145.0,145.0,10173,2026-04-08T03:40:13.088105+00:00,0.0,0.0,0.0,0.0,145.0,141.215,141.19799999999998,1.0865697476218796,0.9363221012729757,78.95397796516312,1.5377166886438545,0.4676676330015421,1.0700490556423123,192258.15
148050,TOTAL,2021-05-27,145.0,145.0,11179,2026-04-08T03:40:15.774564+00:00,0.0,0.0,0.0,0.0,145.0,141.67000000000002,141.25799999999998,1.0865697476218796,0.9363221012729757,78.9539779651631,1.5236596068747872,0.36288844098597983,1.1607711658888074,191456.2
148155,TOTAL,2021-05-28,145.0,145.0,17173,2026-04-08T03:40:18.222614+00:00,0.0,0.0,0.0,2.1126760563380254,145.0,142.125,141.31799999999998,1.0865697476218796,0.9363221012729757,78.9539779651631,1.49528258147879,0.26760913247198603,1.227673449006804,192297.35
148260,TOTAL,2021-05-31,145.0,145.0,48206,2026-04-08T03:40:23.651574+00:00,0.0,0.0,0.0,0.0,145.0,142.57999999999998,141.378,1.0865697476218796,0.9363221012729757,78.9539779651631,1.456009611935201,0.18266893034271758,1.2733406815924835,191983.3
148365,TOTAL,2021-06-01,145.0,145.0,140964,2026-04-08T03:40:26.050454+00:00,0.0,0.0,0.0,0.0,145.0,143.035,141.438,1.0865697476218796,0.9363221012729757,78.9539779651631,1.4086474892222611,0.10824544610382203,1.300402043118439,178695.5
148470,TOTAL,2021-06-02,145.0,145.0,12892,2026-04-08T03:40:28.576306+00:00,0.0,0.0,0.0,0.0,145.0,143.49,141.498,1.0865697476218796,0.9363221012729757,78.9539779651631,1.3554874501825225,0.044068325651266615,1.3114191245312559,167793.45
148575,TOTAL,2021-06-03,145.0,145.0,132977,2026-04-08T03:40:31.001459+00:00,0.0,0.0,0.0,0.0,145.0,143.945,141.558,1.0865697476218796,0.9363221012729757,78.9539779651631,1.2983906965168615,-0.010422742411515529,1.308813438928377,173010.95
148680,TOTAL,2021-06-04,145.0,145.0,2425,2026-04-08T03:40:33.442796+00:00,0.0,0.0,0.0,0.0,145.0,144.4,141.618,1.0865697476218796,0.9363221012729757,78.9539779651631,1.2388602975307492,-0.0559625131181023,1.2948228106488515,170780.3
148785,TOTAL,2021-06-07,145.0,145.0,5101,2026-04-08T03:40:37.732645+00:00,0.0,0.0,0.0,0.0,145.0,144.55,141.678,0.47240872764080005,0.9363221012729757,78.9539779651631,1.1781016054757458,-0.09337696413848473,1.2714785696142306,72762.75
148890,TOTAL,2021-06-08,145.0,145.0,14094,2026-04-08T03:40:40.102423+00:00,0.0,0.0,0.0,0.0,145.0,144.7,141.738,0.47240872764080005,0.9363221012729757,78.9539779651631,1.1170729822933367,-0.12352446985671506,1.2405974521500518,69568.15
148995,TOTAL,2021-06-09,145.0,145.0,180037,2026-04-08T03:40:42.486352+00:00,0.0,0.0,0.0,0.0,145.0,144.85,141.798,0.47240872764080005,0.9363221012729757,78.9539779651631,1.056528357494642,-0.14725527572432773,1.2037836332189698,75058.7
149100,TOTAL,2021-06-10,145.0,145.0,5480,2026-04-08T03:40:45.029393+00:00,0.0,0.0,0.0,0.0,145.0,145.0,141.858,0.47240872764080005,0.9363221012729757,78.9539779651631,0.9970529009430322,-0.1653845858207501,1.1624374867637823,70934.0
149205,TOTAL,2021-06-11,145.0,145.0,11446,2026-04-08T03:40:47.465669+00:00,0.0,0.0,0.0,0.0,145.0,145.0,141.918,0.0,0.9363221012729757,78.9539779651631,0.9390928948021156,-0.17867567356933356,1.1177685683714491,50119.45
149310,TOTAL,2021-06-15,145.0,145.0,7652,2026-04-08T03:40:53.415974+00:00,0.0,0.0,0.0,0.0,145.0,145.0,141.97799999999998,0.0,0.9363221012729757,78.95397796516309,0.8829807202494919,-0.18783027849756584,1.0708109987470578,48929.65
149415,TOTAL,2021-06-16,145.0,145.0,122158,2026-04-08T03:40:55.754681+00:00,0.0,0.0,0.0,0.0,145.0,145.0,142.03799999999998,0.0,0.9363221012729757,78.9539779651631,0.8289557319789651,-0.19348421341447408,1.0224399453934392,52864.05
149521,TOTAL,2021-06-17,145.0,145.0,30385,2026-04-08T03:40:58.172345+00:00,0.0,0.0,0.0,0.0,145.0,145.0,142.09799999999998,0.0,0.9363221012729757,78.95397796516312,0.7771816729979832,-0.19620661791636484,0.9733882909143481,39274.85
149627,TOTAL,2021-06-18,145.0,145.0,41510,2026-04-08T03:41:00.479054+00:00,0.0,0.0,0.0,0.0,145.0,145.0,142.158,0.0,0.9363221012729757,78.9539779651631,0.727761180371914,-0.19650168843394744,0.9242628688058614,40767.35
149733,TOTAL,2021-06-21,145.0,145.0,13220,2026-04-08T03:41:05.049703+00:00,0.0,0.0,0.0,0.0,145.0,145.0,142.218,0.0,0.9363221012729757,78.9539779651631,0.6807478464868382,-0.19481201785521862,0.8755598643420568,40775.35
149840,TOTAL,2021-06-22,145.0,145.0,178615,2026-04-08T03:41:07.444448+00:00,0.0,0.0,0.0,0.0,145.0,145.0,142.278,0.0,0.9363221012729757,78.9539779651631,0.6361562276710515,-0.19152290933680427,0.8276791370078558,49331.85
149947,TOTAL,2021-06-23,145.0,145.0,35403,2026-04-08T03:41:09.819069+00:00,0.0,0.0,0.0,0.0,145.0,145.0,142.338,0.0,0.9363221012729757,78.9539779651631,0.5939701305627239,-0.18696720515610554,0.7809373357188294,51054.5
150054,TOTAL,2021-06-24,145.0,145.0,13039,2026-04-08T03:41:12.2583+00:00,0.0,0.0,0.0,0.0,145.0,145.0,142.398,0.0,0.9363221012729757,78.95397796516312,0.5541494547021841,-0.18143030481331623,0.7355797595155004,51197.8
150161,TOTAL,2021-06-25,145.0,145.0,746910,2026-04-08T03:41:14.6351+00:00,0.0,0.0,0.0,0.0,145.0,145.0,142.458,0.0,0.9363221012729757,78.95397796516312,0.5166358259829451,-0.17515514682604427,0.6917909728089894,87984.35
150268,TOTAL,2021-06-28,145.0,145.0,195316,2026-04-08T03:41:19.428749+00:00,0.0,0.0,0.0,0.0,145.0,145.0,142.518,0.0,0.9363221012729757,78.9539779651631,0.4813572185706505,-0.1683470033906711,0.6497042219613216,96891.5
150375,TOTAL,2021-06-29,145.0,145.0,1533224,2026-04-08T03:41:22.147646+00:00,0.0,0.0,0.0,0.0,145.0,145.0,142.578,0.0,0.9363221012729757,78.9539779651631,0.44823173163999286,-0.16117799225706309,0.6094097238970559,171142.4
150482,TOTAL,2021-06-30,145.0,145.0,368543,2026-04-08T03:41:24.723581+00:00,0.0,0.0,0.0,0.0,145.0,145.0,142.638,0.0,0.9363221012729757,78.95397796516312,0.41717066089216814,-0.15379125040391028,0.5709619112960784,182521.35
150589,TOTAL,2021-07-01,145.0,145.0,435544,2026-04-08T03:41:27.253573+00:00,0.0,0.0,0.0,0.0,145.0,145.0,142.69799999999998,0.0,0.9363221012729757,78.9539779651631,0.3880809825467679,-0.1463047429994484,0.5343857255462163,203653.95
150696,TOTAL,2021-07-02,145.0,145.0,667368,2026-04-08T03:41:29.882533+00:00,0.0,0.0,0.0,0.0,145.0,145.0,142.75799999999998,0.0,0.9363221012729757,78.95397796516312,0.360867348714379,-0.13881470146546993,0.4996820501798489,230373.5
150803,TOTAL,2021-07-05,145.0,145.0,101928,2026-04-08T03:41:34.454391+00:00,0.0,0.0,0.0,0.0,145.0,145.0,142.94,0.0,0.6960434205747832,78.9539779651631,0.3354336772079307,-0.1313986983775346,0.4668323755854653,235348.65
150910,TOTAL,2021-07-06,158.4,158.4,182209,2026-04-08T03:41:36.982623+00:00,9.241379310344833,0.0,0.0,0.0,147.68,145.67000000000002,143.39,2.0664352343791172,1.4638095506180155,99.00504823586722,1.3806302744355605,0.7310383190800762,0.6495919553554843,244204.05
151017,TOTAL,2021-07-07,158.4,158.4,68759,2026-04-08T03:41:39.307643+00:00,0.0,9.241379310344833,0.0,0.0,150.36,146.34,143.84,2.0664352343791172,1.4638095506180155,99.00504823586722,2.1837828189935635,1.2273526909104633,0.9564301280831002,246937.3
151124,TOTAL,2021-07-08,158.4,158.4,60927,2026-04-08T03:41:41.672436+00:00,0.0,0.0,0.0,0.0,153.04,147.01,144.29,2.0664352343791172,1.4638095506180155,99.0050482358672,2.788146974200032,1.4653734768935454,1.3227734973064866,240981.8
151232,TOTAL,2021-07-09,158.4,158.4,3583,2026-04-08T03:41:44.186247+00:00,0.0,0.0,0.0,0.0,155.72000000000003,147.68,144.74,2.0664352343791172,1.4638095506180155,99.00504823586722,3.229877899513383,1.525683521765517,1.704194377747866,240886.95
151340,TOTAL,2021-07-12,158.4,158.4,34869,2026-04-08T03:41:48.615121+00:00,0.0,0.0,0.0,0.0,158.4,148.35,145.19,2.0664352343791172,1.4638095506180155,99.00504823586722,3.5391556569581724,1.4679690233682448,2.0711866335899276,242058.1
151448,TOTAL,2021-07-13,158.4,158.4,28757,2026-04-08T03:41:50.993586+00:00,0.0,0.0,9.241379310344833,0.0,158.4,149.02,145.64,2.0664352343791172,1.4638095506180155,99.00504823586724,3.7411350320849124,1.3359587187959878,2.4051763132889246,243113.35
151556,TOTAL,2021-07-14,168.0,168.0,262861,2026-04-08T03:41:53.268+00:00,6.060606060606055,0.0,0.0,0.0,160.32,150.17000000000002,146.28199999999998,2.4107926144176672,1.6730143034858889,99.51812163644472,4.622558929610591,1.7739060930573327,2.848652836553258,250148.5
151664,TOTAL,2021-07-15,168.0,168.0,11181,2026-04-08T03:41:55.50175+00:00,0.0,6.060606060606055,0.0,0.0,162.24,151.32,146.924,2.4107926144176672,1.6730143034858889,99.51812163644473,5.260454474058179,1.929441310003936,3.3310131640542426,249188.3
151772,TOTAL,2021-07-16,168.0,168.0,12615,2026-04-08T03:41:57.978751+00:00,0.0,0.0,0.0,0.0,164.16,152.47,147.56599999999997,2.4107926144176672,1.6730143034858889,99.51812163644472,5.7002819863853915,1.895415057864919,3.8048669285204726,247743.55
151880,TOTAL,2021-07-19,168.0,168.0,63759,2026-04-08T03:42:02.439681+00:00,0.0,0.0,0.0,0.0,166.07999999999998,153.62,148.208,2.4107926144176672,1.6730143034858889,99.51812163644472,5.979915712722828,1.7400390273618846,4.239876685360944,250270.5
151988,TOTAL,2021-07-22,184.8,184.8,452188,2026-04-08T03:42:06.938387+00:00,10.000000000000009,0.0,0.0,9.241379310344833,171.35999999999999,155.60999999999999,149.064,3.1633136706036757,2.0779020241437363,99.78233172353303,7.471025718112884,2.584919226201552,4.886106491911332,263949.15
152096,TOTAL,2021-07-23,203.2,203.2,391995,2026-04-08T03:42:09.224536+00:00,9.956709956709942,10.000000000000009,6.060606060606055,0.0,178.4,158.52,150.28799999999998,3.6928902582575076,2.465273601896504,99.86781574201267,10.021940671417184,4.108667343604681,5.913273327812503,281778.75
152204,TOTAL,2021-07-26,203.2,203.2,196277,2026-04-08T03:42:13.888963+00:00,0.0,9.956709956709942,0.0,0.0,185.44,161.43,151.512,3.6928902582575076,2.465273601896504,99.86781574201267,11.906310612935755,4.794429828098602,7.111880784837153,290940.65
152312,TOTAL,2021-07-27,203.2,203.2,149350,2026-04-08T03:42:16.300026+00:00,0.0,0.0,0.0,0.0,192.48,164.34,152.736,3.6928902582575076,2.465273601896504,99.86781574201267,13.24698437779574,4.908082874366869,8.338901503428872,261062.65
152420,TOTAL,2021-07-28,203.2,203.2,112556,2026-04-08T03:42:18.733972+00:00,0.0,0.0,0.0,0.0,199.51999999999998,167.25,153.9,3.6928902582575076,2.45949471589143,99.86781574201268,14.146407021172706,4.646004414195067,9.500402606977639,256924.65
152528,TOTAL,2021-07-29,203.2,203.2,82560,2026-04-08T03:42:21.196071+00:00,0.0,0.0,10.000000000000009,0.0,203.2,170.16,155.064,3.6928902582575076,2.45949471589143,99.86781574201267,14.689870265742428,4.1515741270118305,10.538296138730598,184391.45
152636,TOTAL,2021-07-30,203.2,203.2,198434,2026-04-08T03:42:23.780537+00:00,0.0,0.0,9.956709956709942,6.060606060606055,203.2,173.07,156.22799999999998,3.6928902582575076,2.45949471589143,99.86781574201267,14.948254628117667,3.5279667915096553,11.420287836608011,175886.0
152744,TOTAL,2021-08-02,203.2,203.2,271936,2026-04-08T03:42:28.457705+00:00,0.0,0.0,0.0,0.0,203.2,175.98,157.392,3.6928902582575076,2.45949471589143,99.86781574201267,14.980342038775007,2.8480433617335947,12.132298677041412,167705.6
152852,TOTAL,2021-08-03,203.2,203.2,26270,2026-04-08T03:42:31.094462+00:00,0.0,0.0,0.0,0.0,203.2,178.89000000000001,158.556,3.6928902582575076,2.45949471589143,99.86781574201268,14.83476559938947,2.1619735378784455,12.672792061511025,135650.7
152960,TOTAL,2021-08-04,203.2,203.2,12559,2026-04-08T03:42:33.531563+00:00,0.0,0.0,0.0,0.0,203.2,181.8,159.72,3.6928902582575076,2.45949471589143,99.86781574201267,14.551652826658426,1.503088612117919,13.048564214540507,131182.25
153068,TOTAL,2021-08-05,203.2,203.2,6826,2026-04-08T03:42:35.917081+00:00,0.0,0.0,0.0,10.000000000000009,203.2,184.04,160.884,3.2607876215696683,2.45949471589143,99.86781574201268,14.164010023787569,0.8923566473976479,13.27165337638992,122413.1
153176,TOTAL,2021-08-06,203.2,203.2,43000,2026-04-08T03:42:38.23616+00:00,0.0,0.0,0.0,9.956709956709942,203.2,186.28,162.048,3.2607876215696683,2.45949471589143,99.86781574201267,13.698888055455285,0.34178774325229,13.357100312202995,121125.15
153284,TOTAL,2021-08-09,203.2,203.2,5298,2026-04-08T03:42:42.878342+00:00,0.0,0.0,0.0,0.0,203.2,188.52,163.21200000000002,3.2607876215696683,2.45949471589143,99.86781574201267,13.178363572511671,-0.14298939175306025,13.321352964264731,118343.7
153392,TOTAL,2021-08-10,203.2,203.2,46261,2026-04-08T03:42:45.264053+00:00,0.0,0.0,0.0,0.0,203.2,190.76,164.37599999999998,3.2607876215696683,2.45949471589143,99.86781574201267,12.620364463966013,-0.5607908002389763,13.181155264204989,120477.6
153500,TOTAL,2021-08-12,203.2,203.2,11264,2026-04-08T03:42:48.762656+00:00,0.0,0.0,0.0,0.0,203.2,193.0,165.54,3.2607876215696683,2.45949471589143,99.86781574201267,12.039363857966237,-0.9134331249910019,12.952796982957238,119297.35
153608,TOTAL,2021-08-13,203.2,203.2,1646371,2026-04-08T03:42:51.120096+00:00,0.0,0.0,0.0,0.0,203.2,195.23999999999998,166.704,3.2607876215696683,2.45949471589143,99.86781574201268,11.446963225254535,-1.2046670061621647,12.6516302314167,200178.05
153716,TOTAL,2021-08-16,199.2,199.2,36498,2026-04-08T03:42:55.556429+00:00,-1.9685039370078705,0.0,0.0,0.0,202.4,196.8,167.78799999999998,3.135805974812286,2.4866188068361925,79.29295844303218,10.533293632956116,-1.694669278768469,12.227962911724585,188859.9
153824,TOTAL,2021-08-17,199.2,199.2,6773,2026-04-08T03:42:57.870214+00:00,0.0,-1.9685039370078705,0.0,0.0,201.59999999999997,198.35999999999999,168.872,3.135805974812286,2.4866188068361925,79.29295844303218,9.697418099013447,-2.0244358501689117,11.721853949182359,188639.5
153932,TOTAL,2021-08-18,199.2,199.2,14904,2026-04-08T03:43:00.318272+00:00,0.0,0.0,0.0,0.0,200.8,199.92,169.956,3.135805974812286,2.4866188068361925,79.29295844303218,8.932017973001223,-2.231868780944909,11.163886753946132,188753.95
154040,TOTAL,2021-08-19,199.2,199.2,47067,2026-04-08T03:43:02.743698+00:00,0.0,0.0,0.0,0.0,199.99999999999997,201.48,171.04,3.135805974812286,2.4866188068361925,79.29295844303219,8.23055613099163,-2.3466644983636016,10.577220629355232,187919.35
154148,TOTAL,2021-08-20,199.2,199.2,34072,2026-04-08T03:43:05.111187+00:00,0.0,0.0,0.0,0.0,199.2,202.2,172.12400000000002,2.2920975126381986,2.4866188068361925,79.29295844303218,7.587182253280503,-2.3920307008597845,9.979212954140287,167013.55
154256,TOTAL,2021-08-23,199.2,199.2,6830,2026-04-08T03:43:09.725908+00:00,0.0,0.0,-1.9685039370078705,0.0,199.2,201.99999999999997,173.208,0.44017086171255493,2.4866188068361925,79.29295844303218,6.99665078495093,-2.3860497353514862,9.382700520302416,147755.3
154364,TOTAL,2021-08-24,199.2,199.2,12336,2026-04-08T03:43:12.031989+00:00,0.0,0.0,0.0,0.0,199.2,201.8,174.292,0.44017086171255493,2.4866188068361925,79.29295844303219,6.454249768055092,-2.3427606017978597,8.797010369852952,138558.25
154472,TOTAL,2021-08-25,199.2,199.2,30366,2026-04-08T03:43:14.375004+00:00,0.0,0.0,0.0,0.0,199.2,201.59999999999997,175.37599999999998,0.44017086171255493,2.4866188068361925,79.29295844303218,5.955739002475099,-2.2730170939022827,8.228756096377381,132609.05
154580,TOTAL,2021-08-26,199.2,199.2,24648,2026-04-08T03:43:16.860503+00:00,0.0,0.0,0.0,0.0,199.2,201.4,176.46,0.44017086171255493,2.4866188068361925,79.29295844303219,5.497296220297358,-2.1851679008640197,7.682464121161377,128213.65
154688,TOTAL,2021-08-27,199.2,199.2,29420,2026-04-08T03:43:19.247601+00:00,0.0,0.0,0.0,0.0,199.2,201.2,177.54399999999998,0.44017086171255493,2.4866188068361925,79.29295844303218,5.075470151978067,-2.085595175346649,7.161065327324716,125556.65
154796,TOTAL,2021-08-30,199.2,199.2,131668,2026-04-08T03:43:23.756871+00:00,0.0,0.0,0.0,-1.9685039370078705,199.2,200.99999999999997,178.628,0.44017086171255493,2.4866188068361925,79.29295844303218,4.687139526919026,-1.9791406403245517,6.666280167243578,122218.35
154904,TOTAL,2021-08-31,199.2,199.2,30356,2026-04-08T03:43:26.203018+00:00,0.0,0.0,0.0,0.0,199.2,200.8,179.71200000000002,0.44017086171255493,2.4866188068361925,79.29295844303219,4.329477190739794,-1.8694423812030267,6.198919571942821,110139.35
155012,TOTAL,2021-09-01,199.2,199.2,11118,2026-04-08T03:43:28.430514+00:00,0.0,0.0,0.0,0.0,199.2,200.6,180.796,0.44017086171255493,2.4866188068361925,79.29295844303219,3.999918640277542,-1.7592007453322234,5.7591193856097656,109381.75
155120,TOTAL,2021-09-02,199.2,199.2,35088,2026-04-08T03:43:30.63423+00:00,0.0,0.0,0.0,0.0,199.2,200.39999999999998,181.88,0.44017086171255493,2.4866188068361925,79.29295844303219,3.6961343783452776,-1.6503880058115907,5.346522384156868,110508.2
155228,TOTAL,2021-09-03,199.2,199.2,4334,2026-04-08T03:43:33.173741+00:00,0.0,0.0,0.0,0.0,199.2,200.2,182.96399999999997,0.44017086171255493,2.4866188068361925,79.29295844303218,3.416005576223455,-1.5444134463467307,4.960419022570186,110383.6
155336,TOTAL,2021-09-06,199.2,199.2,46802,2026-04-08T03:43:37.566628+00:00,0.0,0.0,0.0,0.0,199.2,199.99999999999997,184.048,0.44017086171255493,2.4866188068361925,79.29295844303219,3.1576026050314567,-1.4422531340309837,4.59985573906244,110573.7
155444,TOTAL,2021-09-07,199.2,199.2,305215,2026-04-08T03:43:39.870652+00:00,0.0,0.0,0.0,0.0,199.2,199.8,185.132,0.44017086171255493,2.4866188068361925,79.29295844303218,2.9191660594533175,-1.3445517436872985,4.263717803140616,125569.55
155552,TOTAL,2021-09-08,199.2,199.2,23061,2026-04-08T03:43:42.125577+00:00,0.0,0.0,0.0,0.0,199.2,199.6,186.21599999999998,0.44017086171255493,2.4866188068361925,79.29295844303219,2.6990899504168624,-1.2517022821790031,3.9507922325958655,124409.55
155660,TOTAL,2021-09-09,199.2,199.2,27585,2026-04-08T03:43:44.739177+00:00,0.0,0.0,0.0,0.0,199.2,199.39999999999998,187.3,0.44017086171255493,2.4866188068361925,79.29295844303219,2.4959067886314017,-1.163908355171571,3.6598151438029727,125225.6
155768,TOTAL,2021-09-10,199.2,199.2,23198,2026-04-08T03:43:47.339386+00:00,0.0,0.0,0.0,0.0,199.2,199.2,188.384,0.44017086171255493,2.4866188068361925,79.29295844303219,2.3082743195558066,-1.0812326593977333,3.38950697895354,44066.95
155876,TOTAL,2021-09-13,199.2,199.2,19623,2026-04-08T03:43:51.822078+00:00,0.0,0.0,0.0,0.0,199.2,199.2,189.468,0.0,2.4866188068361925,79.29295844303219,2.1349637033905537,-1.0036346204503892,3.138598323840943,43223.2
155984,TOTAL,2021-09-14,199.2,199.2,8879,2026-04-08T03:43:54.260371+00:00,0.0,0.0,0.0,0.0,199.2,199.2,190.55200000000002,0.0,2.4866188068361925,79.29295844303218,1.9748489619118743,-0.9309994895432552,2.9058484514551295,43328.5
156092,TOTAL,2021-09-15,199.2,199.2,521,2026-04-08T03:43:56.896801+00:00,0.0,0.0,0.0,0.0,199.2,199.2,191.636,0.0,2.4866188068361925,79.29295844303219,1.8268975381105008,-0.8631607306757032,2.690058268786204,42609.35
156200,TOTAL,2021-09-16,199.2,199.2,361300,2026-04-08T03:43:59.227477+00:00,0.0,0.0,0.0,0.0,199.2,199.2,192.72,0.0,2.4866188068361925,79.29295844303219,1.6901618352677303,-0.7999171468147788,2.490078982082509,58321.0
156308,TOTAL,2021-09-20,199.2,199.2,145175,2026-04-08T03:44:04.993721+00:00,0.0,0.0,0.0,0.0,199.2,199.2,193.53599999999997,0.0,2.157923791870127,79.29295844303219,1.5637716198180271,-0.7410458898115859,2.304817509629613,63876.15
156416,TOTAL,2021-09-21,199.2,199.2,68359,2026-04-08T03:44:07.727357+00:00,0.0,0.0,0.0,0.0,199.2,199.2,194.352,0.0,2.157923791870127,79.29295844303219,1.4469271875447305,-0.6863122576679062,2.1332394452126366,66952.6
156524,TOTAL,2021-09-22,199.2,199.2,268000,2026-04-08T03:44:10.239254+00:00,0.0,0.0,0.0,0.0,199.2,199.2,195.168,0.0,2.157923791870127,79.29295844303219,1.3388932057061425,-0.6354769916051954,1.974370197311338,79735.8
156632,TOTAL,2021-09-23,199.2,199.2,32399,2026-04-08T03:44:12.661605+00:00,0.0,0.0,0.0,0.0,199.2,199.2,195.98399999999998,0.0,2.157923791870127,79.29295844303219,1.2389931549128619,-0.588301633918781,1.8272947888316429,79837.45
156740,TOTAL,2021-09-24,192.0,192.0,820220,2026-04-08T03:44:15.34542+00:00,-3.6144578313252906,0.0,0.0,0.0,197.76,198.84,196.65599999999998,0.8082173412649819,2.233579882467842,20.055776110579572,0.5722453298764094,-1.0040395671641869,1.5762848970405963,119616.05
156848,TOTAL,2021-09-27,192.0,192.0,608458,2026-04-08T03:44:19.850483+00:00,0.0,-3.6144578313252906,0.0,0.0,196.32,198.48,197.328,0.8082173412649819,2.233579882467842,20.055776110579572,0.0433432409745933,-1.2263533248528025,1.2696965658273958,148567.95
156956,TOTAL,2021-09-28,192.0,192.0,338470,2026-04-08T03:44:22.678655+00:00,0.0,0.0,0.0,0.0,194.88,198.12,197.808,0.8082173412649819,2.079753191728966,20.055776110579576,-0.37153267757781805,-1.3129833947241711,0.9414507171463531,158908.05
157064,TOTAL,2021-09-29,192.0,192.0,33558,2026-04-08T03:44:25.133662+00:00,0.0,0.0,0.0,0.0,193.44,197.76,198.28799999999998,0.8082173412649819,2.079753191728966,20.055776110579576,-0.6923439222832144,-1.3070357115436542,0.6146917892604397,159068.15
157172,TOTAL,2021-09-30,192.0,192.0,85063,2026-04-08T03:44:27.471646+00:00,0.0,0.0,0.0,0.0,192.0,197.4,198.768,0.8082173412649819,2.079753191728966,20.055776110579572,-0.9358018043483298,-1.2403948748870155,0.3045930705386858,162765.4
157280,TOTAL,2021-10-04,192.0,192.0,18530,2026-04-08T03:44:32.876267+00:00,0.0,0.0,-3.6144578313252906,0.0,192.0,197.04000000000002,199.248,0.8082173412649819,2.079753191728966,20.055776110579572,-1.1158807512159115,-1.1363790574036778,0.020498306187766352,161937.5
157388,TOTAL,2021-10-05,192.0,192.0,173893,2026-04-08T03:44:35.445743+00:00,0.0,0.0,0.0,0.0,192.0,196.68,199.39199999999997,0.8082173412649819,1.5365797751339532,20.055776110579576,-1.2442516554430085,-1.01179996930462,-0.23245168613838862,170415.45
157496,TOTAL,2021-10-06,192.0,192.0,187845,2026-04-08T03:44:37.876116+00:00,0.0,0.0,0.0,0.0,192.0,196.32,199.168,0.8082173412649819,0.5770424934360021,20.055776110579576,-1.330647644162923,-0.8785567664196274,-0.45209087774329554,177467.6
157604,TOTAL,2021-10-07,192.0,192.0,90382,2026-04-08T03:44:40.206594+00:00,0.0,0.0,0.0,0.0,192.0,195.95999999999998,198.944,0.8082173412649819,0.5770424934360021,20.055776110579576,-1.3831727333974584,-0.7448654845233302,-0.6383072488741282,166725.95
157712,TOTAL,2021-10-08,192.0,192.0,30239,2026-04-08T03:44:42.63936+00:00,0.0,0.0,0.0,0.0,192.0,195.6,198.72,0.8082173412649819,0.5770424934360021,20.055776110579572,-1.4085622166051621,-0.6162039741848271,-0.792358242420335,167084.85
157820,TOTAL,2021-10-11,192.0,192.0,150110,2026-04-08T03:44:47.21782+00:00,0.0,0.0,0.0,-3.6144578313252906,192.0,195.24,198.49599999999998,0.8082173412649819,0.5770424934360021,20.055776110579576,-1.412402270780916,-0.4960352226884648,-0.9163670480924513,173211.1
157928,TOTAL,2021-10-12,192.0,192.0,103103,2026-04-08T03:44:49.55017+00:00,0.0,0.0,0.0,0.0,192.0,194.88,198.27199999999996,0.8082173412649819,0.5770424934360021,20.055776110579576,-1.3993151078612982,-0.38635844781507744,-1.0129566600462208,177206.35
158036,TOTAL,2021-10-13,192.0,192.0,55584,2026-04-08T03:44:52.157785+00:00,0.0,0.0,0.0,0.0,192.0,194.52,198.048,0.8082173412649819,0.5770424934360021,20.055776110579576,-1.3731150217236063,-0.2881266893419083,-1.084988332381698,179004.4
158144,TOTAL,2021-10-14,192.0,192.0,4671,2026-04-08T03:44:54.53471+00:00,0.0,0.0,0.0,0.0,192.0,194.16000000000003,197.82399999999998,0.8082173412649819,0.5770424934360021,20.055776110579572,-1.336939854274135,-0.20156121751394962,-1.1353786367601855,178794.0
158253,TOTAL,2021-10-15,193.0,193.0,603260,2026-04-08T03:44:56.91657+00:00,0.5208333333333259,0.0,0.0,0.0,192.2,193.85,197.62,0.8226096838979502,0.5837611623668503,38.16330256973956,-1.21358962502714,-0.06256879061356369,-1.1510208344135764,208930.95
158362,TOTAL,2021-10-18,193.0,193.0,410812,2026-04-08T03:45:01.595863+00:00,0.0,0.5208333333333259,0.0,0.0,192.4,193.54000000000002,197.416,0.8226096838979502,0.5837611623668503,38.16330256973955,-1.1031176263290376,0.03832256646763099,-1.1414401927966686,211406.55
158471,TOTAL,2021-10-20,193.0,193.0,82409,2026-04-08T03:45:05.471144+00:00,0.0,0.0,0.0,0.0,192.6,193.23000000000002,197.21199999999996,0.8226096838979502,0.5837611623668503,38.16330256973955,-1.003994349556109,0.10995667459244785,-1.1139510241485568,208268.25
158580,TOTAL,2021-10-21,193.0,193.0,30191,2026-04-08T03:45:08.008029+00:00,0.0,0.0,0.0,0.0,192.8,192.92000000000002,197.00799999999998,0.8226096838979502,0.5837611623668503,38.16330256973955,-0.9148921315766643,0.15924711405751402,-1.0741392456341783,206359.85
158687,TOTAL,2021-10-22,204.9,204.9,265778,2026-04-08T03:45:10.474564+00:00,6.165803108808299,0.0,0.0,0.0,195.38,193.20499999999998,197.04199999999997,1.6364400817385993,1.0614136371419431,86.63110297577316,0.11463116890951142,0.9510163316349518,-0.8363851627254404,206248.75
158796,TOTAL,2021-10-25,207.6,207.6,1222409,2026-04-08T03:45:15.28358+00:00,1.317715959004384,6.165803108808299,0.5208333333333259,0.0,198.3,193.625,197.13,1.6563358003045168,1.0770975852444045,88.77994087723047,1.1353160206418806,1.5773609466938567,-0.4420449260519762,265749.25
158905,TOTAL,2021-10-26,207.6,207.6,379747,2026-04-08T03:45:17.74539+00:00,0.0,1.317715959004384,0.0,0.0,201.22,194.405,197.218,1.3921072217142318,1.0770975852444045,88.77994087723049,1.922059810225477,1.8912837890219625,0.030776021203514414,243725.6
159014,TOTAL,2021-10-27,220.0,220.0,136174,2026-04-08T03:45:20.303823+00:00,5.973025048169567,0.0,0.0,0.0,206.61999999999998,195.805,197.55399999999997,1.8628422665992683,1.364504752680673,93.95510499601767,3.5057244908367977,2.7799587757066266,0.7257657151301711,220111.4
159123,TOTAL,2021-10-28,220.0,220.0,20750,2026-04-08T03:45:22.610226+00:00,0.0,5.973025048169567,0.0,0.0,212.01999999999998,197.20499999999998,197.97,1.8628422665992683,1.3295564878638926,93.95510499601767,4.706536140992824,3.1846163406901224,1.521919800302702,204225.4
159232,TOTAL,2021-10-29,240.8,240.8,167548,2026-04-08T03:45:25.013779+00:00,9.45454545454545,0.0,6.165803108808299,0.0,219.2,199.64499999999998,198.80199999999996,2.691482453141653,1.864271459391854,96.8139568526966,7.25296650916647,4.584837367091014,2.668129142075456,210924.9
159341,TOTAL,2021-11-01,240.8,240.8,38512,2026-04-08T03:45:29.747778+00:00,0.0,9.45454545454545,1.317715959004384,0.5208333333333259,225.84,202.08499999999998,199.63400000000001,2.691482453141653,1.864271459391854,96.81395685269662,9.165378147944494,5.19779920469523,3.967578943249264,208597.35
159450,TOTAL,2021-11-02,240.8,240.8,74152,2026-04-08T03:45:32.292585+00:00,0.0,0.0,0.0,0.0,232.48000000000002,204.525,200.46599999999998,2.691482453141653,1.864271459391854,96.81395685269662,10.559257601141553,5.2733429263138305,5.285914674827723,211378.45
159559,TOTAL,2021-11-03,240.8,240.8,86113,2026-04-08T03:45:34.604091+00:00,0.0,0.0,5.973025048169567,0.0,236.64000000000001,206.965,201.298,2.691482453141653,1.864271459391854,96.81395685269662,11.530994977849872,4.996064242417718,6.5349307354321535,206989.45
159668,TOTAL,2021-11-04,240.8,240.8,33566,2026-04-08T03:45:37.086301+00:00,0.0,0.0,0.0,0.0,240.8,209.40499999999997,202.13,2.691482453141653,1.864271459391854,96.81395685269662,12.160920330224258,4.500791675833683,7.660128654390575,199275.5
159777,TOTAL,2021-11-05,240.8,240.8,7578,2026-04-08T03:45:39.522081+00:00,0.0,0.0,9.45454545454545,6.165803108808299,240.8,211.84499999999997,202.96199999999996,2.691482453141653,1.864271459391854,96.81395685269662,12.515865602537815,3.884589558517792,8.631276044020023,195135.3
159886,TOTAL,2021-11-08,240.8,240.8,24994,2026-04-08T03:45:44.061968+00:00,0.0,0.0,0.0,1.317715959004384,240.8,214.285,203.794,2.691482453141653,1.864271459391854,96.81395685269663,12.651325680817223,3.2160397094377586,9.435285971379464,194873.05
159995,TOTAL,2021-11-10,240.8,240.8,82580,2026-04-08T03:45:47.530577+00:00,0.0,0.0,0.0,0.0,240.8,216.725,204.62599999999998,2.691482453141653,1.864271459391854,96.81395685269662,12.61328072014362,2.5423957990113237,10.070884921132297,191496.55
160104,TOTAL,2021-11-11,240.8,240.8,31465,2026-04-08T03:45:49.990111+00:00,0.0,0.0,0.0,5.973025048169567,240.8,219.16500000000002,205.45800000000003,2.691482453141653,1.864271459391854,96.81395685269662,12.439732323944725,1.8950779222499428,10.544654401694782,187914.65
160213,TOTAL,2021-11-12,240.8,240.8,45763,2026-04-08T03:45:52.531373+00:00,0.0,0.0,0.0,0.0,240.8,221.60500000000002,206.29,2.691482453141653,1.864271459391854,96.81395685269662,12.16199802693481,1.293874900192023,10.868123126742788,187423.6
160322,TOTAL,2021-11-15,240.8,240.8,13173,2026-04-08T03:45:57.041913+00:00,0.0,0.0,0.0,9.45454545454545,240.8,224.045,207.12199999999996,2.691482453141653,1.864271459391854,96.81395685269663,11.805801662873677,0.7501428289047105,11.055658833968966,187848.7
160431,TOTAL,2021-11-17,216.8,216.8,22200,2026-04-08T03:46:00.536124+00:00,-9.966777408637872,0.0,0.0,0.0,236.0,225.23499999999999,207.47400000000002,3.669058766075858,2.371387542860108,43.354943574270344,9.477661472650567,-1.2623978890547196,10.740059361705287,158795.7
160540,TOTAL,2021-11-18,216.8,216.8,139620,2026-04-08T03:46:03.012698+00:00,0.0,-9.966777408637872,0.0,0.0,231.2,226.425,207.826,3.669058766075858,2.371387542860108,43.35494357427035,7.545612474924184,-2.555557509424883,10.101169984349067,145236.1
160649,TOTAL,2021-11-19,216.8,216.8,57630,2026-04-08T03:46:05.423699+00:00,0.0,0.0,0.0,0.0,226.4,227.615,208.17800000000003,3.669058766075858,2.371387542860108,43.35494357427035,5.945908986962792,-3.324208797909021,9.270117784871813,143997.15
160758,TOTAL,2021-11-22,216.8,216.8,42614,2026-04-08T03:46:10.306395+00:00,0.0,0.0,0.0,0.0,221.6,228.805,208.53,3.669058766075858,2.371387542860108,43.35494357427035,4.624820396828227,-3.7162379104348684,8.341058307263095,144618.3
160867,TOTAL,2021-11-23,216.8,216.8,20064,2026-04-08T03:46:12.888041+00:00,0.0,0.0,0.0,0.0,216.8,229.4,208.88199999999998,3.432362052971844,2.371387542860108,43.35494357427035,3.5370749726848487,-3.8431866676625983,7.380261640347447,132332.6
160976,TOTAL,2021-11-24,216.8,216.8,160143,2026-04-08T03:46:15.261589+00:00,0.0,0.0,-9.966777408637872,0.0,216.8,229.85999999999999,209.234,3.4252245168874107,2.371387542860108,43.35494357427035,2.6445442275846744,-3.7885739302102186,6.433118157794893,79219.3
161085,TOTAL,2021-11-25,216.8,216.8,416716,2026-04-08T03:46:17.544601+00:00,0.0,0.0,0.0,0.0,216.8,230.32000000000002,209.58599999999998,3.4252245168874107,2.371387542860108,43.354943574270344,1.9151307466362937,-3.6143899289268804,5.529520675563174,81067.75
161194,TOTAL,2021-11-29,216.8,216.8,127001,2026-04-08T03:46:23.244686+00:00,0.0,0.0,0.0,0.0,216.8,230.16000000000003,209.93800000000002,3.1515406640550694,2.371387542860108,43.354943574270344,1.321828096358928,-3.366154063363397,4.687982159722325,80609.1
161303,TOTAL,2021-11-30,216.8,216.8,44118,2026-04-08T03:46:25.627389+00:00,0.0,0.0,0.0,0.0,216.8,230.00000000000006,210.29,3.1515406640550694,2.371387542860108,43.35494357427035,0.8419262695449277,-3.0768447121419182,3.918770981686846,81777.5
161412,TOTAL,2021-12-01,216.8,216.8,23807,2026-04-08T03:46:28.190956+00:00,0.0,0.0,0.0,0.0,216.8,228.8,210.64199999999997,2.228639180232349,2.371387542860108,43.35494357427035,0.45634020842805967,-2.769944618607029,3.2262848270350886,74590.45
161521,TOTAL,2021-12-02,216.8,216.8,33605,2026-04-08T03:46:30.651544+00:00,0.0,0.0,0.0,-9.966777408637872,216.8,227.6,210.99400000000003,2.228639180232349,2.371387542860108,43.35494357427036,0.14904240888145637,-2.461793934522906,2.610836343404362,74345.1
161630,TOTAL,2021-12-03,216.8,216.8,25465,2026-04-08T03:46:33.124129+00:00,0.0,0.0,0.0,0.0,216.8,226.4,211.34599999999998,2.228639180232349,2.371387542860108,43.35494357427035,-0.09341646436880069,-2.1634022462185305,2.06998578184973,71910.75
161739,TOTAL,2021-12-06,216.8,216.8,53461,2026-04-08T03:46:37.622095+00:00,0.0,0.0,0.0,0.0,216.8,225.2,211.69800000000004,2.228639180232349,2.371387542860108,43.35494357427036,-0.2823125449566817,-1.8818386614451292,1.5995261164884476,70278.15
161848,TOTAL,2021-12-07,216.8,216.8,119062,2026-04-08T03:46:39.947423+00:00,0.0,0.0,0.0,0.0,216.8,224.00000000000006,212.05,2.228639180232349,2.371387542860108,43.35494357427035,-0.4270908127111852,-1.6212935433597064,1.1942027306485212,74552.95
161957,TOTAL,2021-12-08,216.8,216.8,237444,2026-04-08T03:46:42.482337+00:00,0.0,0.0,0.0,0.0,216.8,222.80000000000004,212.40200000000002,2.228639180232349,2.371387542860108,43.35494357427035,-0.5356539477016327,-1.3838853426801232,0.8482313949784905,86046.25
162066,TOTAL,2021-12-09,216.8,216.8,17465,2026-04-08T03:46:44.852467+00:00,0.0,0.0,0.0,0.0,216.8,221.6,212.75400000000002,2.228639180232349,2.371387542860108,43.35494357427035,-0.6146062164525574,-1.1702700891448385,0.555663872692281,85669.8
162176,TOTAL,2021-12-10,216.8,216.8,97006,2026-04-08T03:46:47.321476+00:00,0.0,0.0,0.0,0.0,216.8,220.4,213.25,2.228639180232349,2.307046339040936,43.35494357427035,-0.6694593476225918,-0.9800985762518983,0.3106392286293065,86391.1
162286,TOTAL,2021-12-13,216.8,216.8,177991,2026-04-08T03:46:51.775824+00:00,0.0,0.0,0.0,0.0,216.8,219.2,213.746,2.228639180232349,2.307046339040936,43.35494357427035,-0.7048062811874729,-0.8123564078534236,0.10755012666595062,93717.4
162396,TOTAL,2021-12-14,216.8,216.8,67599,2026-04-08T03:46:54.126877+00:00,0.0,0.0,0.0,0.0,216.8,218.0,214.24200000000002,2.228639180232349,2.307046339040936,43.35494357427035,-0.7244677672433113,-0.6656143151274095,-0.05885345211590175,94809.2
162506,TOTAL,2021-12-15,216.8,216.8,38202,2026-04-08T03:46:56.822916+00:00,0.0,0.0,0.0,0.0,216.8,216.8,214.73800000000003,2.228639180232349,2.307046339040936,43.35494357427036,-0.7316160225036299,-0.5382100563101825,-0.19340596619344738,96060.65
162616,TOTAL,2021-12-16,221.9,221.9,795129,2026-04-08T03:46:59.215115+00:00,2.352398523985233,0.0,0.0,0.0,217.82000000000002,217.055,215.336,0.5260123009801151,2.3253560860406735,62.649417715070136,-0.3220413960266626,-0.10290834386657216,-0.21913305216009044,134707.1
162726,TOTAL,2021-12-17,221.9,221.9,172910,2026-04-08T03:47:01.752329+00:00,0.0,2.352398523985233,0.0,0.0,218.84,217.31,215.93400000000003,0.5260123009801151,2.3253560860406735,62.649417715070136,0.0025203927633015155,0.17732275593871358,-0.17480236317541206,136371.6
162837,TOTAL,2021-12-20,221.9,221.9,320721,2026-04-08T03:47:06.293287+00:00,0.0,0.0,0.0,0.0,219.86000000000004,217.565,216.532,0.5260123009801151,2.3253560860406735,62.64941771507014,0.2567779720971828,0.3452642682180759,-0.08848629612089311,149526.15
162948,TOTAL,2021-12-21,221.9,221.9,133370,2026-04-08T03:47:08.729464+00:00,0.0,0.0,0.0,0.0,220.88000000000002,217.82,217.13,0.5260123009801151,2.3253560860406735,62.64941771507014,0.45305638357416456,0.43323414375604613,0.019822239818118426,154063.95
163059,TOTAL,2021-12-22,221.9,221.9,2693,2026-04-08T03:47:11.106283+00:00,0.0,0.0,0.0,0.0,221.9,218.07500000000005,217.72800000000004,0.5260123009801151,2.3253560860406735,62.649417715070136,0.6016727300752223,0.46548039220568305,0.1361923378695392,153195.4
163170,TOTAL,2021-12-23,221.9,221.9,38734,2026-04-08T03:47:13.420215+00:00,0.0,0.0,2.352398523985233,0.0,221.9,218.33,218.32600000000002,0.5260123009801151,2.3253560860406735,62.649417715070136,0.711253369298845,0.4600488251434446,0.2512045441554004,147124.95
163281,TOTAL,2021-12-24,221.9,221.9,8591,2026-04-08T03:47:15.708642+00:00,0.0,0.0,0.0,0.0,221.9,218.58499999999998,218.924,0.5260123009801151,2.3253560860406735,62.64941771507014,0.7890016949663732,0.4302377206487782,0.358763974317595,126718.7
163392,TOTAL,2021-12-29,221.9,221.9,45877,2026-04-08T03:47:22.624079+00:00,0.0,0.0,0.0,0.0,221.9,218.84,219.52200000000002,0.5260123009801151,2.3253560860406735,62.64941771507014,0.8409241530253553,0.3857281429662082,0.45519601005914706,122662.5
163503,TOTAL,2021-12-30,221.9,221.9,32033,2026-04-08T03:47:25.019388+00:00,0.0,0.0,0.0,0.0,221.9,219.09499999999997,220.12,0.5260123009801151,2.3253560860406735,62.64941771507014,0.8720209603020521,0.333459960194324,0.5385610001077281,122058.25
163614,TOTAL,2021-12-31,221.9,221.9,2562,2026-04-08T03:47:27.803632+00:00,0.0,0.0,0.0,0.0,221.9,219.35000000000005,220.71800000000002,0.5260123009801151,2.3253560860406735,62.64941771507015,0.8864469949456009,0.2783087958702981,0.6081381990753028,120996.0
163725,TOTAL,2022-01-04,221.9,221.9,3690,2026-04-08T03:47:33.190226+00:00,0.0,0.0,0.0,2.352398523985233,221.9,219.60500000000002,221.29600000000002,0.5260123009801151,2.3255879435504228,62.64941771507014,0.8876474836840487,0.2236074276869967,0.664040055997052,119500.25
163837,TOTAL,2022-01-05,221.9,221.9,9589,2026-04-08T03:47:35.481449+00:00,0.0,0.0,0.0,0.0,221.9,219.85999999999999,221.87400000000002,0.5260123009801151,2.3255879435504228,62.64941771507014,0.8784723966992374,0.17154587256174825,0.7069265241374891,118706.45
163949,TOTAL,2022-01-06,221.9,221.9,77116,2026-04-08T03:47:38.067383+00:00,0.0,0.0,0.0,0.0,221.9,220.115,222.452,0.5260123009801151,2.3255879435504228,62.64941771507015,0.8612728567914871,0.12347706612319831,0.7377957906682888,119889.2
164061,TOTAL,2022-01-07,221.9,221.9,73293,2026-04-08T03:47:40.483305+00:00,0.0,0.0,0.0,0.0,221.9,220.36999999999998,223.03,0.5260123009801151,2.3255879435504228,62.64941771507014,0.8379823584957649,0.08014925426198083,0.757833104233784,117600.75
164173,TOTAL,2022-01-10,221.9,221.9,67583,2026-04-08T03:47:45.097739+00:00,0.0,0.0,0.0,0.0,221.9,220.625,223.37000000000003,0.5260123009801151,2.1665584228999895,62.64941771507015,0.8101851605889294,0.04188164508411629,0.7683035155048131,109107.7
164285,TOTAL,2022-01-11,221.9,221.9,24161,2026-04-08T03:47:47.617941+00:00,0.0,0.0,0.0,0.0,221.9,220.88000000000002,223.65600000000003,0.5260123009801151,2.1604750490551283,62.64941771507015,0.7791738498574716,0.008696267482126707,0.7704775823753449,109442.5
164397,TOTAL,2022-01-12,221.9,221.9,114674,2026-04-08T03:47:50.132225+00:00,0.0,0.0,0.0,0.0,221.9,221.13500000000005,223.942,0.5260123009801151,2.1604750490551283,62.64941771507015,0.7459977648130689,-0.01958385404982088,0.7655816188628898,110325.9
164509,TOTAL,2022-01-13,221.9,221.9,39918,2026-04-08T03:47:52.673244+00:00,0.0,0.0,0.0,0.0,221.9,221.39000000000001,223.98,0.5260123009801151,1.9907497112074224,62.64941771507014,0.7115037065610466,-0.04326232984147471,0.7547660364025213,103422.25
164621,TOTAL,2022-01-14,221.9,221.9,978,2026-04-08T03:47:55.308832+00:00,0.0,0.0,0.0,0.0,221.9,221.64499999999998,224.018,0.5260123009801151,1.9907497112074224,62.64941771507015,0.6763701428984916,-0.06271671480322372,0.7390868577017153,100091.2
164733,TOTAL,2022-01-17,221.9,221.9,19124,2026-04-08T03:47:59.999655+00:00,0.0,0.0,0.0,0.0,221.9,221.9,223.64000000000004,0.5260123009801151,1.4548360971783358,62.649417715070136,0.6411359247252904,-0.07836074638113999,0.7194966711064303,99137.3
164845,TOTAL,2022-01-18,221.9,221.9,50256,2026-04-08T03:48:02.353596+00:00,0.0,0.0,0.0,0.0,221.9,221.9,223.262,0.0,1.4548360971783358,62.64941771507015,0.6062243757323245,-0.09061783629928466,0.6968422120316091,61893.65
164957,TOTAL,2022-01-19,221.9,221.9,13885,2026-04-08T03:48:04.820784+00:00,0.0,0.0,0.0,0.0,221.9,221.9,222.88400000000001,0.0,1.4548360971783358,62.64941771507015,0.5719634826383242,-0.0999029835146279,0.6718664661529521,53942.4
165069,TOTAL,2022-01-20,221.9,221.9,64992,2026-04-08T03:48:07.325935+00:00,0.0,0.0,0.0,0.0,221.9,221.9,222.50599999999997,0.0,1.4548360971783358,62.64941771507014,0.5386028002126864,-0.10661093275221256,0.6452137329648989,41155.95
165181,TOTAL,2022-01-21,221.9,221.9,53473,2026-04-08T03:48:09.696329+00:00,0.0,0.0,0.0,0.0,221.9,221.9,222.128,0.0,1.4548360971783358,62.64941771507014,0.5063275897628046,-0.11110891456167549,0.61743650432448,37161.1
165293,TOTAL,2022-01-24,221.9,221.9,139896,2026-04-08T03:48:14.136661+00:00,0.0,0.0,0.0,0.0,221.9,221.9,221.75000000000003,0.0,1.4548360971783358,62.64941771507014,0.4752706289856974,-0.11373270027102611,0.5890033292567235,44021.25
165405,TOTAL,2022-01-25,221.9,221.9,17562,2026-04-08T03:48:16.50614+00:00,0.0,0.0,0.0,0.0,221.9,221.9,221.372,0.0,1.4548360971783358,62.64941771507014,0.4455220628043719,-0.11478501316188128,0.5603070759662532,42962.65
165517,TOTAL,2022-01-26,221.9,221.9,37206,2026-04-08T03:48:19.024911+00:00,0.0,0.0,0.0,0.0,221.9,221.9,220.99400000000003,0.0,1.4548360971783358,62.64941771507014,0.41713760710325687,-0.11453557509039702,0.5316731821936539,44393.4
165629,TOTAL,2022-01-27,221.9,221.9,381491,2026-04-08T03:48:21.585909+00:00,0.0,0.0,0.0,0.0,221.9,221.9,220.61599999999999,0.0,1.4548360971783358,62.64941771507014,0.3901453685100478,-0.11322225094688498,0.5033676194569328,61174.1
165741,TOTAL,2022-01-28,241.0,241.0,699638,2026-04-08T03:48:23.969021+00:00,8.607480847228487,0.0,0.0,0.0,225.72000000000003,222.85500000000002,220.62,1.9246912289430378,1.9109749207243063,96.65325466565618,1.8881982258115784,1.1078644850837165,0.7803337407278619,94554.35
165853,TOTAL,2022-01-31,241.0,241.0,403405,2026-04-08T03:48:28.465348+00:00,0.0,8.607480847228487,0.0,0.0,229.54000000000002,223.81,220.62400000000002,1.9246912289430378,1.9109749207243063,96.65325466565618,3.0403684333747663,1.8080277541175234,1.2323406792572429,114596.5
165965,TOTAL,2022-02-01,241.0,241.0,55687,2026-04-08T03:48:30.807911+00:00,0.0,0.0,0.0,0.0,233.35999999999999,224.76500000000001,221.108,1.9246912289430378,1.2553568988776207,96.65325466565616,3.908417816127951,2.1408617094965665,1.7675561066313845,117196.35
166077,TOTAL,2022-02-02,241.0,241.0,113398,2026-04-08T03:48:33.305516+00:00,0.0,0.0,0.0,0.0,237.18,225.72000000000003,221.592,1.9246912289430378,1.2553568988776207,96.65325466565619,4.543973112403194,2.2211336046174472,2.3228395077857464,122386.8
166189,TOTAL,2022-02-03,241.0,241.0,104893,2026-04-08T03:48:35.918914+00:00,0.0,0.0,0.0,0.0,241.0,226.675,222.076,1.9246912289430378,1.2553568988776207,96.65325466565618,4.9901321267225,2.133834095149403,2.8562980315730973,123775.65
166301,TOTAL,2022-02-04,241.0,241.0,55171,2026-04-08T03:48:38.317721+00:00,0.0,0.0,8.607480847228487,0.0,241.0,227.63000000000002,222.56,1.9246912289430378,1.2553568988776207,96.65325466565618,5.282819307437393,1.941217020691436,3.3416022867459567,122869.55
166413,TOTAL,2022-02-07,241.0,241.0,115011,2026-04-08T03:48:42.904693+00:00,0.0,0.0,0.0,0.0,241.0,228.58499999999998,223.044,1.9246912289430378,1.2553568988776207,96.65325466565618,5.451929556630716,1.6882618159078073,3.763667740722909,125240.95
166525,TOTAL,2022-02-08,241.0,241.0,210347,2026-04-08T03:48:45.378139+00:00,0.0,0.0,0.0,0.0,241.0,229.54000000000002,223.528,1.9246912289430378,1.2553568988776207,96.65325466565618,5.522293090253584,1.4069002796245398,4.115392810629044,134550.25
166637,TOTAL,2022-02-09,241.0,241.0,106217,2026-04-08T03:48:48.035665+00:00,0.0,0.0,0.0,0.0,241.0,230.49499999999998,224.012,1.9246912289430378,1.2553568988776207,96.65325466565618,5.514489099898242,1.1192770314153586,4.395212068482883,134127.4
166749,TOTAL,2022-02-10,264.9,264.9,275100,2026-04-08T03:48:50.398564+00:00,9.917012448132766,0.0,0.0,0.0,245.78000000000003,232.64499999999998,224.974,2.8587632570684836,1.858531069105766,98.96048011547452,7.352084388367416,2.365497855907626,4.98658653245979,145886.5
166861,TOTAL,2022-02-11,264.9,264.9,119390,2026-04-08T03:48:52.774016+00:00,0.0,9.917012448132766,0.0,8.607480847228487,250.56,234.79500000000002,225.93600000000004,2.8587632570684836,1.858531069105766,98.96048011547451,8.708011359237958,2.9771398614225335,5.730871497815424,151807.1
166973,TOTAL,2022-02-14,264.9,264.9,41722,2026-04-08T03:48:57.293433+00:00,0.0,0.0,0.0,0.0,255.33999999999997,236.945,226.89800000000002,2.8587632570684836,1.858531069105766,98.96048011547452,9.671110708390245,3.1521913684598566,6.518919339930388,152937.0
167085,TOTAL,2022-02-15,264.9,264.9,353519,2026-04-08T03:48:59.662493+00:00,0.0,0.0,0.0,0.0,260.12,239.09499999999997,227.86,2.8587632570684836,1.858531069105766,98.96048011547452,10.31546363768743,3.0372354382056326,7.278228199481797,168100.15
167197,TOTAL,2022-02-16,264.9,264.9,125093,2026-04-08T03:49:02.003783+00:00,0.0,0.0,0.0,0.0,264.9,241.24499999999998,228.822,2.8587632570684836,1.858531069105766,98.96048011547452,10.702743412633225,2.7396121705211414,7.963131242112084,173660.55
167309,TOTAL,2022-02-17,264.9,264.9,24844,2026-04-08T03:49:04.32656+00:00,0.0,0.0,9.917012448132766,0.0,264.9,243.39499999999998,229.784,2.8587632570684836,1.858531069105766,98.96048011547451,10.884199151834252,2.3368543277777345,8.547344824056518,171653.15
167421,TOTAL,2022-02-18,264.9,264.9,291426,2026-04-08T03:49:06.711382+00:00,0.0,0.0,0.0,0.0,264.9,245.54500000000002,230.746,2.8587632570684836,1.858531069105766,98.96048011547452,10.902328871700263,1.8839872381149956,9.018341633585267,183550.8
167533,TOTAL,2022-02-21,264.9,264.9,847441,2026-04-08T03:49:10.978464+00:00,0.0,0.0,0.0,0.0,264.9,247.695,231.708,2.8587632570684836,1.858531069105766,98.96048011547451,10.792290004111464,1.4191586964209577,9.373131307690507,218928.05
167645,TOTAL,2022-02-22,264.9,264.9,24855,2026-04-08T03:49:13.528869+00:00,0.0,0.0,0.0,0.0,264.9,249.84499999999997,232.67,2.8587632570684836,1.858531069105766,98.96048011547452,10.583088156238603,0.967965478838476,9.615122677400127,219292.7
167757,TOTAL,2022-02-23,264.9,264.9,1003268,2026-04-08T03:49:15.914345+00:00,0.0,0.0,0.0,0.0,264.9,251.99499999999998,233.632,2.8587632570684836,1.858531069105766,98.96048011547452,10.298578581338404,0.5467647231506216,9.751813858187782,267595.8
167869,TOTAL,2022-02-24,264.9,264.9,268793,2026-04-08T03:49:18.676795+00:00,0.0,0.0,0.0,9.917012448132766,264.9,254.14499999999998,234.59399999999997,2.8587632570684836,1.858531069105766,98.96048011547452,9.958309500361395,0.16519651373888955,9.793112986622505,261960.9
167981,TOTAL,2022-02-25,264.9,264.9,248213,2026-04-08T03:49:21.264729+00:00,0.0,0.0,0.0,0.0,264.9,255.33999999999997,235.55599999999998,2.217511396773647,1.858531069105766,98.96048011547451,9.578231906999292,-0.17190486369857005,9.750136770697862,239389.65
168093,TOTAL,2022-02-28,264.9,264.9,41588,2026-04-08T03:49:25.620712+00:00,0.0,0.0,0.0,0.0,264.9,256.53499999999997,236.518,2.217511396773647,1.858531069105766,98.96048011547452,9.171296676792508,-0.46307207512428405,9.634368751916792,221298.8
168205,TOTAL,2022-03-01,264.9,264.9,296442,2026-04-08T03:49:28.049171+00:00,0.0,0.0,0.0,0.0,264.9,257.72999999999996,237.378,2.217511396773647,1.8382152246511687,98.96048011547452,8.747956577037428,-0.7091297399034922,9.45708631694092,233336.55
168317,TOTAL,2022-03-02,264.9,264.9,15796,2026-04-08T03:49:30.283109+00:00,0.0,0.0,0.0,0.0,264.9,258.925,238.238,2.217511396773647,1.8382152246511687,98.96048011547452,8.316588047861387,-0.9123986152636263,9.228986663125013,228456.45
168429,TOTAL,2022-03-03,264.9,264.9,405697,2026-04-08T03:49:32.551227+00:00,0.0,0.0,0.0,0.0,264.9,260.12,239.09799999999998,2.217511396773647,1.8382152246511687,98.96048011547451,7.883845319328941,-1.076113075036858,8.959958394365799,243496.65
168541,TOTAL,2022-03-04,264.9,264.9,72838,2026-04-08T03:49:34.968546+00:00,0.0,0.0,0.0,0.0,264.9,261.31499999999994,239.958,2.217511396773647,1.8382152246511687,98.96048011547451,7.454957479945165,-1.2040007315365067,8.658958211481671,244380.0
168653,TOTAL,2022-03-07,264.9,264.9,137758,2026-04-08T03:49:39.227432+00:00,0.0,0.0,0.0,0.0,264.9,262.51,240.81799999999998,2.217511396773647,1.8382152246511687,98.9604801154745,7.033977463562394,-1.2999845983354223,8.333962061897816,245517.35
168765,TOTAL,2022-03-08,264.9,264.9,130209,2026-04-08T03:49:41.475537+00:00,0.0,0.0,0.0,0.0,264.9,263.705,241.678,2.217511396773647,1.8382152246511687,98.96048011547452,6.623990528065235,-1.3679772270660653,7.9919677551313,241510.45
168877,TOTAL,2022-03-09,264.9,264.9,301631,2026-04-08T03:49:43.759827+00:00,0.0,0.0,0.0,0.0,264.9,264.9,242.53799999999998,2.217511396773647,1.8382152246511687,98.96048011547451,6.227288621016839,-1.4117433072915695,7.639031928308409,251281.15
168989,TOTAL,2022-03-10,264.9,264.9,136471,2026-04-08T03:49:46.077826+00:00,0.0,0.0,0.0,0.0,264.9,264.9,243.398,0.0,1.8382152246511687,98.96048011547451,5.845516031494412,-1.434812717451198,7.28032874894561,244349.7
169101,TOTAL,2022-03-11,264.9,264.9,68028,2026-04-08T03:49:48.438529+00:00,0.0,0.0,0.0,0.0,264.9,264.9,244.25799999999998,0.0,1.8382152246511687,98.96048011547452,5.479790885498289,-1.440430290757857,6.920221176256146,241781.6
169213,TOTAL,2022-03-14,264.9,264.9,74008,2026-04-08T03:49:53.114563+00:00,0.0,0.0,0.0,0.0,264.9,264.9,245.118,0.0,1.8382152246511687,98.96048011547451,5.1308063308233045,-1.4315318763462743,6.562338207169579,243395.9
169325,TOTAL,2022-03-15,264.9,264.9,28106,2026-04-08T03:49:55.533531+00:00,0.0,0.0,0.0,0.0,264.9,264.9,245.97799999999998,0.0,1.8382152246511687,98.96048011547452,4.798914656011561,-1.410738840926414,6.2096534969379755,227125.25
169437,TOTAL,2022-03-16,264.9,264.9,52302,2026-04-08T03:49:57.903122+00:00,0.0,0.0,0.0,0.0,264.9,264.9,246.838,0.0,1.8382152246511687,98.96048011547452,4.484197079950945,-1.380365133589624,5.8645622135405695,223485.7
169549,TOTAL,2022-03-17,264.9,264.9,17246,2026-04-08T03:50:00.211329+00:00,0.0,0.0,0.0,0.0,264.9,264.9,247.69799999999998,0.0,1.8382152246511687,98.96048011547451,4.186521519448206,-1.3424325552738905,5.528954074722097,223105.8
169661,TOTAL,2022-03-18,264.9,264.9,101309,2026-04-08T03:50:02.865266+00:00,0.0,0.0,0.0,0.0,264.9,264.9,248.558,0.0,1.8382152246511687,98.96048011547452,3.9055902795164457,-1.298691036164521,5.204281315680967,213599.95
169773,TOTAL,2022-03-21,264.9,264.9,86174,2026-04-08T03:50:07.476142+00:00,0.0,0.0,0.0,0.0,264.9,264.9,249.41799999999995,0.0,1.8382152246511687,98.96048011547451,3.640979304874577,-1.250641608645112,4.891620913519689,175536.6
169885,TOTAL,2022-03-24,264.9,264.9,16224,2026-04-08T03:50:12.041871+00:00,0.0,0.0,0.0,0.0,264.9,264.9,250.278,0.0,1.8382152246511687,98.96048011547451,3.3921703725496855,-1.1995604327760034,4.591730805325689,175105.05
169997,TOTAL,2022-03-25,264.9,264.9,113018,2026-04-08T03:50:14.507747+00:00,0.0,0.0,0.0,0.0,264.9,264.9,251.138,0.0,1.8382152246511687,98.96048011547452,3.158577387137882,-1.1465227345502456,4.3051001216881275,130592.55
170109,TOTAL,2022-03-28,264.9,264.9,178616,2026-04-08T03:50:18.995306+00:00,0.0,0.0,0.0,0.0,264.9,264.9,251.998,0.0,1.8382152246511687,98.96048011547452,2.939567755978942,-1.0924258925673485,4.03199364854629,126083.7
170221,TOTAL,2022-03-29,264.9,264.9,283965,2026-04-08T03:50:21.48252+00:00,0.0,0.0,0.0,0.0,264.9,264.9,252.858,0.0,1.8382152246511687,98.96048011547451,2.7344796659714916,-1.038011186059839,3.7724908520313307,127871.3
170333,TOTAL,2022-03-31,264.9,264.9,10965,2026-04-08T03:50:25.686443+00:00,0.0,0.0,0.0,0.0,264.9,264.9,253.71799999999996,0.0,1.8382152246511687,98.96048011547451,2.542635952535761,-0.9838839195964559,3.526519872132217,126340.15
170445,TOTAL,2022-04-01,238.5,238.5,755859,2026-04-08T03:50:28.209626+00:00,-9.966024915062278,0.0,0.0,0.0,259.62,263.58,254.04999999999995,2.228470917553582,2.3486538368368577,10.112940700148249,0.2573722345729266,-2.6153181100474323,2.872690344620359,149311.0
170557,TOTAL,2022-04-04,238.5,238.5,37047,2026-04-08T03:50:32.692631+00:00,0.0,-9.966024915062278,0.0,0.0,254.33999999999997,262.25999999999993,254.38199999999998,2.228470917553582,2.3486538368368577,10.112940700148245,-1.5360095642250258,-3.526959927076308,1.990950362851282,150373.55
170669,TOTAL,2022-04-05,238.5,238.5,33198,2026-04-08T03:50:35.152392+00:00,0.0,0.0,0.0,0.0,249.06,260.93999999999994,254.71399999999997,2.228470917553582,2.3486538368368577,10.112940700148247,-2.9235763916112205,-3.931621403570002,1.0080450119587816,131748.6
170781,TOTAL,2022-04-06,238.5,238.5,31517,2026-04-08T03:50:37.478667+00:00,0.0,0.0,0.0,0.0,243.78000000000003,259.62,255.046,2.228470917553582,2.3486538368368577,10.112940700148247,-3.977384288946695,-3.988343440724381,0.01095915177768636,129682.55
170893,TOTAL,2022-04-07,238.5,238.5,39547,2026-04-08T03:50:39.880974+00:00,0.0,0.0,0.0,0.0,238.5,258.29999999999995,255.37799999999996,2.228470917553582,2.3486538368368577,10.112940700148247,-4.757690940261369,-3.8149200736312445,-0.9427708666301249,124772.0
171005,TOTAL,2022-04-08,238.5,238.5,228156,2026-04-08T03:50:42.48638+00:00,0.0,0.0,-9.966024915062278,0.0,238.5,256.97999999999996,255.70999999999995,2.228470917553582,2.3486538368368577,10.112940700148245,-5.314823605077635,-3.4976421907580075,-1.817181414319627,129669.35
171117,TOTAL,2022-04-11,238.5,238.5,51266,2026-04-08T03:50:47.197044+00:00,0.0,0.0,0.0,0.0,238.5,255.65999999999994,256.042,2.228470917553582,2.3486538368368577,10.112940700148245,-5.690755765773247,-3.098859481162896,-2.591896284610351,117151.1
171229,TOTAL,2022-04-12,238.5,238.5,97687,2026-04-08T03:50:49.473284+00:00,0.0,0.0,0.0,0.0,238.5,254.33999999999997,256.37399999999997,2.228470917553582,2.3486538368368577,10.112940700148245,-5.920437592349316,-2.662833046191172,-3.257604546158144,115211.9
171341,TOTAL,2022-04-13,238.5,238.5,125273,2026-04-08T03:50:51.878986+00:00,0.0,0.0,0.0,0.0,238.5,253.01999999999998,256.32399999999996,2.228470917553582,2.008495936701748,10.112940700148247,-6.032918367104372,-2.2202510567569824,-3.81266731034739,118074.15
171453,TOTAL,2022-04-14,238.5,238.5,23580,2026-04-08T03:50:54.439705+00:00,0.0,0.0,0.0,0.0,238.5,251.69999999999996,256.274,2.228470917553582,2.008495936701748,10.112940700148245,-6.052293123768777,-1.7917006507371092,-4.260592473031668,115552.75
171565,TOTAL,2022-04-19,238.5,238.5,141821,2026-04-08T03:51:01.439974+00:00,0.0,0.0,0.0,-9.966024915062278,238.5,250.37999999999997,256.224,2.228470917553582,2.008495936701748,10.112940700148245,-5.9985007750156285,-1.3903266415871682,-4.60817413342846,121238.5
171677,TOTAL,2022-04-20,238.5,238.5,486402,2026-04-08T03:51:03.698116+00:00,0.0,0.0,0.0,0.0,238.5,249.06,256.174,2.228470917553582,2.008495936701748,10.112940700148247,-5.887996789240162,-1.0238581246493617,-4.864138664590801,142943.5
171789,TOTAL,2022-04-21,238.5,238.5,432977,2026-04-08T03:51:06.083072+00:00,0.0,0.0,0.0,0.0,238.5,247.73999999999995,256.12399999999997,2.228470917553582,2.008495936701748,10.112940700148245,-5.734319913897679,-0.6961449994455027,-5.038174914452176,163730.05
171901,TOTAL,2022-04-22,238.5,238.5,677372,2026-04-08T03:51:08.393199+00:00,0.0,0.0,0.0,0.0,238.5,246.42,256.07399999999996,2.228470917553582,2.008495936701748,10.112940700148247,-5.548569428499491,-0.40831561123785143,-5.140253817261639,192533.2
172013,TOTAL,2022-04-25,234.5,234.5,110427,2026-04-08T03:51:12.880327+00:00,-1.6771488469601636,0.0,0.0,0.0,237.7,244.9,255.944,2.2402573407143898,2.0224355094346675,7.307532797685578,-5.658895180070743,-0.41491309024728285,-5.243982089823461,193745.85
172125,TOTAL,2022-04-26,234.5,234.5,24875,2026-04-08T03:51:15.284155+00:00,0.0,-1.6771488469601636,0.0,0.0,236.9,243.37999999999997,255.81399999999996,2.2402573407143898,2.0224355094346675,7.307532797685577,-5.680843900759669,-0.34948944874896615,-5.331354452010703,194178.4
172237,TOTAL,2022-04-27,234.5,234.5,24951,2026-04-08T03:51:17.680395+00:00,0.0,0.0,0.0,0.0,236.1,241.85999999999999,255.68399999999997,2.2402573407143898,2.0224355094346675,7.307532797685579,-5.633301230065683,-0.24155742244398404,-5.391743807621699,189775.05
172349,TOTAL,2022-04-28,234.5,234.5,255427,2026-04-08T03:51:20.413235+00:00,0.0,0.0,0.0,0.0,235.3,240.33999999999997,255.076,2.2402573407143898,1.424445548829647,7.307532797685578,-5.53185553388019,-0.11208938100679244,-5.419766152873398,193615.6
172461,TOTAL,2022-04-29,234.5,234.5,82088,2026-04-08T03:51:22.882631+00:00,0.0,0.0,0.0,0.0,234.5,238.82,254.46799999999996,2.2402573407143898,1.424445548829647,7.307532797685577,-5.389334198875815,0.024345563198066245,-5.4136797620738815,183521.75
172573,TOTAL,2022-05-04,234.5,234.5,216741,2026-04-08T03:51:29.674847+00:00,0.0,0.0,-1.6771488469601636,0.0,234.5,237.3,253.85999999999996,2.2402573407143898,1.424445548829647,7.307532797685578,-5.2162552703239555,0.15793959339994146,-5.374194863723897,193810.55
172685,TOTAL,2022-05-05,234.5,234.5,64643,2026-04-08T03:51:32.050072+00:00,0.0,0.0,0.0,0.0,234.5,237.1,253.25199999999998,0.37502188301883155,1.424445548829647,7.307532797685576,-5.021207616668505,0.2823897976443135,-5.303597414312819,159249.75
172798,TOTAL,2022-05-09,234.5,234.5,112140,2026-04-08T03:51:37.853933+00:00,0.0,0.0,0.0,0.0,234.5,236.9,252.64399999999998,0.37502188301883155,1.424445548829647,7.307532797685576,-4.811170764184396,0.39394132010273797,-5.205112084287134,163004.4
172911,TOTAL,2022-05-10,234.5,234.5,221758,2026-04-08T03:51:40.332012+00:00,0.0,0.0,0.0,0.0,234.5,236.7,252.03599999999997,0.37502188301883155,1.424445548829647,7.307532797685576,-4.591783819768864,0.4906626116146171,-5.082446431383481,172432.4
173024,TOTAL,2022-05-11,234.5,234.5,579180,2026-04-08T03:51:42.74313+00:00,0.0,0.0,0.0,0.0,234.5,236.5,251.42799999999997,0.37502188301883155,1.424445548829647,7.307532797685576,-4.367571440870421,0.5718999924104491,-4.93947143328087,199815.55
173137,TOTAL,2022-05-12,234.5,234.5,209983,2026-04-08T03:51:45.11326+00:00,0.0,0.0,0.0,-1.6771488469601636,234.5,236.3,250.81999999999996,0.37502188301883155,1.424445548829647,7.307532797685577,-4.142133577734938,0.6378702844367456,-4.780003862171684,208337.35
173250,TOTAL,2022-05-13,234.5,234.5,94109,2026-04-08T03:51:47.585464+00:00,0.0,0.0,0.0,0.0,234.5,236.1,250.21199999999996,0.37502188301883155,1.424445548829647,7.307532797685577,-3.9183046698341,0.6893593538700671,-4.607664023704167,201635.0
173363,TOTAL,2022-05-16,234.5,234.5,100843,2026-04-08T03:51:52.042574+00:00,0.0,0.0,0.0,0.0,234.5,235.9,249.60399999999998,0.37502188301883155,1.424445548829647,7.307532797685578,-3.698287096181474,0.727501542018155,-4.425788638199629,204113.85
173476,TOTAL,2022-05-17,234.5,234.5,128607,2026-04-08T03:51:54.492158+00:00,0.0,0.0,0.0,0.0,234.5,235.7,248.99599999999998,0.37502188301883155,1.424445548829647,7.307532797685577,-3.4837629333917164,0.7536205638463302,-4.237383497238047,205659.85
173589,TOTAL,2022-05-18,234.5,234.5,34488,2026-04-08T03:51:57.297116+00:00,0.0,0.0,0.0,0.0,234.5,235.5,248.38799999999995,0.37502188301883155,1.424445548829647,7.307532797685579,-3.2759874447856134,0.7691168419619467,-4.04510428674756,201120.6
173702,TOTAL,2022-05-19,234.5,234.5,56629,2026-04-08T03:51:59.624655+00:00,0.0,0.0,0.0,0.0,234.5,235.3,247.77999999999997,0.37502188301883155,1.424445548829647,7.307532797685578,-3.0758671908089354,0.7753896767509003,-3.8512568675598358,202773.05
173815,TOTAL,2022-05-20,234.5,234.5,12505,2026-04-08T03:52:02.40298+00:00,0.0,0.0,0.0,0.0,234.5,235.1,247.17199999999997,0.37502188301883155,1.424445548829647,7.307532797685577,-2.884025200476117,0.7737853336669751,-3.657810534143092,196307.25
173928,TOTAL,2022-05-23,234.5,234.5,102354,2026-04-08T03:52:07.648814+00:00,0.0,0.0,0.0,0.0,234.5,234.9,246.56399999999996,0.37502188301883155,1.424445548829647,7.307532797685576,-2.700855262745506,0.7655642171180688,-3.466419479863575,177104.85
174041,TOTAL,2022-05-24,234.5,234.5,225592,2026-04-08T03:52:10.277037+00:00,0.0,0.0,0.0,0.0,234.5,234.7,245.956,0.37502188301883155,1.424445548829647,7.307532797685576,-2.5265670749195976,0.7518819239551817,-3.2784489988747794,166735.6
174154,TOTAL,2022-05-25,234.5,234.5,152813,2026-04-08T03:52:13.066486+00:00,0.0,0.0,0.0,0.0,234.5,234.5,245.34799999999998,0.37502188301883155,1.424445548829647,7.307532797685576,-2.3612237132335565,0.7337802285129786,-3.095003941746535,140507.65
174267,TOTAL,2022-05-26,234.5,234.5,132714,2026-04-08T03:52:15.508934+00:00,0.0,0.0,0.0,0.0,234.5,234.5,244.73999999999995,0.0,1.424445548829647,7.307532797685577,-2.2047726610495317,0.7121850245576029,-2.9169576856071346,141622.0
174380,TOTAL,2022-05-27,234.5,234.5,105738,2026-04-08T03:52:18.156913+00:00,0.0,0.0,0.0,0.0,234.5,234.5,244.13199999999998,0.0,1.424445548829647,7.307532797685578,-2.0570714359930946,0.6879089996912322,-2.744980435684327,145665.15
174493,TOTAL,2022-05-30,234.5,234.5,21682,2026-04-08T03:52:22.656757+00:00,0.0,0.0,0.0,0.0,234.5,234.5,243.52399999999997,0.0,1.424445548829647,7.307532797685579,-1.9179086934447014,0.6616573937917005,-2.579566087236402,145501.7
174606,TOTAL,2022-05-31,234.5,234.5,24038,2026-04-08T03:52:25.114026+00:00,0.0,0.0,0.0,0.0,234.5,234.5,242.916,0.0,1.424445548829647,7.30753279768558,-1.7870215453689582,0.634035633493955,-2.421057178862913,133932.25
174719,TOTAL,2022-06-01,234.5,234.5,14943,2026-04-08T03:52:27.834682+00:00,0.0,0.0,0.0,0.0,234.5,234.5,242.308,0.0,1.424445548829647,7.307532797685579,-1.6641097165874612,0.6055579698203615,-2.2696676864078227,130575.0
174832,TOTAL,2022-06-02,234.5,234.5,9667,2026-04-08T03:52:30.493727+00:00,0.0,0.0,0.0,0.0,234.5,234.5,241.69999999999996,0.0,1.424445548829647,7.307532797685579,-1.5488470619399664,0.5766564995742849,-2.1255035615142512,120221.3
174945,TOTAL,2022-06-03,234.5,234.5,36002,2026-04-08T03:52:33.10221+00:00,0.0,0.0,0.0,0.0,234.5,234.5,241.09199999999998,0.0,1.424445548829647,7.307532797685579,-1.4408908845160227,0.5476901415985831,-1.9885810261146057,118789.25
175058,TOTAL,2022-06-06,234.5,234.5,31151,2026-04-08T03:52:37.969718+00:00,0.0,0.0,0.0,0.0,234.5,234.5,240.48399999999998,0.0,1.424445548829647,7.30753279768558,-1.3398894248873603,0.5189532809817965,-1.8588427058691568,114739.8
175171,TOTAL,2022-06-07,234.5,234.5,25274,2026-04-08T03:52:40.734023+00:00,0.0,0.0,0.0,0.0,234.5,234.5,239.87599999999998,0.0,1.424445548829647,7.30753279768558,-1.2454878320172327,0.4906838990815394,-1.736171731098772,104915.6
175284,TOTAL,2022-06-08,234.5,234.5,23541,2026-04-08T03:52:43.634804+00:00,0.0,0.0,0.0,0.0,234.5,234.5,239.268,0.0,1.424445548829647,7.30753279768558,-1.1573328765546762,0.46307108363527694,-1.6204039601899531,77133.65
175397,TOTAL,2022-06-09,234.5,234.5,24271,2026-04-08T03:52:46.431396+00:00,0.0,0.0,0.0,0.0,234.5,234.5,238.66,0.0,1.424445548829647,7.307532797685581,-1.0750766251061918,0.4362618680670092,-1.511338493173201,67848.05
175510,TOTAL,2022-06-10,234.5,234.5,3439,2026-04-08T03:52:48.916453+00:00,0.0,0.0,0.0,0.0,234.5,234.5,238.05199999999996,0.0,1.424445548829647,7.307532797685582,-0.9983792585854872,0.410367387670171,-1.4087466462556582,63314.55
175623,TOTAL,2022-06-14,234.5,234.5,91092,2026-04-08T03:52:55.08065+00:00,0.0,0.0,0.0,0.0,234.5,234.5,237.444,0.0,1.424445548829647,7.307532797685582,-0.9269111878518004,0.3854683667230865,-1.3123795545748869,62827.0
175736,TOTAL,2022-06-15,234.5,234.5,35193,2026-04-08T03:52:57.782204+00:00,0.0,0.0,0.0,0.0,234.5,234.5,236.83599999999998,0.0,1.424445548829647,7.307532797685582,-0.8603545946803592,0.36161996791562223,-1.2219745625959815,58156.3
175849,TOTAL,2022-06-16,234.5,234.5,33936,2026-04-08T03:53:00.45527+00:00,0.0,0.0,0.0,0.0,234.5,234.5,236.22799999999998,0.0,1.424445548829647,7.307532797685581,-0.7984045049342683,0.3388560461293706,-1.1372605510636389,58128.7
175962,TOTAL,2022-06-17,234.5,234.5,19872,2026-04-08T03:53:03.647185+00:00,0.0,0.0,0.0,0.0,234.5,234.5,235.62,0.0,1.424445548829647,7.307532797685581,-0.7407694829971945,0.3171928544531557,-1.0579623374503502,56290.85
176075,TOTAL,2022-06-20,234.5,234.5,51587,2026-04-08T03:53:09.449588+00:00,0.0,0.0,0.0,0.0,234.5,234.5,235.54,0.0,0.23718466454895257,7.307532797685581,-0.6871720215593484,0.29663225271280147,-0.9838042742721499,58244.95
176188,TOTAL,2022-06-21,234.5,234.5,26660,2026-04-08T03:53:11.833027+00:00,0.0,0.0,0.0,0.0,234.5,234.5,235.46,0.0,0.23718466454895257,7.307532797685581,-0.6373486882783368,0.2771644687950505,-0.9145131570733873,54460.25
176301,TOTAL,2022-06-22,234.5,234.5,73829,2026-04-08T03:53:14.63862+00:00,0.0,0.0,0.0,0.0,234.5,234.5,235.38,0.0,0.23718466454895257,7.307532797685582,-0.5910500802857541,0.2587704614301066,-0.8498205417158607,46872.1
176414,TOTAL,2022-06-23,234.5,234.5,5353,2026-04-08T03:53:17.250825+00:00,0.0,0.0,0.0,0.0,234.5,234.5,235.3,0.0,0.23718466454895257,7.307532797685582,-0.5480406286644097,0.24142393044116084,-0.7894645591055706,39499.1
176527,TOTAL,2022-06-24,234.5,234.5,17393,2026-04-08T03:53:19.718295+00:00,0.0,0.0,0.0,0.0,234.5,234.5,235.22,0.0,0.23718466454895257,7.307532797685583,-0.5080982876087319,0.225093017197471,-0.7331913048062029,33733.05
176640,TOTAL,2022-06-27,234.5,234.5,55539,2026-04-08T03:53:24.073012+00:00,0.0,0.0,0.0,0.0,234.5,234.5,235.14,0.0,0.23718466454895257,7.307532797685582,-0.47101413678038284,0.20974173442065602,-0.6807558712010389,31223.1
176753,TOTAL,2022-06-28,234.5,234.5,20588,2026-04-08T03:53:26.399159+00:00,0.0,0.0,0.0,0.0,234.5,234.5,235.06,0.0,0.23718466454895257,7.307532797685582,-0.43659192018517956,0.19533116081268753,-0.6319230809978671,31168.4
176866,TOTAL,2022-06-29,234.5,234.5,19669,2026-04-08T03:53:28.994117+00:00,0.0,0.0,0.0,0.0,234.5,234.5,234.98,0.0,0.23718466454895257,7.307532797685582,-0.40464754057146024,0.18182043234112544,-0.5864679729125857,30949.95
176979,TOTAL,2022-06-30,234.5,234.5,5789,2026-04-08T03:53:31.346855+00:00,0.0,0.0,0.0,0.0,234.5,234.5,234.9,0.0,0.23718466454895257,7.307532797685582,-0.3750085247422703,0.16916755853625232,-0.5441760832785226,30492.25
177092,TOTAL,2022-07-01,234.5,234.5,4808,2026-04-08T03:53:33.724657+00:00,0.0,0.0,0.0,0.0,234.5,234.5,234.82,0.0,0.23718466454895257,7.307532797685583,-0.34751347217246575,0.15733008888484556,-0.5048435610573113,30249.3
177205,TOTAL,2022-07-04,234.5,234.5,31288,2026-04-08T03:53:38.198731+00:00,0.0,0.0,0.0,0.0,234.5,234.5,234.74,0.0,0.23718466454895257,7.307532797685581,-0.32201149682944674,0.1462656513822917,-0.46827714821173844,30013.6
177318,TOTAL,2022-07-06,234.5,234.5,4065,2026-04-08T03:53:41.625349+00:00,0.0,0.0,0.0,0.0,234.5,234.5,234.66,0.0,0.23718466454895257,7.307532797685581,-0.2983616700299194,0.1359323825454552,-0.4342940525753746,28659.3
177431,TOTAL,2022-07-07,234.5,234.5,33281,2026-04-08T03:53:44.268487+00:00,0.0,0.0,0.0,0.0,234.5,234.5,234.58,0.0,0.23718466454895257,7.307532797685581,-0.27643247045728003,0.12628926569447574,-0.40272173615175577,29059.65
177544,TOTAL,2022-07-13,234.5,234.5,11035,2026-04-08T03:53:51.5999+00:00,0.0,0.0,0.0,0.0,234.5,234.5,234.5,0.0,0.23718466454895257,7.307532797685581,-0.25610124605756823,0.11729639207535003,-0.37339763813291826,28434.35
177657,TOTAL,2022-07-14,234.5,234.5,18794,2026-04-08T03:53:54.010732+00:00,0.0,0.0,0.0,0.0,234.5,234.5,234.5,0.0,0.0,7.307532797685581,-0.23725369137338248,0.10891515740762864,-0.3461688487810111,28160.5
177770,TOTAL,2022-07-15,234.5,234.5,115649,2026-04-08T03:53:56.616585+00:00,0.0,0.0,0.0,0.0,234.5,234.5,234.5,0.0,0.0,7.307532797685582,-0.21978334292995783,0.10110840468084265,-0.32089174761080047,33771.0
177883,TOTAL,2022-07-18,234.5,234.5,14042,2026-04-08T03:54:01.214275+00:00,0.0,0.0,0.0,0.0,234.5,234.5,234.5,0.0,0.0,7.307532797685582,-0.20359109451493396,0.09384052247669328,-0.29743161699162723,29918.5
177996,TOTAL,2022-07-19,234.5,234.5,110486,2026-04-08T03:54:03.665978+00:00,0.0,0.0,0.0,0.0,234.5,234.5,234.5,0.0,0.0,7.307532797685582,-0.1885847335685753,0.08707750673844156,-0.27566224030701686,33683.15
178109,TOTAL,2022-07-20,234.5,234.5,6217,2026-04-08T03:54:06.203384+00:00,0.0,0.0,0.0,0.0,234.5,234.5,234.5,0.0,0.0,7.307532797685581,-0.17467849939609437,0.08078699272873802,-0.2554654921248324,32297.2
178222,TOTAL,2022-07-21,234.5,234.5,13129,2026-04-08T03:54:08.685258+00:00,0.0,0.0,0.0,0.0,234.5,234.5,234.5,0.0,0.0,7.307532797685582,-0.16179266351289812,0.07493826288954744,-0.23673092640244556,31960.05
178335,TOTAL,2022-07-22,234.5,234.5,15024,2026-04-08T03:54:11.171489+00:00,0.0,0.0,0.0,0.0,234.5,234.5,234.5,0.0,0.0,7.307532797685581,-0.1498531321113603,0.06950223543286821,-0.21935536754422852,30131.9
178448,TOTAL,2022-07-25,234.5,234.5,28388,2026-04-08T03:54:15.900169+00:00,0.0,0.0,0.0,0.0,234.5,234.5,234.5,0.0,0.0,7.307532797685582,-0.13879107039093697,0.06445143772263326,-0.20324250811357022,30218.3
178561,TOTAL,2022-07-26,234.5,234.5,72295,2026-04-08T03:54:18.382379+00:00,0.0,0.0,0.0,0.0,234.5,234.5,234.5,0.0,0.0,7.307532797685581,-0.12854254829784395,0.05975996785258103,-0.18830251615042498,30141.6
178674,TOTAL,2022-07-27,234.5,234.5,10866,2026-04-08T03:54:20.730044+00:00,0.0,0.0,0.0,0.0,234.5,234.5,234.5,0.0,0.0,7.307532797685581,-0.11904820707624708,0.05540344725934232,-0.1744516543355894,30417.25
178787,TOTAL,2022-07-28,234.5,234.5,5013,2026-04-08T03:54:23.385493+00:00,0.0,0.0,0.0,0.0,234.5,234.5,234.5,0.0,0.0,7.307532797685582,-0.11025294592451473,0.051358966728859756,-0.1616119126533745,29798.25
178900,TOTAL,2022-07-29,234.5,234.5,9186,2026-04-08T03:54:25.692024+00:00,0.0,0.0,0.0,0.0,234.5,234.5,234.5,0.0,0.0,7.307532797685582,-0.10210562797459488,0.04760502774302369,-0.14971065571761857,27480.6
179013,TOTAL,2022-08-01,234.5,234.5,55317,2026-04-08T03:54:30.144665+00:00,0.0,0.0,0.0,0.0,234.5,234.5,234.5,0.0,0.0,7.307532797685582,-0.0945588047605952,0.044121480765618726,-0.13868028552621392,29217.05
179126,TOTAL,2022-08-02,234.5,234.5,9086,2026-04-08T03:54:32.509592+00:00,0.0,0.0,0.0,0.0,234.5,234.5,234.5,0.0,0.0,7.307532797685581,-0.08756845831359783,0.040889461770092866,-0.1284579200836907,28687.9
179239,TOTAL,2022-08-03,234.5,234.5,69464,2026-04-08T03:54:34.924873+00:00,0.0,0.0,0.0,0.0,234.5,234.5,234.5,0.0,0.0,7.307532797685582,-0.08109376000535917,0.037891328062665236,-0.11898508806802441,31871.65
179352,TOTAL,2022-08-04,234.5,234.5,50285,2026-04-08T03:54:37.32089+00:00,0.0,0.0,0.0,0.0,234.5,234.5,234.5,0.0,0.0,7.307532797685581,-0.07509684526237947,0.03511059424451596,-0.11020743950689543,34145.5
179465,TOTAL,2022-08-05,234.5,234.5,61630,2026-04-08T03:54:40.805957+00:00,0.0,0.0,0.0,0.0,234.5,234.5,234.5,0.0,0.0,7.307532797685582,-0.0695426032812918,0.03253186898048291,-0.10207447226177471,35662.6
179578,TOTAL,2022-08-08,234.5,234.5,31816,2026-04-08T03:54:45.81173+00:00,0.0,0.0,0.0,0.0,234.5,234.5,234.5,0.0,0.0,7.307532797685582,-0.06439848089405587,0.030140793094175083,-0.09453927398823095,37050.15
179691,TOTAL,2022-08-09,234.5,234.5,77503,2026-04-08T03:54:48.637408+00:00,0.0,0.0,0.0,0.0,234.5,234.5,234.5,0.0,0.0,7.307532797685582,-0.05963429975426493,0.027923979387172823,-0.08755827914143775,39261.25
179804,TOTAL,2022-08-10,234.5,234.5,35440,2026-04-08T03:54:51.561754+00:00,0.0,0.0,0.0,0.0,234.5,234.5,234.5,0.0,0.0,7.307532797685581,-0.05522208604358525,0.025868954478281997,-0.08109104052186725,40481.5
179917,TOTAL,2022-08-11,234.5,234.5,10474,2026-04-08T03:54:54.196076+00:00,0.0,0.0,0.0,0.0,234.5,234.5,234.5,0.0,0.0,7.307532797685581,-0.05113591192787226,0.023964102875195986,-0.07510001480306824,40065.5
180030,TOTAL,2022-08-12,234.5,234.5,94806,2026-04-08T03:54:57.115593+00:00,0.0,0.0,0.0,0.0,234.5,234.5,234.5,0.0,0.0,7.307532797685583,-0.04735174802604547,0.02219861342161822,-0.06955036144766369,39023.35
180143,TOTAL,2022-08-15,234.5,234.5,106778,2026-04-08T03:55:01.874457+00:00,0.0,0.0,0.0,0.0,234.5,234.5,234.5,0.0,0.0,7.307532797685583,-0.04384732618817111,0.020562428207594075,-0.06440975439576518,43660.15
180256,TOTAL,2022-08-16,234.5,234.5,4604,2026-04-08T03:55:04.540652+00:00,0.0,0.0,0.0,0.0,234.5,234.5,234.5,0.0,0.0,7.307532797685583,-0.04060201191416013,0.01904619398528405,-0.05964820589944418,38366.05
180369,TOTAL,2022-08-17,234.5,234.5,2809,2026-04-08T03:55:07.214991+00:00,0.0,0.0,0.0,0.0,234.5,234.5,234.5,0.0,0.0,7.307532797685584,-0.03759668578024389,0.017641216095360242,-0.05523790187560413,38195.65
180482,TOTAL,2022-08-18,234.5,234.5,11186,2026-04-08T03:55:09.916723+00:00,0.0,0.0,0.0,0.0,234.5,234.5,234.5,0.0,0.0,7.3075327976855835,-0.034813633273302,0.016339414881841707,-0.05115304815514371,38098.5
180595,TOTAL,2022-08-19,234.5,234.5,4389,2026-04-08T03:55:12.400686+00:00,0.0,0.0,0.0,0.0,234.5,234.5,234.5,0.0,0.0,7.307532797685583,-0.032236442468416726,0.015133284549381593,-0.04736972701779832,37566.75
180708,TOTAL,2022-08-22,234.5,234.5,5663,2026-04-08T03:55:17.568382+00:00,0.0,0.0,0.0,0.0,234.5,234.5,234.5,0.0,0.0,7.3075327976855835,-0.029849909017684695,0.014015854400090899,-0.043865763417775594,36430.5
180821,TOTAL,2022-08-23,234.5,234.5,1968,2026-04-08T03:55:19.990422+00:00,0.0,0.0,0.0,0.0,234.5,234.5,234.5,0.0,0.0,7.3075327976855835,-0.02763994794921132,0.012980652374851423,-0.04062060032406274,32914.15
180934,TOTAL,2022-08-24,234.5,234.5,9164,2026-04-08T03:55:23.644905+00:00,0.0,0.0,0.0,0.0,234.5,234.5,234.5,0.0,0.0,7.3075327976855835,-0.025593511807841196,0.01202167081297724,-0.037615182620818435,32829.05
181047,TOTAL,2022-08-25,234.5,234.5,7033,2026-04-08T03:55:26.062264+00:00,0.0,0.0,0.0,0.0,234.5,234.5,234.5,0.0,0.0,7.307532797685583,-0.02369851469643436,0.011133334339507264,-0.03483184903594162,32930.05
181160,TOTAL,2022-08-26,234.5,234.5,2821,2026-04-08T03:55:28.378019+00:00,0.0,0.0,0.0,0.0,234.5,234.5,234.5,0.0,0.0,7.3075327976855835,-0.021943761806340945,0.010310469783680547,-0.03225423159002149,32611.8
181273,TOTAL,2022-08-29,234.5,234.5,2152,2026-04-08T03:55:33.185942+00:00,0.0,0.0,0.0,0.0,234.5,234.5,234.5,0.0,0.0,7.307532797685582,-0.02031888405130644,0.009548278030972045,-0.029867162082278485,29953.55
181386,TOTAL,2022-08-30,234.5,234.5,1151,2026-04-08T03:55:35.909469+00:00,0.0,0.0,0.0,0.0,234.5,234.5,234.5,0.0,0.0,7.307532797685583,-0.018814277444931804,0.008842307709877345,-0.02765658515480915,29556.8
181499,TOTAL,2022-08-31,234.5,234.5,7058,2026-04-08T03:55:38.363566+00:00,0.0,0.0,0.0,0.0,234.5,234.5,234.5,0.0,0.0,7.307532797685583,-0.01742104688503332,0.008188430615820665,-0.025609477500853985,26436.5
181612,TOTAL,2022-09-01,234.5,234.5,9564,2026-04-08T03:55:40.868139+00:00,0.0,0.0,0.0,0.0,234.5,234.5,234.5,0.0,0.0,7.307532797685582,-0.016130954031723377,0.007582818775304489,-0.023713772807027866,24400.45
181725,TOTAL,2022-09-02,234.5,234.5,57149,2026-04-08T03:55:43.232165+00:00,0.0,0.0,0.0,0.0,234.5,234.5,234.5,0.0,0.0,7.3075327976855835,-0.014936368986724347,0.007021923056242815,-0.021958292042967162,24176.4
181838,TOTAL,2022-09-05,234.5,234.5,329,2026-04-08T03:55:48.110555+00:00,0.0,0.0,0.0,0.0,234.5,234.5,234.5,0.0,0.0,7.307532797685583,-0.013830225501521909,0.006502453233156201,-0.02033267873467811,22602.05
181951,TOTAL,2022-09-06,234.5,234.5,24866,2026-04-08T03:55:50.526892+00:00,0.0,0.0,0.0,0.0,234.5,234.5,234.5,0.0,0.0,7.307532797685582,-0.012805979460381423,0.00602135941943735,-0.018827338879818772,19970.2
182064,TOTAL,2022-09-07,234.5,234.5,4980,2026-04-08T03:55:53.051287+00:00,0.0,0.0,0.0,0.0,234.5,234.5,234.5,0.0,0.0,7.307532797685583,-0.011857570402952433,0.0055758147814930735,-0.017433385184445507,18447.2
182177,TOTAL,2022-09-08,234.5,234.5,4285,2026-04-08T03:55:55.74031+00:00,0.0,0.0,0.0,0.0,234.5,234.5,234.5,0.0,0.0,7.307532797685583,-0.010979385866221492,0.005163199454579215,-0.016142585320800706,18137.75
182290,TOTAL,2022-09-09,234.5,234.5,2493,2026-04-08T03:55:58.848563+00:00,0.0,0.0,0.0,0.0,234.5,234.5,234.5,0.0,0.0,7.3075327976855835,-0.010166228341830674,0.004781085583176026,-0.0149473139250067,13522.1
182403,TOTAL,2022-09-12,234.5,234.5,5255,2026-04-08T03:56:03.370953+00:00,0.0,0.0,0.0,0.0,234.5,234.5,234.5,0.0,0.0,7.307532797685585,-0.009413284659274268,0.0044272234125859455,-0.013840508071860214,8445.95
182516,TOTAL,2022-09-13,234.5,234.5,10719,2026-04-08T03:56:05.83654+00:00,0.0,0.0,0.0,0.0,234.5,234.5,234.5,0.0,0.0,7.307532797685584,-0.008716097618417962,0.0040995283627538025,-0.012815625981171764,8751.7
182629,TOTAL,2022-09-14,234.5,234.5,1433,2026-04-08T03:56:08.091672+00:00,0.0,0.0,0.0,0.0,234.5,234.5,234.5,0.0,0.0,7.307532797685584,-0.008070539707546232,0.0037960690189004255,-0.011866608726446657,8682.9
182742,TOTAL,2022-09-16,234.5,234.5,1636,2026-04-08T03:56:11.4683+00:00,0.0,0.0,0.0,0.0,234.5,234.5,234.5,0.0,0.0,7.307532797685583,-0.0074727887550523064,0.00351505597711548,-0.010987844732167787,8205.4
182855,TOTAL,2022-09-19,234.5,234.5,2403,2026-04-08T03:56:15.923342+00:00,0.0,0.0,0.0,0.0,234.5,234.5,234.5,0.0,0.0,7.307532797685583,-0.006919305373429552,0.003254831486990588,-0.01017413686042014,8106.1
182968,TOTAL,2022-09-20,211.1,211.1,293282,2026-04-08T03:56:18.184056+00:00,-9.97867803837953,0.0,0.0,0.0,229.82,233.33,234.032,2.2313002419400885,1.411198181643088,0.003399225673073286,-1.8730734787311292,-1.4903194734965672,-0.382754005234562,22487.05
183081,TOTAL,2022-09-21,211.1,211.1,71434,2026-04-08T03:56:20.42724+00:00,0.0,-9.97867803837953,0.0,0.0,225.14000000000001,232.16000000000003,233.56400000000002,2.2313002419400885,1.411198181643088,0.0033992256730732856,-3.3138145150799687,-2.3448484078763254,-0.9689661072036435,25960.35
183194,TOTAL,2022-09-22,211.1,211.1,16257,2026-04-08T03:56:22.767495+00:00,0.0,0.0,0.0,0.0,220.45999999999998,230.99,233.09600000000003,2.2313002419400885,1.411198181643088,0.0033992256730732864,-4.404835959340971,-2.748695881709862,-1.6561400776311093,26315.0
183307,TOTAL,2022-09-23,211.1,211.1,55277,2026-04-08T03:56:25.066978+00:00,0.0,0.0,0.0,0.0,215.78000000000003,229.82000000000002,232.62800000000004,2.2313002419400885,1.411198181643088,0.003399225673073287,-5.209427279382055,-2.8426297614007563,-2.366797517981299,28727.2
183420,TOTAL,2022-09-26,211.1,211.1,13770,2026-04-08T03:56:29.379703+00:00,0.0,0.0,0.0,0.0,211.1,228.65,232.16,2.2313002419400885,1.411198181643088,0.003399225673073286,-5.780438401586508,-2.730912706884167,-3.049525694702341,29274.65
183533,TOTAL,2022-09-28,211.1,211.1,16896,2026-04-08T03:56:32.717753+00:00,0.0,0.0,-9.97867803837953,0.0,211.1,227.48000000000002,231.692,2.2313002419400885,1.411198181643088,0.0033992256730732864,-6.161937846030611,-2.4899297210626155,-3.6720081249679954,30011.85
183646,TOTAL,2022-09-29,211.1,211.1,39056,2026-04-08T03:56:35.489047+00:00,0.0,0.0,0.0,0.0,211.1,226.31000000000003,231.22400000000002,2.2313002419400885,1.411198181643088,0.003399225673073287,-6.390611908247166,-2.174883026623336,-4.21572888162383,31907.1
183759,TOTAL,2022-09-30,211.1,211.1,18143,2026-04-08T03:56:37.947618+00:00,0.0,0.0,0.0,0.0,211.1,225.14000000000001,230.75600000000003,2.2313002419400885,1.411198181643088,0.003399225673073287,-6.496945012168993,-1.8249729044361302,-4.671972107732863,32461.35
183872,TOTAL,2022-10-05,211.1,211.1,22618,2026-04-08T03:56:44.538147+00:00,0.0,0.0,0.0,0.0,211.1,223.97000000000003,230.28800000000004,2.2313002419400885,1.411198181643088,0.0033992256730732873,-6.506215164675638,-1.4673944455542198,-5.038820719121418,33114.05
183986,TOTAL,2022-10-06,211.1,211.1,8908,2026-04-08T03:56:46.932693+00:00,0.0,0.0,0.0,0.0,211.1,222.8,229.82,2.2313002419400885,1.411198181643088,0.0033992256730732877,-6.4393332025121595,-1.120409986712593,-5.3189232157995665,30702.0
184100,TOTAL,2022-10-07,211.1,211.1,55153,2026-04-08T03:56:49.334037+00:00,0.0,0.0,0.0,-9.97867803837953,211.1,221.63000000000002,229.352,2.2313002419400885,1.411198181643088,0.0033992256730732877,-6.31355009024719,-0.7957014995580991,-5.517848590689091,33443.2
184214,TOTAL,2022-10-11,211.1,211.1,42623,2026-04-08T03:56:55.029281+00:00,0.0,0.0,0.0,0.0,211.1,220.46000000000004,228.88400000000001,2.2313002419400885,1.411198181643088,0.0033992256730732873,-6.143052779039607,-0.5001633506804124,-5.642889428359195,34331.05
184328,TOTAL,2022-10-12,211.1,211.1,4319,2026-04-08T03:56:58.300033+00:00,0.0,0.0,0.0,0.0,211.1,219.29000000000002,228.41600000000003,2.2313002419400885,1.411198181643088,0.0033992256730732877,-5.9394659650845085,-0.23726122938025096,-5.702204735704258,34298.0
184442,TOTAL,2022-10-13,211.1,211.1,3738,2026-04-08T03:57:00.825788+00:00,0.0,0.0,0.0,0.0,211.1,218.12000000000003,227.94800000000004,2.2313002419400885,1.411198181643088,0.0033992256730732873,-5.712274404691385,-0.008055735189701707,-5.704218669501683,34270.65
184556,TOTAL,2022-10-14,211.1,211.1,1617,2026-04-08T03:57:03.298348+00:00,0.0,0.0,0.0,0.0,211.1,216.95,227.48,2.2313002419400885,1.411198181643088,0.0033992256730732877,-5.469178174700289,0.18803239584111608,-5.657210570541405,34226.85
184670,TOTAL,2022-10-17,211.1,211.1,22547,2026-04-08T03:57:07.885609+00:00,0.0,0.0,0.0,0.0,211.1,215.78000000000003,227.012,2.2313002419400885,1.411198181643088,0.0033992256730732877,-5.216391348642304,0.3526553775192811,-5.569046726161585,35091.45
184784,TOTAL,2022-10-18,211.1,211.1,5175,2026-04-08T03:57:10.303346+00:00,0.0,0.0,0.0,0.0,211.1,214.60999999999999,226.544,2.2313002419400885,1.411198181643088,0.0033992256730732873,-4.9588929367889705,0.488123031498092,-5.4470159682870625,34814.25
184898,TOTAL,2022-10-19,197.0,197.0,115507,2026-04-08T03:57:12.819589+00:00,-6.679298910468967,0.0,0.0,0.0,208.27999999999997,212.73499999999999,225.794,2.618885254289971,1.6820619356238775,0.001088464476972279,-5.825423891185494,-0.3027263383187453,-5.522697552866749,40517.95
185012,TOTAL,2022-10-20,197.0,197.0,65315,2026-04-08T03:57:15.111185+00:00,0.0,-6.679298910468967,0.0,0.0,205.45999999999998,210.85999999999999,225.044,2.618885254289971,1.6820619356238775,0.001088464476972279,-6.43794331253676,-0.7321966077360091,-5.705746704800751,43701.9
185126,TOTAL,2022-10-21,197.0,197.0,39951,2026-04-08T03:57:17.499968+00:00,0.0,0.0,0.0,0.0,202.64000000000001,208.98499999999999,224.294,2.618885254289971,1.6820619356238775,0.001088464476972279,-6.844470570717533,-0.9109790927334256,-5.9334914779841075,45579.3
185240,TOTAL,2022-10-24,197.0,197.0,56571,2026-04-08T03:57:21.686266+00:00,0.0,0.0,0.0,0.0,199.82,208.27999999999997,223.544,1.4935366405848893,1.6820619356238775,0.001088464476972279,-7.084975168201396,-0.921186952173831,-6.163788216027565,33743.75
185354,TOTAL,2022-10-26,197.0,197.0,18583,2026-04-08T03:57:24.913682+00:00,0.0,0.0,0.0,0.0,197.0,207.575,222.794,1.4935366405848893,1.6820619356238775,0.001088464476972279,-7.192664238387323,-0.8231008178878056,-6.369563420499517,31101.2
185468,TOTAL,2022-10-27,197.0,197.0,106836,2026-04-08T03:57:27.260544+00:00,0.0,0.0,-6.679298910468967,0.0,197.0,206.86999999999998,222.044,1.4935366405848893,1.6820619356238775,0.0010884644769722793,-7.195068333394687,-0.6604039303161358,-6.534664403078551,35630.15
185582,TOTAL,2022-10-28,197.0,197.0,22031,2026-04-08T03:57:29.835926+00:00,0.0,0.0,0.0,0.0,197.0,206.16499999999996,221.294,1.4935366405848893,1.6820619356238775,0.001088464476972279,-7.114956802891669,-0.46423391985049367,-6.650722883041175,33967.85
185696,TOTAL,2022-10-31,197.0,197.0,10325,2026-04-08T03:57:34.21591+00:00,0.0,0.0,0.0,0.0,197.0,205.45999999999998,220.544,1.4935366405848893,1.6820619356238775,0.0010884644769722793,-6.971109229957477,-0.2563090775330412,-6.714800152424436,33795.6
185810,TOTAL,2022-11-01,197.0,197.0,4452,2026-04-08T03:57:36.609373+00:00,0.0,0.0,0.0,0.0,197.0,204.755,219.794,1.4935366405848893,1.6820619356238775,0.0010884644769722793,-6.7789652998243355,-0.05133211791991954,-6.727633181904416,33173.4
185924,TOTAL,2022-11-02,197.0,197.0,15659,2026-04-08T03:57:39.066556+00:00,0.0,0.0,0.0,0.0,197.0,204.05,219.044,1.4935366405848893,1.6820619356238775,0.0010884644769722793,-6.551172017813201,0.14116893127297292,-6.692340949086174,32003.55
186038,TOTAL,2022-11-03,197.0,197.0,21215,2026-04-08T03:57:41.442199+00:00,0.0,0.0,0.0,-6.679298910468967,197.0,203.345,218.294,1.4935366405848893,1.6820619356238775,0.0010884644769722793,-6.298044266746757,0.3154373458715334,-6.6134816126182905,32157.15
186152,TOTAL,2022-11-04,197.0,197.0,34130,2026-04-08T03:57:43.70904+00:00,0.0,0.0,0.0,0.0,197.0,202.64000000000001,217.544,1.4935366405848893,1.6820619356238775,0.0010884644769722793,-6.027952219424094,0.468423514555357,-6.496375733979451,32732.75
186266,TOTAL,2022-11-08,197.0,197.0,14854,2026-04-08T03:57:49.123122+00:00,0.0,0.0,0.0,0.0,197.0,201.935,216.794,1.4935366405848893,1.6820619356238775,0.0010884644769722793,-5.747647028850224,0.5989829641033815,-6.346629992953606,33030.05
186380,TOTAL,2022-11-09,197.0,197.0,16638,2026-04-08T03:57:51.464602+00:00,0.0,0.0,0.0,0.0,197.0,201.23,216.044,1.4935366405848893,1.6820619356238775,0.0010884644769722793,-5.462534449011969,0.7072764351533101,-6.169810884165279,31104.3
186494,TOTAL,2022-11-10,197.0,197.0,3692,2026-04-08T03:57:54.291842+00:00,0.0,0.0,0.0,0.0,197.0,200.525,215.294,1.4935366405848893,1.6820619356238775,0.0010884644769722795,-5.176904542312371,0.7943250734823257,-5.971229615794697,29157.75
186608,TOTAL,2022-11-11,197.0,197.0,17075,2026-04-08T03:57:56.704911+00:00,0.0,0.0,0.0,0.0,197.0,199.82,214.544,1.4935366405848893,1.6820619356238775,0.0010884644769722795,-4.894124364216509,0.861684201262551,-5.75580856547906,29795.55
186722,TOTAL,2022-11-14,197.0,197.0,20255,2026-04-08T03:58:01.331373+00:00,0.0,0.0,0.0,0.0,197.0,199.115,213.794,1.4935366405848893,1.6820619356238775,0.0010884644769722795,-4.616799445603334,0.9112072959005815,-5.528006741503916,30621.4
186836,TOTAL,2022-11-15,197.0,197.0,4100,2026-04-08T03:58:03.6444+00:00,0.0,0.0,0.0,0.0,197.0,198.41,213.044,1.4935366405848893,1.6820619356238775,0.0010884644769722795,-4.346908988620328,0.9448782023068709,-5.291787190927199,30745.55
186950,TOTAL,2022-11-16,197.0,197.0,20856,2026-04-08T03:58:06.118311+00:00,0.0,0.0,0.0,0.0,197.0,197.70499999999998,212.294,1.4935366405848893,1.6820619356238775,0.0010884644769722797,-4.085918927011193,0.9646946111328045,-5.050613538143997,30661.0
187064,TOTAL,2022-11-17,197.0,197.0,47834,2026-04-08T03:58:08.47049+00:00,0.0,0.0,0.0,0.0,197.0,197.0,211.544,1.4935366405848893,1.6820619356238775,0.0010884644769722797,-3.8348763553571814,0.9725897462294526,-4.807466101586634,32793.95
187178,TOTAL,2022-11-18,197.0,197.0,5896,2026-04-08T03:58:10.955275+00:00,0.0,0.0,0.0,0.0,197.0,197.0,210.794,0.0,1.6820619356238775,0.0010884644769722795,-3.5944882851968316,0.9703822531118425,-4.564870538308674,27313.4
187292,TOTAL,2022-11-21,193.0,193.0,8734,2026-04-08T03:58:15.672507+00:00,-2.030456852791873,0.0,0.0,0.0,196.2,196.8,209.96400000000003,0.4540239548222912,1.6982863704148985,0.000568593115224272,-3.6842755432170975,0.7044759960732616,-4.388751539290359,24484.35
187406,TOTAL,2022-11-22,193.0,193.0,55425,2026-04-08T03:58:18.170118+00:00,0.0,-2.030456852791873,0.0,0.0,195.4,196.6,209.13400000000001,0.4540239548222912,1.6982863704148985,0.000568593115224272,-3.712635639464139,0.5408927198609756,-4.253528359325115,25258.05
187520,TOTAL,2022-11-24,193.0,193.0,55219,2026-04-08T03:58:21.692503+00:00,0.0,0.0,0.0,0.0,194.6,196.4,208.304,0.4540239548222912,1.6982863704148985,0.0005685931152242719,-3.6925458500342074,0.44878600743272656,-4.141331857466934,25190.45
187634,TOTAL,2022-11-25,193.0,193.0,6038,2026-04-08T03:58:24.033539+00:00,0.0,0.0,0.0,0.0,193.8,196.2,207.47400000000002,0.4540239548222912,1.6982863704148985,0.000568593115224272,-3.6347256919334257,0.40528493242680685,-4.0400106243602325,24563.2
187748,TOTAL,2022-11-28,193.0,193.0,31456,2026-04-08T03:58:28.532723+00:00,0.0,0.0,0.0,0.0,193.0,196.0,206.644,0.4540239548222912,1.6982863704148985,0.000568593115224272,-3.548003622858033,0.3936056012017599,-3.941609224059793,20794.2
187862,TOTAL,2022-11-29,193.0,193.0,9771,2026-04-08T03:58:30.983113+00:00,0.0,0.0,-2.030456852791873,0.0,193.0,195.8,205.81400000000002,0.4540239548222912,1.6982863704148985,0.000568593115224272,-3.439625892125406,0.40158666554751,-3.841212557672916,20181.2
187976,TOTAL,2022-11-30,193.0,193.0,75341,2026-04-08T03:58:33.448849+00:00,0.0,0.0,0.0,0.0,193.0,195.6,204.984,0.4540239548222912,1.6982863704148985,0.0005685931152242719,-3.315516548763668,0.4205568071273986,-3.7360733558910666,23432.0
188090,TOTAL,2022-12-01,193.0,193.0,23735,2026-04-08T03:58:35.664261+00:00,0.0,0.0,0.0,0.0,193.0,195.4,204.15400000000002,0.4540239548222912,1.6982863704148985,0.000568593115224272,-3.180496219363249,0.44446170922225425,-3.6249579285855034,24396.15
188204,TOTAL,2022-12-02,193.0,193.0,87224,2026-04-08T03:58:37.897027+00:00,0.0,0.0,0.0,0.0,193.0,195.2,203.324,0.4540239548222912,1.6982863704148985,0.0005685931152242719,-3.0384660898403126,0.46919347099615294,-3.5076595608364656,27974.4
188318,TOTAL,2022-12-05,193.0,193.0,94874,2026-04-08T03:58:42.456795+00:00,0.0,0.0,0.0,0.0,193.0,195.0,202.49400000000003,0.4540239548222912,1.6982863704148985,0.0005685931152242721,-2.8925625286489094,0.4920776257500452,-3.3846401543989546,31657.35
188432,TOTAL,2022-12-06,193.0,193.0,46261,2026-04-08T03:58:44.756119+00:00,0.0,0.0,0.0,-2.030456852791873,193.0,194.8,201.66400000000002,0.4540239548222912,1.6982863704148985,0.0005685931152242722,-2.745286946192408,0.5114825665652374,-3.2567695127576455,32263.9
188546,TOTAL,2022-12-07,193.0,193.0,44459,2026-04-08T03:58:47.196669+00:00,0.0,0.0,0.0,0.0,193.0,194.6,200.834,0.4540239548222912,1.6982863704148985,0.000568593115224272,-2.5986147725163278,0.5265237921930543,-3.125138564709382,33744.15
188660,TOTAL,2022-12-08,193.0,193.0,3674,2026-04-08T03:58:49.52806+00:00,0.0,0.0,0.0,0.0,193.0,194.4,200.472,0.4540239548222912,0.9816540815704091,0.000568593115224272,-2.4540868327699172,0.5368413855515719,-2.990928218321489,33095.95
188774,TOTAL,2022-12-09,193.0,193.0,14787,2026-04-08T03:58:51.902427+00:00,0.0,0.0,0.0,0.0,193.0,194.2,200.11,0.4540239548222912,0.9816540815704091,0.000568593115224272,-2.3128858904299534,0.5424338623132288,-2.855319752743182,33650.7
188888,TOTAL,2022-12-12,193.0,193.0,25315,2026-04-08T03:58:56.156124+00:00,0.0,0.0,0.0,0.0,193.0,194.0,199.748,0.4540239548222912,0.9816540815704091,0.0005685931152242721,-2.175900697537628,0.5435352441644437,-2.7194359417020717,34062.7
189002,TOTAL,2022-12-13,193.0,193.0,35295,2026-04-08T03:58:58.485404+00:00,0.0,0.0,0.0,0.0,193.0,193.8,199.386,0.4540239548222912,0.9816540815704091,0.0005685931152242721,-2.0437795270659933,0.5405251317088631,-2.5843046587748564,34814.7
189116,TOTAL,2022-12-14,193.0,193.0,5212,2026-04-08T03:59:00.851945+00:00,0.0,0.0,0.0,0.0,193.0,193.6,199.024,0.4540239548222912,0.9816540815704091,0.0005685931152242721,-1.9169748547355994,0.5338638432314058,-2.450838697967005,34870.3
189230,TOTAL,2022-12-15,193.0,193.0,20306,2026-04-08T03:59:03.086647+00:00,0.0,0.0,0.0,0.0,193.0,193.4,198.662,0.4540239548222912,0.9816540815704091,0.0005685931152242721,-1.7957805974427004,0.524046480419444,-2.3198270778621444,34842.8
189344,TOTAL,2022-12-16,193.0,193.0,16158,2026-04-08T03:59:05.5442+00:00,0.0,0.0,0.0,0.0,193.0,193.2,198.3,0.4540239548222912,0.9816540815704091,0.000568593115224272,-1.6803630956041786,0.5115711858063725,-2.191934281410551,33259.0
189458,TOTAL,2022-12-19,193.0,193.0,9122,2026-04-08T03:59:09.806719+00:00,0.0,0.0,0.0,0.0,193.0,193.0,197.938,0.4540239548222912,0.9816540815704091,0.000568593115224272,-1.5707868409375294,0.49691795237841774,-2.067704793315947,33420.3
189572,TOTAL,2022-12-20,193.0,193.0,30386,2026-04-08T03:59:12.630732+00:00,0.0,0.0,0.0,0.0,193.0,193.0,197.576,0.0,0.9816540815704091,0.0005685931152242722,-1.4670357942222267,0.48053519927497645,-1.9475709934972032,34502.9
189686,TOTAL,2022-12-21,193.0,193.0,23017,2026-04-08T03:59:14.990319+00:00,0.0,0.0,0.0,0.0,193.0,193.0,197.21400000000003,0.0,0.9816540815704091,0.0005685931152242721,-1.3690310049811956,0.46283199081280624,-1.8318629957940018,32882.5
189800,TOTAL,2022-12-22,193.0,193.0,13715,2026-04-08T03:59:17.229229+00:00,0.0,0.0,0.0,0.0,193.0,193.0,196.852,0.0,0.9816540815704091,0.0005685931152242721,-1.2766451330119253,0.44417429022566135,-1.7208194232375866,30807.3
189914,TOTAL,2022-12-23,193.0,193.0,28779,2026-04-08T03:59:19.674012+00:00,0.0,0.0,0.0,0.0,193.0,193.0,196.49,0.0,0.9816540815704091,0.0005685931152242721,-1.1897143771042522,0.42488403690666754,-1.6145984140109197,31944.35
190028,TOTAL,2022-12-28,193.0,193.0,28122,2026-04-08T03:59:26.406492+00:00,0.0,0.0,0.0,0.0,193.0,193.0,196.128,0.0,0.9816540815704091,0.0005685931152242721,-1.108048236411861,0.4052401420792471,-1.513288378491108,31777.65
190142,TOTAL,2022-12-30,193.0,193.0,16911,2026-04-08T03:59:29.796579+00:00,0.0,0.0,0.0,0.0,193.0,193.0,195.766,0.0,0.9816540815704091,0.0005685931152242721,-1.031437462519989,0.38548073277689543,-1.4169181952968843,32134.65
190256,TOTAL,2023-01-04,193.0,193.0,77386,2026-04-08T03:59:36.276207+00:00,0.0,0.0,0.0,0.0,193.0,193.0,195.40400000000002,0.0,0.9816540815704091,0.000568593115224272,-0.9596605033452192,0.36580615356133217,-1.3254666569065514,32236.9
190370,TOTAL,2023-01-05,193.0,193.0,56073,2026-04-08T03:59:38.771807+00:00,0.0,0.0,0.0,0.0,193.0,193.0,195.042,0.0,0.9816540815704091,0.000568593115224272,-0.8924886919878361,0.34638237193497234,-1.2388710639228084,33853.8
190484,TOTAL,2023-01-06,193.0,193.0,142599,2026-04-08T03:59:41.229635+00:00,0.0,0.0,0.0,0.0,193.0,193.0,194.68,0.0,0.9816540815704091,0.000568593115224272,-0.8296903931524184,0.3273445366163119,-1.1570349297687303,36622.55
190598,TOTAL,2023-01-09,193.0,193.0,330272,2026-04-08T03:59:45.608271+00:00,0.0,0.0,0.0,0.0,193.0,193.0,194.6,0.0,0.2871499619031666,0.0005685931152242719,-0.7710342855958743,0.3088005153382849,-1.0798348009341592,48392.45
190712,TOTAL,2023-01-10,193.0,193.0,222463,2026-04-08T03:59:47.862187+00:00,0.0,0.0,0.0,0.0,193.0,193.0,194.52,0.0,0.2871499619031666,0.000568593115224272,-0.7162919302669764,0.29083429653374626,-1.0071262268007226,57202.55
190826,TOTAL,2023-01-11,193.0,193.0,89893,2026-04-08T03:59:50.211712+00:00,0.0,0.0,0.0,0.0,193.0,193.0,194.44,0.0,0.2871499619031666,0.000568593115224272,-0.6652397495361413,0.27350918181166506,-0.9387489313478063,59474.25
190940,TOTAL,2023-01-12,193.0,193.0,33677,2026-04-08T03:59:52.676239+00:00,0.0,0.0,0.0,0.0,193.0,193.0,194.36,0.0,0.2871499619031666,0.000568593115224272,-0.6176605224731588,0.25687072709971814,-0.874531249572877,60974.4
191054,TOTAL,2023-01-13,212.3,212.3,120933,2026-04-08T03:59:55.073566+00:00,10.000000000000009,0.0,0.0,0.0,196.85999999999999,193.965,194.666,2.2360679774997916,1.448803043413068,96.37515834909499,0.9662566556813204,1.4726303242033578,-0.5063736685220375,66281.7
191168,TOTAL,2023-01-17,212.3,212.3,12847,2026-04-08T04:00:00.52991+00:00,0.0,10.000000000000009,0.0,0.0,200.72,194.93,194.972,2.2360679774997916,1.448803043413068,96.37515834909499,2.19620593593703,2.162063683567254,0.03414225236977603,65658.3
191282,TOTAL,2023-01-18,212.3,212.3,55056,2026-04-08T04:00:02.930508+00:00,0.0,0.0,0.0,0.0,204.57999999999998,195.895,195.278,2.2360679774997916,1.448803043413068,96.37515834909497,3.1348134240469108,2.4805369373417077,0.654276486705203,66646.35
191396,TOTAL,2023-01-19,212.3,212.3,15389,2026-04-08T04:00:05.157464+00:00,0.0,0.0,0.0,0.0,208.44,196.85999999999999,195.584,2.2360679774997916,1.448803043413068,96.37515834909499,3.834465291665225,2.5441510439680175,1.2903142476972076,67155.2
191510,TOTAL,2023-01-20,212.3,212.3,29123,2026-04-08T04:00:07.441529+00:00,0.0,0.0,0.0,0.0,212.3,197.825,195.89,2.2360679774997916,1.448803043413068,96.37515834909499,4.338927976646374,2.4388909831593333,1.9000369934870411,67596.05
191624,TOTAL,2023-01-23,212.3,212.3,32892,2026-04-08T04:00:11.934625+00:00,0.0,0.0,10.000000000000009,0.0,212.3,198.79000000000002,196.196,2.2360679774997916,1.448803043413068,96.37515834909497,4.68471580132794,2.227743046272719,2.456972755055221,68432.75
191738,TOTAL,2023-01-24,212.3,212.3,4867,2026-04-08T04:00:14.448563+00:00,0.0,0.0,0.0,0.0,212.3,199.755,196.502,2.2360679774997916,1.448803043413068,96.37515834909499,4.902245113527698,1.9562178867779814,2.9460272267497167,68220.0
191852,TOTAL,2023-01-25,212.3,212.3,70732,2026-04-08T04:00:16.660222+00:00,0.0,0.0,0.0,0.0,212.3,200.72,196.808,2.2360679774997916,1.448803043413068,96.37515834909499,5.016808020652547,1.6566246351222644,3.360183385530283,70237.3
191966,TOTAL,2023-01-26,224.0,224.0,346587,2026-04-08T04:00:19.02129+00:00,5.511069241639177,0.0,0.0,0.0,214.64000000000001,202.27,197.34799999999998,2.4957038953832913,1.6342014277067751,98.23779357456061,5.982727016027837,2.0980349043980433,3.884692111629794,86415.8
192080,TOTAL,2023-01-27,224.0,224.0,145814,2026-04-08T04:00:21.366865+00:00,0.0,5.511069241639177,0.0,0.0,216.98000000000002,203.82,197.888,2.4957038953832913,1.6342014277067751,98.23779357456063,6.671321932449757,2.22930385665597,4.442018075793787,93020.75
192194,TOTAL,2023-01-30,224.0,224.0,424563,2026-04-08T04:00:26.318741+00:00,0.0,0.0,0.0,10.000000000000009,219.32,205.36999999999998,198.428,2.4957038953832913,1.6342014277067751,98.23779357456061,7.134792913322229,2.1542198700227537,4.980573043299476,112809.95
192308,TOTAL,2023-01-31,224.0,224.0,217799,2026-04-08T04:00:28.560212+00:00,0.0,0.0,0.0,0.0,221.66,206.92,198.968,2.4957038953832913,1.6342014277067751,98.23779357456061,7.4166030218311505,1.9488239828253393,5.467779039005811,122293.8
192422,TOTAL,2023-02-06,224.0,224.0,124029,2026-04-08T04:00:36.14931+00:00,0.0,0.0,0.0,0.0,224.0,208.46999999999997,199.50799999999998,2.4957038953832913,1.6342014277067751,98.23779357456061,7.5528747248301045,1.6680765486594344,5.88479817617067,127649.7
192536,TOTAL,2023-02-07,224.0,224.0,53973,2026-04-08T04:00:38.379875+00:00,0.0,0.0,5.511069241639177,0.0,224.0,210.01999999999998,200.048,2.4957038953832913,1.6342014277067751,98.23779357456061,7.573567657665961,1.351015585196233,6.222552072469728,126479.05
192650,TOTAL,2023-02-08,224.0,224.0,277947,2026-04-08T04:00:40.736361+00:00,0.0,0.0,0.0,0.0,224.0,211.57,200.588,2.4957038953832913,1.6342014277067751,98.23779357456061,7.503471606096724,1.0247356269015961,6.478735979195128,137572.75
192764,TOTAL,2023-02-09,218.8,218.8,877949,2026-04-08T04:00:43.03687+00:00,-2.321428571428563,0.0,0.0,0.0,222.95999999999998,212.85999999999999,201.024,2.5860209604304076,1.6744973181739584,70.99839252336417,6.948228584427426,0.3755940841858383,6.572634500241588,174340.25
192878,TOTAL,2023-02-10,218.8,218.8,76945,2026-04-08T04:00:46.517744+00:00,0.0,-2.321428571428563,0.0,0.0,221.92,214.15,201.46,2.5860209604304076,1.6744973181739584,70.99839252336416,6.434027030875399,-0.11088597549295098,6.54491300636835,161673.9
192992,TOTAL,2023-02-13,218.8,218.8,20975,2026-04-08T04:00:50.958429+00:00,0.0,0.0,0.0,0.0,220.88000000000002,215.44,201.976,2.5860209604304076,1.6430532949869179,70.99839252336417,5.957840320475668,-0.4696581487141458,6.427498469189814,151599.5
193106,TOTAL,2023-02-14,218.8,218.8,19652,2026-04-08T04:00:53.400398+00:00,0.0,0.0,0.0,5.511069241639177,219.84,216.73000000000002,202.49200000000002,2.5860209604304076,1.6430532949869179,70.99839252336417,5.516863948276722,-0.7285076167304734,6.245371565007195,148087.45
193220,TOTAL,2023-02-15,218.8,218.8,11870,2026-04-08T04:00:55.645789+00:00,0.0,0.0,0.0,0.0,218.8,218.02000000000004,203.00799999999998,2.5860209604304076,1.6430532949869179,70.99839252336417,5.1084993951490105,-0.9094977358865481,6.017997131035559,146997.1
193334,TOTAL,2023-02-16,218.8,218.8,25968,2026-04-08T04:00:58.043326+00:00,0.0,0.0,-2.321428571428563,0.0,218.8,218.34499999999997,203.524,1.3621234277896135,1.6430532949869179,70.99839252336417,4.730339139619929,-1.0301263931325044,5.760465532752433,142248.85
193448,TOTAL,2023-02-17,218.8,218.8,3669,2026-04-08T04:01:00.355798+00:00,0.0,0.0,0.0,0.0,218.8,218.67,204.04,1.3621234277896135,1.6430532949869179,70.99839252336417,4.380152738397754,-1.1042502354837431,5.4844029738814974,141789.95
193562,TOTAL,2023-02-20,218.8,218.8,307765,2026-04-08T04:01:04.633293+00:00,0.0,0.0,0.0,0.0,218.8,218.99500000000003,204.55599999999998,1.3621234277896135,1.6430532949869179,70.99839252336417,4.055873902814625,-1.1428232568534984,5.198697159668123,154425.4
193676,TOTAL,2023-02-21,218.8,218.8,12827,2026-04-08T04:01:06.910783+00:00,0.0,0.0,0.0,0.0,218.8,219.32000000000002,205.072,1.3621234277896135,1.6430532949869179,70.99839252336417,3.7555885028242244,-1.154486925475119,4.9100754282993435,154297.3
193790,TOTAL,2023-02-22,218.8,218.8,36282,2026-04-08T04:01:09.421576+00:00,0.0,0.0,0.0,0.0,218.8,219.64500000000004,205.588,1.3621234277896135,1.6430532949869179,70.99839252336417,3.477523434423489,-1.1460415951006837,4.623565029524173,154655.25
193904,TOTAL,2023-02-23,218.8,218.8,52699,2026-04-08T04:01:11.765387+00:00,0.0,0.0,0.0,-2.321428571428563,218.8,219.96999999999997,206.104,1.3621234277896135,1.6430532949869179,70.99839252336417,3.220036290412395,-1.1228229912894223,4.342859281701817,155645.6
194018,TOTAL,2023-02-24,218.8,218.8,3892,2026-04-08T04:01:14.12415+00:00,0.0,0.0,0.0,0.0,218.8,220.295,206.62,1.3621234277896135,1.6430532949869179,70.99839252336417,2.9816057782622636,-1.0890028027516427,4.070608581013906,155596.85
194132,TOTAL,2023-02-27,218.8,218.8,2748,2026-04-08T04:01:18.463572+00:00,0.0,0.0,0.0,0.0,218.8,220.62000000000003,207.13600000000002,1.3621234277896135,1.6430532949869179,70.99839252336416,2.7608228325234165,-1.047828598792392,3.8086514313158086,152197.65
194246,TOTAL,2023-02-28,218.8,218.8,39622,2026-04-08T04:01:20.671303+00:00,0.0,0.0,0.0,0.0,218.8,220.36000000000004,207.65200000000002,0.5190872090624495,1.6430532949869179,70.99839252336417,2.556382372670754,-1.0018152469160437,3.5581976195867977,136849.4
194360,TOTAL,2023-03-01,218.8,218.8,141846,2026-04-08T04:01:23.068989+00:00,0.0,0.0,0.0,0.0,218.8,220.10000000000005,208.168,0.5190872090624495,1.6430532949869179,70.99839252336417,2.3670756605620227,-0.9528975672198206,3.3199732277818432,136651.0
194474,TOTAL,2023-03-02,218.8,218.8,7225,2026-04-08T04:01:25.352172+00:00,0.0,0.0,0.0,0.0,218.8,219.84,208.68400000000003,0.5190872090624495,1.6430532949869179,70.99839252336417,2.1917832147724425,-0.9025520104075206,3.094335225179963,115784.1
194588,TOTAL,2023-03-03,218.8,218.8,72131,2026-04-08T04:01:27.716711+00:00,0.0,0.0,0.0,0.0,218.8,219.58,209.2,0.5190872090624495,1.6430532949869179,70.99839252336417,2.0294682419769288,-0.8518935865624275,2.8813618285393563,108500.7
194702,TOTAL,2023-03-06,218.8,218.8,45752,2026-04-08T04:01:32.392486+00:00,0.0,0.0,0.0,0.0,218.8,219.32000000000002,209.716,0.5190872090624495,1.6430532949869179,70.99839252336417,1.8791705482827012,-0.8017530242053246,2.680923572488026,104586.85
194816,TOTAL,2023-03-07,218.8,218.8,40523,2026-04-08T04:01:34.845095+00:00,0.0,0.0,0.0,0.0,218.8,219.06000000000003,210.232,0.5190872090624495,1.6430532949869179,70.99839252336417,1.7400008959777438,-0.7527381412082259,2.4927390371859697,103914.35
194930,TOTAL,2023-03-08,218.8,218.8,10427,2026-04-08T04:01:37.261757+00:00,0.0,0.0,0.0,0.0,218.8,218.8,210.748,0.5190872090624495,1.6430532949869179,70.99839252336417,1.6111357735624097,-0.7052826108988484,2.316418384461258,90538.35
195044,TOTAL,2023-03-09,218.8,218.8,115102,2026-04-08T04:01:39.987396+00:00,0.0,0.0,0.0,0.0,218.8,218.8,211.264,0.0,1.6430532949869179,70.99839252336416,1.4918125491793433,-0.6596846682255322,2.1514972174048754,52396.0
195158,TOTAL,2023-03-13,218.8,218.8,339024,2026-04-08T04:01:45.627511+00:00,0.0,0.0,0.0,0.0,218.8,218.8,211.78,0.0,1.6430532949869179,70.99839252336417,1.381324979657819,-0.6161377901976453,1.9974627698554643,65499.95
195272,TOTAL,2023-03-14,218.8,218.8,117582,2026-04-08T04:01:48.257383+00:00,0.0,0.0,0.0,0.0,218.8,218.8,212.29600000000002,0.0,1.6430532949869179,70.99839252336417,1.2790190493527973,-0.5747549764021338,1.853774025754931,70330.3
195386,TOTAL,2023-03-15,218.8,218.8,147230,2026-04-08T04:01:50.627346+00:00,0.0,0.0,0.0,0.0,218.8,218.8,212.812,0.0,1.6430532949869179,70.99839252336417,1.1842891147907153,-0.5355879287713727,1.719877043562088,76709.2
195500,TOTAL,2023-03-16,218.8,218.8,66858,2026-04-08T04:01:53.062383+00:00,0.0,0.0,0.0,0.0,218.8,218.8,213.328,0.0,1.6430532949869179,70.99839252336417,1.0965743328427493,-0.49864216857547095,1.5952165014182202,79458.6
195614,TOTAL,2023-03-17,218.8,218.8,167368,2026-04-08T04:01:55.701252+00:00,0.0,0.0,0.0,0.0,218.8,218.8,213.84400000000002,0.0,1.6430532949869179,70.99839252336417,1.0153553517399985,-0.4638889197425775,1.479244271482576,86528.6
195728,TOTAL,2023-03-20,218.8,218.8,341799,2026-04-08T04:01:59.933448+00:00,0.0,0.0,0.0,0.0,218.8,218.8,214.36,0.0,1.6430532949869179,70.99839252336417,0.9401512457280035,-0.43127442060365806,1.3714256663316615,103435.1
195842,TOTAL,2023-03-22,218.8,218.8,12530,2026-04-08T04:02:03.467012+00:00,0.0,0.0,0.0,0.0,218.8,218.8,214.87600000000003,0.0,1.6430532949869179,70.99839252336417,0.8705166755393918,-0.40072719263381584,1.2712438681732077,88673.35
195956,TOTAL,2023-03-23,218.8,218.8,14316,2026-04-08T04:02:05.929911+00:00,0.0,0.0,0.0,0.0,218.8,218.8,215.392,0.0,1.6430532949869179,70.99839252336417,0.806039258148985,-0.37216368801937816,1.1782029461683632,88747.8
196070,TOTAL,2023-03-24,218.8,218.8,4557,2026-04-08T04:02:08.248632+00:00,0.0,0.0,0.0,0.0,218.8,218.8,215.908,0.0,1.6430532949869179,70.99839252336417,0.746337130471062,-0.345492652557841,1.091829783028903,87161.55
196184,TOTAL,2023-03-27,218.8,218.8,53734,2026-04-08T04:02:12.564733+00:00,0.0,0.0,0.0,0.0,218.8,218.8,216.424,0.0,1.6430532949869179,70.99839252336416,0.6910566927693083,-0.3206184722076759,1.0116751649769842,87213.3
196298,TOTAL,2023-03-28,218.8,218.8,16281,2026-04-08T04:02:14.764209+00:00,0.0,0.0,0.0,0.0,218.8,218.8,216.94,0.0,1.6430532949869179,70.99839252336417,0.6398705185839333,-0.29744371711444073,0.937314235698374,87832.75
196412,TOTAL,2023-03-29,218.8,218.8,468904,2026-04-08T04:02:17.140393+00:00,0.0,0.0,0.0,0.0,218.8,218.8,217.45600000000002,0.0,1.6430532949869179,70.99839252336417,0.5924754189391876,-0.2758710534073492,0.8683464723465368,111140.55
196526,TOTAL,2023-03-30,218.8,218.8,17622,2026-04-08T04:02:19.470716+00:00,0.0,0.0,0.0,0.0,218.8,218.8,217.972,0.0,1.6430532949869179,70.99839252336417,0.548590649486016,-0.2558046582884167,0.8043953077744327,110040.55
196640,TOTAL,2023-03-31,218.8,218.8,153198,2026-04-08T04:02:21.739047+00:00,0.0,0.0,0.0,0.0,218.8,218.8,218.488,0.0,1.6430532949869179,70.99839252336417,0.5079562500627617,-0.2371512461693368,0.7451074962320985,110608.15
196754,TOTAL,2023-04-03,218.8,218.8,319927,2026-04-08T04:02:26.060346+00:00,0.0,0.0,0.0,0.0,218.8,218.8,218.61800000000002,0.0,0.851857977123823,70.99839252336417,0.47033150692416825,-0.21982079144634414,0.6901522983705124,126243.25
196868,TOTAL,2023-04-04,218.8,218.8,56376,2026-04-08T04:02:28.444728+00:00,0.0,0.0,0.0,0.0,218.8,218.8,218.748,0.0,0.851857977123823,70.99839252336417,0.435493528602791,-0.20372701581417718,0.6392205444169682,125455.5
196982,TOTAL,2023-04-05,218.8,218.8,88262,2026-04-08T04:02:30.864627+00:00,0.0,0.0,0.0,0.0,218.8,218.8,218.87800000000004,0.0,0.851857977123823,70.99839252336416,0.4032359270278789,-0.18878769391127148,0.5920236209391504,127581.0
197096,TOTAL,2023-04-06,218.8,218.8,21863,2026-04-08T04:02:33.239626+00:00,0.0,0.0,0.0,0.0,218.8,218.8,219.00799999999998,0.0,0.851857977123823,70.99839252336417,0.37336759614123594,-0.17492481983833164,0.5482924159795676,126648.0
197210,TOTAL,2023-04-11,218.8,218.8,21142,2026-04-08T04:02:39.320239+00:00,0.0,0.0,0.0,0.0,218.8,218.8,219.138,0.0,0.851857977123823,70.99839252336417,0.34571158081817543,-0.1620646681291138,0.5077762489472892,127183.75
197324,TOTAL,2023-04-12,218.8,218.8,24025,2026-04-08T04:02:41.643197+00:00,0.0,0.0,0.0,0.0,218.8,218.8,219.26800000000003,0.0,0.851857977123823,70.99839252336417,0.3201040294304107,-0.15013777561350283,0.47024180504391355,122629.9
197438,TOTAL,2023-04-13,218.8,218.8,35480,2026-04-08T04:02:44.360634+00:00,0.0,0.0,0.0,0.0,218.8,218.8,219.398,0.0,0.851857977123823,70.99839252336417,0.2963932238766631,-0.1390788649338004,0.4354720888104635,107452.7
197552,TOTAL,2023-04-14,218.8,218.8,34508,2026-04-08T04:02:47.093001+00:00,0.0,0.0,0.0,0.0,218.8,218.8,219.52800000000002,0.0,0.851857977123823,70.99839252336416,0.2744386813616302,-0.12882672595906663,0.4032654073206968,103299.0
197666,TOTAL,2023-04-17,218.8,218.8,79006,2026-04-08T04:02:52.113012+00:00,0.0,0.0,0.0,0.0,218.8,218.8,219.424,0.0,0.3282995769794692,70.99839252336416,0.25411032262348954,-0.11932406775776583,0.37343439038125537,99887.8
197780,TOTAL,2023-04-18,218.8,218.8,78200,2026-04-08T04:02:54.97501+00:00,0.0,0.0,0.0,0.0,218.8,218.8,219.32000000000005,0.0,0.3282995769794692,70.99839252336416,0.23528770170190683,-0.11051735094347881,0.34580505264538564,100454.9
197894,TOTAL,2023-04-19,218.8,218.8,31306,2026-04-08T04:02:57.648371+00:00,0.0,0.0,0.0,0.0,218.8,218.8,219.216,0.0,0.3282995769794692,70.99839252336416,0.2178592926983356,-0.10235660795764001,0.3202159006559756,93651.8
198008,TOTAL,2023-04-20,218.8,218.8,132669,2026-04-08T04:03:00.087899+00:00,0.0,0.0,0.0,0.0,218.8,218.8,219.112,0.0,0.3282995769794692,70.99839252336417,0.20172182931722205,-0.09479525707100289,0.29651708638822494,83195.3
198122,TOTAL,2023-04-25,218.8,218.8,189495,2026-04-08T04:03:06.320111+00:00,0.0,0.0,0.0,0.0,218.8,218.8,219.00800000000004,0.0,0.3282995769794692,70.99839252336417,0.186779693285672,-0.08778991448204232,0.27456960776771433,92043.55
198236,TOTAL,2023-04-26,217.5,217.5,549129,2026-04-08T04:03:08.704488+00:00,-0.594149908592323,0.0,0.0,0.0,218.54000000000002,218.73499999999999,218.87800000000004,0.13285595844377204,0.33721648011698535,20.695272794447547,0.06924064433459876,-0.16426317074649247,0.23350381508109122,118784.2
198350,TOTAL,2023-04-27,217.5,217.5,15662,2026-04-08T04:03:11.176222+00:00,0.0,-0.594149908592323,0.0,0.0,218.28000000000003,218.67,218.74800000000002,0.13285595844377204,0.33721648011698535,20.695272794447547,-0.023637421303249084,-0.20571298910747227,0.18207556780422318,119339.45
198464,TOTAL,2023-04-28,217.5,217.5,379989,2026-04-08T04:03:13.757457+00:00,0.0,0.0,0.0,0.0,218.01999999999998,218.60499999999996,218.722,0.13285595844377204,0.08402548588140725,20.695272794447547,-0.09613576422401593,-0.2225690656225913,0.12643330139857537,135652.2
198578,TOTAL,2023-05-03,217.5,217.5,134366,2026-04-08T04:03:20.258962+00:00,0.0,0.0,0.0,0.0,217.76,218.54000000000002,218.69600000000003,0.13285595844377204,0.08402548588140725,20.69527279444755,-0.151840895979916,-0.2226193579027931,0.0707784619228771,141556.45
198692,TOTAL,2023-05-04,217.5,217.5,149565,2026-04-08T04:03:22.719511+00:00,0.0,0.0,0.0,0.0,217.5,218.475,218.67000000000004,0.13285595844377204,0.08402548588140725,20.695272794447547,-0.19375413714502088,-0.21162607925431837,0.017871942109297496,125589.5
198806,TOTAL,2023-05-08,217.5,217.5,21016,2026-04-08T04:03:29.045349+00:00,0.0,0.0,-0.594149908592323,0.0,217.5,218.41,218.644,0.13285595844377204,0.08402548588140725,20.695272794447547,-0.22438412224991566,-0.19380485148737053,-0.030579270762545137,125759.2
198920,TOTAL,2023-05-09,217.5,217.5,29418,2026-04-08T04:03:32.620003+00:00,0.0,0.0,0.0,0.0,217.5,218.34499999999997,218.61800000000002,0.13285595844377204,0.08402548588140725,20.695272794447547,-0.24582488981360484,-0.17219649524084776,-0.07362839457275708,119570.2
199034,TOTAL,2023-05-12,217.5,217.5,101576,2026-04-08T04:03:37.286216+00:00,0.0,0.0,0.0,0.0,217.5,218.27999999999997,218.592,0.13285595844377204,0.08402548588140725,20.695272794447543,-0.25982178873314865,-0.14895471532831325,-0.1108670734048354,108652.65
199148,TOTAL,2023-05-15,217.5,217.5,104082,2026-04-08T04:03:41.825544+00:00,0.0,0.0,0.0,0.0,217.5,218.21499999999997,218.56600000000003,0.13285595844377204,0.08402548588140725,20.695272794447543,-0.2678270880150535,-0.1255680116881745,-0.142259076326879,111037.95
199262,TOTAL,2023-05-16,217.5,217.5,112632,2026-04-08T04:03:44.244464+00:00,0.0,0.0,0.0,0.0,217.5,218.15,218.54000000000005,0.13285595844377204,0.08402548588140725,20.695272794447543,-0.2710468855946999,-0.1030302474142567,-0.1680166381804432,112256.45
199376,TOTAL,2023-05-17,217.5,217.5,50454,2026-04-08T04:03:46.492518+00:00,0.0,0.0,0.0,-0.594149908592323,217.5,218.08499999999998,218.514,0.13285595844377204,0.08402548588140725,20.695272794447543,-0.270480665628952,-0.08197122195880704,-0.18850944367014497,113686.0
199490,TOTAL,2023-05-18,217.5,217.5,5392,2026-04-08T04:03:48.752249+00:00,0.0,0.0,0.0,0.0,217.5,218.01999999999998,218.48800000000003,0.13285595844377204,0.08402548588140725,20.695272794447543,-0.2669546452497684,-0.06275616126369876,-0.20419848398606966,112898.5
199604,TOTAL,2023-05-19,217.5,217.5,28406,2026-04-08T04:03:51.139215+00:00,0.0,0.0,0.0,0.0,217.5,217.95499999999998,218.46200000000002,0.13285595844377204,0.08402548588140725,20.695272794447543,-0.26114987549115654,-0.04556111320406947,-0.21558876228708707,113117.55
199718,TOTAL,2023-05-22,217.5,217.5,9570,2026-04-08T04:03:55.484935+00:00,0.0,0.0,0.0,0.0,217.5,217.88999999999996,218.43600000000004,0.13285595844377204,0.08402548588140725,20.69527279444754,-0.25362591199947815,-0.03042971976991285,-0.2231961922295653,111822.05
199832,TOTAL,2023-05-23,217.5,217.5,76279,2026-04-08T04:03:57.886867+00:00,0.0,0.0,0.0,0.0,217.5,217.825,218.41,0.13285595844377204,0.08402548588140725,20.69527279444754,-0.24484074502450426,-0.017315642235951167,-0.2275251027885531,113910.6
199946,TOTAL,2023-05-24,233.0,233.0,257834,2026-04-08T04:04:00.334047+00:00,7.126436781609202,0.0,0.0,0.0,220.6,218.535,218.69400000000002,1.6060015194097708,1.0130344382437642,97.0269658714168,1.0012996649419108,0.9830598141843712,0.0182398507575397,122852.0
200060,TOTAL,2023-05-25,249.0,249.0,719279,2026-04-08T04:04:02.79018+00:00,6.866952789699576,7.126436781609202,0.0,0.0,226.9,220.045,219.29800000000003,2.1681568057874934,1.3902236162907748,98.56374309845687,3.2425629529220146,2.5794584817315798,0.6631044711904347,154905.95
200174,TOTAL,2023-05-26,249.0,249.0,349628,2026-04-08T04:04:05.139052+00:00,0.0,6.866952789699576,0.0,0.0,233.2,221.55499999999998,219.90200000000002,2.1681568057874934,1.3902236162907748,98.56374309845685,4.961586179083895,3.438785366314768,1.5228008127691268,170822.05
200288,TOTAL,2023-05-30,272.0,272.0,486135,2026-04-08T04:04:11.011702+00:00,9.236947791164663,0.0,0.0,0.0,244.1,224.21499999999997,220.966,2.883670096709319,1.8809866103087132,99.22855041582166,8.08661479013287,5.251051181890994,2.835563608241876,188495.35
200402,TOTAL,2023-06-01,278.3,278.3,1025699,2026-04-08T04:04:14.390605+00:00,2.316176470588238,9.236947791164663,0.0,0.0,256.26,227.19,222.15599999999998,2.882332850868929,1.8980528398665097,99.32122992900617,10.945407977819286,6.487875495661928,4.457532482157358,230305.55
200516,TOTAL,2023-06-02,278.3,278.3,255539,2026-04-08T04:04:16.732653+00:00,0.0,2.316176470588238,7.126436781609202,0.0,265.32,230.23000000000002,223.34600000000003,2.86536303667297,1.8980528398665097,99.32122992900617,13.060469216287885,6.882349387304421,6.178119828983464,215626.05
200630,TOTAL,2023-06-05,278.3,278.3,330552,2026-04-08T04:04:21.343031+00:00,0.0,0.0,6.866952789699576,0.0,271.18,233.27000000000004,224.53600000000003,2.86536303667297,1.8980528398665097,99.32122992900618,14.568731221170253,6.712489113749431,7.856242107420822,231370.55
200744,TOTAL,2023-06-06,278.3,278.3,125024,2026-04-08T04:04:23.98223+00:00,0.0,0.0,0.0,0.0,277.04,236.31000000000003,225.726,2.86536303667297,1.8980528398665097,99.32122992900617,15.584392550110351,6.182520354151622,9.40187219595873,218622.3
200858,TOTAL,2023-06-07,278.3,278.3,192409,2026-04-08T04:04:26.507718+00:00,0.0,0.0,9.236947791164663,0.0,278.3,239.35000000000005,226.91600000000003,2.86536303667297,1.8980528398665097,99.32122992900617,16.202538690446772,5.440533195590435,10.762005494856338,221524.45
200972,TOTAL,2023-06-08,278.3,278.3,81721,2026-04-08T04:04:29.08401+00:00,0.0,0.0,2.316176470588238,0.0,278.3,242.39000000000001,228.106,2.86536303667297,1.8980528398665097,99.32122992900618,16.502196906488706,4.5921531293058955,11.91004377718281,218132.25
201086,TOTAL,2023-06-09,278.3,278.3,607831,2026-04-08T04:04:31.44664+00:00,0.0,0.0,0.0,7.126436781609202,278.3,245.43,229.29600000000002,2.86536303667297,1.8980528398665097,99.32122992900618,16.548912638071556,3.711095088710996,12.83781754936056,247473.0
201200,TOTAL,2023-06-13,278.3,278.3,618419,2026-04-08T04:04:36.862505+00:00,0.0,0.0,0.0,6.866952789699576,278.3,248.47000000000003,230.48600000000002,2.86536303667297,1.8980528398665097,99.32122992900618,16.396921685459034,2.8472833088787777,13.549638376580257,276923.05
201314,TOTAL,2023-06-14,306.1,306.1,158497,2026-04-08T04:04:39.320552+00:00,9.989220265900101,0.0,0.0,0.0,283.86,252.90000000000003,232.232,3.443316343454429,2.322675573986752,99.65352730906052,18.308644766056545,3.8072051115810304,14.501439654475515,279769.1
201428,TOTAL,2023-06-15,336.7,336.7,666420,2026-04-08T04:04:41.673534+00:00,9.996733093760191,9.989220265900101,0.0,9.236947791164663,295.54,258.86,234.59,3.8708487808066754,2.6661528529665093,99.78075752096271,22.03881362104255,6.029899173253625,16.008914447788925,307886.0
201542,TOTAL,2023-06-16,336.7,336.7,446267,2026-04-08T04:04:44.052846+00:00,0.0,9.996733093760191,0.0,2.316176470588238,307.22,264.82000000000005,236.94799999999998,3.8708487808066754,2.6661528529665093,99.7807575209627,24.71015601601971,6.960993254584626,17.749162761435084,324567.75
201656,TOTAL,2023-06-19,336.7,336.7,150105,2026-04-08T04:04:48.541112+00:00,0.0,0.0,0.0,0.0,318.9,270.78000000000003,239.306,3.8708487808066754,2.6661528529665093,99.78075752096271,26.521490872300717,7.017862488692508,19.50362838360821,329550.3
201770,TOTAL,2023-06-20,336.7,336.7,102822,2026-04-08T04:04:51.378552+00:00,0.0,0.0,0.0,0.0,330.58000000000004,276.74,241.66400000000002,3.8708487808066754,2.6661528529665093,99.78075752096272,27.638388655742517,6.507808217707446,21.13058043803507,334421.8
201884,TOTAL,2023-06-21,336.7,336.7,22110,2026-04-08T04:04:53.764277+00:00,0.0,0.0,9.989220265900101,0.0,336.7,282.70000000000005,244.02200000000002,3.8708487808066754,2.6661528529665093,99.7807575209627,28.19848362959874,5.654322553250935,22.544161076347805,334107.0
201998,TOTAL,2023-06-22,336.7,336.7,374495,2026-04-08T04:04:56.145117+00:00,0.0,0.0,9.996733093760191,0.0,336.7,288.66,246.38,3.8708487808066754,2.6661528529665093,99.78075752096271,28.315954237268386,4.617434528736464,23.698519708531922,352353.25
202112,TOTAL,2023-06-26,336.0,336.0,384026,2026-04-08T04:05:01.671465+00:00,-0.20790020790020236,0.0,0.0,0.0,336.56,294.58500000000004,248.724,3.877557680216805,2.667744771779361,98.49013661699263,28.029460220630483,3.464752409678848,24.564707810951635,367740.6
202226,TOTAL,2023-06-30,350.0,350.0,72936,2026-04-08T04:05:07.377697+00:00,4.166666666666674,-0.20790020790020236,0.0,0.0,339.21999999999997,300.43500000000006,251.34799999999998,3.736207234900755,2.7040599316229756,98.81911904160233,28.602384165194792,3.2301410833945248,25.372243081800267,358495.7
202340,TOTAL,2023-07-03,350.0,350.0,261848,2026-04-08T04:05:11.758079+00:00,0.0,4.166666666666674,0.0,0.0,341.88,305.485,253.972,3.5894916726956474,2.7040599316229756,98.81911904160233,28.72530310563468,2.682448019067529,26.04285508656715,335624.15
202454,TOTAL,2023-07-04,370.0,370.0,287080,2026-04-08T04:05:14.17436+00:00,5.714285714285716,0.0,0.0,9.989220265900101,348.54,311.535,256.996,3.667355886239758,2.7815301518340774,99.13234272028915,30.089694832695727,3.2374717969028595,26.852223035792868,332496.75
202568,TOTAL,2023-07-05,370.0,370.0,23496,2026-04-08T04:05:16.577423+00:00,0.0,5.714285714285716,0.0,9.996733093760191,355.2,316.43500000000006,260.02,3.2768779198972435,2.7815301518340774,99.13234272028915,30.81576020480685,3.170829735211182,27.644930469595668,309364.8
202682,TOTAL,2023-07-06,370.0,370.0,155238,2026-04-08T04:05:19.075393+00:00,0.0,0.0,-0.20790020790020236,0.0,362.0,321.02000000000004,263.044,3.291086514248687,2.7815301518340774,99.13234272028915,31.033438086605486,2.7108060936078537,28.322631992997632,265841.75
202796,TOTAL,2023-07-07,370.0,370.0,59402,2026-04-08T04:05:21.415756+00:00,0.0,0.0,4.166666666666674,0.0,366.0,325.605,266.068,3.291086514248687,2.7815301518340774,99.13234272028915,30.850326021500678,2.022155222802432,28.828170798698245,256034.9
202910,TOTAL,2023-07-10,370.0,370.0,81767,2026-04-08T04:05:26.355595+00:00,0.0,0.0,0.0,0.0,370.0,330.19,269.092,3.291086514248687,2.7815301518340774,99.13234272028913,30.35529148591712,1.2216965497750998,29.13359493614202,243595.65
203024,TOTAL,2023-07-11,370.0,370.0,1147375,2026-04-08T04:05:28.903538+00:00,0.0,0.0,5.714285714285716,0.0,370.0,334.775,272.116,3.291086514248687,2.7815301518340774,99.13234272028915,29.621514667600422,0.3903357851667195,29.231178882433703,294713.2
203138,TOTAL,2023-07-12,370.0,370.0,243633,2026-04-08T04:05:31.299012+00:00,0.0,0.0,0.0,0.0,370.0,339.36,275.14,3.291086514248687,2.7815301518340774,99.13234272028913,28.709051181254324,-0.4177021609435059,29.12675334219783,297274.4
203252,TOTAL,2023-07-14,370.0,370.0,158229,2026-04-08T04:05:34.698751+00:00,0.0,0.0,0.0,-0.20790020790020236,370.0,343.94500000000005,278.164,3.291086514248687,2.7815301518340774,99.13234272028913,27.66698946196601,-1.167811104185457,28.83480056615147,301099.8
203366,TOTAL,2023-07-17,370.0,370.0,141629,2026-04-08T04:05:39.139368+00:00,0.0,0.0,0.0,4.166666666666674,370.0,348.53000000000003,281.188,3.291086514248687,2.7815301518340774,99.13234272028915,26.53526601281459,-1.8396276426695053,28.374893655484094,277789.7
203480,TOTAL,2023-07-19,370.0,370.0,28314,2026-04-08T04:05:42.577032+00:00,0.0,0.0,0.0,0.0,370.0,353.115,284.212,3.291086514248687,2.7815301518340774,99.13234272028915,25.34619190293455,-2.422961402039636,27.769153304974186,248284.45
203594,TOTAL,2023-07-20,370.0,370.0,66739,2026-04-08T04:05:45.122849+00:00,0.0,0.0,0.0,5.714285714285716,370.0,356.31,287.236,2.622243362163504,2.7815301518340774,99.13234272028915,24.12573564131418,-2.9147341309280037,27.040469772242183,243696.55
203708,TOTAL,2023-07-21,370.0,370.0,87746,2026-04-08T04:05:47.594805+00:00,0.0,0.0,0.0,0.0,370.0,357.975,290.26,1.5454346674354724,2.7815301518340774,99.13234272028913,22.894600557237652,-3.3166953720036254,26.211295929241277,214762.85
203822,TOTAL,2023-07-24,370.0,370.0,64314,2026-04-08T04:05:52.167161+00:00,0.0,0.0,0.0,0.0,370.0,359.64,293.284,1.5454346674354724,2.7815301518340774,99.13234272028913,21.669128903818887,-3.633733620337914,25.3028625241568,195665.2
203936,TOTAL,2023-07-25,370.0,370.0,32252,2026-04-08T04:05:54.602351+00:00,0.0,0.0,0.0,0.0,370.0,361.305,296.334,1.5454346674354724,2.7754412088653946,99.13234272028913,20.462059900099632,-3.8726420992457378,24.33470199934537,189772.55
204050,TOTAL,2023-07-26,370.0,370.0,104344,2026-04-08T04:05:57.515236+00:00,0.0,0.0,0.0,0.0,370.0,362.97,299.38399999999996,1.5454346674354724,2.7754412088653946,99.13234272028913,19.28316469889404,-4.041229840361066,23.324394539255106,189848.65
204164,TOTAL,2023-07-27,385.0,385.0,590139,2026-04-08T04:05:59.880161+00:00,4.054054054054057,0.0,0.0,0.0,373.0,365.385,302.734,1.7331303719407332,2.8016213312193874,99.45927435568893,19.336358889415067,-3.190428519872036,22.526787409287103,218250.1
204278,TOTAL,2023-07-28,385.0,385.0,40447,2026-04-08T04:06:02.220136+00:00,0.0,4.054054054054057,0.0,0.0,376.0,367.8,306.084,1.7331303719407332,2.8016213312193874,99.45927435568892,19.15767788324871,-2.6952876208307153,21.852965504079425,201547.7
204392,TOTAL,2023-07-31,385.0,385.0,10579,2026-04-08T04:06:06.790851+00:00,0.0,0.0,0.0,0.0,379.0,370.25,309.43399999999997,1.7281006670179457,2.8016213312193874,99.45927435568892,18.799364526471663,-2.4428807820862097,21.242245308557873,182875.35
204506,TOTAL,2023-08-02,385.0,385.0,11047,2026-04-08T04:06:10.326378+00:00,0.0,0.0,0.0,0.0,382.0,372.0,312.784,1.5272505810010952,2.8016213312193874,99.45927435568892,18.304396916159476,-2.350278713918719,20.654675630078195,179780.9
204620,TOTAL,2023-08-03,385.0,385.0,29878,2026-04-08T04:06:12.834218+00:00,0.0,0.0,0.0,0.0,385.0,373.75,316.13399999999996,1.5272505810010952,2.8016213312193874,99.45927435568892,17.708004664021303,-2.357336772845514,20.065341436866817,168182.4
204734,TOTAL,2023-08-04,385.0,385.0,26941,2026-04-08T04:06:15.200886+00:00,0.0,0.0,4.054054054054057,0.0,385.0,374.5,319.484,0.9065140449323463,2.8016213312193874,99.45927435568893,17.038945154066653,-2.4211170262401325,19.460062180306785,155175.45
204848,TOTAL,2023-08-07,385.0,385.0,93045,2026-04-08T04:06:19.871718+00:00,0.0,0.0,0.0,0.0,385.0,375.25,322.834,0.9065140449323463,2.8016213312193874,99.45927435568893,16.320577217161258,-2.5115879705164232,18.83216518767768,158652.9
204962,TOTAL,2023-08-08,385.0,385.0,61112,2026-04-08T04:06:22.245918+00:00,0.0,0.0,0.0,0.0,385.0,376.0,326.18399999999997,0.9065140449323463,2.8016213312193874,99.45927435568893,15.571763851014168,-2.608321069330813,18.18008492034498,153946.6
205076,TOTAL,2023-08-09,385.0,385.0,12263,2026-04-08T04:06:24.635943+00:00,0.0,0.0,0.0,0.0,385.0,376.75,329.534,0.9065140449323463,2.8016213312193874,99.45927435568893,14.807630713992808,-2.6979633650817405,17.505594079074548,151589.65
205190,TOTAL,2023-08-10,385.0,385.0,62696,2026-04-08T04:06:27.035398+00:00,0.0,0.0,0.0,0.0,385.0,377.5,332.884,0.9065140449323463,2.8016213312193874,99.45927435568892,14.040202977420563,-2.772312881323188,16.81251585874375,150636.1
205304,TOTAL,2023-08-11,385.0,385.0,219634,2026-04-08T04:06:29.455701+00:00,0.0,0.0,0.0,4.054054054054057,385.0,378.25,336.23400000000004,0.9065140449323463,2.8016213312193874,99.45927435568895,13.278939617115611,-2.826860993302514,16.105800610418125,104249.05
205418,TOTAL,2023-08-14,385.0,385.0,43159,2026-04-08T04:06:33.923569+00:00,0.0,0.0,0.0,0.0,385.0,379.0,339.584,0.9065140449323463,2.8016213312193874,99.45927435568893,12.531181262265648,-2.8596954785219832,15.39087674078763,94225.35
205532,TOTAL,2023-08-15,385.0,385.0,40524,2026-04-08T04:06:36.358161+00:00,0.0,0.0,0.0,0.0,385.0,379.75,342.934,0.9065140449323463,2.8016213312193874,99.45927435568893,11.802525214878756,-2.8706812207271,14.673206435605856,88340.1
205646,TOTAL,2023-08-16,385.0,385.0,31524,2026-04-08T04:06:38.679915+00:00,0.0,0.0,0.0,0.0,385.0,380.5,345.974,0.9065140449323463,2.6714498968383906,99.45927435568892,11.097139135417422,-2.8608538401507477,13.95799297556817,82834.85
205760,TOTAL,2023-08-17,385.0,385.0,44403,2026-04-08T04:06:40.998805+00:00,0.0,0.0,0.0,0.0,385.0,381.25,348.694,0.9065140449323463,2.539151686674825,99.45927435568892,10.418023100108257,-2.8319759003679295,13.249999000476187,83639.3
205874,TOTAL,2023-08-18,385.0,385.0,18750,2026-04-08T04:06:43.468275+00:00,0.0,0.0,0.0,0.0,385.0,382.0,351.414,0.9065140449323463,2.539151686674825,99.45927435568892,9.767228222300673,-2.7862166225404117,12.553444844841085,81239.85
205988,TOTAL,2023-08-21,385.0,385.0,166001,2026-04-08T04:06:47.688711+00:00,0.0,0.0,0.0,0.0,385.0,382.75,353.67400000000004,0.9065140449323463,2.238870431299268,99.45927435568893,9.146038751399544,-2.7259248747532343,11.871963626152779,85152.6
206102,TOTAL,2023-08-24,385.0,385.0,95298,2026-04-08T04:06:51.989424+00:00,0.0,0.0,0.0,0.0,385.0,383.5,355.80800000000005,0.9065140449323463,2.2291232624462434,99.45927435568892,8.555123482159104,-2.6534721151949405,11.208595597354044,86701.8
206216,TOTAL,2023-08-25,385.0,385.0,215349,2026-04-08T04:06:54.38475+00:00,0.0,0.0,0.0,0.0,385.0,384.25,357.94200000000006,0.9065140449323463,2.2291232624462434,99.45927435568893,7.994661393926151,-2.571147362742316,10.565808756668467,95856.65
206330,TOTAL,2023-08-28,385.0,385.0,162165,2026-04-08T04:06:59.310949+00:00,0.0,0.0,0.0,0.0,385.0,385.0,360.0760000000001,0.9065140449323463,2.2291232624462434,99.45927435568895,7.464445667886935,-2.481090471025226,9.94553613891216,98747.7
206444,TOTAL,2023-08-29,385.0,385.0,342145,2026-04-08T04:07:01.613742+00:00,0.0,0.0,0.0,0.0,385.0,385.0,362.21,0.0,2.2291232624462434,99.45927435568893,6.963969578621004,-2.3852532482329263,9.34922282685393,86348.0
206558,TOTAL,2023-08-30,385.0,385.0,95239,2026-04-08T04:07:03.820209+00:00,0.0,0.0,0.0,0.0,385.0,385.0,364.344,0.0,2.2291232624462434,99.45927435568893,6.492497205793029,-2.285380496848722,8.777877702641751,89087.6
206672,TOTAL,2023-09-01,385.0,385.0,24614,2026-04-08T04:07:07.195585+00:00,0.0,0.0,0.0,0.0,385.0,385.0,366.478,0.0,2.2291232624462434,99.45927435568892,6.049121446958679,-2.183005004546459,8.232126451505138,89789.35
206786,TOTAL,2023-09-04,385.0,385.0,146557,2026-04-08T04:07:11.730996+00:00,0.0,0.0,0.0,0.0,385.0,385.0,368.612,0.0,2.2291232624462434,99.45927435568893,5.6328114199863535,-2.079452025215028,7.712263445201382,96564.85
206900,TOTAL,2023-09-05,385.0,385.0,29487,2026-04-08T04:07:14.175893+00:00,0.0,0.0,0.0,0.0,385.0,385.0,370.74600000000004,0.0,2.2291232624462434,99.45927435568893,5.242451012301672,-1.9758499463197676,7.218300958621439,96545.3
207014,TOTAL,2023-09-06,385.0,385.0,120206,2026-04-08T04:07:16.66229+00:00,0.0,0.0,0.0,0.0,385.0,385.0,372.324,0.0,1.7795379508695943,99.45927435568892,4.876870054573715,-1.8731447232381804,6.750014777811895,101208.55
207128,TOTAL,2023-09-07,385.0,385.0,31195,2026-04-08T04:07:19.134101+00:00,0.0,0.0,0.0,0.0,385.0,385.0,373.29,0.0,1.1314076494984155,99.45927435568893,4.534869360575215,-1.772116333789345,6.30698569436456,98116.05
207242,TOTAL,2023-09-08,385.0,385.0,51525,2026-04-08T04:07:21.445908+00:00,0.0,0.0,0.0,0.0,385.0,385.0,374.2560000000001,0.0,1.1314076494984155,99.45927435568892,4.215240675982955,-1.6733960147052844,5.888636690688239,97636.7
207356,TOTAL,2023-09-11,385.0,385.0,41023,2026-04-08T04:07:26.133096+00:00,0.0,0.0,0.0,0.0,385.0,385.0,375.22200000000004,0.0,1.1314076494984155,99.45927435568893,3.9167824111202663,-1.5774834236543782,5.4942658347746445,99074.7
207470,TOTAL,2023-09-12,385.0,385.0,53930,2026-04-08T04:07:28.57479+00:00,0.0,0.0,0.0,0.0,385.0,385.0,376.18800000000005,0.0,1.1314076494984155,99.45927435568892,3.638311891229307,-1.48476315483627,5.123075046065577,98636.4
207584,TOTAL,2023-09-13,385.0,385.0,24080,2026-04-08T04:07:30.890589+00:00,0.0,0.0,0.0,0.0,385.0,385.0,377.154,0.0,1.1314076494984155,99.45927435568893,3.3786747387081277,-1.39552024588596,4.774194984594088,88858.7
207698,TOTAL,2023-09-14,385.0,385.0,414283,2026-04-08T04:07:33.324455+00:00,0.0,0.0,0.0,0.0,385.0,385.0,378.12,0.0,1.1314076494984155,99.45927435568893,3.136751901391449,-1.309954466562111,4.44670636795356,107414.9
207812,TOTAL,2023-09-15,385.0,385.0,80788,2026-04-08T04:07:35.74244+00:00,0.0,0.0,0.0,0.0,385.0,385.0,379.1,0.0,1.1299795783048991,99.45927435568893,2.9114647564693428,-1.2281932891873737,4.1396580456567165,109428.1
207926,TOTAL,2023-09-18,385.0,385.0,104966,2026-04-08T04:07:40.292184+00:00,0.0,0.0,0.0,0.0,385.0,385.0,379.8,0.0,0.9812529085992243,99.45927435568893,2.7017786485506576,-1.150303517684847,3.8520821662355047,113100.2
208040,TOTAL,2023-09-19,385.0,385.0,43379,2026-04-08T04:07:42.606346+00:00,0.0,0.0,0.0,0.0,385.0,385.0,380.5,0.0,0.9812529085992243,99.45927435568893,2.5067051605967094,-1.0763016045110363,3.5830067651077457,113049.0
208154,TOTAL,2023-09-20,385.0,385.0,245464,2026-04-08T04:07:45.004042+00:00,0.0,0.0,0.0,0.0,385.0,385.0,380.8,0.0,0.5733298225836886,99.45927435568892,2.3253033662100506,-1.006162719118156,3.3314660853282065,124384.7
208268,TOTAL,2023-09-21,385.0,385.0,23159,2026-04-08T04:07:47.370085+00:00,0.0,0.0,0.0,0.0,385.0,385.0,381.1,0.0,0.5733298225836886,99.45927435568893,2.1566802695685396,-0.939828652607734,3.0965089221762736,117242.6
208382,TOTAL,2023-09-22,385.0,385.0,5828,2026-04-08T04:07:49.898567+00:00,0.0,0.0,0.0,0.0,385.0,385.0,381.4,0.0,0.5733298225836886,99.45927435568892,1.9999906038856352,-0.8772146546325108,2.877205258518146,112769.1
208496,TOTAL,2023-09-25,385.0,385.0,295339,2026-04-08T04:07:54.305125+00:00,0.0,0.0,0.0,0.0,385.0,385.0,381.7,0.0,0.5733298225836886,99.45927435568892,1.8544361295883505,-0.8182153031438366,2.672651432732187,116768.6
208610,TOTAL,2023-09-28,385.0,385.0,35097,2026-04-08T04:07:58.898315+00:00,0.0,0.0,0.0,0.0,385.0,385.0,382.0,0.0,0.5733298225836886,99.45927435568893,1.7192645485339426,-0.7627095073585957,2.4819740558925383,110415.2
208724,TOTAL,2023-09-29,385.0,385.0,56713,2026-04-08T04:08:01.279649+00:00,0.0,0.0,0.0,0.0,385.0,385.0,382.3,0.0,0.5733298225836886,99.45927435568893,1.5937681297758104,-0.7105647408933824,2.304332870669193,96143.6
208838,TOTAL,2023-10-03,385.0,385.0,22047,2026-04-08T04:08:06.721549+00:00,0.0,0.0,0.0,0.0,385.0,385.0,382.6,0.0,0.5733298225836886,99.45927435568893,1.47728212499635,-0.6616405965382746,2.1389227215346245,92484.0
208952,TOTAL,2023-10-04,385.0,385.0,12080,2026-04-08T04:08:09.042741+00:00,0.0,0.0,0.0,0.0,385.0,385.0,382.9,0.0,0.5733298225836886,99.45927435568893,1.3691830372061986,-0.6157917474627408,1.9849747846689394,91857.3
209066,TOTAL,2023-10-05,385.0,385.0,566769,2026-04-08T04:08:11.600182+00:00,0.0,0.0,0.0,0.0,385.0,385.0,383.2,0.0,0.5733298225836886,99.45927435568893,1.2688867942115394,-0.5728703923659202,1.8417571865774596,112867.9
209181,TOTAL,2023-10-06,385.0,385.0,408102,2026-04-08T04:08:14.22861+00:00,0.0,0.0,0.0,0.0,385.0,385.0,383.5,0.0,0.5733298225836886,99.45927435568892,1.175846868284566,-0.5327282546343148,1.7085751229188808,131798.65
209296,TOTAL,2023-10-09,385.0,385.0,5269,2026-04-08T04:08:18.740555+00:00,0.0,0.0,0.0,0.0,385.0,385.0,383.8,0.0,0.5733298225836886,99.45927435568892,1.089552375113442,-0.4952181982443511,1.584770573357793,126051.8
209411,TOTAL,2023-10-10,385.0,385.0,33165,2026-04-08T04:08:21.390436+00:00,0.0,0.0,0.0,0.0,385.0,385.0,384.1,0.0,0.5733298225836886,99.45927435568892,1.0095261781831937,-0.4601955161396796,1.4697216943228733,126150.3
209525,TOTAL,2023-10-12,385.0,385.0,10757,2026-04-08T04:08:24.861957+00:00,0.0,0.0,0.0,0.0,385.0,385.0,384.4,0.0,0.5733298225836886,99.45927435568893,0.9353230190135378,-0.4275189402474684,1.3628419592610062,124111.9
209640,TOTAL,2023-10-13,385.0,385.0,302848,2026-04-08T04:08:27.376596+00:00,0.0,0.0,0.0,0.0,385.0,385.0,384.7,0.0,0.5733298225836886,99.45927435568895,0.8665276889630604,-0.3970514162383565,1.263579105201417,137203.15
209755,TOTAL,2023-10-16,385.0,385.0,53871,2026-04-08T04:08:32.388707+00:00,0.0,0.0,0.0,0.0,385.0,385.0,385.0,0.0,0.5733298225836886,99.45927435568892,0.8027532544339238,-0.3686606806139947,1.1714139350479185,137200.2
209870,TOTAL,2023-10-17,385.0,385.0,9028,2026-04-08T04:08:34.738576+00:00,0.0,0.0,0.0,0.0,385.0,385.0,385.0,0.0,0.0,99.45927435568892,0.7436393441397513,-0.34221967272653386,1.0858590168662852,136447.6
209985,TOTAL,2023-10-19,385.0,385.0,18071,2026-04-08T04:08:38.671249+00:00,0.0,0.0,0.0,0.0,385.0,385.0,385.0,0.0,0.0,99.45927435568892,0.6888505045173474,-0.31760680987915024,1.0064573143964977,116637.0
210100,TOTAL,2023-10-20,385.0,385.0,60361,2026-04-08T04:08:40.967521+00:00,0.0,0.0,0.0,0.0,385.0,385.0,385.0,0.0,0.0,99.45927435568893,0.6380746272688498,-0.2947061497021184,0.9327807769709682,115615.65
210215,TOTAL,2023-10-23,385.0,385.0,47960,2026-04-08T04:08:45.440193+00:00,0.0,0.0,0.0,0.0,385.0,385.0,385.0,0.0,0.0,99.45927435568892,0.5910214513360756,-0.2734074605079141,0.8644289118439897,112765.35
210330,TOTAL,2023-10-24,385.0,385.0,7333,2026-04-08T04:08:47.71675+00:00,0.0,0.0,0.0,0.0,385.0,385.0,385.0,0.0,0.0,99.45927435568893,0.5474211402624292,-0.25360621726524846,0.8010273575276776,110963.05
210445,TOTAL,2023-10-25,385.0,385.0,34390,2026-04-08T04:08:50.022319+00:00,0.0,0.0,0.0,0.0,385.0,385.0,385.0,0.0,0.0,99.45927435568893,0.5070229348313546,-0.23520353815705852,0.7422264729884132,100409.35
210560,TOTAL,2023-10-26,385.0,385.0,42458,2026-04-08T04:08:52.472279+00:00,0.0,0.0,0.0,0.0,385.0,385.0,385.0,0.0,0.0,99.45927435568893,0.46959388003682534,-0.21810607436127027,0.6876999543980956,101374.3
210675,TOTAL,2023-10-27,385.0,385.0,273859,2026-04-08T04:08:54.778052+00:00,0.0,0.0,0.0,0.0,385.0,385.0,385.0,0.0,0.0,99.45927435568892,0.4349176247985156,-0.2022258636796641,0.6371434884781797,114775.85
210790,TOTAL,2023-10-30,385.0,385.0,116925,2026-04-08T04:08:59.45056+00:00,0.0,0.0,0.0,0.0,385.0,385.0,385.0,0.0,0.0,99.45927435568893,0.40279329234914485,-0.18748015690322795,0.5902734492523728,105855.15
210905,TOTAL,2023-10-31,385.0,385.0,119359,2026-04-08T04:09:01.914254+00:00,0.0,0.0,0.0,0.0,385.0,385.0,385.0,0.0,0.0,99.45927435568893,0.3730344188649042,-0.17379122430997496,0.5468256431748791,110068.25
211020,TOTAL,2023-11-01,385.0,385.0,10824,2026-04-08T04:09:04.386399+00:00,0.0,0.0,0.0,0.0,385.0,385.0,385.0,0.0,0.0,99.45927435568892,0.345467957658002,-0.16108614841350177,0.5065541060715038,107773.8
211135,TOTAL,2023-11-02,385.0,385.0,19479,2026-04-08T04:09:06.696264+00:00,0.0,0.0,0.0,0.0,385.0,385.0,385.0,0.0,0.0,99.45927435568893,0.31993334608381474,-0.1492966079901512,0.46922995407396595,107645.4
211250,TOTAL,2023-11-03,385.0,385.0,1476,2026-04-08T04:09:09.071615+00:00,0.0,0.0,0.0,0.0,385.0,385.0,385.0,0.0,0.0,99.45927435568893,0.2962816322170738,-0.13835865748551374,0.43464028970258756,107115.2
211365,TOTAL,2023-11-06,385.0,385.0,21687,2026-04-08T04:09:13.59419+00:00,0.0,0.0,0.0,0.0,385.0,385.0,385.0,0.0,0.0,99.45927435568893,0.274374658307579,-0.12821250511600685,0.40258716342358586,79861.1
211480,TOTAL,2023-11-07,385.0,385.0,51687,2026-04-08T04:09:15.923939+00:00,0.0,0.0,0.0,0.0,385.0,385.0,385.0,0.0,0.0,99.45927435568892,0.25408429802740784,-0.11880229231694239,0.37288659034435023,62040.35
211596,TOTAL,2023-11-08,385.0,385.0,7442,2026-04-08T04:09:18.177895+00:00,0.0,0.0,0.0,0.0,385.0,385.0,385.0,0.0,0.0,99.45927435568893,0.23529174455399016,-0.11007587663228807,0.34536762118627823,62149.0
211712,TOTAL,2023-11-09,385.0,385.0,6897,2026-04-08T04:09:20.462573+00:00,0.0,0.0,0.0,0.0,385.0,385.0,385.0,0.0,0.0,99.45927435568893,0.2178868465956043,-0.10198461967253913,0.31987146626814345,60835.6
211828,TOTAL,2023-11-10,385.0,385.0,6374,2026-04-08T04:09:22.644841+00:00,0.0,0.0,0.0,0.0,385.0,385.0,385.0,0.0,0.0,99.45927435568892,0.20176748954446566,-0.09448318137894224,0.2962506709234079,60616.45
211944,TOTAL,2023-11-13,385.0,385.0,9231,2026-04-08T04:09:27.404692+00:00,0.0,0.0,0.0,0.0,385.0,385.0,385.0,0.0,0.0,99.45927435568893,0.18683901903949618,-0.08752932150712939,0.27436834054662557,45935.6
212060,TOTAL,2023-11-14,385.0,385.0,15735,2026-04-08T04:09:29.775588+00:00,0.0,0.0,0.0,0.0,385.0,385.0,385.0,0.0,0.0,99.45927435568893,0.17301370432431895,-0.08108370897784534,0.2540974133021643,44028.8
212176,TOTAL,2023-11-15,385.0,385.0,24890,2026-04-08T04:09:32.378304+00:00,0.0,0.0,0.0,0.0,385.0,385.0,385.0,0.0,0.0,99.45927435568892,0.16021023889987873,-0.07510973952182845,0.23531997842170718,44821.9
212292,TOTAL,2023-11-16,385.0,385.0,9236,2026-04-08T04:09:34.916677+00:00,0.0,0.0,0.0,0.0,385.0,385.0,385.0,0.0,0.0,99.45927435568893,0.1483532760870503,-0.06957336186772553,0.21792663795477582,44380.15
212408,TOTAL,2023-11-17,385.0,385.0,31632,2026-04-08T04:09:37.378105+00:00,0.0,0.0,0.0,0.0,385.0,385.0,385.0,0.0,0.0,99.45927435568893,0.13737299723266005,-0.06444291257769263,0.2018159098103527,42943.7
212524,TOTAL,2023-11-20,385.0,385.0,12567,2026-04-08T04:09:41.830835+00:00,0.0,0.0,0.0,0.0,385.0,385.0,385.0,0.0,0.0,99.45927435568893,0.12720471041251358,-0.0596889595182713,0.18689366993078488,41174.05
212640,TOTAL,2023-11-21,385.0,385.0,19691,2026-04-08T04:09:44.211025+00:00,0.0,0.0,0.0,0.0,385.0,385.0,385.0,0.0,0.0,99.45927435568892,0.11778847760001554,-0.05528415386461549,0.17307263146463103,41791.95
212756,TOTAL,2023-11-22,385.0,385.0,7498,2026-04-08T04:09:46.526636+00:00,0.0,0.0,0.0,0.0,385.0,385.0,385.0,0.0,0.0,99.45927435568893,0.10906876838674862,-0.05120309046230595,0.16027185884905457,40447.35
212872,TOTAL,2023-11-23,385.0,385.0,3529,2026-04-08T04:09:48.793806+00:00,0.0,0.0,0.0,0.0,385.0,385.0,385.0,0.0,0.0,99.45927435568892,0.10099413845171057,-0.04742217631787521,0.14841631476958578,38500.9
212989,TOTAL,2023-11-27,385.0,385.0,13011,2026-04-08T04:09:54.316732+00:00,0.0,0.0,0.0,0.0,385.0,385.0,385.0,0.0,0.0,99.45927435568893,0.0935169310843662,-0.043919506948175646,0.13743643803254185,25458.5
213106,TOTAL,2023-11-28,385.0,385.0,86878,2026-04-08T04:09:57.050116+00:00,0.0,0.0,0.0,0.0,385.0,385.0,385.0,0.0,0.0,99.45927435568893,0.0865930001716606,-0.040674750288704986,0.1272677504603656,23956.15
213223,TOTAL,2023-11-29,385.0,385.0,3690,2026-04-08T04:09:59.54407+00:00,0.0,0.0,0.0,0.0,385.0,385.0,385.0,0.0,0.0,99.45927435568893,0.0801814531583318,-0.037669037841627034,0.11785049099995884,18172.7
213340,TOTAL,2023-11-30,385.0,385.0,14293,2026-04-08T04:10:01.973818+00:00,0.0,0.0,0.0,0.0,385.0,385.0,385.0,0.0,0.0,99.45927435568893,0.07424441258478964,-0.03488486273213537,0.10912927531692501,18346.15
213457,TOTAL,2023-12-01,385.0,385.0,110932,2026-04-08T04:10:04.46052+00:00,0.0,0.0,0.0,0.0,385.0,385.0,385.0,0.0,0.0,99.45927435568892,0.06874679489806113,-0.03230598433509112,0.10105277923315224,22918.8
213574,TOTAL,2023-12-04,385.0,385.0,8329,2026-04-08T04:10:08.793495+00:00,0.0,0.0,0.0,0.0,385.0,385.0,385.0,0.0,0.0,99.45927435568892,0.06365610531560151,-0.0299173391340406,0.09357344444964211,23261.45
213691,TOTAL,2023-12-05,385.0,385.0,36711,2026-04-08T04:10:11.104733+00:00,0.0,0.0,0.0,0.0,385.0,385.0,385.0,0.0,0.0,99.45927435568893,0.05894224760493216,-0.027704957475767955,0.08664720508070012,24012.65
213808,TOTAL,2023-12-06,385.0,385.0,20478,2026-04-08T04:10:13.383432+00:00,0.0,0.0,0.0,0.0,385.0,385.0,385.0,0.0,0.0,99.45927435568892,0.05457734771647438,-0.025655885891380598,0.08023323360785498,22452.2
213925,TOTAL,2023-12-08,385.0,385.0,3874,2026-04-08T04:10:16.965057+00:00,0.0,0.0,0.0,0.0,385.0,385.0,385.0,0.0,0.0,99.45927435568893,0.05053559027999199,-0.023758114662290386,0.07429370494228238,22273.8
214042,TOTAL,2023-12-11,385.0,385.0,22943,2026-04-08T04:10:21.350621+00:00,0.0,0.0,0.0,0.0,385.0,385.0,385.0,0.0,0.0,99.45927435568893,0.04679306704309738,-0.022000510319348007,0.06879357736244539,23076.1
214159,TOTAL,2023-12-12,385.0,385.0,8757,2026-04-08T04:10:23.843731+00:00,0.0,0.0,0.0,0.0,385.0,385.0,385.0,0.0,0.0,99.45927435568893,0.043327636392632485,-0.020372752775850322,0.06370038916848281,23195.25
214276,TOTAL,2023-12-13,385.0,385.0,10827,2026-04-08T04:10:26.19208+00:00,0.0,0.0,0.0,0.0,385.0,385.0,385.0,0.0,0.0,99.45927435568895,0.04011879316055911,-0.01886527680633896,0.05898406996689807,23275.05
214393,TOTAL,2023-12-14,385.0,385.0,231,2026-04-08T04:10:28.64956+00:00,0.0,0.0,0.0,0.0,385.0,385.0,385.0,0.0,0.0,99.45927435568893,0.03714754797118758,-0.017469217596568394,0.05461676556775597,22499.85
214510,TOTAL,2023-12-15,385.0,385.0,13951,2026-04-08T04:10:31.179138+00:00,0.0,0.0,0.0,0.0,385.0,385.0,385.0,0.0,0.0,99.45927435568893,0.034396315438527836,-0.01617636010338251,0.05057267554191035,21952.9
214627,TOTAL,2023-12-18,385.0,385.0,14918,2026-04-08T04:10:35.879044+00:00,0.0,0.0,0.0,0.0,385.0,385.0,385.0,0.0,0.0,99.45927435568893,0.031848810571773356,-0.014979091976109596,0.04682790254788295,22237.0
214744,TOTAL,2023-12-19,385.0,385.0,205738,2026-04-08T04:10:38.280823+00:00,0.0,0.0,0.0,0.0,385.0,385.0,385.0,0.0,0.0,99.45927435568893,0.0294899527921757,-0.013870359804565802,0.0433603125967415,30942.3
214861,TOTAL,2023-12-20,385.0,385.0,96522,2026-04-08T04:10:40.523028+00:00,0.0,0.0,0.0,0.0,385.0,385.0,385.0,0.0,0.0,99.45927435568893,0.027305777007086363,-0.012843628471724114,0.040149405478810476,35140.05
214978,TOTAL,2023-12-21,385.0,385.0,37421,2026-04-08T04:10:42.873875+00:00,0.0,0.0,0.0,0.0,385.0,385.0,385.0,0.0,0.0,99.45927435568892,0.025283351226676132,-0.011892843401707473,0.037176194628383605,36026.55
215095,TOTAL,2023-12-28,385.0,385.0,17460,2026-04-08T04:10:51.166125+00:00,0.0,0.0,0.0,0.0,385.0,385.0,385.0,0.0,0.0,99.45927435568893,0.023410700245108274,-0.011012395506620268,0.03442309575172854,36524.65
215212,TOTAL,2023-12-29,385.0,385.0,8061,2026-04-08T04:10:53.57119+00:00,0.0,0.0,0.0,0.0,385.0,385.0,385.0,0.0,0.0,99.45927435568893,0.021676734943355314,-0.010197088646698584,0.0318738235900539,36751.25
215329,TOTAL,2024-01-02,385.0,385.0,16669,2026-04-08T04:10:59.157783+00:00,0.0,0.0,0.0,0.0,385.0,385.0,385.0,0.0,0.0,99.45927435568892,0.02007118680160147,-0.009442109430761944,0.029513296232363415,36934.15
215446,TOTAL,2024-01-03,385.0,385.0,14328,2026-04-08T04:11:01.401293+00:00,0.0,0.0,0.0,0.0,385.0,385.0,385.0,0.0,0.0,99.45927435568895,0.0185845472398114,-0.008742999194041614,0.027327546433853014,33306.65
215563,TOTAL,2024-01-04,385.0,385.0,76815,2026-04-08T04:11:03.846312+00:00,0.0,0.0,0.0,0.0,385.0,385.0,385.0,0.0,0.0,99.45927435568892,0.017208011432273906,-0.008095628001263289,0.025303639433537195,36962.9
215680,TOTAL,2024-01-05,385.0,385.0,63666,2026-04-08T04:11:07.208124+00:00,0.0,0.0,0.0,0.0,385.0,385.0,385.0,0.0,0.0,99.45927435568893,0.015933426267622508,-0.007496170532731751,0.02342959680035426,39431.55
215797,TOTAL,2024-01-08,385.0,385.0,43682,2026-04-08T04:11:11.742656+00:00,0.0,0.0,0.0,0.0,385.0,385.0,385.0,0.0,0.0,99.45927435568893,0.01475324214976581,-0.00694108372047076,0.02169432587023657,36069.05
215914,TOTAL,2024-01-09,346.5,346.5,203809,2026-04-08T04:11:14.100458+00:00,-9.999999999999998,0.0,0.0,0.0,377.3,383.075,384.23,2.2360679774997894,1.414213562373095,0.053591425225443044,-3.0575646028673304,-2.4634071429900537,-0.594157459877277,45843.05
216031,TOTAL,2024-01-10,346.5,346.5,57183,2026-04-08T04:11:16.512964+00:00,0.0,-9.999999999999998,0.0,0.0,369.6,381.15,383.46,2.2360679774997894,1.414213562373095,0.05359142522544304,-5.4298071925204,-3.868519786114498,-1.5612874064059017,46866.65
216148,TOTAL,2024-01-11,346.5,346.5,89866,2026-04-08T04:11:18.918089+00:00,0.0,0.0,0.0,0.0,361.9,379.225,382.69,2.2360679774997894,1.414213562373095,0.053591425225443044,-7.2265236693993415,-4.5321890103947515,-2.69433465900459,50336.05
216265,TOTAL,2024-01-12,346.5,346.5,162415,2026-04-08T04:11:21.244944+00:00,0.0,0.0,0.0,0.0,354.2,377.3,381.92,2.2360679774997894,1.414213562373095,0.05359142522544304,-8.55185397271589,-4.686015450969039,-3.8658385217468503,58263.1
216382,TOTAL,2024-01-15,346.5,346.5,86688,2026-04-08T04:11:25.674113+00:00,0.0,0.0,0.0,0.0,346.5,375.375,381.15,2.2360679774997894,1.414213562373095,0.05359142522544304,-9.492761145140946,-4.501538098715276,-4.99122304642567,61450.35
216499,TOTAL,2024-01-16,346.5,346.5,165344,2026-04-08T04:11:28.037988+00:00,0.0,0.0,-9.999999999999998,0.0,346.5,373.45,380.38,2.2360679774997894,1.414213562373095,0.053591425225443044,-10.121759515045028,-4.104429174895486,-6.017330340149542,69279.7
216616,TOTAL,2024-01-18,346.5,346.5,148893,2026-04-08T04:11:31.337167+00:00,0.0,0.0,0.0,0.0,346.5,371.525,379.61,2.2360679774997894,1.414213562373095,0.05359142522544304,-10.499216818929483,-3.5855091830239516,-6.913707635905531,76183.0
216733,TOTAL,2024-01-19,346.5,346.5,59596,2026-04-08T04:11:38.619168+00:00,0.0,0.0,0.0,0.0,346.5,369.6,378.84,2.2360679774997894,1.414213562373095,0.05359142522544304,-10.675296281301314,-3.009270916316626,-7.666025364984688,79151.25
216850,TOTAL,2024-01-22,346.5,346.5,73091,2026-04-08T04:11:42.948818+00:00,0.0,0.0,0.0,0.0,346.5,367.675,378.07,2.2360679774997894,1.414213562373095,0.05359142522544304,-10.69159447795954,-2.4204552903798806,-8.27113918757966,82108.25
216967,TOTAL,2024-01-23,346.5,346.5,69911,2026-04-08T04:11:45.304506+00:00,0.0,0.0,0.0,0.0,346.5,365.75,377.3,2.2360679774997894,1.414213562373095,0.05359142522544303,-10.582522187843267,-1.8491064002108857,-8.733415787632381,84857.9
217084,TOTAL,2024-01-24,346.5,346.5,121293,2026-04-08T04:11:47.647942+00:00,0.0,0.0,0.0,-9.999999999999998,346.5,363.825,376.53,2.2360679774997894,1.414213562373095,0.05359142522544304,-10.376468146437674,-1.314441887044234,-9.06202625939344,80635.65
217201,TOTAL,2024-01-25,346.5,346.5,82561,2026-04-08T04:11:50.11021+00:00,0.0,0.0,0.0,0.0,346.5,361.9,375.76,2.2360679774997894,1.414213562373095,0.05359142522544304,-10.09677944566198,-0.827802549014832,-9.268976896647148,79937.6
217318,TOTAL,2024-01-26,346.5,346.5,7444,2026-04-08T04:11:52.721812+00:00,0.0,0.0,0.0,0.0,346.5,359.975,374.99,2.2360679774997894,1.414213562373095,0.05359142522544303,-9.762587108066612,-0.39488816913556946,-9.367698938931042,78438.75
217435,TOTAL,2024-01-29,346.5,346.5,39019,2026-04-08T04:11:57.440388+00:00,0.0,0.0,0.0,0.0,346.5,358.05,374.22,2.2360679774997894,1.414213562373095,0.05359142522544302,-9.389500950599427,-0.017441609334706953,-9.37205934126472,79516.7
217552,TOTAL,2024-01-30,346.5,346.5,48547,2026-04-08T04:12:00.024191+00:00,0.0,0.0,0.0,0.0,346.5,356.125,373.45,2.2360679774997894,1.414213562373095,0.05359142522544303,-8.990194121237948,0.3054921760214171,-9.295686297259365,81541.0
217669,TOTAL,2024-01-31,346.5,346.5,30803,2026-04-08T04:12:02.433526+00:00,0.0,0.0,0.0,0.0,346.5,354.2,372.68,2.2360679774997894,1.414213562373095,0.05359142522544302,-8.57489453559873,0.5766334093285082,-9.151527944927238,82247.7
217786,TOTAL,2024-02-01,346.5,346.5,46814,2026-04-08T04:12:04.812869+00:00,0.0,0.0,0.0,0.0,346.5,352.275,371.91,2.2360679774997894,1.414213562373095,0.05359142522544302,-8.15179777151559,0.7997841387293203,-8.95158191024491,83872.0
217903,TOTAL,2024-02-02,346.5,346.5,101078,2026-04-08T04:12:07.232701+00:00,0.0,0.0,0.0,0.0,346.5,350.35,371.14,2.2360679774997894,1.414213562373095,0.05359142522544303,-7.727413722487313,0.9793345502060777,-8.70674827269339,85085.15
218020,TOTAL,2024-02-05,346.5,346.5,85381,2026-04-08T04:12:11.791199+00:00,0.0,0.0,0.0,0.0,346.5,348.425,370.37,2.2360679774997894,1.414213562373095,0.05359142522544303,-7.306857402337073,1.1199126962850539,-8.426770098622127,86170.9
218137,TOTAL,2024-02-06,346.5,346.5,125158,2026-04-08T04:12:14.363902+00:00,0.0,0.0,0.0,0.0,346.5,346.5,369.6,2.2360679774997894,1.414213562373095,0.05359142522544303,-6.894092679685684,1.2261419351491547,-8.120234614834839,90244.7
218254,TOTAL,2024-02-07,346.5,346.5,4153,2026-04-08T04:12:16.791058+00:00,0.0,0.0,0.0,0.0,346.5,346.5,368.83,0.0,1.414213562373095,0.05359142522544303,-6.492136356472315,1.3024786066900198,-7.794614963162335,80261.9
218371,TOTAL,2024-02-08,346.5,346.5,36158,2026-04-08T04:12:19.312026+00:00,0.0,0.0,0.0,0.0,346.5,346.5,368.06,0.0,1.414213562373095,0.05359142522544303,-6.103228851316885,1.3531088894763599,-7.456337740793245,79210.65
218488,TOTAL,2024-02-09,346.5,346.5,37149,2026-04-08T04:12:21.609908+00:00,0.0,0.0,0.0,0.0,346.5,346.5,367.29,0.0,1.414213562373095,0.05359142522544303,-5.728976773473562,1.3818887738557466,-7.1108655473293085,76574.8
218605,TOTAL,2024-02-12,346.5,346.5,6592,2026-04-08T04:12:25.771109+00:00,0.0,0.0,0.0,0.0,346.5,346.5,366.52,0.0,1.414213562373095,0.05359142522544302,-5.370471848969828,1.3923149586875851,-6.762786807657413,68783.65
218722,TOTAL,2024-02-13,346.5,346.5,24437,2026-04-08T04:12:28.061356+00:00,0.0,0.0,0.0,0.0,346.5,346.5,365.75,0.0,1.414213562373095,0.05359142522544302,-5.028389963971506,1.3875174749487265,-6.415907438920232,65671.1
218839,TOTAL,2024-02-14,346.5,346.5,8835,2026-04-08T04:12:30.570558+00:00,0.0,0.0,0.0,0.0,346.5,346.5,364.98,0.0,1.414213562373095,0.05359142522544304,-4.7030735017766006,1.3702671497149064,-6.073340651491507,57845.65
218956,TOTAL,2024-02-16,346.5,346.5,11900,2026-04-08T04:12:34.036511+00:00,0.0,0.0,0.0,0.0,346.5,346.5,364.21,0.0,1.414213562373095,0.05359142522544303,-4.394599652458339,1.3429927992265345,-5.737592451684874,50996.0
219073,TOTAL,2024-02-19,346.5,346.5,11079,2026-04-08T04:12:38.429241+00:00,0.0,0.0,0.0,0.0,346.5,346.5,363.44,0.0,1.414213562373095,0.05359142522544304,-4.102836953961571,1.307804398178643,-5.410641352140214,48570.15
219190,TOTAL,2024-02-20,346.5,346.5,31946,2026-04-08T04:12:40.813552+00:00,0.0,0.0,0.0,0.0,346.5,346.5,362.67,0.0,1.414213562373095,0.05359142522544304,-3.8274919684844804,1.2665195069245874,-5.094011475409068,46512.9
219307,TOTAL,2024-02-21,346.5,346.5,15398,2026-04-08T04:12:43.257682+00:00,0.0,0.0,0.0,0.0,346.5,346.5,361.9,0.0,1.414213562373095,0.05359142522544305,-3.568147698170719,1.220691021790679,-4.788838719961398,43787.25
219424,TOTAL,2024-02-22,346.5,346.5,33726,2026-04-08T04:12:45.850796+00:00,0.0,0.0,0.0,0.0,346.5,346.5,361.13,0.0,1.414213562373095,0.053591425225443044,-3.324295090965677,1.1716349031965771,-4.495929994162254,39408.9
219541,TOTAL,2024-02-26,346.5,346.5,14177,2026-04-08T04:12:51.18414+00:00,0.0,0.0,0.0,0.0,346.5,346.5,360.36,0.0,1.414213562373095,0.053591425225443044,-3.0953587737427597,1.1204569763355963,-4.215815750078356,35989.7
219658,TOTAL,2024-02-27,346.5,346.5,438,2026-04-08T04:12:53.509755+00:00,0.0,0.0,0.0,0.0,346.5,346.5,359.59,0.0,1.414213562373095,0.053591425225443044,-2.8807179693801572,1.0680782245585592,-3.9487961939387164,35639.4
219775,TOTAL,2024-02-29,346.5,346.5,5500,2026-04-08T04:12:56.822244+00:00,0.0,0.0,0.0,0.0,346.5,346.5,358.82,0.0,1.414213562373095,0.05359142522544305,-2.6797234022085377,1.0152582333841433,-3.694981635592681,33963.45
219892,TOTAL,2024-03-01,346.5,346.5,61635,2026-04-08T04:12:59.287484+00:00,0.0,0.0,0.0,0.0,346.5,346.5,358.05,0.0,1.414213562373095,0.053591425225443044,-2.4917108677896636,0.962616614242414,-3.4543274820320775,34617.85
220009,TOTAL,2024-03-04,346.5,346.5,11527,2026-04-08T04:13:03.814092+00:00,0.0,0.0,0.0,0.0,346.5,346.5,357.28,0.0,1.414213562373095,0.05359142522544305,-2.3160120346377084,0.9106523579154957,-3.226664392553204,33654.05
220127,TOTAL,2024-03-05,346.5,346.5,13402,2026-04-08T04:13:06.279726+00:00,0.0,0.0,0.0,0.0,346.5,346.5,356.51,0.0,1.414213562373095,0.05359142522544305,-2.1519629541381278,0.8597611507320613,-3.011724104870189,31983.45
220245,TOTAL,2024-03-06,346.5,346.5,1773,2026-04-08T04:13:08.558236+00:00,0.0,0.0,0.0,0.0,346.5,346.5,355.74,0.0,1.414213562373095,0.05359142522544305,-1.998910677916058,0.8102507415633049,-2.809161419479363,27018.2
220363,TOTAL,2024-03-07,346.5,346.5,10167,2026-04-08T04:13:10.988978+00:00,0.0,0.0,0.0,0.0,346.5,346.5,354.97,0.0,1.414213562373095,0.05359142522544305,-1.8562183170250819,0.7623544819634249,-2.618572798988507,23257.5
220481,TOTAL,2024-03-08,346.5,346.5,8860,2026-04-08T04:13:13.453006+00:00,0.0,0.0,0.0,0.0,346.5,346.5,354.2,0.0,1.414213562373095,0.05359142522544306,-1.7232688226857817,0.7162431810421803,-2.439512003727962,17442.6
220599,TOTAL,2024-03-11,346.5,346.5,16894,2026-04-08T04:13:17.773706+00:00,0.0,0.0,0.0,0.0,346.5,346.5,353.43,0.0,1.414213562373095,0.05359142522544305,-1.5994677223038707,0.6720354251392733,-2.271503147443144,18079.65
220717,TOTAL,2024-03-12,346.5,346.5,18371,2026-04-08T04:13:20.258657+00:00,0.0,0.0,0.0,0.0,346.5,346.5,352.66,0.0,1.414213562373095,0.053591425225443044,-1.4842450057960264,0.629806513317694,-2.1140515191137204,17190.3
220835,TOTAL,2024-03-13,346.5,346.5,31713,2026-04-08T04:13:22.557243+00:00,0.0,0.0,0.0,0.0,346.5,346.5,351.89,0.0,1.414213562373095,0.053591425225443044,-1.377056324705336,0.5895961555267075,-1.9666524802320435,16918.5
220953,TOTAL,2024-03-14,346.5,346.5,66956,2026-04-08T04:13:25.004754+00:00,0.0,0.0,0.0,0.0,346.5,346.5,351.12,0.0,1.414213562373095,0.05359142522544305,-1.277383639238792,0.5514150727946014,-1.8287987120333935,19936.7
221071,TOTAL,2024-03-15,346.5,346.5,27984,2026-04-08T04:13:27.500984+00:00,0.0,0.0,0.0,0.0,346.5,346.5,350.35,0.0,1.414213562373095,0.053591425225443044,-1.1847354253919207,0.5152506293131784,-1.6999860547050991,20114.05
221189,TOTAL,2024-03-19,346.5,346.5,15792,2026-04-08T04:13:32.54102+00:00,0.0,0.0,0.0,0.0,346.5,346.5,349.58,0.0,1.414213562373095,0.053591425225443044,-1.0986465350515573,0.48107161572283363,-1.579718150774391,20461.9
221307,TOTAL,2024-03-20,346.5,346.5,73677,2026-04-08T04:13:34.949661+00:00,0.0,0.0,0.0,0.0,346.5,346.5,348.81,0.0,1.414213562373095,0.05359142522544305,-1.0186777858099276,0.4488322919715708,-1.4675100777814984,23550.75
221425,TOTAL,2024-03-21,346.5,346.5,38158,2026-04-08T04:13:37.293426+00:00,0.0,0.0,0.0,0.0,346.5,346.5,348.04,0.0,1.414213562373095,0.05359142522544304,-0.9444153436883198,0.4184757872745428,-1.3628911309628626,24904.7
221543,TOTAL,2024-03-22,346.5,346.5,66433,2026-04-08T04:13:39.66616+00:00,0.0,0.0,0.0,0.0,346.5,346.5,347.27,0.0,1.414213562373095,0.053591425225443044,-0.8754699506450265,0.38993694425426906,-1.2654068948992956,26629.05
221661,TOTAL,2024-03-25,346.5,346.5,9512,2026-04-08T04:13:43.964435+00:00,0.0,0.0,0.0,0.0,346.5,346.5,346.5,0.0,1.414213562373095,0.05359142522544304,-0.8114760392790004,0.36314468449623627,-1.1746207237752366,26334.75
221779,TOTAL,2024-03-26,346.5,346.5,62947,2026-04-08T04:13:46.391317+00:00,0.0,0.0,0.0,0.0,346.5,346.5,346.5,0.0,0.0,0.05359142522544305,-0.7520907692426135,0.33802396362609843,-1.090114732868712,27795.8
221897,TOTAL,2024-03-27,346.5,346.5,34784,2026-04-08T04:13:48.795654+00:00,0.0,0.0,0.0,0.0,346.5,346.5,346.5,0.0,0.0,0.05359142522544305,-0.6969930132968329,0.31449737565750335,-1.0114903889543363,28826.15
222015,TOTAL,2024-03-28,346.5,346.5,25393,2026-04-08T04:13:51.173779+00:00,0.0,0.0,0.0,0.0,346.5,346.5,346.5,0.0,0.0,0.053591425225443044,-0.6458823154669631,0.29248645878989865,-0.9383687742568617,30073.9
222133,TOTAL,2024-04-02,346.5,346.5,92961,2026-04-08T04:13:58.053067+00:00,0.0,0.0,0.0,0.0,346.5,346.5,346.5,0.0,0.0,0.053591425225443044,-0.5984778392131602,0.27191274803496124,-0.8703905872481215,34446.95
222251,TOTAL,2024-04-03,346.5,346.5,23213,2026-04-08T04:14:00.66873+00:00,0.0,0.0,0.0,0.0,346.5,346.5,346.5,0.0,0.0,0.05359142522544304,-0.5545173197640452,0.2526986139872611,-0.8072159337513063,32525.85
222369,TOTAL,2024-04-04,346.5,346.5,10142,2026-04-08T04:14:03.310057+00:00,0.0,0.0,0.0,0.0,346.5,346.5,346.5,0.0,0.0,0.05359142522544304,-0.5137560316513259,0.23476792167998428,-0.7485239533313102,32456.6
222487,TOTAL,2024-04-05,346.5,346.5,2790,2026-04-08T04:14:05.820809+00:00,0.0,0.0,0.0,0.0,346.5,346.5,346.5,0.0,0.0,0.05359142522544303,-0.47596577992021594,0.21804653872887547,-0.6940123186490914,31926.0
222605,TOTAL,2024-04-12,346.5,346.5,15127,2026-04-08T04:14:15.984697+00:00,0.0,0.0,0.0,0.0,346.5,346.5,346.5,0.0,0.0,0.05359142522544303,-0.4409339213854082,0.2024627178109466,-0.6433966391963548,32593.7
222723,TOTAL,2024-04-15,346.5,346.5,17016,2026-04-08T04:14:20.492228+00:00,0.0,0.0,0.0,0.0,346.5,346.5,346.5,0.0,0.0,0.05359142522544304,-0.40846242058023563,0.18794737489289537,-0.596409795473131,32936.15
222841,TOTAL,2024-04-16,346.5,346.5,27196,2026-04-08T04:14:22.958286+00:00,0.0,0.0,0.0,0.0,346.5,346.5,346.5,0.0,0.0,0.053591425225443044,-0.3783669436465402,0.1744342814612726,-0.5528012251078128,33852.95
222959,TOTAL,2024-04-17,346.5,346.5,10585,2026-04-08T04:14:25.407203+00:00,0.0,0.0,0.0,0.0,346.5,346.5,346.5,0.0,0.0,0.05359142522544303,-0.35047599227510773,0.16186018626616416,-0.5123361785412719,33537.5
223077,TOTAL,2024-04-18,346.5,346.5,57772,2026-04-08T04:14:27.862982+00:00,0.0,0.0,0.0,0.0,346.5,346.5,346.5,0.0,0.0,0.05359142522544303,-0.3246300788955523,0.15016487971657572,-0.474794958612128,35507.55
223195,TOTAL,2024-04-19,346.5,346.5,17893,2026-04-08T04:14:30.225092+00:00,0.0,0.0,0.0,0.0,346.5,346.5,346.5,0.0,0.0,0.05359142522544304,-0.30068094358222197,0.13929121202392486,-0.43997215560614683,34816.55
223313,TOTAL,2024-04-22,346.5,346.5,22000,2026-04-08T04:14:34.624841+00:00,0.0,0.0,0.0,0.0,346.5,346.5,346.5,0.0,0.0,0.05359142522544303,-0.27849081256948693,0.12918507442932792,-0.40767588699881485,32568.75
223431,TOTAL,2024-04-23,346.5,346.5,449524,2026-04-08T04:14:36.881925+00:00,0.0,0.0,0.0,0.0,346.5,346.5,346.5,0.0,0.0,0.05359142522544303,-0.2579316978150814,0.11979535134698677,-0.3777270491620682,53645.75
223549,TOTAL,2024-04-24,321.5,321.5,23057,2026-04-08T04:14:39.108369+00:00,-7.215007215007219,0.0,0.0,0.0,341.5,345.25,346.0,1.6133246590907584,1.0203561056082942,0.0006598799722085471,-2.2331867310096527,-1.4843677454780675,-0.7488189855315852,54009.0
223667,TOTAL,2024-04-25,321.5,321.5,30088,2026-04-08T04:14:41.415412+00:00,0.0,-7.215007215007219,0.0,0.0,336.5,344.0,345.5,1.6133246590907584,1.0203561056082942,0.000659879972208547,-3.755301794270224,-2.405186246990911,-1.3501155472793132,51829.55
223785,TOTAL,2024-04-26,321.5,321.5,9975,2026-04-08T04:14:43.709399+00:00,0.0,0.0,0.0,0.0,331.5,342.75,345.0,1.6133246590907584,1.0203561056082942,0.000659879972208547,-4.905046623955627,-2.843944861341051,-2.0611017626145762,50420.4
223903,TOTAL,2024-04-29,321.5,321.5,2454,2026-04-08T04:14:47.97937+00:00,0.0,0.0,0.0,0.0,326.5,341.5,344.5,1.6133246590907584,1.0203561056082942,0.000659879972208547,-5.749945887966078,-2.951075300281201,-2.7988705876848767,47221.45
224021,TOTAL,2024-04-30,321.5,321.5,33613,2026-04-08T04:14:50.304196+00:00,0.0,0.0,0.0,0.0,321.5,340.25,344.0,1.6133246590907584,1.0203561056082942,0.000659879972208547,-6.346377551929095,-2.8380055713953745,-3.5083719805337203,48426.5
224139,TOTAL,2024-05-02,321.5,321.5,24195,2026-04-08T04:14:53.573612+00:00,0.0,0.0,-7.215007215007219,0.0,321.5,339.0,343.5,1.6133246590907584,1.0203561056082942,0.000659879972208547,-6.741343926237107,-2.5863775565627094,-4.154966369674398,46488.9
224257,TOTAL,2024-05-03,321.5,321.5,54851,2026-04-08T04:14:55.989363+00:00,0.0,0.0,0.0,0.0,321.5,337.75,343.0,1.6133246590907584,1.0203561056082942,0.000659879972208547,-6.973966083586788,-2.255199771129912,-4.718766312456876,47492.25
224375,TOTAL,2024-05-06,321.5,321.5,20979,2026-04-08T04:15:00.14873+00:00,0.0,0.0,0.0,0.0,321.5,336.5,342.5,1.6133246590907584,1.0203561056082942,0.000659879972208547,-7.076744513606229,-1.8863825609194826,-5.190361952686747,47271.55
224493,TOTAL,2024-05-07,321.5,321.5,21089,2026-04-08T04:15:02.40079+00:00,0.0,0.0,0.0,0.0,321.5,335.25,342.0,1.6133246590907584,1.0203561056082942,0.000659879972208547,-7.0766222634663905,-1.5090082486237142,-5.567614014842676,43677.95
224611,TOTAL,2024-05-08,321.5,321.5,41882,2026-04-08T04:15:04.708287+00:00,0.0,0.0,0.0,0.0,321.5,334.0,341.5,1.6133246590907584,1.0203561056082942,0.0006598799722085469,-6.995881215482598,-1.1426137605119369,-5.853267454970661,44611.4
224729,TOTAL,2024-05-09,321.5,321.5,36299,2026-04-08T04:15:07.337178+00:00,0.0,0.0,0.0,-7.215007215007219,321.5,332.75,341.0,1.6133246590907584,1.0203561056082942,0.000659879972208547,-6.852897417598058,-0.799703970101918,-6.05319344749614,45919.25
224847,TOTAL,2024-05-10,321.5,321.5,103347,2026-04-08T04:15:09.604775+00:00,0.0,0.0,0.0,0.0,321.5,331.5,340.5,1.6133246590907584,1.0203561056082942,0.000659879972208547,-6.66277737745952,-0.4876671439707039,-6.175110233488816,50947.1
224965,TOTAL,2024-05-13,321.5,321.5,23722,2026-04-08T04:15:13.907933+00:00,0.0,0.0,0.0,0.0,321.5,330.25,340.0,1.6133246590907584,1.0203561056082942,0.0006598799722085469,-6.437893843134873,-0.2102268877168454,-6.2276669554180275,51376.85
225083,TOTAL,2024-05-14,321.5,321.5,20958,2026-04-08T04:15:16.26654+00:00,0.0,0.0,0.0,0.0,321.5,329.0,339.5,1.6133246590907584,1.0203561056082942,0.0006598799722085469,-6.1883367282864015,0.031464181705301186,-6.219800909991703,51573.95
225201,TOTAL,2024-05-15,321.5,321.5,5826,2026-04-08T04:15:18.549958+00:00,0.0,0.0,0.0,0.0,321.5,327.75,339.0,1.6133246590907584,1.0203561056082942,0.0006598799722085471,-5.922292416330663,0.23800679492883248,-6.160299211259495,50505.45
225319,TOTAL,2024-05-16,321.5,321.5,13008,2026-04-08T04:15:20.841424+00:00,0.0,0.0,0.0,0.0,321.5,326.5,338.5,1.6133246590907584,1.0203561056082942,0.0006598799722085469,-5.646362628714883,0.41114926603569035,-6.057511894750573,50626.6
225437,TOTAL,2024-05-20,321.5,321.5,11786,2026-04-08T04:15:25.962105+00:00,0.0,0.0,0.0,0.0,321.5,325.25,338.0,1.6133246590907584,1.0203561056082942,0.0006598799722085469,-5.365832309315408,0.5533436683481323,-5.91917597766354,48327.3
225555,TOTAL,2024-05-21,321.5,321.5,76400,2026-04-08T04:15:28.334406+00:00,0.0,0.0,0.0,0.0,321.5,324.0,337.5,1.6133246590907584,1.0203561056082942,0.0006598799722085469,-5.084894511389166,0.6674251730195007,-5.752319684408667,51252.65
225673,TOTAL,2024-05-22,321.5,321.5,42232,2026-04-08T04:15:30.660212+00:00,0.0,0.0,0.0,0.0,321.5,322.75,337.0,1.6133246590907584,1.0203561056082942,0.0006598799722085469,-4.806839034251595,0.7563845201256569,-5.563223554377252,52264.25
225791,TOTAL,2024-05-23,321.5,321.5,19140,2026-04-08T04:15:32.993296+00:00,0.0,0.0,0.0,0.0,321.5,321.5,336.5,1.6133246590907584,1.0203561056082942,0.0006598799722085469,-4.534210509038417,0.8232104362710686,-5.357420945309485,30745.05
225909,TOTAL,2024-05-24,321.5,321.5,57799,2026-04-08T04:15:35.360226+00:00,0.0,0.0,0.0,0.0,321.5,321.5,336.0,0.0,1.0203561056082942,0.0006598799722085469,-4.268940747016302,0.8707841586345468,-5.139724905650849,32482.15
226027,TOTAL,2024-05-27,321.5,321.5,72062,2026-04-08T04:15:39.562711+00:00,0.0,0.0,0.0,0.0,321.5,321.5,335.5,0.0,1.0203561056082942,0.0006598799722085469,-4.01245941498172,0.9018123925353034,-4.914271807517023,34580.85
226145,TOTAL,2024-05-28,321.5,321.5,4673,2026-04-08T04:15:41.894674+00:00,0.0,0.0,0.0,0.0,321.5,321.5,335.0,0.0,1.0203561056082942,0.0006598799722085469,-3.7657864691997815,0.9187882706537938,-4.684574739853575,34315.75
226263,TOTAL,2024-05-29,321.5,321.5,14868,2026-04-08T04:15:44.435333+00:00,0.0,0.0,0.0,0.0,321.5,321.5,334.5,0.0,1.0203561056082942,0.000659879972208547,-3.5296092442230815,0.9239723965043947,-4.453581640727476,34936.45
226381,TOTAL,2024-05-30,321.5,321.5,80768,2026-04-08T04:15:46.695543+00:00,0.0,0.0,0.0,0.0,321.5,321.5,334.0,0.0,1.0203561056082942,0.000659879972208547,-3.304346640674737,0.9193880000421917,-4.223734640716929,37294.2
226499,TOTAL,2024-05-31,321.5,321.5,10466,2026-04-08T04:15:48.909252+00:00,0.0,0.0,0.0,0.0,321.5,321.5,333.5,0.0,1.0203561056082942,0.000659879972208547,-3.09020247389833,0.9068257334548795,-3.9970282073532095,36607.75
226617,TOTAL,2024-06-03,321.5,321.5,29982,2026-04-08T04:15:53.203965+00:00,0.0,0.0,0.0,0.0,321.5,321.5,333.0,0.0,1.0203561056082942,0.000659879972208547,-2.887209722447949,0.8878547879242089,-3.775064510372158,35364.3
226735,TOTAL,2024-06-04,321.5,321.5,9109,2026-04-08T04:15:55.456464+00:00,0.0,0.0,0.0,0.0,321.5,321.5,332.5,0.0,1.0203561056082942,0.0006598799722085469,-2.69526714256574,0.8638378942451346,-3.5591050368108745,34770.8
226853,TOTAL,2024-06-05,321.5,321.5,6667,2026-04-08T04:15:57.839545+00:00,0.0,0.0,0.0,0.0,321.5,321.5,332.0,0.0,1.0203561056082942,0.0006598799722085469,-2.514169484338254,0.8359484419780965,-3.3501179263163503,34049.7
226971,TOTAL,2024-06-06,321.5,321.5,624,2026-04-08T04:16:00.091412+00:00,0.0,0.0,0.0,0.0,321.5,321.5,331.5,0.0,1.0203561056082942,0.000659879972208547,-2.3436323505777636,0.8051884605908697,-3.1488208111686333,31986.8
227089,TOTAL,2024-06-07,321.5,321.5,112393,2026-04-08T04:16:02.294722+00:00,0.0,0.0,0.0,0.0,321.5,321.5,331.0,0.0,1.0203561056082942,0.0006598799722085469,-2.1833125751177818,0.7724065888406813,-2.955719163958463,35791.5
227207,TOTAL,2024-06-10,353.6,353.6,123331,2026-04-08T04:16:06.655303+00:00,9.984447900466575,0.0,0.0,0.0,327.91999999999996,323.10499999999996,331.14200000000005,2.2325904223248316,1.758896528819274,92.65555638077382,0.5278589022382221,2.786862452957348,-2.2590035507191257,36790.7
227325,TOTAL,2024-06-11,388.9,388.9,463079,2026-04-08T04:16:09.027942+00:00,9.983031674208132,9.984447900466575,0.0,0.0,341.4,326.475,331.99,3.072930276985947,2.250414652822619,96.49814442944559,5.461935029485915,6.176750864164032,-0.7148158346781177,58758.55
227443,TOTAL,2024-06-13,388.9,388.9,130933,2026-04-08T04:16:12.454757+00:00,0.0,9.983031674208132,0.0,0.0,354.88,329.84499999999997,332.838,3.072930276985947,2.250414652822619,96.49814442944559,9.265419915170185,7.9841885998786415,1.2812313152915429,64257.3
227561,TOTAL,2024-06-14,388.9,388.9,64141,2026-04-08T04:16:14.762224+00:00,0.0,0.0,0.0,0.0,368.36,333.215,333.686,3.072930276985947,2.250414652822619,96.4981444294456,12.139769384977853,8.686830455749048,3.4529389292288055,67173.05
227679,TOTAL,2024-06-20,388.9,388.9,41069,2026-04-08T04:16:22.365263+00:00,0.0,0.0,0.0,0.0,381.84,336.585,334.534,3.072930276985947,2.250414652822619,96.49814442944559,14.253407637562475,8.640374966666934,5.6130326708955405,68576.1
227797,TOTAL,2024-06-21,388.9,388.9,24937,2026-04-08T04:16:24.740936+00:00,0.0,0.0,9.984447900466575,0.0,388.9,339.955,335.38200000000006,3.072930276985947,2.250414652822619,96.49814442944559,15.7469600276209,8.107141885380289,7.639818142240612,69233.65
227915,TOTAL,2024-06-24,388.9,388.9,13643,2026-04-08T04:16:29.101951+00:00,0.0,0.0,9.983031674208132,0.0,388.9,343.325,336.23,3.072930276985947,2.250414652822619,96.4981444294456,16.73766962065679,7.27828118273294,9.459388437923849,66095.8
228033,TOTAL,2024-06-25,388.9,388.9,38751,2026-04-08T04:16:31.430939+00:00,0.0,0.0,0.0,0.0,388.9,346.695,337.07800000000003,3.072930276985947,2.250414652822619,96.4981444294456,17.32312392151789,6.290988386875233,11.032135534642658,65921.75
228151,TOTAL,2024-06-26,388.9,388.9,11920,2026-04-08T04:16:33.77834+00:00,0.0,0.0,0.0,0.0,388.9,350.06499999999994,337.926,3.072930276985947,2.250414652822619,96.4981444294456,17.58439867095018,5.241810509046017,12.342588161904162,65560.75
228269,TOTAL,2024-06-27,388.9,388.9,48605,2026-04-08T04:16:36.13415+00:00,0.0,0.0,0.0,0.0,388.9,353.435,338.774,3.072930276985947,2.250414652822619,96.4981444294456,17.58870910231792,4.196896752331007,13.391812349986914,65101.05
228387,TOTAL,2024-06-28,388.9,388.9,5523,2026-04-08T04:16:38.472674+00:00,0.0,0.0,0.0,9.984447900466575,388.9,356.80499999999995,339.62200000000007,3.072930276985947,2.250414652822619,96.49814442944559,17.391645091539715,3.19986619324224,14.191778898297475,61774.1
228505,TOTAL,2024-07-01,388.9,388.9,13850,2026-04-08T04:16:42.881798+00:00,0.0,0.0,0.0,9.983031674208132,388.9,360.175,340.47,3.072930276985947,2.250414652822619,96.49814442944559,17.039054825641756,2.2778207418754235,14.761234083766333,62232.95
228623,TOTAL,2024-07-02,388.9,388.9,70790,2026-04-08T04:16:45.256647+00:00,0.0,0.0,0.0,0.0,388.9,363.54499999999996,341.31800000000004,3.072930276985947,2.250414652822619,96.49814442944559,16.568631627851175,1.4459180352678747,15.1227135925833,65029.05
228741,TOTAL,2024-07-03,388.9,388.9,12767,2026-04-08T04:16:47.732339+00:00,0.0,0.0,0.0,0.0,388.9,366.91499999999996,342.166,3.072930276985947,2.250414652822619,96.49814442944559,16.011250129549694,0.7108292295731147,15.30042089997658,61629.0
228859,TOTAL,2024-07-04,388.9,388.9,13032,2026-04-08T04:16:50.22378+00:00,0.0,0.0,0.0,0.0,388.9,370.28499999999997,343.014,3.072930276985947,2.250414652822619,96.49814442944559,15.392090834532269,0.07333594764454965,15.318754886887719,61757.3
228977,TOTAL,2024-07-05,388.9,388.9,34148,2026-04-08T04:16:52.679645+00:00,0.0,0.0,0.0,0.0,388.9,373.655,343.86199999999997,3.072930276985947,2.250414652822619,96.49814442944559,14.731586078213411,-0.4697350469394479,15.201321125152859,61965.6
229095,TOTAL,2024-07-08,388.9,388.9,25439,2026-04-08T04:16:57.375145+00:00,0.0,0.0,0.0,0.0,388.9,377.025,344.71,3.072930276985947,2.250414652822619,96.49814442944559,14.046215273938401,-0.9240846809715677,14.970299954909969,62782.1
229213,TOTAL,2024-07-09,388.9,388.9,35265,2026-04-08T04:16:59.679545+00:00,0.0,0.0,0.0,0.0,388.9,380.395,345.55800000000005,3.072930276985947,2.250414652822619,96.49814442944559,13.349173016755003,-1.2969015505239732,14.646074567278976,64212.0
229331,TOTAL,2024-07-10,388.9,388.9,25556,2026-04-08T04:17:02.104038+00:00,0.0,0.0,0.0,0.0,388.9,383.765,346.406,3.072930276985947,2.250414652822619,96.49814442944559,12.650929960366227,-1.5961156855302008,14.247045645896428,65458.6
229449,TOTAL,2024-07-11,388.9,388.9,4858,2026-04-08T04:17:04.804273+00:00,0.0,0.0,0.0,0.0,388.9,387.13499999999993,347.754,3.072930276985947,1.9762679550311808,96.4981444294456,11.95970329270699,-1.8298738825515493,13.78957717525854,60081.85
229567,TOTAL,2024-07-12,388.9,388.9,6386,2026-04-08T04:17:07.071694+00:00,0.0,0.0,0.0,0.0,388.9,388.9,349.102,2.2322737445062915,1.9762679550311808,96.49814442944559,11.281851022686737,-2.0061809220574425,13.28803194474418,54234.6
229685,TOTAL,2024-07-15,388.9,388.9,58797,2026-04-08T04:17:11.418935+00:00,0.0,0.0,0.0,0.0,388.9,388.9,350.45,0.0,1.9762679550311808,96.49814442944559,10.62220208152911,-2.132663890572056,12.754865972101166,34020.5
229803,TOTAL,2024-07-16,388.9,388.9,44430,2026-04-08T04:17:13.920176+00:00,0.0,0.0,0.0,0.0,388.9,388.9,351.798,0.0,1.9762679550311808,96.4981444294456,9.984332374564815,-2.2164268780290826,12.200759252593897,29695.35
229921,TOTAL,2024-07-17,388.9,388.9,49765,2026-04-08T04:17:16.239817+00:00,0.0,0.0,0.0,0.0,388.9,388.9,353.14599999999996,0.0,1.9762679550311808,96.4981444294456,9.370795340623431,-2.2639711295763743,11.634766470199805,28976.55
230039,TOTAL,2024-07-18,388.9,388.9,91097,2026-04-08T04:17:18.614364+00:00,0.0,0.0,0.0,0.0,388.9,388.9,354.494,0.0,1.9762679550311808,96.49814442944559,8.783314241773326,-2.2811617827411848,11.06447602451451,31477.95
230157,TOTAL,2024-07-19,388.9,388.9,49120,2026-04-08T04:17:20.923419+00:00,0.0,0.0,0.0,0.0,388.9,388.9,355.842,0.0,1.9762679550311808,96.49814442944559,8.222942278380572,-2.2732269969071517,10.496169275287723,32687.1
230275,TOTAL,2024-07-22,388.9,388.9,47997,2026-04-08T04:17:25.185516+00:00,0.0,0.0,0.0,0.0,388.9,388.9,357.19,0.0,1.9762679550311808,96.49814442944559,7.690195671410379,-2.2447788831018762,9.934974554512255,34404.8
230393,TOTAL,2024-07-23,388.9,388.9,47778,2026-04-08T04:17:27.655924+00:00,0.0,0.0,0.0,0.0,388.9,388.9,358.538,0.0,1.9762679550311808,96.49814442944557,7.185164048611398,-2.1998484047206865,9.385012453332084,34856.15
230511,TOTAL,2024-07-24,388.9,388.9,30458,2026-04-08T04:17:30.124258+00:00,0.0,0.0,0.0,0.0,388.9,388.9,359.88599999999997,0.0,1.9762679550311808,96.49814442944559,6.707601790878698,-2.1419285299627084,8.849530320841406,35783.05
230629,TOTAL,2024-07-25,388.9,388.9,16160,2026-04-08T04:17:32.638981+00:00,0.0,0.0,0.0,0.0,388.9,388.9,361.23400000000004,0.0,1.9762679550311808,96.4981444294456,6.257003420394312,-2.0740215203576753,8.331024940751988,34160.8
230747,TOTAL,2024-07-26,388.9,388.9,31740,2026-04-08T04:17:35.101122+00:00,0.0,0.0,0.0,0.0,388.9,388.9,362.582,0.0,1.9762679550311808,96.49814442944557,5.832665626762491,-1.9986874511915973,7.8313530779540885,35471.65
230865,TOTAL,2024-07-29,388.9,388.9,3616,2026-04-08T04:17:40.103977+00:00,0.0,0.0,0.0,0.0,388.9,388.9,363.93,0.0,1.9762679550311808,96.49814442944559,5.433738117486712,-1.9180919683739015,7.351830085860613,34959.95
230983,TOTAL,2024-07-30,388.9,388.9,31962,2026-04-08T04:17:43.080384+00:00,0.0,0.0,0.0,0.0,388.9,388.9,365.278,0.0,1.9762679550311808,96.49814442944559,5.059265133096972,-1.8340519622109133,6.893317095307885,33018.55
231101,TOTAL,2024-07-31,388.9,388.9,6627,2026-04-08T04:17:45.61458+00:00,0.0,0.0,0.0,0.0,388.9,388.9,366.626,0.0,1.9762679550311808,96.4981444294456,4.708219175149509,-1.7480783361267012,6.45629751127621,32711.55
231219,TOTAL,2024-08-01,388.9,388.9,20814,2026-04-08T04:17:47.950902+00:00,0.0,0.0,0.0,0.0,388.9,388.9,367.974,0.0,1.9762679550311808,96.4981444294456,4.3795282488356975,-1.6614154099524097,6.040943658788107,33100.65
231337,TOTAL,2024-08-02,427.7,427.7,144313,2026-04-08T04:17:50.372085+00:00,9.976857804062744,0.0,0.0,0.0,396.65999999999997,390.84,370.098,2.2308932251733573,2.3945283976345193,99.5700597899506,7.167254409144448,0.9010486002850726,6.266205808859375,38608.9
231455,TOTAL,2024-08-05,427.7,427.7,32511,2026-04-08T04:17:54.929581+00:00,0.0,9.976857804062744,0.0,0.0,404.41999999999996,392.78000000000003,372.222,2.2308932251733573,2.3945283976345193,99.5700597899506,9.26969223378353,2.4027891399393244,6.866903093844206,38962.5
231573,TOTAL,2024-08-06,427.7,427.7,39675,2026-04-08T04:17:57.472912+00:00,0.0,0.0,0.0,0.0,412.17999999999995,394.71999999999997,374.346,2.2308932251733573,2.3945283976345193,99.57005978995062,10.811263837318052,3.155488594779076,7.655775242538976,39183.0
231691,TOTAL,2024-08-07,427.7,427.7,21919,2026-04-08T04:17:59.948734+00:00,0.0,0.0,0.0,0.0,419.93999999999994,396.65999999999997,376.47,2.2308932251733573,2.3945283976345193,99.5700597899506,11.895842571285925,3.3920538629975603,8.503788708288365,39001.15
231809,TOTAL,2024-08-08,427.7,427.7,13529,2026-04-08T04:18:02.36647+00:00,0.0,0.0,0.0,0.0,427.7,398.59999999999997,378.594,2.2308932251733573,2.3945283976345193,99.5700597899506,12.610018587115064,3.2849839030613595,9.325034684053705,39434.7
231927,TOTAL,2024-08-09,427.7,427.7,21022,2026-04-08T04:18:04.674683+00:00,0.0,0.0,9.976857804062744,0.0,427.7,400.53999999999996,380.718,2.2308932251733573,2.3945283976345193,99.5700597899506,13.025854285133732,2.960655680864022,10.06519860426971,40166.5
232045,TOTAL,2024-08-12,470.4,470.4,188487,2026-04-08T04:18:08.918743+00:00,9.983633387888702,0.0,0.0,0.0,436.23999999999995,404.615,383.69599999999997,3.071854975632589,2.735540432972036,99.82843336592474,16.609476506827775,5.23542232204645,11.374054184781325,46651.0
232163,TOTAL,2024-08-13,470.4,470.4,269066,2026-04-08T04:18:11.387792+00:00,0.0,9.983633387888702,0.0,0.0,444.7799999999999,408.68999999999994,386.67400000000004,3.071854975632589,2.735540432972036,99.82843336592475,19.227875951097133,6.283057413052646,12.944818538044487,57882.8
232281,TOTAL,2024-08-14,470.4,470.4,39939,2026-04-08T04:18:13.859526+00:00,0.0,0.0,0.0,0.0,453.32,412.765,389.652,3.071854975632589,2.735540432972036,99.82843336592474,21.060207413688772,6.492311100515428,14.567896313173344,57391.5
232399,TOTAL,2024-08-15,511.9,511.9,257921,2026-04-08T04:18:16.357381+00:00,8.822278911564618,0.0,0.0,0.0,470.16,418.91499999999996,393.46,3.5215191078948225,2.958424901080575,99.90079880555932,25.566333688782663,8.798749900487454,16.76758378829521,65732.7
232517,TOTAL,2024-08-16,511.9,511.9,59236,2026-04-08T04:18:18.692447+00:00,0.0,8.822278911564618,0.0,9.976857804062744,487.0,425.06499999999994,397.26800000000003,3.5215191078948225,2.958424901080575,99.90079880555933,28.805420272531023,9.630269187388649,19.175151085142375,66238.5
232635,TOTAL,2024-08-19,511.9,511.9,104854,2026-04-08T04:18:23.063194+00:00,0.0,0.0,9.983633387888702,0.0,495.3,431.215,401.07599999999996,3.5215191078948225,2.958424901080575,99.90079880555932,31.01489927378657,9.471798550915356,21.543100722871213,69081.35
232753,TOTAL,2024-08-20,511.9,511.9,68797,2026-04-08T04:18:25.366221+00:00,0.0,0.0,0.0,0.0,503.6,437.36499999999995,404.884,3.5215191078948225,2.958424901080575,99.90079880555932,32.39252641979829,8.679540557541657,23.71298586225663,70132.3
232871,TOTAL,2024-08-21,511.9,511.9,39595,2026-04-08T04:18:27.861334+00:00,0.0,0.0,0.0,0.0,511.9,443.51500000000004,408.69199999999995,3.5215191078948225,2.958424901080575,99.9007988055593,33.102718327131754,7.5117859719001,25.590932355231654,70589.15
232989,TOTAL,2024-08-22,511.9,511.9,9339,2026-04-08T04:18:30.156184+00:00,0.0,0.0,8.822278911564618,0.0,511.9,449.66499999999996,412.5,3.5215191078948225,2.958424901080575,99.90079880555932,33.28189753285301,6.152772142097081,27.129125390755927,70248.1
233107,TOTAL,2024-08-23,563.0,563.0,157444,2026-04-08T04:18:32.497978+00:00,9.982418441101792,0.0,0.0,0.0,522.12,458.37,416.68799999999993,3.9838814599250214,2.95829878136384,99.94519803362165,37.119352494226064,7.992181682776106,29.127170811449957,76533.3
233225,TOTAL,2024-08-26,563.0,563.0,26926,2026-04-08T04:18:37.19542+00:00,0.0,9.982418441101792,0.0,9.983633387888702,532.3399999999999,467.075,420.17,3.9838814599250214,2.659741868459346,99.94519803362165,39.702892962604096,8.460577720923311,31.242315241680785,77698.8
233343,TOTAL,2024-08-27,619.3,619.3,126137,2026-04-08T04:18:39.561091+00:00,9.999999999999986,0.0,0.0,0.0,553.8199999999999,478.59499999999997,424.77799999999996,4.339474438850703,2.9593540322347436,99.96513634268317,45.76574782571953,11.618746067230994,34.147001758488535,82407.55
233461,TOTAL,2024-08-28,619.3,619.3,215213,2026-04-08T04:18:42.048567+00:00,0.0,9.999999999999986,0.0,0.0,575.3,490.11500000000007,429.38599999999997,4.339474438850703,2.9593540322347436,99.96513634268317,49.99430080592998,12.677839237953158,37.31646156797682,92836.85
233579,TOTAL,2024-08-29,619.3,619.3,105405,2026-04-08T04:18:44.36768+00:00,0.0,0.0,0.0,8.822278911564618,596.78,501.63499999999993,433.9939999999999,4.339474438850703,2.9593540322347436,99.96513634268317,52.73753404334923,12.336857980297921,40.40067606305131,97066.4
233697,TOTAL,2024-09-02,673.9,673.9,53988,2026-04-08T04:18:49.632285+00:00,8.816405619247547,0.0,9.982418441101792,0.0,618.9599999999999,513.9449999999999,439.69399999999996,4.239989328432676,3.156167007256403,99.9758006760576,58.641348869893136,14.592538245473463,44.04881062441967,92550.15
233815,TOTAL,2024-09-03,673.9,673.9,43222,2026-04-08T04:18:52.389232+00:00,0.0,8.816405619247547,0.0,0.0,641.14,526.2549999999999,445.394,4.239989328432676,3.156167007256403,99.9758006760576,62.59856733661684,14.839805369757727,47.75876196685911,93085.7
233933,TOTAL,2024-09-04,673.9,673.9,13434,2026-04-08T04:18:54.875674+00:00,0.0,0.0,9.999999999999986,0.0,652.0600000000001,538.5649999999999,451.09399999999994,4.239989328432676,3.156167007256403,99.97580067605762,64.98557818847587,13.781452977293405,51.204125211182465,91773.65
234051,TOTAL,2024-09-05,673.9,673.9,27178,2026-04-08T04:18:57.763256+00:00,0.0,0.0,0.0,0.0,662.9799999999999,550.875,456.79400000000004,4.239989328432676,3.156167007256403,99.9758006760576,66.11516699618903,11.928833428005248,54.186333568183784,92036.6
234169,TOTAL,2024-09-06,673.9,673.9,23414,2026-04-08T04:19:00.536712+00:00,0.0,0.0,0.0,0.0,673.9,563.185,462.4939999999999,4.239989328432676,3.156167007256403,99.9758006760576,66.24672327577991,9.648311766076901,56.59841150970301,92530.85
234287,TOTAL,2024-09-09,673.9,673.9,33822,2026-04-08T04:19:05.495104+00:00,0.0,0.0,8.816405619247547,9.982418441101792,673.9,575.495,468.19399999999996,4.239989328432676,3.156167007256403,99.97580067605762,65.59484602160444,7.197147609521139,58.3976984120833,93170.85
234405,TOTAL,2024-09-10,673.9,673.9,29582,2026-04-08T04:19:08.070871+00:00,0.0,0.0,0.0,0.0,673.9,585.67,473.894,3.8691963107317178,3.156167007256403,99.97580067605762,64.33659636637731,4.751118363435204,59.585478002942104,85225.6
234523,TOTAL,2024-09-11,673.9,673.9,15434,2026-04-08T04:19:10.663572+00:00,0.0,0.0,0.0,9.999999999999986,673.9,595.845,479.59399999999994,3.8691963107317178,3.156167007256403,99.9758006760576,62.61760764656822,2.425703714900891,60.191903931667326,72544.0
234641,TOTAL,2024-09-12,673.9,673.9,23032,2026-04-08T04:19:13.371302+00:00,0.0,0.0,0.0,0.0,673.9,606.02,485.29400000000004,3.8691963107317178,3.156167007256403,99.9758006760576,60.55723064219853,0.29226136842495976,60.26496927377357,71698.65
234759,TOTAL,2024-09-13,673.9,673.9,28266,2026-04-08T04:19:16.033041+00:00,0.0,0.0,0.0,0.0,673.9,614.12,490.9939999999999,3.5236723712134017,3.156167007256403,99.9758006760576,58.252864263935066,-1.6096840078708112,59.86254827180588,60215.9
234877,TOTAL,2024-09-17,673.9,673.9,58407,2026-04-08T04:19:22.824888+00:00,0.0,0.0,0.0,8.816405619247547,673.9,622.22,496.69399999999996,3.5236723712134017,3.156167007256403,99.9758006760576,55.78359870530778,-3.2631596531984783,59.04675835850626,60174.45
234995,TOTAL,2024-09-18,673.9,673.9,38707,2026-04-08T04:19:25.915955+00:00,0.0,0.0,0.0,0.0,673.9,630.3199999999999,502.394,3.5236723712134017,3.156167007256403,99.9758006760576,53.21327841059633,-4.666783958327947,57.88006236892428,56867.1
235113,TOTAL,2024-09-19,673.9,673.9,197358,2026-04-08T04:19:28.330134+00:00,0.0,0.0,0.0,0.0,673.9,638.42,508.09399999999994,3.5236723712134017,3.156167007256403,99.97580067605762,50.59307557672719,-5.8295894337576755,56.42266501048486,63295.15
235231,TOTAL,2024-09-20,673.9,673.9,24267,2026-04-08T04:19:30.82066+00:00,0.0,0.0,0.0,0.0,673.9,646.52,513.794,3.5236723712134017,3.156167007256403,99.9758006760576,47.96365084276442,-6.767211334176352,54.730862176940775,62528.75
235349,TOTAL,2024-09-23,673.9,673.9,37206,2026-04-08T04:19:35.29526+00:00,0.0,0.0,0.0,0.0,673.9,654.62,519.4939999999999,3.5236723712134017,3.156167007256403,99.9758006760576,45.35696592763395,-7.499116999445462,52.85608292707941,63922.1
235467,TOTAL,2024-09-24,673.9,673.9,86284,2026-04-08T04:19:37.629736+00:00,0.0,0.0,0.0,0.0,673.9,660.165,525.194,2.902142149132865,3.156167007256403,99.97580067605762,42.79780292087776,-8.046624004961323,50.84442692583908,60364.1
235585,TOTAL,2024-09-25,673.9,673.9,47461,2026-04-08T04:19:40.096992+00:00,0.0,0.0,0.0,0.0,673.9,665.7099999999999,530.894,2.902142149132865,3.156167007256403,99.9758006760576,40.30503642930671,-8.431512397225902,48.73654882653261,61390.85
235703,TOTAL,2024-09-26,673.9,673.9,109445,2026-04-08T04:19:42.676048+00:00,0.0,0.0,0.0,0.0,673.9,668.4399999999999,536.5939999999999,1.9714082281848653,3.156167007256403,99.9758006760576,37.89269759483568,-8.675080985357553,46.567778580193234,60556.25
235821,TOTAL,2024-09-27,673.9,673.9,5286,2026-04-08T04:19:45.342636+00:00,0.0,0.0,0.0,0.0,673.9,671.1699999999998,542.294,1.9714082281848653,3.156167007256403,99.97580067605759,35.570862922873175,-8.797532525856056,44.36839544872923,50059.9
235939,TOTAL,2024-09-30,673.9,673.9,4081,2026-04-08T04:19:50.223917+00:00,0.0,0.0,0.0,0.0,673.9,673.9,547.9939999999999,1.9714082281848653,3.156167007256403,99.9758006760576,33.34639572492108,-8.817599779046525,42.163995503967605,44993.7
236057,TOTAL,2024-10-02,673.9,673.9,67606,2026-04-08T04:19:53.821423+00:00,0.0,0.0,0.0,0.0,673.9,673.9,553.694,0.0,3.156167007256403,99.9758006760576,31.223563638492465,-8.752345492380115,39.97590913087258,45674.6
236175,TOTAL,2024-10-03,673.9,673.9,42819,2026-04-08T04:19:56.203135+00:00,0.0,0.0,0.0,0.0,673.9,673.9,559.394,0.0,3.156167007256403,99.9758006760576,29.20455201934169,-8.617085689224709,37.8216377085664,45654.45
236293,TOTAL,2024-10-04,673.9,673.9,31427,2026-04-08T04:19:58.634737+00:00,0.0,0.0,0.0,0.0,673.9,673.9,565.0939999999999,0.0,3.156167007256403,99.9758006760576,27.289889901553124,-8.425398245610623,35.71528814716375,46554.1
236411,TOTAL,2024-10-07,673.9,673.9,9745,2026-04-08T04:20:03.05432+00:00,0.0,0.0,0.0,0.0,673.9,673.9,570.794,0.0,3.156167007256403,99.97580067605762,25.47880260241334,-8.189188435800332,33.66799103821367,45682.45
236529,TOTAL,2024-10-08,673.9,673.9,24828,2026-04-08T04:20:05.535519+00:00,0.0,0.0,0.0,0.0,673.9,673.9,576.4939999999999,0.0,3.156167007256403,99.97580067605759,23.769502836962943,-7.918790561000584,31.688293397963527,45753.15
236647,TOTAL,2024-10-10,673.9,673.9,130394,2026-04-08T04:20:08.855054+00:00,0.0,0.0,0.0,0.0,673.9,673.9,582.194,0.0,3.156167007256403,99.9758006760576,22.15943033882411,-7.623090447311537,29.782520786135645,50581.75
236765,TOTAL,2024-10-11,673.9,673.9,31040,2026-04-08T04:20:11.460237+00:00,0.0,0.0,0.0,0.0,673.9,673.9,587.8939999999999,0.0,3.156167007256403,99.97580067605762,20.645448406221703,-7.309657903931157,27.95510631015286,50654.65
236884,TOTAL,2024-10-14,673.9,673.9,11475,2026-04-08T04:20:16.284622+00:00,0.0,0.0,0.0,0.0,673.9,673.9,593.5939999999999,0.0,3.156167007256403,99.9758006760576,19.224004460094648,-6.984881480046575,26.208885940141222,50456.7
237003,TOTAL,2024-10-15,673.9,673.9,12339,2026-04-08T04:20:18.84933+00:00,0.0,0.0,0.0,0.0,673.9,673.9,599.294,0.0,3.156167007256403,99.9758006760576,17.89126057683177,-6.654100290647563,24.54536086747933,49922.05
237122,TOTAL,2024-10-17,673.9,673.9,87166,2026-04-08T04:20:23.389134+00:00,0.0,0.0,0.0,0.0,673.9,673.9,604.9939999999999,0.0,3.156167007256403,99.9758006760576,16.643199009297064,-6.3217294865458165,22.96492849584288,52867.05
237241,TOTAL,2024-10-18,673.9,673.9,55736,2026-04-08T04:20:26.17489+00:00,0.0,0.0,0.0,0.0,673.9,673.9,609.918,0.0,2.891080612588699,99.9758006760576,15.475706909270798,-5.991377269257665,21.467084178528463,52733.5
237360,TOTAL,2024-10-21,673.9,673.9,38712,2026-04-08T04:20:30.541886+00:00,0.0,0.0,0.0,0.0,673.9,673.9,614.842,0.0,2.891080612588699,99.97580067605762,14.384643789201732,-5.6659523114613854,20.050596100663117,52733.75
237479,TOTAL,2024-10-22,673.9,673.9,20838,2026-04-08T04:20:32.890604+00:00,0.0,0.0,0.0,0.0,673.9,673.9,619.766,0.0,2.891080612588699,99.97580067605762,13.365894691834797,-5.3477611270626575,18.713655818897454,43907.75
237598,TOTAL,2024-10-23,673.9,673.9,97515,2026-04-08T04:20:35.186729+00:00,0.0,0.0,0.0,0.0,673.9,673.9,624.69,0.0,2.891080612588699,99.97580067605759,12.415411556383901,-5.038595410010842,17.454006966394743,47570.15
237717,TOTAL,2024-10-24,673.9,673.9,83429,2026-04-08T04:20:37.740613+00:00,0.0,0.0,0.0,0.0,673.9,673.9,629.6139999999999,0.0,2.891080612588699,99.9758006760576,11.529244865573332,-4.739809680657128,16.26905454623046,49881.3
237836,TOTAL,2024-10-25,673.9,673.9,308086,2026-04-08T04:20:40.222387+00:00,0.0,0.0,0.0,0.0,673.9,673.9,634.538,0.0,2.891080612588699,99.97580067605762,10.703567317324769,-4.452389783124554,15.155957100449323,60971.4
237955,TOTAL,2024-10-28,673.9,673.9,288888,2026-04-08T04:20:44.742576+00:00,0.0,0.0,0.0,0.0,673.9,673.9,638.608,0.0,2.5829240801745006,99.9758006760576,9.934690978186268,-4.177012897810446,14.111703875996714,73042.75
238074,TOTAL,2024-10-29,673.9,673.9,86969,2026-04-08T04:20:47.136244+00:00,0.0,0.0,0.0,0.0,673.9,673.9,642.678,0.0,2.5829240801745006,99.9758006760576,9.219079134380422,-3.914099793293035,13.133178927673457,71918.95
238193,TOTAL,2024-10-30,673.9,673.9,75753,2026-04-08T04:20:49.405969+00:00,0.0,0.0,0.0,0.0,673.9,673.9,646.748,0.0,2.5829240801745006,99.9758006760576,8.553353853514068,-3.6638600593275132,12.217213912841581,75442.3
238312,TOTAL,2024-10-31,673.9,673.9,47972,2026-04-08T04:20:51.756515+00:00,0.0,0.0,0.0,0.0,673.9,673.9,649.9879999999999,0.0,2.3070001752924454,99.9758006760576,7.934300099518964,-3.4263310506580957,11.36063115017706,77636.85
238431,TOTAL,2024-11-01,673.9,673.9,63068,2026-04-08T04:20:54.1075+00:00,0.0,0.0,0.0,0.0,673.9,673.9,653.228,0.0,2.3070001752924454,99.97580067605759,7.358867100240445,-3.2014112399492927,10.560278340189738,77409.95
238550,TOTAL,2024-11-04,673.9,673.9,20948,2026-04-08T04:20:58.471072+00:00,0.0,0.0,0.0,0.0,673.9,673.9,656.4680000000001,0.0,2.3070001752924454,99.97580067605762,6.824167546956801,-2.988888634586351,9.813056181543152,76316.4
238669,TOTAL,2024-11-05,673.9,673.9,76462,2026-04-08T04:21:01.00344+00:00,0.0,0.0,0.0,0.0,673.9,673.9,659.7079999999999,0.0,2.3070001752924454,99.97580067605762,6.327475104390373,-2.788464861722222,9.115939966112595,78568.15
238788,TOTAL,2024-11-06,673.9,673.9,75456,2026-04-08T04:21:03.585377+00:00,0.0,0.0,0.0,0.0,673.9,673.9,662.948,0.0,2.3070001752924454,99.9758006760576,5.866220625406413,-2.5997754725649465,8.46599609797136,81853.7
238907,TOTAL,2024-11-07,673.9,673.9,68691,2026-04-08T04:21:06.256351+00:00,0.0,0.0,0.0,0.0,673.9,673.9,666.188,0.0,2.3070001752924454,99.9758006760576,5.437987394004267,-2.4224069631736747,7.860394357177942,84046.85
239026,TOTAL,2024-11-08,673.9,673.9,53952,2026-04-08T04:21:08.623134+00:00,0.0,0.0,0.0,0.0,673.9,673.9,668.406,0.0,1.8661750997014401,99.9758006760576,5.040505661207703,-2.255910956776191,7.296416617983894,80224.75
239145,TOTAL,2024-11-11,673.9,673.9,28966,2026-04-08T04:21:12.782875+00:00,0.0,0.0,0.0,0.0,673.9,673.9,670.6239999999999,0.0,1.8661750997014401,99.9758006760576,4.67164668923067,-2.0998159430025796,6.771462632233249,80121.05
239264,TOTAL,2024-11-12,673.9,673.9,39253,2026-04-08T04:21:15.417322+00:00,0.0,0.0,0.0,0.0,673.9,673.9,671.7159999999999,0.0,1.2468280398122238,99.9758006760576,4.329416478260214,-1.9536369231784283,6.283053401438642,81509.95
239383,TOTAL,2024-11-13,673.9,673.9,31441,2026-04-08T04:21:17.790166+00:00,0.0,0.0,0.0,0.0,673.9,673.9,672.808,0.0,1.2468280398122238,99.9758006760576,4.011949316066762,-1.816883268297505,5.8288325843642665,82465.05
239502,TOTAL,2024-11-14,673.9,673.9,53416,2026-04-08T04:21:20.354873+00:00,0.0,0.0,0.0,0.0,673.9,673.9,673.9,0.0,1.2468280398122238,99.9758006760576,3.717501262313249,-1.6890650576408142,5.406566319954063,80777.55
239621,TOTAL,2024-11-15,673.9,673.9,26314,2026-04-08T04:21:22.90937+00:00,0.0,0.0,0.0,0.0,673.9,673.9,673.9,0.0,0.0,99.97580067605759,3.444443655955979,-1.569698131198468,5.014141787154447,79306.45
239740,TOTAL,2024-11-18,673.9,673.9,106354,2026-04-08T04:21:27.576358+00:00,0.0,0.0,0.0,0.0,673.9,673.9,673.9,0.0,0.0,99.9758006760576,3.191256714725,-1.4583080579435572,4.649564772668557,82688.55
239859,TOTAL,2024-11-19,673.9,673.9,14779,2026-04-08T04:21:29.868433+00:00,0.0,0.0,0.0,0.0,673.9,673.9,673.9,0.0,0.0,99.9758006760576,2.956523279689577,-1.3544331943831844,4.3109564740727615,82385.6
239978,TOTAL,2024-11-20,673.9,673.9,37075,2026-04-08T04:21:32.433299+00:00,0.0,0.0,0.0,0.0,673.9,673.9,673.9,0.0,0.0,99.9758006760576,2.738922744779302,-1.257626983434768,3.99654972821407,79363.6
240097,TOTAL,2024-11-21,673.9,673.9,120369,2026-04-08T04:21:34.755564+00:00,0.0,0.0,0.0,0.0,673.9,673.9,673.9,0.0,0.0,99.9758006760576,2.5372252003933227,-1.1674596222565978,3.7046848226499205,81210.6
240216,TOTAL,2024-11-22,673.9,673.9,4851,2026-04-08T04:21:37.514754+00:00,0.0,0.0,0.0,0.0,673.9,673.9,673.9,0.0,0.0,99.9758006760576,2.350285811482536,-1.0835192089339079,3.4338050204164436,66048.85
240335,TOTAL,2024-11-25,673.9,673.9,45277,2026-04-08T04:21:41.818387+00:00,0.0,0.0,0.0,0.0,673.9,673.9,673.9,0.0,0.0,99.97580067605759,2.1770394434015543,-1.0054124616119116,3.182451905013466,53868.3
240454,TOTAL,2024-11-26,673.9,673.9,18513,2026-04-08T04:21:44.163824+00:00,0.0,0.0,0.0,0.0,673.9,673.9,673.9,0.0,0.0,99.97580067605759,2.0164955431284852,-0.9327650895079844,2.9492606326364696,50445.5
240573,TOTAL,2024-11-27,673.9,673.9,8338,2026-04-08T04:21:46.720727+00:00,0.0,0.0,0.0,0.0,673.9,673.9,673.9,0.0,0.0,99.97580067605762,1.8677332788903414,-0.8652218829969027,2.732955161887244,47074.75
240692,TOTAL,2024-11-28,673.9,673.9,29541,2026-04-08T04:21:49.110263+00:00,0.0,0.0,0.0,0.0,673.9,673.9,673.9,0.0,0.0,99.97580067605762,1.7298969376337254,-0.8024465794028153,2.5323435170365407,46153.2
240811,TOTAL,2024-12-02,673.9,673.9,29133,2026-04-08T04:21:54.88401+00:00,0.0,0.0,0.0,0.0,673.9,673.9,673.9,0.0,0.0,99.9758006760576,1.6021915769611041,-0.7441215520603497,2.346313129021454,44456.45
240930,TOTAL,2024-12-03,673.9,673.9,99323,2026-04-08T04:21:57.640504+00:00,0.0,0.0,0.0,0.0,673.9,673.9,673.9,0.0,0.0,99.97580067605762,1.4838789259844134,-0.6899473624296326,2.173826288414046,48375.2
241049,TOTAL,2024-12-04,673.9,673.9,46370,2026-04-08T04:21:59.930228+00:00,0.0,0.0,0.0,0.0,673.9,673.9,673.9,0.0,0.0,99.9758006760576,1.3742735279145109,-0.639642208399628,2.013915736314139,46870.6
241168,TOTAL,2024-12-06,673.9,673.9,19419,2026-04-08T04:22:03.392712+00:00,0.0,0.0,0.0,0.0,673.9,673.9,673.9,0.0,0.0,99.9758006760576,1.2727391160030948,-0.5929412962488354,1.8656804122519302,44068.75
241287,TOTAL,2024-12-09,673.9,673.9,10702,2026-04-08T04:22:07.745808+00:00,0.0,0.0,0.0,0.0,673.9,673.9,673.9,0.0,0.0,99.97580067605762,1.1786852136109474,-0.5495961589127862,1.7282813725237336,41169.3
241406,TOTAL,2024-12-10,673.9,673.9,41261,2026-04-08T04:22:10.112253+00:00,0.0,0.0,0.0,0.0,673.9,673.9,673.9,0.0,0.0,99.97580067605762,1.091563948618841,-0.509373939123914,1.6009378877427551,40534.75
241525,TOTAL,2024-12-11,673.9,673.9,44726,2026-04-08T04:22:12.639548+00:00,0.0,0.0,0.0,0.0,673.9,673.9,673.9,0.0,0.0,99.9758006760576,1.0108670720737791,-0.4720566525351808,1.48292372460896,41322.75
241644,TOTAL,2024-12-12,673.9,673.9,37675,2026-04-08T04:22:15.033357+00:00,0.0,0.0,0.0,0.0,673.9,673.9,673.9,0.0,0.0,99.97580067605762,0.9361231708252262,-0.4374404430269869,1.3735636138522131,41243.85
241763,TOTAL,2024-12-13,673.9,673.9,31349,2026-04-08T04:22:17.509919+00:00,0.0,0.0,0.0,0.0,673.9,673.9,673.9,0.0,0.0,99.97580067605759,0.8668950639117838,-0.40533483995234354,1.2722299038641274,41239.25
241882,TOTAL,2024-12-16,673.9,673.9,49327,2026-04-08T04:22:22.499781+00:00,0.0,0.0,0.0,0.0,673.9,673.9,673.9,0.0,0.0,99.9758006760576,0.8027773725816587,-0.375562025025975,1.1783393976076337,41034.8
242001,TOTAL,2024-12-17,673.9,673.9,56435,2026-04-08T04:22:24.995572+00:00,0.0,0.0,0.0,0.0,673.9,673.9,673.9,0.0,0.0,99.97580067605762,0.7433942540458247,-0.3479561148494472,1.091350368895272,42540.85
242120,TOTAL,2024-12-18,673.9,673.9,67225,2026-04-08T04:22:27.498126+00:00,0.0,0.0,0.0,0.0,673.9,673.9,673.9,0.0,0.0,99.9758006760576,0.6883972893349437,-0.3223624636482625,1.0107597529832062,40584.4
242239,TOTAL,2024-12-19,673.9,673.9,472738,2026-04-08T04:22:29.868083+00:00,0.0,0.0,0.0,0.0,673.9,673.9,673.9,0.0,0.0,99.9758006760576,0.637463515964896,-0.29863698961464824,0.9361005055795443,63482.35
242358,TOTAL,2024-12-20,673.9,673.9,592331,2026-04-08T04:22:32.392508+00:00,0.0,0.0,0.0,0.0,673.9,673.9,673.9,0.0,0.0,99.9758006760576,0.5902935964759308,-0.2766455272828908,0.8669391237588217,91245.15
242477,TOTAL,2024-12-23,673.9,673.9,1601719,2026-04-08T04:22:36.740311+00:00,0.0,0.0,0.0,0.0,673.9,673.9,673.9,0.0,0.0,99.9758006760576,0.546610114295504,-0.25626320757065413,0.8028733218661581,165312.65
242596,TOTAL,2024-12-24,673.9,673.9,32036,2026-04-08T04:22:39.25804+00:00,0.0,0.0,0.0,0.0,673.9,673.9,673.9,0.0,0.0,99.9758006760576,0.5061559887775502,-0.23737386647088643,0.7435298552484366,166671.9
242715,TOTAL,2024-12-27,673.9,673.9,97582,2026-04-08T04:22:43.946119+00:00,0.0,0.0,0.0,0.0,673.9,673.9,673.9,0.0,0.0,99.9758006760576,0.46869300167622896,-0.2198694828577662,0.6885624845339952,169287.15
242833,TOTAL,2024-12-31,698.0,698.0,1656907,2026-04-08T04:22:48.665239+00:00,3.5761982489983746,0.0,0.0,0.0,678.72,675.1049999999999,674.382,0.7996622385776085,0.5057508065468417,99.99941838973231,2.356507550224478,1.3343560525523863,1.0221514976720918,251206.85
242951,TOTAL,2025-01-02,698.0,698.0,158927,2026-04-08T04:22:52.256438+00:00,0.0,3.5761982489983746,0.0,0.0,683.54,676.31,674.8639999999999,0.7996622385776085,0.5057508065468417,99.99941838973231,3.8087097458080734,2.229246598508785,1.5794631472992884,258736.3
243069,TOTAL,2025-01-03,630.0,630.0,694833,2026-04-08T04:22:55.101113+00:00,-9.742120343839545,0.0,0.0,0.0,674.76,674.115,673.9859999999999,2.3597186824526895,1.4772957285112271,23.845080366828427,-0.5214305254104374,-1.6807149381677806,1.1592844127573432,292000.9
243187,TOTAL,2025-01-06,630.0,630.0,28937,2026-04-08T04:23:00.046313+00:00,0.0,-9.742120343839545,0.0,0.0,665.98,671.92,673.1080000000001,2.3597186824526895,1.4772957285112271,23.845080366828427,-3.9080483387537015,-4.053866201208836,0.14581786245513417,291991.1
243305,TOTAL,2025-01-07,630.0,630.0,64357,2026-04-08T04:23:02.329348+00:00,0.0,0.0,0.0,0.0,657.2,669.7249999999999,672.23,2.3597186824526895,1.4772957285112271,23.84508036682843,-6.516845219991183,-5.330130465957053,-1.1867147540341292,290242.8
243423,TOTAL,2025-01-08,630.0,630.0,2954510,2026-04-08T04:23:04.632968+00:00,0.0,0.0,3.5761982489983746,0.0,643.6,667.53,671.352,2.3597186824526895,1.4772957285112271,23.845080366828427,-8.486508358054834,-5.8398348832165645,-2.6466734748382703,435649.8
243541,TOTAL,2025-01-09,630.0,630.0,802750,2026-04-08T04:23:06.908261+00:00,0.0,0.0,0.0,0.0,630.0,665.3349999999999,670.4739999999999,2.3597186824526895,1.4772957285112271,23.84508036682843,-9.932979382371855,-5.829044726026868,-4.103934656344987,474816.35
243659,TOTAL,2025-01-10,630.0,630.0,164086,2026-04-08T04:23:09.304805+00:00,0.0,0.0,-9.742120343839545,0.0,630.0,663.14,669.5959999999999,2.3597186824526895,1.4772957285112271,23.845080366828427,-10.953058055185807,-5.479298719072656,-5.473759336113151,482485.55
243777,TOTAL,2025-01-13,647.5,647.5,189555,2026-04-08T04:23:13.790041+00:00,2.777777777777768,0.0,0.0,0.0,633.5,661.8199999999999,669.068,2.458499499556214,1.533201010920153,41.67625055297629,-10.2314324221461,-3.806138468826358,-6.425293953319741,489900.25
243895,TOTAL,2025-01-14,647.5,647.5,81412,2026-04-08T04:23:16.129929+00:00,0.0,2.777777777777768,0.0,0.0,637.0,660.5,668.54,2.458499499556214,1.533201010920153,41.67625055297629,-9.549458693443853,-2.499331792099289,-7.050126901344564,491734.55
244013,TOTAL,2025-01-15,670.0,670.0,206222,2026-04-08T04:23:18.535433+00:00,3.474903474903468,0.0,0.0,3.5761982489983746,645.0,660.305,668.462,2.59035386624492,1.6130143900921563,56.769583099996545,-7.111451257070939,-0.04905948458110032,-7.062391772489839,500161.9
244131,TOTAL,2025-01-16,670.0,670.0,33938,2026-04-08T04:23:20.834867+00:00,0.0,3.474903474903468,0.0,0.0,653.0,660.1099999999999,668.3839999999999,2.59035386624492,1.6130143900921563,56.76958309999655,-5.120289291171275,1.553681985054852,-6.673971276226127,500291.35
244249,TOTAL,2025-01-17,670.0,670.0,88697,2026-04-08T04:23:23.141674+00:00,0.0,0.0,0.0,-9.742120343839545,661.0,659.915,668.306,2.59035386624492,1.6130143900921563,56.76958309999655,-3.501911234797717,2.5376480331427285,-6.0395592679404455,502259.85
244367,TOTAL,2025-01-20,670.0,670.0,29816,2026-04-08T04:23:27.482452+00:00,0.0,0.0,2.777777777777768,0.0,665.5,659.72,668.2280000000001,2.59035386624492,1.6130143900921563,56.76958309999655,-2.1940433987808774,3.0764126953276554,-5.270456094108533,500928.9
244485,TOTAL,2025-01-21,670.0,670.0,45590,2026-04-08T04:23:29.752731+00:00,0.0,0.0,0.0,0.0,670.0,659.525,668.15,2.59035386624492,1.6130143900921563,56.769583099996545,-1.1443572776989868,3.3008790531276375,-4.445236330826624,499847.15
244603,TOTAL,2025-01-22,670.0,670.0,7611,2026-04-08T04:23:32.235559+00:00,0.0,0.0,3.474903474903468,0.0,670.0,659.3299999999999,668.072,2.59035386624492,1.6130143900921563,56.76958309999655,-0.3089125130029515,3.3090590542589386,-3.61797156726189,476590.8
244721,TOTAL,2025-01-23,670.0,670.0,38241,2026-04-08T04:23:34.519549+00:00,0.0,0.0,0.0,0.0,670.0,659.135,667.9939999999999,2.59035386624492,1.6130143900921563,56.76958309999656,0.349158599086536,3.173704133078741,-2.824545533992205,448886.3
244839,TOTAL,2025-01-24,670.0,670.0,11118,2026-04-08T04:23:37.097992+00:00,0.0,0.0,0.0,0.0,670.0,658.9399999999999,667.916,2.59035386624492,1.6130143900921563,56.76958309999656,0.8607623638395125,2.948246318265374,-2.0874839544258617,369356.25
244957,TOTAL,2025-01-27,670.0,670.0,303734,2026-04-08T04:23:41.817807+00:00,0.0,0.0,0.0,2.777777777777768,670.0,658.745,667.8380000000001,2.59035386624492,1.6130143900921563,56.76958309999655,1.2517822665508902,2.6714129767814017,-1.4196307102305112,382941.15
245075,TOTAL,2025-01-28,670.0,670.0,30200,2026-04-08T04:23:44.43679+00:00,0.0,0.0,0.0,0.0,670.0,658.55,667.76,2.59035386624492,1.6130143900921563,56.76958309999656,1.5438715662073719,2.3708018211503066,-0.8269302549429347,379572.05
245193,TOTAL,2025-01-30,670.0,670.0,59715,2026-04-08T04:23:47.90788+00:00,0.0,0.0,0.0,3.474903474903468,670.0,657.15,667.682,2.4504683019451328,1.6130143900921563,56.76958309999656,1.7551224811381871,2.0656421888648975,-0.31051970772671034,299712.45
245311,TOTAL,2025-01-31,670.0,670.0,59715,2026-04-08T04:23:50.425841+00:00,0.0,0.0,0.0,0.0,670.0,655.75,667.6039999999999,2.4504683019451328,1.6130143900921563,56.76958309999656,1.9006310614271342,1.7689206153230757,0.13171044610405858,294751.85
245429,TOTAL,2025-02-03,670.0,670.0,183084,2026-04-08T04:23:55.090801+00:00,0.0,0.0,0.0,0.0,670.0,657.75,667.5260000000001,0.9688898259084892,1.6130143900921563,56.76958309999656,1.992973897135812,1.4890107608254026,0.5039631363104093,269164.4
245547,TOTAL,2025-02-04,670.0,670.0,22604,2026-04-08T04:23:57.584141+00:00,0.0,0.0,0.0,0.0,670.0,659.75,667.448,0.9688898259084892,1.6130143900921563,56.76958309999655,2.0426103194473626,1.2309177465095624,0.8116925729378001,268847.75
245665,TOTAL,2025-02-05,670.0,670.0,728289,2026-04-08T04:24:00.484627+00:00,0.0,0.0,0.0,0.0,670.0,661.75,667.37,0.9688898259084892,1.6130143900921563,56.769583099996545,2.0582216438286878,0.9972232567127102,1.0609983871159776,302044.35
245783,TOTAL,2025-02-06,670.0,670.0,12073,2026-04-08T04:24:04.153698+00:00,0.0,0.0,0.0,0.0,670.0,663.75,667.2919999999999,0.9688898259084892,1.6130143900921563,56.76958309999655,2.0469972211209324,0.7887990672039638,1.2581981539169687,154922.5
245901,TOTAL,2025-02-07,670.0,670.0,17589,2026-04-08T04:24:07.822728+00:00,0.0,0.0,0.0,0.0,670.0,665.75,667.2139999999999,0.9688898259084892,1.6130143900921563,56.76958309999656,2.014875554086416,0.6053419201355577,1.4095336339508582,115664.45
246019,TOTAL,2025-02-10,670.0,670.0,110084,2026-04-08T04:24:13.163899+00:00,0.0,0.0,0.0,0.0,670.0,667.75,667.1360000000001,0.9688898259084892,1.6130143900921563,56.76958309999655,1.9667474610640738,0.44577106169057235,1.5209763993735015,112964.35
246137,TOTAL,2025-02-11,670.0,670.0,806473,2026-04-08T04:24:15.629092+00:00,0.0,0.0,0.0,0.0,670.0,668.875,667.058,0.7770120385134404,1.6130143900921563,56.76958309999656,1.9066271891967972,0.30852063185863665,1.5981065573381605,143810.25
246255,TOTAL,2025-02-12,670.0,670.0,81893,2026-04-08T04:24:18.226035+00:00,0.0,0.0,0.0,0.0,670.0,670.0,666.98,0.7770120385134404,1.6130143900921563,56.76958309999657,1.8377964669167568,0.19175192766287696,1.6460445392538798,143834.3
246373,TOTAL,2025-02-13,670.0,670.0,57851,2026-04-08T04:24:20.725749+00:00,0.0,0.0,0.0,0.0,670.0,670.0,666.9019999999999,0.0,1.6130143900921563,56.76958309999656,1.7629257133706915,0.09350493929344905,1.6694207740772424,136415.75
246491,TOTAL,2025-02-14,670.0,670.0,247301,2026-04-08T04:24:23.300806+00:00,0.0,0.0,0.0,0.0,670.0,670.0,666.824,0.0,1.6130143900921563,56.76958309999655,1.6841759695568044,0.011804156383649289,1.672371813173155,147083.9
246609,TOTAL,2025-02-17,670.0,670.0,76195,2026-04-08T04:24:27.726986+00:00,0.0,0.0,0.0,0.0,670.0,670.0,666.7460000000001,0.0,1.6130143900921563,56.76958309999655,1.6032845637818127,-0.05526979951307398,1.6585543632948867,146458.8
246727,TOTAL,2025-02-18,670.0,670.0,68923,2026-04-08T04:24:30.295737+00:00,0.0,0.0,0.0,0.0,670.0,670.0,666.668,0.0,1.6130143900921563,56.76958309999655,1.5216370571058633,-0.10953384495121887,1.6311709020570822,148414.15
246845,TOTAL,2025-02-19,670.0,670.0,71128,2026-04-08T04:24:32.765887+00:00,0.0,0.0,0.0,0.0,670.0,670.0,666.59,0.0,1.6130143900921563,56.76958309999656,1.44032761960068,-0.1526746259651217,1.5930022455658017,149691.05
246963,TOTAL,2025-02-20,670.0,670.0,19713,2026-04-08T04:24:35.351909+00:00,0.0,0.0,0.0,0.0,670.0,670.0,666.512,0.0,1.6130143900921563,56.76958309999655,1.3602096543803555,-0.18623407294835714,1.5464437273287126,150296.15
247081,TOTAL,2025-02-21,670.0,670.0,16245,2026-04-08T04:24:37.680479+00:00,0.0,0.0,0.0,0.0,670.0,670.0,666.4340000000001,0.0,1.6130143900921563,56.76958309999655,1.2819382040866003,-0.21160441859368984,1.4935426226802901,149196.35
247199,TOTAL,2025-02-25,670.0,670.0,35658,2026-04-08T04:24:43.419296+00:00,0.0,0.0,0.0,0.0,670.0,670.0,666.3560000000001,0.0,1.6130143900921563,56.76958309999655,1.2060054358612433,-0.2300297494552377,1.436035185316481,150423.35
247317,TOTAL,2025-02-26,670.0,670.0,100976,2026-04-08T04:24:45.860894+00:00,0.0,0.0,0.0,0.0,670.0,670.0,666.278,0.0,1.6130143900921563,56.76958309999656,1.1327702990935222,-0.24261190897836693,1.3753822080718892,140285.45
247435,TOTAL,2025-02-27,670.0,670.0,128939,2026-04-08T04:24:48.27846+00:00,0.0,0.0,0.0,0.0,670.0,670.0,666.2,0.0,1.6130143900921563,56.76958309999656,1.062483279698995,-0.25031914269831534,1.3128024223973103,145222.4
247553,TOTAL,2025-02-28,670.0,670.0,167852,2026-04-08T04:24:50.63724+00:00,0.0,0.0,0.0,0.0,670.0,670.0,666.122,0.0,1.6130143900921563,56.76958309999656,0.9953070305472238,-0.25399631348006935,1.2493033440272932,150629.25
247671,TOTAL,2025-03-03,670.0,670.0,33452,2026-04-08T04:24:55.222854+00:00,0.0,0.0,0.0,0.0,670.0,670.0,666.0440000000001,0.0,1.6130143900921563,56.76958309999656,0.931333535849376,-0.2543758465423338,1.1857093823917098,149316.1
247789,TOTAL,2025-03-04,670.0,670.0,74352,2026-04-08T04:24:57.762887+00:00,0.0,0.0,0.0,0.0,670.0,670.0,665.966,0.0,1.6130143900921563,56.76958309999655,0.8705983643811805,-0.25208881440842346,1.122687178789604,143879.5
247908,TOTAL,2025-03-05,670.0,670.0,168095,2026-04-08T04:25:00.108696+00:00,0.0,0.0,0.0,0.0,670.0,670.0,665.888,0.0,1.6130143900921563,56.769583099996545,0.8130924794487555,-0.24767575947267884,1.0607682389214343,151154.05
248027,TOTAL,2025-03-06,670.0,670.0,6340,2026-04-08T04:25:02.52336+00:00,0.0,0.0,0.0,0.0,670.0,670.0,665.81,0.0,1.6130143900921563,56.76958309999655,0.7587720000350373,-0.2415969911091178,1.0003689911441551,115056.6
248146,TOTAL,2025-03-07,670.0,670.0,13366,2026-04-08T04:25:04.19753+00:00,0.0,0.0,0.0,0.0,670.0,670.0,665.732,0.0,1.6130143900921563,56.76958309999655,0.7075662455083602,-0.23424219650863598,0.9418084420169962,115121.25
248265,TOTAL,2025-03-10,637.0,637.0,227552,2026-04-08T04:25:07.959889+00:00,-4.925373134328359,0.0,0.0,0.0,663.4,668.35,664.9940000000001,1.1013469142909413,1.7570857311311967,8.775433380914324,-1.9730942886138791,-2.3319221845047005,0.3588278958908212,125619.4
248384,TOTAL,2025-03-11,637.0,637.0,116603,2026-04-08T04:25:10.446731+00:00,0.0,-4.925373134328359,0.0,0.0,656.8,666.7,664.2560000000001,1.1013469142909413,1.7570857311311967,8.775433380914324,-4.050841495819441,-3.5277355133682096,-0.5231059824512312,125945.35
248503,TOTAL,2025-03-12,637.0,637.0,33078,2026-04-08T04:25:12.888859+00:00,0.0,0.0,0.0,0.0,650.2,665.05,663.518,1.1013469142909413,1.7570857311311967,8.775433380914325,-5.632542680999677,-4.087549358838757,-1.5449933221609204,87275.6
248622,TOTAL,2025-03-13,637.0,637.0,24565,2026-04-08T04:25:15.353849+00:00,0.0,0.0,0.0,0.0,643.6,663.4,662.78,1.1013469142909413,1.7570857311311967,8.775433380914325,-6.807578735702236,-4.210068330833053,-2.5975104048691837,84409.2
248741,TOTAL,2025-03-14,637.0,637.0,12199,2026-04-08T04:25:17.75152+00:00,0.0,0.0,0.0,0.0,637.0,661.75,661.56,1.1013469142909413,1.6754105896583282,8.775433380914325,-7.650611784421244,-4.042481103641649,-3.608130680779596,82126.6
248860,TOTAL,2025-03-17,637.0,637.0,14362,2026-04-08T04:25:23.327657+00:00,0.0,0.0,-4.925373134328359,0.0,637.0,660.1,660.34,1.1013469142909413,1.6754105896583282,8.775433380914325,-8.22392130368064,-3.692632498320835,-4.5312888053598055,70479.65
248979,TOTAL,2025-03-18,637.0,637.0,35905,2026-04-08T04:25:25.763099+00:00,0.0,0.0,0.0,0.0,637.0,658.45,660.48,1.1013469142909413,0.9477693372846775,8.775433380914325,-8.579375527559932,-3.2384693777601017,-5.340906149799831,68465.15
249098,TOTAL,2025-03-19,637.0,637.0,7224,2026-04-08T04:25:28.144043+00:00,0.0,0.0,0.0,0.0,637.0,656.8,660.62,1.1013469142909413,0.9477693372846775,8.775433380914324,-8.760094642820832,-2.7353507944168003,-6.024743848404031,65380.2
249217,TOTAL,2025-03-20,637.0,637.0,12722,2026-04-08T04:25:31.01834+00:00,0.0,0.0,0.0,0.0,637.0,655.15,660.76,1.1013469142909413,0.9477693372846775,8.775433380914325,-8.801853554859122,-2.221687765164072,-6.58016578969505,62459.9
249336,TOTAL,2025-03-21,637.0,637.0,9645,2026-04-08T04:25:33.389958+00:00,0.0,0.0,0.0,0.0,637.0,653.5,660.9,1.1013469142909413,0.9477693372846775,8.775433380914325,-8.734264627768312,-1.7232790704586085,-7.010985557309703,61956.5
249455,TOTAL,2025-03-24,637.0,637.0,47470,2026-04-08T04:25:38.388993+00:00,0.0,0.0,0.0,-4.925373134328359,637.0,651.85,661.04,1.1013469142909413,0.9477693372846775,8.775433380914324,-8.58177456092767,-1.256631202894373,-7.325143358033297,63517.75
249574,TOTAL,2025-03-25,637.0,637.0,28694,2026-04-08T04:25:40.7685+00:00,0.0,0.0,0.0,0.0,637.0,650.2,661.18,1.1013469142909413,0.9477693372846775,8.775433380914324,-8.36450428564308,-0.8314887420878261,-7.533015543555253,63169.55
249693,TOTAL,2025-03-26,637.0,637.0,21749,2026-04-08T04:25:43.344812+00:00,0.0,0.0,0.0,0.0,637.0,648.55,660.97,1.1013469142909413,0.8606141308367814,8.775433380914324,-8.098956300327359,-0.45275260541768425,-7.6462036949096746,59208.2
249812,TOTAL,2025-03-27,637.0,637.0,5437,2026-04-08T04:25:45.817232+00:00,0.0,0.0,0.0,0.0,637.0,646.9,660.76,1.1013469142909413,0.8606141308367814,8.775433380914324,-7.798610086187409,-0.12192511302218811,-7.676684973165221,53033.1
249931,TOTAL,2025-03-28,679.7,679.7,162530,2026-04-08T04:25:48.177352+00:00,6.703296703296702,0.0,0.0,0.0,645.54,647.385,660.954,1.906159497854222,1.1877801878727658,77.6807097675571,-4.068155245067032,2.886823782478552,-6.954979027545584,52767.0
250050,TOTAL,2025-04-02,679.7,679.7,57040,2026-04-08T04:25:54.663823+00:00,0.0,6.703296703296702,0.0,0.0,654.08,647.8700000000001,661.148,1.906159497854222,1.1877801878727658,77.6807097675571,-1.0990734721656281,4.684724444303965,-5.783797916469593,53946.4
250169,TOTAL,2025-04-03,679.7,679.7,16226,2026-04-08T04:25:57.014747+00:00,0.0,0.0,0.0,0.0,662.6200000000001,648.355,661.342,1.906159497854222,1.1877801878727658,77.68070976755709,1.2396552498757956,5.618762533076311,-4.379107283200516,51040.1
250288,TOTAL,2025-04-04,679.7,679.7,26653,2026-04-08T04:25:59.489503+00:00,0.0,0.0,0.0,0.0,671.1600000000001,648.84,661.5360000000001,1.906159497854222,1.1877801878727658,77.68070976755709,3.057865442359798,5.949578180448252,-2.8917127380884535,43968.0
250407,TOTAL,2025-04-07,745.0,745.0,250475,2026-04-08T04:26:04.211964+00:00,9.607179638075625,0.0,0.0,0.0,692.76,652.59,663.0360000000001,2.856298295008444,1.800787675176695,91.2599886366593,9.656658437128044,10.038696940173198,-0.3820385030451541,56174.75
250526,TOTAL,2025-04-08,745.0,745.0,51986,2026-04-08T04:26:06.766331+00:00,0.0,9.607179638075625,6.703296703296702,0.0,705.82,656.34,664.5360000000001,2.856298295008444,1.800787675176695,91.25998863665932,14.716605559101708,12.07891524971749,2.637690309384219,58105.75
250645,TOTAL,2025-04-10,745.0,745.0,33344,2026-04-08T04:26:10.263658+00:00,0.0,0.0,0.0,0.0,718.88,661.74,666.0360000000001,2.553949525183959,1.800787675176695,91.2599886366593,18.513240990173927,12.700440544631766,5.812800445542161,48395.35
250764,TOTAL,2025-04-11,745.0,745.0,4930,2026-04-08T04:26:12.610372+00:00,0.0,0.0,0.0,0.0,731.9399999999999,667.1400000000001,667.5360000000001,2.553949525183959,1.800787675176695,91.25998863665932,21.276835803804033,12.371228286609497,8.905607517194536,42811.7
250883,TOTAL,2025-04-14,745.0,745.0,10305,2026-04-08T04:26:17.137975+00:00,0.0,0.0,0.0,0.0,745.0,672.5400000000001,669.0360000000001,2.553949525183959,1.800787675176695,91.2599886366593,23.199574352331297,11.435173468109408,11.764400884221889,41673.05
251002,TOTAL,2025-04-15,745.0,745.0,2036,2026-04-08T04:26:19.634971+00:00,0.0,0.0,9.607179638075625,0.0,745.0,677.94,670.5360000000001,2.553949525183959,1.800787675176695,91.25998863665932,24.441610829356023,10.141767956107307,14.299842873248716,40546.6
251121,TOTAL,2025-04-16,745.0,745.0,10994,2026-04-08T04:26:22.321337+00:00,0.0,0.0,0.0,6.703296703296702,745.0,683.34,672.0360000000001,2.553949525183959,1.800787675176695,91.2599886366593,25.136179455750266,8.669069266001241,16.467110189749025,40486.35
251240,TOTAL,2025-04-17,745.0,745.0,11160,2026-04-08T04:26:24.819431+00:00,0.0,0.0,0.0,0.0,745.0,688.74,673.5360000000001,2.553949525183959,1.800787675176695,91.25998863665932,25.393904966962168,7.141435821770514,18.252469145191654,40326.25
251359,TOTAL,2025-04-22,745.0,745.0,19536,2026-04-08T04:26:31.401152+00:00,0.0,0.0,0.0,0.0,745.0,694.1400000000001,675.0360000000001,2.553949525183959,1.800787675176695,91.2599886366593,25.306437433387828,5.643174630556938,19.66326280283089,39507.8
251478,TOTAL,2025-04-23,705.0,705.0,230954,2026-04-08T04:26:33.741411+00:00,-5.369127516778526,0.0,0.0,0.0,737.0,697.5400000000001,675.7360000000001,2.902575642761004,1.9670504118974885,52.87017335752885,21.758633098725568,1.6762962367157428,20.082336862009825,50694.3
251598,TOTAL,2025-04-24,705.0,705.0,124272,2026-04-08T04:26:36.383131+00:00,0.0,-5.369127516778526,0.0,9.607179638075625,729.0,700.94,676.436,2.902575642761004,1.9670504118974885,52.870173357528856,18.7310526872526,-1.0810273398057788,19.81208002705838,56271.8
251718,TOTAL,2025-04-25,705.0,705.0,76430,2026-04-08T04:26:38.677219+00:00,0.0,0.0,0.0,0.0,721.0,704.34,677.1360000000001,2.902575642761004,1.9670504118974885,52.87017335752885,16.145557462454576,-2.933218051683042,19.078775514137618,59611.05
251838,TOTAL,2025-04-28,705.0,705.0,69485,2026-04-08T04:26:43.113614+00:00,0.0,0.0,0.0,0.0,713.0,707.74,677.836,2.902575642761004,1.9670504118974885,52.87017335752885,13.935889608696016,-4.1143087243532825,18.0501983330493,60711.8
251958,TOTAL,2025-04-29,705.0,705.0,21428,2026-04-08T04:26:45.609073+00:00,0.0,0.0,0.0,0.0,705.0,711.1400000000001,678.5360000000001,2.902575642761004,1.9670504118974885,52.870173357528856,12.045854798957066,-4.803474827273785,16.84932962623085,60348.5
252078,TOTAL,2025-04-30,705.0,705.0,211049,2026-04-08T04:26:48.242472+00:00,0.0,0.0,-5.369127516778526,0.0,705.0,714.5400000000001,679.2360000000001,2.902575642761004,1.9670504118974885,52.87017335752885,10.42778359703675,-5.1372368233552805,15.565020420392031,69813.5
252198,TOTAL,2025-05-02,705.0,705.0,143182,2026-04-08T04:26:51.690529+00:00,0.0,0.0,0.0,0.0,705.0,717.94,679.936,2.902575642761004,1.9670504118974885,52.87017335752885,9.041228853685652,-5.2190332533651045,14.260262107050757,76700.75
252318,TOTAL,2025-05-05,705.0,705.0,7911,2026-04-08T04:26:56.275381+00:00,0.0,0.0,0.0,0.0,705.0,719.205,680.6360000000001,2.515503262408221,1.9670504118974885,52.87017335752886,7.851862842756077,-5.1267194114357455,12.978582254191823,68969.8
252438,TOTAL,2025-05-06,705.0,705.0,223410,2026-04-08T04:26:58.7221+00:00,0.0,0.0,0.0,0.0,705.0,720.47,681.336,2.515503262408221,1.9670504118974885,52.870173357528856,6.830543457067506,-4.918431037699454,11.74897449476696,77288.3
252558,TOTAL,2025-05-07,705.0,705.0,132679,2026-04-08T04:27:01.170235+00:00,0.0,0.0,0.0,0.0,705.0,721.735,682.0360000000001,2.515503262408221,1.9670504118974885,52.87017335752885,5.952523500108441,-4.637160795726816,10.589684295835257,83110.95
252678,TOTAL,2025-05-08,705.0,705.0,168710,2026-04-08T04:27:03.468055+00:00,0.0,0.0,0.0,-5.369127516778526,705.0,723.0,682.7360000000001,2.515503262408221,1.9670504118974885,52.87017335752886,5.196781100780299,-4.314322556043967,9.511103656824266,90213.8
252798,TOTAL,2025-05-09,705.0,705.0,259887,2026-04-08T04:27:05.963213+00:00,0.0,0.0,0.0,0.0,705.0,721.0,683.436,1.2005734107381427,1.9670504118974885,52.87017335752885,4.545452655713802,-3.972520800888372,8.517973456602174,90684.4
252918,TOTAL,2025-05-12,705.0,705.0,8013,2026-04-08T04:27:10.449459+00:00,0.0,0.0,0.0,0.0,705.0,719.0,684.1360000000001,1.2005734107381427,1.9670504118974885,52.87017335752885,3.9833525616506904,-3.6276967159611875,7.611049277611878,88485.75
253038,TOTAL,2025-05-14,705.0,705.0,74959,2026-04-08T04:27:13.89162+00:00,0.0,0.0,0.0,0.0,705.0,717.0,684.836,1.2005734107381427,1.9670504118974885,52.870173357528856,3.4975664188759765,-3.2907862869887214,6.788352705864698,90566.5
253158,TOTAL,2025-05-15,705.0,705.0,45366,2026-04-08T04:27:16.307455+00:00,0.0,0.0,0.0,0.0,705.0,715.0,685.5360000000001,1.2005734107381427,1.9670504118974885,52.87017335752885,3.077106433295967,-2.968997018054986,6.046103451350953,92588.3
253278,TOTAL,2025-05-16,705.0,705.0,13021,2026-04-08T04:27:18.639316+00:00,0.0,0.0,0.0,0.0,705.0,713.0,686.2360000000001,1.2005734107381427,1.9670504118974885,52.87017335752885,2.7126194766929075,-2.6667871797264358,5.379406656419343,92724.1
253398,TOTAL,2025-05-19,705.0,705.0,71919,2026-04-08T04:27:23.06518+00:00,0.0,0.0,0.0,0.0,705.0,711.0,686.936,1.2005734107381427,1.9670504118974885,52.87017335752884,2.396139730332152,-2.386613540869753,4.782753271201905,96218.25
253518,TOTAL,2025-05-20,705.0,705.0,71919,2026-04-08T04:27:25.663956+00:00,0.0,0.0,0.0,0.0,705.0,709.0,687.6360000000001,1.2005734107381427,1.9670504118974885,52.87017335752885,2.120879077424661,-2.129499355021795,4.250378432446456,99264.5
253638,TOTAL,2025-05-21,705.0,705.0,12413,2026-04-08T04:27:28.280255+00:00,0.0,0.0,0.0,0.0,705.0,707.0,688.336,1.2005734107381427,1.9670504118974885,52.87017335752885,1.8810494595920773,-1.895463178283503,3.7765126378755802,99327.15
253758,TOTAL,2025-05-22,705.0,705.0,25297,2026-04-08T04:27:30.733393+00:00,0.0,0.0,0.0,0.0,705.0,705.0,689.0360000000001,1.2005734107381427,1.9670504118974885,52.870173357528856,1.6717123007820192,-1.6838402696748491,3.3555525704568683,99615.2
253878,TOTAL,2025-05-23,705.0,705.0,16719,2026-04-08T04:27:33.142895+00:00,0.0,0.0,0.0,0.0,705.0,705.0,689.7360000000001,0.0,1.9670504118974885,52.870173357528856,1.4886508538421594,-1.4935213732917672,2.9821722271339266,88903.45
253998,TOTAL,2025-05-26,705.0,705.0,54788,2026-04-08T04:27:37.938794+00:00,0.0,0.0,0.0,0.0,705.0,705.0,690.436,0.0,1.9670504118974885,52.87017335752885,1.3282619611816244,-1.323128212761842,2.6513901739434664,85429.25
254118,TOTAL,2025-05-27,705.0,705.0,134410,2026-04-08T04:27:40.395447+00:00,0.0,0.0,0.0,0.0,705.0,705.0,691.1360000000001,0.0,1.9670504118974885,52.87017335752885,1.1874642593970748,-1.1711407316371134,2.358604991034188,88328.25
254238,TOTAL,2025-05-28,705.0,705.0,95223,2026-04-08T04:27:42.906627+00:00,0.0,0.0,0.0,0.0,705.0,705.0,692.4960000000001,0.0,1.8275965889217523,52.87017335752885,1.0636203134474727,-1.0359877420693726,2.0996080555168453,89615.15
254358,TOTAL,2025-05-29,705.0,705.0,470496,2026-04-08T04:27:45.903166+00:00,0.0,0.0,0.0,0.0,705.0,705.0,693.8560000000001,0.0,1.8275965889217523,52.870173357528856,0.9544705516527756,-0.9161100030912559,1.8705805547440315,112068.55
254478,TOTAL,2025-05-30,705.0,705.0,119198,2026-04-08T04:27:48.4452+00:00,0.0,0.0,0.0,0.0,705.0,705.0,695.216,0.0,1.8275965889217523,52.870173357528856,0.8580771992307064,-0.8100026844106603,1.6680798836413666,107476.0
254598,TOTAL,2025-06-02,705.0,705.0,39313,2026-04-08T04:27:53.01382+00:00,0.0,0.0,0.0,0.0,705.0,705.0,696.576,0.0,1.8275965889217523,52.870173357528856,0.7727766843788686,-0.7162425594099986,1.4890192437888672,102282.55
254718,TOTAL,2025-06-03,705.0,705.0,152208,2026-04-08T04:27:55.368454+00:00,0.0,0.0,0.0,0.0,705.0,705.0,697.936,0.0,1.8275965889217523,52.870173357528856,0.6971392247727408,-0.633504015212901,1.3306432399856418,109497.4
254838,TOTAL,2025-06-04,705.0,705.0,39174,2026-04-08T04:27:57.94541+00:00,0.0,0.0,0.0,0.0,705.0,705.0,699.296,0.0,1.8275965889217523,52.870173357528856,0.6299345002976224,-0.5605669917504155,1.190501492048038,100285.6
254958,TOTAL,2025-06-05,705.0,705.0,101307,2026-04-08T04:28:00.320696+00:00,0.0,0.0,0.0,0.0,705.0,705.0,700.6560000000001,0.0,1.8275965889217523,52.870173357528856,0.5701024853919989,-0.4963192053248311,1.06642169071683,98717.0
255078,TOTAL,2025-06-10,705.0,705.0,230016,2026-04-08T04:28:07.114795+00:00,0.0,0.0,0.0,0.0,705.0,705.0,702.0160000000001,0.0,1.8275965889217523,52.87017335752886,0.5167286562165145,-0.4397544276002524,0.9564830838167669,101782.3
255198,TOTAL,2025-06-11,705.0,705.0,21366,2026-04-08T04:28:09.38594+00:00,0.0,0.0,0.0,0.0,705.0,705.0,703.3760000000001,0.0,1.8275965889217523,52.870173357528856,0.4690229079311621,-0.38996814070848396,0.858991048639646,89856.25
255318,TOTAL,2025-06-17,705.0,705.0,29472,2026-04-08T04:28:17.228975+00:00,0.0,0.0,0.0,0.0,705.0,705.0,704.7360000000001,0.0,1.8275965889217523,52.87017335752886,0.42630161901320207,-0.3461515437011553,0.7724531627143574,90929.2
255438,TOTAL,2025-06-18,705.0,705.0,17275,2026-04-08T04:28:19.70912+00:00,0.0,0.0,0.0,0.0,705.0,705.0,706.096,0.0,1.8275965889217523,52.870173357528856,0.38797238559880043,-0.3075846216924456,0.695557007291246,88045.0
255558,TOTAL,2025-06-19,705.0,705.0,42913,2026-04-08T04:28:22.276816+00:00,0.0,0.0,0.0,0.0,705.0,705.0,707.456,0.0,1.8275965889217523,52.870173357528856,0.35352102169179034,-0.2736287884795646,0.627149810171355,87922.35
255678,TOTAL,2025-06-20,705.0,705.0,276858,2026-04-08T04:28:24.65394+00:00,0.0,0.0,0.0,0.0,705.0,705.0,708.816,0.0,1.8275965889217523,52.87017335752886,0.3225004827710336,-0.24371946192025717,0.5662199446912908,101114.2
255798,TOTAL,2025-06-23,705.0,705.0,39350,2026-04-08T04:28:29.225711+00:00,0.0,0.0,0.0,0.0,705.0,705.0,710.176,0.0,1.8275965889217523,52.870173357528856,0.2945214225593418,-0.2173588177055592,0.511880240264901,99485.75
255918,TOTAL,2025-06-24,705.0,705.0,239934,2026-04-08T04:28:31.569579+00:00,0.0,0.0,0.0,0.0,705.0,705.0,710.6820000000001,0.0,1.5699097151606025,52.87017335752887,0.2692441369512153,-0.19410888265094856,0.46335301960216385,107886.5
256038,TOTAL,2025-06-25,705.0,705.0,150107,2026-04-08T04:28:33.910697+00:00,0.0,0.0,0.0,0.0,705.0,705.0,711.188,0.0,1.5699097151606025,52.87017335752886,0.2463716865522656,-0.1735850664399186,0.4199567529921842,114771.2
256158,TOTAL,2025-06-26,705.0,705.0,121151,2026-04-08T04:28:36.389223+00:00,0.0,0.0,0.0,0.0,705.0,705.0,711.6940000000001,0.0,1.5699097151606025,52.87017335752886,0.22564402100840653,-0.15545018558702217,0.3810942065954287,119563.9
256278,TOTAL,2025-06-27,705.0,705.0,35790,2026-04-08T04:28:38.797599+00:00,0.0,0.0,0.0,0.0,705.0,705.0,712.2,0.0,1.5699097151606025,52.87017335752887,0.20683295517198985,-0.1394090011387511,0.34624195631074095,120517.45
256398,TOTAL,2025-07-01,705.0,705.0,22370,2026-04-08T04:28:44.517216+00:00,0.0,0.0,0.0,0.0,705.0,705.0,711.4,0.0,0.7593092952338764,52.87017335752887,0.1897378699135288,-0.12520326911776974,0.31494113903129856,118896.55
256518,TOTAL,2025-07-02,705.0,705.0,95329,2026-04-08T04:28:47.139962+00:00,0.0,0.0,0.0,0.0,705.0,705.0,710.6,0.0,0.7593092952338764,52.87017335752887,0.1741820296692822,-0.11260728748961313,0.28678931715889533,116942.5
256638,TOTAL,2025-07-03,705.0,705.0,303369,2026-04-08T04:28:49.506141+00:00,0.0,0.0,0.0,0.0,705.0,705.0,709.8,0.0,0.7593092952338764,52.87017335752886,0.16000942515120187,-0.10142391360615477,0.26143333875735664,127349.8
256758,TOTAL,2025-07-04,705.0,705.0,19938,2026-04-08T04:28:51.76506+00:00,0.0,0.0,0.0,0.0,705.0,705.0,709.0,0.0,0.7593092952338764,52.87017335752886,0.1470820634900747,-0.09148102021382559,0.23856308370390028,104821.9
256878,TOTAL,2025-07-07,705.0,705.0,9602,2026-04-08T04:28:56.230166+00:00,0.0,0.0,0.0,0.0,705.0,705.0,708.2,0.0,0.7593092952338764,52.87017335752887,0.1352776398126707,-0.08262835511298366,0.21790599492565438,99342.1
256998,TOTAL,2025-07-08,705.0,705.0,42986,2026-04-08T04:28:58.705995+00:00,0.0,0.0,0.0,0.0,705.0,705.0,707.4,0.0,0.7593092952338764,52.87017335752887,0.12448753419857894,-0.07473476858166037,0.1992223027802393,99525.75
257118,TOTAL,2025-07-09,705.0,705.0,13665,2026-04-08T04:29:01.058721+00:00,0.0,0.0,0.0,0.0,705.0,705.0,706.6,0.0,0.7593092952338764,52.87017335752886,0.11461508639035856,-0.06768577311190463,0.18230085950226319,92598.6
257238,TOTAL,2025-07-10,705.0,705.0,95628,2026-04-08T04:29:03.550316+00:00,0.0,0.0,0.0,0.0,705.0,705.0,705.8,0.0,0.7593092952338764,52.87017335752887,0.1055741077783523,-0.0613814013791287,0.166955509157481,95421.3
257358,TOTAL,2025-07-11,705.0,705.0,70162,2026-04-08T04:29:06.089999+00:00,0.0,0.0,0.0,0.0,705.0,705.0,705.0,0.0,0.7593092952338764,52.87017335752886,0.09728759624158556,-0.05573433033271638,0.15302192657430194,93864.05
257478,TOTAL,2025-07-14,705.0,705.0,30127,2026-04-08T04:29:10.69196+00:00,0.0,0.0,0.0,0.0,705.0,705.0,705.0,0.0,0.0,52.87017335752886,0.08968662456754828,-0.050668241605402925,0.1403548661729512,83869.6
257598,TOTAL,2025-07-16,705.0,705.0,123497,2026-04-08T04:29:14.112969+00:00,0.0,0.0,0.0,0.0,705.0,705.0,705.0,0.0,0.0,52.87017335752886,0.08270937753445651,-0.04611639091079575,0.12882576844525226,88976.15
257718,TOTAL,2025-07-17,705.0,705.0,83010,2026-04-08T04:29:16.489777+00:00,0.0,0.0,0.0,0.0,705.0,705.0,705.0,0.0,0.0,52.87017335752887,0.07630031643975599,-0.042020361604397025,0.11832067804415301,91653.05
257838,TOTAL,2025-07-18,705.0,705.0,18418,2026-04-08T04:29:18.854517+00:00,0.0,0.0,0.0,0.0,705.0,705.0,705.0,0.0,0.0,52.87017335752887,0.07040945300161638,-0.038328980034029306,0.10873843303564569,91710.2
257958,TOTAL,2025-07-21,705.0,705.0,135413,2026-04-08T04:29:23.300994+00:00,0.0,0.0,0.0,0.0,705.0,705.0,705.0,0.0,0.0,52.87017335752887,0.06499171722521169,-0.03499737264834721,0.0999890898735589,96335.2
258078,TOTAL,2025-07-22,705.0,705.0,10408,2026-04-08T04:29:25.922592+00:00,0.0,0.0,0.0,0.0,705.0,705.0,705.0,0.0,0.0,52.87017335752887,0.0600064060929526,-0.031986147024485045,0.09199255311743765,83012.7
258198,TOTAL,2025-07-23,705.0,705.0,12974,2026-04-08T04:29:29.05968+00:00,0.0,0.0,0.0,0.0,705.0,705.0,705.0,0.0,0.0,52.87017335752886,0.05541670186016745,-0.029260681005816164,0.08467738286598361,81693.9
258318,TOTAL,2025-07-24,705.0,705.0,16911,2026-04-08T04:29:31.486978+00:00,0.0,0.0,0.0,0.0,705.0,705.0,705.0,0.0,0.0,52.87017335752888,0.05118925037459121,-0.02679050599311393,0.07797975636770514,70542.75
258438,TOTAL,2025-07-25,705.0,705.0,20207,2026-04-08T04:29:33.980938+00:00,0.0,0.0,0.0,0.0,705.0,705.0,705.0,0.0,0.0,52.87017335752888,0.04729379122920818,-0.024548772110797562,0.07184256334000574,64047.75
258557,TOTAL,2025-07-28,705.0,705.0,40000,2026-04-08T04:29:38.78621+00:00,0.0,0.0,0.0,0.0,705.0,705.0,705.0,0.0,0.0,52.87017335752887,0.04370283273942732,-0.022511784480462732,0.06621461721989005,59990.2
258676,TOTAL,2025-07-29,705.0,705.0,93440,2026-04-08T04:29:41.392621+00:00,0.0,0.0,0.0,0.0,705.0,705.0,705.0,0.0,0.0,52.870173357528884,0.0403913657432895,-0.020658601181280448,0.061049966924569946,62872.7
258795,TOTAL,2025-07-30,705.0,705.0,313541,2026-04-08T04:29:43.881641+00:00,0.0,0.0,0.0,0.0,705.0,705.0,705.0,0.0,0.0,52.87017335752887,0.0373366110796951,-0.01897068467589988,0.05630729575559498,77431.25
258914,TOTAL,2025-07-31,705.0,705.0,216407,2026-04-08T04:29:46.315218+00:00,0.0,0.0,0.0,0.0,705.0,705.0,705.0,0.0,0.0,52.87017335752887,0.03451779633098795,-0.01743159953968563,0.05194939587067358,83485.15
259033,TOTAL,2025-08-01,705.0,705.0,120361,2026-04-08T04:29:48.711654+00:00,0.0,0.0,0.0,0.0,705.0,705.0,705.0,0.0,0.0,52.87017335752888,0.03191595803684777,-0.01602675026706065,0.04794270830390842,74334.75
259151,TOTAL,2025-08-04,640.0,640.0,143264,2026-04-08T04:29:53.303607+00:00,-9.219858156028371,0.0,0.0,0.0,692.0,701.75,703.7,2.06162295797853,1.3038848447411517,0.665428298548323,-5.155671419065811,-4.162891301895776,-0.9927801171700356,80501.05
259270,TOTAL,2025-08-05,640.0,640.0,63722,2026-04-08T04:29:55.780422+00:00,0.0,-9.219858156028371,0.0,0.0,679.0,698.5,702.4,2.06162295797853,1.3038848447411517,0.6654282985483231,-9.16126641344465,-6.534789037019692,-2.6264773764249587,83207.05
259389,TOTAL,2025-08-06,640.0,640.0,76070,2026-04-08T04:29:58.241852+00:00,0.0,0.0,0.0,0.0,666.0,695.25,701.1,2.06162295797853,1.3038848447411517,0.6654282985483229,-12.195151193502738,-7.654939053662224,-4.540212139840515,84861.25
259508,TOTAL,2025-08-07,640.0,640.0,36767,2026-04-08T04:30:00.56444+00:00,0.0,0.0,0.0,0.0,653.0,692.0,699.8,2.06162295797853,1.3038848447411517,0.6654282985483229,-14.433150366556674,-7.914350581372927,-6.518799785183747,86016.35
259627,TOTAL,2025-08-08,640.0,640.0,15442,2026-04-08T04:30:02.234883+00:00,0.0,0.0,0.0,0.0,640.0,688.75,698.5,2.06162295797853,1.3038848447411517,0.665428298548323,-16.022088176025704,-7.602630712673566,-8.419457463352138,82007.05
259746,TOTAL,2025-08-11,640.0,640.0,97500,2026-04-08T04:30:07.037349+00:00,0.0,0.0,-9.219858156028371,0.0,640.0,685.5,697.2,2.06162295797853,1.3038848447411517,0.665428298548323,-17.084394571751886,-6.931949686719797,-10.15244488503209,83373.95
259865,TOTAL,2025-08-12,640.0,640.0,11675,2026-04-08T04:30:09.28323+00:00,0.0,0.0,0.0,0.0,640.0,682.25,695.9,2.06162295797853,1.3038848447411517,0.6654282985483229,-17.72199195220105,-6.055637653735168,-11.666354298465883,82451.35
259984,TOTAL,2025-08-13,640.0,640.0,8461,2026-04-08T04:30:11.815521+00:00,0.0,0.0,0.0,0.0,640.0,679.0,694.6,2.06162295797853,1.3038848447411517,0.6654282985483229,-18.019574037143343,-5.082575790941966,-12.936998246201377,76699.55
260103,TOTAL,2025-08-14,640.0,640.0,16063,2026-04-08T04:30:14.350221+00:00,0.0,0.0,0.0,0.0,640.0,675.75,693.3,2.06162295797853,1.3038848447411517,0.665428298548323,-18.04737112321334,-4.088298301609569,-13.959072821603769,73352.2
260222,TOTAL,2025-08-15,640.0,640.0,88497,2026-04-08T04:30:16.786076+00:00,0.0,0.0,0.0,0.0,640.0,672.5,692.0,2.06162295797853,1.3038848447411517,0.665428298548323,-17.863481420012135,-3.1235268787266914,-14.739954541285444,76856.15
260341,TOTAL,2025-08-18,640.0,640.0,24633,2026-04-08T04:30:21.560319+00:00,0.0,0.0,0.0,-9.219858156028371,640.0,669.25,690.7,2.06162295797853,1.3038848447411517,0.665428298548323,-17.515835852888586,-2.220705049282513,-15.295130803606073,71317.15
260460,TOTAL,2025-08-19,640.0,640.0,67801,2026-04-08T04:30:23.869462+00:00,0.0,0.0,0.0,0.0,640.0,666.0,689.4,2.06162295797853,1.3038848447411517,0.665428298548323,-17.043853304824438,-1.3989780009746902,-15.644875303849748,74186.8
260579,TOTAL,2025-08-20,640.0,640.0,19075,2026-04-08T04:30:26.318672+00:00,0.0,0.0,0.0,0.0,640.0,662.75,688.1,2.06162295797853,1.3038848447411517,0.665428298548323,-16.479834461699284,-0.6679673262796282,-15.811867135419655,74491.85
260698,TOTAL,2025-08-21,640.0,640.0,61974,2026-04-08T04:30:28.670378+00:00,0.0,0.0,0.0,0.0,640.0,659.5,686.8,2.06162295797853,1.3038848447411517,0.665428298548323,-15.850134975356696,-0.030614271949630734,-15.819520703407065,76745.0
260817,TOTAL,2025-08-22,640.0,640.0,46191,2026-04-08T04:30:30.96965+00:00,0.0,0.0,0.0,0.0,640.0,656.25,685.5,2.06162295797853,1.3038848447411517,0.665428298548323,-15.17615235813264,0.5146946762195412,-15.690847034352181,78044.2
260936,TOTAL,2025-08-25,640.0,640.0,35659,2026-04-08T04:30:35.521871+00:00,0.0,0.0,0.0,0.0,640.0,653.0,684.2,2.06162295797853,1.3038848447411517,0.6654282985483229,-14.47515569383313,0.9725530724152414,-15.447708766248372,77827.15
261055,TOTAL,2025-08-26,640.0,640.0,13246,2026-04-08T04:30:37.91594+00:00,0.0,0.0,0.0,0.0,640.0,649.75,682.9,2.06162295797853,1.3038848447411517,0.6654282985483229,-13.760982743811155,1.3493808179497755,-15.11036356176093,73817.45
261174,TOTAL,2025-08-27,640.0,640.0,90109,2026-04-08T04:30:40.231113+00:00,0.0,0.0,0.0,0.0,640.0,646.5,681.6,2.06162295797853,1.3038848447411517,0.6654282985483227,-13.044625216086615,1.6525906765394538,-14.697215892626069,62645.85
261293,TOTAL,2025-08-28,640.0,640.0,15731,2026-04-08T04:30:42.59826+00:00,0.0,0.0,0.0,0.0,640.0,643.25,680.3,2.06162295797853,1.3038848447411517,0.6654282985483229,-12.334719743184678,1.8899969195531128,-14.22471666273779,52612.05
261412,TOTAL,2025-08-29,640.0,640.0,305827,2026-04-08T04:30:45.09102+00:00,0.0,0.0,0.0,0.0,640.0,640.0,679.0,2.06162295797853,1.3038848447411517,0.6654282985483226,-11.63795938984913,2.06940581831093,-13.70736520816006,61885.35
261531,TOTAL,2025-09-01,640.0,640.0,27138,2026-04-08T04:30:49.608802+00:00,0.0,0.0,0.0,0.0,640.0,640.0,677.7,0.0,1.3038848447411517,0.6654282985483225,-10.959438208291772,2.198341599894631,-13.157779808186403,56079.05
261650,TOTAL,2025-09-02,640.0,640.0,105451,2026-04-08T04:30:52.312491+00:00,0.0,0.0,0.0,0.0,640.0,640.0,676.4,0.0,1.3038848447411517,0.6654282985483227,-10.302939411250577,2.28387231754866,-12.586811728799237,58165.5
261769,TOTAL,2025-09-03,640.0,640.0,76915,2026-04-08T04:30:55.837007+00:00,0.0,0.0,0.0,0.0,640.0,640.0,675.1,0.0,1.3038848447411517,0.6654282985483227,-9.671176086944797,2.3325085134835533,-12.00368460042835,58207.75
261888,TOTAL,2025-09-04,640.0,640.0,10066,2026-04-08T04:30:58.198935+00:00,0.0,0.0,0.0,0.0,640.0,640.0,673.8,0.0,1.3038848447411517,0.6654282985483226,-9.065991988563383,2.3501540894919746,-11.416146078055357,56872.7
262007,TOTAL,2025-09-08,640.0,640.0,16239,2026-04-08T04:31:03.728068+00:00,0.0,0.0,0.0,0.0,640.0,640.0,672.5,0.0,1.3038848447411517,0.6654282985483226,-8.488528754919116,2.342093858508994,-10.83062261342811,56912.55
262126,TOTAL,2025-09-09,640.0,640.0,3199,2026-04-08T04:31:06.294869+00:00,0.0,0.0,0.0,0.0,640.0,640.0,671.2,0.0,1.3038848447411517,0.6654282985483226,-7.93936492508476,2.3130061506746813,-10.252371075759442,52197.5
262245,TOTAL,2025-09-10,640.0,640.0,9447,2026-04-08T04:31:08.610575+00:00,0.0,0.0,0.0,0.0,640.0,640.0,669.9,0.0,1.3038848447411517,0.6654282985483225,-7.4186312700853705,2.266991844539257,-9.685623114624628,52086.1
262364,TOTAL,2025-09-11,640.0,640.0,3776,2026-04-08T04:31:10.974873+00:00,0.0,0.0,0.0,0.0,640.0,640.0,668.6,0.0,1.3038848447411517,0.6654282985483226,-6.9261062552558315,2.2076134874950384,-9.13371974275087,51851.85
262483,TOTAL,2025-09-12,640.0,640.0,4060,2026-04-08T04:31:13.547359+00:00,0.0,0.0,0.0,0.0,640.0,640.0,667.3,0.0,1.3038848447411517,0.6654282985483226,-6.4612948475659095,2.1379399161479675,-8.599234763713877,51251.7
262602,TOTAL,2025-09-15,640.0,640.0,4717,2026-04-08T04:31:18.268622+00:00,0.0,0.0,0.0,0.0,640.0,640.0,666.0,0.0,1.3038848447411517,0.6654282985483226,-6.023493376041756,2.060593110137697,-8.084086486179453,47062.7
262721,TOTAL,2025-09-16,640.0,640.0,4786,2026-04-08T04:31:20.741189+00:00,0.0,0.0,0.0,0.0,640.0,640.0,664.7,0.0,1.3038848447411517,0.6654282985483226,-5.611842725975407,1.9777950081632376,-7.589637734138645,46070.35
262840,TOTAL,2025-09-17,640.0,640.0,64600,2026-04-08T04:31:23.24235+00:00,0.0,0.0,0.0,0.0,640.0,640.0,663.4,0.0,1.3038848447411517,0.6654282985483227,-5.225371786738492,1.891412757920123,-7.116784544658615,45910.3
262959,TOTAL,2025-09-18,640.0,640.0,14798,2026-04-08T04:31:25.598019+00:00,0.0,0.0,0.0,0.0,640.0,640.0,662.1,0.0,1.3038848447411517,0.6654282985483227,-4.86303276839908,1.8030014210076288,-6.666034189406709,45696.45
263078,TOTAL,2025-09-19,640.0,640.0,8370,2026-04-08T04:31:28.111008+00:00,0.0,0.0,0.0,0.0,640.0,640.0,660.8,0.0,1.3038848447411517,0.6654282985483226,-4.523729745273954,1.7138435553062035,-6.2375733005801575,43016.25
263197,TOTAL,2025-09-22,640.0,640.0,6480,2026-04-08T04:31:32.624882+00:00,0.0,0.0,0.0,0.0,640.0,640.0,659.5,0.0,1.3038848447411517,0.6654282985483226,-4.206341567665618,1.6249853863316321,-5.83132695399725,41030.7
263316,TOTAL,2025-09-23,640.0,640.0,226036,2026-04-08T04:31:35.170326+00:00,0.0,0.0,0.0,0.0,640.0,640.0,658.2,0.0,1.3038848447411517,0.6654282985483226,-3.909740100107456,1.5372694831118352,-5.447009583219291,50549.55
263435,TOTAL,2025-09-24,640.0,640.0,5035,2026-04-08T04:31:37.673105+00:00,0.0,0.0,0.0,0.0,640.0,640.0,656.9,0.0,1.3038848447411517,0.6654282985483229,-3.6328045901958603,1.4513639944187444,-5.084168584614605,50139.0
263554,TOTAL,2025-09-25,640.0,640.0,1844,2026-04-08T04:31:40.100841+00:00,0.0,0.0,0.0,0.0,640.0,640.0,655.6,0.0,1.3038848447411517,0.6654282985483229,-3.374432842086321,1.3677885940226266,-4.742221436108948,45725.75
263673,TOTAL,2025-09-26,640.0,640.0,4445,2026-04-08T04:31:42.548783+00:00,0.0,0.0,0.0,0.0,640.0,640.0,654.3,0.0,1.3038848447411517,0.6654282985483229,-3.1335497591848025,1.2869373415393168,-4.420487100724119,45161.45
263792,TOTAL,2025-09-29,640.0,640.0,51497,2026-04-08T04:31:47.029675+00:00,0.0,0.0,0.0,0.0,640.0,640.0,653.0,0.0,1.3038848447411517,0.6654282985483227,-2.909113728316811,1.209098697925847,-4.118212426242658,32444.95
263911,TOTAL,2025-09-30,640.0,640.0,3903,2026-04-08T04:31:49.320364+00:00,0.0,0.0,0.0,0.0,640.0,640.0,651.7,0.0,1.3038848447411517,0.6654282985483227,-2.700121239992086,1.1344729490004575,-3.8345941889925435,31283.2
264030,TOTAL,2025-10-02,640.0,640.0,4994,2026-04-08T04:31:52.706523+00:00,0.0,0.0,0.0,0.0,640.0,640.0,650.4,0.0,1.3038848447411517,0.6654282985483227,-2.505610074039737,1.0631872919622456,-3.5687973660019825,26260.35
264149,TOTAL,2025-10-03,640.0,640.0,22676,2026-04-08T04:31:55.311341+00:00,0.0,0.0,0.0,0.0,640.0,640.0,649.1,0.0,1.3038848447411517,0.6654282985483227,-2.3246613249426673,0.9953088328474524,-3.3199701577901197,23548.4
264268,TOTAL,2025-10-06,640.0,640.0,8100,2026-04-08T04:31:59.803196+00:00,0.0,0.0,0.0,0.0,640.0,640.0,647.8,0.0,1.3038848447411517,0.6654282985483226,-2.1564004950240587,0.9308557302128486,-3.0872562252369073,23450.1
264387,TOTAL,2025-10-07,640.0,640.0,7898,2026-04-08T04:32:02.285104+00:00,0.0,0.0,0.0,0.0,640.0,640.0,646.5,0.0,1.3038848447411517,0.6654282985483226,-1.9999978448595357,0.8698067043018973,-2.869804549161433,23033.05
264506,TOTAL,2025-10-08,640.0,640.0,12363,2026-04-08T04:32:04.646463+00:00,0.0,0.0,0.0,0.0,640.0,640.0,645.2,0.0,1.3038848447411517,0.6654282985483226,-1.854668157752144,0.8121091131274314,-2.6667772708795754,23491.25
264625,TOTAL,2025-10-09,640.0,640.0,13491,2026-04-08T04:32:07.004133+00:00,0.0,0.0,0.0,0.0,640.0,640.0,643.9,0.0,1.3038848447411517,0.6654282985483227,-1.7196700478218645,0.7576857784461688,-2.4773558262680333,23693.45
264744,TOTAL,2025-10-10,640.0,640.0,1834,2026-04-08T04:32:10.69692+00:00,0.0,0.0,0.0,0.0,640.0,640.0,642.6,0.0,1.3038848447411517,0.6654282985483227,-1.5943049184141955,0.7064407262830703,-2.300745644697266,23596.35
264863,TOTAL,2025-10-13,640.0,640.0,58418,2026-04-08T04:32:15.267586+00:00,0.0,0.0,0.0,0.0,640.0,640.0,641.3,0.0,1.3038848447411517,0.6654282985483226,-1.47791565841203,0.658263989028189,-2.136179647440219,26314.25
264982,TOTAL,2025-10-14,640.0,640.0,5646,2026-04-08T04:32:17.792097+00:00,0.0,0.0,0.0,0.0,640.0,640.0,640.0,0.0,1.3038848447411517,0.6654282985483226,-1.3698851480580743,0.613035599505716,-1.9829207475637902,26360.7
265101,TOTAL,2025-10-15,640.0,640.0,3316,2026-04-08T04:32:20.093513+00:00,0.0,0.0,0.0,0.0,640.0,640.0,640.0,0.0,0.0,0.6654282985483226,-1.2696346325607237,0.5706288920024534,-1.840263524563177,26287.2
265220,TOTAL,2025-10-16,640.0,640.0,5953,2026-04-08T04:32:22.728593+00:00,0.0,0.0,0.0,0.0,640.0,640.0,640.0,0.0,0.0,0.6654282985483226,-1.1766220106460423,0.5309132111337078,-1.7075352217797501,23354.85
265339,TOTAL,2025-10-17,640.0,640.0,22911,2026-04-08T04:32:25.167177+00:00,0.0,0.0,0.0,0.0,640.0,640.0,640.0,0.0,0.0,0.6654282985483226,-1.0903400759762008,0.49375611664283947,-1.5840961926190402,23760.5
265458,TOTAL,2025-10-20,640.0,640.0,4167,2026-04-08T04:32:29.532096+00:00,0.0,0.0,0.0,0.0,640.0,640.0,640.0,0.0,0.0,0.6654282985483225,-1.0103147416796219,0.45902516075153477,-1.4693399024311566,23550.35
265577,TOTAL,2025-10-21,640.0,640.0,5678,2026-04-08T04:32:31.920152+00:00,0.0,0.0,0.0,0.0,640.0,640.0,640.0,0.0,0.0,0.6654282985483225,-0.9361032718838942,0.4265893044378102,-1.3626925763217044,23510.25
265696,TOTAL,2025-10-22,640.0,640.0,1449,2026-04-08T04:32:34.332447+00:00,0.0,0.0,0.0,0.0,640.0,640.0,640.0,0.0,0.0,0.6654282985483226,-0.8672925388885915,0.3963200299464904,-1.2636125688350819,12280.9
265815,TOTAL,2025-10-23,640.0,640.0,3673,2026-04-08T04:32:36.79914+00:00,0.0,0.0,0.0,0.0,640.0,640.0,640.0,0.0,0.0,0.6654282985483227,-0.8034973202867377,0.3680921988386754,-1.171589519125413,12212.8
265934,TOTAL,2025-10-24,640.0,640.0,8534,2026-04-08T04:32:39.249323+00:00,0.0,0.0,0.0,0.0,640.0,640.0,640.0,0.0,0.0,0.6654282985483229,-0.7443586467919658,0.3417846978667578,-1.0861433446587236,12547.3
266053,TOTAL,2025-10-28,640.0,640.0,6451,2026-04-08T04:32:44.921336+00:00,0.0,0.0,0.0,0.0,640.0,640.0,640.0,0.0,0.0,0.6654282985483226,-0.6895422086204235,0.3172809088306403,-1.0068231174510638,12647.6
266172,TOTAL,2025-10-29,640.0,640.0,4389,2026-04-08T04:32:47.450266+00:00,0.0,0.0,0.0,0.0,640.0,640.0,640.0,0.0,0.0,0.6654282985483226,-0.6387368259091772,0.29446903323350937,-0.9332058591426866,10292.2
266291,TOTAL,2025-10-30,640.0,640.0,8237,2026-04-08T04:32:49.91761+00:00,0.0,0.0,0.0,0.0,640.0,640.0,640.0,0.0,0.0,0.6654282985483227,-0.5916529867375857,0.27324229792408083,-0.8648952846616665,10508.9
266410,TOTAL,2025-10-31,640.0,640.0,9588,2026-04-08T04:32:52.375955+00:00,0.0,0.0,0.0,0.0,640.0,640.0,640.0,0.0,0.0,0.6654282985483226,-0.5480214547741298,0.2534990639100294,-0.8015205186841592,10738.6
266529,TOTAL,2025-11-03,640.0,640.0,7437,2026-04-08T04:32:57.290654+00:00,0.0,0.0,0.0,0.0,640.0,640.0,640.0,0.0,0.0,0.6654282985483227,-0.507591947340984,0.2351428570745402,-0.7427348044155242,9976.65
266648,TOTAL,2025-11-04,640.0,640.0,3852,2026-04-08T04:32:59.739678+00:00,0.0,0.0,0.0,0.0,640.0,640.0,640.0,0.0,0.0,0.6654282985483227,-0.4701318837128383,0.2180823365621487,-0.688214220274987,9764.25
266767,TOTAL,2025-11-05,640.0,640.0,1966,2026-04-08T04:33:02.152799+00:00,0.0,0.0,0.0,0.0,640.0,640.0,640.0,0.0,0.0,0.6654282985483229,-0.4354252027083021,0.20223121405334799,-0.6376564167616501,9467.65
266886,TOTAL,2025-11-06,640.0,640.0,2128,2026-04-08T04:33:04.646202+00:00,0.0,0.0,0.0,0.0,640.0,640.0,640.0,0.0,0.0,0.6654282985483226,-0.4032712480442342,0.1875081349739327,-0.5907793830181669,8955.9
267005,TOTAL,2025-11-07,640.0,640.0,6609,2026-04-08T04:33:07.145499+00:00,0.0,0.0,0.0,0.0,640.0,640.0,640.0,0.0,0.0,0.6654282985483227,-0.37348371948348813,0.17383653082774309,-0.5473202503112312,8611.8
267124,TOTAL,2025-11-10,640.0,640.0,3601,2026-04-08T04:33:11.744122+00:00,0.0,0.0,0.0,0.0,640.0,640.0,640.0,0.0,0.0,0.6654282985483226,-0.34588968748323623,0.161144450262396,-0.5070341377456322,8700.15
267243,TOTAL,2025-11-11,640.0,640.0,207109,2026-04-08T04:33:14.17228+00:00,0.0,0.0,0.0,0.0,640.0,640.0,640.0,0.0,0.0,0.6654282985483226,-0.32032866882218514,0.14936437513875767,-0.4696930439609428,16134.7
267362,TOTAL,2025-11-12,640.0,640.0,6065,2026-04-08T04:33:16.719178+00:00,0.0,0.0,0.0,0.0,640.0,640.0,640.0,0.0,0.0,0.6654282985483229,-0.29665176053993036,0.13843302673681002,-0.4350847872767404,16155.65
267481,TOTAL,2025-11-13,640.0,640.0,1315,2026-04-08T04:33:19.052814+00:00,0.0,0.0,0.0,0.0,640.0,640.0,640.0,0.0,0.0,0.6654282985483229,-0.27472082942938414,0.12829116627788506,-0.4030119957072692,16055.6
267600,TOTAL,2025-11-14,640.0,640.0,12762,2026-04-08T04:33:21.762061+00:00,0.0,0.0,0.0,0.0,640.0,640.0,640.0,0.0,0.0,0.6654282985483229,-0.2544077542922878,0.11888339313198515,-0.37329114742427294,16396.05
267719,TOTAL,2025-11-17,640.0,640.0,3955,2026-04-08T04:33:26.271116+00:00,0.0,0.0,0.0,0.0,640.0,640.0,640.0,0.0,0.0,0.665428298548323,-0.2355937181673653,0.11015794340552615,-0.34575166157289144,15448.25
267838,TOTAL,2025-11-18,640.0,640.0,3116,2026-04-08T04:33:29.067053+00:00,0.0,0.0,0.0,0.0,640.0,640.0,640.0,0.0,0.0,0.6654282985483229,-0.2181685477770543,0.1020664910366697,-0.320235038813724,15395.7
267957,TOTAL,2025-11-19,640.0,640.0,1629,2026-04-08T04:33:31.487527+00:00,0.0,0.0,0.0,0.0,640.0,640.0,640.0,0.0,0.0,0.665428298548323,-0.2020300974965039,0.09456395305377607,-0.29659405055028,15193.25
268076,TOTAL,2025-11-20,640.0,640.0,13353,2026-04-08T04:33:33.887172+00:00,0.0,0.0,0.0,0.0,640.0,640.0,640.0,0.0,0.0,0.665428298548323,-0.18708367522549452,0.08760830025982835,-0.27469197548532287,15788.45
268195,TOTAL,2025-11-21,640.0,640.0,1160,2026-04-08T04:33:36.654129+00:00,0.0,0.0,0.0,0.0,640.0,640.0,640.0,0.0,0.0,0.6654282985483231,-0.1732415076317011,0.08116037428289746,-0.25440188191459856,15662.8
268314,TOTAL,2025-11-24,640.0,640.0,3574,2026-04-08T04:33:41.368891+00:00,0.0,0.0,0.0,0.0,640.0,640.0,640.0,0.0,0.0,0.665428298548323,-0.16042224233581237,0.07518371166302895,-0.23560595399884132,15414.8
268433,TOTAL,2025-11-25,640.0,640.0,1395,2026-04-08T04:33:44.004166+00:00,0.0,0.0,0.0,0.0,640.0,640.0,640.0,0.0,0.0,0.665428298548323,-0.14855048471281407,0.06964437542882182,-0.2181948601416359,15162.0
268552,TOTAL,2025-11-26,640.0,640.0,7655,2026-04-08T04:33:46.260048+00:00,0.0,0.0,0.0,0.0,640.0,640.0,640.0,0.0,0.0,0.6654282985483229,-0.1375563670911788,0.06451079444036567,-0.20206716153154447,15325.3
268671,TOTAL,2025-11-27,640.0,640.0,2041,2026-04-08T04:33:48.488035+00:00,0.0,0.0,0.0,0.0,640.0,640.0,640.0,0.0,0.0,0.665428298548323,-0.12737514824698337,0.05975361062764889,-0.18712875887463226,15015.5
268790,TOTAL,2025-11-28,640.0,640.0,5538,2026-04-08T04:33:50.826192+00:00,0.0,0.0,0.0,0.0,640.0,640.0,640.0,0.0,0.0,0.6654282985483229,-0.11794684119524845,0.05534553414350707,-0.17329237533875552,14813.0
268909,TOTAL,2025-12-01,640.0,640.0,3780,2026-04-08T04:33:55.236541+00:00,0.0,0.0,0.0,0.0,640.0,640.0,640.0,0.0,0.0,0.665428298548323,-0.10921586739459599,0.05126120635532763,-0.16047707374992362,14630.15
269028,TOTAL,2025-12-02,640.0,640.0,10112,2026-04-08T04:33:57.748335+00:00,0.0,0.0,0.0,0.0,640.0,640.0,640.0,0.0,0.0,0.6654282985483231,-0.10113073558625274,0.047477070530936694,-0.14860780611718943,14943.15
269147,TOTAL,2025-12-03,640.0,640.0,4454,2026-04-08T04:34:00.349419+00:00,0.0,0.0,0.0,0.0,640.0,640.0,640.0,0.0,0.0,0.6654282985483229,-0.09364374359302019,0.043971250019335384,-0.13761499361235557,15067.55
269266,TOTAL,2025-12-04,640.0,640.0,4400,2026-04-08T04:34:03.142475+00:00,0.0,0.0,0.0,0.0,640.0,640.0,640.0,0.0,0.0,0.665428298548323,-0.08671070150603555,0.04072343368505604,-0.1274341351910916,15181.15
269385,TOTAL,2025-12-05,640.0,640.0,10849,2026-04-08T04:34:05.808951+00:00,0.0,0.0,0.0,0.0,640.0,640.0,640.0,0.0,0.0,0.6654282985483229,-0.08029067478253182,0.03771476832684782,-0.11800544310937965,15393.15
269504,TOTAL,2025-12-08,640.0,640.0,4592,2026-04-08T04:34:10.334331+00:00,0.0,0.0,0.0,0.0,640.0,640.0,640.0,0.0,0.0,0.6654282985483229,-0.07434574587057341,0.034927757791045,-0.1092735036616184,15442.7
269623,TOTAL,2025-12-09,640.0,640.0,5076,2026-04-08T04:34:12.926221+00:00,0.0,0.0,0.0,0.0,640.0,640.0,640.0,0.0,0.0,0.665428298548323,-0.06884079306644253,0.032346168476140705,-0.10118696154258323,5341.05
269742,TOTAL,2025-12-10,640.0,640.0,6189,2026-04-08T04:34:15.295879+00:00,0.0,0.0,0.0,0.0,640.0,640.0,640.0,0.0,0.0,0.665428298548323,-0.06374328539288854,0.02995494091975577,-0.09369822631264431,5347.25
269861,TOTAL,2025-12-11,640.0,640.0,14931,2026-04-08T04:34:17.804745+00:00,0.0,0.0,0.0,0.0,640.0,640.0,640.0,0.0,0.0,0.6654282985483231,-0.05902309236773817,0.027740107155924912,-0.08676319952366308,6028.05
269980,TOTAL,2025-12-12,640.0,640.0,261373,2026-04-08T04:34:20.615101+00:00,0.0,0.0,0.0,0.0,640.0,640.0,640.0,0.0,0.0,0.665428298548323,-0.0546523076060339,0.025688713534103347,-0.08034102114013725,18458.6
270099,TOTAL,2025-12-15,640.0,640.0,21652,2026-04-08T04:34:25.240467+00:00,0.0,0.0,0.0,0.0,640.0,640.0,640.0,0.0,0.0,0.6654282985483231,-0.05060508527026286,0.023788748695899517,-0.07439383396616238,19343.45
270218,TOTAL,2025-12-16,640.0,640.0,106345,2026-04-08T04:34:27.867795+00:00,0.0,0.0,0.0,0.0,640.0,640.0,640.0,0.0,0.0,0.665428298548323,-0.046857488451337304,0.022029076411860055,-0.06888656486319736,24504.9
270337,TOTAL,2025-12-18,640.0,640.0,31995,2026-04-08T04:34:31.321522+00:00,0.0,0.0,0.0,0.0,640.0,640.0,640.0,0.0,0.0,0.6654282985483232,-0.04338734862506044,0.020399372990509534,-0.06378672161556997,26023.2
270456,TOTAL,2025-12-19,640.0,640.0,9238,2026-04-08T04:34:33.771022+00:00,0.0,0.0,0.0,0.0,640.0,640.0,640.0,0.0,0.0,0.6654282985483232,-0.04017413538656456,0.01889006898320434,-0.0590642043697689,25817.45
270575,TOTAL,2025-12-22,640.0,640.0,8041,2026-04-08T04:34:38.115277+00:00,0.0,0.0,0.0,0.0,640.0,640.0,640.0,0.0,0.0,0.6654282985483232,-0.03719883572239269,0.017492294917900976,-0.05469113064029366,26161.5
270694,TOTAL,2025-12-23,640.0,640.0,3052,2026-04-08T04:34:40.661369+00:00,0.0,0.0,0.0,0.0,640.0,640.0,640.0,0.0,0.0,0.6654282985483231,-0.034443842131054225,0.016197830807391553,-0.05064167293844578,26135.4
270813,TOTAL,2025-12-24,640.0,640.0,1907,2026-04-08T04:34:43.221402+00:00,0.0,0.0,0.0,0.0,640.0,640.0,640.0,0.0,0.0,0.6654282985483231,-0.03189284895120181,0.014999059189795175,-0.04689190814099699,26161.0
270932,TOTAL,2025-12-29,640.0,640.0,436676,2026-04-08T04:34:48.902152+00:00,0.0,0.0,0.0,0.0,640.0,640.0,640.0,0.0,0.0,0.6654282985483231,-0.02953075630080093,0.013888921472156854,-0.043419677772957785,47612.05
271051,TOTAL,2025-12-30,640.0,640.0,4383,2026-04-08T04:34:51.359097+00:00,0.0,0.0,0.0,0.0,640.0,640.0,640.0,0.0,0.0,0.6654282985483231,-0.02734358107557,0.012860877357910229,-0.04020445843348023,47729.15
271170,TOTAL,2025-12-31,640.0,640.0,3036,2026-04-08T04:34:53.061316+00:00,0.0,0.0,0.0,0.0,640.0,640.0,640.0,0.0,0.0,0.6654282985483232,-0.025318374490893802,0.01190886715406915,-0.03722724164496295,47604.05
271289,TOTAL,2026-01-02,640.0,640.0,12508,2026-04-08T04:34:56.467348+00:00,0.0,0.0,0.0,0.0,640.0,640.0,640.0,0.0,0.0,0.6654282985483231,-0.02344314569108974,0.011027276763098573,-0.03447042245418831,48040.45
271408,TOTAL,2026-01-05,640.0,640.0,8332,2026-04-08T04:35:01.008466+00:00,0.0,0.0,0.0,0.0,640.0,640.0,640.0,0.0,0.0,0.6654282985483232,-0.021706790982534585,0.010210905177322982,-0.03191769615985757,47951.45
271527,TOTAL,2026-01-06,640.0,640.0,12793,2026-04-08T04:35:03.366972+00:00,0.0,0.0,0.0,0.0,640.0,640.0,640.0,0.0,0.0,0.6654282985483232,-0.02009902827944643,0.009454934304328911,-0.02955396258377534,48368.4
271646,TOTAL,2026-01-07,640.0,640.0,12043,2026-04-08T04:35:05.819661+00:00,0.0,0.0,0.0,0.0,640.0,640.0,640.0,0.0,0.0,0.6654282985483233,-0.01861033638056142,0.008754900962571137,-0.027365237343132558,48750.55
271765,TOTAL,2026-01-08,640.0,640.0,24135,2026-04-08T04:35:08.163488+00:00,0.0,0.0,0.0,0.0,640.0,640.0,640.0,0.0,0.0,0.6654282985483233,-0.017231898723252925,0.008106670895903709,-0.025338569619156634,49414.85
271884,TOTAL,2026-01-09,640.0,640.0,4594,2026-04-08T04:35:10.591402+00:00,0.0,0.0,0.0,0.0,640.0,640.0,640.0,0.0,0.0,0.6654282985483233,-0.015955551285514957,0.0075064146669133434,-0.0234619659524283,49414.95
272003,TOTAL,2026-01-12,640.0,640.0,15890,2026-04-08T04:35:15.220756+00:00,0.0,0.0,0.0,0.0,640.0,640.0,640.0,0.0,0.0,0.6654282985483232,-0.014773734332493405,0.006950585295947921,-0.021724319628441326,49955.65
272122,TOTAL,2026-01-13,640.0,640.0,9799,2026-04-08T04:35:17.864544+00:00,0.0,0.0,0.0,0.0,640.0,640.0,640.0,0.0,0.0,0.6654282985483232,-0.013679447724484817,0.0064358975231652085,-0.020115345247650025,50136.15
272241,TOTAL,2026-01-14,640.0,640.0,13287,2026-04-08T04:35:20.278959+00:00,0.0,0.0,0.0,0.0,640.0,640.0,640.0,0.0,0.0,0.6654282985483231,-0.012666209524809346,0.005959308578272544,-0.01862551810308189,50053.95
272360,TOTAL,2026-01-15,640.0,640.0,11747,2026-04-08T04:35:23.159853+00:00,0.0,0.0,0.0,0.0,640.0,640.0,640.0,0.0,0.0,0.6654282985483231,-0.011728017664268009,0.005518000351051107,-0.017246018015319116,37572.65
272479,TOTAL,2026-01-16,640.0,640.0,5707,2026-04-08T04:35:25.571119+00:00,0.0,0.0,0.0,0.0,640.0,640.0,640.0,0.0,0.0,0.6654282985483231,-0.010859314438448564,0.005109362861496443,-0.015968677299945007,36775.4
272598,TOTAL,2026-01-19,640.0,640.0,9280,2026-04-08T04:35:30.272746+00:00,0.0,0.0,0.0,0.0,640.0,640.0,640.0,0.0,0.0,0.6654282985483232,-0.010054953626763563,0.004730978938545155,-0.014785932565308718,31922.15
272717,TOTAL,2026-01-20,640.0,640.0,3751,2026-04-08T04:35:32.536083+00:00,0.0,0.0,0.0,0.0,640.0,640.0,640.0,0.0,0.0,0.6654282985483232,-0.009310170043590915,0.004380610017374243,-0.013690780060965158,30509.95
272837,TOTAL,2026-01-21,640.0,640.0,456209,2026-04-08T04:35:34.90344+00:00,0.0,0.0,0.0,0.0,640.0,640.0,640.0,0.0,0.0,0.6654282985483232,-0.008620551338367477,0.004056182978078145,-0.012676734316445622,52858.5
272957,TOTAL,2026-01-22,640.0,640.0,4540,2026-04-08T04:35:36.566163+00:00,0.0,0.0,0.0,0.0,640.0,640.0,640.0,0.0,0.0,0.6654282985483233,-0.007982011881608742,0.003755777947869505,-0.011737789829478247,52683.45
273077,TOTAL,2026-01-23,640.0,640.0,2738,2026-04-08T04:35:38.92405+00:00,0.0,0.0,0.0,0.0,640.0,640.0,640.0,0.0,0.0,0.6654282985483232,-0.007390768582126839,0.0034776169978811278,-0.010868385580007967,52667.75
273197,TOTAL,2026-01-26,640.0,640.0,6438,2026-04-08T04:35:43.383975+00:00,0.0,0.0,0.0,0.0,640.0,640.0,640.0,0.0,0.0,0.6654282985483232,-0.006843318491860373,0.0032200536705180756,-0.010063372162378448,52894.3
273317,TOTAL,2026-01-27,640.0,640.0,6105,2026-04-08T04:35:45.70946+00:00,0.0,0.0,0.0,0.0,640.0,640.0,640.0,0.0,0.0,0.6654282985483233,-0.006336418067917293,0.002981563275568925,-0.009317981343486218,31365.75
273437,TOTAL,2026-01-28,640.0,640.0,3812,2026-04-08T04:35:48.193808+00:00,0.0,0.0,0.0,0.0,640.0,640.0,640.0,0.0,0.0,0.6654282985483232,-0.005867063968707953,0.002760733899822612,-0.008627797868530565,31337.2
273557,TOTAL,2026-01-29,640.0,640.0,3454,2026-04-08T04:35:50.479528+00:00,0.0,0.0,0.0,0.0,640.0,640.0,640.0,0.0,0.0,0.665428298548323,-0.0054324752702541446,0.002556258078621136,-0.00798873334887528,31358.1
273677,TOTAL,2026-01-30,640.0,640.0,4505,2026-04-08T04:35:52.855058+00:00,0.0,0.0,0.0,0.0,640.0,640.0,640.0,0.0,0.0,0.6654282985483231,-0.005030076999105404,0.002366925079815902,-0.007397002078921306,30957.95
273797,TOTAL,2026-02-02,640.0,640.0,6528,2026-04-08T04:35:57.524813+00:00,0.0,0.0,0.0,0.0,640.0,640.0,640.0,0.0,0.0,0.6654282985483231,-0.004657484883523466,0.002191613756318272,-0.006849098639841738,30867.75
273917,TOTAL,2026-02-03,640.0,640.0,8634,2026-04-08T04:36:00.137559+00:00,0.0,0.0,0.0,0.0,640.0,640.0,640.0,0.0,0.0,0.6654282985483231,-0.004312491233122273,0.0020292859253755726,-0.006341777158497846,30659.8
274037,TOTAL,2026-02-04,640.0,640.0,2713,2026-04-08T04:36:02.592569+00:00,0.0,0.0,0.0,0.0,640.0,640.0,640.0,0.0,0.0,0.6654282985483231,-0.00399305186329002,0.0018789802361662607,-0.005872032099456281,30193.3
274157,TOTAL,2026-02-05,640.0,640.0,5245,2026-04-08T04:36:04.997535+00:00,0.0,0.0,0.0,0.0,640.0,640.0,640.0,0.0,0.0,0.6654282985483232,-0.00369727398822306,0.0017398064889865778,-0.005437080477209638,29248.8
274277,TOTAL,2026-02-06,640.0,640.0,3375,2026-04-08T04:36:07.533957+00:00,0.0,0.0,0.0,0.0,640.0,640.0,640.0,0.0,0.0,0.6654282985483231,-0.003423405009243652,0.0016109403743727888,-0.005034345383616441,29187.85
274397,TOTAL,2026-02-09,640.0,640.0,12609,2026-04-08T04:36:12.456447+00:00,0.0,0.0,0.0,0.0,640.0,640.0,640.0,0.0,0.0,0.6654282985483232,-0.0029350227628128778,0.0013811343766948004,-0.004316157139507678,28702.6
274517,TOTAL,2026-02-10,640.0,640.0,7834,2026-04-08T04:36:14.818506+00:00,0.0,0.0,0.0,0.0,640.0,640.0,640.0,0.0,0.0,0.6654282985483231,-0.0027176155888355424,0.0012788332405377087,-0.003996448829373251,28429.95
274637,TOTAL,2026-02-11,640.0,640.0,2478,2026-04-08T04:36:17.460702+00:00,0.0,0.0,0.0,0.0,640.0,640.0,640.0,0.0,0.0,0.6654282985483232,-0.0025163123546008137,0.00118410917981795,-0.0037004215344187638,27966.5
192,TOTAL,2026-02-12,640.0,640.0,9758,2026-02-12T09:23:48.26875+00:00,0.0,0.0,0.0,0.0,640.0,640.0,640.0,0.0,0.0,0.6654282985483231,-0.002329920221086468,0.0010964010506658369,-0.0034263212717523047,28169.05
274877,TOTAL,2026-02-13,640.0,640.0,4696,2026-04-08T04:36:22.38356+00:00,0.0,0.0,0.0,0.0,640.0,640.0,640.0,0.0,0.0,0.665428298548323,-0.0021573347009962163,0.0010151892566048707,-0.003172523957601087,27939.85
274997,TOTAL,2026-02-16,640.0,640.0,11598,2026-04-08T04:36:26.879081+00:00,0.0,0.0,0.0,0.0,640.0,640.0,640.0,0.0,0.0,0.665428298548323,-0.0019975331144905795,0.0009399926744884063,-0.0029375257889789857,28332.2
275117,TOTAL,2026-02-17,640.0,640.0,8162,2026-04-08T04:36:29.440312+00:00,0.0,0.0,0.0,0.0,640.0,640.0,640.0,0.0,0.0,0.665428298548323,-0.0018495685311563648,0.0008703658062580969,-0.0027199343374144616,5929.85
275237,TOTAL,2026-02-18,640.0,640.0,6217,2026-04-08T04:36:31.166521+00:00,0.0,0.0,0.0,0.0,640.0,640.0,640.0,0.0,0.0,0.6654282985483231,-0.0017125641593338514,0.0008058961424644885,-0.00251846030179834,6013.7
275357,TOTAL,2026-02-19,640.0,640.0,9337,2026-04-08T04:36:33.575564+00:00,0.0,0.0,0.0,0.0,640.0,640.0,640.0,0.0,0.0,0.6654282985483231,-0.0015857081509693671,0.0007462017206631786,-0.0023319098716325457,6343.65
617,TOTAL,2026-02-20,640.0,640.0,27134,2026-02-20T23:15:44.934622+00:00,0.0,0.0,0.0,0.0,640.0,640.0,640.0,0.0,0.0,0.665428298548323,-0.001468248792320992,0.000690928863449243,-0.002159177655770235,7378.45
765,TOTAL,2026-02-23,640.0,640.0,4626,2026-02-23T07:00:01.990412+00:00,0.0,0.0,0.0,0.0,640.0,640.0,640.0,0.0,0.0,0.665428298548323,-0.001359490049253509,0.0006397500852133808,-0.0019992401344668897,7304.5
913,TOTAL,2026-02-24,640.0,640.0,5102,2026-02-24T07:00:01.929914+00:00,0.0,0.0,0.0,0.0,640.0,640.0,640.0,0.0,0.0,0.6654282985483229,-0.0012587874437031132,0.0005923621526110212,-0.0018511495963141344,7369.0
1061,TOTAL,2026-02-25,640.0,640.0,34984,2026-02-25T07:00:01.953057+00:00,0.0,0.0,0.0,0.0,640.0,640.0,640.0,0.0,0.0,0.6654282985483229,-0.001165544234936533,0.0005484842891020812,-0.0017140285240386142,8945.5
1209,TOTAL,2026-02-26,640.0,640.0,7256,2026-02-26T07:00:01.915173+00:00,0.0,0.0,0.0,0.0,640.0,640.0,640.0,0.0,0.0,0.665428298548323,-0.001079207883435629,0.0005078565124823884,-0.0015870643959180173,9083.05
1897,TOTAL,2026-02-27,640.0,640.0,17106,2026-02-27T07:00:02.056517+00:00,0.0,0.0,0.0,0.0,640.0,640.0,640.0,0.0,0.0,0.665428298548323,-0.0009992667776259623,0.00047023809463364423,-0.0014695048722596065,9611.95
2778,TOTAL,2026-02-28,640.0,640.0,17106,2026-02-28T18:00:03.453641+00:00,0.0,0.0,0.0,0.0,640.0,640.0,640.0,0.0,0.0,0.6654282985483227,-0.000925247201394086,0.00043540613669241644,-0.0013606533380865024,10035.55
2926,TOTAL,2026-03-01,640.0,640.0,17106,2026-03-01T18:00:03.821122+00:00,0.0,0.0,0.0,0.0,640.0,640.0,640.0,0.0,0.0,0.6654282985483229,-0.0008567105282963894,0.00040315424783209054,-0.00125986477612848,10755.2
3074,TOTAL,2026-03-02,640.0,640.0,24778,2026-03-02T07:00:01.981706+00:00,0.0,0.0,0.0,0.0,640.0,640.0,640.0,0.0,0.0,0.6654282985483229,-0.0007932506217684931,0.0003732913234879894,-0.0011665419452564826,11731.85
4038,TOTAL,2026-03-03,640.0,640.0,20093,2026-03-03T07:00:01.858909+00:00,0.0,0.0,0.0,0.0,640.0,640.0,640.0,0.0,0.0,0.6654282985483226,-0.0007344914286022686,0.0003456404133233711,-0.0010801318419256397,12567.75
5475,TOTAL,2026-03-04,640.0,640.0,21481,2026-03-04T07:00:02.010027+00:00,0.0,0.0,0.0,0.0,640.0,640.0,640.0,0.0,0.0,0.6654282985483226,-0.0006800847510248786,0.00032003767272060883,-0.0010001224237454875,13473.05
7193,TOTAL,2026-03-05,640.0,640.0,9477,2026-03-05T07:00:02.0033+00:00,0.0,0.0,0.0,0.0,640.0,640.0,640.0,0.0,0.0,0.6654282985483226,-0.0006297081830552997,0.00029633139255215023,-0.00092603957560745,13316.45
9709,TOTAL,2026-03-06,640.0,640.0,34374,2026-03-06T07:00:02.033178+00:00,0.0,0.0,0.0,0.0,640.0,640.0,640.0,0.0,0.0,0.6654282985483226,-0.0005830632004517611,0.0002743811001245512,-0.0008574443005763123,14643.45
11367,TOTAL,2026-03-07,640.0,640.0,34374,2026-03-07T18:00:06.285951+00:00,0.0,0.0,0.0,0.0,640.0,640.0,640.0,0.0,0.0,0.6654282985483227,-0.0005398733911761155,0.0002540567275201574,-0.000793930118696273,16238.25
11515,TOTAL,2026-03-08,640.0,640.0,34374,2026-03-08T18:00:03.574352+00:00,0.0,0.0,0.0,0.0,640.0,640.0,640.0,0.0,0.0,0.6654282985483225,-0.0004998828181896897,0.00023523784040526666,-0.0007351206585949564,17469.05
11663,TOTAL,2026-03-09,640.0,640.0,72365,2026-03-09T07:00:02.016534+00:00,0.0,0.0,0.0,0.0,640.0,640.0,640.0,0.0,0.0,0.6654282985483225,-0.00046285450241612125,0.00021781292494306816,-0.0006806674273591894,20852.5
14179,TOTAL,2026-03-10,640.0,640.0,19577,2026-03-10T07:00:03.966079+00:00,0.0,0.0,0.0,0.0,640.0,640.0,640.0,0.0,0.0,0.6654282985483226,-0.0004285690185952262,0.00020167872701117061,-0.0006302477456063968,21251.45
16019,TOTAL,2026-03-11,640.0,640.0,20057,2026-03-11T07:00:02.147117+00:00,0.0,0.0,0.0,0.0,640.0,640.0,640.0,0.0,0.0,0.6654282985483227,-0.0003968231948192624,0.0001867396406297076,-0.00058356283544897,21846.2
17735,TOTAL,2026-03-12,640.0,640.0,11412,2026-03-12T07:00:02.06753+00:00,0.0,0.0,0.0,0.0,640.0,640.0,640.0,0.0,0.0,0.6654282985483226,-0.0003674289090440652,0.00017290714112392388,-0.0005403360501679891,22105.95
20251,TOTAL,2026-03-13,640.0,640.0,9267,2026-03-13T07:00:01.993197+00:00,0.0,0.0,0.0,0.0,640.0,640.0,640.0,0.0,0.0,0.6654282985483226,-0.00034021197393485636,0.0001600992609865062,-0.0005003112349213626,22102.45
23697,TOTAL,2026-03-16,640.0,640.0,20484,2026-03-16T08:30:01.80086+00:00,0.0,0.0,0.0,0.0,640.0,640.0,640.0,0.0,0.0,0.6654282985483226,-0.0003150111048171311,0.00014824010408338514,-0.00046325120890051627,21769.95
25528,TOTAL,2026-03-17,640.0,640.0,9840,2026-03-17T08:30:01.70448+00:00,0.0,0.0,0.0,0.0,640.0,640.0,640.0,0.0,0.0,0.6654282985483226,-0.00029167696402510046,0.00013725939590033268,-0.00042893635992543314,22030.65
27391,TOTAL,2026-03-18,640.0,640.0,3530,2026-03-18T08:30:01.732403+00:00,0.0,0.0,0.0,0.0,640.0,640.0,640.0,0.0,0.0,0.6654282985483225,-0.00027007127573597245,0.00012709206735156859,-0.00039716334308754104,21952.05
33205,TOTAL,2026-03-23,640.0,640.0,112367,2026-03-23T08:30:01.705825+00:00,0.0,0.0,0.0,0.0,640.0,640.0,640.0,0.0,0.0,0.6654282985483225,-0.0002500660069699734,0.00011767786889405415,-0.00036774387586402754,25821.2
34783,TOTAL,2026-03-24,640.0,640.0,17713,2026-03-24T15:00:01.978259+00:00,0.0,0.0,0.0,0.0,640.0,640.0,640.0,0.0,0.0,0.6654282985483225,-0.0002315426081622718,0.00010896101416140461,-0.0003405036223236764,26344.05
34931,TOTAL,2026-03-25,640.0,640.0,2934,2026-03-25T15:00:01.528164+00:00,0.0,0.0,0.0,0.0,640.0,640.0,640.0,0.0,0.0,0.6654282985483225,-0.00021439131160150282,0.0001008898485777389,-0.0003152811601792417,25635.45
35079,TOTAL,2026-03-26,640.0,640.0,10512,2026-03-26T15:00:01.955832+00:00,0.0,0.0,0.0,0.0,640.0,640.0,640.0,0.0,0.0,0.6654282985483225,-0.00019851048023156181,9.341654395814391e-05,-0.0002919270241897057,25305.75
35227,TOTAL,2026-03-27,640.0,640.0,5734,2026-03-27T15:00:02.114662+00:00,0.0,0.0,0.0,0.0,640.0,640.0,640.0,0.0,0.0,0.6654282985483224,-0.00018380600579348538,8.649681471697632e-05,-0.0002703028205104617,24737.15
278237,TOTAL,2026-03-30,640.0,640.0,14439,2026-04-08T04:37:47.74327+00:00,0.0,0.0,0.0,0.0,640.0,640.0,640.0,0.0,0.0,0.6654282985483224,-0.00017019075085045188,8.008965572800785e-05,-0.0002502804065784597,24220.2
35375,TOTAL,2026-03-31,640.0,640.0,550791,2026-03-31T15:00:02.085058+00:00,0.0,0.0,0.0,0.0,640.0,640.0,640.0,0.0,0.0,0.6654282985483224,-0.0001575840325358513,7.415709923408676e-05,-0.00023174113176993805,50755.1
278477,TOTAL,2026-04-01,640.0,640.0,16958,2026-04-08T04:37:52.684906+00:00,0.0,0.0,0.0,0.0,640.0,640.0,640.0,0.0,0.0,0.6654282985483223,-0.0001459111446138195,6.866398972489487e-05,-0.00021457513433871436,50528.95
35523,TOTAL,2026-04-02,640.0,640.0,5238,2026-04-02T15:00:01.864809+00:00,0.0,0.0,0.0,0.0,640.0,640.0,640.0,0.0,0.0,0.6654282985483223,-0.00013510291444163158,6.357777591766621e-05,-0.0001986806903592978,50317.0
35967,TOTAL,2026-04-07,640.0,640.0,6057,2026-04-07T15:00:01.949344+00:00,0.0,0.0,0.0,0.0,640.0,640.0,640.0,0.0,0.0,0.6654282985483223,-0.00012509529358339933,5.8868317420718785e-05,-0.0001839636110041181,48901.15
278864,TOTAL,2026-04-08,640.0,640.0,13391,2026-04-08T15:00:01.943007+00:00,0.0,0.0,0.0,0.0,640.0,640.0,640.0,0.0,0.0,0.6654282985483223,-0.00011582897764128575,5.45077066902659e-05,-0.00017033668433155165,47852.0
279011,TOTAL,2026-04-09,640.0,640.0,4450,2026-04-09T15:00:02.085141+00:00,0.0,0.0,0.0,0.0,640.0,640.0,640.0,0.0,0.0,0.6654282985483223,-0.00010724905507686344,5.0470103403750565e-05,-0.000157719158480614,46355.8
279157,TOTAL,2026-04-10,640.0,640.0,3682,2026-04-10T15:00:01.352272+00:00,0.0,0.0,0.0,0.0,640.0,640.0,640.0,0.0,0.0,0.6654282985483223,-9.930468206675869e-05,4.673158113108428e-05,-0.00014603626319784296,42921.65
279303,TOTAL,2026-04-13,640.0,640.0,9660,2026-04-13T15:00:02.021173+00:00,0.0,0.0,0.0,0.0,640.0,640.0,640.0,0.0,0.0,0.6654282985483224,-9.194878089147096e-05,4.326998584509761e-05,-0.00013521876673656857,42425.8
279449,TOTAL,2026-04-14,640.0,640.0,5773,2026-04-14T15:00:02.477878+00:00,0.0,0.0,0.0,0.0,640.0,640.0,640.0,0.0,0.0,0.6654282985483223,-8.513776117524685e-05,4.006480444905739e-05,-0.00012520256562430424,41711.6
279595,TOTAL,2026-04-15,640.0,640.0,6083,2026-04-15T15:00:02.184222+00:00,0.0,0.0,0.0,0.0,640.0,640.0,640.0,0.0,0.0,0.6654282985483222,-7.883126124852424e-05,3.7097043500624e-05,-0.00011592830474914824,41445.15
279741,TOTAL,2026-04-16,640.0,640.0,4386,2026-04-16T15:00:02.07143+00:00,0.0,0.0,0.0,0.0,640.0,640.0,640.0,0.0,0.0,0.6654282985483223,-7.299190929188626e-05,3.43491163658096e-05,-0.00010734102565769586,41201.1
279887,TOTAL,2026-04-17,640.0,640.0,15446,2026-04-17T15:00:02.06245+00:00,0.0,0.0,0.0,0.0,640.0,640.0,640.0,0.0,0.0,0.6654282985483223,-6.758510187410138e-05,3.1804739026875594e-05,-9.938984090097698e-05,40949.2
280033,TOTAL,2026-04-20,640.0,640.0,7349,2026-04-20T15:00:01.862344+00:00,0.0,0.0,0.0,0.0,640.0,640.0,640.0,0.0,0.0,0.6654282985483223,-6.25787985200077e-05,2.944883390477544e-05,-9.202763242478313e-05,40824.65
280179,TOTAL,2026-04-21,640.0,640.0,7026,2026-04-21T15:00:02.189846+00:00,0.0,0.0,0.0,0.0,640.0,640.0,640.0,0.0,0.0,0.6654282985483223,-5.794333242192806e-05,2.726744000228406e-05,-8.521077242421212e-05,40999.45
280325,TOTAL,2026-04-22,640.0,640.0,11898,2026-04-22T15:00:02.200159+00:00,0.0,0.0,0.0,0.0,640.0,640.0,640.0,0.0,0.0,0.6654282985483223,-5.365123411138484e-05,2.524763065026184e-05,-7.889886476164668e-05,35976.0
280471,TOTAL,2026-04-23,640.0,640.0,20005,2026-04-23T15:00:02.125151+00:00,0.0,0.0,0.0,0.0,640.0,640.0,640.0,0.0,0.0,0.6654282985483222,-4.9677068886921916e-05,2.3377436699779816e-05,-7.305450558670173e-05,36090.6
280617,TOTAL,2026-04-24,640.0,640.0,6533,2026-04-24T15:00:02.20649+00:00,0.0,0.0,0.0,0.0,640.0,640.0,640.0,0.0,0.0,0.6654282985483223,-4.599728629273159e-05,2.1645775435176126e-05,-6.764306172790771e-05,36270.55
280763,TOTAL,2026-04-27,640.0,640.0,7777,2026-04-27T15:00:02.034997+00:00,0.0,0.0,0.0,0.0,640.0,640.0,640.0,0.0,0.0,0.6654282985483223,-4.259008017015731e-05,2.0042385246200333e-05,-6.263246541635764e-05,36133.8
280909,TOTAL,2026-04-28,640.0,640.0,11043,2026-04-28T15:00:01.918241+00:00,0.0,0.0,0.0,0.0,640.0,640.0,640.0,0.0,0.0,0.6654282985483222,-3.943525962313288e-05,1.8557764634579807e-05,-5.7993024257712686e-05,36399.25
281055,TOTAL,2026-04-29,640.0,640.0,13278,2026-04-29T15:00:02.672724+00:00,0.0,0.0,0.0,0.0,640.0,640.0,640.0,0.0,0.0,0.6654282985483222,-3.651412941962917e-05,1.7183115870466814e-05,-5.3697245290095985e-05,36341.2
281201,TOTAL,2026-04-30,640.0,640.0,17400,2026-04-30T15:00:02.170664+00:00,0.0,0.0,0.0,0.0,640.0,640.0,640.0,0.0,0.0,0.6654282985483222,-3.380937914698734e-05,1.5910292914486918e-05,-4.971967206147426e-05,9671.65
281493,TOTAL,2026-05-04,640.0,640.0,21216,2026-05-04T15:00:02.156928+00:00,0.0,0.0,0.0,0.0,640.0,640.0,640.0,0.0,0.0,0.6654282985483221,-3.130498078007804e-05,1.4731753025116978e-05,-4.603673380519502e-05,9884.55
281639,TOTAL,2026-05-05,640.0,640.0,703723,2026-05-05T15:00:01.930748+00:00,0.0,0.0,0.0,0.0,640.0,640.0,640.0,0.0,0.0,0.6654282985483221,-2.8986093411731417e-05,1.3640512314770886e-05,-4.26266057265023e-05,44808.8
281785,TOTAL,2026-05-06,640.0,640.0,11051,2026-05-06T15:00:01.919787+00:00,0.0,0.0,0.0,0.0,640.0,640.0,640.0,0.0,0.0,0.6654282985483221,-2.6838975372811547e-05,1.2630104282952607e-05,-3.946907965576415e-05,45058.5
281931,TOTAL,2026-05-07,640.0,640.0,9258,2026-05-07T15:00:01.995523+00:00,0.0,0.0,0.0,0.0,640.0,640.0,640.0,0.0,0.0,0.665428298548322,-2.4850903173501138e-05,1.1694541185810413e-05,-3.654544435931155e-05,44851.85
282077,TOTAL,2026-05-08,640.0,640.0,6454,2026-05-08T15:00:02.118161+00:00,0.0,0.0,0.0,0.0,640.0,640.0,640.0,0.0,0.0,0.665428298548322,-2.3010095560493937e-05,1.0828279039054089e-05,-3.3838374599548026e-05,44952.05
282223,TOTAL,2026-05-11,640.0,640.0,11771,2026-05-11T15:00:02.243132+00:00,0.0,0.0,0.0,0.0,640.0,640.0,640.0,0.0,0.0,0.6654282985483219,-2.130564405433688e-05,1.0026184436168915e-05,-3.1331828490505796e-05,45356.5
282369,TOTAL,2026-05-12,640.0,640.0,359614,2026-05-12T15:00:02.325735+00:00,0.0,0.0,0.0,0.0,640.0,640.0,640.0,0.0,0.0,0.665428298548322,-1.972744826161943e-05,9.283504183109093e-06,-2.9010952444728522e-05,62854.2
282515,TOTAL,2026-05-13,640.0,640.0,14904,2026-05-13T15:00:01.887561+00:00,0.0,0.0,0.0,0.0,640.0,640.0,640.0,0.0,0.0,0.6654282985483221,-1.826615584832325e-05,8.595837277124221e-06,-2.6861993125447472e-05,63310.75
282661,TOTAL,2026-05-14,640.0,640.0,7199,2026-05-14T15:00:01.952989+00:00,0.0,0.0,0.0,0.0,640.0,640.0,640.0,0.0,0.0,0.6654282985483221,-1.691310728801909e-05,7.959108669942707e-06,-2.4872215957961798e-05,63366.55
282807,TOTAL,2026-05-15,640.0,640.0,3108,2026-05-15T15:00:01.871578+00:00,0.0,0.0,0.0,0.0,640.0,640.0,640.0,0.0,0.0,0.665428298548322,-1.566028447541612e-05,7.369545186036544e-06,-2.3029829661452664e-05,63302.65
282953,TOTAL,2026-05-18,640.0,640.0,13395,2026-05-18T15:00:01.868607+00:00,0.0,0.0,0.0,0.0,640.0,640.0,640.0,0.0,0.0,0.6654282985483219,-1.4500263318950601e-05,6.823653074001652e-06,-2.1323916392952253e-05,63200.1
283099,TOTAL,2026-05-19,640.0,640.0,14370,2026-05-19T15:00:01.863653+00:00,0.0,0.0,0.0,0.0,640.0,640.0,640.0,0.0,0.0,0.665428298548322,-1.3426169743979699e-05,6.318197319178042e-06,-1.974436706315774e-05,63551.15
283245,TOTAL,2026-05-20,640.0,640.0,12333,2026-05-20T15:00:01.871845+00:00,0.0,0.0,0.0,0.0,640.0,640.0,640.0,0.0,0.0,0.665428298548322,-1.2431638651833055e-05,5.850182729059751e-06,-1.8281821380892806e-05,63816.5
283391,TOTAL,2026-05-21,640.0,640.0,4388,2026-05-21T15:00:01.939198+00:00,0.0,0.0,0.0,0.0,640.0,640.0,640.0,0.0,0.0,0.665428298548322,-1.151077651684318e-05,5.4168358912396996e-06,-1.692761240808288e-05,63441.0
283537,TOTAL,2026-05-22,640.0,640.0,5270,2026-05-22T15:00:02.031345+00:00,0.0,0.0,0.0,0.0,640.0,640.0,640.0,0.0,0.0,0.6654282985483218,-1.0658126370799437e-05,5.015588829826754e-06,-1.567371520062619e-05,62704.25
283683,TOTAL,2026-05-25,640.0,640.0,6087,2026-05-25T15:00:01.979384+00:00,0.0,0.0,0.0,0.0,640.0,640.0,640.0,0.0,0.0,0.6654282985483218,-9.868635515886126e-06,4.644063747792052e-06,-1.4512699263678178e-05,62681.95
283829,TOTAL,2026-05-26,640.0,640.0,316693,2026-05-26T15:00:01.996051+00:00,0.0,0.0,0.0,0.0,640.0,640.0,640.0,0.0,0.0,0.6654282985483218,-9.13762539767049e-06,4.300059092806152e-06,-1.3437684490476642e-05,78127.75
284267,TOTAL,2026-05-29,640.0,640.0,11665,2026-05-29T15:00:02.455558+00:00,0.0,0.0,0.0,0.0,640.0,640.0,640.0,0.0,0.0,0.6654282985483219,-8.460764206574822e-06,3.981536227121455e-06,-1.2442300433696278e-05,78158.85
284413,TOTAL,2026-06-01,640.0,640.0,5690,2026-06-01T15:00:02.603507+00:00,0.0,0.0,0.0,0.0,640.0,640.0,640.0,0.0,0.0,0.6654282985483218,-7.834040957277466e-06,3.68660758113505e-06,-1.1520648538412516e-05,77779.45
284559,TOTAL,2026-06-02,640.0,640.0,3431,2026-06-02T15:00:02.980523+00:00,0.0,0.0,0.0,0.0,640.0,640.0,640.0,0.0,0.0,0.6654282985483219,-7.253741614476894e-06,3.4135255391484993e-06,-1.0667267153625393e-05,77081.0
284705,TOTAL,2026-06-03,640.0,640.0,6473,2026-06-03T15:00:03.023028+00:00,0.0,0.0,0.0,0.0,640.0,640.0,640.0,0.0,0.0,0.6654282985483219,-6.716427378705703e-06,3.1606718199357525e-06,-9.877099198641455e-06,76343.85
284851,TOTAL,2026-06-04,640.0,640.0,3270,2026-06-04T15:00:03.321931+00:00,0.0,0.0,0.0,0.0,640.0,640.0,640.0,0.0,0.0,0.6654282985483218,-6.218914222699823e-06,2.926547980753305e-06,-9.145462203453128e-06,41321.2
284997,TOTAL,2026-06-05,640.0,640.0,6043,2026-06-05T15:00:03.073061+00:00,0.0,0.0,0.0,0.0,640.0,640.0,640.0,0.0,0.0,0.6654282985483219,-5.75825390569662e-06,2.7097666382052066e-06,-8.468020543901826e-06,41070.8
285143,TOTAL,2026-06-08,640.0,640.0,8657,2026-06-08T15:00:03.135386+00:00,0.0,0.0,0.0,0.0,640.0,640.0,640.0,0.0,0.0,0.6654282985483219,-5.331716579348722e-06,2.509043171642484e-06,-7.840759750991206e-06,41040.75
285289,TOTAL,2026-06-09,640.0,640.0,11482,2026-06-09T15:00:03.53749+00:00,0.0,0.0,0.0,0.0,640.0,640.0,640.0,0.0,0.0,0.6654282985483219,-4.936774530506227e-06,2.323188176387984e-06,-7.259962706894211e-06,41292.15
285435,TOTAL,2026-06-10,640.0,640.0,7409,2026-06-10T15:10:03.084397+00:00,0.0,0.0,0.0,0.0,640.0,640.0,640.0,0.0,0.0,0.6654282985483219,-4.571087515614636e-06,2.1511001530236607e-06,-6.7221876686382964e-06,41074.05
285873,TOTAL,2026-06-11,640.0,640.0,3960,2026-06-11T15:10:02.991492+00:00,0.0,0.0,0.0,0.0,640.0,640.0,640.0,0.0,0.0,0.6654282985483219,-4.232488436173298e-06,1.9917593859719988e-06,-6.224247822145297e-06,23291.35
287625,TOTAL,2026-06-15,640.0,640.0,1733,2026-06-15T15:10:02.896252+00:00,0.0,0.0,0.0,0.0,640.0,640.0,640.0,0.0,0.0,0.6654282985483218,-3.9189707194964285e-06,1.844221682119096e-06,-5.7631924016155244e-06,22632.8
288501,TOTAL,2026-06-16,640.0,640.0,7394,2026-06-16T15:10:02.87997+00:00,0.0,0.0,0.0,0.0,640.0,640.0,640.0,0.0,0.0,0.6654282985483218,-3.628676608968817e-06,1.707612634117366e-06,-5.336289243086183e-06,22642.55
289377,TOTAL,2026-06-17,640.0,640.0,1633,2026-06-17T15:10:02.980097+00:00,0.0,0.0,0.0,0.0,640.0,640.0,640.0,0.0,0.0,0.6654282985483218,-3.359885681675223e-06,1.5811228491287678e-06,-4.941008530803991e-06,22568.8
289815,TOTAL,2026-06-18,640.0,640.0,2833,2026-06-18T15:10:02.932064+00:00,0.0,0.0,0.0,0.0,640.0,640.0,640.0,0.0,0.0,0.6654282985483215,-3.1110051850191667e-06,1.4640026766278596e-06,-4.575007861647026e-06,22040.7
290399,TOTAL,2026-06-19,640.0,640.0,738,2026-06-19T15:10:02.959085+00:00,0.0,0.0,0.0,0.0,640.0,640.0,640.0,0.0,0.0,0.6654282985483215,-2.880560373341723e-06,1.3555579906442427e-06,-4.236118363985966e-06,21359.1
291129,TOTAL,2026-06-22,640.0,640.0,22384,2026-06-22T15:10:03.140564+00:00,0.0,0.0,0.0,0.0,640.0,640.0,640.0,0.0,0.0,0.6654282985483218,-2.667185526661342e-06,1.2551462698596987e-06,-3.922331796521041e-06,21861.65
291713,TOTAL,2026-06-23,640.0,640.0,9172,2026-06-23T15:10:03.017319+00:00,0.0,0.0,0.0,0.0,640.0,640.0,640.0,0.0,0.0,0.6654282985483218,-2.4696162199688843e-06,1.1621724612417254e-06,-3.6317886812106097e-06,22100.85
292297,TOTAL,2026-06-24,640.0,640.0,738,2026-06-24T15:10:03.053149+00:00,0.0,0.0,0.0,0.0,640.0,640.0,640.0,0.0,0.0,0.6654282985483215,-2.2866817062094924e-06,1.076085580000894e-06,-3.3627672862103864e-06,21874.25
292881,TOTAL,2026-06-25,640.0,640.0,9534,2026-06-25T15:10:02.973562+00:00,0.0,0.0,0.0,0.0,640.0,640.0,640.0,0.0,0.0,0.6654282985483216,-2.117297867698653e-06,9.963755348093869e-07,-3.11367340250804e-06,22046.6
293319,TOTAL,2026-06-26,640.0,640.0,3367,2026-06-26T15:10:03.012808+00:00,0.0,0.0,0.0,0.0,640.0,640.0,640.0,0.0,0.0,0.6654282985483216,-1.9604609633461223e-06,9.225699513295342e-07,-2.8830309146756565e-06,6380.3
293757,TOTAL,2026-06-29,640.0,640.0,5088,2026-06-29T15:10:03.028054+00:00,0.0,0.0,0.0,0.0,640.0,640.0,640.0,0.0,0.0,0.6654282985483218,-1.8152416032535257e-06,8.54231449137705e-07,-2.6694730523912306e-06,6051.45
294195,TOTAL,2026-06-30,640.0,640.0,4582,2026-06-30T15:10:03.08168+00:00,0.0,0.0,0.0,0.0,640.0,640.0,640.0,0.0,0.0,0.6654282985483218,-1.6807791780593107e-06,7.909550994655361e-07,-2.4717342775248467e-06,5996.05
294633,TOTAL,2026-07-01,640.0,640.0,3659,2026-07-01T15:10:03.133226+00:00,0.0,0.0,0.0,0.0,640.0,640.0,640.0,0.0,0.0,0.6654282985483218,-1.5562769704047241e-06,7.323658456960981e-07,-2.288642816100822e-06,6007.45
295071,TOTAL,2026-07-02,640.0,640.0,2933,2026-07-02T15:10:03.065554+00:00,0.0,0.0,0.0,0.0,640.0,640.0,640.0,0.0,0.0,0.6654282985483218,-1.4409971527129528e-06,6.781165307102955e-07,-2.1191136834232483e-06,5830.45
295509,TOTAL,2026-07-03,640.0,640.0,1838,2026-07-03T15:10:03.019266+00:00,0.0,0.0,0.0,0.0,640.0,640.0,640.0,0.0,0.0,0.6654282985483216,-1.3342565807761275e-06,6.278856821176968e-07,-1.9621422628938243e-06,5758.85
295947,TOTAL,2026-07-06,640.0,640.0,1818,2026-07-06T15:10:03.100823+00:00,0.0,0.0,0.0,0.0,640.0,640.0,640.0,0.0,0.0,0.6654282985483216,-1.2354227010291652e-06,5.813756494917273e-07,-1.8167983505208925e-06,5547.6
296385,TOTAL,2026-07-07,640.0,640.0,6494,2026-07-07T15:10:03.687653+00:00,0.0,0.0,0.0,0.0,640.0,640.0,640.0,0.0,0.0,0.6654282985483218,-1.1439099125709618e-06,5.383107503599446e-07,-1.6822206629309063e-06,5439.45
296823,TOTAL,2026-07-08,640.0,640.0,5034,2026-07-08T15:10:02.922872+00:00,0.0,0.0,0.0,0.0,640.0,640.0,640.0,0.0,0.0,0.6654282985483216,-1.0591758154987474e-06,4.984358779457273e-07,-1.5576116934444747e-06,5117.05
297262,TOTAL,2026-07-09,640.0,640.0,2000,2026-07-09T15:10:03.041812+00:00,0.0,0.0,0.0,0.0,640.0,640.0,640.0,0.0,0.0,0.6654282985483219,-9.807183687371435e-07,4.6151465976586503e-07,-1.4422330285030085e-06,4846.6
297700,TOTAL,2026-07-10,640.0,640.0,3735,2026-07-10T15:10:03.284445+00:00,0.0,0.0,0.0,0.0,640.0,640.0,640.0,0.0,0.0,0.6654282985483219,-9.080724794330308e-07,4.273284392559823e-07,-1.3354009186890131e-06,4835.35
298138,TOTAL,2026-07-13,640.0,640.0,5309,2026-07-13T15:10:02.995074+00:00,0.0,0.0,0.0,0.0,640.0,640.0,640.0,0.0,0.0,0.665428298548322,-8.408078429056332e-07,3.956744606267042e-07,-1.2364823035323373e-06,5014.15
298576,TOTAL,2026-07-14,640.0,640.0,1815,2026-07-14T15:10:03.094441+00:00,0.0,0.0,0.0,0.0,640.0,640.0,640.0,0.0,0.0,0.665428298548322,-7.785257594150607e-07,3.663652352938213e-07,-1.144890994708882e-06,4735.2
299014,TOTAL,2026-07-15,640.0,640.0,2045,2026-07-15T15:10:03.078609+00:00,0.0,0.0,0.0,0.0,640.0,640.0,640.0,0.0,0.0,0.6654282985483218,-7.208572014860692e-07,3.392270345782502e-07,-1.0600842360643195e-06,4755.8
299452,TOTAL,2026-07-16,640.0,640.0,2106,2026-07-16T15:10:03.113936+00:00,0.0,0.0,0.0,0.0,640.0,640.0,640.0,0.0,0.0,0.6654282985483219,-6.674603127976297e-07,3.1409913861335173e-07,-9.815594514109815e-07,4719.45
299890,TOTAL,2026-07-17,640.0,640.0,4038,2026-07-17T15:10:03.053983+00:00,0.0,0.0,0.0,0.0,640.0,640.0,640.0,0.0,0.0,0.6654282985483216,-6.180188165672007e-07,2.9083250787502464e-07,-9.088513244422253e-07,4884.45
