id,symbol,trade_date,open_price,high_price,low_price,close_price,volume,created_at
81307,AFRINSURE,2018-09-11,0.2,,,0.2,0.0,2026-04-08T03:07:53.572062+00:00
81409,AFRINSURE,2018-09-12,0.2,,,0.2,0.0,2026-04-08T03:07:56.190409+00:00
81511,AFRINSURE,2018-09-13,0.2,,,0.2,0.0,2026-04-08T03:07:58.529226+00:00
81613,AFRINSURE,2018-09-14,0.2,,,0.2,0.0,2026-04-08T03:08:00.944137+00:00
81715,AFRINSURE,2018-09-17,0.2,,,0.2,0.0,2026-04-08T03:08:05.572353+00:00
81817,AFRINSURE,2018-09-18,0.2,,,0.2,0.0,2026-04-08T03:08:07.840784+00:00
81919,AFRINSURE,2018-09-19,0.2,,,0.2,0.0,2026-04-08T03:08:10.07554+00:00
82021,AFRINSURE,2018-09-20,0.2,,,0.2,0.0,2026-04-08T03:08:12.389642+00:00
82123,AFRINSURE,2018-09-21,0.2,,,0.2,0.0,2026-04-08T03:08:14.761127+00:00
82225,AFRINSURE,2018-09-24,0.2,,,0.2,0.0,2026-04-08T03:08:19.182113+00:00
82327,AFRINSURE,2018-09-25,0.2,,,0.2,0.0,2026-04-08T03:08:21.370615+00:00
82429,AFRINSURE,2018-09-26,0.2,,,0.2,0.0,2026-04-08T03:08:24.494451+00:00
82531,AFRINSURE,2018-09-27,0.2,,,0.2,0.0,2026-04-08T03:08:26.812803+00:00
82633,AFRINSURE,2018-09-28,0.2,,,0.2,0.0,2026-04-08T03:08:29.283021+00:00
82735,AFRINSURE,2018-10-02,0.2,,,0.2,0.0,2026-04-08T03:08:34.887787+00:00
82837,AFRINSURE,2018-10-04,0.2,,,0.2,0.0,2026-04-08T03:08:38.279141+00:00
82939,AFRINSURE,2018-10-05,0.2,,,0.2,0.0,2026-04-08T03:08:40.455926+00:00
83041,AFRINSURE,2018-10-08,0.2,,,0.2,0.0,2026-04-08T03:08:45.286665+00:00
83143,AFRINSURE,2018-10-09,0.2,,,0.2,0.0,2026-04-08T03:08:47.584215+00:00
83245,AFRINSURE,2018-10-10,0.2,,,0.2,0.0,2026-04-08T03:08:50.198924+00:00
83347,AFRINSURE,2018-10-11,0.2,,,0.2,0.0,2026-04-08T03:08:52.595743+00:00
83449,AFRINSURE,2018-10-12,0.2,,,0.2,0.0,2026-04-08T03:08:54.923298+00:00
83551,AFRINSURE,2018-10-15,0.2,,,0.2,0.0,2026-04-08T03:08:59.688494+00:00
83653,AFRINSURE,2018-10-16,0.2,,,0.2,0.0,2026-04-08T03:09:01.98694+00:00
83755,AFRINSURE,2018-10-17,0.2,,,0.2,0.0,2026-04-08T03:09:04.302348+00:00
83857,AFRINSURE,2018-10-18,0.2,,,0.2,0.0,2026-04-08T03:09:06.644992+00:00
83959,AFRINSURE,2018-10-19,0.2,,,0.2,0.0,2026-04-08T03:09:09.038287+00:00
84061,AFRINSURE,2018-10-22,0.2,,,0.2,0.0,2026-04-08T03:09:13.967+00:00
84163,AFRINSURE,2018-10-23,0.2,,,0.2,0.0,2026-04-08T03:09:16.194722+00:00
84265,AFRINSURE,2018-10-24,0.2,,,0.2,0.0,2026-04-08T03:09:18.448083+00:00
84367,AFRINSURE,2018-10-25,0.2,,,0.2,0.0,2026-04-08T03:09:20.631413+00:00
84469,AFRINSURE,2018-10-26,0.2,,,0.2,0.0,2026-04-08T03:09:23.109094+00:00
84571,AFRINSURE,2018-10-29,0.2,,,0.2,0.0,2026-04-08T03:09:27.901396+00:00
84673,AFRINSURE,2018-10-30,0.2,,,0.2,0.0,2026-04-08T03:09:30.377337+00:00
84775,AFRINSURE,2018-10-31,0.2,,,0.2,0.0,2026-04-08T03:09:32.658485+00:00
84877,AFRINSURE,2018-11-01,0.2,,,0.2,0.0,2026-04-08T03:09:35.048509+00:00
84979,AFRINSURE,2018-11-02,0.2,,,0.2,0.0,2026-04-08T03:09:37.41202+00:00
85081,AFRINSURE,2018-11-05,0.2,,,0.2,0.0,2026-04-08T03:09:41.998643+00:00
85183,AFRINSURE,2018-11-06,0.2,,,0.2,0.0,2026-04-08T03:09:44.485046+00:00
85285,AFRINSURE,2018-11-08,0.2,,,0.2,0.0,2026-04-08T03:09:47.843283+00:00
85387,AFRINSURE,2018-11-09,0.2,,,0.2,0.0,2026-04-08T03:09:50.169754+00:00
85489,AFRINSURE,2018-11-12,0.2,,,0.2,0.0,2026-04-08T03:09:54.975549+00:00
85591,AFRINSURE,2018-11-13,0.2,,,0.2,0.0,2026-04-08T03:09:57.558923+00:00
85693,AFRINSURE,2018-11-14,0.2,,,0.2,0.0,2026-04-08T03:09:59.910116+00:00
85795,AFRINSURE,2018-11-15,0.2,,,0.2,0.0,2026-04-08T03:10:02.252366+00:00
85897,AFRINSURE,2018-11-16,0.2,,,0.2,0.0,2026-04-08T03:10:04.527169+00:00
85999,AFRINSURE,2018-11-19,0.2,,,0.2,0.0,2026-04-08T03:10:09.122468+00:00
86101,AFRINSURE,2018-11-21,0.2,,,0.2,0.0,2026-04-08T03:10:12.622729+00:00
86203,AFRINSURE,2018-11-22,0.2,,,0.2,0.0,2026-04-08T03:10:14.989948+00:00
86305,AFRINSURE,2018-11-23,0.2,,,0.2,0.0,2026-04-08T03:10:17.221139+00:00
86407,AFRINSURE,2018-11-26,0.2,,,0.2,0.0,2026-04-08T03:10:22.142454+00:00
86509,AFRINSURE,2018-11-27,0.2,,,0.2,0.0,2026-04-08T03:10:24.421595+00:00
86611,AFRINSURE,2018-11-28,0.2,,,0.2,0.0,2026-04-08T03:10:26.708398+00:00
86713,AFRINSURE,2018-11-29,0.2,,,0.2,0.0,2026-04-08T03:10:29.255332+00:00
86815,AFRINSURE,2018-11-30,0.2,,,0.2,0.0,2026-04-08T03:10:32.706086+00:00
86917,AFRINSURE,2018-12-03,0.2,,,0.2,0.0,2026-04-08T03:10:37.185914+00:00
87019,AFRINSURE,2018-12-04,0.2,,,0.2,0.0,2026-04-08T03:10:39.607482+00:00
87121,AFRINSURE,2018-12-05,0.2,,,0.2,0.0,2026-04-08T03:10:42.037497+00:00
87223,AFRINSURE,2018-12-06,0.2,,,0.2,0.0,2026-04-08T03:10:44.312069+00:00
87325,AFRINSURE,2018-12-07,0.2,,,0.2,0.0,2026-04-08T03:10:46.663078+00:00
87427,AFRINSURE,2018-12-10,0.2,,,0.2,0.0,2026-04-08T03:10:51.346822+00:00
87529,AFRINSURE,2018-12-11,0.2,,,0.2,0.0,2026-04-08T03:10:53.613329+00:00
87631,AFRINSURE,2018-12-12,0.2,,,0.2,0.0,2026-04-08T03:10:55.983376+00:00
87733,AFRINSURE,2018-12-13,0.2,,,0.2,0.0,2026-04-08T03:10:58.622726+00:00
87835,AFRINSURE,2018-12-17,0.2,,,0.2,0.0,2026-04-08T03:11:04.071168+00:00
87936,AFRINSURE,2018-12-18,0.2,,,0.2,0.0,2026-04-08T03:11:06.547404+00:00
88037,AFRINSURE,2018-12-19,0.2,,,0.2,0.0,2026-04-08T03:11:08.930184+00:00
88138,AFRINSURE,2018-12-21,0.2,,,0.2,0.0,2026-04-08T03:11:13.038597+00:00
88239,AFRINSURE,2018-12-24,0.2,,,0.2,0.0,2026-04-08T03:11:17.396489+00:00
88341,AFRINSURE,2018-12-31,0.2,,,0.2,0.0,2026-04-08T03:11:26.963749+00:00
88443,AFRINSURE,2019-01-04,0.2,,,0.2,0.0,2026-04-08T03:11:33.101723+00:00
88545,AFRINSURE,2019-01-07,0.2,,,0.2,0.0,2026-04-08T03:11:37.396019+00:00
88647,AFRINSURE,2019-01-08,0.2,,,0.2,0.0,2026-04-08T03:11:39.720871+00:00
88749,AFRINSURE,2019-01-09,0.2,,,0.2,0.0,2026-04-08T03:11:42.122758+00:00
88851,AFRINSURE,2019-01-10,0.2,,,0.2,0.0,2026-04-08T03:11:44.4712+00:00
88953,AFRINSURE,2019-01-11,0.2,,,0.2,0.0,2026-04-08T03:11:46.864498+00:00
89055,AFRINSURE,2019-01-14,0.2,,,0.2,0.0,2026-04-08T03:11:51.386431+00:00
89157,AFRINSURE,2019-01-15,0.2,,,0.2,0.0,2026-04-08T03:11:53.781694+00:00
89259,AFRINSURE,2019-01-16,0.2,,,0.2,500.0,2026-04-08T03:11:56.273278+00:00
89361,AFRINSURE,2019-01-17,0.2,,,0.2,0.0,2026-04-08T03:11:58.633279+00:00
89463,AFRINSURE,2019-01-18,0.2,,,0.2,500.0,2026-04-08T03:12:01.678716+00:00
89565,AFRINSURE,2019-01-21,0.2,,,0.2,100.0,2026-04-08T03:12:06.146982+00:00
89667,AFRINSURE,2019-01-22,0.2,,,0.2,0.0,2026-04-08T03:12:26.450353+00:00
89769,AFRINSURE,2019-01-23,0.2,,,0.2,7200.0,2026-04-08T03:12:28.985884+00:00
89871,AFRINSURE,2019-01-24,0.2,,,0.2,0.0,2026-04-08T03:12:31.471104+00:00
89973,AFRINSURE,2019-01-25,0.2,,,0.2,0.0,2026-04-08T03:12:33.831732+00:00
90075,AFRINSURE,2019-01-28,0.2,,,0.2,0.0,2026-04-08T03:12:38.324+00:00
90177,AFRINSURE,2019-01-29,0.2,,,0.2,0.0,2026-04-08T03:12:40.769031+00:00
90279,AFRINSURE,2019-01-30,0.2,,,0.2,0.0,2026-04-08T03:12:43.207065+00:00
90381,AFRINSURE,2019-01-31,0.2,,,0.2,0.0,2026-04-08T03:12:45.452606+00:00
90483,AFRINSURE,2019-02-01,0.2,,,0.2,0.0,2026-04-08T03:12:47.65569+00:00
90585,AFRINSURE,2019-02-04,0.2,,,0.2,0.0,2026-04-08T03:12:52.008801+00:00
90687,AFRINSURE,2019-02-05,0.2,,,0.2,0.0,2026-04-08T03:12:54.428036+00:00
90789,AFRINSURE,2019-02-06,0.2,,,0.2,0.0,2026-04-08T03:12:56.795589+00:00
90891,AFRINSURE,2019-02-07,0.2,,,0.2,0.0,2026-04-08T03:12:59.333395+00:00
90993,AFRINSURE,2019-02-08,0.2,,,0.2,0.0,2026-04-08T03:13:01.766173+00:00
91095,AFRINSURE,2019-02-11,0.2,,,0.2,0.0,2026-04-08T03:13:07.807824+00:00
91197,AFRINSURE,2019-02-12,0.2,,,0.2,0.0,2026-04-08T03:13:10.389121+00:00
91299,AFRINSURE,2019-02-13,0.2,,,0.2,0.0,2026-04-08T03:13:13.120558+00:00
91401,AFRINSURE,2019-02-14,0.2,,,0.2,0.0,2026-04-08T03:13:15.610167+00:00
91503,AFRINSURE,2019-02-15,0.2,,,0.2,0.0,2026-04-08T03:13:17.960235+00:00
91605,AFRINSURE,2019-02-18,0.2,,,0.2,0.0,2026-04-08T03:13:22.383964+00:00
91707,AFRINSURE,2019-02-19,0.2,,,0.2,0.0,2026-04-08T03:13:24.617569+00:00
91809,AFRINSURE,2019-02-20,0.2,,,0.2,5.0,2026-04-08T03:13:26.870792+00:00
91911,AFRINSURE,2019-02-22,0.2,,,0.2,3000.0,2026-04-08T03:13:30.442816+00:00
92013,AFRINSURE,2019-02-25,0.2,,,0.2,0.0,2026-04-08T03:13:35.015549+00:00
92115,AFRINSURE,2019-02-26,0.2,,,0.2,2.0,2026-04-08T03:13:37.412672+00:00
92217,AFRINSURE,2019-02-27,0.2,,,0.2,0.0,2026-04-08T03:13:39.910522+00:00
92319,AFRINSURE,2019-02-28,0.2,,,0.2,40900.0,2026-04-08T03:13:42.435587+00:00
92421,AFRINSURE,2019-03-01,0.2,,,0.2,2000.0,2026-04-08T03:13:44.810709+00:00
92523,AFRINSURE,2019-03-04,0.2,,,0.2,0.0,2026-04-08T03:13:49.353535+00:00
92625,AFRINSURE,2019-03-05,0.2,,,0.2,0.0,2026-04-08T03:13:51.846242+00:00
92727,AFRINSURE,2019-03-06,0.2,,,0.2,0.0,2026-04-08T03:13:54.267269+00:00
92829,AFRINSURE,2019-03-07,0.2,,,0.2,0.0,2026-04-08T03:13:56.544072+00:00
92931,AFRINSURE,2019-03-08,0.2,,,0.2,0.0,2026-04-08T03:13:58.936546+00:00
93033,AFRINSURE,2019-03-11,0.2,,,0.2,0.0,2026-04-08T03:14:03.582539+00:00
93135,AFRINSURE,2019-03-12,0.2,,,0.2,0.0,2026-04-08T03:14:06.149716+00:00
93237,AFRINSURE,2019-03-13,0.2,,,0.2,0.0,2026-04-08T03:14:08.562819+00:00
93339,AFRINSURE,2019-03-14,0.2,,,0.2,1000.0,2026-04-08T03:14:10.990955+00:00
93441,AFRINSURE,2019-03-15,0.2,,,0.2,0.0,2026-04-08T03:14:13.413527+00:00
93543,AFRINSURE,2019-03-18,0.2,,,0.2,0.0,2026-04-08T03:14:17.594172+00:00
93645,AFRINSURE,2019-03-19,0.2,,,0.2,0.0,2026-04-08T03:14:19.883177+00:00
93747,AFRINSURE,2019-03-20,0.2,,,0.2,0.0,2026-04-08T03:14:22.215184+00:00
93849,AFRINSURE,2019-03-21,0.2,,,0.2,0.0,2026-04-08T03:14:24.469396+00:00
93951,AFRINSURE,2019-03-22,0.2,,,0.2,0.0,2026-04-08T03:14:26.929153+00:00
94053,AFRINSURE,2019-03-25,0.2,,,0.2,0.0,2026-04-08T03:14:31.400562+00:00
94155,AFRINSURE,2019-03-26,0.2,,,0.2,0.0,2026-04-08T03:14:33.80485+00:00
94257,AFRINSURE,2019-03-27,0.2,,,0.2,0.0,2026-04-08T03:14:36.122563+00:00
94359,AFRINSURE,2019-03-28,0.2,,,0.2,5000200.0,2026-04-08T03:14:38.612625+00:00
94461,AFRINSURE,2019-03-29,0.2,,,0.2,1000.0,2026-04-08T03:14:41.061692+00:00
94562,AFRINSURE,2019-04-01,0.2,,,0.2,0.0,2026-04-08T03:14:45.528331+00:00
94663,AFRINSURE,2019-04-02,0.2,,,0.2,0.0,2026-04-08T03:14:47.809526+00:00
94764,AFRINSURE,2019-04-03,0.2,,,0.2,0.0,2026-04-08T03:14:50.124237+00:00
94865,AFRINSURE,2019-04-04,0.2,,,0.2,0.0,2026-04-08T03:14:52.417245+00:00
94966,AFRINSURE,2019-04-05,0.2,,,0.2,1500.0,2026-04-08T03:14:54.739567+00:00
95067,AFRINSURE,2019-04-08,0.2,,,0.2,200000.0,2026-04-08T03:14:59.01768+00:00
95168,AFRINSURE,2019-04-09,0.2,,,0.2,0.0,2026-04-08T03:15:01.233247+00:00
95269,AFRINSURE,2019-04-10,0.2,,,0.2,0.0,2026-04-08T03:15:03.446976+00:00
95370,AFRINSURE,2019-04-11,0.2,,,0.2,0.0,2026-04-08T03:15:05.608759+00:00
95471,AFRINSURE,2019-04-12,0.2,,,0.2,0.0,2026-04-08T03:15:07.869644+00:00
95572,AFRINSURE,2019-04-15,0.2,,,0.2,0.0,2026-04-08T03:15:12.360876+00:00
95673,AFRINSURE,2019-04-16,0.2,,,0.2,15000000.0,2026-04-08T03:15:14.69338+00:00
95774,AFRINSURE,2019-04-17,0.2,,,0.2,0.0,2026-04-08T03:15:16.974822+00:00
95875,AFRINSURE,2019-04-18,0.2,,,0.2,0.0,2026-04-08T03:15:19.360663+00:00
95976,AFRINSURE,2019-04-23,0.2,,,0.2,300000.0,2026-04-08T03:15:26.04373+00:00
96078,AFRINSURE,2019-04-24,0.2,,,0.2,0.0,2026-04-08T03:15:28.31166+00:00
96180,AFRINSURE,2019-04-25,0.2,,,0.2,0.0,2026-04-08T03:15:30.603437+00:00
96282,AFRINSURE,2019-04-26,0.2,,,0.2,321047.0,2026-04-08T03:15:32.816712+00:00
96384,AFRINSURE,2019-04-29,0.2,,,0.2,90567.0,2026-04-08T03:15:37.198623+00:00
96486,AFRINSURE,2019-04-30,0.2,,,0.2,0.0,2026-04-08T03:15:39.499507+00:00
96588,AFRINSURE,2019-05-02,0.2,,,0.2,0.0,2026-04-08T03:15:42.839166+00:00
96690,AFRINSURE,2019-05-03,0.2,,,0.2,0.0,2026-04-08T03:15:45.02286+00:00
96792,AFRINSURE,2019-05-06,0.2,,,0.2,1000.0,2026-04-08T03:15:49.380478+00:00
96894,AFRINSURE,2019-05-07,0.2,,,0.2,0.0,2026-04-08T03:15:51.609622+00:00
96996,AFRINSURE,2019-05-08,0.2,,,0.2,100.0,2026-04-08T03:15:53.912422+00:00
97098,AFRINSURE,2019-05-09,0.2,,,0.2,0.0,2026-04-08T03:15:56.308435+00:00
97200,AFRINSURE,2019-05-10,0.2,,,0.2,0.0,2026-04-08T03:15:58.65517+00:00
97302,AFRINSURE,2019-05-13,0.2,,,0.2,0.0,2026-04-08T03:16:02.955985+00:00
97404,AFRINSURE,2019-05-14,0.2,,,0.2,0.0,2026-04-08T03:16:05.427951+00:00
97506,AFRINSURE,2019-05-15,0.2,,,0.2,0.0,2026-04-08T03:16:07.709974+00:00
97608,AFRINSURE,2019-05-16,0.2,,,0.2,0.0,2026-04-08T03:16:09.947696+00:00
97710,AFRINSURE,2019-05-17,0.2,,,0.2,0.0,2026-04-08T03:16:12.469468+00:00
97813,AFRINSURE,2019-05-20,0.2,,,0.2,0.0,2026-04-08T03:16:16.967061+00:00
97916,AFRINSURE,2019-05-21,0.2,,,0.2,0.0,2026-04-08T03:16:19.368023+00:00
98019,AFRINSURE,2019-05-22,0.2,,,0.2,0.0,2026-04-08T03:16:21.741488+00:00
98122,AFRINSURE,2019-05-23,0.2,,,0.2,0.0,2026-04-08T03:16:24.010501+00:00
98225,AFRINSURE,2019-05-24,0.2,,,0.2,0.0,2026-04-08T03:16:26.41346+00:00
98328,AFRINSURE,2019-05-27,0.2,,,0.2,200.0,2026-04-08T03:16:30.812568+00:00
98431,AFRINSURE,2019-05-28,0.2,,,0.2,0.0,2026-04-08T03:16:33.286405+00:00
98534,AFRINSURE,2019-05-30,0.2,,,0.2,0.0,2026-04-08T03:16:36.695359+00:00
98637,AFRINSURE,2019-05-31,0.2,,,0.2,0.0,2026-04-08T03:16:39.10826+00:00
98740,AFRINSURE,2019-06-03,0.2,,,0.2,0.0,2026-04-08T03:16:43.376201+00:00
98843,AFRINSURE,2019-06-06,0.2,,,0.2,0.0,2026-04-08T03:16:48.034912+00:00
98946,AFRINSURE,2019-06-07,0.2,,,0.2,0.0,2026-04-08T03:16:50.186426+00:00
99049,AFRINSURE,2019-06-10,0.2,,,0.2,0.0,2026-04-08T03:16:54.498349+00:00
99152,AFRINSURE,2019-06-11,0.2,,,0.2,0.0,2026-04-08T03:16:56.702394+00:00
99255,AFRINSURE,2019-06-13,0.2,,,0.2,50000.0,2026-04-08T03:17:00.140907+00:00
99358,AFRINSURE,2019-06-14,0.2,,,0.2,0.0,2026-04-08T03:17:02.289964+00:00
99461,AFRINSURE,2019-06-17,0.2,,,0.2,1000000.0,2026-04-08T03:17:06.378621+00:00
99564,AFRINSURE,2019-06-18,0.2,,,0.2,10.0,2026-04-08T03:17:08.696624+00:00
99667,AFRINSURE,2019-06-19,0.2,,,0.2,10.0,2026-04-08T03:17:10.975867+00:00
99770,AFRINSURE,2019-06-20,0.2,,,0.2,0.0,2026-04-08T03:17:13.205784+00:00
99873,AFRINSURE,2019-06-24,0.2,,,0.2,10500.0,2026-04-08T03:17:18.488118+00:00
99976,AFRINSURE,2019-06-25,0.2,,,0.2,1000.0,2026-04-08T03:17:20.712996+00:00
100079,AFRINSURE,2019-06-26,0.2,,,0.2,0.0,2026-04-08T03:17:23.021521+00:00
100182,AFRINSURE,2019-06-27,0.2,,,0.2,0.0,2026-04-08T03:17:25.288917+00:00
100285,AFRINSURE,2019-06-28,0.2,,,0.2,100.0,2026-04-08T03:17:27.669324+00:00
100388,AFRINSURE,2019-07-01,0.2,,,0.2,1000.0,2026-04-08T03:17:31.993492+00:00
100491,AFRINSURE,2019-07-02,0.2,,,0.2,0.0,2026-04-08T03:17:34.195482+00:00
100594,AFRINSURE,2019-07-03,0.2,,,0.2,0.0,2026-04-08T03:17:36.539656+00:00
100697,AFRINSURE,2019-07-04,0.2,,,0.2,0.0,2026-04-08T03:17:38.806977+00:00
100800,AFRINSURE,2019-07-05,0.2,,,0.2,0.0,2026-04-08T03:17:41.292481+00:00
100903,AFRINSURE,2019-07-08,0.2,,,0.2,10000.0,2026-04-08T03:17:45.861747+00:00
101006,AFRINSURE,2019-07-09,0.2,,,0.2,0.0,2026-04-08T03:17:48.217581+00:00
101110,AFRINSURE,2019-07-10,0.2,,,0.2,0.0,2026-04-08T03:17:50.676625+00:00
101214,AFRINSURE,2019-07-11,0.2,,,0.2,0.0,2026-04-08T03:17:53.082234+00:00
101318,AFRINSURE,2019-07-12,0.2,,,0.2,0.0,2026-04-08T03:17:55.503872+00:00
101422,AFRINSURE,2019-07-15,0.2,,,0.2,5.0,2026-04-08T03:18:00.039317+00:00
101526,AFRINSURE,2019-07-16,0.2,,,0.2,500020.0,2026-04-08T03:18:02.440443+00:00
101630,AFRINSURE,2019-07-17,0.2,,,0.2,0.0,2026-04-08T03:18:04.729662+00:00
101734,AFRINSURE,2019-07-18,0.2,,,0.2,0.0,2026-04-08T03:18:07.178594+00:00
101838,AFRINSURE,2019-07-19,0.2,,,0.2,100.0,2026-04-08T03:18:09.535362+00:00
101942,AFRINSURE,2019-07-22,0.2,,,0.2,0.0,2026-04-08T03:18:14.212024+00:00
102046,AFRINSURE,2019-07-23,0.2,,,0.2,700.0,2026-04-08T03:18:16.654741+00:00
102150,AFRINSURE,2019-07-24,0.2,,,0.2,0.0,2026-04-08T03:18:18.926554+00:00
102254,AFRINSURE,2019-07-25,0.2,,,0.2,0.0,2026-04-08T03:18:21.127331+00:00
102358,AFRINSURE,2019-07-26,0.2,,,0.2,0.0,2026-04-08T03:18:23.508197+00:00
102462,AFRINSURE,2019-07-29,0.2,,,0.2,0.0,2026-04-08T03:18:27.808584+00:00
102566,AFRINSURE,2019-07-30,0.2,,,0.2,10000000.0,2026-04-08T03:18:30.090931+00:00
102670,AFRINSURE,2019-07-31,0.2,,,0.2,10010.0,2026-04-08T03:18:32.379029+00:00
102774,AFRINSURE,2019-08-01,0.2,,,0.2,0.0,2026-04-08T03:18:34.721051+00:00
102878,AFRINSURE,2019-08-02,0.2,,,0.2,0.0,2026-04-08T03:18:37.148519+00:00
102982,AFRINSURE,2019-08-05,0.2,,,0.2,0.0,2026-04-08T03:18:41.327383+00:00
103086,AFRINSURE,2019-08-06,0.2,,,0.2,100.0,2026-04-08T03:18:43.676077+00:00
103190,AFRINSURE,2019-08-07,0.2,,,0.2,0.0,2026-04-08T03:18:45.952647+00:00
103294,AFRINSURE,2019-08-08,0.2,,,0.2,0.0,2026-04-08T03:18:48.284739+00:00
103398,AFRINSURE,2019-08-09,0.2,,,0.2,0.0,2026-04-08T03:18:50.530707+00:00
103502,AFRINSURE,2019-08-14,0.2,,,0.2,0.0,2026-04-08T03:18:57.313874+00:00
103606,AFRINSURE,2019-08-15,0.2,,,0.2,0.0,2026-04-08T03:18:59.647711+00:00
103710,AFRINSURE,2019-08-19,0.2,,,0.2,0.0,2026-04-08T03:19:05.053534+00:00
103814,AFRINSURE,2019-08-20,0.2,,,0.2,150.0,2026-04-08T03:19:07.283568+00:00
103918,AFRINSURE,2019-08-21,0.2,,,0.2,0.0,2026-04-08T03:19:09.493441+00:00
104021,AFRINSURE,2019-08-22,0.2,,,0.2,0.0,2026-04-08T03:19:11.834929+00:00
104124,AFRINSURE,2019-08-23,0.2,,,0.2,0.0,2026-04-08T03:19:14.066623+00:00
104227,AFRINSURE,2019-08-26,0.2,,,0.2,0.0,2026-04-08T03:19:18.291411+00:00
104330,AFRINSURE,2019-08-27,0.2,,,0.2,0.0,2026-04-08T03:19:20.588978+00:00
104433,AFRINSURE,2019-08-28,0.2,,,0.2,0.0,2026-04-08T03:19:22.939533+00:00
104536,AFRINSURE,2019-08-29,0.2,,,0.2,0.0,2026-04-08T03:19:25.308081+00:00
104639,AFRINSURE,2019-08-30,0.2,,,0.2,0.0,2026-04-08T03:19:27.686427+00:00
104742,AFRINSURE,2019-09-02,0.2,,,0.2,950.0,2026-04-08T03:19:32.075785+00:00
104845,AFRINSURE,2019-09-03,0.2,,,0.2,0.0,2026-04-08T03:19:34.366833+00:00
104948,AFRINSURE,2019-09-04,0.2,,,0.2,60.0,2026-04-08T03:19:36.608723+00:00
105051,AFRINSURE,2019-09-05,0.2,,,0.2,10.0,2026-04-08T03:19:38.984327+00:00
105154,AFRINSURE,2019-09-06,0.2,,,0.2,0.0,2026-04-08T03:19:41.363212+00:00
105257,AFRINSURE,2019-09-09,0.2,,,0.2,0.0,2026-04-08T03:19:45.624302+00:00
105360,AFRINSURE,2019-09-10,0.2,,,0.2,0.0,2026-04-08T03:19:47.977958+00:00
105463,AFRINSURE,2019-09-11,0.2,,,0.2,1000.0,2026-04-08T03:19:50.333421+00:00
105566,AFRINSURE,2019-09-12,0.2,,,0.2,0.0,2026-04-08T03:19:52.607202+00:00
105669,AFRINSURE,2019-09-13,0.2,,,0.2,0.0,2026-04-08T03:19:55.083512+00:00
105772,AFRINSURE,2019-09-16,0.2,,,0.2,0.0,2026-04-08T03:19:59.701348+00:00
105875,AFRINSURE,2019-09-17,0.2,,,0.2,500.0,2026-04-08T03:20:02.523968+00:00
105978,AFRINSURE,2019-09-18,0.2,,,0.2,1000.0,2026-04-08T03:20:05.488272+00:00
106081,AFRINSURE,2019-09-19,0.2,,,0.2,0.0,2026-04-08T03:20:08.114889+00:00
106184,AFRINSURE,2019-09-20,0.2,,,0.2,0.0,2026-04-08T03:20:10.721894+00:00
106287,AFRINSURE,2019-09-23,0.2,,,0.2,0.0,2026-04-08T03:20:15.267012+00:00
106390,AFRINSURE,2019-09-24,0.2,,,0.2,0.0,2026-04-08T03:20:17.630341+00:00
106493,AFRINSURE,2019-09-25,0.2,,,0.2,0.0,2026-04-08T03:20:20.165626+00:00
106596,AFRINSURE,2019-09-26,0.2,,,0.2,0.0,2026-04-08T03:20:22.92566+00:00
106699,AFRINSURE,2019-09-27,0.2,,,0.2,100.0,2026-04-08T03:20:25.402499+00:00
106802,AFRINSURE,2019-09-30,0.2,,,0.2,0.0,2026-04-08T03:20:29.867546+00:00
106905,AFRINSURE,2019-10-02,0.2,,,0.2,0.0,2026-04-08T03:20:33.475481+00:00
107008,AFRINSURE,2019-10-03,0.2,,,0.2,0.0,2026-04-08T03:20:35.801047+00:00
107111,AFRINSURE,2019-10-04,0.2,,,0.2,0.0,2026-04-08T03:20:38.138638+00:00
107214,AFRINSURE,2019-10-07,0.2,,,0.2,0.0,2026-04-08T03:20:43.38987+00:00
107317,AFRINSURE,2019-10-08,0.2,,,0.2,0.0,2026-04-08T03:20:50.115577+00:00
107420,AFRINSURE,2019-10-09,0.2,,,0.2,1500.0,2026-04-08T03:20:53.067656+00:00
107523,AFRINSURE,2019-10-10,0.2,,,0.2,16708226.0,2026-04-08T03:20:55.682822+00:00
107626,AFRINSURE,2019-10-11,0.2,,,0.2,0.0,2026-04-08T03:20:58.30073+00:00
107729,AFRINSURE,2019-10-14,0.2,,,0.2,0.0,2026-04-08T03:21:03.536141+00:00
107832,AFRINSURE,2019-10-15,0.2,,,0.2,0.0,2026-04-08T03:21:06.159586+00:00
107935,AFRINSURE,2019-10-16,0.2,,,0.2,0.0,2026-04-08T03:21:08.538525+00:00
108038,AFRINSURE,2019-10-17,0.2,,,0.2,0.0,2026-04-08T03:21:11.125073+00:00
108141,AFRINSURE,2019-10-18,0.2,,,0.2,0.0,2026-04-08T03:21:14.04892+00:00
108244,AFRINSURE,2019-10-21,0.2,,,0.2,0.0,2026-04-08T03:21:18.357079+00:00
108347,AFRINSURE,2019-10-22,0.2,,,0.2,0.0,2026-04-08T03:21:20.5704+00:00
108450,AFRINSURE,2019-10-23,0.2,,,0.2,100.0,2026-04-08T03:21:22.84444+00:00
108553,AFRINSURE,2019-10-24,0.2,,,0.2,0.0,2026-04-08T03:21:25.228823+00:00
108656,AFRINSURE,2019-10-25,0.2,,,0.2,0.0,2026-04-08T03:21:27.539286+00:00
108759,AFRINSURE,2019-10-28,0.2,,,0.2,0.0,2026-04-08T03:21:32.161692+00:00
108862,AFRINSURE,2019-10-29,0.2,,,0.2,50.0,2026-04-08T03:21:34.477485+00:00
108965,AFRINSURE,2019-10-30,0.2,,,0.2,100.0,2026-04-08T03:21:36.754268+00:00
109068,AFRINSURE,2019-10-31,0.2,,,0.2,0.0,2026-04-08T03:21:39.10919+00:00
109171,AFRINSURE,2019-11-01,0.2,,,0.2,0.0,2026-04-08T03:21:41.456138+00:00
109274,AFRINSURE,2019-11-04,0.2,,,0.2,0.0,2026-04-08T03:21:45.945243+00:00
109377,AFRINSURE,2019-11-05,0.2,,,0.2,0.0,2026-04-08T03:21:48.37169+00:00
109480,AFRINSURE,2019-11-06,0.2,,,0.2,200.0,2026-04-08T03:21:50.755948+00:00
109583,AFRINSURE,2019-11-07,0.2,,,0.2,0.0,2026-04-08T03:21:53.200031+00:00
109686,AFRINSURE,2019-11-08,0.2,,,0.2,0.0,2026-04-08T03:21:55.63316+00:00
109789,AFRINSURE,2019-11-12,0.2,,,0.2,0.0,2026-04-08T03:22:01.520244+00:00
109892,AFRINSURE,2019-11-13,0.2,,,0.2,0.0,2026-04-08T03:22:04.169594+00:00
109995,AFRINSURE,2019-11-14,0.2,,,0.2,0.0,2026-04-08T03:22:06.510438+00:00
110098,AFRINSURE,2019-11-15,0.2,,,0.2,0.0,2026-04-08T03:22:08.972682+00:00
110200,AFRINSURE,2019-11-18,0.2,,,0.2,0.0,2026-04-08T03:22:13.551393+00:00
110302,AFRINSURE,2019-11-19,0.2,,,0.2,0.0,2026-04-08T03:22:15.801005+00:00
110404,AFRINSURE,2019-11-20,0.2,,,0.2,800.0,2026-04-08T03:22:18.11241+00:00
110506,AFRINSURE,2019-11-21,0.2,,,0.2,3000.0,2026-04-08T03:22:20.360812+00:00
110608,AFRINSURE,2019-11-22,0.2,,,0.2,0.0,2026-04-08T03:22:22.766306+00:00
110710,AFRINSURE,2019-11-25,0.2,,,0.2,0.0,2026-04-08T03:22:27.077445+00:00
110812,AFRINSURE,2019-11-26,0.2,,,0.2,0.0,2026-04-08T03:22:29.415971+00:00
110914,AFRINSURE,2019-11-27,0.2,,,0.2,0.0,2026-04-08T03:22:31.797244+00:00
111016,AFRINSURE,2019-11-28,0.2,,,0.2,290.0,2026-04-08T03:22:34.150197+00:00
111118,AFRINSURE,2019-11-29,0.2,,,0.2,0.0,2026-04-08T03:22:36.43862+00:00
111220,AFRINSURE,2019-12-02,0.2,,,0.2,0.0,2026-04-08T03:22:40.672716+00:00
111322,AFRINSURE,2019-12-03,0.2,,,0.2,0.0,2026-04-08T03:22:42.857808+00:00
111424,AFRINSURE,2019-12-04,0.2,,,0.2,2000.0,2026-04-08T03:22:45.132537+00:00
111526,AFRINSURE,2019-12-05,0.2,,,0.2,0.0,2026-04-08T03:22:47.409461+00:00
111628,AFRINSURE,2019-12-06,0.2,,,0.2,100000.0,2026-04-08T03:22:49.720566+00:00
111730,AFRINSURE,2019-12-10,0.2,,,0.2,0.0,2026-04-08T03:22:54.948045+00:00
111832,AFRINSURE,2019-12-11,0.2,,,0.2,0.0,2026-04-08T03:22:57.463594+00:00
111934,AFRINSURE,2019-12-12,0.2,,,0.2,0.0,2026-04-08T03:22:59.677549+00:00
112036,AFRINSURE,2019-12-13,0.2,,,0.2,100.0,2026-04-08T03:23:01.961124+00:00
112138,AFRINSURE,2019-12-16,0.2,,,0.2,0.0,2026-04-08T03:23:06.206185+00:00
112240,AFRINSURE,2019-12-17,0.2,,,0.2,0.0,2026-04-08T03:23:08.526507+00:00
112342,AFRINSURE,2019-12-18,0.2,,,0.2,10000000.0,2026-04-08T03:23:10.699016+00:00
112444,AFRINSURE,2019-12-19,0.2,,,0.2,0.0,2026-04-08T03:23:13.06361+00:00
112546,AFRINSURE,2019-12-20,0.2,,,0.2,0.0,2026-04-08T03:23:15.515212+00:00
112648,AFRINSURE,2019-12-23,0.2,,,0.2,0.0,2026-04-08T03:23:19.645113+00:00
112750,AFRINSURE,2019-12-24,0.2,,,0.2,13650.0,2026-04-08T03:23:22.081747+00:00
112852,AFRINSURE,2019-12-27,0.2,,,0.2,0.0,2026-04-08T03:23:26.48241+00:00
112954,AFRINSURE,2019-12-31,0.2,,,0.2,4998.0,2026-04-08T03:23:31.997666+00:00
113056,AFRINSURE,2020-01-02,0.2,,,0.2,0.0,2026-04-08T03:23:35.253628+00:00
113158,AFRINSURE,2020-01-03,0.2,,,0.2,0.0,2026-04-08T03:23:37.484442+00:00
113260,AFRINSURE,2020-01-06,0.2,,,0.2,0.0,2026-04-08T03:23:41.810791+00:00
113362,AFRINSURE,2020-01-07,0.2,,,0.2,0.0,2026-04-08T03:23:44.238014+00:00
113464,AFRINSURE,2020-01-08,0.2,,,0.2,0.0,2026-04-08T03:23:46.428903+00:00
113566,AFRINSURE,2020-01-09,0.2,,,0.2,0.0,2026-04-08T03:23:48.760691+00:00
113669,AFRINSURE,2020-01-10,0.2,,,0.2,0.0,2026-04-08T03:23:51.312987+00:00
113772,AFRINSURE,2020-01-13,0.2,,,0.2,0.0,2026-04-08T03:23:55.704331+00:00
113875,AFRINSURE,2020-01-14,0.2,,,0.2,1900.0,2026-04-08T03:23:58.044369+00:00
113978,AFRINSURE,2020-01-15,0.2,,,0.2,20.0,2026-04-08T03:24:00.340453+00:00
114081,AFRINSURE,2020-01-16,0.2,,,0.2,20.0,2026-04-08T03:24:02.775573+00:00
114184,AFRINSURE,2020-01-17,0.2,,,0.2,100.0,2026-04-08T03:24:05.107796+00:00
114287,AFRINSURE,2020-01-20,0.2,,,0.2,0.0,2026-04-08T03:24:09.637495+00:00
114390,AFRINSURE,2020-01-21,0.2,,,0.2,0.0,2026-04-08T03:24:12.081094+00:00
114493,AFRINSURE,2020-01-23,0.2,,,0.2,0.0,2026-04-08T03:24:15.397306+00:00
114596,AFRINSURE,2020-01-24,0.2,,,0.2,0.0,2026-04-08T03:24:17.760742+00:00
114699,AFRINSURE,2020-01-27,0.2,,,0.2,0.0,2026-04-08T03:24:22.426106+00:00
114802,AFRINSURE,2020-01-28,0.2,,,0.2,0.0,2026-04-08T03:24:24.728321+00:00
114905,AFRINSURE,2020-01-29,0.2,,,0.2,210.0,2026-04-08T03:24:27.287495+00:00
115008,AFRINSURE,2020-01-30,0.2,,,0.2,0.0,2026-04-08T03:24:29.658352+00:00
115111,AFRINSURE,2020-01-31,0.2,,,0.2,0.0,2026-04-08T03:24:31.961868+00:00
115214,AFRINSURE,2020-02-03,0.2,,,0.2,0.0,2026-04-08T03:24:36.430808+00:00
115317,AFRINSURE,2020-02-04,0.2,,,0.2,0.0,2026-04-08T03:24:38.687124+00:00
115420,AFRINSURE,2020-02-05,0.2,,,0.2,100.0,2026-04-08T03:24:41.03998+00:00
115523,AFRINSURE,2020-02-06,0.2,,,0.2,0.0,2026-04-08T03:24:43.345135+00:00
115626,AFRINSURE,2020-02-07,0.2,,,0.2,0.0,2026-04-08T03:24:45.609576+00:00
115729,AFRINSURE,2020-02-10,0.2,,,0.2,0.0,2026-04-08T03:24:50.182603+00:00
115832,AFRINSURE,2020-02-11,0.2,,,0.2,2.0,2026-04-08T03:24:52.780016+00:00
115935,AFRINSURE,2020-02-12,0.2,,,0.2,5000.0,2026-04-08T03:24:55.120152+00:00
116038,AFRINSURE,2020-02-13,0.2,,,0.2,0.0,2026-04-08T03:24:57.649025+00:00
116141,AFRINSURE,2020-02-14,0.2,,,0.2,0.0,2026-04-08T03:25:00.080254+00:00
116244,AFRINSURE,2020-02-17,0.2,,,0.2,0.0,2026-04-08T03:25:04.377856+00:00
116347,AFRINSURE,2020-02-18,0.2,,,0.2,0.0,2026-04-08T03:25:06.773592+00:00
116450,AFRINSURE,2020-02-19,0.2,,,0.2,0.0,2026-04-08T03:25:09.231504+00:00
116553,AFRINSURE,2020-02-20,0.2,,,0.2,0.0,2026-04-08T03:25:11.501588+00:00
116656,AFRINSURE,2020-02-21,0.2,,,0.2,0.0,2026-04-08T03:25:13.948187+00:00
116759,AFRINSURE,2020-02-24,0.2,,,0.2,0.0,2026-04-08T03:25:18.415367+00:00
116862,AFRINSURE,2020-02-25,0.2,,,0.2,0.0,2026-04-08T03:25:20.711298+00:00
116965,AFRINSURE,2020-02-26,0.2,,,0.2,0.0,2026-04-08T03:25:23.465375+00:00
117068,AFRINSURE,2020-02-27,0.2,,,0.2,0.0,2026-04-08T03:25:26.011368+00:00
117171,AFRINSURE,2020-02-28,0.2,,,0.2,0.0,2026-04-08T03:25:28.472167+00:00
117274,AFRINSURE,2020-03-02,0.2,,,0.2,0.0,2026-04-08T03:25:32.979972+00:00
117377,AFRINSURE,2020-03-03,0.2,,,0.2,0.0,2026-04-08T03:25:35.324079+00:00
117480,AFRINSURE,2020-03-04,0.2,,,0.2,0.0,2026-04-08T03:25:37.587456+00:00
117583,AFRINSURE,2020-03-05,0.2,,,0.2,0.0,2026-04-08T03:25:39.825698+00:00
117686,AFRINSURE,2020-03-09,0.2,,,0.2,0.0,2026-04-08T03:25:45.227559+00:00
117789,AFRINSURE,2020-03-10,0.2,,,0.2,0.0,2026-04-08T03:25:47.644077+00:00
117892,AFRINSURE,2020-03-11,0.2,,,0.2,0.0,2026-04-08T03:25:49.940962+00:00
117995,AFRINSURE,2020-03-12,0.2,,,0.2,0.0,2026-04-08T03:25:52.243289+00:00
118098,AFRINSURE,2020-03-13,0.2,,,0.2,0.0,2026-04-08T03:25:54.520183+00:00
118201,AFRINSURE,2020-03-16,0.2,,,0.2,0.0,2026-04-08T03:25:58.965391+00:00
118304,AFRINSURE,2020-03-17,0.2,,,0.2,0.0,2026-04-08T03:26:01.331984+00:00
118407,AFRINSURE,2020-03-18,0.2,,,0.2,10000.0,2026-04-08T03:26:03.589989+00:00
118510,AFRINSURE,2020-03-19,0.2,,,0.2,0.0,2026-04-08T03:26:05.957067+00:00
118613,AFRINSURE,2020-03-20,0.2,,,0.2,0.0,2026-04-08T03:26:08.377452+00:00
118716,AFRINSURE,2020-03-23,0.2,,,0.2,0.0,2026-04-08T03:26:12.667002+00:00
118819,AFRINSURE,2020-03-24,0.2,,,0.2,5000.0,2026-04-08T03:26:14.960057+00:00
118922,AFRINSURE,2020-03-25,0.2,,,0.2,0.0,2026-04-08T03:26:17.224804+00:00
119025,AFRINSURE,2020-03-26,0.2,,,0.2,0.0,2026-04-08T03:26:19.64473+00:00
119128,AFRINSURE,2020-03-27,0.2,,,0.2,0.0,2026-04-08T03:26:21.968693+00:00
119231,AFRINSURE,2020-03-30,0.2,,,0.2,2500.0,2026-04-08T03:26:26.43282+00:00
119334,AFRINSURE,2020-03-31,0.2,,,0.2,0.0,2026-04-08T03:26:28.926506+00:00
119437,AFRINSURE,2020-04-01,0.2,,,0.2,0.0,2026-04-08T03:26:31.173614+00:00
119540,AFRINSURE,2020-04-02,0.2,,,0.2,0.0,2026-04-08T03:26:33.480235+00:00
119643,AFRINSURE,2020-04-03,0.2,,,0.2,0.0,2026-04-08T03:26:35.777807+00:00
119746,AFRINSURE,2020-04-06,0.2,,,0.2,0.0,2026-04-08T03:26:40.135575+00:00
119849,AFRINSURE,2020-04-07,0.2,,,0.2,0.0,2026-04-08T03:26:42.376644+00:00
119952,AFRINSURE,2020-04-08,0.2,,,0.2,0.0,2026-04-08T03:26:44.690105+00:00
120055,AFRINSURE,2020-04-09,0.2,,,0.2,50000.0,2026-04-08T03:26:47.020639+00:00
120158,AFRINSURE,2020-04-14,0.2,,,0.2,100000.0,2026-04-08T03:26:53.304016+00:00
120261,AFRINSURE,2020-04-15,0.2,,,0.2,100000.0,2026-04-08T03:26:55.643286+00:00
120364,AFRINSURE,2020-04-16,0.2,,,0.2,0.0,2026-04-08T03:26:58.005731+00:00
120467,AFRINSURE,2020-04-17,0.2,,,0.2,0.0,2026-04-08T03:27:00.196144+00:00
120570,AFRINSURE,2020-04-20,0.2,,,0.2,0.0,2026-04-08T03:27:04.902814+00:00
120673,AFRINSURE,2020-04-21,0.2,,,0.2,370.0,2026-04-08T03:27:07.124699+00:00
120776,AFRINSURE,2020-04-22,0.2,,,0.2,0.0,2026-04-08T03:27:09.50407+00:00
120879,AFRINSURE,2020-04-23,0.2,,,0.2,0.0,2026-04-08T03:27:11.732195+00:00
120982,AFRINSURE,2020-04-24,0.2,,,0.2,0.0,2026-04-08T03:27:14.133022+00:00
121085,AFRINSURE,2020-04-27,0.2,,,0.2,0.0,2026-04-08T03:27:18.376911+00:00
121188,AFRINSURE,2020-04-28,0.2,,,0.2,0.0,2026-04-08T03:27:20.70836+00:00
121291,AFRINSURE,2020-04-29,0.2,,,0.2,0.0,2026-04-08T03:27:23.099969+00:00
121394,AFRINSURE,2020-04-30,0.2,,,0.2,5000.0,2026-04-08T03:27:25.479794+00:00
121497,AFRINSURE,2020-05-04,0.2,,,0.2,25000.0,2026-04-08T03:27:30.67652+00:00
121600,AFRINSURE,2020-05-05,0.2,,,0.2,0.0,2026-04-08T03:27:32.997372+00:00
121703,AFRINSURE,2020-05-06,0.2,,,0.2,0.0,2026-04-08T03:27:35.368243+00:00
121806,AFRINSURE,2020-05-07,0.2,,,0.2,0.0,2026-04-08T03:27:37.70358+00:00
121909,AFRINSURE,2020-05-08,0.2,,,0.2,150000.0,2026-04-08T03:27:39.945267+00:00
122012,AFRINSURE,2020-05-11,0.2,,,0.2,4000.0,2026-04-08T03:27:44.543581+00:00
122115,AFRINSURE,2020-05-12,0.2,,,0.2,4000.0,2026-04-08T03:27:46.988848+00:00
122218,AFRINSURE,2020-05-13,0.2,,,0.2,184000.0,2026-04-08T03:27:49.292243+00:00
122321,AFRINSURE,2020-05-14,0.2,,,0.2,0.0,2026-04-08T03:27:51.592074+00:00
122424,AFRINSURE,2020-05-19,0.2,,,0.2,0.0,2026-04-08T03:27:58.031425+00:00
122527,AFRINSURE,2020-05-20,0.2,,,0.2,0.0,2026-04-08T03:28:00.412443+00:00
122630,AFRINSURE,2020-05-21,0.2,,,0.2,0.0,2026-04-08T03:28:02.829603+00:00
122733,AFRINSURE,2020-05-27,0.2,,,0.2,0.0,2026-04-08T03:28:10.17932+00:00
122836,AFRINSURE,2020-05-28,0.2,,,0.2,400000.0,2026-04-08T03:28:12.484321+00:00
122939,AFRINSURE,2020-05-29,0.2,,,0.2,0.0,2026-04-08T03:28:14.796152+00:00
123042,AFRINSURE,2020-06-02,0.2,,,0.2,0.0,2026-04-08T03:28:20.224588+00:00
123145,AFRINSURE,2020-06-03,0.2,,,0.2,0.0,2026-04-08T03:28:22.45251+00:00
123248,AFRINSURE,2020-06-04,0.2,,,0.2,0.0,2026-04-08T03:28:24.742978+00:00
123351,AFRINSURE,2020-06-05,0.2,,,0.2,0.0,2026-04-08T03:28:26.997708+00:00
123454,AFRINSURE,2020-06-08,0.2,,,0.2,0.0,2026-04-08T03:28:31.360755+00:00
123557,AFRINSURE,2020-06-09,0.2,,,0.2,0.0,2026-04-08T03:28:33.545964+00:00
123660,AFRINSURE,2020-06-10,0.2,,,0.2,0.0,2026-04-08T03:28:35.856379+00:00
123763,AFRINSURE,2020-06-11,0.2,,,0.2,0.0,2026-04-08T03:28:38.052531+00:00
123866,AFRINSURE,2020-06-15,0.2,,,0.2,0.0,2026-04-08T03:28:43.437023+00:00
123969,AFRINSURE,2020-06-16,0.2,,,0.2,0.0,2026-04-08T03:28:45.961134+00:00
124072,AFRINSURE,2020-06-17,0.2,,,0.2,0.0,2026-04-08T03:28:48.324213+00:00
124175,AFRINSURE,2020-06-18,0.2,,,0.2,0.0,2026-04-08T03:28:50.696546+00:00
124278,AFRINSURE,2020-06-19,0.2,,,0.2,0.0,2026-04-08T03:28:53.406809+00:00
124381,AFRINSURE,2020-06-22,0.2,,,0.2,0.0,2026-04-08T03:28:57.922359+00:00
124484,AFRINSURE,2020-06-23,0.2,,,0.2,5000.0,2026-04-08T03:29:00.283028+00:00
124587,AFRINSURE,2020-06-24,0.2,,,0.2,0.0,2026-04-08T03:29:02.79982+00:00
124690,AFRINSURE,2020-06-25,0.2,,,0.2,0.0,2026-04-08T03:29:05.076463+00:00
124793,AFRINSURE,2020-06-26,0.2,,,0.2,196001.0,2026-04-08T03:29:07.48598+00:00
124896,AFRINSURE,2020-06-29,0.2,,,0.2,20000.0,2026-04-08T03:29:11.968016+00:00
124999,AFRINSURE,2020-06-30,0.2,,,0.2,0.0,2026-04-08T03:29:14.28255+00:00
125102,AFRINSURE,2020-07-01,0.2,,,0.2,0.0,2026-04-08T03:29:16.703757+00:00
125205,AFRINSURE,2020-07-02,0.2,,,0.2,0.0,2026-04-08T03:29:19.127663+00:00
125308,AFRINSURE,2020-07-03,0.2,,,0.2,0.0,2026-04-08T03:29:21.544735+00:00
125411,AFRINSURE,2020-07-07,0.2,,,0.2,0.0,2026-04-08T03:29:27.331532+00:00
125514,AFRINSURE,2020-07-08,0.2,,,0.2,318.0,2026-04-08T03:29:29.768744+00:00
125617,AFRINSURE,2020-07-09,0.2,,,0.2,0.0,2026-04-08T03:29:32.143692+00:00
125720,AFRINSURE,2020-07-10,0.2,,,0.2,5002727.0,2026-04-08T03:29:34.521297+00:00
125823,AFRINSURE,2020-07-13,0.2,,,0.2,1001.0,2026-04-08T03:29:39.007126+00:00
125926,AFRINSURE,2020-07-14,0.2,,,0.2,0.0,2026-04-08T03:29:41.304989+00:00
126029,AFRINSURE,2020-07-15,0.2,,,0.2,0.0,2026-04-08T03:29:43.708156+00:00
126132,AFRINSURE,2020-07-16,0.2,,,0.2,1000.0,2026-04-08T03:29:45.979708+00:00
126235,AFRINSURE,2020-07-17,0.2,,,0.2,0.0,2026-04-08T03:29:48.357101+00:00
126338,AFRINSURE,2020-07-20,0.2,,,0.2,0.0,2026-04-08T03:29:52.723074+00:00
126441,AFRINSURE,2020-07-21,0.2,,,0.2,0.0,2026-04-08T03:29:55.035926+00:00
126544,AFRINSURE,2020-07-23,0.2,,,0.2,20000.0,2026-04-08T03:29:58.238067+00:00
126647,AFRINSURE,2020-07-24,0.2,,,0.2,0.0,2026-04-08T03:30:00.541513+00:00
126750,AFRINSURE,2020-07-27,0.2,,,0.2,0.0,2026-04-08T03:30:04.748878+00:00
126853,AFRINSURE,2020-07-28,0.2,,,0.2,0.0,2026-04-08T03:30:07.286947+00:00
126956,AFRINSURE,2020-07-29,0.2,,,0.2,0.0,2026-04-08T03:30:09.725653+00:00
127059,AFRINSURE,2020-08-03,0.2,,,0.2,0.0,2026-04-08T03:30:16.711714+00:00
127162,AFRINSURE,2020-08-04,0.2,,,0.2,0.0,2026-04-08T03:30:19.026905+00:00
127265,AFRINSURE,2020-08-05,0.2,,,0.2,150.0,2026-04-08T03:30:21.509999+00:00
127368,AFRINSURE,2020-08-06,0.2,,,0.2,0.0,2026-04-08T03:30:23.823287+00:00
127471,AFRINSURE,2020-08-07,0.2,,,0.2,200000.0,2026-04-08T03:30:26.221973+00:00
127574,AFRINSURE,2020-08-10,0.2,,,0.2,200.0,2026-04-08T03:30:31.080726+00:00
127677,AFRINSURE,2020-08-11,0.2,,,0.2,150.0,2026-04-08T03:30:33.557314+00:00
127780,AFRINSURE,2020-08-12,0.2,,,0.2,1000.0,2026-04-08T03:30:35.989363+00:00
127883,AFRINSURE,2020-08-13,0.2,,,0.2,0.0,2026-04-08T03:30:38.402702+00:00
127986,AFRINSURE,2020-08-14,0.2,,,0.2,909.0,2026-04-08T03:30:40.738296+00:00
128089,AFRINSURE,2020-08-17,0.2,,,0.2,0.0,2026-04-08T03:30:45.179846+00:00
128192,AFRINSURE,2020-08-18,0.2,,,0.2,0.0,2026-04-08T03:30:47.750292+00:00
128295,AFRINSURE,2020-08-19,0.2,,,0.2,0.0,2026-04-08T03:30:50.260611+00:00
128398,AFRINSURE,2020-08-20,0.2,,,0.2,0.0,2026-04-08T03:30:52.728097+00:00
128501,AFRINSURE,2020-08-21,0.2,,,0.2,655959.0,2026-04-08T03:30:55.129893+00:00
128604,AFRINSURE,2020-08-24,0.2,,,0.2,0.0,2026-04-08T03:30:59.50528+00:00
128707,AFRINSURE,2020-08-25,0.2,,,0.2,3227.0,2026-04-08T03:31:01.97181+00:00
128810,AFRINSURE,2020-08-26,0.2,,,0.2,0.0,2026-04-08T03:31:04.340397+00:00
128913,AFRINSURE,2020-08-27,0.2,,,0.2,20140.0,2026-04-08T03:31:06.825032+00:00
129016,AFRINSURE,2020-08-28,0.2,,,0.2,0.0,2026-04-08T03:31:10.050623+00:00
129119,AFRINSURE,2020-08-31,0.2,,,0.2,0.0,2026-04-08T03:31:14.574397+00:00
129222,AFRINSURE,2020-09-01,0.2,,,0.2,0.0,2026-04-08T03:31:16.859057+00:00
129325,AFRINSURE,2020-09-02,0.2,,,0.2,0.0,2026-04-08T03:31:19.223829+00:00
129428,AFRINSURE,2020-09-03,0.2,,,0.2,0.0,2026-04-08T03:31:21.580357+00:00
129531,AFRINSURE,2020-09-04,0.2,,,0.2,0.0,2026-04-08T03:31:24.095323+00:00
129634,AFRINSURE,2020-09-07,0.2,,,0.2,3400.0,2026-04-08T03:31:29.028072+00:00
129737,AFRINSURE,2020-09-08,0.2,,,0.2,0.0,2026-04-08T03:31:31.696694+00:00
129840,AFRINSURE,2020-09-09,0.2,,,0.2,0.0,2026-04-08T03:31:34.222499+00:00
129943,AFRINSURE,2020-09-10,0.2,,,0.2,0.0,2026-04-08T03:31:36.666154+00:00
130046,AFRINSURE,2020-09-11,0.2,,,0.2,8000000.0,2026-04-08T03:31:39.224755+00:00
130149,AFRINSURE,2020-09-14,0.2,,,0.2,0.0,2026-04-08T03:31:43.669625+00:00
130252,AFRINSURE,2020-09-15,0.2,,,0.2,928.0,2026-04-08T03:31:46.096824+00:00
130355,AFRINSURE,2020-09-16,0.2,,,0.2,20000.0,2026-04-08T03:31:48.62473+00:00
130458,AFRINSURE,2020-09-17,0.2,,,0.2,5000.0,2026-04-08T03:31:51.120615+00:00
130561,AFRINSURE,2020-09-18,0.2,,,0.2,1750.0,2026-04-08T03:31:53.500222+00:00
130664,AFRINSURE,2020-09-21,0.2,,,0.2,9670.0,2026-04-08T03:31:57.915353+00:00
130767,AFRINSURE,2020-09-22,0.2,,,0.2,200.0,2026-04-08T03:32:00.361616+00:00
130870,AFRINSURE,2020-09-23,0.2,,,0.2,0.0,2026-04-08T03:32:02.667296+00:00
130973,AFRINSURE,2020-09-24,0.2,,,0.2,0.0,2026-04-08T03:32:05.077899+00:00
131076,AFRINSURE,2020-09-25,0.2,,,0.2,140.0,2026-04-08T03:32:07.472813+00:00
131179,AFRINSURE,2020-09-28,0.2,,,0.2,0.0,2026-04-08T03:32:12.542607+00:00
131282,AFRINSURE,2020-09-29,0.2,,,0.2,4362.0,2026-04-08T03:32:14.948969+00:00
131385,AFRINSURE,2020-09-30,0.2,,,0.2,0.0,2026-04-08T03:32:17.368144+00:00
131488,AFRINSURE,2020-10-02,0.2,,,0.2,400.0,2026-04-08T03:32:21.009688+00:00
131591,AFRINSURE,2020-10-05,0.2,,,0.2,9000.0,2026-04-08T03:32:25.669514+00:00
131694,AFRINSURE,2020-10-06,0.2,,,0.2,109.0,2026-04-08T03:32:28.151061+00:00
131797,AFRINSURE,2020-10-07,0.2,,,0.2,18000.0,2026-04-08T03:32:30.62441+00:00
131900,AFRINSURE,2020-10-08,0.2,,,0.2,0.0,2026-04-08T03:32:32.995223+00:00
132003,AFRINSURE,2020-10-09,0.2,,,0.2,4545.0,2026-04-08T03:32:35.453646+00:00
132106,AFRINSURE,2020-10-12,0.2,,,0.2,0.0,2026-04-08T03:32:39.836845+00:00
132209,AFRINSURE,2020-10-13,0.2,,,0.2,6000.0,2026-04-08T03:32:42.883097+00:00
132312,AFRINSURE,2020-10-14,0.2,,,0.2,0.0,2026-04-08T03:32:45.313484+00:00
132415,AFRINSURE,2020-10-15,0.2,,,0.2,1000.0,2026-04-08T03:32:47.672181+00:00
132518,AFRINSURE,2020-10-16,0.2,,,0.2,4000000.0,2026-04-08T03:32:50.112843+00:00
132621,AFRINSURE,2020-10-19,0.2,,,0.2,50.0,2026-04-08T03:32:54.594352+00:00
132724,AFRINSURE,2020-10-20,0.2,,,0.2,80.0,2026-04-08T03:32:57.288568+00:00
132827,AFRINSURE,2020-10-21,0.2,,,0.2,130.0,2026-04-08T03:32:59.679627+00:00
132930,AFRINSURE,2020-10-22,0.2,,,0.2,130.0,2026-04-08T03:33:02.194874+00:00
133033,AFRINSURE,2020-10-23,0.2,,,0.2,2272.0,2026-04-08T03:33:04.540232+00:00
133136,AFRINSURE,2020-10-26,0.2,,,0.2,5000.0,2026-04-08T03:33:08.964122+00:00
133239,AFRINSURE,2020-10-27,0.2,,,0.2,4545.0,2026-04-08T03:33:12.04516+00:00
133342,AFRINSURE,2020-10-28,0.2,,,0.2,0.0,2026-04-08T03:33:14.504918+00:00
133445,AFRINSURE,2020-10-30,0.2,,,0.2,2972.0,2026-04-08T03:33:18.13889+00:00
133548,AFRINSURE,2020-11-02,0.2,,,0.2,37.0,2026-04-08T03:33:22.589733+00:00
133651,AFRINSURE,2020-11-03,0.2,,,0.2,9.0,2026-04-08T03:33:24.936567+00:00
133754,AFRINSURE,2020-11-04,0.2,,,0.2,0.0,2026-04-08T03:33:27.402012+00:00
133857,AFRINSURE,2020-11-05,0.2,,,0.2,0.0,2026-04-08T03:33:29.791139+00:00
133960,AFRINSURE,2020-11-06,0.2,,,0.2,43910.0,2026-04-08T03:33:32.190465+00:00
134063,AFRINSURE,2020-11-09,0.2,,,0.2,0.0,2026-04-08T03:33:36.944942+00:00
134167,AFRINSURE,2020-11-10,0.2,,,0.2,0.0,2026-04-08T03:33:39.328014+00:00
134271,AFRINSURE,2020-11-11,0.2,,,0.2,60.0,2026-04-08T03:33:41.646704+00:00
134375,AFRINSURE,2020-11-12,0.2,,,0.2,0.0,2026-04-08T03:33:44.075825+00:00
134479,AFRINSURE,2020-11-13,0.2,,,0.2,0.0,2026-04-08T03:33:46.660663+00:00
134583,AFRINSURE,2020-11-16,0.2,,,0.2,0.0,2026-04-08T03:33:51.206328+00:00
134687,AFRINSURE,2020-11-17,0.2,,,0.2,0.0,2026-04-08T03:33:53.594986+00:00
134791,AFRINSURE,2020-11-18,0.2,,,0.2,0.0,2026-04-08T03:33:56.053488+00:00
134895,AFRINSURE,2020-11-19,0.2,,,0.2,0.0,2026-04-08T03:33:58.535588+00:00
134999,AFRINSURE,2020-11-20,0.2,,,0.2,0.0,2026-04-08T03:34:01.033528+00:00
135103,AFRINSURE,2020-11-23,0.2,,,0.2,300.0,2026-04-08T03:34:05.446005+00:00
135207,AFRINSURE,2020-11-24,0.2,,,0.2,300.0,2026-04-08T03:34:07.827748+00:00
135311,AFRINSURE,2020-11-25,0.2,,,0.2,0.0,2026-04-08T03:34:10.273596+00:00
135415,AFRINSURE,2020-11-26,0.2,,,0.2,0.0,2026-04-08T03:34:12.878043+00:00
135519,AFRINSURE,2020-11-27,0.2,,,0.2,0.0,2026-04-08T03:34:15.660625+00:00
135623,AFRINSURE,2020-11-30,0.2,,,0.2,6500.0,2026-04-08T03:34:20.595268+00:00
135727,AFRINSURE,2020-12-01,0.2,,,0.2,0.0,2026-04-08T03:34:22.915781+00:00
135830,AFRINSURE,2020-12-02,0.2,,,0.2,0.0,2026-04-08T03:34:25.200893+00:00
135932,AFRINSURE,2020-12-03,0.2,,,0.2,0.0,2026-04-08T03:34:27.500503+00:00
136034,AFRINSURE,2020-12-04,0.2,,,0.2,0.0,2026-04-08T03:34:29.754666+00:00
136138,AFRINSURE,2020-12-07,0.2,,,0.2,0.0,2026-04-08T03:34:34.092506+00:00
136242,AFRINSURE,2020-12-08,0.2,,,0.2,65.0,2026-04-08T03:34:36.413898+00:00
136346,AFRINSURE,2020-12-09,0.2,,,0.2,500.0,2026-04-08T03:34:38.741358+00:00
136450,AFRINSURE,2020-12-10,0.2,,,0.2,0.0,2026-04-08T03:34:41.210459+00:00
136554,AFRINSURE,2020-12-11,0.2,,,0.2,0.0,2026-04-08T03:34:43.516271+00:00
136658,AFRINSURE,2020-12-14,0.2,,,0.2,500.0,2026-04-08T03:34:47.752987+00:00
136763,AFRINSURE,2020-12-15,0.2,,,0.2,500.0,2026-04-08T03:34:50.014046+00:00
136868,AFRINSURE,2020-12-16,0.2,,,0.2,0.0,2026-04-08T03:34:52.260784+00:00
136973,AFRINSURE,2020-12-17,0.2,,,0.2,0.0,2026-04-08T03:34:54.700208+00:00
137078,AFRINSURE,2020-12-18,0.2,,,0.2,5000.0,2026-04-08T03:34:57.404383+00:00
137183,AFRINSURE,2020-12-21,0.2,,,0.2,100.0,2026-04-08T03:35:01.74156+00:00
137288,AFRINSURE,2020-12-22,0.2,,,0.2,9500.0,2026-04-08T03:35:04.087051+00:00
137393,AFRINSURE,2020-12-23,0.2,,,0.2,0.0,2026-04-08T03:35:06.465463+00:00
137498,AFRINSURE,2020-12-24,0.2,,,0.2,0.0,2026-04-08T03:35:08.859517+00:00
137603,AFRINSURE,2020-12-29,0.2,,,0.2,200.0,2026-04-08T03:35:15.710612+00:00
137708,AFRINSURE,2020-12-30,0.2,,,0.2,0.0,2026-04-08T03:35:18.332825+00:00
137813,AFRINSURE,2020-12-31,0.2,,,0.2,0.0,2026-04-08T03:35:20.721524+00:00
137918,AFRINSURE,2021-01-04,0.2,,,0.2,0.0,2026-04-08T03:35:26.376094+00:00
138023,AFRINSURE,2021-01-05,0.2,,,0.2,0.0,2026-04-08T03:35:29.033034+00:00
138128,AFRINSURE,2021-01-06,0.2,,,0.2,0.0,2026-04-08T03:35:31.424152+00:00
138233,AFRINSURE,2021-01-07,0.2,,,0.2,200.0,2026-04-08T03:35:34.042283+00:00
138338,AFRINSURE,2021-01-08,0.2,,,0.2,5001.0,2026-04-08T03:35:36.489888+00:00
138443,AFRINSURE,2021-01-11,0.2,,,0.2,0.0,2026-04-08T03:35:41.134484+00:00
138548,AFRINSURE,2021-01-12,0.2,,,0.2,0.0,2026-04-08T03:35:43.444525+00:00
138653,AFRINSURE,2021-01-13,0.2,,,0.2,342532.0,2026-04-08T03:35:45.752573+00:00
138758,AFRINSURE,2021-01-14,0.2,,,0.2,100000.0,2026-04-08T03:35:48.266873+00:00
138863,AFRINSURE,2021-01-15,0.2,,,0.2,22300.0,2026-04-08T03:35:50.536305+00:00
138968,AFRINSURE,2021-01-18,0.22,,,0.22,19554479.0,2026-04-08T03:35:55.012207+00:00
139073,AFRINSURE,2021-01-19,0.24,,,0.24,10843960.0,2026-04-08T03:35:57.346792+00:00
139178,AFRINSURE,2021-01-20,0.26,,,0.26,864200.0,2026-04-08T03:35:59.785195+00:00
139283,AFRINSURE,2021-01-21,0.24,,,0.24,14916062.0,2026-04-08T03:36:02.057398+00:00
139388,AFRINSURE,2021-01-22,0.22,,,0.22,7097587.0,2026-04-08T03:36:04.490813+00:00
139493,AFRINSURE,2021-01-25,0.22,,,0.22,983920.0,2026-04-08T03:36:09.142175+00:00
139598,AFRINSURE,2021-01-26,0.24,,,0.24,900092.0,2026-04-08T03:36:11.477526+00:00
139703,AFRINSURE,2021-01-27,0.26,,,0.26,368342.0,2026-04-08T03:36:13.916788+00:00
139808,AFRINSURE,2021-01-28,0.24,,,0.24,575800.0,2026-04-08T03:36:16.269205+00:00
139913,AFRINSURE,2021-01-29,0.25,,,0.25,245665.0,2026-04-08T03:36:18.603253+00:00
140018,AFRINSURE,2021-02-01,0.23,,,0.23,1629069.0,2026-04-08T03:36:23.094546+00:00
140123,AFRINSURE,2021-02-02,0.22,,,0.22,1956950.0,2026-04-08T03:36:25.523135+00:00
140228,AFRINSURE,2021-02-03,0.2,,,0.2,2985928.0,2026-04-08T03:36:27.835035+00:00
140333,AFRINSURE,2021-02-04,0.22,,,0.22,1464229.0,2026-04-08T03:36:30.225924+00:00
140438,AFRINSURE,2021-02-05,0.24,,,0.24,434900.0,2026-04-08T03:36:32.587221+00:00
140543,AFRINSURE,2021-02-08,0.24,,,0.24,96976.0,2026-04-08T03:36:37.052653+00:00
140648,AFRINSURE,2021-02-09,0.24,,,0.24,0.0,2026-04-08T03:36:39.468141+00:00
140753,AFRINSURE,2021-02-10,0.24,,,0.24,0.0,2026-04-08T03:36:41.836322+00:00
140858,AFRINSURE,2021-02-11,0.22,,,0.22,501588.0,2026-04-08T03:36:44.255641+00:00
140963,AFRINSURE,2021-02-12,0.24,,,0.24,358000.0,2026-04-08T03:36:46.553737+00:00
141068,AFRINSURE,2021-02-15,0.24,,,0.24,107907.0,2026-04-08T03:36:50.983127+00:00
141173,AFRINSURE,2021-02-16,0.24,,,0.24,0.0,2026-04-08T03:36:53.929967+00:00
141278,AFRINSURE,2021-02-17,0.24,,,0.24,1900.0,2026-04-08T03:36:56.762484+00:00
141383,AFRINSURE,2021-02-18,0.24,,,0.24,1000.0,2026-04-08T03:36:59.321693+00:00
141488,AFRINSURE,2021-02-19,0.24,,,0.24,0.0,2026-04-08T03:37:01.817881+00:00
141593,AFRINSURE,2021-02-22,0.24,,,0.24,42406.0,2026-04-08T03:37:06.27808+00:00
141698,AFRINSURE,2021-02-23,0.24,,,0.24,1750.0,2026-04-08T03:37:08.890934+00:00
141803,AFRINSURE,2021-02-24,0.24,,,0.24,10000.0,2026-04-08T03:37:11.490979+00:00
141908,AFRINSURE,2021-02-25,0.24,,,0.24,0.0,2026-04-08T03:37:14.190372+00:00
142013,AFRINSURE,2021-02-26,0.24,,,0.24,0.0,2026-04-08T03:37:16.661186+00:00
142118,AFRINSURE,2021-03-01,0.24,,,0.24,0.0,2026-04-08T03:37:22.522205+00:00
142223,AFRINSURE,2021-03-02,0.24,,,0.24,12115.0,2026-04-08T03:37:25.400973+00:00
142328,AFRINSURE,2021-03-03,0.24,,,0.24,4333.0,2026-04-08T03:37:28.29584+00:00
142433,AFRINSURE,2021-03-04,0.24,,,0.24,0.0,2026-04-08T03:37:30.865183+00:00
142538,AFRINSURE,2021-03-05,0.24,,,0.24,0.0,2026-04-08T03:37:35.032922+00:00
142643,AFRINSURE,2021-03-08,0.24,,,0.24,6500.0,2026-04-08T03:37:40.957406+00:00
142748,AFRINSURE,2021-03-09,0.24,,,0.24,1500.0,2026-04-08T03:37:43.478318+00:00
142853,AFRINSURE,2021-03-10,0.24,,,0.24,0.0,2026-04-08T03:37:46.075681+00:00
142958,AFRINSURE,2021-03-11,0.22,,,0.22,600500.0,2026-04-08T03:37:49.142973+00:00
143063,AFRINSURE,2021-03-12,0.2,,,0.2,2149240.0,2026-04-08T03:37:51.827027+00:00
143168,AFRINSURE,2021-03-15,0.21,,,0.21,705050.0,2026-04-08T03:37:56.632273+00:00
143273,AFRINSURE,2021-03-16,0.2,,,0.2,800020.0,2026-04-08T03:37:59.157483+00:00
143378,AFRINSURE,2021-03-17,0.2,,,0.2,83629.0,2026-04-08T03:38:01.497417+00:00
143483,AFRINSURE,2021-03-18,0.2,,,0.2,6034.0,2026-04-08T03:38:03.831621+00:00
143588,AFRINSURE,2021-03-19,0.2,,,0.2,0.0,2026-04-08T03:38:06.31825+00:00
143693,AFRINSURE,2021-03-22,0.2,,,0.2,555000.0,2026-04-08T03:38:11.081229+00:00
143798,AFRINSURE,2021-03-23,0.2,,,0.2,0.0,2026-04-08T03:38:13.396015+00:00
143903,AFRINSURE,2021-03-24,0.2,,,0.2,0.0,2026-04-08T03:38:15.81449+00:00
144008,AFRINSURE,2021-03-25,0.21,,,0.21,1092845.0,2026-04-08T03:38:18.283134+00:00
144113,AFRINSURE,2021-03-26,0.2,,,0.2,226197.0,2026-04-08T03:38:20.746814+00:00
144218,AFRINSURE,2021-03-29,0.2,,,0.2,2510001.0,2026-04-08T03:38:25.159246+00:00
144323,AFRINSURE,2021-03-30,0.2,,,0.2,547450.0,2026-04-08T03:38:27.475529+00:00
144428,AFRINSURE,2021-03-31,0.2,,,0.2,0.0,2026-04-08T03:38:29.710175+00:00
144533,AFRINSURE,2021-04-01,0.2,,,0.2,1083100.0,2026-04-08T03:38:32.086622+00:00
144638,AFRINSURE,2021-04-06,0.2,,,0.2,300.0,2026-04-08T03:38:38.336109+00:00
144743,AFRINSURE,2021-04-07,0.2,,,0.2,12500.0,2026-04-08T03:38:40.597593+00:00
144848,AFRINSURE,2021-04-08,0.2,,,0.2,807940.0,2026-04-08T03:38:43.050318+00:00
144953,AFRINSURE,2021-04-09,0.2,,,0.2,0.0,2026-04-08T03:38:45.381101+00:00
145058,AFRINSURE,2021-04-12,0.2,,,0.2,308000.0,2026-04-08T03:38:49.634064+00:00
145163,AFRINSURE,2021-04-14,0.2,,,0.2,0.0,2026-04-08T03:38:53.291299+00:00
145268,AFRINSURE,2021-04-15,0.2,,,0.2,0.0,2026-04-08T03:38:55.647647+00:00
145373,AFRINSURE,2021-04-16,0.2,,,0.2,0.0,2026-04-08T03:38:58.039758+00:00
145478,AFRINSURE,2021-04-19,0.2,,,0.2,0.0,2026-04-08T03:39:02.639407+00:00
145583,AFRINSURE,2021-04-20,0.2,,,0.2,0.0,2026-04-08T03:39:05.009889+00:00
145688,AFRINSURE,2021-04-21,0.2,,,0.2,9.0,2026-04-08T03:39:07.371999+00:00
145793,AFRINSURE,2021-04-22,0.2,,,0.2,0.0,2026-04-08T03:39:09.720023+00:00
145898,AFRINSURE,2021-04-26,0.2,,,0.2,200000.0,2026-04-08T03:39:15.36746+00:00
146003,AFRINSURE,2021-04-27,0.2,,,0.2,0.0,2026-04-08T03:39:17.695414+00:00
146108,AFRINSURE,2021-04-28,0.2,,,0.2,0.0,2026-04-08T03:39:20.620007+00:00
146213,AFRINSURE,2021-04-29,0.2,,,0.2,315.0,2026-04-08T03:39:22.905871+00:00
146318,AFRINSURE,2021-04-30,0.2,,,0.2,3271000.0,2026-04-08T03:39:25.430976+00:00
146423,AFRINSURE,2021-05-04,0.2,,,0.2,402500.0,2026-04-08T03:39:31.322792+00:00
146528,AFRINSURE,2021-05-05,0.2,,,0.2,500.0,2026-04-08T03:39:33.759587+00:00
146633,AFRINSURE,2021-05-06,0.2,,,0.2,0.0,2026-04-08T03:39:36.246061+00:00
146738,AFRINSURE,2021-05-07,0.2,,,0.2,61686.0,2026-04-08T03:39:38.47254+00:00
146843,AFRINSURE,2021-05-10,0.2,,,0.2,0.0,2026-04-08T03:39:42.886326+00:00
146948,AFRINSURE,2021-05-11,0.2,,,0.2,5000.0,2026-04-08T03:39:45.288668+00:00
147053,AFRINSURE,2021-05-14,0.2,,,0.2,0.0,2026-04-08T03:39:49.859206+00:00
147158,AFRINSURE,2021-05-17,0.2,,,0.2,500000.0,2026-04-08T03:39:54.343913+00:00
147263,AFRINSURE,2021-05-18,0.2,,,0.2,0.0,2026-04-08T03:39:57.092526+00:00
147368,AFRINSURE,2021-05-19,0.2,,,0.2,30000.0,2026-04-08T03:39:59.433321+00:00
147473,AFRINSURE,2021-05-20,0.2,,,0.2,5000.0,2026-04-08T03:40:01.906518+00:00
147578,AFRINSURE,2021-05-21,0.2,,,0.2,0.0,2026-04-08T03:40:04.221824+00:00
147683,AFRINSURE,2021-05-24,0.2,,,0.2,100600.0,2026-04-08T03:40:08.535937+00:00
147788,AFRINSURE,2021-05-25,0.2,,,0.2,53800.0,2026-04-08T03:40:10.790359+00:00
147893,AFRINSURE,2021-05-26,0.2,,,0.2,0.0,2026-04-08T03:40:13.088105+00:00
147998,AFRINSURE,2021-05-27,0.2,,,0.2,5460.0,2026-04-08T03:40:15.774564+00:00
148103,AFRINSURE,2021-05-28,0.2,,,0.2,5000.0,2026-04-08T03:40:18.222614+00:00
148208,AFRINSURE,2021-05-31,0.2,,,0.2,5410.0,2026-04-08T03:40:23.651574+00:00
148313,AFRINSURE,2021-06-01,0.2,,,0.2,0.0,2026-04-08T03:40:26.050454+00:00
148418,AFRINSURE,2021-06-02,0.2,,,0.2,5000.0,2026-04-08T03:40:28.576306+00:00
148523,AFRINSURE,2021-06-03,0.2,,,0.2,0.0,2026-04-08T03:40:31.001459+00:00
148628,AFRINSURE,2021-06-04,0.2,,,0.2,0.0,2026-04-08T03:40:33.442796+00:00
148733,AFRINSURE,2021-06-07,0.2,,,0.2,501000.0,2026-04-08T03:40:37.732645+00:00
148838,AFRINSURE,2021-06-08,0.2,,,0.2,0.0,2026-04-08T03:40:40.102423+00:00
148943,AFRINSURE,2021-06-09,0.2,,,0.2,0.0,2026-04-08T03:40:42.486352+00:00
149048,AFRINSURE,2021-06-10,0.2,,,0.2,0.0,2026-04-08T03:40:45.029393+00:00
149153,AFRINSURE,2021-06-11,0.2,,,0.2,9000.0,2026-04-08T03:40:47.465669+00:00
149258,AFRINSURE,2021-06-15,0.2,,,0.2,5500.0,2026-04-08T03:40:53.415974+00:00
149363,AFRINSURE,2021-06-16,0.2,,,0.2,0.0,2026-04-08T03:40:55.754681+00:00
149469,AFRINSURE,2021-06-17,0.2,,,0.2,7500.0,2026-04-08T03:40:58.172345+00:00
149575,AFRINSURE,2021-06-18,0.2,,,0.2,1500.0,2026-04-08T03:41:00.479054+00:00
149681,AFRINSURE,2021-06-21,0.2,,,0.2,0.0,2026-04-08T03:41:05.049703+00:00
149788,AFRINSURE,2021-06-22,0.2,,,0.2,3500.0,2026-04-08T03:41:07.444448+00:00
149895,AFRINSURE,2021-06-23,0.2,,,0.2,0.0,2026-04-08T03:41:09.819069+00:00
150002,AFRINSURE,2021-06-24,0.2,,,0.2,1840.0,2026-04-08T03:41:12.2583+00:00
150109,AFRINSURE,2021-06-25,0.2,,,0.2,0.0,2026-04-08T03:41:14.6351+00:00
150216,AFRINSURE,2021-06-28,0.2,,,0.2,0.0,2026-04-08T03:41:19.428749+00:00
150323,AFRINSURE,2021-06-29,0.2,,,0.2,0.0,2026-04-08T03:41:22.147646+00:00
150430,AFRINSURE,2021-06-30,0.2,,,0.2,0.0,2026-04-08T03:41:24.723581+00:00
150537,AFRINSURE,2021-07-01,0.2,,,0.2,300000.0,2026-04-08T03:41:27.253573+00:00
150644,AFRINSURE,2021-07-02,0.2,,,0.2,0.0,2026-04-08T03:41:29.882533+00:00
150751,AFRINSURE,2021-07-05,0.2,,,0.2,0.0,2026-04-08T03:41:34.454391+00:00
150858,AFRINSURE,2021-07-06,0.2,,,0.2,0.0,2026-04-08T03:41:36.982623+00:00
150965,AFRINSURE,2021-07-07,0.2,,,0.2,0.0,2026-04-08T03:41:39.307643+00:00
151072,AFRINSURE,2021-07-08,0.2,,,0.2,0.0,2026-04-08T03:41:41.672436+00:00
151180,AFRINSURE,2021-07-09,0.2,,,0.2,0.0,2026-04-08T03:41:44.186247+00:00
151288,AFRINSURE,2021-07-12,0.2,,,0.2,0.0,2026-04-08T03:41:48.615121+00:00
151396,AFRINSURE,2021-07-13,0.2,,,0.2,0.0,2026-04-08T03:41:50.993586+00:00
151504,AFRINSURE,2021-07-14,0.2,,,0.2,0.0,2026-04-08T03:41:53.268+00:00
151612,AFRINSURE,2021-07-15,0.2,,,0.2,0.0,2026-04-08T03:41:55.50175+00:00
151720,AFRINSURE,2021-07-16,0.2,,,0.2,0.0,2026-04-08T03:41:57.978751+00:00
151828,AFRINSURE,2021-07-19,0.2,,,0.2,0.0,2026-04-08T03:42:02.439681+00:00
151936,AFRINSURE,2021-07-22,0.2,,,0.2,0.0,2026-04-08T03:42:06.938387+00:00
152044,AFRINSURE,2021-07-23,0.2,,,0.2,0.0,2026-04-08T03:42:09.224536+00:00
152152,AFRINSURE,2021-07-26,0.2,,,0.2,0.0,2026-04-08T03:42:13.888963+00:00
152260,AFRINSURE,2021-07-27,0.2,,,0.2,0.0,2026-04-08T03:42:16.300026+00:00
152368,AFRINSURE,2021-07-28,0.2,,,0.2,0.0,2026-04-08T03:42:18.733972+00:00
152476,AFRINSURE,2021-07-29,0.2,,,0.2,0.0,2026-04-08T03:42:21.196071+00:00
152584,AFRINSURE,2021-07-30,0.2,,,0.2,0.0,2026-04-08T03:42:23.780537+00:00
152692,AFRINSURE,2021-08-02,0.2,,,0.2,0.0,2026-04-08T03:42:28.457705+00:00
152800,AFRINSURE,2021-08-03,0.2,,,0.2,0.0,2026-04-08T03:42:31.094462+00:00
152908,AFRINSURE,2021-08-04,0.2,,,0.2,0.0,2026-04-08T03:42:33.531563+00:00
153016,AFRINSURE,2021-08-05,0.2,,,0.2,0.0,2026-04-08T03:42:35.917081+00:00
153124,AFRINSURE,2021-08-06,0.2,,,0.2,0.0,2026-04-08T03:42:38.23616+00:00
153232,AFRINSURE,2021-08-09,0.2,,,0.2,0.0,2026-04-08T03:42:42.878342+00:00
153340,AFRINSURE,2021-08-10,0.2,,,0.2,0.0,2026-04-08T03:42:45.264053+00:00
153448,AFRINSURE,2021-08-12,0.2,,,0.2,0.0,2026-04-08T03:42:48.762656+00:00
153556,AFRINSURE,2021-08-13,0.2,,,0.2,0.0,2026-04-08T03:42:51.120096+00:00
153664,AFRINSURE,2021-08-16,0.2,,,0.2,0.0,2026-04-08T03:42:55.556429+00:00
153772,AFRINSURE,2021-08-17,0.2,,,0.2,0.0,2026-04-08T03:42:57.870214+00:00
153880,AFRINSURE,2021-08-18,0.2,,,0.2,0.0,2026-04-08T03:43:00.318272+00:00
153988,AFRINSURE,2021-08-19,0.2,,,0.2,0.0,2026-04-08T03:43:02.743698+00:00
154096,AFRINSURE,2021-08-20,0.2,,,0.2,0.0,2026-04-08T03:43:05.111187+00:00
154204,AFRINSURE,2021-08-23,0.2,,,0.2,0.0,2026-04-08T03:43:09.725908+00:00
154312,AFRINSURE,2021-08-24,0.2,,,0.2,0.0,2026-04-08T03:43:12.031989+00:00
154420,AFRINSURE,2021-08-25,0.2,,,0.2,0.0,2026-04-08T03:43:14.375004+00:00
154528,AFRINSURE,2021-08-26,0.2,,,0.2,0.0,2026-04-08T03:43:16.860503+00:00
154636,AFRINSURE,2021-08-27,0.2,,,0.2,0.0,2026-04-08T03:43:19.247601+00:00
154744,AFRINSURE,2021-08-30,0.2,,,0.2,0.0,2026-04-08T03:43:23.756871+00:00
154852,AFRINSURE,2021-08-31,0.2,,,0.2,0.0,2026-04-08T03:43:26.203018+00:00
154960,AFRINSURE,2021-09-01,0.2,,,0.2,0.0,2026-04-08T03:43:28.430514+00:00
155068,AFRINSURE,2021-09-02,0.2,,,0.2,0.0,2026-04-08T03:43:30.63423+00:00
155176,AFRINSURE,2021-09-03,0.2,,,0.2,0.0,2026-04-08T03:43:33.173741+00:00
155284,AFRINSURE,2021-09-06,0.2,,,0.2,0.0,2026-04-08T03:43:37.566628+00:00
155392,AFRINSURE,2021-09-07,0.2,,,0.2,0.0,2026-04-08T03:43:39.870652+00:00
155500,AFRINSURE,2021-09-08,0.2,,,0.2,0.0,2026-04-08T03:43:42.125577+00:00
155608,AFRINSURE,2021-09-09,0.2,,,0.2,0.0,2026-04-08T03:43:44.739177+00:00
155716,AFRINSURE,2021-09-10,0.2,,,0.2,0.0,2026-04-08T03:43:47.339386+00:00
155824,AFRINSURE,2021-09-13,0.2,,,0.2,0.0,2026-04-08T03:43:51.822078+00:00
155932,AFRINSURE,2021-09-14,0.2,,,0.2,0.0,2026-04-08T03:43:54.260371+00:00
156040,AFRINSURE,2021-09-15,0.2,,,0.2,0.0,2026-04-08T03:43:56.896801+00:00
156148,AFRINSURE,2021-09-16,0.2,,,0.2,0.0,2026-04-08T03:43:59.227477+00:00
156256,AFRINSURE,2021-09-20,0.2,,,0.2,0.0,2026-04-08T03:44:04.993721+00:00
156364,AFRINSURE,2021-09-21,0.2,,,0.2,0.0,2026-04-08T03:44:07.727357+00:00
156472,AFRINSURE,2021-09-22,0.2,,,0.2,0.0,2026-04-08T03:44:10.239254+00:00
156580,AFRINSURE,2021-09-23,0.2,,,0.2,0.0,2026-04-08T03:44:12.661605+00:00
156688,AFRINSURE,2021-09-24,0.2,,,0.2,0.0,2026-04-08T03:44:15.34542+00:00
156796,AFRINSURE,2021-09-27,0.2,,,0.2,0.0,2026-04-08T03:44:19.850483+00:00
156904,AFRINSURE,2021-09-28,0.2,,,0.2,0.0,2026-04-08T03:44:22.678655+00:00
157012,AFRINSURE,2021-09-29,0.2,,,0.2,0.0,2026-04-08T03:44:25.133662+00:00
157120,AFRINSURE,2021-09-30,0.2,,,0.2,0.0,2026-04-08T03:44:27.471646+00:00
157228,AFRINSURE,2021-10-04,0.2,,,0.2,0.0,2026-04-08T03:44:32.876267+00:00
157336,AFRINSURE,2021-10-05,0.2,,,0.2,0.0,2026-04-08T03:44:35.445743+00:00
157444,AFRINSURE,2021-10-06,0.2,,,0.2,0.0,2026-04-08T03:44:37.876116+00:00
157552,AFRINSURE,2021-10-07,0.2,,,0.2,0.0,2026-04-08T03:44:40.206594+00:00
157660,AFRINSURE,2021-10-08,0.2,,,0.2,5600.0,2026-04-08T03:44:42.63936+00:00
157768,AFRINSURE,2021-10-11,0.2,,,0.2,2504.0,2026-04-08T03:44:47.21782+00:00
157876,AFRINSURE,2021-10-12,0.2,,,0.2,0.0,2026-04-08T03:44:49.55017+00:00
157984,AFRINSURE,2021-10-13,0.2,,,0.2,0.0,2026-04-08T03:44:52.157785+00:00
158092,AFRINSURE,2021-10-14,0.2,,,0.2,0.0,2026-04-08T03:44:54.53471+00:00
158200,AFRINSURE,2021-10-15,0.2,,,0.2,2505000.0,2026-04-08T03:44:56.91657+00:00
158309,AFRINSURE,2021-10-18,0.2,,,0.2,4847999.0,2026-04-08T03:45:01.595863+00:00
158418,AFRINSURE,2021-10-20,0.2,,,0.2,600000.0,2026-04-08T03:45:05.471144+00:00
158527,AFRINSURE,2021-10-21,0.2,,,0.2,0.0,2026-04-08T03:45:08.008029+00:00
158634,AFRINSURE,2021-10-22,0.2,,,0.2,200.0,2026-04-08T03:45:10.474564+00:00
158743,AFRINSURE,2021-10-25,0.2,,,0.2,0.0,2026-04-08T03:45:15.28358+00:00
158852,AFRINSURE,2021-10-26,0.2,,,0.2,0.0,2026-04-08T03:45:17.74539+00:00
158961,AFRINSURE,2021-10-27,0.2,,,0.2,0.0,2026-04-08T03:45:20.303823+00:00
159070,AFRINSURE,2021-10-28,0.2,,,0.2,0.0,2026-04-08T03:45:22.610226+00:00
159179,AFRINSURE,2021-10-29,0.2,,,0.2,78887.0,2026-04-08T03:45:25.013779+00:00
159288,AFRINSURE,2021-11-01,0.2,,,0.2,119510.0,2026-04-08T03:45:29.747778+00:00
159397,AFRINSURE,2021-11-02,0.2,,,0.2,5101.0,2026-04-08T03:45:32.292585+00:00
159506,AFRINSURE,2021-11-03,0.2,,,0.2,1510000.0,2026-04-08T03:45:34.604091+00:00
159615,AFRINSURE,2021-11-04,0.2,,,0.2,0.0,2026-04-08T03:45:37.086301+00:00
159724,AFRINSURE,2021-11-05,0.2,,,0.2,50001.0,2026-04-08T03:45:39.522081+00:00
159833,AFRINSURE,2021-11-08,0.2,,,0.2,0.0,2026-04-08T03:45:44.061968+00:00
159942,AFRINSURE,2021-11-10,0.2,,,0.2,1000.0,2026-04-08T03:45:47.530577+00:00
160051,AFRINSURE,2021-11-11,0.2,,,0.2,3000.0,2026-04-08T03:45:49.990111+00:00
160160,AFRINSURE,2021-11-12,0.2,,,0.2,0.0,2026-04-08T03:45:52.531373+00:00
160269,AFRINSURE,2021-11-15,0.2,,,0.2,1000.0,2026-04-08T03:45:57.041913+00:00
160378,AFRINSURE,2021-11-17,0.2,,,0.2,0.0,2026-04-08T03:46:00.536124+00:00
160487,AFRINSURE,2021-11-18,0.2,,,0.2,0.0,2026-04-08T03:46:03.012698+00:00
160596,AFRINSURE,2021-11-19,0.2,,,0.2,0.0,2026-04-08T03:46:05.423699+00:00
160705,AFRINSURE,2021-11-22,0.2,,,0.2,17250.0,2026-04-08T03:46:10.306395+00:00
160814,AFRINSURE,2021-11-23,0.2,,,0.2,96486.0,2026-04-08T03:46:12.888041+00:00
160923,AFRINSURE,2021-11-24,0.2,,,0.2,17200.0,2026-04-08T03:46:15.261589+00:00
161032,AFRINSURE,2021-11-25,0.2,,,0.2,35690.0,2026-04-08T03:46:17.544601+00:00
161141,AFRINSURE,2021-11-29,0.2,,,0.2,5100.0,2026-04-08T03:46:23.244686+00:00
161250,AFRINSURE,2021-11-30,0.2,,,0.2,5000.0,2026-04-08T03:46:25.627389+00:00
161359,AFRINSURE,2021-12-01,0.2,,,0.2,2000.0,2026-04-08T03:46:28.190956+00:00
161468,AFRINSURE,2021-12-02,0.2,,,0.2,2000.0,2026-04-08T03:46:30.651544+00:00
161577,AFRINSURE,2021-12-03,0.2,,,0.2,0.0,2026-04-08T03:46:33.124129+00:00
161686,AFRINSURE,2021-12-06,0.2,,,0.2,0.0,2026-04-08T03:46:37.622095+00:00
161795,AFRINSURE,2021-12-07,0.2,,,0.2,32500.0,2026-04-08T03:46:39.947423+00:00
161904,AFRINSURE,2021-12-08,0.2,,,0.2,7350.0,2026-04-08T03:46:42.482337+00:00
162013,AFRINSURE,2021-12-09,0.2,,,0.2,8000.0,2026-04-08T03:46:44.852467+00:00
162122,AFRINSURE,2021-12-10,0.2,,,0.2,7500.0,2026-04-08T03:46:47.321476+00:00
162232,AFRINSURE,2021-12-13,0.2,,,0.2,5000.0,2026-04-08T03:46:51.775824+00:00
162342,AFRINSURE,2021-12-14,0.2,,,0.2,0.0,2026-04-08T03:46:54.126877+00:00
162452,AFRINSURE,2021-12-15,0.2,,,0.2,26609.0,2026-04-08T03:46:56.822916+00:00
162562,AFRINSURE,2021-12-16,0.2,,,0.2,0.0,2026-04-08T03:46:59.215115+00:00
162672,AFRINSURE,2021-12-17,0.2,,,0.2,5000.0,2026-04-08T03:47:01.752329+00:00
162783,AFRINSURE,2021-12-20,0.2,,,0.2,20005.0,2026-04-08T03:47:06.293287+00:00
162894,AFRINSURE,2021-12-21,0.2,,,0.2,15363.0,2026-04-08T03:47:08.729464+00:00
163005,AFRINSURE,2021-12-22,0.2,,,0.2,0.0,2026-04-08T03:47:11.106283+00:00
163116,AFRINSURE,2021-12-23,0.2,,,0.2,0.0,2026-04-08T03:47:13.420215+00:00
163227,AFRINSURE,2021-12-24,0.2,,,0.2,0.0,2026-04-08T03:47:15.708642+00:00
163338,AFRINSURE,2021-12-29,0.2,,,0.2,0.0,2026-04-08T03:47:22.624079+00:00
163449,AFRINSURE,2021-12-30,0.2,,,0.2,100000.0,2026-04-08T03:47:25.019388+00:00
163560,AFRINSURE,2021-12-31,0.2,,,0.2,0.0,2026-04-08T03:47:27.803632+00:00
163671,AFRINSURE,2022-01-04,0.2,,,0.2,20002.0,2026-04-08T03:47:33.190226+00:00
163783,AFRINSURE,2022-01-05,0.2,,,0.2,0.0,2026-04-08T03:47:35.481449+00:00
163895,AFRINSURE,2022-01-06,0.2,,,0.2,4000.0,2026-04-08T03:47:38.067383+00:00
164007,AFRINSURE,2022-01-07,0.2,,,0.2,0.0,2026-04-08T03:47:40.483305+00:00
164119,AFRINSURE,2022-01-10,0.2,,,0.2,600.0,2026-04-08T03:47:45.097739+00:00
164231,AFRINSURE,2022-01-11,0.2,,,0.2,0.0,2026-04-08T03:47:47.617941+00:00
164343,AFRINSURE,2022-01-12,0.2,,,0.2,0.0,2026-04-08T03:47:50.132225+00:00
164455,AFRINSURE,2022-01-13,0.2,,,0.2,1300.0,2026-04-08T03:47:52.673244+00:00
164567,AFRINSURE,2022-01-14,0.2,,,0.2,13900.0,2026-04-08T03:47:55.308832+00:00
164679,AFRINSURE,2022-01-17,0.2,,,0.2,10000.0,2026-04-08T03:47:59.999655+00:00
164791,AFRINSURE,2022-01-18,0.2,,,0.2,0.0,2026-04-08T03:48:02.353596+00:00
164903,AFRINSURE,2022-01-19,0.2,,,0.2,0.0,2026-04-08T03:48:04.820784+00:00
165015,AFRINSURE,2022-01-20,0.2,,,0.2,5000.0,2026-04-08T03:48:07.325935+00:00
165127,AFRINSURE,2022-01-21,0.2,,,0.2,0.0,2026-04-08T03:48:09.696329+00:00
165239,AFRINSURE,2022-01-24,0.2,,,0.2,200.0,2026-04-08T03:48:14.136661+00:00
165351,AFRINSURE,2022-01-25,0.2,,,0.2,5000.0,2026-04-08T03:48:16.50614+00:00
165463,AFRINSURE,2022-01-26,0.2,,,0.2,0.0,2026-04-08T03:48:19.024911+00:00
165575,AFRINSURE,2022-01-27,0.2,,,0.2,0.0,2026-04-08T03:48:21.585909+00:00
165687,AFRINSURE,2022-01-28,0.2,,,0.2,5000.0,2026-04-08T03:48:23.969021+00:00
165799,AFRINSURE,2022-01-31,0.2,,,0.2,0.0,2026-04-08T03:48:28.465348+00:00
165911,AFRINSURE,2022-02-01,0.2,,,0.2,0.0,2026-04-08T03:48:30.807911+00:00
166023,AFRINSURE,2022-02-02,0.2,,,0.2,1.0,2026-04-08T03:48:33.305516+00:00
166135,AFRINSURE,2022-02-03,0.2,,,0.2,0.0,2026-04-08T03:48:35.918914+00:00
166247,AFRINSURE,2022-02-04,0.2,,,0.2,1.0,2026-04-08T03:48:38.317721+00:00
166359,AFRINSURE,2022-02-07,0.2,,,0.2,0.0,2026-04-08T03:48:42.904693+00:00
166471,AFRINSURE,2022-02-08,0.2,,,0.2,0.0,2026-04-08T03:48:45.378139+00:00
166583,AFRINSURE,2022-02-09,0.2,,,0.2,40000.0,2026-04-08T03:48:48.035665+00:00
166695,AFRINSURE,2022-02-10,0.2,,,0.2,43500.0,2026-04-08T03:48:50.398564+00:00
166807,AFRINSURE,2022-02-11,0.2,,,0.2,578500.0,2026-04-08T03:48:52.774016+00:00
166919,AFRINSURE,2022-02-14,0.2,,,0.2,519000.0,2026-04-08T03:48:57.293433+00:00
167031,AFRINSURE,2022-02-15,0.2,,,0.2,62900.0,2026-04-08T03:48:59.662493+00:00
167143,AFRINSURE,2022-02-16,0.2,,,0.2,72500.0,2026-04-08T03:49:02.003783+00:00
167255,AFRINSURE,2022-02-17,0.2,,,0.2,15200.0,2026-04-08T03:49:04.32656+00:00
167367,AFRINSURE,2022-02-18,0.2,,,0.2,5000.0,2026-04-08T03:49:06.711382+00:00
167479,AFRINSURE,2022-02-21,0.2,,,0.2,1000.0,2026-04-08T03:49:10.978464+00:00
167591,AFRINSURE,2022-02-22,0.2,,,0.2,0.0,2026-04-08T03:49:13.528869+00:00
167703,AFRINSURE,2022-02-23,0.2,,,0.2,0.0,2026-04-08T03:49:15.914345+00:00
167815,AFRINSURE,2022-02-24,0.2,,,0.2,30000.0,2026-04-08T03:49:18.676795+00:00
167927,AFRINSURE,2022-02-25,0.2,,,0.2,0.0,2026-04-08T03:49:21.264729+00:00
168039,AFRINSURE,2022-02-28,0.2,,,0.2,5000.0,2026-04-08T03:49:25.620712+00:00
168151,AFRINSURE,2022-03-01,0.2,,,0.2,6800.0,2026-04-08T03:49:28.049171+00:00
168263,AFRINSURE,2022-03-02,0.2,,,0.2,0.0,2026-04-08T03:49:30.283109+00:00
168375,AFRINSURE,2022-03-03,0.2,,,0.2,1700.0,2026-04-08T03:49:32.551227+00:00
168487,AFRINSURE,2022-03-04,0.2,,,0.2,265222.0,2026-04-08T03:49:34.968546+00:00
168599,AFRINSURE,2022-03-07,0.2,,,0.2,16000.0,2026-04-08T03:49:39.227432+00:00
168711,AFRINSURE,2022-03-08,0.2,,,0.2,0.0,2026-04-08T03:49:41.475537+00:00
168823,AFRINSURE,2022-03-09,0.2,,,0.2,342495.0,2026-04-08T03:49:43.759827+00:00
168935,AFRINSURE,2022-03-10,0.2,,,0.2,0.0,2026-04-08T03:49:46.077826+00:00
169047,AFRINSURE,2022-03-11,0.2,,,0.2,5000.0,2026-04-08T03:49:48.438529+00:00
169159,AFRINSURE,2022-03-14,0.2,,,0.2,15550.0,2026-04-08T03:49:53.114563+00:00
169271,AFRINSURE,2022-03-15,0.2,,,0.2,7250.0,2026-04-08T03:49:55.533531+00:00
169383,AFRINSURE,2022-03-16,0.2,,,0.2,5100.0,2026-04-08T03:49:57.903122+00:00
169495,AFRINSURE,2022-03-17,0.2,,,0.2,0.0,2026-04-08T03:50:00.211329+00:00
169607,AFRINSURE,2022-03-18,0.2,,,0.2,4050.0,2026-04-08T03:50:02.865266+00:00
169719,AFRINSURE,2022-03-21,0.2,,,0.2,1050000.0,2026-04-08T03:50:07.476142+00:00
169831,AFRINSURE,2022-03-24,0.2,,,0.2,50.0,2026-04-08T03:50:12.041871+00:00
169943,AFRINSURE,2022-03-25,0.2,,,0.2,10000.0,2026-04-08T03:50:14.507747+00:00
170055,AFRINSURE,2022-03-28,0.2,,,0.2,4000.0,2026-04-08T03:50:18.995306+00:00
170167,AFRINSURE,2022-03-29,0.2,,,0.2,0.0,2026-04-08T03:50:21.48252+00:00
170279,AFRINSURE,2022-03-31,0.2,,,0.2,0.0,2026-04-08T03:50:25.686443+00:00
170391,AFRINSURE,2022-04-01,0.2,,,0.2,0.0,2026-04-08T03:50:28.209626+00:00
170503,AFRINSURE,2022-04-04,0.2,,,0.2,82300.0,2026-04-08T03:50:32.692631+00:00
170615,AFRINSURE,2022-04-05,0.2,,,0.2,2500.0,2026-04-08T03:50:35.152392+00:00
170727,AFRINSURE,2022-04-06,0.2,,,0.2,0.0,2026-04-08T03:50:37.478667+00:00
170839,AFRINSURE,2022-04-07,0.2,,,0.2,1500.0,2026-04-08T03:50:39.880974+00:00
170951,AFRINSURE,2022-04-08,0.2,,,0.2,139950.0,2026-04-08T03:50:42.48638+00:00
171063,AFRINSURE,2022-04-11,0.2,,,0.2,65575.0,2026-04-08T03:50:47.197044+00:00
171175,AFRINSURE,2022-04-12,0.2,,,0.2,235448.0,2026-04-08T03:50:49.473284+00:00
171287,AFRINSURE,2022-04-13,0.2,,,0.2,0.0,2026-04-08T03:50:51.878986+00:00
171399,AFRINSURE,2022-04-14,0.2,,,0.2,26656229.0,2026-04-08T03:50:54.439705+00:00
171511,AFRINSURE,2022-04-19,0.2,,,0.2,1316094.0,2026-04-08T03:51:01.439974+00:00
171623,AFRINSURE,2022-04-20,0.2,,,0.2,995.0,2026-04-08T03:51:03.698116+00:00
171735,AFRINSURE,2022-04-21,0.2,,,0.2,0.0,2026-04-08T03:51:06.083072+00:00
171847,AFRINSURE,2022-04-22,0.2,,,0.2,316314.0,2026-04-08T03:51:08.393199+00:00
171959,AFRINSURE,2022-04-25,0.2,,,0.2,10000.0,2026-04-08T03:51:12.880327+00:00
172071,AFRINSURE,2022-04-26,0.2,,,0.2,1530.0,2026-04-08T03:51:15.284155+00:00
172183,AFRINSURE,2022-04-27,0.2,,,0.2,18000.0,2026-04-08T03:51:17.680395+00:00
172295,AFRINSURE,2022-04-28,0.2,,,0.2,0.0,2026-04-08T03:51:20.413235+00:00
172407,AFRINSURE,2022-04-29,0.2,,,0.2,0.0,2026-04-08T03:51:22.882631+00:00
172519,AFRINSURE,2022-05-04,0.2,,,0.2,500.0,2026-04-08T03:51:29.674847+00:00
172631,AFRINSURE,2022-05-05,0.2,,,0.2,780.0,2026-04-08T03:51:32.050072+00:00
172744,AFRINSURE,2022-05-09,0.2,,,0.2,0.0,2026-04-08T03:51:37.853933+00:00
172857,AFRINSURE,2022-05-10,0.2,,,0.2,325.0,2026-04-08T03:51:40.332012+00:00
172970,AFRINSURE,2022-05-11,0.2,,,0.2,7000.0,2026-04-08T03:51:42.74313+00:00
173083,AFRINSURE,2022-05-12,0.2,,,0.2,0.0,2026-04-08T03:51:45.11326+00:00
173196,AFRINSURE,2022-05-13,0.2,,,0.2,51400.0,2026-04-08T03:51:47.585464+00:00
173309,AFRINSURE,2022-05-16,0.2,,,0.2,504313.0,2026-04-08T03:51:52.042574+00:00
173422,AFRINSURE,2022-05-17,0.2,,,0.2,464491.0,2026-04-08T03:51:54.492158+00:00
173535,AFRINSURE,2022-05-18,0.2,,,0.2,217.0,2026-04-08T03:51:57.297116+00:00
173648,AFRINSURE,2022-05-19,0.2,,,0.2,4.0,2026-04-08T03:51:59.624655+00:00
173761,AFRINSURE,2022-05-20,0.2,,,0.2,9.0,2026-04-08T03:52:02.40298+00:00
173874,AFRINSURE,2022-05-23,0.2,,,0.2,1068.0,2026-04-08T03:52:07.648814+00:00
173987,AFRINSURE,2022-05-24,0.2,,,0.2,0.0,2026-04-08T03:52:10.277037+00:00
174100,AFRINSURE,2022-05-25,0.2,,,0.2,1000.0,2026-04-08T03:52:13.066486+00:00
174213,AFRINSURE,2022-05-26,0.2,,,0.2,0.0,2026-04-08T03:52:15.508934+00:00
174326,AFRINSURE,2022-05-27,0.2,,,0.2,823.0,2026-04-08T03:52:18.156913+00:00
174439,AFRINSURE,2022-05-30,0.2,,,0.2,0.0,2026-04-08T03:52:22.656757+00:00
174552,AFRINSURE,2022-05-31,0.2,,,0.2,0.0,2026-04-08T03:52:25.114026+00:00
174665,AFRINSURE,2022-06-01,0.2,,,0.2,0.0,2026-04-08T03:52:27.834682+00:00
174778,AFRINSURE,2022-06-02,0.2,,,0.2,1600.0,2026-04-08T03:52:30.493727+00:00
174891,AFRINSURE,2022-06-03,0.2,,,0.2,0.0,2026-04-08T03:52:33.10221+00:00
175004,AFRINSURE,2022-06-06,0.2,,,0.2,986048.0,2026-04-08T03:52:37.969718+00:00
175117,AFRINSURE,2022-06-07,0.2,,,0.2,3000.0,2026-04-08T03:52:40.734023+00:00
175230,AFRINSURE,2022-06-08,0.2,,,0.2,0.0,2026-04-08T03:52:43.634804+00:00
175343,AFRINSURE,2022-06-09,0.2,,,0.2,200.0,2026-04-08T03:52:46.431396+00:00
175456,AFRINSURE,2022-06-10,0.2,,,0.2,0.0,2026-04-08T03:52:48.916453+00:00
175569,AFRINSURE,2022-06-14,0.2,,,0.2,0.0,2026-04-08T03:52:55.08065+00:00
175682,AFRINSURE,2022-06-15,0.2,,,0.2,0.0,2026-04-08T03:52:57.782204+00:00
175795,AFRINSURE,2022-06-16,0.2,,,0.2,318223.0,2026-04-08T03:53:00.45527+00:00
175908,AFRINSURE,2022-06-17,0.2,,,0.2,0.0,2026-04-08T03:53:03.647185+00:00
176021,AFRINSURE,2022-06-20,0.2,,,0.2,0.0,2026-04-08T03:53:09.449588+00:00
176134,AFRINSURE,2022-06-21,0.2,,,0.2,0.0,2026-04-08T03:53:11.833027+00:00
176247,AFRINSURE,2022-06-22,0.2,,,0.2,0.0,2026-04-08T03:53:14.63862+00:00
176360,AFRINSURE,2022-06-23,0.2,,,0.2,100.0,2026-04-08T03:53:17.250825+00:00
176473,AFRINSURE,2022-06-24,0.2,,,0.2,0.0,2026-04-08T03:53:19.718295+00:00
176586,AFRINSURE,2022-06-27,0.2,,,0.2,103.0,2026-04-08T03:53:24.073012+00:00
176699,AFRINSURE,2022-06-28,0.2,,,0.2,0.0,2026-04-08T03:53:26.399159+00:00
176812,AFRINSURE,2022-06-29,0.2,,,0.2,0.0,2026-04-08T03:53:28.994117+00:00
176925,AFRINSURE,2022-06-30,0.2,,,0.2,5000.0,2026-04-08T03:53:31.346855+00:00
177038,AFRINSURE,2022-07-01,0.2,,,0.2,0.0,2026-04-08T03:53:33.724657+00:00
177151,AFRINSURE,2022-07-04,0.2,,,0.2,0.0,2026-04-08T03:53:38.198731+00:00
177264,AFRINSURE,2022-07-06,0.2,,,0.2,0.0,2026-04-08T03:53:41.625349+00:00
177377,AFRINSURE,2022-07-07,0.2,,,0.2,0.0,2026-04-08T03:53:44.268487+00:00
177490,AFRINSURE,2022-07-13,0.2,,,0.2,0.0,2026-04-08T03:53:51.5999+00:00
177603,AFRINSURE,2022-07-14,0.2,,,0.2,0.0,2026-04-08T03:53:54.010732+00:00
177716,AFRINSURE,2022-07-15,0.2,,,0.2,0.0,2026-04-08T03:53:56.616585+00:00
177829,AFRINSURE,2022-07-18,0.2,,,0.2,0.0,2026-04-08T03:54:01.214275+00:00
177942,AFRINSURE,2022-07-19,0.2,,,0.2,0.0,2026-04-08T03:54:03.665978+00:00
178055,AFRINSURE,2022-07-20,0.2,,,0.2,0.0,2026-04-08T03:54:06.203384+00:00
178168,AFRINSURE,2022-07-21,0.2,,,0.2,0.0,2026-04-08T03:54:08.685258+00:00
178281,AFRINSURE,2022-07-22,0.2,,,0.2,0.0,2026-04-08T03:54:11.171489+00:00
178394,AFRINSURE,2022-07-25,0.2,,,0.2,0.0,2026-04-08T03:54:15.900169+00:00
178507,AFRINSURE,2022-07-26,0.2,,,0.2,0.0,2026-04-08T03:54:18.382379+00:00
178620,AFRINSURE,2022-07-27,0.2,,,0.2,0.0,2026-04-08T03:54:20.730044+00:00
178733,AFRINSURE,2022-07-28,0.2,,,0.2,0.0,2026-04-08T03:54:23.385493+00:00
178846,AFRINSURE,2022-07-29,0.2,,,0.2,0.0,2026-04-08T03:54:25.692024+00:00
178959,AFRINSURE,2022-08-01,0.2,,,0.2,0.0,2026-04-08T03:54:30.144665+00:00
179072,AFRINSURE,2022-08-02,0.2,,,0.2,0.0,2026-04-08T03:54:32.509592+00:00
179185,AFRINSURE,2022-08-03,0.2,,,0.2,0.0,2026-04-08T03:54:34.924873+00:00
179298,AFRINSURE,2022-08-04,0.2,,,0.2,0.0,2026-04-08T03:54:37.32089+00:00
179411,AFRINSURE,2022-08-05,0.2,,,0.2,0.0,2026-04-08T03:54:40.805957+00:00
179524,AFRINSURE,2022-08-08,0.2,,,0.2,0.0,2026-04-08T03:54:45.81173+00:00
179637,AFRINSURE,2022-08-09,0.2,,,0.2,0.0,2026-04-08T03:54:48.637408+00:00
179750,AFRINSURE,2022-08-10,0.2,,,0.2,0.0,2026-04-08T03:54:51.561754+00:00
179863,AFRINSURE,2022-08-11,0.2,,,0.2,0.0,2026-04-08T03:54:54.196076+00:00
179976,AFRINSURE,2022-08-12,0.2,,,0.2,0.0,2026-04-08T03:54:57.115593+00:00
180089,AFRINSURE,2022-08-15,0.2,,,0.2,0.0,2026-04-08T03:55:01.874457+00:00
180202,AFRINSURE,2022-08-16,0.2,,,0.2,0.0,2026-04-08T03:55:04.540652+00:00
180315,AFRINSURE,2022-08-17,0.2,,,0.2,0.0,2026-04-08T03:55:07.214991+00:00
180428,AFRINSURE,2022-08-18,0.2,,,0.2,0.0,2026-04-08T03:55:09.916723+00:00
180541,AFRINSURE,2022-08-19,0.2,,,0.2,0.0,2026-04-08T03:55:12.400686+00:00
180654,AFRINSURE,2022-08-22,0.2,,,0.2,0.0,2026-04-08T03:55:17.568382+00:00
180767,AFRINSURE,2022-08-23,0.2,,,0.2,0.0,2026-04-08T03:55:19.990422+00:00
180880,AFRINSURE,2022-08-24,0.2,,,0.2,0.0,2026-04-08T03:55:23.644905+00:00
180993,AFRINSURE,2022-08-25,0.2,,,0.2,0.0,2026-04-08T03:55:26.062264+00:00
181106,AFRINSURE,2022-08-26,0.2,,,0.2,0.0,2026-04-08T03:55:28.378019+00:00
181219,AFRINSURE,2022-08-29,0.2,,,0.2,0.0,2026-04-08T03:55:33.185942+00:00
181332,AFRINSURE,2022-08-30,0.2,,,0.2,0.0,2026-04-08T03:55:35.909469+00:00
181445,AFRINSURE,2022-08-31,0.2,,,0.2,0.0,2026-04-08T03:55:38.363566+00:00
181558,AFRINSURE,2022-09-01,0.2,,,0.2,0.0,2026-04-08T03:55:40.868139+00:00
181671,AFRINSURE,2022-09-02,0.2,,,0.2,0.0,2026-04-08T03:55:43.232165+00:00
181784,AFRINSURE,2022-09-05,0.2,,,0.2,0.0,2026-04-08T03:55:48.110555+00:00
181897,AFRINSURE,2022-09-06,0.2,,,0.2,0.0,2026-04-08T03:55:50.526892+00:00
182010,AFRINSURE,2022-09-07,0.2,,,0.2,0.0,2026-04-08T03:55:53.051287+00:00
182123,AFRINSURE,2022-09-08,0.2,,,0.2,0.0,2026-04-08T03:55:55.74031+00:00
182236,AFRINSURE,2022-09-09,0.2,,,0.2,0.0,2026-04-08T03:55:58.848563+00:00
182349,AFRINSURE,2022-09-12,0.2,,,0.2,0.0,2026-04-08T03:56:03.370953+00:00
182462,AFRINSURE,2022-09-13,0.2,,,0.2,0.0,2026-04-08T03:56:05.83654+00:00
182575,AFRINSURE,2022-09-14,0.2,,,0.2,0.0,2026-04-08T03:56:08.091672+00:00
182688,AFRINSURE,2022-09-16,0.2,,,0.2,0.0,2026-04-08T03:56:11.4683+00:00
182801,AFRINSURE,2022-09-19,0.2,,,0.2,0.0,2026-04-08T03:56:15.923342+00:00
182914,AFRINSURE,2022-09-20,0.2,,,0.2,0.0,2026-04-08T03:56:18.184056+00:00
183027,AFRINSURE,2022-09-21,0.2,,,0.2,0.0,2026-04-08T03:56:20.42724+00:00
183140,AFRINSURE,2022-09-22,0.2,,,0.2,0.0,2026-04-08T03:56:22.767495+00:00
183253,AFRINSURE,2022-09-23,0.2,,,0.2,0.0,2026-04-08T03:56:25.066978+00:00
183366,AFRINSURE,2022-09-26,0.2,,,0.2,0.0,2026-04-08T03:56:29.379703+00:00
183479,AFRINSURE,2022-09-28,0.2,,,0.2,0.0,2026-04-08T03:56:32.717753+00:00
183592,AFRINSURE,2022-09-29,0.2,,,0.2,0.0,2026-04-08T03:56:35.489047+00:00
183705,AFRINSURE,2022-09-30,0.2,,,0.2,0.0,2026-04-08T03:56:37.947618+00:00
183818,AFRINSURE,2022-10-05,0.2,,,0.2,0.0,2026-04-08T03:56:44.538147+00:00
183932,AFRINSURE,2022-10-06,0.2,,,0.2,0.0,2026-04-08T03:56:46.932693+00:00
184046,AFRINSURE,2022-10-07,0.2,,,0.2,0.0,2026-04-08T03:56:49.334037+00:00
184160,AFRINSURE,2022-10-11,0.2,,,0.2,0.0,2026-04-08T03:56:55.029281+00:00
184274,AFRINSURE,2022-10-12,0.2,,,0.2,0.0,2026-04-08T03:56:58.300033+00:00
184388,AFRINSURE,2022-10-13,0.2,,,0.2,0.0,2026-04-08T03:57:00.825788+00:00
184502,AFRINSURE,2022-10-14,0.2,,,0.2,0.0,2026-04-08T03:57:03.298348+00:00
184616,AFRINSURE,2022-10-17,0.2,,,0.2,0.0,2026-04-08T03:57:07.885609+00:00
184730,AFRINSURE,2022-10-18,0.2,,,0.2,0.0,2026-04-08T03:57:10.303346+00:00
184844,AFRINSURE,2022-10-19,0.2,,,0.2,0.0,2026-04-08T03:57:12.819589+00:00
184958,AFRINSURE,2022-10-20,0.2,,,0.2,0.0,2026-04-08T03:57:15.111185+00:00
185072,AFRINSURE,2022-10-21,0.2,,,0.2,0.0,2026-04-08T03:57:17.499968+00:00
185186,AFRINSURE,2022-10-24,0.2,,,0.2,0.0,2026-04-08T03:57:21.686266+00:00
185300,AFRINSURE,2022-10-26,0.2,,,0.2,0.0,2026-04-08T03:57:24.913682+00:00
185414,AFRINSURE,2022-10-27,0.2,,,0.2,0.0,2026-04-08T03:57:27.260544+00:00
185528,AFRINSURE,2022-10-28,0.2,,,0.2,0.0,2026-04-08T03:57:29.835926+00:00
185642,AFRINSURE,2022-10-31,0.2,,,0.2,0.0,2026-04-08T03:57:34.21591+00:00
185756,AFRINSURE,2022-11-01,0.2,,,0.2,0.0,2026-04-08T03:57:36.609373+00:00
185870,AFRINSURE,2022-11-02,0.2,,,0.2,0.0,2026-04-08T03:57:39.066556+00:00
185984,AFRINSURE,2022-11-03,0.2,,,0.2,0.0,2026-04-08T03:57:41.442199+00:00
186098,AFRINSURE,2022-11-04,0.2,,,0.2,0.0,2026-04-08T03:57:43.70904+00:00
186212,AFRINSURE,2022-11-08,0.2,,,0.2,0.0,2026-04-08T03:57:49.123122+00:00
186326,AFRINSURE,2022-11-09,0.2,,,0.2,0.0,2026-04-08T03:57:51.464602+00:00
186440,AFRINSURE,2022-11-10,0.2,,,0.2,0.0,2026-04-08T03:57:54.291842+00:00
186554,AFRINSURE,2022-11-11,0.2,,,0.2,0.0,2026-04-08T03:57:56.704911+00:00
186668,AFRINSURE,2022-11-14,0.2,,,0.2,0.0,2026-04-08T03:58:01.331373+00:00
186782,AFRINSURE,2022-11-15,0.2,,,0.2,0.0,2026-04-08T03:58:03.6444+00:00
186896,AFRINSURE,2022-11-16,0.2,,,0.2,0.0,2026-04-08T03:58:06.118311+00:00
187010,AFRINSURE,2022-11-17,0.2,,,0.2,0.0,2026-04-08T03:58:08.47049+00:00
187124,AFRINSURE,2022-11-18,0.2,,,0.2,0.0,2026-04-08T03:58:10.955275+00:00
187238,AFRINSURE,2022-11-21,0.2,,,0.2,0.0,2026-04-08T03:58:15.672507+00:00
187352,AFRINSURE,2022-11-22,0.2,,,0.2,0.0,2026-04-08T03:58:18.170118+00:00
187466,AFRINSURE,2022-11-24,0.2,,,0.2,0.0,2026-04-08T03:58:21.692503+00:00
187580,AFRINSURE,2022-11-25,0.2,,,0.2,0.0,2026-04-08T03:58:24.033539+00:00
187694,AFRINSURE,2022-11-28,0.2,,,0.2,0.0,2026-04-08T03:58:28.532723+00:00
187808,AFRINSURE,2022-11-29,0.2,,,0.2,0.0,2026-04-08T03:58:30.983113+00:00
187922,AFRINSURE,2022-11-30,0.2,,,0.2,0.0,2026-04-08T03:58:33.448849+00:00
188036,AFRINSURE,2022-12-01,0.2,,,0.2,0.0,2026-04-08T03:58:35.664261+00:00
188151,AFRINSURE,2022-12-02,0.2,,,0.2,0.0,2026-04-08T03:58:37.897027+00:00
188265,AFRINSURE,2022-12-05,0.2,,,0.2,0.0,2026-04-08T03:58:42.456795+00:00
188379,AFRINSURE,2022-12-06,0.2,,,0.2,0.0,2026-04-08T03:58:44.756119+00:00
188493,AFRINSURE,2022-12-07,0.2,,,0.2,0.0,2026-04-08T03:58:47.196669+00:00
188607,AFRINSURE,2022-12-08,0.2,,,0.2,0.0,2026-04-08T03:58:49.52806+00:00
188721,AFRINSURE,2022-12-09,0.2,,,0.2,0.0,2026-04-08T03:58:51.902427+00:00
188835,AFRINSURE,2022-12-12,0.2,,,0.2,0.0,2026-04-08T03:58:56.156124+00:00
188949,AFRINSURE,2022-12-13,0.2,,,0.2,0.0,2026-04-08T03:58:58.485404+00:00
189063,AFRINSURE,2022-12-14,0.2,,,0.2,0.0,2026-04-08T03:59:00.851945+00:00
189177,AFRINSURE,2022-12-15,0.2,,,0.2,0.0,2026-04-08T03:59:03.086647+00:00
189291,AFRINSURE,2022-12-16,0.2,,,0.2,0.0,2026-04-08T03:59:05.5442+00:00
189405,AFRINSURE,2022-12-19,0.2,,,0.2,0.0,2026-04-08T03:59:09.806719+00:00
189519,AFRINSURE,2022-12-20,0.2,,,0.2,0.0,2026-04-08T03:59:12.630732+00:00
189633,AFRINSURE,2022-12-21,0.2,,,0.2,0.0,2026-04-08T03:59:14.990319+00:00
189747,AFRINSURE,2022-12-22,0.2,,,0.2,0.0,2026-04-08T03:59:17.229229+00:00
189861,AFRINSURE,2022-12-23,0.2,,,0.2,0.0,2026-04-08T03:59:19.674012+00:00
189975,AFRINSURE,2022-12-28,0.2,,,0.2,0.0,2026-04-08T03:59:26.406492+00:00
190089,AFRINSURE,2022-12-30,0.2,,,0.2,0.0,2026-04-08T03:59:29.796579+00:00
190203,AFRINSURE,2023-01-04,0.2,,,0.2,0.0,2026-04-08T03:59:36.276207+00:00
190317,AFRINSURE,2023-01-05,0.2,,,0.2,0.0,2026-04-08T03:59:38.771807+00:00
190431,AFRINSURE,2023-01-06,0.2,,,0.2,0.0,2026-04-08T03:59:41.229635+00:00
190545,AFRINSURE,2023-01-09,0.2,,,0.2,0.0,2026-04-08T03:59:45.608271+00:00
190659,AFRINSURE,2023-01-10,0.2,,,0.2,0.0,2026-04-08T03:59:47.862187+00:00
190773,AFRINSURE,2023-01-11,0.2,,,0.2,0.0,2026-04-08T03:59:50.211712+00:00
190887,AFRINSURE,2023-01-12,0.2,,,0.2,0.0,2026-04-08T03:59:52.676239+00:00
191001,AFRINSURE,2023-01-13,0.2,,,0.2,0.0,2026-04-08T03:59:55.073566+00:00
191115,AFRINSURE,2023-01-17,0.2,,,0.2,0.0,2026-04-08T04:00:00.52991+00:00
191229,AFRINSURE,2023-01-18,0.2,,,0.2,0.0,2026-04-08T04:00:02.930508+00:00
191343,AFRINSURE,2023-01-19,0.2,,,0.2,0.0,2026-04-08T04:00:05.157464+00:00
191457,AFRINSURE,2023-01-20,0.2,,,0.2,0.0,2026-04-08T04:00:07.441529+00:00
191571,AFRINSURE,2023-01-23,0.2,,,0.2,0.0,2026-04-08T04:00:11.934625+00:00
191685,AFRINSURE,2023-01-24,0.2,,,0.2,0.0,2026-04-08T04:00:14.448563+00:00
191799,AFRINSURE,2023-01-25,0.2,,,0.2,0.0,2026-04-08T04:00:16.660222+00:00
191913,AFRINSURE,2023-01-26,0.2,,,0.2,0.0,2026-04-08T04:00:19.02129+00:00
192027,AFRINSURE,2023-01-27,0.2,,,0.2,0.0,2026-04-08T04:00:21.366865+00:00
192141,AFRINSURE,2023-01-30,0.2,,,0.2,0.0,2026-04-08T04:00:26.318741+00:00
192255,AFRINSURE,2023-01-31,0.2,,,0.2,0.0,2026-04-08T04:00:28.560212+00:00
192369,AFRINSURE,2023-02-06,0.2,,,0.2,0.0,2026-04-08T04:00:36.14931+00:00
192483,AFRINSURE,2023-02-07,0.2,,,0.2,0.0,2026-04-08T04:00:38.379875+00:00
192597,AFRINSURE,2023-02-08,0.2,,,0.2,0.0,2026-04-08T04:00:40.736361+00:00
192711,AFRINSURE,2023-02-09,0.2,,,0.2,0.0,2026-04-08T04:00:43.03687+00:00
192825,AFRINSURE,2023-02-10,0.2,,,0.2,0.0,2026-04-08T04:00:46.517744+00:00
192939,AFRINSURE,2023-02-13,0.2,,,0.2,0.0,2026-04-08T04:00:50.958429+00:00
193053,AFRINSURE,2023-02-14,0.2,,,0.2,0.0,2026-04-08T04:00:53.400398+00:00
193167,AFRINSURE,2023-02-15,0.2,,,0.2,0.0,2026-04-08T04:00:55.645789+00:00
193281,AFRINSURE,2023-02-16,0.2,,,0.2,0.0,2026-04-08T04:00:58.043326+00:00
193395,AFRINSURE,2023-02-17,0.2,,,0.2,0.0,2026-04-08T04:01:00.355798+00:00
193509,AFRINSURE,2023-02-20,0.2,,,0.2,0.0,2026-04-08T04:01:04.633293+00:00
193623,AFRINSURE,2023-02-21,0.2,,,0.2,0.0,2026-04-08T04:01:06.910783+00:00
193737,AFRINSURE,2023-02-22,0.2,,,0.2,0.0,2026-04-08T04:01:09.421576+00:00
193851,AFRINSURE,2023-02-23,0.2,,,0.2,0.0,2026-04-08T04:01:11.765387+00:00
193965,AFRINSURE,2023-02-24,0.2,,,0.2,0.0,2026-04-08T04:01:14.12415+00:00
194079,AFRINSURE,2023-02-27,0.2,,,0.2,0.0,2026-04-08T04:01:18.463572+00:00
194193,AFRINSURE,2023-02-28,0.2,,,0.2,0.0,2026-04-08T04:01:20.671303+00:00
194307,AFRINSURE,2023-03-01,0.2,,,0.2,0.0,2026-04-08T04:01:23.068989+00:00
194421,AFRINSURE,2023-03-02,0.2,,,0.2,0.0,2026-04-08T04:01:25.352172+00:00
194535,AFRINSURE,2023-03-03,0.2,,,0.2,0.0,2026-04-08T04:01:27.716711+00:00
194649,AFRINSURE,2023-03-06,0.2,,,0.2,0.0,2026-04-08T04:01:32.392486+00:00
194763,AFRINSURE,2023-03-07,0.2,,,0.2,0.0,2026-04-08T04:01:34.845095+00:00
194877,AFRINSURE,2023-03-08,0.2,,,0.2,0.0,2026-04-08T04:01:37.261757+00:00
194991,AFRINSURE,2023-03-09,0.2,,,0.2,0.0,2026-04-08T04:01:39.987396+00:00
195105,AFRINSURE,2023-03-13,0.2,,,0.2,0.0,2026-04-08T04:01:45.627511+00:00
195219,AFRINSURE,2023-03-14,0.2,,,0.2,0.0,2026-04-08T04:01:48.257383+00:00
195333,AFRINSURE,2023-03-15,0.2,,,0.2,0.0,2026-04-08T04:01:50.627346+00:00
195447,AFRINSURE,2023-03-16,0.2,,,0.2,0.0,2026-04-08T04:01:53.062383+00:00
195561,AFRINSURE,2023-03-17,0.2,,,0.2,0.0,2026-04-08T04:01:55.701252+00:00
195675,AFRINSURE,2023-03-20,0.2,,,0.2,0.0,2026-04-08T04:01:59.933448+00:00
195789,AFRINSURE,2023-03-22,0.2,,,0.2,0.0,2026-04-08T04:02:03.467012+00:00
195903,AFRINSURE,2023-03-23,0.2,,,0.2,0.0,2026-04-08T04:02:05.929911+00:00
196017,AFRINSURE,2023-03-24,0.2,,,0.2,0.0,2026-04-08T04:02:08.248632+00:00
196131,AFRINSURE,2023-03-27,0.2,,,0.2,0.0,2026-04-08T04:02:12.564733+00:00
196245,AFRINSURE,2023-03-28,0.2,,,0.2,0.0,2026-04-08T04:02:14.764209+00:00
196359,AFRINSURE,2023-03-29,0.2,,,0.2,0.0,2026-04-08T04:02:17.140393+00:00
196473,AFRINSURE,2023-03-30,0.2,,,0.2,0.0,2026-04-08T04:02:19.470716+00:00
196587,AFRINSURE,2023-03-31,0.2,,,0.2,0.0,2026-04-08T04:02:21.739047+00:00
196701,AFRINSURE,2023-04-03,0.2,,,0.2,0.0,2026-04-08T04:02:26.060346+00:00
196815,AFRINSURE,2023-04-04,0.2,,,0.2,0.0,2026-04-08T04:02:28.444728+00:00
196929,AFRINSURE,2023-04-05,0.2,,,0.2,0.0,2026-04-08T04:02:30.864627+00:00
197043,AFRINSURE,2023-04-06,0.2,,,0.2,0.0,2026-04-08T04:02:33.239626+00:00
197157,AFRINSURE,2023-04-11,0.2,,,0.2,0.0,2026-04-08T04:02:39.320239+00:00
197271,AFRINSURE,2023-04-12,0.2,,,0.2,0.0,2026-04-08T04:02:41.643197+00:00
197385,AFRINSURE,2023-04-13,0.2,,,0.2,0.0,2026-04-08T04:02:44.360634+00:00
197499,AFRINSURE,2023-04-14,0.2,,,0.2,0.0,2026-04-08T04:02:47.093001+00:00
197613,AFRINSURE,2023-04-17,0.2,,,0.2,0.0,2026-04-08T04:02:52.113012+00:00
197727,AFRINSURE,2023-04-18,0.2,,,0.2,0.0,2026-04-08T04:02:54.97501+00:00
197841,AFRINSURE,2023-04-19,0.2,,,0.2,0.0,2026-04-08T04:02:57.648371+00:00
197955,AFRINSURE,2023-04-20,0.2,,,0.2,0.0,2026-04-08T04:03:00.087899+00:00
198069,AFRINSURE,2023-04-25,0.2,,,0.2,0.0,2026-04-08T04:03:06.320111+00:00
198183,AFRINSURE,2023-04-26,0.2,,,0.2,0.0,2026-04-08T04:03:08.704488+00:00
198297,AFRINSURE,2023-04-27,0.2,,,0.2,0.0,2026-04-08T04:03:11.176222+00:00
198411,AFRINSURE,2023-04-28,0.2,,,0.2,0.0,2026-04-08T04:03:13.757457+00:00
198525,AFRINSURE,2023-05-03,0.2,,,0.2,0.0,2026-04-08T04:03:20.258962+00:00
198639,AFRINSURE,2023-05-04,0.2,,,0.2,0.0,2026-04-08T04:03:22.719511+00:00
198753,AFRINSURE,2023-05-08,0.2,,,0.2,0.0,2026-04-08T04:03:29.045349+00:00
198867,AFRINSURE,2023-05-09,0.2,,,0.2,0.0,2026-04-08T04:03:32.620003+00:00
198981,AFRINSURE,2023-05-12,0.2,,,0.2,0.0,2026-04-08T04:03:37.286216+00:00
199095,AFRINSURE,2023-05-15,0.2,,,0.2,0.0,2026-04-08T04:03:41.825544+00:00
199209,AFRINSURE,2023-05-16,0.2,,,0.2,0.0,2026-04-08T04:03:44.244464+00:00
199323,AFRINSURE,2023-05-17,0.2,,,0.2,0.0,2026-04-08T04:03:46.492518+00:00
199437,AFRINSURE,2023-05-18,0.2,,,0.2,0.0,2026-04-08T04:03:48.752249+00:00
199551,AFRINSURE,2023-05-19,0.2,,,0.2,0.0,2026-04-08T04:03:51.139215+00:00
199665,AFRINSURE,2023-05-22,0.2,,,0.2,0.0,2026-04-08T04:03:55.484935+00:00
199779,AFRINSURE,2023-05-23,0.2,,,0.2,0.0,2026-04-08T04:03:57.886867+00:00
199893,AFRINSURE,2023-05-24,0.2,,,0.2,0.0,2026-04-08T04:04:00.334047+00:00
200007,AFRINSURE,2023-05-25,0.2,,,0.2,0.0,2026-04-08T04:04:02.79018+00:00
200121,AFRINSURE,2023-05-26,0.2,,,0.2,0.0,2026-04-08T04:04:05.139052+00:00
200235,AFRINSURE,2023-05-30,0.2,,,0.2,0.0,2026-04-08T04:04:11.011702+00:00
200349,AFRINSURE,2023-06-01,0.2,,,0.2,0.0,2026-04-08T04:04:14.390605+00:00
200463,AFRINSURE,2023-06-02,0.2,,,0.2,0.0,2026-04-08T04:04:16.732653+00:00
200577,AFRINSURE,2023-06-05,0.2,,,0.2,0.0,2026-04-08T04:04:21.343031+00:00
200691,AFRINSURE,2023-06-06,0.2,,,0.2,0.0,2026-04-08T04:04:23.98223+00:00
200805,AFRINSURE,2023-06-07,0.2,,,0.2,0.0,2026-04-08T04:04:26.507718+00:00
200919,AFRINSURE,2023-06-08,0.2,,,0.2,0.0,2026-04-08T04:04:29.08401+00:00
201033,AFRINSURE,2023-06-09,0.2,,,0.2,0.0,2026-04-08T04:04:31.44664+00:00
201147,AFRINSURE,2023-06-13,0.2,,,0.2,0.0,2026-04-08T04:04:36.862505+00:00
201261,AFRINSURE,2023-06-14,0.2,,,0.2,0.0,2026-04-08T04:04:39.320552+00:00
201375,AFRINSURE,2023-06-15,0.2,,,0.2,0.0,2026-04-08T04:04:41.673534+00:00
201489,AFRINSURE,2023-06-16,0.2,,,0.2,0.0,2026-04-08T04:04:44.052846+00:00
201603,AFRINSURE,2023-06-19,0.2,,,0.2,0.0,2026-04-08T04:04:48.541112+00:00
201717,AFRINSURE,2023-06-20,0.2,,,0.2,0.0,2026-04-08T04:04:51.378552+00:00
201831,AFRINSURE,2023-06-21,0.2,,,0.2,0.0,2026-04-08T04:04:53.764277+00:00
201945,AFRINSURE,2023-06-22,0.2,,,0.2,0.0,2026-04-08T04:04:56.145117+00:00
202059,AFRINSURE,2023-06-26,0.2,,,0.2,0.0,2026-04-08T04:05:01.671465+00:00
202173,AFRINSURE,2023-06-30,0.2,,,0.2,0.0,2026-04-08T04:05:07.377697+00:00
202287,AFRINSURE,2023-07-03,0.2,,,0.2,0.0,2026-04-08T04:05:11.758079+00:00
202401,AFRINSURE,2023-07-04,0.2,,,0.2,0.0,2026-04-08T04:05:14.17436+00:00
202515,AFRINSURE,2023-07-05,0.2,,,0.2,0.0,2026-04-08T04:05:16.577423+00:00
202629,AFRINSURE,2023-07-06,0.2,,,0.2,0.0,2026-04-08T04:05:19.075393+00:00
202743,AFRINSURE,2023-07-07,0.2,,,0.2,0.0,2026-04-08T04:05:21.415756+00:00
202857,AFRINSURE,2023-07-10,0.2,,,0.2,0.0,2026-04-08T04:05:26.355595+00:00
202971,AFRINSURE,2023-07-11,0.2,,,0.2,0.0,2026-04-08T04:05:28.903538+00:00
203085,AFRINSURE,2023-07-12,0.2,,,0.2,0.0,2026-04-08T04:05:31.299012+00:00
203199,AFRINSURE,2023-07-14,0.2,,,0.2,0.0,2026-04-08T04:05:34.698751+00:00
203313,AFRINSURE,2023-07-17,0.2,,,0.2,0.0,2026-04-08T04:05:39.139368+00:00
203427,AFRINSURE,2023-07-19,0.2,,,0.2,0.0,2026-04-08T04:05:42.577032+00:00
203541,AFRINSURE,2023-07-20,0.2,,,0.2,0.0,2026-04-08T04:05:45.122849+00:00
203655,AFRINSURE,2023-07-21,0.2,,,0.2,0.0,2026-04-08T04:05:47.594805+00:00
203769,AFRINSURE,2023-07-24,0.2,,,0.2,0.0,2026-04-08T04:05:52.167161+00:00
203883,AFRINSURE,2023-07-25,0.2,,,0.2,0.0,2026-04-08T04:05:54.602351+00:00
203997,AFRINSURE,2023-07-26,0.2,,,0.2,0.0,2026-04-08T04:05:57.515236+00:00
204111,AFRINSURE,2023-07-27,0.2,,,0.2,0.0,2026-04-08T04:05:59.880161+00:00
204225,AFRINSURE,2023-07-28,0.2,,,0.2,0.0,2026-04-08T04:06:02.220136+00:00
204339,AFRINSURE,2023-07-31,0.2,,,0.2,0.0,2026-04-08T04:06:06.790851+00:00
204453,AFRINSURE,2023-08-02,0.2,,,0.2,0.0,2026-04-08T04:06:10.326378+00:00
204567,AFRINSURE,2023-08-03,0.2,,,0.2,0.0,2026-04-08T04:06:12.834218+00:00
204681,AFRINSURE,2023-08-04,0.2,,,0.2,0.0,2026-04-08T04:06:15.200886+00:00
204795,AFRINSURE,2023-08-07,0.2,,,0.2,0.0,2026-04-08T04:06:19.871718+00:00
204909,AFRINSURE,2023-08-08,0.2,,,0.2,0.0,2026-04-08T04:06:22.245918+00:00
205023,AFRINSURE,2023-08-09,0.2,,,0.2,0.0,2026-04-08T04:06:24.635943+00:00
205137,AFRINSURE,2023-08-10,0.2,,,0.2,0.0,2026-04-08T04:06:27.035398+00:00
205251,AFRINSURE,2023-08-11,0.2,,,0.2,0.0,2026-04-08T04:06:29.455701+00:00
205365,AFRINSURE,2023-08-14,0.2,,,0.2,0.0,2026-04-08T04:06:33.923569+00:00
205479,AFRINSURE,2023-08-15,0.2,,,0.2,0.0,2026-04-08T04:06:36.358161+00:00
205593,AFRINSURE,2023-08-16,0.2,,,0.2,0.0,2026-04-08T04:06:38.679915+00:00
205707,AFRINSURE,2023-08-17,0.2,,,0.2,0.0,2026-04-08T04:06:40.998805+00:00
205821,AFRINSURE,2023-08-18,0.2,,,0.2,0.0,2026-04-08T04:06:43.468275+00:00
205935,AFRINSURE,2023-08-21,0.2,,,0.2,0.0,2026-04-08T04:06:47.688711+00:00
206049,AFRINSURE,2023-08-24,0.2,,,0.2,0.0,2026-04-08T04:06:51.989424+00:00
206163,AFRINSURE,2023-08-25,0.2,,,0.2,0.0,2026-04-08T04:06:54.38475+00:00
206277,AFRINSURE,2023-08-28,0.2,,,0.2,0.0,2026-04-08T04:06:59.310949+00:00
206391,AFRINSURE,2023-08-29,0.2,,,0.2,0.0,2026-04-08T04:07:01.613742+00:00
206505,AFRINSURE,2023-08-30,0.2,,,0.2,0.0,2026-04-08T04:07:03.820209+00:00
206619,AFRINSURE,2023-09-01,0.2,,,0.2,0.0,2026-04-08T04:07:07.195585+00:00
206733,AFRINSURE,2023-09-04,0.2,,,0.2,0.0,2026-04-08T04:07:11.730996+00:00
206847,AFRINSURE,2023-09-05,0.2,,,0.2,0.0,2026-04-08T04:07:14.175893+00:00
206961,AFRINSURE,2023-09-06,0.2,,,0.2,0.0,2026-04-08T04:07:16.66229+00:00
207075,AFRINSURE,2023-09-07,0.2,,,0.2,0.0,2026-04-08T04:07:19.134101+00:00
207189,AFRINSURE,2023-09-08,0.2,,,0.2,0.0,2026-04-08T04:07:21.445908+00:00
207303,AFRINSURE,2023-09-11,0.2,,,0.2,0.0,2026-04-08T04:07:26.133096+00:00
207417,AFRINSURE,2023-09-12,0.2,,,0.2,0.0,2026-04-08T04:07:28.57479+00:00
207531,AFRINSURE,2023-09-13,0.2,,,0.2,0.0,2026-04-08T04:07:30.890589+00:00
207645,AFRINSURE,2023-09-14,0.2,,,0.2,0.0,2026-04-08T04:07:33.324455+00:00
207759,AFRINSURE,2023-09-15,0.2,,,0.2,0.0,2026-04-08T04:07:35.74244+00:00
207873,AFRINSURE,2023-09-18,0.2,,,0.2,0.0,2026-04-08T04:07:40.292184+00:00
207987,AFRINSURE,2023-09-19,0.2,,,0.2,0.0,2026-04-08T04:07:42.606346+00:00
208101,AFRINSURE,2023-09-20,0.2,,,0.2,0.0,2026-04-08T04:07:45.004042+00:00
208215,AFRINSURE,2023-09-21,0.2,,,0.2,0.0,2026-04-08T04:07:47.370085+00:00
208329,AFRINSURE,2023-09-22,0.2,,,0.2,0.0,2026-04-08T04:07:49.898567+00:00
208443,AFRINSURE,2023-09-25,0.2,,,0.2,0.0,2026-04-08T04:07:54.305125+00:00
208557,AFRINSURE,2023-09-28,0.2,,,0.2,0.0,2026-04-08T04:07:58.898315+00:00
208671,AFRINSURE,2023-09-29,0.2,,,0.2,0.0,2026-04-08T04:08:01.279649+00:00
208785,AFRINSURE,2023-10-03,0.2,,,0.2,0.0,2026-04-08T04:08:06.721549+00:00
208899,AFRINSURE,2023-10-04,0.2,,,0.2,0.0,2026-04-08T04:08:09.042741+00:00
209013,AFRINSURE,2023-10-05,0.2,,,0.2,0.0,2026-04-08T04:08:11.600182+00:00
209128,AFRINSURE,2023-10-06,0.2,,,0.2,0.0,2026-04-08T04:08:14.22861+00:00
209243,AFRINSURE,2023-10-09,0.2,,,0.2,0.0,2026-04-08T04:08:18.740555+00:00
209358,AFRINSURE,2023-10-10,0.2,,,0.2,0.0,2026-04-08T04:08:21.390436+00:00
209472,AFRINSURE,2023-10-12,0.2,,,0.2,0.0,2026-04-08T04:08:24.861957+00:00
209587,AFRINSURE,2023-10-13,0.2,,,0.2,0.0,2026-04-08T04:08:27.376596+00:00
209702,AFRINSURE,2023-10-16,0.2,,,0.2,0.0,2026-04-08T04:08:32.388707+00:00
209817,AFRINSURE,2023-10-17,0.2,,,0.2,0.0,2026-04-08T04:08:34.738576+00:00
209932,AFRINSURE,2023-10-19,0.2,,,0.2,0.0,2026-04-08T04:08:38.671249+00:00
210047,AFRINSURE,2023-10-20,0.2,,,0.2,0.0,2026-04-08T04:08:40.967521+00:00
210162,AFRINSURE,2023-10-23,0.2,,,0.2,0.0,2026-04-08T04:08:45.440193+00:00
210277,AFRINSURE,2023-10-24,0.2,,,0.2,0.0,2026-04-08T04:08:47.71675+00:00
210392,AFRINSURE,2023-10-25,0.2,,,0.2,0.0,2026-04-08T04:08:50.022319+00:00
210507,AFRINSURE,2023-10-26,0.2,,,0.2,0.0,2026-04-08T04:08:52.472279+00:00
210622,AFRINSURE,2023-10-27,0.2,,,0.2,0.0,2026-04-08T04:08:54.778052+00:00
210737,AFRINSURE,2023-10-30,0.2,,,0.2,0.0,2026-04-08T04:08:59.45056+00:00
210852,AFRINSURE,2023-10-31,0.2,,,0.2,0.0,2026-04-08T04:09:01.914254+00:00
210967,AFRINSURE,2023-11-01,0.2,,,0.2,0.0,2026-04-08T04:09:04.386399+00:00
211082,AFRINSURE,2023-11-02,0.2,,,0.2,0.0,2026-04-08T04:09:06.696264+00:00
211197,AFRINSURE,2023-11-03,0.2,,,0.2,0.0,2026-04-08T04:09:09.071615+00:00
211312,AFRINSURE,2023-11-06,0.2,,,0.2,0.0,2026-04-08T04:09:13.59419+00:00
211427,AFRINSURE,2023-11-07,0.2,,,0.2,0.0,2026-04-08T04:09:15.923939+00:00
211543,AFRINSURE,2023-11-08,0.2,,,0.2,0.0,2026-04-08T04:09:18.177895+00:00
211659,AFRINSURE,2023-11-09,0.2,,,0.2,0.0,2026-04-08T04:09:20.462573+00:00
211775,AFRINSURE,2023-11-10,0.2,,,0.2,0.0,2026-04-08T04:09:22.644841+00:00
211891,AFRINSURE,2023-11-13,0.2,,,0.2,0.0,2026-04-08T04:09:27.404692+00:00
212007,AFRINSURE,2023-11-14,0.2,,,0.2,0.0,2026-04-08T04:09:29.775588+00:00
212123,AFRINSURE,2023-11-15,0.2,,,0.2,0.0,2026-04-08T04:09:32.378304+00:00
212239,AFRINSURE,2023-11-16,0.2,,,0.2,0.0,2026-04-08T04:09:34.916677+00:00
212355,AFRINSURE,2023-11-17,0.2,,,0.2,0.0,2026-04-08T04:09:37.378105+00:00
212471,AFRINSURE,2023-11-20,0.2,,,0.2,0.0,2026-04-08T04:09:41.830835+00:00
212587,AFRINSURE,2023-11-21,0.2,,,0.2,0.0,2026-04-08T04:09:44.211025+00:00
212703,AFRINSURE,2023-11-22,0.2,,,0.2,0.0,2026-04-08T04:09:46.526636+00:00
212819,AFRINSURE,2023-11-23,0.2,,,0.2,0.0,2026-04-08T04:09:48.793806+00:00
212935,AFRINSURE,2023-11-27,0.2,,,0.2,0.0,2026-04-08T04:09:54.316732+00:00
213052,AFRINSURE,2023-11-28,0.2,,,0.2,0.0,2026-04-08T04:09:57.050116+00:00
213169,AFRINSURE,2023-11-29,0.2,,,0.2,0.0,2026-04-08T04:09:59.54407+00:00
213286,AFRINSURE,2023-11-30,0.2,,,0.2,0.0,2026-04-08T04:10:01.973818+00:00
213403,AFRINSURE,2023-12-01,0.2,,,0.2,0.0,2026-04-08T04:10:04.46052+00:00
213520,AFRINSURE,2023-12-04,0.2,,,0.2,0.0,2026-04-08T04:10:08.793495+00:00
213637,AFRINSURE,2023-12-05,0.2,,,0.2,0.0,2026-04-08T04:10:11.104733+00:00
213754,AFRINSURE,2023-12-06,0.2,,,0.2,0.0,2026-04-08T04:10:13.383432+00:00
213871,AFRINSURE,2023-12-08,0.2,,,0.2,0.0,2026-04-08T04:10:16.965057+00:00
213988,AFRINSURE,2023-12-11,0.2,,,0.2,0.0,2026-04-08T04:10:21.350621+00:00
214105,AFRINSURE,2023-12-12,0.2,,,0.2,0.0,2026-04-08T04:10:23.843731+00:00
214222,AFRINSURE,2023-12-13,0.2,,,0.2,0.0,2026-04-08T04:10:26.19208+00:00
214339,AFRINSURE,2023-12-14,0.2,,,0.2,0.0,2026-04-08T04:10:28.64956+00:00
214456,AFRINSURE,2023-12-15,0.2,,,0.2,0.0,2026-04-08T04:10:31.179138+00:00
214573,AFRINSURE,2023-12-18,0.2,,,0.2,0.0,2026-04-08T04:10:35.879044+00:00
214690,AFRINSURE,2023-12-19,0.2,,,0.2,0.0,2026-04-08T04:10:38.280823+00:00
214807,AFRINSURE,2023-12-20,0.2,,,0.2,0.0,2026-04-08T04:10:40.523028+00:00
214924,AFRINSURE,2023-12-21,0.2,,,0.2,0.0,2026-04-08T04:10:42.873875+00:00
215041,AFRINSURE,2023-12-28,0.2,,,0.2,0.0,2026-04-08T04:10:51.166125+00:00
215158,AFRINSURE,2023-12-29,0.2,,,0.2,0.0,2026-04-08T04:10:53.57119+00:00
215275,AFRINSURE,2024-01-02,0.2,,,0.2,0.0,2026-04-08T04:10:59.157783+00:00
215392,AFRINSURE,2024-01-03,0.2,,,0.2,0.0,2026-04-08T04:11:01.401293+00:00
215509,AFRINSURE,2024-01-04,0.2,,,0.2,0.0,2026-04-08T04:11:03.846312+00:00
215626,AFRINSURE,2024-01-05,0.2,,,0.2,0.0,2026-04-08T04:11:07.208124+00:00
215743,AFRINSURE,2024-01-08,0.2,,,0.2,0.0,2026-04-08T04:11:11.742656+00:00
215860,AFRINSURE,2024-01-09,0.2,,,0.2,0.0,2026-04-08T04:11:14.100458+00:00
215977,AFRINSURE,2024-01-10,0.2,,,0.2,0.0,2026-04-08T04:11:16.512964+00:00
216094,AFRINSURE,2024-01-11,0.2,,,0.2,0.0,2026-04-08T04:11:18.918089+00:00
216211,AFRINSURE,2024-01-12,0.2,,,0.2,0.0,2026-04-08T04:11:21.244944+00:00
216328,AFRINSURE,2024-01-15,0.2,,,0.2,0.0,2026-04-08T04:11:25.674113+00:00
216445,AFRINSURE,2024-01-16,0.2,,,0.2,0.0,2026-04-08T04:11:28.037988+00:00
216562,AFRINSURE,2024-01-18,0.2,,,0.2,0.0,2026-04-08T04:11:31.337167+00:00
216679,AFRINSURE,2024-01-19,0.2,,,0.2,0.0,2026-04-08T04:11:38.619168+00:00
216796,AFRINSURE,2024-01-22,0.2,,,0.2,0.0,2026-04-08T04:11:42.948818+00:00
216913,AFRINSURE,2024-01-23,0.2,,,0.2,0.0,2026-04-08T04:11:45.304506+00:00
217030,AFRINSURE,2024-01-24,0.2,,,0.2,0.0,2026-04-08T04:11:47.647942+00:00
217147,AFRINSURE,2024-01-25,0.2,,,0.2,0.0,2026-04-08T04:11:50.11021+00:00
217264,AFRINSURE,2024-01-26,0.2,,,0.2,0.0,2026-04-08T04:11:52.721812+00:00
217381,AFRINSURE,2024-01-29,0.2,,,0.2,0.0,2026-04-08T04:11:57.440388+00:00
217498,AFRINSURE,2024-01-30,0.2,,,0.2,0.0,2026-04-08T04:12:00.024191+00:00
217615,AFRINSURE,2024-01-31,0.2,,,0.2,0.0,2026-04-08T04:12:02.433526+00:00
217732,AFRINSURE,2024-02-01,0.2,,,0.2,0.0,2026-04-08T04:12:04.812869+00:00
217849,AFRINSURE,2024-02-02,0.2,,,0.2,0.0,2026-04-08T04:12:07.232701+00:00
217966,AFRINSURE,2024-02-05,0.2,,,0.2,0.0,2026-04-08T04:12:11.791199+00:00
218083,AFRINSURE,2024-02-06,0.2,,,0.2,0.0,2026-04-08T04:12:14.363902+00:00
218200,AFRINSURE,2024-02-07,0.2,,,0.2,0.0,2026-04-08T04:12:16.791058+00:00
218317,AFRINSURE,2024-02-08,0.2,,,0.2,0.0,2026-04-08T04:12:19.312026+00:00
218434,AFRINSURE,2024-02-09,0.2,,,0.2,0.0,2026-04-08T04:12:21.609908+00:00
218551,AFRINSURE,2024-02-12,0.2,,,0.2,0.0,2026-04-08T04:12:25.771109+00:00
218668,AFRINSURE,2024-02-13,0.2,,,0.2,0.0,2026-04-08T04:12:28.061356+00:00
218785,AFRINSURE,2024-02-14,0.2,,,0.2,0.0,2026-04-08T04:12:30.570558+00:00
218902,AFRINSURE,2024-02-16,0.2,,,0.2,0.0,2026-04-08T04:12:34.036511+00:00
219019,AFRINSURE,2024-02-19,0.2,,,0.2,0.0,2026-04-08T04:12:38.429241+00:00
219136,AFRINSURE,2024-02-20,0.2,,,0.2,0.0,2026-04-08T04:12:40.813552+00:00
219253,AFRINSURE,2024-02-21,0.2,,,0.2,0.0,2026-04-08T04:12:43.257682+00:00
219370,AFRINSURE,2024-02-22,0.2,,,0.2,0.0,2026-04-08T04:12:45.850796+00:00
219487,AFRINSURE,2024-02-26,0.2,,,0.2,0.0,2026-04-08T04:12:51.18414+00:00
219604,AFRINSURE,2024-02-27,0.2,,,0.2,0.0,2026-04-08T04:12:53.509755+00:00
219721,AFRINSURE,2024-02-29,0.2,,,0.2,0.0,2026-04-08T04:12:56.822244+00:00
219838,AFRINSURE,2024-03-01,0.2,,,0.2,0.0,2026-04-08T04:12:59.287484+00:00
219955,AFRINSURE,2024-03-04,0.2,,,0.2,0.0,2026-04-08T04:13:03.814092+00:00
220073,AFRINSURE,2024-03-05,0.2,,,0.2,0.0,2026-04-08T04:13:06.279726+00:00
220191,AFRINSURE,2024-03-06,0.2,,,0.2,0.0,2026-04-08T04:13:08.558236+00:00
220309,AFRINSURE,2024-03-07,0.2,,,0.2,0.0,2026-04-08T04:13:10.988978+00:00
220427,AFRINSURE,2024-03-08,0.2,,,0.2,0.0,2026-04-08T04:13:13.453006+00:00
220545,AFRINSURE,2024-03-11,0.2,,,0.2,0.0,2026-04-08T04:13:17.773706+00:00
220663,AFRINSURE,2024-03-12,0.2,,,0.2,0.0,2026-04-08T04:13:20.258657+00:00
220781,AFRINSURE,2024-03-13,0.2,,,0.2,0.0,2026-04-08T04:13:22.557243+00:00
220899,AFRINSURE,2024-03-14,0.2,,,0.2,0.0,2026-04-08T04:13:25.004754+00:00
221017,AFRINSURE,2024-03-15,0.2,,,0.2,0.0,2026-04-08T04:13:27.500984+00:00
221135,AFRINSURE,2024-03-19,0.2,,,0.2,0.0,2026-04-08T04:13:32.54102+00:00
221253,AFRINSURE,2024-03-20,0.2,,,0.2,0.0,2026-04-08T04:13:34.949661+00:00
221371,AFRINSURE,2024-03-21,0.2,,,0.2,0.0,2026-04-08T04:13:37.293426+00:00
221489,AFRINSURE,2024-03-22,0.2,,,0.2,0.0,2026-04-08T04:13:39.66616+00:00
221607,AFRINSURE,2024-03-25,0.2,,,0.2,0.0,2026-04-08T04:13:43.964435+00:00
221725,AFRINSURE,2024-03-26,0.2,,,0.2,0.0,2026-04-08T04:13:46.391317+00:00
221843,AFRINSURE,2024-03-27,0.2,,,0.2,0.0,2026-04-08T04:13:48.795654+00:00
221961,AFRINSURE,2024-03-28,0.2,,,0.2,0.0,2026-04-08T04:13:51.173779+00:00
222079,AFRINSURE,2024-04-02,0.2,,,0.2,0.0,2026-04-08T04:13:58.053067+00:00
222197,AFRINSURE,2024-04-03,0.2,,,0.2,0.0,2026-04-08T04:14:00.66873+00:00
222315,AFRINSURE,2024-04-04,0.2,,,0.2,0.0,2026-04-08T04:14:03.310057+00:00
222433,AFRINSURE,2024-04-05,0.2,,,0.2,0.0,2026-04-08T04:14:05.820809+00:00
222551,AFRINSURE,2024-04-12,0.2,,,0.2,0.0,2026-04-08T04:14:15.984697+00:00
222669,AFRINSURE,2024-04-15,0.2,,,0.2,0.0,2026-04-08T04:14:20.492228+00:00
222787,AFRINSURE,2024-04-16,0.2,,,0.2,0.0,2026-04-08T04:14:22.958286+00:00
222905,AFRINSURE,2024-04-17,0.2,,,0.2,0.0,2026-04-08T04:14:25.407203+00:00
223023,AFRINSURE,2024-04-18,0.2,,,0.2,0.0,2026-04-08T04:14:27.862982+00:00
223141,AFRINSURE,2024-04-19,0.2,,,0.2,0.0,2026-04-08T04:14:30.225092+00:00
223259,AFRINSURE,2024-04-22,0.2,,,0.2,0.0,2026-04-08T04:14:34.624841+00:00
223377,AFRINSURE,2024-04-23,0.2,,,0.2,0.0,2026-04-08T04:14:36.881925+00:00
223495,AFRINSURE,2024-04-24,0.2,,,0.2,0.0,2026-04-08T04:14:39.108369+00:00
223613,AFRINSURE,2024-04-25,0.2,,,0.2,0.0,2026-04-08T04:14:41.415412+00:00
223731,AFRINSURE,2024-04-26,0.2,,,0.2,0.0,2026-04-08T04:14:43.709399+00:00
223849,AFRINSURE,2024-04-29,0.2,,,0.2,0.0,2026-04-08T04:14:47.97937+00:00
223967,AFRINSURE,2024-04-30,0.2,,,0.2,0.0,2026-04-08T04:14:50.304196+00:00
224085,AFRINSURE,2024-05-02,0.2,,,0.2,0.0,2026-04-08T04:14:53.573612+00:00
224203,AFRINSURE,2024-05-03,0.2,,,0.2,0.0,2026-04-08T04:14:55.989363+00:00
224321,AFRINSURE,2024-05-06,0.2,,,0.2,0.0,2026-04-08T04:15:00.14873+00:00
224439,AFRINSURE,2024-05-07,0.2,,,0.2,0.0,2026-04-08T04:15:02.40079+00:00
224557,AFRINSURE,2024-05-08,0.2,,,0.2,0.0,2026-04-08T04:15:04.708287+00:00
224675,AFRINSURE,2024-05-09,0.2,,,0.2,0.0,2026-04-08T04:15:07.337178+00:00
224793,AFRINSURE,2024-05-10,0.2,,,0.2,0.0,2026-04-08T04:15:09.604775+00:00
224911,AFRINSURE,2024-05-13,0.2,,,0.2,0.0,2026-04-08T04:15:13.907933+00:00
225029,AFRINSURE,2024-05-14,0.2,,,0.2,0.0,2026-04-08T04:15:16.26654+00:00
225147,AFRINSURE,2024-05-15,0.2,,,0.2,0.0,2026-04-08T04:15:18.549958+00:00
225265,AFRINSURE,2024-05-16,0.2,,,0.2,0.0,2026-04-08T04:15:20.841424+00:00
225383,AFRINSURE,2024-05-20,0.2,,,0.2,0.0,2026-04-08T04:15:25.962105+00:00
225501,AFRINSURE,2024-05-21,0.2,,,0.2,0.0,2026-04-08T04:15:28.334406+00:00
225619,AFRINSURE,2024-05-22,0.2,,,0.2,0.0,2026-04-08T04:15:30.660212+00:00
225737,AFRINSURE,2024-05-23,0.2,,,0.2,0.0,2026-04-08T04:15:32.993296+00:00
225855,AFRINSURE,2024-05-24,0.2,,,0.2,0.0,2026-04-08T04:15:35.360226+00:00
225973,AFRINSURE,2024-05-27,0.2,,,0.2,0.0,2026-04-08T04:15:39.562711+00:00
226091,AFRINSURE,2024-05-28,0.2,,,0.2,0.0,2026-04-08T04:15:41.894674+00:00
226209,AFRINSURE,2024-05-29,0.2,,,0.2,0.0,2026-04-08T04:15:44.435333+00:00
226327,AFRINSURE,2024-05-30,0.2,,,0.2,0.0,2026-04-08T04:15:46.695543+00:00
226445,AFRINSURE,2024-05-31,0.2,,,0.2,0.0,2026-04-08T04:15:48.909252+00:00
226563,AFRINSURE,2024-06-03,0.2,,,0.2,0.0,2026-04-08T04:15:53.203965+00:00
226681,AFRINSURE,2024-06-04,0.2,,,0.2,0.0,2026-04-08T04:15:55.456464+00:00
226799,AFRINSURE,2024-06-05,0.2,,,0.2,0.0,2026-04-08T04:15:57.839545+00:00
226917,AFRINSURE,2024-06-06,0.2,,,0.2,0.0,2026-04-08T04:16:00.091412+00:00
227035,AFRINSURE,2024-06-07,0.2,,,0.2,0.0,2026-04-08T04:16:02.294722+00:00
227153,AFRINSURE,2024-06-10,0.2,,,0.2,0.0,2026-04-08T04:16:06.655303+00:00
227271,AFRINSURE,2024-06-11,0.2,,,0.2,0.0,2026-04-08T04:16:09.027942+00:00
227389,AFRINSURE,2024-06-13,0.2,,,0.2,0.0,2026-04-08T04:16:12.454757+00:00
227507,AFRINSURE,2024-06-14,0.2,,,0.2,0.0,2026-04-08T04:16:14.762224+00:00
227625,AFRINSURE,2024-06-20,0.2,,,0.2,0.0,2026-04-08T04:16:22.365263+00:00
227743,AFRINSURE,2024-06-21,0.2,,,0.2,0.0,2026-04-08T04:16:24.740936+00:00
227861,AFRINSURE,2024-06-24,0.2,,,0.2,0.0,2026-04-08T04:16:29.101951+00:00
227979,AFRINSURE,2024-06-25,0.2,,,0.2,0.0,2026-04-08T04:16:31.430939+00:00
228097,AFRINSURE,2024-06-26,0.2,,,0.2,0.0,2026-04-08T04:16:33.77834+00:00
228215,AFRINSURE,2024-06-27,0.2,,,0.2,0.0,2026-04-08T04:16:36.13415+00:00
228333,AFRINSURE,2024-06-28,0.2,,,0.2,0.0,2026-04-08T04:16:38.472674+00:00
228451,AFRINSURE,2024-07-01,0.2,,,0.2,0.0,2026-04-08T04:16:42.881798+00:00
228569,AFRINSURE,2024-07-02,0.2,,,0.2,0.0,2026-04-08T04:16:45.256647+00:00
228687,AFRINSURE,2024-07-03,0.2,,,0.2,0.0,2026-04-08T04:16:47.732339+00:00
228805,AFRINSURE,2024-07-04,0.2,,,0.2,0.0,2026-04-08T04:16:50.22378+00:00
228923,AFRINSURE,2024-07-05,0.2,,,0.2,0.0,2026-04-08T04:16:52.679645+00:00
229041,AFRINSURE,2024-07-08,0.2,,,0.2,0.0,2026-04-08T04:16:57.375145+00:00
229159,AFRINSURE,2024-07-09,0.2,,,0.2,0.0,2026-04-08T04:16:59.679545+00:00
229277,AFRINSURE,2024-07-10,0.2,,,0.2,0.0,2026-04-08T04:17:02.104038+00:00
229395,AFRINSURE,2024-07-11,0.2,,,0.2,0.0,2026-04-08T04:17:04.804273+00:00
229513,AFRINSURE,2024-07-12,0.2,,,0.2,0.0,2026-04-08T04:17:07.071694+00:00
229631,AFRINSURE,2024-07-15,0.2,,,0.2,0.0,2026-04-08T04:17:11.418935+00:00
229749,AFRINSURE,2024-07-16,0.2,,,0.2,0.0,2026-04-08T04:17:13.920176+00:00
229867,AFRINSURE,2024-07-17,0.2,,,0.2,0.0,2026-04-08T04:17:16.239817+00:00
229985,AFRINSURE,2024-07-18,0.2,,,0.2,0.0,2026-04-08T04:17:18.614364+00:00
230103,AFRINSURE,2024-07-19,0.2,,,0.2,0.0,2026-04-08T04:17:20.923419+00:00
230221,AFRINSURE,2024-07-22,0.2,,,0.2,0.0,2026-04-08T04:17:25.185516+00:00
230339,AFRINSURE,2024-07-23,0.2,,,0.2,0.0,2026-04-08T04:17:27.655924+00:00
230457,AFRINSURE,2024-07-24,0.2,,,0.2,0.0,2026-04-08T04:17:30.124258+00:00
230575,AFRINSURE,2024-07-25,0.2,,,0.2,0.0,2026-04-08T04:17:32.638981+00:00
230693,AFRINSURE,2024-07-26,0.2,,,0.2,0.0,2026-04-08T04:17:35.101122+00:00
230811,AFRINSURE,2024-07-29,0.2,,,0.2,0.0,2026-04-08T04:17:40.103977+00:00
230929,AFRINSURE,2024-07-30,0.2,,,0.2,0.0,2026-04-08T04:17:43.080384+00:00
231047,AFRINSURE,2024-07-31,0.2,,,0.2,0.0,2026-04-08T04:17:45.61458+00:00
231165,AFRINSURE,2024-08-01,0.2,,,0.2,0.0,2026-04-08T04:17:47.950902+00:00
231283,AFRINSURE,2024-08-02,0.2,,,0.2,0.0,2026-04-08T04:17:50.372085+00:00
231401,AFRINSURE,2024-08-05,0.2,,,0.2,0.0,2026-04-08T04:17:54.929581+00:00
231519,AFRINSURE,2024-08-06,0.2,,,0.2,0.0,2026-04-08T04:17:57.472912+00:00
231637,AFRINSURE,2024-08-07,0.2,,,0.2,0.0,2026-04-08T04:17:59.948734+00:00
231755,AFRINSURE,2024-08-08,0.2,,,0.2,0.0,2026-04-08T04:18:02.36647+00:00
231873,AFRINSURE,2024-08-09,0.2,,,0.2,0.0,2026-04-08T04:18:04.674683+00:00
231991,AFRINSURE,2024-08-12,0.2,,,0.2,0.0,2026-04-08T04:18:08.918743+00:00
232109,AFRINSURE,2024-08-13,0.2,,,0.2,0.0,2026-04-08T04:18:11.387792+00:00
232227,AFRINSURE,2024-08-14,0.2,,,0.2,0.0,2026-04-08T04:18:13.859526+00:00
232345,AFRINSURE,2024-08-15,0.2,,,0.2,0.0,2026-04-08T04:18:16.357381+00:00
232463,AFRINSURE,2024-08-16,0.2,,,0.2,0.0,2026-04-08T04:18:18.692447+00:00
232581,AFRINSURE,2024-08-19,0.2,,,0.2,0.0,2026-04-08T04:18:23.063194+00:00
232699,AFRINSURE,2024-08-20,0.2,,,0.2,0.0,2026-04-08T04:18:25.366221+00:00
232817,AFRINSURE,2024-08-21,0.2,,,0.2,0.0,2026-04-08T04:18:27.861334+00:00
232935,AFRINSURE,2024-08-22,0.2,,,0.2,0.0,2026-04-08T04:18:30.156184+00:00
233053,AFRINSURE,2024-08-23,0.2,,,0.2,0.0,2026-04-08T04:18:32.497978+00:00
233171,AFRINSURE,2024-08-26,0.2,,,0.2,0.0,2026-04-08T04:18:37.19542+00:00
233289,AFRINSURE,2024-08-27,0.2,,,0.2,0.0,2026-04-08T04:18:39.561091+00:00
233407,AFRINSURE,2024-08-28,0.2,,,0.2,0.0,2026-04-08T04:18:42.048567+00:00
233525,AFRINSURE,2024-08-29,0.2,,,0.2,0.0,2026-04-08T04:18:44.36768+00:00
233643,AFRINSURE,2024-09-02,0.2,,,0.2,0.0,2026-04-08T04:18:49.632285+00:00
233761,AFRINSURE,2024-09-03,0.2,,,0.2,0.0,2026-04-08T04:18:52.389232+00:00
233879,AFRINSURE,2024-09-04,0.2,,,0.2,0.0,2026-04-08T04:18:54.875674+00:00
233997,AFRINSURE,2024-09-05,0.2,,,0.2,0.0,2026-04-08T04:18:57.763256+00:00
234115,AFRINSURE,2024-09-06,0.2,,,0.2,0.0,2026-04-08T04:19:00.536712+00:00
234233,AFRINSURE,2024-09-09,0.2,,,0.2,0.0,2026-04-08T04:19:05.495104+00:00
234351,AFRINSURE,2024-09-10,0.2,,,0.2,0.0,2026-04-08T04:19:08.070871+00:00
234469,AFRINSURE,2024-09-11,0.2,,,0.2,0.0,2026-04-08T04:19:10.663572+00:00
234587,AFRINSURE,2024-09-12,0.2,,,0.2,0.0,2026-04-08T04:19:13.371302+00:00
234705,AFRINSURE,2024-09-13,0.2,,,0.2,0.0,2026-04-08T04:19:16.033041+00:00
234823,AFRINSURE,2024-09-17,0.2,,,0.2,0.0,2026-04-08T04:19:22.824888+00:00
234941,AFRINSURE,2024-09-18,0.2,,,0.2,0.0,2026-04-08T04:19:25.915955+00:00
235059,AFRINSURE,2024-09-19,0.2,,,0.2,0.0,2026-04-08T04:19:28.330134+00:00
235177,AFRINSURE,2024-09-20,0.2,,,0.2,0.0,2026-04-08T04:19:30.82066+00:00
235295,AFRINSURE,2024-09-23,0.2,,,0.2,0.0,2026-04-08T04:19:35.29526+00:00
235413,AFRINSURE,2024-09-24,0.2,,,0.2,0.0,2026-04-08T04:19:37.629736+00:00
235531,AFRINSURE,2024-09-25,0.2,,,0.2,0.0,2026-04-08T04:19:40.096992+00:00
235649,AFRINSURE,2024-09-26,0.2,,,0.2,0.0,2026-04-08T04:19:42.676048+00:00
235767,AFRINSURE,2024-09-27,0.2,,,0.2,0.0,2026-04-08T04:19:45.342636+00:00
235885,AFRINSURE,2024-09-30,0.2,,,0.2,0.0,2026-04-08T04:19:50.223917+00:00
236003,AFRINSURE,2024-10-02,0.2,,,0.2,0.0,2026-04-08T04:19:53.821423+00:00
236121,AFRINSURE,2024-10-03,0.2,,,0.2,0.0,2026-04-08T04:19:56.203135+00:00
236239,AFRINSURE,2024-10-04,0.2,,,0.2,0.0,2026-04-08T04:19:58.634737+00:00
236357,AFRINSURE,2024-10-07,0.2,,,0.2,0.0,2026-04-08T04:20:03.05432+00:00
236475,AFRINSURE,2024-10-08,0.2,,,0.2,0.0,2026-04-08T04:20:05.535519+00:00
236593,AFRINSURE,2024-10-10,0.2,,,0.2,0.0,2026-04-08T04:20:08.855054+00:00
236711,AFRINSURE,2024-10-11,0.2,,,0.2,0.0,2026-04-08T04:20:11.460237+00:00
236829,AFRINSURE,2024-10-14,0.2,,,0.2,0.0,2026-04-08T04:20:16.284622+00:00
236948,AFRINSURE,2024-10-15,0.2,,,0.2,0.0,2026-04-08T04:20:18.84933+00:00
237067,AFRINSURE,2024-10-17,0.2,,,0.2,0.0,2026-04-08T04:20:23.389134+00:00
237186,AFRINSURE,2024-10-18,0.2,,,0.2,0.0,2026-04-08T04:20:26.17489+00:00
237305,AFRINSURE,2024-10-21,0.2,,,0.2,0.0,2026-04-08T04:20:30.541886+00:00
237424,AFRINSURE,2024-10-22,0.2,,,0.2,0.0,2026-04-08T04:20:32.890604+00:00
237543,AFRINSURE,2024-10-23,0.2,,,0.2,0.0,2026-04-08T04:20:35.186729+00:00
237662,AFRINSURE,2024-10-24,0.2,,,0.2,0.0,2026-04-08T04:20:37.740613+00:00
237781,AFRINSURE,2024-10-25,0.2,,,0.2,0.0,2026-04-08T04:20:40.222387+00:00
237900,AFRINSURE,2024-10-28,0.2,,,0.2,0.0,2026-04-08T04:20:44.742576+00:00
238019,AFRINSURE,2024-10-29,0.2,,,0.2,0.0,2026-04-08T04:20:47.136244+00:00
238138,AFRINSURE,2024-10-30,0.2,,,0.2,0.0,2026-04-08T04:20:49.405969+00:00
238257,AFRINSURE,2024-10-31,0.2,,,0.2,0.0,2026-04-08T04:20:51.756515+00:00
238376,AFRINSURE,2024-11-01,0.2,,,0.2,0.0,2026-04-08T04:20:54.1075+00:00
238495,AFRINSURE,2024-11-04,0.2,,,0.2,0.0,2026-04-08T04:20:58.471072+00:00
238614,AFRINSURE,2024-11-05,0.2,,,0.2,0.0,2026-04-08T04:21:01.00344+00:00
238733,AFRINSURE,2024-11-06,0.2,,,0.2,0.0,2026-04-08T04:21:03.585377+00:00
238852,AFRINSURE,2024-11-07,0.2,,,0.2,0.0,2026-04-08T04:21:06.256351+00:00
238971,AFRINSURE,2024-11-08,0.2,,,0.2,0.0,2026-04-08T04:21:08.623134+00:00
239090,AFRINSURE,2024-11-11,0.2,,,0.2,0.0,2026-04-08T04:21:12.782875+00:00
239209,AFRINSURE,2024-11-12,0.2,,,0.2,0.0,2026-04-08T04:21:15.417322+00:00
239328,AFRINSURE,2024-11-13,0.2,,,0.2,0.0,2026-04-08T04:21:17.790166+00:00
239447,AFRINSURE,2024-11-14,0.2,,,0.2,0.0,2026-04-08T04:21:20.354873+00:00
239566,AFRINSURE,2024-11-15,0.2,,,0.2,0.0,2026-04-08T04:21:22.90937+00:00
239685,AFRINSURE,2024-11-18,0.2,,,0.2,0.0,2026-04-08T04:21:27.576358+00:00
239804,AFRINSURE,2024-11-19,0.2,,,0.2,0.0,2026-04-08T04:21:29.868433+00:00
239923,AFRINSURE,2024-11-20,0.2,,,0.2,0.0,2026-04-08T04:21:32.433299+00:00
240042,AFRINSURE,2024-11-21,0.2,,,0.2,0.0,2026-04-08T04:21:34.755564+00:00
240161,AFRINSURE,2024-11-22,0.2,,,0.2,0.0,2026-04-08T04:21:37.514754+00:00
240280,AFRINSURE,2024-11-25,0.2,,,0.2,0.0,2026-04-08T04:21:41.818387+00:00
240399,AFRINSURE,2024-11-26,0.2,,,0.2,0.0,2026-04-08T04:21:44.163824+00:00
240518,AFRINSURE,2024-11-27,0.2,,,0.2,0.0,2026-04-08T04:21:46.720727+00:00
240637,AFRINSURE,2024-11-28,0.2,,,0.2,0.0,2026-04-08T04:21:49.110263+00:00
240756,AFRINSURE,2024-12-02,0.2,,,0.2,0.0,2026-04-08T04:21:54.88401+00:00
240875,AFRINSURE,2024-12-03,0.2,,,0.2,0.0,2026-04-08T04:21:57.640504+00:00
240994,AFRINSURE,2024-12-04,0.2,,,0.2,0.0,2026-04-08T04:21:59.930228+00:00
241113,AFRINSURE,2024-12-06,0.2,,,0.2,0.0,2026-04-08T04:22:03.392712+00:00
241232,AFRINSURE,2024-12-09,0.2,,,0.2,0.0,2026-04-08T04:22:07.745808+00:00
241351,AFRINSURE,2024-12-10,0.2,,,0.2,0.0,2026-04-08T04:22:10.112253+00:00
241470,AFRINSURE,2024-12-11,0.2,,,0.2,0.0,2026-04-08T04:22:12.639548+00:00
241589,AFRINSURE,2024-12-12,0.2,,,0.2,0.0,2026-04-08T04:22:15.033357+00:00
241708,AFRINSURE,2024-12-13,0.2,,,0.2,0.0,2026-04-08T04:22:17.509919+00:00
241827,AFRINSURE,2024-12-16,0.2,,,0.2,0.0,2026-04-08T04:22:22.499781+00:00
241946,AFRINSURE,2024-12-17,0.2,,,0.2,0.0,2026-04-08T04:22:24.995572+00:00
242065,AFRINSURE,2024-12-18,0.2,,,0.2,0.0,2026-04-08T04:22:27.498126+00:00
242184,AFRINSURE,2024-12-19,0.2,,,0.2,0.0,2026-04-08T04:22:29.868083+00:00
242303,AFRINSURE,2024-12-20,0.2,,,0.2,0.0,2026-04-08T04:22:32.392508+00:00
242422,AFRINSURE,2024-12-23,0.2,,,0.2,0.0,2026-04-08T04:22:36.740311+00:00
242541,AFRINSURE,2024-12-24,0.2,,,0.2,0.0,2026-04-08T04:22:39.25804+00:00
242660,AFRINSURE,2024-12-27,0.2,,,0.2,0.0,2026-04-08T04:22:43.946119+00:00
242778,AFRINSURE,2024-12-31,0.2,,,0.2,0.0,2026-04-08T04:22:48.665239+00:00
242896,AFRINSURE,2025-01-02,0.2,,,0.2,0.0,2026-04-08T04:22:52.256438+00:00
243014,AFRINSURE,2025-01-03,0.2,,,0.2,0.0,2026-04-08T04:22:55.101113+00:00
243132,AFRINSURE,2025-01-06,0.2,,,0.2,0.0,2026-04-08T04:23:00.046313+00:00
243250,AFRINSURE,2025-01-07,0.2,,,0.2,0.0,2026-04-08T04:23:02.329348+00:00
243368,AFRINSURE,2025-01-08,0.2,,,0.2,0.0,2026-04-08T04:23:04.632968+00:00
243486,AFRINSURE,2025-01-09,0.2,,,0.2,0.0,2026-04-08T04:23:06.908261+00:00
243604,AFRINSURE,2025-01-10,0.2,,,0.2,0.0,2026-04-08T04:23:09.304805+00:00
243722,AFRINSURE,2025-01-13,0.2,,,0.2,0.0,2026-04-08T04:23:13.790041+00:00
243840,AFRINSURE,2025-01-14,0.2,,,0.2,0.0,2026-04-08T04:23:16.129929+00:00
243958,AFRINSURE,2025-01-15,0.2,,,0.2,0.0,2026-04-08T04:23:18.535433+00:00
244076,AFRINSURE,2025-01-16,0.2,,,0.2,0.0,2026-04-08T04:23:20.834867+00:00
244194,AFRINSURE,2025-01-17,0.2,,,0.2,0.0,2026-04-08T04:23:23.141674+00:00
244312,AFRINSURE,2025-01-20,0.2,,,0.2,0.0,2026-04-08T04:23:27.482452+00:00
244430,AFRINSURE,2025-01-21,0.2,,,0.2,0.0,2026-04-08T04:23:29.752731+00:00
244548,AFRINSURE,2025-01-22,0.2,,,0.2,0.0,2026-04-08T04:23:32.235559+00:00
244666,AFRINSURE,2025-01-23,0.2,,,0.2,0.0,2026-04-08T04:23:34.519549+00:00
244784,AFRINSURE,2025-01-24,0.2,,,0.2,0.0,2026-04-08T04:23:37.097992+00:00
244902,AFRINSURE,2025-01-27,0.2,,,0.2,0.0,2026-04-08T04:23:41.817807+00:00
245020,AFRINSURE,2025-01-28,0.2,,,0.2,0.0,2026-04-08T04:23:44.43679+00:00
245138,AFRINSURE,2025-01-30,0.2,,,0.2,0.0,2026-04-08T04:23:47.90788+00:00
245256,AFRINSURE,2025-01-31,0.2,,,0.2,0.0,2026-04-08T04:23:50.425841+00:00
245374,AFRINSURE,2025-02-03,0.2,,,0.2,0.0,2026-04-08T04:23:55.090801+00:00
245492,AFRINSURE,2025-02-04,0.2,,,0.2,0.0,2026-04-08T04:23:57.584141+00:00
245610,AFRINSURE,2025-02-05,0.2,,,0.2,0.0,2026-04-08T04:24:00.484627+00:00
245728,AFRINSURE,2025-02-06,0.2,,,0.2,0.0,2026-04-08T04:24:04.153698+00:00
245846,AFRINSURE,2025-02-07,0.2,,,0.2,0.0,2026-04-08T04:24:07.822728+00:00
245964,AFRINSURE,2025-02-10,0.2,,,0.2,0.0,2026-04-08T04:24:13.163899+00:00
246082,AFRINSURE,2025-02-11,0.2,,,0.2,0.0,2026-04-08T04:24:15.629092+00:00
246200,AFRINSURE,2025-02-12,0.2,,,0.2,0.0,2026-04-08T04:24:18.226035+00:00
246318,AFRINSURE,2025-02-13,0.2,,,0.2,0.0,2026-04-08T04:24:20.725749+00:00
246436,AFRINSURE,2025-02-14,0.2,,,0.2,0.0,2026-04-08T04:24:23.300806+00:00
246554,AFRINSURE,2025-02-17,0.2,,,0.2,0.0,2026-04-08T04:24:27.726986+00:00
246672,AFRINSURE,2025-02-18,0.2,,,0.2,0.0,2026-04-08T04:24:30.295737+00:00
246790,AFRINSURE,2025-02-19,0.2,,,0.2,0.0,2026-04-08T04:24:32.765887+00:00
246908,AFRINSURE,2025-02-20,0.2,,,0.2,0.0,2026-04-08T04:24:35.351909+00:00
247026,AFRINSURE,2025-02-21,0.2,,,0.2,0.0,2026-04-08T04:24:37.680479+00:00
247144,AFRINSURE,2025-02-25,0.2,,,0.2,0.0,2026-04-08T04:24:43.419296+00:00
247262,AFRINSURE,2025-02-26,0.2,,,0.2,0.0,2026-04-08T04:24:45.860894+00:00
247380,AFRINSURE,2025-02-27,0.2,,,0.2,0.0,2026-04-08T04:24:48.27846+00:00
247498,AFRINSURE,2025-02-28,0.2,,,0.2,0.0,2026-04-08T04:24:50.63724+00:00
247616,AFRINSURE,2025-03-03,0.2,,,0.2,0.0,2026-04-08T04:24:55.222854+00:00
247734,AFRINSURE,2025-03-04,0.2,,,0.2,0.0,2026-04-08T04:24:57.762887+00:00
247853,AFRINSURE,2025-03-05,0.2,,,0.2,0.0,2026-04-08T04:25:00.108696+00:00
247972,AFRINSURE,2025-03-06,0.2,,,0.2,0.0,2026-04-08T04:25:02.52336+00:00
248091,AFRINSURE,2025-03-07,0.2,,,0.2,0.0,2026-04-08T04:25:04.19753+00:00
248210,AFRINSURE,2025-03-10,0.2,,,0.2,0.0,2026-04-08T04:25:07.959889+00:00
248329,AFRINSURE,2025-03-11,0.2,,,0.2,0.0,2026-04-08T04:25:10.446731+00:00
248448,AFRINSURE,2025-03-12,0.2,,,0.2,0.0,2026-04-08T04:25:12.888859+00:00
248567,AFRINSURE,2025-03-13,0.2,,,0.2,0.0,2026-04-08T04:25:15.353849+00:00
248686,AFRINSURE,2025-03-14,0.2,,,0.2,0.0,2026-04-08T04:25:17.75152+00:00
248805,AFRINSURE,2025-03-17,0.2,,,0.2,0.0,2026-04-08T04:25:23.327657+00:00
248924,AFRINSURE,2025-03-18,0.2,,,0.2,0.0,2026-04-08T04:25:25.763099+00:00
249043,AFRINSURE,2025-03-19,0.2,,,0.2,0.0,2026-04-08T04:25:28.144043+00:00
249162,AFRINSURE,2025-03-20,0.2,,,0.2,0.0,2026-04-08T04:25:31.01834+00:00
249281,AFRINSURE,2025-03-21,0.2,,,0.2,0.0,2026-04-08T04:25:33.389958+00:00
249400,AFRINSURE,2025-03-24,0.2,,,0.2,0.0,2026-04-08T04:25:38.388993+00:00
249519,AFRINSURE,2025-03-25,0.2,,,0.2,0.0,2026-04-08T04:25:40.7685+00:00
249638,AFRINSURE,2025-03-26,0.2,,,0.2,0.0,2026-04-08T04:25:43.344812+00:00
249757,AFRINSURE,2025-03-27,0.2,,,0.2,0.0,2026-04-08T04:25:45.817232+00:00
249876,AFRINSURE,2025-03-28,0.2,,,0.2,0.0,2026-04-08T04:25:48.177352+00:00
249995,AFRINSURE,2025-04-02,0.2,,,0.2,0.0,2026-04-08T04:25:54.663823+00:00
250114,AFRINSURE,2025-04-03,0.2,,,0.2,0.0,2026-04-08T04:25:57.014747+00:00
250233,AFRINSURE,2025-04-04,0.2,,,0.2,0.0,2026-04-08T04:25:59.489503+00:00
250352,AFRINSURE,2025-04-07,0.2,,,0.2,0.0,2026-04-08T04:26:04.211964+00:00
250471,AFRINSURE,2025-04-08,0.2,,,0.2,0.0,2026-04-08T04:26:06.766331+00:00
250590,AFRINSURE,2025-04-10,0.2,,,0.2,0.0,2026-04-08T04:26:10.263658+00:00
250709,AFRINSURE,2025-04-11,0.2,,,0.2,0.0,2026-04-08T04:26:12.610372+00:00
250828,AFRINSURE,2025-04-14,0.2,,,0.2,0.0,2026-04-08T04:26:17.137975+00:00
250947,AFRINSURE,2025-04-15,0.2,,,0.2,0.0,2026-04-08T04:26:19.634971+00:00
251066,AFRINSURE,2025-04-16,0.2,,,0.2,0.0,2026-04-08T04:26:22.321337+00:00
251185,AFRINSURE,2025-04-17,0.2,,,0.2,0.0,2026-04-08T04:26:24.819431+00:00
251304,AFRINSURE,2025-04-22,0.2,,,0.2,0.0,2026-04-08T04:26:31.401152+00:00
251423,AFRINSURE,2025-04-23,0.2,,,0.2,0.0,2026-04-08T04:26:33.741411+00:00
251542,AFRINSURE,2025-04-24,0.2,,,0.2,0.0,2026-04-08T04:26:36.383131+00:00
251662,AFRINSURE,2025-04-25,0.2,,,0.2,0.0,2026-04-08T04:26:38.677219+00:00
251782,AFRINSURE,2025-04-28,0.2,,,0.2,0.0,2026-04-08T04:26:43.113614+00:00
251902,AFRINSURE,2025-04-29,0.2,,,0.2,0.0,2026-04-08T04:26:45.609073+00:00
252022,AFRINSURE,2025-04-30,0.2,,,0.2,0.0,2026-04-08T04:26:48.242472+00:00
252142,AFRINSURE,2025-05-02,0.2,,,0.2,0.0,2026-04-08T04:26:51.690529+00:00
252262,AFRINSURE,2025-05-05,0.2,,,0.2,0.0,2026-04-08T04:26:56.275381+00:00
252382,AFRINSURE,2025-05-06,0.2,,,0.2,0.0,2026-04-08T04:26:58.7221+00:00
252502,AFRINSURE,2025-05-07,0.2,,,0.2,0.0,2026-04-08T04:27:01.170235+00:00
252622,AFRINSURE,2025-05-08,0.2,,,0.2,0.0,2026-04-08T04:27:03.468055+00:00
252742,AFRINSURE,2025-05-09,0.2,,,0.2,0.0,2026-04-08T04:27:05.963213+00:00
252862,AFRINSURE,2025-05-12,0.2,,,0.2,0.0,2026-04-08T04:27:10.449459+00:00
252982,AFRINSURE,2025-05-14,0.2,,,0.2,0.0,2026-04-08T04:27:13.89162+00:00
253102,AFRINSURE,2025-05-15,0.2,,,0.2,0.0,2026-04-08T04:27:16.307455+00:00
253222,AFRINSURE,2025-05-16,0.2,,,0.2,0.0,2026-04-08T04:27:18.639316+00:00
253342,AFRINSURE,2025-05-19,0.2,,,0.2,0.0,2026-04-08T04:27:23.06518+00:00
253462,AFRINSURE,2025-05-20,0.2,,,0.2,0.0,2026-04-08T04:27:25.663956+00:00
253582,AFRINSURE,2025-05-21,0.2,,,0.2,0.0,2026-04-08T04:27:28.280255+00:00
253702,AFRINSURE,2025-05-22,0.2,,,0.2,0.0,2026-04-08T04:27:30.733393+00:00
253822,AFRINSURE,2025-05-23,0.2,,,0.2,0.0,2026-04-08T04:27:33.142895+00:00
253942,AFRINSURE,2025-05-26,0.2,,,0.2,0.0,2026-04-08T04:27:37.938794+00:00
254062,AFRINSURE,2025-05-27,0.2,,,0.2,0.0,2026-04-08T04:27:40.395447+00:00
254182,AFRINSURE,2025-05-28,0.2,,,0.2,0.0,2026-04-08T04:27:42.906627+00:00
254302,AFRINSURE,2025-05-29,0.2,,,0.2,0.0,2026-04-08T04:27:45.903166+00:00
254422,AFRINSURE,2025-05-30,0.2,,,0.2,0.0,2026-04-08T04:27:48.4452+00:00
254542,AFRINSURE,2025-06-02,0.2,,,0.2,0.0,2026-04-08T04:27:53.01382+00:00
254662,AFRINSURE,2025-06-03,0.2,,,0.2,0.0,2026-04-08T04:27:55.368454+00:00
254782,AFRINSURE,2025-06-04,0.2,,,0.2,0.0,2026-04-08T04:27:57.94541+00:00
254902,AFRINSURE,2025-06-05,0.2,,,0.2,0.0,2026-04-08T04:28:00.320696+00:00
255022,AFRINSURE,2025-06-10,0.2,,,0.2,0.0,2026-04-08T04:28:07.114795+00:00
255142,AFRINSURE,2025-06-11,0.2,,,0.2,0.0,2026-04-08T04:28:09.38594+00:00
255262,AFRINSURE,2025-06-17,0.2,,,0.2,0.0,2026-04-08T04:28:17.228975+00:00
255382,AFRINSURE,2025-06-18,0.2,,,0.2,0.0,2026-04-08T04:28:19.70912+00:00
255502,AFRINSURE,2025-06-19,0.2,,,0.2,0.0,2026-04-08T04:28:22.276816+00:00
255622,AFRINSURE,2025-06-20,0.2,,,0.2,0.0,2026-04-08T04:28:24.65394+00:00
255742,AFRINSURE,2025-06-23,0.2,,,0.2,0.0,2026-04-08T04:28:29.225711+00:00
255862,AFRINSURE,2025-06-24,0.2,,,0.2,0.0,2026-04-08T04:28:31.569579+00:00
255982,AFRINSURE,2025-06-25,0.2,,,0.2,0.0,2026-04-08T04:28:33.910697+00:00
256102,AFRINSURE,2025-06-26,0.2,,,0.2,0.0,2026-04-08T04:28:36.389223+00:00
256222,AFRINSURE,2025-06-27,0.2,,,0.2,0.0,2026-04-08T04:28:38.797599+00:00
256342,AFRINSURE,2025-07-01,0.2,,,0.2,0.0,2026-04-08T04:28:44.517216+00:00
256462,AFRINSURE,2025-07-02,0.2,,,0.2,0.0,2026-04-08T04:28:47.139962+00:00
256582,AFRINSURE,2025-07-03,0.2,,,0.2,0.0,2026-04-08T04:28:49.506141+00:00
256702,AFRINSURE,2025-07-04,0.2,,,0.2,0.0,2026-04-08T04:28:51.76506+00:00
256822,AFRINSURE,2025-07-07,0.2,,,0.2,0.0,2026-04-08T04:28:56.230166+00:00
256942,AFRINSURE,2025-07-08,0.2,,,0.2,0.0,2026-04-08T04:28:58.705995+00:00
257062,AFRINSURE,2025-07-09,0.2,,,0.2,0.0,2026-04-08T04:29:01.058721+00:00
257182,AFRINSURE,2025-07-10,0.2,,,0.2,0.0,2026-04-08T04:29:03.550316+00:00
257302,AFRINSURE,2025-07-11,0.2,,,0.2,0.0,2026-04-08T04:29:06.089999+00:00
257422,AFRINSURE,2025-07-14,0.2,,,0.2,0.0,2026-04-08T04:29:10.69196+00:00
257542,AFRINSURE,2025-07-16,0.2,,,0.2,0.0,2026-04-08T04:29:14.112969+00:00
257662,AFRINSURE,2025-07-17,0.2,,,0.2,0.0,2026-04-08T04:29:16.489777+00:00
257782,AFRINSURE,2025-07-18,0.2,,,0.2,0.0,2026-04-08T04:29:18.854517+00:00
257902,AFRINSURE,2025-07-21,0.2,,,0.2,0.0,2026-04-08T04:29:23.300994+00:00
258022,AFRINSURE,2025-07-22,0.2,,,0.2,0.0,2026-04-08T04:29:25.922592+00:00
258142,AFRINSURE,2025-07-23,0.2,,,0.2,0.0,2026-04-08T04:29:29.05968+00:00
258262,AFRINSURE,2025-07-24,0.2,,,0.2,0.0,2026-04-08T04:29:31.486978+00:00
258382,AFRINSURE,2025-07-25,0.2,,,0.2,0.0,2026-04-08T04:29:33.980938+00:00
258502,AFRINSURE,2025-07-28,0.2,,,0.2,0.0,2026-04-08T04:29:38.78621+00:00
258621,AFRINSURE,2025-07-29,0.2,,,0.2,0.0,2026-04-08T04:29:41.392621+00:00
258740,AFRINSURE,2025-07-30,0.2,,,0.2,0.0,2026-04-08T04:29:43.881641+00:00
258859,AFRINSURE,2025-07-31,0.2,,,0.2,0.0,2026-04-08T04:29:46.315218+00:00
258978,AFRINSURE,2025-08-01,0.2,,,0.2,0.0,2026-04-08T04:29:48.711654+00:00
259096,AFRINSURE,2025-08-04,0.2,,,0.2,0.0,2026-04-08T04:29:53.303607+00:00
259215,AFRINSURE,2025-08-05,0.2,,,0.2,0.0,2026-04-08T04:29:55.780422+00:00
259334,AFRINSURE,2025-08-06,0.2,,,0.2,0.0,2026-04-08T04:29:58.241852+00:00
259453,AFRINSURE,2025-08-07,0.2,,,0.2,0.0,2026-04-08T04:30:00.56444+00:00
259572,AFRINSURE,2025-08-08,0.2,,,0.2,0.0,2026-04-08T04:30:02.234883+00:00
259691,AFRINSURE,2025-08-11,0.2,,,0.2,0.0,2026-04-08T04:30:07.037349+00:00
259810,AFRINSURE,2025-08-12,0.2,,,0.2,0.0,2026-04-08T04:30:09.28323+00:00
259929,AFRINSURE,2025-08-13,0.2,,,0.2,0.0,2026-04-08T04:30:11.815521+00:00
260048,AFRINSURE,2025-08-14,0.2,,,0.2,0.0,2026-04-08T04:30:14.350221+00:00
260167,AFRINSURE,2025-08-15,0.2,,,0.2,0.0,2026-04-08T04:30:16.786076+00:00
260286,AFRINSURE,2025-08-18,0.2,,,0.2,0.0,2026-04-08T04:30:21.560319+00:00
260405,AFRINSURE,2025-08-19,0.2,,,0.2,0.0,2026-04-08T04:30:23.869462+00:00
260524,AFRINSURE,2025-08-20,0.2,,,0.2,0.0,2026-04-08T04:30:26.318672+00:00
260643,AFRINSURE,2025-08-21,0.2,,,0.2,0.0,2026-04-08T04:30:28.670378+00:00
260762,AFRINSURE,2025-08-22,0.2,,,0.2,0.0,2026-04-08T04:30:30.96965+00:00
260881,AFRINSURE,2025-08-25,0.2,,,0.2,0.0,2026-04-08T04:30:35.521871+00:00
261000,AFRINSURE,2025-08-26,0.2,,,0.2,0.0,2026-04-08T04:30:37.91594+00:00
261119,AFRINSURE,2025-08-27,0.2,,,0.2,0.0,2026-04-08T04:30:40.231113+00:00
261238,AFRINSURE,2025-08-28,0.2,,,0.2,0.0,2026-04-08T04:30:42.59826+00:00
261357,AFRINSURE,2025-08-29,0.2,,,0.2,0.0,2026-04-08T04:30:45.09102+00:00
261476,AFRINSURE,2025-09-01,0.2,,,0.2,0.0,2026-04-08T04:30:49.608802+00:00
261595,AFRINSURE,2025-09-02,0.2,,,0.2,0.0,2026-04-08T04:30:52.312491+00:00
261714,AFRINSURE,2025-09-03,0.2,,,0.2,0.0,2026-04-08T04:30:55.837007+00:00
261833,AFRINSURE,2025-09-04,0.2,,,0.2,0.0,2026-04-08T04:30:58.198935+00:00
261952,AFRINSURE,2025-09-08,0.2,,,0.2,0.0,2026-04-08T04:31:03.728068+00:00
262071,AFRINSURE,2025-09-09,0.2,,,0.2,0.0,2026-04-08T04:31:06.294869+00:00
262190,AFRINSURE,2025-09-10,0.2,,,0.2,0.0,2026-04-08T04:31:08.610575+00:00
262309,AFRINSURE,2025-09-11,0.2,,,0.2,0.0,2026-04-08T04:31:10.974873+00:00
262428,AFRINSURE,2025-09-12,0.2,,,0.2,0.0,2026-04-08T04:31:13.547359+00:00
262547,AFRINSURE,2025-09-15,0.2,,,0.2,0.0,2026-04-08T04:31:18.268622+00:00
262666,AFRINSURE,2025-09-16,0.2,,,0.2,0.0,2026-04-08T04:31:20.741189+00:00
262785,AFRINSURE,2025-09-17,0.2,,,0.2,0.0,2026-04-08T04:31:23.24235+00:00
262904,AFRINSURE,2025-09-18,0.2,,,0.2,0.0,2026-04-08T04:31:25.598019+00:00
263023,AFRINSURE,2025-09-19,0.2,,,0.2,0.0,2026-04-08T04:31:28.111008+00:00
263142,AFRINSURE,2025-09-22,0.2,,,0.2,0.0,2026-04-08T04:31:32.624882+00:00
263261,AFRINSURE,2025-09-23,0.2,,,0.2,0.0,2026-04-08T04:31:35.170326+00:00
263380,AFRINSURE,2025-09-24,0.2,,,0.2,0.0,2026-04-08T04:31:37.673105+00:00
263499,AFRINSURE,2025-09-25,0.2,,,0.2,0.0,2026-04-08T04:31:40.100841+00:00
263618,AFRINSURE,2025-09-26,0.2,,,0.2,0.0,2026-04-08T04:31:42.548783+00:00
263737,AFRINSURE,2025-09-29,0.2,,,0.2,0.0,2026-04-08T04:31:47.029675+00:00
263856,AFRINSURE,2025-09-30,0.2,,,0.2,0.0,2026-04-08T04:31:49.320364+00:00
263975,AFRINSURE,2025-10-02,0.2,,,0.2,0.0,2026-04-08T04:31:52.706523+00:00
264094,AFRINSURE,2025-10-03,0.2,,,0.2,0.0,2026-04-08T04:31:55.311341+00:00
264213,AFRINSURE,2025-10-06,0.2,,,0.2,0.0,2026-04-08T04:31:59.803196+00:00
264332,AFRINSURE,2025-10-07,0.2,,,0.2,0.0,2026-04-08T04:32:02.285104+00:00
264451,AFRINSURE,2025-10-08,0.2,,,0.2,0.0,2026-04-08T04:32:04.646463+00:00
264570,AFRINSURE,2025-10-09,0.2,,,0.2,0.0,2026-04-08T04:32:07.004133+00:00
264689,AFRINSURE,2025-10-10,0.2,,,0.2,0.0,2026-04-08T04:32:10.69692+00:00
264808,AFRINSURE,2025-10-13,0.2,,,0.2,0.0,2026-04-08T04:32:15.267586+00:00
264927,AFRINSURE,2025-10-14,0.2,,,0.2,0.0,2026-04-08T04:32:17.792097+00:00
265046,AFRINSURE,2025-10-15,0.2,,,0.2,0.0,2026-04-08T04:32:20.093513+00:00
265165,AFRINSURE,2025-10-16,0.2,,,0.2,0.0,2026-04-08T04:32:22.728593+00:00
265284,AFRINSURE,2025-10-17,0.2,,,0.2,0.0,2026-04-08T04:32:25.167177+00:00
265403,AFRINSURE,2025-10-20,0.2,,,0.2,0.0,2026-04-08T04:32:29.532096+00:00
265522,AFRINSURE,2025-10-21,0.2,,,0.2,0.0,2026-04-08T04:32:31.920152+00:00
265641,AFRINSURE,2025-10-22,0.2,,,0.2,0.0,2026-04-08T04:32:34.332447+00:00
265760,AFRINSURE,2025-10-23,0.2,,,0.2,0.0,2026-04-08T04:32:36.79914+00:00
265879,AFRINSURE,2025-10-24,0.2,,,0.2,0.0,2026-04-08T04:32:39.249323+00:00
265998,AFRINSURE,2025-10-28,0.2,,,0.2,0.0,2026-04-08T04:32:44.921336+00:00
266117,AFRINSURE,2025-10-29,0.2,,,0.2,0.0,2026-04-08T04:32:47.450266+00:00
266236,AFRINSURE,2025-10-30,0.2,,,0.2,0.0,2026-04-08T04:32:49.91761+00:00
266355,AFRINSURE,2025-10-31,0.2,,,0.2,0.0,2026-04-08T04:32:52.375955+00:00
266474,AFRINSURE,2025-11-03,0.2,,,0.2,0.0,2026-04-08T04:32:57.290654+00:00
266593,AFRINSURE,2025-11-04,0.2,,,0.2,0.0,2026-04-08T04:32:59.739678+00:00
266712,AFRINSURE,2025-11-05,0.2,,,0.2,0.0,2026-04-08T04:33:02.152799+00:00
266831,AFRINSURE,2025-11-06,0.2,,,0.2,0.0,2026-04-08T04:33:04.646202+00:00
266950,AFRINSURE,2025-11-07,0.2,,,0.2,0.0,2026-04-08T04:33:07.145499+00:00
267069,AFRINSURE,2025-11-10,0.2,,,0.2,0.0,2026-04-08T04:33:11.744122+00:00
267188,AFRINSURE,2025-11-11,0.2,,,0.2,0.0,2026-04-08T04:33:14.17228+00:00
267307,AFRINSURE,2025-11-12,0.2,,,0.2,0.0,2026-04-08T04:33:16.719178+00:00
267426,AFRINSURE,2025-11-13,0.2,,,0.2,0.0,2026-04-08T04:33:19.052814+00:00
267545,AFRINSURE,2025-11-14,0.2,,,0.2,0.0,2026-04-08T04:33:21.762061+00:00
267664,AFRINSURE,2025-11-17,0.2,,,0.2,0.0,2026-04-08T04:33:26.271116+00:00
267783,AFRINSURE,2025-11-18,0.2,,,0.2,0.0,2026-04-08T04:33:29.067053+00:00
267902,AFRINSURE,2025-11-19,0.2,,,0.2,0.0,2026-04-08T04:33:31.487527+00:00
268021,AFRINSURE,2025-11-20,0.2,,,0.2,0.0,2026-04-08T04:33:33.887172+00:00
268140,AFRINSURE,2025-11-21,0.2,,,0.2,0.0,2026-04-08T04:33:36.654129+00:00
268259,AFRINSURE,2025-11-24,0.2,,,0.2,0.0,2026-04-08T04:33:41.368891+00:00
268378,AFRINSURE,2025-11-25,0.2,,,0.2,0.0,2026-04-08T04:33:44.004166+00:00
268497,AFRINSURE,2025-11-26,0.2,,,0.2,0.0,2026-04-08T04:33:46.260048+00:00
268616,AFRINSURE,2025-11-27,0.2,,,0.2,0.0,2026-04-08T04:33:48.488035+00:00
268735,AFRINSURE,2025-11-28,0.2,,,0.2,0.0,2026-04-08T04:33:50.826192+00:00
268854,AFRINSURE,2025-12-01,0.2,,,0.2,0.0,2026-04-08T04:33:55.236541+00:00
268973,AFRINSURE,2025-12-02,0.2,,,0.2,0.0,2026-04-08T04:33:57.748335+00:00
269092,AFRINSURE,2025-12-03,0.2,,,0.2,0.0,2026-04-08T04:34:00.349419+00:00
269211,AFRINSURE,2025-12-04,0.2,,,0.2,0.0,2026-04-08T04:34:03.142475+00:00
269330,AFRINSURE,2025-12-05,0.2,,,0.2,0.0,2026-04-08T04:34:05.808951+00:00
269449,AFRINSURE,2025-12-08,0.2,,,0.2,0.0,2026-04-08T04:34:10.334331+00:00
269568,AFRINSURE,2025-12-09,0.2,,,0.2,0.0,2026-04-08T04:34:12.926221+00:00
269687,AFRINSURE,2025-12-10,0.2,,,0.2,0.0,2026-04-08T04:34:15.295879+00:00
269806,AFRINSURE,2025-12-11,0.2,,,0.2,0.0,2026-04-08T04:34:17.804745+00:00
269925,AFRINSURE,2025-12-12,0.2,,,0.2,0.0,2026-04-08T04:34:20.615101+00:00
270044,AFRINSURE,2025-12-15,0.2,,,0.2,0.0,2026-04-08T04:34:25.240467+00:00
270163,AFRINSURE,2025-12-16,0.2,,,0.2,0.0,2026-04-08T04:34:27.867795+00:00
270282,AFRINSURE,2025-12-18,0.2,,,0.2,0.0,2026-04-08T04:34:31.321522+00:00
270401,AFRINSURE,2025-12-19,0.2,,,0.2,0.0,2026-04-08T04:34:33.771022+00:00
270520,AFRINSURE,2025-12-22,0.2,,,0.2,0.0,2026-04-08T04:34:38.115277+00:00
270639,AFRINSURE,2025-12-23,0.2,,,0.2,0.0,2026-04-08T04:34:40.661369+00:00
270758,AFRINSURE,2025-12-24,0.2,,,0.2,0.0,2026-04-08T04:34:43.221402+00:00
270877,AFRINSURE,2025-12-29,0.2,,,0.2,0.0,2026-04-08T04:34:48.902152+00:00
270996,AFRINSURE,2025-12-30,0.2,,,0.2,0.0,2026-04-08T04:34:51.359097+00:00
271115,AFRINSURE,2025-12-31,0.2,,,0.2,0.0,2026-04-08T04:34:53.061316+00:00
271234,AFRINSURE,2026-01-02,0.2,,,0.2,0.0,2026-04-08T04:34:56.467348+00:00
271353,AFRINSURE,2026-01-05,0.2,,,0.2,0.0,2026-04-08T04:35:01.008466+00:00
271472,AFRINSURE,2026-01-06,0.2,,,0.2,0.0,2026-04-08T04:35:03.366972+00:00
271591,AFRINSURE,2026-01-07,0.2,,,0.2,0.0,2026-04-08T04:35:05.819661+00:00
271710,AFRINSURE,2026-01-08,0.2,,,0.2,0.0,2026-04-08T04:35:08.163488+00:00
271829,AFRINSURE,2026-01-09,0.2,,,0.2,0.0,2026-04-08T04:35:10.591402+00:00
271948,AFRINSURE,2026-01-12,0.2,,,0.2,0.0,2026-04-08T04:35:15.220756+00:00
272067,AFRINSURE,2026-01-13,0.2,,,0.2,0.0,2026-04-08T04:35:17.864544+00:00
272186,AFRINSURE,2026-01-14,0.2,,,0.2,0.0,2026-04-08T04:35:20.278959+00:00
272305,AFRINSURE,2026-01-15,0.2,,,0.2,0.0,2026-04-08T04:35:23.159853+00:00
272424,AFRINSURE,2026-01-16,0.2,,,0.2,0.0,2026-04-08T04:35:25.571119+00:00
272543,AFRINSURE,2026-01-19,0.2,,,0.2,0.0,2026-04-08T04:35:30.272746+00:00
272662,AFRINSURE,2026-01-20,0.2,,,0.2,0.0,2026-04-08T04:35:32.536083+00:00
272782,AFRINSURE,2026-01-21,0.2,,,0.2,0.0,2026-04-08T04:35:34.90344+00:00
272902,AFRINSURE,2026-01-22,0.2,,,0.2,0.0,2026-04-08T04:35:36.566163+00:00
273022,AFRINSURE,2026-01-23,0.2,,,0.2,0.0,2026-04-08T04:35:38.92405+00:00
273142,AFRINSURE,2026-01-26,0.2,,,0.2,0.0,2026-04-08T04:35:43.383975+00:00
273262,AFRINSURE,2026-01-27,0.2,,,0.2,0.0,2026-04-08T04:35:45.70946+00:00
273382,AFRINSURE,2026-01-28,0.2,,,0.2,0.0,2026-04-08T04:35:48.193808+00:00
273502,AFRINSURE,2026-01-29,0.2,,,0.2,0.0,2026-04-08T04:35:50.479528+00:00
273622,AFRINSURE,2026-01-30,0.2,,,0.2,0.0,2026-04-08T04:35:52.855058+00:00
273742,AFRINSURE,2026-02-02,0.2,,,0.2,0.0,2026-04-08T04:35:57.524813+00:00
273862,AFRINSURE,2026-02-03,0.2,,,0.2,0.0,2026-04-08T04:36:00.137559+00:00
273982,AFRINSURE,2026-02-04,0.2,,,0.2,0.0,2026-04-08T04:36:02.592569+00:00
274102,AFRINSURE,2026-02-05,0.2,,,0.2,0.0,2026-04-08T04:36:04.997535+00:00
274222,AFRINSURE,2026-02-06,0.2,,,0.2,0.0,2026-04-08T04:36:07.533957+00:00
95,AFRINSURE,2026-02-08,,,,0.2,,2026-02-08T00:18:13.946+00:00
274342,AFRINSURE,2026-02-09,0.2,,,0.2,0.0,2026-04-08T04:36:12.456447+00:00
274462,AFRINSURE,2026-02-10,0.2,,,0.2,0.0,2026-04-08T04:36:14.818506+00:00
274582,AFRINSURE,2026-02-11,0.2,,,0.2,0.0,2026-04-08T04:36:17.460702+00:00
281,AFRINSURE,2026-02-12,0.2,,,0.2,0.0,2026-02-12T09:24:04.529401+00:00
274822,AFRINSURE,2026-02-13,0.2,,,0.2,0.0,2026-04-08T04:36:22.38356+00:00
274942,AFRINSURE,2026-02-16,0.2,,,0.2,0.0,2026-04-08T04:36:26.879081+00:00
275062,AFRINSURE,2026-02-17,0.2,,,0.2,0.0,2026-04-08T04:36:29.440312+00:00
275182,AFRINSURE,2026-02-18,0.2,,,0.2,0.0,2026-04-08T04:36:31.166521+00:00
275302,AFRINSURE,2026-02-19,0.2,,,0.2,0.0,2026-04-08T04:36:33.575564+00:00
499,AFRINSURE,2026-02-20,0.2,,,0.2,0.0,2026-02-20T23:15:44.934622+00:00
647,AFRINSURE,2026-02-23,0.2,,,0.2,0.0,2026-02-23T07:00:01.990412+00:00
795,AFRINSURE,2026-02-24,0.2,,,0.2,0.0,2026-02-24T07:00:01.929914+00:00
943,AFRINSURE,2026-02-25,0.2,,,0.2,0.0,2026-02-25T07:00:01.953057+00:00
1091,AFRINSURE,2026-02-26,0.2,,,0.2,0.0,2026-02-26T07:00:01.915173+00:00
1779,AFRINSURE,2026-02-27,0.2,,,0.2,0.0,2026-02-27T07:00:02.056517+00:00
2660,AFRINSURE,2026-02-28,0.2,,,0.2,,2026-02-28T18:00:03.453641+00:00
2808,AFRINSURE,2026-03-01,0.2,,,0.2,,2026-03-01T18:00:03.821122+00:00
2956,AFRINSURE,2026-03-02,0.2,,,0.2,0.0,2026-03-02T07:00:01.981706+00:00
3920,AFRINSURE,2026-03-03,0.2,,,0.2,0.0,2026-03-03T07:00:01.858909+00:00
5357,AFRINSURE,2026-03-04,0.2,,,0.2,0.0,2026-03-04T07:00:02.010027+00:00
7075,AFRINSURE,2026-03-05,0.2,,,0.2,0.0,2026-03-05T07:00:02.0033+00:00
9591,AFRINSURE,2026-03-06,0.2,,,0.2,0.0,2026-03-06T07:00:02.033178+00:00
11249,AFRINSURE,2026-03-07,0.2,,,0.2,,2026-03-07T18:00:06.285951+00:00
11397,AFRINSURE,2026-03-08,0.2,,,0.2,,2026-03-08T18:00:03.574352+00:00
11545,AFRINSURE,2026-03-09,0.2,,,0.2,0.0,2026-03-09T07:00:02.016534+00:00
14061,AFRINSURE,2026-03-10,0.2,,,0.2,0.0,2026-03-10T07:00:03.966079+00:00
15901,AFRINSURE,2026-03-11,0.2,,,0.2,0.0,2026-03-11T07:00:02.147117+00:00
17617,AFRINSURE,2026-03-12,0.2,,,0.2,0.0,2026-03-12T07:00:02.06753+00:00
20133,AFRINSURE,2026-03-13,0.2,,,0.2,,2026-03-13T07:00:01.993197+00:00
23579,AFRINSURE,2026-03-16,0.2,,,0.2,0.0,2026-03-16T08:30:01.80086+00:00
25410,AFRINSURE,2026-03-17,0.2,,,0.2,0.0,2026-03-17T08:30:01.70448+00:00
27273,AFRINSURE,2026-03-18,0.2,,,0.2,0.0,2026-03-18T08:30:01.732403+00:00
33087,AFRINSURE,2026-03-23,0.2,,,0.2,0.0,2026-03-23T08:30:01.705825+00:00
34665,AFRINSURE,2026-03-24,0.2,,,0.2,0.0,2026-03-24T15:00:01.978259+00:00
34813,AFRINSURE,2026-03-25,0.2,,,0.2,0.0,2026-03-25T15:00:01.528164+00:00
34961,AFRINSURE,2026-03-26,0.2,,,0.2,0.0,2026-03-26T15:00:01.955832+00:00
35109,AFRINSURE,2026-03-27,0.2,,,0.2,0.0,2026-03-27T15:00:02.114662+00:00
278182,AFRINSURE,2026-03-30,0.2,,,0.2,0.0,2026-04-08T04:37:47.74327+00:00
35257,AFRINSURE,2026-03-31,0.2,,,0.2,0.0,2026-03-31T15:00:02.085058+00:00
278422,AFRINSURE,2026-04-01,0.2,,,0.2,0.0,2026-04-08T04:37:52.684906+00:00
35405,AFRINSURE,2026-04-02,0.2,,,0.2,0.0,2026-04-02T15:00:01.864809+00:00
35849,AFRINSURE,2026-04-07,0.2,,,0.2,0.0,2026-04-07T15:00:01.949344+00:00
278746,AFRINSURE,2026-04-08,0.2,,,0.2,,2026-04-08T15:00:01.943007+00:00
278894,AFRINSURE,2026-04-09,0.2,,,0.2,,2026-04-09T15:00:02.085141+00:00
279040,AFRINSURE,2026-04-10,0.2,,,0.2,,2026-04-10T15:00:01.352272+00:00
279186,AFRINSURE,2026-04-13,0.2,,,0.2,,2026-04-13T15:00:02.021173+00:00
279332,AFRINSURE,2026-04-14,0.2,,,0.2,,2026-04-14T15:00:02.477878+00:00
279478,AFRINSURE,2026-04-15,0.2,,,0.2,,2026-04-15T15:00:02.184222+00:00
279624,AFRINSURE,2026-04-16,0.2,,,0.2,,2026-04-16T15:00:02.07143+00:00
279770,AFRINSURE,2026-04-17,0.2,,,0.2,,2026-04-17T15:00:02.06245+00:00
279916,AFRINSURE,2026-04-20,0.2,,,0.2,,2026-04-20T15:00:01.862344+00:00
280062,AFRINSURE,2026-04-21,0.2,,,0.2,,2026-04-21T15:00:02.189846+00:00
280208,AFRINSURE,2026-04-22,0.2,,,0.2,,2026-04-22T15:00:02.200159+00:00
280354,AFRINSURE,2026-04-23,0.2,,,0.2,,2026-04-23T15:00:02.125151+00:00
280500,AFRINSURE,2026-04-24,0.2,,,0.2,,2026-04-24T15:00:02.20649+00:00
280646,AFRINSURE,2026-04-27,0.2,,,0.2,,2026-04-27T15:00:02.034997+00:00
280792,AFRINSURE,2026-04-28,0.2,,,0.2,,2026-04-28T15:00:01.918241+00:00
280938,AFRINSURE,2026-04-29,0.2,,,0.2,,2026-04-29T15:00:02.672724+00:00
281084,AFRINSURE,2026-04-30,0.2,,,0.2,,2026-04-30T15:00:02.170664+00:00
281376,AFRINSURE,2026-05-04,0.2,,,0.2,,2026-05-04T15:00:02.156928+00:00
281522,AFRINSURE,2026-05-05,0.2,,,0.2,,2026-05-05T15:00:01.930748+00:00
281668,AFRINSURE,2026-05-06,0.2,,,0.2,,2026-05-06T15:00:01.919787+00:00
281814,AFRINSURE,2026-05-07,0.2,,,0.2,,2026-05-07T15:00:01.995523+00:00
281960,AFRINSURE,2026-05-08,0.2,,,0.2,,2026-05-08T15:00:02.118161+00:00
282106,AFRINSURE,2026-05-11,0.2,,,0.2,,2026-05-11T15:00:02.243132+00:00
282252,AFRINSURE,2026-05-12,0.2,,,0.2,,2026-05-12T15:00:02.325735+00:00
282398,AFRINSURE,2026-05-13,0.2,,,0.2,,2026-05-13T15:00:01.887561+00:00
282544,AFRINSURE,2026-05-14,0.2,,,0.2,,2026-05-14T15:00:01.952989+00:00
282690,AFRINSURE,2026-05-15,0.2,,,0.2,,2026-05-15T15:00:01.871578+00:00
282836,AFRINSURE,2026-05-18,0.2,,,0.2,,2026-05-18T15:00:01.868607+00:00
282982,AFRINSURE,2026-05-19,0.2,,,0.2,,2026-05-19T15:00:01.863653+00:00
283128,AFRINSURE,2026-05-20,0.2,,,0.2,,2026-05-20T15:00:01.871845+00:00
283274,AFRINSURE,2026-05-21,0.2,,,0.2,,2026-05-21T15:00:01.939198+00:00
283420,AFRINSURE,2026-05-22,0.2,,,0.2,,2026-05-22T15:00:02.031345+00:00
283566,AFRINSURE,2026-05-25,0.2,,,0.2,,2026-05-25T15:00:01.979384+00:00
283712,AFRINSURE,2026-05-26,0.2,,,0.2,,2026-05-26T15:00:01.996051+00:00
284150,AFRINSURE,2026-05-29,0.2,,,0.2,,2026-05-29T15:00:02.455558+00:00
284296,AFRINSURE,2026-06-01,0.2,,,0.2,,2026-06-01T15:00:02.603507+00:00
284442,AFRINSURE,2026-06-02,0.2,,,0.2,,2026-06-02T15:00:02.980523+00:00
284588,AFRINSURE,2026-06-03,0.2,,,0.2,,2026-06-03T15:00:03.023028+00:00
284734,AFRINSURE,2026-06-04,0.2,,,0.2,,2026-06-04T15:00:03.321931+00:00
284880,AFRINSURE,2026-06-05,0.2,,,0.2,,2026-06-05T15:00:03.073061+00:00
285026,AFRINSURE,2026-06-08,0.2,,,0.2,,2026-06-08T15:00:03.135386+00:00
285172,AFRINSURE,2026-06-09,0.2,,,0.2,,2026-06-09T15:00:03.53749+00:00
285318,AFRINSURE,2026-06-10,0.2,,,0.2,,2026-06-10T15:10:03.084397+00:00
285756,AFRINSURE,2026-06-11,0.2,,,0.2,,2026-06-11T15:10:02.991492+00:00
287508,AFRINSURE,2026-06-15,0.2,,,0.2,,2026-06-15T15:10:02.896252+00:00
288384,AFRINSURE,2026-06-16,0.2,,,0.2,,2026-06-16T15:10:02.87997+00:00
289260,AFRINSURE,2026-06-17,0.2,,,0.2,,2026-06-17T15:10:02.980097+00:00
289698,AFRINSURE,2026-06-18,0.2,,,0.2,,2026-06-18T15:10:02.932064+00:00
290282,AFRINSURE,2026-06-19,0.2,,,0.2,,2026-06-19T15:10:02.959085+00:00
291012,AFRINSURE,2026-06-22,0.2,,,0.2,,2026-06-22T15:10:03.140564+00:00
291596,AFRINSURE,2026-06-23,0.2,,,0.2,,2026-06-23T15:10:03.017319+00:00
292180,AFRINSURE,2026-06-24,0.2,,,0.2,,2026-06-24T15:10:03.053149+00:00
292764,AFRINSURE,2026-06-25,0.2,,,0.2,,2026-06-25T15:10:02.973562+00:00
293202,AFRINSURE,2026-06-26,0.2,,,0.2,,2026-06-26T15:10:03.012808+00:00
293640,AFRINSURE,2026-06-29,0.2,,,0.2,,2026-06-29T15:10:03.028054+00:00
294078,AFRINSURE,2026-06-30,0.2,,,0.2,,2026-06-30T15:10:03.08168+00:00
294516,AFRINSURE,2026-07-01,0.2,,,0.2,,2026-07-01T15:10:03.133226+00:00
294954,AFRINSURE,2026-07-02,0.2,,,0.2,,2026-07-02T15:10:03.065554+00:00
295392,AFRINSURE,2026-07-03,0.2,,,0.2,,2026-07-03T15:10:03.019266+00:00
295830,AFRINSURE,2026-07-06,0.2,,,0.2,,2026-07-06T15:10:03.100823+00:00
296268,AFRINSURE,2026-07-07,0.2,,,0.2,,2026-07-07T15:10:03.687653+00:00
296706,AFRINSURE,2026-07-08,0.2,,,0.2,,2026-07-08T15:10:02.922872+00:00
297144,AFRINSURE,2026-07-09,0.2,,,0.2,,2026-07-09T15:10:03.041812+00:00
297582,AFRINSURE,2026-07-10,0.2,,,0.2,,2026-07-10T15:10:03.284445+00:00
298020,AFRINSURE,2026-07-13,0.2,,,0.2,,2026-07-13T15:10:02.995074+00:00
298458,AFRINSURE,2026-07-14,0.2,,,0.2,,2026-07-14T15:10:03.094441+00:00
298896,AFRINSURE,2026-07-15,0.2,,,0.2,,2026-07-15T15:10:03.078609+00:00
299334,AFRINSURE,2026-07-16,0.2,,,0.2,,2026-07-16T15:10:03.113936+00:00
299772,AFRINSURE,2026-07-17,0.2,,,0.2,,2026-07-17T15:10:03.053983+00:00
