id,symbol,trade_date,open_price,high_price,low_price,close_price,volume,created_at
42854,AFROMEDIA,2017-01-03,0.5,,,0.5,0.0,2026-04-08T02:41:25.765521+00:00
43414,AFROMEDIA,2017-01-04,0.5,,,0.5,0.0,2026-04-08T02:42:20.164398+00:00
43524,AFROMEDIA,2017-01-05,0.5,,,0.5,0.0,2026-04-08T02:42:22.380516+00:00
43634,AFROMEDIA,2017-01-06,0.5,,,0.5,0.0,2026-04-08T02:42:23.84796+00:00
43724,AFROMEDIA,2017-01-09,0.5,,,0.5,0.0,2026-04-08T02:42:26.938159+00:00
43834,AFROMEDIA,2017-01-10,0.5,,,0.5,0.0,2026-04-08T02:42:29.227202+00:00
43944,AFROMEDIA,2017-01-11,0.5,,,0.5,0.0,2026-04-08T02:42:30.799441+00:00
44034,AFROMEDIA,2017-01-12,0.5,,,0.5,0.0,2026-04-08T02:42:32.390658+00:00
44164,AFROMEDIA,2017-01-13,0.5,,,0.5,0.0,2026-04-08T02:42:34.853543+00:00
44254,AFROMEDIA,2017-01-16,0.5,,,0.5,0.0,2026-04-08T02:42:38.72803+00:00
44364,AFROMEDIA,2017-01-17,0.5,,,0.5,0.0,2026-04-08T02:42:41.056228+00:00
44474,AFROMEDIA,2017-01-18,0.5,,,0.5,0.0,2026-04-08T02:42:42.795307+00:00
44564,AFROMEDIA,2017-01-19,0.5,,,0.5,100.0,2026-04-08T02:42:44.39781+00:00
44674,AFROMEDIA,2017-01-20,0.5,,,0.5,0.0,2026-04-08T02:42:46.643743+00:00
44784,AFROMEDIA,2017-01-23,0.5,,,0.5,0.0,2026-04-08T02:42:49.827664+00:00
44894,AFROMEDIA,2017-01-24,0.5,,,0.5,0.0,2026-04-08T02:42:51.574002+00:00
44984,AFROMEDIA,2017-01-25,0.5,,,0.5,0.0,2026-04-08T02:42:54.05787+00:00
45094,AFROMEDIA,2017-01-26,0.5,,,0.5,0.0,2026-04-08T02:42:55.759+00:00
45204,AFROMEDIA,2017-01-27,0.5,,,0.5,0.0,2026-04-08T02:42:57.462271+00:00
45314,AFROMEDIA,2017-01-30,0.5,,,0.5,0.0,2026-04-08T02:43:00.905282+00:00
45424,AFROMEDIA,2017-01-31,0.5,,,0.5,0.0,2026-04-08T02:43:03.07753+00:00
45534,AFROMEDIA,2017-02-01,0.5,,,0.5,0.0,2026-04-08T02:43:04.619173+00:00
45624,AFROMEDIA,2017-02-02,0.5,,,0.5,0.0,2026-04-08T02:43:06.209007+00:00
45734,AFROMEDIA,2017-02-03,0.5,,,0.5,0.0,2026-04-08T02:43:08.490666+00:00
45844,AFROMEDIA,2017-02-06,0.5,,,0.5,0.0,2026-04-08T02:43:11.037852+00:00
45954,AFROMEDIA,2017-02-07,0.5,,,0.5,0.0,2026-04-08T02:43:12.662822+00:00
46044,AFROMEDIA,2017-02-08,0.5,,,0.5,50.0,2026-04-08T02:43:14.224877+00:00
46155,AFROMEDIA,2017-02-09,0.5,,,0.5,0.0,2026-04-08T02:43:16.408746+00:00
46267,AFROMEDIA,2017-02-10,0.5,,,0.5,0.0,2026-04-08T02:43:18.597686+00:00
46359,AFROMEDIA,2017-02-13,0.5,,,0.5,0.0,2026-04-08T02:43:22.775561+00:00
46471,AFROMEDIA,2017-02-14,0.5,,,0.5,0.0,2026-04-08T02:43:24.286485+00:00
46583,AFROMEDIA,2017-02-15,0.5,,,0.5,55000.0,2026-04-08T02:43:26.422065+00:00
46695,AFROMEDIA,2017-02-16,0.5,,,0.5,0.0,2026-04-08T02:43:28.597754+00:00
46787,AFROMEDIA,2017-02-17,0.5,,,0.5,200.0,2026-04-08T02:43:31.044717+00:00
49455,AFROMEDIA,2017-02-20,0.5,,,0.5,0.0,2026-04-08T02:51:00.639833+00:00
49547,AFROMEDIA,2017-02-21,0.5,,,0.5,0.0,2026-04-08T02:51:03.098475+00:00
46879,AFROMEDIA,2017-02-22,0.5,,,0.5,0.0,2026-04-08T02:44:33.152084+00:00
46971,AFROMEDIA,2017-02-23,0.5,,,0.5,0.0,2026-04-08T02:44:35.448225+00:00
47063,AFROMEDIA,2017-02-24,0.5,,,0.5,0.0,2026-04-08T02:44:37.781529+00:00
47155,AFROMEDIA,2017-02-27,0.5,,,0.5,0.0,2026-04-08T02:44:42.101817+00:00
47247,AFROMEDIA,2017-02-28,0.5,,,0.5,0.0,2026-04-08T02:44:45.006295+00:00
47339,AFROMEDIA,2017-03-01,0.5,,,0.5,0.0,2026-04-08T02:44:47.332471+00:00
47431,AFROMEDIA,2017-03-02,0.5,,,0.5,0.0,2026-04-08T02:44:49.657807+00:00
47523,AFROMEDIA,2017-03-03,0.5,,,0.5,0.0,2026-04-08T02:44:51.301699+00:00
47615,AFROMEDIA,2017-03-06,0.5,,,0.5,196.0,2026-04-08T02:44:56.024588+00:00
47707,AFROMEDIA,2017-03-07,0.5,,,0.5,0.0,2026-04-08T02:44:58.263872+00:00
47799,AFROMEDIA,2017-03-08,0.5,,,0.5,0.0,2026-04-08T02:44:59.957789+00:00
47891,AFROMEDIA,2017-03-09,0.5,,,0.5,0.0,2026-04-08T02:45:01.661944+00:00
47983,AFROMEDIA,2017-03-10,0.5,,,0.5,0.0,2026-04-08T02:45:03.96312+00:00
48075,AFROMEDIA,2017-03-13,0.5,,,0.5,0.0,2026-04-08T02:45:08.663664+00:00
48167,AFROMEDIA,2017-03-14,0.5,,,0.5,0.0,2026-04-08T02:45:11.088473+00:00
48259,AFROMEDIA,2017-03-15,0.5,,,0.5,0.0,2026-04-08T02:45:12.861206+00:00
48351,AFROMEDIA,2017-03-16,0.5,,,0.5,0.0,2026-04-08T02:45:15.084197+00:00
48443,AFROMEDIA,2017-03-17,0.5,,,0.5,0.0,2026-04-08T02:45:17.543831+00:00
48535,AFROMEDIA,2017-03-20,0.5,,,0.5,0.0,2026-04-08T02:45:21.873889+00:00
48627,AFROMEDIA,2017-03-21,0.5,,,0.5,0.0,2026-04-08T02:45:25.078347+00:00
48719,AFROMEDIA,2017-03-22,0.5,,,0.5,0.0,2026-04-08T02:45:26.626215+00:00
48811,AFROMEDIA,2017-03-23,0.5,,,0.5,0.0,2026-04-08T02:45:28.377346+00:00
48903,AFROMEDIA,2017-03-24,0.5,,,0.5,0.0,2026-04-08T02:45:30.775015+00:00
48995,AFROMEDIA,2017-03-27,0.5,,,0.5,1500.0,2026-04-08T02:45:34.704999+00:00
49087,AFROMEDIA,2017-03-28,0.5,,,0.5,400.0,2026-04-08T02:45:36.347457+00:00
49179,AFROMEDIA,2017-03-29,0.5,,,0.5,0.0,2026-04-08T02:45:38.731306+00:00
49271,AFROMEDIA,2017-03-30,0.5,,,0.5,0.0,2026-04-08T02:45:40.513553+00:00
49363,AFROMEDIA,2017-03-31,0.5,,,0.5,0.0,2026-04-08T02:45:42.281198+00:00
49639,AFROMEDIA,2017-04-03,0.5,,,0.5,0.0,2026-04-08T02:51:07.481095+00:00
49731,AFROMEDIA,2017-04-04,0.5,,,0.5,0.0,2026-04-08T02:51:09.86923+00:00
49823,AFROMEDIA,2017-04-05,0.5,,,0.5,0.0,2026-04-08T02:51:12.308135+00:00
49915,AFROMEDIA,2017-04-06,0.5,,,0.5,0.0,2026-04-08T02:51:14.846493+00:00
50007,AFROMEDIA,2017-04-07,0.5,,,0.5,0.0,2026-04-08T02:51:17.320635+00:00
50098,AFROMEDIA,2017-04-10,0.5,,,0.5,0.0,2026-04-08T02:51:21.583607+00:00
50189,AFROMEDIA,2017-04-11,0.5,,,0.5,0.0,2026-04-08T02:51:23.796131+00:00
50280,AFROMEDIA,2017-04-12,0.5,,,0.5,0.0,2026-04-08T02:51:26.28287+00:00
50371,AFROMEDIA,2017-04-13,0.5,,,0.5,0.0,2026-04-08T02:51:28.606475+00:00
50462,AFROMEDIA,2017-04-18,0.5,,,0.5,0.0,2026-04-08T02:51:35.070654+00:00
50553,AFROMEDIA,2017-04-19,0.5,,,0.5,0.0,2026-04-08T02:51:37.390681+00:00
50644,AFROMEDIA,2017-04-20,0.5,,,0.5,0.0,2026-04-08T02:51:39.751187+00:00
50735,AFROMEDIA,2017-04-21,0.5,,,0.5,0.0,2026-04-08T02:51:42.059234+00:00
50826,AFROMEDIA,2017-04-24,0.5,,,0.5,0.0,2026-04-08T02:51:46.271638+00:00
50917,AFROMEDIA,2017-04-25,0.5,,,0.5,2.0,2026-04-08T02:51:48.506234+00:00
51008,AFROMEDIA,2017-04-26,0.5,,,0.5,0.0,2026-04-08T02:51:50.787758+00:00
51099,AFROMEDIA,2017-04-27,0.5,,,0.5,0.0,2026-04-08T02:51:53.168104+00:00
51190,AFROMEDIA,2017-04-28,0.5,,,0.5,200.0,2026-04-08T02:51:55.619599+00:00
51281,AFROMEDIA,2017-05-02,0.5,,,0.5,0.0,2026-04-08T02:52:01.291461+00:00
51372,AFROMEDIA,2017-05-03,0.5,,,0.5,0.0,2026-04-08T02:52:03.619408+00:00
51463,AFROMEDIA,2017-05-04,0.5,,,0.5,0.0,2026-04-08T02:52:06.041901+00:00
51554,AFROMEDIA,2017-05-05,0.5,,,0.5,0.0,2026-04-08T02:52:08.320033+00:00
51645,AFROMEDIA,2017-05-08,0.5,,,0.5,0.0,2026-04-08T02:52:12.828428+00:00
51736,AFROMEDIA,2017-05-09,0.5,,,0.5,200.0,2026-04-08T02:52:15.102333+00:00
51827,AFROMEDIA,2017-05-10,0.5,,,0.5,0.0,2026-04-08T02:52:17.709352+00:00
51918,AFROMEDIA,2017-05-11,0.5,,,0.5,0.0,2026-04-08T02:52:19.900179+00:00
52009,AFROMEDIA,2017-05-12,0.5,,,0.5,0.0,2026-04-08T02:52:22.170941+00:00
52101,AFROMEDIA,2017-05-15,0.5,,,0.5,0.0,2026-04-08T02:52:26.563035+00:00
52193,AFROMEDIA,2017-05-16,0.5,,,0.5,0.0,2026-04-08T02:52:28.807233+00:00
52285,AFROMEDIA,2017-05-17,0.5,,,0.5,175.0,2026-04-08T02:52:31.099411+00:00
52377,AFROMEDIA,2017-05-18,0.5,,,0.5,1000.0,2026-04-08T02:52:33.303088+00:00
52469,AFROMEDIA,2017-05-19,0.5,,,0.5,0.0,2026-04-08T02:52:35.640534+00:00
52561,AFROMEDIA,2017-05-22,0.5,,,0.5,0.0,2026-04-08T02:52:39.854932+00:00
52653,AFROMEDIA,2017-05-23,0.5,,,0.5,0.0,2026-04-08T02:52:42.264162+00:00
52745,AFROMEDIA,2017-05-24,0.5,,,0.5,118124.0,2026-04-08T02:52:44.613941+00:00
52837,AFROMEDIA,2017-05-25,0.5,,,0.5,2822462.0,2026-04-08T02:52:46.963191+00:00
52929,AFROMEDIA,2017-05-26,0.5,,,0.5,0.0,2026-04-08T02:52:49.347152+00:00
53021,AFROMEDIA,2017-05-30,0.5,,,0.5,0.0,2026-04-08T02:52:54.942696+00:00
53113,AFROMEDIA,2017-05-31,0.5,,,0.5,100.0,2026-04-08T02:52:57.421655+00:00
53205,AFROMEDIA,2017-06-01,0.5,,,0.5,0.0,2026-04-08T02:52:59.649981+00:00
53297,AFROMEDIA,2017-06-02,0.5,,,0.5,0.0,2026-04-08T02:53:02.056444+00:00
53389,AFROMEDIA,2017-06-05,0.5,,,0.5,1000.0,2026-04-08T02:53:06.428901+00:00
53481,AFROMEDIA,2017-06-06,0.5,,,0.5,500.0,2026-04-08T02:53:08.604609+00:00
53573,AFROMEDIA,2017-06-07,0.5,,,0.5,0.0,2026-04-08T02:53:10.833265+00:00
53665,AFROMEDIA,2017-06-08,0.5,,,0.5,0.0,2026-04-08T02:53:13.196386+00:00
53757,AFROMEDIA,2017-06-09,0.5,,,0.5,0.0,2026-04-08T02:53:15.53674+00:00
53849,AFROMEDIA,2017-06-12,0.5,,,0.5,5000.0,2026-04-08T02:53:19.709801+00:00
53941,AFROMEDIA,2017-06-13,0.5,,,0.5,2.0,2026-04-08T02:53:22.046011+00:00
54033,AFROMEDIA,2017-06-14,0.5,,,0.5,1000.0,2026-04-08T02:53:24.253383+00:00
54125,AFROMEDIA,2017-06-15,0.5,,,0.5,0.0,2026-04-08T02:53:26.527181+00:00
54217,AFROMEDIA,2017-06-16,0.5,,,0.5,500.0,2026-04-08T02:53:28.80273+00:00
54309,AFROMEDIA,2017-06-19,0.5,,,0.5,0.0,2026-04-08T02:53:33.036647+00:00
54401,AFROMEDIA,2017-06-20,0.5,,,0.5,0.0,2026-04-08T02:53:35.524675+00:00
54493,AFROMEDIA,2017-06-21,0.5,,,0.5,0.0,2026-04-08T02:53:37.865913+00:00
54585,AFROMEDIA,2017-06-22,0.5,,,0.5,0.0,2026-04-08T02:53:40.094955+00:00
54677,AFROMEDIA,2017-06-23,0.5,,,0.5,0.0,2026-04-08T02:53:42.493578+00:00
54769,AFROMEDIA,2017-06-28,0.5,,,0.5,0.0,2026-04-08T02:53:49.135881+00:00
54861,AFROMEDIA,2017-06-29,0.5,,,0.5,0.0,2026-04-08T02:53:51.51214+00:00
54953,AFROMEDIA,2017-06-30,0.5,,,0.5,0.0,2026-04-08T02:53:53.827964+00:00
55045,AFROMEDIA,2017-07-03,0.5,,,0.5,0.0,2026-04-08T02:53:58.279599+00:00
55137,AFROMEDIA,2017-07-04,0.5,,,0.5,0.0,2026-04-08T02:54:00.563227+00:00
55229,AFROMEDIA,2017-07-05,0.5,,,0.5,0.0,2026-04-08T02:54:02.831513+00:00
55321,AFROMEDIA,2017-07-06,0.5,,,0.5,0.0,2026-04-08T02:54:05.078114+00:00
55413,AFROMEDIA,2017-07-07,0.5,,,0.5,0.0,2026-04-08T02:54:07.286065+00:00
55505,AFROMEDIA,2017-07-10,0.5,,,0.5,0.0,2026-04-08T02:54:11.798817+00:00
55597,AFROMEDIA,2017-07-11,0.5,,,0.5,0.0,2026-04-08T02:54:14.116532+00:00
55684,AFROMEDIA,2017-07-12,0.5,,,0.5,0.0,2026-04-08T02:54:16.498015+00:00
55771,AFROMEDIA,2017-07-13,0.5,,,0.5,0.0,2026-04-08T02:54:18.840036+00:00
55863,AFROMEDIA,2017-07-14,0.5,,,0.5,100.0,2026-04-08T02:54:21.336813+00:00
55955,AFROMEDIA,2017-07-17,0.5,,,0.5,0.0,2026-04-08T02:54:25.561903+00:00
56047,AFROMEDIA,2017-07-18,0.5,,,0.5,0.0,2026-04-08T02:54:28.120242+00:00
56139,AFROMEDIA,2017-07-19,0.5,,,0.5,0.0,2026-04-08T02:54:30.645734+00:00
56231,AFROMEDIA,2017-07-20,0.5,,,0.5,0.0,2026-04-08T02:54:33.025266+00:00
56323,AFROMEDIA,2017-07-21,0.5,,,0.5,0.0,2026-04-08T02:54:35.480817+00:00
56415,AFROMEDIA,2017-07-24,0.5,,,0.5,0.0,2026-04-08T02:54:39.934321+00:00
56507,AFROMEDIA,2017-07-26,0.5,,,0.5,0.0,2026-04-08T02:54:43.20598+00:00
56599,AFROMEDIA,2017-07-27,0.5,,,0.5,0.0,2026-04-08T02:54:45.547579+00:00
56691,AFROMEDIA,2017-07-28,0.5,,,0.5,0.0,2026-04-08T02:54:47.918804+00:00
56783,AFROMEDIA,2017-07-31,0.5,,,0.5,0.0,2026-04-08T02:54:52.464984+00:00
56875,AFROMEDIA,2017-08-01,0.5,,,0.5,0.0,2026-04-08T02:54:54.790805+00:00
56967,AFROMEDIA,2017-08-02,0.5,,,0.5,0.0,2026-04-08T02:54:57.117603+00:00
57059,AFROMEDIA,2017-08-03,0.5,,,0.5,0.0,2026-04-08T02:54:59.3729+00:00
57151,AFROMEDIA,2017-08-04,0.5,,,0.5,0.0,2026-04-08T02:55:01.592641+00:00
57243,AFROMEDIA,2017-08-07,0.5,,,0.5,0.0,2026-04-08T02:55:06.418828+00:00
57335,AFROMEDIA,2017-08-08,0.5,,,0.5,291.0,2026-04-08T02:55:08.763983+00:00
57427,AFROMEDIA,2017-08-09,0.5,,,0.5,0.0,2026-04-08T02:55:11.057796+00:00
57519,AFROMEDIA,2017-08-10,0.5,,,0.5,0.0,2026-04-08T02:55:13.401484+00:00
57611,AFROMEDIA,2017-08-11,0.5,,,0.5,0.0,2026-04-08T02:55:15.670877+00:00
57703,AFROMEDIA,2017-08-14,0.5,,,0.5,0.0,2026-04-08T02:55:20.026285+00:00
57795,AFROMEDIA,2017-08-15,0.5,,,0.5,0.0,2026-04-08T02:55:22.633816+00:00
57887,AFROMEDIA,2017-08-16,0.5,,,0.5,0.0,2026-04-08T02:55:24.979188+00:00
57979,AFROMEDIA,2017-08-17,0.5,,,0.5,0.0,2026-04-08T02:55:27.3994+00:00
58071,AFROMEDIA,2017-08-18,0.5,,,0.5,0.0,2026-04-08T02:55:29.67842+00:00
58163,AFROMEDIA,2017-08-21,0.5,,,0.5,0.0,2026-04-08T02:55:34.023067+00:00
58255,AFROMEDIA,2017-08-22,0.5,,,0.5,0.0,2026-04-08T02:55:36.334754+00:00
58347,AFROMEDIA,2017-08-23,0.5,,,0.5,0.0,2026-04-08T02:55:38.717606+00:00
58439,AFROMEDIA,2017-08-24,0.5,,,0.5,0.0,2026-04-08T02:55:41.242089+00:00
58531,AFROMEDIA,2017-08-25,0.5,,,0.5,0.0,2026-04-08T02:55:43.579232+00:00
58623,AFROMEDIA,2017-08-28,0.5,,,0.5,0.0,2026-04-08T02:55:48.020598+00:00
58715,AFROMEDIA,2017-08-29,0.5,,,0.5,0.0,2026-04-08T02:55:50.281022+00:00
58807,AFROMEDIA,2017-08-30,0.5,,,0.5,0.0,2026-04-08T02:55:52.499005+00:00
58899,AFROMEDIA,2017-08-31,0.5,,,0.5,0.0,2026-04-08T02:55:54.947048+00:00
58991,AFROMEDIA,2017-09-05,0.5,,,0.5,0.0,2026-04-08T02:56:01.572419+00:00
59083,AFROMEDIA,2017-09-06,0.5,,,0.5,0.0,2026-04-08T02:56:03.885356+00:00
59175,AFROMEDIA,2017-09-07,0.5,,,0.5,0.0,2026-04-08T02:56:06.19045+00:00
59267,AFROMEDIA,2017-09-11,0.5,,,0.5,0.0,2026-04-08T02:56:11.370569+00:00
59359,AFROMEDIA,2017-09-12,0.5,,,0.5,0.0,2026-04-08T02:56:13.892416+00:00
59451,AFROMEDIA,2017-09-13,0.5,,,0.5,0.0,2026-04-08T02:56:16.312215+00:00
59543,AFROMEDIA,2017-09-14,0.5,,,0.5,0.0,2026-04-08T02:56:18.601168+00:00
59635,AFROMEDIA,2017-09-15,0.5,,,0.5,0.0,2026-04-08T02:56:20.93666+00:00
59727,AFROMEDIA,2017-09-16,0.5,,,0.5,500.0,2026-04-08T02:56:23.148937+00:00
59819,AFROMEDIA,2017-09-19,0.5,,,0.5,6000.0,2026-04-08T02:56:27.358465+00:00
59911,AFROMEDIA,2017-09-20,0.5,,,0.5,0.0,2026-04-08T02:56:29.683375+00:00
60003,AFROMEDIA,2017-09-21,0.5,,,0.5,0.0,2026-04-08T02:56:31.851594+00:00
60095,AFROMEDIA,2017-09-22,0.5,,,0.5,0.0,2026-04-08T02:56:34.007646+00:00
60187,AFROMEDIA,2017-09-25,0.5,,,0.5,0.0,2026-04-08T02:56:38.385386+00:00
60279,AFROMEDIA,2017-09-26,0.5,,,0.5,0.0,2026-04-08T02:56:40.657356+00:00
60371,AFROMEDIA,2017-09-27,0.5,,,0.5,0.0,2026-04-08T02:56:42.968732+00:00
60463,AFROMEDIA,2017-09-28,0.5,,,0.5,500.0,2026-04-08T02:56:45.128996+00:00
60555,AFROMEDIA,2017-09-29,0.5,,,0.5,0.0,2026-04-08T02:56:47.398677+00:00
60647,AFROMEDIA,2017-10-03,0.5,,,0.5,0.0,2026-04-08T02:56:52.779733+00:00
60739,AFROMEDIA,2017-10-04,0.5,,,0.5,0.0,2026-04-08T02:56:55.065177+00:00
60831,AFROMEDIA,2017-10-05,0.5,,,0.5,480.0,2026-04-08T02:56:57.377802+00:00
60923,AFROMEDIA,2017-10-06,0.5,,,0.5,0.0,2026-04-08T02:56:59.661092+00:00
61015,AFROMEDIA,2017-10-09,0.5,,,0.5,0.0,2026-04-08T02:57:04.043492+00:00
61107,AFROMEDIA,2017-10-10,0.5,,,0.5,200.0,2026-04-08T02:57:06.326055+00:00
61199,AFROMEDIA,2017-10-11,0.5,,,0.5,0.0,2026-04-08T02:57:08.620281+00:00
61291,AFROMEDIA,2017-10-12,0.5,,,0.5,0.0,2026-04-08T02:57:10.950839+00:00
61383,AFROMEDIA,2017-10-13,0.5,,,0.5,0.0,2026-04-08T02:57:13.525709+00:00
61475,AFROMEDIA,2017-10-16,0.5,,,0.5,0.0,2026-04-08T02:57:17.895676+00:00
61567,AFROMEDIA,2017-10-17,0.5,,,0.5,0.0,2026-04-08T02:57:20.31307+00:00
61659,AFROMEDIA,2017-10-18,0.5,,,0.5,0.0,2026-04-08T02:57:22.526226+00:00
61751,AFROMEDIA,2017-10-19,0.5,,,0.5,1000.0,2026-04-08T02:57:24.865827+00:00
61843,AFROMEDIA,2017-10-20,0.5,,,0.5,0.0,2026-04-08T02:57:27.091081+00:00
61935,AFROMEDIA,2017-10-23,0.5,,,0.5,0.0,2026-04-08T02:57:31.703062+00:00
62027,AFROMEDIA,2017-10-24,0.5,,,0.5,0.0,2026-04-08T02:57:34.020008+00:00
62119,AFROMEDIA,2017-10-25,0.5,,,0.5,0.0,2026-04-08T02:57:36.254878+00:00
62211,AFROMEDIA,2017-10-26,0.5,,,0.5,0.0,2026-04-08T02:57:38.639324+00:00
62303,AFROMEDIA,2017-10-27,0.5,,,0.5,0.0,2026-04-08T02:57:40.810349+00:00
62395,AFROMEDIA,2017-10-30,0.5,,,0.5,0.0,2026-04-08T02:57:45.233404+00:00
62487,AFROMEDIA,2017-10-31,0.5,,,0.5,0.0,2026-04-08T02:57:47.538171+00:00
62579,AFROMEDIA,2017-11-01,0.5,,,0.5,100.0,2026-04-08T02:57:49.900698+00:00
62671,AFROMEDIA,2017-11-02,0.5,,,0.5,0.0,2026-04-08T02:57:52.192143+00:00
62763,AFROMEDIA,2017-11-03,0.5,,,0.5,0.0,2026-04-08T02:57:54.512232+00:00
62855,AFROMEDIA,2017-11-06,0.5,,,0.5,0.0,2026-04-08T02:57:59.23147+00:00
62947,AFROMEDIA,2017-11-07,0.5,,,0.5,0.0,2026-04-08T02:58:01.524363+00:00
63039,AFROMEDIA,2017-11-08,0.5,,,0.5,0.0,2026-04-08T02:58:03.79912+00:00
63131,AFROMEDIA,2017-11-09,0.5,,,0.5,0.0,2026-04-08T02:58:06.050925+00:00
63223,AFROMEDIA,2017-11-10,0.5,,,0.5,0.0,2026-04-08T02:58:08.423322+00:00
63315,AFROMEDIA,2017-11-13,0.5,,,0.5,0.0,2026-04-08T02:58:12.832851+00:00
63407,AFROMEDIA,2017-11-14,0.5,,,0.5,0.0,2026-04-08T02:58:15.182817+00:00
63499,AFROMEDIA,2017-11-15,0.5,,,0.5,0.0,2026-04-08T02:58:17.483941+00:00
63591,AFROMEDIA,2017-11-16,0.5,,,0.5,10.0,2026-04-08T02:58:19.932158+00:00
63683,AFROMEDIA,2017-11-17,0.5,,,0.5,0.0,2026-04-08T02:58:22.230505+00:00
63775,AFROMEDIA,2017-11-20,0.5,,,0.5,0.0,2026-04-08T02:58:26.609741+00:00
63867,AFROMEDIA,2017-11-21,0.5,,,0.5,0.0,2026-04-08T02:58:29.044371+00:00
63959,AFROMEDIA,2017-11-22,0.5,,,0.5,0.0,2026-04-08T02:58:31.282092+00:00
64051,AFROMEDIA,2017-11-23,0.5,,,0.5,0.0,2026-04-08T02:58:33.589475+00:00
64143,AFROMEDIA,2017-11-24,0.5,,,0.5,0.0,2026-04-08T02:58:35.965247+00:00
64235,AFROMEDIA,2017-11-27,0.5,,,0.5,0.0,2026-04-08T02:58:40.303262+00:00
64327,AFROMEDIA,2017-11-28,0.5,,,0.5,100.0,2026-04-08T02:58:42.596324+00:00
64419,AFROMEDIA,2017-11-29,0.5,,,0.5,0.0,2026-04-08T02:58:44.979081+00:00
64511,AFROMEDIA,2017-11-30,0.5,,,0.5,0.0,2026-04-08T02:58:47.226359+00:00
64603,AFROMEDIA,2017-12-04,0.5,,,0.5,0.0,2026-04-08T02:58:52.54699+00:00
64695,AFROMEDIA,2017-12-05,0.5,,,0.5,0.0,2026-04-08T02:58:54.773083+00:00
64787,AFROMEDIA,2017-12-06,0.5,,,0.5,0.0,2026-04-08T02:58:57.263783+00:00
64879,AFROMEDIA,2017-12-07,0.5,,,0.5,0.0,2026-04-08T02:58:59.55462+00:00
64971,AFROMEDIA,2017-12-08,0.5,,,0.5,0.0,2026-04-08T02:59:01.865905+00:00
65063,AFROMEDIA,2017-12-11,0.5,,,0.5,0.0,2026-04-08T02:59:06.715792+00:00
65155,AFROMEDIA,2017-12-12,0.5,,,0.5,0.0,2026-04-08T02:59:09.170602+00:00
65247,AFROMEDIA,2017-12-13,0.5,,,0.5,0.0,2026-04-08T02:59:11.522814+00:00
65339,AFROMEDIA,2017-12-14,0.5,,,0.5,0.0,2026-04-08T02:59:13.751616+00:00
65431,AFROMEDIA,2017-12-15,0.5,,,0.5,0.0,2026-04-08T02:59:16.016878+00:00
65523,AFROMEDIA,2017-12-18,0.5,,,0.5,0.0,2026-04-08T02:59:20.496704+00:00
65615,AFROMEDIA,2017-12-19,0.5,,,0.5,0.0,2026-04-08T02:59:22.691103+00:00
65707,AFROMEDIA,2017-12-20,0.5,,,0.5,0.0,2026-04-08T02:59:25.001427+00:00
65799,AFROMEDIA,2017-12-21,0.5,,,0.5,0.0,2026-04-08T02:59:27.554405+00:00
65891,AFROMEDIA,2017-12-22,0.5,,,0.5,0.0,2026-04-08T02:59:29.82771+00:00
65983,AFROMEDIA,2017-12-27,0.5,,,0.5,0.0,2026-04-08T02:59:36.63878+00:00
66075,AFROMEDIA,2017-12-28,0.5,,,0.5,0.0,2026-04-08T02:59:39.04539+00:00
66167,AFROMEDIA,2017-12-29,0.5,,,0.5,0.0,2026-04-08T02:59:41.445401+00:00
66259,AFROMEDIA,2018-01-02,0.5,,,0.5,0.0,2026-04-08T02:59:46.944851+00:00
66351,AFROMEDIA,2018-01-03,0.5,,,0.5,0.0,2026-04-08T02:59:49.25236+00:00
66443,AFROMEDIA,2018-01-04,0.5,,,0.5,0.0,2026-04-08T02:59:51.440942+00:00
66535,AFROMEDIA,2018-01-05,0.5,,,0.5,0.0,2026-04-08T02:59:53.632679+00:00
66627,AFROMEDIA,2018-01-08,0.5,,,0.5,0.0,2026-04-08T02:59:58.187375+00:00
66719,AFROMEDIA,2018-01-09,0.5,,,0.5,0.0,2026-04-08T03:00:00.526076+00:00
66811,AFROMEDIA,2018-01-10,0.5,,,0.5,0.0,2026-04-08T03:00:02.789006+00:00
66903,AFROMEDIA,2018-01-11,0.5,,,0.5,0.0,2026-04-08T03:00:05.007224+00:00
66995,AFROMEDIA,2018-01-12,0.5,,,0.5,0.0,2026-04-08T03:00:07.437621+00:00
67087,AFROMEDIA,2018-01-15,0.5,,,0.5,0.0,2026-04-08T03:00:11.967979+00:00
67179,AFROMEDIA,2018-01-16,0.5,,,0.5,0.0,2026-04-08T03:00:14.274869+00:00
67271,AFROMEDIA,2018-01-17,0.5,,,0.5,0.0,2026-04-08T03:00:16.592861+00:00
67363,AFROMEDIA,2018-01-18,0.5,,,0.5,0.0,2026-04-08T03:00:18.874572+00:00
67455,AFROMEDIA,2018-01-19,0.5,,,0.5,0.0,2026-04-08T03:00:21.223293+00:00
67547,AFROMEDIA,2018-01-22,0.5,,,0.5,0.0,2026-04-08T03:00:25.613479+00:00
67639,AFROMEDIA,2018-01-23,0.5,,,0.5,0.0,2026-04-08T03:00:27.792672+00:00
67731,AFROMEDIA,2018-01-24,0.5,,,0.5,0.0,2026-04-08T03:00:29.955701+00:00
67823,AFROMEDIA,2018-01-25,0.5,,,0.5,0.0,2026-04-08T03:00:32.149736+00:00
67915,AFROMEDIA,2018-01-26,0.5,,,0.5,0.0,2026-04-08T03:00:34.314441+00:00
68007,AFROMEDIA,2018-01-30,0.5,,,0.5,0.0,2026-04-08T03:00:39.498781+00:00
68099,AFROMEDIA,2018-01-31,0.5,,,0.5,0.0,2026-04-08T03:00:41.874276+00:00
68191,AFROMEDIA,2018-02-01,0.5,,,0.5,0.0,2026-04-08T03:00:44.260901+00:00
68283,AFROMEDIA,2018-02-02,0.5,,,0.5,0.0,2026-04-08T03:00:46.552556+00:00
68375,AFROMEDIA,2018-02-05,0.5,,,0.5,0.0,2026-04-08T03:00:50.820837+00:00
68467,AFROMEDIA,2018-02-06,0.5,,,0.5,10.0,2026-04-08T03:00:53.862975+00:00
68559,AFROMEDIA,2018-02-07,0.5,,,0.5,0.0,2026-04-08T03:00:56.249659+00:00
68651,AFROMEDIA,2018-02-08,0.5,,,0.5,0.0,2026-04-08T03:00:58.532515+00:00
68743,AFROMEDIA,2018-02-12,0.5,,,0.5,0.0,2026-04-08T03:01:04.382325+00:00
68835,AFROMEDIA,2018-02-13,0.5,,,0.5,0.0,2026-04-08T03:01:06.5746+00:00
68927,AFROMEDIA,2018-02-14,0.5,,,0.5,0.0,2026-04-08T03:01:08.960618+00:00
69019,AFROMEDIA,2018-02-15,0.5,,,0.5,0.0,2026-04-08T03:01:11.158693+00:00
69111,AFROMEDIA,2018-02-16,0.5,,,0.5,1500.0,2026-04-08T03:01:13.607551+00:00
69203,AFROMEDIA,2018-02-19,0.5,,,0.5,0.0,2026-04-08T03:01:18.187191+00:00
69295,AFROMEDIA,2018-02-20,0.5,,,0.5,0.0,2026-04-08T03:01:20.554931+00:00
69387,AFROMEDIA,2018-02-22,0.5,,,0.5,0.0,2026-04-08T03:01:23.957413+00:00
69479,AFROMEDIA,2018-02-26,0.5,,,0.5,0.0,2026-04-08T03:01:29.317338+00:00
69571,AFROMEDIA,2018-02-27,0.5,,,0.5,0.0,2026-04-08T03:01:31.58282+00:00
69663,AFROMEDIA,2018-02-28,0.5,,,0.5,0.0,2026-04-08T03:01:33.916623+00:00
69755,AFROMEDIA,2018-03-01,0.5,,,0.5,0.0,2026-04-08T03:01:36.321302+00:00
69847,AFROMEDIA,2018-03-02,0.5,,,0.5,0.0,2026-04-08T03:01:38.625174+00:00
69939,AFROMEDIA,2018-03-05,0.5,,,0.5,0.0,2026-04-08T03:01:43.47208+00:00
70031,AFROMEDIA,2018-03-06,0.5,,,0.5,0.0,2026-04-08T03:01:45.677681+00:00
70123,AFROMEDIA,2018-03-08,0.5,,,0.5,0.0,2026-04-08T03:01:48.923554+00:00
70215,AFROMEDIA,2018-03-09,0.5,,,0.5,0.0,2026-04-08T03:01:51.131195+00:00
70307,AFROMEDIA,2018-03-12,0.5,,,0.5,0.0,2026-04-08T03:01:55.382529+00:00
70399,AFROMEDIA,2018-03-13,0.5,,,0.5,0.0,2026-04-08T03:01:57.721961+00:00
70491,AFROMEDIA,2018-03-14,0.5,,,0.5,0.0,2026-04-08T03:02:00.06799+00:00
70583,AFROMEDIA,2018-03-15,0.5,,,0.5,0.0,2026-04-08T03:02:02.587626+00:00
70675,AFROMEDIA,2018-03-16,0.5,,,0.5,0.0,2026-04-08T03:02:05.049003+00:00
70767,AFROMEDIA,2018-03-19,0.5,,,0.5,0.0,2026-04-08T03:02:09.713694+00:00
70859,AFROMEDIA,2018-03-20,0.5,,,0.5,0.0,2026-04-08T03:02:12.039098+00:00
70951,AFROMEDIA,2018-03-21,0.5,,,0.5,0.0,2026-04-08T03:02:14.26344+00:00
71043,AFROMEDIA,2018-03-22,0.5,,,0.5,0.0,2026-04-08T03:02:16.655807+00:00
71135,AFROMEDIA,2018-03-23,0.5,,,0.5,0.0,2026-04-08T03:02:19.005936+00:00
71227,AFROMEDIA,2018-03-26,0.5,,,0.5,0.0,2026-04-08T03:02:23.356301+00:00
71319,AFROMEDIA,2018-03-27,0.5,,,0.5,0.0,2026-04-08T03:02:25.602463+00:00
71411,AFROMEDIA,2018-03-28,0.5,,,0.5,0.0,2026-04-08T03:02:28.271075+00:00
71503,AFROMEDIA,2018-03-29,0.5,,,0.5,0.0,2026-04-08T03:02:31.326472+00:00
71595,AFROMEDIA,2018-04-03,0.5,,,0.5,0.0,2026-04-08T03:02:37.862294+00:00
71687,AFROMEDIA,2018-04-04,0.5,,,0.5,0.0,2026-04-08T03:02:40.086392+00:00
71779,AFROMEDIA,2018-04-05,0.5,,,0.5,0.0,2026-04-08T03:02:42.518452+00:00
71871,AFROMEDIA,2018-04-09,0.5,,,0.5,0.0,2026-04-08T03:02:48.00481+00:00
71963,AFROMEDIA,2018-04-10,0.5,,,0.5,0.0,2026-04-08T03:02:50.293549+00:00
72055,AFROMEDIA,2018-04-11,0.5,,,0.5,0.0,2026-04-08T03:02:52.723357+00:00
72147,AFROMEDIA,2018-04-12,0.5,,,0.5,0.0,2026-04-08T03:02:54.976434+00:00
72239,AFROMEDIA,2018-04-13,0.5,,,0.5,0.0,2026-04-08T03:02:57.419716+00:00
72332,AFROMEDIA,2018-04-16,0.5,,,0.5,0.0,2026-04-08T03:03:01.748445+00:00
72425,AFROMEDIA,2018-04-17,0.5,,,0.5,0.0,2026-04-08T03:03:04.013915+00:00
72518,AFROMEDIA,2018-04-18,0.5,,,0.5,0.0,2026-04-08T03:03:06.304604+00:00
72611,AFROMEDIA,2018-04-19,0.5,,,0.5,0.0,2026-04-08T03:03:08.631091+00:00
72704,AFROMEDIA,2018-04-20,0.5,,,0.5,0.0,2026-04-08T03:03:11.181142+00:00
72797,AFROMEDIA,2018-04-23,0.5,,,0.5,0.0,2026-04-08T03:03:15.702548+00:00
72890,AFROMEDIA,2018-04-24,0.5,,,0.5,0.0,2026-04-08T03:03:17.976864+00:00
72983,AFROMEDIA,2018-04-25,0.5,,,0.5,0.0,2026-04-08T03:03:20.281484+00:00
73076,AFROMEDIA,2018-04-26,0.5,,,0.5,0.0,2026-04-08T03:03:22.503544+00:00
73169,AFROMEDIA,2018-04-27,0.5,,,0.5,0.0,2026-04-08T03:03:24.801147+00:00
73262,AFROMEDIA,2018-04-30,0.5,,,0.5,0.0,2026-04-08T03:03:29.288658+00:00
73355,AFROMEDIA,2018-05-02,0.5,,,0.5,0.0,2026-04-08T03:03:32.97882+00:00
73448,AFROMEDIA,2018-05-03,0.5,,,0.5,0.0,2026-04-08T03:03:35.46093+00:00
73541,AFROMEDIA,2018-05-04,0.5,,,0.5,0.0,2026-04-08T03:03:38.142449+00:00
73634,AFROMEDIA,2018-05-07,0.5,,,0.5,0.0,2026-04-08T03:03:42.835383+00:00
73727,AFROMEDIA,2018-05-08,0.5,,,0.5,0.0,2026-04-08T03:03:45.094212+00:00
73820,AFROMEDIA,2018-05-09,0.5,,,0.5,0.0,2026-04-08T03:03:47.354492+00:00
73913,AFROMEDIA,2018-05-10,0.5,,,0.5,0.0,2026-04-08T03:03:49.581225+00:00
74006,AFROMEDIA,2018-05-11,0.5,,,0.5,0.0,2026-04-08T03:03:51.923758+00:00
74099,AFROMEDIA,2018-05-14,0.5,,,0.5,0.0,2026-04-08T03:03:56.261604+00:00
74192,AFROMEDIA,2018-05-15,0.5,,,0.5,0.0,2026-04-08T03:03:58.63318+00:00
74285,AFROMEDIA,2018-05-16,0.5,,,0.5,0.0,2026-04-08T03:04:02.494817+00:00
74378,AFROMEDIA,2018-05-17,0.5,,,0.5,0.0,2026-04-08T03:04:04.853265+00:00
74471,AFROMEDIA,2018-05-18,0.5,,,0.5,0.0,2026-04-08T03:04:09.280828+00:00
74564,AFROMEDIA,2018-05-21,0.5,,,0.5,0.0,2026-04-08T03:04:14.640212+00:00
74657,AFROMEDIA,2018-05-22,0.5,,,0.5,0.0,2026-04-08T03:04:17.13602+00:00
74750,AFROMEDIA,2018-05-24,0.5,,,0.5,0.0,2026-04-08T03:04:20.857799+00:00
74843,AFROMEDIA,2018-05-25,0.5,,,0.5,0.0,2026-04-08T03:04:23.533051+00:00
74936,AFROMEDIA,2018-05-28,0.5,,,0.5,0.0,2026-04-08T03:04:28.151981+00:00
75029,AFROMEDIA,2018-05-31,0.5,,,0.5,0.0,2026-04-08T03:04:33.384321+00:00
75122,AFROMEDIA,2018-06-01,0.5,,,0.5,0.0,2026-04-08T03:04:35.846588+00:00
75215,AFROMEDIA,2018-06-04,0.5,,,0.5,0.0,2026-04-08T03:04:40.216574+00:00
75308,AFROMEDIA,2018-06-05,0.5,,,0.5,0.0,2026-04-08T03:04:42.57091+00:00
75401,AFROMEDIA,2018-06-06,0.5,,,0.5,0.0,2026-04-08T03:04:44.928825+00:00
75494,AFROMEDIA,2018-06-07,0.5,,,0.5,0.0,2026-04-08T03:04:47.263813+00:00
75587,AFROMEDIA,2018-06-08,0.5,,,0.5,0.0,2026-04-08T03:04:49.462509+00:00
75680,AFROMEDIA,2018-06-11,0.5,,,0.5,0.0,2026-04-08T03:04:53.988129+00:00
75773,AFROMEDIA,2018-06-12,0.5,,,0.5,0.0,2026-04-08T03:04:56.284057+00:00
75866,AFROMEDIA,2018-06-13,0.5,,,0.5,0.0,2026-04-08T03:04:58.638577+00:00
75959,AFROMEDIA,2018-06-14,0.5,,,0.5,0.0,2026-04-08T03:05:00.901161+00:00
76052,AFROMEDIA,2018-06-19,0.5,,,0.5,0.0,2026-04-08T03:05:07.639029+00:00
76145,AFROMEDIA,2018-06-20,0.5,,,0.5,0.0,2026-04-08T03:05:09.924133+00:00
76238,AFROMEDIA,2018-06-21,0.5,,,0.5,0.0,2026-04-08T03:05:12.376626+00:00
76331,AFROMEDIA,2018-06-22,0.5,,,0.5,0.0,2026-04-08T03:05:14.680862+00:00
76425,AFROMEDIA,2018-06-25,0.5,,,0.5,0.0,2026-04-08T03:05:19.028214+00:00
76519,AFROMEDIA,2018-06-26,0.5,,,0.5,0.0,2026-04-08T03:05:21.361472+00:00
76613,AFROMEDIA,2018-06-27,0.5,,,0.5,0.0,2026-04-08T03:05:23.730487+00:00
76707,AFROMEDIA,2018-06-28,0.5,,,0.5,0.0,2026-04-08T03:05:26.342484+00:00
76801,AFROMEDIA,2018-06-29,0.5,,,0.5,0.0,2026-04-08T03:05:28.786725+00:00
76895,AFROMEDIA,2018-07-02,0.5,,,0.5,0.0,2026-04-08T03:05:34.742081+00:00
76989,AFROMEDIA,2018-07-03,0.5,,,0.5,0.0,2026-04-08T03:05:37.830893+00:00
77083,AFROMEDIA,2018-07-04,0.5,,,0.5,0.0,2026-04-08T03:05:40.225299+00:00
77177,AFROMEDIA,2018-07-05,0.5,,,0.5,0.0,2026-04-08T03:05:42.479897+00:00
77271,AFROMEDIA,2018-07-06,0.5,,,0.5,0.0,2026-04-08T03:05:44.93013+00:00
77365,AFROMEDIA,2018-07-09,0.5,,,0.5,0.0,2026-04-08T03:05:49.395513+00:00
77459,AFROMEDIA,2018-07-10,0.5,,,0.5,0.0,2026-04-08T03:05:51.797285+00:00
77553,AFROMEDIA,2018-07-11,0.5,,,0.5,0.0,2026-04-08T03:05:54.14171+00:00
77647,AFROMEDIA,2018-07-12,0.5,,,0.5,0.0,2026-04-08T03:05:56.629461+00:00
77741,AFROMEDIA,2018-07-13,0.5,,,0.5,0.0,2026-04-08T03:05:59.112955+00:00
77836,AFROMEDIA,2018-07-16,0.5,,,0.5,0.0,2026-04-08T03:06:03.612411+00:00
77931,AFROMEDIA,2018-07-17,0.5,,,0.5,0.0,2026-04-08T03:06:06.031894+00:00
78026,AFROMEDIA,2018-07-18,0.5,,,0.5,0.0,2026-04-08T03:06:08.398083+00:00
78121,AFROMEDIA,2018-07-19,0.5,,,0.5,0.0,2026-04-08T03:06:10.625391+00:00
78216,AFROMEDIA,2018-07-20,0.5,,,0.5,0.0,2026-04-08T03:06:13.100822+00:00
78311,AFROMEDIA,2018-07-23,0.5,,,0.5,0.0,2026-04-08T03:06:17.450644+00:00
78406,AFROMEDIA,2018-07-24,0.5,,,0.5,0.0,2026-04-08T03:06:19.846153+00:00
78501,AFROMEDIA,2018-07-25,0.5,,,0.5,0.0,2026-04-08T03:06:22.17218+00:00
78596,AFROMEDIA,2018-07-26,0.5,,,0.5,0.0,2026-04-08T03:06:24.338643+00:00
78691,AFROMEDIA,2018-07-27,0.5,,,0.5,0.0,2026-04-08T03:06:26.70773+00:00
78786,AFROMEDIA,2018-07-30,0.5,,,0.5,0.0,2026-04-08T03:06:31.357035+00:00
78881,AFROMEDIA,2018-07-31,0.5,,,0.5,0.0,2026-04-08T03:06:33.766078+00:00
78976,AFROMEDIA,2018-08-01,0.5,,,0.5,0.0,2026-04-08T03:06:36.22345+00:00
79071,AFROMEDIA,2018-08-02,0.5,,,0.5,0.0,2026-04-08T03:06:38.596191+00:00
79166,AFROMEDIA,2018-08-03,0.5,,,0.5,0.0,2026-04-08T03:06:41.315743+00:00
79261,AFROMEDIA,2018-08-06,0.5,,,0.5,0.0,2026-04-08T03:06:46.359416+00:00
79356,AFROMEDIA,2018-08-07,0.5,,,0.5,0.0,2026-04-08T03:06:48.623378+00:00
79451,AFROMEDIA,2018-08-08,0.5,,,0.5,0.0,2026-04-08T03:06:51.110249+00:00
79546,AFROMEDIA,2018-08-09,0.5,,,0.5,0.0,2026-04-08T03:06:53.45187+00:00
79641,AFROMEDIA,2018-08-10,0.5,,,0.5,0.0,2026-04-08T03:06:56.254972+00:00
79736,AFROMEDIA,2018-08-13,0.5,,,0.5,0.0,2026-04-08T03:07:00.870215+00:00
79831,AFROMEDIA,2018-08-14,0.5,,,0.5,0.0,2026-04-08T03:07:03.258394+00:00
79926,AFROMEDIA,2018-08-15,0.5,,,0.5,0.0,2026-04-08T03:07:05.636903+00:00
80021,AFROMEDIA,2018-08-16,0.5,,,0.5,0.0,2026-04-08T03:07:07.96787+00:00
80116,AFROMEDIA,2018-08-17,0.5,,,0.5,0.0,2026-04-08T03:07:10.276143+00:00
80211,AFROMEDIA,2018-08-20,0.5,,,0.5,0.0,2026-04-08T03:07:14.92421+00:00
80306,AFROMEDIA,2018-08-24,0.5,,,0.5,0.0,2026-04-08T03:07:20.612873+00:00
80401,AFROMEDIA,2018-08-27,0.5,,,0.5,0.0,2026-04-08T03:07:24.735515+00:00
80496,AFROMEDIA,2018-08-28,0.5,,,0.5,0.0,2026-04-08T03:07:26.964049+00:00
80591,AFROMEDIA,2018-08-29,0.5,,,0.5,0.0,2026-04-08T03:07:29.382314+00:00
80686,AFROMEDIA,2018-08-30,0.5,,,0.5,0.0,2026-04-08T03:07:31.753519+00:00
80781,AFROMEDIA,2018-08-31,0.5,,,0.5,0.0,2026-04-08T03:07:34.108038+00:00
80876,AFROMEDIA,2018-09-03,0.5,,,0.5,0.0,2026-04-08T03:07:38.483999+00:00
80971,AFROMEDIA,2018-09-05,0.5,,,0.5,0.0,2026-04-08T03:07:41.733647+00:00
81066,AFROMEDIA,2018-09-06,0.5,,,0.5,0.0,2026-04-08T03:07:44.232746+00:00
81161,AFROMEDIA,2018-09-07,0.5,,,0.5,0.0,2026-04-08T03:07:46.695234+00:00
81256,AFROMEDIA,2018-09-10,0.5,,,0.5,0.0,2026-04-08T03:07:51.133138+00:00
81358,AFROMEDIA,2018-09-11,0.5,,,0.5,0.0,2026-04-08T03:07:53.572062+00:00
81460,AFROMEDIA,2018-09-12,0.5,,,0.5,0.0,2026-04-08T03:07:56.190409+00:00
81562,AFROMEDIA,2018-09-13,0.5,,,0.5,0.0,2026-04-08T03:07:58.529226+00:00
81664,AFROMEDIA,2018-09-14,0.5,,,0.5,0.0,2026-04-08T03:08:00.944137+00:00
81766,AFROMEDIA,2018-09-17,0.5,,,0.5,0.0,2026-04-08T03:08:05.572353+00:00
81868,AFROMEDIA,2018-09-18,0.5,,,0.5,0.0,2026-04-08T03:08:07.840784+00:00
81970,AFROMEDIA,2018-09-19,0.5,,,0.5,0.0,2026-04-08T03:08:10.07554+00:00
82072,AFROMEDIA,2018-09-20,0.5,,,0.5,0.0,2026-04-08T03:08:12.389642+00:00
82174,AFROMEDIA,2018-09-21,0.5,,,0.5,0.0,2026-04-08T03:08:14.761127+00:00
82276,AFROMEDIA,2018-09-24,0.5,,,0.5,0.0,2026-04-08T03:08:19.182113+00:00
82378,AFROMEDIA,2018-09-25,0.5,,,0.5,0.0,2026-04-08T03:08:21.370615+00:00
82480,AFROMEDIA,2018-09-26,0.5,,,0.5,0.0,2026-04-08T03:08:24.494451+00:00
82582,AFROMEDIA,2018-09-27,0.5,,,0.5,0.0,2026-04-08T03:08:26.812803+00:00
82684,AFROMEDIA,2018-09-28,0.5,,,0.5,0.0,2026-04-08T03:08:29.283021+00:00
82786,AFROMEDIA,2018-10-02,0.5,,,0.5,0.0,2026-04-08T03:08:34.887787+00:00
82888,AFROMEDIA,2018-10-04,0.5,,,0.5,0.0,2026-04-08T03:08:38.279141+00:00
82990,AFROMEDIA,2018-10-05,0.5,,,0.5,0.0,2026-04-08T03:08:40.455926+00:00
83092,AFROMEDIA,2018-10-08,0.5,,,0.5,0.0,2026-04-08T03:08:45.286665+00:00
83194,AFROMEDIA,2018-10-09,0.5,,,0.5,0.0,2026-04-08T03:08:47.584215+00:00
83296,AFROMEDIA,2018-10-10,0.5,,,0.5,0.0,2026-04-08T03:08:50.198924+00:00
83398,AFROMEDIA,2018-10-11,0.5,,,0.5,0.0,2026-04-08T03:08:52.595743+00:00
83500,AFROMEDIA,2018-10-12,0.5,,,0.5,0.0,2026-04-08T03:08:54.923298+00:00
83602,AFROMEDIA,2018-10-15,0.5,,,0.5,0.0,2026-04-08T03:08:59.688494+00:00
83704,AFROMEDIA,2018-10-16,0.5,,,0.5,0.0,2026-04-08T03:09:01.98694+00:00
83806,AFROMEDIA,2018-10-17,0.5,,,0.5,0.0,2026-04-08T03:09:04.302348+00:00
83908,AFROMEDIA,2018-10-18,0.5,,,0.5,0.0,2026-04-08T03:09:06.644992+00:00
84010,AFROMEDIA,2018-10-19,0.5,,,0.5,0.0,2026-04-08T03:09:09.038287+00:00
84112,AFROMEDIA,2018-10-22,0.5,,,0.5,0.0,2026-04-08T03:09:13.967+00:00
84214,AFROMEDIA,2018-10-23,0.5,,,0.5,0.0,2026-04-08T03:09:16.194722+00:00
84316,AFROMEDIA,2018-10-24,0.5,,,0.5,0.0,2026-04-08T03:09:18.448083+00:00
84418,AFROMEDIA,2018-10-25,0.5,,,0.5,0.0,2026-04-08T03:09:20.631413+00:00
84520,AFROMEDIA,2018-10-26,0.5,,,0.5,0.0,2026-04-08T03:09:23.109094+00:00
84622,AFROMEDIA,2018-10-29,0.5,,,0.5,0.0,2026-04-08T03:09:27.901396+00:00
84724,AFROMEDIA,2018-10-30,0.5,,,0.5,0.0,2026-04-08T03:09:30.377337+00:00
84826,AFROMEDIA,2018-10-31,0.5,,,0.5,0.0,2026-04-08T03:09:32.658485+00:00
84928,AFROMEDIA,2018-11-01,0.5,,,0.5,0.0,2026-04-08T03:09:35.048509+00:00
85030,AFROMEDIA,2018-11-02,0.5,,,0.5,0.0,2026-04-08T03:09:37.41202+00:00
85132,AFROMEDIA,2018-11-05,0.5,,,0.5,0.0,2026-04-08T03:09:41.998643+00:00
85234,AFROMEDIA,2018-11-06,0.5,,,0.5,0.0,2026-04-08T03:09:44.485046+00:00
85336,AFROMEDIA,2018-11-08,0.5,,,0.5,0.0,2026-04-08T03:09:47.843283+00:00
85438,AFROMEDIA,2018-11-09,0.5,,,0.5,0.0,2026-04-08T03:09:50.169754+00:00
85540,AFROMEDIA,2018-11-12,0.5,,,0.5,0.0,2026-04-08T03:09:54.975549+00:00
85642,AFROMEDIA,2018-11-13,0.5,,,0.5,0.0,2026-04-08T03:09:57.558923+00:00
85744,AFROMEDIA,2018-11-14,0.5,,,0.5,0.0,2026-04-08T03:09:59.910116+00:00
85846,AFROMEDIA,2018-11-15,0.5,,,0.5,0.0,2026-04-08T03:10:02.252366+00:00
85948,AFROMEDIA,2018-11-16,0.5,,,0.5,0.0,2026-04-08T03:10:04.527169+00:00
86050,AFROMEDIA,2018-11-19,0.5,,,0.5,0.0,2026-04-08T03:10:09.122468+00:00
86152,AFROMEDIA,2018-11-21,0.5,,,0.5,0.0,2026-04-08T03:10:12.622729+00:00
86254,AFROMEDIA,2018-11-22,0.5,,,0.5,0.0,2026-04-08T03:10:14.989948+00:00
86356,AFROMEDIA,2018-11-23,0.5,,,0.5,0.0,2026-04-08T03:10:17.221139+00:00
86458,AFROMEDIA,2018-11-26,0.5,,,0.5,0.0,2026-04-08T03:10:22.142454+00:00
86560,AFROMEDIA,2018-11-27,0.5,,,0.5,0.0,2026-04-08T03:10:24.421595+00:00
86662,AFROMEDIA,2018-11-28,0.5,,,0.5,0.0,2026-04-08T03:10:26.708398+00:00
86764,AFROMEDIA,2018-11-29,0.5,,,0.5,0.0,2026-04-08T03:10:29.255332+00:00
86866,AFROMEDIA,2018-11-30,0.5,,,0.5,0.0,2026-04-08T03:10:32.706086+00:00
86968,AFROMEDIA,2018-12-03,0.5,,,0.5,0.0,2026-04-08T03:10:37.185914+00:00
87070,AFROMEDIA,2018-12-04,0.5,,,0.5,0.0,2026-04-08T03:10:39.607482+00:00
87172,AFROMEDIA,2018-12-05,0.5,,,0.5,0.0,2026-04-08T03:10:42.037497+00:00
87274,AFROMEDIA,2018-12-06,0.5,,,0.5,0.0,2026-04-08T03:10:44.312069+00:00
87376,AFROMEDIA,2018-12-07,0.5,,,0.5,0.0,2026-04-08T03:10:46.663078+00:00
87478,AFROMEDIA,2018-12-10,0.5,,,0.5,0.0,2026-04-08T03:10:51.346822+00:00
87580,AFROMEDIA,2018-12-11,0.5,,,0.5,0.0,2026-04-08T03:10:53.613329+00:00
87682,AFROMEDIA,2018-12-12,0.5,,,0.5,0.0,2026-04-08T03:10:55.983376+00:00
87784,AFROMEDIA,2018-12-13,0.5,,,0.5,0.0,2026-04-08T03:10:58.622726+00:00
87886,AFROMEDIA,2018-12-17,0.5,,,0.5,0.0,2026-04-08T03:11:04.071168+00:00
87987,AFROMEDIA,2018-12-18,0.5,,,0.5,0.0,2026-04-08T03:11:06.547404+00:00
88088,AFROMEDIA,2018-12-19,0.5,,,0.5,0.0,2026-04-08T03:11:08.930184+00:00
88189,AFROMEDIA,2018-12-21,0.5,,,0.5,0.0,2026-04-08T03:11:13.038597+00:00
88290,AFROMEDIA,2018-12-24,0.5,,,0.5,0.0,2026-04-08T03:11:17.396489+00:00
88392,AFROMEDIA,2018-12-31,0.5,,,0.5,0.0,2026-04-08T03:11:26.963749+00:00
88494,AFROMEDIA,2019-01-04,0.5,,,0.5,0.0,2026-04-08T03:11:33.101723+00:00
88596,AFROMEDIA,2019-01-07,0.5,,,0.5,0.0,2026-04-08T03:11:37.396019+00:00
88698,AFROMEDIA,2019-01-08,0.5,,,0.5,0.0,2026-04-08T03:11:39.720871+00:00
88800,AFROMEDIA,2019-01-09,0.5,,,0.5,0.0,2026-04-08T03:11:42.122758+00:00
88902,AFROMEDIA,2019-01-10,0.5,,,0.5,0.0,2026-04-08T03:11:44.4712+00:00
89004,AFROMEDIA,2019-01-11,0.5,,,0.5,0.0,2026-04-08T03:11:46.864498+00:00
89106,AFROMEDIA,2019-01-14,0.5,,,0.5,0.0,2026-04-08T03:11:51.386431+00:00
89208,AFROMEDIA,2019-01-15,0.5,,,0.5,0.0,2026-04-08T03:11:53.781694+00:00
89310,AFROMEDIA,2019-01-16,0.5,,,0.5,0.0,2026-04-08T03:11:56.273278+00:00
89412,AFROMEDIA,2019-01-17,0.5,,,0.5,0.0,2026-04-08T03:11:58.633279+00:00
89514,AFROMEDIA,2019-01-18,0.5,,,0.5,0.0,2026-04-08T03:12:01.678716+00:00
89616,AFROMEDIA,2019-01-21,0.5,,,0.5,0.0,2026-04-08T03:12:06.146982+00:00
89718,AFROMEDIA,2019-01-22,0.5,,,0.5,0.0,2026-04-08T03:12:26.450353+00:00
89820,AFROMEDIA,2019-01-23,0.5,,,0.5,0.0,2026-04-08T03:12:28.985884+00:00
89922,AFROMEDIA,2019-01-24,0.5,,,0.5,0.0,2026-04-08T03:12:31.471104+00:00
90024,AFROMEDIA,2019-01-25,0.5,,,0.5,0.0,2026-04-08T03:12:33.831732+00:00
90126,AFROMEDIA,2019-01-28,0.5,,,0.5,0.0,2026-04-08T03:12:38.324+00:00
90228,AFROMEDIA,2019-01-29,0.5,,,0.5,0.0,2026-04-08T03:12:40.769031+00:00
90330,AFROMEDIA,2019-01-30,0.5,,,0.5,0.0,2026-04-08T03:12:43.207065+00:00
90432,AFROMEDIA,2019-01-31,0.5,,,0.5,0.0,2026-04-08T03:12:45.452606+00:00
90534,AFROMEDIA,2019-02-01,0.5,,,0.5,0.0,2026-04-08T03:12:47.65569+00:00
90636,AFROMEDIA,2019-02-04,0.5,,,0.5,0.0,2026-04-08T03:12:52.008801+00:00
90738,AFROMEDIA,2019-02-05,0.5,,,0.5,0.0,2026-04-08T03:12:54.428036+00:00
90840,AFROMEDIA,2019-02-06,0.5,,,0.5,0.0,2026-04-08T03:12:56.795589+00:00
90942,AFROMEDIA,2019-02-07,0.5,,,0.5,0.0,2026-04-08T03:12:59.333395+00:00
91044,AFROMEDIA,2019-02-08,0.5,,,0.5,0.0,2026-04-08T03:13:01.766173+00:00
91146,AFROMEDIA,2019-02-11,0.5,,,0.5,0.0,2026-04-08T03:13:07.807824+00:00
91248,AFROMEDIA,2019-02-12,0.5,,,0.5,0.0,2026-04-08T03:13:10.389121+00:00
91350,AFROMEDIA,2019-02-13,0.5,,,0.5,0.0,2026-04-08T03:13:13.120558+00:00
91452,AFROMEDIA,2019-02-14,0.5,,,0.5,0.0,2026-04-08T03:13:15.610167+00:00
91554,AFROMEDIA,2019-02-15,0.5,,,0.5,0.0,2026-04-08T03:13:17.960235+00:00
91656,AFROMEDIA,2019-02-18,0.5,,,0.5,0.0,2026-04-08T03:13:22.383964+00:00
91758,AFROMEDIA,2019-02-19,0.5,,,0.5,0.0,2026-04-08T03:13:24.617569+00:00
91860,AFROMEDIA,2019-02-20,0.5,,,0.5,0.0,2026-04-08T03:13:26.870792+00:00
91962,AFROMEDIA,2019-02-22,0.5,,,0.5,0.0,2026-04-08T03:13:30.442816+00:00
92064,AFROMEDIA,2019-02-25,0.5,,,0.5,0.0,2026-04-08T03:13:35.015549+00:00
92166,AFROMEDIA,2019-02-26,0.5,,,0.5,0.0,2026-04-08T03:13:37.412672+00:00
92268,AFROMEDIA,2019-02-27,0.5,,,0.5,0.0,2026-04-08T03:13:39.910522+00:00
92370,AFROMEDIA,2019-02-28,0.5,,,0.5,0.0,2026-04-08T03:13:42.435587+00:00
92472,AFROMEDIA,2019-03-01,0.5,,,0.5,0.0,2026-04-08T03:13:44.810709+00:00
92574,AFROMEDIA,2019-03-04,0.5,,,0.5,0.0,2026-04-08T03:13:49.353535+00:00
92676,AFROMEDIA,2019-03-05,0.5,,,0.5,0.0,2026-04-08T03:13:51.846242+00:00
92778,AFROMEDIA,2019-03-06,0.5,,,0.5,0.0,2026-04-08T03:13:54.267269+00:00
92880,AFROMEDIA,2019-03-07,0.5,,,0.5,0.0,2026-04-08T03:13:56.544072+00:00
92982,AFROMEDIA,2019-03-08,0.5,,,0.5,0.0,2026-04-08T03:13:58.936546+00:00
93084,AFROMEDIA,2019-03-11,0.5,,,0.5,0.0,2026-04-08T03:14:03.582539+00:00
93186,AFROMEDIA,2019-03-12,0.5,,,0.5,0.0,2026-04-08T03:14:06.149716+00:00
93288,AFROMEDIA,2019-03-13,0.5,,,0.5,0.0,2026-04-08T03:14:08.562819+00:00
93390,AFROMEDIA,2019-03-14,0.5,,,0.5,0.0,2026-04-08T03:14:10.990955+00:00
93492,AFROMEDIA,2019-03-15,0.5,,,0.5,0.0,2026-04-08T03:14:13.413527+00:00
93594,AFROMEDIA,2019-03-18,0.5,,,0.5,0.0,2026-04-08T03:14:17.594172+00:00
93696,AFROMEDIA,2019-03-19,0.5,,,0.5,0.0,2026-04-08T03:14:19.883177+00:00
93798,AFROMEDIA,2019-03-20,0.5,,,0.5,0.0,2026-04-08T03:14:22.215184+00:00
93900,AFROMEDIA,2019-03-21,0.5,,,0.5,0.0,2026-04-08T03:14:24.469396+00:00
94002,AFROMEDIA,2019-03-22,0.5,,,0.5,0.0,2026-04-08T03:14:26.929153+00:00
94104,AFROMEDIA,2019-03-25,0.5,,,0.5,0.0,2026-04-08T03:14:31.400562+00:00
94206,AFROMEDIA,2019-03-26,0.5,,,0.5,0.0,2026-04-08T03:14:33.80485+00:00
94308,AFROMEDIA,2019-03-27,0.5,,,0.5,0.0,2026-04-08T03:14:36.122563+00:00
94410,AFROMEDIA,2019-03-28,0.5,,,0.5,0.0,2026-04-08T03:14:38.612625+00:00
94512,AFROMEDIA,2019-03-29,0.5,,,0.5,0.0,2026-04-08T03:14:41.061692+00:00
94613,AFROMEDIA,2019-04-01,0.5,,,0.5,0.0,2026-04-08T03:14:45.528331+00:00
94714,AFROMEDIA,2019-04-02,0.5,,,0.5,0.0,2026-04-08T03:14:47.809526+00:00
94815,AFROMEDIA,2019-04-03,0.5,,,0.5,0.0,2026-04-08T03:14:50.124237+00:00
94916,AFROMEDIA,2019-04-04,0.5,,,0.5,0.0,2026-04-08T03:14:52.417245+00:00
95017,AFROMEDIA,2019-04-05,0.5,,,0.5,0.0,2026-04-08T03:14:54.739567+00:00
95118,AFROMEDIA,2019-04-08,0.5,,,0.5,0.0,2026-04-08T03:14:59.01768+00:00
95219,AFROMEDIA,2019-04-09,0.5,,,0.5,100.0,2026-04-08T03:15:01.233247+00:00
95320,AFROMEDIA,2019-04-10,0.5,,,0.5,252.0,2026-04-08T03:15:03.446976+00:00
95421,AFROMEDIA,2019-04-11,0.5,,,0.5,0.0,2026-04-08T03:15:05.608759+00:00
95522,AFROMEDIA,2019-04-12,0.5,,,0.5,150.0,2026-04-08T03:15:07.869644+00:00
95623,AFROMEDIA,2019-04-15,0.5,,,0.5,0.0,2026-04-08T03:15:12.360876+00:00
95724,AFROMEDIA,2019-04-16,0.5,,,0.5,0.0,2026-04-08T03:15:14.69338+00:00
95825,AFROMEDIA,2019-04-17,0.5,,,0.5,0.0,2026-04-08T03:15:16.974822+00:00
95926,AFROMEDIA,2019-04-18,0.5,,,0.5,60.0,2026-04-08T03:15:19.360663+00:00
96027,AFROMEDIA,2019-04-23,0.5,,,0.5,0.0,2026-04-08T03:15:26.04373+00:00
96129,AFROMEDIA,2019-04-24,0.5,,,0.5,0.0,2026-04-08T03:15:28.31166+00:00
96231,AFROMEDIA,2019-04-25,0.5,,,0.5,0.0,2026-04-08T03:15:30.603437+00:00
96333,AFROMEDIA,2019-04-26,0.5,,,0.5,50000.0,2026-04-08T03:15:32.816712+00:00
96435,AFROMEDIA,2019-04-29,0.5,,,0.5,0.0,2026-04-08T03:15:37.198623+00:00
96537,AFROMEDIA,2019-04-30,0.5,,,0.5,0.0,2026-04-08T03:15:39.499507+00:00
96639,AFROMEDIA,2019-05-02,0.45,,,0.45,265100.0,2026-04-08T03:15:42.839166+00:00
96741,AFROMEDIA,2019-05-03,0.45,,,0.45,0.0,2026-04-08T03:15:45.02286+00:00
96843,AFROMEDIA,2019-05-06,0.45,,,0.45,500.0,2026-04-08T03:15:49.380478+00:00
96945,AFROMEDIA,2019-05-07,0.45,,,0.45,100.0,2026-04-08T03:15:51.609622+00:00
97047,AFROMEDIA,2019-05-08,0.45,,,0.45,0.0,2026-04-08T03:15:53.912422+00:00
97149,AFROMEDIA,2019-05-09,0.45,,,0.45,100.0,2026-04-08T03:15:56.308435+00:00
97251,AFROMEDIA,2019-05-10,0.45,,,0.45,0.0,2026-04-08T03:15:58.65517+00:00
97353,AFROMEDIA,2019-05-13,0.45,,,0.45,2000.0,2026-04-08T03:16:02.955985+00:00
97455,AFROMEDIA,2019-05-14,0.45,,,0.45,0.0,2026-04-08T03:16:05.427951+00:00
97557,AFROMEDIA,2019-05-15,0.45,,,0.45,0.0,2026-04-08T03:16:07.709974+00:00
97659,AFROMEDIA,2019-05-16,0.45,,,0.45,0.0,2026-04-08T03:16:09.947696+00:00
97761,AFROMEDIA,2019-05-17,0.45,,,0.45,1000.0,2026-04-08T03:16:12.469468+00:00
97864,AFROMEDIA,2019-05-20,0.45,,,0.45,0.0,2026-04-08T03:16:16.967061+00:00
97967,AFROMEDIA,2019-05-21,0.41,,,0.41,110000.0,2026-04-08T03:16:19.368023+00:00
98070,AFROMEDIA,2019-05-22,0.41,,,0.41,2000.0,2026-04-08T03:16:21.741488+00:00
98173,AFROMEDIA,2019-05-23,0.41,,,0.41,1000.0,2026-04-08T03:16:24.010501+00:00
98276,AFROMEDIA,2019-05-24,0.41,,,0.41,0.0,2026-04-08T03:16:26.41346+00:00
98379,AFROMEDIA,2019-05-27,0.41,,,0.41,0.0,2026-04-08T03:16:30.812568+00:00
98482,AFROMEDIA,2019-05-28,0.41,,,0.41,0.0,2026-04-08T03:16:33.286405+00:00
98585,AFROMEDIA,2019-05-30,0.41,,,0.41,0.0,2026-04-08T03:16:36.695359+00:00
98688,AFROMEDIA,2019-05-31,0.41,,,0.41,0.0,2026-04-08T03:16:39.10826+00:00
98791,AFROMEDIA,2019-06-03,0.41,,,0.41,0.0,2026-04-08T03:16:43.376201+00:00
98894,AFROMEDIA,2019-06-06,0.41,,,0.41,0.0,2026-04-08T03:16:48.034912+00:00
98997,AFROMEDIA,2019-06-07,0.41,,,0.41,0.0,2026-04-08T03:16:50.186426+00:00
99100,AFROMEDIA,2019-06-10,0.41,,,0.41,0.0,2026-04-08T03:16:54.498349+00:00
99203,AFROMEDIA,2019-06-11,0.41,,,0.41,0.0,2026-04-08T03:16:56.702394+00:00
99306,AFROMEDIA,2019-06-13,0.41,,,0.41,30000.0,2026-04-08T03:17:00.140907+00:00
99409,AFROMEDIA,2019-06-14,0.41,,,0.41,0.0,2026-04-08T03:17:02.289964+00:00
99512,AFROMEDIA,2019-06-17,0.41,,,0.41,0.0,2026-04-08T03:17:06.378621+00:00
99615,AFROMEDIA,2019-06-18,0.41,,,0.41,0.0,2026-04-08T03:17:08.696624+00:00
99718,AFROMEDIA,2019-06-19,0.41,,,0.41,0.0,2026-04-08T03:17:10.975867+00:00
99821,AFROMEDIA,2019-06-20,0.41,,,0.41,0.0,2026-04-08T03:17:13.205784+00:00
99924,AFROMEDIA,2019-06-24,0.41,,,0.41,10000.0,2026-04-08T03:17:18.488118+00:00
100027,AFROMEDIA,2019-06-25,0.41,,,0.41,40.0,2026-04-08T03:17:20.712996+00:00
100130,AFROMEDIA,2019-06-26,0.41,,,0.41,300.0,2026-04-08T03:17:23.021521+00:00
100233,AFROMEDIA,2019-06-27,0.41,,,0.41,0.0,2026-04-08T03:17:25.288917+00:00
100336,AFROMEDIA,2019-06-28,0.41,,,0.41,0.0,2026-04-08T03:17:27.669324+00:00
100439,AFROMEDIA,2019-07-01,0.41,,,0.41,0.0,2026-04-08T03:17:31.993492+00:00
100542,AFROMEDIA,2019-07-02,0.41,,,0.41,0.0,2026-04-08T03:17:34.195482+00:00
100645,AFROMEDIA,2019-07-03,0.41,,,0.41,0.0,2026-04-08T03:17:36.539656+00:00
100748,AFROMEDIA,2019-07-04,0.41,,,0.41,500.0,2026-04-08T03:17:38.806977+00:00
100851,AFROMEDIA,2019-07-05,0.41,,,0.41,0.0,2026-04-08T03:17:41.292481+00:00
100954,AFROMEDIA,2019-07-08,0.41,,,0.41,0.0,2026-04-08T03:17:45.861747+00:00
101058,AFROMEDIA,2019-07-09,0.41,,,0.41,0.0,2026-04-08T03:17:48.217581+00:00
101162,AFROMEDIA,2019-07-10,0.41,,,0.41,0.0,2026-04-08T03:17:50.676625+00:00
101266,AFROMEDIA,2019-07-11,0.41,,,0.41,0.0,2026-04-08T03:17:53.082234+00:00
101370,AFROMEDIA,2019-07-12,0.41,,,0.41,1500.0,2026-04-08T03:17:55.503872+00:00
101474,AFROMEDIA,2019-07-15,0.41,,,0.41,0.0,2026-04-08T03:18:00.039317+00:00
101578,AFROMEDIA,2019-07-16,0.41,,,0.41,0.0,2026-04-08T03:18:02.440443+00:00
101682,AFROMEDIA,2019-07-17,0.41,,,0.41,0.0,2026-04-08T03:18:04.729662+00:00
101786,AFROMEDIA,2019-07-18,0.41,,,0.41,0.0,2026-04-08T03:18:07.178594+00:00
101890,AFROMEDIA,2019-07-19,0.41,,,0.41,0.0,2026-04-08T03:18:09.535362+00:00
101994,AFROMEDIA,2019-07-22,0.41,,,0.41,0.0,2026-04-08T03:18:14.212024+00:00
102098,AFROMEDIA,2019-07-23,0.41,,,0.41,0.0,2026-04-08T03:18:16.654741+00:00
102202,AFROMEDIA,2019-07-24,0.41,,,0.41,0.0,2026-04-08T03:18:18.926554+00:00
102306,AFROMEDIA,2019-07-25,0.41,,,0.41,0.0,2026-04-08T03:18:21.127331+00:00
102410,AFROMEDIA,2019-07-26,0.41,,,0.41,0.0,2026-04-08T03:18:23.508197+00:00
102514,AFROMEDIA,2019-07-29,0.41,,,0.41,0.0,2026-04-08T03:18:27.808584+00:00
102618,AFROMEDIA,2019-07-30,0.41,,,0.41,0.0,2026-04-08T03:18:30.090931+00:00
102722,AFROMEDIA,2019-07-31,0.41,,,0.41,0.0,2026-04-08T03:18:32.379029+00:00
102826,AFROMEDIA,2019-08-01,0.41,,,0.41,0.0,2026-04-08T03:18:34.721051+00:00
102930,AFROMEDIA,2019-08-02,0.41,,,0.41,0.0,2026-04-08T03:18:37.148519+00:00
103034,AFROMEDIA,2019-08-05,0.41,,,0.41,0.0,2026-04-08T03:18:41.327383+00:00
103138,AFROMEDIA,2019-08-06,0.41,,,0.41,100.0,2026-04-08T03:18:43.676077+00:00
103242,AFROMEDIA,2019-08-07,0.41,,,0.41,0.0,2026-04-08T03:18:45.952647+00:00
103346,AFROMEDIA,2019-08-08,0.41,,,0.41,0.0,2026-04-08T03:18:48.284739+00:00
103450,AFROMEDIA,2019-08-09,0.41,,,0.41,0.0,2026-04-08T03:18:50.530707+00:00
103554,AFROMEDIA,2019-08-14,0.41,,,0.41,0.0,2026-04-08T03:18:57.313874+00:00
103658,AFROMEDIA,2019-08-15,0.41,,,0.41,0.0,2026-04-08T03:18:59.647711+00:00
103762,AFROMEDIA,2019-08-19,0.41,,,0.41,0.0,2026-04-08T03:19:05.053534+00:00
103866,AFROMEDIA,2019-08-20,0.41,,,0.41,0.0,2026-04-08T03:19:07.283568+00:00
103969,AFROMEDIA,2019-08-21,0.41,,,0.41,110.0,2026-04-08T03:19:09.493441+00:00
104072,AFROMEDIA,2019-08-22,0.41,,,0.41,0.0,2026-04-08T03:19:11.834929+00:00
104175,AFROMEDIA,2019-08-23,0.41,,,0.41,0.0,2026-04-08T03:19:14.066623+00:00
104278,AFROMEDIA,2019-08-26,0.41,,,0.41,20.0,2026-04-08T03:19:18.291411+00:00
104381,AFROMEDIA,2019-08-27,0.41,,,0.41,0.0,2026-04-08T03:19:20.588978+00:00
104484,AFROMEDIA,2019-08-28,0.41,,,0.41,40.0,2026-04-08T03:19:22.939533+00:00
104587,AFROMEDIA,2019-08-29,0.41,,,0.41,0.0,2026-04-08T03:19:25.308081+00:00
104690,AFROMEDIA,2019-08-30,0.41,,,0.41,0.0,2026-04-08T03:19:27.686427+00:00
104793,AFROMEDIA,2019-09-02,0.41,,,0.41,0.0,2026-04-08T03:19:32.075785+00:00
104896,AFROMEDIA,2019-09-03,0.41,,,0.41,20.0,2026-04-08T03:19:34.366833+00:00
104999,AFROMEDIA,2019-09-04,0.41,,,0.41,0.0,2026-04-08T03:19:36.608723+00:00
105102,AFROMEDIA,2019-09-05,0.41,,,0.41,0.0,2026-04-08T03:19:38.984327+00:00
105205,AFROMEDIA,2019-09-06,0.41,,,0.41,10.0,2026-04-08T03:19:41.363212+00:00
105308,AFROMEDIA,2019-09-09,0.41,,,0.41,1000.0,2026-04-08T03:19:45.624302+00:00
105411,AFROMEDIA,2019-09-10,0.41,,,0.41,0.0,2026-04-08T03:19:47.977958+00:00
105514,AFROMEDIA,2019-09-11,0.41,,,0.41,100.0,2026-04-08T03:19:50.333421+00:00
105617,AFROMEDIA,2019-09-12,0.41,,,0.41,0.0,2026-04-08T03:19:52.607202+00:00
105720,AFROMEDIA,2019-09-13,0.41,,,0.41,0.0,2026-04-08T03:19:55.083512+00:00
105823,AFROMEDIA,2019-09-16,0.41,,,0.41,3945.0,2026-04-08T03:19:59.701348+00:00
105926,AFROMEDIA,2019-09-17,0.41,,,0.41,0.0,2026-04-08T03:20:02.523968+00:00
106029,AFROMEDIA,2019-09-18,0.41,,,0.41,60000.0,2026-04-08T03:20:05.488272+00:00
106132,AFROMEDIA,2019-09-19,0.41,,,0.41,50000.0,2026-04-08T03:20:08.114889+00:00
106235,AFROMEDIA,2019-09-20,0.41,,,0.41,0.0,2026-04-08T03:20:10.721894+00:00
106338,AFROMEDIA,2019-09-23,0.41,,,0.41,100.0,2026-04-08T03:20:15.267012+00:00
106441,AFROMEDIA,2019-09-24,0.41,,,0.41,0.0,2026-04-08T03:20:17.630341+00:00
106544,AFROMEDIA,2019-09-25,0.41,,,0.41,0.0,2026-04-08T03:20:20.165626+00:00
106647,AFROMEDIA,2019-09-26,0.41,,,0.41,0.0,2026-04-08T03:20:22.92566+00:00
106750,AFROMEDIA,2019-09-27,0.41,,,0.41,0.0,2026-04-08T03:20:25.402499+00:00
106853,AFROMEDIA,2019-09-30,0.41,,,0.41,0.0,2026-04-08T03:20:29.867546+00:00
106956,AFROMEDIA,2019-10-02,0.41,,,0.41,0.0,2026-04-08T03:20:33.475481+00:00
107059,AFROMEDIA,2019-10-03,0.41,,,0.41,1000.0,2026-04-08T03:20:35.801047+00:00
107162,AFROMEDIA,2019-10-04,0.41,,,0.41,0.0,2026-04-08T03:20:38.138638+00:00
107265,AFROMEDIA,2019-10-07,0.41,,,0.41,0.0,2026-04-08T03:20:43.38987+00:00
107368,AFROMEDIA,2019-10-08,0.41,,,0.41,0.0,2026-04-08T03:20:50.115577+00:00
107471,AFROMEDIA,2019-10-09,0.41,,,0.41,0.0,2026-04-08T03:20:53.067656+00:00
107574,AFROMEDIA,2019-10-10,0.41,,,0.41,0.0,2026-04-08T03:20:55.682822+00:00
107677,AFROMEDIA,2019-10-11,0.41,,,0.41,0.0,2026-04-08T03:20:58.30073+00:00
107780,AFROMEDIA,2019-10-14,0.41,,,0.41,0.0,2026-04-08T03:21:03.536141+00:00
107883,AFROMEDIA,2019-10-15,0.41,,,0.41,0.0,2026-04-08T03:21:06.159586+00:00
107986,AFROMEDIA,2019-10-16,0.41,,,0.41,0.0,2026-04-08T03:21:08.538525+00:00
108089,AFROMEDIA,2019-10-17,0.41,,,0.41,0.0,2026-04-08T03:21:11.125073+00:00
108192,AFROMEDIA,2019-10-18,0.41,,,0.41,0.0,2026-04-08T03:21:14.04892+00:00
108295,AFROMEDIA,2019-10-21,0.41,,,0.41,0.0,2026-04-08T03:21:18.357079+00:00
108398,AFROMEDIA,2019-10-22,0.41,,,0.41,0.0,2026-04-08T03:21:20.5704+00:00
108501,AFROMEDIA,2019-10-23,0.41,,,0.41,0.0,2026-04-08T03:21:22.84444+00:00
108604,AFROMEDIA,2019-10-24,0.41,,,0.41,0.0,2026-04-08T03:21:25.228823+00:00
108707,AFROMEDIA,2019-10-25,0.41,,,0.41,0.0,2026-04-08T03:21:27.539286+00:00
108810,AFROMEDIA,2019-10-28,0.41,,,0.41,0.0,2026-04-08T03:21:32.161692+00:00
108913,AFROMEDIA,2019-10-29,0.41,,,0.41,0.0,2026-04-08T03:21:34.477485+00:00
109016,AFROMEDIA,2019-10-30,0.37,,,0.37,550000.0,2026-04-08T03:21:36.754268+00:00
109119,AFROMEDIA,2019-10-31,0.37,,,0.37,0.0,2026-04-08T03:21:39.10919+00:00
109222,AFROMEDIA,2019-11-01,0.37,,,0.37,1.0,2026-04-08T03:21:41.456138+00:00
109325,AFROMEDIA,2019-11-04,0.37,,,0.37,1000.0,2026-04-08T03:21:45.945243+00:00
109428,AFROMEDIA,2019-11-05,0.37,,,0.37,0.0,2026-04-08T03:21:48.37169+00:00
109531,AFROMEDIA,2019-11-06,0.37,,,0.37,0.0,2026-04-08T03:21:50.755948+00:00
109634,AFROMEDIA,2019-11-07,0.37,,,0.37,0.0,2026-04-08T03:21:53.200031+00:00
109737,AFROMEDIA,2019-11-08,0.37,,,0.37,0.0,2026-04-08T03:21:55.63316+00:00
109840,AFROMEDIA,2019-11-12,0.37,,,0.37,0.0,2026-04-08T03:22:01.520244+00:00
109943,AFROMEDIA,2019-11-13,0.37,,,0.37,0.0,2026-04-08T03:22:04.169594+00:00
110046,AFROMEDIA,2019-11-14,0.37,,,0.37,0.0,2026-04-08T03:22:06.510438+00:00
110149,AFROMEDIA,2019-11-15,0.37,,,0.37,0.0,2026-04-08T03:22:08.972682+00:00
110251,AFROMEDIA,2019-11-18,0.37,,,0.37,0.0,2026-04-08T03:22:13.551393+00:00
110353,AFROMEDIA,2019-11-19,0.37,,,0.37,0.0,2026-04-08T03:22:15.801005+00:00
110455,AFROMEDIA,2019-11-20,0.37,,,0.37,0.0,2026-04-08T03:22:18.11241+00:00
110557,AFROMEDIA,2019-11-21,0.37,,,0.37,0.0,2026-04-08T03:22:20.360812+00:00
110659,AFROMEDIA,2019-11-22,0.37,,,0.37,0.0,2026-04-08T03:22:22.766306+00:00
110761,AFROMEDIA,2019-11-25,0.37,,,0.37,110000.0,2026-04-08T03:22:27.077445+00:00
110863,AFROMEDIA,2019-11-26,0.36,,,0.36,111000.0,2026-04-08T03:22:29.415971+00:00
110965,AFROMEDIA,2019-11-27,0.36,,,0.36,0.0,2026-04-08T03:22:31.797244+00:00
111067,AFROMEDIA,2019-11-28,0.34,,,0.34,560000.0,2026-04-08T03:22:34.150197+00:00
111169,AFROMEDIA,2019-11-29,0.34,,,0.34,0.0,2026-04-08T03:22:36.43862+00:00
111271,AFROMEDIA,2019-12-02,0.34,,,0.34,0.0,2026-04-08T03:22:40.672716+00:00
111373,AFROMEDIA,2019-12-03,0.34,,,0.34,500.0,2026-04-08T03:22:42.857808+00:00
111475,AFROMEDIA,2019-12-04,0.34,,,0.34,0.0,2026-04-08T03:22:45.132537+00:00
111577,AFROMEDIA,2019-12-05,0.34,,,0.34,0.0,2026-04-08T03:22:47.409461+00:00
111679,AFROMEDIA,2019-12-06,0.34,,,0.34,0.0,2026-04-08T03:22:49.720566+00:00
111781,AFROMEDIA,2019-12-10,0.34,,,0.34,0.0,2026-04-08T03:22:54.948045+00:00
111883,AFROMEDIA,2019-12-11,0.34,,,0.34,0.0,2026-04-08T03:22:57.463594+00:00
111985,AFROMEDIA,2019-12-12,0.34,,,0.34,0.0,2026-04-08T03:22:59.677549+00:00
112087,AFROMEDIA,2019-12-13,0.34,,,0.34,0.0,2026-04-08T03:23:01.961124+00:00
112189,AFROMEDIA,2019-12-16,0.34,,,0.34,0.0,2026-04-08T03:23:06.206185+00:00
112291,AFROMEDIA,2019-12-17,0.34,,,0.34,0.0,2026-04-08T03:23:08.526507+00:00
112393,AFROMEDIA,2019-12-18,0.34,,,0.34,0.0,2026-04-08T03:23:10.699016+00:00
112495,AFROMEDIA,2019-12-19,0.34,,,0.34,0.0,2026-04-08T03:23:13.06361+00:00
112597,AFROMEDIA,2019-12-20,0.34,,,0.34,0.0,2026-04-08T03:23:15.515212+00:00
112699,AFROMEDIA,2019-12-23,0.34,,,0.34,0.0,2026-04-08T03:23:19.645113+00:00
112801,AFROMEDIA,2019-12-24,0.34,,,0.34,0.0,2026-04-08T03:23:22.081747+00:00
112903,AFROMEDIA,2019-12-27,0.34,,,0.34,0.0,2026-04-08T03:23:26.48241+00:00
113005,AFROMEDIA,2019-12-31,0.34,,,0.34,0.0,2026-04-08T03:23:31.997666+00:00
113107,AFROMEDIA,2020-01-02,0.34,,,0.34,0.0,2026-04-08T03:23:35.253628+00:00
113209,AFROMEDIA,2020-01-03,0.34,,,0.34,0.0,2026-04-08T03:23:37.484442+00:00
113311,AFROMEDIA,2020-01-06,0.34,,,0.34,0.0,2026-04-08T03:23:41.810791+00:00
113413,AFROMEDIA,2020-01-07,0.34,,,0.34,0.0,2026-04-08T03:23:44.238014+00:00
113515,AFROMEDIA,2020-01-08,0.34,,,0.34,0.0,2026-04-08T03:23:46.428903+00:00
113618,AFROMEDIA,2020-01-09,0.34,,,0.34,0.0,2026-04-08T03:23:48.760691+00:00
113721,AFROMEDIA,2020-01-10,0.34,,,0.34,0.0,2026-04-08T03:23:51.312987+00:00
113824,AFROMEDIA,2020-01-13,0.34,,,0.34,0.0,2026-04-08T03:23:55.704331+00:00
113927,AFROMEDIA,2020-01-14,0.34,,,0.34,0.0,2026-04-08T03:23:58.044369+00:00
114030,AFROMEDIA,2020-01-15,0.34,,,0.34,10.0,2026-04-08T03:24:00.340453+00:00
114133,AFROMEDIA,2020-01-16,0.34,,,0.34,10.0,2026-04-08T03:24:02.775573+00:00
114236,AFROMEDIA,2020-01-17,0.34,,,0.34,0.0,2026-04-08T03:24:05.107796+00:00
114339,AFROMEDIA,2020-01-20,0.34,,,0.34,10.0,2026-04-08T03:24:09.637495+00:00
114442,AFROMEDIA,2020-01-21,0.34,,,0.34,0.0,2026-04-08T03:24:12.081094+00:00
114545,AFROMEDIA,2020-01-23,0.34,,,0.34,0.0,2026-04-08T03:24:15.397306+00:00
114648,AFROMEDIA,2020-01-24,0.34,,,0.34,0.0,2026-04-08T03:24:17.760742+00:00
114751,AFROMEDIA,2020-01-27,0.34,,,0.34,0.0,2026-04-08T03:24:22.426106+00:00
114854,AFROMEDIA,2020-01-28,0.34,,,0.34,0.0,2026-04-08T03:24:24.728321+00:00
114957,AFROMEDIA,2020-01-29,0.34,,,0.34,0.0,2026-04-08T03:24:27.287495+00:00
115060,AFROMEDIA,2020-01-30,0.34,,,0.34,0.0,2026-04-08T03:24:29.658352+00:00
115163,AFROMEDIA,2020-01-31,0.34,,,0.34,0.0,2026-04-08T03:24:31.961868+00:00
115266,AFROMEDIA,2020-02-03,0.34,,,0.34,0.0,2026-04-08T03:24:36.430808+00:00
115369,AFROMEDIA,2020-02-04,0.34,,,0.34,0.0,2026-04-08T03:24:38.687124+00:00
115472,AFROMEDIA,2020-02-05,0.34,,,0.34,0.0,2026-04-08T03:24:41.03998+00:00
115575,AFROMEDIA,2020-02-06,0.34,,,0.34,0.0,2026-04-08T03:24:43.345135+00:00
115678,AFROMEDIA,2020-02-07,0.34,,,0.34,0.0,2026-04-08T03:24:45.609576+00:00
115781,AFROMEDIA,2020-02-10,0.34,,,0.34,0.0,2026-04-08T03:24:50.182603+00:00
115884,AFROMEDIA,2020-02-11,0.34,,,0.34,100.0,2026-04-08T03:24:52.780016+00:00
115987,AFROMEDIA,2020-02-12,0.34,,,0.34,0.0,2026-04-08T03:24:55.120152+00:00
116090,AFROMEDIA,2020-02-13,0.34,,,0.34,0.0,2026-04-08T03:24:57.649025+00:00
116193,AFROMEDIA,2020-02-14,0.34,,,0.34,0.0,2026-04-08T03:25:00.080254+00:00
116296,AFROMEDIA,2020-02-17,0.34,,,0.34,0.0,2026-04-08T03:25:04.377856+00:00
116399,AFROMEDIA,2020-02-18,0.34,,,0.34,0.0,2026-04-08T03:25:06.773592+00:00
116502,AFROMEDIA,2020-02-19,0.34,,,0.34,0.0,2026-04-08T03:25:09.231504+00:00
116605,AFROMEDIA,2020-02-20,0.34,,,0.34,0.0,2026-04-08T03:25:11.501588+00:00
116708,AFROMEDIA,2020-02-21,0.34,,,0.34,0.0,2026-04-08T03:25:13.948187+00:00
116811,AFROMEDIA,2020-02-24,0.34,,,0.34,0.0,2026-04-08T03:25:18.415367+00:00
116914,AFROMEDIA,2020-02-25,0.34,,,0.34,0.0,2026-04-08T03:25:20.711298+00:00
117017,AFROMEDIA,2020-02-26,0.34,,,0.34,0.0,2026-04-08T03:25:23.465375+00:00
117120,AFROMEDIA,2020-02-27,0.34,,,0.34,0.0,2026-04-08T03:25:26.011368+00:00
117223,AFROMEDIA,2020-02-28,0.34,,,0.34,0.0,2026-04-08T03:25:28.472167+00:00
117326,AFROMEDIA,2020-03-02,0.34,,,0.34,0.0,2026-04-08T03:25:32.979972+00:00
117429,AFROMEDIA,2020-03-03,0.34,,,0.34,0.0,2026-04-08T03:25:35.324079+00:00
117532,AFROMEDIA,2020-03-04,0.34,,,0.34,0.0,2026-04-08T03:25:37.587456+00:00
117635,AFROMEDIA,2020-03-05,0.34,,,0.34,0.0,2026-04-08T03:25:39.825698+00:00
117738,AFROMEDIA,2020-03-09,0.34,,,0.34,0.0,2026-04-08T03:25:45.227559+00:00
117841,AFROMEDIA,2020-03-10,0.34,,,0.34,0.0,2026-04-08T03:25:47.644077+00:00
117944,AFROMEDIA,2020-03-11,0.34,,,0.34,0.0,2026-04-08T03:25:49.940962+00:00
118047,AFROMEDIA,2020-03-12,0.34,,,0.34,0.0,2026-04-08T03:25:52.243289+00:00
118150,AFROMEDIA,2020-03-13,0.34,,,0.34,0.0,2026-04-08T03:25:54.520183+00:00
118253,AFROMEDIA,2020-03-16,0.34,,,0.34,0.0,2026-04-08T03:25:58.965391+00:00
118356,AFROMEDIA,2020-03-17,0.34,,,0.34,0.0,2026-04-08T03:26:01.331984+00:00
118459,AFROMEDIA,2020-03-18,0.34,,,0.34,0.0,2026-04-08T03:26:03.589989+00:00
118562,AFROMEDIA,2020-03-19,0.34,,,0.34,0.0,2026-04-08T03:26:05.957067+00:00
118665,AFROMEDIA,2020-03-20,0.34,,,0.34,5000.0,2026-04-08T03:26:08.377452+00:00
118768,AFROMEDIA,2020-03-23,0.34,,,0.34,0.0,2026-04-08T03:26:12.667002+00:00
118871,AFROMEDIA,2020-03-24,0.34,,,0.34,0.0,2026-04-08T03:26:14.960057+00:00
118974,AFROMEDIA,2020-03-25,0.34,,,0.34,0.0,2026-04-08T03:26:17.224804+00:00
119077,AFROMEDIA,2020-03-26,0.34,,,0.34,0.0,2026-04-08T03:26:19.64473+00:00
119180,AFROMEDIA,2020-03-27,0.34,,,0.34,0.0,2026-04-08T03:26:21.968693+00:00
119283,AFROMEDIA,2020-03-30,0.34,,,0.34,15.0,2026-04-08T03:26:26.43282+00:00
119386,AFROMEDIA,2020-03-31,0.34,,,0.34,0.0,2026-04-08T03:26:28.926506+00:00
119489,AFROMEDIA,2020-04-01,0.34,,,0.34,0.0,2026-04-08T03:26:31.173614+00:00
119592,AFROMEDIA,2020-04-02,0.34,,,0.34,66000.0,2026-04-08T03:26:33.480235+00:00
119695,AFROMEDIA,2020-04-03,0.34,,,0.34,0.0,2026-04-08T03:26:35.777807+00:00
119798,AFROMEDIA,2020-04-06,0.34,,,0.34,0.0,2026-04-08T03:26:40.135575+00:00
119901,AFROMEDIA,2020-04-07,0.34,,,0.34,0.0,2026-04-08T03:26:42.376644+00:00
120004,AFROMEDIA,2020-04-08,0.34,,,0.34,0.0,2026-04-08T03:26:44.690105+00:00
120107,AFROMEDIA,2020-04-09,0.34,,,0.34,0.0,2026-04-08T03:26:47.020639+00:00
120210,AFROMEDIA,2020-04-14,0.34,,,0.34,0.0,2026-04-08T03:26:53.304016+00:00
120313,AFROMEDIA,2020-04-15,0.34,,,0.34,1.0,2026-04-08T03:26:55.643286+00:00
120416,AFROMEDIA,2020-04-16,0.34,,,0.34,0.0,2026-04-08T03:26:58.005731+00:00
120519,AFROMEDIA,2020-04-17,0.34,,,0.34,0.0,2026-04-08T03:27:00.196144+00:00
120622,AFROMEDIA,2020-04-20,0.34,,,0.34,0.0,2026-04-08T03:27:04.902814+00:00
120725,AFROMEDIA,2020-04-21,0.34,,,0.34,0.0,2026-04-08T03:27:07.124699+00:00
120828,AFROMEDIA,2020-04-22,0.34,,,0.34,0.0,2026-04-08T03:27:09.50407+00:00
120931,AFROMEDIA,2020-04-23,0.34,,,0.34,0.0,2026-04-08T03:27:11.732195+00:00
121034,AFROMEDIA,2020-04-24,0.34,,,0.34,0.0,2026-04-08T03:27:14.133022+00:00
121137,AFROMEDIA,2020-04-27,0.34,,,0.34,0.0,2026-04-08T03:27:18.376911+00:00
121240,AFROMEDIA,2020-04-28,0.34,,,0.34,0.0,2026-04-08T03:27:20.70836+00:00
121343,AFROMEDIA,2020-04-29,0.34,,,0.34,0.0,2026-04-08T03:27:23.099969+00:00
121446,AFROMEDIA,2020-04-30,0.34,,,0.34,0.0,2026-04-08T03:27:25.479794+00:00
121549,AFROMEDIA,2020-05-04,0.34,,,0.34,0.0,2026-04-08T03:27:30.67652+00:00
121652,AFROMEDIA,2020-05-05,0.34,,,0.34,0.0,2026-04-08T03:27:32.997372+00:00
121755,AFROMEDIA,2020-05-06,0.34,,,0.34,0.0,2026-04-08T03:27:35.368243+00:00
121858,AFROMEDIA,2020-05-07,0.34,,,0.34,0.0,2026-04-08T03:27:37.70358+00:00
121961,AFROMEDIA,2020-05-08,0.34,,,0.34,0.0,2026-04-08T03:27:39.945267+00:00
122064,AFROMEDIA,2020-05-11,0.34,,,0.34,0.0,2026-04-08T03:27:44.543581+00:00
122167,AFROMEDIA,2020-05-12,0.31,,,0.31,118879.0,2026-04-08T03:27:46.988848+00:00
122270,AFROMEDIA,2020-05-13,0.31,,,0.31,0.0,2026-04-08T03:27:49.292243+00:00
122373,AFROMEDIA,2020-05-14,0.31,,,0.31,0.0,2026-04-08T03:27:51.592074+00:00
122476,AFROMEDIA,2020-05-19,0.31,,,0.31,0.0,2026-04-08T03:27:58.031425+00:00
122579,AFROMEDIA,2020-05-20,0.31,,,0.31,0.0,2026-04-08T03:28:00.412443+00:00
122682,AFROMEDIA,2020-05-21,0.31,,,0.31,2000.0,2026-04-08T03:28:02.829603+00:00
122785,AFROMEDIA,2020-05-27,0.26,,,0.26,200000.0,2026-04-08T03:28:10.17932+00:00
122888,AFROMEDIA,2020-05-28,0.26,,,0.26,0.0,2026-04-08T03:28:12.484321+00:00
122991,AFROMEDIA,2020-05-29,0.26,,,0.26,0.0,2026-04-08T03:28:14.796152+00:00
123094,AFROMEDIA,2020-06-02,0.23,,,0.23,372564.0,2026-04-08T03:28:20.224588+00:00
123197,AFROMEDIA,2020-06-03,0.21,,,0.21,6151200.0,2026-04-08T03:28:22.45251+00:00
123300,AFROMEDIA,2020-06-04,0.2,,,0.2,6043500.0,2026-04-08T03:28:24.742978+00:00
123403,AFROMEDIA,2020-06-05,0.2,,,0.2,107272.0,2026-04-08T03:28:26.997708+00:00
123506,AFROMEDIA,2020-06-08,0.2,,,0.2,1122260.0,2026-04-08T03:28:31.360755+00:00
123609,AFROMEDIA,2020-06-09,0.2,,,0.2,481505.0,2026-04-08T03:28:33.545964+00:00
123712,AFROMEDIA,2020-06-10,0.2,,,0.2,20000.0,2026-04-08T03:28:35.856379+00:00
123815,AFROMEDIA,2020-06-11,0.2,,,0.2,5000.0,2026-04-08T03:28:38.052531+00:00
123918,AFROMEDIA,2020-06-15,0.2,,,0.2,0.0,2026-04-08T03:28:43.437023+00:00
124021,AFROMEDIA,2020-06-16,0.2,,,0.2,0.0,2026-04-08T03:28:45.961134+00:00
124124,AFROMEDIA,2020-06-17,0.2,,,0.2,12500.0,2026-04-08T03:28:48.324213+00:00
124227,AFROMEDIA,2020-06-18,0.2,,,0.2,0.0,2026-04-08T03:28:50.696546+00:00
124330,AFROMEDIA,2020-06-19,0.2,,,0.2,17505.0,2026-04-08T03:28:53.406809+00:00
124433,AFROMEDIA,2020-06-22,0.2,,,0.2,1498022.0,2026-04-08T03:28:57.922359+00:00
124536,AFROMEDIA,2020-06-23,0.2,,,0.2,990.0,2026-04-08T03:29:00.283028+00:00
124639,AFROMEDIA,2020-06-24,0.2,,,0.2,0.0,2026-04-08T03:29:02.79982+00:00
124742,AFROMEDIA,2020-06-25,0.2,,,0.2,0.0,2026-04-08T03:29:05.076463+00:00
124845,AFROMEDIA,2020-06-26,0.2,,,0.2,0.0,2026-04-08T03:29:07.48598+00:00
124948,AFROMEDIA,2020-06-29,0.2,,,0.2,2000.0,2026-04-08T03:29:11.968016+00:00
125051,AFROMEDIA,2020-06-30,0.2,,,0.2,0.0,2026-04-08T03:29:14.28255+00:00
125154,AFROMEDIA,2020-07-01,0.2,,,0.2,0.0,2026-04-08T03:29:16.703757+00:00
125257,AFROMEDIA,2020-07-02,0.2,,,0.2,0.0,2026-04-08T03:29:19.127663+00:00
125360,AFROMEDIA,2020-07-03,0.2,,,0.2,14000.0,2026-04-08T03:29:21.544735+00:00
125463,AFROMEDIA,2020-07-07,0.2,,,0.2,0.0,2026-04-08T03:29:27.331532+00:00
125566,AFROMEDIA,2020-07-08,0.2,,,0.2,0.0,2026-04-08T03:29:29.768744+00:00
125669,AFROMEDIA,2020-07-09,0.2,,,0.2,0.0,2026-04-08T03:29:32.143692+00:00
125772,AFROMEDIA,2020-07-10,0.2,,,0.2,0.0,2026-04-08T03:29:34.521297+00:00
125875,AFROMEDIA,2020-07-13,0.2,,,0.2,14001.0,2026-04-08T03:29:39.007126+00:00
125978,AFROMEDIA,2020-07-14,0.2,,,0.2,0.0,2026-04-08T03:29:41.304989+00:00
126081,AFROMEDIA,2020-07-15,0.2,,,0.2,0.0,2026-04-08T03:29:43.708156+00:00
126184,AFROMEDIA,2020-07-16,0.2,,,0.2,0.0,2026-04-08T03:29:45.979708+00:00
126287,AFROMEDIA,2020-07-17,0.2,,,0.2,0.0,2026-04-08T03:29:48.357101+00:00
126390,AFROMEDIA,2020-07-20,0.2,,,0.2,0.0,2026-04-08T03:29:52.723074+00:00
126493,AFROMEDIA,2020-07-21,0.2,,,0.2,1000.0,2026-04-08T03:29:55.035926+00:00
126596,AFROMEDIA,2020-07-23,0.2,,,0.2,0.0,2026-04-08T03:29:58.238067+00:00
126699,AFROMEDIA,2020-07-24,0.2,,,0.2,0.0,2026-04-08T03:30:00.541513+00:00
126802,AFROMEDIA,2020-07-27,0.2,,,0.2,0.0,2026-04-08T03:30:04.748878+00:00
126905,AFROMEDIA,2020-07-28,0.2,,,0.2,4160.0,2026-04-08T03:30:07.286947+00:00
127008,AFROMEDIA,2020-07-29,0.2,,,0.2,0.0,2026-04-08T03:30:09.725653+00:00
127111,AFROMEDIA,2020-08-03,0.2,,,0.2,136.0,2026-04-08T03:30:16.711714+00:00
127214,AFROMEDIA,2020-08-04,0.2,,,0.2,28.0,2026-04-08T03:30:19.026905+00:00
127317,AFROMEDIA,2020-08-05,0.2,,,0.2,10000.0,2026-04-08T03:30:21.509999+00:00
127420,AFROMEDIA,2020-08-06,0.2,,,0.2,2200.0,2026-04-08T03:30:23.823287+00:00
127523,AFROMEDIA,2020-08-07,0.2,,,0.2,0.0,2026-04-08T03:30:26.221973+00:00
127626,AFROMEDIA,2020-08-10,0.2,,,0.2,0.0,2026-04-08T03:30:31.080726+00:00
127729,AFROMEDIA,2020-08-11,0.2,,,0.2,0.0,2026-04-08T03:30:33.557314+00:00
127832,AFROMEDIA,2020-08-12,0.2,,,0.2,0.0,2026-04-08T03:30:35.989363+00:00
127935,AFROMEDIA,2020-08-13,0.2,,,0.2,0.0,2026-04-08T03:30:38.402702+00:00
128038,AFROMEDIA,2020-08-14,0.2,,,0.2,0.0,2026-04-08T03:30:40.738296+00:00
128141,AFROMEDIA,2020-08-17,0.2,,,0.2,0.0,2026-04-08T03:30:45.179846+00:00
128244,AFROMEDIA,2020-08-18,0.2,,,0.2,434000.0,2026-04-08T03:30:47.750292+00:00
128347,AFROMEDIA,2020-08-19,0.2,,,0.2,0.0,2026-04-08T03:30:50.260611+00:00
128450,AFROMEDIA,2020-08-20,0.2,,,0.2,0.0,2026-04-08T03:30:52.728097+00:00
128553,AFROMEDIA,2020-08-21,0.2,,,0.2,0.0,2026-04-08T03:30:55.129893+00:00
128656,AFROMEDIA,2020-08-24,0.2,,,0.2,0.0,2026-04-08T03:30:59.50528+00:00
128759,AFROMEDIA,2020-08-25,0.2,,,0.2,0.0,2026-04-08T03:31:01.97181+00:00
128862,AFROMEDIA,2020-08-26,0.2,,,0.2,0.0,2026-04-08T03:31:04.340397+00:00
128965,AFROMEDIA,2020-08-27,0.2,,,0.2,0.0,2026-04-08T03:31:06.825032+00:00
129068,AFROMEDIA,2020-08-28,0.2,,,0.2,0.0,2026-04-08T03:31:10.050623+00:00
129171,AFROMEDIA,2020-08-31,0.2,,,0.2,0.0,2026-04-08T03:31:14.574397+00:00
129274,AFROMEDIA,2020-09-01,0.2,,,0.2,0.0,2026-04-08T03:31:16.859057+00:00
129377,AFROMEDIA,2020-09-02,0.2,,,0.2,32000.0,2026-04-08T03:31:19.223829+00:00
129480,AFROMEDIA,2020-09-03,0.2,,,0.2,0.0,2026-04-08T03:31:21.580357+00:00
129583,AFROMEDIA,2020-09-04,0.2,,,0.2,0.0,2026-04-08T03:31:24.095323+00:00
129686,AFROMEDIA,2020-09-07,0.2,,,0.2,0.0,2026-04-08T03:31:29.028072+00:00
129789,AFROMEDIA,2020-09-08,0.2,,,0.2,0.0,2026-04-08T03:31:31.696694+00:00
129892,AFROMEDIA,2020-09-09,0.2,,,0.2,10000.0,2026-04-08T03:31:34.222499+00:00
129995,AFROMEDIA,2020-09-10,0.2,,,0.2,0.0,2026-04-08T03:31:36.666154+00:00
130098,AFROMEDIA,2020-09-11,0.2,,,0.2,0.0,2026-04-08T03:31:39.224755+00:00
130201,AFROMEDIA,2020-09-14,0.2,,,0.2,0.0,2026-04-08T03:31:43.669625+00:00
130304,AFROMEDIA,2020-09-15,0.2,,,0.2,0.0,2026-04-08T03:31:46.096824+00:00
130407,AFROMEDIA,2020-09-16,0.2,,,0.2,500.0,2026-04-08T03:31:48.62473+00:00
130510,AFROMEDIA,2020-09-17,0.2,,,0.2,0.0,2026-04-08T03:31:51.120615+00:00
130613,AFROMEDIA,2020-09-18,0.2,,,0.2,35000.0,2026-04-08T03:31:53.500222+00:00
130716,AFROMEDIA,2020-09-21,0.2,,,0.2,0.0,2026-04-08T03:31:57.915353+00:00
130819,AFROMEDIA,2020-09-22,0.2,,,0.2,0.0,2026-04-08T03:32:00.361616+00:00
130922,AFROMEDIA,2020-09-23,0.2,,,0.2,0.0,2026-04-08T03:32:02.667296+00:00
131025,AFROMEDIA,2020-09-24,0.2,,,0.2,0.0,2026-04-08T03:32:05.077899+00:00
131128,AFROMEDIA,2020-09-25,0.2,,,0.2,0.0,2026-04-08T03:32:07.472813+00:00
131231,AFROMEDIA,2020-09-28,0.2,,,0.2,1000.0,2026-04-08T03:32:12.542607+00:00
131334,AFROMEDIA,2020-09-29,0.2,,,0.2,0.0,2026-04-08T03:32:14.948969+00:00
131437,AFROMEDIA,2020-09-30,0.2,,,0.2,200.0,2026-04-08T03:32:17.368144+00:00
131540,AFROMEDIA,2020-10-02,0.2,,,0.2,200.0,2026-04-08T03:32:21.009688+00:00
131643,AFROMEDIA,2020-10-05,0.2,,,0.2,0.0,2026-04-08T03:32:25.669514+00:00
131746,AFROMEDIA,2020-10-06,0.2,,,0.2,0.0,2026-04-08T03:32:28.151061+00:00
131849,AFROMEDIA,2020-10-07,0.2,,,0.2,0.0,2026-04-08T03:32:30.62441+00:00
131952,AFROMEDIA,2020-10-08,0.2,,,0.2,0.0,2026-04-08T03:32:32.995223+00:00
132055,AFROMEDIA,2020-10-09,0.2,,,0.2,0.0,2026-04-08T03:32:35.453646+00:00
132158,AFROMEDIA,2020-10-12,0.2,,,0.2,0.0,2026-04-08T03:32:39.836845+00:00
132261,AFROMEDIA,2020-10-13,0.2,,,0.2,300.0,2026-04-08T03:32:42.883097+00:00
132364,AFROMEDIA,2020-10-14,0.2,,,0.2,0.0,2026-04-08T03:32:45.313484+00:00
132467,AFROMEDIA,2020-10-15,0.2,,,0.2,700.0,2026-04-08T03:32:47.672181+00:00
132570,AFROMEDIA,2020-10-16,0.2,,,0.2,0.0,2026-04-08T03:32:50.112843+00:00
132673,AFROMEDIA,2020-10-19,0.2,,,0.2,0.0,2026-04-08T03:32:54.594352+00:00
132776,AFROMEDIA,2020-10-20,0.2,,,0.2,0.0,2026-04-08T03:32:57.288568+00:00
132879,AFROMEDIA,2020-10-21,0.2,,,0.2,0.0,2026-04-08T03:32:59.679627+00:00
132982,AFROMEDIA,2020-10-22,0.2,,,0.2,0.0,2026-04-08T03:33:02.194874+00:00
133085,AFROMEDIA,2020-10-23,0.2,,,0.2,0.0,2026-04-08T03:33:04.540232+00:00
133188,AFROMEDIA,2020-10-26,0.2,,,0.2,0.0,2026-04-08T03:33:08.964122+00:00
133291,AFROMEDIA,2020-10-27,0.2,,,0.2,0.0,2026-04-08T03:33:12.04516+00:00
133394,AFROMEDIA,2020-10-28,0.2,,,0.2,700.0,2026-04-08T03:33:14.504918+00:00
133497,AFROMEDIA,2020-10-30,0.2,,,0.2,0.0,2026-04-08T03:33:18.13889+00:00
133600,AFROMEDIA,2020-11-02,0.2,,,0.2,0.0,2026-04-08T03:33:22.589733+00:00
133703,AFROMEDIA,2020-11-03,0.2,,,0.2,0.0,2026-04-08T03:33:24.936567+00:00
133806,AFROMEDIA,2020-11-04,0.2,,,0.2,0.0,2026-04-08T03:33:27.402012+00:00
133909,AFROMEDIA,2020-11-05,0.2,,,0.2,0.0,2026-04-08T03:33:29.791139+00:00
134012,AFROMEDIA,2020-11-06,0.2,,,0.2,0.0,2026-04-08T03:33:32.190465+00:00
134115,AFROMEDIA,2020-11-09,0.2,,,0.2,0.0,2026-04-08T03:33:36.944942+00:00
134219,AFROMEDIA,2020-11-10,0.2,,,0.2,0.0,2026-04-08T03:33:39.328014+00:00
134323,AFROMEDIA,2020-11-11,0.2,,,0.2,0.0,2026-04-08T03:33:41.646704+00:00
134427,AFROMEDIA,2020-11-12,0.2,,,0.2,500.0,2026-04-08T03:33:44.075825+00:00
134531,AFROMEDIA,2020-11-13,0.2,,,0.2,0.0,2026-04-08T03:33:46.660663+00:00
134635,AFROMEDIA,2020-11-16,0.2,,,0.2,0.0,2026-04-08T03:33:51.206328+00:00
134739,AFROMEDIA,2020-11-17,0.2,,,0.2,1000.0,2026-04-08T03:33:53.594986+00:00
134843,AFROMEDIA,2020-11-18,0.2,,,0.2,0.0,2026-04-08T03:33:56.053488+00:00
134947,AFROMEDIA,2020-11-19,0.2,,,0.2,0.0,2026-04-08T03:33:58.535588+00:00
135051,AFROMEDIA,2020-11-20,0.2,,,0.2,0.0,2026-04-08T03:34:01.033528+00:00
135155,AFROMEDIA,2020-11-23,0.2,,,0.2,0.0,2026-04-08T03:34:05.446005+00:00
135259,AFROMEDIA,2020-11-24,0.2,,,0.2,2863.0,2026-04-08T03:34:07.827748+00:00
135363,AFROMEDIA,2020-11-25,0.2,,,0.2,0.0,2026-04-08T03:34:10.273596+00:00
135467,AFROMEDIA,2020-11-26,0.2,,,0.2,0.0,2026-04-08T03:34:12.878043+00:00
135571,AFROMEDIA,2020-11-27,0.2,,,0.2,0.0,2026-04-08T03:34:15.660625+00:00
135675,AFROMEDIA,2020-11-30,0.2,,,0.2,0.0,2026-04-08T03:34:20.595268+00:00
135779,AFROMEDIA,2020-12-01,0.2,,,0.2,0.0,2026-04-08T03:34:22.915781+00:00
135882,AFROMEDIA,2020-12-02,0.2,,,0.2,0.0,2026-04-08T03:34:25.200893+00:00
135984,AFROMEDIA,2020-12-03,0.2,,,0.2,0.0,2026-04-08T03:34:27.500503+00:00
136086,AFROMEDIA,2020-12-04,0.2,,,0.2,1000.0,2026-04-08T03:34:29.754666+00:00
136190,AFROMEDIA,2020-12-07,0.2,,,0.2,0.0,2026-04-08T03:34:34.092506+00:00
136294,AFROMEDIA,2020-12-08,0.2,,,0.2,0.0,2026-04-08T03:34:36.413898+00:00
136398,AFROMEDIA,2020-12-09,0.2,,,0.2,0.0,2026-04-08T03:34:38.741358+00:00
136502,AFROMEDIA,2020-12-10,0.2,,,0.2,0.0,2026-04-08T03:34:41.210459+00:00
136606,AFROMEDIA,2020-12-11,0.2,,,0.2,0.0,2026-04-08T03:34:43.516271+00:00
136711,AFROMEDIA,2020-12-14,0.2,,,0.2,0.0,2026-04-08T03:34:47.752987+00:00
136816,AFROMEDIA,2020-12-15,0.2,,,0.2,0.0,2026-04-08T03:34:50.014046+00:00
136921,AFROMEDIA,2020-12-16,0.2,,,0.2,0.0,2026-04-08T03:34:52.260784+00:00
137026,AFROMEDIA,2020-12-17,0.2,,,0.2,0.0,2026-04-08T03:34:54.700208+00:00
137131,AFROMEDIA,2020-12-18,0.2,,,0.2,0.0,2026-04-08T03:34:57.404383+00:00
137236,AFROMEDIA,2020-12-21,0.2,,,0.2,100.0,2026-04-08T03:35:01.74156+00:00
137341,AFROMEDIA,2020-12-22,0.2,,,0.2,90.0,2026-04-08T03:35:04.087051+00:00
137446,AFROMEDIA,2020-12-23,0.2,,,0.2,0.0,2026-04-08T03:35:06.465463+00:00
137551,AFROMEDIA,2020-12-24,0.2,,,0.2,65000.0,2026-04-08T03:35:08.859517+00:00
137656,AFROMEDIA,2020-12-29,0.2,,,0.2,454.0,2026-04-08T03:35:15.710612+00:00
137761,AFROMEDIA,2020-12-30,0.2,,,0.2,20000.0,2026-04-08T03:35:18.332825+00:00
137866,AFROMEDIA,2020-12-31,0.2,,,0.2,63700.0,2026-04-08T03:35:20.721524+00:00
137971,AFROMEDIA,2021-01-04,0.2,,,0.2,0.0,2026-04-08T03:35:26.376094+00:00
138076,AFROMEDIA,2021-01-05,0.2,,,0.2,0.0,2026-04-08T03:35:29.033034+00:00
138181,AFROMEDIA,2021-01-06,0.2,,,0.2,0.0,2026-04-08T03:35:31.424152+00:00
138286,AFROMEDIA,2021-01-07,0.2,,,0.2,500.0,2026-04-08T03:35:34.042283+00:00
138391,AFROMEDIA,2021-01-08,0.2,,,0.2,0.0,2026-04-08T03:35:36.489888+00:00
138496,AFROMEDIA,2021-01-11,0.2,,,0.2,2272.0,2026-04-08T03:35:41.134484+00:00
138601,AFROMEDIA,2021-01-12,0.2,,,0.2,0.0,2026-04-08T03:35:43.444525+00:00
138706,AFROMEDIA,2021-01-13,0.2,,,0.2,500000.0,2026-04-08T03:35:45.752573+00:00
138811,AFROMEDIA,2021-01-14,0.2,,,0.2,97700.0,2026-04-08T03:35:48.266873+00:00
138916,AFROMEDIA,2021-01-15,0.2,,,0.2,1075.0,2026-04-08T03:35:50.536305+00:00
139021,AFROMEDIA,2021-01-18,0.2,,,0.2,0.0,2026-04-08T03:35:55.012207+00:00
139126,AFROMEDIA,2021-01-19,0.22,,,0.22,4057300.0,2026-04-08T03:35:57.346792+00:00
139231,AFROMEDIA,2021-01-20,0.2,,,0.2,11913729.0,2026-04-08T03:35:59.785195+00:00
139336,AFROMEDIA,2021-01-21,0.2,,,0.2,3202733.0,2026-04-08T03:36:02.057398+00:00
139441,AFROMEDIA,2021-01-22,0.2,,,0.2,235850.0,2026-04-08T03:36:04.490813+00:00
139546,AFROMEDIA,2021-01-25,0.2,,,0.2,49706.0,2026-04-08T03:36:09.142175+00:00
139651,AFROMEDIA,2021-01-26,0.2,,,0.2,377544.0,2026-04-08T03:36:11.477526+00:00
139756,AFROMEDIA,2021-01-27,0.2,,,0.2,570903.0,2026-04-08T03:36:13.916788+00:00
139861,AFROMEDIA,2021-01-28,0.2,,,0.2,131100.0,2026-04-08T03:36:16.269205+00:00
139966,AFROMEDIA,2021-01-29,0.2,,,0.2,174002.0,2026-04-08T03:36:18.603253+00:00
140071,AFROMEDIA,2021-02-01,0.2,,,0.2,58024.0,2026-04-08T03:36:23.094546+00:00
140176,AFROMEDIA,2021-02-02,0.2,,,0.2,0.0,2026-04-08T03:36:25.523135+00:00
140281,AFROMEDIA,2021-02-03,0.2,,,0.2,50000.0,2026-04-08T03:36:27.835035+00:00
140386,AFROMEDIA,2021-02-04,0.2,,,0.2,1008500.0,2026-04-08T03:36:30.225924+00:00
140491,AFROMEDIA,2021-02-05,0.2,,,0.2,0.0,2026-04-08T03:36:32.587221+00:00
140596,AFROMEDIA,2021-02-08,0.2,,,0.2,92520.0,2026-04-08T03:36:37.052653+00:00
140701,AFROMEDIA,2021-02-09,0.2,,,0.2,2500.0,2026-04-08T03:36:39.468141+00:00
140806,AFROMEDIA,2021-02-10,0.2,,,0.2,0.0,2026-04-08T03:36:41.836322+00:00
140911,AFROMEDIA,2021-02-11,0.2,,,0.2,0.0,2026-04-08T03:36:44.255641+00:00
141016,AFROMEDIA,2021-02-12,0.2,,,0.2,0.0,2026-04-08T03:36:46.553737+00:00
141121,AFROMEDIA,2021-02-15,0.2,,,0.2,325500.0,2026-04-08T03:36:50.983127+00:00
141226,AFROMEDIA,2021-02-16,0.2,,,0.2,0.0,2026-04-08T03:36:53.929967+00:00
141331,AFROMEDIA,2021-02-17,0.2,,,0.2,0.0,2026-04-08T03:36:56.762484+00:00
141436,AFROMEDIA,2021-02-18,0.2,,,0.2,0.0,2026-04-08T03:36:59.321693+00:00
141541,AFROMEDIA,2021-02-19,0.2,,,0.2,0.0,2026-04-08T03:37:01.817881+00:00
141646,AFROMEDIA,2021-02-22,0.2,,,0.2,600.0,2026-04-08T03:37:06.27808+00:00
141751,AFROMEDIA,2021-02-23,0.2,,,0.2,0.0,2026-04-08T03:37:08.890934+00:00
141856,AFROMEDIA,2021-02-24,0.2,,,0.2,0.0,2026-04-08T03:37:11.490979+00:00
141961,AFROMEDIA,2021-02-25,0.2,,,0.2,0.0,2026-04-08T03:37:14.190372+00:00
142066,AFROMEDIA,2021-02-26,0.2,,,0.2,12000.0,2026-04-08T03:37:16.661186+00:00
142171,AFROMEDIA,2021-03-01,0.2,,,0.2,0.0,2026-04-08T03:37:22.522205+00:00
142276,AFROMEDIA,2021-03-02,0.2,,,0.2,0.0,2026-04-08T03:37:25.400973+00:00
142381,AFROMEDIA,2021-03-03,0.2,,,0.2,0.0,2026-04-08T03:37:28.29584+00:00
142486,AFROMEDIA,2021-03-04,0.2,,,0.2,0.0,2026-04-08T03:37:30.865183+00:00
142591,AFROMEDIA,2021-03-05,0.2,,,0.2,0.0,2026-04-08T03:37:35.032922+00:00
142696,AFROMEDIA,2021-03-08,0.2,,,0.2,0.0,2026-04-08T03:37:40.957406+00:00
142801,AFROMEDIA,2021-03-09,0.2,,,0.2,150.0,2026-04-08T03:37:43.478318+00:00
142906,AFROMEDIA,2021-03-10,0.2,,,0.2,420.0,2026-04-08T03:37:46.075681+00:00
143011,AFROMEDIA,2021-03-11,0.2,,,0.2,0.0,2026-04-08T03:37:49.142973+00:00
143116,AFROMEDIA,2021-03-12,0.2,,,0.2,8290.0,2026-04-08T03:37:51.827027+00:00
143221,AFROMEDIA,2021-03-15,0.2,,,0.2,3000.0,2026-04-08T03:37:56.632273+00:00
143326,AFROMEDIA,2021-03-16,0.2,,,0.2,0.0,2026-04-08T03:37:59.157483+00:00
143431,AFROMEDIA,2021-03-17,0.2,,,0.2,0.0,2026-04-08T03:38:01.497417+00:00
143536,AFROMEDIA,2021-03-18,0.2,,,0.2,20.0,2026-04-08T03:38:03.831621+00:00
143641,AFROMEDIA,2021-03-19,0.2,,,0.2,0.0,2026-04-08T03:38:06.31825+00:00
143746,AFROMEDIA,2021-03-22,0.2,,,0.2,60000.0,2026-04-08T03:38:11.081229+00:00
143851,AFROMEDIA,2021-03-23,0.2,,,0.2,200.0,2026-04-08T03:38:13.396015+00:00
143956,AFROMEDIA,2021-03-24,0.2,,,0.2,0.0,2026-04-08T03:38:15.81449+00:00
144061,AFROMEDIA,2021-03-25,0.2,,,0.2,0.0,2026-04-08T03:38:18.283134+00:00
144166,AFROMEDIA,2021-03-26,0.2,,,0.2,1000.0,2026-04-08T03:38:20.746814+00:00
144271,AFROMEDIA,2021-03-29,0.2,,,0.2,20.0,2026-04-08T03:38:25.159246+00:00
144376,AFROMEDIA,2021-03-30,0.2,,,0.2,38000.0,2026-04-08T03:38:27.475529+00:00
144481,AFROMEDIA,2021-03-31,0.2,,,0.2,0.0,2026-04-08T03:38:29.710175+00:00
144586,AFROMEDIA,2021-04-01,0.2,,,0.2,0.0,2026-04-08T03:38:32.086622+00:00
144691,AFROMEDIA,2021-04-06,0.2,,,0.2,0.0,2026-04-08T03:38:38.336109+00:00
144796,AFROMEDIA,2021-04-07,0.2,,,0.2,12501.0,2026-04-08T03:38:40.597593+00:00
144901,AFROMEDIA,2021-04-08,0.2,,,0.2,0.0,2026-04-08T03:38:43.050318+00:00
145006,AFROMEDIA,2021-04-09,0.2,,,0.2,0.0,2026-04-08T03:38:45.381101+00:00
145111,AFROMEDIA,2021-04-12,0.2,,,0.2,0.0,2026-04-08T03:38:49.634064+00:00
145216,AFROMEDIA,2021-04-14,0.2,,,0.2,0.0,2026-04-08T03:38:53.291299+00:00
145321,AFROMEDIA,2021-04-15,0.2,,,0.2,0.0,2026-04-08T03:38:55.647647+00:00
145426,AFROMEDIA,2021-04-16,0.2,,,0.2,0.0,2026-04-08T03:38:58.039758+00:00
145531,AFROMEDIA,2021-04-19,0.2,,,0.2,5000.0,2026-04-08T03:39:02.639407+00:00
145636,AFROMEDIA,2021-04-20,0.2,,,0.2,100000.0,2026-04-08T03:39:05.009889+00:00
145741,AFROMEDIA,2021-04-21,0.2,,,0.2,0.0,2026-04-08T03:39:07.371999+00:00
145846,AFROMEDIA,2021-04-22,0.2,,,0.2,0.0,2026-04-08T03:39:09.720023+00:00
145951,AFROMEDIA,2021-04-26,0.2,,,0.2,0.0,2026-04-08T03:39:15.36746+00:00
146056,AFROMEDIA,2021-04-27,0.2,,,0.2,0.0,2026-04-08T03:39:17.695414+00:00
146161,AFROMEDIA,2021-04-28,0.2,,,0.2,0.0,2026-04-08T03:39:20.620007+00:00
146266,AFROMEDIA,2021-04-29,0.2,,,0.2,0.0,2026-04-08T03:39:22.905871+00:00
146371,AFROMEDIA,2021-04-30,0.2,,,0.2,200.0,2026-04-08T03:39:25.430976+00:00
146476,AFROMEDIA,2021-05-04,0.2,,,0.2,1000.0,2026-04-08T03:39:31.322792+00:00
146581,AFROMEDIA,2021-05-05,0.2,,,0.2,0.0,2026-04-08T03:39:33.759587+00:00
146686,AFROMEDIA,2021-05-06,0.2,,,0.2,0.0,2026-04-08T03:39:36.246061+00:00
146791,AFROMEDIA,2021-05-07,0.2,,,0.2,10.0,2026-04-08T03:39:38.47254+00:00
146896,AFROMEDIA,2021-05-10,0.2,,,0.2,165688.0,2026-04-08T03:39:42.886326+00:00
147001,AFROMEDIA,2021-05-11,0.2,,,0.2,4322.0,2026-04-08T03:39:45.288668+00:00
147106,AFROMEDIA,2021-05-14,0.2,,,0.2,200.0,2026-04-08T03:39:49.859206+00:00
147211,AFROMEDIA,2021-05-17,0.2,,,0.2,1800.0,2026-04-08T03:39:54.343913+00:00
147316,AFROMEDIA,2021-05-18,0.2,,,0.2,0.0,2026-04-08T03:39:57.092526+00:00
147421,AFROMEDIA,2021-05-19,0.2,,,0.2,1200.0,2026-04-08T03:39:59.433321+00:00
147526,AFROMEDIA,2021-05-20,0.2,,,0.2,1200.0,2026-04-08T03:40:01.906518+00:00
147631,AFROMEDIA,2021-05-21,0.2,,,0.2,800.0,2026-04-08T03:40:04.221824+00:00
147736,AFROMEDIA,2021-05-24,0.2,,,0.2,800.0,2026-04-08T03:40:08.535937+00:00
147841,AFROMEDIA,2021-05-25,0.2,,,0.2,0.0,2026-04-08T03:40:10.790359+00:00
147946,AFROMEDIA,2021-05-26,0.2,,,0.2,0.0,2026-04-08T03:40:13.088105+00:00
148051,AFROMEDIA,2021-05-27,0.2,,,0.2,0.0,2026-04-08T03:40:15.774564+00:00
148156,AFROMEDIA,2021-05-28,0.2,,,0.2,0.0,2026-04-08T03:40:18.222614+00:00
148261,AFROMEDIA,2021-05-31,0.2,,,0.2,0.0,2026-04-08T03:40:23.651574+00:00
148366,AFROMEDIA,2021-06-01,0.2,,,0.2,0.0,2026-04-08T03:40:26.050454+00:00
148471,AFROMEDIA,2021-06-02,0.2,,,0.2,0.0,2026-04-08T03:40:28.576306+00:00
148576,AFROMEDIA,2021-06-03,0.2,,,0.2,0.0,2026-04-08T03:40:31.001459+00:00
148681,AFROMEDIA,2021-06-04,0.2,,,0.2,100.0,2026-04-08T03:40:33.442796+00:00
148786,AFROMEDIA,2021-06-07,0.2,,,0.2,0.0,2026-04-08T03:40:37.732645+00:00
148891,AFROMEDIA,2021-06-08,0.2,,,0.2,0.0,2026-04-08T03:40:40.102423+00:00
148996,AFROMEDIA,2021-06-09,0.2,,,0.2,0.0,2026-04-08T03:40:42.486352+00:00
149101,AFROMEDIA,2021-06-10,0.2,,,0.2,0.0,2026-04-08T03:40:45.029393+00:00
149206,AFROMEDIA,2021-06-11,0.2,,,0.2,0.0,2026-04-08T03:40:47.465669+00:00
149311,AFROMEDIA,2021-06-15,0.2,,,0.2,300.0,2026-04-08T03:40:53.415974+00:00
149416,AFROMEDIA,2021-06-16,0.2,,,0.2,0.0,2026-04-08T03:40:55.754681+00:00
149522,AFROMEDIA,2021-06-17,0.2,,,0.2,3500.0,2026-04-08T03:40:58.172345+00:00
149628,AFROMEDIA,2021-06-18,0.2,,,0.2,200.0,2026-04-08T03:41:00.479054+00:00
149734,AFROMEDIA,2021-06-21,0.2,,,0.2,0.0,2026-04-08T03:41:05.049703+00:00
149841,AFROMEDIA,2021-06-22,0.2,,,0.2,0.0,2026-04-08T03:41:07.444448+00:00
149948,AFROMEDIA,2021-06-23,0.2,,,0.2,0.0,2026-04-08T03:41:09.819069+00:00
150055,AFROMEDIA,2021-06-24,0.2,,,0.2,110000.0,2026-04-08T03:41:12.2583+00:00
150162,AFROMEDIA,2021-06-25,0.2,,,0.2,0.0,2026-04-08T03:41:14.6351+00:00
150269,AFROMEDIA,2021-06-28,0.2,,,0.2,0.0,2026-04-08T03:41:19.428749+00:00
150376,AFROMEDIA,2021-06-29,0.2,,,0.2,600.0,2026-04-08T03:41:22.147646+00:00
150483,AFROMEDIA,2021-06-30,0.2,,,0.2,800.0,2026-04-08T03:41:24.723581+00:00
150590,AFROMEDIA,2021-07-01,0.2,,,0.2,0.0,2026-04-08T03:41:27.253573+00:00
150697,AFROMEDIA,2021-07-02,0.2,,,0.2,0.0,2026-04-08T03:41:29.882533+00:00
150804,AFROMEDIA,2021-07-05,0.2,,,0.2,0.0,2026-04-08T03:41:34.454391+00:00
150911,AFROMEDIA,2021-07-06,0.2,,,0.2,1433.0,2026-04-08T03:41:36.982623+00:00
151018,AFROMEDIA,2021-07-07,0.2,,,0.2,0.0,2026-04-08T03:41:39.307643+00:00
151125,AFROMEDIA,2021-07-08,0.2,,,0.2,667.0,2026-04-08T03:41:41.672436+00:00
151233,AFROMEDIA,2021-07-09,0.2,,,0.2,300.0,2026-04-08T03:41:44.186247+00:00
151341,AFROMEDIA,2021-07-12,0.2,,,0.2,0.0,2026-04-08T03:41:48.615121+00:00
151449,AFROMEDIA,2021-07-13,0.2,,,0.2,0.0,2026-04-08T03:41:50.993586+00:00
151557,AFROMEDIA,2021-07-14,0.2,,,0.2,0.0,2026-04-08T03:41:53.268+00:00
151665,AFROMEDIA,2021-07-15,0.2,,,0.2,0.0,2026-04-08T03:41:55.50175+00:00
151773,AFROMEDIA,2021-07-16,0.2,,,0.2,0.0,2026-04-08T03:41:57.978751+00:00
151881,AFROMEDIA,2021-07-19,0.2,,,0.2,0.0,2026-04-08T03:42:02.439681+00:00
151989,AFROMEDIA,2021-07-22,0.2,,,0.2,0.0,2026-04-08T03:42:06.938387+00:00
152097,AFROMEDIA,2021-07-23,0.2,,,0.2,345.0,2026-04-08T03:42:09.224536+00:00
152205,AFROMEDIA,2021-07-26,0.2,,,0.2,0.0,2026-04-08T03:42:13.888963+00:00
152313,AFROMEDIA,2021-07-27,0.2,,,0.2,0.0,2026-04-08T03:42:16.300026+00:00
152421,AFROMEDIA,2021-07-28,0.2,,,0.2,0.0,2026-04-08T03:42:18.733972+00:00
152529,AFROMEDIA,2021-07-29,0.2,,,0.2,0.0,2026-04-08T03:42:21.196071+00:00
152637,AFROMEDIA,2021-07-30,0.2,,,0.2,0.0,2026-04-08T03:42:23.780537+00:00
152745,AFROMEDIA,2021-08-02,0.2,,,0.2,0.0,2026-04-08T03:42:28.457705+00:00
152853,AFROMEDIA,2021-08-03,0.2,,,0.2,0.0,2026-04-08T03:42:31.094462+00:00
152961,AFROMEDIA,2021-08-04,0.2,,,0.2,30.0,2026-04-08T03:42:33.531563+00:00
153069,AFROMEDIA,2021-08-05,0.2,,,0.2,0.0,2026-04-08T03:42:35.917081+00:00
153177,AFROMEDIA,2021-08-06,0.2,,,0.2,0.0,2026-04-08T03:42:38.23616+00:00
153285,AFROMEDIA,2021-08-09,0.2,,,0.2,284149.0,2026-04-08T03:42:42.878342+00:00
153393,AFROMEDIA,2021-08-10,0.2,,,0.2,4350.0,2026-04-08T03:42:45.264053+00:00
153501,AFROMEDIA,2021-08-12,0.2,,,0.2,4000.0,2026-04-08T03:42:48.762656+00:00
153609,AFROMEDIA,2021-08-13,0.2,,,0.2,0.0,2026-04-08T03:42:51.120096+00:00
153717,AFROMEDIA,2021-08-16,0.2,,,0.2,0.0,2026-04-08T03:42:55.556429+00:00
153825,AFROMEDIA,2021-08-17,0.2,,,0.2,0.0,2026-04-08T03:42:57.870214+00:00
153933,AFROMEDIA,2021-08-18,0.2,,,0.2,0.0,2026-04-08T03:43:00.318272+00:00
154041,AFROMEDIA,2021-08-19,0.2,,,0.2,0.0,2026-04-08T03:43:02.743698+00:00
154149,AFROMEDIA,2021-08-20,0.2,,,0.2,0.0,2026-04-08T03:43:05.111187+00:00
154257,AFROMEDIA,2021-08-23,0.2,,,0.2,0.0,2026-04-08T03:43:09.725908+00:00
154365,AFROMEDIA,2021-08-24,0.2,,,0.2,200.0,2026-04-08T03:43:12.031989+00:00
154473,AFROMEDIA,2021-08-25,0.2,,,0.2,200.0,2026-04-08T03:43:14.375004+00:00
154581,AFROMEDIA,2021-08-26,0.2,,,0.2,100.0,2026-04-08T03:43:16.860503+00:00
154689,AFROMEDIA,2021-08-27,0.2,,,0.2,0.0,2026-04-08T03:43:19.247601+00:00
154797,AFROMEDIA,2021-08-30,0.2,,,0.2,100.0,2026-04-08T03:43:23.756871+00:00
154905,AFROMEDIA,2021-08-31,0.2,,,0.2,245008.0,2026-04-08T03:43:26.203018+00:00
155013,AFROMEDIA,2021-09-01,0.2,,,0.2,356100.0,2026-04-08T03:43:28.430514+00:00
155121,AFROMEDIA,2021-09-02,0.2,,,0.2,0.0,2026-04-08T03:43:30.63423+00:00
155229,AFROMEDIA,2021-09-03,0.2,,,0.2,0.0,2026-04-08T03:43:33.173741+00:00
155337,AFROMEDIA,2021-09-06,0.2,,,0.2,10.0,2026-04-08T03:43:37.566628+00:00
155445,AFROMEDIA,2021-09-07,0.2,,,0.2,110.0,2026-04-08T03:43:39.870652+00:00
155553,AFROMEDIA,2021-09-08,0.2,,,0.2,0.0,2026-04-08T03:43:42.125577+00:00
155661,AFROMEDIA,2021-09-09,0.2,,,0.2,0.0,2026-04-08T03:43:44.739177+00:00
155769,AFROMEDIA,2021-09-10,0.2,,,0.2,0.0,2026-04-08T03:43:47.339386+00:00
155877,AFROMEDIA,2021-09-13,0.2,,,0.2,100.0,2026-04-08T03:43:51.822078+00:00
155985,AFROMEDIA,2021-09-14,0.2,,,0.2,100.0,2026-04-08T03:43:54.260371+00:00
156093,AFROMEDIA,2021-09-15,0.2,,,0.2,1200.0,2026-04-08T03:43:56.896801+00:00
156201,AFROMEDIA,2021-09-16,0.2,,,0.2,10.0,2026-04-08T03:43:59.227477+00:00
156309,AFROMEDIA,2021-09-20,0.2,,,0.2,7000.0,2026-04-08T03:44:04.993721+00:00
156417,AFROMEDIA,2021-09-21,0.2,,,0.2,0.0,2026-04-08T03:44:07.727357+00:00
156525,AFROMEDIA,2021-09-22,0.2,,,0.2,100.0,2026-04-08T03:44:10.239254+00:00
156633,AFROMEDIA,2021-09-23,0.2,,,0.2,8500.0,2026-04-08T03:44:12.661605+00:00
156741,AFROMEDIA,2021-09-24,0.2,,,0.2,147000.0,2026-04-08T03:44:15.34542+00:00
156849,AFROMEDIA,2021-09-27,0.2,,,0.2,0.0,2026-04-08T03:44:19.850483+00:00
156957,AFROMEDIA,2021-09-28,0.2,,,0.2,200.0,2026-04-08T03:44:22.678655+00:00
157065,AFROMEDIA,2021-09-29,0.2,,,0.2,0.0,2026-04-08T03:44:25.133662+00:00
157173,AFROMEDIA,2021-09-30,0.2,,,0.2,0.0,2026-04-08T03:44:27.471646+00:00
157281,AFROMEDIA,2021-10-04,0.2,,,0.2,0.0,2026-04-08T03:44:32.876267+00:00
157389,AFROMEDIA,2021-10-05,0.2,,,0.2,10.0,2026-04-08T03:44:35.445743+00:00
157497,AFROMEDIA,2021-10-06,0.2,,,0.2,0.0,2026-04-08T03:44:37.876116+00:00
157605,AFROMEDIA,2021-10-07,0.2,,,0.2,0.0,2026-04-08T03:44:40.206594+00:00
157713,AFROMEDIA,2021-10-08,0.2,,,0.2,0.0,2026-04-08T03:44:42.63936+00:00
157821,AFROMEDIA,2021-10-11,0.2,,,0.2,2500.0,2026-04-08T03:44:47.21782+00:00
157929,AFROMEDIA,2021-10-12,0.2,,,0.2,0.0,2026-04-08T03:44:49.55017+00:00
158037,AFROMEDIA,2021-10-13,0.2,,,0.2,0.0,2026-04-08T03:44:52.157785+00:00
158145,AFROMEDIA,2021-10-14,0.2,,,0.2,0.0,2026-04-08T03:44:54.53471+00:00
158254,AFROMEDIA,2021-10-15,0.2,,,0.2,0.0,2026-04-08T03:44:56.91657+00:00
158363,AFROMEDIA,2021-10-18,0.2,,,0.2,200.0,2026-04-08T03:45:01.595863+00:00
158472,AFROMEDIA,2021-10-20,0.2,,,0.2,100.0,2026-04-08T03:45:05.471144+00:00
158581,AFROMEDIA,2021-10-21,0.2,,,0.2,100.0,2026-04-08T03:45:08.008029+00:00
158688,AFROMEDIA,2021-10-22,0.2,,,0.2,0.0,2026-04-08T03:45:10.474564+00:00
158797,AFROMEDIA,2021-10-25,0.2,,,0.2,0.0,2026-04-08T03:45:15.28358+00:00
158906,AFROMEDIA,2021-10-26,0.2,,,0.2,0.0,2026-04-08T03:45:17.74539+00:00
159015,AFROMEDIA,2021-10-27,0.2,,,0.2,100.0,2026-04-08T03:45:20.303823+00:00
159124,AFROMEDIA,2021-10-28,0.2,,,0.2,0.0,2026-04-08T03:45:22.610226+00:00
159233,AFROMEDIA,2021-10-29,0.2,,,0.2,100.0,2026-04-08T03:45:25.013779+00:00
159342,AFROMEDIA,2021-11-01,0.2,,,0.2,100000.0,2026-04-08T03:45:29.747778+00:00
159451,AFROMEDIA,2021-11-02,0.2,,,0.2,4000.0,2026-04-08T03:45:32.292585+00:00
159560,AFROMEDIA,2021-11-03,0.2,,,0.2,200.0,2026-04-08T03:45:34.604091+00:00
159669,AFROMEDIA,2021-11-04,0.2,,,0.2,100.0,2026-04-08T03:45:37.086301+00:00
159778,AFROMEDIA,2021-11-05,0.2,,,0.2,0.0,2026-04-08T03:45:39.522081+00:00
159887,AFROMEDIA,2021-11-08,0.2,,,0.2,0.0,2026-04-08T03:45:44.061968+00:00
159996,AFROMEDIA,2021-11-10,0.2,,,0.2,0.0,2026-04-08T03:45:47.530577+00:00
160105,AFROMEDIA,2021-11-11,0.2,,,0.2,100.0,2026-04-08T03:45:49.990111+00:00
160214,AFROMEDIA,2021-11-12,0.2,,,0.2,0.0,2026-04-08T03:45:52.531373+00:00
160323,AFROMEDIA,2021-11-15,0.2,,,0.2,1.0,2026-04-08T03:45:57.041913+00:00
160432,AFROMEDIA,2021-11-17,0.2,,,0.2,0.0,2026-04-08T03:46:00.536124+00:00
160541,AFROMEDIA,2021-11-18,0.2,,,0.2,7.0,2026-04-08T03:46:03.012698+00:00
160650,AFROMEDIA,2021-11-19,0.2,,,0.2,0.0,2026-04-08T03:46:05.423699+00:00
160759,AFROMEDIA,2021-11-22,0.2,,,0.2,0.0,2026-04-08T03:46:10.306395+00:00
160868,AFROMEDIA,2021-11-23,0.2,,,0.2,0.0,2026-04-08T03:46:12.888041+00:00
160977,AFROMEDIA,2021-11-24,0.2,,,0.2,0.0,2026-04-08T03:46:15.261589+00:00
161086,AFROMEDIA,2021-11-25,0.2,,,0.2,0.0,2026-04-08T03:46:17.544601+00:00
161195,AFROMEDIA,2021-11-29,0.2,,,0.2,100.0,2026-04-08T03:46:23.244686+00:00
161304,AFROMEDIA,2021-11-30,0.2,,,0.2,0.0,2026-04-08T03:46:25.627389+00:00
161413,AFROMEDIA,2021-12-01,0.2,,,0.2,0.0,2026-04-08T03:46:28.190956+00:00
161522,AFROMEDIA,2021-12-02,0.2,,,0.2,100.0,2026-04-08T03:46:30.651544+00:00
161631,AFROMEDIA,2021-12-03,0.2,,,0.2,0.0,2026-04-08T03:46:33.124129+00:00
161740,AFROMEDIA,2021-12-06,0.2,,,0.2,0.0,2026-04-08T03:46:37.622095+00:00
161849,AFROMEDIA,2021-12-07,0.2,,,0.2,0.0,2026-04-08T03:46:39.947423+00:00
161958,AFROMEDIA,2021-12-08,0.2,,,0.2,100.0,2026-04-08T03:46:42.482337+00:00
162067,AFROMEDIA,2021-12-09,0.2,,,0.2,0.0,2026-04-08T03:46:44.852467+00:00
162177,AFROMEDIA,2021-12-10,0.2,,,0.2,0.0,2026-04-08T03:46:47.321476+00:00
162287,AFROMEDIA,2021-12-13,0.2,,,0.2,100.0,2026-04-08T03:46:51.775824+00:00
162397,AFROMEDIA,2021-12-14,0.2,,,0.2,0.0,2026-04-08T03:46:54.126877+00:00
162507,AFROMEDIA,2021-12-15,0.2,,,0.2,0.0,2026-04-08T03:46:56.822916+00:00
162617,AFROMEDIA,2021-12-16,0.2,,,0.2,2.0,2026-04-08T03:46:59.215115+00:00
162727,AFROMEDIA,2021-12-17,0.2,,,0.2,0.0,2026-04-08T03:47:01.752329+00:00
162838,AFROMEDIA,2021-12-20,0.2,,,0.2,100.0,2026-04-08T03:47:06.293287+00:00
162949,AFROMEDIA,2021-12-21,0.2,,,0.2,100.0,2026-04-08T03:47:08.729464+00:00
163060,AFROMEDIA,2021-12-22,0.2,,,0.2,0.0,2026-04-08T03:47:11.106283+00:00
163171,AFROMEDIA,2021-12-23,0.2,,,0.2,200.0,2026-04-08T03:47:13.420215+00:00
163282,AFROMEDIA,2021-12-24,0.2,,,0.2,0.0,2026-04-08T03:47:15.708642+00:00
163393,AFROMEDIA,2021-12-29,0.2,,,0.2,600.0,2026-04-08T03:47:22.624079+00:00
163504,AFROMEDIA,2021-12-30,0.2,,,0.2,0.0,2026-04-08T03:47:25.019388+00:00
163615,AFROMEDIA,2021-12-31,0.2,,,0.2,0.0,2026-04-08T03:47:27.803632+00:00
163726,AFROMEDIA,2022-01-04,0.2,,,0.2,0.0,2026-04-08T03:47:33.190226+00:00
163838,AFROMEDIA,2022-01-05,0.2,,,0.2,25.0,2026-04-08T03:47:35.481449+00:00
163950,AFROMEDIA,2022-01-06,0.2,,,0.2,0.0,2026-04-08T03:47:38.067383+00:00
164062,AFROMEDIA,2022-01-07,0.2,,,0.2,0.0,2026-04-08T03:47:40.483305+00:00
164174,AFROMEDIA,2022-01-10,0.2,,,0.2,100.0,2026-04-08T03:47:45.097739+00:00
164286,AFROMEDIA,2022-01-11,0.2,,,0.2,100.0,2026-04-08T03:47:47.617941+00:00
164398,AFROMEDIA,2022-01-12,0.2,,,0.2,10.0,2026-04-08T03:47:50.132225+00:00
164510,AFROMEDIA,2022-01-13,0.2,,,0.2,3000.0,2026-04-08T03:47:52.673244+00:00
164622,AFROMEDIA,2022-01-14,0.2,,,0.2,0.0,2026-04-08T03:47:55.308832+00:00
164734,AFROMEDIA,2022-01-17,0.2,,,0.2,1635.0,2026-04-08T03:47:59.999655+00:00
164846,AFROMEDIA,2022-01-18,0.2,,,0.2,100.0,2026-04-08T03:48:02.353596+00:00
164958,AFROMEDIA,2022-01-19,0.2,,,0.2,15101.0,2026-04-08T03:48:04.820784+00:00
165070,AFROMEDIA,2022-01-20,0.2,,,0.2,0.0,2026-04-08T03:48:07.325935+00:00
165182,AFROMEDIA,2022-01-21,0.2,,,0.2,100.0,2026-04-08T03:48:09.696329+00:00
165294,AFROMEDIA,2022-01-24,0.2,,,0.2,2000.0,2026-04-08T03:48:14.136661+00:00
165406,AFROMEDIA,2022-01-25,0.2,,,0.2,100.0,2026-04-08T03:48:16.50614+00:00
165518,AFROMEDIA,2022-01-26,0.2,,,0.2,100.0,2026-04-08T03:48:19.024911+00:00
165630,AFROMEDIA,2022-01-27,0.2,,,0.2,100.0,2026-04-08T03:48:21.585909+00:00
165742,AFROMEDIA,2022-01-28,0.2,,,0.2,100.0,2026-04-08T03:48:23.969021+00:00
165854,AFROMEDIA,2022-01-31,0.2,,,0.2,4100.0,2026-04-08T03:48:28.465348+00:00
165966,AFROMEDIA,2022-02-01,0.2,,,0.2,1945.0,2026-04-08T03:48:30.807911+00:00
166078,AFROMEDIA,2022-02-02,0.2,,,0.2,500.0,2026-04-08T03:48:33.305516+00:00
166190,AFROMEDIA,2022-02-03,0.2,,,0.2,2500.0,2026-04-08T03:48:35.918914+00:00
166302,AFROMEDIA,2022-02-04,0.2,,,0.2,0.0,2026-04-08T03:48:38.317721+00:00
166414,AFROMEDIA,2022-02-07,0.2,,,0.2,0.0,2026-04-08T03:48:42.904693+00:00
166526,AFROMEDIA,2022-02-08,0.2,,,0.2,0.0,2026-04-08T03:48:45.378139+00:00
166638,AFROMEDIA,2022-02-09,0.2,,,0.2,5000.0,2026-04-08T03:48:48.035665+00:00
166750,AFROMEDIA,2022-02-10,0.2,,,0.2,9600.0,2026-04-08T03:48:50.398564+00:00
166862,AFROMEDIA,2022-02-11,0.2,,,0.2,0.0,2026-04-08T03:48:52.774016+00:00
166974,AFROMEDIA,2022-02-14,0.2,,,0.2,0.0,2026-04-08T03:48:57.293433+00:00
167086,AFROMEDIA,2022-02-15,0.2,,,0.2,0.0,2026-04-08T03:48:59.662493+00:00
167198,AFROMEDIA,2022-02-16,0.2,,,0.2,20000.0,2026-04-08T03:49:02.003783+00:00
167310,AFROMEDIA,2022-02-17,0.2,,,0.2,300.0,2026-04-08T03:49:04.32656+00:00
167422,AFROMEDIA,2022-02-18,0.2,,,0.2,0.0,2026-04-08T03:49:06.711382+00:00
167534,AFROMEDIA,2022-02-21,0.2,,,0.2,40.0,2026-04-08T03:49:10.978464+00:00
167646,AFROMEDIA,2022-02-22,0.2,,,0.2,0.0,2026-04-08T03:49:13.528869+00:00
167758,AFROMEDIA,2022-02-23,0.2,,,0.2,0.0,2026-04-08T03:49:15.914345+00:00
167870,AFROMEDIA,2022-02-24,0.2,,,0.2,300.0,2026-04-08T03:49:18.676795+00:00
167982,AFROMEDIA,2022-02-25,0.2,,,0.2,0.0,2026-04-08T03:49:21.264729+00:00
168094,AFROMEDIA,2022-02-28,0.2,,,0.2,5000.0,2026-04-08T03:49:25.620712+00:00
168206,AFROMEDIA,2022-03-01,0.2,,,0.2,5.0,2026-04-08T03:49:28.049171+00:00
168318,AFROMEDIA,2022-03-02,0.2,,,0.2,0.0,2026-04-08T03:49:30.283109+00:00
168430,AFROMEDIA,2022-03-03,0.2,,,0.2,0.0,2026-04-08T03:49:32.551227+00:00
168542,AFROMEDIA,2022-03-04,0.2,,,0.2,0.0,2026-04-08T03:49:34.968546+00:00
168654,AFROMEDIA,2022-03-07,0.2,,,0.2,0.0,2026-04-08T03:49:39.227432+00:00
168766,AFROMEDIA,2022-03-08,0.2,,,0.2,0.0,2026-04-08T03:49:41.475537+00:00
168878,AFROMEDIA,2022-03-09,0.2,,,0.2,342517.0,2026-04-08T03:49:43.759827+00:00
168990,AFROMEDIA,2022-03-10,0.2,,,0.2,0.0,2026-04-08T03:49:46.077826+00:00
169102,AFROMEDIA,2022-03-11,0.2,,,0.2,0.0,2026-04-08T03:49:48.438529+00:00
169214,AFROMEDIA,2022-03-14,0.2,,,0.2,0.0,2026-04-08T03:49:53.114563+00:00
169326,AFROMEDIA,2022-03-15,0.2,,,0.2,110.0,2026-04-08T03:49:55.533531+00:00
169438,AFROMEDIA,2022-03-16,0.2,,,0.2,0.0,2026-04-08T03:49:57.903122+00:00
169550,AFROMEDIA,2022-03-17,0.2,,,0.2,0.0,2026-04-08T03:50:00.211329+00:00
169662,AFROMEDIA,2022-03-18,0.2,,,0.2,0.0,2026-04-08T03:50:02.865266+00:00
169774,AFROMEDIA,2022-03-21,0.2,,,0.2,3700.0,2026-04-08T03:50:07.476142+00:00
169886,AFROMEDIA,2022-03-24,0.2,,,0.2,40.0,2026-04-08T03:50:12.041871+00:00
169998,AFROMEDIA,2022-03-25,0.2,,,0.2,0.0,2026-04-08T03:50:14.507747+00:00
170110,AFROMEDIA,2022-03-28,0.2,,,0.2,0.0,2026-04-08T03:50:18.995306+00:00
170222,AFROMEDIA,2022-03-29,0.2,,,0.2,0.0,2026-04-08T03:50:21.48252+00:00
170334,AFROMEDIA,2022-03-31,0.2,,,0.2,3000.0,2026-04-08T03:50:25.686443+00:00
170446,AFROMEDIA,2022-04-01,0.2,,,0.2,1250.0,2026-04-08T03:50:28.209626+00:00
170558,AFROMEDIA,2022-04-04,0.2,,,0.2,200.0,2026-04-08T03:50:32.692631+00:00
170670,AFROMEDIA,2022-04-05,0.2,,,0.2,0.0,2026-04-08T03:50:35.152392+00:00
170782,AFROMEDIA,2022-04-06,0.2,,,0.2,0.0,2026-04-08T03:50:37.478667+00:00
170894,AFROMEDIA,2022-04-07,0.2,,,0.2,0.0,2026-04-08T03:50:39.880974+00:00
171006,AFROMEDIA,2022-04-08,0.2,,,0.2,0.0,2026-04-08T03:50:42.48638+00:00
171118,AFROMEDIA,2022-04-11,0.2,,,0.2,495.0,2026-04-08T03:50:47.197044+00:00
171230,AFROMEDIA,2022-04-12,0.2,,,0.2,0.0,2026-04-08T03:50:49.473284+00:00
171342,AFROMEDIA,2022-04-13,0.2,,,0.2,50.0,2026-04-08T03:50:51.878986+00:00
171454,AFROMEDIA,2022-04-14,0.2,,,0.2,0.0,2026-04-08T03:50:54.439705+00:00
171566,AFROMEDIA,2022-04-19,0.2,,,0.2,0.0,2026-04-08T03:51:01.439974+00:00
171678,AFROMEDIA,2022-04-20,0.2,,,0.2,500.0,2026-04-08T03:51:03.698116+00:00
171790,AFROMEDIA,2022-04-21,0.2,,,0.2,0.0,2026-04-08T03:51:06.083072+00:00
171902,AFROMEDIA,2022-04-22,0.2,,,0.2,0.0,2026-04-08T03:51:08.393199+00:00
172014,AFROMEDIA,2022-04-25,0.2,,,0.2,0.0,2026-04-08T03:51:12.880327+00:00
172126,AFROMEDIA,2022-04-26,0.2,,,0.2,0.0,2026-04-08T03:51:15.284155+00:00
172238,AFROMEDIA,2022-04-27,0.2,,,0.2,0.0,2026-04-08T03:51:17.680395+00:00
172350,AFROMEDIA,2022-04-28,0.2,,,0.2,0.0,2026-04-08T03:51:20.413235+00:00
172462,AFROMEDIA,2022-04-29,0.2,,,0.2,0.0,2026-04-08T03:51:22.882631+00:00
172574,AFROMEDIA,2022-05-04,0.2,,,0.2,0.0,2026-04-08T03:51:29.674847+00:00
172686,AFROMEDIA,2022-05-05,0.2,,,0.2,0.0,2026-04-08T03:51:32.050072+00:00
172799,AFROMEDIA,2022-05-09,0.2,,,0.2,1000.0,2026-04-08T03:51:37.853933+00:00
172912,AFROMEDIA,2022-05-10,0.2,,,0.2,0.0,2026-04-08T03:51:40.332012+00:00
173025,AFROMEDIA,2022-05-11,0.2,,,0.2,0.0,2026-04-08T03:51:42.74313+00:00
173138,AFROMEDIA,2022-05-12,0.2,,,0.2,800.0,2026-04-08T03:51:45.11326+00:00
173251,AFROMEDIA,2022-05-13,0.2,,,0.2,200.0,2026-04-08T03:51:47.585464+00:00
173364,AFROMEDIA,2022-05-16,0.2,,,0.2,0.0,2026-04-08T03:51:52.042574+00:00
173477,AFROMEDIA,2022-05-17,0.2,,,0.2,0.0,2026-04-08T03:51:54.492158+00:00
173590,AFROMEDIA,2022-05-18,0.2,,,0.2,0.0,2026-04-08T03:51:57.297116+00:00
173703,AFROMEDIA,2022-05-19,0.2,,,0.2,0.0,2026-04-08T03:51:59.624655+00:00
173816,AFROMEDIA,2022-05-20,0.2,,,0.2,0.0,2026-04-08T03:52:02.40298+00:00
173929,AFROMEDIA,2022-05-23,0.2,,,0.2,0.0,2026-04-08T03:52:07.648814+00:00
174042,AFROMEDIA,2022-05-24,0.2,,,0.2,15000.0,2026-04-08T03:52:10.277037+00:00
174155,AFROMEDIA,2022-05-25,0.2,,,0.2,0.0,2026-04-08T03:52:13.066486+00:00
174268,AFROMEDIA,2022-05-26,0.2,,,0.2,35000.0,2026-04-08T03:52:15.508934+00:00
174381,AFROMEDIA,2022-05-27,0.2,,,0.2,200.0,2026-04-08T03:52:18.156913+00:00
174494,AFROMEDIA,2022-05-30,0.2,,,0.2,0.0,2026-04-08T03:52:22.656757+00:00
174607,AFROMEDIA,2022-05-31,0.2,,,0.2,0.0,2026-04-08T03:52:25.114026+00:00
174720,AFROMEDIA,2022-06-01,0.2,,,0.2,0.0,2026-04-08T03:52:27.834682+00:00
174833,AFROMEDIA,2022-06-02,0.2,,,0.2,0.0,2026-04-08T03:52:30.493727+00:00
174946,AFROMEDIA,2022-06-03,0.2,,,0.2,0.0,2026-04-08T03:52:33.10221+00:00
175059,AFROMEDIA,2022-06-06,0.2,,,0.2,1000000.0,2026-04-08T03:52:37.969718+00:00
175172,AFROMEDIA,2022-06-07,0.2,,,0.2,3000.0,2026-04-08T03:52:40.734023+00:00
175285,AFROMEDIA,2022-06-08,0.2,,,0.2,0.0,2026-04-08T03:52:43.634804+00:00
175398,AFROMEDIA,2022-06-09,0.2,,,0.2,200.0,2026-04-08T03:52:46.431396+00:00
175511,AFROMEDIA,2022-06-10,0.2,,,0.2,0.0,2026-04-08T03:52:48.916453+00:00
175624,AFROMEDIA,2022-06-14,0.2,,,0.2,100.0,2026-04-08T03:52:55.08065+00:00
175737,AFROMEDIA,2022-06-15,0.2,,,0.2,771982.0,2026-04-08T03:52:57.782204+00:00
175850,AFROMEDIA,2022-06-16,0.2,,,0.2,10.0,2026-04-08T03:53:00.45527+00:00
175963,AFROMEDIA,2022-06-17,0.2,,,0.2,0.0,2026-04-08T03:53:03.647185+00:00
176076,AFROMEDIA,2022-06-20,0.2,,,0.2,1118555.0,2026-04-08T03:53:09.449588+00:00
176189,AFROMEDIA,2022-06-21,0.2,,,0.2,0.0,2026-04-08T03:53:11.833027+00:00
176302,AFROMEDIA,2022-06-22,0.2,,,0.2,4000.0,2026-04-08T03:53:14.63862+00:00
176415,AFROMEDIA,2022-06-23,0.2,,,0.2,0.0,2026-04-08T03:53:17.250825+00:00
176528,AFROMEDIA,2022-06-24,0.2,,,0.2,0.0,2026-04-08T03:53:19.718295+00:00
176641,AFROMEDIA,2022-06-27,0.2,,,0.2,0.0,2026-04-08T03:53:24.073012+00:00
176754,AFROMEDIA,2022-06-28,0.2,,,0.2,0.0,2026-04-08T03:53:26.399159+00:00
176867,AFROMEDIA,2022-06-29,0.2,,,0.2,700.0,2026-04-08T03:53:28.994117+00:00
176980,AFROMEDIA,2022-06-30,0.2,,,0.2,5.0,2026-04-08T03:53:31.346855+00:00
177093,AFROMEDIA,2022-07-01,0.2,,,0.2,0.0,2026-04-08T03:53:33.724657+00:00
177206,AFROMEDIA,2022-07-04,0.2,,,0.2,0.0,2026-04-08T03:53:38.198731+00:00
177319,AFROMEDIA,2022-07-06,0.2,,,0.2,0.0,2026-04-08T03:53:41.625349+00:00
177432,AFROMEDIA,2022-07-07,0.2,,,0.2,0.0,2026-04-08T03:53:44.268487+00:00
177545,AFROMEDIA,2022-07-13,0.2,,,0.2,20000.0,2026-04-08T03:53:51.5999+00:00
177658,AFROMEDIA,2022-07-14,0.2,,,0.2,0.0,2026-04-08T03:53:54.010732+00:00
177771,AFROMEDIA,2022-07-15,0.2,,,0.2,0.0,2026-04-08T03:53:56.616585+00:00
177884,AFROMEDIA,2022-07-18,0.2,,,0.2,0.0,2026-04-08T03:54:01.214275+00:00
177997,AFROMEDIA,2022-07-19,0.2,,,0.2,0.0,2026-04-08T03:54:03.665978+00:00
178110,AFROMEDIA,2022-07-20,0.2,,,0.2,0.0,2026-04-08T03:54:06.203384+00:00
178223,AFROMEDIA,2022-07-21,0.2,,,0.2,10.0,2026-04-08T03:54:08.685258+00:00
178336,AFROMEDIA,2022-07-22,0.2,,,0.2,0.0,2026-04-08T03:54:11.171489+00:00
178449,AFROMEDIA,2022-07-25,0.2,,,0.2,0.0,2026-04-08T03:54:15.900169+00:00
178562,AFROMEDIA,2022-07-26,0.2,,,0.2,0.0,2026-04-08T03:54:18.382379+00:00
178675,AFROMEDIA,2022-07-27,0.2,,,0.2,0.0,2026-04-08T03:54:20.730044+00:00
178788,AFROMEDIA,2022-07-28,0.2,,,0.2,0.0,2026-04-08T03:54:23.385493+00:00
178901,AFROMEDIA,2022-07-29,0.2,,,0.2,0.0,2026-04-08T03:54:25.692024+00:00
179014,AFROMEDIA,2022-08-01,0.2,,,0.2,0.0,2026-04-08T03:54:30.144665+00:00
179127,AFROMEDIA,2022-08-02,0.2,,,0.2,50000.0,2026-04-08T03:54:32.509592+00:00
179240,AFROMEDIA,2022-08-03,0.2,,,0.2,5000.0,2026-04-08T03:54:34.924873+00:00
179353,AFROMEDIA,2022-08-04,0.2,,,0.2,0.0,2026-04-08T03:54:37.32089+00:00
179466,AFROMEDIA,2022-08-05,0.2,,,0.2,0.0,2026-04-08T03:54:40.805957+00:00
179579,AFROMEDIA,2022-08-08,0.2,,,0.2,100000.0,2026-04-08T03:54:45.81173+00:00
179692,AFROMEDIA,2022-08-09,0.2,,,0.2,448611.0,2026-04-08T03:54:48.637408+00:00
179805,AFROMEDIA,2022-08-10,0.2,,,0.2,0.0,2026-04-08T03:54:51.561754+00:00
179918,AFROMEDIA,2022-08-11,0.2,,,0.2,0.0,2026-04-08T03:54:54.196076+00:00
180031,AFROMEDIA,2022-08-12,0.2,,,0.2,150.0,2026-04-08T03:54:57.115593+00:00
180144,AFROMEDIA,2022-08-15,0.2,,,0.2,1500.0,2026-04-08T03:55:01.874457+00:00
180257,AFROMEDIA,2022-08-16,0.2,,,0.2,0.0,2026-04-08T03:55:04.540652+00:00
180370,AFROMEDIA,2022-08-17,0.2,,,0.2,26550.0,2026-04-08T03:55:07.214991+00:00
180483,AFROMEDIA,2022-08-18,0.2,,,0.2,0.0,2026-04-08T03:55:09.916723+00:00
180596,AFROMEDIA,2022-08-19,0.2,,,0.2,8500.0,2026-04-08T03:55:12.400686+00:00
180709,AFROMEDIA,2022-08-22,0.2,,,0.2,0.0,2026-04-08T03:55:17.568382+00:00
180822,AFROMEDIA,2022-08-23,0.2,,,0.2,0.0,2026-04-08T03:55:19.990422+00:00
180935,AFROMEDIA,2022-08-24,0.2,,,0.2,1000.0,2026-04-08T03:55:23.644905+00:00
181048,AFROMEDIA,2022-08-25,0.2,,,0.2,0.0,2026-04-08T03:55:26.062264+00:00
181161,AFROMEDIA,2022-08-26,0.2,,,0.2,0.0,2026-04-08T03:55:28.378019+00:00
181274,AFROMEDIA,2022-08-29,0.2,,,0.2,650.0,2026-04-08T03:55:33.185942+00:00
181387,AFROMEDIA,2022-08-30,0.2,,,0.2,0.0,2026-04-08T03:55:35.909469+00:00
181500,AFROMEDIA,2022-08-31,0.2,,,0.2,0.0,2026-04-08T03:55:38.363566+00:00
181613,AFROMEDIA,2022-09-01,0.2,,,0.2,0.0,2026-04-08T03:55:40.868139+00:00
181726,AFROMEDIA,2022-09-02,0.2,,,0.2,0.0,2026-04-08T03:55:43.232165+00:00
181839,AFROMEDIA,2022-09-05,0.2,,,0.2,800.0,2026-04-08T03:55:48.110555+00:00
181952,AFROMEDIA,2022-09-06,0.2,,,0.2,0.0,2026-04-08T03:55:50.526892+00:00
182065,AFROMEDIA,2022-09-07,0.2,,,0.2,0.0,2026-04-08T03:55:53.051287+00:00
182178,AFROMEDIA,2022-09-08,0.2,,,0.2,0.0,2026-04-08T03:55:55.74031+00:00
182291,AFROMEDIA,2022-09-09,0.2,,,0.2,0.0,2026-04-08T03:55:58.848563+00:00
182404,AFROMEDIA,2022-09-12,0.2,,,0.2,0.0,2026-04-08T03:56:03.370953+00:00
182517,AFROMEDIA,2022-09-13,0.2,,,0.2,0.0,2026-04-08T03:56:05.83654+00:00
182630,AFROMEDIA,2022-09-14,0.2,,,0.2,0.0,2026-04-08T03:56:08.091672+00:00
182743,AFROMEDIA,2022-09-16,0.2,,,0.2,0.0,2026-04-08T03:56:11.4683+00:00
182856,AFROMEDIA,2022-09-19,0.2,,,0.2,0.0,2026-04-08T03:56:15.923342+00:00
182969,AFROMEDIA,2022-09-20,0.2,,,0.2,0.0,2026-04-08T03:56:18.184056+00:00
183082,AFROMEDIA,2022-09-21,0.2,,,0.2,0.0,2026-04-08T03:56:20.42724+00:00
183195,AFROMEDIA,2022-09-22,0.2,,,0.2,0.0,2026-04-08T03:56:22.767495+00:00
183308,AFROMEDIA,2022-09-23,0.2,,,0.2,0.0,2026-04-08T03:56:25.066978+00:00
183421,AFROMEDIA,2022-09-26,0.2,,,0.2,0.0,2026-04-08T03:56:29.379703+00:00
183534,AFROMEDIA,2022-09-28,0.2,,,0.2,0.0,2026-04-08T03:56:32.717753+00:00
183647,AFROMEDIA,2022-09-29,0.2,,,0.2,0.0,2026-04-08T03:56:35.489047+00:00
183760,AFROMEDIA,2022-09-30,0.2,,,0.2,0.0,2026-04-08T03:56:37.947618+00:00
183873,AFROMEDIA,2022-10-05,0.2,,,0.2,900.0,2026-04-08T03:56:44.538147+00:00
183987,AFROMEDIA,2022-10-06,0.2,,,0.2,0.0,2026-04-08T03:56:46.932693+00:00
184101,AFROMEDIA,2022-10-07,0.2,,,0.2,0.0,2026-04-08T03:56:49.334037+00:00
184215,AFROMEDIA,2022-10-11,0.2,,,0.2,10.0,2026-04-08T03:56:55.029281+00:00
184329,AFROMEDIA,2022-10-12,0.2,,,0.2,0.0,2026-04-08T03:56:58.300033+00:00
184443,AFROMEDIA,2022-10-13,0.2,,,0.2,0.0,2026-04-08T03:57:00.825788+00:00
184557,AFROMEDIA,2022-10-14,0.2,,,0.2,0.0,2026-04-08T03:57:03.298348+00:00
184671,AFROMEDIA,2022-10-17,0.2,,,0.2,0.0,2026-04-08T03:57:07.885609+00:00
184785,AFROMEDIA,2022-10-18,0.2,,,0.2,0.0,2026-04-08T03:57:10.303346+00:00
184899,AFROMEDIA,2022-10-19,0.2,,,0.2,0.0,2026-04-08T03:57:12.819589+00:00
185013,AFROMEDIA,2022-10-20,0.2,,,0.2,0.0,2026-04-08T03:57:15.111185+00:00
185127,AFROMEDIA,2022-10-21,0.2,,,0.2,0.0,2026-04-08T03:57:17.499968+00:00
185241,AFROMEDIA,2022-10-24,0.2,,,0.2,0.0,2026-04-08T03:57:21.686266+00:00
185355,AFROMEDIA,2022-10-26,0.2,,,0.2,0.0,2026-04-08T03:57:24.913682+00:00
185469,AFROMEDIA,2022-10-27,0.2,,,0.2,0.0,2026-04-08T03:57:27.260544+00:00
185583,AFROMEDIA,2022-10-28,0.2,,,0.2,0.0,2026-04-08T03:57:29.835926+00:00
185697,AFROMEDIA,2022-10-31,0.2,,,0.2,0.0,2026-04-08T03:57:34.21591+00:00
185811,AFROMEDIA,2022-11-01,0.2,,,0.2,0.0,2026-04-08T03:57:36.609373+00:00
185925,AFROMEDIA,2022-11-02,0.2,,,0.2,0.0,2026-04-08T03:57:39.066556+00:00
186039,AFROMEDIA,2022-11-03,0.2,,,0.2,20000.0,2026-04-08T03:57:41.442199+00:00
186153,AFROMEDIA,2022-11-04,0.2,,,0.2,100.0,2026-04-08T03:57:43.70904+00:00
186267,AFROMEDIA,2022-11-08,0.2,,,0.2,0.0,2026-04-08T03:57:49.123122+00:00
186381,AFROMEDIA,2022-11-09,0.2,,,0.2,335.0,2026-04-08T03:57:51.464602+00:00
186495,AFROMEDIA,2022-11-10,0.2,,,0.2,0.0,2026-04-08T03:57:54.291842+00:00
186609,AFROMEDIA,2022-11-11,0.2,,,0.2,0.0,2026-04-08T03:57:56.704911+00:00
186723,AFROMEDIA,2022-11-14,0.2,,,0.2,0.0,2026-04-08T03:58:01.331373+00:00
186837,AFROMEDIA,2022-11-15,0.2,,,0.2,10000.0,2026-04-08T03:58:03.6444+00:00
186951,AFROMEDIA,2022-11-16,0.2,,,0.2,100.0,2026-04-08T03:58:06.118311+00:00
187065,AFROMEDIA,2022-11-17,0.2,,,0.2,0.0,2026-04-08T03:58:08.47049+00:00
187179,AFROMEDIA,2022-11-18,0.2,,,0.2,0.0,2026-04-08T03:58:10.955275+00:00
187293,AFROMEDIA,2022-11-21,0.2,,,0.2,0.0,2026-04-08T03:58:15.672507+00:00
187407,AFROMEDIA,2022-11-22,0.2,,,0.2,0.0,2026-04-08T03:58:18.170118+00:00
187521,AFROMEDIA,2022-11-24,0.2,,,0.2,0.0,2026-04-08T03:58:21.692503+00:00
187635,AFROMEDIA,2022-11-25,0.2,,,0.2,0.0,2026-04-08T03:58:24.033539+00:00
187749,AFROMEDIA,2022-11-28,0.2,,,0.2,0.0,2026-04-08T03:58:28.532723+00:00
187863,AFROMEDIA,2022-11-29,0.2,,,0.2,2000.0,2026-04-08T03:58:30.983113+00:00
187977,AFROMEDIA,2022-11-30,0.2,,,0.2,0.0,2026-04-08T03:58:33.448849+00:00
188091,AFROMEDIA,2022-12-01,0.2,,,0.2,0.0,2026-04-08T03:58:35.664261+00:00
188205,AFROMEDIA,2022-12-02,0.2,,,0.2,0.0,2026-04-08T03:58:37.897027+00:00
188319,AFROMEDIA,2022-12-05,0.2,,,0.2,0.0,2026-04-08T03:58:42.456795+00:00
188433,AFROMEDIA,2022-12-06,0.2,,,0.2,0.0,2026-04-08T03:58:44.756119+00:00
188547,AFROMEDIA,2022-12-07,0.2,,,0.2,0.0,2026-04-08T03:58:47.196669+00:00
188661,AFROMEDIA,2022-12-08,0.2,,,0.2,0.0,2026-04-08T03:58:49.52806+00:00
188775,AFROMEDIA,2022-12-09,0.2,,,0.2,0.0,2026-04-08T03:58:51.902427+00:00
188889,AFROMEDIA,2022-12-12,0.2,,,0.2,0.0,2026-04-08T03:58:56.156124+00:00
189003,AFROMEDIA,2022-12-13,0.2,,,0.2,0.0,2026-04-08T03:58:58.485404+00:00
189117,AFROMEDIA,2022-12-14,0.2,,,0.2,0.0,2026-04-08T03:59:00.851945+00:00
189231,AFROMEDIA,2022-12-15,0.2,,,0.2,0.0,2026-04-08T03:59:03.086647+00:00
189345,AFROMEDIA,2022-12-16,0.2,,,0.2,0.0,2026-04-08T03:59:05.5442+00:00
189459,AFROMEDIA,2022-12-19,0.2,,,0.2,0.0,2026-04-08T03:59:09.806719+00:00
189573,AFROMEDIA,2022-12-20,0.2,,,0.2,0.0,2026-04-08T03:59:12.630732+00:00
189687,AFROMEDIA,2022-12-21,0.2,,,0.2,0.0,2026-04-08T03:59:14.990319+00:00
189801,AFROMEDIA,2022-12-22,0.2,,,0.2,200.0,2026-04-08T03:59:17.229229+00:00
189915,AFROMEDIA,2022-12-23,0.2,,,0.2,0.0,2026-04-08T03:59:19.674012+00:00
190029,AFROMEDIA,2022-12-28,0.2,,,0.2,40500.0,2026-04-08T03:59:26.406492+00:00
190143,AFROMEDIA,2022-12-30,0.2,,,0.2,0.0,2026-04-08T03:59:29.796579+00:00
190257,AFROMEDIA,2023-01-04,0.2,,,0.2,0.0,2026-04-08T03:59:36.276207+00:00
190371,AFROMEDIA,2023-01-05,0.2,,,0.2,0.0,2026-04-08T03:59:38.771807+00:00
190485,AFROMEDIA,2023-01-06,0.2,,,0.2,0.0,2026-04-08T03:59:41.229635+00:00
190599,AFROMEDIA,2023-01-09,0.2,,,0.2,0.0,2026-04-08T03:59:45.608271+00:00
190713,AFROMEDIA,2023-01-10,0.2,,,0.2,0.0,2026-04-08T03:59:47.862187+00:00
190827,AFROMEDIA,2023-01-11,0.2,,,0.2,5.0,2026-04-08T03:59:50.211712+00:00
190941,AFROMEDIA,2023-01-12,0.2,,,0.2,550000.0,2026-04-08T03:59:52.676239+00:00
191055,AFROMEDIA,2023-01-13,0.2,,,0.2,0.0,2026-04-08T03:59:55.073566+00:00
191169,AFROMEDIA,2023-01-17,0.2,,,0.2,0.0,2026-04-08T04:00:00.52991+00:00
191283,AFROMEDIA,2023-01-18,0.2,,,0.2,0.0,2026-04-08T04:00:02.930508+00:00
191397,AFROMEDIA,2023-01-19,0.2,,,0.2,0.0,2026-04-08T04:00:05.157464+00:00
191511,AFROMEDIA,2023-01-20,0.2,,,0.2,0.0,2026-04-08T04:00:07.441529+00:00
191625,AFROMEDIA,2023-01-23,0.2,,,0.2,0.0,2026-04-08T04:00:11.934625+00:00
191739,AFROMEDIA,2023-01-24,0.2,,,0.2,0.0,2026-04-08T04:00:14.448563+00:00
191853,AFROMEDIA,2023-01-25,0.2,,,0.2,0.0,2026-04-08T04:00:16.660222+00:00
191967,AFROMEDIA,2023-01-26,0.2,,,0.2,0.0,2026-04-08T04:00:19.02129+00:00
192081,AFROMEDIA,2023-01-27,0.2,,,0.2,0.0,2026-04-08T04:00:21.366865+00:00
192195,AFROMEDIA,2023-01-30,0.2,,,0.2,0.0,2026-04-08T04:00:26.318741+00:00
192309,AFROMEDIA,2023-01-31,0.2,,,0.2,0.0,2026-04-08T04:00:28.560212+00:00
192423,AFROMEDIA,2023-02-06,0.2,,,0.2,0.0,2026-04-08T04:00:36.14931+00:00
192537,AFROMEDIA,2023-02-07,0.2,,,0.2,0.0,2026-04-08T04:00:38.379875+00:00
192651,AFROMEDIA,2023-02-08,0.2,,,0.2,0.0,2026-04-08T04:00:40.736361+00:00
192765,AFROMEDIA,2023-02-09,0.2,,,0.2,0.0,2026-04-08T04:00:43.03687+00:00
192879,AFROMEDIA,2023-02-10,0.2,,,0.2,0.0,2026-04-08T04:00:46.517744+00:00
192993,AFROMEDIA,2023-02-13,0.2,,,0.2,0.0,2026-04-08T04:00:50.958429+00:00
193107,AFROMEDIA,2023-02-14,0.2,,,0.2,0.0,2026-04-08T04:00:53.400398+00:00
193221,AFROMEDIA,2023-02-15,0.2,,,0.2,20.0,2026-04-08T04:00:55.645789+00:00
193335,AFROMEDIA,2023-02-16,0.2,,,0.2,0.0,2026-04-08T04:00:58.043326+00:00
193449,AFROMEDIA,2023-02-17,0.2,,,0.2,0.0,2026-04-08T04:01:00.355798+00:00
193563,AFROMEDIA,2023-02-20,0.2,,,0.2,0.0,2026-04-08T04:01:04.633293+00:00
193677,AFROMEDIA,2023-02-21,0.2,,,0.2,100.0,2026-04-08T04:01:06.910783+00:00
193791,AFROMEDIA,2023-02-22,0.2,,,0.2,0.0,2026-04-08T04:01:09.421576+00:00
193905,AFROMEDIA,2023-02-23,0.2,,,0.2,1000.0,2026-04-08T04:01:11.765387+00:00
194019,AFROMEDIA,2023-02-24,0.2,,,0.2,2000.0,2026-04-08T04:01:14.12415+00:00
194133,AFROMEDIA,2023-02-27,0.2,,,0.2,0.0,2026-04-08T04:01:18.463572+00:00
194247,AFROMEDIA,2023-02-28,0.2,,,0.2,0.0,2026-04-08T04:01:20.671303+00:00
194361,AFROMEDIA,2023-03-01,0.2,,,0.2,0.0,2026-04-08T04:01:23.068989+00:00
194475,AFROMEDIA,2023-03-02,0.2,,,0.2,0.0,2026-04-08T04:01:25.352172+00:00
194589,AFROMEDIA,2023-03-03,0.2,,,0.2,0.0,2026-04-08T04:01:27.716711+00:00
194703,AFROMEDIA,2023-03-06,0.2,,,0.2,0.0,2026-04-08T04:01:32.392486+00:00
194817,AFROMEDIA,2023-03-07,0.2,,,0.2,0.0,2026-04-08T04:01:34.845095+00:00
194931,AFROMEDIA,2023-03-08,0.2,,,0.2,0.0,2026-04-08T04:01:37.261757+00:00
195045,AFROMEDIA,2023-03-09,0.2,,,0.2,0.0,2026-04-08T04:01:39.987396+00:00
195159,AFROMEDIA,2023-03-13,0.2,,,0.2,100.0,2026-04-08T04:01:45.627511+00:00
195273,AFROMEDIA,2023-03-14,0.2,,,0.2,0.0,2026-04-08T04:01:48.257383+00:00
195387,AFROMEDIA,2023-03-15,0.2,,,0.2,0.0,2026-04-08T04:01:50.627346+00:00
195501,AFROMEDIA,2023-03-16,0.2,,,0.2,17000.0,2026-04-08T04:01:53.062383+00:00
195615,AFROMEDIA,2023-03-17,0.2,,,0.2,0.0,2026-04-08T04:01:55.701252+00:00
195729,AFROMEDIA,2023-03-20,0.2,,,0.2,0.0,2026-04-08T04:01:59.933448+00:00
195843,AFROMEDIA,2023-03-22,0.2,,,0.2,0.0,2026-04-08T04:02:03.467012+00:00
195957,AFROMEDIA,2023-03-23,0.2,,,0.2,2.0,2026-04-08T04:02:05.929911+00:00
196071,AFROMEDIA,2023-03-24,0.2,,,0.2,0.0,2026-04-08T04:02:08.248632+00:00
196185,AFROMEDIA,2023-03-27,0.2,,,0.2,0.0,2026-04-08T04:02:12.564733+00:00
196299,AFROMEDIA,2023-03-28,0.2,,,0.2,0.0,2026-04-08T04:02:14.764209+00:00
196413,AFROMEDIA,2023-03-29,0.2,,,0.2,0.0,2026-04-08T04:02:17.140393+00:00
196527,AFROMEDIA,2023-03-30,0.2,,,0.2,0.0,2026-04-08T04:02:19.470716+00:00
196641,AFROMEDIA,2023-03-31,0.2,,,0.2,0.0,2026-04-08T04:02:21.739047+00:00
196755,AFROMEDIA,2023-04-03,0.2,,,0.2,0.0,2026-04-08T04:02:26.060346+00:00
196869,AFROMEDIA,2023-04-04,0.2,,,0.2,0.0,2026-04-08T04:02:28.444728+00:00
196983,AFROMEDIA,2023-04-05,0.2,,,0.2,0.0,2026-04-08T04:02:30.864627+00:00
197097,AFROMEDIA,2023-04-06,0.2,,,0.2,2000.0,2026-04-08T04:02:33.239626+00:00
197211,AFROMEDIA,2023-04-11,0.2,,,0.2,0.0,2026-04-08T04:02:39.320239+00:00
197325,AFROMEDIA,2023-04-12,0.2,,,0.2,0.0,2026-04-08T04:02:41.643197+00:00
197439,AFROMEDIA,2023-04-13,0.2,,,0.2,0.0,2026-04-08T04:02:44.360634+00:00
197553,AFROMEDIA,2023-04-14,0.2,,,0.2,0.0,2026-04-08T04:02:47.093001+00:00
197667,AFROMEDIA,2023-04-17,0.2,,,0.2,0.0,2026-04-08T04:02:52.113012+00:00
197781,AFROMEDIA,2023-04-18,0.2,,,0.2,0.0,2026-04-08T04:02:54.97501+00:00
197895,AFROMEDIA,2023-04-19,0.2,,,0.2,0.0,2026-04-08T04:02:57.648371+00:00
198009,AFROMEDIA,2023-04-20,0.2,,,0.2,0.0,2026-04-08T04:03:00.087899+00:00
198123,AFROMEDIA,2023-04-25,0.2,,,0.2,10.0,2026-04-08T04:03:06.320111+00:00
198237,AFROMEDIA,2023-04-26,0.2,,,0.2,0.0,2026-04-08T04:03:08.704488+00:00
198351,AFROMEDIA,2023-04-27,0.2,,,0.2,0.0,2026-04-08T04:03:11.176222+00:00
198465,AFROMEDIA,2023-04-28,0.2,,,0.2,0.0,2026-04-08T04:03:13.757457+00:00
198579,AFROMEDIA,2023-05-03,0.2,,,0.2,0.0,2026-04-08T04:03:20.258962+00:00
198693,AFROMEDIA,2023-05-04,0.2,,,0.2,500.0,2026-04-08T04:03:22.719511+00:00
198807,AFROMEDIA,2023-05-08,0.2,,,0.2,0.0,2026-04-08T04:03:29.045349+00:00
198921,AFROMEDIA,2023-05-09,0.2,,,0.2,0.0,2026-04-08T04:03:32.620003+00:00
199035,AFROMEDIA,2023-05-12,0.2,,,0.2,0.0,2026-04-08T04:03:37.286216+00:00
199149,AFROMEDIA,2023-05-15,0.2,,,0.2,0.0,2026-04-08T04:03:41.825544+00:00
199263,AFROMEDIA,2023-05-16,0.2,,,0.2,0.0,2026-04-08T04:03:44.244464+00:00
199377,AFROMEDIA,2023-05-17,0.2,,,0.2,11601.0,2026-04-08T04:03:46.492518+00:00
199491,AFROMEDIA,2023-05-18,0.2,,,0.2,100.0,2026-04-08T04:03:48.752249+00:00
199605,AFROMEDIA,2023-05-19,0.2,,,0.2,0.0,2026-04-08T04:03:51.139215+00:00
199719,AFROMEDIA,2023-05-22,0.2,,,0.2,5000.0,2026-04-08T04:03:55.484935+00:00
199833,AFROMEDIA,2023-05-23,0.2,,,0.2,0.0,2026-04-08T04:03:57.886867+00:00
199947,AFROMEDIA,2023-05-24,0.2,,,0.2,0.0,2026-04-08T04:04:00.334047+00:00
200061,AFROMEDIA,2023-05-25,0.2,,,0.2,350000.0,2026-04-08T04:04:02.79018+00:00
200175,AFROMEDIA,2023-05-26,0.2,,,0.2,502400.0,2026-04-08T04:04:05.139052+00:00
200289,AFROMEDIA,2023-05-30,0.2,,,0.2,0.0,2026-04-08T04:04:11.011702+00:00
200403,AFROMEDIA,2023-06-01,0.2,,,0.2,12.0,2026-04-08T04:04:14.390605+00:00
200517,AFROMEDIA,2023-06-02,0.2,,,0.2,1500.0,2026-04-08T04:04:16.732653+00:00
200631,AFROMEDIA,2023-06-05,0.2,,,0.2,150000.0,2026-04-08T04:04:21.343031+00:00
200745,AFROMEDIA,2023-06-06,0.2,,,0.2,0.0,2026-04-08T04:04:23.98223+00:00
200859,AFROMEDIA,2023-06-07,0.2,,,0.2,0.0,2026-04-08T04:04:26.507718+00:00
200973,AFROMEDIA,2023-06-08,0.2,,,0.2,233000.0,2026-04-08T04:04:29.08401+00:00
201087,AFROMEDIA,2023-06-09,0.2,,,0.2,0.0,2026-04-08T04:04:31.44664+00:00
201201,AFROMEDIA,2023-06-13,0.2,,,0.2,47250.0,2026-04-08T04:04:36.862505+00:00
201315,AFROMEDIA,2023-06-14,0.2,,,0.2,14000.0,2026-04-08T04:04:39.320552+00:00
201429,AFROMEDIA,2023-06-15,0.2,,,0.2,0.0,2026-04-08T04:04:41.673534+00:00
201543,AFROMEDIA,2023-06-16,0.2,,,0.2,0.0,2026-04-08T04:04:44.052846+00:00
201657,AFROMEDIA,2023-06-19,0.2,,,0.2,1444512.0,2026-04-08T04:04:48.541112+00:00
201771,AFROMEDIA,2023-06-20,0.2,,,0.2,1986569.0,2026-04-08T04:04:51.378552+00:00
201885,AFROMEDIA,2023-06-21,0.22,,,0.22,1707109.0,2026-04-08T04:04:53.764277+00:00
201999,AFROMEDIA,2023-06-22,0.21,,,0.21,747891.0,2026-04-08T04:04:56.145117+00:00
202113,AFROMEDIA,2023-06-26,0.2,,,0.2,51515.0,2026-04-08T04:05:01.671465+00:00
202227,AFROMEDIA,2023-06-30,0.22,,,0.22,789603.0,2026-04-08T04:05:07.377697+00:00
202341,AFROMEDIA,2023-07-03,0.22,,,0.22,78009.0,2026-04-08T04:05:11.758079+00:00
202455,AFROMEDIA,2023-07-04,0.2,,,0.2,8080970.0,2026-04-08T04:05:14.17436+00:00
202569,AFROMEDIA,2023-07-05,0.2,,,0.2,210800.0,2026-04-08T04:05:16.577423+00:00
202683,AFROMEDIA,2023-07-06,0.2,,,0.2,1051660.0,2026-04-08T04:05:19.075393+00:00
202797,AFROMEDIA,2023-07-07,0.22,,,0.22,2557853.0,2026-04-08T04:05:21.415756+00:00
202911,AFROMEDIA,2023-07-10,0.24,,,0.24,3852700.0,2026-04-08T04:05:26.355595+00:00
203025,AFROMEDIA,2023-07-11,0.24,,,0.24,0.0,2026-04-08T04:05:28.903538+00:00
203139,AFROMEDIA,2023-07-12,0.24,,,0.24,0.0,2026-04-08T04:05:31.299012+00:00
203253,AFROMEDIA,2023-07-14,0.24,,,0.24,0.0,2026-04-08T04:05:34.698751+00:00
203367,AFROMEDIA,2023-07-17,0.24,,,0.24,0.0,2026-04-08T04:05:39.139368+00:00
203481,AFROMEDIA,2023-07-19,0.24,,,0.24,0.0,2026-04-08T04:05:42.577032+00:00
203595,AFROMEDIA,2023-07-20,0.24,,,0.24,0.0,2026-04-08T04:05:45.122849+00:00
203709,AFROMEDIA,2023-07-21,0.24,,,0.24,0.0,2026-04-08T04:05:47.594805+00:00
203823,AFROMEDIA,2023-07-24,0.24,,,0.24,0.0,2026-04-08T04:05:52.167161+00:00
203937,AFROMEDIA,2023-07-25,0.24,,,0.24,0.0,2026-04-08T04:05:54.602351+00:00
204051,AFROMEDIA,2023-07-26,0.24,,,0.24,0.0,2026-04-08T04:05:57.515236+00:00
204165,AFROMEDIA,2023-07-27,0.24,,,0.24,0.0,2026-04-08T04:05:59.880161+00:00
204279,AFROMEDIA,2023-07-28,0.24,,,0.24,0.0,2026-04-08T04:06:02.220136+00:00
204393,AFROMEDIA,2023-07-31,0.24,,,0.24,0.0,2026-04-08T04:06:06.790851+00:00
204507,AFROMEDIA,2023-08-02,0.24,,,0.24,0.0,2026-04-08T04:06:10.326378+00:00
204621,AFROMEDIA,2023-08-03,0.24,,,0.24,0.0,2026-04-08T04:06:12.834218+00:00
204735,AFROMEDIA,2023-08-04,0.24,,,0.24,0.0,2026-04-08T04:06:15.200886+00:00
204849,AFROMEDIA,2023-08-07,0.24,,,0.24,0.0,2026-04-08T04:06:19.871718+00:00
204963,AFROMEDIA,2023-08-08,0.24,,,0.24,0.0,2026-04-08T04:06:22.245918+00:00
205077,AFROMEDIA,2023-08-09,0.24,,,0.24,0.0,2026-04-08T04:06:24.635943+00:00
205191,AFROMEDIA,2023-08-10,0.24,,,0.24,0.0,2026-04-08T04:06:27.035398+00:00
205305,AFROMEDIA,2023-08-11,0.24,,,0.24,0.0,2026-04-08T04:06:29.455701+00:00
205419,AFROMEDIA,2023-08-14,0.24,,,0.24,0.0,2026-04-08T04:06:33.923569+00:00
205533,AFROMEDIA,2023-08-15,0.24,,,0.24,0.0,2026-04-08T04:06:36.358161+00:00
205647,AFROMEDIA,2023-08-16,0.24,,,0.24,0.0,2026-04-08T04:06:38.679915+00:00
205761,AFROMEDIA,2023-08-17,0.24,,,0.24,0.0,2026-04-08T04:06:40.998805+00:00
205875,AFROMEDIA,2023-08-18,0.24,,,0.24,0.0,2026-04-08T04:06:43.468275+00:00
205989,AFROMEDIA,2023-08-21,0.24,,,0.24,0.0,2026-04-08T04:06:47.688711+00:00
206103,AFROMEDIA,2023-08-24,0.24,,,0.24,0.0,2026-04-08T04:06:51.989424+00:00
206217,AFROMEDIA,2023-08-25,0.24,,,0.24,0.0,2026-04-08T04:06:54.38475+00:00
206331,AFROMEDIA,2023-08-28,0.24,,,0.24,0.0,2026-04-08T04:06:59.310949+00:00
206445,AFROMEDIA,2023-08-29,0.24,,,0.24,0.0,2026-04-08T04:07:01.613742+00:00
206559,AFROMEDIA,2023-08-30,0.24,,,0.24,0.0,2026-04-08T04:07:03.820209+00:00
206673,AFROMEDIA,2023-09-01,0.24,,,0.24,0.0,2026-04-08T04:07:07.195585+00:00
206787,AFROMEDIA,2023-09-04,0.24,,,0.24,0.0,2026-04-08T04:07:11.730996+00:00
206901,AFROMEDIA,2023-09-05,0.24,,,0.24,0.0,2026-04-08T04:07:14.175893+00:00
207015,AFROMEDIA,2023-09-06,0.24,,,0.24,0.0,2026-04-08T04:07:16.66229+00:00
207129,AFROMEDIA,2023-09-07,0.24,,,0.24,0.0,2026-04-08T04:07:19.134101+00:00
207243,AFROMEDIA,2023-09-08,0.24,,,0.24,0.0,2026-04-08T04:07:21.445908+00:00
207357,AFROMEDIA,2023-09-11,0.24,,,0.24,0.0,2026-04-08T04:07:26.133096+00:00
207471,AFROMEDIA,2023-09-12,0.24,,,0.24,0.0,2026-04-08T04:07:28.57479+00:00
207585,AFROMEDIA,2023-09-13,0.24,,,0.24,0.0,2026-04-08T04:07:30.890589+00:00
207699,AFROMEDIA,2023-09-14,0.24,,,0.24,0.0,2026-04-08T04:07:33.324455+00:00
207813,AFROMEDIA,2023-09-15,0.24,,,0.24,0.0,2026-04-08T04:07:35.74244+00:00
207927,AFROMEDIA,2023-09-18,0.24,,,0.24,0.0,2026-04-08T04:07:40.292184+00:00
208041,AFROMEDIA,2023-09-19,0.24,,,0.24,0.0,2026-04-08T04:07:42.606346+00:00
208155,AFROMEDIA,2023-09-20,0.24,,,0.24,0.0,2026-04-08T04:07:45.004042+00:00
208269,AFROMEDIA,2023-09-21,0.24,,,0.24,0.0,2026-04-08T04:07:47.370085+00:00
208383,AFROMEDIA,2023-09-22,0.24,,,0.24,0.0,2026-04-08T04:07:49.898567+00:00
208497,AFROMEDIA,2023-09-25,0.24,,,0.24,0.0,2026-04-08T04:07:54.305125+00:00
208611,AFROMEDIA,2023-09-28,0.24,,,0.24,0.0,2026-04-08T04:07:58.898315+00:00
208725,AFROMEDIA,2023-09-29,0.24,,,0.24,0.0,2026-04-08T04:08:01.279649+00:00
208839,AFROMEDIA,2023-10-03,0.24,,,0.24,0.0,2026-04-08T04:08:06.721549+00:00
208953,AFROMEDIA,2023-10-04,0.24,,,0.24,0.0,2026-04-08T04:08:09.042741+00:00
209067,AFROMEDIA,2023-10-05,0.24,,,0.24,0.0,2026-04-08T04:08:11.600182+00:00
209182,AFROMEDIA,2023-10-06,0.24,,,0.24,0.0,2026-04-08T04:08:14.22861+00:00
209297,AFROMEDIA,2023-10-09,0.24,,,0.24,0.0,2026-04-08T04:08:18.740555+00:00
209412,AFROMEDIA,2023-10-10,0.24,,,0.24,0.0,2026-04-08T04:08:21.390436+00:00
209526,AFROMEDIA,2023-10-12,0.24,,,0.24,0.0,2026-04-08T04:08:24.861957+00:00
209641,AFROMEDIA,2023-10-13,0.24,,,0.24,0.0,2026-04-08T04:08:27.376596+00:00
209756,AFROMEDIA,2023-10-16,0.24,,,0.24,0.0,2026-04-08T04:08:32.388707+00:00
209871,AFROMEDIA,2023-10-17,0.24,,,0.24,0.0,2026-04-08T04:08:34.738576+00:00
209986,AFROMEDIA,2023-10-19,0.24,,,0.24,0.0,2026-04-08T04:08:38.671249+00:00
210101,AFROMEDIA,2023-10-20,0.24,,,0.24,0.0,2026-04-08T04:08:40.967521+00:00
210216,AFROMEDIA,2023-10-23,0.24,,,0.24,0.0,2026-04-08T04:08:45.440193+00:00
210331,AFROMEDIA,2023-10-24,0.24,,,0.24,0.0,2026-04-08T04:08:47.71675+00:00
210446,AFROMEDIA,2023-10-25,0.24,,,0.24,0.0,2026-04-08T04:08:50.022319+00:00
210561,AFROMEDIA,2023-10-26,0.24,,,0.24,0.0,2026-04-08T04:08:52.472279+00:00
210676,AFROMEDIA,2023-10-27,0.24,,,0.24,0.0,2026-04-08T04:08:54.778052+00:00
210791,AFROMEDIA,2023-10-30,0.24,,,0.24,0.0,2026-04-08T04:08:59.45056+00:00
210906,AFROMEDIA,2023-10-31,0.24,,,0.24,0.0,2026-04-08T04:09:01.914254+00:00
211021,AFROMEDIA,2023-11-01,0.24,,,0.24,0.0,2026-04-08T04:09:04.386399+00:00
211136,AFROMEDIA,2023-11-02,0.24,,,0.24,0.0,2026-04-08T04:09:06.696264+00:00
211251,AFROMEDIA,2023-11-03,0.24,,,0.24,0.0,2026-04-08T04:09:09.071615+00:00
211366,AFROMEDIA,2023-11-06,0.24,,,0.24,0.0,2026-04-08T04:09:13.59419+00:00
211481,AFROMEDIA,2023-11-07,0.24,,,0.24,0.0,2026-04-08T04:09:15.923939+00:00
211597,AFROMEDIA,2023-11-08,0.24,,,0.24,0.0,2026-04-08T04:09:18.177895+00:00
211713,AFROMEDIA,2023-11-09,0.24,,,0.24,0.0,2026-04-08T04:09:20.462573+00:00
211829,AFROMEDIA,2023-11-10,0.24,,,0.24,0.0,2026-04-08T04:09:22.644841+00:00
211945,AFROMEDIA,2023-11-13,0.24,,,0.24,0.0,2026-04-08T04:09:27.404692+00:00
212061,AFROMEDIA,2023-11-14,0.24,,,0.24,0.0,2026-04-08T04:09:29.775588+00:00
212177,AFROMEDIA,2023-11-15,0.24,,,0.24,0.0,2026-04-08T04:09:32.378304+00:00
212293,AFROMEDIA,2023-11-16,0.24,,,0.24,0.0,2026-04-08T04:09:34.916677+00:00
212409,AFROMEDIA,2023-11-17,0.24,,,0.24,0.0,2026-04-08T04:09:37.378105+00:00
212525,AFROMEDIA,2023-11-20,0.24,,,0.24,0.0,2026-04-08T04:09:41.830835+00:00
212641,AFROMEDIA,2023-11-21,0.24,,,0.24,0.0,2026-04-08T04:09:44.211025+00:00
212757,AFROMEDIA,2023-11-22,0.24,,,0.24,0.0,2026-04-08T04:09:46.526636+00:00
212873,AFROMEDIA,2023-11-23,0.24,,,0.24,0.0,2026-04-08T04:09:48.793806+00:00
212990,AFROMEDIA,2023-11-27,0.24,,,0.24,0.0,2026-04-08T04:09:54.316732+00:00
213107,AFROMEDIA,2023-11-28,0.24,,,0.24,0.0,2026-04-08T04:09:57.050116+00:00
213224,AFROMEDIA,2023-11-29,0.24,,,0.24,0.0,2026-04-08T04:09:59.54407+00:00
213341,AFROMEDIA,2023-11-30,0.24,,,0.24,0.0,2026-04-08T04:10:01.973818+00:00
213458,AFROMEDIA,2023-12-01,0.24,,,0.24,0.0,2026-04-08T04:10:04.46052+00:00
213575,AFROMEDIA,2023-12-04,0.24,,,0.24,0.0,2026-04-08T04:10:08.793495+00:00
213692,AFROMEDIA,2023-12-05,0.24,,,0.24,0.0,2026-04-08T04:10:11.104733+00:00
213809,AFROMEDIA,2023-12-06,0.24,,,0.24,0.0,2026-04-08T04:10:13.383432+00:00
213926,AFROMEDIA,2023-12-08,0.24,,,0.24,0.0,2026-04-08T04:10:16.965057+00:00
214043,AFROMEDIA,2023-12-11,0.24,,,0.24,0.0,2026-04-08T04:10:21.350621+00:00
214160,AFROMEDIA,2023-12-12,0.24,,,0.24,0.0,2026-04-08T04:10:23.843731+00:00
214277,AFROMEDIA,2023-12-13,0.24,,,0.24,0.0,2026-04-08T04:10:26.19208+00:00
214394,AFROMEDIA,2023-12-14,0.24,,,0.24,0.0,2026-04-08T04:10:28.64956+00:00
214511,AFROMEDIA,2023-12-15,0.24,,,0.24,0.0,2026-04-08T04:10:31.179138+00:00
214628,AFROMEDIA,2023-12-18,0.24,,,0.24,0.0,2026-04-08T04:10:35.879044+00:00
214745,AFROMEDIA,2023-12-19,0.24,,,0.24,0.0,2026-04-08T04:10:38.280823+00:00
214862,AFROMEDIA,2023-12-20,0.24,,,0.24,0.0,2026-04-08T04:10:40.523028+00:00
214979,AFROMEDIA,2023-12-21,0.24,,,0.24,0.0,2026-04-08T04:10:42.873875+00:00
215096,AFROMEDIA,2023-12-28,0.24,,,0.24,0.0,2026-04-08T04:10:51.166125+00:00
215213,AFROMEDIA,2023-12-29,0.24,,,0.24,0.0,2026-04-08T04:10:53.57119+00:00
215330,AFROMEDIA,2024-01-02,0.24,,,0.24,0.0,2026-04-08T04:10:59.157783+00:00
215447,AFROMEDIA,2024-01-03,0.24,,,0.24,0.0,2026-04-08T04:11:01.401293+00:00
215564,AFROMEDIA,2024-01-04,0.24,,,0.24,0.0,2026-04-08T04:11:03.846312+00:00
215681,AFROMEDIA,2024-01-05,0.24,,,0.24,0.0,2026-04-08T04:11:07.208124+00:00
215798,AFROMEDIA,2024-01-08,0.24,,,0.24,0.0,2026-04-08T04:11:11.742656+00:00
215915,AFROMEDIA,2024-01-09,0.24,,,0.24,0.0,2026-04-08T04:11:14.100458+00:00
216032,AFROMEDIA,2024-01-10,0.24,,,0.24,0.0,2026-04-08T04:11:16.512964+00:00
216149,AFROMEDIA,2024-01-11,0.24,,,0.24,0.0,2026-04-08T04:11:18.918089+00:00
216266,AFROMEDIA,2024-01-12,0.24,,,0.24,0.0,2026-04-08T04:11:21.244944+00:00
216383,AFROMEDIA,2024-01-15,0.24,,,0.24,0.0,2026-04-08T04:11:25.674113+00:00
216500,AFROMEDIA,2024-01-16,0.24,,,0.24,0.0,2026-04-08T04:11:28.037988+00:00
216617,AFROMEDIA,2024-01-18,0.24,,,0.24,0.0,2026-04-08T04:11:31.337167+00:00
216734,AFROMEDIA,2024-01-19,0.24,,,0.24,0.0,2026-04-08T04:11:38.619168+00:00
216851,AFROMEDIA,2024-01-22,0.24,,,0.24,0.0,2026-04-08T04:11:42.948818+00:00
216968,AFROMEDIA,2024-01-23,0.24,,,0.24,0.0,2026-04-08T04:11:45.304506+00:00
217085,AFROMEDIA,2024-01-24,0.24,,,0.24,0.0,2026-04-08T04:11:47.647942+00:00
217202,AFROMEDIA,2024-01-25,0.24,,,0.24,0.0,2026-04-08T04:11:50.11021+00:00
217319,AFROMEDIA,2024-01-26,0.24,,,0.24,0.0,2026-04-08T04:11:52.721812+00:00
217436,AFROMEDIA,2024-01-29,0.24,,,0.24,0.0,2026-04-08T04:11:57.440388+00:00
217553,AFROMEDIA,2024-01-30,0.24,,,0.24,0.0,2026-04-08T04:12:00.024191+00:00
217670,AFROMEDIA,2024-01-31,0.24,,,0.24,0.0,2026-04-08T04:12:02.433526+00:00
217787,AFROMEDIA,2024-02-01,0.24,,,0.24,0.0,2026-04-08T04:12:04.812869+00:00
217904,AFROMEDIA,2024-02-02,0.24,,,0.24,0.0,2026-04-08T04:12:07.232701+00:00
218021,AFROMEDIA,2024-02-05,0.24,,,0.24,0.0,2026-04-08T04:12:11.791199+00:00
218138,AFROMEDIA,2024-02-06,0.24,,,0.24,0.0,2026-04-08T04:12:14.363902+00:00
218255,AFROMEDIA,2024-02-07,0.24,,,0.24,0.0,2026-04-08T04:12:16.791058+00:00
218372,AFROMEDIA,2024-02-08,0.24,,,0.24,0.0,2026-04-08T04:12:19.312026+00:00
218489,AFROMEDIA,2024-02-09,0.24,,,0.24,0.0,2026-04-08T04:12:21.609908+00:00
218606,AFROMEDIA,2024-02-12,0.24,,,0.24,0.0,2026-04-08T04:12:25.771109+00:00
218723,AFROMEDIA,2024-02-13,0.24,,,0.24,0.0,2026-04-08T04:12:28.061356+00:00
218840,AFROMEDIA,2024-02-14,0.24,,,0.24,0.0,2026-04-08T04:12:30.570558+00:00
218957,AFROMEDIA,2024-02-16,0.24,,,0.24,0.0,2026-04-08T04:12:34.036511+00:00
219074,AFROMEDIA,2024-02-19,0.24,,,0.24,0.0,2026-04-08T04:12:38.429241+00:00
219191,AFROMEDIA,2024-02-20,0.24,,,0.24,0.0,2026-04-08T04:12:40.813552+00:00
219308,AFROMEDIA,2024-02-21,0.24,,,0.24,0.0,2026-04-08T04:12:43.257682+00:00
219425,AFROMEDIA,2024-02-22,0.24,,,0.24,0.0,2026-04-08T04:12:45.850796+00:00
219542,AFROMEDIA,2024-02-26,0.24,,,0.24,0.0,2026-04-08T04:12:51.18414+00:00
219659,AFROMEDIA,2024-02-27,0.24,,,0.24,0.0,2026-04-08T04:12:53.509755+00:00
219776,AFROMEDIA,2024-02-29,0.24,,,0.24,0.0,2026-04-08T04:12:56.822244+00:00
219893,AFROMEDIA,2024-03-01,0.24,,,0.24,0.0,2026-04-08T04:12:59.287484+00:00
220010,AFROMEDIA,2024-03-04,0.24,,,0.24,0.0,2026-04-08T04:13:03.814092+00:00
220128,AFROMEDIA,2024-03-05,0.24,,,0.24,0.0,2026-04-08T04:13:06.279726+00:00
220246,AFROMEDIA,2024-03-06,0.24,,,0.24,0.0,2026-04-08T04:13:08.558236+00:00
220364,AFROMEDIA,2024-03-07,0.24,,,0.24,0.0,2026-04-08T04:13:10.988978+00:00
220482,AFROMEDIA,2024-03-08,0.24,,,0.24,0.0,2026-04-08T04:13:13.453006+00:00
220600,AFROMEDIA,2024-03-11,0.24,,,0.24,0.0,2026-04-08T04:13:17.773706+00:00
220718,AFROMEDIA,2024-03-12,0.24,,,0.24,0.0,2026-04-08T04:13:20.258657+00:00
220836,AFROMEDIA,2024-03-13,0.24,,,0.24,0.0,2026-04-08T04:13:22.557243+00:00
220954,AFROMEDIA,2024-03-14,0.24,,,0.24,0.0,2026-04-08T04:13:25.004754+00:00
221072,AFROMEDIA,2024-03-15,0.24,,,0.24,0.0,2026-04-08T04:13:27.500984+00:00
221190,AFROMEDIA,2024-03-19,0.24,,,0.24,0.0,2026-04-08T04:13:32.54102+00:00
221308,AFROMEDIA,2024-03-20,0.24,,,0.24,0.0,2026-04-08T04:13:34.949661+00:00
221426,AFROMEDIA,2024-03-21,0.24,,,0.24,0.0,2026-04-08T04:13:37.293426+00:00
221544,AFROMEDIA,2024-03-22,0.24,,,0.24,0.0,2026-04-08T04:13:39.66616+00:00
221662,AFROMEDIA,2024-03-25,0.24,,,0.24,0.0,2026-04-08T04:13:43.964435+00:00
221780,AFROMEDIA,2024-03-26,0.24,,,0.24,0.0,2026-04-08T04:13:46.391317+00:00
221898,AFROMEDIA,2024-03-27,0.24,,,0.24,0.0,2026-04-08T04:13:48.795654+00:00
222016,AFROMEDIA,2024-03-28,0.24,,,0.24,0.0,2026-04-08T04:13:51.173779+00:00
222134,AFROMEDIA,2024-04-02,0.24,,,0.24,0.0,2026-04-08T04:13:58.053067+00:00
222252,AFROMEDIA,2024-04-03,0.24,,,0.24,0.0,2026-04-08T04:14:00.66873+00:00
222370,AFROMEDIA,2024-04-04,0.24,,,0.24,0.0,2026-04-08T04:14:03.310057+00:00
222488,AFROMEDIA,2024-04-05,0.24,,,0.24,0.0,2026-04-08T04:14:05.820809+00:00
222606,AFROMEDIA,2024-04-12,0.24,,,0.24,0.0,2026-04-08T04:14:15.984697+00:00
222724,AFROMEDIA,2024-04-15,0.24,,,0.24,0.0,2026-04-08T04:14:20.492228+00:00
222842,AFROMEDIA,2024-04-16,0.24,,,0.24,0.0,2026-04-08T04:14:22.958286+00:00
222960,AFROMEDIA,2024-04-17,0.24,,,0.24,0.0,2026-04-08T04:14:25.407203+00:00
223078,AFROMEDIA,2024-04-18,0.24,,,0.24,0.0,2026-04-08T04:14:27.862982+00:00
223196,AFROMEDIA,2024-04-19,0.24,,,0.24,0.0,2026-04-08T04:14:30.225092+00:00
223314,AFROMEDIA,2024-04-22,0.24,,,0.24,0.0,2026-04-08T04:14:34.624841+00:00
223432,AFROMEDIA,2024-04-23,0.24,,,0.24,0.0,2026-04-08T04:14:36.881925+00:00
223550,AFROMEDIA,2024-04-24,0.24,,,0.24,0.0,2026-04-08T04:14:39.108369+00:00
223668,AFROMEDIA,2024-04-25,0.24,,,0.24,0.0,2026-04-08T04:14:41.415412+00:00
223786,AFROMEDIA,2024-04-26,0.24,,,0.24,0.0,2026-04-08T04:14:43.709399+00:00
223904,AFROMEDIA,2024-04-29,0.24,,,0.24,0.0,2026-04-08T04:14:47.97937+00:00
224022,AFROMEDIA,2024-04-30,0.24,,,0.24,0.0,2026-04-08T04:14:50.304196+00:00
224140,AFROMEDIA,2024-05-02,0.24,,,0.24,0.0,2026-04-08T04:14:53.573612+00:00
224258,AFROMEDIA,2024-05-03,0.24,,,0.24,0.0,2026-04-08T04:14:55.989363+00:00
224376,AFROMEDIA,2024-05-06,0.24,,,0.24,0.0,2026-04-08T04:15:00.14873+00:00
224494,AFROMEDIA,2024-05-07,0.24,,,0.24,0.0,2026-04-08T04:15:02.40079+00:00
224612,AFROMEDIA,2024-05-08,0.24,,,0.24,0.0,2026-04-08T04:15:04.708287+00:00
224730,AFROMEDIA,2024-05-09,0.24,,,0.24,0.0,2026-04-08T04:15:07.337178+00:00
224848,AFROMEDIA,2024-05-10,0.24,,,0.24,0.0,2026-04-08T04:15:09.604775+00:00
224966,AFROMEDIA,2024-05-13,0.24,,,0.24,0.0,2026-04-08T04:15:13.907933+00:00
225084,AFROMEDIA,2024-05-14,0.24,,,0.24,0.0,2026-04-08T04:15:16.26654+00:00
225202,AFROMEDIA,2024-05-15,0.24,,,0.24,0.0,2026-04-08T04:15:18.549958+00:00
225320,AFROMEDIA,2024-05-16,0.24,,,0.24,0.0,2026-04-08T04:15:20.841424+00:00
225438,AFROMEDIA,2024-05-20,0.24,,,0.24,0.0,2026-04-08T04:15:25.962105+00:00
225556,AFROMEDIA,2024-05-21,0.24,,,0.24,0.0,2026-04-08T04:15:28.334406+00:00
225674,AFROMEDIA,2024-05-22,0.24,,,0.24,0.0,2026-04-08T04:15:30.660212+00:00
225792,AFROMEDIA,2024-05-23,0.24,,,0.24,0.0,2026-04-08T04:15:32.993296+00:00
225910,AFROMEDIA,2024-05-24,0.24,,,0.24,0.0,2026-04-08T04:15:35.360226+00:00
226028,AFROMEDIA,2024-05-27,0.24,,,0.24,0.0,2026-04-08T04:15:39.562711+00:00
226146,AFROMEDIA,2024-05-28,0.24,,,0.24,0.0,2026-04-08T04:15:41.894674+00:00
226264,AFROMEDIA,2024-05-29,0.24,,,0.24,0.0,2026-04-08T04:15:44.435333+00:00
226382,AFROMEDIA,2024-05-30,0.24,,,0.24,0.0,2026-04-08T04:15:46.695543+00:00
226500,AFROMEDIA,2024-05-31,0.24,,,0.24,0.0,2026-04-08T04:15:48.909252+00:00
226618,AFROMEDIA,2024-06-03,0.24,,,0.24,0.0,2026-04-08T04:15:53.203965+00:00
226736,AFROMEDIA,2024-06-04,0.24,,,0.24,0.0,2026-04-08T04:15:55.456464+00:00
226854,AFROMEDIA,2024-06-05,0.24,,,0.24,0.0,2026-04-08T04:15:57.839545+00:00
226972,AFROMEDIA,2024-06-06,0.24,,,0.24,0.0,2026-04-08T04:16:00.091412+00:00
227090,AFROMEDIA,2024-06-07,0.24,,,0.24,0.0,2026-04-08T04:16:02.294722+00:00
227208,AFROMEDIA,2024-06-10,0.24,,,0.24,0.0,2026-04-08T04:16:06.655303+00:00
227326,AFROMEDIA,2024-06-11,0.24,,,0.24,0.0,2026-04-08T04:16:09.027942+00:00
227444,AFROMEDIA,2024-06-13,0.24,,,0.24,0.0,2026-04-08T04:16:12.454757+00:00
227562,AFROMEDIA,2024-06-14,0.24,,,0.24,0.0,2026-04-08T04:16:14.762224+00:00
227680,AFROMEDIA,2024-06-20,0.24,,,0.24,0.0,2026-04-08T04:16:22.365263+00:00
227798,AFROMEDIA,2024-06-21,0.24,,,0.24,0.0,2026-04-08T04:16:24.740936+00:00
227916,AFROMEDIA,2024-06-24,0.24,,,0.24,0.0,2026-04-08T04:16:29.101951+00:00
228034,AFROMEDIA,2024-06-25,0.24,,,0.24,0.0,2026-04-08T04:16:31.430939+00:00
228152,AFROMEDIA,2024-06-26,0.24,,,0.24,0.0,2026-04-08T04:16:33.77834+00:00
228270,AFROMEDIA,2024-06-27,0.24,,,0.24,0.0,2026-04-08T04:16:36.13415+00:00
228388,AFROMEDIA,2024-06-28,0.24,,,0.24,0.0,2026-04-08T04:16:38.472674+00:00
228506,AFROMEDIA,2024-07-01,0.24,,,0.24,0.0,2026-04-08T04:16:42.881798+00:00
228624,AFROMEDIA,2024-07-02,0.24,,,0.24,0.0,2026-04-08T04:16:45.256647+00:00
228742,AFROMEDIA,2024-07-03,0.24,,,0.24,0.0,2026-04-08T04:16:47.732339+00:00
228860,AFROMEDIA,2024-07-04,0.24,,,0.24,0.0,2026-04-08T04:16:50.22378+00:00
228978,AFROMEDIA,2024-07-05,0.24,,,0.24,0.0,2026-04-08T04:16:52.679645+00:00
229096,AFROMEDIA,2024-07-08,0.24,,,0.24,0.0,2026-04-08T04:16:57.375145+00:00
229214,AFROMEDIA,2024-07-09,0.24,,,0.24,0.0,2026-04-08T04:16:59.679545+00:00
229332,AFROMEDIA,2024-07-10,0.24,,,0.24,0.0,2026-04-08T04:17:02.104038+00:00
229450,AFROMEDIA,2024-07-11,0.24,,,0.24,0.0,2026-04-08T04:17:04.804273+00:00
229568,AFROMEDIA,2024-07-12,0.24,,,0.24,0.0,2026-04-08T04:17:07.071694+00:00
229686,AFROMEDIA,2024-07-15,0.24,,,0.24,0.0,2026-04-08T04:17:11.418935+00:00
229804,AFROMEDIA,2024-07-16,0.24,,,0.24,0.0,2026-04-08T04:17:13.920176+00:00
229922,AFROMEDIA,2024-07-17,0.24,,,0.24,0.0,2026-04-08T04:17:16.239817+00:00
230040,AFROMEDIA,2024-07-18,0.24,,,0.24,0.0,2026-04-08T04:17:18.614364+00:00
230158,AFROMEDIA,2024-07-19,0.24,,,0.24,0.0,2026-04-08T04:17:20.923419+00:00
230276,AFROMEDIA,2024-07-22,0.24,,,0.24,0.0,2026-04-08T04:17:25.185516+00:00
230394,AFROMEDIA,2024-07-23,0.24,,,0.24,0.0,2026-04-08T04:17:27.655924+00:00
230512,AFROMEDIA,2024-07-24,0.24,,,0.24,0.0,2026-04-08T04:17:30.124258+00:00
230630,AFROMEDIA,2024-07-25,0.24,,,0.24,0.0,2026-04-08T04:17:32.638981+00:00
230748,AFROMEDIA,2024-07-26,0.24,,,0.24,0.0,2026-04-08T04:17:35.101122+00:00
230866,AFROMEDIA,2024-07-29,0.24,,,0.24,0.0,2026-04-08T04:17:40.103977+00:00
230984,AFROMEDIA,2024-07-30,0.24,,,0.24,0.0,2026-04-08T04:17:43.080384+00:00
231102,AFROMEDIA,2024-07-31,0.24,,,0.24,0.0,2026-04-08T04:17:45.61458+00:00
231220,AFROMEDIA,2024-08-01,0.24,,,0.24,0.0,2026-04-08T04:17:47.950902+00:00
231338,AFROMEDIA,2024-08-02,0.24,,,0.24,0.0,2026-04-08T04:17:50.372085+00:00
231456,AFROMEDIA,2024-08-05,0.24,,,0.24,0.0,2026-04-08T04:17:54.929581+00:00
231574,AFROMEDIA,2024-08-06,0.24,,,0.24,0.0,2026-04-08T04:17:57.472912+00:00
231692,AFROMEDIA,2024-08-07,0.24,,,0.24,0.0,2026-04-08T04:17:59.948734+00:00
231810,AFROMEDIA,2024-08-08,0.24,,,0.24,0.0,2026-04-08T04:18:02.36647+00:00
231928,AFROMEDIA,2024-08-09,0.24,,,0.24,0.0,2026-04-08T04:18:04.674683+00:00
232046,AFROMEDIA,2024-08-12,0.24,,,0.24,0.0,2026-04-08T04:18:08.918743+00:00
232164,AFROMEDIA,2024-08-13,0.24,,,0.24,0.0,2026-04-08T04:18:11.387792+00:00
232282,AFROMEDIA,2024-08-14,0.24,,,0.24,0.0,2026-04-08T04:18:13.859526+00:00
232400,AFROMEDIA,2024-08-15,0.24,,,0.24,0.0,2026-04-08T04:18:16.357381+00:00
232518,AFROMEDIA,2024-08-16,0.24,,,0.24,0.0,2026-04-08T04:18:18.692447+00:00
232636,AFROMEDIA,2024-08-19,0.24,,,0.24,0.0,2026-04-08T04:18:23.063194+00:00
232754,AFROMEDIA,2024-08-20,0.24,,,0.24,0.0,2026-04-08T04:18:25.366221+00:00
232872,AFROMEDIA,2024-08-21,0.24,,,0.24,0.0,2026-04-08T04:18:27.861334+00:00
232990,AFROMEDIA,2024-08-22,0.24,,,0.24,0.0,2026-04-08T04:18:30.156184+00:00
233108,AFROMEDIA,2024-08-23,0.24,,,0.24,0.0,2026-04-08T04:18:32.497978+00:00
233226,AFROMEDIA,2024-08-26,0.24,,,0.24,0.0,2026-04-08T04:18:37.19542+00:00
233344,AFROMEDIA,2024-08-27,0.24,,,0.24,0.0,2026-04-08T04:18:39.561091+00:00
233462,AFROMEDIA,2024-08-28,0.24,,,0.24,0.0,2026-04-08T04:18:42.048567+00:00
233580,AFROMEDIA,2024-08-29,0.24,,,0.24,0.0,2026-04-08T04:18:44.36768+00:00
233698,AFROMEDIA,2024-09-02,0.24,,,0.24,0.0,2026-04-08T04:18:49.632285+00:00
233816,AFROMEDIA,2024-09-03,0.24,,,0.24,0.0,2026-04-08T04:18:52.389232+00:00
233934,AFROMEDIA,2024-09-04,0.24,,,0.24,0.0,2026-04-08T04:18:54.875674+00:00
234052,AFROMEDIA,2024-09-05,0.24,,,0.24,0.0,2026-04-08T04:18:57.763256+00:00
234170,AFROMEDIA,2024-09-06,0.24,,,0.24,0.0,2026-04-08T04:19:00.536712+00:00
234288,AFROMEDIA,2024-09-09,0.24,,,0.24,0.0,2026-04-08T04:19:05.495104+00:00
234406,AFROMEDIA,2024-09-10,0.24,,,0.24,0.0,2026-04-08T04:19:08.070871+00:00
234524,AFROMEDIA,2024-09-11,0.24,,,0.24,0.0,2026-04-08T04:19:10.663572+00:00
234642,AFROMEDIA,2024-09-12,0.24,,,0.24,0.0,2026-04-08T04:19:13.371302+00:00
234760,AFROMEDIA,2024-09-13,0.24,,,0.24,0.0,2026-04-08T04:19:16.033041+00:00
234878,AFROMEDIA,2024-09-17,0.24,,,0.24,0.0,2026-04-08T04:19:22.824888+00:00
234996,AFROMEDIA,2024-09-18,0.24,,,0.24,0.0,2026-04-08T04:19:25.915955+00:00
235114,AFROMEDIA,2024-09-19,0.24,,,0.24,0.0,2026-04-08T04:19:28.330134+00:00
235232,AFROMEDIA,2024-09-20,0.24,,,0.24,0.0,2026-04-08T04:19:30.82066+00:00
235350,AFROMEDIA,2024-09-23,0.24,,,0.24,0.0,2026-04-08T04:19:35.29526+00:00
235468,AFROMEDIA,2024-09-24,0.24,,,0.24,0.0,2026-04-08T04:19:37.629736+00:00
235586,AFROMEDIA,2024-09-25,0.24,,,0.24,0.0,2026-04-08T04:19:40.096992+00:00
235704,AFROMEDIA,2024-09-26,0.24,,,0.24,0.0,2026-04-08T04:19:42.676048+00:00
235822,AFROMEDIA,2024-09-27,0.24,,,0.24,0.0,2026-04-08T04:19:45.342636+00:00
235940,AFROMEDIA,2024-09-30,0.24,,,0.24,0.0,2026-04-08T04:19:50.223917+00:00
236058,AFROMEDIA,2024-10-02,0.24,,,0.24,0.0,2026-04-08T04:19:53.821423+00:00
236176,AFROMEDIA,2024-10-03,0.24,,,0.24,0.0,2026-04-08T04:19:56.203135+00:00
236294,AFROMEDIA,2024-10-04,0.24,,,0.24,0.0,2026-04-08T04:19:58.634737+00:00
236412,AFROMEDIA,2024-10-07,0.24,,,0.24,0.0,2026-04-08T04:20:03.05432+00:00
236530,AFROMEDIA,2024-10-08,0.24,,,0.24,0.0,2026-04-08T04:20:05.535519+00:00
236648,AFROMEDIA,2024-10-10,0.24,,,0.24,0.0,2026-04-08T04:20:08.855054+00:00
236766,AFROMEDIA,2024-10-11,0.24,,,0.24,0.0,2026-04-08T04:20:11.460237+00:00
236885,AFROMEDIA,2024-10-14,0.24,,,0.24,0.0,2026-04-08T04:20:16.284622+00:00
237004,AFROMEDIA,2024-10-15,0.24,,,0.24,0.0,2026-04-08T04:20:18.84933+00:00
237123,AFROMEDIA,2024-10-17,0.24,,,0.24,0.0,2026-04-08T04:20:23.389134+00:00
237242,AFROMEDIA,2024-10-18,0.24,,,0.24,0.0,2026-04-08T04:20:26.17489+00:00
237361,AFROMEDIA,2024-10-21,0.24,,,0.24,0.0,2026-04-08T04:20:30.541886+00:00
237480,AFROMEDIA,2024-10-22,0.24,,,0.24,0.0,2026-04-08T04:20:32.890604+00:00
237599,AFROMEDIA,2024-10-23,0.24,,,0.24,0.0,2026-04-08T04:20:35.186729+00:00
237718,AFROMEDIA,2024-10-24,0.24,,,0.24,0.0,2026-04-08T04:20:37.740613+00:00
237837,AFROMEDIA,2024-10-25,0.24,,,0.24,0.0,2026-04-08T04:20:40.222387+00:00
237956,AFROMEDIA,2024-10-28,0.24,,,0.24,0.0,2026-04-08T04:20:44.742576+00:00
238075,AFROMEDIA,2024-10-29,0.24,,,0.24,0.0,2026-04-08T04:20:47.136244+00:00
238194,AFROMEDIA,2024-10-30,0.24,,,0.24,0.0,2026-04-08T04:20:49.405969+00:00
238313,AFROMEDIA,2024-10-31,0.24,,,0.24,0.0,2026-04-08T04:20:51.756515+00:00
238432,AFROMEDIA,2024-11-01,0.24,,,0.24,0.0,2026-04-08T04:20:54.1075+00:00
238551,AFROMEDIA,2024-11-04,0.24,,,0.24,0.0,2026-04-08T04:20:58.471072+00:00
238670,AFROMEDIA,2024-11-05,0.24,,,0.24,0.0,2026-04-08T04:21:01.00344+00:00
238789,AFROMEDIA,2024-11-06,0.24,,,0.24,0.0,2026-04-08T04:21:03.585377+00:00
238908,AFROMEDIA,2024-11-07,0.24,,,0.24,0.0,2026-04-08T04:21:06.256351+00:00
239027,AFROMEDIA,2024-11-08,0.24,,,0.24,0.0,2026-04-08T04:21:08.623134+00:00
239146,AFROMEDIA,2024-11-11,0.24,,,0.24,0.0,2026-04-08T04:21:12.782875+00:00
239265,AFROMEDIA,2024-11-12,0.24,,,0.24,0.0,2026-04-08T04:21:15.417322+00:00
239384,AFROMEDIA,2024-11-13,0.24,,,0.24,0.0,2026-04-08T04:21:17.790166+00:00
239503,AFROMEDIA,2024-11-14,0.24,,,0.24,0.0,2026-04-08T04:21:20.354873+00:00
239622,AFROMEDIA,2024-11-15,0.24,,,0.24,0.0,2026-04-08T04:21:22.90937+00:00
239741,AFROMEDIA,2024-11-18,0.24,,,0.24,0.0,2026-04-08T04:21:27.576358+00:00
239860,AFROMEDIA,2024-11-19,0.24,,,0.24,0.0,2026-04-08T04:21:29.868433+00:00
239979,AFROMEDIA,2024-11-20,0.24,,,0.24,0.0,2026-04-08T04:21:32.433299+00:00
240098,AFROMEDIA,2024-11-21,0.24,,,0.24,0.0,2026-04-08T04:21:34.755564+00:00
240217,AFROMEDIA,2024-11-22,0.24,,,0.24,0.0,2026-04-08T04:21:37.514754+00:00
240336,AFROMEDIA,2024-11-25,0.24,,,0.24,0.0,2026-04-08T04:21:41.818387+00:00
240455,AFROMEDIA,2024-11-26,0.24,,,0.24,0.0,2026-04-08T04:21:44.163824+00:00
240574,AFROMEDIA,2024-11-27,0.24,,,0.24,0.0,2026-04-08T04:21:46.720727+00:00
240693,AFROMEDIA,2024-11-28,0.24,,,0.24,0.0,2026-04-08T04:21:49.110263+00:00
240812,AFROMEDIA,2024-12-02,0.24,,,0.24,0.0,2026-04-08T04:21:54.88401+00:00
240931,AFROMEDIA,2024-12-03,0.24,,,0.24,0.0,2026-04-08T04:21:57.640504+00:00
241050,AFROMEDIA,2024-12-04,0.24,,,0.24,0.0,2026-04-08T04:21:59.930228+00:00
241169,AFROMEDIA,2024-12-06,0.24,,,0.24,0.0,2026-04-08T04:22:03.392712+00:00
241288,AFROMEDIA,2024-12-09,0.24,,,0.24,0.0,2026-04-08T04:22:07.745808+00:00
241407,AFROMEDIA,2024-12-10,0.24,,,0.24,0.0,2026-04-08T04:22:10.112253+00:00
241526,AFROMEDIA,2024-12-11,0.24,,,0.24,0.0,2026-04-08T04:22:12.639548+00:00
241645,AFROMEDIA,2024-12-12,0.24,,,0.24,0.0,2026-04-08T04:22:15.033357+00:00
241764,AFROMEDIA,2024-12-13,0.24,,,0.24,0.0,2026-04-08T04:22:17.509919+00:00
241883,AFROMEDIA,2024-12-16,0.24,,,0.24,0.0,2026-04-08T04:22:22.499781+00:00
242002,AFROMEDIA,2024-12-17,0.24,,,0.24,0.0,2026-04-08T04:22:24.995572+00:00
242121,AFROMEDIA,2024-12-18,0.24,,,0.24,0.0,2026-04-08T04:22:27.498126+00:00
242240,AFROMEDIA,2024-12-19,0.24,,,0.24,0.0,2026-04-08T04:22:29.868083+00:00
242359,AFROMEDIA,2024-12-20,0.24,,,0.24,0.0,2026-04-08T04:22:32.392508+00:00
242478,AFROMEDIA,2024-12-23,0.24,,,0.24,0.0,2026-04-08T04:22:36.740311+00:00
242597,AFROMEDIA,2024-12-24,0.24,,,0.24,0.0,2026-04-08T04:22:39.25804+00:00
242716,AFROMEDIA,2024-12-27,0.24,,,0.24,0.0,2026-04-08T04:22:43.946119+00:00
242834,AFROMEDIA,2024-12-31,0.24,,,0.24,0.0,2026-04-08T04:22:48.665239+00:00
242952,AFROMEDIA,2025-01-02,0.24,,,0.24,0.0,2026-04-08T04:22:52.256438+00:00
243070,AFROMEDIA,2025-01-03,0.24,,,0.24,0.0,2026-04-08T04:22:55.101113+00:00
243188,AFROMEDIA,2025-01-06,0.24,,,0.24,0.0,2026-04-08T04:23:00.046313+00:00
243306,AFROMEDIA,2025-01-07,0.24,,,0.24,0.0,2026-04-08T04:23:02.329348+00:00
243424,AFROMEDIA,2025-01-08,0.24,,,0.24,0.0,2026-04-08T04:23:04.632968+00:00
243542,AFROMEDIA,2025-01-09,0.24,,,0.24,0.0,2026-04-08T04:23:06.908261+00:00
243660,AFROMEDIA,2025-01-10,0.24,,,0.24,0.0,2026-04-08T04:23:09.304805+00:00
243778,AFROMEDIA,2025-01-13,0.24,,,0.24,0.0,2026-04-08T04:23:13.790041+00:00
243896,AFROMEDIA,2025-01-14,0.24,,,0.24,0.0,2026-04-08T04:23:16.129929+00:00
244014,AFROMEDIA,2025-01-15,0.24,,,0.24,0.0,2026-04-08T04:23:18.535433+00:00
244132,AFROMEDIA,2025-01-16,0.24,,,0.24,0.0,2026-04-08T04:23:20.834867+00:00
244250,AFROMEDIA,2025-01-17,0.24,,,0.24,0.0,2026-04-08T04:23:23.141674+00:00
244368,AFROMEDIA,2025-01-20,0.24,,,0.24,0.0,2026-04-08T04:23:27.482452+00:00
244486,AFROMEDIA,2025-01-21,0.24,,,0.24,0.0,2026-04-08T04:23:29.752731+00:00
244604,AFROMEDIA,2025-01-22,0.24,,,0.24,0.0,2026-04-08T04:23:32.235559+00:00
244722,AFROMEDIA,2025-01-23,0.24,,,0.24,0.0,2026-04-08T04:23:34.519549+00:00
244840,AFROMEDIA,2025-01-24,0.24,,,0.24,0.0,2026-04-08T04:23:37.097992+00:00
244958,AFROMEDIA,2025-01-27,0.24,,,0.24,0.0,2026-04-08T04:23:41.817807+00:00
245076,AFROMEDIA,2025-01-28,0.24,,,0.24,0.0,2026-04-08T04:23:44.43679+00:00
245194,AFROMEDIA,2025-01-30,0.24,,,0.24,0.0,2026-04-08T04:23:47.90788+00:00
245312,AFROMEDIA,2025-01-31,0.24,,,0.24,0.0,2026-04-08T04:23:50.425841+00:00
245430,AFROMEDIA,2025-02-03,0.24,,,0.24,0.0,2026-04-08T04:23:55.090801+00:00
245548,AFROMEDIA,2025-02-04,0.24,,,0.24,0.0,2026-04-08T04:23:57.584141+00:00
245666,AFROMEDIA,2025-02-05,0.24,,,0.24,0.0,2026-04-08T04:24:00.484627+00:00
245784,AFROMEDIA,2025-02-06,0.24,,,0.24,0.0,2026-04-08T04:24:04.153698+00:00
245902,AFROMEDIA,2025-02-07,0.24,,,0.24,0.0,2026-04-08T04:24:07.822728+00:00
246020,AFROMEDIA,2025-02-10,0.24,,,0.24,0.0,2026-04-08T04:24:13.163899+00:00
246138,AFROMEDIA,2025-02-11,0.24,,,0.24,0.0,2026-04-08T04:24:15.629092+00:00
246256,AFROMEDIA,2025-02-12,0.24,,,0.24,0.0,2026-04-08T04:24:18.226035+00:00
246374,AFROMEDIA,2025-02-13,0.24,,,0.24,0.0,2026-04-08T04:24:20.725749+00:00
246492,AFROMEDIA,2025-02-14,0.24,,,0.24,0.0,2026-04-08T04:24:23.300806+00:00
246610,AFROMEDIA,2025-02-17,0.24,,,0.24,0.0,2026-04-08T04:24:27.726986+00:00
246728,AFROMEDIA,2025-02-18,0.24,,,0.24,0.0,2026-04-08T04:24:30.295737+00:00
246846,AFROMEDIA,2025-02-19,0.24,,,0.24,0.0,2026-04-08T04:24:32.765887+00:00
246964,AFROMEDIA,2025-02-20,0.24,,,0.24,0.0,2026-04-08T04:24:35.351909+00:00
247082,AFROMEDIA,2025-02-21,0.24,,,0.24,0.0,2026-04-08T04:24:37.680479+00:00
247200,AFROMEDIA,2025-02-25,0.24,,,0.24,0.0,2026-04-08T04:24:43.419296+00:00
247318,AFROMEDIA,2025-02-26,0.24,,,0.24,0.0,2026-04-08T04:24:45.860894+00:00
247436,AFROMEDIA,2025-02-27,0.24,,,0.24,0.0,2026-04-08T04:24:48.27846+00:00
247554,AFROMEDIA,2025-02-28,0.24,,,0.24,0.0,2026-04-08T04:24:50.63724+00:00
247672,AFROMEDIA,2025-03-03,0.24,,,0.24,0.0,2026-04-08T04:24:55.222854+00:00
247790,AFROMEDIA,2025-03-04,0.24,,,0.24,0.0,2026-04-08T04:24:57.762887+00:00
247909,AFROMEDIA,2025-03-05,0.24,,,0.24,0.0,2026-04-08T04:25:00.108696+00:00
248028,AFROMEDIA,2025-03-06,0.24,,,0.24,0.0,2026-04-08T04:25:02.52336+00:00
248147,AFROMEDIA,2025-03-07,0.24,,,0.24,0.0,2026-04-08T04:25:04.19753+00:00
248266,AFROMEDIA,2025-03-10,0.24,,,0.24,0.0,2026-04-08T04:25:07.959889+00:00
248385,AFROMEDIA,2025-03-11,0.24,,,0.24,0.0,2026-04-08T04:25:10.446731+00:00
248504,AFROMEDIA,2025-03-12,0.24,,,0.24,0.0,2026-04-08T04:25:12.888859+00:00
248623,AFROMEDIA,2025-03-13,0.24,,,0.24,0.0,2026-04-08T04:25:15.353849+00:00
248742,AFROMEDIA,2025-03-14,0.24,,,0.24,0.0,2026-04-08T04:25:17.75152+00:00
248861,AFROMEDIA,2025-03-17,0.24,,,0.24,0.0,2026-04-08T04:25:23.327657+00:00
248980,AFROMEDIA,2025-03-18,0.24,,,0.24,0.0,2026-04-08T04:25:25.763099+00:00
249099,AFROMEDIA,2025-03-19,0.24,,,0.24,0.0,2026-04-08T04:25:28.144043+00:00
249218,AFROMEDIA,2025-03-20,0.24,,,0.24,0.0,2026-04-08T04:25:31.01834+00:00
249337,AFROMEDIA,2025-03-21,0.24,,,0.24,0.0,2026-04-08T04:25:33.389958+00:00
249456,AFROMEDIA,2025-03-24,0.24,,,0.24,0.0,2026-04-08T04:25:38.388993+00:00
249575,AFROMEDIA,2025-03-25,0.24,,,0.24,0.0,2026-04-08T04:25:40.7685+00:00
249694,AFROMEDIA,2025-03-26,0.24,,,0.24,0.0,2026-04-08T04:25:43.344812+00:00
249813,AFROMEDIA,2025-03-27,0.24,,,0.24,0.0,2026-04-08T04:25:45.817232+00:00
249932,AFROMEDIA,2025-03-28,0.24,,,0.24,0.0,2026-04-08T04:25:48.177352+00:00
250051,AFROMEDIA,2025-04-02,0.24,,,0.24,0.0,2026-04-08T04:25:54.663823+00:00
250170,AFROMEDIA,2025-04-03,0.24,,,0.24,0.0,2026-04-08T04:25:57.014747+00:00
250289,AFROMEDIA,2025-04-04,0.24,,,0.24,0.0,2026-04-08T04:25:59.489503+00:00
250408,AFROMEDIA,2025-04-07,0.24,,,0.24,0.0,2026-04-08T04:26:04.211964+00:00
250527,AFROMEDIA,2025-04-08,0.24,,,0.24,0.0,2026-04-08T04:26:06.766331+00:00
250646,AFROMEDIA,2025-04-10,0.24,,,0.24,0.0,2026-04-08T04:26:10.263658+00:00
250765,AFROMEDIA,2025-04-11,0.24,,,0.24,0.0,2026-04-08T04:26:12.610372+00:00
250884,AFROMEDIA,2025-04-14,0.24,,,0.24,0.0,2026-04-08T04:26:17.137975+00:00
251003,AFROMEDIA,2025-04-15,0.24,,,0.24,0.0,2026-04-08T04:26:19.634971+00:00
251122,AFROMEDIA,2025-04-16,0.24,,,0.24,0.0,2026-04-08T04:26:22.321337+00:00
251241,AFROMEDIA,2025-04-17,0.24,,,0.24,0.0,2026-04-08T04:26:24.819431+00:00
251360,AFROMEDIA,2025-04-22,0.24,,,0.24,0.0,2026-04-08T04:26:31.401152+00:00
251479,AFROMEDIA,2025-04-23,0.24,,,0.24,0.0,2026-04-08T04:26:33.741411+00:00
251599,AFROMEDIA,2025-04-24,0.24,,,0.24,0.0,2026-04-08T04:26:36.383131+00:00
251719,AFROMEDIA,2025-04-25,0.24,,,0.24,0.0,2026-04-08T04:26:38.677219+00:00
251839,AFROMEDIA,2025-04-28,0.24,,,0.24,0.0,2026-04-08T04:26:43.113614+00:00
251959,AFROMEDIA,2025-04-29,0.24,,,0.24,0.0,2026-04-08T04:26:45.609073+00:00
252079,AFROMEDIA,2025-04-30,0.24,,,0.24,0.0,2026-04-08T04:26:48.242472+00:00
252199,AFROMEDIA,2025-05-02,0.24,,,0.24,0.0,2026-04-08T04:26:51.690529+00:00
252319,AFROMEDIA,2025-05-05,0.24,,,0.24,0.0,2026-04-08T04:26:56.275381+00:00
252439,AFROMEDIA,2025-05-06,0.24,,,0.24,0.0,2026-04-08T04:26:58.7221+00:00
252559,AFROMEDIA,2025-05-07,0.24,,,0.24,0.0,2026-04-08T04:27:01.170235+00:00
252679,AFROMEDIA,2025-05-08,0.24,,,0.24,0.0,2026-04-08T04:27:03.468055+00:00
252799,AFROMEDIA,2025-05-09,0.24,,,0.24,0.0,2026-04-08T04:27:05.963213+00:00
252919,AFROMEDIA,2025-05-12,0.24,,,0.24,0.0,2026-04-08T04:27:10.449459+00:00
253039,AFROMEDIA,2025-05-14,0.24,,,0.24,0.0,2026-04-08T04:27:13.89162+00:00
253159,AFROMEDIA,2025-05-15,0.24,,,0.24,0.0,2026-04-08T04:27:16.307455+00:00
253279,AFROMEDIA,2025-05-16,0.24,,,0.24,0.0,2026-04-08T04:27:18.639316+00:00
253399,AFROMEDIA,2025-05-19,0.24,,,0.24,0.0,2026-04-08T04:27:23.06518+00:00
253519,AFROMEDIA,2025-05-20,0.24,,,0.24,0.0,2026-04-08T04:27:25.663956+00:00
253639,AFROMEDIA,2025-05-21,0.24,,,0.24,0.0,2026-04-08T04:27:28.280255+00:00
253759,AFROMEDIA,2025-05-22,0.24,,,0.24,0.0,2026-04-08T04:27:30.733393+00:00
253879,AFROMEDIA,2025-05-23,0.24,,,0.24,0.0,2026-04-08T04:27:33.142895+00:00
253999,AFROMEDIA,2025-05-26,0.24,,,0.24,0.0,2026-04-08T04:27:37.938794+00:00
254119,AFROMEDIA,2025-05-27,0.24,,,0.24,0.0,2026-04-08T04:27:40.395447+00:00
254239,AFROMEDIA,2025-05-28,0.24,,,0.24,0.0,2026-04-08T04:27:42.906627+00:00
254359,AFROMEDIA,2025-05-29,0.24,,,0.24,0.0,2026-04-08T04:27:45.903166+00:00
254479,AFROMEDIA,2025-05-30,0.24,,,0.24,0.0,2026-04-08T04:27:48.4452+00:00
254599,AFROMEDIA,2025-06-02,0.24,,,0.24,0.0,2026-04-08T04:27:53.01382+00:00
254719,AFROMEDIA,2025-06-03,0.24,,,0.24,0.0,2026-04-08T04:27:55.368454+00:00
254839,AFROMEDIA,2025-06-04,0.24,,,0.24,0.0,2026-04-08T04:27:57.94541+00:00
254959,AFROMEDIA,2025-06-05,0.24,,,0.24,0.0,2026-04-08T04:28:00.320696+00:00
255079,AFROMEDIA,2025-06-10,0.24,,,0.24,0.0,2026-04-08T04:28:07.114795+00:00
255199,AFROMEDIA,2025-06-11,0.24,,,0.24,0.0,2026-04-08T04:28:09.38594+00:00
255319,AFROMEDIA,2025-06-17,0.24,,,0.24,0.0,2026-04-08T04:28:17.228975+00:00
255439,AFROMEDIA,2025-06-18,0.24,,,0.24,0.0,2026-04-08T04:28:19.70912+00:00
255559,AFROMEDIA,2025-06-19,0.24,,,0.24,0.0,2026-04-08T04:28:22.276816+00:00
255679,AFROMEDIA,2025-06-20,0.24,,,0.24,0.0,2026-04-08T04:28:24.65394+00:00
255799,AFROMEDIA,2025-06-23,0.24,,,0.24,0.0,2026-04-08T04:28:29.225711+00:00
255919,AFROMEDIA,2025-06-24,0.24,,,0.24,0.0,2026-04-08T04:28:31.569579+00:00
256039,AFROMEDIA,2025-06-25,0.24,,,0.24,0.0,2026-04-08T04:28:33.910697+00:00
256159,AFROMEDIA,2025-06-26,0.24,,,0.24,0.0,2026-04-08T04:28:36.389223+00:00
256279,AFROMEDIA,2025-06-27,0.24,,,0.24,0.0,2026-04-08T04:28:38.797599+00:00
256399,AFROMEDIA,2025-07-01,0.24,,,0.24,0.0,2026-04-08T04:28:44.517216+00:00
256519,AFROMEDIA,2025-07-02,0.24,,,0.24,0.0,2026-04-08T04:28:47.139962+00:00
256639,AFROMEDIA,2025-07-03,0.24,,,0.24,0.0,2026-04-08T04:28:49.506141+00:00
256759,AFROMEDIA,2025-07-04,0.24,,,0.24,0.0,2026-04-08T04:28:51.76506+00:00
256879,AFROMEDIA,2025-07-07,0.24,,,0.24,0.0,2026-04-08T04:28:56.230166+00:00
256999,AFROMEDIA,2025-07-08,0.24,,,0.24,0.0,2026-04-08T04:28:58.705995+00:00
257119,AFROMEDIA,2025-07-09,0.24,,,0.24,0.0,2026-04-08T04:29:01.058721+00:00
257239,AFROMEDIA,2025-07-10,0.24,,,0.24,0.0,2026-04-08T04:29:03.550316+00:00
257359,AFROMEDIA,2025-07-11,0.24,,,0.24,0.0,2026-04-08T04:29:06.089999+00:00
257479,AFROMEDIA,2025-07-14,0.24,,,0.24,0.0,2026-04-08T04:29:10.69196+00:00
257599,AFROMEDIA,2025-07-16,0.24,,,0.24,0.0,2026-04-08T04:29:14.112969+00:00
257719,AFROMEDIA,2025-07-17,0.24,,,0.24,0.0,2026-04-08T04:29:16.489777+00:00
257839,AFROMEDIA,2025-07-18,0.24,,,0.24,0.0,2026-04-08T04:29:18.854517+00:00
257959,AFROMEDIA,2025-07-21,0.24,,,0.24,0.0,2026-04-08T04:29:23.300994+00:00
258079,AFROMEDIA,2025-07-22,0.24,,,0.24,0.0,2026-04-08T04:29:25.922592+00:00
258199,AFROMEDIA,2025-07-23,0.24,,,0.24,0.0,2026-04-08T04:29:29.05968+00:00
258319,AFROMEDIA,2025-07-24,0.24,,,0.24,0.0,2026-04-08T04:29:31.486978+00:00
258439,AFROMEDIA,2025-07-25,0.24,,,0.24,0.0,2026-04-08T04:29:33.980938+00:00
258558,AFROMEDIA,2025-07-28,0.24,,,0.24,0.0,2026-04-08T04:29:38.78621+00:00
258677,AFROMEDIA,2025-07-29,0.24,,,0.24,0.0,2026-04-08T04:29:41.392621+00:00
258796,AFROMEDIA,2025-07-30,0.24,,,0.24,0.0,2026-04-08T04:29:43.881641+00:00
258915,AFROMEDIA,2025-07-31,0.24,,,0.24,0.0,2026-04-08T04:29:46.315218+00:00
259034,AFROMEDIA,2025-08-01,0.24,,,0.24,0.0,2026-04-08T04:29:48.711654+00:00
259152,AFROMEDIA,2025-08-04,0.24,,,0.24,0.0,2026-04-08T04:29:53.303607+00:00
259271,AFROMEDIA,2025-08-05,0.24,,,0.24,0.0,2026-04-08T04:29:55.780422+00:00
259390,AFROMEDIA,2025-08-06,0.24,,,0.24,0.0,2026-04-08T04:29:58.241852+00:00
259509,AFROMEDIA,2025-08-07,0.24,,,0.24,0.0,2026-04-08T04:30:00.56444+00:00
259628,AFROMEDIA,2025-08-08,0.24,,,0.24,0.0,2026-04-08T04:30:02.234883+00:00
259747,AFROMEDIA,2025-08-11,0.24,,,0.24,0.0,2026-04-08T04:30:07.037349+00:00
259866,AFROMEDIA,2025-08-12,0.24,,,0.24,0.0,2026-04-08T04:30:09.28323+00:00
259985,AFROMEDIA,2025-08-13,0.24,,,0.24,0.0,2026-04-08T04:30:11.815521+00:00
260104,AFROMEDIA,2025-08-14,0.24,,,0.24,0.0,2026-04-08T04:30:14.350221+00:00
260223,AFROMEDIA,2025-08-15,0.24,,,0.24,0.0,2026-04-08T04:30:16.786076+00:00
260342,AFROMEDIA,2025-08-18,0.24,,,0.24,0.0,2026-04-08T04:30:21.560319+00:00
260461,AFROMEDIA,2025-08-19,0.24,,,0.24,0.0,2026-04-08T04:30:23.869462+00:00
260580,AFROMEDIA,2025-08-20,0.24,,,0.24,0.0,2026-04-08T04:30:26.318672+00:00
260699,AFROMEDIA,2025-08-21,0.24,,,0.24,0.0,2026-04-08T04:30:28.670378+00:00
260818,AFROMEDIA,2025-08-22,0.24,,,0.24,0.0,2026-04-08T04:30:30.96965+00:00
260937,AFROMEDIA,2025-08-25,0.24,,,0.24,0.0,2026-04-08T04:30:35.521871+00:00
261056,AFROMEDIA,2025-08-26,0.24,,,0.24,0.0,2026-04-08T04:30:37.91594+00:00
261175,AFROMEDIA,2025-08-27,0.24,,,0.24,0.0,2026-04-08T04:30:40.231113+00:00
261294,AFROMEDIA,2025-08-28,0.24,,,0.24,0.0,2026-04-08T04:30:42.59826+00:00
261413,AFROMEDIA,2025-08-29,0.24,,,0.24,0.0,2026-04-08T04:30:45.09102+00:00
261532,AFROMEDIA,2025-09-01,0.24,,,0.24,0.0,2026-04-08T04:30:49.608802+00:00
261651,AFROMEDIA,2025-09-02,0.24,,,0.24,0.0,2026-04-08T04:30:52.312491+00:00
261770,AFROMEDIA,2025-09-03,0.24,,,0.24,0.0,2026-04-08T04:30:55.837007+00:00
261889,AFROMEDIA,2025-09-04,0.24,,,0.24,0.0,2026-04-08T04:30:58.198935+00:00
262008,AFROMEDIA,2025-09-08,0.24,,,0.24,0.0,2026-04-08T04:31:03.728068+00:00
262127,AFROMEDIA,2025-09-09,0.24,,,0.24,0.0,2026-04-08T04:31:06.294869+00:00
262246,AFROMEDIA,2025-09-10,0.24,,,0.24,0.0,2026-04-08T04:31:08.610575+00:00
262365,AFROMEDIA,2025-09-11,0.24,,,0.24,0.0,2026-04-08T04:31:10.974873+00:00
262484,AFROMEDIA,2025-09-12,0.24,,,0.24,0.0,2026-04-08T04:31:13.547359+00:00
262603,AFROMEDIA,2025-09-15,0.24,,,0.24,0.0,2026-04-08T04:31:18.268622+00:00
262722,AFROMEDIA,2025-09-16,0.24,,,0.24,0.0,2026-04-08T04:31:20.741189+00:00
262841,AFROMEDIA,2025-09-17,0.24,,,0.24,0.0,2026-04-08T04:31:23.24235+00:00
262960,AFROMEDIA,2025-09-18,0.24,,,0.24,0.0,2026-04-08T04:31:25.598019+00:00
263079,AFROMEDIA,2025-09-19,0.24,,,0.24,0.0,2026-04-08T04:31:28.111008+00:00
263198,AFROMEDIA,2025-09-22,0.24,,,0.24,0.0,2026-04-08T04:31:32.624882+00:00
263317,AFROMEDIA,2025-09-23,0.24,,,0.24,0.0,2026-04-08T04:31:35.170326+00:00
263436,AFROMEDIA,2025-09-24,0.24,,,0.24,0.0,2026-04-08T04:31:37.673105+00:00
263555,AFROMEDIA,2025-09-25,0.24,,,0.24,0.0,2026-04-08T04:31:40.100841+00:00
263674,AFROMEDIA,2025-09-26,0.24,,,0.24,0.0,2026-04-08T04:31:42.548783+00:00
263793,AFROMEDIA,2025-09-29,0.24,,,0.24,0.0,2026-04-08T04:31:47.029675+00:00
263912,AFROMEDIA,2025-09-30,0.24,,,0.24,0.0,2026-04-08T04:31:49.320364+00:00
264031,AFROMEDIA,2025-10-02,0.24,,,0.24,0.0,2026-04-08T04:31:52.706523+00:00
264150,AFROMEDIA,2025-10-03,0.24,,,0.24,0.0,2026-04-08T04:31:55.311341+00:00
264269,AFROMEDIA,2025-10-06,0.24,,,0.24,0.0,2026-04-08T04:31:59.803196+00:00
264388,AFROMEDIA,2025-10-07,0.24,,,0.24,0.0,2026-04-08T04:32:02.285104+00:00
264507,AFROMEDIA,2025-10-08,0.24,,,0.24,0.0,2026-04-08T04:32:04.646463+00:00
264626,AFROMEDIA,2025-10-09,0.24,,,0.24,0.0,2026-04-08T04:32:07.004133+00:00
264745,AFROMEDIA,2025-10-10,0.24,,,0.24,0.0,2026-04-08T04:32:10.69692+00:00
264864,AFROMEDIA,2025-10-13,0.24,,,0.24,0.0,2026-04-08T04:32:15.267586+00:00
264983,AFROMEDIA,2025-10-14,0.24,,,0.24,0.0,2026-04-08T04:32:17.792097+00:00
265102,AFROMEDIA,2025-10-15,0.24,,,0.24,0.0,2026-04-08T04:32:20.093513+00:00
265221,AFROMEDIA,2025-10-16,0.24,,,0.24,0.0,2026-04-08T04:32:22.728593+00:00
265340,AFROMEDIA,2025-10-17,0.24,,,0.24,0.0,2026-04-08T04:32:25.167177+00:00
265459,AFROMEDIA,2025-10-20,0.24,,,0.24,0.0,2026-04-08T04:32:29.532096+00:00
265578,AFROMEDIA,2025-10-21,0.24,,,0.24,0.0,2026-04-08T04:32:31.920152+00:00
265697,AFROMEDIA,2025-10-22,0.24,,,0.24,0.0,2026-04-08T04:32:34.332447+00:00
265816,AFROMEDIA,2025-10-23,0.24,,,0.24,0.0,2026-04-08T04:32:36.79914+00:00
265935,AFROMEDIA,2025-10-24,0.24,,,0.24,0.0,2026-04-08T04:32:39.249323+00:00
266054,AFROMEDIA,2025-10-28,0.24,,,0.24,0.0,2026-04-08T04:32:44.921336+00:00
266173,AFROMEDIA,2025-10-29,0.24,,,0.24,0.0,2026-04-08T04:32:47.450266+00:00
266292,AFROMEDIA,2025-10-30,0.24,,,0.24,0.0,2026-04-08T04:32:49.91761+00:00
266411,AFROMEDIA,2025-10-31,0.24,,,0.24,0.0,2026-04-08T04:32:52.375955+00:00
266530,AFROMEDIA,2025-11-03,0.24,,,0.24,0.0,2026-04-08T04:32:57.290654+00:00
266649,AFROMEDIA,2025-11-04,0.24,,,0.24,0.0,2026-04-08T04:32:59.739678+00:00
266768,AFROMEDIA,2025-11-05,0.24,,,0.24,0.0,2026-04-08T04:33:02.152799+00:00
266887,AFROMEDIA,2025-11-06,0.24,,,0.24,0.0,2026-04-08T04:33:04.646202+00:00
267006,AFROMEDIA,2025-11-07,0.24,,,0.24,0.0,2026-04-08T04:33:07.145499+00:00
267125,AFROMEDIA,2025-11-10,0.24,,,0.24,0.0,2026-04-08T04:33:11.744122+00:00
267244,AFROMEDIA,2025-11-11,0.24,,,0.24,0.0,2026-04-08T04:33:14.17228+00:00
267363,AFROMEDIA,2025-11-12,0.24,,,0.24,0.0,2026-04-08T04:33:16.719178+00:00
267482,AFROMEDIA,2025-11-13,0.24,,,0.24,0.0,2026-04-08T04:33:19.052814+00:00
267601,AFROMEDIA,2025-11-14,0.24,,,0.24,0.0,2026-04-08T04:33:21.762061+00:00
267720,AFROMEDIA,2025-11-17,0.24,,,0.24,0.0,2026-04-08T04:33:26.271116+00:00
267839,AFROMEDIA,2025-11-18,0.24,,,0.24,0.0,2026-04-08T04:33:29.067053+00:00
267958,AFROMEDIA,2025-11-19,0.24,,,0.24,0.0,2026-04-08T04:33:31.487527+00:00
268077,AFROMEDIA,2025-11-20,0.24,,,0.24,0.0,2026-04-08T04:33:33.887172+00:00
268196,AFROMEDIA,2025-11-21,0.24,,,0.24,0.0,2026-04-08T04:33:36.654129+00:00
268315,AFROMEDIA,2025-11-24,0.24,,,0.24,0.0,2026-04-08T04:33:41.368891+00:00
268434,AFROMEDIA,2025-11-25,0.24,,,0.24,0.0,2026-04-08T04:33:44.004166+00:00
268553,AFROMEDIA,2025-11-26,0.24,,,0.24,0.0,2026-04-08T04:33:46.260048+00:00
268672,AFROMEDIA,2025-11-27,0.24,,,0.24,0.0,2026-04-08T04:33:48.488035+00:00
268791,AFROMEDIA,2025-11-28,0.24,,,0.24,0.0,2026-04-08T04:33:50.826192+00:00
268910,AFROMEDIA,2025-12-01,0.24,,,0.24,0.0,2026-04-08T04:33:55.236541+00:00
269029,AFROMEDIA,2025-12-02,0.24,,,0.24,0.0,2026-04-08T04:33:57.748335+00:00
269148,AFROMEDIA,2025-12-03,0.24,,,0.24,0.0,2026-04-08T04:34:00.349419+00:00
269267,AFROMEDIA,2025-12-04,0.24,,,0.24,0.0,2026-04-08T04:34:03.142475+00:00
269386,AFROMEDIA,2025-12-05,0.24,,,0.24,0.0,2026-04-08T04:34:05.808951+00:00
269505,AFROMEDIA,2025-12-08,0.24,,,0.24,0.0,2026-04-08T04:34:10.334331+00:00
269624,AFROMEDIA,2025-12-09,0.24,,,0.24,0.0,2026-04-08T04:34:12.926221+00:00
269743,AFROMEDIA,2025-12-10,0.24,,,0.24,0.0,2026-04-08T04:34:15.295879+00:00
269862,AFROMEDIA,2025-12-11,0.24,,,0.24,0.0,2026-04-08T04:34:17.804745+00:00
269981,AFROMEDIA,2025-12-12,0.24,,,0.24,0.0,2026-04-08T04:34:20.615101+00:00
270100,AFROMEDIA,2025-12-15,0.24,,,0.24,0.0,2026-04-08T04:34:25.240467+00:00
270219,AFROMEDIA,2025-12-16,0.24,,,0.24,0.0,2026-04-08T04:34:27.867795+00:00
270338,AFROMEDIA,2025-12-18,0.24,,,0.24,0.0,2026-04-08T04:34:31.321522+00:00
270457,AFROMEDIA,2025-12-19,0.24,,,0.24,0.0,2026-04-08T04:34:33.771022+00:00
270576,AFROMEDIA,2025-12-22,0.24,,,0.24,0.0,2026-04-08T04:34:38.115277+00:00
270695,AFROMEDIA,2025-12-23,0.24,,,0.24,0.0,2026-04-08T04:34:40.661369+00:00
270814,AFROMEDIA,2025-12-24,0.24,,,0.24,0.0,2026-04-08T04:34:43.221402+00:00
270933,AFROMEDIA,2025-12-29,0.24,,,0.24,0.0,2026-04-08T04:34:48.902152+00:00
271052,AFROMEDIA,2025-12-30,0.24,,,0.24,0.0,2026-04-08T04:34:51.359097+00:00
271171,AFROMEDIA,2025-12-31,0.24,,,0.24,0.0,2026-04-08T04:34:53.061316+00:00
271290,AFROMEDIA,2026-01-02,0.24,,,0.24,0.0,2026-04-08T04:34:56.467348+00:00
271409,AFROMEDIA,2026-01-05,0.24,,,0.24,0.0,2026-04-08T04:35:01.008466+00:00
271528,AFROMEDIA,2026-01-06,0.24,,,0.24,0.0,2026-04-08T04:35:03.366972+00:00
271647,AFROMEDIA,2026-01-07,0.24,,,0.24,0.0,2026-04-08T04:35:05.819661+00:00
271766,AFROMEDIA,2026-01-08,0.24,,,0.24,0.0,2026-04-08T04:35:08.163488+00:00
271885,AFROMEDIA,2026-01-09,0.24,,,0.24,0.0,2026-04-08T04:35:10.591402+00:00
272004,AFROMEDIA,2026-01-12,0.24,,,0.24,0.0,2026-04-08T04:35:15.220756+00:00
272123,AFROMEDIA,2026-01-13,0.24,,,0.24,0.0,2026-04-08T04:35:17.864544+00:00
272242,AFROMEDIA,2026-01-14,0.24,,,0.24,0.0,2026-04-08T04:35:20.278959+00:00
272361,AFROMEDIA,2026-01-15,0.24,,,0.24,0.0,2026-04-08T04:35:23.159853+00:00
272480,AFROMEDIA,2026-01-16,0.24,,,0.24,0.0,2026-04-08T04:35:25.571119+00:00
272599,AFROMEDIA,2026-01-19,0.24,,,0.24,0.0,2026-04-08T04:35:30.272746+00:00
272718,AFROMEDIA,2026-01-20,0.24,,,0.24,0.0,2026-04-08T04:35:32.536083+00:00
272838,AFROMEDIA,2026-01-21,0.24,,,0.24,0.0,2026-04-08T04:35:34.90344+00:00
272958,AFROMEDIA,2026-01-22,0.24,,,0.24,0.0,2026-04-08T04:35:36.566163+00:00
273078,AFROMEDIA,2026-01-23,0.24,,,0.24,0.0,2026-04-08T04:35:38.92405+00:00
273198,AFROMEDIA,2026-01-26,0.24,,,0.24,0.0,2026-04-08T04:35:43.383975+00:00
273318,AFROMEDIA,2026-01-27,0.24,,,0.24,0.0,2026-04-08T04:35:45.70946+00:00
273438,AFROMEDIA,2026-01-28,0.24,,,0.24,0.0,2026-04-08T04:35:48.193808+00:00
273558,AFROMEDIA,2026-01-29,0.24,,,0.24,0.0,2026-04-08T04:35:50.479528+00:00
273678,AFROMEDIA,2026-01-30,0.24,,,0.24,0.0,2026-04-08T04:35:52.855058+00:00
273798,AFROMEDIA,2026-02-02,0.24,,,0.24,0.0,2026-04-08T04:35:57.524813+00:00
273918,AFROMEDIA,2026-02-03,0.24,,,0.24,0.0,2026-04-08T04:36:00.137559+00:00
274038,AFROMEDIA,2026-02-04,0.24,,,0.24,0.0,2026-04-08T04:36:02.592569+00:00
274158,AFROMEDIA,2026-02-05,0.24,,,0.24,0.0,2026-04-08T04:36:04.997535+00:00
274278,AFROMEDIA,2026-02-06,0.24,,,0.24,0.0,2026-04-08T04:36:07.533957+00:00
8,AFROMEDIA,2026-02-08,,,,0.24,,2026-02-08T00:18:13.945+00:00
274398,AFROMEDIA,2026-02-09,0.24,,,0.24,0.0,2026-04-08T04:36:12.456447+00:00
274518,AFROMEDIA,2026-02-10,0.24,,,0.24,0.0,2026-04-08T04:36:14.818506+00:00
274638,AFROMEDIA,2026-02-11,0.24,,,0.24,0.0,2026-04-08T04:36:17.460702+00:00
293,AFROMEDIA,2026-02-12,0.24,,,0.24,0.0,2026-02-12T09:24:06.670426+00:00
274878,AFROMEDIA,2026-02-13,0.24,,,0.24,0.0,2026-04-08T04:36:22.38356+00:00
274998,AFROMEDIA,2026-02-16,0.24,,,0.24,0.0,2026-04-08T04:36:26.879081+00:00
275118,AFROMEDIA,2026-02-17,0.24,,,0.24,0.0,2026-04-08T04:36:29.440312+00:00
275238,AFROMEDIA,2026-02-18,0.24,,,0.24,0.0,2026-04-08T04:36:31.166521+00:00
275358,AFROMEDIA,2026-02-19,0.24,,,0.24,0.0,2026-04-08T04:36:33.575564+00:00
501,AFROMEDIA,2026-02-20,0.24,,,0.24,0.0,2026-02-20T23:15:44.934622+00:00
649,AFROMEDIA,2026-02-23,0.24,,,0.24,0.0,2026-02-23T07:00:01.990412+00:00
797,AFROMEDIA,2026-02-24,0.24,,,0.24,0.0,2026-02-24T07:00:01.929914+00:00
945,AFROMEDIA,2026-02-25,0.24,,,0.24,0.0,2026-02-25T07:00:01.953057+00:00
1093,AFROMEDIA,2026-02-26,0.24,,,0.24,0.0,2026-02-26T07:00:01.915173+00:00
1781,AFROMEDIA,2026-02-27,0.24,,,0.24,0.0,2026-02-27T07:00:02.056517+00:00
2662,AFROMEDIA,2026-02-28,0.24,,,0.24,,2026-02-28T18:00:03.453641+00:00
2810,AFROMEDIA,2026-03-01,0.24,,,0.24,,2026-03-01T18:00:03.821122+00:00
2958,AFROMEDIA,2026-03-02,0.24,,,0.24,0.0,2026-03-02T07:00:01.981706+00:00
3922,AFROMEDIA,2026-03-03,0.24,,,0.24,0.0,2026-03-03T07:00:01.858909+00:00
5359,AFROMEDIA,2026-03-04,0.24,,,0.24,0.0,2026-03-04T07:00:02.010027+00:00
7077,AFROMEDIA,2026-03-05,0.24,,,0.24,0.0,2026-03-05T07:00:02.0033+00:00
9593,AFROMEDIA,2026-03-06,0.24,,,0.24,0.0,2026-03-06T07:00:02.033178+00:00
11251,AFROMEDIA,2026-03-07,0.24,,,0.24,,2026-03-07T18:00:06.285951+00:00
11399,AFROMEDIA,2026-03-08,0.24,,,0.24,,2026-03-08T18:00:03.574352+00:00
11547,AFROMEDIA,2026-03-09,0.24,,,0.24,0.0,2026-03-09T07:00:02.016534+00:00
14063,AFROMEDIA,2026-03-10,0.24,,,0.24,0.0,2026-03-10T07:00:03.966079+00:00
15903,AFROMEDIA,2026-03-11,0.24,,,0.24,0.0,2026-03-11T07:00:02.147117+00:00
17619,AFROMEDIA,2026-03-12,0.24,,,0.24,0.0,2026-03-12T07:00:02.06753+00:00
20135,AFROMEDIA,2026-03-13,0.24,,,0.24,,2026-03-13T07:00:01.993197+00:00
23581,AFROMEDIA,2026-03-16,0.24,,,0.24,0.0,2026-03-16T08:30:01.80086+00:00
25412,AFROMEDIA,2026-03-17,0.24,,,0.24,0.0,2026-03-17T08:30:01.70448+00:00
27275,AFROMEDIA,2026-03-18,0.24,,,0.24,0.0,2026-03-18T08:30:01.732403+00:00
33089,AFROMEDIA,2026-03-23,0.24,,,0.24,0.0,2026-03-23T08:30:01.705825+00:00
34667,AFROMEDIA,2026-03-24,0.24,,,0.24,0.0,2026-03-24T15:00:01.978259+00:00
34815,AFROMEDIA,2026-03-25,0.24,,,0.24,0.0,2026-03-25T15:00:01.528164+00:00
34963,AFROMEDIA,2026-03-26,0.24,,,0.24,0.0,2026-03-26T15:00:01.955832+00:00
35111,AFROMEDIA,2026-03-27,0.24,,,0.24,0.0,2026-03-27T15:00:02.114662+00:00
278238,AFROMEDIA,2026-03-30,0.24,,,0.24,0.0,2026-04-08T04:37:47.74327+00:00
35259,AFROMEDIA,2026-03-31,0.24,,,0.24,0.0,2026-03-31T15:00:02.085058+00:00
278478,AFROMEDIA,2026-04-01,0.24,,,0.24,0.0,2026-04-08T04:37:52.684906+00:00
35407,AFROMEDIA,2026-04-02,0.24,,,0.24,0.0,2026-04-02T15:00:01.864809+00:00
35851,AFROMEDIA,2026-04-07,0.24,,,0.24,0.0,2026-04-07T15:00:01.949344+00:00
278748,AFROMEDIA,2026-04-08,0.24,,,0.24,,2026-04-08T15:00:01.943007+00:00
278896,AFROMEDIA,2026-04-09,0.24,,,0.24,,2026-04-09T15:00:02.085141+00:00
279042,AFROMEDIA,2026-04-10,0.24,,,0.24,,2026-04-10T15:00:01.352272+00:00
279188,AFROMEDIA,2026-04-13,0.24,,,0.24,,2026-04-13T15:00:02.021173+00:00
279334,AFROMEDIA,2026-04-14,0.24,,,0.24,,2026-04-14T15:00:02.477878+00:00
279480,AFROMEDIA,2026-04-15,0.24,,,0.24,,2026-04-15T15:00:02.184222+00:00
279626,AFROMEDIA,2026-04-16,0.24,,,0.24,,2026-04-16T15:00:02.07143+00:00
279772,AFROMEDIA,2026-04-17,0.24,,,0.24,,2026-04-17T15:00:02.06245+00:00
279918,AFROMEDIA,2026-04-20,0.24,,,0.24,,2026-04-20T15:00:01.862344+00:00
280064,AFROMEDIA,2026-04-21,0.24,,,0.24,,2026-04-21T15:00:02.189846+00:00
280210,AFROMEDIA,2026-04-22,0.24,,,0.24,,2026-04-22T15:00:02.200159+00:00
280356,AFROMEDIA,2026-04-23,0.24,,,0.24,,2026-04-23T15:00:02.125151+00:00
280502,AFROMEDIA,2026-04-24,0.24,,,0.24,,2026-04-24T15:00:02.20649+00:00
280648,AFROMEDIA,2026-04-27,0.24,,,0.24,,2026-04-27T15:00:02.034997+00:00
280794,AFROMEDIA,2026-04-28,0.24,,,0.24,,2026-04-28T15:00:01.918241+00:00
280940,AFROMEDIA,2026-04-29,0.24,,,0.24,,2026-04-29T15:00:02.672724+00:00
281086,AFROMEDIA,2026-04-30,0.24,,,0.24,,2026-04-30T15:00:02.170664+00:00
281378,AFROMEDIA,2026-05-04,0.24,,,0.24,,2026-05-04T15:00:02.156928+00:00
281524,AFROMEDIA,2026-05-05,0.24,,,0.24,,2026-05-05T15:00:01.930748+00:00
281670,AFROMEDIA,2026-05-06,0.24,,,0.24,,2026-05-06T15:00:01.919787+00:00
281816,AFROMEDIA,2026-05-07,0.24,,,0.24,,2026-05-07T15:00:01.995523+00:00
281962,AFROMEDIA,2026-05-08,0.24,,,0.24,,2026-05-08T15:00:02.118161+00:00
282108,AFROMEDIA,2026-05-11,0.24,,,0.24,,2026-05-11T15:00:02.243132+00:00
282254,AFROMEDIA,2026-05-12,0.24,,,0.24,,2026-05-12T15:00:02.325735+00:00
282400,AFROMEDIA,2026-05-13,0.24,,,0.24,,2026-05-13T15:00:01.887561+00:00
282546,AFROMEDIA,2026-05-14,0.24,,,0.24,,2026-05-14T15:00:01.952989+00:00
282692,AFROMEDIA,2026-05-15,0.24,,,0.24,,2026-05-15T15:00:01.871578+00:00
282838,AFROMEDIA,2026-05-18,0.24,,,0.24,,2026-05-18T15:00:01.868607+00:00
282984,AFROMEDIA,2026-05-19,0.24,,,0.24,,2026-05-19T15:00:01.863653+00:00
283130,AFROMEDIA,2026-05-20,0.24,,,0.24,,2026-05-20T15:00:01.871845+00:00
283276,AFROMEDIA,2026-05-21,0.24,,,0.24,,2026-05-21T15:00:01.939198+00:00
283422,AFROMEDIA,2026-05-22,0.24,,,0.24,,2026-05-22T15:00:02.031345+00:00
283568,AFROMEDIA,2026-05-25,0.24,,,0.24,,2026-05-25T15:00:01.979384+00:00
283714,AFROMEDIA,2026-05-26,0.24,,,0.24,,2026-05-26T15:00:01.996051+00:00
284152,AFROMEDIA,2026-05-29,0.24,,,0.24,,2026-05-29T15:00:02.455558+00:00
284298,AFROMEDIA,2026-06-01,0.24,,,0.24,,2026-06-01T15:00:02.603507+00:00
284444,AFROMEDIA,2026-06-02,0.24,,,0.24,,2026-06-02T15:00:02.980523+00:00
284590,AFROMEDIA,2026-06-03,0.24,,,0.24,,2026-06-03T15:00:03.023028+00:00
284736,AFROMEDIA,2026-06-04,0.24,,,0.24,,2026-06-04T15:00:03.321931+00:00
284882,AFROMEDIA,2026-06-05,0.24,,,0.24,,2026-06-05T15:00:03.073061+00:00
285028,AFROMEDIA,2026-06-08,0.24,,,0.24,,2026-06-08T15:00:03.135386+00:00
285174,AFROMEDIA,2026-06-09,0.24,,,0.24,,2026-06-09T15:00:03.53749+00:00
285320,AFROMEDIA,2026-06-10,0.24,,,0.24,,2026-06-10T15:10:03.084397+00:00
285758,AFROMEDIA,2026-06-11,0.24,,,0.24,,2026-06-11T15:10:02.991492+00:00
287510,AFROMEDIA,2026-06-15,0.24,,,0.24,,2026-06-15T15:10:02.896252+00:00
288386,AFROMEDIA,2026-06-16,0.24,,,0.24,,2026-06-16T15:10:02.87997+00:00
289262,AFROMEDIA,2026-06-17,0.24,,,0.24,,2026-06-17T15:10:02.980097+00:00
289700,AFROMEDIA,2026-06-18,0.24,,,0.24,,2026-06-18T15:10:02.932064+00:00
290284,AFROMEDIA,2026-06-19,0.24,,,0.24,,2026-06-19T15:10:02.959085+00:00
291014,AFROMEDIA,2026-06-22,0.24,,,0.24,,2026-06-22T15:10:03.140564+00:00
291598,AFROMEDIA,2026-06-23,0.24,,,0.24,,2026-06-23T15:10:03.017319+00:00
292182,AFROMEDIA,2026-06-24,0.24,,,0.24,,2026-06-24T15:10:03.053149+00:00
292766,AFROMEDIA,2026-06-25,0.24,,,0.24,,2026-06-25T15:10:02.973562+00:00
293204,AFROMEDIA,2026-06-26,0.24,,,0.24,,2026-06-26T15:10:03.012808+00:00
293642,AFROMEDIA,2026-06-29,0.24,,,0.24,,2026-06-29T15:10:03.028054+00:00
294080,AFROMEDIA,2026-06-30,0.24,,,0.24,,2026-06-30T15:10:03.08168+00:00
294518,AFROMEDIA,2026-07-01,0.24,,,0.24,,2026-07-01T15:10:03.133226+00:00
294956,AFROMEDIA,2026-07-02,0.24,,,0.24,,2026-07-02T15:10:03.065554+00:00
295394,AFROMEDIA,2026-07-03,0.24,,,0.24,,2026-07-03T15:10:03.019266+00:00
295832,AFROMEDIA,2026-07-06,0.24,,,0.24,,2026-07-06T15:10:03.100823+00:00
296270,AFROMEDIA,2026-07-07,0.24,,,0.24,,2026-07-07T15:10:03.687653+00:00
296708,AFROMEDIA,2026-07-08,0.24,,,0.24,,2026-07-08T15:10:02.922872+00:00
297146,AFROMEDIA,2026-07-09,0.24,,,0.24,,2026-07-09T15:10:03.041812+00:00
297584,AFROMEDIA,2026-07-10,0.24,,,0.24,,2026-07-10T15:10:03.284445+00:00
298022,AFROMEDIA,2026-07-13,0.24,,,0.24,,2026-07-13T15:10:02.995074+00:00
298460,AFROMEDIA,2026-07-14,0.24,,,0.24,,2026-07-14T15:10:03.094441+00:00
298898,AFROMEDIA,2026-07-15,0.24,,,0.24,,2026-07-15T15:10:03.078609+00:00
299336,AFROMEDIA,2026-07-16,0.24,,,0.24,,2026-07-16T15:10:03.113936+00:00
299774,AFROMEDIA,2026-07-17,0.24,,,0.24,,2026-07-17T15:10:03.053983+00:00
