id,symbol,trade_date,open_price,high_price,low_price,close_price,volume,created_at
101043,AIRTELAFRI,2019-07-09,399.3,,,399.3,100110.0,2026-04-08T03:17:48.217581+00:00
101147,AIRTELAFRI,2019-07-10,359.4,,,359.4,579934.0,2026-04-08T03:17:50.676625+00:00
101251,AIRTELAFRI,2019-07-11,323.5,,,323.5,113242.0,2026-04-08T03:17:53.082234+00:00
101355,AIRTELAFRI,2019-07-12,323.5,,,323.5,2501.0,2026-04-08T03:17:55.503872+00:00
101459,AIRTELAFRI,2019-07-15,323.5,,,323.5,21491.0,2026-04-08T03:18:00.039317+00:00
101563,AIRTELAFRI,2019-07-16,323.5,,,323.5,1860.0,2026-04-08T03:18:02.440443+00:00
101667,AIRTELAFRI,2019-07-17,323.5,,,323.5,130325.0,2026-04-08T03:18:04.729662+00:00
101771,AIRTELAFRI,2019-07-18,323.5,,,323.5,45516.0,2026-04-08T03:18:07.178594+00:00
101875,AIRTELAFRI,2019-07-19,323.5,,,323.5,12161.0,2026-04-08T03:18:09.535362+00:00
101979,AIRTELAFRI,2019-07-22,323.5,,,323.5,902.0,2026-04-08T03:18:14.212024+00:00
102083,AIRTELAFRI,2019-07-23,323.5,,,323.5,32783.0,2026-04-08T03:18:16.654741+00:00
102187,AIRTELAFRI,2019-07-24,323.5,,,323.5,136433.0,2026-04-08T03:18:18.926554+00:00
102291,AIRTELAFRI,2019-07-25,323.5,,,323.5,1291.0,2026-04-08T03:18:21.127331+00:00
102395,AIRTELAFRI,2019-07-26,323.5,,,323.5,10862.0,2026-04-08T03:18:23.508197+00:00
102499,AIRTELAFRI,2019-07-29,323.5,,,323.5,16228.0,2026-04-08T03:18:27.808584+00:00
102603,AIRTELAFRI,2019-07-30,323.5,,,323.5,2846.0,2026-04-08T03:18:30.090931+00:00
102707,AIRTELAFRI,2019-07-31,323.5,,,323.5,326.0,2026-04-08T03:18:32.379029+00:00
102811,AIRTELAFRI,2019-08-01,323.5,,,323.5,145.0,2026-04-08T03:18:34.721051+00:00
102915,AIRTELAFRI,2019-08-02,323.5,,,323.5,3834.0,2026-04-08T03:18:37.148519+00:00
103019,AIRTELAFRI,2019-08-05,323.5,,,323.5,1.0,2026-04-08T03:18:41.327383+00:00
103123,AIRTELAFRI,2019-08-06,323.5,,,323.5,837.0,2026-04-08T03:18:43.676077+00:00
103227,AIRTELAFRI,2019-08-07,323.5,,,323.5,512.0,2026-04-08T03:18:45.952647+00:00
103331,AIRTELAFRI,2019-08-08,323.5,,,323.5,363.0,2026-04-08T03:18:48.284739+00:00
103435,AIRTELAFRI,2019-08-09,323.5,,,323.5,151.0,2026-04-08T03:18:50.530707+00:00
103539,AIRTELAFRI,2019-08-14,323.5,,,323.5,311.0,2026-04-08T03:18:57.313874+00:00
103643,AIRTELAFRI,2019-08-15,323.5,,,323.5,127.0,2026-04-08T03:18:59.647711+00:00
103747,AIRTELAFRI,2019-08-19,323.5,,,323.5,3401.0,2026-04-08T03:19:05.053534+00:00
103851,AIRTELAFRI,2019-08-20,323.5,,,323.5,775.0,2026-04-08T03:19:07.283568+00:00
103954,AIRTELAFRI,2019-08-21,323.5,,,323.5,1827.0,2026-04-08T03:19:09.493441+00:00
104057,AIRTELAFRI,2019-08-22,323.5,,,323.5,907.0,2026-04-08T03:19:11.834929+00:00
104160,AIRTELAFRI,2019-08-23,323.5,,,323.5,2300.0,2026-04-08T03:19:14.066623+00:00
104263,AIRTELAFRI,2019-08-26,323.5,,,323.5,482.0,2026-04-08T03:19:18.291411+00:00
104366,AIRTELAFRI,2019-08-27,323.5,,,323.5,37117.0,2026-04-08T03:19:20.588978+00:00
104469,AIRTELAFRI,2019-08-28,323.5,,,323.5,16712.0,2026-04-08T03:19:22.939533+00:00
104572,AIRTELAFRI,2019-08-29,323.5,,,323.5,10007.0,2026-04-08T03:19:25.308081+00:00
104675,AIRTELAFRI,2019-08-30,323.5,,,323.5,11490.0,2026-04-08T03:19:27.686427+00:00
104778,AIRTELAFRI,2019-09-02,323.5,,,323.5,6532.0,2026-04-08T03:19:32.075785+00:00
104881,AIRTELAFRI,2019-09-03,323.5,,,323.5,5502.0,2026-04-08T03:19:34.366833+00:00
104984,AIRTELAFRI,2019-09-04,323.5,,,323.5,5030.0,2026-04-08T03:19:36.608723+00:00
105087,AIRTELAFRI,2019-09-05,323.5,,,323.5,3707.0,2026-04-08T03:19:38.984327+00:00
105190,AIRTELAFRI,2019-09-06,323.5,,,323.5,3.0,2026-04-08T03:19:41.363212+00:00
105293,AIRTELAFRI,2019-09-09,323.5,,,323.5,220.0,2026-04-08T03:19:45.624302+00:00
105396,AIRTELAFRI,2019-09-10,323.5,,,323.5,127.0,2026-04-08T03:19:47.977958+00:00
105499,AIRTELAFRI,2019-09-11,323.5,,,323.5,0.0,2026-04-08T03:19:50.333421+00:00
105602,AIRTELAFRI,2019-09-12,323.5,,,323.5,242.0,2026-04-08T03:19:52.607202+00:00
105705,AIRTELAFRI,2019-09-13,350.0,,,350.0,108042.0,2026-04-08T03:19:55.083512+00:00
105808,AIRTELAFRI,2019-09-16,315.0,,,315.0,165452.0,2026-04-08T03:19:59.701348+00:00
105911,AIRTELAFRI,2019-09-17,283.5,,,283.5,291002.0,2026-04-08T03:20:02.523968+00:00
106014,AIRTELAFRI,2019-09-18,283.5,,,283.5,2086.0,2026-04-08T03:20:05.488272+00:00
106117,AIRTELAFRI,2019-09-19,283.5,,,283.5,17586.0,2026-04-08T03:20:08.114889+00:00
106220,AIRTELAFRI,2019-09-20,283.5,,,283.5,9086.0,2026-04-08T03:20:10.721894+00:00
106323,AIRTELAFRI,2019-09-23,283.5,,,283.5,4008.0,2026-04-08T03:20:15.267012+00:00
106426,AIRTELAFRI,2019-09-24,283.5,,,283.5,583.0,2026-04-08T03:20:17.630341+00:00
106529,AIRTELAFRI,2019-09-25,283.5,,,283.5,13703.0,2026-04-08T03:20:20.165626+00:00
106632,AIRTELAFRI,2019-09-26,283.5,,,283.5,12854.0,2026-04-08T03:20:22.92566+00:00
106735,AIRTELAFRI,2019-09-27,308.0,,,308.0,11380.0,2026-04-08T03:20:25.402499+00:00
106838,AIRTELAFRI,2019-09-30,308.0,,,308.0,2686.0,2026-04-08T03:20:29.867546+00:00
106941,AIRTELAFRI,2019-10-02,308.0,,,308.0,1032.0,2026-04-08T03:20:33.475481+00:00
107044,AIRTELAFRI,2019-10-03,308.0,,,308.0,42.0,2026-04-08T03:20:35.801047+00:00
107147,AIRTELAFRI,2019-10-04,308.0,,,308.0,5.0,2026-04-08T03:20:38.138638+00:00
107250,AIRTELAFRI,2019-10-07,308.0,,,308.0,9.0,2026-04-08T03:20:43.38987+00:00
107353,AIRTELAFRI,2019-10-08,308.0,,,308.0,65.0,2026-04-08T03:20:50.115577+00:00
107456,AIRTELAFRI,2019-10-09,308.0,,,308.0,10129.0,2026-04-08T03:20:53.067656+00:00
107559,AIRTELAFRI,2019-10-10,308.0,,,308.0,326.0,2026-04-08T03:20:55.682822+00:00
107662,AIRTELAFRI,2019-10-11,308.0,,,308.0,1702.0,2026-04-08T03:20:58.30073+00:00
107765,AIRTELAFRI,2019-10-14,308.0,,,308.0,100.0,2026-04-08T03:21:03.536141+00:00
107868,AIRTELAFRI,2019-10-15,308.0,,,308.0,968.0,2026-04-08T03:21:06.159586+00:00
107971,AIRTELAFRI,2019-10-16,308.0,,,308.0,973.0,2026-04-08T03:21:08.538525+00:00
108074,AIRTELAFRI,2019-10-17,308.0,,,308.0,58.0,2026-04-08T03:21:11.125073+00:00
108177,AIRTELAFRI,2019-10-18,308.0,,,308.0,25205.0,2026-04-08T03:21:14.04892+00:00
108280,AIRTELAFRI,2019-10-21,308.0,,,308.0,30.0,2026-04-08T03:21:18.357079+00:00
108383,AIRTELAFRI,2019-10-22,308.0,,,308.0,10029.0,2026-04-08T03:21:20.5704+00:00
108486,AIRTELAFRI,2019-10-23,308.0,,,308.0,12.0,2026-04-08T03:21:22.84444+00:00
108589,AIRTELAFRI,2019-10-24,308.0,,,308.0,28.0,2026-04-08T03:21:25.228823+00:00
108692,AIRTELAFRI,2019-10-25,308.0,,,308.0,188520.0,2026-04-08T03:21:27.539286+00:00
108795,AIRTELAFRI,2019-10-28,308.0,,,308.0,579.0,2026-04-08T03:21:32.161692+00:00
108898,AIRTELAFRI,2019-10-29,308.0,,,308.0,282.0,2026-04-08T03:21:34.477485+00:00
109001,AIRTELAFRI,2019-10-30,308.0,,,308.0,5562.0,2026-04-08T03:21:36.754268+00:00
109104,AIRTELAFRI,2019-10-31,308.0,,,308.0,235.0,2026-04-08T03:21:39.10919+00:00
109207,AIRTELAFRI,2019-11-01,308.0,,,308.0,1991.0,2026-04-08T03:21:41.456138+00:00
109310,AIRTELAFRI,2019-11-04,308.0,,,308.0,1686.0,2026-04-08T03:21:45.945243+00:00
109413,AIRTELAFRI,2019-11-05,308.0,,,308.0,117.0,2026-04-08T03:21:48.37169+00:00
109516,AIRTELAFRI,2019-11-06,308.0,,,308.0,1153.0,2026-04-08T03:21:50.755948+00:00
109619,AIRTELAFRI,2019-11-07,308.0,,,308.0,950.0,2026-04-08T03:21:53.200031+00:00
109722,AIRTELAFRI,2019-11-08,308.0,,,308.0,777.0,2026-04-08T03:21:55.63316+00:00
109825,AIRTELAFRI,2019-11-12,308.0,,,308.0,176175.0,2026-04-08T03:22:01.520244+00:00
109928,AIRTELAFRI,2019-11-13,308.0,,,308.0,315.0,2026-04-08T03:22:04.169594+00:00
110031,AIRTELAFRI,2019-11-14,308.0,,,308.0,1083.0,2026-04-08T03:22:06.510438+00:00
110134,AIRTELAFRI,2019-11-15,308.0,,,308.0,1023.0,2026-04-08T03:22:08.972682+00:00
110236,AIRTELAFRI,2019-11-18,298.8,,,298.8,13378.0,2026-04-08T03:22:13.551393+00:00
110338,AIRTELAFRI,2019-11-19,298.8,,,298.8,54.0,2026-04-08T03:22:15.801005+00:00
110440,AIRTELAFRI,2019-11-20,298.8,,,298.8,228.0,2026-04-08T03:22:18.11241+00:00
110542,AIRTELAFRI,2019-11-21,298.8,,,298.8,6535.0,2026-04-08T03:22:20.360812+00:00
110644,AIRTELAFRI,2019-11-22,298.8,,,298.8,49086.0,2026-04-08T03:22:22.766306+00:00
110746,AIRTELAFRI,2019-11-25,298.8,,,298.8,541.0,2026-04-08T03:22:27.077445+00:00
110848,AIRTELAFRI,2019-11-26,298.8,,,298.8,36.0,2026-04-08T03:22:29.415971+00:00
110950,AIRTELAFRI,2019-11-27,298.9,,,298.9,173315.0,2026-04-08T03:22:31.797244+00:00
111052,AIRTELAFRI,2019-11-28,298.9,,,298.9,90948.0,2026-04-08T03:22:34.150197+00:00
111154,AIRTELAFRI,2019-11-29,298.9,,,298.9,82.0,2026-04-08T03:22:36.43862+00:00
111256,AIRTELAFRI,2019-12-02,298.9,,,298.9,38795.0,2026-04-08T03:22:40.672716+00:00
111358,AIRTELAFRI,2019-12-03,298.9,,,298.9,15540.0,2026-04-08T03:22:42.857808+00:00
111460,AIRTELAFRI,2019-12-04,298.9,,,298.9,15138.0,2026-04-08T03:22:45.132537+00:00
111562,AIRTELAFRI,2019-12-05,298.9,,,298.9,19480.0,2026-04-08T03:22:47.409461+00:00
111664,AIRTELAFRI,2019-12-06,298.9,,,298.9,1381.0,2026-04-08T03:22:49.720566+00:00
111766,AIRTELAFRI,2019-12-10,298.9,,,298.9,2090.0,2026-04-08T03:22:54.948045+00:00
111868,AIRTELAFRI,2019-12-11,298.9,,,298.9,1358.0,2026-04-08T03:22:57.463594+00:00
111970,AIRTELAFRI,2019-12-12,298.9,,,298.9,70030.0,2026-04-08T03:22:59.677549+00:00
112072,AIRTELAFRI,2019-12-13,298.9,,,298.9,296.0,2026-04-08T03:23:01.961124+00:00
112174,AIRTELAFRI,2019-12-16,298.9,,,298.9,30.0,2026-04-08T03:23:06.206185+00:00
112276,AIRTELAFRI,2019-12-17,298.9,,,298.9,0.0,2026-04-08T03:23:08.526507+00:00
112378,AIRTELAFRI,2019-12-18,298.9,,,298.9,720.0,2026-04-08T03:23:10.699016+00:00
112480,AIRTELAFRI,2019-12-19,298.9,,,298.9,5.0,2026-04-08T03:23:13.06361+00:00
112582,AIRTELAFRI,2019-12-20,298.9,,,298.9,51072.0,2026-04-08T03:23:15.515212+00:00
112684,AIRTELAFRI,2019-12-23,298.9,,,298.9,2445.0,2026-04-08T03:23:19.645113+00:00
112786,AIRTELAFRI,2019-12-24,298.9,,,298.9,40.0,2026-04-08T03:23:22.081747+00:00
112888,AIRTELAFRI,2019-12-27,298.9,,,298.9,18224.0,2026-04-08T03:23:26.48241+00:00
112990,AIRTELAFRI,2019-12-31,298.9,,,298.9,35483.0,2026-04-08T03:23:31.997666+00:00
113092,AIRTELAFRI,2020-01-02,298.9,,,298.9,0.0,2026-04-08T03:23:35.253628+00:00
113194,AIRTELAFRI,2020-01-03,298.9,,,298.9,2.0,2026-04-08T03:23:37.484442+00:00
113296,AIRTELAFRI,2020-01-06,298.9,,,298.9,50110.0,2026-04-08T03:23:41.810791+00:00
113398,AIRTELAFRI,2020-01-07,298.9,,,298.9,4738.0,2026-04-08T03:23:44.238014+00:00
113500,AIRTELAFRI,2020-01-08,298.9,,,298.9,1821.0,2026-04-08T03:23:46.428903+00:00
113602,AIRTELAFRI,2020-01-09,298.9,,,298.9,0.0,2026-04-08T03:23:48.760691+00:00
113705,AIRTELAFRI,2020-01-10,298.9,,,298.9,0.0,2026-04-08T03:23:51.312987+00:00
113808,AIRTELAFRI,2020-01-13,298.9,,,298.9,1671.0,2026-04-08T03:23:55.704331+00:00
113911,AIRTELAFRI,2020-01-14,298.9,,,298.9,0.0,2026-04-08T03:23:58.044369+00:00
114014,AIRTELAFRI,2020-01-15,298.9,,,298.9,858.0,2026-04-08T03:24:00.340453+00:00
114117,AIRTELAFRI,2020-01-16,298.9,,,298.9,2468.0,2026-04-08T03:24:02.775573+00:00
114220,AIRTELAFRI,2020-01-17,298.9,,,298.9,6.0,2026-04-08T03:24:05.107796+00:00
114323,AIRTELAFRI,2020-01-20,298.9,,,298.9,161.0,2026-04-08T03:24:09.637495+00:00
114426,AIRTELAFRI,2020-01-21,298.9,,,298.9,57.0,2026-04-08T03:24:12.081094+00:00
114529,AIRTELAFRI,2020-01-23,298.9,,,298.9,853.0,2026-04-08T03:24:15.397306+00:00
114632,AIRTELAFRI,2020-01-24,298.9,,,298.9,8.0,2026-04-08T03:24:17.760742+00:00
114735,AIRTELAFRI,2020-01-27,298.9,,,298.9,349.0,2026-04-08T03:24:22.426106+00:00
114838,AIRTELAFRI,2020-01-28,298.9,,,298.9,1013.0,2026-04-08T03:24:24.728321+00:00
114941,AIRTELAFRI,2020-01-29,298.9,,,298.9,400031.0,2026-04-08T03:24:27.287495+00:00
115044,AIRTELAFRI,2020-01-30,298.9,,,298.9,36.0,2026-04-08T03:24:29.658352+00:00
115147,AIRTELAFRI,2020-01-31,298.9,,,298.9,690.0,2026-04-08T03:24:31.961868+00:00
115250,AIRTELAFRI,2020-02-03,298.9,,,298.9,207513.0,2026-04-08T03:24:36.430808+00:00
115353,AIRTELAFRI,2020-02-04,298.9,,,298.9,50421.0,2026-04-08T03:24:38.687124+00:00
115456,AIRTELAFRI,2020-02-05,298.9,,,298.9,7411.0,2026-04-08T03:24:41.03998+00:00
115559,AIRTELAFRI,2020-02-06,298.9,,,298.9,70.0,2026-04-08T03:24:43.345135+00:00
115662,AIRTELAFRI,2020-02-07,298.9,,,298.9,2.0,2026-04-08T03:24:45.609576+00:00
115765,AIRTELAFRI,2020-02-10,298.9,,,298.9,0.0,2026-04-08T03:24:50.182603+00:00
115868,AIRTELAFRI,2020-02-11,298.9,,,298.9,0.0,2026-04-08T03:24:52.780016+00:00
115971,AIRTELAFRI,2020-02-12,298.9,,,298.9,90.0,2026-04-08T03:24:55.120152+00:00
116074,AIRTELAFRI,2020-02-13,298.9,,,298.9,33.0,2026-04-08T03:24:57.649025+00:00
116177,AIRTELAFRI,2020-02-14,298.9,,,298.9,2.0,2026-04-08T03:25:00.080254+00:00
116280,AIRTELAFRI,2020-02-17,298.9,,,298.9,13.0,2026-04-08T03:25:04.377856+00:00
116383,AIRTELAFRI,2020-02-18,298.9,,,298.9,0.0,2026-04-08T03:25:06.773592+00:00
116486,AIRTELAFRI,2020-02-19,298.9,,,298.9,44213.0,2026-04-08T03:25:09.231504+00:00
116589,AIRTELAFRI,2020-02-20,298.9,,,298.9,10.0,2026-04-08T03:25:11.501588+00:00
116692,AIRTELAFRI,2020-02-21,298.9,,,298.9,50006.0,2026-04-08T03:25:13.948187+00:00
116795,AIRTELAFRI,2020-02-24,298.9,,,298.9,1.0,2026-04-08T03:25:18.415367+00:00
116898,AIRTELAFRI,2020-02-25,298.9,,,298.9,9.0,2026-04-08T03:25:20.711298+00:00
117001,AIRTELAFRI,2020-02-26,298.9,,,298.9,1033.0,2026-04-08T03:25:23.465375+00:00
117104,AIRTELAFRI,2020-02-27,298.9,,,298.9,10096.0,2026-04-08T03:25:26.011368+00:00
117207,AIRTELAFRI,2020-02-28,298.9,,,298.9,0.0,2026-04-08T03:25:28.472167+00:00
117310,AIRTELAFRI,2020-03-02,298.9,,,298.9,25.0,2026-04-08T03:25:32.979972+00:00
117413,AIRTELAFRI,2020-03-03,298.9,,,298.9,122.0,2026-04-08T03:25:35.324079+00:00
117516,AIRTELAFRI,2020-03-04,298.9,,,298.9,25.0,2026-04-08T03:25:37.587456+00:00
117619,AIRTELAFRI,2020-03-05,298.9,,,298.9,3372.0,2026-04-08T03:25:39.825698+00:00
117722,AIRTELAFRI,2020-03-09,298.9,,,298.9,16.0,2026-04-08T03:25:45.227559+00:00
117825,AIRTELAFRI,2020-03-10,298.9,,,298.9,1529.0,2026-04-08T03:25:47.644077+00:00
117928,AIRTELAFRI,2020-03-11,298.9,,,298.9,1026.0,2026-04-08T03:25:49.940962+00:00
118031,AIRTELAFRI,2020-03-12,298.9,,,298.9,2.0,2026-04-08T03:25:52.243289+00:00
118134,AIRTELAFRI,2020-03-13,298.9,,,298.9,283.0,2026-04-08T03:25:54.520183+00:00
118237,AIRTELAFRI,2020-03-16,298.9,,,298.9,242.0,2026-04-08T03:25:58.965391+00:00
118340,AIRTELAFRI,2020-03-17,298.9,,,298.9,14.0,2026-04-08T03:26:01.331984+00:00
118443,AIRTELAFRI,2020-03-18,298.9,,,298.9,1570.0,2026-04-08T03:26:03.589989+00:00
118546,AIRTELAFRI,2020-03-19,298.9,,,298.9,31.0,2026-04-08T03:26:05.957067+00:00
118649,AIRTELAFRI,2020-03-20,298.9,,,298.9,599.0,2026-04-08T03:26:08.377452+00:00
118752,AIRTELAFRI,2020-03-23,298.9,,,298.9,554.0,2026-04-08T03:26:12.667002+00:00
118855,AIRTELAFRI,2020-03-24,298.9,,,298.9,309.0,2026-04-08T03:26:14.960057+00:00
118958,AIRTELAFRI,2020-03-25,298.9,,,298.9,108.0,2026-04-08T03:26:17.224804+00:00
119061,AIRTELAFRI,2020-03-26,298.9,,,298.9,809.0,2026-04-08T03:26:19.64473+00:00
119164,AIRTELAFRI,2020-03-27,298.9,,,298.9,43654.0,2026-04-08T03:26:21.968693+00:00
119267,AIRTELAFRI,2020-03-30,298.9,,,298.9,51.0,2026-04-08T03:26:26.43282+00:00
119370,AIRTELAFRI,2020-03-31,298.9,,,298.9,250.0,2026-04-08T03:26:28.926506+00:00
119473,AIRTELAFRI,2020-04-01,298.9,,,298.9,1768.0,2026-04-08T03:26:31.173614+00:00
119576,AIRTELAFRI,2020-04-02,298.9,,,298.9,115.0,2026-04-08T03:26:33.480235+00:00
119679,AIRTELAFRI,2020-04-03,298.9,,,298.9,13506.0,2026-04-08T03:26:35.777807+00:00
119782,AIRTELAFRI,2020-04-06,298.9,,,298.9,7.0,2026-04-08T03:26:40.135575+00:00
119885,AIRTELAFRI,2020-04-07,298.9,,,298.9,11.0,2026-04-08T03:26:42.376644+00:00
119988,AIRTELAFRI,2020-04-08,298.9,,,298.9,156.0,2026-04-08T03:26:44.690105+00:00
120091,AIRTELAFRI,2020-04-09,298.9,,,298.9,3.0,2026-04-08T03:26:47.020639+00:00
120194,AIRTELAFRI,2020-04-14,298.9,,,298.9,7.0,2026-04-08T03:26:53.304016+00:00
120297,AIRTELAFRI,2020-04-15,298.9,,,298.9,491.0,2026-04-08T03:26:55.643286+00:00
120400,AIRTELAFRI,2020-04-16,298.9,,,298.9,3024.0,2026-04-08T03:26:58.005731+00:00
120503,AIRTELAFRI,2020-04-17,298.9,,,298.9,25045.0,2026-04-08T03:27:00.196144+00:00
120606,AIRTELAFRI,2020-04-20,298.9,,,298.9,122.0,2026-04-08T03:27:04.902814+00:00
120709,AIRTELAFRI,2020-04-21,298.9,,,298.9,19.0,2026-04-08T03:27:07.124699+00:00
120812,AIRTELAFRI,2020-04-22,298.9,,,298.9,415.0,2026-04-08T03:27:09.50407+00:00
120915,AIRTELAFRI,2020-04-23,298.9,,,298.9,24.0,2026-04-08T03:27:11.732195+00:00
121018,AIRTELAFRI,2020-04-24,298.9,,,298.9,2004.0,2026-04-08T03:27:14.133022+00:00
121121,AIRTELAFRI,2020-04-27,298.9,,,298.9,7.0,2026-04-08T03:27:18.376911+00:00
121224,AIRTELAFRI,2020-04-28,298.9,,,298.9,58.0,2026-04-08T03:27:20.70836+00:00
121327,AIRTELAFRI,2020-04-29,298.9,,,298.9,5.0,2026-04-08T03:27:23.099969+00:00
121430,AIRTELAFRI,2020-04-30,298.9,,,298.9,152.0,2026-04-08T03:27:25.479794+00:00
121533,AIRTELAFRI,2020-05-04,298.9,,,298.9,30187.0,2026-04-08T03:27:30.67652+00:00
121636,AIRTELAFRI,2020-05-05,298.9,,,298.9,30016.0,2026-04-08T03:27:32.997372+00:00
121739,AIRTELAFRI,2020-05-06,298.9,,,298.9,13968.0,2026-04-08T03:27:35.368243+00:00
121842,AIRTELAFRI,2020-05-07,298.9,,,298.9,611.0,2026-04-08T03:27:37.70358+00:00
121945,AIRTELAFRI,2020-05-08,298.9,,,298.9,1689.0,2026-04-08T03:27:39.945267+00:00
122048,AIRTELAFRI,2020-05-11,298.9,,,298.9,1250.0,2026-04-08T03:27:44.543581+00:00
122151,AIRTELAFRI,2020-05-12,298.9,,,298.9,2236.0,2026-04-08T03:27:46.988848+00:00
122254,AIRTELAFRI,2020-05-13,298.9,,,298.9,546.0,2026-04-08T03:27:49.292243+00:00
122357,AIRTELAFRI,2020-05-14,298.9,,,298.9,2606.0,2026-04-08T03:27:51.592074+00:00
122460,AIRTELAFRI,2020-05-19,298.9,,,298.9,1095.0,2026-04-08T03:27:58.031425+00:00
122563,AIRTELAFRI,2020-05-20,298.9,,,298.9,248.0,2026-04-08T03:28:00.412443+00:00
122666,AIRTELAFRI,2020-05-21,298.9,,,298.9,0.0,2026-04-08T03:28:02.829603+00:00
122769,AIRTELAFRI,2020-05-27,298.9,,,298.9,101.0,2026-04-08T03:28:10.17932+00:00
122872,AIRTELAFRI,2020-05-28,298.9,,,298.9,1.0,2026-04-08T03:28:12.484321+00:00
122975,AIRTELAFRI,2020-05-29,298.9,,,298.9,2514.0,2026-04-08T03:28:14.796152+00:00
123078,AIRTELAFRI,2020-06-02,298.9,,,298.9,0.0,2026-04-08T03:28:20.224588+00:00
123181,AIRTELAFRI,2020-06-03,298.9,,,298.9,62.0,2026-04-08T03:28:22.45251+00:00
123284,AIRTELAFRI,2020-06-04,298.9,,,298.9,804.0,2026-04-08T03:28:24.742978+00:00
123387,AIRTELAFRI,2020-06-05,298.9,,,298.9,5690.0,2026-04-08T03:28:26.997708+00:00
123490,AIRTELAFRI,2020-06-08,298.9,,,298.9,19.0,2026-04-08T03:28:31.360755+00:00
123593,AIRTELAFRI,2020-06-09,298.9,,,298.9,2214.0,2026-04-08T03:28:33.545964+00:00
123696,AIRTELAFRI,2020-06-10,298.9,,,298.9,61945.0,2026-04-08T03:28:35.856379+00:00
123799,AIRTELAFRI,2020-06-11,298.9,,,298.9,1500.0,2026-04-08T03:28:38.052531+00:00
123902,AIRTELAFRI,2020-06-15,298.9,,,298.9,6.0,2026-04-08T03:28:43.437023+00:00
124005,AIRTELAFRI,2020-06-16,298.9,,,298.9,0.0,2026-04-08T03:28:45.961134+00:00
124108,AIRTELAFRI,2020-06-17,298.9,,,298.9,100.0,2026-04-08T03:28:48.324213+00:00
124211,AIRTELAFRI,2020-06-18,298.9,,,298.9,0.0,2026-04-08T03:28:50.696546+00:00
124314,AIRTELAFRI,2020-06-19,298.9,,,298.9,0.0,2026-04-08T03:28:53.406809+00:00
124417,AIRTELAFRI,2020-06-22,298.9,,,298.9,138.0,2026-04-08T03:28:57.922359+00:00
124520,AIRTELAFRI,2020-06-23,298.9,,,298.9,0.0,2026-04-08T03:29:00.283028+00:00
124623,AIRTELAFRI,2020-06-24,298.9,,,298.9,4.0,2026-04-08T03:29:02.79982+00:00
124726,AIRTELAFRI,2020-06-25,298.9,,,298.9,153.0,2026-04-08T03:29:05.076463+00:00
124829,AIRTELAFRI,2020-06-26,328.7,,,328.7,202607.0,2026-04-08T03:29:07.48598+00:00
124932,AIRTELAFRI,2020-06-29,328.7,,,328.7,7019.0,2026-04-08T03:29:11.968016+00:00
125035,AIRTELAFRI,2020-06-30,328.7,,,328.7,225357.0,2026-04-08T03:29:14.28255+00:00
125138,AIRTELAFRI,2020-07-01,328.7,,,328.7,16716.0,2026-04-08T03:29:16.703757+00:00
125241,AIRTELAFRI,2020-07-02,328.7,,,328.7,705813.0,2026-04-08T03:29:19.127663+00:00
125344,AIRTELAFRI,2020-07-03,328.7,,,328.7,57.0,2026-04-08T03:29:21.544735+00:00
125447,AIRTELAFRI,2020-07-07,328.7,,,328.7,363047.0,2026-04-08T03:29:27.331532+00:00
125550,AIRTELAFRI,2020-07-08,328.7,,,328.7,421.0,2026-04-08T03:29:29.768744+00:00
125653,AIRTELAFRI,2020-07-09,328.7,,,328.7,197577.0,2026-04-08T03:29:32.143692+00:00
125756,AIRTELAFRI,2020-07-10,328.7,,,328.7,31085.0,2026-04-08T03:29:34.521297+00:00
125859,AIRTELAFRI,2020-07-13,328.7,,,328.7,70816.0,2026-04-08T03:29:39.007126+00:00
125962,AIRTELAFRI,2020-07-14,328.7,,,328.7,36.0,2026-04-08T03:29:41.304989+00:00
126065,AIRTELAFRI,2020-07-15,340.0,,,340.0,608094.0,2026-04-08T03:29:43.708156+00:00
126168,AIRTELAFRI,2020-07-16,348.0,,,348.0,300882.0,2026-04-08T03:29:45.979708+00:00
126271,AIRTELAFRI,2020-07-17,348.0,,,348.0,176.0,2026-04-08T03:29:48.357101+00:00
126374,AIRTELAFRI,2020-07-20,348.0,,,348.0,1034.0,2026-04-08T03:29:52.723074+00:00
126477,AIRTELAFRI,2020-07-21,348.0,,,348.0,1369.0,2026-04-08T03:29:55.035926+00:00
126580,AIRTELAFRI,2020-07-23,348.0,,,348.0,20497.0,2026-04-08T03:29:58.238067+00:00
126683,AIRTELAFRI,2020-07-24,348.0,,,348.0,489.0,2026-04-08T03:30:00.541513+00:00
126786,AIRTELAFRI,2020-07-27,348.0,,,348.0,174.0,2026-04-08T03:30:04.748878+00:00
126889,AIRTELAFRI,2020-07-28,348.0,,,348.0,51375.0,2026-04-08T03:30:07.286947+00:00
126992,AIRTELAFRI,2020-07-29,348.0,,,348.0,603.0,2026-04-08T03:30:09.725653+00:00
127095,AIRTELAFRI,2020-08-03,348.0,,,348.0,1825.0,2026-04-08T03:30:16.711714+00:00
127198,AIRTELAFRI,2020-08-04,348.0,,,348.0,542.0,2026-04-08T03:30:19.026905+00:00
127301,AIRTELAFRI,2020-08-05,348.0,,,348.0,755.0,2026-04-08T03:30:21.509999+00:00
127404,AIRTELAFRI,2020-08-06,348.0,,,348.0,2032.0,2026-04-08T03:30:23.823287+00:00
127507,AIRTELAFRI,2020-08-07,348.0,,,348.0,934.0,2026-04-08T03:30:26.221973+00:00
127610,AIRTELAFRI,2020-08-10,348.0,,,348.0,2321.0,2026-04-08T03:30:31.080726+00:00
127713,AIRTELAFRI,2020-08-11,348.0,,,348.0,29746.0,2026-04-08T03:30:33.557314+00:00
127816,AIRTELAFRI,2020-08-12,380.0,,,380.0,845734.0,2026-04-08T03:30:35.989363+00:00
127919,AIRTELAFRI,2020-08-13,380.0,,,380.0,5134.0,2026-04-08T03:30:38.402702+00:00
128022,AIRTELAFRI,2020-08-14,380.0,,,380.0,141.0,2026-04-08T03:30:40.738296+00:00
128125,AIRTELAFRI,2020-08-17,380.0,,,380.0,914.0,2026-04-08T03:30:45.179846+00:00
128228,AIRTELAFRI,2020-08-18,380.0,,,380.0,1091.0,2026-04-08T03:30:47.750292+00:00
128331,AIRTELAFRI,2020-08-19,380.0,,,380.0,5044.0,2026-04-08T03:30:50.260611+00:00
128434,AIRTELAFRI,2020-08-20,380.0,,,380.0,1225.0,2026-04-08T03:30:52.728097+00:00
128537,AIRTELAFRI,2020-08-21,380.0,,,380.0,454.0,2026-04-08T03:30:55.129893+00:00
128640,AIRTELAFRI,2020-08-24,380.0,,,380.0,417.0,2026-04-08T03:30:59.50528+00:00
128743,AIRTELAFRI,2020-08-25,380.0,,,380.0,1137.0,2026-04-08T03:31:01.97181+00:00
128846,AIRTELAFRI,2020-08-26,380.0,,,380.0,19905.0,2026-04-08T03:31:04.340397+00:00
128949,AIRTELAFRI,2020-08-27,380.0,,,380.0,2002.0,2026-04-08T03:31:06.825032+00:00
129052,AIRTELAFRI,2020-08-28,380.0,,,380.0,202.0,2026-04-08T03:31:10.050623+00:00
129155,AIRTELAFRI,2020-08-31,380.0,,,380.0,984.0,2026-04-08T03:31:14.574397+00:00
129258,AIRTELAFRI,2020-09-01,380.0,,,380.0,1404.0,2026-04-08T03:31:16.859057+00:00
129361,AIRTELAFRI,2020-09-02,380.0,,,380.0,134.0,2026-04-08T03:31:19.223829+00:00
129464,AIRTELAFRI,2020-09-03,380.0,,,380.0,115.0,2026-04-08T03:31:21.580357+00:00
129567,AIRTELAFRI,2020-09-04,380.0,,,380.0,114.0,2026-04-08T03:31:24.095323+00:00
129670,AIRTELAFRI,2020-09-07,380.0,,,380.0,485.0,2026-04-08T03:31:29.028072+00:00
129773,AIRTELAFRI,2020-09-08,380.0,,,380.0,144301.0,2026-04-08T03:31:31.696694+00:00
129876,AIRTELAFRI,2020-09-09,380.0,,,380.0,27046.0,2026-04-08T03:31:34.222499+00:00
129979,AIRTELAFRI,2020-09-10,380.0,,,380.0,13215.0,2026-04-08T03:31:36.666154+00:00
130082,AIRTELAFRI,2020-09-11,380.0,,,380.0,1117245.0,2026-04-08T03:31:39.224755+00:00
130185,AIRTELAFRI,2020-09-14,380.0,,,380.0,136.0,2026-04-08T03:31:43.669625+00:00
130288,AIRTELAFRI,2020-09-15,380.0,,,380.0,133618.0,2026-04-08T03:31:46.096824+00:00
130391,AIRTELAFRI,2020-09-16,380.0,,,380.0,1603.0,2026-04-08T03:31:48.62473+00:00
130494,AIRTELAFRI,2020-09-17,380.0,,,380.0,25629.0,2026-04-08T03:31:51.120615+00:00
130597,AIRTELAFRI,2020-09-18,380.0,,,380.0,15.0,2026-04-08T03:31:53.500222+00:00
130700,AIRTELAFRI,2020-09-21,380.0,,,380.0,1936.0,2026-04-08T03:31:57.915353+00:00
130803,AIRTELAFRI,2020-09-22,380.0,,,380.0,341.0,2026-04-08T03:32:00.361616+00:00
130906,AIRTELAFRI,2020-09-23,380.0,,,380.0,3984.0,2026-04-08T03:32:02.667296+00:00
131009,AIRTELAFRI,2020-09-24,380.0,,,380.0,347.0,2026-04-08T03:32:05.077899+00:00
131112,AIRTELAFRI,2020-09-25,380.0,,,380.0,677.0,2026-04-08T03:32:07.472813+00:00
131215,AIRTELAFRI,2020-09-28,380.0,,,380.0,73.0,2026-04-08T03:32:12.542607+00:00
131318,AIRTELAFRI,2020-09-29,380.0,,,380.0,2669.0,2026-04-08T03:32:14.948969+00:00
131421,AIRTELAFRI,2020-09-30,380.0,,,380.0,7881.0,2026-04-08T03:32:17.368144+00:00
131524,AIRTELAFRI,2020-10-02,380.0,,,380.0,154.0,2026-04-08T03:32:21.009688+00:00
131627,AIRTELAFRI,2020-10-05,400.2,,,400.2,351892.0,2026-04-08T03:32:25.669514+00:00
131730,AIRTELAFRI,2020-10-06,400.2,,,400.2,6164.0,2026-04-08T03:32:28.151061+00:00
131833,AIRTELAFRI,2020-10-07,400.2,,,400.2,440.0,2026-04-08T03:32:30.62441+00:00
131936,AIRTELAFRI,2020-10-08,410.2,,,410.2,221291.0,2026-04-08T03:32:32.995223+00:00
132039,AIRTELAFRI,2020-10-09,410.2,,,410.2,10626.0,2026-04-08T03:32:35.453646+00:00
132142,AIRTELAFRI,2020-10-12,410.2,,,410.2,17037.0,2026-04-08T03:32:39.836845+00:00
132245,AIRTELAFRI,2020-10-13,410.2,,,410.2,1413.0,2026-04-08T03:32:42.883097+00:00
132348,AIRTELAFRI,2020-10-14,410.2,,,410.2,17067.0,2026-04-08T03:32:45.313484+00:00
132451,AIRTELAFRI,2020-10-15,410.2,,,410.2,322.0,2026-04-08T03:32:47.672181+00:00
132554,AIRTELAFRI,2020-10-16,410.2,,,410.2,16190.0,2026-04-08T03:32:50.112843+00:00
132657,AIRTELAFRI,2020-10-19,410.2,,,410.2,513.0,2026-04-08T03:32:54.594352+00:00
132760,AIRTELAFRI,2020-10-20,410.2,,,410.2,6061.0,2026-04-08T03:32:57.288568+00:00
132863,AIRTELAFRI,2020-10-21,410.2,,,410.2,50135.0,2026-04-08T03:32:59.679627+00:00
132966,AIRTELAFRI,2020-10-22,410.2,,,410.2,30125.0,2026-04-08T03:33:02.194874+00:00
133069,AIRTELAFRI,2020-10-23,410.2,,,410.2,50644.0,2026-04-08T03:33:04.540232+00:00
133172,AIRTELAFRI,2020-10-26,410.2,,,410.2,9830.0,2026-04-08T03:33:08.964122+00:00
133275,AIRTELAFRI,2020-10-27,410.2,,,410.2,6126.0,2026-04-08T03:33:12.04516+00:00
133378,AIRTELAFRI,2020-10-28,410.2,,,410.2,7017.0,2026-04-08T03:33:14.504918+00:00
133481,AIRTELAFRI,2020-10-30,410.2,,,410.2,15140.0,2026-04-08T03:33:18.13889+00:00
133584,AIRTELAFRI,2020-11-02,410.2,,,410.2,3323.0,2026-04-08T03:33:22.589733+00:00
133687,AIRTELAFRI,2020-11-03,410.2,,,410.2,13442.0,2026-04-08T03:33:24.936567+00:00
133790,AIRTELAFRI,2020-11-04,410.2,,,410.2,806.0,2026-04-08T03:33:27.402012+00:00
133893,AIRTELAFRI,2020-11-05,410.2,,,410.2,49.0,2026-04-08T03:33:29.791139+00:00
133996,AIRTELAFRI,2020-11-06,410.2,,,410.2,1.0,2026-04-08T03:33:32.190465+00:00
134099,AIRTELAFRI,2020-11-09,410.2,,,410.2,1032.0,2026-04-08T03:33:36.944942+00:00
134203,AIRTELAFRI,2020-11-10,410.2,,,410.2,83610.0,2026-04-08T03:33:39.328014+00:00
134307,AIRTELAFRI,2020-11-11,410.2,,,410.2,29.0,2026-04-08T03:33:41.646704+00:00
134411,AIRTELAFRI,2020-11-12,451.2,,,451.2,100351.0,2026-04-08T03:33:44.075825+00:00
134515,AIRTELAFRI,2020-11-13,489.9,,,489.9,219802.0,2026-04-08T03:33:46.660663+00:00
134619,AIRTELAFRI,2020-11-16,500.0,,,500.0,570769.0,2026-04-08T03:33:51.206328+00:00
134723,AIRTELAFRI,2020-11-17,500.0,,,500.0,234760.0,2026-04-08T03:33:53.594986+00:00
134827,AIRTELAFRI,2020-11-18,500.0,,,500.0,32778.0,2026-04-08T03:33:56.053488+00:00
134931,AIRTELAFRI,2020-11-19,500.0,,,500.0,25562.0,2026-04-08T03:33:58.535588+00:00
135035,AIRTELAFRI,2020-11-20,500.0,,,500.0,76794.0,2026-04-08T03:34:01.033528+00:00
135139,AIRTELAFRI,2020-11-23,525.0,,,525.0,229722.0,2026-04-08T03:34:05.446005+00:00
135243,AIRTELAFRI,2020-11-24,525.0,,,525.0,20456.0,2026-04-08T03:34:07.827748+00:00
135347,AIRTELAFRI,2020-11-25,535.0,,,535.0,140394.0,2026-04-08T03:34:10.273596+00:00
135451,AIRTELAFRI,2020-11-26,535.0,,,535.0,7182.0,2026-04-08T03:34:12.878043+00:00
135555,AIRTELAFRI,2020-11-27,535.0,,,535.0,155777.0,2026-04-08T03:34:15.660625+00:00
135659,AIRTELAFRI,2020-11-30,588.5,,,588.5,1013547.0,2026-04-08T03:34:20.595268+00:00
135763,AIRTELAFRI,2020-12-01,588.5,,,588.5,6381.0,2026-04-08T03:34:22.915781+00:00
135866,AIRTELAFRI,2020-12-02,588.5,,,588.5,13173.0,2026-04-08T03:34:25.200893+00:00
135968,AIRTELAFRI,2020-12-03,588.5,,,588.5,157806.0,2026-04-08T03:34:27.500503+00:00
136070,AIRTELAFRI,2020-12-04,640.0,,,640.0,325970.0,2026-04-08T03:34:29.754666+00:00
136174,AIRTELAFRI,2020-12-07,640.0,,,640.0,6735.0,2026-04-08T03:34:34.092506+00:00
136278,AIRTELAFRI,2020-12-08,640.0,,,640.0,4027.0,2026-04-08T03:34:36.413898+00:00
136382,AIRTELAFRI,2020-12-09,640.0,,,640.0,964.0,2026-04-08T03:34:38.741358+00:00
136486,AIRTELAFRI,2020-12-10,640.0,,,640.0,3558.0,2026-04-08T03:34:41.210459+00:00
136590,AIRTELAFRI,2020-12-11,640.0,,,640.0,119703.0,2026-04-08T03:34:43.516271+00:00
136694,AIRTELAFRI,2020-12-14,704.0,,,704.0,1159356.0,2026-04-08T03:34:47.752987+00:00
136799,AIRTELAFRI,2020-12-15,704.0,,,704.0,23910.0,2026-04-08T03:34:50.014046+00:00
136904,AIRTELAFRI,2020-12-16,704.0,,,704.0,2970.0,2026-04-08T03:34:52.260784+00:00
137009,AIRTELAFRI,2020-12-17,774.4,,,774.4,334118.0,2026-04-08T03:34:54.700208+00:00
137114,AIRTELAFRI,2020-12-18,774.4,,,774.4,170187.0,2026-04-08T03:34:57.404383+00:00
137219,AIRTELAFRI,2020-12-21,774.4,,,774.4,35540.0,2026-04-08T03:35:01.74156+00:00
137324,AIRTELAFRI,2020-12-22,774.4,,,774.4,8806.0,2026-04-08T03:35:04.087051+00:00
137429,AIRTELAFRI,2020-12-23,851.8,,,851.8,2421885.0,2026-04-08T03:35:06.465463+00:00
137534,AIRTELAFRI,2020-12-24,851.8,,,851.8,724.0,2026-04-08T03:35:08.859517+00:00
137639,AIRTELAFRI,2020-12-29,851.8,,,851.8,28992.0,2026-04-08T03:35:15.710612+00:00
137744,AIRTELAFRI,2020-12-30,851.8,,,851.8,1564.0,2026-04-08T03:35:18.332825+00:00
137849,AIRTELAFRI,2020-12-31,851.8,,,851.8,1893.0,2026-04-08T03:35:20.721524+00:00
137954,AIRTELAFRI,2021-01-04,851.8,,,851.8,994.0,2026-04-08T03:35:26.376094+00:00
138059,AIRTELAFRI,2021-01-05,851.8,,,851.8,9164.0,2026-04-08T03:35:29.033034+00:00
138164,AIRTELAFRI,2021-01-06,851.8,,,851.8,2043.0,2026-04-08T03:35:31.424152+00:00
138269,AIRTELAFRI,2021-01-07,851.8,,,851.8,2972.0,2026-04-08T03:35:34.042283+00:00
138374,AIRTELAFRI,2021-01-08,851.8,,,851.8,14040.0,2026-04-08T03:35:36.489888+00:00
138479,AIRTELAFRI,2021-01-11,851.8,,,851.8,1813.0,2026-04-08T03:35:41.134484+00:00
138584,AIRTELAFRI,2021-01-12,851.8,,,851.8,9945.0,2026-04-08T03:35:43.444525+00:00
138689,AIRTELAFRI,2021-01-13,851.8,,,851.8,35139.0,2026-04-08T03:35:45.752573+00:00
138794,AIRTELAFRI,2021-01-14,851.8,,,851.8,58705.0,2026-04-08T03:35:48.266873+00:00
138899,AIRTELAFRI,2021-01-15,851.8,,,851.8,799.0,2026-04-08T03:35:50.536305+00:00
139004,AIRTELAFRI,2021-01-18,851.8,,,851.8,1224.0,2026-04-08T03:35:55.012207+00:00
139109,AIRTELAFRI,2021-01-19,851.8,,,851.8,13559.0,2026-04-08T03:35:57.346792+00:00
139214,AIRTELAFRI,2021-01-20,851.8,,,851.8,422.0,2026-04-08T03:35:59.785195+00:00
139319,AIRTELAFRI,2021-01-21,851.8,,,851.8,591.0,2026-04-08T03:36:02.057398+00:00
139424,AIRTELAFRI,2021-01-22,851.8,,,851.8,470925.0,2026-04-08T03:36:04.490813+00:00
139529,AIRTELAFRI,2021-01-25,855.0,,,855.0,335905.0,2026-04-08T03:36:09.142175+00:00
139634,AIRTELAFRI,2021-01-26,920.0,,,920.0,1333859.0,2026-04-08T03:36:11.477526+00:00
139739,AIRTELAFRI,2021-01-27,930.0,,,930.0,1912628.0,2026-04-08T03:36:13.916788+00:00
139844,AIRTELAFRI,2021-01-28,930.0,,,930.0,1013.0,2026-04-08T03:36:16.269205+00:00
139949,AIRTELAFRI,2021-01-29,930.0,,,930.0,1383.0,2026-04-08T03:36:18.603253+00:00
140054,AIRTELAFRI,2021-02-01,930.0,,,930.0,5114.0,2026-04-08T03:36:23.094546+00:00
140159,AIRTELAFRI,2021-02-02,930.0,,,930.0,2991.0,2026-04-08T03:36:25.523135+00:00
140264,AIRTELAFRI,2021-02-03,930.0,,,930.0,2708.0,2026-04-08T03:36:27.835035+00:00
140369,AIRTELAFRI,2021-02-04,930.0,,,930.0,816.0,2026-04-08T03:36:30.225924+00:00
140474,AIRTELAFRI,2021-02-05,930.0,,,930.0,2144.0,2026-04-08T03:36:32.587221+00:00
140579,AIRTELAFRI,2021-02-08,930.0,,,930.0,1452.0,2026-04-08T03:36:37.052653+00:00
140684,AIRTELAFRI,2021-02-09,930.0,,,930.0,1187.0,2026-04-08T03:36:39.468141+00:00
140789,AIRTELAFRI,2021-02-10,930.0,,,930.0,2637.0,2026-04-08T03:36:41.836322+00:00
140894,AIRTELAFRI,2021-02-11,930.0,,,930.0,11179.0,2026-04-08T03:36:44.255641+00:00
140999,AIRTELAFRI,2021-02-12,930.0,,,930.0,577.0,2026-04-08T03:36:46.553737+00:00
141104,AIRTELAFRI,2021-02-15,930.0,,,930.0,1111.0,2026-04-08T03:36:50.983127+00:00
141209,AIRTELAFRI,2021-02-16,930.0,,,930.0,211.0,2026-04-08T03:36:53.929967+00:00
141314,AIRTELAFRI,2021-02-17,930.0,,,930.0,3298.0,2026-04-08T03:36:56.762484+00:00
141419,AIRTELAFRI,2021-02-18,930.0,,,930.0,1577.0,2026-04-08T03:36:59.321693+00:00
141524,AIRTELAFRI,2021-02-19,930.0,,,930.0,1882.0,2026-04-08T03:37:01.817881+00:00
141629,AIRTELAFRI,2021-02-22,930.0,,,930.0,2100.0,2026-04-08T03:37:06.27808+00:00
141734,AIRTELAFRI,2021-02-23,930.0,,,930.0,361.0,2026-04-08T03:37:08.890934+00:00
141839,AIRTELAFRI,2021-02-24,930.0,,,930.0,65.0,2026-04-08T03:37:11.490979+00:00
141944,AIRTELAFRI,2021-02-25,930.0,,,930.0,813.0,2026-04-08T03:37:14.190372+00:00
142049,AIRTELAFRI,2021-02-26,930.0,,,930.0,567.0,2026-04-08T03:37:16.661186+00:00
142154,AIRTELAFRI,2021-03-01,930.0,,,930.0,48.0,2026-04-08T03:37:22.522205+00:00
142259,AIRTELAFRI,2021-03-02,930.0,,,930.0,745.0,2026-04-08T03:37:25.400973+00:00
142364,AIRTELAFRI,2021-03-03,930.0,,,930.0,274.0,2026-04-08T03:37:28.29584+00:00
142469,AIRTELAFRI,2021-03-04,930.0,,,930.0,28.0,2026-04-08T03:37:30.865183+00:00
142574,AIRTELAFRI,2021-03-05,930.0,,,930.0,417.0,2026-04-08T03:37:35.032922+00:00
142679,AIRTELAFRI,2021-03-08,930.0,,,930.0,11583.0,2026-04-08T03:37:40.957406+00:00
142784,AIRTELAFRI,2021-03-09,930.0,,,930.0,371.0,2026-04-08T03:37:43.478318+00:00
142889,AIRTELAFRI,2021-03-10,930.0,,,930.0,120.0,2026-04-08T03:37:46.075681+00:00
142994,AIRTELAFRI,2021-03-11,930.0,,,930.0,16.0,2026-04-08T03:37:49.142973+00:00
143099,AIRTELAFRI,2021-03-12,930.0,,,930.0,493.0,2026-04-08T03:37:51.827027+00:00
143204,AIRTELAFRI,2021-03-15,930.0,,,930.0,183.0,2026-04-08T03:37:56.632273+00:00
143309,AIRTELAFRI,2021-03-16,930.0,,,930.0,513.0,2026-04-08T03:37:59.157483+00:00
143414,AIRTELAFRI,2021-03-17,930.0,,,930.0,259.0,2026-04-08T03:38:01.497417+00:00
143519,AIRTELAFRI,2021-03-18,930.0,,,930.0,45961.0,2026-04-08T03:38:03.831621+00:00
143624,AIRTELAFRI,2021-03-19,930.0,,,930.0,865.0,2026-04-08T03:38:06.31825+00:00
143729,AIRTELAFRI,2021-03-22,930.0,,,930.0,29.0,2026-04-08T03:38:11.081229+00:00
143834,AIRTELAFRI,2021-03-23,930.0,,,930.0,42.0,2026-04-08T03:38:13.396015+00:00
143939,AIRTELAFRI,2021-03-24,930.0,,,930.0,72.0,2026-04-08T03:38:15.81449+00:00
144044,AIRTELAFRI,2021-03-25,930.0,,,930.0,174.0,2026-04-08T03:38:18.283134+00:00
144149,AIRTELAFRI,2021-03-26,930.0,,,930.0,358.0,2026-04-08T03:38:20.746814+00:00
144254,AIRTELAFRI,2021-03-29,930.0,,,930.0,39.0,2026-04-08T03:38:25.159246+00:00
144359,AIRTELAFRI,2021-03-30,930.0,,,930.0,120.0,2026-04-08T03:38:27.475529+00:00
144464,AIRTELAFRI,2021-03-31,930.0,,,930.0,1305.0,2026-04-08T03:38:29.710175+00:00
144569,AIRTELAFRI,2021-04-01,930.0,,,930.0,2301.0,2026-04-08T03:38:32.086622+00:00
144674,AIRTELAFRI,2021-04-06,930.0,,,930.0,294.0,2026-04-08T03:38:38.336109+00:00
144779,AIRTELAFRI,2021-04-07,930.0,,,930.0,375.0,2026-04-08T03:38:40.597593+00:00
144884,AIRTELAFRI,2021-04-08,930.0,,,930.0,56.0,2026-04-08T03:38:43.050318+00:00
144989,AIRTELAFRI,2021-04-09,930.0,,,930.0,832.0,2026-04-08T03:38:45.381101+00:00
145094,AIRTELAFRI,2021-04-12,930.0,,,930.0,924.0,2026-04-08T03:38:49.634064+00:00
145199,AIRTELAFRI,2021-04-14,930.0,,,930.0,32.0,2026-04-08T03:38:53.291299+00:00
145304,AIRTELAFRI,2021-04-15,930.0,,,930.0,0.0,2026-04-08T03:38:55.647647+00:00
145409,AIRTELAFRI,2021-04-16,930.0,,,930.0,162.0,2026-04-08T03:38:58.039758+00:00
145514,AIRTELAFRI,2021-04-19,930.0,,,930.0,163.0,2026-04-08T03:39:02.639407+00:00
145619,AIRTELAFRI,2021-04-20,930.0,,,930.0,327.0,2026-04-08T03:39:05.009889+00:00
145724,AIRTELAFRI,2021-04-21,930.0,,,930.0,471.0,2026-04-08T03:39:07.371999+00:00
145829,AIRTELAFRI,2021-04-22,930.0,,,930.0,202.0,2026-04-08T03:39:09.720023+00:00
145934,AIRTELAFRI,2021-04-26,930.0,,,930.0,1.0,2026-04-08T03:39:15.36746+00:00
146039,AIRTELAFRI,2021-04-27,930.0,,,930.0,10.0,2026-04-08T03:39:17.695414+00:00
146144,AIRTELAFRI,2021-04-28,930.0,,,930.0,2851.0,2026-04-08T03:39:20.620007+00:00
146249,AIRTELAFRI,2021-04-29,930.0,,,930.0,12.0,2026-04-08T03:39:22.905871+00:00
146354,AIRTELAFRI,2021-04-30,930.0,,,930.0,45.0,2026-04-08T03:39:25.430976+00:00
146459,AIRTELAFRI,2021-05-04,930.0,,,930.0,359.0,2026-04-08T03:39:31.322792+00:00
146564,AIRTELAFRI,2021-05-05,930.0,,,930.0,705.0,2026-04-08T03:39:33.759587+00:00
146669,AIRTELAFRI,2021-05-06,930.0,,,930.0,183.0,2026-04-08T03:39:36.246061+00:00
146774,AIRTELAFRI,2021-05-07,930.0,,,930.0,152.0,2026-04-08T03:39:38.47254+00:00
146879,AIRTELAFRI,2021-05-10,930.0,,,930.0,46.0,2026-04-08T03:39:42.886326+00:00
146984,AIRTELAFRI,2021-05-11,930.0,,,930.0,511.0,2026-04-08T03:39:45.288668+00:00
147089,AIRTELAFRI,2021-05-14,930.0,,,930.0,215.0,2026-04-08T03:39:49.859206+00:00
147194,AIRTELAFRI,2021-05-17,930.0,,,930.0,237.0,2026-04-08T03:39:54.343913+00:00
147299,AIRTELAFRI,2021-05-18,930.0,,,930.0,88.0,2026-04-08T03:39:57.092526+00:00
147404,AIRTELAFRI,2021-05-19,837.0,,,837.0,130010.0,2026-04-08T03:39:59.433321+00:00
147509,AIRTELAFRI,2021-05-20,837.0,,,837.0,131.0,2026-04-08T03:40:01.906518+00:00
147614,AIRTELAFRI,2021-05-21,837.0,,,837.0,371.0,2026-04-08T03:40:04.221824+00:00
147719,AIRTELAFRI,2021-05-24,837.0,,,837.0,611.0,2026-04-08T03:40:08.535937+00:00
147824,AIRTELAFRI,2021-05-25,837.0,,,837.0,422.0,2026-04-08T03:40:10.790359+00:00
147929,AIRTELAFRI,2021-05-26,837.0,,,837.0,95.0,2026-04-08T03:40:13.088105+00:00
148034,AIRTELAFRI,2021-05-27,837.0,,,837.0,16.0,2026-04-08T03:40:15.774564+00:00
148139,AIRTELAFRI,2021-05-28,837.0,,,837.0,37.0,2026-04-08T03:40:18.222614+00:00
148244,AIRTELAFRI,2021-05-31,837.0,,,837.0,1613.0,2026-04-08T03:40:23.651574+00:00
148349,AIRTELAFRI,2021-06-01,837.0,,,837.0,1029.0,2026-04-08T03:40:26.050454+00:00
148454,AIRTELAFRI,2021-06-02,837.0,,,837.0,119.0,2026-04-08T03:40:28.576306+00:00
148559,AIRTELAFRI,2021-06-03,837.0,,,837.0,1756.0,2026-04-08T03:40:31.001459+00:00
148664,AIRTELAFRI,2021-06-04,837.0,,,837.0,986.0,2026-04-08T03:40:33.442796+00:00
148769,AIRTELAFRI,2021-06-07,837.0,,,837.0,522.0,2026-04-08T03:40:37.732645+00:00
148874,AIRTELAFRI,2021-06-08,837.0,,,837.0,50229.0,2026-04-08T03:40:40.102423+00:00
148979,AIRTELAFRI,2021-06-09,837.0,,,837.0,48.0,2026-04-08T03:40:42.486352+00:00
149084,AIRTELAFRI,2021-06-10,837.0,,,837.0,1593.0,2026-04-08T03:40:45.029393+00:00
149189,AIRTELAFRI,2021-06-11,837.0,,,837.0,50408.0,2026-04-08T03:40:47.465669+00:00
149294,AIRTELAFRI,2021-06-15,753.3,,,753.3,100356.0,2026-04-08T03:40:53.415974+00:00
149399,AIRTELAFRI,2021-06-16,753.3,,,753.3,10762.0,2026-04-08T03:40:55.754681+00:00
149505,AIRTELAFRI,2021-06-17,753.3,,,753.3,348.0,2026-04-08T03:40:58.172345+00:00
149611,AIRTELAFRI,2021-06-18,753.3,,,753.3,457.0,2026-04-08T03:41:00.479054+00:00
149717,AIRTELAFRI,2021-06-21,753.3,,,753.3,1997.0,2026-04-08T03:41:05.049703+00:00
149824,AIRTELAFRI,2021-06-22,678.0,,,678.0,100673.0,2026-04-08T03:41:07.444448+00:00
149931,AIRTELAFRI,2021-06-23,678.0,,,678.0,23910.0,2026-04-08T03:41:09.819069+00:00
150038,AIRTELAFRI,2021-06-24,678.0,,,678.0,1221.0,2026-04-08T03:41:12.2583+00:00
150145,AIRTELAFRI,2021-06-25,678.0,,,678.0,809.0,2026-04-08T03:41:14.6351+00:00
150252,AIRTELAFRI,2021-06-28,667.7,,,667.7,773.0,2026-04-08T03:41:19.428749+00:00
150359,AIRTELAFRI,2021-06-29,667.7,,,667.7,2374.0,2026-04-08T03:41:22.147646+00:00
150466,AIRTELAFRI,2021-06-30,667.7,,,667.7,2275.0,2026-04-08T03:41:24.723581+00:00
150573,AIRTELAFRI,2021-07-01,667.7,,,667.7,2785.0,2026-04-08T03:41:27.253573+00:00
150680,AIRTELAFRI,2021-07-02,667.7,,,667.7,2511.0,2026-04-08T03:41:29.882533+00:00
150787,AIRTELAFRI,2021-07-05,667.7,,,667.7,972.0,2026-04-08T03:41:34.454391+00:00
150894,AIRTELAFRI,2021-07-06,667.7,,,667.7,9960.0,2026-04-08T03:41:36.982623+00:00
151001,AIRTELAFRI,2021-07-07,667.7,,,667.7,2946.0,2026-04-08T03:41:39.307643+00:00
151108,AIRTELAFRI,2021-07-08,667.7,,,667.7,4029.0,2026-04-08T03:41:41.672436+00:00
151216,AIRTELAFRI,2021-07-09,601.0,,,601.0,111303.0,2026-04-08T03:41:44.186247+00:00
151324,AIRTELAFRI,2021-07-12,601.0,,,601.0,690309.0,2026-04-08T03:41:48.615121+00:00
151432,AIRTELAFRI,2021-07-13,601.0,,,601.0,2009.0,2026-04-08T03:41:50.993586+00:00
151540,AIRTELAFRI,2021-07-14,601.0,,,601.0,2786.0,2026-04-08T03:41:53.268+00:00
151648,AIRTELAFRI,2021-07-15,601.0,,,601.0,214.0,2026-04-08T03:41:55.50175+00:00
151756,AIRTELAFRI,2021-07-16,601.0,,,601.0,2478.0,2026-04-08T03:41:57.978751+00:00
151864,AIRTELAFRI,2021-07-19,601.0,,,601.0,1186.0,2026-04-08T03:42:02.439681+00:00
151972,AIRTELAFRI,2021-07-22,601.0,,,601.0,1074.0,2026-04-08T03:42:06.938387+00:00
152080,AIRTELAFRI,2021-07-23,601.0,,,601.0,529.0,2026-04-08T03:42:09.224536+00:00
152188,AIRTELAFRI,2021-07-26,615.0,,,615.0,200346.0,2026-04-08T03:42:13.888963+00:00
152296,AIRTELAFRI,2021-07-27,615.0,,,615.0,9544.0,2026-04-08T03:42:16.300026+00:00
152404,AIRTELAFRI,2021-07-28,615.0,,,615.0,313.0,2026-04-08T03:42:18.733972+00:00
152512,AIRTELAFRI,2021-07-29,615.0,,,615.0,2173.0,2026-04-08T03:42:21.196071+00:00
152620,AIRTELAFRI,2021-07-30,615.0,,,615.0,4175.0,2026-04-08T03:42:23.780537+00:00
152728,AIRTELAFRI,2021-08-02,615.0,,,615.0,4213.0,2026-04-08T03:42:28.457705+00:00
152836,AIRTELAFRI,2021-08-03,650.0,,,650.0,155816.0,2026-04-08T03:42:31.094462+00:00
152944,AIRTELAFRI,2021-08-04,650.0,,,650.0,8963.0,2026-04-08T03:42:33.531563+00:00
153052,AIRTELAFRI,2021-08-05,650.0,,,650.0,455.0,2026-04-08T03:42:35.917081+00:00
153160,AIRTELAFRI,2021-08-06,650.0,,,650.0,2471.0,2026-04-08T03:42:38.23616+00:00
153268,AIRTELAFRI,2021-08-09,650.0,,,650.0,284.0,2026-04-08T03:42:42.878342+00:00
153376,AIRTELAFRI,2021-08-10,715.0,,,715.0,116711.0,2026-04-08T03:42:45.264053+00:00
153484,AIRTELAFRI,2021-08-12,750.0,,,750.0,2927.0,2026-04-08T03:42:48.762656+00:00
153592,AIRTELAFRI,2021-08-13,750.0,,,750.0,221181.0,2026-04-08T03:42:51.120096+00:00
153700,AIRTELAFRI,2021-08-16,750.0,,,750.0,2905.0,2026-04-08T03:42:55.556429+00:00
153808,AIRTELAFRI,2021-08-17,750.0,,,750.0,5814.0,2026-04-08T03:42:57.870214+00:00
153916,AIRTELAFRI,2021-08-18,750.0,,,750.0,385553.0,2026-04-08T03:43:00.318272+00:00
154024,AIRTELAFRI,2021-08-19,750.0,,,750.0,100521.0,2026-04-08T03:43:02.743698+00:00
154132,AIRTELAFRI,2021-08-20,750.0,,,750.0,1359.0,2026-04-08T03:43:05.111187+00:00
154240,AIRTELAFRI,2021-08-23,750.0,,,750.0,7037.0,2026-04-08T03:43:09.725908+00:00
154348,AIRTELAFRI,2021-08-24,750.0,,,750.0,3406.0,2026-04-08T03:43:12.031989+00:00
154456,AIRTELAFRI,2021-08-25,750.0,,,750.0,133.0,2026-04-08T03:43:14.375004+00:00
154564,AIRTELAFRI,2021-08-26,750.0,,,750.0,2215.0,2026-04-08T03:43:16.860503+00:00
154672,AIRTELAFRI,2021-08-27,750.0,,,750.0,46449.0,2026-04-08T03:43:19.247601+00:00
154780,AIRTELAFRI,2021-08-30,750.0,,,750.0,9020.0,2026-04-08T03:43:23.756871+00:00
154888,AIRTELAFRI,2021-08-31,750.0,,,750.0,30347.0,2026-04-08T03:43:26.203018+00:00
154996,AIRTELAFRI,2021-09-01,750.0,,,750.0,155.0,2026-04-08T03:43:28.430514+00:00
155104,AIRTELAFRI,2021-09-02,750.0,,,750.0,119.0,2026-04-08T03:43:30.63423+00:00
155212,AIRTELAFRI,2021-09-03,750.0,,,750.0,1440.0,2026-04-08T03:43:33.173741+00:00
155320,AIRTELAFRI,2021-09-06,750.0,,,750.0,32.0,2026-04-08T03:43:37.566628+00:00
155428,AIRTELAFRI,2021-09-07,750.0,,,750.0,88.0,2026-04-08T03:43:39.870652+00:00
155536,AIRTELAFRI,2021-09-08,750.0,,,750.0,321.0,2026-04-08T03:43:42.125577+00:00
155644,AIRTELAFRI,2021-09-09,750.0,,,750.0,250044.0,2026-04-08T03:43:44.739177+00:00
155752,AIRTELAFRI,2021-09-10,715.0,,,715.0,900454.0,2026-04-08T03:43:47.339386+00:00
155860,AIRTELAFRI,2021-09-13,715.0,,,715.0,397.0,2026-04-08T03:43:51.822078+00:00
155968,AIRTELAFRI,2021-09-14,715.0,,,715.0,18.0,2026-04-08T03:43:54.260371+00:00
156076,AIRTELAFRI,2021-09-15,715.0,,,715.0,1237.0,2026-04-08T03:43:56.896801+00:00
156184,AIRTELAFRI,2021-09-16,715.0,,,715.0,1806.0,2026-04-08T03:43:59.227477+00:00
156292,AIRTELAFRI,2021-09-20,715.0,,,715.0,3044.0,2026-04-08T03:44:04.993721+00:00
156400,AIRTELAFRI,2021-09-21,715.0,,,715.0,161.0,2026-04-08T03:44:07.727357+00:00
156508,AIRTELAFRI,2021-09-22,715.0,,,715.0,50261.0,2026-04-08T03:44:10.239254+00:00
156616,AIRTELAFRI,2021-09-23,715.0,,,715.0,30555.0,2026-04-08T03:44:12.661605+00:00
156724,AIRTELAFRI,2021-09-24,715.0,,,715.0,78.0,2026-04-08T03:44:15.34542+00:00
156832,AIRTELAFRI,2021-09-27,715.0,,,715.0,430.0,2026-04-08T03:44:19.850483+00:00
156940,AIRTELAFRI,2021-09-28,715.0,,,715.0,469.0,2026-04-08T03:44:22.678655+00:00
157048,AIRTELAFRI,2021-09-29,715.0,,,715.0,90.0,2026-04-08T03:44:25.133662+00:00
157156,AIRTELAFRI,2021-09-30,715.0,,,715.0,757.0,2026-04-08T03:44:27.471646+00:00
157264,AIRTELAFRI,2021-10-04,715.0,,,715.0,505.0,2026-04-08T03:44:32.876267+00:00
157372,AIRTELAFRI,2021-10-05,760.0,,,760.0,693342.0,2026-04-08T03:44:35.445743+00:00
157480,AIRTELAFRI,2021-10-06,760.0,,,760.0,3745.0,2026-04-08T03:44:37.876116+00:00
157588,AIRTELAFRI,2021-10-07,760.0,,,760.0,469.0,2026-04-08T03:44:40.206594+00:00
157696,AIRTELAFRI,2021-10-08,760.0,,,760.0,1004.0,2026-04-08T03:44:42.63936+00:00
157804,AIRTELAFRI,2021-10-11,760.0,,,760.0,723.0,2026-04-08T03:44:47.21782+00:00
157912,AIRTELAFRI,2021-10-12,760.0,,,760.0,1949.0,2026-04-08T03:44:49.55017+00:00
158020,AIRTELAFRI,2021-10-13,760.0,,,760.0,4397.0,2026-04-08T03:44:52.157785+00:00
158128,AIRTELAFRI,2021-10-14,760.0,,,760.0,20.0,2026-04-08T03:44:54.53471+00:00
158237,AIRTELAFRI,2021-10-15,760.0,,,760.0,232.0,2026-04-08T03:44:56.91657+00:00
158346,AIRTELAFRI,2021-10-18,760.0,,,760.0,814.0,2026-04-08T03:45:01.595863+00:00
158455,AIRTELAFRI,2021-10-20,760.0,,,760.0,1586.0,2026-04-08T03:45:05.471144+00:00
158564,AIRTELAFRI,2021-10-21,770.0,,,770.0,937907.0,2026-04-08T03:45:08.008029+00:00
158671,AIRTELAFRI,2021-10-22,770.0,,,770.0,69.0,2026-04-08T03:45:10.474564+00:00
158780,AIRTELAFRI,2021-10-25,780.0,,,780.0,167837.0,2026-04-08T03:45:15.28358+00:00
158889,AIRTELAFRI,2021-10-26,780.0,,,780.0,711398.0,2026-04-08T03:45:17.74539+00:00
158998,AIRTELAFRI,2021-10-27,780.0,,,780.0,51830.0,2026-04-08T03:45:20.303823+00:00
159107,AIRTELAFRI,2021-10-28,780.0,,,780.0,3476.0,2026-04-08T03:45:22.610226+00:00
159216,AIRTELAFRI,2021-10-29,780.0,,,780.0,634.0,2026-04-08T03:45:25.013779+00:00
159325,AIRTELAFRI,2021-11-01,780.0,,,780.0,2705.0,2026-04-08T03:45:29.747778+00:00
159434,AIRTELAFRI,2021-11-02,780.0,,,780.0,4546.0,2026-04-08T03:45:32.292585+00:00
159543,AIRTELAFRI,2021-11-03,780.0,,,780.0,1304.0,2026-04-08T03:45:34.604091+00:00
159652,AIRTELAFRI,2021-11-04,780.0,,,780.0,2104.0,2026-04-08T03:45:37.086301+00:00
159761,AIRTELAFRI,2021-11-05,780.0,,,780.0,10223.0,2026-04-08T03:45:39.522081+00:00
159870,AIRTELAFRI,2021-11-08,858.0,,,858.0,199774.0,2026-04-08T03:45:44.061968+00:00
159979,AIRTELAFRI,2021-11-10,880.0,,,880.0,2899.0,2026-04-08T03:45:47.530577+00:00
160088,AIRTELAFRI,2021-11-11,871.7,,,871.7,2403.0,2026-04-08T03:45:49.990111+00:00
160197,AIRTELAFRI,2021-11-12,871.7,,,871.7,2004.0,2026-04-08T03:45:52.531373+00:00
160306,AIRTELAFRI,2021-11-15,871.7,,,871.7,58723.0,2026-04-08T03:45:57.041913+00:00
160415,AIRTELAFRI,2021-11-17,910.0,,,910.0,55718.0,2026-04-08T03:46:00.536124+00:00
160524,AIRTELAFRI,2021-11-18,913.0,,,913.0,734903.0,2026-04-08T03:46:03.012698+00:00
160633,AIRTELAFRI,2021-11-19,915.0,,,915.0,395165.0,2026-04-08T03:46:05.423699+00:00
160742,AIRTELAFRI,2021-11-22,915.0,,,915.0,5114.0,2026-04-08T03:46:10.306395+00:00
160851,AIRTELAFRI,2021-11-23,915.0,,,915.0,224989.0,2026-04-08T03:46:12.888041+00:00
160960,AIRTELAFRI,2021-11-24,915.0,,,915.0,559.0,2026-04-08T03:46:15.261589+00:00
161069,AIRTELAFRI,2021-11-25,915.0,,,915.0,911.0,2026-04-08T03:46:17.544601+00:00
161178,AIRTELAFRI,2021-11-29,950.0,,,950.0,715570.0,2026-04-08T03:46:23.244686+00:00
161287,AIRTELAFRI,2021-11-30,950.0,,,950.0,51281.0,2026-04-08T03:46:25.627389+00:00
161396,AIRTELAFRI,2021-12-01,950.0,,,950.0,59100.0,2026-04-08T03:46:28.190956+00:00
161505,AIRTELAFRI,2021-12-02,950.0,,,950.0,49312.0,2026-04-08T03:46:30.651544+00:00
161614,AIRTELAFRI,2021-12-03,955.0,,,955.0,226661.0,2026-04-08T03:46:33.124129+00:00
161723,AIRTELAFRI,2021-12-06,955.0,,,955.0,13321.0,2026-04-08T03:46:37.622095+00:00
161832,AIRTELAFRI,2021-12-07,955.0,,,955.0,54677.0,2026-04-08T03:46:39.947423+00:00
161941,AIRTELAFRI,2021-12-08,955.0,,,955.0,362.0,2026-04-08T03:46:42.482337+00:00
162050,AIRTELAFRI,2021-12-09,955.0,,,955.0,20232.0,2026-04-08T03:46:44.852467+00:00
162159,AIRTELAFRI,2021-12-10,955.0,,,955.0,265.0,2026-04-08T03:46:47.321476+00:00
162269,AIRTELAFRI,2021-12-13,955.0,,,955.0,5131.0,2026-04-08T03:46:51.775824+00:00
162379,AIRTELAFRI,2021-12-14,955.0,,,955.0,11073.0,2026-04-08T03:46:54.126877+00:00
162489,AIRTELAFRI,2021-12-15,955.0,,,955.0,33.0,2026-04-08T03:46:56.822916+00:00
162599,AIRTELAFRI,2021-12-16,955.0,,,955.0,496.0,2026-04-08T03:46:59.215115+00:00
162709,AIRTELAFRI,2021-12-17,955.0,,,955.0,114.0,2026-04-08T03:47:01.752329+00:00
162820,AIRTELAFRI,2021-12-20,955.0,,,955.0,3135.0,2026-04-08T03:47:06.293287+00:00
162931,AIRTELAFRI,2021-12-21,955.0,,,955.0,1061.0,2026-04-08T03:47:08.729464+00:00
163042,AIRTELAFRI,2021-12-22,955.0,,,955.0,25648.0,2026-04-08T03:47:11.106283+00:00
163153,AIRTELAFRI,2021-12-23,955.0,,,955.0,653.0,2026-04-08T03:47:13.420215+00:00
163264,AIRTELAFRI,2021-12-24,955.0,,,955.0,5.0,2026-04-08T03:47:15.708642+00:00
163375,AIRTELAFRI,2021-12-29,955.0,,,955.0,244.0,2026-04-08T03:47:22.624079+00:00
163486,AIRTELAFRI,2021-12-30,955.0,,,955.0,515.0,2026-04-08T03:47:25.019388+00:00
163597,AIRTELAFRI,2021-12-31,955.0,,,955.0,53.0,2026-04-08T03:47:27.803632+00:00
163708,AIRTELAFRI,2022-01-04,955.0,,,955.0,4574.0,2026-04-08T03:47:33.190226+00:00
163820,AIRTELAFRI,2022-01-05,1050.5,,,1050.5,251945.0,2026-04-08T03:47:35.481449+00:00
163932,AIRTELAFRI,2022-01-06,1050.5,,,1050.5,11141.0,2026-04-08T03:47:38.067383+00:00
164044,AIRTELAFRI,2022-01-07,1050.5,,,1050.5,61087.0,2026-04-08T03:47:40.483305+00:00
164156,AIRTELAFRI,2022-01-10,1050.5,,,1050.5,24875.0,2026-04-08T03:47:45.097739+00:00
164268,AIRTELAFRI,2022-01-11,1050.5,,,1050.5,2094.0,2026-04-08T03:47:47.617941+00:00
164380,AIRTELAFRI,2022-01-12,1050.5,,,1050.5,3281.0,2026-04-08T03:47:50.132225+00:00
164492,AIRTELAFRI,2022-01-13,1050.5,,,1050.5,28256.0,2026-04-08T03:47:52.673244+00:00
164604,AIRTELAFRI,2022-01-14,1050.5,,,1050.5,9585.0,2026-04-08T03:47:55.308832+00:00
164716,AIRTELAFRI,2022-01-17,1050.5,,,1050.5,1722.0,2026-04-08T03:47:59.999655+00:00
164828,AIRTELAFRI,2022-01-18,1050.5,,,1050.5,1096.0,2026-04-08T03:48:02.353596+00:00
164940,AIRTELAFRI,2022-01-19,1155.5,,,1155.5,170148.0,2026-04-08T03:48:04.820784+00:00
165052,AIRTELAFRI,2022-01-20,1155.5,,,1155.5,1178.0,2026-04-08T03:48:07.325935+00:00
165164,AIRTELAFRI,2022-01-21,1155.5,,,1155.5,1852.0,2026-04-08T03:48:09.696329+00:00
165276,AIRTELAFRI,2022-01-24,1155.5,,,1155.5,30947.0,2026-04-08T03:48:14.136661+00:00
165388,AIRTELAFRI,2022-01-25,1155.5,,,1155.5,1099.0,2026-04-08T03:48:16.50614+00:00
165500,AIRTELAFRI,2022-01-26,1271.0,,,1271.0,405454.0,2026-04-08T03:48:19.024911+00:00
165612,AIRTELAFRI,2022-01-27,1271.0,,,1271.0,5395.0,2026-04-08T03:48:21.585909+00:00
165724,AIRTELAFRI,2022-01-28,1271.0,,,1271.0,13402.0,2026-04-08T03:48:23.969021+00:00
165836,AIRTELAFRI,2022-01-31,1271.0,,,1271.0,11036.0,2026-04-08T03:48:28.465348+00:00
165948,AIRTELAFRI,2022-02-01,1271.0,,,1271.0,3793.0,2026-04-08T03:48:30.807911+00:00
166060,AIRTELAFRI,2022-02-02,1271.0,,,1271.0,5470.0,2026-04-08T03:48:33.305516+00:00
166172,AIRTELAFRI,2022-02-03,1271.0,,,1271.0,1851.0,2026-04-08T03:48:35.918914+00:00
166284,AIRTELAFRI,2022-02-04,1271.0,,,1271.0,6236.0,2026-04-08T03:48:38.317721+00:00
166396,AIRTELAFRI,2022-02-07,1271.0,,,1271.0,39918.0,2026-04-08T03:48:42.904693+00:00
166508,AIRTELAFRI,2022-02-08,1271.0,,,1271.0,3964.0,2026-04-08T03:48:45.378139+00:00
166620,AIRTELAFRI,2022-02-09,1271.0,,,1271.0,951.0,2026-04-08T03:48:48.035665+00:00
166732,AIRTELAFRI,2022-02-10,1271.0,,,1271.0,430.0,2026-04-08T03:48:50.398564+00:00
166844,AIRTELAFRI,2022-02-11,1271.0,,,1271.0,3023.0,2026-04-08T03:48:52.774016+00:00
166956,AIRTELAFRI,2022-02-14,1250.0,,,1250.0,515996.0,2026-04-08T03:48:57.293433+00:00
167068,AIRTELAFRI,2022-02-15,1250.0,,,1250.0,5136.0,2026-04-08T03:48:59.662493+00:00
167180,AIRTELAFRI,2022-02-16,1260.0,,,1260.0,233842.0,2026-04-08T03:49:02.003783+00:00
167292,AIRTELAFRI,2022-02-17,1260.0,,,1260.0,8383.0,2026-04-08T03:49:04.32656+00:00
167404,AIRTELAFRI,2022-02-18,1260.0,,,1260.0,8249.0,2026-04-08T03:49:06.711382+00:00
167516,AIRTELAFRI,2022-02-21,1260.0,,,1260.0,6254.0,2026-04-08T03:49:10.978464+00:00
167628,AIRTELAFRI,2022-02-22,1260.0,,,1260.0,1186.0,2026-04-08T03:49:13.528869+00:00
167740,AIRTELAFRI,2022-02-23,1260.0,,,1260.0,251044.0,2026-04-08T03:49:15.914345+00:00
167852,AIRTELAFRI,2022-02-24,1260.0,,,1260.0,703.0,2026-04-08T03:49:18.676795+00:00
167964,AIRTELAFRI,2022-02-25,1260.0,,,1260.0,60409.0,2026-04-08T03:49:21.264729+00:00
168076,AIRTELAFRI,2022-02-28,1260.0,,,1260.0,204505.0,2026-04-08T03:49:25.620712+00:00
168188,AIRTELAFRI,2022-03-01,1260.0,,,1260.0,226.0,2026-04-08T03:49:28.049171+00:00
168300,AIRTELAFRI,2022-03-02,1260.0,,,1260.0,390213.0,2026-04-08T03:49:30.283109+00:00
168412,AIRTELAFRI,2022-03-03,1260.0,,,1260.0,8755.0,2026-04-08T03:49:32.551227+00:00
168524,AIRTELAFRI,2022-03-04,1260.0,,,1260.0,20110.0,2026-04-08T03:49:34.968546+00:00
168636,AIRTELAFRI,2022-03-07,1260.0,,,1260.0,81018.0,2026-04-08T03:49:39.227432+00:00
168748,AIRTELAFRI,2022-03-08,1260.0,,,1260.0,21457.0,2026-04-08T03:49:41.475537+00:00
168860,AIRTELAFRI,2022-03-09,1260.0,,,1260.0,3157.0,2026-04-08T03:49:43.759827+00:00
168972,AIRTELAFRI,2022-03-10,1260.0,,,1260.0,237.0,2026-04-08T03:49:46.077826+00:00
169084,AIRTELAFRI,2022-03-11,1260.0,,,1260.0,820.0,2026-04-08T03:49:48.438529+00:00
169196,AIRTELAFRI,2022-03-14,1260.0,,,1260.0,7019.0,2026-04-08T03:49:53.114563+00:00
169308,AIRTELAFRI,2022-03-15,1260.0,,,1260.0,149.0,2026-04-08T03:49:55.533531+00:00
169420,AIRTELAFRI,2022-03-16,1260.0,,,1260.0,1350.0,2026-04-08T03:49:57.903122+00:00
169532,AIRTELAFRI,2022-03-17,1260.0,,,1260.0,251.0,2026-04-08T03:50:00.211329+00:00
169644,AIRTELAFRI,2022-03-18,1260.0,,,1260.0,185144.0,2026-04-08T03:50:02.865266+00:00
169756,AIRTELAFRI,2022-03-21,1260.0,,,1260.0,207927.0,2026-04-08T03:50:07.476142+00:00
169868,AIRTELAFRI,2022-03-24,1260.0,,,1260.0,99048.0,2026-04-08T03:50:12.041871+00:00
169980,AIRTELAFRI,2022-03-25,1260.0,,,1260.0,150574.0,2026-04-08T03:50:14.507747+00:00
170092,AIRTELAFRI,2022-03-28,1260.0,,,1260.0,489.0,2026-04-08T03:50:18.995306+00:00
170204,AIRTELAFRI,2022-03-29,1260.0,,,1260.0,457.0,2026-04-08T03:50:21.48252+00:00
170316,AIRTELAFRI,2022-03-31,1260.4,,,1260.4,903740.0,2026-04-08T03:50:25.686443+00:00
170428,AIRTELAFRI,2022-04-01,1260.4,,,1260.4,34.0,2026-04-08T03:50:28.209626+00:00
170540,AIRTELAFRI,2022-04-04,1260.4,,,1260.4,7.0,2026-04-08T03:50:32.692631+00:00
170652,AIRTELAFRI,2022-04-05,1260.4,,,1260.4,10738.0,2026-04-08T03:50:35.152392+00:00
170764,AIRTELAFRI,2022-04-06,1260.4,,,1260.4,410.0,2026-04-08T03:50:37.478667+00:00
170876,AIRTELAFRI,2022-04-07,1260.4,,,1260.4,178.0,2026-04-08T03:50:39.880974+00:00
170988,AIRTELAFRI,2022-04-08,1260.4,,,1260.4,143.0,2026-04-08T03:50:42.48638+00:00
171100,AIRTELAFRI,2022-04-11,1260.4,,,1260.4,103688.0,2026-04-08T03:50:47.197044+00:00
171212,AIRTELAFRI,2022-04-12,1260.4,,,1260.4,2745.0,2026-04-08T03:50:49.473284+00:00
171324,AIRTELAFRI,2022-04-13,1260.4,,,1260.4,31.0,2026-04-08T03:50:51.878986+00:00
171436,AIRTELAFRI,2022-04-14,1260.4,,,1260.4,509.0,2026-04-08T03:50:54.439705+00:00
171548,AIRTELAFRI,2022-04-19,1260.4,,,1260.4,918.0,2026-04-08T03:51:01.439974+00:00
171660,AIRTELAFRI,2022-04-20,1320.0,,,1320.0,233956.0,2026-04-08T03:51:03.698116+00:00
171772,AIRTELAFRI,2022-04-21,1320.0,,,1320.0,449.0,2026-04-08T03:51:06.083072+00:00
171884,AIRTELAFRI,2022-04-22,1320.0,,,1320.0,258061.0,2026-04-08T03:51:08.393199+00:00
171996,AIRTELAFRI,2022-04-25,1320.0,,,1320.0,1966.0,2026-04-08T03:51:12.880327+00:00
172108,AIRTELAFRI,2022-04-26,1320.0,,,1320.0,280053.0,2026-04-08T03:51:15.284155+00:00
172220,AIRTELAFRI,2022-04-27,1320.0,,,1320.0,1119.0,2026-04-08T03:51:17.680395+00:00
172332,AIRTELAFRI,2022-04-28,1320.0,,,1320.0,14463.0,2026-04-08T03:51:20.413235+00:00
172444,AIRTELAFRI,2022-04-29,1386.0,,,1386.0,210713.0,2026-04-08T03:51:22.882631+00:00
172556,AIRTELAFRI,2022-05-04,1386.0,,,1386.0,29775.0,2026-04-08T03:51:29.674847+00:00
172668,AIRTELAFRI,2022-05-05,1400.0,,,1400.0,319161.0,2026-04-08T03:51:32.050072+00:00
172781,AIRTELAFRI,2022-05-09,1400.0,,,1400.0,2345.0,2026-04-08T03:51:37.853933+00:00
172894,AIRTELAFRI,2022-05-10,1400.0,,,1400.0,1555.0,2026-04-08T03:51:40.332012+00:00
173007,AIRTELAFRI,2022-05-11,1400.0,,,1400.0,23793.0,2026-04-08T03:51:42.74313+00:00
173120,AIRTELAFRI,2022-05-12,1400.0,,,1400.0,75253.0,2026-04-08T03:51:45.11326+00:00
173233,AIRTELAFRI,2022-05-13,1400.0,,,1400.0,61535.0,2026-04-08T03:51:47.585464+00:00
173346,AIRTELAFRI,2022-05-16,1400.0,,,1400.0,174554.0,2026-04-08T03:51:52.042574+00:00
173459,AIRTELAFRI,2022-05-17,1400.0,,,1400.0,4872.0,2026-04-08T03:51:54.492158+00:00
173572,AIRTELAFRI,2022-05-18,1400.0,,,1400.0,1047.0,2026-04-08T03:51:57.297116+00:00
173685,AIRTELAFRI,2022-05-19,1400.0,,,1400.0,114.0,2026-04-08T03:51:59.624655+00:00
173798,AIRTELAFRI,2022-05-20,1470.0,,,1470.0,701954.0,2026-04-08T03:52:02.40298+00:00
173911,AIRTELAFRI,2022-05-23,1470.0,,,1470.0,5996.0,2026-04-08T03:52:07.648814+00:00
174024,AIRTELAFRI,2022-05-24,1470.0,,,1470.0,27062.0,2026-04-08T03:52:10.277037+00:00
174137,AIRTELAFRI,2022-05-25,1608.0,,,1608.0,402800.0,2026-04-08T03:52:13.066486+00:00
174250,AIRTELAFRI,2022-05-26,1608.0,,,1608.0,11026.0,2026-04-08T03:52:15.508934+00:00
174363,AIRTELAFRI,2022-05-27,1767.0,,,1767.0,1392412.0,2026-04-08T03:52:18.156913+00:00
174476,AIRTELAFRI,2022-05-30,1767.0,,,1767.0,50244.0,2026-04-08T03:52:22.656757+00:00
174589,AIRTELAFRI,2022-05-31,1767.0,,,1767.0,14673.0,2026-04-08T03:52:25.114026+00:00
174702,AIRTELAFRI,2022-06-01,1767.0,,,1767.0,327551.0,2026-04-08T03:52:27.834682+00:00
174815,AIRTELAFRI,2022-06-02,1766.0,,,1766.0,127770.0,2026-04-08T03:52:30.493727+00:00
174928,AIRTELAFRI,2022-06-03,1766.0,,,1766.0,2940.0,2026-04-08T03:52:33.10221+00:00
175041,AIRTELAFRI,2022-06-06,1766.0,,,1766.0,514.0,2026-04-08T03:52:37.969718+00:00
175154,AIRTELAFRI,2022-06-07,1766.0,,,1766.0,194848.0,2026-04-08T03:52:40.734023+00:00
175267,AIRTELAFRI,2022-06-08,1766.0,,,1766.0,25725.0,2026-04-08T03:52:43.634804+00:00
175380,AIRTELAFRI,2022-06-09,1766.0,,,1766.0,1425.0,2026-04-08T03:52:46.431396+00:00
175493,AIRTELAFRI,2022-06-10,1766.0,,,1766.0,46851.0,2026-04-08T03:52:48.916453+00:00
175606,AIRTELAFRI,2022-06-14,1766.0,,,1766.0,91255.0,2026-04-08T03:52:55.08065+00:00
175719,AIRTELAFRI,2022-06-15,1766.0,,,1766.0,46361.0,2026-04-08T03:52:57.782204+00:00
175832,AIRTELAFRI,2022-06-16,1745.0,,,1745.0,196025.0,2026-04-08T03:53:00.45527+00:00
175945,AIRTELAFRI,2022-06-17,1745.0,,,1745.0,267839.0,2026-04-08T03:53:03.647185+00:00
176058,AIRTELAFRI,2022-06-20,1745.0,,,1745.0,48420.0,2026-04-08T03:53:09.449588+00:00
176171,AIRTELAFRI,2022-06-21,1745.0,,,1745.0,282.0,2026-04-08T03:53:11.833027+00:00
176284,AIRTELAFRI,2022-06-22,1745.0,,,1745.0,36709.0,2026-04-08T03:53:14.63862+00:00
176397,AIRTELAFRI,2022-06-23,1732.4,,,1732.4,174970.0,2026-04-08T03:53:17.250825+00:00
176510,AIRTELAFRI,2022-06-24,1732.4,,,1732.4,394.0,2026-04-08T03:53:19.718295+00:00
176623,AIRTELAFRI,2022-06-27,1732.4,,,1732.4,49440.0,2026-04-08T03:53:24.073012+00:00
176736,AIRTELAFRI,2022-06-28,1732.4,,,1732.4,37301.0,2026-04-08T03:53:26.399159+00:00
176849,AIRTELAFRI,2022-06-29,1732.4,,,1732.4,71.0,2026-04-08T03:53:28.994117+00:00
176962,AIRTELAFRI,2022-06-30,1732.2,,,1732.2,194424.0,2026-04-08T03:53:31.346855+00:00
177075,AIRTELAFRI,2022-07-01,1732.2,,,1732.2,104447.0,2026-04-08T03:53:33.724657+00:00
177188,AIRTELAFRI,2022-07-04,1732.2,,,1732.2,201634.0,2026-04-08T03:53:38.198731+00:00
177301,AIRTELAFRI,2022-07-06,1732.2,,,1732.2,121587.0,2026-04-08T03:53:41.625349+00:00
177414,AIRTELAFRI,2022-07-07,1732.2,,,1732.2,330324.0,2026-04-08T03:53:44.268487+00:00
177527,AIRTELAFRI,2022-07-13,1732.2,,,1732.2,661.0,2026-04-08T03:53:51.5999+00:00
177640,AIRTELAFRI,2022-07-14,1732.2,,,1732.2,33.0,2026-04-08T03:53:54.010732+00:00
177753,AIRTELAFRI,2022-07-15,1905.4,,,1905.4,350367.0,2026-04-08T03:53:56.616585+00:00
177866,AIRTELAFRI,2022-07-18,1905.4,,,1905.4,55691.0,2026-04-08T03:54:01.214275+00:00
177979,AIRTELAFRI,2022-07-19,1905.4,,,1905.4,3654.0,2026-04-08T03:54:03.665978+00:00
178092,AIRTELAFRI,2022-07-20,1905.4,,,1905.4,3348.0,2026-04-08T03:54:06.203384+00:00
178205,AIRTELAFRI,2022-07-21,1905.4,,,1905.4,70897.0,2026-04-08T03:54:08.685258+00:00
178318,AIRTELAFRI,2022-07-22,1905.4,,,1905.4,16653.0,2026-04-08T03:54:11.171489+00:00
178431,AIRTELAFRI,2022-07-25,1905.4,,,1905.4,559003.0,2026-04-08T03:54:15.900169+00:00
178544,AIRTELAFRI,2022-07-26,1905.4,,,1905.4,164268.0,2026-04-08T03:54:18.382379+00:00
178657,AIRTELAFRI,2022-07-27,1905.4,,,1905.4,26296.0,2026-04-08T03:54:20.730044+00:00
178770,AIRTELAFRI,2022-07-28,1905.4,,,1905.4,36116.0,2026-04-08T03:54:23.385493+00:00
178883,AIRTELAFRI,2022-07-29,1905.4,,,1905.4,20244.0,2026-04-08T03:54:25.692024+00:00
178996,AIRTELAFRI,2022-08-01,1905.4,,,1905.4,5111.0,2026-04-08T03:54:30.144665+00:00
179109,AIRTELAFRI,2022-08-02,1905.4,,,1905.4,8956.0,2026-04-08T03:54:32.509592+00:00
179222,AIRTELAFRI,2022-08-03,1905.4,,,1905.4,303500.0,2026-04-08T03:54:34.924873+00:00
179335,AIRTELAFRI,2022-08-04,1905.4,,,1905.4,1642.0,2026-04-08T03:54:37.32089+00:00
179448,AIRTELAFRI,2022-08-05,1905.4,,,1905.4,413.0,2026-04-08T03:54:40.805957+00:00
179561,AIRTELAFRI,2022-08-08,1905.4,,,1905.4,557.0,2026-04-08T03:54:45.81173+00:00
179674,AIRTELAFRI,2022-08-09,1905.4,,,1905.4,330.0,2026-04-08T03:54:48.637408+00:00
179787,AIRTELAFRI,2022-08-10,1905.4,,,1905.4,3146.0,2026-04-08T03:54:51.561754+00:00
179900,AIRTELAFRI,2022-08-11,1905.4,,,1905.4,3251.0,2026-04-08T03:54:54.196076+00:00
180013,AIRTELAFRI,2022-08-12,1905.4,,,1905.4,1163.0,2026-04-08T03:54:57.115593+00:00
180126,AIRTELAFRI,2022-08-15,1905.4,,,1905.4,55082.0,2026-04-08T03:55:01.874457+00:00
180239,AIRTELAFRI,2022-08-16,1905.4,,,1905.4,524.0,2026-04-08T03:55:04.540652+00:00
180352,AIRTELAFRI,2022-08-17,1905.4,,,1905.4,1299.0,2026-04-08T03:55:07.214991+00:00
180465,AIRTELAFRI,2022-08-18,1905.4,,,1905.4,100049.0,2026-04-08T03:55:09.916723+00:00
180578,AIRTELAFRI,2022-08-19,1905.4,,,1905.4,1663.0,2026-04-08T03:55:12.400686+00:00
180691,AIRTELAFRI,2022-08-22,1905.4,,,1905.4,1199.0,2026-04-08T03:55:17.568382+00:00
180804,AIRTELAFRI,2022-08-23,1905.4,,,1905.4,105947.0,2026-04-08T03:55:19.990422+00:00
180917,AIRTELAFRI,2022-08-24,1905.4,,,1905.4,250256.0,2026-04-08T03:55:23.644905+00:00
181030,AIRTELAFRI,2022-08-25,2040.0,,,2040.0,157991.0,2026-04-08T03:55:26.062264+00:00
181143,AIRTELAFRI,2022-08-26,2040.0,,,2040.0,10157.0,2026-04-08T03:55:28.378019+00:00
181256,AIRTELAFRI,2022-08-29,2040.0,,,2040.0,13884.0,2026-04-08T03:55:33.185942+00:00
181369,AIRTELAFRI,2022-08-30,2040.0,,,2040.0,158876.0,2026-04-08T03:55:35.909469+00:00
181482,AIRTELAFRI,2022-08-31,2040.0,,,2040.0,183550.0,2026-04-08T03:55:38.363566+00:00
181595,AIRTELAFRI,2022-09-01,2040.0,,,2040.0,3282.0,2026-04-08T03:55:40.868139+00:00
181708,AIRTELAFRI,2022-09-02,2040.0,,,2040.0,242.0,2026-04-08T03:55:43.232165+00:00
181821,AIRTELAFRI,2022-09-05,2040.0,,,2040.0,22630.0,2026-04-08T03:55:48.110555+00:00
181934,AIRTELAFRI,2022-09-06,2000.0,,,2000.0,215984.0,2026-04-08T03:55:50.526892+00:00
182047,AIRTELAFRI,2022-09-07,2000.0,,,2000.0,394.0,2026-04-08T03:55:53.051287+00:00
182160,AIRTELAFRI,2022-09-08,2000.0,,,2000.0,723.0,2026-04-08T03:55:55.74031+00:00
182273,AIRTELAFRI,2022-09-09,2000.0,,,2000.0,70.0,2026-04-08T03:55:58.848563+00:00
182386,AIRTELAFRI,2022-09-12,2000.0,,,2000.0,25351.0,2026-04-08T03:56:03.370953+00:00
182499,AIRTELAFRI,2022-09-13,2000.0,,,2000.0,49527.0,2026-04-08T03:56:05.83654+00:00
182612,AIRTELAFRI,2022-09-14,2000.0,,,2000.0,80531.0,2026-04-08T03:56:08.091672+00:00
182725,AIRTELAFRI,2022-09-16,2000.0,,,2000.0,1417.0,2026-04-08T03:56:11.4683+00:00
182838,AIRTELAFRI,2022-09-19,2000.0,,,2000.0,40411.0,2026-04-08T03:56:15.923342+00:00
182951,AIRTELAFRI,2022-09-20,2000.0,,,2000.0,276.0,2026-04-08T03:56:18.184056+00:00
183064,AIRTELAFRI,2022-09-21,2000.0,,,2000.0,24.0,2026-04-08T03:56:20.42724+00:00
183177,AIRTELAFRI,2022-09-22,2000.0,,,2000.0,287.0,2026-04-08T03:56:22.767495+00:00
183290,AIRTELAFRI,2022-09-23,2000.0,,,2000.0,140.0,2026-04-08T03:56:25.066978+00:00
183403,AIRTELAFRI,2022-09-26,2000.0,,,2000.0,3143.0,2026-04-08T03:56:29.379703+00:00
183516,AIRTELAFRI,2022-09-28,2000.0,,,2000.0,13.0,2026-04-08T03:56:32.717753+00:00
183629,AIRTELAFRI,2022-09-29,2000.0,,,2000.0,200023.0,2026-04-08T03:56:35.489047+00:00
183742,AIRTELAFRI,2022-09-30,2000.0,,,2000.0,264.0,2026-04-08T03:56:37.947618+00:00
183855,AIRTELAFRI,2022-10-05,2000.0,,,2000.0,20131.0,2026-04-08T03:56:44.538147+00:00
183969,AIRTELAFRI,2022-10-06,1800.0,,,1800.0,100022.0,2026-04-08T03:56:46.932693+00:00
184083,AIRTELAFRI,2022-10-07,1800.0,,,1800.0,68131.0,2026-04-08T03:56:49.334037+00:00
184197,AIRTELAFRI,2022-10-11,1800.0,,,1800.0,306.0,2026-04-08T03:56:55.029281+00:00
184311,AIRTELAFRI,2022-10-12,1800.0,,,1800.0,300475.0,2026-04-08T03:56:58.300033+00:00
184425,AIRTELAFRI,2022-10-13,1800.0,,,1800.0,569891.0,2026-04-08T03:57:00.825788+00:00
184539,AIRTELAFRI,2022-10-14,1800.0,,,1800.0,593171.0,2026-04-08T03:57:03.298348+00:00
184653,AIRTELAFRI,2022-10-17,1620.0,,,1620.0,1073067.0,2026-04-08T03:57:07.885609+00:00
184767,AIRTELAFRI,2022-10-18,1458.0,,,1458.0,926845.0,2026-04-08T03:57:10.303346+00:00
184881,AIRTELAFRI,2022-10-19,1312.2,,,1312.2,878598.0,2026-04-08T03:57:12.819589+00:00
184995,AIRTELAFRI,2022-10-20,1312.2,,,1312.2,1449386.0,2026-04-08T03:57:15.111185+00:00
185109,AIRTELAFRI,2022-10-21,1312.2,,,1312.2,783491.0,2026-04-08T03:57:17.499968+00:00
185223,AIRTELAFRI,2022-10-24,1312.2,,,1312.2,1183679.0,2026-04-08T03:57:21.686266+00:00
185337,AIRTELAFRI,2022-10-26,1312.2,,,1312.2,682700.0,2026-04-08T03:57:24.913682+00:00
185451,AIRTELAFRI,2022-10-27,1275.0,,,1275.0,449594.0,2026-04-08T03:57:27.260544+00:00
185565,AIRTELAFRI,2022-10-28,1275.0,,,1275.0,640456.0,2026-04-08T03:57:29.835926+00:00
185679,AIRTELAFRI,2022-10-31,1275.0,,,1275.0,131114.0,2026-04-08T03:57:34.21591+00:00
185793,AIRTELAFRI,2022-11-01,1275.0,,,1275.0,726.0,2026-04-08T03:57:36.609373+00:00
185907,AIRTELAFRI,2022-11-02,1275.0,,,1275.0,1253.0,2026-04-08T03:57:39.066556+00:00
186021,AIRTELAFRI,2022-11-03,1275.0,,,1275.0,18223.0,2026-04-08T03:57:41.442199+00:00
186135,AIRTELAFRI,2022-11-04,1275.0,,,1275.0,1741.0,2026-04-08T03:57:43.70904+00:00
186249,AIRTELAFRI,2022-11-08,1275.0,,,1275.0,67299.0,2026-04-08T03:57:49.123122+00:00
186363,AIRTELAFRI,2022-11-09,1275.0,,,1275.0,235332.0,2026-04-08T03:57:51.464602+00:00
186477,AIRTELAFRI,2022-11-10,1270.0,,,1270.0,539738.0,2026-04-08T03:57:54.291842+00:00
186591,AIRTELAFRI,2022-11-11,1270.0,,,1270.0,123357.0,2026-04-08T03:57:56.704911+00:00
186705,AIRTELAFRI,2022-11-14,1270.0,,,1270.0,51898.0,2026-04-08T03:58:01.331373+00:00
186819,AIRTELAFRI,2022-11-15,1270.0,,,1270.0,103152.0,2026-04-08T03:58:03.6444+00:00
186933,AIRTELAFRI,2022-11-16,1270.0,,,1270.0,493540.0,2026-04-08T03:58:06.118311+00:00
187047,AIRTELAFRI,2022-11-17,1270.0,,,1270.0,5980.0,2026-04-08T03:58:08.47049+00:00
187161,AIRTELAFRI,2022-11-18,1270.0,,,1270.0,1102.0,2026-04-08T03:58:10.955275+00:00
187275,AIRTELAFRI,2022-11-21,1270.0,,,1270.0,8609.0,2026-04-08T03:58:15.672507+00:00
187389,AIRTELAFRI,2022-11-22,1270.0,,,1270.0,263.0,2026-04-08T03:58:18.170118+00:00
187503,AIRTELAFRI,2022-11-24,1350.0,,,1350.0,593868.0,2026-04-08T03:58:21.692503+00:00
187617,AIRTELAFRI,2022-11-25,1450.0,,,1450.0,572442.0,2026-04-08T03:58:24.033539+00:00
187731,AIRTELAFRI,2022-11-28,1450.0,,,1450.0,949.0,2026-04-08T03:58:28.532723+00:00
187845,AIRTELAFRI,2022-11-29,1450.0,,,1450.0,16997.0,2026-04-08T03:58:30.983113+00:00
187959,AIRTELAFRI,2022-11-30,1450.0,,,1450.0,7511.0,2026-04-08T03:58:33.448849+00:00
188073,AIRTELAFRI,2022-12-01,1450.0,,,1450.0,455563.0,2026-04-08T03:58:35.664261+00:00
188187,AIRTELAFRI,2022-12-02,1488.0,,,1488.0,302698.0,2026-04-08T03:58:37.897027+00:00
188301,AIRTELAFRI,2022-12-05,1488.0,,,1488.0,61.0,2026-04-08T03:58:42.456795+00:00
188415,AIRTELAFRI,2022-12-06,1488.0,,,1488.0,76.0,2026-04-08T03:58:44.756119+00:00
188529,AIRTELAFRI,2022-12-07,1488.0,,,1488.0,342.0,2026-04-08T03:58:47.196669+00:00
188643,AIRTELAFRI,2022-12-08,1488.0,,,1488.0,40509.0,2026-04-08T03:58:49.52806+00:00
188757,AIRTELAFRI,2022-12-09,1488.0,,,1488.0,31020.0,2026-04-08T03:58:51.902427+00:00
188871,AIRTELAFRI,2022-12-12,1488.0,,,1488.0,14254.0,2026-04-08T03:58:56.156124+00:00
188985,AIRTELAFRI,2022-12-13,1488.0,,,1488.0,371.0,2026-04-08T03:58:58.485404+00:00
189099,AIRTELAFRI,2022-12-14,1488.0,,,1488.0,81810.0,2026-04-08T03:59:00.851945+00:00
189213,AIRTELAFRI,2022-12-15,1488.0,,,1488.0,500334.0,2026-04-08T03:59:03.086647+00:00
189327,AIRTELAFRI,2022-12-16,1488.0,,,1488.0,175273.0,2026-04-08T03:59:05.5442+00:00
189441,AIRTELAFRI,2022-12-19,1488.0,,,1488.0,50552.0,2026-04-08T03:59:09.806719+00:00
189555,AIRTELAFRI,2022-12-20,1488.0,,,1488.0,835.0,2026-04-08T03:59:12.630732+00:00
189669,AIRTELAFRI,2022-12-21,1488.0,,,1488.0,176890.0,2026-04-08T03:59:14.990319+00:00
189783,AIRTELAFRI,2022-12-22,1488.0,,,1488.0,621778.0,2026-04-08T03:59:17.229229+00:00
189897,AIRTELAFRI,2022-12-23,1488.0,,,1488.0,3810.0,2026-04-08T03:59:19.674012+00:00
190011,AIRTELAFRI,2022-12-28,1488.0,,,1488.0,431.0,2026-04-08T03:59:26.406492+00:00
190125,AIRTELAFRI,2022-12-30,1635.0,,,1635.0,222844.0,2026-04-08T03:59:29.796579+00:00
190239,AIRTELAFRI,2023-01-04,1635.0,,,1635.0,1333527.0,2026-04-08T03:59:36.276207+00:00
190353,AIRTELAFRI,2023-01-05,1500.0,,,1500.0,198659.0,2026-04-08T03:59:38.771807+00:00
190467,AIRTELAFRI,2023-01-06,1550.0,,,1550.0,1100487.0,2026-04-08T03:59:41.229635+00:00
190581,AIRTELAFRI,2023-01-09,1630.0,,,1630.0,631306.0,2026-04-08T03:59:45.608271+00:00
190695,AIRTELAFRI,2023-01-10,1560.0,,,1560.0,180524.0,2026-04-08T03:59:47.862187+00:00
190809,AIRTELAFRI,2023-01-11,1560.0,,,1560.0,502523.0,2026-04-08T03:59:50.211712+00:00
190923,AIRTELAFRI,2023-01-12,1550.0,,,1550.0,2654504.0,2026-04-08T03:59:52.676239+00:00
191037,AIRTELAFRI,2023-01-13,1550.0,,,1550.0,966.0,2026-04-08T03:59:55.073566+00:00
191151,AIRTELAFRI,2023-01-17,1600.0,,,1600.0,714191.0,2026-04-08T04:00:00.52991+00:00
191265,AIRTELAFRI,2023-01-18,1610.0,,,1610.0,380995.0,2026-04-08T04:00:02.930508+00:00
191379,AIRTELAFRI,2023-01-19,1610.0,,,1610.0,110.0,2026-04-08T04:00:05.157464+00:00
191493,AIRTELAFRI,2023-01-20,1610.0,,,1610.0,18436.0,2026-04-08T04:00:07.441529+00:00
191607,AIRTELAFRI,2023-01-23,1610.0,,,1610.0,3513.0,2026-04-08T04:00:11.934625+00:00
191721,AIRTELAFRI,2023-01-24,1610.0,,,1610.0,4228.0,2026-04-08T04:00:14.448563+00:00
191835,AIRTELAFRI,2023-01-25,1610.0,,,1610.0,680.0,2026-04-08T04:00:16.660222+00:00
191949,AIRTELAFRI,2023-01-26,1610.0,,,1610.0,72324.0,2026-04-08T04:00:19.02129+00:00
192063,AIRTELAFRI,2023-01-27,1610.0,,,1610.0,52479.0,2026-04-08T04:00:21.366865+00:00
192177,AIRTELAFRI,2023-01-30,1660.0,,,1660.0,663746.0,2026-04-08T04:00:26.318741+00:00
192291,AIRTELAFRI,2023-01-31,1660.0,,,1660.0,2136621.0,2026-04-08T04:00:28.560212+00:00
192405,AIRTELAFRI,2023-02-06,1660.0,,,1660.0,752247.0,2026-04-08T04:00:36.14931+00:00
192519,AIRTELAFRI,2023-02-07,1660.0,,,1660.0,544405.0,2026-04-08T04:00:38.379875+00:00
192633,AIRTELAFRI,2023-02-08,1660.0,,,1660.0,165398.0,2026-04-08T04:00:40.736361+00:00
192747,AIRTELAFRI,2023-02-09,1660.0,,,1660.0,177411.0,2026-04-08T04:00:43.03687+00:00
192861,AIRTELAFRI,2023-02-10,1660.0,,,1660.0,843006.0,2026-04-08T04:00:46.517744+00:00
192975,AIRTELAFRI,2023-02-13,1660.0,,,1660.0,17128.0,2026-04-08T04:00:50.958429+00:00
193089,AIRTELAFRI,2023-02-14,1660.0,,,1660.0,963.0,2026-04-08T04:00:53.400398+00:00
193203,AIRTELAFRI,2023-02-15,1660.0,,,1660.0,553336.0,2026-04-08T04:00:55.645789+00:00
193317,AIRTELAFRI,2023-02-16,1660.0,,,1660.0,15581.0,2026-04-08T04:00:58.043326+00:00
193431,AIRTELAFRI,2023-02-17,1560.0,,,1560.0,214261.0,2026-04-08T04:01:00.355798+00:00
193545,AIRTELAFRI,2023-02-20,1620.0,,,1620.0,1844063.0,2026-04-08T04:01:04.633293+00:00
193659,AIRTELAFRI,2023-02-21,1620.0,,,1620.0,220384.0,2026-04-08T04:01:06.910783+00:00
193773,AIRTELAFRI,2023-02-22,1620.0,,,1620.0,603916.0,2026-04-08T04:01:09.421576+00:00
193887,AIRTELAFRI,2023-02-23,1620.0,,,1620.0,81270.0,2026-04-08T04:01:11.765387+00:00
194001,AIRTELAFRI,2023-02-24,1620.0,,,1620.0,68294.0,2026-04-08T04:01:14.12415+00:00
194115,AIRTELAFRI,2023-02-27,1620.0,,,1620.0,65695.0,2026-04-08T04:01:18.463572+00:00
194229,AIRTELAFRI,2023-02-28,1620.0,,,1620.0,86101.0,2026-04-08T04:01:20.671303+00:00
194343,AIRTELAFRI,2023-03-01,1535.0,,,1535.0,504209.0,2026-04-08T04:01:23.068989+00:00
194457,AIRTELAFRI,2023-03-02,1548.7,,,1548.7,631244.0,2026-04-08T04:01:25.352172+00:00
194571,AIRTELAFRI,2023-03-03,1548.7,,,1548.7,99964.0,2026-04-08T04:01:27.716711+00:00
194685,AIRTELAFRI,2023-03-06,1548.7,,,1548.7,51485.0,2026-04-08T04:01:32.392486+00:00
194799,AIRTELAFRI,2023-03-07,1548.7,,,1548.7,1441.0,2026-04-08T04:01:34.845095+00:00
194913,AIRTELAFRI,2023-03-08,1548.7,,,1548.7,2839.0,2026-04-08T04:01:37.261757+00:00
195027,AIRTELAFRI,2023-03-09,1548.7,,,1548.7,993.0,2026-04-08T04:01:39.987396+00:00
195141,AIRTELAFRI,2023-03-13,1548.7,,,1548.7,3843.0,2026-04-08T04:01:45.627511+00:00
195255,AIRTELAFRI,2023-03-14,1548.7,,,1548.7,457869.0,2026-04-08T04:01:48.257383+00:00
195369,AIRTELAFRI,2023-03-15,1548.7,,,1548.7,36822.0,2026-04-08T04:01:50.627346+00:00
195483,AIRTELAFRI,2023-03-16,1548.7,,,1548.7,2009.0,2026-04-08T04:01:53.062383+00:00
195597,AIRTELAFRI,2023-03-17,1548.7,,,1548.7,22.0,2026-04-08T04:01:55.701252+00:00
195711,AIRTELAFRI,2023-03-20,1548.7,,,1548.7,694.0,2026-04-08T04:01:59.933448+00:00
195825,AIRTELAFRI,2023-03-22,1548.7,,,1548.7,34338.0,2026-04-08T04:02:03.467012+00:00
195939,AIRTELAFRI,2023-03-23,1548.7,,,1548.7,269.0,2026-04-08T04:02:05.929911+00:00
196053,AIRTELAFRI,2023-03-24,1548.7,,,1548.7,462120.0,2026-04-08T04:02:08.248632+00:00
196167,AIRTELAFRI,2023-03-27,1420.0,,,1420.0,256505.0,2026-04-08T04:02:12.564733+00:00
196281,AIRTELAFRI,2023-03-28,1420.0,,,1420.0,84206.0,2026-04-08T04:02:14.764209+00:00
196395,AIRTELAFRI,2023-03-29,1420.0,,,1420.0,43833.0,2026-04-08T04:02:17.140393+00:00
196509,AIRTELAFRI,2023-03-30,1420.0,,,1420.0,26563.0,2026-04-08T04:02:19.470716+00:00
196623,AIRTELAFRI,2023-03-31,1479.0,,,1479.0,344490.0,2026-04-08T04:02:21.739047+00:00
196737,AIRTELAFRI,2023-04-03,1479.0,,,1479.0,1567.0,2026-04-08T04:02:26.060346+00:00
196851,AIRTELAFRI,2023-04-04,1479.0,,,1479.0,3222.0,2026-04-08T04:02:28.444728+00:00
196965,AIRTELAFRI,2023-04-05,1331.1,,,1331.1,403274.0,2026-04-08T04:02:30.864627+00:00
197079,AIRTELAFRI,2023-04-06,1331.1,,,1331.1,240292.0,2026-04-08T04:02:33.239626+00:00
197193,AIRTELAFRI,2023-04-11,1198.0,,,1198.0,291190.0,2026-04-08T04:02:39.320239+00:00
197307,AIRTELAFRI,2023-04-12,1198.0,,,1198.0,98135.0,2026-04-08T04:02:41.643197+00:00
197421,AIRTELAFRI,2023-04-13,1198.0,,,1198.0,128463.0,2026-04-08T04:02:44.360634+00:00
197535,AIRTELAFRI,2023-04-14,1198.0,,,1198.0,121530.0,2026-04-08T04:02:47.093001+00:00
197649,AIRTELAFRI,2023-04-17,1198.0,,,1198.0,8928.0,2026-04-08T04:02:52.113012+00:00
197763,AIRTELAFRI,2023-04-18,1198.0,,,1198.0,4624.0,2026-04-08T04:02:54.97501+00:00
197877,AIRTELAFRI,2023-04-19,1198.0,,,1198.0,9447.0,2026-04-08T04:02:57.648371+00:00
197991,AIRTELAFRI,2023-04-20,1198.0,,,1198.0,24651.0,2026-04-08T04:03:00.087899+00:00
198105,AIRTELAFRI,2023-04-25,1198.0,,,1198.0,4442.0,2026-04-08T04:03:06.320111+00:00
198219,AIRTELAFRI,2023-04-26,1250.0,,,1250.0,130359.0,2026-04-08T04:03:08.704488+00:00
198333,AIRTELAFRI,2023-04-27,1250.0,,,1250.0,131598.0,2026-04-08T04:03:11.176222+00:00
198447,AIRTELAFRI,2023-04-28,1250.0,,,1250.0,13327.0,2026-04-08T04:03:13.757457+00:00
198561,AIRTELAFRI,2023-05-03,1250.0,,,1250.0,6425.0,2026-04-08T04:03:20.258962+00:00
198675,AIRTELAFRI,2023-05-04,1250.0,,,1250.0,2806.0,2026-04-08T04:03:22.719511+00:00
198789,AIRTELAFRI,2023-05-08,1250.0,,,1250.0,1208636.0,2026-04-08T04:03:29.045349+00:00
198903,AIRTELAFRI,2023-05-09,1250.0,,,1250.0,188351.0,2026-04-08T04:03:32.620003+00:00
199017,AIRTELAFRI,2023-05-12,1250.0,,,1250.0,6739.0,2026-04-08T04:03:37.286216+00:00
199131,AIRTELAFRI,2023-05-15,1250.0,,,1250.0,7766.0,2026-04-08T04:03:41.825544+00:00
199245,AIRTELAFRI,2023-05-16,1250.0,,,1250.0,503111.0,2026-04-08T04:03:44.244464+00:00
199359,AIRTELAFRI,2023-05-17,1250.0,,,1250.0,19685.0,2026-04-08T04:03:46.492518+00:00
199473,AIRTELAFRI,2023-05-18,1175.0,,,1175.0,150219.0,2026-04-08T04:03:48.752249+00:00
199587,AIRTELAFRI,2023-05-19,1175.0,,,1175.0,66282.0,2026-04-08T04:03:51.139215+00:00
199701,AIRTELAFRI,2023-05-22,1175.0,,,1175.0,2228.0,2026-04-08T04:03:55.484935+00:00
199815,AIRTELAFRI,2023-05-23,1175.0,,,1175.0,9844.0,2026-04-08T04:03:57.886867+00:00
199929,AIRTELAFRI,2023-05-24,1175.0,,,1175.0,73824.0,2026-04-08T04:04:00.334047+00:00
200043,AIRTELAFRI,2023-05-25,1175.0,,,1175.0,105416.0,2026-04-08T04:04:02.79018+00:00
200157,AIRTELAFRI,2023-05-26,1175.0,,,1175.0,169359.0,2026-04-08T04:04:05.139052+00:00
200271,AIRTELAFRI,2023-05-30,1175.0,,,1175.0,306328.0,2026-04-08T04:04:11.011702+00:00
200385,AIRTELAFRI,2023-06-01,1175.0,,,1175.0,177091.0,2026-04-08T04:04:14.390605+00:00
200499,AIRTELAFRI,2023-06-02,1175.0,,,1175.0,90334.0,2026-04-08T04:04:16.732653+00:00
200613,AIRTELAFRI,2023-06-05,1175.0,,,1175.0,16274.0,2026-04-08T04:04:21.343031+00:00
200727,AIRTELAFRI,2023-06-06,1198.0,,,1198.0,1484842.0,2026-04-08T04:04:23.98223+00:00
200841,AIRTELAFRI,2023-06-07,1196.0,,,1196.0,2328086.0,2026-04-08T04:04:26.507718+00:00
200955,AIRTELAFRI,2023-06-08,1196.0,,,1196.0,706214.0,2026-04-08T04:04:29.08401+00:00
201069,AIRTELAFRI,2023-06-09,1196.0,,,1196.0,155649.0,2026-04-08T04:04:31.44664+00:00
201183,AIRTELAFRI,2023-06-13,1289.0,,,1289.0,261659.0,2026-04-08T04:04:36.862505+00:00
201297,AIRTELAFRI,2023-06-14,1289.0,,,1289.0,272041.0,2026-04-08T04:04:39.320552+00:00
201411,AIRTELAFRI,2023-06-15,1289.0,,,1289.0,15700.0,2026-04-08T04:04:41.673534+00:00
201525,AIRTELAFRI,2023-06-16,1289.0,,,1289.0,40441.0,2026-04-08T04:04:44.052846+00:00
201639,AIRTELAFRI,2023-06-19,1289.0,,,1289.0,8379.0,2026-04-08T04:04:48.541112+00:00
201753,AIRTELAFRI,2023-06-20,1289.0,,,1289.0,5515.0,2026-04-08T04:04:51.378552+00:00
201867,AIRTELAFRI,2023-06-21,1289.0,,,1289.0,113564.0,2026-04-08T04:04:53.764277+00:00
201981,AIRTELAFRI,2023-06-22,1266.8,,,1266.8,1365.0,2026-04-08T04:04:56.145117+00:00
202095,AIRTELAFRI,2023-06-26,1260.0,,,1260.0,2077505.0,2026-04-08T04:05:01.671465+00:00
202209,AIRTELAFRI,2023-06-30,1319.9,,,1319.9,1532749.0,2026-04-08T04:05:07.377697+00:00
202323,AIRTELAFRI,2023-07-03,1319.9,,,1319.9,2253.0,2026-04-08T04:05:11.758079+00:00
202437,AIRTELAFRI,2023-07-04,1319.9,,,1319.9,55815.0,2026-04-08T04:05:14.17436+00:00
202551,AIRTELAFRI,2023-07-05,1319.9,,,1319.9,40651.0,2026-04-08T04:05:16.577423+00:00
202665,AIRTELAFRI,2023-07-06,1319.9,,,1319.9,16703.0,2026-04-08T04:05:19.075393+00:00
202779,AIRTELAFRI,2023-07-07,1319.9,,,1319.9,104589.0,2026-04-08T04:05:21.415756+00:00
202893,AIRTELAFRI,2023-07-10,1319.9,,,1319.9,86564.0,2026-04-08T04:05:26.355595+00:00
203007,AIRTELAFRI,2023-07-11,1319.9,,,1319.9,2468.0,2026-04-08T04:05:28.903538+00:00
203121,AIRTELAFRI,2023-07-12,1319.9,,,1319.9,2996.0,2026-04-08T04:05:31.299012+00:00
203235,AIRTELAFRI,2023-07-14,1319.9,,,1319.9,2624.0,2026-04-08T04:05:34.698751+00:00
203349,AIRTELAFRI,2023-07-17,1319.9,,,1319.9,4582.0,2026-04-08T04:05:39.139368+00:00
203463,AIRTELAFRI,2023-07-19,1319.9,,,1319.9,361430.0,2026-04-08T04:05:42.577032+00:00
203577,AIRTELAFRI,2023-07-20,1319.9,,,1319.9,319691.0,2026-04-08T04:05:45.122849+00:00
203691,AIRTELAFRI,2023-07-21,1319.9,,,1319.9,2006023.0,2026-04-08T04:05:47.594805+00:00
203805,AIRTELAFRI,2023-07-24,1319.9,,,1319.9,2535.0,2026-04-08T04:05:52.167161+00:00
203919,AIRTELAFRI,2023-07-25,1319.9,,,1319.9,19372.0,2026-04-08T04:05:54.602351+00:00
204033,AIRTELAFRI,2023-07-26,1319.9,,,1319.9,13812.0,2026-04-08T04:05:57.515236+00:00
204147,AIRTELAFRI,2023-07-27,1319.9,,,1319.9,170425.0,2026-04-08T04:05:59.880161+00:00
204261,AIRTELAFRI,2023-07-28,1319.9,,,1319.9,80777.0,2026-04-08T04:06:02.220136+00:00
204375,AIRTELAFRI,2023-07-31,1319.9,,,1319.9,88873.0,2026-04-08T04:06:06.790851+00:00
204489,AIRTELAFRI,2023-08-02,1319.9,,,1319.9,3613.0,2026-04-08T04:06:10.326378+00:00
204603,AIRTELAFRI,2023-08-03,1319.9,,,1319.9,3586.0,2026-04-08T04:06:12.834218+00:00
204717,AIRTELAFRI,2023-08-04,1319.9,,,1319.9,3260.0,2026-04-08T04:06:15.200886+00:00
204831,AIRTELAFRI,2023-08-07,1319.9,,,1319.9,3819.0,2026-04-08T04:06:19.871718+00:00
204945,AIRTELAFRI,2023-08-08,1319.9,,,1319.9,2422.0,2026-04-08T04:06:22.245918+00:00
205059,AIRTELAFRI,2023-08-09,1319.9,,,1319.9,2092.0,2026-04-08T04:06:24.635943+00:00
205173,AIRTELAFRI,2023-08-10,1319.9,,,1319.9,56576.0,2026-04-08T04:06:27.035398+00:00
205287,AIRTELAFRI,2023-08-11,1319.9,,,1319.9,63389.0,2026-04-08T04:06:29.455701+00:00
205401,AIRTELAFRI,2023-08-14,1319.9,,,1319.9,1204.0,2026-04-08T04:06:33.923569+00:00
205515,AIRTELAFRI,2023-08-15,1319.9,,,1319.9,5057.0,2026-04-08T04:06:36.358161+00:00
205629,AIRTELAFRI,2023-08-16,1250.0,,,1250.0,1454315.0,2026-04-08T04:06:38.679915+00:00
205743,AIRTELAFRI,2023-08-17,1250.0,,,1250.0,2099.0,2026-04-08T04:06:40.998805+00:00
205857,AIRTELAFRI,2023-08-18,1250.0,,,1250.0,1160.0,2026-04-08T04:06:43.468275+00:00
205971,AIRTELAFRI,2023-08-21,1250.0,,,1250.0,1686.0,2026-04-08T04:06:47.688711+00:00
206085,AIRTELAFRI,2023-08-24,1250.0,,,1250.0,4873.0,2026-04-08T04:06:51.989424+00:00
206199,AIRTELAFRI,2023-08-25,1250.0,,,1250.0,3039.0,2026-04-08T04:06:54.38475+00:00
206313,AIRTELAFRI,2023-08-28,1250.0,,,1250.0,3157.0,2026-04-08T04:06:59.310949+00:00
206427,AIRTELAFRI,2023-08-29,1250.0,,,1250.0,2266.0,2026-04-08T04:07:01.613742+00:00
206541,AIRTELAFRI,2023-08-30,1250.0,,,1250.0,1996.0,2026-04-08T04:07:03.820209+00:00
206655,AIRTELAFRI,2023-09-01,1250.0,,,1250.0,3048.0,2026-04-08T04:07:07.195585+00:00
206769,AIRTELAFRI,2023-09-04,1250.0,,,1250.0,3957.0,2026-04-08T04:07:11.730996+00:00
206883,AIRTELAFRI,2023-09-05,1250.0,,,1250.0,2209.0,2026-04-08T04:07:14.175893+00:00
206997,AIRTELAFRI,2023-09-06,1250.0,,,1250.0,9816.0,2026-04-08T04:07:16.66229+00:00
207111,AIRTELAFRI,2023-09-07,1250.0,,,1250.0,2390.0,2026-04-08T04:07:19.134101+00:00
207225,AIRTELAFRI,2023-09-08,1250.0,,,1250.0,232190.0,2026-04-08T04:07:21.445908+00:00
207339,AIRTELAFRI,2023-09-11,1250.0,,,1250.0,1891.0,2026-04-08T04:07:26.133096+00:00
207453,AIRTELAFRI,2023-09-12,1250.0,,,1250.0,927.0,2026-04-08T04:07:28.57479+00:00
207567,AIRTELAFRI,2023-09-13,1250.0,,,1250.0,50944.0,2026-04-08T04:07:30.890589+00:00
207681,AIRTELAFRI,2023-09-14,1250.0,,,1250.0,100303.0,2026-04-08T04:07:33.324455+00:00
207795,AIRTELAFRI,2023-09-15,1250.0,,,1250.0,5747.0,2026-04-08T04:07:35.74244+00:00
207909,AIRTELAFRI,2023-09-18,1270.0,,,1270.0,2136772.0,2026-04-08T04:07:40.292184+00:00
208023,AIRTELAFRI,2023-09-19,1270.0,,,1270.0,33957.0,2026-04-08T04:07:42.606346+00:00
208137,AIRTELAFRI,2023-09-20,1290.0,,,1290.0,156068.0,2026-04-08T04:07:45.004042+00:00
208251,AIRTELAFRI,2023-09-21,1290.0,,,1290.0,4887.0,2026-04-08T04:07:47.370085+00:00
208365,AIRTELAFRI,2023-09-22,1290.0,,,1290.0,19083.0,2026-04-08T04:07:49.898567+00:00
208479,AIRTELAFRI,2023-09-25,1290.0,,,1290.0,1896.0,2026-04-08T04:07:54.305125+00:00
208593,AIRTELAFRI,2023-09-28,1290.0,,,1290.0,30903.0,2026-04-08T04:07:58.898315+00:00
208707,AIRTELAFRI,2023-09-29,1290.0,,,1290.0,873.0,2026-04-08T04:08:01.279649+00:00
208821,AIRTELAFRI,2023-10-03,1290.0,,,1290.0,125167.0,2026-04-08T04:08:06.721549+00:00
208935,AIRTELAFRI,2023-10-04,1290.0,,,1290.0,91472.0,2026-04-08T04:08:09.042741+00:00
209049,AIRTELAFRI,2023-10-05,1290.0,,,1290.0,135019.0,2026-04-08T04:08:11.600182+00:00
209164,AIRTELAFRI,2023-10-06,1400.1,,,1400.1,140812.0,2026-04-08T04:08:14.22861+00:00
209279,AIRTELAFRI,2023-10-09,1400.1,,,1400.1,10885.0,2026-04-08T04:08:18.740555+00:00
209394,AIRTELAFRI,2023-10-10,1400.1,,,1400.1,6426.0,2026-04-08T04:08:21.390436+00:00
209508,AIRTELAFRI,2023-10-12,1400.1,,,1400.1,111600.0,2026-04-08T04:08:24.861957+00:00
209623,AIRTELAFRI,2023-10-13,1400.1,,,1400.1,36266.0,2026-04-08T04:08:27.376596+00:00
209738,AIRTELAFRI,2023-10-16,1400.1,,,1400.1,1213.0,2026-04-08T04:08:32.388707+00:00
209853,AIRTELAFRI,2023-10-17,1400.1,,,1400.1,3332.0,2026-04-08T04:08:34.738576+00:00
209968,AIRTELAFRI,2023-10-19,1400.1,,,1400.1,1799.0,2026-04-08T04:08:38.671249+00:00
210083,AIRTELAFRI,2023-10-20,1400.1,,,1400.1,4510.0,2026-04-08T04:08:40.967521+00:00
210198,AIRTELAFRI,2023-10-23,1400.1,,,1400.1,1577.0,2026-04-08T04:08:45.440193+00:00
210313,AIRTELAFRI,2023-10-24,1400.1,,,1400.1,6924.0,2026-04-08T04:08:47.71675+00:00
210428,AIRTELAFRI,2023-10-25,1400.1,,,1400.1,3964.0,2026-04-08T04:08:50.022319+00:00
210543,AIRTELAFRI,2023-10-26,1400.1,,,1400.1,1336.0,2026-04-08T04:08:52.472279+00:00
210658,AIRTELAFRI,2023-10-27,1400.1,,,1400.1,594.0,2026-04-08T04:08:54.778052+00:00
210773,AIRTELAFRI,2023-10-30,1400.1,,,1400.1,25462.0,2026-04-08T04:08:59.45056+00:00
210888,AIRTELAFRI,2023-10-31,1540.1,,,1540.1,109098.0,2026-04-08T04:09:01.914254+00:00
211003,AIRTELAFRI,2023-11-01,1694.1,,,1694.1,409694.0,2026-04-08T04:09:04.386399+00:00
211118,AIRTELAFRI,2023-11-02,1694.1,,,1694.1,43607.0,2026-04-08T04:09:06.696264+00:00
211233,AIRTELAFRI,2023-11-03,1790.0,,,1790.0,1242687.0,2026-04-08T04:09:09.071615+00:00
211348,AIRTELAFRI,2023-11-06,1790.0,,,1790.0,48051.0,2026-04-08T04:09:13.59419+00:00
211463,AIRTELAFRI,2023-11-07,1790.0,,,1790.0,137293.0,2026-04-08T04:09:15.923939+00:00
211579,AIRTELAFRI,2023-11-08,1790.0,,,1790.0,1313820.0,2026-04-08T04:09:18.177895+00:00
211695,AIRTELAFRI,2023-11-09,1790.0,,,1790.0,1764869.0,2026-04-08T04:09:20.462573+00:00
211811,AIRTELAFRI,2023-11-10,1790.0,,,1790.0,318722.0,2026-04-08T04:09:22.644841+00:00
211927,AIRTELAFRI,2023-11-13,1790.0,,,1790.0,210598.0,2026-04-08T04:09:27.404692+00:00
212043,AIRTELAFRI,2023-11-14,1790.0,,,1790.0,2770.0,2026-04-08T04:09:29.775588+00:00
212159,AIRTELAFRI,2023-11-15,1790.0,,,1790.0,121649.0,2026-04-08T04:09:32.378304+00:00
212275,AIRTELAFRI,2023-11-16,1790.0,,,1790.0,95124.0,2026-04-08T04:09:34.916677+00:00
212391,AIRTELAFRI,2023-11-17,1790.0,,,1790.0,106945.0,2026-04-08T04:09:37.378105+00:00
212507,AIRTELAFRI,2023-11-20,1790.0,,,1790.0,154520.0,2026-04-08T04:09:41.830835+00:00
212623,AIRTELAFRI,2023-11-21,1790.0,,,1790.0,105133.0,2026-04-08T04:09:44.211025+00:00
212739,AIRTELAFRI,2023-11-22,1790.0,,,1790.0,6325.0,2026-04-08T04:09:46.526636+00:00
212855,AIRTELAFRI,2023-11-23,1790.0,,,1790.0,2727.0,2026-04-08T04:09:48.793806+00:00
212972,AIRTELAFRI,2023-11-27,1790.0,,,1790.0,2008.0,2026-04-08T04:09:54.316732+00:00
213089,AIRTELAFRI,2023-11-28,1790.0,,,1790.0,597.0,2026-04-08T04:09:57.050116+00:00
213206,AIRTELAFRI,2023-11-29,1790.0,,,1790.0,1527.0,2026-04-08T04:09:59.54407+00:00
213323,AIRTELAFRI,2023-11-30,1800.0,,,1800.0,800110.0,2026-04-08T04:10:01.973818+00:00
213440,AIRTELAFRI,2023-12-01,1800.0,,,1800.0,81212.0,2026-04-08T04:10:04.46052+00:00
213557,AIRTELAFRI,2023-12-04,1800.0,,,1800.0,1864459.0,2026-04-08T04:10:08.793495+00:00
213674,AIRTELAFRI,2023-12-05,1763.0,,,1763.0,1202823.0,2026-04-08T04:10:11.104733+00:00
213791,AIRTELAFRI,2023-12-06,1763.0,,,1763.0,1492.0,2026-04-08T04:10:13.383432+00:00
213908,AIRTELAFRI,2023-12-08,1800.0,,,1800.0,1104808.0,2026-04-08T04:10:16.965057+00:00
214025,AIRTELAFRI,2023-12-11,1800.0,,,1800.0,51599.0,2026-04-08T04:10:21.350621+00:00
214142,AIRTELAFRI,2023-12-12,1800.0,,,1800.0,18898.0,2026-04-08T04:10:23.843731+00:00
214259,AIRTELAFRI,2023-12-13,1800.0,,,1800.0,440.0,2026-04-08T04:10:26.19208+00:00
214376,AIRTELAFRI,2023-12-14,1800.0,,,1800.0,41010.0,2026-04-08T04:10:28.64956+00:00
214493,AIRTELAFRI,2023-12-15,1800.0,,,1800.0,14036.0,2026-04-08T04:10:31.179138+00:00
214610,AIRTELAFRI,2023-12-18,1800.0,,,1800.0,3090.0,2026-04-08T04:10:35.879044+00:00
214727,AIRTELAFRI,2023-12-19,1800.0,,,1800.0,57320.0,2026-04-08T04:10:38.280823+00:00
214844,AIRTELAFRI,2023-12-20,1887.6,,,1887.6,1392311.0,2026-04-08T04:10:40.523028+00:00
214961,AIRTELAFRI,2023-12-21,1887.6,,,1887.6,750.0,2026-04-08T04:10:42.873875+00:00
215078,AIRTELAFRI,2023-12-28,1887.6,,,1887.6,23930.0,2026-04-08T04:10:51.166125+00:00
215195,AIRTELAFRI,2023-12-29,1887.0,,,1887.0,170054.0,2026-04-08T04:10:53.57119+00:00
215312,AIRTELAFRI,2024-01-02,2000.0,,,2000.0,371679.0,2026-04-08T04:10:59.157783+00:00
215429,AIRTELAFRI,2024-01-03,2000.0,,,2000.0,12055.0,2026-04-08T04:11:01.401293+00:00
215546,AIRTELAFRI,2024-01-04,2000.0,,,2000.0,2003.0,2026-04-08T04:11:03.846312+00:00
215663,AIRTELAFRI,2024-01-05,2000.0,,,2000.0,560.0,2026-04-08T04:11:07.208124+00:00
215780,AIRTELAFRI,2024-01-08,2000.0,,,2000.0,1196.0,2026-04-08T04:11:11.742656+00:00
215897,AIRTELAFRI,2024-01-09,2000.0,,,2000.0,27756.0,2026-04-08T04:11:14.100458+00:00
216014,AIRTELAFRI,2024-01-10,2000.0,,,2000.0,5404.0,2026-04-08T04:11:16.512964+00:00
216131,AIRTELAFRI,2024-01-11,2000.0,,,2000.0,22576.0,2026-04-08T04:11:18.918089+00:00
216248,AIRTELAFRI,2024-01-12,2000.0,,,2000.0,259.0,2026-04-08T04:11:21.244944+00:00
216365,AIRTELAFRI,2024-01-15,2000.0,,,2000.0,82247.0,2026-04-08T04:11:25.674113+00:00
216482,AIRTELAFRI,2024-01-16,2000.0,,,2000.0,1438.0,2026-04-08T04:11:28.037988+00:00
216599,AIRTELAFRI,2024-01-18,2000.0,,,2000.0,7074.0,2026-04-08T04:11:31.337167+00:00
216716,AIRTELAFRI,2024-01-19,2000.0,,,2000.0,4268.0,2026-04-08T04:11:38.619168+00:00
216833,AIRTELAFRI,2024-01-22,2000.0,,,2000.0,104781.0,2026-04-08T04:11:42.948818+00:00
216950,AIRTELAFRI,2024-01-23,2000.0,,,2000.0,1083.0,2026-04-08T04:11:45.304506+00:00
217067,AIRTELAFRI,2024-01-24,2000.0,,,2000.0,1748.0,2026-04-08T04:11:47.647942+00:00
217184,AIRTELAFRI,2024-01-25,2000.0,,,2000.0,16827.0,2026-04-08T04:11:50.11021+00:00
217301,AIRTELAFRI,2024-01-26,2000.0,,,2000.0,118.0,2026-04-08T04:11:52.721812+00:00
217418,AIRTELAFRI,2024-01-29,2000.0,,,2000.0,2986.0,2026-04-08T04:11:57.440388+00:00
217535,AIRTELAFRI,2024-01-30,2000.0,,,2000.0,128.0,2026-04-08T04:12:00.024191+00:00
217652,AIRTELAFRI,2024-01-31,2000.0,,,2000.0,1297.0,2026-04-08T04:12:02.433526+00:00
217769,AIRTELAFRI,2024-02-01,2000.0,,,2000.0,2075.0,2026-04-08T04:12:04.812869+00:00
217886,AIRTELAFRI,2024-02-02,2000.0,,,2000.0,65736.0,2026-04-08T04:12:07.232701+00:00
218003,AIRTELAFRI,2024-02-05,2000.0,,,2000.0,901.0,2026-04-08T04:12:11.791199+00:00
218120,AIRTELAFRI,2024-02-06,2000.0,,,2000.0,13603.0,2026-04-08T04:12:14.363902+00:00
218237,AIRTELAFRI,2024-02-07,2000.0,,,2000.0,790.0,2026-04-08T04:12:16.791058+00:00
218354,AIRTELAFRI,2024-02-08,2000.0,,,2000.0,6065.0,2026-04-08T04:12:19.312026+00:00
218471,AIRTELAFRI,2024-02-09,2000.0,,,2000.0,3585.0,2026-04-08T04:12:21.609908+00:00
218588,AIRTELAFRI,2024-02-12,2000.0,,,2000.0,25677.0,2026-04-08T04:12:25.771109+00:00
218705,AIRTELAFRI,2024-02-13,2000.0,,,2000.0,70963.0,2026-04-08T04:12:28.061356+00:00
218822,AIRTELAFRI,2024-02-14,2200.0,,,2200.0,102492.0,2026-04-08T04:12:30.570558+00:00
218939,AIRTELAFRI,2024-02-16,2200.0,,,2200.0,177298.0,2026-04-08T04:12:34.036511+00:00
219056,AIRTELAFRI,2024-02-19,2200.0,,,2200.0,317376.0,2026-04-08T04:12:38.429241+00:00
219173,AIRTELAFRI,2024-02-20,2200.0,,,2200.0,279393.0,2026-04-08T04:12:40.813552+00:00
219290,AIRTELAFRI,2024-02-21,2200.0,,,2200.0,132348.0,2026-04-08T04:12:43.257682+00:00
219407,AIRTELAFRI,2024-02-22,2200.0,,,2200.0,200581.0,2026-04-08T04:12:45.850796+00:00
219524,AIRTELAFRI,2024-02-26,2200.0,,,2200.0,12065.0,2026-04-08T04:12:51.18414+00:00
219641,AIRTELAFRI,2024-02-27,2200.0,,,2200.0,26079.0,2026-04-08T04:12:53.509755+00:00
219758,AIRTELAFRI,2024-02-29,2200.0,,,2200.0,20631.0,2026-04-08T04:12:56.822244+00:00
219875,AIRTELAFRI,2024-03-01,2200.0,,,2200.0,34670.0,2026-04-08T04:12:59.287484+00:00
219992,AIRTELAFRI,2024-03-04,2200.0,,,2200.0,39895.0,2026-04-08T04:13:03.814092+00:00
220110,AIRTELAFRI,2024-03-05,2200.0,,,2200.0,6494.0,2026-04-08T04:13:06.279726+00:00
220228,AIRTELAFRI,2024-03-06,2200.0,,,2200.0,1353.0,2026-04-08T04:13:08.558236+00:00
220346,AIRTELAFRI,2024-03-07,2200.0,,,2200.0,1941.0,2026-04-08T04:13:10.988978+00:00
220464,AIRTELAFRI,2024-03-08,2200.0,,,2200.0,6824.0,2026-04-08T04:13:13.453006+00:00
220582,AIRTELAFRI,2024-03-11,2200.0,,,2200.0,2337.0,2026-04-08T04:13:17.773706+00:00
220700,AIRTELAFRI,2024-03-12,2200.0,,,2200.0,475.0,2026-04-08T04:13:20.258657+00:00
220818,AIRTELAFRI,2024-03-13,2200.0,,,2200.0,245.0,2026-04-08T04:13:22.557243+00:00
220936,AIRTELAFRI,2024-03-14,2200.0,,,2200.0,166.0,2026-04-08T04:13:25.004754+00:00
221054,AIRTELAFRI,2024-03-15,2200.0,,,2200.0,3388.0,2026-04-08T04:13:27.500984+00:00
221172,AIRTELAFRI,2024-03-19,2200.0,,,2200.0,5380.0,2026-04-08T04:13:32.54102+00:00
221290,AIRTELAFRI,2024-03-20,2200.0,,,2200.0,466.0,2026-04-08T04:13:34.949661+00:00
221408,AIRTELAFRI,2024-03-21,2200.0,,,2200.0,774.0,2026-04-08T04:13:37.293426+00:00
221526,AIRTELAFRI,2024-03-22,2200.0,,,2200.0,1069.0,2026-04-08T04:13:39.66616+00:00
221644,AIRTELAFRI,2024-03-25,2200.0,,,2200.0,1789.0,2026-04-08T04:13:43.964435+00:00
221762,AIRTELAFRI,2024-03-26,2200.0,,,2200.0,205.0,2026-04-08T04:13:46.391317+00:00
221880,AIRTELAFRI,2024-03-27,2200.0,,,2200.0,1323.0,2026-04-08T04:13:48.795654+00:00
221998,AIRTELAFRI,2024-03-28,2200.0,,,2200.0,225.0,2026-04-08T04:13:51.173779+00:00
222116,AIRTELAFRI,2024-04-02,2200.0,,,2200.0,768.0,2026-04-08T04:13:58.053067+00:00
222234,AIRTELAFRI,2024-04-03,2200.0,,,2200.0,496.0,2026-04-08T04:14:00.66873+00:00
222352,AIRTELAFRI,2024-04-04,2200.0,,,2200.0,322.0,2026-04-08T04:14:03.310057+00:00
222470,AIRTELAFRI,2024-04-05,2200.0,,,2200.0,266.0,2026-04-08T04:14:05.820809+00:00
222588,AIRTELAFRI,2024-04-12,2200.0,,,2200.0,530.0,2026-04-08T04:14:15.984697+00:00
222706,AIRTELAFRI,2024-04-15,2200.0,,,2200.0,310.0,2026-04-08T04:14:20.492228+00:00
222824,AIRTELAFRI,2024-04-16,2200.0,,,2200.0,36746.0,2026-04-08T04:14:22.958286+00:00
222942,AIRTELAFRI,2024-04-17,2200.0,,,2200.0,63.0,2026-04-08T04:14:25.407203+00:00
223060,AIRTELAFRI,2024-04-18,2200.0,,,2200.0,611.0,2026-04-08T04:14:27.862982+00:00
223178,AIRTELAFRI,2024-04-19,2200.0,,,2200.0,297.0,2026-04-08T04:14:30.225092+00:00
223296,AIRTELAFRI,2024-04-22,2200.0,,,2200.0,285.0,2026-04-08T04:14:34.624841+00:00
223414,AIRTELAFRI,2024-04-23,2200.0,,,2200.0,105.0,2026-04-08T04:14:36.881925+00:00
223532,AIRTELAFRI,2024-04-24,2200.0,,,2200.0,1358.0,2026-04-08T04:14:39.108369+00:00
223650,AIRTELAFRI,2024-04-25,2200.0,,,2200.0,4802.0,2026-04-08T04:14:41.415412+00:00
223768,AIRTELAFRI,2024-04-26,2200.0,,,2200.0,112.0,2026-04-08T04:14:43.709399+00:00
223886,AIRTELAFRI,2024-04-29,2200.0,,,2200.0,325.0,2026-04-08T04:14:47.97937+00:00
224004,AIRTELAFRI,2024-04-30,2200.0,,,2200.0,578.0,2026-04-08T04:14:50.304196+00:00
224122,AIRTELAFRI,2024-05-02,2200.0,,,2200.0,394.0,2026-04-08T04:14:53.573612+00:00
224240,AIRTELAFRI,2024-05-03,2200.0,,,2200.0,6376.0,2026-04-08T04:14:55.989363+00:00
224358,AIRTELAFRI,2024-05-06,1980.0,,,1980.0,101827.0,2026-04-08T04:15:00.14873+00:00
224476,AIRTELAFRI,2024-05-07,1980.0,,,1980.0,63850.0,2026-04-08T04:15:02.40079+00:00
224594,AIRTELAFRI,2024-05-08,1980.0,,,1980.0,49830.0,2026-04-08T04:15:04.708287+00:00
224712,AIRTELAFRI,2024-05-09,1973.0,,,1973.0,177262.0,2026-04-08T04:15:07.337178+00:00
224830,AIRTELAFRI,2024-05-10,1973.0,,,1973.0,60927.0,2026-04-08T04:15:09.604775+00:00
224948,AIRTELAFRI,2024-05-13,1973.0,,,1973.0,77120.0,2026-04-08T04:15:13.907933+00:00
225066,AIRTELAFRI,2024-05-14,1973.0,,,1973.0,34313.0,2026-04-08T04:15:16.26654+00:00
225184,AIRTELAFRI,2024-05-15,1973.0,,,1973.0,16582.0,2026-04-08T04:15:18.549958+00:00
225302,AIRTELAFRI,2024-05-16,2150.0,,,2150.0,1008695.0,2026-04-08T04:15:20.841424+00:00
225420,AIRTELAFRI,2024-05-20,2150.0,,,2150.0,144.0,2026-04-08T04:15:25.962105+00:00
225538,AIRTELAFRI,2024-05-21,2150.0,,,2150.0,755.0,2026-04-08T04:15:28.334406+00:00
225656,AIRTELAFRI,2024-05-22,2150.0,,,2150.0,11628.0,2026-04-08T04:15:30.660212+00:00
225774,AIRTELAFRI,2024-05-23,2150.0,,,2150.0,64156.0,2026-04-08T04:15:32.993296+00:00
225892,AIRTELAFRI,2024-05-24,2150.0,,,2150.0,3963.0,2026-04-08T04:15:35.360226+00:00
226010,AIRTELAFRI,2024-05-27,2150.0,,,2150.0,638.0,2026-04-08T04:15:39.562711+00:00
226128,AIRTELAFRI,2024-05-28,2150.0,,,2150.0,5893.0,2026-04-08T04:15:41.894674+00:00
226246,AIRTELAFRI,2024-05-29,2150.0,,,2150.0,1542.0,2026-04-08T04:15:44.435333+00:00
226364,AIRTELAFRI,2024-05-30,2150.0,,,2150.0,6119.0,2026-04-08T04:15:46.695543+00:00
226482,AIRTELAFRI,2024-05-31,2150.0,,,2150.0,1296.0,2026-04-08T04:15:48.909252+00:00
226600,AIRTELAFRI,2024-06-03,2150.0,,,2150.0,5043.0,2026-04-08T04:15:53.203965+00:00
226718,AIRTELAFRI,2024-06-04,2150.0,,,2150.0,1128570.0,2026-04-08T04:15:55.456464+00:00
226836,AIRTELAFRI,2024-06-05,2150.0,,,2150.0,157.0,2026-04-08T04:15:57.839545+00:00
226954,AIRTELAFRI,2024-06-06,2150.0,,,2150.0,4792.0,2026-04-08T04:16:00.091412+00:00
227072,AIRTELAFRI,2024-06-07,2150.0,,,2150.0,290.0,2026-04-08T04:16:02.294722+00:00
227190,AIRTELAFRI,2024-06-10,2150.0,,,2150.0,4191.0,2026-04-08T04:16:06.655303+00:00
227308,AIRTELAFRI,2024-06-11,2150.0,,,2150.0,80.0,2026-04-08T04:16:09.027942+00:00
227426,AIRTELAFRI,2024-06-13,2150.0,,,2150.0,1976.0,2026-04-08T04:16:12.454757+00:00
227544,AIRTELAFRI,2024-06-14,2150.0,,,2150.0,2513.0,2026-04-08T04:16:14.762224+00:00
227662,AIRTELAFRI,2024-06-20,2150.0,,,2150.0,649.0,2026-04-08T04:16:22.365263+00:00
227780,AIRTELAFRI,2024-06-21,2150.0,,,2150.0,3576.0,2026-04-08T04:16:24.740936+00:00
227898,AIRTELAFRI,2024-06-24,2097.0,,,2097.0,437.0,2026-04-08T04:16:29.101951+00:00
228016,AIRTELAFRI,2024-06-25,2097.0,,,2097.0,28069.0,2026-04-08T04:16:31.430939+00:00
228134,AIRTELAFRI,2024-06-26,2097.0,,,2097.0,27615.0,2026-04-08T04:16:33.77834+00:00
228252,AIRTELAFRI,2024-06-27,2097.0,,,2097.0,329.0,2026-04-08T04:16:36.13415+00:00
228370,AIRTELAFRI,2024-06-28,2097.0,,,2097.0,65.0,2026-04-08T04:16:38.472674+00:00
228488,AIRTELAFRI,2024-07-01,2097.0,,,2097.0,41573.0,2026-04-08T04:16:42.881798+00:00
228606,AIRTELAFRI,2024-07-02,2097.0,,,2097.0,10688.0,2026-04-08T04:16:45.256647+00:00
228724,AIRTELAFRI,2024-07-03,2097.0,,,2097.0,129161.0,2026-04-08T04:16:47.732339+00:00
228842,AIRTELAFRI,2024-07-04,2097.0,,,2097.0,215.0,2026-04-08T04:16:50.22378+00:00
228960,AIRTELAFRI,2024-07-05,2097.0,,,2097.0,409.0,2026-04-08T04:16:52.679645+00:00
229078,AIRTELAFRI,2024-07-08,2097.0,,,2097.0,52511.0,2026-04-08T04:16:57.375145+00:00
229196,AIRTELAFRI,2024-07-09,2097.0,,,2097.0,1655.0,2026-04-08T04:16:59.679545+00:00
229314,AIRTELAFRI,2024-07-10,2097.0,,,2097.0,276.0,2026-04-08T04:17:02.104038+00:00
229432,AIRTELAFRI,2024-07-11,2100.0,,,2100.0,271065.0,2026-04-08T04:17:04.804273+00:00
229550,AIRTELAFRI,2024-07-12,2100.0,,,2100.0,5794.0,2026-04-08T04:17:07.071694+00:00
229668,AIRTELAFRI,2024-07-15,2100.0,,,2100.0,4325.0,2026-04-08T04:17:11.418935+00:00
229786,AIRTELAFRI,2024-07-16,2100.0,,,2100.0,1376.0,2026-04-08T04:17:13.920176+00:00
229904,AIRTELAFRI,2024-07-17,2100.0,,,2100.0,1062.0,2026-04-08T04:17:16.239817+00:00
230022,AIRTELAFRI,2024-07-18,2200.0,,,2200.0,1020524.0,2026-04-08T04:17:18.614364+00:00
230140,AIRTELAFRI,2024-07-19,2200.0,,,2200.0,1698.0,2026-04-08T04:17:20.923419+00:00
230258,AIRTELAFRI,2024-07-22,2200.0,,,2200.0,409.0,2026-04-08T04:17:25.185516+00:00
230376,AIRTELAFRI,2024-07-23,2200.0,,,2200.0,176.0,2026-04-08T04:17:27.655924+00:00
230494,AIRTELAFRI,2024-07-24,2200.0,,,2200.0,375.0,2026-04-08T04:17:30.124258+00:00
230612,AIRTELAFRI,2024-07-25,2200.0,,,2200.0,3474.0,2026-04-08T04:17:32.638981+00:00
230730,AIRTELAFRI,2024-07-26,2200.0,,,2200.0,6715.0,2026-04-08T04:17:35.101122+00:00
230848,AIRTELAFRI,2024-07-29,2200.0,,,2200.0,319.0,2026-04-08T04:17:40.103977+00:00
230966,AIRTELAFRI,2024-07-30,2200.0,,,2200.0,2326.0,2026-04-08T04:17:43.080384+00:00
231084,AIRTELAFRI,2024-07-31,2200.0,,,2200.0,1817.0,2026-04-08T04:17:45.61458+00:00
231202,AIRTELAFRI,2024-08-01,2200.0,,,2200.0,484.0,2026-04-08T04:17:47.950902+00:00
231320,AIRTELAFRI,2024-08-02,2200.0,,,2200.0,1207.0,2026-04-08T04:17:50.372085+00:00
231438,AIRTELAFRI,2024-08-05,2200.0,,,2200.0,58107.0,2026-04-08T04:17:54.929581+00:00
231556,AIRTELAFRI,2024-08-06,2200.0,,,2200.0,27997.0,2026-04-08T04:17:57.472912+00:00
231674,AIRTELAFRI,2024-08-07,2200.0,,,2200.0,3353.0,2026-04-08T04:17:59.948734+00:00
231792,AIRTELAFRI,2024-08-08,2200.0,,,2200.0,567.0,2026-04-08T04:18:02.36647+00:00
231910,AIRTELAFRI,2024-08-09,2200.0,,,2200.0,1634.0,2026-04-08T04:18:04.674683+00:00
232028,AIRTELAFRI,2024-08-12,2200.0,,,2200.0,195.0,2026-04-08T04:18:08.918743+00:00
232146,AIRTELAFRI,2024-08-13,2200.0,,,2200.0,1639.0,2026-04-08T04:18:11.387792+00:00
232264,AIRTELAFRI,2024-08-14,2200.0,,,2200.0,3260.0,2026-04-08T04:18:13.859526+00:00
232382,AIRTELAFRI,2024-08-15,2200.0,,,2200.0,3403.0,2026-04-08T04:18:16.357381+00:00
232500,AIRTELAFRI,2024-08-16,2200.0,,,2200.0,280.0,2026-04-08T04:18:18.692447+00:00
232618,AIRTELAFRI,2024-08-19,2200.0,,,2200.0,22239.0,2026-04-08T04:18:23.063194+00:00
232736,AIRTELAFRI,2024-08-20,2200.0,,,2200.0,285.0,2026-04-08T04:18:25.366221+00:00
232854,AIRTELAFRI,2024-08-21,2200.0,,,2200.0,8145.0,2026-04-08T04:18:27.861334+00:00
232972,AIRTELAFRI,2024-08-22,2200.0,,,2200.0,10219.0,2026-04-08T04:18:30.156184+00:00
233090,AIRTELAFRI,2024-08-23,2200.0,,,2200.0,391.0,2026-04-08T04:18:32.497978+00:00
233208,AIRTELAFRI,2024-08-26,2200.0,,,2200.0,1879.0,2026-04-08T04:18:37.19542+00:00
233326,AIRTELAFRI,2024-08-27,2200.0,,,2200.0,8150.0,2026-04-08T04:18:39.561091+00:00
233444,AIRTELAFRI,2024-08-28,2200.0,,,2200.0,375.0,2026-04-08T04:18:42.048567+00:00
233562,AIRTELAFRI,2024-08-29,2200.0,,,2200.0,6130.0,2026-04-08T04:18:44.36768+00:00
233680,AIRTELAFRI,2024-09-02,2200.0,,,2200.0,391.0,2026-04-08T04:18:49.632285+00:00
233798,AIRTELAFRI,2024-09-03,2200.0,,,2200.0,330.0,2026-04-08T04:18:52.389232+00:00
233916,AIRTELAFRI,2024-09-04,2200.0,,,2200.0,45790.0,2026-04-08T04:18:54.875674+00:00
234034,AIRTELAFRI,2024-09-05,2200.0,,,2200.0,839.0,2026-04-08T04:18:57.763256+00:00
234152,AIRTELAFRI,2024-09-06,2200.0,,,2200.0,612.0,2026-04-08T04:19:00.536712+00:00
234270,AIRTELAFRI,2024-09-09,2200.0,,,2200.0,334.0,2026-04-08T04:19:05.495104+00:00
234388,AIRTELAFRI,2024-09-10,2200.0,,,2200.0,892.0,2026-04-08T04:19:08.070871+00:00
234506,AIRTELAFRI,2024-09-11,2200.0,,,2200.0,48.0,2026-04-08T04:19:10.663572+00:00
234624,AIRTELAFRI,2024-09-12,2200.0,,,2200.0,395.0,2026-04-08T04:19:13.371302+00:00
234742,AIRTELAFRI,2024-09-13,2200.0,,,2200.0,665.0,2026-04-08T04:19:16.033041+00:00
234860,AIRTELAFRI,2024-09-17,2200.0,,,2200.0,11857.0,2026-04-08T04:19:22.824888+00:00
234978,AIRTELAFRI,2024-09-18,2200.0,,,2200.0,39938.0,2026-04-08T04:19:25.915955+00:00
235096,AIRTELAFRI,2024-09-19,2200.0,,,2200.0,328.0,2026-04-08T04:19:28.330134+00:00
235214,AIRTELAFRI,2024-09-20,2200.0,,,2200.0,184356.0,2026-04-08T04:19:30.82066+00:00
235332,AIRTELAFRI,2024-09-23,2200.0,,,2200.0,4264.0,2026-04-08T04:19:35.29526+00:00
235450,AIRTELAFRI,2024-09-24,2200.0,,,2200.0,495.0,2026-04-08T04:19:37.629736+00:00
235568,AIRTELAFRI,2024-09-25,2200.0,,,2200.0,359.0,2026-04-08T04:19:40.096992+00:00
235686,AIRTELAFRI,2024-09-26,2200.0,,,2200.0,393.0,2026-04-08T04:19:42.676048+00:00
235804,AIRTELAFRI,2024-09-27,2200.0,,,2200.0,8710.0,2026-04-08T04:19:45.342636+00:00
235922,AIRTELAFRI,2024-09-30,2200.0,,,2200.0,2535.0,2026-04-08T04:19:50.223917+00:00
236040,AIRTELAFRI,2024-10-02,2200.0,,,2200.0,10091.0,2026-04-08T04:19:53.821423+00:00
236158,AIRTELAFRI,2024-10-03,2200.0,,,2200.0,5684.0,2026-04-08T04:19:56.203135+00:00
236276,AIRTELAFRI,2024-10-04,2200.0,,,2200.0,278.0,2026-04-08T04:19:58.634737+00:00
236394,AIRTELAFRI,2024-10-07,2200.0,,,2200.0,1341.0,2026-04-08T04:20:03.05432+00:00
236512,AIRTELAFRI,2024-10-08,2200.0,,,2200.0,3527.0,2026-04-08T04:20:05.535519+00:00
236630,AIRTELAFRI,2024-10-10,2200.0,,,2200.0,1435.0,2026-04-08T04:20:08.855054+00:00
236748,AIRTELAFRI,2024-10-11,2200.0,,,2200.0,2580.0,2026-04-08T04:20:11.460237+00:00
236866,AIRTELAFRI,2024-10-14,2200.0,,,2200.0,1799.0,2026-04-08T04:20:16.284622+00:00
236985,AIRTELAFRI,2024-10-15,2200.0,,,2200.0,162.0,2026-04-08T04:20:18.84933+00:00
237104,AIRTELAFRI,2024-10-17,2200.0,,,2200.0,8688.0,2026-04-08T04:20:23.389134+00:00
237223,AIRTELAFRI,2024-10-18,2200.0,,,2200.0,114.0,2026-04-08T04:20:26.17489+00:00
237342,AIRTELAFRI,2024-10-21,2200.0,,,2200.0,2827.0,2026-04-08T04:20:30.541886+00:00
237461,AIRTELAFRI,2024-10-22,2200.0,,,2200.0,65.0,2026-04-08T04:20:32.890604+00:00
237580,AIRTELAFRI,2024-10-23,2200.0,,,2200.0,883.0,2026-04-08T04:20:35.186729+00:00
237699,AIRTELAFRI,2024-10-24,2200.0,,,2200.0,60258.0,2026-04-08T04:20:37.740613+00:00
237818,AIRTELAFRI,2024-10-25,2200.0,,,2200.0,439.0,2026-04-08T04:20:40.222387+00:00
237937,AIRTELAFRI,2024-10-28,2200.0,,,2200.0,7882.0,2026-04-08T04:20:44.742576+00:00
238056,AIRTELAFRI,2024-10-29,2200.0,,,2200.0,316.0,2026-04-08T04:20:47.136244+00:00
238175,AIRTELAFRI,2024-10-30,2200.0,,,2200.0,358.0,2026-04-08T04:20:49.405969+00:00
238294,AIRTELAFRI,2024-10-31,2200.0,,,2200.0,178.0,2026-04-08T04:20:51.756515+00:00
238413,AIRTELAFRI,2024-11-01,2200.0,,,2200.0,953.0,2026-04-08T04:20:54.1075+00:00
238532,AIRTELAFRI,2024-11-04,2200.0,,,2200.0,920.0,2026-04-08T04:20:58.471072+00:00
238651,AIRTELAFRI,2024-11-05,2200.0,,,2200.0,1203.0,2026-04-08T04:21:01.00344+00:00
238770,AIRTELAFRI,2024-11-06,2156.9,,,2156.9,753.0,2026-04-08T04:21:03.585377+00:00
238889,AIRTELAFRI,2024-11-07,2156.9,,,2156.9,3275.0,2026-04-08T04:21:06.256351+00:00
239008,AIRTELAFRI,2024-11-08,2156.9,,,2156.9,2252.0,2026-04-08T04:21:08.623134+00:00
239127,AIRTELAFRI,2024-11-11,2156.9,,,2156.9,464.0,2026-04-08T04:21:12.782875+00:00
239246,AIRTELAFRI,2024-11-12,2156.9,,,2156.9,2860.0,2026-04-08T04:21:15.417322+00:00
239365,AIRTELAFRI,2024-11-13,2156.9,,,2156.9,341.0,2026-04-08T04:21:17.790166+00:00
239484,AIRTELAFRI,2024-11-14,2156.9,,,2156.9,802.0,2026-04-08T04:21:20.354873+00:00
239603,AIRTELAFRI,2024-11-15,2156.9,,,2156.9,1059.0,2026-04-08T04:21:22.90937+00:00
239722,AIRTELAFRI,2024-11-18,2156.9,,,2156.9,139.0,2026-04-08T04:21:27.576358+00:00
239841,AIRTELAFRI,2024-11-19,2156.9,,,2156.9,2303.0,2026-04-08T04:21:29.868433+00:00
239960,AIRTELAFRI,2024-11-20,2156.9,,,2156.9,1098.0,2026-04-08T04:21:32.433299+00:00
240079,AIRTELAFRI,2024-11-21,2156.9,,,2156.9,22473.0,2026-04-08T04:21:34.755564+00:00
240198,AIRTELAFRI,2024-11-22,2156.9,,,2156.9,3893.0,2026-04-08T04:21:37.514754+00:00
240317,AIRTELAFRI,2024-11-25,2156.9,,,2156.9,1781.0,2026-04-08T04:21:41.818387+00:00
240436,AIRTELAFRI,2024-11-26,2156.9,,,2156.9,383.0,2026-04-08T04:21:44.163824+00:00
240555,AIRTELAFRI,2024-11-27,2156.9,,,2156.9,261.0,2026-04-08T04:21:46.720727+00:00
240674,AIRTELAFRI,2024-11-28,2156.9,,,2156.9,1516.0,2026-04-08T04:21:49.110263+00:00
240793,AIRTELAFRI,2024-12-02,2156.9,,,2156.9,409.0,2026-04-08T04:21:54.88401+00:00
240912,AIRTELAFRI,2024-12-03,2156.9,,,2156.9,1639.0,2026-04-08T04:21:57.640504+00:00
241031,AIRTELAFRI,2024-12-04,2156.9,,,2156.9,604.0,2026-04-08T04:21:59.930228+00:00
241150,AIRTELAFRI,2024-12-06,2156.9,,,2156.9,38.0,2026-04-08T04:22:03.392712+00:00
241269,AIRTELAFRI,2024-12-09,2156.9,,,2156.9,1601.0,2026-04-08T04:22:07.745808+00:00
241388,AIRTELAFRI,2024-12-10,2156.9,,,2156.9,9712.0,2026-04-08T04:22:10.112253+00:00
241507,AIRTELAFRI,2024-12-11,2156.9,,,2156.9,368.0,2026-04-08T04:22:12.639548+00:00
241626,AIRTELAFRI,2024-12-12,2156.9,,,2156.9,4425.0,2026-04-08T04:22:15.033357+00:00
241745,AIRTELAFRI,2024-12-13,2156.9,,,2156.9,4505.0,2026-04-08T04:22:17.509919+00:00
241864,AIRTELAFRI,2024-12-16,2156.9,,,2156.9,1218.0,2026-04-08T04:22:22.499781+00:00
241983,AIRTELAFRI,2024-12-17,2156.9,,,2156.9,9761.0,2026-04-08T04:22:24.995572+00:00
242102,AIRTELAFRI,2024-12-18,2156.9,,,2156.9,4433.0,2026-04-08T04:22:27.498126+00:00
242221,AIRTELAFRI,2024-12-19,2156.9,,,2156.9,9252.0,2026-04-08T04:22:29.868083+00:00
242340,AIRTELAFRI,2024-12-20,2156.9,,,2156.9,9095.0,2026-04-08T04:22:32.392508+00:00
242459,AIRTELAFRI,2024-12-23,2156.9,,,2156.9,1297.0,2026-04-08T04:22:36.740311+00:00
242578,AIRTELAFRI,2024-12-24,2156.9,,,2156.9,1308.0,2026-04-08T04:22:39.25804+00:00
242697,AIRTELAFRI,2024-12-27,2156.9,,,2156.9,79592.0,2026-04-08T04:22:43.946119+00:00
242815,AIRTELAFRI,2024-12-31,2156.9,,,2156.9,245.0,2026-04-08T04:22:48.665239+00:00
242933,AIRTELAFRI,2025-01-02,2156.9,,,2156.9,197.0,2026-04-08T04:22:52.256438+00:00
243051,AIRTELAFRI,2025-01-03,2156.9,,,2156.9,2952.0,2026-04-08T04:22:55.101113+00:00
243169,AIRTELAFRI,2025-01-06,2156.9,,,2156.9,189.0,2026-04-08T04:23:00.046313+00:00
243287,AIRTELAFRI,2025-01-07,2156.9,,,2156.9,166719.0,2026-04-08T04:23:02.329348+00:00
243405,AIRTELAFRI,2025-01-08,2156.9,,,2156.9,506.0,2026-04-08T04:23:04.632968+00:00
243523,AIRTELAFRI,2025-01-09,2156.9,,,2156.9,506.0,2026-04-08T04:23:06.908261+00:00
243641,AIRTELAFRI,2025-01-10,2156.9,,,2156.9,105.0,2026-04-08T04:23:09.304805+00:00
243759,AIRTELAFRI,2025-01-13,2156.9,,,2156.9,2123.0,2026-04-08T04:23:13.790041+00:00
243877,AIRTELAFRI,2025-01-14,2156.9,,,2156.9,55.0,2026-04-08T04:23:16.129929+00:00
243995,AIRTELAFRI,2025-01-15,2156.9,,,2156.9,2102.0,2026-04-08T04:23:18.535433+00:00
244113,AIRTELAFRI,2025-01-16,2156.9,,,2156.9,640.0,2026-04-08T04:23:20.834867+00:00
244231,AIRTELAFRI,2025-01-17,2156.9,,,2156.9,349.0,2026-04-08T04:23:23.141674+00:00
244349,AIRTELAFRI,2025-01-20,2156.9,,,2156.9,14.0,2026-04-08T04:23:27.482452+00:00
244467,AIRTELAFRI,2025-01-21,2156.9,,,2156.9,178.0,2026-04-08T04:23:29.752731+00:00
244585,AIRTELAFRI,2025-01-22,2156.9,,,2156.9,89.0,2026-04-08T04:23:32.235559+00:00
244703,AIRTELAFRI,2025-01-23,2156.9,,,2156.9,52.0,2026-04-08T04:23:34.519549+00:00
244821,AIRTELAFRI,2025-01-24,2156.9,,,2156.9,50.0,2026-04-08T04:23:37.097992+00:00
244939,AIRTELAFRI,2025-01-27,2156.9,,,2156.9,24487.0,2026-04-08T04:23:41.817807+00:00
245057,AIRTELAFRI,2025-01-28,2156.9,,,2156.9,358.0,2026-04-08T04:23:44.43679+00:00
245175,AIRTELAFRI,2025-01-30,2156.9,,,2156.9,1100.0,2026-04-08T04:23:47.90788+00:00
245293,AIRTELAFRI,2025-01-31,2156.9,,,2156.9,1100.0,2026-04-08T04:23:50.425841+00:00
245411,AIRTELAFRI,2025-02-03,2156.9,,,2156.9,2010.0,2026-04-08T04:23:55.090801+00:00
245529,AIRTELAFRI,2025-02-04,2156.9,,,2156.9,289.0,2026-04-08T04:23:57.584141+00:00
245647,AIRTELAFRI,2025-02-05,2156.9,,,2156.9,14294.0,2026-04-08T04:24:00.484627+00:00
245765,AIRTELAFRI,2025-02-06,2156.9,,,2156.9,196.0,2026-04-08T04:24:04.153698+00:00
245883,AIRTELAFRI,2025-02-07,2156.9,,,2156.9,566.0,2026-04-08T04:24:07.822728+00:00
246001,AIRTELAFRI,2025-02-10,2156.9,,,2156.9,145.0,2026-04-08T04:24:13.163899+00:00
246119,AIRTELAFRI,2025-02-11,2156.9,,,2156.9,25.0,2026-04-08T04:24:15.629092+00:00
246237,AIRTELAFRI,2025-02-12,2156.9,,,2156.9,5224.0,2026-04-08T04:24:18.226035+00:00
246355,AIRTELAFRI,2025-02-13,2156.9,,,2156.9,6651.0,2026-04-08T04:24:20.725749+00:00
246473,AIRTELAFRI,2025-02-14,2156.9,,,2156.9,2244.0,2026-04-08T04:24:23.300806+00:00
246591,AIRTELAFRI,2025-02-17,2156.9,,,2156.9,856.0,2026-04-08T04:24:27.726986+00:00
246709,AIRTELAFRI,2025-02-18,2156.9,,,2156.9,449.0,2026-04-08T04:24:30.295737+00:00
246827,AIRTELAFRI,2025-02-19,2156.9,,,2156.9,295.0,2026-04-08T04:24:32.765887+00:00
246945,AIRTELAFRI,2025-02-20,2156.9,,,2156.9,105.0,2026-04-08T04:24:35.351909+00:00
247063,AIRTELAFRI,2025-02-21,2156.9,,,2156.9,417.0,2026-04-08T04:24:37.680479+00:00
247181,AIRTELAFRI,2025-02-25,2156.9,,,2156.9,440.0,2026-04-08T04:24:43.419296+00:00
247299,AIRTELAFRI,2025-02-26,2156.9,,,2156.9,105.0,2026-04-08T04:24:45.860894+00:00
247417,AIRTELAFRI,2025-02-27,2156.9,,,2156.9,76.0,2026-04-08T04:24:48.27846+00:00
247535,AIRTELAFRI,2025-02-28,2156.9,,,2156.9,368.0,2026-04-08T04:24:50.63724+00:00
247653,AIRTELAFRI,2025-03-03,2156.9,,,2156.9,432.0,2026-04-08T04:24:55.222854+00:00
247771,AIRTELAFRI,2025-03-04,2156.9,,,2156.9,53.0,2026-04-08T04:24:57.762887+00:00
247890,AIRTELAFRI,2025-03-05,2156.9,,,2156.9,596.0,2026-04-08T04:25:00.108696+00:00
248009,AIRTELAFRI,2025-03-06,2156.9,,,2156.9,552.0,2026-04-08T04:25:02.52336+00:00
248128,AIRTELAFRI,2025-03-07,2156.9,,,2156.9,52.0,2026-04-08T04:25:04.19753+00:00
248247,AIRTELAFRI,2025-03-10,2156.9,,,2156.9,2128.0,2026-04-08T04:25:07.959889+00:00
248366,AIRTELAFRI,2025-03-11,2156.9,,,2156.9,17.0,2026-04-08T04:25:10.446731+00:00
248485,AIRTELAFRI,2025-03-12,2156.9,,,2156.9,432.0,2026-04-08T04:25:12.888859+00:00
248604,AIRTELAFRI,2025-03-13,2156.9,,,2156.9,1860.0,2026-04-08T04:25:15.353849+00:00
248723,AIRTELAFRI,2025-03-14,2156.9,,,2156.9,15938.0,2026-04-08T04:25:17.75152+00:00
248842,AIRTELAFRI,2025-03-17,2156.9,,,2156.9,568.0,2026-04-08T04:25:23.327657+00:00
248961,AIRTELAFRI,2025-03-18,2156.9,,,2156.9,16212.0,2026-04-08T04:25:25.763099+00:00
249080,AIRTELAFRI,2025-03-19,2156.9,,,2156.9,585.0,2026-04-08T04:25:28.144043+00:00
249199,AIRTELAFRI,2025-03-20,2156.9,,,2156.9,405.0,2026-04-08T04:25:31.01834+00:00
249318,AIRTELAFRI,2025-03-21,2156.9,,,2156.9,288.0,2026-04-08T04:25:33.389958+00:00
249437,AIRTELAFRI,2025-03-24,2156.9,,,2156.9,20919.0,2026-04-08T04:25:38.388993+00:00
249556,AIRTELAFRI,2025-03-25,2156.9,,,2156.9,146.0,2026-04-08T04:25:40.7685+00:00
249675,AIRTELAFRI,2025-03-26,2156.9,,,2156.9,51.0,2026-04-08T04:25:43.344812+00:00
249794,AIRTELAFRI,2025-03-27,2156.9,,,2156.9,156.0,2026-04-08T04:25:45.817232+00:00
249913,AIRTELAFRI,2025-03-28,2156.9,,,2156.9,51.0,2026-04-08T04:25:48.177352+00:00
250032,AIRTELAFRI,2025-04-02,2156.9,,,2156.9,76.0,2026-04-08T04:25:54.663823+00:00
250151,AIRTELAFRI,2025-04-03,2156.9,,,2156.9,209.0,2026-04-08T04:25:57.014747+00:00
250270,AIRTELAFRI,2025-04-04,2156.9,,,2156.9,321.0,2026-04-08T04:25:59.489503+00:00
250389,AIRTELAFRI,2025-04-07,2156.9,,,2156.9,188074.0,2026-04-08T04:26:04.211964+00:00
250508,AIRTELAFRI,2025-04-08,2156.9,,,2156.9,1463.0,2026-04-08T04:26:06.766331+00:00
250627,AIRTELAFRI,2025-04-10,2156.9,,,2156.9,22.0,2026-04-08T04:26:10.263658+00:00
250746,AIRTELAFRI,2025-04-11,2156.9,,,2156.9,0.0,2026-04-08T04:26:12.610372+00:00
250865,AIRTELAFRI,2025-04-14,2156.9,,,2156.9,225.0,2026-04-08T04:26:17.137975+00:00
250984,AIRTELAFRI,2025-04-15,2156.9,,,2156.9,1080.0,2026-04-08T04:26:19.634971+00:00
251103,AIRTELAFRI,2025-04-16,2156.9,,,2156.9,6340.0,2026-04-08T04:26:22.321337+00:00
251222,AIRTELAFRI,2025-04-17,2156.9,,,2156.9,12000.0,2026-04-08T04:26:24.819431+00:00
251341,AIRTELAFRI,2025-04-22,2156.9,,,2156.9,2327.0,2026-04-08T04:26:31.401152+00:00
251460,AIRTELAFRI,2025-04-23,2156.9,,,2156.9,85.0,2026-04-08T04:26:33.741411+00:00
251579,AIRTELAFRI,2025-04-24,2156.9,,,2156.9,99.0,2026-04-08T04:26:36.383131+00:00
251699,AIRTELAFRI,2025-04-25,2156.9,,,2156.9,73.0,2026-04-08T04:26:38.677219+00:00
251819,AIRTELAFRI,2025-04-28,2156.9,,,2156.9,160.0,2026-04-08T04:26:43.113614+00:00
251939,AIRTELAFRI,2025-04-29,2156.9,,,2156.9,12.0,2026-04-08T04:26:45.609073+00:00
252059,AIRTELAFRI,2025-04-30,2156.9,,,2156.9,73220.0,2026-04-08T04:26:48.242472+00:00
252179,AIRTELAFRI,2025-05-02,2156.9,,,2156.9,13.0,2026-04-08T04:26:51.690529+00:00
252299,AIRTELAFRI,2025-05-05,2156.9,,,2156.9,20.0,2026-04-08T04:26:56.275381+00:00
252419,AIRTELAFRI,2025-05-06,2156.9,,,2156.9,5.0,2026-04-08T04:26:58.7221+00:00
252539,AIRTELAFRI,2025-05-07,2156.9,,,2156.9,1461.0,2026-04-08T04:27:01.170235+00:00
252659,AIRTELAFRI,2025-05-08,2156.9,,,2156.9,5.0,2026-04-08T04:27:03.468055+00:00
252779,AIRTELAFRI,2025-05-09,2156.9,,,2156.9,2102.0,2026-04-08T04:27:05.963213+00:00
252899,AIRTELAFRI,2025-05-12,2156.9,,,2156.9,510.0,2026-04-08T04:27:10.449459+00:00
253019,AIRTELAFRI,2025-05-14,2156.9,,,2156.9,229.0,2026-04-08T04:27:13.89162+00:00
253139,AIRTELAFRI,2025-05-15,2156.9,,,2156.9,15.0,2026-04-08T04:27:16.307455+00:00
253259,AIRTELAFRI,2025-05-16,2156.9,,,2156.9,72.0,2026-04-08T04:27:18.639316+00:00
253379,AIRTELAFRI,2025-05-19,2156.9,,,2156.9,145.0,2026-04-08T04:27:23.06518+00:00
253499,AIRTELAFRI,2025-05-20,2156.9,,,2156.9,145.0,2026-04-08T04:27:25.663956+00:00
253619,AIRTELAFRI,2025-05-21,2156.9,,,2156.9,13035.0,2026-04-08T04:27:28.280255+00:00
253739,AIRTELAFRI,2025-05-22,2156.9,,,2156.9,106.0,2026-04-08T04:27:30.733393+00:00
253859,AIRTELAFRI,2025-05-23,2156.9,,,2156.9,0.0,2026-04-08T04:27:33.142895+00:00
253979,AIRTELAFRI,2025-05-26,2156.9,,,2156.9,193.0,2026-04-08T04:27:37.938794+00:00
254099,AIRTELAFRI,2025-05-27,2372.5,,,2372.5,104176.0,2026-04-08T04:27:40.395447+00:00
254219,AIRTELAFRI,2025-05-28,2372.5,,,2372.5,266.0,2026-04-08T04:27:42.906627+00:00
254339,AIRTELAFRI,2025-05-29,2372.5,,,2372.5,12648.0,2026-04-08T04:27:45.903166+00:00
254459,AIRTELAFRI,2025-05-30,2372.5,,,2372.5,150.0,2026-04-08T04:27:48.4452+00:00
254579,AIRTELAFRI,2025-06-02,2372.5,,,2372.5,314.0,2026-04-08T04:27:53.01382+00:00
254699,AIRTELAFRI,2025-06-03,2372.5,,,2372.5,3638.0,2026-04-08T04:27:55.368454+00:00
254819,AIRTELAFRI,2025-06-04,2372.5,,,2372.5,170.0,2026-04-08T04:27:57.94541+00:00
254939,AIRTELAFRI,2025-06-05,2372.5,,,2372.5,0.0,2026-04-08T04:28:00.320696+00:00
255059,AIRTELAFRI,2025-06-10,2372.5,,,2372.5,588.0,2026-04-08T04:28:07.114795+00:00
255179,AIRTELAFRI,2025-06-11,2372.5,,,2372.5,107.0,2026-04-08T04:28:09.38594+00:00
255299,AIRTELAFRI,2025-06-17,2372.5,,,2372.5,1096.0,2026-04-08T04:28:17.228975+00:00
255419,AIRTELAFRI,2025-06-18,2310.5,,,2310.5,365.0,2026-04-08T04:28:19.70912+00:00
255539,AIRTELAFRI,2025-06-19,2310.5,,,2310.5,4531.0,2026-04-08T04:28:22.276816+00:00
255659,AIRTELAFRI,2025-06-20,2310.5,,,2310.5,1.0,2026-04-08T04:28:24.65394+00:00
255779,AIRTELAFRI,2025-06-23,2310.5,,,2310.5,55.0,2026-04-08T04:28:29.225711+00:00
255899,AIRTELAFRI,2025-06-24,2310.5,,,2310.5,61.0,2026-04-08T04:28:31.569579+00:00
256019,AIRTELAFRI,2025-06-25,2310.5,,,2310.5,51.0,2026-04-08T04:28:33.910697+00:00
256139,AIRTELAFRI,2025-06-26,2310.5,,,2310.5,198.0,2026-04-08T04:28:36.389223+00:00
256259,AIRTELAFRI,2025-06-27,2310.5,,,2310.5,771.0,2026-04-08T04:28:38.797599+00:00
256379,AIRTELAFRI,2025-07-01,2310.5,,,2310.5,46.0,2026-04-08T04:28:44.517216+00:00
256499,AIRTELAFRI,2025-07-02,2310.5,,,2310.5,3256.0,2026-04-08T04:28:47.139962+00:00
256619,AIRTELAFRI,2025-07-03,2310.5,,,2310.5,65.0,2026-04-08T04:28:49.506141+00:00
256739,AIRTELAFRI,2025-07-04,2310.5,,,2310.5,20701.0,2026-04-08T04:28:51.76506+00:00
256859,AIRTELAFRI,2025-07-07,2310.5,,,2310.5,2317.0,2026-04-08T04:28:56.230166+00:00
256979,AIRTELAFRI,2025-07-08,2310.5,,,2310.5,40.0,2026-04-08T04:28:58.705995+00:00
257099,AIRTELAFRI,2025-07-09,2310.5,,,2310.5,130.0,2026-04-08T04:29:01.058721+00:00
257219,AIRTELAFRI,2025-07-10,2310.5,,,2310.5,128.0,2026-04-08T04:29:03.550316+00:00
257339,AIRTELAFRI,2025-07-11,2310.5,,,2310.5,313.0,2026-04-08T04:29:06.089999+00:00
257459,AIRTELAFRI,2025-07-14,2310.5,,,2310.5,75.0,2026-04-08T04:29:10.69196+00:00
257579,AIRTELAFRI,2025-07-16,2310.5,,,2310.5,378.0,2026-04-08T04:29:14.112969+00:00
257699,AIRTELAFRI,2025-07-17,2310.5,,,2310.5,28.0,2026-04-08T04:29:16.489777+00:00
257819,AIRTELAFRI,2025-07-18,2310.5,,,2310.5,770.0,2026-04-08T04:29:18.854517+00:00
257939,AIRTELAFRI,2025-07-21,2310.5,,,2310.5,103.0,2026-04-08T04:29:23.300994+00:00
258059,AIRTELAFRI,2025-07-22,2310.5,,,2310.5,200.0,2026-04-08T04:29:25.922592+00:00
258179,AIRTELAFRI,2025-07-23,2310.5,,,2310.5,0.0,2026-04-08T04:29:29.05968+00:00
258299,AIRTELAFRI,2025-07-24,2310.5,,,2310.5,25.0,2026-04-08T04:29:31.486978+00:00
258419,AIRTELAFRI,2025-07-25,2310.5,,,2310.5,200.0,2026-04-08T04:29:33.980938+00:00
258539,AIRTELAFRI,2025-07-28,2310.5,,,2310.5,73.0,2026-04-08T04:29:38.78621+00:00
258658,AIRTELAFRI,2025-07-29,2310.5,,,2310.5,95.0,2026-04-08T04:29:41.392621+00:00
258777,AIRTELAFRI,2025-07-30,2310.5,,,2310.5,129.0,2026-04-08T04:29:43.881641+00:00
258896,AIRTELAFRI,2025-07-31,2310.5,,,2310.5,1.0,2026-04-08T04:29:46.315218+00:00
259015,AIRTELAFRI,2025-08-01,2310.5,,,2310.5,5.0,2026-04-08T04:29:48.711654+00:00
259133,AIRTELAFRI,2025-08-04,2310.5,,,2310.5,25.0,2026-04-08T04:29:53.303607+00:00
259252,AIRTELAFRI,2025-08-05,2310.5,,,2310.5,84469.0,2026-04-08T04:29:55.780422+00:00
259371,AIRTELAFRI,2025-08-06,2310.5,,,2310.5,180.0,2026-04-08T04:29:58.241852+00:00
259490,AIRTELAFRI,2025-08-07,2310.5,,,2310.5,101.0,2026-04-08T04:30:00.56444+00:00
259609,AIRTELAFRI,2025-08-08,2310.5,,,2310.5,0.0,2026-04-08T04:30:02.234883+00:00
259728,AIRTELAFRI,2025-08-11,2310.5,,,2310.5,49.0,2026-04-08T04:30:07.037349+00:00
259847,AIRTELAFRI,2025-08-12,2310.5,,,2310.5,478.0,2026-04-08T04:30:09.28323+00:00
259966,AIRTELAFRI,2025-08-13,2310.5,,,2310.5,2006.0,2026-04-08T04:30:11.815521+00:00
260085,AIRTELAFRI,2025-08-14,2310.5,,,2310.5,169.0,2026-04-08T04:30:14.350221+00:00
260204,AIRTELAFRI,2025-08-15,2310.5,,,2310.5,151.0,2026-04-08T04:30:16.786076+00:00
260323,AIRTELAFRI,2025-08-18,2310.5,,,2310.5,5.0,2026-04-08T04:30:21.560319+00:00
260442,AIRTELAFRI,2025-08-19,2310.5,,,2310.5,250.0,2026-04-08T04:30:23.869462+00:00
260561,AIRTELAFRI,2025-08-20,2310.5,,,2310.5,28.0,2026-04-08T04:30:26.318672+00:00
260680,AIRTELAFRI,2025-08-21,2310.5,,,2310.5,63.0,2026-04-08T04:30:28.670378+00:00
260799,AIRTELAFRI,2025-08-22,2310.5,,,2310.5,0.0,2026-04-08T04:30:30.96965+00:00
260918,AIRTELAFRI,2025-08-25,2310.5,,,2310.5,102.0,2026-04-08T04:30:35.521871+00:00
261037,AIRTELAFRI,2025-08-26,2310.5,,,2310.5,98.0,2026-04-08T04:30:37.91594+00:00
261156,AIRTELAFRI,2025-08-27,2310.5,,,2310.5,203.0,2026-04-08T04:30:40.231113+00:00
261275,AIRTELAFRI,2025-08-28,2310.5,,,2310.5,96.0,2026-04-08T04:30:42.59826+00:00
261394,AIRTELAFRI,2025-08-29,2310.5,,,2310.5,2408.0,2026-04-08T04:30:45.09102+00:00
261513,AIRTELAFRI,2025-09-01,2310.5,,,2310.5,907.0,2026-04-08T04:30:49.608802+00:00
261632,AIRTELAFRI,2025-09-02,2310.5,,,2310.5,50.0,2026-04-08T04:30:52.312491+00:00
261751,AIRTELAFRI,2025-09-03,2310.5,,,2310.5,9.0,2026-04-08T04:30:55.837007+00:00
261870,AIRTELAFRI,2025-09-04,2310.5,,,2310.5,351.0,2026-04-08T04:30:58.198935+00:00
261989,AIRTELAFRI,2025-09-08,2310.5,,,2310.5,144.0,2026-04-08T04:31:03.728068+00:00
262108,AIRTELAFRI,2025-09-09,2310.5,,,2310.5,92.0,2026-04-08T04:31:06.294869+00:00
262227,AIRTELAFRI,2025-09-10,2310.5,,,2310.5,23.0,2026-04-08T04:31:08.610575+00:00
262346,AIRTELAFRI,2025-09-11,2310.5,,,2310.5,175.0,2026-04-08T04:31:10.974873+00:00
262465,AIRTELAFRI,2025-09-12,2310.5,,,2310.5,1.0,2026-04-08T04:31:13.547359+00:00
262584,AIRTELAFRI,2025-09-15,2310.5,,,2310.5,19.0,2026-04-08T04:31:18.268622+00:00
262703,AIRTELAFRI,2025-09-16,2310.5,,,2310.5,130.0,2026-04-08T04:31:20.741189+00:00
262822,AIRTELAFRI,2025-09-17,2310.5,,,2310.5,25.0,2026-04-08T04:31:23.24235+00:00
262941,AIRTELAFRI,2025-09-18,2310.5,,,2310.5,0.0,2026-04-08T04:31:25.598019+00:00
263060,AIRTELAFRI,2025-09-19,2310.5,,,2310.5,0.0,2026-04-08T04:31:28.111008+00:00
263179,AIRTELAFRI,2025-09-22,2310.5,,,2310.5,17.0,2026-04-08T04:31:32.624882+00:00
263298,AIRTELAFRI,2025-09-23,2310.5,,,2310.5,13.0,2026-04-08T04:31:35.170326+00:00
263417,AIRTELAFRI,2025-09-24,2310.5,,,2310.5,32.0,2026-04-08T04:31:37.673105+00:00
263536,AIRTELAFRI,2025-09-25,2310.5,,,2310.5,70.0,2026-04-08T04:31:40.100841+00:00
263655,AIRTELAFRI,2025-09-26,2310.5,,,2310.5,124.0,2026-04-08T04:31:42.548783+00:00
263774,AIRTELAFRI,2025-09-29,2310.5,,,2310.5,0.0,2026-04-08T04:31:47.029675+00:00
263893,AIRTELAFRI,2025-09-30,2310.5,,,2310.5,55.0,2026-04-08T04:31:49.320364+00:00
264012,AIRTELAFRI,2025-10-02,2310.5,,,2310.5,14.0,2026-04-08T04:31:52.706523+00:00
264131,AIRTELAFRI,2025-10-03,2310.5,,,2310.5,115.0,2026-04-08T04:31:55.311341+00:00
264250,AIRTELAFRI,2025-10-06,2310.5,,,2310.5,131.0,2026-04-08T04:31:59.803196+00:00
264369,AIRTELAFRI,2025-10-07,2310.5,,,2310.5,2264.0,2026-04-08T04:32:02.285104+00:00
264488,AIRTELAFRI,2025-10-08,2310.5,,,2310.5,40.0,2026-04-08T04:32:04.646463+00:00
264607,AIRTELAFRI,2025-10-09,2310.5,,,2310.5,368.0,2026-04-08T04:32:07.004133+00:00
264726,AIRTELAFRI,2025-10-10,2310.5,,,2310.5,242.0,2026-04-08T04:32:10.69692+00:00
264845,AIRTELAFRI,2025-10-13,2310.5,,,2310.5,161.0,2026-04-08T04:32:15.267586+00:00
264964,AIRTELAFRI,2025-10-14,2310.5,,,2310.5,500.0,2026-04-08T04:32:17.792097+00:00
265083,AIRTELAFRI,2025-10-15,2310.5,,,2310.5,371.0,2026-04-08T04:32:20.093513+00:00
265202,AIRTELAFRI,2025-10-16,2310.5,,,2310.5,1.0,2026-04-08T04:32:22.728593+00:00
265321,AIRTELAFRI,2025-10-17,2310.5,,,2310.5,836.0,2026-04-08T04:32:25.167177+00:00
265440,AIRTELAFRI,2025-10-20,2310.5,,,2310.5,730.0,2026-04-08T04:32:29.532096+00:00
265559,AIRTELAFRI,2025-10-21,2310.5,,,2310.5,510.0,2026-04-08T04:32:31.920152+00:00
265678,AIRTELAFRI,2025-10-22,2310.5,,,2310.5,1329.0,2026-04-08T04:32:34.332447+00:00
265797,AIRTELAFRI,2025-10-23,2310.5,,,2310.5,504.0,2026-04-08T04:32:36.79914+00:00
265916,AIRTELAFRI,2025-10-24,2310.5,,,2310.5,50.0,2026-04-08T04:32:39.249323+00:00
266035,AIRTELAFRI,2025-10-28,2310.5,,,2310.5,137.0,2026-04-08T04:32:44.921336+00:00
266154,AIRTELAFRI,2025-10-29,2310.5,,,2310.5,1.0,2026-04-08T04:32:47.450266+00:00
266273,AIRTELAFRI,2025-10-30,2310.5,,,2310.5,3.0,2026-04-08T04:32:49.91761+00:00
266392,AIRTELAFRI,2025-10-31,2310.5,,,2310.5,20.0,2026-04-08T04:32:52.375955+00:00
266511,AIRTELAFRI,2025-11-03,2310.5,,,2310.5,3510.0,2026-04-08T04:32:57.290654+00:00
266630,AIRTELAFRI,2025-11-04,2310.5,,,2310.5,1.0,2026-04-08T04:32:59.739678+00:00
266749,AIRTELAFRI,2025-11-05,2270.0,,,2270.0,0.0,2026-04-08T04:33:02.152799+00:00
266868,AIRTELAFRI,2025-11-06,2270.0,,,2270.0,45.0,2026-04-08T04:33:04.646202+00:00
266987,AIRTELAFRI,2025-11-07,2270.0,,,2270.0,601.0,2026-04-08T04:33:07.145499+00:00
267106,AIRTELAFRI,2025-11-10,2270.0,,,2270.0,1190.0,2026-04-08T04:33:11.744122+00:00
267225,AIRTELAFRI,2025-11-11,2270.0,,,2270.0,1190.0,2026-04-08T04:33:14.17228+00:00
267344,AIRTELAFRI,2025-11-12,2270.0,,,2270.0,10.0,2026-04-08T04:33:16.719178+00:00
267463,AIRTELAFRI,2025-11-13,2270.0,,,2270.0,164.0,2026-04-08T04:33:19.052814+00:00
267582,AIRTELAFRI,2025-11-14,2270.0,,,2270.0,81.0,2026-04-08T04:33:21.762061+00:00
267701,AIRTELAFRI,2025-11-17,2270.0,,,2270.0,112.0,2026-04-08T04:33:26.271116+00:00
267820,AIRTELAFRI,2025-11-18,2270.0,,,2270.0,56.0,2026-04-08T04:33:29.067053+00:00
267939,AIRTELAFRI,2025-11-19,2270.0,,,2270.0,8093.0,2026-04-08T04:33:31.487527+00:00
268058,AIRTELAFRI,2025-11-20,2270.0,,,2270.0,6549.0,2026-04-08T04:33:33.887172+00:00
268177,AIRTELAFRI,2025-11-21,2270.0,,,2270.0,4883.0,2026-04-08T04:33:36.654129+00:00
268296,AIRTELAFRI,2025-11-24,2270.0,,,2270.0,4143.0,2026-04-08T04:33:41.368891+00:00
268415,AIRTELAFRI,2025-11-25,2270.0,,,2270.0,2591.0,2026-04-08T04:33:44.004166+00:00
268534,AIRTELAFRI,2025-11-26,2270.0,,,2270.0,7676.0,2026-04-08T04:33:46.260048+00:00
268653,AIRTELAFRI,2025-11-27,2270.0,,,2270.0,71.0,2026-04-08T04:33:48.488035+00:00
268772,AIRTELAFRI,2025-11-28,2270.0,,,2270.0,3.0,2026-04-08T04:33:50.826192+00:00
268891,AIRTELAFRI,2025-12-01,2270.0,,,2270.0,227.0,2026-04-08T04:33:55.236541+00:00
269010,AIRTELAFRI,2025-12-02,2270.0,,,2270.0,155.0,2026-04-08T04:33:57.748335+00:00
269129,AIRTELAFRI,2025-12-03,2270.0,,,2270.0,50.0,2026-04-08T04:34:00.349419+00:00
269248,AIRTELAFRI,2025-12-04,2270.0,,,2270.0,78.0,2026-04-08T04:34:03.142475+00:00
269367,AIRTELAFRI,2025-12-05,2270.0,,,2270.0,0.0,2026-04-08T04:34:05.808951+00:00
269486,AIRTELAFRI,2025-12-08,2270.0,,,2270.0,46.0,2026-04-08T04:34:10.334331+00:00
269605,AIRTELAFRI,2025-12-09,2270.0,,,2270.0,31.0,2026-04-08T04:34:12.926221+00:00
269724,AIRTELAFRI,2025-12-10,2270.0,,,2270.0,0.0,2026-04-08T04:34:15.295879+00:00
269843,AIRTELAFRI,2025-12-11,2270.0,,,2270.0,0.0,2026-04-08T04:34:17.804745+00:00
269962,AIRTELAFRI,2025-12-12,2270.0,,,2270.0,5048.0,2026-04-08T04:34:20.615101+00:00
270081,AIRTELAFRI,2025-12-15,2270.0,,,2270.0,456.0,2026-04-08T04:34:25.240467+00:00
270200,AIRTELAFRI,2025-12-16,2270.0,,,2270.0,117.0,2026-04-08T04:34:27.867795+00:00
270319,AIRTELAFRI,2025-12-18,2270.0,,,2270.0,298.0,2026-04-08T04:34:31.321522+00:00
270438,AIRTELAFRI,2025-12-19,2270.0,,,2270.0,0.0,2026-04-08T04:34:33.771022+00:00
270557,AIRTELAFRI,2025-12-22,2270.0,,,2270.0,120.0,2026-04-08T04:34:38.115277+00:00
270676,AIRTELAFRI,2025-12-23,2270.0,,,2270.0,1989.0,2026-04-08T04:34:40.661369+00:00
270795,AIRTELAFRI,2025-12-24,2270.0,,,2270.0,50.0,2026-04-08T04:34:43.221402+00:00
270914,AIRTELAFRI,2025-12-29,2270.0,,,2270.0,4.0,2026-04-08T04:34:48.902152+00:00
271033,AIRTELAFRI,2025-12-30,2270.0,,,2270.0,11.0,2026-04-08T04:34:51.359097+00:00
271152,AIRTELAFRI,2025-12-31,2270.0,,,2270.0,16424.0,2026-04-08T04:34:53.061316+00:00
271271,AIRTELAFRI,2026-01-02,2270.0,,,2270.0,1538.0,2026-04-08T04:34:56.467348+00:00
271390,AIRTELAFRI,2026-01-05,2270.0,,,2270.0,39.0,2026-04-08T04:35:01.008466+00:00
271509,AIRTELAFRI,2026-01-06,2270.0,,,2270.0,5.0,2026-04-08T04:35:03.366972+00:00
271628,AIRTELAFRI,2026-01-07,2270.0,,,2270.0,10008.0,2026-04-08T04:35:05.819661+00:00
271747,AIRTELAFRI,2026-01-08,2270.0,,,2270.0,117.0,2026-04-08T04:35:08.163488+00:00
271866,AIRTELAFRI,2026-01-09,2270.0,,,2270.0,146.0,2026-04-08T04:35:10.591402+00:00
271985,AIRTELAFRI,2026-01-12,2270.0,,,2270.0,3.0,2026-04-08T04:35:15.220756+00:00
272104,AIRTELAFRI,2026-01-13,2270.0,,,2270.0,9.0,2026-04-08T04:35:17.864544+00:00
272223,AIRTELAFRI,2026-01-14,2270.0,,,2270.0,36.0,2026-04-08T04:35:20.278959+00:00
272342,AIRTELAFRI,2026-01-15,2270.0,,,2270.0,571.0,2026-04-08T04:35:23.159853+00:00
272461,AIRTELAFRI,2026-01-16,2270.0,,,2270.0,199.0,2026-04-08T04:35:25.571119+00:00
272580,AIRTELAFRI,2026-01-19,2270.0,,,2270.0,8756.0,2026-04-08T04:35:30.272746+00:00
272699,AIRTELAFRI,2026-01-20,2270.0,,,2270.0,3872.0,2026-04-08T04:35:32.536083+00:00
272819,AIRTELAFRI,2026-01-21,2270.0,,,2270.0,0.0,2026-04-08T04:35:34.90344+00:00
272939,AIRTELAFRI,2026-01-22,2270.0,,,2270.0,126.0,2026-04-08T04:35:36.566163+00:00
273059,AIRTELAFRI,2026-01-23,2270.0,,,2270.0,9381.0,2026-04-08T04:35:38.92405+00:00
273179,AIRTELAFRI,2026-01-26,2270.0,,,2270.0,118.0,2026-04-08T04:35:43.383975+00:00
273299,AIRTELAFRI,2026-01-27,2270.0,,,2270.0,37.0,2026-04-08T04:35:45.70946+00:00
273419,AIRTELAFRI,2026-01-28,2270.0,,,2270.0,426.0,2026-04-08T04:35:48.193808+00:00
273539,AIRTELAFRI,2026-01-29,2270.0,,,2270.0,52.0,2026-04-08T04:35:50.479528+00:00
273659,AIRTELAFRI,2026-01-30,2270.0,,,2270.0,0.0,2026-04-08T04:35:52.855058+00:00
273779,AIRTELAFRI,2026-02-02,2270.0,,,2270.0,0.0,2026-04-08T04:35:57.524813+00:00
273899,AIRTELAFRI,2026-02-03,2270.0,,,2270.0,50.0,2026-04-08T04:36:00.137559+00:00
274019,AIRTELAFRI,2026-02-04,2270.0,,,2270.0,15.0,2026-04-08T04:36:02.592569+00:00
274139,AIRTELAFRI,2026-02-05,2270.0,,,2270.0,0.0,2026-04-08T04:36:04.997535+00:00
274259,AIRTELAFRI,2026-02-06,2270.0,,,2270.0,0.0,2026-04-08T04:36:07.533957+00:00
9,AIRTELAFRI,2026-02-08,,,,2270.0,,2026-02-08T00:18:13.945+00:00
274379,AIRTELAFRI,2026-02-09,2270.0,,,2270.0,968.0,2026-04-08T04:36:12.456447+00:00
274499,AIRTELAFRI,2026-02-10,2270.0,,,2270.0,7.0,2026-04-08T04:36:14.818506+00:00
274619,AIRTELAFRI,2026-02-11,2270.0,,,2270.0,141.0,2026-04-08T04:36:17.460702+00:00
152,AIRTELAFRI,2026-02-12,2270.0,,,2270.0,241.0,2026-02-12T09:23:41.317084+00:00
274859,AIRTELAFRI,2026-02-13,2270.0,,,2270.0,0.0,2026-04-08T04:36:22.38356+00:00
274979,AIRTELAFRI,2026-02-16,2270.0,,,2270.0,185.0,2026-04-08T04:36:26.879081+00:00
275099,AIRTELAFRI,2026-02-17,2270.0,,,2270.0,580.0,2026-04-08T04:36:29.440312+00:00
275219,AIRTELAFRI,2026-02-18,2270.0,,,2270.0,405.0,2026-04-08T04:36:31.166521+00:00
275339,AIRTELAFRI,2026-02-19,2270.0,,,2270.0,122.0,2026-04-08T04:36:33.575564+00:00
503,AIRTELAFRI,2026-02-20,2270.0,,,2270.0,5.0,2026-02-20T23:15:44.934622+00:00
651,AIRTELAFRI,2026-02-23,2270.0,,,2270.0,60.0,2026-02-23T07:00:01.990412+00:00
799,AIRTELAFRI,2026-02-24,2270.0,,,2270.0,117.0,2026-02-24T07:00:01.929914+00:00
947,AIRTELAFRI,2026-02-25,2270.0,,,2270.0,182.0,2026-02-25T07:00:01.953057+00:00
1095,AIRTELAFRI,2026-02-26,2270.0,,,2270.0,527.0,2026-02-26T07:00:01.915173+00:00
1783,AIRTELAFRI,2026-02-27,2270.0,,,2270.0,7.0,2026-02-27T07:00:02.056517+00:00
2664,AIRTELAFRI,2026-02-28,2270.0,,,2270.0,7.0,2026-02-28T18:00:03.453641+00:00
2812,AIRTELAFRI,2026-03-01,2270.0,,,2270.0,7.0,2026-03-01T18:00:03.821122+00:00
2960,AIRTELAFRI,2026-03-02,2270.0,,,2270.0,36.0,2026-03-02T07:00:01.981706+00:00
3924,AIRTELAFRI,2026-03-03,2270.0,,,2270.0,11467.0,2026-03-03T07:00:01.858909+00:00
5361,AIRTELAFRI,2026-03-04,2270.0,,,2270.0,32.0,2026-03-04T07:00:02.010027+00:00
7079,AIRTELAFRI,2026-03-05,2270.0,,,2270.0,201.0,2026-03-05T07:00:02.0033+00:00
9595,AIRTELAFRI,2026-03-06,2270.0,,,2270.0,344.0,2026-03-06T07:00:02.033178+00:00
11253,AIRTELAFRI,2026-03-07,2270.0,,,2270.0,344.0,2026-03-07T18:00:06.285951+00:00
11401,AIRTELAFRI,2026-03-08,2270.0,,,2270.0,344.0,2026-03-08T18:00:03.574352+00:00
11549,AIRTELAFRI,2026-03-09,2270.0,,,2270.0,53.0,2026-03-09T07:00:02.016534+00:00
14065,AIRTELAFRI,2026-03-10,2270.0,,,2270.0,593.0,2026-03-10T07:00:03.966079+00:00
15905,AIRTELAFRI,2026-03-11,2270.0,,,2270.0,274.0,2026-03-11T07:00:02.147117+00:00
17621,AIRTELAFRI,2026-03-12,2270.0,,,2270.0,14.0,2026-03-12T07:00:02.06753+00:00
20137,AIRTELAFRI,2026-03-13,2270.0,,,2270.0,14.0,2026-03-13T07:00:01.993197+00:00
23583,AIRTELAFRI,2026-03-16,2270.0,,,2270.0,15.0,2026-03-16T08:30:01.80086+00:00
25414,AIRTELAFRI,2026-03-17,2270.0,,,2270.0,501.0,2026-03-17T08:30:01.70448+00:00
27277,AIRTELAFRI,2026-03-18,2270.0,,,2270.0,325.0,2026-03-18T08:30:01.732403+00:00
33091,AIRTELAFRI,2026-03-23,2270.0,,,2270.0,179.0,2026-03-23T08:30:01.705825+00:00
34669,AIRTELAFRI,2026-03-24,2497.0,,,2497.0,100315.0,2026-03-24T15:00:01.978259+00:00
34817,AIRTELAFRI,2026-03-25,2497.0,,,2497.0,105.0,2026-03-25T15:00:01.528164+00:00
34965,AIRTELAFRI,2026-03-26,2497.0,,,2497.0,0.0,2026-03-26T15:00:01.955832+00:00
35113,AIRTELAFRI,2026-03-27,2497.0,,,2497.0,420.0,2026-03-27T15:00:02.114662+00:00
278219,AIRTELAFRI,2026-03-30,2497.0,,,2497.0,153.0,2026-04-08T04:37:47.74327+00:00
35261,AIRTELAFRI,2026-03-31,2497.0,,,2497.0,425.0,2026-03-31T15:00:02.085058+00:00
278459,AIRTELAFRI,2026-04-01,2497.0,,,2497.0,131.0,2026-04-08T04:37:52.684906+00:00
35409,AIRTELAFRI,2026-04-02,2497.0,,,2497.0,103.0,2026-04-02T15:00:01.864809+00:00
35853,AIRTELAFRI,2026-04-07,2497.0,,,2497.0,1.0,2026-04-07T15:00:01.949344+00:00
278750,AIRTELAFRI,2026-04-08,2497.0,,,2497.0,18.0,2026-04-08T15:00:01.943007+00:00
278898,AIRTELAFRI,2026-04-09,2497.0,,,2497.0,2.0,2026-04-09T15:00:02.085141+00:00
279044,AIRTELAFRI,2026-04-10,2497.0,,,2497.0,8.0,2026-04-10T15:00:01.352272+00:00
279190,AIRTELAFRI,2026-04-13,2497.0,,,2497.0,3.0,2026-04-13T15:00:02.021173+00:00
279336,AIRTELAFRI,2026-04-14,2497.0,,,2497.0,2.0,2026-04-14T15:00:02.477878+00:00
279482,AIRTELAFRI,2026-04-15,2746.7,,,2746.7,100005.0,2026-04-15T15:00:02.184222+00:00
279628,AIRTELAFRI,2026-04-16,2746.7,,,2746.7,69.0,2026-04-16T15:00:02.07143+00:00
279774,AIRTELAFRI,2026-04-17,2746.7,,,2746.7,2.0,2026-04-17T15:00:02.06245+00:00
279920,AIRTELAFRI,2026-04-20,2746.7,,,2746.7,22441.0,2026-04-20T15:00:01.862344+00:00
280066,AIRTELAFRI,2026-04-21,2746.7,,,2746.7,,2026-04-21T15:00:02.189846+00:00
280212,AIRTELAFRI,2026-04-22,2746.7,,,2746.7,30220.0,2026-04-22T15:00:02.200159+00:00
280358,AIRTELAFRI,2026-04-23,2746.7,,,2746.7,46.0,2026-04-23T15:00:02.125151+00:00
280504,AIRTELAFRI,2026-04-24,2746.7,,,2746.7,61.0,2026-04-24T15:00:02.20649+00:00
280650,AIRTELAFRI,2026-04-27,2746.7,,,2746.7,13161.0,2026-04-27T15:00:02.034997+00:00
280796,AIRTELAFRI,2026-04-28,2746.7,,,2746.7,105.0,2026-04-28T15:00:01.918241+00:00
280942,AIRTELAFRI,2026-04-29,3021.3,,,3021.3,102505.0,2026-04-29T15:00:02.672724+00:00
281088,AIRTELAFRI,2026-04-30,3021.3,,,3021.3,54.0,2026-04-30T15:00:02.170664+00:00
281380,AIRTELAFRI,2026-05-04,3021.3,,,3021.3,222.0,2026-05-04T15:00:02.156928+00:00
281526,AIRTELAFRI,2026-05-05,3021.3,,,3021.3,51.0,2026-05-05T15:00:01.930748+00:00
281672,AIRTELAFRI,2026-05-06,3021.3,,,3021.3,23.0,2026-05-06T15:00:01.919787+00:00
281818,AIRTELAFRI,2026-05-07,3323.4,,,3323.4,1715.0,2026-05-07T15:00:01.995523+00:00
281964,AIRTELAFRI,2026-05-08,3323.4,,,3323.4,1570.0,2026-05-08T15:00:02.118161+00:00
282110,AIRTELAFRI,2026-05-11,3323.4,,,3323.4,103.0,2026-05-11T15:00:02.243132+00:00
282256,AIRTELAFRI,2026-05-12,3323.4,,,3323.4,7.0,2026-05-12T15:00:02.325735+00:00
282402,AIRTELAFRI,2026-05-13,3323.4,,,3323.4,12002.0,2026-05-13T15:00:01.887561+00:00
282548,AIRTELAFRI,2026-05-14,3323.4,,,3323.4,14.0,2026-05-14T15:00:01.952989+00:00
282694,AIRTELAFRI,2026-05-15,3323.4,,,3323.4,3.0,2026-05-15T15:00:01.871578+00:00
282840,AIRTELAFRI,2026-05-18,3323.4,,,3323.4,108.0,2026-05-18T15:00:01.868607+00:00
282986,AIRTELAFRI,2026-05-19,3323.4,,,3323.4,117682.0,2026-05-19T15:00:01.863653+00:00
283132,AIRTELAFRI,2026-05-20,3323.4,,,3323.4,3231.0,2026-05-20T15:00:01.871845+00:00
283278,AIRTELAFRI,2026-05-21,3323.4,,,3323.4,1.0,2026-05-21T15:00:01.939198+00:00
283424,AIRTELAFRI,2026-05-22,3323.4,,,3323.4,,2026-05-22T15:00:02.031345+00:00
283570,AIRTELAFRI,2026-05-25,3655.7,,,3655.7,500111.0,2026-05-25T15:00:01.979384+00:00
283716,AIRTELAFRI,2026-05-26,3655.7,,,3655.7,11700.0,2026-05-26T15:00:01.996051+00:00
284154,AIRTELAFRI,2026-05-29,3655.7,,,3655.7,104.0,2026-05-29T15:00:02.455558+00:00
284300,AIRTELAFRI,2026-06-01,3655.7,,,3655.7,8.0,2026-06-01T15:00:02.603507+00:00
284446,AIRTELAFRI,2026-06-02,3655.7,,,3655.7,,2026-06-02T15:00:02.980523+00:00
284592,AIRTELAFRI,2026-06-03,3655.7,,,3655.7,1153.0,2026-06-03T15:00:03.023028+00:00
284738,AIRTELAFRI,2026-06-04,3655.7,,,3655.7,925.0,2026-06-04T15:00:03.321931+00:00
284884,AIRTELAFRI,2026-06-05,3655.7,,,3655.7,1.0,2026-06-05T15:00:03.073061+00:00
285030,AIRTELAFRI,2026-06-08,3655.7,,,3655.7,727.0,2026-06-08T15:00:03.135386+00:00
285176,AIRTELAFRI,2026-06-09,4021.2,,,4021.2,100159.0,2026-06-09T15:00:03.53749+00:00
285322,AIRTELAFRI,2026-06-10,4021.2,,,4021.2,129.0,2026-06-10T15:10:03.084397+00:00
285760,AIRTELAFRI,2026-06-11,4021.2,,,4021.2,208.0,2026-06-11T15:10:02.991492+00:00
287512,AIRTELAFRI,2026-06-15,4021.2,,,4021.2,151.0,2026-06-15T15:10:02.896252+00:00
288388,AIRTELAFRI,2026-06-16,4021.2,,,4021.2,221.0,2026-06-16T15:10:02.87997+00:00
289264,AIRTELAFRI,2026-06-17,4021.2,,,4021.2,51.0,2026-06-17T15:10:02.980097+00:00
289702,AIRTELAFRI,2026-06-18,3962.6,,,3962.6,2257.0,2026-06-18T15:10:02.932064+00:00
290286,AIRTELAFRI,2026-06-19,3962.6,,,3962.6,5.0,2026-06-19T15:10:02.959085+00:00
291016,AIRTELAFRI,2026-06-22,3962.6,,,3962.6,30.0,2026-06-22T15:10:03.140564+00:00
291600,AIRTELAFRI,2026-06-23,4358.8,,,4358.8,397706.0,2026-06-23T15:10:03.017319+00:00
292184,AIRTELAFRI,2026-06-24,4358.8,,,4358.8,1096.0,2026-06-24T15:10:03.053149+00:00
292768,AIRTELAFRI,2026-06-25,4358.8,,,4358.8,2634.0,2026-06-25T15:10:02.973562+00:00
293206,AIRTELAFRI,2026-06-26,4358.8,,,4358.8,25629.0,2026-06-26T15:10:03.012808+00:00
293644,AIRTELAFRI,2026-06-29,4358.8,,,4358.8,25053.0,2026-06-29T15:10:03.028054+00:00
294082,AIRTELAFRI,2026-06-30,4794.6,,,4794.6,280593.0,2026-06-30T15:10:03.08168+00:00
294520,AIRTELAFRI,2026-07-01,4794.6,,,4794.6,7442.0,2026-07-01T15:10:03.133226+00:00
294958,AIRTELAFRI,2026-07-02,4794.6,,,4794.6,13886.0,2026-07-02T15:10:03.065554+00:00
295396,AIRTELAFRI,2026-07-03,5274.0,,,5274.0,110435.0,2026-07-03T15:10:03.019266+00:00
295834,AIRTELAFRI,2026-07-06,5274.0,,,5274.0,38319.0,2026-07-06T15:10:03.100823+00:00
296272,AIRTELAFRI,2026-07-07,5274.0,,,5274.0,107285.0,2026-07-07T15:10:03.687653+00:00
296710,AIRTELAFRI,2026-07-08,5801.4,,,5801.4,280523.0,2026-07-08T15:10:02.922872+00:00
297148,AIRTELAFRI,2026-07-09,5801.4,,,5801.4,158938.0,2026-07-09T15:10:03.041812+00:00
297586,AIRTELAFRI,2026-07-10,5801.4,,,5801.4,9615.0,2026-07-10T15:10:03.284445+00:00
298024,AIRTELAFRI,2026-07-13,5801.4,,,5801.4,13256.0,2026-07-13T15:10:02.995074+00:00
298462,AIRTELAFRI,2026-07-14,5801.4,,,5801.4,8478.0,2026-07-14T15:10:03.094441+00:00
298900,AIRTELAFRI,2026-07-15,5801.4,,,5801.4,3483.0,2026-07-15T15:10:03.078609+00:00
299338,AIRTELAFRI,2026-07-16,5801.4,,,5801.4,12175.0,2026-07-16T15:10:03.113936+00:00
299776,AIRTELAFRI,2026-07-17,5801.4,,,5801.4,7865.0,2026-07-17T15:10:03.053983+00:00
