id,symbol,trade_date,open_price,high_price,low_price,close_price,volume,created_at
42839,CHAMS,2017-01-03,0.5,,,0.5,100000,2026-04-08T02:41:25.765521+00:00
43399,CHAMS,2017-01-04,0.5,,,0.5,133079,2026-04-08T02:42:20.164398+00:00
43509,CHAMS,2017-01-05,0.5,,,0.5,100000,2026-04-08T02:42:22.380516+00:00
43619,CHAMS,2017-01-06,0.5,,,0.5,100000,2026-04-08T02:42:23.84796+00:00
43709,CHAMS,2017-01-09,0.5,,,0.5,0,2026-04-08T02:42:26.938159+00:00
43819,CHAMS,2017-01-10,0.5,,,0.5,0,2026-04-08T02:42:29.227202+00:00
43929,CHAMS,2017-01-11,0.5,,,0.5,100000,2026-04-08T02:42:30.799441+00:00
44019,CHAMS,2017-01-12,0.5,,,0.5,100000,2026-04-08T02:42:32.390658+00:00
44149,CHAMS,2017-01-13,0.5,,,0.5,19000,2026-04-08T02:42:34.853543+00:00
44239,CHAMS,2017-01-16,0.5,,,0.5,100000,2026-04-08T02:42:38.72803+00:00
44349,CHAMS,2017-01-17,0.5,,,0.5,100000,2026-04-08T02:42:41.056228+00:00
44459,CHAMS,2017-01-18,0.5,,,0.5,200,2026-04-08T02:42:42.795307+00:00
44549,CHAMS,2017-01-19,0.5,,,0.5,299600,2026-04-08T02:42:44.39781+00:00
44659,CHAMS,2017-01-20,0.5,,,0.5,100000,2026-04-08T02:42:46.643743+00:00
44769,CHAMS,2017-01-23,0.5,,,0.5,100000,2026-04-08T02:42:49.827664+00:00
44879,CHAMS,2017-01-24,0.5,,,0.5,100000,2026-04-08T02:42:51.574002+00:00
44969,CHAMS,2017-01-25,0.5,,,0.5,100000,2026-04-08T02:42:54.05787+00:00
45079,CHAMS,2017-01-26,0.5,,,0.5,100000,2026-04-08T02:42:55.759+00:00
45189,CHAMS,2017-01-27,0.5,,,0.5,100000,2026-04-08T02:42:57.462271+00:00
45299,CHAMS,2017-01-30,0.5,,,0.5,100000,2026-04-08T02:43:00.905282+00:00
45409,CHAMS,2017-01-31,0.5,,,0.5,100000,2026-04-08T02:43:03.07753+00:00
45519,CHAMS,2017-02-01,0.5,,,0.5,100000,2026-04-08T02:43:04.619173+00:00
45609,CHAMS,2017-02-02,0.5,,,0.5,100000,2026-04-08T02:43:06.209007+00:00
45719,CHAMS,2017-02-03,0.5,,,0.5,0,2026-04-08T02:43:08.490666+00:00
45829,CHAMS,2017-02-06,0.5,,,0.5,200000,2026-04-08T02:43:11.037852+00:00
45939,CHAMS,2017-02-07,0.5,,,0.5,100000,2026-04-08T02:43:12.662822+00:00
46029,CHAMS,2017-02-08,0.5,,,0.5,100050,2026-04-08T02:43:14.224877+00:00
46140,CHAMS,2017-02-09,0.5,,,0.5,100000,2026-04-08T02:43:16.408746+00:00
46251,CHAMS,2017-02-10,0.5,,,0.5,100000,2026-04-08T02:43:18.597686+00:00
46343,CHAMS,2017-02-13,0.5,,,0.5,101100,2026-04-08T02:43:22.775561+00:00
46455,CHAMS,2017-02-14,0.5,,,0.5,100000,2026-04-08T02:43:24.286485+00:00
46567,CHAMS,2017-02-15,0.5,,,0.5,100000,2026-04-08T02:43:26.422065+00:00
46679,CHAMS,2017-02-16,0.5,,,0.5,100000,2026-04-08T02:43:28.597754+00:00
46771,CHAMS,2017-02-17,0.5,,,0.5,100000,2026-04-08T02:43:31.044717+00:00
49439,CHAMS,2017-02-20,0.5,,,0.5,100000,2026-04-08T02:51:00.639833+00:00
49531,CHAMS,2017-02-21,0.5,,,0.5,0,2026-04-08T02:51:03.098475+00:00
46863,CHAMS,2017-02-22,0.5,,,0.5,0,2026-04-08T02:44:33.152084+00:00
46955,CHAMS,2017-02-23,0.5,,,0.5,0,2026-04-08T02:44:35.448225+00:00
47047,CHAMS,2017-02-24,0.5,,,0.5,252000,2026-04-08T02:44:37.781529+00:00
47139,CHAMS,2017-02-27,0.5,,,0.5,500,2026-04-08T02:44:42.101817+00:00
47231,CHAMS,2017-02-28,0.5,,,0.5,0,2026-04-08T02:44:45.006295+00:00
47323,CHAMS,2017-03-01,0.5,,,0.5,0,2026-04-08T02:44:47.332471+00:00
47415,CHAMS,2017-03-02,0.5,,,0.5,200,2026-04-08T02:44:49.657807+00:00
47507,CHAMS,2017-03-03,0.5,,,0.5,0,2026-04-08T02:44:51.301699+00:00
47599,CHAMS,2017-03-06,0.5,,,0.5,0,2026-04-08T02:44:56.024588+00:00
47691,CHAMS,2017-03-07,0.5,,,0.5,0,2026-04-08T02:44:58.263872+00:00
47783,CHAMS,2017-03-08,0.5,,,0.5,0,2026-04-08T02:44:59.957789+00:00
47875,CHAMS,2017-03-09,0.5,,,0.5,0,2026-04-08T02:45:01.661944+00:00
47967,CHAMS,2017-03-10,0.5,,,0.5,0,2026-04-08T02:45:03.96312+00:00
48059,CHAMS,2017-03-13,0.5,,,0.5,2000000,2026-04-08T02:45:08.663664+00:00
48151,CHAMS,2017-03-14,0.5,,,0.5,150000,2026-04-08T02:45:11.088473+00:00
48243,CHAMS,2017-03-15,0.5,,,0.5,400,2026-04-08T02:45:12.861206+00:00
48335,CHAMS,2017-03-16,0.5,,,0.5,0,2026-04-08T02:45:15.084197+00:00
48427,CHAMS,2017-03-17,0.5,,,0.5,0,2026-04-08T02:45:17.543831+00:00
48519,CHAMS,2017-03-20,0.5,,,0.5,150400,2026-04-08T02:45:21.873889+00:00
48611,CHAMS,2017-03-21,0.5,,,0.5,1000,2026-04-08T02:45:25.078347+00:00
48703,CHAMS,2017-03-22,0.5,,,0.5,1000,2026-04-08T02:45:26.626215+00:00
48795,CHAMS,2017-03-23,0.5,,,0.5,0,2026-04-08T02:45:28.377346+00:00
48887,CHAMS,2017-03-24,0.5,,,0.5,500,2026-04-08T02:45:30.775015+00:00
48979,CHAMS,2017-03-27,0.5,,,0.5,200,2026-04-08T02:45:34.704999+00:00
49071,CHAMS,2017-03-28,0.5,,,0.5,133329,2026-04-08T02:45:36.347457+00:00
49163,CHAMS,2017-03-29,0.5,,,0.5,0,2026-04-08T02:45:38.731306+00:00
49255,CHAMS,2017-03-30,0.5,,,0.5,0,2026-04-08T02:45:40.513553+00:00
49347,CHAMS,2017-03-31,0.5,,,0.5,10,2026-04-08T02:45:42.281198+00:00
49623,CHAMS,2017-04-03,0.5,,,0.5,133079,2026-04-08T02:51:07.481095+00:00
49715,CHAMS,2017-04-04,0.5,,,0.5,0,2026-04-08T02:51:09.86923+00:00
49807,CHAMS,2017-04-05,0.5,,,0.5,0,2026-04-08T02:51:12.308135+00:00
49899,CHAMS,2017-04-06,0.5,,,0.5,548000,2026-04-08T02:51:14.846493+00:00
49991,CHAMS,2017-04-07,0.5,,,0.5,0,2026-04-08T02:51:17.320635+00:00
50082,CHAMS,2017-04-10,0.5,,,0.5,200000,2026-04-08T02:51:21.583607+00:00
50173,CHAMS,2017-04-11,0.5,,,0.5,200000,2026-04-08T02:51:23.796131+00:00
50264,CHAMS,2017-04-12,0.5,,,0.5,168953,2026-04-08T02:51:26.28287+00:00
50355,CHAMS,2017-04-13,0.5,,,0.5,0,2026-04-08T02:51:28.606475+00:00
50446,CHAMS,2017-04-18,0.5,,,0.5,0,2026-04-08T02:51:35.070654+00:00
50537,CHAMS,2017-04-19,0.5,,,0.5,0,2026-04-08T02:51:37.390681+00:00
50628,CHAMS,2017-04-20,0.5,,,0.5,0,2026-04-08T02:51:39.751187+00:00
50719,CHAMS,2017-04-21,0.5,,,0.5,0,2026-04-08T02:51:42.059234+00:00
50810,CHAMS,2017-04-24,0.5,,,0.5,0,2026-04-08T02:51:46.271638+00:00
50901,CHAMS,2017-04-25,0.5,,,0.5,0,2026-04-08T02:51:48.506234+00:00
50992,CHAMS,2017-04-26,0.5,,,0.5,0,2026-04-08T02:51:50.787758+00:00
51083,CHAMS,2017-04-27,0.5,,,0.5,0,2026-04-08T02:51:53.168104+00:00
51174,CHAMS,2017-04-28,0.5,,,0.5,0,2026-04-08T02:51:55.619599+00:00
51265,CHAMS,2017-05-02,0.5,,,0.5,0,2026-04-08T02:52:01.291461+00:00
51356,CHAMS,2017-05-03,0.5,,,0.5,0,2026-04-08T02:52:03.619408+00:00
51447,CHAMS,2017-05-04,0.5,,,0.5,0,2026-04-08T02:52:06.041901+00:00
51538,CHAMS,2017-05-05,0.5,,,0.5,0,2026-04-08T02:52:08.320033+00:00
51629,CHAMS,2017-05-08,0.5,,,0.5,0,2026-04-08T02:52:12.828428+00:00
51720,CHAMS,2017-05-09,0.5,,,0.5,0,2026-04-08T02:52:15.102333+00:00
51811,CHAMS,2017-05-10,0.5,,,0.5,0,2026-04-08T02:52:17.709352+00:00
51902,CHAMS,2017-05-11,0.5,,,0.5,0,2026-04-08T02:52:19.900179+00:00
51993,CHAMS,2017-05-12,0.5,,,0.5,2000,2026-04-08T02:52:22.170941+00:00
52085,CHAMS,2017-05-15,0.5,,,0.5,500000,2026-04-08T02:52:26.563035+00:00
52177,CHAMS,2017-05-16,0.5,,,0.5,201000,2026-04-08T02:52:28.807233+00:00
52269,CHAMS,2017-05-17,0.5,,,0.5,0,2026-04-08T02:52:31.099411+00:00
52361,CHAMS,2017-05-18,0.5,,,0.5,7520,2026-04-08T02:52:33.303088+00:00
52453,CHAMS,2017-05-19,0.5,,,0.5,0,2026-04-08T02:52:35.640534+00:00
52545,CHAMS,2017-05-22,0.5,,,0.5,0,2026-04-08T02:52:39.854932+00:00
52637,CHAMS,2017-05-23,0.5,,,0.5,2700,2026-04-08T02:52:42.264162+00:00
52729,CHAMS,2017-05-24,0.5,,,0.5,5000,2026-04-08T02:52:44.613941+00:00
52821,CHAMS,2017-05-25,0.5,,,0.5,500,2026-04-08T02:52:46.963191+00:00
52913,CHAMS,2017-05-26,0.5,,,0.5,0,2026-04-08T02:52:49.347152+00:00
53005,CHAMS,2017-05-30,0.5,,,0.5,16600000,2026-04-08T02:52:54.942696+00:00
53097,CHAMS,2017-05-31,0.5,,,0.5,8000,2026-04-08T02:52:57.421655+00:00
53189,CHAMS,2017-06-01,0.5,,,0.5,0,2026-04-08T02:52:59.649981+00:00
53281,CHAMS,2017-06-02,0.5,,,0.5,0,2026-04-08T02:53:02.056444+00:00
53373,CHAMS,2017-06-05,0.5,,,0.5,1000,2026-04-08T02:53:06.428901+00:00
53465,CHAMS,2017-06-06,0.5,,,0.5,0,2026-04-08T02:53:08.604609+00:00
53557,CHAMS,2017-06-07,0.5,,,0.5,0,2026-04-08T02:53:10.833265+00:00
53649,CHAMS,2017-06-08,0.5,,,0.5,0,2026-04-08T02:53:13.196386+00:00
53741,CHAMS,2017-06-09,0.5,,,0.5,0,2026-04-08T02:53:15.53674+00:00
53833,CHAMS,2017-06-12,0.5,,,0.5,0,2026-04-08T02:53:19.709801+00:00
53925,CHAMS,2017-06-13,0.5,,,0.5,0,2026-04-08T02:53:22.046011+00:00
54017,CHAMS,2017-06-14,0.5,,,0.5,0,2026-04-08T02:53:24.253383+00:00
54109,CHAMS,2017-06-15,0.5,,,0.5,0,2026-04-08T02:53:26.527181+00:00
54201,CHAMS,2017-06-16,0.5,,,0.5,1200,2026-04-08T02:53:28.80273+00:00
54293,CHAMS,2017-06-19,0.5,,,0.5,9500,2026-04-08T02:53:33.036647+00:00
54385,CHAMS,2017-06-20,0.5,,,0.5,540300,2026-04-08T02:53:35.524675+00:00
54477,CHAMS,2017-06-21,0.5,,,0.5,20020,2026-04-08T02:53:37.865913+00:00
54569,CHAMS,2017-06-22,0.5,,,0.5,0,2026-04-08T02:53:40.094955+00:00
54661,CHAMS,2017-06-23,0.5,,,0.5,600,2026-04-08T02:53:42.493578+00:00
54753,CHAMS,2017-06-28,0.5,,,0.5,501010,2026-04-08T02:53:49.135881+00:00
54845,CHAMS,2017-06-29,0.5,,,0.5,1005,2026-04-08T02:53:51.51214+00:00
54937,CHAMS,2017-06-30,0.5,,,0.5,29330,2026-04-08T02:53:53.827964+00:00
55029,CHAMS,2017-07-03,0.5,,,0.5,600,2026-04-08T02:53:58.279599+00:00
55121,CHAMS,2017-07-04,0.5,,,0.5,600,2026-04-08T02:54:00.563227+00:00
55213,CHAMS,2017-07-05,0.5,,,0.5,500,2026-04-08T02:54:02.831513+00:00
55305,CHAMS,2017-07-06,0.5,,,0.5,0,2026-04-08T02:54:05.078114+00:00
55397,CHAMS,2017-07-07,0.5,,,0.5,0,2026-04-08T02:54:07.286065+00:00
55489,CHAMS,2017-07-10,0.5,,,0.5,1791,2026-04-08T02:54:11.798817+00:00
55581,CHAMS,2017-07-11,0.5,,,0.5,0,2026-04-08T02:54:14.116532+00:00
55669,CHAMS,2017-07-12,0.5,,,0.5,0,2026-04-08T02:54:16.498015+00:00
55756,CHAMS,2017-07-13,0.5,,,0.5,1000,2026-04-08T02:54:18.840036+00:00
55847,CHAMS,2017-07-14,0.5,,,0.5,2000,2026-04-08T02:54:21.336813+00:00
55939,CHAMS,2017-07-17,0.5,,,0.5,350,2026-04-08T02:54:25.561903+00:00
56031,CHAMS,2017-07-18,0.5,,,0.5,0,2026-04-08T02:54:28.120242+00:00
56123,CHAMS,2017-07-19,0.5,,,0.5,0,2026-04-08T02:54:30.645734+00:00
56215,CHAMS,2017-07-20,0.5,,,0.5,0,2026-04-08T02:54:33.025266+00:00
56307,CHAMS,2017-07-21,0.5,,,0.5,0,2026-04-08T02:54:35.480817+00:00
56399,CHAMS,2017-07-24,0.5,,,0.5,0,2026-04-08T02:54:39.934321+00:00
56491,CHAMS,2017-07-26,0.5,,,0.5,1000,2026-04-08T02:54:43.20598+00:00
56583,CHAMS,2017-07-27,0.5,,,0.5,0,2026-04-08T02:54:45.547579+00:00
56675,CHAMS,2017-07-28,0.5,,,0.5,2000,2026-04-08T02:54:47.918804+00:00
56767,CHAMS,2017-07-31,0.5,,,0.5,0,2026-04-08T02:54:52.464984+00:00
56859,CHAMS,2017-08-01,0.5,,,0.5,10000,2026-04-08T02:54:54.790805+00:00
56951,CHAMS,2017-08-02,0.5,,,0.5,0,2026-04-08T02:54:57.117603+00:00
57043,CHAMS,2017-08-03,0.5,,,0.5,1000,2026-04-08T02:54:59.3729+00:00
57135,CHAMS,2017-08-04,0.5,,,0.5,8000,2026-04-08T02:55:01.592641+00:00
57227,CHAMS,2017-08-07,0.5,,,0.5,0,2026-04-08T02:55:06.418828+00:00
57319,CHAMS,2017-08-08,0.5,,,0.5,0,2026-04-08T02:55:08.763983+00:00
57411,CHAMS,2017-08-09,0.5,,,0.5,90550,2026-04-08T02:55:11.057796+00:00
57503,CHAMS,2017-08-10,0.5,,,0.5,0,2026-04-08T02:55:13.401484+00:00
57595,CHAMS,2017-08-11,0.5,,,0.5,0,2026-04-08T02:55:15.670877+00:00
57687,CHAMS,2017-08-14,0.5,,,0.5,0,2026-04-08T02:55:20.026285+00:00
57779,CHAMS,2017-08-15,0.5,,,0.5,0,2026-04-08T02:55:22.633816+00:00
57871,CHAMS,2017-08-16,0.5,,,0.5,0,2026-04-08T02:55:24.979188+00:00
57963,CHAMS,2017-08-17,0.5,,,0.5,0,2026-04-08T02:55:27.3994+00:00
58055,CHAMS,2017-08-18,0.5,,,0.5,0,2026-04-08T02:55:29.67842+00:00
58147,CHAMS,2017-08-21,0.5,,,0.5,0,2026-04-08T02:55:34.023067+00:00
58239,CHAMS,2017-08-22,0.5,,,0.5,0,2026-04-08T02:55:36.334754+00:00
58331,CHAMS,2017-08-23,0.5,,,0.5,0,2026-04-08T02:55:38.717606+00:00
58423,CHAMS,2017-08-24,0.5,,,0.5,500,2026-04-08T02:55:41.242089+00:00
58515,CHAMS,2017-08-25,0.5,,,0.5,0,2026-04-08T02:55:43.579232+00:00
58607,CHAMS,2017-08-28,0.5,,,0.5,0,2026-04-08T02:55:48.020598+00:00
58699,CHAMS,2017-08-29,0.5,,,0.5,0,2026-04-08T02:55:50.281022+00:00
58791,CHAMS,2017-08-30,0.5,,,0.5,0,2026-04-08T02:55:52.499005+00:00
58883,CHAMS,2017-08-31,0.5,,,0.5,100,2026-04-08T02:55:54.947048+00:00
58975,CHAMS,2017-09-05,0.5,,,0.5,10000,2026-04-08T02:56:01.572419+00:00
59067,CHAMS,2017-09-06,0.5,,,0.5,0,2026-04-08T02:56:03.885356+00:00
59159,CHAMS,2017-09-07,0.5,,,0.5,0,2026-04-08T02:56:06.19045+00:00
59251,CHAMS,2017-09-11,0.5,,,0.5,100,2026-04-08T02:56:11.370569+00:00
59343,CHAMS,2017-09-12,0.5,,,0.5,0,2026-04-08T02:56:13.892416+00:00
59435,CHAMS,2017-09-13,0.5,,,0.5,0,2026-04-08T02:56:16.312215+00:00
59527,CHAMS,2017-09-14,0.5,,,0.5,10100,2026-04-08T02:56:18.601168+00:00
59619,CHAMS,2017-09-15,0.5,,,0.5,0,2026-04-08T02:56:20.93666+00:00
59711,CHAMS,2017-09-16,0.5,,,0.5,0,2026-04-08T02:56:23.148937+00:00
59803,CHAMS,2017-09-19,0.5,,,0.5,1000,2026-04-08T02:56:27.358465+00:00
59895,CHAMS,2017-09-20,0.5,,,0.5,1400000,2026-04-08T02:56:29.683375+00:00
59987,CHAMS,2017-09-21,0.5,,,0.5,0,2026-04-08T02:56:31.851594+00:00
60079,CHAMS,2017-09-22,0.5,,,0.5,0,2026-04-08T02:56:34.007646+00:00
60171,CHAMS,2017-09-25,0.5,,,0.5,800050,2026-04-08T02:56:38.385386+00:00
60263,CHAMS,2017-09-26,0.5,,,0.5,2524,2026-04-08T02:56:40.657356+00:00
60355,CHAMS,2017-09-27,0.5,,,0.5,0,2026-04-08T02:56:42.968732+00:00
60447,CHAMS,2017-09-28,0.5,,,0.5,1000,2026-04-08T02:56:45.128996+00:00
60539,CHAMS,2017-09-29,0.5,,,0.5,200,2026-04-08T02:56:47.398677+00:00
60631,CHAMS,2017-10-03,0.5,,,0.5,0,2026-04-08T02:56:52.779733+00:00
60723,CHAMS,2017-10-04,0.5,,,0.5,0,2026-04-08T02:56:55.065177+00:00
60815,CHAMS,2017-10-05,0.5,,,0.5,0,2026-04-08T02:56:57.377802+00:00
60907,CHAMS,2017-10-06,0.5,,,0.5,100,2026-04-08T02:56:59.661092+00:00
60999,CHAMS,2017-10-09,0.5,,,0.5,0,2026-04-08T02:57:04.043492+00:00
61091,CHAMS,2017-10-10,0.5,,,0.5,0,2026-04-08T02:57:06.326055+00:00
61183,CHAMS,2017-10-11,0.5,,,0.5,0,2026-04-08T02:57:08.620281+00:00
61275,CHAMS,2017-10-12,0.5,,,0.5,0,2026-04-08T02:57:10.950839+00:00
61367,CHAMS,2017-10-13,0.5,,,0.5,0,2026-04-08T02:57:13.525709+00:00
61459,CHAMS,2017-10-16,0.5,,,0.5,0,2026-04-08T02:57:17.895676+00:00
61551,CHAMS,2017-10-17,0.5,,,0.5,4000,2026-04-08T02:57:20.31307+00:00
61643,CHAMS,2017-10-18,0.5,,,0.5,0,2026-04-08T02:57:22.526226+00:00
61735,CHAMS,2017-10-19,0.5,,,0.5,0,2026-04-08T02:57:24.865827+00:00
61827,CHAMS,2017-10-20,0.5,,,0.5,2700,2026-04-08T02:57:27.091081+00:00
61919,CHAMS,2017-10-23,0.5,,,0.5,0,2026-04-08T02:57:31.703062+00:00
62011,CHAMS,2017-10-24,0.5,,,0.5,100,2026-04-08T02:57:34.020008+00:00
62103,CHAMS,2017-10-25,0.5,,,0.5,0,2026-04-08T02:57:36.254878+00:00
62195,CHAMS,2017-10-26,0.5,,,0.5,0,2026-04-08T02:57:38.639324+00:00
62287,CHAMS,2017-10-27,0.5,,,0.5,0,2026-04-08T02:57:40.810349+00:00
62379,CHAMS,2017-10-30,0.5,,,0.5,0,2026-04-08T02:57:45.233404+00:00
62471,CHAMS,2017-10-31,0.5,,,0.5,0,2026-04-08T02:57:47.538171+00:00
62563,CHAMS,2017-11-01,0.5,,,0.5,50,2026-04-08T02:57:49.900698+00:00
62655,CHAMS,2017-11-02,0.5,,,0.5,0,2026-04-08T02:57:52.192143+00:00
62747,CHAMS,2017-11-03,0.5,,,0.5,200,2026-04-08T02:57:54.512232+00:00
62839,CHAMS,2017-11-06,0.5,,,0.5,0,2026-04-08T02:57:59.23147+00:00
62931,CHAMS,2017-11-07,0.5,,,0.5,4400,2026-04-08T02:58:01.524363+00:00
63023,CHAMS,2017-11-08,0.5,,,0.5,30000,2026-04-08T02:58:03.79912+00:00
63115,CHAMS,2017-11-09,0.5,,,0.5,0,2026-04-08T02:58:06.050925+00:00
63207,CHAMS,2017-11-10,0.5,,,0.5,0,2026-04-08T02:58:08.423322+00:00
63299,CHAMS,2017-11-13,0.5,,,0.5,352000,2026-04-08T02:58:12.832851+00:00
63391,CHAMS,2017-11-14,0.5,,,0.5,0,2026-04-08T02:58:15.182817+00:00
63483,CHAMS,2017-11-15,0.5,,,0.5,10001000,2026-04-08T02:58:17.483941+00:00
63575,CHAMS,2017-11-16,0.5,,,0.5,0,2026-04-08T02:58:19.932158+00:00
63667,CHAMS,2017-11-17,0.5,,,0.5,40000,2026-04-08T02:58:22.230505+00:00
63759,CHAMS,2017-11-20,0.5,,,0.5,0,2026-04-08T02:58:26.609741+00:00
63851,CHAMS,2017-11-21,0.5,,,0.5,0,2026-04-08T02:58:29.044371+00:00
63943,CHAMS,2017-11-22,0.5,,,0.5,10500,2026-04-08T02:58:31.282092+00:00
64035,CHAMS,2017-11-23,0.5,,,0.5,0,2026-04-08T02:58:33.589475+00:00
64127,CHAMS,2017-11-24,0.5,,,0.5,0,2026-04-08T02:58:35.965247+00:00
64219,CHAMS,2017-11-27,0.5,,,0.5,0,2026-04-08T02:58:40.303262+00:00
64311,CHAMS,2017-11-28,0.5,,,0.5,0,2026-04-08T02:58:42.596324+00:00
64403,CHAMS,2017-11-29,0.5,,,0.5,0,2026-04-08T02:58:44.979081+00:00
64495,CHAMS,2017-11-30,0.5,,,0.5,0,2026-04-08T02:58:47.226359+00:00
64587,CHAMS,2017-12-04,0.5,,,0.5,0,2026-04-08T02:58:52.54699+00:00
64679,CHAMS,2017-12-05,0.5,,,0.5,0,2026-04-08T02:58:54.773083+00:00
64771,CHAMS,2017-12-06,0.5,,,0.5,0,2026-04-08T02:58:57.263783+00:00
64863,CHAMS,2017-12-07,0.5,,,0.5,95840,2026-04-08T02:58:59.55462+00:00
64955,CHAMS,2017-12-08,0.5,,,0.5,0,2026-04-08T02:59:01.865905+00:00
65047,CHAMS,2017-12-11,0.5,,,0.5,500,2026-04-08T02:59:06.715792+00:00
65139,CHAMS,2017-12-12,0.5,,,0.5,0,2026-04-08T02:59:09.170602+00:00
65231,CHAMS,2017-12-13,0.5,,,0.5,20000,2026-04-08T02:59:11.522814+00:00
65323,CHAMS,2017-12-14,0.5,,,0.5,0,2026-04-08T02:59:13.751616+00:00
65415,CHAMS,2017-12-15,0.5,,,0.5,0,2026-04-08T02:59:16.016878+00:00
65507,CHAMS,2017-12-18,0.5,,,0.5,0,2026-04-08T02:59:20.496704+00:00
65599,CHAMS,2017-12-19,0.5,,,0.5,0,2026-04-08T02:59:22.691103+00:00
65691,CHAMS,2017-12-20,0.5,,,0.5,0,2026-04-08T02:59:25.001427+00:00
65783,CHAMS,2017-12-21,0.5,,,0.5,0,2026-04-08T02:59:27.554405+00:00
65875,CHAMS,2017-12-22,0.5,,,0.5,2542530,2026-04-08T02:59:29.82771+00:00
65967,CHAMS,2017-12-27,0.5,,,0.5,0,2026-04-08T02:59:36.63878+00:00
66059,CHAMS,2017-12-28,0.5,,,0.5,100,2026-04-08T02:59:39.04539+00:00
66151,CHAMS,2017-12-29,0.5,,,0.5,300,2026-04-08T02:59:41.445401+00:00
66243,CHAMS,2018-01-02,0.5,,,0.5,0,2026-04-08T02:59:46.944851+00:00
66335,CHAMS,2018-01-03,0.5,,,0.5,0,2026-04-08T02:59:49.25236+00:00
66427,CHAMS,2018-01-04,0.5,,,0.5,0,2026-04-08T02:59:51.440942+00:00
66519,CHAMS,2018-01-05,0.5,,,0.5,0,2026-04-08T02:59:53.632679+00:00
66611,CHAMS,2018-01-08,0.5,,,0.5,0,2026-04-08T02:59:58.187375+00:00
66703,CHAMS,2018-01-09,0.5,,,0.5,0,2026-04-08T03:00:00.526076+00:00
66795,CHAMS,2018-01-10,0.5,,,0.5,0,2026-04-08T03:00:02.789006+00:00
66887,CHAMS,2018-01-11,0.5,,,0.5,0,2026-04-08T03:00:05.007224+00:00
66979,CHAMS,2018-01-12,0.5,,,0.5,846000,2026-04-08T03:00:07.437621+00:00
67071,CHAMS,2018-01-15,0.5,,,0.5,0,2026-04-08T03:00:11.967979+00:00
67163,CHAMS,2018-01-16,0.5,,,0.5,0,2026-04-08T03:00:14.274869+00:00
67255,CHAMS,2018-01-17,0.5,,,0.5,0,2026-04-08T03:00:16.592861+00:00
67347,CHAMS,2018-01-18,0.5,,,0.5,44000,2026-04-08T03:00:18.874572+00:00
67439,CHAMS,2018-01-19,0.5,,,0.5,0,2026-04-08T03:00:21.223293+00:00
67531,CHAMS,2018-01-22,0.5,,,0.5,0,2026-04-08T03:00:25.613479+00:00
67623,CHAMS,2018-01-23,0.5,,,0.5,0,2026-04-08T03:00:27.792672+00:00
67715,CHAMS,2018-01-24,0.5,,,0.5,198300,2026-04-08T03:00:29.955701+00:00
67807,CHAMS,2018-01-25,0.5,,,0.5,0,2026-04-08T03:00:32.149736+00:00
67899,CHAMS,2018-01-26,0.5,,,0.5,20000,2026-04-08T03:00:34.314441+00:00
67991,CHAMS,2018-01-30,0.5,,,0.5,0,2026-04-08T03:00:39.498781+00:00
68083,CHAMS,2018-01-31,0.5,,,0.5,0,2026-04-08T03:00:41.874276+00:00
68175,CHAMS,2018-02-01,0.5,,,0.5,0,2026-04-08T03:00:44.260901+00:00
68267,CHAMS,2018-02-02,0.5,,,0.5,2000,2026-04-08T03:00:46.552556+00:00
68359,CHAMS,2018-02-05,0.5,,,0.5,0,2026-04-08T03:00:50.820837+00:00
68451,CHAMS,2018-02-06,0.48,,,0.48,500000,2026-04-08T03:00:53.862975+00:00
68543,CHAMS,2018-02-07,0.48,,,0.48,16824,2026-04-08T03:00:56.249659+00:00
68635,CHAMS,2018-02-08,0.48,,,0.48,0,2026-04-08T03:00:58.532515+00:00
68727,CHAMS,2018-02-12,0.48,,,0.48,0,2026-04-08T03:01:04.382325+00:00
68819,CHAMS,2018-02-13,0.48,,,0.48,0,2026-04-08T03:01:06.5746+00:00
68911,CHAMS,2018-02-14,0.48,,,0.48,0,2026-04-08T03:01:08.960618+00:00
69003,CHAMS,2018-02-15,0.48,,,0.48,0,2026-04-08T03:01:11.158693+00:00
69095,CHAMS,2018-02-16,0.48,,,0.48,0,2026-04-08T03:01:13.607551+00:00
69187,CHAMS,2018-02-19,0.48,,,0.48,16445,2026-04-08T03:01:18.187191+00:00
69279,CHAMS,2018-02-20,0.48,,,0.48,0,2026-04-08T03:01:20.554931+00:00
69371,CHAMS,2018-02-22,0.48,,,0.48,0,2026-04-08T03:01:23.957413+00:00
69463,CHAMS,2018-02-26,0.48,,,0.48,0,2026-04-08T03:01:29.317338+00:00
69555,CHAMS,2018-02-27,0.48,,,0.48,0,2026-04-08T03:01:31.58282+00:00
69647,CHAMS,2018-02-28,0.48,,,0.48,0,2026-04-08T03:01:33.916623+00:00
69739,CHAMS,2018-03-01,0.48,,,0.48,5000,2026-04-08T03:01:36.321302+00:00
69831,CHAMS,2018-03-02,0.48,,,0.48,150,2026-04-08T03:01:38.625174+00:00
69923,CHAMS,2018-03-05,0.48,,,0.48,1500,2026-04-08T03:01:43.47208+00:00
70015,CHAMS,2018-03-06,0.48,,,0.48,0,2026-04-08T03:01:45.677681+00:00
70107,CHAMS,2018-03-08,0.48,,,0.48,1000,2026-04-08T03:01:48.923554+00:00
70199,CHAMS,2018-03-09,0.48,,,0.48,17700,2026-04-08T03:01:51.131195+00:00
70291,CHAMS,2018-03-12,0.48,,,0.48,0,2026-04-08T03:01:55.382529+00:00
70383,CHAMS,2018-03-13,0.48,,,0.48,10000,2026-04-08T03:01:57.721961+00:00
70475,CHAMS,2018-03-14,0.48,,,0.48,0,2026-04-08T03:02:00.06799+00:00
70567,CHAMS,2018-03-15,0.48,,,0.48,0,2026-04-08T03:02:02.587626+00:00
70659,CHAMS,2018-03-16,0.48,,,0.48,0,2026-04-08T03:02:05.049003+00:00
70751,CHAMS,2018-03-19,0.48,,,0.48,0,2026-04-08T03:02:09.713694+00:00
70843,CHAMS,2018-03-20,0.48,,,0.48,0,2026-04-08T03:02:12.039098+00:00
70935,CHAMS,2018-03-21,0.48,,,0.48,150,2026-04-08T03:02:14.26344+00:00
71027,CHAMS,2018-03-22,0.48,,,0.48,0,2026-04-08T03:02:16.655807+00:00
71119,CHAMS,2018-03-23,0.48,,,0.48,0,2026-04-08T03:02:19.005936+00:00
71211,CHAMS,2018-03-26,0.48,,,0.48,0,2026-04-08T03:02:23.356301+00:00
71303,CHAMS,2018-03-27,0.48,,,0.48,0,2026-04-08T03:02:25.602463+00:00
71395,CHAMS,2018-03-28,0.48,,,0.48,0,2026-04-08T03:02:28.271075+00:00
71487,CHAMS,2018-03-29,0.48,,,0.48,0,2026-04-08T03:02:31.326472+00:00
71579,CHAMS,2018-04-03,0.48,,,0.48,0,2026-04-08T03:02:37.862294+00:00
71671,CHAMS,2018-04-04,0.48,,,0.48,250,2026-04-08T03:02:40.086392+00:00
71763,CHAMS,2018-04-05,0.48,,,0.48,250,2026-04-08T03:02:42.518452+00:00
71855,CHAMS,2018-04-09,0.48,,,0.48,750,2026-04-08T03:02:48.00481+00:00
71947,CHAMS,2018-04-10,0.48,,,0.48,0,2026-04-08T03:02:50.293549+00:00
72039,CHAMS,2018-04-11,0.48,,,0.48,2010,2026-04-08T03:02:52.723357+00:00
72131,CHAMS,2018-04-12,0.48,,,0.48,0,2026-04-08T03:02:54.976434+00:00
72223,CHAMS,2018-04-13,0.48,,,0.48,150,2026-04-08T03:02:57.419716+00:00
72317,CHAMS,2018-04-16,0.48,,,0.48,100,2026-04-08T03:03:01.748445+00:00
72410,CHAMS,2018-04-17,0.48,,,0.48,300,2026-04-08T03:03:04.013915+00:00
72503,CHAMS,2018-04-18,0.48,,,0.48,1000,2026-04-08T03:03:06.304604+00:00
72596,CHAMS,2018-04-19,0.48,,,0.48,0,2026-04-08T03:03:08.631091+00:00
72689,CHAMS,2018-04-20,0.48,,,0.48,510,2026-04-08T03:03:11.181142+00:00
72782,CHAMS,2018-04-23,0.46,,,0.46,100350,2026-04-08T03:03:15.702548+00:00
72875,CHAMS,2018-04-24,0.46,,,0.46,115607,2026-04-08T03:03:17.976864+00:00
72968,CHAMS,2018-04-25,0.46,,,0.46,10,2026-04-08T03:03:20.281484+00:00
73061,CHAMS,2018-04-26,0.46,,,0.46,600,2026-04-08T03:03:22.503544+00:00
73154,CHAMS,2018-04-27,0.46,,,0.46,2100,2026-04-08T03:03:24.801147+00:00
73247,CHAMS,2018-04-30,0.46,,,0.46,3400,2026-04-08T03:03:29.288658+00:00
73340,CHAMS,2018-05-02,0.46,,,0.46,0,2026-04-08T03:03:32.97882+00:00
73433,CHAMS,2018-05-03,0.44,,,0.44,500000,2026-04-08T03:03:35.46093+00:00
73526,CHAMS,2018-05-04,0.42,,,0.42,541000,2026-04-08T03:03:38.142449+00:00
73619,CHAMS,2018-05-07,0.42,,,0.42,60000,2026-04-08T03:03:42.835383+00:00
73712,CHAMS,2018-05-08,0.42,,,0.42,0,2026-04-08T03:03:45.094212+00:00
73805,CHAMS,2018-05-09,0.4,,,0.4,400500,2026-04-08T03:03:47.354492+00:00
73898,CHAMS,2018-05-10,0.4,,,0.4,1500,2026-04-08T03:03:49.581225+00:00
73991,CHAMS,2018-05-11,0.4,,,0.4,0,2026-04-08T03:03:51.923758+00:00
74084,CHAMS,2018-05-14,0.4,,,0.4,0,2026-04-08T03:03:56.261604+00:00
74177,CHAMS,2018-05-15,0.4,,,0.4,0,2026-04-08T03:03:58.63318+00:00
74270,CHAMS,2018-05-16,0.4,,,0.4,0,2026-04-08T03:04:02.494817+00:00
74363,CHAMS,2018-05-17,0.4,,,0.4,0,2026-04-08T03:04:04.853265+00:00
74456,CHAMS,2018-05-18,0.4,,,0.4,0,2026-04-08T03:04:09.280828+00:00
74549,CHAMS,2018-05-21,0.4,,,0.4,0,2026-04-08T03:04:14.640212+00:00
74642,CHAMS,2018-05-22,0.4,,,0.4,0,2026-04-08T03:04:17.13602+00:00
74735,CHAMS,2018-05-24,0.38,,,0.38,0,2026-04-08T03:04:20.857799+00:00
74828,CHAMS,2018-05-25,0.38,,,0.38,0,2026-04-08T03:04:23.533051+00:00
74921,CHAMS,2018-05-28,0.38,,,0.38,0,2026-04-08T03:04:28.151981+00:00
75014,CHAMS,2018-05-31,0.38,,,0.38,80,2026-04-08T03:04:33.384321+00:00
75107,CHAMS,2018-06-01,0.38,,,0.38,100,2026-04-08T03:04:35.846588+00:00
75200,CHAMS,2018-06-04,0.38,,,0.38,2550,2026-04-08T03:04:40.216574+00:00
75293,CHAMS,2018-06-05,0.38,,,0.38,0,2026-04-08T03:04:42.57091+00:00
75386,CHAMS,2018-06-06,0.38,,,0.38,1249,2026-04-08T03:04:44.928825+00:00
75479,CHAMS,2018-06-07,0.37,,,0.37,100050,2026-04-08T03:04:47.263813+00:00
75572,CHAMS,2018-06-08,0.37,,,0.37,50,2026-04-08T03:04:49.462509+00:00
75665,CHAMS,2018-06-11,0.37,,,0.37,0,2026-04-08T03:04:53.988129+00:00
75758,CHAMS,2018-06-12,0.37,,,0.37,0,2026-04-08T03:04:56.284057+00:00
75851,CHAMS,2018-06-13,0.37,,,0.37,0,2026-04-08T03:04:58.638577+00:00
75944,CHAMS,2018-06-14,0.37,,,0.37,0,2026-04-08T03:05:00.901161+00:00
76037,CHAMS,2018-06-19,0.37,,,0.37,0,2026-04-08T03:05:07.639029+00:00
76130,CHAMS,2018-06-20,0.37,,,0.37,1500,2026-04-08T03:05:09.924133+00:00
76223,CHAMS,2018-06-21,0.37,,,0.37,0,2026-04-08T03:05:12.376626+00:00
76316,CHAMS,2018-06-22,0.37,,,0.37,8500,2026-04-08T03:05:14.680862+00:00
76410,CHAMS,2018-06-25,0.37,,,0.37,1000,2026-04-08T03:05:19.028214+00:00
76504,CHAMS,2018-06-26,0.37,,,0.37,0,2026-04-08T03:05:21.361472+00:00
76598,CHAMS,2018-06-27,0.37,,,0.37,11500,2026-04-08T03:05:23.730487+00:00
76692,CHAMS,2018-06-28,0.37,,,0.37,0,2026-04-08T03:05:26.342484+00:00
76786,CHAMS,2018-06-29,0.37,,,0.37,500,2026-04-08T03:05:28.786725+00:00
76880,CHAMS,2018-07-02,0.37,,,0.37,1400,2026-04-08T03:05:34.742081+00:00
76974,CHAMS,2018-07-03,0.37,,,0.37,0,2026-04-08T03:05:37.830893+00:00
77068,CHAMS,2018-07-04,0.37,,,0.37,22000,2026-04-08T03:05:40.225299+00:00
77162,CHAMS,2018-07-05,0.37,,,0.37,6005,2026-04-08T03:05:42.479897+00:00
77256,CHAMS,2018-07-06,0.37,,,0.37,0,2026-04-08T03:05:44.93013+00:00
77350,CHAMS,2018-07-09,0.37,,,0.37,10000,2026-04-08T03:05:49.395513+00:00
77444,CHAMS,2018-07-10,0.37,,,0.37,1000,2026-04-08T03:05:51.797285+00:00
77538,CHAMS,2018-07-11,0.37,,,0.37,0,2026-04-08T03:05:54.14171+00:00
77632,CHAMS,2018-07-12,0.37,,,0.37,0,2026-04-08T03:05:56.629461+00:00
77726,CHAMS,2018-07-13,0.37,,,0.37,0,2026-04-08T03:05:59.112955+00:00
77821,CHAMS,2018-07-16,0.37,,,0.37,0,2026-04-08T03:06:03.612411+00:00
77916,CHAMS,2018-07-17,0.37,,,0.37,0,2026-04-08T03:06:06.031894+00:00
78011,CHAMS,2018-07-18,0.37,,,0.37,0,2026-04-08T03:06:08.398083+00:00
78106,CHAMS,2018-07-19,0.37,,,0.37,0,2026-04-08T03:06:10.625391+00:00
78201,CHAMS,2018-07-20,0.37,,,0.37,0,2026-04-08T03:06:13.100822+00:00
78296,CHAMS,2018-07-23,0.37,,,0.37,0,2026-04-08T03:06:17.450644+00:00
78391,CHAMS,2018-07-24,0.37,,,0.37,28005,2026-04-08T03:06:19.846153+00:00
78486,CHAMS,2018-07-25,0.37,,,0.37,0,2026-04-08T03:06:22.17218+00:00
78581,CHAMS,2018-07-26,0.37,,,0.37,20000,2026-04-08T03:06:24.338643+00:00
78676,CHAMS,2018-07-27,0.37,,,0.37,2000,2026-04-08T03:06:26.70773+00:00
78771,CHAMS,2018-07-30,0.37,,,0.37,0,2026-04-08T03:06:31.357035+00:00
78866,CHAMS,2018-07-31,0.37,,,0.37,0,2026-04-08T03:06:33.766078+00:00
78961,CHAMS,2018-08-01,0.37,,,0.37,0,2026-04-08T03:06:36.22345+00:00
79056,CHAMS,2018-08-02,0.37,,,0.37,0,2026-04-08T03:06:38.596191+00:00
79151,CHAMS,2018-08-03,0.37,,,0.37,0,2026-04-08T03:06:41.315743+00:00
79246,CHAMS,2018-08-06,0.37,,,0.37,0,2026-04-08T03:06:46.359416+00:00
79341,CHAMS,2018-08-07,0.37,,,0.37,0,2026-04-08T03:06:48.623378+00:00
79436,CHAMS,2018-08-08,0.37,,,0.37,0,2026-04-08T03:06:51.110249+00:00
79531,CHAMS,2018-08-09,0.37,,,0.37,0,2026-04-08T03:06:53.45187+00:00
79626,CHAMS,2018-08-10,0.37,,,0.37,0,2026-04-08T03:06:56.254972+00:00
79721,CHAMS,2018-08-13,0.37,,,0.37,0,2026-04-08T03:07:00.870215+00:00
79816,CHAMS,2018-08-14,0.34,,,0.34,400000,2026-04-08T03:07:03.258394+00:00
79911,CHAMS,2018-08-15,0.34,,,0.34,50,2026-04-08T03:07:05.636903+00:00
80006,CHAMS,2018-08-16,0.34,,,0.34,100000,2026-04-08T03:07:07.96787+00:00
80101,CHAMS,2018-08-17,0.34,,,0.34,0,2026-04-08T03:07:10.276143+00:00
80196,CHAMS,2018-08-20,0.34,,,0.34,0,2026-04-08T03:07:14.92421+00:00
80291,CHAMS,2018-08-24,0.34,,,0.34,0,2026-04-08T03:07:20.612873+00:00
80386,CHAMS,2018-08-27,0.34,,,0.34,4000,2026-04-08T03:07:24.735515+00:00
80481,CHAMS,2018-08-28,0.34,,,0.34,0,2026-04-08T03:07:26.964049+00:00
80576,CHAMS,2018-08-29,0.34,,,0.34,0,2026-04-08T03:07:29.382314+00:00
80671,CHAMS,2018-08-30,0.34,,,0.34,0,2026-04-08T03:07:31.753519+00:00
80766,CHAMS,2018-08-31,0.31,,,0.31,2118300,2026-04-08T03:07:34.108038+00:00
80861,CHAMS,2018-09-03,0.31,,,0.31,4700,2026-04-08T03:07:38.483999+00:00
80956,CHAMS,2018-09-05,0.28,,,0.28,251250,2026-04-08T03:07:41.733647+00:00
81051,CHAMS,2018-09-06,0.28,,,0.28,0,2026-04-08T03:07:44.232746+00:00
81146,CHAMS,2018-09-07,0.28,,,0.28,0,2026-04-08T03:07:46.695234+00:00
81241,CHAMS,2018-09-10,0.28,,,0.28,0,2026-04-08T03:07:51.133138+00:00
81343,CHAMS,2018-09-11,0.28,,,0.28,0,2026-04-08T03:07:53.572062+00:00
81445,CHAMS,2018-09-12,0.28,,,0.28,0,2026-04-08T03:07:56.190409+00:00
81547,CHAMS,2018-09-13,0.28,,,0.28,2000,2026-04-08T03:07:58.529226+00:00
81649,CHAMS,2018-09-14,0.28,,,0.28,0,2026-04-08T03:08:00.944137+00:00
81751,CHAMS,2018-09-17,0.28,,,0.28,0,2026-04-08T03:08:05.572353+00:00
81853,CHAMS,2018-09-18,0.28,,,0.28,18015,2026-04-08T03:08:07.840784+00:00
81955,CHAMS,2018-09-19,0.28,,,0.28,0,2026-04-08T03:08:10.07554+00:00
82057,CHAMS,2018-09-20,0.28,,,0.28,0,2026-04-08T03:08:12.389642+00:00
82159,CHAMS,2018-09-21,0.28,,,0.28,0,2026-04-08T03:08:14.761127+00:00
82261,CHAMS,2018-09-24,0.28,,,0.28,0,2026-04-08T03:08:19.182113+00:00
82363,CHAMS,2018-09-25,0.28,,,0.28,215,2026-04-08T03:08:21.370615+00:00
82465,CHAMS,2018-09-26,0.28,,,0.28,0,2026-04-08T03:08:24.494451+00:00
82567,CHAMS,2018-09-27,0.28,,,0.28,0,2026-04-08T03:08:26.812803+00:00
82669,CHAMS,2018-09-28,0.28,,,0.28,0,2026-04-08T03:08:29.283021+00:00
82771,CHAMS,2018-10-02,0.28,,,0.28,0,2026-04-08T03:08:34.887787+00:00
82873,CHAMS,2018-10-04,0.28,,,0.28,0,2026-04-08T03:08:38.279141+00:00
82975,CHAMS,2018-10-05,0.28,,,0.28,100,2026-04-08T03:08:40.455926+00:00
83077,CHAMS,2018-10-08,0.28,,,0.28,0,2026-04-08T03:08:45.286665+00:00
83179,CHAMS,2018-10-09,0.28,,,0.28,0,2026-04-08T03:08:47.584215+00:00
83281,CHAMS,2018-10-10,0.26,,,0.26,12408169,2026-04-08T03:08:50.198924+00:00
83383,CHAMS,2018-10-11,0.26,,,0.26,10000,2026-04-08T03:08:52.595743+00:00
83485,CHAMS,2018-10-12,0.26,,,0.26,0,2026-04-08T03:08:54.923298+00:00
83587,CHAMS,2018-10-15,0.26,,,0.26,0,2026-04-08T03:08:59.688494+00:00
83689,CHAMS,2018-10-16,0.24,,,0.24,100000,2026-04-08T03:09:01.98694+00:00
83791,CHAMS,2018-10-17,0.24,,,0.24,0,2026-04-08T03:09:04.302348+00:00
83893,CHAMS,2018-10-18,0.24,,,0.24,0,2026-04-08T03:09:06.644992+00:00
83995,CHAMS,2018-10-19,0.24,,,0.24,0,2026-04-08T03:09:09.038287+00:00
84097,CHAMS,2018-10-22,0.24,,,0.24,0,2026-04-08T03:09:13.967+00:00
84199,CHAMS,2018-10-23,0.24,,,0.24,0,2026-04-08T03:09:16.194722+00:00
84301,CHAMS,2018-10-24,0.24,,,0.24,0,2026-04-08T03:09:18.448083+00:00
84403,CHAMS,2018-10-25,0.24,,,0.24,0,2026-04-08T03:09:20.631413+00:00
84505,CHAMS,2018-10-26,0.24,,,0.24,0,2026-04-08T03:09:23.109094+00:00
84607,CHAMS,2018-10-29,0.24,,,0.24,0,2026-04-08T03:09:27.901396+00:00
84709,CHAMS,2018-10-30,0.24,,,0.24,0,2026-04-08T03:09:30.377337+00:00
84811,CHAMS,2018-10-31,0.24,,,0.24,0,2026-04-08T03:09:32.658485+00:00
84913,CHAMS,2018-11-01,0.24,,,0.24,10000,2026-04-08T03:09:35.048509+00:00
85015,CHAMS,2018-11-02,0.24,,,0.24,0,2026-04-08T03:09:37.41202+00:00
85117,CHAMS,2018-11-05,0.24,,,0.24,0,2026-04-08T03:09:41.998643+00:00
85219,CHAMS,2018-11-06,0.24,,,0.24,100,2026-04-08T03:09:44.485046+00:00
85321,CHAMS,2018-11-08,0.24,,,0.24,0,2026-04-08T03:09:47.843283+00:00
85423,CHAMS,2018-11-09,0.24,,,0.24,500,2026-04-08T03:09:50.169754+00:00
85525,CHAMS,2018-11-12,0.24,,,0.24,0,2026-04-08T03:09:54.975549+00:00
85627,CHAMS,2018-11-13,0.24,,,0.24,0,2026-04-08T03:09:57.558923+00:00
85729,CHAMS,2018-11-14,0.24,,,0.24,0,2026-04-08T03:09:59.910116+00:00
85831,CHAMS,2018-11-15,0.24,,,0.24,0,2026-04-08T03:10:02.252366+00:00
85933,CHAMS,2018-11-16,0.24,,,0.24,0,2026-04-08T03:10:04.527169+00:00
86035,CHAMS,2018-11-19,0.24,,,0.24,0,2026-04-08T03:10:09.122468+00:00
86137,CHAMS,2018-11-21,0.24,,,0.24,0,2026-04-08T03:10:12.622729+00:00
86239,CHAMS,2018-11-22,0.24,,,0.24,2000,2026-04-08T03:10:14.989948+00:00
86341,CHAMS,2018-11-23,0.24,,,0.24,0,2026-04-08T03:10:17.221139+00:00
86443,CHAMS,2018-11-26,0.24,,,0.24,0,2026-04-08T03:10:22.142454+00:00
86545,CHAMS,2018-11-27,0.24,,,0.24,0,2026-04-08T03:10:24.421595+00:00
86647,CHAMS,2018-11-28,0.24,,,0.24,0,2026-04-08T03:10:26.708398+00:00
86749,CHAMS,2018-11-29,0.24,,,0.24,0,2026-04-08T03:10:29.255332+00:00
86851,CHAMS,2018-11-30,0.24,,,0.24,0,2026-04-08T03:10:32.706086+00:00
86953,CHAMS,2018-12-03,0.24,,,0.24,0,2026-04-08T03:10:37.185914+00:00
87055,CHAMS,2018-12-04,0.24,,,0.24,0,2026-04-08T03:10:39.607482+00:00
87157,CHAMS,2018-12-05,0.24,,,0.24,0,2026-04-08T03:10:42.037497+00:00
87259,CHAMS,2018-12-06,0.24,,,0.24,0,2026-04-08T03:10:44.312069+00:00
87361,CHAMS,2018-12-07,0.22,,,0.22,100400,2026-04-08T03:10:46.663078+00:00
87463,CHAMS,2018-12-10,0.22,,,0.22,0,2026-04-08T03:10:51.346822+00:00
87565,CHAMS,2018-12-11,0.22,,,0.22,100,2026-04-08T03:10:53.613329+00:00
87667,CHAMS,2018-12-12,0.2,,,0.2,100100,2026-04-08T03:10:55.983376+00:00
87769,CHAMS,2018-12-13,0.2,,,0.2,0,2026-04-08T03:10:58.622726+00:00
87871,CHAMS,2018-12-17,0.2,,,0.2,0,2026-04-08T03:11:04.071168+00:00
87972,CHAMS,2018-12-18,0.2,,,0.2,0,2026-04-08T03:11:06.547404+00:00
88073,CHAMS,2018-12-19,0.2,,,0.2,5000,2026-04-08T03:11:08.930184+00:00
88174,CHAMS,2018-12-21,0.2,,,0.2,0,2026-04-08T03:11:13.038597+00:00
88275,CHAMS,2018-12-24,0.2,,,0.2,0,2026-04-08T03:11:17.396489+00:00
88377,CHAMS,2018-12-31,0.2,,,0.2,0,2026-04-08T03:11:26.963749+00:00
88479,CHAMS,2019-01-04,0.2,,,0.2,0,2026-04-08T03:11:33.101723+00:00
88581,CHAMS,2019-01-07,0.2,,,0.2,0,2026-04-08T03:11:37.396019+00:00
88683,CHAMS,2019-01-08,0.2,,,0.2,3000,2026-04-08T03:11:39.720871+00:00
88785,CHAMS,2019-01-09,0.2,,,0.2,0,2026-04-08T03:11:42.122758+00:00
88887,CHAMS,2019-01-10,0.2,,,0.2,0,2026-04-08T03:11:44.4712+00:00
88989,CHAMS,2019-01-11,0.2,,,0.2,100090,2026-04-08T03:11:46.864498+00:00
89091,CHAMS,2019-01-14,0.2,,,0.2,0,2026-04-08T03:11:51.386431+00:00
89193,CHAMS,2019-01-15,0.2,,,0.2,100,2026-04-08T03:11:53.781694+00:00
89295,CHAMS,2019-01-16,0.2,,,0.2,0,2026-04-08T03:11:56.273278+00:00
89397,CHAMS,2019-01-17,0.2,,,0.2,44800,2026-04-08T03:11:58.633279+00:00
89499,CHAMS,2019-01-18,0.2,,,0.2,200,2026-04-08T03:12:01.678716+00:00
89601,CHAMS,2019-01-21,0.2,,,0.2,0,2026-04-08T03:12:06.146982+00:00
89703,CHAMS,2019-01-22,0.2,,,0.2,0,2026-04-08T03:12:26.450353+00:00
89805,CHAMS,2019-01-23,0.2,,,0.2,100000,2026-04-08T03:12:28.985884+00:00
89907,CHAMS,2019-01-24,0.2,,,0.2,0,2026-04-08T03:12:31.471104+00:00
90009,CHAMS,2019-01-25,0.2,,,0.2,60100,2026-04-08T03:12:33.831732+00:00
90111,CHAMS,2019-01-28,0.2,,,0.2,4900,2026-04-08T03:12:38.324+00:00
90213,CHAMS,2019-01-29,0.2,,,0.2,50000,2026-04-08T03:12:40.769031+00:00
90315,CHAMS,2019-01-30,0.2,,,0.2,100,2026-04-08T03:12:43.207065+00:00
90417,CHAMS,2019-01-31,0.2,,,0.2,0,2026-04-08T03:12:45.452606+00:00
90519,CHAMS,2019-02-01,0.2,,,0.2,0,2026-04-08T03:12:47.65569+00:00
90621,CHAMS,2019-02-04,0.2,,,0.2,450000,2026-04-08T03:12:52.008801+00:00
90723,CHAMS,2019-02-05,0.2,,,0.2,450000,2026-04-08T03:12:54.428036+00:00
90825,CHAMS,2019-02-06,0.2,,,0.2,0,2026-04-08T03:12:56.795589+00:00
90927,CHAMS,2019-02-07,0.2,,,0.2,0,2026-04-08T03:12:59.333395+00:00
91029,CHAMS,2019-02-08,0.2,,,0.2,0,2026-04-08T03:13:01.766173+00:00
91131,CHAMS,2019-02-11,0.2,,,0.2,1100000,2026-04-08T03:13:07.807824+00:00
91233,CHAMS,2019-02-12,0.2,,,0.2,74000,2026-04-08T03:13:10.389121+00:00
91335,CHAMS,2019-02-13,0.2,,,0.2,8007059,2026-04-08T03:13:13.120558+00:00
91437,CHAMS,2019-02-14,0.2,,,0.2,400,2026-04-08T03:13:15.610167+00:00
91539,CHAMS,2019-02-15,0.2,,,0.2,75,2026-04-08T03:13:17.960235+00:00
91641,CHAMS,2019-02-18,0.2,,,0.2,21700525,2026-04-08T03:13:22.383964+00:00
91743,CHAMS,2019-02-19,0.2,,,0.2,9074000,2026-04-08T03:13:24.617569+00:00
91845,CHAMS,2019-02-20,0.2,,,0.2,8625935,2026-04-08T03:13:26.870792+00:00
91947,CHAMS,2019-02-22,0.2,,,0.2,8709197,2026-04-08T03:13:30.442816+00:00
92049,CHAMS,2019-02-25,0.2,,,0.2,0,2026-04-08T03:13:35.015549+00:00
92151,CHAMS,2019-02-26,0.2,,,0.2,498004,2026-04-08T03:13:37.412672+00:00
92253,CHAMS,2019-02-27,0.2,,,0.2,0,2026-04-08T03:13:39.910522+00:00
92355,CHAMS,2019-02-28,0.2,,,0.2,20000500,2026-04-08T03:13:42.435587+00:00
92457,CHAMS,2019-03-01,0.2,,,0.2,2001100,2026-04-08T03:13:44.810709+00:00
92559,CHAMS,2019-03-04,0.2,,,0.2,228,2026-04-08T03:13:49.353535+00:00
92661,CHAMS,2019-03-05,0.2,,,0.2,7950,2026-04-08T03:13:51.846242+00:00
92763,CHAMS,2019-03-06,0.2,,,0.2,3500,2026-04-08T03:13:54.267269+00:00
92865,CHAMS,2019-03-07,0.2,,,0.2,50,2026-04-08T03:13:56.544072+00:00
92967,CHAMS,2019-03-08,0.2,,,0.2,0,2026-04-08T03:13:58.936546+00:00
93069,CHAMS,2019-03-11,0.2,,,0.2,200000,2026-04-08T03:14:03.582539+00:00
93171,CHAMS,2019-03-12,0.2,,,0.2,500,2026-04-08T03:14:06.149716+00:00
93273,CHAMS,2019-03-13,0.2,,,0.2,72145000,2026-04-08T03:14:08.562819+00:00
93375,CHAMS,2019-03-14,0.2,,,0.2,0,2026-04-08T03:14:10.990955+00:00
93477,CHAMS,2019-03-15,0.2,,,0.2,698200,2026-04-08T03:14:13.413527+00:00
93579,CHAMS,2019-03-18,0.2,,,0.2,0,2026-04-08T03:14:17.594172+00:00
93681,CHAMS,2019-03-19,0.2,,,0.2,20050600,2026-04-08T03:14:19.883177+00:00
93783,CHAMS,2019-03-20,0.2,,,0.2,0,2026-04-08T03:14:22.215184+00:00
93885,CHAMS,2019-03-21,0.2,,,0.2,10,2026-04-08T03:14:24.469396+00:00
93987,CHAMS,2019-03-22,0.2,,,0.2,20000,2026-04-08T03:14:26.929153+00:00
94089,CHAMS,2019-03-25,0.2,,,0.2,0,2026-04-08T03:14:31.400562+00:00
94191,CHAMS,2019-03-26,0.2,,,0.2,50000,2026-04-08T03:14:33.80485+00:00
94293,CHAMS,2019-03-27,0.2,,,0.2,49750,2026-04-08T03:14:36.122563+00:00
94395,CHAMS,2019-03-28,0.2,,,0.2,99531313,2026-04-08T03:14:38.612625+00:00
94497,CHAMS,2019-03-29,0.2,,,0.2,40897639,2026-04-08T03:14:41.061692+00:00
94598,CHAMS,2019-04-01,0.21,,,0.21,47712000,2026-04-08T03:14:45.528331+00:00
94699,CHAMS,2019-04-02,0.2,,,0.2,18388448,2026-04-08T03:14:47.809526+00:00
94800,CHAMS,2019-04-03,0.2,,,0.2,16826830,2026-04-08T03:14:50.124237+00:00
94901,CHAMS,2019-04-04,0.22,,,0.22,114672076,2026-04-08T03:14:52.417245+00:00
95002,CHAMS,2019-04-05,0.24,,,0.24,56013534,2026-04-08T03:14:54.739567+00:00
95103,CHAMS,2019-04-08,0.26,,,0.26,13712919,2026-04-08T03:14:59.01768+00:00
95204,CHAMS,2019-04-09,0.28,,,0.28,50233524,2026-04-08T03:15:01.233247+00:00
95305,CHAMS,2019-04-10,0.28,,,0.28,20944982,2026-04-08T03:15:03.446976+00:00
95406,CHAMS,2019-04-11,0.26,,,0.26,7066635,2026-04-08T03:15:05.608759+00:00
95507,CHAMS,2019-04-12,0.28,,,0.28,32634297,2026-04-08T03:15:07.869644+00:00
95608,CHAMS,2019-04-15,0.3,,,0.3,36842171,2026-04-08T03:15:12.360876+00:00
95709,CHAMS,2019-04-16,0.33,,,0.33,14020683,2026-04-08T03:15:14.69338+00:00
95810,CHAMS,2019-04-17,0.36,,,0.36,8221000,2026-04-08T03:15:16.974822+00:00
95911,CHAMS,2019-04-18,0.36,,,0.36,13838666,2026-04-08T03:15:19.360663+00:00
96012,CHAMS,2019-04-23,0.39,,,0.39,8547765,2026-04-08T03:15:26.04373+00:00
96114,CHAMS,2019-04-24,0.39,,,0.39,10138133,2026-04-08T03:15:28.31166+00:00
96216,CHAMS,2019-04-25,0.42,,,0.42,14577872,2026-04-08T03:15:30.603437+00:00
96318,CHAMS,2019-04-26,0.42,,,0.42,1521481,2026-04-08T03:15:32.816712+00:00
96420,CHAMS,2019-04-29,0.46,,,0.46,3363210,2026-04-08T03:15:37.198623+00:00
96522,CHAMS,2019-04-30,0.5,,,0.5,7690710,2026-04-08T03:15:39.499507+00:00
96624,CHAMS,2019-05-02,0.5,,,0.5,20731270,2026-04-08T03:15:42.839166+00:00
96726,CHAMS,2019-05-03,0.45,,,0.45,16946868,2026-04-08T03:15:45.02286+00:00
96828,CHAMS,2019-05-06,0.49,,,0.49,4103688,2026-04-08T03:15:49.380478+00:00
96930,CHAMS,2019-05-07,0.53,,,0.53,11982945,2026-04-08T03:15:51.609622+00:00
97032,CHAMS,2019-05-08,0.48,,,0.48,6765349,2026-04-08T03:15:53.912422+00:00
97134,CHAMS,2019-05-09,0.44,,,0.44,3419257,2026-04-08T03:15:56.308435+00:00
97236,CHAMS,2019-05-10,0.4,,,0.4,7667425,2026-04-08T03:15:58.65517+00:00
97338,CHAMS,2019-05-13,0.36,,,0.36,4365190,2026-04-08T03:16:02.955985+00:00
97440,CHAMS,2019-05-14,0.33,,,0.33,4148744,2026-04-08T03:16:05.427951+00:00
97542,CHAMS,2019-05-15,0.36,,,0.36,3564500,2026-04-08T03:16:07.709974+00:00
97644,CHAMS,2019-05-16,0.34,,,0.34,4324550,2026-04-08T03:16:09.947696+00:00
97746,CHAMS,2019-05-17,0.37,,,0.37,268343,2026-04-08T03:16:12.469468+00:00
97849,CHAMS,2019-05-20,0.37,,,0.37,183850,2026-04-08T03:16:16.967061+00:00
97952,CHAMS,2019-05-21,0.38,,,0.38,1302050,2026-04-08T03:16:19.368023+00:00
98055,CHAMS,2019-05-22,0.36,,,0.36,995750,2026-04-08T03:16:21.741488+00:00
98158,CHAMS,2019-05-23,0.33,,,0.33,6030399,2026-04-08T03:16:24.010501+00:00
98261,CHAMS,2019-05-24,0.33,,,0.33,5219067,2026-04-08T03:16:26.41346+00:00
98364,CHAMS,2019-05-27,0.33,,,0.33,5869060,2026-04-08T03:16:30.812568+00:00
98467,CHAMS,2019-05-28,0.36,,,0.36,12180082,2026-04-08T03:16:33.286405+00:00
98570,CHAMS,2019-05-30,0.38,,,0.38,3099496,2026-04-08T03:16:36.695359+00:00
98673,CHAMS,2019-05-31,0.38,,,0.38,4760987,2026-04-08T03:16:39.10826+00:00
98776,CHAMS,2019-06-03,0.35,,,0.35,1489815,2026-04-08T03:16:43.376201+00:00
98879,CHAMS,2019-06-06,0.34,,,0.34,1630897,2026-04-08T03:16:48.034912+00:00
98982,CHAMS,2019-06-07,0.36,,,0.36,1876320,2026-04-08T03:16:50.186426+00:00
99085,CHAMS,2019-06-10,0.35,,,0.35,4569144,2026-04-08T03:16:54.498349+00:00
99188,CHAMS,2019-06-11,0.35,,,0.35,1855777,2026-04-08T03:16:56.702394+00:00
99291,CHAMS,2019-06-13,0.35,,,0.35,3900797,2026-04-08T03:17:00.140907+00:00
99394,CHAMS,2019-06-14,0.36,,,0.36,981540,2026-04-08T03:17:02.289964+00:00
99497,CHAMS,2019-06-17,0.35,,,0.35,4284619,2026-04-08T03:17:06.378621+00:00
99600,CHAMS,2019-06-18,0.32,,,0.32,3608169,2026-04-08T03:17:08.696624+00:00
99703,CHAMS,2019-06-19,0.32,,,0.32,2923967,2026-04-08T03:17:10.975867+00:00
99806,CHAMS,2019-06-20,0.34,,,0.34,2319000,2026-04-08T03:17:13.205784+00:00
99909,CHAMS,2019-06-24,0.3,,,0.3,1336910,2026-04-08T03:17:18.488118+00:00
100012,CHAMS,2019-06-25,0.3,,,0.3,1476090,2026-04-08T03:17:20.712996+00:00
100115,CHAMS,2019-06-26,0.27,,,0.27,9041868,2026-04-08T03:17:23.021521+00:00
100218,CHAMS,2019-06-27,0.27,,,0.27,1311947,2026-04-08T03:17:25.288917+00:00
100321,CHAMS,2019-06-28,0.29,,,0.29,2105560,2026-04-08T03:17:27.669324+00:00
100424,CHAMS,2019-07-01,0.31,,,0.31,853718,2026-04-08T03:17:31.993492+00:00
100527,CHAMS,2019-07-02,0.28,,,0.28,1978214,2026-04-08T03:17:34.195482+00:00
100630,CHAMS,2019-07-03,0.28,,,0.28,375151,2026-04-08T03:17:36.539656+00:00
100733,CHAMS,2019-07-04,0.26,,,0.26,952845,2026-04-08T03:17:38.806977+00:00
100836,CHAMS,2019-07-05,0.28,,,0.28,1032856,2026-04-08T03:17:41.292481+00:00
100939,CHAMS,2019-07-08,0.29,,,0.29,394100,2026-04-08T03:17:45.861747+00:00
101042,CHAMS,2019-07-09,0.29,,,0.29,124038,2026-04-08T03:17:48.217581+00:00
101146,CHAMS,2019-07-10,0.29,,,0.29,1058311,2026-04-08T03:17:50.676625+00:00
101250,CHAMS,2019-07-11,0.29,,,0.29,72119,2026-04-08T03:17:53.082234+00:00
101354,CHAMS,2019-07-12,0.28,,,0.28,498019,2026-04-08T03:17:55.503872+00:00
101458,CHAMS,2019-07-15,0.26,,,0.26,187800,2026-04-08T03:18:00.039317+00:00
101562,CHAMS,2019-07-16,0.25,,,0.25,394773,2026-04-08T03:18:02.440443+00:00
101666,CHAMS,2019-07-17,0.27,,,0.27,113680,2026-04-08T03:18:04.729662+00:00
101770,CHAMS,2019-07-18,0.27,,,0.27,888024,2026-04-08T03:18:07.178594+00:00
101874,CHAMS,2019-07-19,0.27,,,0.27,65750,2026-04-08T03:18:09.535362+00:00
101978,CHAMS,2019-07-22,0.27,,,0.27,1113800,2026-04-08T03:18:14.212024+00:00
102082,CHAMS,2019-07-23,0.25,,,0.25,2493000,2026-04-08T03:18:16.654741+00:00
102186,CHAMS,2019-07-24,0.25,,,0.25,64284,2026-04-08T03:18:18.926554+00:00
102290,CHAMS,2019-07-25,0.27,,,0.27,1040200,2026-04-08T03:18:21.127331+00:00
102394,CHAMS,2019-07-26,0.28,,,0.28,284284,2026-04-08T03:18:23.508197+00:00
102498,CHAMS,2019-07-29,0.26,,,0.26,1019100,2026-04-08T03:18:27.808584+00:00
102602,CHAMS,2019-07-30,0.26,,,0.26,441556,2026-04-08T03:18:30.090931+00:00
102706,CHAMS,2019-07-31,0.26,,,0.26,1806732,2026-04-08T03:18:32.379029+00:00
102810,CHAMS,2019-08-01,0.26,,,0.26,85500,2026-04-08T03:18:34.721051+00:00
102914,CHAMS,2019-08-02,0.28,,,0.28,8331025,2026-04-08T03:18:37.148519+00:00
103018,CHAMS,2019-08-05,0.29,,,0.29,500000,2026-04-08T03:18:41.327383+00:00
103122,CHAMS,2019-08-06,0.27,,,0.27,622600,2026-04-08T03:18:43.676077+00:00
103226,CHAMS,2019-08-07,0.25,,,0.25,3385935,2026-04-08T03:18:45.952647+00:00
103330,CHAMS,2019-08-08,0.26,,,0.26,1533598,2026-04-08T03:18:48.284739+00:00
103434,CHAMS,2019-08-09,0.26,,,0.26,156743,2026-04-08T03:18:50.530707+00:00
103538,CHAMS,2019-08-14,0.24,,,0.24,408500,2026-04-08T03:18:57.313874+00:00
103642,CHAMS,2019-08-15,0.22,,,0.22,1057009,2026-04-08T03:18:59.647711+00:00
103746,CHAMS,2019-08-19,0.21,,,0.21,1900000,2026-04-08T03:19:05.053534+00:00
103850,CHAMS,2019-08-20,0.23,,,0.23,2783359,2026-04-08T03:19:07.283568+00:00
103953,CHAMS,2019-08-21,0.25,,,0.25,151344,2026-04-08T03:19:09.493441+00:00
104056,CHAMS,2019-08-22,0.24,,,0.24,3040483,2026-04-08T03:19:11.834929+00:00
104159,CHAMS,2019-08-23,0.26,,,0.26,3436193,2026-04-08T03:19:14.066623+00:00
104262,CHAMS,2019-08-26,0.28,,,0.28,1715908,2026-04-08T03:19:18.291411+00:00
104365,CHAMS,2019-08-27,0.29,,,0.29,1218225,2026-04-08T03:19:20.588978+00:00
104468,CHAMS,2019-08-28,0.28,,,0.28,2195529,2026-04-08T03:19:22.939533+00:00
104571,CHAMS,2019-08-29,0.28,,,0.28,2840657,2026-04-08T03:19:25.308081+00:00
104674,CHAMS,2019-08-30,0.26,,,0.26,2985199,2026-04-08T03:19:27.686427+00:00
104777,CHAMS,2019-09-02,0.24,,,0.24,2797081,2026-04-08T03:19:32.075785+00:00
104880,CHAMS,2019-09-03,0.24,,,0.24,720472,2026-04-08T03:19:34.366833+00:00
104983,CHAMS,2019-09-04,0.25,,,0.25,2938423,2026-04-08T03:19:36.608723+00:00
105086,CHAMS,2019-09-05,0.26,,,0.26,5503784,2026-04-08T03:19:38.984327+00:00
105189,CHAMS,2019-09-06,0.27,,,0.27,227500,2026-04-08T03:19:41.363212+00:00
105292,CHAMS,2019-09-09,0.27,,,0.27,8703,2026-04-08T03:19:45.624302+00:00
105395,CHAMS,2019-09-10,0.26,,,0.26,2665352,2026-04-08T03:19:47.977958+00:00
105498,CHAMS,2019-09-11,0.24,,,0.24,1938000,2026-04-08T03:19:50.333421+00:00
105601,CHAMS,2019-09-12,0.26,,,0.26,847515,2026-04-08T03:19:52.607202+00:00
105704,CHAMS,2019-09-13,0.26,,,0.26,719950,2026-04-08T03:19:55.083512+00:00
105807,CHAMS,2019-09-16,0.24,,,0.24,4556916,2026-04-08T03:19:59.701348+00:00
105910,CHAMS,2019-09-17,0.26,,,0.26,564703,2026-04-08T03:20:02.523968+00:00
106013,CHAMS,2019-09-18,0.26,,,0.26,1951691,2026-04-08T03:20:05.488272+00:00
106116,CHAMS,2019-09-19,0.24,,,0.24,6158942,2026-04-08T03:20:08.114889+00:00
106219,CHAMS,2019-09-20,0.24,,,0.24,4513528,2026-04-08T03:20:10.721894+00:00
106322,CHAMS,2019-09-23,0.24,,,0.24,101100,2026-04-08T03:20:15.267012+00:00
106425,CHAMS,2019-09-24,0.23,,,0.23,4686549,2026-04-08T03:20:17.630341+00:00
106528,CHAMS,2019-09-25,0.24,,,0.24,346756,2026-04-08T03:20:20.165626+00:00
106631,CHAMS,2019-09-26,0.23,,,0.23,428300,2026-04-08T03:20:22.92566+00:00
106734,CHAMS,2019-09-27,0.24,,,0.24,1102244,2026-04-08T03:20:25.402499+00:00
106837,CHAMS,2019-09-30,0.24,,,0.24,850000,2026-04-08T03:20:29.867546+00:00
106940,CHAMS,2019-10-02,0.25,,,0.25,845000,2026-04-08T03:20:33.475481+00:00
107043,CHAMS,2019-10-03,0.24,,,0.24,465979,2026-04-08T03:20:35.801047+00:00
107146,CHAMS,2019-10-04,0.24,,,0.24,1715473,2026-04-08T03:20:38.138638+00:00
107249,CHAMS,2019-10-07,0.26,,,0.26,2000000,2026-04-08T03:20:43.38987+00:00
107352,CHAMS,2019-10-08,0.24,,,0.24,5046542,2026-04-08T03:20:50.115577+00:00
107455,CHAMS,2019-10-09,0.26,,,0.26,710192,2026-04-08T03:20:53.067656+00:00
107558,CHAMS,2019-10-10,0.26,,,0.26,3229,2026-04-08T03:20:55.682822+00:00
107661,CHAMS,2019-10-11,0.26,,,0.26,116300,2026-04-08T03:20:58.30073+00:00
107764,CHAMS,2019-10-14,0.26,,,0.26,85000,2026-04-08T03:21:03.536141+00:00
107867,CHAMS,2019-10-15,0.24,,,0.24,227000,2026-04-08T03:21:06.159586+00:00
107970,CHAMS,2019-10-16,0.22,,,0.22,2483899,2026-04-08T03:21:08.538525+00:00
108073,CHAMS,2019-10-17,0.24,,,0.24,758059,2026-04-08T03:21:11.125073+00:00
108176,CHAMS,2019-10-18,0.23,,,0.23,627496,2026-04-08T03:21:14.04892+00:00
108279,CHAMS,2019-10-21,0.24,,,0.24,427400,2026-04-08T03:21:18.357079+00:00
108382,CHAMS,2019-10-22,0.24,,,0.24,240000,2026-04-08T03:21:20.5704+00:00
108485,CHAMS,2019-10-23,0.24,,,0.24,989820,2026-04-08T03:21:22.84444+00:00
108588,CHAMS,2019-10-24,0.24,,,0.24,258500,2026-04-08T03:21:25.228823+00:00
108691,CHAMS,2019-10-25,0.23,,,0.23,11750000,2026-04-08T03:21:27.539286+00:00
108794,CHAMS,2019-10-28,0.23,,,0.23,2121173,2026-04-08T03:21:32.161692+00:00
108897,CHAMS,2019-10-29,0.22,,,0.22,2560000,2026-04-08T03:21:34.477485+00:00
109000,CHAMS,2019-10-30,0.22,,,0.22,572616,2026-04-08T03:21:36.754268+00:00
109103,CHAMS,2019-10-31,0.24,,,0.24,2113901,2026-04-08T03:21:39.10919+00:00
109206,CHAMS,2019-11-01,0.24,,,0.24,1400000,2026-04-08T03:21:41.456138+00:00
109309,CHAMS,2019-11-04,0.24,,,0.24,365800,2026-04-08T03:21:45.945243+00:00
109412,CHAMS,2019-11-05,0.24,,,0.24,446000,2026-04-08T03:21:48.37169+00:00
109515,CHAMS,2019-11-06,0.23,,,0.23,222920,2026-04-08T03:21:50.755948+00:00
109618,CHAMS,2019-11-07,0.24,,,0.24,530580,2026-04-08T03:21:53.200031+00:00
109721,CHAMS,2019-11-08,0.24,,,0.24,765327,2026-04-08T03:21:55.63316+00:00
109824,CHAMS,2019-11-12,0.24,,,0.24,3449330,2026-04-08T03:22:01.520244+00:00
109927,CHAMS,2019-11-13,0.24,,,0.24,2738655,2026-04-08T03:22:04.169594+00:00
110030,CHAMS,2019-11-14,0.25,,,0.25,1637934,2026-04-08T03:22:06.510438+00:00
110133,CHAMS,2019-11-15,0.27,,,0.27,2160523,2026-04-08T03:22:08.972682+00:00
110235,CHAMS,2019-11-18,0.28,,,0.28,4057231,2026-04-08T03:22:13.551393+00:00
110337,CHAMS,2019-11-19,0.3,,,0.3,4016071,2026-04-08T03:22:15.801005+00:00
110439,CHAMS,2019-11-20,0.33,,,0.33,4638670,2026-04-08T03:22:18.11241+00:00
110541,CHAMS,2019-11-21,0.33,,,0.33,321458,2026-04-08T03:22:20.360812+00:00
110643,CHAMS,2019-11-22,0.36,,,0.36,1941733,2026-04-08T03:22:22.766306+00:00
110745,CHAMS,2019-11-25,0.39,,,0.39,2471988,2026-04-08T03:22:27.077445+00:00
110847,CHAMS,2019-11-26,0.42,,,0.42,1067864,2026-04-08T03:22:29.415971+00:00
110949,CHAMS,2019-11-27,0.39,,,0.39,18920157,2026-04-08T03:22:31.797244+00:00
111051,CHAMS,2019-11-28,0.38,,,0.38,6355163,2026-04-08T03:22:34.150197+00:00
111153,CHAMS,2019-11-29,0.35,,,0.35,2740543,2026-04-08T03:22:36.43862+00:00
111255,CHAMS,2019-12-02,0.38,,,0.38,2530394,2026-04-08T03:22:40.672716+00:00
111357,CHAMS,2019-12-03,0.35,,,0.35,3105094,2026-04-08T03:22:42.857808+00:00
111459,CHAMS,2019-12-04,0.33,,,0.33,2727304,2026-04-08T03:22:45.132537+00:00
111561,CHAMS,2019-12-05,0.36,,,0.36,569600,2026-04-08T03:22:47.409461+00:00
111663,CHAMS,2019-12-06,0.37,,,0.37,738160,2026-04-08T03:22:49.720566+00:00
111765,CHAMS,2019-12-10,0.37,,,0.37,162465,2026-04-08T03:22:54.948045+00:00
111867,CHAMS,2019-12-11,0.34,,,0.34,1487108,2026-04-08T03:22:57.463594+00:00
111969,CHAMS,2019-12-12,0.31,,,0.31,4711371,2026-04-08T03:22:59.677549+00:00
112071,CHAMS,2019-12-13,0.3,,,0.3,5654268,2026-04-08T03:23:01.961124+00:00
112173,CHAMS,2019-12-16,0.3,,,0.3,4085023,2026-04-08T03:23:06.206185+00:00
112275,CHAMS,2019-12-17,0.33,,,0.33,3591997,2026-04-08T03:23:08.526507+00:00
112377,CHAMS,2019-12-18,0.36,,,0.36,2728199,2026-04-08T03:23:10.699016+00:00
112479,CHAMS,2019-12-19,0.36,,,0.36,964137,2026-04-08T03:23:13.06361+00:00
112581,CHAMS,2019-12-20,0.36,,,0.36,1142900,2026-04-08T03:23:15.515212+00:00
112683,CHAMS,2019-12-23,0.34,,,0.34,773801,2026-04-08T03:23:19.645113+00:00
112785,CHAMS,2019-12-24,0.34,,,0.34,110882,2026-04-08T03:23:22.081747+00:00
112887,CHAMS,2019-12-27,0.37,,,0.37,706680,2026-04-08T03:23:26.48241+00:00
112989,CHAMS,2019-12-31,0.33,,,0.33,1467357,2026-04-08T03:23:31.997666+00:00
113091,CHAMS,2020-01-02,0.34,,,0.34,1234351,2026-04-08T03:23:35.253628+00:00
113193,CHAMS,2020-01-03,0.34,,,0.34,149625,2026-04-08T03:23:37.484442+00:00
113295,CHAMS,2020-01-06,0.35,,,0.35,1369799,2026-04-08T03:23:41.810791+00:00
113397,CHAMS,2020-01-07,0.34,,,0.34,786989,2026-04-08T03:23:44.238014+00:00
113499,CHAMS,2020-01-08,0.37,,,0.37,2693746,2026-04-08T03:23:46.428903+00:00
113601,CHAMS,2020-01-09,0.36,,,0.36,859424,2026-04-08T03:23:48.760691+00:00
113704,CHAMS,2020-01-10,0.35,,,0.35,1485555,2026-04-08T03:23:51.312987+00:00
113807,CHAMS,2020-01-13,0.34,,,0.34,3339000,2026-04-08T03:23:55.704331+00:00
113910,CHAMS,2020-01-14,0.34,,,0.34,2094345,2026-04-08T03:23:58.044369+00:00
114013,CHAMS,2020-01-15,0.34,,,0.34,3864448,2026-04-08T03:24:00.340453+00:00
114116,CHAMS,2020-01-16,0.33,,,0.33,587613,2026-04-08T03:24:02.775573+00:00
114219,CHAMS,2020-01-17,0.33,,,0.33,692599,2026-04-08T03:24:05.107796+00:00
114322,CHAMS,2020-01-20,0.32,,,0.32,4040000,2026-04-08T03:24:09.637495+00:00
114425,CHAMS,2020-01-21,0.32,,,0.32,1006500,2026-04-08T03:24:12.081094+00:00
114528,CHAMS,2020-01-23,0.33,,,0.33,3489063,2026-04-08T03:24:15.397306+00:00
114631,CHAMS,2020-01-24,0.34,,,0.34,11453329,2026-04-08T03:24:17.760742+00:00
114734,CHAMS,2020-01-27,0.34,,,0.34,5385753,2026-04-08T03:24:22.426106+00:00
114837,CHAMS,2020-01-28,0.35,,,0.35,2489100,2026-04-08T03:24:24.728321+00:00
114940,CHAMS,2020-01-29,0.35,,,0.35,506085,2026-04-08T03:24:27.287495+00:00
115043,CHAMS,2020-01-30,0.35,,,0.35,266250,2026-04-08T03:24:29.658352+00:00
115146,CHAMS,2020-01-31,0.32,,,0.32,2105704,2026-04-08T03:24:31.961868+00:00
115249,CHAMS,2020-02-03,0.31,,,0.31,835600,2026-04-08T03:24:36.430808+00:00
115352,CHAMS,2020-02-04,0.28,,,0.28,1250655,2026-04-08T03:24:38.687124+00:00
115455,CHAMS,2020-02-05,0.3,,,0.3,1342802,2026-04-08T03:24:41.03998+00:00
115558,CHAMS,2020-02-06,0.29,,,0.29,12468500,2026-04-08T03:24:43.345135+00:00
115661,CHAMS,2020-02-07,0.31,,,0.31,4436440,2026-04-08T03:24:45.609576+00:00
115764,CHAMS,2020-02-10,0.33,,,0.33,2847458,2026-04-08T03:24:50.182603+00:00
115867,CHAMS,2020-02-11,0.33,,,0.33,110424,2026-04-08T03:24:52.780016+00:00
115970,CHAMS,2020-02-12,0.31,,,0.31,177819,2026-04-08T03:24:55.120152+00:00
116073,CHAMS,2020-02-13,0.31,,,0.31,32352,2026-04-08T03:24:57.649025+00:00
116176,CHAMS,2020-02-14,0.28,,,0.28,647862,2026-04-08T03:25:00.080254+00:00
116279,CHAMS,2020-02-17,0.29,,,0.29,334842,2026-04-08T03:25:04.377856+00:00
116382,CHAMS,2020-02-18,0.29,,,0.29,162300,2026-04-08T03:25:06.773592+00:00
116485,CHAMS,2020-02-19,0.28,,,0.28,550000,2026-04-08T03:25:09.231504+00:00
116588,CHAMS,2020-02-20,0.3,,,0.3,1805751,2026-04-08T03:25:11.501588+00:00
116691,CHAMS,2020-02-21,0.28,,,0.28,931368,2026-04-08T03:25:13.948187+00:00
116794,CHAMS,2020-02-24,0.27,,,0.27,685200,2026-04-08T03:25:18.415367+00:00
116897,CHAMS,2020-02-25,0.27,,,0.27,1754800,2026-04-08T03:25:20.711298+00:00
117000,CHAMS,2020-02-26,0.26,,,0.26,754133,2026-04-08T03:25:23.465375+00:00
117103,CHAMS,2020-02-27,0.26,,,0.26,608614,2026-04-08T03:25:26.011368+00:00
117206,CHAMS,2020-02-28,0.24,,,0.24,6342700,2026-04-08T03:25:28.472167+00:00
117309,CHAMS,2020-03-02,0.22,,,0.22,9672450,2026-04-08T03:25:32.979972+00:00
117412,CHAMS,2020-03-03,0.21,,,0.21,23137753,2026-04-08T03:25:35.324079+00:00
117515,CHAMS,2020-03-04,0.2,,,0.2,16681070,2026-04-08T03:25:37.587456+00:00
117618,CHAMS,2020-03-05,0.22,,,0.22,6924000,2026-04-08T03:25:39.825698+00:00
117721,CHAMS,2020-03-09,0.22,,,0.22,5076584,2026-04-08T03:25:45.227559+00:00
117824,CHAMS,2020-03-10,0.2,,,0.2,14017600,2026-04-08T03:25:47.644077+00:00
117927,CHAMS,2020-03-11,0.22,,,0.22,639100,2026-04-08T03:25:49.940962+00:00
118030,CHAMS,2020-03-12,0.21,,,0.21,13104123,2026-04-08T03:25:52.243289+00:00
118133,CHAMS,2020-03-13,0.21,,,0.21,12557978,2026-04-08T03:25:54.520183+00:00
118236,CHAMS,2020-03-16,0.21,,,0.21,1985830,2026-04-08T03:25:58.965391+00:00
118339,CHAMS,2020-03-17,0.22,,,0.22,2937000,2026-04-08T03:26:01.331984+00:00
118442,CHAMS,2020-03-18,0.2,,,0.2,769500,2026-04-08T03:26:03.589989+00:00
118545,CHAMS,2020-03-19,0.2,,,0.2,6511800,2026-04-08T03:26:05.957067+00:00
118648,CHAMS,2020-03-20,0.22,,,0.22,2194690,2026-04-08T03:26:08.377452+00:00
118751,CHAMS,2020-03-23,0.2,,,0.2,7880751,2026-04-08T03:26:12.667002+00:00
118854,CHAMS,2020-03-24,0.21,,,0.21,1460990,2026-04-08T03:26:14.960057+00:00
118957,CHAMS,2020-03-25,0.21,,,0.21,1198800,2026-04-08T03:26:17.224804+00:00
119060,CHAMS,2020-03-26,0.23,,,0.23,4469718,2026-04-08T03:26:19.64473+00:00
119163,CHAMS,2020-03-27,0.23,,,0.23,13019,2026-04-08T03:26:21.968693+00:00
119266,CHAMS,2020-03-30,0.22,,,0.22,965350,2026-04-08T03:26:26.43282+00:00
119369,CHAMS,2020-03-31,0.22,,,0.22,15205,2026-04-08T03:26:28.926506+00:00
119472,CHAMS,2020-04-01,0.21,,,0.21,1352512,2026-04-08T03:26:31.173614+00:00
119575,CHAMS,2020-04-02,0.21,,,0.21,1221600,2026-04-08T03:26:33.480235+00:00
119678,CHAMS,2020-04-03,0.21,,,0.21,22626,2026-04-08T03:26:35.777807+00:00
119781,CHAMS,2020-04-06,0.21,,,0.21,98100,2026-04-08T03:26:40.135575+00:00
119884,CHAMS,2020-04-07,0.22,,,0.22,812237,2026-04-08T03:26:42.376644+00:00
119987,CHAMS,2020-04-08,0.23,,,0.23,2922626,2026-04-08T03:26:44.690105+00:00
120090,CHAMS,2020-04-09,0.21,,,0.21,1300100,2026-04-08T03:26:47.020639+00:00
120193,CHAMS,2020-04-14,0.23,,,0.23,222000,2026-04-08T03:26:53.304016+00:00
120296,CHAMS,2020-04-15,0.23,,,0.23,426191,2026-04-08T03:26:55.643286+00:00
120399,CHAMS,2020-04-16,0.23,,,0.23,3549000,2026-04-08T03:26:58.005731+00:00
120502,CHAMS,2020-04-17,0.22,,,0.22,1893599,2026-04-08T03:27:00.196144+00:00
120605,CHAMS,2020-04-20,0.23,,,0.23,690577,2026-04-08T03:27:04.902814+00:00
120708,CHAMS,2020-04-21,0.21,,,0.21,3962791,2026-04-08T03:27:07.124699+00:00
120811,CHAMS,2020-04-22,0.21,,,0.21,1582650,2026-04-08T03:27:09.50407+00:00
120914,CHAMS,2020-04-23,0.21,,,0.21,17600,2026-04-08T03:27:11.732195+00:00
121017,CHAMS,2020-04-24,0.21,,,0.21,160000,2026-04-08T03:27:14.133022+00:00
121120,CHAMS,2020-04-27,0.22,,,0.22,1939101,2026-04-08T03:27:18.376911+00:00
121223,CHAMS,2020-04-28,0.23,,,0.23,122140,2026-04-08T03:27:20.70836+00:00
121326,CHAMS,2020-04-29,0.22,,,0.22,566995,2026-04-08T03:27:23.099969+00:00
121429,CHAMS,2020-04-30,0.23,,,0.23,1110400,2026-04-08T03:27:25.479794+00:00
121532,CHAMS,2020-05-04,0.21,,,0.21,3120423,2026-04-08T03:27:30.67652+00:00
121635,CHAMS,2020-05-05,0.22,,,0.22,336582,2026-04-08T03:27:32.997372+00:00
121738,CHAMS,2020-05-06,0.22,,,0.22,2266162,2026-04-08T03:27:35.368243+00:00
121841,CHAMS,2020-05-07,0.22,,,0.22,1125337,2026-04-08T03:27:37.70358+00:00
121944,CHAMS,2020-05-08,0.22,,,0.22,7700,2026-04-08T03:27:39.945267+00:00
122047,CHAMS,2020-05-11,0.22,,,0.22,85010,2026-04-08T03:27:44.543581+00:00
122150,CHAMS,2020-05-12,0.22,,,0.22,634672,2026-04-08T03:27:46.988848+00:00
122253,CHAMS,2020-05-13,0.22,,,0.22,951000,2026-04-08T03:27:49.292243+00:00
122356,CHAMS,2020-05-14,0.22,,,0.22,202000,2026-04-08T03:27:51.592074+00:00
122459,CHAMS,2020-05-19,0.22,,,0.22,1604546,2026-04-08T03:27:58.031425+00:00
122562,CHAMS,2020-05-20,0.22,,,0.22,1996400,2026-04-08T03:28:00.412443+00:00
122665,CHAMS,2020-05-21,0.22,,,0.22,156203,2026-04-08T03:28:02.829603+00:00
122768,CHAMS,2020-05-27,0.23,,,0.23,3942053,2026-04-08T03:28:10.17932+00:00
122871,CHAMS,2020-05-28,0.23,,,0.23,1246122,2026-04-08T03:28:12.484321+00:00
122974,CHAMS,2020-05-29,0.24,,,0.24,1731678,2026-04-08T03:28:14.796152+00:00
123077,CHAMS,2020-06-02,0.28,,,0.28,9900378,2026-04-08T03:28:20.224588+00:00
123180,CHAMS,2020-06-03,0.29,,,0.29,3825259,2026-04-08T03:28:22.45251+00:00
123283,CHAMS,2020-06-04,0.29,,,0.29,6141406,2026-04-08T03:28:24.742978+00:00
123386,CHAMS,2020-06-05,0.27,,,0.27,3046886,2026-04-08T03:28:26.997708+00:00
123489,CHAMS,2020-06-08,0.25,,,0.25,2151600,2026-04-08T03:28:31.360755+00:00
123592,CHAMS,2020-06-09,0.25,,,0.25,1050000,2026-04-08T03:28:33.545964+00:00
123695,CHAMS,2020-06-10,0.25,,,0.25,641598,2026-04-08T03:28:35.856379+00:00
123798,CHAMS,2020-06-11,0.25,,,0.25,98111,2026-04-08T03:28:38.052531+00:00
123901,CHAMS,2020-06-15,0.25,,,0.25,156997,2026-04-08T03:28:43.437023+00:00
124004,CHAMS,2020-06-16,0.25,,,0.25,2857078,2026-04-08T03:28:45.961134+00:00
124107,CHAMS,2020-06-17,0.23,,,0.23,679000,2026-04-08T03:28:48.324213+00:00
124210,CHAMS,2020-06-18,0.23,,,0.23,37000,2026-04-08T03:28:50.696546+00:00
124313,CHAMS,2020-06-19,0.25,,,0.25,1769747,2026-04-08T03:28:53.406809+00:00
124416,CHAMS,2020-06-22,0.23,,,0.23,7856800,2026-04-08T03:28:57.922359+00:00
124519,CHAMS,2020-06-23,0.21,,,0.21,7179819,2026-04-08T03:29:00.283028+00:00
124622,CHAMS,2020-06-24,0.23,,,0.23,1500000,2026-04-08T03:29:02.79982+00:00
124725,CHAMS,2020-06-25,0.24,,,0.24,3300487,2026-04-08T03:29:05.076463+00:00
124828,CHAMS,2020-06-26,0.22,,,0.22,5250527,2026-04-08T03:29:07.48598+00:00
124931,CHAMS,2020-06-29,0.23,,,0.23,6006315,2026-04-08T03:29:11.968016+00:00
125034,CHAMS,2020-06-30,0.21,,,0.21,5838531,2026-04-08T03:29:14.28255+00:00
125137,CHAMS,2020-07-01,0.23,,,0.23,11653751,2026-04-08T03:29:16.703757+00:00
125240,CHAMS,2020-07-02,0.22,,,0.22,904500,2026-04-08T03:29:19.127663+00:00
125343,CHAMS,2020-07-03,0.22,,,0.22,124890,2026-04-08T03:29:21.544735+00:00
125446,CHAMS,2020-07-07,0.23,,,0.23,93033,2026-04-08T03:29:27.331532+00:00
125549,CHAMS,2020-07-08,0.24,,,0.24,3861739,2026-04-08T03:29:29.768744+00:00
125652,CHAMS,2020-07-09,0.24,,,0.24,140540,2026-04-08T03:29:32.143692+00:00
125755,CHAMS,2020-07-10,0.24,,,0.24,15200,2026-04-08T03:29:34.521297+00:00
125858,CHAMS,2020-07-13,0.22,,,0.22,4339284,2026-04-08T03:29:39.007126+00:00
125961,CHAMS,2020-07-14,0.23,,,0.23,1175600,2026-04-08T03:29:41.304989+00:00
126064,CHAMS,2020-07-15,0.23,,,0.23,1943050,2026-04-08T03:29:43.708156+00:00
126167,CHAMS,2020-07-16,0.22,,,0.22,4790700,2026-04-08T03:29:45.979708+00:00
126270,CHAMS,2020-07-17,0.23,,,0.23,242082,2026-04-08T03:29:48.357101+00:00
126373,CHAMS,2020-07-20,0.22,,,0.22,1823918,2026-04-08T03:29:52.723074+00:00
126476,CHAMS,2020-07-21,0.22,,,0.22,189162,2026-04-08T03:29:55.035926+00:00
126579,CHAMS,2020-07-23,0.22,,,0.22,401000,2026-04-08T03:29:58.238067+00:00
126682,CHAMS,2020-07-24,0.22,,,0.22,520899,2026-04-08T03:30:00.541513+00:00
126785,CHAMS,2020-07-27,0.22,,,0.22,213841,2026-04-08T03:30:04.748878+00:00
126888,CHAMS,2020-07-28,0.22,,,0.22,469473,2026-04-08T03:30:07.286947+00:00
126991,CHAMS,2020-07-29,0.22,,,0.22,1099256,2026-04-08T03:30:09.725653+00:00
127094,CHAMS,2020-08-03,0.22,,,0.22,135470,2026-04-08T03:30:16.711714+00:00
127197,CHAMS,2020-08-04,0.22,,,0.22,99756,2026-04-08T03:30:19.026905+00:00
127300,CHAMS,2020-08-05,0.22,,,0.22,396894,2026-04-08T03:30:21.509999+00:00
127403,CHAMS,2020-08-06,0.22,,,0.22,313430,2026-04-08T03:30:23.823287+00:00
127506,CHAMS,2020-08-07,0.22,,,0.22,1256347,2026-04-08T03:30:26.221973+00:00
127609,CHAMS,2020-08-10,0.21,,,0.21,5102435,2026-04-08T03:30:31.080726+00:00
127712,CHAMS,2020-08-11,0.21,,,0.21,999033,2026-04-08T03:30:33.557314+00:00
127815,CHAMS,2020-08-12,0.21,,,0.21,1091304,2026-04-08T03:30:35.989363+00:00
127918,CHAMS,2020-08-13,0.21,,,0.21,22936631,2026-04-08T03:30:38.402702+00:00
128021,CHAMS,2020-08-14,0.21,,,0.21,1042453,2026-04-08T03:30:40.738296+00:00
128124,CHAMS,2020-08-17,0.21,,,0.21,4750000,2026-04-08T03:30:45.179846+00:00
128227,CHAMS,2020-08-18,0.21,,,0.21,7049540,2026-04-08T03:30:47.750292+00:00
128330,CHAMS,2020-08-19,0.2,,,0.2,2737651,2026-04-08T03:30:50.260611+00:00
128433,CHAMS,2020-08-20,0.2,,,0.2,926557,2026-04-08T03:30:52.728097+00:00
128536,CHAMS,2020-08-21,0.21,,,0.21,8734022,2026-04-08T03:30:55.129893+00:00
128639,CHAMS,2020-08-24,0.21,,,0.21,6518469,2026-04-08T03:30:59.50528+00:00
128742,CHAMS,2020-08-25,0.21,,,0.21,6926534,2026-04-08T03:31:01.97181+00:00
128845,CHAMS,2020-08-26,0.22,,,0.22,2709427,2026-04-08T03:31:04.340397+00:00
128948,CHAMS,2020-08-27,0.21,,,0.21,731875,2026-04-08T03:31:06.825032+00:00
129051,CHAMS,2020-08-28,0.21,,,0.21,1081800,2026-04-08T03:31:10.050623+00:00
129154,CHAMS,2020-08-31,0.21,,,0.21,3225925,2026-04-08T03:31:14.574397+00:00
129257,CHAMS,2020-09-01,0.21,,,0.21,209769,2026-04-08T03:31:16.859057+00:00
129360,CHAMS,2020-09-02,0.21,,,0.21,1632650,2026-04-08T03:31:19.223829+00:00
129463,CHAMS,2020-09-03,0.21,,,0.21,1759500,2026-04-08T03:31:21.580357+00:00
129566,CHAMS,2020-09-04,0.22,,,0.22,1017250,2026-04-08T03:31:24.095323+00:00
129669,CHAMS,2020-09-07,0.21,,,0.21,2081153,2026-04-08T03:31:29.028072+00:00
129772,CHAMS,2020-09-08,0.21,,,0.21,1130350,2026-04-08T03:31:31.696694+00:00
129875,CHAMS,2020-09-09,0.21,,,0.21,501252,2026-04-08T03:31:34.222499+00:00
129978,CHAMS,2020-09-10,0.22,,,0.22,5307546,2026-04-08T03:31:36.666154+00:00
130081,CHAMS,2020-09-11,0.22,,,0.22,2299965,2026-04-08T03:31:39.224755+00:00
130184,CHAMS,2020-09-14,0.22,,,0.22,7467009,2026-04-08T03:31:43.669625+00:00
130287,CHAMS,2020-09-15,0.22,,,0.22,2974098,2026-04-08T03:31:46.096824+00:00
130390,CHAMS,2020-09-16,0.21,,,0.21,4362642,2026-04-08T03:31:48.62473+00:00
130493,CHAMS,2020-09-17,0.21,,,0.21,1061400,2026-04-08T03:31:51.120615+00:00
130596,CHAMS,2020-09-18,0.21,,,0.21,3600000,2026-04-08T03:31:53.500222+00:00
130699,CHAMS,2020-09-21,0.21,,,0.21,26209414,2026-04-08T03:31:57.915353+00:00
130802,CHAMS,2020-09-22,0.2,,,0.2,2024098,2026-04-08T03:32:00.361616+00:00
130905,CHAMS,2020-09-23,0.2,,,0.2,257704,2026-04-08T03:32:02.667296+00:00
131008,CHAMS,2020-09-24,0.2,,,0.2,15888,2026-04-08T03:32:05.077899+00:00
131111,CHAMS,2020-09-25,0.2,,,0.2,1011600,2026-04-08T03:32:07.472813+00:00
131214,CHAMS,2020-09-28,0.2,,,0.2,1281325,2026-04-08T03:32:12.542607+00:00
131317,CHAMS,2020-09-29,0.2,,,0.2,1620970,2026-04-08T03:32:14.948969+00:00
131420,CHAMS,2020-09-30,0.2,,,0.2,43390,2026-04-08T03:32:17.368144+00:00
131523,CHAMS,2020-10-02,0.21,,,0.21,6907575,2026-04-08T03:32:21.009688+00:00
131626,CHAMS,2020-10-05,0.2,,,0.2,1968695,2026-04-08T03:32:25.669514+00:00
131729,CHAMS,2020-10-06,0.21,,,0.21,11013577,2026-04-08T03:32:28.151061+00:00
131832,CHAMS,2020-10-07,0.2,,,0.2,1489226,2026-04-08T03:32:30.62441+00:00
131935,CHAMS,2020-10-08,0.2,,,0.2,957909,2026-04-08T03:32:32.995223+00:00
132038,CHAMS,2020-10-09,0.2,,,0.2,1247648,2026-04-08T03:32:35.453646+00:00
132141,CHAMS,2020-10-12,0.2,,,0.2,40066,2026-04-08T03:32:39.836845+00:00
132244,CHAMS,2020-10-13,0.21,,,0.21,3584990,2026-04-08T03:32:42.883097+00:00
132347,CHAMS,2020-10-14,0.21,,,0.21,6008,2026-04-08T03:32:45.313484+00:00
132450,CHAMS,2020-10-15,0.21,,,0.21,77100,2026-04-08T03:32:47.672181+00:00
132553,CHAMS,2020-10-16,0.2,,,0.2,293173,2026-04-08T03:32:50.112843+00:00
132656,CHAMS,2020-10-19,0.21,,,0.21,2051442,2026-04-08T03:32:54.594352+00:00
132759,CHAMS,2020-10-20,0.21,,,0.21,38999,2026-04-08T03:32:57.288568+00:00
132862,CHAMS,2020-10-21,0.21,,,0.21,0,2026-04-08T03:32:59.679627+00:00
132965,CHAMS,2020-10-22,0.21,,,0.21,10681,2026-04-08T03:33:02.194874+00:00
133068,CHAMS,2020-10-23,0.21,,,0.21,56818,2026-04-08T03:33:04.540232+00:00
133171,CHAMS,2020-10-26,0.2,,,0.2,1899319,2026-04-08T03:33:08.964122+00:00
133274,CHAMS,2020-10-27,0.2,,,0.2,216395,2026-04-08T03:33:12.04516+00:00
133377,CHAMS,2020-10-28,0.21,,,0.21,2742763,2026-04-08T03:33:14.504918+00:00
133480,CHAMS,2020-10-30,0.21,,,0.21,1572327,2026-04-08T03:33:18.13889+00:00
133583,CHAMS,2020-11-02,0.22,,,0.22,520869,2026-04-08T03:33:22.589733+00:00
133686,CHAMS,2020-11-03,0.22,,,0.22,50041,2026-04-08T03:33:24.936567+00:00
133789,CHAMS,2020-11-04,0.22,,,0.22,5066252,2026-04-08T03:33:27.402012+00:00
133892,CHAMS,2020-11-05,0.23,,,0.23,3945820,2026-04-08T03:33:29.791139+00:00
133995,CHAMS,2020-11-06,0.22,,,0.22,2337986,2026-04-08T03:33:32.190465+00:00
134098,CHAMS,2020-11-09,0.23,,,0.23,5179753,2026-04-08T03:33:36.944942+00:00
134202,CHAMS,2020-11-10,0.22,,,0.22,5797337,2026-04-08T03:33:39.328014+00:00
134306,CHAMS,2020-11-11,0.24,,,0.24,9920594,2026-04-08T03:33:41.646704+00:00
134410,CHAMS,2020-11-12,0.26,,,0.26,6801986,2026-04-08T03:33:44.075825+00:00
134514,CHAMS,2020-11-13,0.28,,,0.28,17144841,2026-04-08T03:33:46.660663+00:00
134618,CHAMS,2020-11-16,0.26,,,0.26,7035268,2026-04-08T03:33:51.206328+00:00
134722,CHAMS,2020-11-17,0.24,,,0.24,2490146,2026-04-08T03:33:53.594986+00:00
134826,CHAMS,2020-11-18,0.26,,,0.26,6421281,2026-04-08T03:33:56.053488+00:00
134930,CHAMS,2020-11-19,0.25,,,0.25,3806546,2026-04-08T03:33:58.535588+00:00
135034,CHAMS,2020-11-20,0.26,,,0.26,7115880,2026-04-08T03:34:01.033528+00:00
135138,CHAMS,2020-11-23,0.24,,,0.24,1251607,2026-04-08T03:34:05.446005+00:00
135242,CHAMS,2020-11-24,0.22,,,0.22,3045957,2026-04-08T03:34:07.827748+00:00
135346,CHAMS,2020-11-25,0.22,,,0.22,357470,2026-04-08T03:34:10.273596+00:00
135450,CHAMS,2020-11-26,0.24,,,0.24,3150805,2026-04-08T03:34:12.878043+00:00
135554,CHAMS,2020-11-27,0.25,,,0.25,4519663,2026-04-08T03:34:15.660625+00:00
135658,CHAMS,2020-11-30,0.23,,,0.23,4745250,2026-04-08T03:34:20.595268+00:00
135762,CHAMS,2020-12-01,0.25,,,0.25,4909946,2026-04-08T03:34:22.915781+00:00
135865,CHAMS,2020-12-02,0.25,,,0.25,444400,2026-04-08T03:34:25.200893+00:00
135967,CHAMS,2020-12-03,0.23,,,0.23,3667523,2026-04-08T03:34:27.500503+00:00
136069,CHAMS,2020-12-04,0.22,,,0.22,2567556,2026-04-08T03:34:29.754666+00:00
136173,CHAMS,2020-12-07,0.22,,,0.22,1799865,2026-04-08T03:34:34.092506+00:00
136277,CHAMS,2020-12-08,0.21,,,0.21,1677665,2026-04-08T03:34:36.413898+00:00
136381,CHAMS,2020-12-09,0.22,,,0.22,156081,2026-04-08T03:34:38.741358+00:00
136485,CHAMS,2020-12-10,0.22,,,0.22,307431,2026-04-08T03:34:41.210459+00:00
136589,CHAMS,2020-12-11,0.21,,,0.21,4682277,2026-04-08T03:34:43.516271+00:00
136693,CHAMS,2020-12-14,0.21,,,0.21,1793139,2026-04-08T03:34:47.752987+00:00
136798,CHAMS,2020-12-15,0.22,,,0.22,1323263,2026-04-08T03:34:50.014046+00:00
136903,CHAMS,2020-12-16,0.21,,,0.21,8514981,2026-04-08T03:34:52.260784+00:00
137008,CHAMS,2020-12-17,0.22,,,0.22,643372,2026-04-08T03:34:54.700208+00:00
137113,CHAMS,2020-12-18,0.23,,,0.23,935744,2026-04-08T03:34:57.404383+00:00
137218,CHAMS,2020-12-21,0.21,,,0.21,4521142,2026-04-08T03:35:01.74156+00:00
137323,CHAMS,2020-12-22,0.21,,,0.21,5496825,2026-04-08T03:35:04.087051+00:00
137428,CHAMS,2020-12-23,0.22,,,0.22,4108132,2026-04-08T03:35:06.465463+00:00
137533,CHAMS,2020-12-24,0.23,,,0.23,609318,2026-04-08T03:35:08.859517+00:00
137638,CHAMS,2020-12-29,0.21,,,0.21,1308635,2026-04-08T03:35:15.710612+00:00
137743,CHAMS,2020-12-30,0.23,,,0.23,2336331,2026-04-08T03:35:18.332825+00:00
137848,CHAMS,2020-12-31,0.23,,,0.23,3335472,2026-04-08T03:35:20.721524+00:00
137953,CHAMS,2021-01-04,0.23,,,0.23,1075937,2026-04-08T03:35:26.376094+00:00
138058,CHAMS,2021-01-05,0.23,,,0.23,1166612,2026-04-08T03:35:29.033034+00:00
138163,CHAMS,2021-01-06,0.24,,,0.24,1315192,2026-04-08T03:35:31.424152+00:00
138268,CHAMS,2021-01-07,0.23,,,0.23,1607429,2026-04-08T03:35:34.042283+00:00
138373,CHAMS,2021-01-08,0.24,,,0.24,5731795,2026-04-08T03:35:36.489888+00:00
138478,CHAMS,2021-01-11,0.23,,,0.23,674691,2026-04-08T03:35:41.134484+00:00
138583,CHAMS,2021-01-12,0.23,,,0.23,245883,2026-04-08T03:35:43.444525+00:00
138688,CHAMS,2021-01-13,0.24,,,0.24,3524466,2026-04-08T03:35:45.752573+00:00
138793,CHAMS,2021-01-14,0.26,,,0.26,13816823,2026-04-08T03:35:48.266873+00:00
138898,CHAMS,2021-01-15,0.28,,,0.28,2819202,2026-04-08T03:35:50.536305+00:00
139003,CHAMS,2021-01-18,0.3,,,0.3,15579622,2026-04-08T03:35:55.012207+00:00
139108,CHAMS,2021-01-19,0.28,,,0.28,13610719,2026-04-08T03:35:57.346792+00:00
139213,CHAMS,2021-01-20,0.3,,,0.3,8264536,2026-04-08T03:35:59.785195+00:00
139318,CHAMS,2021-01-21,0.27,,,0.27,7710975,2026-04-08T03:36:02.057398+00:00
139423,CHAMS,2021-01-22,0.25,,,0.25,1139099,2026-04-08T03:36:04.490813+00:00
139528,CHAMS,2021-01-25,0.25,,,0.25,2506238,2026-04-08T03:36:09.142175+00:00
139633,CHAMS,2021-01-26,0.26,,,0.26,2673407,2026-04-08T03:36:11.477526+00:00
139738,CHAMS,2021-01-27,0.25,,,0.25,3617644,2026-04-08T03:36:13.916788+00:00
139843,CHAMS,2021-01-28,0.24,,,0.24,1358000,2026-04-08T03:36:16.269205+00:00
139948,CHAMS,2021-01-29,0.26,,,0.26,1570372,2026-04-08T03:36:18.603253+00:00
140053,CHAMS,2021-02-01,0.25,,,0.25,3514581,2026-04-08T03:36:23.094546+00:00
140158,CHAMS,2021-02-02,0.24,,,0.24,4234155,2026-04-08T03:36:25.523135+00:00
140263,CHAMS,2021-02-03,0.25,,,0.25,4389961,2026-04-08T03:36:27.835035+00:00
140368,CHAMS,2021-02-04,0.24,,,0.24,1591265,2026-04-08T03:36:30.225924+00:00
140473,CHAMS,2021-02-05,0.24,,,0.24,651319,2026-04-08T03:36:32.587221+00:00
140578,CHAMS,2021-02-08,0.25,,,0.25,2335738,2026-04-08T03:36:37.052653+00:00
140683,CHAMS,2021-02-09,0.25,,,0.25,100350,2026-04-08T03:36:39.468141+00:00
140788,CHAMS,2021-02-10,0.25,,,0.25,239416,2026-04-08T03:36:41.836322+00:00
140893,CHAMS,2021-02-11,0.23,,,0.23,1726814,2026-04-08T03:36:44.255641+00:00
140998,CHAMS,2021-02-12,0.23,,,0.23,1281597,2026-04-08T03:36:46.553737+00:00
141103,CHAMS,2021-02-15,0.25,,,0.25,663994,2026-04-08T03:36:50.983127+00:00
141208,CHAMS,2021-02-16,0.25,,,0.25,1173252,2026-04-08T03:36:53.929967+00:00
141313,CHAMS,2021-02-17,0.24,,,0.24,261413,2026-04-08T03:36:56.762484+00:00
141418,CHAMS,2021-02-18,0.22,,,0.22,2788337,2026-04-08T03:36:59.321693+00:00
141523,CHAMS,2021-02-19,0.22,,,0.22,2364586,2026-04-08T03:37:01.817881+00:00
141628,CHAMS,2021-02-22,0.22,,,0.22,6970284,2026-04-08T03:37:06.27808+00:00
141733,CHAMS,2021-02-23,0.23,,,0.23,1045900,2026-04-08T03:37:08.890934+00:00
141838,CHAMS,2021-02-24,0.22,,,0.22,2762713,2026-04-08T03:37:11.490979+00:00
141943,CHAMS,2021-02-25,0.24,,,0.24,2741468,2026-04-08T03:37:14.190372+00:00
142048,CHAMS,2021-02-26,0.24,,,0.24,2145907,2026-04-08T03:37:16.661186+00:00
142153,CHAMS,2021-03-01,0.24,,,0.24,171169,2026-04-08T03:37:22.522205+00:00
142258,CHAMS,2021-03-02,0.23,,,0.23,2745199,2026-04-08T03:37:25.400973+00:00
142363,CHAMS,2021-03-03,0.22,,,0.22,1901571,2026-04-08T03:37:28.29584+00:00
142468,CHAMS,2021-03-04,0.22,,,0.22,736757,2026-04-08T03:37:30.865183+00:00
142573,CHAMS,2021-03-05,0.22,,,0.22,1600350,2026-04-08T03:37:35.032922+00:00
142678,CHAMS,2021-03-08,0.23,,,0.23,2715772,2026-04-08T03:37:40.957406+00:00
142783,CHAMS,2021-03-09,0.22,,,0.22,2758178,2026-04-08T03:37:43.478318+00:00
142888,CHAMS,2021-03-10,0.22,,,0.22,280835,2026-04-08T03:37:46.075681+00:00
142993,CHAMS,2021-03-11,0.22,,,0.22,2473400,2026-04-08T03:37:49.142973+00:00
143098,CHAMS,2021-03-12,0.21,,,0.21,7560465,2026-04-08T03:37:51.827027+00:00
143203,CHAMS,2021-03-15,0.22,,,0.22,3197570,2026-04-08T03:37:56.632273+00:00
143308,CHAMS,2021-03-16,0.22,,,0.22,2222274,2026-04-08T03:37:59.157483+00:00
143413,CHAMS,2021-03-17,0.22,,,0.22,200,2026-04-08T03:38:01.497417+00:00
143518,CHAMS,2021-03-18,0.22,,,0.22,737700,2026-04-08T03:38:03.831621+00:00
143623,CHAMS,2021-03-19,0.22,,,0.22,1055085,2026-04-08T03:38:06.31825+00:00
143728,CHAMS,2021-03-22,0.23,,,0.23,2721902,2026-04-08T03:38:11.081229+00:00
143833,CHAMS,2021-03-23,0.21,,,0.21,1300835,2026-04-08T03:38:13.396015+00:00
143938,CHAMS,2021-03-24,0.21,,,0.21,732284,2026-04-08T03:38:15.81449+00:00
144043,CHAMS,2021-03-25,0.21,,,0.21,11580,2026-04-08T03:38:18.283134+00:00
144148,CHAMS,2021-03-26,0.21,,,0.21,1086673,2026-04-08T03:38:20.746814+00:00
144253,CHAMS,2021-03-29,0.21,,,0.21,203925,2026-04-08T03:38:25.159246+00:00
144358,CHAMS,2021-03-30,0.21,,,0.21,968621,2026-04-08T03:38:27.475529+00:00
144463,CHAMS,2021-03-31,0.21,,,0.21,6586160,2026-04-08T03:38:29.710175+00:00
144568,CHAMS,2021-04-01,0.21,,,0.21,4554970,2026-04-08T03:38:32.086622+00:00
144673,CHAMS,2021-04-06,0.21,,,0.21,228029,2026-04-08T03:38:38.336109+00:00
144778,CHAMS,2021-04-07,0.21,,,0.21,2117066,2026-04-08T03:38:40.597593+00:00
144883,CHAMS,2021-04-08,0.21,,,0.21,1864578,2026-04-08T03:38:43.050318+00:00
144988,CHAMS,2021-04-09,0.21,,,0.21,3868457,2026-04-08T03:38:45.381101+00:00
145093,CHAMS,2021-04-12,0.2,,,0.2,29532349,2026-04-08T03:38:49.634064+00:00
145198,CHAMS,2021-04-14,0.22,,,0.22,3278263,2026-04-08T03:38:53.291299+00:00
145303,CHAMS,2021-04-15,0.2,,,0.2,12802042,2026-04-08T03:38:55.647647+00:00
145408,CHAMS,2021-04-16,0.22,,,0.22,6018350,2026-04-08T03:38:58.039758+00:00
145513,CHAMS,2021-04-19,0.22,,,0.22,1291460,2026-04-08T03:39:02.639407+00:00
145618,CHAMS,2021-04-20,0.21,,,0.21,2887236,2026-04-08T03:39:05.009889+00:00
145723,CHAMS,2021-04-21,0.21,,,0.21,354753,2026-04-08T03:39:07.371999+00:00
145828,CHAMS,2021-04-22,0.21,,,0.21,1479850,2026-04-08T03:39:09.720023+00:00
145933,CHAMS,2021-04-26,0.22,,,0.22,319359,2026-04-08T03:39:15.36746+00:00
146038,CHAMS,2021-04-27,0.21,,,0.21,8710330,2026-04-08T03:39:17.695414+00:00
146143,CHAMS,2021-04-28,0.21,,,0.21,755479,2026-04-08T03:39:20.620007+00:00
146248,CHAMS,2021-04-29,0.21,,,0.21,2990102,2026-04-08T03:39:22.905871+00:00
146353,CHAMS,2021-04-30,0.21,,,0.21,500548,2026-04-08T03:39:25.430976+00:00
146458,CHAMS,2021-05-04,0.22,,,0.22,1194223,2026-04-08T03:39:31.322792+00:00
146563,CHAMS,2021-05-05,0.22,,,0.22,105168,2026-04-08T03:39:33.759587+00:00
146668,CHAMS,2021-05-06,0.22,,,0.22,105000,2026-04-08T03:39:36.246061+00:00
146773,CHAMS,2021-05-07,0.22,,,0.22,121723,2026-04-08T03:39:38.47254+00:00
146878,CHAMS,2021-05-10,0.21,,,0.21,392850,2026-04-08T03:39:42.886326+00:00
146983,CHAMS,2021-05-11,0.21,,,0.21,2336205,2026-04-08T03:39:45.288668+00:00
147088,CHAMS,2021-05-14,0.2,,,0.2,243177,2026-04-08T03:39:49.859206+00:00
147193,CHAMS,2021-05-17,0.21,,,0.21,5657850,2026-04-08T03:39:54.343913+00:00
147298,CHAMS,2021-05-18,0.21,,,0.21,1460638,2026-04-08T03:39:57.092526+00:00
147403,CHAMS,2021-05-19,0.21,,,0.21,295726,2026-04-08T03:39:59.433321+00:00
147508,CHAMS,2021-05-20,0.22,,,0.22,1726165,2026-04-08T03:40:01.906518+00:00
147613,CHAMS,2021-05-21,0.2,,,0.2,36898550,2026-04-08T03:40:04.221824+00:00
147718,CHAMS,2021-05-24,0.21,,,0.21,7920142,2026-04-08T03:40:08.535937+00:00
147823,CHAMS,2021-05-25,0.2,,,0.2,16098078,2026-04-08T03:40:10.790359+00:00
147928,CHAMS,2021-05-26,0.2,,,0.2,2579400,2026-04-08T03:40:13.088105+00:00
148033,CHAMS,2021-05-27,0.2,,,0.2,5847874,2026-04-08T03:40:15.774564+00:00
148138,CHAMS,2021-05-28,0.2,,,0.2,476358,2026-04-08T03:40:18.222614+00:00
148243,CHAMS,2021-05-31,0.21,,,0.21,5025096,2026-04-08T03:40:23.651574+00:00
148348,CHAMS,2021-06-01,0.2,,,0.2,4218872,2026-04-08T03:40:26.050454+00:00
148453,CHAMS,2021-06-02,0.2,,,0.2,2053114,2026-04-08T03:40:28.576306+00:00
148558,CHAMS,2021-06-03,0.2,,,0.2,320991,2026-04-08T03:40:31.001459+00:00
148663,CHAMS,2021-06-04,0.2,,,0.2,567231,2026-04-08T03:40:33.442796+00:00
148768,CHAMS,2021-06-07,0.2,,,0.2,16231762,2026-04-08T03:40:37.732645+00:00
148873,CHAMS,2021-06-08,0.2,,,0.2,2648300,2026-04-08T03:40:40.102423+00:00
148978,CHAMS,2021-06-09,0.2,,,0.2,213000,2026-04-08T03:40:42.486352+00:00
149083,CHAMS,2021-06-10,0.21,,,0.21,8320326,2026-04-08T03:40:45.029393+00:00
149188,CHAMS,2021-06-11,0.21,,,0.21,2843566,2026-04-08T03:40:47.465669+00:00
149293,CHAMS,2021-06-15,0.21,,,0.21,1334409,2026-04-08T03:40:53.415974+00:00
149398,CHAMS,2021-06-16,0.2,,,0.2,5604890,2026-04-08T03:40:55.754681+00:00
149504,CHAMS,2021-06-17,0.2,,,0.2,2000,2026-04-08T03:40:58.172345+00:00
149610,CHAMS,2021-06-18,0.2,,,0.2,6506261,2026-04-08T03:41:00.479054+00:00
149716,CHAMS,2021-06-21,0.2,,,0.2,13478252,2026-04-08T03:41:05.049703+00:00
149823,CHAMS,2021-06-22,0.21,,,0.21,659300,2026-04-08T03:41:07.444448+00:00
149930,CHAMS,2021-06-23,0.21,,,0.21,1134170,2026-04-08T03:41:09.819069+00:00
150037,CHAMS,2021-06-24,0.2,,,0.2,1973528,2026-04-08T03:41:12.2583+00:00
150144,CHAMS,2021-06-25,0.2,,,0.2,13184203,2026-04-08T03:41:14.6351+00:00
150251,CHAMS,2021-06-28,0.21,,,0.21,6486617,2026-04-08T03:41:19.428749+00:00
150358,CHAMS,2021-06-29,0.21,,,0.21,186295,2026-04-08T03:41:22.147646+00:00
150465,CHAMS,2021-06-30,0.2,,,0.2,337220,2026-04-08T03:41:24.723581+00:00
150572,CHAMS,2021-07-01,0.2,,,0.2,4388652,2026-04-08T03:41:27.253573+00:00
150679,CHAMS,2021-07-02,0.21,,,0.21,3952000,2026-04-08T03:41:29.882533+00:00
150786,CHAMS,2021-07-05,0.2,,,0.2,2026020,2026-04-08T03:41:34.454391+00:00
150893,CHAMS,2021-07-06,0.2,,,0.2,7170000,2026-04-08T03:41:36.982623+00:00
151000,CHAMS,2021-07-07,0.2,,,0.2,6700000,2026-04-08T03:41:39.307643+00:00
151107,CHAMS,2021-07-08,0.2,,,0.2,15114948,2026-04-08T03:41:41.672436+00:00
151215,CHAMS,2021-07-09,0.2,,,0.2,12002689,2026-04-08T03:41:44.186247+00:00
151323,CHAMS,2021-07-12,0.2,,,0.2,1052961,2026-04-08T03:41:48.615121+00:00
151431,CHAMS,2021-07-13,0.2,,,0.2,3734500,2026-04-08T03:41:50.993586+00:00
151539,CHAMS,2021-07-14,0.2,,,0.2,7151960,2026-04-08T03:41:53.268+00:00
151647,CHAMS,2021-07-15,0.2,,,0.2,903588,2026-04-08T03:41:55.50175+00:00
151755,CHAMS,2021-07-16,0.2,,,0.2,9046438,2026-04-08T03:41:57.978751+00:00
151863,CHAMS,2021-07-19,0.2,,,0.2,6977858,2026-04-08T03:42:02.439681+00:00
151971,CHAMS,2021-07-22,0.2,,,0.2,1732994,2026-04-08T03:42:06.938387+00:00
152079,CHAMS,2021-07-23,0.21,,,0.21,1552446,2026-04-08T03:42:09.224536+00:00
152187,CHAMS,2021-07-26,0.21,,,0.21,1028435,2026-04-08T03:42:13.888963+00:00
152295,CHAMS,2021-07-27,0.2,,,0.2,1468400,2026-04-08T03:42:16.300026+00:00
152403,CHAMS,2021-07-28,0.2,,,0.2,919301,2026-04-08T03:42:18.733972+00:00
152511,CHAMS,2021-07-29,0.2,,,0.2,3047150,2026-04-08T03:42:21.196071+00:00
152619,CHAMS,2021-07-30,0.2,,,0.2,2732111,2026-04-08T03:42:23.780537+00:00
152727,CHAMS,2021-08-02,0.2,,,0.2,4117400,2026-04-08T03:42:28.457705+00:00
152835,CHAMS,2021-08-03,0.2,,,0.2,1987633,2026-04-08T03:42:31.094462+00:00
152943,CHAMS,2021-08-04,0.2,,,0.2,319600,2026-04-08T03:42:33.531563+00:00
153051,CHAMS,2021-08-05,0.2,,,0.2,1394000,2026-04-08T03:42:35.917081+00:00
153159,CHAMS,2021-08-06,0.2,,,0.2,509755,2026-04-08T03:42:38.23616+00:00
153267,CHAMS,2021-08-09,0.2,,,0.2,1677893,2026-04-08T03:42:42.878342+00:00
153375,CHAMS,2021-08-10,0.2,,,0.2,1420625,2026-04-08T03:42:45.264053+00:00
153483,CHAMS,2021-08-12,0.2,,,0.2,912142,2026-04-08T03:42:48.762656+00:00
153591,CHAMS,2021-08-13,0.2,,,0.2,493760,2026-04-08T03:42:51.120096+00:00
153699,CHAMS,2021-08-16,0.21,,,0.21,2184020,2026-04-08T03:42:55.556429+00:00
153807,CHAMS,2021-08-17,0.2,,,0.2,962881,2026-04-08T03:42:57.870214+00:00
153915,CHAMS,2021-08-18,0.2,,,0.2,14067936,2026-04-08T03:43:00.318272+00:00
154023,CHAMS,2021-08-19,0.21,,,0.21,351869,2026-04-08T03:43:02.743698+00:00
154131,CHAMS,2021-08-20,0.21,,,0.21,843711,2026-04-08T03:43:05.111187+00:00
154239,CHAMS,2021-08-23,0.22,,,0.22,47952868,2026-04-08T03:43:09.725908+00:00
154347,CHAMS,2021-08-24,0.22,,,0.22,3958509,2026-04-08T03:43:12.031989+00:00
154455,CHAMS,2021-08-25,0.21,,,0.21,3357380,2026-04-08T03:43:14.375004+00:00
154563,CHAMS,2021-08-26,0.22,,,0.22,557146,2026-04-08T03:43:16.860503+00:00
154671,CHAMS,2021-08-27,0.22,,,0.22,4611263,2026-04-08T03:43:19.247601+00:00
154779,CHAMS,2021-08-30,0.22,,,0.22,9216029,2026-04-08T03:43:23.756871+00:00
154887,CHAMS,2021-08-31,0.21,,,0.21,57547337,2026-04-08T03:43:26.203018+00:00
154995,CHAMS,2021-09-01,0.21,,,0.21,2817951,2026-04-08T03:43:28.430514+00:00
155103,CHAMS,2021-09-02,0.22,,,0.22,1378454,2026-04-08T03:43:30.63423+00:00
155211,CHAMS,2021-09-03,0.21,,,0.21,4897047,2026-04-08T03:43:33.173741+00:00
155319,CHAMS,2021-09-06,0.22,,,0.22,2079636,2026-04-08T03:43:37.566628+00:00
155427,CHAMS,2021-09-07,0.22,,,0.22,3054279,2026-04-08T03:43:39.870652+00:00
155535,CHAMS,2021-09-08,0.21,,,0.21,5456381,2026-04-08T03:43:42.125577+00:00
155643,CHAMS,2021-09-09,0.22,,,0.22,141215,2026-04-08T03:43:44.739177+00:00
155751,CHAMS,2021-09-10,0.22,,,0.22,568020,2026-04-08T03:43:47.339386+00:00
155859,CHAMS,2021-09-13,0.22,,,0.22,1483596,2026-04-08T03:43:51.822078+00:00
155967,CHAMS,2021-09-14,0.21,,,0.21,315780,2026-04-08T03:43:54.260371+00:00
156075,CHAMS,2021-09-15,0.2,,,0.2,3841159,2026-04-08T03:43:56.896801+00:00
156183,CHAMS,2021-09-16,0.21,,,0.21,1491621,2026-04-08T03:43:59.227477+00:00
156291,CHAMS,2021-09-20,0.23,,,0.23,2842500,2026-04-08T03:44:04.993721+00:00
156399,CHAMS,2021-09-21,0.22,,,0.22,1657288,2026-04-08T03:44:07.727357+00:00
156507,CHAMS,2021-09-22,0.21,,,0.21,1083834,2026-04-08T03:44:10.239254+00:00
156615,CHAMS,2021-09-23,0.22,,,0.22,2425000,2026-04-08T03:44:12.661605+00:00
156723,CHAMS,2021-09-24,0.23,,,0.23,8963668,2026-04-08T03:44:15.34542+00:00
156831,CHAMS,2021-09-27,0.22,,,0.22,594080,2026-04-08T03:44:19.850483+00:00
156939,CHAMS,2021-09-28,0.22,,,0.22,1152373,2026-04-08T03:44:22.678655+00:00
157047,CHAMS,2021-09-29,0.23,,,0.23,3305560,2026-04-08T03:44:25.133662+00:00
157155,CHAMS,2021-09-30,0.21,,,0.21,5729453,2026-04-08T03:44:27.471646+00:00
157263,CHAMS,2021-10-04,0.21,,,0.21,6587868,2026-04-08T03:44:32.876267+00:00
157371,CHAMS,2021-10-05,0.22,,,0.22,3136916,2026-04-08T03:44:35.445743+00:00
157479,CHAMS,2021-10-06,0.21,,,0.21,4441849,2026-04-08T03:44:37.876116+00:00
157587,CHAMS,2021-10-07,0.22,,,0.22,2582900,2026-04-08T03:44:40.206594+00:00
157695,CHAMS,2021-10-08,0.23,,,0.23,2342927,2026-04-08T03:44:42.63936+00:00
157803,CHAMS,2021-10-11,0.24,,,0.24,17697182,2026-04-08T03:44:47.21782+00:00
157911,CHAMS,2021-10-12,0.24,,,0.24,10775078,2026-04-08T03:44:49.55017+00:00
158019,CHAMS,2021-10-13,0.23,,,0.23,1505253,2026-04-08T03:44:52.157785+00:00
158127,CHAMS,2021-10-14,0.24,,,0.24,415626,2026-04-08T03:44:54.53471+00:00
158236,CHAMS,2021-10-15,0.22,,,0.22,502068,2026-04-08T03:44:56.91657+00:00
158345,CHAMS,2021-10-18,0.23,,,0.23,902325,2026-04-08T03:45:01.595863+00:00
158454,CHAMS,2021-10-20,0.22,,,0.22,1366729,2026-04-08T03:45:05.471144+00:00
158563,CHAMS,2021-10-21,0.23,,,0.23,361574,2026-04-08T03:45:08.008029+00:00
158670,CHAMS,2021-10-22,0.23,,,0.23,1057373,2026-04-08T03:45:10.474564+00:00
158779,CHAMS,2021-10-25,0.22,,,0.22,1437645,2026-04-08T03:45:15.28358+00:00
158888,CHAMS,2021-10-26,0.23,,,0.23,1429245,2026-04-08T03:45:17.74539+00:00
158997,CHAMS,2021-10-27,0.23,,,0.23,1603927,2026-04-08T03:45:20.303823+00:00
159106,CHAMS,2021-10-28,0.24,,,0.24,3160610,2026-04-08T03:45:22.610226+00:00
159215,CHAMS,2021-10-29,0.24,,,0.24,6295173,2026-04-08T03:45:25.013779+00:00
159324,CHAMS,2021-11-01,0.23,,,0.23,2424314,2026-04-08T03:45:29.747778+00:00
159433,CHAMS,2021-11-02,0.24,,,0.24,15455374,2026-04-08T03:45:32.292585+00:00
159542,CHAMS,2021-11-03,0.22,,,0.22,2605677,2026-04-08T03:45:34.604091+00:00
159651,CHAMS,2021-11-04,0.23,,,0.23,3689974,2026-04-08T03:45:37.086301+00:00
159760,CHAMS,2021-11-05,0.23,,,0.23,2557950,2026-04-08T03:45:39.522081+00:00
159869,CHAMS,2021-11-08,0.22,,,0.22,1450489,2026-04-08T03:45:44.061968+00:00
159978,CHAMS,2021-11-10,0.24,,,0.24,2881809,2026-04-08T03:45:47.530577+00:00
160087,CHAMS,2021-11-11,0.24,,,0.24,144200,2026-04-08T03:45:49.990111+00:00
160196,CHAMS,2021-11-12,0.24,,,0.24,58000,2026-04-08T03:45:52.531373+00:00
160305,CHAMS,2021-11-15,0.23,,,0.23,4020042,2026-04-08T03:45:57.041913+00:00
160414,CHAMS,2021-11-17,0.23,,,0.23,2747800,2026-04-08T03:46:00.536124+00:00
160523,CHAMS,2021-11-18,0.21,,,0.21,3138157,2026-04-08T03:46:03.012698+00:00
160632,CHAMS,2021-11-19,0.22,,,0.22,2790000,2026-04-08T03:46:05.423699+00:00
160741,CHAMS,2021-11-22,0.22,,,0.22,1996700,2026-04-08T03:46:10.306395+00:00
160850,CHAMS,2021-11-23,0.21,,,0.21,5321931,2026-04-08T03:46:12.888041+00:00
160959,CHAMS,2021-11-24,0.23,,,0.23,1345148,2026-04-08T03:46:15.261589+00:00
161068,CHAMS,2021-11-25,0.21,,,0.21,2620533,2026-04-08T03:46:17.544601+00:00
161177,CHAMS,2021-11-29,0.22,,,0.22,769000,2026-04-08T03:46:23.244686+00:00
161286,CHAMS,2021-11-30,0.2,,,0.2,4295335,2026-04-08T03:46:25.627389+00:00
161395,CHAMS,2021-12-01,0.21,,,0.21,199308,2026-04-08T03:46:28.190956+00:00
161504,CHAMS,2021-12-02,0.22,,,0.22,7747351,2026-04-08T03:46:30.651544+00:00
161613,CHAMS,2021-12-03,0.21,,,0.21,306754,2026-04-08T03:46:33.124129+00:00
161722,CHAMS,2021-12-06,0.2,,,0.2,2200000,2026-04-08T03:46:37.622095+00:00
161831,CHAMS,2021-12-07,0.21,,,0.21,712572,2026-04-08T03:46:39.947423+00:00
161940,CHAMS,2021-12-08,0.21,,,0.21,2522346,2026-04-08T03:46:42.482337+00:00
162049,CHAMS,2021-12-09,0.21,,,0.21,1038500,2026-04-08T03:46:44.852467+00:00
162158,CHAMS,2021-12-10,0.2,,,0.2,1359134,2026-04-08T03:46:47.321476+00:00
162268,CHAMS,2021-12-13,0.21,,,0.21,522077,2026-04-08T03:46:51.775824+00:00
162378,CHAMS,2021-12-14,0.21,,,0.21,14642,2026-04-08T03:46:54.126877+00:00
162488,CHAMS,2021-12-15,0.21,,,0.21,1083931,2026-04-08T03:46:56.822916+00:00
162598,CHAMS,2021-12-16,0.22,,,0.22,160039,2026-04-08T03:46:59.215115+00:00
162708,CHAMS,2021-12-17,0.21,,,0.21,525500,2026-04-08T03:47:01.752329+00:00
162819,CHAMS,2021-12-20,0.21,,,0.21,1066030,2026-04-08T03:47:06.293287+00:00
162930,CHAMS,2021-12-21,0.2,,,0.2,2769321,2026-04-08T03:47:08.729464+00:00
163041,CHAMS,2021-12-22,0.21,,,0.21,6142000,2026-04-08T03:47:11.106283+00:00
163152,CHAMS,2021-12-23,0.21,,,0.21,30614,2026-04-08T03:47:13.420215+00:00
163263,CHAMS,2021-12-24,0.21,,,0.21,110392,2026-04-08T03:47:15.708642+00:00
163374,CHAMS,2021-12-29,0.21,,,0.21,108859,2026-04-08T03:47:22.624079+00:00
163485,CHAMS,2021-12-30,0.21,,,0.21,5141817,2026-04-08T03:47:25.019388+00:00
163596,CHAMS,2021-12-31,0.22,,,0.22,2654781,2026-04-08T03:47:27.803632+00:00
163707,CHAMS,2022-01-04,0.2,,,0.2,29865271,2026-04-08T03:47:33.190226+00:00
163819,CHAMS,2022-01-05,0.21,,,0.21,3121434,2026-04-08T03:47:35.481449+00:00
163931,CHAMS,2022-01-06,0.21,,,0.21,4790725,2026-04-08T03:47:38.067383+00:00
164043,CHAMS,2022-01-07,0.21,,,0.21,22823311,2026-04-08T03:47:40.483305+00:00
164155,CHAMS,2022-01-10,0.21,,,0.21,3351303,2026-04-08T03:47:45.097739+00:00
164267,CHAMS,2022-01-11,0.2,,,0.2,4164415,2026-04-08T03:47:47.617941+00:00
164379,CHAMS,2022-01-12,0.2,,,0.2,2790090,2026-04-08T03:47:50.132225+00:00
164491,CHAMS,2022-01-13,0.2,,,0.2,5331827,2026-04-08T03:47:52.673244+00:00
164603,CHAMS,2022-01-14,0.2,,,0.2,15749651,2026-04-08T03:47:55.308832+00:00
164715,CHAMS,2022-01-17,0.2,,,0.2,4923550,2026-04-08T03:47:59.999655+00:00
164827,CHAMS,2022-01-18,0.2,,,0.2,1340985,2026-04-08T03:48:02.353596+00:00
164939,CHAMS,2022-01-19,0.2,,,0.2,4854480,2026-04-08T03:48:04.820784+00:00
165051,CHAMS,2022-01-20,0.2,,,0.2,8736074,2026-04-08T03:48:07.325935+00:00
165163,CHAMS,2022-01-21,0.2,,,0.2,10376400,2026-04-08T03:48:09.696329+00:00
165275,CHAMS,2022-01-24,0.2,,,0.2,40546364,2026-04-08T03:48:14.136661+00:00
165387,CHAMS,2022-01-25,0.21,,,0.21,16555538,2026-04-08T03:48:16.50614+00:00
165499,CHAMS,2022-01-26,0.21,,,0.21,22060702,2026-04-08T03:48:19.024911+00:00
165611,CHAMS,2022-01-27,0.21,,,0.21,3951238,2026-04-08T03:48:21.585909+00:00
165723,CHAMS,2022-01-28,0.21,,,0.21,9048819,2026-04-08T03:48:23.969021+00:00
165835,CHAMS,2022-01-31,0.21,,,0.21,1548970,2026-04-08T03:48:28.465348+00:00
165947,CHAMS,2022-02-01,0.21,,,0.21,16182212,2026-04-08T03:48:30.807911+00:00
166059,CHAMS,2022-02-02,0.2,,,0.2,7038869,2026-04-08T03:48:33.305516+00:00
166171,CHAMS,2022-02-03,0.21,,,0.21,7191922,2026-04-08T03:48:35.918914+00:00
166283,CHAMS,2022-02-04,0.2,,,0.2,15236118,2026-04-08T03:48:38.317721+00:00
166395,CHAMS,2022-02-07,0.21,,,0.21,2505487,2026-04-08T03:48:42.904693+00:00
166507,CHAMS,2022-02-08,0.21,,,0.21,55820,2026-04-08T03:48:45.378139+00:00
166619,CHAMS,2022-02-09,0.21,,,0.21,3424980,2026-04-08T03:48:48.035665+00:00
166731,CHAMS,2022-02-10,0.21,,,0.21,16738213,2026-04-08T03:48:50.398564+00:00
166843,CHAMS,2022-02-11,0.22,,,0.22,22178628,2026-04-08T03:48:52.774016+00:00
166955,CHAMS,2022-02-14,0.22,,,0.22,2068786,2026-04-08T03:48:57.293433+00:00
167067,CHAMS,2022-02-15,0.23,,,0.23,1931663,2026-04-08T03:48:59.662493+00:00
167179,CHAMS,2022-02-16,0.22,,,0.22,7805753,2026-04-08T03:49:02.003783+00:00
167291,CHAMS,2022-02-17,0.21,,,0.21,2502779,2026-04-08T03:49:04.32656+00:00
167403,CHAMS,2022-02-18,0.23,,,0.23,18338424,2026-04-08T03:49:06.711382+00:00
167515,CHAMS,2022-02-21,0.24,,,0.24,10748424,2026-04-08T03:49:10.978464+00:00
167627,CHAMS,2022-02-22,0.24,,,0.24,3336170,2026-04-08T03:49:13.528869+00:00
167739,CHAMS,2022-02-23,0.23,,,0.23,1354168,2026-04-08T03:49:15.914345+00:00
167851,CHAMS,2022-02-24,0.22,,,0.22,6545300,2026-04-08T03:49:18.676795+00:00
167963,CHAMS,2022-02-25,0.23,,,0.23,409900,2026-04-08T03:49:21.264729+00:00
168075,CHAMS,2022-02-28,0.22,,,0.22,444812,2026-04-08T03:49:25.620712+00:00
168187,CHAMS,2022-03-01,0.22,,,0.22,1085981,2026-04-08T03:49:28.049171+00:00
168299,CHAMS,2022-03-02,0.22,,,0.22,545670,2026-04-08T03:49:30.283109+00:00
168411,CHAMS,2022-03-03,0.22,,,0.22,1101598,2026-04-08T03:49:32.551227+00:00
168523,CHAMS,2022-03-04,0.21,,,0.21,966977,2026-04-08T03:49:34.968546+00:00
168635,CHAMS,2022-03-07,0.21,,,0.21,507262,2026-04-08T03:49:39.227432+00:00
168747,CHAMS,2022-03-08,0.21,,,0.21,4317347,2026-04-08T03:49:41.475537+00:00
168859,CHAMS,2022-03-09,0.21,,,0.21,1248589,2026-04-08T03:49:43.759827+00:00
168971,CHAMS,2022-03-10,0.21,,,0.21,135500,2026-04-08T03:49:46.077826+00:00
169083,CHAMS,2022-03-11,0.22,,,0.22,1936090,2026-04-08T03:49:48.438529+00:00
169195,CHAMS,2022-03-14,0.22,,,0.22,682960,2026-04-08T03:49:53.114563+00:00
169307,CHAMS,2022-03-15,0.23,,,0.23,822527,2026-04-08T03:49:55.533531+00:00
169419,CHAMS,2022-03-16,0.21,,,0.21,421047,2026-04-08T03:49:57.903122+00:00
169531,CHAMS,2022-03-17,0.21,,,0.21,21100,2026-04-08T03:50:00.211329+00:00
169643,CHAMS,2022-03-18,0.21,,,0.21,161500,2026-04-08T03:50:02.865266+00:00
169755,CHAMS,2022-03-21,0.21,,,0.21,2914800,2026-04-08T03:50:07.476142+00:00
169867,CHAMS,2022-03-24,0.21,,,0.21,699410,2026-04-08T03:50:12.041871+00:00
169979,CHAMS,2022-03-25,0.21,,,0.21,3305023,2026-04-08T03:50:14.507747+00:00
170091,CHAMS,2022-03-28,0.21,,,0.21,280295,2026-04-08T03:50:18.995306+00:00
170203,CHAMS,2022-03-29,0.2,,,0.2,30403252,2026-04-08T03:50:21.48252+00:00
170315,CHAMS,2022-03-31,0.21,,,0.21,15453822,2026-04-08T03:50:25.686443+00:00
170427,CHAMS,2022-04-01,0.21,,,0.21,2688774,2026-04-08T03:50:28.209626+00:00
170539,CHAMS,2022-04-04,0.22,,,0.22,3869651,2026-04-08T03:50:32.692631+00:00
170651,CHAMS,2022-04-05,0.21,,,0.21,541139,2026-04-08T03:50:35.152392+00:00
170763,CHAMS,2022-04-06,0.2,,,0.2,179500,2026-04-08T03:50:37.478667+00:00
170875,CHAMS,2022-04-07,0.21,,,0.21,621560,2026-04-08T03:50:39.880974+00:00
170987,CHAMS,2022-04-08,0.2,,,0.2,2001933,2026-04-08T03:50:42.48638+00:00
171099,CHAMS,2022-04-11,0.21,,,0.21,255000,2026-04-08T03:50:47.197044+00:00
171211,CHAMS,2022-04-12,0.2,,,0.2,448972,2026-04-08T03:50:49.473284+00:00
171323,CHAMS,2022-04-13,0.2,,,0.2,202000,2026-04-08T03:50:51.878986+00:00
171435,CHAMS,2022-04-14,0.21,,,0.21,1445500,2026-04-08T03:50:54.439705+00:00
171547,CHAMS,2022-04-19,0.2,,,0.2,1078647,2026-04-08T03:51:01.439974+00:00
171659,CHAMS,2022-04-20,0.2,,,0.2,1315502,2026-04-08T03:51:03.698116+00:00
171771,CHAMS,2022-04-21,0.2,,,0.2,4326438,2026-04-08T03:51:06.083072+00:00
171883,CHAMS,2022-04-22,0.21,,,0.21,2147000,2026-04-08T03:51:08.393199+00:00
171995,CHAMS,2022-04-25,0.22,,,0.22,9566771,2026-04-08T03:51:12.880327+00:00
172107,CHAMS,2022-04-26,0.22,,,0.22,1952730,2026-04-08T03:51:15.284155+00:00
172219,CHAMS,2022-04-27,0.21,,,0.21,2908021,2026-04-08T03:51:17.680395+00:00
172331,CHAMS,2022-04-28,0.21,,,0.21,136584,2026-04-08T03:51:20.413235+00:00
172443,CHAMS,2022-04-29,0.21,,,0.21,3501539,2026-04-08T03:51:22.882631+00:00
172555,CHAMS,2022-05-04,0.23,,,0.23,28926454,2026-04-08T03:51:29.674847+00:00
172667,CHAMS,2022-05-05,0.24,,,0.24,14550123,2026-04-08T03:51:32.050072+00:00
172780,CHAMS,2022-05-09,0.23,,,0.23,1727841,2026-04-08T03:51:37.853933+00:00
172893,CHAMS,2022-05-10,0.23,,,0.23,673582,2026-04-08T03:51:40.332012+00:00
173006,CHAMS,2022-05-11,0.23,,,0.23,1444860,2026-04-08T03:51:42.74313+00:00
173119,CHAMS,2022-05-12,0.23,,,0.23,3431859,2026-04-08T03:51:45.11326+00:00
173232,CHAMS,2022-05-13,0.22,,,0.22,4803550,2026-04-08T03:51:47.585464+00:00
173345,CHAMS,2022-05-16,0.22,,,0.22,2857533,2026-04-08T03:51:52.042574+00:00
173458,CHAMS,2022-05-17,0.23,,,0.23,2123000,2026-04-08T03:51:54.492158+00:00
173571,CHAMS,2022-05-18,0.24,,,0.24,5041000,2026-04-08T03:51:57.297116+00:00
173684,CHAMS,2022-05-19,0.22,,,0.22,4727024,2026-04-08T03:51:59.624655+00:00
173797,CHAMS,2022-05-20,0.23,,,0.23,3355241,2026-04-08T03:52:02.40298+00:00
173910,CHAMS,2022-05-23,0.23,,,0.23,2719864,2026-04-08T03:52:07.648814+00:00
174023,CHAMS,2022-05-24,0.21,,,0.21,2182477,2026-04-08T03:52:10.277037+00:00
174136,CHAMS,2022-05-25,0.23,,,0.23,6374752,2026-04-08T03:52:13.066486+00:00
174249,CHAMS,2022-05-26,0.23,,,0.23,184624,2026-04-08T03:52:15.508934+00:00
174362,CHAMS,2022-05-27,0.22,,,0.22,398337,2026-04-08T03:52:18.156913+00:00
174475,CHAMS,2022-05-30,0.23,,,0.23,527288,2026-04-08T03:52:22.656757+00:00
174588,CHAMS,2022-05-31,0.23,,,0.23,117434,2026-04-08T03:52:25.114026+00:00
174701,CHAMS,2022-06-01,0.23,,,0.23,272100,2026-04-08T03:52:27.834682+00:00
174814,CHAMS,2022-06-02,0.22,,,0.22,603521,2026-04-08T03:52:30.493727+00:00
174927,CHAMS,2022-06-03,0.24,,,0.24,1270354,2026-04-08T03:52:33.10221+00:00
175040,CHAMS,2022-06-06,0.25,,,0.25,7091253,2026-04-08T03:52:37.969718+00:00
175153,CHAMS,2022-06-07,0.25,,,0.25,20524790,2026-04-08T03:52:40.734023+00:00
175266,CHAMS,2022-06-08,0.25,,,0.25,7811790,2026-04-08T03:52:43.634804+00:00
175379,CHAMS,2022-06-09,0.25,,,0.25,163006,2026-04-08T03:52:46.431396+00:00
175492,CHAMS,2022-06-10,0.25,,,0.25,1437750,2026-04-08T03:52:48.916453+00:00
175605,CHAMS,2022-06-14,0.24,,,0.24,3320350,2026-04-08T03:52:55.08065+00:00
175718,CHAMS,2022-06-15,0.24,,,0.24,182034,2026-04-08T03:52:57.782204+00:00
175831,CHAMS,2022-06-16,0.25,,,0.25,2347053,2026-04-08T03:53:00.45527+00:00
175944,CHAMS,2022-06-17,0.25,,,0.25,3189741,2026-04-08T03:53:03.647185+00:00
176057,CHAMS,2022-06-20,0.25,,,0.25,522191,2026-04-08T03:53:09.449588+00:00
176170,CHAMS,2022-06-21,0.25,,,0.25,4175185,2026-04-08T03:53:11.833027+00:00
176283,CHAMS,2022-06-22,0.25,,,0.25,320,2026-04-08T03:53:14.63862+00:00
176396,CHAMS,2022-06-23,0.24,,,0.24,4414500,2026-04-08T03:53:17.250825+00:00
176509,CHAMS,2022-06-24,0.24,,,0.24,1428155,2026-04-08T03:53:19.718295+00:00
176622,CHAMS,2022-06-27,0.24,,,0.24,983004,2026-04-08T03:53:24.073012+00:00
176735,CHAMS,2022-06-28,0.25,,,0.25,5593171,2026-04-08T03:53:26.399159+00:00
176848,CHAMS,2022-06-29,0.23,,,0.23,756115,2026-04-08T03:53:28.994117+00:00
176961,CHAMS,2022-06-30,0.24,,,0.24,8743700,2026-04-08T03:53:31.346855+00:00
177074,CHAMS,2022-07-01,0.24,,,0.24,443880,2026-04-08T03:53:33.724657+00:00
177187,CHAMS,2022-07-04,0.25,,,0.25,2207434,2026-04-08T03:53:38.198731+00:00
177300,CHAMS,2022-07-06,0.25,,,0.25,7825406,2026-04-08T03:53:41.625349+00:00
177413,CHAMS,2022-07-07,0.25,,,0.25,4317240,2026-04-08T03:53:44.268487+00:00
177526,CHAMS,2022-07-13,0.24,,,0.24,2585540,2026-04-08T03:53:51.5999+00:00
177639,CHAMS,2022-07-14,0.25,,,0.25,135200,2026-04-08T03:53:54.010732+00:00
177752,CHAMS,2022-07-15,0.25,,,0.25,969200,2026-04-08T03:53:56.616585+00:00
177865,CHAMS,2022-07-18,0.25,,,0.25,1491,2026-04-08T03:54:01.214275+00:00
177978,CHAMS,2022-07-19,0.25,,,0.25,1745550,2026-04-08T03:54:03.665978+00:00
178091,CHAMS,2022-07-20,0.27,,,0.27,14036744,2026-04-08T03:54:06.203384+00:00
178204,CHAMS,2022-07-21,0.25,,,0.25,820000,2026-04-08T03:54:08.685258+00:00
178317,CHAMS,2022-07-22,0.25,,,0.25,236678,2026-04-08T03:54:11.171489+00:00
178430,CHAMS,2022-07-25,0.26,,,0.26,624320,2026-04-08T03:54:15.900169+00:00
178543,CHAMS,2022-07-26,0.26,,,0.26,222800,2026-04-08T03:54:18.382379+00:00
178656,CHAMS,2022-07-27,0.24,,,0.24,650000,2026-04-08T03:54:20.730044+00:00
178769,CHAMS,2022-07-28,0.26,,,0.26,13586276,2026-04-08T03:54:23.385493+00:00
178882,CHAMS,2022-07-29,0.25,,,0.25,759680,2026-04-08T03:54:25.692024+00:00
178995,CHAMS,2022-08-01,0.25,,,0.25,436316,2026-04-08T03:54:30.144665+00:00
179108,CHAMS,2022-08-02,0.23,,,0.23,3160205,2026-04-08T03:54:32.509592+00:00
179221,CHAMS,2022-08-03,0.25,,,0.25,526375,2026-04-08T03:54:34.924873+00:00
179334,CHAMS,2022-08-04,0.25,,,0.25,1166249,2026-04-08T03:54:37.32089+00:00
179447,CHAMS,2022-08-05,0.25,,,0.25,895901,2026-04-08T03:54:40.805957+00:00
179560,CHAMS,2022-08-08,0.25,,,0.25,143650,2026-04-08T03:54:45.81173+00:00
179673,CHAMS,2022-08-09,0.27,,,0.27,5321125,2026-04-08T03:54:48.637408+00:00
179786,CHAMS,2022-08-10,0.29,,,0.29,6442502,2026-04-08T03:54:51.561754+00:00
179899,CHAMS,2022-08-11,0.31,,,0.31,8978109,2026-04-08T03:54:54.196076+00:00
180012,CHAMS,2022-08-12,0.28,,,0.28,1384321,2026-04-08T03:54:57.115593+00:00
180125,CHAMS,2022-08-15,0.28,,,0.28,1208504,2026-04-08T03:55:01.874457+00:00
180238,CHAMS,2022-08-16,0.28,,,0.28,112287,2026-04-08T03:55:04.540652+00:00
180351,CHAMS,2022-08-17,0.27,,,0.27,193600,2026-04-08T03:55:07.214991+00:00
180464,CHAMS,2022-08-18,0.27,,,0.27,319307,2026-04-08T03:55:09.916723+00:00
180577,CHAMS,2022-08-19,0.25,,,0.25,288585,2026-04-08T03:55:12.400686+00:00
180690,CHAMS,2022-08-22,0.25,,,0.25,1271000,2026-04-08T03:55:17.568382+00:00
180803,CHAMS,2022-08-23,0.25,,,0.25,283193,2026-04-08T03:55:19.990422+00:00
180916,CHAMS,2022-08-24,0.25,,,0.25,241579,2026-04-08T03:55:23.644905+00:00
181029,CHAMS,2022-08-25,0.27,,,0.27,338585,2026-04-08T03:55:26.062264+00:00
181142,CHAMS,2022-08-26,0.25,,,0.25,1788080,2026-04-08T03:55:28.378019+00:00
181255,CHAMS,2022-08-29,0.26,,,0.26,1439468,2026-04-08T03:55:33.185942+00:00
181368,CHAMS,2022-08-30,0.26,,,0.26,1327246,2026-04-08T03:55:35.909469+00:00
181481,CHAMS,2022-08-31,0.27,,,0.27,2930080,2026-04-08T03:55:38.363566+00:00
181594,CHAMS,2022-09-01,0.28,,,0.28,1698009,2026-04-08T03:55:40.868139+00:00
181707,CHAMS,2022-09-02,0.26,,,0.26,505796,2026-04-08T03:55:43.232165+00:00
181820,CHAMS,2022-09-05,0.28,,,0.28,1106749,2026-04-08T03:55:48.110555+00:00
181933,CHAMS,2022-09-06,0.3,,,0.3,5299482,2026-04-08T03:55:50.526892+00:00
182046,CHAMS,2022-09-07,0.27,,,0.27,580056,2026-04-08T03:55:53.051287+00:00
182159,CHAMS,2022-09-08,0.29,,,0.29,5035244,2026-04-08T03:55:55.74031+00:00
182272,CHAMS,2022-09-09,0.31,,,0.31,13967507,2026-04-08T03:55:58.848563+00:00
182385,CHAMS,2022-09-12,0.33,,,0.33,5634416,2026-04-08T03:56:03.370953+00:00
182498,CHAMS,2022-09-13,0.33,,,0.33,9314439,2026-04-08T03:56:05.83654+00:00
182611,CHAMS,2022-09-14,0.3,,,0.3,6225491,2026-04-08T03:56:08.091672+00:00
182724,CHAMS,2022-09-16,0.3,,,0.3,200913,2026-04-08T03:56:11.4683+00:00
182837,CHAMS,2022-09-19,0.3,,,0.3,2257924,2026-04-08T03:56:15.923342+00:00
182950,CHAMS,2022-09-20,0.29,,,0.29,7871780,2026-04-08T03:56:18.184056+00:00
183063,CHAMS,2022-09-21,0.3,,,0.3,1186685,2026-04-08T03:56:20.42724+00:00
183176,CHAMS,2022-09-22,0.29,,,0.29,799762,2026-04-08T03:56:22.767495+00:00
183289,CHAMS,2022-09-23,0.27,,,0.27,5814667,2026-04-08T03:56:25.066978+00:00
183402,CHAMS,2022-09-26,0.25,,,0.25,2834943,2026-04-08T03:56:29.379703+00:00
183515,CHAMS,2022-09-28,0.27,,,0.27,5704221,2026-04-08T03:56:32.717753+00:00
183628,CHAMS,2022-09-29,0.29,,,0.29,5575325,2026-04-08T03:56:35.489047+00:00
183741,CHAMS,2022-09-30,0.29,,,0.29,1351395,2026-04-08T03:56:37.947618+00:00
183854,CHAMS,2022-10-05,0.29,,,0.29,25497083,2026-04-08T03:56:44.538147+00:00
183968,CHAMS,2022-10-06,0.27,,,0.27,1688115,2026-04-08T03:56:46.932693+00:00
184082,CHAMS,2022-10-07,0.27,,,0.27,6990825,2026-04-08T03:56:49.334037+00:00
184196,CHAMS,2022-10-11,0.28,,,0.28,5307418,2026-04-08T03:56:55.029281+00:00
184310,CHAMS,2022-10-12,0.26,,,0.26,375710,2026-04-08T03:56:58.300033+00:00
184424,CHAMS,2022-10-13,0.28,,,0.28,2860691,2026-04-08T03:57:00.825788+00:00
184538,CHAMS,2022-10-14,0.26,,,0.26,4464407,2026-04-08T03:57:03.298348+00:00
184652,CHAMS,2022-10-17,0.26,,,0.26,2823207,2026-04-08T03:57:07.885609+00:00
184766,CHAMS,2022-10-18,0.27,,,0.27,3339115,2026-04-08T03:57:10.303346+00:00
184880,CHAMS,2022-10-19,0.28,,,0.28,7673386,2026-04-08T03:57:12.819589+00:00
184994,CHAMS,2022-10-20,0.26,,,0.26,1001406,2026-04-08T03:57:15.111185+00:00
185108,CHAMS,2022-10-21,0.27,,,0.27,548504,2026-04-08T03:57:17.499968+00:00
185222,CHAMS,2022-10-24,0.27,,,0.27,1662957,2026-04-08T03:57:21.686266+00:00
185336,CHAMS,2022-10-26,0.26,,,0.26,835500,2026-04-08T03:57:24.913682+00:00
185450,CHAMS,2022-10-27,0.26,,,0.26,105348,2026-04-08T03:57:27.260544+00:00
185564,CHAMS,2022-10-28,0.27,,,0.27,820000,2026-04-08T03:57:29.835926+00:00
185678,CHAMS,2022-10-31,0.25,,,0.25,4289350,2026-04-08T03:57:34.21591+00:00
185792,CHAMS,2022-11-01,0.23,,,0.23,2527884,2026-04-08T03:57:36.609373+00:00
185906,CHAMS,2022-11-02,0.24,,,0.24,5596860,2026-04-08T03:57:39.066556+00:00
186020,CHAMS,2022-11-03,0.25,,,0.25,5864469,2026-04-08T03:57:41.442199+00:00
186134,CHAMS,2022-11-04,0.23,,,0.23,1393923,2026-04-08T03:57:43.70904+00:00
186248,CHAMS,2022-11-08,0.23,,,0.23,120300,2026-04-08T03:57:49.123122+00:00
186362,CHAMS,2022-11-09,0.24,,,0.24,2460556,2026-04-08T03:57:51.464602+00:00
186476,CHAMS,2022-11-10,0.24,,,0.24,1221900,2026-04-08T03:57:54.291842+00:00
186590,CHAMS,2022-11-11,0.24,,,0.24,1000000,2026-04-08T03:57:56.704911+00:00
186704,CHAMS,2022-11-14,0.25,,,0.25,445431,2026-04-08T03:58:01.331373+00:00
186818,CHAMS,2022-11-15,0.23,,,0.23,3477093,2026-04-08T03:58:03.6444+00:00
186932,CHAMS,2022-11-16,0.24,,,0.24,1171568,2026-04-08T03:58:06.118311+00:00
187046,CHAMS,2022-11-17,0.23,,,0.23,1935970,2026-04-08T03:58:08.47049+00:00
187160,CHAMS,2022-11-18,0.23,,,0.23,659739,2026-04-08T03:58:10.955275+00:00
187274,CHAMS,2022-11-21,0.24,,,0.24,363268,2026-04-08T03:58:15.672507+00:00
187388,CHAMS,2022-11-22,0.23,,,0.23,1080760,2026-04-08T03:58:18.170118+00:00
187502,CHAMS,2022-11-24,0.22,,,0.22,264694,2026-04-08T03:58:21.692503+00:00
187616,CHAMS,2022-11-25,0.22,,,0.22,28000,2026-04-08T03:58:24.033539+00:00
187730,CHAMS,2022-11-28,0.22,,,0.22,2493476,2026-04-08T03:58:28.532723+00:00
187844,CHAMS,2022-11-29,0.24,,,0.24,832493,2026-04-08T03:58:30.983113+00:00
187958,CHAMS,2022-11-30,0.24,,,0.24,937500,2026-04-08T03:58:33.448849+00:00
188072,CHAMS,2022-12-01,0.24,,,0.24,233500,2026-04-08T03:58:35.664261+00:00
188186,CHAMS,2022-12-02,0.24,,,0.24,1000000,2026-04-08T03:58:37.897027+00:00
188300,CHAMS,2022-12-05,0.23,,,0.23,2022700,2026-04-08T03:58:42.456795+00:00
188414,CHAMS,2022-12-06,0.23,,,0.23,562973,2026-04-08T03:58:44.756119+00:00
188528,CHAMS,2022-12-07,0.22,,,0.22,3582671,2026-04-08T03:58:47.196669+00:00
188642,CHAMS,2022-12-08,0.24,,,0.24,758481,2026-04-08T03:58:49.52806+00:00
188756,CHAMS,2022-12-09,0.23,,,0.23,283700,2026-04-08T03:58:51.902427+00:00
188870,CHAMS,2022-12-12,0.23,,,0.23,1619034,2026-04-08T03:58:56.156124+00:00
188984,CHAMS,2022-12-13,0.21,,,0.21,16424629,2026-04-08T03:58:58.485404+00:00
189098,CHAMS,2022-12-14,0.23,,,0.23,1339852,2026-04-08T03:59:00.851945+00:00
189212,CHAMS,2022-12-15,0.22,,,0.22,2316837,2026-04-08T03:59:03.086647+00:00
189326,CHAMS,2022-12-16,0.23,,,0.23,3458949,2026-04-08T03:59:05.5442+00:00
189440,CHAMS,2022-12-19,0.22,,,0.22,4152010,2026-04-08T03:59:09.806719+00:00
189554,CHAMS,2022-12-20,0.21,,,0.21,4581668,2026-04-08T03:59:12.630732+00:00
189668,CHAMS,2022-12-21,0.22,,,0.22,1179498,2026-04-08T03:59:14.990319+00:00
189782,CHAMS,2022-12-22,0.23,,,0.23,2763741,2026-04-08T03:59:17.229229+00:00
189896,CHAMS,2022-12-23,0.22,,,0.22,1188950,2026-04-08T03:59:19.674012+00:00
190010,CHAMS,2022-12-28,0.22,,,0.22,727233,2026-04-08T03:59:26.406492+00:00
190124,CHAMS,2022-12-30,0.22,,,0.22,1031200,2026-04-08T03:59:29.796579+00:00
190238,CHAMS,2023-01-04,0.24,,,0.24,2240082,2026-04-08T03:59:36.276207+00:00
190352,CHAMS,2023-01-05,0.24,,,0.24,1530020,2026-04-08T03:59:38.771807+00:00
190466,CHAMS,2023-01-06,0.23,,,0.23,1756100,2026-04-08T03:59:41.229635+00:00
190580,CHAMS,2023-01-09,0.23,,,0.23,1073636,2026-04-08T03:59:45.608271+00:00
190694,CHAMS,2023-01-10,0.24,,,0.24,2058894,2026-04-08T03:59:47.862187+00:00
190808,CHAMS,2023-01-11,0.24,,,0.24,615184,2026-04-08T03:59:50.211712+00:00
190922,CHAMS,2023-01-12,0.25,,,0.25,17906364,2026-04-08T03:59:52.676239+00:00
191036,CHAMS,2023-01-13,0.27,,,0.27,8950396,2026-04-08T03:59:55.073566+00:00
191150,CHAMS,2023-01-17,0.29,,,0.29,17567533,2026-04-08T04:00:00.52991+00:00
191264,CHAMS,2023-01-18,0.28,,,0.28,2431500,2026-04-08T04:00:02.930508+00:00
191378,CHAMS,2023-01-19,0.26,,,0.26,1010248,2026-04-08T04:00:05.157464+00:00
191492,CHAMS,2023-01-20,0.26,,,0.26,5988040,2026-04-08T04:00:07.441529+00:00
191606,CHAMS,2023-01-23,0.28,,,0.28,11218160,2026-04-08T04:00:11.934625+00:00
191720,CHAMS,2023-01-24,0.28,,,0.28,15271903,2026-04-08T04:00:14.448563+00:00
191834,CHAMS,2023-01-25,0.28,,,0.28,3053793,2026-04-08T04:00:16.660222+00:00
191948,CHAMS,2023-01-26,0.29,,,0.29,644758,2026-04-08T04:00:19.02129+00:00
192062,CHAMS,2023-01-27,0.3,,,0.3,17789792,2026-04-08T04:00:21.366865+00:00
192176,CHAMS,2023-01-30,0.3,,,0.3,2264730,2026-04-08T04:00:26.318741+00:00
192290,CHAMS,2023-01-31,0.27,,,0.27,3717291,2026-04-08T04:00:28.560212+00:00
192404,CHAMS,2023-02-06,0.25,,,0.25,16627842,2026-04-08T04:00:36.14931+00:00
192518,CHAMS,2023-02-07,0.25,,,0.25,100500,2026-04-08T04:00:38.379875+00:00
192632,CHAMS,2023-02-08,0.24,,,0.24,6129416,2026-04-08T04:00:40.736361+00:00
192746,CHAMS,2023-02-09,0.26,,,0.26,1085215,2026-04-08T04:00:43.03687+00:00
192860,CHAMS,2023-02-10,0.25,,,0.25,2238987,2026-04-08T04:00:46.517744+00:00
192974,CHAMS,2023-02-13,0.27,,,0.27,5450857,2026-04-08T04:00:50.958429+00:00
193088,CHAMS,2023-02-14,0.29,,,0.29,4875327,2026-04-08T04:00:53.400398+00:00
193202,CHAMS,2023-02-15,0.28,,,0.28,2286326,2026-04-08T04:00:55.645789+00:00
193316,CHAMS,2023-02-16,0.29,,,0.29,845200,2026-04-08T04:00:58.043326+00:00
193430,CHAMS,2023-02-17,0.29,,,0.29,1798240,2026-04-08T04:01:00.355798+00:00
193544,CHAMS,2023-02-20,0.27,,,0.27,2474255,2026-04-08T04:01:04.633293+00:00
193658,CHAMS,2023-02-21,0.27,,,0.27,2624637,2026-04-08T04:01:06.910783+00:00
193772,CHAMS,2023-02-22,0.26,,,0.26,2453154,2026-04-08T04:01:09.421576+00:00
193886,CHAMS,2023-02-23,0.26,,,0.26,6722624,2026-04-08T04:01:11.765387+00:00
194000,CHAMS,2023-02-24,0.28,,,0.28,1439047,2026-04-08T04:01:14.12415+00:00
194114,CHAMS,2023-02-27,0.28,,,0.28,10293190,2026-04-08T04:01:18.463572+00:00
194228,CHAMS,2023-02-28,0.26,,,0.26,581861,2026-04-08T04:01:20.671303+00:00
194342,CHAMS,2023-03-01,0.28,,,0.28,2286938,2026-04-08T04:01:23.068989+00:00
194456,CHAMS,2023-03-02,0.26,,,0.26,1928397,2026-04-08T04:01:25.352172+00:00
194570,CHAMS,2023-03-03,0.25,,,0.25,571070556,2026-04-08T04:01:27.716711+00:00
194684,CHAMS,2023-03-06,0.26,,,0.26,2542521,2026-04-08T04:01:32.392486+00:00
194798,CHAMS,2023-03-07,0.27,,,0.27,2239181,2026-04-08T04:01:34.845095+00:00
194912,CHAMS,2023-03-08,0.25,,,0.25,1071408,2026-04-08T04:01:37.261757+00:00
195026,CHAMS,2023-03-09,0.26,,,0.26,2170765,2026-04-08T04:01:39.987396+00:00
195140,CHAMS,2023-03-13,0.25,,,0.25,6496016,2026-04-08T04:01:45.627511+00:00
195254,CHAMS,2023-03-14,0.23,,,0.23,16112984,2026-04-08T04:01:48.257383+00:00
195368,CHAMS,2023-03-15,0.23,,,0.23,5835922,2026-04-08T04:01:50.627346+00:00
195482,CHAMS,2023-03-16,0.25,,,0.25,1213341,2026-04-08T04:01:53.062383+00:00
195596,CHAMS,2023-03-17,0.24,,,0.24,518120,2026-04-08T04:01:55.701252+00:00
195710,CHAMS,2023-03-20,0.25,,,0.25,1731074,2026-04-08T04:01:59.933448+00:00
195824,CHAMS,2023-03-22,0.25,,,0.25,44460,2026-04-08T04:02:03.467012+00:00
195938,CHAMS,2023-03-23,0.24,,,0.24,3325679,2026-04-08T04:02:05.929911+00:00
196052,CHAMS,2023-03-24,0.25,,,0.25,882502,2026-04-08T04:02:08.248632+00:00
196166,CHAMS,2023-03-27,0.25,,,0.25,920631,2026-04-08T04:02:12.564733+00:00
196280,CHAMS,2023-03-28,0.23,,,0.23,1075402,2026-04-08T04:02:14.764209+00:00
196394,CHAMS,2023-03-29,0.24,,,0.24,1817274,2026-04-08T04:02:17.140393+00:00
196508,CHAMS,2023-03-30,0.23,,,0.23,3995250,2026-04-08T04:02:19.470716+00:00
196622,CHAMS,2023-03-31,0.24,,,0.24,898225,2026-04-08T04:02:21.739047+00:00
196736,CHAMS,2023-04-03,0.24,,,0.24,1313955,2026-04-08T04:02:26.060346+00:00
196850,CHAMS,2023-04-04,0.24,,,0.24,4534311,2026-04-08T04:02:28.444728+00:00
196964,CHAMS,2023-04-05,0.23,,,0.23,1095407,2026-04-08T04:02:30.864627+00:00
197078,CHAMS,2023-04-06,0.24,,,0.24,242010,2026-04-08T04:02:33.239626+00:00
197192,CHAMS,2023-04-11,0.24,,,0.24,1013711,2026-04-08T04:02:39.320239+00:00
197306,CHAMS,2023-04-12,0.24,,,0.24,141029,2026-04-08T04:02:41.643197+00:00
197420,CHAMS,2023-04-13,0.25,,,0.25,11841337,2026-04-08T04:02:44.360634+00:00
197534,CHAMS,2023-04-14,0.25,,,0.25,293142753,2026-04-08T04:02:47.093001+00:00
197648,CHAMS,2023-04-17,0.25,,,0.25,1004492,2026-04-08T04:02:52.113012+00:00
197762,CHAMS,2023-04-18,0.23,,,0.23,2395725,2026-04-08T04:02:54.97501+00:00
197876,CHAMS,2023-04-19,0.23,,,0.23,192404,2026-04-08T04:02:57.648371+00:00
197990,CHAMS,2023-04-20,0.24,,,0.24,2566810,2026-04-08T04:03:00.087899+00:00
198104,CHAMS,2023-04-25,0.24,,,0.24,2090035,2026-04-08T04:03:06.320111+00:00
198218,CHAMS,2023-04-26,0.25,,,0.25,3495621,2026-04-08T04:03:08.704488+00:00
198332,CHAMS,2023-04-27,0.26,,,0.26,3575870,2026-04-08T04:03:11.176222+00:00
198446,CHAMS,2023-04-28,0.28,,,0.28,32055896,2026-04-08T04:03:13.757457+00:00
198560,CHAMS,2023-05-03,0.31,,,0.31,17954319,2026-04-08T04:03:20.258962+00:00
198674,CHAMS,2023-05-04,0.32,,,0.32,30994029,2026-04-08T04:03:22.719511+00:00
198788,CHAMS,2023-05-08,0.29,,,0.29,1658170,2026-04-08T04:03:29.045349+00:00
198902,CHAMS,2023-05-09,0.3,,,0.3,2763660,2026-04-08T04:03:32.620003+00:00
199016,CHAMS,2023-05-12,0.3,,,0.3,3572735,2026-04-08T04:03:37.286216+00:00
199130,CHAMS,2023-05-15,0.3,,,0.3,229048,2026-04-08T04:03:41.825544+00:00
199244,CHAMS,2023-05-16,0.29,,,0.29,1960392,2026-04-08T04:03:44.244464+00:00
199358,CHAMS,2023-05-17,0.3,,,0.3,4082898,2026-04-08T04:03:46.492518+00:00
199472,CHAMS,2023-05-18,0.29,,,0.29,477286,2026-04-08T04:03:48.752249+00:00
199586,CHAMS,2023-05-19,0.3,,,0.3,9058330,2026-04-08T04:03:51.139215+00:00
199700,CHAMS,2023-05-22,0.32,,,0.32,974329,2026-04-08T04:03:55.484935+00:00
199814,CHAMS,2023-05-23,0.35,,,0.35,6900588,2026-04-08T04:03:57.886867+00:00
199928,CHAMS,2023-05-24,0.36,,,0.36,3289504,2026-04-08T04:04:00.334047+00:00
200042,CHAMS,2023-05-25,0.38,,,0.38,3314910,2026-04-08T04:04:02.79018+00:00
200156,CHAMS,2023-05-26,0.41,,,0.41,6176928,2026-04-08T04:04:05.139052+00:00
200270,CHAMS,2023-05-30,0.45,,,0.45,5252799,2026-04-08T04:04:11.011702+00:00
200384,CHAMS,2023-06-01,0.45,,,0.45,3007891,2026-04-08T04:04:14.390605+00:00
200498,CHAMS,2023-06-02,0.41,,,0.41,1326074,2026-04-08T04:04:16.732653+00:00
200612,CHAMS,2023-06-05,0.37,,,0.37,6035416,2026-04-08T04:04:21.343031+00:00
200726,CHAMS,2023-06-06,0.39,,,0.39,922612,2026-04-08T04:04:23.98223+00:00
200840,CHAMS,2023-06-07,0.4,,,0.4,2833002,2026-04-08T04:04:26.507718+00:00
200954,CHAMS,2023-06-08,0.42,,,0.42,4659177,2026-04-08T04:04:29.08401+00:00
201068,CHAMS,2023-06-09,0.46,,,0.46,3622408,2026-04-08T04:04:31.44664+00:00
201182,CHAMS,2023-06-13,0.47,,,0.47,3663356,2026-04-08T04:04:36.862505+00:00
201296,CHAMS,2023-06-14,0.5,,,0.5,3656392,2026-04-08T04:04:39.320552+00:00
201410,CHAMS,2023-06-15,0.46,,,0.46,4184196,2026-04-08T04:04:41.673534+00:00
201524,CHAMS,2023-06-16,0.42,,,0.42,3918381,2026-04-08T04:04:44.052846+00:00
201638,CHAMS,2023-06-19,0.4,,,0.4,8204695,2026-04-08T04:04:48.541112+00:00
201752,CHAMS,2023-06-20,0.44,,,0.44,4797805,2026-04-08T04:04:51.378552+00:00
201866,CHAMS,2023-06-21,0.48,,,0.48,4120591,2026-04-08T04:04:53.764277+00:00
201980,CHAMS,2023-06-22,0.52,,,0.52,9411770,2026-04-08T04:04:56.145117+00:00
202094,CHAMS,2023-06-26,0.62,,,0.62,10388783,2026-04-08T04:05:01.671465+00:00
202208,CHAMS,2023-06-30,0.74,,,0.74,782400,2026-04-08T04:05:07.377697+00:00
202322,CHAMS,2023-07-03,0.81,,,0.81,620219,2026-04-08T04:05:11.758079+00:00
202436,CHAMS,2023-07-04,0.89,,,0.89,6597700,2026-04-08T04:05:14.17436+00:00
202550,CHAMS,2023-07-05,0.97,,,0.97,7832875,2026-04-08T04:05:16.577423+00:00
202664,CHAMS,2023-07-06,1.06,,,1.06,32312125,2026-04-08T04:05:19.075393+00:00
202778,CHAMS,2023-07-07,1.16,,,1.16,7146220,2026-04-08T04:05:21.415756+00:00
202892,CHAMS,2023-07-10,1.27,,,1.27,82066752,2026-04-08T04:05:26.355595+00:00
203006,CHAMS,2023-07-11,1.28,,,1.28,91710532,2026-04-08T04:05:28.903538+00:00
203120,CHAMS,2023-07-12,1.16,,,1.16,25685819,2026-04-08T04:05:31.299012+00:00
203234,CHAMS,2023-07-14,0.95,,,0.95,3109526,2026-04-08T04:05:34.698751+00:00
203348,CHAMS,2023-07-17,1.02,,,1.02,15778869,2026-04-08T04:05:39.139368+00:00
203462,CHAMS,2023-07-19,1.01,,,1.01,16193940,2026-04-08T04:05:42.577032+00:00
203576,CHAMS,2023-07-20,0.95,,,0.95,11827362,2026-04-08T04:05:45.122849+00:00
203690,CHAMS,2023-07-21,1.04,,,1.04,10049399,2026-04-08T04:05:47.594805+00:00
203804,CHAMS,2023-07-24,1.14,,,1.14,7394284,2026-04-08T04:05:52.167161+00:00
203918,CHAMS,2023-07-25,1.05,,,1.05,20596390,2026-04-08T04:05:54.602351+00:00
204032,CHAMS,2023-07-26,1.15,,,1.15,18561752,2026-04-08T04:05:57.515236+00:00
204146,CHAMS,2023-07-27,1.1,,,1.1,11674338,2026-04-08T04:05:59.880161+00:00
204260,CHAMS,2023-07-28,0.99,,,0.99,13316566,2026-04-08T04:06:02.220136+00:00
204374,CHAMS,2023-07-31,0.9,,,0.9,13517952,2026-04-08T04:06:06.790851+00:00
204488,CHAMS,2023-08-02,0.99,,,0.99,16964136,2026-04-08T04:06:10.326378+00:00
204602,CHAMS,2023-08-03,1.0,,,1.0,8722459,2026-04-08T04:06:12.834218+00:00
204716,CHAMS,2023-08-04,1.0,,,1.0,3919931,2026-04-08T04:06:15.200886+00:00
204830,CHAMS,2023-08-07,1.0,,,1.0,3487225,2026-04-08T04:06:19.871718+00:00
204944,CHAMS,2023-08-08,1.04,,,1.04,9457309,2026-04-08T04:06:22.245918+00:00
205058,CHAMS,2023-08-09,0.99,,,0.99,9387122,2026-04-08T04:06:24.635943+00:00
205172,CHAMS,2023-08-10,0.94,,,0.94,1995926,2026-04-08T04:06:27.035398+00:00
205286,CHAMS,2023-08-11,0.95,,,0.95,8400460,2026-04-08T04:06:29.455701+00:00
205400,CHAMS,2023-08-14,1.02,,,1.02,3551963,2026-04-08T04:06:33.923569+00:00
205514,CHAMS,2023-08-15,1.0,,,1.0,2776323,2026-04-08T04:06:36.358161+00:00
205628,CHAMS,2023-08-16,1.0,,,1.0,1233966,2026-04-08T04:06:38.679915+00:00
205742,CHAMS,2023-08-17,0.99,,,0.99,2828249,2026-04-08T04:06:40.998805+00:00
205856,CHAMS,2023-08-18,1.0,,,1.0,1649741,2026-04-08T04:06:43.468275+00:00
205970,CHAMS,2023-08-21,0.96,,,0.96,1296714,2026-04-08T04:06:47.688711+00:00
206084,CHAMS,2023-08-24,0.93,,,0.93,3458100,2026-04-08T04:06:51.989424+00:00
206198,CHAMS,2023-08-25,0.96,,,0.96,2126081,2026-04-08T04:06:54.38475+00:00
206312,CHAMS,2023-08-28,0.93,,,0.93,2958689,2026-04-08T04:06:59.310949+00:00
206426,CHAMS,2023-08-29,0.89,,,0.89,10176742,2026-04-08T04:07:01.613742+00:00
206540,CHAMS,2023-08-30,0.96,,,0.96,5163295,2026-04-08T04:07:03.820209+00:00
206654,CHAMS,2023-09-01,1.05,,,1.05,11718827,2026-04-08T04:07:07.195585+00:00
206768,CHAMS,2023-09-04,0.98,,,0.98,2149755,2026-04-08T04:07:11.730996+00:00
206882,CHAMS,2023-09-05,1.03,,,1.03,4560316,2026-04-08T04:07:14.175893+00:00
206996,CHAMS,2023-09-06,1.01,,,1.01,5685423,2026-04-08T04:07:16.66229+00:00
207110,CHAMS,2023-09-07,1.0,,,1.0,2673266,2026-04-08T04:07:19.134101+00:00
207224,CHAMS,2023-09-08,1.04,,,1.04,10531888,2026-04-08T04:07:21.445908+00:00
207338,CHAMS,2023-09-11,1.04,,,1.04,2763685,2026-04-08T04:07:26.133096+00:00
207452,CHAMS,2023-09-12,0.95,,,0.95,7754872,2026-04-08T04:07:28.57479+00:00
207566,CHAMS,2023-09-13,1.04,,,1.04,3093054,2026-04-08T04:07:30.890589+00:00
207680,CHAMS,2023-09-14,1.0,,,1.0,26292288,2026-04-08T04:07:33.324455+00:00
207794,CHAMS,2023-09-15,1.1,,,1.1,19403738,2026-04-08T04:07:35.74244+00:00
207908,CHAMS,2023-09-18,1.21,,,1.21,32177237,2026-04-08T04:07:40.292184+00:00
208022,CHAMS,2023-09-19,1.33,,,1.33,29959170,2026-04-08T04:07:42.606346+00:00
208136,CHAMS,2023-09-20,1.46,,,1.46,56388027,2026-04-08T04:07:45.004042+00:00
208250,CHAMS,2023-09-21,1.32,,,1.32,25412445,2026-04-08T04:07:47.370085+00:00
208364,CHAMS,2023-09-22,1.31,,,1.31,13268448,2026-04-08T04:07:49.898567+00:00
208478,CHAMS,2023-09-25,1.37,,,1.37,11829920,2026-04-08T04:07:54.305125+00:00
208592,CHAMS,2023-09-28,1.39,,,1.39,10350893,2026-04-08T04:07:58.898315+00:00
208706,CHAMS,2023-09-29,1.28,,,1.28,7585931,2026-04-08T04:08:01.279649+00:00
208820,CHAMS,2023-10-03,1.31,,,1.31,6189322,2026-04-08T04:08:06.721549+00:00
208934,CHAMS,2023-10-04,1.39,,,1.39,14990095,2026-04-08T04:08:09.042741+00:00
209048,CHAMS,2023-10-05,1.39,,,1.39,2154614,2026-04-08T04:08:11.600182+00:00
209163,CHAMS,2023-10-06,1.32,,,1.32,1945458,2026-04-08T04:08:14.22861+00:00
209278,CHAMS,2023-10-09,1.28,,,1.28,3901884,2026-04-08T04:08:18.740555+00:00
209393,CHAMS,2023-10-10,1.4,,,1.4,4681521,2026-04-08T04:08:21.390436+00:00
209507,CHAMS,2023-10-12,1.4,,,1.4,9640552,2026-04-08T04:08:24.861957+00:00
209622,CHAMS,2023-10-13,1.4,,,1.4,2504485,2026-04-08T04:08:27.376596+00:00
209737,CHAMS,2023-10-16,1.35,,,1.35,2423511,2026-04-08T04:08:32.388707+00:00
209852,CHAMS,2023-10-17,1.39,,,1.39,5947813,2026-04-08T04:08:34.738576+00:00
209967,CHAMS,2023-10-19,1.5,,,1.5,12905717,2026-04-08T04:08:38.671249+00:00
210082,CHAMS,2023-10-20,1.49,,,1.49,1412701,2026-04-08T04:08:40.967521+00:00
210197,CHAMS,2023-10-23,1.6,,,1.6,15044375,2026-04-08T04:08:45.440193+00:00
210312,CHAMS,2023-10-24,1.75,,,1.75,14769412,2026-04-08T04:08:47.71675+00:00
210427,CHAMS,2023-10-25,1.92,,,1.92,26650699,2026-04-08T04:08:50.022319+00:00
210542,CHAMS,2023-10-26,1.99,,,1.99,23500326,2026-04-08T04:08:52.472279+00:00
210657,CHAMS,2023-10-27,1.9,,,1.9,15000043,2026-04-08T04:08:54.778052+00:00
210772,CHAMS,2023-10-30,2.02,,,2.02,19243735,2026-04-08T04:08:59.45056+00:00
210887,CHAMS,2023-10-31,2.22,,,2.22,22516210,2026-04-08T04:09:01.914254+00:00
211002,CHAMS,2023-11-01,2.44,,,2.44,20645665,2026-04-08T04:09:04.386399+00:00
211117,CHAMS,2023-11-02,2.2,,,2.2,30951310,2026-04-08T04:09:06.696264+00:00
211232,CHAMS,2023-11-03,2.02,,,2.02,16398051,2026-04-08T04:09:09.071615+00:00
211347,CHAMS,2023-11-06,2.22,,,2.22,13804822,2026-04-08T04:09:13.59419+00:00
211462,CHAMS,2023-11-07,2.21,,,2.21,23820165,2026-04-08T04:09:15.923939+00:00
211578,CHAMS,2023-11-08,2.11,,,2.11,14030571,2026-04-08T04:09:18.177895+00:00
211694,CHAMS,2023-11-09,2.0,,,2.0,9041470,2026-04-08T04:09:20.462573+00:00
211810,CHAMS,2023-11-10,2.08,,,2.08,8054768,2026-04-08T04:09:22.644841+00:00
211926,CHAMS,2023-11-13,2.0,,,2.0,8518938,2026-04-08T04:09:27.404692+00:00
212042,CHAMS,2023-11-14,2.07,,,2.07,5200904,2026-04-08T04:09:29.775588+00:00
212158,CHAMS,2023-11-15,2.02,,,2.02,9851128,2026-04-08T04:09:32.378304+00:00
212274,CHAMS,2023-11-16,2.07,,,2.07,5552661,2026-04-08T04:09:34.916677+00:00
212390,CHAMS,2023-11-17,2.04,,,2.04,2238908,2026-04-08T04:09:37.378105+00:00
212506,CHAMS,2023-11-20,2.24,,,2.24,8997958,2026-04-08T04:09:41.830835+00:00
212622,CHAMS,2023-11-21,2.25,,,2.25,7734462,2026-04-08T04:09:44.211025+00:00
212738,CHAMS,2023-11-22,2.34,,,2.34,3529369,2026-04-08T04:09:46.526636+00:00
212854,CHAMS,2023-11-23,2.33,,,2.33,20777615,2026-04-08T04:09:48.793806+00:00
212971,CHAMS,2023-11-27,2.14,,,2.14,9410224,2026-04-08T04:09:54.316732+00:00
213088,CHAMS,2023-11-28,2.1,,,2.1,8183294,2026-04-08T04:09:57.050116+00:00
213205,CHAMS,2023-11-29,2.05,,,2.05,3700783,2026-04-08T04:09:59.54407+00:00
213322,CHAMS,2023-11-30,1.97,,,1.97,15873563,2026-04-08T04:10:01.973818+00:00
213439,CHAMS,2023-12-01,1.98,,,1.98,5701957,2026-04-08T04:10:04.46052+00:00
213556,CHAMS,2023-12-04,2.04,,,2.04,2866460,2026-04-08T04:10:08.793495+00:00
213673,CHAMS,2023-12-05,2.04,,,2.04,1536664,2026-04-08T04:10:11.104733+00:00
213790,CHAMS,2023-12-06,1.95,,,1.95,10815830,2026-04-08T04:10:13.383432+00:00
213907,CHAMS,2023-12-08,1.87,,,1.87,9478275,2026-04-08T04:10:16.965057+00:00
214024,CHAMS,2023-12-11,1.98,,,1.98,2497038,2026-04-08T04:10:21.350621+00:00
214141,CHAMS,2023-12-12,1.98,,,1.98,3473303,2026-04-08T04:10:23.843731+00:00
214258,CHAMS,2023-12-13,1.9,,,1.9,6295733,2026-04-08T04:10:26.19208+00:00
214375,CHAMS,2023-12-14,1.89,,,1.89,3863512,2026-04-08T04:10:28.64956+00:00
214492,CHAMS,2023-12-15,1.86,,,1.86,8711249,2026-04-08T04:10:31.179138+00:00
214609,CHAMS,2023-12-18,1.89,,,1.89,2828937,2026-04-08T04:10:35.879044+00:00
214726,CHAMS,2023-12-19,1.99,,,1.99,1963289,2026-04-08T04:10:38.280823+00:00
214843,CHAMS,2023-12-20,1.81,,,1.81,8758182,2026-04-08T04:10:40.523028+00:00
214960,CHAMS,2023-12-21,1.85,,,1.85,1356526,2026-04-08T04:10:42.873875+00:00
215077,CHAMS,2023-12-28,1.81,,,1.81,3878146,2026-04-08T04:10:51.166125+00:00
215194,CHAMS,2023-12-29,1.97,,,1.97,8308994,2026-04-08T04:10:53.57119+00:00
215311,CHAMS,2024-01-02,2.05,,,2.05,8276038,2026-04-08T04:10:59.157783+00:00
215428,CHAMS,2024-01-03,2.25,,,2.25,16755638,2026-04-08T04:11:01.401293+00:00
215545,CHAMS,2024-01-04,2.15,,,2.15,12167830,2026-04-08T04:11:03.846312+00:00
215662,CHAMS,2024-01-05,2.26,,,2.26,11068297,2026-04-08T04:11:07.208124+00:00
215779,CHAMS,2024-01-08,2.45,,,2.45,13119719,2026-04-08T04:11:11.742656+00:00
215896,CHAMS,2024-01-09,2.4,,,2.4,22200393,2026-04-08T04:11:14.100458+00:00
216013,CHAMS,2024-01-10,2.16,,,2.16,13545692,2026-04-08T04:11:16.512964+00:00
216130,CHAMS,2024-01-11,2.2,,,2.2,13110832,2026-04-08T04:11:18.918089+00:00
216247,CHAMS,2024-01-12,2.3,,,2.3,10757973,2026-04-08T04:11:21.244944+00:00
216364,CHAMS,2024-01-15,2.53,,,2.53,17536193,2026-04-08T04:11:25.674113+00:00
216481,CHAMS,2024-01-16,2.78,,,2.78,9675798,2026-04-08T04:11:28.037988+00:00
216598,CHAMS,2024-01-18,3.35,,,3.35,17319620,2026-04-08T04:11:31.337167+00:00
216715,CHAMS,2024-01-19,3.28,,,3.28,18568783,2026-04-08T04:11:38.619168+00:00
216832,CHAMS,2024-01-22,2.98,,,2.98,13250677,2026-04-08T04:11:42.948818+00:00
216949,CHAMS,2024-01-23,2.69,,,2.69,6588961,2026-04-08T04:11:45.304506+00:00
217066,CHAMS,2024-01-24,2.48,,,2.48,20316406,2026-04-08T04:11:47.647942+00:00
217183,CHAMS,2024-01-25,2.72,,,2.72,8954161,2026-04-08T04:11:50.11021+00:00
217300,CHAMS,2024-01-26,2.89,,,2.89,7821495,2026-04-08T04:11:52.721812+00:00
217417,CHAMS,2024-01-29,2.92,,,2.92,6406335,2026-04-08T04:11:57.440388+00:00
217534,CHAMS,2024-01-30,2.63,,,2.63,12072162,2026-04-08T04:12:00.024191+00:00
217651,CHAMS,2024-01-31,2.4,,,2.4,7360020,2026-04-08T04:12:02.433526+00:00
217768,CHAMS,2024-02-01,2.64,,,2.64,8377462,2026-04-08T04:12:04.812869+00:00
217885,CHAMS,2024-02-02,2.9,,,2.9,15157664,2026-04-08T04:12:07.232701+00:00
218002,CHAMS,2024-02-05,3.1,,,3.1,8822758,2026-04-08T04:12:11.791199+00:00
218119,CHAMS,2024-02-06,2.88,,,2.88,12531231,2026-04-08T04:12:14.363902+00:00
218236,CHAMS,2024-02-07,2.68,,,2.68,5114303,2026-04-08T04:12:16.791058+00:00
218353,CHAMS,2024-02-08,2.47,,,2.47,9814474,2026-04-08T04:12:19.312026+00:00
218470,CHAMS,2024-02-09,2.5,,,2.5,6912267,2026-04-08T04:12:21.609908+00:00
218587,CHAMS,2024-02-12,2.75,,,2.75,3806344,2026-04-08T04:12:25.771109+00:00
218704,CHAMS,2024-02-13,2.7,,,2.7,2739212,2026-04-08T04:12:28.061356+00:00
218821,CHAMS,2024-02-14,2.7,,,2.7,989004,2026-04-08T04:12:30.570558+00:00
218938,CHAMS,2024-02-16,2.73,,,2.73,3327134,2026-04-08T04:12:34.036511+00:00
219055,CHAMS,2024-02-19,2.7,,,2.7,2387188,2026-04-08T04:12:38.429241+00:00
219172,CHAMS,2024-02-20,2.5,,,2.5,3224782,2026-04-08T04:12:40.813552+00:00
219289,CHAMS,2024-02-21,2.5,,,2.5,2321386,2026-04-08T04:12:43.257682+00:00
219406,CHAMS,2024-02-22,2.4,,,2.4,1217031,2026-04-08T04:12:45.850796+00:00
219523,CHAMS,2024-02-26,2.5,,,2.5,862807,2026-04-08T04:12:51.18414+00:00
219640,CHAMS,2024-02-27,2.4,,,2.4,1829507,2026-04-08T04:12:53.509755+00:00
219757,CHAMS,2024-02-29,2.17,,,2.17,8581806,2026-04-08T04:12:56.822244+00:00
219874,CHAMS,2024-03-01,2.38,,,2.38,4202879,2026-04-08T04:12:59.287484+00:00
219991,CHAMS,2024-03-04,2.25,,,2.25,4340737,2026-04-08T04:13:03.814092+00:00
220109,CHAMS,2024-03-05,2.15,,,2.15,2707845,2026-04-08T04:13:06.279726+00:00
220227,CHAMS,2024-03-06,2.15,,,2.15,600012,2026-04-08T04:13:08.558236+00:00
220345,CHAMS,2024-03-07,2.0,,,2.0,2858846,2026-04-08T04:13:10.988978+00:00
220463,CHAMS,2024-03-08,2.0,,,2.0,1529901,2026-04-08T04:13:13.453006+00:00
220581,CHAMS,2024-03-11,2.06,,,2.06,4511579,2026-04-08T04:13:17.773706+00:00
220699,CHAMS,2024-03-12,2.2,,,2.2,6127511,2026-04-08T04:13:20.258657+00:00
220817,CHAMS,2024-03-13,2.28,,,2.28,2895020,2026-04-08T04:13:22.557243+00:00
220935,CHAMS,2024-03-14,2.3,,,2.3,724418,2026-04-08T04:13:25.004754+00:00
221053,CHAMS,2024-03-15,2.21,,,2.21,1499337,2026-04-08T04:13:27.500984+00:00
221171,CHAMS,2024-03-19,2.13,,,2.13,1111423,2026-04-08T04:13:32.54102+00:00
221289,CHAMS,2024-03-20,2.2,,,2.2,419153,2026-04-08T04:13:34.949661+00:00
221407,CHAMS,2024-03-21,2.1,,,2.1,2593348,2026-04-08T04:13:37.293426+00:00
221525,CHAMS,2024-03-22,2.1,,,2.1,4063206,2026-04-08T04:13:39.66616+00:00
221643,CHAMS,2024-03-25,2.1,,,2.1,1975090,2026-04-08T04:13:43.964435+00:00
221761,CHAMS,2024-03-26,2.05,,,2.05,3765639,2026-04-08T04:13:46.391317+00:00
221879,CHAMS,2024-03-27,2.05,,,2.05,12643542,2026-04-08T04:13:48.795654+00:00
221997,CHAMS,2024-03-28,1.92,,,1.92,6125767,2026-04-08T04:13:51.173779+00:00
222115,CHAMS,2024-04-02,2.11,,,2.11,2732041,2026-04-08T04:13:58.053067+00:00
222233,CHAMS,2024-04-03,2.2,,,2.2,8062295,2026-04-08T04:14:00.66873+00:00
222351,CHAMS,2024-04-04,2.2,,,2.2,2343051,2026-04-08T04:14:03.310057+00:00
222469,CHAMS,2024-04-05,2.22,,,2.22,4021430,2026-04-08T04:14:05.820809+00:00
222587,CHAMS,2024-04-12,2.04,,,2.04,5674705,2026-04-08T04:14:15.984697+00:00
222705,CHAMS,2024-04-15,1.99,,,1.99,3380017,2026-04-08T04:14:20.492228+00:00
222823,CHAMS,2024-04-16,1.97,,,1.97,1851678,2026-04-08T04:14:22.958286+00:00
222941,CHAMS,2024-04-17,1.86,,,1.86,1196676,2026-04-08T04:14:25.407203+00:00
223059,CHAMS,2024-04-18,1.69,,,1.69,7373386,2026-04-08T04:14:27.862982+00:00
223177,CHAMS,2024-04-19,1.7,,,1.7,1370973,2026-04-08T04:14:30.225092+00:00
223295,CHAMS,2024-04-22,1.69,,,1.69,3037240,2026-04-08T04:14:34.624841+00:00
223413,CHAMS,2024-04-23,1.68,,,1.68,4588163,2026-04-08T04:14:36.881925+00:00
223531,CHAMS,2024-04-24,1.68,,,1.68,5695058,2026-04-08T04:14:39.108369+00:00
223649,CHAMS,2024-04-25,1.69,,,1.69,3385209,2026-04-08T04:14:41.415412+00:00
223767,CHAMS,2024-04-26,1.85,,,1.85,8263336,2026-04-08T04:14:43.709399+00:00
223885,CHAMS,2024-04-29,1.88,,,1.88,4108951,2026-04-08T04:14:47.97937+00:00
224003,CHAMS,2024-04-30,1.88,,,1.88,3229207,2026-04-08T04:14:50.304196+00:00
224121,CHAMS,2024-05-02,1.74,,,1.74,4844180,2026-04-08T04:14:53.573612+00:00
224239,CHAMS,2024-05-03,1.78,,,1.78,5203272,2026-04-08T04:14:55.989363+00:00
224357,CHAMS,2024-05-06,1.75,,,1.75,2482411,2026-04-08T04:15:00.14873+00:00
224475,CHAMS,2024-05-07,1.75,,,1.75,1312940,2026-04-08T04:15:02.40079+00:00
224593,CHAMS,2024-05-08,1.8,,,1.8,566543,2026-04-08T04:15:04.708287+00:00
224711,CHAMS,2024-05-09,1.79,,,1.79,1409728,2026-04-08T04:15:07.337178+00:00
224829,CHAMS,2024-05-10,1.79,,,1.79,1343229,2026-04-08T04:15:09.604775+00:00
224947,CHAMS,2024-05-13,1.68,,,1.68,2947053,2026-04-08T04:15:13.907933+00:00
225065,CHAMS,2024-05-14,1.75,,,1.75,2727319,2026-04-08T04:15:16.26654+00:00
225183,CHAMS,2024-05-15,1.75,,,1.75,621400,2026-04-08T04:15:18.549958+00:00
225301,CHAMS,2024-05-16,1.68,,,1.68,1947693,2026-04-08T04:15:20.841424+00:00
225419,CHAMS,2024-05-20,1.5,,,1.5,3795323,2026-04-08T04:15:25.962105+00:00
225537,CHAMS,2024-05-21,1.5,,,1.5,5980022,2026-04-08T04:15:28.334406+00:00
225655,CHAMS,2024-05-22,1.4,,,1.4,1584577,2026-04-08T04:15:30.660212+00:00
225773,CHAMS,2024-05-23,1.5,,,1.5,10740661,2026-04-08T04:15:32.993296+00:00
225891,CHAMS,2024-05-24,1.5,,,1.5,385579,2026-04-08T04:15:35.360226+00:00
226009,CHAMS,2024-05-27,1.5,,,1.5,3894861,2026-04-08T04:15:39.562711+00:00
226127,CHAMS,2024-05-28,1.48,,,1.48,7391776,2026-04-08T04:15:41.894674+00:00
226245,CHAMS,2024-05-29,1.5,,,1.5,4213113,2026-04-08T04:15:44.435333+00:00
226363,CHAMS,2024-05-30,1.57,,,1.57,5304653,2026-04-08T04:15:46.695543+00:00
226481,CHAMS,2024-05-31,1.5,,,1.5,7982745,2026-04-08T04:15:48.909252+00:00
226599,CHAMS,2024-06-03,1.5,,,1.5,9908440,2026-04-08T04:15:53.203965+00:00
226717,CHAMS,2024-06-04,1.4,,,1.4,8865749,2026-04-08T04:15:55.456464+00:00
226835,CHAMS,2024-06-05,1.42,,,1.42,1110447,2026-04-08T04:15:57.839545+00:00
226953,CHAMS,2024-06-06,1.4,,,1.4,4625035,2026-04-08T04:16:00.091412+00:00
227071,CHAMS,2024-06-07,1.54,,,1.54,7072734,2026-04-08T04:16:02.294722+00:00
227189,CHAMS,2024-06-10,1.69,,,1.69,3329775,2026-04-08T04:16:06.655303+00:00
227307,CHAMS,2024-06-11,1.85,,,1.85,4427288,2026-04-08T04:16:09.027942+00:00
227425,CHAMS,2024-06-13,1.89,,,1.89,11167525,2026-04-08T04:16:12.454757+00:00
227543,CHAMS,2024-06-14,1.9,,,1.9,4780626,2026-04-08T04:16:14.762224+00:00
227661,CHAMS,2024-06-20,2.13,,,2.13,3947554,2026-04-08T04:16:22.365263+00:00
227779,CHAMS,2024-06-21,2.34,,,2.34,15769576,2026-04-08T04:16:24.740936+00:00
227897,CHAMS,2024-06-24,2.3,,,2.3,26151623,2026-04-08T04:16:29.101951+00:00
228015,CHAMS,2024-06-25,2.4,,,2.4,9743002,2026-04-08T04:16:31.430939+00:00
228133,CHAMS,2024-06-26,2.35,,,2.35,3251262,2026-04-08T04:16:33.77834+00:00
228251,CHAMS,2024-06-27,2.3,,,2.3,5584721,2026-04-08T04:16:36.13415+00:00
228369,CHAMS,2024-06-28,2.4,,,2.4,13924986,2026-04-08T04:16:38.472674+00:00
228487,CHAMS,2024-07-01,2.3,,,2.3,2981438,2026-04-08T04:16:42.881798+00:00
228605,CHAMS,2024-07-02,2.2,,,2.2,9925925,2026-04-08T04:16:45.256647+00:00
228723,CHAMS,2024-07-03,2.11,,,2.11,8448031,2026-04-08T04:16:47.732339+00:00
228841,CHAMS,2024-07-04,2.21,,,2.21,5175304,2026-04-08T04:16:50.22378+00:00
228959,CHAMS,2024-07-05,2.38,,,2.38,23185928,2026-04-08T04:16:52.679645+00:00
229077,CHAMS,2024-07-08,2.15,,,2.15,16007555,2026-04-08T04:16:57.375145+00:00
229195,CHAMS,2024-07-09,2.16,,,2.16,4608697,2026-04-08T04:16:59.679545+00:00
229313,CHAMS,2024-07-10,2.2,,,2.2,8336249,2026-04-08T04:17:02.104038+00:00
229431,CHAMS,2024-07-11,2.21,,,2.21,1399646,2026-04-08T04:17:04.804273+00:00
229549,CHAMS,2024-07-12,2.17,,,2.17,1955393,2026-04-08T04:17:07.071694+00:00
229667,CHAMS,2024-07-15,2.19,,,2.19,2825439,2026-04-08T04:17:11.418935+00:00
229785,CHAMS,2024-07-16,2.19,,,2.19,1899071,2026-04-08T04:17:13.920176+00:00
229903,CHAMS,2024-07-17,2.19,,,2.19,2785686,2026-04-08T04:17:16.239817+00:00
230021,CHAMS,2024-07-18,2.15,,,2.15,3728349,2026-04-08T04:17:18.614364+00:00
230139,CHAMS,2024-07-19,2.11,,,2.11,3044158,2026-04-08T04:17:20.923419+00:00
230257,CHAMS,2024-07-22,2.12,,,2.12,734165,2026-04-08T04:17:25.185516+00:00
230375,CHAMS,2024-07-23,2.12,,,2.12,6056301,2026-04-08T04:17:27.655924+00:00
230493,CHAMS,2024-07-24,2.1,,,2.1,3328897,2026-04-08T04:17:30.124258+00:00
230611,CHAMS,2024-07-25,2.1,,,2.1,2030928,2026-04-08T04:17:32.638981+00:00
230729,CHAMS,2024-07-26,2.12,,,2.12,2839245,2026-04-08T04:17:35.101122+00:00
230847,CHAMS,2024-07-29,2.16,,,2.16,12526733,2026-04-08T04:17:40.103977+00:00
230965,CHAMS,2024-07-30,2.19,,,2.19,2400819,2026-04-08T04:17:43.080384+00:00
231083,CHAMS,2024-07-31,2.1,,,2.1,18156984,2026-04-08T04:17:45.61458+00:00
231201,CHAMS,2024-08-01,2.2,,,2.2,3284628,2026-04-08T04:17:47.950902+00:00
231319,CHAMS,2024-08-02,2.2,,,2.2,890536,2026-04-08T04:17:50.372085+00:00
231437,CHAMS,2024-08-05,1.98,,,1.98,10679244,2026-04-08T04:17:54.929581+00:00
231555,CHAMS,2024-08-06,2.15,,,2.15,25640718,2026-04-08T04:17:57.472912+00:00
231673,CHAMS,2024-08-07,2.23,,,2.23,27126054,2026-04-08T04:17:59.948734+00:00
231791,CHAMS,2024-08-08,2.11,,,2.11,4609665,2026-04-08T04:18:02.36647+00:00
231909,CHAMS,2024-08-09,2.25,,,2.25,3161165,2026-04-08T04:18:04.674683+00:00
232027,CHAMS,2024-08-12,2.29,,,2.29,4173365,2026-04-08T04:18:08.918743+00:00
232145,CHAMS,2024-08-13,2.14,,,2.14,2733509,2026-04-08T04:18:11.387792+00:00
232263,CHAMS,2024-08-14,2.1,,,2.1,4350728,2026-04-08T04:18:13.859526+00:00
232381,CHAMS,2024-08-15,2.0,,,2.0,7021344,2026-04-08T04:18:16.357381+00:00
232499,CHAMS,2024-08-16,2.02,,,2.02,5916397,2026-04-08T04:18:18.692447+00:00
232617,CHAMS,2024-08-19,2.1,,,2.1,8422297,2026-04-08T04:18:23.063194+00:00
232735,CHAMS,2024-08-20,2.06,,,2.06,3226216,2026-04-08T04:18:25.366221+00:00
232853,CHAMS,2024-08-21,2.16,,,2.16,1016507,2026-04-08T04:18:27.861334+00:00
232971,CHAMS,2024-08-22,1.95,,,1.95,33838563,2026-04-08T04:18:30.156184+00:00
233089,CHAMS,2024-08-23,2.09,,,2.09,7182730,2026-04-08T04:18:32.497978+00:00
233207,CHAMS,2024-08-26,2.12,,,2.12,18320975,2026-04-08T04:18:37.19542+00:00
233325,CHAMS,2024-08-27,2.11,,,2.11,7977146,2026-04-08T04:18:39.561091+00:00
233443,CHAMS,2024-08-28,2.32,,,2.32,28728540,2026-04-08T04:18:42.048567+00:00
233561,CHAMS,2024-08-29,2.37,,,2.37,10310666,2026-04-08T04:18:44.36768+00:00
233679,CHAMS,2024-09-02,2.01,,,2.01,8693166,2026-04-08T04:18:49.632285+00:00
233797,CHAMS,2024-09-03,2.06,,,2.06,12624659,2026-04-08T04:18:52.389232+00:00
233915,CHAMS,2024-09-04,2.1,,,2.1,4503637,2026-04-08T04:18:54.875674+00:00
234033,CHAMS,2024-09-05,2.05,,,2.05,13583328,2026-04-08T04:18:57.763256+00:00
234151,CHAMS,2024-09-06,2.09,,,2.09,4017454,2026-04-08T04:19:00.536712+00:00
234269,CHAMS,2024-09-09,2.09,,,2.09,11777375,2026-04-08T04:19:05.495104+00:00
234387,CHAMS,2024-09-10,2.04,,,2.04,14735171,2026-04-08T04:19:08.070871+00:00
234505,CHAMS,2024-09-11,2.1,,,2.1,5980021,2026-04-08T04:19:10.663572+00:00
234623,CHAMS,2024-09-12,2.09,,,2.09,4605127,2026-04-08T04:19:13.371302+00:00
234741,CHAMS,2024-09-13,2.13,,,2.13,1176380,2026-04-08T04:19:16.033041+00:00
234859,CHAMS,2024-09-17,2.13,,,2.13,4472809,2026-04-08T04:19:22.824888+00:00
234977,CHAMS,2024-09-18,2.11,,,2.11,4278841,2026-04-08T04:19:25.915955+00:00
235095,CHAMS,2024-09-19,2.1,,,2.1,3242713,2026-04-08T04:19:28.330134+00:00
235213,CHAMS,2024-09-20,2.1,,,2.1,708760,2026-04-08T04:19:30.82066+00:00
235331,CHAMS,2024-09-23,2.1,,,2.1,3300650,2026-04-08T04:19:35.29526+00:00
235449,CHAMS,2024-09-24,2.1,,,2.1,5460117,2026-04-08T04:19:37.629736+00:00
235567,CHAMS,2024-09-25,2.0,,,2.0,8098414,2026-04-08T04:19:40.096992+00:00
235685,CHAMS,2024-09-26,2.05,,,2.05,4152397,2026-04-08T04:19:42.676048+00:00
235803,CHAMS,2024-09-27,2.03,,,2.03,2694472,2026-04-08T04:19:45.342636+00:00
235921,CHAMS,2024-09-30,2.14,,,2.14,15893355,2026-04-08T04:19:50.223917+00:00
236039,CHAMS,2024-10-02,2.14,,,2.14,1874223,2026-04-08T04:19:53.821423+00:00
236157,CHAMS,2024-10-03,2.07,,,2.07,6799725,2026-04-08T04:19:56.203135+00:00
236275,CHAMS,2024-10-04,2.1,,,2.1,1701455,2026-04-08T04:19:58.634737+00:00
236393,CHAMS,2024-10-07,2.1,,,2.1,812155,2026-04-08T04:20:03.05432+00:00
236511,CHAMS,2024-10-08,2.08,,,2.08,8094808,2026-04-08T04:20:05.535519+00:00
236629,CHAMS,2024-10-10,2.1,,,2.1,2317516,2026-04-08T04:20:08.855054+00:00
236747,CHAMS,2024-10-11,2.05,,,2.05,5327798,2026-04-08T04:20:11.460237+00:00
236865,CHAMS,2024-10-14,2.0,,,2.0,18823776,2026-04-08T04:20:16.284622+00:00
236984,CHAMS,2024-10-15,2.05,,,2.05,7075485,2026-04-08T04:20:18.84933+00:00
237103,CHAMS,2024-10-17,2.0,,,2.0,8991958,2026-04-08T04:20:23.389134+00:00
237222,CHAMS,2024-10-18,2.0,,,2.0,10269765,2026-04-08T04:20:26.17489+00:00
237341,CHAMS,2024-10-21,1.97,,,1.97,8984066,2026-04-08T04:20:30.541886+00:00
237460,CHAMS,2024-10-22,1.99,,,1.99,1234254,2026-04-08T04:20:32.890604+00:00
237579,CHAMS,2024-10-23,2.0,,,2.0,3204311,2026-04-08T04:20:35.186729+00:00
237698,CHAMS,2024-10-24,2.05,,,2.05,3609730,2026-04-08T04:20:37.740613+00:00
237817,CHAMS,2024-10-25,2.0,,,2.0,97663406,2026-04-08T04:20:40.222387+00:00
237936,CHAMS,2024-10-28,1.99,,,1.99,84618170,2026-04-08T04:20:44.742576+00:00
238055,CHAMS,2024-10-29,2.0,,,2.0,80602815,2026-04-08T04:20:47.136244+00:00
238174,CHAMS,2024-10-30,2.02,,,2.02,80660594,2026-04-08T04:20:49.405969+00:00
238293,CHAMS,2024-10-31,2.06,,,2.06,53262256,2026-04-08T04:20:51.756515+00:00
238412,CHAMS,2024-11-01,2.08,,,2.08,49392654,2026-04-08T04:20:54.1075+00:00
238531,CHAMS,2024-11-04,2.0,,,2.0,12462883,2026-04-08T04:20:58.471072+00:00
238650,CHAMS,2024-11-05,2.1,,,2.1,8284313,2026-04-08T04:21:01.00344+00:00
238769,CHAMS,2024-11-06,2.0,,,2.0,6083624,2026-04-08T04:21:03.585377+00:00
238888,CHAMS,2024-11-07,2.0,,,2.0,14697875,2026-04-08T04:21:06.256351+00:00
239007,CHAMS,2024-11-08,2.05,,,2.05,1502101,2026-04-08T04:21:08.623134+00:00
239126,CHAMS,2024-11-11,2.07,,,2.07,2208630,2026-04-08T04:21:12.782875+00:00
239245,CHAMS,2024-11-12,2.05,,,2.05,6307875,2026-04-08T04:21:15.417322+00:00
239364,CHAMS,2024-11-13,2.04,,,2.04,3144400,2026-04-08T04:21:17.790166+00:00
239483,CHAMS,2024-11-14,2.0,,,2.0,4729131,2026-04-08T04:21:20.354873+00:00
239602,CHAMS,2024-11-15,2.0,,,2.0,1363774,2026-04-08T04:21:22.90937+00:00
239721,CHAMS,2024-11-18,2.0,,,2.0,1308720,2026-04-08T04:21:27.576358+00:00
239840,CHAMS,2024-11-19,2.0,,,2.0,23662880,2026-04-08T04:21:29.868433+00:00
239959,CHAMS,2024-11-20,2.06,,,2.06,6780999,2026-04-08T04:21:32.433299+00:00
240078,CHAMS,2024-11-21,2.0,,,2.0,11411125,2026-04-08T04:21:34.755564+00:00
240197,CHAMS,2024-11-22,2.0,,,2.0,9987820,2026-04-08T04:21:37.514754+00:00
240316,CHAMS,2024-11-25,2.0,,,2.0,23662247,2026-04-08T04:21:41.818387+00:00
240435,CHAMS,2024-11-26,2.0,,,2.0,17496967,2026-04-08T04:21:44.163824+00:00
240554,CHAMS,2024-11-27,2.0,,,2.0,12054043,2026-04-08T04:21:46.720727+00:00
240673,CHAMS,2024-11-28,1.99,,,1.99,10188380,2026-04-08T04:21:49.110263+00:00
240792,CHAMS,2024-12-02,1.99,,,1.99,5005102,2026-04-08T04:21:54.88401+00:00
240911,CHAMS,2024-12-03,1.98,,,1.98,15973756,2026-04-08T04:21:57.640504+00:00
241030,CHAMS,2024-12-04,1.99,,,1.99,2850012,2026-04-08T04:21:59.930228+00:00
241149,CHAMS,2024-12-06,1.99,,,1.99,6622979,2026-04-08T04:22:03.392712+00:00
241268,CHAMS,2024-12-09,1.92,,,1.92,16985491,2026-04-08T04:22:07.745808+00:00
241387,CHAMS,2024-12-10,1.95,,,1.95,4310914,2026-04-08T04:22:10.112253+00:00
241506,CHAMS,2024-12-11,1.97,,,1.97,7697853,2026-04-08T04:22:12.639548+00:00
241625,CHAMS,2024-12-12,1.99,,,1.99,3766180,2026-04-08T04:22:15.033357+00:00
241744,CHAMS,2024-12-13,2.0,,,2.0,1978373,2026-04-08T04:22:17.509919+00:00
241863,CHAMS,2024-12-16,1.97,,,1.97,3388316,2026-04-08T04:22:22.499781+00:00
241982,CHAMS,2024-12-17,1.99,,,1.99,4716392,2026-04-08T04:22:24.995572+00:00
242101,CHAMS,2024-12-18,1.94,,,1.94,3236529,2026-04-08T04:22:27.498126+00:00
242220,CHAMS,2024-12-19,1.99,,,1.99,4194577,2026-04-08T04:22:29.868083+00:00
242339,CHAMS,2024-12-20,1.93,,,1.93,8167583,2026-04-08T04:22:32.392508+00:00
242458,CHAMS,2024-12-23,2.0,,,2.0,2696490,2026-04-08T04:22:36.740311+00:00
242577,CHAMS,2024-12-24,1.98,,,1.98,8907775,2026-04-08T04:22:39.25804+00:00
242696,CHAMS,2024-12-27,2.0,,,2.0,8801657,2026-04-08T04:22:43.946119+00:00
242814,CHAMS,2024-12-31,1.99,,,1.99,18474686,2026-04-08T04:22:48.665239+00:00
242932,CHAMS,2025-01-02,2.1,,,2.1,63679264,2026-04-08T04:22:52.256438+00:00
243050,CHAMS,2025-01-03,2.31,,,2.31,58072246,2026-04-08T04:22:55.101113+00:00
243168,CHAMS,2025-01-06,2.35,,,2.35,80764626,2026-04-08T04:23:00.046313+00:00
243286,CHAMS,2025-01-07,2.14,,,2.14,24374028,2026-04-08T04:23:02.329348+00:00
243404,CHAMS,2025-01-08,2.14,,,2.14,33148812,2026-04-08T04:23:04.632968+00:00
243522,CHAMS,2025-01-09,2.14,,,2.14,10868337,2026-04-08T04:23:06.908261+00:00
243640,CHAMS,2025-01-10,2.2,,,2.2,16541063,2026-04-08T04:23:09.304805+00:00
243758,CHAMS,2025-01-13,2.17,,,2.17,29698405,2026-04-08T04:23:13.790041+00:00
243876,CHAMS,2025-01-14,2.11,,,2.11,19944576,2026-04-08T04:23:16.129929+00:00
243994,CHAMS,2025-01-15,2.07,,,2.07,4854616,2026-04-08T04:23:18.535433+00:00
244112,CHAMS,2025-01-16,2.1,,,2.1,3791272,2026-04-08T04:23:20.834867+00:00
244230,CHAMS,2025-01-17,2.1,,,2.1,3985242,2026-04-08T04:23:23.141674+00:00
244348,CHAMS,2025-01-20,2.08,,,2.08,4196210,2026-04-08T04:23:27.482452+00:00
244466,CHAMS,2025-01-21,2.1,,,2.1,5796615,2026-04-08T04:23:29.752731+00:00
244584,CHAMS,2025-01-22,2.1,,,2.1,2468845,2026-04-08T04:23:32.235559+00:00
244702,CHAMS,2025-01-23,2.1,,,2.1,6794499,2026-04-08T04:23:34.519549+00:00
244820,CHAMS,2025-01-24,2.08,,,2.08,2504382,2026-04-08T04:23:37.097992+00:00
244938,CHAMS,2025-01-27,2.07,,,2.07,6911517,2026-04-08T04:23:41.817807+00:00
245056,CHAMS,2025-01-28,2.08,,,2.08,9887115,2026-04-08T04:23:44.43679+00:00
245174,CHAMS,2025-01-30,2.15,,,2.15,7165527,2026-04-08T04:23:47.90788+00:00
245292,CHAMS,2025-01-31,2.15,,,2.15,7165527,2026-04-08T04:23:50.425841+00:00
245410,CHAMS,2025-02-03,2.13,,,2.13,5681356,2026-04-08T04:23:55.090801+00:00
245528,CHAMS,2025-02-04,2.15,,,2.15,8868724,2026-04-08T04:23:57.584141+00:00
245646,CHAMS,2025-02-05,2.14,,,2.14,4934796,2026-04-08T04:24:00.484627+00:00
245764,CHAMS,2025-02-06,2.12,,,2.12,4606078,2026-04-08T04:24:04.153698+00:00
245882,CHAMS,2025-02-07,2.25,,,2.25,12124880,2026-04-08T04:24:07.822728+00:00
246000,CHAMS,2025-02-10,2.31,,,2.31,11295180,2026-04-08T04:24:13.163899+00:00
246118,CHAMS,2025-02-11,2.35,,,2.35,15304404,2026-04-08T04:24:15.629092+00:00
246236,CHAMS,2025-02-12,2.4,,,2.4,11252398,2026-04-08T04:24:18.226035+00:00
246354,CHAMS,2025-02-13,2.31,,,2.31,14538722,2026-04-08T04:24:20.725749+00:00
246472,CHAMS,2025-02-14,2.31,,,2.31,5459302,2026-04-08T04:24:23.300806+00:00
246590,CHAMS,2025-02-17,2.29,,,2.29,6054751,2026-04-08T04:24:27.726986+00:00
246708,CHAMS,2025-02-18,2.13,,,2.13,4053771,2026-04-08T04:24:30.295737+00:00
246826,CHAMS,2025-02-19,2.15,,,2.15,2784214,2026-04-08T04:24:32.765887+00:00
246944,CHAMS,2025-02-20,2.21,,,2.21,4305996,2026-04-08T04:24:35.351909+00:00
247062,CHAMS,2025-02-21,2.35,,,2.35,10903693,2026-04-08T04:24:37.680479+00:00
247180,CHAMS,2025-02-25,2.1,,,2.1,11046635,2026-04-08T04:24:43.419296+00:00
247298,CHAMS,2025-02-26,2.15,,,2.15,2651618,2026-04-08T04:24:45.860894+00:00
247416,CHAMS,2025-02-27,2.2,,,2.2,1190081,2026-04-08T04:24:48.27846+00:00
247534,CHAMS,2025-02-28,2.17,,,2.17,4344109,2026-04-08T04:24:50.63724+00:00
247652,CHAMS,2025-03-03,2.16,,,2.16,8101732,2026-04-08T04:24:55.222854+00:00
247770,CHAMS,2025-03-04,2.08,,,2.08,2726816,2026-04-08T04:24:57.762887+00:00
247889,CHAMS,2025-03-05,2.05,,,2.05,4473127,2026-04-08T04:25:00.108696+00:00
248008,CHAMS,2025-03-06,2.0,,,2.0,5175161,2026-04-08T04:25:02.52336+00:00
248127,CHAMS,2025-03-07,2.14,,,2.14,5552195,2026-04-08T04:25:04.19753+00:00
248246,CHAMS,2025-03-10,2.11,,,2.11,2081613,2026-04-08T04:25:07.959889+00:00
248365,CHAMS,2025-03-11,2.15,,,2.15,8268419,2026-04-08T04:25:10.446731+00:00
248484,CHAMS,2025-03-12,2.13,,,2.13,3188152,2026-04-08T04:25:12.888859+00:00
248603,CHAMS,2025-03-13,2.14,,,2.14,3555254,2026-04-08T04:25:15.353849+00:00
248722,CHAMS,2025-03-14,2.15,,,2.15,8359697,2026-04-08T04:25:17.75152+00:00
248841,CHAMS,2025-03-17,2.11,,,2.11,5595431,2026-04-08T04:25:23.327657+00:00
248960,CHAMS,2025-03-18,2.1,,,2.1,4818888,2026-04-08T04:25:25.763099+00:00
249079,CHAMS,2025-03-19,2.13,,,2.13,3772965,2026-04-08T04:25:28.144043+00:00
249198,CHAMS,2025-03-20,2.02,,,2.02,4904250,2026-04-08T04:25:31.01834+00:00
249317,CHAMS,2025-03-21,2.09,,,2.09,1853778,2026-04-08T04:25:33.389958+00:00
249436,CHAMS,2025-03-24,2.0,,,2.0,11694103,2026-04-08T04:25:38.388993+00:00
249555,CHAMS,2025-03-25,2.15,,,2.15,12384905,2026-04-08T04:25:40.7685+00:00
249674,CHAMS,2025-03-26,2.23,,,2.23,13340376,2026-04-08T04:25:43.344812+00:00
249793,CHAMS,2025-03-27,2.04,,,2.04,5018964,2026-04-08T04:25:45.817232+00:00
249912,CHAMS,2025-03-28,2.16,,,2.16,4894406,2026-04-08T04:25:48.177352+00:00
250031,CHAMS,2025-04-02,2.12,,,2.12,10460429,2026-04-08T04:25:54.663823+00:00
250150,CHAMS,2025-04-03,2.1,,,2.1,2246587,2026-04-08T04:25:57.014747+00:00
250269,CHAMS,2025-04-04,2.05,,,2.05,8301643,2026-04-08T04:25:59.489503+00:00
250388,CHAMS,2025-04-07,2.0,,,2.0,8747023,2026-04-08T04:26:04.211964+00:00
250507,CHAMS,2025-04-08,1.85,,,1.85,11592689,2026-04-08T04:26:06.766331+00:00
250626,CHAMS,2025-04-10,2.0,,,2.0,5049209,2026-04-08T04:26:10.263658+00:00
250745,CHAMS,2025-04-11,2.15,,,2.15,1231538,2026-04-08T04:26:12.610372+00:00
250864,CHAMS,2025-04-14,2.0,,,2.0,24318171,2026-04-08T04:26:17.137975+00:00
250983,CHAMS,2025-04-15,2.1,,,2.1,17446622,2026-04-08T04:26:19.634971+00:00
251102,CHAMS,2025-04-16,2.0,,,2.0,24622367,2026-04-08T04:26:22.321337+00:00
251221,CHAMS,2025-04-17,2.04,,,2.04,7231379,2026-04-08T04:26:24.819431+00:00
251340,CHAMS,2025-04-22,2.07,,,2.07,29697583,2026-04-08T04:26:31.401152+00:00
251459,CHAMS,2025-04-23,2.06,,,2.06,8231319,2026-04-08T04:26:33.741411+00:00
251578,CHAMS,2025-04-24,2.2,,,2.2,13740766,2026-04-08T04:26:36.383131+00:00
251698,CHAMS,2025-04-25,2.04,,,2.04,3982441,2026-04-08T04:26:38.677219+00:00
251818,CHAMS,2025-04-28,2.04,,,2.04,6226209,2026-04-08T04:26:43.113614+00:00
251938,CHAMS,2025-04-29,2.04,,,2.04,7855939,2026-04-08T04:26:45.609073+00:00
252058,CHAMS,2025-04-30,2.1,,,2.1,10869128,2026-04-08T04:26:48.242472+00:00
252178,CHAMS,2025-05-02,2.06,,,2.06,51563158,2026-04-08T04:26:51.690529+00:00
252298,CHAMS,2025-05-05,2.12,,,2.12,23616062,2026-04-08T04:26:56.275381+00:00
252418,CHAMS,2025-05-06,2.16,,,2.16,9399645,2026-04-08T04:26:58.7221+00:00
252538,CHAMS,2025-05-07,2.1,,,2.1,9455879,2026-04-08T04:27:01.170235+00:00
252658,CHAMS,2025-05-08,2.12,,,2.12,4236583,2026-04-08T04:27:03.468055+00:00
252778,CHAMS,2025-05-09,2.1,,,2.1,4539393,2026-04-08T04:27:05.963213+00:00
252898,CHAMS,2025-05-12,2.1,,,2.1,3089984,2026-04-08T04:27:10.449459+00:00
253018,CHAMS,2025-05-14,2.16,,,2.16,3785076,2026-04-08T04:27:13.89162+00:00
253138,CHAMS,2025-05-15,2.2,,,2.2,10816178,2026-04-08T04:27:16.307455+00:00
253258,CHAMS,2025-05-16,2.29,,,2.29,23814358,2026-04-08T04:27:18.639316+00:00
253378,CHAMS,2025-05-19,2.3,,,2.3,6875129,2026-04-08T04:27:23.06518+00:00
253498,CHAMS,2025-05-20,2.3,,,2.3,6875129,2026-04-08T04:27:25.663956+00:00
253618,CHAMS,2025-05-21,2.33,,,2.33,3987979,2026-04-08T04:27:28.280255+00:00
253738,CHAMS,2025-05-22,2.23,,,2.23,10864703,2026-04-08T04:27:30.733393+00:00
253858,CHAMS,2025-05-23,2.29,,,2.29,7108809,2026-04-08T04:27:33.142895+00:00
253978,CHAMS,2025-05-26,2.29,,,2.29,10490751,2026-04-08T04:27:37.938794+00:00
254098,CHAMS,2025-05-27,2.27,,,2.27,6209500,2026-04-08T04:27:40.395447+00:00
254218,CHAMS,2025-05-28,2.24,,,2.24,4310249,2026-04-08T04:27:42.906627+00:00
254338,CHAMS,2025-05-29,2.25,,,2.25,10707372,2026-04-08T04:27:45.903166+00:00
254458,CHAMS,2025-05-30,2.32,,,2.32,5896163,2026-04-08T04:27:48.4452+00:00
254578,CHAMS,2025-06-02,2.25,,,2.25,10422275,2026-04-08T04:27:53.01382+00:00
254698,CHAMS,2025-06-03,2.25,,,2.25,2584058,2026-04-08T04:27:55.368454+00:00
254818,CHAMS,2025-06-04,2.25,,,2.25,2798648,2026-04-08T04:27:57.94541+00:00
254938,CHAMS,2025-06-05,2.28,,,2.28,3395049,2026-04-08T04:28:00.320696+00:00
255058,CHAMS,2025-06-10,2.26,,,2.26,2779125,2026-04-08T04:28:07.114795+00:00
255178,CHAMS,2025-06-11,2.3,,,2.3,5467196,2026-04-08T04:28:09.38594+00:00
255298,CHAMS,2025-06-17,2.15,,,2.15,4611790,2026-04-08T04:28:17.228975+00:00
255418,CHAMS,2025-06-18,2.11,,,2.11,1762303,2026-04-08T04:28:19.70912+00:00
255538,CHAMS,2025-06-19,2.09,,,2.09,4416437,2026-04-08T04:28:22.276816+00:00
255658,CHAMS,2025-06-20,2.16,,,2.16,3467736,2026-04-08T04:28:24.65394+00:00
255778,CHAMS,2025-06-23,2.05,,,2.05,4688409,2026-04-08T04:28:29.225711+00:00
255898,CHAMS,2025-06-24,2.16,,,2.16,7593001,2026-04-08T04:28:31.569579+00:00
256018,CHAMS,2025-06-25,2.25,,,2.25,14170455,2026-04-08T04:28:33.910697+00:00
256138,CHAMS,2025-06-26,2.32,,,2.32,17118525,2026-04-08T04:28:36.389223+00:00
256258,CHAMS,2025-06-27,2.35,,,2.35,9348712,2026-04-08T04:28:38.797599+00:00
256378,CHAMS,2025-07-01,2.2,,,2.2,12506408,2026-04-08T04:28:44.517216+00:00
256498,CHAMS,2025-07-02,2.34,,,2.34,37579528,2026-04-08T04:28:47.139962+00:00
256618,CHAMS,2025-07-03,2.5,,,2.5,59739168,2026-04-08T04:28:49.506141+00:00
256738,CHAMS,2025-07-04,2.47,,,2.47,42009891,2026-04-08T04:28:51.76506+00:00
256858,CHAMS,2025-07-07,2.39,,,2.39,18516416,2026-04-08T04:28:56.230166+00:00
256978,CHAMS,2025-07-08,2.5,,,2.5,27701355,2026-04-08T04:28:58.705995+00:00
257098,CHAMS,2025-07-09,2.75,,,2.75,29013982,2026-04-08T04:29:01.058721+00:00
257218,CHAMS,2025-07-10,3.02,,,3.02,39176520,2026-04-08T04:29:03.550316+00:00
257338,CHAMS,2025-07-11,3.32,,,3.32,32012454,2026-04-08T04:29:06.089999+00:00
257458,CHAMS,2025-07-14,3.03,,,3.03,54955361,2026-04-08T04:29:10.69196+00:00
257578,CHAMS,2025-07-16,2.81,,,2.81,16162362,2026-04-08T04:29:14.112969+00:00
257698,CHAMS,2025-07-17,3.09,,,3.09,20972519,2026-04-08T04:29:16.489777+00:00
257818,CHAMS,2025-07-18,3.09,,,3.09,92621348,2026-04-08T04:29:18.854517+00:00
257938,CHAMS,2025-07-21,3.0,,,3.0,38661849,2026-04-08T04:29:23.300994+00:00
258058,CHAMS,2025-07-22,3.08,,,3.08,14136186,2026-04-08T04:29:25.922592+00:00
258178,CHAMS,2025-07-23,3.0,,,3.0,8928921,2026-04-08T04:29:29.05968+00:00
258298,CHAMS,2025-07-24,2.91,,,2.91,11550116,2026-04-08T04:29:31.486978+00:00
258418,CHAMS,2025-07-25,3.0,,,3.0,8813387,2026-04-08T04:29:33.980938+00:00
258538,CHAMS,2025-07-28,3.0,,,3.0,9980260,2026-04-08T04:29:38.78621+00:00
258657,CHAMS,2025-07-29,3.0,,,3.0,12203372,2026-04-08T04:29:41.392621+00:00
258776,CHAMS,2025-07-30,3.0,,,3.0,11110011,2026-04-08T04:29:43.881641+00:00
258895,CHAMS,2025-07-31,2.71,,,2.71,25787474,2026-04-08T04:29:46.315218+00:00
259014,CHAMS,2025-08-01,2.8,,,2.8,16175573,2026-04-08T04:29:48.711654+00:00
259132,CHAMS,2025-08-04,2.67,,,2.67,17145905,2026-04-08T04:29:53.303607+00:00
259251,CHAMS,2025-08-05,2.93,,,2.93,11018051,2026-04-08T04:29:55.780422+00:00
259370,CHAMS,2025-08-06,3.22,,,3.22,14174346,2026-04-08T04:29:58.241852+00:00
259489,CHAMS,2025-08-07,2.9,,,2.9,14198498,2026-04-08T04:30:00.56444+00:00
259608,CHAMS,2025-08-08,2.76,,,2.76,12896415,2026-04-08T04:30:02.234883+00:00
259727,CHAMS,2025-08-11,2.61,,,2.61,19303021,2026-04-08T04:30:07.037349+00:00
259846,CHAMS,2025-08-12,2.49,,,2.49,25813328,2026-04-08T04:30:09.28323+00:00
259965,CHAMS,2025-08-13,2.73,,,2.73,25014838,2026-04-08T04:30:11.815521+00:00
260084,CHAMS,2025-08-14,2.95,,,2.95,39803577,2026-04-08T04:30:14.350221+00:00
260203,CHAMS,2025-08-15,2.85,,,2.85,13644163,2026-04-08T04:30:16.786076+00:00
260322,CHAMS,2025-08-18,2.7,,,2.7,16603715,2026-04-08T04:30:21.560319+00:00
260441,CHAMS,2025-08-19,2.71,,,2.71,9726132,2026-04-08T04:30:23.869462+00:00
260560,CHAMS,2025-08-20,2.6,,,2.6,7691663,2026-04-08T04:30:26.318672+00:00
260679,CHAMS,2025-08-21,2.73,,,2.73,9320239,2026-04-08T04:30:28.670378+00:00
260798,CHAMS,2025-08-22,2.73,,,2.73,9973739,2026-04-08T04:30:30.96965+00:00
260917,CHAMS,2025-08-25,2.89,,,2.89,9192664,2026-04-08T04:30:35.521871+00:00
261036,CHAMS,2025-08-26,3.09,,,3.09,20689028,2026-04-08T04:30:37.91594+00:00
261155,CHAMS,2025-08-27,2.97,,,2.97,11391857,2026-04-08T04:30:40.231113+00:00
261274,CHAMS,2025-08-28,2.97,,,2.97,6437235,2026-04-08T04:30:42.59826+00:00
261393,CHAMS,2025-08-29,2.93,,,2.93,11619827,2026-04-08T04:30:45.09102+00:00
261512,CHAMS,2025-09-01,2.65,,,2.65,5484311,2026-04-08T04:30:49.608802+00:00
261631,CHAMS,2025-09-02,2.67,,,2.67,6953425,2026-04-08T04:30:52.312491+00:00
261750,CHAMS,2025-09-03,2.67,,,2.67,4586246,2026-04-08T04:30:55.837007+00:00
261869,CHAMS,2025-09-04,2.8,,,2.8,3712455,2026-04-08T04:30:58.198935+00:00
261988,CHAMS,2025-09-08,2.81,,,2.81,8813329,2026-04-08T04:31:03.728068+00:00
262107,CHAMS,2025-09-09,2.96,,,2.96,21821332,2026-04-08T04:31:06.294869+00:00
262226,CHAMS,2025-09-10,3.03,,,3.03,10156059,2026-04-08T04:31:08.610575+00:00
262345,CHAMS,2025-09-11,3.04,,,3.04,12420625,2026-04-08T04:31:10.974873+00:00
262464,CHAMS,2025-09-12,3.25,,,3.25,19378610,2026-04-08T04:31:13.547359+00:00
262583,CHAMS,2025-09-15,3.45,,,3.45,32595620,2026-04-08T04:31:18.268622+00:00
262702,CHAMS,2025-09-16,3.39,,,3.39,21951866,2026-04-08T04:31:20.741189+00:00
262821,CHAMS,2025-09-17,3.2,,,3.2,10210748,2026-04-08T04:31:23.24235+00:00
262940,CHAMS,2025-09-18,3.28,,,3.28,7883883,2026-04-08T04:31:25.598019+00:00
263059,CHAMS,2025-09-19,3.1,,,3.1,19505761,2026-04-08T04:31:28.111008+00:00
263178,CHAMS,2025-09-22,3.29,,,3.29,11325791,2026-04-08T04:31:32.624882+00:00
263297,CHAMS,2025-09-23,3.27,,,3.27,5071138,2026-04-08T04:31:35.170326+00:00
263416,CHAMS,2025-09-24,3.14,,,3.14,7444787,2026-04-08T04:31:37.673105+00:00
263535,CHAMS,2025-09-25,3.43,,,3.43,12506215,2026-04-08T04:31:40.100841+00:00
263654,CHAMS,2025-09-26,3.4,,,3.4,10980218,2026-04-08T04:31:42.548783+00:00
263773,CHAMS,2025-09-29,3.6,,,3.6,16164208,2026-04-08T04:31:47.029675+00:00
263892,CHAMS,2025-09-30,3.5,,,3.5,21624804,2026-04-08T04:31:49.320364+00:00
264011,CHAMS,2025-10-02,3.59,,,3.59,16369623,2026-04-08T04:31:52.706523+00:00
264130,CHAMS,2025-10-03,3.85,,,3.85,18115039,2026-04-08T04:31:55.311341+00:00
264249,CHAMS,2025-10-06,4.23,,,4.23,30212717,2026-04-08T04:31:59.803196+00:00
264368,CHAMS,2025-10-07,4.62,,,4.62,30820530,2026-04-08T04:32:02.285104+00:00
264487,CHAMS,2025-10-08,4.33,,,4.33,24464867,2026-04-08T04:32:04.646463+00:00
264606,CHAMS,2025-10-09,4.29,,,4.29,17690302,2026-04-08T04:32:07.004133+00:00
264725,CHAMS,2025-10-10,4.3,,,4.3,38451280,2026-04-08T04:32:10.69692+00:00
264844,CHAMS,2025-10-13,4.18,,,4.18,43961090,2026-04-08T04:32:15.267586+00:00
264963,CHAMS,2025-10-14,4.0,,,4.0,37363156,2026-04-08T04:32:17.792097+00:00
265082,CHAMS,2025-10-15,4.1,,,4.1,24762001,2026-04-08T04:32:20.093513+00:00
265201,CHAMS,2025-10-16,3.95,,,3.95,16834718,2026-04-08T04:32:22.728593+00:00
265320,CHAMS,2025-10-17,4.0,,,4.0,13299333,2026-04-08T04:32:25.167177+00:00
265439,CHAMS,2025-10-20,3.95,,,3.95,20225441,2026-04-08T04:32:29.532096+00:00
265558,CHAMS,2025-10-21,3.94,,,3.94,10363161,2026-04-08T04:32:31.920152+00:00
265677,CHAMS,2025-10-22,4.0,,,4.0,11002089,2026-04-08T04:32:34.332447+00:00
265796,CHAMS,2025-10-23,3.95,,,3.95,8210778,2026-04-08T04:32:36.79914+00:00
265915,CHAMS,2025-10-24,3.95,,,3.95,10983613,2026-04-08T04:32:39.249323+00:00
266034,CHAMS,2025-10-28,3.95,,,3.95,20628010,2026-04-08T04:32:44.921336+00:00
266153,CHAMS,2025-10-29,3.9,,,3.9,8304281,2026-04-08T04:32:47.450266+00:00
266272,CHAMS,2025-10-30,3.51,,,3.51,24570565,2026-04-08T04:32:49.91761+00:00
266391,CHAMS,2025-10-31,3.41,,,3.41,8574265,2026-04-08T04:32:52.375955+00:00
266510,CHAMS,2025-11-03,3.38,,,3.38,5927347,2026-04-08T04:32:57.290654+00:00
266629,CHAMS,2025-11-04,3.3,,,3.3,5878908,2026-04-08T04:32:59.739678+00:00
266748,CHAMS,2025-11-05,3.0,,,3.0,10127699,2026-04-08T04:33:02.152799+00:00
266867,CHAMS,2025-11-06,3.01,,,3.01,12269147,2026-04-08T04:33:04.646202+00:00
266986,CHAMS,2025-11-07,3.2,,,3.2,3294827,2026-04-08T04:33:07.145499+00:00
267105,CHAMS,2025-11-10,3.0,,,3.0,17845617,2026-04-08T04:33:11.744122+00:00
267224,CHAMS,2025-11-11,3.0,,,3.0,9586781,2026-04-08T04:33:14.17228+00:00
267343,CHAMS,2025-11-12,3.16,,,3.16,4390651,2026-04-08T04:33:16.719178+00:00
267462,CHAMS,2025-11-13,3.47,,,3.47,8050256,2026-04-08T04:33:19.052814+00:00
267581,CHAMS,2025-11-14,3.4,,,3.4,3819632,2026-04-08T04:33:21.762061+00:00
267700,CHAMS,2025-11-17,3.3,,,3.3,6072822,2026-04-08T04:33:26.271116+00:00
267819,CHAMS,2025-11-18,3.2,,,3.2,5704690,2026-04-08T04:33:29.067053+00:00
267938,CHAMS,2025-11-19,3.11,,,3.11,3942543,2026-04-08T04:33:31.487527+00:00
268057,CHAMS,2025-11-20,3.1,,,3.1,13216710,2026-04-08T04:33:33.887172+00:00
268176,CHAMS,2025-11-21,3.15,,,3.15,3352952,2026-04-08T04:33:36.654129+00:00
268295,CHAMS,2025-11-24,3.01,,,3.01,11216414,2026-04-08T04:33:41.368891+00:00
268414,CHAMS,2025-11-25,3.0,,,3.0,7166683,2026-04-08T04:33:44.004166+00:00
268533,CHAMS,2025-11-26,2.95,,,2.95,11538073,2026-04-08T04:33:46.260048+00:00
268652,CHAMS,2025-11-27,2.95,,,2.95,11634200,2026-04-08T04:33:48.488035+00:00
268771,CHAMS,2025-11-28,2.95,,,2.95,14213759,2026-04-08T04:33:50.826192+00:00
268890,CHAMS,2025-12-01,2.95,,,2.95,9072301,2026-04-08T04:33:55.236541+00:00
269009,CHAMS,2025-12-02,2.95,,,2.95,7365771,2026-04-08T04:33:57.748335+00:00
269128,CHAMS,2025-12-03,2.91,,,2.91,5416340,2026-04-08T04:34:00.349419+00:00
269247,CHAMS,2025-12-04,2.95,,,2.95,5154837,2026-04-08T04:34:03.142475+00:00
269366,CHAMS,2025-12-05,3.06,,,3.06,3133183,2026-04-08T04:34:05.808951+00:00
269485,CHAMS,2025-12-08,3.3,,,3.3,6530019,2026-04-08T04:34:10.334331+00:00
269604,CHAMS,2025-12-09,3.4,,,3.4,3701063,2026-04-08T04:34:12.926221+00:00
269723,CHAMS,2025-12-10,3.06,,,3.06,14656897,2026-04-08T04:34:15.295879+00:00
269842,CHAMS,2025-12-11,3.0,,,3.0,12747954,2026-04-08T04:34:17.804745+00:00
269961,CHAMS,2025-12-12,3.0,,,3.0,13631508,2026-04-08T04:34:20.615101+00:00
270080,CHAMS,2025-12-15,3.2,,,3.2,9924233,2026-04-08T04:34:25.240467+00:00
270199,CHAMS,2025-12-16,3.12,,,3.12,14183116,2026-04-08T04:34:27.867795+00:00
270318,CHAMS,2025-12-18,3.0,,,3.0,24802753,2026-04-08T04:34:31.321522+00:00
270437,CHAMS,2025-12-19,3.28,,,3.28,36938046,2026-04-08T04:34:33.771022+00:00
270556,CHAMS,2025-12-22,3.51,,,3.51,21316796,2026-04-08T04:34:38.115277+00:00
270675,CHAMS,2025-12-23,3.55,,,3.55,39253073,2026-04-08T04:34:40.661369+00:00
270794,CHAMS,2025-12-24,3.46,,,3.46,35173247,2026-04-08T04:34:43.221402+00:00
270913,CHAMS,2025-12-29,3.73,,,3.73,22020017,2026-04-08T04:34:48.902152+00:00
271032,CHAMS,2025-12-30,3.66,,,3.66,47538812,2026-04-08T04:34:51.359097+00:00
271151,CHAMS,2025-12-31,3.9,,,3.9,710280625,2026-04-08T04:34:53.061316+00:00
271270,CHAMS,2026-01-02,4.0,,,4.0,120304814,2026-04-08T04:34:56.467348+00:00
271389,CHAMS,2026-01-05,4.0,,,4.0,34971639,2026-04-08T04:35:01.008466+00:00
271508,CHAMS,2026-01-06,4.0,,,4.0,24193639,2026-04-08T04:35:03.366972+00:00
271627,CHAMS,2026-01-07,4.2,,,4.2,22172425,2026-04-08T04:35:05.819661+00:00
271746,CHAMS,2026-01-08,3.97,,,3.97,60460883,2026-04-08T04:35:08.163488+00:00
271865,CHAMS,2026-01-09,4.0,,,4.0,30322533,2026-04-08T04:35:10.591402+00:00
271984,CHAMS,2026-01-12,4.1,,,4.1,27225725,2026-04-08T04:35:15.220756+00:00
272103,CHAMS,2026-01-13,4.0,,,4.0,35353109,2026-04-08T04:35:17.864544+00:00
272222,CHAMS,2026-01-14,4.1,,,4.1,22828439,2026-04-08T04:35:20.278959+00:00
272341,CHAMS,2026-01-15,4.12,,,4.12,10528522,2026-04-08T04:35:23.159853+00:00
272460,CHAMS,2026-01-16,4.08,,,4.08,11424893,2026-04-08T04:35:25.571119+00:00
272579,CHAMS,2026-01-19,4.2,,,4.2,23253324,2026-04-08T04:35:30.272746+00:00
272698,CHAMS,2026-01-20,4.3,,,4.3,14113216,2026-04-08T04:35:32.536083+00:00
272818,CHAMS,2026-01-21,4.7,,,4.7,25770748,2026-04-08T04:35:34.90344+00:00
272938,CHAMS,2026-01-22,5.1,,,5.1,20632121,2026-04-08T04:35:36.566163+00:00
273058,CHAMS,2026-01-23,5.33,,,5.33,76862614,2026-04-08T04:35:38.92405+00:00
273178,CHAMS,2026-01-26,5.19,,,5.19,41571539,2026-04-08T04:35:43.383975+00:00
273298,CHAMS,2026-01-27,4.88,,,4.88,17786103,2026-04-08T04:35:45.70946+00:00
273418,CHAMS,2026-01-28,5.0,,,5.0,39505316,2026-04-08T04:35:48.193808+00:00
273538,CHAMS,2026-01-29,5.08,,,5.08,24094704,2026-04-08T04:35:50.479528+00:00
273658,CHAMS,2026-01-30,5.0,,,5.0,28814401,2026-04-08T04:35:52.855058+00:00
273778,CHAMS,2026-02-02,4.85,,,4.85,21486916,2026-04-08T04:35:57.524813+00:00
273898,CHAMS,2026-02-03,4.37,,,4.37,55719510,2026-04-08T04:36:00.137559+00:00
274018,CHAMS,2026-02-04,4.55,,,4.55,57443658,2026-04-08T04:36:02.592569+00:00
274138,CHAMS,2026-02-05,4.5,,,4.5,44502569,2026-04-08T04:36:04.997535+00:00
274258,CHAMS,2026-02-06,4.59,,,4.59,69222196,2026-04-08T04:36:07.533957+00:00
23,CHAMS,2026-02-08,,,,4.59,69222196,2026-02-08T00:18:13.946+00:00
274378,CHAMS,2026-02-09,4.5,,,4.5,22852065,2026-04-08T04:36:12.456447+00:00
274498,CHAMS,2026-02-10,4.5,,,4.5,38707750,2026-04-08T04:36:14.818506+00:00
274618,CHAMS,2026-02-11,4.75,,,4.75,38598073,2026-04-08T04:36:17.460702+00:00
222,CHAMS,2026-02-12,4.68,4.75,4.5,4.68,26304144,2026-02-12T09:23:53.997117+00:00
274858,CHAMS,2026-02-13,4.64,,,4.64,19654286,2026-04-08T04:36:22.38356+00:00
274978,CHAMS,2026-02-16,4.4,,,4.4,20952178,2026-04-08T04:36:26.879081+00:00
275098,CHAMS,2026-02-17,4.5,,,4.5,20507123,2026-04-08T04:36:29.440312+00:00
275218,CHAMS,2026-02-18,4.2,,,4.2,59274384,2026-04-08T04:36:31.166521+00:00
275338,CHAMS,2026-02-19,4.2,,,4.2,30159655,2026-04-08T04:36:33.575564+00:00
517,CHAMS,2026-02-20,4.2,,,4.2,43899703,2026-02-20T23:15:44.934622+00:00
665,CHAMS,2026-02-23,4.3,,,4.3,51524560,2026-02-23T07:00:01.990412+00:00
813,CHAMS,2026-02-24,4.37,,,4.37,21276475,2026-02-24T07:00:01.929914+00:00
961,CHAMS,2026-02-25,4.15,,,4.15,19758057,2026-02-25T07:00:01.953057+00:00
1109,CHAMS,2026-02-26,4.46,,,4.46,56890362,2026-02-26T07:00:01.915173+00:00
1797,CHAMS,2026-02-27,4.5,,,4.5,24294694,2026-02-27T07:00:02.056517+00:00
2678,CHAMS,2026-02-28,4.5,,,4.5,24294694,2026-02-28T18:00:03.453641+00:00
2826,CHAMS,2026-03-01,4.5,,,4.5,24294694,2026-03-01T18:00:03.821122+00:00
2974,CHAMS,2026-03-02,4.09,,,4.09,20362319,2026-03-02T07:00:01.981706+00:00
3938,CHAMS,2026-03-03,4.2,,,4.2,21045444,2026-03-03T07:00:01.858909+00:00
5375,CHAMS,2026-03-04,4.05,,,4.05,16072464,2026-03-04T07:00:02.010027+00:00
7093,CHAMS,2026-03-05,4.07,,,4.07,10830920,2026-03-05T07:00:02.0033+00:00
9609,CHAMS,2026-03-06,4.05,,,4.05,11918677,2026-03-06T07:00:02.033178+00:00
11267,CHAMS,2026-03-07,4.05,,,4.05,11918677,2026-03-07T18:00:06.285951+00:00
11415,CHAMS,2026-03-08,4.05,,,4.05,11918677,2026-03-08T18:00:03.574352+00:00
11563,CHAMS,2026-03-09,4.0,,,4.0,30072197,2026-03-09T07:00:02.016534+00:00
14079,CHAMS,2026-03-10,4.03,,,4.03,24577969,2026-03-10T07:00:03.966079+00:00
15919,CHAMS,2026-03-11,3.95,,,3.95,9447789,2026-03-11T07:00:02.147117+00:00
17635,CHAMS,2026-03-12,3.85,,,3.85,16460687,2026-03-12T07:00:02.06753+00:00
20151,CHAMS,2026-03-13,3.85,,,3.85,16460687,2026-03-13T07:00:01.993197+00:00
23597,CHAMS,2026-03-16,4.04,,,4.04,26734848,2026-03-16T08:30:01.80086+00:00
25428,CHAMS,2026-03-17,4.0,,,4.0,13585697,2026-03-17T08:30:01.70448+00:00
27291,CHAMS,2026-03-18,4.02,,,4.02,28456776,2026-03-18T08:30:01.732403+00:00
33105,CHAMS,2026-03-23,4.0,,,4.0,21347258,2026-03-23T08:30:01.705825+00:00
34683,CHAMS,2026-03-24,3.91,,,3.91,12888058,2026-03-24T15:00:01.978259+00:00
34831,CHAMS,2026-03-25,4.0,,,4.0,11318908,2026-03-25T15:00:01.528164+00:00
34979,CHAMS,2026-03-26,4.0,,,4.0,13126997,2026-03-26T15:00:01.955832+00:00
35127,CHAMS,2026-03-27,4.1,,,4.1,16302518,2026-03-27T15:00:02.114662+00:00
278218,CHAMS,2026-03-30,4.05,,,4.05,23960529,2026-04-08T04:37:47.74327+00:00
35275,CHAMS,2026-03-31,4.39,,,4.39,38557892,2026-03-31T15:00:02.085058+00:00
278458,CHAMS,2026-04-01,3.96,,,3.96,15862075,2026-04-08T04:37:52.684906+00:00
35423,CHAMS,2026-04-02,3.75,,,3.75,30992464,2026-04-02T15:00:01.864809+00:00
35867,CHAMS,2026-04-07,3.38,,,3.38,38506297,2026-04-07T15:00:01.949344+00:00
278764,CHAMS,2026-04-08,3.06,,,3.06,47514291,2026-04-08T15:00:01.943007+00:00
278912,CHAMS,2026-04-09,3.05,,,3.05,60723960,2026-04-09T15:00:02.085141+00:00
279058,CHAMS,2026-04-10,3.35,,,3.35,25305511,2026-04-10T15:00:01.352272+00:00
279204,CHAMS,2026-04-13,3.65,,,3.65,19061947,2026-04-13T15:00:02.021173+00:00
279350,CHAMS,2026-04-14,3.63,,,3.63,20178621,2026-04-14T15:00:02.477878+00:00
279496,CHAMS,2026-04-15,3.5,,,3.5,9749110,2026-04-15T15:00:02.184222+00:00
279642,CHAMS,2026-04-16,3.5,,,3.5,10431794,2026-04-16T15:00:02.07143+00:00
279788,CHAMS,2026-04-17,3.6,,,3.6,18879084,2026-04-17T15:00:02.06245+00:00
279934,CHAMS,2026-04-20,3.6,,,3.6,14311597,2026-04-20T15:00:01.862344+00:00
280080,CHAMS,2026-04-21,3.35,,,3.35,32390983,2026-04-21T15:00:02.189846+00:00
280226,CHAMS,2026-04-22,3.2,,,3.2,19835843,2026-04-22T15:00:02.200159+00:00
280372,CHAMS,2026-04-23,3.34,,,3.34,9900942,2026-04-23T15:00:02.125151+00:00
280518,CHAMS,2026-04-24,3.4,,,3.4,10307396,2026-04-24T15:00:02.20649+00:00
280664,CHAMS,2026-04-27,3.4,,,3.4,13743057,2026-04-27T15:00:02.034997+00:00
280810,CHAMS,2026-04-28,3.3,,,3.3,9174027,2026-04-28T15:00:01.918241+00:00
280956,CHAMS,2026-04-29,3.15,,,3.15,17265503,2026-04-29T15:00:02.672724+00:00
281102,CHAMS,2026-04-30,3.49,,,3.49,23774239,2026-04-30T15:00:02.170664+00:00
281394,CHAMS,2026-05-04,3.25,,,3.25,45872542,2026-05-04T15:00:02.156928+00:00
281540,CHAMS,2026-05-05,3.1,,,3.1,16664304,2026-05-05T15:00:01.930748+00:00
281686,CHAMS,2026-05-06,3.1,,,3.1,74707973,2026-05-06T15:00:01.919787+00:00
281832,CHAMS,2026-05-07,3.15,,,3.15,51218866,2026-05-07T15:00:01.995523+00:00
281978,CHAMS,2026-05-08,3.19,,,3.19,25328433,2026-05-08T15:00:02.118161+00:00
282124,CHAMS,2026-05-11,3.41,,,3.41,31633498,2026-05-11T15:00:02.243132+00:00
282270,CHAMS,2026-05-12,3.75,,,3.75,18773707,2026-05-12T15:00:02.325735+00:00
282416,CHAMS,2026-05-13,4.0,,,4.0,67184052,2026-05-13T15:00:01.887561+00:00
282562,CHAMS,2026-05-14,3.93,,,3.93,122243554,2026-05-14T15:00:01.952989+00:00
282708,CHAMS,2026-05-15,3.96,,,3.96,23829367,2026-05-15T15:00:01.871578+00:00
282854,CHAMS,2026-05-18,3.87,,,3.87,20535947,2026-05-18T15:00:01.868607+00:00
283000,CHAMS,2026-05-19,3.91,,,3.91,21285837,2026-05-19T15:00:01.863653+00:00
283146,CHAMS,2026-05-20,3.95,,,3.95,15319833,2026-05-20T15:00:01.871845+00:00
283292,CHAMS,2026-05-21,3.95,,,3.95,40056389,2026-05-21T15:00:01.939198+00:00
283438,CHAMS,2026-05-22,3.88,,,3.88,10158272,2026-05-22T15:00:02.031345+00:00
283584,CHAMS,2026-05-25,3.89,,,3.89,14719541,2026-05-25T15:00:01.979384+00:00
283730,CHAMS,2026-05-26,3.87,,,3.87,14425545,2026-05-26T15:00:01.996051+00:00
284168,CHAMS,2026-05-29,4.0,,,4.0,23670426,2026-05-29T15:00:02.455558+00:00
284314,CHAMS,2026-06-01,4.1,,,4.1,33370633,2026-06-01T15:00:02.603507+00:00
284460,CHAMS,2026-06-02,4.16,,,4.16,15689545,2026-06-02T15:00:02.980523+00:00
284606,CHAMS,2026-06-03,3.98,,,3.98,23729828,2026-06-03T15:00:03.023028+00:00
284752,CHAMS,2026-06-04,3.94,,,3.94,11408404,2026-06-04T15:00:03.321931+00:00
284898,CHAMS,2026-06-05,3.98,,,3.98,12990054,2026-06-05T15:00:03.073061+00:00
285044,CHAMS,2026-06-08,4.0,,,4.0,17496711,2026-06-08T15:00:03.135386+00:00
285190,CHAMS,2026-06-09,4.1,,,4.1,17867973,2026-06-09T15:00:03.53749+00:00
285336,CHAMS,2026-06-10,4.02,,,4.02,13427794,2026-06-10T15:10:03.084397+00:00
285774,CHAMS,2026-06-11,4.05,,,4.05,13588894,2026-06-11T15:10:02.991492+00:00
287526,CHAMS,2026-06-15,4.1,,,4.1,14845573,2026-06-15T15:10:02.896252+00:00
288402,CHAMS,2026-06-16,4.1,,,4.1,11679717,2026-06-16T15:10:02.87997+00:00
289278,CHAMS,2026-06-17,4.01,,,4.01,14742351,2026-06-17T15:10:02.980097+00:00
289716,CHAMS,2026-06-18,4.01,,,4.01,12152845,2026-06-18T15:10:02.932064+00:00
290300,CHAMS,2026-06-19,4.01,,,4.01,13544638,2026-06-19T15:10:02.959085+00:00
291030,CHAMS,2026-06-22,3.95,,,3.95,17004131,2026-06-22T15:10:03.140564+00:00
291614,CHAMS,2026-06-23,3.96,,,3.96,39510073,2026-06-23T15:10:03.017319+00:00
292198,CHAMS,2026-06-24,4.02,,,4.02,42301695,2026-06-24T15:10:03.053149+00:00
292782,CHAMS,2026-06-25,4.02,,,4.02,24503935,2026-06-25T15:10:02.973562+00:00
293220,CHAMS,2026-06-26,4.02,,,4.02,18974559,2026-06-26T15:10:03.012808+00:00
293658,CHAMS,2026-06-29,4.05,,,4.05,22012444,2026-06-29T15:10:03.028054+00:00
294096,CHAMS,2026-06-30,4.3,,,4.3,25783296,2026-06-30T15:10:03.08168+00:00
294534,CHAMS,2026-07-01,4.1,,,4.1,9480137,2026-07-01T15:10:03.133226+00:00
294972,CHAMS,2026-07-02,4.1,,,4.1,15632717,2026-07-02T15:10:03.065554+00:00
295410,CHAMS,2026-07-03,4.25,,,4.25,28371469,2026-07-03T15:10:03.019266+00:00
295848,CHAMS,2026-07-06,4.12,,,4.12,9129932,2026-07-06T15:10:03.100823+00:00
296286,CHAMS,2026-07-07,4.21,,,4.21,7197663,2026-07-07T15:10:03.687653+00:00
296724,CHAMS,2026-07-08,4.3,,,4.3,11868175,2026-07-08T15:10:02.922872+00:00
297162,CHAMS,2026-07-09,4.4,,,4.4,7526659,2026-07-09T15:10:03.041812+00:00
297600,CHAMS,2026-07-10,4.5,,,4.5,6987889,2026-07-10T15:10:03.284445+00:00
298038,CHAMS,2026-07-13,4.44,,,4.44,10937479,2026-07-13T15:10:02.995074+00:00
298476,CHAMS,2026-07-14,4.41,,,4.41,6746817,2026-07-14T15:10:03.094441+00:00
298914,CHAMS,2026-07-15,4.37,,,4.37,9421036,2026-07-15T15:10:03.078609+00:00
299352,CHAMS,2026-07-16,4.32,,,4.32,4101349,2026-07-16T15:10:03.113936+00:00
299790,CHAMS,2026-07-17,4.2,,,4.2,17233810,2026-07-17T15:10:03.053983+00:00
