id,symbol,trade_date,open_price,high_price,low_price,close_price,volume,created_at
42850,CONOIL,2017-01-03,37.48,,,37.48,62092,2026-04-08T02:41:25.765521+00:00
43410,CONOIL,2017-01-04,37.48,,,37.48,39825,2026-04-08T02:42:20.164398+00:00
43520,CONOIL,2017-01-05,37.48,,,37.48,90099,2026-04-08T02:42:22.380516+00:00
43630,CONOIL,2017-01-06,37.48,,,37.48,112601,2026-04-08T02:42:23.84796+00:00
43720,CONOIL,2017-01-09,37.48,,,37.48,249765,2026-04-08T02:42:26.938159+00:00
43830,CONOIL,2017-01-10,37.48,,,37.48,37586,2026-04-08T02:42:29.227202+00:00
43940,CONOIL,2017-01-11,37.48,,,37.48,128532,2026-04-08T02:42:30.799441+00:00
44030,CONOIL,2017-01-12,36.5,,,36.5,147379,2026-04-08T02:42:32.390658+00:00
44160,CONOIL,2017-01-13,37.35,,,37.35,132175,2026-04-08T02:42:34.853543+00:00
44250,CONOIL,2017-01-16,37.35,,,37.35,16671,2026-04-08T02:42:38.72803+00:00
44360,CONOIL,2017-01-17,37.35,,,37.35,47046,2026-04-08T02:42:41.056228+00:00
44470,CONOIL,2017-01-18,37.35,,,37.35,15860,2026-04-08T02:42:42.795307+00:00
44560,CONOIL,2017-01-19,37.35,,,37.35,12182,2026-04-08T02:42:44.39781+00:00
44670,CONOIL,2017-01-20,37.35,,,37.35,31731,2026-04-08T02:42:46.643743+00:00
44780,CONOIL,2017-01-23,37.35,,,37.35,15860,2026-04-08T02:42:49.827664+00:00
44890,CONOIL,2017-01-24,37.35,,,37.35,12852,2026-04-08T02:42:51.574002+00:00
44980,CONOIL,2017-01-25,37.35,,,37.35,47206,2026-04-08T02:42:54.05787+00:00
45090,CONOIL,2017-01-26,35.49,,,35.49,133818,2026-04-08T02:42:55.759+00:00
45200,CONOIL,2017-01-27,35.49,,,35.49,52823,2026-04-08T02:42:57.462271+00:00
45310,CONOIL,2017-01-30,35.49,,,35.49,3000,2026-04-08T02:43:00.905282+00:00
45420,CONOIL,2017-01-31,35.49,,,35.49,2369,2026-04-08T02:43:03.07753+00:00
45530,CONOIL,2017-02-01,35.49,,,35.49,37290,2026-04-08T02:43:04.619173+00:00
45620,CONOIL,2017-02-02,35.49,,,35.49,200,2026-04-08T02:43:06.209007+00:00
45730,CONOIL,2017-02-03,35.49,,,35.49,5000,2026-04-08T02:43:08.490666+00:00
45840,CONOIL,2017-02-06,35.49,,,35.49,3125,2026-04-08T02:43:11.037852+00:00
45950,CONOIL,2017-02-07,35.49,,,35.49,762,2026-04-08T02:43:12.662822+00:00
46040,CONOIL,2017-02-08,35.49,,,35.49,50,2026-04-08T02:43:14.224877+00:00
46151,CONOIL,2017-02-09,35.49,,,35.49,46298,2026-04-08T02:43:16.408746+00:00
46263,CONOIL,2017-02-10,35.49,,,35.49,50844,2026-04-08T02:43:18.597686+00:00
46355,CONOIL,2017-02-13,35.49,,,35.49,0,2026-04-08T02:43:22.775561+00:00
46467,CONOIL,2017-02-14,35.49,,,35.49,14401,2026-04-08T02:43:24.286485+00:00
46579,CONOIL,2017-02-15,35.49,,,35.49,35100,2026-04-08T02:43:26.422065+00:00
46691,CONOIL,2017-02-16,35.49,,,35.49,0,2026-04-08T02:43:28.597754+00:00
46783,CONOIL,2017-02-17,35.49,,,35.49,55594,2026-04-08T02:43:31.044717+00:00
49451,CONOIL,2017-02-20,35.49,,,35.49,13486,2026-04-08T02:51:00.639833+00:00
49543,CONOIL,2017-02-21,35.49,,,35.49,6510,2026-04-08T02:51:03.098475+00:00
46875,CONOIL,2017-02-22,35.0,,,35.0,267377,2026-04-08T02:44:33.152084+00:00
46967,CONOIL,2017-02-23,35.0,,,35.0,50700,2026-04-08T02:44:35.448225+00:00
47059,CONOIL,2017-02-24,35.0,,,35.0,36295,2026-04-08T02:44:37.781529+00:00
47151,CONOIL,2017-02-27,35.0,,,35.0,118051,2026-04-08T02:44:42.101817+00:00
47243,CONOIL,2017-02-28,35.0,,,35.0,1030,2026-04-08T02:44:45.006295+00:00
47335,CONOIL,2017-03-01,35.0,,,35.0,15500,2026-04-08T02:44:47.332471+00:00
47427,CONOIL,2017-03-02,35.0,,,35.0,8250,2026-04-08T02:44:49.657807+00:00
47519,CONOIL,2017-03-03,35.0,,,35.0,500,2026-04-08T02:44:51.301699+00:00
47611,CONOIL,2017-03-06,35.0,,,35.0,11303,2026-04-08T02:44:56.024588+00:00
47703,CONOIL,2017-03-07,35.0,,,35.0,10182,2026-04-08T02:44:58.263872+00:00
47795,CONOIL,2017-03-08,35.0,,,35.0,3400,2026-04-08T02:44:59.957789+00:00
47887,CONOIL,2017-03-09,35.0,,,35.0,1987,2026-04-08T02:45:01.661944+00:00
47979,CONOIL,2017-03-10,35.0,,,35.0,840,2026-04-08T02:45:03.96312+00:00
48071,CONOIL,2017-03-13,35.0,,,35.0,1681,2026-04-08T02:45:08.663664+00:00
48163,CONOIL,2017-03-14,35.0,,,35.0,0,2026-04-08T02:45:11.088473+00:00
48255,CONOIL,2017-03-15,35.0,,,35.0,2776,2026-04-08T02:45:12.861206+00:00
48347,CONOIL,2017-03-16,35.0,,,35.0,30500,2026-04-08T02:45:15.084197+00:00
48439,CONOIL,2017-03-17,35.0,,,35.0,4140,2026-04-08T02:45:17.543831+00:00
48531,CONOIL,2017-03-20,35.0,,,35.0,1072,2026-04-08T02:45:21.873889+00:00
48623,CONOIL,2017-03-21,35.0,,,35.0,7380,2026-04-08T02:45:25.078347+00:00
48715,CONOIL,2017-03-22,35.0,,,35.0,0,2026-04-08T02:45:26.626215+00:00
48807,CONOIL,2017-03-23,35.0,,,35.0,10514,2026-04-08T02:45:28.377346+00:00
48899,CONOIL,2017-03-24,35.0,,,35.0,5933,2026-04-08T02:45:30.775015+00:00
48991,CONOIL,2017-03-27,35.0,,,35.0,243,2026-04-08T02:45:34.704999+00:00
49083,CONOIL,2017-03-28,35.0,,,35.0,8194,2026-04-08T02:45:36.347457+00:00
49175,CONOIL,2017-03-29,35.0,,,35.0,6790,2026-04-08T02:45:38.731306+00:00
49267,CONOIL,2017-03-30,35.0,,,35.0,16850,2026-04-08T02:45:40.513553+00:00
49359,CONOIL,2017-03-31,35.0,,,35.0,72176,2026-04-08T02:45:42.281198+00:00
49635,CONOIL,2017-04-03,35.0,,,35.0,103277,2026-04-08T02:51:07.481095+00:00
49727,CONOIL,2017-04-04,35.0,,,35.0,1785,2026-04-08T02:51:09.86923+00:00
49819,CONOIL,2017-04-05,35.0,,,35.0,100683,2026-04-08T02:51:12.308135+00:00
49911,CONOIL,2017-04-06,33.25,,,33.25,180038,2026-04-08T02:51:14.846493+00:00
50003,CONOIL,2017-04-07,33.25,,,33.25,34028,2026-04-08T02:51:17.320635+00:00
50094,CONOIL,2017-04-10,33.25,,,33.25,96275,2026-04-08T02:51:21.583607+00:00
50185,CONOIL,2017-04-11,33.25,,,33.25,3953,2026-04-08T02:51:23.796131+00:00
50276,CONOIL,2017-04-12,33.25,,,33.25,119372,2026-04-08T02:51:26.28287+00:00
50367,CONOIL,2017-04-13,33.25,,,33.25,23950,2026-04-08T02:51:28.606475+00:00
50458,CONOIL,2017-04-18,33.25,,,33.25,37,2026-04-08T02:51:35.070654+00:00
50549,CONOIL,2017-04-19,33.25,,,33.25,6190,2026-04-08T02:51:37.390681+00:00
50640,CONOIL,2017-04-20,33.25,,,33.25,3250,2026-04-08T02:51:39.751187+00:00
50731,CONOIL,2017-04-21,33.25,,,33.25,1601,2026-04-08T02:51:42.059234+00:00
50822,CONOIL,2017-04-24,33.25,,,33.25,1262,2026-04-08T02:51:46.271638+00:00
50913,CONOIL,2017-04-25,33.25,,,33.25,41792,2026-04-08T02:51:48.506234+00:00
51004,CONOIL,2017-04-26,33.25,,,33.25,8392,2026-04-08T02:51:50.787758+00:00
51095,CONOIL,2017-04-27,33.25,,,33.25,4344,2026-04-08T02:51:53.168104+00:00
51186,CONOIL,2017-04-28,33.25,,,33.25,9104,2026-04-08T02:51:55.619599+00:00
51277,CONOIL,2017-05-02,33.25,,,33.25,700,2026-04-08T02:52:01.291461+00:00
51368,CONOIL,2017-05-03,33.25,,,33.25,7514,2026-04-08T02:52:03.619408+00:00
51459,CONOIL,2017-05-04,33.25,,,33.25,14776,2026-04-08T02:52:06.041901+00:00
51550,CONOIL,2017-05-05,33.25,,,33.25,98474,2026-04-08T02:52:08.320033+00:00
51641,CONOIL,2017-05-08,33.25,,,33.25,33549,2026-04-08T02:52:12.828428+00:00
51732,CONOIL,2017-05-09,33.25,,,33.25,11273,2026-04-08T02:52:15.102333+00:00
51823,CONOIL,2017-05-10,33.25,,,33.25,149547,2026-04-08T02:52:17.709352+00:00
51914,CONOIL,2017-05-11,33.25,,,33.25,102785,2026-04-08T02:52:19.900179+00:00
52005,CONOIL,2017-05-12,33.25,,,33.25,22830,2026-04-08T02:52:22.170941+00:00
52097,CONOIL,2017-05-15,33.25,,,33.25,8007,2026-04-08T02:52:26.563035+00:00
52189,CONOIL,2017-05-16,33.25,,,33.25,6542,2026-04-08T02:52:28.807233+00:00
52281,CONOIL,2017-05-17,33.25,,,33.25,38315,2026-04-08T02:52:31.099411+00:00
52373,CONOIL,2017-05-18,33.25,,,33.25,35419,2026-04-08T02:52:33.303088+00:00
52465,CONOIL,2017-05-19,33.25,,,33.25,26399,2026-04-08T02:52:35.640534+00:00
52557,CONOIL,2017-05-22,33.25,,,33.25,41102,2026-04-08T02:52:39.854932+00:00
52649,CONOIL,2017-05-23,33.25,,,33.25,8583,2026-04-08T02:52:42.264162+00:00
52741,CONOIL,2017-05-24,34.0,,,34.0,151264,2026-04-08T02:52:44.613941+00:00
52833,CONOIL,2017-05-25,34.0,,,34.0,45708,2026-04-08T02:52:46.963191+00:00
52925,CONOIL,2017-05-26,34.0,,,34.0,24626,2026-04-08T02:52:49.347152+00:00
53017,CONOIL,2017-05-30,34.0,,,34.0,28842,2026-04-08T02:52:54.942696+00:00
53109,CONOIL,2017-05-31,33.9,,,33.9,3386831,2026-04-08T02:52:57.421655+00:00
53201,CONOIL,2017-06-01,33.9,,,33.9,33008,2026-04-08T02:52:59.649981+00:00
53293,CONOIL,2017-06-02,37.35,,,37.35,203492,2026-04-08T02:53:02.056444+00:00
53385,CONOIL,2017-06-05,41.17,,,41.17,3936627,2026-04-08T02:53:06.428901+00:00
53477,CONOIL,2017-06-06,39.5,,,39.5,402341,2026-04-08T02:53:08.604609+00:00
53569,CONOIL,2017-06-07,39.5,,,39.5,36708,2026-04-08T02:53:10.833265+00:00
53661,CONOIL,2017-06-08,39.5,,,39.5,45388,2026-04-08T02:53:13.196386+00:00
53753,CONOIL,2017-06-09,39.5,,,39.5,165180,2026-04-08T02:53:15.53674+00:00
53845,CONOIL,2017-06-12,39.5,,,39.5,83346,2026-04-08T02:53:19.709801+00:00
53937,CONOIL,2017-06-13,38.0,,,38.0,303892,2026-04-08T02:53:22.046011+00:00
54029,CONOIL,2017-06-14,38.0,,,38.0,17741,2026-04-08T02:53:24.253383+00:00
54121,CONOIL,2017-06-15,38.0,,,38.0,126577,2026-04-08T02:53:26.527181+00:00
54213,CONOIL,2017-06-16,38.0,,,38.0,66817,2026-04-08T02:53:28.80273+00:00
54305,CONOIL,2017-06-19,38.0,,,38.0,25443,2026-04-08T02:53:33.036647+00:00
54397,CONOIL,2017-06-20,38.5,,,38.5,337549,2026-04-08T02:53:35.524675+00:00
54489,CONOIL,2017-06-21,40.42,,,40.42,646075,2026-04-08T02:53:37.865913+00:00
54581,CONOIL,2017-06-22,44.56,,,44.56,2702893,2026-04-08T02:53:40.094955+00:00
54673,CONOIL,2017-06-23,44.56,,,44.56,367193,2026-04-08T02:53:42.493578+00:00
54765,CONOIL,2017-06-28,44.56,,,44.56,422094,2026-04-08T02:53:49.135881+00:00
54857,CONOIL,2017-06-29,44.56,,,44.56,251941,2026-04-08T02:53:51.51214+00:00
54949,CONOIL,2017-06-30,44.56,,,44.56,68327,2026-04-08T02:53:53.827964+00:00
55041,CONOIL,2017-07-03,42.34,,,42.34,189839,2026-04-08T02:53:58.279599+00:00
55133,CONOIL,2017-07-04,40.23,,,40.23,94625,2026-04-08T02:54:00.563227+00:00
55225,CONOIL,2017-07-05,40.23,,,40.23,215475,2026-04-08T02:54:02.831513+00:00
55317,CONOIL,2017-07-06,40.23,,,40.23,43781,2026-04-08T02:54:05.078114+00:00
55409,CONOIL,2017-07-07,36.31,,,36.31,499745,2026-04-08T02:54:07.286065+00:00
55501,CONOIL,2017-07-10,33.21,,,33.21,19935,2026-04-08T02:54:11.798817+00:00
55593,CONOIL,2017-07-11,33.21,,,33.21,247417,2026-04-08T02:54:14.116532+00:00
55680,CONOIL,2017-07-12,31.55,,,31.55,125042,2026-04-08T02:54:16.498015+00:00
55767,CONOIL,2017-07-13,31.55,,,31.55,31118,2026-04-08T02:54:18.840036+00:00
55859,CONOIL,2017-07-14,29.98,,,29.98,178428,2026-04-08T02:54:21.336813+00:00
55951,CONOIL,2017-07-17,29.98,,,29.98,169739,2026-04-08T02:54:25.561903+00:00
56043,CONOIL,2017-07-18,29.98,,,29.98,129352,2026-04-08T02:54:28.120242+00:00
56135,CONOIL,2017-07-19,29.98,,,29.98,634564,2026-04-08T02:54:30.645734+00:00
56227,CONOIL,2017-07-20,29.98,,,29.98,300395,2026-04-08T02:54:33.025266+00:00
56319,CONOIL,2017-07-21,29.98,,,29.98,54944,2026-04-08T02:54:35.480817+00:00
56411,CONOIL,2017-07-24,29.98,,,29.98,70292,2026-04-08T02:54:39.934321+00:00
56503,CONOIL,2017-07-26,33.04,,,33.04,162628,2026-04-08T02:54:43.20598+00:00
56595,CONOIL,2017-07-27,36.4,,,36.4,644737,2026-04-08T02:54:45.547579+00:00
56687,CONOIL,2017-07-28,36.4,,,36.4,49970,2026-04-08T02:54:47.918804+00:00
56779,CONOIL,2017-07-31,36.4,,,36.4,41762,2026-04-08T02:54:52.464984+00:00
56871,CONOIL,2017-08-01,36.4,,,36.4,78215,2026-04-08T02:54:54.790805+00:00
56963,CONOIL,2017-08-02,36.4,,,36.4,11263,2026-04-08T02:54:57.117603+00:00
57055,CONOIL,2017-08-03,36.4,,,36.4,69920,2026-04-08T02:54:59.3729+00:00
57147,CONOIL,2017-08-04,36.4,,,36.4,106648,2026-04-08T02:55:01.592641+00:00
57239,CONOIL,2017-08-07,36.4,,,36.4,4994,2026-04-08T02:55:06.418828+00:00
57331,CONOIL,2017-08-08,34.58,,,34.58,909823,2026-04-08T02:55:08.763983+00:00
57423,CONOIL,2017-08-09,32.86,,,32.86,388232,2026-04-08T02:55:11.057796+00:00
57515,CONOIL,2017-08-10,34.3,,,34.3,97080,2026-04-08T02:55:13.401484+00:00
57607,CONOIL,2017-08-11,32.59,,,32.59,593022,2026-04-08T02:55:15.670877+00:00
57699,CONOIL,2017-08-14,32.59,,,32.59,297253,2026-04-08T02:55:20.026285+00:00
57791,CONOIL,2017-08-15,33.89,,,33.89,178101,2026-04-08T02:55:22.633816+00:00
57883,CONOIL,2017-08-16,33.89,,,33.89,23191,2026-04-08T02:55:24.979188+00:00
57975,CONOIL,2017-08-17,33.89,,,33.89,48707,2026-04-08T02:55:27.3994+00:00
58067,CONOIL,2017-08-18,33.89,,,33.89,5172,2026-04-08T02:55:29.67842+00:00
58159,CONOIL,2017-08-21,33.89,,,33.89,5755,2026-04-08T02:55:34.023067+00:00
58251,CONOIL,2017-08-22,30.59,,,30.59,171885,2026-04-08T02:55:36.334754+00:00
58343,CONOIL,2017-08-23,30.59,,,30.59,134896,2026-04-08T02:55:38.717606+00:00
58435,CONOIL,2017-08-24,29.07,,,29.07,231436,2026-04-08T02:55:41.242089+00:00
58527,CONOIL,2017-08-25,29.07,,,29.07,189195,2026-04-08T02:55:43.579232+00:00
58619,CONOIL,2017-08-28,27.7,,,27.7,669502,2026-04-08T02:55:48.020598+00:00
58711,CONOIL,2017-08-29,27.7,,,27.7,96131,2026-04-08T02:55:50.281022+00:00
58803,CONOIL,2017-08-30,27.7,,,27.7,150019,2026-04-08T02:55:52.499005+00:00
58895,CONOIL,2017-08-31,27.7,,,27.7,71632,2026-04-08T02:55:54.947048+00:00
58987,CONOIL,2017-09-05,29.0,,,29.0,178514,2026-04-08T02:56:01.572419+00:00
59079,CONOIL,2017-09-06,29.0,,,29.0,36985,2026-04-08T02:56:03.885356+00:00
59171,CONOIL,2017-09-07,29.0,,,29.0,58312,2026-04-08T02:56:06.19045+00:00
59263,CONOIL,2017-09-11,29.0,,,29.0,24683,2026-04-08T02:56:11.370569+00:00
59355,CONOIL,2017-09-12,29.0,,,29.0,27687,2026-04-08T02:56:13.892416+00:00
59447,CONOIL,2017-09-13,29.0,,,29.0,16683,2026-04-08T02:56:16.312215+00:00
59539,CONOIL,2017-09-14,27.55,,,27.55,194542,2026-04-08T02:56:18.601168+00:00
59631,CONOIL,2017-09-15,27.55,,,27.55,95380,2026-04-08T02:56:20.93666+00:00
59723,CONOIL,2017-09-16,27.55,,,27.55,10668,2026-04-08T02:56:23.148937+00:00
59815,CONOIL,2017-09-19,27.55,,,27.55,50462,2026-04-08T02:56:27.358465+00:00
59907,CONOIL,2017-09-20,27.55,,,27.55,61270,2026-04-08T02:56:29.683375+00:00
59999,CONOIL,2017-09-21,27.55,,,27.55,74244,2026-04-08T02:56:31.851594+00:00
60091,CONOIL,2017-09-22,27.55,,,27.55,10087,2026-04-08T02:56:34.007646+00:00
60183,CONOIL,2017-09-25,27.55,,,27.55,60346,2026-04-08T02:56:38.385386+00:00
60275,CONOIL,2017-09-26,27.55,,,27.55,20901,2026-04-08T02:56:40.657356+00:00
60367,CONOIL,2017-09-27,27.55,,,27.55,29476,2026-04-08T02:56:42.968732+00:00
60459,CONOIL,2017-09-28,27.55,,,27.55,41752,2026-04-08T02:56:45.128996+00:00
60551,CONOIL,2017-09-29,27.55,,,27.55,4895,2026-04-08T02:56:47.398677+00:00
60643,CONOIL,2017-10-03,27.55,,,27.55,3805,2026-04-08T02:56:52.779733+00:00
60735,CONOIL,2017-10-04,27.55,,,27.55,8518,2026-04-08T02:56:55.065177+00:00
60827,CONOIL,2017-10-05,27.55,,,27.55,36752,2026-04-08T02:56:57.377802+00:00
60919,CONOIL,2017-10-06,28.0,,,28.0,138844,2026-04-08T02:56:59.661092+00:00
61011,CONOIL,2017-10-09,28.0,,,28.0,36832,2026-04-08T02:57:04.043492+00:00
61103,CONOIL,2017-10-10,28.0,,,28.0,9931,2026-04-08T02:57:06.326055+00:00
61195,CONOIL,2017-10-11,28.0,,,28.0,23516,2026-04-08T02:57:08.620281+00:00
61287,CONOIL,2017-10-12,28.0,,,28.0,97353,2026-04-08T02:57:10.950839+00:00
61379,CONOIL,2017-10-13,28.0,,,28.0,42569,2026-04-08T02:57:13.525709+00:00
61471,CONOIL,2017-10-16,28.0,,,28.0,74045,2026-04-08T02:57:17.895676+00:00
61563,CONOIL,2017-10-17,28.0,,,28.0,40065,2026-04-08T02:57:20.31307+00:00
61655,CONOIL,2017-10-18,28.0,,,28.0,36538,2026-04-08T02:57:22.526226+00:00
61747,CONOIL,2017-10-19,28.0,,,28.0,24843,2026-04-08T02:57:24.865827+00:00
61839,CONOIL,2017-10-20,28.0,,,28.0,11515,2026-04-08T02:57:27.091081+00:00
61931,CONOIL,2017-10-23,28.0,,,28.0,45427,2026-04-08T02:57:31.703062+00:00
62023,CONOIL,2017-10-24,28.0,,,28.0,304709,2026-04-08T02:57:34.020008+00:00
62115,CONOIL,2017-10-25,28.0,,,28.0,95269,2026-04-08T02:57:36.254878+00:00
62207,CONOIL,2017-10-26,28.0,,,28.0,58610,2026-04-08T02:57:38.639324+00:00
62299,CONOIL,2017-10-27,28.0,,,28.0,76015,2026-04-08T02:57:40.810349+00:00
62391,CONOIL,2017-10-30,28.0,,,28.0,20150,2026-04-08T02:57:45.233404+00:00
62483,CONOIL,2017-10-31,28.0,,,28.0,176707,2026-04-08T02:57:47.538171+00:00
62575,CONOIL,2017-11-01,28.0,,,28.0,41751,2026-04-08T02:57:49.900698+00:00
62667,CONOIL,2017-11-02,28.0,,,28.0,65557,2026-04-08T02:57:52.192143+00:00
62759,CONOIL,2017-11-03,28.0,,,28.0,18478,2026-04-08T02:57:54.512232+00:00
62851,CONOIL,2017-11-06,28.0,,,28.0,71896,2026-04-08T02:57:59.23147+00:00
62943,CONOIL,2017-11-07,28.0,,,28.0,102606,2026-04-08T02:58:01.524363+00:00
63035,CONOIL,2017-11-08,28.0,,,28.0,10828,2026-04-08T02:58:03.79912+00:00
63127,CONOIL,2017-11-09,28.0,,,28.0,4602,2026-04-08T02:58:06.050925+00:00
63219,CONOIL,2017-11-10,28.0,,,28.0,78679,2026-04-08T02:58:08.423322+00:00
63311,CONOIL,2017-11-13,28.0,,,28.0,357779,2026-04-08T02:58:12.832851+00:00
63403,CONOIL,2017-11-14,28.0,,,28.0,90186,2026-04-08T02:58:15.182817+00:00
63495,CONOIL,2017-11-15,28.0,,,28.0,282630,2026-04-08T02:58:17.483941+00:00
63587,CONOIL,2017-11-16,28.0,,,28.0,15908,2026-04-08T02:58:19.932158+00:00
63679,CONOIL,2017-11-17,28.0,,,28.0,22841,2026-04-08T02:58:22.230505+00:00
63771,CONOIL,2017-11-20,28.0,,,28.0,18001,2026-04-08T02:58:26.609741+00:00
63863,CONOIL,2017-11-21,28.0,,,28.0,15473,2026-04-08T02:58:29.044371+00:00
63955,CONOIL,2017-11-22,28.0,,,28.0,26390,2026-04-08T02:58:31.282092+00:00
64047,CONOIL,2017-11-23,28.0,,,28.0,40712,2026-04-08T02:58:33.589475+00:00
64139,CONOIL,2017-11-24,28.0,,,28.0,13945,2026-04-08T02:58:35.965247+00:00
64231,CONOIL,2017-11-27,28.0,,,28.0,52074,2026-04-08T02:58:40.303262+00:00
64323,CONOIL,2017-11-28,28.0,,,28.0,3682,2026-04-08T02:58:42.596324+00:00
64415,CONOIL,2017-11-29,28.0,,,28.0,41533,2026-04-08T02:58:44.979081+00:00
64507,CONOIL,2017-11-30,28.0,,,28.0,21245,2026-04-08T02:58:47.226359+00:00
64599,CONOIL,2017-12-04,28.0,,,28.0,70466,2026-04-08T02:58:52.54699+00:00
64691,CONOIL,2017-12-05,28.0,,,28.0,54428,2026-04-08T02:58:54.773083+00:00
64783,CONOIL,2017-12-06,28.0,,,28.0,27361,2026-04-08T02:58:57.263783+00:00
64875,CONOIL,2017-12-07,28.0,,,28.0,48686,2026-04-08T02:58:59.55462+00:00
64967,CONOIL,2017-12-08,28.0,,,28.0,55944,2026-04-08T02:59:01.865905+00:00
65059,CONOIL,2017-12-11,28.0,,,28.0,100211,2026-04-08T02:59:06.715792+00:00
65151,CONOIL,2017-12-12,28.0,,,28.0,44678,2026-04-08T02:59:09.170602+00:00
65243,CONOIL,2017-12-13,28.0,,,28.0,87187,2026-04-08T02:59:11.522814+00:00
65335,CONOIL,2017-12-14,28.0,,,28.0,28498,2026-04-08T02:59:13.751616+00:00
65427,CONOIL,2017-12-15,28.0,,,28.0,67557,2026-04-08T02:59:16.016878+00:00
65519,CONOIL,2017-12-18,28.0,,,28.0,45139,2026-04-08T02:59:20.496704+00:00
65611,CONOIL,2017-12-19,28.0,,,28.0,15586,2026-04-08T02:59:22.691103+00:00
65703,CONOIL,2017-12-20,28.0,,,28.0,4484,2026-04-08T02:59:25.001427+00:00
65795,CONOIL,2017-12-21,28.0,,,28.0,7085,2026-04-08T02:59:27.554405+00:00
65887,CONOIL,2017-12-22,28.0,,,28.0,52108,2026-04-08T02:59:29.82771+00:00
65979,CONOIL,2017-12-27,28.0,,,28.0,8715,2026-04-08T02:59:36.63878+00:00
66071,CONOIL,2017-12-28,28.0,,,28.0,20908,2026-04-08T02:59:39.04539+00:00
66163,CONOIL,2017-12-29,28.0,,,28.0,4693,2026-04-08T02:59:41.445401+00:00
66255,CONOIL,2018-01-02,28.0,,,28.0,80901,2026-04-08T02:59:46.944851+00:00
66347,CONOIL,2018-01-03,28.0,,,28.0,60964,2026-04-08T02:59:49.25236+00:00
66439,CONOIL,2018-01-04,29.4,,,29.4,57837,2026-04-08T02:59:51.440942+00:00
66531,CONOIL,2018-01-05,29.4,,,29.4,6651,2026-04-08T02:59:53.632679+00:00
66623,CONOIL,2018-01-08,32.41,,,32.41,421395,2026-04-08T02:59:58.187375+00:00
66715,CONOIL,2018-01-09,34.03,,,34.03,303750,2026-04-08T03:00:00.526076+00:00
66807,CONOIL,2018-01-10,37.51,,,37.51,164912,2026-04-08T03:00:02.789006+00:00
66899,CONOIL,2018-01-11,39.38,,,39.38,2248107,2026-04-08T03:00:05.007224+00:00
66991,CONOIL,2018-01-12,39.41,,,39.41,2411158,2026-04-08T03:00:07.437621+00:00
67083,CONOIL,2018-01-15,39.41,,,39.41,104875,2026-04-08T03:00:11.967979+00:00
67175,CONOIL,2018-01-16,39.41,,,39.41,276497,2026-04-08T03:00:14.274869+00:00
67267,CONOIL,2018-01-17,41.38,,,41.38,563882,2026-04-08T03:00:16.592861+00:00
67359,CONOIL,2018-01-18,41.38,,,41.38,16180,2026-04-08T03:00:18.874572+00:00
67451,CONOIL,2018-01-19,41.38,,,41.38,12716,2026-04-08T03:00:21.223293+00:00
67543,CONOIL,2018-01-22,41.38,,,41.38,5480,2026-04-08T03:00:25.613479+00:00
67635,CONOIL,2018-01-23,41.38,,,41.38,14991,2026-04-08T03:00:27.792672+00:00
67727,CONOIL,2018-01-24,41.38,,,41.38,1750,2026-04-08T03:00:29.955701+00:00
67819,CONOIL,2018-01-25,41.38,,,41.38,371,2026-04-08T03:00:32.149736+00:00
67911,CONOIL,2018-01-26,39.32,,,39.32,65328,2026-04-08T03:00:34.314441+00:00
68003,CONOIL,2018-01-30,39.3,,,39.3,5562,2026-04-08T03:00:39.498781+00:00
68095,CONOIL,2018-01-31,39.3,,,39.3,110396,2026-04-08T03:00:41.874276+00:00
68187,CONOIL,2018-02-01,39.3,,,39.3,700,2026-04-08T03:00:44.260901+00:00
68279,CONOIL,2018-02-02,39.3,,,39.3,23019,2026-04-08T03:00:46.552556+00:00
68371,CONOIL,2018-02-05,39.3,,,39.3,3593,2026-04-08T03:00:50.820837+00:00
68463,CONOIL,2018-02-06,39.3,,,39.3,16974,2026-04-08T03:00:53.862975+00:00
68555,CONOIL,2018-02-07,39.3,,,39.3,1948,2026-04-08T03:00:56.249659+00:00
68647,CONOIL,2018-02-08,39.3,,,39.3,20926,2026-04-08T03:00:58.532515+00:00
68739,CONOIL,2018-02-12,39.3,,,39.3,10393,2026-04-08T03:01:04.382325+00:00
68831,CONOIL,2018-02-13,39.3,,,39.3,0,2026-04-08T03:01:06.5746+00:00
68923,CONOIL,2018-02-14,39.3,,,39.3,972,2026-04-08T03:01:08.960618+00:00
69015,CONOIL,2018-02-15,39.3,,,39.3,4265,2026-04-08T03:01:11.158693+00:00
69107,CONOIL,2018-02-16,39.3,,,39.3,15003,2026-04-08T03:01:13.607551+00:00
69199,CONOIL,2018-02-19,39.3,,,39.3,31045,2026-04-08T03:01:18.187191+00:00
69291,CONOIL,2018-02-20,35.5,,,35.5,180597,2026-04-08T03:01:20.554931+00:00
69383,CONOIL,2018-02-22,32.1,,,32.1,151543,2026-04-08T03:01:23.957413+00:00
69475,CONOIL,2018-02-26,32.1,,,32.1,50591,2026-04-08T03:01:29.317338+00:00
69567,CONOIL,2018-02-27,35.25,,,35.25,161695,2026-04-08T03:01:31.58282+00:00
69659,CONOIL,2018-02-28,35.25,,,35.25,128498,2026-04-08T03:01:33.916623+00:00
69751,CONOIL,2018-03-01,35.25,,,35.25,95493,2026-04-08T03:01:36.321302+00:00
69843,CONOIL,2018-03-02,35.25,,,35.25,3292,2026-04-08T03:01:38.625174+00:00
69935,CONOIL,2018-03-05,35.25,,,35.25,12111,2026-04-08T03:01:43.47208+00:00
70027,CONOIL,2018-03-06,35.25,,,35.25,32564,2026-04-08T03:01:45.677681+00:00
70119,CONOIL,2018-03-08,35.25,,,35.25,57044,2026-04-08T03:01:48.923554+00:00
70211,CONOIL,2018-03-09,35.25,,,35.25,20696,2026-04-08T03:01:51.131195+00:00
70303,CONOIL,2018-03-12,35.25,,,35.25,163272,2026-04-08T03:01:55.382529+00:00
70395,CONOIL,2018-03-13,35.2,,,35.2,498625,2026-04-08T03:01:57.721961+00:00
70487,CONOIL,2018-03-14,35.2,,,35.2,9859,2026-04-08T03:02:00.06799+00:00
70579,CONOIL,2018-03-15,33.45,,,33.45,124454,2026-04-08T03:02:02.587626+00:00
70671,CONOIL,2018-03-16,33.45,,,33.45,11560,2026-04-08T03:02:05.049003+00:00
70763,CONOIL,2018-03-19,33.45,,,33.45,22823,2026-04-08T03:02:09.713694+00:00
70855,CONOIL,2018-03-20,33.45,,,33.45,14363,2026-04-08T03:02:12.039098+00:00
70947,CONOIL,2018-03-21,33.45,,,33.45,36816,2026-04-08T03:02:14.26344+00:00
71039,CONOIL,2018-03-22,33.45,,,33.45,33178,2026-04-08T03:02:16.655807+00:00
71131,CONOIL,2018-03-23,33.45,,,33.45,81401,2026-04-08T03:02:19.005936+00:00
71223,CONOIL,2018-03-26,33.45,,,33.45,31073,2026-04-08T03:02:23.356301+00:00
71315,CONOIL,2018-03-27,33.45,,,33.45,67165,2026-04-08T03:02:25.602463+00:00
71407,CONOIL,2018-03-28,33.45,,,33.45,50808,2026-04-08T03:02:28.271075+00:00
71499,CONOIL,2018-03-29,33.45,,,33.45,40388,2026-04-08T03:02:31.326472+00:00
71591,CONOIL,2018-04-03,33.45,,,33.45,16401,2026-04-08T03:02:37.862294+00:00
71683,CONOIL,2018-04-04,33.45,,,33.45,100294,2026-04-08T03:02:40.086392+00:00
71775,CONOIL,2018-04-05,33.45,,,33.45,9273,2026-04-08T03:02:42.518452+00:00
71867,CONOIL,2018-04-09,33.45,,,33.45,38924,2026-04-08T03:02:48.00481+00:00
71959,CONOIL,2018-04-10,33.45,,,33.45,21257,2026-04-08T03:02:50.293549+00:00
72051,CONOIL,2018-04-11,33.45,,,33.45,15606,2026-04-08T03:02:52.723357+00:00
72143,CONOIL,2018-04-12,33.45,,,33.45,13854,2026-04-08T03:02:54.976434+00:00
72235,CONOIL,2018-04-13,33.45,,,33.45,38032,2026-04-08T03:02:57.419716+00:00
72328,CONOIL,2018-04-16,33.45,,,33.45,11210,2026-04-08T03:03:01.748445+00:00
72421,CONOIL,2018-04-17,33.45,,,33.45,6753,2026-04-08T03:03:04.013915+00:00
72514,CONOIL,2018-04-18,33.45,,,33.45,21697,2026-04-08T03:03:06.304604+00:00
72607,CONOIL,2018-04-19,33.45,,,33.45,26981,2026-04-08T03:03:08.631091+00:00
72700,CONOIL,2018-04-20,33.45,,,33.45,20000,2026-04-08T03:03:11.181142+00:00
72793,CONOIL,2018-04-23,33.45,,,33.45,31617,2026-04-08T03:03:15.702548+00:00
72886,CONOIL,2018-04-24,31.8,,,31.8,804477,2026-04-08T03:03:17.976864+00:00
72979,CONOIL,2018-04-25,31.8,,,31.8,65443,2026-04-08T03:03:20.281484+00:00
73072,CONOIL,2018-04-26,31.8,,,31.8,111728,2026-04-08T03:03:22.503544+00:00
73165,CONOIL,2018-04-27,31.8,,,31.8,37055,2026-04-08T03:03:24.801147+00:00
73258,CONOIL,2018-04-30,31.8,,,31.8,21917,2026-04-08T03:03:29.288658+00:00
73351,CONOIL,2018-05-02,31.8,,,31.8,25650,2026-04-08T03:03:32.97882+00:00
73444,CONOIL,2018-05-03,31.8,,,31.8,28395,2026-04-08T03:03:35.46093+00:00
73537,CONOIL,2018-05-04,31.8,,,31.8,28638,2026-04-08T03:03:38.142449+00:00
73630,CONOIL,2018-05-07,31.8,,,31.8,26087,2026-04-08T03:03:42.835383+00:00
73723,CONOIL,2018-05-08,31.8,,,31.8,173575,2026-04-08T03:03:45.094212+00:00
73816,CONOIL,2018-05-09,31.8,,,31.8,35027,2026-04-08T03:03:47.354492+00:00
73909,CONOIL,2018-05-10,31.8,,,31.8,136600,2026-04-08T03:03:49.581225+00:00
74002,CONOIL,2018-05-11,31.8,,,31.8,29369,2026-04-08T03:03:51.923758+00:00
74095,CONOIL,2018-05-14,31.8,,,31.8,10043,2026-04-08T03:03:56.261604+00:00
74188,CONOIL,2018-05-15,31.8,,,31.8,22123,2026-04-08T03:03:58.63318+00:00
74281,CONOIL,2018-05-16,31.8,,,31.8,44034,2026-04-08T03:04:02.494817+00:00
74374,CONOIL,2018-05-17,31.8,,,31.8,10688,2026-04-08T03:04:04.853265+00:00
74467,CONOIL,2018-05-18,31.8,,,31.8,138190,2026-04-08T03:04:09.280828+00:00
74560,CONOIL,2018-05-21,31.8,,,31.8,12365,2026-04-08T03:04:14.640212+00:00
74653,CONOIL,2018-05-22,31.8,,,31.8,299082,2026-04-08T03:04:17.13602+00:00
74746,CONOIL,2018-05-24,31.8,,,31.8,22005,2026-04-08T03:04:20.857799+00:00
74839,CONOIL,2018-05-25,31.8,,,31.8,51964,2026-04-08T03:04:23.533051+00:00
74932,CONOIL,2018-05-28,31.8,,,31.8,21146,2026-04-08T03:04:28.151981+00:00
75025,CONOIL,2018-05-31,31.8,,,31.8,90393,2026-04-08T03:04:33.384321+00:00
75118,CONOIL,2018-06-01,31.8,,,31.8,24797,2026-04-08T03:04:35.846588+00:00
75211,CONOIL,2018-06-04,31.8,,,31.8,39413,2026-04-08T03:04:40.216574+00:00
75304,CONOIL,2018-06-05,31.8,,,31.8,38374,2026-04-08T03:04:42.57091+00:00
75397,CONOIL,2018-06-06,32.5,,,32.5,223574,2026-04-08T03:04:44.928825+00:00
75490,CONOIL,2018-06-07,32.5,,,32.5,305089,2026-04-08T03:04:47.263813+00:00
75583,CONOIL,2018-06-08,32.0,,,32.0,154114,2026-04-08T03:04:49.462509+00:00
75676,CONOIL,2018-06-11,32.0,,,32.0,186658,2026-04-08T03:04:53.988129+00:00
75769,CONOIL,2018-06-12,32.0,,,32.0,43272,2026-04-08T03:04:56.284057+00:00
75862,CONOIL,2018-06-13,32.0,,,32.0,80895,2026-04-08T03:04:58.638577+00:00
75955,CONOIL,2018-06-14,32.0,,,32.0,220797,2026-04-08T03:05:00.901161+00:00
76048,CONOIL,2018-06-19,30.0,,,30.0,59679,2026-04-08T03:05:07.639029+00:00
76141,CONOIL,2018-06-20,30.0,,,30.0,38781,2026-04-08T03:05:09.924133+00:00
76234,CONOIL,2018-06-21,30.0,,,30.0,3349,2026-04-08T03:05:12.376626+00:00
76327,CONOIL,2018-06-22,30.0,,,30.0,4665,2026-04-08T03:05:14.680862+00:00
76421,CONOIL,2018-06-25,30.0,,,30.0,11013,2026-04-08T03:05:19.028214+00:00
76515,CONOIL,2018-06-26,30.0,,,30.0,36488,2026-04-08T03:05:21.361472+00:00
76609,CONOIL,2018-06-27,30.0,,,30.0,53442,2026-04-08T03:05:23.730487+00:00
76703,CONOIL,2018-06-28,30.0,,,30.0,5100,2026-04-08T03:05:26.342484+00:00
76797,CONOIL,2018-06-29,30.0,,,30.0,1500,2026-04-08T03:05:28.786725+00:00
76891,CONOIL,2018-07-02,30.0,,,30.0,14193,2026-04-08T03:05:34.742081+00:00
76985,CONOIL,2018-07-03,30.0,,,30.0,10797,2026-04-08T03:05:37.830893+00:00
77079,CONOIL,2018-07-04,27.5,,,27.5,287277,2026-04-08T03:05:40.225299+00:00
77173,CONOIL,2018-07-05,27.5,,,27.5,180670,2026-04-08T03:05:42.479897+00:00
77267,CONOIL,2018-07-06,27.5,,,27.5,57973,2026-04-08T03:05:44.93013+00:00
77361,CONOIL,2018-07-09,27.0,,,27.0,149744,2026-04-08T03:05:49.395513+00:00
77455,CONOIL,2018-07-10,27.0,,,27.0,32416,2026-04-08T03:05:51.797285+00:00
77549,CONOIL,2018-07-11,27.0,,,27.0,63429,2026-04-08T03:05:54.14171+00:00
77643,CONOIL,2018-07-12,27.0,,,27.0,70654,2026-04-08T03:05:56.629461+00:00
77737,CONOIL,2018-07-13,27.0,,,27.0,107595,2026-04-08T03:05:59.112955+00:00
77832,CONOIL,2018-07-16,27.0,,,27.0,4560,2026-04-08T03:06:03.612411+00:00
77927,CONOIL,2018-07-17,27.0,,,27.0,37285,2026-04-08T03:06:06.031894+00:00
78022,CONOIL,2018-07-18,27.0,,,27.0,48750,2026-04-08T03:06:08.398083+00:00
78117,CONOIL,2018-07-19,27.0,,,27.0,121414,2026-04-08T03:06:10.625391+00:00
78212,CONOIL,2018-07-20,27.0,,,27.0,17733,2026-04-08T03:06:13.100822+00:00
78307,CONOIL,2018-07-23,27.0,,,27.0,21645,2026-04-08T03:06:17.450644+00:00
78402,CONOIL,2018-07-24,27.0,,,27.0,6536,2026-04-08T03:06:19.846153+00:00
78497,CONOIL,2018-07-25,27.0,,,27.0,30577,2026-04-08T03:06:22.17218+00:00
78592,CONOIL,2018-07-26,27.0,,,27.0,79212,2026-04-08T03:06:24.338643+00:00
78687,CONOIL,2018-07-27,27.0,,,27.0,14652,2026-04-08T03:06:26.70773+00:00
78782,CONOIL,2018-07-30,24.3,,,24.3,142160,2026-04-08T03:06:31.357035+00:00
78877,CONOIL,2018-07-31,24.3,,,24.3,25038,2026-04-08T03:06:33.766078+00:00
78972,CONOIL,2018-08-01,24.3,,,24.3,50775,2026-04-08T03:06:36.22345+00:00
79067,CONOIL,2018-08-02,24.3,,,24.3,23849,2026-04-08T03:06:38.596191+00:00
79162,CONOIL,2018-08-03,24.3,,,24.3,24368,2026-04-08T03:06:41.315743+00:00
79257,CONOIL,2018-08-06,24.3,,,24.3,0,2026-04-08T03:06:46.359416+00:00
79352,CONOIL,2018-08-07,24.3,,,24.3,0,2026-04-08T03:06:48.623378+00:00
79447,CONOIL,2018-08-08,24.3,,,24.3,25299,2026-04-08T03:06:51.110249+00:00
79542,CONOIL,2018-08-09,24.3,,,24.3,9518,2026-04-08T03:06:53.45187+00:00
79637,CONOIL,2018-08-10,24.3,,,24.3,6518,2026-04-08T03:06:56.254972+00:00
79732,CONOIL,2018-08-13,24.3,,,24.3,37820,2026-04-08T03:07:00.870215+00:00
79827,CONOIL,2018-08-14,24.3,,,24.3,12249,2026-04-08T03:07:03.258394+00:00
79922,CONOIL,2018-08-15,24.3,,,24.3,22719,2026-04-08T03:07:05.636903+00:00
80017,CONOIL,2018-08-16,24.3,,,24.3,47659,2026-04-08T03:07:07.96787+00:00
80112,CONOIL,2018-08-17,24.3,,,24.3,51186,2026-04-08T03:07:10.276143+00:00
80207,CONOIL,2018-08-20,24.3,,,24.3,11869,2026-04-08T03:07:14.92421+00:00
80302,CONOIL,2018-08-24,24.3,,,24.3,43517,2026-04-08T03:07:20.612873+00:00
80397,CONOIL,2018-08-27,24.3,,,24.3,35540,2026-04-08T03:07:24.735515+00:00
80492,CONOIL,2018-08-28,24.3,,,24.3,13339,2026-04-08T03:07:26.964049+00:00
80587,CONOIL,2018-08-29,24.3,,,24.3,23995,2026-04-08T03:07:29.382314+00:00
80682,CONOIL,2018-08-30,24.3,,,24.3,53308,2026-04-08T03:07:31.753519+00:00
80777,CONOIL,2018-08-31,24.3,,,24.3,18024,2026-04-08T03:07:34.108038+00:00
80872,CONOIL,2018-09-03,24.3,,,24.3,10424,2026-04-08T03:07:38.483999+00:00
80967,CONOIL,2018-09-05,24.3,,,24.3,41054,2026-04-08T03:07:41.733647+00:00
81062,CONOIL,2018-09-06,24.3,,,24.3,46204,2026-04-08T03:07:44.232746+00:00
81157,CONOIL,2018-09-07,24.3,,,24.3,13828,2026-04-08T03:07:46.695234+00:00
81252,CONOIL,2018-09-10,24.3,,,24.3,42242,2026-04-08T03:07:51.133138+00:00
81354,CONOIL,2018-09-11,24.3,,,24.3,16115,2026-04-08T03:07:53.572062+00:00
81456,CONOIL,2018-09-12,24.3,,,24.3,33532,2026-04-08T03:07:56.190409+00:00
81558,CONOIL,2018-09-13,21.9,,,21.9,60030,2026-04-08T03:07:58.529226+00:00
81660,CONOIL,2018-09-14,21.9,,,21.9,51347,2026-04-08T03:08:00.944137+00:00
81762,CONOIL,2018-09-17,21.9,,,21.9,23142,2026-04-08T03:08:05.572353+00:00
81864,CONOIL,2018-09-18,21.9,,,21.9,17477,2026-04-08T03:08:07.840784+00:00
81966,CONOIL,2018-09-19,21.9,,,21.9,40401,2026-04-08T03:08:10.07554+00:00
82068,CONOIL,2018-09-20,21.9,,,21.9,64003,2026-04-08T03:08:12.389642+00:00
82170,CONOIL,2018-09-21,21.9,,,21.9,75824,2026-04-08T03:08:14.761127+00:00
82272,CONOIL,2018-09-24,21.9,,,21.9,33209,2026-04-08T03:08:19.182113+00:00
82374,CONOIL,2018-09-25,21.9,,,21.9,57621,2026-04-08T03:08:21.370615+00:00
82476,CONOIL,2018-09-26,21.9,,,21.9,3575,2026-04-08T03:08:24.494451+00:00
82578,CONOIL,2018-09-27,21.9,,,21.9,12405,2026-04-08T03:08:26.812803+00:00
82680,CONOIL,2018-09-28,21.9,,,21.9,202923,2026-04-08T03:08:29.283021+00:00
82782,CONOIL,2018-10-02,21.9,,,21.9,19031,2026-04-08T03:08:34.887787+00:00
82884,CONOIL,2018-10-04,21.9,,,21.9,35325,2026-04-08T03:08:38.279141+00:00
82986,CONOIL,2018-10-05,22.2,,,22.2,70571,2026-04-08T03:08:40.455926+00:00
83088,CONOIL,2018-10-08,22.5,,,22.5,107372,2026-04-08T03:08:45.286665+00:00
83190,CONOIL,2018-10-09,22.5,,,22.5,37178,2026-04-08T03:08:47.584215+00:00
83292,CONOIL,2018-10-10,22.5,,,22.5,3158,2026-04-08T03:08:50.198924+00:00
83394,CONOIL,2018-10-11,22.5,,,22.5,77232,2026-04-08T03:08:52.595743+00:00
83496,CONOIL,2018-10-12,22.5,,,22.5,19993,2026-04-08T03:08:54.923298+00:00
83598,CONOIL,2018-10-15,22.5,,,22.5,152613,2026-04-08T03:08:59.688494+00:00
83700,CONOIL,2018-10-16,22.5,,,22.5,35827,2026-04-08T03:09:01.98694+00:00
83802,CONOIL,2018-10-17,22.5,,,22.5,31050,2026-04-08T03:09:04.302348+00:00
83904,CONOIL,2018-10-18,22.5,,,22.5,57096,2026-04-08T03:09:06.644992+00:00
84006,CONOIL,2018-10-19,22.5,,,22.5,135867,2026-04-08T03:09:09.038287+00:00
84108,CONOIL,2018-10-22,22.5,,,22.5,17367,2026-04-08T03:09:13.967+00:00
84210,CONOIL,2018-10-23,22.5,,,22.5,6810,2026-04-08T03:09:16.194722+00:00
84312,CONOIL,2018-10-24,22.5,,,22.5,3713,2026-04-08T03:09:18.448083+00:00
84414,CONOIL,2018-10-25,22.5,,,22.5,10439,2026-04-08T03:09:20.631413+00:00
84516,CONOIL,2018-10-26,22.5,,,22.5,5810,2026-04-08T03:09:23.109094+00:00
84618,CONOIL,2018-10-29,22.5,,,22.5,32393,2026-04-08T03:09:27.901396+00:00
84720,CONOIL,2018-10-30,22.5,,,22.5,25865,2026-04-08T03:09:30.377337+00:00
84822,CONOIL,2018-10-31,22.5,,,22.5,41644,2026-04-08T03:09:32.658485+00:00
84924,CONOIL,2018-11-01,22.5,,,22.5,148973,2026-04-08T03:09:35.048509+00:00
85026,CONOIL,2018-11-02,22.5,,,22.5,38278,2026-04-08T03:09:37.41202+00:00
85128,CONOIL,2018-11-05,22.5,,,22.5,9217,2026-04-08T03:09:41.998643+00:00
85230,CONOIL,2018-11-06,22.5,,,22.5,49504,2026-04-08T03:09:44.485046+00:00
85332,CONOIL,2018-11-08,22.5,,,22.5,13009,2026-04-08T03:09:47.843283+00:00
85434,CONOIL,2018-11-09,22.5,,,22.5,39462,2026-04-08T03:09:50.169754+00:00
85536,CONOIL,2018-11-12,22.5,,,22.5,7256,2026-04-08T03:09:54.975549+00:00
85638,CONOIL,2018-11-13,22.5,,,22.5,75525,2026-04-08T03:09:57.558923+00:00
85740,CONOIL,2018-11-14,22.5,,,22.5,40854,2026-04-08T03:09:59.910116+00:00
85842,CONOIL,2018-11-15,22.5,,,22.5,74410,2026-04-08T03:10:02.252366+00:00
85944,CONOIL,2018-11-16,22.5,,,22.5,15352,2026-04-08T03:10:04.527169+00:00
86046,CONOIL,2018-11-19,22.5,,,22.5,53442,2026-04-08T03:10:09.122468+00:00
86148,CONOIL,2018-11-21,22.5,,,22.5,29267,2026-04-08T03:10:12.622729+00:00
86250,CONOIL,2018-11-22,22.5,,,22.5,14435,2026-04-08T03:10:14.989948+00:00
86352,CONOIL,2018-11-23,22.5,,,22.5,20266,2026-04-08T03:10:17.221139+00:00
86454,CONOIL,2018-11-26,22.5,,,22.5,86088,2026-04-08T03:10:22.142454+00:00
86556,CONOIL,2018-11-27,22.5,,,22.5,2960,2026-04-08T03:10:24.421595+00:00
86658,CONOIL,2018-11-28,22.5,,,22.5,12253,2026-04-08T03:10:26.708398+00:00
86760,CONOIL,2018-11-29,22.5,,,22.5,23681,2026-04-08T03:10:29.255332+00:00
86862,CONOIL,2018-11-30,22.5,,,22.5,5665,2026-04-08T03:10:32.706086+00:00
86964,CONOIL,2018-12-03,22.5,,,22.5,104209,2026-04-08T03:10:37.185914+00:00
87066,CONOIL,2018-12-04,22.5,,,22.5,20933,2026-04-08T03:10:39.607482+00:00
87168,CONOIL,2018-12-05,22.5,,,22.5,24750,2026-04-08T03:10:42.037497+00:00
87270,CONOIL,2018-12-06,22.5,,,22.5,4573,2026-04-08T03:10:44.312069+00:00
87372,CONOIL,2018-12-07,22.5,,,22.5,38572,2026-04-08T03:10:46.663078+00:00
87474,CONOIL,2018-12-10,22.5,,,22.5,18001,2026-04-08T03:10:51.346822+00:00
87576,CONOIL,2018-12-11,22.5,,,22.5,43774,2026-04-08T03:10:53.613329+00:00
87678,CONOIL,2018-12-12,20.25,,,20.25,216348,2026-04-08T03:10:55.983376+00:00
87780,CONOIL,2018-12-13,20.25,,,20.25,15000,2026-04-08T03:10:58.622726+00:00
87882,CONOIL,2018-12-17,20.25,,,20.25,34671,2026-04-08T03:11:04.071168+00:00
87983,CONOIL,2018-12-18,20.25,,,20.25,82083,2026-04-08T03:11:06.547404+00:00
88084,CONOIL,2018-12-19,20.25,,,20.25,86187,2026-04-08T03:11:08.930184+00:00
88185,CONOIL,2018-12-21,21.0,,,21.0,59807,2026-04-08T03:11:13.038597+00:00
88286,CONOIL,2018-12-24,21.0,,,21.0,79612,2026-04-08T03:11:17.396489+00:00
88388,CONOIL,2018-12-31,23.25,,,23.25,51209,2026-04-08T03:11:26.963749+00:00
88490,CONOIL,2019-01-04,23.25,,,23.25,7297,2026-04-08T03:11:33.101723+00:00
88592,CONOIL,2019-01-07,23.25,,,23.25,119619,2026-04-08T03:11:37.396019+00:00
88694,CONOIL,2019-01-08,23.25,,,23.25,55459,2026-04-08T03:11:39.720871+00:00
88796,CONOIL,2019-01-09,23.25,,,23.25,57737,2026-04-08T03:11:42.122758+00:00
88898,CONOIL,2019-01-10,23.25,,,23.25,17403,2026-04-08T03:11:44.4712+00:00
89000,CONOIL,2019-01-11,23.25,,,23.25,3180,2026-04-08T03:11:46.864498+00:00
89102,CONOIL,2019-01-14,23.25,,,23.25,848,2026-04-08T03:11:51.386431+00:00
89204,CONOIL,2019-01-15,23.25,,,23.25,22454,2026-04-08T03:11:53.781694+00:00
89306,CONOIL,2019-01-16,23.25,,,23.25,32392,2026-04-08T03:11:56.273278+00:00
89408,CONOIL,2019-01-17,23.25,,,23.25,32666,2026-04-08T03:11:58.633279+00:00
89510,CONOIL,2019-01-18,23.25,,,23.25,24343,2026-04-08T03:12:01.678716+00:00
89612,CONOIL,2019-01-21,23.25,,,23.25,4551,2026-04-08T03:12:06.146982+00:00
89714,CONOIL,2019-01-22,23.25,,,23.25,2536,2026-04-08T03:12:26.450353+00:00
89816,CONOIL,2019-01-23,23.25,,,23.25,92202,2026-04-08T03:12:28.985884+00:00
89918,CONOIL,2019-01-24,23.25,,,23.25,38267,2026-04-08T03:12:31.471104+00:00
90020,CONOIL,2019-01-25,23.25,,,23.25,48121,2026-04-08T03:12:33.831732+00:00
90122,CONOIL,2019-01-28,23.25,,,23.25,8411,2026-04-08T03:12:38.324+00:00
90224,CONOIL,2019-01-29,23.25,,,23.25,36917,2026-04-08T03:12:40.769031+00:00
90326,CONOIL,2019-01-30,23.25,,,23.25,8778,2026-04-08T03:12:43.207065+00:00
90428,CONOIL,2019-01-31,23.25,,,23.25,20052,2026-04-08T03:12:45.452606+00:00
90530,CONOIL,2019-02-01,23.25,,,23.25,5249,2026-04-08T03:12:47.65569+00:00
90632,CONOIL,2019-02-04,23.25,,,23.25,31851,2026-04-08T03:12:52.008801+00:00
90734,CONOIL,2019-02-05,23.25,,,23.25,7663,2026-04-08T03:12:54.428036+00:00
90836,CONOIL,2019-02-06,23.25,,,23.25,77988,2026-04-08T03:12:56.795589+00:00
90938,CONOIL,2019-02-07,23.0,,,23.0,142765,2026-04-08T03:12:59.333395+00:00
91040,CONOIL,2019-02-08,23.0,,,23.0,104667,2026-04-08T03:13:01.766173+00:00
91142,CONOIL,2019-02-11,23.0,,,23.0,19218,2026-04-08T03:13:07.807824+00:00
91244,CONOIL,2019-02-12,23.0,,,23.0,101471,2026-04-08T03:13:10.389121+00:00
91346,CONOIL,2019-02-13,23.0,,,23.0,267601,2026-04-08T03:13:13.120558+00:00
91448,CONOIL,2019-02-14,23.0,,,23.0,38179,2026-04-08T03:13:15.610167+00:00
91550,CONOIL,2019-02-15,23.0,,,23.0,63990,2026-04-08T03:13:17.960235+00:00
91652,CONOIL,2019-02-18,23.0,,,23.0,24258,2026-04-08T03:13:22.383964+00:00
91754,CONOIL,2019-02-19,23.0,,,23.0,49858,2026-04-08T03:13:24.617569+00:00
91856,CONOIL,2019-02-20,23.0,,,23.0,37211,2026-04-08T03:13:26.870792+00:00
91958,CONOIL,2019-02-22,23.0,,,23.0,15100,2026-04-08T03:13:30.442816+00:00
92060,CONOIL,2019-02-25,23.0,,,23.0,37156,2026-04-08T03:13:35.015549+00:00
92162,CONOIL,2019-02-26,23.0,,,23.0,29175,2026-04-08T03:13:37.412672+00:00
92264,CONOIL,2019-02-27,23.0,,,23.0,81326,2026-04-08T03:13:39.910522+00:00
92366,CONOIL,2019-02-28,23.0,,,23.0,7575,2026-04-08T03:13:42.435587+00:00
92468,CONOIL,2019-03-01,23.0,,,23.0,22944,2026-04-08T03:13:44.810709+00:00
92570,CONOIL,2019-03-04,23.0,,,23.0,96586,2026-04-08T03:13:49.353535+00:00
92672,CONOIL,2019-03-05,23.0,,,23.0,66511,2026-04-08T03:13:51.846242+00:00
92774,CONOIL,2019-03-06,23.0,,,23.0,20301,2026-04-08T03:13:54.267269+00:00
92876,CONOIL,2019-03-07,23.0,,,23.0,82178,2026-04-08T03:13:56.544072+00:00
92978,CONOIL,2019-03-08,23.0,,,23.0,2600,2026-04-08T03:13:58.936546+00:00
93080,CONOIL,2019-03-11,23.0,,,23.0,3631,2026-04-08T03:14:03.582539+00:00
93182,CONOIL,2019-03-12,23.0,,,23.0,4386,2026-04-08T03:14:06.149716+00:00
93284,CONOIL,2019-03-13,23.0,,,23.0,5500,2026-04-08T03:14:08.562819+00:00
93386,CONOIL,2019-03-14,23.0,,,23.0,11129,2026-04-08T03:14:10.990955+00:00
93488,CONOIL,2019-03-15,23.0,,,23.0,27027,2026-04-08T03:14:13.413527+00:00
93590,CONOIL,2019-03-18,23.0,,,23.0,16067,2026-04-08T03:14:17.594172+00:00
93692,CONOIL,2019-03-19,23.0,,,23.0,19236,2026-04-08T03:14:19.883177+00:00
93794,CONOIL,2019-03-20,23.0,,,23.0,8328,2026-04-08T03:14:22.215184+00:00
93896,CONOIL,2019-03-21,23.0,,,23.0,22767,2026-04-08T03:14:24.469396+00:00
93998,CONOIL,2019-03-22,23.0,,,23.0,15984,2026-04-08T03:14:26.929153+00:00
94100,CONOIL,2019-03-25,23.0,,,23.0,7341,2026-04-08T03:14:31.400562+00:00
94202,CONOIL,2019-03-26,23.0,,,23.0,72512,2026-04-08T03:14:33.80485+00:00
94304,CONOIL,2019-03-27,23.0,,,23.0,14254,2026-04-08T03:14:36.122563+00:00
94406,CONOIL,2019-03-28,23.0,,,23.0,40728,2026-04-08T03:14:38.612625+00:00
94508,CONOIL,2019-03-29,23.0,,,23.0,29854,2026-04-08T03:14:41.061692+00:00
94609,CONOIL,2019-04-01,23.0,,,23.0,22013,2026-04-08T03:14:45.528331+00:00
94710,CONOIL,2019-04-02,23.0,,,23.0,7940,2026-04-08T03:14:47.809526+00:00
94811,CONOIL,2019-04-03,23.0,,,23.0,14495,2026-04-08T03:14:50.124237+00:00
94912,CONOIL,2019-04-04,23.0,,,23.0,18354,2026-04-08T03:14:52.417245+00:00
95013,CONOIL,2019-04-05,23.0,,,23.0,16483,2026-04-08T03:14:54.739567+00:00
95114,CONOIL,2019-04-08,23.0,,,23.0,32550,2026-04-08T03:14:59.01768+00:00
95215,CONOIL,2019-04-09,23.0,,,23.0,73538,2026-04-08T03:15:01.233247+00:00
95316,CONOIL,2019-04-10,23.0,,,23.0,12880,2026-04-08T03:15:03.446976+00:00
95417,CONOIL,2019-04-11,23.0,,,23.0,31371,2026-04-08T03:15:05.608759+00:00
95518,CONOIL,2019-04-12,23.0,,,23.0,32616,2026-04-08T03:15:07.869644+00:00
95619,CONOIL,2019-04-15,23.0,,,23.0,47522,2026-04-08T03:15:12.360876+00:00
95720,CONOIL,2019-04-16,23.0,,,23.0,34227,2026-04-08T03:15:14.69338+00:00
95821,CONOIL,2019-04-17,23.0,,,23.0,101804,2026-04-08T03:15:16.974822+00:00
95922,CONOIL,2019-04-18,23.0,,,23.0,5372,2026-04-08T03:15:19.360663+00:00
96023,CONOIL,2019-04-23,23.0,,,23.0,13821,2026-04-08T03:15:26.04373+00:00
96125,CONOIL,2019-04-24,20.8,,,20.8,148901,2026-04-08T03:15:28.31166+00:00
96227,CONOIL,2019-04-25,20.8,,,20.8,36765,2026-04-08T03:15:30.603437+00:00
96329,CONOIL,2019-04-26,20.8,,,20.8,39600,2026-04-08T03:15:32.816712+00:00
96431,CONOIL,2019-04-29,20.8,,,20.8,327056,2026-04-08T03:15:37.198623+00:00
96533,CONOIL,2019-04-30,20.8,,,20.8,15793,2026-04-08T03:15:39.499507+00:00
96635,CONOIL,2019-05-02,20.1,,,20.1,488034,2026-04-08T03:15:42.839166+00:00
96737,CONOIL,2019-05-03,20.1,,,20.1,130682,2026-04-08T03:15:45.02286+00:00
96839,CONOIL,2019-05-06,20.1,,,20.1,97082,2026-04-08T03:15:49.380478+00:00
96941,CONOIL,2019-05-07,20.1,,,20.1,128999,2026-04-08T03:15:51.609622+00:00
97043,CONOIL,2019-05-08,20.1,,,20.1,148885,2026-04-08T03:15:53.912422+00:00
97145,CONOIL,2019-05-09,20.1,,,20.1,30792,2026-04-08T03:15:56.308435+00:00
97247,CONOIL,2019-05-10,20.1,,,20.1,24268,2026-04-08T03:15:58.65517+00:00
97349,CONOIL,2019-05-13,20.1,,,20.1,104631,2026-04-08T03:16:02.955985+00:00
97451,CONOIL,2019-05-14,20.1,,,20.1,44720,2026-04-08T03:16:05.427951+00:00
97553,CONOIL,2019-05-15,20.1,,,20.1,31848,2026-04-08T03:16:07.709974+00:00
97655,CONOIL,2019-05-16,20.1,,,20.1,10271,2026-04-08T03:16:09.947696+00:00
97757,CONOIL,2019-05-17,20.1,,,20.1,7793,2026-04-08T03:16:12.469468+00:00
97860,CONOIL,2019-05-20,20.1,,,20.1,38050,2026-04-08T03:16:16.967061+00:00
97963,CONOIL,2019-05-21,20.1,,,20.1,31548,2026-04-08T03:16:19.368023+00:00
98066,CONOIL,2019-05-22,20.15,,,20.15,114553,2026-04-08T03:16:21.741488+00:00
98169,CONOIL,2019-05-23,21.55,,,21.55,420896,2026-04-08T03:16:24.010501+00:00
98272,CONOIL,2019-05-24,21.55,,,21.55,99850,2026-04-08T03:16:26.41346+00:00
98375,CONOIL,2019-05-27,21.55,,,21.55,27577,2026-04-08T03:16:30.812568+00:00
98478,CONOIL,2019-05-28,22.0,,,22.0,233936,2026-04-08T03:16:33.286405+00:00
98581,CONOIL,2019-05-30,22.0,,,22.0,118447,2026-04-08T03:16:36.695359+00:00
98684,CONOIL,2019-05-31,22.0,,,22.0,34175,2026-04-08T03:16:39.10826+00:00
98787,CONOIL,2019-06-03,22.0,,,22.0,44062,2026-04-08T03:16:43.376201+00:00
98890,CONOIL,2019-06-06,23.0,,,23.0,429986,2026-04-08T03:16:48.034912+00:00
98993,CONOIL,2019-06-07,23.0,,,23.0,135076,2026-04-08T03:16:50.186426+00:00
99096,CONOIL,2019-06-10,23.0,,,23.0,76434,2026-04-08T03:16:54.498349+00:00
99199,CONOIL,2019-06-11,23.0,,,23.0,19223,2026-04-08T03:16:56.702394+00:00
99302,CONOIL,2019-06-13,23.0,,,23.0,39059,2026-04-08T03:17:00.140907+00:00
99405,CONOIL,2019-06-14,23.0,,,23.0,22666,2026-04-08T03:17:02.289964+00:00
99508,CONOIL,2019-06-17,23.0,,,23.0,4484,2026-04-08T03:17:06.378621+00:00
99611,CONOIL,2019-06-18,23.0,,,23.0,78966,2026-04-08T03:17:08.696624+00:00
99714,CONOIL,2019-06-19,21.65,,,21.65,90956,2026-04-08T03:17:10.975867+00:00
99817,CONOIL,2019-06-20,21.65,,,21.65,161958,2026-04-08T03:17:13.205784+00:00
99920,CONOIL,2019-06-24,21.65,,,21.65,42983,2026-04-08T03:17:18.488118+00:00
100023,CONOIL,2019-06-25,21.65,,,21.65,2293,2026-04-08T03:17:20.712996+00:00
100126,CONOIL,2019-06-26,21.65,,,21.65,133417,2026-04-08T03:17:23.021521+00:00
100229,CONOIL,2019-06-27,21.65,,,21.65,68797,2026-04-08T03:17:25.288917+00:00
100332,CONOIL,2019-06-28,21.65,,,21.65,14125,2026-04-08T03:17:27.669324+00:00
100435,CONOIL,2019-07-01,21.65,,,21.65,217839,2026-04-08T03:17:31.993492+00:00
100538,CONOIL,2019-07-02,21.65,,,21.65,0,2026-04-08T03:17:34.195482+00:00
100641,CONOIL,2019-07-03,21.65,,,21.65,0,2026-04-08T03:17:36.539656+00:00
100744,CONOIL,2019-07-04,21.65,,,21.65,0,2026-04-08T03:17:38.806977+00:00
100847,CONOIL,2019-07-05,23.8,,,23.8,331941,2026-04-08T03:17:41.292481+00:00
100950,CONOIL,2019-07-08,23.8,,,23.8,231819,2026-04-08T03:17:45.861747+00:00
101054,CONOIL,2019-07-09,22.15,,,22.15,173951,2026-04-08T03:17:48.217581+00:00
101158,CONOIL,2019-07-10,19.95,,,19.95,715241,2026-04-08T03:17:50.676625+00:00
101262,CONOIL,2019-07-11,20.0,,,20.0,578170,2026-04-08T03:17:53.082234+00:00
101366,CONOIL,2019-07-12,20.0,,,20.0,10028,2026-04-08T03:17:55.503872+00:00
101470,CONOIL,2019-07-15,20.4,,,20.4,191611,2026-04-08T03:18:00.039317+00:00
101574,CONOIL,2019-07-16,18.45,,,18.45,441003,2026-04-08T03:18:02.440443+00:00
101678,CONOIL,2019-07-17,18.45,,,18.45,255023,2026-04-08T03:18:04.729662+00:00
101782,CONOIL,2019-07-18,20.25,,,20.25,115516,2026-04-08T03:18:07.178594+00:00
101886,CONOIL,2019-07-19,20.25,,,20.25,549501,2026-04-08T03:18:09.535362+00:00
101990,CONOIL,2019-07-22,20.25,,,20.25,364250,2026-04-08T03:18:14.212024+00:00
102094,CONOIL,2019-07-23,20.25,,,20.25,64078,2026-04-08T03:18:16.654741+00:00
102198,CONOIL,2019-07-24,20.25,,,20.25,72509,2026-04-08T03:18:18.926554+00:00
102302,CONOIL,2019-07-25,20.25,,,20.25,101130,2026-04-08T03:18:21.127331+00:00
102406,CONOIL,2019-07-26,20.25,,,20.25,84587,2026-04-08T03:18:23.508197+00:00
102510,CONOIL,2019-07-29,20.25,,,20.25,46256,2026-04-08T03:18:27.808584+00:00
102614,CONOIL,2019-07-30,20.25,,,20.25,182229,2026-04-08T03:18:30.090931+00:00
102718,CONOIL,2019-07-31,19.7,,,19.7,804991,2026-04-08T03:18:32.379029+00:00
102822,CONOIL,2019-08-01,19.7,,,19.7,37370,2026-04-08T03:18:34.721051+00:00
102926,CONOIL,2019-08-02,18.6,,,18.6,228975,2026-04-08T03:18:37.148519+00:00
103030,CONOIL,2019-08-05,16.6,,,16.6,68159,2026-04-08T03:18:41.327383+00:00
103134,CONOIL,2019-08-06,16.6,,,16.6,24437,2026-04-08T03:18:43.676077+00:00
103238,CONOIL,2019-08-07,17.65,,,17.65,105670,2026-04-08T03:18:45.952647+00:00
103342,CONOIL,2019-08-08,17.65,,,17.65,29193,2026-04-08T03:18:48.284739+00:00
103446,CONOIL,2019-08-09,17.65,,,17.65,79790,2026-04-08T03:18:50.530707+00:00
103550,CONOIL,2019-08-14,17.65,,,17.65,162841,2026-04-08T03:18:57.313874+00:00
103654,CONOIL,2019-08-15,17.65,,,17.65,16062,2026-04-08T03:18:59.647711+00:00
103758,CONOIL,2019-08-19,17.65,,,17.65,9919,2026-04-08T03:19:05.053534+00:00
103862,CONOIL,2019-08-20,16.8,,,16.8,296785,2026-04-08T03:19:07.283568+00:00
103965,CONOIL,2019-08-21,16.8,,,16.8,124124,2026-04-08T03:19:09.493441+00:00
104068,CONOIL,2019-08-22,16.8,,,16.8,32316,2026-04-08T03:19:11.834929+00:00
104171,CONOIL,2019-08-23,16.8,,,16.8,46583,2026-04-08T03:19:14.066623+00:00
104274,CONOIL,2019-08-26,16.8,,,16.8,103943,2026-04-08T03:19:18.291411+00:00
104377,CONOIL,2019-08-27,16.8,,,16.8,30896,2026-04-08T03:19:20.588978+00:00
104480,CONOIL,2019-08-28,16.8,,,16.8,142324,2026-04-08T03:19:22.939533+00:00
104583,CONOIL,2019-08-29,16.8,,,16.8,59667,2026-04-08T03:19:25.308081+00:00
104686,CONOIL,2019-08-30,16.8,,,16.8,81033,2026-04-08T03:19:27.686427+00:00
104789,CONOIL,2019-09-02,16.8,,,16.8,50899,2026-04-08T03:19:32.075785+00:00
104892,CONOIL,2019-09-03,16.8,,,16.8,46550,2026-04-08T03:19:34.366833+00:00
104995,CONOIL,2019-09-04,16.8,,,16.8,47585,2026-04-08T03:19:36.608723+00:00
105098,CONOIL,2019-09-05,16.8,,,16.8,32829,2026-04-08T03:19:38.984327+00:00
105201,CONOIL,2019-09-06,16.8,,,16.8,40249,2026-04-08T03:19:41.363212+00:00
105304,CONOIL,2019-09-09,16.8,,,16.8,47864,2026-04-08T03:19:45.624302+00:00
105407,CONOIL,2019-09-10,16.8,,,16.8,32141,2026-04-08T03:19:47.977958+00:00
105510,CONOIL,2019-09-11,16.8,,,16.8,11835,2026-04-08T03:19:50.333421+00:00
105613,CONOIL,2019-09-12,16.8,,,16.8,3000,2026-04-08T03:19:52.607202+00:00
105716,CONOIL,2019-09-13,16.8,,,16.8,96162,2026-04-08T03:19:55.083512+00:00
105819,CONOIL,2019-09-16,16.8,,,16.8,205085,2026-04-08T03:19:59.701348+00:00
105922,CONOIL,2019-09-17,16.8,,,16.8,20503,2026-04-08T03:20:02.523968+00:00
106025,CONOIL,2019-09-18,16.8,,,16.8,128347,2026-04-08T03:20:05.488272+00:00
106128,CONOIL,2019-09-19,16.8,,,16.8,24602,2026-04-08T03:20:08.114889+00:00
106231,CONOIL,2019-09-20,16.8,,,16.8,31443,2026-04-08T03:20:10.721894+00:00
106334,CONOIL,2019-09-23,16.8,,,16.8,48408,2026-04-08T03:20:15.267012+00:00
106437,CONOIL,2019-09-24,16.8,,,16.8,2611,2026-04-08T03:20:17.630341+00:00
106540,CONOIL,2019-09-25,16.8,,,16.8,5907,2026-04-08T03:20:20.165626+00:00
106643,CONOIL,2019-09-26,16.8,,,16.8,109198,2026-04-08T03:20:22.92566+00:00
106746,CONOIL,2019-09-27,16.8,,,16.8,8496,2026-04-08T03:20:25.402499+00:00
106849,CONOIL,2019-09-30,16.8,,,16.8,214753,2026-04-08T03:20:29.867546+00:00
106952,CONOIL,2019-10-02,15.15,,,15.15,1071317,2026-04-08T03:20:33.475481+00:00
107055,CONOIL,2019-10-03,15.15,,,15.15,72225,2026-04-08T03:20:35.801047+00:00
107158,CONOIL,2019-10-04,15.25,,,15.25,199883,2026-04-08T03:20:38.138638+00:00
107261,CONOIL,2019-10-07,15.4,,,15.4,57501,2026-04-08T03:20:43.38987+00:00
107364,CONOIL,2019-10-08,15.4,,,15.4,71647,2026-04-08T03:20:50.115577+00:00
107467,CONOIL,2019-10-09,15.4,,,15.4,131955,2026-04-08T03:20:53.067656+00:00
107570,CONOIL,2019-10-10,15.4,,,15.4,81851,2026-04-08T03:20:55.682822+00:00
107673,CONOIL,2019-10-11,15.4,,,15.4,55175,2026-04-08T03:20:58.30073+00:00
107776,CONOIL,2019-10-14,15.4,,,15.4,24269,2026-04-08T03:21:03.536141+00:00
107879,CONOIL,2019-10-15,15.4,,,15.4,5222,2026-04-08T03:21:06.159586+00:00
107982,CONOIL,2019-10-16,15.4,,,15.4,106250,2026-04-08T03:21:08.538525+00:00
108085,CONOIL,2019-10-17,15.4,,,15.4,13803,2026-04-08T03:21:11.125073+00:00
108188,CONOIL,2019-10-18,15.4,,,15.4,38544,2026-04-08T03:21:14.04892+00:00
108291,CONOIL,2019-10-21,15.4,,,15.4,26808,2026-04-08T03:21:18.357079+00:00
108394,CONOIL,2019-10-22,15.4,,,15.4,3307,2026-04-08T03:21:20.5704+00:00
108497,CONOIL,2019-10-23,15.4,,,15.4,84054,2026-04-08T03:21:22.84444+00:00
108600,CONOIL,2019-10-24,15.4,,,15.4,53389,2026-04-08T03:21:25.228823+00:00
108703,CONOIL,2019-10-25,15.4,,,15.4,30719,2026-04-08T03:21:27.539286+00:00
108806,CONOIL,2019-10-28,15.4,,,15.4,85415,2026-04-08T03:21:32.161692+00:00
108909,CONOIL,2019-10-29,15.4,,,15.4,18381,2026-04-08T03:21:34.477485+00:00
109012,CONOIL,2019-10-30,15.4,,,15.4,33612,2026-04-08T03:21:36.754268+00:00
109115,CONOIL,2019-10-31,15.4,,,15.4,17489,2026-04-08T03:21:39.10919+00:00
109218,CONOIL,2019-11-01,15.4,,,15.4,188923,2026-04-08T03:21:41.456138+00:00
109321,CONOIL,2019-11-04,15.4,,,15.4,12763,2026-04-08T03:21:45.945243+00:00
109424,CONOIL,2019-11-05,15.4,,,15.4,83370,2026-04-08T03:21:48.37169+00:00
109527,CONOIL,2019-11-06,15.4,,,15.4,25703,2026-04-08T03:21:50.755948+00:00
109630,CONOIL,2019-11-07,15.4,,,15.4,7862,2026-04-08T03:21:53.200031+00:00
109733,CONOIL,2019-11-08,15.4,,,15.4,30429,2026-04-08T03:21:55.63316+00:00
109836,CONOIL,2019-11-12,15.4,,,15.4,62018,2026-04-08T03:22:01.520244+00:00
109939,CONOIL,2019-11-13,15.4,,,15.4,142986,2026-04-08T03:22:04.169594+00:00
110042,CONOIL,2019-11-14,15.4,,,15.4,28357,2026-04-08T03:22:06.510438+00:00
110145,CONOIL,2019-11-15,15.4,,,15.4,329879,2026-04-08T03:22:08.972682+00:00
110247,CONOIL,2019-11-18,15.4,,,15.4,162882,2026-04-08T03:22:13.551393+00:00
110349,CONOIL,2019-11-19,16.9,,,16.9,125528,2026-04-08T03:22:15.801005+00:00
110451,CONOIL,2019-11-20,18.5,,,18.5,238068,2026-04-08T03:22:18.11241+00:00
110553,CONOIL,2019-11-21,18.5,,,18.5,162950,2026-04-08T03:22:20.360812+00:00
110655,CONOIL,2019-11-22,18.5,,,18.5,56018,2026-04-08T03:22:22.766306+00:00
110757,CONOIL,2019-11-25,18.5,,,18.5,109340,2026-04-08T03:22:27.077445+00:00
110859,CONOIL,2019-11-26,18.5,,,18.5,98300,2026-04-08T03:22:29.415971+00:00
110961,CONOIL,2019-11-27,18.5,,,18.5,95986,2026-04-08T03:22:31.797244+00:00
111063,CONOIL,2019-11-28,18.5,,,18.5,11750,2026-04-08T03:22:34.150197+00:00
111165,CONOIL,2019-11-29,18.5,,,18.5,7700,2026-04-08T03:22:36.43862+00:00
111267,CONOIL,2019-12-02,18.5,,,18.5,5898,2026-04-08T03:22:40.672716+00:00
111369,CONOIL,2019-12-03,18.5,,,18.5,95055,2026-04-08T03:22:42.857808+00:00
111471,CONOIL,2019-12-04,18.5,,,18.5,34480,2026-04-08T03:22:45.132537+00:00
111573,CONOIL,2019-12-05,18.5,,,18.5,9191,2026-04-08T03:22:47.409461+00:00
111675,CONOIL,2019-12-06,18.5,,,18.5,11852,2026-04-08T03:22:49.720566+00:00
111777,CONOIL,2019-12-10,18.5,,,18.5,8667,2026-04-08T03:22:54.948045+00:00
111879,CONOIL,2019-12-11,18.5,,,18.5,36832,2026-04-08T03:22:57.463594+00:00
111981,CONOIL,2019-12-12,18.5,,,18.5,64331,2026-04-08T03:22:59.677549+00:00
112083,CONOIL,2019-12-13,18.5,,,18.5,41490,2026-04-08T03:23:01.961124+00:00
112185,CONOIL,2019-12-16,18.5,,,18.5,16044,2026-04-08T03:23:06.206185+00:00
112287,CONOIL,2019-12-17,18.5,,,18.5,80673,2026-04-08T03:23:08.526507+00:00
112389,CONOIL,2019-12-18,18.5,,,18.5,3031,2026-04-08T03:23:10.699016+00:00
112491,CONOIL,2019-12-19,18.5,,,18.5,23450,2026-04-08T03:23:13.06361+00:00
112593,CONOIL,2019-12-20,18.5,,,18.5,162676,2026-04-08T03:23:15.515212+00:00
112695,CONOIL,2019-12-23,18.5,,,18.5,12382,2026-04-08T03:23:19.645113+00:00
112797,CONOIL,2019-12-24,18.5,,,18.5,1806,2026-04-08T03:23:22.081747+00:00
112899,CONOIL,2019-12-27,18.5,,,18.5,1874,2026-04-08T03:23:26.48241+00:00
113001,CONOIL,2019-12-31,18.5,,,18.5,222,2026-04-08T03:23:31.997666+00:00
113103,CONOIL,2020-01-02,18.6,,,18.6,188360,2026-04-08T03:23:35.253628+00:00
113205,CONOIL,2020-01-03,18.6,,,18.6,75420,2026-04-08T03:23:37.484442+00:00
113307,CONOIL,2020-01-06,19.0,,,19.0,154305,2026-04-08T03:23:41.810791+00:00
113409,CONOIL,2020-01-07,19.0,,,19.0,27256,2026-04-08T03:23:44.238014+00:00
113511,CONOIL,2020-01-08,20.85,,,20.85,515496,2026-04-08T03:23:46.428903+00:00
113614,CONOIL,2020-01-09,20.85,,,20.85,230243,2026-04-08T03:23:48.760691+00:00
113717,CONOIL,2020-01-10,20.85,,,20.85,29315,2026-04-08T03:23:51.312987+00:00
113820,CONOIL,2020-01-13,20.0,,,20.0,260763,2026-04-08T03:23:55.704331+00:00
113923,CONOIL,2020-01-14,20.0,,,20.0,21436,2026-04-08T03:23:58.044369+00:00
114026,CONOIL,2020-01-15,20.0,,,20.0,27371,2026-04-08T03:24:00.340453+00:00
114129,CONOIL,2020-01-16,20.0,,,20.0,13144,2026-04-08T03:24:02.775573+00:00
114232,CONOIL,2020-01-17,20.0,,,20.0,1897,2026-04-08T03:24:05.107796+00:00
114335,CONOIL,2020-01-20,20.0,,,20.0,67409,2026-04-08T03:24:09.637495+00:00
114438,CONOIL,2020-01-21,20.0,,,20.0,36012,2026-04-08T03:24:12.081094+00:00
114541,CONOIL,2020-01-23,20.0,,,20.0,34317,2026-04-08T03:24:15.397306+00:00
114644,CONOIL,2020-01-24,20.0,,,20.0,110111,2026-04-08T03:24:17.760742+00:00
114747,CONOIL,2020-01-27,20.0,,,20.0,43333,2026-04-08T03:24:22.426106+00:00
114850,CONOIL,2020-01-28,20.0,,,20.0,265254,2026-04-08T03:24:24.728321+00:00
114953,CONOIL,2020-01-29,20.0,,,20.0,38672,2026-04-08T03:24:27.287495+00:00
115056,CONOIL,2020-01-30,20.0,,,20.0,19829,2026-04-08T03:24:29.658352+00:00
115159,CONOIL,2020-01-31,20.0,,,20.0,75155,2026-04-08T03:24:31.961868+00:00
115262,CONOIL,2020-02-03,20.0,,,20.0,105826,2026-04-08T03:24:36.430808+00:00
115365,CONOIL,2020-02-04,20.0,,,20.0,21046,2026-04-08T03:24:38.687124+00:00
115468,CONOIL,2020-02-05,18.0,,,18.0,414489,2026-04-08T03:24:41.03998+00:00
115571,CONOIL,2020-02-06,18.0,,,18.0,49008,2026-04-08T03:24:43.345135+00:00
115674,CONOIL,2020-02-07,18.0,,,18.0,55013,2026-04-08T03:24:45.609576+00:00
115777,CONOIL,2020-02-10,18.0,,,18.0,41412,2026-04-08T03:24:50.182603+00:00
115880,CONOIL,2020-02-11,18.0,,,18.0,30582,2026-04-08T03:24:52.780016+00:00
115983,CONOIL,2020-02-12,18.0,,,18.0,11580,2026-04-08T03:24:55.120152+00:00
116086,CONOIL,2020-02-13,18.0,,,18.0,100,2026-04-08T03:24:57.649025+00:00
116189,CONOIL,2020-02-14,18.0,,,18.0,138532,2026-04-08T03:25:00.080254+00:00
116292,CONOIL,2020-02-17,18.0,,,18.0,28385,2026-04-08T03:25:04.377856+00:00
116395,CONOIL,2020-02-18,18.0,,,18.0,5593,2026-04-08T03:25:06.773592+00:00
116498,CONOIL,2020-02-19,18.0,,,18.0,15553,2026-04-08T03:25:09.231504+00:00
116601,CONOIL,2020-02-20,18.0,,,18.0,54545,2026-04-08T03:25:11.501588+00:00
116704,CONOIL,2020-02-21,18.0,,,18.0,323120,2026-04-08T03:25:13.948187+00:00
116807,CONOIL,2020-02-24,18.0,,,18.0,79603,2026-04-08T03:25:18.415367+00:00
116910,CONOIL,2020-02-25,18.0,,,18.0,36407,2026-04-08T03:25:20.711298+00:00
117013,CONOIL,2020-02-26,18.0,,,18.0,80351,2026-04-08T03:25:23.465375+00:00
117116,CONOIL,2020-02-27,18.0,,,18.0,5920,2026-04-08T03:25:26.011368+00:00
117219,CONOIL,2020-02-28,18.0,,,18.0,143068,2026-04-08T03:25:28.472167+00:00
117322,CONOIL,2020-03-02,18.0,,,18.0,33773,2026-04-08T03:25:32.979972+00:00
117425,CONOIL,2020-03-03,18.0,,,18.0,38908,2026-04-08T03:25:35.324079+00:00
117528,CONOIL,2020-03-04,18.0,,,18.0,41138,2026-04-08T03:25:37.587456+00:00
117631,CONOIL,2020-03-05,18.0,,,18.0,16274,2026-04-08T03:25:39.825698+00:00
117734,CONOIL,2020-03-09,16.2,,,16.2,293715,2026-04-08T03:25:45.227559+00:00
117837,CONOIL,2020-03-10,16.2,,,16.2,17081,2026-04-08T03:25:47.644077+00:00
117940,CONOIL,2020-03-11,14.6,,,14.6,243956,2026-04-08T03:25:49.940962+00:00
118043,CONOIL,2020-03-12,14.6,,,14.6,68944,2026-04-08T03:25:52.243289+00:00
118146,CONOIL,2020-03-13,14.6,,,14.6,35988,2026-04-08T03:25:54.520183+00:00
118249,CONOIL,2020-03-16,14.6,,,14.6,24828,2026-04-08T03:25:58.965391+00:00
118352,CONOIL,2020-03-17,14.6,,,14.6,47455,2026-04-08T03:26:01.331984+00:00
118455,CONOIL,2020-03-18,14.6,,,14.6,10938,2026-04-08T03:26:03.589989+00:00
118558,CONOIL,2020-03-19,14.6,,,14.6,87469,2026-04-08T03:26:05.957067+00:00
118661,CONOIL,2020-03-20,14.6,,,14.6,545000,2026-04-08T03:26:08.377452+00:00
118764,CONOIL,2020-03-23,14.6,,,14.6,72974,2026-04-08T03:26:12.667002+00:00
118867,CONOIL,2020-03-24,13.15,,,13.15,319821,2026-04-08T03:26:14.960057+00:00
118970,CONOIL,2020-03-25,13.15,,,13.15,12317,2026-04-08T03:26:17.224804+00:00
119073,CONOIL,2020-03-26,13.15,,,13.15,247910,2026-04-08T03:26:19.64473+00:00
119176,CONOIL,2020-03-27,13.15,,,13.15,24286,2026-04-08T03:26:21.968693+00:00
119279,CONOIL,2020-03-30,13.15,,,13.15,12164,2026-04-08T03:26:26.43282+00:00
119382,CONOIL,2020-03-31,13.15,,,13.15,46912,2026-04-08T03:26:28.926506+00:00
119485,CONOIL,2020-04-01,13.15,,,13.15,35354,2026-04-08T03:26:31.173614+00:00
119588,CONOIL,2020-04-02,13.15,,,13.15,13960,2026-04-08T03:26:33.480235+00:00
119691,CONOIL,2020-04-03,13.15,,,13.15,156200,2026-04-08T03:26:35.777807+00:00
119794,CONOIL,2020-04-06,13.15,,,13.15,168600,2026-04-08T03:26:40.135575+00:00
119897,CONOIL,2020-04-07,13.15,,,13.15,149005,2026-04-08T03:26:42.376644+00:00
120000,CONOIL,2020-04-08,13.15,,,13.15,46130,2026-04-08T03:26:44.690105+00:00
120103,CONOIL,2020-04-09,13.15,,,13.15,158172,2026-04-08T03:26:47.020639+00:00
120206,CONOIL,2020-04-14,14.45,,,14.45,205822,2026-04-08T03:26:53.304016+00:00
120309,CONOIL,2020-04-15,14.45,,,14.45,110229,2026-04-08T03:26:55.643286+00:00
120412,CONOIL,2020-04-16,15.85,,,15.85,186003,2026-04-08T03:26:58.005731+00:00
120515,CONOIL,2020-04-17,17.4,,,17.4,291424,2026-04-08T03:27:00.196144+00:00
120618,CONOIL,2020-04-20,17.4,,,17.4,56782,2026-04-08T03:27:04.902814+00:00
120721,CONOIL,2020-04-21,17.4,,,17.4,44314,2026-04-08T03:27:07.124699+00:00
120824,CONOIL,2020-04-22,17.4,,,17.4,57024,2026-04-08T03:27:09.50407+00:00
120927,CONOIL,2020-04-23,17.4,,,17.4,92912,2026-04-08T03:27:11.732195+00:00
121030,CONOIL,2020-04-24,17.4,,,17.4,5223,2026-04-08T03:27:14.133022+00:00
121133,CONOIL,2020-04-27,17.4,,,17.4,285,2026-04-08T03:27:18.376911+00:00
121236,CONOIL,2020-04-28,17.4,,,17.4,35,2026-04-08T03:27:20.70836+00:00
121339,CONOIL,2020-04-29,17.4,,,17.4,13420,2026-04-08T03:27:23.099969+00:00
121442,CONOIL,2020-04-30,17.4,,,17.4,11033,2026-04-08T03:27:25.479794+00:00
121545,CONOIL,2020-05-04,17.4,,,17.4,9210,2026-04-08T03:27:30.67652+00:00
121648,CONOIL,2020-05-05,17.4,,,17.4,75090,2026-04-08T03:27:32.997372+00:00
121751,CONOIL,2020-05-06,17.4,,,17.4,8859,2026-04-08T03:27:35.368243+00:00
121854,CONOIL,2020-05-07,19.1,,,19.1,419837,2026-04-08T03:27:37.70358+00:00
121957,CONOIL,2020-05-08,19.1,,,19.1,80057,2026-04-08T03:27:39.945267+00:00
122060,CONOIL,2020-05-11,19.1,,,19.1,91026,2026-04-08T03:27:44.543581+00:00
122163,CONOIL,2020-05-12,19.1,,,19.1,196537,2026-04-08T03:27:46.988848+00:00
122266,CONOIL,2020-05-13,19.1,,,19.1,145249,2026-04-08T03:27:49.292243+00:00
122369,CONOIL,2020-05-14,19.1,,,19.1,110257,2026-04-08T03:27:51.592074+00:00
122472,CONOIL,2020-05-19,19.1,,,19.1,11420,2026-04-08T03:27:58.031425+00:00
122575,CONOIL,2020-05-20,19.1,,,19.1,249766,2026-04-08T03:28:00.412443+00:00
122678,CONOIL,2020-05-21,19.1,,,19.1,18361,2026-04-08T03:28:02.829603+00:00
122781,CONOIL,2020-05-27,21.0,,,21.0,69336,2026-04-08T03:28:10.17932+00:00
122884,CONOIL,2020-05-28,21.0,,,21.0,28660,2026-04-08T03:28:12.484321+00:00
122987,CONOIL,2020-05-29,21.0,,,21.0,62505,2026-04-08T03:28:14.796152+00:00
123090,CONOIL,2020-06-02,21.0,,,21.0,65284,2026-04-08T03:28:20.224588+00:00
123193,CONOIL,2020-06-03,21.0,,,21.0,79936,2026-04-08T03:28:22.45251+00:00
123296,CONOIL,2020-06-04,21.0,,,21.0,97304,2026-04-08T03:28:24.742978+00:00
123399,CONOIL,2020-06-05,21.0,,,21.0,7891,2026-04-08T03:28:26.997708+00:00
123502,CONOIL,2020-06-08,21.0,,,21.0,38655,2026-04-08T03:28:31.360755+00:00
123605,CONOIL,2020-06-09,21.0,,,21.0,249368,2026-04-08T03:28:33.545964+00:00
123708,CONOIL,2020-06-10,21.0,,,21.0,59181,2026-04-08T03:28:35.856379+00:00
123811,CONOIL,2020-06-11,21.0,,,21.0,1205,2026-04-08T03:28:38.052531+00:00
123914,CONOIL,2020-06-15,21.0,,,21.0,28636,2026-04-08T03:28:43.437023+00:00
124017,CONOIL,2020-06-16,21.0,,,21.0,72445,2026-04-08T03:28:45.961134+00:00
124120,CONOIL,2020-06-17,21.0,,,21.0,31147,2026-04-08T03:28:48.324213+00:00
124223,CONOIL,2020-06-18,21.0,,,21.0,9534,2026-04-08T03:28:50.696546+00:00
124326,CONOIL,2020-06-19,21.0,,,21.0,109754,2026-04-08T03:28:53.406809+00:00
124429,CONOIL,2020-06-22,21.0,,,21.0,30468,2026-04-08T03:28:57.922359+00:00
124532,CONOIL,2020-06-23,21.0,,,21.0,481328,2026-04-08T03:29:00.283028+00:00
124635,CONOIL,2020-06-24,21.0,,,21.0,3988,2026-04-08T03:29:02.79982+00:00
124738,CONOIL,2020-06-25,21.0,,,21.0,110000,2026-04-08T03:29:05.076463+00:00
124841,CONOIL,2020-06-26,21.0,,,21.0,197470,2026-04-08T03:29:07.48598+00:00
124944,CONOIL,2020-06-29,21.0,,,21.0,274330,2026-04-08T03:29:11.968016+00:00
125047,CONOIL,2020-06-30,21.0,,,21.0,597425,2026-04-08T03:29:14.28255+00:00
125150,CONOIL,2020-07-01,21.0,,,21.0,243763,2026-04-08T03:29:16.703757+00:00
125253,CONOIL,2020-07-02,21.0,,,21.0,412174,2026-04-08T03:29:19.127663+00:00
125356,CONOIL,2020-07-03,21.0,,,21.0,96937,2026-04-08T03:29:21.544735+00:00
125459,CONOIL,2020-07-07,21.0,,,21.0,13662,2026-04-08T03:29:27.331532+00:00
125562,CONOIL,2020-07-08,21.0,,,21.0,103819,2026-04-08T03:29:29.768744+00:00
125665,CONOIL,2020-07-09,18.9,,,18.9,815828,2026-04-08T03:29:32.143692+00:00
125768,CONOIL,2020-07-10,18.9,,,18.9,409503,2026-04-08T03:29:34.521297+00:00
125871,CONOIL,2020-07-13,18.9,,,18.9,423939,2026-04-08T03:29:39.007126+00:00
125974,CONOIL,2020-07-14,16.9,,,16.9,46748,2026-04-08T03:29:41.304989+00:00
126077,CONOIL,2020-07-15,16.9,,,16.9,15108,2026-04-08T03:29:43.708156+00:00
126180,CONOIL,2020-07-16,16.9,,,16.9,130794,2026-04-08T03:29:45.979708+00:00
126283,CONOIL,2020-07-17,16.9,,,16.9,13614,2026-04-08T03:29:48.357101+00:00
126386,CONOIL,2020-07-20,16.9,,,16.9,6809,2026-04-08T03:29:52.723074+00:00
126489,CONOIL,2020-07-21,16.9,,,16.9,141642,2026-04-08T03:29:55.035926+00:00
126592,CONOIL,2020-07-23,16.9,,,16.9,52221,2026-04-08T03:29:58.238067+00:00
126695,CONOIL,2020-07-24,16.9,,,16.9,125575,2026-04-08T03:30:00.541513+00:00
126798,CONOIL,2020-07-27,16.9,,,16.9,126881,2026-04-08T03:30:04.748878+00:00
126901,CONOIL,2020-07-28,16.9,,,16.9,134023,2026-04-08T03:30:07.286947+00:00
127004,CONOIL,2020-07-29,16.9,,,16.9,22906,2026-04-08T03:30:09.725653+00:00
127107,CONOIL,2020-08-03,16.9,,,16.9,77009,2026-04-08T03:30:16.711714+00:00
127210,CONOIL,2020-08-04,16.9,,,16.9,24141,2026-04-08T03:30:19.026905+00:00
127313,CONOIL,2020-08-05,16.9,,,16.9,82650,2026-04-08T03:30:21.509999+00:00
127416,CONOIL,2020-08-06,16.9,,,16.9,463368,2026-04-08T03:30:23.823287+00:00
127519,CONOIL,2020-08-07,16.9,,,16.9,28501,2026-04-08T03:30:26.221973+00:00
127622,CONOIL,2020-08-10,16.9,,,16.9,306000,2026-04-08T03:30:31.080726+00:00
127725,CONOIL,2020-08-11,16.9,,,16.9,137049,2026-04-08T03:30:33.557314+00:00
127828,CONOIL,2020-08-12,16.9,,,16.9,87035,2026-04-08T03:30:35.989363+00:00
127931,CONOIL,2020-08-13,16.9,,,16.9,23662,2026-04-08T03:30:38.402702+00:00
128034,CONOIL,2020-08-14,16.9,,,16.9,205677,2026-04-08T03:30:40.738296+00:00
128137,CONOIL,2020-08-17,16.9,,,16.9,17157,2026-04-08T03:30:45.179846+00:00
128240,CONOIL,2020-08-18,15.25,,,15.25,171584,2026-04-08T03:30:47.750292+00:00
128343,CONOIL,2020-08-19,15.25,,,15.25,27194,2026-04-08T03:30:50.260611+00:00
128446,CONOIL,2020-08-20,15.25,,,15.25,12874,2026-04-08T03:30:52.728097+00:00
128549,CONOIL,2020-08-21,15.25,,,15.25,20260,2026-04-08T03:30:55.129893+00:00
128652,CONOIL,2020-08-24,15.25,,,15.25,47147,2026-04-08T03:30:59.50528+00:00
128755,CONOIL,2020-08-25,15.25,,,15.25,76447,2026-04-08T03:31:01.97181+00:00
128858,CONOIL,2020-08-26,15.25,,,15.25,41425,2026-04-08T03:31:04.340397+00:00
128961,CONOIL,2020-08-27,15.25,,,15.25,9813,2026-04-08T03:31:06.825032+00:00
129064,CONOIL,2020-08-28,15.25,,,15.25,21986,2026-04-08T03:31:10.050623+00:00
129167,CONOIL,2020-08-31,15.25,,,15.25,61455,2026-04-08T03:31:14.574397+00:00
129270,CONOIL,2020-09-01,15.25,,,15.25,76890,2026-04-08T03:31:16.859057+00:00
129373,CONOIL,2020-09-02,15.25,,,15.25,6812,2026-04-08T03:31:19.223829+00:00
129476,CONOIL,2020-09-03,15.25,,,15.25,38953,2026-04-08T03:31:21.580357+00:00
129579,CONOIL,2020-09-04,15.25,,,15.25,37434,2026-04-08T03:31:24.095323+00:00
129682,CONOIL,2020-09-07,15.25,,,15.25,12592,2026-04-08T03:31:29.028072+00:00
129785,CONOIL,2020-09-08,15.25,,,15.25,29322,2026-04-08T03:31:31.696694+00:00
129888,CONOIL,2020-09-09,15.25,,,15.25,26237,2026-04-08T03:31:34.222499+00:00
129991,CONOIL,2020-09-10,15.25,,,15.25,13495,2026-04-08T03:31:36.666154+00:00
130094,CONOIL,2020-09-11,15.25,,,15.25,58500,2026-04-08T03:31:39.224755+00:00
130197,CONOIL,2020-09-14,15.25,,,15.25,71392,2026-04-08T03:31:43.669625+00:00
130300,CONOIL,2020-09-15,15.25,,,15.25,17999,2026-04-08T03:31:46.096824+00:00
130403,CONOIL,2020-09-16,15.25,,,15.25,53545,2026-04-08T03:31:48.62473+00:00
130506,CONOIL,2020-09-17,15.25,,,15.25,127998,2026-04-08T03:31:51.120615+00:00
130609,CONOIL,2020-09-18,15.25,,,15.25,6881,2026-04-08T03:31:53.500222+00:00
130712,CONOIL,2020-09-21,15.25,,,15.25,9687,2026-04-08T03:31:57.915353+00:00
130815,CONOIL,2020-09-22,15.25,,,15.25,24244,2026-04-08T03:32:00.361616+00:00
130918,CONOIL,2020-09-23,15.25,,,15.25,37287,2026-04-08T03:32:02.667296+00:00
131021,CONOIL,2020-09-24,15.25,,,15.25,146118,2026-04-08T03:32:05.077899+00:00
131124,CONOIL,2020-09-25,15.25,,,15.25,26267,2026-04-08T03:32:07.472813+00:00
131227,CONOIL,2020-09-28,15.25,,,15.25,68709,2026-04-08T03:32:12.542607+00:00
131330,CONOIL,2020-09-29,15.25,,,15.25,149781,2026-04-08T03:32:14.948969+00:00
131433,CONOIL,2020-09-30,15.25,,,15.25,65399,2026-04-08T03:32:17.368144+00:00
131536,CONOIL,2020-10-02,15.25,,,15.25,76445,2026-04-08T03:32:21.009688+00:00
131639,CONOIL,2020-10-05,15.25,,,15.25,114455,2026-04-08T03:32:25.669514+00:00
131742,CONOIL,2020-10-06,15.25,,,15.25,52855,2026-04-08T03:32:28.151061+00:00
131845,CONOIL,2020-10-07,15.25,,,15.25,493490,2026-04-08T03:32:30.62441+00:00
131948,CONOIL,2020-10-08,14.4,,,14.4,346480,2026-04-08T03:32:32.995223+00:00
132051,CONOIL,2020-10-09,14.4,,,14.4,24675,2026-04-08T03:32:35.453646+00:00
132154,CONOIL,2020-10-12,14.4,,,14.4,47203,2026-04-08T03:32:39.836845+00:00
132257,CONOIL,2020-10-13,14.4,,,14.4,49020,2026-04-08T03:32:42.883097+00:00
132360,CONOIL,2020-10-14,14.4,,,14.4,44866,2026-04-08T03:32:45.313484+00:00
132463,CONOIL,2020-10-15,14.4,,,14.4,63963,2026-04-08T03:32:47.672181+00:00
132566,CONOIL,2020-10-16,14.4,,,14.4,16157,2026-04-08T03:32:50.112843+00:00
132669,CONOIL,2020-10-19,15.8,,,15.8,124739,2026-04-08T03:32:54.594352+00:00
132772,CONOIL,2020-10-20,15.8,,,15.8,87959,2026-04-08T03:32:57.288568+00:00
132875,CONOIL,2020-10-21,15.8,,,15.8,34893,2026-04-08T03:32:59.679627+00:00
132978,CONOIL,2020-10-22,15.8,,,15.8,33764,2026-04-08T03:33:02.194874+00:00
133081,CONOIL,2020-10-23,15.8,,,15.8,21053,2026-04-08T03:33:04.540232+00:00
133184,CONOIL,2020-10-26,15.8,,,15.8,101605,2026-04-08T03:33:08.964122+00:00
133287,CONOIL,2020-10-27,17.35,,,17.35,630920,2026-04-08T03:33:12.04516+00:00
133390,CONOIL,2020-10-28,19.05,,,19.05,234674,2026-04-08T03:33:14.504918+00:00
133493,CONOIL,2020-10-30,19.05,,,19.05,343072,2026-04-08T03:33:18.13889+00:00
133596,CONOIL,2020-11-02,19.05,,,19.05,147869,2026-04-08T03:33:22.589733+00:00
133699,CONOIL,2020-11-03,19.05,,,19.05,187474,2026-04-08T03:33:24.936567+00:00
133802,CONOIL,2020-11-04,19.05,,,19.05,20149,2026-04-08T03:33:27.402012+00:00
133905,CONOIL,2020-11-05,19.05,,,19.05,36820,2026-04-08T03:33:29.791139+00:00
134008,CONOIL,2020-11-06,19.05,,,19.05,44034,2026-04-08T03:33:32.190465+00:00
134111,CONOIL,2020-11-09,17.85,,,17.85,602699,2026-04-08T03:33:36.944942+00:00
134215,CONOIL,2020-11-10,17.85,,,17.85,307601,2026-04-08T03:33:39.328014+00:00
134319,CONOIL,2020-11-11,17.85,,,17.85,51826,2026-04-08T03:33:41.646704+00:00
134423,CONOIL,2020-11-12,19.05,,,19.05,440678,2026-04-08T03:33:44.075825+00:00
134527,CONOIL,2020-11-13,19.05,,,19.05,127451,2026-04-08T03:33:46.660663+00:00
134631,CONOIL,2020-11-16,19.05,,,19.05,344532,2026-04-08T03:33:51.206328+00:00
134735,CONOIL,2020-11-17,20.85,,,20.85,470300,2026-04-08T03:33:53.594986+00:00
134839,CONOIL,2020-11-18,20.85,,,20.85,97763,2026-04-08T03:33:56.053488+00:00
134943,CONOIL,2020-11-19,20.85,,,20.85,91969,2026-04-08T03:33:58.535588+00:00
135047,CONOIL,2020-11-20,20.85,,,20.85,168162,2026-04-08T03:34:01.033528+00:00
135151,CONOIL,2020-11-23,20.85,,,20.85,25818,2026-04-08T03:34:05.446005+00:00
135255,CONOIL,2020-11-24,20.85,,,20.85,24039,2026-04-08T03:34:07.827748+00:00
135359,CONOIL,2020-11-25,20.85,,,20.85,123582,2026-04-08T03:34:10.273596+00:00
135463,CONOIL,2020-11-26,20.85,,,20.85,174415,2026-04-08T03:34:12.878043+00:00
135567,CONOIL,2020-11-27,20.85,,,20.85,73637,2026-04-08T03:34:15.660625+00:00
135671,CONOIL,2020-11-30,20.85,,,20.85,92290,2026-04-08T03:34:20.595268+00:00
135775,CONOIL,2020-12-01,20.85,,,20.85,58318,2026-04-08T03:34:22.915781+00:00
135878,CONOIL,2020-12-02,20.85,,,20.85,24061,2026-04-08T03:34:25.200893+00:00
135980,CONOIL,2020-12-03,20.85,,,20.85,57471,2026-04-08T03:34:27.500503+00:00
136082,CONOIL,2020-12-04,20.85,,,20.85,66233,2026-04-08T03:34:29.754666+00:00
136186,CONOIL,2020-12-07,20.85,,,20.85,13601,2026-04-08T03:34:34.092506+00:00
136290,CONOIL,2020-12-08,20.85,,,20.85,71555,2026-04-08T03:34:36.413898+00:00
136394,CONOIL,2020-12-09,20.85,,,20.85,99794,2026-04-08T03:34:38.741358+00:00
136498,CONOIL,2020-12-10,20.85,,,20.85,107744,2026-04-08T03:34:41.210459+00:00
136602,CONOIL,2020-12-11,20.85,,,20.85,35174,2026-04-08T03:34:43.516271+00:00
136707,CONOIL,2020-12-14,20.85,,,20.85,74581,2026-04-08T03:34:47.752987+00:00
136812,CONOIL,2020-12-15,20.85,,,20.85,46030,2026-04-08T03:34:50.014046+00:00
136917,CONOIL,2020-12-16,20.85,,,20.85,42700,2026-04-08T03:34:52.260784+00:00
137022,CONOIL,2020-12-17,20.85,,,20.85,7561,2026-04-08T03:34:54.700208+00:00
137127,CONOIL,2020-12-18,20.85,,,20.85,2117,2026-04-08T03:34:57.404383+00:00
137232,CONOIL,2020-12-21,20.85,,,20.85,65096,2026-04-08T03:35:01.74156+00:00
137337,CONOIL,2020-12-22,20.85,,,20.85,29134,2026-04-08T03:35:04.087051+00:00
137442,CONOIL,2020-12-23,20.85,,,20.85,17700,2026-04-08T03:35:06.465463+00:00
137547,CONOIL,2020-12-24,20.85,,,20.85,3109,2026-04-08T03:35:08.859517+00:00
137652,CONOIL,2020-12-29,20.85,,,20.85,82707,2026-04-08T03:35:15.710612+00:00
137757,CONOIL,2020-12-30,20.85,,,20.85,11788,2026-04-08T03:35:18.332825+00:00
137862,CONOIL,2020-12-31,20.85,,,20.85,37234,2026-04-08T03:35:20.721524+00:00
137967,CONOIL,2021-01-04,20.85,,,20.85,6184,2026-04-08T03:35:26.376094+00:00
138072,CONOIL,2021-01-05,20.85,,,20.85,60360,2026-04-08T03:35:29.033034+00:00
138177,CONOIL,2021-01-06,20.85,,,20.85,22086,2026-04-08T03:35:31.424152+00:00
138282,CONOIL,2021-01-07,20.85,,,20.85,190678,2026-04-08T03:35:34.042283+00:00
138387,CONOIL,2021-01-08,20.85,,,20.85,46156,2026-04-08T03:35:36.489888+00:00
138492,CONOIL,2021-01-11,21.0,,,21.0,344315,2026-04-08T03:35:41.134484+00:00
138597,CONOIL,2021-01-12,21.0,,,21.0,128164,2026-04-08T03:35:43.444525+00:00
138702,CONOIL,2021-01-13,21.0,,,21.0,84453,2026-04-08T03:35:45.752573+00:00
138807,CONOIL,2021-01-14,21.0,,,21.0,119302,2026-04-08T03:35:48.266873+00:00
138912,CONOIL,2021-01-15,21.0,,,21.0,20198,2026-04-08T03:35:50.536305+00:00
139017,CONOIL,2021-01-18,21.0,,,21.0,54569,2026-04-08T03:35:55.012207+00:00
139122,CONOIL,2021-01-19,21.0,,,21.0,82731,2026-04-08T03:35:57.346792+00:00
139227,CONOIL,2021-01-20,21.0,,,21.0,85698,2026-04-08T03:35:59.785195+00:00
139332,CONOIL,2021-01-21,21.0,,,21.0,89629,2026-04-08T03:36:02.057398+00:00
139437,CONOIL,2021-01-22,21.0,,,21.0,28437,2026-04-08T03:36:04.490813+00:00
139542,CONOIL,2021-01-25,21.0,,,21.0,32718,2026-04-08T03:36:09.142175+00:00
139647,CONOIL,2021-01-26,21.0,,,21.0,18299,2026-04-08T03:36:11.477526+00:00
139752,CONOIL,2021-01-27,21.0,,,21.0,22051,2026-04-08T03:36:13.916788+00:00
139857,CONOIL,2021-01-28,21.0,,,21.0,19359,2026-04-08T03:36:16.269205+00:00
139962,CONOIL,2021-01-29,21.0,,,21.0,24070,2026-04-08T03:36:18.603253+00:00
140067,CONOIL,2021-02-01,21.0,,,21.0,79014,2026-04-08T03:36:23.094546+00:00
140172,CONOIL,2021-02-02,21.0,,,21.0,64081,2026-04-08T03:36:25.523135+00:00
140277,CONOIL,2021-02-03,21.0,,,21.0,147491,2026-04-08T03:36:27.835035+00:00
140382,CONOIL,2021-02-04,21.0,,,21.0,43724,2026-04-08T03:36:30.225924+00:00
140487,CONOIL,2021-02-05,21.0,,,21.0,10929,2026-04-08T03:36:32.587221+00:00
140592,CONOIL,2021-02-08,21.0,,,21.0,17928,2026-04-08T03:36:37.052653+00:00
140697,CONOIL,2021-02-09,21.0,,,21.0,37570,2026-04-08T03:36:39.468141+00:00
140802,CONOIL,2021-02-10,21.0,,,21.0,99957,2026-04-08T03:36:41.836322+00:00
140907,CONOIL,2021-02-11,21.0,,,21.0,124660,2026-04-08T03:36:44.255641+00:00
141012,CONOIL,2021-02-12,21.0,,,21.0,3575,2026-04-08T03:36:46.553737+00:00
141117,CONOIL,2021-02-15,18.9,,,18.9,245026,2026-04-08T03:36:50.983127+00:00
141222,CONOIL,2021-02-16,18.9,,,18.9,19881,2026-04-08T03:36:53.929967+00:00
141327,CONOIL,2021-02-17,18.9,,,18.9,4722,2026-04-08T03:36:56.762484+00:00
141432,CONOIL,2021-02-18,18.9,,,18.9,412590,2026-04-08T03:36:59.321693+00:00
141537,CONOIL,2021-02-19,18.9,,,18.9,99649,2026-04-08T03:37:01.817881+00:00
141642,CONOIL,2021-02-22,18.9,,,18.9,84227,2026-04-08T03:37:06.27808+00:00
141747,CONOIL,2021-02-23,18.9,,,18.9,18959,2026-04-08T03:37:08.890934+00:00
141852,CONOIL,2021-02-24,18.9,,,18.9,12492,2026-04-08T03:37:11.490979+00:00
141957,CONOIL,2021-02-25,18.9,,,18.9,6668,2026-04-08T03:37:14.190372+00:00
142062,CONOIL,2021-02-26,18.9,,,18.9,24468,2026-04-08T03:37:16.661186+00:00
142167,CONOIL,2021-03-01,18.9,,,18.9,87943,2026-04-08T03:37:22.522205+00:00
142272,CONOIL,2021-03-02,18.9,,,18.9,49607,2026-04-08T03:37:25.400973+00:00
142377,CONOIL,2021-03-03,18.9,,,18.9,12320,2026-04-08T03:37:28.29584+00:00
142482,CONOIL,2021-03-04,18.9,,,18.9,43463,2026-04-08T03:37:30.865183+00:00
142587,CONOIL,2021-03-05,18.9,,,18.9,176737,2026-04-08T03:37:35.032922+00:00
142692,CONOIL,2021-03-08,18.9,,,18.9,27290,2026-04-08T03:37:40.957406+00:00
142797,CONOIL,2021-03-09,18.9,,,18.9,31036,2026-04-08T03:37:43.478318+00:00
142902,CONOIL,2021-03-10,17.05,,,17.05,425449,2026-04-08T03:37:46.075681+00:00
143007,CONOIL,2021-03-11,17.05,,,17.05,103313,2026-04-08T03:37:49.142973+00:00
143112,CONOIL,2021-03-12,17.05,,,17.05,60210,2026-04-08T03:37:51.827027+00:00
143217,CONOIL,2021-03-15,17.05,,,17.05,117085,2026-04-08T03:37:56.632273+00:00
143322,CONOIL,2021-03-16,17.05,,,17.05,70619,2026-04-08T03:37:59.157483+00:00
143427,CONOIL,2021-03-17,17.05,,,17.05,11904,2026-04-08T03:38:01.497417+00:00
143532,CONOIL,2021-03-18,17.05,,,17.05,62990,2026-04-08T03:38:03.831621+00:00
143637,CONOIL,2021-03-19,17.05,,,17.05,1198,2026-04-08T03:38:06.31825+00:00
143742,CONOIL,2021-03-22,17.05,,,17.05,89503,2026-04-08T03:38:11.081229+00:00
143847,CONOIL,2021-03-23,17.05,,,17.05,40565,2026-04-08T03:38:13.396015+00:00
143952,CONOIL,2021-03-24,17.05,,,17.05,42459,2026-04-08T03:38:15.81449+00:00
144057,CONOIL,2021-03-25,17.05,,,17.05,201714,2026-04-08T03:38:18.283134+00:00
144162,CONOIL,2021-03-26,17.05,,,17.05,25650,2026-04-08T03:38:20.746814+00:00
144267,CONOIL,2021-03-29,17.05,,,17.05,59138,2026-04-08T03:38:25.159246+00:00
144372,CONOIL,2021-03-30,17.05,,,17.05,31140,2026-04-08T03:38:27.475529+00:00
144477,CONOIL,2021-03-31,17.05,,,17.05,131609,2026-04-08T03:38:29.710175+00:00
144582,CONOIL,2021-04-01,17.05,,,17.05,36756,2026-04-08T03:38:32.086622+00:00
144687,CONOIL,2021-04-06,17.05,,,17.05,27780,2026-04-08T03:38:38.336109+00:00
144792,CONOIL,2021-04-07,17.05,,,17.05,16069,2026-04-08T03:38:40.597593+00:00
144897,CONOIL,2021-04-08,17.05,,,17.05,4464,2026-04-08T03:38:43.050318+00:00
145002,CONOIL,2021-04-09,17.05,,,17.05,1228,2026-04-08T03:38:45.381101+00:00
145107,CONOIL,2021-04-12,17.05,,,17.05,72144,2026-04-08T03:38:49.634064+00:00
145212,CONOIL,2021-04-14,17.05,,,17.05,162749,2026-04-08T03:38:53.291299+00:00
145317,CONOIL,2021-04-15,17.05,,,17.05,3029,2026-04-08T03:38:55.647647+00:00
145422,CONOIL,2021-04-16,17.05,,,17.05,9023,2026-04-08T03:38:58.039758+00:00
145527,CONOIL,2021-04-19,17.05,,,17.05,11521,2026-04-08T03:39:02.639407+00:00
145632,CONOIL,2021-04-20,17.05,,,17.05,18597,2026-04-08T03:39:05.009889+00:00
145737,CONOIL,2021-04-21,18.75,,,18.75,351386,2026-04-08T03:39:07.371999+00:00
145842,CONOIL,2021-04-22,18.75,,,18.75,20649,2026-04-08T03:39:09.720023+00:00
145947,CONOIL,2021-04-26,17.0,,,17.0,604016,2026-04-08T03:39:15.36746+00:00
146052,CONOIL,2021-04-27,17.0,,,17.0,39707,2026-04-08T03:39:17.695414+00:00
146157,CONOIL,2021-04-28,17.0,,,17.0,35294,2026-04-08T03:39:20.620007+00:00
146262,CONOIL,2021-04-29,17.0,,,17.0,99855,2026-04-08T03:39:22.905871+00:00
146367,CONOIL,2021-04-30,17.0,,,17.0,42098,2026-04-08T03:39:25.430976+00:00
146472,CONOIL,2021-05-04,17.0,,,17.0,10924,2026-04-08T03:39:31.322792+00:00
146577,CONOIL,2021-05-05,17.0,,,17.0,148114,2026-04-08T03:39:33.759587+00:00
146682,CONOIL,2021-05-06,18.7,,,18.7,160516,2026-04-08T03:39:36.246061+00:00
146787,CONOIL,2021-05-07,18.7,,,18.7,211743,2026-04-08T03:39:38.47254+00:00
146892,CONOIL,2021-05-10,18.7,,,18.7,11174,2026-04-08T03:39:42.886326+00:00
146997,CONOIL,2021-05-11,18.7,,,18.7,74035,2026-04-08T03:39:45.288668+00:00
147102,CONOIL,2021-05-14,18.7,,,18.7,17412,2026-04-08T03:39:49.859206+00:00
147207,CONOIL,2021-05-17,18.7,,,18.7,95380,2026-04-08T03:39:54.343913+00:00
147312,CONOIL,2021-05-18,18.7,,,18.7,148868,2026-04-08T03:39:57.092526+00:00
147417,CONOIL,2021-05-19,18.7,,,18.7,494274,2026-04-08T03:39:59.433321+00:00
147522,CONOIL,2021-05-20,18.7,,,18.7,6959,2026-04-08T03:40:01.906518+00:00
147627,CONOIL,2021-05-21,18.7,,,18.7,16790,2026-04-08T03:40:04.221824+00:00
147732,CONOIL,2021-05-24,18.7,,,18.7,50709,2026-04-08T03:40:08.535937+00:00
147837,CONOIL,2021-05-25,18.7,,,18.7,11991,2026-04-08T03:40:10.790359+00:00
147942,CONOIL,2021-05-26,18.7,,,18.7,42817,2026-04-08T03:40:13.088105+00:00
148047,CONOIL,2021-05-27,18.7,,,18.7,19389,2026-04-08T03:40:15.774564+00:00
148152,CONOIL,2021-05-28,18.7,,,18.7,42007,2026-04-08T03:40:18.222614+00:00
148257,CONOIL,2021-05-31,18.7,,,18.7,31366,2026-04-08T03:40:23.651574+00:00
148362,CONOIL,2021-06-01,18.7,,,18.7,36481,2026-04-08T03:40:26.050454+00:00
148467,CONOIL,2021-06-02,18.7,,,18.7,34835,2026-04-08T03:40:28.576306+00:00
148572,CONOIL,2021-06-03,18.7,,,18.7,21700,2026-04-08T03:40:31.001459+00:00
148677,CONOIL,2021-06-04,18.7,,,18.7,204342,2026-04-08T03:40:33.442796+00:00
148782,CONOIL,2021-06-07,20.5,,,20.5,136081,2026-04-08T03:40:37.732645+00:00
148887,CONOIL,2021-06-08,20.5,,,20.5,52790,2026-04-08T03:40:40.102423+00:00
148992,CONOIL,2021-06-09,20.5,,,20.5,90474,2026-04-08T03:40:42.486352+00:00
149097,CONOIL,2021-06-10,20.5,,,20.5,140220,2026-04-08T03:40:45.029393+00:00
149202,CONOIL,2021-06-11,20.5,,,20.5,40071,2026-04-08T03:40:47.465669+00:00
149307,CONOIL,2021-06-15,20.5,,,20.5,94207,2026-04-08T03:40:53.415974+00:00
149412,CONOIL,2021-06-16,20.5,,,20.5,41465,2026-04-08T03:40:55.754681+00:00
149518,CONOIL,2021-06-17,20.5,,,20.5,11370,2026-04-08T03:40:58.172345+00:00
149624,CONOIL,2021-06-18,20.5,,,20.5,65860,2026-04-08T03:41:00.479054+00:00
149730,CONOIL,2021-06-21,20.9,,,20.9,317268,2026-04-08T03:41:05.049703+00:00
149837,CONOIL,2021-06-22,20.9,,,20.9,231904,2026-04-08T03:41:07.444448+00:00
149944,CONOIL,2021-06-23,20.9,,,20.9,113169,2026-04-08T03:41:09.819069+00:00
150051,CONOIL,2021-06-24,20.9,,,20.9,7695,2026-04-08T03:41:12.2583+00:00
150158,CONOIL,2021-06-25,20.9,,,20.9,39108,2026-04-08T03:41:14.6351+00:00
150265,CONOIL,2021-06-28,20.0,,,20.0,473472,2026-04-08T03:41:19.428749+00:00
150372,CONOIL,2021-06-29,20.0,,,20.0,17143,2026-04-08T03:41:22.147646+00:00
150479,CONOIL,2021-06-30,20.0,,,20.0,45876,2026-04-08T03:41:24.723581+00:00
150586,CONOIL,2021-07-01,20.0,,,20.0,84956,2026-04-08T03:41:27.253573+00:00
150693,CONOIL,2021-07-02,20.0,,,20.0,21187,2026-04-08T03:41:29.882533+00:00
150800,CONOIL,2021-07-05,18.5,,,18.5,36895,2026-04-08T03:41:34.454391+00:00
150907,CONOIL,2021-07-06,18.5,,,18.5,135769,2026-04-08T03:41:36.982623+00:00
151014,CONOIL,2021-07-07,18.5,,,18.5,41287,2026-04-08T03:41:39.307643+00:00
151121,CONOIL,2021-07-08,18.5,,,18.5,32170,2026-04-08T03:41:41.672436+00:00
151229,CONOIL,2021-07-09,18.5,,,18.5,86605,2026-04-08T03:41:44.186247+00:00
151337,CONOIL,2021-07-12,18.5,,,18.5,56297,2026-04-08T03:41:48.615121+00:00
151445,CONOIL,2021-07-13,18.5,,,18.5,71193,2026-04-08T03:41:50.993586+00:00
151553,CONOIL,2021-07-14,18.5,,,18.5,33577,2026-04-08T03:41:53.268+00:00
151661,CONOIL,2021-07-15,18.5,,,18.5,4723,2026-04-08T03:41:55.50175+00:00
151769,CONOIL,2021-07-16,18.5,,,18.5,6949,2026-04-08T03:41:57.978751+00:00
151877,CONOIL,2021-07-19,18.5,,,18.5,14289,2026-04-08T03:42:02.439681+00:00
151985,CONOIL,2021-07-22,18.5,,,18.5,65067,2026-04-08T03:42:06.938387+00:00
152093,CONOIL,2021-07-23,18.5,,,18.5,47765,2026-04-08T03:42:09.224536+00:00
152201,CONOIL,2021-07-26,18.5,,,18.5,11062,2026-04-08T03:42:13.888963+00:00
152309,CONOIL,2021-07-27,18.5,,,18.5,44356,2026-04-08T03:42:16.300026+00:00
152417,CONOIL,2021-07-28,18.5,,,18.5,23962,2026-04-08T03:42:18.733972+00:00
152525,CONOIL,2021-07-29,18.5,,,18.5,26200,2026-04-08T03:42:21.196071+00:00
152633,CONOIL,2021-07-30,18.5,,,18.5,238873,2026-04-08T03:42:23.780537+00:00
152741,CONOIL,2021-08-02,18.5,,,18.5,74896,2026-04-08T03:42:28.457705+00:00
152849,CONOIL,2021-08-03,18.5,,,18.5,50434,2026-04-08T03:42:31.094462+00:00
152957,CONOIL,2021-08-04,18.5,,,18.5,20333,2026-04-08T03:42:33.531563+00:00
153065,CONOIL,2021-08-05,20.35,,,20.35,190889,2026-04-08T03:42:35.917081+00:00
153173,CONOIL,2021-08-06,20.35,,,20.35,115753,2026-04-08T03:42:38.23616+00:00
153281,CONOIL,2021-08-09,22.35,,,22.35,695146,2026-04-08T03:42:42.878342+00:00
153389,CONOIL,2021-08-10,22.35,,,22.35,243214,2026-04-08T03:42:45.264053+00:00
153497,CONOIL,2021-08-12,22.35,,,22.35,132855,2026-04-08T03:42:48.762656+00:00
153605,CONOIL,2021-08-13,22.35,,,22.35,300223,2026-04-08T03:42:51.120096+00:00
153713,CONOIL,2021-08-16,22.35,,,22.35,152664,2026-04-08T03:42:55.556429+00:00
153821,CONOIL,2021-08-17,22.35,,,22.35,36088,2026-04-08T03:42:57.870214+00:00
153929,CONOIL,2021-08-18,22.35,,,22.35,478222,2026-04-08T03:43:00.318272+00:00
154037,CONOIL,2021-08-19,22.35,,,22.35,73099,2026-04-08T03:43:02.743698+00:00
154145,CONOIL,2021-08-20,22.35,,,22.35,137390,2026-04-08T03:43:05.111187+00:00
154253,CONOIL,2021-08-23,22.35,,,22.35,12890,2026-04-08T03:43:09.725908+00:00
154361,CONOIL,2021-08-24,22.35,,,22.35,39829,2026-04-08T03:43:12.031989+00:00
154469,CONOIL,2021-08-25,22.35,,,22.35,9653,2026-04-08T03:43:14.375004+00:00
154577,CONOIL,2021-08-26,22.35,,,22.35,12557,2026-04-08T03:43:16.860503+00:00
154685,CONOIL,2021-08-27,22.35,,,22.35,2874,2026-04-08T03:43:19.247601+00:00
154793,CONOIL,2021-08-30,22.35,,,22.35,121119,2026-04-08T03:43:23.756871+00:00
154901,CONOIL,2021-08-31,22.35,,,22.35,54399,2026-04-08T03:43:26.203018+00:00
155009,CONOIL,2021-09-01,22.35,,,22.35,164093,2026-04-08T03:43:28.430514+00:00
155117,CONOIL,2021-09-02,22.35,,,22.35,179699,2026-04-08T03:43:30.63423+00:00
155225,CONOIL,2021-09-03,22.35,,,22.35,12146,2026-04-08T03:43:33.173741+00:00
155333,CONOIL,2021-09-06,22.35,,,22.35,50715,2026-04-08T03:43:37.566628+00:00
155441,CONOIL,2021-09-07,22.35,,,22.35,7075,2026-04-08T03:43:39.870652+00:00
155549,CONOIL,2021-09-08,22.35,,,22.35,40046,2026-04-08T03:43:42.125577+00:00
155657,CONOIL,2021-09-09,22.35,,,22.35,3559,2026-04-08T03:43:44.739177+00:00
155765,CONOIL,2021-09-10,22.35,,,22.35,7345,2026-04-08T03:43:47.339386+00:00
155873,CONOIL,2021-09-13,22.35,,,22.35,63656,2026-04-08T03:43:51.822078+00:00
155981,CONOIL,2021-09-14,22.35,,,22.35,12983,2026-04-08T03:43:54.260371+00:00
156089,CONOIL,2021-09-15,22.35,,,22.35,7172,2026-04-08T03:43:56.896801+00:00
156197,CONOIL,2021-09-16,22.35,,,22.35,16307,2026-04-08T03:43:59.227477+00:00
156305,CONOIL,2021-09-20,22.35,,,22.35,26285,2026-04-08T03:44:04.993721+00:00
156413,CONOIL,2021-09-21,22.35,,,22.35,71770,2026-04-08T03:44:07.727357+00:00
156521,CONOIL,2021-09-22,24.55,,,24.55,299736,2026-04-08T03:44:10.239254+00:00
156629,CONOIL,2021-09-23,24.55,,,24.55,343417,2026-04-08T03:44:12.661605+00:00
156737,CONOIL,2021-09-24,25.5,,,25.5,514709,2026-04-08T03:44:15.34542+00:00
156845,CONOIL,2021-09-27,25.5,,,25.5,105300,2026-04-08T03:44:19.850483+00:00
156953,CONOIL,2021-09-28,25.5,,,25.5,114258,2026-04-08T03:44:22.678655+00:00
157061,CONOIL,2021-09-29,25.5,,,25.5,20355,2026-04-08T03:44:25.133662+00:00
157169,CONOIL,2021-09-30,25.5,,,25.5,12623,2026-04-08T03:44:27.471646+00:00
157277,CONOIL,2021-10-04,25.5,,,25.5,23982,2026-04-08T03:44:32.876267+00:00
157385,CONOIL,2021-10-05,25.5,,,25.5,58703,2026-04-08T03:44:35.445743+00:00
157493,CONOIL,2021-10-06,25.5,,,25.5,7446,2026-04-08T03:44:37.876116+00:00
157601,CONOIL,2021-10-07,25.5,,,25.5,16924,2026-04-08T03:44:40.206594+00:00
157709,CONOIL,2021-10-08,25.5,,,25.5,5523,2026-04-08T03:44:42.63936+00:00
157817,CONOIL,2021-10-11,25.5,,,25.5,21984,2026-04-08T03:44:47.21782+00:00
157925,CONOIL,2021-10-12,25.5,,,25.5,129939,2026-04-08T03:44:49.55017+00:00
158033,CONOIL,2021-10-13,25.5,,,25.5,48515,2026-04-08T03:44:52.157785+00:00
158141,CONOIL,2021-10-14,25.5,,,25.5,16522,2026-04-08T03:44:54.53471+00:00
158250,CONOIL,2021-10-15,25.5,,,25.5,125415,2026-04-08T03:44:56.91657+00:00
158359,CONOIL,2021-10-18,25.5,,,25.5,83798,2026-04-08T03:45:01.595863+00:00
158468,CONOIL,2021-10-20,25.5,,,25.5,107714,2026-04-08T03:45:05.471144+00:00
158577,CONOIL,2021-10-21,25.5,,,25.5,42631,2026-04-08T03:45:08.008029+00:00
158684,CONOIL,2021-10-22,25.5,,,25.5,20750,2026-04-08T03:45:10.474564+00:00
158793,CONOIL,2021-10-25,25.5,,,25.5,72251,2026-04-08T03:45:15.28358+00:00
158902,CONOIL,2021-10-26,25.5,,,25.5,58341,2026-04-08T03:45:17.74539+00:00
159011,CONOIL,2021-10-27,25.5,,,25.5,18249,2026-04-08T03:45:20.303823+00:00
159120,CONOIL,2021-10-28,25.5,,,25.5,5492,2026-04-08T03:45:22.610226+00:00
159229,CONOIL,2021-10-29,25.5,,,25.5,43413,2026-04-08T03:45:25.013779+00:00
159338,CONOIL,2021-11-01,25.5,,,25.5,16980,2026-04-08T03:45:29.747778+00:00
159447,CONOIL,2021-11-02,25.5,,,25.5,147899,2026-04-08T03:45:32.292585+00:00
159556,CONOIL,2021-11-03,25.5,,,25.5,13146,2026-04-08T03:45:34.604091+00:00
159665,CONOIL,2021-11-04,25.5,,,25.5,12267,2026-04-08T03:45:37.086301+00:00
159774,CONOIL,2021-11-05,25.5,,,25.5,4169,2026-04-08T03:45:39.522081+00:00
159883,CONOIL,2021-11-08,23.0,,,23.0,484982,2026-04-08T03:45:44.061968+00:00
159992,CONOIL,2021-11-10,21.7,,,21.7,232500,2026-04-08T03:45:47.530577+00:00
160101,CONOIL,2021-11-11,21.7,,,21.7,21806,2026-04-08T03:45:49.990111+00:00
160210,CONOIL,2021-11-12,21.7,,,21.7,78776,2026-04-08T03:45:52.531373+00:00
160319,CONOIL,2021-11-15,21.7,,,21.7,32945,2026-04-08T03:45:57.041913+00:00
160428,CONOIL,2021-11-17,21.7,,,21.7,34673,2026-04-08T03:46:00.536124+00:00
160537,CONOIL,2021-11-18,21.7,,,21.7,4306,2026-04-08T03:46:03.012698+00:00
160646,CONOIL,2021-11-19,21.7,,,21.7,14061,2026-04-08T03:46:05.423699+00:00
160755,CONOIL,2021-11-22,22.25,,,22.25,313132,2026-04-08T03:46:10.306395+00:00
160864,CONOIL,2021-11-23,22.25,,,22.25,5258,2026-04-08T03:46:12.888041+00:00
160973,CONOIL,2021-11-24,22.25,,,22.25,66589,2026-04-08T03:46:15.261589+00:00
161082,CONOIL,2021-11-25,22.25,,,22.25,5224,2026-04-08T03:46:17.544601+00:00
161191,CONOIL,2021-11-29,22.25,,,22.25,17495,2026-04-08T03:46:23.244686+00:00
161300,CONOIL,2021-11-30,22.25,,,22.25,29671,2026-04-08T03:46:25.627389+00:00
161409,CONOIL,2021-12-01,22.25,,,22.25,8880,2026-04-08T03:46:28.190956+00:00
161518,CONOIL,2021-12-02,22.25,,,22.25,77786,2026-04-08T03:46:30.651544+00:00
161627,CONOIL,2021-12-03,22.25,,,22.25,82267,2026-04-08T03:46:33.124129+00:00
161736,CONOIL,2021-12-06,22.25,,,22.25,14655,2026-04-08T03:46:37.622095+00:00
161845,CONOIL,2021-12-07,22.25,,,22.25,4955,2026-04-08T03:46:39.947423+00:00
161954,CONOIL,2021-12-08,22.25,,,22.25,31137,2026-04-08T03:46:42.482337+00:00
162063,CONOIL,2021-12-09,22.25,,,22.25,12550,2026-04-08T03:46:44.852467+00:00
162173,CONOIL,2021-12-10,22.25,,,22.25,17530,2026-04-08T03:46:47.321476+00:00
162283,CONOIL,2021-12-13,22.25,,,22.25,12543,2026-04-08T03:46:51.775824+00:00
162393,CONOIL,2021-12-14,22.25,,,22.25,36020,2026-04-08T03:46:54.126877+00:00
162503,CONOIL,2021-12-15,22.25,,,22.25,9423,2026-04-08T03:46:56.822916+00:00
162613,CONOIL,2021-12-16,22.25,,,22.25,52725,2026-04-08T03:46:59.215115+00:00
162723,CONOIL,2021-12-17,22.25,,,22.25,63706,2026-04-08T03:47:01.752329+00:00
162834,CONOIL,2021-12-20,22.25,,,22.25,78317,2026-04-08T03:47:06.293287+00:00
162945,CONOIL,2021-12-21,22.25,,,22.25,332778,2026-04-08T03:47:08.729464+00:00
163056,CONOIL,2021-12-22,22.25,,,22.25,22666,2026-04-08T03:47:11.106283+00:00
163167,CONOIL,2021-12-23,22.25,,,22.25,15426,2026-04-08T03:47:13.420215+00:00
163278,CONOIL,2021-12-24,22.25,,,22.25,30254,2026-04-08T03:47:15.708642+00:00
163389,CONOIL,2021-12-29,22.25,,,22.25,73676,2026-04-08T03:47:22.624079+00:00
163500,CONOIL,2021-12-30,22.0,,,22.0,206065,2026-04-08T03:47:25.019388+00:00
163611,CONOIL,2021-12-31,22.0,,,22.0,8093,2026-04-08T03:47:27.803632+00:00
163722,CONOIL,2022-01-04,22.0,,,22.0,16949,2026-04-08T03:47:33.190226+00:00
163834,CONOIL,2022-01-05,22.0,,,22.0,304404,2026-04-08T03:47:35.481449+00:00
163946,CONOIL,2022-01-06,22.0,,,22.0,44139,2026-04-08T03:47:38.067383+00:00
164058,CONOIL,2022-01-07,22.0,,,22.0,119481,2026-04-08T03:47:40.483305+00:00
164170,CONOIL,2022-01-10,22.0,,,22.0,151388,2026-04-08T03:47:45.097739+00:00
164282,CONOIL,2022-01-11,22.0,,,22.0,82800,2026-04-08T03:47:47.617941+00:00
164394,CONOIL,2022-01-12,21.3,,,21.3,124091,2026-04-08T03:47:50.132225+00:00
164506,CONOIL,2022-01-13,21.3,,,21.3,12422,2026-04-08T03:47:52.673244+00:00
164618,CONOIL,2022-01-14,21.3,,,21.3,41764,2026-04-08T03:47:55.308832+00:00
164730,CONOIL,2022-01-17,21.3,,,21.3,74760,2026-04-08T03:47:59.999655+00:00
164842,CONOIL,2022-01-18,21.95,,,21.95,418153,2026-04-08T03:48:02.353596+00:00
164954,CONOIL,2022-01-19,21.95,,,21.95,45501,2026-04-08T03:48:04.820784+00:00
165066,CONOIL,2022-01-20,21.95,,,21.95,26381,2026-04-08T03:48:07.325935+00:00
165178,CONOIL,2022-01-21,21.95,,,21.95,21421,2026-04-08T03:48:09.696329+00:00
165290,CONOIL,2022-01-24,21.95,,,21.95,34724,2026-04-08T03:48:14.136661+00:00
165402,CONOIL,2022-01-25,21.95,,,21.95,27207,2026-04-08T03:48:16.50614+00:00
165514,CONOIL,2022-01-26,21.95,,,21.95,7118,2026-04-08T03:48:19.024911+00:00
165626,CONOIL,2022-01-27,21.95,,,21.95,69282,2026-04-08T03:48:21.585909+00:00
165738,CONOIL,2022-01-28,21.95,,,21.95,14219,2026-04-08T03:48:23.969021+00:00
165850,CONOIL,2022-01-31,21.95,,,21.95,120722,2026-04-08T03:48:28.465348+00:00
165962,CONOIL,2022-02-01,24.1,,,24.1,258655,2026-04-08T03:48:30.807911+00:00
166074,CONOIL,2022-02-02,26.5,,,26.5,533086,2026-04-08T03:48:33.305516+00:00
166186,CONOIL,2022-02-03,26.5,,,26.5,51481,2026-04-08T03:48:35.918914+00:00
166298,CONOIL,2022-02-04,26.5,,,26.5,31070,2026-04-08T03:48:38.317721+00:00
166410,CONOIL,2022-02-07,26.5,,,26.5,23525,2026-04-08T03:48:42.904693+00:00
166522,CONOIL,2022-02-08,26.5,,,26.5,17786,2026-04-08T03:48:45.378139+00:00
166634,CONOIL,2022-02-09,26.5,,,26.5,62866,2026-04-08T03:48:48.035665+00:00
166746,CONOIL,2022-02-10,26.5,,,26.5,58827,2026-04-08T03:48:50.398564+00:00
166858,CONOIL,2022-02-11,26.5,,,26.5,34308,2026-04-08T03:48:52.774016+00:00
166970,CONOIL,2022-02-14,26.5,,,26.5,38836,2026-04-08T03:48:57.293433+00:00
167082,CONOIL,2022-02-15,26.5,,,26.5,160848,2026-04-08T03:48:59.662493+00:00
167194,CONOIL,2022-02-16,26.5,,,26.5,64624,2026-04-08T03:49:02.003783+00:00
167306,CONOIL,2022-02-17,26.5,,,26.5,30423,2026-04-08T03:49:04.32656+00:00
167418,CONOIL,2022-02-18,26.5,,,26.5,22629,2026-04-08T03:49:06.711382+00:00
167530,CONOIL,2022-02-21,26.5,,,26.5,19628,2026-04-08T03:49:10.978464+00:00
167642,CONOIL,2022-02-22,26.5,,,26.5,44058,2026-04-08T03:49:13.528869+00:00
167754,CONOIL,2022-02-23,26.5,,,26.5,14949,2026-04-08T03:49:15.914345+00:00
167866,CONOIL,2022-02-24,26.5,,,26.5,254206,2026-04-08T03:49:18.676795+00:00
167978,CONOIL,2022-02-25,26.5,,,26.5,88225,2026-04-08T03:49:21.264729+00:00
168090,CONOIL,2022-02-28,26.5,,,26.5,68666,2026-04-08T03:49:25.620712+00:00
168202,CONOIL,2022-03-01,26.5,,,26.5,12534,2026-04-08T03:49:28.049171+00:00
168314,CONOIL,2022-03-02,26.5,,,26.5,55775,2026-04-08T03:49:30.283109+00:00
168426,CONOIL,2022-03-03,26.5,,,26.5,91674,2026-04-08T03:49:32.551227+00:00
168538,CONOIL,2022-03-04,26.5,,,26.5,75775,2026-04-08T03:49:34.968546+00:00
168650,CONOIL,2022-03-07,26.5,,,26.5,40647,2026-04-08T03:49:39.227432+00:00
168762,CONOIL,2022-03-08,23.85,,,23.85,239774,2026-04-08T03:49:41.475537+00:00
168874,CONOIL,2022-03-09,23.85,,,23.85,60538,2026-04-08T03:49:43.759827+00:00
168986,CONOIL,2022-03-10,23.85,,,23.85,23622,2026-04-08T03:49:46.077826+00:00
169098,CONOIL,2022-03-11,25.1,,,25.1,248551,2026-04-08T03:49:48.438529+00:00
169210,CONOIL,2022-03-14,24.0,,,24.0,614312,2026-04-08T03:49:53.114563+00:00
169322,CONOIL,2022-03-15,24.0,,,24.0,28477,2026-04-08T03:49:55.533531+00:00
169434,CONOIL,2022-03-16,24.0,,,24.0,11593,2026-04-08T03:49:57.903122+00:00
169546,CONOIL,2022-03-17,24.0,,,24.0,53009,2026-04-08T03:50:00.211329+00:00
169658,CONOIL,2022-03-18,24.0,,,24.0,63713,2026-04-08T03:50:02.865266+00:00
169770,CONOIL,2022-03-21,24.0,,,24.0,11107,2026-04-08T03:50:07.476142+00:00
169882,CONOIL,2022-03-24,24.7,,,24.7,30177,2026-04-08T03:50:12.041871+00:00
169994,CONOIL,2022-03-25,24.7,,,24.7,38822,2026-04-08T03:50:14.507747+00:00
170106,CONOIL,2022-03-28,24.7,,,24.7,42945,2026-04-08T03:50:18.995306+00:00
170218,CONOIL,2022-03-29,24.7,,,24.7,7543,2026-04-08T03:50:21.48252+00:00
170330,CONOIL,2022-03-31,24.7,,,24.7,9797,2026-04-08T03:50:25.686443+00:00
170442,CONOIL,2022-04-01,22.25,,,22.25,1098716,2026-04-08T03:50:28.209626+00:00
170554,CONOIL,2022-04-04,22.25,,,22.25,203695,2026-04-08T03:50:32.692631+00:00
170666,CONOIL,2022-04-05,22.25,,,22.25,3522,2026-04-08T03:50:35.152392+00:00
170778,CONOIL,2022-04-06,22.25,,,22.25,240648,2026-04-08T03:50:37.478667+00:00
170890,CONOIL,2022-04-07,24.45,,,24.45,155374,2026-04-08T03:50:39.880974+00:00
171002,CONOIL,2022-04-08,26.0,,,26.0,330880,2026-04-08T03:50:42.48638+00:00
171114,CONOIL,2022-04-11,26.0,,,26.0,69300,2026-04-08T03:50:47.197044+00:00
171226,CONOIL,2022-04-12,26.0,,,26.0,214497,2026-04-08T03:50:49.473284+00:00
171338,CONOIL,2022-04-13,26.0,,,26.0,396788,2026-04-08T03:50:51.878986+00:00
171450,CONOIL,2022-04-14,26.0,,,26.0,36146,2026-04-08T03:50:54.439705+00:00
171562,CONOIL,2022-04-19,26.0,,,26.0,1384596,2026-04-08T03:51:01.439974+00:00
171674,CONOIL,2022-04-20,26.2,,,26.2,388922,2026-04-08T03:51:03.698116+00:00
171786,CONOIL,2022-04-21,26.2,,,26.2,227594,2026-04-08T03:51:06.083072+00:00
171898,CONOIL,2022-04-22,26.2,,,26.2,146387,2026-04-08T03:51:08.393199+00:00
172010,CONOIL,2022-04-25,26.2,,,26.2,249517,2026-04-08T03:51:12.880327+00:00
172122,CONOIL,2022-04-26,26.2,,,26.2,19214,2026-04-08T03:51:15.284155+00:00
172234,CONOIL,2022-04-27,26.2,,,26.2,60553,2026-04-08T03:51:17.680395+00:00
172346,CONOIL,2022-04-28,26.2,,,26.2,14692,2026-04-08T03:51:20.413235+00:00
172458,CONOIL,2022-04-29,26.2,,,26.2,174311,2026-04-08T03:51:22.882631+00:00
172570,CONOIL,2022-05-04,26.2,,,26.2,162772,2026-04-08T03:51:29.674847+00:00
172682,CONOIL,2022-05-05,28.8,,,28.8,190771,2026-04-08T03:51:32.050072+00:00
172795,CONOIL,2022-05-09,31.5,,,31.5,261220,2026-04-08T03:51:37.853933+00:00
172908,CONOIL,2022-05-10,31.5,,,31.5,383558,2026-04-08T03:51:40.332012+00:00
173021,CONOIL,2022-05-11,31.5,,,31.5,473420,2026-04-08T03:51:42.74313+00:00
173134,CONOIL,2022-05-12,31.5,,,31.5,335984,2026-04-08T03:51:45.11326+00:00
173247,CONOIL,2022-05-13,31.5,,,31.5,26107,2026-04-08T03:51:47.585464+00:00
173360,CONOIL,2022-05-16,31.5,,,31.5,99783,2026-04-08T03:51:52.042574+00:00
173473,CONOIL,2022-05-17,31.5,,,31.5,344222,2026-04-08T03:51:54.492158+00:00
173586,CONOIL,2022-05-18,31.5,,,31.5,25552,2026-04-08T03:51:57.297116+00:00
173699,CONOIL,2022-05-19,28.35,,,28.35,14343947,2026-04-08T03:51:59.624655+00:00
173812,CONOIL,2022-05-20,31.15,,,31.15,114532,2026-04-08T03:52:02.40298+00:00
173925,CONOIL,2022-05-23,34.25,,,34.25,326436,2026-04-08T03:52:07.648814+00:00
174038,CONOIL,2022-05-24,34.25,,,34.25,129029,2026-04-08T03:52:10.277037+00:00
174151,CONOIL,2022-05-25,34.25,,,34.25,148528,2026-04-08T03:52:13.066486+00:00
174264,CONOIL,2022-05-26,34.25,,,34.25,203321,2026-04-08T03:52:15.508934+00:00
174377,CONOIL,2022-05-27,34.25,,,34.25,298835,2026-04-08T03:52:18.156913+00:00
174490,CONOIL,2022-05-30,34.25,,,34.25,86470,2026-04-08T03:52:22.656757+00:00
174603,CONOIL,2022-05-31,31.75,,,31.75,29952,2026-04-08T03:52:25.114026+00:00
174716,CONOIL,2022-06-01,29.1,,,29.1,16954814,2026-04-08T03:52:27.834682+00:00
174829,CONOIL,2022-06-02,29.1,,,29.1,182151,2026-04-08T03:52:30.493727+00:00
174942,CONOIL,2022-06-03,29.1,,,29.1,21076,2026-04-08T03:52:33.10221+00:00
175055,CONOIL,2022-06-06,32.0,,,32.0,1474031,2026-04-08T03:52:37.969718+00:00
175168,CONOIL,2022-06-07,32.0,,,32.0,11280,2026-04-08T03:52:40.734023+00:00
175281,CONOIL,2022-06-08,32.0,,,32.0,1995,2026-04-08T03:52:43.634804+00:00
175394,CONOIL,2022-06-09,32.0,,,32.0,30069,2026-04-08T03:52:46.431396+00:00
175507,CONOIL,2022-06-10,32.0,,,32.0,29129,2026-04-08T03:52:48.916453+00:00
175620,CONOIL,2022-06-14,32.0,,,32.0,296748,2026-04-08T03:52:55.08065+00:00
175733,CONOIL,2022-06-15,32.0,,,32.0,10507,2026-04-08T03:52:57.782204+00:00
175846,CONOIL,2022-06-16,28.8,,,28.8,184000,2026-04-08T03:53:00.45527+00:00
175959,CONOIL,2022-06-17,28.8,,,28.8,20059,2026-04-08T03:53:03.647185+00:00
176072,CONOIL,2022-06-20,28.8,,,28.8,9061,2026-04-08T03:53:09.449588+00:00
176185,CONOIL,2022-06-21,28.8,,,28.8,111634,2026-04-08T03:53:11.833027+00:00
176298,CONOIL,2022-06-22,28.8,,,28.8,20367,2026-04-08T03:53:14.63862+00:00
176411,CONOIL,2022-06-23,28.8,,,28.8,16105,2026-04-08T03:53:17.250825+00:00
176524,CONOIL,2022-06-24,28.8,,,28.8,11904,2026-04-08T03:53:19.718295+00:00
176637,CONOIL,2022-06-27,28.8,,,28.8,22401,2026-04-08T03:53:24.073012+00:00
176750,CONOIL,2022-06-28,28.8,,,28.8,22315,2026-04-08T03:53:26.399159+00:00
176863,CONOIL,2022-06-29,28.8,,,28.8,3685,2026-04-08T03:53:28.994117+00:00
176976,CONOIL,2022-06-30,28.8,,,28.8,16126,2026-04-08T03:53:31.346855+00:00
177089,CONOIL,2022-07-01,28.8,,,28.8,25456,2026-04-08T03:53:33.724657+00:00
177202,CONOIL,2022-07-04,25.95,,,25.95,383746,2026-04-08T03:53:38.198731+00:00
177315,CONOIL,2022-07-06,25.95,,,25.95,7628,2026-04-08T03:53:41.625349+00:00
177428,CONOIL,2022-07-07,25.95,,,25.95,2114,2026-04-08T03:53:44.268487+00:00
177541,CONOIL,2022-07-13,25.95,,,25.95,179057,2026-04-08T03:53:51.5999+00:00
177654,CONOIL,2022-07-14,25.95,,,25.95,6660,2026-04-08T03:53:54.010732+00:00
177767,CONOIL,2022-07-15,25.95,,,25.95,17991,2026-04-08T03:53:56.616585+00:00
177880,CONOIL,2022-07-18,25.95,,,25.95,105372,2026-04-08T03:54:01.214275+00:00
177993,CONOIL,2022-07-19,25.95,,,25.95,68877,2026-04-08T03:54:03.665978+00:00
178106,CONOIL,2022-07-20,25.95,,,25.95,58867,2026-04-08T03:54:06.203384+00:00
178219,CONOIL,2022-07-21,25.95,,,25.95,36567,2026-04-08T03:54:08.685258+00:00
178332,CONOIL,2022-07-22,25.95,,,25.95,134045,2026-04-08T03:54:11.171489+00:00
178445,CONOIL,2022-07-25,25.95,,,25.95,17704,2026-04-08T03:54:15.900169+00:00
178558,CONOIL,2022-07-26,25.95,,,25.95,3256,2026-04-08T03:54:18.382379+00:00
178671,CONOIL,2022-07-27,25.95,,,25.95,112703,2026-04-08T03:54:20.730044+00:00
178784,CONOIL,2022-07-28,25.95,,,25.95,32259,2026-04-08T03:54:23.385493+00:00
178897,CONOIL,2022-07-29,25.95,,,25.95,4577,2026-04-08T03:54:25.692024+00:00
179010,CONOIL,2022-08-01,25.95,,,25.95,13364,2026-04-08T03:54:30.144665+00:00
179123,CONOIL,2022-08-02,25.95,,,25.95,15672,2026-04-08T03:54:32.509592+00:00
179236,CONOIL,2022-08-03,25.95,,,25.95,7849,2026-04-08T03:54:34.924873+00:00
179349,CONOIL,2022-08-04,25.95,,,25.95,30416,2026-04-08T03:54:37.32089+00:00
179462,CONOIL,2022-08-05,25.95,,,25.95,142350,2026-04-08T03:54:40.805957+00:00
179575,CONOIL,2022-08-08,25.95,,,25.95,8902,2026-04-08T03:54:45.81173+00:00
179688,CONOIL,2022-08-09,25.95,,,25.95,110813,2026-04-08T03:54:48.637408+00:00
179801,CONOIL,2022-08-10,25.95,,,25.95,214505,2026-04-08T03:54:51.561754+00:00
179914,CONOIL,2022-08-11,25.95,,,25.95,3068,2026-04-08T03:54:54.196076+00:00
180027,CONOIL,2022-08-12,25.95,,,25.95,5806,2026-04-08T03:54:57.115593+00:00
180140,CONOIL,2022-08-15,25.95,,,25.95,43300,2026-04-08T03:55:01.874457+00:00
180253,CONOIL,2022-08-16,25.95,,,25.95,2978,2026-04-08T03:55:04.540652+00:00
180366,CONOIL,2022-08-17,25.95,,,25.95,54231,2026-04-08T03:55:07.214991+00:00
180479,CONOIL,2022-08-18,25.95,,,25.95,0,2026-04-08T03:55:09.916723+00:00
180592,CONOIL,2022-08-19,25.95,,,25.95,2163,2026-04-08T03:55:12.400686+00:00
180705,CONOIL,2022-08-22,25.95,,,25.95,12348,2026-04-08T03:55:17.568382+00:00
180818,CONOIL,2022-08-23,25.95,,,25.95,12744,2026-04-08T03:55:19.990422+00:00
180931,CONOIL,2022-08-24,25.95,,,25.95,11968,2026-04-08T03:55:23.644905+00:00
181044,CONOIL,2022-08-25,25.95,,,25.95,9765,2026-04-08T03:55:26.062264+00:00
181157,CONOIL,2022-08-26,25.95,,,25.95,2357,2026-04-08T03:55:28.378019+00:00
181270,CONOIL,2022-08-29,25.95,,,25.95,32169,2026-04-08T03:55:33.185942+00:00
181383,CONOIL,2022-08-30,26.5,,,26.5,300713,2026-04-08T03:55:35.909469+00:00
181496,CONOIL,2022-08-31,26.5,,,26.5,25324,2026-04-08T03:55:38.363566+00:00
181609,CONOIL,2022-09-01,26.5,,,26.5,23175,2026-04-08T03:55:40.868139+00:00
181722,CONOIL,2022-09-02,26.5,,,26.5,4966,2026-04-08T03:55:43.232165+00:00
181835,CONOIL,2022-09-05,26.5,,,26.5,26321,2026-04-08T03:55:48.110555+00:00
181948,CONOIL,2022-09-06,26.5,,,26.5,10447,2026-04-08T03:55:50.526892+00:00
182061,CONOIL,2022-09-07,26.5,,,26.5,9670,2026-04-08T03:55:53.051287+00:00
182174,CONOIL,2022-09-08,26.5,,,26.5,7070,2026-04-08T03:55:55.74031+00:00
182287,CONOIL,2022-09-09,26.5,,,26.5,6054,2026-04-08T03:55:58.848563+00:00
182400,CONOIL,2022-09-12,26.5,,,26.5,7752,2026-04-08T03:56:03.370953+00:00
182513,CONOIL,2022-09-13,26.5,,,26.5,32308,2026-04-08T03:56:05.83654+00:00
182626,CONOIL,2022-09-14,26.5,,,26.5,2449,2026-04-08T03:56:08.091672+00:00
182739,CONOIL,2022-09-16,26.5,,,26.5,72594,2026-04-08T03:56:11.4683+00:00
182852,CONOIL,2022-09-19,26.5,,,26.5,2324,2026-04-08T03:56:15.923342+00:00
182965,CONOIL,2022-09-20,26.5,,,26.5,10734,2026-04-08T03:56:18.184056+00:00
183078,CONOIL,2022-09-21,26.5,,,26.5,8272,2026-04-08T03:56:20.42724+00:00
183191,CONOIL,2022-09-22,26.5,,,26.5,245657,2026-04-08T03:56:22.767495+00:00
183304,CONOIL,2022-09-23,26.5,,,26.5,10893,2026-04-08T03:56:25.066978+00:00
183417,CONOIL,2022-09-26,26.5,,,26.5,4489,2026-04-08T03:56:29.379703+00:00
183530,CONOIL,2022-09-28,26.5,,,26.5,6404,2026-04-08T03:56:32.717753+00:00
183643,CONOIL,2022-09-29,26.5,,,26.5,5829,2026-04-08T03:56:35.489047+00:00
183756,CONOIL,2022-09-30,26.5,,,26.5,7896,2026-04-08T03:56:37.947618+00:00
183869,CONOIL,2022-10-05,26.5,,,26.5,46515,2026-04-08T03:56:44.538147+00:00
183983,CONOIL,2022-10-06,26.5,,,26.5,4535,2026-04-08T03:56:46.932693+00:00
184097,CONOIL,2022-10-07,26.5,,,26.5,67357,2026-04-08T03:56:49.334037+00:00
184211,CONOIL,2022-10-11,26.5,,,26.5,13998,2026-04-08T03:56:55.029281+00:00
184325,CONOIL,2022-10-12,26.5,,,26.5,126868,2026-04-08T03:56:58.300033+00:00
184439,CONOIL,2022-10-13,26.5,,,26.5,48025,2026-04-08T03:57:00.825788+00:00
184553,CONOIL,2022-10-14,26.5,,,26.5,3633,2026-04-08T03:57:03.298348+00:00
184667,CONOIL,2022-10-17,26.5,,,26.5,4078,2026-04-08T03:57:07.885609+00:00
184781,CONOIL,2022-10-18,26.5,,,26.5,84744,2026-04-08T03:57:10.303346+00:00
184895,CONOIL,2022-10-19,26.5,,,26.5,1031875,2026-04-08T03:57:12.819589+00:00
185009,CONOIL,2022-10-20,26.5,,,26.5,37665,2026-04-08T03:57:15.111185+00:00
185123,CONOIL,2022-10-21,26.5,,,26.5,7590,2026-04-08T03:57:17.499968+00:00
185237,CONOIL,2022-10-24,26.5,,,26.5,14117,2026-04-08T03:57:21.686266+00:00
185351,CONOIL,2022-10-26,26.5,,,26.5,240996,2026-04-08T03:57:24.913682+00:00
185465,CONOIL,2022-10-27,26.5,,,26.5,9348,2026-04-08T03:57:27.260544+00:00
185579,CONOIL,2022-10-28,26.5,,,26.5,1366,2026-04-08T03:57:29.835926+00:00
185693,CONOIL,2022-10-31,26.5,,,26.5,19671,2026-04-08T03:57:34.21591+00:00
185807,CONOIL,2022-11-01,26.5,,,26.5,20230,2026-04-08T03:57:36.609373+00:00
185921,CONOIL,2022-11-02,26.5,,,26.5,53680,2026-04-08T03:57:39.066556+00:00
186035,CONOIL,2022-11-03,26.5,,,26.5,79518,2026-04-08T03:57:41.442199+00:00
186149,CONOIL,2022-11-04,26.5,,,26.5,16516,2026-04-08T03:57:43.70904+00:00
186263,CONOIL,2022-11-08,26.5,,,26.5,90575,2026-04-08T03:57:49.123122+00:00
186377,CONOIL,2022-11-09,26.5,,,26.5,17750,2026-04-08T03:57:51.464602+00:00
186491,CONOIL,2022-11-10,26.5,,,26.5,221698,2026-04-08T03:57:54.291842+00:00
186605,CONOIL,2022-11-11,26.5,,,26.5,41608,2026-04-08T03:57:56.704911+00:00
186719,CONOIL,2022-11-14,26.5,,,26.5,6853,2026-04-08T03:58:01.331373+00:00
186833,CONOIL,2022-11-15,26.5,,,26.5,3381,2026-04-08T03:58:03.6444+00:00
186947,CONOIL,2022-11-16,26.5,,,26.5,101728,2026-04-08T03:58:06.118311+00:00
187061,CONOIL,2022-11-17,26.5,,,26.5,63779,2026-04-08T03:58:08.47049+00:00
187175,CONOIL,2022-11-18,26.5,,,26.5,28125,2026-04-08T03:58:10.955275+00:00
187289,CONOIL,2022-11-21,26.5,,,26.5,31321,2026-04-08T03:58:15.672507+00:00
187403,CONOIL,2022-11-22,26.5,,,26.5,6800,2026-04-08T03:58:18.170118+00:00
187517,CONOIL,2022-11-24,26.5,,,26.5,26070,2026-04-08T03:58:21.692503+00:00
187631,CONOIL,2022-11-25,26.5,,,26.5,31080,2026-04-08T03:58:24.033539+00:00
187745,CONOIL,2022-11-28,26.5,,,26.5,6862,2026-04-08T03:58:28.532723+00:00
187859,CONOIL,2022-11-29,26.5,,,26.5,43796,2026-04-08T03:58:30.983113+00:00
187973,CONOIL,2022-11-30,26.5,,,26.5,10780,2026-04-08T03:58:33.448849+00:00
188087,CONOIL,2022-12-01,26.5,,,26.5,29945,2026-04-08T03:58:35.664261+00:00
188201,CONOIL,2022-12-02,26.5,,,26.5,210,2026-04-08T03:58:37.897027+00:00
188315,CONOIL,2022-12-05,26.5,,,26.5,42401,2026-04-08T03:58:42.456795+00:00
188429,CONOIL,2022-12-06,26.5,,,26.5,11215,2026-04-08T03:58:44.756119+00:00
188543,CONOIL,2022-12-07,26.5,,,26.5,29152,2026-04-08T03:58:47.196669+00:00
188657,CONOIL,2022-12-08,26.5,,,26.5,25718,2026-04-08T03:58:49.52806+00:00
188771,CONOIL,2022-12-09,26.5,,,26.5,12161,2026-04-08T03:58:51.902427+00:00
188885,CONOIL,2022-12-12,26.5,,,26.5,709,2026-04-08T03:58:56.156124+00:00
188999,CONOIL,2022-12-13,26.5,,,26.5,4608,2026-04-08T03:58:58.485404+00:00
189113,CONOIL,2022-12-14,26.5,,,26.5,50655,2026-04-08T03:59:00.851945+00:00
189227,CONOIL,2022-12-15,26.5,,,26.5,7101,2026-04-08T03:59:03.086647+00:00
189341,CONOIL,2022-12-16,26.5,,,26.5,27528,2026-04-08T03:59:05.5442+00:00
189455,CONOIL,2022-12-19,26.5,,,26.5,20975,2026-04-08T03:59:09.806719+00:00
189569,CONOIL,2022-12-20,26.5,,,26.5,3563,2026-04-08T03:59:12.630732+00:00
189683,CONOIL,2022-12-21,26.5,,,26.5,40329,2026-04-08T03:59:14.990319+00:00
189797,CONOIL,2022-12-22,26.5,,,26.5,4300,2026-04-08T03:59:17.229229+00:00
189911,CONOIL,2022-12-23,26.5,,,26.5,2542,2026-04-08T03:59:19.674012+00:00
190025,CONOIL,2022-12-28,26.5,,,26.5,15646,2026-04-08T03:59:26.406492+00:00
190139,CONOIL,2022-12-30,26.5,,,26.5,54777,2026-04-08T03:59:29.796579+00:00
190253,CONOIL,2023-01-04,26.5,,,26.5,132184,2026-04-08T03:59:36.276207+00:00
190367,CONOIL,2023-01-05,26.5,,,26.5,150520,2026-04-08T03:59:38.771807+00:00
190481,CONOIL,2023-01-06,26.5,,,26.5,101112,2026-04-08T03:59:41.229635+00:00
190595,CONOIL,2023-01-09,26.5,,,26.5,233901,2026-04-08T03:59:45.608271+00:00
190709,CONOIL,2023-01-10,26.5,,,26.5,5629,2026-04-08T03:59:47.862187+00:00
190823,CONOIL,2023-01-11,26.5,,,26.5,84405,2026-04-08T03:59:50.211712+00:00
190937,CONOIL,2023-01-12,26.5,,,26.5,46529,2026-04-08T03:59:52.676239+00:00
191051,CONOIL,2023-01-13,26.5,,,26.5,262531,2026-04-08T03:59:55.073566+00:00
191165,CONOIL,2023-01-17,26.5,,,26.5,20759,2026-04-08T04:00:00.52991+00:00
191279,CONOIL,2023-01-18,26.5,,,26.5,54597,2026-04-08T04:00:02.930508+00:00
191393,CONOIL,2023-01-19,26.5,,,26.5,15758,2026-04-08T04:00:05.157464+00:00
191507,CONOIL,2023-01-20,26.5,,,26.5,68843,2026-04-08T04:00:07.441529+00:00
191621,CONOIL,2023-01-23,26.5,,,26.5,102143,2026-04-08T04:00:11.934625+00:00
191735,CONOIL,2023-01-24,26.5,,,26.5,13721,2026-04-08T04:00:14.448563+00:00
191849,CONOIL,2023-01-25,26.5,,,26.5,13329,2026-04-08T04:00:16.660222+00:00
191963,CONOIL,2023-01-26,26.5,,,26.5,2780,2026-04-08T04:00:19.02129+00:00
192077,CONOIL,2023-01-27,26.5,,,26.5,231072,2026-04-08T04:00:21.366865+00:00
192191,CONOIL,2023-01-30,26.5,,,26.5,27256,2026-04-08T04:00:26.318741+00:00
192305,CONOIL,2023-01-31,26.5,,,26.5,11800,2026-04-08T04:00:28.560212+00:00
192419,CONOIL,2023-02-06,26.5,,,26.5,3722,2026-04-08T04:00:36.14931+00:00
192533,CONOIL,2023-02-07,29.15,,,29.15,773059,2026-04-08T04:00:38.379875+00:00
192647,CONOIL,2023-02-08,29.15,,,29.15,20150,2026-04-08T04:00:40.736361+00:00
192761,CONOIL,2023-02-09,29.15,,,29.15,276393,2026-04-08T04:00:43.03687+00:00
192875,CONOIL,2023-02-10,32.05,,,32.05,121224,2026-04-08T04:00:46.517744+00:00
192989,CONOIL,2023-02-13,35.25,,,35.25,511113,2026-04-08T04:00:50.958429+00:00
193103,CONOIL,2023-02-14,35.25,,,35.25,221369,2026-04-08T04:00:53.400398+00:00
193217,CONOIL,2023-02-15,35.25,,,35.25,286918,2026-04-08T04:00:55.645789+00:00
193331,CONOIL,2023-02-16,35.25,,,35.25,271259,2026-04-08T04:00:58.043326+00:00
193445,CONOIL,2023-02-17,35.25,,,35.25,12332,2026-04-08T04:01:00.355798+00:00
193559,CONOIL,2023-02-20,38.75,,,38.75,118575,2026-04-08T04:01:04.633293+00:00
193673,CONOIL,2023-02-21,38.75,,,38.75,200776,2026-04-08T04:01:06.910783+00:00
193787,CONOIL,2023-02-22,38.75,,,38.75,51950,2026-04-08T04:01:09.421576+00:00
193901,CONOIL,2023-02-23,38.75,,,38.75,16459,2026-04-08T04:01:11.765387+00:00
194015,CONOIL,2023-02-24,42.6,,,42.6,101769,2026-04-08T04:01:14.12415+00:00
194129,CONOIL,2023-02-27,46.85,,,46.85,363179,2026-04-08T04:01:18.463572+00:00
194243,CONOIL,2023-02-28,46.85,,,46.85,288144,2026-04-08T04:01:20.671303+00:00
194357,CONOIL,2023-03-01,46.85,,,46.85,269923,2026-04-08T04:01:23.068989+00:00
194471,CONOIL,2023-03-02,46.85,,,46.85,128023,2026-04-08T04:01:25.352172+00:00
194585,CONOIL,2023-03-03,46.85,,,46.85,215527,2026-04-08T04:01:27.716711+00:00
194699,CONOIL,2023-03-06,46.85,,,46.85,373772,2026-04-08T04:01:32.392486+00:00
194813,CONOIL,2023-03-07,46.85,,,46.85,121537,2026-04-08T04:01:34.845095+00:00
194927,CONOIL,2023-03-08,46.85,,,46.85,4964,2026-04-08T04:01:37.261757+00:00
195041,CONOIL,2023-03-09,42.2,,,42.2,122428,2026-04-08T04:01:39.987396+00:00
195155,CONOIL,2023-03-13,38.0,,,38.0,105431,2026-04-08T04:01:45.627511+00:00
195269,CONOIL,2023-03-14,38.0,,,38.0,198111,2026-04-08T04:01:48.257383+00:00
195383,CONOIL,2023-03-15,38.0,,,38.0,146211,2026-04-08T04:01:50.627346+00:00
195497,CONOIL,2023-03-16,38.0,,,38.0,32134,2026-04-08T04:01:53.062383+00:00
195611,CONOIL,2023-03-17,38.0,,,38.0,23520,2026-04-08T04:01:55.701252+00:00
195725,CONOIL,2023-03-20,38.0,,,38.0,71600,2026-04-08T04:01:59.933448+00:00
195839,CONOIL,2023-03-22,38.0,,,38.0,903,2026-04-08T04:02:03.467012+00:00
195953,CONOIL,2023-03-23,38.0,,,38.0,3401,2026-04-08T04:02:05.929911+00:00
196067,CONOIL,2023-03-24,38.0,,,38.0,44021,2026-04-08T04:02:08.248632+00:00
196181,CONOIL,2023-03-27,38.0,,,38.0,22334,2026-04-08T04:02:12.564733+00:00
196295,CONOIL,2023-03-28,38.0,,,38.0,15960,2026-04-08T04:02:14.764209+00:00
196409,CONOIL,2023-03-29,38.0,,,38.0,8686,2026-04-08T04:02:17.140393+00:00
196523,CONOIL,2023-03-30,38.0,,,38.0,13555,2026-04-08T04:02:19.470716+00:00
196637,CONOIL,2023-03-31,38.0,,,38.0,125953,2026-04-08T04:02:21.739047+00:00
196751,CONOIL,2023-04-03,38.0,,,38.0,47790,2026-04-08T04:02:26.060346+00:00
196865,CONOIL,2023-04-04,40.0,,,40.0,176299,2026-04-08T04:02:28.444728+00:00
196979,CONOIL,2023-04-05,40.0,,,40.0,16066,2026-04-08T04:02:30.864627+00:00
197093,CONOIL,2023-04-06,40.0,,,40.0,38444,2026-04-08T04:02:33.239626+00:00
197207,CONOIL,2023-04-11,40.0,,,40.0,28782,2026-04-08T04:02:39.320239+00:00
197321,CONOIL,2023-04-12,40.0,,,40.0,10838,2026-04-08T04:02:41.643197+00:00
197435,CONOIL,2023-04-13,40.0,,,40.0,20352,2026-04-08T04:02:44.360634+00:00
197549,CONOIL,2023-04-14,40.0,,,40.0,80488,2026-04-08T04:02:47.093001+00:00
197663,CONOIL,2023-04-17,40.0,,,40.0,4290,2026-04-08T04:02:52.113012+00:00
197777,CONOIL,2023-04-18,40.0,,,40.0,54339,2026-04-08T04:02:54.97501+00:00
197891,CONOIL,2023-04-19,40.0,,,40.0,59009,2026-04-08T04:02:57.648371+00:00
198005,CONOIL,2023-04-20,40.0,,,40.0,13174,2026-04-08T04:03:00.087899+00:00
198119,CONOIL,2023-04-25,40.0,,,40.0,16207,2026-04-08T04:03:06.320111+00:00
198233,CONOIL,2023-04-26,40.0,,,40.0,5314,2026-04-08T04:03:08.704488+00:00
198347,CONOIL,2023-04-27,40.0,,,40.0,82230,2026-04-08T04:03:11.176222+00:00
198461,CONOIL,2023-04-28,40.0,,,40.0,34000,2026-04-08T04:03:13.757457+00:00
198575,CONOIL,2023-05-03,44.0,,,44.0,205510,2026-04-08T04:03:20.258962+00:00
198689,CONOIL,2023-05-04,44.0,,,44.0,66351,2026-04-08T04:03:22.719511+00:00
198803,CONOIL,2023-05-08,44.0,,,44.0,16820,2026-04-08T04:03:29.045349+00:00
198917,CONOIL,2023-05-09,48.4,,,48.4,287656,2026-04-08T04:03:32.620003+00:00
199031,CONOIL,2023-05-12,48.4,,,48.4,194664,2026-04-08T04:03:37.286216+00:00
199145,CONOIL,2023-05-15,48.4,,,48.4,161156,2026-04-08T04:03:41.825544+00:00
199259,CONOIL,2023-05-16,48.4,,,48.4,58342,2026-04-08T04:03:44.244464+00:00
199373,CONOIL,2023-05-17,48.4,,,48.4,93568,2026-04-08T04:03:46.492518+00:00
199487,CONOIL,2023-05-18,48.4,,,48.4,120723,2026-04-08T04:03:48.752249+00:00
199601,CONOIL,2023-05-19,48.4,,,48.4,231011,2026-04-08T04:03:51.139215+00:00
199715,CONOIL,2023-05-22,48.4,,,48.4,80528,2026-04-08T04:03:55.484935+00:00
199829,CONOIL,2023-05-23,48.4,,,48.4,45998,2026-04-08T04:03:57.886867+00:00
199943,CONOIL,2023-05-24,48.4,,,48.4,70686,2026-04-08T04:04:00.334047+00:00
200057,CONOIL,2023-05-25,43.6,,,43.6,1622373,2026-04-08T04:04:02.79018+00:00
200171,CONOIL,2023-05-26,47.95,,,47.95,1538457,2026-04-08T04:04:05.139052+00:00
200285,CONOIL,2023-05-30,52.7,,,52.7,428790,2026-04-08T04:04:11.011702+00:00
200399,CONOIL,2023-06-01,63.7,,,63.7,721698,2026-04-08T04:04:14.390605+00:00
200513,CONOIL,2023-06-02,69.9,,,69.9,912728,2026-04-08T04:04:16.732653+00:00
200627,CONOIL,2023-06-05,76.85,,,76.85,595554,2026-04-08T04:04:21.343031+00:00
200741,CONOIL,2023-06-06,79.9,,,79.9,821884,2026-04-08T04:04:23.98223+00:00
200855,CONOIL,2023-06-07,79.9,,,79.9,1251900,2026-04-08T04:04:26.507718+00:00
200969,CONOIL,2023-06-08,79.9,,,79.9,372012,2026-04-08T04:04:29.08401+00:00
201083,CONOIL,2023-06-09,71.95,,,71.95,480796,2026-04-08T04:04:31.44664+00:00
201197,CONOIL,2023-06-13,71.95,,,71.95,594958,2026-04-08T04:04:36.862505+00:00
201311,CONOIL,2023-06-14,71.95,,,71.95,187270,2026-04-08T04:04:39.320552+00:00
201425,CONOIL,2023-06-15,79.0,,,79.0,895388,2026-04-08T04:04:41.673534+00:00
201539,CONOIL,2023-06-16,79.0,,,79.0,68964,2026-04-08T04:04:44.052846+00:00
201653,CONOIL,2023-06-19,79.0,,,79.0,42139,2026-04-08T04:04:48.541112+00:00
201767,CONOIL,2023-06-20,79.0,,,79.0,102208,2026-04-08T04:04:51.378552+00:00
201881,CONOIL,2023-06-21,86.5,,,86.5,1277537,2026-04-08T04:04:53.764277+00:00
201995,CONOIL,2023-06-22,86.0,,,86.0,816347,2026-04-08T04:04:56.145117+00:00
202109,CONOIL,2023-06-26,80.25,,,80.25,181466,2026-04-08T04:05:01.671465+00:00
202223,CONOIL,2023-06-30,83.0,,,83.0,317874,2026-04-08T04:05:07.377697+00:00
202337,CONOIL,2023-07-03,88.0,,,88.0,278141,2026-04-08T04:05:11.758079+00:00
202451,CONOIL,2023-07-04,88.0,,,88.0,124875,2026-04-08T04:05:14.17436+00:00
202565,CONOIL,2023-07-05,93.0,,,93.0,999147,2026-04-08T04:05:16.577423+00:00
202679,CONOIL,2023-07-06,102.3,,,102.3,680471,2026-04-08T04:05:19.075393+00:00
202793,CONOIL,2023-07-07,102.3,,,102.3,427362,2026-04-08T04:05:21.415756+00:00
202907,CONOIL,2023-07-10,112.5,,,112.5,1099749,2026-04-08T04:05:26.355595+00:00
203021,CONOIL,2023-07-11,112.5,,,112.5,158699,2026-04-08T04:05:28.903538+00:00
203135,CONOIL,2023-07-12,112.5,,,112.5,390096,2026-04-08T04:05:31.299012+00:00
203249,CONOIL,2023-07-14,112.5,,,112.5,7177,2026-04-08T04:05:34.698751+00:00
203363,CONOIL,2023-07-17,112.5,,,112.5,108694,2026-04-08T04:05:39.139368+00:00
203477,CONOIL,2023-07-19,112.5,,,112.5,227913,2026-04-08T04:05:42.577032+00:00
203591,CONOIL,2023-07-20,112.5,,,112.5,46035,2026-04-08T04:05:45.122849+00:00
203705,CONOIL,2023-07-21,112.5,,,112.5,1460868,2026-04-08T04:05:47.594805+00:00
203819,CONOIL,2023-07-24,112.5,,,112.5,86132,2026-04-08T04:05:52.167161+00:00
203933,CONOIL,2023-07-25,101.25,,,101.25,113812,2026-04-08T04:05:54.602351+00:00
204047,CONOIL,2023-07-26,101.25,,,101.25,992461,2026-04-08T04:05:57.515236+00:00
204161,CONOIL,2023-07-27,101.25,,,101.25,204242,2026-04-08T04:05:59.880161+00:00
204275,CONOIL,2023-07-28,101.25,,,101.25,589289,2026-04-08T04:06:02.220136+00:00
204389,CONOIL,2023-07-31,110.0,,,110.0,1548116,2026-04-08T04:06:06.790851+00:00
204503,CONOIL,2023-08-02,110.0,,,110.0,78955,2026-04-08T04:06:10.326378+00:00
204617,CONOIL,2023-08-03,110.0,,,110.0,50686,2026-04-08T04:06:12.834218+00:00
204731,CONOIL,2023-08-04,110.0,,,110.0,50674,2026-04-08T04:06:15.200886+00:00
204845,CONOIL,2023-08-07,110.0,,,110.0,113527,2026-04-08T04:06:19.871718+00:00
204959,CONOIL,2023-08-08,110.0,,,110.0,32560,2026-04-08T04:06:22.245918+00:00
205073,CONOIL,2023-08-09,110.0,,,110.0,10783,2026-04-08T04:06:24.635943+00:00
205187,CONOIL,2023-08-10,110.0,,,110.0,19865,2026-04-08T04:06:27.035398+00:00
205301,CONOIL,2023-08-11,110.0,,,110.0,28074,2026-04-08T04:06:29.455701+00:00
205415,CONOIL,2023-08-14,110.0,,,110.0,42040,2026-04-08T04:06:33.923569+00:00
205529,CONOIL,2023-08-15,110.0,,,110.0,68632,2026-04-08T04:06:36.358161+00:00
205643,CONOIL,2023-08-16,110.0,,,110.0,186171,2026-04-08T04:06:38.679915+00:00
205757,CONOIL,2023-08-17,110.0,,,110.0,149467,2026-04-08T04:06:40.998805+00:00
205871,CONOIL,2023-08-18,110.0,,,110.0,140097,2026-04-08T04:06:43.468275+00:00
205985,CONOIL,2023-08-21,110.0,,,110.0,93572,2026-04-08T04:06:47.688711+00:00
206099,CONOIL,2023-08-24,99.0,,,99.0,339350,2026-04-08T04:06:51.989424+00:00
206213,CONOIL,2023-08-25,99.0,,,99.0,23653,2026-04-08T04:06:54.38475+00:00
206327,CONOIL,2023-08-28,99.0,,,99.0,38597,2026-04-08T04:06:59.310949+00:00
206441,CONOIL,2023-08-29,99.0,,,99.0,131317,2026-04-08T04:07:01.613742+00:00
206555,CONOIL,2023-08-30,99.0,,,99.0,3812,2026-04-08T04:07:03.820209+00:00
206669,CONOIL,2023-09-01,99.0,,,99.0,40466,2026-04-08T04:07:07.195585+00:00
206783,CONOIL,2023-09-04,99.0,,,99.0,87340,2026-04-08T04:07:11.730996+00:00
206897,CONOIL,2023-09-05,99.0,,,99.0,21546,2026-04-08T04:07:14.175893+00:00
207011,CONOIL,2023-09-06,99.0,,,99.0,168928,2026-04-08T04:07:16.66229+00:00
207125,CONOIL,2023-09-07,99.0,,,99.0,39151,2026-04-08T04:07:19.134101+00:00
207239,CONOIL,2023-09-08,99.0,,,99.0,11248,2026-04-08T04:07:21.445908+00:00
207353,CONOIL,2023-09-11,99.0,,,99.0,95665,2026-04-08T04:07:26.133096+00:00
207467,CONOIL,2023-09-12,99.0,,,99.0,184958,2026-04-08T04:07:28.57479+00:00
207581,CONOIL,2023-09-13,99.0,,,99.0,4261,2026-04-08T04:07:30.890589+00:00
207695,CONOIL,2023-09-14,99.0,,,99.0,6996,2026-04-08T04:07:33.324455+00:00
207809,CONOIL,2023-09-15,89.1,,,89.1,117065,2026-04-08T04:07:35.74244+00:00
207923,CONOIL,2023-09-18,89.1,,,89.1,236584,2026-04-08T04:07:40.292184+00:00
208037,CONOIL,2023-09-19,89.1,,,89.1,378332,2026-04-08T04:07:42.606346+00:00
208151,CONOIL,2023-09-20,89.1,,,89.1,89781,2026-04-08T04:07:45.004042+00:00
208265,CONOIL,2023-09-21,89.1,,,89.1,25232,2026-04-08T04:07:47.370085+00:00
208379,CONOIL,2023-09-22,89.1,,,89.1,7321,2026-04-08T04:07:49.898567+00:00
208493,CONOIL,2023-09-25,89.1,,,89.1,14189,2026-04-08T04:07:54.305125+00:00
208607,CONOIL,2023-09-28,80.2,,,80.2,112307,2026-04-08T04:07:58.898315+00:00
208721,CONOIL,2023-09-29,80.2,,,80.2,217944,2026-04-08T04:08:01.279649+00:00
208835,CONOIL,2023-10-03,80.2,,,80.2,21122,2026-04-08T04:08:06.721549+00:00
208949,CONOIL,2023-10-04,80.2,,,80.2,125787,2026-04-08T04:08:09.042741+00:00
209063,CONOIL,2023-10-05,80.2,,,80.2,7664,2026-04-08T04:08:11.600182+00:00
209178,CONOIL,2023-10-06,80.2,,,80.2,25130,2026-04-08T04:08:14.22861+00:00
209293,CONOIL,2023-10-09,80.2,,,80.2,170492,2026-04-08T04:08:18.740555+00:00
209408,CONOIL,2023-10-10,80.2,,,80.2,24404,2026-04-08T04:08:21.390436+00:00
209522,CONOIL,2023-10-12,80.2,,,80.2,12716,2026-04-08T04:08:24.861957+00:00
209637,CONOIL,2023-10-13,80.2,,,80.2,7113,2026-04-08T04:08:27.376596+00:00
209752,CONOIL,2023-10-16,80.2,,,80.2,24315,2026-04-08T04:08:32.388707+00:00
209867,CONOIL,2023-10-17,80.2,,,80.2,10820,2026-04-08T04:08:34.738576+00:00
209982,CONOIL,2023-10-19,80.2,,,80.2,24683,2026-04-08T04:08:38.671249+00:00
210097,CONOIL,2023-10-20,80.2,,,80.2,5900,2026-04-08T04:08:40.967521+00:00
210212,CONOIL,2023-10-23,80.2,,,80.2,57709,2026-04-08T04:08:45.440193+00:00
210327,CONOIL,2023-10-24,80.2,,,80.2,25573,2026-04-08T04:08:47.71675+00:00
210442,CONOIL,2023-10-25,80.2,,,80.2,65157,2026-04-08T04:08:50.022319+00:00
210557,CONOIL,2023-10-26,80.2,,,80.2,912,2026-04-08T04:08:52.472279+00:00
210672,CONOIL,2023-10-27,80.2,,,80.2,29132,2026-04-08T04:08:54.778052+00:00
210787,CONOIL,2023-10-30,80.2,,,80.2,15896,2026-04-08T04:08:59.45056+00:00
210902,CONOIL,2023-10-31,80.2,,,80.2,14257,2026-04-08T04:09:01.914254+00:00
211017,CONOIL,2023-11-01,80.2,,,80.2,1114672,2026-04-08T04:09:04.386399+00:00
211132,CONOIL,2023-11-02,80.2,,,80.2,68041,2026-04-08T04:09:06.696264+00:00
211247,CONOIL,2023-11-03,80.2,,,80.2,87259,2026-04-08T04:09:09.071615+00:00
211362,CONOIL,2023-11-06,80.2,,,80.2,96547,2026-04-08T04:09:13.59419+00:00
211477,CONOIL,2023-11-07,80.2,,,80.2,48410,2026-04-08T04:09:15.923939+00:00
211593,CONOIL,2023-11-08,80.2,,,80.2,20740,2026-04-08T04:09:18.177895+00:00
211709,CONOIL,2023-11-09,80.2,,,80.2,141813,2026-04-08T04:09:20.462573+00:00
211825,CONOIL,2023-11-10,86.5,,,86.5,285329,2026-04-08T04:09:22.644841+00:00
211941,CONOIL,2023-11-13,86.5,,,86.5,85026,2026-04-08T04:09:27.404692+00:00
212057,CONOIL,2023-11-14,86.5,,,86.5,28740,2026-04-08T04:09:29.775588+00:00
212173,CONOIL,2023-11-15,86.5,,,86.5,28466,2026-04-08T04:09:32.378304+00:00
212289,CONOIL,2023-11-16,86.5,,,86.5,9855,2026-04-08T04:09:34.916677+00:00
212405,CONOIL,2023-11-17,86.5,,,86.5,13349,2026-04-08T04:09:37.378105+00:00
212521,CONOIL,2023-11-20,86.5,,,86.5,19497,2026-04-08T04:09:41.830835+00:00
212637,CONOIL,2023-11-21,86.5,,,86.5,22078,2026-04-08T04:09:44.211025+00:00
212753,CONOIL,2023-11-22,86.5,,,86.5,20177,2026-04-08T04:09:46.526636+00:00
212869,CONOIL,2023-11-23,86.5,,,86.5,15537,2026-04-08T04:09:48.793806+00:00
212986,CONOIL,2023-11-27,86.5,,,86.5,22308,2026-04-08T04:09:54.316732+00:00
213103,CONOIL,2023-11-28,86.5,,,86.5,7208,2026-04-08T04:09:57.050116+00:00
213220,CONOIL,2023-11-29,86.5,,,86.5,36078,2026-04-08T04:09:59.54407+00:00
213337,CONOIL,2023-11-30,86.5,,,86.5,36282,2026-04-08T04:10:01.973818+00:00
213454,CONOIL,2023-12-01,86.5,,,86.5,18257,2026-04-08T04:10:04.46052+00:00
213571,CONOIL,2023-12-04,86.5,,,86.5,21415,2026-04-08T04:10:08.793495+00:00
213688,CONOIL,2023-12-05,86.5,,,86.5,24459,2026-04-08T04:10:11.104733+00:00
213805,CONOIL,2023-12-06,86.5,,,86.5,112635,2026-04-08T04:10:13.383432+00:00
213922,CONOIL,2023-12-08,86.5,,,86.5,6570,2026-04-08T04:10:16.965057+00:00
214039,CONOIL,2023-12-11,86.5,,,86.5,73,2026-04-08T04:10:21.350621+00:00
214156,CONOIL,2023-12-12,78.0,,,78.0,564774,2026-04-08T04:10:23.843731+00:00
214273,CONOIL,2023-12-13,78.0,,,78.0,17130,2026-04-08T04:10:26.19208+00:00
214390,CONOIL,2023-12-14,78.0,,,78.0,50080,2026-04-08T04:10:28.64956+00:00
214507,CONOIL,2023-12-15,83.9,,,83.9,259514,2026-04-08T04:10:31.179138+00:00
214624,CONOIL,2023-12-18,83.9,,,83.9,26118,2026-04-08T04:10:35.879044+00:00
214741,CONOIL,2023-12-19,83.9,,,83.9,19783,2026-04-08T04:10:38.280823+00:00
214858,CONOIL,2023-12-20,83.9,,,83.9,15037,2026-04-08T04:10:40.523028+00:00
214975,CONOIL,2023-12-21,83.9,,,83.9,66847,2026-04-08T04:10:42.873875+00:00
215092,CONOIL,2023-12-28,83.9,,,83.9,30227,2026-04-08T04:10:51.166125+00:00
215209,CONOIL,2023-12-29,83.9,,,83.9,63685,2026-04-08T04:10:53.57119+00:00
215326,CONOIL,2024-01-02,83.9,,,83.9,60707,2026-04-08T04:10:59.157783+00:00
215443,CONOIL,2024-01-03,89.8,,,89.8,394234,2026-04-08T04:11:01.401293+00:00
215560,CONOIL,2024-01-04,95.0,,,95.0,248676,2026-04-08T04:11:03.846312+00:00
215677,CONOIL,2024-01-05,95.0,,,95.0,149058,2026-04-08T04:11:07.208124+00:00
215794,CONOIL,2024-01-08,102.0,,,102.0,242911,2026-04-08T04:11:11.742656+00:00
215911,CONOIL,2024-01-09,102.0,,,102.0,58812,2026-04-08T04:11:14.100458+00:00
216028,CONOIL,2024-01-10,102.0,,,102.0,26367,2026-04-08T04:11:16.512964+00:00
216145,CONOIL,2024-01-11,102.0,,,102.0,8578,2026-04-08T04:11:18.918089+00:00
216262,CONOIL,2024-01-12,102.0,,,102.0,77934,2026-04-08T04:11:21.244944+00:00
216379,CONOIL,2024-01-15,102.0,,,102.0,60405,2026-04-08T04:11:25.674113+00:00
216496,CONOIL,2024-01-16,102.0,,,102.0,20924,2026-04-08T04:11:28.037988+00:00
216613,CONOIL,2024-01-18,112.2,,,112.2,850624,2026-04-08T04:11:31.337167+00:00
216730,CONOIL,2024-01-19,112.2,,,112.2,476563,2026-04-08T04:11:38.619168+00:00
216847,CONOIL,2024-01-22,112.2,,,112.2,362716,2026-04-08T04:11:42.948818+00:00
216964,CONOIL,2024-01-23,112.2,,,112.2,45050,2026-04-08T04:11:45.304506+00:00
217081,CONOIL,2024-01-24,112.2,,,112.2,21020,2026-04-08T04:11:47.647942+00:00
217198,CONOIL,2024-01-25,112.2,,,112.2,25640,2026-04-08T04:11:50.11021+00:00
217315,CONOIL,2024-01-26,112.2,,,112.2,33560,2026-04-08T04:11:52.721812+00:00
217432,CONOIL,2024-01-29,112.2,,,112.2,27066,2026-04-08T04:11:57.440388+00:00
217549,CONOIL,2024-01-30,112.2,,,112.2,21390,2026-04-08T04:12:00.024191+00:00
217666,CONOIL,2024-01-31,101.0,,,101.0,314970,2026-04-08T04:12:02.433526+00:00
217783,CONOIL,2024-02-01,101.0,,,101.0,14595,2026-04-08T04:12:04.812869+00:00
217900,CONOIL,2024-02-02,101.0,,,101.0,180393,2026-04-08T04:12:07.232701+00:00
218017,CONOIL,2024-02-05,101.0,,,101.0,120177,2026-04-08T04:12:11.791199+00:00
218134,CONOIL,2024-02-06,101.0,,,101.0,13339,2026-04-08T04:12:14.363902+00:00
218251,CONOIL,2024-02-07,101.0,,,101.0,121762,2026-04-08T04:12:16.791058+00:00
218368,CONOIL,2024-02-08,101.0,,,101.0,8106,2026-04-08T04:12:19.312026+00:00
218485,CONOIL,2024-02-09,101.0,,,101.0,38530,2026-04-08T04:12:21.609908+00:00
218602,CONOIL,2024-02-12,101.0,,,101.0,20713,2026-04-08T04:12:25.771109+00:00
218719,CONOIL,2024-02-13,101.0,,,101.0,4670,2026-04-08T04:12:28.061356+00:00
218836,CONOIL,2024-02-14,101.0,,,101.0,2839,2026-04-08T04:12:30.570558+00:00
218953,CONOIL,2024-02-16,101.0,,,101.0,2094,2026-04-08T04:12:34.036511+00:00
219070,CONOIL,2024-02-19,101.0,,,101.0,222,2026-04-08T04:12:38.429241+00:00
219187,CONOIL,2024-02-20,101.0,,,101.0,159346,2026-04-08T04:12:40.813552+00:00
219304,CONOIL,2024-02-21,101.0,,,101.0,7043,2026-04-08T04:12:43.257682+00:00
219421,CONOIL,2024-02-22,101.0,,,101.0,2640,2026-04-08T04:12:45.850796+00:00
219538,CONOIL,2024-02-26,101.0,,,101.0,7257,2026-04-08T04:12:51.18414+00:00
219655,CONOIL,2024-02-27,101.0,,,101.0,8338,2026-04-08T04:12:53.509755+00:00
219772,CONOIL,2024-02-29,101.0,,,101.0,4063,2026-04-08T04:12:56.822244+00:00
219889,CONOIL,2024-03-01,90.9,,,90.9,131162,2026-04-08T04:12:59.287484+00:00
220006,CONOIL,2024-03-04,90.9,,,90.9,68656,2026-04-08T04:13:03.814092+00:00
220124,CONOIL,2024-03-05,90.9,,,90.9,7594,2026-04-08T04:13:06.279726+00:00
220242,CONOIL,2024-03-06,90.9,,,90.9,6872,2026-04-08T04:13:08.558236+00:00
220360,CONOIL,2024-03-07,90.9,,,90.9,6099,2026-04-08T04:13:10.988978+00:00
220478,CONOIL,2024-03-08,90.9,,,90.9,24947,2026-04-08T04:13:13.453006+00:00
220596,CONOIL,2024-03-11,90.9,,,90.9,3843,2026-04-08T04:13:17.773706+00:00
220714,CONOIL,2024-03-12,90.9,,,90.9,18927,2026-04-08T04:13:20.258657+00:00
220832,CONOIL,2024-03-13,90.9,,,90.9,569503,2026-04-08T04:13:22.557243+00:00
220950,CONOIL,2024-03-14,90.9,,,90.9,14293,2026-04-08T04:13:25.004754+00:00
221068,CONOIL,2024-03-15,90.9,,,90.9,8735,2026-04-08T04:13:27.500984+00:00
221186,CONOIL,2024-03-19,90.9,,,90.9,18720,2026-04-08T04:13:32.54102+00:00
221304,CONOIL,2024-03-20,90.9,,,90.9,6953,2026-04-08T04:13:34.949661+00:00
221422,CONOIL,2024-03-21,90.9,,,90.9,4567,2026-04-08T04:13:37.293426+00:00
221540,CONOIL,2024-03-22,90.9,,,90.9,54787,2026-04-08T04:13:39.66616+00:00
221658,CONOIL,2024-03-25,90.9,,,90.9,44754,2026-04-08T04:13:43.964435+00:00
221776,CONOIL,2024-03-26,90.9,,,90.9,21604,2026-04-08T04:13:46.391317+00:00
221894,CONOIL,2024-03-27,90.9,,,90.9,228993,2026-04-08T04:13:48.795654+00:00
222012,CONOIL,2024-03-28,90.9,,,90.9,390589,2026-04-08T04:13:51.173779+00:00
222130,CONOIL,2024-04-02,90.9,,,90.9,12724,2026-04-08T04:13:58.053067+00:00
222248,CONOIL,2024-04-03,90.9,,,90.9,1492,2026-04-08T04:14:00.66873+00:00
222366,CONOIL,2024-04-04,90.9,,,90.9,15509,2026-04-08T04:14:03.310057+00:00
222484,CONOIL,2024-04-05,90.9,,,90.9,21624,2026-04-08T04:14:05.820809+00:00
222602,CONOIL,2024-04-12,90.9,,,90.9,7975,2026-04-08T04:14:15.984697+00:00
222720,CONOIL,2024-04-15,90.9,,,90.9,3044,2026-04-08T04:14:20.492228+00:00
222838,CONOIL,2024-04-16,90.9,,,90.9,448,2026-04-08T04:14:22.958286+00:00
222956,CONOIL,2024-04-17,90.9,,,90.9,850,2026-04-08T04:14:25.407203+00:00
223074,CONOIL,2024-04-18,90.9,,,90.9,3,2026-04-08T04:14:27.862982+00:00
223192,CONOIL,2024-04-19,90.9,,,90.9,4088,2026-04-08T04:14:30.225092+00:00
223310,CONOIL,2024-04-22,90.9,,,90.9,2479,2026-04-08T04:14:34.624841+00:00
223428,CONOIL,2024-04-23,90.9,,,90.9,4202,2026-04-08T04:14:36.881925+00:00
223546,CONOIL,2024-04-24,90.9,,,90.9,325,2026-04-08T04:14:39.108369+00:00
223664,CONOIL,2024-04-25,90.9,,,90.9,91,2026-04-08T04:14:41.415412+00:00
223782,CONOIL,2024-04-26,90.9,,,90.9,5938,2026-04-08T04:14:43.709399+00:00
223900,CONOIL,2024-04-29,90.9,,,90.9,361,2026-04-08T04:14:47.97937+00:00
224018,CONOIL,2024-04-30,99.95,,,99.95,482880,2026-04-08T04:14:50.304196+00:00
224136,CONOIL,2024-05-02,108.0,,,108.0,164811,2026-04-08T04:14:53.573612+00:00
224254,CONOIL,2024-05-03,97.2,,,97.2,391781,2026-04-08T04:14:55.989363+00:00
224372,CONOIL,2024-05-06,97.2,,,97.2,24162,2026-04-08T04:15:00.14873+00:00
224490,CONOIL,2024-05-07,97.2,,,97.2,13008,2026-04-08T04:15:02.40079+00:00
224608,CONOIL,2024-05-08,97.2,,,97.2,13527,2026-04-08T04:15:04.708287+00:00
224726,CONOIL,2024-05-09,97.2,,,97.2,228140,2026-04-08T04:15:07.337178+00:00
224844,CONOIL,2024-05-10,97.2,,,97.2,72198,2026-04-08T04:15:09.604775+00:00
224962,CONOIL,2024-05-13,97.2,,,97.2,18414,2026-04-08T04:15:13.907933+00:00
225080,CONOIL,2024-05-14,97.2,,,97.2,119665,2026-04-08T04:15:16.26654+00:00
225198,CONOIL,2024-05-15,97.2,,,97.2,12692,2026-04-08T04:15:18.549958+00:00
225316,CONOIL,2024-05-16,96.9,,,96.9,616888,2026-04-08T04:15:20.841424+00:00
225434,CONOIL,2024-05-20,96.9,,,96.9,63142,2026-04-08T04:15:25.962105+00:00
225552,CONOIL,2024-05-21,96.9,,,96.9,49516,2026-04-08T04:15:28.334406+00:00
225670,CONOIL,2024-05-22,96.9,,,96.9,45650,2026-04-08T04:15:30.660212+00:00
225788,CONOIL,2024-05-23,96.9,,,96.9,39599,2026-04-08T04:15:32.993296+00:00
225906,CONOIL,2024-05-24,96.9,,,96.9,36797,2026-04-08T04:15:35.360226+00:00
226024,CONOIL,2024-05-27,105.0,,,105.0,228187,2026-04-08T04:15:39.562711+00:00
226142,CONOIL,2024-05-28,105.0,,,105.0,15525,2026-04-08T04:15:41.894674+00:00
226260,CONOIL,2024-05-29,105.0,,,105.0,6512,2026-04-08T04:15:44.435333+00:00
226378,CONOIL,2024-05-30,105.0,,,105.0,25567,2026-04-08T04:15:46.695543+00:00
226496,CONOIL,2024-05-31,105.0,,,105.0,9137,2026-04-08T04:15:48.909252+00:00
226614,CONOIL,2024-06-03,105.0,,,105.0,12678,2026-04-08T04:15:53.203965+00:00
226732,CONOIL,2024-06-04,105.0,,,105.0,4272,2026-04-08T04:15:55.456464+00:00
226850,CONOIL,2024-06-05,105.0,,,105.0,18265,2026-04-08T04:15:57.839545+00:00
226968,CONOIL,2024-06-06,105.0,,,105.0,7939,2026-04-08T04:16:00.091412+00:00
227086,CONOIL,2024-06-07,105.0,,,105.0,1639,2026-04-08T04:16:02.294722+00:00
227204,CONOIL,2024-06-10,105.0,,,105.0,29143,2026-04-08T04:16:06.655303+00:00
227322,CONOIL,2024-06-11,105.0,,,105.0,21016,2026-04-08T04:16:09.027942+00:00
227440,CONOIL,2024-06-13,105.0,,,105.0,39361,2026-04-08T04:16:12.454757+00:00
227558,CONOIL,2024-06-14,105.0,,,105.0,9234,2026-04-08T04:16:14.762224+00:00
227676,CONOIL,2024-06-20,105.0,,,105.0,24072,2026-04-08T04:16:22.365263+00:00
227794,CONOIL,2024-06-21,105.0,,,105.0,12589,2026-04-08T04:16:24.740936+00:00
227912,CONOIL,2024-06-24,105.0,,,105.0,18740,2026-04-08T04:16:29.101951+00:00
228030,CONOIL,2024-06-25,105.0,,,105.0,22131,2026-04-08T04:16:31.430939+00:00
228148,CONOIL,2024-06-26,105.0,,,105.0,50220,2026-04-08T04:16:33.77834+00:00
228266,CONOIL,2024-06-27,105.0,,,105.0,2681,2026-04-08T04:16:36.13415+00:00
228384,CONOIL,2024-06-28,105.0,,,105.0,1993,2026-04-08T04:16:38.472674+00:00
228502,CONOIL,2024-07-01,105.0,,,105.0,246558,2026-04-08T04:16:42.881798+00:00
228620,CONOIL,2024-07-02,105.0,,,105.0,38766,2026-04-08T04:16:45.256647+00:00
228738,CONOIL,2024-07-03,105.0,,,105.0,107218,2026-04-08T04:16:47.732339+00:00
228856,CONOIL,2024-07-04,115.0,,,115.0,449513,2026-04-08T04:16:50.22378+00:00
228974,CONOIL,2024-07-05,126.5,,,126.5,916713,2026-04-08T04:16:52.679645+00:00
229092,CONOIL,2024-07-08,136.95,,,136.95,4823581,2026-04-08T04:16:57.375145+00:00
229210,CONOIL,2024-07-09,136.95,,,136.95,60783,2026-04-08T04:16:59.679545+00:00
229328,CONOIL,2024-07-10,136.95,,,136.95,72777,2026-04-08T04:17:02.104038+00:00
229446,CONOIL,2024-07-11,136.95,,,136.95,626985,2026-04-08T04:17:04.804273+00:00
229564,CONOIL,2024-07-12,136.95,,,136.95,12115,2026-04-08T04:17:07.071694+00:00
229682,CONOIL,2024-07-15,136.95,,,136.95,40903,2026-04-08T04:17:11.418935+00:00
229800,CONOIL,2024-07-16,136.95,,,136.95,31852,2026-04-08T04:17:13.920176+00:00
229918,CONOIL,2024-07-17,136.95,,,136.95,81921,2026-04-08T04:17:16.239817+00:00
230036,CONOIL,2024-07-18,136.95,,,136.95,25079,2026-04-08T04:17:18.614364+00:00
230154,CONOIL,2024-07-19,136.95,,,136.95,110983,2026-04-08T04:17:20.923419+00:00
230272,CONOIL,2024-07-22,136.95,,,136.95,64487,2026-04-08T04:17:25.185516+00:00
230390,CONOIL,2024-07-23,136.95,,,136.95,43436,2026-04-08T04:17:27.655924+00:00
230508,CONOIL,2024-07-24,136.95,,,136.95,4099,2026-04-08T04:17:30.124258+00:00
230626,CONOIL,2024-07-25,136.95,,,136.95,28500,2026-04-08T04:17:32.638981+00:00
230744,CONOIL,2024-07-26,136.95,,,136.95,20507,2026-04-08T04:17:35.101122+00:00
230862,CONOIL,2024-07-29,144.0,,,144.0,315066,2026-04-08T04:17:40.103977+00:00
230980,CONOIL,2024-07-30,144.0,,,144.0,46130,2026-04-08T04:17:43.080384+00:00
231098,CONOIL,2024-07-31,144.0,,,144.0,81125,2026-04-08T04:17:45.61458+00:00
231216,CONOIL,2024-08-01,144.0,,,144.0,1445,2026-04-08T04:17:47.950902+00:00
231334,CONOIL,2024-08-02,144.0,,,144.0,3580,2026-04-08T04:17:50.372085+00:00
231452,CONOIL,2024-08-05,144.0,,,144.0,308622,2026-04-08T04:17:54.929581+00:00
231570,CONOIL,2024-08-06,144.0,,,144.0,23218,2026-04-08T04:17:57.472912+00:00
231688,CONOIL,2024-08-07,144.0,,,144.0,243335,2026-04-08T04:17:59.948734+00:00
231806,CONOIL,2024-08-08,144.0,,,144.0,16069,2026-04-08T04:18:02.36647+00:00
231924,CONOIL,2024-08-09,144.0,,,144.0,69768,2026-04-08T04:18:04.674683+00:00
232042,CONOIL,2024-08-12,144.0,,,144.0,23446,2026-04-08T04:18:08.918743+00:00
232160,CONOIL,2024-08-13,144.0,,,144.0,103821,2026-04-08T04:18:11.387792+00:00
232278,CONOIL,2024-08-14,144.0,,,144.0,22383,2026-04-08T04:18:13.859526+00:00
232396,CONOIL,2024-08-15,144.0,,,144.0,20870,2026-04-08T04:18:16.357381+00:00
232514,CONOIL,2024-08-16,144.0,,,144.0,4848,2026-04-08T04:18:18.692447+00:00
232632,CONOIL,2024-08-19,144.0,,,144.0,1170318,2026-04-08T04:18:23.063194+00:00
232750,CONOIL,2024-08-20,144.0,,,144.0,16832,2026-04-08T04:18:25.366221+00:00
232868,CONOIL,2024-08-21,144.0,,,144.0,56157,2026-04-08T04:18:27.861334+00:00
232986,CONOIL,2024-08-22,144.0,,,144.0,8022,2026-04-08T04:18:30.156184+00:00
233104,CONOIL,2024-08-23,144.0,,,144.0,7210,2026-04-08T04:18:32.497978+00:00
233222,CONOIL,2024-08-26,144.0,,,144.0,42500,2026-04-08T04:18:37.19542+00:00
233340,CONOIL,2024-08-27,144.0,,,144.0,335750,2026-04-08T04:18:39.561091+00:00
233458,CONOIL,2024-08-28,144.0,,,144.0,93891,2026-04-08T04:18:42.048567+00:00
233576,CONOIL,2024-08-29,144.0,,,144.0,123712,2026-04-08T04:18:44.36768+00:00
233694,CONOIL,2024-09-02,158.0,,,158.0,1194183,2026-04-08T04:18:49.632285+00:00
233812,CONOIL,2024-09-03,158.0,,,158.0,235117,2026-04-08T04:18:52.389232+00:00
233930,CONOIL,2024-09-04,154.0,,,154.0,2604890,2026-04-08T04:18:54.875674+00:00
234048,CONOIL,2024-09-05,154.0,,,154.0,20927,2026-04-08T04:18:57.763256+00:00
234166,CONOIL,2024-09-06,154.0,,,154.0,21434,2026-04-08T04:19:00.536712+00:00
234284,CONOIL,2024-09-09,154.0,,,154.0,31944,2026-04-08T04:19:05.495104+00:00
234402,CONOIL,2024-09-10,154.0,,,154.0,4844,2026-04-08T04:19:08.070871+00:00
234520,CONOIL,2024-09-11,168.0,,,168.0,241089,2026-04-08T04:19:10.663572+00:00
234638,CONOIL,2024-09-12,168.0,,,168.0,31347,2026-04-08T04:19:13.371302+00:00
234756,CONOIL,2024-09-13,168.0,,,168.0,7195,2026-04-08T04:19:16.033041+00:00
234874,CONOIL,2024-09-17,168.0,,,168.0,4132,2026-04-08T04:19:22.824888+00:00
234992,CONOIL,2024-09-18,168.0,,,168.0,68713,2026-04-08T04:19:25.915955+00:00
235110,CONOIL,2024-09-19,168.0,,,168.0,36956,2026-04-08T04:19:28.330134+00:00
235228,CONOIL,2024-09-20,168.0,,,168.0,2718,2026-04-08T04:19:30.82066+00:00
235346,CONOIL,2024-09-23,168.0,,,168.0,3729,2026-04-08T04:19:35.29526+00:00
235464,CONOIL,2024-09-24,168.0,,,168.0,1901,2026-04-08T04:19:37.629736+00:00
235582,CONOIL,2024-09-25,168.0,,,168.0,5276,2026-04-08T04:19:40.096992+00:00
235700,CONOIL,2024-09-26,168.0,,,168.0,4968,2026-04-08T04:19:42.676048+00:00
235818,CONOIL,2024-09-27,168.0,,,168.0,2334,2026-04-08T04:19:45.342636+00:00
235936,CONOIL,2024-09-30,168.0,,,168.0,3279,2026-04-08T04:19:50.223917+00:00
236054,CONOIL,2024-10-02,168.0,,,168.0,2578,2026-04-08T04:19:53.821423+00:00
236172,CONOIL,2024-10-03,168.0,,,168.0,2122,2026-04-08T04:19:56.203135+00:00
236290,CONOIL,2024-10-04,168.0,,,168.0,3994,2026-04-08T04:19:58.634737+00:00
236408,CONOIL,2024-10-07,168.0,,,168.0,269491,2026-04-08T04:20:03.05432+00:00
236526,CONOIL,2024-10-08,168.0,,,168.0,165926,2026-04-08T04:20:05.535519+00:00
236644,CONOIL,2024-10-10,168.0,,,168.0,304089,2026-04-08T04:20:08.855054+00:00
236762,CONOIL,2024-10-11,168.0,,,168.0,189285,2026-04-08T04:20:11.460237+00:00
236881,CONOIL,2024-10-14,168.0,,,168.0,817681,2026-04-08T04:20:16.284622+00:00
237000,CONOIL,2024-10-15,168.0,,,168.0,275422,2026-04-08T04:20:18.84933+00:00
237119,CONOIL,2024-10-17,176.95,,,176.95,2646430,2026-04-08T04:20:23.389134+00:00
237238,CONOIL,2024-10-18,176.95,,,176.95,10362,2026-04-08T04:20:26.17489+00:00
237357,CONOIL,2024-10-21,173.45,,,173.45,30639,2026-04-08T04:20:30.541886+00:00
237476,CONOIL,2024-10-22,173.45,,,173.45,16220,2026-04-08T04:20:32.890604+00:00
237595,CONOIL,2024-10-23,173.45,,,173.45,213537,2026-04-08T04:20:35.186729+00:00
237714,CONOIL,2024-10-24,173.45,,,173.45,5900,2026-04-08T04:20:37.740613+00:00
237833,CONOIL,2024-10-25,173.45,,,173.45,148966,2026-04-08T04:20:40.222387+00:00
237952,CONOIL,2024-10-28,173.45,,,173.45,29689,2026-04-08T04:20:44.742576+00:00
238071,CONOIL,2024-10-29,173.45,,,173.45,1114,2026-04-08T04:20:47.136244+00:00
238190,CONOIL,2024-10-30,173.45,,,173.45,16164,2026-04-08T04:20:49.405969+00:00
238309,CONOIL,2024-10-31,189.3,,,189.3,1824471,2026-04-08T04:20:51.756515+00:00
238428,CONOIL,2024-11-01,189.3,,,189.3,512300,2026-04-08T04:20:54.1075+00:00
238547,CONOIL,2024-11-04,189.3,,,189.3,77965,2026-04-08T04:20:58.471072+00:00
238666,CONOIL,2024-11-05,208.1,,,208.1,1603447,2026-04-08T04:21:01.00344+00:00
238785,CONOIL,2024-11-06,215.0,,,215.0,1859154,2026-04-08T04:21:03.585377+00:00
238904,CONOIL,2024-11-07,236.5,,,236.5,1275168,2026-04-08T04:21:06.256351+00:00
239023,CONOIL,2024-11-08,260.0,,,260.0,619116,2026-04-08T04:21:08.623134+00:00
239142,CONOIL,2024-11-11,260.0,,,260.0,193828,2026-04-08T04:21:12.782875+00:00
239261,CONOIL,2024-11-12,260.0,,,260.0,800307,2026-04-08T04:21:15.417322+00:00
239380,CONOIL,2024-11-13,260.0,,,260.0,48835,2026-04-08T04:21:17.790166+00:00
239499,CONOIL,2024-11-14,244.0,,,244.0,2495307,2026-04-08T04:21:20.354873+00:00
239618,CONOIL,2024-11-15,259.9,,,259.9,242300,2026-04-08T04:21:22.90937+00:00
239737,CONOIL,2024-11-18,259.0,,,259.0,189795,2026-04-08T04:21:27.576358+00:00
239856,CONOIL,2024-11-19,259.0,,,259.0,105601,2026-04-08T04:21:29.868433+00:00
239975,CONOIL,2024-11-20,259.0,,,259.0,510820,2026-04-08T04:21:32.433299+00:00
240094,CONOIL,2024-11-21,259.0,,,259.0,62333,2026-04-08T04:21:34.755564+00:00
240213,CONOIL,2024-11-22,259.0,,,259.0,143490,2026-04-08T04:21:37.514754+00:00
240332,CONOIL,2024-11-25,259.0,,,259.0,26672,2026-04-08T04:21:41.818387+00:00
240451,CONOIL,2024-11-26,259.0,,,259.0,225498,2026-04-08T04:21:44.163824+00:00
240570,CONOIL,2024-11-27,276.0,,,276.0,259423,2026-04-08T04:21:46.720727+00:00
240689,CONOIL,2024-11-28,276.0,,,276.0,122235,2026-04-08T04:21:49.110263+00:00
240808,CONOIL,2024-12-02,276.0,,,276.0,76657,2026-04-08T04:21:54.88401+00:00
240927,CONOIL,2024-12-03,276.0,,,276.0,139881,2026-04-08T04:21:57.640504+00:00
241046,CONOIL,2024-12-04,276.0,,,276.0,40413,2026-04-08T04:21:59.930228+00:00
241165,CONOIL,2024-12-06,290.0,,,290.0,219051,2026-04-08T04:22:03.392712+00:00
241284,CONOIL,2024-12-09,299.0,,,299.0,2726001,2026-04-08T04:22:07.745808+00:00
241403,CONOIL,2024-12-10,320.0,,,320.0,227735,2026-04-08T04:22:10.112253+00:00
241522,CONOIL,2024-12-11,352.0,,,352.0,339277,2026-04-08T04:22:12.639548+00:00
241641,CONOIL,2024-12-12,387.2,,,387.2,959992,2026-04-08T04:22:15.033357+00:00
241760,CONOIL,2024-12-13,387.2,,,387.2,164185,2026-04-08T04:22:17.509919+00:00
241879,CONOIL,2024-12-16,387.2,,,387.2,55335,2026-04-08T04:22:22.499781+00:00
241998,CONOIL,2024-12-17,387.2,,,387.2,62843,2026-04-08T04:22:24.995572+00:00
242117,CONOIL,2024-12-18,387.2,,,387.2,41567,2026-04-08T04:22:27.498126+00:00
242236,CONOIL,2024-12-19,387.2,,,387.2,181931,2026-04-08T04:22:29.868083+00:00
242355,CONOIL,2024-12-20,387.2,,,387.2,46158,2026-04-08T04:22:32.392508+00:00
242474,CONOIL,2024-12-23,387.2,,,387.2,26812,2026-04-08T04:22:36.740311+00:00
242593,CONOIL,2024-12-24,387.2,,,387.2,17292,2026-04-08T04:22:39.25804+00:00
242712,CONOIL,2024-12-27,387.2,,,387.2,1175695,2026-04-08T04:22:43.946119+00:00
242830,CONOIL,2024-12-31,387.2,,,387.2,508552,2026-04-08T04:22:48.665239+00:00
242948,CONOIL,2025-01-02,387.2,,,387.2,15651,2026-04-08T04:22:52.256438+00:00
243066,CONOIL,2025-01-03,387.2,,,387.2,61295,2026-04-08T04:22:55.101113+00:00
243184,CONOIL,2025-01-06,387.2,,,387.2,93797,2026-04-08T04:23:00.046313+00:00
243302,CONOIL,2025-01-07,387.2,,,387.2,8926,2026-04-08T04:23:02.329348+00:00
243420,CONOIL,2025-01-08,387.2,,,387.2,23137,2026-04-08T04:23:04.632968+00:00
243538,CONOIL,2025-01-09,387.2,,,387.2,5818,2026-04-08T04:23:06.908261+00:00
243656,CONOIL,2025-01-10,387.2,,,387.2,4971,2026-04-08T04:23:09.304805+00:00
243774,CONOIL,2025-01-13,387.2,,,387.2,7048,2026-04-08T04:23:13.790041+00:00
243892,CONOIL,2025-01-14,387.2,,,387.2,71133,2026-04-08T04:23:16.129929+00:00
244010,CONOIL,2025-01-15,387.2,,,387.2,14965,2026-04-08T04:23:18.535433+00:00
244128,CONOIL,2025-01-16,387.2,,,387.2,3929,2026-04-08T04:23:20.834867+00:00
244246,CONOIL,2025-01-17,387.2,,,387.2,1612,2026-04-08T04:23:23.141674+00:00
244364,CONOIL,2025-01-20,387.2,,,387.2,1951,2026-04-08T04:23:27.482452+00:00
244482,CONOIL,2025-01-21,387.2,,,387.2,2768,2026-04-08T04:23:29.752731+00:00
244600,CONOIL,2025-01-22,387.2,,,387.2,21092,2026-04-08T04:23:32.235559+00:00
244718,CONOIL,2025-01-23,387.2,,,387.2,97899,2026-04-08T04:23:34.519549+00:00
244836,CONOIL,2025-01-24,387.2,,,387.2,75849,2026-04-08T04:23:37.097992+00:00
244954,CONOIL,2025-01-27,387.2,,,387.2,11770,2026-04-08T04:23:41.817807+00:00
245072,CONOIL,2025-01-28,387.2,,,387.2,21410,2026-04-08T04:23:44.43679+00:00
245190,CONOIL,2025-01-30,387.2,,,387.2,15169,2026-04-08T04:23:47.90788+00:00
245308,CONOIL,2025-01-31,387.2,,,387.2,15169,2026-04-08T04:23:50.425841+00:00
245426,CONOIL,2025-02-03,387.2,,,387.2,664220,2026-04-08T04:23:55.090801+00:00
245544,CONOIL,2025-02-04,387.2,,,387.2,14844,2026-04-08T04:23:57.584141+00:00
245662,CONOIL,2025-02-05,387.2,,,387.2,5162,2026-04-08T04:24:00.484627+00:00
245780,CONOIL,2025-02-06,387.2,,,387.2,7903,2026-04-08T04:24:04.153698+00:00
245898,CONOIL,2025-02-07,387.2,,,387.2,11662,2026-04-08T04:24:07.822728+00:00
246016,CONOIL,2025-02-10,387.2,,,387.2,23733,2026-04-08T04:24:13.163899+00:00
246134,CONOIL,2025-02-11,387.2,,,387.2,3234,2026-04-08T04:24:15.629092+00:00
246252,CONOIL,2025-02-12,387.2,,,387.2,11847,2026-04-08T04:24:18.226035+00:00
246370,CONOIL,2025-02-13,380.0,,,380.0,754075,2026-04-08T04:24:20.725749+00:00
246488,CONOIL,2025-02-14,380.0,,,380.0,92419,2026-04-08T04:24:23.300806+00:00
246606,CONOIL,2025-02-17,380.0,,,380.0,204063,2026-04-08T04:24:27.726986+00:00
246724,CONOIL,2025-02-18,380.0,,,380.0,114090,2026-04-08T04:24:30.295737+00:00
246842,CONOIL,2025-02-19,378.0,,,378.0,260389,2026-04-08T04:24:32.765887+00:00
246960,CONOIL,2025-02-20,378.0,,,378.0,873,2026-04-08T04:24:35.351909+00:00
247078,CONOIL,2025-02-21,378.0,,,378.0,235955,2026-04-08T04:24:37.680479+00:00
247196,CONOIL,2025-02-25,378.0,,,378.0,3157,2026-04-08T04:24:43.419296+00:00
247314,CONOIL,2025-02-26,378.0,,,378.0,467,2026-04-08T04:24:45.860894+00:00
247432,CONOIL,2025-02-27,378.0,,,378.0,1001,2026-04-08T04:24:48.27846+00:00
247550,CONOIL,2025-02-28,368.0,,,368.0,485194,2026-04-08T04:24:50.63724+00:00
247668,CONOIL,2025-03-03,368.0,,,368.0,230135,2026-04-08T04:24:55.222854+00:00
247786,CONOIL,2025-03-04,368.0,,,368.0,2481,2026-04-08T04:24:57.762887+00:00
247905,CONOIL,2025-03-05,368.0,,,368.0,761,2026-04-08T04:25:00.108696+00:00
248024,CONOIL,2025-03-06,368.0,,,368.0,2550,2026-04-08T04:25:02.52336+00:00
248143,CONOIL,2025-03-07,368.0,,,368.0,4014,2026-04-08T04:25:04.19753+00:00
248262,CONOIL,2025-03-10,368.0,,,368.0,102583,2026-04-08T04:25:07.959889+00:00
248381,CONOIL,2025-03-11,368.0,,,368.0,1315,2026-04-08T04:25:10.446731+00:00
248500,CONOIL,2025-03-12,331.2,,,331.2,102184,2026-04-08T04:25:12.888859+00:00
248619,CONOIL,2025-03-13,331.2,,,331.2,6503,2026-04-08T04:25:15.353849+00:00
248738,CONOIL,2025-03-14,331.2,,,331.2,637,2026-04-08T04:25:17.75152+00:00
248857,CONOIL,2025-03-17,331.2,,,331.2,4914,2026-04-08T04:25:23.327657+00:00
248976,CONOIL,2025-03-18,331.2,,,331.2,11091,2026-04-08T04:25:25.763099+00:00
249095,CONOIL,2025-03-19,331.2,,,331.2,2494,2026-04-08T04:25:28.144043+00:00
249214,CONOIL,2025-03-20,331.2,,,331.2,1085,2026-04-08T04:25:31.01834+00:00
249333,CONOIL,2025-03-21,331.2,,,331.2,2540,2026-04-08T04:25:33.389958+00:00
249452,CONOIL,2025-03-24,331.2,,,331.2,2403,2026-04-08T04:25:38.388993+00:00
249571,CONOIL,2025-03-25,331.2,,,331.2,2408,2026-04-08T04:25:40.7685+00:00
249690,CONOIL,2025-03-26,331.2,,,331.2,2045,2026-04-08T04:25:43.344812+00:00
249809,CONOIL,2025-03-27,331.2,,,331.2,1300,2026-04-08T04:25:45.817232+00:00
249928,CONOIL,2025-03-28,331.2,,,331.2,2851,2026-04-08T04:25:48.177352+00:00
250047,CONOIL,2025-04-02,331.2,,,331.2,2483,2026-04-08T04:25:54.663823+00:00
250166,CONOIL,2025-04-03,331.2,,,331.2,2151,2026-04-08T04:25:57.014747+00:00
250285,CONOIL,2025-04-04,331.2,,,331.2,1402,2026-04-08T04:25:59.489503+00:00
250404,CONOIL,2025-04-07,331.2,,,331.2,4337,2026-04-08T04:26:04.211964+00:00
250523,CONOIL,2025-04-08,331.2,,,331.2,4513,2026-04-08T04:26:06.766331+00:00
250642,CONOIL,2025-04-10,331.2,,,331.2,942,2026-04-08T04:26:10.263658+00:00
250761,CONOIL,2025-04-11,331.2,,,331.2,174,2026-04-08T04:26:12.610372+00:00
250880,CONOIL,2025-04-14,331.2,,,331.2,5925,2026-04-08T04:26:17.137975+00:00
250999,CONOIL,2025-04-15,331.2,,,331.2,2090,2026-04-08T04:26:19.634971+00:00
251118,CONOIL,2025-04-16,331.2,,,331.2,1275,2026-04-08T04:26:22.321337+00:00
251237,CONOIL,2025-04-17,331.2,,,331.2,28385,2026-04-08T04:26:24.819431+00:00
251356,CONOIL,2025-04-22,331.2,,,331.2,392,2026-04-08T04:26:31.401152+00:00
251475,CONOIL,2025-04-23,331.2,,,331.2,832,2026-04-08T04:26:33.741411+00:00
251595,CONOIL,2025-04-24,331.2,,,331.2,3180,2026-04-08T04:26:36.383131+00:00
251715,CONOIL,2025-04-25,331.2,,,331.2,3200,2026-04-08T04:26:38.677219+00:00
251835,CONOIL,2025-04-28,331.2,,,331.2,1872,2026-04-08T04:26:43.113614+00:00
251955,CONOIL,2025-04-29,331.2,,,331.2,4406,2026-04-08T04:26:45.609073+00:00
252075,CONOIL,2025-04-30,331.2,,,331.2,1589,2026-04-08T04:26:48.242472+00:00
252195,CONOIL,2025-05-02,331.2,,,331.2,968,2026-04-08T04:26:51.690529+00:00
252315,CONOIL,2025-05-05,331.2,,,331.2,3534,2026-04-08T04:26:56.275381+00:00
252435,CONOIL,2025-05-06,331.2,,,331.2,1671,2026-04-08T04:26:58.7221+00:00
252555,CONOIL,2025-05-07,331.2,,,331.2,6975,2026-04-08T04:27:01.170235+00:00
252675,CONOIL,2025-05-08,331.2,,,331.2,1410,2026-04-08T04:27:03.468055+00:00
252795,CONOIL,2025-05-09,331.2,,,331.2,1466,2026-04-08T04:27:05.963213+00:00
252915,CONOIL,2025-05-12,331.2,,,331.2,8278,2026-04-08T04:27:10.449459+00:00
253035,CONOIL,2025-05-14,331.2,,,331.2,19021,2026-04-08T04:27:13.89162+00:00
253155,CONOIL,2025-05-15,331.2,,,331.2,2589,2026-04-08T04:27:16.307455+00:00
253275,CONOIL,2025-05-16,331.2,,,331.2,1236,2026-04-08T04:27:18.639316+00:00
253395,CONOIL,2025-05-19,331.2,,,331.2,2549,2026-04-08T04:27:23.06518+00:00
253515,CONOIL,2025-05-20,331.2,,,331.2,2549,2026-04-08T04:27:25.663956+00:00
253635,CONOIL,2025-05-21,331.2,,,331.2,1520,2026-04-08T04:27:28.280255+00:00
253755,CONOIL,2025-05-22,331.2,,,331.2,1442,2026-04-08T04:27:30.733393+00:00
253875,CONOIL,2025-05-23,331.2,,,331.2,4835,2026-04-08T04:27:33.142895+00:00
253995,CONOIL,2025-05-26,331.2,,,331.2,3603,2026-04-08T04:27:37.938794+00:00
254115,CONOIL,2025-05-27,331.2,,,331.2,1312,2026-04-08T04:27:40.395447+00:00
254235,CONOIL,2025-05-28,331.2,,,331.2,5894,2026-04-08T04:27:42.906627+00:00
254355,CONOIL,2025-05-29,331.2,,,331.2,2216,2026-04-08T04:27:45.903166+00:00
254475,CONOIL,2025-05-30,298.1,,,298.1,244223,2026-04-08T04:27:48.4452+00:00
254595,CONOIL,2025-06-02,298.1,,,298.1,23261,2026-04-08T04:27:53.01382+00:00
254715,CONOIL,2025-06-03,268.3,,,268.3,117386,2026-04-08T04:27:55.368454+00:00
254835,CONOIL,2025-06-04,268.3,,,268.3,343989,2026-04-08T04:27:57.94541+00:00
254955,CONOIL,2025-06-05,268.3,,,268.3,7027,2026-04-08T04:28:00.320696+00:00
255075,CONOIL,2025-06-10,268.3,,,268.3,27761,2026-04-08T04:28:07.114795+00:00
255195,CONOIL,2025-06-11,268.3,,,268.3,11810,2026-04-08T04:28:09.38594+00:00
255315,CONOIL,2025-06-17,234.5,,,234.5,68101,2026-04-08T04:28:17.228975+00:00
255435,CONOIL,2025-06-18,234.5,,,234.5,41619,2026-04-08T04:28:19.70912+00:00
255555,CONOIL,2025-06-19,234.5,,,234.5,26695,2026-04-08T04:28:22.276816+00:00
255675,CONOIL,2025-06-20,234.5,,,234.5,20771,2026-04-08T04:28:24.65394+00:00
255795,CONOIL,2025-06-23,234.5,,,234.5,134516,2026-04-08T04:28:29.225711+00:00
255915,CONOIL,2025-06-24,234.5,,,234.5,71281,2026-04-08T04:28:31.569579+00:00
256035,CONOIL,2025-06-25,234.5,,,234.5,19970,2026-04-08T04:28:33.910697+00:00
256155,CONOIL,2025-06-26,234.5,,,234.5,14165,2026-04-08T04:28:36.389223+00:00
256275,CONOIL,2025-06-27,234.5,,,234.5,18510,2026-04-08T04:28:38.797599+00:00
256395,CONOIL,2025-07-01,234.5,,,234.5,11316,2026-04-08T04:28:44.517216+00:00
256515,CONOIL,2025-07-02,234.5,,,234.5,8632,2026-04-08T04:28:47.139962+00:00
256635,CONOIL,2025-07-03,234.5,,,234.5,9775,2026-04-08T04:28:49.506141+00:00
256755,CONOIL,2025-07-04,234.5,,,234.5,55672,2026-04-08T04:28:51.76506+00:00
256875,CONOIL,2025-07-07,234.5,,,234.5,116703,2026-04-08T04:28:56.230166+00:00
256995,CONOIL,2025-07-08,234.5,,,234.5,112452,2026-04-08T04:28:58.705995+00:00
257115,CONOIL,2025-07-09,234.5,,,234.5,11365,2026-04-08T04:29:01.058721+00:00
257235,CONOIL,2025-07-10,234.5,,,234.5,18554,2026-04-08T04:29:03.550316+00:00
257355,CONOIL,2025-07-11,234.5,,,234.5,15053,2026-04-08T04:29:06.089999+00:00
257475,CONOIL,2025-07-14,234.5,,,234.5,128720,2026-04-08T04:29:10.69196+00:00
257595,CONOIL,2025-07-16,234.5,,,234.5,67986,2026-04-08T04:29:14.112969+00:00
257715,CONOIL,2025-07-17,234.5,,,234.5,44241,2026-04-08T04:29:16.489777+00:00
257835,CONOIL,2025-07-18,234.5,,,234.5,134306,2026-04-08T04:29:18.854517+00:00
257955,CONOIL,2025-07-21,234.5,,,234.5,20713,2026-04-08T04:29:23.300994+00:00
258075,CONOIL,2025-07-22,234.5,,,234.5,26635,2026-04-08T04:29:25.922592+00:00
258195,CONOIL,2025-07-23,234.5,,,234.5,15647,2026-04-08T04:29:29.05968+00:00
258315,CONOIL,2025-07-24,234.5,,,234.5,19413,2026-04-08T04:29:31.486978+00:00
258435,CONOIL,2025-07-25,234.5,,,234.5,21504,2026-04-08T04:29:33.980938+00:00
258555,CONOIL,2025-07-28,234.5,,,234.5,101388,2026-04-08T04:29:38.78621+00:00
258674,CONOIL,2025-07-29,234.5,,,234.5,103232,2026-04-08T04:29:41.392621+00:00
258793,CONOIL,2025-07-30,234.5,,,234.5,7626,2026-04-08T04:29:43.881641+00:00
258912,CONOIL,2025-07-31,234.5,,,234.5,191467,2026-04-08T04:29:46.315218+00:00
259031,CONOIL,2025-08-01,234.5,,,234.5,26995,2026-04-08T04:29:48.711654+00:00
259149,CONOIL,2025-08-04,234.5,,,234.5,105634,2026-04-08T04:29:53.303607+00:00
259268,CONOIL,2025-08-05,234.5,,,234.5,186992,2026-04-08T04:29:55.780422+00:00
259387,CONOIL,2025-08-06,234.5,,,234.5,465945,2026-04-08T04:29:58.241852+00:00
259506,CONOIL,2025-08-07,234.5,,,234.5,428451,2026-04-08T04:30:00.56444+00:00
259625,CONOIL,2025-08-08,234.5,,,234.5,78159,2026-04-08T04:30:02.234883+00:00
259744,CONOIL,2025-08-11,234.5,,,234.5,765702,2026-04-08T04:30:07.037349+00:00
259863,CONOIL,2025-08-12,234.5,,,234.5,57408,2026-04-08T04:30:09.28323+00:00
259982,CONOIL,2025-08-13,234.5,,,234.5,437569,2026-04-08T04:30:11.815521+00:00
260101,CONOIL,2025-08-14,234.5,,,234.5,19212,2026-04-08T04:30:14.350221+00:00
260220,CONOIL,2025-08-15,234.5,,,234.5,12627,2026-04-08T04:30:16.786076+00:00
260339,CONOIL,2025-08-18,234.5,,,234.5,14312,2026-04-08T04:30:21.560319+00:00
260458,CONOIL,2025-08-19,234.5,,,234.5,146355,2026-04-08T04:30:23.869462+00:00
260577,CONOIL,2025-08-20,211.1,,,211.1,471091,2026-04-08T04:30:26.318672+00:00
260696,CONOIL,2025-08-21,211.1,,,211.1,21596,2026-04-08T04:30:28.670378+00:00
260815,CONOIL,2025-08-22,211.1,,,211.1,29953,2026-04-08T04:30:30.96965+00:00
260934,CONOIL,2025-08-25,211.1,,,211.1,33367,2026-04-08T04:30:35.521871+00:00
261053,CONOIL,2025-08-26,211.1,,,211.1,50279,2026-04-08T04:30:37.91594+00:00
261172,CONOIL,2025-08-27,211.1,,,211.1,38858,2026-04-08T04:30:40.231113+00:00
261291,CONOIL,2025-08-28,211.1,,,211.1,31529,2026-04-08T04:30:42.59826+00:00
261410,CONOIL,2025-08-29,211.1,,,211.1,20180,2026-04-08T04:30:45.09102+00:00
261529,CONOIL,2025-09-01,211.1,,,211.1,27960,2026-04-08T04:30:49.608802+00:00
261648,CONOIL,2025-09-02,211.1,,,211.1,31404,2026-04-08T04:30:52.312491+00:00
261767,CONOIL,2025-09-03,211.1,,,211.1,24324,2026-04-08T04:30:55.837007+00:00
261886,CONOIL,2025-09-04,211.1,,,211.1,67329,2026-04-08T04:30:58.198935+00:00
262005,CONOIL,2025-09-08,211.1,,,211.1,36138,2026-04-08T04:31:03.728068+00:00
262124,CONOIL,2025-09-09,211.1,,,211.1,23411,2026-04-08T04:31:06.294869+00:00
262243,CONOIL,2025-09-10,211.1,,,211.1,35997,2026-04-08T04:31:08.610575+00:00
262362,CONOIL,2025-09-11,211.1,,,211.1,26603,2026-04-08T04:31:10.974873+00:00
262481,CONOIL,2025-09-12,211.1,,,211.1,46902,2026-04-08T04:31:13.547359+00:00
262600,CONOIL,2025-09-15,211.1,,,211.1,27505,2026-04-08T04:31:18.268622+00:00
262719,CONOIL,2025-09-16,211.1,,,211.1,36305,2026-04-08T04:31:20.741189+00:00
262838,CONOIL,2025-09-17,211.1,,,211.1,69931,2026-04-08T04:31:23.24235+00:00
262957,CONOIL,2025-09-18,211.1,,,211.1,40564,2026-04-08T04:31:25.598019+00:00
263076,CONOIL,2025-09-19,211.1,,,211.1,186969,2026-04-08T04:31:28.111008+00:00
263195,CONOIL,2025-09-22,211.1,,,211.1,34628,2026-04-08T04:31:32.624882+00:00
263314,CONOIL,2025-09-23,211.1,,,211.1,46394,2026-04-08T04:31:35.170326+00:00
263433,CONOIL,2025-09-24,211.1,,,211.1,19085,2026-04-08T04:31:37.673105+00:00
263552,CONOIL,2025-09-25,211.1,,,211.1,15685,2026-04-08T04:31:40.100841+00:00
263671,CONOIL,2025-09-26,211.1,,,211.1,11180,2026-04-08T04:31:42.548783+00:00
263790,CONOIL,2025-09-29,211.1,,,211.1,81983,2026-04-08T04:31:47.029675+00:00
263909,CONOIL,2025-09-30,211.1,,,211.1,10898,2026-04-08T04:31:49.320364+00:00
264028,CONOIL,2025-10-02,211.1,,,211.1,24367,2026-04-08T04:31:52.706523+00:00
264147,CONOIL,2025-10-03,211.1,,,211.1,38808,2026-04-08T04:31:55.311341+00:00
264266,CONOIL,2025-10-06,211.1,,,211.1,133772,2026-04-08T04:31:59.803196+00:00
264385,CONOIL,2025-10-07,211.1,,,211.1,122386,2026-04-08T04:32:02.285104+00:00
264504,CONOIL,2025-10-08,211.1,,,211.1,40242,2026-04-08T04:32:04.646463+00:00
264623,CONOIL,2025-10-09,211.1,,,211.1,7879,2026-04-08T04:32:07.004133+00:00
264742,CONOIL,2025-10-10,211.1,,,211.1,6464,2026-04-08T04:32:10.69692+00:00
264861,CONOIL,2025-10-13,211.1,,,211.1,25890,2026-04-08T04:32:15.267586+00:00
264980,CONOIL,2025-10-14,211.1,,,211.1,7088,2026-04-08T04:32:17.792097+00:00
265099,CONOIL,2025-10-15,211.1,,,211.1,52884,2026-04-08T04:32:20.093513+00:00
265218,CONOIL,2025-10-16,211.1,,,211.1,60981,2026-04-08T04:32:22.728593+00:00
265337,CONOIL,2025-10-17,211.1,,,211.1,11989,2026-04-08T04:32:25.167177+00:00
265456,CONOIL,2025-10-20,202.5,,,202.5,213449,2026-04-08T04:32:29.532096+00:00
265575,CONOIL,2025-10-21,190.7,,,190.7,351961,2026-04-08T04:32:31.920152+00:00
265694,CONOIL,2025-10-22,190.7,,,190.7,38426,2026-04-08T04:32:34.332447+00:00
265813,CONOIL,2025-10-23,190.7,,,190.7,13653,2026-04-08T04:32:36.79914+00:00
265932,CONOIL,2025-10-24,190.7,,,190.7,33590,2026-04-08T04:32:39.249323+00:00
266051,CONOIL,2025-10-28,190.7,,,190.7,58970,2026-04-08T04:32:44.921336+00:00
266170,CONOIL,2025-10-29,190.7,,,190.7,14355,2026-04-08T04:32:47.450266+00:00
266289,CONOIL,2025-10-30,190.7,,,190.7,17778,2026-04-08T04:32:49.91761+00:00
266408,CONOIL,2025-10-31,190.7,,,190.7,35294,2026-04-08T04:32:52.375955+00:00
266527,CONOIL,2025-11-03,190.7,,,190.7,60907,2026-04-08T04:32:57.290654+00:00
266646,CONOIL,2025-11-04,190.7,,,190.7,75076,2026-04-08T04:32:59.739678+00:00
266765,CONOIL,2025-11-05,190.7,,,190.7,94574,2026-04-08T04:33:02.152799+00:00
266884,CONOIL,2025-11-06,190.7,,,190.7,36365,2026-04-08T04:33:04.646202+00:00
267003,CONOIL,2025-11-07,190.7,,,190.7,53819,2026-04-08T04:33:07.145499+00:00
267122,CONOIL,2025-11-10,190.7,,,190.7,28021,2026-04-08T04:33:11.744122+00:00
267241,CONOIL,2025-11-11,190.7,,,190.7,13589,2026-04-08T04:33:14.17228+00:00
267360,CONOIL,2025-11-12,190.7,,,190.7,25137,2026-04-08T04:33:16.719178+00:00
267479,CONOIL,2025-11-13,190.7,,,190.7,8784,2026-04-08T04:33:19.052814+00:00
267598,CONOIL,2025-11-14,190.7,,,190.7,78658,2026-04-08T04:33:21.762061+00:00
267717,CONOIL,2025-11-17,190.7,,,190.7,21175,2026-04-08T04:33:26.271116+00:00
267836,CONOIL,2025-11-18,190.7,,,190.7,32572,2026-04-08T04:33:29.067053+00:00
267955,CONOIL,2025-11-19,190.7,,,190.7,25382,2026-04-08T04:33:31.487527+00:00
268074,CONOIL,2025-11-20,190.7,,,190.7,4950,2026-04-08T04:33:33.887172+00:00
268193,CONOIL,2025-11-21,190.7,,,190.7,110285,2026-04-08T04:33:36.654129+00:00
268312,CONOIL,2025-11-24,190.7,,,190.7,15931,2026-04-08T04:33:41.368891+00:00
268431,CONOIL,2025-11-25,190.7,,,190.7,25618,2026-04-08T04:33:44.004166+00:00
268550,CONOIL,2025-11-26,187.2,,,187.2,21987,2026-04-08T04:33:46.260048+00:00
268669,CONOIL,2025-11-27,187.2,,,187.2,56728,2026-04-08T04:33:48.488035+00:00
268788,CONOIL,2025-11-28,187.2,,,187.2,13553,2026-04-08T04:33:50.826192+00:00
268907,CONOIL,2025-12-01,187.2,,,187.2,40658,2026-04-08T04:33:55.236541+00:00
269026,CONOIL,2025-12-02,187.2,,,187.2,8078,2026-04-08T04:33:57.748335+00:00
269145,CONOIL,2025-12-03,187.2,,,187.2,17142,2026-04-08T04:34:00.349419+00:00
269264,CONOIL,2025-12-04,187.2,,,187.2,26476,2026-04-08T04:34:03.142475+00:00
269383,CONOIL,2025-12-05,187.2,,,187.2,5376,2026-04-08T04:34:05.808951+00:00
269502,CONOIL,2025-12-08,187.2,,,187.2,87581,2026-04-08T04:34:10.334331+00:00
269621,CONOIL,2025-12-09,187.2,,,187.2,7429,2026-04-08T04:34:12.926221+00:00
269740,CONOIL,2025-12-10,187.2,,,187.2,43728,2026-04-08T04:34:15.295879+00:00
269859,CONOIL,2025-12-11,187.2,,,187.2,3979,2026-04-08T04:34:17.804745+00:00
269978,CONOIL,2025-12-12,187.2,,,187.2,81951,2026-04-08T04:34:20.615101+00:00
270097,CONOIL,2025-12-15,187.2,,,187.2,14315,2026-04-08T04:34:25.240467+00:00
270216,CONOIL,2025-12-16,187.2,,,187.2,13515,2026-04-08T04:34:27.867795+00:00
270335,CONOIL,2025-12-18,187.2,,,187.2,18511,2026-04-08T04:34:31.321522+00:00
270454,CONOIL,2025-12-19,187.2,,,187.2,30408,2026-04-08T04:34:33.771022+00:00
270573,CONOIL,2025-12-22,187.2,,,187.2,8133,2026-04-08T04:34:38.115277+00:00
270692,CONOIL,2025-12-23,187.2,,,187.2,13705,2026-04-08T04:34:40.661369+00:00
270811,CONOIL,2025-12-24,187.2,,,187.2,6325,2026-04-08T04:34:43.221402+00:00
270930,CONOIL,2025-12-29,187.2,,,187.2,98018,2026-04-08T04:34:48.902152+00:00
271049,CONOIL,2025-12-30,187.2,,,187.2,41594,2026-04-08T04:34:51.359097+00:00
271168,CONOIL,2025-12-31,187.2,,,187.2,14257,2026-04-08T04:34:53.061316+00:00
271287,CONOIL,2026-01-02,187.2,,,187.2,13684,2026-04-08T04:34:56.467348+00:00
271406,CONOIL,2026-01-05,187.2,,,187.2,56472,2026-04-08T04:35:01.008466+00:00
271525,CONOIL,2026-01-06,187.2,,,187.2,87194,2026-04-08T04:35:03.366972+00:00
271644,CONOIL,2026-01-07,187.2,,,187.2,41829,2026-04-08T04:35:05.819661+00:00
271763,CONOIL,2026-01-08,169.0,,,169.0,210542,2026-04-08T04:35:08.163488+00:00
271882,CONOIL,2026-01-09,169.0,,,169.0,44991,2026-04-08T04:35:10.591402+00:00
272001,CONOIL,2026-01-12,169.0,,,169.0,102202,2026-04-08T04:35:15.220756+00:00
272120,CONOIL,2026-01-13,169.0,,,169.0,29563,2026-04-08T04:35:17.864544+00:00
272239,CONOIL,2026-01-14,169.0,,,169.0,72411,2026-04-08T04:35:20.278959+00:00
272358,CONOIL,2026-01-15,169.0,,,169.0,98805,2026-04-08T04:35:23.159853+00:00
272477,CONOIL,2026-01-16,169.0,,,169.0,45108,2026-04-08T04:35:25.571119+00:00
272596,CONOIL,2026-01-19,169.0,,,169.0,84396,2026-04-08T04:35:30.272746+00:00
272715,CONOIL,2026-01-20,169.0,,,169.0,50364,2026-04-08T04:35:32.536083+00:00
272835,CONOIL,2026-01-21,169.0,,,169.0,50740,2026-04-08T04:35:34.90344+00:00
272955,CONOIL,2026-01-22,169.0,,,169.0,159741,2026-04-08T04:35:36.566163+00:00
273075,CONOIL,2026-01-23,169.0,,,169.0,16328,2026-04-08T04:35:38.92405+00:00
273195,CONOIL,2026-01-26,169.0,,,169.0,28010,2026-04-08T04:35:43.383975+00:00
273315,CONOIL,2026-01-27,169.0,,,169.0,42004,2026-04-08T04:35:45.70946+00:00
273435,CONOIL,2026-01-28,169.0,,,169.0,35239,2026-04-08T04:35:48.193808+00:00
273555,CONOIL,2026-01-29,169.0,,,169.0,17505,2026-04-08T04:35:50.479528+00:00
273675,CONOIL,2026-01-30,169.0,,,169.0,95254,2026-04-08T04:35:52.855058+00:00
273795,CONOIL,2026-02-02,169.0,,,169.0,34418,2026-04-08T04:35:57.524813+00:00
273915,CONOIL,2026-02-03,169.0,,,169.0,34106,2026-04-08T04:36:00.137559+00:00
274035,CONOIL,2026-02-04,169.0,,,169.0,106731,2026-04-08T04:36:02.592569+00:00
274155,CONOIL,2026-02-05,169.0,,,169.0,21717,2026-04-08T04:36:04.997535+00:00
274275,CONOIL,2026-02-06,169.0,,,169.0,25713,2026-04-08T04:36:07.533957+00:00
28,CONOIL,2026-02-08,,,,169.0,25713,2026-02-08T00:18:13.946+00:00
274395,CONOIL,2026-02-09,169.0,,,169.0,34440,2026-04-08T04:36:12.456447+00:00
274515,CONOIL,2026-02-10,169.0,,,169.0,28785,2026-04-08T04:36:14.818506+00:00
274635,CONOIL,2026-02-11,169.0,,,169.0,35219,2026-04-08T04:36:17.460702+00:00
206,CONOIL,2026-02-12,169.0,,,169.0,35041,2026-02-12T09:23:50.72465+00:00
274875,CONOIL,2026-02-13,169.0,,,169.0,43058,2026-04-08T04:36:22.38356+00:00
274995,CONOIL,2026-02-16,169.0,,,169.0,75263,2026-04-08T04:36:26.879081+00:00
275115,CONOIL,2026-02-17,169.0,,,169.0,30450,2026-04-08T04:36:29.440312+00:00
275235,CONOIL,2026-02-18,169.0,,,169.0,83057,2026-04-08T04:36:31.166521+00:00
275355,CONOIL,2026-02-19,169.0,,,169.0,14553,2026-04-08T04:36:33.575564+00:00
522,CONOIL,2026-02-20,169.0,,,169.0,25700,2026-02-20T23:15:44.934622+00:00
670,CONOIL,2026-02-23,169.0,,,169.0,54259,2026-02-23T07:00:01.990412+00:00
818,CONOIL,2026-02-24,169.0,,,169.0,86494,2026-02-24T07:00:01.929914+00:00
966,CONOIL,2026-02-25,169.0,,,169.0,84184,2026-02-25T07:00:01.953057+00:00
1114,CONOIL,2026-02-26,169.0,,,169.0,236538,2026-02-26T07:00:01.915173+00:00
1802,CONOIL,2026-02-27,169.0,,,169.0,18079,2026-02-27T07:00:02.056517+00:00
2683,CONOIL,2026-02-28,169.0,,,169.0,18079,2026-02-28T18:00:03.453641+00:00
2831,CONOIL,2026-03-01,169.0,,,169.0,18079,2026-03-01T18:00:03.821122+00:00
2979,CONOIL,2026-03-02,169.0,,,169.0,55877,2026-03-02T07:00:01.981706+00:00
3943,CONOIL,2026-03-03,169.0,,,169.0,55802,2026-03-03T07:00:01.858909+00:00
5380,CONOIL,2026-03-04,169.0,,,169.0,47037,2026-03-04T07:00:02.010027+00:00
7098,CONOIL,2026-03-05,169.0,,,169.0,44391,2026-03-05T07:00:02.0033+00:00
9614,CONOIL,2026-03-06,169.0,,,169.0,146750,2026-03-06T07:00:02.033178+00:00
11272,CONOIL,2026-03-07,169.0,,,169.0,146750,2026-03-07T18:00:06.285951+00:00
11420,CONOIL,2026-03-08,169.0,,,169.0,146750,2026-03-08T18:00:03.574352+00:00
11568,CONOIL,2026-03-09,185.9,,,185.9,1157020,2026-03-09T07:00:02.016534+00:00
14084,CONOIL,2026-03-10,204.4,,,204.4,1358772,2026-03-10T07:00:03.966079+00:00
15924,CONOIL,2026-03-11,204.4,,,204.4,439876,2026-03-11T07:00:02.147117+00:00
17640,CONOIL,2026-03-12,204.4,,,204.4,266930,2026-03-12T07:00:02.06753+00:00
20156,CONOIL,2026-03-13,204.4,,,204.4,266930,2026-03-13T07:00:01.993197+00:00
23602,CONOIL,2026-03-16,204.4,,,204.4,138517,2026-03-16T08:30:01.80086+00:00
25433,CONOIL,2026-03-17,204.4,,,204.4,211867,2026-03-17T08:30:01.70448+00:00
27296,CONOIL,2026-03-18,204.4,,,204.4,62433,2026-03-18T08:30:01.732403+00:00
33110,CONOIL,2026-03-23,204.4,,,204.4,71887,2026-03-23T08:30:01.705825+00:00
34688,CONOIL,2026-03-24,204.4,,,204.4,115911,2026-03-24T15:00:01.978259+00:00
34836,CONOIL,2026-03-25,204.4,,,204.4,42432,2026-03-25T15:00:01.528164+00:00
34984,CONOIL,2026-03-26,204.4,,,204.4,178488,2026-03-26T15:00:01.955832+00:00
35132,CONOIL,2026-03-27,204.4,,,204.4,60362,2026-03-27T15:00:02.114662+00:00
278235,CONOIL,2026-03-30,204.4,,,204.4,26585,2026-04-08T04:37:47.74327+00:00
35280,CONOIL,2026-03-31,204.4,,,204.4,48673,2026-03-31T15:00:02.085058+00:00
278475,CONOIL,2026-04-01,204.4,,,204.4,60109,2026-04-08T04:37:52.684906+00:00
35428,CONOIL,2026-04-02,204.4,,,204.4,168315,2026-04-02T15:00:01.864809+00:00
35872,CONOIL,2026-04-07,204.4,,,204.4,43947,2026-04-07T15:00:01.949344+00:00
278769,CONOIL,2026-04-08,204.4,,,204.4,44549,2026-04-08T15:00:01.943007+00:00
278917,CONOIL,2026-04-09,204.4,,,204.4,22257,2026-04-09T15:00:02.085141+00:00
279063,CONOIL,2026-04-10,204.4,,,204.4,117513,2026-04-10T15:00:01.352272+00:00
279209,CONOIL,2026-04-13,204.4,,,204.4,189375,2026-04-13T15:00:02.021173+00:00
279355,CONOIL,2026-04-14,204.4,,,204.4,101924,2026-04-14T15:00:02.477878+00:00
279501,CONOIL,2026-04-15,190.5,,,190.5,215938,2026-04-15T15:00:02.184222+00:00
279647,CONOIL,2026-04-16,194.0,,,194.0,193189,2026-04-16T15:00:02.07143+00:00
279793,CONOIL,2026-04-17,194.0,,,194.0,179155,2026-04-17T15:00:02.06245+00:00
279939,CONOIL,2026-04-20,194.0,,,194.0,281426,2026-04-20T15:00:01.862344+00:00
280085,CONOIL,2026-04-21,194.0,,,194.0,83658,2026-04-21T15:00:02.189846+00:00
280231,CONOIL,2026-04-22,194.0,,,194.0,118153,2026-04-22T15:00:02.200159+00:00
280377,CONOIL,2026-04-23,194.0,,,194.0,111472,2026-04-23T15:00:02.125151+00:00
280523,CONOIL,2026-04-24,194.0,,,194.0,30348,2026-04-24T15:00:02.20649+00:00
280669,CONOIL,2026-04-27,194.0,,,194.0,99742,2026-04-27T15:00:02.034997+00:00
280815,CONOIL,2026-04-28,194.0,,,194.0,57331,2026-04-28T15:00:01.918241+00:00
280961,CONOIL,2026-04-29,194.0,,,194.0,53243,2026-04-29T15:00:02.672724+00:00
281107,CONOIL,2026-04-30,194.0,,,194.0,148778,2026-04-30T15:00:02.170664+00:00
281399,CONOIL,2026-05-04,194.0,,,194.0,139372,2026-05-04T15:00:02.156928+00:00
281545,CONOIL,2026-05-05,194.0,,,194.0,180028,2026-05-05T15:00:01.930748+00:00
281691,CONOIL,2026-05-06,194.0,,,194.0,76484,2026-05-06T15:00:01.919787+00:00
281837,CONOIL,2026-05-07,194.0,,,194.0,21820,2026-05-07T15:00:01.995523+00:00
281983,CONOIL,2026-05-08,194.0,,,194.0,328392,2026-05-08T15:00:02.118161+00:00
282129,CONOIL,2026-05-11,194.0,,,194.0,62812,2026-05-11T15:00:02.243132+00:00
282275,CONOIL,2026-05-12,194.0,,,194.0,43147,2026-05-12T15:00:02.325735+00:00
282421,CONOIL,2026-05-13,194.0,,,194.0,20467,2026-05-13T15:00:01.887561+00:00
282567,CONOIL,2026-05-14,194.0,,,194.0,48336,2026-05-14T15:00:01.952989+00:00
282713,CONOIL,2026-05-15,194.0,,,194.0,31799,2026-05-15T15:00:01.871578+00:00
282859,CONOIL,2026-05-18,194.0,,,194.0,44646,2026-05-18T15:00:01.868607+00:00
283005,CONOIL,2026-05-19,194.0,,,194.0,36192,2026-05-19T15:00:01.863653+00:00
283151,CONOIL,2026-05-20,194.0,,,194.0,44113,2026-05-20T15:00:01.871845+00:00
283297,CONOIL,2026-05-21,194.0,,,194.0,55892,2026-05-21T15:00:01.939198+00:00
283443,CONOIL,2026-05-22,194.0,,,194.0,17998,2026-05-22T15:00:02.031345+00:00
283589,CONOIL,2026-05-25,194.0,,,194.0,48120,2026-05-25T15:00:01.979384+00:00
283735,CONOIL,2026-05-26,194.0,,,194.0,43569,2026-05-26T15:00:01.996051+00:00
284173,CONOIL,2026-05-29,194.0,,,194.0,40074,2026-05-29T15:00:02.455558+00:00
284319,CONOIL,2026-06-01,194.0,,,194.0,35842,2026-06-01T15:00:02.603507+00:00
284465,CONOIL,2026-06-02,194.0,,,194.0,33247,2026-06-02T15:00:02.980523+00:00
284611,CONOIL,2026-06-03,194.0,,,194.0,18326,2026-06-03T15:00:03.023028+00:00
284757,CONOIL,2026-06-04,194.0,,,194.0,62434,2026-06-04T15:00:03.321931+00:00
284903,CONOIL,2026-06-05,194.0,,,194.0,14558,2026-06-05T15:00:03.073061+00:00
285049,CONOIL,2026-06-08,194.0,,,194.0,28695,2026-06-08T15:00:03.135386+00:00
285195,CONOIL,2026-06-09,194.0,,,194.0,40302,2026-06-09T15:00:03.53749+00:00
285341,CONOIL,2026-06-10,194.0,,,194.0,49290,2026-06-10T15:10:03.084397+00:00
285779,CONOIL,2026-06-11,194.0,,,194.0,49378,2026-06-11T15:10:02.991492+00:00
287531,CONOIL,2026-06-15,194.0,,,194.0,38908,2026-06-15T15:10:02.896252+00:00
288407,CONOIL,2026-06-16,213.0,,,213.0,443395,2026-06-16T15:10:02.87997+00:00
289283,CONOIL,2026-06-17,210.0,,,210.0,3205690,2026-06-17T15:10:02.980097+00:00
289721,CONOIL,2026-06-18,210.0,,,210.0,42886,2026-06-18T15:10:02.932064+00:00
290305,CONOIL,2026-06-19,210.0,,,210.0,93773,2026-06-19T15:10:02.959085+00:00
291035,CONOIL,2026-06-22,210.0,,,210.0,25917,2026-06-22T15:10:03.140564+00:00
291619,CONOIL,2026-06-23,210.0,,,210.0,42898,2026-06-23T15:10:03.017319+00:00
292203,CONOIL,2026-06-24,210.0,,,210.0,78563,2026-06-24T15:10:03.053149+00:00
292787,CONOIL,2026-06-25,210.0,,,210.0,27045,2026-06-25T15:10:02.973562+00:00
293225,CONOIL,2026-06-26,210.0,,,210.0,28896,2026-06-26T15:10:03.012808+00:00
293663,CONOIL,2026-06-29,210.0,,,210.0,22910,2026-06-29T15:10:03.028054+00:00
294102,CONOIL,2026-06-30,210.0,,,210.0,16038,2026-06-30T15:10:03.08168+00:00
294540,CONOIL,2026-07-01,210.0,,,210.0,31038,2026-07-01T15:10:03.133226+00:00
294978,CONOIL,2026-07-02,210.0,,,210.0,187158,2026-07-02T15:10:03.065554+00:00
295416,CONOIL,2026-07-03,210.0,,,210.0,17349,2026-07-03T15:10:03.019266+00:00
295854,CONOIL,2026-07-06,210.0,,,210.0,20332,2026-07-06T15:10:03.100823+00:00
296292,CONOIL,2026-07-07,210.0,,,210.0,21529,2026-07-07T15:10:03.687653+00:00
296730,CONOIL,2026-07-08,210.0,,,210.0,18972,2026-07-08T15:10:02.922872+00:00
297168,CONOIL,2026-07-09,210.0,,,210.0,27781,2026-07-09T15:10:03.041812+00:00
297606,CONOIL,2026-07-10,210.0,,,210.0,61813,2026-07-10T15:10:03.284445+00:00
298044,CONOIL,2026-07-13,210.0,,,210.0,51008,2026-07-13T15:10:02.995074+00:00
298482,CONOIL,2026-07-14,210.0,,,210.0,27103,2026-07-14T15:10:03.094441+00:00
298920,CONOIL,2026-07-15,210.0,,,210.0,66493,2026-07-15T15:10:03.078609+00:00
299358,CONOIL,2026-07-16,210.0,,,210.0,17977,2026-07-16T15:10:03.113936+00:00
299796,CONOIL,2026-07-17,210.0,,,210.0,13122,2026-07-17T15:10:03.053983+00:00
