id,symbol,trade_date,open_price,high_price,low_price,close_price,volume,created_at
81309,CORNERST,2018-09-11,0.25,,,0.25,411404,2026-04-08T03:07:53.572062+00:00
81411,CORNERST,2018-09-12,0.25,,,0.25,91601,2026-04-08T03:07:56.190409+00:00
81513,CORNERST,2018-09-13,0.24,,,0.24,156255,2026-04-08T03:07:58.529226+00:00
81615,CORNERST,2018-09-14,0.24,,,0.24,35900,2026-04-08T03:08:00.944137+00:00
81717,CORNERST,2018-09-17,0.23,,,0.23,206973,2026-04-08T03:08:05.572353+00:00
81819,CORNERST,2018-09-18,0.21,,,0.21,1485449,2026-04-08T03:08:07.840784+00:00
81921,CORNERST,2018-09-19,0.2,,,0.2,282850,2026-04-08T03:08:10.07554+00:00
82023,CORNERST,2018-09-20,0.2,,,0.2,610060,2026-04-08T03:08:12.389642+00:00
82125,CORNERST,2018-09-21,0.2,,,0.2,575650,2026-04-08T03:08:14.761127+00:00
82227,CORNERST,2018-09-24,0.2,,,0.2,200000,2026-04-08T03:08:19.182113+00:00
82329,CORNERST,2018-09-25,0.2,,,0.2,0,2026-04-08T03:08:21.370615+00:00
82431,CORNERST,2018-09-26,0.2,,,0.2,2200,2026-04-08T03:08:24.494451+00:00
82533,CORNERST,2018-09-27,0.2,,,0.2,2300000,2026-04-08T03:08:26.812803+00:00
82635,CORNERST,2018-09-28,0.2,,,0.2,200,2026-04-08T03:08:29.283021+00:00
82737,CORNERST,2018-10-02,0.2,,,0.2,197600,2026-04-08T03:08:34.887787+00:00
82839,CORNERST,2018-10-04,0.2,,,0.2,24600,2026-04-08T03:08:38.279141+00:00
82941,CORNERST,2018-10-05,0.2,,,0.2,1229505,2026-04-08T03:08:40.455926+00:00
83043,CORNERST,2018-10-08,0.2,,,0.2,1640325,2026-04-08T03:08:45.286665+00:00
83145,CORNERST,2018-10-09,0.22,,,0.22,224505,2026-04-08T03:08:47.584215+00:00
83247,CORNERST,2018-10-10,0.22,,,0.22,3372,2026-04-08T03:08:50.198924+00:00
83349,CORNERST,2018-10-11,0.22,,,0.22,10160,2026-04-08T03:08:52.595743+00:00
83451,CORNERST,2018-10-12,0.22,,,0.22,100,2026-04-08T03:08:54.923298+00:00
83553,CORNERST,2018-10-15,0.22,,,0.22,1400,2026-04-08T03:08:59.688494+00:00
83655,CORNERST,2018-10-16,0.22,,,0.22,200,2026-04-08T03:09:01.98694+00:00
83757,CORNERST,2018-10-17,0.22,,,0.22,1000,2026-04-08T03:09:04.302348+00:00
83859,CORNERST,2018-10-18,0.22,,,0.22,91800,2026-04-08T03:09:06.644992+00:00
83961,CORNERST,2018-10-19,0.22,,,0.22,0,2026-04-08T03:09:09.038287+00:00
84063,CORNERST,2018-10-22,0.22,,,0.22,60800,2026-04-08T03:09:13.967+00:00
84165,CORNERST,2018-10-23,0.22,,,0.22,32000,2026-04-08T03:09:16.194722+00:00
84267,CORNERST,2018-10-24,0.22,,,0.22,1400,2026-04-08T03:09:18.448083+00:00
84369,CORNERST,2018-10-25,0.22,,,0.22,0,2026-04-08T03:09:20.631413+00:00
84471,CORNERST,2018-10-26,0.22,,,0.22,30100,2026-04-08T03:09:23.109094+00:00
84573,CORNERST,2018-10-29,0.22,,,0.22,4000,2026-04-08T03:09:27.901396+00:00
84675,CORNERST,2018-10-30,0.22,,,0.22,5000,2026-04-08T03:09:30.377337+00:00
84777,CORNERST,2018-10-31,0.22,,,0.22,0,2026-04-08T03:09:32.658485+00:00
84879,CORNERST,2018-11-01,0.22,,,0.22,0,2026-04-08T03:09:35.048509+00:00
84981,CORNERST,2018-11-02,0.22,,,0.22,0,2026-04-08T03:09:37.41202+00:00
85083,CORNERST,2018-11-05,0.22,,,0.22,0,2026-04-08T03:09:41.998643+00:00
85185,CORNERST,2018-11-06,0.22,,,0.22,50,2026-04-08T03:09:44.485046+00:00
85287,CORNERST,2018-11-08,0.22,,,0.22,0,2026-04-08T03:09:47.843283+00:00
85389,CORNERST,2018-11-09,0.22,,,0.22,100050,2026-04-08T03:09:50.169754+00:00
85491,CORNERST,2018-11-12,0.22,,,0.22,667,2026-04-08T03:09:54.975549+00:00
85593,CORNERST,2018-11-13,0.22,,,0.22,38,2026-04-08T03:09:57.558923+00:00
85695,CORNERST,2018-11-14,0.22,,,0.22,238,2026-04-08T03:09:59.910116+00:00
85797,CORNERST,2018-11-15,0.22,,,0.22,200,2026-04-08T03:10:02.252366+00:00
85899,CORNERST,2018-11-16,0.22,,,0.22,60,2026-04-08T03:10:04.527169+00:00
86001,CORNERST,2018-11-19,0.22,,,0.22,80000,2026-04-08T03:10:09.122468+00:00
86103,CORNERST,2018-11-21,0.22,,,0.22,0,2026-04-08T03:10:12.622729+00:00
86205,CORNERST,2018-11-22,0.22,,,0.22,4575,2026-04-08T03:10:14.989948+00:00
86307,CORNERST,2018-11-23,0.22,,,0.22,0,2026-04-08T03:10:17.221139+00:00
86409,CORNERST,2018-11-26,0.22,,,0.22,10000,2026-04-08T03:10:22.142454+00:00
86511,CORNERST,2018-11-27,0.22,,,0.22,0,2026-04-08T03:10:24.421595+00:00
86613,CORNERST,2018-11-28,0.22,,,0.22,60000,2026-04-08T03:10:26.708398+00:00
86715,CORNERST,2018-11-29,0.22,,,0.22,2000,2026-04-08T03:10:29.255332+00:00
86817,CORNERST,2018-11-30,0.22,,,0.22,9940,2026-04-08T03:10:32.706086+00:00
86919,CORNERST,2018-12-03,0.22,,,0.22,2000,2026-04-08T03:10:37.185914+00:00
87021,CORNERST,2018-12-04,0.22,,,0.22,0,2026-04-08T03:10:39.607482+00:00
87123,CORNERST,2018-12-05,0.22,,,0.22,0,2026-04-08T03:10:42.037497+00:00
87225,CORNERST,2018-12-06,0.22,,,0.22,16000,2026-04-08T03:10:44.312069+00:00
87327,CORNERST,2018-12-07,0.22,,,0.22,1000,2026-04-08T03:10:46.663078+00:00
87429,CORNERST,2018-12-10,0.2,,,0.2,200400,2026-04-08T03:10:51.346822+00:00
87531,CORNERST,2018-12-11,0.2,,,0.2,100100,2026-04-08T03:10:53.613329+00:00
87633,CORNERST,2018-12-12,0.2,,,0.2,5140,2026-04-08T03:10:55.983376+00:00
87735,CORNERST,2018-12-13,0.2,,,0.2,1660,2026-04-08T03:10:58.622726+00:00
87837,CORNERST,2018-12-17,0.2,,,0.2,0,2026-04-08T03:11:04.071168+00:00
87938,CORNERST,2018-12-18,0.2,,,0.2,6689121,2026-04-08T03:11:06.547404+00:00
88039,CORNERST,2018-12-19,0.2,,,0.2,55000,2026-04-08T03:11:08.930184+00:00
88140,CORNERST,2018-12-21,0.2,,,0.2,19801,2026-04-08T03:11:13.038597+00:00
88241,CORNERST,2018-12-24,0.2,,,0.2,120500,2026-04-08T03:11:17.396489+00:00
88343,CORNERST,2018-12-31,0.2,,,0.2,519600,2026-04-08T03:11:26.963749+00:00
88445,CORNERST,2019-01-04,0.2,,,0.2,67450,2026-04-08T03:11:33.101723+00:00
88547,CORNERST,2019-01-07,0.2,,,0.2,19500,2026-04-08T03:11:37.396019+00:00
88649,CORNERST,2019-01-08,0.2,,,0.2,67600,2026-04-08T03:11:39.720871+00:00
88751,CORNERST,2019-01-09,0.2,,,0.2,1944900,2026-04-08T03:11:42.122758+00:00
88853,CORNERST,2019-01-10,0.2,,,0.2,0,2026-04-08T03:11:44.4712+00:00
88955,CORNERST,2019-01-11,0.22,,,0.22,1700000,2026-04-08T03:11:46.864498+00:00
89057,CORNERST,2019-01-14,0.22,,,0.22,174272,2026-04-08T03:11:51.386431+00:00
89159,CORNERST,2019-01-15,0.22,,,0.22,11400,2026-04-08T03:11:53.781694+00:00
89261,CORNERST,2019-01-16,0.22,,,0.22,1100,2026-04-08T03:11:56.273278+00:00
89363,CORNERST,2019-01-17,0.2,,,0.2,333295,2026-04-08T03:11:58.633279+00:00
89465,CORNERST,2019-01-18,0.2,,,0.2,1086972,2026-04-08T03:12:01.678716+00:00
89567,CORNERST,2019-01-21,0.2,,,0.2,4580,2026-04-08T03:12:06.146982+00:00
89669,CORNERST,2019-01-22,0.2,,,0.2,10000,2026-04-08T03:12:26.450353+00:00
89771,CORNERST,2019-01-23,0.2,,,0.2,474840,2026-04-08T03:12:28.985884+00:00
89873,CORNERST,2019-01-24,0.21,,,0.21,3606628,2026-04-08T03:12:31.471104+00:00
89975,CORNERST,2019-01-25,0.21,,,0.21,9000,2026-04-08T03:12:33.831732+00:00
90077,CORNERST,2019-01-28,0.21,,,0.21,84500,2026-04-08T03:12:38.324+00:00
90179,CORNERST,2019-01-29,0.2,,,0.2,147000,2026-04-08T03:12:40.769031+00:00
90281,CORNERST,2019-01-30,0.22,,,0.22,236100,2026-04-08T03:12:43.207065+00:00
90383,CORNERST,2019-01-31,0.22,,,0.22,78174,2026-04-08T03:12:45.452606+00:00
90485,CORNERST,2019-02-01,0.2,,,0.2,1065665,2026-04-08T03:12:47.65569+00:00
90587,CORNERST,2019-02-04,0.2,,,0.2,15818,2026-04-08T03:12:52.008801+00:00
90689,CORNERST,2019-02-05,0.2,,,0.2,19400,2026-04-08T03:12:54.428036+00:00
90791,CORNERST,2019-02-06,0.21,,,0.21,584397,2026-04-08T03:12:56.795589+00:00
90893,CORNERST,2019-02-07,0.21,,,0.21,45000,2026-04-08T03:12:59.333395+00:00
90995,CORNERST,2019-02-08,0.2,,,0.2,591050,2026-04-08T03:13:01.766173+00:00
91097,CORNERST,2019-02-11,0.2,,,0.2,988000,2026-04-08T03:13:07.807824+00:00
91199,CORNERST,2019-02-12,0.21,,,0.21,514553,2026-04-08T03:13:10.389121+00:00
91301,CORNERST,2019-02-13,0.21,,,0.21,700500,2026-04-08T03:13:13.120558+00:00
91403,CORNERST,2019-02-14,0.21,,,0.21,51950,2026-04-08T03:13:15.610167+00:00
91505,CORNERST,2019-02-15,0.2,,,0.2,399280,2026-04-08T03:13:17.960235+00:00
91607,CORNERST,2019-02-18,0.2,,,0.2,553723,2026-04-08T03:13:22.383964+00:00
91709,CORNERST,2019-02-19,0.21,,,0.21,2116202,2026-04-08T03:13:24.617569+00:00
91811,CORNERST,2019-02-20,0.21,,,0.21,15758616,2026-04-08T03:13:26.870792+00:00
91913,CORNERST,2019-02-22,0.21,,,0.21,26647973,2026-04-08T03:13:30.442816+00:00
92015,CORNERST,2019-02-25,0.21,,,0.21,2226019,2026-04-08T03:13:35.015549+00:00
92117,CORNERST,2019-02-26,0.22,,,0.22,1392500,2026-04-08T03:13:37.412672+00:00
92219,CORNERST,2019-02-27,0.23,,,0.23,411500,2026-04-08T03:13:39.910522+00:00
92321,CORNERST,2019-02-28,0.23,,,0.23,102339,2026-04-08T03:13:42.435587+00:00
92423,CORNERST,2019-03-01,0.25,,,0.25,2367798,2026-04-08T03:13:44.810709+00:00
92525,CORNERST,2019-03-04,0.25,,,0.25,94400,2026-04-08T03:13:49.353535+00:00
92627,CORNERST,2019-03-05,0.25,,,0.25,10000,2026-04-08T03:13:51.846242+00:00
92729,CORNERST,2019-03-06,0.25,,,0.25,0,2026-04-08T03:13:54.267269+00:00
92831,CORNERST,2019-03-07,0.23,,,0.23,121739,2026-04-08T03:13:56.544072+00:00
92933,CORNERST,2019-03-08,0.23,,,0.23,594270,2026-04-08T03:13:58.936546+00:00
93035,CORNERST,2019-03-11,0.21,,,0.21,251050,2026-04-08T03:14:03.582539+00:00
93137,CORNERST,2019-03-12,0.21,,,0.21,166126,2026-04-08T03:14:06.149716+00:00
93239,CORNERST,2019-03-13,0.21,,,0.21,106900,2026-04-08T03:14:08.562819+00:00
93341,CORNERST,2019-03-14,0.21,,,0.21,239453,2026-04-08T03:14:10.990955+00:00
93443,CORNERST,2019-03-15,0.21,,,0.21,14000,2026-04-08T03:14:13.413527+00:00
93545,CORNERST,2019-03-18,0.21,,,0.21,1923012,2026-04-08T03:14:17.594172+00:00
93647,CORNERST,2019-03-19,0.21,,,0.21,149430,2026-04-08T03:14:19.883177+00:00
93749,CORNERST,2019-03-20,0.21,,,0.21,88390,2026-04-08T03:14:22.215184+00:00
93851,CORNERST,2019-03-21,0.21,,,0.21,231780,2026-04-08T03:14:24.469396+00:00
93953,CORNERST,2019-03-22,0.21,,,0.21,207400,2026-04-08T03:14:26.929153+00:00
94055,CORNERST,2019-03-25,0.21,,,0.21,199000,2026-04-08T03:14:31.400562+00:00
94157,CORNERST,2019-03-26,0.21,,,0.21,209156,2026-04-08T03:14:33.80485+00:00
94259,CORNERST,2019-03-27,0.21,,,0.21,1365000,2026-04-08T03:14:36.122563+00:00
94361,CORNERST,2019-03-28,0.22,,,0.22,330000,2026-04-08T03:14:38.612625+00:00
94463,CORNERST,2019-03-29,0.21,,,0.21,304982,2026-04-08T03:14:41.061692+00:00
94564,CORNERST,2019-04-01,0.2,,,0.2,1574383,2026-04-08T03:14:45.528331+00:00
94665,CORNERST,2019-04-02,0.2,,,0.2,992312,2026-04-08T03:14:47.809526+00:00
94766,CORNERST,2019-04-03,0.21,,,0.21,1297337,2026-04-08T03:14:50.124237+00:00
94867,CORNERST,2019-04-04,0.22,,,0.22,203291,2026-04-08T03:14:52.417245+00:00
94968,CORNERST,2019-04-05,0.22,,,0.22,236489,2026-04-08T03:14:54.739567+00:00
95069,CORNERST,2019-04-08,0.21,,,0.21,575268,2026-04-08T03:14:59.01768+00:00
95170,CORNERST,2019-04-09,0.21,,,0.21,223421,2026-04-08T03:15:01.233247+00:00
95271,CORNERST,2019-04-10,0.2,,,0.2,512292,2026-04-08T03:15:03.446976+00:00
95372,CORNERST,2019-04-11,0.2,,,0.2,10736334,2026-04-08T03:15:05.608759+00:00
95473,CORNERST,2019-04-12,0.2,,,0.2,10100,2026-04-08T03:15:07.869644+00:00
95574,CORNERST,2019-04-15,0.2,,,0.2,109069,2026-04-08T03:15:12.360876+00:00
95675,CORNERST,2019-04-16,0.2,,,0.2,1300,2026-04-08T03:15:14.69338+00:00
95776,CORNERST,2019-04-17,0.2,,,0.2,605000,2026-04-08T03:15:16.974822+00:00
95877,CORNERST,2019-04-18,0.2,,,0.2,21000,2026-04-08T03:15:19.360663+00:00
95978,CORNERST,2019-04-23,0.2,,,0.2,53700,2026-04-08T03:15:26.04373+00:00
96080,CORNERST,2019-04-24,0.2,,,0.2,1227192,2026-04-08T03:15:28.31166+00:00
96182,CORNERST,2019-04-25,0.2,,,0.2,6400010,2026-04-08T03:15:30.603437+00:00
96284,CORNERST,2019-04-26,0.2,,,0.2,56972,2026-04-08T03:15:32.816712+00:00
96386,CORNERST,2019-04-29,0.2,,,0.2,562020,2026-04-08T03:15:37.198623+00:00
96488,CORNERST,2019-04-30,0.2,,,0.2,148542,2026-04-08T03:15:39.499507+00:00
96590,CORNERST,2019-05-02,0.2,,,0.2,1022430,2026-04-08T03:15:42.839166+00:00
96692,CORNERST,2019-05-03,0.2,,,0.2,70320,2026-04-08T03:15:45.02286+00:00
96794,CORNERST,2019-05-06,0.2,,,0.2,966649,2026-04-08T03:15:49.380478+00:00
96896,CORNERST,2019-05-07,0.2,,,0.2,7001653,2026-04-08T03:15:51.609622+00:00
96998,CORNERST,2019-05-08,0.2,,,0.2,811518,2026-04-08T03:15:53.912422+00:00
97100,CORNERST,2019-05-09,0.2,,,0.2,199230,2026-04-08T03:15:56.308435+00:00
97202,CORNERST,2019-05-10,0.2,,,0.2,509300,2026-04-08T03:15:58.65517+00:00
97304,CORNERST,2019-05-13,0.2,,,0.2,1002000,2026-04-08T03:16:02.955985+00:00
97406,CORNERST,2019-05-14,0.2,,,0.2,12100,2026-04-08T03:16:05.427951+00:00
97508,CORNERST,2019-05-15,0.2,,,0.2,1011392,2026-04-08T03:16:07.709974+00:00
97610,CORNERST,2019-05-16,0.2,,,0.2,111978,2026-04-08T03:16:09.947696+00:00
97712,CORNERST,2019-05-17,0.2,,,0.2,25000,2026-04-08T03:16:12.469468+00:00
97815,CORNERST,2019-05-20,0.2,,,0.2,42360,2026-04-08T03:16:16.967061+00:00
97918,CORNERST,2019-05-21,0.2,,,0.2,521200,2026-04-08T03:16:19.368023+00:00
98021,CORNERST,2019-05-22,0.2,,,0.2,0,2026-04-08T03:16:21.741488+00:00
98124,CORNERST,2019-05-23,0.2,,,0.2,194200,2026-04-08T03:16:24.010501+00:00
98227,CORNERST,2019-05-24,0.2,,,0.2,11152,2026-04-08T03:16:26.41346+00:00
98330,CORNERST,2019-05-27,0.2,,,0.2,42974,2026-04-08T03:16:30.812568+00:00
98433,CORNERST,2019-05-28,0.2,,,0.2,65320,2026-04-08T03:16:33.286405+00:00
98536,CORNERST,2019-05-30,0.2,,,0.2,500,2026-04-08T03:16:36.695359+00:00
98639,CORNERST,2019-05-31,0.2,,,0.2,0,2026-04-08T03:16:39.10826+00:00
98742,CORNERST,2019-06-03,0.2,,,0.2,2825,2026-04-08T03:16:43.376201+00:00
98845,CORNERST,2019-06-06,0.2,,,0.2,20540,2026-04-08T03:16:48.034912+00:00
98948,CORNERST,2019-06-07,0.2,,,0.2,0,2026-04-08T03:16:50.186426+00:00
99051,CORNERST,2019-06-10,0.2,,,0.2,2220,2026-04-08T03:16:54.498349+00:00
99154,CORNERST,2019-06-11,0.2,,,0.2,0,2026-04-08T03:16:56.702394+00:00
99257,CORNERST,2019-06-13,0.2,,,0.2,28375,2026-04-08T03:17:00.140907+00:00
99360,CORNERST,2019-06-14,0.2,,,0.2,1625,2026-04-08T03:17:02.289964+00:00
99463,CORNERST,2019-06-17,0.2,,,0.2,5000,2026-04-08T03:17:06.378621+00:00
99566,CORNERST,2019-06-18,0.2,,,0.2,7375,2026-04-08T03:17:08.696624+00:00
99669,CORNERST,2019-06-19,0.2,,,0.2,690000,2026-04-08T03:17:10.975867+00:00
99772,CORNERST,2019-06-20,0.2,,,0.2,429430,2026-04-08T03:17:13.205784+00:00
99875,CORNERST,2019-06-24,0.2,,,0.2,400000,2026-04-08T03:17:18.488118+00:00
99978,CORNERST,2019-06-25,0.2,,,0.2,53110,2026-04-08T03:17:20.712996+00:00
100081,CORNERST,2019-06-26,0.2,,,0.2,1500,2026-04-08T03:17:23.021521+00:00
100184,CORNERST,2019-06-27,0.2,,,0.2,80829,2026-04-08T03:17:25.288917+00:00
100287,CORNERST,2019-06-28,0.2,,,0.2,43317,2026-04-08T03:17:27.669324+00:00
100390,CORNERST,2019-07-01,0.22,,,0.22,445000,2026-04-08T03:17:31.993492+00:00
100493,CORNERST,2019-07-02,0.21,,,0.21,2288703,2026-04-08T03:17:34.195482+00:00
100596,CORNERST,2019-07-03,0.21,,,0.21,133150,2026-04-08T03:17:36.539656+00:00
100699,CORNERST,2019-07-04,0.2,,,0.2,253500,2026-04-08T03:17:38.806977+00:00
100802,CORNERST,2019-07-05,0.2,,,0.2,1351004,2026-04-08T03:17:41.292481+00:00
100905,CORNERST,2019-07-08,0.2,,,0.2,1120120,2026-04-08T03:17:45.861747+00:00
101008,CORNERST,2019-07-09,0.2,,,0.2,80124689,2026-04-08T03:17:48.217581+00:00
101112,CORNERST,2019-07-10,0.2,,,0.2,10000,2026-04-08T03:17:50.676625+00:00
101216,CORNERST,2019-07-11,0.2,,,0.2,100,2026-04-08T03:17:53.082234+00:00
101320,CORNERST,2019-07-12,0.2,,,0.2,129430,2026-04-08T03:17:55.503872+00:00
101424,CORNERST,2019-07-15,0.22,,,0.22,928807,2026-04-08T03:18:00.039317+00:00
101528,CORNERST,2019-07-16,0.22,,,0.22,108902,2026-04-08T03:18:02.440443+00:00
101632,CORNERST,2019-07-17,0.22,,,0.22,3300,2026-04-08T03:18:04.729662+00:00
101736,CORNERST,2019-07-18,0.22,,,0.22,2000,2026-04-08T03:18:07.178594+00:00
101840,CORNERST,2019-07-19,0.22,,,0.22,3300,2026-04-08T03:18:09.535362+00:00
101944,CORNERST,2019-07-22,0.22,,,0.22,1500,2026-04-08T03:18:14.212024+00:00
102048,CORNERST,2019-07-23,0.2,,,0.2,444970,2026-04-08T03:18:16.654741+00:00
102152,CORNERST,2019-07-24,0.2,,,0.2,51400,2026-04-08T03:18:18.926554+00:00
102256,CORNERST,2019-07-25,0.2,,,0.2,330990,2026-04-08T03:18:21.127331+00:00
102360,CORNERST,2019-07-26,0.2,,,0.2,95760,2026-04-08T03:18:23.508197+00:00
102464,CORNERST,2019-07-29,0.2,,,0.2,29950,2026-04-08T03:18:27.808584+00:00
102568,CORNERST,2019-07-30,0.2,,,0.2,1022220,2026-04-08T03:18:30.090931+00:00
102672,CORNERST,2019-07-31,0.2,,,0.2,61658,2026-04-08T03:18:32.379029+00:00
102776,CORNERST,2019-08-01,0.2,,,0.2,16800,2026-04-08T03:18:34.721051+00:00
102880,CORNERST,2019-08-02,0.2,,,0.2,56600,2026-04-08T03:18:37.148519+00:00
102984,CORNERST,2019-08-05,0.22,,,0.22,470903,2026-04-08T03:18:41.327383+00:00
103088,CORNERST,2019-08-06,0.22,,,0.22,60870,2026-04-08T03:18:43.676077+00:00
103192,CORNERST,2019-08-07,0.22,,,0.22,33050,2026-04-08T03:18:45.952647+00:00
103296,CORNERST,2019-08-08,0.2,,,0.2,2268980,2026-04-08T03:18:48.284739+00:00
103400,CORNERST,2019-08-09,0.2,,,0.2,70000,2026-04-08T03:18:50.530707+00:00
103504,CORNERST,2019-08-14,0.2,,,0.2,21000,2026-04-08T03:18:57.313874+00:00
103608,CORNERST,2019-08-15,0.2,,,0.2,274813,2026-04-08T03:18:59.647711+00:00
103712,CORNERST,2019-08-19,0.2,,,0.2,90245,2026-04-08T03:19:05.053534+00:00
103816,CORNERST,2019-08-20,0.2,,,0.2,100000,2026-04-08T03:19:07.283568+00:00
103920,CORNERST,2019-08-21,0.2,,,0.2,6530,2026-04-08T03:19:09.493441+00:00
104023,CORNERST,2019-08-22,0.2,,,0.2,2900,2026-04-08T03:19:11.834929+00:00
104126,CORNERST,2019-08-23,0.2,,,0.2,0,2026-04-08T03:19:14.066623+00:00
104229,CORNERST,2019-08-26,0.2,,,0.2,1056,2026-04-08T03:19:18.291411+00:00
104332,CORNERST,2019-08-27,0.2,,,0.2,77000,2026-04-08T03:19:20.588978+00:00
104435,CORNERST,2019-08-28,0.22,,,0.22,415450,2026-04-08T03:19:22.939533+00:00
104538,CORNERST,2019-08-29,0.21,,,0.21,199957,2026-04-08T03:19:25.308081+00:00
104641,CORNERST,2019-08-30,0.21,,,0.21,2000,2026-04-08T03:19:27.686427+00:00
104744,CORNERST,2019-09-02,0.23,,,0.23,105000,2026-04-08T03:19:32.075785+00:00
104847,CORNERST,2019-09-03,0.25,,,0.25,378555,2026-04-08T03:19:34.366833+00:00
104950,CORNERST,2019-09-04,0.25,,,0.25,59758,2026-04-08T03:19:36.608723+00:00
105053,CORNERST,2019-09-05,0.25,,,0.25,87000,2026-04-08T03:19:38.984327+00:00
105156,CORNERST,2019-09-06,0.27,,,0.27,1045000,2026-04-08T03:19:41.363212+00:00
105259,CORNERST,2019-09-09,0.27,,,0.27,15750,2026-04-08T03:19:45.624302+00:00
105362,CORNERST,2019-09-10,0.27,,,0.27,83600,2026-04-08T03:19:47.977958+00:00
105465,CORNERST,2019-09-11,0.28,,,0.28,6622939,2026-04-08T03:19:50.333421+00:00
105568,CORNERST,2019-09-12,0.3,,,0.3,310405,2026-04-08T03:19:52.607202+00:00
105671,CORNERST,2019-09-13,0.3,,,0.3,244478,2026-04-08T03:19:55.083512+00:00
105774,CORNERST,2019-09-16,0.33,,,0.33,380500,2026-04-08T03:19:59.701348+00:00
105877,CORNERST,2019-09-17,0.36,,,0.36,347275,2026-04-08T03:20:02.523968+00:00
105980,CORNERST,2019-09-18,0.39,,,0.39,685751,2026-04-08T03:20:05.488272+00:00
106083,CORNERST,2019-09-19,0.39,,,0.39,4850,2026-04-08T03:20:08.114889+00:00
106186,CORNERST,2019-09-20,0.39,,,0.39,207300,2026-04-08T03:20:10.721894+00:00
106289,CORNERST,2019-09-23,0.42,,,0.42,262883,2026-04-08T03:20:15.267012+00:00
106392,CORNERST,2019-09-24,0.39,,,0.39,675250,2026-04-08T03:20:17.630341+00:00
106495,CORNERST,2019-09-25,0.42,,,0.42,10284988,2026-04-08T03:20:20.165626+00:00
106598,CORNERST,2019-09-26,0.46,,,0.46,2970568,2026-04-08T03:20:22.92566+00:00
106701,CORNERST,2019-09-27,0.42,,,0.42,1672656,2026-04-08T03:20:25.402499+00:00
106804,CORNERST,2019-09-30,0.42,,,0.42,86377,2026-04-08T03:20:29.867546+00:00
106907,CORNERST,2019-10-02,0.42,,,0.42,62467,2026-04-08T03:20:33.475481+00:00
107010,CORNERST,2019-10-03,0.42,,,0.42,181212,2026-04-08T03:20:35.801047+00:00
107113,CORNERST,2019-10-04,0.4,,,0.4,500200,2026-04-08T03:20:38.138638+00:00
107216,CORNERST,2019-10-07,0.36,,,0.36,589033,2026-04-08T03:20:43.38987+00:00
107319,CORNERST,2019-10-08,0.36,,,0.36,20967,2026-04-08T03:20:50.115577+00:00
107422,CORNERST,2019-10-09,0.39,,,0.39,486300,2026-04-08T03:20:53.067656+00:00
107525,CORNERST,2019-10-10,0.39,,,0.39,333283,2026-04-08T03:20:55.682822+00:00
107628,CORNERST,2019-10-11,0.39,,,0.39,185800,2026-04-08T03:20:58.30073+00:00
107731,CORNERST,2019-10-14,0.39,,,0.39,242400,2026-04-08T03:21:03.536141+00:00
107834,CORNERST,2019-10-15,0.37,,,0.37,680516,2026-04-08T03:21:06.159586+00:00
107937,CORNERST,2019-10-16,0.37,,,0.37,58050,2026-04-08T03:21:08.538525+00:00
108040,CORNERST,2019-10-17,0.34,,,0.34,145000,2026-04-08T03:21:11.125073+00:00
108143,CORNERST,2019-10-18,0.32,,,0.32,231000,2026-04-08T03:21:14.04892+00:00
108246,CORNERST,2019-10-21,0.35,,,0.35,2445152,2026-04-08T03:21:18.357079+00:00
108349,CORNERST,2019-10-22,0.38,,,0.38,521384,2026-04-08T03:21:20.5704+00:00
108452,CORNERST,2019-10-23,0.38,,,0.38,114167,2026-04-08T03:21:22.84444+00:00
108555,CORNERST,2019-10-24,0.38,,,0.38,10570,2026-04-08T03:21:25.228823+00:00
108658,CORNERST,2019-10-25,0.38,,,0.38,45500,2026-04-08T03:21:27.539286+00:00
108761,CORNERST,2019-10-28,0.41,,,0.41,297262,2026-04-08T03:21:32.161692+00:00
108864,CORNERST,2019-10-29,0.45,,,0.45,510500,2026-04-08T03:21:34.477485+00:00
108967,CORNERST,2019-10-30,0.45,,,0.45,60250,2026-04-08T03:21:36.754268+00:00
109070,CORNERST,2019-10-31,0.45,,,0.45,4000,2026-04-08T03:21:39.10919+00:00
109173,CORNERST,2019-11-01,0.45,,,0.45,0,2026-04-08T03:21:41.456138+00:00
109276,CORNERST,2019-11-04,0.45,,,0.45,99400,2026-04-08T03:21:45.945243+00:00
109379,CORNERST,2019-11-05,0.45,,,0.45,23000,2026-04-08T03:21:48.37169+00:00
109482,CORNERST,2019-11-06,0.49,,,0.49,200800,2026-04-08T03:21:50.755948+00:00
109585,CORNERST,2019-11-07,0.49,,,0.49,117000,2026-04-08T03:21:53.200031+00:00
109688,CORNERST,2019-11-08,0.49,,,0.49,1013500,2026-04-08T03:21:55.63316+00:00
109791,CORNERST,2019-11-12,0.53,,,0.53,1593650,2026-04-08T03:22:01.520244+00:00
109894,CORNERST,2019-11-13,0.53,,,0.53,512600,2026-04-08T03:22:04.169594+00:00
109997,CORNERST,2019-11-14,0.58,,,0.58,1069110,2026-04-08T03:22:06.510438+00:00
110100,CORNERST,2019-11-15,0.62,,,0.62,655199,2026-04-08T03:22:08.972682+00:00
110202,CORNERST,2019-11-18,0.62,,,0.62,578151,2026-04-08T03:22:13.551393+00:00
110304,CORNERST,2019-11-19,0.64,,,0.64,766630,2026-04-08T03:22:15.801005+00:00
110406,CORNERST,2019-11-20,0.7,,,0.7,374387,2026-04-08T03:22:18.11241+00:00
110508,CORNERST,2019-11-21,0.77,,,0.77,207993,2026-04-08T03:22:20.360812+00:00
110610,CORNERST,2019-11-22,0.84,,,0.84,250146,2026-04-08T03:22:22.766306+00:00
110712,CORNERST,2019-11-25,0.78,,,0.78,2312404,2026-04-08T03:22:27.077445+00:00
110814,CORNERST,2019-11-26,0.75,,,0.75,1289000,2026-04-08T03:22:29.415971+00:00
110916,CORNERST,2019-11-27,0.77,,,0.77,4710000,2026-04-08T03:22:31.797244+00:00
111018,CORNERST,2019-11-28,0.77,,,0.77,1890510,2026-04-08T03:22:34.150197+00:00
111120,CORNERST,2019-11-29,0.79,,,0.79,566057,2026-04-08T03:22:36.43862+00:00
111222,CORNERST,2019-12-02,0.73,,,0.73,1366598,2026-04-08T03:22:40.672716+00:00
111324,CORNERST,2019-12-03,0.7,,,0.7,2002834,2026-04-08T03:22:42.857808+00:00
111426,CORNERST,2019-12-04,0.7,,,0.7,371250,2026-04-08T03:22:45.132537+00:00
111528,CORNERST,2019-12-05,0.63,,,0.63,1114476,2026-04-08T03:22:47.409461+00:00
111630,CORNERST,2019-12-06,0.63,,,0.63,162150,2026-04-08T03:22:49.720566+00:00
111732,CORNERST,2019-12-10,0.62,,,0.62,651927,2026-04-08T03:22:54.948045+00:00
111834,CORNERST,2019-12-11,0.62,,,0.62,229500,2026-04-08T03:22:57.463594+00:00
111936,CORNERST,2019-12-12,0.62,,,0.62,0,2026-04-08T03:22:59.677549+00:00
112038,CORNERST,2019-12-13,0.66,,,0.66,380900,2026-04-08T03:23:01.961124+00:00
112140,CORNERST,2019-12-16,0.6,,,0.6,491009,2026-04-08T03:23:06.206185+00:00
112242,CORNERST,2019-12-17,0.56,,,0.56,1122247,2026-04-08T03:23:08.526507+00:00
112344,CORNERST,2019-12-18,0.51,,,0.51,1358356,2026-04-08T03:23:10.699016+00:00
112446,CORNERST,2019-12-19,0.46,,,0.46,125240,2026-04-08T03:23:13.06361+00:00
112548,CORNERST,2019-12-20,0.42,,,0.42,1319499,2026-04-08T03:23:15.515212+00:00
112650,CORNERST,2019-12-23,0.38,,,0.38,470000,2026-04-08T03:23:19.645113+00:00
112752,CORNERST,2019-12-24,0.38,,,0.38,702367,2026-04-08T03:23:22.081747+00:00
112854,CORNERST,2019-12-27,0.38,,,0.38,164153,2026-04-08T03:23:26.48241+00:00
112956,CORNERST,2019-12-31,0.45,,,0.45,321000,2026-04-08T03:23:31.997666+00:00
113058,CORNERST,2020-01-02,0.49,,,0.49,1055689,2026-04-08T03:23:35.253628+00:00
113160,CORNERST,2020-01-03,0.53,,,0.53,1835400,2026-04-08T03:23:37.484442+00:00
113262,CORNERST,2020-01-06,0.58,,,0.58,585610,2026-04-08T03:23:41.810791+00:00
113364,CORNERST,2020-01-07,0.63,,,0.63,399645,2026-04-08T03:23:44.238014+00:00
113466,CORNERST,2020-01-08,0.69,,,0.69,1055309,2026-04-08T03:23:46.428903+00:00
113568,CORNERST,2020-01-09,0.63,,,0.63,940565,2026-04-08T03:23:48.760691+00:00
113671,CORNERST,2020-01-10,0.58,,,0.58,245767,2026-04-08T03:23:51.312987+00:00
113774,CORNERST,2020-01-13,0.55,,,0.55,986899,2026-04-08T03:23:55.704331+00:00
113877,CORNERST,2020-01-14,0.53,,,0.53,1082442,2026-04-08T03:23:58.044369+00:00
113980,CORNERST,2020-01-15,0.58,,,0.58,234000,2026-04-08T03:24:00.340453+00:00
114083,CORNERST,2020-01-16,0.54,,,0.54,552600,2026-04-08T03:24:02.775573+00:00
114186,CORNERST,2020-01-17,0.58,,,0.58,546000,2026-04-08T03:24:05.107796+00:00
114289,CORNERST,2020-01-20,0.57,,,0.57,571819,2026-04-08T03:24:09.637495+00:00
114392,CORNERST,2020-01-21,0.57,,,0.57,1057917,2026-04-08T03:24:12.081094+00:00
114495,CORNERST,2020-01-23,0.54,,,0.54,832720,2026-04-08T03:24:15.397306+00:00
114598,CORNERST,2020-01-24,0.54,,,0.54,51414,2026-04-08T03:24:17.760742+00:00
114701,CORNERST,2020-01-27,0.54,,,0.54,204149,2026-04-08T03:24:22.426106+00:00
114804,CORNERST,2020-01-28,0.54,,,0.54,673000,2026-04-08T03:24:24.728321+00:00
114907,CORNERST,2020-01-29,0.54,,,0.54,152000,2026-04-08T03:24:27.287495+00:00
115010,CORNERST,2020-01-30,0.59,,,0.59,200000,2026-04-08T03:24:29.658352+00:00
115113,CORNERST,2020-01-31,0.59,,,0.59,101276,2026-04-08T03:24:31.961868+00:00
115216,CORNERST,2020-02-03,0.59,,,0.59,35000,2026-04-08T03:24:36.430808+00:00
115319,CORNERST,2020-02-04,0.6,,,0.6,2337996,2026-04-08T03:24:38.687124+00:00
115422,CORNERST,2020-02-05,0.56,,,0.56,762040,2026-04-08T03:24:41.03998+00:00
115525,CORNERST,2020-02-06,0.54,,,0.54,615703,2026-04-08T03:24:43.345135+00:00
115628,CORNERST,2020-02-07,0.54,,,0.54,154686,2026-04-08T03:24:45.609576+00:00
115731,CORNERST,2020-02-10,0.54,,,0.54,370429,2026-04-08T03:24:50.182603+00:00
115834,CORNERST,2020-02-11,0.54,,,0.54,35542,2026-04-08T03:24:52.780016+00:00
115937,CORNERST,2020-02-12,0.54,,,0.54,98111,2026-04-08T03:24:55.120152+00:00
116040,CORNERST,2020-02-13,0.54,,,0.54,25000,2026-04-08T03:24:57.649025+00:00
116143,CORNERST,2020-02-14,0.54,,,0.54,86555,2026-04-08T03:25:00.080254+00:00
116246,CORNERST,2020-02-17,0.56,,,0.56,560822,2026-04-08T03:25:04.377856+00:00
116349,CORNERST,2020-02-18,0.56,,,0.56,90000,2026-04-08T03:25:06.773592+00:00
116452,CORNERST,2020-02-19,0.56,,,0.56,111852,2026-04-08T03:25:09.231504+00:00
116555,CORNERST,2020-02-20,0.56,,,0.56,92500,2026-04-08T03:25:11.501588+00:00
116658,CORNERST,2020-02-21,0.56,,,0.56,127500,2026-04-08T03:25:13.948187+00:00
116761,CORNERST,2020-02-24,0.56,,,0.56,58906,2026-04-08T03:25:18.415367+00:00
116864,CORNERST,2020-02-25,0.56,,,0.56,105500,2026-04-08T03:25:20.711298+00:00
116967,CORNERST,2020-02-26,0.56,,,0.56,112734,2026-04-08T03:25:23.465375+00:00
117070,CORNERST,2020-02-27,0.56,,,0.56,468406,2026-04-08T03:25:26.011368+00:00
117173,CORNERST,2020-02-28,0.51,,,0.51,385000,2026-04-08T03:25:28.472167+00:00
117276,CORNERST,2020-03-02,0.51,,,0.51,76010,2026-04-08T03:25:32.979972+00:00
117379,CORNERST,2020-03-03,0.5,,,0.5,597810,2026-04-08T03:25:35.324079+00:00
117482,CORNERST,2020-03-04,0.5,,,0.5,3000,2026-04-08T03:25:37.587456+00:00
117585,CORNERST,2020-03-05,0.5,,,0.5,155000,2026-04-08T03:25:39.825698+00:00
117688,CORNERST,2020-03-09,0.45,,,0.45,166000,2026-04-08T03:25:45.227559+00:00
117791,CORNERST,2020-03-10,0.45,,,0.45,132183,2026-04-08T03:25:47.644077+00:00
117894,CORNERST,2020-03-11,0.49,,,0.49,147827,2026-04-08T03:25:49.940962+00:00
117997,CORNERST,2020-03-12,0.49,,,0.49,3219,2026-04-08T03:25:52.243289+00:00
118100,CORNERST,2020-03-13,0.53,,,0.53,365781,2026-04-08T03:25:54.520183+00:00
118203,CORNERST,2020-03-16,0.53,,,0.53,8912,2026-04-08T03:25:58.965391+00:00
118306,CORNERST,2020-03-17,0.53,,,0.53,32634,2026-04-08T03:26:01.331984+00:00
118409,CORNERST,2020-03-18,0.53,,,0.53,0,2026-04-08T03:26:03.589989+00:00
118512,CORNERST,2020-03-19,0.58,,,0.58,368640,2026-04-08T03:26:05.957067+00:00
118615,CORNERST,2020-03-20,0.58,,,0.58,22900,2026-04-08T03:26:08.377452+00:00
118718,CORNERST,2020-03-23,0.58,,,0.58,52780,2026-04-08T03:26:12.667002+00:00
118821,CORNERST,2020-03-24,0.58,,,0.58,84036,2026-04-08T03:26:14.960057+00:00
118924,CORNERST,2020-03-25,0.58,,,0.58,57000,2026-04-08T03:26:17.224804+00:00
119027,CORNERST,2020-03-26,0.58,,,0.58,260762,2026-04-08T03:26:19.64473+00:00
119130,CORNERST,2020-03-27,0.58,,,0.58,0,2026-04-08T03:26:21.968693+00:00
119233,CORNERST,2020-03-30,0.58,,,0.58,55000,2026-04-08T03:26:26.43282+00:00
119336,CORNERST,2020-03-31,0.6,,,0.6,1010000,2026-04-08T03:26:28.926506+00:00
119439,CORNERST,2020-04-01,0.6,,,0.6,0,2026-04-08T03:26:31.173614+00:00
119542,CORNERST,2020-04-02,0.58,,,0.58,1009428,2026-04-08T03:26:33.480235+00:00
119645,CORNERST,2020-04-03,0.54,,,0.54,492310,2026-04-08T03:26:35.777807+00:00
119748,CORNERST,2020-04-06,0.54,,,0.54,0,2026-04-08T03:26:40.135575+00:00
119851,CORNERST,2020-04-07,0.54,,,0.54,1000000,2026-04-08T03:26:42.376644+00:00
119954,CORNERST,2020-04-08,0.58,,,0.58,1520000,2026-04-08T03:26:44.690105+00:00
120057,CORNERST,2020-04-09,0.54,,,0.54,368069,2026-04-08T03:26:47.020639+00:00
120160,CORNERST,2020-04-14,0.54,,,0.54,108418,2026-04-08T03:26:53.304016+00:00
120263,CORNERST,2020-04-15,0.54,,,0.54,50000,2026-04-08T03:26:55.643286+00:00
120366,CORNERST,2020-04-16,0.59,,,0.59,993100,2026-04-08T03:26:58.005731+00:00
120469,CORNERST,2020-04-17,0.59,,,0.59,982,2026-04-08T03:27:00.196144+00:00
120572,CORNERST,2020-04-20,0.59,,,0.59,14000,2026-04-08T03:27:04.902814+00:00
120675,CORNERST,2020-04-21,0.54,,,0.54,136000,2026-04-08T03:27:07.124699+00:00
120778,CORNERST,2020-04-22,0.54,,,0.54,108587,2026-04-08T03:27:09.50407+00:00
120881,CORNERST,2020-04-23,0.54,,,0.54,60000,2026-04-08T03:27:11.732195+00:00
120984,CORNERST,2020-04-24,0.54,,,0.54,60000,2026-04-08T03:27:14.133022+00:00
121087,CORNERST,2020-04-27,0.54,,,0.54,0,2026-04-08T03:27:18.376911+00:00
121190,CORNERST,2020-04-28,0.59,,,0.59,934323,2026-04-08T03:27:20.70836+00:00
121293,CORNERST,2020-04-29,0.55,,,0.55,388870,2026-04-08T03:27:23.099969+00:00
121396,CORNERST,2020-04-30,0.55,,,0.55,2,2026-04-08T03:27:25.479794+00:00
121499,CORNERST,2020-05-04,0.54,,,0.54,500450,2026-04-08T03:27:30.67652+00:00
121602,CORNERST,2020-05-05,0.54,,,0.54,53459,2026-04-08T03:27:32.997372+00:00
121705,CORNERST,2020-05-06,0.59,,,0.59,108043,2026-04-08T03:27:35.368243+00:00
121808,CORNERST,2020-05-07,0.59,,,0.59,38000,2026-04-08T03:27:37.70358+00:00
121911,CORNERST,2020-05-08,0.59,,,0.59,284000,2026-04-08T03:27:39.945267+00:00
122014,CORNERST,2020-05-11,0.59,,,0.59,118652,2026-04-08T03:27:44.543581+00:00
122117,CORNERST,2020-05-12,0.59,,,0.59,300,2026-04-08T03:27:46.988848+00:00
122220,CORNERST,2020-05-13,0.59,,,0.59,200950,2026-04-08T03:27:49.292243+00:00
122323,CORNERST,2020-05-14,0.59,,,0.59,227000,2026-04-08T03:27:51.592074+00:00
122426,CORNERST,2020-05-19,0.56,,,0.56,827940,2026-04-08T03:27:58.031425+00:00
122529,CORNERST,2020-05-20,0.56,,,0.56,364900,2026-04-08T03:28:00.412443+00:00
122632,CORNERST,2020-05-21,0.56,,,0.56,504266,2026-04-08T03:28:02.829603+00:00
122735,CORNERST,2020-05-27,0.55,,,0.55,204200,2026-04-08T03:28:10.17932+00:00
122838,CORNERST,2020-05-28,0.55,,,0.55,85800,2026-04-08T03:28:12.484321+00:00
122941,CORNERST,2020-05-29,0.55,,,0.55,51459,2026-04-08T03:28:14.796152+00:00
123044,CORNERST,2020-06-02,0.6,,,0.6,100,2026-04-08T03:28:20.224588+00:00
123147,CORNERST,2020-06-03,0.55,,,0.55,1724789,2026-04-08T03:28:22.45251+00:00
123250,CORNERST,2020-06-04,0.55,,,0.55,422329,2026-04-08T03:28:24.742978+00:00
123353,CORNERST,2020-06-05,0.55,,,0.55,424516,2026-04-08T03:28:26.997708+00:00
123456,CORNERST,2020-06-08,0.5,,,0.5,780905,2026-04-08T03:28:31.360755+00:00
123559,CORNERST,2020-06-09,0.5,,,0.5,614171,2026-04-08T03:28:33.545964+00:00
123662,CORNERST,2020-06-10,0.54,,,0.54,216000,2026-04-08T03:28:35.856379+00:00
123765,CORNERST,2020-06-11,0.51,,,0.51,171819,2026-04-08T03:28:38.052531+00:00
123868,CORNERST,2020-06-15,0.56,,,0.56,730000,2026-04-08T03:28:43.437023+00:00
123971,CORNERST,2020-06-16,0.56,,,0.56,506450,2026-04-08T03:28:45.961134+00:00
124074,CORNERST,2020-06-17,0.56,,,0.56,108800,2026-04-08T03:28:48.324213+00:00
124177,CORNERST,2020-06-18,0.56,,,0.56,20000,2026-04-08T03:28:50.696546+00:00
124280,CORNERST,2020-06-19,0.55,,,0.55,463983,2026-04-08T03:28:53.406809+00:00
124383,CORNERST,2020-06-22,0.55,,,0.55,62750,2026-04-08T03:28:57.922359+00:00
124486,CORNERST,2020-06-23,0.55,,,0.55,330000,2026-04-08T03:29:00.283028+00:00
124589,CORNERST,2020-06-24,0.55,,,0.55,212547,2026-04-08T03:29:02.79982+00:00
124692,CORNERST,2020-06-25,0.55,,,0.55,560319,2026-04-08T03:29:05.076463+00:00
124795,CORNERST,2020-06-26,0.55,,,0.55,101639,2026-04-08T03:29:07.48598+00:00
124898,CORNERST,2020-06-29,0.55,,,0.55,2864200,2026-04-08T03:29:11.968016+00:00
125001,CORNERST,2020-06-30,0.55,,,0.55,178000,2026-04-08T03:29:14.28255+00:00
125104,CORNERST,2020-07-01,0.55,,,0.55,100000,2026-04-08T03:29:16.703757+00:00
125207,CORNERST,2020-07-02,0.5,,,0.5,2079214,2026-04-08T03:29:19.127663+00:00
125310,CORNERST,2020-07-03,0.5,,,0.5,100005,2026-04-08T03:29:21.544735+00:00
125413,CORNERST,2020-07-07,0.55,,,0.55,33000,2026-04-08T03:29:27.331532+00:00
125516,CORNERST,2020-07-08,0.55,,,0.55,34970,2026-04-08T03:29:29.768744+00:00
125619,CORNERST,2020-07-09,0.55,,,0.55,26040,2026-04-08T03:29:32.143692+00:00
125722,CORNERST,2020-07-10,0.55,,,0.55,47970,2026-04-08T03:29:34.521297+00:00
125825,CORNERST,2020-07-13,0.55,,,0.55,34971,2026-04-08T03:29:39.007126+00:00
125928,CORNERST,2020-07-14,0.55,,,0.55,49940,2026-04-08T03:29:41.304989+00:00
126031,CORNERST,2020-07-15,0.55,,,0.55,36195,2026-04-08T03:29:43.708156+00:00
126134,CORNERST,2020-07-16,0.55,,,0.55,0,2026-04-08T03:29:45.979708+00:00
126237,CORNERST,2020-07-17,0.55,,,0.55,98100,2026-04-08T03:29:48.357101+00:00
126340,CORNERST,2020-07-20,0.55,,,0.55,3300,2026-04-08T03:29:52.723074+00:00
126443,CORNERST,2020-07-21,0.5,,,0.5,206550,2026-04-08T03:29:55.035926+00:00
126546,CORNERST,2020-07-23,0.5,,,0.5,1000,2026-04-08T03:29:58.238067+00:00
126649,CORNERST,2020-07-24,0.5,,,0.5,55918,2026-04-08T03:30:00.541513+00:00
126752,CORNERST,2020-07-27,0.5,,,0.5,800,2026-04-08T03:30:04.748878+00:00
126855,CORNERST,2020-07-28,0.5,,,0.5,1860802,2026-04-08T03:30:07.286947+00:00
126958,CORNERST,2020-07-29,0.55,,,0.55,393850,2026-04-08T03:30:09.725653+00:00
127061,CORNERST,2020-08-03,0.55,,,0.55,25,2026-04-08T03:30:16.711714+00:00
127164,CORNERST,2020-08-04,0.55,,,0.55,155068,2026-04-08T03:30:19.026905+00:00
127267,CORNERST,2020-08-05,0.55,,,0.55,40000,2026-04-08T03:30:21.509999+00:00
127370,CORNERST,2020-08-06,0.55,,,0.55,1042908,2026-04-08T03:30:23.823287+00:00
127473,CORNERST,2020-08-07,0.55,,,0.55,70402,2026-04-08T03:30:26.221973+00:00
127576,CORNERST,2020-08-10,0.6,,,0.6,1008902,2026-04-08T03:30:31.080726+00:00
127679,CORNERST,2020-08-11,0.6,,,0.6,5000,2026-04-08T03:30:33.557314+00:00
127782,CORNERST,2020-08-12,0.6,,,0.6,140790,2026-04-08T03:30:35.989363+00:00
127885,CORNERST,2020-08-13,0.49,,,0.49,162320,2026-04-08T03:30:38.402702+00:00
127988,CORNERST,2020-08-14,0.49,,,0.49,25,2026-04-08T03:30:40.738296+00:00
128091,CORNERST,2020-08-17,0.53,,,0.53,555129,2026-04-08T03:30:45.179846+00:00
128194,CORNERST,2020-08-18,0.58,,,0.58,702748,2026-04-08T03:30:47.750292+00:00
128297,CORNERST,2020-08-19,0.58,,,0.58,42000,2026-04-08T03:30:50.260611+00:00
128400,CORNERST,2020-08-20,0.58,,,0.58,24374,2026-04-08T03:30:52.728097+00:00
128503,CORNERST,2020-08-21,0.58,,,0.58,2700,2026-04-08T03:30:55.129893+00:00
128606,CORNERST,2020-08-24,0.63,,,0.63,609871,2026-04-08T03:30:59.50528+00:00
128709,CORNERST,2020-08-25,0.62,,,0.62,1137644,2026-04-08T03:31:01.97181+00:00
128812,CORNERST,2020-08-26,0.56,,,0.56,480000,2026-04-08T03:31:04.340397+00:00
128915,CORNERST,2020-08-27,0.56,,,0.56,873546,2026-04-08T03:31:06.825032+00:00
129018,CORNERST,2020-08-28,0.56,,,0.56,20000,2026-04-08T03:31:10.050623+00:00
129121,CORNERST,2020-08-31,0.56,,,0.56,48500,2026-04-08T03:31:14.574397+00:00
129224,CORNERST,2020-09-01,0.6,,,0.6,205900,2026-04-08T03:31:16.859057+00:00
129327,CORNERST,2020-09-02,0.65,,,0.65,2788085,2026-04-08T03:31:19.223829+00:00
129430,CORNERST,2020-09-03,0.66,,,0.66,650664,2026-04-08T03:31:21.580357+00:00
129533,CORNERST,2020-09-04,0.66,,,0.66,366384,2026-04-08T03:31:24.095323+00:00
129636,CORNERST,2020-09-07,0.66,,,0.66,392189,2026-04-08T03:31:29.028072+00:00
129739,CORNERST,2020-09-08,0.66,,,0.66,83294,2026-04-08T03:31:31.696694+00:00
129842,CORNERST,2020-09-09,0.66,,,0.66,3394,2026-04-08T03:31:34.222499+00:00
129945,CORNERST,2020-09-10,0.61,,,0.61,482126,2026-04-08T03:31:36.666154+00:00
130048,CORNERST,2020-09-11,0.65,,,0.65,240000,2026-04-08T03:31:39.224755+00:00
130151,CORNERST,2020-09-14,0.62,,,0.62,187250,2026-04-08T03:31:43.669625+00:00
130254,CORNERST,2020-09-15,0.66,,,0.66,319893,2026-04-08T03:31:46.096824+00:00
130357,CORNERST,2020-09-16,0.66,,,0.66,105,2026-04-08T03:31:48.62473+00:00
130460,CORNERST,2020-09-17,0.66,,,0.66,250000,2026-04-08T03:31:51.120615+00:00
130563,CORNERST,2020-09-18,0.61,,,0.61,9945250,2026-04-08T03:31:53.500222+00:00
130666,CORNERST,2020-09-21,0.64,,,0.64,206520,2026-04-08T03:31:57.915353+00:00
130769,CORNERST,2020-09-22,0.6,,,0.6,1121500,2026-04-08T03:32:00.361616+00:00
130872,CORNERST,2020-09-23,0.65,,,0.65,572000,2026-04-08T03:32:02.667296+00:00
130975,CORNERST,2020-09-24,0.65,,,0.65,184134,2026-04-08T03:32:05.077899+00:00
131078,CORNERST,2020-09-25,0.71,,,0.71,163726,2026-04-08T03:32:07.472813+00:00
131181,CORNERST,2020-09-28,0.71,,,0.71,67730,2026-04-08T03:32:12.542607+00:00
131284,CORNERST,2020-09-29,0.65,,,0.65,218362,2026-04-08T03:32:14.948969+00:00
131387,CORNERST,2020-09-30,0.65,,,0.65,788505,2026-04-08T03:32:17.368144+00:00
131490,CORNERST,2020-10-02,0.6,,,0.6,755500,2026-04-08T03:32:21.009688+00:00
131593,CORNERST,2020-10-05,0.6,,,0.6,1669383,2026-04-08T03:32:25.669514+00:00
131696,CORNERST,2020-10-06,0.66,,,0.66,5789126,2026-04-08T03:32:28.151061+00:00
131799,CORNERST,2020-10-07,0.6,,,0.6,1014722,2026-04-08T03:32:30.62441+00:00
131902,CORNERST,2020-10-08,0.55,,,0.55,3566332,2026-04-08T03:32:32.995223+00:00
132005,CORNERST,2020-10-09,0.6,,,0.6,1649800,2026-04-08T03:32:35.453646+00:00
132108,CORNERST,2020-10-12,0.6,,,0.6,220837,2026-04-08T03:32:39.836845+00:00
132211,CORNERST,2020-10-13,0.6,,,0.6,9000,2026-04-08T03:32:42.883097+00:00
132314,CORNERST,2020-10-14,0.63,,,0.63,181441,2026-04-08T03:32:45.313484+00:00
132417,CORNERST,2020-10-15,0.63,,,0.63,185052,2026-04-08T03:32:47.672181+00:00
132520,CORNERST,2020-10-16,0.63,,,0.63,465413,2026-04-08T03:32:50.112843+00:00
132623,CORNERST,2020-10-19,0.63,,,0.63,386642,2026-04-08T03:32:54.594352+00:00
132726,CORNERST,2020-10-20,0.6,,,0.6,446224,2026-04-08T03:32:57.288568+00:00
132829,CORNERST,2020-10-21,0.6,,,0.6,115000,2026-04-08T03:32:59.679627+00:00
132932,CORNERST,2020-10-22,0.6,,,0.6,500475,2026-04-08T03:33:02.194874+00:00
133035,CORNERST,2020-10-23,0.6,,,0.6,3500,2026-04-08T03:33:04.540232+00:00
133138,CORNERST,2020-10-26,0.6,,,0.6,203639,2026-04-08T03:33:08.964122+00:00
133241,CORNERST,2020-10-27,0.6,,,0.6,3343104,2026-04-08T03:33:12.04516+00:00
133344,CORNERST,2020-10-28,0.6,,,0.6,536715,2026-04-08T03:33:14.504918+00:00
133447,CORNERST,2020-10-30,0.58,,,0.58,1004700,2026-04-08T03:33:18.13889+00:00
133550,CORNERST,2020-11-02,0.6,,,0.6,1003365,2026-04-08T03:33:22.589733+00:00
133653,CORNERST,2020-11-03,0.58,,,0.58,3220400,2026-04-08T03:33:24.936567+00:00
133756,CORNERST,2020-11-04,0.58,,,0.58,10468,2026-04-08T03:33:27.402012+00:00
133859,CORNERST,2020-11-05,0.58,,,0.58,110000,2026-04-08T03:33:29.791139+00:00
133962,CORNERST,2020-11-06,0.58,,,0.58,1153002,2026-04-08T03:33:32.190465+00:00
134065,CORNERST,2020-11-09,0.6,,,0.6,502750,2026-04-08T03:33:36.944942+00:00
134169,CORNERST,2020-11-10,0.6,,,0.6,595534,2026-04-08T03:33:39.328014+00:00
134273,CORNERST,2020-11-11,0.62,,,0.62,323025,2026-04-08T03:33:41.646704+00:00
134377,CORNERST,2020-11-12,0.64,,,0.64,682593,2026-04-08T03:33:44.075825+00:00
134481,CORNERST,2020-11-13,0.58,,,0.58,1294200,2026-04-08T03:33:46.660663+00:00
134585,CORNERST,2020-11-16,0.58,,,0.58,35434,2026-04-08T03:33:51.206328+00:00
134689,CORNERST,2020-11-17,0.58,,,0.58,302977,2026-04-08T03:33:53.594986+00:00
134793,CORNERST,2020-11-18,0.53,,,0.53,2919440,2026-04-08T03:33:56.053488+00:00
134897,CORNERST,2020-11-19,0.58,,,0.58,2195751,2026-04-08T03:33:58.535588+00:00
135001,CORNERST,2020-11-20,0.62,,,0.62,308575,2026-04-08T03:34:01.033528+00:00
135105,CORNERST,2020-11-23,0.58,,,0.58,514645,2026-04-08T03:34:05.446005+00:00
135209,CORNERST,2020-11-24,0.63,,,0.63,491550,2026-04-08T03:34:07.827748+00:00
135313,CORNERST,2020-11-25,0.58,,,0.58,2685360,2026-04-08T03:34:10.273596+00:00
135417,CORNERST,2020-11-26,0.58,,,0.58,614540,2026-04-08T03:34:12.878043+00:00
135521,CORNERST,2020-11-27,0.6,,,0.6,700255,2026-04-08T03:34:15.660625+00:00
135625,CORNERST,2020-11-30,0.6,,,0.6,52431,2026-04-08T03:34:20.595268+00:00
135729,CORNERST,2020-12-01,0.54,,,0.54,1808290,2026-04-08T03:34:22.915781+00:00
135832,CORNERST,2020-12-02,0.58,,,0.58,1877400,2026-04-08T03:34:25.200893+00:00
135934,CORNERST,2020-12-03,0.56,,,0.56,700000,2026-04-08T03:34:27.500503+00:00
136036,CORNERST,2020-12-04,0.58,,,0.58,1184092,2026-04-08T03:34:29.754666+00:00
136140,CORNERST,2020-12-07,0.58,,,0.58,339071,2026-04-08T03:34:34.092506+00:00
136244,CORNERST,2020-12-08,0.6,,,0.6,2472458,2026-04-08T03:34:36.413898+00:00
136348,CORNERST,2020-12-09,0.58,,,0.58,2021000,2026-04-08T03:34:38.741358+00:00
136452,CORNERST,2020-12-10,0.58,,,0.58,0,2026-04-08T03:34:41.210459+00:00
136556,CORNERST,2020-12-11,0.58,,,0.58,54309,2026-04-08T03:34:43.516271+00:00
136660,CORNERST,2020-12-14,0.58,,,0.58,591668,2026-04-08T03:34:47.752987+00:00
136765,CORNERST,2020-12-15,0.6,,,0.6,709145,2026-04-08T03:34:50.014046+00:00
136870,CORNERST,2020-12-16,0.55,,,0.55,816691,2026-04-08T03:34:52.260784+00:00
136975,CORNERST,2020-12-17,0.55,,,0.55,437610,2026-04-08T03:34:54.700208+00:00
137080,CORNERST,2020-12-18,0.6,,,0.6,931116,2026-04-08T03:34:57.404383+00:00
137185,CORNERST,2020-12-21,0.6,,,0.6,2065541,2026-04-08T03:35:01.74156+00:00
137290,CORNERST,2020-12-22,0.6,,,0.6,590133,2026-04-08T03:35:04.087051+00:00
137395,CORNERST,2020-12-23,0.6,,,0.6,0,2026-04-08T03:35:06.465463+00:00
137500,CORNERST,2020-12-24,0.6,,,0.6,516570,2026-04-08T03:35:08.859517+00:00
137605,CORNERST,2020-12-29,0.59,,,0.59,1023400,2026-04-08T03:35:15.710612+00:00
137710,CORNERST,2020-12-30,0.59,,,0.59,500,2026-04-08T03:35:18.332825+00:00
137815,CORNERST,2020-12-31,0.59,,,0.59,70000,2026-04-08T03:35:20.721524+00:00
137920,CORNERST,2021-01-04,0.59,,,0.59,541,2026-04-08T03:35:26.376094+00:00
138025,CORNERST,2021-01-05,0.63,,,0.63,418750,2026-04-08T03:35:29.033034+00:00
138130,CORNERST,2021-01-06,0.63,,,0.63,550000,2026-04-08T03:35:31.424152+00:00
138235,CORNERST,2021-01-07,0.63,,,0.63,398541,2026-04-08T03:35:34.042283+00:00
138340,CORNERST,2021-01-08,0.62,,,0.62,3645009,2026-04-08T03:35:36.489888+00:00
138445,CORNERST,2021-01-11,0.62,,,0.62,236691,2026-04-08T03:35:41.134484+00:00
138550,CORNERST,2021-01-12,0.6,,,0.6,3597400,2026-04-08T03:35:43.444525+00:00
138655,CORNERST,2021-01-13,0.6,,,0.6,1060881,2026-04-08T03:35:45.752573+00:00
138760,CORNERST,2021-01-14,0.62,,,0.62,653820,2026-04-08T03:35:48.266873+00:00
138865,CORNERST,2021-01-15,0.65,,,0.65,612504,2026-04-08T03:35:50.536305+00:00
138970,CORNERST,2021-01-18,0.68,,,0.68,666928,2026-04-08T03:35:55.012207+00:00
139075,CORNERST,2021-01-19,0.74,,,0.74,1936436,2026-04-08T03:35:57.346792+00:00
139180,CORNERST,2021-01-20,0.81,,,0.81,12720569,2026-04-08T03:35:59.785195+00:00
139285,CORNERST,2021-01-21,0.8,,,0.8,9887500,2026-04-08T03:36:02.057398+00:00
139390,CORNERST,2021-01-22,0.72,,,0.72,300000,2026-04-08T03:36:04.490813+00:00
139495,CORNERST,2021-01-25,0.72,,,0.72,74500,2026-04-08T03:36:09.142175+00:00
139600,CORNERST,2021-01-26,0.72,,,0.72,275933,2026-04-08T03:36:11.477526+00:00
139705,CORNERST,2021-01-27,0.65,,,0.65,318046,2026-04-08T03:36:13.916788+00:00
139810,CORNERST,2021-01-28,0.65,,,0.65,127334,2026-04-08T03:36:16.269205+00:00
139915,CORNERST,2021-01-29,0.68,,,0.68,364926,2026-04-08T03:36:18.603253+00:00
140020,CORNERST,2021-02-01,0.65,,,0.65,607213,2026-04-08T03:36:23.094546+00:00
140125,CORNERST,2021-02-02,0.65,,,0.65,8680667,2026-04-08T03:36:25.523135+00:00
140230,CORNERST,2021-02-03,0.65,,,0.65,3124300,2026-04-08T03:36:27.835035+00:00
140335,CORNERST,2021-02-04,0.65,,,0.65,0,2026-04-08T03:36:30.225924+00:00
140440,CORNERST,2021-02-05,0.65,,,0.65,650550,2026-04-08T03:36:32.587221+00:00
140545,CORNERST,2021-02-08,0.59,,,0.59,276907,2026-04-08T03:36:37.052653+00:00
140650,CORNERST,2021-02-09,0.6,,,0.6,520334,2026-04-08T03:36:39.468141+00:00
140755,CORNERST,2021-02-10,0.6,,,0.6,370148,2026-04-08T03:36:41.836322+00:00
140860,CORNERST,2021-02-11,0.6,,,0.6,8897,2026-04-08T03:36:44.255641+00:00
140965,CORNERST,2021-02-12,0.6,,,0.6,302633,2026-04-08T03:36:46.553737+00:00
141070,CORNERST,2021-02-15,0.6,,,0.6,3153300,2026-04-08T03:36:50.983127+00:00
141175,CORNERST,2021-02-16,0.54,,,0.54,262617,2026-04-08T03:36:53.929967+00:00
141280,CORNERST,2021-02-17,0.59,,,0.59,314939,2026-04-08T03:36:56.762484+00:00
141385,CORNERST,2021-02-18,0.64,,,0.64,2311828,2026-04-08T03:36:59.321693+00:00
141490,CORNERST,2021-02-19,0.64,,,0.64,2415518,2026-04-08T03:37:01.817881+00:00
141595,CORNERST,2021-02-22,0.69,,,0.69,5073573,2026-04-08T03:37:06.27808+00:00
141700,CORNERST,2021-02-23,0.64,,,0.64,740335,2026-04-08T03:37:08.890934+00:00
141805,CORNERST,2021-02-24,0.59,,,0.59,1593284,2026-04-08T03:37:11.490979+00:00
141910,CORNERST,2021-02-25,0.59,,,0.59,288684,2026-04-08T03:37:14.190372+00:00
142015,CORNERST,2021-02-26,0.6,,,0.6,287628,2026-04-08T03:37:16.661186+00:00
142120,CORNERST,2021-03-01,0.58,,,0.58,5874956,2026-04-08T03:37:22.522205+00:00
142225,CORNERST,2021-03-02,0.58,,,0.58,21300,2026-04-08T03:37:25.400973+00:00
142330,CORNERST,2021-03-03,0.61,,,0.61,311833,2026-04-08T03:37:28.29584+00:00
142435,CORNERST,2021-03-04,0.59,,,0.59,1391687,2026-04-08T03:37:30.865183+00:00
142540,CORNERST,2021-03-05,0.55,,,0.55,2140600,2026-04-08T03:37:35.032922+00:00
142645,CORNERST,2021-03-08,0.6,,,0.6,732075,2026-04-08T03:37:40.957406+00:00
142750,CORNERST,2021-03-09,0.6,,,0.6,911284,2026-04-08T03:37:43.478318+00:00
142855,CORNERST,2021-03-10,0.6,,,0.6,118997,2026-04-08T03:37:46.075681+00:00
142960,CORNERST,2021-03-11,0.6,,,0.6,2251106,2026-04-08T03:37:49.142973+00:00
143065,CORNERST,2021-03-12,0.6,,,0.6,162101,2026-04-08T03:37:51.827027+00:00
143170,CORNERST,2021-03-15,0.6,,,0.6,625217,2026-04-08T03:37:56.632273+00:00
143275,CORNERST,2021-03-16,0.6,,,0.6,4505202,2026-04-08T03:37:59.157483+00:00
143380,CORNERST,2021-03-17,0.6,,,0.6,1829,2026-04-08T03:38:01.497417+00:00
143485,CORNERST,2021-03-18,0.6,,,0.6,5617,2026-04-08T03:38:03.831621+00:00
143590,CORNERST,2021-03-19,0.6,,,0.6,0,2026-04-08T03:38:06.31825+00:00
143695,CORNERST,2021-03-22,0.6,,,0.6,593636,2026-04-08T03:38:11.081229+00:00
143800,CORNERST,2021-03-23,0.56,,,0.56,204359,2026-04-08T03:38:13.396015+00:00
143905,CORNERST,2021-03-24,0.61,,,0.61,323298,2026-04-08T03:38:15.81449+00:00
144010,CORNERST,2021-03-25,0.61,,,0.61,46828,2026-04-08T03:38:18.283134+00:00
144115,CORNERST,2021-03-26,0.61,,,0.61,128950,2026-04-08T03:38:20.746814+00:00
144220,CORNERST,2021-03-29,0.55,,,0.55,1221951,2026-04-08T03:38:25.159246+00:00
144325,CORNERST,2021-03-30,0.6,,,0.6,200617,2026-04-08T03:38:27.475529+00:00
144430,CORNERST,2021-03-31,0.6,,,0.6,233212,2026-04-08T03:38:29.710175+00:00
144535,CORNERST,2021-04-01,0.6,,,0.6,1700233,2026-04-08T03:38:32.086622+00:00
144640,CORNERST,2021-04-06,0.6,,,0.6,617,2026-04-08T03:38:38.336109+00:00
144745,CORNERST,2021-04-07,0.57,,,0.57,306568,2026-04-08T03:38:40.597593+00:00
144850,CORNERST,2021-04-08,0.57,,,0.57,181934,2026-04-08T03:38:43.050318+00:00
144955,CORNERST,2021-04-09,0.56,,,0.56,2527680,2026-04-08T03:38:45.381101+00:00
145060,CORNERST,2021-04-12,0.56,,,0.56,3016308,2026-04-08T03:38:49.634064+00:00
145165,CORNERST,2021-04-14,0.55,,,0.55,1055317,2026-04-08T03:38:53.291299+00:00
145270,CORNERST,2021-04-15,0.54,,,0.54,442467,2026-04-08T03:38:55.647647+00:00
145375,CORNERST,2021-04-16,0.54,,,0.54,2600633,2026-04-08T03:38:58.039758+00:00
145480,CORNERST,2021-04-19,0.53,,,0.53,2851345,2026-04-08T03:39:02.639407+00:00
145585,CORNERST,2021-04-20,0.54,,,0.54,100617,2026-04-08T03:39:05.009889+00:00
145690,CORNERST,2021-04-21,0.54,,,0.54,375466,2026-04-08T03:39:07.371999+00:00
145795,CORNERST,2021-04-22,0.54,,,0.54,2481950,2026-04-08T03:39:09.720023+00:00
145900,CORNERST,2021-04-26,0.57,,,0.57,3964825,2026-04-08T03:39:15.36746+00:00
146005,CORNERST,2021-04-27,0.57,,,0.57,141546,2026-04-08T03:39:17.695414+00:00
146110,CORNERST,2021-04-28,0.53,,,0.53,1060000,2026-04-08T03:39:20.620007+00:00
146215,CORNERST,2021-04-29,0.53,,,0.53,83928,2026-04-08T03:39:22.905871+00:00
146320,CORNERST,2021-04-30,0.53,,,0.53,40786,2026-04-08T03:39:25.430976+00:00
146425,CORNERST,2021-05-04,0.53,,,0.53,50500,2026-04-08T03:39:31.322792+00:00
146530,CORNERST,2021-05-05,0.54,,,0.54,221715,2026-04-08T03:39:33.759587+00:00
146635,CORNERST,2021-05-06,0.54,,,0.54,65764,2026-04-08T03:39:36.246061+00:00
146740,CORNERST,2021-05-07,0.54,,,0.54,20000,2026-04-08T03:39:38.47254+00:00
146845,CORNERST,2021-05-10,0.54,,,0.54,590489,2026-04-08T03:39:42.886326+00:00
146950,CORNERST,2021-05-11,0.54,,,0.54,190550,2026-04-08T03:39:45.288668+00:00
147055,CORNERST,2021-05-14,0.55,,,0.55,272484,2026-04-08T03:39:49.859206+00:00
147160,CORNERST,2021-05-17,0.55,,,0.55,473617,2026-04-08T03:39:54.343913+00:00
147265,CORNERST,2021-05-18,0.51,,,0.51,2757928,2026-04-08T03:39:57.092526+00:00
147370,CORNERST,2021-05-19,0.52,,,0.52,774903,2026-04-08T03:39:59.433321+00:00
147475,CORNERST,2021-05-20,0.53,,,0.53,383713,2026-04-08T03:40:01.906518+00:00
147580,CORNERST,2021-05-21,0.54,,,0.54,670391,2026-04-08T03:40:04.221824+00:00
147685,CORNERST,2021-05-24,0.54,,,0.54,359333,2026-04-08T03:40:08.535937+00:00
147790,CORNERST,2021-05-25,0.54,,,0.54,15312,2026-04-08T03:40:10.790359+00:00
147895,CORNERST,2021-05-26,0.54,,,0.54,30833,2026-04-08T03:40:13.088105+00:00
148000,CORNERST,2021-05-27,0.54,,,0.54,2364523,2026-04-08T03:40:15.774564+00:00
148105,CORNERST,2021-05-28,0.54,,,0.54,25654,2026-04-08T03:40:18.222614+00:00
148210,CORNERST,2021-05-31,0.54,,,0.54,143408,2026-04-08T03:40:23.651574+00:00
148315,CORNERST,2021-06-01,0.54,,,0.54,470800,2026-04-08T03:40:26.050454+00:00
148420,CORNERST,2021-06-02,0.54,,,0.54,621809,2026-04-08T03:40:28.576306+00:00
148525,CORNERST,2021-06-03,0.54,,,0.54,48574,2026-04-08T03:40:31.001459+00:00
148630,CORNERST,2021-06-04,0.56,,,0.56,466575,2026-04-08T03:40:33.442796+00:00
148735,CORNERST,2021-06-07,0.56,,,0.56,30000,2026-04-08T03:40:37.732645+00:00
148840,CORNERST,2021-06-08,0.58,,,0.58,1581915,2026-04-08T03:40:40.102423+00:00
148945,CORNERST,2021-06-09,0.58,,,0.58,17000,2026-04-08T03:40:42.486352+00:00
149050,CORNERST,2021-06-10,0.55,,,0.55,340161,2026-04-08T03:40:45.029393+00:00
149155,CORNERST,2021-06-11,0.55,,,0.55,546835,2026-04-08T03:40:47.465669+00:00
149260,CORNERST,2021-06-15,0.5,,,0.5,3207367,2026-04-08T03:40:53.415974+00:00
149365,CORNERST,2021-06-16,0.55,,,0.55,2115389,2026-04-08T03:40:55.754681+00:00
149471,CORNERST,2021-06-17,0.55,,,0.55,465126,2026-04-08T03:40:58.172345+00:00
149577,CORNERST,2021-06-18,0.58,,,0.58,466751,2026-04-08T03:41:00.479054+00:00
149683,CORNERST,2021-06-21,0.55,,,0.55,622967,2026-04-08T03:41:05.049703+00:00
149790,CORNERST,2021-06-22,0.51,,,0.51,261000,2026-04-08T03:41:07.444448+00:00
149897,CORNERST,2021-06-23,0.56,,,0.56,295984,2026-04-08T03:41:09.819069+00:00
150004,CORNERST,2021-06-24,0.56,,,0.56,400,2026-04-08T03:41:12.2583+00:00
150111,CORNERST,2021-06-25,0.56,,,0.56,0,2026-04-08T03:41:14.6351+00:00
150218,CORNERST,2021-06-28,0.56,,,0.56,6026,2026-04-08T03:41:19.428749+00:00
150325,CORNERST,2021-06-29,0.56,,,0.56,87665,2026-04-08T03:41:22.147646+00:00
150432,CORNERST,2021-06-30,0.56,,,0.56,243909,2026-04-08T03:41:24.723581+00:00
150539,CORNERST,2021-07-01,0.54,,,0.54,251698,2026-04-08T03:41:27.253573+00:00
150646,CORNERST,2021-07-02,0.54,,,0.54,5781,2026-04-08T03:41:29.882533+00:00
150753,CORNERST,2021-07-05,0.54,,,0.54,81720,2026-04-08T03:41:34.454391+00:00
150860,CORNERST,2021-07-06,0.54,,,0.54,88000,2026-04-08T03:41:36.982623+00:00
150967,CORNERST,2021-07-07,0.54,,,0.54,63094,2026-04-08T03:41:39.307643+00:00
151074,CORNERST,2021-07-08,0.54,,,0.54,696542,2026-04-08T03:41:41.672436+00:00
151182,CORNERST,2021-07-09,0.55,,,0.55,948586,2026-04-08T03:41:44.186247+00:00
151290,CORNERST,2021-07-12,0.55,,,0.55,179100,2026-04-08T03:41:48.615121+00:00
151398,CORNERST,2021-07-13,0.56,,,0.56,355032,2026-04-08T03:41:50.993586+00:00
151506,CORNERST,2021-07-14,0.53,,,0.53,229900,2026-04-08T03:41:53.268+00:00
151614,CORNERST,2021-07-15,0.53,,,0.53,166518,2026-04-08T03:41:55.50175+00:00
151722,CORNERST,2021-07-16,0.53,,,0.53,154937,2026-04-08T03:41:57.978751+00:00
151830,CORNERST,2021-07-19,0.53,,,0.53,163000,2026-04-08T03:42:02.439681+00:00
151938,CORNERST,2021-07-22,0.53,,,0.53,76441,2026-04-08T03:42:06.938387+00:00
152046,CORNERST,2021-07-23,0.53,,,0.53,139457,2026-04-08T03:42:09.224536+00:00
152154,CORNERST,2021-07-26,0.53,,,0.53,70083,2026-04-08T03:42:13.888963+00:00
152262,CORNERST,2021-07-27,0.53,,,0.53,280242,2026-04-08T03:42:16.300026+00:00
152370,CORNERST,2021-07-28,0.53,,,0.53,15000,2026-04-08T03:42:18.733972+00:00
152478,CORNERST,2021-07-29,0.54,,,0.54,216367,2026-04-08T03:42:21.196071+00:00
152586,CORNERST,2021-07-30,0.55,,,0.55,200419,2026-04-08T03:42:23.780537+00:00
152694,CORNERST,2021-08-02,0.54,,,0.54,190612,2026-04-08T03:42:28.457705+00:00
152802,CORNERST,2021-08-03,0.54,,,0.54,218153,2026-04-08T03:42:31.094462+00:00
152910,CORNERST,2021-08-04,0.54,,,0.54,62800,2026-04-08T03:42:33.531563+00:00
153018,CORNERST,2021-08-05,0.54,,,0.54,303700,2026-04-08T03:42:35.917081+00:00
153126,CORNERST,2021-08-06,0.54,,,0.54,0,2026-04-08T03:42:38.23616+00:00
153234,CORNERST,2021-08-09,0.52,,,0.52,152953,2026-04-08T03:42:42.878342+00:00
153342,CORNERST,2021-08-10,0.54,,,0.54,112520,2026-04-08T03:42:45.264053+00:00
153450,CORNERST,2021-08-12,0.54,,,0.54,163667,2026-04-08T03:42:48.762656+00:00
153558,CORNERST,2021-08-13,0.54,,,0.54,15,2026-04-08T03:42:51.120096+00:00
153666,CORNERST,2021-08-16,0.54,,,0.54,299500,2026-04-08T03:42:55.556429+00:00
153774,CORNERST,2021-08-17,0.54,,,0.54,15328,2026-04-08T03:42:57.870214+00:00
153882,CORNERST,2021-08-18,0.54,,,0.54,23820,2026-04-08T03:43:00.318272+00:00
153990,CORNERST,2021-08-19,0.53,,,0.53,136160,2026-04-08T03:43:02.743698+00:00
154098,CORNERST,2021-08-20,0.53,,,0.53,261326,2026-04-08T03:43:05.111187+00:00
154206,CORNERST,2021-08-23,0.53,,,0.53,15326,2026-04-08T03:43:09.725908+00:00
154314,CORNERST,2021-08-24,0.53,,,0.53,943,2026-04-08T03:43:12.031989+00:00
154422,CORNERST,2021-08-25,0.53,,,0.53,208814,2026-04-08T03:43:14.375004+00:00
154530,CORNERST,2021-08-26,0.53,,,0.53,301000,2026-04-08T03:43:16.860503+00:00
154638,CORNERST,2021-08-27,0.53,,,0.53,21944,2026-04-08T03:43:19.247601+00:00
154746,CORNERST,2021-08-30,0.54,,,0.54,351931,2026-04-08T03:43:23.756871+00:00
154854,CORNERST,2021-08-31,0.57,,,0.57,299294,2026-04-08T03:43:26.203018+00:00
154962,CORNERST,2021-09-01,0.57,,,0.57,121764,2026-04-08T03:43:28.430514+00:00
155070,CORNERST,2021-09-02,0.57,,,0.57,20000,2026-04-08T03:43:30.63423+00:00
155178,CORNERST,2021-09-03,0.57,,,0.57,200,2026-04-08T03:43:33.173741+00:00
155286,CORNERST,2021-09-06,0.57,,,0.57,36177,2026-04-08T03:43:37.566628+00:00
155394,CORNERST,2021-09-07,0.52,,,0.52,4404495,2026-04-08T03:43:39.870652+00:00
155502,CORNERST,2021-09-08,0.52,,,0.52,532333,2026-04-08T03:43:42.125577+00:00
155610,CORNERST,2021-09-09,0.48,,,0.48,1217351,2026-04-08T03:43:44.739177+00:00
155718,CORNERST,2021-09-10,0.48,,,0.48,40967,2026-04-08T03:43:47.339386+00:00
155826,CORNERST,2021-09-13,0.48,,,0.48,40000,2026-04-08T03:43:51.822078+00:00
155934,CORNERST,2021-09-14,0.48,,,0.48,180333,2026-04-08T03:43:54.260371+00:00
156042,CORNERST,2021-09-15,0.48,,,0.48,151218,2026-04-08T03:43:56.896801+00:00
156150,CORNERST,2021-09-16,0.52,,,0.52,379423,2026-04-08T03:43:59.227477+00:00
156258,CORNERST,2021-09-20,0.49,,,0.49,435337,2026-04-08T03:44:04.993721+00:00
156366,CORNERST,2021-09-21,0.49,,,0.49,164126,2026-04-08T03:44:07.727357+00:00
156474,CORNERST,2021-09-22,0.53,,,0.53,1168466,2026-04-08T03:44:10.239254+00:00
156582,CORNERST,2021-09-23,0.58,,,0.58,1792502,2026-04-08T03:44:12.661605+00:00
156690,CORNERST,2021-09-24,0.58,,,0.58,9151,2026-04-08T03:44:15.34542+00:00
156798,CORNERST,2021-09-27,0.58,,,0.58,22433,2026-04-08T03:44:19.850483+00:00
156906,CORNERST,2021-09-28,0.58,,,0.58,191167,2026-04-08T03:44:22.678655+00:00
157014,CORNERST,2021-09-29,0.58,,,0.58,57183,2026-04-08T03:44:25.133662+00:00
157122,CORNERST,2021-09-30,0.58,,,0.58,40,2026-04-08T03:44:27.471646+00:00
157230,CORNERST,2021-10-04,0.53,,,0.53,1001550,2026-04-08T03:44:32.876267+00:00
157338,CORNERST,2021-10-05,0.51,,,0.51,331766,2026-04-08T03:44:35.445743+00:00
157446,CORNERST,2021-10-06,0.51,,,0.51,148000,2026-04-08T03:44:37.876116+00:00
157554,CORNERST,2021-10-07,0.51,,,0.51,2986660,2026-04-08T03:44:40.206594+00:00
157662,CORNERST,2021-10-08,0.51,,,0.51,95614,2026-04-08T03:44:42.63936+00:00
157770,CORNERST,2021-10-11,0.51,,,0.51,66500,2026-04-08T03:44:47.21782+00:00
157878,CORNERST,2021-10-12,0.56,,,0.56,1565216,2026-04-08T03:44:49.55017+00:00
157986,CORNERST,2021-10-13,0.56,,,0.56,108000,2026-04-08T03:44:52.157785+00:00
158094,CORNERST,2021-10-14,0.56,,,0.56,550,2026-04-08T03:44:54.53471+00:00
158202,CORNERST,2021-10-15,0.56,,,0.56,33796,2026-04-08T03:44:56.91657+00:00
158311,CORNERST,2021-10-18,0.56,,,0.56,700,2026-04-08T03:45:01.595863+00:00
158420,CORNERST,2021-10-20,0.56,,,0.56,770349,2026-04-08T03:45:05.471144+00:00
158529,CORNERST,2021-10-21,0.57,,,0.57,278041,2026-04-08T03:45:08.008029+00:00
158636,CORNERST,2021-10-22,0.56,,,0.56,246667,2026-04-08T03:45:10.474564+00:00
158745,CORNERST,2021-10-25,0.56,,,0.56,68683,2026-04-08T03:45:15.28358+00:00
158854,CORNERST,2021-10-26,0.56,,,0.56,162069,2026-04-08T03:45:17.74539+00:00
158963,CORNERST,2021-10-27,0.57,,,0.57,274667,2026-04-08T03:45:20.303823+00:00
159072,CORNERST,2021-10-28,0.57,,,0.57,324813,2026-04-08T03:45:22.610226+00:00
159181,CORNERST,2021-10-29,0.57,,,0.57,116831,2026-04-08T03:45:25.013779+00:00
159290,CORNERST,2021-11-01,0.57,,,0.57,193005,2026-04-08T03:45:29.747778+00:00
159399,CORNERST,2021-11-02,0.59,,,0.59,146446,2026-04-08T03:45:32.292585+00:00
159508,CORNERST,2021-11-03,0.59,,,0.59,13445,2026-04-08T03:45:34.604091+00:00
159617,CORNERST,2021-11-04,0.56,,,0.56,568856,2026-04-08T03:45:37.086301+00:00
159726,CORNERST,2021-11-05,0.56,,,0.56,466011,2026-04-08T03:45:39.522081+00:00
159835,CORNERST,2021-11-08,0.56,,,0.56,235866,2026-04-08T03:45:44.061968+00:00
159944,CORNERST,2021-11-10,0.57,,,0.57,0,2026-04-08T03:45:47.530577+00:00
160053,CORNERST,2021-11-11,0.52,,,0.52,211723,2026-04-08T03:45:49.990111+00:00
160162,CORNERST,2021-11-12,0.52,,,0.52,197819,2026-04-08T03:45:52.531373+00:00
160271,CORNERST,2021-11-15,0.52,,,0.52,49333,2026-04-08T03:45:57.041913+00:00
160380,CORNERST,2021-11-17,0.56,,,0.56,1403258,2026-04-08T03:46:00.536124+00:00
160489,CORNERST,2021-11-18,0.56,,,0.56,102000,2026-04-08T03:46:03.012698+00:00
160598,CORNERST,2021-11-19,0.56,,,0.56,105970,2026-04-08T03:46:05.423699+00:00
160707,CORNERST,2021-11-22,0.56,,,0.56,45000,2026-04-08T03:46:10.306395+00:00
160816,CORNERST,2021-11-23,0.56,,,0.56,3000,2026-04-08T03:46:12.888041+00:00
160925,CORNERST,2021-11-24,0.52,,,0.52,169438,2026-04-08T03:46:15.261589+00:00
161034,CORNERST,2021-11-25,0.52,,,0.52,1007410,2026-04-08T03:46:17.544601+00:00
161143,CORNERST,2021-11-29,0.52,,,0.52,600950,2026-04-08T03:46:23.244686+00:00
161252,CORNERST,2021-11-30,0.52,,,0.52,27900,2026-04-08T03:46:25.627389+00:00
161361,CORNERST,2021-12-01,0.56,,,0.56,691979,2026-04-08T03:46:28.190956+00:00
161470,CORNERST,2021-12-02,0.52,,,0.52,2506334,2026-04-08T03:46:30.651544+00:00
161579,CORNERST,2021-12-03,0.52,,,0.52,267331,2026-04-08T03:46:33.124129+00:00
161688,CORNERST,2021-12-06,0.52,,,0.52,189394,2026-04-08T03:46:37.622095+00:00
161797,CORNERST,2021-12-07,0.52,,,0.52,302183,2026-04-08T03:46:39.947423+00:00
161906,CORNERST,2021-12-08,0.52,,,0.52,75164,2026-04-08T03:46:42.482337+00:00
162015,CORNERST,2021-12-09,0.52,,,0.52,15206,2026-04-08T03:46:44.852467+00:00
162124,CORNERST,2021-12-10,0.5,,,0.5,4070000,2026-04-08T03:46:47.321476+00:00
162234,CORNERST,2021-12-13,0.47,,,0.47,6069000,2026-04-08T03:46:51.775824+00:00
162344,CORNERST,2021-12-14,0.5,,,0.5,976200,2026-04-08T03:46:54.126877+00:00
162454,CORNERST,2021-12-15,0.5,,,0.5,180,2026-04-08T03:46:56.822916+00:00
162564,CORNERST,2021-12-16,0.51,,,0.51,559970,2026-04-08T03:46:59.215115+00:00
162674,CORNERST,2021-12-17,0.51,,,0.51,44673,2026-04-08T03:47:01.752329+00:00
162785,CORNERST,2021-12-20,0.51,,,0.51,370,2026-04-08T03:47:06.293287+00:00
162896,CORNERST,2021-12-21,0.51,,,0.51,100100,2026-04-08T03:47:08.729464+00:00
163007,CORNERST,2021-12-22,0.51,,,0.51,0,2026-04-08T03:47:11.106283+00:00
163118,CORNERST,2021-12-23,0.51,,,0.51,0,2026-04-08T03:47:13.420215+00:00
163229,CORNERST,2021-12-24,0.46,,,0.46,1341333,2026-04-08T03:47:15.708642+00:00
163340,CORNERST,2021-12-29,0.46,,,0.46,43400,2026-04-08T03:47:22.624079+00:00
163451,CORNERST,2021-12-30,0.46,,,0.46,116020,2026-04-08T03:47:25.019388+00:00
163562,CORNERST,2021-12-31,0.46,,,0.46,111914,2026-04-08T03:47:27.803632+00:00
163673,CORNERST,2022-01-04,0.5,,,0.5,2050959,2026-04-08T03:47:33.190226+00:00
163785,CORNERST,2022-01-05,0.5,,,0.5,145875,2026-04-08T03:47:35.481449+00:00
163897,CORNERST,2022-01-06,0.5,,,0.5,45829,2026-04-08T03:47:38.067383+00:00
164009,CORNERST,2022-01-07,0.55,,,0.55,122000,2026-04-08T03:47:40.483305+00:00
164121,CORNERST,2022-01-10,0.55,,,0.55,20057,2026-04-08T03:47:45.097739+00:00
164233,CORNERST,2022-01-11,0.53,,,0.53,589980,2026-04-08T03:47:47.617941+00:00
164345,CORNERST,2022-01-12,0.55,,,0.55,893021,2026-04-08T03:47:50.132225+00:00
164457,CORNERST,2022-01-13,0.55,,,0.55,5034,2026-04-08T03:47:52.673244+00:00
164569,CORNERST,2022-01-14,0.55,,,0.55,0,2026-04-08T03:47:55.308832+00:00
164681,CORNERST,2022-01-17,0.51,,,0.51,2316162,2026-04-08T03:47:59.999655+00:00
164793,CORNERST,2022-01-18,0.5,,,0.5,247517,2026-04-08T03:48:02.353596+00:00
164905,CORNERST,2022-01-19,0.53,,,0.53,245026,2026-04-08T03:48:04.820784+00:00
165017,CORNERST,2022-01-20,0.53,,,0.53,20631,2026-04-08T03:48:07.325935+00:00
165129,CORNERST,2022-01-21,0.53,,,0.53,74250,2026-04-08T03:48:09.696329+00:00
165241,CORNERST,2022-01-24,0.53,,,0.53,49770,2026-04-08T03:48:14.136661+00:00
165353,CORNERST,2022-01-25,0.51,,,0.51,893084,2026-04-08T03:48:16.50614+00:00
165465,CORNERST,2022-01-26,0.51,,,0.51,35052,2026-04-08T03:48:19.024911+00:00
165577,CORNERST,2022-01-27,0.5,,,0.5,506924,2026-04-08T03:48:21.585909+00:00
165689,CORNERST,2022-01-28,0.55,,,0.55,2997332,2026-04-08T03:48:23.969021+00:00
165801,CORNERST,2022-01-31,0.55,,,0.55,296205,2026-04-08T03:48:28.465348+00:00
165913,CORNERST,2022-02-01,0.56,,,0.56,1119751,2026-04-08T03:48:30.807911+00:00
166025,CORNERST,2022-02-02,0.55,,,0.55,10650059,2026-04-08T03:48:33.305516+00:00
166137,CORNERST,2022-02-03,0.56,,,0.56,3858588,2026-04-08T03:48:35.918914+00:00
166249,CORNERST,2022-02-04,0.57,,,0.57,1300000,2026-04-08T03:48:38.317721+00:00
166361,CORNERST,2022-02-07,0.57,,,0.57,246201,2026-04-08T03:48:42.904693+00:00
166473,CORNERST,2022-02-08,0.57,,,0.57,306167,2026-04-08T03:48:45.378139+00:00
166585,CORNERST,2022-02-09,0.57,,,0.57,618110,2026-04-08T03:48:48.035665+00:00
166697,CORNERST,2022-02-10,0.57,,,0.57,828314,2026-04-08T03:48:50.398564+00:00
166809,CORNERST,2022-02-11,0.59,,,0.59,2478855,2026-04-08T03:48:52.774016+00:00
166921,CORNERST,2022-02-14,0.6,,,0.6,2906519,2026-04-08T03:48:57.293433+00:00
167033,CORNERST,2022-02-15,0.6,,,0.6,101005,2026-04-08T03:48:59.662493+00:00
167145,CORNERST,2022-02-16,0.6,,,0.6,252317,2026-04-08T03:49:02.003783+00:00
167257,CORNERST,2022-02-17,0.63,,,0.63,598799,2026-04-08T03:49:04.32656+00:00
167369,CORNERST,2022-02-18,0.6,,,0.6,416120,2026-04-08T03:49:06.711382+00:00
167481,CORNERST,2022-02-21,0.6,,,0.6,141440,2026-04-08T03:49:10.978464+00:00
167593,CORNERST,2022-02-22,0.6,,,0.6,3888300,2026-04-08T03:49:13.528869+00:00
167705,CORNERST,2022-02-23,0.6,,,0.6,2429549,2026-04-08T03:49:15.914345+00:00
167817,CORNERST,2022-02-24,0.65,,,0.65,3733404,2026-04-08T03:49:18.676795+00:00
167929,CORNERST,2022-02-25,0.7,,,0.7,1192310,2026-04-08T03:49:21.264729+00:00
168041,CORNERST,2022-02-28,0.7,,,0.7,424508,2026-04-08T03:49:25.620712+00:00
168153,CORNERST,2022-03-01,0.7,,,0.7,392620,2026-04-08T03:49:28.049171+00:00
168265,CORNERST,2022-03-02,0.64,,,0.64,790032,2026-04-08T03:49:30.283109+00:00
168377,CORNERST,2022-03-03,0.64,,,0.64,575725,2026-04-08T03:49:32.551227+00:00
168489,CORNERST,2022-03-04,0.64,,,0.64,8947,2026-04-08T03:49:34.968546+00:00
168601,CORNERST,2022-03-07,0.7,,,0.7,1243078,2026-04-08T03:49:39.227432+00:00
168713,CORNERST,2022-03-08,0.7,,,0.7,486477,2026-04-08T03:49:41.475537+00:00
168825,CORNERST,2022-03-09,0.7,,,0.7,618370,2026-04-08T03:49:43.759827+00:00
168937,CORNERST,2022-03-10,0.7,,,0.7,4807773,2026-04-08T03:49:46.077826+00:00
169049,CORNERST,2022-03-11,0.74,,,0.74,5816752,2026-04-08T03:49:48.438529+00:00
169161,CORNERST,2022-03-14,0.68,,,0.68,15434265,2026-04-08T03:49:53.114563+00:00
169273,CORNERST,2022-03-15,0.62,,,0.62,8580496,2026-04-08T03:49:55.533531+00:00
169385,CORNERST,2022-03-16,0.62,,,0.62,876585,2026-04-08T03:49:57.903122+00:00
169497,CORNERST,2022-03-17,0.58,,,0.58,5979000,2026-04-08T03:50:00.211329+00:00
169609,CORNERST,2022-03-18,0.58,,,0.58,71520,2026-04-08T03:50:02.865266+00:00
169721,CORNERST,2022-03-21,0.58,,,0.58,19100,2026-04-08T03:50:07.476142+00:00
169833,CORNERST,2022-03-24,0.58,,,0.58,98550,2026-04-08T03:50:12.041871+00:00
169945,CORNERST,2022-03-25,0.58,,,0.58,20905,2026-04-08T03:50:14.507747+00:00
170057,CORNERST,2022-03-28,0.6,,,0.6,3724874,2026-04-08T03:50:18.995306+00:00
170169,CORNERST,2022-03-29,0.6,,,0.6,6008583,2026-04-08T03:50:21.48252+00:00
170281,CORNERST,2022-03-31,0.66,,,0.66,155492,2026-04-08T03:50:25.686443+00:00
170393,CORNERST,2022-04-01,0.66,,,0.66,201000,2026-04-08T03:50:28.209626+00:00
170505,CORNERST,2022-04-04,0.63,,,0.63,446000,2026-04-08T03:50:32.692631+00:00
170617,CORNERST,2022-04-05,0.6,,,0.6,407009,2026-04-08T03:50:35.152392+00:00
170729,CORNERST,2022-04-06,0.6,,,0.6,999620,2026-04-08T03:50:37.478667+00:00
170841,CORNERST,2022-04-07,0.6,,,0.6,45167,2026-04-08T03:50:39.880974+00:00
170953,CORNERST,2022-04-08,0.6,,,0.6,2775000,2026-04-08T03:50:42.48638+00:00
171065,CORNERST,2022-04-11,0.6,,,0.6,6500,2026-04-08T03:50:47.197044+00:00
171177,CORNERST,2022-04-12,0.6,,,0.6,2052284,2026-04-08T03:50:49.473284+00:00
171289,CORNERST,2022-04-13,0.6,,,0.6,153365,2026-04-08T03:50:51.878986+00:00
171401,CORNERST,2022-04-14,0.6,,,0.6,15733,2026-04-08T03:50:54.439705+00:00
171513,CORNERST,2022-04-19,0.6,,,0.6,24183,2026-04-08T03:51:01.439974+00:00
171625,CORNERST,2022-04-20,0.56,,,0.56,6932297,2026-04-08T03:51:03.698116+00:00
171737,CORNERST,2022-04-21,0.61,,,0.61,603630,2026-04-08T03:51:06.083072+00:00
171849,CORNERST,2022-04-22,0.6,,,0.6,291435,2026-04-08T03:51:08.393199+00:00
171961,CORNERST,2022-04-25,0.65,,,0.65,379800,2026-04-08T03:51:12.880327+00:00
172073,CORNERST,2022-04-26,0.66,,,0.66,2480133,2026-04-08T03:51:15.284155+00:00
172185,CORNERST,2022-04-27,0.62,,,0.62,5023433,2026-04-08T03:51:17.680395+00:00
172297,CORNERST,2022-04-28,0.62,,,0.62,240,2026-04-08T03:51:20.413235+00:00
172409,CORNERST,2022-04-29,0.59,,,0.59,2186483,2026-04-08T03:51:22.882631+00:00
172521,CORNERST,2022-05-04,0.56,,,0.56,3614560,2026-04-08T03:51:29.674847+00:00
172633,CORNERST,2022-05-05,0.57,,,0.57,483084,2026-04-08T03:51:32.050072+00:00
172746,CORNERST,2022-05-09,0.58,,,0.58,4948564,2026-04-08T03:51:37.853933+00:00
172859,CORNERST,2022-05-10,0.61,,,0.61,156500,2026-04-08T03:51:40.332012+00:00
172972,CORNERST,2022-05-11,0.6,,,0.6,2335799,2026-04-08T03:51:42.74313+00:00
173085,CORNERST,2022-05-12,0.58,,,0.58,2064606,2026-04-08T03:51:45.11326+00:00
173198,CORNERST,2022-05-13,0.59,,,0.59,721208,2026-04-08T03:51:47.585464+00:00
173311,CORNERST,2022-05-16,0.59,,,0.59,506510,2026-04-08T03:51:52.042574+00:00
173424,CORNERST,2022-05-17,0.58,,,0.58,5073958,2026-04-08T03:51:54.492158+00:00
173537,CORNERST,2022-05-18,0.58,,,0.58,9845591,2026-04-08T03:51:57.297116+00:00
173650,CORNERST,2022-05-19,0.58,,,0.58,1052450,2026-04-08T03:51:59.624655+00:00
173763,CORNERST,2022-05-20,0.58,,,0.58,119808,2026-04-08T03:52:02.40298+00:00
173876,CORNERST,2022-05-23,0.59,,,0.59,339443,2026-04-08T03:52:07.648814+00:00
173989,CORNERST,2022-05-24,0.62,,,0.62,2470084,2026-04-08T03:52:10.277037+00:00
174102,CORNERST,2022-05-25,0.6,,,0.6,866349,2026-04-08T03:52:13.066486+00:00
174215,CORNERST,2022-05-26,0.6,,,0.6,58181,2026-04-08T03:52:15.508934+00:00
174328,CORNERST,2022-05-27,0.61,,,0.61,804667,2026-04-08T03:52:18.156913+00:00
174441,CORNERST,2022-05-30,0.62,,,0.62,540369,2026-04-08T03:52:22.656757+00:00
174554,CORNERST,2022-05-31,0.62,,,0.62,30439,2026-04-08T03:52:25.114026+00:00
174667,CORNERST,2022-06-01,0.62,,,0.62,119506,2026-04-08T03:52:27.834682+00:00
174780,CORNERST,2022-06-02,0.62,,,0.62,1712,2026-04-08T03:52:30.493727+00:00
174893,CORNERST,2022-06-03,0.62,,,0.62,152106,2026-04-08T03:52:33.10221+00:00
175006,CORNERST,2022-06-06,0.62,,,0.62,225000,2026-04-08T03:52:37.969718+00:00
175119,CORNERST,2022-06-07,0.62,,,0.62,4778,2026-04-08T03:52:40.734023+00:00
175232,CORNERST,2022-06-08,0.56,,,0.56,1285948,2026-04-08T03:52:43.634804+00:00
175345,CORNERST,2022-06-09,0.61,,,0.61,748990,2026-04-08T03:52:46.431396+00:00
175458,CORNERST,2022-06-10,0.61,,,0.61,86412,2026-04-08T03:52:48.916453+00:00
175571,CORNERST,2022-06-14,0.62,,,0.62,220508,2026-04-08T03:52:55.08065+00:00
175684,CORNERST,2022-06-15,0.62,,,0.62,1733917,2026-04-08T03:52:57.782204+00:00
175797,CORNERST,2022-06-16,0.62,,,0.62,45667,2026-04-08T03:53:00.45527+00:00
175910,CORNERST,2022-06-17,0.62,,,0.62,33599,2026-04-08T03:53:03.647185+00:00
176023,CORNERST,2022-06-20,0.6,,,0.6,1292272,2026-04-08T03:53:09.449588+00:00
176136,CORNERST,2022-06-21,0.62,,,0.62,150030,2026-04-08T03:53:11.833027+00:00
176249,CORNERST,2022-06-22,0.62,,,0.62,633,2026-04-08T03:53:14.63862+00:00
176362,CORNERST,2022-06-23,0.62,,,0.62,319123,2026-04-08T03:53:17.250825+00:00
176475,CORNERST,2022-06-24,0.62,,,0.62,26617,2026-04-08T03:53:19.718295+00:00
176588,CORNERST,2022-06-27,0.66,,,0.66,2226465,2026-04-08T03:53:24.073012+00:00
176701,CORNERST,2022-06-28,0.66,,,0.66,53500,2026-04-08T03:53:26.399159+00:00
176814,CORNERST,2022-06-29,0.66,,,0.66,277029,2026-04-08T03:53:28.994117+00:00
176927,CORNERST,2022-06-30,0.72,,,0.72,1963039,2026-04-08T03:53:31.346855+00:00
177040,CORNERST,2022-07-01,0.75,,,0.75,2530767,2026-04-08T03:53:33.724657+00:00
177153,CORNERST,2022-07-04,0.75,,,0.75,156501,2026-04-08T03:53:38.198731+00:00
177266,CORNERST,2022-07-06,0.73,,,0.73,1062900,2026-04-08T03:53:41.625349+00:00
177379,CORNERST,2022-07-07,0.73,,,0.73,646916,2026-04-08T03:53:44.268487+00:00
177492,CORNERST,2022-07-13,0.6,,,0.6,742989,2026-04-08T03:53:51.5999+00:00
177605,CORNERST,2022-07-14,0.6,,,0.6,77237,2026-04-08T03:53:54.010732+00:00
177718,CORNERST,2022-07-15,0.57,,,0.57,695911,2026-04-08T03:53:56.616585+00:00
177831,CORNERST,2022-07-18,0.62,,,0.62,453401,2026-04-08T03:54:01.214275+00:00
177944,CORNERST,2022-07-19,0.66,,,0.66,394382,2026-04-08T03:54:03.665978+00:00
178057,CORNERST,2022-07-20,0.66,,,0.66,284639,2026-04-08T03:54:06.203384+00:00
178170,CORNERST,2022-07-21,0.72,,,0.72,1096769,2026-04-08T03:54:08.685258+00:00
178283,CORNERST,2022-07-22,0.72,,,0.72,50000,2026-04-08T03:54:11.171489+00:00
178396,CORNERST,2022-07-25,0.75,,,0.75,481276,2026-04-08T03:54:15.900169+00:00
178509,CORNERST,2022-07-26,0.75,,,0.75,424109,2026-04-08T03:54:18.382379+00:00
178622,CORNERST,2022-07-27,0.75,,,0.75,122410,2026-04-08T03:54:20.730044+00:00
178735,CORNERST,2022-07-28,0.75,,,0.75,102500,2026-04-08T03:54:23.385493+00:00
178848,CORNERST,2022-07-29,0.75,,,0.75,35467,2026-04-08T03:54:25.692024+00:00
178961,CORNERST,2022-08-01,0.75,,,0.75,991779,2026-04-08T03:54:30.144665+00:00
179074,CORNERST,2022-08-02,0.75,,,0.75,1272433,2026-04-08T03:54:32.509592+00:00
179187,CORNERST,2022-08-03,0.68,,,0.68,1689300,2026-04-08T03:54:34.924873+00:00
179300,CORNERST,2022-08-04,0.7,,,0.7,3317374,2026-04-08T03:54:37.32089+00:00
179413,CORNERST,2022-08-05,0.71,,,0.71,3813112,2026-04-08T03:54:40.805957+00:00
179526,CORNERST,2022-08-08,0.75,,,0.75,1962519,2026-04-08T03:54:45.81173+00:00
179639,CORNERST,2022-08-09,0.68,,,0.68,355759,2026-04-08T03:54:48.637408+00:00
179752,CORNERST,2022-08-10,0.73,,,0.73,5213540,2026-04-08T03:54:51.561754+00:00
179865,CORNERST,2022-08-11,0.73,,,0.73,259147,2026-04-08T03:54:54.196076+00:00
179978,CORNERST,2022-08-12,0.73,,,0.73,2443,2026-04-08T03:54:57.115593+00:00
180091,CORNERST,2022-08-15,0.73,,,0.73,28006,2026-04-08T03:55:01.874457+00:00
180204,CORNERST,2022-08-16,0.73,,,0.73,2307454,2026-04-08T03:55:04.540652+00:00
180317,CORNERST,2022-08-17,0.72,,,0.72,11139559,2026-04-08T03:55:07.214991+00:00
180430,CORNERST,2022-08-18,0.72,,,0.72,24667,2026-04-08T03:55:09.916723+00:00
180543,CORNERST,2022-08-19,0.73,,,0.73,1526015,2026-04-08T03:55:12.400686+00:00
180656,CORNERST,2022-08-22,0.72,,,0.72,4361829,2026-04-08T03:55:17.568382+00:00
180769,CORNERST,2022-08-23,0.7,,,0.7,4891185,2026-04-08T03:55:19.990422+00:00
180882,CORNERST,2022-08-24,0.7,,,0.7,1199439,2026-04-08T03:55:23.644905+00:00
180995,CORNERST,2022-08-25,0.7,,,0.7,1154053,2026-04-08T03:55:26.062264+00:00
181108,CORNERST,2022-08-26,0.7,,,0.7,25000,2026-04-08T03:55:28.378019+00:00
181221,CORNERST,2022-08-29,0.7,,,0.7,2253435,2026-04-08T03:55:33.185942+00:00
181334,CORNERST,2022-08-30,0.7,,,0.7,2289667,2026-04-08T03:55:35.909469+00:00
181447,CORNERST,2022-08-31,0.69,,,0.69,1862000,2026-04-08T03:55:38.363566+00:00
181560,CORNERST,2022-09-01,0.69,,,0.69,271266,2026-04-08T03:55:40.868139+00:00
181673,CORNERST,2022-09-02,0.68,,,0.68,2070000,2026-04-08T03:55:43.232165+00:00
181786,CORNERST,2022-09-05,0.67,,,0.67,4511000,2026-04-08T03:55:48.110555+00:00
181899,CORNERST,2022-09-06,0.66,,,0.66,2451000,2026-04-08T03:55:50.526892+00:00
182012,CORNERST,2022-09-07,0.62,,,0.62,3665853,2026-04-08T03:55:53.051287+00:00
182125,CORNERST,2022-09-08,0.64,,,0.64,2164667,2026-04-08T03:55:55.74031+00:00
182238,CORNERST,2022-09-09,0.64,,,0.64,143380,2026-04-08T03:55:58.848563+00:00
182351,CORNERST,2022-09-12,0.64,,,0.64,70075,2026-04-08T03:56:03.370953+00:00
182464,CORNERST,2022-09-13,0.64,,,0.64,3352763,2026-04-08T03:56:05.83654+00:00
182577,CORNERST,2022-09-14,0.63,,,0.63,9354500,2026-04-08T03:56:08.091672+00:00
182690,CORNERST,2022-09-16,0.6,,,0.6,241834,2026-04-08T03:56:11.4683+00:00
182803,CORNERST,2022-09-19,0.62,,,0.62,132190,2026-04-08T03:56:15.923342+00:00
182916,CORNERST,2022-09-20,0.6,,,0.6,683449,2026-04-08T03:56:18.184056+00:00
183029,CORNERST,2022-09-21,0.6,,,0.6,17750,2026-04-08T03:56:20.42724+00:00
183142,CORNERST,2022-09-22,0.54,,,0.54,208027,2026-04-08T03:56:22.767495+00:00
183255,CORNERST,2022-09-23,0.56,,,0.56,896574,2026-04-08T03:56:25.066978+00:00
183368,CORNERST,2022-09-26,0.56,,,0.56,279032,2026-04-08T03:56:29.379703+00:00
183481,CORNERST,2022-09-28,0.56,,,0.56,1350,2026-04-08T03:56:32.717753+00:00
183594,CORNERST,2022-09-29,0.56,,,0.56,100700,2026-04-08T03:56:35.489047+00:00
183707,CORNERST,2022-09-30,0.56,,,0.56,108681,2026-04-08T03:56:37.947618+00:00
183820,CORNERST,2022-10-05,0.51,,,0.51,938224,2026-04-08T03:56:44.538147+00:00
183934,CORNERST,2022-10-06,0.53,,,0.53,1605940,2026-04-08T03:56:46.932693+00:00
184048,CORNERST,2022-10-07,0.5,,,0.5,326894,2026-04-08T03:56:49.334037+00:00
184162,CORNERST,2022-10-11,0.54,,,0.54,911083,2026-04-08T03:56:55.029281+00:00
184276,CORNERST,2022-10-12,0.55,,,0.55,304683,2026-04-08T03:56:58.300033+00:00
184390,CORNERST,2022-10-13,0.52,,,0.52,2629966,2026-04-08T03:57:00.825788+00:00
184504,CORNERST,2022-10-14,0.52,,,0.52,1513994,2026-04-08T03:57:03.298348+00:00
184618,CORNERST,2022-10-17,0.52,,,0.52,685000,2026-04-08T03:57:07.885609+00:00
184732,CORNERST,2022-10-18,0.51,,,0.51,560333,2026-04-08T03:57:10.303346+00:00
184846,CORNERST,2022-10-19,0.5,,,0.5,271289,2026-04-08T03:57:12.819589+00:00
184960,CORNERST,2022-10-20,0.5,,,0.5,0,2026-04-08T03:57:15.111185+00:00
185074,CORNERST,2022-10-21,0.51,,,0.51,101266,2026-04-08T03:57:17.499968+00:00
185188,CORNERST,2022-10-24,0.51,,,0.51,57687,2026-04-08T03:57:21.686266+00:00
185302,CORNERST,2022-10-26,0.48,,,0.48,159392,2026-04-08T03:57:24.913682+00:00
185416,CORNERST,2022-10-27,0.5,,,0.5,406105,2026-04-08T03:57:27.260544+00:00
185530,CORNERST,2022-10-28,0.5,,,0.5,83124,2026-04-08T03:57:29.835926+00:00
185644,CORNERST,2022-10-31,0.5,,,0.5,328403,2026-04-08T03:57:34.21591+00:00
185758,CORNERST,2022-11-01,0.47,,,0.47,2034667,2026-04-08T03:57:36.609373+00:00
185872,CORNERST,2022-11-02,0.45,,,0.45,1169650,2026-04-08T03:57:39.066556+00:00
185986,CORNERST,2022-11-03,0.44,,,0.44,208500,2026-04-08T03:57:41.442199+00:00
186100,CORNERST,2022-11-04,0.44,,,0.44,467674,2026-04-08T03:57:43.70904+00:00
186214,CORNERST,2022-11-08,0.4,,,0.4,202000,2026-04-08T03:57:49.123122+00:00
186328,CORNERST,2022-11-09,0.4,,,0.4,395250,2026-04-08T03:57:51.464602+00:00
186442,CORNERST,2022-11-10,0.4,,,0.4,54058,2026-04-08T03:57:54.291842+00:00
186556,CORNERST,2022-11-11,0.44,,,0.44,325550,2026-04-08T03:57:56.704911+00:00
186670,CORNERST,2022-11-14,0.44,,,0.44,256053,2026-04-08T03:58:01.331373+00:00
186784,CORNERST,2022-11-15,0.4,,,0.4,1466818,2026-04-08T03:58:03.6444+00:00
186898,CORNERST,2022-11-16,0.44,,,0.44,1089430,2026-04-08T03:58:06.118311+00:00
187012,CORNERST,2022-11-17,0.44,,,0.44,34533,2026-04-08T03:58:08.47049+00:00
187126,CORNERST,2022-11-18,0.44,,,0.44,586267,2026-04-08T03:58:10.955275+00:00
187240,CORNERST,2022-11-21,0.44,,,0.44,96326,2026-04-08T03:58:15.672507+00:00
187354,CORNERST,2022-11-22,0.44,,,0.44,154700,2026-04-08T03:58:18.170118+00:00
187468,CORNERST,2022-11-24,0.48,,,0.48,140117,2026-04-08T03:58:21.692503+00:00
187582,CORNERST,2022-11-25,0.51,,,0.51,454083,2026-04-08T03:58:24.033539+00:00
187696,CORNERST,2022-11-28,0.51,,,0.51,156301,2026-04-08T03:58:28.532723+00:00
187810,CORNERST,2022-11-29,0.51,,,0.51,121719,2026-04-08T03:58:30.983113+00:00
187924,CORNERST,2022-11-30,0.5,,,0.5,230934,2026-04-08T03:58:33.448849+00:00
188038,CORNERST,2022-12-01,0.5,,,0.5,1050,2026-04-08T03:58:35.664261+00:00
188153,CORNERST,2022-12-02,0.48,,,0.48,200000,2026-04-08T03:58:37.897027+00:00
188267,CORNERST,2022-12-05,0.48,,,0.48,202609,2026-04-08T03:58:42.456795+00:00
188381,CORNERST,2022-12-06,0.48,,,0.48,863552,2026-04-08T03:58:44.756119+00:00
188495,CORNERST,2022-12-07,0.45,,,0.45,1039823,2026-04-08T03:58:47.196669+00:00
188609,CORNERST,2022-12-08,0.46,,,0.46,171549,2026-04-08T03:58:49.52806+00:00
188723,CORNERST,2022-12-09,0.46,,,0.46,73248,2026-04-08T03:58:51.902427+00:00
188837,CORNERST,2022-12-12,0.46,,,0.46,129033,2026-04-08T03:58:56.156124+00:00
188951,CORNERST,2022-12-13,0.5,,,0.5,1592119,2026-04-08T03:58:58.485404+00:00
189065,CORNERST,2022-12-14,0.48,,,0.48,277100,2026-04-08T03:59:00.851945+00:00
189179,CORNERST,2022-12-15,0.52,,,0.52,228500,2026-04-08T03:59:03.086647+00:00
189293,CORNERST,2022-12-16,0.52,,,0.52,60150,2026-04-08T03:59:05.5442+00:00
189407,CORNERST,2022-12-19,0.52,,,0.52,158500,2026-04-08T03:59:09.806719+00:00
189521,CORNERST,2022-12-20,0.52,,,0.52,4250,2026-04-08T03:59:12.630732+00:00
189635,CORNERST,2022-12-21,0.52,,,0.52,615277,2026-04-08T03:59:14.990319+00:00
189749,CORNERST,2022-12-22,0.52,,,0.52,56667,2026-04-08T03:59:17.229229+00:00
189863,CORNERST,2022-12-23,0.5,,,0.5,249294,2026-04-08T03:59:19.674012+00:00
189977,CORNERST,2022-12-28,0.55,,,0.55,352642,2026-04-08T03:59:26.406492+00:00
190091,CORNERST,2022-12-30,0.6,,,0.6,392980,2026-04-08T03:59:29.796579+00:00
190205,CORNERST,2023-01-04,0.6,,,0.6,221052,2026-04-08T03:59:36.276207+00:00
190319,CORNERST,2023-01-05,0.6,,,0.6,10691,2026-04-08T03:59:38.771807+00:00
190433,CORNERST,2023-01-06,0.6,,,0.6,1072887,2026-04-08T03:59:41.229635+00:00
190547,CORNERST,2023-01-09,0.6,,,0.6,33485,2026-04-08T03:59:45.608271+00:00
190661,CORNERST,2023-01-10,0.56,,,0.56,327806,2026-04-08T03:59:47.862187+00:00
190775,CORNERST,2023-01-11,0.55,,,0.55,1086999,2026-04-08T03:59:50.211712+00:00
190889,CORNERST,2023-01-12,0.55,,,0.55,63820,2026-04-08T03:59:52.676239+00:00
191003,CORNERST,2023-01-13,0.55,,,0.55,29850,2026-04-08T03:59:55.073566+00:00
191117,CORNERST,2023-01-17,0.56,,,0.56,2210083,2026-04-08T04:00:00.52991+00:00
191231,CORNERST,2023-01-18,0.56,,,0.56,39696,2026-04-08T04:00:02.930508+00:00
191345,CORNERST,2023-01-19,0.56,,,0.56,46177,2026-04-08T04:00:05.157464+00:00
191459,CORNERST,2023-01-20,0.6,,,0.6,2317479,2026-04-08T04:00:07.441529+00:00
191573,CORNERST,2023-01-23,0.54,,,0.54,3981797,2026-04-08T04:00:11.934625+00:00
191687,CORNERST,2023-01-24,0.58,,,0.58,142387,2026-04-08T04:00:14.448563+00:00
191801,CORNERST,2023-01-25,0.54,,,0.54,2956150,2026-04-08T04:00:16.660222+00:00
191915,CORNERST,2023-01-26,0.54,,,0.54,12274,2026-04-08T04:00:19.02129+00:00
192029,CORNERST,2023-01-27,0.59,,,0.59,244203,2026-04-08T04:00:21.366865+00:00
192143,CORNERST,2023-01-30,0.59,,,0.59,2114749,2026-04-08T04:00:26.318741+00:00
192257,CORNERST,2023-01-31,0.6,,,0.6,852893,2026-04-08T04:00:28.560212+00:00
192371,CORNERST,2023-02-06,0.63,,,0.63,466248,2026-04-08T04:00:36.14931+00:00
192485,CORNERST,2023-02-07,0.63,,,0.63,203090,2026-04-08T04:00:38.379875+00:00
192599,CORNERST,2023-02-08,0.63,,,0.63,0,2026-04-08T04:00:40.736361+00:00
192713,CORNERST,2023-02-09,0.6,,,0.6,366687,2026-04-08T04:00:43.03687+00:00
192827,CORNERST,2023-02-10,0.59,,,0.59,135250,2026-04-08T04:00:46.517744+00:00
192941,CORNERST,2023-02-13,0.61,,,0.61,2468040,2026-04-08T04:00:50.958429+00:00
193055,CORNERST,2023-02-14,0.6,,,0.6,1178490,2026-04-08T04:00:53.400398+00:00
193169,CORNERST,2023-02-15,0.61,,,0.61,206757,2026-04-08T04:00:55.645789+00:00
193283,CORNERST,2023-02-16,0.61,,,0.61,90098,2026-04-08T04:00:58.043326+00:00
193397,CORNERST,2023-02-17,0.6,,,0.6,1399853,2026-04-08T04:01:00.355798+00:00
193511,CORNERST,2023-02-20,0.6,,,0.6,147772,2026-04-08T04:01:04.633293+00:00
193625,CORNERST,2023-02-21,0.6,,,0.6,167830,2026-04-08T04:01:06.910783+00:00
193739,CORNERST,2023-02-22,0.6,,,0.6,258125,2026-04-08T04:01:09.421576+00:00
193853,CORNERST,2023-02-23,0.65,,,0.65,952018,2026-04-08T04:01:11.765387+00:00
193967,CORNERST,2023-02-24,0.6,,,0.6,127395,2026-04-08T04:01:14.12415+00:00
194081,CORNERST,2023-02-27,0.64,,,0.64,609661,2026-04-08T04:01:18.463572+00:00
194195,CORNERST,2023-02-28,0.65,,,0.65,332176,2026-04-08T04:01:20.671303+00:00
194309,CORNERST,2023-03-01,0.64,,,0.64,130891,2026-04-08T04:01:23.068989+00:00
194423,CORNERST,2023-03-02,0.64,,,0.64,158624,2026-04-08T04:01:25.352172+00:00
194537,CORNERST,2023-03-03,0.65,,,0.65,329236,2026-04-08T04:01:27.716711+00:00
194651,CORNERST,2023-03-06,0.63,,,0.63,224273,2026-04-08T04:01:32.392486+00:00
194765,CORNERST,2023-03-07,0.63,,,0.63,81933,2026-04-08T04:01:34.845095+00:00
194879,CORNERST,2023-03-08,0.65,,,0.65,214850,2026-04-08T04:01:37.261757+00:00
194993,CORNERST,2023-03-09,0.65,,,0.65,104526,2026-04-08T04:01:39.987396+00:00
195107,CORNERST,2023-03-13,0.65,,,0.65,168380,2026-04-08T04:01:45.627511+00:00
195221,CORNERST,2023-03-14,0.65,,,0.65,190000,2026-04-08T04:01:48.257383+00:00
195335,CORNERST,2023-03-15,0.65,,,0.65,427976,2026-04-08T04:01:50.627346+00:00
195449,CORNERST,2023-03-16,0.65,,,0.65,1782291,2026-04-08T04:01:53.062383+00:00
195563,CORNERST,2023-03-17,0.65,,,0.65,2404659,2026-04-08T04:01:55.701252+00:00
195677,CORNERST,2023-03-20,0.65,,,0.65,2346934,2026-04-08T04:01:59.933448+00:00
195791,CORNERST,2023-03-22,0.65,,,0.65,2580,2026-04-08T04:02:03.467012+00:00
195905,CORNERST,2023-03-23,0.68,,,0.68,384744,2026-04-08T04:02:05.929911+00:00
196019,CORNERST,2023-03-24,0.68,,,0.68,1175835,2026-04-08T04:02:08.248632+00:00
196133,CORNERST,2023-03-27,0.68,,,0.68,17968,2026-04-08T04:02:12.564733+00:00
196247,CORNERST,2023-03-28,0.67,,,0.67,119679,2026-04-08T04:02:14.764209+00:00
196361,CORNERST,2023-03-29,0.66,,,0.66,701612,2026-04-08T04:02:17.140393+00:00
196475,CORNERST,2023-03-30,0.67,,,0.67,762746,2026-04-08T04:02:19.470716+00:00
196589,CORNERST,2023-03-31,0.67,,,0.67,538022,2026-04-08T04:02:21.739047+00:00
196703,CORNERST,2023-04-03,0.65,,,0.65,1538226,2026-04-08T04:02:26.060346+00:00
196817,CORNERST,2023-04-04,0.66,,,0.66,873083,2026-04-08T04:02:28.444728+00:00
196931,CORNERST,2023-04-05,0.66,,,0.66,75985,2026-04-08T04:02:30.864627+00:00
197045,CORNERST,2023-04-06,0.65,,,0.65,586817,2026-04-08T04:02:33.239626+00:00
197159,CORNERST,2023-04-11,0.65,,,0.65,2433270,2026-04-08T04:02:39.320239+00:00
197273,CORNERST,2023-04-12,0.65,,,0.65,183550,2026-04-08T04:02:41.643197+00:00
197387,CORNERST,2023-04-13,0.65,,,0.65,16500,2026-04-08T04:02:44.360634+00:00
197501,CORNERST,2023-04-14,0.65,,,0.65,18500,2026-04-08T04:02:47.093001+00:00
197615,CORNERST,2023-04-17,0.65,,,0.65,230543,2026-04-08T04:02:52.113012+00:00
197729,CORNERST,2023-04-18,0.65,,,0.65,647864,2026-04-08T04:02:54.97501+00:00
197843,CORNERST,2023-04-19,0.65,,,0.65,191633,2026-04-08T04:02:57.648371+00:00
197957,CORNERST,2023-04-20,0.65,,,0.65,5077,2026-04-08T04:03:00.087899+00:00
198071,CORNERST,2023-04-25,0.65,,,0.65,1216617,2026-04-08T04:03:06.320111+00:00
198185,CORNERST,2023-04-26,0.65,,,0.65,1109100,2026-04-08T04:03:08.704488+00:00
198299,CORNERST,2023-04-27,0.65,,,0.65,11050,2026-04-08T04:03:11.176222+00:00
198413,CORNERST,2023-04-28,0.65,,,0.65,1123333,2026-04-08T04:03:13.757457+00:00
198527,CORNERST,2023-05-03,0.65,,,0.65,7697,2026-04-08T04:03:20.258962+00:00
198641,CORNERST,2023-05-04,0.65,,,0.65,21966,2026-04-08T04:03:22.719511+00:00
198755,CORNERST,2023-05-08,0.65,,,0.65,2695524,2026-04-08T04:03:29.045349+00:00
198869,CORNERST,2023-05-09,0.65,,,0.65,100,2026-04-08T04:03:32.620003+00:00
198983,CORNERST,2023-05-12,0.65,,,0.65,502873,2026-04-08T04:03:37.286216+00:00
199097,CORNERST,2023-05-15,0.68,,,0.68,743021,2026-04-08T04:03:41.825544+00:00
199211,CORNERST,2023-05-16,0.74,,,0.74,2809970,2026-04-08T04:03:44.244464+00:00
199325,CORNERST,2023-05-17,0.81,,,0.81,2588306,2026-04-08T04:03:46.492518+00:00
199439,CORNERST,2023-05-18,0.78,,,0.78,1799849,2026-04-08T04:03:48.752249+00:00
199553,CORNERST,2023-05-19,0.8,,,0.8,709850,2026-04-08T04:03:51.139215+00:00
199667,CORNERST,2023-05-22,0.8,,,0.8,1817600,2026-04-08T04:03:55.484935+00:00
199781,CORNERST,2023-05-23,0.8,,,0.8,735523,2026-04-08T04:03:57.886867+00:00
199895,CORNERST,2023-05-24,0.8,,,0.8,1069068,2026-04-08T04:04:00.334047+00:00
200009,CORNERST,2023-05-25,0.8,,,0.8,358257,2026-04-08T04:04:02.79018+00:00
200123,CORNERST,2023-05-26,0.8,,,0.8,510382,2026-04-08T04:04:05.139052+00:00
200237,CORNERST,2023-05-30,0.8,,,0.8,1326622,2026-04-08T04:04:11.011702+00:00
200351,CORNERST,2023-06-01,0.85,,,0.85,876673,2026-04-08T04:04:14.390605+00:00
200465,CORNERST,2023-06-02,0.83,,,0.83,486326,2026-04-08T04:04:16.732653+00:00
200579,CORNERST,2023-06-05,0.9,,,0.9,963511,2026-04-08T04:04:21.343031+00:00
200693,CORNERST,2023-06-06,0.92,,,0.92,4484065,2026-04-08T04:04:23.98223+00:00
200807,CORNERST,2023-06-07,1.01,,,1.01,1382524,2026-04-08T04:04:26.507718+00:00
200921,CORNERST,2023-06-08,1.11,,,1.11,5234509,2026-04-08T04:04:29.08401+00:00
201035,CORNERST,2023-06-09,1.14,,,1.14,1209460,2026-04-08T04:04:31.44664+00:00
201149,CORNERST,2023-06-13,1.14,,,1.14,177367,2026-04-08T04:04:36.862505+00:00
201263,CORNERST,2023-06-14,1.13,,,1.13,1824648,2026-04-08T04:04:39.320552+00:00
201377,CORNERST,2023-06-15,1.02,,,1.02,2587865,2026-04-08T04:04:41.673534+00:00
201491,CORNERST,2023-06-16,1.11,,,1.11,3252841,2026-04-08T04:04:44.052846+00:00
201605,CORNERST,2023-06-19,1.12,,,1.12,527155,2026-04-08T04:04:48.541112+00:00
201719,CORNERST,2023-06-20,1.01,,,1.01,1015443,2026-04-08T04:04:51.378552+00:00
201833,CORNERST,2023-06-21,1.01,,,1.01,299245,2026-04-08T04:04:53.764277+00:00
201947,CORNERST,2023-06-22,1.11,,,1.11,1205599,2026-04-08T04:04:56.145117+00:00
202061,CORNERST,2023-06-26,1.21,,,1.21,337953,2026-04-08T04:05:01.671465+00:00
202175,CORNERST,2023-06-30,1.1,,,1.1,4026106,2026-04-08T04:05:07.377697+00:00
202289,CORNERST,2023-07-03,1.0,,,1.0,5574428,2026-04-08T04:05:11.758079+00:00
202403,CORNERST,2023-07-04,1.06,,,1.06,1133391,2026-04-08T04:05:14.17436+00:00
202517,CORNERST,2023-07-05,1.02,,,1.02,314726,2026-04-08T04:05:16.577423+00:00
202631,CORNERST,2023-07-06,1.02,,,1.02,13400,2026-04-08T04:05:19.075393+00:00
202745,CORNERST,2023-07-07,1.08,,,1.08,1040472,2026-04-08T04:05:21.415756+00:00
202859,CORNERST,2023-07-10,1.06,,,1.06,1376016,2026-04-08T04:05:26.355595+00:00
202973,CORNERST,2023-07-11,1.09,,,1.09,2321883,2026-04-08T04:05:28.903538+00:00
203087,CORNERST,2023-07-12,1.01,,,1.01,829592,2026-04-08T04:05:31.299012+00:00
203201,CORNERST,2023-07-14,1.01,,,1.01,64857,2026-04-08T04:05:34.698751+00:00
203315,CORNERST,2023-07-17,1.06,,,1.06,2451495,2026-04-08T04:05:39.139368+00:00
203429,CORNERST,2023-07-19,1.06,,,1.06,51481,2026-04-08T04:05:42.577032+00:00
203543,CORNERST,2023-07-20,1.06,,,1.06,148850,2026-04-08T04:05:45.122849+00:00
203657,CORNERST,2023-07-21,0.96,,,0.96,676568,2026-04-08T04:05:47.594805+00:00
203771,CORNERST,2023-07-24,0.96,,,0.96,389138,2026-04-08T04:05:52.167161+00:00
203885,CORNERST,2023-07-25,0.88,,,0.88,2814202,2026-04-08T04:05:54.602351+00:00
203999,CORNERST,2023-07-26,0.95,,,0.95,1863857,2026-04-08T04:05:57.515236+00:00
204113,CORNERST,2023-07-27,0.89,,,0.89,595550,2026-04-08T04:05:59.880161+00:00
204227,CORNERST,2023-07-28,0.89,,,0.89,200748,2026-04-08T04:06:02.220136+00:00
204341,CORNERST,2023-07-31,0.88,,,0.88,904012,2026-04-08T04:06:06.790851+00:00
204455,CORNERST,2023-08-02,0.86,,,0.86,197675,2026-04-08T04:06:10.326378+00:00
204569,CORNERST,2023-08-03,0.94,,,0.94,6285073,2026-04-08T04:06:12.834218+00:00
204683,CORNERST,2023-08-04,0.97,,,0.97,811980,2026-04-08T04:06:15.200886+00:00
204797,CORNERST,2023-08-07,0.9,,,0.9,942550,2026-04-08T04:06:19.871718+00:00
204911,CORNERST,2023-08-08,0.94,,,0.94,641702,2026-04-08T04:06:22.245918+00:00
205025,CORNERST,2023-08-09,0.99,,,0.99,1503201,2026-04-08T04:06:24.635943+00:00
205139,CORNERST,2023-08-10,1.08,,,1.08,497141,2026-04-08T04:06:27.035398+00:00
205253,CORNERST,2023-08-11,1.18,,,1.18,3159356,2026-04-08T04:06:29.455701+00:00
205367,CORNERST,2023-08-14,1.29,,,1.29,1038425,2026-04-08T04:06:33.923569+00:00
205481,CORNERST,2023-08-15,1.41,,,1.41,8603546,2026-04-08T04:06:36.358161+00:00
205595,CORNERST,2023-08-16,1.31,,,1.31,2028986,2026-04-08T04:06:38.679915+00:00
205709,CORNERST,2023-08-17,1.31,,,1.31,186499,2026-04-08T04:06:40.998805+00:00
205823,CORNERST,2023-08-18,1.3,,,1.3,2456057,2026-04-08T04:06:43.468275+00:00
205937,CORNERST,2023-08-21,1.22,,,1.22,459795,2026-04-08T04:06:47.688711+00:00
206051,CORNERST,2023-08-24,1.42,,,1.42,75584,2026-04-08T04:06:51.989424+00:00
206165,CORNERST,2023-08-25,1.42,,,1.42,359325,2026-04-08T04:06:54.38475+00:00
206279,CORNERST,2023-08-28,1.42,,,1.42,184753,2026-04-08T04:06:59.310949+00:00
206393,CORNERST,2023-08-29,1.32,,,1.32,1517303,2026-04-08T04:07:01.613742+00:00
206507,CORNERST,2023-08-30,1.4,,,1.4,827708,2026-04-08T04:07:03.820209+00:00
206621,CORNERST,2023-09-01,1.4,,,1.4,84945,2026-04-08T04:07:07.195585+00:00
206735,CORNERST,2023-09-04,1.27,,,1.27,1882716,2026-04-08T04:07:11.730996+00:00
206849,CORNERST,2023-09-05,1.18,,,1.18,420833,2026-04-08T04:07:14.175893+00:00
206963,CORNERST,2023-09-06,1.24,,,1.24,1853020,2026-04-08T04:07:16.66229+00:00
207077,CORNERST,2023-09-07,1.24,,,1.24,48758,2026-04-08T04:07:19.134101+00:00
207191,CORNERST,2023-09-08,1.24,,,1.24,107010,2026-04-08T04:07:21.445908+00:00
207305,CORNERST,2023-09-11,1.23,,,1.23,502855,2026-04-08T04:07:26.133096+00:00
207419,CORNERST,2023-09-12,1.11,,,1.11,1356565,2026-04-08T04:07:28.57479+00:00
207533,CORNERST,2023-09-13,1.22,,,1.22,2350833,2026-04-08T04:07:30.890589+00:00
207647,CORNERST,2023-09-14,1.28,,,1.28,882620,2026-04-08T04:07:33.324455+00:00
207761,CORNERST,2023-09-15,1.4,,,1.4,890029,2026-04-08T04:07:35.74244+00:00
207875,CORNERST,2023-09-18,1.37,,,1.37,256967,2026-04-08T04:07:40.292184+00:00
207989,CORNERST,2023-09-19,1.25,,,1.25,3745283,2026-04-08T04:07:42.606346+00:00
208103,CORNERST,2023-09-20,1.25,,,1.25,1171529,2026-04-08T04:07:45.004042+00:00
208217,CORNERST,2023-09-21,1.25,,,1.25,54508,2026-04-08T04:07:47.370085+00:00
208331,CORNERST,2023-09-22,1.37,,,1.37,672173,2026-04-08T04:07:49.898567+00:00
208445,CORNERST,2023-09-25,1.5,,,1.5,3048859,2026-04-08T04:07:54.305125+00:00
208559,CORNERST,2023-09-28,1.78,,,1.78,7679856,2026-04-08T04:07:58.898315+00:00
208673,CORNERST,2023-09-29,1.61,,,1.61,1093618,2026-04-08T04:08:01.279649+00:00
208787,CORNERST,2023-10-03,1.5,,,1.5,3935776,2026-04-08T04:08:06.721549+00:00
208901,CORNERST,2023-10-04,1.55,,,1.55,1629523,2026-04-08T04:08:09.042741+00:00
209015,CORNERST,2023-10-05,1.55,,,1.55,65860,2026-04-08T04:08:11.600182+00:00
209130,CORNERST,2023-10-06,1.55,,,1.55,125183,2026-04-08T04:08:14.22861+00:00
209245,CORNERST,2023-10-09,1.55,,,1.55,205147,2026-04-08T04:08:18.740555+00:00
209360,CORNERST,2023-10-10,1.55,,,1.55,231937,2026-04-08T04:08:21.390436+00:00
209474,CORNERST,2023-10-12,1.55,,,1.55,439542,2026-04-08T04:08:24.861957+00:00
209589,CORNERST,2023-10-13,1.55,,,1.55,79695,2026-04-08T04:08:27.376596+00:00
209704,CORNERST,2023-10-16,1.5,,,1.5,351329,2026-04-08T04:08:32.388707+00:00
209819,CORNERST,2023-10-17,1.45,,,1.45,1535000,2026-04-08T04:08:34.738576+00:00
209934,CORNERST,2023-10-19,1.42,,,1.42,391644,2026-04-08T04:08:38.671249+00:00
210049,CORNERST,2023-10-20,1.42,,,1.42,1011075,2026-04-08T04:08:40.967521+00:00
210164,CORNERST,2023-10-23,1.48,,,1.48,1352110,2026-04-08T04:08:45.440193+00:00
210279,CORNERST,2023-10-24,1.48,,,1.48,304000,2026-04-08T04:08:47.71675+00:00
210394,CORNERST,2023-10-25,1.48,,,1.48,78030,2026-04-08T04:08:50.022319+00:00
210509,CORNERST,2023-10-26,1.39,,,1.39,1677075,2026-04-08T04:08:52.472279+00:00
210624,CORNERST,2023-10-27,1.45,,,1.45,1108744,2026-04-08T04:08:54.778052+00:00
210739,CORNERST,2023-10-30,1.47,,,1.47,3591528,2026-04-08T04:08:59.45056+00:00
210854,CORNERST,2023-10-31,1.5,,,1.5,3454132,2026-04-08T04:09:01.914254+00:00
210969,CORNERST,2023-11-01,1.51,,,1.51,1516937,2026-04-08T04:09:04.386399+00:00
211084,CORNERST,2023-11-02,1.51,,,1.51,2706592,2026-04-08T04:09:06.696264+00:00
211199,CORNERST,2023-11-03,1.51,,,1.51,85460,2026-04-08T04:09:09.071615+00:00
211314,CORNERST,2023-11-06,1.37,,,1.37,1521416,2026-04-08T04:09:13.59419+00:00
211429,CORNERST,2023-11-07,1.44,,,1.44,1617014,2026-04-08T04:09:15.923939+00:00
211545,CORNERST,2023-11-08,1.58,,,1.58,464809,2026-04-08T04:09:18.177895+00:00
211661,CORNERST,2023-11-09,1.55,,,1.55,442925,2026-04-08T04:09:20.462573+00:00
211777,CORNERST,2023-11-10,1.5,,,1.5,2523958,2026-04-08T04:09:22.644841+00:00
211893,CORNERST,2023-11-13,1.45,,,1.45,222222,2026-04-08T04:09:27.404692+00:00
212009,CORNERST,2023-11-14,1.45,,,1.45,332778,2026-04-08T04:09:29.775588+00:00
212125,CORNERST,2023-11-15,1.38,,,1.38,2479981,2026-04-08T04:09:32.378304+00:00
212241,CORNERST,2023-11-16,1.38,,,1.38,138682,2026-04-08T04:09:34.916677+00:00
212357,CORNERST,2023-11-17,1.4,,,1.4,581758,2026-04-08T04:09:37.378105+00:00
212473,CORNERST,2023-11-20,1.4,,,1.4,578372,2026-04-08T04:09:41.830835+00:00
212589,CORNERST,2023-11-21,1.4,,,1.4,522320,2026-04-08T04:09:44.211025+00:00
212705,CORNERST,2023-11-22,1.41,,,1.41,715000,2026-04-08T04:09:46.526636+00:00
212821,CORNERST,2023-11-23,1.46,,,1.46,913533,2026-04-08T04:09:48.793806+00:00
212938,CORNERST,2023-11-27,1.43,,,1.43,567936,2026-04-08T04:09:54.316732+00:00
213055,CORNERST,2023-11-28,1.38,,,1.38,428306,2026-04-08T04:09:57.050116+00:00
213172,CORNERST,2023-11-29,1.39,,,1.39,705845,2026-04-08T04:09:59.54407+00:00
213289,CORNERST,2023-11-30,1.44,,,1.44,522577,2026-04-08T04:10:01.973818+00:00
213406,CORNERST,2023-12-01,1.44,,,1.44,86934,2026-04-08T04:10:04.46052+00:00
213523,CORNERST,2023-12-04,1.44,,,1.44,162807,2026-04-08T04:10:08.793495+00:00
213640,CORNERST,2023-12-05,1.44,,,1.44,213003,2026-04-08T04:10:11.104733+00:00
213757,CORNERST,2023-12-06,1.36,,,1.36,982582,2026-04-08T04:10:13.383432+00:00
213874,CORNERST,2023-12-08,1.4,,,1.4,495778,2026-04-08T04:10:16.965057+00:00
213991,CORNERST,2023-12-11,1.35,,,1.35,349179,2026-04-08T04:10:21.350621+00:00
214108,CORNERST,2023-12-12,1.35,,,1.35,244713,2026-04-08T04:10:23.843731+00:00
214225,CORNERST,2023-12-13,1.45,,,1.45,1601080,2026-04-08T04:10:26.19208+00:00
214342,CORNERST,2023-12-14,1.39,,,1.39,212744,2026-04-08T04:10:28.64956+00:00
214459,CORNERST,2023-12-15,1.39,,,1.39,63998,2026-04-08T04:10:31.179138+00:00
214576,CORNERST,2023-12-18,1.38,,,1.38,360300,2026-04-08T04:10:35.879044+00:00
214693,CORNERST,2023-12-19,1.38,,,1.38,49008,2026-04-08T04:10:38.280823+00:00
214810,CORNERST,2023-12-20,1.38,,,1.38,5596858,2026-04-08T04:10:40.523028+00:00
214927,CORNERST,2023-12-21,1.38,,,1.38,137839,2026-04-08T04:10:42.873875+00:00
215044,CORNERST,2023-12-28,1.4,,,1.4,57687,2026-04-08T04:10:51.166125+00:00
215161,CORNERST,2023-12-29,1.4,,,1.4,143736,2026-04-08T04:10:53.57119+00:00
215278,CORNERST,2024-01-02,1.5,,,1.5,6357250,2026-04-08T04:10:59.157783+00:00
215395,CORNERST,2024-01-03,1.65,,,1.65,15467098,2026-04-08T04:11:01.401293+00:00
215512,CORNERST,2024-01-04,1.55,,,1.55,1228948,2026-04-08T04:11:03.846312+00:00
215629,CORNERST,2024-01-05,1.7,,,1.7,2008916,2026-04-08T04:11:07.208124+00:00
215746,CORNERST,2024-01-08,1.87,,,1.87,5636268,2026-04-08T04:11:11.742656+00:00
215863,CORNERST,2024-01-09,2.0,,,2.0,2986740,2026-04-08T04:11:14.100458+00:00
215980,CORNERST,2024-01-10,1.8,,,1.8,3987194,2026-04-08T04:11:16.512964+00:00
216097,CORNERST,2024-01-11,1.74,,,1.74,1660530,2026-04-08T04:11:18.918089+00:00
216214,CORNERST,2024-01-12,1.73,,,1.73,968912,2026-04-08T04:11:21.244944+00:00
216331,CORNERST,2024-01-15,1.9,,,1.9,3141605,2026-04-08T04:11:25.674113+00:00
216448,CORNERST,2024-01-16,2.04,,,2.04,3939547,2026-04-08T04:11:28.037988+00:00
216565,CORNERST,2024-01-18,1.82,,,1.82,2557411,2026-04-08T04:11:31.337167+00:00
216682,CORNERST,2024-01-19,1.87,,,1.87,6218929,2026-04-08T04:11:38.619168+00:00
216799,CORNERST,2024-01-22,1.75,,,1.75,887398,2026-04-08T04:11:42.948818+00:00
216916,CORNERST,2024-01-23,1.61,,,1.61,3431570,2026-04-08T04:11:45.304506+00:00
217033,CORNERST,2024-01-24,1.7,,,1.7,528874,2026-04-08T04:11:47.647942+00:00
217150,CORNERST,2024-01-25,1.58,,,1.58,999774,2026-04-08T04:11:50.11021+00:00
217267,CORNERST,2024-01-26,1.58,,,1.58,398200,2026-04-08T04:11:52.721812+00:00
217384,CORNERST,2024-01-29,1.65,,,1.65,1341186,2026-04-08T04:11:57.440388+00:00
217501,CORNERST,2024-01-30,1.6,,,1.6,2998804,2026-04-08T04:12:00.024191+00:00
217618,CORNERST,2024-01-31,1.61,,,1.61,4771751,2026-04-08T04:12:02.433526+00:00
217735,CORNERST,2024-02-01,1.73,,,1.73,947602,2026-04-08T04:12:04.812869+00:00
217852,CORNERST,2024-02-02,1.9,,,1.9,3657362,2026-04-08T04:12:07.232701+00:00
217969,CORNERST,2024-02-05,2.09,,,2.09,5093395,2026-04-08T04:12:11.791199+00:00
218086,CORNERST,2024-02-06,2.05,,,2.05,3567714,2026-04-08T04:12:14.363902+00:00
218203,CORNERST,2024-02-07,2.23,,,2.23,2279083,2026-04-08T04:12:16.791058+00:00
218320,CORNERST,2024-02-08,2.19,,,2.19,2284897,2026-04-08T04:12:19.312026+00:00
218437,CORNERST,2024-02-09,2.23,,,2.23,2005263,2026-04-08T04:12:21.609908+00:00
218554,CORNERST,2024-02-12,2.43,,,2.43,1949951,2026-04-08T04:12:25.771109+00:00
218671,CORNERST,2024-02-13,2.67,,,2.67,3575956,2026-04-08T04:12:28.061356+00:00
218788,CORNERST,2024-02-14,2.67,,,2.67,1839912,2026-04-08T04:12:30.570558+00:00
218905,CORNERST,2024-02-16,2.5,,,2.5,2977915,2026-04-08T04:12:34.036511+00:00
219022,CORNERST,2024-02-19,2.55,,,2.55,808491,2026-04-08T04:12:38.429241+00:00
219139,CORNERST,2024-02-20,2.5,,,2.5,690588,2026-04-08T04:12:40.813552+00:00
219256,CORNERST,2024-02-21,2.28,,,2.28,1785163,2026-04-08T04:12:43.257682+00:00
219373,CORNERST,2024-02-22,2.09,,,2.09,823017,2026-04-08T04:12:45.850796+00:00
219490,CORNERST,2024-02-26,2.23,,,2.23,380116,2026-04-08T04:12:51.18414+00:00
219607,CORNERST,2024-02-27,2.23,,,2.23,277556,2026-04-08T04:12:53.509755+00:00
219724,CORNERST,2024-02-29,2.1,,,2.1,1346206,2026-04-08T04:12:56.822244+00:00
219841,CORNERST,2024-03-01,2.0,,,2.0,2322894,2026-04-08T04:12:59.287484+00:00
219958,CORNERST,2024-03-04,2.0,,,2.0,1428524,2026-04-08T04:13:03.814092+00:00
220076,CORNERST,2024-03-05,1.83,,,1.83,1643100,2026-04-08T04:13:06.279726+00:00
220194,CORNERST,2024-03-06,1.83,,,1.83,127991,2026-04-08T04:13:08.558236+00:00
220312,CORNERST,2024-03-07,2.0,,,2.0,1314196,2026-04-08T04:13:10.988978+00:00
220430,CORNERST,2024-03-08,2.0,,,2.0,84368,2026-04-08T04:13:13.453006+00:00
220548,CORNERST,2024-03-11,2.09,,,2.09,283083,2026-04-08T04:13:17.773706+00:00
220666,CORNERST,2024-03-12,2.09,,,2.09,415009,2026-04-08T04:13:20.258657+00:00
220784,CORNERST,2024-03-13,2.1,,,2.1,141903,2026-04-08T04:13:22.557243+00:00
220902,CORNERST,2024-03-14,2.1,,,2.1,154461,2026-04-08T04:13:25.004754+00:00
221020,CORNERST,2024-03-15,2.2,,,2.2,309438,2026-04-08T04:13:27.500984+00:00
221138,CORNERST,2024-03-19,2.1,,,2.1,2041732,2026-04-08T04:13:32.54102+00:00
221256,CORNERST,2024-03-20,2.1,,,2.1,585715,2026-04-08T04:13:34.949661+00:00
221374,CORNERST,2024-03-21,2.1,,,2.1,509016,2026-04-08T04:13:37.293426+00:00
221492,CORNERST,2024-03-22,2.1,,,2.1,260342,2026-04-08T04:13:39.66616+00:00
221610,CORNERST,2024-03-25,2.05,,,2.05,695873,2026-04-08T04:13:43.964435+00:00
221728,CORNERST,2024-03-26,2.05,,,2.05,977922,2026-04-08T04:13:46.391317+00:00
221846,CORNERST,2024-03-27,2.0,,,2.0,2339947,2026-04-08T04:13:48.795654+00:00
221964,CORNERST,2024-03-28,2.05,,,2.05,809309,2026-04-08T04:13:51.173779+00:00
222082,CORNERST,2024-04-02,2.0,,,2.0,5993421,2026-04-08T04:13:58.053067+00:00
222200,CORNERST,2024-04-03,2.0,,,2.0,182897,2026-04-08T04:14:00.66873+00:00
222318,CORNERST,2024-04-04,2.0,,,2.0,257216,2026-04-08T04:14:03.310057+00:00
222436,CORNERST,2024-04-05,1.96,,,1.96,1046383,2026-04-08T04:14:05.820809+00:00
222554,CORNERST,2024-04-12,1.9,,,1.9,702109,2026-04-08T04:14:15.984697+00:00
222672,CORNERST,2024-04-15,1.9,,,1.9,236930,2026-04-08T04:14:20.492228+00:00
222790,CORNERST,2024-04-16,1.71,,,1.71,3844200,2026-04-08T04:14:22.958286+00:00
222908,CORNERST,2024-04-17,1.86,,,1.86,1830394,2026-04-08T04:14:25.407203+00:00
223026,CORNERST,2024-04-18,1.93,,,1.93,1517597,2026-04-08T04:14:27.862982+00:00
223144,CORNERST,2024-04-19,1.93,,,1.93,178179,2026-04-08T04:14:30.225092+00:00
223262,CORNERST,2024-04-22,1.93,,,1.93,289115,2026-04-08T04:14:34.624841+00:00
223380,CORNERST,2024-04-23,1.93,,,1.93,701107,2026-04-08T04:14:36.881925+00:00
223498,CORNERST,2024-04-24,1.85,,,1.85,287028,2026-04-08T04:14:39.108369+00:00
223616,CORNERST,2024-04-25,1.85,,,1.85,142621,2026-04-08T04:14:41.415412+00:00
223734,CORNERST,2024-04-26,1.85,,,1.85,164691,2026-04-08T04:14:43.709399+00:00
223852,CORNERST,2024-04-29,1.85,,,1.85,209534,2026-04-08T04:14:47.97937+00:00
223970,CORNERST,2024-04-30,1.85,,,1.85,186261,2026-04-08T04:14:50.304196+00:00
224088,CORNERST,2024-05-02,1.85,,,1.85,273401,2026-04-08T04:14:53.573612+00:00
224206,CORNERST,2024-05-03,1.8,,,1.8,743323,2026-04-08T04:14:55.989363+00:00
224324,CORNERST,2024-05-06,1.98,,,1.98,973334,2026-04-08T04:15:00.14873+00:00
224442,CORNERST,2024-05-07,1.98,,,1.98,33872,2026-04-08T04:15:02.40079+00:00
224560,CORNERST,2024-05-08,1.98,,,1.98,1291223,2026-04-08T04:15:04.708287+00:00
224678,CORNERST,2024-05-09,1.98,,,1.98,171772,2026-04-08T04:15:07.337178+00:00
224796,CORNERST,2024-05-10,1.98,,,1.98,6739,2026-04-08T04:15:09.604775+00:00
224914,CORNERST,2024-05-13,1.98,,,1.98,410511,2026-04-08T04:15:13.907933+00:00
225032,CORNERST,2024-05-14,2.0,,,2.0,1328813,2026-04-08T04:15:16.26654+00:00
225150,CORNERST,2024-05-15,2.0,,,2.0,637110,2026-04-08T04:15:18.549958+00:00
225268,CORNERST,2024-05-16,2.0,,,2.0,1212838,2026-04-08T04:15:20.841424+00:00
225386,CORNERST,2024-05-20,2.1,,,2.1,605549,2026-04-08T04:15:25.962105+00:00
225504,CORNERST,2024-05-21,2.1,,,2.1,135133,2026-04-08T04:15:28.334406+00:00
225622,CORNERST,2024-05-22,1.9,,,1.9,474145,2026-04-08T04:15:30.660212+00:00
225740,CORNERST,2024-05-23,1.95,,,1.95,548501,2026-04-08T04:15:32.993296+00:00
225858,CORNERST,2024-05-24,1.95,,,1.95,258011,2026-04-08T04:15:35.360226+00:00
225976,CORNERST,2024-05-27,1.95,,,1.95,203059,2026-04-08T04:15:39.562711+00:00
226094,CORNERST,2024-05-28,1.93,,,1.93,503546,2026-04-08T04:15:41.894674+00:00
226212,CORNERST,2024-05-29,1.93,,,1.93,249198,2026-04-08T04:15:44.435333+00:00
226330,CORNERST,2024-05-30,1.76,,,1.76,2835665,2026-04-08T04:15:46.695543+00:00
226448,CORNERST,2024-05-31,1.9,,,1.9,1292559,2026-04-08T04:15:48.909252+00:00
226566,CORNERST,2024-06-03,2.09,,,2.09,845794,2026-04-08T04:15:53.203965+00:00
226684,CORNERST,2024-06-04,1.97,,,1.97,506471,2026-04-08T04:15:55.456464+00:00
226802,CORNERST,2024-06-05,1.97,,,1.97,193100,2026-04-08T04:15:57.839545+00:00
226920,CORNERST,2024-06-06,1.97,,,1.97,222114,2026-04-08T04:16:00.091412+00:00
227038,CORNERST,2024-06-07,1.97,,,1.97,189760,2026-04-08T04:16:02.294722+00:00
227156,CORNERST,2024-06-10,1.97,,,1.97,138043,2026-04-08T04:16:06.655303+00:00
227274,CORNERST,2024-06-11,1.97,,,1.97,91578,2026-04-08T04:16:09.027942+00:00
227392,CORNERST,2024-06-13,1.97,,,1.97,128641,2026-04-08T04:16:12.454757+00:00
227510,CORNERST,2024-06-14,1.98,,,1.98,1246379,2026-04-08T04:16:14.762224+00:00
227628,CORNERST,2024-06-20,2.0,,,2.0,130882,2026-04-08T04:16:22.365263+00:00
227746,CORNERST,2024-06-21,2.13,,,2.13,608952,2026-04-08T04:16:24.740936+00:00
227864,CORNERST,2024-06-24,2.13,,,2.13,97882,2026-04-08T04:16:29.101951+00:00
227982,CORNERST,2024-06-25,2.2,,,2.2,238066,2026-04-08T04:16:31.430939+00:00
228100,CORNERST,2024-06-26,2.01,,,2.01,785333,2026-04-08T04:16:33.77834+00:00
228218,CORNERST,2024-06-27,2.05,,,2.05,568602,2026-04-08T04:16:36.13415+00:00
228336,CORNERST,2024-06-28,2.1,,,2.1,527378,2026-04-08T04:16:38.472674+00:00
228454,CORNERST,2024-07-01,1.9,,,1.9,7069409,2026-04-08T04:16:42.881798+00:00
228572,CORNERST,2024-07-02,2.09,,,2.09,8759152,2026-04-08T04:16:45.256647+00:00
228690,CORNERST,2024-07-03,2.29,,,2.29,9405439,2026-04-08T04:16:47.732339+00:00
228808,CORNERST,2024-07-04,2.29,,,2.29,3150538,2026-04-08T04:16:50.22378+00:00
228926,CORNERST,2024-07-05,2.11,,,2.11,4040020,2026-04-08T04:16:52.679645+00:00
229044,CORNERST,2024-07-08,2.1,,,2.1,4048399,2026-04-08T04:16:57.375145+00:00
229162,CORNERST,2024-07-09,2.2,,,2.2,1037824,2026-04-08T04:16:59.679545+00:00
229280,CORNERST,2024-07-10,2.15,,,2.15,888901,2026-04-08T04:17:02.104038+00:00
229398,CORNERST,2024-07-11,2.14,,,2.14,799125,2026-04-08T04:17:04.804273+00:00
229516,CORNERST,2024-07-12,2.11,,,2.11,1762096,2026-04-08T04:17:07.071694+00:00
229634,CORNERST,2024-07-15,1.95,,,1.95,604439,2026-04-08T04:17:11.418935+00:00
229752,CORNERST,2024-07-16,2.1,,,2.1,1204751,2026-04-08T04:17:13.920176+00:00
229870,CORNERST,2024-07-17,2.1,,,2.1,289978,2026-04-08T04:17:16.239817+00:00
229988,CORNERST,2024-07-18,1.98,,,1.98,2368294,2026-04-08T04:17:18.614364+00:00
230106,CORNERST,2024-07-19,1.98,,,1.98,341659,2026-04-08T04:17:20.923419+00:00
230224,CORNERST,2024-07-22,1.98,,,1.98,80665,2026-04-08T04:17:25.185516+00:00
230342,CORNERST,2024-07-23,1.98,,,1.98,141917,2026-04-08T04:17:27.655924+00:00
230460,CORNERST,2024-07-24,1.98,,,1.98,215916,2026-04-08T04:17:30.124258+00:00
230578,CORNERST,2024-07-25,1.98,,,1.98,192480,2026-04-08T04:17:32.638981+00:00
230696,CORNERST,2024-07-26,1.98,,,1.98,186795,2026-04-08T04:17:35.101122+00:00
230814,CORNERST,2024-07-29,1.98,,,1.98,16006,2026-04-08T04:17:40.103977+00:00
230932,CORNERST,2024-07-30,1.87,,,1.87,5440596,2026-04-08T04:17:43.080384+00:00
231050,CORNERST,2024-07-31,2.05,,,2.05,2723808,2026-04-08T04:17:45.61458+00:00
231168,CORNERST,2024-08-01,2.05,,,2.05,115770,2026-04-08T04:17:47.950902+00:00
231286,CORNERST,2024-08-02,2.1,,,2.1,1201227,2026-04-08T04:17:50.372085+00:00
231404,CORNERST,2024-08-05,2.1,,,2.1,378819,2026-04-08T04:17:54.929581+00:00
231522,CORNERST,2024-08-06,2.1,,,2.1,460570,2026-04-08T04:17:57.472912+00:00
231640,CORNERST,2024-08-07,2.1,,,2.1,9014932,2026-04-08T04:17:59.948734+00:00
231758,CORNERST,2024-08-08,2.25,,,2.25,2823567,2026-04-08T04:18:02.36647+00:00
231876,CORNERST,2024-08-09,2.25,,,2.25,3179554,2026-04-08T04:18:04.674683+00:00
231994,CORNERST,2024-08-12,2.35,,,2.35,1216521,2026-04-08T04:18:08.918743+00:00
232112,CORNERST,2024-08-13,2.17,,,2.17,3494600,2026-04-08T04:18:11.387792+00:00
232230,CORNERST,2024-08-14,2.14,,,2.14,1270435,2026-04-08T04:18:13.859526+00:00
232348,CORNERST,2024-08-15,2.1,,,2.1,697678,2026-04-08T04:18:16.357381+00:00
232466,CORNERST,2024-08-16,2.1,,,2.1,1060435,2026-04-08T04:18:18.692447+00:00
232584,CORNERST,2024-08-19,2.1,,,2.1,52031,2026-04-08T04:18:23.063194+00:00
232702,CORNERST,2024-08-20,2.1,,,2.1,504832,2026-04-08T04:18:25.366221+00:00
232820,CORNERST,2024-08-21,2.11,,,2.11,457450,2026-04-08T04:18:27.861334+00:00
232938,CORNERST,2024-08-22,2.11,,,2.11,385782,2026-04-08T04:18:30.156184+00:00
233056,CORNERST,2024-08-23,2.32,,,2.32,2423416,2026-04-08T04:18:32.497978+00:00
233174,CORNERST,2024-08-26,2.33,,,2.33,5154182,2026-04-08T04:18:37.19542+00:00
233292,CORNERST,2024-08-27,2.53,,,2.53,2144390,2026-04-08T04:18:39.561091+00:00
233410,CORNERST,2024-08-28,2.53,,,2.53,1925274,2026-04-08T04:18:42.048567+00:00
233528,CORNERST,2024-08-29,2.78,,,2.78,4215281,2026-04-08T04:18:44.36768+00:00
233646,CORNERST,2024-09-02,2.44,,,2.44,8904853,2026-04-08T04:18:49.632285+00:00
233764,CORNERST,2024-09-03,2.5,,,2.5,2351527,2026-04-08T04:18:52.389232+00:00
233882,CORNERST,2024-09-04,2.35,,,2.35,2394584,2026-04-08T04:18:54.875674+00:00
234000,CORNERST,2024-09-05,2.4,,,2.4,1840706,2026-04-08T04:18:57.763256+00:00
234118,CORNERST,2024-09-06,2.36,,,2.36,2686428,2026-04-08T04:19:00.536712+00:00
234236,CORNERST,2024-09-09,2.58,,,2.58,957236,2026-04-08T04:19:05.495104+00:00
234354,CORNERST,2024-09-10,2.64,,,2.64,1217497,2026-04-08T04:19:08.070871+00:00
234472,CORNERST,2024-09-11,2.45,,,2.45,619618,2026-04-08T04:19:10.663572+00:00
234590,CORNERST,2024-09-12,2.33,,,2.33,2878755,2026-04-08T04:19:13.371302+00:00
234708,CORNERST,2024-09-13,2.5,,,2.5,1816136,2026-04-08T04:19:16.033041+00:00
234826,CORNERST,2024-09-17,2.4,,,2.4,1552636,2026-04-08T04:19:22.824888+00:00
234944,CORNERST,2024-09-18,2.44,,,2.44,569759,2026-04-08T04:19:25.915955+00:00
235062,CORNERST,2024-09-19,2.4,,,2.4,729123,2026-04-08T04:19:28.330134+00:00
235180,CORNERST,2024-09-20,2.51,,,2.51,988352,2026-04-08T04:19:30.82066+00:00
235298,CORNERST,2024-09-23,2.51,,,2.51,693111,2026-04-08T04:19:35.29526+00:00
235416,CORNERST,2024-09-24,2.51,,,2.51,142510,2026-04-08T04:19:37.629736+00:00
235534,CORNERST,2024-09-25,2.5,,,2.5,1024083,2026-04-08T04:19:40.096992+00:00
235652,CORNERST,2024-09-26,2.51,,,2.51,1686750,2026-04-08T04:19:42.676048+00:00
235770,CORNERST,2024-09-27,2.51,,,2.51,122320,2026-04-08T04:19:45.342636+00:00
235888,CORNERST,2024-09-30,2.51,,,2.51,318780,2026-04-08T04:19:50.223917+00:00
236006,CORNERST,2024-10-02,2.46,,,2.46,1626398,2026-04-08T04:19:53.821423+00:00
236124,CORNERST,2024-10-03,2.6,,,2.6,696613,2026-04-08T04:19:56.203135+00:00
236242,CORNERST,2024-10-04,2.51,,,2.51,694299,2026-04-08T04:19:58.634737+00:00
236360,CORNERST,2024-10-07,2.51,,,2.51,1075308,2026-04-08T04:20:03.05432+00:00
236478,CORNERST,2024-10-08,2.6,,,2.6,438093,2026-04-08T04:20:05.535519+00:00
236596,CORNERST,2024-10-10,2.55,,,2.55,134360,2026-04-08T04:20:08.855054+00:00
236714,CORNERST,2024-10-11,2.6,,,2.6,671885,2026-04-08T04:20:11.460237+00:00
236832,CORNERST,2024-10-14,2.5,,,2.5,733843,2026-04-08T04:20:16.284622+00:00
236951,CORNERST,2024-10-15,2.45,,,2.45,735363,2026-04-08T04:20:18.84933+00:00
237070,CORNERST,2024-10-17,2.51,,,2.51,1375137,2026-04-08T04:20:23.389134+00:00
237189,CORNERST,2024-10-18,2.51,,,2.51,2435196,2026-04-08T04:20:26.17489+00:00
237308,CORNERST,2024-10-21,2.51,,,2.51,426491,2026-04-08T04:20:30.541886+00:00
237427,CORNERST,2024-10-22,2.55,,,2.55,6115630,2026-04-08T04:20:32.890604+00:00
237546,CORNERST,2024-10-23,2.5,,,2.5,386921,2026-04-08T04:20:35.186729+00:00
237665,CORNERST,2024-10-24,2.69,,,2.69,1754616,2026-04-08T04:20:37.740613+00:00
237784,CORNERST,2024-10-25,2.71,,,2.71,754851,2026-04-08T04:20:40.222387+00:00
237903,CORNERST,2024-10-28,2.69,,,2.69,8877032,2026-04-08T04:20:44.742576+00:00
238022,CORNERST,2024-10-29,2.69,,,2.69,718545,2026-04-08T04:20:47.136244+00:00
238141,CORNERST,2024-10-30,2.5,,,2.5,1573933,2026-04-08T04:20:49.405969+00:00
238260,CORNERST,2024-10-31,2.74,,,2.74,2107020,2026-04-08T04:20:51.756515+00:00
238379,CORNERST,2024-11-01,2.61,,,2.61,1194633,2026-04-08T04:20:54.1075+00:00
238498,CORNERST,2024-11-04,2.61,,,2.61,221497,2026-04-08T04:20:58.471072+00:00
238617,CORNERST,2024-11-05,2.61,,,2.61,190523,2026-04-08T04:21:01.00344+00:00
238736,CORNERST,2024-11-06,2.61,,,2.61,133788,2026-04-08T04:21:03.585377+00:00
238855,CORNERST,2024-11-07,2.61,,,2.61,112767,2026-04-08T04:21:06.256351+00:00
238974,CORNERST,2024-11-08,2.49,,,2.49,486197,2026-04-08T04:21:08.623134+00:00
239093,CORNERST,2024-11-11,2.5,,,2.5,417184,2026-04-08T04:21:12.782875+00:00
239212,CORNERST,2024-11-12,2.5,,,2.5,912194,2026-04-08T04:21:15.417322+00:00
239331,CORNERST,2024-11-13,2.5,,,2.5,99018,2026-04-08T04:21:17.790166+00:00
239450,CORNERST,2024-11-14,2.55,,,2.55,3911295,2026-04-08T04:21:20.354873+00:00
239569,CORNERST,2024-11-15,2.6,,,2.6,3186972,2026-04-08T04:21:22.90937+00:00
239688,CORNERST,2024-11-18,2.5,,,2.5,1110879,2026-04-08T04:21:27.576358+00:00
239807,CORNERST,2024-11-19,2.59,,,2.59,331261,2026-04-08T04:21:29.868433+00:00
239926,CORNERST,2024-11-20,2.6,,,2.6,8015516,2026-04-08T04:21:32.433299+00:00
240045,CORNERST,2024-11-21,2.6,,,2.6,2015565,2026-04-08T04:21:34.755564+00:00
240164,CORNERST,2024-11-22,2.55,,,2.55,621067,2026-04-08T04:21:37.514754+00:00
240283,CORNERST,2024-11-25,2.6,,,2.6,1542221,2026-04-08T04:21:41.818387+00:00
240402,CORNERST,2024-11-26,2.6,,,2.6,2065063,2026-04-08T04:21:44.163824+00:00
240521,CORNERST,2024-11-27,2.65,,,2.65,1366135,2026-04-08T04:21:46.720727+00:00
240640,CORNERST,2024-11-28,2.75,,,2.75,1364800,2026-04-08T04:21:49.110263+00:00
240759,CORNERST,2024-12-02,2.65,,,2.65,1672665,2026-04-08T04:21:54.88401+00:00
240878,CORNERST,2024-12-03,2.9,,,2.9,6952460,2026-04-08T04:21:57.640504+00:00
240997,CORNERST,2024-12-04,3.0,,,3.0,2593200,2026-04-08T04:21:59.930228+00:00
241116,CORNERST,2024-12-06,3.2,,,3.2,2884737,2026-04-08T04:22:03.392712+00:00
241235,CORNERST,2024-12-09,3.03,,,3.03,3329029,2026-04-08T04:22:07.745808+00:00
241354,CORNERST,2024-12-10,3.07,,,3.07,1871892,2026-04-08T04:22:10.112253+00:00
241473,CORNERST,2024-12-11,3.1,,,3.1,442000,2026-04-08T04:22:12.639548+00:00
241592,CORNERST,2024-12-12,3.14,,,3.14,2135584,2026-04-08T04:22:15.033357+00:00
241711,CORNERST,2024-12-13,3.13,,,3.13,1146407,2026-04-08T04:22:17.509919+00:00
241830,CORNERST,2024-12-16,3.15,,,3.15,1412064,2026-04-08T04:22:22.499781+00:00
241949,CORNERST,2024-12-17,3.1,,,3.1,1732013,2026-04-08T04:22:24.995572+00:00
242068,CORNERST,2024-12-18,3.14,,,3.14,1219958,2026-04-08T04:22:27.498126+00:00
242187,CORNERST,2024-12-19,3.15,,,3.15,419542,2026-04-08T04:22:29.868083+00:00
242306,CORNERST,2024-12-20,3.15,,,3.15,380038,2026-04-08T04:22:32.392508+00:00
242425,CORNERST,2024-12-23,3.27,,,3.27,1213644,2026-04-08T04:22:36.740311+00:00
242544,CORNERST,2024-12-24,3.27,,,3.27,22250,2026-04-08T04:22:39.25804+00:00
242663,CORNERST,2024-12-27,3.27,,,3.27,201522,2026-04-08T04:22:43.946119+00:00
242781,CORNERST,2024-12-31,3.6,,,3.6,2648152,2026-04-08T04:22:48.665239+00:00
242899,CORNERST,2025-01-02,3.96,,,3.96,6360650,2026-04-08T04:22:52.256438+00:00
243017,CORNERST,2025-01-03,4.35,,,4.35,7681158,2026-04-08T04:22:55.101113+00:00
243135,CORNERST,2025-01-06,4.61,,,4.61,12803294,2026-04-08T04:23:00.046313+00:00
243253,CORNERST,2025-01-07,4.15,,,4.15,4116344,2026-04-08T04:23:02.329348+00:00
243371,CORNERST,2025-01-08,3.93,,,3.93,7233385,2026-04-08T04:23:04.632968+00:00
243489,CORNERST,2025-01-09,3.93,,,3.93,90640,2026-04-08T04:23:06.908261+00:00
243607,CORNERST,2025-01-10,3.91,,,3.91,1206957,2026-04-08T04:23:09.304805+00:00
243725,CORNERST,2025-01-13,3.91,,,3.91,1212871,2026-04-08T04:23:13.790041+00:00
243843,CORNERST,2025-01-14,3.91,,,3.91,550616,2026-04-08T04:23:16.129929+00:00
243961,CORNERST,2025-01-15,3.7,,,3.7,971871,2026-04-08T04:23:18.535433+00:00
244079,CORNERST,2025-01-16,3.7,,,3.7,843651,2026-04-08T04:23:20.834867+00:00
244197,CORNERST,2025-01-17,4.06,,,4.06,1252131,2026-04-08T04:23:23.141674+00:00
244315,CORNERST,2025-01-20,3.76,,,3.76,322070,2026-04-08T04:23:27.482452+00:00
244433,CORNERST,2025-01-21,3.91,,,3.91,518322,2026-04-08T04:23:29.752731+00:00
244551,CORNERST,2025-01-22,3.82,,,3.82,9624871,2026-04-08T04:23:32.235559+00:00
244669,CORNERST,2025-01-23,3.71,,,3.71,4021901,2026-04-08T04:23:34.519549+00:00
244787,CORNERST,2025-01-24,3.48,,,3.48,13990824,2026-04-08T04:23:37.097992+00:00
244905,CORNERST,2025-01-27,3.67,,,3.67,4848829,2026-04-08T04:23:41.817807+00:00
245023,CORNERST,2025-01-28,3.47,,,3.47,11665626,2026-04-08T04:23:44.43679+00:00
245141,CORNERST,2025-01-30,3.47,,,3.47,1823853,2026-04-08T04:23:47.90788+00:00
245259,CORNERST,2025-01-31,3.47,,,3.47,1823853,2026-04-08T04:23:50.425841+00:00
245377,CORNERST,2025-02-03,3.42,,,3.42,2165052,2026-04-08T04:23:55.090801+00:00
245495,CORNERST,2025-02-04,3.36,,,3.36,6667346,2026-04-08T04:23:57.584141+00:00
245613,CORNERST,2025-02-05,3.36,,,3.36,313723,2026-04-08T04:24:00.484627+00:00
245731,CORNERST,2025-02-06,3.36,,,3.36,210771,2026-04-08T04:24:04.153698+00:00
245849,CORNERST,2025-02-07,3.3,,,3.3,684740,2026-04-08T04:24:07.822728+00:00
245967,CORNERST,2025-02-10,3.35,,,3.35,1144956,2026-04-08T04:24:13.163899+00:00
246085,CORNERST,2025-02-11,3.46,,,3.46,1038632,2026-04-08T04:24:15.629092+00:00
246203,CORNERST,2025-02-12,3.46,,,3.46,1077904,2026-04-08T04:24:18.226035+00:00
246321,CORNERST,2025-02-13,3.47,,,3.47,1368857,2026-04-08T04:24:20.725749+00:00
246439,CORNERST,2025-02-14,3.47,,,3.47,242998,2026-04-08T04:24:23.300806+00:00
246557,CORNERST,2025-02-17,3.13,,,3.13,10270675,2026-04-08T04:24:27.726986+00:00
246675,CORNERST,2025-02-18,3.35,,,3.35,1964111,2026-04-08T04:24:30.295737+00:00
246793,CORNERST,2025-02-19,3.4,,,3.4,1078591,2026-04-08T04:24:32.765887+00:00
246911,CORNERST,2025-02-20,3.4,,,3.4,3140181,2026-04-08T04:24:35.351909+00:00
247029,CORNERST,2025-02-21,3.46,,,3.46,1239903,2026-04-08T04:24:37.680479+00:00
247147,CORNERST,2025-02-25,3.3,,,3.3,1432589,2026-04-08T04:24:43.419296+00:00
247265,CORNERST,2025-02-26,3.15,,,3.15,267774,2026-04-08T04:24:45.860894+00:00
247383,CORNERST,2025-02-27,3.19,,,3.19,2245925,2026-04-08T04:24:48.27846+00:00
247501,CORNERST,2025-02-28,3.19,,,3.19,2279430,2026-04-08T04:24:50.63724+00:00
247619,CORNERST,2025-03-03,3.27,,,3.27,1038185,2026-04-08T04:24:55.222854+00:00
247737,CORNERST,2025-03-04,3.3,,,3.3,1198329,2026-04-08T04:24:57.762887+00:00
247856,CORNERST,2025-03-05,3.17,,,3.17,502824,2026-04-08T04:25:00.108696+00:00
247975,CORNERST,2025-03-06,3.17,,,3.17,423062,2026-04-08T04:25:02.52336+00:00
248094,CORNERST,2025-03-07,3.17,,,3.17,1232483,2026-04-08T04:25:04.19753+00:00
248213,CORNERST,2025-03-10,2.92,,,2.92,3622925,2026-04-08T04:25:07.959889+00:00
248332,CORNERST,2025-03-11,3.19,,,3.19,5900019,2026-04-08T04:25:10.446731+00:00
248451,CORNERST,2025-03-12,3.33,,,3.33,3403535,2026-04-08T04:25:12.888859+00:00
248570,CORNERST,2025-03-13,3.5,,,3.5,2446298,2026-04-08T04:25:15.353849+00:00
248689,CORNERST,2025-03-14,3.5,,,3.5,462599,2026-04-08T04:25:17.75152+00:00
248808,CORNERST,2025-03-17,3.48,,,3.48,1853813,2026-04-08T04:25:23.327657+00:00
248927,CORNERST,2025-03-18,3.44,,,3.44,1590352,2026-04-08T04:25:25.763099+00:00
249046,CORNERST,2025-03-19,3.44,,,3.44,89678,2026-04-08T04:25:28.144043+00:00
249165,CORNERST,2025-03-20,3.43,,,3.43,2237763,2026-04-08T04:25:31.01834+00:00
249284,CORNERST,2025-03-21,3.43,,,3.43,3025227,2026-04-08T04:25:33.389958+00:00
249403,CORNERST,2025-03-24,3.34,,,3.34,850744,2026-04-08T04:25:38.388993+00:00
249522,CORNERST,2025-03-25,3.35,,,3.35,2833787,2026-04-08T04:25:40.7685+00:00
249641,CORNERST,2025-03-26,3.31,,,3.31,283659,2026-04-08T04:25:43.344812+00:00
249760,CORNERST,2025-03-27,3.31,,,3.31,41550,2026-04-08T04:25:45.817232+00:00
249879,CORNERST,2025-03-28,3.35,,,3.35,348497,2026-04-08T04:25:48.177352+00:00
249998,CORNERST,2025-04-02,3.3,,,3.3,1675671,2026-04-08T04:25:54.663823+00:00
250117,CORNERST,2025-04-03,3.3,,,3.3,926966,2026-04-08T04:25:57.014747+00:00
250236,CORNERST,2025-04-04,3.3,,,3.3,1678062,2026-04-08T04:25:59.489503+00:00
250355,CORNERST,2025-04-07,2.97,,,2.97,388292,2026-04-08T04:26:04.211964+00:00
250474,CORNERST,2025-04-08,2.97,,,2.97,2344947,2026-04-08T04:26:06.766331+00:00
250593,CORNERST,2025-04-10,2.9,,,2.9,1082971,2026-04-08T04:26:10.263658+00:00
250712,CORNERST,2025-04-11,2.8,,,2.8,1307390,2026-04-08T04:26:12.610372+00:00
250831,CORNERST,2025-04-14,2.9,,,2.9,140806,2026-04-08T04:26:17.137975+00:00
250950,CORNERST,2025-04-15,2.86,,,2.86,1030592,2026-04-08T04:26:19.634971+00:00
251069,CORNERST,2025-04-16,2.86,,,2.86,651002,2026-04-08T04:26:22.321337+00:00
251188,CORNERST,2025-04-17,2.59,,,2.59,1532989,2026-04-08T04:26:24.819431+00:00
251307,CORNERST,2025-04-22,2.84,,,2.84,2095258,2026-04-08T04:26:31.401152+00:00
251426,CORNERST,2025-04-23,2.63,,,2.63,2522613,2026-04-08T04:26:33.741411+00:00
251545,CORNERST,2025-04-24,2.89,,,2.89,785219,2026-04-08T04:26:36.383131+00:00
251665,CORNERST,2025-04-25,2.99,,,2.99,782080,2026-04-08T04:26:38.677219+00:00
251785,CORNERST,2025-04-28,3.0,,,3.0,2936982,2026-04-08T04:26:43.113614+00:00
251905,CORNERST,2025-04-29,3.0,,,3.0,400713,2026-04-08T04:26:45.609073+00:00
252025,CORNERST,2025-04-30,3.07,,,3.07,726799,2026-04-08T04:26:48.242472+00:00
252145,CORNERST,2025-05-02,3.07,,,3.07,626420,2026-04-08T04:26:51.690529+00:00
252265,CORNERST,2025-05-05,2.96,,,2.96,841085,2026-04-08T04:26:56.275381+00:00
252385,CORNERST,2025-05-06,3.0,,,3.0,2914345,2026-04-08T04:26:58.7221+00:00
252505,CORNERST,2025-05-07,3.0,,,3.0,636203,2026-04-08T04:27:01.170235+00:00
252625,CORNERST,2025-05-08,3.0,,,3.0,566501,2026-04-08T04:27:03.468055+00:00
252745,CORNERST,2025-05-09,3.0,,,3.0,1632225,2026-04-08T04:27:05.963213+00:00
252865,CORNERST,2025-05-12,3.05,,,3.05,298038,2026-04-08T04:27:10.449459+00:00
252985,CORNERST,2025-05-14,3.15,,,3.15,566480,2026-04-08T04:27:13.89162+00:00
253105,CORNERST,2025-05-15,3.15,,,3.15,216260,2026-04-08T04:27:16.307455+00:00
253225,CORNERST,2025-05-16,3.45,,,3.45,1135479,2026-04-08T04:27:18.639316+00:00
253345,CORNERST,2025-05-19,3.45,,,3.45,677960,2026-04-08T04:27:23.06518+00:00
253465,CORNERST,2025-05-20,3.45,,,3.45,677960,2026-04-08T04:27:25.663956+00:00
253585,CORNERST,2025-05-21,3.47,,,3.47,1765233,2026-04-08T04:27:28.280255+00:00
253705,CORNERST,2025-05-22,3.47,,,3.47,405780,2026-04-08T04:27:30.733393+00:00
253825,CORNERST,2025-05-23,3.47,,,3.47,153562,2026-04-08T04:27:33.142895+00:00
253945,CORNERST,2025-05-26,3.13,,,3.13,1362988,2026-04-08T04:27:37.938794+00:00
254065,CORNERST,2025-05-27,3.4,,,3.4,2196094,2026-04-08T04:27:40.395447+00:00
254185,CORNERST,2025-05-28,3.4,,,3.4,570243,2026-04-08T04:27:42.906627+00:00
254305,CORNERST,2025-05-29,3.4,,,3.4,194131,2026-04-08T04:27:45.903166+00:00
254425,CORNERST,2025-05-30,3.28,,,3.28,806463,2026-04-08T04:27:48.4452+00:00
254545,CORNERST,2025-06-02,3.45,,,3.45,1230960,2026-04-08T04:27:53.01382+00:00
254665,CORNERST,2025-06-03,3.57,,,3.57,715196,2026-04-08T04:27:55.368454+00:00
254785,CORNERST,2025-06-04,3.57,,,3.57,616270,2026-04-08T04:27:57.94541+00:00
254905,CORNERST,2025-06-05,3.92,,,3.92,6614467,2026-04-08T04:28:00.320696+00:00
255025,CORNERST,2025-06-10,3.91,,,3.91,5520923,2026-04-08T04:28:07.114795+00:00
255145,CORNERST,2025-06-11,3.7,,,3.7,1070744,2026-04-08T04:28:09.38594+00:00
255265,CORNERST,2025-06-17,4.05,,,4.05,1842795,2026-04-08T04:28:17.228975+00:00
255385,CORNERST,2025-06-18,4.05,,,4.05,1171311,2026-04-08T04:28:19.70912+00:00
255505,CORNERST,2025-06-19,4.05,,,4.05,588168,2026-04-08T04:28:22.276816+00:00
255625,CORNERST,2025-06-20,4.0,,,4.0,2589174,2026-04-08T04:28:24.65394+00:00
255745,CORNERST,2025-06-23,4.0,,,4.0,1392804,2026-04-08T04:28:29.225711+00:00
255865,CORNERST,2025-06-24,4.0,,,4.0,1692808,2026-04-08T04:28:31.569579+00:00
255985,CORNERST,2025-06-25,4.15,,,4.15,4086906,2026-04-08T04:28:33.910697+00:00
256105,CORNERST,2025-06-26,4.2,,,4.2,1711777,2026-04-08T04:28:36.389223+00:00
256225,CORNERST,2025-06-27,4.15,,,4.15,3692536,2026-04-08T04:28:38.797599+00:00
256345,CORNERST,2025-07-01,4.25,,,4.25,1336768,2026-04-08T04:28:44.517216+00:00
256465,CORNERST,2025-07-02,4.2,,,4.2,929758,2026-04-08T04:28:47.139962+00:00
256585,CORNERST,2025-07-03,4.37,,,4.37,5058162,2026-04-08T04:28:49.506141+00:00
256705,CORNERST,2025-07-04,4.5,,,4.5,512087,2026-04-08T04:28:51.76506+00:00
256825,CORNERST,2025-07-07,4.5,,,4.5,1417363,2026-04-08T04:28:56.230166+00:00
256945,CORNERST,2025-07-08,4.2,,,4.2,882900,2026-04-08T04:28:58.705995+00:00
257065,CORNERST,2025-07-09,4.15,,,4.15,2333517,2026-04-08T04:29:01.058721+00:00
257185,CORNERST,2025-07-10,4.16,,,4.16,3436622,2026-04-08T04:29:03.550316+00:00
257305,CORNERST,2025-07-11,4.29,,,4.29,1143325,2026-04-08T04:29:06.089999+00:00
257425,CORNERST,2025-07-14,4.03,,,4.03,2512139,2026-04-08T04:29:10.69196+00:00
257545,CORNERST,2025-07-16,4.06,,,4.06,3087759,2026-04-08T04:29:14.112969+00:00
257665,CORNERST,2025-07-17,4.4,,,4.4,2145258,2026-04-08T04:29:16.489777+00:00
257785,CORNERST,2025-07-18,4.4,,,4.4,3397087,2026-04-08T04:29:18.854517+00:00
257905,CORNERST,2025-07-21,4.09,,,4.09,2089819,2026-04-08T04:29:23.300994+00:00
258025,CORNERST,2025-07-22,4.19,,,4.19,4679049,2026-04-08T04:29:25.922592+00:00
258145,CORNERST,2025-07-23,4.5,,,4.5,5150998,2026-04-08T04:29:29.05968+00:00
258265,CORNERST,2025-07-24,4.8,,,4.8,2852177,2026-04-08T04:29:31.486978+00:00
258385,CORNERST,2025-07-25,4.94,,,4.94,2493008,2026-04-08T04:29:33.980938+00:00
258505,CORNERST,2025-07-28,4.9,,,4.9,3489502,2026-04-08T04:29:38.78621+00:00
258624,CORNERST,2025-07-29,4.9,,,4.9,1115265,2026-04-08T04:29:41.392621+00:00
258743,CORNERST,2025-07-30,4.89,,,4.89,4283526,2026-04-08T04:29:43.881641+00:00
258862,CORNERST,2025-07-31,4.6,,,4.6,2694049,2026-04-08T04:29:46.315218+00:00
258981,CORNERST,2025-08-01,4.15,,,4.15,2494471,2026-04-08T04:29:48.711654+00:00
259099,CORNERST,2025-08-04,4.39,,,4.39,612935,2026-04-08T04:29:53.303607+00:00
259218,CORNERST,2025-08-05,4.82,,,4.82,7973554,2026-04-08T04:29:55.780422+00:00
259337,CORNERST,2025-08-06,5.3,,,5.3,9258803,2026-04-08T04:29:58.241852+00:00
259456,CORNERST,2025-08-07,5.83,,,5.83,27405842,2026-04-08T04:30:00.56444+00:00
259575,CORNERST,2025-08-08,6.41,,,6.41,14198843,2026-04-08T04:30:02.234883+00:00
259694,CORNERST,2025-08-11,7.05,,,7.05,5380551,2026-04-08T04:30:07.037349+00:00
259813,CORNERST,2025-08-12,7.75,,,7.75,11591396,2026-04-08T04:30:09.28323+00:00
259932,CORNERST,2025-08-13,8.52,,,8.52,12258655,2026-04-08T04:30:11.815521+00:00
260051,CORNERST,2025-08-14,7.67,,,7.67,16114623,2026-04-08T04:30:14.350221+00:00
260170,CORNERST,2025-08-15,6.91,,,6.91,13241408,2026-04-08T04:30:16.786076+00:00
260289,CORNERST,2025-08-18,7.6,,,7.6,6266092,2026-04-08T04:30:21.560319+00:00
260408,CORNERST,2025-08-19,7.5,,,7.5,5571164,2026-04-08T04:30:23.869462+00:00
260527,CORNERST,2025-08-20,7.0,,,7.0,2184177,2026-04-08T04:30:26.318672+00:00
260646,CORNERST,2025-08-21,6.56,,,6.56,3007635,2026-04-08T04:30:28.670378+00:00
260765,CORNERST,2025-08-22,7.1,,,7.1,2619631,2026-04-08T04:30:30.96965+00:00
260884,CORNERST,2025-08-25,7.1,,,7.1,1277211,2026-04-08T04:30:35.521871+00:00
261003,CORNERST,2025-08-26,7.1,,,7.1,418455,2026-04-08T04:30:37.91594+00:00
261122,CORNERST,2025-08-27,6.39,,,6.39,1695974,2026-04-08T04:30:40.231113+00:00
261241,CORNERST,2025-08-28,6.39,,,6.39,4006223,2026-04-08T04:30:42.59826+00:00
261360,CORNERST,2025-08-29,6.39,,,6.39,188202,2026-04-08T04:30:45.09102+00:00
261479,CORNERST,2025-09-01,6.9,,,6.9,1148472,2026-04-08T04:30:49.608802+00:00
261598,CORNERST,2025-09-02,6.9,,,6.9,1136734,2026-04-08T04:30:52.312491+00:00
261717,CORNERST,2025-09-03,6.55,,,6.55,2307403,2026-04-08T04:30:55.837007+00:00
261836,CORNERST,2025-09-04,7.18,,,7.18,1472523,2026-04-08T04:30:58.198935+00:00
261955,CORNERST,2025-09-08,7.5,,,7.5,2237743,2026-04-08T04:31:03.728068+00:00
262074,CORNERST,2025-09-09,7.5,,,7.5,1097383,2026-04-08T04:31:06.294869+00:00
262193,CORNERST,2025-09-10,7.08,,,7.08,2850104,2026-04-08T04:31:08.610575+00:00
262312,CORNERST,2025-09-11,7.33,,,7.33,1619411,2026-04-08T04:31:10.974873+00:00
262431,CORNERST,2025-09-12,7.33,,,7.33,569617,2026-04-08T04:31:13.547359+00:00
262550,CORNERST,2025-09-15,7.25,,,7.25,4523980,2026-04-08T04:31:18.268622+00:00
262669,CORNERST,2025-09-16,7.14,,,7.14,2315678,2026-04-08T04:31:20.741189+00:00
262788,CORNERST,2025-09-17,6.52,,,6.52,4192570,2026-04-08T04:31:23.24235+00:00
262907,CORNERST,2025-09-18,6.5,,,6.5,1670861,2026-04-08T04:31:25.598019+00:00
263026,CORNERST,2025-09-19,6.2,,,6.2,2680040,2026-04-08T04:31:28.111008+00:00
263145,CORNERST,2025-09-22,6.2,,,6.2,632562,2026-04-08T04:31:32.624882+00:00
263264,CORNERST,2025-09-23,6.0,,,6.0,3394583,2026-04-08T04:31:35.170326+00:00
263383,CORNERST,2025-09-24,6.48,,,6.48,2176725,2026-04-08T04:31:37.673105+00:00
263502,CORNERST,2025-09-25,6.33,,,6.33,1750517,2026-04-08T04:31:40.100841+00:00
263621,CORNERST,2025-09-26,6.33,,,6.33,293974,2026-04-08T04:31:42.548783+00:00
263740,CORNERST,2025-09-29,5.86,,,5.86,1070257,2026-04-08T04:31:47.029675+00:00
263859,CORNERST,2025-09-30,6.05,,,6.05,1383152,2026-04-08T04:31:49.320364+00:00
263978,CORNERST,2025-10-02,6.05,,,6.05,5448382441,2026-04-08T04:31:52.706523+00:00
264097,CORNERST,2025-10-03,6.05,,,6.05,300770,2026-04-08T04:31:55.311341+00:00
264216,CORNERST,2025-10-06,6.05,,,6.05,335125,2026-04-08T04:31:59.803196+00:00
264335,CORNERST,2025-10-07,6.65,,,6.65,1249309,2026-04-08T04:32:02.285104+00:00
264454,CORNERST,2025-10-08,6.7,,,6.7,982977,2026-04-08T04:32:04.646463+00:00
264573,CORNERST,2025-10-09,6.67,,,6.67,1095717,2026-04-08T04:32:07.004133+00:00
264692,CORNERST,2025-10-10,6.21,,,6.21,739375,2026-04-08T04:32:10.69692+00:00
264811,CORNERST,2025-10-13,6.21,,,6.21,163105,2026-04-08T04:32:15.267586+00:00
264930,CORNERST,2025-10-14,6.2,,,6.2,5459092,2026-04-08T04:32:17.792097+00:00
265049,CORNERST,2025-10-15,6.2,,,6.2,832314,2026-04-08T04:32:20.093513+00:00
265168,CORNERST,2025-10-16,6.26,,,6.26,791338,2026-04-08T04:32:22.728593+00:00
265287,CORNERST,2025-10-17,6.26,,,6.26,455772,2026-04-08T04:32:25.167177+00:00
265406,CORNERST,2025-10-20,6.3,,,6.3,653222,2026-04-08T04:32:29.532096+00:00
265525,CORNERST,2025-10-21,6.6,,,6.6,816542,2026-04-08T04:32:31.920152+00:00
265644,CORNERST,2025-10-22,6.6,,,6.6,1440794,2026-04-08T04:32:34.332447+00:00
265763,CORNERST,2025-10-23,6.6,,,6.6,375803,2026-04-08T04:32:36.79914+00:00
265882,CORNERST,2025-10-24,6.23,,,6.23,752588,2026-04-08T04:32:39.249323+00:00
266001,CORNERST,2025-10-28,6.67,,,6.67,1275642,2026-04-08T04:32:44.921336+00:00
266120,CORNERST,2025-10-29,6.15,,,6.15,8111556,2026-04-08T04:32:47.450266+00:00
266239,CORNERST,2025-10-30,5.6,,,5.6,2614575,2026-04-08T04:32:49.91761+00:00
266358,CORNERST,2025-10-31,6.15,,,6.15,4680967594,2026-04-08T04:32:52.375955+00:00
266477,CORNERST,2025-11-03,5.99,,,5.99,1235993,2026-04-08T04:32:57.290654+00:00
266596,CORNERST,2025-11-04,5.68,,,5.68,2544374,2026-04-08T04:32:59.739678+00:00
266715,CORNERST,2025-11-05,6.18,,,6.18,4285933,2026-04-08T04:33:02.152799+00:00
266834,CORNERST,2025-11-06,6.0,,,6.0,2293798,2026-04-08T04:33:04.646202+00:00
266953,CORNERST,2025-11-07,5.52,,,5.52,3647149,2026-04-08T04:33:07.145499+00:00
267072,CORNERST,2025-11-10,6.0,,,6.0,2286391,2026-04-08T04:33:11.744122+00:00
267191,CORNERST,2025-11-11,5.79,,,5.79,5070856,2026-04-08T04:33:14.17228+00:00
267310,CORNERST,2025-11-12,5.79,,,5.79,780303,2026-04-08T04:33:16.719178+00:00
267429,CORNERST,2025-11-13,6.2,,,6.2,361640,2026-04-08T04:33:19.052814+00:00
267548,CORNERST,2025-11-14,6.1,,,6.1,4227947996,2026-04-08T04:33:21.762061+00:00
267667,CORNERST,2025-11-17,6.1,,,6.1,835441,2026-04-08T04:33:26.271116+00:00
267786,CORNERST,2025-11-18,6.1,,,6.1,529338,2026-04-08T04:33:29.067053+00:00
267905,CORNERST,2025-11-19,6.1,,,6.1,703600,2026-04-08T04:33:31.487527+00:00
268024,CORNERST,2025-11-20,5.97,,,5.97,4038914,2026-04-08T04:33:33.887172+00:00
268143,CORNERST,2025-11-21,5.97,,,5.97,1104526,2026-04-08T04:33:36.654129+00:00
268262,CORNERST,2025-11-24,5.8,,,5.8,1638084,2026-04-08T04:33:41.368891+00:00
268381,CORNERST,2025-11-25,5.8,,,5.8,1147209,2026-04-08T04:33:44.004166+00:00
268500,CORNERST,2025-11-26,5.8,,,5.8,785023,2026-04-08T04:33:46.260048+00:00
268619,CORNERST,2025-11-27,5.9,,,5.9,1290735,2026-04-08T04:33:48.488035+00:00
268738,CORNERST,2025-11-28,6.0,,,6.0,1267659863,2026-04-08T04:33:50.826192+00:00
268857,CORNERST,2025-12-01,5.53,,,5.53,908817489,2026-04-08T04:33:55.236541+00:00
268976,CORNERST,2025-12-02,5.7,,,5.7,1194441,2026-04-08T04:33:57.748335+00:00
269095,CORNERST,2025-12-03,5.6,,,5.6,292943,2026-04-08T04:34:00.349419+00:00
269214,CORNERST,2025-12-04,5.56,,,5.56,2722669,2026-04-08T04:34:03.142475+00:00
269333,CORNERST,2025-12-05,5.5,,,5.5,1911100,2026-04-08T04:34:05.808951+00:00
269452,CORNERST,2025-12-08,5.5,,,5.5,3032878,2026-04-08T04:34:10.334331+00:00
269571,CORNERST,2025-12-09,5.45,,,5.45,115978817,2026-04-08T04:34:12.926221+00:00
269690,CORNERST,2025-12-10,5.25,,,5.25,42395491,2026-04-08T04:34:15.295879+00:00
269809,CORNERST,2025-12-11,5.39,,,5.39,791137,2026-04-08T04:34:17.804745+00:00
269928,CORNERST,2025-12-12,5.63,,,5.63,1022180,2026-04-08T04:34:20.615101+00:00
270047,CORNERST,2025-12-15,5.45,,,5.45,1351542,2026-04-08T04:34:25.240467+00:00
270166,CORNERST,2025-12-16,5.5,,,5.5,10215474,2026-04-08T04:34:27.867795+00:00
270285,CORNERST,2025-12-18,5.81,,,5.81,529381,2026-04-08T04:34:31.321522+00:00
270404,CORNERST,2025-12-19,5.79,,,5.79,371037,2026-04-08T04:34:33.771022+00:00
270523,CORNERST,2025-12-22,5.79,,,5.79,675266,2026-04-08T04:34:38.115277+00:00
270642,CORNERST,2025-12-23,5.79,,,5.79,234190,2026-04-08T04:34:40.661369+00:00
270761,CORNERST,2025-12-24,5.79,,,5.79,86167,2026-04-08T04:34:43.221402+00:00
270880,CORNERST,2025-12-29,5.6,,,5.6,2642890,2026-04-08T04:34:48.902152+00:00
270999,CORNERST,2025-12-30,5.6,,,5.6,3670103654,2026-04-08T04:34:51.359097+00:00
271118,CORNERST,2025-12-31,5.96,,,5.96,1935432,2026-04-08T04:34:53.061316+00:00
271237,CORNERST,2026-01-02,5.96,,,5.96,417098,2026-04-08T04:34:56.467348+00:00
271356,CORNERST,2026-01-05,6.4,,,6.4,4073093,2026-04-08T04:35:01.008466+00:00
271475,CORNERST,2026-01-06,6.55,,,6.55,1293069,2026-04-08T04:35:03.366972+00:00
271594,CORNERST,2026-01-07,6.55,,,6.55,595675,2026-04-08T04:35:05.819661+00:00
271713,CORNERST,2026-01-08,6.49,,,6.49,1975506,2026-04-08T04:35:08.163488+00:00
271832,CORNERST,2026-01-09,6.74,,,6.74,1684649,2026-04-08T04:35:10.591402+00:00
271951,CORNERST,2026-01-12,6.8,,,6.8,2288850,2026-04-08T04:35:15.220756+00:00
272070,CORNERST,2026-01-13,6.7,,,6.7,2566929,2026-04-08T04:35:17.864544+00:00
272189,CORNERST,2026-01-14,6.7,,,6.7,811383,2026-04-08T04:35:20.278959+00:00
272308,CORNERST,2026-01-15,6.79,,,6.79,3090667,2026-04-08T04:35:23.159853+00:00
272427,CORNERST,2026-01-16,6.35,,,6.35,1553630,2026-04-08T04:35:25.571119+00:00
272546,CORNERST,2026-01-19,6.45,,,6.45,742762,2026-04-08T04:35:30.272746+00:00
272665,CORNERST,2026-01-20,6.5,,,6.5,4002405,2026-04-08T04:35:32.536083+00:00
272785,CORNERST,2026-01-21,6.5,,,6.5,2368246,2026-04-08T04:35:34.90344+00:00
272905,CORNERST,2026-01-22,6.32,,,6.32,1143736,2026-04-08T04:35:36.566163+00:00
273025,CORNERST,2026-01-23,6.25,,,6.25,4176649,2026-04-08T04:35:38.92405+00:00
273145,CORNERST,2026-01-26,6.06,,,6.06,1583022,2026-04-08T04:35:43.383975+00:00
273265,CORNERST,2026-01-27,6.3,,,6.3,2464627,2026-04-08T04:35:45.70946+00:00
273385,CORNERST,2026-01-28,6.1,,,6.1,4486682,2026-04-08T04:35:48.193808+00:00
273505,CORNERST,2026-01-29,6.21,,,6.21,1817601,2026-04-08T04:35:50.479528+00:00
273625,CORNERST,2026-01-30,6.21,,,6.21,110002,2026-04-08T04:35:52.855058+00:00
273745,CORNERST,2026-02-02,6.0,,,6.0,424178,2026-04-08T04:35:57.524813+00:00
273865,CORNERST,2026-02-03,6.0,,,6.0,982242,2026-04-08T04:36:00.137559+00:00
273985,CORNERST,2026-02-04,6.01,,,6.01,2476025,2026-04-08T04:36:02.592569+00:00
274105,CORNERST,2026-02-05,5.63,,,5.63,2029667,2026-04-08T04:36:04.997535+00:00
274225,CORNERST,2026-02-06,5.45,,,5.45,3729474,2026-04-08T04:36:07.533957+00:00
29,CORNERST,2026-02-08,,,,5.45,3729474,2026-02-08T00:18:13.946+00:00
274345,CORNERST,2026-02-09,5.99,,,5.99,1019650,2026-04-08T04:36:12.456447+00:00
274465,CORNERST,2026-02-10,5.62,,,5.62,1514868,2026-04-08T04:36:14.818506+00:00
274585,CORNERST,2026-02-11,5.83,,,5.83,2841564,2026-04-08T04:36:17.460702+00:00
209,CORNERST,2026-02-12,5.8,5.8,5.8,5.8,461294,2026-02-12T09:23:51.241911+00:00
274825,CORNERST,2026-02-13,6.38,,,6.38,3452153,2026-04-08T04:36:22.38356+00:00
274945,CORNERST,2026-02-16,6.1,,,6.1,3196460,2026-04-08T04:36:26.879081+00:00
275065,CORNERST,2026-02-17,6.2,,,6.2,2973594,2026-04-08T04:36:29.440312+00:00
275185,CORNERST,2026-02-18,6.2,,,6.2,1529718,2026-04-08T04:36:31.166521+00:00
275305,CORNERST,2026-02-19,6.2,,,6.2,1116509,2026-04-08T04:36:33.575564+00:00
523,CORNERST,2026-02-20,6.15,,,6.15,4300059,2026-02-20T23:15:44.934622+00:00
671,CORNERST,2026-02-23,6.5,,,6.5,1296980,2026-02-23T07:00:01.990412+00:00
819,CORNERST,2026-02-24,6.48,,,6.48,3085926,2026-02-24T07:00:01.929914+00:00
967,CORNERST,2026-02-25,5.85,,,5.85,7896022,2026-02-25T07:00:01.953057+00:00
1115,CORNERST,2026-02-26,5.85,,,5.85,430642,2026-02-26T07:00:01.915173+00:00
1803,CORNERST,2026-02-27,6.25,,,6.25,661722,2026-02-27T07:00:02.056517+00:00
2684,CORNERST,2026-02-28,6.25,,,6.25,661722,2026-02-28T18:00:03.453641+00:00
2832,CORNERST,2026-03-01,6.25,,,6.25,661722,2026-03-01T18:00:03.821122+00:00
2980,CORNERST,2026-03-02,5.75,,,5.75,10001843,2026-03-02T07:00:01.981706+00:00
3944,CORNERST,2026-03-03,5.95,,,5.95,2003187,2026-03-03T07:00:01.858909+00:00
5381,CORNERST,2026-03-04,6.0,,,6.0,3452336,2026-03-04T07:00:02.010027+00:00
7099,CORNERST,2026-03-05,6.0,,,6.0,164578,2026-03-05T07:00:02.0033+00:00
9615,CORNERST,2026-03-06,5.95,,,5.95,1851947,2026-03-06T07:00:02.033178+00:00
11273,CORNERST,2026-03-07,5.95,,,5.95,1851947,2026-03-07T18:00:06.285951+00:00
11421,CORNERST,2026-03-08,5.95,,,5.95,1851947,2026-03-08T18:00:03.574352+00:00
11569,CORNERST,2026-03-09,5.5,,,5.5,1100408,2026-03-09T07:00:02.016534+00:00
14085,CORNERST,2026-03-10,5.4,,,5.4,3829245,2026-03-10T07:00:03.966079+00:00
15925,CORNERST,2026-03-11,5.43,,,5.43,1189194,2026-03-11T07:00:02.147117+00:00
17641,CORNERST,2026-03-12,5.43,,,5.43,484109,2026-03-12T07:00:02.06753+00:00
20157,CORNERST,2026-03-13,5.43,,,5.43,484109,2026-03-13T07:00:01.993197+00:00
23603,CORNERST,2026-03-16,5.8,,,5.8,1771303,2026-03-16T08:30:01.80086+00:00
25434,CORNERST,2026-03-17,5.5,,,5.5,5639055,2026-03-17T08:30:01.70448+00:00
27297,CORNERST,2026-03-18,5.79,,,5.79,1797301,2026-03-18T08:30:01.732403+00:00
33111,CORNERST,2026-03-23,5.97,,,5.97,1634231,2026-03-23T08:30:01.705825+00:00
34689,CORNERST,2026-03-24,5.97,,,5.97,2609377,2026-03-24T15:00:01.978259+00:00
34837,CORNERST,2026-03-25,5.96,,,5.96,2712192,2026-03-25T15:00:01.528164+00:00
34985,CORNERST,2026-03-26,5.95,,,5.95,2002371,2026-03-26T15:00:01.955832+00:00
35133,CORNERST,2026-03-27,6.01,,,6.01,7096719,2026-03-27T15:00:02.114662+00:00
278185,CORNERST,2026-03-30,6.01,,,6.01,463391,2026-04-08T04:37:47.74327+00:00
35281,CORNERST,2026-03-31,5.6,,,5.6,1042273,2026-03-31T15:00:02.085058+00:00
278425,CORNERST,2026-04-01,5.42,,,5.42,2308468,2026-04-08T04:37:52.684906+00:00
35429,CORNERST,2026-04-02,5.41,,,5.41,1978972,2026-04-02T15:00:01.864809+00:00
35873,CORNERST,2026-04-07,5.66,,,5.66,1225014,2026-04-07T15:00:01.949344+00:00
278770,CORNERST,2026-04-08,5.66,,,5.66,111931,2026-04-08T15:00:01.943007+00:00
278918,CORNERST,2026-04-09,5.7,,,5.7,1449978,2026-04-09T15:00:02.085141+00:00
279064,CORNERST,2026-04-10,5.2,,,5.2,746841,2026-04-10T15:00:01.352272+00:00
279210,CORNERST,2026-04-13,5.13,,,5.13,943182,2026-04-13T15:00:02.021173+00:00
279356,CORNERST,2026-04-14,5.64,,,5.64,2710190,2026-04-14T15:00:02.477878+00:00
279502,CORNERST,2026-04-15,5.4,,,5.4,892784,2026-04-15T15:00:02.184222+00:00
279648,CORNERST,2026-04-16,5.31,,,5.31,1672314,2026-04-16T15:00:02.07143+00:00
279794,CORNERST,2026-04-17,5.7,,,5.7,1549158,2026-04-17T15:00:02.06245+00:00
279940,CORNERST,2026-04-20,5.7,,,5.7,694475,2026-04-20T15:00:01.862344+00:00
280086,CORNERST,2026-04-21,5.6,,,5.6,1364450,2026-04-21T15:00:02.189846+00:00
280232,CORNERST,2026-04-22,5.6,,,5.6,2045958,2026-04-22T15:00:02.200159+00:00
280378,CORNERST,2026-04-23,5.6,,,5.6,4001399,2026-04-23T15:00:02.125151+00:00
280524,CORNERST,2026-04-24,5.6,,,5.6,3485229,2026-04-24T15:00:02.20649+00:00
280670,CORNERST,2026-04-27,5.25,,,5.25,607475,2026-04-27T15:00:02.034997+00:00
280816,CORNERST,2026-04-28,5.3,,,5.3,1580155,2026-04-28T15:00:01.918241+00:00
280962,CORNERST,2026-04-29,5.5,,,5.5,882135,2026-04-29T15:00:02.672724+00:00
281108,CORNERST,2026-04-30,5.6,,,5.6,3647175,2026-04-30T15:00:02.170664+00:00
281400,CORNERST,2026-05-04,5.6,,,5.6,2651196,2026-05-04T15:00:02.156928+00:00
281546,CORNERST,2026-05-05,5.55,,,5.55,946335,2026-05-05T15:00:01.930748+00:00
281692,CORNERST,2026-05-06,6.0,,,6.0,3264641,2026-05-06T15:00:01.919787+00:00
281838,CORNERST,2026-05-07,6.3,,,6.3,1323318,2026-05-07T15:00:01.995523+00:00
281984,CORNERST,2026-05-08,6.0,,,6.0,994702,2026-05-08T15:00:02.118161+00:00
282130,CORNERST,2026-05-11,5.9,,,5.9,614759,2026-05-11T15:00:02.243132+00:00
282276,CORNERST,2026-05-12,6.0,,,6.0,711546,2026-05-12T15:00:02.325735+00:00
282422,CORNERST,2026-05-13,5.4,,,5.4,863429,2026-05-13T15:00:01.887561+00:00
282568,CORNERST,2026-05-14,6.0,,,6.0,3938239,2026-05-14T15:00:01.952989+00:00
282714,CORNERST,2026-05-15,5.6,,,5.6,2614770,2026-05-15T15:00:01.871578+00:00
282860,CORNERST,2026-05-18,6.0,,,6.0,148777,2026-05-18T15:00:01.868607+00:00
283006,CORNERST,2026-05-19,6.0,,,6.0,488455,2026-05-19T15:00:01.863653+00:00
283152,CORNERST,2026-05-20,6.0,,,6.0,237589,2026-05-20T15:00:01.871845+00:00
283298,CORNERST,2026-05-21,5.5,,,5.5,594338,2026-05-21T15:00:01.939198+00:00
283444,CORNERST,2026-05-22,5.4,,,5.4,1846080,2026-05-22T15:00:02.031345+00:00
283590,CORNERST,2026-05-25,5.85,,,5.85,804781,2026-05-25T15:00:01.979384+00:00
283736,CORNERST,2026-05-26,5.85,,,5.85,1434476,2026-05-26T15:00:01.996051+00:00
284174,CORNERST,2026-05-29,5.45,,,5.45,1078487,2026-05-29T15:00:02.455558+00:00
284320,CORNERST,2026-06-01,5.4,,,5.4,1652805,2026-06-01T15:00:02.603507+00:00
284466,CORNERST,2026-06-02,5.4,,,5.4,1052157,2026-06-02T15:00:02.980523+00:00
284612,CORNERST,2026-06-03,5.8,,,5.8,697477,2026-06-03T15:00:03.023028+00:00
284758,CORNERST,2026-06-04,5.8,,,5.8,194897,2026-06-04T15:00:03.321931+00:00
284904,CORNERST,2026-06-05,5.8,,,5.8,106107,2026-06-05T15:00:03.073061+00:00
285050,CORNERST,2026-06-08,5.8,,,5.8,1956440,2026-06-08T15:00:03.135386+00:00
285196,CORNERST,2026-06-09,5.25,,,5.25,2687568,2026-06-09T15:00:03.53749+00:00
285342,CORNERST,2026-06-10,5.5,,,5.5,1387147,2026-06-10T15:10:03.084397+00:00
285780,CORNERST,2026-06-11,5.45,,,5.45,2854907,2026-06-11T15:10:02.991492+00:00
287532,CORNERST,2026-06-15,5.45,,,5.45,571783,2026-06-15T15:10:02.896252+00:00
288408,CORNERST,2026-06-16,5.4,,,5.4,10931908,2026-06-16T15:10:02.87997+00:00
289284,CORNERST,2026-06-17,5.9,,,5.9,5154118,2026-06-17T15:10:02.980097+00:00
289722,CORNERST,2026-06-18,5.9,,,5.9,3508594,2026-06-18T15:10:02.932064+00:00
290306,CORNERST,2026-06-19,6.05,,,6.05,1365829,2026-06-19T15:10:02.959085+00:00
291036,CORNERST,2026-06-22,6.45,,,6.45,2453453,2026-06-22T15:10:03.140564+00:00
291620,CORNERST,2026-06-23,6.75,,,6.75,2329075,2026-06-23T15:10:03.017319+00:00
292204,CORNERST,2026-06-24,6.5,,,6.5,1253672,2026-06-24T15:10:03.053149+00:00
292788,CORNERST,2026-06-25,5.9,,,5.9,3199313,2026-06-25T15:10:02.973562+00:00
293226,CORNERST,2026-06-26,5.8,,,5.8,527790,2026-06-26T15:10:03.012808+00:00
293664,CORNERST,2026-06-29,5.5,,,5.5,549194,2026-06-29T15:10:03.028054+00:00
294103,CORNERST,2026-06-30,6.0,,,6.0,499207,2026-06-30T15:10:03.08168+00:00
294541,CORNERST,2026-07-01,6.2,,,6.2,376426,2026-07-01T15:10:03.133226+00:00
294979,CORNERST,2026-07-02,5.65,,,5.65,854932,2026-07-02T15:10:03.065554+00:00
295417,CORNERST,2026-07-03,5.8,,,5.8,1560419,2026-07-03T15:10:03.019266+00:00
295855,CORNERST,2026-07-06,5.7,,,5.7,2346881,2026-07-06T15:10:03.100823+00:00
296293,CORNERST,2026-07-07,6.1,,,6.1,827693,2026-07-07T15:10:03.687653+00:00
296731,CORNERST,2026-07-08,6.1,,,6.1,1400048,2026-07-08T15:10:02.922872+00:00
297169,CORNERST,2026-07-09,6.1,,,6.1,368101,2026-07-09T15:10:03.041812+00:00
297607,CORNERST,2026-07-10,5.7,,,5.7,2041853,2026-07-10T15:10:03.284445+00:00
298045,CORNERST,2026-07-13,5.6,,,5.6,3952552,2026-07-13T15:10:02.995074+00:00
298483,CORNERST,2026-07-14,5.6,,,5.6,796224,2026-07-14T15:10:03.094441+00:00
298921,CORNERST,2026-07-15,5.6,,,5.6,489463,2026-07-15T15:10:03.078609+00:00
299359,CORNERST,2026-07-16,5.75,,,5.75,1570915,2026-07-16T15:10:03.113936+00:00
299797,CORNERST,2026-07-17,5.75,,,5.75,1060173,2026-07-17T15:10:03.053983+00:00
