id,symbol,trade_date,open_price,high_price,low_price,close_price,volume,created_at
42782,ELLAHLAKES,2017-01-03,4.26,,,4.26,0,2026-04-08T02:41:25.765521+00:00
43342,ELLAHLAKES,2017-01-04,4.26,,,4.26,0,2026-04-08T02:42:20.164398+00:00
43452,ELLAHLAKES,2017-01-05,4.26,,,4.26,0,2026-04-08T02:42:22.380516+00:00
43562,ELLAHLAKES,2017-01-06,4.26,,,4.26,0,2026-04-08T02:42:23.84796+00:00
43652,ELLAHLAKES,2017-01-09,4.26,,,4.26,0,2026-04-08T02:42:26.938159+00:00
43762,ELLAHLAKES,2017-01-10,4.26,,,4.26,0,2026-04-08T02:42:29.227202+00:00
43872,ELLAHLAKES,2017-01-11,4.26,,,4.26,0,2026-04-08T02:42:30.799441+00:00
43962,ELLAHLAKES,2017-01-12,4.26,,,4.26,0,2026-04-08T02:42:32.390658+00:00
44072,ELLAHLAKES,2017-01-13,4.26,,,4.26,0,2026-04-08T02:42:34.853543+00:00
44182,ELLAHLAKES,2017-01-16,4.26,,,4.26,0,2026-04-08T02:42:38.72803+00:00
44292,ELLAHLAKES,2017-01-17,4.26,,,4.26,0,2026-04-08T02:42:41.056228+00:00
44402,ELLAHLAKES,2017-01-18,4.26,,,4.26,0,2026-04-08T02:42:42.795307+00:00
44492,ELLAHLAKES,2017-01-19,4.26,,,4.26,100,2026-04-08T02:42:44.39781+00:00
44602,ELLAHLAKES,2017-01-20,4.26,,,4.26,0,2026-04-08T02:42:46.643743+00:00
44712,ELLAHLAKES,2017-01-23,4.26,,,4.26,0,2026-04-08T02:42:49.827664+00:00
44822,ELLAHLAKES,2017-01-24,4.26,,,4.26,0,2026-04-08T02:42:51.574002+00:00
44912,ELLAHLAKES,2017-01-25,4.26,,,4.26,0,2026-04-08T02:42:54.05787+00:00
45022,ELLAHLAKES,2017-01-26,4.26,,,4.26,0,2026-04-08T02:42:55.759+00:00
45132,ELLAHLAKES,2017-01-27,4.26,,,4.26,0,2026-04-08T02:42:57.462271+00:00
45242,ELLAHLAKES,2017-01-30,4.26,,,4.26,0,2026-04-08T02:43:00.905282+00:00
45352,ELLAHLAKES,2017-01-31,4.26,,,4.26,0,2026-04-08T02:43:03.07753+00:00
45462,ELLAHLAKES,2017-02-01,4.26,,,4.26,0,2026-04-08T02:43:04.619173+00:00
45552,ELLAHLAKES,2017-02-02,4.26,,,4.26,0,2026-04-08T02:43:06.209007+00:00
45662,ELLAHLAKES,2017-02-03,4.26,,,4.26,0,2026-04-08T02:43:08.490666+00:00
45772,ELLAHLAKES,2017-02-06,4.26,,,4.26,0,2026-04-08T02:43:11.037852+00:00
45882,ELLAHLAKES,2017-02-07,4.26,,,4.26,0,2026-04-08T02:43:12.662822+00:00
45972,ELLAHLAKES,2017-02-08,4.26,,,4.26,0,2026-04-08T02:43:14.224877+00:00
46082,ELLAHLAKES,2017-02-09,4.26,,,4.26,0,2026-04-08T02:43:16.408746+00:00
46193,ELLAHLAKES,2017-02-10,4.26,,,4.26,0,2026-04-08T02:43:18.597686+00:00
46285,ELLAHLAKES,2017-02-13,4.26,,,4.26,0,2026-04-08T02:43:22.775561+00:00
46397,ELLAHLAKES,2017-02-14,4.26,,,4.26,0,2026-04-08T02:43:24.286485+00:00
46509,ELLAHLAKES,2017-02-15,4.26,,,4.26,0,2026-04-08T02:43:26.422065+00:00
46621,ELLAHLAKES,2017-02-16,4.26,,,4.26,0,2026-04-08T02:43:28.597754+00:00
46713,ELLAHLAKES,2017-02-17,4.26,,,4.26,0,2026-04-08T02:43:31.044717+00:00
49381,ELLAHLAKES,2017-02-20,4.26,,,4.26,0,2026-04-08T02:51:00.639833+00:00
49473,ELLAHLAKES,2017-02-21,4.26,,,4.26,0,2026-04-08T02:51:03.098475+00:00
46805,ELLAHLAKES,2017-02-22,4.26,,,4.26,0,2026-04-08T02:44:33.152084+00:00
46897,ELLAHLAKES,2017-02-23,4.26,,,4.26,0,2026-04-08T02:44:35.448225+00:00
46989,ELLAHLAKES,2017-02-24,4.26,,,4.26,0,2026-04-08T02:44:37.781529+00:00
47081,ELLAHLAKES,2017-02-27,4.26,,,4.26,0,2026-04-08T02:44:42.101817+00:00
47173,ELLAHLAKES,2017-02-28,4.26,,,4.26,0,2026-04-08T02:44:45.006295+00:00
47265,ELLAHLAKES,2017-03-01,4.26,,,4.26,0,2026-04-08T02:44:47.332471+00:00
47357,ELLAHLAKES,2017-03-02,4.26,,,4.26,0,2026-04-08T02:44:49.657807+00:00
47449,ELLAHLAKES,2017-03-03,4.26,,,4.26,0,2026-04-08T02:44:51.301699+00:00
47541,ELLAHLAKES,2017-03-06,4.26,,,4.26,0,2026-04-08T02:44:56.024588+00:00
47633,ELLAHLAKES,2017-03-07,4.26,,,4.26,0,2026-04-08T02:44:58.263872+00:00
47725,ELLAHLAKES,2017-03-08,4.26,,,4.26,0,2026-04-08T02:44:59.957789+00:00
47817,ELLAHLAKES,2017-03-09,4.26,,,4.26,0,2026-04-08T02:45:01.661944+00:00
47909,ELLAHLAKES,2017-03-10,4.26,,,4.26,0,2026-04-08T02:45:03.96312+00:00
48001,ELLAHLAKES,2017-03-13,4.26,,,4.26,0,2026-04-08T02:45:08.663664+00:00
48093,ELLAHLAKES,2017-03-14,4.26,,,4.26,0,2026-04-08T02:45:11.088473+00:00
48185,ELLAHLAKES,2017-03-15,4.26,,,4.26,0,2026-04-08T02:45:12.861206+00:00
48277,ELLAHLAKES,2017-03-16,4.26,,,4.26,0,2026-04-08T02:45:15.084197+00:00
48369,ELLAHLAKES,2017-03-17,4.26,,,4.26,0,2026-04-08T02:45:17.543831+00:00
48461,ELLAHLAKES,2017-03-20,4.26,,,4.26,0,2026-04-08T02:45:21.873889+00:00
48553,ELLAHLAKES,2017-03-21,4.26,,,4.26,0,2026-04-08T02:45:25.078347+00:00
48645,ELLAHLAKES,2017-03-22,4.26,,,4.26,0,2026-04-08T02:45:26.626215+00:00
48737,ELLAHLAKES,2017-03-23,4.26,,,4.26,0,2026-04-08T02:45:28.377346+00:00
48829,ELLAHLAKES,2017-03-24,4.26,,,4.26,0,2026-04-08T02:45:30.775015+00:00
48921,ELLAHLAKES,2017-03-27,4.26,,,4.26,0,2026-04-08T02:45:34.704999+00:00
49013,ELLAHLAKES,2017-03-28,4.26,,,4.26,0,2026-04-08T02:45:36.347457+00:00
49105,ELLAHLAKES,2017-03-29,4.26,,,4.26,0,2026-04-08T02:45:38.731306+00:00
49197,ELLAHLAKES,2017-03-30,4.26,,,4.26,0,2026-04-08T02:45:40.513553+00:00
49289,ELLAHLAKES,2017-03-31,4.26,,,4.26,0,2026-04-08T02:45:42.281198+00:00
49565,ELLAHLAKES,2017-04-03,4.26,,,4.26,0,2026-04-08T02:51:07.481095+00:00
49657,ELLAHLAKES,2017-04-04,4.26,,,4.26,0,2026-04-08T02:51:09.86923+00:00
49749,ELLAHLAKES,2017-04-05,4.26,,,4.26,0,2026-04-08T02:51:12.308135+00:00
49841,ELLAHLAKES,2017-04-06,4.26,,,4.26,0,2026-04-08T02:51:14.846493+00:00
49933,ELLAHLAKES,2017-04-07,4.26,,,4.26,0,2026-04-08T02:51:17.320635+00:00
50025,ELLAHLAKES,2017-04-10,4.26,,,4.26,0,2026-04-08T02:51:21.583607+00:00
50116,ELLAHLAKES,2017-04-11,4.26,,,4.26,0,2026-04-08T02:51:23.796131+00:00
50207,ELLAHLAKES,2017-04-12,4.26,,,4.26,0,2026-04-08T02:51:26.28287+00:00
50298,ELLAHLAKES,2017-04-13,4.26,,,4.26,0,2026-04-08T02:51:28.606475+00:00
50389,ELLAHLAKES,2017-04-18,4.26,,,4.26,0,2026-04-08T02:51:35.070654+00:00
50480,ELLAHLAKES,2017-04-19,4.26,,,4.26,0,2026-04-08T02:51:37.390681+00:00
50571,ELLAHLAKES,2017-04-20,4.26,,,4.26,0,2026-04-08T02:51:39.751187+00:00
50662,ELLAHLAKES,2017-04-21,4.26,,,4.26,10,2026-04-08T02:51:42.059234+00:00
50753,ELLAHLAKES,2017-04-24,4.26,,,4.26,0,2026-04-08T02:51:46.271638+00:00
50844,ELLAHLAKES,2017-04-25,4.26,,,4.26,0,2026-04-08T02:51:48.506234+00:00
50935,ELLAHLAKES,2017-04-26,4.26,,,4.26,0,2026-04-08T02:51:50.787758+00:00
51026,ELLAHLAKES,2017-04-27,4.26,,,4.26,0,2026-04-08T02:51:53.168104+00:00
51117,ELLAHLAKES,2017-04-28,4.26,,,4.26,0,2026-04-08T02:51:55.619599+00:00
51208,ELLAHLAKES,2017-05-02,4.26,,,4.26,0,2026-04-08T02:52:01.291461+00:00
51299,ELLAHLAKES,2017-05-03,4.26,,,4.26,5,2026-04-08T02:52:03.619408+00:00
51390,ELLAHLAKES,2017-05-04,4.26,,,4.26,0,2026-04-08T02:52:06.041901+00:00
51481,ELLAHLAKES,2017-05-05,4.26,,,4.26,0,2026-04-08T02:52:08.320033+00:00
51572,ELLAHLAKES,2017-05-08,4.26,,,4.26,0,2026-04-08T02:52:12.828428+00:00
51663,ELLAHLAKES,2017-05-09,4.26,,,4.26,0,2026-04-08T02:52:15.102333+00:00
51754,ELLAHLAKES,2017-05-10,4.26,,,4.26,0,2026-04-08T02:52:17.709352+00:00
51845,ELLAHLAKES,2017-05-11,4.26,,,4.26,0,2026-04-08T02:52:19.900179+00:00
51936,ELLAHLAKES,2017-05-12,4.26,,,4.26,0,2026-04-08T02:52:22.170941+00:00
52027,ELLAHLAKES,2017-05-15,4.26,,,4.26,0,2026-04-08T02:52:26.563035+00:00
52119,ELLAHLAKES,2017-05-16,4.26,,,4.26,0,2026-04-08T02:52:28.807233+00:00
52211,ELLAHLAKES,2017-05-17,4.26,,,4.26,0,2026-04-08T02:52:31.099411+00:00
52303,ELLAHLAKES,2017-05-18,4.26,,,4.26,0,2026-04-08T02:52:33.303088+00:00
52395,ELLAHLAKES,2017-05-19,4.26,,,4.26,0,2026-04-08T02:52:35.640534+00:00
52487,ELLAHLAKES,2017-05-22,4.26,,,4.26,0,2026-04-08T02:52:39.854932+00:00
52579,ELLAHLAKES,2017-05-23,4.26,,,4.26,0,2026-04-08T02:52:42.264162+00:00
52671,ELLAHLAKES,2017-05-24,4.26,,,4.26,0,2026-04-08T02:52:44.613941+00:00
52763,ELLAHLAKES,2017-05-25,4.26,,,4.26,0,2026-04-08T02:52:46.963191+00:00
52855,ELLAHLAKES,2017-05-26,4.26,,,4.26,0,2026-04-08T02:52:49.347152+00:00
52947,ELLAHLAKES,2017-05-30,4.26,,,4.26,0,2026-04-08T02:52:54.942696+00:00
53039,ELLAHLAKES,2017-05-31,4.26,,,4.26,0,2026-04-08T02:52:57.421655+00:00
53131,ELLAHLAKES,2017-06-01,4.26,,,4.26,0,2026-04-08T02:52:59.649981+00:00
53223,ELLAHLAKES,2017-06-02,4.26,,,4.26,0,2026-04-08T02:53:02.056444+00:00
53315,ELLAHLAKES,2017-06-05,4.26,,,4.26,0,2026-04-08T02:53:06.428901+00:00
53407,ELLAHLAKES,2017-06-06,4.26,,,4.26,0,2026-04-08T02:53:08.604609+00:00
53499,ELLAHLAKES,2017-06-07,4.26,,,4.26,0,2026-04-08T02:53:10.833265+00:00
53591,ELLAHLAKES,2017-06-08,4.26,,,4.26,0,2026-04-08T02:53:13.196386+00:00
53683,ELLAHLAKES,2017-06-09,4.26,,,4.26,0,2026-04-08T02:53:15.53674+00:00
53775,ELLAHLAKES,2017-06-12,4.26,,,4.26,0,2026-04-08T02:53:19.709801+00:00
53867,ELLAHLAKES,2017-06-13,4.26,,,4.26,0,2026-04-08T02:53:22.046011+00:00
53959,ELLAHLAKES,2017-06-14,4.26,,,4.26,0,2026-04-08T02:53:24.253383+00:00
54051,ELLAHLAKES,2017-06-15,4.26,,,4.26,0,2026-04-08T02:53:26.527181+00:00
54143,ELLAHLAKES,2017-06-16,4.26,,,4.26,0,2026-04-08T02:53:28.80273+00:00
54235,ELLAHLAKES,2017-06-19,4.26,,,4.26,0,2026-04-08T02:53:33.036647+00:00
54327,ELLAHLAKES,2017-06-20,4.26,,,4.26,0,2026-04-08T02:53:35.524675+00:00
54419,ELLAHLAKES,2017-06-21,4.26,,,4.26,0,2026-04-08T02:53:37.865913+00:00
54511,ELLAHLAKES,2017-06-22,4.26,,,4.26,0,2026-04-08T02:53:40.094955+00:00
54603,ELLAHLAKES,2017-06-23,4.26,,,4.26,0,2026-04-08T02:53:42.493578+00:00
54695,ELLAHLAKES,2017-06-28,4.26,,,4.26,0,2026-04-08T02:53:49.135881+00:00
54787,ELLAHLAKES,2017-06-29,4.26,,,4.26,0,2026-04-08T02:53:51.51214+00:00
54879,ELLAHLAKES,2017-06-30,4.26,,,4.26,0,2026-04-08T02:53:53.827964+00:00
54971,ELLAHLAKES,2017-07-03,4.26,,,4.26,0,2026-04-08T02:53:58.279599+00:00
55063,ELLAHLAKES,2017-07-04,4.26,,,4.26,0,2026-04-08T02:54:00.563227+00:00
55155,ELLAHLAKES,2017-07-05,4.26,,,4.26,0,2026-04-08T02:54:02.831513+00:00
55247,ELLAHLAKES,2017-07-06,4.26,,,4.26,0,2026-04-08T02:54:05.078114+00:00
55339,ELLAHLAKES,2017-07-07,4.26,,,4.26,0,2026-04-08T02:54:07.286065+00:00
55431,ELLAHLAKES,2017-07-10,4.26,,,4.26,1000,2026-04-08T02:54:11.798817+00:00
55523,ELLAHLAKES,2017-07-11,4.26,,,4.26,0,2026-04-08T02:54:14.116532+00:00
55615,ELLAHLAKES,2017-07-12,4.26,,,4.26,0,2026-04-08T02:54:16.498015+00:00
55702,ELLAHLAKES,2017-07-13,4.26,,,4.26,0,2026-04-08T02:54:18.840036+00:00
55789,ELLAHLAKES,2017-07-14,4.26,,,4.26,0,2026-04-08T02:54:21.336813+00:00
55881,ELLAHLAKES,2017-07-17,4.26,,,4.26,0,2026-04-08T02:54:25.561903+00:00
55973,ELLAHLAKES,2017-07-18,4.26,,,4.26,0,2026-04-08T02:54:28.120242+00:00
56065,ELLAHLAKES,2017-07-19,4.26,,,4.26,0,2026-04-08T02:54:30.645734+00:00
56157,ELLAHLAKES,2017-07-20,4.26,,,4.26,0,2026-04-08T02:54:33.025266+00:00
56249,ELLAHLAKES,2017-07-21,4.26,,,4.26,1000,2026-04-08T02:54:35.480817+00:00
56341,ELLAHLAKES,2017-07-24,4.26,,,4.26,0,2026-04-08T02:54:39.934321+00:00
56433,ELLAHLAKES,2017-07-26,4.26,,,4.26,0,2026-04-08T02:54:43.20598+00:00
56525,ELLAHLAKES,2017-07-27,4.26,,,4.26,0,2026-04-08T02:54:45.547579+00:00
56617,ELLAHLAKES,2017-07-28,4.26,,,4.26,0,2026-04-08T02:54:47.918804+00:00
56709,ELLAHLAKES,2017-07-31,4.26,,,4.26,0,2026-04-08T02:54:52.464984+00:00
56801,ELLAHLAKES,2017-08-01,4.26,,,4.26,0,2026-04-08T02:54:54.790805+00:00
56893,ELLAHLAKES,2017-08-02,4.26,,,4.26,0,2026-04-08T02:54:57.117603+00:00
56985,ELLAHLAKES,2017-08-03,4.26,,,4.26,0,2026-04-08T02:54:59.3729+00:00
57077,ELLAHLAKES,2017-08-04,4.26,,,4.26,0,2026-04-08T02:55:01.592641+00:00
57169,ELLAHLAKES,2017-08-07,4.26,,,4.26,0,2026-04-08T02:55:06.418828+00:00
57261,ELLAHLAKES,2017-08-08,4.26,,,4.26,0,2026-04-08T02:55:08.763983+00:00
57353,ELLAHLAKES,2017-08-09,4.26,,,4.26,0,2026-04-08T02:55:11.057796+00:00
57445,ELLAHLAKES,2017-08-10,4.26,,,4.26,0,2026-04-08T02:55:13.401484+00:00
57537,ELLAHLAKES,2017-08-11,4.26,,,4.26,0,2026-04-08T02:55:15.670877+00:00
57629,ELLAHLAKES,2017-08-14,4.26,,,4.26,0,2026-04-08T02:55:20.026285+00:00
57721,ELLAHLAKES,2017-08-15,4.26,,,4.26,0,2026-04-08T02:55:22.633816+00:00
57813,ELLAHLAKES,2017-08-16,4.26,,,4.26,0,2026-04-08T02:55:24.979188+00:00
57905,ELLAHLAKES,2017-08-17,4.26,,,4.26,0,2026-04-08T02:55:27.3994+00:00
57997,ELLAHLAKES,2017-08-18,4.26,,,4.26,0,2026-04-08T02:55:29.67842+00:00
58089,ELLAHLAKES,2017-08-21,4.26,,,4.26,0,2026-04-08T02:55:34.023067+00:00
58181,ELLAHLAKES,2017-08-22,4.26,,,4.26,250,2026-04-08T02:55:36.334754+00:00
58273,ELLAHLAKES,2017-08-23,4.26,,,4.26,0,2026-04-08T02:55:38.717606+00:00
58365,ELLAHLAKES,2017-08-24,4.26,,,4.26,0,2026-04-08T02:55:41.242089+00:00
58457,ELLAHLAKES,2017-08-25,4.26,,,4.26,0,2026-04-08T02:55:43.579232+00:00
58549,ELLAHLAKES,2017-08-28,4.26,,,4.26,0,2026-04-08T02:55:48.020598+00:00
58641,ELLAHLAKES,2017-08-29,4.26,,,4.26,0,2026-04-08T02:55:50.281022+00:00
58733,ELLAHLAKES,2017-08-30,4.26,,,4.26,0,2026-04-08T02:55:52.499005+00:00
58825,ELLAHLAKES,2017-08-31,4.26,,,4.26,0,2026-04-08T02:55:54.947048+00:00
58917,ELLAHLAKES,2017-09-05,4.26,,,4.26,1100,2026-04-08T02:56:01.572419+00:00
59009,ELLAHLAKES,2017-09-06,4.26,,,4.26,0,2026-04-08T02:56:03.885356+00:00
59101,ELLAHLAKES,2017-09-07,4.26,,,4.26,0,2026-04-08T02:56:06.19045+00:00
59193,ELLAHLAKES,2017-09-11,4.26,,,4.26,0,2026-04-08T02:56:11.370569+00:00
59285,ELLAHLAKES,2017-09-12,4.26,,,4.26,0,2026-04-08T02:56:13.892416+00:00
59377,ELLAHLAKES,2017-09-13,4.26,,,4.26,0,2026-04-08T02:56:16.312215+00:00
59469,ELLAHLAKES,2017-09-14,4.26,,,4.26,0,2026-04-08T02:56:18.601168+00:00
59561,ELLAHLAKES,2017-09-15,4.26,,,4.26,0,2026-04-08T02:56:20.93666+00:00
59653,ELLAHLAKES,2017-09-16,4.26,,,4.26,0,2026-04-08T02:56:23.148937+00:00
59745,ELLAHLAKES,2017-09-19,4.26,,,4.26,0,2026-04-08T02:56:27.358465+00:00
59837,ELLAHLAKES,2017-09-20,4.26,,,4.26,2500,2026-04-08T02:56:29.683375+00:00
59929,ELLAHLAKES,2017-09-21,4.26,,,4.26,0,2026-04-08T02:56:31.851594+00:00
60021,ELLAHLAKES,2017-09-22,4.26,,,4.26,0,2026-04-08T02:56:34.007646+00:00
60113,ELLAHLAKES,2017-09-25,4.26,,,4.26,0,2026-04-08T02:56:38.385386+00:00
60205,ELLAHLAKES,2017-09-26,4.26,,,4.26,0,2026-04-08T02:56:40.657356+00:00
60297,ELLAHLAKES,2017-09-27,4.26,,,4.26,0,2026-04-08T02:56:42.968732+00:00
60389,ELLAHLAKES,2017-09-28,4.26,,,4.26,0,2026-04-08T02:56:45.128996+00:00
60481,ELLAHLAKES,2017-09-29,4.26,,,4.26,0,2026-04-08T02:56:47.398677+00:00
60573,ELLAHLAKES,2017-10-03,4.26,,,4.26,0,2026-04-08T02:56:52.779733+00:00
60665,ELLAHLAKES,2017-10-04,4.26,,,4.26,0,2026-04-08T02:56:55.065177+00:00
60757,ELLAHLAKES,2017-10-05,4.26,,,4.26,0,2026-04-08T02:56:57.377802+00:00
60849,ELLAHLAKES,2017-10-06,4.26,,,4.26,2000,2026-04-08T02:56:59.661092+00:00
60941,ELLAHLAKES,2017-10-09,4.26,,,4.26,0,2026-04-08T02:57:04.043492+00:00
61033,ELLAHLAKES,2017-10-10,4.26,,,4.26,0,2026-04-08T02:57:06.326055+00:00
61125,ELLAHLAKES,2017-10-11,4.26,,,4.26,0,2026-04-08T02:57:08.620281+00:00
61217,ELLAHLAKES,2017-10-12,4.26,,,4.26,0,2026-04-08T02:57:10.950839+00:00
61309,ELLAHLAKES,2017-10-13,4.26,,,4.26,0,2026-04-08T02:57:13.525709+00:00
61401,ELLAHLAKES,2017-10-16,4.26,,,4.26,0,2026-04-08T02:57:17.895676+00:00
61493,ELLAHLAKES,2017-10-17,4.26,,,4.26,0,2026-04-08T02:57:20.31307+00:00
61585,ELLAHLAKES,2017-10-18,4.26,,,4.26,0,2026-04-08T02:57:22.526226+00:00
61677,ELLAHLAKES,2017-10-19,4.26,,,4.26,0,2026-04-08T02:57:24.865827+00:00
61769,ELLAHLAKES,2017-10-20,4.26,,,4.26,0,2026-04-08T02:57:27.091081+00:00
61861,ELLAHLAKES,2017-10-23,4.26,,,4.26,250,2026-04-08T02:57:31.703062+00:00
61953,ELLAHLAKES,2017-10-24,4.26,,,4.26,1000,2026-04-08T02:57:34.020008+00:00
62045,ELLAHLAKES,2017-10-25,4.26,,,4.26,0,2026-04-08T02:57:36.254878+00:00
62137,ELLAHLAKES,2017-10-26,4.26,,,4.26,0,2026-04-08T02:57:38.639324+00:00
62229,ELLAHLAKES,2017-10-27,4.26,,,4.26,100,2026-04-08T02:57:40.810349+00:00
62321,ELLAHLAKES,2017-10-30,4.26,,,4.26,0,2026-04-08T02:57:45.233404+00:00
62413,ELLAHLAKES,2017-10-31,4.26,,,4.26,0,2026-04-08T02:57:47.538171+00:00
62505,ELLAHLAKES,2017-11-01,4.26,,,4.26,0,2026-04-08T02:57:49.900698+00:00
62597,ELLAHLAKES,2017-11-02,4.26,,,4.26,0,2026-04-08T02:57:52.192143+00:00
62689,ELLAHLAKES,2017-11-03,4.26,,,4.26,0,2026-04-08T02:57:54.512232+00:00
62781,ELLAHLAKES,2017-11-06,4.26,,,4.26,0,2026-04-08T02:57:59.23147+00:00
62873,ELLAHLAKES,2017-11-07,4.26,,,4.26,0,2026-04-08T02:58:01.524363+00:00
62965,ELLAHLAKES,2017-11-08,4.26,,,4.26,50,2026-04-08T02:58:03.79912+00:00
63057,ELLAHLAKES,2017-11-09,4.26,,,4.26,0,2026-04-08T02:58:06.050925+00:00
63149,ELLAHLAKES,2017-11-10,4.26,,,4.26,0,2026-04-08T02:58:08.423322+00:00
63241,ELLAHLAKES,2017-11-13,4.26,,,4.26,0,2026-04-08T02:58:12.832851+00:00
63333,ELLAHLAKES,2017-11-14,4.26,,,4.26,0,2026-04-08T02:58:15.182817+00:00
63425,ELLAHLAKES,2017-11-15,4.26,,,4.26,0,2026-04-08T02:58:17.483941+00:00
63517,ELLAHLAKES,2017-11-16,4.26,,,4.26,0,2026-04-08T02:58:19.932158+00:00
63609,ELLAHLAKES,2017-11-17,4.26,,,4.26,0,2026-04-08T02:58:22.230505+00:00
63701,ELLAHLAKES,2017-11-20,4.26,,,4.26,0,2026-04-08T02:58:26.609741+00:00
63793,ELLAHLAKES,2017-11-21,4.26,,,4.26,250,2026-04-08T02:58:29.044371+00:00
63885,ELLAHLAKES,2017-11-22,4.26,,,4.26,1424,2026-04-08T02:58:31.282092+00:00
63977,ELLAHLAKES,2017-11-23,4.26,,,4.26,0,2026-04-08T02:58:33.589475+00:00
64069,ELLAHLAKES,2017-11-24,4.26,,,4.26,0,2026-04-08T02:58:35.965247+00:00
64161,ELLAHLAKES,2017-11-27,4.26,,,4.26,0,2026-04-08T02:58:40.303262+00:00
64253,ELLAHLAKES,2017-11-28,4.26,,,4.26,0,2026-04-08T02:58:42.596324+00:00
64345,ELLAHLAKES,2017-11-29,4.26,,,4.26,0,2026-04-08T02:58:44.979081+00:00
64437,ELLAHLAKES,2017-11-30,4.26,,,4.26,0,2026-04-08T02:58:47.226359+00:00
64529,ELLAHLAKES,2017-12-04,4.26,,,4.26,0,2026-04-08T02:58:52.54699+00:00
64621,ELLAHLAKES,2017-12-05,4.26,,,4.26,0,2026-04-08T02:58:54.773083+00:00
64713,ELLAHLAKES,2017-12-06,4.26,,,4.26,0,2026-04-08T02:58:57.263783+00:00
64805,ELLAHLAKES,2017-12-07,4.26,,,4.26,0,2026-04-08T02:58:59.55462+00:00
64897,ELLAHLAKES,2017-12-08,4.26,,,4.26,0,2026-04-08T02:59:01.865905+00:00
64989,ELLAHLAKES,2017-12-11,4.26,,,4.26,0,2026-04-08T02:59:06.715792+00:00
65081,ELLAHLAKES,2017-12-12,4.26,,,4.26,0,2026-04-08T02:59:09.170602+00:00
65173,ELLAHLAKES,2017-12-13,4.26,,,4.26,0,2026-04-08T02:59:11.522814+00:00
65265,ELLAHLAKES,2017-12-14,4.26,,,4.26,0,2026-04-08T02:59:13.751616+00:00
65357,ELLAHLAKES,2017-12-15,4.26,,,4.26,0,2026-04-08T02:59:16.016878+00:00
65449,ELLAHLAKES,2017-12-18,4.26,,,4.26,0,2026-04-08T02:59:20.496704+00:00
65541,ELLAHLAKES,2017-12-19,4.26,,,4.26,0,2026-04-08T02:59:22.691103+00:00
65633,ELLAHLAKES,2017-12-20,4.26,,,4.26,0,2026-04-08T02:59:25.001427+00:00
65725,ELLAHLAKES,2017-12-21,4.26,,,4.26,0,2026-04-08T02:59:27.554405+00:00
65817,ELLAHLAKES,2017-12-22,4.26,,,4.26,0,2026-04-08T02:59:29.82771+00:00
65909,ELLAHLAKES,2017-12-27,4.26,,,4.26,1000,2026-04-08T02:59:36.63878+00:00
66001,ELLAHLAKES,2017-12-28,4.26,,,4.26,0,2026-04-08T02:59:39.04539+00:00
66093,ELLAHLAKES,2017-12-29,4.26,,,4.26,0,2026-04-08T02:59:41.445401+00:00
66185,ELLAHLAKES,2018-01-02,4.26,,,4.26,0,2026-04-08T02:59:46.944851+00:00
66277,ELLAHLAKES,2018-01-03,4.26,,,4.26,0,2026-04-08T02:59:49.25236+00:00
66369,ELLAHLAKES,2018-01-04,4.26,,,4.26,0,2026-04-08T02:59:51.440942+00:00
66461,ELLAHLAKES,2018-01-05,4.26,,,4.26,0,2026-04-08T02:59:53.632679+00:00
66553,ELLAHLAKES,2018-01-08,4.26,,,4.26,0,2026-04-08T02:59:58.187375+00:00
66645,ELLAHLAKES,2018-01-09,4.26,,,4.26,0,2026-04-08T03:00:00.526076+00:00
66737,ELLAHLAKES,2018-01-10,4.26,,,4.26,0,2026-04-08T03:00:02.789006+00:00
66829,ELLAHLAKES,2018-01-11,4.26,,,4.26,0,2026-04-08T03:00:05.007224+00:00
66921,ELLAHLAKES,2018-01-12,4.26,,,4.26,0,2026-04-08T03:00:07.437621+00:00
67013,ELLAHLAKES,2018-01-15,4.26,,,4.26,20,2026-04-08T03:00:11.967979+00:00
67105,ELLAHLAKES,2018-01-16,4.26,,,4.26,0,2026-04-08T03:00:14.274869+00:00
67197,ELLAHLAKES,2018-01-17,4.26,,,4.26,0,2026-04-08T03:00:16.592861+00:00
67289,ELLAHLAKES,2018-01-18,4.26,,,4.26,0,2026-04-08T03:00:18.874572+00:00
67381,ELLAHLAKES,2018-01-19,4.26,,,4.26,0,2026-04-08T03:00:21.223293+00:00
67473,ELLAHLAKES,2018-01-22,4.26,,,4.26,0,2026-04-08T03:00:25.613479+00:00
67565,ELLAHLAKES,2018-01-23,4.26,,,4.26,0,2026-04-08T03:00:27.792672+00:00
67657,ELLAHLAKES,2018-01-24,4.26,,,4.26,0,2026-04-08T03:00:29.955701+00:00
67749,ELLAHLAKES,2018-01-25,4.26,,,4.26,550,2026-04-08T03:00:32.149736+00:00
67841,ELLAHLAKES,2018-01-26,4.26,,,4.26,0,2026-04-08T03:00:34.314441+00:00
67933,ELLAHLAKES,2018-01-30,4.26,,,4.26,0,2026-04-08T03:00:39.498781+00:00
68025,ELLAHLAKES,2018-01-31,4.26,,,4.26,21,2026-04-08T03:00:41.874276+00:00
68117,ELLAHLAKES,2018-02-01,4.26,,,4.26,0,2026-04-08T03:00:44.260901+00:00
68209,ELLAHLAKES,2018-02-02,4.26,,,4.26,0,2026-04-08T03:00:46.552556+00:00
68301,ELLAHLAKES,2018-02-05,4.26,,,4.26,0,2026-04-08T03:00:50.820837+00:00
68393,ELLAHLAKES,2018-02-06,4.26,,,4.26,0,2026-04-08T03:00:53.862975+00:00
68485,ELLAHLAKES,2018-02-07,4.26,,,4.26,0,2026-04-08T03:00:56.249659+00:00
68577,ELLAHLAKES,2018-02-08,4.26,,,4.26,0,2026-04-08T03:00:58.532515+00:00
68669,ELLAHLAKES,2018-02-12,4.26,,,4.26,0,2026-04-08T03:01:04.382325+00:00
68761,ELLAHLAKES,2018-02-13,4.26,,,4.26,0,2026-04-08T03:01:06.5746+00:00
68853,ELLAHLAKES,2018-02-14,4.26,,,4.26,0,2026-04-08T03:01:08.960618+00:00
68945,ELLAHLAKES,2018-02-15,4.26,,,4.26,0,2026-04-08T03:01:11.158693+00:00
69037,ELLAHLAKES,2018-02-16,4.26,,,4.26,0,2026-04-08T03:01:13.607551+00:00
69129,ELLAHLAKES,2018-02-19,4.26,,,4.26,0,2026-04-08T03:01:18.187191+00:00
69221,ELLAHLAKES,2018-02-20,4.26,,,4.26,0,2026-04-08T03:01:20.554931+00:00
69313,ELLAHLAKES,2018-02-22,4.26,,,4.26,1000,2026-04-08T03:01:23.957413+00:00
69405,ELLAHLAKES,2018-02-26,4.26,,,4.26,0,2026-04-08T03:01:29.317338+00:00
69497,ELLAHLAKES,2018-02-27,4.26,,,4.26,0,2026-04-08T03:01:31.58282+00:00
69589,ELLAHLAKES,2018-02-28,4.26,,,4.26,0,2026-04-08T03:01:33.916623+00:00
69681,ELLAHLAKES,2018-03-01,4.26,,,4.26,0,2026-04-08T03:01:36.321302+00:00
69773,ELLAHLAKES,2018-03-02,4.26,,,4.26,0,2026-04-08T03:01:38.625174+00:00
69865,ELLAHLAKES,2018-03-05,4.26,,,4.26,0,2026-04-08T03:01:43.47208+00:00
69957,ELLAHLAKES,2018-03-06,4.26,,,4.26,0,2026-04-08T03:01:45.677681+00:00
70049,ELLAHLAKES,2018-03-08,4.26,,,4.26,0,2026-04-08T03:01:48.923554+00:00
70141,ELLAHLAKES,2018-03-09,4.26,,,4.26,0,2026-04-08T03:01:51.131195+00:00
70233,ELLAHLAKES,2018-03-12,4.26,,,4.26,0,2026-04-08T03:01:55.382529+00:00
70325,ELLAHLAKES,2018-03-13,4.26,,,4.26,0,2026-04-08T03:01:57.721961+00:00
70417,ELLAHLAKES,2018-03-14,4.26,,,4.26,0,2026-04-08T03:02:00.06799+00:00
70509,ELLAHLAKES,2018-03-15,4.26,,,4.26,0,2026-04-08T03:02:02.587626+00:00
70601,ELLAHLAKES,2018-03-16,4.26,,,4.26,0,2026-04-08T03:02:05.049003+00:00
70693,ELLAHLAKES,2018-03-19,4.26,,,4.26,500,2026-04-08T03:02:09.713694+00:00
70785,ELLAHLAKES,2018-03-20,4.26,,,4.26,0,2026-04-08T03:02:12.039098+00:00
70877,ELLAHLAKES,2018-03-21,4.26,,,4.26,0,2026-04-08T03:02:14.26344+00:00
70969,ELLAHLAKES,2018-03-22,4.26,,,4.26,0,2026-04-08T03:02:16.655807+00:00
71061,ELLAHLAKES,2018-03-23,4.26,,,4.26,0,2026-04-08T03:02:19.005936+00:00
71153,ELLAHLAKES,2018-03-26,4.26,,,4.26,0,2026-04-08T03:02:23.356301+00:00
71245,ELLAHLAKES,2018-03-27,4.26,,,4.26,0,2026-04-08T03:02:25.602463+00:00
71337,ELLAHLAKES,2018-03-28,4.26,,,4.26,0,2026-04-08T03:02:28.271075+00:00
71429,ELLAHLAKES,2018-03-29,4.26,,,4.26,0,2026-04-08T03:02:31.326472+00:00
71521,ELLAHLAKES,2018-04-03,4.26,,,4.26,22,2026-04-08T03:02:37.862294+00:00
71613,ELLAHLAKES,2018-04-04,4.26,,,4.26,0,2026-04-08T03:02:40.086392+00:00
71705,ELLAHLAKES,2018-04-05,4.26,,,4.26,0,2026-04-08T03:02:42.518452+00:00
71797,ELLAHLAKES,2018-04-09,4.26,,,4.26,0,2026-04-08T03:02:48.00481+00:00
71889,ELLAHLAKES,2018-04-10,4.26,,,4.26,0,2026-04-08T03:02:50.293549+00:00
71981,ELLAHLAKES,2018-04-11,4.26,,,4.26,100,2026-04-08T03:02:52.723357+00:00
72073,ELLAHLAKES,2018-04-12,4.26,,,4.26,0,2026-04-08T03:02:54.976434+00:00
72165,ELLAHLAKES,2018-04-13,4.26,,,4.26,0,2026-04-08T03:02:57.419716+00:00
72260,ELLAHLAKES,2018-04-16,4.26,,,4.26,0,2026-04-08T03:03:01.748445+00:00
72353,ELLAHLAKES,2018-04-17,4.26,,,4.26,0,2026-04-08T03:03:04.013915+00:00
72446,ELLAHLAKES,2018-04-18,4.26,,,4.26,0,2026-04-08T03:03:06.304604+00:00
72539,ELLAHLAKES,2018-04-19,4.26,,,4.26,0,2026-04-08T03:03:08.631091+00:00
72632,ELLAHLAKES,2018-04-20,4.26,,,4.26,0,2026-04-08T03:03:11.181142+00:00
72725,ELLAHLAKES,2018-04-23,4.26,,,4.26,0,2026-04-08T03:03:15.702548+00:00
72818,ELLAHLAKES,2018-04-24,4.26,,,4.26,0,2026-04-08T03:03:17.976864+00:00
72911,ELLAHLAKES,2018-04-25,4.26,,,4.26,0,2026-04-08T03:03:20.281484+00:00
73004,ELLAHLAKES,2018-04-26,4.26,,,4.26,0,2026-04-08T03:03:22.503544+00:00
73097,ELLAHLAKES,2018-04-27,4.26,,,4.26,100,2026-04-08T03:03:24.801147+00:00
73190,ELLAHLAKES,2018-04-30,4.26,,,4.26,0,2026-04-08T03:03:29.288658+00:00
73283,ELLAHLAKES,2018-05-02,4.26,,,4.26,0,2026-04-08T03:03:32.97882+00:00
73376,ELLAHLAKES,2018-05-03,4.26,,,4.26,0,2026-04-08T03:03:35.46093+00:00
73469,ELLAHLAKES,2018-05-04,4.26,,,4.26,0,2026-04-08T03:03:38.142449+00:00
73562,ELLAHLAKES,2018-05-07,4.26,,,4.26,0,2026-04-08T03:03:42.835383+00:00
73655,ELLAHLAKES,2018-05-08,4.26,,,4.26,0,2026-04-08T03:03:45.094212+00:00
73748,ELLAHLAKES,2018-05-09,4.26,,,4.26,0,2026-04-08T03:03:47.354492+00:00
73841,ELLAHLAKES,2018-05-10,4.26,,,4.26,0,2026-04-08T03:03:49.581225+00:00
73934,ELLAHLAKES,2018-05-11,4.26,,,4.26,0,2026-04-08T03:03:51.923758+00:00
74027,ELLAHLAKES,2018-05-14,4.26,,,4.26,0,2026-04-08T03:03:56.261604+00:00
74120,ELLAHLAKES,2018-05-15,4.26,,,4.26,0,2026-04-08T03:03:58.63318+00:00
74213,ELLAHLAKES,2018-05-16,4.26,,,4.26,42,2026-04-08T03:04:02.494817+00:00
74306,ELLAHLAKES,2018-05-17,4.26,,,4.26,0,2026-04-08T03:04:04.853265+00:00
74399,ELLAHLAKES,2018-05-18,4.26,,,4.26,100,2026-04-08T03:04:09.280828+00:00
74492,ELLAHLAKES,2018-05-21,4.26,,,4.26,100,2026-04-08T03:04:14.640212+00:00
74585,ELLAHLAKES,2018-05-22,4.26,,,4.26,0,2026-04-08T03:04:17.13602+00:00
74678,ELLAHLAKES,2018-05-24,4.26,,,4.26,0,2026-04-08T03:04:20.857799+00:00
74771,ELLAHLAKES,2018-05-25,4.26,,,4.26,0,2026-04-08T03:04:23.533051+00:00
74864,ELLAHLAKES,2018-05-28,4.26,,,4.26,0,2026-04-08T03:04:28.151981+00:00
74957,ELLAHLAKES,2018-05-31,4.26,,,4.26,0,2026-04-08T03:04:33.384321+00:00
75050,ELLAHLAKES,2018-06-01,4.26,,,4.26,10,2026-04-08T03:04:35.846588+00:00
75143,ELLAHLAKES,2018-06-04,4.26,,,4.26,0,2026-04-08T03:04:40.216574+00:00
75236,ELLAHLAKES,2018-06-05,4.26,,,4.26,0,2026-04-08T03:04:42.57091+00:00
75329,ELLAHLAKES,2018-06-06,4.26,,,4.26,0,2026-04-08T03:04:44.928825+00:00
75422,ELLAHLAKES,2018-06-07,4.26,,,4.26,5,2026-04-08T03:04:47.263813+00:00
75515,ELLAHLAKES,2018-06-08,4.26,,,4.26,0,2026-04-08T03:04:49.462509+00:00
75608,ELLAHLAKES,2018-06-11,4.26,,,4.26,50,2026-04-08T03:04:53.988129+00:00
75701,ELLAHLAKES,2018-06-12,4.26,,,4.26,0,2026-04-08T03:04:56.284057+00:00
75794,ELLAHLAKES,2018-06-13,4.26,,,4.26,114,2026-04-08T03:04:58.638577+00:00
75887,ELLAHLAKES,2018-06-14,4.26,,,4.26,0,2026-04-08T03:05:00.901161+00:00
75980,ELLAHLAKES,2018-06-19,4.26,,,4.26,0,2026-04-08T03:05:07.639029+00:00
76073,ELLAHLAKES,2018-06-20,4.26,,,4.26,0,2026-04-08T03:05:09.924133+00:00
76166,ELLAHLAKES,2018-06-21,4.26,,,4.26,0,2026-04-08T03:05:12.376626+00:00
76259,ELLAHLAKES,2018-06-22,4.26,,,4.26,0,2026-04-08T03:05:14.680862+00:00
76352,ELLAHLAKES,2018-06-25,4.26,,,4.26,100,2026-04-08T03:05:19.028214+00:00
76446,ELLAHLAKES,2018-06-26,4.26,,,4.26,0,2026-04-08T03:05:21.361472+00:00
76540,ELLAHLAKES,2018-06-27,4.26,,,4.26,0,2026-04-08T03:05:23.730487+00:00
76634,ELLAHLAKES,2018-06-28,4.26,,,4.26,0,2026-04-08T03:05:26.342484+00:00
76728,ELLAHLAKES,2018-06-29,4.26,,,4.26,0,2026-04-08T03:05:28.786725+00:00
76822,ELLAHLAKES,2018-07-02,4.26,,,4.26,0,2026-04-08T03:05:34.742081+00:00
76916,ELLAHLAKES,2018-07-03,4.26,,,4.26,0,2026-04-08T03:05:37.830893+00:00
77010,ELLAHLAKES,2018-07-04,4.26,,,4.26,0,2026-04-08T03:05:40.225299+00:00
77104,ELLAHLAKES,2018-07-05,4.26,,,4.26,0,2026-04-08T03:05:42.479897+00:00
77198,ELLAHLAKES,2018-07-06,4.26,,,4.26,5,2026-04-08T03:05:44.93013+00:00
77292,ELLAHLAKES,2018-07-09,4.26,,,4.26,0,2026-04-08T03:05:49.395513+00:00
77386,ELLAHLAKES,2018-07-10,4.26,,,4.26,0,2026-04-08T03:05:51.797285+00:00
77480,ELLAHLAKES,2018-07-11,4.26,,,4.26,0,2026-04-08T03:05:54.14171+00:00
77574,ELLAHLAKES,2018-07-12,4.26,,,4.26,0,2026-04-08T03:05:56.629461+00:00
77668,ELLAHLAKES,2018-07-13,4.26,,,4.26,0,2026-04-08T03:05:59.112955+00:00
77762,ELLAHLAKES,2018-07-16,4.26,,,4.26,0,2026-04-08T03:06:03.612411+00:00
77857,ELLAHLAKES,2018-07-17,4.26,,,4.26,0,2026-04-08T03:06:06.031894+00:00
77952,ELLAHLAKES,2018-07-18,4.26,,,4.26,0,2026-04-08T03:06:08.398083+00:00
78047,ELLAHLAKES,2018-07-19,4.26,,,4.26,0,2026-04-08T03:06:10.625391+00:00
78142,ELLAHLAKES,2018-07-20,4.26,,,4.26,0,2026-04-08T03:06:13.100822+00:00
78237,ELLAHLAKES,2018-07-23,4.26,,,4.26,0,2026-04-08T03:06:17.450644+00:00
78332,ELLAHLAKES,2018-07-24,4.26,,,4.26,0,2026-04-08T03:06:19.846153+00:00
78427,ELLAHLAKES,2018-07-25,4.26,,,4.26,0,2026-04-08T03:06:22.17218+00:00
78522,ELLAHLAKES,2018-07-26,4.26,,,4.26,50,2026-04-08T03:06:24.338643+00:00
78617,ELLAHLAKES,2018-07-27,4.26,,,4.26,0,2026-04-08T03:06:26.70773+00:00
78712,ELLAHLAKES,2018-07-30,4.26,,,4.26,0,2026-04-08T03:06:31.357035+00:00
78807,ELLAHLAKES,2018-07-31,4.26,,,4.26,0,2026-04-08T03:06:33.766078+00:00
78902,ELLAHLAKES,2018-08-01,4.26,,,4.26,0,2026-04-08T03:06:36.22345+00:00
78997,ELLAHLAKES,2018-08-02,4.26,,,4.26,0,2026-04-08T03:06:38.596191+00:00
79092,ELLAHLAKES,2018-08-03,4.26,,,4.26,0,2026-04-08T03:06:41.315743+00:00
79187,ELLAHLAKES,2018-08-06,4.26,,,4.26,0,2026-04-08T03:06:46.359416+00:00
79282,ELLAHLAKES,2018-08-07,4.26,,,4.26,0,2026-04-08T03:06:48.623378+00:00
79377,ELLAHLAKES,2018-08-08,4.26,,,4.26,500,2026-04-08T03:06:51.110249+00:00
79472,ELLAHLAKES,2018-08-09,4.26,,,4.26,0,2026-04-08T03:06:53.45187+00:00
79567,ELLAHLAKES,2018-08-10,4.26,,,4.26,0,2026-04-08T03:06:56.254972+00:00
79662,ELLAHLAKES,2018-08-13,4.26,,,4.26,0,2026-04-08T03:07:00.870215+00:00
79757,ELLAHLAKES,2018-08-14,4.26,,,4.26,0,2026-04-08T03:07:03.258394+00:00
79852,ELLAHLAKES,2018-08-15,4.26,,,4.26,0,2026-04-08T03:07:05.636903+00:00
79947,ELLAHLAKES,2018-08-16,4.26,,,4.26,1300,2026-04-08T03:07:07.96787+00:00
80042,ELLAHLAKES,2018-08-17,4.26,,,4.26,0,2026-04-08T03:07:10.276143+00:00
80137,ELLAHLAKES,2018-08-20,4.26,,,4.26,0,2026-04-08T03:07:14.92421+00:00
80232,ELLAHLAKES,2018-08-24,4.26,,,4.26,0,2026-04-08T03:07:20.612873+00:00
80327,ELLAHLAKES,2018-08-27,4.26,,,4.26,0,2026-04-08T03:07:24.735515+00:00
80422,ELLAHLAKES,2018-08-28,4.26,,,4.26,0,2026-04-08T03:07:26.964049+00:00
80517,ELLAHLAKES,2018-08-29,4.26,,,4.26,0,2026-04-08T03:07:29.382314+00:00
80612,ELLAHLAKES,2018-08-30,4.26,,,4.26,0,2026-04-08T03:07:31.753519+00:00
80707,ELLAHLAKES,2018-08-31,4.26,,,4.26,0,2026-04-08T03:07:34.108038+00:00
80802,ELLAHLAKES,2018-09-03,4.26,,,4.26,0,2026-04-08T03:07:38.483999+00:00
80897,ELLAHLAKES,2018-09-05,4.26,,,4.26,0,2026-04-08T03:07:41.733647+00:00
80992,ELLAHLAKES,2018-09-06,4.26,,,4.26,0,2026-04-08T03:07:44.232746+00:00
81087,ELLAHLAKES,2018-09-07,4.26,,,4.26,0,2026-04-08T03:07:46.695234+00:00
81182,ELLAHLAKES,2018-09-10,4.26,,,4.26,0,2026-04-08T03:07:51.133138+00:00
81277,ELLAHLAKES,2018-09-11,4.26,,,4.26,0,2026-04-08T03:07:53.572062+00:00
81379,ELLAHLAKES,2018-09-12,4.26,,,4.26,0,2026-04-08T03:07:56.190409+00:00
81481,ELLAHLAKES,2018-09-13,4.26,,,4.26,5,2026-04-08T03:07:58.529226+00:00
81583,ELLAHLAKES,2018-09-14,4.26,,,4.26,0,2026-04-08T03:08:00.944137+00:00
81685,ELLAHLAKES,2018-09-17,4.26,,,4.26,0,2026-04-08T03:08:05.572353+00:00
81787,ELLAHLAKES,2018-09-18,4.26,,,4.26,0,2026-04-08T03:08:07.840784+00:00
81889,ELLAHLAKES,2018-09-19,4.26,,,4.26,0,2026-04-08T03:08:10.07554+00:00
81991,ELLAHLAKES,2018-09-20,4.26,,,4.26,750,2026-04-08T03:08:12.389642+00:00
82093,ELLAHLAKES,2018-09-21,4.26,,,4.26,0,2026-04-08T03:08:14.761127+00:00
82195,ELLAHLAKES,2018-09-24,4.26,,,4.26,0,2026-04-08T03:08:19.182113+00:00
82297,ELLAHLAKES,2018-09-25,4.26,,,4.26,0,2026-04-08T03:08:21.370615+00:00
82399,ELLAHLAKES,2018-09-26,4.26,,,4.26,0,2026-04-08T03:08:24.494451+00:00
82501,ELLAHLAKES,2018-09-27,4.26,,,4.26,0,2026-04-08T03:08:26.812803+00:00
82603,ELLAHLAKES,2018-09-28,4.26,,,4.26,0,2026-04-08T03:08:29.283021+00:00
82705,ELLAHLAKES,2018-10-02,4.26,,,4.26,0,2026-04-08T03:08:34.887787+00:00
82807,ELLAHLAKES,2018-10-04,4.26,,,4.26,0,2026-04-08T03:08:38.279141+00:00
82909,ELLAHLAKES,2018-10-05,4.26,,,4.26,0,2026-04-08T03:08:40.455926+00:00
83011,ELLAHLAKES,2018-10-08,4.26,,,4.26,0,2026-04-08T03:08:45.286665+00:00
83113,ELLAHLAKES,2018-10-09,4.26,,,4.26,0,2026-04-08T03:08:47.584215+00:00
83215,ELLAHLAKES,2018-10-10,4.26,,,4.26,0,2026-04-08T03:08:50.198924+00:00
83317,ELLAHLAKES,2018-10-11,4.26,,,4.26,0,2026-04-08T03:08:52.595743+00:00
83419,ELLAHLAKES,2018-10-12,4.26,,,4.26,0,2026-04-08T03:08:54.923298+00:00
83521,ELLAHLAKES,2018-10-15,4.26,,,4.26,0,2026-04-08T03:08:59.688494+00:00
83623,ELLAHLAKES,2018-10-16,4.26,,,4.26,0,2026-04-08T03:09:01.98694+00:00
83725,ELLAHLAKES,2018-10-17,4.26,,,4.26,0,2026-04-08T03:09:04.302348+00:00
83827,ELLAHLAKES,2018-10-18,4.26,,,4.26,0,2026-04-08T03:09:06.644992+00:00
83929,ELLAHLAKES,2018-10-19,4.26,,,4.26,0,2026-04-08T03:09:09.038287+00:00
84031,ELLAHLAKES,2018-10-22,4.26,,,4.26,0,2026-04-08T03:09:13.967+00:00
84133,ELLAHLAKES,2018-10-23,4.26,,,4.26,0,2026-04-08T03:09:16.194722+00:00
84235,ELLAHLAKES,2018-10-24,4.26,,,4.26,0,2026-04-08T03:09:18.448083+00:00
84337,ELLAHLAKES,2018-10-25,4.26,,,4.26,0,2026-04-08T03:09:20.631413+00:00
84439,ELLAHLAKES,2018-10-26,4.26,,,4.26,0,2026-04-08T03:09:23.109094+00:00
84541,ELLAHLAKES,2018-10-29,4.26,,,4.26,0,2026-04-08T03:09:27.901396+00:00
84643,ELLAHLAKES,2018-10-30,4.26,,,4.26,0,2026-04-08T03:09:30.377337+00:00
84745,ELLAHLAKES,2018-10-31,4.26,,,4.26,0,2026-04-08T03:09:32.658485+00:00
84847,ELLAHLAKES,2018-11-01,4.26,,,4.26,0,2026-04-08T03:09:35.048509+00:00
84949,ELLAHLAKES,2018-11-02,4.26,,,4.26,0,2026-04-08T03:09:37.41202+00:00
85051,ELLAHLAKES,2018-11-05,4.26,,,4.26,0,2026-04-08T03:09:41.998643+00:00
85153,ELLAHLAKES,2018-11-06,4.26,,,4.26,0,2026-04-08T03:09:44.485046+00:00
85255,ELLAHLAKES,2018-11-08,4.26,,,4.26,0,2026-04-08T03:09:47.843283+00:00
85357,ELLAHLAKES,2018-11-09,4.26,,,4.26,0,2026-04-08T03:09:50.169754+00:00
85459,ELLAHLAKES,2018-11-12,4.26,,,4.26,0,2026-04-08T03:09:54.975549+00:00
85561,ELLAHLAKES,2018-11-13,4.26,,,4.26,0,2026-04-08T03:09:57.558923+00:00
85663,ELLAHLAKES,2018-11-14,4.26,,,4.26,0,2026-04-08T03:09:59.910116+00:00
85765,ELLAHLAKES,2018-11-15,4.26,,,4.26,0,2026-04-08T03:10:02.252366+00:00
85867,ELLAHLAKES,2018-11-16,4.26,,,4.26,0,2026-04-08T03:10:04.527169+00:00
85969,ELLAHLAKES,2018-11-19,4.26,,,4.26,0,2026-04-08T03:10:09.122468+00:00
86071,ELLAHLAKES,2018-11-21,4.26,,,4.26,0,2026-04-08T03:10:12.622729+00:00
86173,ELLAHLAKES,2018-11-22,4.26,,,4.26,0,2026-04-08T03:10:14.989948+00:00
86275,ELLAHLAKES,2018-11-23,4.26,,,4.26,0,2026-04-08T03:10:17.221139+00:00
86377,ELLAHLAKES,2018-11-26,4.26,,,4.26,0,2026-04-08T03:10:22.142454+00:00
86479,ELLAHLAKES,2018-11-27,4.26,,,4.26,0,2026-04-08T03:10:24.421595+00:00
86581,ELLAHLAKES,2018-11-28,4.26,,,4.26,0,2026-04-08T03:10:26.708398+00:00
86683,ELLAHLAKES,2018-11-29,4.26,,,4.26,0,2026-04-08T03:10:29.255332+00:00
86785,ELLAHLAKES,2018-11-30,4.26,,,4.26,0,2026-04-08T03:10:32.706086+00:00
86887,ELLAHLAKES,2018-12-03,4.26,,,4.26,0,2026-04-08T03:10:37.185914+00:00
86989,ELLAHLAKES,2018-12-04,4.26,,,4.26,0,2026-04-08T03:10:39.607482+00:00
87091,ELLAHLAKES,2018-12-05,4.26,,,4.26,0,2026-04-08T03:10:42.037497+00:00
87193,ELLAHLAKES,2018-12-06,4.26,,,4.26,0,2026-04-08T03:10:44.312069+00:00
87295,ELLAHLAKES,2018-12-07,4.26,,,4.26,0,2026-04-08T03:10:46.663078+00:00
87397,ELLAHLAKES,2018-12-10,4.26,,,4.26,0,2026-04-08T03:10:51.346822+00:00
87499,ELLAHLAKES,2018-12-11,4.26,,,4.26,0,2026-04-08T03:10:53.613329+00:00
87601,ELLAHLAKES,2018-12-12,4.26,,,4.26,0,2026-04-08T03:10:55.983376+00:00
87703,ELLAHLAKES,2018-12-13,4.26,,,4.26,0,2026-04-08T03:10:58.622726+00:00
87805,ELLAHLAKES,2018-12-17,4.26,,,4.26,0,2026-04-08T03:11:04.071168+00:00
87907,ELLAHLAKES,2018-12-18,4.26,,,4.26,0,2026-04-08T03:11:06.547404+00:00
88008,ELLAHLAKES,2018-12-19,4.26,,,4.26,0,2026-04-08T03:11:08.930184+00:00
88109,ELLAHLAKES,2018-12-21,4.26,,,4.26,0,2026-04-08T03:11:13.038597+00:00
88210,ELLAHLAKES,2018-12-24,4.26,,,4.26,0,2026-04-08T03:11:17.396489+00:00
88312,ELLAHLAKES,2018-12-31,4.26,,,4.26,0,2026-04-08T03:11:26.963749+00:00
88414,ELLAHLAKES,2019-01-04,4.26,,,4.26,0,2026-04-08T03:11:33.101723+00:00
88516,ELLAHLAKES,2019-01-07,4.26,,,4.26,0,2026-04-08T03:11:37.396019+00:00
88618,ELLAHLAKES,2019-01-08,4.26,,,4.26,0,2026-04-08T03:11:39.720871+00:00
88720,ELLAHLAKES,2019-01-09,4.26,,,4.26,0,2026-04-08T03:11:42.122758+00:00
88822,ELLAHLAKES,2019-01-10,4.26,,,4.26,0,2026-04-08T03:11:44.4712+00:00
88924,ELLAHLAKES,2019-01-11,4.26,,,4.26,0,2026-04-08T03:11:46.864498+00:00
89026,ELLAHLAKES,2019-01-14,4.26,,,4.26,0,2026-04-08T03:11:51.386431+00:00
89128,ELLAHLAKES,2019-01-15,4.26,,,4.26,0,2026-04-08T03:11:53.781694+00:00
89230,ELLAHLAKES,2019-01-16,4.26,,,4.26,0,2026-04-08T03:11:56.273278+00:00
89332,ELLAHLAKES,2019-01-17,4.26,,,4.26,0,2026-04-08T03:11:58.633279+00:00
89434,ELLAHLAKES,2019-01-18,4.26,,,4.26,0,2026-04-08T03:12:01.678716+00:00
89536,ELLAHLAKES,2019-01-21,4.26,,,4.26,0,2026-04-08T03:12:06.146982+00:00
89638,ELLAHLAKES,2019-01-22,4.26,,,4.26,0,2026-04-08T03:12:26.450353+00:00
89740,ELLAHLAKES,2019-01-23,4.26,,,4.26,0,2026-04-08T03:12:28.985884+00:00
89842,ELLAHLAKES,2019-01-24,4.26,,,4.26,0,2026-04-08T03:12:31.471104+00:00
89944,ELLAHLAKES,2019-01-25,4.26,,,4.26,0,2026-04-08T03:12:33.831732+00:00
90046,ELLAHLAKES,2019-01-28,4.26,,,4.26,0,2026-04-08T03:12:38.324+00:00
90148,ELLAHLAKES,2019-01-29,4.26,,,4.26,0,2026-04-08T03:12:40.769031+00:00
90250,ELLAHLAKES,2019-01-30,4.26,,,4.26,0,2026-04-08T03:12:43.207065+00:00
90352,ELLAHLAKES,2019-01-31,4.26,,,4.26,0,2026-04-08T03:12:45.452606+00:00
90454,ELLAHLAKES,2019-02-01,4.26,,,4.26,0,2026-04-08T03:12:47.65569+00:00
90556,ELLAHLAKES,2019-02-04,4.26,,,4.26,0,2026-04-08T03:12:52.008801+00:00
90658,ELLAHLAKES,2019-02-05,4.26,,,4.26,0,2026-04-08T03:12:54.428036+00:00
90760,ELLAHLAKES,2019-02-06,4.26,,,4.26,0,2026-04-08T03:12:56.795589+00:00
90862,ELLAHLAKES,2019-02-07,4.26,,,4.26,0,2026-04-08T03:12:59.333395+00:00
90964,ELLAHLAKES,2019-02-08,4.26,,,4.26,0,2026-04-08T03:13:01.766173+00:00
91066,ELLAHLAKES,2019-02-11,4.26,,,4.26,0,2026-04-08T03:13:07.807824+00:00
91168,ELLAHLAKES,2019-02-12,4.26,,,4.26,0,2026-04-08T03:13:10.389121+00:00
91270,ELLAHLAKES,2019-02-13,4.26,,,4.26,0,2026-04-08T03:13:13.120558+00:00
91372,ELLAHLAKES,2019-02-14,4.26,,,4.26,0,2026-04-08T03:13:15.610167+00:00
91474,ELLAHLAKES,2019-02-15,4.26,,,4.26,0,2026-04-08T03:13:17.960235+00:00
91576,ELLAHLAKES,2019-02-18,4.26,,,4.26,2520,2026-04-08T03:13:22.383964+00:00
91678,ELLAHLAKES,2019-02-19,4.26,,,4.26,0,2026-04-08T03:13:24.617569+00:00
91780,ELLAHLAKES,2019-02-20,4.26,,,4.26,10,2026-04-08T03:13:26.870792+00:00
91882,ELLAHLAKES,2019-02-22,4.26,,,4.26,0,2026-04-08T03:13:30.442816+00:00
91984,ELLAHLAKES,2019-02-25,4.26,,,4.26,0,2026-04-08T03:13:35.015549+00:00
92086,ELLAHLAKES,2019-02-26,4.26,,,4.26,2,2026-04-08T03:13:37.412672+00:00
92188,ELLAHLAKES,2019-02-27,4.26,,,4.26,50,2026-04-08T03:13:39.910522+00:00
92290,ELLAHLAKES,2019-02-28,4.26,,,4.26,0,2026-04-08T03:13:42.435587+00:00
92392,ELLAHLAKES,2019-03-01,4.26,,,4.26,0,2026-04-08T03:13:44.810709+00:00
92494,ELLAHLAKES,2019-03-04,4.26,,,4.26,0,2026-04-08T03:13:49.353535+00:00
92596,ELLAHLAKES,2019-03-05,4.26,,,4.26,0,2026-04-08T03:13:51.846242+00:00
92698,ELLAHLAKES,2019-03-06,4.26,,,4.26,0,2026-04-08T03:13:54.267269+00:00
92800,ELLAHLAKES,2019-03-07,4.26,,,4.26,0,2026-04-08T03:13:56.544072+00:00
92902,ELLAHLAKES,2019-03-08,4.26,,,4.26,0,2026-04-08T03:13:58.936546+00:00
93004,ELLAHLAKES,2019-03-11,4.26,,,4.26,0,2026-04-08T03:14:03.582539+00:00
93106,ELLAHLAKES,2019-03-12,4.26,,,4.26,0,2026-04-08T03:14:06.149716+00:00
93208,ELLAHLAKES,2019-03-13,4.26,,,4.26,0,2026-04-08T03:14:08.562819+00:00
93310,ELLAHLAKES,2019-03-14,4.26,,,4.26,0,2026-04-08T03:14:10.990955+00:00
93412,ELLAHLAKES,2019-03-15,4.26,,,4.26,0,2026-04-08T03:14:13.413527+00:00
93514,ELLAHLAKES,2019-03-18,4.26,,,4.26,0,2026-04-08T03:14:17.594172+00:00
93616,ELLAHLAKES,2019-03-19,4.26,,,4.26,0,2026-04-08T03:14:19.883177+00:00
93718,ELLAHLAKES,2019-03-20,4.26,,,4.26,0,2026-04-08T03:14:22.215184+00:00
93820,ELLAHLAKES,2019-03-21,4.26,,,4.26,0,2026-04-08T03:14:24.469396+00:00
93922,ELLAHLAKES,2019-03-22,4.26,,,4.26,1150,2026-04-08T03:14:26.929153+00:00
94024,ELLAHLAKES,2019-03-25,4.26,,,4.26,0,2026-04-08T03:14:31.400562+00:00
94126,ELLAHLAKES,2019-03-26,4.26,,,4.26,0,2026-04-08T03:14:33.80485+00:00
94228,ELLAHLAKES,2019-03-27,4.26,,,4.26,0,2026-04-08T03:14:36.122563+00:00
94330,ELLAHLAKES,2019-03-28,4.26,,,4.26,0,2026-04-08T03:14:38.612625+00:00
94432,ELLAHLAKES,2019-03-29,4.26,,,4.26,0,2026-04-08T03:14:41.061692+00:00
94534,ELLAHLAKES,2019-04-01,4.26,,,4.26,0,2026-04-08T03:14:45.528331+00:00
94635,ELLAHLAKES,2019-04-02,4.26,,,4.26,0,2026-04-08T03:14:47.809526+00:00
94736,ELLAHLAKES,2019-04-03,4.26,,,4.26,0,2026-04-08T03:14:50.124237+00:00
94837,ELLAHLAKES,2019-04-04,4.26,,,4.26,0,2026-04-08T03:14:52.417245+00:00
94938,ELLAHLAKES,2019-04-05,4.26,,,4.26,0,2026-04-08T03:14:54.739567+00:00
95039,ELLAHLAKES,2019-04-08,4.26,,,4.26,0,2026-04-08T03:14:59.01768+00:00
95140,ELLAHLAKES,2019-04-09,4.26,,,4.26,0,2026-04-08T03:15:01.233247+00:00
95241,ELLAHLAKES,2019-04-10,4.26,,,4.26,0,2026-04-08T03:15:03.446976+00:00
95342,ELLAHLAKES,2019-04-11,4.26,,,4.26,0,2026-04-08T03:15:05.608759+00:00
95443,ELLAHLAKES,2019-04-12,4.26,,,4.26,0,2026-04-08T03:15:07.869644+00:00
95544,ELLAHLAKES,2019-04-15,4.26,,,4.26,0,2026-04-08T03:15:12.360876+00:00
95645,ELLAHLAKES,2019-04-16,4.26,,,4.26,0,2026-04-08T03:15:14.69338+00:00
95746,ELLAHLAKES,2019-04-17,4.26,,,4.26,0,2026-04-08T03:15:16.974822+00:00
95847,ELLAHLAKES,2019-04-18,4.26,,,4.26,0,2026-04-08T03:15:19.360663+00:00
95948,ELLAHLAKES,2019-04-23,4.26,,,4.26,0,2026-04-08T03:15:26.04373+00:00
96050,ELLAHLAKES,2019-04-24,4.26,,,4.26,0,2026-04-08T03:15:28.31166+00:00
96152,ELLAHLAKES,2019-04-25,4.26,,,4.26,0,2026-04-08T03:15:30.603437+00:00
96254,ELLAHLAKES,2019-04-26,4.26,,,4.26,0,2026-04-08T03:15:32.816712+00:00
96356,ELLAHLAKES,2019-04-29,4.26,,,4.26,0,2026-04-08T03:15:37.198623+00:00
96458,ELLAHLAKES,2019-04-30,4.26,,,4.26,0,2026-04-08T03:15:39.499507+00:00
96560,ELLAHLAKES,2019-05-02,4.26,,,4.26,0,2026-04-08T03:15:42.839166+00:00
96662,ELLAHLAKES,2019-05-03,4.26,,,4.26,400,2026-04-08T03:15:45.02286+00:00
96764,ELLAHLAKES,2019-05-06,4.26,,,4.26,0,2026-04-08T03:15:49.380478+00:00
96866,ELLAHLAKES,2019-05-07,4.26,,,4.26,0,2026-04-08T03:15:51.609622+00:00
96968,ELLAHLAKES,2019-05-08,4.26,,,4.26,0,2026-04-08T03:15:53.912422+00:00
97070,ELLAHLAKES,2019-05-09,4.26,,,4.26,0,2026-04-08T03:15:56.308435+00:00
97172,ELLAHLAKES,2019-05-10,4.26,,,4.26,0,2026-04-08T03:15:58.65517+00:00
97274,ELLAHLAKES,2019-05-13,4.26,,,4.26,0,2026-04-08T03:16:02.955985+00:00
97376,ELLAHLAKES,2019-05-14,4.26,,,4.26,0,2026-04-08T03:16:05.427951+00:00
97478,ELLAHLAKES,2019-05-15,4.26,,,4.26,0,2026-04-08T03:16:07.709974+00:00
97580,ELLAHLAKES,2019-05-16,4.26,,,4.26,0,2026-04-08T03:16:09.947696+00:00
97682,ELLAHLAKES,2019-05-17,4.26,,,4.26,0,2026-04-08T03:16:12.469468+00:00
97785,ELLAHLAKES,2019-05-20,4.26,,,4.26,0,2026-04-08T03:16:16.967061+00:00
97888,ELLAHLAKES,2019-05-21,4.26,,,4.26,0,2026-04-08T03:16:19.368023+00:00
97991,ELLAHLAKES,2019-05-22,4.26,,,4.26,0,2026-04-08T03:16:21.741488+00:00
98094,ELLAHLAKES,2019-05-23,4.26,,,4.26,0,2026-04-08T03:16:24.010501+00:00
98197,ELLAHLAKES,2019-05-24,4.26,,,4.26,0,2026-04-08T03:16:26.41346+00:00
98300,ELLAHLAKES,2019-05-27,4.26,,,4.26,0,2026-04-08T03:16:30.812568+00:00
98403,ELLAHLAKES,2019-05-28,4.26,,,4.26,0,2026-04-08T03:16:33.286405+00:00
98506,ELLAHLAKES,2019-05-30,4.26,,,4.26,0,2026-04-08T03:16:36.695359+00:00
98609,ELLAHLAKES,2019-05-31,4.26,,,4.26,100,2026-04-08T03:16:39.10826+00:00
98712,ELLAHLAKES,2019-06-03,4.26,,,4.26,0,2026-04-08T03:16:43.376201+00:00
98815,ELLAHLAKES,2019-06-06,4.26,,,4.26,0,2026-04-08T03:16:48.034912+00:00
98918,ELLAHLAKES,2019-06-07,4.26,,,4.26,0,2026-04-08T03:16:50.186426+00:00
99021,ELLAHLAKES,2019-06-10,4.26,,,4.26,0,2026-04-08T03:16:54.498349+00:00
99124,ELLAHLAKES,2019-06-11,4.26,,,4.26,0,2026-04-08T03:16:56.702394+00:00
99227,ELLAHLAKES,2019-06-13,4.26,,,4.26,0,2026-04-08T03:17:00.140907+00:00
99330,ELLAHLAKES,2019-06-14,4.26,,,4.26,7706,2026-04-08T03:17:02.289964+00:00
99433,ELLAHLAKES,2019-06-17,4.26,,,4.26,0,2026-04-08T03:17:06.378621+00:00
99536,ELLAHLAKES,2019-06-18,4.26,,,4.26,7706,2026-04-08T03:17:08.696624+00:00
99639,ELLAHLAKES,2019-06-19,4.26,,,4.26,100,2026-04-08T03:17:10.975867+00:00
99742,ELLAHLAKES,2019-06-20,4.26,,,4.26,52314,2026-04-08T03:17:13.205784+00:00
99845,ELLAHLAKES,2019-06-24,4.26,,,4.26,25200,2026-04-08T03:17:18.488118+00:00
99948,ELLAHLAKES,2019-06-25,4.26,,,4.26,20100,2026-04-08T03:17:20.712996+00:00
100051,ELLAHLAKES,2019-06-26,4.26,,,4.26,0,2026-04-08T03:17:23.021521+00:00
100154,ELLAHLAKES,2019-06-27,4.26,,,4.26,2500,2026-04-08T03:17:25.288917+00:00
100257,ELLAHLAKES,2019-06-28,4.26,,,4.26,7200,2026-04-08T03:17:27.669324+00:00
100360,ELLAHLAKES,2019-07-01,4.26,,,4.26,10,2026-04-08T03:17:31.993492+00:00
100463,ELLAHLAKES,2019-07-02,4.26,,,4.26,360,2026-04-08T03:17:34.195482+00:00
100566,ELLAHLAKES,2019-07-03,4.26,,,4.26,0,2026-04-08T03:17:36.539656+00:00
100669,ELLAHLAKES,2019-07-04,4.26,,,4.26,0,2026-04-08T03:17:38.806977+00:00
100772,ELLAHLAKES,2019-07-05,4.26,,,4.26,0,2026-04-08T03:17:41.292481+00:00
100875,ELLAHLAKES,2019-07-08,4.26,,,4.26,0,2026-04-08T03:17:45.861747+00:00
100978,ELLAHLAKES,2019-07-09,4.26,,,4.26,200,2026-04-08T03:17:48.217581+00:00
101082,ELLAHLAKES,2019-07-10,4.26,,,4.26,0,2026-04-08T03:17:50.676625+00:00
101186,ELLAHLAKES,2019-07-11,4.26,,,4.26,0,2026-04-08T03:17:53.082234+00:00
101290,ELLAHLAKES,2019-07-12,4.26,,,4.26,0,2026-04-08T03:17:55.503872+00:00
101394,ELLAHLAKES,2019-07-15,4.26,,,4.26,0,2026-04-08T03:18:00.039317+00:00
101498,ELLAHLAKES,2019-07-16,4.26,,,4.26,0,2026-04-08T03:18:02.440443+00:00
101602,ELLAHLAKES,2019-07-17,4.26,,,4.26,0,2026-04-08T03:18:04.729662+00:00
101706,ELLAHLAKES,2019-07-18,4.26,,,4.26,0,2026-04-08T03:18:07.178594+00:00
101810,ELLAHLAKES,2019-07-19,4.26,,,4.26,0,2026-04-08T03:18:09.535362+00:00
101914,ELLAHLAKES,2019-07-22,4.26,,,4.26,0,2026-04-08T03:18:14.212024+00:00
102018,ELLAHLAKES,2019-07-23,4.26,,,4.26,0,2026-04-08T03:18:16.654741+00:00
102122,ELLAHLAKES,2019-07-24,4.26,,,4.26,0,2026-04-08T03:18:18.926554+00:00
102226,ELLAHLAKES,2019-07-25,4.26,,,4.26,0,2026-04-08T03:18:21.127331+00:00
102330,ELLAHLAKES,2019-07-26,4.26,,,4.26,10,2026-04-08T03:18:23.508197+00:00
102434,ELLAHLAKES,2019-07-29,4.26,,,4.26,0,2026-04-08T03:18:27.808584+00:00
102538,ELLAHLAKES,2019-07-30,4.26,,,4.26,500,2026-04-08T03:18:30.090931+00:00
102642,ELLAHLAKES,2019-07-31,4.26,,,4.26,10,2026-04-08T03:18:32.379029+00:00
102746,ELLAHLAKES,2019-08-01,4.26,,,4.26,200,2026-04-08T03:18:34.721051+00:00
102850,ELLAHLAKES,2019-08-02,4.26,,,4.26,0,2026-04-08T03:18:37.148519+00:00
102954,ELLAHLAKES,2019-08-05,4.26,,,4.26,0,2026-04-08T03:18:41.327383+00:00
103058,ELLAHLAKES,2019-08-06,4.26,,,4.26,0,2026-04-08T03:18:43.676077+00:00
103162,ELLAHLAKES,2019-08-07,4.26,,,4.26,0,2026-04-08T03:18:45.952647+00:00
103266,ELLAHLAKES,2019-08-08,4.26,,,4.26,0,2026-04-08T03:18:48.284739+00:00
103370,ELLAHLAKES,2019-08-09,4.26,,,4.26,1050,2026-04-08T03:18:50.530707+00:00
103474,ELLAHLAKES,2019-08-14,4.26,,,4.26,0,2026-04-08T03:18:57.313874+00:00
103578,ELLAHLAKES,2019-08-15,4.26,,,4.26,0,2026-04-08T03:18:59.647711+00:00
103682,ELLAHLAKES,2019-08-19,4.26,,,4.26,0,2026-04-08T03:19:05.053534+00:00
103786,ELLAHLAKES,2019-08-20,4.26,,,4.26,0,2026-04-08T03:19:07.283568+00:00
103890,ELLAHLAKES,2019-08-21,4.26,,,4.26,220,2026-04-08T03:19:09.493441+00:00
103993,ELLAHLAKES,2019-08-22,4.26,,,4.26,0,2026-04-08T03:19:11.834929+00:00
104096,ELLAHLAKES,2019-08-23,4.26,,,4.26,0,2026-04-08T03:19:14.066623+00:00
104199,ELLAHLAKES,2019-08-26,4.26,,,4.26,0,2026-04-08T03:19:18.291411+00:00
104302,ELLAHLAKES,2019-08-27,4.26,,,4.26,0,2026-04-08T03:19:20.588978+00:00
104405,ELLAHLAKES,2019-08-28,4.26,,,4.26,0,2026-04-08T03:19:22.939533+00:00
104508,ELLAHLAKES,2019-08-29,4.26,,,4.26,1000,2026-04-08T03:19:25.308081+00:00
104611,ELLAHLAKES,2019-08-30,4.26,,,4.26,0,2026-04-08T03:19:27.686427+00:00
104714,ELLAHLAKES,2019-09-02,4.26,,,4.26,0,2026-04-08T03:19:32.075785+00:00
104817,ELLAHLAKES,2019-09-03,4.26,,,4.26,0,2026-04-08T03:19:34.366833+00:00
104920,ELLAHLAKES,2019-09-04,4.26,,,4.26,0,2026-04-08T03:19:36.608723+00:00
105023,ELLAHLAKES,2019-09-05,4.26,,,4.26,0,2026-04-08T03:19:38.984327+00:00
105126,ELLAHLAKES,2019-09-06,4.26,,,4.26,0,2026-04-08T03:19:41.363212+00:00
105229,ELLAHLAKES,2019-09-09,4.26,,,4.26,0,2026-04-08T03:19:45.624302+00:00
105332,ELLAHLAKES,2019-09-10,4.26,,,4.26,0,2026-04-08T03:19:47.977958+00:00
105435,ELLAHLAKES,2019-09-11,4.26,,,4.26,0,2026-04-08T03:19:50.333421+00:00
105538,ELLAHLAKES,2019-09-12,4.26,,,4.26,0,2026-04-08T03:19:52.607202+00:00
105641,ELLAHLAKES,2019-09-13,4.26,,,4.26,10,2026-04-08T03:19:55.083512+00:00
105744,ELLAHLAKES,2019-09-16,4.26,,,4.26,0,2026-04-08T03:19:59.701348+00:00
105847,ELLAHLAKES,2019-09-17,4.26,,,4.26,0,2026-04-08T03:20:02.523968+00:00
105950,ELLAHLAKES,2019-09-18,4.26,,,4.26,0,2026-04-08T03:20:05.488272+00:00
106053,ELLAHLAKES,2019-09-19,4.26,,,4.26,0,2026-04-08T03:20:08.114889+00:00
106156,ELLAHLAKES,2019-09-20,4.26,,,4.26,0,2026-04-08T03:20:10.721894+00:00
106259,ELLAHLAKES,2019-09-23,4.26,,,4.26,0,2026-04-08T03:20:15.267012+00:00
106362,ELLAHLAKES,2019-09-24,4.26,,,4.26,45,2026-04-08T03:20:17.630341+00:00
106465,ELLAHLAKES,2019-09-25,4.26,,,4.26,0,2026-04-08T03:20:20.165626+00:00
106568,ELLAHLAKES,2019-09-26,4.26,,,4.26,10,2026-04-08T03:20:22.92566+00:00
106671,ELLAHLAKES,2019-09-27,4.26,,,4.26,0,2026-04-08T03:20:25.402499+00:00
106774,ELLAHLAKES,2019-09-30,4.26,,,4.26,500000,2026-04-08T03:20:29.867546+00:00
106877,ELLAHLAKES,2019-10-02,4.26,,,4.26,0,2026-04-08T03:20:33.475481+00:00
106980,ELLAHLAKES,2019-10-03,4.26,,,4.26,0,2026-04-08T03:20:35.801047+00:00
107083,ELLAHLAKES,2019-10-04,4.26,,,4.26,54000,2026-04-08T03:20:38.138638+00:00
107186,ELLAHLAKES,2019-10-07,4.26,,,4.26,0,2026-04-08T03:20:43.38987+00:00
107289,ELLAHLAKES,2019-10-08,4.26,,,4.26,0,2026-04-08T03:20:50.115577+00:00
107392,ELLAHLAKES,2019-10-09,4.26,,,4.26,0,2026-04-08T03:20:53.067656+00:00
107495,ELLAHLAKES,2019-10-10,4.26,,,4.26,0,2026-04-08T03:20:55.682822+00:00
107598,ELLAHLAKES,2019-10-11,4.26,,,4.26,0,2026-04-08T03:20:58.30073+00:00
107701,ELLAHLAKES,2019-10-14,4.26,,,4.26,500,2026-04-08T03:21:03.536141+00:00
107804,ELLAHLAKES,2019-10-15,4.26,,,4.26,0,2026-04-08T03:21:06.159586+00:00
107907,ELLAHLAKES,2019-10-16,4.26,,,4.26,0,2026-04-08T03:21:08.538525+00:00
108010,ELLAHLAKES,2019-10-17,4.26,,,4.26,0,2026-04-08T03:21:11.125073+00:00
108113,ELLAHLAKES,2019-10-18,4.26,,,4.26,0,2026-04-08T03:21:14.04892+00:00
108216,ELLAHLAKES,2019-10-21,4.26,,,4.26,0,2026-04-08T03:21:18.357079+00:00
108319,ELLAHLAKES,2019-10-22,4.26,,,4.26,0,2026-04-08T03:21:20.5704+00:00
108422,ELLAHLAKES,2019-10-23,4.26,,,4.26,225000,2026-04-08T03:21:22.84444+00:00
108525,ELLAHLAKES,2019-10-24,4.26,,,4.26,4520,2026-04-08T03:21:25.228823+00:00
108628,ELLAHLAKES,2019-10-25,4.26,,,4.26,0,2026-04-08T03:21:27.539286+00:00
108731,ELLAHLAKES,2019-10-28,4.26,,,4.26,0,2026-04-08T03:21:32.161692+00:00
108834,ELLAHLAKES,2019-10-29,4.26,,,4.26,0,2026-04-08T03:21:34.477485+00:00
108937,ELLAHLAKES,2019-10-30,4.26,,,4.26,0,2026-04-08T03:21:36.754268+00:00
109040,ELLAHLAKES,2019-10-31,4.26,,,4.26,0,2026-04-08T03:21:39.10919+00:00
109143,ELLAHLAKES,2019-11-01,4.26,,,4.26,1,2026-04-08T03:21:41.456138+00:00
109246,ELLAHLAKES,2019-11-04,4.26,,,4.26,0,2026-04-08T03:21:45.945243+00:00
109349,ELLAHLAKES,2019-11-05,4.26,,,4.26,0,2026-04-08T03:21:48.37169+00:00
109452,ELLAHLAKES,2019-11-06,4.26,,,4.26,400,2026-04-08T03:21:50.755948+00:00
109555,ELLAHLAKES,2019-11-07,4.26,,,4.26,0,2026-04-08T03:21:53.200031+00:00
109658,ELLAHLAKES,2019-11-08,4.26,,,4.26,0,2026-04-08T03:21:55.63316+00:00
109761,ELLAHLAKES,2019-11-12,4.26,,,4.26,0,2026-04-08T03:22:01.520244+00:00
109864,ELLAHLAKES,2019-11-13,4.26,,,4.26,0,2026-04-08T03:22:04.169594+00:00
109967,ELLAHLAKES,2019-11-14,4.26,,,4.26,0,2026-04-08T03:22:06.510438+00:00
110070,ELLAHLAKES,2019-11-15,4.26,,,4.26,0,2026-04-08T03:22:08.972682+00:00
110173,ELLAHLAKES,2019-11-18,4.26,,,4.26,0,2026-04-08T03:22:13.551393+00:00
110275,ELLAHLAKES,2019-11-19,4.26,,,4.26,0,2026-04-08T03:22:15.801005+00:00
110377,ELLAHLAKES,2019-11-20,4.26,,,4.26,0,2026-04-08T03:22:18.11241+00:00
110479,ELLAHLAKES,2019-11-21,4.26,,,4.26,0,2026-04-08T03:22:20.360812+00:00
110581,ELLAHLAKES,2019-11-22,4.26,,,4.26,0,2026-04-08T03:22:22.766306+00:00
110683,ELLAHLAKES,2019-11-25,4.26,,,4.26,0,2026-04-08T03:22:27.077445+00:00
110785,ELLAHLAKES,2019-11-26,4.26,,,4.26,0,2026-04-08T03:22:29.415971+00:00
110887,ELLAHLAKES,2019-11-27,4.26,,,4.26,0,2026-04-08T03:22:31.797244+00:00
110989,ELLAHLAKES,2019-11-28,4.26,,,4.26,0,2026-04-08T03:22:34.150197+00:00
111091,ELLAHLAKES,2019-11-29,4.26,,,4.26,0,2026-04-08T03:22:36.43862+00:00
111193,ELLAHLAKES,2019-12-02,4.26,,,4.26,0,2026-04-08T03:22:40.672716+00:00
111295,ELLAHLAKES,2019-12-03,4.26,,,4.26,0,2026-04-08T03:22:42.857808+00:00
111397,ELLAHLAKES,2019-12-04,4.26,,,4.26,0,2026-04-08T03:22:45.132537+00:00
111499,ELLAHLAKES,2019-12-05,4.26,,,4.26,0,2026-04-08T03:22:47.409461+00:00
111601,ELLAHLAKES,2019-12-06,4.26,,,4.26,0,2026-04-08T03:22:49.720566+00:00
111703,ELLAHLAKES,2019-12-10,4.26,,,4.26,500,2026-04-08T03:22:54.948045+00:00
111805,ELLAHLAKES,2019-12-11,4.26,,,4.26,0,2026-04-08T03:22:57.463594+00:00
111907,ELLAHLAKES,2019-12-12,4.26,,,4.26,0,2026-04-08T03:22:59.677549+00:00
112009,ELLAHLAKES,2019-12-13,4.26,,,4.26,0,2026-04-08T03:23:01.961124+00:00
112111,ELLAHLAKES,2019-12-16,4.26,,,4.26,0,2026-04-08T03:23:06.206185+00:00
112213,ELLAHLAKES,2019-12-17,4.26,,,4.26,0,2026-04-08T03:23:08.526507+00:00
112315,ELLAHLAKES,2019-12-18,4.25,,,4.25,5000000,2026-04-08T03:23:10.699016+00:00
112417,ELLAHLAKES,2019-12-19,4.25,,,4.25,1735,2026-04-08T03:23:13.06361+00:00
112519,ELLAHLAKES,2019-12-20,4.25,,,4.25,0,2026-04-08T03:23:15.515212+00:00
112621,ELLAHLAKES,2019-12-23,4.25,,,4.25,0,2026-04-08T03:23:19.645113+00:00
112723,ELLAHLAKES,2019-12-24,4.25,,,4.25,0,2026-04-08T03:23:22.081747+00:00
112825,ELLAHLAKES,2019-12-27,4.25,,,4.25,0,2026-04-08T03:23:26.48241+00:00
112927,ELLAHLAKES,2019-12-31,4.25,,,4.25,0,2026-04-08T03:23:31.997666+00:00
113029,ELLAHLAKES,2020-01-02,4.25,,,4.25,0,2026-04-08T03:23:35.253628+00:00
113131,ELLAHLAKES,2020-01-03,4.25,,,4.25,0,2026-04-08T03:23:37.484442+00:00
113233,ELLAHLAKES,2020-01-06,4.25,,,4.25,0,2026-04-08T03:23:41.810791+00:00
113335,ELLAHLAKES,2020-01-07,4.25,,,4.25,0,2026-04-08T03:23:44.238014+00:00
113437,ELLAHLAKES,2020-01-08,4.25,,,4.25,0,2026-04-08T03:23:46.428903+00:00
113539,ELLAHLAKES,2020-01-09,4.25,,,4.25,0,2026-04-08T03:23:48.760691+00:00
113642,ELLAHLAKES,2020-01-10,4.25,,,4.25,0,2026-04-08T03:23:51.312987+00:00
113745,ELLAHLAKES,2020-01-13,4.25,,,4.25,0,2026-04-08T03:23:55.704331+00:00
113848,ELLAHLAKES,2020-01-14,4.25,,,4.25,0,2026-04-08T03:23:58.044369+00:00
113951,ELLAHLAKES,2020-01-15,4.25,,,4.25,0,2026-04-08T03:24:00.340453+00:00
114054,ELLAHLAKES,2020-01-16,4.25,,,4.25,0,2026-04-08T03:24:02.775573+00:00
114157,ELLAHLAKES,2020-01-17,4.25,,,4.25,0,2026-04-08T03:24:05.107796+00:00
114260,ELLAHLAKES,2020-01-20,4.25,,,4.25,0,2026-04-08T03:24:09.637495+00:00
114363,ELLAHLAKES,2020-01-21,4.25,,,4.25,0,2026-04-08T03:24:12.081094+00:00
114466,ELLAHLAKES,2020-01-23,4.25,,,4.25,0,2026-04-08T03:24:15.397306+00:00
114569,ELLAHLAKES,2020-01-24,4.25,,,4.25,0,2026-04-08T03:24:17.760742+00:00
114672,ELLAHLAKES,2020-01-27,4.25,,,4.25,0,2026-04-08T03:24:22.426106+00:00
114775,ELLAHLAKES,2020-01-28,4.25,,,4.25,0,2026-04-08T03:24:24.728321+00:00
114878,ELLAHLAKES,2020-01-29,4.25,,,4.25,0,2026-04-08T03:24:27.287495+00:00
114981,ELLAHLAKES,2020-01-30,4.25,,,4.25,9,2026-04-08T03:24:29.658352+00:00
115084,ELLAHLAKES,2020-01-31,4.25,,,4.25,0,2026-04-08T03:24:31.961868+00:00
115187,ELLAHLAKES,2020-02-03,4.25,,,4.25,0,2026-04-08T03:24:36.430808+00:00
115290,ELLAHLAKES,2020-02-04,4.25,,,4.25,0,2026-04-08T03:24:38.687124+00:00
115393,ELLAHLAKES,2020-02-05,4.25,,,4.25,0,2026-04-08T03:24:41.03998+00:00
115496,ELLAHLAKES,2020-02-06,4.25,,,4.25,0,2026-04-08T03:24:43.345135+00:00
115599,ELLAHLAKES,2020-02-07,4.25,,,4.25,0,2026-04-08T03:24:45.609576+00:00
115702,ELLAHLAKES,2020-02-10,4.25,,,4.25,0,2026-04-08T03:24:50.182603+00:00
115805,ELLAHLAKES,2020-02-11,4.25,,,4.25,0,2026-04-08T03:24:52.780016+00:00
115908,ELLAHLAKES,2020-02-12,4.25,,,4.25,0,2026-04-08T03:24:55.120152+00:00
116011,ELLAHLAKES,2020-02-13,4.25,,,4.25,0,2026-04-08T03:24:57.649025+00:00
116114,ELLAHLAKES,2020-02-14,4.25,,,4.25,0,2026-04-08T03:25:00.080254+00:00
116217,ELLAHLAKES,2020-02-17,4.25,,,4.25,0,2026-04-08T03:25:04.377856+00:00
116320,ELLAHLAKES,2020-02-18,4.25,,,4.25,0,2026-04-08T03:25:06.773592+00:00
116423,ELLAHLAKES,2020-02-19,4.25,,,4.25,0,2026-04-08T03:25:09.231504+00:00
116526,ELLAHLAKES,2020-02-20,4.25,,,4.25,0,2026-04-08T03:25:11.501588+00:00
116629,ELLAHLAKES,2020-02-21,4.25,,,4.25,0,2026-04-08T03:25:13.948187+00:00
116732,ELLAHLAKES,2020-02-24,4.25,,,4.25,0,2026-04-08T03:25:18.415367+00:00
116835,ELLAHLAKES,2020-02-25,4.25,,,4.25,0,2026-04-08T03:25:20.711298+00:00
116938,ELLAHLAKES,2020-02-26,4.25,,,4.25,0,2026-04-08T03:25:23.465375+00:00
117041,ELLAHLAKES,2020-02-27,4.25,,,4.25,0,2026-04-08T03:25:26.011368+00:00
117144,ELLAHLAKES,2020-02-28,4.25,,,4.25,0,2026-04-08T03:25:28.472167+00:00
117247,ELLAHLAKES,2020-03-02,4.25,,,4.25,0,2026-04-08T03:25:32.979972+00:00
117350,ELLAHLAKES,2020-03-03,4.25,,,4.25,0,2026-04-08T03:25:35.324079+00:00
117453,ELLAHLAKES,2020-03-04,4.25,,,4.25,0,2026-04-08T03:25:37.587456+00:00
117556,ELLAHLAKES,2020-03-05,4.25,,,4.25,0,2026-04-08T03:25:39.825698+00:00
117659,ELLAHLAKES,2020-03-09,4.25,,,4.25,0,2026-04-08T03:25:45.227559+00:00
117762,ELLAHLAKES,2020-03-10,4.25,,,4.25,0,2026-04-08T03:25:47.644077+00:00
117865,ELLAHLAKES,2020-03-11,4.25,,,4.25,0,2026-04-08T03:25:49.940962+00:00
117968,ELLAHLAKES,2020-03-12,4.25,,,4.25,0,2026-04-08T03:25:52.243289+00:00
118071,ELLAHLAKES,2020-03-13,4.25,,,4.25,0,2026-04-08T03:25:54.520183+00:00
118174,ELLAHLAKES,2020-03-16,4.25,,,4.25,0,2026-04-08T03:25:58.965391+00:00
118277,ELLAHLAKES,2020-03-17,4.25,,,4.25,0,2026-04-08T03:26:01.331984+00:00
118380,ELLAHLAKES,2020-03-18,4.25,,,4.25,0,2026-04-08T03:26:03.589989+00:00
118483,ELLAHLAKES,2020-03-19,4.25,,,4.25,0,2026-04-08T03:26:05.957067+00:00
118586,ELLAHLAKES,2020-03-20,4.25,,,4.25,0,2026-04-08T03:26:08.377452+00:00
118689,ELLAHLAKES,2020-03-23,4.25,,,4.25,0,2026-04-08T03:26:12.667002+00:00
118792,ELLAHLAKES,2020-03-24,4.25,,,4.25,0,2026-04-08T03:26:14.960057+00:00
118895,ELLAHLAKES,2020-03-25,4.25,,,4.25,0,2026-04-08T03:26:17.224804+00:00
118998,ELLAHLAKES,2020-03-26,4.25,,,4.25,0,2026-04-08T03:26:19.64473+00:00
119101,ELLAHLAKES,2020-03-27,4.25,,,4.25,0,2026-04-08T03:26:21.968693+00:00
119204,ELLAHLAKES,2020-03-30,4.25,,,4.25,0,2026-04-08T03:26:26.43282+00:00
119307,ELLAHLAKES,2020-03-31,4.25,,,4.25,0,2026-04-08T03:26:28.926506+00:00
119410,ELLAHLAKES,2020-04-01,4.25,,,4.25,0,2026-04-08T03:26:31.173614+00:00
119513,ELLAHLAKES,2020-04-02,4.25,,,4.25,0,2026-04-08T03:26:33.480235+00:00
119616,ELLAHLAKES,2020-04-03,4.25,,,4.25,0,2026-04-08T03:26:35.777807+00:00
119719,ELLAHLAKES,2020-04-06,4.25,,,4.25,0,2026-04-08T03:26:40.135575+00:00
119822,ELLAHLAKES,2020-04-07,4.25,,,4.25,0,2026-04-08T03:26:42.376644+00:00
119925,ELLAHLAKES,2020-04-08,4.25,,,4.25,0,2026-04-08T03:26:44.690105+00:00
120028,ELLAHLAKES,2020-04-09,4.25,,,4.25,0,2026-04-08T03:26:47.020639+00:00
120131,ELLAHLAKES,2020-04-14,4.25,,,4.25,0,2026-04-08T03:26:53.304016+00:00
120234,ELLAHLAKES,2020-04-15,4.25,,,4.25,0,2026-04-08T03:26:55.643286+00:00
120337,ELLAHLAKES,2020-04-16,4.25,,,4.25,0,2026-04-08T03:26:58.005731+00:00
120440,ELLAHLAKES,2020-04-17,4.25,,,4.25,0,2026-04-08T03:27:00.196144+00:00
120543,ELLAHLAKES,2020-04-20,4.25,,,4.25,0,2026-04-08T03:27:04.902814+00:00
120646,ELLAHLAKES,2020-04-21,4.25,,,4.25,0,2026-04-08T03:27:07.124699+00:00
120749,ELLAHLAKES,2020-04-22,4.25,,,4.25,0,2026-04-08T03:27:09.50407+00:00
120852,ELLAHLAKES,2020-04-23,4.25,,,4.25,0,2026-04-08T03:27:11.732195+00:00
120955,ELLAHLAKES,2020-04-24,4.25,,,4.25,0,2026-04-08T03:27:14.133022+00:00
121058,ELLAHLAKES,2020-04-27,4.25,,,4.25,0,2026-04-08T03:27:18.376911+00:00
121161,ELLAHLAKES,2020-04-28,4.25,,,4.25,0,2026-04-08T03:27:20.70836+00:00
121264,ELLAHLAKES,2020-04-29,4.25,,,4.25,0,2026-04-08T03:27:23.099969+00:00
121367,ELLAHLAKES,2020-04-30,4.25,,,4.25,0,2026-04-08T03:27:25.479794+00:00
121470,ELLAHLAKES,2020-05-04,4.25,,,4.25,300,2026-04-08T03:27:30.67652+00:00
121573,ELLAHLAKES,2020-05-05,4.25,,,4.25,0,2026-04-08T03:27:32.997372+00:00
121676,ELLAHLAKES,2020-05-06,4.25,,,4.25,0,2026-04-08T03:27:35.368243+00:00
121779,ELLAHLAKES,2020-05-07,4.25,,,4.25,0,2026-04-08T03:27:37.70358+00:00
121882,ELLAHLAKES,2020-05-08,4.25,,,4.25,0,2026-04-08T03:27:39.945267+00:00
121985,ELLAHLAKES,2020-05-11,4.25,,,4.25,0,2026-04-08T03:27:44.543581+00:00
122088,ELLAHLAKES,2020-05-12,4.25,,,4.25,0,2026-04-08T03:27:46.988848+00:00
122191,ELLAHLAKES,2020-05-13,4.25,,,4.25,0,2026-04-08T03:27:49.292243+00:00
122294,ELLAHLAKES,2020-05-14,4.25,,,4.25,0,2026-04-08T03:27:51.592074+00:00
122397,ELLAHLAKES,2020-05-19,4.25,,,4.25,0,2026-04-08T03:27:58.031425+00:00
122500,ELLAHLAKES,2020-05-20,4.25,,,4.25,0,2026-04-08T03:28:00.412443+00:00
122603,ELLAHLAKES,2020-05-21,4.25,,,4.25,0,2026-04-08T03:28:02.829603+00:00
122706,ELLAHLAKES,2020-05-27,4.25,,,4.25,0,2026-04-08T03:28:10.17932+00:00
122809,ELLAHLAKES,2020-05-28,4.25,,,4.25,0,2026-04-08T03:28:12.484321+00:00
122912,ELLAHLAKES,2020-05-29,4.25,,,4.25,0,2026-04-08T03:28:14.796152+00:00
123015,ELLAHLAKES,2020-06-02,4.25,,,4.25,0,2026-04-08T03:28:20.224588+00:00
123118,ELLAHLAKES,2020-06-03,4.25,,,4.25,0,2026-04-08T03:28:22.45251+00:00
123221,ELLAHLAKES,2020-06-04,4.25,,,4.25,0,2026-04-08T03:28:24.742978+00:00
123324,ELLAHLAKES,2020-06-05,4.25,,,4.25,0,2026-04-08T03:28:26.997708+00:00
123427,ELLAHLAKES,2020-06-08,4.25,,,4.25,0,2026-04-08T03:28:31.360755+00:00
123530,ELLAHLAKES,2020-06-09,4.25,,,4.25,0,2026-04-08T03:28:33.545964+00:00
123633,ELLAHLAKES,2020-06-10,4.25,,,4.25,0,2026-04-08T03:28:35.856379+00:00
123736,ELLAHLAKES,2020-06-11,4.25,,,4.25,0,2026-04-08T03:28:38.052531+00:00
123839,ELLAHLAKES,2020-06-15,4.25,,,4.25,0,2026-04-08T03:28:43.437023+00:00
123942,ELLAHLAKES,2020-06-16,4.25,,,4.25,0,2026-04-08T03:28:45.961134+00:00
124045,ELLAHLAKES,2020-06-17,4.25,,,4.25,0,2026-04-08T03:28:48.324213+00:00
124148,ELLAHLAKES,2020-06-18,4.25,,,4.25,0,2026-04-08T03:28:50.696546+00:00
124251,ELLAHLAKES,2020-06-19,4.25,,,4.25,0,2026-04-08T03:28:53.406809+00:00
124354,ELLAHLAKES,2020-06-22,4.25,,,4.25,0,2026-04-08T03:28:57.922359+00:00
124457,ELLAHLAKES,2020-06-23,4.25,,,4.25,0,2026-04-08T03:29:00.283028+00:00
124560,ELLAHLAKES,2020-06-24,4.25,,,4.25,0,2026-04-08T03:29:02.79982+00:00
124663,ELLAHLAKES,2020-06-25,4.25,,,4.25,0,2026-04-08T03:29:05.076463+00:00
124766,ELLAHLAKES,2020-06-26,4.25,,,4.25,990,2026-04-08T03:29:07.48598+00:00
124869,ELLAHLAKES,2020-06-29,4.25,,,4.25,0,2026-04-08T03:29:11.968016+00:00
124972,ELLAHLAKES,2020-06-30,4.25,,,4.25,0,2026-04-08T03:29:14.28255+00:00
125075,ELLAHLAKES,2020-07-01,4.25,,,4.25,0,2026-04-08T03:29:16.703757+00:00
125178,ELLAHLAKES,2020-07-02,4.25,,,4.25,0,2026-04-08T03:29:19.127663+00:00
125281,ELLAHLAKES,2020-07-03,4.25,,,4.25,0,2026-04-08T03:29:21.544735+00:00
125384,ELLAHLAKES,2020-07-07,4.25,,,4.25,0,2026-04-08T03:29:27.331532+00:00
125487,ELLAHLAKES,2020-07-08,4.25,,,4.25,0,2026-04-08T03:29:29.768744+00:00
125590,ELLAHLAKES,2020-07-09,4.25,,,4.25,0,2026-04-08T03:29:32.143692+00:00
125693,ELLAHLAKES,2020-07-10,4.25,,,4.25,0,2026-04-08T03:29:34.521297+00:00
125796,ELLAHLAKES,2020-07-13,4.25,,,4.25,0,2026-04-08T03:29:39.007126+00:00
125899,ELLAHLAKES,2020-07-14,4.25,,,4.25,0,2026-04-08T03:29:41.304989+00:00
126002,ELLAHLAKES,2020-07-15,4.25,,,4.25,0,2026-04-08T03:29:43.708156+00:00
126105,ELLAHLAKES,2020-07-16,4.25,,,4.25,0,2026-04-08T03:29:45.979708+00:00
126208,ELLAHLAKES,2020-07-17,4.25,,,4.25,0,2026-04-08T03:29:48.357101+00:00
126311,ELLAHLAKES,2020-07-20,4.25,,,4.25,0,2026-04-08T03:29:52.723074+00:00
126414,ELLAHLAKES,2020-07-21,4.25,,,4.25,0,2026-04-08T03:29:55.035926+00:00
126517,ELLAHLAKES,2020-07-23,4.25,,,4.25,0,2026-04-08T03:29:58.238067+00:00
126620,ELLAHLAKES,2020-07-24,4.25,,,4.25,0,2026-04-08T03:30:00.541513+00:00
126723,ELLAHLAKES,2020-07-27,4.25,,,4.25,0,2026-04-08T03:30:04.748878+00:00
126826,ELLAHLAKES,2020-07-28,4.25,,,4.25,0,2026-04-08T03:30:07.286947+00:00
126929,ELLAHLAKES,2020-07-29,4.25,,,4.25,0,2026-04-08T03:30:09.725653+00:00
127032,ELLAHLAKES,2020-08-03,4.25,,,4.25,0,2026-04-08T03:30:16.711714+00:00
127135,ELLAHLAKES,2020-08-04,4.25,,,4.25,0,2026-04-08T03:30:19.026905+00:00
127238,ELLAHLAKES,2020-08-05,4.25,,,4.25,0,2026-04-08T03:30:21.509999+00:00
127341,ELLAHLAKES,2020-08-06,4.25,,,4.25,0,2026-04-08T03:30:23.823287+00:00
127444,ELLAHLAKES,2020-08-07,4.25,,,4.25,0,2026-04-08T03:30:26.221973+00:00
127547,ELLAHLAKES,2020-08-10,4.25,,,4.25,0,2026-04-08T03:30:31.080726+00:00
127650,ELLAHLAKES,2020-08-11,4.25,,,4.25,0,2026-04-08T03:30:33.557314+00:00
127753,ELLAHLAKES,2020-08-12,4.25,,,4.25,0,2026-04-08T03:30:35.989363+00:00
127856,ELLAHLAKES,2020-08-13,4.25,,,4.25,0,2026-04-08T03:30:38.402702+00:00
127959,ELLAHLAKES,2020-08-14,4.25,,,4.25,0,2026-04-08T03:30:40.738296+00:00
128062,ELLAHLAKES,2020-08-17,4.25,,,4.25,0,2026-04-08T03:30:45.179846+00:00
128165,ELLAHLAKES,2020-08-18,4.25,,,4.25,0,2026-04-08T03:30:47.750292+00:00
128268,ELLAHLAKES,2020-08-19,4.25,,,4.25,0,2026-04-08T03:30:50.260611+00:00
128371,ELLAHLAKES,2020-08-20,4.25,,,4.25,0,2026-04-08T03:30:52.728097+00:00
128474,ELLAHLAKES,2020-08-21,4.25,,,4.25,0,2026-04-08T03:30:55.129893+00:00
128577,ELLAHLAKES,2020-08-24,4.25,,,4.25,0,2026-04-08T03:30:59.50528+00:00
128680,ELLAHLAKES,2020-08-25,4.25,,,4.25,0,2026-04-08T03:31:01.97181+00:00
128783,ELLAHLAKES,2020-08-26,4.25,,,4.25,0,2026-04-08T03:31:04.340397+00:00
128886,ELLAHLAKES,2020-08-27,4.25,,,4.25,0,2026-04-08T03:31:06.825032+00:00
128989,ELLAHLAKES,2020-08-28,4.25,,,4.25,0,2026-04-08T03:31:10.050623+00:00
129092,ELLAHLAKES,2020-08-31,4.25,,,4.25,0,2026-04-08T03:31:14.574397+00:00
129195,ELLAHLAKES,2020-09-01,4.25,,,4.25,0,2026-04-08T03:31:16.859057+00:00
129298,ELLAHLAKES,2020-09-02,4.25,,,4.25,0,2026-04-08T03:31:19.223829+00:00
129401,ELLAHLAKES,2020-09-03,4.25,,,4.25,0,2026-04-08T03:31:21.580357+00:00
129504,ELLAHLAKES,2020-09-04,4.25,,,4.25,0,2026-04-08T03:31:24.095323+00:00
129607,ELLAHLAKES,2020-09-07,4.25,,,4.25,0,2026-04-08T03:31:29.028072+00:00
129710,ELLAHLAKES,2020-09-08,4.25,,,4.25,0,2026-04-08T03:31:31.696694+00:00
129813,ELLAHLAKES,2020-09-09,4.25,,,4.25,0,2026-04-08T03:31:34.222499+00:00
129916,ELLAHLAKES,2020-09-10,4.25,,,4.25,0,2026-04-08T03:31:36.666154+00:00
130019,ELLAHLAKES,2020-09-11,4.25,,,4.25,0,2026-04-08T03:31:39.224755+00:00
130122,ELLAHLAKES,2020-09-14,4.25,,,4.25,0,2026-04-08T03:31:43.669625+00:00
130225,ELLAHLAKES,2020-09-15,4.25,,,4.25,14220000,2026-04-08T03:31:46.096824+00:00
130328,ELLAHLAKES,2020-09-16,4.25,,,4.25,10000,2026-04-08T03:31:48.62473+00:00
130431,ELLAHLAKES,2020-09-17,4.25,,,4.25,0,2026-04-08T03:31:51.120615+00:00
130534,ELLAHLAKES,2020-09-18,4.25,,,4.25,0,2026-04-08T03:31:53.500222+00:00
130637,ELLAHLAKES,2020-09-21,4.25,,,4.25,0,2026-04-08T03:31:57.915353+00:00
130740,ELLAHLAKES,2020-09-22,4.25,,,4.25,500,2026-04-08T03:32:00.361616+00:00
130843,ELLAHLAKES,2020-09-23,4.25,,,4.25,0,2026-04-08T03:32:02.667296+00:00
130946,ELLAHLAKES,2020-09-24,4.25,,,4.25,0,2026-04-08T03:32:05.077899+00:00
131049,ELLAHLAKES,2020-09-25,4.25,,,4.25,0,2026-04-08T03:32:07.472813+00:00
131152,ELLAHLAKES,2020-09-28,4.25,,,4.25,0,2026-04-08T03:32:12.542607+00:00
131255,ELLAHLAKES,2020-09-29,4.25,,,4.25,0,2026-04-08T03:32:14.948969+00:00
131358,ELLAHLAKES,2020-09-30,4.25,,,4.25,500,2026-04-08T03:32:17.368144+00:00
131461,ELLAHLAKES,2020-10-02,4.25,,,4.25,0,2026-04-08T03:32:21.009688+00:00
131564,ELLAHLAKES,2020-10-05,4.25,,,4.25,0,2026-04-08T03:32:25.669514+00:00
131667,ELLAHLAKES,2020-10-06,4.25,,,4.25,0,2026-04-08T03:32:28.151061+00:00
131770,ELLAHLAKES,2020-10-07,4.25,,,4.25,0,2026-04-08T03:32:30.62441+00:00
131873,ELLAHLAKES,2020-10-08,4.25,,,4.25,0,2026-04-08T03:32:32.995223+00:00
131976,ELLAHLAKES,2020-10-09,4.25,,,4.25,0,2026-04-08T03:32:35.453646+00:00
132079,ELLAHLAKES,2020-10-12,4.25,,,4.25,0,2026-04-08T03:32:39.836845+00:00
132182,ELLAHLAKES,2020-10-13,4.25,,,4.25,0,2026-04-08T03:32:42.883097+00:00
132285,ELLAHLAKES,2020-10-14,4.25,,,4.25,0,2026-04-08T03:32:45.313484+00:00
132388,ELLAHLAKES,2020-10-15,4.25,,,4.25,0,2026-04-08T03:32:47.672181+00:00
132491,ELLAHLAKES,2020-10-16,4.25,,,4.25,0,2026-04-08T03:32:50.112843+00:00
132594,ELLAHLAKES,2020-10-19,4.25,,,4.25,0,2026-04-08T03:32:54.594352+00:00
132697,ELLAHLAKES,2020-10-20,4.25,,,4.25,0,2026-04-08T03:32:57.288568+00:00
132800,ELLAHLAKES,2020-10-21,4.25,,,4.25,0,2026-04-08T03:32:59.679627+00:00
132903,ELLAHLAKES,2020-10-22,4.25,,,4.25,0,2026-04-08T03:33:02.194874+00:00
133006,ELLAHLAKES,2020-10-23,4.25,,,4.25,0,2026-04-08T03:33:04.540232+00:00
133109,ELLAHLAKES,2020-10-26,4.25,,,4.25,0,2026-04-08T03:33:08.964122+00:00
133212,ELLAHLAKES,2020-10-27,4.25,,,4.25,0,2026-04-08T03:33:12.04516+00:00
133315,ELLAHLAKES,2020-10-28,4.25,,,4.25,0,2026-04-08T03:33:14.504918+00:00
133418,ELLAHLAKES,2020-10-30,4.25,,,4.25,0,2026-04-08T03:33:18.13889+00:00
133521,ELLAHLAKES,2020-11-02,4.25,,,4.25,200,2026-04-08T03:33:22.589733+00:00
133624,ELLAHLAKES,2020-11-03,4.25,,,4.25,0,2026-04-08T03:33:24.936567+00:00
133727,ELLAHLAKES,2020-11-04,4.25,,,4.25,0,2026-04-08T03:33:27.402012+00:00
133830,ELLAHLAKES,2020-11-05,4.25,,,4.25,0,2026-04-08T03:33:29.791139+00:00
133933,ELLAHLAKES,2020-11-06,4.25,,,4.25,0,2026-04-08T03:33:32.190465+00:00
134036,ELLAHLAKES,2020-11-09,4.25,,,4.25,0,2026-04-08T03:33:36.944942+00:00
134140,ELLAHLAKES,2020-11-10,4.25,,,4.25,0,2026-04-08T03:33:39.328014+00:00
134244,ELLAHLAKES,2020-11-11,4.25,,,4.25,0,2026-04-08T03:33:41.646704+00:00
134348,ELLAHLAKES,2020-11-12,4.25,,,4.25,0,2026-04-08T03:33:44.075825+00:00
134452,ELLAHLAKES,2020-11-13,4.25,,,4.25,0,2026-04-08T03:33:46.660663+00:00
134556,ELLAHLAKES,2020-11-16,4.25,,,4.25,0,2026-04-08T03:33:51.206328+00:00
134660,ELLAHLAKES,2020-11-17,4.25,,,4.25,0,2026-04-08T03:33:53.594986+00:00
134764,ELLAHLAKES,2020-11-18,4.25,,,4.25,0,2026-04-08T03:33:56.053488+00:00
134868,ELLAHLAKES,2020-11-19,4.25,,,4.25,0,2026-04-08T03:33:58.535588+00:00
134972,ELLAHLAKES,2020-11-20,4.25,,,4.25,0,2026-04-08T03:34:01.033528+00:00
135076,ELLAHLAKES,2020-11-23,4.25,,,4.25,0,2026-04-08T03:34:05.446005+00:00
135180,ELLAHLAKES,2020-11-24,4.25,,,4.25,0,2026-04-08T03:34:07.827748+00:00
135284,ELLAHLAKES,2020-11-25,4.25,,,4.25,0,2026-04-08T03:34:10.273596+00:00
135388,ELLAHLAKES,2020-11-26,4.25,,,4.25,0,2026-04-08T03:34:12.878043+00:00
135492,ELLAHLAKES,2020-11-27,4.25,,,4.25,0,2026-04-08T03:34:15.660625+00:00
135596,ELLAHLAKES,2020-11-30,4.25,,,4.25,0,2026-04-08T03:34:20.595268+00:00
135700,ELLAHLAKES,2020-12-01,4.25,,,4.25,0,2026-04-08T03:34:22.915781+00:00
135803,ELLAHLAKES,2020-12-02,4.25,,,4.25,0,2026-04-08T03:34:25.200893+00:00
135905,ELLAHLAKES,2020-12-03,4.25,,,4.25,0,2026-04-08T03:34:27.500503+00:00
136007,ELLAHLAKES,2020-12-04,4.25,,,4.25,0,2026-04-08T03:34:29.754666+00:00
136111,ELLAHLAKES,2020-12-07,4.25,,,4.25,0,2026-04-08T03:34:34.092506+00:00
136215,ELLAHLAKES,2020-12-08,4.25,,,4.25,0,2026-04-08T03:34:36.413898+00:00
136319,ELLAHLAKES,2020-12-09,4.25,,,4.25,0,2026-04-08T03:34:38.741358+00:00
136423,ELLAHLAKES,2020-12-10,4.25,,,4.25,0,2026-04-08T03:34:41.210459+00:00
136527,ELLAHLAKES,2020-12-11,4.25,,,4.25,0,2026-04-08T03:34:43.516271+00:00
136631,ELLAHLAKES,2020-12-14,4.25,,,4.25,0,2026-04-08T03:34:47.752987+00:00
136736,ELLAHLAKES,2020-12-15,4.25,,,4.25,0,2026-04-08T03:34:50.014046+00:00
136841,ELLAHLAKES,2020-12-16,4.25,,,4.25,0,2026-04-08T03:34:52.260784+00:00
136946,ELLAHLAKES,2020-12-17,4.25,,,4.25,0,2026-04-08T03:34:54.700208+00:00
137051,ELLAHLAKES,2020-12-18,4.25,,,4.25,1000,2026-04-08T03:34:57.404383+00:00
137156,ELLAHLAKES,2020-12-21,4.25,,,4.25,0,2026-04-08T03:35:01.74156+00:00
137261,ELLAHLAKES,2020-12-22,4.25,,,4.25,0,2026-04-08T03:35:04.087051+00:00
137366,ELLAHLAKES,2020-12-23,4.25,,,4.25,0,2026-04-08T03:35:06.465463+00:00
137471,ELLAHLAKES,2020-12-24,4.25,,,4.25,0,2026-04-08T03:35:08.859517+00:00
137576,ELLAHLAKES,2020-12-29,4.25,,,4.25,0,2026-04-08T03:35:15.710612+00:00
137681,ELLAHLAKES,2020-12-30,4.25,,,4.25,0,2026-04-08T03:35:18.332825+00:00
137786,ELLAHLAKES,2020-12-31,4.25,,,4.25,0,2026-04-08T03:35:20.721524+00:00
137891,ELLAHLAKES,2021-01-04,4.25,,,4.25,0,2026-04-08T03:35:26.376094+00:00
137996,ELLAHLAKES,2021-01-05,4.25,,,4.25,0,2026-04-08T03:35:29.033034+00:00
138101,ELLAHLAKES,2021-01-06,4.25,,,4.25,0,2026-04-08T03:35:31.424152+00:00
138206,ELLAHLAKES,2021-01-07,4.25,,,4.25,0,2026-04-08T03:35:34.042283+00:00
138311,ELLAHLAKES,2021-01-08,4.25,,,4.25,0,2026-04-08T03:35:36.489888+00:00
138416,ELLAHLAKES,2021-01-11,4.25,,,4.25,500,2026-04-08T03:35:41.134484+00:00
138521,ELLAHLAKES,2021-01-12,4.25,,,4.25,0,2026-04-08T03:35:43.444525+00:00
138626,ELLAHLAKES,2021-01-13,4.25,,,4.25,0,2026-04-08T03:35:45.752573+00:00
138731,ELLAHLAKES,2021-01-14,4.25,,,4.25,0,2026-04-08T03:35:48.266873+00:00
138836,ELLAHLAKES,2021-01-15,4.25,,,4.25,0,2026-04-08T03:35:50.536305+00:00
138941,ELLAHLAKES,2021-01-18,4.25,,,4.25,0,2026-04-08T03:35:55.012207+00:00
139046,ELLAHLAKES,2021-01-19,4.25,,,4.25,10000,2026-04-08T03:35:57.346792+00:00
139151,ELLAHLAKES,2021-01-20,4.25,,,4.25,6052,2026-04-08T03:35:59.785195+00:00
139256,ELLAHLAKES,2021-01-21,4.25,,,4.25,20000,2026-04-08T03:36:02.057398+00:00
139361,ELLAHLAKES,2021-01-22,4.25,,,4.25,6369,2026-04-08T03:36:04.490813+00:00
139466,ELLAHLAKES,2021-01-25,4.25,,,4.25,0,2026-04-08T03:36:09.142175+00:00
139571,ELLAHLAKES,2021-01-26,4.25,,,4.25,0,2026-04-08T03:36:11.477526+00:00
139676,ELLAHLAKES,2021-01-27,4.25,,,4.25,2200,2026-04-08T03:36:13.916788+00:00
139781,ELLAHLAKES,2021-01-28,4.25,,,4.25,0,2026-04-08T03:36:16.269205+00:00
139886,ELLAHLAKES,2021-01-29,4.25,,,4.25,0,2026-04-08T03:36:18.603253+00:00
139991,ELLAHLAKES,2021-02-01,4.25,,,4.25,20000,2026-04-08T03:36:23.094546+00:00
140096,ELLAHLAKES,2021-02-02,4.25,,,4.25,2001,2026-04-08T03:36:25.523135+00:00
140201,ELLAHLAKES,2021-02-03,4.25,,,4.25,1005,2026-04-08T03:36:27.835035+00:00
140306,ELLAHLAKES,2021-02-04,4.25,,,4.25,0,2026-04-08T03:36:30.225924+00:00
140411,ELLAHLAKES,2021-02-05,4.25,,,4.25,0,2026-04-08T03:36:32.587221+00:00
140516,ELLAHLAKES,2021-02-08,4.25,,,4.25,0,2026-04-08T03:36:37.052653+00:00
140621,ELLAHLAKES,2021-02-09,4.25,,,4.25,373,2026-04-08T03:36:39.468141+00:00
140726,ELLAHLAKES,2021-02-10,4.25,,,4.25,25000,2026-04-08T03:36:41.836322+00:00
140831,ELLAHLAKES,2021-02-11,4.25,,,4.25,0,2026-04-08T03:36:44.255641+00:00
140936,ELLAHLAKES,2021-02-12,4.25,,,4.25,0,2026-04-08T03:36:46.553737+00:00
141041,ELLAHLAKES,2021-02-15,4.25,,,4.25,0,2026-04-08T03:36:50.983127+00:00
141146,ELLAHLAKES,2021-02-16,4.25,,,4.25,0,2026-04-08T03:36:53.929967+00:00
141251,ELLAHLAKES,2021-02-17,4.25,,,4.25,71000,2026-04-08T03:36:56.762484+00:00
141356,ELLAHLAKES,2021-02-18,4.25,,,4.25,20000,2026-04-08T03:36:59.321693+00:00
141461,ELLAHLAKES,2021-02-19,4.25,,,4.25,0,2026-04-08T03:37:01.817881+00:00
141566,ELLAHLAKES,2021-02-22,4.25,,,4.25,20000,2026-04-08T03:37:06.27808+00:00
141671,ELLAHLAKES,2021-02-23,4.25,,,4.25,20000,2026-04-08T03:37:08.890934+00:00
141776,ELLAHLAKES,2021-02-24,4.25,,,4.25,20000,2026-04-08T03:37:11.490979+00:00
141881,ELLAHLAKES,2021-02-25,4.25,,,4.25,0,2026-04-08T03:37:14.190372+00:00
141986,ELLAHLAKES,2021-02-26,4.25,,,4.25,20000,2026-04-08T03:37:16.661186+00:00
142091,ELLAHLAKES,2021-03-01,4.25,,,4.25,0,2026-04-08T03:37:22.522205+00:00
142196,ELLAHLAKES,2021-03-02,4.25,,,4.25,20373,2026-04-08T03:37:25.400973+00:00
142301,ELLAHLAKES,2021-03-03,4.25,,,4.25,20000,2026-04-08T03:37:28.29584+00:00
142406,ELLAHLAKES,2021-03-04,4.25,,,4.25,0,2026-04-08T03:37:30.865183+00:00
142511,ELLAHLAKES,2021-03-05,4.25,,,4.25,750,2026-04-08T03:37:35.032922+00:00
142616,ELLAHLAKES,2021-03-08,4.25,,,4.25,42069,2026-04-08T03:37:40.957406+00:00
142721,ELLAHLAKES,2021-03-09,4.25,,,4.25,0,2026-04-08T03:37:43.478318+00:00
142826,ELLAHLAKES,2021-03-10,4.25,,,4.25,35,2026-04-08T03:37:46.075681+00:00
142931,ELLAHLAKES,2021-03-11,4.25,,,4.25,0,2026-04-08T03:37:49.142973+00:00
143036,ELLAHLAKES,2021-03-12,4.25,,,4.25,3608,2026-04-08T03:37:51.827027+00:00
143141,ELLAHLAKES,2021-03-15,4.25,,,4.25,0,2026-04-08T03:37:56.632273+00:00
143246,ELLAHLAKES,2021-03-16,4.25,,,4.25,0,2026-04-08T03:37:59.157483+00:00
143351,ELLAHLAKES,2021-03-17,4.25,,,4.25,0,2026-04-08T03:38:01.497417+00:00
143456,ELLAHLAKES,2021-03-18,4.25,,,4.25,0,2026-04-08T03:38:03.831621+00:00
143561,ELLAHLAKES,2021-03-19,4.25,,,4.25,0,2026-04-08T03:38:06.31825+00:00
143663,ELLAHLAKES,2021-03-22,4.25,,,4.25,0,2026-04-08T03:38:11.081229+00:00
143768,ELLAHLAKES,2021-03-23,4.25,,,4.25,0,2026-04-08T03:38:13.396015+00:00
143873,ELLAHLAKES,2021-03-24,4.25,,,4.25,0,2026-04-08T03:38:15.81449+00:00
143978,ELLAHLAKES,2021-03-25,4.25,,,4.25,0,2026-04-08T03:38:18.283134+00:00
144083,ELLAHLAKES,2021-03-26,4.25,,,4.25,0,2026-04-08T03:38:20.746814+00:00
144188,ELLAHLAKES,2021-03-29,4.25,,,4.25,0,2026-04-08T03:38:25.159246+00:00
144293,ELLAHLAKES,2021-03-30,4.25,,,4.25,0,2026-04-08T03:38:27.475529+00:00
144398,ELLAHLAKES,2021-03-31,4.25,,,4.25,5,2026-04-08T03:38:29.710175+00:00
144503,ELLAHLAKES,2021-04-01,4.25,,,4.25,0,2026-04-08T03:38:32.086622+00:00
144608,ELLAHLAKES,2021-04-06,4.25,,,4.25,0,2026-04-08T03:38:38.336109+00:00
144713,ELLAHLAKES,2021-04-07,4.25,,,4.25,0,2026-04-08T03:38:40.597593+00:00
144818,ELLAHLAKES,2021-04-08,4.25,,,4.25,0,2026-04-08T03:38:43.050318+00:00
144923,ELLAHLAKES,2021-04-09,4.25,,,4.25,0,2026-04-08T03:38:45.381101+00:00
145028,ELLAHLAKES,2021-04-12,4.25,,,4.25,0,2026-04-08T03:38:49.634064+00:00
145133,ELLAHLAKES,2021-04-14,4.25,,,4.25,0,2026-04-08T03:38:53.291299+00:00
145238,ELLAHLAKES,2021-04-15,4.25,,,4.25,0,2026-04-08T03:38:55.647647+00:00
145343,ELLAHLAKES,2021-04-16,4.25,,,4.25,0,2026-04-08T03:38:58.039758+00:00
145448,ELLAHLAKES,2021-04-19,4.25,,,4.25,0,2026-04-08T03:39:02.639407+00:00
145553,ELLAHLAKES,2021-04-20,4.25,,,4.25,0,2026-04-08T03:39:05.009889+00:00
145658,ELLAHLAKES,2021-04-21,4.25,,,4.25,0,2026-04-08T03:39:07.371999+00:00
145763,ELLAHLAKES,2021-04-22,4.25,,,4.25,0,2026-04-08T03:39:09.720023+00:00
145868,ELLAHLAKES,2021-04-26,4.25,,,4.25,0,2026-04-08T03:39:15.36746+00:00
145973,ELLAHLAKES,2021-04-27,4.25,,,4.25,0,2026-04-08T03:39:17.695414+00:00
146078,ELLAHLAKES,2021-04-28,4.25,,,4.25,5000000,2026-04-08T03:39:20.620007+00:00
146183,ELLAHLAKES,2021-04-29,4.25,,,4.25,0,2026-04-08T03:39:22.905871+00:00
146288,ELLAHLAKES,2021-04-30,4.25,,,4.25,5000000,2026-04-08T03:39:25.430976+00:00
146393,ELLAHLAKES,2021-05-04,4.25,,,4.25,5000000,2026-04-08T03:39:31.322792+00:00
146498,ELLAHLAKES,2021-05-05,4.25,,,4.25,0,2026-04-08T03:39:33.759587+00:00
146603,ELLAHLAKES,2021-05-06,4.25,,,4.25,14412000,2026-04-08T03:39:36.246061+00:00
146708,ELLAHLAKES,2021-05-07,4.25,,,4.25,0,2026-04-08T03:39:38.47254+00:00
146813,ELLAHLAKES,2021-05-10,4.25,,,4.25,0,2026-04-08T03:39:42.886326+00:00
146918,ELLAHLAKES,2021-05-11,4.25,,,4.25,0,2026-04-08T03:39:45.288668+00:00
147023,ELLAHLAKES,2021-05-14,4.25,,,4.25,0,2026-04-08T03:39:49.859206+00:00
147128,ELLAHLAKES,2021-05-17,4.25,,,4.25,0,2026-04-08T03:39:54.343913+00:00
147233,ELLAHLAKES,2021-05-18,4.25,,,4.25,0,2026-04-08T03:39:57.092526+00:00
147338,ELLAHLAKES,2021-05-19,4.25,,,4.25,10000,2026-04-08T03:39:59.433321+00:00
147443,ELLAHLAKES,2021-05-20,4.25,,,4.25,0,2026-04-08T03:40:01.906518+00:00
147548,ELLAHLAKES,2021-05-21,4.25,,,4.25,0,2026-04-08T03:40:04.221824+00:00
147653,ELLAHLAKES,2021-05-24,4.25,,,4.25,0,2026-04-08T03:40:08.535937+00:00
147758,ELLAHLAKES,2021-05-25,4.25,,,4.25,40042,2026-04-08T03:40:10.790359+00:00
147863,ELLAHLAKES,2021-05-26,4.25,,,4.25,0,2026-04-08T03:40:13.088105+00:00
147968,ELLAHLAKES,2021-05-27,4.25,,,4.25,0,2026-04-08T03:40:15.774564+00:00
148073,ELLAHLAKES,2021-05-28,4.25,,,4.25,0,2026-04-08T03:40:18.222614+00:00
148178,ELLAHLAKES,2021-05-31,4.25,,,4.25,0,2026-04-08T03:40:23.651574+00:00
148283,ELLAHLAKES,2021-06-01,4.25,,,4.25,0,2026-04-08T03:40:26.050454+00:00
148388,ELLAHLAKES,2021-06-02,4.25,,,4.25,0,2026-04-08T03:40:28.576306+00:00
148493,ELLAHLAKES,2021-06-03,4.25,,,4.25,0,2026-04-08T03:40:31.001459+00:00
148598,ELLAHLAKES,2021-06-04,4.25,,,4.25,0,2026-04-08T03:40:33.442796+00:00
148703,ELLAHLAKES,2021-06-07,4.25,,,4.25,0,2026-04-08T03:40:37.732645+00:00
148808,ELLAHLAKES,2021-06-08,4.25,,,4.25,0,2026-04-08T03:40:40.102423+00:00
148913,ELLAHLAKES,2021-06-09,4.25,,,4.25,0,2026-04-08T03:40:42.486352+00:00
149018,ELLAHLAKES,2021-06-10,4.25,,,4.25,0,2026-04-08T03:40:45.029393+00:00
149123,ELLAHLAKES,2021-06-11,4.25,,,4.25,7120,2026-04-08T03:40:47.465669+00:00
149228,ELLAHLAKES,2021-06-15,4.25,,,4.25,100,2026-04-08T03:40:53.415974+00:00
149333,ELLAHLAKES,2021-06-16,4.25,,,4.25,0,2026-04-08T03:40:55.754681+00:00
149439,ELLAHLAKES,2021-06-17,4.25,,,4.25,0,2026-04-08T03:40:58.172345+00:00
149545,ELLAHLAKES,2021-06-18,4.25,,,4.25,0,2026-04-08T03:41:00.479054+00:00
149651,ELLAHLAKES,2021-06-21,4.25,,,4.25,1000,2026-04-08T03:41:05.049703+00:00
149758,ELLAHLAKES,2021-06-22,4.25,,,4.25,0,2026-04-08T03:41:07.444448+00:00
149865,ELLAHLAKES,2021-06-23,4.25,,,4.25,0,2026-04-08T03:41:09.819069+00:00
149972,ELLAHLAKES,2021-06-24,4.25,,,4.25,0,2026-04-08T03:41:12.2583+00:00
150079,ELLAHLAKES,2021-06-25,4.25,,,4.25,2350,2026-04-08T03:41:14.6351+00:00
150186,ELLAHLAKES,2021-06-28,4.25,,,4.25,0,2026-04-08T03:41:19.428749+00:00
150293,ELLAHLAKES,2021-06-29,4.25,,,4.25,0,2026-04-08T03:41:22.147646+00:00
150400,ELLAHLAKES,2021-06-30,4.25,,,4.25,13000,2026-04-08T03:41:24.723581+00:00
150507,ELLAHLAKES,2021-07-01,4.25,,,4.25,3500,2026-04-08T03:41:27.253573+00:00
150614,ELLAHLAKES,2021-07-02,4.25,,,4.25,0,2026-04-08T03:41:29.882533+00:00
150721,ELLAHLAKES,2021-07-05,4.25,,,4.25,3000,2026-04-08T03:41:34.454391+00:00
150828,ELLAHLAKES,2021-07-06,4.25,,,4.25,1000,2026-04-08T03:41:36.982623+00:00
150935,ELLAHLAKES,2021-07-07,4.25,,,4.25,2000,2026-04-08T03:41:39.307643+00:00
151042,ELLAHLAKES,2021-07-08,4.25,,,4.25,0,2026-04-08T03:41:41.672436+00:00
151149,ELLAHLAKES,2021-07-09,4.25,,,4.25,1250,2026-04-08T03:41:44.186247+00:00
151257,ELLAHLAKES,2021-07-12,4.25,,,4.25,0,2026-04-08T03:41:48.615121+00:00
151365,ELLAHLAKES,2021-07-13,4.25,,,4.25,1500,2026-04-08T03:41:50.993586+00:00
151473,ELLAHLAKES,2021-07-14,4.25,,,4.25,10000,2026-04-08T03:41:53.268+00:00
151581,ELLAHLAKES,2021-07-15,4.25,,,4.25,0,2026-04-08T03:41:55.50175+00:00
151689,ELLAHLAKES,2021-07-16,4.25,,,4.25,0,2026-04-08T03:41:57.978751+00:00
151797,ELLAHLAKES,2021-07-19,4.25,,,4.25,2000,2026-04-08T03:42:02.439681+00:00
151905,ELLAHLAKES,2021-07-22,4.25,,,4.25,0,2026-04-08T03:42:06.938387+00:00
152013,ELLAHLAKES,2021-07-23,4.25,,,4.25,0,2026-04-08T03:42:09.224536+00:00
152121,ELLAHLAKES,2021-07-26,4.25,,,4.25,200,2026-04-08T03:42:13.888963+00:00
152229,ELLAHLAKES,2021-07-27,4.25,,,4.25,0,2026-04-08T03:42:16.300026+00:00
152337,ELLAHLAKES,2021-07-28,4.25,,,4.25,0,2026-04-08T03:42:18.733972+00:00
152445,ELLAHLAKES,2021-07-29,4.25,,,4.25,0,2026-04-08T03:42:21.196071+00:00
152553,ELLAHLAKES,2021-07-30,4.25,,,4.25,26624751,2026-04-08T03:42:23.780537+00:00
152661,ELLAHLAKES,2021-08-02,4.25,,,4.25,40,2026-04-08T03:42:28.457705+00:00
152769,ELLAHLAKES,2021-08-03,4.25,,,4.25,30000,2026-04-08T03:42:31.094462+00:00
152877,ELLAHLAKES,2021-08-04,4.25,,,4.25,10000,2026-04-08T03:42:33.531563+00:00
152985,ELLAHLAKES,2021-08-05,4.25,,,4.25,0,2026-04-08T03:42:35.917081+00:00
153093,ELLAHLAKES,2021-08-06,4.25,,,4.25,0,2026-04-08T03:42:38.23616+00:00
153201,ELLAHLAKES,2021-08-09,4.25,,,4.25,25025050,2026-04-08T03:42:42.878342+00:00
153309,ELLAHLAKES,2021-08-10,4.25,,,4.25,0,2026-04-08T03:42:45.264053+00:00
153417,ELLAHLAKES,2021-08-12,4.25,,,4.25,2050,2026-04-08T03:42:48.762656+00:00
153525,ELLAHLAKES,2021-08-13,4.25,,,4.25,0,2026-04-08T03:42:51.120096+00:00
153633,ELLAHLAKES,2021-08-16,4.25,,,4.25,1040,2026-04-08T03:42:55.556429+00:00
153741,ELLAHLAKES,2021-08-17,4.25,,,4.25,114003,2026-04-08T03:42:57.870214+00:00
153849,ELLAHLAKES,2021-08-18,4.25,,,4.25,20000,2026-04-08T03:43:00.318272+00:00
153957,ELLAHLAKES,2021-08-19,4.25,,,4.25,0,2026-04-08T03:43:02.743698+00:00
154065,ELLAHLAKES,2021-08-20,4.25,,,4.25,0,2026-04-08T03:43:05.111187+00:00
154173,ELLAHLAKES,2021-08-23,4.25,,,4.25,1,2026-04-08T03:43:09.725908+00:00
154281,ELLAHLAKES,2021-08-24,4.25,,,4.25,10000,2026-04-08T03:43:12.031989+00:00
154389,ELLAHLAKES,2021-08-25,4.25,,,4.25,20000,2026-04-08T03:43:14.375004+00:00
154497,ELLAHLAKES,2021-08-26,4.25,,,4.25,38200,2026-04-08T03:43:16.860503+00:00
154605,ELLAHLAKES,2021-08-27,4.25,,,4.25,11852,2026-04-08T03:43:19.247601+00:00
154713,ELLAHLAKES,2021-08-30,4.25,,,4.25,5009800,2026-04-08T03:43:23.756871+00:00
154821,ELLAHLAKES,2021-08-31,4.25,,,4.25,5589,2026-04-08T03:43:26.203018+00:00
154929,ELLAHLAKES,2021-09-01,4.25,,,4.25,3508,2026-04-08T03:43:28.430514+00:00
155037,ELLAHLAKES,2021-09-02,4.25,,,4.25,1650,2026-04-08T03:43:30.63423+00:00
155145,ELLAHLAKES,2021-09-03,4.25,,,4.25,4759,2026-04-08T03:43:33.173741+00:00
155253,ELLAHLAKES,2021-09-06,4.25,,,4.25,0,2026-04-08T03:43:37.566628+00:00
155361,ELLAHLAKES,2021-09-07,4.25,,,4.25,0,2026-04-08T03:43:39.870652+00:00
155469,ELLAHLAKES,2021-09-08,4.25,,,4.25,0,2026-04-08T03:43:42.125577+00:00
155577,ELLAHLAKES,2021-09-09,4.25,,,4.25,650,2026-04-08T03:43:44.739177+00:00
155685,ELLAHLAKES,2021-09-10,4.25,,,4.25,0,2026-04-08T03:43:47.339386+00:00
155793,ELLAHLAKES,2021-09-13,4.25,,,4.25,0,2026-04-08T03:43:51.822078+00:00
155901,ELLAHLAKES,2021-09-14,4.25,,,4.25,0,2026-04-08T03:43:54.260371+00:00
156009,ELLAHLAKES,2021-09-15,4.25,,,4.25,0,2026-04-08T03:43:56.896801+00:00
156117,ELLAHLAKES,2021-09-16,4.25,,,4.25,0,2026-04-08T03:43:59.227477+00:00
156225,ELLAHLAKES,2021-09-20,4.25,,,4.25,46525,2026-04-08T03:44:04.993721+00:00
156333,ELLAHLAKES,2021-09-21,4.25,,,4.25,0,2026-04-08T03:44:07.727357+00:00
156441,ELLAHLAKES,2021-09-22,4.25,,,4.25,0,2026-04-08T03:44:10.239254+00:00
156549,ELLAHLAKES,2021-09-23,4.25,,,4.25,0,2026-04-08T03:44:12.661605+00:00
156657,ELLAHLAKES,2021-09-24,4.25,,,4.25,25,2026-04-08T03:44:15.34542+00:00
156765,ELLAHLAKES,2021-09-27,4.25,,,4.25,0,2026-04-08T03:44:19.850483+00:00
156873,ELLAHLAKES,2021-09-28,4.25,,,4.25,0,2026-04-08T03:44:22.678655+00:00
156981,ELLAHLAKES,2021-09-29,4.25,,,4.25,20000,2026-04-08T03:44:25.133662+00:00
157089,ELLAHLAKES,2021-09-30,4.25,,,4.25,0,2026-04-08T03:44:27.471646+00:00
157197,ELLAHLAKES,2021-10-04,4.25,,,4.25,138720,2026-04-08T03:44:32.876267+00:00
157305,ELLAHLAKES,2021-10-05,4.25,,,4.25,0,2026-04-08T03:44:35.445743+00:00
157413,ELLAHLAKES,2021-10-06,4.25,,,4.25,2,2026-04-08T03:44:37.876116+00:00
157521,ELLAHLAKES,2021-10-07,4.25,,,4.25,0,2026-04-08T03:44:40.206594+00:00
157629,ELLAHLAKES,2021-10-08,4.25,,,4.25,501,2026-04-08T03:44:42.63936+00:00
157737,ELLAHLAKES,2021-10-11,4.25,,,4.25,0,2026-04-08T03:44:47.21782+00:00
157845,ELLAHLAKES,2021-10-12,4.25,,,4.25,100,2026-04-08T03:44:49.55017+00:00
157953,ELLAHLAKES,2021-10-13,4.25,,,4.25,5000,2026-04-08T03:44:52.157785+00:00
158061,ELLAHLAKES,2021-10-14,4.25,,,4.25,0,2026-04-08T03:44:54.53471+00:00
158169,ELLAHLAKES,2021-10-15,4.25,,,4.25,0,2026-04-08T03:44:56.91657+00:00
158278,ELLAHLAKES,2021-10-18,4.25,,,4.25,0,2026-04-08T03:45:01.595863+00:00
158387,ELLAHLAKES,2021-10-20,4.25,,,4.25,35700,2026-04-08T03:45:05.471144+00:00
158496,ELLAHLAKES,2021-10-21,4.25,,,4.25,0,2026-04-08T03:45:08.008029+00:00
158603,ELLAHLAKES,2021-10-22,4.25,,,4.25,10000,2026-04-08T03:45:10.474564+00:00
158712,ELLAHLAKES,2021-10-25,4.25,,,4.25,51511,2026-04-08T03:45:15.28358+00:00
158821,ELLAHLAKES,2021-10-26,4.25,,,4.25,0,2026-04-08T03:45:17.74539+00:00
158930,ELLAHLAKES,2021-10-27,4.25,,,4.25,0,2026-04-08T03:45:20.303823+00:00
159039,ELLAHLAKES,2021-10-28,4.25,,,4.25,0,2026-04-08T03:45:22.610226+00:00
159148,ELLAHLAKES,2021-10-29,4.25,,,4.25,0,2026-04-08T03:45:25.013779+00:00
159257,ELLAHLAKES,2021-11-01,4.25,,,4.25,18003,2026-04-08T03:45:29.747778+00:00
159366,ELLAHLAKES,2021-11-02,4.25,,,4.25,4450,2026-04-08T03:45:32.292585+00:00
159475,ELLAHLAKES,2021-11-03,4.25,,,4.25,0,2026-04-08T03:45:34.604091+00:00
159584,ELLAHLAKES,2021-11-04,4.25,,,4.25,0,2026-04-08T03:45:37.086301+00:00
159693,ELLAHLAKES,2021-11-05,4.25,,,4.25,0,2026-04-08T03:45:39.522081+00:00
159802,ELLAHLAKES,2021-11-08,4.25,,,4.25,285,2026-04-08T03:45:44.061968+00:00
159911,ELLAHLAKES,2021-11-10,4.25,,,4.25,14934,2026-04-08T03:45:47.530577+00:00
160020,ELLAHLAKES,2021-11-11,4.25,,,4.25,0,2026-04-08T03:45:49.990111+00:00
160129,ELLAHLAKES,2021-11-12,4.25,,,4.25,0,2026-04-08T03:45:52.531373+00:00
160238,ELLAHLAKES,2021-11-15,4.25,,,4.25,0,2026-04-08T03:45:57.041913+00:00
160347,ELLAHLAKES,2021-11-17,4.25,,,4.25,0,2026-04-08T03:46:00.536124+00:00
160456,ELLAHLAKES,2021-11-18,4.25,,,4.25,0,2026-04-08T03:46:03.012698+00:00
160565,ELLAHLAKES,2021-11-19,4.25,,,4.25,5,2026-04-08T03:46:05.423699+00:00
160674,ELLAHLAKES,2021-11-22,4.25,,,4.25,0,2026-04-08T03:46:10.306395+00:00
160783,ELLAHLAKES,2021-11-23,4.25,,,4.25,0,2026-04-08T03:46:12.888041+00:00
160892,ELLAHLAKES,2021-11-24,4.25,,,4.25,0,2026-04-08T03:46:15.261589+00:00
161001,ELLAHLAKES,2021-11-25,4.25,,,4.25,0,2026-04-08T03:46:17.544601+00:00
161110,ELLAHLAKES,2021-11-29,4.25,,,4.25,0,2026-04-08T03:46:23.244686+00:00
161219,ELLAHLAKES,2021-11-30,4.25,,,4.25,11,2026-04-08T03:46:25.627389+00:00
161328,ELLAHLAKES,2021-12-01,4.25,,,4.25,0,2026-04-08T03:46:28.190956+00:00
161437,ELLAHLAKES,2021-12-02,4.25,,,4.25,0,2026-04-08T03:46:30.651544+00:00
161546,ELLAHLAKES,2021-12-03,4.25,,,4.25,5,2026-04-08T03:46:33.124129+00:00
161655,ELLAHLAKES,2021-12-06,4.25,,,4.25,15,2026-04-08T03:46:37.622095+00:00
161764,ELLAHLAKES,2021-12-07,4.25,,,4.25,0,2026-04-08T03:46:39.947423+00:00
161873,ELLAHLAKES,2021-12-08,4.25,,,4.25,0,2026-04-08T03:46:42.482337+00:00
161982,ELLAHLAKES,2021-12-09,4.25,,,4.25,2000,2026-04-08T03:46:44.852467+00:00
162091,ELLAHLAKES,2021-12-10,4.25,,,4.25,50,2026-04-08T03:46:47.321476+00:00
162201,ELLAHLAKES,2021-12-13,4.25,,,4.25,200,2026-04-08T03:46:51.775824+00:00
162311,ELLAHLAKES,2021-12-14,4.25,,,4.25,0,2026-04-08T03:46:54.126877+00:00
162421,ELLAHLAKES,2021-12-15,4.25,,,4.25,0,2026-04-08T03:46:56.822916+00:00
162531,ELLAHLAKES,2021-12-16,4.25,,,4.25,0,2026-04-08T03:46:59.215115+00:00
162641,ELLAHLAKES,2021-12-17,4.25,,,4.25,0,2026-04-08T03:47:01.752329+00:00
162752,ELLAHLAKES,2021-12-20,4.25,,,4.25,0,2026-04-08T03:47:06.293287+00:00
162863,ELLAHLAKES,2021-12-21,4.25,,,4.25,1,2026-04-08T03:47:08.729464+00:00
162974,ELLAHLAKES,2021-12-22,4.25,,,4.25,0,2026-04-08T03:47:11.106283+00:00
163085,ELLAHLAKES,2021-12-23,4.25,,,4.25,0,2026-04-08T03:47:13.420215+00:00
163196,ELLAHLAKES,2021-12-24,4.25,,,4.25,0,2026-04-08T03:47:15.708642+00:00
163307,ELLAHLAKES,2021-12-29,4.25,,,4.25,180,2026-04-08T03:47:22.624079+00:00
163418,ELLAHLAKES,2021-12-30,4.25,,,4.25,0,2026-04-08T03:47:25.019388+00:00
163529,ELLAHLAKES,2021-12-31,4.25,,,4.25,0,2026-04-08T03:47:27.803632+00:00
163640,ELLAHLAKES,2022-01-04,4.25,,,4.25,0,2026-04-08T03:47:33.190226+00:00
163751,ELLAHLAKES,2022-01-05,4.25,,,4.25,0,2026-04-08T03:47:35.481449+00:00
163863,ELLAHLAKES,2022-01-06,4.25,,,4.25,1,2026-04-08T03:47:38.067383+00:00
163975,ELLAHLAKES,2022-01-07,4.25,,,4.25,600,2026-04-08T03:47:40.483305+00:00
164087,ELLAHLAKES,2022-01-10,4.25,,,4.25,0,2026-04-08T03:47:45.097739+00:00
164199,ELLAHLAKES,2022-01-11,4.25,,,4.25,5250,2026-04-08T03:47:47.617941+00:00
164311,ELLAHLAKES,2022-01-12,4.25,,,4.25,6010,2026-04-08T03:47:50.132225+00:00
164423,ELLAHLAKES,2022-01-13,4.25,,,4.25,20000,2026-04-08T03:47:52.673244+00:00
164535,ELLAHLAKES,2022-01-14,4.25,,,4.25,6500,2026-04-08T03:47:55.308832+00:00
164647,ELLAHLAKES,2022-01-17,4.25,,,4.25,110000,2026-04-08T03:47:59.999655+00:00
164759,ELLAHLAKES,2022-01-18,4.25,,,4.25,10107,2026-04-08T03:48:02.353596+00:00
164871,ELLAHLAKES,2022-01-19,4.25,,,4.25,20004,2026-04-08T03:48:04.820784+00:00
164983,ELLAHLAKES,2022-01-20,4.25,,,4.25,0,2026-04-08T03:48:07.325935+00:00
165095,ELLAHLAKES,2022-01-21,4.25,,,4.25,0,2026-04-08T03:48:09.696329+00:00
165207,ELLAHLAKES,2022-01-24,4.25,,,4.25,0,2026-04-08T03:48:14.136661+00:00
165319,ELLAHLAKES,2022-01-25,4.25,,,4.25,250,2026-04-08T03:48:16.50614+00:00
165431,ELLAHLAKES,2022-01-26,4.25,,,4.25,22450,2026-04-08T03:48:19.024911+00:00
165543,ELLAHLAKES,2022-01-27,4.25,,,4.25,6119,2026-04-08T03:48:21.585909+00:00
165655,ELLAHLAKES,2022-01-28,4.25,,,4.25,4260,2026-04-08T03:48:23.969021+00:00
165767,ELLAHLAKES,2022-01-31,4.25,,,4.25,7250,2026-04-08T03:48:28.465348+00:00
165879,ELLAHLAKES,2022-02-01,4.25,,,4.25,1700,2026-04-08T03:48:30.807911+00:00
165991,ELLAHLAKES,2022-02-02,4.25,,,4.25,45100,2026-04-08T03:48:33.305516+00:00
166103,ELLAHLAKES,2022-02-03,4.25,,,4.25,33015,2026-04-08T03:48:35.918914+00:00
166215,ELLAHLAKES,2022-02-04,4.25,,,4.25,25,2026-04-08T03:48:38.317721+00:00
166327,ELLAHLAKES,2022-02-07,4.25,,,4.25,26250,2026-04-08T03:48:42.904693+00:00
166439,ELLAHLAKES,2022-02-08,4.25,,,4.25,0,2026-04-08T03:48:45.378139+00:00
166551,ELLAHLAKES,2022-02-09,4.25,,,4.25,2028,2026-04-08T03:48:48.035665+00:00
166663,ELLAHLAKES,2022-02-10,4.25,,,4.25,2350,2026-04-08T03:48:50.398564+00:00
166775,ELLAHLAKES,2022-02-11,4.25,,,4.25,4000,2026-04-08T03:48:52.774016+00:00
166887,ELLAHLAKES,2022-02-14,4.25,,,4.25,60500,2026-04-08T03:48:57.293433+00:00
166999,ELLAHLAKES,2022-02-15,4.25,,,4.25,2811808,2026-04-08T03:48:59.662493+00:00
167111,ELLAHLAKES,2022-02-16,4.25,,,4.25,522690,2026-04-08T03:49:02.003783+00:00
167223,ELLAHLAKES,2022-02-17,4.25,,,4.25,358600,2026-04-08T03:49:04.32656+00:00
167335,ELLAHLAKES,2022-02-18,4.25,,,4.25,330000,2026-04-08T03:49:06.711382+00:00
167447,ELLAHLAKES,2022-02-21,4.25,,,4.25,138900,2026-04-08T03:49:10.978464+00:00
167559,ELLAHLAKES,2022-02-22,3.83,,,3.83,216400,2026-04-08T03:49:13.528869+00:00
167671,ELLAHLAKES,2022-02-23,3.83,,,3.83,144285,2026-04-08T03:49:15.914345+00:00
167783,ELLAHLAKES,2022-02-24,3.83,,,3.83,10115,2026-04-08T03:49:18.676795+00:00
167895,ELLAHLAKES,2022-02-25,3.83,,,3.83,1500,2026-04-08T03:49:21.264729+00:00
168007,ELLAHLAKES,2022-02-28,3.83,,,3.83,137150,2026-04-08T03:49:25.620712+00:00
168119,ELLAHLAKES,2022-03-01,3.83,,,3.83,15002,2026-04-08T03:49:28.049171+00:00
168231,ELLAHLAKES,2022-03-02,3.83,,,3.83,127499,2026-04-08T03:49:30.283109+00:00
168343,ELLAHLAKES,2022-03-03,3.83,,,3.83,20000,2026-04-08T03:49:32.551227+00:00
168455,ELLAHLAKES,2022-03-04,3.83,,,3.83,30000,2026-04-08T03:49:34.968546+00:00
168567,ELLAHLAKES,2022-03-07,3.83,,,3.83,10000,2026-04-08T03:49:39.227432+00:00
168679,ELLAHLAKES,2022-03-08,3.83,,,3.83,0,2026-04-08T03:49:41.475537+00:00
168791,ELLAHLAKES,2022-03-09,3.45,,,3.45,291370,2026-04-08T03:49:43.759827+00:00
168903,ELLAHLAKES,2022-03-10,3.45,,,3.45,218500,2026-04-08T03:49:46.077826+00:00
169015,ELLAHLAKES,2022-03-11,3.12,,,3.12,138000,2026-04-08T03:49:48.438529+00:00
169127,ELLAHLAKES,2022-03-14,3.12,,,3.12,101090,2026-04-08T03:49:53.114563+00:00
169239,ELLAHLAKES,2022-03-15,3.12,,,3.12,40370,2026-04-08T03:49:55.533531+00:00
169351,ELLAHLAKES,2022-03-16,3.12,,,3.12,12928,2026-04-08T03:49:57.903122+00:00
169463,ELLAHLAKES,2022-03-17,3.12,,,3.12,39687,2026-04-08T03:50:00.211329+00:00
169575,ELLAHLAKES,2022-03-18,3.12,,,3.12,200,2026-04-08T03:50:02.865266+00:00
169687,ELLAHLAKES,2022-03-21,3.12,,,3.12,0,2026-04-08T03:50:07.476142+00:00
169799,ELLAHLAKES,2022-03-24,3.12,,,3.12,75,2026-04-08T03:50:12.041871+00:00
169911,ELLAHLAKES,2022-03-25,3.12,,,3.12,0,2026-04-08T03:50:14.507747+00:00
170023,ELLAHLAKES,2022-03-28,3.12,,,3.12,23000,2026-04-08T03:50:18.995306+00:00
170135,ELLAHLAKES,2022-03-29,3.12,,,3.12,3155,2026-04-08T03:50:21.48252+00:00
170247,ELLAHLAKES,2022-03-31,3.12,,,3.12,1030,2026-04-08T03:50:25.686443+00:00
170359,ELLAHLAKES,2022-04-01,3.12,,,3.12,0,2026-04-08T03:50:28.209626+00:00
170471,ELLAHLAKES,2022-04-04,3.12,,,3.12,2851,2026-04-08T03:50:32.692631+00:00
170583,ELLAHLAKES,2022-04-05,3.12,,,3.12,105904,2026-04-08T03:50:35.152392+00:00
170695,ELLAHLAKES,2022-04-06,3.12,,,3.12,5000,2026-04-08T03:50:37.478667+00:00
170807,ELLAHLAKES,2022-04-07,3.12,,,3.12,6150,2026-04-08T03:50:39.880974+00:00
170919,ELLAHLAKES,2022-04-08,3.12,,,3.12,0,2026-04-08T03:50:42.48638+00:00
171031,ELLAHLAKES,2022-04-11,3.12,,,3.12,16404,2026-04-08T03:50:47.197044+00:00
171143,ELLAHLAKES,2022-04-12,3.12,,,3.12,2700,2026-04-08T03:50:49.473284+00:00
171255,ELLAHLAKES,2022-04-13,3.12,,,3.12,0,2026-04-08T03:50:51.878986+00:00
171367,ELLAHLAKES,2022-04-14,3.12,,,3.12,0,2026-04-08T03:50:54.439705+00:00
171479,ELLAHLAKES,2022-04-19,3.12,,,3.12,0,2026-04-08T03:51:01.439974+00:00
171591,ELLAHLAKES,2022-04-20,3.12,,,3.12,1,2026-04-08T03:51:03.698116+00:00
171703,ELLAHLAKES,2022-04-21,3.12,,,3.12,235,2026-04-08T03:51:06.083072+00:00
171815,ELLAHLAKES,2022-04-22,3.12,,,3.12,37510,2026-04-08T03:51:08.393199+00:00
171927,ELLAHLAKES,2022-04-25,3.12,,,3.12,276450,2026-04-08T03:51:12.880327+00:00
172039,ELLAHLAKES,2022-04-26,3.12,,,3.12,105750,2026-04-08T03:51:15.284155+00:00
172151,ELLAHLAKES,2022-04-27,3.12,,,3.12,159,2026-04-08T03:51:17.680395+00:00
172263,ELLAHLAKES,2022-04-28,3.12,,,3.12,1500,2026-04-08T03:51:20.413235+00:00
172375,ELLAHLAKES,2022-04-29,3.12,,,3.12,600,2026-04-08T03:51:22.882631+00:00
172487,ELLAHLAKES,2022-05-04,3.12,,,3.12,23600,2026-04-08T03:51:29.674847+00:00
172599,ELLAHLAKES,2022-05-05,3.12,,,3.12,4550,2026-04-08T03:51:32.050072+00:00
172711,ELLAHLAKES,2022-05-09,3.12,,,3.12,173500,2026-04-08T03:51:37.853933+00:00
172824,ELLAHLAKES,2022-05-10,3.12,,,3.12,99197,2026-04-08T03:51:40.332012+00:00
172937,ELLAHLAKES,2022-05-11,3.12,,,3.12,207950,2026-04-08T03:51:42.74313+00:00
173050,ELLAHLAKES,2022-05-12,3.12,,,3.12,15800,2026-04-08T03:51:45.11326+00:00
173163,ELLAHLAKES,2022-05-13,3.12,,,3.12,0,2026-04-08T03:51:47.585464+00:00
173276,ELLAHLAKES,2022-05-16,3.12,,,3.12,24859,2026-04-08T03:51:52.042574+00:00
173389,ELLAHLAKES,2022-05-17,3.12,,,3.12,32000,2026-04-08T03:51:54.492158+00:00
173502,ELLAHLAKES,2022-05-18,3.12,,,3.12,7254,2026-04-08T03:51:57.297116+00:00
173615,ELLAHLAKES,2022-05-19,3.12,,,3.12,836,2026-04-08T03:51:59.624655+00:00
173728,ELLAHLAKES,2022-05-20,3.12,,,3.12,111737,2026-04-08T03:52:02.40298+00:00
173841,ELLAHLAKES,2022-05-23,3.12,,,3.12,51126,2026-04-08T03:52:07.648814+00:00
173954,ELLAHLAKES,2022-05-24,3.12,,,3.12,7552,2026-04-08T03:52:10.277037+00:00
174067,ELLAHLAKES,2022-05-25,3.12,,,3.12,500,2026-04-08T03:52:13.066486+00:00
174180,ELLAHLAKES,2022-05-26,3.12,,,3.12,41270,2026-04-08T03:52:15.508934+00:00
174293,ELLAHLAKES,2022-05-27,3.12,,,3.12,10200,2026-04-08T03:52:18.156913+00:00
174406,ELLAHLAKES,2022-05-30,3.12,,,3.12,10407,2026-04-08T03:52:22.656757+00:00
174519,ELLAHLAKES,2022-05-31,3.12,,,3.12,7166,2026-04-08T03:52:25.114026+00:00
174632,ELLAHLAKES,2022-06-01,3.12,,,3.12,5000,2026-04-08T03:52:27.834682+00:00
174745,ELLAHLAKES,2022-06-02,3.42,,,3.42,502250,2026-04-08T03:52:30.493727+00:00
174858,ELLAHLAKES,2022-06-03,3.42,,,3.42,47280,2026-04-08T03:52:33.10221+00:00
174971,ELLAHLAKES,2022-06-06,3.42,,,3.42,35999,2026-04-08T03:52:37.969718+00:00
175084,ELLAHLAKES,2022-06-07,3.42,,,3.42,3000,2026-04-08T03:52:40.734023+00:00
175197,ELLAHLAKES,2022-06-08,3.42,,,3.42,1490,2026-04-08T03:52:43.634804+00:00
175310,ELLAHLAKES,2022-06-09,3.69,,,3.69,111280,2026-04-08T03:52:46.431396+00:00
175423,ELLAHLAKES,2022-06-10,3.69,,,3.69,22495,2026-04-08T03:52:48.916453+00:00
175536,ELLAHLAKES,2022-06-14,3.69,,,3.69,42701,2026-04-08T03:52:55.08065+00:00
175649,ELLAHLAKES,2022-06-15,3.69,,,3.69,304793,2026-04-08T03:52:57.782204+00:00
175762,ELLAHLAKES,2022-06-16,3.69,,,3.69,15120,2026-04-08T03:53:00.45527+00:00
175875,ELLAHLAKES,2022-06-17,4.0,,,4.0,201959,2026-04-08T03:53:03.647185+00:00
175988,ELLAHLAKES,2022-06-20,4.0,,,4.0,3453,2026-04-08T03:53:09.449588+00:00
176101,ELLAHLAKES,2022-06-21,4.0,,,4.0,230440,2026-04-08T03:53:11.833027+00:00
176214,ELLAHLAKES,2022-06-22,4.4,,,4.4,245164,2026-04-08T03:53:14.63862+00:00
176327,ELLAHLAKES,2022-06-23,3.96,,,3.96,384346,2026-04-08T03:53:17.250825+00:00
176440,ELLAHLAKES,2022-06-24,3.96,,,3.96,65994,2026-04-08T03:53:19.718295+00:00
176553,ELLAHLAKES,2022-06-27,3.96,,,3.96,560,2026-04-08T03:53:24.073012+00:00
176666,ELLAHLAKES,2022-06-28,3.96,,,3.96,15600,2026-04-08T03:53:26.399159+00:00
176779,ELLAHLAKES,2022-06-29,3.96,,,3.96,1640,2026-04-08T03:53:28.994117+00:00
176892,ELLAHLAKES,2022-06-30,3.96,,,3.96,3615,2026-04-08T03:53:31.346855+00:00
177005,ELLAHLAKES,2022-07-01,3.96,,,3.96,30,2026-04-08T03:53:33.724657+00:00
177118,ELLAHLAKES,2022-07-04,3.96,,,3.96,10100,2026-04-08T03:53:38.198731+00:00
177231,ELLAHLAKES,2022-07-06,3.96,,,3.96,21215,2026-04-08T03:53:41.625349+00:00
177344,ELLAHLAKES,2022-07-07,3.96,,,3.96,3200,2026-04-08T03:53:44.268487+00:00
177457,ELLAHLAKES,2022-07-13,3.96,,,3.96,26000,2026-04-08T03:53:51.5999+00:00
177570,ELLAHLAKES,2022-07-14,3.96,,,3.96,0,2026-04-08T03:53:54.010732+00:00
177683,ELLAHLAKES,2022-07-15,3.96,,,3.96,2526,2026-04-08T03:53:56.616585+00:00
177796,ELLAHLAKES,2022-07-18,3.96,,,3.96,7750,2026-04-08T03:54:01.214275+00:00
177909,ELLAHLAKES,2022-07-19,3.96,,,3.96,4007,2026-04-08T03:54:03.665978+00:00
178022,ELLAHLAKES,2022-07-20,3.96,,,3.96,0,2026-04-08T03:54:06.203384+00:00
178135,ELLAHLAKES,2022-07-21,3.96,,,3.96,1000,2026-04-08T03:54:08.685258+00:00
178248,ELLAHLAKES,2022-07-22,3.96,,,3.96,2000,2026-04-08T03:54:11.171489+00:00
178361,ELLAHLAKES,2022-07-25,3.96,,,3.96,30,2026-04-08T03:54:15.900169+00:00
178474,ELLAHLAKES,2022-07-26,3.96,,,3.96,2580,2026-04-08T03:54:18.382379+00:00
178587,ELLAHLAKES,2022-07-27,3.96,,,3.96,1,2026-04-08T03:54:20.730044+00:00
178700,ELLAHLAKES,2022-07-28,3.96,,,3.96,0,2026-04-08T03:54:23.385493+00:00
178813,ELLAHLAKES,2022-07-29,3.96,,,3.96,12,2026-04-08T03:54:25.692024+00:00
178926,ELLAHLAKES,2022-08-01,3.96,,,3.96,110095,2026-04-08T03:54:30.144665+00:00
179039,ELLAHLAKES,2022-08-02,3.96,,,3.96,8775,2026-04-08T03:54:32.509592+00:00
179152,ELLAHLAKES,2022-08-03,3.96,,,3.96,50000,2026-04-08T03:54:34.924873+00:00
179265,ELLAHLAKES,2022-08-04,3.96,,,3.96,106380,2026-04-08T03:54:37.32089+00:00
179378,ELLAHLAKES,2022-08-05,3.96,,,3.96,8222,2026-04-08T03:54:40.805957+00:00
179491,ELLAHLAKES,2022-08-08,3.58,,,3.58,10055736,2026-04-08T03:54:45.81173+00:00
179604,ELLAHLAKES,2022-08-09,3.93,,,3.93,800150,2026-04-08T03:54:48.637408+00:00
179717,ELLAHLAKES,2022-08-10,4.3,,,4.3,10237713,2026-04-08T03:54:51.561754+00:00
179830,ELLAHLAKES,2022-08-11,4.3,,,4.3,83602,2026-04-08T03:54:54.196076+00:00
179943,ELLAHLAKES,2022-08-12,4.0,,,4.0,717620,2026-04-08T03:54:57.115593+00:00
180056,ELLAHLAKES,2022-08-15,4.0,,,4.0,30175,2026-04-08T03:55:01.874457+00:00
180169,ELLAHLAKES,2022-08-16,4.0,,,4.0,55325,2026-04-08T03:55:04.540652+00:00
180282,ELLAHLAKES,2022-08-17,4.0,,,4.0,20,2026-04-08T03:55:07.214991+00:00
180395,ELLAHLAKES,2022-08-18,4.0,,,4.0,24600,2026-04-08T03:55:09.916723+00:00
180508,ELLAHLAKES,2022-08-19,4.0,,,4.0,120,2026-04-08T03:55:12.400686+00:00
180621,ELLAHLAKES,2022-08-22,4.0,,,4.0,615,2026-04-08T03:55:17.568382+00:00
180734,ELLAHLAKES,2022-08-23,4.0,,,4.0,67240,2026-04-08T03:55:19.990422+00:00
180847,ELLAHLAKES,2022-08-24,4.0,,,4.0,0,2026-04-08T03:55:23.644905+00:00
180960,ELLAHLAKES,2022-08-25,4.0,,,4.0,100,2026-04-08T03:55:26.062264+00:00
181073,ELLAHLAKES,2022-08-26,3.6,,,3.6,348200,2026-04-08T03:55:28.378019+00:00
181186,ELLAHLAKES,2022-08-29,3.6,,,3.6,17751,2026-04-08T03:55:33.185942+00:00
181299,ELLAHLAKES,2022-08-30,3.6,,,3.6,26000,2026-04-08T03:55:35.909469+00:00
181412,ELLAHLAKES,2022-08-31,3.6,,,3.6,20630,2026-04-08T03:55:38.363566+00:00
181525,ELLAHLAKES,2022-09-01,3.6,,,3.6,120300,2026-04-08T03:55:40.868139+00:00
181638,ELLAHLAKES,2022-09-02,3.6,,,3.6,0,2026-04-08T03:55:43.232165+00:00
181751,ELLAHLAKES,2022-09-05,3.6,,,3.6,6407,2026-04-08T03:55:48.110555+00:00
181864,ELLAHLAKES,2022-09-06,3.6,,,3.6,591457,2026-04-08T03:55:50.526892+00:00
181977,ELLAHLAKES,2022-09-07,3.6,,,3.6,18979,2026-04-08T03:55:53.051287+00:00
182090,ELLAHLAKES,2022-09-08,3.6,,,3.6,6164,2026-04-08T03:55:55.74031+00:00
182203,ELLAHLAKES,2022-09-09,3.6,,,3.6,12439,2026-04-08T03:55:58.848563+00:00
182316,ELLAHLAKES,2022-09-12,3.6,,,3.6,155,2026-04-08T03:56:03.370953+00:00
182429,ELLAHLAKES,2022-09-13,3.6,,,3.6,3067,2026-04-08T03:56:05.83654+00:00
182542,ELLAHLAKES,2022-09-14,3.6,,,3.6,966,2026-04-08T03:56:08.091672+00:00
182655,ELLAHLAKES,2022-09-16,3.6,,,3.6,2641,2026-04-08T03:56:11.4683+00:00
182768,ELLAHLAKES,2022-09-19,3.6,,,3.6,15854,2026-04-08T03:56:15.923342+00:00
182881,ELLAHLAKES,2022-09-20,3.6,,,3.6,0,2026-04-08T03:56:18.184056+00:00
182994,ELLAHLAKES,2022-09-21,3.6,,,3.6,431,2026-04-08T03:56:20.42724+00:00
183107,ELLAHLAKES,2022-09-22,3.6,,,3.6,58,2026-04-08T03:56:22.767495+00:00
183220,ELLAHLAKES,2022-09-23,3.6,,,3.6,0,2026-04-08T03:56:25.066978+00:00
183333,ELLAHLAKES,2022-09-26,3.6,,,3.6,25000,2026-04-08T03:56:29.379703+00:00
183446,ELLAHLAKES,2022-09-28,3.6,,,3.6,150,2026-04-08T03:56:32.717753+00:00
183559,ELLAHLAKES,2022-09-29,3.6,,,3.6,0,2026-04-08T03:56:35.489047+00:00
183672,ELLAHLAKES,2022-09-30,3.6,,,3.6,600,2026-04-08T03:56:37.947618+00:00
183785,ELLAHLAKES,2022-10-05,3.6,,,3.6,113,2026-04-08T03:56:44.538147+00:00
183899,ELLAHLAKES,2022-10-06,3.6,,,3.6,72,2026-04-08T03:56:46.932693+00:00
184013,ELLAHLAKES,2022-10-07,3.6,,,3.6,79949,2026-04-08T03:56:49.334037+00:00
184127,ELLAHLAKES,2022-10-11,3.6,,,3.6,215163,2026-04-08T03:56:55.029281+00:00
184241,ELLAHLAKES,2022-10-12,3.6,,,3.6,95492,2026-04-08T03:56:58.300033+00:00
184355,ELLAHLAKES,2022-10-13,3.6,,,3.6,17550,2026-04-08T03:57:00.825788+00:00
184469,ELLAHLAKES,2022-10-14,3.6,,,3.6,100,2026-04-08T03:57:03.298348+00:00
184583,ELLAHLAKES,2022-10-17,3.6,,,3.6,0,2026-04-08T03:57:07.885609+00:00
184697,ELLAHLAKES,2022-10-18,3.6,,,3.6,100,2026-04-08T03:57:10.303346+00:00
184811,ELLAHLAKES,2022-10-19,3.6,,,3.6,0,2026-04-08T03:57:12.819589+00:00
184925,ELLAHLAKES,2022-10-20,3.6,,,3.6,85000,2026-04-08T03:57:15.111185+00:00
185039,ELLAHLAKES,2022-10-21,3.6,,,3.6,10100,2026-04-08T03:57:17.499968+00:00
185153,ELLAHLAKES,2022-10-24,3.6,,,3.6,3000,2026-04-08T03:57:21.686266+00:00
185267,ELLAHLAKES,2022-10-26,3.6,,,3.6,81160,2026-04-08T03:57:24.913682+00:00
185381,ELLAHLAKES,2022-10-27,3.6,,,3.6,48550,2026-04-08T03:57:27.260544+00:00
185495,ELLAHLAKES,2022-10-28,3.6,,,3.6,0,2026-04-08T03:57:29.835926+00:00
185609,ELLAHLAKES,2022-10-31,3.6,,,3.6,125174,2026-04-08T03:57:34.21591+00:00
185723,ELLAHLAKES,2022-11-01,3.6,,,3.6,0,2026-04-08T03:57:36.609373+00:00
185837,ELLAHLAKES,2022-11-02,3.6,,,3.6,25,2026-04-08T03:57:39.066556+00:00
185951,ELLAHLAKES,2022-11-03,3.6,,,3.6,0,2026-04-08T03:57:41.442199+00:00
186065,ELLAHLAKES,2022-11-04,3.6,,,3.6,10452,2026-04-08T03:57:43.70904+00:00
186179,ELLAHLAKES,2022-11-08,3.6,,,3.6,0,2026-04-08T03:57:49.123122+00:00
186293,ELLAHLAKES,2022-11-09,3.6,,,3.6,0,2026-04-08T03:57:51.464602+00:00
186407,ELLAHLAKES,2022-11-10,3.6,,,3.6,0,2026-04-08T03:57:54.291842+00:00
186521,ELLAHLAKES,2022-11-11,3.6,,,3.6,300,2026-04-08T03:57:56.704911+00:00
186635,ELLAHLAKES,2022-11-14,3.6,,,3.6,8200,2026-04-08T03:58:01.331373+00:00
186749,ELLAHLAKES,2022-11-15,3.6,,,3.6,0,2026-04-08T03:58:03.6444+00:00
186863,ELLAHLAKES,2022-11-16,3.6,,,3.6,115500,2026-04-08T03:58:06.118311+00:00
186977,ELLAHLAKES,2022-11-17,3.6,,,3.6,0,2026-04-08T03:58:08.47049+00:00
187091,ELLAHLAKES,2022-11-18,3.6,,,3.6,0,2026-04-08T03:58:10.955275+00:00
187205,ELLAHLAKES,2022-11-21,3.6,,,3.6,0,2026-04-08T03:58:15.672507+00:00
187319,ELLAHLAKES,2022-11-22,3.6,,,3.6,11913,2026-04-08T03:58:18.170118+00:00
187433,ELLAHLAKES,2022-11-24,3.6,,,3.6,194,2026-04-08T03:58:21.692503+00:00
187547,ELLAHLAKES,2022-11-25,3.6,,,3.6,0,2026-04-08T03:58:24.033539+00:00
187661,ELLAHLAKES,2022-11-28,3.6,,,3.6,50000,2026-04-08T03:58:28.532723+00:00
187775,ELLAHLAKES,2022-11-29,3.6,,,3.6,0,2026-04-08T03:58:30.983113+00:00
187889,ELLAHLAKES,2022-11-30,3.6,,,3.6,0,2026-04-08T03:58:33.448849+00:00
188003,ELLAHLAKES,2022-12-01,3.6,,,3.6,1947,2026-04-08T03:58:35.664261+00:00
188117,ELLAHLAKES,2022-12-02,3.6,,,3.6,34594,2026-04-08T03:58:37.897027+00:00
188231,ELLAHLAKES,2022-12-05,3.6,,,3.6,0,2026-04-08T03:58:42.456795+00:00
188345,ELLAHLAKES,2022-12-06,3.6,,,3.6,0,2026-04-08T03:58:44.756119+00:00
188459,ELLAHLAKES,2022-12-07,3.6,,,3.6,179937,2026-04-08T03:58:47.196669+00:00
188573,ELLAHLAKES,2022-12-08,3.6,,,3.6,51890,2026-04-08T03:58:49.52806+00:00
188687,ELLAHLAKES,2022-12-09,3.6,,,3.6,100,2026-04-08T03:58:51.902427+00:00
188801,ELLAHLAKES,2022-12-12,3.6,,,3.6,121,2026-04-08T03:58:56.156124+00:00
188915,ELLAHLAKES,2022-12-13,3.6,,,3.6,36421,2026-04-08T03:58:58.485404+00:00
189029,ELLAHLAKES,2022-12-14,3.6,,,3.6,0,2026-04-08T03:59:00.851945+00:00
189143,ELLAHLAKES,2022-12-15,3.6,,,3.6,4300,2026-04-08T03:59:03.086647+00:00
189257,ELLAHLAKES,2022-12-16,3.6,,,3.6,0,2026-04-08T03:59:05.5442+00:00
189371,ELLAHLAKES,2022-12-19,3.6,,,3.6,0,2026-04-08T03:59:09.806719+00:00
189485,ELLAHLAKES,2022-12-20,3.6,,,3.6,0,2026-04-08T03:59:12.630732+00:00
189599,ELLAHLAKES,2022-12-21,3.6,,,3.6,18250,2026-04-08T03:59:14.990319+00:00
189713,ELLAHLAKES,2022-12-22,3.6,,,3.6,0,2026-04-08T03:59:17.229229+00:00
189827,ELLAHLAKES,2022-12-23,3.6,,,3.6,0,2026-04-08T03:59:19.674012+00:00
189941,ELLAHLAKES,2022-12-28,3.6,,,3.6,46900,2026-04-08T03:59:26.406492+00:00
190055,ELLAHLAKES,2022-12-30,3.6,,,3.6,0,2026-04-08T03:59:29.796579+00:00
190169,ELLAHLAKES,2023-01-04,3.6,,,3.6,50000,2026-04-08T03:59:36.276207+00:00
190283,ELLAHLAKES,2023-01-05,3.6,,,3.6,155674,2026-04-08T03:59:38.771807+00:00
190397,ELLAHLAKES,2023-01-06,3.6,,,3.6,7500,2026-04-08T03:59:41.229635+00:00
190511,ELLAHLAKES,2023-01-09,3.6,,,3.6,0,2026-04-08T03:59:45.608271+00:00
190625,ELLAHLAKES,2023-01-10,3.6,,,3.6,0,2026-04-08T03:59:47.862187+00:00
190739,ELLAHLAKES,2023-01-11,3.6,,,3.6,27,2026-04-08T03:59:50.211712+00:00
190853,ELLAHLAKES,2023-01-12,3.96,,,3.96,779200,2026-04-08T03:59:52.676239+00:00
190967,ELLAHLAKES,2023-01-13,3.96,,,3.96,191773,2026-04-08T03:59:55.073566+00:00
191081,ELLAHLAKES,2023-01-17,3.96,,,3.96,128110,2026-04-08T04:00:00.52991+00:00
191195,ELLAHLAKES,2023-01-18,3.96,,,3.96,51941,2026-04-08T04:00:02.930508+00:00
191309,ELLAHLAKES,2023-01-19,3.96,,,3.96,3350,2026-04-08T04:00:05.157464+00:00
191423,ELLAHLAKES,2023-01-20,3.96,,,3.96,24000,2026-04-08T04:00:07.441529+00:00
191537,ELLAHLAKES,2023-01-23,3.96,,,3.96,22915,2026-04-08T04:00:11.934625+00:00
191651,ELLAHLAKES,2023-01-24,3.96,,,3.96,9374,2026-04-08T04:00:14.448563+00:00
191765,ELLAHLAKES,2023-01-25,3.96,,,3.96,0,2026-04-08T04:00:16.660222+00:00
191879,ELLAHLAKES,2023-01-26,3.96,,,3.96,35,2026-04-08T04:00:19.02129+00:00
191993,ELLAHLAKES,2023-01-27,3.96,,,3.96,5758,2026-04-08T04:00:21.366865+00:00
192107,ELLAHLAKES,2023-01-30,3.96,,,3.96,7600,2026-04-08T04:00:26.318741+00:00
192221,ELLAHLAKES,2023-01-31,3.96,,,3.96,3700,2026-04-08T04:00:28.560212+00:00
192335,ELLAHLAKES,2023-02-06,3.96,,,3.96,2539,2026-04-08T04:00:36.14931+00:00
192449,ELLAHLAKES,2023-02-07,3.96,,,3.96,252,2026-04-08T04:00:38.379875+00:00
192563,ELLAHLAKES,2023-02-08,3.96,,,3.96,121,2026-04-08T04:00:40.736361+00:00
192677,ELLAHLAKES,2023-02-09,3.96,,,3.96,7891,2026-04-08T04:00:43.03687+00:00
192791,ELLAHLAKES,2023-02-10,3.96,,,3.96,1440,2026-04-08T04:00:46.517744+00:00
192905,ELLAHLAKES,2023-02-13,3.96,,,3.96,5760,2026-04-08T04:00:50.958429+00:00
193019,ELLAHLAKES,2023-02-14,3.96,,,3.96,0,2026-04-08T04:00:53.400398+00:00
193133,ELLAHLAKES,2023-02-15,3.96,,,3.96,201,2026-04-08T04:00:55.645789+00:00
193247,ELLAHLAKES,2023-02-16,3.96,,,3.96,3310,2026-04-08T04:00:58.043326+00:00
193361,ELLAHLAKES,2023-02-17,3.96,,,3.96,0,2026-04-08T04:01:00.355798+00:00
193475,ELLAHLAKES,2023-02-20,3.96,,,3.96,11150,2026-04-08T04:01:04.633293+00:00
193589,ELLAHLAKES,2023-02-21,3.96,,,3.96,0,2026-04-08T04:01:06.910783+00:00
193703,ELLAHLAKES,2023-02-22,3.96,,,3.96,0,2026-04-08T04:01:09.421576+00:00
193817,ELLAHLAKES,2023-02-23,3.96,,,3.96,0,2026-04-08T04:01:11.765387+00:00
193931,ELLAHLAKES,2023-02-24,3.96,,,3.96,4300,2026-04-08T04:01:14.12415+00:00
194045,ELLAHLAKES,2023-02-27,3.96,,,3.96,0,2026-04-08T04:01:18.463572+00:00
194159,ELLAHLAKES,2023-02-28,3.96,,,3.96,0,2026-04-08T04:01:20.671303+00:00
194273,ELLAHLAKES,2023-03-01,3.96,,,3.96,0,2026-04-08T04:01:23.068989+00:00
194387,ELLAHLAKES,2023-03-02,3.96,,,3.96,100,2026-04-08T04:01:25.352172+00:00
194501,ELLAHLAKES,2023-03-03,3.96,,,3.96,0,2026-04-08T04:01:27.716711+00:00
194615,ELLAHLAKES,2023-03-06,3.96,,,3.96,1385,2026-04-08T04:01:32.392486+00:00
194729,ELLAHLAKES,2023-03-07,3.96,,,3.96,0,2026-04-08T04:01:34.845095+00:00
194843,ELLAHLAKES,2023-03-08,3.96,,,3.96,15334,2026-04-08T04:01:37.261757+00:00
194957,ELLAHLAKES,2023-03-09,3.96,,,3.96,0,2026-04-08T04:01:39.987396+00:00
195071,ELLAHLAKES,2023-03-13,3.96,,,3.96,2970,2026-04-08T04:01:45.627511+00:00
195185,ELLAHLAKES,2023-03-14,3.96,,,3.96,6186,2026-04-08T04:01:48.257383+00:00
195299,ELLAHLAKES,2023-03-15,3.96,,,3.96,10,2026-04-08T04:01:50.627346+00:00
195413,ELLAHLAKES,2023-03-16,3.96,,,3.96,1,2026-04-08T04:01:53.062383+00:00
195527,ELLAHLAKES,2023-03-17,3.96,,,3.96,0,2026-04-08T04:01:55.701252+00:00
195641,ELLAHLAKES,2023-03-20,3.96,,,3.96,0,2026-04-08T04:01:59.933448+00:00
195755,ELLAHLAKES,2023-03-22,3.96,,,3.96,0,2026-04-08T04:02:03.467012+00:00
195869,ELLAHLAKES,2023-03-23,3.96,,,3.96,0,2026-04-08T04:02:05.929911+00:00
195983,ELLAHLAKES,2023-03-24,3.96,,,3.96,13270,2026-04-08T04:02:08.248632+00:00
196097,ELLAHLAKES,2023-03-27,3.96,,,3.96,0,2026-04-08T04:02:12.564733+00:00
196211,ELLAHLAKES,2023-03-28,3.96,,,3.96,0,2026-04-08T04:02:14.764209+00:00
196325,ELLAHLAKES,2023-03-29,3.96,,,3.96,2775,2026-04-08T04:02:17.140393+00:00
196439,ELLAHLAKES,2023-03-30,3.96,,,3.96,1290,2026-04-08T04:02:19.470716+00:00
196553,ELLAHLAKES,2023-03-31,3.96,,,3.96,0,2026-04-08T04:02:21.739047+00:00
196667,ELLAHLAKES,2023-04-03,3.96,,,3.96,0,2026-04-08T04:02:26.060346+00:00
196781,ELLAHLAKES,2023-04-04,3.96,,,3.96,0,2026-04-08T04:02:28.444728+00:00
196895,ELLAHLAKES,2023-04-05,3.96,,,3.96,0,2026-04-08T04:02:30.864627+00:00
197009,ELLAHLAKES,2023-04-06,3.96,,,3.96,0,2026-04-08T04:02:33.239626+00:00
197123,ELLAHLAKES,2023-04-11,3.96,,,3.96,9300,2026-04-08T04:02:39.320239+00:00
197237,ELLAHLAKES,2023-04-12,3.96,,,3.96,11900,2026-04-08T04:02:41.643197+00:00
197351,ELLAHLAKES,2023-04-13,3.96,,,3.96,0,2026-04-08T04:02:44.360634+00:00
197465,ELLAHLAKES,2023-04-14,3.96,,,3.96,83935,2026-04-08T04:02:47.093001+00:00
197579,ELLAHLAKES,2023-04-17,3.96,,,3.96,0,2026-04-08T04:02:52.113012+00:00
197693,ELLAHLAKES,2023-04-18,3.96,,,3.96,0,2026-04-08T04:02:54.97501+00:00
197807,ELLAHLAKES,2023-04-19,3.96,,,3.96,0,2026-04-08T04:02:57.648371+00:00
197921,ELLAHLAKES,2023-04-20,3.96,,,3.96,0,2026-04-08T04:03:00.087899+00:00
198035,ELLAHLAKES,2023-04-25,3.96,,,3.96,11300,2026-04-08T04:03:06.320111+00:00
198149,ELLAHLAKES,2023-04-26,3.96,,,3.96,0,2026-04-08T04:03:08.704488+00:00
198263,ELLAHLAKES,2023-04-27,3.96,,,3.96,0,2026-04-08T04:03:11.176222+00:00
198377,ELLAHLAKES,2023-04-28,3.96,,,3.96,0,2026-04-08T04:03:13.757457+00:00
198491,ELLAHLAKES,2023-05-03,3.96,,,3.96,11000,2026-04-08T04:03:20.258962+00:00
198605,ELLAHLAKES,2023-05-04,3.96,,,3.96,6100,2026-04-08T04:03:22.719511+00:00
198719,ELLAHLAKES,2023-05-08,3.96,,,3.96,50000,2026-04-08T04:03:29.045349+00:00
198833,ELLAHLAKES,2023-05-09,3.96,,,3.96,0,2026-04-08T04:03:32.620003+00:00
198947,ELLAHLAKES,2023-05-12,3.96,,,3.96,500,2026-04-08T04:03:37.286216+00:00
199061,ELLAHLAKES,2023-05-15,4.0,,,4.0,253493,2026-04-08T04:03:41.825544+00:00
199175,ELLAHLAKES,2023-05-16,4.0,,,4.0,96185,2026-04-08T04:03:44.244464+00:00
199289,ELLAHLAKES,2023-05-17,4.0,,,4.0,64000,2026-04-08T04:03:46.492518+00:00
199403,ELLAHLAKES,2023-05-18,4.0,,,4.0,175,2026-04-08T04:03:48.752249+00:00
199517,ELLAHLAKES,2023-05-19,4.0,,,4.0,50020,2026-04-08T04:03:51.139215+00:00
199631,ELLAHLAKES,2023-05-22,4.0,,,4.0,433800,2026-04-08T04:03:55.484935+00:00
199745,ELLAHLAKES,2023-05-23,4.0,,,4.0,3350,2026-04-08T04:03:57.886867+00:00
199859,ELLAHLAKES,2023-05-24,4.0,,,4.0,41,2026-04-08T04:04:00.334047+00:00
199973,ELLAHLAKES,2023-05-25,4.0,,,4.0,65000,2026-04-08T04:04:02.79018+00:00
200087,ELLAHLAKES,2023-05-26,4.0,,,4.0,70000,2026-04-08T04:04:05.139052+00:00
200201,ELLAHLAKES,2023-05-30,4.0,,,4.0,6102,2026-04-08T04:04:11.011702+00:00
200315,ELLAHLAKES,2023-06-01,4.0,,,4.0,145035,2026-04-08T04:04:14.390605+00:00
200429,ELLAHLAKES,2023-06-02,4.0,,,4.0,9,2026-04-08T04:04:16.732653+00:00
200543,ELLAHLAKES,2023-06-05,4.0,,,4.0,140265,2026-04-08T04:04:21.343031+00:00
200657,ELLAHLAKES,2023-06-06,4.0,,,4.0,200025,2026-04-08T04:04:23.98223+00:00
200771,ELLAHLAKES,2023-06-07,4.0,,,4.0,20050,2026-04-08T04:04:26.507718+00:00
200885,ELLAHLAKES,2023-06-08,4.0,,,4.0,117450,2026-04-08T04:04:29.08401+00:00
200999,ELLAHLAKES,2023-06-09,4.0,,,4.0,85739,2026-04-08T04:04:31.44664+00:00
201113,ELLAHLAKES,2023-06-13,3.6,,,3.6,162216,2026-04-08T04:04:36.862505+00:00
201227,ELLAHLAKES,2023-06-14,3.6,,,3.6,10700,2026-04-08T04:04:39.320552+00:00
201341,ELLAHLAKES,2023-06-15,3.6,,,3.6,100504,2026-04-08T04:04:41.673534+00:00
201455,ELLAHLAKES,2023-06-16,3.6,,,3.6,21278,2026-04-08T04:04:44.052846+00:00
201569,ELLAHLAKES,2023-06-19,3.24,,,3.24,286755,2026-04-08T04:04:48.541112+00:00
201683,ELLAHLAKES,2023-06-20,3.24,,,3.24,35000,2026-04-08T04:04:51.378552+00:00
201797,ELLAHLAKES,2023-06-21,3.24,,,3.24,94469,2026-04-08T04:04:53.764277+00:00
201911,ELLAHLAKES,2023-06-22,3.24,,,3.24,90000,2026-04-08T04:04:56.145117+00:00
202025,ELLAHLAKES,2023-06-26,3.24,,,3.24,4456,2026-04-08T04:05:01.671465+00:00
202139,ELLAHLAKES,2023-06-30,3.56,,,3.56,218461,2026-04-08T04:05:07.377697+00:00
202253,ELLAHLAKES,2023-07-03,3.56,,,3.56,123777,2026-04-08T04:05:11.758079+00:00
202367,ELLAHLAKES,2023-07-04,3.56,,,3.56,438340,2026-04-08T04:05:14.17436+00:00
202481,ELLAHLAKES,2023-07-05,3.56,,,3.56,5028,2026-04-08T04:05:16.577423+00:00
202595,ELLAHLAKES,2023-07-06,3.56,,,3.56,519343,2026-04-08T04:05:19.075393+00:00
202709,ELLAHLAKES,2023-07-07,3.56,,,3.56,525337,2026-04-08T04:05:21.415756+00:00
202823,ELLAHLAKES,2023-07-10,3.56,,,3.56,76080,2026-04-08T04:05:26.355595+00:00
202937,ELLAHLAKES,2023-07-11,3.56,,,3.56,216693,2026-04-08T04:05:28.903538+00:00
203051,ELLAHLAKES,2023-07-12,3.56,,,3.56,111,2026-04-08T04:05:31.299012+00:00
203165,ELLAHLAKES,2023-07-14,3.56,,,3.56,0,2026-04-08T04:05:34.698751+00:00
203279,ELLAHLAKES,2023-07-17,3.56,,,3.56,101130,2026-04-08T04:05:39.139368+00:00
203393,ELLAHLAKES,2023-07-19,3.9,,,3.9,882962,2026-04-08T04:05:42.577032+00:00
203507,ELLAHLAKES,2023-07-20,4.0,,,4.0,1938784,2026-04-08T04:05:45.122849+00:00
203621,ELLAHLAKES,2023-07-21,4.36,,,4.36,400934,2026-04-08T04:05:47.594805+00:00
203735,ELLAHLAKES,2023-07-24,3.93,,,3.93,1838319,2026-04-08T04:05:52.167161+00:00
203849,ELLAHLAKES,2023-07-25,3.93,,,3.93,5070,2026-04-08T04:05:54.602351+00:00
203963,ELLAHLAKES,2023-07-26,3.93,,,3.93,1160,2026-04-08T04:05:57.515236+00:00
204077,ELLAHLAKES,2023-07-27,3.93,,,3.93,35820,2026-04-08T04:05:59.880161+00:00
204191,ELLAHLAKES,2023-07-28,3.93,,,3.93,0,2026-04-08T04:06:02.220136+00:00
204305,ELLAHLAKES,2023-07-31,3.93,,,3.93,7700,2026-04-08T04:06:06.790851+00:00
204419,ELLAHLAKES,2023-08-02,3.54,,,3.54,560,2026-04-08T04:06:10.326378+00:00
204533,ELLAHLAKES,2023-08-03,3.78,,,3.78,1867951,2026-04-08T04:06:12.834218+00:00
204647,ELLAHLAKES,2023-08-04,3.78,,,3.78,1215,2026-04-08T04:06:15.200886+00:00
204761,ELLAHLAKES,2023-08-07,3.78,,,3.78,112240,2026-04-08T04:06:19.871718+00:00
204875,ELLAHLAKES,2023-08-08,3.78,,,3.78,1500,2026-04-08T04:06:22.245918+00:00
204989,ELLAHLAKES,2023-08-09,3.78,,,3.78,3571,2026-04-08T04:06:24.635943+00:00
205103,ELLAHLAKES,2023-08-10,3.78,,,3.78,204350,2026-04-08T04:06:27.035398+00:00
205217,ELLAHLAKES,2023-08-11,3.78,,,3.78,3,2026-04-08T04:06:29.455701+00:00
205331,ELLAHLAKES,2023-08-14,3.78,,,3.78,66880,2026-04-08T04:06:33.923569+00:00
205445,ELLAHLAKES,2023-08-15,3.78,,,3.78,631,2026-04-08T04:06:36.358161+00:00
205559,ELLAHLAKES,2023-08-16,3.78,,,3.78,631,2026-04-08T04:06:38.679915+00:00
205673,ELLAHLAKES,2023-08-17,3.78,,,3.78,239519,2026-04-08T04:06:40.998805+00:00
205787,ELLAHLAKES,2023-08-18,3.78,,,3.78,1100,2026-04-08T04:06:43.468275+00:00
205901,ELLAHLAKES,2023-08-21,3.78,,,3.78,3000,2026-04-08T04:06:47.688711+00:00
206015,ELLAHLAKES,2023-08-24,3.78,,,3.78,184052,2026-04-08T04:06:51.989424+00:00
206129,ELLAHLAKES,2023-08-25,3.78,,,3.78,25000,2026-04-08T04:06:54.38475+00:00
206243,ELLAHLAKES,2023-08-28,3.78,,,3.78,1351,2026-04-08T04:06:59.310949+00:00
206357,ELLAHLAKES,2023-08-29,3.5,,,3.5,229598,2026-04-08T04:07:01.613742+00:00
206471,ELLAHLAKES,2023-08-30,3.5,,,3.5,10871,2026-04-08T04:07:03.820209+00:00
206585,ELLAHLAKES,2023-09-01,3.5,,,3.5,74701,2026-04-08T04:07:07.195585+00:00
206699,ELLAHLAKES,2023-09-04,3.5,,,3.5,520,2026-04-08T04:07:11.730996+00:00
206813,ELLAHLAKES,2023-09-05,3.5,,,3.5,9442,2026-04-08T04:07:14.175893+00:00
206927,ELLAHLAKES,2023-09-06,3.5,,,3.5,36590,2026-04-08T04:07:16.66229+00:00
207041,ELLAHLAKES,2023-09-07,3.5,,,3.5,11399,2026-04-08T04:07:19.134101+00:00
207155,ELLAHLAKES,2023-09-08,3.5,,,3.5,980,2026-04-08T04:07:21.445908+00:00
207269,ELLAHLAKES,2023-09-11,3.5,,,3.5,7044,2026-04-08T04:07:26.133096+00:00
207383,ELLAHLAKES,2023-09-12,3.5,,,3.5,30841,2026-04-08T04:07:28.57479+00:00
207497,ELLAHLAKES,2023-09-13,3.3,,,3.3,101552,2026-04-08T04:07:30.890589+00:00
207611,ELLAHLAKES,2023-09-14,3.3,,,3.3,0,2026-04-08T04:07:33.324455+00:00
207725,ELLAHLAKES,2023-09-15,3.3,,,3.3,700,2026-04-08T04:07:35.74244+00:00
207839,ELLAHLAKES,2023-09-18,3.3,,,3.3,50040,2026-04-08T04:07:40.292184+00:00
207953,ELLAHLAKES,2023-09-19,3.63,,,3.63,505392,2026-04-08T04:07:42.606346+00:00
208067,ELLAHLAKES,2023-09-20,3.96,,,3.96,257417,2026-04-08T04:07:45.004042+00:00
208181,ELLAHLAKES,2023-09-21,3.96,,,3.96,295435,2026-04-08T04:07:47.370085+00:00
208295,ELLAHLAKES,2023-09-22,4.25,,,4.25,679002,2026-04-08T04:07:49.898567+00:00
208409,ELLAHLAKES,2023-09-25,4.08,,,4.08,512865,2026-04-08T04:07:54.305125+00:00
208523,ELLAHLAKES,2023-09-28,4.08,,,4.08,1010,2026-04-08T04:07:58.898315+00:00
208637,ELLAHLAKES,2023-09-29,4.08,,,4.08,2220,2026-04-08T04:08:01.279649+00:00
208751,ELLAHLAKES,2023-10-03,4.08,,,4.08,0,2026-04-08T04:08:06.721549+00:00
208865,ELLAHLAKES,2023-10-04,4.08,,,4.08,230240,2026-04-08T04:08:09.042741+00:00
208979,ELLAHLAKES,2023-10-05,4.0,,,4.0,19018766,2026-04-08T04:08:11.600182+00:00
209093,ELLAHLAKES,2023-10-06,3.97,,,3.97,19560618,2026-04-08T04:08:14.22861+00:00
209208,ELLAHLAKES,2023-10-09,3.97,,,3.97,199450,2026-04-08T04:08:18.740555+00:00
209323,ELLAHLAKES,2023-10-10,3.97,,,3.97,103380,2026-04-08T04:08:21.390436+00:00
209438,ELLAHLAKES,2023-10-12,3.97,,,3.97,2156,2026-04-08T04:08:24.861957+00:00
209553,ELLAHLAKES,2023-10-13,4.35,,,4.35,1420100,2026-04-08T04:08:27.376596+00:00
209668,ELLAHLAKES,2023-10-16,4.35,,,4.35,64868,2026-04-08T04:08:32.388707+00:00
209783,ELLAHLAKES,2023-10-17,4.0,,,4.0,374233,2026-04-08T04:08:34.738576+00:00
209898,ELLAHLAKES,2023-10-19,4.0,,,4.0,20195190,2026-04-08T04:08:38.671249+00:00
210013,ELLAHLAKES,2023-10-20,4.0,,,4.0,917870,2026-04-08T04:08:40.967521+00:00
210128,ELLAHLAKES,2023-10-23,4.0,,,4.0,833690,2026-04-08T04:08:45.440193+00:00
210243,ELLAHLAKES,2023-10-24,4.0,,,4.0,13152,2026-04-08T04:08:47.71675+00:00
210358,ELLAHLAKES,2023-10-25,3.94,,,3.94,7501952,2026-04-08T04:08:50.022319+00:00
210473,ELLAHLAKES,2023-10-26,3.88,,,3.88,1932709,2026-04-08T04:08:52.472279+00:00
210588,ELLAHLAKES,2023-10-27,3.88,,,3.88,1425337,2026-04-08T04:08:54.778052+00:00
210703,ELLAHLAKES,2023-10-30,3.87,,,3.87,4054125,2026-04-08T04:08:59.45056+00:00
210818,ELLAHLAKES,2023-10-31,3.5,,,3.5,709448,2026-04-08T04:09:01.914254+00:00
210933,ELLAHLAKES,2023-11-01,3.5,,,3.5,3169717,2026-04-08T04:09:04.386399+00:00
211048,ELLAHLAKES,2023-11-02,3.59,,,3.59,3751026,2026-04-08T04:09:06.696264+00:00
211163,ELLAHLAKES,2023-11-03,3.59,,,3.59,576989,2026-04-08T04:09:09.071615+00:00
211278,ELLAHLAKES,2023-11-06,3.59,,,3.59,2798400,2026-04-08T04:09:13.59419+00:00
211393,ELLAHLAKES,2023-11-07,3.59,,,3.59,6691045,2026-04-08T04:09:15.923939+00:00
211509,ELLAHLAKES,2023-11-08,3.59,,,3.59,781718,2026-04-08T04:09:18.177895+00:00
211625,ELLAHLAKES,2023-11-09,3.59,,,3.59,1023,2026-04-08T04:09:20.462573+00:00
211741,ELLAHLAKES,2023-11-10,3.59,,,3.59,6100,2026-04-08T04:09:22.644841+00:00
211857,ELLAHLAKES,2023-11-13,3.58,,,3.58,790761,2026-04-08T04:09:27.404692+00:00
211973,ELLAHLAKES,2023-11-14,3.58,,,3.58,1901125,2026-04-08T04:09:29.775588+00:00
212089,ELLAHLAKES,2023-11-15,3.8,,,3.8,4075945,2026-04-08T04:09:32.378304+00:00
212205,ELLAHLAKES,2023-11-16,3.5,,,3.5,821782,2026-04-08T04:09:34.916677+00:00
212321,ELLAHLAKES,2023-11-17,3.78,,,3.78,1887352,2026-04-08T04:09:37.378105+00:00
212437,ELLAHLAKES,2023-11-20,3.78,,,3.78,2551474,2026-04-08T04:09:41.830835+00:00
212553,ELLAHLAKES,2023-11-21,3.74,,,3.74,6056540,2026-04-08T04:09:44.211025+00:00
212669,ELLAHLAKES,2023-11-22,3.74,,,3.74,8006895,2026-04-08T04:09:46.526636+00:00
212785,ELLAHLAKES,2023-11-23,3.37,,,3.37,1542533,2026-04-08T04:09:48.793806+00:00
212901,ELLAHLAKES,2023-11-27,3.4,,,3.4,280921,2026-04-08T04:09:54.316732+00:00
213018,ELLAHLAKES,2023-11-28,3.18,,,3.18,8814756,2026-04-08T04:09:57.050116+00:00
213135,ELLAHLAKES,2023-11-29,3.34,,,3.34,906670,2026-04-08T04:09:59.54407+00:00
213252,ELLAHLAKES,2023-11-30,3.18,,,3.18,1491706,2026-04-08T04:10:01.973818+00:00
213369,ELLAHLAKES,2023-12-01,3.13,,,3.13,2855028,2026-04-08T04:10:04.46052+00:00
213486,ELLAHLAKES,2023-12-04,3.19,,,3.19,1688939,2026-04-08T04:10:08.793495+00:00
213603,ELLAHLAKES,2023-12-05,3.27,,,3.27,1188576,2026-04-08T04:10:11.104733+00:00
213720,ELLAHLAKES,2023-12-06,3.27,,,3.27,517216,2026-04-08T04:10:13.383432+00:00
213837,ELLAHLAKES,2023-12-08,3.22,,,3.22,382945,2026-04-08T04:10:16.965057+00:00
213954,ELLAHLAKES,2023-12-11,3.22,,,3.22,493344,2026-04-08T04:10:21.350621+00:00
214071,ELLAHLAKES,2023-12-12,3.22,,,3.22,381188,2026-04-08T04:10:23.843731+00:00
214188,ELLAHLAKES,2023-12-13,3.22,,,3.22,148686,2026-04-08T04:10:26.19208+00:00
214305,ELLAHLAKES,2023-12-14,3.22,,,3.22,676893,2026-04-08T04:10:28.64956+00:00
214422,ELLAHLAKES,2023-12-15,3.22,,,3.22,988599,2026-04-08T04:10:31.179138+00:00
214539,ELLAHLAKES,2023-12-18,3.22,,,3.22,59776,2026-04-08T04:10:35.879044+00:00
214656,ELLAHLAKES,2023-12-19,3.22,,,3.22,204498,2026-04-08T04:10:38.280823+00:00
214773,ELLAHLAKES,2023-12-20,3.22,,,3.22,302650,2026-04-08T04:10:40.523028+00:00
214890,ELLAHLAKES,2023-12-21,2.9,,,2.9,905641,2026-04-08T04:10:42.873875+00:00
215007,ELLAHLAKES,2023-12-28,2.9,,,2.9,225585,2026-04-08T04:10:51.166125+00:00
215124,ELLAHLAKES,2023-12-29,2.9,,,2.9,63088,2026-04-08T04:10:53.57119+00:00
215241,ELLAHLAKES,2024-01-02,3.05,,,3.05,548257,2026-04-08T04:10:59.157783+00:00
215358,ELLAHLAKES,2024-01-03,3.0,,,3.0,23522229,2026-04-08T04:11:01.401293+00:00
215475,ELLAHLAKES,2024-01-04,3.1,,,3.1,13988315,2026-04-08T04:11:03.846312+00:00
215592,ELLAHLAKES,2024-01-05,3.05,,,3.05,6247360,2026-04-08T04:11:07.208124+00:00
215709,ELLAHLAKES,2024-01-08,3.25,,,3.25,4687239,2026-04-08T04:11:11.742656+00:00
215826,ELLAHLAKES,2024-01-09,3.57,,,3.57,5356824,2026-04-08T04:11:14.100458+00:00
215943,ELLAHLAKES,2024-01-10,3.22,,,3.22,5443290,2026-04-08T04:11:16.512964+00:00
216060,ELLAHLAKES,2024-01-11,3.3,,,3.3,4366679,2026-04-08T04:11:18.918089+00:00
216177,ELLAHLAKES,2024-01-12,3.45,,,3.45,478083,2026-04-08T04:11:21.244944+00:00
216294,ELLAHLAKES,2024-01-15,3.55,,,3.55,1668998,2026-04-08T04:11:25.674113+00:00
216411,ELLAHLAKES,2024-01-16,3.38,,,3.38,10061806,2026-04-08T04:11:28.037988+00:00
216528,ELLAHLAKES,2024-01-18,3.58,,,3.58,3212378,2026-04-08T04:11:31.337167+00:00
216645,ELLAHLAKES,2024-01-19,3.48,,,3.48,3153607,2026-04-08T04:11:38.619168+00:00
216762,ELLAHLAKES,2024-01-22,3.32,,,3.32,3321930,2026-04-08T04:11:42.948818+00:00
216879,ELLAHLAKES,2024-01-23,3.3,,,3.3,6760332,2026-04-08T04:11:45.304506+00:00
216996,ELLAHLAKES,2024-01-24,3.3,,,3.3,186046,2026-04-08T04:11:47.647942+00:00
217113,ELLAHLAKES,2024-01-25,3.3,,,3.3,696061,2026-04-08T04:11:50.11021+00:00
217230,ELLAHLAKES,2024-01-26,3.3,,,3.3,1043465,2026-04-08T04:11:52.721812+00:00
217347,ELLAHLAKES,2024-01-29,3.02,,,3.02,3572231,2026-04-08T04:11:57.440388+00:00
217464,ELLAHLAKES,2024-01-30,3.05,,,3.05,1819580,2026-04-08T04:12:00.024191+00:00
217581,ELLAHLAKES,2024-01-31,2.95,,,2.95,5874993,2026-04-08T04:12:02.433526+00:00
217698,ELLAHLAKES,2024-02-01,3.15,,,3.15,1052310,2026-04-08T04:12:04.812869+00:00
217815,ELLAHLAKES,2024-02-02,3.4,,,3.4,2048778,2026-04-08T04:12:07.232701+00:00
217932,ELLAHLAKES,2024-02-05,3.73,,,3.73,8794891,2026-04-08T04:12:11.791199+00:00
218049,ELLAHLAKES,2024-02-06,3.41,,,3.41,5000239,2026-04-08T04:12:14.363902+00:00
218166,ELLAHLAKES,2024-02-07,3.5,,,3.5,3328217,2026-04-08T04:12:16.791058+00:00
218283,ELLAHLAKES,2024-02-08,3.5,,,3.5,429395,2026-04-08T04:12:19.312026+00:00
218400,ELLAHLAKES,2024-02-09,3.21,,,3.21,1687387,2026-04-08T04:12:21.609908+00:00
218517,ELLAHLAKES,2024-02-12,3.45,,,3.45,457348,2026-04-08T04:12:25.771109+00:00
218634,ELLAHLAKES,2024-02-13,3.44,,,3.44,1903333,2026-04-08T04:12:28.061356+00:00
218751,ELLAHLAKES,2024-02-14,3.38,,,3.38,11778820,2026-04-08T04:12:30.570558+00:00
218868,ELLAHLAKES,2024-02-16,3.0,,,3.0,10503307,2026-04-08T04:12:34.036511+00:00
218985,ELLAHLAKES,2024-02-19,3.06,,,3.06,2636651,2026-04-08T04:12:38.429241+00:00
219102,ELLAHLAKES,2024-02-20,3.1,,,3.1,1052917,2026-04-08T04:12:40.813552+00:00
219219,ELLAHLAKES,2024-02-21,3.0,,,3.0,922398,2026-04-08T04:12:43.257682+00:00
219336,ELLAHLAKES,2024-02-22,3.0,,,3.0,423148,2026-04-08T04:12:45.850796+00:00
219453,ELLAHLAKES,2024-02-26,2.85,,,2.85,1840382,2026-04-08T04:12:51.18414+00:00
219570,ELLAHLAKES,2024-02-27,3.08,,,3.08,4197703,2026-04-08T04:12:53.509755+00:00
219687,ELLAHLAKES,2024-02-29,2.99,,,2.99,2151886,2026-04-08T04:12:56.822244+00:00
219804,ELLAHLAKES,2024-03-01,3.0,,,3.0,1795042,2026-04-08T04:12:59.287484+00:00
219921,ELLAHLAKES,2024-03-04,3.03,,,3.03,1821611,2026-04-08T04:13:03.814092+00:00
220039,ELLAHLAKES,2024-03-05,3.0,,,3.0,3852501,2026-04-08T04:13:06.279726+00:00
220157,ELLAHLAKES,2024-03-06,2.75,,,2.75,2687567,2026-04-08T04:13:08.558236+00:00
220275,ELLAHLAKES,2024-03-07,3.0,,,3.0,570173,2026-04-08T04:13:10.988978+00:00
220393,ELLAHLAKES,2024-03-08,3.0,,,3.0,2211923,2026-04-08T04:13:13.453006+00:00
220511,ELLAHLAKES,2024-03-11,3.29,,,3.29,3299793,2026-04-08T04:13:17.773706+00:00
220629,ELLAHLAKES,2024-03-12,3.1,,,3.1,2202780,2026-04-08T04:13:20.258657+00:00
220747,ELLAHLAKES,2024-03-13,3.26,,,3.26,2694398,2026-04-08T04:13:22.557243+00:00
220865,ELLAHLAKES,2024-03-14,3.25,,,3.25,1026576,2026-04-08T04:13:25.004754+00:00
220983,ELLAHLAKES,2024-03-15,3.19,,,3.19,1241605,2026-04-08T04:13:27.500984+00:00
221101,ELLAHLAKES,2024-03-19,3.1,,,3.1,909957,2026-04-08T04:13:32.54102+00:00
221219,ELLAHLAKES,2024-03-20,3.1,,,3.1,130636,2026-04-08T04:13:34.949661+00:00
221337,ELLAHLAKES,2024-03-21,3.1,,,3.1,392471,2026-04-08T04:13:37.293426+00:00
221455,ELLAHLAKES,2024-03-22,3.3,,,3.3,1309531,2026-04-08T04:13:39.66616+00:00
221573,ELLAHLAKES,2024-03-25,3.63,,,3.63,3759255,2026-04-08T04:13:43.964435+00:00
221691,ELLAHLAKES,2024-03-26,3.38,,,3.38,8480497,2026-04-08T04:13:46.391317+00:00
221809,ELLAHLAKES,2024-03-27,3.69,,,3.69,4315422,2026-04-08T04:13:48.795654+00:00
221927,ELLAHLAKES,2024-03-28,3.7,,,3.7,1209518,2026-04-08T04:13:51.173779+00:00
222045,ELLAHLAKES,2024-04-02,3.7,,,3.7,604949,2026-04-08T04:13:58.053067+00:00
222163,ELLAHLAKES,2024-04-03,3.7,,,3.7,411470,2026-04-08T04:14:00.66873+00:00
222281,ELLAHLAKES,2024-04-04,3.69,,,3.69,769649,2026-04-08T04:14:03.310057+00:00
222399,ELLAHLAKES,2024-04-05,3.61,,,3.61,1604090,2026-04-08T04:14:05.820809+00:00
222517,ELLAHLAKES,2024-04-12,3.5,,,3.5,3816987,2026-04-08T04:14:15.984697+00:00
222635,ELLAHLAKES,2024-04-15,3.5,,,3.5,273908,2026-04-08T04:14:20.492228+00:00
222753,ELLAHLAKES,2024-04-16,3.15,,,3.15,1417879,2026-04-08T04:14:22.958286+00:00
222871,ELLAHLAKES,2024-04-17,3.0,,,3.0,619098,2026-04-08T04:14:25.407203+00:00
222989,ELLAHLAKES,2024-04-18,3.0,,,3.0,849794,2026-04-08T04:14:27.862982+00:00
223107,ELLAHLAKES,2024-04-19,3.1,,,3.1,623333,2026-04-08T04:14:30.225092+00:00
223225,ELLAHLAKES,2024-04-22,3.1,,,3.1,160310,2026-04-08T04:14:34.624841+00:00
223343,ELLAHLAKES,2024-04-23,3.15,,,3.15,159270,2026-04-08T04:14:36.881925+00:00
223461,ELLAHLAKES,2024-04-24,3.3,,,3.3,716828,2026-04-08T04:14:39.108369+00:00
223579,ELLAHLAKES,2024-04-25,3.3,,,3.3,90991,2026-04-08T04:14:41.415412+00:00
223697,ELLAHLAKES,2024-04-26,3.2,,,3.2,315882,2026-04-08T04:14:43.709399+00:00
223815,ELLAHLAKES,2024-04-29,3.03,,,3.03,833157,2026-04-08T04:14:47.97937+00:00
223933,ELLAHLAKES,2024-04-30,3.02,,,3.02,548649,2026-04-08T04:14:50.304196+00:00
224051,ELLAHLAKES,2024-05-02,3.02,,,3.02,732706,2026-04-08T04:14:53.573612+00:00
224169,ELLAHLAKES,2024-05-03,3.32,,,3.32,3368722,2026-04-08T04:14:55.989363+00:00
224287,ELLAHLAKES,2024-05-06,3.33,,,3.33,1609695,2026-04-08T04:15:00.14873+00:00
224405,ELLAHLAKES,2024-05-07,3.5,,,3.5,1782366,2026-04-08T04:15:02.40079+00:00
224523,ELLAHLAKES,2024-05-08,3.31,,,3.31,9755695,2026-04-08T04:15:04.708287+00:00
224641,ELLAHLAKES,2024-05-09,3.3,,,3.3,12558958,2026-04-08T04:15:07.337178+00:00
224759,ELLAHLAKES,2024-05-10,3.05,,,3.05,6670460,2026-04-08T04:15:09.604775+00:00
224877,ELLAHLAKES,2024-05-13,3.05,,,3.05,374530,2026-04-08T04:15:13.907933+00:00
224995,ELLAHLAKES,2024-05-14,3.15,,,3.15,6787621,2026-04-08T04:15:16.26654+00:00
225113,ELLAHLAKES,2024-05-15,3.2,,,3.2,562000,2026-04-08T04:15:18.549958+00:00
225231,ELLAHLAKES,2024-05-16,3.3,,,3.3,674839,2026-04-08T04:15:20.841424+00:00
225349,ELLAHLAKES,2024-05-20,3.2,,,3.2,2273007,2026-04-08T04:15:25.962105+00:00
225467,ELLAHLAKES,2024-05-21,3.15,,,3.15,437132,2026-04-08T04:15:28.334406+00:00
225585,ELLAHLAKES,2024-05-22,3.18,,,3.18,593026,2026-04-08T04:15:30.660212+00:00
225703,ELLAHLAKES,2024-05-23,3.18,,,3.18,158599,2026-04-08T04:15:32.993296+00:00
225821,ELLAHLAKES,2024-05-24,3.01,,,3.01,518381,2026-04-08T04:15:35.360226+00:00
225939,ELLAHLAKES,2024-05-27,3.01,,,3.01,158755,2026-04-08T04:15:39.562711+00:00
226057,ELLAHLAKES,2024-05-28,3.0,,,3.0,2966473,2026-04-08T04:15:41.894674+00:00
226175,ELLAHLAKES,2024-05-29,3.17,,,3.17,986469,2026-04-08T04:15:44.435333+00:00
226293,ELLAHLAKES,2024-05-30,3.17,,,3.17,75172,2026-04-08T04:15:46.695543+00:00
226411,ELLAHLAKES,2024-05-31,3.0,,,3.0,1195654,2026-04-08T04:15:48.909252+00:00
226529,ELLAHLAKES,2024-06-03,3.0,,,3.0,1063665,2026-04-08T04:15:53.203965+00:00
226647,ELLAHLAKES,2024-06-04,3.03,,,3.03,823735,2026-04-08T04:15:55.456464+00:00
226765,ELLAHLAKES,2024-06-05,3.0,,,3.0,2754940,2026-04-08T04:15:57.839545+00:00
226883,ELLAHLAKES,2024-06-06,3.0,,,3.0,2210551,2026-04-08T04:16:00.091412+00:00
227001,ELLAHLAKES,2024-06-07,3.0,,,3.0,1219782,2026-04-08T04:16:02.294722+00:00
227119,ELLAHLAKES,2024-06-10,3.0,,,3.0,857316,2026-04-08T04:16:06.655303+00:00
227237,ELLAHLAKES,2024-06-11,2.93,,,2.93,3025777,2026-04-08T04:16:09.027942+00:00
227355,ELLAHLAKES,2024-06-13,2.93,,,2.93,1250770,2026-04-08T04:16:12.454757+00:00
227473,ELLAHLAKES,2024-06-14,2.95,,,2.95,1466171,2026-04-08T04:16:14.762224+00:00
227591,ELLAHLAKES,2024-06-20,2.99,,,2.99,1029577,2026-04-08T04:16:22.365263+00:00
227709,ELLAHLAKES,2024-06-21,2.99,,,2.99,659012,2026-04-08T04:16:24.740936+00:00
227827,ELLAHLAKES,2024-06-24,2.95,,,2.95,1220914,2026-04-08T04:16:29.101951+00:00
227945,ELLAHLAKES,2024-06-25,3.0,,,3.0,2440048,2026-04-08T04:16:31.430939+00:00
228063,ELLAHLAKES,2024-06-26,3.2,,,3.2,3072216,2026-04-08T04:16:33.77834+00:00
228181,ELLAHLAKES,2024-06-27,3.03,,,3.03,2183980,2026-04-08T04:16:36.13415+00:00
228299,ELLAHLAKES,2024-06-28,3.0,,,3.0,4277724,2026-04-08T04:16:38.472674+00:00
228417,ELLAHLAKES,2024-07-01,3.0,,,3.0,2245312,2026-04-08T04:16:42.881798+00:00
228535,ELLAHLAKES,2024-07-02,3.0,,,3.0,1498104,2026-04-08T04:16:45.256647+00:00
228653,ELLAHLAKES,2024-07-03,3.0,,,3.0,2553360,2026-04-08T04:16:47.732339+00:00
228771,ELLAHLAKES,2024-07-04,3.0,,,3.0,1297821,2026-04-08T04:16:50.22378+00:00
228889,ELLAHLAKES,2024-07-05,3.0,,,3.0,594299,2026-04-08T04:16:52.679645+00:00
229007,ELLAHLAKES,2024-07-08,3.0,,,3.0,271486716,2026-04-08T04:16:57.375145+00:00
229125,ELLAHLAKES,2024-07-09,3.06,,,3.06,3444316,2026-04-08T04:16:59.679545+00:00
229243,ELLAHLAKES,2024-07-10,3.0,,,3.0,1052965,2026-04-08T04:17:02.104038+00:00
229361,ELLAHLAKES,2024-07-11,2.97,,,2.97,1246992,2026-04-08T04:17:04.804273+00:00
229479,ELLAHLAKES,2024-07-12,3.17,,,3.17,46542773,2026-04-08T04:17:07.071694+00:00
229597,ELLAHLAKES,2024-07-15,3.0,,,3.0,1177130,2026-04-08T04:17:11.418935+00:00
229715,ELLAHLAKES,2024-07-16,3.0,,,3.0,1439090,2026-04-08T04:17:13.920176+00:00
229833,ELLAHLAKES,2024-07-17,3.05,,,3.05,1588814,2026-04-08T04:17:16.239817+00:00
229951,ELLAHLAKES,2024-07-18,3.0,,,3.0,1411355,2026-04-08T04:17:18.614364+00:00
230069,ELLAHLAKES,2024-07-19,3.0,,,3.0,743691,2026-04-08T04:17:20.923419+00:00
230187,ELLAHLAKES,2024-07-22,2.97,,,2.97,110676860,2026-04-08T04:17:25.185516+00:00
230305,ELLAHLAKES,2024-07-23,2.98,,,2.98,4958329,2026-04-08T04:17:27.655924+00:00
230423,ELLAHLAKES,2024-07-24,2.99,,,2.99,11759772,2026-04-08T04:17:30.124258+00:00
230541,ELLAHLAKES,2024-07-25,2.99,,,2.99,564371,2026-04-08T04:17:32.638981+00:00
230659,ELLAHLAKES,2024-07-26,2.99,,,2.99,200989,2026-04-08T04:17:35.101122+00:00
230777,ELLAHLAKES,2024-07-29,2.99,,,2.99,1470884,2026-04-08T04:17:40.103977+00:00
230895,ELLAHLAKES,2024-07-30,3.0,,,3.0,6363626,2026-04-08T04:17:43.080384+00:00
231013,ELLAHLAKES,2024-07-31,3.0,,,3.0,1011445,2026-04-08T04:17:45.61458+00:00
231131,ELLAHLAKES,2024-08-01,3.0,,,3.0,524590,2026-04-08T04:17:47.950902+00:00
231249,ELLAHLAKES,2024-08-02,3.11,,,3.11,1799024,2026-04-08T04:17:50.372085+00:00
231367,ELLAHLAKES,2024-08-05,3.11,,,3.11,4355708,2026-04-08T04:17:54.929581+00:00
231485,ELLAHLAKES,2024-08-06,3.11,,,3.11,683676,2026-04-08T04:17:57.472912+00:00
231603,ELLAHLAKES,2024-08-07,3.05,,,3.05,1109024,2026-04-08T04:17:59.948734+00:00
231721,ELLAHLAKES,2024-08-08,2.99,,,2.99,2676865,2026-04-08T04:18:02.36647+00:00
231839,ELLAHLAKES,2024-08-09,2.97,,,2.97,1303655,2026-04-08T04:18:04.674683+00:00
231957,ELLAHLAKES,2024-08-12,3.0,,,3.0,5957405,2026-04-08T04:18:08.918743+00:00
232075,ELLAHLAKES,2024-08-13,3.0,,,3.0,8598793,2026-04-08T04:18:11.387792+00:00
232193,ELLAHLAKES,2024-08-14,3.0,,,3.0,1404890,2026-04-08T04:18:13.859526+00:00
232311,ELLAHLAKES,2024-08-15,3.0,,,3.0,81826,2026-04-08T04:18:16.357381+00:00
232429,ELLAHLAKES,2024-08-16,3.0,,,3.0,562300,2026-04-08T04:18:18.692447+00:00
232547,ELLAHLAKES,2024-08-19,3.0,,,3.0,315355,2026-04-08T04:18:23.063194+00:00
232665,ELLAHLAKES,2024-08-20,2.99,,,2.99,797557,2026-04-08T04:18:25.366221+00:00
232783,ELLAHLAKES,2024-08-21,2.99,,,2.99,316078,2026-04-08T04:18:27.861334+00:00
232901,ELLAHLAKES,2024-08-22,2.99,,,2.99,421703,2026-04-08T04:18:30.156184+00:00
233019,ELLAHLAKES,2024-08-23,2.99,,,2.99,3110599,2026-04-08T04:18:32.497978+00:00
233137,ELLAHLAKES,2024-08-26,3.0,,,3.0,2661362,2026-04-08T04:18:37.19542+00:00
233255,ELLAHLAKES,2024-08-27,3.11,,,3.11,2306614,2026-04-08T04:18:39.561091+00:00
233373,ELLAHLAKES,2024-08-28,3.11,,,3.11,892829,2026-04-08T04:18:42.048567+00:00
233491,ELLAHLAKES,2024-08-29,3.05,,,3.05,1178113,2026-04-08T04:18:44.36768+00:00
233609,ELLAHLAKES,2024-09-02,3.0,,,3.0,7415864,2026-04-08T04:18:49.632285+00:00
233727,ELLAHLAKES,2024-09-03,3.01,,,3.01,1308160,2026-04-08T04:18:52.389232+00:00
233845,ELLAHLAKES,2024-09-04,3.0,,,3.0,907318,2026-04-08T04:18:54.875674+00:00
233963,ELLAHLAKES,2024-09-05,3.03,,,3.03,947121,2026-04-08T04:18:57.763256+00:00
234081,ELLAHLAKES,2024-09-06,3.0,,,3.0,2790171,2026-04-08T04:19:00.536712+00:00
234199,ELLAHLAKES,2024-09-09,3.0,,,3.0,1375468,2026-04-08T04:19:05.495104+00:00
234317,ELLAHLAKES,2024-09-10,3.0,,,3.0,1107175,2026-04-08T04:19:08.070871+00:00
234435,ELLAHLAKES,2024-09-11,3.13,,,3.13,3565141,2026-04-08T04:19:10.663572+00:00
234553,ELLAHLAKES,2024-09-12,3.0,,,3.0,5407915,2026-04-08T04:19:13.371302+00:00
234671,ELLAHLAKES,2024-09-13,3.02,,,3.02,7930480,2026-04-08T04:19:16.033041+00:00
234789,ELLAHLAKES,2024-09-17,3.02,,,3.02,4846131,2026-04-08T04:19:22.824888+00:00
234907,ELLAHLAKES,2024-09-18,3.08,,,3.08,2545486,2026-04-08T04:19:25.915955+00:00
235025,ELLAHLAKES,2024-09-19,3.08,,,3.08,1320512,2026-04-08T04:19:28.330134+00:00
235143,ELLAHLAKES,2024-09-20,3.08,,,3.08,5519461,2026-04-08T04:19:30.82066+00:00
235261,ELLAHLAKES,2024-09-23,3.38,,,3.38,18644666,2026-04-08T04:19:35.29526+00:00
235379,ELLAHLAKES,2024-09-24,3.71,,,3.71,42138650,2026-04-08T04:19:37.629736+00:00
235497,ELLAHLAKES,2024-09-25,4.08,,,4.08,16770664,2026-04-08T04:19:40.096992+00:00
235615,ELLAHLAKES,2024-09-26,4.48,,,4.48,3297048,2026-04-08T04:19:42.676048+00:00
235733,ELLAHLAKES,2024-09-27,4.92,,,4.92,2630914,2026-04-08T04:19:45.342636+00:00
235851,ELLAHLAKES,2024-09-30,4.43,,,4.43,21410089,2026-04-08T04:19:50.223917+00:00
235969,ELLAHLAKES,2024-10-02,3.99,,,3.99,21611588,2026-04-08T04:19:53.821423+00:00
236087,ELLAHLAKES,2024-10-03,4.15,,,4.15,3844357,2026-04-08T04:19:56.203135+00:00
236205,ELLAHLAKES,2024-10-04,4.5,,,4.5,23300954,2026-04-08T04:19:58.634737+00:00
236323,ELLAHLAKES,2024-10-07,4.88,,,4.88,14648506,2026-04-08T04:20:03.05432+00:00
236441,ELLAHLAKES,2024-10-08,4.88,,,4.88,9377880,2026-04-08T04:20:05.535519+00:00
236559,ELLAHLAKES,2024-10-10,4.21,,,4.21,12172914,2026-04-08T04:20:08.855054+00:00
236677,ELLAHLAKES,2024-10-11,4.18,,,4.18,933234,2026-04-08T04:20:11.460237+00:00
236795,ELLAHLAKES,2024-10-14,4.0,,,4.0,3916989,2026-04-08T04:20:16.284622+00:00
236914,ELLAHLAKES,2024-10-15,4.0,,,4.0,7511923,2026-04-08T04:20:18.84933+00:00
237033,ELLAHLAKES,2024-10-17,4.18,,,4.18,693119,2026-04-08T04:20:23.389134+00:00
237152,ELLAHLAKES,2024-10-18,4.05,,,4.05,953329,2026-04-08T04:20:26.17489+00:00
237271,ELLAHLAKES,2024-10-21,4.24,,,4.24,11344599,2026-04-08T04:20:30.541886+00:00
237390,ELLAHLAKES,2024-10-22,4.18,,,4.18,2652286,2026-04-08T04:20:32.890604+00:00
237509,ELLAHLAKES,2024-10-23,4.0,,,4.0,4619616,2026-04-08T04:20:35.186729+00:00
237628,ELLAHLAKES,2024-10-24,4.03,,,4.03,2645219,2026-04-08T04:20:37.740613+00:00
237747,ELLAHLAKES,2024-10-25,4.05,,,4.05,6170468,2026-04-08T04:20:40.222387+00:00
237866,ELLAHLAKES,2024-10-28,4.03,,,4.03,6986639,2026-04-08T04:20:44.742576+00:00
237985,ELLAHLAKES,2024-10-29,3.94,,,3.94,4095223,2026-04-08T04:20:47.136244+00:00
238104,ELLAHLAKES,2024-10-30,3.92,,,3.92,3177177,2026-04-08T04:20:49.405969+00:00
238223,ELLAHLAKES,2024-10-31,3.93,,,3.93,2133945,2026-04-08T04:20:51.756515+00:00
238342,ELLAHLAKES,2024-11-01,3.54,,,3.54,8165146,2026-04-08T04:20:54.1075+00:00
238461,ELLAHLAKES,2024-11-04,3.6,,,3.6,2318763,2026-04-08T04:20:58.471072+00:00
238580,ELLAHLAKES,2024-11-05,3.5,,,3.5,2544737,2026-04-08T04:21:01.00344+00:00
238699,ELLAHLAKES,2024-11-06,3.5,,,3.5,2320947,2026-04-08T04:21:03.585377+00:00
238818,ELLAHLAKES,2024-11-07,3.56,,,3.56,92002217,2026-04-08T04:21:06.256351+00:00
238937,ELLAHLAKES,2024-11-08,3.67,,,3.67,91595322,2026-04-08T04:21:08.623134+00:00
239056,ELLAHLAKES,2024-11-11,3.58,,,3.58,2524537,2026-04-08T04:21:12.782875+00:00
239175,ELLAHLAKES,2024-11-12,3.57,,,3.57,1569014,2026-04-08T04:21:15.417322+00:00
239294,ELLAHLAKES,2024-11-13,3.65,,,3.65,4213730,2026-04-08T04:21:17.790166+00:00
239413,ELLAHLAKES,2024-11-14,3.5,,,3.5,11670040,2026-04-08T04:21:20.354873+00:00
239532,ELLAHLAKES,2024-11-15,3.4,,,3.4,3396056,2026-04-08T04:21:22.90937+00:00
239651,ELLAHLAKES,2024-11-18,3.4,,,3.4,6429958,2026-04-08T04:21:27.576358+00:00
239770,ELLAHLAKES,2024-11-19,3.4,,,3.4,15380926,2026-04-08T04:21:29.868433+00:00
239889,ELLAHLAKES,2024-11-20,3.42,,,3.42,2872463,2026-04-08T04:21:32.433299+00:00
240008,ELLAHLAKES,2024-11-21,3.4,,,3.4,753442,2026-04-08T04:21:34.755564+00:00
240127,ELLAHLAKES,2024-11-22,3.4,,,3.4,1429751,2026-04-08T04:21:37.514754+00:00
240246,ELLAHLAKES,2024-11-25,3.39,,,3.39,992838,2026-04-08T04:21:41.818387+00:00
240365,ELLAHLAKES,2024-11-26,3.25,,,3.25,3901206,2026-04-08T04:21:44.163824+00:00
240484,ELLAHLAKES,2024-11-27,3.13,,,3.13,3464584,2026-04-08T04:21:46.720727+00:00
240603,ELLAHLAKES,2024-11-28,3.24,,,3.24,3281787,2026-04-08T04:21:49.110263+00:00
240722,ELLAHLAKES,2024-12-02,3.53,,,3.53,1521134,2026-04-08T04:21:54.88401+00:00
240841,ELLAHLAKES,2024-12-03,3.18,,,3.18,23028691,2026-04-08T04:21:57.640504+00:00
240960,ELLAHLAKES,2024-12-04,3.01,,,3.01,8037505,2026-04-08T04:21:59.930228+00:00
241079,ELLAHLAKES,2024-12-06,3.13,,,3.13,6405723,2026-04-08T04:22:03.392712+00:00
241198,ELLAHLAKES,2024-12-09,3.12,,,3.12,9223221,2026-04-08T04:22:07.745808+00:00
241317,ELLAHLAKES,2024-12-10,3.01,,,3.01,8605842,2026-04-08T04:22:10.112253+00:00
241436,ELLAHLAKES,2024-12-11,3.02,,,3.02,1268257,2026-04-08T04:22:12.639548+00:00
241555,ELLAHLAKES,2024-12-12,3.1,,,3.1,6508249,2026-04-08T04:22:15.033357+00:00
241674,ELLAHLAKES,2024-12-13,3.13,,,3.13,4144817,2026-04-08T04:22:17.509919+00:00
241793,ELLAHLAKES,2024-12-16,3.11,,,3.11,3904795,2026-04-08T04:22:22.499781+00:00
241912,ELLAHLAKES,2024-12-17,3.06,,,3.06,8965508,2026-04-08T04:22:24.995572+00:00
242031,ELLAHLAKES,2024-12-18,3.05,,,3.05,4586431,2026-04-08T04:22:27.498126+00:00
242150,ELLAHLAKES,2024-12-19,3.0,,,3.0,15489902,2026-04-08T04:22:29.868083+00:00
242269,ELLAHLAKES,2024-12-20,3.01,,,3.01,4478293,2026-04-08T04:22:32.392508+00:00
242388,ELLAHLAKES,2024-12-23,3.05,,,3.05,2822541,2026-04-08T04:22:36.740311+00:00
242507,ELLAHLAKES,2024-12-24,3.15,,,3.15,2484321,2026-04-08T04:22:39.25804+00:00
242626,ELLAHLAKES,2024-12-27,3.15,,,3.15,6767413,2026-04-08T04:22:43.946119+00:00
242745,ELLAHLAKES,2024-12-31,3.16,,,3.16,3767424,2026-04-08T04:22:48.665239+00:00
242863,ELLAHLAKES,2025-01-02,3.01,,,3.01,16354965,2026-04-08T04:22:52.256438+00:00
242981,ELLAHLAKES,2025-01-03,3.05,,,3.05,9085952,2026-04-08T04:22:55.101113+00:00
243099,ELLAHLAKES,2025-01-06,3.1,,,3.1,4283900,2026-04-08T04:23:00.046313+00:00
243217,ELLAHLAKES,2025-01-07,3.05,,,3.05,7741285,2026-04-08T04:23:02.329348+00:00
243335,ELLAHLAKES,2025-01-08,3.0,,,3.0,16377129,2026-04-08T04:23:04.632968+00:00
243453,ELLAHLAKES,2025-01-09,3.03,,,3.03,1172323,2026-04-08T04:23:06.908261+00:00
243571,ELLAHLAKES,2025-01-10,3.05,,,3.05,4189683,2026-04-08T04:23:09.304805+00:00
243689,ELLAHLAKES,2025-01-13,3.1,,,3.1,4433801,2026-04-08T04:23:13.790041+00:00
243807,ELLAHLAKES,2025-01-14,3.07,,,3.07,8965035,2026-04-08T04:23:16.129929+00:00
243925,ELLAHLAKES,2025-01-15,3.06,,,3.06,3985919,2026-04-08T04:23:18.535433+00:00
244043,ELLAHLAKES,2025-01-16,3.01,,,3.01,3952059,2026-04-08T04:23:20.834867+00:00
244161,ELLAHLAKES,2025-01-17,3.11,,,3.11,1190321,2026-04-08T04:23:23.141674+00:00
244279,ELLAHLAKES,2025-01-20,3.13,,,3.13,6076892,2026-04-08T04:23:27.482452+00:00
244397,ELLAHLAKES,2025-01-21,3.2,,,3.2,2264372,2026-04-08T04:23:29.752731+00:00
244515,ELLAHLAKES,2025-01-22,3.2,,,3.2,3854072,2026-04-08T04:23:32.235559+00:00
244633,ELLAHLAKES,2025-01-23,3.2,,,3.2,5305156,2026-04-08T04:23:34.519549+00:00
244751,ELLAHLAKES,2025-01-24,3.21,,,3.21,1969371,2026-04-08T04:23:37.097992+00:00
244869,ELLAHLAKES,2025-01-27,3.17,,,3.17,3761236,2026-04-08T04:23:41.817807+00:00
244987,ELLAHLAKES,2025-01-28,3.01,,,3.01,4240223,2026-04-08T04:23:44.43679+00:00
245105,ELLAHLAKES,2025-01-30,3.08,,,3.08,2296517,2026-04-08T04:23:47.90788+00:00
245223,ELLAHLAKES,2025-01-31,3.08,,,3.08,2296517,2026-04-08T04:23:50.425841+00:00
245341,ELLAHLAKES,2025-02-03,3.06,,,3.06,2211828,2026-04-08T04:23:55.090801+00:00
245459,ELLAHLAKES,2025-02-04,3.14,,,3.14,2031709,2026-04-08T04:23:57.584141+00:00
245577,ELLAHLAKES,2025-02-05,3.21,,,3.21,3586693,2026-04-08T04:24:00.484627+00:00
245695,ELLAHLAKES,2025-02-06,3.2,,,3.2,7927955,2026-04-08T04:24:04.153698+00:00
245813,ELLAHLAKES,2025-02-07,3.22,,,3.22,5892643,2026-04-08T04:24:07.822728+00:00
245931,ELLAHLAKES,2025-02-10,3.3,,,3.3,6433311,2026-04-08T04:24:13.163899+00:00
246049,ELLAHLAKES,2025-02-11,3.63,,,3.63,6618853,2026-04-08T04:24:15.629092+00:00
246167,ELLAHLAKES,2025-02-12,3.99,,,3.99,34504516,2026-04-08T04:24:18.226035+00:00
246285,ELLAHLAKES,2025-02-13,3.92,,,3.92,14479296,2026-04-08T04:24:20.725749+00:00
246403,ELLAHLAKES,2025-02-14,3.74,,,3.74,6078153,2026-04-08T04:24:23.300806+00:00
246521,ELLAHLAKES,2025-02-17,3.56,,,3.56,6698765,2026-04-08T04:24:27.726986+00:00
246639,ELLAHLAKES,2025-02-18,3.31,,,3.31,5244604,2026-04-08T04:24:30.295737+00:00
246757,ELLAHLAKES,2025-02-19,3.22,,,3.22,8851176,2026-04-08T04:24:32.765887+00:00
246875,ELLAHLAKES,2025-02-20,3.21,,,3.21,136676873,2026-04-08T04:24:35.351909+00:00
246993,ELLAHLAKES,2025-02-21,3.21,,,3.21,40469322,2026-04-08T04:24:37.680479+00:00
247111,ELLAHLAKES,2025-02-25,3.22,,,3.22,5318565,2026-04-08T04:24:43.419296+00:00
247229,ELLAHLAKES,2025-02-26,3.22,,,3.22,5387819,2026-04-08T04:24:45.860894+00:00
247347,ELLAHLAKES,2025-02-27,3.22,,,3.22,3261267,2026-04-08T04:24:48.27846+00:00
247465,ELLAHLAKES,2025-02-28,3.2,,,3.2,3526296,2026-04-08T04:24:50.63724+00:00
247583,ELLAHLAKES,2025-03-03,3.0,,,3.0,15023902,2026-04-08T04:24:55.222854+00:00
247701,ELLAHLAKES,2025-03-04,3.0,,,3.0,26160724,2026-04-08T04:24:57.762887+00:00
247820,ELLAHLAKES,2025-03-05,3.0,,,3.0,8323674,2026-04-08T04:25:00.108696+00:00
247939,ELLAHLAKES,2025-03-06,3.05,,,3.05,2763235,2026-04-08T04:25:02.52336+00:00
248058,ELLAHLAKES,2025-03-07,3.08,,,3.08,3640572,2026-04-08T04:25:04.19753+00:00
248177,ELLAHLAKES,2025-03-10,3.14,,,3.14,3675176,2026-04-08T04:25:07.959889+00:00
248296,ELLAHLAKES,2025-03-11,3.09,,,3.09,3780373,2026-04-08T04:25:10.446731+00:00
248415,ELLAHLAKES,2025-03-12,3.18,,,3.18,2735023,2026-04-08T04:25:12.888859+00:00
248534,ELLAHLAKES,2025-03-13,3.3,,,3.3,4492823,2026-04-08T04:25:15.353849+00:00
248653,ELLAHLAKES,2025-03-14,3.35,,,3.35,3911017,2026-04-08T04:25:17.75152+00:00
248772,ELLAHLAKES,2025-03-17,3.32,,,3.32,1426433,2026-04-08T04:25:23.327657+00:00
248891,ELLAHLAKES,2025-03-18,3.16,,,3.16,4063900,2026-04-08T04:25:25.763099+00:00
249010,ELLAHLAKES,2025-03-19,3.14,,,3.14,12774645,2026-04-08T04:25:28.144043+00:00
249129,ELLAHLAKES,2025-03-20,3.0,,,3.0,4386688,2026-04-08T04:25:31.01834+00:00
249248,ELLAHLAKES,2025-03-21,3.1,,,3.1,3910886,2026-04-08T04:25:33.389958+00:00
249367,ELLAHLAKES,2025-03-24,3.1,,,3.1,11697302,2026-04-08T04:25:38.388993+00:00
249486,ELLAHLAKES,2025-03-25,3.01,,,3.01,13793713,2026-04-08T04:25:40.7685+00:00
249605,ELLAHLAKES,2025-03-26,3.07,,,3.07,2067754,2026-04-08T04:25:43.344812+00:00
249724,ELLAHLAKES,2025-03-27,3.05,,,3.05,2028555,2026-04-08T04:25:45.817232+00:00
249843,ELLAHLAKES,2025-03-28,3.02,,,3.02,2801629,2026-04-08T04:25:48.177352+00:00
249962,ELLAHLAKES,2025-04-02,3.09,,,3.09,2257906,2026-04-08T04:25:54.663823+00:00
250081,ELLAHLAKES,2025-04-03,3.06,,,3.06,1987450,2026-04-08T04:25:57.014747+00:00
250200,ELLAHLAKES,2025-04-04,3.02,,,3.02,4031150,2026-04-08T04:25:59.489503+00:00
250319,ELLAHLAKES,2025-04-07,2.95,,,2.95,3620794,2026-04-08T04:26:04.211964+00:00
250438,ELLAHLAKES,2025-04-08,2.9,,,2.9,15801224,2026-04-08T04:26:06.766331+00:00
250557,ELLAHLAKES,2025-04-10,3.0,,,3.0,44243505,2026-04-08T04:26:10.263658+00:00
250676,ELLAHLAKES,2025-04-11,3.14,,,3.14,5339762,2026-04-08T04:26:12.610372+00:00
250795,ELLAHLAKES,2025-04-14,3.22,,,3.22,1927786,2026-04-08T04:26:17.137975+00:00
250914,ELLAHLAKES,2025-04-15,3.17,,,3.17,4494561,2026-04-08T04:26:19.634971+00:00
251033,ELLAHLAKES,2025-04-16,3.38,,,3.38,2286539,2026-04-08T04:26:22.321337+00:00
251152,ELLAHLAKES,2025-04-17,3.05,,,3.05,5487388,2026-04-08T04:26:24.819431+00:00
251271,ELLAHLAKES,2025-04-22,3.11,,,3.11,3514509,2026-04-08T04:26:31.401152+00:00
251390,ELLAHLAKES,2025-04-23,3.28,,,3.28,1546106,2026-04-08T04:26:33.741411+00:00
251509,ELLAHLAKES,2025-04-24,3.1,,,3.1,3393879,2026-04-08T04:26:36.383131+00:00
251629,ELLAHLAKES,2025-04-25,3.08,,,3.08,4546820,2026-04-08T04:26:38.677219+00:00
251749,ELLAHLAKES,2025-04-28,3.08,,,3.08,4507345,2026-04-08T04:26:43.113614+00:00
251869,ELLAHLAKES,2025-04-29,3.08,,,3.08,5088761,2026-04-08T04:26:45.609073+00:00
251989,ELLAHLAKES,2025-04-30,3.08,,,3.08,1776940,2026-04-08T04:26:48.242472+00:00
252109,ELLAHLAKES,2025-05-02,3.08,,,3.08,5913157,2026-04-08T04:26:51.690529+00:00
252229,ELLAHLAKES,2025-05-05,3.09,,,3.09,4548370,2026-04-08T04:26:56.275381+00:00
252349,ELLAHLAKES,2025-05-06,3.09,,,3.09,10809599,2026-04-08T04:26:58.7221+00:00
252469,ELLAHLAKES,2025-05-07,3.09,,,3.09,10771140,2026-04-08T04:27:01.170235+00:00
252589,ELLAHLAKES,2025-05-08,3.13,,,3.13,11521115,2026-04-08T04:27:03.468055+00:00
252709,ELLAHLAKES,2025-05-09,3.2,,,3.2,9440153,2026-04-08T04:27:05.963213+00:00
252829,ELLAHLAKES,2025-05-12,3.16,,,3.16,11199280,2026-04-08T04:27:10.449459+00:00
252949,ELLAHLAKES,2025-05-14,3.14,,,3.14,9217942,2026-04-08T04:27:13.89162+00:00
253069,ELLAHLAKES,2025-05-15,3.08,,,3.08,8647303,2026-04-08T04:27:16.307455+00:00
253189,ELLAHLAKES,2025-05-16,3.2,,,3.2,12578722,2026-04-08T04:27:18.639316+00:00
253309,ELLAHLAKES,2025-05-19,3.19,,,3.19,13384786,2026-04-08T04:27:23.06518+00:00
253429,ELLAHLAKES,2025-05-20,3.19,,,3.19,13384786,2026-04-08T04:27:25.663956+00:00
253549,ELLAHLAKES,2025-05-21,3.19,,,3.19,4896141,2026-04-08T04:27:28.280255+00:00
253669,ELLAHLAKES,2025-05-22,3.19,,,3.19,6014778,2026-04-08T04:27:30.733393+00:00
253789,ELLAHLAKES,2025-05-23,3.19,,,3.19,3580830,2026-04-08T04:27:33.142895+00:00
253909,ELLAHLAKES,2025-05-26,3.3,,,3.3,4056337,2026-04-08T04:27:37.938794+00:00
254029,ELLAHLAKES,2025-05-27,3.45,,,3.45,9120731,2026-04-08T04:27:40.395447+00:00
254149,ELLAHLAKES,2025-05-28,3.5,,,3.5,15319988,2026-04-08T04:27:42.906627+00:00
254269,ELLAHLAKES,2025-05-29,3.3,,,3.3,17182759,2026-04-08T04:27:45.903166+00:00
254389,ELLAHLAKES,2025-05-30,3.25,,,3.25,6016177,2026-04-08T04:27:48.4452+00:00
254509,ELLAHLAKES,2025-06-02,3.08,,,3.08,6918238,2026-04-08T04:27:53.01382+00:00
254629,ELLAHLAKES,2025-06-03,3.38,,,3.38,11712734,2026-04-08T04:27:55.368454+00:00
254749,ELLAHLAKES,2025-06-04,3.38,,,3.38,9867869,2026-04-08T04:27:57.94541+00:00
254869,ELLAHLAKES,2025-06-05,3.4,,,3.4,4614917,2026-04-08T04:28:00.320696+00:00
254989,ELLAHLAKES,2025-06-10,3.59,,,3.59,8360220,2026-04-08T04:28:07.114795+00:00
255109,ELLAHLAKES,2025-06-11,3.94,,,3.94,14853492,2026-04-08T04:28:09.38594+00:00
255229,ELLAHLAKES,2025-06-17,4.29,,,4.29,48090617,2026-04-08T04:28:17.228975+00:00
255349,ELLAHLAKES,2025-06-18,4.6,,,4.6,24562050,2026-04-08T04:28:19.70912+00:00
255469,ELLAHLAKES,2025-06-19,4.85,,,4.85,31149294,2026-04-08T04:28:22.276816+00:00
255589,ELLAHLAKES,2025-06-20,5.33,,,5.33,15594201,2026-04-08T04:28:24.65394+00:00
255709,ELLAHLAKES,2025-06-23,5.86,,,5.86,6733037,2026-04-08T04:28:29.225711+00:00
255829,ELLAHLAKES,2025-06-24,6.44,,,6.44,17880713,2026-04-08T04:28:31.569579+00:00
255949,ELLAHLAKES,2025-06-25,7.08,,,7.08,6643537,2026-04-08T04:28:33.910697+00:00
256069,ELLAHLAKES,2025-06-26,6.8,,,6.8,113498972,2026-04-08T04:28:36.389223+00:00
256189,ELLAHLAKES,2025-06-27,7.0,,,7.0,80038219,2026-04-08T04:28:38.797599+00:00
256309,ELLAHLAKES,2025-07-01,8.4,,,8.4,46050636,2026-04-08T04:28:44.517216+00:00
256429,ELLAHLAKES,2025-07-02,9.24,,,9.24,83467718,2026-04-08T04:28:47.139962+00:00
256549,ELLAHLAKES,2025-07-03,9.0,,,9.0,34049550,2026-04-08T04:28:49.506141+00:00
256669,ELLAHLAKES,2025-07-04,8.1,,,8.1,32596754,2026-04-08T04:28:51.76506+00:00
256789,ELLAHLAKES,2025-07-07,8.91,,,8.91,12555326,2026-04-08T04:28:56.230166+00:00
256909,ELLAHLAKES,2025-07-08,9.5,,,9.5,32380930,2026-04-08T04:28:58.705995+00:00
257029,ELLAHLAKES,2025-07-09,10.45,,,10.45,31939673,2026-04-08T04:29:01.058721+00:00
257149,ELLAHLAKES,2025-07-10,11.49,,,11.49,23622591,2026-04-08T04:29:03.550316+00:00
257269,ELLAHLAKES,2025-07-11,12.63,,,12.63,144912738,2026-04-08T04:29:06.089999+00:00
257389,ELLAHLAKES,2025-07-14,11.38,,,11.38,34997072,2026-04-08T04:29:10.69196+00:00
257509,ELLAHLAKES,2025-07-16,10.25,,,10.25,39267414,2026-04-08T04:29:14.112969+00:00
257629,ELLAHLAKES,2025-07-17,9.82,,,9.82,17805294,2026-04-08T04:29:16.489777+00:00
257749,ELLAHLAKES,2025-07-18,10.8,,,10.8,27937911,2026-04-08T04:29:18.854517+00:00
257869,ELLAHLAKES,2025-07-21,11.0,,,11.0,24444679,2026-04-08T04:29:23.300994+00:00
257989,ELLAHLAKES,2025-07-22,9.9,,,9.9,56730852,2026-04-08T04:29:25.922592+00:00
258109,ELLAHLAKES,2025-07-23,9.21,,,9.21,61119303,2026-04-08T04:29:29.05968+00:00
258229,ELLAHLAKES,2025-07-24,10.0,,,10.0,12143804,2026-04-08T04:29:31.486978+00:00
258349,ELLAHLAKES,2025-07-25,9.8,,,9.8,26343151,2026-04-08T04:29:33.980938+00:00
258469,ELLAHLAKES,2025-07-28,8.91,,,8.91,25224311,2026-04-08T04:29:38.78621+00:00
258588,ELLAHLAKES,2025-07-29,9.8,,,9.8,26101882,2026-04-08T04:29:41.392621+00:00
258707,ELLAHLAKES,2025-07-30,9.4,,,9.4,12888346,2026-04-08T04:29:43.881641+00:00
258826,ELLAHLAKES,2025-07-31,9.21,,,9.21,10760102,2026-04-08T04:29:46.315218+00:00
258945,ELLAHLAKES,2025-08-01,9.69,,,9.69,8719696,2026-04-08T04:29:48.711654+00:00
259064,ELLAHLAKES,2025-08-04,10.65,,,10.65,26640072,2026-04-08T04:29:53.303607+00:00
259183,ELLAHLAKES,2025-08-05,10.7,,,10.7,18999165,2026-04-08T04:29:55.780422+00:00
259302,ELLAHLAKES,2025-08-06,10.99,,,10.99,17106573,2026-04-08T04:29:58.241852+00:00
259421,ELLAHLAKES,2025-08-07,12.08,,,12.08,26516557,2026-04-08T04:30:00.56444+00:00
259540,ELLAHLAKES,2025-08-08,13.28,,,13.28,30281579,2026-04-08T04:30:02.234883+00:00
259659,ELLAHLAKES,2025-08-11,14.6,,,14.6,32327238,2026-04-08T04:30:07.037349+00:00
259778,ELLAHLAKES,2025-08-12,16.06,,,16.06,26256299,2026-04-08T04:30:09.28323+00:00
259897,ELLAHLAKES,2025-08-13,17.66,,,17.66,9888307,2026-04-08T04:30:11.815521+00:00
260016,ELLAHLAKES,2025-08-14,15.9,,,15.9,99603556,2026-04-08T04:30:14.350221+00:00
260135,ELLAHLAKES,2025-08-15,14.88,,,14.88,34236591,2026-04-08T04:30:16.786076+00:00
260254,ELLAHLAKES,2025-08-18,15.75,,,15.75,16123474,2026-04-08T04:30:21.560319+00:00
260373,ELLAHLAKES,2025-08-19,16.52,,,16.52,21881606,2026-04-08T04:30:23.869462+00:00
260492,ELLAHLAKES,2025-08-20,14.9,,,14.9,11932587,2026-04-08T04:30:26.318672+00:00
260611,ELLAHLAKES,2025-08-21,15.4,,,15.4,9268086,2026-04-08T04:30:28.670378+00:00
260730,ELLAHLAKES,2025-08-22,15.5,,,15.5,5698251,2026-04-08T04:30:30.96965+00:00
260849,ELLAHLAKES,2025-08-25,15.8,,,15.8,11054968,2026-04-08T04:30:35.521871+00:00
260968,ELLAHLAKES,2025-08-26,15.3,,,15.3,9406396,2026-04-08T04:30:37.91594+00:00
261087,ELLAHLAKES,2025-08-27,14.95,,,14.95,10569679,2026-04-08T04:30:40.231113+00:00
261206,ELLAHLAKES,2025-08-28,13.68,,,13.68,11647415,2026-04-08T04:30:42.59826+00:00
261325,ELLAHLAKES,2025-08-29,14.1,,,14.1,6114795,2026-04-08T04:30:45.09102+00:00
261444,ELLAHLAKES,2025-09-01,12.69,,,12.69,16280364,2026-04-08T04:30:49.608802+00:00
261563,ELLAHLAKES,2025-09-02,11.43,,,11.43,20535733,2026-04-08T04:30:52.312491+00:00
261682,ELLAHLAKES,2025-09-03,11.8,,,11.8,14807677,2026-04-08T04:30:55.837007+00:00
261801,ELLAHLAKES,2025-09-04,12.98,,,12.98,11856622,2026-04-08T04:30:58.198935+00:00
261920,ELLAHLAKES,2025-09-08,14.27,,,14.27,20222287,2026-04-08T04:31:03.728068+00:00
262039,ELLAHLAKES,2025-09-09,13.02,,,13.02,21951845,2026-04-08T04:31:06.294869+00:00
262158,ELLAHLAKES,2025-09-10,14.0,,,14.0,7711774,2026-04-08T04:31:08.610575+00:00
262277,ELLAHLAKES,2025-09-11,13.4,,,13.4,5997609,2026-04-08T04:31:10.974873+00:00
262396,ELLAHLAKES,2025-09-12,13.55,,,13.55,3710668,2026-04-08T04:31:13.547359+00:00
262515,ELLAHLAKES,2025-09-15,13.55,,,13.55,4362430,2026-04-08T04:31:18.268622+00:00
262634,ELLAHLAKES,2025-09-16,13.35,,,13.35,17781073,2026-04-08T04:31:20.741189+00:00
262753,ELLAHLAKES,2025-09-17,13.4,,,13.4,3476408,2026-04-08T04:31:23.24235+00:00
262872,ELLAHLAKES,2025-09-18,13.05,,,13.05,4430058,2026-04-08T04:31:25.598019+00:00
262991,ELLAHLAKES,2025-09-19,13.0,,,13.0,8737751,2026-04-08T04:31:28.111008+00:00
263110,ELLAHLAKES,2025-09-22,12.85,,,12.85,3583183,2026-04-08T04:31:32.624882+00:00
263229,ELLAHLAKES,2025-09-23,12.5,,,12.5,4711005,2026-04-08T04:31:35.170326+00:00
263348,ELLAHLAKES,2025-09-24,12.35,,,12.35,6375405,2026-04-08T04:31:37.673105+00:00
263467,ELLAHLAKES,2025-09-25,12.35,,,12.35,3547975,2026-04-08T04:31:40.100841+00:00
263586,ELLAHLAKES,2025-09-26,12.5,,,12.5,4548410,2026-04-08T04:31:42.548783+00:00
263705,ELLAHLAKES,2025-09-29,11.6,,,11.6,24461649,2026-04-08T04:31:47.029675+00:00
263824,ELLAHLAKES,2025-09-30,12.3,,,12.3,7868709,2026-04-08T04:31:49.320364+00:00
263943,ELLAHLAKES,2025-10-02,12.25,,,12.25,7799491,2026-04-08T04:31:52.706523+00:00
264062,ELLAHLAKES,2025-10-03,13.47,,,13.47,25949312,2026-04-08T04:31:55.311341+00:00
264181,ELLAHLAKES,2025-10-06,14.81,,,14.81,80067193,2026-04-08T04:31:59.803196+00:00
264300,ELLAHLAKES,2025-10-07,14.7,,,14.7,39488359,2026-04-08T04:32:02.285104+00:00
264419,ELLAHLAKES,2025-10-08,13.9,,,13.9,21367048,2026-04-08T04:32:04.646463+00:00
264538,ELLAHLAKES,2025-10-09,14.3,,,14.3,8413841,2026-04-08T04:32:07.004133+00:00
264657,ELLAHLAKES,2025-10-10,14.44,,,14.44,11258813,2026-04-08T04:32:10.69692+00:00
264776,ELLAHLAKES,2025-10-13,14.45,,,14.45,7127605,2026-04-08T04:32:15.267586+00:00
264895,ELLAHLAKES,2025-10-14,13.95,,,13.95,14608288,2026-04-08T04:32:17.792097+00:00
265014,ELLAHLAKES,2025-10-15,13.3,,,13.3,13510514,2026-04-08T04:32:20.093513+00:00
265133,ELLAHLAKES,2025-10-16,13.3,,,13.3,6342037,2026-04-08T04:32:22.728593+00:00
265252,ELLAHLAKES,2025-10-17,13.4,,,13.4,7733515,2026-04-08T04:32:25.167177+00:00
265371,ELLAHLAKES,2025-10-20,13.45,,,13.45,4852111,2026-04-08T04:32:29.532096+00:00
265490,ELLAHLAKES,2025-10-21,13.2,,,13.2,6759666,2026-04-08T04:32:31.920152+00:00
265609,ELLAHLAKES,2025-10-22,12.9,,,12.9,9657292,2026-04-08T04:32:34.332447+00:00
265728,ELLAHLAKES,2025-10-23,13.0,,,13.0,10572591,2026-04-08T04:32:36.79914+00:00
265847,ELLAHLAKES,2025-10-24,13.2,,,13.2,4507115,2026-04-08T04:32:39.249323+00:00
265966,ELLAHLAKES,2025-10-28,13.42,,,13.42,27201440,2026-04-08T04:32:44.921336+00:00
266085,ELLAHLAKES,2025-10-29,13.0,,,13.0,7144993,2026-04-08T04:32:47.450266+00:00
266204,ELLAHLAKES,2025-10-30,13.0,,,13.0,5102274,2026-04-08T04:32:49.91761+00:00
266323,ELLAHLAKES,2025-10-31,12.95,,,12.95,5401223,2026-04-08T04:32:52.375955+00:00
266442,ELLAHLAKES,2025-11-03,12.25,,,12.25,6409874,2026-04-08T04:32:57.290654+00:00
266561,ELLAHLAKES,2025-11-04,11.5,,,11.5,6525347,2026-04-08T04:32:59.739678+00:00
266680,ELLAHLAKES,2025-11-05,11.36,,,11.36,6386066,2026-04-08T04:33:02.152799+00:00
266799,ELLAHLAKES,2025-11-06,10.85,,,10.85,3120348,2026-04-08T04:33:04.646202+00:00
266918,ELLAHLAKES,2025-11-07,11.75,,,11.75,14291069,2026-04-08T04:33:07.145499+00:00
267037,ELLAHLAKES,2025-11-10,11.05,,,11.05,6478289,2026-04-08T04:33:11.744122+00:00
267156,ELLAHLAKES,2025-11-11,11.05,,,11.05,12357374,2026-04-08T04:33:14.17228+00:00
267275,ELLAHLAKES,2025-11-12,12.13,,,12.13,13131532,2026-04-08T04:33:16.719178+00:00
267394,ELLAHLAKES,2025-11-13,12.5,,,12.5,19762320,2026-04-08T04:33:19.052814+00:00
267513,ELLAHLAKES,2025-11-14,12.25,,,12.25,16044850,2026-04-08T04:33:21.762061+00:00
267632,ELLAHLAKES,2025-11-17,12.6,,,12.6,8166589,2026-04-08T04:33:26.271116+00:00
267751,ELLAHLAKES,2025-11-18,12.8,,,12.8,4142407,2026-04-08T04:33:29.067053+00:00
267870,ELLAHLAKES,2025-11-19,12.51,,,12.51,13962556,2026-04-08T04:33:31.487527+00:00
267989,ELLAHLAKES,2025-11-20,12.75,,,12.75,11864270,2026-04-08T04:33:33.887172+00:00
268108,ELLAHLAKES,2025-11-21,12.74,,,12.74,3865938,2026-04-08T04:33:36.654129+00:00
268227,ELLAHLAKES,2025-11-24,12.65,,,12.65,8348441,2026-04-08T04:33:41.368891+00:00
268346,ELLAHLAKES,2025-11-25,12.76,,,12.76,19030739,2026-04-08T04:33:44.004166+00:00
268465,ELLAHLAKES,2025-11-26,13.0,,,13.0,6255067,2026-04-08T04:33:46.260048+00:00
268584,ELLAHLAKES,2025-11-27,13.15,,,13.15,11688428,2026-04-08T04:33:48.488035+00:00
268703,ELLAHLAKES,2025-11-28,13.85,,,13.85,82707951,2026-04-08T04:33:50.826192+00:00
268822,ELLAHLAKES,2025-12-01,14.0,,,14.0,14661846,2026-04-08T04:33:55.236541+00:00
268941,ELLAHLAKES,2025-12-02,14.5,,,14.5,19017852,2026-04-08T04:33:57.748335+00:00
269060,ELLAHLAKES,2025-12-03,14.6,,,14.6,16605162,2026-04-08T04:34:00.349419+00:00
269179,ELLAHLAKES,2025-12-04,13.14,,,13.14,14834063,2026-04-08T04:34:03.142475+00:00
269298,ELLAHLAKES,2025-12-05,13.68,,,13.68,6396692,2026-04-08T04:34:05.808951+00:00
269417,ELLAHLAKES,2025-12-08,13.7,,,13.7,6363366,2026-04-08T04:34:10.334331+00:00
269536,ELLAHLAKES,2025-12-09,13.55,,,13.55,8022581,2026-04-08T04:34:12.926221+00:00
269655,ELLAHLAKES,2025-12-10,13.35,,,13.35,3691848,2026-04-08T04:34:15.295879+00:00
269774,ELLAHLAKES,2025-12-11,13.1,,,13.1,4703935,2026-04-08T04:34:17.804745+00:00
269893,ELLAHLAKES,2025-12-12,13.1,,,13.1,5873431,2026-04-08T04:34:20.615101+00:00
270012,ELLAHLAKES,2025-12-15,13.1,,,13.1,3183448,2026-04-08T04:34:25.240467+00:00
270131,ELLAHLAKES,2025-12-16,13.1,,,13.1,6047865,2026-04-08T04:34:27.867795+00:00
270250,ELLAHLAKES,2025-12-18,13.7,,,13.7,24013003,2026-04-08T04:34:31.321522+00:00
270369,ELLAHLAKES,2025-12-19,13.95,,,13.95,14091863,2026-04-08T04:34:33.771022+00:00
270488,ELLAHLAKES,2025-12-22,13.05,,,13.05,14218636,2026-04-08T04:34:38.115277+00:00
270607,ELLAHLAKES,2025-12-23,13.05,,,13.05,15937144,2026-04-08T04:34:40.661369+00:00
270726,ELLAHLAKES,2025-12-24,13.05,,,13.05,6461473,2026-04-08T04:34:43.221402+00:00
270845,ELLAHLAKES,2025-12-29,13.0,,,13.0,6083723,2026-04-08T04:34:48.902152+00:00
270964,ELLAHLAKES,2025-12-30,13.05,,,13.05,7664827,2026-04-08T04:34:51.359097+00:00
271083,ELLAHLAKES,2025-12-31,13.4,,,13.4,5655697,2026-04-08T04:34:53.061316+00:00
271202,ELLAHLAKES,2026-01-02,13.8,,,13.8,5693470,2026-04-08T04:34:56.467348+00:00
271321,ELLAHLAKES,2026-01-05,15.15,,,15.15,7119639,2026-04-08T04:35:01.008466+00:00
271440,ELLAHLAKES,2026-01-06,16.65,,,16.65,13966219,2026-04-08T04:35:03.366972+00:00
271559,ELLAHLAKES,2026-01-07,16.5,,,16.5,26507379,2026-04-08T04:35:05.819661+00:00
271678,ELLAHLAKES,2026-01-08,16.0,,,16.0,9441544,2026-04-08T04:35:08.163488+00:00
271797,ELLAHLAKES,2026-01-09,15.7,,,15.7,8028925,2026-04-08T04:35:10.591402+00:00
271916,ELLAHLAKES,2026-01-12,15.55,,,15.55,27282904,2026-04-08T04:35:15.220756+00:00
272035,ELLAHLAKES,2026-01-13,17.1,,,17.1,13627540,2026-04-08T04:35:17.864544+00:00
272154,ELLAHLAKES,2026-01-14,17.15,,,17.15,22586358,2026-04-08T04:35:20.278959+00:00
272273,ELLAHLAKES,2026-01-15,17.0,,,17.0,8258024,2026-04-08T04:35:23.159853+00:00
272392,ELLAHLAKES,2026-01-16,16.5,,,16.5,13003664,2026-04-08T04:35:25.571119+00:00
272511,ELLAHLAKES,2026-01-19,16.95,,,16.95,6277347,2026-04-08T04:35:30.272746+00:00
272630,ELLAHLAKES,2026-01-20,16.5,,,16.5,10574138,2026-04-08T04:35:32.536083+00:00
272750,ELLAHLAKES,2026-01-21,15.6,,,15.6,14486907,2026-04-08T04:35:34.90344+00:00
272870,ELLAHLAKES,2026-01-22,16.45,,,16.45,7074004,2026-04-08T04:35:36.566163+00:00
272990,ELLAHLAKES,2026-01-23,16.55,,,16.55,8936854,2026-04-08T04:35:38.92405+00:00
273110,ELLAHLAKES,2026-01-26,15.9,,,15.9,9907658,2026-04-08T04:35:43.383975+00:00
273230,ELLAHLAKES,2026-01-27,15.3,,,15.3,11288200,2026-04-08T04:35:45.70946+00:00
273350,ELLAHLAKES,2026-01-28,15.05,,,15.05,10295222,2026-04-08T04:35:48.193808+00:00
273470,ELLAHLAKES,2026-01-29,14.95,,,14.95,8324612,2026-04-08T04:35:50.479528+00:00
273590,ELLAHLAKES,2026-01-30,15.05,,,15.05,5447927,2026-04-08T04:35:52.855058+00:00
273710,ELLAHLAKES,2026-02-02,15.0,,,15.0,6491643,2026-04-08T04:35:57.524813+00:00
273830,ELLAHLAKES,2026-02-03,14.0,,,14.0,14489797,2026-04-08T04:36:00.137559+00:00
273950,ELLAHLAKES,2026-02-04,14.95,,,14.95,6102772,2026-04-08T04:36:02.592569+00:00
274070,ELLAHLAKES,2026-02-05,14.7,,,14.7,10665677,2026-04-08T04:36:04.997535+00:00
274190,ELLAHLAKES,2026-02-06,16.15,,,16.15,8708411,2026-04-08T04:36:07.533957+00:00
37,ELLAHLAKES,2026-02-08,,,,16.15,8708411,2026-02-08T00:18:13.946+00:00
274310,ELLAHLAKES,2026-02-09,15.95,,,15.95,4030131,2026-04-08T04:36:12.456447+00:00
274430,ELLAHLAKES,2026-02-10,15.3,,,15.3,5771813,2026-04-08T04:36:14.818506+00:00
274550,ELLAHLAKES,2026-02-11,15.5,,,15.5,11353227,2026-04-08T04:36:17.460702+00:00
218,ELLAHLAKES,2026-02-12,15.3,15.2,15.2,15.3,6722421,2026-02-12T09:23:52.843197+00:00
274790,ELLAHLAKES,2026-02-13,15.0,,,15.0,6280732,2026-04-08T04:36:22.38356+00:00
274910,ELLAHLAKES,2026-02-16,14.5,,,14.5,6202059,2026-04-08T04:36:26.879081+00:00
275030,ELLAHLAKES,2026-02-17,14.1,,,14.1,8209038,2026-04-08T04:36:29.440312+00:00
275150,ELLAHLAKES,2026-02-18,14.1,,,14.1,12939766,2026-04-08T04:36:31.166521+00:00
275270,ELLAHLAKES,2026-02-19,13.9,,,13.9,8494217,2026-04-08T04:36:33.575564+00:00
533,ELLAHLAKES,2026-02-20,12.8,,,12.8,26146373,2026-02-20T23:15:44.934622+00:00
681,ELLAHLAKES,2026-02-23,11.55,,,11.55,10591461,2026-02-23T07:00:01.990412+00:00
829,ELLAHLAKES,2026-02-24,10.4,,,10.4,4854788,2026-02-24T07:00:01.929914+00:00
977,ELLAHLAKES,2026-02-25,10.8,,,10.8,98369980,2026-02-25T07:00:01.953057+00:00
1125,ELLAHLAKES,2026-02-26,11.85,,,11.85,36409629,2026-02-26T07:00:01.915173+00:00
1813,ELLAHLAKES,2026-02-27,13.0,,,13.0,25491795,2026-02-27T07:00:02.056517+00:00
2694,ELLAHLAKES,2026-02-28,13.0,,,13.0,25491795,2026-02-28T18:00:03.453641+00:00
2842,ELLAHLAKES,2026-03-01,13.0,,,13.0,25491795,2026-03-01T18:00:03.821122+00:00
2990,ELLAHLAKES,2026-03-02,12.3,,,12.3,11043196,2026-03-02T07:00:01.981706+00:00
3954,ELLAHLAKES,2026-03-03,11.9,,,11.9,15774691,2026-03-03T07:00:01.858909+00:00
5391,ELLAHLAKES,2026-03-04,11.55,,,11.55,15775932,2026-03-04T07:00:02.010027+00:00
7109,ELLAHLAKES,2026-03-05,12.6,,,12.6,9988395,2026-03-05T07:00:02.0033+00:00
9625,ELLAHLAKES,2026-03-06,12.85,,,12.85,7026694,2026-03-06T07:00:02.033178+00:00
11283,ELLAHLAKES,2026-03-07,12.85,,,12.85,7026694,2026-03-07T18:00:06.285951+00:00
11431,ELLAHLAKES,2026-03-08,12.85,,,12.85,7026694,2026-03-08T18:00:03.574352+00:00
11579,ELLAHLAKES,2026-03-09,12.3,,,12.3,8755182,2026-03-09T07:00:02.016534+00:00
14095,ELLAHLAKES,2026-03-10,12.8,,,12.8,6257088,2026-03-10T07:00:03.966079+00:00
15935,ELLAHLAKES,2026-03-11,12.25,,,12.25,4388941,2026-03-11T07:00:02.147117+00:00
17651,ELLAHLAKES,2026-03-12,11.7,,,11.7,21851226,2026-03-12T07:00:02.06753+00:00
20167,ELLAHLAKES,2026-03-13,11.7,,,11.7,21851226,2026-03-13T07:00:01.993197+00:00
23613,ELLAHLAKES,2026-03-16,12.0,,,12.0,18868467,2026-03-16T08:30:01.80086+00:00
25444,ELLAHLAKES,2026-03-17,12.2,,,12.2,15462391,2026-03-17T08:30:01.70448+00:00
27307,ELLAHLAKES,2026-03-18,12.1,,,12.1,3522241,2026-03-18T08:30:01.732403+00:00
33121,ELLAHLAKES,2026-03-23,11.85,,,11.85,13957437,2026-03-23T08:30:01.705825+00:00
34699,ELLAHLAKES,2026-03-24,12.2,,,12.2,8792256,2026-03-24T15:00:01.978259+00:00
34847,ELLAHLAKES,2026-03-25,12.3,,,12.3,6097185,2026-03-25T15:00:01.528164+00:00
34995,ELLAHLAKES,2026-03-26,12.0,,,12.0,4738705,2026-03-26T15:00:01.955832+00:00
35143,ELLAHLAKES,2026-03-27,11.95,,,11.95,3233471,2026-03-27T15:00:02.114662+00:00
278150,ELLAHLAKES,2026-03-30,11.9,,,11.9,10185664,2026-04-08T04:37:47.74327+00:00
35291,ELLAHLAKES,2026-03-31,12.0,,,12.0,5217773,2026-03-31T15:00:02.085058+00:00
278390,ELLAHLAKES,2026-04-01,11.95,,,11.95,6403004,2026-04-08T04:37:52.684906+00:00
35439,ELLAHLAKES,2026-04-02,12.0,,,12.0,8605368,2026-04-02T15:00:01.864809+00:00
35883,ELLAHLAKES,2026-04-07,10.8,,,10.8,40563883,2026-04-07T15:00:01.949344+00:00
278780,ELLAHLAKES,2026-04-08,10.0,,,10.0,45001473,2026-04-08T15:00:01.943007+00:00
278927,ELLAHLAKES,2026-04-09,10.0,,,10.0,9211267,2026-04-09T15:00:02.085141+00:00
279073,ELLAHLAKES,2026-04-10,10.0,,,10.0,10231321,2026-04-10T15:00:01.352272+00:00
279219,ELLAHLAKES,2026-04-13,9.9,,,9.9,10009918,2026-04-13T15:00:02.021173+00:00
279365,ELLAHLAKES,2026-04-14,10.2,,,10.2,4042915,2026-04-14T15:00:02.477878+00:00
279511,ELLAHLAKES,2026-04-15,10.85,,,10.85,6021886,2026-04-15T15:00:02.184222+00:00
279657,ELLAHLAKES,2026-04-16,10.8,,,10.8,6141542,2026-04-16T15:00:02.07143+00:00
279803,ELLAHLAKES,2026-04-17,10.4,,,10.4,12026857,2026-04-17T15:00:02.06245+00:00
279949,ELLAHLAKES,2026-04-20,10.3,,,10.3,9629725,2026-04-20T15:00:01.862344+00:00
280095,ELLAHLAKES,2026-04-21,10.2,,,10.2,5401839,2026-04-21T15:00:02.189846+00:00
280241,ELLAHLAKES,2026-04-22,10.4,,,10.4,4115122,2026-04-22T15:00:02.200159+00:00
280387,ELLAHLAKES,2026-04-23,10.95,,,10.95,5683065,2026-04-23T15:00:02.125151+00:00
280533,ELLAHLAKES,2026-04-24,11.25,,,11.25,3018512,2026-04-24T15:00:02.20649+00:00
280679,ELLAHLAKES,2026-04-27,11.05,,,11.05,7145822,2026-04-27T15:00:02.034997+00:00
280825,ELLAHLAKES,2026-04-28,10.9,,,10.9,8415582,2026-04-28T15:00:01.918241+00:00
280971,ELLAHLAKES,2026-04-29,10.0,,,10.0,6263313,2026-04-29T15:00:02.672724+00:00
281117,ELLAHLAKES,2026-04-30,9.95,,,9.95,5720551,2026-04-30T15:00:02.170664+00:00
281409,ELLAHLAKES,2026-05-04,10.9,,,10.9,5409685,2026-05-04T15:00:02.156928+00:00
281555,ELLAHLAKES,2026-05-05,11.3,,,11.3,12609570,2026-05-05T15:00:01.930748+00:00
281701,ELLAHLAKES,2026-05-06,11.0,,,11.0,4586626,2026-05-06T15:00:01.919787+00:00
281847,ELLAHLAKES,2026-05-07,10.55,,,10.55,3977125,2026-05-07T15:00:01.995523+00:00
281993,ELLAHLAKES,2026-05-08,10.0,,,10.0,17305903,2026-05-08T15:00:02.118161+00:00
282139,ELLAHLAKES,2026-05-11,10.05,,,10.05,11288731,2026-05-11T15:00:02.243132+00:00
282285,ELLAHLAKES,2026-05-12,10.65,,,10.65,8539163,2026-05-12T15:00:02.325735+00:00
282431,ELLAHLAKES,2026-05-13,10.5,,,10.5,4052952,2026-05-13T15:00:01.887561+00:00
282577,ELLAHLAKES,2026-05-14,10.0,,,10.0,12090373,2026-05-14T15:00:01.952989+00:00
282723,ELLAHLAKES,2026-05-15,10.4,,,10.4,4782367,2026-05-15T15:00:01.871578+00:00
282869,ELLAHLAKES,2026-05-18,10.95,,,10.95,9138052,2026-05-18T15:00:01.868607+00:00
283015,ELLAHLAKES,2026-05-19,10.9,,,10.9,8034095,2026-05-19T15:00:01.863653+00:00
283161,ELLAHLAKES,2026-05-20,11.35,,,11.35,13525556,2026-05-20T15:00:01.871845+00:00
283307,ELLAHLAKES,2026-05-21,11.0,,,11.0,4577572,2026-05-21T15:00:01.939198+00:00
283453,ELLAHLAKES,2026-05-22,10.4,,,10.4,3782291,2026-05-22T15:00:02.031345+00:00
283599,ELLAHLAKES,2026-05-25,10.15,,,10.15,7825910,2026-05-25T15:00:01.979384+00:00
283745,ELLAHLAKES,2026-05-26,10.0,,,10.0,5643404,2026-05-26T15:00:01.996051+00:00
284183,ELLAHLAKES,2026-05-29,10.0,,,10.0,14652599,2026-05-29T15:00:02.455558+00:00
284329,ELLAHLAKES,2026-06-01,10.0,,,10.0,5411549,2026-06-01T15:00:02.603507+00:00
284475,ELLAHLAKES,2026-06-02,10.3,,,10.3,2943578,2026-06-02T15:00:02.980523+00:00
284621,ELLAHLAKES,2026-06-03,9.95,,,9.95,32381537,2026-06-03T15:00:03.023028+00:00
284767,ELLAHLAKES,2026-06-04,9.0,,,9.0,5276043,2026-06-04T15:00:03.321931+00:00
284913,ELLAHLAKES,2026-06-05,10.0,,,10.0,76157410,2026-06-05T15:00:03.073061+00:00
285059,ELLAHLAKES,2026-06-08,9.9,,,9.9,4616911,2026-06-08T15:00:03.135386+00:00
285205,ELLAHLAKES,2026-06-09,10.0,,,10.0,2769279,2026-06-09T15:00:03.53749+00:00
285351,ELLAHLAKES,2026-06-10,9.85,,,9.85,3609675,2026-06-10T15:10:03.084397+00:00
285789,ELLAHLAKES,2026-06-11,10.0,,,10.0,2304979,2026-06-11T15:10:02.991492+00:00
287541,ELLAHLAKES,2026-06-15,9.8,,,9.8,3999411,2026-06-15T15:10:02.896252+00:00
288417,ELLAHLAKES,2026-06-16,9.0,,,9.0,6849581,2026-06-16T15:10:02.87997+00:00
289293,ELLAHLAKES,2026-06-17,8.65,,,8.65,6059925,2026-06-17T15:10:02.980097+00:00
289731,ELLAHLAKES,2026-06-18,9.0,,,9.0,3808913,2026-06-18T15:10:02.932064+00:00
290315,ELLAHLAKES,2026-06-19,8.75,,,8.75,5901024,2026-06-19T15:10:02.959085+00:00
291045,ELLAHLAKES,2026-06-22,8.6,,,8.6,2181203,2026-06-22T15:10:03.140564+00:00
291629,ELLAHLAKES,2026-06-23,8.9,,,8.9,3399862,2026-06-23T15:10:03.017319+00:00
292213,ELLAHLAKES,2026-06-24,8.6,,,8.6,4681384,2026-06-24T15:10:03.053149+00:00
292797,ELLAHLAKES,2026-06-25,9.0,,,9.0,2456704,2026-06-25T15:10:02.973562+00:00
293235,ELLAHLAKES,2026-06-26,8.35,,,8.35,2808072,2026-06-26T15:10:03.012808+00:00
293673,ELLAHLAKES,2026-06-29,8.35,,,8.35,5146694,2026-06-29T15:10:03.028054+00:00
294111,ELLAHLAKES,2026-06-30,8.35,,,8.35,6500287,2026-06-30T15:10:03.08168+00:00
294549,ELLAHLAKES,2026-07-01,8.5,,,8.5,1357339,2026-07-01T15:10:03.133226+00:00
294987,ELLAHLAKES,2026-07-02,8.5,,,8.5,2597704,2026-07-02T15:10:03.065554+00:00
295425,ELLAHLAKES,2026-07-03,8.45,,,8.45,5166394,2026-07-03T15:10:03.019266+00:00
295863,ELLAHLAKES,2026-07-06,8.2,,,8.2,6081538,2026-07-06T15:10:03.100823+00:00
296301,ELLAHLAKES,2026-07-07,8.4,,,8.4,6088266,2026-07-07T15:10:03.687653+00:00
296739,ELLAHLAKES,2026-07-08,8.95,,,8.95,6752339,2026-07-08T15:10:02.922872+00:00
297177,ELLAHLAKES,2026-07-09,9.05,,,9.05,11515974,2026-07-09T15:10:03.041812+00:00
297615,ELLAHLAKES,2026-07-10,9.0,,,9.0,11399330,2026-07-10T15:10:03.284445+00:00
298053,ELLAHLAKES,2026-07-13,8.75,,,8.75,7004984,2026-07-13T15:10:02.995074+00:00
298491,ELLAHLAKES,2026-07-14,8.55,,,8.55,9521217,2026-07-14T15:10:03.094441+00:00
298929,ELLAHLAKES,2026-07-15,8.95,,,8.95,2351435,2026-07-15T15:10:03.078609+00:00
299367,ELLAHLAKES,2026-07-16,8.95,,,8.95,2042964,2026-07-16T15:10:03.113936+00:00
299805,ELLAHLAKES,2026-07-17,9.0,,,9.0,4107698,2026-07-17T15:10:03.053983+00:00
