id,symbol,trade_date,open_price,high_price,low_price,close_price,volume,created_at
42826,FCMB,2017-01-03,1.1,,,1.1,17981719,2026-04-08T02:41:25.765521+00:00
43386,FCMB,2017-01-04,1.11,,,1.11,1346011,2026-04-08T02:42:20.164398+00:00
43496,FCMB,2017-01-05,1.12,,,1.12,5449592,2026-04-08T02:42:22.380516+00:00
43606,FCMB,2017-01-06,1.17,,,1.17,35871331,2026-04-08T02:42:23.84796+00:00
43696,FCMB,2017-01-09,1.28,,,1.28,9482672,2026-04-08T02:42:26.938159+00:00
43806,FCMB,2017-01-10,1.3,,,1.3,37135120,2026-04-08T02:42:29.227202+00:00
43916,FCMB,2017-01-11,1.28,,,1.28,14301380,2026-04-08T02:42:30.799441+00:00
44006,FCMB,2017-01-12,1.27,,,1.27,3567979,2026-04-08T02:42:32.390658+00:00
44136,FCMB,2017-01-13,1.26,,,1.26,4985018,2026-04-08T02:42:34.853543+00:00
44226,FCMB,2017-01-16,1.26,,,1.26,10693113,2026-04-08T02:42:38.72803+00:00
44336,FCMB,2017-01-17,1.32,,,1.32,18417671,2026-04-08T02:42:41.056228+00:00
44446,FCMB,2017-01-18,1.34,,,1.34,15468697,2026-04-08T02:42:42.795307+00:00
44536,FCMB,2017-01-19,1.31,,,1.31,4604724,2026-04-08T02:42:44.39781+00:00
44646,FCMB,2017-01-20,1.33,,,1.33,7120676,2026-04-08T02:42:46.643743+00:00
44756,FCMB,2017-01-23,1.34,,,1.34,5013357,2026-04-08T02:42:49.827664+00:00
44866,FCMB,2017-01-24,1.33,,,1.33,10575850,2026-04-08T02:42:51.574002+00:00
44956,FCMB,2017-01-25,1.32,,,1.32,14278716,2026-04-08T02:42:54.05787+00:00
45066,FCMB,2017-01-26,1.32,,,1.32,8386162,2026-04-08T02:42:55.759+00:00
45176,FCMB,2017-01-27,1.35,,,1.35,11549094,2026-04-08T02:42:57.462271+00:00
45286,FCMB,2017-01-30,1.33,,,1.33,4166762,2026-04-08T02:43:00.905282+00:00
45396,FCMB,2017-01-31,1.33,,,1.33,5742103,2026-04-08T02:43:03.07753+00:00
45506,FCMB,2017-02-01,1.32,,,1.32,4368306,2026-04-08T02:43:04.619173+00:00
45596,FCMB,2017-02-02,1.31,,,1.31,8388144,2026-04-08T02:43:06.209007+00:00
45706,FCMB,2017-02-03,1.3,,,1.3,4502324,2026-04-08T02:43:08.490666+00:00
45816,FCMB,2017-02-06,1.3,,,1.3,13259058,2026-04-08T02:43:11.037852+00:00
45926,FCMB,2017-02-07,1.3,,,1.3,10504273,2026-04-08T02:43:12.662822+00:00
46016,FCMB,2017-02-08,1.3,,,1.3,4518263,2026-04-08T02:43:14.224877+00:00
46127,FCMB,2017-02-09,1.3,,,1.3,162422,2026-04-08T02:43:16.408746+00:00
46238,FCMB,2017-02-10,1.34,,,1.34,6629032,2026-04-08T02:43:18.597686+00:00
46330,FCMB,2017-02-13,1.33,,,1.33,5895822,2026-04-08T02:43:22.775561+00:00
46442,FCMB,2017-02-14,1.31,,,1.31,5826484,2026-04-08T02:43:24.286485+00:00
46554,FCMB,2017-02-15,1.31,,,1.31,3530043,2026-04-08T02:43:26.422065+00:00
46666,FCMB,2017-02-16,1.3,,,1.3,13098256,2026-04-08T02:43:28.597754+00:00
46758,FCMB,2017-02-17,1.3,,,1.3,21297379,2026-04-08T02:43:31.044717+00:00
49426,FCMB,2017-02-20,1.28,,,1.28,3630515,2026-04-08T02:51:00.639833+00:00
49518,FCMB,2017-02-21,1.3,,,1.3,4730065,2026-04-08T02:51:03.098475+00:00
46850,FCMB,2017-02-22,1.3,,,1.3,3330464,2026-04-08T02:44:33.152084+00:00
46942,FCMB,2017-02-23,1.3,,,1.3,28961679,2026-04-08T02:44:35.448225+00:00
47034,FCMB,2017-02-24,1.29,,,1.29,4675515,2026-04-08T02:44:37.781529+00:00
47126,FCMB,2017-02-27,1.27,,,1.27,1904479,2026-04-08T02:44:42.101817+00:00
47218,FCMB,2017-02-28,1.23,,,1.23,1259564,2026-04-08T02:44:45.006295+00:00
47310,FCMB,2017-03-01,1.17,,,1.17,1506495,2026-04-08T02:44:47.332471+00:00
47402,FCMB,2017-03-02,1.2,,,1.2,1048891,2026-04-08T02:44:49.657807+00:00
47494,FCMB,2017-03-03,1.2,,,1.2,6303160,2026-04-08T02:44:51.301699+00:00
47586,FCMB,2017-03-06,1.2,,,1.2,2090181,2026-04-08T02:44:56.024588+00:00
47678,FCMB,2017-03-07,1.2,,,1.2,1722945,2026-04-08T02:44:58.263872+00:00
47770,FCMB,2017-03-08,1.2,,,1.2,2592107,2026-04-08T02:44:59.957789+00:00
47862,FCMB,2017-03-09,1.2,,,1.2,6362028,2026-04-08T02:45:01.661944+00:00
47954,FCMB,2017-03-10,1.2,,,1.2,1770407,2026-04-08T02:45:03.96312+00:00
48046,FCMB,2017-03-13,1.19,,,1.19,1666418,2026-04-08T02:45:08.663664+00:00
48138,FCMB,2017-03-14,1.18,,,1.18,3048091,2026-04-08T02:45:11.088473+00:00
48230,FCMB,2017-03-15,1.2,,,1.2,2272496,2026-04-08T02:45:12.861206+00:00
48322,FCMB,2017-03-16,1.2,,,1.2,5422903,2026-04-08T02:45:15.084197+00:00
48414,FCMB,2017-03-17,1.25,,,1.25,7722042,2026-04-08T02:45:17.543831+00:00
48506,FCMB,2017-03-20,1.19,,,1.19,12959486,2026-04-08T02:45:21.873889+00:00
48598,FCMB,2017-03-21,1.23,,,1.23,11648931,2026-04-08T02:45:25.078347+00:00
48690,FCMB,2017-03-22,1.25,,,1.25,11502389,2026-04-08T02:45:26.626215+00:00
48782,FCMB,2017-03-23,1.23,,,1.23,5301401,2026-04-08T02:45:28.377346+00:00
48874,FCMB,2017-03-24,1.25,,,1.25,2832282,2026-04-08T02:45:30.775015+00:00
48966,FCMB,2017-03-27,1.25,,,1.25,4134753,2026-04-08T02:45:34.704999+00:00
49058,FCMB,2017-03-28,1.25,,,1.25,8532909,2026-04-08T02:45:36.347457+00:00
49150,FCMB,2017-03-29,1.17,,,1.17,4064331,2026-04-08T02:45:38.731306+00:00
49242,FCMB,2017-03-30,1.17,,,1.17,31885696,2026-04-08T02:45:40.513553+00:00
49334,FCMB,2017-03-31,1.21,,,1.21,20940808,2026-04-08T02:45:42.281198+00:00
49610,FCMB,2017-04-03,1.21,,,1.21,1122974,2026-04-08T02:51:07.481095+00:00
49702,FCMB,2017-04-04,1.21,,,1.21,3577401,2026-04-08T02:51:09.86923+00:00
49794,FCMB,2017-04-05,1.17,,,1.17,1434694,2026-04-08T02:51:12.308135+00:00
49886,FCMB,2017-04-06,1.17,,,1.17,8573016,2026-04-08T02:51:14.846493+00:00
49978,FCMB,2017-04-07,1.15,,,1.15,13260331,2026-04-08T02:51:17.320635+00:00
50069,FCMB,2017-04-10,1.16,,,1.16,8769520,2026-04-08T02:51:21.583607+00:00
50160,FCMB,2017-04-11,1.12,,,1.12,27350135,2026-04-08T02:51:23.796131+00:00
50251,FCMB,2017-04-12,1.11,,,1.11,36129382,2026-04-08T02:51:26.28287+00:00
50342,FCMB,2017-04-13,1.01,,,1.01,32032769,2026-04-08T02:51:28.606475+00:00
50433,FCMB,2017-04-18,0.99,,,0.99,7031419,2026-04-08T02:51:35.070654+00:00
50524,FCMB,2017-04-19,0.99,,,0.99,16446054,2026-04-08T02:51:37.390681+00:00
50615,FCMB,2017-04-20,1.0,,,1.0,13802909,2026-04-08T02:51:39.751187+00:00
50706,FCMB,2017-04-21,1.0,,,1.0,35514341,2026-04-08T02:51:42.059234+00:00
50797,FCMB,2017-04-24,0.99,,,0.99,13729119,2026-04-08T02:51:46.271638+00:00
50888,FCMB,2017-04-25,1.0,,,1.0,16418776,2026-04-08T02:51:48.506234+00:00
50979,FCMB,2017-04-26,1.02,,,1.02,6984904,2026-04-08T02:51:50.787758+00:00
51070,FCMB,2017-04-27,1.01,,,1.01,14898939,2026-04-08T02:51:53.168104+00:00
51161,FCMB,2017-04-28,0.96,,,0.96,14118288,2026-04-08T02:51:55.619599+00:00
51252,FCMB,2017-05-02,0.93,,,0.93,6376995,2026-04-08T02:52:01.291461+00:00
51343,FCMB,2017-05-03,0.93,,,0.93,16269981,2026-04-08T02:52:03.619408+00:00
51434,FCMB,2017-05-04,0.93,,,0.93,6850848,2026-04-08T02:52:06.041901+00:00
51525,FCMB,2017-05-05,0.96,,,0.96,11359020,2026-04-08T02:52:08.320033+00:00
51616,FCMB,2017-05-08,0.96,,,0.96,17336742,2026-04-08T02:52:12.828428+00:00
51707,FCMB,2017-05-09,1.0,,,1.0,243863948,2026-04-08T02:52:15.102333+00:00
51798,FCMB,2017-05-10,1.09,,,1.09,19259562,2026-04-08T02:52:17.709352+00:00
51889,FCMB,2017-05-11,1.15,,,1.15,132976030,2026-04-08T02:52:19.900179+00:00
51980,FCMB,2017-05-12,1.1,,,1.1,45439401,2026-04-08T02:52:22.170941+00:00
52072,FCMB,2017-05-15,1.07,,,1.07,14835091,2026-04-08T02:52:26.563035+00:00
52164,FCMB,2017-05-16,1.12,,,1.12,19419270,2026-04-08T02:52:28.807233+00:00
52256,FCMB,2017-05-17,1.15,,,1.15,6722014,2026-04-08T02:52:31.099411+00:00
52348,FCMB,2017-05-18,1.14,,,1.14,6622542,2026-04-08T02:52:33.303088+00:00
52440,FCMB,2017-05-19,1.16,,,1.16,9277297,2026-04-08T02:52:35.640534+00:00
52532,FCMB,2017-05-22,1.15,,,1.15,6732800,2026-04-08T02:52:39.854932+00:00
52624,FCMB,2017-05-23,1.1,,,1.1,10855497,2026-04-08T02:52:42.264162+00:00
52716,FCMB,2017-05-24,1.12,,,1.12,6283692,2026-04-08T02:52:44.613941+00:00
52808,FCMB,2017-05-25,1.16,,,1.16,14899446,2026-04-08T02:52:46.963191+00:00
52900,FCMB,2017-05-26,1.19,,,1.19,28061718,2026-04-08T02:52:49.347152+00:00
52992,FCMB,2017-05-30,1.18,,,1.18,45918537,2026-04-08T02:52:54.942696+00:00
53084,FCMB,2017-05-31,1.15,,,1.15,10391013,2026-04-08T02:52:57.421655+00:00
53176,FCMB,2017-06-01,1.2,,,1.2,44791705,2026-04-08T02:52:59.649981+00:00
53268,FCMB,2017-06-02,1.25,,,1.25,60135789,2026-04-08T02:53:02.056444+00:00
53360,FCMB,2017-06-05,1.36,,,1.36,84589344,2026-04-08T02:53:06.428901+00:00
53452,FCMB,2017-06-06,1.35,,,1.35,59742014,2026-04-08T02:53:08.604609+00:00
53544,FCMB,2017-06-07,1.26,,,1.26,22529223,2026-04-08T02:53:10.833265+00:00
53636,FCMB,2017-06-08,1.32,,,1.32,49357740,2026-04-08T02:53:13.196386+00:00
53728,FCMB,2017-06-09,1.41,,,1.41,105746112,2026-04-08T02:53:15.53674+00:00
53820,FCMB,2017-06-12,1.41,,,1.41,60377048,2026-04-08T02:53:19.709801+00:00
53912,FCMB,2017-06-13,1.42,,,1.42,41459591,2026-04-08T02:53:22.046011+00:00
54004,FCMB,2017-06-14,1.37,,,1.37,35074863,2026-04-08T02:53:24.253383+00:00
54096,FCMB,2017-06-15,1.38,,,1.38,23044191,2026-04-08T02:53:26.527181+00:00
54188,FCMB,2017-06-16,1.36,,,1.36,7336837,2026-04-08T02:53:28.80273+00:00
54280,FCMB,2017-06-19,1.36,,,1.36,10017455,2026-04-08T02:53:33.036647+00:00
54372,FCMB,2017-06-20,1.3,,,1.3,17794456,2026-04-08T02:53:35.524675+00:00
54464,FCMB,2017-06-21,1.3,,,1.3,28477096,2026-04-08T02:53:37.865913+00:00
54556,FCMB,2017-06-22,1.24,,,1.24,4224573,2026-04-08T02:53:40.094955+00:00
54648,FCMB,2017-06-23,1.19,,,1.19,31426329,2026-04-08T02:53:42.493578+00:00
54740,FCMB,2017-06-28,1.22,,,1.22,25059928,2026-04-08T02:53:49.135881+00:00
54832,FCMB,2017-06-29,1.28,,,1.28,16678975,2026-04-08T02:53:51.51214+00:00
54924,FCMB,2017-06-30,1.25,,,1.25,10310510,2026-04-08T02:53:53.827964+00:00
55016,FCMB,2017-07-03,1.27,,,1.27,6874286,2026-04-08T02:53:58.279599+00:00
55108,FCMB,2017-07-04,1.21,,,1.21,8830590,2026-04-08T02:54:00.563227+00:00
55200,FCMB,2017-07-05,1.15,,,1.15,9528491,2026-04-08T02:54:02.831513+00:00
55292,FCMB,2017-07-06,1.2,,,1.2,2749432,2026-04-08T02:54:05.078114+00:00
55384,FCMB,2017-07-07,1.24,,,1.24,3283654,2026-04-08T02:54:07.286065+00:00
55476,FCMB,2017-07-10,1.27,,,1.27,18717749,2026-04-08T02:54:11.798817+00:00
55568,FCMB,2017-07-11,1.24,,,1.24,12191348,2026-04-08T02:54:14.116532+00:00
55658,FCMB,2017-07-12,1.24,,,1.24,4766367,2026-04-08T02:54:16.498015+00:00
55745,FCMB,2017-07-13,1.26,,,1.26,8839486,2026-04-08T02:54:18.840036+00:00
55834,FCMB,2017-07-14,1.25,,,1.25,6899603,2026-04-08T02:54:21.336813+00:00
55926,FCMB,2017-07-17,1.23,,,1.23,14845818,2026-04-08T02:54:25.561903+00:00
56018,FCMB,2017-07-18,1.24,,,1.24,5406548,2026-04-08T02:54:28.120242+00:00
56110,FCMB,2017-07-19,1.23,,,1.23,7118070,2026-04-08T02:54:30.645734+00:00
56202,FCMB,2017-07-20,1.24,,,1.24,8754430,2026-04-08T02:54:33.025266+00:00
56294,FCMB,2017-07-21,1.25,,,1.25,8484213,2026-04-08T02:54:35.480817+00:00
56386,FCMB,2017-07-24,1.26,,,1.26,4314567,2026-04-08T02:54:39.934321+00:00
56478,FCMB,2017-07-26,1.3,,,1.3,15816445,2026-04-08T02:54:43.20598+00:00
56570,FCMB,2017-07-27,1.3,,,1.3,30824458,2026-04-08T02:54:45.547579+00:00
56662,FCMB,2017-07-28,1.31,,,1.31,16411227,2026-04-08T02:54:47.918804+00:00
56754,FCMB,2017-07-31,1.25,,,1.25,127605064,2026-04-08T02:54:52.464984+00:00
56846,FCMB,2017-08-01,1.25,,,1.25,27851201,2026-04-08T02:54:54.790805+00:00
56938,FCMB,2017-08-02,1.25,,,1.25,7747627,2026-04-08T02:54:57.117603+00:00
57030,FCMB,2017-08-03,1.22,,,1.22,6631406,2026-04-08T02:54:59.3729+00:00
57122,FCMB,2017-08-04,1.22,,,1.22,21747117,2026-04-08T02:55:01.592641+00:00
57214,FCMB,2017-08-07,1.21,,,1.21,7831552,2026-04-08T02:55:06.418828+00:00
57306,FCMB,2017-08-08,1.22,,,1.22,20207851,2026-04-08T02:55:08.763983+00:00
57398,FCMB,2017-08-09,1.22,,,1.22,47217423,2026-04-08T02:55:11.057796+00:00
57490,FCMB,2017-08-10,1.22,,,1.22,47166217,2026-04-08T02:55:13.401484+00:00
57582,FCMB,2017-08-11,1.21,,,1.21,9570275,2026-04-08T02:55:15.670877+00:00
57674,FCMB,2017-08-14,1.21,,,1.21,4876379,2026-04-08T02:55:20.026285+00:00
57766,FCMB,2017-08-15,1.21,,,1.21,8819317,2026-04-08T02:55:22.633816+00:00
57858,FCMB,2017-08-16,1.15,,,1.15,3868373,2026-04-08T02:55:24.979188+00:00
57950,FCMB,2017-08-17,1.12,,,1.12,14110012,2026-04-08T02:55:27.3994+00:00
58042,FCMB,2017-08-18,1.18,,,1.18,9074555,2026-04-08T02:55:29.67842+00:00
58134,FCMB,2017-08-21,1.2,,,1.2,6654355,2026-04-08T02:55:34.023067+00:00
58226,FCMB,2017-08-22,1.18,,,1.18,6063850,2026-04-08T02:55:36.334754+00:00
58318,FCMB,2017-08-23,1.17,,,1.17,8921849,2026-04-08T02:55:38.717606+00:00
58410,FCMB,2017-08-24,1.18,,,1.18,4244247,2026-04-08T02:55:41.242089+00:00
58502,FCMB,2017-08-25,1.15,,,1.15,7100600,2026-04-08T02:55:43.579232+00:00
58594,FCMB,2017-08-28,1.13,,,1.13,7583465,2026-04-08T02:55:48.020598+00:00
58686,FCMB,2017-08-29,1.12,,,1.12,17332940,2026-04-08T02:55:50.281022+00:00
58778,FCMB,2017-08-30,1.1,,,1.1,2189016,2026-04-08T02:55:52.499005+00:00
58870,FCMB,2017-08-31,1.07,,,1.07,4358123,2026-04-08T02:55:54.947048+00:00
58962,FCMB,2017-09-05,1.1,,,1.1,3615929,2026-04-08T02:56:01.572419+00:00
59054,FCMB,2017-09-06,1.1,,,1.1,11138284,2026-04-08T02:56:03.885356+00:00
59146,FCMB,2017-09-07,1.06,,,1.06,9129456,2026-04-08T02:56:06.19045+00:00
59238,FCMB,2017-09-11,1.07,,,1.07,4056991,2026-04-08T02:56:11.370569+00:00
59330,FCMB,2017-09-12,1.08,,,1.08,2227310,2026-04-08T02:56:13.892416+00:00
59422,FCMB,2017-09-13,1.1,,,1.1,2658652,2026-04-08T02:56:16.312215+00:00
59514,FCMB,2017-09-14,1.08,,,1.08,2028452,2026-04-08T02:56:18.601168+00:00
59606,FCMB,2017-09-15,1.06,,,1.06,3055299,2026-04-08T02:56:20.93666+00:00
59698,FCMB,2017-09-16,1.02,,,1.02,12623539,2026-04-08T02:56:23.148937+00:00
59790,FCMB,2017-09-19,1.03,,,1.03,12581912,2026-04-08T02:56:27.358465+00:00
59882,FCMB,2017-09-20,1.02,,,1.02,11827219,2026-04-08T02:56:29.683375+00:00
59974,FCMB,2017-09-21,1.04,,,1.04,29363113,2026-04-08T02:56:31.851594+00:00
60066,FCMB,2017-09-22,1.02,,,1.02,14445793,2026-04-08T02:56:34.007646+00:00
60158,FCMB,2017-09-25,1.06,,,1.06,9570735,2026-04-08T02:56:38.385386+00:00
60250,FCMB,2017-09-26,1.06,,,1.06,5506548,2026-04-08T02:56:40.657356+00:00
60342,FCMB,2017-09-27,1.08,,,1.08,4565524,2026-04-08T02:56:42.968732+00:00
60434,FCMB,2017-09-28,1.07,,,1.07,4511904,2026-04-08T02:56:45.128996+00:00
60526,FCMB,2017-09-29,1.07,,,1.07,3088294,2026-04-08T02:56:47.398677+00:00
60618,FCMB,2017-10-03,1.07,,,1.07,370405758,2026-04-08T02:56:52.779733+00:00
60710,FCMB,2017-10-04,1.07,,,1.07,2802690,2026-04-08T02:56:55.065177+00:00
60802,FCMB,2017-10-05,1.03,,,1.03,9546239,2026-04-08T02:56:57.377802+00:00
60894,FCMB,2017-10-06,1.05,,,1.05,1713147,2026-04-08T02:56:59.661092+00:00
60986,FCMB,2017-10-09,1.06,,,1.06,8108084,2026-04-08T02:57:04.043492+00:00
61078,FCMB,2017-10-10,1.06,,,1.06,14593662,2026-04-08T02:57:06.326055+00:00
61170,FCMB,2017-10-11,1.05,,,1.05,1902825,2026-04-08T02:57:08.620281+00:00
61262,FCMB,2017-10-12,1.05,,,1.05,2668618,2026-04-08T02:57:10.950839+00:00
61354,FCMB,2017-10-13,1.05,,,1.05,14260212,2026-04-08T02:57:13.525709+00:00
61446,FCMB,2017-10-16,1.05,,,1.05,15592802,2026-04-08T02:57:17.895676+00:00
61538,FCMB,2017-10-17,1.07,,,1.07,3124719,2026-04-08T02:57:20.31307+00:00
61630,FCMB,2017-10-18,1.07,,,1.07,2393273,2026-04-08T02:57:22.526226+00:00
61722,FCMB,2017-10-19,1.07,,,1.07,4008902,2026-04-08T02:57:24.865827+00:00
61814,FCMB,2017-10-20,1.05,,,1.05,4055521,2026-04-08T02:57:27.091081+00:00
61906,FCMB,2017-10-23,1.04,,,1.04,6298041,2026-04-08T02:57:31.703062+00:00
61998,FCMB,2017-10-24,1.05,,,1.05,5663552,2026-04-08T02:57:34.020008+00:00
62090,FCMB,2017-10-25,1.05,,,1.05,9254174,2026-04-08T02:57:36.254878+00:00
62182,FCMB,2017-10-26,1.06,,,1.06,31722206,2026-04-08T02:57:38.639324+00:00
62274,FCMB,2017-10-27,1.1,,,1.1,20387528,2026-04-08T02:57:40.810349+00:00
62366,FCMB,2017-10-30,1.09,,,1.09,4864649,2026-04-08T02:57:45.233404+00:00
62458,FCMB,2017-10-31,1.07,,,1.07,12781744,2026-04-08T02:57:47.538171+00:00
62550,FCMB,2017-11-01,1.07,,,1.07,5702788,2026-04-08T02:57:49.900698+00:00
62642,FCMB,2017-11-02,1.08,,,1.08,3941699,2026-04-08T02:57:52.192143+00:00
62734,FCMB,2017-11-03,1.08,,,1.08,27351317,2026-04-08T02:57:54.512232+00:00
62826,FCMB,2017-11-06,1.12,,,1.12,7168890,2026-04-08T02:57:59.23147+00:00
62918,FCMB,2017-11-07,1.17,,,1.17,11131912,2026-04-08T02:58:01.524363+00:00
63010,FCMB,2017-11-08,1.2,,,1.2,17445099,2026-04-08T02:58:03.79912+00:00
63102,FCMB,2017-11-09,1.19,,,1.19,10648254,2026-04-08T02:58:06.050925+00:00
63194,FCMB,2017-11-10,1.14,,,1.14,15757504,2026-04-08T02:58:08.423322+00:00
63286,FCMB,2017-11-13,1.15,,,1.15,4445628,2026-04-08T02:58:12.832851+00:00
63378,FCMB,2017-11-14,1.14,,,1.14,8028420,2026-04-08T02:58:15.182817+00:00
63470,FCMB,2017-11-15,1.12,,,1.12,6154910,2026-04-08T02:58:17.483941+00:00
63562,FCMB,2017-11-16,1.1,,,1.1,4618959,2026-04-08T02:58:19.932158+00:00
63654,FCMB,2017-11-17,1.1,,,1.1,2558466,2026-04-08T02:58:22.230505+00:00
63746,FCMB,2017-11-20,1.11,,,1.11,7698250,2026-04-08T02:58:26.609741+00:00
63838,FCMB,2017-11-21,1.13,,,1.13,29739395,2026-04-08T02:58:29.044371+00:00
63930,FCMB,2017-11-22,1.13,,,1.13,4725813,2026-04-08T02:58:31.282092+00:00
64022,FCMB,2017-11-23,1.13,,,1.13,3700995,2026-04-08T02:58:33.589475+00:00
64114,FCMB,2017-11-24,1.12,,,1.12,8484654,2026-04-08T02:58:35.965247+00:00
64206,FCMB,2017-11-27,1.07,,,1.07,12077911,2026-04-08T02:58:40.303262+00:00
64298,FCMB,2017-11-28,1.06,,,1.06,30426355,2026-04-08T02:58:42.596324+00:00
64390,FCMB,2017-11-29,1.14,,,1.14,31691250,2026-04-08T02:58:44.979081+00:00
64482,FCMB,2017-11-30,1.15,,,1.15,32210477,2026-04-08T02:58:47.226359+00:00
64574,FCMB,2017-12-04,1.13,,,1.13,23558518,2026-04-08T02:58:52.54699+00:00
64666,FCMB,2017-12-05,1.21,,,1.21,13797359,2026-04-08T02:58:54.773083+00:00
64758,FCMB,2017-12-06,1.32,,,1.32,25548766,2026-04-08T02:58:57.263783+00:00
64850,FCMB,2017-12-07,1.32,,,1.32,154333695,2026-04-08T02:58:59.55462+00:00
64942,FCMB,2017-12-08,1.32,,,1.32,15973074,2026-04-08T02:59:01.865905+00:00
65034,FCMB,2017-12-11,1.28,,,1.28,13977568,2026-04-08T02:59:06.715792+00:00
65126,FCMB,2017-12-12,1.22,,,1.22,48087025,2026-04-08T02:59:09.170602+00:00
65218,FCMB,2017-12-13,1.28,,,1.28,20769883,2026-04-08T02:59:11.522814+00:00
65310,FCMB,2017-12-14,1.32,,,1.32,33135779,2026-04-08T02:59:13.751616+00:00
65402,FCMB,2017-12-15,1.28,,,1.28,8147462,2026-04-08T02:59:16.016878+00:00
65494,FCMB,2017-12-18,1.29,,,1.29,4010548,2026-04-08T02:59:20.496704+00:00
65586,FCMB,2017-12-19,1.32,,,1.32,11474550,2026-04-08T02:59:22.691103+00:00
65678,FCMB,2017-12-20,1.3,,,1.3,9080208,2026-04-08T02:59:25.001427+00:00
65770,FCMB,2017-12-21,1.35,,,1.35,13162954,2026-04-08T02:59:27.554405+00:00
65862,FCMB,2017-12-22,1.35,,,1.35,11856597,2026-04-08T02:59:29.82771+00:00
65954,FCMB,2017-12-27,1.36,,,1.36,7272308,2026-04-08T02:59:36.63878+00:00
66046,FCMB,2017-12-28,1.41,,,1.41,15978043,2026-04-08T02:59:39.04539+00:00
66138,FCMB,2017-12-29,1.48,,,1.48,12382599,2026-04-08T02:59:41.445401+00:00
66230,FCMB,2018-01-02,1.58,,,1.58,13623842,2026-04-08T02:59:46.944851+00:00
66322,FCMB,2018-01-03,1.73,,,1.73,61153249,2026-04-08T02:59:49.25236+00:00
66414,FCMB,2018-01-04,1.9,,,1.9,163339598,2026-04-08T02:59:51.440942+00:00
66506,FCMB,2018-01-05,1.9,,,1.9,86504444,2026-04-08T02:59:53.632679+00:00
66598,FCMB,2018-01-08,1.99,,,1.99,41161806,2026-04-08T02:59:58.187375+00:00
66690,FCMB,2018-01-09,2.17,,,2.17,74624973,2026-04-08T03:00:00.526076+00:00
66782,FCMB,2018-01-10,2.36,,,2.36,64511490,2026-04-08T03:00:02.789006+00:00
66874,FCMB,2018-01-11,2.52,,,2.52,58602325,2026-04-08T03:00:05.007224+00:00
66966,FCMB,2018-01-12,2.54,,,2.54,112236702,2026-04-08T03:00:07.437621+00:00
67058,FCMB,2018-01-15,2.79,,,2.79,57574452,2026-04-08T03:00:11.967979+00:00
67150,FCMB,2018-01-16,2.99,,,2.99,22996169,2026-04-08T03:00:14.274869+00:00
67242,FCMB,2018-01-17,3.28,,,3.28,50334595,2026-04-08T03:00:16.592861+00:00
67334,FCMB,2018-01-18,3.61,,,3.61,143569301,2026-04-08T03:00:18.874572+00:00
67426,FCMB,2018-01-19,3.49,,,3.49,102531628,2026-04-08T03:00:21.223293+00:00
67518,FCMB,2018-01-22,3.59,,,3.59,76657810,2026-04-08T03:00:25.613479+00:00
67610,FCMB,2018-01-23,3.4,,,3.4,15723750,2026-04-08T03:00:27.792672+00:00
67702,FCMB,2018-01-24,3.07,,,3.07,38589435,2026-04-08T03:00:29.955701+00:00
67794,FCMB,2018-01-25,2.92,,,2.92,21032030,2026-04-08T03:00:32.149736+00:00
67886,FCMB,2018-01-26,3.06,,,3.06,193092630,2026-04-08T03:00:34.314441+00:00
67978,FCMB,2018-01-30,3.22,,,3.22,74048776,2026-04-08T03:00:39.498781+00:00
68070,FCMB,2018-01-31,3.06,,,3.06,63606786,2026-04-08T03:00:41.874276+00:00
68162,FCMB,2018-02-01,2.99,,,2.99,64376544,2026-04-08T03:00:44.260901+00:00
68254,FCMB,2018-02-02,3.04,,,3.04,86555600,2026-04-08T03:00:46.552556+00:00
68346,FCMB,2018-02-05,2.97,,,2.97,101495928,2026-04-08T03:00:50.820837+00:00
68438,FCMB,2018-02-06,2.88,,,2.88,90493662,2026-04-08T03:00:53.862975+00:00
68530,FCMB,2018-02-07,2.84,,,2.84,23553555,2026-04-08T03:00:56.249659+00:00
68622,FCMB,2018-02-08,2.76,,,2.76,32506517,2026-04-08T03:00:58.532515+00:00
68714,FCMB,2018-02-12,2.71,,,2.71,26221749,2026-04-08T03:01:04.382325+00:00
68806,FCMB,2018-02-13,2.55,,,2.55,49224312,2026-04-08T03:01:06.5746+00:00
68898,FCMB,2018-02-14,2.8,,,2.8,54110755,2026-04-08T03:01:08.960618+00:00
68990,FCMB,2018-02-15,2.8,,,2.8,56137889,2026-04-08T03:01:11.158693+00:00
69082,FCMB,2018-02-16,2.66,,,2.66,20608981,2026-04-08T03:01:13.607551+00:00
69174,FCMB,2018-02-19,2.53,,,2.53,35341302,2026-04-08T03:01:18.187191+00:00
69266,FCMB,2018-02-20,2.41,,,2.41,28528199,2026-04-08T03:01:20.554931+00:00
69358,FCMB,2018-02-22,2.3,,,2.3,25327109,2026-04-08T03:01:23.957413+00:00
69450,FCMB,2018-02-26,2.47,,,2.47,18035765,2026-04-08T03:01:29.317338+00:00
69542,FCMB,2018-02-27,2.55,,,2.55,22383971,2026-04-08T03:01:31.58282+00:00
69634,FCMB,2018-02-28,2.53,,,2.53,192863288,2026-04-08T03:01:33.916623+00:00
69726,FCMB,2018-03-01,2.56,,,2.56,8430442,2026-04-08T03:01:36.321302+00:00
69818,FCMB,2018-03-02,2.54,,,2.54,19685001,2026-04-08T03:01:38.625174+00:00
69910,FCMB,2018-03-05,2.51,,,2.51,7209504,2026-04-08T03:01:43.47208+00:00
70002,FCMB,2018-03-06,2.5,,,2.5,20464455,2026-04-08T03:01:45.677681+00:00
70094,FCMB,2018-03-08,2.58,,,2.58,12048837,2026-04-08T03:01:48.923554+00:00
70186,FCMB,2018-03-09,2.59,,,2.59,7709381,2026-04-08T03:01:51.131195+00:00
70278,FCMB,2018-03-12,2.61,,,2.61,10278813,2026-04-08T03:01:55.382529+00:00
70370,FCMB,2018-03-13,2.65,,,2.65,11311298,2026-04-08T03:01:57.721961+00:00
70462,FCMB,2018-03-14,2.51,,,2.51,25002276,2026-04-08T03:02:00.06799+00:00
70554,FCMB,2018-03-15,2.39,,,2.39,9558141,2026-04-08T03:02:02.587626+00:00
70646,FCMB,2018-03-16,2.39,,,2.39,6580962,2026-04-08T03:02:05.049003+00:00
70738,FCMB,2018-03-19,2.32,,,2.32,7474860,2026-04-08T03:02:09.713694+00:00
70830,FCMB,2018-03-20,2.32,,,2.32,11646436,2026-04-08T03:02:12.039098+00:00
70922,FCMB,2018-03-21,2.43,,,2.43,4031011,2026-04-08T03:02:14.26344+00:00
71014,FCMB,2018-03-22,2.55,,,2.55,8252544,2026-04-08T03:02:16.655807+00:00
71106,FCMB,2018-03-23,2.43,,,2.43,7287480,2026-04-08T03:02:19.005936+00:00
71198,FCMB,2018-03-26,2.43,,,2.43,1757269,2026-04-08T03:02:23.356301+00:00
71290,FCMB,2018-03-27,2.4,,,2.4,4009268,2026-04-08T03:02:25.602463+00:00
71382,FCMB,2018-03-28,2.4,,,2.4,6861024,2026-04-08T03:02:28.271075+00:00
71474,FCMB,2018-03-29,2.38,,,2.38,3532302,2026-04-08T03:02:31.326472+00:00
71566,FCMB,2018-04-03,2.38,,,2.38,9899133,2026-04-08T03:02:37.862294+00:00
71658,FCMB,2018-04-04,2.38,,,2.38,22084515,2026-04-08T03:02:40.086392+00:00
71750,FCMB,2018-04-05,2.4,,,2.4,14543324,2026-04-08T03:02:42.518452+00:00
71842,FCMB,2018-04-09,2.38,,,2.38,22946801,2026-04-08T03:02:48.00481+00:00
71934,FCMB,2018-04-10,2.38,,,2.38,26931556,2026-04-08T03:02:50.293549+00:00
72026,FCMB,2018-04-11,2.35,,,2.35,10505082,2026-04-08T03:02:52.723357+00:00
72118,FCMB,2018-04-12,2.39,,,2.39,13699730,2026-04-08T03:02:54.976434+00:00
72210,FCMB,2018-04-13,2.37,,,2.37,10208826,2026-04-08T03:02:57.419716+00:00
72304,FCMB,2018-04-16,2.4,,,2.4,3886496,2026-04-08T03:03:01.748445+00:00
72397,FCMB,2018-04-17,2.52,,,2.52,952583795,2026-04-08T03:03:04.013915+00:00
72490,FCMB,2018-04-18,2.5,,,2.5,10294470,2026-04-08T03:03:06.304604+00:00
72583,FCMB,2018-04-19,2.4,,,2.4,204104302,2026-04-08T03:03:08.631091+00:00
72676,FCMB,2018-04-20,2.51,,,2.51,12622438,2026-04-08T03:03:11.181142+00:00
72769,FCMB,2018-04-23,2.51,,,2.51,2621044,2026-04-08T03:03:15.702548+00:00
72862,FCMB,2018-04-24,2.45,,,2.45,1566148,2026-04-08T03:03:17.976864+00:00
72955,FCMB,2018-04-25,2.45,,,2.45,3125662,2026-04-08T03:03:20.281484+00:00
73048,FCMB,2018-04-26,2.5,,,2.5,9824169,2026-04-08T03:03:22.503544+00:00
73141,FCMB,2018-04-27,2.47,,,2.47,2741854,2026-04-08T03:03:24.801147+00:00
73234,FCMB,2018-04-30,2.47,,,2.47,3909121,2026-04-08T03:03:29.288658+00:00
73327,FCMB,2018-05-02,2.58,,,2.58,17320794,2026-04-08T03:03:32.97882+00:00
73420,FCMB,2018-05-03,2.52,,,2.52,6861368,2026-04-08T03:03:35.46093+00:00
73513,FCMB,2018-05-04,2.56,,,2.56,11233709,2026-04-08T03:03:38.142449+00:00
73606,FCMB,2018-05-07,2.54,,,2.54,3898404,2026-04-08T03:03:42.835383+00:00
73699,FCMB,2018-05-08,2.53,,,2.53,297522698,2026-04-08T03:03:45.094212+00:00
73792,FCMB,2018-05-09,2.55,,,2.55,4865812,2026-04-08T03:03:47.354492+00:00
73885,FCMB,2018-05-10,2.6,,,2.6,3756420,2026-04-08T03:03:49.581225+00:00
73978,FCMB,2018-05-11,2.54,,,2.54,4414653,2026-04-08T03:03:51.923758+00:00
74071,FCMB,2018-05-14,2.63,,,2.63,17509492,2026-04-08T03:03:56.261604+00:00
74164,FCMB,2018-05-15,2.6,,,2.6,9845172,2026-04-08T03:03:58.63318+00:00
74257,FCMB,2018-05-16,2.6,,,2.6,16889222,2026-04-08T03:04:02.494817+00:00
74350,FCMB,2018-05-17,2.6,,,2.6,25856967,2026-04-08T03:04:04.853265+00:00
74443,FCMB,2018-05-18,2.6,,,2.6,13315477,2026-04-08T03:04:09.280828+00:00
74536,FCMB,2018-05-21,2.55,,,2.55,664905,2026-04-08T03:04:14.640212+00:00
74629,FCMB,2018-05-22,2.5,,,2.5,9343692,2026-04-08T03:04:17.13602+00:00
74722,FCMB,2018-05-24,2.27,,,2.27,4850780,2026-04-08T03:04:20.857799+00:00
74815,FCMB,2018-05-25,2.2,,,2.2,44016928,2026-04-08T03:04:23.533051+00:00
74908,FCMB,2018-05-28,2.0,,,2.0,7686912,2026-04-08T03:04:28.151981+00:00
75001,FCMB,2018-05-31,2.27,,,2.27,5161842,2026-04-08T03:04:33.384321+00:00
75094,FCMB,2018-06-01,2.18,,,2.18,2014548,2026-04-08T03:04:35.846588+00:00
75187,FCMB,2018-06-04,2.25,,,2.25,2642036,2026-04-08T03:04:40.216574+00:00
75280,FCMB,2018-06-05,2.36,,,2.36,6600366,2026-04-08T03:04:42.57091+00:00
75373,FCMB,2018-06-06,2.43,,,2.43,8636273,2026-04-08T03:04:44.928825+00:00
75466,FCMB,2018-06-07,2.43,,,2.43,15294040,2026-04-08T03:04:47.263813+00:00
75559,FCMB,2018-06-08,2.4,,,2.4,14038475,2026-04-08T03:04:49.462509+00:00
75652,FCMB,2018-06-11,2.4,,,2.4,1583216,2026-04-08T03:04:53.988129+00:00
75745,FCMB,2018-06-12,2.3,,,2.3,4048598,2026-04-08T03:04:56.284057+00:00
75838,FCMB,2018-06-13,2.32,,,2.32,905599,2026-04-08T03:04:58.638577+00:00
75931,FCMB,2018-06-14,2.3,,,2.3,1213589,2026-04-08T03:05:00.901161+00:00
76024,FCMB,2018-06-19,2.19,,,2.19,5798965,2026-04-08T03:05:07.639029+00:00
76117,FCMB,2018-06-20,2.19,,,2.19,11614698,2026-04-08T03:05:09.924133+00:00
76210,FCMB,2018-06-21,2.28,,,2.28,5551224,2026-04-08T03:05:12.376626+00:00
76303,FCMB,2018-06-22,2.19,,,2.19,1844137,2026-04-08T03:05:14.680862+00:00
76397,FCMB,2018-06-25,2.11,,,2.11,7163629,2026-04-08T03:05:19.028214+00:00
76491,FCMB,2018-06-26,2.3,,,2.3,5253691,2026-04-08T03:05:21.361472+00:00
76585,FCMB,2018-06-27,2.29,,,2.29,2663679,2026-04-08T03:05:23.730487+00:00
76679,FCMB,2018-06-28,2.29,,,2.29,13981643,2026-04-08T03:05:26.342484+00:00
76773,FCMB,2018-06-29,2.18,,,2.18,4783402,2026-04-08T03:05:28.786725+00:00
76867,FCMB,2018-07-02,2.09,,,2.09,2190976,2026-04-08T03:05:34.742081+00:00
76961,FCMB,2018-07-03,2.08,,,2.08,3118956,2026-04-08T03:05:37.830893+00:00
77055,FCMB,2018-07-04,2.28,,,2.28,13913333,2026-04-08T03:05:40.225299+00:00
77149,FCMB,2018-07-05,2.2,,,2.2,1677371,2026-04-08T03:05:42.479897+00:00
77243,FCMB,2018-07-06,2.18,,,2.18,2421553,2026-04-08T03:05:44.93013+00:00
77337,FCMB,2018-07-09,2.17,,,2.17,769104,2026-04-08T03:05:49.395513+00:00
77431,FCMB,2018-07-10,2.15,,,2.15,4079395,2026-04-08T03:05:51.797285+00:00
77525,FCMB,2018-07-11,2.1,,,2.1,6704161,2026-04-08T03:05:54.14171+00:00
77619,FCMB,2018-07-12,2.11,,,2.11,1313615,2026-04-08T03:05:56.629461+00:00
77713,FCMB,2018-07-13,2.13,,,2.13,2102003,2026-04-08T03:05:59.112955+00:00
77808,FCMB,2018-07-16,2.08,,,2.08,9514380,2026-04-08T03:06:03.612411+00:00
77903,FCMB,2018-07-17,2.08,,,2.08,2117980,2026-04-08T03:06:06.031894+00:00
77998,FCMB,2018-07-18,2.08,,,2.08,1263078,2026-04-08T03:06:08.398083+00:00
78093,FCMB,2018-07-19,2.0,,,2.0,2932746,2026-04-08T03:06:10.625391+00:00
78188,FCMB,2018-07-20,1.96,,,1.96,1156994,2026-04-08T03:06:13.100822+00:00
78283,FCMB,2018-07-23,2.0,,,2.0,5647547,2026-04-08T03:06:17.450644+00:00
78378,FCMB,2018-07-24,1.81,,,1.81,6561178,2026-04-08T03:06:19.846153+00:00
78473,FCMB,2018-07-25,1.8,,,1.8,6887391,2026-04-08T03:06:22.17218+00:00
78568,FCMB,2018-07-26,1.97,,,1.97,19008366,2026-04-08T03:06:24.338643+00:00
78663,FCMB,2018-07-27,2.04,,,2.04,3440018,2026-04-08T03:06:26.70773+00:00
78758,FCMB,2018-07-30,2.0,,,2.0,4866619,2026-04-08T03:06:31.357035+00:00
78853,FCMB,2018-07-31,2.0,,,2.0,8526648,2026-04-08T03:06:33.766078+00:00
78948,FCMB,2018-08-01,2.0,,,2.0,1002195,2026-04-08T03:06:36.22345+00:00
79043,FCMB,2018-08-02,2.0,,,2.0,4527863,2026-04-08T03:06:38.596191+00:00
79138,FCMB,2018-08-03,1.86,,,1.86,5071886,2026-04-08T03:06:41.315743+00:00
79233,FCMB,2018-08-06,1.92,,,1.92,3291306,2026-04-08T03:06:46.359416+00:00
79328,FCMB,2018-08-07,1.99,,,1.99,12945768,2026-04-08T03:06:48.623378+00:00
79423,FCMB,2018-08-08,1.96,,,1.96,1768114,2026-04-08T03:06:51.110249+00:00
79518,FCMB,2018-08-09,1.99,,,1.99,1459653,2026-04-08T03:06:53.45187+00:00
79613,FCMB,2018-08-10,1.91,,,1.91,1285815,2026-04-08T03:06:56.254972+00:00
79708,FCMB,2018-08-13,1.9,,,1.9,4803304,2026-04-08T03:07:00.870215+00:00
79803,FCMB,2018-08-14,1.84,,,1.84,2717597,2026-04-08T03:07:03.258394+00:00
79898,FCMB,2018-08-15,1.84,,,1.84,21008406,2026-04-08T03:07:05.636903+00:00
79993,FCMB,2018-08-16,1.8,,,1.8,9515936,2026-04-08T03:07:07.96787+00:00
80088,FCMB,2018-08-17,1.7,,,1.7,1021630,2026-04-08T03:07:10.276143+00:00
80183,FCMB,2018-08-20,1.8,,,1.8,775089,2026-04-08T03:07:14.92421+00:00
80278,FCMB,2018-08-24,1.83,,,1.83,1075666,2026-04-08T03:07:20.612873+00:00
80373,FCMB,2018-08-27,1.83,,,1.83,2937166,2026-04-08T03:07:24.735515+00:00
80468,FCMB,2018-08-28,1.9,,,1.9,1398905,2026-04-08T03:07:26.964049+00:00
80563,FCMB,2018-08-29,1.89,,,1.89,11627300,2026-04-08T03:07:29.382314+00:00
80658,FCMB,2018-08-30,1.8,,,1.8,16388995,2026-04-08T03:07:31.753519+00:00
80753,FCMB,2018-08-31,1.8,,,1.8,6397637,2026-04-08T03:07:34.108038+00:00
80848,FCMB,2018-09-03,1.84,,,1.84,1342419,2026-04-08T03:07:38.483999+00:00
80943,FCMB,2018-09-05,1.86,,,1.86,19129339,2026-04-08T03:07:41.733647+00:00
81038,FCMB,2018-09-06,1.8,,,1.8,1447823,2026-04-08T03:07:44.232746+00:00
81133,FCMB,2018-09-07,1.8,,,1.8,2478608,2026-04-08T03:07:46.695234+00:00
81228,FCMB,2018-09-10,1.77,,,1.77,1599841,2026-04-08T03:07:51.133138+00:00
81330,FCMB,2018-09-11,1.72,,,1.72,1325380,2026-04-08T03:07:53.572062+00:00
81432,FCMB,2018-09-12,1.6,,,1.6,5409240,2026-04-08T03:07:56.190409+00:00
81534,FCMB,2018-09-13,1.6,,,1.6,2635848,2026-04-08T03:07:58.529226+00:00
81636,FCMB,2018-09-14,1.65,,,1.65,1982519,2026-04-08T03:08:00.944137+00:00
81738,FCMB,2018-09-17,1.6,,,1.6,2919055,2026-04-08T03:08:05.572353+00:00
81840,FCMB,2018-09-18,1.67,,,1.67,3099925,2026-04-08T03:08:07.840784+00:00
81942,FCMB,2018-09-19,1.7,,,1.7,3735059,2026-04-08T03:08:10.07554+00:00
82044,FCMB,2018-09-20,1.77,,,1.77,1552427,2026-04-08T03:08:12.389642+00:00
82146,FCMB,2018-09-21,1.76,,,1.76,2420776,2026-04-08T03:08:14.761127+00:00
82248,FCMB,2018-09-24,1.8,,,1.8,1045220,2026-04-08T03:08:19.182113+00:00
82350,FCMB,2018-09-25,1.8,,,1.8,1116671,2026-04-08T03:08:21.370615+00:00
82452,FCMB,2018-09-26,1.79,,,1.79,1486203,2026-04-08T03:08:24.494451+00:00
82554,FCMB,2018-09-27,1.78,,,1.78,2941607,2026-04-08T03:08:26.812803+00:00
82656,FCMB,2018-09-28,1.78,,,1.78,242993,2026-04-08T03:08:29.283021+00:00
82758,FCMB,2018-10-02,1.82,,,1.82,33143046,2026-04-08T03:08:34.887787+00:00
82860,FCMB,2018-10-04,1.72,,,1.72,28916973,2026-04-08T03:08:38.279141+00:00
82962,FCMB,2018-10-05,1.72,,,1.72,42088765,2026-04-08T03:08:40.455926+00:00
83064,FCMB,2018-10-08,1.7,,,1.7,21371127,2026-04-08T03:08:45.286665+00:00
83166,FCMB,2018-10-09,1.7,,,1.7,26215679,2026-04-08T03:08:47.584215+00:00
83268,FCMB,2018-10-10,1.7,,,1.7,18258088,2026-04-08T03:08:50.198924+00:00
83370,FCMB,2018-10-11,1.68,,,1.68,11139557,2026-04-08T03:08:52.595743+00:00
83472,FCMB,2018-10-12,1.64,,,1.64,10673656,2026-04-08T03:08:54.923298+00:00
83574,FCMB,2018-10-15,1.62,,,1.62,11869434,2026-04-08T03:08:59.688494+00:00
83676,FCMB,2018-10-16,1.55,,,1.55,11866180,2026-04-08T03:09:01.98694+00:00
83778,FCMB,2018-10-17,1.6,,,1.6,803301,2026-04-08T03:09:04.302348+00:00
83880,FCMB,2018-10-18,1.6,,,1.6,718671,2026-04-08T03:09:06.644992+00:00
83982,FCMB,2018-10-19,1.55,,,1.55,9251849,2026-04-08T03:09:09.038287+00:00
84084,FCMB,2018-10-22,1.55,,,1.55,15500759,2026-04-08T03:09:13.967+00:00
84186,FCMB,2018-10-23,1.59,,,1.59,27551803,2026-04-08T03:09:16.194722+00:00
84288,FCMB,2018-10-24,1.55,,,1.55,142696516,2026-04-08T03:09:18.448083+00:00
84390,FCMB,2018-10-25,1.58,,,1.58,180252935,2026-04-08T03:09:20.631413+00:00
84492,FCMB,2018-10-26,1.54,,,1.54,43657435,2026-04-08T03:09:23.109094+00:00
84594,FCMB,2018-10-29,1.55,,,1.55,15366869,2026-04-08T03:09:27.901396+00:00
84696,FCMB,2018-10-30,1.53,,,1.53,41099544,2026-04-08T03:09:30.377337+00:00
84798,FCMB,2018-10-31,1.49,,,1.49,22185766,2026-04-08T03:09:32.658485+00:00
84900,FCMB,2018-11-01,1.55,,,1.55,168727690,2026-04-08T03:09:35.048509+00:00
85002,FCMB,2018-11-02,1.53,,,1.53,108640824,2026-04-08T03:09:37.41202+00:00
85104,FCMB,2018-11-05,1.6,,,1.6,14514740,2026-04-08T03:09:41.998643+00:00
85206,FCMB,2018-11-06,1.6,,,1.6,7210263,2026-04-08T03:09:44.485046+00:00
85308,FCMB,2018-11-08,1.69,,,1.69,10577476,2026-04-08T03:09:47.843283+00:00
85410,FCMB,2018-11-09,1.63,,,1.63,4237692,2026-04-08T03:09:50.169754+00:00
85512,FCMB,2018-11-12,1.59,,,1.59,5565540,2026-04-08T03:09:54.975549+00:00
85614,FCMB,2018-11-13,1.58,,,1.58,13096392,2026-04-08T03:09:57.558923+00:00
85716,FCMB,2018-11-14,1.6,,,1.6,3113431,2026-04-08T03:09:59.910116+00:00
85818,FCMB,2018-11-15,1.55,,,1.55,34676780,2026-04-08T03:10:02.252366+00:00
85920,FCMB,2018-11-16,1.54,,,1.54,4940270,2026-04-08T03:10:04.527169+00:00
86022,FCMB,2018-11-19,1.55,,,1.55,4004415,2026-04-08T03:10:09.122468+00:00
86124,FCMB,2018-11-21,1.51,,,1.51,21642196,2026-04-08T03:10:12.622729+00:00
86226,FCMB,2018-11-22,1.55,,,1.55,6268988,2026-04-08T03:10:14.989948+00:00
86328,FCMB,2018-11-23,1.54,,,1.54,1552099,2026-04-08T03:10:17.221139+00:00
86430,FCMB,2018-11-26,1.52,,,1.52,7260580,2026-04-08T03:10:22.142454+00:00
86532,FCMB,2018-11-27,1.5,,,1.5,8206396,2026-04-08T03:10:24.421595+00:00
86634,FCMB,2018-11-28,1.44,,,1.44,31524625,2026-04-08T03:10:26.708398+00:00
86736,FCMB,2018-11-29,1.32,,,1.32,13973261,2026-04-08T03:10:29.255332+00:00
86838,FCMB,2018-11-30,1.45,,,1.45,936136,2026-04-08T03:10:32.706086+00:00
86940,FCMB,2018-12-03,1.56,,,1.56,103476095,2026-04-08T03:10:37.185914+00:00
87042,FCMB,2018-12-04,1.56,,,1.56,11846363,2026-04-08T03:10:39.607482+00:00
87144,FCMB,2018-12-05,1.5,,,1.5,12022420,2026-04-08T03:10:42.037497+00:00
87246,FCMB,2018-12-06,1.51,,,1.51,6511879,2026-04-08T03:10:44.312069+00:00
87348,FCMB,2018-12-07,1.51,,,1.51,22436560,2026-04-08T03:10:46.663078+00:00
87450,FCMB,2018-12-10,1.5,,,1.5,3979968,2026-04-08T03:10:51.346822+00:00
87552,FCMB,2018-12-11,1.5,,,1.5,9096792,2026-04-08T03:10:53.613329+00:00
87654,FCMB,2018-12-12,1.55,,,1.55,6218826,2026-04-08T03:10:55.983376+00:00
87756,FCMB,2018-12-13,1.54,,,1.54,5511927,2026-04-08T03:10:58.622726+00:00
87858,FCMB,2018-12-17,1.66,,,1.66,6870921,2026-04-08T03:11:04.071168+00:00
87959,FCMB,2018-12-18,1.75,,,1.75,6197378,2026-04-08T03:11:06.547404+00:00
88060,FCMB,2018-12-19,1.74,,,1.74,7296085,2026-04-08T03:11:08.930184+00:00
88161,FCMB,2018-12-21,1.65,,,1.65,11706123,2026-04-08T03:11:13.038597+00:00
88262,FCMB,2018-12-24,1.74,,,1.74,2983994,2026-04-08T03:11:17.396489+00:00
88364,FCMB,2018-12-31,1.89,,,1.89,16386474,2026-04-08T03:11:26.963749+00:00
88466,FCMB,2019-01-04,1.62,,,1.62,11034098,2026-04-08T03:11:33.101723+00:00
88568,FCMB,2019-01-07,1.6,,,1.6,6993001,2026-04-08T03:11:37.396019+00:00
88670,FCMB,2019-01-08,1.6,,,1.6,7320117,2026-04-08T03:11:39.720871+00:00
88772,FCMB,2019-01-09,1.7,,,1.7,7789571,2026-04-08T03:11:42.122758+00:00
88874,FCMB,2019-01-10,1.7,,,1.7,2168567,2026-04-08T03:11:44.4712+00:00
88976,FCMB,2019-01-11,1.7,,,1.7,2505428,2026-04-08T03:11:46.864498+00:00
89078,FCMB,2019-01-14,1.74,,,1.74,743149,2026-04-08T03:11:51.386431+00:00
89180,FCMB,2019-01-15,1.78,,,1.78,4100974,2026-04-08T03:11:53.781694+00:00
89282,FCMB,2019-01-16,1.84,,,1.84,6412187,2026-04-08T03:11:56.273278+00:00
89384,FCMB,2019-01-17,1.82,,,1.82,3203205,2026-04-08T03:11:58.633279+00:00
89486,FCMB,2019-01-18,1.76,,,1.76,6128837,2026-04-08T03:12:01.678716+00:00
89588,FCMB,2019-01-21,1.83,,,1.83,7535214,2026-04-08T03:12:06.146982+00:00
89690,FCMB,2019-01-22,1.84,,,1.84,2845062,2026-04-08T03:12:26.450353+00:00
89792,FCMB,2019-01-23,1.92,,,1.92,32555901,2026-04-08T03:12:28.985884+00:00
89894,FCMB,2019-01-24,1.96,,,1.96,19997824,2026-04-08T03:12:31.471104+00:00
89996,FCMB,2019-01-25,2.15,,,2.15,29824872,2026-04-08T03:12:33.831732+00:00
90098,FCMB,2019-01-28,2.14,,,2.14,20119113,2026-04-08T03:12:38.324+00:00
90200,FCMB,2019-01-29,2.0,,,2.0,11641722,2026-04-08T03:12:40.769031+00:00
90302,FCMB,2019-01-30,1.94,,,1.94,6633769,2026-04-08T03:12:43.207065+00:00
90404,FCMB,2019-01-31,1.97,,,1.97,7338248,2026-04-08T03:12:45.452606+00:00
90506,FCMB,2019-02-01,2.15,,,2.15,20498103,2026-04-08T03:12:47.65569+00:00
90608,FCMB,2019-02-04,2.12,,,2.12,4019862,2026-04-08T03:12:52.008801+00:00
90710,FCMB,2019-02-05,2.09,,,2.09,2533560,2026-04-08T03:12:54.428036+00:00
90812,FCMB,2019-02-06,2.1,,,2.1,1498601,2026-04-08T03:12:56.795589+00:00
90914,FCMB,2019-02-07,2.19,,,2.19,10890301,2026-04-08T03:12:59.333395+00:00
91016,FCMB,2019-02-08,2.21,,,2.21,23456993,2026-04-08T03:13:01.766173+00:00
91118,FCMB,2019-02-11,2.41,,,2.41,16027142,2026-04-08T03:13:07.807824+00:00
91220,FCMB,2019-02-12,2.39,,,2.39,25671375,2026-04-08T03:13:10.389121+00:00
91322,FCMB,2019-02-13,2.29,,,2.29,25784614,2026-04-08T03:13:13.120558+00:00
91424,FCMB,2019-02-14,2.4,,,2.4,27284885,2026-04-08T03:13:15.610167+00:00
91526,FCMB,2019-02-15,2.38,,,2.38,49364959,2026-04-08T03:13:17.960235+00:00
91628,FCMB,2019-02-18,2.36,,,2.36,10243968,2026-04-08T03:13:22.383964+00:00
91730,FCMB,2019-02-19,2.28,,,2.28,2734894,2026-04-08T03:13:24.617569+00:00
91832,FCMB,2019-02-20,2.25,,,2.25,8396406,2026-04-08T03:13:26.870792+00:00
91934,FCMB,2019-02-22,2.22,,,2.22,11905472,2026-04-08T03:13:30.442816+00:00
92036,FCMB,2019-02-25,2.33,,,2.33,15033597,2026-04-08T03:13:35.015549+00:00
92138,FCMB,2019-02-26,2.26,,,2.26,10430660,2026-04-08T03:13:37.412672+00:00
92240,FCMB,2019-02-27,2.25,,,2.25,19187192,2026-04-08T03:13:39.910522+00:00
92342,FCMB,2019-02-28,2.03,,,2.03,12709469,2026-04-08T03:13:42.435587+00:00
92444,FCMB,2019-03-01,2.08,,,2.08,18457571,2026-04-08T03:13:44.810709+00:00
92546,FCMB,2019-03-04,2.2,,,2.2,15245828,2026-04-08T03:13:49.353535+00:00
92648,FCMB,2019-03-05,2.09,,,2.09,12627362,2026-04-08T03:13:51.846242+00:00
92750,FCMB,2019-03-06,2.06,,,2.06,10493794,2026-04-08T03:13:54.267269+00:00
92852,FCMB,2019-03-07,2.11,,,2.11,12918456,2026-04-08T03:13:56.544072+00:00
92954,FCMB,2019-03-08,2.12,,,2.12,2007252,2026-04-08T03:13:58.936546+00:00
93056,FCMB,2019-03-11,2.08,,,2.08,3679520,2026-04-08T03:14:03.582539+00:00
93158,FCMB,2019-03-12,2.0,,,2.0,7541697,2026-04-08T03:14:06.149716+00:00
93260,FCMB,2019-03-13,2.0,,,2.0,12033129,2026-04-08T03:14:08.562819+00:00
93362,FCMB,2019-03-14,1.96,,,1.96,12133860,2026-04-08T03:14:10.990955+00:00
93464,FCMB,2019-03-15,1.85,,,1.85,11035999,2026-04-08T03:14:13.413527+00:00
93566,FCMB,2019-03-18,1.8,,,1.8,13668126,2026-04-08T03:14:17.594172+00:00
93668,FCMB,2019-03-19,1.92,,,1.92,4508161,2026-04-08T03:14:19.883177+00:00
93770,FCMB,2019-03-20,1.96,,,1.96,13474362,2026-04-08T03:14:22.215184+00:00
93872,FCMB,2019-03-21,1.92,,,1.92,7231861,2026-04-08T03:14:24.469396+00:00
93974,FCMB,2019-03-22,1.97,,,1.97,2991684,2026-04-08T03:14:26.929153+00:00
94076,FCMB,2019-03-25,1.95,,,1.95,1724905,2026-04-08T03:14:31.400562+00:00
94178,FCMB,2019-03-26,1.94,,,1.94,5961703,2026-04-08T03:14:33.80485+00:00
94280,FCMB,2019-03-27,1.94,,,1.94,7420982,2026-04-08T03:14:36.122563+00:00
94382,FCMB,2019-03-28,1.92,,,1.92,3430053,2026-04-08T03:14:38.612625+00:00
94484,FCMB,2019-03-29,1.86,,,1.86,15915987,2026-04-08T03:14:41.061692+00:00
94585,FCMB,2019-04-01,1.88,,,1.88,9287101,2026-04-08T03:14:45.528331+00:00
94686,FCMB,2019-04-02,1.9,,,1.9,53884249,2026-04-08T03:14:47.809526+00:00
94787,FCMB,2019-04-03,1.75,,,1.75,68722357,2026-04-08T03:14:50.124237+00:00
94888,FCMB,2019-04-04,1.75,,,1.75,17042746,2026-04-08T03:14:52.417245+00:00
94989,FCMB,2019-04-05,1.85,,,1.85,20867923,2026-04-08T03:14:54.739567+00:00
95090,FCMB,2019-04-08,1.87,,,1.87,3897126,2026-04-08T03:14:59.01768+00:00
95191,FCMB,2019-04-09,1.84,,,1.84,4028424,2026-04-08T03:15:01.233247+00:00
95292,FCMB,2019-04-10,1.88,,,1.88,5569045,2026-04-08T03:15:03.446976+00:00
95393,FCMB,2019-04-11,1.94,,,1.94,9852200,2026-04-08T03:15:05.608759+00:00
95494,FCMB,2019-04-12,1.8,,,1.8,1235383,2026-04-08T03:15:07.869644+00:00
95595,FCMB,2019-04-15,1.81,,,1.81,2119836,2026-04-08T03:15:12.360876+00:00
95696,FCMB,2019-04-16,1.86,,,1.86,9685046,2026-04-08T03:15:14.69338+00:00
95797,FCMB,2019-04-17,1.91,,,1.91,10889337,2026-04-08T03:15:16.974822+00:00
95898,FCMB,2019-04-18,1.9,,,1.9,5229159,2026-04-08T03:15:19.360663+00:00
95999,FCMB,2019-04-23,1.9,,,1.9,3802553,2026-04-08T03:15:26.04373+00:00
96101,FCMB,2019-04-24,1.82,,,1.82,4279679,2026-04-08T03:15:28.31166+00:00
96203,FCMB,2019-04-25,1.82,,,1.82,8555678,2026-04-08T03:15:30.603437+00:00
96305,FCMB,2019-04-26,1.8,,,1.8,6906257,2026-04-08T03:15:32.816712+00:00
96407,FCMB,2019-04-29,1.84,,,1.84,7377544,2026-04-08T03:15:37.198623+00:00
96509,FCMB,2019-04-30,1.85,,,1.85,3841267,2026-04-08T03:15:39.499507+00:00
96611,FCMB,2019-05-02,1.96,,,1.96,9726868,2026-04-08T03:15:42.839166+00:00
96713,FCMB,2019-05-03,1.95,,,1.95,18712974,2026-04-08T03:15:45.02286+00:00
96815,FCMB,2019-05-06,1.9,,,1.9,3884686,2026-04-08T03:15:49.380478+00:00
96917,FCMB,2019-05-07,1.9,,,1.9,3103094,2026-04-08T03:15:51.609622+00:00
97019,FCMB,2019-05-08,1.8,,,1.8,7878535,2026-04-08T03:15:53.912422+00:00
97121,FCMB,2019-05-09,1.89,,,1.89,1423041,2026-04-08T03:15:56.308435+00:00
97223,FCMB,2019-05-10,1.8,,,1.8,1085621,2026-04-08T03:15:58.65517+00:00
97325,FCMB,2019-05-13,1.7,,,1.7,4889691,2026-04-08T03:16:02.955985+00:00
97427,FCMB,2019-05-14,1.71,,,1.71,2321498,2026-04-08T03:16:05.427951+00:00
97529,FCMB,2019-05-15,1.71,,,1.71,3474183,2026-04-08T03:16:07.709974+00:00
97631,FCMB,2019-05-16,1.7,,,1.7,23165071,2026-04-08T03:16:09.947696+00:00
97733,FCMB,2019-05-17,1.55,,,1.55,4552479,2026-04-08T03:16:12.469468+00:00
97836,FCMB,2019-05-20,1.66,,,1.66,8441059,2026-04-08T03:16:16.967061+00:00
97939,FCMB,2019-05-21,1.61,,,1.61,12025410,2026-04-08T03:16:19.368023+00:00
98042,FCMB,2019-05-22,1.6,,,1.6,5592447,2026-04-08T03:16:21.741488+00:00
98145,FCMB,2019-05-23,1.6,,,1.6,12548389,2026-04-08T03:16:24.010501+00:00
98248,FCMB,2019-05-24,1.6,,,1.6,6965963,2026-04-08T03:16:26.41346+00:00
98351,FCMB,2019-05-27,1.62,,,1.62,1784536,2026-04-08T03:16:30.812568+00:00
98454,FCMB,2019-05-28,1.65,,,1.65,5029981,2026-04-08T03:16:33.286405+00:00
98557,FCMB,2019-05-30,1.65,,,1.65,7355859,2026-04-08T03:16:36.695359+00:00
98660,FCMB,2019-05-31,1.61,,,1.61,5848225,2026-04-08T03:16:39.10826+00:00
98763,FCMB,2019-06-03,1.6,,,1.6,70558374,2026-04-08T03:16:43.376201+00:00
98866,FCMB,2019-06-06,1.64,,,1.64,2051018,2026-04-08T03:16:48.034912+00:00
98969,FCMB,2019-06-07,1.65,,,1.65,6327368,2026-04-08T03:16:50.186426+00:00
99072,FCMB,2019-06-10,1.66,,,1.66,7411360,2026-04-08T03:16:54.498349+00:00
99175,FCMB,2019-06-11,1.66,,,1.66,3441353,2026-04-08T03:16:56.702394+00:00
99278,FCMB,2019-06-13,1.67,,,1.67,5218994,2026-04-08T03:17:00.140907+00:00
99381,FCMB,2019-06-14,1.67,,,1.67,4215475,2026-04-08T03:17:02.289964+00:00
99484,FCMB,2019-06-17,1.65,,,1.65,840101,2026-04-08T03:17:06.378621+00:00
99587,FCMB,2019-06-18,1.69,,,1.69,2495769,2026-04-08T03:17:08.696624+00:00
99690,FCMB,2019-06-19,1.65,,,1.65,1078344,2026-04-08T03:17:10.975867+00:00
99793,FCMB,2019-06-20,1.65,,,1.65,1899578,2026-04-08T03:17:13.205784+00:00
99896,FCMB,2019-06-24,1.61,,,1.61,9001165,2026-04-08T03:17:18.488118+00:00
99999,FCMB,2019-06-25,1.61,,,1.61,1971472,2026-04-08T03:17:20.712996+00:00
100102,FCMB,2019-06-26,1.6,,,1.6,4720430,2026-04-08T03:17:23.021521+00:00
100205,FCMB,2019-06-27,1.62,,,1.62,3834347,2026-04-08T03:17:25.288917+00:00
100308,FCMB,2019-06-28,1.63,,,1.63,4636723,2026-04-08T03:17:27.669324+00:00
100411,FCMB,2019-07-01,1.6,,,1.6,2841215,2026-04-08T03:17:31.993492+00:00
100514,FCMB,2019-07-02,1.6,,,1.6,1162786,2026-04-08T03:17:34.195482+00:00
100617,FCMB,2019-07-03,1.6,,,1.6,4952668,2026-04-08T03:17:36.539656+00:00
100720,FCMB,2019-07-04,1.61,,,1.61,4175116,2026-04-08T03:17:38.806977+00:00
100823,FCMB,2019-07-05,1.58,,,1.58,2504337,2026-04-08T03:17:41.292481+00:00
100926,FCMB,2019-07-08,1.55,,,1.55,3584167,2026-04-08T03:17:45.861747+00:00
101029,FCMB,2019-07-09,1.56,,,1.56,984561,2026-04-08T03:17:48.217581+00:00
101133,FCMB,2019-07-10,1.57,,,1.57,1409748,2026-04-08T03:17:50.676625+00:00
101237,FCMB,2019-07-11,1.56,,,1.56,1449453,2026-04-08T03:17:53.082234+00:00
101341,FCMB,2019-07-12,1.57,,,1.57,727993,2026-04-08T03:17:55.503872+00:00
101445,FCMB,2019-07-15,1.58,,,1.58,1068311,2026-04-08T03:18:00.039317+00:00
101549,FCMB,2019-07-16,1.6,,,1.6,2562019,2026-04-08T03:18:02.440443+00:00
101653,FCMB,2019-07-17,1.53,,,1.53,8837476,2026-04-08T03:18:04.729662+00:00
101757,FCMB,2019-07-18,1.6,,,1.6,2337437,2026-04-08T03:18:07.178594+00:00
101861,FCMB,2019-07-19,1.6,,,1.6,2639256,2026-04-08T03:18:09.535362+00:00
101965,FCMB,2019-07-22,1.6,,,1.6,2815669,2026-04-08T03:18:14.212024+00:00
102069,FCMB,2019-07-23,1.58,,,1.58,2763151,2026-04-08T03:18:16.654741+00:00
102173,FCMB,2019-07-24,1.59,,,1.59,2119347,2026-04-08T03:18:18.926554+00:00
102277,FCMB,2019-07-25,1.73,,,1.73,73265667,2026-04-08T03:18:21.127331+00:00
102381,FCMB,2019-07-26,1.65,,,1.65,1147358,2026-04-08T03:18:23.508197+00:00
102485,FCMB,2019-07-29,1.64,,,1.64,1479561,2026-04-08T03:18:27.808584+00:00
102589,FCMB,2019-07-30,1.61,,,1.61,982664,2026-04-08T03:18:30.090931+00:00
102693,FCMB,2019-07-31,1.62,,,1.62,8533297,2026-04-08T03:18:32.379029+00:00
102797,FCMB,2019-08-01,1.64,,,1.64,5722122,2026-04-08T03:18:34.721051+00:00
102901,FCMB,2019-08-02,1.67,,,1.67,13286228,2026-04-08T03:18:37.148519+00:00
103005,FCMB,2019-08-05,1.61,,,1.61,2377240,2026-04-08T03:18:41.327383+00:00
103109,FCMB,2019-08-06,1.6,,,1.6,4224740,2026-04-08T03:18:43.676077+00:00
103213,FCMB,2019-08-07,1.61,,,1.61,11037474,2026-04-08T03:18:45.952647+00:00
103317,FCMB,2019-08-08,1.68,,,1.68,11692850,2026-04-08T03:18:48.284739+00:00
103421,FCMB,2019-08-09,1.65,,,1.65,3031861,2026-04-08T03:18:50.530707+00:00
103525,FCMB,2019-08-14,1.53,,,1.53,5840945,2026-04-08T03:18:57.313874+00:00
103629,FCMB,2019-08-15,1.46,,,1.46,8529854,2026-04-08T03:18:59.647711+00:00
103733,FCMB,2019-08-19,1.68,,,1.68,6953153,2026-04-08T03:19:05.053534+00:00
103837,FCMB,2019-08-20,1.7,,,1.7,3533140,2026-04-08T03:19:07.283568+00:00
103940,FCMB,2019-08-21,1.7,,,1.7,2030007,2026-04-08T03:19:09.493441+00:00
104043,FCMB,2019-08-22,1.6,,,1.6,1645911,2026-04-08T03:19:11.834929+00:00
104146,FCMB,2019-08-23,1.7,,,1.7,13382395,2026-04-08T03:19:14.066623+00:00
104249,FCMB,2019-08-26,1.61,,,1.61,3188807,2026-04-08T03:19:18.291411+00:00
104352,FCMB,2019-08-27,1.61,,,1.61,1247595,2026-04-08T03:19:20.588978+00:00
104455,FCMB,2019-08-28,1.61,,,1.61,2119593,2026-04-08T03:19:22.939533+00:00
104558,FCMB,2019-08-29,1.66,,,1.66,1306459,2026-04-08T03:19:25.308081+00:00
104661,FCMB,2019-08-30,1.55,,,1.55,2594456,2026-04-08T03:19:27.686427+00:00
104764,FCMB,2019-09-02,1.58,,,1.58,704100,2026-04-08T03:19:32.075785+00:00
104867,FCMB,2019-09-03,1.55,,,1.55,2044803,2026-04-08T03:19:34.366833+00:00
104970,FCMB,2019-09-04,1.55,,,1.55,1425797,2026-04-08T03:19:36.608723+00:00
105073,FCMB,2019-09-05,1.53,,,1.53,3668600,2026-04-08T03:19:38.984327+00:00
105176,FCMB,2019-09-06,1.57,,,1.57,456839,2026-04-08T03:19:41.363212+00:00
105279,FCMB,2019-09-09,1.55,,,1.55,1065592,2026-04-08T03:19:45.624302+00:00
105382,FCMB,2019-09-10,1.55,,,1.55,1534021,2026-04-08T03:19:47.977958+00:00
105485,FCMB,2019-09-11,1.64,,,1.64,2318202,2026-04-08T03:19:50.333421+00:00
105588,FCMB,2019-09-12,1.68,,,1.68,3345343,2026-04-08T03:19:52.607202+00:00
105691,FCMB,2019-09-13,1.7,,,1.7,2259786,2026-04-08T03:19:55.083512+00:00
105794,FCMB,2019-09-16,1.72,,,1.72,12423088,2026-04-08T03:19:59.701348+00:00
105897,FCMB,2019-09-17,1.7,,,1.7,2825067,2026-04-08T03:20:02.523968+00:00
106000,FCMB,2019-09-18,1.75,,,1.75,20051871,2026-04-08T03:20:05.488272+00:00
106103,FCMB,2019-09-19,1.68,,,1.68,5565925,2026-04-08T03:20:08.114889+00:00
106206,FCMB,2019-09-20,1.69,,,1.69,825348,2026-04-08T03:20:10.721894+00:00
106309,FCMB,2019-09-23,1.65,,,1.65,1277934,2026-04-08T03:20:15.267012+00:00
106412,FCMB,2019-09-24,1.6,,,1.6,1291287,2026-04-08T03:20:17.630341+00:00
106515,FCMB,2019-09-25,1.6,,,1.6,3896864,2026-04-08T03:20:20.165626+00:00
106618,FCMB,2019-09-26,1.6,,,1.6,1935168,2026-04-08T03:20:22.92566+00:00
106721,FCMB,2019-09-27,1.63,,,1.63,746018,2026-04-08T03:20:25.402499+00:00
106824,FCMB,2019-09-30,1.65,,,1.65,16780448,2026-04-08T03:20:29.867546+00:00
106927,FCMB,2019-10-02,1.6,,,1.6,7565441,2026-04-08T03:20:33.475481+00:00
107030,FCMB,2019-10-03,1.58,,,1.58,1435500,2026-04-08T03:20:35.801047+00:00
107133,FCMB,2019-10-04,1.6,,,1.6,504256,2026-04-08T03:20:38.138638+00:00
107236,FCMB,2019-10-07,1.6,,,1.6,55672474,2026-04-08T03:20:43.38987+00:00
107339,FCMB,2019-10-08,1.6,,,1.6,37335549,2026-04-08T03:20:50.115577+00:00
107442,FCMB,2019-10-09,1.6,,,1.6,2448649,2026-04-08T03:20:53.067656+00:00
107545,FCMB,2019-10-10,1.6,,,1.6,51644238,2026-04-08T03:20:55.682822+00:00
107648,FCMB,2019-10-11,1.6,,,1.6,24014594,2026-04-08T03:20:58.30073+00:00
107751,FCMB,2019-10-14,1.6,,,1.6,8052261,2026-04-08T03:21:03.536141+00:00
107854,FCMB,2019-10-15,1.6,,,1.6,22961030,2026-04-08T03:21:06.159586+00:00
107957,FCMB,2019-10-16,1.59,,,1.59,2544648,2026-04-08T03:21:08.538525+00:00
108060,FCMB,2019-10-17,1.7,,,1.7,2845436,2026-04-08T03:21:11.125073+00:00
108163,FCMB,2019-10-18,1.68,,,1.68,3307123,2026-04-08T03:21:14.04892+00:00
108266,FCMB,2019-10-21,1.68,,,1.68,8120642,2026-04-08T03:21:18.357079+00:00
108369,FCMB,2019-10-22,1.6,,,1.6,3274243,2026-04-08T03:21:20.5704+00:00
108472,FCMB,2019-10-23,1.62,,,1.62,9392058,2026-04-08T03:21:22.84444+00:00
108575,FCMB,2019-10-24,1.6,,,1.6,36151399,2026-04-08T03:21:25.228823+00:00
108678,FCMB,2019-10-25,1.58,,,1.58,760941,2026-04-08T03:21:27.539286+00:00
108781,FCMB,2019-10-28,1.6,,,1.6,1358062,2026-04-08T03:21:32.161692+00:00
108884,FCMB,2019-10-29,1.6,,,1.6,51555748,2026-04-08T03:21:34.477485+00:00
108987,FCMB,2019-10-30,1.61,,,1.61,4942875,2026-04-08T03:21:36.754268+00:00
109090,FCMB,2019-10-31,1.6,,,1.6,85120843,2026-04-08T03:21:39.10919+00:00
109193,FCMB,2019-11-01,1.6,,,1.6,350010,2026-04-08T03:21:41.456138+00:00
109296,FCMB,2019-11-04,1.6,,,1.6,1584920,2026-04-08T03:21:45.945243+00:00
109399,FCMB,2019-11-05,1.71,,,1.71,2185419,2026-04-08T03:21:48.37169+00:00
109502,FCMB,2019-11-06,1.74,,,1.74,2322201,2026-04-08T03:21:50.755948+00:00
109605,FCMB,2019-11-07,1.73,,,1.73,713700,2026-04-08T03:21:53.200031+00:00
109708,FCMB,2019-11-08,1.86,,,1.86,2258063,2026-04-08T03:21:55.63316+00:00
109811,FCMB,2019-11-12,1.8,,,1.8,3542370,2026-04-08T03:22:01.520244+00:00
109914,FCMB,2019-11-13,1.79,,,1.79,2530628,2026-04-08T03:22:04.169594+00:00
110017,FCMB,2019-11-14,1.96,,,1.96,10803192,2026-04-08T03:22:06.510438+00:00
110120,FCMB,2019-11-15,2.0,,,2.0,18343633,2026-04-08T03:22:08.972682+00:00
110222,FCMB,2019-11-18,1.85,,,1.85,6593999,2026-04-08T03:22:13.551393+00:00
110324,FCMB,2019-11-19,1.94,,,1.94,2220123,2026-04-08T03:22:15.801005+00:00
110426,FCMB,2019-11-20,2.03,,,2.03,6863952,2026-04-08T03:22:18.11241+00:00
110528,FCMB,2019-11-21,2.18,,,2.18,10483598,2026-04-08T03:22:20.360812+00:00
110630,FCMB,2019-11-22,2.09,,,2.09,3733233,2026-04-08T03:22:22.766306+00:00
110732,FCMB,2019-11-25,2.02,,,2.02,3558456,2026-04-08T03:22:27.077445+00:00
110834,FCMB,2019-11-26,2.01,,,2.01,3935417,2026-04-08T03:22:29.415971+00:00
110936,FCMB,2019-11-27,2.01,,,2.01,7785197,2026-04-08T03:22:31.797244+00:00
111038,FCMB,2019-11-28,2.01,,,2.01,3111780,2026-04-08T03:22:34.150197+00:00
111140,FCMB,2019-11-29,2.01,,,2.01,967495,2026-04-08T03:22:36.43862+00:00
111242,FCMB,2019-12-02,1.9,,,1.9,97771849,2026-04-08T03:22:40.672716+00:00
111344,FCMB,2019-12-03,1.86,,,1.86,3655209,2026-04-08T03:22:42.857808+00:00
111446,FCMB,2019-12-04,1.8,,,1.8,15168980,2026-04-08T03:22:45.132537+00:00
111548,FCMB,2019-12-05,1.8,,,1.8,3489754,2026-04-08T03:22:47.409461+00:00
111650,FCMB,2019-12-06,1.82,,,1.82,4775937,2026-04-08T03:22:49.720566+00:00
111752,FCMB,2019-12-10,1.84,,,1.84,6729212,2026-04-08T03:22:54.948045+00:00
111854,FCMB,2019-12-11,1.8,,,1.8,5232715,2026-04-08T03:22:57.463594+00:00
111956,FCMB,2019-12-12,1.8,,,1.8,3463922,2026-04-08T03:22:59.677549+00:00
112058,FCMB,2019-12-13,1.8,,,1.8,2861164,2026-04-08T03:23:01.961124+00:00
112160,FCMB,2019-12-16,1.77,,,1.77,6010642,2026-04-08T03:23:06.206185+00:00
112262,FCMB,2019-12-17,1.85,,,1.85,20554063,2026-04-08T03:23:08.526507+00:00
112364,FCMB,2019-12-18,1.8,,,1.8,2865652,2026-04-08T03:23:10.699016+00:00
112466,FCMB,2019-12-19,1.8,,,1.8,23107018,2026-04-08T03:23:13.06361+00:00
112568,FCMB,2019-12-20,1.9,,,1.9,29637836,2026-04-08T03:23:15.515212+00:00
112670,FCMB,2019-12-23,1.89,,,1.89,2234573,2026-04-08T03:23:19.645113+00:00
112772,FCMB,2019-12-24,1.8,,,1.8,6182919,2026-04-08T03:23:22.081747+00:00
112874,FCMB,2019-12-27,1.8,,,1.8,1172910,2026-04-08T03:23:26.48241+00:00
112976,FCMB,2019-12-31,1.85,,,1.85,6020623,2026-04-08T03:23:31.997666+00:00
113078,FCMB,2020-01-02,1.82,,,1.82,4166981,2026-04-08T03:23:35.253628+00:00
113180,FCMB,2020-01-03,1.9,,,1.9,17341790,2026-04-08T03:23:37.484442+00:00
113282,FCMB,2020-01-06,2.09,,,2.09,54861878,2026-04-08T03:23:41.810791+00:00
113384,FCMB,2020-01-07,2.08,,,2.08,23710407,2026-04-08T03:23:44.238014+00:00
113486,FCMB,2020-01-08,2.08,,,2.08,61072828,2026-04-08T03:23:46.428903+00:00
113588,FCMB,2020-01-09,2.0,,,2.0,38481684,2026-04-08T03:23:48.760691+00:00
113691,FCMB,2020-01-10,2.0,,,2.0,11031621,2026-04-08T03:23:51.312987+00:00
113794,FCMB,2020-01-13,1.92,,,1.92,16987410,2026-04-08T03:23:55.704331+00:00
113897,FCMB,2020-01-14,1.92,,,1.92,8367567,2026-04-08T03:23:58.044369+00:00
114000,FCMB,2020-01-15,1.92,,,1.92,1544488,2026-04-08T03:24:00.340453+00:00
114103,FCMB,2020-01-16,1.99,,,1.99,8611796,2026-04-08T03:24:02.775573+00:00
114206,FCMB,2020-01-17,1.95,,,1.95,21231622,2026-04-08T03:24:05.107796+00:00
114309,FCMB,2020-01-20,2.02,,,2.02,10296006,2026-04-08T03:24:09.637495+00:00
114412,FCMB,2020-01-21,1.93,,,1.93,16242102,2026-04-08T03:24:12.081094+00:00
114515,FCMB,2020-01-23,2.0,,,2.0,23435270,2026-04-08T03:24:15.397306+00:00
114618,FCMB,2020-01-24,1.96,,,1.96,4951543,2026-04-08T03:24:17.760742+00:00
114721,FCMB,2020-01-27,1.96,,,1.96,16855545,2026-04-08T03:24:22.426106+00:00
114824,FCMB,2020-01-28,1.96,,,1.96,12640397,2026-04-08T03:24:24.728321+00:00
114927,FCMB,2020-01-29,1.95,,,1.95,21083217,2026-04-08T03:24:27.287495+00:00
115030,FCMB,2020-01-30,1.93,,,1.93,7363571,2026-04-08T03:24:29.658352+00:00
115133,FCMB,2020-01-31,1.9,,,1.9,14542072,2026-04-08T03:24:31.961868+00:00
115236,FCMB,2020-02-03,1.83,,,1.83,23534881,2026-04-08T03:24:36.430808+00:00
115339,FCMB,2020-02-04,1.81,,,1.81,7727482,2026-04-08T03:24:38.687124+00:00
115442,FCMB,2020-02-05,1.85,,,1.85,41213868,2026-04-08T03:24:41.03998+00:00
115545,FCMB,2020-02-06,1.95,,,1.95,43230291,2026-04-08T03:24:43.345135+00:00
115648,FCMB,2020-02-07,1.89,,,1.89,8216980,2026-04-08T03:24:45.609576+00:00
115751,FCMB,2020-02-10,1.88,,,1.88,9104079,2026-04-08T03:24:50.182603+00:00
115854,FCMB,2020-02-11,1.9,,,1.9,763519,2026-04-08T03:24:52.780016+00:00
115957,FCMB,2020-02-12,1.88,,,1.88,1419430,2026-04-08T03:24:55.120152+00:00
116060,FCMB,2020-02-13,1.88,,,1.88,116500,2026-04-08T03:24:57.649025+00:00
116163,FCMB,2020-02-14,1.87,,,1.87,2337746,2026-04-08T03:25:00.080254+00:00
116266,FCMB,2020-02-17,1.82,,,1.82,516787,2026-04-08T03:25:04.377856+00:00
116369,FCMB,2020-02-18,1.8,,,1.8,2035818,2026-04-08T03:25:06.773592+00:00
116472,FCMB,2020-02-19,1.87,,,1.87,1650719,2026-04-08T03:25:09.231504+00:00
116575,FCMB,2020-02-20,1.9,,,1.9,11466552,2026-04-08T03:25:11.501588+00:00
116678,FCMB,2020-02-21,1.95,,,1.95,59748555,2026-04-08T03:25:13.948187+00:00
116781,FCMB,2020-02-24,1.77,,,1.77,6527774,2026-04-08T03:25:18.415367+00:00
116884,FCMB,2020-02-25,1.75,,,1.75,1244872,2026-04-08T03:25:20.711298+00:00
116987,FCMB,2020-02-26,1.86,,,1.86,4322092,2026-04-08T03:25:23.465375+00:00
117090,FCMB,2020-02-27,1.86,,,1.86,5531143,2026-04-08T03:25:26.011368+00:00
117193,FCMB,2020-02-28,1.71,,,1.71,8378671,2026-04-08T03:25:28.472167+00:00
117296,FCMB,2020-03-02,1.8,,,1.8,8052277,2026-04-08T03:25:32.979972+00:00
117399,FCMB,2020-03-03,1.81,,,1.81,12210201,2026-04-08T03:25:35.324079+00:00
117502,FCMB,2020-03-04,1.83,,,1.83,1074939,2026-04-08T03:25:37.587456+00:00
117605,FCMB,2020-03-05,1.8,,,1.8,2617861,2026-04-08T03:25:39.825698+00:00
117708,FCMB,2020-03-09,1.67,,,1.67,1615276,2026-04-08T03:25:45.227559+00:00
117811,FCMB,2020-03-10,1.51,,,1.51,12068678,2026-04-08T03:25:47.644077+00:00
117914,FCMB,2020-03-11,1.66,,,1.66,14550485,2026-04-08T03:25:49.940962+00:00
118017,FCMB,2020-03-12,1.5,,,1.5,8812173,2026-04-08T03:25:52.243289+00:00
118120,FCMB,2020-03-13,1.56,,,1.56,13019665,2026-04-08T03:25:54.520183+00:00
118223,FCMB,2020-03-16,1.45,,,1.45,3241473,2026-04-08T03:25:58.965391+00:00
118326,FCMB,2020-03-17,1.59,,,1.59,4359005,2026-04-08T03:26:01.331984+00:00
118429,FCMB,2020-03-18,1.54,,,1.54,6126030,2026-04-08T03:26:03.589989+00:00
118532,FCMB,2020-03-19,1.55,,,1.55,21470668,2026-04-08T03:26:05.957067+00:00
118635,FCMB,2020-03-20,1.55,,,1.55,23953308,2026-04-08T03:26:08.377452+00:00
118738,FCMB,2020-03-23,1.55,,,1.55,20622828,2026-04-08T03:26:12.667002+00:00
118841,FCMB,2020-03-24,1.56,,,1.56,13825458,2026-04-08T03:26:14.960057+00:00
118944,FCMB,2020-03-25,1.5,,,1.5,2826665,2026-04-08T03:26:17.224804+00:00
119047,FCMB,2020-03-26,1.5,,,1.5,12300016,2026-04-08T03:26:19.64473+00:00
119150,FCMB,2020-03-27,1.53,,,1.53,16294441,2026-04-08T03:26:21.968693+00:00
119253,FCMB,2020-03-30,1.5,,,1.5,11580379,2026-04-08T03:26:26.43282+00:00
119356,FCMB,2020-03-31,1.5,,,1.5,9654403,2026-04-08T03:26:28.926506+00:00
119459,FCMB,2020-04-01,1.5,,,1.5,4676621,2026-04-08T03:26:31.173614+00:00
119562,FCMB,2020-04-02,1.45,,,1.45,2980113,2026-04-08T03:26:33.480235+00:00
119665,FCMB,2020-04-03,1.47,,,1.47,4930746,2026-04-08T03:26:35.777807+00:00
119768,FCMB,2020-04-06,1.51,,,1.51,27154792,2026-04-08T03:26:40.135575+00:00
119871,FCMB,2020-04-07,1.64,,,1.64,16273989,2026-04-08T03:26:42.376644+00:00
119974,FCMB,2020-04-08,1.7,,,1.7,5298929,2026-04-08T03:26:44.690105+00:00
120077,FCMB,2020-04-09,1.71,,,1.71,7974939,2026-04-08T03:26:47.020639+00:00
120180,FCMB,2020-04-14,1.72,,,1.72,11747324,2026-04-08T03:26:53.304016+00:00
120283,FCMB,2020-04-15,1.7,,,1.7,19175885,2026-04-08T03:26:55.643286+00:00
120386,FCMB,2020-04-16,1.6,,,1.6,7312286,2026-04-08T03:26:58.005731+00:00
120489,FCMB,2020-04-17,1.6,,,1.6,4720098,2026-04-08T03:27:00.196144+00:00
120592,FCMB,2020-04-20,1.6,,,1.6,9149461,2026-04-08T03:27:04.902814+00:00
120695,FCMB,2020-04-21,1.53,,,1.53,5376523,2026-04-08T03:27:07.124699+00:00
120798,FCMB,2020-04-22,1.6,,,1.6,12650840,2026-04-08T03:27:09.50407+00:00
120901,FCMB,2020-04-23,1.53,,,1.53,1567642,2026-04-08T03:27:11.732195+00:00
121004,FCMB,2020-04-24,1.6,,,1.6,8736240,2026-04-08T03:27:14.133022+00:00
121107,FCMB,2020-04-27,1.6,,,1.6,2378352,2026-04-08T03:27:18.376911+00:00
121210,FCMB,2020-04-28,1.7,,,1.7,23692364,2026-04-08T03:27:20.70836+00:00
121313,FCMB,2020-04-29,1.7,,,1.7,6987895,2026-04-08T03:27:23.099969+00:00
121416,FCMB,2020-04-30,1.72,,,1.72,35156612,2026-04-08T03:27:25.479794+00:00
121519,FCMB,2020-05-04,1.63,,,1.63,6886805,2026-04-08T03:27:30.67652+00:00
121622,FCMB,2020-05-05,1.7,,,1.7,5022186,2026-04-08T03:27:32.997372+00:00
121725,FCMB,2020-05-06,1.77,,,1.77,12562316,2026-04-08T03:27:35.368243+00:00
121828,FCMB,2020-05-07,1.71,,,1.71,8233731,2026-04-08T03:27:37.70358+00:00
121931,FCMB,2020-05-08,1.71,,,1.71,4952797,2026-04-08T03:27:39.945267+00:00
122034,FCMB,2020-05-11,1.71,,,1.71,5037587,2026-04-08T03:27:44.543581+00:00
122137,FCMB,2020-05-12,1.71,,,1.71,3438846,2026-04-08T03:27:46.988848+00:00
122240,FCMB,2020-05-13,1.71,,,1.71,4304813,2026-04-08T03:27:49.292243+00:00
122343,FCMB,2020-05-14,1.8,,,1.8,2628116,2026-04-08T03:27:51.592074+00:00
122446,FCMB,2020-05-19,1.74,,,1.74,2900935,2026-04-08T03:27:58.031425+00:00
122549,FCMB,2020-05-20,1.8,,,1.8,10731639,2026-04-08T03:28:00.412443+00:00
122652,FCMB,2020-05-21,1.8,,,1.8,728054,2026-04-08T03:28:02.829603+00:00
122755,FCMB,2020-05-27,1.9,,,1.9,6260632,2026-04-08T03:28:10.17932+00:00
122858,FCMB,2020-05-28,1.87,,,1.87,2377334,2026-04-08T03:28:12.484321+00:00
122961,FCMB,2020-05-29,1.78,,,1.78,8642794,2026-04-08T03:28:14.796152+00:00
123064,FCMB,2020-06-02,1.74,,,1.74,7336728,2026-04-08T03:28:20.224588+00:00
123167,FCMB,2020-06-03,1.74,,,1.74,1651208,2026-04-08T03:28:22.45251+00:00
123270,FCMB,2020-06-04,1.73,,,1.73,22072440,2026-04-08T03:28:24.742978+00:00
123373,FCMB,2020-06-05,1.72,,,1.72,2729219,2026-04-08T03:28:26.997708+00:00
123476,FCMB,2020-06-08,1.72,,,1.72,1579276,2026-04-08T03:28:31.360755+00:00
123579,FCMB,2020-06-09,1.72,,,1.72,21890472,2026-04-08T03:28:33.545964+00:00
123682,FCMB,2020-06-10,1.72,,,1.72,9649740,2026-04-08T03:28:35.856379+00:00
123785,FCMB,2020-06-11,1.73,,,1.73,15542896,2026-04-08T03:28:38.052531+00:00
123888,FCMB,2020-06-15,1.71,,,1.71,19467619,2026-04-08T03:28:43.437023+00:00
123991,FCMB,2020-06-16,1.72,,,1.72,21259992,2026-04-08T03:28:45.961134+00:00
124094,FCMB,2020-06-17,1.73,,,1.73,22543472,2026-04-08T03:28:48.324213+00:00
124197,FCMB,2020-06-18,1.73,,,1.73,32360523,2026-04-08T03:28:50.696546+00:00
124300,FCMB,2020-06-19,1.72,,,1.72,2325223,2026-04-08T03:28:53.406809+00:00
124403,FCMB,2020-06-22,1.8,,,1.8,2388037,2026-04-08T03:28:57.922359+00:00
124506,FCMB,2020-06-23,1.8,,,1.8,10762771,2026-04-08T03:29:00.283028+00:00
124609,FCMB,2020-06-24,1.8,,,1.8,5838872,2026-04-08T03:29:02.79982+00:00
124712,FCMB,2020-06-25,1.83,,,1.83,4001648,2026-04-08T03:29:05.076463+00:00
124815,FCMB,2020-06-26,1.86,,,1.86,6679390,2026-04-08T03:29:07.48598+00:00
124918,FCMB,2020-06-29,1.9,,,1.9,8341124,2026-04-08T03:29:11.968016+00:00
125021,FCMB,2020-06-30,1.93,,,1.93,10216098,2026-04-08T03:29:14.28255+00:00
125124,FCMB,2020-07-01,1.89,,,1.89,10339496,2026-04-08T03:29:16.703757+00:00
125227,FCMB,2020-07-02,1.76,,,1.76,1616435,2026-04-08T03:29:19.127663+00:00
125330,FCMB,2020-07-03,1.8,,,1.8,944164,2026-04-08T03:29:21.544735+00:00
125433,FCMB,2020-07-07,1.78,,,1.78,1925207,2026-04-08T03:29:27.331532+00:00
125536,FCMB,2020-07-08,1.9,,,1.9,9445115,2026-04-08T03:29:29.768744+00:00
125639,FCMB,2020-07-09,1.9,,,1.9,7055860,2026-04-08T03:29:32.143692+00:00
125742,FCMB,2020-07-10,1.9,,,1.9,5972616,2026-04-08T03:29:34.521297+00:00
125845,FCMB,2020-07-13,1.9,,,1.9,33275024,2026-04-08T03:29:39.007126+00:00
125948,FCMB,2020-07-14,1.89,,,1.89,3894252,2026-04-08T03:29:41.304989+00:00
126051,FCMB,2020-07-15,1.9,,,1.9,9343520,2026-04-08T03:29:43.708156+00:00
126154,FCMB,2020-07-16,1.9,,,1.9,9337201,2026-04-08T03:29:45.979708+00:00
126257,FCMB,2020-07-17,1.9,,,1.9,6146849,2026-04-08T03:29:48.357101+00:00
126360,FCMB,2020-07-20,1.9,,,1.9,3438105,2026-04-08T03:29:52.723074+00:00
126463,FCMB,2020-07-21,1.9,,,1.9,3203967,2026-04-08T03:29:55.035926+00:00
126566,FCMB,2020-07-23,1.92,,,1.92,1558997,2026-04-08T03:29:58.238067+00:00
126669,FCMB,2020-07-24,1.9,,,1.9,893730,2026-04-08T03:30:00.541513+00:00
126772,FCMB,2020-07-27,1.93,,,1.93,3473352,2026-04-08T03:30:04.748878+00:00
126875,FCMB,2020-07-28,1.95,,,1.95,2360452,2026-04-08T03:30:07.286947+00:00
126978,FCMB,2020-07-29,1.95,,,1.95,5696557,2026-04-08T03:30:09.725653+00:00
127081,FCMB,2020-08-03,1.91,,,1.91,3294430,2026-04-08T03:30:16.711714+00:00
127184,FCMB,2020-08-04,1.94,,,1.94,6099800,2026-04-08T03:30:19.026905+00:00
127287,FCMB,2020-08-05,1.9,,,1.9,7785170,2026-04-08T03:30:21.509999+00:00
127390,FCMB,2020-08-06,1.9,,,1.9,2072826,2026-04-08T03:30:23.823287+00:00
127493,FCMB,2020-08-07,2.02,,,2.02,5012202,2026-04-08T03:30:26.221973+00:00
127596,FCMB,2020-08-10,2.05,,,2.05,2087620,2026-04-08T03:30:31.080726+00:00
127699,FCMB,2020-08-11,2.0,,,2.0,8789580,2026-04-08T03:30:33.557314+00:00
127802,FCMB,2020-08-12,2.0,,,2.0,4551049,2026-04-08T03:30:35.989363+00:00
127905,FCMB,2020-08-13,2.04,,,2.04,3738939,2026-04-08T03:30:38.402702+00:00
128008,FCMB,2020-08-14,2.02,,,2.02,7431137,2026-04-08T03:30:40.738296+00:00
128111,FCMB,2020-08-17,2.06,,,2.06,2060354,2026-04-08T03:30:45.179846+00:00
128214,FCMB,2020-08-18,2.0,,,2.0,661865,2026-04-08T03:30:47.750292+00:00
128317,FCMB,2020-08-19,2.0,,,2.0,1779591,2026-04-08T03:30:50.260611+00:00
128420,FCMB,2020-08-20,2.0,,,2.0,5317888,2026-04-08T03:30:52.728097+00:00
128523,FCMB,2020-08-21,2.03,,,2.03,2077377,2026-04-08T03:30:55.129893+00:00
128626,FCMB,2020-08-24,2.05,,,2.05,1468253,2026-04-08T03:30:59.50528+00:00
128729,FCMB,2020-08-25,2.05,,,2.05,2317002,2026-04-08T03:31:01.97181+00:00
128832,FCMB,2020-08-26,2.07,,,2.07,5485765,2026-04-08T03:31:04.340397+00:00
128935,FCMB,2020-08-27,2.1,,,2.1,6718096,2026-04-08T03:31:06.825032+00:00
129038,FCMB,2020-08-28,2.15,,,2.15,8132281,2026-04-08T03:31:10.050623+00:00
129141,FCMB,2020-08-31,2.2,,,2.2,7871456,2026-04-08T03:31:14.574397+00:00
129244,FCMB,2020-09-01,2.15,,,2.15,7678075,2026-04-08T03:31:16.859057+00:00
129347,FCMB,2020-09-02,2.1,,,2.1,1330102,2026-04-08T03:31:19.223829+00:00
129450,FCMB,2020-09-03,2.2,,,2.2,10729326,2026-04-08T03:31:21.580357+00:00
129553,FCMB,2020-09-04,2.2,,,2.2,9741326,2026-04-08T03:31:24.095323+00:00
129656,FCMB,2020-09-07,2.26,,,2.26,5479070,2026-04-08T03:31:29.028072+00:00
129759,FCMB,2020-09-08,2.2,,,2.2,13821295,2026-04-08T03:31:31.696694+00:00
129862,FCMB,2020-09-09,2.26,,,2.26,3616605,2026-04-08T03:31:34.222499+00:00
129965,FCMB,2020-09-10,2.15,,,2.15,3151308,2026-04-08T03:31:36.666154+00:00
130068,FCMB,2020-09-11,2.2,,,2.2,3341831,2026-04-08T03:31:39.224755+00:00
130171,FCMB,2020-09-14,2.03,,,2.03,3122760,2026-04-08T03:31:43.669625+00:00
130274,FCMB,2020-09-15,2.05,,,2.05,3391654,2026-04-08T03:31:46.096824+00:00
130377,FCMB,2020-09-16,2.05,,,2.05,30330031,2026-04-08T03:31:48.62473+00:00
130480,FCMB,2020-09-17,2.04,,,2.04,20554125,2026-04-08T03:31:51.120615+00:00
130583,FCMB,2020-09-18,2.06,,,2.06,29267772,2026-04-08T03:31:53.500222+00:00
130686,FCMB,2020-09-21,2.04,,,2.04,1371500,2026-04-08T03:31:57.915353+00:00
130789,FCMB,2020-09-22,2.06,,,2.06,20527864,2026-04-08T03:32:00.361616+00:00
130892,FCMB,2020-09-23,2.1,,,2.1,356122,2026-04-08T03:32:02.667296+00:00
130995,FCMB,2020-09-24,2.1,,,2.1,1434430,2026-04-08T03:32:05.077899+00:00
131098,FCMB,2020-09-25,2.1,,,2.1,1821362,2026-04-08T03:32:07.472813+00:00
131201,FCMB,2020-09-28,2.1,,,2.1,27850370,2026-04-08T03:32:12.542607+00:00
131304,FCMB,2020-09-29,2.1,,,2.1,24458838,2026-04-08T03:32:14.948969+00:00
131407,FCMB,2020-09-30,2.19,,,2.19,2519589,2026-04-08T03:32:17.368144+00:00
131510,FCMB,2020-10-02,2.1,,,2.1,11308545,2026-04-08T03:32:21.009688+00:00
131613,FCMB,2020-10-05,2.14,,,2.14,34478463,2026-04-08T03:32:25.669514+00:00
131716,FCMB,2020-10-06,2.29,,,2.29,19165917,2026-04-08T03:32:28.151061+00:00
131819,FCMB,2020-10-07,2.2,,,2.2,13452960,2026-04-08T03:32:30.62441+00:00
131922,FCMB,2020-10-08,2.33,,,2.33,7703878,2026-04-08T03:32:32.995223+00:00
132025,FCMB,2020-10-09,2.26,,,2.26,11581150,2026-04-08T03:32:35.453646+00:00
132128,FCMB,2020-10-12,2.31,,,2.31,5506021,2026-04-08T03:32:39.836845+00:00
132231,FCMB,2020-10-13,2.35,,,2.35,11228574,2026-04-08T03:32:42.883097+00:00
132334,FCMB,2020-10-14,2.26,,,2.26,1677067,2026-04-08T03:32:45.313484+00:00
132437,FCMB,2020-10-15,2.26,,,2.26,453575,2026-04-08T03:32:47.672181+00:00
132540,FCMB,2020-10-16,2.35,,,2.35,11508728,2026-04-08T03:32:50.112843+00:00
132643,FCMB,2020-10-19,2.31,,,2.31,7032835,2026-04-08T03:32:54.594352+00:00
132746,FCMB,2020-10-20,2.35,,,2.35,6402677,2026-04-08T03:32:57.288568+00:00
132849,FCMB,2020-10-21,2.26,,,2.26,3209831,2026-04-08T03:32:59.679627+00:00
132952,FCMB,2020-10-22,2.44,,,2.44,4129392,2026-04-08T03:33:02.194874+00:00
133055,FCMB,2020-10-23,2.44,,,2.44,937835,2026-04-08T03:33:04.540232+00:00
133158,FCMB,2020-10-26,2.5,,,2.5,8319417,2026-04-08T03:33:08.964122+00:00
133261,FCMB,2020-10-27,2.65,,,2.65,10226505,2026-04-08T03:33:12.04516+00:00
133364,FCMB,2020-10-28,2.91,,,2.91,9659864,2026-04-08T03:33:14.504918+00:00
133467,FCMB,2020-10-30,3.13,,,3.13,7942616,2026-04-08T03:33:18.13889+00:00
133570,FCMB,2020-11-02,2.82,,,2.82,10516882,2026-04-08T03:33:22.589733+00:00
133673,FCMB,2020-11-03,2.9,,,2.9,6353755,2026-04-08T03:33:24.936567+00:00
133776,FCMB,2020-11-04,3.05,,,3.05,1039809,2026-04-08T03:33:27.402012+00:00
133879,FCMB,2020-11-05,3.05,,,3.05,991262,2026-04-08T03:33:29.791139+00:00
133982,FCMB,2020-11-06,3.1,,,3.1,15948865,2026-04-08T03:33:32.190465+00:00
134085,FCMB,2020-11-09,3.39,,,3.39,17854860,2026-04-08T03:33:36.944942+00:00
134189,FCMB,2020-11-10,3.35,,,3.35,10368951,2026-04-08T03:33:39.328014+00:00
134293,FCMB,2020-11-11,3.5,,,3.5,18105842,2026-04-08T03:33:41.646704+00:00
134397,FCMB,2020-11-12,3.8,,,3.8,14740403,2026-04-08T03:33:44.075825+00:00
134501,FCMB,2020-11-13,3.42,,,3.42,19690559,2026-04-08T03:33:46.660663+00:00
134605,FCMB,2020-11-16,3.36,,,3.36,13342740,2026-04-08T03:33:51.206328+00:00
134709,FCMB,2020-11-17,3.25,,,3.25,8073978,2026-04-08T03:33:53.594986+00:00
134813,FCMB,2020-11-18,3.35,,,3.35,8483529,2026-04-08T03:33:56.053488+00:00
134917,FCMB,2020-11-19,3.02,,,3.02,16284075,2026-04-08T03:33:58.535588+00:00
135021,FCMB,2020-11-20,3.03,,,3.03,5767788,2026-04-08T03:34:01.033528+00:00
135125,FCMB,2020-11-23,2.95,,,2.95,12119466,2026-04-08T03:34:05.446005+00:00
135229,FCMB,2020-11-24,3.01,,,3.01,7521920,2026-04-08T03:34:07.827748+00:00
135333,FCMB,2020-11-25,3.3,,,3.3,15288773,2026-04-08T03:34:10.273596+00:00
135437,FCMB,2020-11-26,3.26,,,3.26,2900242,2026-04-08T03:34:12.878043+00:00
135541,FCMB,2020-11-27,3.25,,,3.25,1076575,2026-04-08T03:34:15.660625+00:00
135645,FCMB,2020-11-30,3.33,,,3.33,2153950,2026-04-08T03:34:20.595268+00:00
135749,FCMB,2020-12-01,3.21,,,3.21,8490081,2026-04-08T03:34:22.915781+00:00
135852,FCMB,2020-12-02,3.1,,,3.1,2042031,2026-04-08T03:34:25.200893+00:00
135954,FCMB,2020-12-03,2.96,,,2.96,6389418,2026-04-08T03:34:27.500503+00:00
136056,FCMB,2020-12-04,2.96,,,2.96,2928034,2026-04-08T03:34:29.754666+00:00
136160,FCMB,2020-12-07,3.0,,,3.0,847780,2026-04-08T03:34:34.092506+00:00
136264,FCMB,2020-12-08,3.0,,,3.0,2582279,2026-04-08T03:34:36.413898+00:00
136368,FCMB,2020-12-09,3.08,,,3.08,9924013,2026-04-08T03:34:38.741358+00:00
136472,FCMB,2020-12-10,2.9,,,2.9,2091046,2026-04-08T03:34:41.210459+00:00
136576,FCMB,2020-12-11,2.95,,,2.95,6741454,2026-04-08T03:34:43.516271+00:00
136680,FCMB,2020-12-14,3.02,,,3.02,6153384,2026-04-08T03:34:47.752987+00:00
136785,FCMB,2020-12-15,2.87,,,2.87,3413934,2026-04-08T03:34:50.014046+00:00
136890,FCMB,2020-12-16,3.0,,,3.0,7406370,2026-04-08T03:34:52.260784+00:00
136995,FCMB,2020-12-17,2.86,,,2.86,1637815,2026-04-08T03:34:54.700208+00:00
137100,FCMB,2020-12-18,3.02,,,3.02,7692509,2026-04-08T03:34:57.404383+00:00
137205,FCMB,2020-12-21,3.0,,,3.0,4497891,2026-04-08T03:35:01.74156+00:00
137310,FCMB,2020-12-22,3.02,,,3.02,3152453,2026-04-08T03:35:04.087051+00:00
137415,FCMB,2020-12-23,2.9,,,2.9,2057088,2026-04-08T03:35:06.465463+00:00
137520,FCMB,2020-12-24,3.02,,,3.02,15265585,2026-04-08T03:35:08.859517+00:00
137625,FCMB,2020-12-29,3.0,,,3.0,6171289,2026-04-08T03:35:15.710612+00:00
137730,FCMB,2020-12-30,3.03,,,3.03,13989398,2026-04-08T03:35:18.332825+00:00
137835,FCMB,2020-12-31,3.33,,,3.33,24301553,2026-04-08T03:35:20.721524+00:00
137940,FCMB,2021-01-04,3.13,,,3.13,19670671,2026-04-08T03:35:26.376094+00:00
138045,FCMB,2021-01-05,3.01,,,3.01,26593639,2026-04-08T03:35:29.033034+00:00
138150,FCMB,2021-01-06,3.02,,,3.02,1751479,2026-04-08T03:35:31.424152+00:00
138255,FCMB,2021-01-07,3.1,,,3.1,2046386,2026-04-08T03:35:34.042283+00:00
138360,FCMB,2021-01-08,3.25,,,3.25,14849361,2026-04-08T03:35:36.489888+00:00
138465,FCMB,2021-01-11,3.18,,,3.18,10450825,2026-04-08T03:35:41.134484+00:00
138570,FCMB,2021-01-12,3.18,,,3.18,6497584,2026-04-08T03:35:43.444525+00:00
138675,FCMB,2021-01-13,3.2,,,3.2,3928330,2026-04-08T03:35:45.752573+00:00
138780,FCMB,2021-01-14,3.22,,,3.22,4007447,2026-04-08T03:35:48.266873+00:00
138885,FCMB,2021-01-15,3.23,,,3.23,10213622,2026-04-08T03:35:50.536305+00:00
138990,FCMB,2021-01-18,3.2,,,3.2,13654903,2026-04-08T03:35:55.012207+00:00
139095,FCMB,2021-01-19,3.17,,,3.17,5197023,2026-04-08T03:35:57.346792+00:00
139200,FCMB,2021-01-20,3.22,,,3.22,5687125,2026-04-08T03:35:59.785195+00:00
139305,FCMB,2021-01-21,3.15,,,3.15,7240499,2026-04-08T03:36:02.057398+00:00
139410,FCMB,2021-01-22,3.25,,,3.25,2223608,2026-04-08T03:36:04.490813+00:00
139515,FCMB,2021-01-25,3.29,,,3.29,8863222,2026-04-08T03:36:09.142175+00:00
139620,FCMB,2021-01-26,3.25,,,3.25,2699755,2026-04-08T03:36:11.477526+00:00
139725,FCMB,2021-01-27,3.34,,,3.34,9432840,2026-04-08T03:36:13.916788+00:00
139830,FCMB,2021-01-28,3.3,,,3.3,5324006,2026-04-08T03:36:16.269205+00:00
139935,FCMB,2021-01-29,3.38,,,3.38,8789023,2026-04-08T03:36:18.603253+00:00
140040,FCMB,2021-02-01,3.37,,,3.37,1828726,2026-04-08T03:36:23.094546+00:00
140145,FCMB,2021-02-02,3.36,,,3.36,8753390,2026-04-08T03:36:25.523135+00:00
140250,FCMB,2021-02-03,3.32,,,3.32,50404374,2026-04-08T03:36:27.835035+00:00
140355,FCMB,2021-02-04,3.5,,,3.5,66492189,2026-04-08T03:36:30.225924+00:00
140460,FCMB,2021-02-05,3.2,,,3.2,5390641,2026-04-08T03:36:32.587221+00:00
140565,FCMB,2021-02-08,3.21,,,3.21,5264087,2026-04-08T03:36:37.052653+00:00
140670,FCMB,2021-02-09,3.23,,,3.23,1595926,2026-04-08T03:36:39.468141+00:00
140775,FCMB,2021-02-10,3.24,,,3.24,3384268,2026-04-08T03:36:41.836322+00:00
140880,FCMB,2021-02-11,3.1,,,3.1,6569954,2026-04-08T03:36:44.255641+00:00
140985,FCMB,2021-02-12,3.1,,,3.1,2510757,2026-04-08T03:36:46.553737+00:00
141090,FCMB,2021-02-15,3.3,,,3.3,3903496,2026-04-08T03:36:50.983127+00:00
141195,FCMB,2021-02-16,3.3,,,3.3,7530777,2026-04-08T03:36:53.929967+00:00
141300,FCMB,2021-02-17,3.2,,,3.2,1059995,2026-04-08T03:36:56.762484+00:00
141405,FCMB,2021-02-18,3.04,,,3.04,9859682,2026-04-08T03:36:59.321693+00:00
141510,FCMB,2021-02-19,3.1,,,3.1,625045,2026-04-08T03:37:01.817881+00:00
141615,FCMB,2021-02-22,3.18,,,3.18,1219484,2026-04-08T03:37:06.27808+00:00
141720,FCMB,2021-02-23,3.18,,,3.18,136358,2026-04-08T03:37:08.890934+00:00
141825,FCMB,2021-02-24,3.11,,,3.11,390311,2026-04-08T03:37:11.490979+00:00
141930,FCMB,2021-02-25,3.01,,,3.01,8793434,2026-04-08T03:37:14.190372+00:00
142035,FCMB,2021-02-26,3.03,,,3.03,705338,2026-04-08T03:37:16.661186+00:00
142140,FCMB,2021-03-01,2.98,,,2.98,2223874,2026-04-08T03:37:22.522205+00:00
142245,FCMB,2021-03-02,2.98,,,2.98,1982008,2026-04-08T03:37:25.400973+00:00
142350,FCMB,2021-03-03,2.98,,,2.98,6212033,2026-04-08T03:37:28.29584+00:00
142455,FCMB,2021-03-04,3.0,,,3.0,1722858,2026-04-08T03:37:30.865183+00:00
142560,FCMB,2021-03-05,2.91,,,2.91,1814611,2026-04-08T03:37:35.032922+00:00
142665,FCMB,2021-03-08,2.91,,,2.91,52428,2026-04-08T03:37:40.957406+00:00
142770,FCMB,2021-03-09,2.9,,,2.9,1529179,2026-04-08T03:37:43.478318+00:00
142875,FCMB,2021-03-10,2.9,,,2.9,1407630,2026-04-08T03:37:46.075681+00:00
142980,FCMB,2021-03-11,2.9,,,2.9,296219,2026-04-08T03:37:49.142973+00:00
143085,FCMB,2021-03-12,2.9,,,2.9,141343,2026-04-08T03:37:51.827027+00:00
143190,FCMB,2021-03-15,2.9,,,2.9,94485,2026-04-08T03:37:56.632273+00:00
143295,FCMB,2021-03-16,2.86,,,2.86,396648,2026-04-08T03:37:59.157483+00:00
143400,FCMB,2021-03-17,2.85,,,2.85,1423261,2026-04-08T03:38:01.497417+00:00
143505,FCMB,2021-03-18,2.86,,,2.86,3180415,2026-04-08T03:38:03.831621+00:00
143610,FCMB,2021-03-19,2.86,,,2.86,1395908,2026-04-08T03:38:06.31825+00:00
143715,FCMB,2021-03-22,2.97,,,2.97,199196,2026-04-08T03:38:11.081229+00:00
143820,FCMB,2021-03-23,2.93,,,2.93,672694,2026-04-08T03:38:13.396015+00:00
143925,FCMB,2021-03-24,2.93,,,2.93,309094,2026-04-08T03:38:15.81449+00:00
144030,FCMB,2021-03-25,2.98,,,2.98,2004173,2026-04-08T03:38:18.283134+00:00
144135,FCMB,2021-03-26,2.98,,,2.98,3223955,2026-04-08T03:38:20.746814+00:00
144240,FCMB,2021-03-29,2.9,,,2.9,2159627,2026-04-08T03:38:25.159246+00:00
144345,FCMB,2021-03-30,2.9,,,2.9,851719,2026-04-08T03:38:27.475529+00:00
144450,FCMB,2021-03-31,2.9,,,2.9,421575,2026-04-08T03:38:29.710175+00:00
144555,FCMB,2021-04-01,2.83,,,2.83,1556412,2026-04-08T03:38:32.086622+00:00
144660,FCMB,2021-04-06,2.96,,,2.96,1673544,2026-04-08T03:38:38.336109+00:00
144765,FCMB,2021-04-07,2.89,,,2.89,5592307,2026-04-08T03:38:40.597593+00:00
144870,FCMB,2021-04-08,2.89,,,2.89,236691,2026-04-08T03:38:43.050318+00:00
144975,FCMB,2021-04-09,2.92,,,2.92,1376352,2026-04-08T03:38:45.381101+00:00
145080,FCMB,2021-04-12,2.8,,,2.8,468946,2026-04-08T03:38:49.634064+00:00
145185,FCMB,2021-04-14,2.81,,,2.81,335763,2026-04-08T03:38:53.291299+00:00
145290,FCMB,2021-04-15,2.92,,,2.92,1211141,2026-04-08T03:38:55.647647+00:00
145395,FCMB,2021-04-16,2.66,,,2.66,3138992,2026-04-08T03:38:58.039758+00:00
145500,FCMB,2021-04-19,2.92,,,2.92,4153553,2026-04-08T03:39:02.639407+00:00
145605,FCMB,2021-04-20,2.9,,,2.9,1183771,2026-04-08T03:39:05.009889+00:00
145710,FCMB,2021-04-21,2.9,,,2.9,1332272,2026-04-08T03:39:07.371999+00:00
145815,FCMB,2021-04-22,2.9,,,2.9,510372,2026-04-08T03:39:09.720023+00:00
145920,FCMB,2021-04-26,2.9,,,2.9,1085631,2026-04-08T03:39:15.36746+00:00
146025,FCMB,2021-04-27,2.9,,,2.9,1621565,2026-04-08T03:39:17.695414+00:00
146130,FCMB,2021-04-28,2.89,,,2.89,5690302,2026-04-08T03:39:20.620007+00:00
146235,FCMB,2021-04-29,2.84,,,2.84,1284252,2026-04-08T03:39:22.905871+00:00
146340,FCMB,2021-04-30,2.8,,,2.8,985643,2026-04-08T03:39:25.430976+00:00
146445,FCMB,2021-05-04,3.0,,,3.0,25725352,2026-04-08T03:39:31.322792+00:00
146550,FCMB,2021-05-05,3.08,,,3.08,10752596,2026-04-08T03:39:33.759587+00:00
146655,FCMB,2021-05-06,2.9,,,2.9,5585501,2026-04-08T03:39:36.246061+00:00
146760,FCMB,2021-05-07,3.0,,,3.0,6013856,2026-04-08T03:39:38.47254+00:00
146865,FCMB,2021-05-10,3.02,,,3.02,4424315,2026-04-08T03:39:42.886326+00:00
146970,FCMB,2021-05-11,3.01,,,3.01,3728803,2026-04-08T03:39:45.288668+00:00
147075,FCMB,2021-05-14,3.01,,,3.01,210100,2026-04-08T03:39:49.859206+00:00
147180,FCMB,2021-05-17,2.99,,,2.99,2695592,2026-04-08T03:39:54.343913+00:00
147285,FCMB,2021-05-18,3.0,,,3.0,6657009,2026-04-08T03:39:57.092526+00:00
147390,FCMB,2021-05-19,2.98,,,2.98,4443257,2026-04-08T03:39:59.433321+00:00
147495,FCMB,2021-05-20,2.98,,,2.98,199771,2026-04-08T03:40:01.906518+00:00
147600,FCMB,2021-05-21,2.98,,,2.98,452580,2026-04-08T03:40:04.221824+00:00
147705,FCMB,2021-05-24,2.98,,,2.98,270259,2026-04-08T03:40:08.535937+00:00
147810,FCMB,2021-05-25,2.99,,,2.99,6735677,2026-04-08T03:40:10.790359+00:00
147915,FCMB,2021-05-26,2.99,,,2.99,81051,2026-04-08T03:40:13.088105+00:00
148020,FCMB,2021-05-27,2.99,,,2.99,3718346,2026-04-08T03:40:15.774564+00:00
148125,FCMB,2021-05-28,3.05,,,3.05,2471393,2026-04-08T03:40:18.222614+00:00
148230,FCMB,2021-05-31,3.0,,,3.0,468769,2026-04-08T03:40:23.651574+00:00
148335,FCMB,2021-06-01,3.15,,,3.15,10311411,2026-04-08T03:40:26.050454+00:00
148440,FCMB,2021-06-02,3.06,,,3.06,4393638,2026-04-08T03:40:28.576306+00:00
148545,FCMB,2021-06-03,3.15,,,3.15,22684536,2026-04-08T03:40:31.001459+00:00
148650,FCMB,2021-06-04,3.3,,,3.3,28265936,2026-04-08T03:40:33.442796+00:00
148755,FCMB,2021-06-07,3.15,,,3.15,4738043,2026-04-08T03:40:37.732645+00:00
148860,FCMB,2021-06-08,3.15,,,3.15,3021443,2026-04-08T03:40:40.102423+00:00
148965,FCMB,2021-06-09,3.1,,,3.1,669198,2026-04-08T03:40:42.486352+00:00
149070,FCMB,2021-06-10,3.12,,,3.12,1841910,2026-04-08T03:40:45.029393+00:00
149175,FCMB,2021-06-11,3.12,,,3.12,2117465,2026-04-08T03:40:47.465669+00:00
149280,FCMB,2021-06-15,3.09,,,3.09,1292420,2026-04-08T03:40:53.415974+00:00
149385,FCMB,2021-06-16,3.13,,,3.13,1342329,2026-04-08T03:40:55.754681+00:00
149491,FCMB,2021-06-17,3.19,,,3.19,1537675,2026-04-08T03:40:58.172345+00:00
149597,FCMB,2021-06-18,3.19,,,3.19,541165,2026-04-08T03:41:00.479054+00:00
149703,FCMB,2021-06-21,3.15,,,3.15,1435296,2026-04-08T03:41:05.049703+00:00
149810,FCMB,2021-06-22,3.15,,,3.15,3886923,2026-04-08T03:41:07.444448+00:00
149917,FCMB,2021-06-23,3.09,,,3.09,3163698,2026-04-08T03:41:09.819069+00:00
150024,FCMB,2021-06-24,3.1,,,3.1,2298479,2026-04-08T03:41:12.2583+00:00
150131,FCMB,2021-06-25,3.0,,,3.0,1586568,2026-04-08T03:41:14.6351+00:00
150238,FCMB,2021-06-28,3.1,,,3.1,940190,2026-04-08T03:41:19.428749+00:00
150345,FCMB,2021-06-29,3.35,,,3.35,40703647,2026-04-08T03:41:22.147646+00:00
150452,FCMB,2021-06-30,3.35,,,3.35,354353,2026-04-08T03:41:24.723581+00:00
150559,FCMB,2021-07-01,3.35,,,3.35,195314,2026-04-08T03:41:27.253573+00:00
150666,FCMB,2021-07-02,3.1,,,3.1,5033071,2026-04-08T03:41:29.882533+00:00
150773,FCMB,2021-07-05,3.09,,,3.09,14823387,2026-04-08T03:41:34.454391+00:00
150880,FCMB,2021-07-06,3.09,,,3.09,557642,2026-04-08T03:41:36.982623+00:00
150987,FCMB,2021-07-07,3.09,,,3.09,3411677,2026-04-08T03:41:39.307643+00:00
151094,FCMB,2021-07-08,3.02,,,3.02,3688736,2026-04-08T03:41:41.672436+00:00
151202,FCMB,2021-07-09,2.99,,,2.99,3418907,2026-04-08T03:41:44.186247+00:00
151310,FCMB,2021-07-12,2.99,,,2.99,1092181,2026-04-08T03:41:48.615121+00:00
151418,FCMB,2021-07-13,2.98,,,2.98,1685195,2026-04-08T03:41:50.993586+00:00
151526,FCMB,2021-07-14,2.97,,,2.97,8648133,2026-04-08T03:41:53.268+00:00
151634,FCMB,2021-07-15,3.0,,,3.0,795366,2026-04-08T03:41:55.50175+00:00
151742,FCMB,2021-07-16,2.99,,,2.99,3024722,2026-04-08T03:41:57.978751+00:00
151850,FCMB,2021-07-19,2.99,,,2.99,393641,2026-04-08T03:42:02.439681+00:00
151958,FCMB,2021-07-22,2.99,,,2.99,276673,2026-04-08T03:42:06.938387+00:00
152066,FCMB,2021-07-23,3.0,,,3.0,2623894,2026-04-08T03:42:09.224536+00:00
152174,FCMB,2021-07-26,3.0,,,3.0,8176163,2026-04-08T03:42:13.888963+00:00
152282,FCMB,2021-07-27,3.08,,,3.08,11073820,2026-04-08T03:42:16.300026+00:00
152390,FCMB,2021-07-28,3.02,,,3.02,3586592,2026-04-08T03:42:18.733972+00:00
152498,FCMB,2021-07-29,2.99,,,2.99,6275072,2026-04-08T03:42:21.196071+00:00
152606,FCMB,2021-07-30,3.0,,,3.0,8719513,2026-04-08T03:42:23.780537+00:00
152714,FCMB,2021-08-02,3.0,,,3.0,17714539,2026-04-08T03:42:28.457705+00:00
152822,FCMB,2021-08-03,3.0,,,3.0,1568856,2026-04-08T03:42:31.094462+00:00
152930,FCMB,2021-08-04,3.06,,,3.06,8650959,2026-04-08T03:42:33.531563+00:00
153038,FCMB,2021-08-05,3.12,,,3.12,2588582,2026-04-08T03:42:35.917081+00:00
153146,FCMB,2021-08-06,3.1,,,3.1,12260805,2026-04-08T03:42:38.23616+00:00
153254,FCMB,2021-08-09,3.1,,,3.1,9468378,2026-04-08T03:42:42.878342+00:00
153362,FCMB,2021-08-10,3.15,,,3.15,9712996,2026-04-08T03:42:45.264053+00:00
153470,FCMB,2021-08-12,3.1,,,3.1,13602326,2026-04-08T03:42:48.762656+00:00
153578,FCMB,2021-08-13,3.02,,,3.02,1144110,2026-04-08T03:42:51.120096+00:00
153686,FCMB,2021-08-16,3.14,,,3.14,2474436,2026-04-08T03:42:55.556429+00:00
153794,FCMB,2021-08-17,3.14,,,3.14,2289579,2026-04-08T03:42:57.870214+00:00
153902,FCMB,2021-08-18,3.14,,,3.14,1136033,2026-04-08T03:43:00.318272+00:00
154010,FCMB,2021-08-19,3.03,,,3.03,2031235,2026-04-08T03:43:02.743698+00:00
154118,FCMB,2021-08-20,3.09,,,3.09,6759421,2026-04-08T03:43:05.111187+00:00
154226,FCMB,2021-08-23,3.02,,,3.02,404997,2026-04-08T03:43:09.725908+00:00
154334,FCMB,2021-08-24,3.0,,,3.0,1528860,2026-04-08T03:43:12.031989+00:00
154442,FCMB,2021-08-25,3.0,,,3.0,185204,2026-04-08T03:43:14.375004+00:00
154550,FCMB,2021-08-26,3.07,,,3.07,1814895,2026-04-08T03:43:16.860503+00:00
154658,FCMB,2021-08-27,3.07,,,3.07,2764630,2026-04-08T03:43:19.247601+00:00
154766,FCMB,2021-08-30,3.05,,,3.05,1872617,2026-04-08T03:43:23.756871+00:00
154874,FCMB,2021-08-31,3.05,,,3.05,1547420,2026-04-08T03:43:26.203018+00:00
154982,FCMB,2021-09-01,3.05,,,3.05,211308,2026-04-08T03:43:28.430514+00:00
155090,FCMB,2021-09-02,3.0,,,3.0,579879,2026-04-08T03:43:30.63423+00:00
155198,FCMB,2021-09-03,2.95,,,2.95,5659948,2026-04-08T03:43:33.173741+00:00
155306,FCMB,2021-09-06,2.95,,,2.95,1159511,2026-04-08T03:43:37.566628+00:00
155414,FCMB,2021-09-07,2.9,,,2.9,2033383,2026-04-08T03:43:39.870652+00:00
155522,FCMB,2021-09-08,3.0,,,3.0,413387,2026-04-08T03:43:42.125577+00:00
155630,FCMB,2021-09-09,2.95,,,2.95,1120005,2026-04-08T03:43:44.739177+00:00
155738,FCMB,2021-09-10,3.0,,,3.0,570691,2026-04-08T03:43:47.339386+00:00
155846,FCMB,2021-09-13,3.03,,,3.03,1808575,2026-04-08T03:43:51.822078+00:00
155954,FCMB,2021-09-14,2.97,,,2.97,282412,2026-04-08T03:43:54.260371+00:00
156062,FCMB,2021-09-15,2.97,,,2.97,271088,2026-04-08T03:43:56.896801+00:00
156170,FCMB,2021-09-16,2.97,,,2.97,224212,2026-04-08T03:43:59.227477+00:00
156278,FCMB,2021-09-20,2.98,,,2.98,324792,2026-04-08T03:44:04.993721+00:00
156386,FCMB,2021-09-21,2.98,,,2.98,1778627,2026-04-08T03:44:07.727357+00:00
156494,FCMB,2021-09-22,2.96,,,2.96,483420,2026-04-08T03:44:10.239254+00:00
156602,FCMB,2021-09-23,2.96,,,2.96,1029813,2026-04-08T03:44:12.661605+00:00
156710,FCMB,2021-09-24,2.96,,,2.96,1097204,2026-04-08T03:44:15.34542+00:00
156818,FCMB,2021-09-27,3.0,,,3.0,1006248,2026-04-08T03:44:19.850483+00:00
156926,FCMB,2021-09-28,2.9,,,2.9,456428,2026-04-08T03:44:22.678655+00:00
157034,FCMB,2021-09-29,2.9,,,2.9,66453,2026-04-08T03:44:25.133662+00:00
157142,FCMB,2021-09-30,2.89,,,2.89,1547221,2026-04-08T03:44:27.471646+00:00
157250,FCMB,2021-10-04,2.95,,,2.95,308200,2026-04-08T03:44:32.876267+00:00
157358,FCMB,2021-10-05,2.92,,,2.92,1174795,2026-04-08T03:44:35.445743+00:00
157466,FCMB,2021-10-06,3.03,,,3.03,3072682,2026-04-08T03:44:37.876116+00:00
157574,FCMB,2021-10-07,3.04,,,3.04,2368815,2026-04-08T03:44:40.206594+00:00
157682,FCMB,2021-10-08,3.06,,,3.06,1287677,2026-04-08T03:44:42.63936+00:00
157790,FCMB,2021-10-11,3.06,,,3.06,425693,2026-04-08T03:44:47.21782+00:00
157898,FCMB,2021-10-12,3.05,,,3.05,5776249,2026-04-08T03:44:49.55017+00:00
158006,FCMB,2021-10-13,3.06,,,3.06,1885122,2026-04-08T03:44:52.157785+00:00
158114,FCMB,2021-10-14,3.0,,,3.0,2275637,2026-04-08T03:44:54.53471+00:00
158222,FCMB,2021-10-15,3.06,,,3.06,369011,2026-04-08T03:44:56.91657+00:00
158331,FCMB,2021-10-18,3.15,,,3.15,5547696,2026-04-08T03:45:01.595863+00:00
158440,FCMB,2021-10-20,3.15,,,3.15,1930903,2026-04-08T03:45:05.471144+00:00
158549,FCMB,2021-10-21,3.15,,,3.15,583516,2026-04-08T03:45:08.008029+00:00
158656,FCMB,2021-10-22,3.1,,,3.1,422770,2026-04-08T03:45:10.474564+00:00
158765,FCMB,2021-10-25,3.15,,,3.15,6667731,2026-04-08T03:45:15.28358+00:00
158874,FCMB,2021-10-26,3.19,,,3.19,8167456,2026-04-08T03:45:17.74539+00:00
158983,FCMB,2021-10-27,3.19,,,3.19,1199563,2026-04-08T03:45:20.303823+00:00
159092,FCMB,2021-10-28,3.19,,,3.19,10459685,2026-04-08T03:45:22.610226+00:00
159201,FCMB,2021-10-29,3.19,,,3.19,12797885,2026-04-08T03:45:25.013779+00:00
159310,FCMB,2021-11-01,3.19,,,3.19,2241098,2026-04-08T03:45:29.747778+00:00
159419,FCMB,2021-11-02,3.0,,,3.0,7557987,2026-04-08T03:45:32.292585+00:00
159528,FCMB,2021-11-03,3.04,,,3.04,1983727,2026-04-08T03:45:34.604091+00:00
159637,FCMB,2021-11-04,3.05,,,3.05,2430539,2026-04-08T03:45:37.086301+00:00
159746,FCMB,2021-11-05,3.05,,,3.05,155486,2026-04-08T03:45:39.522081+00:00
159855,FCMB,2021-11-08,3.05,,,3.05,2256387,2026-04-08T03:45:44.061968+00:00
159964,FCMB,2021-11-10,3.05,,,3.05,910034,2026-04-08T03:45:47.530577+00:00
160073,FCMB,2021-11-11,3.07,,,3.07,2065637,2026-04-08T03:45:49.990111+00:00
160182,FCMB,2021-11-12,3.09,,,3.09,15840239,2026-04-08T03:45:52.531373+00:00
160291,FCMB,2021-11-15,3.05,,,3.05,34846253,2026-04-08T03:45:57.041913+00:00
160400,FCMB,2021-11-17,3.03,,,3.03,271018,2026-04-08T03:46:00.536124+00:00
160509,FCMB,2021-11-18,3.03,,,3.03,7711087,2026-04-08T03:46:03.012698+00:00
160618,FCMB,2021-11-19,3.0,,,3.0,6826851,2026-04-08T03:46:05.423699+00:00
160727,FCMB,2021-11-22,3.05,,,3.05,2044896,2026-04-08T03:46:10.306395+00:00
160836,FCMB,2021-11-23,3.05,,,3.05,2521107,2026-04-08T03:46:12.888041+00:00
160945,FCMB,2021-11-24,3.08,,,3.08,27441157,2026-04-08T03:46:15.261589+00:00
161054,FCMB,2021-11-25,3.05,,,3.05,819148,2026-04-08T03:46:17.544601+00:00
161163,FCMB,2021-11-29,3.0,,,3.0,58454159,2026-04-08T03:46:23.244686+00:00
161272,FCMB,2021-11-30,3.1,,,3.1,1255823,2026-04-08T03:46:25.627389+00:00
161381,FCMB,2021-12-01,2.99,,,2.99,1445298,2026-04-08T03:46:28.190956+00:00
161490,FCMB,2021-12-02,2.98,,,2.98,4523338,2026-04-08T03:46:30.651544+00:00
161599,FCMB,2021-12-03,3.0,,,3.0,1729701,2026-04-08T03:46:33.124129+00:00
161708,FCMB,2021-12-06,3.0,,,3.0,106197,2026-04-08T03:46:37.622095+00:00
161817,FCMB,2021-12-07,2.93,,,2.93,9411486,2026-04-08T03:46:39.947423+00:00
161926,FCMB,2021-12-08,2.9,,,2.9,3571835,2026-04-08T03:46:42.482337+00:00
162035,FCMB,2021-12-09,2.9,,,2.9,239293,2026-04-08T03:46:44.852467+00:00
162144,FCMB,2021-12-10,3.0,,,3.0,35295301,2026-04-08T03:46:47.321476+00:00
162254,FCMB,2021-12-13,2.9,,,2.9,4006494,2026-04-08T03:46:51.775824+00:00
162364,FCMB,2021-12-14,2.9,,,2.9,5889610,2026-04-08T03:46:54.126877+00:00
162474,FCMB,2021-12-15,3.0,,,3.0,3420563,2026-04-08T03:46:56.822916+00:00
162584,FCMB,2021-12-16,3.0,,,3.0,19983,2026-04-08T03:46:59.215115+00:00
162694,FCMB,2021-12-17,3.0,,,3.0,1247251,2026-04-08T03:47:01.752329+00:00
162805,FCMB,2021-12-20,3.0,,,3.0,35695,2026-04-08T03:47:06.293287+00:00
162916,FCMB,2021-12-21,3.0,,,3.0,539902,2026-04-08T03:47:08.729464+00:00
163027,FCMB,2021-12-22,2.87,,,2.87,1174506,2026-04-08T03:47:11.106283+00:00
163138,FCMB,2021-12-23,3.0,,,3.0,679753,2026-04-08T03:47:13.420215+00:00
163249,FCMB,2021-12-24,3.0,,,3.0,89786,2026-04-08T03:47:15.708642+00:00
163360,FCMB,2021-12-29,2.98,,,2.98,2335036,2026-04-08T03:47:22.624079+00:00
163471,FCMB,2021-12-30,2.98,,,2.98,548852,2026-04-08T03:47:25.019388+00:00
163582,FCMB,2021-12-31,2.99,,,2.99,10586129,2026-04-08T03:47:27.803632+00:00
163693,FCMB,2022-01-04,2.85,,,2.85,3564069,2026-04-08T03:47:33.190226+00:00
163805,FCMB,2022-01-05,2.94,,,2.94,6932148,2026-04-08T03:47:35.481449+00:00
163917,FCMB,2022-01-06,3.0,,,3.0,3404192,2026-04-08T03:47:38.067383+00:00
164029,FCMB,2022-01-07,3.0,,,3.0,1566151,2026-04-08T03:47:40.483305+00:00
164141,FCMB,2022-01-10,3.0,,,3.0,7301008,2026-04-08T03:47:45.097739+00:00
164253,FCMB,2022-01-11,3.05,,,3.05,4254843,2026-04-08T03:47:47.617941+00:00
164365,FCMB,2022-01-12,3.05,,,3.05,1124999,2026-04-08T03:47:50.132225+00:00
164477,FCMB,2022-01-13,3.05,,,3.05,164382,2026-04-08T03:47:52.673244+00:00
164589,FCMB,2022-01-14,3.05,,,3.05,1758978,2026-04-08T03:47:55.308832+00:00
164701,FCMB,2022-01-17,3.04,,,3.04,2412856,2026-04-08T03:47:59.999655+00:00
164813,FCMB,2022-01-18,3.05,,,3.05,8227400,2026-04-08T03:48:02.353596+00:00
164925,FCMB,2022-01-19,3.0,,,3.0,12932757,2026-04-08T03:48:04.820784+00:00
165037,FCMB,2022-01-20,2.95,,,2.95,2294621,2026-04-08T03:48:07.325935+00:00
165149,FCMB,2022-01-21,3.0,,,3.0,264441,2026-04-08T03:48:09.696329+00:00
165261,FCMB,2022-01-24,3.0,,,3.0,1191481,2026-04-08T03:48:14.136661+00:00
165373,FCMB,2022-01-25,3.0,,,3.0,1424997,2026-04-08T03:48:16.50614+00:00
165485,FCMB,2022-01-26,3.04,,,3.04,4062100,2026-04-08T03:48:19.024911+00:00
165597,FCMB,2022-01-27,3.04,,,3.04,4293564,2026-04-08T03:48:21.585909+00:00
165709,FCMB,2022-01-28,3.04,,,3.04,866942,2026-04-08T03:48:23.969021+00:00
165821,FCMB,2022-01-31,3.13,,,3.13,2739422,2026-04-08T03:48:28.465348+00:00
165933,FCMB,2022-02-01,3.13,,,3.13,280234,2026-04-08T03:48:30.807911+00:00
166045,FCMB,2022-02-02,3.09,,,3.09,1408268,2026-04-08T03:48:33.305516+00:00
166157,FCMB,2022-02-03,3.07,,,3.07,823782,2026-04-08T03:48:35.918914+00:00
166269,FCMB,2022-02-04,3.0,,,3.0,1223343,2026-04-08T03:48:38.317721+00:00
166381,FCMB,2022-02-07,3.0,,,3.0,2335269,2026-04-08T03:48:42.904693+00:00
166493,FCMB,2022-02-08,3.0,,,3.0,559987,2026-04-08T03:48:45.378139+00:00
166605,FCMB,2022-02-09,2.99,,,2.99,242647,2026-04-08T03:48:48.035665+00:00
166717,FCMB,2022-02-10,2.92,,,2.92,1477982,2026-04-08T03:48:50.398564+00:00
166829,FCMB,2022-02-11,2.92,,,2.92,914186,2026-04-08T03:48:52.774016+00:00
166941,FCMB,2022-02-14,2.98,,,2.98,565192,2026-04-08T03:48:57.293433+00:00
167053,FCMB,2022-02-15,3.13,,,3.13,3488413,2026-04-08T03:48:59.662493+00:00
167165,FCMB,2022-02-16,3.13,,,3.13,507176,2026-04-08T03:49:02.003783+00:00
167277,FCMB,2022-02-17,3.0,,,3.0,14317981,2026-04-08T03:49:04.32656+00:00
167389,FCMB,2022-02-18,3.0,,,3.0,2360881,2026-04-08T03:49:06.711382+00:00
167501,FCMB,2022-02-21,3.01,,,3.01,4904231,2026-04-08T03:49:10.978464+00:00
167613,FCMB,2022-02-22,3.0,,,3.0,3486217,2026-04-08T03:49:13.528869+00:00
167725,FCMB,2022-02-23,3.0,,,3.0,2397561,2026-04-08T03:49:15.914345+00:00
167837,FCMB,2022-02-24,3.03,,,3.03,1667686,2026-04-08T03:49:18.676795+00:00
167949,FCMB,2022-02-25,3.05,,,3.05,50124645,2026-04-08T03:49:21.264729+00:00
168061,FCMB,2022-02-28,3.1,,,3.1,104414430,2026-04-08T03:49:25.620712+00:00
168173,FCMB,2022-03-01,3.2,,,3.2,57581857,2026-04-08T03:49:28.049171+00:00
168285,FCMB,2022-03-02,3.46,,,3.46,17385020,2026-04-08T03:49:30.283109+00:00
168397,FCMB,2022-03-03,3.3,,,3.3,6502191,2026-04-08T03:49:32.551227+00:00
168509,FCMB,2022-03-04,3.41,,,3.41,25022784,2026-04-08T03:49:34.968546+00:00
168621,FCMB,2022-03-07,3.41,,,3.41,5679335,2026-04-08T03:49:39.227432+00:00
168733,FCMB,2022-03-08,3.42,,,3.42,5028839,2026-04-08T03:49:41.475537+00:00
168845,FCMB,2022-03-09,3.42,,,3.42,3986414,2026-04-08T03:49:43.759827+00:00
168957,FCMB,2022-03-10,3.45,,,3.45,15125490,2026-04-08T03:49:46.077826+00:00
169069,FCMB,2022-03-11,3.5,,,3.5,932889307,2026-04-08T03:49:48.438529+00:00
169181,FCMB,2022-03-14,3.6,,,3.6,1024056551,2026-04-08T03:49:53.114563+00:00
169293,FCMB,2022-03-15,3.45,,,3.45,339561,2026-04-08T03:49:55.533531+00:00
169405,FCMB,2022-03-16,3.45,,,3.45,437160,2026-04-08T03:49:57.903122+00:00
169517,FCMB,2022-03-17,3.41,,,3.41,250703,2026-04-08T03:50:00.211329+00:00
169629,FCMB,2022-03-18,3.41,,,3.41,312156,2026-04-08T03:50:02.865266+00:00
169741,FCMB,2022-03-21,3.4,,,3.4,1417990,2026-04-08T03:50:07.476142+00:00
169853,FCMB,2022-03-24,3.6,,,3.6,881597,2026-04-08T03:50:12.041871+00:00
169965,FCMB,2022-03-25,3.34,,,3.34,666945,2026-04-08T03:50:14.507747+00:00
170077,FCMB,2022-03-28,3.11,,,3.11,1947226,2026-04-08T03:50:18.995306+00:00
170189,FCMB,2022-03-29,3.4,,,3.4,1502541,2026-04-08T03:50:21.48252+00:00
170301,FCMB,2022-03-31,3.4,,,3.4,1284352,2026-04-08T03:50:25.686443+00:00
170413,FCMB,2022-04-01,3.3,,,3.3,574672,2026-04-08T03:50:28.209626+00:00
170525,FCMB,2022-04-04,3.17,,,3.17,399372,2026-04-08T03:50:32.692631+00:00
170637,FCMB,2022-04-05,3.2,,,3.2,1792585,2026-04-08T03:50:35.152392+00:00
170749,FCMB,2022-04-06,3.23,,,3.23,8633439,2026-04-08T03:50:37.478667+00:00
170861,FCMB,2022-04-07,3.21,,,3.21,8548106,2026-04-08T03:50:39.880974+00:00
170973,FCMB,2022-04-08,3.44,,,3.44,1642864,2026-04-08T03:50:42.48638+00:00
171085,FCMB,2022-04-11,3.4,,,3.4,3852135,2026-04-08T03:50:47.197044+00:00
171197,FCMB,2022-04-12,3.65,,,3.65,2529555,2026-04-08T03:50:49.473284+00:00
171309,FCMB,2022-04-13,3.6,,,3.6,6798463,2026-04-08T03:50:51.878986+00:00
171421,FCMB,2022-04-14,3.6,,,3.6,9613226,2026-04-08T03:50:54.439705+00:00
171533,FCMB,2022-04-19,3.23,,,3.23,1533381,2026-04-08T03:51:01.439974+00:00
171645,FCMB,2022-04-20,3.28,,,3.28,12590101,2026-04-08T03:51:03.698116+00:00
171757,FCMB,2022-04-21,3.6,,,3.6,5038012,2026-04-08T03:51:06.083072+00:00
171869,FCMB,2022-04-22,3.6,,,3.6,690311,2026-04-08T03:51:08.393199+00:00
171981,FCMB,2022-04-25,3.74,,,3.74,7279905,2026-04-08T03:51:12.880327+00:00
172093,FCMB,2022-04-26,3.62,,,3.62,1709751,2026-04-08T03:51:15.284155+00:00
172205,FCMB,2022-04-27,3.59,,,3.59,2743891,2026-04-08T03:51:17.680395+00:00
172317,FCMB,2022-04-28,3.6,,,3.6,503983284,2026-04-08T03:51:20.413235+00:00
172429,FCMB,2022-04-29,3.88,,,3.88,22093674,2026-04-08T03:51:22.882631+00:00
172541,FCMB,2022-05-04,3.65,,,3.65,2318467,2026-04-08T03:51:29.674847+00:00
172653,FCMB,2022-05-05,3.53,,,3.53,138519204,2026-04-08T03:51:32.050072+00:00
172766,FCMB,2022-05-09,3.6,,,3.6,4564513,2026-04-08T03:51:37.853933+00:00
172879,FCMB,2022-05-10,3.6,,,3.6,3182215,2026-04-08T03:51:40.332012+00:00
172992,FCMB,2022-05-11,3.5,,,3.5,3537978,2026-04-08T03:51:42.74313+00:00
173105,FCMB,2022-05-12,3.5,,,3.5,8423477,2026-04-08T03:51:45.11326+00:00
173218,FCMB,2022-05-13,3.5,,,3.5,218103,2026-04-08T03:51:47.585464+00:00
173331,FCMB,2022-05-16,3.5,,,3.5,230670,2026-04-08T03:51:52.042574+00:00
173444,FCMB,2022-05-17,3.5,,,3.5,775091319,2026-04-08T03:51:54.492158+00:00
173557,FCMB,2022-05-18,3.5,,,3.5,43484514,2026-04-08T03:51:57.297116+00:00
173670,FCMB,2022-05-19,3.5,,,3.5,9253950,2026-04-08T03:51:59.624655+00:00
173783,FCMB,2022-05-20,3.5,,,3.5,4039662,2026-04-08T03:52:02.40298+00:00
173896,FCMB,2022-05-23,3.4,,,3.4,3445282,2026-04-08T03:52:07.648814+00:00
174009,FCMB,2022-05-24,3.5,,,3.5,14915378,2026-04-08T03:52:10.277037+00:00
174122,FCMB,2022-05-25,3.5,,,3.5,278400,2026-04-08T03:52:13.066486+00:00
174235,FCMB,2022-05-26,3.5,,,3.5,3325621,2026-04-08T03:52:15.508934+00:00
174348,FCMB,2022-05-27,3.5,,,3.5,74316,2026-04-08T03:52:18.156913+00:00
174461,FCMB,2022-05-30,3.5,,,3.5,5562745,2026-04-08T03:52:22.656757+00:00
174574,FCMB,2022-05-31,3.5,,,3.5,19757241,2026-04-08T03:52:25.114026+00:00
174687,FCMB,2022-06-01,3.5,,,3.5,3239715,2026-04-08T03:52:27.834682+00:00
174800,FCMB,2022-06-02,3.27,,,3.27,5280758,2026-04-08T03:52:30.493727+00:00
174913,FCMB,2022-06-03,3.27,,,3.27,198203,2026-04-08T03:52:33.10221+00:00
175026,FCMB,2022-06-06,3.27,,,3.27,124161,2026-04-08T03:52:37.969718+00:00
175139,FCMB,2022-06-07,3.25,,,3.25,1513053,2026-04-08T03:52:40.734023+00:00
175252,FCMB,2022-06-08,3.25,,,3.25,173272,2026-04-08T03:52:43.634804+00:00
175365,FCMB,2022-06-09,3.25,,,3.25,720181,2026-04-08T03:52:46.431396+00:00
175478,FCMB,2022-06-10,3.5,,,3.5,17467508,2026-04-08T03:52:48.916453+00:00
175591,FCMB,2022-06-14,3.5,,,3.5,52081914,2026-04-08T03:52:55.08065+00:00
175704,FCMB,2022-06-15,3.5,,,3.5,12491650,2026-04-08T03:52:57.782204+00:00
175817,FCMB,2022-06-16,3.5,,,3.5,8373720,2026-04-08T03:53:00.45527+00:00
175930,FCMB,2022-06-17,3.5,,,3.5,202404,2026-04-08T03:53:03.647185+00:00
176043,FCMB,2022-06-20,3.5,,,3.5,177592216,2026-04-08T03:53:09.449588+00:00
176156,FCMB,2022-06-21,3.5,,,3.5,104778,2026-04-08T03:53:11.833027+00:00
176269,FCMB,2022-06-22,3.5,,,3.5,26198800,2026-04-08T03:53:14.63862+00:00
176382,FCMB,2022-06-23,3.5,,,3.5,24452483,2026-04-08T03:53:17.250825+00:00
176495,FCMB,2022-06-24,3.3,,,3.3,5074428,2026-04-08T03:53:19.718295+00:00
176608,FCMB,2022-06-27,3.3,,,3.3,209583,2026-04-08T03:53:24.073012+00:00
176721,FCMB,2022-06-28,3.3,,,3.3,2085174,2026-04-08T03:53:26.399159+00:00
176834,FCMB,2022-06-29,3.3,,,3.3,288790,2026-04-08T03:53:28.994117+00:00
176947,FCMB,2022-06-30,3.46,,,3.46,2122681,2026-04-08T03:53:31.346855+00:00
177060,FCMB,2022-07-01,3.46,,,3.46,61662,2026-04-08T03:53:33.724657+00:00
177173,FCMB,2022-07-04,3.46,,,3.46,135943,2026-04-08T03:53:38.198731+00:00
177286,FCMB,2022-07-06,3.24,,,3.24,858750,2026-04-08T03:53:41.625349+00:00
177399,FCMB,2022-07-07,3.2,,,3.2,2649906,2026-04-08T03:53:44.268487+00:00
177512,FCMB,2022-07-13,3.03,,,3.03,4186324,2026-04-08T03:53:51.5999+00:00
177625,FCMB,2022-07-14,3.03,,,3.03,313664,2026-04-08T03:53:54.010732+00:00
177738,FCMB,2022-07-15,3.0,,,3.0,351574,2026-04-08T03:53:56.616585+00:00
177851,FCMB,2022-07-18,3.03,,,3.03,2012454,2026-04-08T03:54:01.214275+00:00
177964,FCMB,2022-07-19,3.05,,,3.05,1511485,2026-04-08T03:54:03.665978+00:00
178077,FCMB,2022-07-20,3.07,,,3.07,1928004,2026-04-08T03:54:06.203384+00:00
178190,FCMB,2022-07-21,3.02,,,3.02,913013,2026-04-08T03:54:08.685258+00:00
178303,FCMB,2022-07-22,3.02,,,3.02,854827,2026-04-08T03:54:11.171489+00:00
178416,FCMB,2022-07-25,3.1,,,3.1,548869,2026-04-08T03:54:15.900169+00:00
178529,FCMB,2022-07-26,3.0,,,3.0,633782,2026-04-08T03:54:18.382379+00:00
178642,FCMB,2022-07-27,3.1,,,3.1,5278791,2026-04-08T03:54:20.730044+00:00
178755,FCMB,2022-07-28,3.1,,,3.1,2528251,2026-04-08T03:54:23.385493+00:00
178868,FCMB,2022-07-29,3.1,,,3.1,5830649,2026-04-08T03:54:25.692024+00:00
178981,FCMB,2022-08-01,3.1,,,3.1,2876183,2026-04-08T03:54:30.144665+00:00
179094,FCMB,2022-08-02,3.05,,,3.05,1136718,2026-04-08T03:54:32.509592+00:00
179207,FCMB,2022-08-03,3.1,,,3.1,2065518,2026-04-08T03:54:34.924873+00:00
179320,FCMB,2022-08-04,3.1,,,3.1,317885,2026-04-08T03:54:37.32089+00:00
179433,FCMB,2022-08-05,3.11,,,3.11,342503,2026-04-08T03:54:40.805957+00:00
179546,FCMB,2022-08-08,3.05,,,3.05,634210,2026-04-08T03:54:45.81173+00:00
179659,FCMB,2022-08-09,3.05,,,3.05,42623,2026-04-08T03:54:48.637408+00:00
179772,FCMB,2022-08-10,3.05,,,3.05,143723,2026-04-08T03:54:51.561754+00:00
179885,FCMB,2022-08-11,3.35,,,3.35,2703446,2026-04-08T03:54:54.196076+00:00
179998,FCMB,2022-08-12,3.35,,,3.35,3781988,2026-04-08T03:54:57.115593+00:00
180111,FCMB,2022-08-15,3.49,,,3.49,4910936,2026-04-08T03:55:01.874457+00:00
180224,FCMB,2022-08-16,3.44,,,3.44,541022,2026-04-08T03:55:04.540652+00:00
180337,FCMB,2022-08-17,3.44,,,3.44,77320,2026-04-08T03:55:07.214991+00:00
180450,FCMB,2022-08-18,3.44,,,3.44,156755,2026-04-08T03:55:09.916723+00:00
180563,FCMB,2022-08-19,3.2,,,3.2,746785,2026-04-08T03:55:12.400686+00:00
180676,FCMB,2022-08-22,3.2,,,3.2,124962,2026-04-08T03:55:17.568382+00:00
180789,FCMB,2022-08-23,3.2,,,3.2,279582,2026-04-08T03:55:19.990422+00:00
180902,FCMB,2022-08-24,3.13,,,3.13,605557,2026-04-08T03:55:23.644905+00:00
181015,FCMB,2022-08-25,3.02,,,3.02,619862,2026-04-08T03:55:26.062264+00:00
181128,FCMB,2022-08-26,3.2,,,3.2,447491,2026-04-08T03:55:28.378019+00:00
181241,FCMB,2022-08-29,3.2,,,3.2,81482,2026-04-08T03:55:33.185942+00:00
181354,FCMB,2022-08-30,3.07,,,3.07,661528,2026-04-08T03:55:35.909469+00:00
181467,FCMB,2022-08-31,3.05,,,3.05,2570334,2026-04-08T03:55:38.363566+00:00
181580,FCMB,2022-09-01,3.2,,,3.2,3038095,2026-04-08T03:55:40.868139+00:00
181693,FCMB,2022-09-02,3.49,,,3.49,9553078,2026-04-08T03:55:43.232165+00:00
181806,FCMB,2022-09-05,3.49,,,3.49,363066,2026-04-08T03:55:48.110555+00:00
181919,FCMB,2022-09-06,3.49,,,3.49,216620,2026-04-08T03:55:50.526892+00:00
182032,FCMB,2022-09-07,3.21,,,3.21,2969651,2026-04-08T03:55:53.051287+00:00
182145,FCMB,2022-09-08,3.3,,,3.3,11506597,2026-04-08T03:55:55.74031+00:00
182258,FCMB,2022-09-09,3.5,,,3.5,5631044,2026-04-08T03:55:58.848563+00:00
182371,FCMB,2022-09-12,3.3,,,3.3,1133556,2026-04-08T03:56:03.370953+00:00
182484,FCMB,2022-09-13,3.2,,,3.2,1074848,2026-04-08T03:56:05.83654+00:00
182597,FCMB,2022-09-14,3.23,,,3.23,1430374,2026-04-08T03:56:08.091672+00:00
182710,FCMB,2022-09-16,3.23,,,3.23,190557,2026-04-08T03:56:11.4683+00:00
182823,FCMB,2022-09-19,3.23,,,3.23,33855,2026-04-08T03:56:15.923342+00:00
182936,FCMB,2022-09-20,3.23,,,3.23,287713,2026-04-08T03:56:18.184056+00:00
183049,FCMB,2022-09-21,3.23,,,3.23,181238,2026-04-08T03:56:20.42724+00:00
183162,FCMB,2022-09-22,3.23,,,3.23,144059,2026-04-08T03:56:22.767495+00:00
183275,FCMB,2022-09-23,3.24,,,3.24,1617422,2026-04-08T03:56:25.066978+00:00
183388,FCMB,2022-09-26,3.5,,,3.5,20007172,2026-04-08T03:56:29.379703+00:00
183501,FCMB,2022-09-28,3.5,,,3.5,40993,2026-04-08T03:56:32.717753+00:00
183614,FCMB,2022-09-29,3.29,,,3.29,836731,2026-04-08T03:56:35.489047+00:00
183727,FCMB,2022-09-30,3.29,,,3.29,199461,2026-04-08T03:56:37.947618+00:00
183840,FCMB,2022-10-05,3.13,,,3.13,434291,2026-04-08T03:56:44.538147+00:00
183954,FCMB,2022-10-06,3.25,,,3.25,1410224,2026-04-08T03:56:46.932693+00:00
184068,FCMB,2022-10-07,3.1,,,3.1,349730,2026-04-08T03:56:49.334037+00:00
184182,FCMB,2022-10-11,3.1,,,3.1,713421,2026-04-08T03:56:55.029281+00:00
184296,FCMB,2022-10-12,3.12,,,3.12,279798,2026-04-08T03:56:58.300033+00:00
184410,FCMB,2022-10-13,3.1,,,3.1,376336,2026-04-08T03:57:00.825788+00:00
184524,FCMB,2022-10-14,3.12,,,3.12,944484,2026-04-08T03:57:03.298348+00:00
184638,FCMB,2022-10-17,3.12,,,3.12,32391,2026-04-08T03:57:07.885609+00:00
184752,FCMB,2022-10-18,3.15,,,3.15,2360911,2026-04-08T03:57:10.303346+00:00
184866,FCMB,2022-10-19,3.24,,,3.24,1344518,2026-04-08T03:57:12.819589+00:00
184980,FCMB,2022-10-20,3.24,,,3.24,139015,2026-04-08T03:57:15.111185+00:00
185094,FCMB,2022-10-21,3.26,,,3.26,890887,2026-04-08T03:57:17.499968+00:00
185208,FCMB,2022-10-24,3.26,,,3.26,1684922,2026-04-08T03:57:21.686266+00:00
185322,FCMB,2022-10-26,3.26,,,3.26,85230,2026-04-08T03:57:24.913682+00:00
185436,FCMB,2022-10-27,3.32,,,3.32,1342826,2026-04-08T03:57:27.260544+00:00
185550,FCMB,2022-10-28,3.32,,,3.32,705334,2026-04-08T03:57:29.835926+00:00
185664,FCMB,2022-10-31,3.32,,,3.32,254236,2026-04-08T03:57:34.21591+00:00
185778,FCMB,2022-11-01,3.43,,,3.43,1102689,2026-04-08T03:57:36.609373+00:00
185892,FCMB,2022-11-02,3.4,,,3.4,984366,2026-04-08T03:57:39.066556+00:00
186006,FCMB,2022-11-03,3.4,,,3.4,270687,2026-04-08T03:57:41.442199+00:00
186120,FCMB,2022-11-04,3.4,,,3.4,2156065,2026-04-08T03:57:43.70904+00:00
186234,FCMB,2022-11-08,3.39,,,3.39,2471831,2026-04-08T03:57:49.123122+00:00
186348,FCMB,2022-11-09,3.39,,,3.39,837132,2026-04-08T03:57:51.464602+00:00
186462,FCMB,2022-11-10,3.39,,,3.39,403928,2026-04-08T03:57:54.291842+00:00
186576,FCMB,2022-11-11,3.39,,,3.39,176795,2026-04-08T03:57:56.704911+00:00
186690,FCMB,2022-11-14,3.39,,,3.39,282166,2026-04-08T03:58:01.331373+00:00
186804,FCMB,2022-11-15,3.3,,,3.3,1552971,2026-04-08T03:58:03.6444+00:00
186918,FCMB,2022-11-16,3.29,,,3.29,4412001,2026-04-08T03:58:06.118311+00:00
187032,FCMB,2022-11-17,3.29,,,3.29,460416,2026-04-08T03:58:08.47049+00:00
187146,FCMB,2022-11-18,3.25,,,3.25,887229,2026-04-08T03:58:10.955275+00:00
187260,FCMB,2022-11-21,3.25,,,3.25,291594,2026-04-08T03:58:15.672507+00:00
187374,FCMB,2022-11-22,3.27,,,3.27,1826909,2026-04-08T03:58:18.170118+00:00
187488,FCMB,2022-11-24,3.28,,,3.28,3482414,2026-04-08T03:58:21.692503+00:00
187602,FCMB,2022-11-25,3.25,,,3.25,16842091,2026-04-08T03:58:24.033539+00:00
187716,FCMB,2022-11-28,3.25,,,3.25,403667,2026-04-08T03:58:28.532723+00:00
187830,FCMB,2022-11-29,3.35,,,3.35,3415348,2026-04-08T03:58:30.983113+00:00
187944,FCMB,2022-11-30,3.35,,,3.35,4132602,2026-04-08T03:58:33.448849+00:00
188058,FCMB,2022-12-01,3.21,,,3.21,49801524,2026-04-08T03:58:35.664261+00:00
188172,FCMB,2022-12-02,3.3,,,3.3,13367300,2026-04-08T03:58:37.897027+00:00
188286,FCMB,2022-12-05,3.25,,,3.25,1024819,2026-04-08T03:58:42.456795+00:00
188400,FCMB,2022-12-06,3.25,,,3.25,1580322,2026-04-08T03:58:44.756119+00:00
188514,FCMB,2022-12-07,3.4,,,3.4,1671016,2026-04-08T03:58:47.196669+00:00
188628,FCMB,2022-12-08,3.47,,,3.47,4890665,2026-04-08T03:58:49.52806+00:00
188742,FCMB,2022-12-09,3.47,,,3.47,1786693,2026-04-08T03:58:51.902427+00:00
188856,FCMB,2022-12-12,3.5,,,3.5,8597159,2026-04-08T03:58:56.156124+00:00
188970,FCMB,2022-12-13,3.5,,,3.5,2721605,2026-04-08T03:58:58.485404+00:00
189084,FCMB,2022-12-14,3.5,,,3.5,361309,2026-04-08T03:59:00.851945+00:00
189198,FCMB,2022-12-15,3.5,,,3.5,63361,2026-04-08T03:59:03.086647+00:00
189312,FCMB,2022-12-16,3.4,,,3.4,904731,2026-04-08T03:59:05.5442+00:00
189426,FCMB,2022-12-19,3.4,,,3.4,951916,2026-04-08T03:59:09.806719+00:00
189540,FCMB,2022-12-20,3.4,,,3.4,1625606,2026-04-08T03:59:12.630732+00:00
189654,FCMB,2022-12-21,3.41,,,3.41,2776541,2026-04-08T03:59:14.990319+00:00
189768,FCMB,2022-12-22,3.43,,,3.43,1776908,2026-04-08T03:59:17.229229+00:00
189882,FCMB,2022-12-23,3.5,,,3.5,5580186,2026-04-08T03:59:19.674012+00:00
189996,FCMB,2022-12-28,3.52,,,3.52,2543096,2026-04-08T03:59:26.406492+00:00
190110,FCMB,2022-12-30,3.85,,,3.85,5607419,2026-04-08T03:59:29.796579+00:00
190224,FCMB,2023-01-04,3.86,,,3.86,1183395,2026-04-08T03:59:36.276207+00:00
190338,FCMB,2023-01-05,3.86,,,3.86,2082554,2026-04-08T03:59:38.771807+00:00
190452,FCMB,2023-01-06,3.7,,,3.7,2975719,2026-04-08T03:59:41.229635+00:00
190566,FCMB,2023-01-09,3.7,,,3.7,420805,2026-04-08T03:59:45.608271+00:00
190680,FCMB,2023-01-10,3.71,,,3.71,4583867,2026-04-08T03:59:47.862187+00:00
190794,FCMB,2023-01-11,3.75,,,3.75,1839522,2026-04-08T03:59:50.211712+00:00
190908,FCMB,2023-01-12,3.8,,,3.8,1169983,2026-04-08T03:59:52.676239+00:00
191022,FCMB,2023-01-13,3.95,,,3.95,3154535,2026-04-08T03:59:55.073566+00:00
191136,FCMB,2023-01-17,4.02,,,4.02,1704568,2026-04-08T04:00:00.52991+00:00
191250,FCMB,2023-01-18,4.06,,,4.06,1311870,2026-04-08T04:00:02.930508+00:00
191364,FCMB,2023-01-19,4.05,,,4.05,922235,2026-04-08T04:00:05.157464+00:00
191478,FCMB,2023-01-20,4.01,,,4.01,843144,2026-04-08T04:00:07.441529+00:00
191592,FCMB,2023-01-23,4.0,,,4.0,1721977,2026-04-08T04:00:11.934625+00:00
191706,FCMB,2023-01-24,4.02,,,4.02,567274,2026-04-08T04:00:14.448563+00:00
191820,FCMB,2023-01-25,4.02,,,4.02,311057,2026-04-08T04:00:16.660222+00:00
191934,FCMB,2023-01-26,4.12,,,4.12,1084625,2026-04-08T04:00:19.02129+00:00
192048,FCMB,2023-01-27,4.15,,,4.15,1099989,2026-04-08T04:00:21.366865+00:00
192162,FCMB,2023-01-30,4.1,,,4.1,1973796,2026-04-08T04:00:26.318741+00:00
192276,FCMB,2023-01-31,4.16,,,4.16,3364432,2026-04-08T04:00:28.560212+00:00
192390,FCMB,2023-02-06,4.99,,,4.99,4809360,2026-04-08T04:00:36.14931+00:00
192504,FCMB,2023-02-07,4.6,,,4.6,27983308,2026-04-08T04:00:38.379875+00:00
192618,FCMB,2023-02-08,4.6,,,4.6,2700384,2026-04-08T04:00:40.736361+00:00
192732,FCMB,2023-02-09,4.6,,,4.6,519126,2026-04-08T04:00:43.03687+00:00
192846,FCMB,2023-02-10,4.6,,,4.6,3706490,2026-04-08T04:00:46.517744+00:00
192960,FCMB,2023-02-13,4.7,,,4.7,2055217,2026-04-08T04:00:50.958429+00:00
193074,FCMB,2023-02-14,4.6,,,4.6,1153377,2026-04-08T04:00:53.400398+00:00
193188,FCMB,2023-02-15,4.45,,,4.45,2186224,2026-04-08T04:00:55.645789+00:00
193302,FCMB,2023-02-16,4.45,,,4.45,200433,2026-04-08T04:00:58.043326+00:00
193416,FCMB,2023-02-17,4.28,,,4.28,700698,2026-04-08T04:01:00.355798+00:00
193530,FCMB,2023-02-20,4.28,,,4.28,207007,2026-04-08T04:01:04.633293+00:00
193644,FCMB,2023-02-21,4.3,,,4.3,2602428,2026-04-08T04:01:06.910783+00:00
193758,FCMB,2023-02-22,4.35,,,4.35,1100752,2026-04-08T04:01:09.421576+00:00
193872,FCMB,2023-02-23,4.3,,,4.3,1086941,2026-04-08T04:01:11.765387+00:00
193986,FCMB,2023-02-24,4.46,,,4.46,451538,2026-04-08T04:01:14.12415+00:00
194100,FCMB,2023-02-27,4.46,,,4.46,4258824,2026-04-08T04:01:18.463572+00:00
194214,FCMB,2023-02-28,4.46,,,4.46,9776741,2026-04-08T04:01:20.671303+00:00
194328,FCMB,2023-03-01,4.55,,,4.55,1144193,2026-04-08T04:01:23.068989+00:00
194442,FCMB,2023-03-02,4.48,,,4.48,4321058,2026-04-08T04:01:25.352172+00:00
194556,FCMB,2023-03-03,4.3,,,4.3,616348,2026-04-08T04:01:27.716711+00:00
194670,FCMB,2023-03-06,4.3,,,4.3,408675,2026-04-08T04:01:32.392486+00:00
194784,FCMB,2023-03-07,4.45,,,4.45,660327,2026-04-08T04:01:34.845095+00:00
194898,FCMB,2023-03-08,4.31,,,4.31,744855,2026-04-08T04:01:37.261757+00:00
195012,FCMB,2023-03-09,4.31,,,4.31,460713,2026-04-08T04:01:39.987396+00:00
195126,FCMB,2023-03-13,4.33,,,4.33,878591,2026-04-08T04:01:45.627511+00:00
195240,FCMB,2023-03-14,4.27,,,4.27,1166222,2026-04-08T04:01:48.257383+00:00
195354,FCMB,2023-03-15,4.21,,,4.21,1012568,2026-04-08T04:01:50.627346+00:00
195468,FCMB,2023-03-16,4.21,,,4.21,179309,2026-04-08T04:01:53.062383+00:00
195582,FCMB,2023-03-17,4.21,,,4.21,2638253,2026-04-08T04:01:55.701252+00:00
195696,FCMB,2023-03-20,4.06,,,4.06,1413777,2026-04-08T04:01:59.933448+00:00
195810,FCMB,2023-03-22,4.07,,,4.07,1580518,2026-04-08T04:02:03.467012+00:00
195924,FCMB,2023-03-23,4.07,,,4.07,110223,2026-04-08T04:02:05.929911+00:00
196038,FCMB,2023-03-24,4.07,,,4.07,85273,2026-04-08T04:02:08.248632+00:00
196152,FCMB,2023-03-27,4.07,,,4.07,204550,2026-04-08T04:02:12.564733+00:00
196266,FCMB,2023-03-28,4.1,,,4.1,1562342,2026-04-08T04:02:14.764209+00:00
196380,FCMB,2023-03-29,4.1,,,4.1,376231,2026-04-08T04:02:17.140393+00:00
196494,FCMB,2023-03-30,4.1,,,4.1,299114,2026-04-08T04:02:19.470716+00:00
196608,FCMB,2023-03-31,4.15,,,4.15,905977,2026-04-08T04:02:21.739047+00:00
196722,FCMB,2023-04-03,4.15,,,4.15,1098060,2026-04-08T04:02:26.060346+00:00
196836,FCMB,2023-04-04,4.0,,,4.0,1605772,2026-04-08T04:02:28.444728+00:00
196950,FCMB,2023-04-05,3.85,,,3.85,2900572,2026-04-08T04:02:30.864627+00:00
197064,FCMB,2023-04-06,3.85,,,3.85,2040627,2026-04-08T04:02:33.239626+00:00
197178,FCMB,2023-04-11,3.85,,,3.85,380403,2026-04-08T04:02:39.320239+00:00
197292,FCMB,2023-04-12,3.85,,,3.85,763925,2026-04-08T04:02:41.643197+00:00
197406,FCMB,2023-04-13,3.8,,,3.8,12611390,2026-04-08T04:02:44.360634+00:00
197520,FCMB,2023-04-14,3.55,,,3.55,891243,2026-04-08T04:02:47.093001+00:00
197634,FCMB,2023-04-17,3.5,,,3.5,737557,2026-04-08T04:02:52.113012+00:00
197748,FCMB,2023-04-18,3.5,,,3.5,576712,2026-04-08T04:02:54.97501+00:00
197862,FCMB,2023-04-19,3.47,,,3.47,713052,2026-04-08T04:02:57.648371+00:00
197976,FCMB,2023-04-20,3.81,,,3.81,2283985,2026-04-08T04:03:00.087899+00:00
198090,FCMB,2023-04-25,4.08,,,4.08,4575476,2026-04-08T04:03:06.320111+00:00
198204,FCMB,2023-04-26,4.15,,,4.15,1542505,2026-04-08T04:03:08.704488+00:00
198318,FCMB,2023-04-27,4.2,,,4.2,3558724,2026-04-08T04:03:11.176222+00:00
198432,FCMB,2023-04-28,4.2,,,4.2,377373,2026-04-08T04:03:13.757457+00:00
198546,FCMB,2023-05-03,3.95,,,3.95,1605770,2026-04-08T04:03:20.258962+00:00
198660,FCMB,2023-05-04,4.0,,,4.0,432431,2026-04-08T04:03:22.719511+00:00
198774,FCMB,2023-05-08,4.0,,,4.0,849896,2026-04-08T04:03:29.045349+00:00
198888,FCMB,2023-05-09,4.19,,,4.19,1429246,2026-04-08T04:03:32.620003+00:00
199002,FCMB,2023-05-12,4.07,,,4.07,618980,2026-04-08T04:03:37.286216+00:00
199116,FCMB,2023-05-15,4.07,,,4.07,3553771,2026-04-08T04:03:41.825544+00:00
199230,FCMB,2023-05-16,4.11,,,4.11,2174491,2026-04-08T04:03:44.244464+00:00
199344,FCMB,2023-05-17,4.13,,,4.13,720312,2026-04-08T04:03:46.492518+00:00
199458,FCMB,2023-05-18,4.12,,,4.12,1954465,2026-04-08T04:03:48.752249+00:00
199572,FCMB,2023-05-19,4.15,,,4.15,1577927,2026-04-08T04:03:51.139215+00:00
199686,FCMB,2023-05-22,4.13,,,4.13,4452904,2026-04-08T04:03:55.484935+00:00
199800,FCMB,2023-05-23,4.16,,,4.16,2862393,2026-04-08T04:03:57.886867+00:00
199914,FCMB,2023-05-24,4.2,,,4.2,3176214,2026-04-08T04:04:00.334047+00:00
200028,FCMB,2023-05-25,4.2,,,4.2,2444314,2026-04-08T04:04:02.79018+00:00
200142,FCMB,2023-05-26,4.2,,,4.2,3490105,2026-04-08T04:04:05.139052+00:00
200256,FCMB,2023-05-30,4.62,,,4.62,16060613,2026-04-08T04:04:11.011702+00:00
200370,FCMB,2023-06-01,4.5,,,4.5,2878746,2026-04-08T04:04:14.390605+00:00
200484,FCMB,2023-06-02,4.6,,,4.6,2469363,2026-04-08T04:04:16.732653+00:00
200598,FCMB,2023-06-05,4.6,,,4.6,1644682,2026-04-08T04:04:21.343031+00:00
200712,FCMB,2023-06-06,4.4,,,4.4,1435892,2026-04-08T04:04:23.98223+00:00
200826,FCMB,2023-06-07,4.6,,,4.6,1861688,2026-04-08T04:04:26.507718+00:00
200940,FCMB,2023-06-08,4.5,,,4.5,4478084,2026-04-08T04:04:29.08401+00:00
201054,FCMB,2023-06-09,4.59,,,4.59,204812267,2026-04-08T04:04:31.44664+00:00
201168,FCMB,2023-06-13,5.0,,,5.0,42169926,2026-04-08T04:04:36.862505+00:00
201282,FCMB,2023-06-14,5.4,,,5.4,41746199,2026-04-08T04:04:39.320552+00:00
201396,FCMB,2023-06-15,5.0,,,5.0,28809255,2026-04-08T04:04:41.673534+00:00
201510,FCMB,2023-06-16,5.0,,,5.0,2983959,2026-04-08T04:04:44.052846+00:00
201624,FCMB,2023-06-19,5.0,,,5.0,11970795,2026-04-08T04:04:48.541112+00:00
201738,FCMB,2023-06-20,5.1,,,5.1,8778247,2026-04-08T04:04:51.378552+00:00
201852,FCMB,2023-06-21,5.0,,,5.0,15545831,2026-04-08T04:04:53.764277+00:00
201966,FCMB,2023-06-22,5.0,,,5.0,17450943,2026-04-08T04:04:56.145117+00:00
202080,FCMB,2023-06-26,5.02,,,5.02,5197545,2026-04-08T04:05:01.671465+00:00
202194,FCMB,2023-06-30,5.1,,,5.1,97169233,2026-04-08T04:05:07.377697+00:00
202308,FCMB,2023-07-03,5.4,,,5.4,173808002,2026-04-08T04:05:11.758079+00:00
202422,FCMB,2023-07-04,5.63,,,5.63,180750863,2026-04-08T04:05:14.17436+00:00
202536,FCMB,2023-07-05,5.65,,,5.65,85031017,2026-04-08T04:05:16.577423+00:00
202650,FCMB,2023-07-06,6.05,,,6.05,126766451,2026-04-08T04:05:19.075393+00:00
202764,FCMB,2023-07-07,6.65,,,6.65,111370713,2026-04-08T04:05:21.415756+00:00
202878,FCMB,2023-07-10,7.0,,,7.0,96950598,2026-04-08T04:05:26.355595+00:00
202992,FCMB,2023-07-11,7.0,,,7.0,78678660,2026-04-08T04:05:28.903538+00:00
203106,FCMB,2023-07-12,6.6,,,6.6,86473196,2026-04-08T04:05:31.299012+00:00
203220,FCMB,2023-07-14,5.5,,,5.5,8598197,2026-04-08T04:05:34.698751+00:00
203334,FCMB,2023-07-17,6.0,,,6.0,40666676,2026-04-08T04:05:39.139368+00:00
203448,FCMB,2023-07-19,6.2,,,6.2,36622430,2026-04-08T04:05:42.577032+00:00
203562,FCMB,2023-07-20,6.19,,,6.19,18032304,2026-04-08T04:05:45.122849+00:00
203676,FCMB,2023-07-21,6.8,,,6.8,55615030,2026-04-08T04:05:47.594805+00:00
203790,FCMB,2023-07-24,6.8,,,6.8,45744042,2026-04-08T04:05:52.167161+00:00
203904,FCMB,2023-07-25,6.8,,,6.8,30259215,2026-04-08T04:05:54.602351+00:00
204018,FCMB,2023-07-26,6.82,,,6.82,18561729,2026-04-08T04:05:57.515236+00:00
204132,FCMB,2023-07-27,6.75,,,6.75,34989993,2026-04-08T04:05:59.880161+00:00
204246,FCMB,2023-07-28,6.32,,,6.32,8729887,2026-04-08T04:06:02.220136+00:00
204360,FCMB,2023-07-31,6.55,,,6.55,49363928,2026-04-08T04:06:06.790851+00:00
204474,FCMB,2023-08-02,6.34,,,6.34,15222809,2026-04-08T04:06:10.326378+00:00
204588,FCMB,2023-08-03,6.49,,,6.49,33332507,2026-04-08T04:06:12.834218+00:00
204702,FCMB,2023-08-04,6.07,,,6.07,26787328,2026-04-08T04:06:15.200886+00:00
204816,FCMB,2023-08-07,6.15,,,6.15,28249477,2026-04-08T04:06:19.871718+00:00
204930,FCMB,2023-08-08,6.18,,,6.18,18125614,2026-04-08T04:06:22.245918+00:00
205044,FCMB,2023-08-09,6.18,,,6.18,6041919,2026-04-08T04:06:24.635943+00:00
205158,FCMB,2023-08-10,6.11,,,6.11,4398717,2026-04-08T04:06:27.035398+00:00
205272,FCMB,2023-08-11,6.15,,,6.15,7167793,2026-04-08T04:06:29.455701+00:00
205386,FCMB,2023-08-14,6.09,,,6.09,3630460,2026-04-08T04:06:33.923569+00:00
205500,FCMB,2023-08-15,6.05,,,6.05,2998901,2026-04-08T04:06:36.358161+00:00
205614,FCMB,2023-08-16,5.88,,,5.88,11087298,2026-04-08T04:06:38.679915+00:00
205728,FCMB,2023-08-17,5.9,,,5.9,11370286,2026-04-08T04:06:40.998805+00:00
205842,FCMB,2023-08-18,6.0,,,6.0,8876512,2026-04-08T04:06:43.468275+00:00
205956,FCMB,2023-08-21,6.02,,,6.02,1961329,2026-04-08T04:06:47.688711+00:00
206070,FCMB,2023-08-24,5.64,,,5.64,17725396,2026-04-08T04:06:51.989424+00:00
206184,FCMB,2023-08-25,5.97,,,5.97,16705391,2026-04-08T04:06:54.38475+00:00
206298,FCMB,2023-08-28,5.97,,,5.97,3718096,2026-04-08T04:06:59.310949+00:00
206412,FCMB,2023-08-29,5.8,,,5.8,6184870,2026-04-08T04:07:01.613742+00:00
206526,FCMB,2023-08-30,5.7,,,5.7,7319661,2026-04-08T04:07:03.820209+00:00
206640,FCMB,2023-09-01,6.0,,,6.0,12144648,2026-04-08T04:07:07.195585+00:00
206754,FCMB,2023-09-04,6.49,,,6.49,30449634,2026-04-08T04:07:11.730996+00:00
206868,FCMB,2023-09-05,6.49,,,6.49,9608850,2026-04-08T04:07:14.175893+00:00
206982,FCMB,2023-09-06,6.55,,,6.55,10567023,2026-04-08T04:07:16.66229+00:00
207096,FCMB,2023-09-07,6.51,,,6.51,15191587,2026-04-08T04:07:19.134101+00:00
207210,FCMB,2023-09-08,6.8,,,6.8,116867793,2026-04-08T04:07:21.445908+00:00
207324,FCMB,2023-09-11,6.4,,,6.4,22127230,2026-04-08T04:07:26.133096+00:00
207438,FCMB,2023-09-12,5.91,,,5.91,17383570,2026-04-08T04:07:28.57479+00:00
207552,FCMB,2023-09-13,6.38,,,6.38,12665862,2026-04-08T04:07:30.890589+00:00
207666,FCMB,2023-09-14,6.03,,,6.03,3585610,2026-04-08T04:07:33.324455+00:00
207780,FCMB,2023-09-15,6.15,,,6.15,4961643,2026-04-08T04:07:35.74244+00:00
207894,FCMB,2023-09-18,6.2,,,6.2,19399748,2026-04-08T04:07:40.292184+00:00
208008,FCMB,2023-09-19,6.2,,,6.2,7489992,2026-04-08T04:07:42.606346+00:00
208122,FCMB,2023-09-20,6.18,,,6.18,3783761,2026-04-08T04:07:45.004042+00:00
208236,FCMB,2023-09-21,6.19,,,6.19,7511546,2026-04-08T04:07:47.370085+00:00
208350,FCMB,2023-09-22,6.0,,,6.0,2108658,2026-04-08T04:07:49.898567+00:00
208464,FCMB,2023-09-25,5.95,,,5.95,2550231,2026-04-08T04:07:54.305125+00:00
208578,FCMB,2023-09-28,5.9,,,5.9,2815973,2026-04-08T04:07:58.898315+00:00
208692,FCMB,2023-09-29,5.9,,,5.9,548220,2026-04-08T04:08:01.279649+00:00
208806,FCMB,2023-10-03,6.0,,,6.0,1473024,2026-04-08T04:08:06.721549+00:00
208920,FCMB,2023-10-04,5.98,,,5.98,1632461,2026-04-08T04:08:09.042741+00:00
209034,FCMB,2023-10-05,5.98,,,5.98,1653747,2026-04-08T04:08:11.600182+00:00
209149,FCMB,2023-10-06,5.9,,,5.9,16858769,2026-04-08T04:08:14.22861+00:00
209264,FCMB,2023-10-09,5.9,,,5.9,4617585,2026-04-08T04:08:18.740555+00:00
209379,FCMB,2023-10-10,5.89,,,5.89,3982396,2026-04-08T04:08:21.390436+00:00
209493,FCMB,2023-10-12,5.9,,,5.9,1620351,2026-04-08T04:08:24.861957+00:00
209608,FCMB,2023-10-13,5.9,,,5.9,2402227,2026-04-08T04:08:27.376596+00:00
209723,FCMB,2023-10-16,5.91,,,5.91,8769427,2026-04-08T04:08:32.388707+00:00
209838,FCMB,2023-10-17,6.0,,,6.0,19645600,2026-04-08T04:08:34.738576+00:00
209953,FCMB,2023-10-19,6.0,,,6.0,8324535,2026-04-08T04:08:38.671249+00:00
210068,FCMB,2023-10-20,6.0,,,6.0,18031994,2026-04-08T04:08:40.967521+00:00
210183,FCMB,2023-10-23,5.9,,,5.9,29054454,2026-04-08T04:08:45.440193+00:00
210298,FCMB,2023-10-24,6.0,,,6.0,10292360,2026-04-08T04:08:47.71675+00:00
210413,FCMB,2023-10-25,6.04,,,6.04,7663697,2026-04-08T04:08:50.022319+00:00
210528,FCMB,2023-10-26,6.0,,,6.0,8631371,2026-04-08T04:08:52.472279+00:00
210643,FCMB,2023-10-27,5.9,,,5.9,866362,2026-04-08T04:08:54.778052+00:00
210758,FCMB,2023-10-30,6.2,,,6.2,1423633,2026-04-08T04:08:59.45056+00:00
210873,FCMB,2023-10-31,6.15,,,6.15,3021495,2026-04-08T04:09:01.914254+00:00
210988,FCMB,2023-11-01,6.3,,,6.3,7044074,2026-04-08T04:09:04.386399+00:00
211103,FCMB,2023-11-02,6.2,,,6.2,42616910,2026-04-08T04:09:06.696264+00:00
211218,FCMB,2023-11-03,6.3,,,6.3,3592426,2026-04-08T04:09:09.071615+00:00
211333,FCMB,2023-11-06,6.25,,,6.25,12064810,2026-04-08T04:09:13.59419+00:00
211448,FCMB,2023-11-07,6.5,,,6.5,1982061,2026-04-08T04:09:15.923939+00:00
211564,FCMB,2023-11-08,6.5,,,6.5,7347329,2026-04-08T04:09:18.177895+00:00
211680,FCMB,2023-11-09,6.4,,,6.4,861874,2026-04-08T04:09:20.462573+00:00
211796,FCMB,2023-11-10,7.0,,,7.0,39713788,2026-04-08T04:09:22.644841+00:00
211912,FCMB,2023-11-13,6.95,,,6.95,8228867,2026-04-08T04:09:27.404692+00:00
212028,FCMB,2023-11-14,6.9,,,6.9,9573276,2026-04-08T04:09:29.775588+00:00
212144,FCMB,2023-11-15,6.9,,,6.9,6813243,2026-04-08T04:09:32.378304+00:00
212260,FCMB,2023-11-16,6.8,,,6.8,4726213,2026-04-08T04:09:34.916677+00:00
212376,FCMB,2023-11-17,6.9,,,6.9,2609826,2026-04-08T04:09:37.378105+00:00
212492,FCMB,2023-11-20,6.9,,,6.9,12055748,2026-04-08T04:09:41.830835+00:00
212608,FCMB,2023-11-21,6.8,,,6.8,3241067,2026-04-08T04:09:44.211025+00:00
212724,FCMB,2023-11-22,6.8,,,6.8,2923762,2026-04-08T04:09:46.526636+00:00
212840,FCMB,2023-11-23,6.75,,,6.75,5264878,2026-04-08T04:09:48.793806+00:00
212957,FCMB,2023-11-27,6.95,,,6.95,14950665,2026-04-08T04:09:54.316732+00:00
213074,FCMB,2023-11-28,6.95,,,6.95,9308173,2026-04-08T04:09:57.050116+00:00
213191,FCMB,2023-11-29,6.95,,,6.95,6234416,2026-04-08T04:09:59.54407+00:00
213308,FCMB,2023-11-30,6.9,,,6.9,2660453,2026-04-08T04:10:01.973818+00:00
213425,FCMB,2023-12-01,6.85,,,6.85,2540597,2026-04-08T04:10:04.46052+00:00
213542,FCMB,2023-12-04,6.9,,,6.9,8584398,2026-04-08T04:10:08.793495+00:00
213659,FCMB,2023-12-05,6.8,,,6.8,8687662,2026-04-08T04:10:11.104733+00:00
213776,FCMB,2023-12-06,6.95,,,6.95,37356524,2026-04-08T04:10:13.383432+00:00
213893,FCMB,2023-12-08,6.9,,,6.9,2271614,2026-04-08T04:10:16.965057+00:00
214010,FCMB,2023-12-11,6.75,,,6.75,5231359,2026-04-08T04:10:21.350621+00:00
214127,FCMB,2023-12-12,6.8,,,6.8,22860782,2026-04-08T04:10:23.843731+00:00
214244,FCMB,2023-12-13,7.05,,,7.05,28220943,2026-04-08T04:10:26.19208+00:00
214361,FCMB,2023-12-14,7.05,,,7.05,45235452,2026-04-08T04:10:28.64956+00:00
214478,FCMB,2023-12-15,7.1,,,7.1,9384321,2026-04-08T04:10:31.179138+00:00
214595,FCMB,2023-12-18,7.05,,,7.05,12915543,2026-04-08T04:10:35.879044+00:00
214712,FCMB,2023-12-19,7.2,,,7.2,25593880,2026-04-08T04:10:38.280823+00:00
214829,FCMB,2023-12-20,7.3,,,7.3,29400296,2026-04-08T04:10:40.523028+00:00
214946,FCMB,2023-12-21,7.7,,,7.7,31394899,2026-04-08T04:10:42.873875+00:00
215063,FCMB,2023-12-28,7.5,,,7.5,3085817,2026-04-08T04:10:51.166125+00:00
215180,FCMB,2023-12-29,7.4,,,7.4,4124273,2026-04-08T04:10:53.57119+00:00
215297,FCMB,2024-01-02,7.5,,,7.5,14861005,2026-04-08T04:10:59.157783+00:00
215414,FCMB,2024-01-03,8.25,,,8.25,79062582,2026-04-08T04:11:01.401293+00:00
215531,FCMB,2024-01-04,8.9,,,8.9,106813224,2026-04-08T04:11:03.846312+00:00
215648,FCMB,2024-01-05,9.75,,,9.75,56850145,2026-04-08T04:11:07.208124+00:00
215765,FCMB,2024-01-08,10.65,,,10.65,106053072,2026-04-08T04:11:11.742656+00:00
215882,FCMB,2024-01-09,11.7,,,11.7,128974439,2026-04-08T04:11:14.100458+00:00
215999,FCMB,2024-01-10,10.55,,,10.55,86014384,2026-04-08T04:11:16.512964+00:00
216116,FCMB,2024-01-11,10.75,,,10.75,39600355,2026-04-08T04:11:18.918089+00:00
216233,FCMB,2024-01-12,11.0,,,11.0,8623763,2026-04-08T04:11:21.244944+00:00
216350,FCMB,2024-01-15,11.4,,,11.4,38149516,2026-04-08T04:11:25.674113+00:00
216467,FCMB,2024-01-16,12.0,,,12.0,67596534,2026-04-08T04:11:28.037988+00:00
216584,FCMB,2024-01-18,11.0,,,11.0,11712992,2026-04-08T04:11:31.337167+00:00
216701,FCMB,2024-01-19,10.6,,,10.6,17538678,2026-04-08T04:11:38.619168+00:00
216818,FCMB,2024-01-22,10.85,,,10.85,5483806,2026-04-08T04:11:42.948818+00:00
216935,FCMB,2024-01-23,10.0,,,10.0,17796193,2026-04-08T04:11:45.304506+00:00
217052,FCMB,2024-01-24,10.3,,,10.3,3104225,2026-04-08T04:11:47.647942+00:00
217169,FCMB,2024-01-25,10.5,,,10.5,12507453,2026-04-08T04:11:50.11021+00:00
217286,FCMB,2024-01-26,11.1,,,11.1,9088506,2026-04-08T04:11:52.721812+00:00
217403,FCMB,2024-01-29,10.7,,,10.7,25434200,2026-04-08T04:11:57.440388+00:00
217520,FCMB,2024-01-30,9.9,,,9.9,23700981,2026-04-08T04:12:00.024191+00:00
217637,FCMB,2024-01-31,8.95,,,8.95,14634341,2026-04-08T04:12:02.433526+00:00
217754,FCMB,2024-02-01,9.8,,,9.8,13970710,2026-04-08T04:12:04.812869+00:00
217871,FCMB,2024-02-02,10.25,,,10.25,33725232,2026-04-08T04:12:07.232701+00:00
217988,FCMB,2024-02-05,10.0,,,10.0,8639466,2026-04-08T04:12:11.791199+00:00
218105,FCMB,2024-02-06,9.4,,,9.4,13079261,2026-04-08T04:12:14.363902+00:00
218222,FCMB,2024-02-07,9.5,,,9.5,5925843,2026-04-08T04:12:16.791058+00:00
218339,FCMB,2024-02-08,8.85,,,8.85,24769320,2026-04-08T04:12:19.312026+00:00
218456,FCMB,2024-02-09,9.0,,,9.0,9319558,2026-04-08T04:12:21.609908+00:00
218573,FCMB,2024-02-12,8.9,,,8.9,2704360,2026-04-08T04:12:25.771109+00:00
218690,FCMB,2024-02-13,8.7,,,8.7,3806807,2026-04-08T04:12:28.061356+00:00
218807,FCMB,2024-02-14,9.0,,,9.0,10869567,2026-04-08T04:12:30.570558+00:00
218924,FCMB,2024-02-16,8.8,,,8.8,9188846,2026-04-08T04:12:34.036511+00:00
219041,FCMB,2024-02-19,8.8,,,8.8,4783773,2026-04-08T04:12:38.429241+00:00
219158,FCMB,2024-02-20,8.4,,,8.4,2800405,2026-04-08T04:12:40.813552+00:00
219275,FCMB,2024-02-21,7.95,,,7.95,3968228,2026-04-08T04:12:43.257682+00:00
219392,FCMB,2024-02-22,7.95,,,7.95,3978939,2026-04-08T04:12:45.850796+00:00
219509,FCMB,2024-02-26,8.3,,,8.3,2206568,2026-04-08T04:12:51.18414+00:00
219626,FCMB,2024-02-27,8.0,,,8.0,5325000,2026-04-08T04:12:53.509755+00:00
219743,FCMB,2024-02-29,7.9,,,7.9,19697781,2026-04-08T04:12:56.822244+00:00
219860,FCMB,2024-03-01,8.0,,,8.0,27915589,2026-04-08T04:12:59.287484+00:00
219977,FCMB,2024-03-04,7.7,,,7.7,4540730,2026-04-08T04:13:03.814092+00:00
220095,FCMB,2024-03-05,7.3,,,7.3,5855939,2026-04-08T04:13:06.279726+00:00
220213,FCMB,2024-03-06,7.2,,,7.2,3766716,2026-04-08T04:13:08.558236+00:00
220331,FCMB,2024-03-07,7.5,,,7.5,4500148,2026-04-08T04:13:10.988978+00:00
220449,FCMB,2024-03-08,7.5,,,7.5,2324474,2026-04-08T04:13:13.453006+00:00
220567,FCMB,2024-03-11,7.65,,,7.65,2404538,2026-04-08T04:13:17.773706+00:00
220685,FCMB,2024-03-12,8.0,,,8.0,18512563,2026-04-08T04:13:20.258657+00:00
220803,FCMB,2024-03-13,8.3,,,8.3,10619472,2026-04-08T04:13:22.557243+00:00
220921,FCMB,2024-03-14,8.4,,,8.4,2794628,2026-04-08T04:13:25.004754+00:00
221039,FCMB,2024-03-15,8.45,,,8.45,2181984,2026-04-08T04:13:27.500984+00:00
221157,FCMB,2024-03-19,8.5,,,8.5,1203079,2026-04-08T04:13:32.54102+00:00
221275,FCMB,2024-03-20,8.4,,,8.4,4469952,2026-04-08T04:13:34.949661+00:00
221393,FCMB,2024-03-21,8.2,,,8.2,7160398,2026-04-08T04:13:37.293426+00:00
221511,FCMB,2024-03-22,8.5,,,8.5,9121809,2026-04-08T04:13:39.66616+00:00
221629,FCMB,2024-03-25,8.3,,,8.3,3155389,2026-04-08T04:13:43.964435+00:00
221747,FCMB,2024-03-26,8.45,,,8.45,6162611,2026-04-08T04:13:46.391317+00:00
221865,FCMB,2024-03-27,8.85,,,8.85,11164259,2026-04-08T04:13:48.795654+00:00
221983,FCMB,2024-03-28,8.5,,,8.5,21056402,2026-04-08T04:13:51.173779+00:00
222101,FCMB,2024-04-02,8.5,,,8.5,12085425,2026-04-08T04:13:58.053067+00:00
222219,FCMB,2024-04-03,8.45,,,8.45,4784337,2026-04-08T04:14:00.66873+00:00
222337,FCMB,2024-04-04,8.7,,,8.7,3465314,2026-04-08T04:14:03.310057+00:00
222455,FCMB,2024-04-05,8.2,,,8.2,3871564,2026-04-08T04:14:05.820809+00:00
222573,FCMB,2024-04-12,8.05,,,8.05,3377301,2026-04-08T04:14:15.984697+00:00
222691,FCMB,2024-04-15,7.95,,,7.95,2214991,2026-04-08T04:14:20.492228+00:00
222809,FCMB,2024-04-16,7.2,,,7.2,18924411,2026-04-08T04:14:22.958286+00:00
222927,FCMB,2024-04-17,7.35,,,7.35,2429244,2026-04-08T04:14:25.407203+00:00
223045,FCMB,2024-04-18,7.2,,,7.2,1965265,2026-04-08T04:14:27.862982+00:00
223163,FCMB,2024-04-19,7.2,,,7.2,1115391,2026-04-08T04:14:30.225092+00:00
223281,FCMB,2024-04-22,6.75,,,6.75,3844408,2026-04-08T04:14:34.624841+00:00
223399,FCMB,2024-04-23,6.5,,,6.5,9724932,2026-04-08T04:14:36.881925+00:00
223517,FCMB,2024-04-24,7.1,,,7.1,1242844,2026-04-08T04:14:39.108369+00:00
223635,FCMB,2024-04-25,7.0,,,7.0,1755541,2026-04-08T04:14:41.415412+00:00
223753,FCMB,2024-04-26,6.85,,,6.85,2401954,2026-04-08T04:14:43.709399+00:00
223871,FCMB,2024-04-29,6.95,,,6.95,3070025,2026-04-08T04:14:47.97937+00:00
223989,FCMB,2024-04-30,7.1,,,7.1,883860,2026-04-08T04:14:50.304196+00:00
224107,FCMB,2024-05-02,7.1,,,7.1,4881631,2026-04-08T04:14:53.573612+00:00
224225,FCMB,2024-05-03,7.5,,,7.5,12292611,2026-04-08T04:14:55.989363+00:00
224343,FCMB,2024-05-06,7.85,,,7.85,12862850,2026-04-08T04:15:00.14873+00:00
224461,FCMB,2024-05-07,7.7,,,7.7,5219925,2026-04-08T04:15:02.40079+00:00
224579,FCMB,2024-05-08,7.95,,,7.95,2794242,2026-04-08T04:15:04.708287+00:00
224697,FCMB,2024-05-09,7.9,,,7.9,6752232,2026-04-08T04:15:07.337178+00:00
224815,FCMB,2024-05-10,7.9,,,7.9,1764917,2026-04-08T04:15:09.604775+00:00
224933,FCMB,2024-05-13,8.1,,,8.1,13567029,2026-04-08T04:15:13.907933+00:00
225051,FCMB,2024-05-14,7.3,,,7.3,1470927,2026-04-08T04:15:16.26654+00:00
225169,FCMB,2024-05-15,7.25,,,7.25,1124407,2026-04-08T04:15:18.549958+00:00
225287,FCMB,2024-05-16,6.65,,,6.65,1815381,2026-04-08T04:15:20.841424+00:00
225405,FCMB,2024-05-20,7.0,,,7.0,1331304,2026-04-08T04:15:25.962105+00:00
225523,FCMB,2024-05-21,6.95,,,6.95,551018,2026-04-08T04:15:28.334406+00:00
225641,FCMB,2024-05-22,6.8,,,6.8,703053,2026-04-08T04:15:30.660212+00:00
225759,FCMB,2024-05-23,6.9,,,6.9,12334270,2026-04-08T04:15:32.993296+00:00
225877,FCMB,2024-05-24,6.8,,,6.8,9494175,2026-04-08T04:15:35.360226+00:00
225995,FCMB,2024-05-27,6.75,,,6.75,2433940,2026-04-08T04:15:39.562711+00:00
226113,FCMB,2024-05-28,6.75,,,6.75,3480757,2026-04-08T04:15:41.894674+00:00
226231,FCMB,2024-05-29,7.4,,,7.4,18656892,2026-04-08T04:15:44.435333+00:00
226349,FCMB,2024-05-30,7.95,,,7.95,20885651,2026-04-08T04:15:46.695543+00:00
226467,FCMB,2024-05-31,8.0,,,8.0,13491199,2026-04-08T04:15:48.909252+00:00
226585,FCMB,2024-06-03,8.0,,,8.0,5141055,2026-04-08T04:15:53.203965+00:00
226703,FCMB,2024-06-04,8.0,,,8.0,15215464,2026-04-08T04:15:55.456464+00:00
226821,FCMB,2024-06-05,7.9,,,7.9,2237808,2026-04-08T04:15:57.839545+00:00
226939,FCMB,2024-06-06,7.9,,,7.9,7911135,2026-04-08T04:16:00.091412+00:00
227057,FCMB,2024-06-07,7.9,,,7.9,858493,2026-04-08T04:16:02.294722+00:00
227175,FCMB,2024-06-10,7.85,,,7.85,7140455,2026-04-08T04:16:06.655303+00:00
227293,FCMB,2024-06-11,7.85,,,7.85,11040200,2026-04-08T04:16:09.027942+00:00
227411,FCMB,2024-06-13,7.9,,,7.9,9622478,2026-04-08T04:16:12.454757+00:00
227529,FCMB,2024-06-14,7.75,,,7.75,1582289,2026-04-08T04:16:14.762224+00:00
227647,FCMB,2024-06-20,7.8,,,7.8,5496737,2026-04-08T04:16:22.365263+00:00
227765,FCMB,2024-06-21,7.85,,,7.85,2734105,2026-04-08T04:16:24.740936+00:00
227883,FCMB,2024-06-24,7.7,,,7.7,2328682,2026-04-08T04:16:29.101951+00:00
228001,FCMB,2024-06-25,7.75,,,7.75,1507282,2026-04-08T04:16:31.430939+00:00
228119,FCMB,2024-06-26,7.75,,,7.75,1831504,2026-04-08T04:16:33.77834+00:00
228237,FCMB,2024-06-27,7.75,,,7.75,1464702,2026-04-08T04:16:36.13415+00:00
228355,FCMB,2024-06-28,7.75,,,7.75,757032,2026-04-08T04:16:38.472674+00:00
228473,FCMB,2024-07-01,7.65,,,7.65,3165909,2026-04-08T04:16:42.881798+00:00
228591,FCMB,2024-07-02,7.55,,,7.55,1260372,2026-04-08T04:16:45.256647+00:00
228709,FCMB,2024-07-03,7.5,,,7.5,2678160,2026-04-08T04:16:47.732339+00:00
228827,FCMB,2024-07-04,7.6,,,7.6,5957053,2026-04-08T04:16:50.22378+00:00
228945,FCMB,2024-07-05,7.6,,,7.6,2708436,2026-04-08T04:16:52.679645+00:00
229063,FCMB,2024-07-08,7.6,,,7.6,4846262,2026-04-08T04:16:57.375145+00:00
229181,FCMB,2024-07-09,7.65,,,7.65,12484492,2026-04-08T04:16:59.679545+00:00
229299,FCMB,2024-07-10,7.6,,,7.6,2195109,2026-04-08T04:17:02.104038+00:00
229417,FCMB,2024-07-11,7.6,,,7.6,1461067,2026-04-08T04:17:04.804273+00:00
229535,FCMB,2024-07-12,7.55,,,7.55,2636085,2026-04-08T04:17:07.071694+00:00
229653,FCMB,2024-07-15,7.7,,,7.7,26735968,2026-04-08T04:17:11.418935+00:00
229771,FCMB,2024-07-16,7.7,,,7.7,14426620,2026-04-08T04:17:13.920176+00:00
229889,FCMB,2024-07-17,7.7,,,7.7,33884106,2026-04-08T04:17:16.239817+00:00
230007,FCMB,2024-07-18,7.7,,,7.7,31602552,2026-04-08T04:17:18.614364+00:00
230125,FCMB,2024-07-19,7.95,,,7.95,114120903,2026-04-08T04:17:20.923419+00:00
230243,FCMB,2024-07-22,7.7,,,7.7,14731723,2026-04-08T04:17:25.185516+00:00
230361,FCMB,2024-07-23,7.6,,,7.6,7690137,2026-04-08T04:17:27.655924+00:00
230479,FCMB,2024-07-24,8.0,,,8.0,133915423,2026-04-08T04:17:30.124258+00:00
230597,FCMB,2024-07-25,7.3,,,7.3,16421141,2026-04-08T04:17:32.638981+00:00
230715,FCMB,2024-07-26,7.9,,,7.9,495623426,2026-04-08T04:17:35.101122+00:00
230833,FCMB,2024-07-29,7.9,,,7.9,5815987,2026-04-08T04:17:40.103977+00:00
230951,FCMB,2024-07-30,7.85,,,7.85,15707349,2026-04-08T04:17:43.080384+00:00
231069,FCMB,2024-07-31,7.85,,,7.85,3078826,2026-04-08T04:17:45.61458+00:00
231187,FCMB,2024-08-01,7.8,,,7.8,2839780,2026-04-08T04:17:47.950902+00:00
231305,FCMB,2024-08-02,7.8,,,7.8,3574452,2026-04-08T04:17:50.372085+00:00
231423,FCMB,2024-08-05,7.95,,,7.95,7185773,2026-04-08T04:17:54.929581+00:00
231541,FCMB,2024-08-06,7.7,,,7.7,5544581,2026-04-08T04:17:57.472912+00:00
231659,FCMB,2024-08-07,7.65,,,7.65,4091507,2026-04-08T04:17:59.948734+00:00
231777,FCMB,2024-08-08,7.65,,,7.65,5913579,2026-04-08T04:18:02.36647+00:00
231895,FCMB,2024-08-09,7.65,,,7.65,2690884,2026-04-08T04:18:04.674683+00:00
232013,FCMB,2024-08-12,7.65,,,7.65,2457473,2026-04-08T04:18:08.918743+00:00
232131,FCMB,2024-08-13,7.65,,,7.65,1813789,2026-04-08T04:18:11.387792+00:00
232249,FCMB,2024-08-14,7.6,,,7.6,1600592,2026-04-08T04:18:13.859526+00:00
232367,FCMB,2024-08-15,7.6,,,7.6,4777332,2026-04-08T04:18:16.357381+00:00
232485,FCMB,2024-08-16,7.55,,,7.55,1646271,2026-04-08T04:18:18.692447+00:00
232603,FCMB,2024-08-19,7.6,,,7.6,21336269,2026-04-08T04:18:23.063194+00:00
232721,FCMB,2024-08-20,7.6,,,7.6,21865111,2026-04-08T04:18:25.366221+00:00
232839,FCMB,2024-08-21,7.6,,,7.6,21230699,2026-04-08T04:18:27.861334+00:00
232957,FCMB,2024-08-22,7.6,,,7.6,20852950,2026-04-08T04:18:30.156184+00:00
233075,FCMB,2024-08-23,7.6,,,7.6,24681322,2026-04-08T04:18:32.497978+00:00
233193,FCMB,2024-08-26,7.6,,,7.6,20483745,2026-04-08T04:18:37.19542+00:00
233311,FCMB,2024-08-27,7.6,,,7.6,20916975,2026-04-08T04:18:39.561091+00:00
233429,FCMB,2024-08-28,7.6,,,7.6,16737915,2026-04-08T04:18:42.048567+00:00
233547,FCMB,2024-08-29,7.6,,,7.6,7568313,2026-04-08T04:18:44.36768+00:00
233665,FCMB,2024-09-02,7.6,,,7.6,9393283,2026-04-08T04:18:49.632285+00:00
233783,FCMB,2024-09-03,7.65,,,7.65,4788048,2026-04-08T04:18:52.389232+00:00
233901,FCMB,2024-09-04,7.7,,,7.7,5552219,2026-04-08T04:18:54.875674+00:00
234019,FCMB,2024-09-05,7.7,,,7.7,5429694,2026-04-08T04:18:57.763256+00:00
234137,FCMB,2024-09-06,7.7,,,7.7,589438,2026-04-08T04:19:00.536712+00:00
234255,FCMB,2024-09-09,7.6,,,7.6,3409236,2026-04-08T04:19:05.495104+00:00
234373,FCMB,2024-09-10,7.6,,,7.6,3543711,2026-04-08T04:19:08.070871+00:00
234491,FCMB,2024-09-11,7.6,,,7.6,8145635,2026-04-08T04:19:10.663572+00:00
234609,FCMB,2024-09-12,7.6,,,7.6,932150,2026-04-08T04:19:13.371302+00:00
234727,FCMB,2024-09-13,7.6,,,7.6,466138,2026-04-08T04:19:16.033041+00:00
234845,FCMB,2024-09-17,7.6,,,7.6,4127950,2026-04-08T04:19:22.824888+00:00
234963,FCMB,2024-09-18,7.6,,,7.6,1388651,2026-04-08T04:19:25.915955+00:00
235081,FCMB,2024-09-19,7.75,,,7.75,14041647,2026-04-08T04:19:28.330134+00:00
235199,FCMB,2024-09-20,8.0,,,8.0,3498635,2026-04-08T04:19:30.82066+00:00
235317,FCMB,2024-09-23,8.8,,,8.8,8614823,2026-04-08T04:19:35.29526+00:00
235435,FCMB,2024-09-24,9.0,,,9.0,31094332,2026-04-08T04:19:37.629736+00:00
235553,FCMB,2024-09-25,8.85,,,8.85,8723661,2026-04-08T04:19:40.096992+00:00
235671,FCMB,2024-09-26,8.65,,,8.65,3376897,2026-04-08T04:19:42.676048+00:00
235789,FCMB,2024-09-27,8.55,,,8.55,4171302,2026-04-08T04:19:45.342636+00:00
235907,FCMB,2024-09-30,8.75,,,8.75,8514982,2026-04-08T04:19:50.223917+00:00
236025,FCMB,2024-10-02,8.3,,,8.3,8932937,2026-04-08T04:19:53.821423+00:00
236143,FCMB,2024-10-03,8.35,,,8.35,3382535,2026-04-08T04:19:56.203135+00:00
236261,FCMB,2024-10-04,8.5,,,8.5,4432207,2026-04-08T04:19:58.634737+00:00
236379,FCMB,2024-10-07,8.4,,,8.4,7184369,2026-04-08T04:20:03.05432+00:00
236497,FCMB,2024-10-08,8.45,,,8.45,2654478,2026-04-08T04:20:05.535519+00:00
236615,FCMB,2024-10-10,8.5,,,8.5,6693799,2026-04-08T04:20:08.855054+00:00
236733,FCMB,2024-10-11,8.5,,,8.5,524116,2026-04-08T04:20:11.460237+00:00
236851,FCMB,2024-10-14,8.35,,,8.35,2779635,2026-04-08T04:20:16.284622+00:00
236970,FCMB,2024-10-15,8.4,,,8.4,2642024,2026-04-08T04:20:18.84933+00:00
237089,FCMB,2024-10-17,8.4,,,8.4,9153316,2026-04-08T04:20:23.389134+00:00
237208,FCMB,2024-10-18,8.45,,,8.45,11910456,2026-04-08T04:20:26.17489+00:00
237327,FCMB,2024-10-21,8.45,,,8.45,20157935,2026-04-08T04:20:30.541886+00:00
237446,FCMB,2024-10-22,8.45,,,8.45,19153497,2026-04-08T04:20:32.890604+00:00
237565,FCMB,2024-10-23,8.45,,,8.45,378232,2026-04-08T04:20:35.186729+00:00
237684,FCMB,2024-10-24,8.8,,,8.8,22321525,2026-04-08T04:20:37.740613+00:00
237803,FCMB,2024-10-25,9.1,,,9.1,17522628,2026-04-08T04:20:40.222387+00:00
237922,FCMB,2024-10-28,9.15,,,9.15,5834980,2026-04-08T04:20:44.742576+00:00
238041,FCMB,2024-10-29,9.05,,,9.05,6939433,2026-04-08T04:20:47.136244+00:00
238160,FCMB,2024-10-30,9.3,,,9.3,2778717,2026-04-08T04:20:49.405969+00:00
238279,FCMB,2024-10-31,9.3,,,9.3,1562449,2026-04-08T04:20:51.756515+00:00
238398,FCMB,2024-11-01,9.15,,,9.15,1652181,2026-04-08T04:20:54.1075+00:00
238517,FCMB,2024-11-04,9.0,,,9.0,2265031,2026-04-08T04:20:58.471072+00:00
238636,FCMB,2024-11-05,9.05,,,9.05,4459442,2026-04-08T04:21:01.00344+00:00
238755,FCMB,2024-11-06,9.75,,,9.75,4399288,2026-04-08T04:21:03.585377+00:00
238874,FCMB,2024-11-07,9.4,,,9.4,4752310,2026-04-08T04:21:06.256351+00:00
238993,FCMB,2024-11-08,9.5,,,9.5,2423784,2026-04-08T04:21:08.623134+00:00
239112,FCMB,2024-11-11,9.5,,,9.5,504267,2026-04-08T04:21:12.782875+00:00
239231,FCMB,2024-11-12,9.2,,,9.2,2209236,2026-04-08T04:21:15.417322+00:00
239350,FCMB,2024-11-13,9.3,,,9.3,2635784,2026-04-08T04:21:17.790166+00:00
239469,FCMB,2024-11-14,9.4,,,9.4,1110346,2026-04-08T04:21:20.354873+00:00
239588,FCMB,2024-11-15,9.5,,,9.5,1859933,2026-04-08T04:21:22.90937+00:00
239707,FCMB,2024-11-18,9.4,,,9.4,1575634,2026-04-08T04:21:27.576358+00:00
239826,FCMB,2024-11-19,9.4,,,9.4,5689477,2026-04-08T04:21:29.868433+00:00
239945,FCMB,2024-11-20,9.2,,,9.2,5124182,2026-04-08T04:21:32.433299+00:00
240064,FCMB,2024-11-21,9.35,,,9.35,2815205,2026-04-08T04:21:34.755564+00:00
240183,FCMB,2024-11-22,9.4,,,9.4,5544818,2026-04-08T04:21:37.514754+00:00
240302,FCMB,2024-11-25,9.25,,,9.25,4679322,2026-04-08T04:21:41.818387+00:00
240421,FCMB,2024-11-26,9.25,,,9.25,849846,2026-04-08T04:21:44.163824+00:00
240540,FCMB,2024-11-27,9.2,,,9.2,2322948,2026-04-08T04:21:46.720727+00:00
240659,FCMB,2024-11-28,9.2,,,9.2,606666,2026-04-08T04:21:49.110263+00:00
240778,FCMB,2024-12-02,9.0,,,9.0,3370678,2026-04-08T04:21:54.88401+00:00
240897,FCMB,2024-12-03,9.0,,,9.0,3475878,2026-04-08T04:21:57.640504+00:00
241016,FCMB,2024-12-04,8.9,,,8.9,10112213,2026-04-08T04:21:59.930228+00:00
241135,FCMB,2024-12-06,9.0,,,9.0,45000086,2026-04-08T04:22:03.392712+00:00
241254,FCMB,2024-12-09,8.9,,,8.9,61650161,2026-04-08T04:22:07.745808+00:00
241373,FCMB,2024-12-10,9.0,,,9.0,5772034,2026-04-08T04:22:10.112253+00:00
241492,FCMB,2024-12-11,9.0,,,9.0,6772362,2026-04-08T04:22:12.639548+00:00
241611,FCMB,2024-12-12,9.0,,,9.0,77631945,2026-04-08T04:22:15.033357+00:00
241730,FCMB,2024-12-13,9.0,,,9.0,33042295,2026-04-08T04:22:17.509919+00:00
241849,FCMB,2024-12-16,9.0,,,9.0,12248733,2026-04-08T04:22:22.499781+00:00
241968,FCMB,2024-12-17,8.9,,,8.9,4238236,2026-04-08T04:22:24.995572+00:00
242087,FCMB,2024-12-18,9.05,,,9.05,7757952,2026-04-08T04:22:27.498126+00:00
242206,FCMB,2024-12-19,9.05,,,9.05,2808406,2026-04-08T04:22:29.868083+00:00
242325,FCMB,2024-12-20,9.0,,,9.0,15830677,2026-04-08T04:22:32.392508+00:00
242444,FCMB,2024-12-23,9.4,,,9.4,19786315,2026-04-08T04:22:36.740311+00:00
242563,FCMB,2024-12-24,9.35,,,9.35,4019732,2026-04-08T04:22:39.25804+00:00
242682,FCMB,2024-12-27,9.5,,,9.5,6755794,2026-04-08T04:22:43.946119+00:00
242800,FCMB,2024-12-31,9.4,,,9.4,1470004,2026-04-08T04:22:48.665239+00:00
242918,FCMB,2025-01-02,9.45,,,9.45,4974012,2026-04-08T04:22:52.256438+00:00
243036,FCMB,2025-01-03,9.7,,,9.7,26609686,2026-04-08T04:22:55.101113+00:00
243154,FCMB,2025-01-06,10.25,,,10.25,7205422,2026-04-08T04:23:00.046313+00:00
243272,FCMB,2025-01-07,10.25,,,10.25,8660289,2026-04-08T04:23:02.329348+00:00
243390,FCMB,2025-01-08,10.45,,,10.45,10893457,2026-04-08T04:23:04.632968+00:00
243508,FCMB,2025-01-09,10.3,,,10.3,7378593,2026-04-08T04:23:06.908261+00:00
243626,FCMB,2025-01-10,10.1,,,10.1,6159521,2026-04-08T04:23:09.304805+00:00
243744,FCMB,2025-01-13,10.7,,,10.7,9652695,2026-04-08T04:23:13.790041+00:00
243862,FCMB,2025-01-14,10.4,,,10.4,7196154,2026-04-08T04:23:16.129929+00:00
243980,FCMB,2025-01-15,10.4,,,10.4,13447254,2026-04-08T04:23:18.535433+00:00
244098,FCMB,2025-01-16,10.35,,,10.35,4417372,2026-04-08T04:23:20.834867+00:00
244216,FCMB,2025-01-17,10.25,,,10.25,3316138,2026-04-08T04:23:23.141674+00:00
244334,FCMB,2025-01-20,10.2,,,10.2,4721472,2026-04-08T04:23:27.482452+00:00
244452,FCMB,2025-01-21,10.1,,,10.1,5550539,2026-04-08T04:23:29.752731+00:00
244570,FCMB,2025-01-22,10.2,,,10.2,2584482,2026-04-08T04:23:32.235559+00:00
244688,FCMB,2025-01-23,10.6,,,10.6,4125808,2026-04-08T04:23:34.519549+00:00
244806,FCMB,2025-01-24,10.8,,,10.8,7545718,2026-04-08T04:23:37.097992+00:00
244924,FCMB,2025-01-27,11.85,,,11.85,40260378,2026-04-08T04:23:41.817807+00:00
245042,FCMB,2025-01-28,11.5,,,11.5,26050347,2026-04-08T04:23:44.43679+00:00
245160,FCMB,2025-01-30,11.05,,,11.05,15376733,2026-04-08T04:23:47.90788+00:00
245278,FCMB,2025-01-31,11.05,,,11.05,15376733,2026-04-08T04:23:50.425841+00:00
245396,FCMB,2025-02-03,11.15,,,11.15,4243925,2026-04-08T04:23:55.090801+00:00
245514,FCMB,2025-02-04,11.5,,,11.5,4114042,2026-04-08T04:23:57.584141+00:00
245632,FCMB,2025-02-05,12.0,,,12.0,6541981,2026-04-08T04:24:00.484627+00:00
245750,FCMB,2025-02-06,11.6,,,11.6,17181626,2026-04-08T04:24:04.153698+00:00
245868,FCMB,2025-02-07,11.9,,,11.9,6227247,2026-04-08T04:24:07.822728+00:00
245986,FCMB,2025-02-10,11.5,,,11.5,4346693,2026-04-08T04:24:13.163899+00:00
246104,FCMB,2025-02-11,11.5,,,11.5,8229869,2026-04-08T04:24:15.629092+00:00
246222,FCMB,2025-02-12,11.5,,,11.5,10934390,2026-04-08T04:24:18.226035+00:00
246340,FCMB,2025-02-13,11.2,,,11.2,10559182,2026-04-08T04:24:20.725749+00:00
246458,FCMB,2025-02-14,11.1,,,11.1,6853089,2026-04-08T04:24:23.300806+00:00
246576,FCMB,2025-02-17,11.05,,,11.05,3421190,2026-04-08T04:24:27.726986+00:00
246694,FCMB,2025-02-18,10.95,,,10.95,11202908,2026-04-08T04:24:30.295737+00:00
246812,FCMB,2025-02-19,10.5,,,10.5,5741092,2026-04-08T04:24:32.765887+00:00
246930,FCMB,2025-02-20,10.85,,,10.85,2487477,2026-04-08T04:24:35.351909+00:00
247048,FCMB,2025-02-21,10.65,,,10.65,6706413,2026-04-08T04:24:37.680479+00:00
247166,FCMB,2025-02-25,10.5,,,10.5,5136559,2026-04-08T04:24:43.419296+00:00
247284,FCMB,2025-02-26,10.5,,,10.5,1825383,2026-04-08T04:24:45.860894+00:00
247402,FCMB,2025-02-27,10.5,,,10.5,102270103,2026-04-08T04:24:48.27846+00:00
247520,FCMB,2025-02-28,10.6,,,10.6,50159548,2026-04-08T04:24:50.63724+00:00
247638,FCMB,2025-03-03,10.6,,,10.6,1028467,2026-04-08T04:24:55.222854+00:00
247756,FCMB,2025-03-04,10.0,,,10.0,3777111,2026-04-08T04:24:57.762887+00:00
247875,FCMB,2025-03-05,9.5,,,9.5,6034665,2026-04-08T04:25:00.108696+00:00
247994,FCMB,2025-03-06,9.85,,,9.85,3510594,2026-04-08T04:25:02.52336+00:00
248113,FCMB,2025-03-07,9.1,,,9.1,7466013,2026-04-08T04:25:04.19753+00:00
248232,FCMB,2025-03-10,10.0,,,10.0,5453988,2026-04-08T04:25:07.959889+00:00
248351,FCMB,2025-03-11,9.9,,,9.9,4957807,2026-04-08T04:25:10.446731+00:00
248470,FCMB,2025-03-12,9.6,,,9.6,17320966,2026-04-08T04:25:12.888859+00:00
248589,FCMB,2025-03-13,9.65,,,9.65,3336997,2026-04-08T04:25:15.353849+00:00
248708,FCMB,2025-03-14,9.8,,,9.8,1574792,2026-04-08T04:25:17.75152+00:00
248827,FCMB,2025-03-17,9.8,,,9.8,2537377,2026-04-08T04:25:23.327657+00:00
248946,FCMB,2025-03-18,9.75,,,9.75,6155575,2026-04-08T04:25:25.763099+00:00
249065,FCMB,2025-03-19,9.15,,,9.15,7995193,2026-04-08T04:25:28.144043+00:00
249184,FCMB,2025-03-20,9.0,,,9.0,8326661,2026-04-08T04:25:31.01834+00:00
249303,FCMB,2025-03-21,9.0,,,9.0,2770547,2026-04-08T04:25:33.389958+00:00
249422,FCMB,2025-03-24,9.5,,,9.5,49586537,2026-04-08T04:25:38.388993+00:00
249541,FCMB,2025-03-25,9.95,,,9.95,7156878,2026-04-08T04:25:40.7685+00:00
249660,FCMB,2025-03-26,9.75,,,9.75,2654229,2026-04-08T04:25:43.344812+00:00
249779,FCMB,2025-03-27,9.75,,,9.75,6249796,2026-04-08T04:25:45.817232+00:00
249898,FCMB,2025-03-28,9.7,,,9.7,1400849,2026-04-08T04:25:48.177352+00:00
250017,FCMB,2025-04-02,9.4,,,9.4,3850751,2026-04-08T04:25:54.663823+00:00
250136,FCMB,2025-04-03,9.1,,,9.1,5510665,2026-04-08T04:25:57.014747+00:00
250255,FCMB,2025-04-04,9.05,,,9.05,24154888,2026-04-08T04:25:59.489503+00:00
250374,FCMB,2025-04-07,9.3,,,9.3,65499646,2026-04-08T04:26:04.211964+00:00
250493,FCMB,2025-04-08,9.25,,,9.25,23346382,2026-04-08T04:26:06.766331+00:00
250612,FCMB,2025-04-10,9.4,,,9.4,18267636,2026-04-08T04:26:10.263658+00:00
250731,FCMB,2025-04-11,9.35,,,9.35,2253752,2026-04-08T04:26:12.610372+00:00
250850,FCMB,2025-04-14,9.25,,,9.25,21624999,2026-04-08T04:26:17.137975+00:00
250969,FCMB,2025-04-15,9.2,,,9.2,20805145,2026-04-08T04:26:19.634971+00:00
251088,FCMB,2025-04-16,9.1,,,9.1,28772961,2026-04-08T04:26:22.321337+00:00
251207,FCMB,2025-04-17,9.25,,,9.25,5027317,2026-04-08T04:26:24.819431+00:00
251326,FCMB,2025-04-22,9.15,,,9.15,7251553,2026-04-08T04:26:31.401152+00:00
251445,FCMB,2025-04-23,9.1,,,9.1,1544950,2026-04-08T04:26:33.741411+00:00
251564,FCMB,2025-04-24,9.1,,,9.1,3600499,2026-04-08T04:26:36.383131+00:00
251684,FCMB,2025-04-25,9.1,,,9.1,2727483,2026-04-08T04:26:38.677219+00:00
251804,FCMB,2025-04-28,9.15,,,9.15,3376647,2026-04-08T04:26:43.113614+00:00
251924,FCMB,2025-04-29,8.95,,,8.95,8215175,2026-04-08T04:26:45.609073+00:00
252044,FCMB,2025-04-30,9.25,,,9.25,9559535,2026-04-08T04:26:48.242472+00:00
252164,FCMB,2025-05-02,9.55,,,9.55,34523569,2026-04-08T04:26:51.690529+00:00
252284,FCMB,2025-05-05,9.8,,,9.8,15007126,2026-04-08T04:26:56.275381+00:00
252404,FCMB,2025-05-06,9.6,,,9.6,2038932,2026-04-08T04:26:58.7221+00:00
252524,FCMB,2025-05-07,9.6,,,9.6,12228408,2026-04-08T04:27:01.170235+00:00
252644,FCMB,2025-05-08,9.6,,,9.6,8236039,2026-04-08T04:27:03.468055+00:00
252764,FCMB,2025-05-09,9.6,,,9.6,4649820,2026-04-08T04:27:05.963213+00:00
252884,FCMB,2025-05-12,9.3,,,9.3,2098135,2026-04-08T04:27:10.449459+00:00
253004,FCMB,2025-05-14,9.5,,,9.5,5426829,2026-04-08T04:27:13.89162+00:00
253124,FCMB,2025-05-15,9.45,,,9.45,273035257,2026-04-08T04:27:16.307455+00:00
253244,FCMB,2025-05-16,9.4,,,9.4,6107113,2026-04-08T04:27:18.639316+00:00
253364,FCMB,2025-05-19,9.5,,,9.5,5555268,2026-04-08T04:27:23.06518+00:00
253484,FCMB,2025-05-20,9.5,,,9.5,5555268,2026-04-08T04:27:25.663956+00:00
253604,FCMB,2025-05-21,9.3,,,9.3,5840816,2026-04-08T04:27:28.280255+00:00
253724,FCMB,2025-05-22,9.9,,,9.9,42041091,2026-04-08T04:27:30.733393+00:00
253844,FCMB,2025-05-23,9.8,,,9.8,3121667,2026-04-08T04:27:33.142895+00:00
253964,FCMB,2025-05-26,9.7,,,9.7,3611259,2026-04-08T04:27:37.938794+00:00
254084,FCMB,2025-05-27,9.7,,,9.7,2452696,2026-04-08T04:27:40.395447+00:00
254204,FCMB,2025-05-28,10.0,,,10.0,22772961,2026-04-08T04:27:42.906627+00:00
254324,FCMB,2025-05-29,10.0,,,10.0,7531274,2026-04-08T04:27:45.903166+00:00
254444,FCMB,2025-05-30,10.0,,,10.0,4588752,2026-04-08T04:27:48.4452+00:00
254564,FCMB,2025-06-02,10.0,,,10.0,5889127,2026-04-08T04:27:53.01382+00:00
254684,FCMB,2025-06-03,10.0,,,10.0,18194719,2026-04-08T04:27:55.368454+00:00
254804,FCMB,2025-06-04,10.0,,,10.0,13587905,2026-04-08T04:27:57.94541+00:00
254924,FCMB,2025-06-05,10.0,,,10.0,5466058,2026-04-08T04:28:00.320696+00:00
255044,FCMB,2025-06-10,10.0,,,10.0,3043532,2026-04-08T04:28:07.114795+00:00
255164,FCMB,2025-06-11,10.5,,,10.5,40288710,2026-04-08T04:28:09.38594+00:00
255284,FCMB,2025-06-17,9.45,,,9.45,15996754,2026-04-08T04:28:17.228975+00:00
255404,FCMB,2025-06-18,9.45,,,9.45,11458820,2026-04-08T04:28:19.70912+00:00
255524,FCMB,2025-06-19,9.9,,,9.9,6575147,2026-04-08T04:28:22.276816+00:00
255644,FCMB,2025-06-20,9.85,,,9.85,7906376,2026-04-08T04:28:24.65394+00:00
255764,FCMB,2025-06-23,9.9,,,9.9,15797379,2026-04-08T04:28:29.225711+00:00
255884,FCMB,2025-06-24,9.85,,,9.85,12311496,2026-04-08T04:28:31.569579+00:00
256004,FCMB,2025-06-25,9.7,,,9.7,11653498,2026-04-08T04:28:33.910697+00:00
256124,FCMB,2025-06-26,9.5,,,9.5,7041713,2026-04-08T04:28:36.389223+00:00
256244,FCMB,2025-06-27,9.5,,,9.5,2680484,2026-04-08T04:28:38.797599+00:00
256364,FCMB,2025-07-01,9.35,,,9.35,3814323,2026-04-08T04:28:44.517216+00:00
256484,FCMB,2025-07-02,9.3,,,9.3,8065743,2026-04-08T04:28:47.139962+00:00
256604,FCMB,2025-07-03,9.3,,,9.3,16656870,2026-04-08T04:28:49.506141+00:00
256724,FCMB,2025-07-04,9.3,,,9.3,5376031,2026-04-08T04:28:51.76506+00:00
256844,FCMB,2025-07-07,9.15,,,9.15,61384393,2026-04-08T04:28:56.230166+00:00
256964,FCMB,2025-07-08,9.1,,,9.1,4631049,2026-04-08T04:28:58.705995+00:00
257084,FCMB,2025-07-09,9.2,,,9.2,6065680,2026-04-08T04:29:01.058721+00:00
257204,FCMB,2025-07-10,9.6,,,9.6,63302722,2026-04-08T04:29:03.550316+00:00
257324,FCMB,2025-07-11,10.1,,,10.1,27884638,2026-04-08T04:29:06.089999+00:00
257444,FCMB,2025-07-14,9.8,,,9.8,36967361,2026-04-08T04:29:10.69196+00:00
257564,FCMB,2025-07-16,9.9,,,9.9,17408989,2026-04-08T04:29:14.112969+00:00
257684,FCMB,2025-07-17,9.8,,,9.8,24065321,2026-04-08T04:29:16.489777+00:00
257804,FCMB,2025-07-18,9.6,,,9.6,1309703951,2026-04-08T04:29:18.854517+00:00
257924,FCMB,2025-07-21,9.65,,,9.65,10157204,2026-04-08T04:29:23.300994+00:00
258044,FCMB,2025-07-22,9.55,,,9.55,16015193,2026-04-08T04:29:25.922592+00:00
258164,FCMB,2025-07-23,9.4,,,9.4,23976778,2026-04-08T04:29:29.05968+00:00
258284,FCMB,2025-07-24,9.4,,,9.4,15188008,2026-04-08T04:29:31.486978+00:00
258404,FCMB,2025-07-25,9.8,,,9.8,22088180,2026-04-08T04:29:33.980938+00:00
258524,FCMB,2025-07-28,9.8,,,9.8,68404627,2026-04-08T04:29:38.78621+00:00
258643,FCMB,2025-07-29,10.3,,,10.3,27125900,2026-04-08T04:29:41.392621+00:00
258762,FCMB,2025-07-30,10.3,,,10.3,31805806,2026-04-08T04:29:43.881641+00:00
258881,FCMB,2025-07-31,10.0,,,10.0,121537300,2026-04-08T04:29:46.315218+00:00
259000,FCMB,2025-08-01,10.8,,,10.8,277211548,2026-04-08T04:29:48.711654+00:00
259118,FCMB,2025-08-04,11.85,,,11.85,84948738,2026-04-08T04:29:53.303607+00:00
259237,FCMB,2025-08-05,11.5,,,11.5,42019266,2026-04-08T04:29:55.780422+00:00
259356,FCMB,2025-08-06,11.5,,,11.5,23983590,2026-04-08T04:29:58.241852+00:00
259475,FCMB,2025-08-07,11.45,,,11.45,55367204,2026-04-08T04:30:00.56444+00:00
259594,FCMB,2025-08-08,11.2,,,11.2,16109437,2026-04-08T04:30:02.234883+00:00
259713,FCMB,2025-08-11,10.8,,,10.8,12625676,2026-04-08T04:30:07.037349+00:00
259832,FCMB,2025-08-12,11.15,,,11.15,59242719,2026-04-08T04:30:09.28323+00:00
259951,FCMB,2025-08-13,11.25,,,11.25,40133989,2026-04-08T04:30:11.815521+00:00
260070,FCMB,2025-08-14,11.1,,,11.1,10070732,2026-04-08T04:30:14.350221+00:00
260189,FCMB,2025-08-15,10.95,,,10.95,28777012,2026-04-08T04:30:16.786076+00:00
260308,FCMB,2025-08-18,10.8,,,10.8,5978512,2026-04-08T04:30:21.560319+00:00
260427,FCMB,2025-08-19,10.8,,,10.8,10860524,2026-04-08T04:30:23.869462+00:00
260546,FCMB,2025-08-20,10.8,,,10.8,4381395,2026-04-08T04:30:26.318672+00:00
260665,FCMB,2025-08-21,10.75,,,10.75,10307006,2026-04-08T04:30:28.670378+00:00
260784,FCMB,2025-08-22,11.0,,,11.0,335960389,2026-04-08T04:30:30.96965+00:00
260903,FCMB,2025-08-25,10.9,,,10.9,105126198,2026-04-08T04:30:35.521871+00:00
261022,FCMB,2025-08-26,11.2,,,11.2,89297586,2026-04-08T04:30:37.91594+00:00
261141,FCMB,2025-08-27,11.0,,,11.0,108485157,2026-04-08T04:30:40.231113+00:00
261260,FCMB,2025-08-28,10.5,,,10.5,42584400,2026-04-08T04:30:42.59826+00:00
261379,FCMB,2025-08-29,10.85,,,10.85,18322467,2026-04-08T04:30:45.09102+00:00
261498,FCMB,2025-09-01,10.9,,,10.9,55842423,2026-04-08T04:30:49.608802+00:00
261617,FCMB,2025-09-02,10.0,,,10.0,17849591,2026-04-08T04:30:52.312491+00:00
261736,FCMB,2025-09-03,10.5,,,10.5,9483461,2026-04-08T04:30:55.837007+00:00
261855,FCMB,2025-09-04,10.5,,,10.5,11496400,2026-04-08T04:30:58.198935+00:00
261974,FCMB,2025-09-08,10.5,,,10.5,460948883,2026-04-08T04:31:03.728068+00:00
262093,FCMB,2025-09-09,10.75,,,10.75,202488429,2026-04-08T04:31:06.294869+00:00
262212,FCMB,2025-09-10,10.8,,,10.8,287767914,2026-04-08T04:31:08.610575+00:00
262331,FCMB,2025-09-11,10.8,,,10.8,4484391,2026-04-08T04:31:10.974873+00:00
262450,FCMB,2025-09-12,10.8,,,10.8,3725064,2026-04-08T04:31:13.547359+00:00
262569,FCMB,2025-09-15,10.9,,,10.9,11835171,2026-04-08T04:31:18.268622+00:00
262688,FCMB,2025-09-16,10.8,,,10.8,3203143,2026-04-08T04:31:20.741189+00:00
262807,FCMB,2025-09-17,10.9,,,10.9,1518941,2026-04-08T04:31:23.24235+00:00
262926,FCMB,2025-09-18,10.8,,,10.8,1938957,2026-04-08T04:31:25.598019+00:00
263045,FCMB,2025-09-19,10.7,,,10.7,6079068,2026-04-08T04:31:28.111008+00:00
263164,FCMB,2025-09-22,10.65,,,10.65,10736007,2026-04-08T04:31:32.624882+00:00
263283,FCMB,2025-09-23,10.45,,,10.45,3116266,2026-04-08T04:31:35.170326+00:00
263402,FCMB,2025-09-24,10.65,,,10.65,7364797,2026-04-08T04:31:37.673105+00:00
263521,FCMB,2025-09-25,10.3,,,10.3,3949504,2026-04-08T04:31:40.100841+00:00
263640,FCMB,2025-09-26,10.9,,,10.9,32311457,2026-04-08T04:31:42.548783+00:00
263759,FCMB,2025-09-29,10.85,,,10.85,14832275,2026-04-08T04:31:47.029675+00:00
263878,FCMB,2025-09-30,10.85,,,10.85,25344322,2026-04-08T04:31:49.320364+00:00
263997,FCMB,2025-10-02,10.9,,,10.9,3881774,2026-04-08T04:31:52.706523+00:00
264116,FCMB,2025-10-03,10.7,,,10.7,13309744,2026-04-08T04:31:55.311341+00:00
264235,FCMB,2025-10-06,10.65,,,10.65,12623858,2026-04-08T04:31:59.803196+00:00
264354,FCMB,2025-10-07,10.7,,,10.7,7539734,2026-04-08T04:32:02.285104+00:00
264473,FCMB,2025-10-08,10.4,,,10.4,6516887,2026-04-08T04:32:04.646463+00:00
264592,FCMB,2025-10-09,10.7,,,10.7,8734442,2026-04-08T04:32:07.004133+00:00
264711,FCMB,2025-10-10,10.9,,,10.9,18143397,2026-04-08T04:32:10.69692+00:00
264830,FCMB,2025-10-13,10.95,,,10.95,12948050,2026-04-08T04:32:15.267586+00:00
264949,FCMB,2025-10-14,10.65,,,10.65,6653252,2026-04-08T04:32:17.792097+00:00
265068,FCMB,2025-10-15,10.45,,,10.45,12595472,2026-04-08T04:32:20.093513+00:00
265187,FCMB,2025-10-16,10.4,,,10.4,14123279,2026-04-08T04:32:22.728593+00:00
265306,FCMB,2025-10-17,10.55,,,10.55,3540488,2026-04-08T04:32:25.167177+00:00
265425,FCMB,2025-10-20,10.6,,,10.6,6745695,2026-04-08T04:32:29.532096+00:00
265544,FCMB,2025-10-21,10.6,,,10.6,5767465,2026-04-08T04:32:31.920152+00:00
265663,FCMB,2025-10-22,10.55,,,10.55,7580916,2026-04-08T04:32:34.332447+00:00
265782,FCMB,2025-10-23,10.5,,,10.5,7367007,2026-04-08T04:32:36.79914+00:00
265901,FCMB,2025-10-24,10.6,,,10.6,7452551,2026-04-08T04:32:39.249323+00:00
266020,FCMB,2025-10-28,10.75,,,10.75,11509563,2026-04-08T04:32:44.921336+00:00
266139,FCMB,2025-10-29,10.6,,,10.6,8716778,2026-04-08T04:32:47.450266+00:00
266258,FCMB,2025-10-30,10.6,,,10.6,6513771,2026-04-08T04:32:49.91761+00:00
266377,FCMB,2025-10-31,10.75,,,10.75,4838307,2026-04-08T04:32:52.375955+00:00
266496,FCMB,2025-11-03,10.4,,,10.4,7370003,2026-04-08T04:32:57.290654+00:00
266615,FCMB,2025-11-04,10.5,,,10.5,110103492,2026-04-08T04:32:59.739678+00:00
266734,FCMB,2025-11-05,10.0,,,10.0,40404898,2026-04-08T04:33:02.152799+00:00
266853,FCMB,2025-11-06,10.8,,,10.8,149993576,2026-04-08T04:33:04.646202+00:00
266972,FCMB,2025-11-07,10.4,,,10.4,7404567,2026-04-08T04:33:07.145499+00:00
267091,FCMB,2025-11-10,10.4,,,10.4,11440512,2026-04-08T04:33:11.744122+00:00
267210,FCMB,2025-11-11,10.5,,,10.5,14677201,2026-04-08T04:33:14.17228+00:00
267329,FCMB,2025-11-12,10.6,,,10.6,35507688,2026-04-08T04:33:16.719178+00:00
267448,FCMB,2025-11-13,10.5,,,10.5,4070904,2026-04-08T04:33:19.052814+00:00
267567,FCMB,2025-11-14,11.0,,,11.0,57563122,2026-04-08T04:33:21.762061+00:00
267686,FCMB,2025-11-17,10.7,,,10.7,5258854,2026-04-08T04:33:26.271116+00:00
267805,FCMB,2025-11-18,10.6,,,10.6,12785688,2026-04-08T04:33:29.067053+00:00
267924,FCMB,2025-11-19,10.55,,,10.55,8010164,2026-04-08T04:33:31.487527+00:00
268043,FCMB,2025-11-20,10.7,,,10.7,30341888,2026-04-08T04:33:33.887172+00:00
268162,FCMB,2025-11-21,10.7,,,10.7,5087541,2026-04-08T04:33:36.654129+00:00
268281,FCMB,2025-11-24,10.5,,,10.5,37987960,2026-04-08T04:33:41.368891+00:00
268400,FCMB,2025-11-25,10.5,,,10.5,38027648,2026-04-08T04:33:44.004166+00:00
268519,FCMB,2025-11-26,10.65,,,10.65,2820780,2026-04-08T04:33:46.260048+00:00
268638,FCMB,2025-11-27,10.7,,,10.7,8018631,2026-04-08T04:33:48.488035+00:00
268757,FCMB,2025-11-28,10.8,,,10.8,9261517,2026-04-08T04:33:50.826192+00:00
268876,FCMB,2025-12-01,10.8,,,10.8,5520725,2026-04-08T04:33:55.236541+00:00
268995,FCMB,2025-12-02,10.5,,,10.5,21139531,2026-04-08T04:33:57.748335+00:00
269114,FCMB,2025-12-03,10.5,,,10.5,17289589,2026-04-08T04:34:00.349419+00:00
269233,FCMB,2025-12-04,10.5,,,10.5,6163621,2026-04-08T04:34:03.142475+00:00
269352,FCMB,2025-12-05,10.9,,,10.9,27887807,2026-04-08T04:34:05.808951+00:00
269471,FCMB,2025-12-08,11.05,,,11.05,129653847,2026-04-08T04:34:10.334331+00:00
269590,FCMB,2025-12-09,10.95,,,10.95,78085830,2026-04-08T04:34:12.926221+00:00
269709,FCMB,2025-12-10,11.0,,,11.0,80668310,2026-04-08T04:34:15.295879+00:00
269828,FCMB,2025-12-11,11.0,,,11.0,74540263,2026-04-08T04:34:17.804745+00:00
269947,FCMB,2025-12-12,10.55,,,10.55,3217851,2026-04-08T04:34:20.615101+00:00
270066,FCMB,2025-12-15,10.8,,,10.8,92035741,2026-04-08T04:34:25.240467+00:00
270185,FCMB,2025-12-16,10.6,,,10.6,74689568,2026-04-08T04:34:27.867795+00:00
270304,FCMB,2025-12-18,10.6,,,10.6,76003354,2026-04-08T04:34:31.321522+00:00
270423,FCMB,2025-12-19,10.6,,,10.6,75641032,2026-04-08T04:34:33.771022+00:00
270542,FCMB,2025-12-22,10.55,,,10.55,3020239,2026-04-08T04:34:38.115277+00:00
270661,FCMB,2025-12-23,10.6,,,10.6,4395431,2026-04-08T04:34:40.661369+00:00
270780,FCMB,2025-12-24,10.6,,,10.6,1550603,2026-04-08T04:34:43.221402+00:00
270899,FCMB,2025-12-29,10.9,,,10.9,116611397,2026-04-08T04:34:48.902152+00:00
271018,FCMB,2025-12-30,11.05,,,11.05,302351639,2026-04-08T04:34:51.359097+00:00
271137,FCMB,2025-12-31,12.05,,,12.05,44061701,2026-04-08T04:34:53.061316+00:00
271256,FCMB,2026-01-02,11.5,,,11.5,3428377,2026-04-08T04:34:56.467348+00:00
271375,FCMB,2026-01-05,12.1,,,12.1,4378973,2026-04-08T04:35:01.008466+00:00
271494,FCMB,2026-01-06,11.8,,,11.8,14510368,2026-04-08T04:35:03.366972+00:00
271613,FCMB,2026-01-07,11.7,,,11.7,9578545,2026-04-08T04:35:05.819661+00:00
271732,FCMB,2026-01-08,11.2,,,11.2,14226978,2026-04-08T04:35:08.163488+00:00
271851,FCMB,2026-01-09,11.25,,,11.25,2184711,2026-04-08T04:35:10.591402+00:00
271970,FCMB,2026-01-12,11.2,,,11.2,6028769,2026-04-08T04:35:15.220756+00:00
272089,FCMB,2026-01-13,11.2,,,11.2,5391513,2026-04-08T04:35:17.864544+00:00
272208,FCMB,2026-01-14,11.2,,,11.2,7289486,2026-04-08T04:35:20.278959+00:00
272327,FCMB,2026-01-15,11.4,,,11.4,7776956,2026-04-08T04:35:23.159853+00:00
272446,FCMB,2026-01-16,11.65,,,11.65,7079364,2026-04-08T04:35:25.571119+00:00
272565,FCMB,2026-01-19,11.7,,,11.7,6295208,2026-04-08T04:35:30.272746+00:00
272684,FCMB,2026-01-20,11.7,,,11.7,6048009,2026-04-08T04:35:32.536083+00:00
272804,FCMB,2026-01-21,11.7,,,11.7,3463420,2026-04-08T04:35:34.90344+00:00
272924,FCMB,2026-01-22,11.8,,,11.8,5938579,2026-04-08T04:35:36.566163+00:00
273044,FCMB,2026-01-23,11.7,,,11.7,8339367,2026-04-08T04:35:38.92405+00:00
273164,FCMB,2026-01-26,11.25,,,11.25,4935490,2026-04-08T04:35:43.383975+00:00
273284,FCMB,2026-01-27,11.1,,,11.1,11066148,2026-04-08T04:35:45.70946+00:00
273404,FCMB,2026-01-28,11.05,,,11.05,8458392,2026-04-08T04:35:48.193808+00:00
273524,FCMB,2026-01-29,11.6,,,11.6,8234388,2026-04-08T04:35:50.479528+00:00
273644,FCMB,2026-01-30,11.1,,,11.1,5350982,2026-04-08T04:35:52.855058+00:00
273764,FCMB,2026-02-02,11.5,,,11.5,7099834,2026-04-08T04:35:57.524813+00:00
273884,FCMB,2026-02-03,11.25,,,11.25,3891108,2026-04-08T04:36:00.137559+00:00
274004,FCMB,2026-02-04,11.45,,,11.45,4908591,2026-04-08T04:36:02.592569+00:00
274124,FCMB,2026-02-05,11.6,,,11.6,7782653,2026-04-08T04:36:04.997535+00:00
274244,FCMB,2026-02-06,11.25,,,11.25,14006475,2026-04-08T04:36:07.533957+00:00
43,FCMB,2026-02-08,,,,11.25,14006475,2026-02-08T00:18:13.946+00:00
274364,FCMB,2026-02-09,11.55,,,11.55,7972899,2026-04-08T04:36:12.456447+00:00
274484,FCMB,2026-02-10,11.3,,,11.3,11591174,2026-04-08T04:36:14.818506+00:00
274604,FCMB,2026-02-11,11.5,,,11.5,10161333,2026-04-08T04:36:17.460702+00:00
177,FCMB,2026-02-12,11.2,,,11.2,9164124,2026-02-12T09:23:45.649722+00:00
274844,FCMB,2026-02-13,11.25,,,11.25,15508067,2026-04-08T04:36:22.38356+00:00
274964,FCMB,2026-02-16,11.6,,,11.6,24672110,2026-04-08T04:36:26.879081+00:00
275084,FCMB,2026-02-17,11.85,,,11.85,18019151,2026-04-08T04:36:29.440312+00:00
275204,FCMB,2026-02-18,12.3,,,12.3,2940904448,2026-04-08T04:36:31.166521+00:00
275324,FCMB,2026-02-19,12.3,,,12.3,15020560,2026-04-08T04:36:33.575564+00:00
539,FCMB,2026-02-20,11.9,,,11.9,7061768,2026-02-20T23:15:44.934622+00:00
687,FCMB,2026-02-23,12.35,,,12.35,14915489,2026-02-23T07:00:01.990412+00:00
835,FCMB,2026-02-24,13.55,,,13.55,46390933,2026-02-24T07:00:01.929914+00:00
983,FCMB,2026-02-25,13.8,,,13.8,38239155,2026-02-25T07:00:01.953057+00:00
1131,FCMB,2026-02-26,13.65,,,13.65,11764092,2026-02-26T07:00:01.915173+00:00
1819,FCMB,2026-02-27,13.9,,,13.9,14148655,2026-02-27T07:00:02.056517+00:00
2700,FCMB,2026-02-28,13.9,,,13.9,14148655,2026-02-28T18:00:03.453641+00:00
2848,FCMB,2026-03-01,13.9,,,13.9,14148655,2026-03-01T18:00:03.821122+00:00
2996,FCMB,2026-03-02,13.5,,,13.5,27047040,2026-03-02T07:00:01.981706+00:00
3960,FCMB,2026-03-03,13.6,,,13.6,10424133,2026-03-03T07:00:01.858909+00:00
5397,FCMB,2026-03-04,12.8,,,12.8,22462161,2026-03-04T07:00:02.010027+00:00
7115,FCMB,2026-03-05,12.85,,,12.85,11340066,2026-03-05T07:00:02.0033+00:00
9631,FCMB,2026-03-06,13.15,,,13.15,7054761,2026-03-06T07:00:02.033178+00:00
11289,FCMB,2026-03-07,13.15,,,13.15,7054761,2026-03-07T18:00:06.285951+00:00
11437,FCMB,2026-03-08,13.15,,,13.15,7054761,2026-03-08T18:00:03.574352+00:00
11585,FCMB,2026-03-09,13.05,,,13.05,14909190,2026-03-09T07:00:02.016534+00:00
14101,FCMB,2026-03-10,12.95,,,12.95,21046796,2026-03-10T07:00:03.966079+00:00
15941,FCMB,2026-03-11,13.0,,,13.0,3386006,2026-03-11T07:00:02.147117+00:00
17657,FCMB,2026-03-12,13.0,,,13.0,9773239,2026-03-12T07:00:02.06753+00:00
20173,FCMB,2026-03-13,13.0,,,13.0,9773239,2026-03-13T07:00:01.993197+00:00
23619,FCMB,2026-03-16,12.55,,,12.55,25753884,2026-03-16T08:30:01.80086+00:00
25450,FCMB,2026-03-17,12.7,,,12.7,516227049,2026-03-17T08:30:01.70448+00:00
27313,FCMB,2026-03-18,12.85,,,12.85,15024061,2026-03-18T08:30:01.732403+00:00
33127,FCMB,2026-03-23,12.9,,,12.9,26090770,2026-03-23T08:30:01.705825+00:00
34705,FCMB,2026-03-24,12.7,,,12.7,9410279,2026-03-24T15:00:01.978259+00:00
34853,FCMB,2026-03-25,12.6,,,12.6,5260464,2026-03-25T15:00:01.528164+00:00
35001,FCMB,2026-03-26,12.6,,,12.6,3303257,2026-03-26T15:00:01.955832+00:00
35149,FCMB,2026-03-27,11.95,,,11.95,18100972,2026-03-27T15:00:02.114662+00:00
278204,FCMB,2026-03-30,12.0,,,12.0,14138787,2026-04-08T04:37:47.74327+00:00
35297,FCMB,2026-03-31,11.8,,,11.8,11191626,2026-03-31T15:00:02.085058+00:00
278444,FCMB,2026-04-01,12.1,,,12.1,6723351,2026-04-08T04:37:52.684906+00:00
35445,FCMB,2026-04-02,12.0,,,12.0,12137447,2026-04-02T15:00:01.864809+00:00
35889,FCMB,2026-04-07,12.0,,,12.0,12842951,2026-04-07T15:00:01.949344+00:00
278786,FCMB,2026-04-08,12.05,,,12.05,11321595,2026-04-08T15:00:01.943007+00:00
278933,FCMB,2026-04-09,12.0,,,12.0,6863799,2026-04-09T15:00:02.085141+00:00
279079,FCMB,2026-04-10,11.6,,,11.6,9137454,2026-04-10T15:00:01.352272+00:00
279225,FCMB,2026-04-13,11.65,,,11.65,8106623,2026-04-13T15:00:02.021173+00:00
279371,FCMB,2026-04-14,11.7,,,11.7,15581497,2026-04-14T15:00:02.477878+00:00
279517,FCMB,2026-04-15,11.75,,,11.75,14563221,2026-04-15T15:00:02.184222+00:00
279663,FCMB,2026-04-16,11.75,,,11.75,7769531,2026-04-16T15:00:02.07143+00:00
279809,FCMB,2026-04-17,12.05,,,12.05,25765319,2026-04-17T15:00:02.06245+00:00
279955,FCMB,2026-04-20,13.2,,,13.2,49369772,2026-04-20T15:00:01.862344+00:00
280101,FCMB,2026-04-21,13.5,,,13.5,57650653,2026-04-21T15:00:02.189846+00:00
280247,FCMB,2026-04-22,13.0,,,13.0,20795971,2026-04-22T15:00:02.200159+00:00
280393,FCMB,2026-04-23,12.9,,,12.9,16997500,2026-04-23T15:00:02.125151+00:00
280539,FCMB,2026-04-24,12.65,,,12.65,15474969,2026-04-24T15:00:02.20649+00:00
280685,FCMB,2026-04-27,11.6,,,11.6,12628064,2026-04-27T15:00:02.034997+00:00
280831,FCMB,2026-04-28,11.75,,,11.75,12038013,2026-04-28T15:00:01.918241+00:00
280977,FCMB,2026-04-29,11.55,,,11.55,14372501,2026-04-29T15:00:02.672724+00:00
281123,FCMB,2026-04-30,11.15,,,11.15,22729830,2026-04-30T15:00:02.170664+00:00
281415,FCMB,2026-05-04,10.6,,,10.6,13858536,2026-05-04T15:00:02.156928+00:00
281561,FCMB,2026-05-05,11.0,,,11.0,156826816,2026-05-05T15:00:01.930748+00:00
281707,FCMB,2026-05-06,11.5,,,11.5,6679800,2026-05-06T15:00:01.919787+00:00
281853,FCMB,2026-05-07,11.0,,,11.0,119160529,2026-05-07T15:00:01.995523+00:00
281999,FCMB,2026-05-08,11.0,,,11.0,99420779,2026-05-08T15:00:02.118161+00:00
282145,FCMB,2026-05-11,11.4,,,11.4,18609151,2026-05-11T15:00:02.243132+00:00
282291,FCMB,2026-05-12,11.35,,,11.35,19191603,2026-05-12T15:00:02.325735+00:00
282437,FCMB,2026-05-13,11.6,,,11.6,10071496,2026-05-13T15:00:01.887561+00:00
282583,FCMB,2026-05-14,11.85,,,11.85,35860468,2026-05-14T15:00:01.952989+00:00
282729,FCMB,2026-05-15,11.8,,,11.8,21014433,2026-05-15T15:00:01.871578+00:00
282875,FCMB,2026-05-18,11.85,,,11.85,3859000,2026-05-18T15:00:01.868607+00:00
283021,FCMB,2026-05-19,11.9,,,11.9,4355322,2026-05-19T15:00:01.863653+00:00
283167,FCMB,2026-05-20,11.5,,,11.5,5835734,2026-05-20T15:00:01.871845+00:00
283313,FCMB,2026-05-21,11.6,,,11.6,5000146,2026-05-21T15:00:01.939198+00:00
283459,FCMB,2026-05-22,11.55,,,11.55,4165766,2026-05-22T15:00:02.031345+00:00
283605,FCMB,2026-05-25,12.0,,,12.0,9914814,2026-05-25T15:00:01.979384+00:00
283751,FCMB,2026-05-26,11.75,,,11.75,6373690,2026-05-26T15:00:01.996051+00:00
284189,FCMB,2026-05-29,11.6,,,11.6,4737427,2026-05-29T15:00:02.455558+00:00
284335,FCMB,2026-06-01,11.5,,,11.5,2587264,2026-06-01T15:00:02.603507+00:00
284481,FCMB,2026-06-02,11.3,,,11.3,15955288,2026-06-02T15:00:02.980523+00:00
284627,FCMB,2026-06-03,10.6,,,10.6,3983058,2026-06-03T15:00:03.023028+00:00
284773,FCMB,2026-06-04,10.8,,,10.8,30473640,2026-06-04T15:00:03.321931+00:00
284919,FCMB,2026-06-05,10.85,,,10.85,3144793,2026-06-05T15:00:03.073061+00:00
285065,FCMB,2026-06-08,12.0,,,12.0,152308255,2026-06-08T15:00:03.135386+00:00
285211,FCMB,2026-06-09,12.0,,,12.0,31678732,2026-06-09T15:00:03.53749+00:00
285357,FCMB,2026-06-10,11.9,,,11.9,122074946,2026-06-10T15:10:03.084397+00:00
285795,FCMB,2026-06-11,11.9,,,11.9,34865173,2026-06-11T15:10:02.991492+00:00
287547,FCMB,2026-06-15,11.75,,,11.75,37935980,2026-06-15T15:10:02.896252+00:00
288423,FCMB,2026-06-16,11.1,,,11.1,16614467,2026-06-16T15:10:02.87997+00:00
289299,FCMB,2026-06-17,11.0,,,11.0,13702611,2026-06-17T15:10:02.980097+00:00
289737,FCMB,2026-06-18,10.9,,,10.9,25887159,2026-06-18T15:10:02.932064+00:00
290321,FCMB,2026-06-19,10.9,,,10.9,11491933,2026-06-19T15:10:02.959085+00:00
291051,FCMB,2026-06-22,10.85,,,10.85,8064286,2026-06-22T15:10:03.140564+00:00
291635,FCMB,2026-06-23,10.2,,,10.2,15234283,2026-06-23T15:10:03.017319+00:00
292219,FCMB,2026-06-24,10.0,,,10.0,19772673,2026-06-24T15:10:03.053149+00:00
292803,FCMB,2026-06-25,9.9,,,9.9,14654175,2026-06-25T15:10:02.973562+00:00
293241,FCMB,2026-06-26,9.95,,,9.95,12263606,2026-06-26T15:10:03.012808+00:00
293679,FCMB,2026-06-29,9.6,,,9.6,8212361,2026-06-29T15:10:03.028054+00:00
294117,FCMB,2026-06-30,10.35,,,10.35,93783334,2026-06-30T15:10:03.08168+00:00
294555,FCMB,2026-07-01,9.9,,,9.9,3645545,2026-07-01T15:10:03.133226+00:00
294993,FCMB,2026-07-02,9.05,,,9.05,28190760,2026-07-02T15:10:03.065554+00:00
295431,FCMB,2026-07-03,9.8,,,9.8,18930666,2026-07-03T15:10:03.019266+00:00
295869,FCMB,2026-07-06,10.0,,,10.0,8281696,2026-07-06T15:10:03.100823+00:00
296307,FCMB,2026-07-07,10.45,,,10.45,3807907,2026-07-07T15:10:03.687653+00:00
296745,FCMB,2026-07-08,10.6,,,10.6,5773562,2026-07-08T15:10:02.922872+00:00
297183,FCMB,2026-07-09,10.8,,,10.8,17715907,2026-07-09T15:10:03.041812+00:00
297621,FCMB,2026-07-10,10.8,,,10.8,13758897,2026-07-10T15:10:03.284445+00:00
298059,FCMB,2026-07-13,10.1,,,10.1,102235313,2026-07-13T15:10:02.995074+00:00
298497,FCMB,2026-07-14,10.8,,,10.8,16118425,2026-07-14T15:10:03.094441+00:00
298935,FCMB,2026-07-15,10.5,,,10.5,6351340,2026-07-15T15:10:03.078609+00:00
299373,FCMB,2026-07-16,10.5,,,10.5,5634462,2026-07-16T15:10:03.113936+00:00
299811,FCMB,2026-07-17,10.8,,,10.8,4741944,2026-07-17T15:10:03.053983+00:00
