id,symbol,trade_date,open_price,high_price,low_price,close_price,volume,created_at
42814,GUINEAINS,2017-01-03,0.5,,,0.5,0,2026-04-08T02:41:25.765521+00:00
43374,GUINEAINS,2017-01-04,0.5,,,0.5,0,2026-04-08T02:42:20.164398+00:00
43484,GUINEAINS,2017-01-05,0.5,,,0.5,0,2026-04-08T02:42:22.380516+00:00
43594,GUINEAINS,2017-01-06,0.5,,,0.5,49850,2026-04-08T02:42:23.84796+00:00
43684,GUINEAINS,2017-01-09,0.5,,,0.5,165000,2026-04-08T02:42:26.938159+00:00
43794,GUINEAINS,2017-01-10,0.5,,,0.5,109000,2026-04-08T02:42:29.227202+00:00
43904,GUINEAINS,2017-01-11,0.5,,,0.5,0,2026-04-08T02:42:30.799441+00:00
43994,GUINEAINS,2017-01-12,0.5,,,0.5,0,2026-04-08T02:42:32.390658+00:00
44124,GUINEAINS,2017-01-13,0.5,,,0.5,0,2026-04-08T02:42:34.853543+00:00
44214,GUINEAINS,2017-01-16,0.5,,,0.5,4740,2026-04-08T02:42:38.72803+00:00
44324,GUINEAINS,2017-01-17,0.5,,,0.5,0,2026-04-08T02:42:41.056228+00:00
44434,GUINEAINS,2017-01-18,0.5,,,0.5,0,2026-04-08T02:42:42.795307+00:00
44524,GUINEAINS,2017-01-19,0.5,,,0.5,531,2026-04-08T02:42:44.39781+00:00
44634,GUINEAINS,2017-01-20,0.5,,,0.5,0,2026-04-08T02:42:46.643743+00:00
44744,GUINEAINS,2017-01-23,0.5,,,0.5,0,2026-04-08T02:42:49.827664+00:00
44854,GUINEAINS,2017-01-24,0.5,,,0.5,4455,2026-04-08T02:42:51.574002+00:00
44944,GUINEAINS,2017-01-25,0.5,,,0.5,23800,2026-04-08T02:42:54.05787+00:00
45054,GUINEAINS,2017-01-26,0.5,,,0.5,0,2026-04-08T02:42:55.759+00:00
45164,GUINEAINS,2017-01-27,0.5,,,0.5,0,2026-04-08T02:42:57.462271+00:00
45274,GUINEAINS,2017-01-30,0.5,,,0.5,0,2026-04-08T02:43:00.905282+00:00
45384,GUINEAINS,2017-01-31,0.5,,,0.5,39000,2026-04-08T02:43:03.07753+00:00
45494,GUINEAINS,2017-02-01,0.5,,,0.5,0,2026-04-08T02:43:04.619173+00:00
45584,GUINEAINS,2017-02-02,0.5,,,0.5,0,2026-04-08T02:43:06.209007+00:00
45694,GUINEAINS,2017-02-03,0.5,,,0.5,0,2026-04-08T02:43:08.490666+00:00
45804,GUINEAINS,2017-02-06,0.5,,,0.5,0,2026-04-08T02:43:11.037852+00:00
45914,GUINEAINS,2017-02-07,0.5,,,0.5,0,2026-04-08T02:43:12.662822+00:00
46004,GUINEAINS,2017-02-08,0.5,,,0.5,1050,2026-04-08T02:43:14.224877+00:00
46115,GUINEAINS,2017-02-09,0.5,,,0.5,0,2026-04-08T02:43:16.408746+00:00
46226,GUINEAINS,2017-02-10,0.5,,,0.5,100,2026-04-08T02:43:18.597686+00:00
46318,GUINEAINS,2017-02-13,0.5,,,0.5,28772,2026-04-08T02:43:22.775561+00:00
46430,GUINEAINS,2017-02-14,0.5,,,0.5,0,2026-04-08T02:43:24.286485+00:00
46542,GUINEAINS,2017-02-15,0.5,,,0.5,0,2026-04-08T02:43:26.422065+00:00
46654,GUINEAINS,2017-02-16,0.5,,,0.5,0,2026-04-08T02:43:28.597754+00:00
46746,GUINEAINS,2017-02-17,0.5,,,0.5,0,2026-04-08T02:43:31.044717+00:00
49414,GUINEAINS,2017-02-20,0.5,,,0.5,0,2026-04-08T02:51:00.639833+00:00
49506,GUINEAINS,2017-02-21,0.5,,,0.5,0,2026-04-08T02:51:03.098475+00:00
46838,GUINEAINS,2017-02-22,0.5,,,0.5,0,2026-04-08T02:44:33.152084+00:00
46930,GUINEAINS,2017-02-23,0.5,,,0.5,0,2026-04-08T02:44:35.448225+00:00
47022,GUINEAINS,2017-02-24,0.5,,,0.5,0,2026-04-08T02:44:37.781529+00:00
47114,GUINEAINS,2017-02-27,0.5,,,0.5,0,2026-04-08T02:44:42.101817+00:00
47206,GUINEAINS,2017-02-28,0.5,,,0.5,0,2026-04-08T02:44:45.006295+00:00
47298,GUINEAINS,2017-03-01,0.5,,,0.5,0,2026-04-08T02:44:47.332471+00:00
47390,GUINEAINS,2017-03-02,0.5,,,0.5,800,2026-04-08T02:44:49.657807+00:00
47482,GUINEAINS,2017-03-03,0.5,,,0.5,0,2026-04-08T02:44:51.301699+00:00
47574,GUINEAINS,2017-03-06,0.5,,,0.5,400,2026-04-08T02:44:56.024588+00:00
47666,GUINEAINS,2017-03-07,0.5,,,0.5,243944,2026-04-08T02:44:58.263872+00:00
47758,GUINEAINS,2017-03-08,0.5,,,0.5,0,2026-04-08T02:44:59.957789+00:00
47850,GUINEAINS,2017-03-09,0.5,,,0.5,0,2026-04-08T02:45:01.661944+00:00
47942,GUINEAINS,2017-03-10,0.5,,,0.5,0,2026-04-08T02:45:03.96312+00:00
48034,GUINEAINS,2017-03-13,0.5,,,0.5,0,2026-04-08T02:45:08.663664+00:00
48126,GUINEAINS,2017-03-14,0.5,,,0.5,0,2026-04-08T02:45:11.088473+00:00
48218,GUINEAINS,2017-03-15,0.5,,,0.5,0,2026-04-08T02:45:12.861206+00:00
48310,GUINEAINS,2017-03-16,0.5,,,0.5,0,2026-04-08T02:45:15.084197+00:00
48402,GUINEAINS,2017-03-17,0.5,,,0.5,0,2026-04-08T02:45:17.543831+00:00
48494,GUINEAINS,2017-03-20,0.5,,,0.5,100,2026-04-08T02:45:21.873889+00:00
48586,GUINEAINS,2017-03-21,0.5,,,0.5,0,2026-04-08T02:45:25.078347+00:00
48678,GUINEAINS,2017-03-22,0.5,,,0.5,0,2026-04-08T02:45:26.626215+00:00
48770,GUINEAINS,2017-03-23,0.5,,,0.5,0,2026-04-08T02:45:28.377346+00:00
48862,GUINEAINS,2017-03-24,0.5,,,0.5,0,2026-04-08T02:45:30.775015+00:00
48954,GUINEAINS,2017-03-27,0.5,,,0.5,0,2026-04-08T02:45:34.704999+00:00
49046,GUINEAINS,2017-03-28,0.5,,,0.5,5850,2026-04-08T02:45:36.347457+00:00
49138,GUINEAINS,2017-03-29,0.5,,,0.5,225500,2026-04-08T02:45:38.731306+00:00
49230,GUINEAINS,2017-03-30,0.5,,,0.5,0,2026-04-08T02:45:40.513553+00:00
49322,GUINEAINS,2017-03-31,0.5,,,0.5,0,2026-04-08T02:45:42.281198+00:00
49598,GUINEAINS,2017-04-03,0.5,,,0.5,0,2026-04-08T02:51:07.481095+00:00
49690,GUINEAINS,2017-04-04,0.5,,,0.5,79850,2026-04-08T02:51:09.86923+00:00
49782,GUINEAINS,2017-04-05,0.5,,,0.5,152000,2026-04-08T02:51:12.308135+00:00
49874,GUINEAINS,2017-04-06,0.5,,,0.5,0,2026-04-08T02:51:14.846493+00:00
49966,GUINEAINS,2017-04-07,0.5,,,0.5,500,2026-04-08T02:51:17.320635+00:00
50058,GUINEAINS,2017-04-10,0.5,,,0.5,4000,2026-04-08T02:51:21.583607+00:00
50149,GUINEAINS,2017-04-11,0.5,,,0.5,100,2026-04-08T02:51:23.796131+00:00
50240,GUINEAINS,2017-04-12,0.5,,,0.5,1000,2026-04-08T02:51:26.28287+00:00
50331,GUINEAINS,2017-04-13,0.5,,,0.5,0,2026-04-08T02:51:28.606475+00:00
50422,GUINEAINS,2017-04-18,0.5,,,0.5,330000,2026-04-08T02:51:35.070654+00:00
50513,GUINEAINS,2017-04-19,0.5,,,0.5,2000,2026-04-08T02:51:37.390681+00:00
50604,GUINEAINS,2017-04-20,0.5,,,0.5,0,2026-04-08T02:51:39.751187+00:00
50695,GUINEAINS,2017-04-21,0.5,,,0.5,0,2026-04-08T02:51:42.059234+00:00
50786,GUINEAINS,2017-04-24,0.5,,,0.5,0,2026-04-08T02:51:46.271638+00:00
50877,GUINEAINS,2017-04-25,0.5,,,0.5,0,2026-04-08T02:51:48.506234+00:00
50968,GUINEAINS,2017-04-26,0.5,,,0.5,0,2026-04-08T02:51:50.787758+00:00
51059,GUINEAINS,2017-04-27,0.5,,,0.5,24395,2026-04-08T02:51:53.168104+00:00
51150,GUINEAINS,2017-04-28,0.5,,,0.5,0,2026-04-08T02:51:55.619599+00:00
51241,GUINEAINS,2017-05-02,0.5,,,0.5,0,2026-04-08T02:52:01.291461+00:00
51332,GUINEAINS,2017-05-03,0.5,,,0.5,0,2026-04-08T02:52:03.619408+00:00
51423,GUINEAINS,2017-05-04,0.5,,,0.5,0,2026-04-08T02:52:06.041901+00:00
51514,GUINEAINS,2017-05-05,0.5,,,0.5,0,2026-04-08T02:52:08.320033+00:00
51605,GUINEAINS,2017-05-08,0.5,,,0.5,0,2026-04-08T02:52:12.828428+00:00
51696,GUINEAINS,2017-05-09,0.5,,,0.5,0,2026-04-08T02:52:15.102333+00:00
51787,GUINEAINS,2017-05-10,0.5,,,0.5,5207,2026-04-08T02:52:17.709352+00:00
51878,GUINEAINS,2017-05-11,0.5,,,0.5,0,2026-04-08T02:52:19.900179+00:00
51969,GUINEAINS,2017-05-12,0.5,,,0.5,5000,2026-04-08T02:52:22.170941+00:00
52060,GUINEAINS,2017-05-15,0.5,,,0.5,65722,2026-04-08T02:52:26.563035+00:00
52152,GUINEAINS,2017-05-16,0.5,,,0.5,2000,2026-04-08T02:52:28.807233+00:00
52244,GUINEAINS,2017-05-17,0.5,,,0.5,0,2026-04-08T02:52:31.099411+00:00
52336,GUINEAINS,2017-05-18,0.5,,,0.5,0,2026-04-08T02:52:33.303088+00:00
52428,GUINEAINS,2017-05-19,0.5,,,0.5,0,2026-04-08T02:52:35.640534+00:00
52520,GUINEAINS,2017-05-22,0.5,,,0.5,431,2026-04-08T02:52:39.854932+00:00
52612,GUINEAINS,2017-05-23,0.5,,,0.5,1000,2026-04-08T02:52:42.264162+00:00
52704,GUINEAINS,2017-05-24,0.5,,,0.5,300,2026-04-08T02:52:44.613941+00:00
52796,GUINEAINS,2017-05-25,0.5,,,0.5,0,2026-04-08T02:52:46.963191+00:00
52888,GUINEAINS,2017-05-26,0.5,,,0.5,0,2026-04-08T02:52:49.347152+00:00
52980,GUINEAINS,2017-05-30,0.5,,,0.5,100,2026-04-08T02:52:54.942696+00:00
53072,GUINEAINS,2017-05-31,0.5,,,0.5,0,2026-04-08T02:52:57.421655+00:00
53164,GUINEAINS,2017-06-01,0.5,,,0.5,227270,2026-04-08T02:52:59.649981+00:00
53256,GUINEAINS,2017-06-02,0.5,,,0.5,0,2026-04-08T02:53:02.056444+00:00
53348,GUINEAINS,2017-06-05,0.5,,,0.5,4600,2026-04-08T02:53:06.428901+00:00
53440,GUINEAINS,2017-06-06,0.5,,,0.5,0,2026-04-08T02:53:08.604609+00:00
53532,GUINEAINS,2017-06-07,0.5,,,0.5,1000,2026-04-08T02:53:10.833265+00:00
53624,GUINEAINS,2017-06-08,0.5,,,0.5,10100,2026-04-08T02:53:13.196386+00:00
53716,GUINEAINS,2017-06-09,0.5,,,0.5,0,2026-04-08T02:53:15.53674+00:00
53808,GUINEAINS,2017-06-12,0.5,,,0.5,0,2026-04-08T02:53:19.709801+00:00
53900,GUINEAINS,2017-06-13,0.5,,,0.5,1000,2026-04-08T02:53:22.046011+00:00
53992,GUINEAINS,2017-06-14,0.5,,,0.5,0,2026-04-08T02:53:24.253383+00:00
54084,GUINEAINS,2017-06-15,0.5,,,0.5,0,2026-04-08T02:53:26.527181+00:00
54176,GUINEAINS,2017-06-16,0.5,,,0.5,52400,2026-04-08T02:53:28.80273+00:00
54268,GUINEAINS,2017-06-19,0.5,,,0.5,0,2026-04-08T02:53:33.036647+00:00
54360,GUINEAINS,2017-06-20,0.5,,,0.5,0,2026-04-08T02:53:35.524675+00:00
54452,GUINEAINS,2017-06-21,0.5,,,0.5,679,2026-04-08T02:53:37.865913+00:00
54544,GUINEAINS,2017-06-22,0.5,,,0.5,0,2026-04-08T02:53:40.094955+00:00
54636,GUINEAINS,2017-06-23,0.5,,,0.5,1295,2026-04-08T02:53:42.493578+00:00
54728,GUINEAINS,2017-06-28,0.5,,,0.5,0,2026-04-08T02:53:49.135881+00:00
54820,GUINEAINS,2017-06-29,0.5,,,0.5,0,2026-04-08T02:53:51.51214+00:00
54912,GUINEAINS,2017-06-30,0.5,,,0.5,0,2026-04-08T02:53:53.827964+00:00
55004,GUINEAINS,2017-07-03,0.5,,,0.5,0,2026-04-08T02:53:58.279599+00:00
55096,GUINEAINS,2017-07-04,0.5,,,0.5,0,2026-04-08T02:54:00.563227+00:00
55188,GUINEAINS,2017-07-05,0.5,,,0.5,0,2026-04-08T02:54:02.831513+00:00
55280,GUINEAINS,2017-07-06,0.5,,,0.5,0,2026-04-08T02:54:05.078114+00:00
55372,GUINEAINS,2017-07-07,0.5,,,0.5,0,2026-04-08T02:54:07.286065+00:00
55464,GUINEAINS,2017-07-10,0.5,,,0.5,0,2026-04-08T02:54:11.798817+00:00
55556,GUINEAINS,2017-07-11,0.5,,,0.5,0,2026-04-08T02:54:14.116532+00:00
55822,GUINEAINS,2017-07-14,0.5,,,0.5,0,2026-04-08T02:54:21.336813+00:00
55914,GUINEAINS,2017-07-17,0.5,,,0.5,0,2026-04-08T02:54:25.561903+00:00
56006,GUINEAINS,2017-07-18,0.5,,,0.5,0,2026-04-08T02:54:28.120242+00:00
56098,GUINEAINS,2017-07-19,0.5,,,0.5,0,2026-04-08T02:54:30.645734+00:00
56190,GUINEAINS,2017-07-20,0.5,,,0.5,0,2026-04-08T02:54:33.025266+00:00
56282,GUINEAINS,2017-07-21,0.5,,,0.5,0,2026-04-08T02:54:35.480817+00:00
56374,GUINEAINS,2017-07-24,0.5,,,0.5,0,2026-04-08T02:54:39.934321+00:00
56466,GUINEAINS,2017-07-26,0.5,,,0.5,0,2026-04-08T02:54:43.20598+00:00
56558,GUINEAINS,2017-07-27,0.5,,,0.5,0,2026-04-08T02:54:45.547579+00:00
56650,GUINEAINS,2017-07-28,0.5,,,0.5,0,2026-04-08T02:54:47.918804+00:00
56742,GUINEAINS,2017-07-31,0.5,,,0.5,0,2026-04-08T02:54:52.464984+00:00
56834,GUINEAINS,2017-08-01,0.5,,,0.5,0,2026-04-08T02:54:54.790805+00:00
56926,GUINEAINS,2017-08-02,0.5,,,0.5,0,2026-04-08T02:54:57.117603+00:00
57018,GUINEAINS,2017-08-03,0.5,,,0.5,0,2026-04-08T02:54:59.3729+00:00
57110,GUINEAINS,2017-08-04,0.5,,,0.5,0,2026-04-08T02:55:01.592641+00:00
57202,GUINEAINS,2017-08-07,0.5,,,0.5,0,2026-04-08T02:55:06.418828+00:00
57294,GUINEAINS,2017-08-08,0.5,,,0.5,0,2026-04-08T02:55:08.763983+00:00
57386,GUINEAINS,2017-08-09,0.5,,,0.5,0,2026-04-08T02:55:11.057796+00:00
57478,GUINEAINS,2017-08-10,0.5,,,0.5,0,2026-04-08T02:55:13.401484+00:00
57570,GUINEAINS,2017-08-11,0.5,,,0.5,0,2026-04-08T02:55:15.670877+00:00
57662,GUINEAINS,2017-08-14,0.5,,,0.5,0,2026-04-08T02:55:20.026285+00:00
57754,GUINEAINS,2017-08-15,0.5,,,0.5,0,2026-04-08T02:55:22.633816+00:00
57846,GUINEAINS,2017-08-16,0.5,,,0.5,0,2026-04-08T02:55:24.979188+00:00
57938,GUINEAINS,2017-08-17,0.5,,,0.5,0,2026-04-08T02:55:27.3994+00:00
58030,GUINEAINS,2017-08-18,0.5,,,0.5,0,2026-04-08T02:55:29.67842+00:00
58122,GUINEAINS,2017-08-21,0.5,,,0.5,0,2026-04-08T02:55:34.023067+00:00
58214,GUINEAINS,2017-08-22,0.5,,,0.5,0,2026-04-08T02:55:36.334754+00:00
58306,GUINEAINS,2017-08-23,0.5,,,0.5,0,2026-04-08T02:55:38.717606+00:00
58398,GUINEAINS,2017-08-24,0.5,,,0.5,0,2026-04-08T02:55:41.242089+00:00
58490,GUINEAINS,2017-08-25,0.5,,,0.5,0,2026-04-08T02:55:43.579232+00:00
58582,GUINEAINS,2017-08-28,0.5,,,0.5,0,2026-04-08T02:55:48.020598+00:00
58674,GUINEAINS,2017-08-29,0.5,,,0.5,0,2026-04-08T02:55:50.281022+00:00
58766,GUINEAINS,2017-08-30,0.5,,,0.5,0,2026-04-08T02:55:52.499005+00:00
58858,GUINEAINS,2017-08-31,0.5,,,0.5,0,2026-04-08T02:55:54.947048+00:00
58950,GUINEAINS,2017-09-05,0.5,,,0.5,0,2026-04-08T02:56:01.572419+00:00
59042,GUINEAINS,2017-09-06,0.5,,,0.5,0,2026-04-08T02:56:03.885356+00:00
59134,GUINEAINS,2017-09-07,0.5,,,0.5,0,2026-04-08T02:56:06.19045+00:00
59226,GUINEAINS,2017-09-11,0.5,,,0.5,0,2026-04-08T02:56:11.370569+00:00
59318,GUINEAINS,2017-09-12,0.5,,,0.5,0,2026-04-08T02:56:13.892416+00:00
59410,GUINEAINS,2017-09-13,0.5,,,0.5,0,2026-04-08T02:56:16.312215+00:00
59502,GUINEAINS,2017-09-14,0.5,,,0.5,0,2026-04-08T02:56:18.601168+00:00
59594,GUINEAINS,2017-09-15,0.5,,,0.5,0,2026-04-08T02:56:20.93666+00:00
59686,GUINEAINS,2017-09-16,0.5,,,0.5,1150,2026-04-08T02:56:23.148937+00:00
59778,GUINEAINS,2017-09-19,0.5,,,0.5,0,2026-04-08T02:56:27.358465+00:00
59870,GUINEAINS,2017-09-20,0.5,,,0.5,10000,2026-04-08T02:56:29.683375+00:00
59962,GUINEAINS,2017-09-21,0.5,,,0.5,0,2026-04-08T02:56:31.851594+00:00
60054,GUINEAINS,2017-09-22,0.5,,,0.5,50330,2026-04-08T02:56:34.007646+00:00
60146,GUINEAINS,2017-09-25,0.5,,,0.5,0,2026-04-08T02:56:38.385386+00:00
60238,GUINEAINS,2017-09-26,0.5,,,0.5,0,2026-04-08T02:56:40.657356+00:00
60330,GUINEAINS,2017-09-27,0.5,,,0.5,0,2026-04-08T02:56:42.968732+00:00
60422,GUINEAINS,2017-09-28,0.5,,,0.5,500000,2026-04-08T02:56:45.128996+00:00
60514,GUINEAINS,2017-09-29,0.5,,,0.5,0,2026-04-08T02:56:47.398677+00:00
60606,GUINEAINS,2017-10-03,0.5,,,0.5,500,2026-04-08T02:56:52.779733+00:00
60698,GUINEAINS,2017-10-04,0.5,,,0.5,0,2026-04-08T02:56:55.065177+00:00
60790,GUINEAINS,2017-10-05,0.5,,,0.5,1000,2026-04-08T02:56:57.377802+00:00
60882,GUINEAINS,2017-10-06,0.5,,,0.5,11000,2026-04-08T02:56:59.661092+00:00
60974,GUINEAINS,2017-10-09,0.5,,,0.5,800,2026-04-08T02:57:04.043492+00:00
61066,GUINEAINS,2017-10-10,0.5,,,0.5,4000,2026-04-08T02:57:06.326055+00:00
61158,GUINEAINS,2017-10-11,0.5,,,0.5,0,2026-04-08T02:57:08.620281+00:00
61250,GUINEAINS,2017-10-12,0.5,,,0.5,0,2026-04-08T02:57:10.950839+00:00
61342,GUINEAINS,2017-10-13,0.5,,,0.5,2000,2026-04-08T02:57:13.525709+00:00
61434,GUINEAINS,2017-10-16,0.5,,,0.5,0,2026-04-08T02:57:17.895676+00:00
61526,GUINEAINS,2017-10-17,0.5,,,0.5,80,2026-04-08T02:57:20.31307+00:00
61618,GUINEAINS,2017-10-18,0.5,,,0.5,0,2026-04-08T02:57:22.526226+00:00
61710,GUINEAINS,2017-10-19,0.5,,,0.5,1000,2026-04-08T02:57:24.865827+00:00
61802,GUINEAINS,2017-10-20,0.5,,,0.5,200,2026-04-08T02:57:27.091081+00:00
61894,GUINEAINS,2017-10-23,0.5,,,0.5,0,2026-04-08T02:57:31.703062+00:00
61986,GUINEAINS,2017-10-24,0.5,,,0.5,0,2026-04-08T02:57:34.020008+00:00
62078,GUINEAINS,2017-10-25,0.5,,,0.5,0,2026-04-08T02:57:36.254878+00:00
62170,GUINEAINS,2017-10-26,0.5,,,0.5,500,2026-04-08T02:57:38.639324+00:00
62262,GUINEAINS,2017-10-27,0.5,,,0.5,10000,2026-04-08T02:57:40.810349+00:00
62354,GUINEAINS,2017-10-30,0.5,,,0.5,0,2026-04-08T02:57:45.233404+00:00
62446,GUINEAINS,2017-10-31,0.5,,,0.5,0,2026-04-08T02:57:47.538171+00:00
62538,GUINEAINS,2017-11-01,0.5,,,0.5,0,2026-04-08T02:57:49.900698+00:00
62630,GUINEAINS,2017-11-02,0.5,,,0.5,100,2026-04-08T02:57:52.192143+00:00
62722,GUINEAINS,2017-11-03,0.5,,,0.5,10,2026-04-08T02:57:54.512232+00:00
62814,GUINEAINS,2017-11-06,0.5,,,0.5,0,2026-04-08T02:57:59.23147+00:00
62906,GUINEAINS,2017-11-07,0.5,,,0.5,0,2026-04-08T02:58:01.524363+00:00
62998,GUINEAINS,2017-11-08,0.5,,,0.5,0,2026-04-08T02:58:03.79912+00:00
63090,GUINEAINS,2017-11-09,0.5,,,0.5,0,2026-04-08T02:58:06.050925+00:00
63182,GUINEAINS,2017-11-10,0.5,,,0.5,0,2026-04-08T02:58:08.423322+00:00
63274,GUINEAINS,2017-11-13,0.5,,,0.5,0,2026-04-08T02:58:12.832851+00:00
63366,GUINEAINS,2017-11-14,0.5,,,0.5,100,2026-04-08T02:58:15.182817+00:00
63458,GUINEAINS,2017-11-15,0.5,,,0.5,0,2026-04-08T02:58:17.483941+00:00
63550,GUINEAINS,2017-11-16,0.5,,,0.5,0,2026-04-08T02:58:19.932158+00:00
63642,GUINEAINS,2017-11-17,0.5,,,0.5,0,2026-04-08T02:58:22.230505+00:00
63734,GUINEAINS,2017-11-20,0.5,,,0.5,1000,2026-04-08T02:58:26.609741+00:00
63826,GUINEAINS,2017-11-21,0.5,,,0.5,2000,2026-04-08T02:58:29.044371+00:00
63918,GUINEAINS,2017-11-22,0.5,,,0.5,27500,2026-04-08T02:58:31.282092+00:00
64010,GUINEAINS,2017-11-23,0.5,,,0.5,0,2026-04-08T02:58:33.589475+00:00
64102,GUINEAINS,2017-11-24,0.5,,,0.5,100000,2026-04-08T02:58:35.965247+00:00
64194,GUINEAINS,2017-11-27,0.5,,,0.5,0,2026-04-08T02:58:40.303262+00:00
64286,GUINEAINS,2017-11-28,0.5,,,0.5,0,2026-04-08T02:58:42.596324+00:00
64378,GUINEAINS,2017-11-29,0.5,,,0.5,0,2026-04-08T02:58:44.979081+00:00
64470,GUINEAINS,2017-11-30,0.5,,,0.5,10000,2026-04-08T02:58:47.226359+00:00
64562,GUINEAINS,2017-12-04,0.5,,,0.5,0,2026-04-08T02:58:52.54699+00:00
64654,GUINEAINS,2017-12-05,0.5,,,0.5,0,2026-04-08T02:58:54.773083+00:00
64746,GUINEAINS,2017-12-06,0.5,,,0.5,0,2026-04-08T02:58:57.263783+00:00
64838,GUINEAINS,2017-12-07,0.5,,,0.5,0,2026-04-08T02:58:59.55462+00:00
64930,GUINEAINS,2017-12-08,0.5,,,0.5,0,2026-04-08T02:59:01.865905+00:00
65022,GUINEAINS,2017-12-11,0.5,,,0.5,0,2026-04-08T02:59:06.715792+00:00
65114,GUINEAINS,2017-12-12,0.5,,,0.5,0,2026-04-08T02:59:09.170602+00:00
65206,GUINEAINS,2017-12-13,0.5,,,0.5,0,2026-04-08T02:59:11.522814+00:00
65298,GUINEAINS,2017-12-14,0.5,,,0.5,0,2026-04-08T02:59:13.751616+00:00
65390,GUINEAINS,2017-12-15,0.5,,,0.5,5822,2026-04-08T02:59:16.016878+00:00
65482,GUINEAINS,2017-12-18,0.5,,,0.5,7120,2026-04-08T02:59:20.496704+00:00
65574,GUINEAINS,2017-12-19,0.5,,,0.5,0,2026-04-08T02:59:22.691103+00:00
65666,GUINEAINS,2017-12-20,0.5,,,0.5,0,2026-04-08T02:59:25.001427+00:00
65758,GUINEAINS,2017-12-21,0.5,,,0.5,0,2026-04-08T02:59:27.554405+00:00
65850,GUINEAINS,2017-12-22,0.5,,,0.5,0,2026-04-08T02:59:29.82771+00:00
65942,GUINEAINS,2017-12-27,0.5,,,0.5,0,2026-04-08T02:59:36.63878+00:00
66034,GUINEAINS,2017-12-28,0.5,,,0.5,100,2026-04-08T02:59:39.04539+00:00
66126,GUINEAINS,2017-12-29,0.5,,,0.5,7892,2026-04-08T02:59:41.445401+00:00
66218,GUINEAINS,2018-01-02,0.5,,,0.5,100,2026-04-08T02:59:46.944851+00:00
66310,GUINEAINS,2018-01-03,0.5,,,0.5,0,2026-04-08T02:59:49.25236+00:00
66402,GUINEAINS,2018-01-04,0.5,,,0.5,0,2026-04-08T02:59:51.440942+00:00
66494,GUINEAINS,2018-01-05,0.5,,,0.5,0,2026-04-08T02:59:53.632679+00:00
66586,GUINEAINS,2018-01-08,0.5,,,0.5,0,2026-04-08T02:59:58.187375+00:00
66678,GUINEAINS,2018-01-09,0.5,,,0.5,2000,2026-04-08T03:00:00.526076+00:00
66770,GUINEAINS,2018-01-10,0.5,,,0.5,1900,2026-04-08T03:00:02.789006+00:00
66862,GUINEAINS,2018-01-11,0.5,,,0.5,6247,2026-04-08T03:00:05.007224+00:00
66954,GUINEAINS,2018-01-12,0.5,,,0.5,0,2026-04-08T03:00:07.437621+00:00
67046,GUINEAINS,2018-01-15,0.5,,,0.5,3405,2026-04-08T03:00:11.967979+00:00
67138,GUINEAINS,2018-01-16,0.5,,,0.5,0,2026-04-08T03:00:14.274869+00:00
67230,GUINEAINS,2018-01-17,0.5,,,0.5,2000,2026-04-08T03:00:16.592861+00:00
67322,GUINEAINS,2018-01-18,0.5,,,0.5,0,2026-04-08T03:00:18.874572+00:00
67414,GUINEAINS,2018-01-19,0.5,,,0.5,0,2026-04-08T03:00:21.223293+00:00
67506,GUINEAINS,2018-01-22,0.5,,,0.5,0,2026-04-08T03:00:25.613479+00:00
67598,GUINEAINS,2018-01-23,0.5,,,0.5,0,2026-04-08T03:00:27.792672+00:00
67690,GUINEAINS,2018-01-24,0.5,,,0.5,0,2026-04-08T03:00:29.955701+00:00
67782,GUINEAINS,2018-01-25,0.5,,,0.5,0,2026-04-08T03:00:32.149736+00:00
67874,GUINEAINS,2018-01-26,0.5,,,0.5,0,2026-04-08T03:00:34.314441+00:00
67966,GUINEAINS,2018-01-30,0.5,,,0.5,0,2026-04-08T03:00:39.498781+00:00
68058,GUINEAINS,2018-01-31,0.5,,,0.5,0,2026-04-08T03:00:41.874276+00:00
68150,GUINEAINS,2018-02-01,0.5,,,0.5,0,2026-04-08T03:00:44.260901+00:00
68242,GUINEAINS,2018-02-02,0.5,,,0.5,0,2026-04-08T03:00:46.552556+00:00
68334,GUINEAINS,2018-02-05,0.5,,,0.5,200,2026-04-08T03:00:50.820837+00:00
68426,GUINEAINS,2018-02-06,0.48,,,0.48,100000,2026-04-08T03:00:53.862975+00:00
68518,GUINEAINS,2018-02-07,0.48,,,0.48,10515,2026-04-08T03:00:56.249659+00:00
68610,GUINEAINS,2018-02-08,0.46,,,0.46,1004297,2026-04-08T03:00:58.532515+00:00
68702,GUINEAINS,2018-02-12,0.46,,,0.46,0,2026-04-08T03:01:04.382325+00:00
68794,GUINEAINS,2018-02-13,0.46,,,0.46,100,2026-04-08T03:01:06.5746+00:00
68886,GUINEAINS,2018-02-14,0.46,,,0.46,0,2026-04-08T03:01:08.960618+00:00
68978,GUINEAINS,2018-02-15,0.46,,,0.46,50000,2026-04-08T03:01:11.158693+00:00
69070,GUINEAINS,2018-02-16,0.46,,,0.46,3010,2026-04-08T03:01:13.607551+00:00
69162,GUINEAINS,2018-02-19,0.44,,,0.44,127500,2026-04-08T03:01:18.187191+00:00
69254,GUINEAINS,2018-02-20,0.44,,,0.44,0,2026-04-08T03:01:20.554931+00:00
69346,GUINEAINS,2018-02-22,0.44,,,0.44,3600,2026-04-08T03:01:23.957413+00:00
69438,GUINEAINS,2018-02-26,0.44,,,0.44,150,2026-04-08T03:01:29.317338+00:00
69530,GUINEAINS,2018-02-27,0.44,,,0.44,0,2026-04-08T03:01:31.58282+00:00
69622,GUINEAINS,2018-02-28,0.44,,,0.44,0,2026-04-08T03:01:33.916623+00:00
69714,GUINEAINS,2018-03-01,0.42,,,0.42,540000,2026-04-08T03:01:36.321302+00:00
69806,GUINEAINS,2018-03-02,0.42,,,0.42,0,2026-04-08T03:01:38.625174+00:00
69898,GUINEAINS,2018-03-05,0.42,,,0.42,0,2026-04-08T03:01:43.47208+00:00
69990,GUINEAINS,2018-03-06,0.42,,,0.42,0,2026-04-08T03:01:45.677681+00:00
70082,GUINEAINS,2018-03-08,0.42,,,0.42,5800,2026-04-08T03:01:48.923554+00:00
70174,GUINEAINS,2018-03-09,0.42,,,0.42,0,2026-04-08T03:01:51.131195+00:00
70266,GUINEAINS,2018-03-12,0.42,,,0.42,0,2026-04-08T03:01:55.382529+00:00
70358,GUINEAINS,2018-03-13,0.42,,,0.42,0,2026-04-08T03:01:57.721961+00:00
70450,GUINEAINS,2018-03-14,0.42,,,0.42,0,2026-04-08T03:02:00.06799+00:00
70542,GUINEAINS,2018-03-15,0.42,,,0.42,0,2026-04-08T03:02:02.587626+00:00
70634,GUINEAINS,2018-03-16,0.42,,,0.42,0,2026-04-08T03:02:05.049003+00:00
70726,GUINEAINS,2018-03-19,0.42,,,0.42,0,2026-04-08T03:02:09.713694+00:00
70818,GUINEAINS,2018-03-20,0.42,,,0.42,0,2026-04-08T03:02:12.039098+00:00
70910,GUINEAINS,2018-03-21,0.42,,,0.42,50,2026-04-08T03:02:14.26344+00:00
71002,GUINEAINS,2018-03-22,0.4,,,0.4,2000000,2026-04-08T03:02:16.655807+00:00
71094,GUINEAINS,2018-03-23,0.4,,,0.4,0,2026-04-08T03:02:19.005936+00:00
71186,GUINEAINS,2018-03-26,0.4,,,0.4,0,2026-04-08T03:02:23.356301+00:00
71278,GUINEAINS,2018-03-27,0.4,,,0.4,1596,2026-04-08T03:02:25.602463+00:00
71370,GUINEAINS,2018-03-28,0.4,,,0.4,1100,2026-04-08T03:02:28.271075+00:00
71462,GUINEAINS,2018-03-29,0.4,,,0.4,0,2026-04-08T03:02:31.326472+00:00
71554,GUINEAINS,2018-04-03,0.4,,,0.4,0,2026-04-08T03:02:37.862294+00:00
71646,GUINEAINS,2018-04-04,0.4,,,0.4,0,2026-04-08T03:02:40.086392+00:00
71738,GUINEAINS,2018-04-05,0.4,,,0.4,2600,2026-04-08T03:02:42.518452+00:00
71830,GUINEAINS,2018-04-09,0.4,,,0.4,0,2026-04-08T03:02:48.00481+00:00
71922,GUINEAINS,2018-04-10,0.4,,,0.4,250,2026-04-08T03:02:50.293549+00:00
72014,GUINEAINS,2018-04-11,0.4,,,0.4,200,2026-04-08T03:02:52.723357+00:00
72106,GUINEAINS,2018-04-12,0.4,,,0.4,100,2026-04-08T03:02:54.976434+00:00
72198,GUINEAINS,2018-04-13,0.4,,,0.4,300,2026-04-08T03:02:57.419716+00:00
72291,GUINEAINS,2018-04-16,0.4,,,0.4,0,2026-04-08T03:03:01.748445+00:00
72384,GUINEAINS,2018-04-17,0.4,,,0.4,0,2026-04-08T03:03:04.013915+00:00
72477,GUINEAINS,2018-04-18,0.4,,,0.4,18000,2026-04-08T03:03:06.304604+00:00
72570,GUINEAINS,2018-04-19,0.4,,,0.4,0,2026-04-08T03:03:08.631091+00:00
72663,GUINEAINS,2018-04-20,0.4,,,0.4,0,2026-04-08T03:03:11.181142+00:00
72756,GUINEAINS,2018-04-23,0.4,,,0.4,0,2026-04-08T03:03:15.702548+00:00
72849,GUINEAINS,2018-04-24,0.4,,,0.4,0,2026-04-08T03:03:17.976864+00:00
72942,GUINEAINS,2018-04-25,0.4,,,0.4,100,2026-04-08T03:03:20.281484+00:00
73035,GUINEAINS,2018-04-26,0.4,,,0.4,0,2026-04-08T03:03:22.503544+00:00
73128,GUINEAINS,2018-04-27,0.4,,,0.4,7100,2026-04-08T03:03:24.801147+00:00
73221,GUINEAINS,2018-04-30,0.4,,,0.4,2800,2026-04-08T03:03:29.288658+00:00
73314,GUINEAINS,2018-05-02,0.4,,,0.4,0,2026-04-08T03:03:32.97882+00:00
73407,GUINEAINS,2018-05-03,0.4,,,0.4,0,2026-04-08T03:03:35.46093+00:00
73500,GUINEAINS,2018-05-04,0.4,,,0.4,10000,2026-04-08T03:03:38.142449+00:00
73593,GUINEAINS,2018-05-07,0.4,,,0.4,40000,2026-04-08T03:03:42.835383+00:00
73686,GUINEAINS,2018-05-08,0.4,,,0.4,0,2026-04-08T03:03:45.094212+00:00
73779,GUINEAINS,2018-05-09,0.4,,,0.4,50000,2026-04-08T03:03:47.354492+00:00
73872,GUINEAINS,2018-05-10,0.4,,,0.4,120,2026-04-08T03:03:49.581225+00:00
73965,GUINEAINS,2018-05-11,0.4,,,0.4,0,2026-04-08T03:03:51.923758+00:00
74058,GUINEAINS,2018-05-14,0.4,,,0.4,0,2026-04-08T03:03:56.261604+00:00
74151,GUINEAINS,2018-05-15,0.4,,,0.4,0,2026-04-08T03:03:58.63318+00:00
74244,GUINEAINS,2018-05-16,0.4,,,0.4,38390,2026-04-08T03:04:02.494817+00:00
74337,GUINEAINS,2018-05-17,0.4,,,0.4,0,2026-04-08T03:04:04.853265+00:00
74430,GUINEAINS,2018-05-18,0.4,,,0.4,100,2026-04-08T03:04:09.280828+00:00
74523,GUINEAINS,2018-05-21,0.4,,,0.4,1000,2026-04-08T03:04:14.640212+00:00
74616,GUINEAINS,2018-05-22,0.4,,,0.4,1000,2026-04-08T03:04:17.13602+00:00
74709,GUINEAINS,2018-05-24,0.4,,,0.4,0,2026-04-08T03:04:20.857799+00:00
74802,GUINEAINS,2018-05-25,0.4,,,0.4,200,2026-04-08T03:04:23.533051+00:00
74895,GUINEAINS,2018-05-28,0.4,,,0.4,0,2026-04-08T03:04:28.151981+00:00
74988,GUINEAINS,2018-05-31,0.4,,,0.4,0,2026-04-08T03:04:33.384321+00:00
75081,GUINEAINS,2018-06-01,0.4,,,0.4,100,2026-04-08T03:04:35.846588+00:00
75174,GUINEAINS,2018-06-04,0.4,,,0.4,0,2026-04-08T03:04:40.216574+00:00
75267,GUINEAINS,2018-06-05,0.4,,,0.4,0,2026-04-08T03:04:42.57091+00:00
75360,GUINEAINS,2018-06-06,0.38,,,0.38,1000300,2026-04-08T03:04:44.928825+00:00
75453,GUINEAINS,2018-06-07,0.38,,,0.38,21367,2026-04-08T03:04:47.263813+00:00
75546,GUINEAINS,2018-06-08,0.38,,,0.38,400,2026-04-08T03:04:49.462509+00:00
75639,GUINEAINS,2018-06-11,0.38,,,0.38,600,2026-04-08T03:04:53.988129+00:00
75732,GUINEAINS,2018-06-12,0.38,,,0.38,120,2026-04-08T03:04:56.284057+00:00
75825,GUINEAINS,2018-06-13,0.38,,,0.38,0,2026-04-08T03:04:58.638577+00:00
75918,GUINEAINS,2018-06-14,0.38,,,0.38,6700,2026-04-08T03:05:00.901161+00:00
76011,GUINEAINS,2018-06-19,0.38,,,0.38,10200,2026-04-08T03:05:07.639029+00:00
76104,GUINEAINS,2018-06-20,0.38,,,0.38,6100,2026-04-08T03:05:09.924133+00:00
76197,GUINEAINS,2018-06-21,0.38,,,0.38,3000,2026-04-08T03:05:12.376626+00:00
76290,GUINEAINS,2018-06-22,0.38,,,0.38,0,2026-04-08T03:05:14.680862+00:00
76383,GUINEAINS,2018-06-25,0.38,,,0.38,450,2026-04-08T03:05:19.028214+00:00
76477,GUINEAINS,2018-06-26,0.38,,,0.38,300,2026-04-08T03:05:21.361472+00:00
76571,GUINEAINS,2018-06-27,0.38,,,0.38,3000,2026-04-08T03:05:23.730487+00:00
76665,GUINEAINS,2018-06-28,0.38,,,0.38,0,2026-04-08T03:05:26.342484+00:00
76759,GUINEAINS,2018-06-29,0.38,,,0.38,6100,2026-04-08T03:05:28.786725+00:00
76853,GUINEAINS,2018-07-02,0.38,,,0.38,1200,2026-04-08T03:05:34.742081+00:00
76947,GUINEAINS,2018-07-03,0.38,,,0.38,5020,2026-04-08T03:05:37.830893+00:00
77041,GUINEAINS,2018-07-04,0.38,,,0.38,600,2026-04-08T03:05:40.225299+00:00
77135,GUINEAINS,2018-07-05,0.38,,,0.38,6010,2026-04-08T03:05:42.479897+00:00
77229,GUINEAINS,2018-07-06,0.38,,,0.38,0,2026-04-08T03:05:44.93013+00:00
77323,GUINEAINS,2018-07-09,0.38,,,0.38,405,2026-04-08T03:05:49.395513+00:00
77417,GUINEAINS,2018-07-10,0.38,,,0.38,200,2026-04-08T03:05:51.797285+00:00
77511,GUINEAINS,2018-07-11,0.38,,,0.38,21100,2026-04-08T03:05:54.14171+00:00
77605,GUINEAINS,2018-07-12,0.38,,,0.38,100,2026-04-08T03:05:56.629461+00:00
77699,GUINEAINS,2018-07-13,0.38,,,0.38,0,2026-04-08T03:05:59.112955+00:00
77793,GUINEAINS,2018-07-16,0.38,,,0.38,8000,2026-04-08T03:06:03.612411+00:00
77888,GUINEAINS,2018-07-17,0.38,,,0.38,22495,2026-04-08T03:06:06.031894+00:00
77983,GUINEAINS,2018-07-18,0.38,,,0.38,0,2026-04-08T03:06:08.398083+00:00
78078,GUINEAINS,2018-07-19,0.38,,,0.38,0,2026-04-08T03:06:10.625391+00:00
78173,GUINEAINS,2018-07-20,0.38,,,0.38,0,2026-04-08T03:06:13.100822+00:00
78268,GUINEAINS,2018-07-23,0.38,,,0.38,0,2026-04-08T03:06:17.450644+00:00
78363,GUINEAINS,2018-07-24,0.38,,,0.38,0,2026-04-08T03:06:19.846153+00:00
78458,GUINEAINS,2018-07-25,0.38,,,0.38,0,2026-04-08T03:06:22.17218+00:00
78553,GUINEAINS,2018-07-26,0.38,,,0.38,61000,2026-04-08T03:06:24.338643+00:00
78648,GUINEAINS,2018-07-27,0.38,,,0.38,0,2026-04-08T03:06:26.70773+00:00
78743,GUINEAINS,2018-07-30,0.38,,,0.38,0,2026-04-08T03:06:31.357035+00:00
78838,GUINEAINS,2018-07-31,0.38,,,0.38,0,2026-04-08T03:06:33.766078+00:00
78933,GUINEAINS,2018-08-01,0.38,,,0.38,15,2026-04-08T03:06:36.22345+00:00
79028,GUINEAINS,2018-08-02,0.38,,,0.38,0,2026-04-08T03:06:38.596191+00:00
79123,GUINEAINS,2018-08-03,0.38,,,0.38,0,2026-04-08T03:06:41.315743+00:00
79218,GUINEAINS,2018-08-06,0.38,,,0.38,0,2026-04-08T03:06:46.359416+00:00
79313,GUINEAINS,2018-08-07,0.38,,,0.38,0,2026-04-08T03:06:48.623378+00:00
79408,GUINEAINS,2018-08-08,0.38,,,0.38,30,2026-04-08T03:06:51.110249+00:00
79503,GUINEAINS,2018-08-09,0.35,,,0.35,833963,2026-04-08T03:06:53.45187+00:00
79598,GUINEAINS,2018-08-10,0.35,,,0.35,0,2026-04-08T03:06:56.254972+00:00
79693,GUINEAINS,2018-08-13,0.35,,,0.35,0,2026-04-08T03:07:00.870215+00:00
79788,GUINEAINS,2018-08-14,0.35,,,0.35,0,2026-04-08T03:07:03.258394+00:00
79883,GUINEAINS,2018-08-15,0.35,,,0.35,0,2026-04-08T03:07:05.636903+00:00
79978,GUINEAINS,2018-08-16,0.35,,,0.35,0,2026-04-08T03:07:07.96787+00:00
80073,GUINEAINS,2018-08-17,0.35,,,0.35,1310,2026-04-08T03:07:10.276143+00:00
80168,GUINEAINS,2018-08-20,0.35,,,0.35,0,2026-04-08T03:07:14.92421+00:00
80263,GUINEAINS,2018-08-24,0.35,,,0.35,0,2026-04-08T03:07:20.612873+00:00
80358,GUINEAINS,2018-08-27,0.35,,,0.35,0,2026-04-08T03:07:24.735515+00:00
80453,GUINEAINS,2018-08-28,0.35,,,0.35,0,2026-04-08T03:07:26.964049+00:00
80548,GUINEAINS,2018-08-29,0.35,,,0.35,0,2026-04-08T03:07:29.382314+00:00
80643,GUINEAINS,2018-08-30,0.35,,,0.35,0,2026-04-08T03:07:31.753519+00:00
80738,GUINEAINS,2018-08-31,0.35,,,0.35,500,2026-04-08T03:07:34.108038+00:00
80833,GUINEAINS,2018-09-03,0.35,,,0.35,100,2026-04-08T03:07:38.483999+00:00
80928,GUINEAINS,2018-09-05,0.32,,,0.32,358,2026-04-08T03:07:41.733647+00:00
81023,GUINEAINS,2018-09-06,0.32,,,0.32,0,2026-04-08T03:07:44.232746+00:00
81118,GUINEAINS,2018-09-07,0.32,,,0.32,0,2026-04-08T03:07:46.695234+00:00
81213,GUINEAINS,2018-09-10,0.32,,,0.32,0,2026-04-08T03:07:51.133138+00:00
81310,GUINEAINS,2018-09-11,0.32,,,0.32,0,2026-04-08T03:07:53.572062+00:00
81412,GUINEAINS,2018-09-12,0.32,,,0.32,50000,2026-04-08T03:07:56.190409+00:00
81514,GUINEAINS,2018-09-13,0.32,,,0.32,0,2026-04-08T03:07:58.529226+00:00
81616,GUINEAINS,2018-09-14,0.32,,,0.32,500,2026-04-08T03:08:00.944137+00:00
81718,GUINEAINS,2018-09-17,0.32,,,0.32,0,2026-04-08T03:08:05.572353+00:00
81820,GUINEAINS,2018-09-18,0.32,,,0.32,1005,2026-04-08T03:08:07.840784+00:00
81922,GUINEAINS,2018-09-19,0.32,,,0.32,0,2026-04-08T03:08:10.07554+00:00
82024,GUINEAINS,2018-09-20,0.32,,,0.32,0,2026-04-08T03:08:12.389642+00:00
82126,GUINEAINS,2018-09-21,0.32,,,0.32,0,2026-04-08T03:08:14.761127+00:00
82228,GUINEAINS,2018-09-24,0.32,,,0.32,0,2026-04-08T03:08:19.182113+00:00
82330,GUINEAINS,2018-09-25,0.32,,,0.32,0,2026-04-08T03:08:21.370615+00:00
82432,GUINEAINS,2018-09-26,0.32,,,0.32,100,2026-04-08T03:08:24.494451+00:00
82534,GUINEAINS,2018-09-27,0.32,,,0.32,0,2026-04-08T03:08:26.812803+00:00
82636,GUINEAINS,2018-09-28,0.32,,,0.32,0,2026-04-08T03:08:29.283021+00:00
82738,GUINEAINS,2018-10-02,0.32,,,0.32,0,2026-04-08T03:08:34.887787+00:00
82840,GUINEAINS,2018-10-04,0.32,,,0.32,0,2026-04-08T03:08:38.279141+00:00
82942,GUINEAINS,2018-10-05,0.32,,,0.32,1000,2026-04-08T03:08:40.455926+00:00
83044,GUINEAINS,2018-10-08,0.29,,,0.29,141000,2026-04-08T03:08:45.286665+00:00
83146,GUINEAINS,2018-10-09,0.29,,,0.29,0,2026-04-08T03:08:47.584215+00:00
83248,GUINEAINS,2018-10-10,0.29,,,0.29,0,2026-04-08T03:08:50.198924+00:00
83350,GUINEAINS,2018-10-11,0.29,,,0.29,0,2026-04-08T03:08:52.595743+00:00
83452,GUINEAINS,2018-10-12,0.29,,,0.29,0,2026-04-08T03:08:54.923298+00:00
83554,GUINEAINS,2018-10-15,0.29,,,0.29,10000,2026-04-08T03:08:59.688494+00:00
83656,GUINEAINS,2018-10-16,0.29,,,0.29,0,2026-04-08T03:09:01.98694+00:00
83758,GUINEAINS,2018-10-17,0.29,,,0.29,1000,2026-04-08T03:09:04.302348+00:00
83860,GUINEAINS,2018-10-18,0.29,,,0.29,0,2026-04-08T03:09:06.644992+00:00
83962,GUINEAINS,2018-10-19,0.29,,,0.29,0,2026-04-08T03:09:09.038287+00:00
84064,GUINEAINS,2018-10-22,0.29,,,0.29,0,2026-04-08T03:09:13.967+00:00
84166,GUINEAINS,2018-10-23,0.29,,,0.29,0,2026-04-08T03:09:16.194722+00:00
84268,GUINEAINS,2018-10-24,0.29,,,0.29,0,2026-04-08T03:09:18.448083+00:00
84370,GUINEAINS,2018-10-25,0.27,,,0.27,100000,2026-04-08T03:09:20.631413+00:00
84472,GUINEAINS,2018-10-26,0.27,,,0.27,0,2026-04-08T03:09:23.109094+00:00
84574,GUINEAINS,2018-10-29,0.25,,,0.25,300000,2026-04-08T03:09:27.901396+00:00
84676,GUINEAINS,2018-10-30,0.25,,,0.25,0,2026-04-08T03:09:30.377337+00:00
84778,GUINEAINS,2018-10-31,0.25,,,0.25,0,2026-04-08T03:09:32.658485+00:00
84880,GUINEAINS,2018-11-01,0.25,,,0.25,11800,2026-04-08T03:09:35.048509+00:00
84982,GUINEAINS,2018-11-02,0.25,,,0.25,0,2026-04-08T03:09:37.41202+00:00
85084,GUINEAINS,2018-11-05,0.25,,,0.25,0,2026-04-08T03:09:41.998643+00:00
85186,GUINEAINS,2018-11-06,0.25,,,0.25,0,2026-04-08T03:09:44.485046+00:00
85288,GUINEAINS,2018-11-08,0.25,,,0.25,0,2026-04-08T03:09:47.843283+00:00
85390,GUINEAINS,2018-11-09,0.25,,,0.25,0,2026-04-08T03:09:50.169754+00:00
85492,GUINEAINS,2018-11-12,0.25,,,0.25,0,2026-04-08T03:09:54.975549+00:00
85594,GUINEAINS,2018-11-13,0.25,,,0.25,0,2026-04-08T03:09:57.558923+00:00
85696,GUINEAINS,2018-11-14,0.25,,,0.25,0,2026-04-08T03:09:59.910116+00:00
85798,GUINEAINS,2018-11-15,0.25,,,0.25,0,2026-04-08T03:10:02.252366+00:00
85900,GUINEAINS,2018-11-16,0.25,,,0.25,0,2026-04-08T03:10:04.527169+00:00
86002,GUINEAINS,2018-11-19,0.25,,,0.25,0,2026-04-08T03:10:09.122468+00:00
86104,GUINEAINS,2018-11-21,0.25,,,0.25,0,2026-04-08T03:10:12.622729+00:00
86206,GUINEAINS,2018-11-22,0.25,,,0.25,200,2026-04-08T03:10:14.989948+00:00
86308,GUINEAINS,2018-11-23,0.25,,,0.25,0,2026-04-08T03:10:17.221139+00:00
86410,GUINEAINS,2018-11-26,0.25,,,0.25,0,2026-04-08T03:10:22.142454+00:00
86512,GUINEAINS,2018-11-27,0.25,,,0.25,0,2026-04-08T03:10:24.421595+00:00
86614,GUINEAINS,2018-11-28,0.25,,,0.25,0,2026-04-08T03:10:26.708398+00:00
86716,GUINEAINS,2018-11-29,0.25,,,0.25,0,2026-04-08T03:10:29.255332+00:00
86818,GUINEAINS,2018-11-30,0.25,,,0.25,500,2026-04-08T03:10:32.706086+00:00
86920,GUINEAINS,2018-12-03,0.25,,,0.25,0,2026-04-08T03:10:37.185914+00:00
87022,GUINEAINS,2018-12-04,0.25,,,0.25,0,2026-04-08T03:10:39.607482+00:00
87124,GUINEAINS,2018-12-05,0.25,,,0.25,0,2026-04-08T03:10:42.037497+00:00
87226,GUINEAINS,2018-12-06,0.25,,,0.25,0,2026-04-08T03:10:44.312069+00:00
87328,GUINEAINS,2018-12-07,0.25,,,0.25,0,2026-04-08T03:10:46.663078+00:00
87430,GUINEAINS,2018-12-10,0.25,,,0.25,4200,2026-04-08T03:10:51.346822+00:00
87532,GUINEAINS,2018-12-11,0.25,,,0.25,0,2026-04-08T03:10:53.613329+00:00
87634,GUINEAINS,2018-12-12,0.25,,,0.25,0,2026-04-08T03:10:55.983376+00:00
87736,GUINEAINS,2018-12-13,0.25,,,0.25,0,2026-04-08T03:10:58.622726+00:00
87838,GUINEAINS,2018-12-17,0.25,,,0.25,0,2026-04-08T03:11:04.071168+00:00
87939,GUINEAINS,2018-12-18,0.25,,,0.25,0,2026-04-08T03:11:06.547404+00:00
88040,GUINEAINS,2018-12-19,0.25,,,0.25,0,2026-04-08T03:11:08.930184+00:00
88141,GUINEAINS,2018-12-21,0.25,,,0.25,0,2026-04-08T03:11:13.038597+00:00
88242,GUINEAINS,2018-12-24,0.23,,,0.23,189610,2026-04-08T03:11:17.396489+00:00
88344,GUINEAINS,2018-12-31,0.23,,,0.23,0,2026-04-08T03:11:26.963749+00:00
88446,GUINEAINS,2019-01-04,0.23,,,0.23,0,2026-04-08T03:11:33.101723+00:00
88548,GUINEAINS,2019-01-07,0.23,,,0.23,0,2026-04-08T03:11:37.396019+00:00
88650,GUINEAINS,2019-01-08,0.23,,,0.23,0,2026-04-08T03:11:39.720871+00:00
88752,GUINEAINS,2019-01-09,0.23,,,0.23,0,2026-04-08T03:11:42.122758+00:00
88854,GUINEAINS,2019-01-10,0.23,,,0.23,0,2026-04-08T03:11:44.4712+00:00
88956,GUINEAINS,2019-01-11,0.23,,,0.23,0,2026-04-08T03:11:46.864498+00:00
89058,GUINEAINS,2019-01-14,0.23,,,0.23,0,2026-04-08T03:11:51.386431+00:00
89160,GUINEAINS,2019-01-15,0.23,,,0.23,0,2026-04-08T03:11:53.781694+00:00
89262,GUINEAINS,2019-01-16,0.23,,,0.23,0,2026-04-08T03:11:56.273278+00:00
89364,GUINEAINS,2019-01-17,0.23,,,0.23,0,2026-04-08T03:11:58.633279+00:00
89466,GUINEAINS,2019-01-18,0.23,,,0.23,0,2026-04-08T03:12:01.678716+00:00
89568,GUINEAINS,2019-01-21,0.23,,,0.23,0,2026-04-08T03:12:06.146982+00:00
89670,GUINEAINS,2019-01-22,0.23,,,0.23,0,2026-04-08T03:12:26.450353+00:00
89772,GUINEAINS,2019-01-23,0.23,,,0.23,0,2026-04-08T03:12:28.985884+00:00
89874,GUINEAINS,2019-01-24,0.23,,,0.23,0,2026-04-08T03:12:31.471104+00:00
89976,GUINEAINS,2019-01-25,0.23,,,0.23,0,2026-04-08T03:12:33.831732+00:00
90078,GUINEAINS,2019-01-28,0.23,,,0.23,0,2026-04-08T03:12:38.324+00:00
90180,GUINEAINS,2019-01-29,0.23,,,0.23,0,2026-04-08T03:12:40.769031+00:00
90282,GUINEAINS,2019-01-30,0.23,,,0.23,0,2026-04-08T03:12:43.207065+00:00
90384,GUINEAINS,2019-01-31,0.23,,,0.23,0,2026-04-08T03:12:45.452606+00:00
90486,GUINEAINS,2019-02-01,0.23,,,0.23,0,2026-04-08T03:12:47.65569+00:00
90588,GUINEAINS,2019-02-04,0.23,,,0.23,0,2026-04-08T03:12:52.008801+00:00
90690,GUINEAINS,2019-02-05,0.23,,,0.23,0,2026-04-08T03:12:54.428036+00:00
90792,GUINEAINS,2019-02-06,0.21,,,0.21,541000,2026-04-08T03:12:56.795589+00:00
90894,GUINEAINS,2019-02-07,0.2,,,0.2,200100,2026-04-08T03:12:59.333395+00:00
90996,GUINEAINS,2019-02-08,0.2,,,0.2,1000,2026-04-08T03:13:01.766173+00:00
91098,GUINEAINS,2019-02-11,0.2,,,0.2,2,2026-04-08T03:13:07.807824+00:00
91200,GUINEAINS,2019-02-12,0.2,,,0.2,5,2026-04-08T03:13:10.389121+00:00
91302,GUINEAINS,2019-02-13,0.2,,,0.2,100000,2026-04-08T03:13:13.120558+00:00
91404,GUINEAINS,2019-02-14,0.2,,,0.2,0,2026-04-08T03:13:15.610167+00:00
91506,GUINEAINS,2019-02-15,0.2,,,0.2,2000,2026-04-08T03:13:17.960235+00:00
91608,GUINEAINS,2019-02-18,0.2,,,0.2,0,2026-04-08T03:13:22.383964+00:00
91710,GUINEAINS,2019-02-19,0.2,,,0.2,0,2026-04-08T03:13:24.617569+00:00
91812,GUINEAINS,2019-02-20,0.2,,,0.2,2000,2026-04-08T03:13:26.870792+00:00
91914,GUINEAINS,2019-02-22,0.2,,,0.2,10000,2026-04-08T03:13:30.442816+00:00
92016,GUINEAINS,2019-02-25,0.2,,,0.2,0,2026-04-08T03:13:35.015549+00:00
92118,GUINEAINS,2019-02-26,0.2,,,0.2,40002,2026-04-08T03:13:37.412672+00:00
92220,GUINEAINS,2019-02-27,0.2,,,0.2,0,2026-04-08T03:13:39.910522+00:00
92322,GUINEAINS,2019-02-28,0.2,,,0.2,0,2026-04-08T03:13:42.435587+00:00
92424,GUINEAINS,2019-03-01,0.2,,,0.2,0,2026-04-08T03:13:44.810709+00:00
92526,GUINEAINS,2019-03-04,0.2,,,0.2,0,2026-04-08T03:13:49.353535+00:00
92628,GUINEAINS,2019-03-05,0.2,,,0.2,0,2026-04-08T03:13:51.846242+00:00
92730,GUINEAINS,2019-03-06,0.2,,,0.2,0,2026-04-08T03:13:54.267269+00:00
92832,GUINEAINS,2019-03-07,0.2,,,0.2,0,2026-04-08T03:13:56.544072+00:00
92934,GUINEAINS,2019-03-08,0.2,,,0.2,0,2026-04-08T03:13:58.936546+00:00
93036,GUINEAINS,2019-03-11,0.2,,,0.2,10000,2026-04-08T03:14:03.582539+00:00
93138,GUINEAINS,2019-03-12,0.2,,,0.2,50,2026-04-08T03:14:06.149716+00:00
93240,GUINEAINS,2019-03-13,0.2,,,0.2,500,2026-04-08T03:14:08.562819+00:00
93342,GUINEAINS,2019-03-14,0.2,,,0.2,0,2026-04-08T03:14:10.990955+00:00
93444,GUINEAINS,2019-03-15,0.2,,,0.2,100,2026-04-08T03:14:13.413527+00:00
93546,GUINEAINS,2019-03-18,0.2,,,0.2,0,2026-04-08T03:14:17.594172+00:00
93648,GUINEAINS,2019-03-19,0.2,,,0.2,0,2026-04-08T03:14:19.883177+00:00
93750,GUINEAINS,2019-03-20,0.2,,,0.2,100,2026-04-08T03:14:22.215184+00:00
93852,GUINEAINS,2019-03-21,0.2,,,0.2,0,2026-04-08T03:14:24.469396+00:00
93954,GUINEAINS,2019-03-22,0.2,,,0.2,0,2026-04-08T03:14:26.929153+00:00
94056,GUINEAINS,2019-03-25,0.2,,,0.2,500,2026-04-08T03:14:31.400562+00:00
94158,GUINEAINS,2019-03-26,0.2,,,0.2,0,2026-04-08T03:14:33.80485+00:00
94260,GUINEAINS,2019-03-27,0.2,,,0.2,0,2026-04-08T03:14:36.122563+00:00
94362,GUINEAINS,2019-03-28,0.2,,,0.2,0,2026-04-08T03:14:38.612625+00:00
94464,GUINEAINS,2019-03-29,0.2,,,0.2,0,2026-04-08T03:14:41.061692+00:00
94565,GUINEAINS,2019-04-01,0.2,,,0.2,0,2026-04-08T03:14:45.528331+00:00
94666,GUINEAINS,2019-04-02,0.2,,,0.2,0,2026-04-08T03:14:47.809526+00:00
94767,GUINEAINS,2019-04-03,0.2,,,0.2,0,2026-04-08T03:14:50.124237+00:00
94868,GUINEAINS,2019-04-04,0.2,,,0.2,2000,2026-04-08T03:14:52.417245+00:00
94969,GUINEAINS,2019-04-05,0.2,,,0.2,0,2026-04-08T03:14:54.739567+00:00
95070,GUINEAINS,2019-04-08,0.2,,,0.2,0,2026-04-08T03:14:59.01768+00:00
95171,GUINEAINS,2019-04-09,0.2,,,0.2,0,2026-04-08T03:15:01.233247+00:00
95272,GUINEAINS,2019-04-10,0.2,,,0.2,0,2026-04-08T03:15:03.446976+00:00
95373,GUINEAINS,2019-04-11,0.2,,,0.2,0,2026-04-08T03:15:05.608759+00:00
95474,GUINEAINS,2019-04-12,0.2,,,0.2,0,2026-04-08T03:15:07.869644+00:00
95575,GUINEAINS,2019-04-15,0.2,,,0.2,0,2026-04-08T03:15:12.360876+00:00
95676,GUINEAINS,2019-04-16,0.2,,,0.2,0,2026-04-08T03:15:14.69338+00:00
95777,GUINEAINS,2019-04-17,0.2,,,0.2,0,2026-04-08T03:15:16.974822+00:00
95878,GUINEAINS,2019-04-18,0.2,,,0.2,0,2026-04-08T03:15:19.360663+00:00
95979,GUINEAINS,2019-04-23,0.2,,,0.2,0,2026-04-08T03:15:26.04373+00:00
96081,GUINEAINS,2019-04-24,0.2,,,0.2,0,2026-04-08T03:15:28.31166+00:00
96183,GUINEAINS,2019-04-25,0.2,,,0.2,510000,2026-04-08T03:15:30.603437+00:00
96285,GUINEAINS,2019-04-26,0.2,,,0.2,0,2026-04-08T03:15:32.816712+00:00
96387,GUINEAINS,2019-04-29,0.2,,,0.2,51000,2026-04-08T03:15:37.198623+00:00
96489,GUINEAINS,2019-04-30,0.2,,,0.2,0,2026-04-08T03:15:39.499507+00:00
96591,GUINEAINS,2019-05-02,0.2,,,0.2,504000,2026-04-08T03:15:42.839166+00:00
96693,GUINEAINS,2019-05-03,0.2,,,0.2,100,2026-04-08T03:15:45.02286+00:00
96795,GUINEAINS,2019-05-06,0.2,,,0.2,200,2026-04-08T03:15:49.380478+00:00
96897,GUINEAINS,2019-05-07,0.2,,,0.2,285000,2026-04-08T03:15:51.609622+00:00
96999,GUINEAINS,2019-05-08,0.2,,,0.2,0,2026-04-08T03:15:53.912422+00:00
97101,GUINEAINS,2019-05-09,0.2,,,0.2,0,2026-04-08T03:15:56.308435+00:00
97203,GUINEAINS,2019-05-10,0.2,,,0.2,120000,2026-04-08T03:15:58.65517+00:00
97305,GUINEAINS,2019-05-13,0.2,,,0.2,0,2026-04-08T03:16:02.955985+00:00
97407,GUINEAINS,2019-05-14,0.2,,,0.2,4463728,2026-04-08T03:16:05.427951+00:00
97509,GUINEAINS,2019-05-15,0.2,,,0.2,100000,2026-04-08T03:16:07.709974+00:00
97611,GUINEAINS,2019-05-16,0.2,,,0.2,80000,2026-04-08T03:16:09.947696+00:00
97713,GUINEAINS,2019-05-17,0.2,,,0.2,22988,2026-04-08T03:16:12.469468+00:00
97816,GUINEAINS,2019-05-20,0.2,,,0.2,500,2026-04-08T03:16:16.967061+00:00
97919,GUINEAINS,2019-05-21,0.2,,,0.2,750,2026-04-08T03:16:19.368023+00:00
98022,GUINEAINS,2019-05-22,0.2,,,0.2,0,2026-04-08T03:16:21.741488+00:00
98125,GUINEAINS,2019-05-23,0.2,,,0.2,5025,2026-04-08T03:16:24.010501+00:00
98228,GUINEAINS,2019-05-24,0.2,,,0.2,0,2026-04-08T03:16:26.41346+00:00
98331,GUINEAINS,2019-05-27,0.2,,,0.2,0,2026-04-08T03:16:30.812568+00:00
98434,GUINEAINS,2019-05-28,0.2,,,0.2,500,2026-04-08T03:16:33.286405+00:00
98537,GUINEAINS,2019-05-30,0.2,,,0.2,0,2026-04-08T03:16:36.695359+00:00
98640,GUINEAINS,2019-05-31,0.2,,,0.2,100,2026-04-08T03:16:39.10826+00:00
98743,GUINEAINS,2019-06-03,0.2,,,0.2,0,2026-04-08T03:16:43.376201+00:00
98846,GUINEAINS,2019-06-06,0.2,,,0.2,0,2026-04-08T03:16:48.034912+00:00
98949,GUINEAINS,2019-06-07,0.2,,,0.2,0,2026-04-08T03:16:50.186426+00:00
99052,GUINEAINS,2019-06-10,0.2,,,0.2,0,2026-04-08T03:16:54.498349+00:00
99155,GUINEAINS,2019-06-11,0.2,,,0.2,20000,2026-04-08T03:16:56.702394+00:00
99258,GUINEAINS,2019-06-13,0.2,,,0.2,0,2026-04-08T03:17:00.140907+00:00
99361,GUINEAINS,2019-06-14,0.2,,,0.2,0,2026-04-08T03:17:02.289964+00:00
99464,GUINEAINS,2019-06-17,0.2,,,0.2,0,2026-04-08T03:17:06.378621+00:00
99567,GUINEAINS,2019-06-18,0.2,,,0.2,0,2026-04-08T03:17:08.696624+00:00
99670,GUINEAINS,2019-06-19,0.2,,,0.2,50,2026-04-08T03:17:10.975867+00:00
99773,GUINEAINS,2019-06-20,0.2,,,0.2,0,2026-04-08T03:17:13.205784+00:00
99876,GUINEAINS,2019-06-24,0.2,,,0.2,10000,2026-04-08T03:17:18.488118+00:00
99979,GUINEAINS,2019-06-25,0.2,,,0.2,20,2026-04-08T03:17:20.712996+00:00
100082,GUINEAINS,2019-06-26,0.2,,,0.2,50,2026-04-08T03:17:23.021521+00:00
100185,GUINEAINS,2019-06-27,0.2,,,0.2,0,2026-04-08T03:17:25.288917+00:00
100288,GUINEAINS,2019-06-28,0.2,,,0.2,0,2026-04-08T03:17:27.669324+00:00
100391,GUINEAINS,2019-07-01,0.2,,,0.2,0,2026-04-08T03:17:31.993492+00:00
100494,GUINEAINS,2019-07-02,0.2,,,0.2,0,2026-04-08T03:17:34.195482+00:00
100597,GUINEAINS,2019-07-03,0.2,,,0.2,0,2026-04-08T03:17:36.539656+00:00
100700,GUINEAINS,2019-07-04,0.2,,,0.2,0,2026-04-08T03:17:38.806977+00:00
100803,GUINEAINS,2019-07-05,0.2,,,0.2,0,2026-04-08T03:17:41.292481+00:00
100906,GUINEAINS,2019-07-08,0.2,,,0.2,0,2026-04-08T03:17:45.861747+00:00
101009,GUINEAINS,2019-07-09,0.2,,,0.2,0,2026-04-08T03:17:48.217581+00:00
101113,GUINEAINS,2019-07-10,0.2,,,0.2,0,2026-04-08T03:17:50.676625+00:00
101217,GUINEAINS,2019-07-11,0.2,,,0.2,0,2026-04-08T03:17:53.082234+00:00
101321,GUINEAINS,2019-07-12,0.2,,,0.2,0,2026-04-08T03:17:55.503872+00:00
101425,GUINEAINS,2019-07-15,0.2,,,0.2,0,2026-04-08T03:18:00.039317+00:00
101529,GUINEAINS,2019-07-16,0.2,,,0.2,0,2026-04-08T03:18:02.440443+00:00
101633,GUINEAINS,2019-07-17,0.2,,,0.2,0,2026-04-08T03:18:04.729662+00:00
101737,GUINEAINS,2019-07-18,0.2,,,0.2,0,2026-04-08T03:18:07.178594+00:00
101841,GUINEAINS,2019-07-19,0.2,,,0.2,0,2026-04-08T03:18:09.535362+00:00
101945,GUINEAINS,2019-07-22,0.2,,,0.2,0,2026-04-08T03:18:14.212024+00:00
102049,GUINEAINS,2019-07-23,0.2,,,0.2,0,2026-04-08T03:18:16.654741+00:00
102153,GUINEAINS,2019-07-24,0.2,,,0.2,0,2026-04-08T03:18:18.926554+00:00
102257,GUINEAINS,2019-07-25,0.2,,,0.2,0,2026-04-08T03:18:21.127331+00:00
102361,GUINEAINS,2019-07-26,0.2,,,0.2,0,2026-04-08T03:18:23.508197+00:00
102465,GUINEAINS,2019-07-29,0.2,,,0.2,0,2026-04-08T03:18:27.808584+00:00
102569,GUINEAINS,2019-07-30,0.2,,,0.2,0,2026-04-08T03:18:30.090931+00:00
102673,GUINEAINS,2019-07-31,0.2,,,0.2,0,2026-04-08T03:18:32.379029+00:00
102777,GUINEAINS,2019-08-01,0.2,,,0.2,0,2026-04-08T03:18:34.721051+00:00
102881,GUINEAINS,2019-08-02,0.2,,,0.2,0,2026-04-08T03:18:37.148519+00:00
102985,GUINEAINS,2019-08-05,0.2,,,0.2,0,2026-04-08T03:18:41.327383+00:00
103089,GUINEAINS,2019-08-06,0.2,,,0.2,0,2026-04-08T03:18:43.676077+00:00
103193,GUINEAINS,2019-08-07,0.2,,,0.2,0,2026-04-08T03:18:45.952647+00:00
103297,GUINEAINS,2019-08-08,0.2,,,0.2,0,2026-04-08T03:18:48.284739+00:00
103401,GUINEAINS,2019-08-09,0.2,,,0.2,0,2026-04-08T03:18:50.530707+00:00
103505,GUINEAINS,2019-08-14,0.2,,,0.2,0,2026-04-08T03:18:57.313874+00:00
103609,GUINEAINS,2019-08-15,0.2,,,0.2,0,2026-04-08T03:18:59.647711+00:00
103713,GUINEAINS,2019-08-19,0.2,,,0.2,0,2026-04-08T03:19:05.053534+00:00
103817,GUINEAINS,2019-08-20,0.2,,,0.2,0,2026-04-08T03:19:07.283568+00:00
103921,GUINEAINS,2019-08-21,0.2,,,0.2,0,2026-04-08T03:19:09.493441+00:00
104024,GUINEAINS,2019-08-22,0.2,,,0.2,0,2026-04-08T03:19:11.834929+00:00
104127,GUINEAINS,2019-08-23,0.2,,,0.2,0,2026-04-08T03:19:14.066623+00:00
104230,GUINEAINS,2019-08-26,0.2,,,0.2,0,2026-04-08T03:19:18.291411+00:00
104333,GUINEAINS,2019-08-27,0.2,,,0.2,0,2026-04-08T03:19:20.588978+00:00
104436,GUINEAINS,2019-08-28,0.2,,,0.2,0,2026-04-08T03:19:22.939533+00:00
104539,GUINEAINS,2019-08-29,0.2,,,0.2,0,2026-04-08T03:19:25.308081+00:00
104642,GUINEAINS,2019-08-30,0.2,,,0.2,0,2026-04-08T03:19:27.686427+00:00
104745,GUINEAINS,2019-09-02,0.2,,,0.2,0,2026-04-08T03:19:32.075785+00:00
104848,GUINEAINS,2019-09-03,0.2,,,0.2,0,2026-04-08T03:19:34.366833+00:00
104951,GUINEAINS,2019-09-04,0.2,,,0.2,0,2026-04-08T03:19:36.608723+00:00
105054,GUINEAINS,2019-09-05,0.2,,,0.2,0,2026-04-08T03:19:38.984327+00:00
105157,GUINEAINS,2019-09-06,0.2,,,0.2,0,2026-04-08T03:19:41.363212+00:00
105260,GUINEAINS,2019-09-09,0.2,,,0.2,0,2026-04-08T03:19:45.624302+00:00
105363,GUINEAINS,2019-09-10,0.2,,,0.2,0,2026-04-08T03:19:47.977958+00:00
105466,GUINEAINS,2019-09-11,0.2,,,0.2,0,2026-04-08T03:19:50.333421+00:00
105569,GUINEAINS,2019-09-12,0.2,,,0.2,0,2026-04-08T03:19:52.607202+00:00
105672,GUINEAINS,2019-09-13,0.2,,,0.2,0,2026-04-08T03:19:55.083512+00:00
105775,GUINEAINS,2019-09-16,0.2,,,0.2,0,2026-04-08T03:19:59.701348+00:00
105878,GUINEAINS,2019-09-17,0.2,,,0.2,0,2026-04-08T03:20:02.523968+00:00
105981,GUINEAINS,2019-09-18,0.2,,,0.2,0,2026-04-08T03:20:05.488272+00:00
106084,GUINEAINS,2019-09-19,0.2,,,0.2,0,2026-04-08T03:20:08.114889+00:00
106187,GUINEAINS,2019-09-20,0.2,,,0.2,0,2026-04-08T03:20:10.721894+00:00
106290,GUINEAINS,2019-09-23,0.2,,,0.2,0,2026-04-08T03:20:15.267012+00:00
106393,GUINEAINS,2019-09-24,0.2,,,0.2,0,2026-04-08T03:20:17.630341+00:00
106496,GUINEAINS,2019-09-25,0.2,,,0.2,0,2026-04-08T03:20:20.165626+00:00
106599,GUINEAINS,2019-09-26,0.2,,,0.2,500,2026-04-08T03:20:22.92566+00:00
106702,GUINEAINS,2019-09-27,0.2,,,0.2,0,2026-04-08T03:20:25.402499+00:00
106805,GUINEAINS,2019-09-30,0.2,,,0.2,0,2026-04-08T03:20:29.867546+00:00
106908,GUINEAINS,2019-10-02,0.2,,,0.2,0,2026-04-08T03:20:33.475481+00:00
107011,GUINEAINS,2019-10-03,0.2,,,0.2,0,2026-04-08T03:20:35.801047+00:00
107114,GUINEAINS,2019-10-04,0.2,,,0.2,0,2026-04-08T03:20:38.138638+00:00
107217,GUINEAINS,2019-10-07,0.2,,,0.2,0,2026-04-08T03:20:43.38987+00:00
107320,GUINEAINS,2019-10-08,0.2,,,0.2,0,2026-04-08T03:20:50.115577+00:00
107423,GUINEAINS,2019-10-09,0.2,,,0.2,1000,2026-04-08T03:20:53.067656+00:00
107526,GUINEAINS,2019-10-10,0.2,,,0.2,0,2026-04-08T03:20:55.682822+00:00
107629,GUINEAINS,2019-10-11,0.2,,,0.2,0,2026-04-08T03:20:58.30073+00:00
107732,GUINEAINS,2019-10-14,0.2,,,0.2,0,2026-04-08T03:21:03.536141+00:00
107835,GUINEAINS,2019-10-15,0.2,,,0.2,0,2026-04-08T03:21:06.159586+00:00
107938,GUINEAINS,2019-10-16,0.2,,,0.2,0,2026-04-08T03:21:08.538525+00:00
108041,GUINEAINS,2019-10-17,0.2,,,0.2,0,2026-04-08T03:21:11.125073+00:00
108144,GUINEAINS,2019-10-18,0.2,,,0.2,700,2026-04-08T03:21:14.04892+00:00
108247,GUINEAINS,2019-10-21,0.2,,,0.2,0,2026-04-08T03:21:18.357079+00:00
108350,GUINEAINS,2019-10-22,0.2,,,0.2,0,2026-04-08T03:21:20.5704+00:00
108453,GUINEAINS,2019-10-23,0.2,,,0.2,0,2026-04-08T03:21:22.84444+00:00
108556,GUINEAINS,2019-10-24,0.2,,,0.2,0,2026-04-08T03:21:25.228823+00:00
108659,GUINEAINS,2019-10-25,0.2,,,0.2,0,2026-04-08T03:21:27.539286+00:00
108762,GUINEAINS,2019-10-28,0.2,,,0.2,0,2026-04-08T03:21:32.161692+00:00
108865,GUINEAINS,2019-10-29,0.2,,,0.2,0,2026-04-08T03:21:34.477485+00:00
108968,GUINEAINS,2019-10-30,0.2,,,0.2,2800,2026-04-08T03:21:36.754268+00:00
109071,GUINEAINS,2019-10-31,0.2,,,0.2,0,2026-04-08T03:21:39.10919+00:00
109174,GUINEAINS,2019-11-01,0.2,,,0.2,1,2026-04-08T03:21:41.456138+00:00
109277,GUINEAINS,2019-11-04,0.2,,,0.2,1010,2026-04-08T03:21:45.945243+00:00
109380,GUINEAINS,2019-11-05,0.2,,,0.2,0,2026-04-08T03:21:48.37169+00:00
109483,GUINEAINS,2019-11-06,0.2,,,0.2,0,2026-04-08T03:21:50.755948+00:00
109586,GUINEAINS,2019-11-07,0.2,,,0.2,0,2026-04-08T03:21:53.200031+00:00
109689,GUINEAINS,2019-11-08,0.2,,,0.2,0,2026-04-08T03:21:55.63316+00:00
109792,GUINEAINS,2019-11-12,0.2,,,0.2,0,2026-04-08T03:22:01.520244+00:00
109895,GUINEAINS,2019-11-13,0.2,,,0.2,0,2026-04-08T03:22:04.169594+00:00
109998,GUINEAINS,2019-11-14,0.2,,,0.2,29,2026-04-08T03:22:06.510438+00:00
110101,GUINEAINS,2019-11-15,0.2,,,0.2,0,2026-04-08T03:22:08.972682+00:00
110203,GUINEAINS,2019-11-18,0.2,,,0.2,400,2026-04-08T03:22:13.551393+00:00
110305,GUINEAINS,2019-11-19,0.2,,,0.2,0,2026-04-08T03:22:15.801005+00:00
110407,GUINEAINS,2019-11-20,0.2,,,0.2,40000,2026-04-08T03:22:18.11241+00:00
110509,GUINEAINS,2019-11-21,0.2,,,0.2,0,2026-04-08T03:22:20.360812+00:00
110611,GUINEAINS,2019-11-22,0.2,,,0.2,101,2026-04-08T03:22:22.766306+00:00
110713,GUINEAINS,2019-11-25,0.2,,,0.2,8855900,2026-04-08T03:22:27.077445+00:00
110815,GUINEAINS,2019-11-26,0.2,,,0.2,1000,2026-04-08T03:22:29.415971+00:00
110917,GUINEAINS,2019-11-27,0.2,,,0.2,2000,2026-04-08T03:22:31.797244+00:00
111019,GUINEAINS,2019-11-28,0.2,,,0.2,0,2026-04-08T03:22:34.150197+00:00
111121,GUINEAINS,2019-11-29,0.2,,,0.2,0,2026-04-08T03:22:36.43862+00:00
111223,GUINEAINS,2019-12-02,0.2,,,0.2,0,2026-04-08T03:22:40.672716+00:00
111325,GUINEAINS,2019-12-03,0.2,,,0.2,1200,2026-04-08T03:22:42.857808+00:00
111427,GUINEAINS,2019-12-04,0.2,,,0.2,1000,2026-04-08T03:22:45.132537+00:00
111529,GUINEAINS,2019-12-05,0.2,,,0.2,0,2026-04-08T03:22:47.409461+00:00
111631,GUINEAINS,2019-12-06,0.2,,,0.2,0,2026-04-08T03:22:49.720566+00:00
111733,GUINEAINS,2019-12-10,0.2,,,0.2,0,2026-04-08T03:22:54.948045+00:00
111835,GUINEAINS,2019-12-11,0.2,,,0.2,0,2026-04-08T03:22:57.463594+00:00
111937,GUINEAINS,2019-12-12,0.2,,,0.2,15000,2026-04-08T03:22:59.677549+00:00
112039,GUINEAINS,2019-12-13,0.2,,,0.2,19000,2026-04-08T03:23:01.961124+00:00
112141,GUINEAINS,2019-12-16,0.2,,,0.2,0,2026-04-08T03:23:06.206185+00:00
112243,GUINEAINS,2019-12-17,0.2,,,0.2,0,2026-04-08T03:23:08.526507+00:00
112345,GUINEAINS,2019-12-18,0.2,,,0.2,0,2026-04-08T03:23:10.699016+00:00
112447,GUINEAINS,2019-12-19,0.2,,,0.2,0,2026-04-08T03:23:13.06361+00:00
112549,GUINEAINS,2019-12-20,0.2,,,0.2,100,2026-04-08T03:23:15.515212+00:00
112651,GUINEAINS,2019-12-23,0.2,,,0.2,0,2026-04-08T03:23:19.645113+00:00
112753,GUINEAINS,2019-12-24,0.2,,,0.2,0,2026-04-08T03:23:22.081747+00:00
112855,GUINEAINS,2019-12-27,0.2,,,0.2,0,2026-04-08T03:23:26.48241+00:00
112957,GUINEAINS,2019-12-31,0.2,,,0.2,0,2026-04-08T03:23:31.997666+00:00
113059,GUINEAINS,2020-01-02,0.2,,,0.2,0,2026-04-08T03:23:35.253628+00:00
113161,GUINEAINS,2020-01-03,0.2,,,0.2,691000,2026-04-08T03:23:37.484442+00:00
113263,GUINEAINS,2020-01-06,0.2,,,0.2,0,2026-04-08T03:23:41.810791+00:00
113365,GUINEAINS,2020-01-07,0.2,,,0.2,100,2026-04-08T03:23:44.238014+00:00
113467,GUINEAINS,2020-01-08,0.2,,,0.2,0,2026-04-08T03:23:46.428903+00:00
113569,GUINEAINS,2020-01-09,0.2,,,0.2,20000,2026-04-08T03:23:48.760691+00:00
113672,GUINEAINS,2020-01-10,0.2,,,0.2,0,2026-04-08T03:23:51.312987+00:00
113775,GUINEAINS,2020-01-13,0.2,,,0.2,0,2026-04-08T03:23:55.704331+00:00
113878,GUINEAINS,2020-01-14,0.2,,,0.2,28280,2026-04-08T03:23:58.044369+00:00
113981,GUINEAINS,2020-01-15,0.2,,,0.2,0,2026-04-08T03:24:00.340453+00:00
114084,GUINEAINS,2020-01-16,0.2,,,0.2,0,2026-04-08T03:24:02.775573+00:00
114187,GUINEAINS,2020-01-17,0.2,,,0.2,0,2026-04-08T03:24:05.107796+00:00
114290,GUINEAINS,2020-01-20,0.2,,,0.2,0,2026-04-08T03:24:09.637495+00:00
114393,GUINEAINS,2020-01-21,0.2,,,0.2,0,2026-04-08T03:24:12.081094+00:00
114496,GUINEAINS,2020-01-23,0.2,,,0.2,0,2026-04-08T03:24:15.397306+00:00
114599,GUINEAINS,2020-01-24,0.2,,,0.2,100000,2026-04-08T03:24:17.760742+00:00
114702,GUINEAINS,2020-01-27,0.2,,,0.2,100,2026-04-08T03:24:22.426106+00:00
114805,GUINEAINS,2020-01-28,0.2,,,0.2,0,2026-04-08T03:24:24.728321+00:00
114908,GUINEAINS,2020-01-29,0.2,,,0.2,0,2026-04-08T03:24:27.287495+00:00
115011,GUINEAINS,2020-01-30,0.2,,,0.2,0,2026-04-08T03:24:29.658352+00:00
115114,GUINEAINS,2020-01-31,0.2,,,0.2,0,2026-04-08T03:24:31.961868+00:00
115217,GUINEAINS,2020-02-03,0.2,,,0.2,0,2026-04-08T03:24:36.430808+00:00
115320,GUINEAINS,2020-02-04,0.2,,,0.2,0,2026-04-08T03:24:38.687124+00:00
115423,GUINEAINS,2020-02-05,0.2,,,0.2,0,2026-04-08T03:24:41.03998+00:00
115526,GUINEAINS,2020-02-06,0.2,,,0.2,0,2026-04-08T03:24:43.345135+00:00
115629,GUINEAINS,2020-02-07,0.2,,,0.2,0,2026-04-08T03:24:45.609576+00:00
115732,GUINEAINS,2020-02-10,0.2,,,0.2,0,2026-04-08T03:24:50.182603+00:00
115835,GUINEAINS,2020-02-11,0.2,,,0.2,0,2026-04-08T03:24:52.780016+00:00
115938,GUINEAINS,2020-02-12,0.2,,,0.2,0,2026-04-08T03:24:55.120152+00:00
116041,GUINEAINS,2020-02-13,0.2,,,0.2,0,2026-04-08T03:24:57.649025+00:00
116144,GUINEAINS,2020-02-14,0.2,,,0.2,0,2026-04-08T03:25:00.080254+00:00
116247,GUINEAINS,2020-02-17,0.2,,,0.2,0,2026-04-08T03:25:04.377856+00:00
116350,GUINEAINS,2020-02-18,0.2,,,0.2,30000,2026-04-08T03:25:06.773592+00:00
116453,GUINEAINS,2020-02-19,0.2,,,0.2,0,2026-04-08T03:25:09.231504+00:00
116556,GUINEAINS,2020-02-20,0.2,,,0.2,0,2026-04-08T03:25:11.501588+00:00
116659,GUINEAINS,2020-02-21,0.2,,,0.2,0,2026-04-08T03:25:13.948187+00:00
116762,GUINEAINS,2020-02-24,0.2,,,0.2,0,2026-04-08T03:25:18.415367+00:00
116865,GUINEAINS,2020-02-25,0.2,,,0.2,0,2026-04-08T03:25:20.711298+00:00
116968,GUINEAINS,2020-02-26,0.2,,,0.2,0,2026-04-08T03:25:23.465375+00:00
117071,GUINEAINS,2020-02-27,0.2,,,0.2,0,2026-04-08T03:25:26.011368+00:00
117174,GUINEAINS,2020-02-28,0.2,,,0.2,0,2026-04-08T03:25:28.472167+00:00
117277,GUINEAINS,2020-03-02,0.2,,,0.2,0,2026-04-08T03:25:32.979972+00:00
117380,GUINEAINS,2020-03-03,0.2,,,0.2,0,2026-04-08T03:25:35.324079+00:00
117483,GUINEAINS,2020-03-04,0.2,,,0.2,0,2026-04-08T03:25:37.587456+00:00
117586,GUINEAINS,2020-03-05,0.2,,,0.2,0,2026-04-08T03:25:39.825698+00:00
117689,GUINEAINS,2020-03-09,0.2,,,0.2,0,2026-04-08T03:25:45.227559+00:00
117792,GUINEAINS,2020-03-10,0.2,,,0.2,0,2026-04-08T03:25:47.644077+00:00
117895,GUINEAINS,2020-03-11,0.2,,,0.2,0,2026-04-08T03:25:49.940962+00:00
117998,GUINEAINS,2020-03-12,0.2,,,0.2,100,2026-04-08T03:25:52.243289+00:00
118101,GUINEAINS,2020-03-13,0.2,,,0.2,50000,2026-04-08T03:25:54.520183+00:00
118204,GUINEAINS,2020-03-16,0.2,,,0.2,0,2026-04-08T03:25:58.965391+00:00
118307,GUINEAINS,2020-03-17,0.2,,,0.2,0,2026-04-08T03:26:01.331984+00:00
118410,GUINEAINS,2020-03-18,0.2,,,0.2,0,2026-04-08T03:26:03.589989+00:00
118513,GUINEAINS,2020-03-19,0.2,,,0.2,200,2026-04-08T03:26:05.957067+00:00
118616,GUINEAINS,2020-03-20,0.2,,,0.2,0,2026-04-08T03:26:08.377452+00:00
118719,GUINEAINS,2020-03-23,0.2,,,0.2,0,2026-04-08T03:26:12.667002+00:00
118822,GUINEAINS,2020-03-24,0.2,,,0.2,0,2026-04-08T03:26:14.960057+00:00
118925,GUINEAINS,2020-03-25,0.2,,,0.2,700000,2026-04-08T03:26:17.224804+00:00
119028,GUINEAINS,2020-03-26,0.2,,,0.2,0,2026-04-08T03:26:19.64473+00:00
119131,GUINEAINS,2020-03-27,0.2,,,0.2,0,2026-04-08T03:26:21.968693+00:00
119234,GUINEAINS,2020-03-30,0.2,,,0.2,0,2026-04-08T03:26:26.43282+00:00
119337,GUINEAINS,2020-03-31,0.2,,,0.2,0,2026-04-08T03:26:28.926506+00:00
119440,GUINEAINS,2020-04-01,0.2,,,0.2,0,2026-04-08T03:26:31.173614+00:00
119543,GUINEAINS,2020-04-02,0.2,,,0.2,0,2026-04-08T03:26:33.480235+00:00
119646,GUINEAINS,2020-04-03,0.2,,,0.2,0,2026-04-08T03:26:35.777807+00:00
119749,GUINEAINS,2020-04-06,0.2,,,0.2,0,2026-04-08T03:26:40.135575+00:00
119852,GUINEAINS,2020-04-07,0.2,,,0.2,0,2026-04-08T03:26:42.376644+00:00
119955,GUINEAINS,2020-04-08,0.2,,,0.2,0,2026-04-08T03:26:44.690105+00:00
120058,GUINEAINS,2020-04-09,0.2,,,0.2,0,2026-04-08T03:26:47.020639+00:00
120161,GUINEAINS,2020-04-14,0.2,,,0.2,0,2026-04-08T03:26:53.304016+00:00
120264,GUINEAINS,2020-04-15,0.2,,,0.2,0,2026-04-08T03:26:55.643286+00:00
120367,GUINEAINS,2020-04-16,0.2,,,0.2,0,2026-04-08T03:26:58.005731+00:00
120470,GUINEAINS,2020-04-17,0.2,,,0.2,0,2026-04-08T03:27:00.196144+00:00
120573,GUINEAINS,2020-04-20,0.2,,,0.2,0,2026-04-08T03:27:04.902814+00:00
120676,GUINEAINS,2020-04-21,0.2,,,0.2,0,2026-04-08T03:27:07.124699+00:00
120779,GUINEAINS,2020-04-22,0.2,,,0.2,0,2026-04-08T03:27:09.50407+00:00
120882,GUINEAINS,2020-04-23,0.2,,,0.2,0,2026-04-08T03:27:11.732195+00:00
120985,GUINEAINS,2020-04-24,0.2,,,0.2,0,2026-04-08T03:27:14.133022+00:00
121088,GUINEAINS,2020-04-27,0.2,,,0.2,0,2026-04-08T03:27:18.376911+00:00
121191,GUINEAINS,2020-04-28,0.2,,,0.2,0,2026-04-08T03:27:20.70836+00:00
121294,GUINEAINS,2020-04-29,0.2,,,0.2,0,2026-04-08T03:27:23.099969+00:00
121397,GUINEAINS,2020-04-30,0.2,,,0.2,0,2026-04-08T03:27:25.479794+00:00
121500,GUINEAINS,2020-05-04,0.2,,,0.2,0,2026-04-08T03:27:30.67652+00:00
121603,GUINEAINS,2020-05-05,0.2,,,0.2,0,2026-04-08T03:27:32.997372+00:00
121706,GUINEAINS,2020-05-06,0.2,,,0.2,20,2026-04-08T03:27:35.368243+00:00
121809,GUINEAINS,2020-05-07,0.2,,,0.2,0,2026-04-08T03:27:37.70358+00:00
121912,GUINEAINS,2020-05-08,0.2,,,0.2,0,2026-04-08T03:27:39.945267+00:00
122015,GUINEAINS,2020-05-11,0.2,,,0.2,0,2026-04-08T03:27:44.543581+00:00
122118,GUINEAINS,2020-05-12,0.2,,,0.2,0,2026-04-08T03:27:46.988848+00:00
122221,GUINEAINS,2020-05-13,0.2,,,0.2,0,2026-04-08T03:27:49.292243+00:00
122324,GUINEAINS,2020-05-14,0.2,,,0.2,0,2026-04-08T03:27:51.592074+00:00
122427,GUINEAINS,2020-05-19,0.2,,,0.2,0,2026-04-08T03:27:58.031425+00:00
122530,GUINEAINS,2020-05-20,0.2,,,0.2,0,2026-04-08T03:28:00.412443+00:00
122633,GUINEAINS,2020-05-21,0.2,,,0.2,0,2026-04-08T03:28:02.829603+00:00
122736,GUINEAINS,2020-05-27,0.2,,,0.2,0,2026-04-08T03:28:10.17932+00:00
122839,GUINEAINS,2020-05-28,0.2,,,0.2,0,2026-04-08T03:28:12.484321+00:00
122942,GUINEAINS,2020-05-29,0.2,,,0.2,0,2026-04-08T03:28:14.796152+00:00
123045,GUINEAINS,2020-06-02,0.2,,,0.2,22,2026-04-08T03:28:20.224588+00:00
123148,GUINEAINS,2020-06-03,0.2,,,0.2,0,2026-04-08T03:28:22.45251+00:00
123251,GUINEAINS,2020-06-04,0.2,,,0.2,0,2026-04-08T03:28:24.742978+00:00
123354,GUINEAINS,2020-06-05,0.2,,,0.2,0,2026-04-08T03:28:26.997708+00:00
123457,GUINEAINS,2020-06-08,0.2,,,0.2,0,2026-04-08T03:28:31.360755+00:00
123560,GUINEAINS,2020-06-09,0.2,,,0.2,0,2026-04-08T03:28:33.545964+00:00
123663,GUINEAINS,2020-06-10,0.2,,,0.2,0,2026-04-08T03:28:35.856379+00:00
123766,GUINEAINS,2020-06-11,0.2,,,0.2,0,2026-04-08T03:28:38.052531+00:00
123869,GUINEAINS,2020-06-15,0.2,,,0.2,3000,2026-04-08T03:28:43.437023+00:00
123972,GUINEAINS,2020-06-16,0.2,,,0.2,6000,2026-04-08T03:28:45.961134+00:00
124075,GUINEAINS,2020-06-17,0.2,,,0.2,0,2026-04-08T03:28:48.324213+00:00
124178,GUINEAINS,2020-06-18,0.2,,,0.2,0,2026-04-08T03:28:50.696546+00:00
124281,GUINEAINS,2020-06-19,0.2,,,0.2,20000,2026-04-08T03:28:53.406809+00:00
124384,GUINEAINS,2020-06-22,0.2,,,0.2,0,2026-04-08T03:28:57.922359+00:00
124487,GUINEAINS,2020-06-23,0.2,,,0.2,0,2026-04-08T03:29:00.283028+00:00
124590,GUINEAINS,2020-06-24,0.2,,,0.2,0,2026-04-08T03:29:02.79982+00:00
124693,GUINEAINS,2020-06-25,0.2,,,0.2,4000,2026-04-08T03:29:05.076463+00:00
124796,GUINEAINS,2020-06-26,0.2,,,0.2,202,2026-04-08T03:29:07.48598+00:00
124899,GUINEAINS,2020-06-29,0.2,,,0.2,0,2026-04-08T03:29:11.968016+00:00
125002,GUINEAINS,2020-06-30,0.2,,,0.2,10907,2026-04-08T03:29:14.28255+00:00
125105,GUINEAINS,2020-07-01,0.2,,,0.2,0,2026-04-08T03:29:16.703757+00:00
125208,GUINEAINS,2020-07-02,0.2,,,0.2,97300,2026-04-08T03:29:19.127663+00:00
125311,GUINEAINS,2020-07-03,0.2,,,0.2,10,2026-04-08T03:29:21.544735+00:00
125414,GUINEAINS,2020-07-07,0.2,,,0.2,0,2026-04-08T03:29:27.331532+00:00
125517,GUINEAINS,2020-07-08,0.2,,,0.2,0,2026-04-08T03:29:29.768744+00:00
125620,GUINEAINS,2020-07-09,0.2,,,0.2,0,2026-04-08T03:29:32.143692+00:00
125723,GUINEAINS,2020-07-10,0.2,,,0.2,0,2026-04-08T03:29:34.521297+00:00
125826,GUINEAINS,2020-07-13,0.2,,,0.2,0,2026-04-08T03:29:39.007126+00:00
125929,GUINEAINS,2020-07-14,0.2,,,0.2,100000,2026-04-08T03:29:41.304989+00:00
126032,GUINEAINS,2020-07-15,0.2,,,0.2,0,2026-04-08T03:29:43.708156+00:00
126135,GUINEAINS,2020-07-16,0.2,,,0.2,0,2026-04-08T03:29:45.979708+00:00
126238,GUINEAINS,2020-07-17,0.2,,,0.2,0,2026-04-08T03:29:48.357101+00:00
126341,GUINEAINS,2020-07-20,0.2,,,0.2,0,2026-04-08T03:29:52.723074+00:00
126444,GUINEAINS,2020-07-21,0.2,,,0.2,0,2026-04-08T03:29:55.035926+00:00
126547,GUINEAINS,2020-07-23,0.2,,,0.2,0,2026-04-08T03:29:58.238067+00:00
126650,GUINEAINS,2020-07-24,0.2,,,0.2,0,2026-04-08T03:30:00.541513+00:00
126753,GUINEAINS,2020-07-27,0.2,,,0.2,0,2026-04-08T03:30:04.748878+00:00
126856,GUINEAINS,2020-07-28,0.2,,,0.2,1000,2026-04-08T03:30:07.286947+00:00
126959,GUINEAINS,2020-07-29,0.2,,,0.2,0,2026-04-08T03:30:09.725653+00:00
127062,GUINEAINS,2020-08-03,0.2,,,0.2,0,2026-04-08T03:30:16.711714+00:00
127165,GUINEAINS,2020-08-04,0.2,,,0.2,0,2026-04-08T03:30:19.026905+00:00
127268,GUINEAINS,2020-08-05,0.2,,,0.2,0,2026-04-08T03:30:21.509999+00:00
127371,GUINEAINS,2020-08-06,0.2,,,0.2,43600,2026-04-08T03:30:23.823287+00:00
127474,GUINEAINS,2020-08-07,0.2,,,0.2,0,2026-04-08T03:30:26.221973+00:00
127577,GUINEAINS,2020-08-10,0.2,,,0.2,7010,2026-04-08T03:30:31.080726+00:00
127680,GUINEAINS,2020-08-11,0.2,,,0.2,0,2026-04-08T03:30:33.557314+00:00
127783,GUINEAINS,2020-08-12,0.2,,,0.2,0,2026-04-08T03:30:35.989363+00:00
127886,GUINEAINS,2020-08-13,0.2,,,0.2,0,2026-04-08T03:30:38.402702+00:00
127989,GUINEAINS,2020-08-14,0.2,,,0.2,0,2026-04-08T03:30:40.738296+00:00
128092,GUINEAINS,2020-08-17,0.2,,,0.2,20,2026-04-08T03:30:45.179846+00:00
128195,GUINEAINS,2020-08-18,0.2,,,0.2,0,2026-04-08T03:30:47.750292+00:00
128298,GUINEAINS,2020-08-19,0.2,,,0.2,0,2026-04-08T03:30:50.260611+00:00
128401,GUINEAINS,2020-08-20,0.2,,,0.2,10,2026-04-08T03:30:52.728097+00:00
128504,GUINEAINS,2020-08-21,0.2,,,0.2,0,2026-04-08T03:30:55.129893+00:00
128607,GUINEAINS,2020-08-24,0.2,,,0.2,0,2026-04-08T03:30:59.50528+00:00
128710,GUINEAINS,2020-08-25,0.2,,,0.2,0,2026-04-08T03:31:01.97181+00:00
128813,GUINEAINS,2020-08-26,0.2,,,0.2,10,2026-04-08T03:31:04.340397+00:00
128916,GUINEAINS,2020-08-27,0.2,,,0.2,5000,2026-04-08T03:31:06.825032+00:00
129019,GUINEAINS,2020-08-28,0.2,,,0.2,0,2026-04-08T03:31:10.050623+00:00
129122,GUINEAINS,2020-08-31,0.2,,,0.2,0,2026-04-08T03:31:14.574397+00:00
129225,GUINEAINS,2020-09-01,0.2,,,0.2,0,2026-04-08T03:31:16.859057+00:00
129328,GUINEAINS,2020-09-02,0.2,,,0.2,1000,2026-04-08T03:31:19.223829+00:00
129431,GUINEAINS,2020-09-03,0.2,,,0.2,0,2026-04-08T03:31:21.580357+00:00
129534,GUINEAINS,2020-09-04,0.2,,,0.2,0,2026-04-08T03:31:24.095323+00:00
129637,GUINEAINS,2020-09-07,0.2,,,0.2,0,2026-04-08T03:31:29.028072+00:00
129740,GUINEAINS,2020-09-08,0.2,,,0.2,0,2026-04-08T03:31:31.696694+00:00
129843,GUINEAINS,2020-09-09,0.2,,,0.2,0,2026-04-08T03:31:34.222499+00:00
129946,GUINEAINS,2020-09-10,0.2,,,0.2,0,2026-04-08T03:31:36.666154+00:00
130049,GUINEAINS,2020-09-11,0.2,,,0.2,0,2026-04-08T03:31:39.224755+00:00
130152,GUINEAINS,2020-09-14,0.2,,,0.2,0,2026-04-08T03:31:43.669625+00:00
130255,GUINEAINS,2020-09-15,0.2,,,0.2,160,2026-04-08T03:31:46.096824+00:00
130358,GUINEAINS,2020-09-16,0.2,,,0.2,6000,2026-04-08T03:31:48.62473+00:00
130461,GUINEAINS,2020-09-17,0.2,,,0.2,5300,2026-04-08T03:31:51.120615+00:00
130564,GUINEAINS,2020-09-18,0.2,,,0.2,0,2026-04-08T03:31:53.500222+00:00
130667,GUINEAINS,2020-09-21,0.2,,,0.2,0,2026-04-08T03:31:57.915353+00:00
130770,GUINEAINS,2020-09-22,0.2,,,0.2,0,2026-04-08T03:32:00.361616+00:00
130873,GUINEAINS,2020-09-23,0.2,,,0.2,0,2026-04-08T03:32:02.667296+00:00
130976,GUINEAINS,2020-09-24,0.2,,,0.2,0,2026-04-08T03:32:05.077899+00:00
131079,GUINEAINS,2020-09-25,0.2,,,0.2,0,2026-04-08T03:32:07.472813+00:00
131182,GUINEAINS,2020-09-28,0.2,,,0.2,0,2026-04-08T03:32:12.542607+00:00
131285,GUINEAINS,2020-09-29,0.2,,,0.2,0,2026-04-08T03:32:14.948969+00:00
131388,GUINEAINS,2020-09-30,0.2,,,0.2,0,2026-04-08T03:32:17.368144+00:00
131491,GUINEAINS,2020-10-02,0.2,,,0.2,435000,2026-04-08T03:32:21.009688+00:00
131594,GUINEAINS,2020-10-05,0.2,,,0.2,0,2026-04-08T03:32:25.669514+00:00
131697,GUINEAINS,2020-10-06,0.2,,,0.2,0,2026-04-08T03:32:28.151061+00:00
131800,GUINEAINS,2020-10-07,0.2,,,0.2,0,2026-04-08T03:32:30.62441+00:00
131903,GUINEAINS,2020-10-08,0.2,,,0.2,0,2026-04-08T03:32:32.995223+00:00
132006,GUINEAINS,2020-10-09,0.2,,,0.2,0,2026-04-08T03:32:35.453646+00:00
132109,GUINEAINS,2020-10-12,0.2,,,0.2,0,2026-04-08T03:32:39.836845+00:00
132212,GUINEAINS,2020-10-13,0.2,,,0.2,0,2026-04-08T03:32:42.883097+00:00
132315,GUINEAINS,2020-10-14,0.2,,,0.2,0,2026-04-08T03:32:45.313484+00:00
132418,GUINEAINS,2020-10-15,0.2,,,0.2,0,2026-04-08T03:32:47.672181+00:00
132521,GUINEAINS,2020-10-16,0.2,,,0.2,0,2026-04-08T03:32:50.112843+00:00
132624,GUINEAINS,2020-10-19,0.2,,,0.2,500,2026-04-08T03:32:54.594352+00:00
132727,GUINEAINS,2020-10-20,0.2,,,0.2,0,2026-04-08T03:32:57.288568+00:00
132830,GUINEAINS,2020-10-21,0.2,,,0.2,0,2026-04-08T03:32:59.679627+00:00
132933,GUINEAINS,2020-10-22,0.2,,,0.2,0,2026-04-08T03:33:02.194874+00:00
133037,GUINEAINS,2020-10-23,0.2,,,0.2,0,2026-04-08T03:33:04.540232+00:00
133140,GUINEAINS,2020-10-26,0.2,,,0.2,0,2026-04-08T03:33:08.964122+00:00
133243,GUINEAINS,2020-10-27,0.2,,,0.2,0,2026-04-08T03:33:12.04516+00:00
133346,GUINEAINS,2020-10-28,0.2,,,0.2,0,2026-04-08T03:33:14.504918+00:00
133449,GUINEAINS,2020-10-30,0.2,,,0.2,0,2026-04-08T03:33:18.13889+00:00
133552,GUINEAINS,2020-11-02,0.2,,,0.2,4000,2026-04-08T03:33:22.589733+00:00
133655,GUINEAINS,2020-11-03,0.2,,,0.2,0,2026-04-08T03:33:24.936567+00:00
133758,GUINEAINS,2020-11-04,0.2,,,0.2,0,2026-04-08T03:33:27.402012+00:00
133861,GUINEAINS,2020-11-05,0.2,,,0.2,400,2026-04-08T03:33:29.791139+00:00
133964,GUINEAINS,2020-11-06,0.2,,,0.2,0,2026-04-08T03:33:32.190465+00:00
134067,GUINEAINS,2020-11-09,0.2,,,0.2,0,2026-04-08T03:33:36.944942+00:00
134171,GUINEAINS,2020-11-10,0.2,,,0.2,0,2026-04-08T03:33:39.328014+00:00
134275,GUINEAINS,2020-11-11,0.2,,,0.2,500,2026-04-08T03:33:41.646704+00:00
134379,GUINEAINS,2020-11-12,0.2,,,0.2,0,2026-04-08T03:33:44.075825+00:00
134483,GUINEAINS,2020-11-13,0.2,,,0.2,0,2026-04-08T03:33:46.660663+00:00
134587,GUINEAINS,2020-11-16,0.2,,,0.2,0,2026-04-08T03:33:51.206328+00:00
134691,GUINEAINS,2020-11-17,0.2,,,0.2,0,2026-04-08T03:33:53.594986+00:00
134795,GUINEAINS,2020-11-18,0.2,,,0.2,0,2026-04-08T03:33:56.053488+00:00
134899,GUINEAINS,2020-11-19,0.2,,,0.2,0,2026-04-08T03:33:58.535588+00:00
135003,GUINEAINS,2020-11-20,0.2,,,0.2,0,2026-04-08T03:34:01.033528+00:00
135107,GUINEAINS,2020-11-23,0.2,,,0.2,1300,2026-04-08T03:34:05.446005+00:00
135211,GUINEAINS,2020-11-24,0.2,,,0.2,0,2026-04-08T03:34:07.827748+00:00
135315,GUINEAINS,2020-11-25,0.2,,,0.2,0,2026-04-08T03:34:10.273596+00:00
135419,GUINEAINS,2020-11-26,0.2,,,0.2,0,2026-04-08T03:34:12.878043+00:00
135523,GUINEAINS,2020-11-27,0.2,,,0.2,0,2026-04-08T03:34:15.660625+00:00
135627,GUINEAINS,2020-11-30,0.2,,,0.2,0,2026-04-08T03:34:20.595268+00:00
135731,GUINEAINS,2020-12-01,0.2,,,0.2,0,2026-04-08T03:34:22.915781+00:00
135834,GUINEAINS,2020-12-02,0.2,,,0.2,0,2026-04-08T03:34:25.200893+00:00
135936,GUINEAINS,2020-12-03,0.2,,,0.2,0,2026-04-08T03:34:27.500503+00:00
136038,GUINEAINS,2020-12-04,0.2,,,0.2,0,2026-04-08T03:34:29.754666+00:00
136142,GUINEAINS,2020-12-07,0.2,,,0.2,0,2026-04-08T03:34:34.092506+00:00
136246,GUINEAINS,2020-12-08,0.2,,,0.2,0,2026-04-08T03:34:36.413898+00:00
136350,GUINEAINS,2020-12-09,0.2,,,0.2,0,2026-04-08T03:34:38.741358+00:00
136454,GUINEAINS,2020-12-10,0.2,,,0.2,0,2026-04-08T03:34:41.210459+00:00
136558,GUINEAINS,2020-12-11,0.2,,,0.2,0,2026-04-08T03:34:43.516271+00:00
136662,GUINEAINS,2020-12-14,0.2,,,0.2,0,2026-04-08T03:34:47.752987+00:00
136767,GUINEAINS,2020-12-15,0.2,,,0.2,0,2026-04-08T03:34:50.014046+00:00
136872,GUINEAINS,2020-12-16,0.2,,,0.2,0,2026-04-08T03:34:52.260784+00:00
136977,GUINEAINS,2020-12-17,0.2,,,0.2,0,2026-04-08T03:34:54.700208+00:00
137082,GUINEAINS,2020-12-18,0.2,,,0.2,0,2026-04-08T03:34:57.404383+00:00
137187,GUINEAINS,2020-12-21,0.2,,,0.2,200,2026-04-08T03:35:01.74156+00:00
137292,GUINEAINS,2020-12-22,0.2,,,0.2,2500,2026-04-08T03:35:04.087051+00:00
137397,GUINEAINS,2020-12-23,0.2,,,0.2,0,2026-04-08T03:35:06.465463+00:00
137502,GUINEAINS,2020-12-24,0.2,,,0.2,0,2026-04-08T03:35:08.859517+00:00
137607,GUINEAINS,2020-12-29,0.2,,,0.2,0,2026-04-08T03:35:15.710612+00:00
137712,GUINEAINS,2020-12-30,0.2,,,0.2,0,2026-04-08T03:35:18.332825+00:00
137817,GUINEAINS,2020-12-31,0.2,,,0.2,0,2026-04-08T03:35:20.721524+00:00
137922,GUINEAINS,2021-01-04,0.2,,,0.2,0,2026-04-08T03:35:26.376094+00:00
138027,GUINEAINS,2021-01-05,0.2,,,0.2,0,2026-04-08T03:35:29.033034+00:00
138132,GUINEAINS,2021-01-06,0.2,,,0.2,2000,2026-04-08T03:35:31.424152+00:00
138237,GUINEAINS,2021-01-07,0.2,,,0.2,0,2026-04-08T03:35:34.042283+00:00
138342,GUINEAINS,2021-01-08,0.2,,,0.2,0,2026-04-08T03:35:36.489888+00:00
138447,GUINEAINS,2021-01-11,0.2,,,0.2,0,2026-04-08T03:35:41.134484+00:00
138552,GUINEAINS,2021-01-12,0.2,,,0.2,0,2026-04-08T03:35:43.444525+00:00
138657,GUINEAINS,2021-01-13,0.2,,,0.2,0,2026-04-08T03:35:45.752573+00:00
138762,GUINEAINS,2021-01-14,0.2,,,0.2,10300,2026-04-08T03:35:48.266873+00:00
138867,GUINEAINS,2021-01-15,0.2,,,0.2,0,2026-04-08T03:35:50.536305+00:00
138972,GUINEAINS,2021-01-18,0.2,,,0.2,6442086,2026-04-08T03:35:55.012207+00:00
139077,GUINEAINS,2021-01-19,0.22,,,0.22,1280250,2026-04-08T03:35:57.346792+00:00
139182,GUINEAINS,2021-01-20,0.24,,,0.24,7210626,2026-04-08T03:35:59.785195+00:00
139287,GUINEAINS,2021-01-21,0.22,,,0.22,20984998,2026-04-08T03:36:02.057398+00:00
139392,GUINEAINS,2021-01-22,0.21,,,0.21,569022,2026-04-08T03:36:04.490813+00:00
139497,GUINEAINS,2021-01-25,0.2,,,0.2,263500,2026-04-08T03:36:09.142175+00:00
139602,GUINEAINS,2021-01-26,0.2,,,0.2,60500,2026-04-08T03:36:11.477526+00:00
139707,GUINEAINS,2021-01-27,0.22,,,0.22,678586,2026-04-08T03:36:13.916788+00:00
139812,GUINEAINS,2021-01-28,0.2,,,0.2,688683,2026-04-08T03:36:16.269205+00:00
139917,GUINEAINS,2021-01-29,0.22,,,0.22,1009296,2026-04-08T03:36:18.603253+00:00
140022,GUINEAINS,2021-02-01,0.2,,,0.2,838180,2026-04-08T03:36:23.094546+00:00
140127,GUINEAINS,2021-02-02,0.2,,,0.2,2292860,2026-04-08T03:36:25.523135+00:00
140232,GUINEAINS,2021-02-03,0.2,,,0.2,1135820,2026-04-08T03:36:27.835035+00:00
140337,GUINEAINS,2021-02-04,0.22,,,0.22,1100000,2026-04-08T03:36:30.225924+00:00
140442,GUINEAINS,2021-02-05,0.2,,,0.2,872670,2026-04-08T03:36:32.587221+00:00
140547,GUINEAINS,2021-02-08,0.2,,,0.2,1012279,2026-04-08T03:36:37.052653+00:00
140652,GUINEAINS,2021-02-09,0.2,,,0.2,0,2026-04-08T03:36:39.468141+00:00
140757,GUINEAINS,2021-02-10,0.2,,,0.2,2845097,2026-04-08T03:36:41.836322+00:00
140862,GUINEAINS,2021-02-11,0.2,,,0.2,0,2026-04-08T03:36:44.255641+00:00
140967,GUINEAINS,2021-02-12,0.2,,,0.2,19968,2026-04-08T03:36:46.553737+00:00
141072,GUINEAINS,2021-02-15,0.2,,,0.2,447350,2026-04-08T03:36:50.983127+00:00
141177,GUINEAINS,2021-02-16,0.2,,,0.2,1564434,2026-04-08T03:36:53.929967+00:00
141282,GUINEAINS,2021-02-17,0.2,,,0.2,828866,2026-04-08T03:36:56.762484+00:00
141387,GUINEAINS,2021-02-18,0.2,,,0.2,0,2026-04-08T03:36:59.321693+00:00
141492,GUINEAINS,2021-02-19,0.2,,,0.2,0,2026-04-08T03:37:01.817881+00:00
141597,GUINEAINS,2021-02-22,0.2,,,0.2,0,2026-04-08T03:37:06.27808+00:00
141702,GUINEAINS,2021-02-23,0.2,,,0.2,700026,2026-04-08T03:37:08.890934+00:00
141807,GUINEAINS,2021-02-24,0.2,,,0.2,0,2026-04-08T03:37:11.490979+00:00
141912,GUINEAINS,2021-02-25,0.2,,,0.2,0,2026-04-08T03:37:14.190372+00:00
142017,GUINEAINS,2021-02-26,0.2,,,0.2,0,2026-04-08T03:37:16.661186+00:00
142122,GUINEAINS,2021-03-01,0.2,,,0.2,0,2026-04-08T03:37:22.522205+00:00
142227,GUINEAINS,2021-03-02,0.2,,,0.2,12500,2026-04-08T03:37:25.400973+00:00
142332,GUINEAINS,2021-03-03,0.2,,,0.2,235000,2026-04-08T03:37:28.29584+00:00
142437,GUINEAINS,2021-03-04,0.2,,,0.2,0,2026-04-08T03:37:30.865183+00:00
142542,GUINEAINS,2021-03-05,0.2,,,0.2,0,2026-04-08T03:37:35.032922+00:00
142647,GUINEAINS,2021-03-08,0.2,,,0.2,20184739,2026-04-08T03:37:40.957406+00:00
142752,GUINEAINS,2021-03-09,0.2,,,0.2,0,2026-04-08T03:37:43.478318+00:00
142857,GUINEAINS,2021-03-10,0.2,,,0.2,200000,2026-04-08T03:37:46.075681+00:00
142962,GUINEAINS,2021-03-11,0.2,,,0.2,0,2026-04-08T03:37:49.142973+00:00
143067,GUINEAINS,2021-03-12,0.2,,,0.2,0,2026-04-08T03:37:51.827027+00:00
143172,GUINEAINS,2021-03-15,0.2,,,0.2,0,2026-04-08T03:37:56.632273+00:00
143277,GUINEAINS,2021-03-16,0.2,,,0.2,0,2026-04-08T03:37:59.157483+00:00
143382,GUINEAINS,2021-03-17,0.2,,,0.2,0,2026-04-08T03:38:01.497417+00:00
143487,GUINEAINS,2021-03-18,0.2,,,0.2,0,2026-04-08T03:38:03.831621+00:00
143592,GUINEAINS,2021-03-19,0.2,,,0.2,0,2026-04-08T03:38:06.31825+00:00
143697,GUINEAINS,2021-03-22,0.2,,,0.2,0,2026-04-08T03:38:11.081229+00:00
143802,GUINEAINS,2021-03-23,0.2,,,0.2,0,2026-04-08T03:38:13.396015+00:00
143907,GUINEAINS,2021-03-24,0.2,,,0.2,0,2026-04-08T03:38:15.81449+00:00
144012,GUINEAINS,2021-03-25,0.2,,,0.2,0,2026-04-08T03:38:18.283134+00:00
144117,GUINEAINS,2021-03-26,0.2,,,0.2,0,2026-04-08T03:38:20.746814+00:00
144222,GUINEAINS,2021-03-29,0.2,,,0.2,0,2026-04-08T03:38:25.159246+00:00
144327,GUINEAINS,2021-03-30,0.2,,,0.2,100000,2026-04-08T03:38:27.475529+00:00
144432,GUINEAINS,2021-03-31,0.2,,,0.2,200,2026-04-08T03:38:29.710175+00:00
144537,GUINEAINS,2021-04-01,0.2,,,0.2,0,2026-04-08T03:38:32.086622+00:00
144642,GUINEAINS,2021-04-06,0.2,,,0.2,500,2026-04-08T03:38:38.336109+00:00
144747,GUINEAINS,2021-04-07,0.2,,,0.2,40000,2026-04-08T03:38:40.597593+00:00
144852,GUINEAINS,2021-04-08,0.2,,,0.2,0,2026-04-08T03:38:43.050318+00:00
144957,GUINEAINS,2021-04-09,0.2,,,0.2,0,2026-04-08T03:38:45.381101+00:00
145062,GUINEAINS,2021-04-12,0.2,,,0.2,0,2026-04-08T03:38:49.634064+00:00
145167,GUINEAINS,2021-04-14,0.2,,,0.2,0,2026-04-08T03:38:53.291299+00:00
145272,GUINEAINS,2021-04-15,0.2,,,0.2,0,2026-04-08T03:38:55.647647+00:00
145377,GUINEAINS,2021-04-16,0.2,,,0.2,0,2026-04-08T03:38:58.039758+00:00
145482,GUINEAINS,2021-04-19,0.2,,,0.2,0,2026-04-08T03:39:02.639407+00:00
145587,GUINEAINS,2021-04-20,0.2,,,0.2,0,2026-04-08T03:39:05.009889+00:00
145692,GUINEAINS,2021-04-21,0.2,,,0.2,200000,2026-04-08T03:39:07.371999+00:00
145797,GUINEAINS,2021-04-22,0.2,,,0.2,0,2026-04-08T03:39:09.720023+00:00
145902,GUINEAINS,2021-04-26,0.2,,,0.2,0,2026-04-08T03:39:15.36746+00:00
146007,GUINEAINS,2021-04-27,0.2,,,0.2,0,2026-04-08T03:39:17.695414+00:00
146112,GUINEAINS,2021-04-28,0.2,,,0.2,831963,2026-04-08T03:39:20.620007+00:00
146217,GUINEAINS,2021-04-29,0.2,,,0.2,0,2026-04-08T03:39:22.905871+00:00
146322,GUINEAINS,2021-04-30,0.2,,,0.2,80000,2026-04-08T03:39:25.430976+00:00
146427,GUINEAINS,2021-05-04,0.2,,,0.2,0,2026-04-08T03:39:31.322792+00:00
146532,GUINEAINS,2021-05-05,0.2,,,0.2,0,2026-04-08T03:39:33.759587+00:00
146637,GUINEAINS,2021-05-06,0.2,,,0.2,0,2026-04-08T03:39:36.246061+00:00
146742,GUINEAINS,2021-05-07,0.2,,,0.2,0,2026-04-08T03:39:38.47254+00:00
146847,GUINEAINS,2021-05-10,0.2,,,0.2,0,2026-04-08T03:39:42.886326+00:00
146952,GUINEAINS,2021-05-11,0.2,,,0.2,0,2026-04-08T03:39:45.288668+00:00
147057,GUINEAINS,2021-05-14,0.2,,,0.2,0,2026-04-08T03:39:49.859206+00:00
147162,GUINEAINS,2021-05-17,0.2,,,0.2,0,2026-04-08T03:39:54.343913+00:00
147267,GUINEAINS,2021-05-18,0.2,,,0.2,712855,2026-04-08T03:39:57.092526+00:00
147372,GUINEAINS,2021-05-19,0.2,,,0.2,0,2026-04-08T03:39:59.433321+00:00
147477,GUINEAINS,2021-05-20,0.2,,,0.2,0,2026-04-08T03:40:01.906518+00:00
147582,GUINEAINS,2021-05-21,0.2,,,0.2,0,2026-04-08T03:40:04.221824+00:00
147687,GUINEAINS,2021-05-24,0.2,,,0.2,128280,2026-04-08T03:40:08.535937+00:00
147792,GUINEAINS,2021-05-25,0.2,,,0.2,0,2026-04-08T03:40:10.790359+00:00
147897,GUINEAINS,2021-05-26,0.2,,,0.2,0,2026-04-08T03:40:13.088105+00:00
148002,GUINEAINS,2021-05-27,0.2,,,0.2,0,2026-04-08T03:40:15.774564+00:00
148107,GUINEAINS,2021-05-28,0.2,,,0.2,0,2026-04-08T03:40:18.222614+00:00
148212,GUINEAINS,2021-05-31,0.2,,,0.2,0,2026-04-08T03:40:23.651574+00:00
148317,GUINEAINS,2021-06-01,0.2,,,0.2,0,2026-04-08T03:40:26.050454+00:00
148422,GUINEAINS,2021-06-02,0.2,,,0.2,0,2026-04-08T03:40:28.576306+00:00
148527,GUINEAINS,2021-06-03,0.2,,,0.2,0,2026-04-08T03:40:31.001459+00:00
148632,GUINEAINS,2021-06-04,0.2,,,0.2,0,2026-04-08T03:40:33.442796+00:00
148737,GUINEAINS,2021-06-07,0.2,,,0.2,2000,2026-04-08T03:40:37.732645+00:00
148842,GUINEAINS,2021-06-08,0.2,,,0.2,20,2026-04-08T03:40:40.102423+00:00
148947,GUINEAINS,2021-06-09,0.2,,,0.2,10000,2026-04-08T03:40:42.486352+00:00
149052,GUINEAINS,2021-06-10,0.2,,,0.2,0,2026-04-08T03:40:45.029393+00:00
149157,GUINEAINS,2021-06-11,0.2,,,0.2,0,2026-04-08T03:40:47.465669+00:00
149262,GUINEAINS,2021-06-15,0.2,,,0.2,150,2026-04-08T03:40:53.415974+00:00
149367,GUINEAINS,2021-06-16,0.2,,,0.2,0,2026-04-08T03:40:55.754681+00:00
149473,GUINEAINS,2021-06-17,0.2,,,0.2,0,2026-04-08T03:40:58.172345+00:00
149579,GUINEAINS,2021-06-18,0.2,,,0.2,0,2026-04-08T03:41:00.479054+00:00
149685,GUINEAINS,2021-06-21,0.2,,,0.2,0,2026-04-08T03:41:05.049703+00:00
149792,GUINEAINS,2021-06-22,0.2,,,0.2,0,2026-04-08T03:41:07.444448+00:00
149899,GUINEAINS,2021-06-23,0.2,,,0.2,0,2026-04-08T03:41:09.819069+00:00
150006,GUINEAINS,2021-06-24,0.2,,,0.2,1000,2026-04-08T03:41:12.2583+00:00
150113,GUINEAINS,2021-06-25,0.2,,,0.2,0,2026-04-08T03:41:14.6351+00:00
150220,GUINEAINS,2021-06-28,0.2,,,0.2,0,2026-04-08T03:41:19.428749+00:00
150327,GUINEAINS,2021-06-29,0.2,,,0.2,2220,2026-04-08T03:41:22.147646+00:00
150434,GUINEAINS,2021-06-30,0.2,,,0.2,0,2026-04-08T03:41:24.723581+00:00
150541,GUINEAINS,2021-07-01,0.2,,,0.2,35,2026-04-08T03:41:27.253573+00:00
150648,GUINEAINS,2021-07-02,0.2,,,0.2,1250000,2026-04-08T03:41:29.882533+00:00
150755,GUINEAINS,2021-07-05,0.2,,,0.2,100,2026-04-08T03:41:34.454391+00:00
150862,GUINEAINS,2021-07-06,0.2,,,0.2,1015,2026-04-08T03:41:36.982623+00:00
150969,GUINEAINS,2021-07-07,0.2,,,0.2,600000,2026-04-08T03:41:39.307643+00:00
151076,GUINEAINS,2021-07-08,0.2,,,0.2,0,2026-04-08T03:41:41.672436+00:00
151184,GUINEAINS,2021-07-09,0.2,,,0.2,0,2026-04-08T03:41:44.186247+00:00
151292,GUINEAINS,2021-07-12,0.2,,,0.2,0,2026-04-08T03:41:48.615121+00:00
151400,GUINEAINS,2021-07-13,0.2,,,0.2,500230,2026-04-08T03:41:50.993586+00:00
151508,GUINEAINS,2021-07-14,0.2,,,0.2,140,2026-04-08T03:41:53.268+00:00
151616,GUINEAINS,2021-07-15,0.2,,,0.2,2867,2026-04-08T03:41:55.50175+00:00
151724,GUINEAINS,2021-07-16,0.2,,,0.2,1261104,2026-04-08T03:41:57.978751+00:00
151832,GUINEAINS,2021-07-19,0.2,,,0.2,5450,2026-04-08T03:42:02.439681+00:00
151940,GUINEAINS,2021-07-22,0.2,,,0.2,1204519,2026-04-08T03:42:06.938387+00:00
152048,GUINEAINS,2021-07-23,0.2,,,0.2,0,2026-04-08T03:42:09.224536+00:00
152156,GUINEAINS,2021-07-26,0.2,,,0.2,0,2026-04-08T03:42:13.888963+00:00
152264,GUINEAINS,2021-07-27,0.2,,,0.2,0,2026-04-08T03:42:16.300026+00:00
152372,GUINEAINS,2021-07-28,0.2,,,0.2,0,2026-04-08T03:42:18.733972+00:00
152480,GUINEAINS,2021-07-29,0.2,,,0.2,0,2026-04-08T03:42:21.196071+00:00
152588,GUINEAINS,2021-07-30,0.2,,,0.2,22000,2026-04-08T03:42:23.780537+00:00
152696,GUINEAINS,2021-08-02,0.2,,,0.2,0,2026-04-08T03:42:28.457705+00:00
152804,GUINEAINS,2021-08-03,0.2,,,0.2,0,2026-04-08T03:42:31.094462+00:00
152912,GUINEAINS,2021-08-04,0.2,,,0.2,0,2026-04-08T03:42:33.531563+00:00
153020,GUINEAINS,2021-08-05,0.2,,,0.2,15000,2026-04-08T03:42:35.917081+00:00
153128,GUINEAINS,2021-08-06,0.2,,,0.2,0,2026-04-08T03:42:38.23616+00:00
153236,GUINEAINS,2021-08-09,0.2,,,0.2,0,2026-04-08T03:42:42.878342+00:00
153344,GUINEAINS,2021-08-10,0.2,,,0.2,73400,2026-04-08T03:42:45.264053+00:00
153452,GUINEAINS,2021-08-12,0.2,,,0.2,0,2026-04-08T03:42:48.762656+00:00
153560,GUINEAINS,2021-08-13,0.2,,,0.2,3000,2026-04-08T03:42:51.120096+00:00
153668,GUINEAINS,2021-08-16,0.2,,,0.2,1000,2026-04-08T03:42:55.556429+00:00
153776,GUINEAINS,2021-08-17,0.2,,,0.2,0,2026-04-08T03:42:57.870214+00:00
153884,GUINEAINS,2021-08-18,0.2,,,0.2,0,2026-04-08T03:43:00.318272+00:00
153992,GUINEAINS,2021-08-19,0.2,,,0.2,47300,2026-04-08T03:43:02.743698+00:00
154100,GUINEAINS,2021-08-20,0.2,,,0.2,2500,2026-04-08T03:43:05.111187+00:00
154208,GUINEAINS,2021-08-23,0.2,,,0.2,21000,2026-04-08T03:43:09.725908+00:00
154316,GUINEAINS,2021-08-24,0.2,,,0.2,72000,2026-04-08T03:43:12.031989+00:00
154424,GUINEAINS,2021-08-25,0.2,,,0.2,36500,2026-04-08T03:43:14.375004+00:00
154532,GUINEAINS,2021-08-26,0.2,,,0.2,1945,2026-04-08T03:43:16.860503+00:00
154640,GUINEAINS,2021-08-27,0.2,,,0.2,25000,2026-04-08T03:43:19.247601+00:00
154748,GUINEAINS,2021-08-30,0.2,,,0.2,100000,2026-04-08T03:43:23.756871+00:00
154856,GUINEAINS,2021-08-31,0.2,,,0.2,5000,2026-04-08T03:43:26.203018+00:00
154964,GUINEAINS,2021-09-01,0.2,,,0.2,5200,2026-04-08T03:43:28.430514+00:00
155072,GUINEAINS,2021-09-02,0.2,,,0.2,0,2026-04-08T03:43:30.63423+00:00
155180,GUINEAINS,2021-09-03,0.2,,,0.2,4500,2026-04-08T03:43:33.173741+00:00
155288,GUINEAINS,2021-09-06,0.2,,,0.2,0,2026-04-08T03:43:37.566628+00:00
155396,GUINEAINS,2021-09-07,0.2,,,0.2,500,2026-04-08T03:43:39.870652+00:00
155504,GUINEAINS,2021-09-08,0.2,,,0.2,0,2026-04-08T03:43:42.125577+00:00
155612,GUINEAINS,2021-09-09,0.2,,,0.2,650,2026-04-08T03:43:44.739177+00:00
155720,GUINEAINS,2021-09-10,0.2,,,0.2,5000,2026-04-08T03:43:47.339386+00:00
155828,GUINEAINS,2021-09-13,0.2,,,0.2,100,2026-04-08T03:43:51.822078+00:00
155936,GUINEAINS,2021-09-14,0.2,,,0.2,0,2026-04-08T03:43:54.260371+00:00
156044,GUINEAINS,2021-09-15,0.2,,,0.2,80000,2026-04-08T03:43:56.896801+00:00
156152,GUINEAINS,2021-09-16,0.2,,,0.2,0,2026-04-08T03:43:59.227477+00:00
156260,GUINEAINS,2021-09-20,0.2,,,0.2,200,2026-04-08T03:44:04.993721+00:00
156368,GUINEAINS,2021-09-21,0.2,,,0.2,0,2026-04-08T03:44:07.727357+00:00
156476,GUINEAINS,2021-09-22,0.2,,,0.2,0,2026-04-08T03:44:10.239254+00:00
156584,GUINEAINS,2021-09-23,0.2,,,0.2,0,2026-04-08T03:44:12.661605+00:00
156692,GUINEAINS,2021-09-24,0.2,,,0.2,4300,2026-04-08T03:44:15.34542+00:00
156800,GUINEAINS,2021-09-27,0.2,,,0.2,0,2026-04-08T03:44:19.850483+00:00
156908,GUINEAINS,2021-09-28,0.2,,,0.2,0,2026-04-08T03:44:22.678655+00:00
157016,GUINEAINS,2021-09-29,0.2,,,0.2,0,2026-04-08T03:44:25.133662+00:00
157124,GUINEAINS,2021-09-30,0.2,,,0.2,0,2026-04-08T03:44:27.471646+00:00
157232,GUINEAINS,2021-10-04,0.2,,,0.2,2000,2026-04-08T03:44:32.876267+00:00
157340,GUINEAINS,2021-10-05,0.2,,,0.2,0,2026-04-08T03:44:35.445743+00:00
157448,GUINEAINS,2021-10-06,0.2,,,0.2,0,2026-04-08T03:44:37.876116+00:00
157556,GUINEAINS,2021-10-07,0.2,,,0.2,0,2026-04-08T03:44:40.206594+00:00
157664,GUINEAINS,2021-10-08,0.2,,,0.2,16000,2026-04-08T03:44:42.63936+00:00
157772,GUINEAINS,2021-10-11,0.2,,,0.2,2503,2026-04-08T03:44:47.21782+00:00
157880,GUINEAINS,2021-10-12,0.2,,,0.2,1000,2026-04-08T03:44:49.55017+00:00
157988,GUINEAINS,2021-10-13,0.2,,,0.2,0,2026-04-08T03:44:52.157785+00:00
158096,GUINEAINS,2021-10-14,0.2,,,0.2,0,2026-04-08T03:44:54.53471+00:00
158204,GUINEAINS,2021-10-15,0.2,,,0.2,0,2026-04-08T03:44:56.91657+00:00
158313,GUINEAINS,2021-10-18,0.2,,,0.2,5300,2026-04-08T03:45:01.595863+00:00
158422,GUINEAINS,2021-10-20,0.2,,,0.2,500,2026-04-08T03:45:05.471144+00:00
158531,GUINEAINS,2021-10-21,0.2,,,0.2,300,2026-04-08T03:45:08.008029+00:00
158638,GUINEAINS,2021-10-22,0.2,,,0.2,0,2026-04-08T03:45:10.474564+00:00
158747,GUINEAINS,2021-10-25,0.2,,,0.2,14600,2026-04-08T03:45:15.28358+00:00
158856,GUINEAINS,2021-10-26,0.2,,,0.2,0,2026-04-08T03:45:17.74539+00:00
158965,GUINEAINS,2021-10-27,0.2,,,0.2,0,2026-04-08T03:45:20.303823+00:00
159074,GUINEAINS,2021-10-28,0.2,,,0.2,0,2026-04-08T03:45:22.610226+00:00
159183,GUINEAINS,2021-10-29,0.2,,,0.2,2000,2026-04-08T03:45:25.013779+00:00
159292,GUINEAINS,2021-11-01,0.2,,,0.2,0,2026-04-08T03:45:29.747778+00:00
159401,GUINEAINS,2021-11-02,0.2,,,0.2,3551,2026-04-08T03:45:32.292585+00:00
159510,GUINEAINS,2021-11-03,0.2,,,0.2,0,2026-04-08T03:45:34.604091+00:00
159619,GUINEAINS,2021-11-04,0.2,,,0.2,0,2026-04-08T03:45:37.086301+00:00
159728,GUINEAINS,2021-11-05,0.2,,,0.2,0,2026-04-08T03:45:39.522081+00:00
159837,GUINEAINS,2021-11-08,0.2,,,0.2,3020,2026-04-08T03:45:44.061968+00:00
159946,GUINEAINS,2021-11-10,0.2,,,0.2,1200,2026-04-08T03:45:47.530577+00:00
160055,GUINEAINS,2021-11-11,0.2,,,0.2,4000,2026-04-08T03:45:49.990111+00:00
160164,GUINEAINS,2021-11-12,0.2,,,0.2,1400,2026-04-08T03:45:52.531373+00:00
160273,GUINEAINS,2021-11-15,0.2,,,0.2,0,2026-04-08T03:45:57.041913+00:00
160382,GUINEAINS,2021-11-17,0.2,,,0.2,0,2026-04-08T03:46:00.536124+00:00
160491,GUINEAINS,2021-11-18,0.2,,,0.2,5800,2026-04-08T03:46:03.012698+00:00
160600,GUINEAINS,2021-11-19,0.2,,,0.2,10000,2026-04-08T03:46:05.423699+00:00
160709,GUINEAINS,2021-11-22,0.2,,,0.2,0,2026-04-08T03:46:10.306395+00:00
160818,GUINEAINS,2021-11-23,0.2,,,0.2,0,2026-04-08T03:46:12.888041+00:00
160927,GUINEAINS,2021-11-24,0.2,,,0.2,0,2026-04-08T03:46:15.261589+00:00
161036,GUINEAINS,2021-11-25,0.2,,,0.2,0,2026-04-08T03:46:17.544601+00:00
161145,GUINEAINS,2021-11-29,0.2,,,0.2,400000,2026-04-08T03:46:23.244686+00:00
161254,GUINEAINS,2021-11-30,0.2,,,0.2,0,2026-04-08T03:46:25.627389+00:00
161363,GUINEAINS,2021-12-01,0.2,,,0.2,1200,2026-04-08T03:46:28.190956+00:00
161472,GUINEAINS,2021-12-02,0.2,,,0.2,500000,2026-04-08T03:46:30.651544+00:00
161581,GUINEAINS,2021-12-03,0.2,,,0.2,500,2026-04-08T03:46:33.124129+00:00
161690,GUINEAINS,2021-12-06,0.2,,,0.2,0,2026-04-08T03:46:37.622095+00:00
161799,GUINEAINS,2021-12-07,0.2,,,0.2,0,2026-04-08T03:46:39.947423+00:00
161908,GUINEAINS,2021-12-08,0.2,,,0.2,0,2026-04-08T03:46:42.482337+00:00
162017,GUINEAINS,2021-12-09,0.2,,,0.2,2000,2026-04-08T03:46:44.852467+00:00
162126,GUINEAINS,2021-12-10,0.2,,,0.2,5950,2026-04-08T03:46:47.321476+00:00
162236,GUINEAINS,2021-12-13,0.2,,,0.2,150000,2026-04-08T03:46:51.775824+00:00
162346,GUINEAINS,2021-12-14,0.2,,,0.2,3000,2026-04-08T03:46:54.126877+00:00
162456,GUINEAINS,2021-12-15,0.2,,,0.2,0,2026-04-08T03:46:56.822916+00:00
162566,GUINEAINS,2021-12-16,0.2,,,0.2,0,2026-04-08T03:46:59.215115+00:00
162676,GUINEAINS,2021-12-17,0.2,,,0.2,0,2026-04-08T03:47:01.752329+00:00
162787,GUINEAINS,2021-12-20,0.2,,,0.2,0,2026-04-08T03:47:06.293287+00:00
162898,GUINEAINS,2021-12-21,0.2,,,0.2,0,2026-04-08T03:47:08.729464+00:00
163009,GUINEAINS,2021-12-22,0.2,,,0.2,0,2026-04-08T03:47:11.106283+00:00
163120,GUINEAINS,2021-12-23,0.2,,,0.2,2500,2026-04-08T03:47:13.420215+00:00
163231,GUINEAINS,2021-12-24,0.2,,,0.2,1046,2026-04-08T03:47:15.708642+00:00
163342,GUINEAINS,2021-12-29,0.2,,,0.2,0,2026-04-08T03:47:22.624079+00:00
163453,GUINEAINS,2021-12-30,0.2,,,0.2,10000,2026-04-08T03:47:25.019388+00:00
163564,GUINEAINS,2021-12-31,0.2,,,0.2,2500,2026-04-08T03:47:27.803632+00:00
163675,GUINEAINS,2022-01-04,0.2,,,0.2,201500,2026-04-08T03:47:33.190226+00:00
163787,GUINEAINS,2022-01-05,0.2,,,0.2,1000000,2026-04-08T03:47:35.481449+00:00
163899,GUINEAINS,2022-01-06,0.2,,,0.2,25,2026-04-08T03:47:38.067383+00:00
164011,GUINEAINS,2022-01-07,0.2,,,0.2,0,2026-04-08T03:47:40.483305+00:00
164123,GUINEAINS,2022-01-10,0.2,,,0.2,1859,2026-04-08T03:47:45.097739+00:00
164235,GUINEAINS,2022-01-11,0.2,,,0.2,0,2026-04-08T03:47:47.617941+00:00
164347,GUINEAINS,2022-01-12,0.2,,,0.2,0,2026-04-08T03:47:50.132225+00:00
164459,GUINEAINS,2022-01-13,0.2,,,0.2,0,2026-04-08T03:47:52.673244+00:00
164571,GUINEAINS,2022-01-14,0.2,,,0.2,0,2026-04-08T03:47:55.308832+00:00
164683,GUINEAINS,2022-01-17,0.2,,,0.2,1000,2026-04-08T03:47:59.999655+00:00
164795,GUINEAINS,2022-01-18,0.2,,,0.2,0,2026-04-08T03:48:02.353596+00:00
164907,GUINEAINS,2022-01-19,0.2,,,0.2,90,2026-04-08T03:48:04.820784+00:00
165019,GUINEAINS,2022-01-20,0.2,,,0.2,0,2026-04-08T03:48:07.325935+00:00
165131,GUINEAINS,2022-01-21,0.2,,,0.2,3500,2026-04-08T03:48:09.696329+00:00
165243,GUINEAINS,2022-01-24,0.2,,,0.2,1000000,2026-04-08T03:48:14.136661+00:00
165355,GUINEAINS,2022-01-25,0.2,,,0.2,1500,2026-04-08T03:48:16.50614+00:00
165467,GUINEAINS,2022-01-26,0.2,,,0.2,0,2026-04-08T03:48:19.024911+00:00
165579,GUINEAINS,2022-01-27,0.2,,,0.2,0,2026-04-08T03:48:21.585909+00:00
165691,GUINEAINS,2022-01-28,0.2,,,0.2,0,2026-04-08T03:48:23.969021+00:00
165803,GUINEAINS,2022-01-31,0.2,,,0.2,0,2026-04-08T03:48:28.465348+00:00
165915,GUINEAINS,2022-02-01,0.2,,,0.2,8558187,2026-04-08T03:48:30.807911+00:00
166027,GUINEAINS,2022-02-02,0.21,,,0.21,1238529,2026-04-08T03:48:33.305516+00:00
166139,GUINEAINS,2022-02-03,0.21,,,0.21,439500,2026-04-08T03:48:35.918914+00:00
166251,GUINEAINS,2022-02-04,0.22,,,0.22,2424196,2026-04-08T03:48:38.317721+00:00
166363,GUINEAINS,2022-02-07,0.2,,,0.2,8300698,2026-04-08T03:48:42.904693+00:00
166475,GUINEAINS,2022-02-08,0.2,,,0.2,1011069,2026-04-08T03:48:45.378139+00:00
166587,GUINEAINS,2022-02-09,0.2,,,0.2,548600,2026-04-08T03:48:48.035665+00:00
166699,GUINEAINS,2022-02-10,0.2,,,0.2,70400,2026-04-08T03:48:50.398564+00:00
166811,GUINEAINS,2022-02-11,0.2,,,0.2,1413078,2026-04-08T03:48:52.774016+00:00
166923,GUINEAINS,2022-02-14,0.2,,,0.2,410381,2026-04-08T03:48:57.293433+00:00
167035,GUINEAINS,2022-02-15,0.2,,,0.2,47390,2026-04-08T03:48:59.662493+00:00
167147,GUINEAINS,2022-02-16,0.2,,,0.2,3070000,2026-04-08T03:49:02.003783+00:00
167259,GUINEAINS,2022-02-17,0.2,,,0.2,8000,2026-04-08T03:49:04.32656+00:00
167371,GUINEAINS,2022-02-18,0.2,,,0.2,7950,2026-04-08T03:49:06.711382+00:00
167483,GUINEAINS,2022-02-21,0.2,,,0.2,53950,2026-04-08T03:49:10.978464+00:00
167595,GUINEAINS,2022-02-22,0.2,,,0.2,3000,2026-04-08T03:49:13.528869+00:00
167707,GUINEAINS,2022-02-23,0.2,,,0.2,2200752,2026-04-08T03:49:15.914345+00:00
167819,GUINEAINS,2022-02-24,0.2,,,0.2,2614050,2026-04-08T03:49:18.676795+00:00
167931,GUINEAINS,2022-02-25,0.2,,,0.2,64500,2026-04-08T03:49:21.264729+00:00
168043,GUINEAINS,2022-02-28,0.2,,,0.2,323421,2026-04-08T03:49:25.620712+00:00
168155,GUINEAINS,2022-03-01,0.2,,,0.2,85000,2026-04-08T03:49:28.049171+00:00
168267,GUINEAINS,2022-03-02,0.2,,,0.2,2514000,2026-04-08T03:49:30.283109+00:00
168379,GUINEAINS,2022-03-03,0.2,,,0.2,188700,2026-04-08T03:49:32.551227+00:00
168491,GUINEAINS,2022-03-04,0.2,,,0.2,30100,2026-04-08T03:49:34.968546+00:00
168603,GUINEAINS,2022-03-07,0.2,,,0.2,0,2026-04-08T03:49:39.227432+00:00
168715,GUINEAINS,2022-03-08,0.2,,,0.2,7500,2026-04-08T03:49:41.475537+00:00
168827,GUINEAINS,2022-03-09,0.2,,,0.2,136300,2026-04-08T03:49:43.759827+00:00
168939,GUINEAINS,2022-03-10,0.21,,,0.21,226100,2026-04-08T03:49:46.077826+00:00
169051,GUINEAINS,2022-03-11,0.2,,,0.2,451300,2026-04-08T03:49:48.438529+00:00
169163,GUINEAINS,2022-03-14,0.2,,,0.2,379600,2026-04-08T03:49:53.114563+00:00
169275,GUINEAINS,2022-03-15,0.2,,,0.2,0,2026-04-08T03:49:55.533531+00:00
169387,GUINEAINS,2022-03-16,0.2,,,0.2,0,2026-04-08T03:49:57.903122+00:00
169499,GUINEAINS,2022-03-17,0.2,,,0.2,1905400,2026-04-08T03:50:00.211329+00:00
169611,GUINEAINS,2022-03-18,0.2,,,0.2,10000,2026-04-08T03:50:02.865266+00:00
169723,GUINEAINS,2022-03-21,0.2,,,0.2,86000,2026-04-08T03:50:07.476142+00:00
169835,GUINEAINS,2022-03-24,0.2,,,0.2,0,2026-04-08T03:50:12.041871+00:00
169947,GUINEAINS,2022-03-25,0.2,,,0.2,0,2026-04-08T03:50:14.507747+00:00
170059,GUINEAINS,2022-03-28,0.2,,,0.2,0,2026-04-08T03:50:18.995306+00:00
170171,GUINEAINS,2022-03-29,0.2,,,0.2,0,2026-04-08T03:50:21.48252+00:00
170283,GUINEAINS,2022-03-31,0.2,,,0.2,0,2026-04-08T03:50:25.686443+00:00
170395,GUINEAINS,2022-04-01,0.2,,,0.2,0,2026-04-08T03:50:28.209626+00:00
170507,GUINEAINS,2022-04-04,0.2,,,0.2,1500,2026-04-08T03:50:32.692631+00:00
170619,GUINEAINS,2022-04-05,0.2,,,0.2,0,2026-04-08T03:50:35.152392+00:00
170731,GUINEAINS,2022-04-06,0.2,,,0.2,35508,2026-04-08T03:50:37.478667+00:00
170843,GUINEAINS,2022-04-07,0.2,,,0.2,0,2026-04-08T03:50:39.880974+00:00
170955,GUINEAINS,2022-04-08,0.2,,,0.2,0,2026-04-08T03:50:42.48638+00:00
171067,GUINEAINS,2022-04-11,0.2,,,0.2,175848,2026-04-08T03:50:47.197044+00:00
171179,GUINEAINS,2022-04-12,0.2,,,0.2,0,2026-04-08T03:50:49.473284+00:00
171291,GUINEAINS,2022-04-13,0.2,,,0.2,0,2026-04-08T03:50:51.878986+00:00
171403,GUINEAINS,2022-04-14,0.2,,,0.2,1000,2026-04-08T03:50:54.439705+00:00
171515,GUINEAINS,2022-04-19,0.2,,,0.2,1000,2026-04-08T03:51:01.439974+00:00
171627,GUINEAINS,2022-04-20,0.2,,,0.2,25152,2026-04-08T03:51:03.698116+00:00
171739,GUINEAINS,2022-04-21,0.2,,,0.2,1000,2026-04-08T03:51:06.083072+00:00
171851,GUINEAINS,2022-04-22,0.2,,,0.2,0,2026-04-08T03:51:08.393199+00:00
171963,GUINEAINS,2022-04-25,0.2,,,0.2,0,2026-04-08T03:51:12.880327+00:00
172075,GUINEAINS,2022-04-26,0.2,,,0.2,0,2026-04-08T03:51:15.284155+00:00
172187,GUINEAINS,2022-04-27,0.2,,,0.2,0,2026-04-08T03:51:17.680395+00:00
172299,GUINEAINS,2022-04-28,0.2,,,0.2,500,2026-04-08T03:51:20.413235+00:00
172411,GUINEAINS,2022-04-29,0.2,,,0.2,0,2026-04-08T03:51:22.882631+00:00
172523,GUINEAINS,2022-05-04,0.2,,,0.2,0,2026-04-08T03:51:29.674847+00:00
172635,GUINEAINS,2022-05-05,0.2,,,0.2,0,2026-04-08T03:51:32.050072+00:00
172748,GUINEAINS,2022-05-09,0.2,,,0.2,0,2026-04-08T03:51:37.853933+00:00
172861,GUINEAINS,2022-05-10,0.2,,,0.2,420000,2026-04-08T03:51:40.332012+00:00
172974,GUINEAINS,2022-05-11,0.2,,,0.2,0,2026-04-08T03:51:42.74313+00:00
173087,GUINEAINS,2022-05-12,0.2,,,0.2,150,2026-04-08T03:51:45.11326+00:00
173200,GUINEAINS,2022-05-13,0.2,,,0.2,0,2026-04-08T03:51:47.585464+00:00
173313,GUINEAINS,2022-05-16,0.2,,,0.2,0,2026-04-08T03:51:52.042574+00:00
173426,GUINEAINS,2022-05-17,0.2,,,0.2,0,2026-04-08T03:51:54.492158+00:00
173539,GUINEAINS,2022-05-18,0.2,,,0.2,0,2026-04-08T03:51:57.297116+00:00
173652,GUINEAINS,2022-05-19,0.2,,,0.2,0,2026-04-08T03:51:59.624655+00:00
173765,GUINEAINS,2022-05-20,0.2,,,0.2,2000,2026-04-08T03:52:02.40298+00:00
173878,GUINEAINS,2022-05-23,0.2,,,0.2,0,2026-04-08T03:52:07.648814+00:00
173991,GUINEAINS,2022-05-24,0.2,,,0.2,10,2026-04-08T03:52:10.277037+00:00
174104,GUINEAINS,2022-05-25,0.2,,,0.2,0,2026-04-08T03:52:13.066486+00:00
174217,GUINEAINS,2022-05-26,0.2,,,0.2,0,2026-04-08T03:52:15.508934+00:00
174330,GUINEAINS,2022-05-27,0.2,,,0.2,0,2026-04-08T03:52:18.156913+00:00
174443,GUINEAINS,2022-05-30,0.2,,,0.2,0,2026-04-08T03:52:22.656757+00:00
174556,GUINEAINS,2022-05-31,0.2,,,0.2,0,2026-04-08T03:52:25.114026+00:00
174669,GUINEAINS,2022-06-01,0.2,,,0.2,0,2026-04-08T03:52:27.834682+00:00
174782,GUINEAINS,2022-06-02,0.2,,,0.2,0,2026-04-08T03:52:30.493727+00:00
174895,GUINEAINS,2022-06-03,0.2,,,0.2,0,2026-04-08T03:52:33.10221+00:00
175008,GUINEAINS,2022-06-06,0.2,,,0.2,1000,2026-04-08T03:52:37.969718+00:00
175121,GUINEAINS,2022-06-07,0.2,,,0.2,0,2026-04-08T03:52:40.734023+00:00
175234,GUINEAINS,2022-06-08,0.2,,,0.2,0,2026-04-08T03:52:43.634804+00:00
175347,GUINEAINS,2022-06-09,0.2,,,0.2,300,2026-04-08T03:52:46.431396+00:00
175460,GUINEAINS,2022-06-10,0.2,,,0.2,0,2026-04-08T03:52:48.916453+00:00
175573,GUINEAINS,2022-06-14,0.2,,,0.2,40000,2026-04-08T03:52:55.08065+00:00
175686,GUINEAINS,2022-06-15,0.2,,,0.2,0,2026-04-08T03:52:57.782204+00:00
175799,GUINEAINS,2022-06-16,0.2,,,0.2,0,2026-04-08T03:53:00.45527+00:00
175912,GUINEAINS,2022-06-17,0.2,,,0.2,0,2026-04-08T03:53:03.647185+00:00
176025,GUINEAINS,2022-06-20,0.2,,,0.2,2500,2026-04-08T03:53:09.449588+00:00
176138,GUINEAINS,2022-06-21,0.2,,,0.2,0,2026-04-08T03:53:11.833027+00:00
176251,GUINEAINS,2022-06-22,0.2,,,0.2,0,2026-04-08T03:53:14.63862+00:00
176364,GUINEAINS,2022-06-23,0.2,,,0.2,220,2026-04-08T03:53:17.250825+00:00
176477,GUINEAINS,2022-06-24,0.2,,,0.2,0,2026-04-08T03:53:19.718295+00:00
176590,GUINEAINS,2022-06-27,0.2,,,0.2,200,2026-04-08T03:53:24.073012+00:00
176703,GUINEAINS,2022-06-28,0.2,,,0.2,0,2026-04-08T03:53:26.399159+00:00
176816,GUINEAINS,2022-06-29,0.2,,,0.2,200,2026-04-08T03:53:28.994117+00:00
176929,GUINEAINS,2022-06-30,0.2,,,0.2,0,2026-04-08T03:53:31.346855+00:00
177042,GUINEAINS,2022-07-01,0.2,,,0.2,0,2026-04-08T03:53:33.724657+00:00
177155,GUINEAINS,2022-07-04,0.2,,,0.2,0,2026-04-08T03:53:38.198731+00:00
177268,GUINEAINS,2022-07-06,0.2,,,0.2,0,2026-04-08T03:53:41.625349+00:00
177381,GUINEAINS,2022-07-07,0.2,,,0.2,400000,2026-04-08T03:53:44.268487+00:00
177494,GUINEAINS,2022-07-13,0.2,,,0.2,0,2026-04-08T03:53:51.5999+00:00
177607,GUINEAINS,2022-07-14,0.2,,,0.2,0,2026-04-08T03:53:54.010732+00:00
177720,GUINEAINS,2022-07-15,0.2,,,0.2,0,2026-04-08T03:53:56.616585+00:00
177833,GUINEAINS,2022-07-18,0.2,,,0.2,200,2026-04-08T03:54:01.214275+00:00
177946,GUINEAINS,2022-07-19,0.2,,,0.2,0,2026-04-08T03:54:03.665978+00:00
178059,GUINEAINS,2022-07-20,0.2,,,0.2,5000,2026-04-08T03:54:06.203384+00:00
178172,GUINEAINS,2022-07-21,0.2,,,0.2,0,2026-04-08T03:54:08.685258+00:00
178285,GUINEAINS,2022-07-22,0.2,,,0.2,0,2026-04-08T03:54:11.171489+00:00
178398,GUINEAINS,2022-07-25,0.2,,,0.2,0,2026-04-08T03:54:15.900169+00:00
178511,GUINEAINS,2022-07-26,0.2,,,0.2,100,2026-04-08T03:54:18.382379+00:00
178624,GUINEAINS,2022-07-27,0.2,,,0.2,0,2026-04-08T03:54:20.730044+00:00
178737,GUINEAINS,2022-07-28,0.2,,,0.2,125000,2026-04-08T03:54:23.385493+00:00
178850,GUINEAINS,2022-07-29,0.2,,,0.2,5500,2026-04-08T03:54:25.692024+00:00
178963,GUINEAINS,2022-08-01,0.2,,,0.2,1000,2026-04-08T03:54:30.144665+00:00
179076,GUINEAINS,2022-08-02,0.2,,,0.2,726672,2026-04-08T03:54:32.509592+00:00
179189,GUINEAINS,2022-08-03,0.2,,,0.2,0,2026-04-08T03:54:34.924873+00:00
179302,GUINEAINS,2022-08-04,0.2,,,0.2,0,2026-04-08T03:54:37.32089+00:00
179415,GUINEAINS,2022-08-05,0.2,,,0.2,1004000,2026-04-08T03:54:40.805957+00:00
179528,GUINEAINS,2022-08-08,0.2,,,0.2,100000,2026-04-08T03:54:45.81173+00:00
179641,GUINEAINS,2022-08-09,0.2,,,0.2,110000,2026-04-08T03:54:48.637408+00:00
179754,GUINEAINS,2022-08-10,0.2,,,0.2,0,2026-04-08T03:54:51.561754+00:00
179867,GUINEAINS,2022-08-11,0.2,,,0.2,0,2026-04-08T03:54:54.196076+00:00
179980,GUINEAINS,2022-08-12,0.2,,,0.2,0,2026-04-08T03:54:57.115593+00:00
180093,GUINEAINS,2022-08-15,0.2,,,0.2,0,2026-04-08T03:55:01.874457+00:00
180206,GUINEAINS,2022-08-16,0.2,,,0.2,477,2026-04-08T03:55:04.540652+00:00
180319,GUINEAINS,2022-08-17,0.2,,,0.2,10000,2026-04-08T03:55:07.214991+00:00
180432,GUINEAINS,2022-08-18,0.2,,,0.2,200078,2026-04-08T03:55:09.916723+00:00
180545,GUINEAINS,2022-08-19,0.2,,,0.2,0,2026-04-08T03:55:12.400686+00:00
180658,GUINEAINS,2022-08-22,0.2,,,0.2,0,2026-04-08T03:55:17.568382+00:00
180771,GUINEAINS,2022-08-23,0.2,,,0.2,0,2026-04-08T03:55:19.990422+00:00
180884,GUINEAINS,2022-08-24,0.2,,,0.2,0,2026-04-08T03:55:23.644905+00:00
180997,GUINEAINS,2022-08-25,0.2,,,0.2,1584451,2026-04-08T03:55:26.062264+00:00
181110,GUINEAINS,2022-08-26,0.2,,,0.2,0,2026-04-08T03:55:28.378019+00:00
181223,GUINEAINS,2022-08-29,0.2,,,0.2,505300,2026-04-08T03:55:33.185942+00:00
181336,GUINEAINS,2022-08-30,0.2,,,0.2,0,2026-04-08T03:55:35.909469+00:00
181449,GUINEAINS,2022-08-31,0.2,,,0.2,0,2026-04-08T03:55:38.363566+00:00
181562,GUINEAINS,2022-09-01,0.2,,,0.2,500000,2026-04-08T03:55:40.868139+00:00
181675,GUINEAINS,2022-09-02,0.2,,,0.2,0,2026-04-08T03:55:43.232165+00:00
181788,GUINEAINS,2022-09-05,0.2,,,0.2,630476,2026-04-08T03:55:48.110555+00:00
181901,GUINEAINS,2022-09-06,0.2,,,0.2,0,2026-04-08T03:55:50.526892+00:00
182014,GUINEAINS,2022-09-07,0.2,,,0.2,0,2026-04-08T03:55:53.051287+00:00
182127,GUINEAINS,2022-09-08,0.2,,,0.2,0,2026-04-08T03:55:55.74031+00:00
182240,GUINEAINS,2022-09-09,0.2,,,0.2,0,2026-04-08T03:55:58.848563+00:00
182353,GUINEAINS,2022-09-12,0.2,,,0.2,18425,2026-04-08T03:56:03.370953+00:00
182466,GUINEAINS,2022-09-13,0.2,,,0.2,595124,2026-04-08T03:56:05.83654+00:00
182579,GUINEAINS,2022-09-14,0.2,,,0.2,0,2026-04-08T03:56:08.091672+00:00
182692,GUINEAINS,2022-09-16,0.2,,,0.2,0,2026-04-08T03:56:11.4683+00:00
182805,GUINEAINS,2022-09-19,0.2,,,0.2,0,2026-04-08T03:56:15.923342+00:00
182918,GUINEAINS,2022-09-20,0.2,,,0.2,0,2026-04-08T03:56:18.184056+00:00
183031,GUINEAINS,2022-09-21,0.2,,,0.2,0,2026-04-08T03:56:20.42724+00:00
183144,GUINEAINS,2022-09-22,0.2,,,0.2,0,2026-04-08T03:56:22.767495+00:00
183257,GUINEAINS,2022-09-23,0.2,,,0.2,0,2026-04-08T03:56:25.066978+00:00
183370,GUINEAINS,2022-09-26,0.2,,,0.2,0,2026-04-08T03:56:29.379703+00:00
183483,GUINEAINS,2022-09-28,0.2,,,0.2,0,2026-04-08T03:56:32.717753+00:00
183596,GUINEAINS,2022-09-29,0.2,,,0.2,0,2026-04-08T03:56:35.489047+00:00
183709,GUINEAINS,2022-09-30,0.2,,,0.2,0,2026-04-08T03:56:37.947618+00:00
183822,GUINEAINS,2022-10-05,0.2,,,0.2,5010,2026-04-08T03:56:44.538147+00:00
183936,GUINEAINS,2022-10-06,0.2,,,0.2,0,2026-04-08T03:56:46.932693+00:00
184050,GUINEAINS,2022-10-07,0.2,,,0.2,0,2026-04-08T03:56:49.334037+00:00
184164,GUINEAINS,2022-10-11,0.2,,,0.2,0,2026-04-08T03:56:55.029281+00:00
184278,GUINEAINS,2022-10-12,0.2,,,0.2,0,2026-04-08T03:56:58.300033+00:00
184392,GUINEAINS,2022-10-13,0.2,,,0.2,2000,2026-04-08T03:57:00.825788+00:00
184506,GUINEAINS,2022-10-14,0.2,,,0.2,0,2026-04-08T03:57:03.298348+00:00
184620,GUINEAINS,2022-10-17,0.2,,,0.2,0,2026-04-08T03:57:07.885609+00:00
184734,GUINEAINS,2022-10-18,0.2,,,0.2,0,2026-04-08T03:57:10.303346+00:00
184848,GUINEAINS,2022-10-19,0.2,,,0.2,0,2026-04-08T03:57:12.819589+00:00
184962,GUINEAINS,2022-10-20,0.2,,,0.2,0,2026-04-08T03:57:15.111185+00:00
185076,GUINEAINS,2022-10-21,0.2,,,0.2,0,2026-04-08T03:57:17.499968+00:00
185190,GUINEAINS,2022-10-24,0.2,,,0.2,0,2026-04-08T03:57:21.686266+00:00
185304,GUINEAINS,2022-10-26,0.2,,,0.2,0,2026-04-08T03:57:24.913682+00:00
185418,GUINEAINS,2022-10-27,0.2,,,0.2,0,2026-04-08T03:57:27.260544+00:00
185532,GUINEAINS,2022-10-28,0.2,,,0.2,0,2026-04-08T03:57:29.835926+00:00
185646,GUINEAINS,2022-10-31,0.2,,,0.2,0,2026-04-08T03:57:34.21591+00:00
185760,GUINEAINS,2022-11-01,0.2,,,0.2,3000,2026-04-08T03:57:36.609373+00:00
185874,GUINEAINS,2022-11-02,0.2,,,0.2,0,2026-04-08T03:57:39.066556+00:00
185988,GUINEAINS,2022-11-03,0.2,,,0.2,0,2026-04-08T03:57:41.442199+00:00
186102,GUINEAINS,2022-11-04,0.2,,,0.2,0,2026-04-08T03:57:43.70904+00:00
186216,GUINEAINS,2022-11-08,0.2,,,0.2,0,2026-04-08T03:57:49.123122+00:00
186330,GUINEAINS,2022-11-09,0.2,,,0.2,0,2026-04-08T03:57:51.464602+00:00
186444,GUINEAINS,2022-11-10,0.2,,,0.2,18,2026-04-08T03:57:54.291842+00:00
186558,GUINEAINS,2022-11-11,0.2,,,0.2,100,2026-04-08T03:57:56.704911+00:00
186672,GUINEAINS,2022-11-14,0.2,,,0.2,3000000,2026-04-08T03:58:01.331373+00:00
186786,GUINEAINS,2022-11-15,0.2,,,0.2,0,2026-04-08T03:58:03.6444+00:00
186900,GUINEAINS,2022-11-16,0.2,,,0.2,0,2026-04-08T03:58:06.118311+00:00
187014,GUINEAINS,2022-11-17,0.2,,,0.2,50,2026-04-08T03:58:08.47049+00:00
187128,GUINEAINS,2022-11-18,0.2,,,0.2,0,2026-04-08T03:58:10.955275+00:00
187242,GUINEAINS,2022-11-21,0.2,,,0.2,0,2026-04-08T03:58:15.672507+00:00
187356,GUINEAINS,2022-11-22,0.2,,,0.2,0,2026-04-08T03:58:18.170118+00:00
187470,GUINEAINS,2022-11-24,0.2,,,0.2,450,2026-04-08T03:58:21.692503+00:00
187584,GUINEAINS,2022-11-25,0.2,,,0.2,2000,2026-04-08T03:58:24.033539+00:00
187698,GUINEAINS,2022-11-28,0.2,,,0.2,7545,2026-04-08T03:58:28.532723+00:00
187812,GUINEAINS,2022-11-29,0.2,,,0.2,0,2026-04-08T03:58:30.983113+00:00
187926,GUINEAINS,2022-11-30,0.2,,,0.2,0,2026-04-08T03:58:33.448849+00:00
188040,GUINEAINS,2022-12-01,0.2,,,0.2,0,2026-04-08T03:58:35.664261+00:00
188155,GUINEAINS,2022-12-02,0.2,,,0.2,25,2026-04-08T03:58:37.897027+00:00
188269,GUINEAINS,2022-12-05,0.2,,,0.2,0,2026-04-08T03:58:42.456795+00:00
188383,GUINEAINS,2022-12-06,0.2,,,0.2,0,2026-04-08T03:58:44.756119+00:00
188497,GUINEAINS,2022-12-07,0.2,,,0.2,0,2026-04-08T03:58:47.196669+00:00
188611,GUINEAINS,2022-12-08,0.2,,,0.2,0,2026-04-08T03:58:49.52806+00:00
188725,GUINEAINS,2022-12-09,0.2,,,0.2,0,2026-04-08T03:58:51.902427+00:00
188839,GUINEAINS,2022-12-12,0.2,,,0.2,0,2026-04-08T03:58:56.156124+00:00
188953,GUINEAINS,2022-12-13,0.2,,,0.2,500000,2026-04-08T03:58:58.485404+00:00
189067,GUINEAINS,2022-12-14,0.2,,,0.2,0,2026-04-08T03:59:00.851945+00:00
189181,GUINEAINS,2022-12-15,0.2,,,0.2,0,2026-04-08T03:59:03.086647+00:00
189295,GUINEAINS,2022-12-16,0.2,,,0.2,0,2026-04-08T03:59:05.5442+00:00
189409,GUINEAINS,2022-12-19,0.2,,,0.2,0,2026-04-08T03:59:09.806719+00:00
189523,GUINEAINS,2022-12-20,0.2,,,0.2,0,2026-04-08T03:59:12.630732+00:00
189637,GUINEAINS,2022-12-21,0.2,,,0.2,0,2026-04-08T03:59:14.990319+00:00
189751,GUINEAINS,2022-12-22,0.2,,,0.2,0,2026-04-08T03:59:17.229229+00:00
189865,GUINEAINS,2022-12-23,0.2,,,0.2,0,2026-04-08T03:59:19.674012+00:00
189979,GUINEAINS,2022-12-28,0.2,,,0.2,526000,2026-04-08T03:59:26.406492+00:00
190093,GUINEAINS,2022-12-30,0.2,,,0.2,0,2026-04-08T03:59:29.796579+00:00
190207,GUINEAINS,2023-01-04,0.2,,,0.2,0,2026-04-08T03:59:36.276207+00:00
190321,GUINEAINS,2023-01-05,0.2,,,0.2,0,2026-04-08T03:59:38.771807+00:00
190435,GUINEAINS,2023-01-06,0.2,,,0.2,0,2026-04-08T03:59:41.229635+00:00
190549,GUINEAINS,2023-01-09,0.2,,,0.2,0,2026-04-08T03:59:45.608271+00:00
190663,GUINEAINS,2023-01-10,0.2,,,0.2,0,2026-04-08T03:59:47.862187+00:00
190777,GUINEAINS,2023-01-11,0.2,,,0.2,0,2026-04-08T03:59:50.211712+00:00
190891,GUINEAINS,2023-01-12,0.2,,,0.2,0,2026-04-08T03:59:52.676239+00:00
191005,GUINEAINS,2023-01-13,0.2,,,0.2,150000,2026-04-08T03:59:55.073566+00:00
191119,GUINEAINS,2023-01-17,0.2,,,0.2,0,2026-04-08T04:00:00.52991+00:00
191233,GUINEAINS,2023-01-18,0.2,,,0.2,0,2026-04-08T04:00:02.930508+00:00
191347,GUINEAINS,2023-01-19,0.2,,,0.2,1850000,2026-04-08T04:00:05.157464+00:00
191461,GUINEAINS,2023-01-20,0.2,,,0.2,1000,2026-04-08T04:00:07.441529+00:00
191575,GUINEAINS,2023-01-23,0.2,,,0.2,0,2026-04-08T04:00:11.934625+00:00
191689,GUINEAINS,2023-01-24,0.2,,,0.2,15000,2026-04-08T04:00:14.448563+00:00
191803,GUINEAINS,2023-01-25,0.2,,,0.2,6080,2026-04-08T04:00:16.660222+00:00
191917,GUINEAINS,2023-01-26,0.2,,,0.2,0,2026-04-08T04:00:19.02129+00:00
192031,GUINEAINS,2023-01-27,0.2,,,0.2,30000,2026-04-08T04:00:21.366865+00:00
192145,GUINEAINS,2023-01-30,0.2,,,0.2,0,2026-04-08T04:00:26.318741+00:00
192259,GUINEAINS,2023-01-31,0.2,,,0.2,1038600,2026-04-08T04:00:28.560212+00:00
192373,GUINEAINS,2023-02-06,0.2,,,0.2,0,2026-04-08T04:00:36.14931+00:00
192487,GUINEAINS,2023-02-07,0.2,,,0.2,0,2026-04-08T04:00:38.379875+00:00
192601,GUINEAINS,2023-02-08,0.2,,,0.2,10000,2026-04-08T04:00:40.736361+00:00
192715,GUINEAINS,2023-02-09,0.2,,,0.2,500000,2026-04-08T04:00:43.03687+00:00
192829,GUINEAINS,2023-02-10,0.2,,,0.2,543000,2026-04-08T04:00:46.517744+00:00
192943,GUINEAINS,2023-02-13,0.2,,,0.2,120000,2026-04-08T04:00:50.958429+00:00
193057,GUINEAINS,2023-02-14,0.2,,,0.2,900,2026-04-08T04:00:53.400398+00:00
193171,GUINEAINS,2023-02-15,0.2,,,0.2,0,2026-04-08T04:00:55.645789+00:00
193285,GUINEAINS,2023-02-16,0.2,,,0.2,0,2026-04-08T04:00:58.043326+00:00
193399,GUINEAINS,2023-02-17,0.2,,,0.2,0,2026-04-08T04:01:00.355798+00:00
193513,GUINEAINS,2023-02-20,0.2,,,0.2,665110,2026-04-08T04:01:04.633293+00:00
193627,GUINEAINS,2023-02-21,0.2,,,0.2,50150,2026-04-08T04:01:06.910783+00:00
193741,GUINEAINS,2023-02-22,0.2,,,0.2,250000,2026-04-08T04:01:09.421576+00:00
193855,GUINEAINS,2023-02-23,0.2,,,0.2,200000,2026-04-08T04:01:11.765387+00:00
193969,GUINEAINS,2023-02-24,0.2,,,0.2,338000,2026-04-08T04:01:14.12415+00:00
194083,GUINEAINS,2023-02-27,0.2,,,0.2,0,2026-04-08T04:01:18.463572+00:00
194197,GUINEAINS,2023-02-28,0.2,,,0.2,1500,2026-04-08T04:01:20.671303+00:00
194311,GUINEAINS,2023-03-01,0.2,,,0.2,0,2026-04-08T04:01:23.068989+00:00
194425,GUINEAINS,2023-03-02,0.2,,,0.2,247705,2026-04-08T04:01:25.352172+00:00
194539,GUINEAINS,2023-03-03,0.2,,,0.2,124177,2026-04-08T04:01:27.716711+00:00
194653,GUINEAINS,2023-03-06,0.2,,,0.2,0,2026-04-08T04:01:32.392486+00:00
194767,GUINEAINS,2023-03-07,0.2,,,0.2,0,2026-04-08T04:01:34.845095+00:00
194881,GUINEAINS,2023-03-08,0.2,,,0.2,205392,2026-04-08T04:01:37.261757+00:00
194995,GUINEAINS,2023-03-09,0.2,,,0.2,0,2026-04-08T04:01:39.987396+00:00
195109,GUINEAINS,2023-03-13,0.2,,,0.2,202381,2026-04-08T04:01:45.627511+00:00
195223,GUINEAINS,2023-03-14,0.2,,,0.2,0,2026-04-08T04:01:48.257383+00:00
195337,GUINEAINS,2023-03-15,0.2,,,0.2,0,2026-04-08T04:01:50.627346+00:00
195451,GUINEAINS,2023-03-16,0.2,,,0.2,0,2026-04-08T04:01:53.062383+00:00
195565,GUINEAINS,2023-03-17,0.2,,,0.2,0,2026-04-08T04:01:55.701252+00:00
195679,GUINEAINS,2023-03-20,0.2,,,0.2,0,2026-04-08T04:01:59.933448+00:00
195793,GUINEAINS,2023-03-22,0.2,,,0.2,0,2026-04-08T04:02:03.467012+00:00
195907,GUINEAINS,2023-03-23,0.2,,,0.2,0,2026-04-08T04:02:05.929911+00:00
196021,GUINEAINS,2023-03-24,0.2,,,0.2,0,2026-04-08T04:02:08.248632+00:00
196135,GUINEAINS,2023-03-27,0.2,,,0.2,0,2026-04-08T04:02:12.564733+00:00
196249,GUINEAINS,2023-03-28,0.2,,,0.2,0,2026-04-08T04:02:14.764209+00:00
196363,GUINEAINS,2023-03-29,0.2,,,0.2,0,2026-04-08T04:02:17.140393+00:00
196477,GUINEAINS,2023-03-30,0.2,,,0.2,0,2026-04-08T04:02:19.470716+00:00
196591,GUINEAINS,2023-03-31,0.2,,,0.2,0,2026-04-08T04:02:21.739047+00:00
196705,GUINEAINS,2023-04-03,0.2,,,0.2,0,2026-04-08T04:02:26.060346+00:00
196819,GUINEAINS,2023-04-04,0.2,,,0.2,10000,2026-04-08T04:02:28.444728+00:00
196933,GUINEAINS,2023-04-05,0.2,,,0.2,0,2026-04-08T04:02:30.864627+00:00
197047,GUINEAINS,2023-04-06,0.2,,,0.2,9000,2026-04-08T04:02:33.239626+00:00
197161,GUINEAINS,2023-04-11,0.2,,,0.2,0,2026-04-08T04:02:39.320239+00:00
197275,GUINEAINS,2023-04-12,0.2,,,0.2,0,2026-04-08T04:02:41.643197+00:00
197389,GUINEAINS,2023-04-13,0.2,,,0.2,0,2026-04-08T04:02:44.360634+00:00
197503,GUINEAINS,2023-04-14,0.2,,,0.2,0,2026-04-08T04:02:47.093001+00:00
197617,GUINEAINS,2023-04-17,0.2,,,0.2,0,2026-04-08T04:02:52.113012+00:00
197731,GUINEAINS,2023-04-18,0.2,,,0.2,2,2026-04-08T04:02:54.97501+00:00
197845,GUINEAINS,2023-04-19,0.2,,,0.2,20000,2026-04-08T04:02:57.648371+00:00
197959,GUINEAINS,2023-04-20,0.2,,,0.2,0,2026-04-08T04:03:00.087899+00:00
198073,GUINEAINS,2023-04-25,0.2,,,0.2,0,2026-04-08T04:03:06.320111+00:00
198187,GUINEAINS,2023-04-26,0.2,,,0.2,0,2026-04-08T04:03:08.704488+00:00
198301,GUINEAINS,2023-04-27,0.2,,,0.2,0,2026-04-08T04:03:11.176222+00:00
198415,GUINEAINS,2023-04-28,0.2,,,0.2,0,2026-04-08T04:03:13.757457+00:00
198529,GUINEAINS,2023-05-03,0.2,,,0.2,0,2026-04-08T04:03:20.258962+00:00
198643,GUINEAINS,2023-05-04,0.2,,,0.2,500,2026-04-08T04:03:22.719511+00:00
198757,GUINEAINS,2023-05-08,0.2,,,0.2,0,2026-04-08T04:03:29.045349+00:00
198871,GUINEAINS,2023-05-09,0.2,,,0.2,100045,2026-04-08T04:03:32.620003+00:00
198985,GUINEAINS,2023-05-12,0.2,,,0.2,0,2026-04-08T04:03:37.286216+00:00
199099,GUINEAINS,2023-05-15,0.2,,,0.2,100,2026-04-08T04:03:41.825544+00:00
199213,GUINEAINS,2023-05-16,0.2,,,0.2,100400,2026-04-08T04:03:44.244464+00:00
199327,GUINEAINS,2023-05-17,0.2,,,0.2,0,2026-04-08T04:03:46.492518+00:00
199441,GUINEAINS,2023-05-18,0.2,,,0.2,1653853,2026-04-08T04:03:48.752249+00:00
199555,GUINEAINS,2023-05-19,0.2,,,0.2,0,2026-04-08T04:03:51.139215+00:00
199669,GUINEAINS,2023-05-22,0.2,,,0.2,30000,2026-04-08T04:03:55.484935+00:00
199783,GUINEAINS,2023-05-23,0.2,,,0.2,30000,2026-04-08T04:03:57.886867+00:00
199897,GUINEAINS,2023-05-24,0.2,,,0.2,38164,2026-04-08T04:04:00.334047+00:00
200011,GUINEAINS,2023-05-25,0.2,,,0.2,0,2026-04-08T04:04:02.79018+00:00
200125,GUINEAINS,2023-05-26,0.2,,,0.2,270000,2026-04-08T04:04:05.139052+00:00
200239,GUINEAINS,2023-05-30,0.2,,,0.2,1830000,2026-04-08T04:04:11.011702+00:00
200353,GUINEAINS,2023-06-01,0.2,,,0.2,100,2026-04-08T04:04:14.390605+00:00
200467,GUINEAINS,2023-06-02,0.2,,,0.2,0,2026-04-08T04:04:16.732653+00:00
200581,GUINEAINS,2023-06-05,0.2,,,0.2,1021005,2026-04-08T04:04:21.343031+00:00
200695,GUINEAINS,2023-06-06,0.2,,,0.2,93000,2026-04-08T04:04:23.98223+00:00
200809,GUINEAINS,2023-06-07,0.2,,,0.2,58950,2026-04-08T04:04:26.507718+00:00
200923,GUINEAINS,2023-06-08,0.2,,,0.2,453370,2026-04-08T04:04:29.08401+00:00
201037,GUINEAINS,2023-06-09,0.2,,,0.2,842963,2026-04-08T04:04:31.44664+00:00
201151,GUINEAINS,2023-06-13,0.2,,,0.2,57950,2026-04-08T04:04:36.862505+00:00
201265,GUINEAINS,2023-06-14,0.21,,,0.21,2939124,2026-04-08T04:04:39.320552+00:00
201379,GUINEAINS,2023-06-15,0.2,,,0.2,406460,2026-04-08T04:04:41.673534+00:00
201493,GUINEAINS,2023-06-16,0.2,,,0.2,3109435,2026-04-08T04:04:44.052846+00:00
201607,GUINEAINS,2023-06-19,0.2,,,0.2,112760,2026-04-08T04:04:48.541112+00:00
201721,GUINEAINS,2023-06-20,0.22,,,0.22,967516,2026-04-08T04:04:51.378552+00:00
201835,GUINEAINS,2023-06-21,0.24,,,0.24,3989632,2026-04-08T04:04:53.764277+00:00
201949,GUINEAINS,2023-06-22,0.26,,,0.26,999704,2026-04-08T04:04:56.145117+00:00
202063,GUINEAINS,2023-06-26,0.23,,,0.23,484819,2026-04-08T04:05:01.671465+00:00
202177,GUINEAINS,2023-06-30,0.21,,,0.21,3052684,2026-04-08T04:05:07.377697+00:00
202291,GUINEAINS,2023-07-03,0.22,,,0.22,423680,2026-04-08T04:05:11.758079+00:00
202405,GUINEAINS,2023-07-04,0.24,,,0.24,3320327,2026-04-08T04:05:14.17436+00:00
202519,GUINEAINS,2023-07-05,0.22,,,0.22,3948991,2026-04-08T04:05:16.577423+00:00
202633,GUINEAINS,2023-07-06,0.24,,,0.24,1389732,2026-04-08T04:05:19.075393+00:00
202747,GUINEAINS,2023-07-07,0.26,,,0.26,150000,2026-04-08T04:05:21.415756+00:00
202861,GUINEAINS,2023-07-10,0.24,,,0.24,9311035,2026-04-08T04:05:26.355595+00:00
202975,GUINEAINS,2023-07-11,0.25,,,0.25,2772085,2026-04-08T04:05:28.903538+00:00
203089,GUINEAINS,2023-07-12,0.27,,,0.27,4960652,2026-04-08T04:05:31.299012+00:00
203203,GUINEAINS,2023-07-14,0.27,,,0.27,5064853,2026-04-08T04:05:34.698751+00:00
203317,GUINEAINS,2023-07-17,0.25,,,0.25,304148,2026-04-08T04:05:39.139368+00:00
203431,GUINEAINS,2023-07-19,0.23,,,0.23,6827426,2026-04-08T04:05:42.577032+00:00
203545,GUINEAINS,2023-07-20,0.23,,,0.23,201000,2026-04-08T04:05:45.122849+00:00
203659,GUINEAINS,2023-07-21,0.24,,,0.24,2094509,2026-04-08T04:05:47.594805+00:00
203773,GUINEAINS,2023-07-24,0.24,,,0.24,1024065,2026-04-08T04:05:52.167161+00:00
203887,GUINEAINS,2023-07-25,0.24,,,0.24,2284077,2026-04-08T04:05:54.602351+00:00
204001,GUINEAINS,2023-07-26,0.24,,,0.24,185850,2026-04-08T04:05:57.515236+00:00
204115,GUINEAINS,2023-07-27,0.24,,,0.24,33000,2026-04-08T04:05:59.880161+00:00
204229,GUINEAINS,2023-07-28,0.24,,,0.24,38500,2026-04-08T04:06:02.220136+00:00
204343,GUINEAINS,2023-07-31,0.24,,,0.24,2079490,2026-04-08T04:06:06.790851+00:00
204457,GUINEAINS,2023-08-02,0.24,,,0.24,217100,2026-04-08T04:06:10.326378+00:00
204571,GUINEAINS,2023-08-03,0.26,,,0.26,2486810,2026-04-08T04:06:12.834218+00:00
204685,GUINEAINS,2023-08-04,0.26,,,0.26,2236500,2026-04-08T04:06:15.200886+00:00
204799,GUINEAINS,2023-08-07,0.28,,,0.28,3966184,2026-04-08T04:06:19.871718+00:00
204913,GUINEAINS,2023-08-08,0.3,,,0.3,9104330,2026-04-08T04:06:22.245918+00:00
205027,GUINEAINS,2023-08-09,0.33,,,0.33,9197174,2026-04-08T04:06:24.635943+00:00
205141,GUINEAINS,2023-08-10,0.36,,,0.36,10196022,2026-04-08T04:06:27.035398+00:00
205255,GUINEAINS,2023-08-11,0.39,,,0.39,9499391,2026-04-08T04:06:29.455701+00:00
205369,GUINEAINS,2023-08-14,0.4,,,0.4,8469179,2026-04-08T04:06:33.923569+00:00
205483,GUINEAINS,2023-08-15,0.38,,,0.38,3939575,2026-04-08T04:06:36.358161+00:00
205597,GUINEAINS,2023-08-16,0.35,,,0.35,848965,2026-04-08T04:06:38.679915+00:00
205711,GUINEAINS,2023-08-17,0.32,,,0.32,505585,2026-04-08T04:06:40.998805+00:00
205825,GUINEAINS,2023-08-18,0.29,,,0.29,2780353,2026-04-08T04:06:43.468275+00:00
205939,GUINEAINS,2023-08-21,0.3,,,0.3,378710,2026-04-08T04:06:47.688711+00:00
206053,GUINEAINS,2023-08-24,0.27,,,0.27,189240,2026-04-08T04:06:51.989424+00:00
206167,GUINEAINS,2023-08-25,0.25,,,0.25,3308850,2026-04-08T04:06:54.38475+00:00
206281,GUINEAINS,2023-08-28,0.25,,,0.25,2119341,2026-04-08T04:06:59.310949+00:00
206395,GUINEAINS,2023-08-29,0.26,,,0.26,15783241,2026-04-08T04:07:01.613742+00:00
206509,GUINEAINS,2023-08-30,0.28,,,0.28,1597941,2026-04-08T04:07:03.820209+00:00
206623,GUINEAINS,2023-09-01,0.29,,,0.29,1234010,2026-04-08T04:07:07.195585+00:00
206737,GUINEAINS,2023-09-04,0.3,,,0.3,840007,2026-04-08T04:07:11.730996+00:00
206851,GUINEAINS,2023-09-05,0.3,,,0.3,49180,2026-04-08T04:07:14.175893+00:00
206965,GUINEAINS,2023-09-06,0.33,,,0.33,1834695,2026-04-08T04:07:16.66229+00:00
207079,GUINEAINS,2023-09-07,0.36,,,0.36,4176990,2026-04-08T04:07:19.134101+00:00
207193,GUINEAINS,2023-09-08,0.36,,,0.36,10874565,2026-04-08T04:07:21.445908+00:00
207307,GUINEAINS,2023-09-11,0.35,,,0.35,817924,2026-04-08T04:07:26.133096+00:00
207421,GUINEAINS,2023-09-12,0.32,,,0.32,501945,2026-04-08T04:07:28.57479+00:00
207535,GUINEAINS,2023-09-13,0.32,,,0.32,422680,2026-04-08T04:07:30.890589+00:00
207649,GUINEAINS,2023-09-14,0.29,,,0.29,2196648,2026-04-08T04:07:33.324455+00:00
207763,GUINEAINS,2023-09-15,0.29,,,0.29,2043000,2026-04-08T04:07:35.74244+00:00
207877,GUINEAINS,2023-09-18,0.28,,,0.28,1508952,2026-04-08T04:07:40.292184+00:00
207991,GUINEAINS,2023-09-19,0.26,,,0.26,5282991,2026-04-08T04:07:42.606346+00:00
208105,GUINEAINS,2023-09-20,0.25,,,0.25,9076250,2026-04-08T04:07:45.004042+00:00
208219,GUINEAINS,2023-09-21,0.24,,,0.24,23684229,2026-04-08T04:07:47.370085+00:00
208333,GUINEAINS,2023-09-22,0.23,,,0.23,3367362,2026-04-08T04:07:49.898567+00:00
208447,GUINEAINS,2023-09-25,0.23,,,0.23,6136244,2026-04-08T04:07:54.305125+00:00
208561,GUINEAINS,2023-09-28,0.24,,,0.24,414924,2026-04-08T04:07:58.898315+00:00
208675,GUINEAINS,2023-09-29,0.24,,,0.24,321758,2026-04-08T04:08:01.279649+00:00
208789,GUINEAINS,2023-10-03,0.22,,,0.22,768752,2026-04-08T04:08:06.721549+00:00
208903,GUINEAINS,2023-10-04,0.23,,,0.23,13910769,2026-04-08T04:08:09.042741+00:00
209017,GUINEAINS,2023-10-05,0.23,,,0.23,1437778,2026-04-08T04:08:11.600182+00:00
209132,GUINEAINS,2023-10-06,0.22,,,0.22,7962352,2026-04-08T04:08:14.22861+00:00
209247,GUINEAINS,2023-10-09,0.22,,,0.22,4361215,2026-04-08T04:08:18.740555+00:00
209362,GUINEAINS,2023-10-10,0.21,,,0.21,2162497,2026-04-08T04:08:21.390436+00:00
209476,GUINEAINS,2023-10-12,0.22,,,0.22,5986967,2026-04-08T04:08:24.861957+00:00
209591,GUINEAINS,2023-10-13,0.22,,,0.22,724185,2026-04-08T04:08:27.376596+00:00
209706,GUINEAINS,2023-10-16,0.22,,,0.22,5167168,2026-04-08T04:08:32.388707+00:00
209821,GUINEAINS,2023-10-17,0.22,,,0.22,14456610,2026-04-08T04:08:34.738576+00:00
209936,GUINEAINS,2023-10-19,0.25,,,0.25,4815422,2026-04-08T04:08:38.671249+00:00
210051,GUINEAINS,2023-10-20,0.23,,,0.23,1952924,2026-04-08T04:08:40.967521+00:00
210166,GUINEAINS,2023-10-23,0.24,,,0.24,1482431,2026-04-08T04:08:45.440193+00:00
210281,GUINEAINS,2023-10-24,0.24,,,0.24,502717,2026-04-08T04:08:47.71675+00:00
210396,GUINEAINS,2023-10-25,0.24,,,0.24,1294390,2026-04-08T04:08:50.022319+00:00
210511,GUINEAINS,2023-10-26,0.24,,,0.24,747290,2026-04-08T04:08:52.472279+00:00
210626,GUINEAINS,2023-10-27,0.24,,,0.24,727843,2026-04-08T04:08:54.778052+00:00
210741,GUINEAINS,2023-10-30,0.24,,,0.24,95480,2026-04-08T04:08:59.45056+00:00
210856,GUINEAINS,2023-10-31,0.24,,,0.24,500100,2026-04-08T04:09:01.914254+00:00
210971,GUINEAINS,2023-11-01,0.24,,,0.24,2645313,2026-04-08T04:09:04.386399+00:00
211086,GUINEAINS,2023-11-02,0.23,,,0.23,1857690,2026-04-08T04:09:06.696264+00:00
211201,GUINEAINS,2023-11-03,0.24,,,0.24,686186,2026-04-08T04:09:09.071615+00:00
211316,GUINEAINS,2023-11-06,0.25,,,0.25,217731,2026-04-08T04:09:13.59419+00:00
211431,GUINEAINS,2023-11-07,0.23,,,0.23,881033,2026-04-08T04:09:15.923939+00:00
211547,GUINEAINS,2023-11-08,0.22,,,0.22,3365464,2026-04-08T04:09:18.177895+00:00
211663,GUINEAINS,2023-11-09,0.23,,,0.23,432099,2026-04-08T04:09:20.462573+00:00
211779,GUINEAINS,2023-11-10,0.23,,,0.23,485708,2026-04-08T04:09:22.644841+00:00
211895,GUINEAINS,2023-11-13,0.24,,,0.24,1867980,2026-04-08T04:09:27.404692+00:00
212011,GUINEAINS,2023-11-14,0.24,,,0.24,1523452,2026-04-08T04:09:29.775588+00:00
212127,GUINEAINS,2023-11-15,0.24,,,0.24,731639,2026-04-08T04:09:32.378304+00:00
212243,GUINEAINS,2023-11-16,0.22,,,0.22,2218652,2026-04-08T04:09:34.916677+00:00
212359,GUINEAINS,2023-11-17,0.24,,,0.24,1890725,2026-04-08T04:09:37.378105+00:00
212475,GUINEAINS,2023-11-20,0.25,,,0.25,816107,2026-04-08T04:09:41.830835+00:00
212591,GUINEAINS,2023-11-21,0.27,,,0.27,7555559,2026-04-08T04:09:44.211025+00:00
212707,GUINEAINS,2023-11-22,0.29,,,0.29,1957017,2026-04-08T04:09:46.526636+00:00
212823,GUINEAINS,2023-11-23,0.31,,,0.31,7333605,2026-04-08T04:09:48.793806+00:00
212940,GUINEAINS,2023-11-27,0.32,,,0.32,21725707,2026-04-08T04:09:54.316732+00:00
213057,GUINEAINS,2023-11-28,0.3,,,0.3,5017618,2026-04-08T04:09:57.050116+00:00
213174,GUINEAINS,2023-11-29,0.27,,,0.27,10685054,2026-04-08T04:09:59.54407+00:00
213291,GUINEAINS,2023-11-30,0.25,,,0.25,703156,2026-04-08T04:10:01.973818+00:00
213408,GUINEAINS,2023-12-01,0.27,,,0.27,3286700,2026-04-08T04:10:04.46052+00:00
213525,GUINEAINS,2023-12-04,0.29,,,0.29,2722630,2026-04-08T04:10:08.793495+00:00
213642,GUINEAINS,2023-12-05,0.31,,,0.31,2707282,2026-04-08T04:10:11.104733+00:00
213759,GUINEAINS,2023-12-06,0.28,,,0.28,1530791,2026-04-08T04:10:13.383432+00:00
213876,GUINEAINS,2023-12-08,0.3,,,0.3,1439337,2026-04-08T04:10:16.965057+00:00
213993,GUINEAINS,2023-12-11,0.3,,,0.3,3799925,2026-04-08T04:10:21.350621+00:00
214110,GUINEAINS,2023-12-12,0.27,,,0.27,2103869,2026-04-08T04:10:23.843731+00:00
214227,GUINEAINS,2023-12-13,0.27,,,0.27,275888,2026-04-08T04:10:26.19208+00:00
214344,GUINEAINS,2023-12-14,0.29,,,0.29,200000,2026-04-08T04:10:28.64956+00:00
214461,GUINEAINS,2023-12-15,0.29,,,0.29,179500,2026-04-08T04:10:31.179138+00:00
214578,GUINEAINS,2023-12-18,0.29,,,0.29,797590,2026-04-08T04:10:35.879044+00:00
214695,GUINEAINS,2023-12-19,0.27,,,0.27,808000,2026-04-08T04:10:38.280823+00:00
214812,GUINEAINS,2023-12-20,0.29,,,0.29,389231,2026-04-08T04:10:40.523028+00:00
214929,GUINEAINS,2023-12-21,0.29,,,0.29,524848,2026-04-08T04:10:42.873875+00:00
215046,GUINEAINS,2023-12-28,0.29,,,0.29,1627310,2026-04-08T04:10:51.166125+00:00
215163,GUINEAINS,2023-12-29,0.29,,,0.29,1706000,2026-04-08T04:10:53.57119+00:00
215280,GUINEAINS,2024-01-02,0.29,,,0.29,9369931,2026-04-08T04:10:59.157783+00:00
215397,GUINEAINS,2024-01-03,0.31,,,0.31,6579948,2026-04-08T04:11:01.401293+00:00
215514,GUINEAINS,2024-01-04,0.34,,,0.34,2331088,2026-04-08T04:11:03.846312+00:00
215631,GUINEAINS,2024-01-05,0.37,,,0.37,12790238,2026-04-08T04:11:07.208124+00:00
215748,GUINEAINS,2024-01-08,0.4,,,0.4,12189362,2026-04-08T04:11:11.742656+00:00
215865,GUINEAINS,2024-01-09,0.44,,,0.44,5055176,2026-04-08T04:11:14.100458+00:00
215982,GUINEAINS,2024-01-10,0.4,,,0.4,10096914,2026-04-08T04:11:16.512964+00:00
216099,GUINEAINS,2024-01-11,0.44,,,0.44,9221892,2026-04-08T04:11:18.918089+00:00
216216,GUINEAINS,2024-01-12,0.48,,,0.48,3662598,2026-04-08T04:11:21.244944+00:00
216333,GUINEAINS,2024-01-15,0.52,,,0.52,7715329,2026-04-08T04:11:25.674113+00:00
216450,GUINEAINS,2024-01-16,0.57,,,0.57,483437,2026-04-08T04:11:28.037988+00:00
216567,GUINEAINS,2024-01-18,0.57,,,0.57,11891907,2026-04-08T04:11:31.337167+00:00
216684,GUINEAINS,2024-01-19,0.58,,,0.58,5139469,2026-04-08T04:11:38.619168+00:00
216801,GUINEAINS,2024-01-22,0.53,,,0.53,8526088,2026-04-08T04:11:42.948818+00:00
216918,GUINEAINS,2024-01-23,0.48,,,0.48,3689176,2026-04-08T04:11:45.304506+00:00
217035,GUINEAINS,2024-01-24,0.52,,,0.52,5292092,2026-04-08T04:11:47.647942+00:00
217152,GUINEAINS,2024-01-25,0.53,,,0.53,894055,2026-04-08T04:11:50.11021+00:00
217269,GUINEAINS,2024-01-26,0.57,,,0.57,3907714,2026-04-08T04:11:52.721812+00:00
217386,GUINEAINS,2024-01-29,0.6,,,0.6,5928461,2026-04-08T04:11:57.440388+00:00
217503,GUINEAINS,2024-01-30,0.54,,,0.54,6196503,2026-04-08T04:12:00.024191+00:00
217620,GUINEAINS,2024-01-31,0.49,,,0.49,7460578,2026-04-08T04:12:02.433526+00:00
217737,GUINEAINS,2024-02-01,0.53,,,0.53,2949095,2026-04-08T04:12:04.812869+00:00
217854,GUINEAINS,2024-02-02,0.58,,,0.58,813246,2026-04-08T04:12:07.232701+00:00
217971,GUINEAINS,2024-02-05,0.56,,,0.56,7058451,2026-04-08T04:12:11.791199+00:00
218088,GUINEAINS,2024-02-06,0.56,,,0.56,437074,2026-04-08T04:12:14.363902+00:00
218205,GUINEAINS,2024-02-07,0.51,,,0.51,2271299,2026-04-08T04:12:16.791058+00:00
218322,GUINEAINS,2024-02-08,0.48,,,0.48,1506900,2026-04-08T04:12:19.312026+00:00
218439,GUINEAINS,2024-02-09,0.52,,,0.52,1811107,2026-04-08T04:12:21.609908+00:00
218556,GUINEAINS,2024-02-12,0.54,,,0.54,1862629,2026-04-08T04:12:25.771109+00:00
218673,GUINEAINS,2024-02-13,0.54,,,0.54,1184776,2026-04-08T04:12:28.061356+00:00
218790,GUINEAINS,2024-02-14,0.49,,,0.49,1006975,2026-04-08T04:12:30.570558+00:00
218907,GUINEAINS,2024-02-16,0.48,,,0.48,366020,2026-04-08T04:12:34.036511+00:00
219024,GUINEAINS,2024-02-19,0.46,,,0.46,1777924,2026-04-08T04:12:38.429241+00:00
219141,GUINEAINS,2024-02-20,0.46,,,0.46,586413,2026-04-08T04:12:40.813552+00:00
219258,GUINEAINS,2024-02-21,0.47,,,0.47,610750,2026-04-08T04:12:43.257682+00:00
219375,GUINEAINS,2024-02-22,0.44,,,0.44,1594150,2026-04-08T04:12:45.850796+00:00
219492,GUINEAINS,2024-02-26,0.42,,,0.42,3860518,2026-04-08T04:12:51.18414+00:00
219609,GUINEAINS,2024-02-27,0.42,,,0.42,702228,2026-04-08T04:12:53.509755+00:00
219726,GUINEAINS,2024-02-29,0.38,,,0.38,465810,2026-04-08T04:12:56.822244+00:00
219843,GUINEAINS,2024-03-01,0.4,,,0.4,485248,2026-04-08T04:12:59.287484+00:00
219960,GUINEAINS,2024-03-04,0.4,,,0.4,899118,2026-04-08T04:13:03.814092+00:00
220078,GUINEAINS,2024-03-05,0.4,,,0.4,200092,2026-04-08T04:13:06.279726+00:00
220196,GUINEAINS,2024-03-06,0.37,,,0.37,1227200,2026-04-08T04:13:08.558236+00:00
220314,GUINEAINS,2024-03-07,0.38,,,0.38,690093,2026-04-08T04:13:10.988978+00:00
220432,GUINEAINS,2024-03-08,0.35,,,0.35,866200,2026-04-08T04:13:13.453006+00:00
220550,GUINEAINS,2024-03-11,0.35,,,0.35,337044,2026-04-08T04:13:17.773706+00:00
220668,GUINEAINS,2024-03-12,0.35,,,0.35,1050395,2026-04-08T04:13:20.258657+00:00
220786,GUINEAINS,2024-03-13,0.38,,,0.38,1201997,2026-04-08T04:13:22.557243+00:00
220904,GUINEAINS,2024-03-14,0.38,,,0.38,25050,2026-04-08T04:13:25.004754+00:00
221022,GUINEAINS,2024-03-15,0.38,,,0.38,102600,2026-04-08T04:13:27.500984+00:00
221140,GUINEAINS,2024-03-19,0.36,,,0.36,732546,2026-04-08T04:13:32.54102+00:00
221258,GUINEAINS,2024-03-20,0.36,,,0.36,1466164,2026-04-08T04:13:34.949661+00:00
221376,GUINEAINS,2024-03-21,0.39,,,0.39,1191881,2026-04-08T04:13:37.293426+00:00
221494,GUINEAINS,2024-03-22,0.39,,,0.39,198427,2026-04-08T04:13:39.66616+00:00
221612,GUINEAINS,2024-03-25,0.39,,,0.39,239250,2026-04-08T04:13:43.964435+00:00
221730,GUINEAINS,2024-03-26,0.38,,,0.38,1433288,2026-04-08T04:13:46.391317+00:00
221848,GUINEAINS,2024-03-27,0.38,,,0.38,568480,2026-04-08T04:13:48.795654+00:00
221966,GUINEAINS,2024-03-28,0.35,,,0.35,2907514,2026-04-08T04:13:51.173779+00:00
222084,GUINEAINS,2024-04-02,0.37,,,0.37,1780182,2026-04-08T04:13:58.053067+00:00
222202,GUINEAINS,2024-04-03,0.35,,,0.35,2178865,2026-04-08T04:14:00.66873+00:00
222320,GUINEAINS,2024-04-04,0.37,,,0.37,604897,2026-04-08T04:14:03.310057+00:00
222438,GUINEAINS,2024-04-05,0.36,,,0.36,1897705,2026-04-08T04:14:05.820809+00:00
222556,GUINEAINS,2024-04-12,0.36,,,0.36,996044,2026-04-08T04:14:15.984697+00:00
222674,GUINEAINS,2024-04-15,0.36,,,0.36,2620097,2026-04-08T04:14:20.492228+00:00
222792,GUINEAINS,2024-04-16,0.34,,,0.34,865290,2026-04-08T04:14:22.958286+00:00
222910,GUINEAINS,2024-04-17,0.37,,,0.37,1058725,2026-04-08T04:14:25.407203+00:00
223028,GUINEAINS,2024-04-18,0.34,,,0.34,486735,2026-04-08T04:14:27.862982+00:00
223146,GUINEAINS,2024-04-19,0.34,,,0.34,384198,2026-04-08T04:14:30.225092+00:00
223264,GUINEAINS,2024-04-22,0.34,,,0.34,499200,2026-04-08T04:14:34.624841+00:00
223382,GUINEAINS,2024-04-23,0.34,,,0.34,555667,2026-04-08T04:14:36.881925+00:00
223500,GUINEAINS,2024-04-24,0.33,,,0.33,1606004,2026-04-08T04:14:39.108369+00:00
223618,GUINEAINS,2024-04-25,0.32,,,0.32,346568,2026-04-08T04:14:41.415412+00:00
223736,GUINEAINS,2024-04-26,0.32,,,0.32,1182000,2026-04-08T04:14:43.709399+00:00
223854,GUINEAINS,2024-04-29,0.32,,,0.32,248040,2026-04-08T04:14:47.97937+00:00
223972,GUINEAINS,2024-04-30,0.32,,,0.32,428160,2026-04-08T04:14:50.304196+00:00
224090,GUINEAINS,2024-05-02,0.33,,,0.33,1983413,2026-04-08T04:14:53.573612+00:00
224208,GUINEAINS,2024-05-03,0.3,,,0.3,4120938,2026-04-08T04:14:55.989363+00:00
224326,GUINEAINS,2024-05-06,0.33,,,0.33,2203285,2026-04-08T04:15:00.14873+00:00
224444,GUINEAINS,2024-05-07,0.31,,,0.31,995210,2026-04-08T04:15:02.40079+00:00
224562,GUINEAINS,2024-05-08,0.31,,,0.31,756370,2026-04-08T04:15:04.708287+00:00
224680,GUINEAINS,2024-05-09,0.31,,,0.31,2940335,2026-04-08T04:15:07.337178+00:00
224798,GUINEAINS,2024-05-10,0.34,,,0.34,1299815,2026-04-08T04:15:09.604775+00:00
224916,GUINEAINS,2024-05-13,0.32,,,0.32,1623492,2026-04-08T04:15:13.907933+00:00
225034,GUINEAINS,2024-05-14,0.3,,,0.3,14101471,2026-04-08T04:15:16.26654+00:00
225152,GUINEAINS,2024-05-15,0.3,,,0.3,2579198,2026-04-08T04:15:18.549958+00:00
225270,GUINEAINS,2024-05-16,0.33,,,0.33,2236439,2026-04-08T04:15:20.841424+00:00
225388,GUINEAINS,2024-05-20,0.31,,,0.31,2722458,2026-04-08T04:15:25.962105+00:00
225506,GUINEAINS,2024-05-21,0.32,,,0.32,666564,2026-04-08T04:15:28.334406+00:00
225624,GUINEAINS,2024-05-22,0.32,,,0.32,601250,2026-04-08T04:15:30.660212+00:00
225742,GUINEAINS,2024-05-23,0.32,,,0.32,88030,2026-04-08T04:15:32.993296+00:00
225860,GUINEAINS,2024-05-24,0.31,,,0.31,681204,2026-04-08T04:15:35.360226+00:00
225978,GUINEAINS,2024-05-27,0.31,,,0.31,572394,2026-04-08T04:15:39.562711+00:00
226096,GUINEAINS,2024-05-28,0.31,,,0.31,983150,2026-04-08T04:15:41.894674+00:00
226214,GUINEAINS,2024-05-29,0.3,,,0.3,1573339,2026-04-08T04:15:44.435333+00:00
226332,GUINEAINS,2024-05-30,0.3,,,0.3,715183,2026-04-08T04:15:46.695543+00:00
226450,GUINEAINS,2024-05-31,0.3,,,0.3,983779,2026-04-08T04:15:48.909252+00:00
226568,GUINEAINS,2024-06-03,0.32,,,0.32,706040,2026-04-08T04:15:53.203965+00:00
226686,GUINEAINS,2024-06-04,0.32,,,0.32,1231097,2026-04-08T04:15:55.456464+00:00
226804,GUINEAINS,2024-06-05,0.32,,,0.32,643880,2026-04-08T04:15:57.839545+00:00
226922,GUINEAINS,2024-06-06,0.32,,,0.32,329865,2026-04-08T04:16:00.091412+00:00
227040,GUINEAINS,2024-06-07,0.31,,,0.31,1317071,2026-04-08T04:16:02.294722+00:00
227158,GUINEAINS,2024-06-10,0.31,,,0.31,3511283,2026-04-08T04:16:06.655303+00:00
227276,GUINEAINS,2024-06-11,0.31,,,0.31,956265,2026-04-08T04:16:09.027942+00:00
227394,GUINEAINS,2024-06-13,0.32,,,0.32,1321244,2026-04-08T04:16:12.454757+00:00
227512,GUINEAINS,2024-06-14,0.33,,,0.33,419955,2026-04-08T04:16:14.762224+00:00
227630,GUINEAINS,2024-06-20,0.35,,,0.35,2223476,2026-04-08T04:16:22.365263+00:00
227748,GUINEAINS,2024-06-21,0.34,,,0.34,3454980,2026-04-08T04:16:24.740936+00:00
227866,GUINEAINS,2024-06-24,0.34,,,0.34,1279000,2026-04-08T04:16:29.101951+00:00
227984,GUINEAINS,2024-06-25,0.33,,,0.33,456214,2026-04-08T04:16:31.430939+00:00
228102,GUINEAINS,2024-06-26,0.33,,,0.33,2905117,2026-04-08T04:16:33.77834+00:00
228220,GUINEAINS,2024-06-27,0.33,,,0.33,3604804,2026-04-08T04:16:36.13415+00:00
228338,GUINEAINS,2024-06-28,0.33,,,0.33,1073931,2026-04-08T04:16:38.472674+00:00
228456,GUINEAINS,2024-07-01,0.34,,,0.34,2102671,2026-04-08T04:16:42.881798+00:00
228574,GUINEAINS,2024-07-02,0.37,,,0.37,3589122,2026-04-08T04:16:45.256647+00:00
228692,GUINEAINS,2024-07-03,0.39,,,0.39,7533457,2026-04-08T04:16:47.732339+00:00
228810,GUINEAINS,2024-07-04,0.36,,,0.36,3010405,2026-04-08T04:16:50.22378+00:00
228928,GUINEAINS,2024-07-05,0.34,,,0.34,2480799,2026-04-08T04:16:52.679645+00:00
229046,GUINEAINS,2024-07-08,0.34,,,0.34,0,2026-04-08T04:16:57.375145+00:00
229164,GUINEAINS,2024-07-09,0.34,,,0.34,0,2026-04-08T04:16:59.679545+00:00
229282,GUINEAINS,2024-07-10,0.34,,,0.34,0,2026-04-08T04:17:02.104038+00:00
229400,GUINEAINS,2024-07-11,0.34,,,0.34,0,2026-04-08T04:17:04.804273+00:00
229518,GUINEAINS,2024-07-12,0.34,,,0.34,0,2026-04-08T04:17:07.071694+00:00
229636,GUINEAINS,2024-07-15,0.34,,,0.34,0,2026-04-08T04:17:11.418935+00:00
229754,GUINEAINS,2024-07-16,0.34,,,0.34,0,2026-04-08T04:17:13.920176+00:00
229872,GUINEAINS,2024-07-17,0.34,,,0.34,0,2026-04-08T04:17:16.239817+00:00
229990,GUINEAINS,2024-07-18,0.34,,,0.34,0,2026-04-08T04:17:18.614364+00:00
230108,GUINEAINS,2024-07-19,0.34,,,0.34,0,2026-04-08T04:17:20.923419+00:00
230226,GUINEAINS,2024-07-22,0.34,,,0.34,0,2026-04-08T04:17:25.185516+00:00
230344,GUINEAINS,2024-07-23,0.34,,,0.34,0,2026-04-08T04:17:27.655924+00:00
230462,GUINEAINS,2024-07-24,0.34,,,0.34,0,2026-04-08T04:17:30.124258+00:00
230580,GUINEAINS,2024-07-25,0.34,,,0.34,0,2026-04-08T04:17:32.638981+00:00
230698,GUINEAINS,2024-07-26,0.34,,,0.34,0,2026-04-08T04:17:35.101122+00:00
230816,GUINEAINS,2024-07-29,0.34,,,0.34,0,2026-04-08T04:17:40.103977+00:00
230934,GUINEAINS,2024-07-30,0.34,,,0.34,0,2026-04-08T04:17:43.080384+00:00
231052,GUINEAINS,2024-07-31,0.34,,,0.34,0,2026-04-08T04:17:45.61458+00:00
231170,GUINEAINS,2024-08-01,0.34,,,0.34,0,2026-04-08T04:17:47.950902+00:00
231288,GUINEAINS,2024-08-02,0.34,,,0.34,0,2026-04-08T04:17:50.372085+00:00
231406,GUINEAINS,2024-08-05,0.34,,,0.34,0,2026-04-08T04:17:54.929581+00:00
231524,GUINEAINS,2024-08-06,0.34,,,0.34,0,2026-04-08T04:17:57.472912+00:00
231642,GUINEAINS,2024-08-07,0.34,,,0.34,0,2026-04-08T04:17:59.948734+00:00
231760,GUINEAINS,2024-08-08,0.34,,,0.34,0,2026-04-08T04:18:02.36647+00:00
231878,GUINEAINS,2024-08-09,0.34,,,0.34,0,2026-04-08T04:18:04.674683+00:00
231996,GUINEAINS,2024-08-12,0.37,,,0.37,2864880,2026-04-08T04:18:08.918743+00:00
232114,GUINEAINS,2024-08-13,0.4,,,0.4,18003688,2026-04-08T04:18:11.387792+00:00
232232,GUINEAINS,2024-08-14,0.44,,,0.44,3454796,2026-04-08T04:18:13.859526+00:00
232350,GUINEAINS,2024-08-15,0.4,,,0.4,6941350,2026-04-08T04:18:16.357381+00:00
232468,GUINEAINS,2024-08-16,0.4,,,0.4,4809359,2026-04-08T04:18:18.692447+00:00
232586,GUINEAINS,2024-08-19,0.4,,,0.4,3921191,2026-04-08T04:18:23.063194+00:00
232704,GUINEAINS,2024-08-20,0.4,,,0.4,8906132,2026-04-08T04:18:25.366221+00:00
232822,GUINEAINS,2024-08-21,0.38,,,0.38,3411690,2026-04-08T04:18:27.861334+00:00
232940,GUINEAINS,2024-08-22,0.41,,,0.41,2672662,2026-04-08T04:18:30.156184+00:00
233058,GUINEAINS,2024-08-23,0.41,,,0.41,2945867,2026-04-08T04:18:32.497978+00:00
233176,GUINEAINS,2024-08-26,0.41,,,0.41,8390139,2026-04-08T04:18:37.19542+00:00
233294,GUINEAINS,2024-08-27,0.45,,,0.45,9603158,2026-04-08T04:18:39.561091+00:00
233412,GUINEAINS,2024-08-28,0.45,,,0.45,3483405,2026-04-08T04:18:42.048567+00:00
233530,GUINEAINS,2024-08-29,0.49,,,0.49,6995812,2026-04-08T04:18:44.36768+00:00
233648,GUINEAINS,2024-09-02,0.5,,,0.5,3365500,2026-04-08T04:18:49.632285+00:00
233766,GUINEAINS,2024-09-03,0.55,,,0.55,11631788,2026-04-08T04:18:52.389232+00:00
233884,GUINEAINS,2024-09-04,0.55,,,0.55,1826127,2026-04-08T04:18:54.875674+00:00
234002,GUINEAINS,2024-09-05,0.5,,,0.5,5234178,2026-04-08T04:18:57.763256+00:00
234120,GUINEAINS,2024-09-06,0.52,,,0.52,5454127,2026-04-08T04:19:00.536712+00:00
234238,GUINEAINS,2024-09-09,0.5,,,0.5,5154195,2026-04-08T04:19:05.495104+00:00
234356,GUINEAINS,2024-09-10,0.54,,,0.54,2889867,2026-04-08T04:19:08.070871+00:00
234474,GUINEAINS,2024-09-11,0.51,,,0.51,2207876,2026-04-08T04:19:10.663572+00:00
234592,GUINEAINS,2024-09-12,0.5,,,0.5,1521602,2026-04-08T04:19:13.371302+00:00
234710,GUINEAINS,2024-09-13,0.5,,,0.5,2873399,2026-04-08T04:19:16.033041+00:00
234828,GUINEAINS,2024-09-17,0.47,,,0.47,1284765,2026-04-08T04:19:22.824888+00:00
234946,GUINEAINS,2024-09-18,0.49,,,0.49,2029262,2026-04-08T04:19:25.915955+00:00
235064,GUINEAINS,2024-09-19,0.49,,,0.49,452622,2026-04-08T04:19:28.330134+00:00
235182,GUINEAINS,2024-09-20,0.47,,,0.47,7002359,2026-04-08T04:19:30.82066+00:00
235300,GUINEAINS,2024-09-23,0.48,,,0.48,596434,2026-04-08T04:19:35.29526+00:00
235418,GUINEAINS,2024-09-24,0.49,,,0.49,921995,2026-04-08T04:19:37.629736+00:00
235536,GUINEAINS,2024-09-25,0.47,,,0.47,1847996,2026-04-08T04:19:40.096992+00:00
235654,GUINEAINS,2024-09-26,0.45,,,0.45,1696832,2026-04-08T04:19:42.676048+00:00
235772,GUINEAINS,2024-09-27,0.45,,,0.45,826230,2026-04-08T04:19:45.342636+00:00
235890,GUINEAINS,2024-09-30,0.48,,,0.48,2358727,2026-04-08T04:19:50.223917+00:00
236008,GUINEAINS,2024-10-02,0.46,,,0.46,3256828,2026-04-08T04:19:53.821423+00:00
236126,GUINEAINS,2024-10-03,0.45,,,0.45,4111778,2026-04-08T04:19:56.203135+00:00
236244,GUINEAINS,2024-10-04,0.48,,,0.48,2657380,2026-04-08T04:19:58.634737+00:00
236362,GUINEAINS,2024-10-07,0.44,,,0.44,2633864,2026-04-08T04:20:03.05432+00:00
236480,GUINEAINS,2024-10-08,0.46,,,0.46,3309177,2026-04-08T04:20:05.535519+00:00
236598,GUINEAINS,2024-10-10,0.47,,,0.47,2573905,2026-04-08T04:20:08.855054+00:00
236716,GUINEAINS,2024-10-11,0.49,,,0.49,1111324,2026-04-08T04:20:11.460237+00:00
236834,GUINEAINS,2024-10-14,0.46,,,0.46,533039,2026-04-08T04:20:16.284622+00:00
236953,GUINEAINS,2024-10-15,0.45,,,0.45,1389702,2026-04-08T04:20:18.84933+00:00
237072,GUINEAINS,2024-10-17,0.45,,,0.45,723435,2026-04-08T04:20:23.389134+00:00
237191,GUINEAINS,2024-10-18,0.46,,,0.46,471106,2026-04-08T04:20:26.17489+00:00
237310,GUINEAINS,2024-10-21,0.47,,,0.47,1005058,2026-04-08T04:20:30.541886+00:00
237429,GUINEAINS,2024-10-22,0.47,,,0.47,2979851,2026-04-08T04:20:32.890604+00:00
237548,GUINEAINS,2024-10-23,0.47,,,0.47,251146,2026-04-08T04:20:35.186729+00:00
237667,GUINEAINS,2024-10-24,0.48,,,0.48,604428,2026-04-08T04:20:37.740613+00:00
237786,GUINEAINS,2024-10-25,0.5,,,0.5,5166672,2026-04-08T04:20:40.222387+00:00
237905,GUINEAINS,2024-10-28,0.49,,,0.49,913434,2026-04-08T04:20:44.742576+00:00
238024,GUINEAINS,2024-10-29,0.49,,,0.49,329937,2026-04-08T04:20:47.136244+00:00
238143,GUINEAINS,2024-10-30,0.48,,,0.48,1505914,2026-04-08T04:20:49.405969+00:00
238262,GUINEAINS,2024-10-31,0.48,,,0.48,5976802,2026-04-08T04:20:51.756515+00:00
238381,GUINEAINS,2024-11-01,0.45,,,0.45,2632553,2026-04-08T04:20:54.1075+00:00
238500,GUINEAINS,2024-11-04,0.47,,,0.47,1526232,2026-04-08T04:20:58.471072+00:00
238619,GUINEAINS,2024-11-05,0.45,,,0.45,6539811,2026-04-08T04:21:01.00344+00:00
238738,GUINEAINS,2024-11-06,0.45,,,0.45,775708,2026-04-08T04:21:03.585377+00:00
238857,GUINEAINS,2024-11-07,0.45,,,0.45,1920391,2026-04-08T04:21:06.256351+00:00
238976,GUINEAINS,2024-11-08,0.48,,,0.48,902074,2026-04-08T04:21:08.623134+00:00
239095,GUINEAINS,2024-11-11,0.46,,,0.46,3656234,2026-04-08T04:21:12.782875+00:00
239214,GUINEAINS,2024-11-12,0.44,,,0.44,3605154,2026-04-08T04:21:15.417322+00:00
239333,GUINEAINS,2024-11-13,0.43,,,0.43,4982755,2026-04-08T04:21:17.790166+00:00
239452,GUINEAINS,2024-11-14,0.45,,,0.45,4822626,2026-04-08T04:21:20.354873+00:00
239571,GUINEAINS,2024-11-15,0.45,,,0.45,4009234,2026-04-08T04:21:22.90937+00:00
239690,GUINEAINS,2024-11-18,0.47,,,0.47,878909,2026-04-08T04:21:27.576358+00:00
239809,GUINEAINS,2024-11-19,0.48,,,0.48,6581774,2026-04-08T04:21:29.868433+00:00
239928,GUINEAINS,2024-11-20,0.52,,,0.52,16198550,2026-04-08T04:21:32.433299+00:00
240047,GUINEAINS,2024-11-21,0.57,,,0.57,7360030,2026-04-08T04:21:34.755564+00:00
240166,GUINEAINS,2024-11-22,0.55,,,0.55,34923317,2026-04-08T04:21:37.514754+00:00
240285,GUINEAINS,2024-11-25,0.5,,,0.5,32863429,2026-04-08T04:21:41.818387+00:00
240404,GUINEAINS,2024-11-26,0.49,,,0.49,13036970,2026-04-08T04:21:44.163824+00:00
240523,GUINEAINS,2024-11-27,0.53,,,0.53,10450404,2026-04-08T04:21:46.720727+00:00
240642,GUINEAINS,2024-11-28,0.5,,,0.5,41316712,2026-04-08T04:21:49.110263+00:00
240761,GUINEAINS,2024-12-02,0.51,,,0.51,2915898,2026-04-08T04:21:54.88401+00:00
240880,GUINEAINS,2024-12-03,0.51,,,0.51,3825493,2026-04-08T04:21:57.640504+00:00
240999,GUINEAINS,2024-12-04,0.52,,,0.52,4339432,2026-04-08T04:21:59.930228+00:00
241118,GUINEAINS,2024-12-06,0.56,,,0.56,925897,2026-04-08T04:22:03.392712+00:00
241237,GUINEAINS,2024-12-09,0.51,,,0.51,1880213,2026-04-08T04:22:07.745808+00:00
241356,GUINEAINS,2024-12-10,0.56,,,0.56,3640026,2026-04-08T04:22:10.112253+00:00
241475,GUINEAINS,2024-12-11,0.55,,,0.55,331010,2026-04-08T04:22:12.639548+00:00
241594,GUINEAINS,2024-12-12,0.6,,,0.6,6778767,2026-04-08T04:22:15.033357+00:00
241713,GUINEAINS,2024-12-13,0.61,,,0.61,3555964,2026-04-08T04:22:17.509919+00:00
241832,GUINEAINS,2024-12-16,0.67,,,0.67,9097136,2026-04-08T04:22:22.499781+00:00
241951,GUINEAINS,2024-12-17,0.72,,,0.72,12450493,2026-04-08T04:22:24.995572+00:00
242070,GUINEAINS,2024-12-18,0.66,,,0.66,4746893,2026-04-08T04:22:27.498126+00:00
242189,GUINEAINS,2024-12-19,0.67,,,0.67,4249601,2026-04-08T04:22:29.868083+00:00
242308,GUINEAINS,2024-12-20,0.69,,,0.69,4779108,2026-04-08T04:22:32.392508+00:00
242427,GUINEAINS,2024-12-23,0.69,,,0.69,2798900,2026-04-08T04:22:36.740311+00:00
242546,GUINEAINS,2024-12-24,0.66,,,0.66,713835,2026-04-08T04:22:39.25804+00:00
242665,GUINEAINS,2024-12-27,0.68,,,0.68,4548100,2026-04-08T04:22:43.946119+00:00
242783,GUINEAINS,2024-12-31,0.81,,,0.81,7079629,2026-04-08T04:22:48.665239+00:00
242901,GUINEAINS,2025-01-02,0.89,,,0.89,17299219,2026-04-08T04:22:52.256438+00:00
243019,GUINEAINS,2025-01-03,0.97,,,0.97,2497030,2026-04-08T04:22:55.101113+00:00
243137,GUINEAINS,2025-01-06,1.06,,,1.06,21616395,2026-04-08T04:23:00.046313+00:00
243255,GUINEAINS,2025-01-07,0.97,,,0.97,39105582,2026-04-08T04:23:02.329348+00:00
243373,GUINEAINS,2025-01-08,0.99,,,0.99,25501155,2026-04-08T04:23:04.632968+00:00
243491,GUINEAINS,2025-01-09,0.91,,,0.91,14625636,2026-04-08T04:23:06.908261+00:00
243609,GUINEAINS,2025-01-10,0.9,,,0.9,7062677,2026-04-08T04:23:09.304805+00:00
243727,GUINEAINS,2025-01-13,0.95,,,0.95,8114846,2026-04-08T04:23:13.790041+00:00
243845,GUINEAINS,2025-01-14,0.89,,,0.89,10753826,2026-04-08T04:23:16.129929+00:00
243963,GUINEAINS,2025-01-15,0.86,,,0.86,5225155,2026-04-08T04:23:18.535433+00:00
244081,GUINEAINS,2025-01-16,0.83,,,0.83,2819322,2026-04-08T04:23:20.834867+00:00
244199,GUINEAINS,2025-01-17,0.9,,,0.9,4274559,2026-04-08T04:23:23.141674+00:00
244317,GUINEAINS,2025-01-20,0.92,,,0.92,3841178,2026-04-08T04:23:27.482452+00:00
244435,GUINEAINS,2025-01-21,0.94,,,0.94,3461835,2026-04-08T04:23:29.752731+00:00
244553,GUINEAINS,2025-01-22,0.87,,,0.87,1420671,2026-04-08T04:23:32.235559+00:00
244671,GUINEAINS,2025-01-23,0.83,,,0.83,2277869,2026-04-08T04:23:34.519549+00:00
244789,GUINEAINS,2025-01-24,0.84,,,0.84,1194262,2026-04-08T04:23:37.097992+00:00
244907,GUINEAINS,2025-01-27,0.81,,,0.81,7363252,2026-04-08T04:23:41.817807+00:00
245025,GUINEAINS,2025-01-28,0.83,,,0.83,2056168,2026-04-08T04:23:44.43679+00:00
245143,GUINEAINS,2025-01-30,0.73,,,0.73,1972996,2026-04-08T04:23:47.90788+00:00
245261,GUINEAINS,2025-01-31,0.73,,,0.73,1972996,2026-04-08T04:23:50.425841+00:00
245379,GUINEAINS,2025-02-03,0.73,,,0.73,1646965,2026-04-08T04:23:55.090801+00:00
245497,GUINEAINS,2025-02-04,0.8,,,0.8,3937750,2026-04-08T04:23:57.584141+00:00
245615,GUINEAINS,2025-02-05,0.88,,,0.88,5253346,2026-04-08T04:24:00.484627+00:00
245733,GUINEAINS,2025-02-06,0.85,,,0.85,13883230,2026-04-08T04:24:04.153698+00:00
245851,GUINEAINS,2025-02-07,0.85,,,0.85,2039789,2026-04-08T04:24:07.822728+00:00
245969,GUINEAINS,2025-02-10,0.85,,,0.85,2371499,2026-04-08T04:24:13.163899+00:00
246087,GUINEAINS,2025-02-11,0.8,,,0.8,6379140,2026-04-08T04:24:15.629092+00:00
246205,GUINEAINS,2025-02-12,0.8,,,0.8,1207915,2026-04-08T04:24:18.226035+00:00
246323,GUINEAINS,2025-02-13,0.79,,,0.79,1770692,2026-04-08T04:24:20.725749+00:00
246441,GUINEAINS,2025-02-14,0.79,,,0.79,3669310,2026-04-08T04:24:23.300806+00:00
246559,GUINEAINS,2025-02-17,0.79,,,0.79,3235776,2026-04-08T04:24:27.726986+00:00
246677,GUINEAINS,2025-02-18,0.78,,,0.78,1091631,2026-04-08T04:24:30.295737+00:00
246795,GUINEAINS,2025-02-19,0.74,,,0.74,1642510,2026-04-08T04:24:32.765887+00:00
246913,GUINEAINS,2025-02-20,0.79,,,0.79,2059744,2026-04-08T04:24:35.351909+00:00
247031,GUINEAINS,2025-02-21,0.76,,,0.76,1730095,2026-04-08T04:24:37.680479+00:00
247149,GUINEAINS,2025-02-25,0.8,,,0.8,442195,2026-04-08T04:24:43.419296+00:00
247267,GUINEAINS,2025-02-26,0.72,,,0.72,5500875,2026-04-08T04:24:45.860894+00:00
247385,GUINEAINS,2025-02-27,0.66,,,0.66,5534008,2026-04-08T04:24:48.27846+00:00
247503,GUINEAINS,2025-02-28,0.64,,,0.64,10377592,2026-04-08T04:24:50.63724+00:00
247621,GUINEAINS,2025-03-03,0.7,,,0.7,7572409,2026-04-08T04:24:55.222854+00:00
247739,GUINEAINS,2025-03-04,0.63,,,0.63,3254643,2026-04-08T04:24:57.762887+00:00
247858,GUINEAINS,2025-03-05,0.65,,,0.65,1858167,2026-04-08T04:25:00.108696+00:00
247977,GUINEAINS,2025-03-06,0.68,,,0.68,2655384,2026-04-08T04:25:02.52336+00:00
248096,GUINEAINS,2025-03-07,0.66,,,0.66,763098,2026-04-08T04:25:04.19753+00:00
248215,GUINEAINS,2025-03-10,0.68,,,0.68,658420,2026-04-08T04:25:07.959889+00:00
248334,GUINEAINS,2025-03-11,0.63,,,0.63,764473,2026-04-08T04:25:10.446731+00:00
248453,GUINEAINS,2025-03-12,0.63,,,0.63,476386,2026-04-08T04:25:12.888859+00:00
248572,GUINEAINS,2025-03-13,0.63,,,0.63,383438,2026-04-08T04:25:15.353849+00:00
248691,GUINEAINS,2025-03-14,0.69,,,0.69,3172180,2026-04-08T04:25:17.75152+00:00
248810,GUINEAINS,2025-03-17,0.65,,,0.65,4160590,2026-04-08T04:25:23.327657+00:00
248929,GUINEAINS,2025-03-18,0.7,,,0.7,499390,2026-04-08T04:25:25.763099+00:00
249048,GUINEAINS,2025-03-19,0.68,,,0.68,4456132,2026-04-08T04:25:28.144043+00:00
249167,GUINEAINS,2025-03-20,0.68,,,0.68,329376,2026-04-08T04:25:31.01834+00:00
249286,GUINEAINS,2025-03-21,0.7,,,0.7,708218,2026-04-08T04:25:33.389958+00:00
249405,GUINEAINS,2025-03-24,0.7,,,0.7,472786,2026-04-08T04:25:38.388993+00:00
249524,GUINEAINS,2025-03-25,0.7,,,0.7,780080,2026-04-08T04:25:40.7685+00:00
249643,GUINEAINS,2025-03-26,0.7,,,0.7,1466080,2026-04-08T04:25:43.344812+00:00
249762,GUINEAINS,2025-03-27,0.73,,,0.73,316015,2026-04-08T04:25:45.817232+00:00
249881,GUINEAINS,2025-03-28,0.68,,,0.68,704684,2026-04-08T04:25:48.177352+00:00
250000,GUINEAINS,2025-04-02,0.63,,,0.63,1590367,2026-04-08T04:25:54.663823+00:00
250119,GUINEAINS,2025-04-03,0.69,,,0.69,1254107,2026-04-08T04:25:57.014747+00:00
250238,GUINEAINS,2025-04-04,0.63,,,0.63,5495880,2026-04-08T04:25:59.489503+00:00
250357,GUINEAINS,2025-04-07,0.69,,,0.69,4122510,2026-04-08T04:26:04.211964+00:00
250476,GUINEAINS,2025-04-08,0.69,,,0.69,508944,2026-04-08T04:26:06.766331+00:00
250595,GUINEAINS,2025-04-10,0.68,,,0.68,664119,2026-04-08T04:26:10.263658+00:00
250714,GUINEAINS,2025-04-11,0.63,,,0.63,5731093,2026-04-08T04:26:12.610372+00:00
250833,GUINEAINS,2025-04-14,0.69,,,0.69,3566997,2026-04-08T04:26:17.137975+00:00
250952,GUINEAINS,2025-04-15,0.63,,,0.63,1113730,2026-04-08T04:26:19.634971+00:00
251071,GUINEAINS,2025-04-16,0.57,,,0.57,4727173,2026-04-08T04:26:22.321337+00:00
251190,GUINEAINS,2025-04-17,0.62,,,0.62,862836,2026-04-08T04:26:24.819431+00:00
251309,GUINEAINS,2025-04-22,0.65,,,0.65,1958358,2026-04-08T04:26:31.401152+00:00
251428,GUINEAINS,2025-04-23,0.7,,,0.7,1039405,2026-04-08T04:26:33.741411+00:00
251547,GUINEAINS,2025-04-24,0.64,,,0.64,1772033,2026-04-08T04:26:36.383131+00:00
251667,GUINEAINS,2025-04-25,0.68,,,0.68,835817,2026-04-08T04:26:38.677219+00:00
251787,GUINEAINS,2025-04-28,0.68,,,0.68,170773,2026-04-08T04:26:43.113614+00:00
251907,GUINEAINS,2025-04-29,0.68,,,0.68,596680,2026-04-08T04:26:45.609073+00:00
252027,GUINEAINS,2025-04-30,0.65,,,0.65,3251678,2026-04-08T04:26:48.242472+00:00
252147,GUINEAINS,2025-05-02,0.64,,,0.64,3989591,2026-04-08T04:26:51.690529+00:00
252267,GUINEAINS,2025-05-05,0.69,,,0.69,1026845,2026-04-08T04:26:56.275381+00:00
252387,GUINEAINS,2025-05-06,0.63,,,0.63,3861586,2026-04-08T04:26:58.7221+00:00
252507,GUINEAINS,2025-05-07,0.69,,,0.69,3718688,2026-04-08T04:27:01.170235+00:00
252627,GUINEAINS,2025-05-08,0.69,,,0.69,1888597,2026-04-08T04:27:03.468055+00:00
252747,GUINEAINS,2025-05-09,0.66,,,0.66,642277,2026-04-08T04:27:05.963213+00:00
252867,GUINEAINS,2025-05-12,0.68,,,0.68,5632836,2026-04-08T04:27:10.449459+00:00
252987,GUINEAINS,2025-05-14,0.68,,,0.68,5556069,2026-04-08T04:27:13.89162+00:00
253107,GUINEAINS,2025-05-15,0.66,,,0.66,23250395,2026-04-08T04:27:16.307455+00:00
253227,GUINEAINS,2025-05-16,0.65,,,0.65,2283125,2026-04-08T04:27:18.639316+00:00
253347,GUINEAINS,2025-05-19,0.65,,,0.65,311088,2026-04-08T04:27:23.06518+00:00
253467,GUINEAINS,2025-05-20,0.65,,,0.65,311088,2026-04-08T04:27:25.663956+00:00
253587,GUINEAINS,2025-05-21,0.65,,,0.65,6114568,2026-04-08T04:27:28.280255+00:00
253707,GUINEAINS,2025-05-22,0.62,,,0.62,3682903,2026-04-08T04:27:30.733393+00:00
253827,GUINEAINS,2025-05-23,0.62,,,0.62,844944,2026-04-08T04:27:33.142895+00:00
253947,GUINEAINS,2025-05-26,0.65,,,0.65,1431750,2026-04-08T04:27:37.938794+00:00
254067,GUINEAINS,2025-05-27,0.65,,,0.65,497033,2026-04-08T04:27:40.395447+00:00
254187,GUINEAINS,2025-05-28,0.65,,,0.65,1469357,2026-04-08T04:27:42.906627+00:00
254307,GUINEAINS,2025-05-29,0.64,,,0.64,2328905,2026-04-08T04:27:45.903166+00:00
254427,GUINEAINS,2025-05-30,0.67,,,0.67,2582000,2026-04-08T04:27:48.4452+00:00
254547,GUINEAINS,2025-06-02,0.68,,,0.68,2007840,2026-04-08T04:27:53.01382+00:00
254667,GUINEAINS,2025-06-03,0.7,,,0.7,6055631,2026-04-08T04:27:55.368454+00:00
254787,GUINEAINS,2025-06-04,0.71,,,0.71,923890,2026-04-08T04:27:57.94541+00:00
254907,GUINEAINS,2025-06-05,0.72,,,0.72,439087,2026-04-08T04:28:00.320696+00:00
255027,GUINEAINS,2025-06-10,0.68,,,0.68,2461268,2026-04-08T04:28:07.114795+00:00
255147,GUINEAINS,2025-06-11,0.7,,,0.7,1581220,2026-04-08T04:28:09.38594+00:00
255267,GUINEAINS,2025-06-17,0.8,,,0.8,8445850,2026-04-08T04:28:17.228975+00:00
255387,GUINEAINS,2025-06-18,0.76,,,0.76,4148099,2026-04-08T04:28:19.70912+00:00
255507,GUINEAINS,2025-06-19,0.69,,,0.69,3052981,2026-04-08T04:28:22.276816+00:00
255627,GUINEAINS,2025-06-20,0.75,,,0.75,4118890,2026-04-08T04:28:24.65394+00:00
255747,GUINEAINS,2025-06-23,0.74,,,0.74,4059545,2026-04-08T04:28:29.225711+00:00
255867,GUINEAINS,2025-06-24,0.81,,,0.81,1817121,2026-04-08T04:28:31.569579+00:00
255987,GUINEAINS,2025-06-25,0.89,,,0.89,4621977,2026-04-08T04:28:33.910697+00:00
256107,GUINEAINS,2025-06-26,0.9,,,0.9,9018084,2026-04-08T04:28:36.389223+00:00
256227,GUINEAINS,2025-06-27,0.9,,,0.9,4048307,2026-04-08T04:28:38.797599+00:00
256347,GUINEAINS,2025-07-01,0.86,,,0.86,5207861,2026-04-08T04:28:44.517216+00:00
256467,GUINEAINS,2025-07-02,0.9,,,0.9,11345350,2026-04-08T04:28:47.139962+00:00
256587,GUINEAINS,2025-07-03,0.99,,,0.99,8329704,2026-04-08T04:28:49.506141+00:00
256707,GUINEAINS,2025-07-04,1.03,,,1.03,16473956,2026-04-08T04:28:51.76506+00:00
256827,GUINEAINS,2025-07-07,1.13,,,1.13,11787899,2026-04-08T04:28:56.230166+00:00
256947,GUINEAINS,2025-07-08,1.12,,,1.12,11092099,2026-04-08T04:28:58.705995+00:00
257067,GUINEAINS,2025-07-09,1.04,,,1.04,12550343,2026-04-08T04:29:01.058721+00:00
257187,GUINEAINS,2025-07-10,1.07,,,1.07,9703159,2026-04-08T04:29:03.550316+00:00
257307,GUINEAINS,2025-07-11,1.04,,,1.04,12040586,2026-04-08T04:29:06.089999+00:00
257427,GUINEAINS,2025-07-14,0.94,,,0.94,11891060,2026-04-08T04:29:10.69196+00:00
257547,GUINEAINS,2025-07-16,1.01,,,1.01,7081837,2026-04-08T04:29:14.112969+00:00
257667,GUINEAINS,2025-07-17,0.94,,,0.94,2455973,2026-04-08T04:29:16.489777+00:00
257787,GUINEAINS,2025-07-18,1.02,,,1.02,7956449,2026-04-08T04:29:18.854517+00:00
257907,GUINEAINS,2025-07-21,1.01,,,1.01,4109177,2026-04-08T04:29:23.300994+00:00
258027,GUINEAINS,2025-07-22,0.99,,,0.99,3876154,2026-04-08T04:29:25.922592+00:00
258147,GUINEAINS,2025-07-23,0.9,,,0.9,9083825,2026-04-08T04:29:29.05968+00:00
258267,GUINEAINS,2025-07-24,0.86,,,0.86,24044523,2026-04-08T04:29:31.486978+00:00
258387,GUINEAINS,2025-07-25,0.89,,,0.89,15766124,2026-04-08T04:29:33.980938+00:00
258507,GUINEAINS,2025-07-28,0.97,,,0.97,8062591,2026-04-08T04:29:38.78621+00:00
258626,GUINEAINS,2025-07-29,0.99,,,0.99,3386196,2026-04-08T04:29:41.392621+00:00
258745,GUINEAINS,2025-07-30,0.93,,,0.93,5963847,2026-04-08T04:29:43.881641+00:00
258864,GUINEAINS,2025-07-31,0.86,,,0.86,23357684,2026-04-08T04:29:46.315218+00:00
258983,GUINEAINS,2025-08-01,0.88,,,0.88,14229515,2026-04-08T04:29:48.711654+00:00
259101,GUINEAINS,2025-08-04,0.89,,,0.89,15965430,2026-04-08T04:29:53.303607+00:00
259220,GUINEAINS,2025-08-05,0.97,,,0.97,23779317,2026-04-08T04:29:55.780422+00:00
259339,GUINEAINS,2025-08-06,1.06,,,1.06,12979571,2026-04-08T04:29:58.241852+00:00
259458,GUINEAINS,2025-08-07,1.16,,,1.16,52260303,2026-04-08T04:30:00.56444+00:00
259577,GUINEAINS,2025-08-08,1.27,,,1.27,47074028,2026-04-08T04:30:02.234883+00:00
259696,GUINEAINS,2025-08-11,1.39,,,1.39,29667567,2026-04-08T04:30:07.037349+00:00
259815,GUINEAINS,2025-08-12,1.52,,,1.52,40996512,2026-04-08T04:30:09.28323+00:00
259934,GUINEAINS,2025-08-13,1.67,,,1.67,31976317,2026-04-08T04:30:11.815521+00:00
260053,GUINEAINS,2025-08-14,1.62,,,1.62,97182119,2026-04-08T04:30:14.350221+00:00
260172,GUINEAINS,2025-08-15,1.49,,,1.49,23029257,2026-04-08T04:30:16.786076+00:00
260291,GUINEAINS,2025-08-18,1.63,,,1.63,11586108,2026-04-08T04:30:21.560319+00:00
260410,GUINEAINS,2025-08-19,1.7,,,1.7,27597903,2026-04-08T04:30:23.869462+00:00
260529,GUINEAINS,2025-08-20,1.63,,,1.63,14872038,2026-04-08T04:30:26.318672+00:00
260648,GUINEAINS,2025-08-21,1.61,,,1.61,7119681,2026-04-08T04:30:28.670378+00:00
260767,GUINEAINS,2025-08-22,1.77,,,1.77,21900555,2026-04-08T04:30:30.96965+00:00
260886,GUINEAINS,2025-08-25,1.74,,,1.74,17220675,2026-04-08T04:30:35.521871+00:00
261005,GUINEAINS,2025-08-26,1.6,,,1.6,8332472,2026-04-08T04:30:37.91594+00:00
261124,GUINEAINS,2025-08-27,1.61,,,1.61,2876732,2026-04-08T04:30:40.231113+00:00
261243,GUINEAINS,2025-08-28,1.54,,,1.54,2022150,2026-04-08T04:30:42.59826+00:00
261362,GUINEAINS,2025-08-29,1.42,,,1.42,6965706,2026-04-08T04:30:45.09102+00:00
261481,GUINEAINS,2025-09-01,1.53,,,1.53,3190754,2026-04-08T04:30:49.608802+00:00
261600,GUINEAINS,2025-09-02,1.5,,,1.5,4758707,2026-04-08T04:30:52.312491+00:00
261719,GUINEAINS,2025-09-03,1.51,,,1.51,3296338,2026-04-08T04:30:55.837007+00:00
261838,GUINEAINS,2025-09-04,1.55,,,1.55,3870534,2026-04-08T04:30:58.198935+00:00
261957,GUINEAINS,2025-09-08,1.52,,,1.52,8005135,2026-04-08T04:31:03.728068+00:00
262076,GUINEAINS,2025-09-09,1.64,,,1.64,5918288,2026-04-08T04:31:06.294869+00:00
262195,GUINEAINS,2025-09-10,1.57,,,1.57,1979406,2026-04-08T04:31:08.610575+00:00
262314,GUINEAINS,2025-09-11,1.6,,,1.6,4702547,2026-04-08T04:31:10.974873+00:00
262433,GUINEAINS,2025-09-12,1.65,,,1.65,2696242,2026-04-08T04:31:13.547359+00:00
262552,GUINEAINS,2025-09-15,1.65,,,1.65,3516882,2026-04-08T04:31:18.268622+00:00
262671,GUINEAINS,2025-09-16,1.65,,,1.65,1395440,2026-04-08T04:31:20.741189+00:00
262790,GUINEAINS,2025-09-17,1.49,,,1.49,1825841,2026-04-08T04:31:23.24235+00:00
262909,GUINEAINS,2025-09-18,1.63,,,1.63,1356980,2026-04-08T04:31:25.598019+00:00
263028,GUINEAINS,2025-09-19,1.63,,,1.63,1254727,2026-04-08T04:31:28.111008+00:00
263147,GUINEAINS,2025-09-22,1.54,,,1.54,2489853,2026-04-08T04:31:32.624882+00:00
263266,GUINEAINS,2025-09-23,1.5,,,1.5,1476448,2026-04-08T04:31:35.170326+00:00
263385,GUINEAINS,2025-09-24,1.44,,,1.44,1627801,2026-04-08T04:31:37.673105+00:00
263504,GUINEAINS,2025-09-25,1.43,,,1.43,3937071,2026-04-08T04:31:40.100841+00:00
263623,GUINEAINS,2025-09-26,1.55,,,1.55,873349,2026-04-08T04:31:42.548783+00:00
263742,GUINEAINS,2025-09-29,1.55,,,1.55,1580073,2026-04-08T04:31:47.029675+00:00
263861,GUINEAINS,2025-09-30,1.48,,,1.48,1536087,2026-04-08T04:31:49.320364+00:00
263980,GUINEAINS,2025-10-02,1.42,,,1.42,2437405,2026-04-08T04:31:52.706523+00:00
264099,GUINEAINS,2025-10-03,1.42,,,1.42,1419814,2026-04-08T04:31:55.311341+00:00
264218,GUINEAINS,2025-10-06,1.42,,,1.42,2451659,2026-04-08T04:31:59.803196+00:00
264337,GUINEAINS,2025-10-07,1.45,,,1.45,4011482,2026-04-08T04:32:02.285104+00:00
264456,GUINEAINS,2025-10-08,1.42,,,1.42,1397951,2026-04-08T04:32:04.646463+00:00
264575,GUINEAINS,2025-10-09,1.5,,,1.5,1961653,2026-04-08T04:32:07.004133+00:00
264694,GUINEAINS,2025-10-10,1.43,,,1.43,3951669,2026-04-08T04:32:10.69692+00:00
264813,GUINEAINS,2025-10-13,1.49,,,1.49,2651390,2026-04-08T04:32:15.267586+00:00
264932,GUINEAINS,2025-10-14,1.48,,,1.48,7432219,2026-04-08T04:32:17.792097+00:00
265051,GUINEAINS,2025-10-15,1.46,,,1.46,1419553,2026-04-08T04:32:20.093513+00:00
265170,GUINEAINS,2025-10-16,1.4,,,1.4,2136835,2026-04-08T04:32:22.728593+00:00
265289,GUINEAINS,2025-10-17,1.49,,,1.49,7148823,2026-04-08T04:32:25.167177+00:00
265408,GUINEAINS,2025-10-20,1.43,,,1.43,1165937,2026-04-08T04:32:29.532096+00:00
265527,GUINEAINS,2025-10-21,1.41,,,1.41,4531091,2026-04-08T04:32:31.920152+00:00
265646,GUINEAINS,2025-10-22,1.45,,,1.45,2404822,2026-04-08T04:32:34.332447+00:00
265765,GUINEAINS,2025-10-23,1.39,,,1.39,2790469,2026-04-08T04:32:36.79914+00:00
265884,GUINEAINS,2025-10-24,1.37,,,1.37,2101957,2026-04-08T04:32:39.249323+00:00
266003,GUINEAINS,2025-10-28,1.27,,,1.27,3830340,2026-04-08T04:32:44.921336+00:00
266122,GUINEAINS,2025-10-29,1.3,,,1.3,3629385,2026-04-08T04:32:47.450266+00:00
266241,GUINEAINS,2025-10-30,1.2,,,1.2,2728469,2026-04-08T04:32:49.91761+00:00
266360,GUINEAINS,2025-10-31,1.23,,,1.23,3795922,2026-04-08T04:32:52.375955+00:00
266479,GUINEAINS,2025-11-03,1.18,,,1.18,2024621,2026-04-08T04:32:57.290654+00:00
266598,GUINEAINS,2025-11-04,1.18,,,1.18,1507888,2026-04-08T04:32:59.739678+00:00
266717,GUINEAINS,2025-11-05,1.23,,,1.23,1576342,2026-04-08T04:33:02.152799+00:00
266836,GUINEAINS,2025-11-06,1.23,,,1.23,279614,2026-04-08T04:33:04.646202+00:00
266955,GUINEAINS,2025-11-07,1.15,,,1.15,2009071,2026-04-08T04:33:07.145499+00:00
267074,GUINEAINS,2025-11-10,1.05,,,1.05,1574339,2026-04-08T04:33:11.744122+00:00
267193,GUINEAINS,2025-11-11,0.96,,,0.96,2623533,2026-04-08T04:33:14.17228+00:00
267312,GUINEAINS,2025-11-12,1.05,,,1.05,3525028,2026-04-08T04:33:16.719178+00:00
267431,GUINEAINS,2025-11-13,1.15,,,1.15,341628,2026-04-08T04:33:19.052814+00:00
267550,GUINEAINS,2025-11-14,1.26,,,1.26,3035893,2026-04-08T04:33:21.762061+00:00
267669,GUINEAINS,2025-11-17,1.21,,,1.21,1911081,2026-04-08T04:33:26.271116+00:00
267788,GUINEAINS,2025-11-18,1.28,,,1.28,2478666,2026-04-08T04:33:29.067053+00:00
267907,GUINEAINS,2025-11-19,1.2,,,1.2,406285,2026-04-08T04:33:31.487527+00:00
268026,GUINEAINS,2025-11-20,1.21,,,1.21,1085624,2026-04-08T04:33:33.887172+00:00
268145,GUINEAINS,2025-11-21,1.15,,,1.15,1427020,2026-04-08T04:33:36.654129+00:00
268264,GUINEAINS,2025-11-24,1.15,,,1.15,276732,2026-04-08T04:33:41.368891+00:00
268383,GUINEAINS,2025-11-25,1.11,,,1.11,672036,2026-04-08T04:33:44.004166+00:00
268502,GUINEAINS,2025-11-26,1.15,,,1.15,2098639,2026-04-08T04:33:46.260048+00:00
268621,GUINEAINS,2025-11-27,1.1,,,1.1,1207283,2026-04-08T04:33:48.488035+00:00
268740,GUINEAINS,2025-11-28,1.1,,,1.1,5163640,2026-04-08T04:33:50.826192+00:00
268859,GUINEAINS,2025-12-01,1.18,,,1.18,1591524,2026-04-08T04:33:55.236541+00:00
268978,GUINEAINS,2025-12-02,1.25,,,1.25,1141419,2026-04-08T04:33:57.748335+00:00
269097,GUINEAINS,2025-12-03,1.3,,,1.3,2451935,2026-04-08T04:34:00.349419+00:00
269216,GUINEAINS,2025-12-04,1.19,,,1.19,2882064,2026-04-08T04:34:03.142475+00:00
269335,GUINEAINS,2025-12-05,1.15,,,1.15,1730789,2026-04-08T04:34:05.808951+00:00
269454,GUINEAINS,2025-12-08,1.2,,,1.2,619408,2026-04-08T04:34:10.334331+00:00
269573,GUINEAINS,2025-12-09,1.15,,,1.15,657160,2026-04-08T04:34:12.926221+00:00
269692,GUINEAINS,2025-12-10,1.15,,,1.15,534980,2026-04-08T04:34:15.295879+00:00
269811,GUINEAINS,2025-12-11,1.19,,,1.19,768303,2026-04-08T04:34:17.804745+00:00
269930,GUINEAINS,2025-12-12,1.17,,,1.17,1264480,2026-04-08T04:34:20.615101+00:00
270049,GUINEAINS,2025-12-15,1.08,,,1.08,3112774,2026-04-08T04:34:25.240467+00:00
270168,GUINEAINS,2025-12-16,1.08,,,1.08,1842246,2026-04-08T04:34:27.867795+00:00
270287,GUINEAINS,2025-12-18,1.14,,,1.14,3837869,2026-04-08T04:34:31.321522+00:00
270406,GUINEAINS,2025-12-19,1.22,,,1.22,854440,2026-04-08T04:34:33.771022+00:00
270525,GUINEAINS,2025-12-22,1.13,,,1.13,1571343,2026-04-08T04:34:38.115277+00:00
270644,GUINEAINS,2025-12-23,1.15,,,1.15,2213130,2026-04-08T04:34:40.661369+00:00
270763,GUINEAINS,2025-12-24,1.25,,,1.25,616293,2026-04-08T04:34:43.221402+00:00
270882,GUINEAINS,2025-12-29,1.2,,,1.2,2969004,2026-04-08T04:34:48.902152+00:00
271001,GUINEAINS,2025-12-30,1.32,,,1.32,2953515,2026-04-08T04:34:51.359097+00:00
271120,GUINEAINS,2025-12-31,1.33,,,1.33,2828477,2026-04-08T04:34:53.061316+00:00
271239,GUINEAINS,2026-01-02,1.3,,,1.3,4417411,2026-04-08T04:34:56.467348+00:00
271358,GUINEAINS,2026-01-05,1.4,,,1.4,2838669,2026-04-08T04:35:01.008466+00:00
271477,GUINEAINS,2026-01-06,1.44,,,1.44,4819938,2026-04-08T04:35:03.366972+00:00
271596,GUINEAINS,2026-01-07,1.55,,,1.55,7942365,2026-04-08T04:35:05.819661+00:00
271715,GUINEAINS,2026-01-08,1.49,,,1.49,3670443,2026-04-08T04:35:08.163488+00:00
271834,GUINEAINS,2026-01-09,1.37,,,1.37,12706903,2026-04-08T04:35:10.591402+00:00
271953,GUINEAINS,2026-01-12,1.27,,,1.27,2332741,2026-04-08T04:35:15.220756+00:00
272072,GUINEAINS,2026-01-13,1.3,,,1.3,12417683,2026-04-08T04:35:17.864544+00:00
272191,GUINEAINS,2026-01-14,1.26,,,1.26,9375961,2026-04-08T04:35:20.278959+00:00
272310,GUINEAINS,2026-01-15,1.27,,,1.27,3637520,2026-04-08T04:35:23.159853+00:00
272429,GUINEAINS,2026-01-16,1.34,,,1.34,2273563,2026-04-08T04:35:25.571119+00:00
272548,GUINEAINS,2026-01-19,1.3,,,1.3,3000245,2026-04-08T04:35:30.272746+00:00
272667,GUINEAINS,2026-01-20,1.3,,,1.3,4373864,2026-04-08T04:35:32.536083+00:00
272787,GUINEAINS,2026-01-21,1.3,,,1.3,2313400,2026-04-08T04:35:34.90344+00:00
272907,GUINEAINS,2026-01-22,1.3,,,1.3,3132086,2026-04-08T04:35:36.566163+00:00
273027,GUINEAINS,2026-01-23,1.25,,,1.25,5172015,2026-04-08T04:35:38.92405+00:00
273147,GUINEAINS,2026-01-26,1.35,,,1.35,25041885,2026-04-08T04:35:43.383975+00:00
273267,GUINEAINS,2026-01-27,1.46,,,1.46,11921653,2026-04-08T04:35:45.70946+00:00
273387,GUINEAINS,2026-01-28,1.5,,,1.5,9762324,2026-04-08T04:35:48.193808+00:00
273507,GUINEAINS,2026-01-29,1.47,,,1.47,2562195,2026-04-08T04:35:50.479528+00:00
273627,GUINEAINS,2026-01-30,1.47,,,1.47,3972419,2026-04-08T04:35:52.855058+00:00
273747,GUINEAINS,2026-02-02,1.33,,,1.33,4041920,2026-04-08T04:35:57.524813+00:00
273867,GUINEAINS,2026-02-03,1.33,,,1.33,2326636,2026-04-08T04:36:00.137559+00:00
273987,GUINEAINS,2026-02-04,1.3,,,1.3,9339796,2026-04-08T04:36:02.592569+00:00
274107,GUINEAINS,2026-02-05,1.43,,,1.43,4086541,2026-04-08T04:36:04.997535+00:00
274227,GUINEAINS,2026-02-06,1.57,,,1.57,12798568,2026-04-08T04:36:07.533957+00:00
53,GUINEAINS,2026-02-08,,,,1.57,12798568,2026-02-08T00:18:13.946+00:00
274347,GUINEAINS,2026-02-09,1.65,,,1.65,5297059,2026-04-08T04:36:12.456447+00:00
274467,GUINEAINS,2026-02-10,1.54,,,1.54,4588988,2026-04-08T04:36:14.818506+00:00
274587,GUINEAINS,2026-02-11,1.5,,,1.5,6482683,2026-04-08T04:36:17.460702+00:00
261,GUINEAINS,2026-02-12,1.5,,,1.5,5817106,2026-02-12T09:24:00.987112+00:00
274827,GUINEAINS,2026-02-13,1.51,,,1.51,5839750,2026-04-08T04:36:22.38356+00:00
274947,GUINEAINS,2026-02-16,1.37,,,1.37,8615083,2026-04-08T04:36:26.879081+00:00
275067,GUINEAINS,2026-02-17,1.45,,,1.45,4831377,2026-04-08T04:36:29.440312+00:00
275187,GUINEAINS,2026-02-18,1.46,,,1.46,1895019,2026-04-08T04:36:31.166521+00:00
275307,GUINEAINS,2026-02-19,1.4,,,1.4,5322806,2026-04-08T04:36:33.575564+00:00
548,GUINEAINS,2026-02-20,1.42,,,1.42,4373109,2026-02-20T23:15:44.934622+00:00
696,GUINEAINS,2026-02-23,1.48,,,1.48,5326160,2026-02-23T07:00:01.990412+00:00
844,GUINEAINS,2026-02-24,1.38,,,1.38,2975230,2026-02-24T07:00:01.929914+00:00
992,GUINEAINS,2026-02-25,1.39,,,1.39,2785075,2026-02-25T07:00:01.953057+00:00
1140,GUINEAINS,2026-02-26,1.27,,,1.27,6310625,2026-02-26T07:00:01.915173+00:00
1828,GUINEAINS,2026-02-27,1.39,,,1.39,3023234,2026-02-27T07:00:02.056517+00:00
2709,GUINEAINS,2026-02-28,1.39,,,1.39,3023234,2026-02-28T18:00:03.453641+00:00
2857,GUINEAINS,2026-03-01,1.39,,,1.39,3023234,2026-03-01T18:00:03.821122+00:00
3005,GUINEAINS,2026-03-02,1.49,,,1.49,5242963,2026-03-02T07:00:01.981706+00:00
3969,GUINEAINS,2026-03-03,1.44,,,1.44,2829386,2026-03-03T07:00:01.858909+00:00
5406,GUINEAINS,2026-03-04,1.37,,,1.37,2953089,2026-03-04T07:00:02.010027+00:00
7124,GUINEAINS,2026-03-05,1.36,,,1.36,1279185,2026-03-05T07:00:02.0033+00:00
9640,GUINEAINS,2026-03-06,1.44,,,1.44,3779299,2026-03-06T07:00:02.033178+00:00
11298,GUINEAINS,2026-03-07,1.44,,,1.44,3779299,2026-03-07T18:00:06.285951+00:00
11446,GUINEAINS,2026-03-08,1.44,,,1.44,3779299,2026-03-08T18:00:03.574352+00:00
11594,GUINEAINS,2026-03-09,1.31,,,1.31,6328857,2026-03-09T07:00:02.016534+00:00
14110,GUINEAINS,2026-03-10,1.36,,,1.36,3066650,2026-03-10T07:00:03.966079+00:00
15950,GUINEAINS,2026-03-11,1.39,,,1.39,1570681,2026-03-11T07:00:02.147117+00:00
17666,GUINEAINS,2026-03-12,1.3,,,1.3,4446038,2026-03-12T07:00:02.06753+00:00
20182,GUINEAINS,2026-03-13,1.28,,,1.28,3719999,2026-03-13T07:00:01.993197+00:00
23628,GUINEAINS,2026-03-16,1.4,,,1.4,3640641,2026-03-16T08:30:01.80086+00:00
25459,GUINEAINS,2026-03-17,1.31,,,1.31,2791933,2026-03-17T08:30:01.70448+00:00
27322,GUINEAINS,2026-03-18,1.33,,,1.33,1684828,2026-03-18T08:30:01.732403+00:00
33136,GUINEAINS,2026-03-23,1.24,,,1.24,6910003,2026-03-23T08:30:01.705825+00:00
34714,GUINEAINS,2026-03-24,1.22,,,1.22,3387730,2026-03-24T15:00:01.978259+00:00
34862,GUINEAINS,2026-03-25,1.29,,,1.29,1262162,2026-03-25T15:00:01.528164+00:00
35010,GUINEAINS,2026-03-26,1.23,,,1.23,3737673,2026-03-26T15:00:01.955832+00:00
35158,GUINEAINS,2026-03-27,1.28,,,1.28,3221540,2026-03-27T15:00:02.114662+00:00
278187,GUINEAINS,2026-03-30,1.3,,,1.3,2008197,2026-04-08T04:37:47.74327+00:00
35306,GUINEAINS,2026-03-31,1.18,,,1.18,2283173,2026-03-31T15:00:02.085058+00:00
278427,GUINEAINS,2026-04-01,1.13,,,1.13,6864906,2026-04-08T04:37:52.684906+00:00
35454,GUINEAINS,2026-04-02,1.15,,,1.15,1629541,2026-04-02T15:00:01.864809+00:00
35898,GUINEAINS,2026-04-07,1.1,,,1.1,4913651,2026-04-07T15:00:01.949344+00:00
278795,GUINEAINS,2026-04-08,1.05,,,1.05,4586316,2026-04-08T15:00:01.943007+00:00
278942,GUINEAINS,2026-04-09,1.15,,,1.15,1131638,2026-04-09T15:00:02.085141+00:00
279088,GUINEAINS,2026-04-10,1.2,,,1.2,3276574,2026-04-10T15:00:01.352272+00:00
279234,GUINEAINS,2026-04-13,1.2,,,1.2,1269105,2026-04-13T15:00:02.021173+00:00
279380,GUINEAINS,2026-04-14,1.13,,,1.13,1115858,2026-04-14T15:00:02.477878+00:00
279526,GUINEAINS,2026-04-15,1.1,,,1.1,2864415,2026-04-15T15:00:02.184222+00:00
279672,GUINEAINS,2026-04-16,1.21,,,1.21,2777126,2026-04-16T15:00:02.07143+00:00
279818,GUINEAINS,2026-04-17,1.25,,,1.25,5861795,2026-04-17T15:00:02.06245+00:00
279964,GUINEAINS,2026-04-20,1.14,,,1.14,9405188,2026-04-20T15:00:01.862344+00:00
280110,GUINEAINS,2026-04-21,1.06,,,1.06,7962745,2026-04-21T15:00:02.189846+00:00
280256,GUINEAINS,2026-04-22,1.04,,,1.04,7523241,2026-04-22T15:00:02.200159+00:00
280402,GUINEAINS,2026-04-23,1.03,,,1.03,10358227,2026-04-23T15:00:02.125151+00:00
280548,GUINEAINS,2026-04-24,1.06,,,1.06,6654124,2026-04-24T15:00:02.20649+00:00
280694,GUINEAINS,2026-04-27,1.12,,,1.12,2039359,2026-04-27T15:00:02.034997+00:00
280840,GUINEAINS,2026-04-28,1.1,,,1.1,1624842,2026-04-28T15:00:01.918241+00:00
280986,GUINEAINS,2026-04-29,1.1,,,1.1,2955785,2026-04-29T15:00:02.672724+00:00
281132,GUINEAINS,2026-04-30,1.15,,,1.15,2969565,2026-04-30T15:00:02.170664+00:00
281424,GUINEAINS,2026-05-04,1.1,,,1.1,4736299,2026-05-04T15:00:02.156928+00:00
281570,GUINEAINS,2026-05-05,1.07,,,1.07,2104293,2026-05-05T15:00:01.930748+00:00
281716,GUINEAINS,2026-05-06,1.08,,,1.08,5047818,2026-05-06T15:00:01.919787+00:00
281862,GUINEAINS,2026-05-07,1.08,,,1.08,4533840,2026-05-07T15:00:01.995523+00:00
282008,GUINEAINS,2026-05-08,1.11,,,1.11,1530836,2026-05-08T15:00:02.118161+00:00
282154,GUINEAINS,2026-05-11,1.1,,,1.1,3103498,2026-05-11T15:00:02.243132+00:00
282300,GUINEAINS,2026-05-12,1.12,,,1.12,4869057,2026-05-12T15:00:02.325735+00:00
282446,GUINEAINS,2026-05-13,1.12,,,1.12,1593436,2026-05-13T15:00:01.887561+00:00
282592,GUINEAINS,2026-05-14,1.16,,,1.16,2768576,2026-05-14T15:00:01.952989+00:00
282738,GUINEAINS,2026-05-15,1.08,,,1.08,937503,2026-05-15T15:00:01.871578+00:00
282884,GUINEAINS,2026-05-18,1.18,,,1.18,5006992,2026-05-18T15:00:01.868607+00:00
283030,GUINEAINS,2026-05-19,1.15,,,1.15,6154139,2026-05-19T15:00:01.863653+00:00
283176,GUINEAINS,2026-05-20,1.14,,,1.14,940591,2026-05-20T15:00:01.871845+00:00
283322,GUINEAINS,2026-05-21,1.1,,,1.1,760387,2026-05-21T15:00:01.939198+00:00
283468,GUINEAINS,2026-05-22,1.12,,,1.12,632100,2026-05-22T15:00:02.031345+00:00
283614,GUINEAINS,2026-05-25,1.15,,,1.15,1717599,2026-05-25T15:00:01.979384+00:00
283760,GUINEAINS,2026-05-26,1.09,,,1.09,1004068,2026-05-26T15:00:01.996051+00:00
284198,GUINEAINS,2026-05-29,1.09,,,1.09,577084,2026-05-29T15:00:02.455558+00:00
284344,GUINEAINS,2026-06-01,1.08,,,1.08,1908138,2026-06-01T15:00:02.603507+00:00
284490,GUINEAINS,2026-06-02,1.08,,,1.08,1026996,2026-06-02T15:00:02.980523+00:00
284636,GUINEAINS,2026-06-03,1.12,,,1.12,1849389,2026-06-03T15:00:03.023028+00:00
284782,GUINEAINS,2026-06-04,1.12,,,1.12,3365694,2026-06-04T15:00:03.321931+00:00
284928,GUINEAINS,2026-06-05,1.12,,,1.12,408027,2026-06-05T15:00:03.073061+00:00
285074,GUINEAINS,2026-06-08,1.13,,,1.13,1991328,2026-06-08T15:00:03.135386+00:00
285220,GUINEAINS,2026-06-09,1.12,,,1.12,766942,2026-06-09T15:00:03.53749+00:00
285366,GUINEAINS,2026-06-10,1.09,,,1.09,1796648,2026-06-10T15:10:03.084397+00:00
285804,GUINEAINS,2026-06-11,1.09,,,1.09,948850,2026-06-11T15:10:02.991492+00:00
287556,GUINEAINS,2026-06-15,1.1,,,1.1,2012824,2026-06-15T15:10:02.896252+00:00
288432,GUINEAINS,2026-06-16,1.08,,,1.08,1272490,2026-06-16T15:10:02.87997+00:00
289308,GUINEAINS,2026-06-17,0.98,,,0.98,3593376,2026-06-17T15:10:02.980097+00:00
289746,GUINEAINS,2026-06-18,1.03,,,1.03,2748822,2026-06-18T15:10:02.932064+00:00
290330,GUINEAINS,2026-06-19,1.0,,,1.0,2560596,2026-06-19T15:10:02.959085+00:00
291060,GUINEAINS,2026-06-22,1.0,,,1.0,2332717,2026-06-22T15:10:03.140564+00:00
291644,GUINEAINS,2026-06-23,1.1,,,1.1,1743773,2026-06-23T15:10:03.017319+00:00
292228,GUINEAINS,2026-06-24,1.04,,,1.04,4830985,2026-06-24T15:10:03.053149+00:00
292812,GUINEAINS,2026-06-25,1.03,,,1.03,1481427,2026-06-25T15:10:02.973562+00:00
293250,GUINEAINS,2026-06-26,1.03,,,1.03,638380,2026-06-26T15:10:03.012808+00:00
293688,GUINEAINS,2026-06-29,1.0,,,1.0,4850475,2026-06-29T15:10:03.028054+00:00
294126,GUINEAINS,2026-06-30,0.91,,,0.91,2418866,2026-06-30T15:10:03.08168+00:00
294564,GUINEAINS,2026-07-01,1.0,,,1.0,2685969,2026-07-01T15:10:03.133226+00:00
295002,GUINEAINS,2026-07-02,0.9,,,0.9,7837912,2026-07-02T15:10:03.065554+00:00
295440,GUINEAINS,2026-07-03,0.9,,,0.9,9183829,2026-07-03T15:10:03.019266+00:00
295878,GUINEAINS,2026-07-06,0.95,,,0.95,14366304,2026-07-06T15:10:03.100823+00:00
296316,GUINEAINS,2026-07-07,0.9,,,0.9,6468708,2026-07-07T15:10:03.687653+00:00
296754,GUINEAINS,2026-07-08,0.91,,,0.91,14354897,2026-07-08T15:10:02.922872+00:00
297192,GUINEAINS,2026-07-09,0.9,,,0.9,11152325,2026-07-09T15:10:03.041812+00:00
297630,GUINEAINS,2026-07-10,0.87,,,0.87,3649647,2026-07-10T15:10:03.284445+00:00
298068,GUINEAINS,2026-07-13,0.9,,,0.9,5552337,2026-07-13T15:10:02.995074+00:00
298506,GUINEAINS,2026-07-14,0.9,,,0.9,5502640,2026-07-14T15:10:03.094441+00:00
298944,GUINEAINS,2026-07-15,0.93,,,0.93,2229968,2026-07-15T15:10:03.078609+00:00
299382,GUINEAINS,2026-07-16,0.88,,,0.88,7494167,2026-07-16T15:10:03.113936+00:00
299820,GUINEAINS,2026-07-17,0.87,,,0.87,53404202,2026-07-17T15:10:03.053983+00:00
