id,symbol,trade_date,open_price,high_price,low_price,close_price,volume,created_at
42862,LEARNAFRCA,2017-01-03,0.77,,,0.77,15000,2026-04-08T02:41:25.765521+00:00
43422,LEARNAFRCA,2017-01-04,0.77,,,0.77,15000,2026-04-08T02:42:20.164398+00:00
43532,LEARNAFRCA,2017-01-05,0.77,,,0.77,0,2026-04-08T02:42:22.380516+00:00
43642,LEARNAFRCA,2017-01-06,0.77,,,0.77,0,2026-04-08T02:42:23.84796+00:00
43732,LEARNAFRCA,2017-01-09,0.77,,,0.77,0,2026-04-08T02:42:26.938159+00:00
43842,LEARNAFRCA,2017-01-10,0.77,,,0.77,37500,2026-04-08T02:42:29.227202+00:00
43952,LEARNAFRCA,2017-01-11,0.77,,,0.77,0,2026-04-08T02:42:30.799441+00:00
44042,LEARNAFRCA,2017-01-12,0.77,,,0.77,0,2026-04-08T02:42:32.390658+00:00
44172,LEARNAFRCA,2017-01-13,0.77,,,0.77,12630,2026-04-08T02:42:34.853543+00:00
44262,LEARNAFRCA,2017-01-16,0.77,,,0.77,53100,2026-04-08T02:42:38.72803+00:00
44372,LEARNAFRCA,2017-01-17,0.77,,,0.77,29800,2026-04-08T02:42:41.056228+00:00
44482,LEARNAFRCA,2017-01-18,0.77,,,0.77,0,2026-04-08T02:42:42.795307+00:00
44572,LEARNAFRCA,2017-01-19,0.77,,,0.77,100,2026-04-08T02:42:44.39781+00:00
44682,LEARNAFRCA,2017-01-20,0.77,,,0.77,0,2026-04-08T02:42:46.643743+00:00
44792,LEARNAFRCA,2017-01-23,0.77,,,0.77,7500,2026-04-08T02:42:49.827664+00:00
44902,LEARNAFRCA,2017-01-24,0.77,,,0.77,1000,2026-04-08T02:42:51.574002+00:00
44992,LEARNAFRCA,2017-01-25,0.77,,,0.77,0,2026-04-08T02:42:54.05787+00:00
45102,LEARNAFRCA,2017-01-26,0.77,,,0.77,0,2026-04-08T02:42:55.759+00:00
45212,LEARNAFRCA,2017-01-27,0.77,,,0.77,8,2026-04-08T02:42:57.462271+00:00
45322,LEARNAFRCA,2017-01-30,0.77,,,0.77,14992,2026-04-08T02:43:00.905282+00:00
45432,LEARNAFRCA,2017-01-31,0.77,,,0.77,4500,2026-04-08T02:43:03.07753+00:00
45542,LEARNAFRCA,2017-02-01,0.74,,,0.74,58000,2026-04-08T02:43:04.619173+00:00
45632,LEARNAFRCA,2017-02-02,0.74,,,0.74,120000,2026-04-08T02:43:06.209007+00:00
45742,LEARNAFRCA,2017-02-03,0.74,,,0.74,0,2026-04-08T02:43:08.490666+00:00
45852,LEARNAFRCA,2017-02-06,0.71,,,0.71,90000,2026-04-08T02:43:11.037852+00:00
45962,LEARNAFRCA,2017-02-07,0.71,,,0.71,12245,2026-04-08T02:43:12.662822+00:00
46052,LEARNAFRCA,2017-02-08,0.71,,,0.71,0,2026-04-08T02:43:14.224877+00:00
46163,LEARNAFRCA,2017-02-09,0.68,,,0.68,215812,2026-04-08T02:43:16.408746+00:00
46275,LEARNAFRCA,2017-02-10,0.68,,,0.68,26386,2026-04-08T02:43:18.597686+00:00
46367,LEARNAFRCA,2017-02-13,0.68,,,0.68,11500,2026-04-08T02:43:22.775561+00:00
46479,LEARNAFRCA,2017-02-14,0.68,,,0.68,0,2026-04-08T02:43:24.286485+00:00
46591,LEARNAFRCA,2017-02-15,0.68,,,0.68,500,2026-04-08T02:43:26.422065+00:00
46703,LEARNAFRCA,2017-02-16,0.68,,,0.68,0,2026-04-08T02:43:28.597754+00:00
46795,LEARNAFRCA,2017-02-17,0.68,,,0.68,0,2026-04-08T02:43:31.044717+00:00
49463,LEARNAFRCA,2017-02-20,0.68,,,0.68,1400,2026-04-08T02:51:00.639833+00:00
49555,LEARNAFRCA,2017-02-21,0.68,,,0.68,0,2026-04-08T02:51:03.098475+00:00
46887,LEARNAFRCA,2017-02-22,0.68,,,0.68,55,2026-04-08T02:44:33.152084+00:00
46979,LEARNAFRCA,2017-02-23,0.68,,,0.68,500,2026-04-08T02:44:35.448225+00:00
47071,LEARNAFRCA,2017-02-24,0.68,,,0.68,0,2026-04-08T02:44:37.781529+00:00
47163,LEARNAFRCA,2017-02-27,0.68,,,0.68,0,2026-04-08T02:44:42.101817+00:00
47255,LEARNAFRCA,2017-02-28,0.68,,,0.68,5555,2026-04-08T02:44:45.006295+00:00
47347,LEARNAFRCA,2017-03-01,0.68,,,0.68,0,2026-04-08T02:44:47.332471+00:00
47439,LEARNAFRCA,2017-03-02,0.68,,,0.68,1600,2026-04-08T02:44:49.657807+00:00
47531,LEARNAFRCA,2017-03-03,0.68,,,0.68,215955,2026-04-08T02:44:51.301699+00:00
47623,LEARNAFRCA,2017-03-06,0.68,,,0.68,36314,2026-04-08T02:44:56.024588+00:00
47715,LEARNAFRCA,2017-03-07,0.68,,,0.68,15896,2026-04-08T02:44:58.263872+00:00
47807,LEARNAFRCA,2017-03-08,0.68,,,0.68,77481,2026-04-08T02:44:59.957789+00:00
47899,LEARNAFRCA,2017-03-09,0.68,,,0.68,0,2026-04-08T02:45:01.661944+00:00
47991,LEARNAFRCA,2017-03-10,0.68,,,0.68,10000,2026-04-08T02:45:03.96312+00:00
48083,LEARNAFRCA,2017-03-13,0.68,,,0.68,27,2026-04-08T02:45:08.663664+00:00
48175,LEARNAFRCA,2017-03-14,0.68,,,0.68,0,2026-04-08T02:45:11.088473+00:00
48267,LEARNAFRCA,2017-03-15,0.68,,,0.68,0,2026-04-08T02:45:12.861206+00:00
48359,LEARNAFRCA,2017-03-16,0.68,,,0.68,8525,2026-04-08T02:45:15.084197+00:00
48451,LEARNAFRCA,2017-03-17,0.68,,,0.68,0,2026-04-08T02:45:17.543831+00:00
48543,LEARNAFRCA,2017-03-20,0.68,,,0.68,155481,2026-04-08T02:45:21.873889+00:00
48635,LEARNAFRCA,2017-03-21,0.68,,,0.68,0,2026-04-08T02:45:25.078347+00:00
48727,LEARNAFRCA,2017-03-22,0.65,,,0.65,73471,2026-04-08T02:45:26.626215+00:00
48819,LEARNAFRCA,2017-03-23,0.68,,,0.68,100000,2026-04-08T02:45:28.377346+00:00
48911,LEARNAFRCA,2017-03-24,0.68,,,0.68,11914,2026-04-08T02:45:30.775015+00:00
49003,LEARNAFRCA,2017-03-27,0.68,,,0.68,61938,2026-04-08T02:45:34.704999+00:00
49095,LEARNAFRCA,2017-03-28,0.68,,,0.68,0,2026-04-08T02:45:36.347457+00:00
49187,LEARNAFRCA,2017-03-29,0.68,,,0.68,0,2026-04-08T02:45:38.731306+00:00
49279,LEARNAFRCA,2017-03-30,0.68,,,0.68,13896,2026-04-08T02:45:40.513553+00:00
49371,LEARNAFRCA,2017-03-31,0.68,,,0.68,0,2026-04-08T02:45:42.281198+00:00
49647,LEARNAFRCA,2017-04-03,0.71,,,0.71,427512,2026-04-08T02:51:07.481095+00:00
49739,LEARNAFRCA,2017-04-04,0.77,,,0.77,51700,2026-04-08T02:51:09.86923+00:00
49831,LEARNAFRCA,2017-04-05,0.8,,,0.8,251704,2026-04-08T02:51:12.308135+00:00
49923,LEARNAFRCA,2017-04-06,0.86,,,0.86,260122,2026-04-08T02:51:14.846493+00:00
50015,LEARNAFRCA,2017-04-07,0.86,,,0.86,57500,2026-04-08T02:51:17.320635+00:00
50106,LEARNAFRCA,2017-04-10,0.86,,,0.86,95393,2026-04-08T02:51:21.583607+00:00
50197,LEARNAFRCA,2017-04-11,0.86,,,0.86,117850,2026-04-08T02:51:23.796131+00:00
50288,LEARNAFRCA,2017-04-12,0.86,,,0.86,17429,2026-04-08T02:51:26.28287+00:00
50379,LEARNAFRCA,2017-04-13,0.86,,,0.86,99193,2026-04-08T02:51:28.606475+00:00
50470,LEARNAFRCA,2017-04-18,0.86,,,0.86,70000,2026-04-08T02:51:35.070654+00:00
50561,LEARNAFRCA,2017-04-19,0.86,,,0.86,138000,2026-04-08T02:51:37.390681+00:00
50652,LEARNAFRCA,2017-04-20,0.86,,,0.86,2000,2026-04-08T02:51:39.751187+00:00
50743,LEARNAFRCA,2017-04-21,0.86,,,0.86,3940,2026-04-08T02:51:42.059234+00:00
50834,LEARNAFRCA,2017-04-24,0.86,,,0.86,165060,2026-04-08T02:51:46.271638+00:00
50925,LEARNAFRCA,2017-04-25,0.82,,,0.82,60000,2026-04-08T02:51:48.506234+00:00
51016,LEARNAFRCA,2017-04-26,0.82,,,0.82,18279,2026-04-08T02:51:50.787758+00:00
51107,LEARNAFRCA,2017-04-27,0.86,,,0.86,88000,2026-04-08T02:51:53.168104+00:00
51198,LEARNAFRCA,2017-04-28,0.82,,,0.82,78512,2026-04-08T02:51:55.619599+00:00
51289,LEARNAFRCA,2017-05-02,0.85,,,0.85,86900,2026-04-08T02:52:01.291461+00:00
51380,LEARNAFRCA,2017-05-03,0.85,,,0.85,40510,2026-04-08T02:52:03.619408+00:00
51471,LEARNAFRCA,2017-05-04,0.86,,,0.86,112400,2026-04-08T02:52:06.041901+00:00
51562,LEARNAFRCA,2017-05-05,0.86,,,0.86,5200,2026-04-08T02:52:08.320033+00:00
51653,LEARNAFRCA,2017-05-08,0.88,,,0.88,62091,2026-04-08T02:52:12.828428+00:00
51744,LEARNAFRCA,2017-05-09,0.89,,,0.89,86038,2026-04-08T02:52:15.102333+00:00
51835,LEARNAFRCA,2017-05-10,0.89,,,0.89,20010,2026-04-08T02:52:17.709352+00:00
51926,LEARNAFRCA,2017-05-11,0.85,,,0.85,58806,2026-04-08T02:52:19.900179+00:00
52017,LEARNAFRCA,2017-05-12,0.85,,,0.85,0,2026-04-08T02:52:22.170941+00:00
52109,LEARNAFRCA,2017-05-15,0.85,,,0.85,8120,2026-04-08T02:52:26.563035+00:00
52201,LEARNAFRCA,2017-05-16,0.85,,,0.85,81262,2026-04-08T02:52:28.807233+00:00
52293,LEARNAFRCA,2017-05-17,0.85,,,0.85,44100,2026-04-08T02:52:31.099411+00:00
52385,LEARNAFRCA,2017-05-18,0.85,,,0.85,51000,2026-04-08T02:52:33.303088+00:00
52477,LEARNAFRCA,2017-05-19,0.85,,,0.85,20000,2026-04-08T02:52:35.640534+00:00
52569,LEARNAFRCA,2017-05-22,0.85,,,0.85,107270,2026-04-08T02:52:39.854932+00:00
52661,LEARNAFRCA,2017-05-23,0.81,,,0.81,296734,2026-04-08T02:52:42.264162+00:00
52753,LEARNAFRCA,2017-05-24,0.81,,,0.81,66627,2026-04-08T02:52:44.613941+00:00
52845,LEARNAFRCA,2017-05-25,0.81,,,0.81,0,2026-04-08T02:52:46.963191+00:00
52937,LEARNAFRCA,2017-05-26,0.77,,,0.77,195770,2026-04-08T02:52:49.347152+00:00
53029,LEARNAFRCA,2017-05-30,0.77,,,0.77,13000,2026-04-08T02:52:54.942696+00:00
53121,LEARNAFRCA,2017-05-31,0.74,,,0.74,163500,2026-04-08T02:52:57.421655+00:00
53213,LEARNAFRCA,2017-06-01,0.8,,,0.8,726829,2026-04-08T02:52:59.649981+00:00
53305,LEARNAFRCA,2017-06-02,0.88,,,0.88,234826,2026-04-08T02:53:02.056444+00:00
53397,LEARNAFRCA,2017-06-05,0.88,,,0.88,660000,2026-04-08T02:53:06.428901+00:00
53489,LEARNAFRCA,2017-06-06,0.92,,,0.92,882870,2026-04-08T02:53:08.604609+00:00
53581,LEARNAFRCA,2017-06-07,0.95,,,0.95,341870,2026-04-08T02:53:10.833265+00:00
53673,LEARNAFRCA,2017-06-08,0.95,,,0.95,259130,2026-04-08T02:53:13.196386+00:00
53765,LEARNAFRCA,2017-06-09,0.95,,,0.95,277421,2026-04-08T02:53:15.53674+00:00
53857,LEARNAFRCA,2017-06-12,0.81,,,0.81,2417431,2026-04-08T02:53:19.709801+00:00
53949,LEARNAFRCA,2017-06-13,0.77,,,0.77,571760,2026-04-08T02:53:22.046011+00:00
54041,LEARNAFRCA,2017-06-14,0.77,,,0.77,410000,2026-04-08T02:53:24.253383+00:00
54133,LEARNAFRCA,2017-06-15,0.8,,,0.8,221290,2026-04-08T02:53:26.527181+00:00
54225,LEARNAFRCA,2017-06-16,0.83,,,0.83,370861,2026-04-08T02:53:28.80273+00:00
54317,LEARNAFRCA,2017-06-19,0.83,,,0.83,948008,2026-04-08T02:53:33.036647+00:00
54409,LEARNAFRCA,2017-06-20,0.83,,,0.83,473486,2026-04-08T02:53:35.524675+00:00
54501,LEARNAFRCA,2017-06-21,0.83,,,0.83,538800,2026-04-08T02:53:37.865913+00:00
54593,LEARNAFRCA,2017-06-22,0.87,,,0.87,83270,2026-04-08T02:53:40.094955+00:00
54685,LEARNAFRCA,2017-06-23,0.83,,,0.83,223000,2026-04-08T02:53:42.493578+00:00
54777,LEARNAFRCA,2017-06-28,0.83,,,0.83,108122,2026-04-08T02:53:49.135881+00:00
54869,LEARNAFRCA,2017-06-29,0.87,,,0.87,203883,2026-04-08T02:53:51.51214+00:00
54961,LEARNAFRCA,2017-06-30,0.87,,,0.87,10,2026-04-08T02:53:53.827964+00:00
55053,LEARNAFRCA,2017-07-03,0.87,,,0.87,25000,2026-04-08T02:53:58.279599+00:00
55145,LEARNAFRCA,2017-07-04,0.87,,,0.87,10800,2026-04-08T02:54:00.563227+00:00
55237,LEARNAFRCA,2017-07-05,0.87,,,0.87,10000,2026-04-08T02:54:02.831513+00:00
55329,LEARNAFRCA,2017-07-06,0.87,,,0.87,2000,2026-04-08T02:54:05.078114+00:00
55421,LEARNAFRCA,2017-07-07,0.87,,,0.87,3350,2026-04-08T02:54:07.286065+00:00
55513,LEARNAFRCA,2017-07-10,0.87,,,0.87,0,2026-04-08T02:54:11.798817+00:00
55605,LEARNAFRCA,2017-07-11,0.83,,,0.83,550353,2026-04-08T02:54:14.116532+00:00
55692,LEARNAFRCA,2017-07-12,0.86,,,0.86,1116248,2026-04-08T02:54:16.498015+00:00
55779,LEARNAFRCA,2017-07-13,0.9,,,0.9,104000,2026-04-08T02:54:18.840036+00:00
55871,LEARNAFRCA,2017-07-14,0.9,,,0.9,61273,2026-04-08T02:54:21.336813+00:00
55963,LEARNAFRCA,2017-07-17,0.9,,,0.9,24325,2026-04-08T02:54:25.561903+00:00
56055,LEARNAFRCA,2017-07-18,0.9,,,0.9,0,2026-04-08T02:54:28.120242+00:00
56147,LEARNAFRCA,2017-07-19,0.9,,,0.9,6265,2026-04-08T02:54:30.645734+00:00
56239,LEARNAFRCA,2017-07-20,0.9,,,0.9,22025,2026-04-08T02:54:33.025266+00:00
56331,LEARNAFRCA,2017-07-21,0.9,,,0.9,8200,2026-04-08T02:54:35.480817+00:00
56423,LEARNAFRCA,2017-07-24,0.9,,,0.9,10000,2026-04-08T02:54:39.934321+00:00
56515,LEARNAFRCA,2017-07-26,0.87,,,0.87,75000,2026-04-08T02:54:43.20598+00:00
56607,LEARNAFRCA,2017-07-27,0.87,,,0.87,0,2026-04-08T02:54:45.547579+00:00
56699,LEARNAFRCA,2017-07-28,0.87,,,0.87,53000,2026-04-08T02:54:47.918804+00:00
56791,LEARNAFRCA,2017-07-31,0.83,,,0.83,184516,2026-04-08T02:54:52.464984+00:00
56883,LEARNAFRCA,2017-08-01,0.83,,,0.83,0,2026-04-08T02:54:54.790805+00:00
56975,LEARNAFRCA,2017-08-02,0.83,,,0.83,24482,2026-04-08T02:54:57.117603+00:00
57067,LEARNAFRCA,2017-08-03,0.83,,,0.83,2100,2026-04-08T02:54:59.3729+00:00
57159,LEARNAFRCA,2017-08-04,0.83,,,0.83,37018,2026-04-08T02:55:01.592641+00:00
57251,LEARNAFRCA,2017-08-07,0.83,,,0.83,7791,2026-04-08T02:55:06.418828+00:00
57343,LEARNAFRCA,2017-08-08,0.83,,,0.83,6000,2026-04-08T02:55:08.763983+00:00
57435,LEARNAFRCA,2017-08-09,0.83,,,0.83,103279,2026-04-08T02:55:11.057796+00:00
57527,LEARNAFRCA,2017-08-10,0.83,,,0.83,0,2026-04-08T02:55:13.401484+00:00
57619,LEARNAFRCA,2017-08-11,0.79,,,0.79,324452,2026-04-08T02:55:15.670877+00:00
57711,LEARNAFRCA,2017-08-14,0.79,,,0.79,1550,2026-04-08T02:55:20.026285+00:00
57803,LEARNAFRCA,2017-08-15,0.82,,,0.82,237472,2026-04-08T02:55:22.633816+00:00
57895,LEARNAFRCA,2017-08-16,0.81,,,0.81,296878,2026-04-08T02:55:24.979188+00:00
57987,LEARNAFRCA,2017-08-17,0.81,,,0.81,67222,2026-04-08T02:55:27.3994+00:00
58079,LEARNAFRCA,2017-08-18,0.81,,,0.81,72041,2026-04-08T02:55:29.67842+00:00
58171,LEARNAFRCA,2017-08-21,0.85,,,0.85,255643,2026-04-08T02:55:34.023067+00:00
58263,LEARNAFRCA,2017-08-22,0.85,,,0.85,20000,2026-04-08T02:55:36.334754+00:00
58355,LEARNAFRCA,2017-08-23,0.85,,,0.85,25000,2026-04-08T02:55:38.717606+00:00
58447,LEARNAFRCA,2017-08-24,0.85,,,0.85,2077,2026-04-08T02:55:41.242089+00:00
58539,LEARNAFRCA,2017-08-25,0.77,,,0.77,152714,2026-04-08T02:55:43.579232+00:00
58631,LEARNAFRCA,2017-08-28,0.77,,,0.77,11122,2026-04-08T02:55:48.020598+00:00
58723,LEARNAFRCA,2017-08-29,0.77,,,0.77,36490,2026-04-08T02:55:50.281022+00:00
58815,LEARNAFRCA,2017-08-30,0.77,,,0.77,27900,2026-04-08T02:55:52.499005+00:00
58907,LEARNAFRCA,2017-08-31,0.77,,,0.77,0,2026-04-08T02:55:54.947048+00:00
58999,LEARNAFRCA,2017-09-05,0.77,,,0.77,5249,2026-04-08T02:56:01.572419+00:00
59091,LEARNAFRCA,2017-09-06,0.78,,,0.78,221471,2026-04-08T02:56:03.885356+00:00
59183,LEARNAFRCA,2017-09-07,0.78,,,0.78,0,2026-04-08T02:56:06.19045+00:00
59275,LEARNAFRCA,2017-09-11,0.74,,,0.74,108000,2026-04-08T02:56:11.370569+00:00
59367,LEARNAFRCA,2017-09-12,0.74,,,0.74,1,2026-04-08T02:56:13.892416+00:00
59459,LEARNAFRCA,2017-09-13,0.74,,,0.74,40099,2026-04-08T02:56:16.312215+00:00
59551,LEARNAFRCA,2017-09-14,0.74,,,0.74,26706,2026-04-08T02:56:18.601168+00:00
59643,LEARNAFRCA,2017-09-15,0.74,,,0.74,20004,2026-04-08T02:56:20.93666+00:00
59735,LEARNAFRCA,2017-09-16,0.74,,,0.74,4000,2026-04-08T02:56:23.148937+00:00
59827,LEARNAFRCA,2017-09-19,0.74,,,0.74,3700,2026-04-08T02:56:27.358465+00:00
59919,LEARNAFRCA,2017-09-20,0.74,,,0.74,32750,2026-04-08T02:56:29.683375+00:00
60011,LEARNAFRCA,2017-09-21,0.74,,,0.74,0,2026-04-08T02:56:31.851594+00:00
60103,LEARNAFRCA,2017-09-22,0.74,,,0.74,34286,2026-04-08T02:56:34.007646+00:00
60195,LEARNAFRCA,2017-09-25,0.74,,,0.74,4600,2026-04-08T02:56:38.385386+00:00
60287,LEARNAFRCA,2017-09-26,0.74,,,0.74,61221,2026-04-08T02:56:40.657356+00:00
60379,LEARNAFRCA,2017-09-27,0.77,,,0.77,97131,2026-04-08T02:56:42.968732+00:00
60471,LEARNAFRCA,2017-09-28,0.77,,,0.77,57627,2026-04-08T02:56:45.128996+00:00
60563,LEARNAFRCA,2017-09-29,0.74,,,0.74,78464,2026-04-08T02:56:47.398677+00:00
60655,LEARNAFRCA,2017-10-03,0.79,,,0.79,121408,2026-04-08T02:56:52.779733+00:00
60747,LEARNAFRCA,2017-10-04,0.76,,,0.76,231592,2026-04-08T02:56:55.065177+00:00
60839,LEARNAFRCA,2017-10-05,0.77,,,0.77,52000,2026-04-08T02:56:57.377802+00:00
60931,LEARNAFRCA,2017-10-06,0.76,,,0.76,89893,2026-04-08T02:56:59.661092+00:00
61023,LEARNAFRCA,2017-10-09,0.77,,,0.77,60100,2026-04-08T02:57:04.043492+00:00
61115,LEARNAFRCA,2017-10-10,0.77,,,0.77,304000,2026-04-08T02:57:06.326055+00:00
61207,LEARNAFRCA,2017-10-11,0.76,,,0.76,213107,2026-04-08T02:57:08.620281+00:00
61299,LEARNAFRCA,2017-10-12,0.78,,,0.78,659000,2026-04-08T02:57:10.950839+00:00
61391,LEARNAFRCA,2017-10-13,0.8,,,0.8,356000,2026-04-08T02:57:13.525709+00:00
61483,LEARNAFRCA,2017-10-16,0.76,,,0.76,219000,2026-04-08T02:57:17.895676+00:00
61575,LEARNAFRCA,2017-10-17,0.76,,,0.76,85800,2026-04-08T02:57:20.31307+00:00
61667,LEARNAFRCA,2017-10-18,0.79,,,0.79,90200,2026-04-08T02:57:22.526226+00:00
61759,LEARNAFRCA,2017-10-19,0.79,,,0.79,6010,2026-04-08T02:57:24.865827+00:00
61851,LEARNAFRCA,2017-10-20,0.79,,,0.79,18988,2026-04-08T02:57:27.091081+00:00
61943,LEARNAFRCA,2017-10-23,0.79,,,0.79,28161,2026-04-08T02:57:31.703062+00:00
62035,LEARNAFRCA,2017-10-24,0.79,,,0.79,200500,2026-04-08T02:57:34.020008+00:00
62127,LEARNAFRCA,2017-10-25,0.8,,,0.8,354521,2026-04-08T02:57:36.254878+00:00
62219,LEARNAFRCA,2017-10-26,0.8,,,0.8,46164,2026-04-08T02:57:38.639324+00:00
62311,LEARNAFRCA,2017-10-27,0.84,,,0.84,85000,2026-04-08T02:57:40.810349+00:00
62403,LEARNAFRCA,2017-10-30,0.84,,,0.84,326625,2026-04-08T02:57:45.233404+00:00
62495,LEARNAFRCA,2017-10-31,0.88,,,0.88,251590,2026-04-08T02:57:47.538171+00:00
62587,LEARNAFRCA,2017-11-01,0.92,,,0.92,75998,2026-04-08T02:57:49.900698+00:00
62679,LEARNAFRCA,2017-11-02,0.96,,,0.96,54897,2026-04-08T02:57:52.192143+00:00
62771,LEARNAFRCA,2017-11-03,1.0,,,1.0,509708,2026-04-08T02:57:54.512232+00:00
62863,LEARNAFRCA,2017-11-06,1.05,,,1.05,196392,2026-04-08T02:57:59.23147+00:00
62955,LEARNAFRCA,2017-11-07,1.0,,,1.0,935876,2026-04-08T02:58:01.524363+00:00
63047,LEARNAFRCA,2017-11-08,1.05,,,1.05,1808909,2026-04-08T02:58:03.79912+00:00
63139,LEARNAFRCA,2017-11-09,1.03,,,1.03,415526,2026-04-08T02:58:06.050925+00:00
63231,LEARNAFRCA,2017-11-10,1.08,,,1.08,373929,2026-04-08T02:58:08.423322+00:00
63323,LEARNAFRCA,2017-11-13,1.03,,,1.03,865517,2026-04-08T02:58:12.832851+00:00
63415,LEARNAFRCA,2017-11-14,0.98,,,0.98,394401,2026-04-08T02:58:15.182817+00:00
63507,LEARNAFRCA,2017-11-15,1.02,,,1.02,528673,2026-04-08T02:58:17.483941+00:00
63599,LEARNAFRCA,2017-11-16,1.05,,,1.05,645541,2026-04-08T02:58:19.932158+00:00
63691,LEARNAFRCA,2017-11-17,1.0,,,1.0,122988,2026-04-08T02:58:22.230505+00:00
63783,LEARNAFRCA,2017-11-20,0.98,,,0.98,93610,2026-04-08T02:58:26.609741+00:00
63875,LEARNAFRCA,2017-11-21,0.94,,,0.94,625466,2026-04-08T02:58:29.044371+00:00
63967,LEARNAFRCA,2017-11-22,0.97,,,0.97,131443,2026-04-08T02:58:31.282092+00:00
64059,LEARNAFRCA,2017-11-23,0.97,,,0.97,59445,2026-04-08T02:58:33.589475+00:00
64151,LEARNAFRCA,2017-11-24,0.97,,,0.97,24143,2026-04-08T02:58:35.965247+00:00
64243,LEARNAFRCA,2017-11-27,0.97,,,0.97,5857,2026-04-08T02:58:40.303262+00:00
64335,LEARNAFRCA,2017-11-28,0.97,,,0.97,56110,2026-04-08T02:58:42.596324+00:00
64427,LEARNAFRCA,2017-11-29,0.97,,,0.97,9700,2026-04-08T02:58:44.979081+00:00
64519,LEARNAFRCA,2017-11-30,0.93,,,0.93,513019,2026-04-08T02:58:47.226359+00:00
64611,LEARNAFRCA,2017-12-04,0.97,,,0.97,1646900,2026-04-08T02:58:52.54699+00:00
64703,LEARNAFRCA,2017-12-05,1.05,,,1.05,1685000,2026-04-08T02:58:54.773083+00:00
64795,LEARNAFRCA,2017-12-06,1.0,,,1.0,120661,2026-04-08T02:58:57.263783+00:00
64887,LEARNAFRCA,2017-12-07,1.0,,,1.0,40628,2026-04-08T02:58:59.55462+00:00
64979,LEARNAFRCA,2017-12-08,1.0,,,1.0,368000,2026-04-08T02:59:01.865905+00:00
65071,LEARNAFRCA,2017-12-11,0.95,,,0.95,110000,2026-04-08T02:59:06.715792+00:00
65163,LEARNAFRCA,2017-12-12,0.91,,,0.91,1048039,2026-04-08T02:59:09.170602+00:00
65255,LEARNAFRCA,2017-12-13,0.9,,,0.9,252948,2026-04-08T02:59:11.522814+00:00
65347,LEARNAFRCA,2017-12-14,0.9,,,0.9,252876,2026-04-08T02:59:13.751616+00:00
65439,LEARNAFRCA,2017-12-15,0.86,,,0.86,405100,2026-04-08T02:59:16.016878+00:00
65531,LEARNAFRCA,2017-12-18,0.84,,,0.84,103014,2026-04-08T02:59:20.496704+00:00
65623,LEARNAFRCA,2017-12-19,0.84,,,0.84,6571,2026-04-08T02:59:22.691103+00:00
65715,LEARNAFRCA,2017-12-20,0.88,,,0.88,108000,2026-04-08T02:59:25.001427+00:00
65807,LEARNAFRCA,2017-12-21,0.88,,,0.88,5612,2026-04-08T02:59:27.554405+00:00
65899,LEARNAFRCA,2017-12-22,0.88,,,0.88,83858,2026-04-08T02:59:29.82771+00:00
65991,LEARNAFRCA,2017-12-27,0.88,,,0.88,107000,2026-04-08T02:59:36.63878+00:00
66083,LEARNAFRCA,2017-12-28,0.88,,,0.88,232000,2026-04-08T02:59:39.04539+00:00
66175,LEARNAFRCA,2017-12-29,0.88,,,0.88,58955,2026-04-08T02:59:41.445401+00:00
66267,LEARNAFRCA,2018-01-02,0.88,,,0.88,53563,2026-04-08T02:59:46.944851+00:00
66359,LEARNAFRCA,2018-01-03,0.88,,,0.88,164907,2026-04-08T02:59:49.25236+00:00
66451,LEARNAFRCA,2018-01-04,0.88,,,0.88,79478,2026-04-08T02:59:51.440942+00:00
66543,LEARNAFRCA,2018-01-05,0.88,,,0.88,355965,2026-04-08T02:59:53.632679+00:00
66635,LEARNAFRCA,2018-01-08,0.88,,,0.88,111263,2026-04-08T02:59:58.187375+00:00
66727,LEARNAFRCA,2018-01-09,0.92,,,0.92,244046,2026-04-08T03:00:00.526076+00:00
66819,LEARNAFRCA,2018-01-10,0.99,,,0.99,1277485,2026-04-08T03:00:02.789006+00:00
66911,LEARNAFRCA,2018-01-11,0.95,,,0.95,650216,2026-04-08T03:00:05.007224+00:00
67003,LEARNAFRCA,2018-01-12,0.91,,,0.91,1073319,2026-04-08T03:00:07.437621+00:00
67095,LEARNAFRCA,2018-01-15,0.91,,,0.91,213118,2026-04-08T03:00:11.967979+00:00
67187,LEARNAFRCA,2018-01-16,0.88,,,0.88,996982,2026-04-08T03:00:14.274869+00:00
67279,LEARNAFRCA,2018-01-17,0.92,,,0.92,519205,2026-04-08T03:00:16.592861+00:00
67371,LEARNAFRCA,2018-01-18,0.96,,,0.96,1043654,2026-04-08T03:00:18.874572+00:00
67463,LEARNAFRCA,2018-01-19,0.92,,,0.92,628111,2026-04-08T03:00:21.223293+00:00
67555,LEARNAFRCA,2018-01-22,0.96,,,0.96,848675,2026-04-08T03:00:25.613479+00:00
67647,LEARNAFRCA,2018-01-23,0.94,,,0.94,644910,2026-04-08T03:00:27.792672+00:00
67739,LEARNAFRCA,2018-01-24,0.96,,,0.96,1665133,2026-04-08T03:00:29.955701+00:00
67831,LEARNAFRCA,2018-01-25,0.96,,,0.96,776690,2026-04-08T03:00:32.149736+00:00
67923,LEARNAFRCA,2018-01-26,0.97,,,0.97,215031,2026-04-08T03:00:34.314441+00:00
68015,LEARNAFRCA,2018-01-30,1.01,,,1.01,606357,2026-04-08T03:00:39.498781+00:00
68107,LEARNAFRCA,2018-01-31,1.06,,,1.06,755301,2026-04-08T03:00:41.874276+00:00
68199,LEARNAFRCA,2018-02-01,1.1,,,1.1,376639,2026-04-08T03:00:44.260901+00:00
68291,LEARNAFRCA,2018-02-02,1.15,,,1.15,1506388,2026-04-08T03:00:46.552556+00:00
68383,LEARNAFRCA,2018-02-05,1.1,,,1.1,678000,2026-04-08T03:00:50.820837+00:00
68475,LEARNAFRCA,2018-02-06,1.05,,,1.05,1128340,2026-04-08T03:00:53.862975+00:00
68567,LEARNAFRCA,2018-02-07,1.0,,,1.0,1263143,2026-04-08T03:00:56.249659+00:00
68659,LEARNAFRCA,2018-02-08,1.0,,,1.0,394188,2026-04-08T03:00:58.532515+00:00
68751,LEARNAFRCA,2018-02-12,1.05,,,1.05,5081,2026-04-08T03:01:04.382325+00:00
68843,LEARNAFRCA,2018-02-13,1.05,,,1.05,25781,2026-04-08T03:01:06.5746+00:00
68935,LEARNAFRCA,2018-02-14,1.05,,,1.05,115039,2026-04-08T03:01:08.960618+00:00
69027,LEARNAFRCA,2018-02-15,1.05,,,1.05,20000,2026-04-08T03:01:11.158693+00:00
69119,LEARNAFRCA,2018-02-16,1.05,,,1.05,119543,2026-04-08T03:01:13.607551+00:00
69211,LEARNAFRCA,2018-02-19,1.05,,,1.05,317525,2026-04-08T03:01:18.187191+00:00
69303,LEARNAFRCA,2018-02-20,1.05,,,1.05,293167,2026-04-08T03:01:20.554931+00:00
69395,LEARNAFRCA,2018-02-22,1.0,,,1.0,130100,2026-04-08T03:01:23.957413+00:00
69487,LEARNAFRCA,2018-02-26,1.05,,,1.05,145000,2026-04-08T03:01:29.317338+00:00
69579,LEARNAFRCA,2018-02-27,1.05,,,1.05,180429,2026-04-08T03:01:31.58282+00:00
69671,LEARNAFRCA,2018-02-28,1.05,,,1.05,15000,2026-04-08T03:01:33.916623+00:00
69763,LEARNAFRCA,2018-03-01,1.02,,,1.02,1057363,2026-04-08T03:01:36.321302+00:00
69855,LEARNAFRCA,2018-03-02,1.02,,,1.02,4000,2026-04-08T03:01:38.625174+00:00
69947,LEARNAFRCA,2018-03-05,0.97,,,0.97,411754,2026-04-08T03:01:43.47208+00:00
70039,LEARNAFRCA,2018-03-06,0.97,,,0.97,96503,2026-04-08T03:01:45.677681+00:00
70131,LEARNAFRCA,2018-03-08,1.0,,,1.0,731801,2026-04-08T03:01:48.923554+00:00
70223,LEARNAFRCA,2018-03-09,1.04,,,1.04,3917000,2026-04-08T03:01:51.131195+00:00
70315,LEARNAFRCA,2018-03-12,1.09,,,1.09,320000,2026-04-08T03:01:55.382529+00:00
70407,LEARNAFRCA,2018-03-13,1.09,,,1.09,84172,2026-04-08T03:01:57.721961+00:00
70499,LEARNAFRCA,2018-03-14,1.09,,,1.09,77700,2026-04-08T03:02:00.06799+00:00
70591,LEARNAFRCA,2018-03-15,1.1,,,1.1,622674,2026-04-08T03:02:02.587626+00:00
70683,LEARNAFRCA,2018-03-16,1.1,,,1.1,10600,2026-04-08T03:02:05.049003+00:00
70775,LEARNAFRCA,2018-03-19,1.1,,,1.1,58400,2026-04-08T03:02:09.713694+00:00
70867,LEARNAFRCA,2018-03-20,1.1,,,1.1,11741,2026-04-08T03:02:12.039098+00:00
70959,LEARNAFRCA,2018-03-21,1.05,,,1.05,202285,2026-04-08T03:02:14.26344+00:00
71051,LEARNAFRCA,2018-03-22,1.0,,,1.0,717931,2026-04-08T03:02:16.655807+00:00
71143,LEARNAFRCA,2018-03-23,0.97,,,0.97,318977,2026-04-08T03:02:19.005936+00:00
71235,LEARNAFRCA,2018-03-26,0.97,,,0.97,51000,2026-04-08T03:02:23.356301+00:00
71327,LEARNAFRCA,2018-03-27,0.97,,,0.97,350,2026-04-08T03:02:25.602463+00:00
71419,LEARNAFRCA,2018-03-28,0.97,,,0.97,153829,2026-04-08T03:02:28.271075+00:00
71511,LEARNAFRCA,2018-03-29,0.97,,,0.97,7850,2026-04-08T03:02:31.326472+00:00
71603,LEARNAFRCA,2018-04-03,0.97,,,0.97,20000,2026-04-08T03:02:37.862294+00:00
71695,LEARNAFRCA,2018-04-04,0.97,,,0.97,97000,2026-04-08T03:02:40.086392+00:00
71787,LEARNAFRCA,2018-04-05,0.97,,,0.97,5512,2026-04-08T03:02:42.518452+00:00
71879,LEARNAFRCA,2018-04-09,1.06,,,1.06,252500,2026-04-08T03:02:48.00481+00:00
71971,LEARNAFRCA,2018-04-10,1.06,,,1.06,117496,2026-04-08T03:02:50.293549+00:00
72063,LEARNAFRCA,2018-04-11,1.16,,,1.16,682367,2026-04-08T03:02:52.723357+00:00
72155,LEARNAFRCA,2018-04-12,1.16,,,1.16,944213,2026-04-08T03:02:54.976434+00:00
72247,LEARNAFRCA,2018-04-13,1.15,,,1.15,6513655,2026-04-08T03:02:57.419716+00:00
72340,LEARNAFRCA,2018-04-16,1.15,,,1.15,177543,2026-04-08T03:03:01.748445+00:00
72433,LEARNAFRCA,2018-04-17,1.15,,,1.15,59523,2026-04-08T03:03:04.013915+00:00
72526,LEARNAFRCA,2018-04-18,1.15,,,1.15,206418,2026-04-08T03:03:06.304604+00:00
72619,LEARNAFRCA,2018-04-19,1.15,,,1.15,104300,2026-04-08T03:03:08.631091+00:00
72712,LEARNAFRCA,2018-04-20,1.2,,,1.2,126146,2026-04-08T03:03:11.181142+00:00
72805,LEARNAFRCA,2018-04-23,1.31,,,1.31,1165800,2026-04-08T03:03:15.702548+00:00
72898,LEARNAFRCA,2018-04-24,1.37,,,1.37,712492,2026-04-08T03:03:17.976864+00:00
72991,LEARNAFRCA,2018-04-25,1.35,,,1.35,609594,2026-04-08T03:03:20.281484+00:00
73084,LEARNAFRCA,2018-04-26,1.35,,,1.35,364669,2026-04-08T03:03:22.503544+00:00
73177,LEARNAFRCA,2018-04-27,1.35,,,1.35,27956,2026-04-08T03:03:24.801147+00:00
73270,LEARNAFRCA,2018-04-30,1.35,,,1.35,129877,2026-04-08T03:03:29.288658+00:00
73363,LEARNAFRCA,2018-05-02,1.35,,,1.35,364000,2026-04-08T03:03:32.97882+00:00
73456,LEARNAFRCA,2018-05-03,1.35,,,1.35,67177,2026-04-08T03:03:35.46093+00:00
73549,LEARNAFRCA,2018-05-04,1.35,,,1.35,144237,2026-04-08T03:03:38.142449+00:00
73642,LEARNAFRCA,2018-05-07,1.35,,,1.35,185426,2026-04-08T03:03:42.835383+00:00
73735,LEARNAFRCA,2018-05-08,1.35,,,1.35,104289,2026-04-08T03:03:45.094212+00:00
73828,LEARNAFRCA,2018-05-09,1.35,,,1.35,22365,2026-04-08T03:03:47.354492+00:00
73921,LEARNAFRCA,2018-05-10,1.35,,,1.35,55532,2026-04-08T03:03:49.581225+00:00
74014,LEARNAFRCA,2018-05-11,1.35,,,1.35,17290,2026-04-08T03:03:51.923758+00:00
74107,LEARNAFRCA,2018-05-14,1.35,,,1.35,175069,2026-04-08T03:03:56.261604+00:00
74200,LEARNAFRCA,2018-05-15,1.35,,,1.35,146079,2026-04-08T03:03:58.63318+00:00
74293,LEARNAFRCA,2018-05-16,1.35,,,1.35,380065,2026-04-08T03:04:02.494817+00:00
74386,LEARNAFRCA,2018-05-17,1.35,,,1.35,97808,2026-04-08T03:04:04.853265+00:00
74479,LEARNAFRCA,2018-05-18,1.35,,,1.35,65454,2026-04-08T03:04:09.280828+00:00
74572,LEARNAFRCA,2018-05-21,1.35,,,1.35,40665,2026-04-08T03:04:14.640212+00:00
74665,LEARNAFRCA,2018-05-22,1.35,,,1.35,700952,2026-04-08T03:04:17.13602+00:00
74758,LEARNAFRCA,2018-05-24,1.32,,,1.32,219600,2026-04-08T03:04:20.857799+00:00
74851,LEARNAFRCA,2018-05-25,1.32,,,1.32,592000,2026-04-08T03:04:23.533051+00:00
74944,LEARNAFRCA,2018-05-28,1.32,,,1.32,7150,2026-04-08T03:04:28.151981+00:00
75037,LEARNAFRCA,2018-05-31,1.38,,,1.38,2055,2026-04-08T03:04:33.384321+00:00
75130,LEARNAFRCA,2018-06-01,1.38,,,1.38,3892,2026-04-08T03:04:35.846588+00:00
75223,LEARNAFRCA,2018-06-04,1.38,,,1.38,3243,2026-04-08T03:04:40.216574+00:00
75316,LEARNAFRCA,2018-06-05,1.38,,,1.38,6113,2026-04-08T03:04:42.57091+00:00
75409,LEARNAFRCA,2018-06-06,1.44,,,1.44,213133,2026-04-08T03:04:44.928825+00:00
75502,LEARNAFRCA,2018-06-07,1.44,,,1.44,74800,2026-04-08T03:04:47.263813+00:00
75595,LEARNAFRCA,2018-06-08,1.44,,,1.44,39339,2026-04-08T03:04:49.462509+00:00
75688,LEARNAFRCA,2018-06-11,1.44,,,1.44,45003,2026-04-08T03:04:53.988129+00:00
75781,LEARNAFRCA,2018-06-12,1.44,,,1.44,110203,2026-04-08T03:04:56.284057+00:00
75874,LEARNAFRCA,2018-06-13,1.51,,,1.51,208000,2026-04-08T03:04:58.638577+00:00
75967,LEARNAFRCA,2018-06-14,1.58,,,1.58,1336627,2026-04-08T03:05:00.901161+00:00
76060,LEARNAFRCA,2018-06-19,1.58,,,1.58,472666,2026-04-08T03:05:07.639029+00:00
76153,LEARNAFRCA,2018-06-20,1.58,,,1.58,1308386,2026-04-08T03:05:09.924133+00:00
76246,LEARNAFRCA,2018-06-21,1.58,,,1.58,217481,2026-04-08T03:05:12.376626+00:00
76339,LEARNAFRCA,2018-06-22,1.51,,,1.51,216797,2026-04-08T03:05:14.680862+00:00
76433,LEARNAFRCA,2018-06-25,1.51,,,1.51,237878,2026-04-08T03:05:19.028214+00:00
76527,LEARNAFRCA,2018-06-26,1.57,,,1.57,837352,2026-04-08T03:05:21.361472+00:00
76621,LEARNAFRCA,2018-06-27,1.58,,,1.58,217992,2026-04-08T03:05:23.730487+00:00
76715,LEARNAFRCA,2018-06-28,1.58,,,1.58,1056615,2026-04-08T03:05:26.342484+00:00
76809,LEARNAFRCA,2018-06-29,1.58,,,1.58,4050,2026-04-08T03:05:28.786725+00:00
76903,LEARNAFRCA,2018-07-02,1.58,,,1.58,210520,2026-04-08T03:05:34.742081+00:00
76997,LEARNAFRCA,2018-07-03,1.58,,,1.58,188930,2026-04-08T03:05:37.830893+00:00
77091,LEARNAFRCA,2018-07-04,1.51,,,1.51,1226374,2026-04-08T03:05:40.225299+00:00
77185,LEARNAFRCA,2018-07-05,1.5,,,1.5,1626650,2026-04-08T03:05:42.479897+00:00
77279,LEARNAFRCA,2018-07-06,1.54,,,1.54,1472219,2026-04-08T03:05:44.93013+00:00
77373,LEARNAFRCA,2018-07-09,1.4,,,1.4,314974,2026-04-08T03:05:49.395513+00:00
77467,LEARNAFRCA,2018-07-10,1.4,,,1.4,27545,2026-04-08T03:05:51.797285+00:00
77561,LEARNAFRCA,2018-07-11,1.4,,,1.4,201260,2026-04-08T03:05:54.14171+00:00
77655,LEARNAFRCA,2018-07-12,1.4,,,1.4,0,2026-04-08T03:05:56.629461+00:00
77749,LEARNAFRCA,2018-07-13,1.4,,,1.4,63860,2026-04-08T03:05:59.112955+00:00
77844,LEARNAFRCA,2018-07-16,1.26,,,1.26,158735,2026-04-08T03:06:03.612411+00:00
77939,LEARNAFRCA,2018-07-17,1.26,,,1.26,64371,2026-04-08T03:06:06.031894+00:00
78034,LEARNAFRCA,2018-07-18,1.26,,,1.26,169536,2026-04-08T03:06:08.398083+00:00
78129,LEARNAFRCA,2018-07-19,1.26,,,1.26,26900,2026-04-08T03:06:10.625391+00:00
78224,LEARNAFRCA,2018-07-20,1.27,,,1.27,396500,2026-04-08T03:06:13.100822+00:00
78319,LEARNAFRCA,2018-07-23,1.27,,,1.27,141406,2026-04-08T03:06:17.450644+00:00
78414,LEARNAFRCA,2018-07-24,1.27,,,1.27,35600,2026-04-08T03:06:19.846153+00:00
78509,LEARNAFRCA,2018-07-25,1.27,,,1.27,10679,2026-04-08T03:06:22.17218+00:00
78604,LEARNAFRCA,2018-07-26,1.27,,,1.27,10600,2026-04-08T03:06:24.338643+00:00
78699,LEARNAFRCA,2018-07-27,1.27,,,1.27,103870,2026-04-08T03:06:26.70773+00:00
78794,LEARNAFRCA,2018-07-30,1.27,,,1.27,32295,2026-04-08T03:06:31.357035+00:00
78889,LEARNAFRCA,2018-07-31,1.27,,,1.27,0,2026-04-08T03:06:33.766078+00:00
78984,LEARNAFRCA,2018-08-01,1.27,,,1.27,49600,2026-04-08T03:06:36.22345+00:00
79079,LEARNAFRCA,2018-08-02,1.27,,,1.27,40316,2026-04-08T03:06:38.596191+00:00
79174,LEARNAFRCA,2018-08-03,1.27,,,1.27,1101,2026-04-08T03:06:41.315743+00:00
79269,LEARNAFRCA,2018-08-06,1.27,,,1.27,21330,2026-04-08T03:06:46.359416+00:00
79364,LEARNAFRCA,2018-08-07,1.27,,,1.27,103030,2026-04-08T03:06:48.623378+00:00
79459,LEARNAFRCA,2018-08-08,1.27,,,1.27,8014,2026-04-08T03:06:51.110249+00:00
79554,LEARNAFRCA,2018-08-09,1.27,,,1.27,52216,2026-04-08T03:06:53.45187+00:00
79649,LEARNAFRCA,2018-08-10,1.27,,,1.27,65681,2026-04-08T03:06:56.254972+00:00
79744,LEARNAFRCA,2018-08-13,1.27,,,1.27,21674,2026-04-08T03:07:00.870215+00:00
79839,LEARNAFRCA,2018-08-14,1.27,,,1.27,50000,2026-04-08T03:07:03.258394+00:00
79934,LEARNAFRCA,2018-08-15,1.15,,,1.15,253994,2026-04-08T03:07:05.636903+00:00
80029,LEARNAFRCA,2018-08-16,1.15,,,1.15,55680,2026-04-08T03:07:07.96787+00:00
80124,LEARNAFRCA,2018-08-17,1.12,,,1.12,239197,2026-04-08T03:07:10.276143+00:00
80219,LEARNAFRCA,2018-08-20,1.12,,,1.12,57000,2026-04-08T03:07:14.92421+00:00
80314,LEARNAFRCA,2018-08-24,1.12,,,1.12,138128,2026-04-08T03:07:20.612873+00:00
80409,LEARNAFRCA,2018-08-27,1.12,,,1.12,88140,2026-04-08T03:07:24.735515+00:00
80504,LEARNAFRCA,2018-08-28,1.12,,,1.12,32494,2026-04-08T03:07:26.964049+00:00
80599,LEARNAFRCA,2018-08-29,1.12,,,1.12,29011,2026-04-08T03:07:29.382314+00:00
80694,LEARNAFRCA,2018-08-30,1.12,,,1.12,2000,2026-04-08T03:07:31.753519+00:00
80789,LEARNAFRCA,2018-08-31,1.12,,,1.12,56010,2026-04-08T03:07:34.108038+00:00
80884,LEARNAFRCA,2018-09-03,1.12,,,1.12,7724,2026-04-08T03:07:38.483999+00:00
80979,LEARNAFRCA,2018-09-05,1.01,,,1.01,724269,2026-04-08T03:07:41.733647+00:00
81074,LEARNAFRCA,2018-09-06,1.01,,,1.01,2100,2026-04-08T03:07:44.232746+00:00
81169,LEARNAFRCA,2018-09-07,1.01,,,1.01,20000,2026-04-08T03:07:46.695234+00:00
81264,LEARNAFRCA,2018-09-10,1.01,,,1.01,99250,2026-04-08T03:07:51.133138+00:00
81366,LEARNAFRCA,2018-09-11,1.1,,,1.1,1809250,2026-04-08T03:07:53.572062+00:00
81468,LEARNAFRCA,2018-09-12,1.1,,,1.1,73506,2026-04-08T03:07:56.190409+00:00
81570,LEARNAFRCA,2018-09-13,1.1,,,1.1,34936,2026-04-08T03:07:58.529226+00:00
81672,LEARNAFRCA,2018-09-14,1.1,,,1.1,124378,2026-04-08T03:08:00.944137+00:00
81774,LEARNAFRCA,2018-09-17,1.1,,,1.1,52015,2026-04-08T03:08:05.572353+00:00
81876,LEARNAFRCA,2018-09-18,1.1,,,1.1,260419,2026-04-08T03:08:07.840784+00:00
81978,LEARNAFRCA,2018-09-19,1.1,,,1.1,33883,2026-04-08T03:08:10.07554+00:00
82080,LEARNAFRCA,2018-09-20,1.1,,,1.1,306500,2026-04-08T03:08:12.389642+00:00
82182,LEARNAFRCA,2018-09-21,1.1,,,1.1,55000,2026-04-08T03:08:14.761127+00:00
82284,LEARNAFRCA,2018-09-24,1.1,,,1.1,15750,2026-04-08T03:08:19.182113+00:00
82386,LEARNAFRCA,2018-09-25,1.1,,,1.1,109400,2026-04-08T03:08:21.370615+00:00
82488,LEARNAFRCA,2018-09-26,1.1,,,1.1,100001,2026-04-08T03:08:24.494451+00:00
82590,LEARNAFRCA,2018-09-27,1.1,,,1.1,3117,2026-04-08T03:08:26.812803+00:00
82692,LEARNAFRCA,2018-09-28,1.1,,,1.1,83722,2026-04-08T03:08:29.283021+00:00
82794,LEARNAFRCA,2018-10-02,1.1,,,1.1,11754,2026-04-08T03:08:34.887787+00:00
82896,LEARNAFRCA,2018-10-04,1.1,,,1.1,11000,2026-04-08T03:08:38.279141+00:00
82998,LEARNAFRCA,2018-10-05,1.1,,,1.1,3204,2026-04-08T03:08:40.455926+00:00
83100,LEARNAFRCA,2018-10-08,1.1,,,1.1,135127,2026-04-08T03:08:45.286665+00:00
83202,LEARNAFRCA,2018-10-09,1.1,,,1.1,5000,2026-04-08T03:08:47.584215+00:00
83304,LEARNAFRCA,2018-10-10,1.1,,,1.1,166385,2026-04-08T03:08:50.198924+00:00
83406,LEARNAFRCA,2018-10-11,1.16,,,1.16,308809,2026-04-08T03:08:52.595743+00:00
83508,LEARNAFRCA,2018-10-12,1.16,,,1.16,503140,2026-04-08T03:08:54.923298+00:00
83610,LEARNAFRCA,2018-10-15,1.16,,,1.16,31000,2026-04-08T03:08:59.688494+00:00
83712,LEARNAFRCA,2018-10-16,1.16,,,1.16,4000,2026-04-08T03:09:01.98694+00:00
83814,LEARNAFRCA,2018-10-17,1.16,,,1.16,153257,2026-04-08T03:09:04.302348+00:00
83916,LEARNAFRCA,2018-10-18,1.16,,,1.16,174710,2026-04-08T03:09:06.644992+00:00
84018,LEARNAFRCA,2018-10-19,1.16,,,1.16,14400,2026-04-08T03:09:09.038287+00:00
84120,LEARNAFRCA,2018-10-22,1.16,,,1.16,61781,2026-04-08T03:09:13.967+00:00
84222,LEARNAFRCA,2018-10-23,1.16,,,1.16,3564,2026-04-08T03:09:16.194722+00:00
84324,LEARNAFRCA,2018-10-24,1.16,,,1.16,82512,2026-04-08T03:09:18.448083+00:00
84426,LEARNAFRCA,2018-10-25,1.16,,,1.16,10785,2026-04-08T03:09:20.631413+00:00
84528,LEARNAFRCA,2018-10-26,1.1,,,1.1,141800,2026-04-08T03:09:23.109094+00:00
84630,LEARNAFRCA,2018-10-29,1.1,,,1.1,1985,2026-04-08T03:09:27.901396+00:00
84732,LEARNAFRCA,2018-10-30,1.1,,,1.1,96000,2026-04-08T03:09:30.377337+00:00
84834,LEARNAFRCA,2018-10-31,1.1,,,1.1,2710,2026-04-08T03:09:32.658485+00:00
84936,LEARNAFRCA,2018-11-01,1.18,,,1.18,241120,2026-04-08T03:09:35.048509+00:00
85038,LEARNAFRCA,2018-11-02,1.18,,,1.18,0,2026-04-08T03:09:37.41202+00:00
85140,LEARNAFRCA,2018-11-05,1.18,,,1.18,18249,2026-04-08T03:09:41.998643+00:00
85242,LEARNAFRCA,2018-11-06,1.15,,,1.15,766600,2026-04-08T03:09:44.485046+00:00
85344,LEARNAFRCA,2018-11-08,1.15,,,1.15,10000,2026-04-08T03:09:47.843283+00:00
85446,LEARNAFRCA,2018-11-09,1.15,,,1.15,2500,2026-04-08T03:09:50.169754+00:00
85548,LEARNAFRCA,2018-11-12,1.15,,,1.15,40168,2026-04-08T03:09:54.975549+00:00
85650,LEARNAFRCA,2018-11-13,1.15,,,1.15,62218,2026-04-08T03:09:57.558923+00:00
85752,LEARNAFRCA,2018-11-14,1.16,,,1.16,338418,2026-04-08T03:09:59.910116+00:00
85854,LEARNAFRCA,2018-11-15,1.16,,,1.16,20000,2026-04-08T03:10:02.252366+00:00
85956,LEARNAFRCA,2018-11-16,1.16,,,1.16,78000,2026-04-08T03:10:04.527169+00:00
86058,LEARNAFRCA,2018-11-19,1.16,,,1.16,45790,2026-04-08T03:10:09.122468+00:00
86160,LEARNAFRCA,2018-11-21,1.16,,,1.16,6000,2026-04-08T03:10:12.622729+00:00
86262,LEARNAFRCA,2018-11-22,1.16,,,1.16,5000,2026-04-08T03:10:14.989948+00:00
86364,LEARNAFRCA,2018-11-23,1.16,,,1.16,115984,2026-04-08T03:10:17.221139+00:00
86466,LEARNAFRCA,2018-11-26,1.16,,,1.16,22000,2026-04-08T03:10:22.142454+00:00
86568,LEARNAFRCA,2018-11-27,1.16,,,1.16,92930,2026-04-08T03:10:24.421595+00:00
86670,LEARNAFRCA,2018-11-28,1.16,,,1.16,29284,2026-04-08T03:10:26.708398+00:00
86772,LEARNAFRCA,2018-11-29,1.16,,,1.16,135499,2026-04-08T03:10:29.255332+00:00
86874,LEARNAFRCA,2018-11-30,1.16,,,1.16,256415,2026-04-08T03:10:32.706086+00:00
86976,LEARNAFRCA,2018-12-03,1.26,,,1.26,600335,2026-04-08T03:10:37.185914+00:00
87078,LEARNAFRCA,2018-12-04,1.27,,,1.27,742805,2026-04-08T03:10:39.607482+00:00
87180,LEARNAFRCA,2018-12-05,1.29,,,1.29,541215,2026-04-08T03:10:42.037497+00:00
87282,LEARNAFRCA,2018-12-06,1.29,,,1.29,28367,2026-04-08T03:10:44.312069+00:00
87384,LEARNAFRCA,2018-12-07,1.26,,,1.26,1035864,2026-04-08T03:10:46.663078+00:00
87486,LEARNAFRCA,2018-12-10,1.26,,,1.26,137591,2026-04-08T03:10:51.346822+00:00
87588,LEARNAFRCA,2018-12-11,1.26,,,1.26,120263,2026-04-08T03:10:53.613329+00:00
87690,LEARNAFRCA,2018-12-12,1.26,,,1.26,33752,2026-04-08T03:10:55.983376+00:00
87792,LEARNAFRCA,2018-12-13,1.26,,,1.26,34100,2026-04-08T03:10:58.622726+00:00
87894,LEARNAFRCA,2018-12-17,1.26,,,1.26,60278,2026-04-08T03:11:04.071168+00:00
87995,LEARNAFRCA,2018-12-18,1.26,,,1.26,31603,2026-04-08T03:11:06.547404+00:00
88096,LEARNAFRCA,2018-12-19,1.38,,,1.38,1015400,2026-04-08T03:11:08.930184+00:00
88197,LEARNAFRCA,2018-12-21,1.38,,,1.38,130000,2026-04-08T03:11:13.038597+00:00
88298,LEARNAFRCA,2018-12-24,1.38,,,1.38,36950,2026-04-08T03:11:17.396489+00:00
88400,LEARNAFRCA,2018-12-31,1.36,,,1.36,505500,2026-04-08T03:11:26.963749+00:00
88502,LEARNAFRCA,2019-01-04,1.36,,,1.36,1000000,2026-04-08T03:11:33.101723+00:00
88604,LEARNAFRCA,2019-01-07,1.36,,,1.36,11000,2026-04-08T03:11:37.396019+00:00
88706,LEARNAFRCA,2019-01-08,1.24,,,1.24,303000,2026-04-08T03:11:39.720871+00:00
88808,LEARNAFRCA,2019-01-09,1.24,,,1.24,0,2026-04-08T03:11:42.122758+00:00
88910,LEARNAFRCA,2019-01-10,1.24,,,1.24,18000,2026-04-08T03:11:44.4712+00:00
89012,LEARNAFRCA,2019-01-11,1.24,,,1.24,15429,2026-04-08T03:11:46.864498+00:00
89114,LEARNAFRCA,2019-01-14,1.24,,,1.24,0,2026-04-08T03:11:51.386431+00:00
89216,LEARNAFRCA,2019-01-15,1.24,,,1.24,18584,2026-04-08T03:11:53.781694+00:00
89318,LEARNAFRCA,2019-01-16,1.22,,,1.22,1606646,2026-04-08T03:11:56.273278+00:00
89420,LEARNAFRCA,2019-01-17,1.22,,,1.22,1399,2026-04-08T03:11:58.633279+00:00
89522,LEARNAFRCA,2019-01-18,1.22,,,1.22,61766,2026-04-08T03:12:01.678716+00:00
89624,LEARNAFRCA,2019-01-21,1.22,,,1.22,21000,2026-04-08T03:12:06.146982+00:00
89726,LEARNAFRCA,2019-01-22,1.24,,,1.24,503829,2026-04-08T03:12:26.450353+00:00
89828,LEARNAFRCA,2019-01-23,1.21,,,1.21,420677,2026-04-08T03:12:28.985884+00:00
89930,LEARNAFRCA,2019-01-24,1.33,,,1.33,1412353,2026-04-08T03:12:31.471104+00:00
90032,LEARNAFRCA,2019-01-25,1.33,,,1.33,140028,2026-04-08T03:12:33.831732+00:00
90134,LEARNAFRCA,2019-01-28,1.33,,,1.33,10124,2026-04-08T03:12:38.324+00:00
90236,LEARNAFRCA,2019-01-29,1.33,,,1.33,89316,2026-04-08T03:12:40.769031+00:00
90338,LEARNAFRCA,2019-01-30,1.26,,,1.26,337284,2026-04-08T03:12:43.207065+00:00
90440,LEARNAFRCA,2019-01-31,1.37,,,1.37,260500,2026-04-08T03:12:45.452606+00:00
90542,LEARNAFRCA,2019-02-01,1.37,,,1.37,93895,2026-04-08T03:12:47.65569+00:00
90644,LEARNAFRCA,2019-02-04,1.37,,,1.37,8633,2026-04-08T03:12:52.008801+00:00
90746,LEARNAFRCA,2019-02-05,1.37,,,1.37,39401,2026-04-08T03:12:54.428036+00:00
90848,LEARNAFRCA,2019-02-06,1.5,,,1.5,185850,2026-04-08T03:12:56.795589+00:00
90950,LEARNAFRCA,2019-02-07,1.4,,,1.4,334233,2026-04-08T03:12:59.333395+00:00
91052,LEARNAFRCA,2019-02-08,1.4,,,1.4,191029,2026-04-08T03:13:01.766173+00:00
91154,LEARNAFRCA,2019-02-11,1.4,,,1.4,7699,2026-04-08T03:13:07.807824+00:00
91256,LEARNAFRCA,2019-02-12,1.4,,,1.4,31000,2026-04-08T03:13:10.389121+00:00
91358,LEARNAFRCA,2019-02-13,1.4,,,1.4,120900,2026-04-08T03:13:13.120558+00:00
91460,LEARNAFRCA,2019-02-14,1.4,,,1.4,600596,2026-04-08T03:13:15.610167+00:00
91562,LEARNAFRCA,2019-02-15,1.5,,,1.5,175338,2026-04-08T03:13:17.960235+00:00
91664,LEARNAFRCA,2019-02-18,1.5,,,1.5,32217,2026-04-08T03:13:22.383964+00:00
91766,LEARNAFRCA,2019-02-19,1.5,,,1.5,27386,2026-04-08T03:13:24.617569+00:00
91868,LEARNAFRCA,2019-02-20,1.55,,,1.55,134081,2026-04-08T03:13:26.870792+00:00
91970,LEARNAFRCA,2019-02-22,1.45,,,1.45,882890,2026-04-08T03:13:30.442816+00:00
92072,LEARNAFRCA,2019-02-25,1.5,,,1.5,308963,2026-04-08T03:13:35.015549+00:00
92174,LEARNAFRCA,2019-02-26,1.5,,,1.5,84749,2026-04-08T03:13:37.412672+00:00
92276,LEARNAFRCA,2019-02-27,1.5,,,1.5,29554,2026-04-08T03:13:39.910522+00:00
92378,LEARNAFRCA,2019-02-28,1.5,,,1.5,51090,2026-04-08T03:13:42.435587+00:00
92480,LEARNAFRCA,2019-03-01,1.5,,,1.5,12600,2026-04-08T03:13:44.810709+00:00
92582,LEARNAFRCA,2019-03-04,1.5,,,1.5,3871,2026-04-08T03:13:49.353535+00:00
92684,LEARNAFRCA,2019-03-05,1.5,,,1.5,53090,2026-04-08T03:13:51.846242+00:00
92786,LEARNAFRCA,2019-03-06,1.46,,,1.46,298912,2026-04-08T03:13:54.267269+00:00
92888,LEARNAFRCA,2019-03-07,1.45,,,1.45,1001755,2026-04-08T03:13:56.544072+00:00
92990,LEARNAFRCA,2019-03-08,1.45,,,1.45,0,2026-04-08T03:13:58.936546+00:00
93092,LEARNAFRCA,2019-03-11,1.45,,,1.45,51621,2026-04-08T03:14:03.582539+00:00
93194,LEARNAFRCA,2019-03-12,1.45,,,1.45,100450,2026-04-08T03:14:06.149716+00:00
93296,LEARNAFRCA,2019-03-13,1.45,,,1.45,28981,2026-04-08T03:14:08.562819+00:00
93398,LEARNAFRCA,2019-03-14,1.31,,,1.31,356897,2026-04-08T03:14:10.990955+00:00
93500,LEARNAFRCA,2019-03-15,1.31,,,1.31,6000,2026-04-08T03:14:13.413527+00:00
93602,LEARNAFRCA,2019-03-18,1.31,,,1.31,11000,2026-04-08T03:14:17.594172+00:00
93704,LEARNAFRCA,2019-03-19,1.31,,,1.31,13084,2026-04-08T03:14:19.883177+00:00
93806,LEARNAFRCA,2019-03-20,1.31,,,1.31,40888,2026-04-08T03:14:22.215184+00:00
93908,LEARNAFRCA,2019-03-21,1.31,,,1.31,3250,2026-04-08T03:14:24.469396+00:00
94010,LEARNAFRCA,2019-03-22,1.31,,,1.31,6529,2026-04-08T03:14:26.929153+00:00
94112,LEARNAFRCA,2019-03-25,1.31,,,1.31,99708,2026-04-08T03:14:31.400562+00:00
94214,LEARNAFRCA,2019-03-26,1.33,,,1.33,312000,2026-04-08T03:14:33.80485+00:00
94316,LEARNAFRCA,2019-03-27,1.33,,,1.33,40025,2026-04-08T03:14:36.122563+00:00
94418,LEARNAFRCA,2019-03-28,1.33,,,1.33,58189,2026-04-08T03:14:38.612625+00:00
94520,LEARNAFRCA,2019-03-29,1.33,,,1.33,44851,2026-04-08T03:14:41.061692+00:00
94621,LEARNAFRCA,2019-04-01,1.33,,,1.33,53900,2026-04-08T03:14:45.528331+00:00
94722,LEARNAFRCA,2019-04-02,1.33,,,1.33,3000,2026-04-08T03:14:47.809526+00:00
94823,LEARNAFRCA,2019-04-03,1.33,,,1.33,93000,2026-04-08T03:14:50.124237+00:00
94924,LEARNAFRCA,2019-04-04,1.33,,,1.33,1330,2026-04-08T03:14:52.417245+00:00
95025,LEARNAFRCA,2019-04-05,1.23,,,1.23,125940,2026-04-08T03:14:54.739567+00:00
95126,LEARNAFRCA,2019-04-08,1.34,,,1.34,206316,2026-04-08T03:14:59.01768+00:00
95227,LEARNAFRCA,2019-04-09,1.34,,,1.34,111000,2026-04-08T03:15:01.233247+00:00
95328,LEARNAFRCA,2019-04-10,1.46,,,1.46,201000,2026-04-08T03:15:03.446976+00:00
95429,LEARNAFRCA,2019-04-11,1.46,,,1.46,5000,2026-04-08T03:15:05.608759+00:00
95530,LEARNAFRCA,2019-04-12,1.46,,,1.46,50100,2026-04-08T03:15:07.869644+00:00
95631,LEARNAFRCA,2019-04-15,1.46,,,1.46,13209,2026-04-08T03:15:12.360876+00:00
95732,LEARNAFRCA,2019-04-16,1.46,,,1.46,214940,2026-04-08T03:15:14.69338+00:00
95833,LEARNAFRCA,2019-04-17,1.34,,,1.34,217793,2026-04-08T03:15:16.974822+00:00
95934,LEARNAFRCA,2019-04-18,1.34,,,1.34,0,2026-04-08T03:15:19.360663+00:00
96035,LEARNAFRCA,2019-04-23,1.34,,,1.34,107560,2026-04-08T03:15:26.04373+00:00
96137,LEARNAFRCA,2019-04-24,1.34,,,1.34,4400,2026-04-08T03:15:28.31166+00:00
96239,LEARNAFRCA,2019-04-25,1.34,,,1.34,500,2026-04-08T03:15:30.603437+00:00
96341,LEARNAFRCA,2019-04-26,1.34,,,1.34,2280,2026-04-08T03:15:32.816712+00:00
96443,LEARNAFRCA,2019-04-29,1.34,,,1.34,64500,2026-04-08T03:15:37.198623+00:00
96545,LEARNAFRCA,2019-04-30,1.34,,,1.34,106200,2026-04-08T03:15:39.499507+00:00
96647,LEARNAFRCA,2019-05-02,1.34,,,1.34,92488,2026-04-08T03:15:42.839166+00:00
96749,LEARNAFRCA,2019-05-03,1.34,,,1.34,185926,2026-04-08T03:15:45.02286+00:00
96851,LEARNAFRCA,2019-05-06,1.34,,,1.34,14452,2026-04-08T03:15:49.380478+00:00
96953,LEARNAFRCA,2019-05-07,1.34,,,1.34,137288,2026-04-08T03:15:51.609622+00:00
97055,LEARNAFRCA,2019-05-08,1.34,,,1.34,52487,2026-04-08T03:15:53.912422+00:00
97157,LEARNAFRCA,2019-05-09,1.34,,,1.34,101000,2026-04-08T03:15:56.308435+00:00
97259,LEARNAFRCA,2019-05-10,1.22,,,1.22,196272,2026-04-08T03:15:58.65517+00:00
97361,LEARNAFRCA,2019-05-13,1.22,,,1.22,10817,2026-04-08T03:16:02.955985+00:00
97463,LEARNAFRCA,2019-05-14,1.22,,,1.22,8071,2026-04-08T03:16:05.427951+00:00
97565,LEARNAFRCA,2019-05-15,1.22,,,1.22,84950,2026-04-08T03:16:07.709974+00:00
97667,LEARNAFRCA,2019-05-16,1.22,,,1.22,10510,2026-04-08T03:16:09.947696+00:00
97769,LEARNAFRCA,2019-05-17,1.22,,,1.22,0,2026-04-08T03:16:12.469468+00:00
97872,LEARNAFRCA,2019-05-20,1.22,,,1.22,50500,2026-04-08T03:16:16.967061+00:00
97975,LEARNAFRCA,2019-05-21,1.22,,,1.22,105290,2026-04-08T03:16:19.368023+00:00
98078,LEARNAFRCA,2019-05-22,1.22,,,1.22,27403,2026-04-08T03:16:21.741488+00:00
98181,LEARNAFRCA,2019-05-23,1.22,,,1.22,50358,2026-04-08T03:16:24.010501+00:00
98284,LEARNAFRCA,2019-05-24,1.22,,,1.22,8000,2026-04-08T03:16:26.41346+00:00
98387,LEARNAFRCA,2019-05-27,1.22,,,1.22,28178,2026-04-08T03:16:30.812568+00:00
98490,LEARNAFRCA,2019-05-28,1.22,,,1.22,12070,2026-04-08T03:16:33.286405+00:00
98593,LEARNAFRCA,2019-05-30,1.22,,,1.22,31000,2026-04-08T03:16:36.695359+00:00
98696,LEARNAFRCA,2019-05-31,1.34,,,1.34,359130,2026-04-08T03:16:39.10826+00:00
98799,LEARNAFRCA,2019-06-03,1.34,,,1.34,32630,2026-04-08T03:16:43.376201+00:00
98902,LEARNAFRCA,2019-06-06,1.34,,,1.34,21340,2026-04-08T03:16:48.034912+00:00
99005,LEARNAFRCA,2019-06-07,1.34,,,1.34,40360,2026-04-08T03:16:50.186426+00:00
99108,LEARNAFRCA,2019-06-10,1.34,,,1.34,35879,2026-04-08T03:16:54.498349+00:00
99211,LEARNAFRCA,2019-06-11,1.34,,,1.34,6622,2026-04-08T03:16:56.702394+00:00
99314,LEARNAFRCA,2019-06-13,1.34,,,1.34,23204,2026-04-08T03:17:00.140907+00:00
99417,LEARNAFRCA,2019-06-14,1.34,,,1.34,28683,2026-04-08T03:17:02.289964+00:00
99520,LEARNAFRCA,2019-06-17,1.34,,,1.34,64288,2026-04-08T03:17:06.378621+00:00
99623,LEARNAFRCA,2019-06-18,1.34,,,1.34,95000,2026-04-08T03:17:08.696624+00:00
99726,LEARNAFRCA,2019-06-19,1.34,,,1.34,15748,2026-04-08T03:17:10.975867+00:00
99829,LEARNAFRCA,2019-06-20,1.34,,,1.34,34201,2026-04-08T03:17:13.205784+00:00
99932,LEARNAFRCA,2019-06-24,1.34,,,1.34,12350,2026-04-08T03:17:18.488118+00:00
100035,LEARNAFRCA,2019-06-25,1.34,,,1.34,125002,2026-04-08T03:17:20.712996+00:00
100138,LEARNAFRCA,2019-06-26,1.34,,,1.34,65214,2026-04-08T03:17:23.021521+00:00
100241,LEARNAFRCA,2019-06-27,1.34,,,1.34,1500,2026-04-08T03:17:25.288917+00:00
100344,LEARNAFRCA,2019-06-28,1.34,,,1.34,13654,2026-04-08T03:17:27.669324+00:00
100447,LEARNAFRCA,2019-07-01,1.34,,,1.34,785387,2026-04-08T03:17:31.993492+00:00
100550,LEARNAFRCA,2019-07-02,1.35,,,1.35,536928,2026-04-08T03:17:34.195482+00:00
100653,LEARNAFRCA,2019-07-03,1.35,,,1.35,505425,2026-04-08T03:17:36.539656+00:00
100756,LEARNAFRCA,2019-07-04,1.46,,,1.46,301869,2026-04-08T03:17:38.806977+00:00
100859,LEARNAFRCA,2019-07-05,1.32,,,1.32,484110,2026-04-08T03:17:41.292481+00:00
100962,LEARNAFRCA,2019-07-08,1.39,,,1.39,1382339,2026-04-08T03:17:45.861747+00:00
101066,LEARNAFRCA,2019-07-09,1.39,,,1.39,121120,2026-04-08T03:17:48.217581+00:00
101170,LEARNAFRCA,2019-07-10,1.4,,,1.4,147814,2026-04-08T03:17:50.676625+00:00
101274,LEARNAFRCA,2019-07-11,1.4,,,1.4,316625,2026-04-08T03:17:53.082234+00:00
101378,LEARNAFRCA,2019-07-12,1.4,,,1.4,214217,2026-04-08T03:17:55.503872+00:00
101482,LEARNAFRCA,2019-07-15,1.4,,,1.4,522665,2026-04-08T03:18:00.039317+00:00
101586,LEARNAFRCA,2019-07-16,1.4,,,1.4,290400,2026-04-08T03:18:02.440443+00:00
101690,LEARNAFRCA,2019-07-17,1.4,,,1.4,55066,2026-04-08T03:18:04.729662+00:00
101794,LEARNAFRCA,2019-07-18,1.4,,,1.4,32436,2026-04-08T03:18:07.178594+00:00
101898,LEARNAFRCA,2019-07-19,1.4,,,1.4,50720,2026-04-08T03:18:09.535362+00:00
102002,LEARNAFRCA,2019-07-22,1.4,,,1.4,9243,2026-04-08T03:18:14.212024+00:00
102106,LEARNAFRCA,2019-07-23,1.4,,,1.4,23347,2026-04-08T03:18:16.654741+00:00
102210,LEARNAFRCA,2019-07-24,1.4,,,1.4,12503,2026-04-08T03:18:18.926554+00:00
102314,LEARNAFRCA,2019-07-25,1.4,,,1.4,288777,2026-04-08T03:18:21.127331+00:00
102418,LEARNAFRCA,2019-07-26,1.4,,,1.4,10900,2026-04-08T03:18:23.508197+00:00
102522,LEARNAFRCA,2019-07-29,1.4,,,1.4,7714,2026-04-08T03:18:27.808584+00:00
102626,LEARNAFRCA,2019-07-30,1.4,,,1.4,66800,2026-04-08T03:18:30.090931+00:00
102730,LEARNAFRCA,2019-07-31,1.32,,,1.32,813299,2026-04-08T03:18:32.379029+00:00
102834,LEARNAFRCA,2019-08-01,1.32,,,1.32,130775,2026-04-08T03:18:34.721051+00:00
102938,LEARNAFRCA,2019-08-02,1.4,,,1.4,180030,2026-04-08T03:18:37.148519+00:00
103042,LEARNAFRCA,2019-08-05,1.4,,,1.4,200743,2026-04-08T03:18:41.327383+00:00
103146,LEARNAFRCA,2019-08-06,1.4,,,1.4,53200,2026-04-08T03:18:43.676077+00:00
103250,LEARNAFRCA,2019-08-07,1.4,,,1.4,116121,2026-04-08T03:18:45.952647+00:00
103354,LEARNAFRCA,2019-08-08,1.4,,,1.4,33460,2026-04-08T03:18:48.284739+00:00
103458,LEARNAFRCA,2019-08-09,1.4,,,1.4,35291,2026-04-08T03:18:50.530707+00:00
103562,LEARNAFRCA,2019-08-14,1.39,,,1.39,157798,2026-04-08T03:18:57.313874+00:00
103666,LEARNAFRCA,2019-08-15,1.39,,,1.39,50,2026-04-08T03:18:59.647711+00:00
103770,LEARNAFRCA,2019-08-19,1.39,,,1.39,15749,2026-04-08T03:19:05.053534+00:00
103874,LEARNAFRCA,2019-08-20,1.39,,,1.39,75064,2026-04-08T03:19:07.283568+00:00
103977,LEARNAFRCA,2019-08-21,1.39,,,1.39,6060,2026-04-08T03:19:09.493441+00:00
104080,LEARNAFRCA,2019-08-22,1.39,,,1.39,28751,2026-04-08T03:19:11.834929+00:00
104183,LEARNAFRCA,2019-08-23,1.39,,,1.39,93135,2026-04-08T03:19:14.066623+00:00
104286,LEARNAFRCA,2019-08-26,1.39,,,1.39,179674,2026-04-08T03:19:18.291411+00:00
104389,LEARNAFRCA,2019-08-27,1.39,,,1.39,31455,2026-04-08T03:19:20.588978+00:00
104492,LEARNAFRCA,2019-08-28,1.39,,,1.39,71805,2026-04-08T03:19:22.939533+00:00
104595,LEARNAFRCA,2019-08-29,1.39,,,1.39,26481,2026-04-08T03:19:25.308081+00:00
104698,LEARNAFRCA,2019-08-30,1.39,,,1.39,5306,2026-04-08T03:19:27.686427+00:00
104801,LEARNAFRCA,2019-09-02,1.39,,,1.39,8090,2026-04-08T03:19:32.075785+00:00
104904,LEARNAFRCA,2019-09-03,1.39,,,1.39,7265,2026-04-08T03:19:34.366833+00:00
105007,LEARNAFRCA,2019-09-04,1.39,,,1.39,5122,2026-04-08T03:19:36.608723+00:00
105110,LEARNAFRCA,2019-09-05,1.39,,,1.39,76368,2026-04-08T03:19:38.984327+00:00
105213,LEARNAFRCA,2019-09-06,1.39,,,1.39,40958,2026-04-08T03:19:41.363212+00:00
105316,LEARNAFRCA,2019-09-09,1.39,,,1.39,797971,2026-04-08T03:19:45.624302+00:00
105419,LEARNAFRCA,2019-09-10,1.39,,,1.39,62005,2026-04-08T03:19:47.977958+00:00
105522,LEARNAFRCA,2019-09-11,1.39,,,1.39,124101,2026-04-08T03:19:50.333421+00:00
105625,LEARNAFRCA,2019-09-12,1.39,,,1.39,121708,2026-04-08T03:19:52.607202+00:00
105728,LEARNAFRCA,2019-09-13,1.39,,,1.39,36210,2026-04-08T03:19:55.083512+00:00
105831,LEARNAFRCA,2019-09-16,1.39,,,1.39,31530,2026-04-08T03:19:59.701348+00:00
105934,LEARNAFRCA,2019-09-17,1.39,,,1.39,230015,2026-04-08T03:20:02.523968+00:00
106037,LEARNAFRCA,2019-09-18,1.39,,,1.39,55357,2026-04-08T03:20:05.488272+00:00
106140,LEARNAFRCA,2019-09-19,1.39,,,1.39,230178,2026-04-08T03:20:08.114889+00:00
106243,LEARNAFRCA,2019-09-20,1.39,,,1.39,203832,2026-04-08T03:20:10.721894+00:00
106346,LEARNAFRCA,2019-09-23,1.24,,,1.24,13200,2026-04-08T03:20:15.267012+00:00
106449,LEARNAFRCA,2019-09-24,1.24,,,1.24,41111,2026-04-08T03:20:17.630341+00:00
106552,LEARNAFRCA,2019-09-25,1.24,,,1.24,83,2026-04-08T03:20:20.165626+00:00
106655,LEARNAFRCA,2019-09-26,1.24,,,1.24,720,2026-04-08T03:20:22.92566+00:00
106758,LEARNAFRCA,2019-09-27,1.12,,,1.12,443800,2026-04-08T03:20:25.402499+00:00
106861,LEARNAFRCA,2019-09-30,1.12,,,1.12,0,2026-04-08T03:20:29.867546+00:00
106964,LEARNAFRCA,2019-10-02,1.12,,,1.12,40258,2026-04-08T03:20:33.475481+00:00
107067,LEARNAFRCA,2019-10-03,1.12,,,1.12,15385,2026-04-08T03:20:35.801047+00:00
107170,LEARNAFRCA,2019-10-04,1.12,,,1.12,120435,2026-04-08T03:20:38.138638+00:00
107273,LEARNAFRCA,2019-10-07,1.12,,,1.12,105424,2026-04-08T03:20:43.38987+00:00
107376,LEARNAFRCA,2019-10-08,1.02,,,1.02,388095,2026-04-08T03:20:50.115577+00:00
107479,LEARNAFRCA,2019-10-09,1.12,,,1.12,233500,2026-04-08T03:20:53.067656+00:00
107582,LEARNAFRCA,2019-10-10,1.23,,,1.23,263787,2026-04-08T03:20:55.682822+00:00
107685,LEARNAFRCA,2019-10-11,1.23,,,1.23,74664,2026-04-08T03:20:58.30073+00:00
107788,LEARNAFRCA,2019-10-14,1.23,,,1.23,29560,2026-04-08T03:21:03.536141+00:00
107891,LEARNAFRCA,2019-10-15,1.23,,,1.23,32388,2026-04-08T03:21:06.159586+00:00
107994,LEARNAFRCA,2019-10-16,1.23,,,1.23,4033,2026-04-08T03:21:08.538525+00:00
108097,LEARNAFRCA,2019-10-17,1.23,,,1.23,51107,2026-04-08T03:21:11.125073+00:00
108200,LEARNAFRCA,2019-10-18,1.11,,,1.11,1355739,2026-04-08T03:21:14.04892+00:00
108303,LEARNAFRCA,2019-10-21,1.11,,,1.11,72917,2026-04-08T03:21:18.357079+00:00
108406,LEARNAFRCA,2019-10-22,1.11,,,1.11,92165,2026-04-08T03:21:20.5704+00:00
108509,LEARNAFRCA,2019-10-23,1.11,,,1.11,25269,2026-04-08T03:21:22.84444+00:00
108612,LEARNAFRCA,2019-10-24,1.11,,,1.11,10020,2026-04-08T03:21:25.228823+00:00
108715,LEARNAFRCA,2019-10-25,1.11,,,1.11,18630,2026-04-08T03:21:27.539286+00:00
108818,LEARNAFRCA,2019-10-28,1.11,,,1.11,43820,2026-04-08T03:21:32.161692+00:00
108921,LEARNAFRCA,2019-10-29,1.11,,,1.11,31944,2026-04-08T03:21:34.477485+00:00
109024,LEARNAFRCA,2019-10-30,1.11,,,1.11,116340,2026-04-08T03:21:36.754268+00:00
109127,LEARNAFRCA,2019-10-31,1.17,,,1.17,141291,2026-04-08T03:21:39.10919+00:00
109230,LEARNAFRCA,2019-11-01,1.17,,,1.17,74224,2026-04-08T03:21:41.456138+00:00
109333,LEARNAFRCA,2019-11-04,1.17,,,1.17,354,2026-04-08T03:21:45.945243+00:00
109436,LEARNAFRCA,2019-11-05,1.17,,,1.17,0,2026-04-08T03:21:48.37169+00:00
109539,LEARNAFRCA,2019-11-06,1.17,,,1.17,11117,2026-04-08T03:21:50.755948+00:00
109642,LEARNAFRCA,2019-11-07,1.17,,,1.17,18569,2026-04-08T03:21:53.200031+00:00
109745,LEARNAFRCA,2019-11-08,1.17,,,1.17,20,2026-04-08T03:21:55.63316+00:00
109848,LEARNAFRCA,2019-11-12,1.17,,,1.17,240000,2026-04-08T03:22:01.520244+00:00
109951,LEARNAFRCA,2019-11-13,1.17,,,1.17,125000,2026-04-08T03:22:04.169594+00:00
110054,LEARNAFRCA,2019-11-14,1.17,,,1.17,0,2026-04-08T03:22:06.510438+00:00
110157,LEARNAFRCA,2019-11-15,1.06,,,1.06,522306,2026-04-08T03:22:08.972682+00:00
110259,LEARNAFRCA,2019-11-18,1.06,,,1.06,6459,2026-04-08T03:22:13.551393+00:00
110361,LEARNAFRCA,2019-11-19,1.16,,,1.16,296082,2026-04-08T03:22:15.801005+00:00
110463,LEARNAFRCA,2019-11-20,1.27,,,1.27,364000,2026-04-08T03:22:18.11241+00:00
110565,LEARNAFRCA,2019-11-21,1.26,,,1.26,264194,2026-04-08T03:22:20.360812+00:00
110667,LEARNAFRCA,2019-11-22,1.26,,,1.26,50000,2026-04-08T03:22:22.766306+00:00
110769,LEARNAFRCA,2019-11-25,1.26,,,1.26,19478,2026-04-08T03:22:27.077445+00:00
110871,LEARNAFRCA,2019-11-26,1.26,,,1.26,50000,2026-04-08T03:22:29.415971+00:00
110973,LEARNAFRCA,2019-11-27,1.26,,,1.26,0,2026-04-08T03:22:31.797244+00:00
111075,LEARNAFRCA,2019-11-28,1.26,,,1.26,102048,2026-04-08T03:22:34.150197+00:00
111177,LEARNAFRCA,2019-11-29,1.26,,,1.26,11472,2026-04-08T03:22:36.43862+00:00
111279,LEARNAFRCA,2019-12-02,1.25,,,1.25,1020089,2026-04-08T03:22:40.672716+00:00
111381,LEARNAFRCA,2019-12-03,1.25,,,1.25,7500,2026-04-08T03:22:42.857808+00:00
111483,LEARNAFRCA,2019-12-04,1.25,,,1.25,10254,2026-04-08T03:22:45.132537+00:00
111585,LEARNAFRCA,2019-12-05,1.25,,,1.25,26775,2026-04-08T03:22:47.409461+00:00
111687,LEARNAFRCA,2019-12-06,1.25,,,1.25,13636,2026-04-08T03:22:49.720566+00:00
111789,LEARNAFRCA,2019-12-10,1.25,,,1.25,1770,2026-04-08T03:22:54.948045+00:00
111891,LEARNAFRCA,2019-12-11,1.25,,,1.25,0,2026-04-08T03:22:57.463594+00:00
111993,LEARNAFRCA,2019-12-12,1.25,,,1.25,0,2026-04-08T03:22:59.677549+00:00
112095,LEARNAFRCA,2019-12-13,1.25,,,1.25,23230,2026-04-08T03:23:01.961124+00:00
112197,LEARNAFRCA,2019-12-16,1.25,,,1.25,22909,2026-04-08T03:23:06.206185+00:00
112299,LEARNAFRCA,2019-12-17,1.25,,,1.25,280,2026-04-08T03:23:08.526507+00:00
112401,LEARNAFRCA,2019-12-18,1.25,,,1.25,22150,2026-04-08T03:23:10.699016+00:00
112503,LEARNAFRCA,2019-12-19,1.25,,,1.25,175426,2026-04-08T03:23:13.06361+00:00
112605,LEARNAFRCA,2019-12-20,1.25,,,1.25,0,2026-04-08T03:23:15.515212+00:00
112707,LEARNAFRCA,2019-12-23,1.25,,,1.25,0,2026-04-08T03:23:19.645113+00:00
112809,LEARNAFRCA,2019-12-24,1.25,,,1.25,55000,2026-04-08T03:23:22.081747+00:00
112911,LEARNAFRCA,2019-12-27,1.25,,,1.25,139000,2026-04-08T03:23:26.48241+00:00
113013,LEARNAFRCA,2019-12-31,1.13,,,1.13,0,2026-04-08T03:23:31.997666+00:00
113115,LEARNAFRCA,2020-01-02,1.13,,,1.13,29000,2026-04-08T03:23:35.253628+00:00
113217,LEARNAFRCA,2020-01-03,1.13,,,1.13,80000,2026-04-08T03:23:37.484442+00:00
113319,LEARNAFRCA,2020-01-06,1.13,,,1.13,93018,2026-04-08T03:23:41.810791+00:00
113421,LEARNAFRCA,2020-01-07,1.13,,,1.13,1200,2026-04-08T03:23:44.238014+00:00
113523,LEARNAFRCA,2020-01-08,1.13,,,1.13,14125,2026-04-08T03:23:46.428903+00:00
113626,LEARNAFRCA,2020-01-09,1.21,,,1.21,353410,2026-04-08T03:23:48.760691+00:00
113729,LEARNAFRCA,2020-01-10,1.21,,,1.21,309093,2026-04-08T03:23:51.312987+00:00
113832,LEARNAFRCA,2020-01-13,1.21,,,1.21,10600,2026-04-08T03:23:55.704331+00:00
113935,LEARNAFRCA,2020-01-14,1.21,,,1.21,40648,2026-04-08T03:23:58.044369+00:00
114038,LEARNAFRCA,2020-01-15,1.21,,,1.21,420,2026-04-08T03:24:00.340453+00:00
114141,LEARNAFRCA,2020-01-16,1.21,,,1.21,40000,2026-04-08T03:24:02.775573+00:00
114244,LEARNAFRCA,2020-01-17,1.21,,,1.21,65537,2026-04-08T03:24:05.107796+00:00
114347,LEARNAFRCA,2020-01-20,1.21,,,1.21,85963,2026-04-08T03:24:09.637495+00:00
114450,LEARNAFRCA,2020-01-21,1.21,,,1.21,1200,2026-04-08T03:24:12.081094+00:00
114553,LEARNAFRCA,2020-01-23,1.21,,,1.21,7500,2026-04-08T03:24:15.397306+00:00
114656,LEARNAFRCA,2020-01-24,1.21,,,1.21,0,2026-04-08T03:24:17.760742+00:00
114759,LEARNAFRCA,2020-01-27,1.21,,,1.21,5079,2026-04-08T03:24:22.426106+00:00
114862,LEARNAFRCA,2020-01-28,1.21,,,1.21,5000,2026-04-08T03:24:24.728321+00:00
114965,LEARNAFRCA,2020-01-29,1.21,,,1.21,25,2026-04-08T03:24:27.287495+00:00
115068,LEARNAFRCA,2020-01-30,1.21,,,1.21,0,2026-04-08T03:24:29.658352+00:00
115171,LEARNAFRCA,2020-01-31,1.21,,,1.21,11009,2026-04-08T03:24:31.961868+00:00
115274,LEARNAFRCA,2020-02-03,1.21,,,1.21,94677,2026-04-08T03:24:36.430808+00:00
115377,LEARNAFRCA,2020-02-04,1.21,,,1.21,0,2026-04-08T03:24:38.687124+00:00
115480,LEARNAFRCA,2020-02-05,1.21,,,1.21,5093,2026-04-08T03:24:41.03998+00:00
115583,LEARNAFRCA,2020-02-06,1.21,,,1.21,5027,2026-04-08T03:24:43.345135+00:00
115686,LEARNAFRCA,2020-02-07,1.13,,,1.13,964831,2026-04-08T03:24:45.609576+00:00
115789,LEARNAFRCA,2020-02-10,1.13,,,1.13,17582,2026-04-08T03:24:50.182603+00:00
115892,LEARNAFRCA,2020-02-11,1.13,,,1.13,103251,2026-04-08T03:24:52.780016+00:00
115995,LEARNAFRCA,2020-02-12,1.13,,,1.13,1000,2026-04-08T03:24:55.120152+00:00
116098,LEARNAFRCA,2020-02-13,1.13,,,1.13,1000,2026-04-08T03:24:57.649025+00:00
116201,LEARNAFRCA,2020-02-14,1.24,,,1.24,133025,2026-04-08T03:25:00.080254+00:00
116304,LEARNAFRCA,2020-02-17,1.24,,,1.24,96772,2026-04-08T03:25:04.377856+00:00
116407,LEARNAFRCA,2020-02-18,1.24,,,1.24,41152,2026-04-08T03:25:06.773592+00:00
116510,LEARNAFRCA,2020-02-19,1.24,,,1.24,26500,2026-04-08T03:25:09.231504+00:00
116613,LEARNAFRCA,2020-02-20,1.24,,,1.24,88277,2026-04-08T03:25:11.501588+00:00
116716,LEARNAFRCA,2020-02-21,1.24,,,1.24,6040,2026-04-08T03:25:13.948187+00:00
116819,LEARNAFRCA,2020-02-24,1.24,,,1.24,427469,2026-04-08T03:25:18.415367+00:00
116922,LEARNAFRCA,2020-02-25,1.24,,,1.24,14429,2026-04-08T03:25:20.711298+00:00
117025,LEARNAFRCA,2020-02-26,1.24,,,1.24,20000,2026-04-08T03:25:23.465375+00:00
117128,LEARNAFRCA,2020-02-27,1.24,,,1.24,65793,2026-04-08T03:25:26.011368+00:00
117231,LEARNAFRCA,2020-02-28,1.12,,,1.12,220858,2026-04-08T03:25:28.472167+00:00
117334,LEARNAFRCA,2020-03-02,1.01,,,1.01,2750000,2026-04-08T03:25:32.979972+00:00
117437,LEARNAFRCA,2020-03-03,1.01,,,1.01,28640,2026-04-08T03:25:35.324079+00:00
117540,LEARNAFRCA,2020-03-04,1.01,,,1.01,95000,2026-04-08T03:25:37.587456+00:00
117643,LEARNAFRCA,2020-03-05,1.01,,,1.01,23533,2026-04-08T03:25:39.825698+00:00
117746,LEARNAFRCA,2020-03-09,1.11,,,1.11,89330,2026-04-08T03:25:45.227559+00:00
117849,LEARNAFRCA,2020-03-10,1.11,,,1.11,77840,2026-04-08T03:25:47.644077+00:00
117952,LEARNAFRCA,2020-03-11,1.11,,,1.11,459,2026-04-08T03:25:49.940962+00:00
118055,LEARNAFRCA,2020-03-12,1.0,,,1.0,459414,2026-04-08T03:25:52.243289+00:00
118158,LEARNAFRCA,2020-03-13,1.0,,,1.0,10000,2026-04-08T03:25:54.520183+00:00
118261,LEARNAFRCA,2020-03-16,1.0,,,1.0,100,2026-04-08T03:25:58.965391+00:00
118364,LEARNAFRCA,2020-03-17,1.0,,,1.0,50000,2026-04-08T03:26:01.331984+00:00
118467,LEARNAFRCA,2020-03-18,1.0,,,1.0,0,2026-04-08T03:26:03.589989+00:00
118570,LEARNAFRCA,2020-03-19,1.0,,,1.0,909,2026-04-08T03:26:05.957067+00:00
118673,LEARNAFRCA,2020-03-20,1.0,,,1.0,0,2026-04-08T03:26:08.377452+00:00
118776,LEARNAFRCA,2020-03-23,1.0,,,1.0,5000,2026-04-08T03:26:12.667002+00:00
118879,LEARNAFRCA,2020-03-24,1.0,,,1.0,19449,2026-04-08T03:26:14.960057+00:00
118982,LEARNAFRCA,2020-03-25,1.0,,,1.0,1536,2026-04-08T03:26:17.224804+00:00
119085,LEARNAFRCA,2020-03-26,1.0,,,1.0,30684,2026-04-08T03:26:19.64473+00:00
119188,LEARNAFRCA,2020-03-27,1.0,,,1.0,11019,2026-04-08T03:26:21.968693+00:00
119291,LEARNAFRCA,2020-03-30,1.0,,,1.0,8981,2026-04-08T03:26:26.43282+00:00
119394,LEARNAFRCA,2020-03-31,1.0,,,1.0,0,2026-04-08T03:26:28.926506+00:00
119497,LEARNAFRCA,2020-04-01,1.0,,,1.0,150,2026-04-08T03:26:31.173614+00:00
119600,LEARNAFRCA,2020-04-02,1.0,,,1.0,7162,2026-04-08T03:26:33.480235+00:00
119703,LEARNAFRCA,2020-04-03,1.0,,,1.0,16107,2026-04-08T03:26:35.777807+00:00
119806,LEARNAFRCA,2020-04-06,0.9,,,0.9,3000000,2026-04-08T03:26:40.135575+00:00
119909,LEARNAFRCA,2020-04-07,0.9,,,0.9,72207,2026-04-08T03:26:42.376644+00:00
120012,LEARNAFRCA,2020-04-08,0.9,,,0.9,0,2026-04-08T03:26:44.690105+00:00
120115,LEARNAFRCA,2020-04-09,0.9,,,0.9,55850,2026-04-08T03:26:47.020639+00:00
120218,LEARNAFRCA,2020-04-14,0.9,,,0.9,75200,2026-04-08T03:26:53.304016+00:00
120321,LEARNAFRCA,2020-04-15,0.9,,,0.9,17648,2026-04-08T03:26:55.643286+00:00
120424,LEARNAFRCA,2020-04-16,0.95,,,0.95,861055,2026-04-08T03:26:58.005731+00:00
120527,LEARNAFRCA,2020-04-17,0.95,,,0.95,20559,2026-04-08T03:27:00.196144+00:00
120630,LEARNAFRCA,2020-04-20,0.95,,,0.95,56723,2026-04-08T03:27:04.902814+00:00
120733,LEARNAFRCA,2020-04-21,0.97,,,0.97,414135,2026-04-08T03:27:07.124699+00:00
120836,LEARNAFRCA,2020-04-22,1.03,,,1.03,263917,2026-04-08T03:27:09.50407+00:00
120939,LEARNAFRCA,2020-04-23,1.03,,,1.03,3000,2026-04-08T03:27:11.732195+00:00
121042,LEARNAFRCA,2020-04-24,1.03,,,1.03,22891,2026-04-08T03:27:14.133022+00:00
121145,LEARNAFRCA,2020-04-27,1.03,,,1.03,0,2026-04-08T03:27:18.376911+00:00
121248,LEARNAFRCA,2020-04-28,1.03,,,1.03,0,2026-04-08T03:27:20.70836+00:00
121351,LEARNAFRCA,2020-04-29,1.03,,,1.03,0,2026-04-08T03:27:23.099969+00:00
121454,LEARNAFRCA,2020-04-30,1.03,,,1.03,926,2026-04-08T03:27:25.479794+00:00
121557,LEARNAFRCA,2020-05-04,1.1,,,1.1,2138284,2026-04-08T03:27:30.67652+00:00
121660,LEARNAFRCA,2020-05-05,1.1,,,1.1,853630,2026-04-08T03:27:32.997372+00:00
121763,LEARNAFRCA,2020-05-06,1.1,,,1.1,15100,2026-04-08T03:27:35.368243+00:00
121866,LEARNAFRCA,2020-05-07,1.1,,,1.1,1000000,2026-04-08T03:27:37.70358+00:00
121969,LEARNAFRCA,2020-05-08,1.1,,,1.1,1991100,2026-04-08T03:27:39.945267+00:00
122072,LEARNAFRCA,2020-05-11,1.1,,,1.1,2772,2026-04-08T03:27:44.543581+00:00
122175,LEARNAFRCA,2020-05-12,1.15,,,1.15,2355000,2026-04-08T03:27:46.988848+00:00
122278,LEARNAFRCA,2020-05-13,1.2,,,1.2,1119978,2026-04-08T03:27:49.292243+00:00
122381,LEARNAFRCA,2020-05-14,1.2,,,1.2,65076,2026-04-08T03:27:51.592074+00:00
122484,LEARNAFRCA,2020-05-19,1.2,,,1.2,356551,2026-04-08T03:27:58.031425+00:00
122587,LEARNAFRCA,2020-05-20,1.24,,,1.24,132108,2026-04-08T03:28:00.412443+00:00
122690,LEARNAFRCA,2020-05-21,1.24,,,1.24,53838,2026-04-08T03:28:02.829603+00:00
122793,LEARNAFRCA,2020-05-27,1.25,,,1.25,151674,2026-04-08T03:28:10.17932+00:00
122896,LEARNAFRCA,2020-05-28,1.25,,,1.25,50000,2026-04-08T03:28:12.484321+00:00
122999,LEARNAFRCA,2020-05-29,1.13,,,1.13,250944,2026-04-08T03:28:14.796152+00:00
123102,LEARNAFRCA,2020-06-02,1.13,,,1.13,19249,2026-04-08T03:28:20.224588+00:00
123205,LEARNAFRCA,2020-06-03,1.13,,,1.13,6017,2026-04-08T03:28:22.45251+00:00
123308,LEARNAFRCA,2020-06-04,1.13,,,1.13,112,2026-04-08T03:28:24.742978+00:00
123411,LEARNAFRCA,2020-06-05,1.24,,,1.24,614980,2026-04-08T03:28:26.997708+00:00
123514,LEARNAFRCA,2020-06-08,1.24,,,1.24,269013,2026-04-08T03:28:31.360755+00:00
123617,LEARNAFRCA,2020-06-09,1.24,,,1.24,82740,2026-04-08T03:28:33.545964+00:00
123720,LEARNAFRCA,2020-06-10,1.28,,,1.28,424000,2026-04-08T03:28:35.856379+00:00
123823,LEARNAFRCA,2020-06-11,1.28,,,1.28,13019,2026-04-08T03:28:38.052531+00:00
123926,LEARNAFRCA,2020-06-15,1.35,,,1.35,496522,2026-04-08T03:28:43.437023+00:00
124029,LEARNAFRCA,2020-06-16,1.35,,,1.35,51921,2026-04-08T03:28:45.961134+00:00
124132,LEARNAFRCA,2020-06-17,1.35,,,1.35,7000,2026-04-08T03:28:48.324213+00:00
124235,LEARNAFRCA,2020-06-18,1.35,,,1.35,2500,2026-04-08T03:28:50.696546+00:00
124338,LEARNAFRCA,2020-06-19,1.35,,,1.35,34256,2026-04-08T03:28:53.406809+00:00
124441,LEARNAFRCA,2020-06-22,1.35,,,1.35,69000,2026-04-08T03:28:57.922359+00:00
124544,LEARNAFRCA,2020-06-23,1.35,,,1.35,50043,2026-04-08T03:29:00.283028+00:00
124647,LEARNAFRCA,2020-06-24,1.35,,,1.35,27719,2026-04-08T03:29:02.79982+00:00
124750,LEARNAFRCA,2020-06-25,1.35,,,1.35,10646,2026-04-08T03:29:05.076463+00:00
124853,LEARNAFRCA,2020-06-26,1.35,,,1.35,0,2026-04-08T03:29:07.48598+00:00
124956,LEARNAFRCA,2020-06-29,1.29,,,1.29,110000,2026-04-08T03:29:11.968016+00:00
125059,LEARNAFRCA,2020-06-30,1.17,,,1.17,151322,2026-04-08T03:29:14.28255+00:00
125162,LEARNAFRCA,2020-07-01,1.08,,,1.08,341489,2026-04-08T03:29:16.703757+00:00
125265,LEARNAFRCA,2020-07-02,1.08,,,1.08,105864,2026-04-08T03:29:19.127663+00:00
125368,LEARNAFRCA,2020-07-03,1.06,,,1.06,461280,2026-04-08T03:29:21.544735+00:00
125471,LEARNAFRCA,2020-07-07,1.06,,,1.06,1500,2026-04-08T03:29:27.331532+00:00
125574,LEARNAFRCA,2020-07-08,1.06,,,1.06,13046,2026-04-08T03:29:29.768744+00:00
125677,LEARNAFRCA,2020-07-09,1.06,,,1.06,6000,2026-04-08T03:29:32.143692+00:00
125780,LEARNAFRCA,2020-07-10,1.06,,,1.06,3650,2026-04-08T03:29:34.521297+00:00
125883,LEARNAFRCA,2020-07-13,1.06,,,1.06,18156,2026-04-08T03:29:39.007126+00:00
125986,LEARNAFRCA,2020-07-14,1.06,,,1.06,263117,2026-04-08T03:29:41.304989+00:00
126089,LEARNAFRCA,2020-07-15,1.06,,,1.06,152477,2026-04-08T03:29:43.708156+00:00
126192,LEARNAFRCA,2020-07-16,1.06,,,1.06,15875,2026-04-08T03:29:45.979708+00:00
126295,LEARNAFRCA,2020-07-17,1.06,,,1.06,150335,2026-04-08T03:29:48.357101+00:00
126398,LEARNAFRCA,2020-07-20,1.06,,,1.06,50917,2026-04-08T03:29:52.723074+00:00
126501,LEARNAFRCA,2020-07-21,1.06,,,1.06,1000,2026-04-08T03:29:55.035926+00:00
126604,LEARNAFRCA,2020-07-23,1.06,,,1.06,2000,2026-04-08T03:29:58.238067+00:00
126707,LEARNAFRCA,2020-07-24,1.01,,,1.01,104408,2026-04-08T03:30:00.541513+00:00
126810,LEARNAFRCA,2020-07-27,1.01,,,1.01,72366,2026-04-08T03:30:04.748878+00:00
126913,LEARNAFRCA,2020-07-28,1.01,,,1.01,4053,2026-04-08T03:30:07.286947+00:00
127016,LEARNAFRCA,2020-07-29,1.01,,,1.01,21700,2026-04-08T03:30:09.725653+00:00
127119,LEARNAFRCA,2020-08-03,1.01,,,1.01,0,2026-04-08T03:30:16.711714+00:00
127222,LEARNAFRCA,2020-08-04,1.01,,,1.01,20400,2026-04-08T03:30:19.026905+00:00
127325,LEARNAFRCA,2020-08-05,1.01,,,1.01,900,2026-04-08T03:30:21.509999+00:00
127428,LEARNAFRCA,2020-08-06,0.94,,,0.94,530877,2026-04-08T03:30:23.823287+00:00
127531,LEARNAFRCA,2020-08-07,1.03,,,1.03,274573,2026-04-08T03:30:26.221973+00:00
127634,LEARNAFRCA,2020-08-10,1.03,,,1.03,49769,2026-04-08T03:30:31.080726+00:00
127737,LEARNAFRCA,2020-08-11,1.03,,,1.03,15000,2026-04-08T03:30:33.557314+00:00
127840,LEARNAFRCA,2020-08-12,1.03,,,1.03,31894,2026-04-08T03:30:35.989363+00:00
127943,LEARNAFRCA,2020-08-13,1.05,,,1.05,179000,2026-04-08T03:30:38.402702+00:00
128046,LEARNAFRCA,2020-08-14,1.05,,,1.05,99245,2026-04-08T03:30:40.738296+00:00
128149,LEARNAFRCA,2020-08-17,1.05,,,1.05,1129,2026-04-08T03:30:45.179846+00:00
128252,LEARNAFRCA,2020-08-18,1.05,,,1.05,37400,2026-04-08T03:30:47.750292+00:00
128355,LEARNAFRCA,2020-08-19,1.05,,,1.05,52591,2026-04-08T03:30:50.260611+00:00
128458,LEARNAFRCA,2020-08-20,1.05,,,1.05,73768,2026-04-08T03:30:52.728097+00:00
128561,LEARNAFRCA,2020-08-21,1.1,,,1.1,344940,2026-04-08T03:30:55.129893+00:00
128664,LEARNAFRCA,2020-08-24,1.1,,,1.1,50918,2026-04-08T03:30:59.50528+00:00
128767,LEARNAFRCA,2020-08-25,1.1,,,1.1,137000,2026-04-08T03:31:01.97181+00:00
128870,LEARNAFRCA,2020-08-26,1.07,,,1.07,285583,2026-04-08T03:31:04.340397+00:00
128973,LEARNAFRCA,2020-08-27,1.07,,,1.07,26276,2026-04-08T03:31:06.825032+00:00
129076,LEARNAFRCA,2020-08-28,1.07,,,1.07,102903,2026-04-08T03:31:10.050623+00:00
129179,LEARNAFRCA,2020-08-31,1.07,,,1.07,146794,2026-04-08T03:31:14.574397+00:00
129282,LEARNAFRCA,2020-09-01,1.07,,,1.07,181833,2026-04-08T03:31:16.859057+00:00
129385,LEARNAFRCA,2020-09-02,1.07,,,1.07,162976,2026-04-08T03:31:19.223829+00:00
129488,LEARNAFRCA,2020-09-03,1.07,,,1.07,27407,2026-04-08T03:31:21.580357+00:00
129591,LEARNAFRCA,2020-09-04,1.05,,,1.05,110102,2026-04-08T03:31:24.095323+00:00
129694,LEARNAFRCA,2020-09-07,1.04,,,1.04,159133,2026-04-08T03:31:29.028072+00:00
129797,LEARNAFRCA,2020-09-08,1.04,,,1.04,20646,2026-04-08T03:31:31.696694+00:00
129900,LEARNAFRCA,2020-09-09,1.04,,,1.04,23000,2026-04-08T03:31:34.222499+00:00
130003,LEARNAFRCA,2020-09-10,1.04,,,1.04,40860,2026-04-08T03:31:36.666154+00:00
130106,LEARNAFRCA,2020-09-11,1.04,,,1.04,43551,2026-04-08T03:31:39.224755+00:00
130209,LEARNAFRCA,2020-09-14,1.04,,,1.04,148614,2026-04-08T03:31:43.669625+00:00
130312,LEARNAFRCA,2020-09-15,1.04,,,1.04,4684,2026-04-08T03:31:46.096824+00:00
130415,LEARNAFRCA,2020-09-16,1.14,,,1.14,506426,2026-04-08T03:31:48.62473+00:00
130518,LEARNAFRCA,2020-09-17,1.14,,,1.14,9499,2026-04-08T03:31:51.120615+00:00
130621,LEARNAFRCA,2020-09-18,1.14,,,1.14,20501,2026-04-08T03:31:53.500222+00:00
130724,LEARNAFRCA,2020-09-21,1.14,,,1.14,63642,2026-04-08T03:31:57.915353+00:00
130827,LEARNAFRCA,2020-09-22,1.14,,,1.14,80,2026-04-08T03:32:00.361616+00:00
130930,LEARNAFRCA,2020-09-23,1.14,,,1.14,3316,2026-04-08T03:32:02.667296+00:00
131033,LEARNAFRCA,2020-09-24,1.14,,,1.14,59520,2026-04-08T03:32:05.077899+00:00
131136,LEARNAFRCA,2020-09-25,1.14,,,1.14,144942,2026-04-08T03:32:07.472813+00:00
131239,LEARNAFRCA,2020-09-28,1.14,,,1.14,8603,2026-04-08T03:32:12.542607+00:00
131342,LEARNAFRCA,2020-09-29,1.07,,,1.07,117740,2026-04-08T03:32:14.948969+00:00
131445,LEARNAFRCA,2020-09-30,1.07,,,1.07,140089,2026-04-08T03:32:17.368144+00:00
131548,LEARNAFRCA,2020-10-02,1.07,,,1.07,63488,2026-04-08T03:32:21.009688+00:00
131651,LEARNAFRCA,2020-10-05,1.02,,,1.02,2285,2026-04-08T03:32:25.669514+00:00
131754,LEARNAFRCA,2020-10-06,1.1,,,1.1,299735,2026-04-08T03:32:28.151061+00:00
131857,LEARNAFRCA,2020-10-07,1.1,,,1.1,87129,2026-04-08T03:32:30.62441+00:00
131960,LEARNAFRCA,2020-10-08,1.1,,,1.1,192308,2026-04-08T03:32:32.995223+00:00
132063,LEARNAFRCA,2020-10-09,1.1,,,1.1,50400,2026-04-08T03:32:35.453646+00:00
132166,LEARNAFRCA,2020-10-12,1.1,,,1.1,42565,2026-04-08T03:32:39.836845+00:00
132269,LEARNAFRCA,2020-10-13,1.1,,,1.1,53447,2026-04-08T03:32:42.883097+00:00
132372,LEARNAFRCA,2020-10-14,1.1,,,1.1,2600,2026-04-08T03:32:45.313484+00:00
132475,LEARNAFRCA,2020-10-15,1.1,,,1.1,0,2026-04-08T03:32:47.672181+00:00
132578,LEARNAFRCA,2020-10-16,1.1,,,1.1,10600,2026-04-08T03:32:50.112843+00:00
132681,LEARNAFRCA,2020-10-19,1.1,,,1.1,11962,2026-04-08T03:32:54.594352+00:00
132784,LEARNAFRCA,2020-10-20,1.1,,,1.1,177449,2026-04-08T03:32:57.288568+00:00
132887,LEARNAFRCA,2020-10-21,1.1,,,1.1,1286,2026-04-08T03:32:59.679627+00:00
132990,LEARNAFRCA,2020-10-22,1.1,,,1.1,6041,2026-04-08T03:33:02.194874+00:00
133093,LEARNAFRCA,2020-10-23,1.1,,,1.1,0,2026-04-08T03:33:04.540232+00:00
133196,LEARNAFRCA,2020-10-26,1.1,,,1.1,93373,2026-04-08T03:33:08.964122+00:00
133299,LEARNAFRCA,2020-10-27,1.1,,,1.1,1979526,2026-04-08T03:33:12.04516+00:00
133402,LEARNAFRCA,2020-10-28,1.1,,,1.1,81160,2026-04-08T03:33:14.504918+00:00
133505,LEARNAFRCA,2020-10-30,1.1,,,1.1,146300,2026-04-08T03:33:18.13889+00:00
133608,LEARNAFRCA,2020-11-02,1.1,,,1.1,0,2026-04-08T03:33:22.589733+00:00
133711,LEARNAFRCA,2020-11-03,1.05,,,1.05,1573200,2026-04-08T03:33:24.936567+00:00
133814,LEARNAFRCA,2020-11-04,1.05,,,1.05,84036,2026-04-08T03:33:27.402012+00:00
133917,LEARNAFRCA,2020-11-05,1.15,,,1.15,514800,2026-04-08T03:33:29.791139+00:00
134020,LEARNAFRCA,2020-11-06,1.15,,,1.15,49112,2026-04-08T03:33:32.190465+00:00
134123,LEARNAFRCA,2020-11-09,1.05,,,1.05,3329884,2026-04-08T03:33:36.944942+00:00
134227,LEARNAFRCA,2020-11-10,1.05,,,1.05,1635831,2026-04-08T03:33:39.328014+00:00
134331,LEARNAFRCA,2020-11-11,1.0,,,1.0,1319206,2026-04-08T03:33:41.646704+00:00
134435,LEARNAFRCA,2020-11-12,1.05,,,1.05,1338660,2026-04-08T03:33:44.075825+00:00
134539,LEARNAFRCA,2020-11-13,1.13,,,1.13,1036981,2026-04-08T03:33:46.660663+00:00
134643,LEARNAFRCA,2020-11-16,1.15,,,1.15,1463895,2026-04-08T03:33:51.206328+00:00
134747,LEARNAFRCA,2020-11-17,1.15,,,1.15,154505,2026-04-08T03:33:53.594986+00:00
134851,LEARNAFRCA,2020-11-18,1.15,,,1.15,31743,2026-04-08T03:33:56.053488+00:00
134955,LEARNAFRCA,2020-11-19,1.15,,,1.15,73474,2026-04-08T03:33:58.535588+00:00
135059,LEARNAFRCA,2020-11-20,1.15,,,1.15,234271,2026-04-08T03:34:01.033528+00:00
135163,LEARNAFRCA,2020-11-23,1.15,,,1.15,35172,2026-04-08T03:34:05.446005+00:00
135267,LEARNAFRCA,2020-11-24,1.15,,,1.15,218204,2026-04-08T03:34:07.827748+00:00
135371,LEARNAFRCA,2020-11-25,1.15,,,1.15,0,2026-04-08T03:34:10.273596+00:00
135475,LEARNAFRCA,2020-11-26,1.15,,,1.15,3399,2026-04-08T03:34:12.878043+00:00
135579,LEARNAFRCA,2020-11-27,1.15,,,1.15,517001,2026-04-08T03:34:15.660625+00:00
135683,LEARNAFRCA,2020-11-30,1.04,,,1.04,1087298,2026-04-08T03:34:20.595268+00:00
135787,LEARNAFRCA,2020-12-01,1.04,,,1.04,37100,2026-04-08T03:34:22.915781+00:00
135890,LEARNAFRCA,2020-12-02,1.02,,,1.02,958878,2026-04-08T03:34:25.200893+00:00
135992,LEARNAFRCA,2020-12-03,1.02,,,1.02,38782,2026-04-08T03:34:27.500503+00:00
136094,LEARNAFRCA,2020-12-04,1.0,,,1.0,307761,2026-04-08T03:34:29.754666+00:00
136198,LEARNAFRCA,2020-12-07,1.0,,,1.0,18975,2026-04-08T03:34:34.092506+00:00
136302,LEARNAFRCA,2020-12-08,1.0,,,1.0,51979,2026-04-08T03:34:36.413898+00:00
136406,LEARNAFRCA,2020-12-09,1.01,,,1.01,404795,2026-04-08T03:34:38.741358+00:00
136510,LEARNAFRCA,2020-12-10,1.01,,,1.01,59080,2026-04-08T03:34:41.210459+00:00
136614,LEARNAFRCA,2020-12-11,1.0,,,1.0,174026,2026-04-08T03:34:43.516271+00:00
136719,LEARNAFRCA,2020-12-14,1.0,,,1.0,2007,2026-04-08T03:34:47.752987+00:00
136824,LEARNAFRCA,2020-12-15,1.0,,,1.0,11800,2026-04-08T03:34:50.014046+00:00
136929,LEARNAFRCA,2020-12-16,1.0,,,1.0,500,2026-04-08T03:34:52.260784+00:00
137034,LEARNAFRCA,2020-12-17,1.0,,,1.0,108045,2026-04-08T03:34:54.700208+00:00
137139,LEARNAFRCA,2020-12-18,1.0,,,1.0,11084,2026-04-08T03:34:57.404383+00:00
137244,LEARNAFRCA,2020-12-21,1.0,,,1.0,10922,2026-04-08T03:35:01.74156+00:00
137349,LEARNAFRCA,2020-12-22,1.0,,,1.0,5835,2026-04-08T03:35:04.087051+00:00
137454,LEARNAFRCA,2020-12-23,1.0,,,1.0,5242,2026-04-08T03:35:06.465463+00:00
137559,LEARNAFRCA,2020-12-24,1.0,,,1.0,7714,2026-04-08T03:35:08.859517+00:00
137664,LEARNAFRCA,2020-12-29,1.0,,,1.0,1303585,2026-04-08T03:35:15.710612+00:00
137769,LEARNAFRCA,2020-12-30,1.0,,,1.0,11822,2026-04-08T03:35:18.332825+00:00
137874,LEARNAFRCA,2020-12-31,1.0,,,1.0,4018,2026-04-08T03:35:20.721524+00:00
137979,LEARNAFRCA,2021-01-04,1.0,,,1.0,9285,2026-04-08T03:35:26.376094+00:00
138084,LEARNAFRCA,2021-01-05,1.0,,,1.0,1933362,2026-04-08T03:35:29.033034+00:00
138189,LEARNAFRCA,2021-01-06,1.0,,,1.0,133408,2026-04-08T03:35:31.424152+00:00
138294,LEARNAFRCA,2021-01-07,1.0,,,1.0,204177,2026-04-08T03:35:34.042283+00:00
138399,LEARNAFRCA,2021-01-08,1.0,,,1.0,2049349,2026-04-08T03:35:36.489888+00:00
138504,LEARNAFRCA,2021-01-11,1.0,,,1.0,1071168,2026-04-08T03:35:41.134484+00:00
138609,LEARNAFRCA,2021-01-12,1.0,,,1.0,56548,2026-04-08T03:35:43.444525+00:00
138714,LEARNAFRCA,2021-01-13,1.0,,,1.0,3304509,2026-04-08T03:35:45.752573+00:00
138819,LEARNAFRCA,2021-01-14,1.0,,,1.0,2631955,2026-04-08T03:35:48.266873+00:00
138924,LEARNAFRCA,2021-01-15,0.99,,,0.99,584500,2026-04-08T03:35:50.536305+00:00
139029,LEARNAFRCA,2021-01-18,1.06,,,1.06,368117,2026-04-08T03:35:55.012207+00:00
139134,LEARNAFRCA,2021-01-19,1.06,,,1.06,229824,2026-04-08T03:35:57.346792+00:00
139239,LEARNAFRCA,2021-01-20,1.09,,,1.09,1616132,2026-04-08T03:35:59.785195+00:00
139344,LEARNAFRCA,2021-01-21,1.07,,,1.07,1929693,2026-04-08T03:36:02.057398+00:00
139449,LEARNAFRCA,2021-01-22,0.97,,,0.97,1432439,2026-04-08T03:36:04.490813+00:00
139554,LEARNAFRCA,2021-01-25,1.04,,,1.04,228638,2026-04-08T03:36:09.142175+00:00
139659,LEARNAFRCA,2021-01-26,1.07,,,1.07,1203697,2026-04-08T03:36:11.477526+00:00
139764,LEARNAFRCA,2021-01-27,1.07,,,1.07,929648,2026-04-08T03:36:13.916788+00:00
139869,LEARNAFRCA,2021-01-28,1.07,,,1.07,168938,2026-04-08T03:36:16.269205+00:00
139974,LEARNAFRCA,2021-01-29,1.01,,,1.01,636980,2026-04-08T03:36:18.603253+00:00
140079,LEARNAFRCA,2021-02-01,1.07,,,1.07,842238,2026-04-08T03:36:23.094546+00:00
140184,LEARNAFRCA,2021-02-02,1.07,,,1.07,25648,2026-04-08T03:36:25.523135+00:00
140289,LEARNAFRCA,2021-02-03,1.07,,,1.07,60000,2026-04-08T03:36:27.835035+00:00
140394,LEARNAFRCA,2021-02-04,1.07,,,1.07,2864,2026-04-08T03:36:30.225924+00:00
140499,LEARNAFRCA,2021-02-05,1.0,,,1.0,536985,2026-04-08T03:36:32.587221+00:00
140604,LEARNAFRCA,2021-02-08,1.0,,,1.0,60370,2026-04-08T03:36:37.052653+00:00
140709,LEARNAFRCA,2021-02-09,1.0,,,1.0,20673,2026-04-08T03:36:39.468141+00:00
140814,LEARNAFRCA,2021-02-10,0.99,,,0.99,648816,2026-04-08T03:36:41.836322+00:00
140919,LEARNAFRCA,2021-02-11,0.97,,,0.97,1159288,2026-04-08T03:36:44.255641+00:00
141024,LEARNAFRCA,2021-02-12,0.97,,,0.97,50,2026-04-08T03:36:46.553737+00:00
141129,LEARNAFRCA,2021-02-15,0.97,,,0.97,5508,2026-04-08T03:36:50.983127+00:00
141234,LEARNAFRCA,2021-02-16,1.06,,,1.06,242336,2026-04-08T03:36:53.929967+00:00
141339,LEARNAFRCA,2021-02-17,1.05,,,1.05,320550,2026-04-08T03:36:56.762484+00:00
141444,LEARNAFRCA,2021-02-18,1.05,,,1.05,56869,2026-04-08T03:36:59.321693+00:00
141549,LEARNAFRCA,2021-02-19,1.05,,,1.05,50,2026-04-08T03:37:01.817881+00:00
141654,LEARNAFRCA,2021-02-22,1.05,,,1.05,13381,2026-04-08T03:37:06.27808+00:00
141759,LEARNAFRCA,2021-02-23,1.05,,,1.05,9407,2026-04-08T03:37:08.890934+00:00
141864,LEARNAFRCA,2021-02-24,1.05,,,1.05,100,2026-04-08T03:37:11.490979+00:00
141969,LEARNAFRCA,2021-02-25,1.05,,,1.05,23886,2026-04-08T03:37:14.190372+00:00
142074,LEARNAFRCA,2021-02-26,1.05,,,1.05,4360,2026-04-08T03:37:16.661186+00:00
142179,LEARNAFRCA,2021-03-01,1.05,,,1.05,261000,2026-04-08T03:37:22.522205+00:00
142284,LEARNAFRCA,2021-03-02,1.05,,,1.05,1562966,2026-04-08T03:37:25.400973+00:00
142389,LEARNAFRCA,2021-03-03,1.05,,,1.05,54559,2026-04-08T03:37:28.29584+00:00
142494,LEARNAFRCA,2021-03-04,1.06,,,1.06,1396189,2026-04-08T03:37:30.865183+00:00
142599,LEARNAFRCA,2021-03-05,1.08,,,1.08,1696507,2026-04-08T03:37:35.032922+00:00
142704,LEARNAFRCA,2021-03-08,1.08,,,1.08,4918695,2026-04-08T03:37:40.957406+00:00
142809,LEARNAFRCA,2021-03-09,1.08,,,1.08,88212,2026-04-08T03:37:43.478318+00:00
142914,LEARNAFRCA,2021-03-10,1.08,,,1.08,168180,2026-04-08T03:37:46.075681+00:00
143019,LEARNAFRCA,2021-03-11,1.08,,,1.08,13671,2026-04-08T03:37:49.142973+00:00
143124,LEARNAFRCA,2021-03-12,1.06,,,1.06,1532632,2026-04-08T03:37:51.827027+00:00
143229,LEARNAFRCA,2021-03-15,1.09,,,1.09,2588948,2026-04-08T03:37:56.632273+00:00
143334,LEARNAFRCA,2021-03-16,1.09,,,1.09,143962,2026-04-08T03:37:59.157483+00:00
143439,LEARNAFRCA,2021-03-17,1.09,,,1.09,82256,2026-04-08T03:38:01.497417+00:00
143544,LEARNAFRCA,2021-03-18,1.09,,,1.09,107844,2026-04-08T03:38:03.831621+00:00
143649,LEARNAFRCA,2021-03-19,1.1,,,1.1,810611,2026-04-08T03:38:06.31825+00:00
143754,LEARNAFRCA,2021-03-22,1.07,,,1.07,556315,2026-04-08T03:38:11.081229+00:00
143859,LEARNAFRCA,2021-03-23,1.09,,,1.09,310050,2026-04-08T03:38:13.396015+00:00
143964,LEARNAFRCA,2021-03-24,1.07,,,1.07,302050,2026-04-08T03:38:15.81449+00:00
144069,LEARNAFRCA,2021-03-25,1.07,,,1.07,1000,2026-04-08T03:38:18.283134+00:00
144174,LEARNAFRCA,2021-03-26,1.07,,,1.07,5244,2026-04-08T03:38:20.746814+00:00
144279,LEARNAFRCA,2021-03-29,1.07,,,1.07,1016,2026-04-08T03:38:25.159246+00:00
144384,LEARNAFRCA,2021-03-30,1.09,,,1.09,144069,2026-04-08T03:38:27.475529+00:00
144489,LEARNAFRCA,2021-03-31,1.09,,,1.09,20200,2026-04-08T03:38:29.710175+00:00
144594,LEARNAFRCA,2021-04-01,1.09,,,1.09,50449,2026-04-08T03:38:32.086622+00:00
144699,LEARNAFRCA,2021-04-06,1.09,,,1.09,18300,2026-04-08T03:38:38.336109+00:00
144804,LEARNAFRCA,2021-04-07,1.09,,,1.09,20500,2026-04-08T03:38:40.597593+00:00
144909,LEARNAFRCA,2021-04-08,1.09,,,1.09,45410,2026-04-08T03:38:43.050318+00:00
145014,LEARNAFRCA,2021-04-09,1.09,,,1.09,1898,2026-04-08T03:38:45.381101+00:00
145119,LEARNAFRCA,2021-04-12,1.09,,,1.09,15434,2026-04-08T03:38:49.634064+00:00
145224,LEARNAFRCA,2021-04-14,1.09,,,1.09,212,2026-04-08T03:38:53.291299+00:00
145329,LEARNAFRCA,2021-04-15,1.09,,,1.09,11223,2026-04-08T03:38:55.647647+00:00
145434,LEARNAFRCA,2021-04-16,1.09,,,1.09,100755,2026-04-08T03:38:58.039758+00:00
145539,LEARNAFRCA,2021-04-19,1.09,,,1.09,5050,2026-04-08T03:39:02.639407+00:00
145644,LEARNAFRCA,2021-04-20,1.09,,,1.09,47050,2026-04-08T03:39:05.009889+00:00
145749,LEARNAFRCA,2021-04-21,1.0,,,1.0,1081693,2026-04-08T03:39:07.371999+00:00
145854,LEARNAFRCA,2021-04-22,1.0,,,1.0,2007679,2026-04-08T03:39:09.720023+00:00
145959,LEARNAFRCA,2021-04-26,1.08,,,1.08,340100,2026-04-08T03:39:15.36746+00:00
146064,LEARNAFRCA,2021-04-27,1.08,,,1.08,85000,2026-04-08T03:39:17.695414+00:00
146169,LEARNAFRCA,2021-04-28,1.08,,,1.08,15601,2026-04-08T03:39:20.620007+00:00
146274,LEARNAFRCA,2021-04-29,1.08,,,1.08,100,2026-04-08T03:39:22.905871+00:00
146379,LEARNAFRCA,2021-04-30,1.04,,,1.04,797173,2026-04-08T03:39:25.430976+00:00
146484,LEARNAFRCA,2021-05-04,1.08,,,1.08,280813,2026-04-08T03:39:31.322792+00:00
146589,LEARNAFRCA,2021-05-05,1.08,,,1.08,3820,2026-04-08T03:39:33.759587+00:00
146694,LEARNAFRCA,2021-05-06,1.08,,,1.08,10000,2026-04-08T03:39:36.246061+00:00
146799,LEARNAFRCA,2021-05-07,1.08,,,1.08,0,2026-04-08T03:39:38.47254+00:00
146904,LEARNAFRCA,2021-05-10,1.05,,,1.05,472461,2026-04-08T03:39:42.886326+00:00
147009,LEARNAFRCA,2021-05-11,1.05,,,1.05,32075,2026-04-08T03:39:45.288668+00:00
147114,LEARNAFRCA,2021-05-14,1.05,,,1.05,8184,2026-04-08T03:39:49.859206+00:00
147219,LEARNAFRCA,2021-05-17,1.05,,,1.05,19884,2026-04-08T03:39:54.343913+00:00
147324,LEARNAFRCA,2021-05-18,1.02,,,1.02,2970014,2026-04-08T03:39:57.092526+00:00
147429,LEARNAFRCA,2021-05-19,1.02,,,1.02,176000,2026-04-08T03:39:59.433321+00:00
147534,LEARNAFRCA,2021-05-20,1.02,,,1.02,85361,2026-04-08T03:40:01.906518+00:00
147639,LEARNAFRCA,2021-05-21,1.02,,,1.02,10000,2026-04-08T03:40:04.221824+00:00
147744,LEARNAFRCA,2021-05-24,1.02,,,1.02,3300,2026-04-08T03:40:08.535937+00:00
147849,LEARNAFRCA,2021-05-25,1.02,,,1.02,686,2026-04-08T03:40:10.790359+00:00
147954,LEARNAFRCA,2021-05-26,1.1,,,1.1,290015,2026-04-08T03:40:13.088105+00:00
148059,LEARNAFRCA,2021-05-27,1.1,,,1.1,12118,2026-04-08T03:40:15.774564+00:00
148164,LEARNAFRCA,2021-05-28,1.08,,,1.08,2097100,2026-04-08T03:40:18.222614+00:00
148269,LEARNAFRCA,2021-05-31,1.08,,,1.08,21949,2026-04-08T03:40:23.651574+00:00
148374,LEARNAFRCA,2021-06-01,1.08,,,1.08,29148,2026-04-08T03:40:26.050454+00:00
148479,LEARNAFRCA,2021-06-02,1.0,,,1.0,519530,2026-04-08T03:40:28.576306+00:00
148584,LEARNAFRCA,2021-06-03,1.0,,,1.0,941045,2026-04-08T03:40:31.001459+00:00
148689,LEARNAFRCA,2021-06-04,1.0,,,1.0,3300,2026-04-08T03:40:33.442796+00:00
148794,LEARNAFRCA,2021-06-07,1.0,,,1.0,2249897,2026-04-08T03:40:37.732645+00:00
148899,LEARNAFRCA,2021-06-08,1.09,,,1.09,350530,2026-04-08T03:40:40.102423+00:00
149004,LEARNAFRCA,2021-06-09,1.09,,,1.09,253501,2026-04-08T03:40:42.486352+00:00
149109,LEARNAFRCA,2021-06-10,1.09,,,1.09,41285,2026-04-08T03:40:45.029393+00:00
149214,LEARNAFRCA,2021-06-11,1.0,,,1.0,6110878,2026-04-08T03:40:47.465669+00:00
149319,LEARNAFRCA,2021-06-15,0.92,,,0.92,3431956,2026-04-08T03:40:53.415974+00:00
149424,LEARNAFRCA,2021-06-16,0.98,,,0.98,628512,2026-04-08T03:40:55.754681+00:00
149530,LEARNAFRCA,2021-06-17,1.03,,,1.03,592974,2026-04-08T03:40:58.172345+00:00
149636,LEARNAFRCA,2021-06-18,1.08,,,1.08,1315565,2026-04-08T03:41:00.479054+00:00
149742,LEARNAFRCA,2021-06-21,1.08,,,1.08,10820,2026-04-08T03:41:05.049703+00:00
149849,LEARNAFRCA,2021-06-22,1.01,,,1.01,125133,2026-04-08T03:41:07.444448+00:00
149956,LEARNAFRCA,2021-06-23,1.01,,,1.01,0,2026-04-08T03:41:09.819069+00:00
150063,LEARNAFRCA,2021-06-24,1.05,,,1.05,707455,2026-04-08T03:41:12.2583+00:00
150170,LEARNAFRCA,2021-06-25,1.05,,,1.05,75255,2026-04-08T03:41:14.6351+00:00
150277,LEARNAFRCA,2021-06-28,1.05,,,1.05,0,2026-04-08T03:41:19.428749+00:00
150384,LEARNAFRCA,2021-06-29,1.05,,,1.05,691250,2026-04-08T03:41:22.147646+00:00
150491,LEARNAFRCA,2021-06-30,1.05,,,1.05,379305,2026-04-08T03:41:24.723581+00:00
150598,LEARNAFRCA,2021-07-01,1.15,,,1.15,3834988,2026-04-08T03:41:27.253573+00:00
150705,LEARNAFRCA,2021-07-02,1.24,,,1.24,4999784,2026-04-08T03:41:29.882533+00:00
150812,LEARNAFRCA,2021-07-05,1.33,,,1.33,2470421,2026-04-08T03:41:34.454391+00:00
150919,LEARNAFRCA,2021-07-06,1.34,,,1.34,3351451,2026-04-08T03:41:36.982623+00:00
151026,LEARNAFRCA,2021-07-07,1.3,,,1.3,671003,2026-04-08T03:41:39.307643+00:00
151133,LEARNAFRCA,2021-07-08,1.3,,,1.3,1296818,2026-04-08T03:41:41.672436+00:00
151241,LEARNAFRCA,2021-07-09,1.35,,,1.35,1182710,2026-04-08T03:41:44.186247+00:00
151349,LEARNAFRCA,2021-07-12,1.37,,,1.37,3302893,2026-04-08T03:41:48.615121+00:00
151457,LEARNAFRCA,2021-07-13,1.37,,,1.37,575083,2026-04-08T03:41:50.993586+00:00
151565,LEARNAFRCA,2021-07-14,1.37,,,1.37,401503,2026-04-08T03:41:53.268+00:00
151673,LEARNAFRCA,2021-07-15,1.37,,,1.37,291446,2026-04-08T03:41:55.50175+00:00
151781,LEARNAFRCA,2021-07-16,1.37,,,1.37,431215,2026-04-08T03:41:57.978751+00:00
151889,LEARNAFRCA,2021-07-19,1.49,,,1.49,573095,2026-04-08T03:42:02.439681+00:00
151997,LEARNAFRCA,2021-07-22,1.49,,,1.49,127918,2026-04-08T03:42:06.938387+00:00
152105,LEARNAFRCA,2021-07-23,1.5,,,1.5,603947,2026-04-08T03:42:09.224536+00:00
152213,LEARNAFRCA,2021-07-26,1.5,,,1.5,288854,2026-04-08T03:42:13.888963+00:00
152321,LEARNAFRCA,2021-07-27,1.5,,,1.5,242036,2026-04-08T03:42:16.300026+00:00
152429,LEARNAFRCA,2021-07-28,1.5,,,1.5,144785,2026-04-08T03:42:18.733972+00:00
152537,LEARNAFRCA,2021-07-29,1.5,,,1.5,276984,2026-04-08T03:42:21.196071+00:00
152645,LEARNAFRCA,2021-07-30,1.35,,,1.35,557517,2026-04-08T03:42:23.780537+00:00
152753,LEARNAFRCA,2021-08-02,1.35,,,1.35,150902,2026-04-08T03:42:28.457705+00:00
152861,LEARNAFRCA,2021-08-03,1.35,,,1.35,60291,2026-04-08T03:42:31.094462+00:00
152969,LEARNAFRCA,2021-08-04,1.35,,,1.35,156491,2026-04-08T03:42:33.531563+00:00
153077,LEARNAFRCA,2021-08-05,1.35,,,1.35,76022,2026-04-08T03:42:35.917081+00:00
153185,LEARNAFRCA,2021-08-06,1.35,,,1.35,29872,2026-04-08T03:42:38.23616+00:00
153293,LEARNAFRCA,2021-08-09,1.35,,,1.35,18166,2026-04-08T03:42:42.878342+00:00
153401,LEARNAFRCA,2021-08-10,1.35,,,1.35,209637,2026-04-08T03:42:45.264053+00:00
153509,LEARNAFRCA,2021-08-12,1.35,,,1.35,44400,2026-04-08T03:42:48.762656+00:00
153617,LEARNAFRCA,2021-08-13,1.35,,,1.35,206103,2026-04-08T03:42:51.120096+00:00
153725,LEARNAFRCA,2021-08-16,1.35,,,1.35,75195,2026-04-08T03:42:55.556429+00:00
153833,LEARNAFRCA,2021-08-17,1.35,,,1.35,20249,2026-04-08T03:42:57.870214+00:00
153941,LEARNAFRCA,2021-08-18,1.35,,,1.35,54981,2026-04-08T03:43:00.318272+00:00
154049,LEARNAFRCA,2021-08-19,1.35,,,1.35,52905,2026-04-08T03:43:02.743698+00:00
154157,LEARNAFRCA,2021-08-20,1.29,,,1.29,464548,2026-04-08T03:43:05.111187+00:00
154265,LEARNAFRCA,2021-08-23,1.41,,,1.41,508892,2026-04-08T03:43:09.725908+00:00
154373,LEARNAFRCA,2021-08-24,1.41,,,1.41,103007,2026-04-08T03:43:12.031989+00:00
154481,LEARNAFRCA,2021-08-25,1.41,,,1.41,157919,2026-04-08T03:43:14.375004+00:00
154589,LEARNAFRCA,2021-08-26,1.41,,,1.41,10010,2026-04-08T03:43:16.860503+00:00
154697,LEARNAFRCA,2021-08-27,1.41,,,1.41,4370,2026-04-08T03:43:19.247601+00:00
154805,LEARNAFRCA,2021-08-30,1.41,,,1.41,45438,2026-04-08T03:43:23.756871+00:00
154913,LEARNAFRCA,2021-08-31,1.44,,,1.44,210000,2026-04-08T03:43:26.203018+00:00
155021,LEARNAFRCA,2021-09-01,1.44,,,1.44,105490,2026-04-08T03:43:28.430514+00:00
155129,LEARNAFRCA,2021-09-02,1.44,,,1.44,30570,2026-04-08T03:43:30.63423+00:00
155237,LEARNAFRCA,2021-09-03,1.44,,,1.44,140061,2026-04-08T03:43:33.173741+00:00
155345,LEARNAFRCA,2021-09-06,1.44,,,1.44,82421,2026-04-08T03:43:37.566628+00:00
155453,LEARNAFRCA,2021-09-07,1.44,,,1.44,192620,2026-04-08T03:43:39.870652+00:00
155561,LEARNAFRCA,2021-09-08,1.44,,,1.44,2900,2026-04-08T03:43:42.125577+00:00
155669,LEARNAFRCA,2021-09-09,1.36,,,1.36,391059,2026-04-08T03:43:44.739177+00:00
155777,LEARNAFRCA,2021-09-10,1.36,,,1.36,60379,2026-04-08T03:43:47.339386+00:00
155885,LEARNAFRCA,2021-09-13,1.36,,,1.36,30976,2026-04-08T03:43:51.822078+00:00
155993,LEARNAFRCA,2021-09-14,1.36,,,1.36,51645,2026-04-08T03:43:54.260371+00:00
156101,LEARNAFRCA,2021-09-15,1.44,,,1.44,271994,2026-04-08T03:43:56.896801+00:00
156209,LEARNAFRCA,2021-09-16,1.44,,,1.44,176647,2026-04-08T03:43:59.227477+00:00
156317,LEARNAFRCA,2021-09-20,1.44,,,1.44,178800,2026-04-08T03:44:04.993721+00:00
156425,LEARNAFRCA,2021-09-21,1.44,,,1.44,66590,2026-04-08T03:44:07.727357+00:00
156533,LEARNAFRCA,2021-09-22,1.44,,,1.44,46846,2026-04-08T03:44:10.239254+00:00
156641,LEARNAFRCA,2021-09-23,1.44,,,1.44,38372,2026-04-08T03:44:12.661605+00:00
156749,LEARNAFRCA,2021-09-24,1.44,,,1.44,207200,2026-04-08T03:44:15.34542+00:00
156857,LEARNAFRCA,2021-09-27,1.44,,,1.44,300742,2026-04-08T03:44:19.850483+00:00
156965,LEARNAFRCA,2021-09-28,1.44,,,1.44,157868,2026-04-08T03:44:22.678655+00:00
157073,LEARNAFRCA,2021-09-29,1.44,,,1.44,288104,2026-04-08T03:44:25.133662+00:00
157181,LEARNAFRCA,2021-09-30,1.44,,,1.44,83434,2026-04-08T03:44:27.471646+00:00
157289,LEARNAFRCA,2021-10-04,1.44,,,1.44,894438,2026-04-08T03:44:32.876267+00:00
157397,LEARNAFRCA,2021-10-05,1.55,,,1.55,819556,2026-04-08T03:44:35.445743+00:00
157505,LEARNAFRCA,2021-10-06,1.55,,,1.55,126367,2026-04-08T03:44:37.876116+00:00
157613,LEARNAFRCA,2021-10-07,1.55,,,1.55,174354,2026-04-08T03:44:40.206594+00:00
157721,LEARNAFRCA,2021-10-08,1.55,,,1.55,236286,2026-04-08T03:44:42.63936+00:00
157829,LEARNAFRCA,2021-10-11,1.4,,,1.4,89014,2026-04-08T03:44:47.21782+00:00
157937,LEARNAFRCA,2021-10-12,1.4,,,1.4,35959,2026-04-08T03:44:49.55017+00:00
158045,LEARNAFRCA,2021-10-13,1.4,,,1.4,145905,2026-04-08T03:44:52.157785+00:00
158153,LEARNAFRCA,2021-10-14,1.26,,,1.26,755554,2026-04-08T03:44:54.53471+00:00
158262,LEARNAFRCA,2021-10-15,1.26,,,1.26,159759,2026-04-08T03:44:56.91657+00:00
158371,LEARNAFRCA,2021-10-18,1.26,,,1.26,301298,2026-04-08T03:45:01.595863+00:00
158480,LEARNAFRCA,2021-10-20,1.26,,,1.26,168487,2026-04-08T03:45:05.471144+00:00
158589,LEARNAFRCA,2021-10-21,1.26,,,1.26,259192,2026-04-08T03:45:08.008029+00:00
158696,LEARNAFRCA,2021-10-22,1.26,,,1.26,606,2026-04-08T03:45:10.474564+00:00
158805,LEARNAFRCA,2021-10-25,1.26,,,1.26,175092,2026-04-08T03:45:15.28358+00:00
158914,LEARNAFRCA,2021-10-26,1.26,,,1.26,55952,2026-04-08T03:45:17.74539+00:00
159023,LEARNAFRCA,2021-10-27,1.26,,,1.26,24689,2026-04-08T03:45:20.303823+00:00
159132,LEARNAFRCA,2021-10-28,1.26,,,1.26,56630,2026-04-08T03:45:22.610226+00:00
159241,LEARNAFRCA,2021-10-29,1.3,,,1.3,567065,2026-04-08T03:45:25.013779+00:00
159350,LEARNAFRCA,2021-11-01,1.3,,,1.3,158187,2026-04-08T03:45:29.747778+00:00
159459,LEARNAFRCA,2021-11-02,1.3,,,1.3,72720,2026-04-08T03:45:32.292585+00:00
159568,LEARNAFRCA,2021-11-03,1.29,,,1.29,314360,2026-04-08T03:45:34.604091+00:00
159677,LEARNAFRCA,2021-11-04,1.29,,,1.29,123613,2026-04-08T03:45:37.086301+00:00
159786,LEARNAFRCA,2021-11-05,1.29,,,1.29,134157,2026-04-08T03:45:39.522081+00:00
159895,LEARNAFRCA,2021-11-08,1.29,,,1.29,111589,2026-04-08T03:45:44.061968+00:00
160004,LEARNAFRCA,2021-11-10,1.29,,,1.29,83715,2026-04-08T03:45:47.530577+00:00
160113,LEARNAFRCA,2021-11-11,1.29,,,1.29,514076,2026-04-08T03:45:49.990111+00:00
160222,LEARNAFRCA,2021-11-12,1.29,,,1.29,10000,2026-04-08T03:45:52.531373+00:00
160331,LEARNAFRCA,2021-11-15,1.29,,,1.29,16076,2026-04-08T03:45:57.041913+00:00
160440,LEARNAFRCA,2021-11-17,1.29,,,1.29,870011,2026-04-08T03:46:00.536124+00:00
160549,LEARNAFRCA,2021-11-18,1.29,,,1.29,49804,2026-04-08T03:46:03.012698+00:00
160658,LEARNAFRCA,2021-11-19,1.29,,,1.29,128716,2026-04-08T03:46:05.423699+00:00
160767,LEARNAFRCA,2021-11-22,1.29,,,1.29,111884,2026-04-08T03:46:10.306395+00:00
160876,LEARNAFRCA,2021-11-23,1.29,,,1.29,255015,2026-04-08T03:46:12.888041+00:00
160985,LEARNAFRCA,2021-11-24,1.25,,,1.25,270104,2026-04-08T03:46:15.261589+00:00
161094,LEARNAFRCA,2021-11-25,1.25,,,1.25,676300,2026-04-08T03:46:17.544601+00:00
161203,LEARNAFRCA,2021-11-29,1.25,,,1.25,75000,2026-04-08T03:46:23.244686+00:00
161312,LEARNAFRCA,2021-11-30,1.25,,,1.25,60600,2026-04-08T03:46:25.627389+00:00
161421,LEARNAFRCA,2021-12-01,1.25,,,1.25,88684,2026-04-08T03:46:28.190956+00:00
161530,LEARNAFRCA,2021-12-02,1.26,,,1.26,494741,2026-04-08T03:46:30.651544+00:00
161639,LEARNAFRCA,2021-12-03,1.26,,,1.26,80400,2026-04-08T03:46:33.124129+00:00
161748,LEARNAFRCA,2021-12-06,1.26,,,1.26,107000,2026-04-08T03:46:37.622095+00:00
161857,LEARNAFRCA,2021-12-07,1.26,,,1.26,83600,2026-04-08T03:46:39.947423+00:00
161966,LEARNAFRCA,2021-12-08,1.26,,,1.26,182215,2026-04-08T03:46:42.482337+00:00
162075,LEARNAFRCA,2021-12-09,1.26,,,1.26,21607,2026-04-08T03:46:44.852467+00:00
162185,LEARNAFRCA,2021-12-10,1.26,,,1.26,22807,2026-04-08T03:46:47.321476+00:00
162295,LEARNAFRCA,2021-12-13,1.26,,,1.26,19567,2026-04-08T03:46:51.775824+00:00
162405,LEARNAFRCA,2021-12-14,1.26,,,1.26,56002,2026-04-08T03:46:54.126877+00:00
162515,LEARNAFRCA,2021-12-15,1.26,,,1.26,18800,2026-04-08T03:46:56.822916+00:00
162625,LEARNAFRCA,2021-12-16,1.26,,,1.26,292898,2026-04-08T03:46:59.215115+00:00
162735,LEARNAFRCA,2021-12-17,1.26,,,1.26,101000,2026-04-08T03:47:01.752329+00:00
162846,LEARNAFRCA,2021-12-20,1.26,,,1.26,0,2026-04-08T03:47:06.293287+00:00
162957,LEARNAFRCA,2021-12-21,1.17,,,1.17,384965,2026-04-08T03:47:08.729464+00:00
163068,LEARNAFRCA,2021-12-22,1.17,,,1.17,11347,2026-04-08T03:47:11.106283+00:00
163179,LEARNAFRCA,2021-12-23,1.17,,,1.17,6015,2026-04-08T03:47:13.420215+00:00
163290,LEARNAFRCA,2021-12-24,1.17,,,1.17,20068,2026-04-08T03:47:15.708642+00:00
163401,LEARNAFRCA,2021-12-29,1.17,,,1.17,147497,2026-04-08T03:47:22.624079+00:00
163512,LEARNAFRCA,2021-12-30,1.17,,,1.17,106930,2026-04-08T03:47:25.019388+00:00
163623,LEARNAFRCA,2021-12-31,1.17,,,1.17,7100,2026-04-08T03:47:27.803632+00:00
163734,LEARNAFRCA,2022-01-04,1.17,,,1.17,54268,2026-04-08T03:47:33.190226+00:00
163846,LEARNAFRCA,2022-01-05,1.18,,,1.18,180106,2026-04-08T03:47:35.481449+00:00
163958,LEARNAFRCA,2022-01-06,1.18,,,1.18,99460,2026-04-08T03:47:38.067383+00:00
164070,LEARNAFRCA,2022-01-07,1.18,,,1.18,32000,2026-04-08T03:47:40.483305+00:00
164182,LEARNAFRCA,2022-01-10,1.18,,,1.18,16090,2026-04-08T03:47:45.097739+00:00
164294,LEARNAFRCA,2022-01-11,1.18,,,1.18,39867,2026-04-08T03:47:47.617941+00:00
164406,LEARNAFRCA,2022-01-12,1.18,,,1.18,57927,2026-04-08T03:47:50.132225+00:00
164518,LEARNAFRCA,2022-01-13,1.18,,,1.18,197200,2026-04-08T03:47:52.673244+00:00
164630,LEARNAFRCA,2022-01-14,1.18,,,1.18,84958,2026-04-08T03:47:55.308832+00:00
164742,LEARNAFRCA,2022-01-17,1.18,,,1.18,5000,2026-04-08T03:47:59.999655+00:00
164854,LEARNAFRCA,2022-01-18,1.18,,,1.18,29815,2026-04-08T03:48:02.353596+00:00
164966,LEARNAFRCA,2022-01-19,1.18,,,1.18,41049,2026-04-08T03:48:04.820784+00:00
165078,LEARNAFRCA,2022-01-20,1.29,,,1.29,1382130,2026-04-08T03:48:07.325935+00:00
165190,LEARNAFRCA,2022-01-21,1.29,,,1.29,4120,2026-04-08T03:48:09.696329+00:00
165302,LEARNAFRCA,2022-01-24,1.29,,,1.29,9508,2026-04-08T03:48:14.136661+00:00
165414,LEARNAFRCA,2022-01-25,1.29,,,1.29,20408,2026-04-08T03:48:16.50614+00:00
165526,LEARNAFRCA,2022-01-26,1.4,,,1.4,587364,2026-04-08T03:48:19.024911+00:00
165638,LEARNAFRCA,2022-01-27,1.4,,,1.4,113894,2026-04-08T03:48:21.585909+00:00
165750,LEARNAFRCA,2022-01-28,1.4,,,1.4,124244,2026-04-08T03:48:23.969021+00:00
165862,LEARNAFRCA,2022-01-31,1.4,,,1.4,109111,2026-04-08T03:48:28.465348+00:00
165974,LEARNAFRCA,2022-02-01,1.4,,,1.4,166146,2026-04-08T03:48:30.807911+00:00
166086,LEARNAFRCA,2022-02-02,1.4,,,1.4,163533,2026-04-08T03:48:33.305516+00:00
166198,LEARNAFRCA,2022-02-03,1.4,,,1.4,97191,2026-04-08T03:48:35.918914+00:00
166310,LEARNAFRCA,2022-02-04,1.4,,,1.4,101035,2026-04-08T03:48:38.317721+00:00
166422,LEARNAFRCA,2022-02-07,1.4,,,1.4,106757,2026-04-08T03:48:42.904693+00:00
166534,LEARNAFRCA,2022-02-08,1.4,,,1.4,52133,2026-04-08T03:48:45.378139+00:00
166646,LEARNAFRCA,2022-02-09,1.45,,,1.45,521330,2026-04-08T03:48:48.035665+00:00
166758,LEARNAFRCA,2022-02-10,1.5,,,1.5,646305,2026-04-08T03:48:50.398564+00:00
166870,LEARNAFRCA,2022-02-11,1.5,,,1.5,478455,2026-04-08T03:48:52.774016+00:00
166982,LEARNAFRCA,2022-02-14,1.65,,,1.65,775523,2026-04-08T03:48:57.293433+00:00
167094,LEARNAFRCA,2022-02-15,1.81,,,1.81,360791,2026-04-08T03:48:59.662493+00:00
167206,LEARNAFRCA,2022-02-16,1.99,,,1.99,1470816,2026-04-08T03:49:02.003783+00:00
167318,LEARNAFRCA,2022-02-17,2.0,,,2.0,791269,2026-04-08T03:49:04.32656+00:00
167430,LEARNAFRCA,2022-02-18,2.2,,,2.2,1761108,2026-04-08T03:49:06.711382+00:00
167542,LEARNAFRCA,2022-02-21,2.2,,,2.2,778256,2026-04-08T03:49:10.978464+00:00
167654,LEARNAFRCA,2022-02-22,2.42,,,2.42,920634,2026-04-08T03:49:13.528869+00:00
167766,LEARNAFRCA,2022-02-23,2.42,,,2.42,242915,2026-04-08T03:49:15.914345+00:00
167878,LEARNAFRCA,2022-02-24,2.66,,,2.66,614262,2026-04-08T03:49:18.676795+00:00
167990,LEARNAFRCA,2022-02-25,2.61,,,2.61,804858,2026-04-08T03:49:21.264729+00:00
168102,LEARNAFRCA,2022-02-28,2.61,,,2.61,382332,2026-04-08T03:49:25.620712+00:00
168214,LEARNAFRCA,2022-03-01,2.35,,,2.35,146146,2026-04-08T03:49:28.049171+00:00
168326,LEARNAFRCA,2022-03-02,2.19,,,2.19,972137,2026-04-08T03:49:30.283109+00:00
168438,LEARNAFRCA,2022-03-03,1.98,,,1.98,1415431,2026-04-08T03:49:32.551227+00:00
168550,LEARNAFRCA,2022-03-04,1.98,,,1.98,288922,2026-04-08T03:49:34.968546+00:00
168662,LEARNAFRCA,2022-03-07,1.98,,,1.98,96372,2026-04-08T03:49:39.227432+00:00
168774,LEARNAFRCA,2022-03-08,1.98,,,1.98,135000,2026-04-08T03:49:41.475537+00:00
168886,LEARNAFRCA,2022-03-09,1.98,,,1.98,34090,2026-04-08T03:49:43.759827+00:00
168998,LEARNAFRCA,2022-03-10,1.98,,,1.98,43559,2026-04-08T03:49:46.077826+00:00
169110,LEARNAFRCA,2022-03-11,1.98,,,1.98,156421,2026-04-08T03:49:48.438529+00:00
169222,LEARNAFRCA,2022-03-14,1.98,,,1.98,136902,2026-04-08T03:49:53.114563+00:00
169334,LEARNAFRCA,2022-03-15,1.98,,,1.98,17165,2026-04-08T03:49:55.533531+00:00
169446,LEARNAFRCA,2022-03-16,1.98,,,1.98,131991,2026-04-08T03:49:57.903122+00:00
169558,LEARNAFRCA,2022-03-17,1.98,,,1.98,20000,2026-04-08T03:50:00.211329+00:00
169670,LEARNAFRCA,2022-03-18,1.98,,,1.98,51812,2026-04-08T03:50:02.865266+00:00
169782,LEARNAFRCA,2022-03-21,1.98,,,1.98,5467,2026-04-08T03:50:07.476142+00:00
169894,LEARNAFRCA,2022-03-24,2.17,,,2.17,4506,2026-04-08T03:50:12.041871+00:00
170006,LEARNAFRCA,2022-03-25,2.17,,,2.17,72014,2026-04-08T03:50:14.507747+00:00
170118,LEARNAFRCA,2022-03-28,1.96,,,1.96,173320,2026-04-08T03:50:18.995306+00:00
170230,LEARNAFRCA,2022-03-29,1.96,,,1.96,83249,2026-04-08T03:50:21.48252+00:00
170342,LEARNAFRCA,2022-03-31,1.96,,,1.96,39099,2026-04-08T03:50:25.686443+00:00
170454,LEARNAFRCA,2022-04-01,1.88,,,1.88,347454,2026-04-08T03:50:28.209626+00:00
170566,LEARNAFRCA,2022-04-04,1.86,,,1.86,1003433,2026-04-08T03:50:32.692631+00:00
170678,LEARNAFRCA,2022-04-05,1.69,,,1.69,506770,2026-04-08T03:50:35.152392+00:00
170790,LEARNAFRCA,2022-04-06,1.69,,,1.69,22257,2026-04-08T03:50:37.478667+00:00
170902,LEARNAFRCA,2022-04-07,1.69,,,1.69,1590,2026-04-08T03:50:39.880974+00:00
171014,LEARNAFRCA,2022-04-08,1.73,,,1.73,211926,2026-04-08T03:50:42.48638+00:00
171126,LEARNAFRCA,2022-04-11,1.89,,,1.89,513235,2026-04-08T03:50:47.197044+00:00
171238,LEARNAFRCA,2022-04-12,2.07,,,2.07,530463,2026-04-08T03:50:49.473284+00:00
171350,LEARNAFRCA,2022-04-13,2.1,,,2.1,400920,2026-04-08T03:50:51.878986+00:00
171462,LEARNAFRCA,2022-04-14,2.08,,,2.08,266195,2026-04-08T03:50:54.439705+00:00
171574,LEARNAFRCA,2022-04-19,1.95,,,1.95,4607095,2026-04-08T03:51:01.439974+00:00
171686,LEARNAFRCA,2022-04-20,1.95,,,1.95,13570,2026-04-08T03:51:03.698116+00:00
171798,LEARNAFRCA,2022-04-21,1.95,,,1.95,40000,2026-04-08T03:51:06.083072+00:00
171910,LEARNAFRCA,2022-04-22,1.95,,,1.95,20403,2026-04-08T03:51:08.393199+00:00
172022,LEARNAFRCA,2022-04-25,1.95,,,1.95,578953,2026-04-08T03:51:12.880327+00:00
172134,LEARNAFRCA,2022-04-26,1.95,,,1.95,14200,2026-04-08T03:51:15.284155+00:00
172246,LEARNAFRCA,2022-04-27,1.95,,,1.95,150,2026-04-08T03:51:17.680395+00:00
172358,LEARNAFRCA,2022-04-28,1.95,,,1.95,11500,2026-04-08T03:51:20.413235+00:00
172470,LEARNAFRCA,2022-04-29,1.95,,,1.95,59057,2026-04-08T03:51:22.882631+00:00
172582,LEARNAFRCA,2022-05-04,1.95,,,1.95,17831,2026-04-08T03:51:29.674847+00:00
172694,LEARNAFRCA,2022-05-05,2.14,,,2.14,201000,2026-04-08T03:51:32.050072+00:00
172807,LEARNAFRCA,2022-05-09,2.4,,,2.4,1259465,2026-04-08T03:51:37.853933+00:00
172920,LEARNAFRCA,2022-05-10,2.4,,,2.4,129803,2026-04-08T03:51:40.332012+00:00
173033,LEARNAFRCA,2022-05-11,2.5,,,2.5,1146495,2026-04-08T03:51:42.74313+00:00
173146,LEARNAFRCA,2022-05-12,2.5,,,2.5,420838,2026-04-08T03:51:45.11326+00:00
173259,LEARNAFRCA,2022-05-13,2.5,,,2.5,138333,2026-04-08T03:51:47.585464+00:00
173372,LEARNAFRCA,2022-05-16,2.5,,,2.5,49273,2026-04-08T03:51:52.042574+00:00
173485,LEARNAFRCA,2022-05-17,2.5,,,2.5,30950,2026-04-08T03:51:54.492158+00:00
173598,LEARNAFRCA,2022-05-18,2.5,,,2.5,130946,2026-04-08T03:51:57.297116+00:00
173711,LEARNAFRCA,2022-05-19,2.5,,,2.5,72998,2026-04-08T03:51:59.624655+00:00
173824,LEARNAFRCA,2022-05-20,2.25,,,2.25,217403,2026-04-08T03:52:02.40298+00:00
173937,LEARNAFRCA,2022-05-23,2.25,,,2.25,10945,2026-04-08T03:52:07.648814+00:00
174050,LEARNAFRCA,2022-05-24,2.25,,,2.25,42943,2026-04-08T03:52:10.277037+00:00
174163,LEARNAFRCA,2022-05-25,2.25,,,2.25,19470,2026-04-08T03:52:13.066486+00:00
174276,LEARNAFRCA,2022-05-26,2.05,,,2.05,365390,2026-04-08T03:52:15.508934+00:00
174389,LEARNAFRCA,2022-05-27,2.05,,,2.05,6681,2026-04-08T03:52:18.156913+00:00
174502,LEARNAFRCA,2022-05-30,2.05,,,2.05,56778,2026-04-08T03:52:22.656757+00:00
174615,LEARNAFRCA,2022-05-31,2.05,,,2.05,1422173,2026-04-08T03:52:25.114026+00:00
174728,LEARNAFRCA,2022-06-01,2.05,,,2.05,16394,2026-04-08T03:52:27.834682+00:00
174841,LEARNAFRCA,2022-06-02,2.05,,,2.05,107625,2026-04-08T03:52:30.493727+00:00
174954,LEARNAFRCA,2022-06-03,2.18,,,2.18,362645,2026-04-08T03:52:33.10221+00:00
175067,LEARNAFRCA,2022-06-06,2.37,,,2.37,252358,2026-04-08T03:52:37.969718+00:00
175180,LEARNAFRCA,2022-06-07,2.37,,,2.37,81852,2026-04-08T03:52:40.734023+00:00
175293,LEARNAFRCA,2022-06-08,2.25,,,2.25,936735,2026-04-08T03:52:43.634804+00:00
175406,LEARNAFRCA,2022-06-09,2.25,,,2.25,28274,2026-04-08T03:52:46.431396+00:00
175519,LEARNAFRCA,2022-06-10,2.16,,,2.16,267733,2026-04-08T03:52:48.916453+00:00
175632,LEARNAFRCA,2022-06-14,2.37,,,2.37,253586,2026-04-08T03:52:55.08065+00:00
175745,LEARNAFRCA,2022-06-15,2.5,,,2.5,1005337,2026-04-08T03:52:57.782204+00:00
175858,LEARNAFRCA,2022-06-16,2.5,,,2.5,463238,2026-04-08T03:53:00.45527+00:00
175971,LEARNAFRCA,2022-06-17,2.5,,,2.5,88327,2026-04-08T03:53:03.647185+00:00
176084,LEARNAFRCA,2022-06-20,2.5,,,2.5,101118,2026-04-08T03:53:09.449588+00:00
176197,LEARNAFRCA,2022-06-21,2.25,,,2.25,255066,2026-04-08T03:53:11.833027+00:00
176310,LEARNAFRCA,2022-06-22,2.25,,,2.25,99065,2026-04-08T03:53:14.63862+00:00
176423,LEARNAFRCA,2022-06-23,2.25,,,2.25,4832,2026-04-08T03:53:17.250825+00:00
176536,LEARNAFRCA,2022-06-24,2.25,,,2.25,284381,2026-04-08T03:53:19.718295+00:00
176649,LEARNAFRCA,2022-06-27,2.25,,,2.25,85388,2026-04-08T03:53:24.073012+00:00
176762,LEARNAFRCA,2022-06-28,2.25,,,2.25,121218,2026-04-08T03:53:26.399159+00:00
176875,LEARNAFRCA,2022-06-29,2.25,,,2.25,32959,2026-04-08T03:53:28.994117+00:00
176988,LEARNAFRCA,2022-06-30,2.25,,,2.25,401775,2026-04-08T03:53:31.346855+00:00
177101,LEARNAFRCA,2022-07-01,2.25,,,2.25,209140,2026-04-08T03:53:33.724657+00:00
177214,LEARNAFRCA,2022-07-04,2.47,,,2.47,121850,2026-04-08T03:53:38.198731+00:00
177327,LEARNAFRCA,2022-07-06,2.5,,,2.5,102397,2026-04-08T03:53:41.625349+00:00
177440,LEARNAFRCA,2022-07-07,2.5,,,2.5,149774,2026-04-08T03:53:44.268487+00:00
177553,LEARNAFRCA,2022-07-13,2.5,,,2.5,56122,2026-04-08T03:53:51.5999+00:00
177666,LEARNAFRCA,2022-07-14,2.5,,,2.5,72501,2026-04-08T03:53:54.010732+00:00
177779,LEARNAFRCA,2022-07-15,2.5,,,2.5,58304,2026-04-08T03:53:56.616585+00:00
177892,LEARNAFRCA,2022-07-18,2.5,,,2.5,114162,2026-04-08T03:54:01.214275+00:00
178005,LEARNAFRCA,2022-07-19,2.5,,,2.5,46713,2026-04-08T03:54:03.665978+00:00
178118,LEARNAFRCA,2022-07-20,2.5,,,2.5,216150,2026-04-08T03:54:06.203384+00:00
178231,LEARNAFRCA,2022-07-21,2.6,,,2.6,393371,2026-04-08T03:54:08.685258+00:00
178344,LEARNAFRCA,2022-07-22,2.6,,,2.6,107725,2026-04-08T03:54:11.171489+00:00
178457,LEARNAFRCA,2022-07-25,2.6,,,2.6,45613,2026-04-08T03:54:15.900169+00:00
178570,LEARNAFRCA,2022-07-26,2.6,,,2.6,61176,2026-04-08T03:54:18.382379+00:00
178683,LEARNAFRCA,2022-07-27,2.6,,,2.6,109970,2026-04-08T03:54:20.730044+00:00
178796,LEARNAFRCA,2022-07-28,2.6,,,2.6,3375,2026-04-08T03:54:23.385493+00:00
178909,LEARNAFRCA,2022-07-29,2.6,,,2.6,27762,2026-04-08T03:54:25.692024+00:00
179022,LEARNAFRCA,2022-08-01,2.6,,,2.6,102053,2026-04-08T03:54:30.144665+00:00
179135,LEARNAFRCA,2022-08-02,2.6,,,2.6,51597,2026-04-08T03:54:32.509592+00:00
179248,LEARNAFRCA,2022-08-03,2.34,,,2.34,179654,2026-04-08T03:54:34.924873+00:00
179361,LEARNAFRCA,2022-08-04,2.34,,,2.34,105024,2026-04-08T03:54:37.32089+00:00
179474,LEARNAFRCA,2022-08-05,2.2,,,2.2,341385,2026-04-08T03:54:40.805957+00:00
179587,LEARNAFRCA,2022-08-08,2.2,,,2.2,96528,2026-04-08T03:54:45.81173+00:00
179700,LEARNAFRCA,2022-08-09,2.2,,,2.2,272945,2026-04-08T03:54:48.637408+00:00
179813,LEARNAFRCA,2022-08-10,2.2,,,2.2,119925,2026-04-08T03:54:51.561754+00:00
179926,LEARNAFRCA,2022-08-11,2.2,,,2.2,160611,2026-04-08T03:54:54.196076+00:00
180039,LEARNAFRCA,2022-08-12,2.2,,,2.2,52947,2026-04-08T03:54:57.115593+00:00
180152,LEARNAFRCA,2022-08-15,2.2,,,2.2,15376,2026-04-08T03:55:01.874457+00:00
180265,LEARNAFRCA,2022-08-16,2.25,,,2.25,280828,2026-04-08T03:55:04.540652+00:00
180378,LEARNAFRCA,2022-08-17,2.25,,,2.25,480817,2026-04-08T03:55:07.214991+00:00
180491,LEARNAFRCA,2022-08-18,2.25,,,2.25,330322,2026-04-08T03:55:09.916723+00:00
180604,LEARNAFRCA,2022-08-19,2.25,,,2.25,28096,2026-04-08T03:55:12.400686+00:00
180717,LEARNAFRCA,2022-08-22,2.25,,,2.25,171434,2026-04-08T03:55:17.568382+00:00
180830,LEARNAFRCA,2022-08-23,2.25,,,2.25,472961,2026-04-08T03:55:19.990422+00:00
180943,LEARNAFRCA,2022-08-24,2.25,,,2.25,132679,2026-04-08T03:55:23.644905+00:00
181056,LEARNAFRCA,2022-08-25,2.47,,,2.47,389891,2026-04-08T03:55:26.062264+00:00
181169,LEARNAFRCA,2022-08-26,2.47,,,2.47,76348,2026-04-08T03:55:28.378019+00:00
181282,LEARNAFRCA,2022-08-29,2.47,,,2.47,143425,2026-04-08T03:55:33.185942+00:00
181395,LEARNAFRCA,2022-08-30,2.47,,,2.47,57690,2026-04-08T03:55:35.909469+00:00
181508,LEARNAFRCA,2022-08-31,2.47,,,2.47,35349,2026-04-08T03:55:38.363566+00:00
181621,LEARNAFRCA,2022-09-01,2.47,,,2.47,180775,2026-04-08T03:55:40.868139+00:00
181734,LEARNAFRCA,2022-09-02,2.47,,,2.47,11680,2026-04-08T03:55:43.232165+00:00
181847,LEARNAFRCA,2022-09-05,2.47,,,2.47,113111,2026-04-08T03:55:48.110555+00:00
181960,LEARNAFRCA,2022-09-06,2.47,,,2.47,129504,2026-04-08T03:55:50.526892+00:00
182073,LEARNAFRCA,2022-09-07,2.47,,,2.47,21441,2026-04-08T03:55:53.051287+00:00
182186,LEARNAFRCA,2022-09-08,2.47,,,2.47,191073,2026-04-08T03:55:55.74031+00:00
182299,LEARNAFRCA,2022-09-09,2.25,,,2.25,189423,2026-04-08T03:55:58.848563+00:00
182412,LEARNAFRCA,2022-09-12,2.05,,,2.05,75842,2026-04-08T03:56:03.370953+00:00
182525,LEARNAFRCA,2022-09-13,2.06,,,2.06,206176,2026-04-08T03:56:05.83654+00:00
182638,LEARNAFRCA,2022-09-14,2.06,,,2.06,167654,2026-04-08T03:56:08.091672+00:00
182751,LEARNAFRCA,2022-09-16,2.06,,,2.06,39136,2026-04-08T03:56:11.4683+00:00
182864,LEARNAFRCA,2022-09-19,2.06,,,2.06,439818,2026-04-08T03:56:15.923342+00:00
182977,LEARNAFRCA,2022-09-20,1.86,,,1.86,666595,2026-04-08T03:56:18.184056+00:00
183090,LEARNAFRCA,2022-09-21,1.86,,,1.86,208340,2026-04-08T03:56:20.42724+00:00
183203,LEARNAFRCA,2022-09-22,1.86,,,1.86,60,2026-04-08T03:56:22.767495+00:00
183316,LEARNAFRCA,2022-09-23,1.86,,,1.86,47220,2026-04-08T03:56:25.066978+00:00
183429,LEARNAFRCA,2022-09-26,1.86,,,1.86,11972,2026-04-08T03:56:29.379703+00:00
183542,LEARNAFRCA,2022-09-28,1.86,,,1.86,151500,2026-04-08T03:56:32.717753+00:00
183655,LEARNAFRCA,2022-09-29,1.86,,,1.86,5470,2026-04-08T03:56:35.489047+00:00
183768,LEARNAFRCA,2022-09-30,1.86,,,1.86,3000,2026-04-08T03:56:37.947618+00:00
183881,LEARNAFRCA,2022-10-05,1.86,,,1.86,543588,2026-04-08T03:56:44.538147+00:00
183995,LEARNAFRCA,2022-10-06,1.86,,,1.86,60278,2026-04-08T03:56:46.932693+00:00
184109,LEARNAFRCA,2022-10-07,1.86,,,1.86,97400,2026-04-08T03:56:49.334037+00:00
184223,LEARNAFRCA,2022-10-11,1.86,,,1.86,3568,2026-04-08T03:56:55.029281+00:00
184337,LEARNAFRCA,2022-10-12,1.86,,,1.86,1682,2026-04-08T03:56:58.300033+00:00
184451,LEARNAFRCA,2022-10-13,1.86,,,1.86,21648,2026-04-08T03:57:00.825788+00:00
184565,LEARNAFRCA,2022-10-14,1.86,,,1.86,16545,2026-04-08T03:57:03.298348+00:00
184679,LEARNAFRCA,2022-10-17,1.86,,,1.86,1050,2026-04-08T03:57:07.885609+00:00
184793,LEARNAFRCA,2022-10-18,1.86,,,1.86,1400,2026-04-08T03:57:10.303346+00:00
184907,LEARNAFRCA,2022-10-19,1.86,,,1.86,59870,2026-04-08T03:57:12.819589+00:00
185021,LEARNAFRCA,2022-10-20,1.86,,,1.86,74902,2026-04-08T03:57:15.111185+00:00
185135,LEARNAFRCA,2022-10-21,1.86,,,1.86,89290,2026-04-08T03:57:17.499968+00:00
185249,LEARNAFRCA,2022-10-24,1.86,,,1.86,58336,2026-04-08T03:57:21.686266+00:00
185363,LEARNAFRCA,2022-10-26,1.86,,,1.86,129160,2026-04-08T03:57:24.913682+00:00
185477,LEARNAFRCA,2022-10-27,1.86,,,1.86,24492,2026-04-08T03:57:27.260544+00:00
185591,LEARNAFRCA,2022-10-28,1.68,,,1.68,467409,2026-04-08T03:57:29.835926+00:00
185705,LEARNAFRCA,2022-10-31,1.68,,,1.68,38101,2026-04-08T03:57:34.21591+00:00
185819,LEARNAFRCA,2022-11-01,1.68,,,1.68,39140,2026-04-08T03:57:36.609373+00:00
185933,LEARNAFRCA,2022-11-02,1.68,,,1.68,67714,2026-04-08T03:57:39.066556+00:00
186047,LEARNAFRCA,2022-11-03,1.68,,,1.68,31292,2026-04-08T03:57:41.442199+00:00
186161,LEARNAFRCA,2022-11-04,1.68,,,1.68,3641,2026-04-08T03:57:43.70904+00:00
186275,LEARNAFRCA,2022-11-08,1.52,,,1.52,45566,2026-04-08T03:57:49.123122+00:00
186389,LEARNAFRCA,2022-11-09,1.52,,,1.52,27197,2026-04-08T03:57:51.464602+00:00
186503,LEARNAFRCA,2022-11-10,1.5,,,1.5,1479899,2026-04-08T03:57:54.291842+00:00
186617,LEARNAFRCA,2022-11-11,1.5,,,1.5,4429,2026-04-08T03:57:56.704911+00:00
186731,LEARNAFRCA,2022-11-14,1.5,,,1.5,146129,2026-04-08T03:58:01.331373+00:00
186845,LEARNAFRCA,2022-11-15,1.65,,,1.65,441222,2026-04-08T03:58:03.6444+00:00
186959,LEARNAFRCA,2022-11-16,1.65,,,1.65,96114,2026-04-08T03:58:06.118311+00:00
187073,LEARNAFRCA,2022-11-17,1.65,,,1.65,84950,2026-04-08T03:58:08.47049+00:00
187187,LEARNAFRCA,2022-11-18,1.65,,,1.65,651931,2026-04-08T03:58:10.955275+00:00
187301,LEARNAFRCA,2022-11-21,1.65,,,1.65,8663,2026-04-08T03:58:15.672507+00:00
187415,LEARNAFRCA,2022-11-22,1.65,,,1.65,1257,2026-04-08T03:58:18.170118+00:00
187529,LEARNAFRCA,2022-11-24,1.65,,,1.65,64699,2026-04-08T03:58:21.692503+00:00
187643,LEARNAFRCA,2022-11-25,1.65,,,1.65,28945,2026-04-08T03:58:24.033539+00:00
187757,LEARNAFRCA,2022-11-28,1.65,,,1.65,23005,2026-04-08T03:58:28.532723+00:00
187871,LEARNAFRCA,2022-11-29,1.65,,,1.65,250,2026-04-08T03:58:30.983113+00:00
187985,LEARNAFRCA,2022-11-30,1.65,,,1.65,106900,2026-04-08T03:58:33.448849+00:00
188099,LEARNAFRCA,2022-12-01,1.65,,,1.65,120574,2026-04-08T03:58:35.664261+00:00
188213,LEARNAFRCA,2022-12-02,1.65,,,1.65,10941,2026-04-08T03:58:37.897027+00:00
188327,LEARNAFRCA,2022-12-05,1.65,,,1.65,10344,2026-04-08T03:58:42.456795+00:00
188441,LEARNAFRCA,2022-12-06,1.65,,,1.65,32511,2026-04-08T03:58:44.756119+00:00
188555,LEARNAFRCA,2022-12-07,1.65,,,1.65,100900,2026-04-08T03:58:47.196669+00:00
188669,LEARNAFRCA,2022-12-08,1.65,,,1.65,100,2026-04-08T03:58:49.52806+00:00
188783,LEARNAFRCA,2022-12-09,1.65,,,1.65,92500,2026-04-08T03:58:51.902427+00:00
188897,LEARNAFRCA,2022-12-12,1.81,,,1.81,104328,2026-04-08T03:58:56.156124+00:00
189011,LEARNAFRCA,2022-12-13,1.81,,,1.81,4649,2026-04-08T03:58:58.485404+00:00
189125,LEARNAFRCA,2022-12-14,1.97,,,1.97,100760,2026-04-08T03:59:00.851945+00:00
189239,LEARNAFRCA,2022-12-15,2.13,,,2.13,447020,2026-04-08T03:59:03.086647+00:00
189353,LEARNAFRCA,2022-12-16,2.12,,,2.12,183750,2026-04-08T03:59:05.5442+00:00
189467,LEARNAFRCA,2022-12-19,2.12,,,2.12,241235,2026-04-08T03:59:09.806719+00:00
189581,LEARNAFRCA,2022-12-20,2.12,,,2.12,30180,2026-04-08T03:59:12.630732+00:00
189695,LEARNAFRCA,2022-12-21,2.2,,,2.2,249805,2026-04-08T03:59:14.990319+00:00
189809,LEARNAFRCA,2022-12-22,2.2,,,2.2,3045,2026-04-08T03:59:17.229229+00:00
189923,LEARNAFRCA,2022-12-23,2.2,,,2.2,2735,2026-04-08T03:59:19.674012+00:00
190037,LEARNAFRCA,2022-12-28,2.2,,,2.2,30062,2026-04-08T03:59:26.406492+00:00
190151,LEARNAFRCA,2022-12-30,2.2,,,2.2,6345,2026-04-08T03:59:29.796579+00:00
190265,LEARNAFRCA,2023-01-04,2.2,,,2.2,158000,2026-04-08T03:59:36.276207+00:00
190379,LEARNAFRCA,2023-01-05,2.2,,,2.2,205971,2026-04-08T03:59:38.771807+00:00
190493,LEARNAFRCA,2023-01-06,2.2,,,2.2,4800,2026-04-08T03:59:41.229635+00:00
190607,LEARNAFRCA,2023-01-09,2.2,,,2.2,22317,2026-04-08T03:59:45.608271+00:00
190721,LEARNAFRCA,2023-01-10,2.2,,,2.2,2700,2026-04-08T03:59:47.862187+00:00
190835,LEARNAFRCA,2023-01-11,2.2,,,2.2,2250,2026-04-08T03:59:50.211712+00:00
190949,LEARNAFRCA,2023-01-12,2.2,,,2.2,11858,2026-04-08T03:59:52.676239+00:00
191063,LEARNAFRCA,2023-01-13,2.2,,,2.2,1409,2026-04-08T03:59:55.073566+00:00
191177,LEARNAFRCA,2023-01-17,2.2,,,2.2,23301,2026-04-08T04:00:00.52991+00:00
191291,LEARNAFRCA,2023-01-18,2.2,,,2.2,96199,2026-04-08T04:00:02.930508+00:00
191405,LEARNAFRCA,2023-01-19,2.2,,,2.2,16410,2026-04-08T04:00:05.157464+00:00
191519,LEARNAFRCA,2023-01-20,2.2,,,2.2,16318,2026-04-08T04:00:07.441529+00:00
191633,LEARNAFRCA,2023-01-23,2.2,,,2.2,6140,2026-04-08T04:00:11.934625+00:00
191747,LEARNAFRCA,2023-01-24,2.2,,,2.2,17929,2026-04-08T04:00:14.448563+00:00
191861,LEARNAFRCA,2023-01-25,2.2,,,2.2,10921,2026-04-08T04:00:16.660222+00:00
191975,LEARNAFRCA,2023-01-26,2.2,,,2.2,410822,2026-04-08T04:00:19.02129+00:00
192089,LEARNAFRCA,2023-01-27,2.2,,,2.2,91092,2026-04-08T04:00:21.366865+00:00
192203,LEARNAFRCA,2023-01-30,2.2,,,2.2,32168,2026-04-08T04:00:26.318741+00:00
192317,LEARNAFRCA,2023-01-31,2.2,,,2.2,24074,2026-04-08T04:00:28.560212+00:00
192431,LEARNAFRCA,2023-02-06,2.2,,,2.2,45956,2026-04-08T04:00:36.14931+00:00
192545,LEARNAFRCA,2023-02-07,2.2,,,2.2,7881,2026-04-08T04:00:38.379875+00:00
192659,LEARNAFRCA,2023-02-08,2.2,,,2.2,70740,2026-04-08T04:00:40.736361+00:00
192773,LEARNAFRCA,2023-02-09,2.2,,,2.2,116422,2026-04-08T04:00:43.03687+00:00
192887,LEARNAFRCA,2023-02-10,2.2,,,2.2,44913,2026-04-08T04:00:46.517744+00:00
193001,LEARNAFRCA,2023-02-13,2.2,,,2.2,56331,2026-04-08T04:00:50.958429+00:00
193115,LEARNAFRCA,2023-02-14,2.2,,,2.2,225000,2026-04-08T04:00:53.400398+00:00
193229,LEARNAFRCA,2023-02-15,2.2,,,2.2,0,2026-04-08T04:00:55.645789+00:00
193343,LEARNAFRCA,2023-02-16,2.2,,,2.2,1000,2026-04-08T04:00:58.043326+00:00
193457,LEARNAFRCA,2023-02-17,2.2,,,2.2,173496,2026-04-08T04:01:00.355798+00:00
193571,LEARNAFRCA,2023-02-20,2.2,,,2.2,13530,2026-04-08T04:01:04.633293+00:00
193685,LEARNAFRCA,2023-02-21,2.2,,,2.2,1213,2026-04-08T04:01:06.910783+00:00
193799,LEARNAFRCA,2023-02-22,2.2,,,2.2,753,2026-04-08T04:01:09.421576+00:00
193913,LEARNAFRCA,2023-02-23,2.2,,,2.2,16766,2026-04-08T04:01:11.765387+00:00
194027,LEARNAFRCA,2023-02-24,2.2,,,2.2,2679,2026-04-08T04:01:14.12415+00:00
194141,LEARNAFRCA,2023-02-27,2.2,,,2.2,0,2026-04-08T04:01:18.463572+00:00
194255,LEARNAFRCA,2023-02-28,2.2,,,2.2,199718,2026-04-08T04:01:20.671303+00:00
194369,LEARNAFRCA,2023-03-01,2.2,,,2.2,858,2026-04-08T04:01:23.068989+00:00
194483,LEARNAFRCA,2023-03-02,2.2,,,2.2,0,2026-04-08T04:01:25.352172+00:00
194597,LEARNAFRCA,2023-03-03,2.2,,,2.2,0,2026-04-08T04:01:27.716711+00:00
194711,LEARNAFRCA,2023-03-06,2.2,,,2.2,474,2026-04-08T04:01:32.392486+00:00
194825,LEARNAFRCA,2023-03-07,2.2,,,2.2,42942,2026-04-08T04:01:34.845095+00:00
194939,LEARNAFRCA,2023-03-08,2.2,,,2.2,211001,2026-04-08T04:01:37.261757+00:00
195053,LEARNAFRCA,2023-03-09,2.2,,,2.2,210500,2026-04-08T04:01:39.987396+00:00
195167,LEARNAFRCA,2023-03-13,2.2,,,2.2,20989,2026-04-08T04:01:45.627511+00:00
195281,LEARNAFRCA,2023-03-14,2.2,,,2.2,25500,2026-04-08T04:01:48.257383+00:00
195395,LEARNAFRCA,2023-03-15,2.2,,,2.2,2300,2026-04-08T04:01:50.627346+00:00
195509,LEARNAFRCA,2023-03-16,2.2,,,2.2,275,2026-04-08T04:01:53.062383+00:00
195623,LEARNAFRCA,2023-03-17,2.2,,,2.2,0,2026-04-08T04:01:55.701252+00:00
195737,LEARNAFRCA,2023-03-20,2.2,,,2.2,23,2026-04-08T04:01:59.933448+00:00
195851,LEARNAFRCA,2023-03-22,2.2,,,2.2,709,2026-04-08T04:02:03.467012+00:00
195965,LEARNAFRCA,2023-03-23,2.2,,,2.2,2330,2026-04-08T04:02:05.929911+00:00
196079,LEARNAFRCA,2023-03-24,2.2,,,2.2,371,2026-04-08T04:02:08.248632+00:00
196193,LEARNAFRCA,2023-03-27,2.2,,,2.2,46114,2026-04-08T04:02:12.564733+00:00
196307,LEARNAFRCA,2023-03-28,2.2,,,2.2,0,2026-04-08T04:02:14.764209+00:00
196421,LEARNAFRCA,2023-03-29,2.2,,,2.2,20765,2026-04-08T04:02:17.140393+00:00
196535,LEARNAFRCA,2023-03-30,2.2,,,2.2,67497,2026-04-08T04:02:19.470716+00:00
196649,LEARNAFRCA,2023-03-31,2.2,,,2.2,0,2026-04-08T04:02:21.739047+00:00
196763,LEARNAFRCA,2023-04-03,2.2,,,2.2,4542,2026-04-08T04:02:26.060346+00:00
196877,LEARNAFRCA,2023-04-04,2.2,,,2.2,71267,2026-04-08T04:02:28.444728+00:00
196991,LEARNAFRCA,2023-04-05,2.2,,,2.2,141455,2026-04-08T04:02:30.864627+00:00
197105,LEARNAFRCA,2023-04-06,2.2,,,2.2,600,2026-04-08T04:02:33.239626+00:00
197219,LEARNAFRCA,2023-04-11,2.2,,,2.2,15165,2026-04-08T04:02:39.320239+00:00
197333,LEARNAFRCA,2023-04-12,2.2,,,2.2,100715,2026-04-08T04:02:41.643197+00:00
197447,LEARNAFRCA,2023-04-13,2.2,,,2.2,418,2026-04-08T04:02:44.360634+00:00
197561,LEARNAFRCA,2023-04-14,2.2,,,2.2,122413,2026-04-08T04:02:47.093001+00:00
197675,LEARNAFRCA,2023-04-17,2.2,,,2.2,15545,2026-04-08T04:02:52.113012+00:00
197789,LEARNAFRCA,2023-04-18,2.2,,,2.2,12561,2026-04-08T04:02:54.97501+00:00
197903,LEARNAFRCA,2023-04-19,2.2,,,2.2,3,2026-04-08T04:02:57.648371+00:00
198017,LEARNAFRCA,2023-04-20,2.2,,,2.2,3139,2026-04-08T04:03:00.087899+00:00
198131,LEARNAFRCA,2023-04-25,2.2,,,2.2,128053,2026-04-08T04:03:06.320111+00:00
198245,LEARNAFRCA,2023-04-26,2.2,,,2.2,119626,2026-04-08T04:03:08.704488+00:00
198359,LEARNAFRCA,2023-04-27,2.2,,,2.2,40224,2026-04-08T04:03:11.176222+00:00
198473,LEARNAFRCA,2023-04-28,2.2,,,2.2,41740,2026-04-08T04:03:13.757457+00:00
198587,LEARNAFRCA,2023-05-03,2.2,,,2.2,29643,2026-04-08T04:03:20.258962+00:00
198701,LEARNAFRCA,2023-05-04,2.2,,,2.2,17452,2026-04-08T04:03:22.719511+00:00
198815,LEARNAFRCA,2023-05-08,2.42,,,2.42,226393,2026-04-08T04:03:29.045349+00:00
198929,LEARNAFRCA,2023-05-09,2.42,,,2.42,3916,2026-04-08T04:03:32.620003+00:00
199043,LEARNAFRCA,2023-05-12,2.42,,,2.42,44521,2026-04-08T04:03:37.286216+00:00
199157,LEARNAFRCA,2023-05-15,2.42,,,2.42,3141,2026-04-08T04:03:41.825544+00:00
199271,LEARNAFRCA,2023-05-16,2.42,,,2.42,0,2026-04-08T04:03:44.244464+00:00
199385,LEARNAFRCA,2023-05-17,2.42,,,2.42,0,2026-04-08T04:03:46.492518+00:00
199499,LEARNAFRCA,2023-05-18,2.42,,,2.42,0,2026-04-08T04:03:48.752249+00:00
199613,LEARNAFRCA,2023-05-19,2.42,,,2.42,4411,2026-04-08T04:03:51.139215+00:00
199727,LEARNAFRCA,2023-05-22,2.42,,,2.42,4007,2026-04-08T04:03:55.484935+00:00
199841,LEARNAFRCA,2023-05-23,2.42,,,2.42,6500,2026-04-08T04:03:57.886867+00:00
199955,LEARNAFRCA,2023-05-24,2.42,,,2.42,130002,2026-04-08T04:04:00.334047+00:00
200069,LEARNAFRCA,2023-05-25,2.42,,,2.42,4000,2026-04-08T04:04:02.79018+00:00
200183,LEARNAFRCA,2023-05-26,2.42,,,2.42,62,2026-04-08T04:04:05.139052+00:00
200297,LEARNAFRCA,2023-05-30,2.42,,,2.42,517,2026-04-08T04:04:11.011702+00:00
200411,LEARNAFRCA,2023-06-01,2.42,,,2.42,889,2026-04-08T04:04:14.390605+00:00
200525,LEARNAFRCA,2023-06-02,2.42,,,2.42,34400,2026-04-08T04:04:16.732653+00:00
200639,LEARNAFRCA,2023-06-05,2.42,,,2.42,110854,2026-04-08T04:04:21.343031+00:00
200753,LEARNAFRCA,2023-06-06,2.42,,,2.42,0,2026-04-08T04:04:23.98223+00:00
200867,LEARNAFRCA,2023-06-07,2.42,,,2.42,69283,2026-04-08T04:04:26.507718+00:00
200981,LEARNAFRCA,2023-06-08,2.42,,,2.42,0,2026-04-08T04:04:29.08401+00:00
201095,LEARNAFRCA,2023-06-09,2.42,,,2.42,61121,2026-04-08T04:04:31.44664+00:00
201209,LEARNAFRCA,2023-06-13,2.42,,,2.42,420,2026-04-08T04:04:36.862505+00:00
201323,LEARNAFRCA,2023-06-14,2.42,,,2.42,0,2026-04-08T04:04:39.320552+00:00
201437,LEARNAFRCA,2023-06-15,2.42,,,2.42,0,2026-04-08T04:04:41.673534+00:00
201551,LEARNAFRCA,2023-06-16,2.42,,,2.42,1750,2026-04-08T04:04:44.052846+00:00
201665,LEARNAFRCA,2023-06-19,2.42,,,2.42,41314,2026-04-08T04:04:48.541112+00:00
201779,LEARNAFRCA,2023-06-20,2.66,,,2.66,201706,2026-04-08T04:04:51.378552+00:00
201893,LEARNAFRCA,2023-06-21,2.66,,,2.66,67438,2026-04-08T04:04:53.764277+00:00
202007,LEARNAFRCA,2023-06-22,2.66,,,2.66,115439,2026-04-08T04:04:56.145117+00:00
202121,LEARNAFRCA,2023-06-26,2.92,,,2.92,289055,2026-04-08T04:05:01.671465+00:00
202235,LEARNAFRCA,2023-06-30,3.21,,,3.21,4896776,2026-04-08T04:05:07.377697+00:00
202349,LEARNAFRCA,2023-07-03,3.21,,,3.21,49700,2026-04-08T04:05:11.758079+00:00
202463,LEARNAFRCA,2023-07-04,2.91,,,2.91,1090444,2026-04-08T04:05:14.17436+00:00
202577,LEARNAFRCA,2023-07-05,3.2,,,3.2,525718,2026-04-08T04:05:16.577423+00:00
202691,LEARNAFRCA,2023-07-06,3.52,,,3.52,518570,2026-04-08T04:05:19.075393+00:00
202805,LEARNAFRCA,2023-07-07,3.85,,,3.85,245062,2026-04-08T04:05:21.415756+00:00
202919,LEARNAFRCA,2023-07-10,4.0,,,4.0,801205,2026-04-08T04:05:26.355595+00:00
203033,LEARNAFRCA,2023-07-11,4.23,,,4.23,316610,2026-04-08T04:05:28.903538+00:00
203147,LEARNAFRCA,2023-07-12,4.23,,,4.23,717548,2026-04-08T04:05:31.299012+00:00
203261,LEARNAFRCA,2023-07-14,3.8,,,3.8,619804,2026-04-08T04:05:34.698751+00:00
203375,LEARNAFRCA,2023-07-17,3.85,,,3.85,549630,2026-04-08T04:05:39.139368+00:00
203489,LEARNAFRCA,2023-07-19,3.85,,,3.85,33881,2026-04-08T04:05:42.577032+00:00
203603,LEARNAFRCA,2023-07-20,3.9,,,3.9,1063107,2026-04-08T04:05:45.122849+00:00
203717,LEARNAFRCA,2023-07-21,3.9,,,3.9,106380,2026-04-08T04:05:47.594805+00:00
203831,LEARNAFRCA,2023-07-24,4.1,,,4.1,1078654,2026-04-08T04:05:52.167161+00:00
203945,LEARNAFRCA,2023-07-25,3.69,,,3.69,695224,2026-04-08T04:05:54.602351+00:00
204059,LEARNAFRCA,2023-07-26,4.05,,,4.05,392026,2026-04-08T04:05:57.515236+00:00
204173,LEARNAFRCA,2023-07-27,4.05,,,4.05,127691,2026-04-08T04:05:59.880161+00:00
204287,LEARNAFRCA,2023-07-28,4.05,,,4.05,56855,2026-04-08T04:06:02.220136+00:00
204401,LEARNAFRCA,2023-07-31,4.05,,,4.05,151391,2026-04-08T04:06:06.790851+00:00
204515,LEARNAFRCA,2023-08-02,4.05,,,4.05,24695,2026-04-08T04:06:10.326378+00:00
204629,LEARNAFRCA,2023-08-03,4.05,,,4.05,381586,2026-04-08T04:06:12.834218+00:00
204743,LEARNAFRCA,2023-08-04,4.05,,,4.05,201064,2026-04-08T04:06:15.200886+00:00
204857,LEARNAFRCA,2023-08-07,4.05,,,4.05,245097,2026-04-08T04:06:19.871718+00:00
204971,LEARNAFRCA,2023-08-08,4.05,,,4.05,61546,2026-04-08T04:06:22.245918+00:00
205085,LEARNAFRCA,2023-08-09,4.05,,,4.05,12494,2026-04-08T04:06:24.635943+00:00
205199,LEARNAFRCA,2023-08-10,4.05,,,4.05,96568,2026-04-08T04:06:27.035398+00:00
205313,LEARNAFRCA,2023-08-11,4.05,,,4.05,21720,2026-04-08T04:06:29.455701+00:00
205427,LEARNAFRCA,2023-08-14,4.05,,,4.05,40200,2026-04-08T04:06:33.923569+00:00
205541,LEARNAFRCA,2023-08-15,4.05,,,4.05,65100,2026-04-08T04:06:36.358161+00:00
205655,LEARNAFRCA,2023-08-16,4.05,,,4.05,20725,2026-04-08T04:06:38.679915+00:00
205769,LEARNAFRCA,2023-08-17,4.05,,,4.05,110241,2026-04-08T04:06:40.998805+00:00
205883,LEARNAFRCA,2023-08-18,4.05,,,4.05,13817,2026-04-08T04:06:43.468275+00:00
205997,LEARNAFRCA,2023-08-21,4.05,,,4.05,141862,2026-04-08T04:06:47.688711+00:00
206111,LEARNAFRCA,2023-08-24,3.65,,,3.65,2538421,2026-04-08T04:06:51.989424+00:00
206225,LEARNAFRCA,2023-08-25,3.65,,,3.65,68132,2026-04-08T04:06:54.38475+00:00
206339,LEARNAFRCA,2023-08-28,3.65,,,3.65,138359,2026-04-08T04:06:59.310949+00:00
206453,LEARNAFRCA,2023-08-29,3.65,,,3.65,147467,2026-04-08T04:07:01.613742+00:00
206567,LEARNAFRCA,2023-08-30,3.65,,,3.65,222406,2026-04-08T04:07:03.820209+00:00
206681,LEARNAFRCA,2023-09-01,3.65,,,3.65,114965,2026-04-08T04:07:07.195585+00:00
206795,LEARNAFRCA,2023-09-04,3.6,,,3.6,401659,2026-04-08T04:07:11.730996+00:00
206909,LEARNAFRCA,2023-09-05,3.9,,,3.9,181442,2026-04-08T04:07:14.175893+00:00
207023,LEARNAFRCA,2023-09-06,3.9,,,3.9,37349,2026-04-08T04:07:16.66229+00:00
207137,LEARNAFRCA,2023-09-07,3.9,,,3.9,139801,2026-04-08T04:07:19.134101+00:00
207251,LEARNAFRCA,2023-09-08,3.9,,,3.9,113341,2026-04-08T04:07:21.445908+00:00
207365,LEARNAFRCA,2023-09-11,3.29,,,3.29,553160,2026-04-08T04:07:26.133096+00:00
207479,LEARNAFRCA,2023-09-12,3.29,,,3.29,609167,2026-04-08T04:07:28.57479+00:00
207593,LEARNAFRCA,2023-09-13,3.01,,,3.01,526850,2026-04-08T04:07:30.890589+00:00
207707,LEARNAFRCA,2023-09-14,3.31,,,3.31,283242,2026-04-08T04:07:33.324455+00:00
207821,LEARNAFRCA,2023-09-15,3.31,,,3.31,130245,2026-04-08T04:07:35.74244+00:00
207935,LEARNAFRCA,2023-09-18,3.31,,,3.31,62130,2026-04-08T04:07:40.292184+00:00
208049,LEARNAFRCA,2023-09-19,3.31,,,3.31,17225,2026-04-08T04:07:42.606346+00:00
208163,LEARNAFRCA,2023-09-20,3.31,,,3.31,30200,2026-04-08T04:07:45.004042+00:00
208277,LEARNAFRCA,2023-09-21,3.31,,,3.31,40600,2026-04-08T04:07:47.370085+00:00
208391,LEARNAFRCA,2023-09-22,3.31,,,3.31,28870,2026-04-08T04:07:49.898567+00:00
208505,LEARNAFRCA,2023-09-25,3.2,,,3.2,482942,2026-04-08T04:07:54.305125+00:00
208619,LEARNAFRCA,2023-09-28,3.3,,,3.3,162537,2026-04-08T04:07:58.898315+00:00
208733,LEARNAFRCA,2023-09-29,3.3,,,3.3,322367,2026-04-08T04:08:01.279649+00:00
208847,LEARNAFRCA,2023-10-03,3.3,,,3.3,108921,2026-04-08T04:08:06.721549+00:00
208961,LEARNAFRCA,2023-10-04,3.2,,,3.2,325230,2026-04-08T04:08:09.042741+00:00
209075,LEARNAFRCA,2023-10-05,3.2,,,3.2,111367,2026-04-08T04:08:11.600182+00:00
209190,LEARNAFRCA,2023-10-06,3.2,,,3.2,83724,2026-04-08T04:08:14.22861+00:00
209305,LEARNAFRCA,2023-10-09,3.2,,,3.2,8820,2026-04-08T04:08:18.740555+00:00
209420,LEARNAFRCA,2023-10-10,3.05,,,3.05,301123,2026-04-08T04:08:21.390436+00:00
209534,LEARNAFRCA,2023-10-12,3.1,,,3.1,66807,2026-04-08T04:08:24.861957+00:00
209649,LEARNAFRCA,2023-10-13,3.1,,,3.1,67166,2026-04-08T04:08:27.376596+00:00
209764,LEARNAFRCA,2023-10-16,3.1,,,3.1,1030,2026-04-08T04:08:32.388707+00:00
209879,LEARNAFRCA,2023-10-17,3.0,,,3.0,1097878,2026-04-08T04:08:34.738576+00:00
209994,LEARNAFRCA,2023-10-19,3.3,,,3.3,501098,2026-04-08T04:08:38.671249+00:00
210109,LEARNAFRCA,2023-10-20,3.3,,,3.3,3630,2026-04-08T04:08:40.967521+00:00
210224,LEARNAFRCA,2023-10-23,3.3,,,3.3,29097,2026-04-08T04:08:45.440193+00:00
210339,LEARNAFRCA,2023-10-24,3.3,,,3.3,22993,2026-04-08T04:08:47.71675+00:00
210454,LEARNAFRCA,2023-10-25,3.3,,,3.3,9262,2026-04-08T04:08:50.022319+00:00
210569,LEARNAFRCA,2023-10-26,3.3,,,3.3,2452,2026-04-08T04:08:52.472279+00:00
210684,LEARNAFRCA,2023-10-27,3.3,,,3.3,156370,2026-04-08T04:08:54.778052+00:00
210799,LEARNAFRCA,2023-10-30,3.3,,,3.3,47389,2026-04-08T04:08:59.45056+00:00
210914,LEARNAFRCA,2023-10-31,3.01,,,3.01,416802,2026-04-08T04:09:01.914254+00:00
211029,LEARNAFRCA,2023-11-01,3.01,,,3.01,14400,2026-04-08T04:09:04.386399+00:00
211144,LEARNAFRCA,2023-11-02,2.98,,,2.98,592370,2026-04-08T04:09:06.696264+00:00
211259,LEARNAFRCA,2023-11-03,2.98,,,2.98,7000,2026-04-08T04:09:09.071615+00:00
211374,LEARNAFRCA,2023-11-06,2.98,,,2.98,3699,2026-04-08T04:09:13.59419+00:00
211489,LEARNAFRCA,2023-11-07,2.98,,,2.98,38347,2026-04-08T04:09:15.923939+00:00
211605,LEARNAFRCA,2023-11-08,2.98,,,2.98,20630,2026-04-08T04:09:18.177895+00:00
211721,LEARNAFRCA,2023-11-09,2.98,,,2.98,28830,2026-04-08T04:09:20.462573+00:00
211837,LEARNAFRCA,2023-11-10,2.98,,,2.98,24250,2026-04-08T04:09:22.644841+00:00
211953,LEARNAFRCA,2023-11-13,2.98,,,2.98,99794,2026-04-08T04:09:27.404692+00:00
212069,LEARNAFRCA,2023-11-14,2.98,,,2.98,125881,2026-04-08T04:09:29.775588+00:00
212185,LEARNAFRCA,2023-11-15,2.98,,,2.98,15207,2026-04-08T04:09:32.378304+00:00
212301,LEARNAFRCA,2023-11-16,2.8,,,2.8,610604,2026-04-08T04:09:34.916677+00:00
212417,LEARNAFRCA,2023-11-17,2.8,,,2.8,2600,2026-04-08T04:09:37.378105+00:00
212533,LEARNAFRCA,2023-11-20,2.8,,,2.8,25177,2026-04-08T04:09:41.830835+00:00
212649,LEARNAFRCA,2023-11-21,3.08,,,3.08,496845,2026-04-08T04:09:44.211025+00:00
212765,LEARNAFRCA,2023-11-22,3.08,,,3.08,32763,2026-04-08T04:09:46.526636+00:00
212881,LEARNAFRCA,2023-11-23,3.1,,,3.1,497557,2026-04-08T04:09:48.793806+00:00
212998,LEARNAFRCA,2023-11-27,3.1,,,3.1,26100,2026-04-08T04:09:54.316732+00:00
213115,LEARNAFRCA,2023-11-28,3.1,,,3.1,79253,2026-04-08T04:09:57.050116+00:00
213232,LEARNAFRCA,2023-11-29,3.1,,,3.1,28581,2026-04-08T04:09:59.54407+00:00
213349,LEARNAFRCA,2023-11-30,3.1,,,3.1,160046,2026-04-08T04:10:01.973818+00:00
213466,LEARNAFRCA,2023-12-01,3.1,,,3.1,1500,2026-04-08T04:10:04.46052+00:00
213583,LEARNAFRCA,2023-12-04,3.1,,,3.1,7851,2026-04-08T04:10:08.793495+00:00
213700,LEARNAFRCA,2023-12-05,3.36,,,3.36,229605,2026-04-08T04:10:11.104733+00:00
213817,LEARNAFRCA,2023-12-06,3.36,,,3.36,141010,2026-04-08T04:10:13.383432+00:00
213934,LEARNAFRCA,2023-12-08,3.03,,,3.03,425282,2026-04-08T04:10:16.965057+00:00
214051,LEARNAFRCA,2023-12-11,3.03,,,3.03,117680,2026-04-08T04:10:21.350621+00:00
214168,LEARNAFRCA,2023-12-12,3.03,,,3.03,40806,2026-04-08T04:10:23.843731+00:00
214285,LEARNAFRCA,2023-12-13,3.03,,,3.03,9720,2026-04-08T04:10:26.19208+00:00
214402,LEARNAFRCA,2023-12-14,3.03,,,3.03,70680,2026-04-08T04:10:28.64956+00:00
214519,LEARNAFRCA,2023-12-15,3.03,,,3.03,13729,2026-04-08T04:10:31.179138+00:00
214636,LEARNAFRCA,2023-12-18,3.03,,,3.03,33560,2026-04-08T04:10:35.879044+00:00
214753,LEARNAFRCA,2023-12-19,3.03,,,3.03,107710,2026-04-08T04:10:38.280823+00:00
214870,LEARNAFRCA,2023-12-20,2.9,,,2.9,801800,2026-04-08T04:10:40.523028+00:00
214987,LEARNAFRCA,2023-12-21,2.9,,,2.9,92677,2026-04-08T04:10:42.873875+00:00
215104,LEARNAFRCA,2023-12-28,2.9,,,2.9,118022,2026-04-08T04:10:51.166125+00:00
215221,LEARNAFRCA,2023-12-29,3.19,,,3.19,791235,2026-04-08T04:10:53.57119+00:00
215338,LEARNAFRCA,2024-01-02,3.19,,,3.19,29192,2026-04-08T04:10:59.157783+00:00
215455,LEARNAFRCA,2024-01-03,2.9,,,2.9,741290,2026-04-08T04:11:01.401293+00:00
215572,LEARNAFRCA,2024-01-04,3.19,,,3.19,822279,2026-04-08T04:11:03.846312+00:00
215689,LEARNAFRCA,2024-01-05,3.19,,,3.19,137076,2026-04-08T04:11:07.208124+00:00
215806,LEARNAFRCA,2024-01-08,3.19,,,3.19,117451,2026-04-08T04:11:11.742656+00:00
215923,LEARNAFRCA,2024-01-09,3.19,,,3.19,83240,2026-04-08T04:11:14.100458+00:00
216040,LEARNAFRCA,2024-01-10,3.19,,,3.19,401989,2026-04-08T04:11:16.512964+00:00
216157,LEARNAFRCA,2024-01-11,3.19,,,3.19,61560,2026-04-08T04:11:18.918089+00:00
216274,LEARNAFRCA,2024-01-12,3.19,,,3.19,176159,2026-04-08T04:11:21.244944+00:00
216391,LEARNAFRCA,2024-01-15,3.19,,,3.19,563141,2026-04-08T04:11:25.674113+00:00
216508,LEARNAFRCA,2024-01-16,3.19,,,3.19,211405,2026-04-08T04:11:28.037988+00:00
216625,LEARNAFRCA,2024-01-18,3.19,,,3.19,264872,2026-04-08T04:11:31.337167+00:00
216742,LEARNAFRCA,2024-01-19,3.5,,,3.5,204594,2026-04-08T04:11:38.619168+00:00
216859,LEARNAFRCA,2024-01-22,3.5,,,3.5,122550,2026-04-08T04:11:42.948818+00:00
216976,LEARNAFRCA,2024-01-23,3.5,,,3.5,190269,2026-04-08T04:11:45.304506+00:00
217093,LEARNAFRCA,2024-01-24,3.5,,,3.5,131663,2026-04-08T04:11:47.647942+00:00
217210,LEARNAFRCA,2024-01-25,3.5,,,3.5,102638,2026-04-08T04:11:50.11021+00:00
217327,LEARNAFRCA,2024-01-26,3.5,,,3.5,140851,2026-04-08T04:11:52.721812+00:00
217444,LEARNAFRCA,2024-01-29,3.5,,,3.5,122770,2026-04-08T04:11:57.440388+00:00
217561,LEARNAFRCA,2024-01-30,3.5,,,3.5,158496,2026-04-08T04:12:00.024191+00:00
217678,LEARNAFRCA,2024-01-31,3.5,,,3.5,613161,2026-04-08T04:12:02.433526+00:00
217795,LEARNAFRCA,2024-02-01,3.5,,,3.5,55829,2026-04-08T04:12:04.812869+00:00
217912,LEARNAFRCA,2024-02-02,3.5,,,3.5,14250,2026-04-08T04:12:07.232701+00:00
218029,LEARNAFRCA,2024-02-05,3.5,,,3.5,265586,2026-04-08T04:12:11.791199+00:00
218146,LEARNAFRCA,2024-02-06,3.5,,,3.5,63172,2026-04-08T04:12:14.363902+00:00
218263,LEARNAFRCA,2024-02-07,3.5,,,3.5,8202,2026-04-08T04:12:16.791058+00:00
218380,LEARNAFRCA,2024-02-08,3.5,,,3.5,71354,2026-04-08T04:12:19.312026+00:00
218497,LEARNAFRCA,2024-02-09,3.5,,,3.5,389757,2026-04-08T04:12:21.609908+00:00
218614,LEARNAFRCA,2024-02-12,3.5,,,3.5,81652,2026-04-08T04:12:25.771109+00:00
218731,LEARNAFRCA,2024-02-13,3.8,,,3.8,104052,2026-04-08T04:12:28.061356+00:00
218848,LEARNAFRCA,2024-02-14,3.8,,,3.8,41392,2026-04-08T04:12:30.570558+00:00
218965,LEARNAFRCA,2024-02-16,3.8,,,3.8,25054,2026-04-08T04:12:34.036511+00:00
219082,LEARNAFRCA,2024-02-19,3.8,,,3.8,143125,2026-04-08T04:12:38.429241+00:00
219199,LEARNAFRCA,2024-02-20,3.8,,,3.8,30770,2026-04-08T04:12:40.813552+00:00
219316,LEARNAFRCA,2024-02-21,3.52,,,3.52,571435,2026-04-08T04:12:43.257682+00:00
219433,LEARNAFRCA,2024-02-22,3.52,,,3.52,3089,2026-04-08T04:12:45.850796+00:00
219550,LEARNAFRCA,2024-02-26,3.55,,,3.55,717862,2026-04-08T04:12:51.18414+00:00
219667,LEARNAFRCA,2024-02-27,3.5,,,3.5,119678,2026-04-08T04:12:53.509755+00:00
219784,LEARNAFRCA,2024-02-29,3.5,,,3.5,314563,2026-04-08T04:12:56.822244+00:00
219901,LEARNAFRCA,2024-03-01,3.5,,,3.5,30126,2026-04-08T04:12:59.287484+00:00
220018,LEARNAFRCA,2024-03-04,3.5,,,3.5,636170,2026-04-08T04:13:03.814092+00:00
220136,LEARNAFRCA,2024-03-05,3.5,,,3.5,105410,2026-04-08T04:13:06.279726+00:00
220254,LEARNAFRCA,2024-03-06,3.39,,,3.39,304428,2026-04-08T04:13:08.558236+00:00
220372,LEARNAFRCA,2024-03-07,3.39,,,3.39,20044,2026-04-08T04:13:10.988978+00:00
220490,LEARNAFRCA,2024-03-08,3.39,,,3.39,12054,2026-04-08T04:13:13.453006+00:00
220608,LEARNAFRCA,2024-03-11,3.45,,,3.45,206745,2026-04-08T04:13:17.773706+00:00
220726,LEARNAFRCA,2024-03-12,3.45,,,3.45,61256,2026-04-08T04:13:20.258657+00:00
220844,LEARNAFRCA,2024-03-13,3.4,,,3.4,710271,2026-04-08T04:13:22.557243+00:00
220962,LEARNAFRCA,2024-03-14,3.4,,,3.4,73725,2026-04-08T04:13:25.004754+00:00
221080,LEARNAFRCA,2024-03-15,3.4,,,3.4,39132,2026-04-08T04:13:27.500984+00:00
221198,LEARNAFRCA,2024-03-19,3.4,,,3.4,105442,2026-04-08T04:13:32.54102+00:00
221316,LEARNAFRCA,2024-03-20,3.4,,,3.4,27910,2026-04-08T04:13:34.949661+00:00
221434,LEARNAFRCA,2024-03-21,3.3,,,3.3,296676,2026-04-08T04:13:37.293426+00:00
221552,LEARNAFRCA,2024-03-22,3.3,,,3.3,25185,2026-04-08T04:13:39.66616+00:00
221670,LEARNAFRCA,2024-03-25,3.3,,,3.3,32378,2026-04-08T04:13:43.964435+00:00
221788,LEARNAFRCA,2024-03-26,3.3,,,3.3,121495,2026-04-08T04:13:46.391317+00:00
221906,LEARNAFRCA,2024-03-27,3.3,,,3.3,63853,2026-04-08T04:13:48.795654+00:00
222024,LEARNAFRCA,2024-03-28,3.3,,,3.3,61813,2026-04-08T04:13:51.173779+00:00
222142,LEARNAFRCA,2024-04-02,3.3,,,3.3,46626,2026-04-08T04:13:58.053067+00:00
222260,LEARNAFRCA,2024-04-03,3.3,,,3.3,7714,2026-04-08T04:14:00.66873+00:00
222378,LEARNAFRCA,2024-04-04,3.3,,,3.3,7280,2026-04-08T04:14:03.310057+00:00
222496,LEARNAFRCA,2024-04-05,3.3,,,3.3,79265,2026-04-08T04:14:05.820809+00:00
222614,LEARNAFRCA,2024-04-12,3.3,,,3.3,420701,2026-04-08T04:14:15.984697+00:00
222732,LEARNAFRCA,2024-04-15,3.3,,,3.3,256536,2026-04-08T04:14:20.492228+00:00
222850,LEARNAFRCA,2024-04-16,3.3,,,3.3,56983,2026-04-08T04:14:22.958286+00:00
222968,LEARNAFRCA,2024-04-17,3.3,,,3.3,11769,2026-04-08T04:14:25.407203+00:00
223086,LEARNAFRCA,2024-04-18,3.3,,,3.3,211648,2026-04-08T04:14:27.862982+00:00
223204,LEARNAFRCA,2024-04-19,3.3,,,3.3,37227,2026-04-08T04:14:30.225092+00:00
223322,LEARNAFRCA,2024-04-22,3.0,,,3.0,521078,2026-04-08T04:14:34.624841+00:00
223440,LEARNAFRCA,2024-04-23,3.0,,,3.0,677635,2026-04-08T04:14:36.881925+00:00
223558,LEARNAFRCA,2024-04-24,3.0,,,3.0,58898,2026-04-08T04:14:39.108369+00:00
223676,LEARNAFRCA,2024-04-25,3.0,,,3.0,95561,2026-04-08T04:14:41.415412+00:00
223794,LEARNAFRCA,2024-04-26,3.0,,,3.0,28645,2026-04-08T04:14:43.709399+00:00
223912,LEARNAFRCA,2024-04-29,3.0,,,3.0,229336,2026-04-08T04:14:47.97937+00:00
224030,LEARNAFRCA,2024-04-30,3.3,,,3.3,852186,2026-04-08T04:14:50.304196+00:00
224148,LEARNAFRCA,2024-05-02,3.3,,,3.3,338062,2026-04-08T04:14:53.573612+00:00
224266,LEARNAFRCA,2024-05-03,3.3,,,3.3,57816,2026-04-08T04:14:55.989363+00:00
224384,LEARNAFRCA,2024-05-06,3.3,,,3.3,194357,2026-04-08T04:15:00.14873+00:00
224502,LEARNAFRCA,2024-05-07,3.0,,,3.0,503149,2026-04-08T04:15:02.40079+00:00
224620,LEARNAFRCA,2024-05-08,3.0,,,3.0,21865,2026-04-08T04:15:04.708287+00:00
224738,LEARNAFRCA,2024-05-09,3.3,,,3.3,302398,2026-04-08T04:15:07.337178+00:00
224856,LEARNAFRCA,2024-05-10,3.3,,,3.3,37597,2026-04-08T04:15:09.604775+00:00
224974,LEARNAFRCA,2024-05-13,3.3,,,3.3,87082,2026-04-08T04:15:13.907933+00:00
225092,LEARNAFRCA,2024-05-14,3.63,,,3.63,477767,2026-04-08T04:15:16.26654+00:00
225210,LEARNAFRCA,2024-05-15,3.58,,,3.58,619452,2026-04-08T04:15:18.549958+00:00
225328,LEARNAFRCA,2024-05-16,3.5,,,3.5,233628,2026-04-08T04:15:20.841424+00:00
225446,LEARNAFRCA,2024-05-20,3.5,,,3.5,117454,2026-04-08T04:15:25.962105+00:00
225564,LEARNAFRCA,2024-05-21,3.5,,,3.5,252224,2026-04-08T04:15:28.334406+00:00
225682,LEARNAFRCA,2024-05-22,3.5,,,3.5,110370,2026-04-08T04:15:30.660212+00:00
225800,LEARNAFRCA,2024-05-23,3.52,,,3.52,170380,2026-04-08T04:15:32.993296+00:00
225918,LEARNAFRCA,2024-05-24,3.52,,,3.52,31868,2026-04-08T04:15:35.360226+00:00
226036,LEARNAFRCA,2024-05-27,3.3,,,3.3,207915,2026-04-08T04:15:39.562711+00:00
226154,LEARNAFRCA,2024-05-28,3.3,,,3.3,9165,2026-04-08T04:15:41.894674+00:00
226272,LEARNAFRCA,2024-05-29,3.3,,,3.3,30500,2026-04-08T04:15:44.435333+00:00
226390,LEARNAFRCA,2024-05-30,3.3,,,3.3,88050,2026-04-08T04:15:46.695543+00:00
226508,LEARNAFRCA,2024-05-31,3.3,,,3.3,48125,2026-04-08T04:15:48.909252+00:00
226626,LEARNAFRCA,2024-06-03,3.3,,,3.3,17496,2026-04-08T04:15:53.203965+00:00
226744,LEARNAFRCA,2024-06-04,3.3,,,3.3,92045,2026-04-08T04:15:55.456464+00:00
226862,LEARNAFRCA,2024-06-05,3.3,,,3.3,51645,2026-04-08T04:15:57.839545+00:00
226980,LEARNAFRCA,2024-06-06,3.3,,,3.3,36411,2026-04-08T04:16:00.091412+00:00
227098,LEARNAFRCA,2024-06-07,3.3,,,3.3,78197,2026-04-08T04:16:02.294722+00:00
227216,LEARNAFRCA,2024-06-10,3.3,,,3.3,674,2026-04-08T04:16:06.655303+00:00
227334,LEARNAFRCA,2024-06-11,3.3,,,3.3,24700,2026-04-08T04:16:09.027942+00:00
227452,LEARNAFRCA,2024-06-13,3.3,,,3.3,54705,2026-04-08T04:16:12.454757+00:00
227570,LEARNAFRCA,2024-06-14,3.3,,,3.3,1083,2026-04-08T04:16:14.762224+00:00
227688,LEARNAFRCA,2024-06-20,3.3,,,3.3,913,2026-04-08T04:16:22.365263+00:00
227806,LEARNAFRCA,2024-06-21,3.3,,,3.3,6686,2026-04-08T04:16:24.740936+00:00
227924,LEARNAFRCA,2024-06-24,3.3,,,3.3,175376,2026-04-08T04:16:29.101951+00:00
228042,LEARNAFRCA,2024-06-25,3.3,,,3.3,207872,2026-04-08T04:16:31.430939+00:00
228160,LEARNAFRCA,2024-06-26,3.3,,,3.3,102558,2026-04-08T04:16:33.77834+00:00
228278,LEARNAFRCA,2024-06-27,3.3,,,3.3,237505,2026-04-08T04:16:36.13415+00:00
228396,LEARNAFRCA,2024-06-28,3.3,,,3.3,77637,2026-04-08T04:16:38.472674+00:00
228514,LEARNAFRCA,2024-07-01,3.3,,,3.3,349750,2026-04-08T04:16:42.881798+00:00
228632,LEARNAFRCA,2024-07-02,3.2,,,3.2,450100,2026-04-08T04:16:45.256647+00:00
228750,LEARNAFRCA,2024-07-03,3.2,,,3.2,77284,2026-04-08T04:16:47.732339+00:00
228868,LEARNAFRCA,2024-07-04,3.2,,,3.2,241500,2026-04-08T04:16:50.22378+00:00
228986,LEARNAFRCA,2024-07-05,3.2,,,3.2,688044,2026-04-08T04:16:52.679645+00:00
229104,LEARNAFRCA,2024-07-08,3.2,,,3.2,31611,2026-04-08T04:16:57.375145+00:00
229222,LEARNAFRCA,2024-07-09,3.2,,,3.2,28407,2026-04-08T04:16:59.679545+00:00
229340,LEARNAFRCA,2024-07-10,3.2,,,3.2,30315,2026-04-08T04:17:02.104038+00:00
229458,LEARNAFRCA,2024-07-11,3.2,,,3.2,15351,2026-04-08T04:17:04.804273+00:00
229576,LEARNAFRCA,2024-07-12,3.52,,,3.52,997903,2026-04-08T04:17:07.071694+00:00
229694,LEARNAFRCA,2024-07-15,3.52,,,3.52,239028,2026-04-08T04:17:11.418935+00:00
229812,LEARNAFRCA,2024-07-16,3.52,,,3.52,100325,2026-04-08T04:17:13.920176+00:00
229930,LEARNAFRCA,2024-07-17,3.52,,,3.52,81291,2026-04-08T04:17:16.239817+00:00
230048,LEARNAFRCA,2024-07-18,3.85,,,3.85,859656,2026-04-08T04:17:18.614364+00:00
230166,LEARNAFRCA,2024-07-19,3.85,,,3.85,75308,2026-04-08T04:17:20.923419+00:00
230284,LEARNAFRCA,2024-07-22,3.85,,,3.85,11420,2026-04-08T04:17:25.185516+00:00
230402,LEARNAFRCA,2024-07-23,3.95,,,3.95,199000,2026-04-08T04:17:27.655924+00:00
230520,LEARNAFRCA,2024-07-24,3.95,,,3.95,60872,2026-04-08T04:17:30.124258+00:00
230638,LEARNAFRCA,2024-07-25,3.95,,,3.95,101157,2026-04-08T04:17:32.638981+00:00
230756,LEARNAFRCA,2024-07-26,3.95,,,3.95,95448,2026-04-08T04:17:35.101122+00:00
230874,LEARNAFRCA,2024-07-29,3.95,,,3.95,126135,2026-04-08T04:17:40.103977+00:00
230992,LEARNAFRCA,2024-07-30,3.95,,,3.95,31240,2026-04-08T04:17:43.080384+00:00
231110,LEARNAFRCA,2024-07-31,3.95,,,3.95,85049,2026-04-08T04:17:45.61458+00:00
231228,LEARNAFRCA,2024-08-01,3.95,,,3.95,73800,2026-04-08T04:17:47.950902+00:00
231346,LEARNAFRCA,2024-08-02,3.95,,,3.95,49573,2026-04-08T04:17:50.372085+00:00
231464,LEARNAFRCA,2024-08-05,3.95,,,3.95,40267,2026-04-08T04:17:54.929581+00:00
231582,LEARNAFRCA,2024-08-06,3.95,,,3.95,71169,2026-04-08T04:17:57.472912+00:00
231700,LEARNAFRCA,2024-08-07,3.95,,,3.95,17287,2026-04-08T04:17:59.948734+00:00
231818,LEARNAFRCA,2024-08-08,3.95,,,3.95,79396,2026-04-08T04:18:02.36647+00:00
231936,LEARNAFRCA,2024-08-09,3.95,,,3.95,71631,2026-04-08T04:18:04.674683+00:00
232054,LEARNAFRCA,2024-08-12,3.95,,,3.95,42586,2026-04-08T04:18:08.918743+00:00
232172,LEARNAFRCA,2024-08-13,3.95,,,3.95,271713,2026-04-08T04:18:11.387792+00:00
232290,LEARNAFRCA,2024-08-14,3.91,,,3.91,159684,2026-04-08T04:18:13.859526+00:00
232408,LEARNAFRCA,2024-08-15,3.91,,,3.91,9426,2026-04-08T04:18:16.357381+00:00
232526,LEARNAFRCA,2024-08-16,3.52,,,3.52,758937,2026-04-08T04:18:18.692447+00:00
232644,LEARNAFRCA,2024-08-19,3.52,,,3.52,38329,2026-04-08T04:18:23.063194+00:00
232762,LEARNAFRCA,2024-08-20,3.87,,,3.87,413078,2026-04-08T04:18:25.366221+00:00
232880,LEARNAFRCA,2024-08-21,3.87,,,3.87,448002,2026-04-08T04:18:27.861334+00:00
232998,LEARNAFRCA,2024-08-22,3.87,,,3.87,389516,2026-04-08T04:18:30.156184+00:00
233116,LEARNAFRCA,2024-08-23,3.87,,,3.87,90704,2026-04-08T04:18:32.497978+00:00
233234,LEARNAFRCA,2024-08-26,3.87,,,3.87,69770,2026-04-08T04:18:37.19542+00:00
233352,LEARNAFRCA,2024-08-27,3.87,,,3.87,213174,2026-04-08T04:18:39.561091+00:00
233470,LEARNAFRCA,2024-08-28,4.24,,,4.24,446546,2026-04-08T04:18:42.048567+00:00
233588,LEARNAFRCA,2024-08-29,4.24,,,4.24,30071,2026-04-08T04:18:44.36768+00:00
233706,LEARNAFRCA,2024-09-02,4.24,,,4.24,162850,2026-04-08T04:18:49.632285+00:00
233824,LEARNAFRCA,2024-09-03,4.6,,,4.6,864050,2026-04-08T04:18:52.389232+00:00
233942,LEARNAFRCA,2024-09-04,4.65,,,4.65,496148,2026-04-08T04:18:54.875674+00:00
234060,LEARNAFRCA,2024-09-05,4.65,,,4.65,23362,2026-04-08T04:18:57.763256+00:00
234178,LEARNAFRCA,2024-09-06,4.65,,,4.65,46315,2026-04-08T04:19:00.536712+00:00
234296,LEARNAFRCA,2024-09-09,4.13,,,4.13,36269,2026-04-08T04:19:05.495104+00:00
234414,LEARNAFRCA,2024-09-10,3.73,,,3.73,900891,2026-04-08T04:19:08.070871+00:00
234532,LEARNAFRCA,2024-09-11,3.36,,,3.36,1273658,2026-04-08T04:19:10.663572+00:00
234650,LEARNAFRCA,2024-09-12,3.62,,,3.62,373635,2026-04-08T04:19:13.371302+00:00
234768,LEARNAFRCA,2024-09-13,3.62,,,3.62,153627,2026-04-08T04:19:16.033041+00:00
234886,LEARNAFRCA,2024-09-17,3.62,,,3.62,114660,2026-04-08T04:19:22.824888+00:00
235004,LEARNAFRCA,2024-09-18,3.62,,,3.62,41988,2026-04-08T04:19:25.915955+00:00
235122,LEARNAFRCA,2024-09-19,3.62,,,3.62,5752,2026-04-08T04:19:28.330134+00:00
235240,LEARNAFRCA,2024-09-20,3.62,,,3.62,36050,2026-04-08T04:19:30.82066+00:00
235358,LEARNAFRCA,2024-09-23,3.62,,,3.62,18814,2026-04-08T04:19:35.29526+00:00
235476,LEARNAFRCA,2024-09-24,3.27,,,3.27,712020,2026-04-08T04:19:37.629736+00:00
235594,LEARNAFRCA,2024-09-25,3.27,,,3.27,56458,2026-04-08T04:19:40.096992+00:00
235712,LEARNAFRCA,2024-09-26,3.27,,,3.27,113000,2026-04-08T04:19:42.676048+00:00
235830,LEARNAFRCA,2024-09-27,3.25,,,3.25,630064,2026-04-08T04:19:45.342636+00:00
235948,LEARNAFRCA,2024-09-30,3.2,,,3.2,275546,2026-04-08T04:19:50.223917+00:00
236066,LEARNAFRCA,2024-10-02,3.25,,,3.25,199010,2026-04-08T04:19:53.821423+00:00
236184,LEARNAFRCA,2024-10-03,3.25,,,3.25,8085,2026-04-08T04:19:56.203135+00:00
236302,LEARNAFRCA,2024-10-04,3.25,,,3.25,42315,2026-04-08T04:19:58.634737+00:00
236420,LEARNAFRCA,2024-10-07,3.25,,,3.25,125308,2026-04-08T04:20:03.05432+00:00
236538,LEARNAFRCA,2024-10-08,3.25,,,3.25,16052,2026-04-08T04:20:05.535519+00:00
236656,LEARNAFRCA,2024-10-10,3.25,,,3.25,17600,2026-04-08T04:20:08.855054+00:00
236774,LEARNAFRCA,2024-10-11,3.25,,,3.25,8725,2026-04-08T04:20:11.460237+00:00
236893,LEARNAFRCA,2024-10-14,3.25,,,3.25,12430,2026-04-08T04:20:16.284622+00:00
237012,LEARNAFRCA,2024-10-15,3.25,,,3.25,131425,2026-04-08T04:20:18.84933+00:00
237131,LEARNAFRCA,2024-10-17,3.25,,,3.25,1548,2026-04-08T04:20:23.389134+00:00
237250,LEARNAFRCA,2024-10-18,3.25,,,3.25,14210,2026-04-08T04:20:26.17489+00:00
237369,LEARNAFRCA,2024-10-21,3.25,,,3.25,2360,2026-04-08T04:20:30.541886+00:00
237488,LEARNAFRCA,2024-10-22,3.25,,,3.25,100,2026-04-08T04:20:32.890604+00:00
237607,LEARNAFRCA,2024-10-23,3.25,,,3.25,89448,2026-04-08T04:20:35.186729+00:00
237726,LEARNAFRCA,2024-10-24,3.25,,,3.25,7625,2026-04-08T04:20:37.740613+00:00
237845,LEARNAFRCA,2024-10-25,3.25,,,3.25,119515,2026-04-08T04:20:40.222387+00:00
237964,LEARNAFRCA,2024-10-28,3.25,,,3.25,295191,2026-04-08T04:20:44.742576+00:00
238083,LEARNAFRCA,2024-10-29,3.32,,,3.32,313304,2026-04-08T04:20:47.136244+00:00
238202,LEARNAFRCA,2024-10-30,3.32,,,3.32,118000,2026-04-08T04:20:49.405969+00:00
238321,LEARNAFRCA,2024-10-31,3.32,,,3.32,7552,2026-04-08T04:20:51.756515+00:00
238440,LEARNAFRCA,2024-11-01,3.32,,,3.32,33300,2026-04-08T04:20:54.1075+00:00
238559,LEARNAFRCA,2024-11-04,3.32,,,3.32,150342,2026-04-08T04:20:58.471072+00:00
238678,LEARNAFRCA,2024-11-05,3.32,,,3.32,10382,2026-04-08T04:21:01.00344+00:00
238797,LEARNAFRCA,2024-11-06,3.32,,,3.32,58054,2026-04-08T04:21:03.585377+00:00
238916,LEARNAFRCA,2024-11-07,3.32,,,3.32,28908,2026-04-08T04:21:06.256351+00:00
239035,LEARNAFRCA,2024-11-08,3.32,,,3.32,183797,2026-04-08T04:21:08.623134+00:00
239154,LEARNAFRCA,2024-11-11,3.32,,,3.32,33751,2026-04-08T04:21:12.782875+00:00
239273,LEARNAFRCA,2024-11-12,3.32,,,3.32,2010,2026-04-08T04:21:15.417322+00:00
239392,LEARNAFRCA,2024-11-13,3.32,,,3.32,30523,2026-04-08T04:21:17.790166+00:00
239511,LEARNAFRCA,2024-11-14,3.32,,,3.32,82314,2026-04-08T04:21:20.354873+00:00
239630,LEARNAFRCA,2024-11-15,3.32,,,3.32,18571,2026-04-08T04:21:22.90937+00:00
239749,LEARNAFRCA,2024-11-18,3.32,,,3.32,101562,2026-04-08T04:21:27.576358+00:00
239868,LEARNAFRCA,2024-11-19,3.32,,,3.32,96570,2026-04-08T04:21:29.868433+00:00
239987,LEARNAFRCA,2024-11-20,3.32,,,3.32,85070,2026-04-08T04:21:32.433299+00:00
240106,LEARNAFRCA,2024-11-21,3.32,,,3.32,117189,2026-04-08T04:21:34.755564+00:00
240225,LEARNAFRCA,2024-11-22,3.32,,,3.32,125684,2026-04-08T04:21:37.514754+00:00
240344,LEARNAFRCA,2024-11-25,3.32,,,3.32,104000,2026-04-08T04:21:41.818387+00:00
240463,LEARNAFRCA,2024-11-26,3.32,,,3.32,47268,2026-04-08T04:21:44.163824+00:00
240582,LEARNAFRCA,2024-11-27,3.32,,,3.32,19500,2026-04-08T04:21:46.720727+00:00
240701,LEARNAFRCA,2024-11-28,3.32,,,3.32,16390,2026-04-08T04:21:49.110263+00:00
240820,LEARNAFRCA,2024-12-02,3.32,,,3.32,36800,2026-04-08T04:21:54.88401+00:00
240939,LEARNAFRCA,2024-12-03,3.25,,,3.25,208550,2026-04-08T04:21:57.640504+00:00
241058,LEARNAFRCA,2024-12-04,2.93,,,2.93,1969942,2026-04-08T04:21:59.930228+00:00
241177,LEARNAFRCA,2024-12-06,2.93,,,2.93,31936,2026-04-08T04:22:03.392712+00:00
241296,LEARNAFRCA,2024-12-09,2.93,,,2.93,22431,2026-04-08T04:22:07.745808+00:00
241415,LEARNAFRCA,2024-12-10,3.21,,,3.21,387910,2026-04-08T04:22:10.112253+00:00
241534,LEARNAFRCA,2024-12-11,3.21,,,3.21,35378,2026-04-08T04:22:12.639548+00:00
241653,LEARNAFRCA,2024-12-12,3.21,,,3.21,14559,2026-04-08T04:22:15.033357+00:00
241772,LEARNAFRCA,2024-12-13,3.21,,,3.21,10342,2026-04-08T04:22:17.509919+00:00
241891,LEARNAFRCA,2024-12-16,3.21,,,3.21,6400,2026-04-08T04:22:22.499781+00:00
242010,LEARNAFRCA,2024-12-17,3.21,,,3.21,21125,2026-04-08T04:22:24.995572+00:00
242129,LEARNAFRCA,2024-12-18,3.53,,,3.53,1497481,2026-04-08T04:22:27.498126+00:00
242248,LEARNAFRCA,2024-12-19,3.53,,,3.53,161200,2026-04-08T04:22:29.868083+00:00
242367,LEARNAFRCA,2024-12-20,3.88,,,3.88,1152998,2026-04-08T04:22:32.392508+00:00
242486,LEARNAFRCA,2024-12-23,3.96,,,3.96,263796,2026-04-08T04:22:36.740311+00:00
242605,LEARNAFRCA,2024-12-24,3.96,,,3.96,61531,2026-04-08T04:22:39.25804+00:00
242724,LEARNAFRCA,2024-12-27,4.35,,,4.35,2666365,2026-04-08T04:22:43.946119+00:00
242842,LEARNAFRCA,2024-12-31,4.5,,,4.5,449426,2026-04-08T04:22:48.665239+00:00
242960,LEARNAFRCA,2025-01-02,4.5,,,4.5,2160,2026-04-08T04:22:52.256438+00:00
243078,LEARNAFRCA,2025-01-03,4.95,,,4.95,769195,2026-04-08T04:22:55.101113+00:00
243196,LEARNAFRCA,2025-01-06,4.95,,,4.95,41118,2026-04-08T04:23:00.046313+00:00
243314,LEARNAFRCA,2025-01-07,5.44,,,5.44,1634264,2026-04-08T04:23:02.329348+00:00
243432,LEARNAFRCA,2025-01-08,5.44,,,5.44,212403,2026-04-08T04:23:04.632968+00:00
243550,LEARNAFRCA,2025-01-09,5.4,,,5.4,784278,2026-04-08T04:23:06.908261+00:00
243668,LEARNAFRCA,2025-01-10,5.79,,,5.79,621698,2026-04-08T04:23:09.304805+00:00
243786,LEARNAFRCA,2025-01-13,5.25,,,5.25,505072,2026-04-08T04:23:13.790041+00:00
243904,LEARNAFRCA,2025-01-14,5.25,,,5.25,230741,2026-04-08T04:23:16.129929+00:00
244022,LEARNAFRCA,2025-01-15,5.25,,,5.25,117642,2026-04-08T04:23:18.535433+00:00
244140,LEARNAFRCA,2025-01-16,4.99,,,4.99,497162,2026-04-08T04:23:20.834867+00:00
244258,LEARNAFRCA,2025-01-17,4.99,,,4.99,129828,2026-04-08T04:23:23.141674+00:00
244376,LEARNAFRCA,2025-01-20,4.99,,,4.99,36070,2026-04-08T04:23:27.482452+00:00
244494,LEARNAFRCA,2025-01-21,4.99,,,4.99,77413,2026-04-08T04:23:29.752731+00:00
244612,LEARNAFRCA,2025-01-22,4.99,,,4.99,81800,2026-04-08T04:23:32.235559+00:00
244730,LEARNAFRCA,2025-01-23,4.99,,,4.99,56115,2026-04-08T04:23:34.519549+00:00
244848,LEARNAFRCA,2025-01-24,4.99,,,4.99,33570,2026-04-08T04:23:37.097992+00:00
244966,LEARNAFRCA,2025-01-27,4.99,,,4.99,30896,2026-04-08T04:23:41.817807+00:00
245084,LEARNAFRCA,2025-01-28,4.5,,,4.5,1865050,2026-04-08T04:23:44.43679+00:00
245202,LEARNAFRCA,2025-01-30,4.5,,,4.5,11253,2026-04-08T04:23:47.90788+00:00
245320,LEARNAFRCA,2025-01-31,4.5,,,4.5,11253,2026-04-08T04:23:50.425841+00:00
245438,LEARNAFRCA,2025-02-03,4.5,,,4.5,200855,2026-04-08T04:23:55.090801+00:00
245556,LEARNAFRCA,2025-02-04,4.5,,,4.5,69855,2026-04-08T04:23:57.584141+00:00
245674,LEARNAFRCA,2025-02-05,4.5,,,4.5,29017,2026-04-08T04:24:00.484627+00:00
245792,LEARNAFRCA,2025-02-06,4.5,,,4.5,38633,2026-04-08T04:24:04.153698+00:00
245910,LEARNAFRCA,2025-02-07,4.3,,,4.3,169569,2026-04-08T04:24:07.822728+00:00
246028,LEARNAFRCA,2025-02-10,4.3,,,4.3,17119,2026-04-08T04:24:13.163899+00:00
246146,LEARNAFRCA,2025-02-11,4.3,,,4.3,27625,2026-04-08T04:24:15.629092+00:00
246264,LEARNAFRCA,2025-02-12,4.3,,,4.3,330569,2026-04-08T04:24:18.226035+00:00
246382,LEARNAFRCA,2025-02-13,4.3,,,4.3,25914,2026-04-08T04:24:20.725749+00:00
246500,LEARNAFRCA,2025-02-14,4.3,,,4.3,8530,2026-04-08T04:24:23.300806+00:00
246618,LEARNAFRCA,2025-02-17,3.87,,,3.87,2367039,2026-04-08T04:24:27.726986+00:00
246736,LEARNAFRCA,2025-02-18,3.9,,,3.9,780952,2026-04-08T04:24:30.295737+00:00
246854,LEARNAFRCA,2025-02-19,3.9,,,3.9,91975,2026-04-08T04:24:32.765887+00:00
246972,LEARNAFRCA,2025-02-20,3.95,,,3.95,1256971,2026-04-08T04:24:35.351909+00:00
247090,LEARNAFRCA,2025-02-21,3.95,,,3.95,76817,2026-04-08T04:24:37.680479+00:00
247208,LEARNAFRCA,2025-02-25,3.66,,,3.66,1765456,2026-04-08T04:24:43.419296+00:00
247326,LEARNAFRCA,2025-02-26,3.66,,,3.66,45650,2026-04-08T04:24:45.860894+00:00
247444,LEARNAFRCA,2025-02-27,3.66,,,3.66,91463,2026-04-08T04:24:48.27846+00:00
247562,LEARNAFRCA,2025-02-28,3.3,,,3.3,1002040,2026-04-08T04:24:50.63724+00:00
247680,LEARNAFRCA,2025-03-03,3.63,,,3.63,525043,2026-04-08T04:24:55.222854+00:00
247798,LEARNAFRCA,2025-03-04,3.63,,,3.63,217049,2026-04-08T04:24:57.762887+00:00
247917,LEARNAFRCA,2025-03-05,3.63,,,3.63,198654,2026-04-08T04:25:00.108696+00:00
248036,LEARNAFRCA,2025-03-06,3.63,,,3.63,139876,2026-04-08T04:25:02.52336+00:00
248155,LEARNAFRCA,2025-03-07,3.63,,,3.63,322063,2026-04-08T04:25:04.19753+00:00
248274,LEARNAFRCA,2025-03-10,3.63,,,3.63,73782,2026-04-08T04:25:07.959889+00:00
248393,LEARNAFRCA,2025-03-11,3.63,,,3.63,835249,2026-04-08T04:25:10.446731+00:00
248512,LEARNAFRCA,2025-03-12,3.35,,,3.35,726415,2026-04-08T04:25:12.888859+00:00
248631,LEARNAFRCA,2025-03-13,3.35,,,3.35,365923,2026-04-08T04:25:15.353849+00:00
248750,LEARNAFRCA,2025-03-14,3.35,,,3.35,16806,2026-04-08T04:25:17.75152+00:00
248869,LEARNAFRCA,2025-03-17,3.35,,,3.35,542806,2026-04-08T04:25:23.327657+00:00
248988,LEARNAFRCA,2025-03-18,3.35,,,3.35,47566,2026-04-08T04:25:25.763099+00:00
249107,LEARNAFRCA,2025-03-19,3.35,,,3.35,82872,2026-04-08T04:25:28.144043+00:00
249226,LEARNAFRCA,2025-03-20,3.35,,,3.35,20384,2026-04-08T04:25:31.01834+00:00
249345,LEARNAFRCA,2025-03-21,3.02,,,3.02,1701958,2026-04-08T04:25:33.389958+00:00
249464,LEARNAFRCA,2025-03-24,3.02,,,3.02,121626,2026-04-08T04:25:38.388993+00:00
249583,LEARNAFRCA,2025-03-25,3.02,,,3.02,43333,2026-04-08T04:25:40.7685+00:00
249702,LEARNAFRCA,2025-03-26,3.07,,,3.07,149097,2026-04-08T04:25:43.344812+00:00
249821,LEARNAFRCA,2025-03-27,3.32,,,3.32,418309,2026-04-08T04:25:45.817232+00:00
249940,LEARNAFRCA,2025-03-28,3.32,,,3.32,145863,2026-04-08T04:25:48.177352+00:00
250059,LEARNAFRCA,2025-04-02,3.0,,,3.0,1105590,2026-04-08T04:25:54.663823+00:00
250178,LEARNAFRCA,2025-04-03,3.0,,,3.0,213421,2026-04-08T04:25:57.014747+00:00
250297,LEARNAFRCA,2025-04-04,3.3,,,3.3,2617795,2026-04-08T04:25:59.489503+00:00
250416,LEARNAFRCA,2025-04-07,3.3,,,3.3,99080,2026-04-08T04:26:04.211964+00:00
250535,LEARNAFRCA,2025-04-08,3.3,,,3.3,409474,2026-04-08T04:26:06.766331+00:00
250654,LEARNAFRCA,2025-04-10,2.97,,,2.97,255969,2026-04-08T04:26:10.263658+00:00
250773,LEARNAFRCA,2025-04-11,3.0,,,3.0,417084,2026-04-08T04:26:12.610372+00:00
250892,LEARNAFRCA,2025-04-14,3.0,,,3.0,22876,2026-04-08T04:26:17.137975+00:00
251011,LEARNAFRCA,2025-04-15,3.25,,,3.25,341455,2026-04-08T04:26:19.634971+00:00
251130,LEARNAFRCA,2025-04-16,3.25,,,3.25,789850,2026-04-08T04:26:22.321337+00:00
251249,LEARNAFRCA,2025-04-17,3.25,,,3.25,222844,2026-04-08T04:26:24.819431+00:00
251368,LEARNAFRCA,2025-04-22,3.25,,,3.25,58682,2026-04-08T04:26:31.401152+00:00
251487,LEARNAFRCA,2025-04-23,3.56,,,3.56,230042,2026-04-08T04:26:33.741411+00:00
251607,LEARNAFRCA,2025-04-24,3.56,,,3.56,61245,2026-04-08T04:26:36.383131+00:00
251727,LEARNAFRCA,2025-04-25,3.89,,,3.89,458734,2026-04-08T04:26:38.677219+00:00
251847,LEARNAFRCA,2025-04-28,3.89,,,3.89,163214,2026-04-08T04:26:43.113614+00:00
251967,LEARNAFRCA,2025-04-29,3.89,,,3.89,242748,2026-04-08T04:26:45.609073+00:00
252087,LEARNAFRCA,2025-04-30,4.1,,,4.1,971032,2026-04-08T04:26:48.242472+00:00
252207,LEARNAFRCA,2025-05-02,3.76,,,3.76,321596,2026-04-08T04:26:51.690529+00:00
252327,LEARNAFRCA,2025-05-05,4.08,,,4.08,929315,2026-04-08T04:26:56.275381+00:00
252447,LEARNAFRCA,2025-05-06,4.08,,,4.08,373088,2026-04-08T04:26:58.7221+00:00
252567,LEARNAFRCA,2025-05-07,4.08,,,4.08,175284,2026-04-08T04:27:01.170235+00:00
252687,LEARNAFRCA,2025-05-08,4.08,,,4.08,36806,2026-04-08T04:27:03.468055+00:00
252807,LEARNAFRCA,2025-05-09,4.45,,,4.45,396802,2026-04-08T04:27:05.963213+00:00
252927,LEARNAFRCA,2025-05-12,4.4,,,4.4,1999982,2026-04-08T04:27:10.449459+00:00
253047,LEARNAFRCA,2025-05-14,4.4,,,4.4,275699,2026-04-08T04:27:13.89162+00:00
253167,LEARNAFRCA,2025-05-15,4.4,,,4.4,29070,2026-04-08T04:27:16.307455+00:00
253287,LEARNAFRCA,2025-05-16,4.4,,,4.4,287454,2026-04-08T04:27:18.639316+00:00
253407,LEARNAFRCA,2025-05-19,4.45,,,4.45,119235,2026-04-08T04:27:23.06518+00:00
253527,LEARNAFRCA,2025-05-20,4.45,,,4.45,119235,2026-04-08T04:27:25.663956+00:00
253647,LEARNAFRCA,2025-05-21,4.45,,,4.45,12032,2026-04-08T04:27:28.280255+00:00
253767,LEARNAFRCA,2025-05-22,4.45,,,4.45,114202,2026-04-08T04:27:30.733393+00:00
253887,LEARNAFRCA,2025-05-23,4.01,,,4.01,2316952,2026-04-08T04:27:33.142895+00:00
254007,LEARNAFRCA,2025-05-26,3.98,,,3.98,1540269,2026-04-08T04:27:37.938794+00:00
254127,LEARNAFRCA,2025-05-27,4.1,,,4.1,181491,2026-04-08T04:27:40.395447+00:00
254247,LEARNAFRCA,2025-05-28,4.51,,,4.51,3497165,2026-04-08T04:27:42.906627+00:00
254367,LEARNAFRCA,2025-05-29,4.23,,,4.23,2084694,2026-04-08T04:27:45.903166+00:00
254487,LEARNAFRCA,2025-05-30,4.31,,,4.31,2101525,2026-04-08T04:27:48.4452+00:00
254607,LEARNAFRCA,2025-06-02,4.31,,,4.31,146342,2026-04-08T04:27:53.01382+00:00
254727,LEARNAFRCA,2025-06-03,3.88,,,3.88,5162661,2026-04-08T04:27:55.368454+00:00
254847,LEARNAFRCA,2025-06-04,4.0,,,4.0,3404767,2026-04-08T04:27:57.94541+00:00
254967,LEARNAFRCA,2025-06-05,3.85,,,3.85,5086298,2026-04-08T04:28:00.320696+00:00
255087,LEARNAFRCA,2025-06-10,4.1,,,4.1,3001659,2026-04-08T04:28:07.114795+00:00
255207,LEARNAFRCA,2025-06-11,4.11,,,4.11,2132283,2026-04-08T04:28:09.38594+00:00
255327,LEARNAFRCA,2025-06-17,4.18,,,4.18,826592,2026-04-08T04:28:17.228975+00:00
255447,LEARNAFRCA,2025-06-18,4.18,,,4.18,271800,2026-04-08T04:28:19.70912+00:00
255567,LEARNAFRCA,2025-06-19,4.18,,,4.18,61579,2026-04-08T04:28:22.276816+00:00
255687,LEARNAFRCA,2025-06-20,4.19,,,4.19,450302,2026-04-08T04:28:24.65394+00:00
255807,LEARNAFRCA,2025-06-23,4.19,,,4.19,255381,2026-04-08T04:28:29.225711+00:00
255927,LEARNAFRCA,2025-06-24,4.24,,,4.24,654257,2026-04-08T04:28:31.569579+00:00
256047,LEARNAFRCA,2025-06-25,4.64,,,4.64,752101,2026-04-08T04:28:33.910697+00:00
256167,LEARNAFRCA,2025-06-26,4.64,,,4.64,160749,2026-04-08T04:28:36.389223+00:00
256287,LEARNAFRCA,2025-06-27,5.1,,,5.1,4180174,2026-04-08T04:28:38.797599+00:00
256407,LEARNAFRCA,2025-07-01,5.04,,,5.04,1629854,2026-04-08T04:28:44.517216+00:00
256527,LEARNAFRCA,2025-07-02,5.54,,,5.54,5629360,2026-04-08T04:28:47.139962+00:00
256647,LEARNAFRCA,2025-07-03,5.54,,,5.54,774392,2026-04-08T04:28:49.506141+00:00
256767,LEARNAFRCA,2025-07-04,5.3,,,5.3,1234305,2026-04-08T04:28:51.76506+00:00
256887,LEARNAFRCA,2025-07-07,5.15,,,5.15,1567518,2026-04-08T04:28:56.230166+00:00
257007,LEARNAFRCA,2025-07-08,5.66,,,5.66,1776469,2026-04-08T04:28:58.705995+00:00
257127,LEARNAFRCA,2025-07-09,6.09,,,6.09,9484838,2026-04-08T04:29:01.058721+00:00
257247,LEARNAFRCA,2025-07-10,6.58,,,6.58,1081678,2026-04-08T04:29:03.550316+00:00
257367,LEARNAFRCA,2025-07-11,6.01,,,6.01,1769365,2026-04-08T04:29:06.089999+00:00
257487,LEARNAFRCA,2025-07-14,5.71,,,5.71,1878768,2026-04-08T04:29:10.69196+00:00
257607,LEARNAFRCA,2025-07-16,5.7,,,5.7,1272487,2026-04-08T04:29:14.112969+00:00
257727,LEARNAFRCA,2025-07-17,5.7,,,5.7,449169,2026-04-08T04:29:16.489777+00:00
257847,LEARNAFRCA,2025-07-18,6.27,,,6.27,1558814,2026-04-08T04:29:18.854517+00:00
257967,LEARNAFRCA,2025-07-21,6.0,,,6.0,1321705,2026-04-08T04:29:23.300994+00:00
258087,LEARNAFRCA,2025-07-22,6.0,,,6.0,215698,2026-04-08T04:29:25.922592+00:00
258207,LEARNAFRCA,2025-07-23,6.4,,,6.4,494802,2026-04-08T04:29:29.05968+00:00
258327,LEARNAFRCA,2025-07-24,6.4,,,6.4,189034,2026-04-08T04:29:31.486978+00:00
258447,LEARNAFRCA,2025-07-25,6.3,,,6.3,427809,2026-04-08T04:29:33.980938+00:00
258566,LEARNAFRCA,2025-07-28,6.3,,,6.3,255090,2026-04-08T04:29:38.78621+00:00
258685,LEARNAFRCA,2025-07-29,6.93,,,6.93,4006788,2026-04-08T04:29:41.392621+00:00
258804,LEARNAFRCA,2025-07-30,7.0,,,7.0,960955,2026-04-08T04:29:43.881641+00:00
258923,LEARNAFRCA,2025-07-31,6.3,,,6.3,5945598,2026-04-08T04:29:46.315218+00:00
259042,LEARNAFRCA,2025-08-01,5.7,,,5.7,2349514,2026-04-08T04:29:48.711654+00:00
259160,LEARNAFRCA,2025-08-04,5.7,,,5.7,136592,2026-04-08T04:29:53.303607+00:00
259279,LEARNAFRCA,2025-08-05,5.7,,,5.7,192110,2026-04-08T04:29:55.780422+00:00
259398,LEARNAFRCA,2025-08-06,6.27,,,6.27,1870815,2026-04-08T04:29:58.241852+00:00
259517,LEARNAFRCA,2025-08-07,6.27,,,6.27,158724,2026-04-08T04:30:00.56444+00:00
259636,LEARNAFRCA,2025-08-08,6.8,,,6.8,271911,2026-04-08T04:30:02.234883+00:00
259755,LEARNAFRCA,2025-08-11,7.0,,,7.0,2788038,2026-04-08T04:30:07.037349+00:00
259874,LEARNAFRCA,2025-08-12,7.0,,,7.0,1697776,2026-04-08T04:30:09.28323+00:00
259993,LEARNAFRCA,2025-08-13,7.7,,,7.7,1628507,2026-04-08T04:30:11.815521+00:00
260112,LEARNAFRCA,2025-08-14,7.75,,,7.75,564438,2026-04-08T04:30:14.350221+00:00
260231,LEARNAFRCA,2025-08-15,7.75,,,7.75,322846,2026-04-08T04:30:16.786076+00:00
260350,LEARNAFRCA,2025-08-18,7.75,,,7.75,166379,2026-04-08T04:30:21.560319+00:00
260469,LEARNAFRCA,2025-08-19,7.75,,,7.75,315173,2026-04-08T04:30:23.869462+00:00
260588,LEARNAFRCA,2025-08-20,7.0,,,7.0,815223,2026-04-08T04:30:26.318672+00:00
260707,LEARNAFRCA,2025-08-21,7.0,,,7.0,457039,2026-04-08T04:30:28.670378+00:00
260826,LEARNAFRCA,2025-08-22,7.0,,,7.0,529869,2026-04-08T04:30:30.96965+00:00
260945,LEARNAFRCA,2025-08-25,7.0,,,7.0,218972,2026-04-08T04:30:35.521871+00:00
261064,LEARNAFRCA,2025-08-26,7.1,,,7.1,554697,2026-04-08T04:30:37.91594+00:00
261183,LEARNAFRCA,2025-08-27,7.1,,,7.1,185104,2026-04-08T04:30:40.231113+00:00
261302,LEARNAFRCA,2025-08-28,7.1,,,7.1,35299,2026-04-08T04:30:42.59826+00:00
261421,LEARNAFRCA,2025-08-29,7.8,,,7.8,1030648,2026-04-08T04:30:45.09102+00:00
261540,LEARNAFRCA,2025-09-01,7.8,,,7.8,968139,2026-04-08T04:30:49.608802+00:00
261659,LEARNAFRCA,2025-09-02,7.8,,,7.8,434639,2026-04-08T04:30:52.312491+00:00
261778,LEARNAFRCA,2025-09-03,7.02,,,7.02,1036767,2026-04-08T04:30:55.837007+00:00
261897,LEARNAFRCA,2025-09-04,7.02,,,7.02,200915,2026-04-08T04:30:58.198935+00:00
262016,LEARNAFRCA,2025-09-08,7.1,,,7.1,560300,2026-04-08T04:31:03.728068+00:00
262135,LEARNAFRCA,2025-09-09,7.26,,,7.26,598732,2026-04-08T04:31:06.294869+00:00
262254,LEARNAFRCA,2025-09-10,7.6,,,7.6,1056279,2026-04-08T04:31:08.610575+00:00
262373,LEARNAFRCA,2025-09-11,7.6,,,7.6,671268,2026-04-08T04:31:10.974873+00:00
262492,LEARNAFRCA,2025-09-12,7.6,,,7.6,199131,2026-04-08T04:31:13.547359+00:00
262611,LEARNAFRCA,2025-09-15,7.2,,,7.2,365076,2026-04-08T04:31:18.268622+00:00
262730,LEARNAFRCA,2025-09-16,7.2,,,7.2,19368,2026-04-08T04:31:20.741189+00:00
262849,LEARNAFRCA,2025-09-17,7.2,,,7.2,149060,2026-04-08T04:31:23.24235+00:00
262968,LEARNAFRCA,2025-09-18,7.2,,,7.2,84845,2026-04-08T04:31:25.598019+00:00
263087,LEARNAFRCA,2025-09-19,7.2,,,7.2,25174,2026-04-08T04:31:28.111008+00:00
263206,LEARNAFRCA,2025-09-22,7.2,,,7.2,147475,2026-04-08T04:31:32.624882+00:00
263325,LEARNAFRCA,2025-09-23,7.2,,,7.2,158763,2026-04-08T04:31:35.170326+00:00
263444,LEARNAFRCA,2025-09-24,7.2,,,7.2,30090,2026-04-08T04:31:37.673105+00:00
263563,LEARNAFRCA,2025-09-25,7.2,,,7.2,66066,2026-04-08T04:31:40.100841+00:00
263682,LEARNAFRCA,2025-09-26,7.2,,,7.2,73637,2026-04-08T04:31:42.548783+00:00
263801,LEARNAFRCA,2025-09-29,6.5,,,6.5,235026,2026-04-08T04:31:47.029675+00:00
263920,LEARNAFRCA,2025-09-30,6.5,,,6.5,219400,2026-04-08T04:31:49.320364+00:00
264039,LEARNAFRCA,2025-10-02,6.5,,,6.5,200370,2026-04-08T04:31:52.706523+00:00
264158,LEARNAFRCA,2025-10-03,6.5,,,6.5,105446,2026-04-08T04:31:55.311341+00:00
264277,LEARNAFRCA,2025-10-06,6.5,,,6.5,71659,2026-04-08T04:31:59.803196+00:00
264396,LEARNAFRCA,2025-10-07,6.5,,,6.5,152396,2026-04-08T04:32:02.285104+00:00
264515,LEARNAFRCA,2025-10-08,6.5,,,6.5,110210,2026-04-08T04:32:04.646463+00:00
264634,LEARNAFRCA,2025-10-09,6.5,,,6.5,51127,2026-04-08T04:32:07.004133+00:00
264753,LEARNAFRCA,2025-10-10,6.5,,,6.5,31394,2026-04-08T04:32:10.69692+00:00
264872,LEARNAFRCA,2025-10-13,6.5,,,6.5,164250,2026-04-08T04:32:15.267586+00:00
264991,LEARNAFRCA,2025-10-14,6.5,,,6.5,69653,2026-04-08T04:32:17.792097+00:00
265110,LEARNAFRCA,2025-10-15,6.55,,,6.55,227678,2026-04-08T04:32:20.093513+00:00
265229,LEARNAFRCA,2025-10-16,6.55,,,6.55,165075,2026-04-08T04:32:22.728593+00:00
265348,LEARNAFRCA,2025-10-17,6.55,,,6.55,55791,2026-04-08T04:32:25.167177+00:00
265467,LEARNAFRCA,2025-10-20,6.55,,,6.55,149707,2026-04-08T04:32:29.532096+00:00
265586,LEARNAFRCA,2025-10-21,6.55,,,6.55,322192,2026-04-08T04:32:31.920152+00:00
265705,LEARNAFRCA,2025-10-22,6.55,,,6.55,225418,2026-04-08T04:32:34.332447+00:00
265824,LEARNAFRCA,2025-10-23,6.55,,,6.55,279051,2026-04-08T04:32:36.79914+00:00
265943,LEARNAFRCA,2025-10-24,6.55,,,6.55,92046,2026-04-08T04:32:39.249323+00:00
266062,LEARNAFRCA,2025-10-28,6.55,,,6.55,55082,2026-04-08T04:32:44.921336+00:00
266181,LEARNAFRCA,2025-10-29,6.55,,,6.55,37079,2026-04-08T04:32:47.450266+00:00
266300,LEARNAFRCA,2025-10-30,5.9,,,5.9,356006,2026-04-08T04:32:49.91761+00:00
266419,LEARNAFRCA,2025-10-31,6.49,,,6.49,1284033,2026-04-08T04:32:52.375955+00:00
266538,LEARNAFRCA,2025-11-03,6.49,,,6.49,203365,2026-04-08T04:32:57.290654+00:00
266657,LEARNAFRCA,2025-11-04,5.85,,,5.85,638200,2026-04-08T04:32:59.739678+00:00
266776,LEARNAFRCA,2025-11-05,5.85,,,5.85,117725,2026-04-08T04:33:02.152799+00:00
266895,LEARNAFRCA,2025-11-06,5.85,,,5.85,132456,2026-04-08T04:33:04.646202+00:00
267014,LEARNAFRCA,2025-11-07,5.85,,,5.85,142532,2026-04-08T04:33:07.145499+00:00
267133,LEARNAFRCA,2025-11-10,5.85,,,5.85,236899,2026-04-08T04:33:11.744122+00:00
267252,LEARNAFRCA,2025-11-11,5.85,,,5.85,186199,2026-04-08T04:33:14.17228+00:00
267371,LEARNAFRCA,2025-11-12,5.85,,,5.85,459595,2026-04-08T04:33:16.719178+00:00
267490,LEARNAFRCA,2025-11-13,5.85,,,5.85,72900,2026-04-08T04:33:19.052814+00:00
267609,LEARNAFRCA,2025-11-14,5.85,,,5.85,29986,2026-04-08T04:33:21.762061+00:00
267728,LEARNAFRCA,2025-11-17,5.85,,,5.85,68268,2026-04-08T04:33:26.271116+00:00
267847,LEARNAFRCA,2025-11-18,5.85,,,5.85,242162,2026-04-08T04:33:29.067053+00:00
267966,LEARNAFRCA,2025-11-19,5.85,,,5.85,191061,2026-04-08T04:33:31.487527+00:00
268085,LEARNAFRCA,2025-11-20,5.8,,,5.8,1403954,2026-04-08T04:33:33.887172+00:00
268204,LEARNAFRCA,2025-11-21,5.8,,,5.8,17294,2026-04-08T04:33:36.654129+00:00
268323,LEARNAFRCA,2025-11-24,5.8,,,5.8,18878,2026-04-08T04:33:41.368891+00:00
268442,LEARNAFRCA,2025-11-25,5.8,,,5.8,31363,2026-04-08T04:33:44.004166+00:00
268561,LEARNAFRCA,2025-11-26,5.22,,,5.22,387552,2026-04-08T04:33:46.260048+00:00
268680,LEARNAFRCA,2025-11-27,5.74,,,5.74,194121,2026-04-08T04:33:48.488035+00:00
268799,LEARNAFRCA,2025-11-28,5.74,,,5.74,107870,2026-04-08T04:33:50.826192+00:00
268918,LEARNAFRCA,2025-12-01,5.74,,,5.74,67864,2026-04-08T04:33:55.236541+00:00
269037,LEARNAFRCA,2025-12-02,5.74,,,5.74,113485,2026-04-08T04:33:57.748335+00:00
269156,LEARNAFRCA,2025-12-03,5.74,,,5.74,176260,2026-04-08T04:34:00.349419+00:00
269275,LEARNAFRCA,2025-12-04,5.74,,,5.74,184061,2026-04-08T04:34:03.142475+00:00
269394,LEARNAFRCA,2025-12-05,5.74,,,5.74,41378,2026-04-08T04:34:05.808951+00:00
269513,LEARNAFRCA,2025-12-08,5.75,,,5.75,265099,2026-04-08T04:34:10.334331+00:00
269632,LEARNAFRCA,2025-12-09,6.3,,,6.3,550008,2026-04-08T04:34:12.926221+00:00
269751,LEARNAFRCA,2025-12-10,6.3,,,6.3,287365,2026-04-08T04:34:15.295879+00:00
269870,LEARNAFRCA,2025-12-11,6.3,,,6.3,240858,2026-04-08T04:34:17.804745+00:00
269989,LEARNAFRCA,2025-12-12,6.3,,,6.3,246670,2026-04-08T04:34:20.615101+00:00
270108,LEARNAFRCA,2025-12-15,6.3,,,6.3,228625,2026-04-08T04:34:25.240467+00:00
270227,LEARNAFRCA,2025-12-16,6.3,,,6.3,436948,2026-04-08T04:34:27.867795+00:00
270346,LEARNAFRCA,2025-12-18,6.3,,,6.3,187681,2026-04-08T04:34:31.321522+00:00
270465,LEARNAFRCA,2025-12-19,6.3,,,6.3,41762,2026-04-08T04:34:33.771022+00:00
270584,LEARNAFRCA,2025-12-22,6.3,,,6.3,372456,2026-04-08T04:34:38.115277+00:00
270703,LEARNAFRCA,2025-12-23,6.3,,,6.3,341068,2026-04-08T04:34:40.661369+00:00
270822,LEARNAFRCA,2025-12-24,6.5,,,6.5,230062,2026-04-08T04:34:43.221402+00:00
270941,LEARNAFRCA,2025-12-29,6.55,,,6.55,432124,2026-04-08T04:34:48.902152+00:00
271060,LEARNAFRCA,2025-12-30,6.55,,,6.55,65297,2026-04-08T04:34:51.359097+00:00
271179,LEARNAFRCA,2025-12-31,6.55,,,6.55,83260,2026-04-08T04:34:53.061316+00:00
271298,LEARNAFRCA,2026-01-02,6.55,,,6.55,89259,2026-04-08T04:34:56.467348+00:00
271417,LEARNAFRCA,2026-01-05,6.55,,,6.55,42503,2026-04-08T04:35:01.008466+00:00
271536,LEARNAFRCA,2026-01-06,5.95,,,5.95,601645,2026-04-08T04:35:03.366972+00:00
271655,LEARNAFRCA,2026-01-07,5.95,,,5.95,243826,2026-04-08T04:35:05.819661+00:00
271774,LEARNAFRCA,2026-01-08,5.95,,,5.95,221423,2026-04-08T04:35:08.163488+00:00
271893,LEARNAFRCA,2026-01-09,5.95,,,5.95,142537,2026-04-08T04:35:10.591402+00:00
272012,LEARNAFRCA,2026-01-12,5.95,,,5.95,230635,2026-04-08T04:35:15.220756+00:00
272131,LEARNAFRCA,2026-01-13,5.95,,,5.95,55372,2026-04-08T04:35:17.864544+00:00
272250,LEARNAFRCA,2026-01-14,5.95,,,5.95,161749,2026-04-08T04:35:20.278959+00:00
272369,LEARNAFRCA,2026-01-15,5.95,,,5.95,240268,2026-04-08T04:35:23.159853+00:00
272488,LEARNAFRCA,2026-01-16,6.5,,,6.5,503577,2026-04-08T04:35:25.571119+00:00
272607,LEARNAFRCA,2026-01-19,7.15,,,7.15,457490,2026-04-08T04:35:30.272746+00:00
272726,LEARNAFRCA,2026-01-20,7.85,,,7.85,1312315,2026-04-08T04:35:32.536083+00:00
272846,LEARNAFRCA,2026-01-21,8.0,,,8.0,3353035,2026-04-08T04:35:34.90344+00:00
272966,LEARNAFRCA,2026-01-22,8.0,,,8.0,428431,2026-04-08T04:35:36.566163+00:00
273086,LEARNAFRCA,2026-01-23,8.75,,,8.75,1482803,2026-04-08T04:35:38.92405+00:00
273206,LEARNAFRCA,2026-01-26,9.0,,,9.0,959692,2026-04-08T04:35:43.383975+00:00
273326,LEARNAFRCA,2026-01-27,9.0,,,9.0,280854,2026-04-08T04:35:45.70946+00:00
273446,LEARNAFRCA,2026-01-28,9.0,,,9.0,1095826,2026-04-08T04:35:48.193808+00:00
273566,LEARNAFRCA,2026-01-29,9.0,,,9.0,120734,2026-04-08T04:35:50.479528+00:00
273686,LEARNAFRCA,2026-01-30,8.1,,,8.1,673143,2026-04-08T04:35:52.855058+00:00
273806,LEARNAFRCA,2026-02-02,8.5,,,8.5,1082556,2026-04-08T04:35:57.524813+00:00
273926,LEARNAFRCA,2026-02-03,8.4,,,8.4,1746689,2026-04-08T04:36:00.137559+00:00
274046,LEARNAFRCA,2026-02-04,9.0,,,9.0,1061639,2026-04-08T04:36:02.592569+00:00
274166,LEARNAFRCA,2026-02-05,9.0,,,9.0,338179,2026-04-08T04:36:04.997535+00:00
274286,LEARNAFRCA,2026-02-06,9.0,,,9.0,412878,2026-04-08T04:36:07.533957+00:00
111,LEARNAFRCA,2026-02-08,,,,9.0,412878,2026-02-08T00:18:13.946+00:00
274406,LEARNAFRCA,2026-02-09,8.9,,,8.9,817226,2026-04-08T04:36:12.456447+00:00
274526,LEARNAFRCA,2026-02-10,9.5,,,9.5,1768304,2026-04-08T04:36:14.818506+00:00
274646,LEARNAFRCA,2026-02-11,9.5,,,9.5,335412,2026-04-08T04:36:17.460702+00:00
269,LEARNAFRCA,2026-02-12,9.2,,,9.2,809465,2026-02-12T09:24:02.4128+00:00
274886,LEARNAFRCA,2026-02-13,9.7,,,9.7,797577,2026-04-08T04:36:22.38356+00:00
275006,LEARNAFRCA,2026-02-16,10.0,,,10.0,814884,2026-04-08T04:36:26.879081+00:00
275126,LEARNAFRCA,2026-02-17,9.4,,,9.4,1026136,2026-04-08T04:36:29.440312+00:00
275246,LEARNAFRCA,2026-02-18,9.4,,,9.4,137050,2026-04-08T04:36:31.166521+00:00
275366,LEARNAFRCA,2026-02-19,9.4,,,9.4,27136,2026-04-08T04:36:33.575564+00:00
563,LEARNAFRCA,2026-02-20,9.0,,,9.0,986302,2026-02-20T23:15:44.934622+00:00
711,LEARNAFRCA,2026-02-23,9.8,,,9.8,1512561,2026-02-23T07:00:01.990412+00:00
859,LEARNAFRCA,2026-02-24,9.8,,,9.8,1142584,2026-02-24T07:00:01.929914+00:00
1007,LEARNAFRCA,2026-02-25,9.0,,,9.0,803233,2026-02-25T07:00:01.953057+00:00
1155,LEARNAFRCA,2026-02-26,9.5,,,9.5,379583,2026-02-26T07:00:01.915173+00:00
1843,LEARNAFRCA,2026-02-27,9.5,,,9.5,1033565,2026-02-27T07:00:02.056517+00:00
2724,LEARNAFRCA,2026-02-28,9.5,,,9.5,1033565,2026-02-28T18:00:03.453641+00:00
2872,LEARNAFRCA,2026-03-01,9.5,,,9.5,1033565,2026-03-01T18:00:03.821122+00:00
3020,LEARNAFRCA,2026-03-02,9.8,,,9.8,457253,2026-03-02T07:00:01.981706+00:00
3984,LEARNAFRCA,2026-03-03,9.8,,,9.8,94925,2026-03-03T07:00:01.858909+00:00
5421,LEARNAFRCA,2026-03-04,9.8,,,9.8,269362,2026-03-04T07:00:02.010027+00:00
7139,LEARNAFRCA,2026-03-05,9.8,,,9.8,551732,2026-03-05T07:00:02.0033+00:00
9655,LEARNAFRCA,2026-03-06,9.8,,,9.8,142736,2026-03-06T07:00:02.033178+00:00
11313,LEARNAFRCA,2026-03-07,9.8,,,9.8,142736,2026-03-07T18:00:06.285951+00:00
11461,LEARNAFRCA,2026-03-08,9.8,,,9.8,142736,2026-03-08T18:00:03.574352+00:00
11609,LEARNAFRCA,2026-03-09,9.8,,,9.8,242096,2026-03-09T07:00:02.016534+00:00
14125,LEARNAFRCA,2026-03-10,9.0,,,9.0,381213,2026-03-10T07:00:03.966079+00:00
15965,LEARNAFRCA,2026-03-11,9.0,,,9.0,256737,2026-03-11T07:00:02.147117+00:00
17681,LEARNAFRCA,2026-03-12,9.0,,,9.0,35765,2026-03-12T07:00:02.06753+00:00
20197,LEARNAFRCA,2026-03-13,8.25,,,8.25,639156,2026-03-13T07:00:01.993197+00:00
23643,LEARNAFRCA,2026-03-16,8.95,,,8.95,347697,2026-03-16T08:30:01.80086+00:00
25474,LEARNAFRCA,2026-03-17,8.95,,,8.95,37220,2026-03-17T08:30:01.70448+00:00
27337,LEARNAFRCA,2026-03-18,9.35,,,9.35,1122613,2026-03-18T08:30:01.732403+00:00
33151,LEARNAFRCA,2026-03-23,9.1,,,9.1,339830,2026-03-23T08:30:01.705825+00:00
34729,LEARNAFRCA,2026-03-24,9.3,,,9.3,720420,2026-03-24T15:00:01.978259+00:00
34877,LEARNAFRCA,2026-03-25,9.35,,,9.35,716743,2026-03-25T15:00:01.528164+00:00
35025,LEARNAFRCA,2026-03-26,9.35,,,9.35,201258,2026-03-26T15:00:01.955832+00:00
35173,LEARNAFRCA,2026-03-27,8.5,,,8.5,715401,2026-03-27T15:00:02.114662+00:00
278246,LEARNAFRCA,2026-03-30,9.3,,,9.3,296066,2026-04-08T04:37:47.74327+00:00
35321,LEARNAFRCA,2026-03-31,9.3,,,9.3,237102,2026-03-31T15:00:02.085058+00:00
278486,LEARNAFRCA,2026-04-01,9.3,,,9.3,119169,2026-04-08T04:37:52.684906+00:00
35469,LEARNAFRCA,2026-04-02,9.3,,,9.3,13275,2026-04-02T15:00:01.864809+00:00
35913,LEARNAFRCA,2026-04-07,9.3,,,9.3,160753,2026-04-07T15:00:01.949344+00:00
278810,LEARNAFRCA,2026-04-08,9.3,,,9.3,235628,2026-04-08T15:00:01.943007+00:00
278957,LEARNAFRCA,2026-04-09,9.3,,,9.3,62059,2026-04-09T15:00:02.085141+00:00
279103,LEARNAFRCA,2026-04-10,9.3,,,9.3,90985,2026-04-10T15:00:01.352272+00:00
279249,LEARNAFRCA,2026-04-13,9.3,,,9.3,276994,2026-04-13T15:00:02.021173+00:00
279395,LEARNAFRCA,2026-04-14,9.3,,,9.3,119800,2026-04-14T15:00:02.477878+00:00
279541,LEARNAFRCA,2026-04-15,9.3,,,9.3,21741,2026-04-15T15:00:02.184222+00:00
279687,LEARNAFRCA,2026-04-16,9.3,,,9.3,36473,2026-04-16T15:00:02.07143+00:00
279833,LEARNAFRCA,2026-04-17,9.3,,,9.3,237832,2026-04-17T15:00:02.06245+00:00
279979,LEARNAFRCA,2026-04-20,9.3,,,9.3,163781,2026-04-20T15:00:01.862344+00:00
280125,LEARNAFRCA,2026-04-21,9.3,,,9.3,324625,2026-04-21T15:00:02.189846+00:00
280271,LEARNAFRCA,2026-04-22,9.3,,,9.3,137480,2026-04-22T15:00:02.200159+00:00
280417,LEARNAFRCA,2026-04-23,9.3,,,9.3,29230,2026-04-23T15:00:02.125151+00:00
280563,LEARNAFRCA,2026-04-24,9.3,,,9.3,318353,2026-04-24T15:00:02.20649+00:00
280709,LEARNAFRCA,2026-04-27,9.3,,,9.3,155114,2026-04-27T15:00:02.034997+00:00
280855,LEARNAFRCA,2026-04-28,9.3,,,9.3,88155,2026-04-28T15:00:01.918241+00:00
281001,LEARNAFRCA,2026-04-29,9.3,,,9.3,303037,2026-04-29T15:00:02.672724+00:00
281147,LEARNAFRCA,2026-04-30,9.3,,,9.3,203682,2026-04-30T15:00:02.170664+00:00
281439,LEARNAFRCA,2026-05-04,8.55,,,8.55,1977609,2026-05-04T15:00:02.156928+00:00
281585,LEARNAFRCA,2026-05-05,8.15,,,8.15,246136,2026-05-05T15:00:01.930748+00:00
281731,LEARNAFRCA,2026-05-06,8.4,,,8.4,186647,2026-05-06T15:00:01.919787+00:00
281877,LEARNAFRCA,2026-05-07,9.1,,,9.1,395429,2026-05-07T15:00:01.995523+00:00
282023,LEARNAFRCA,2026-05-08,8.2,,,8.2,1659135,2026-05-08T15:00:02.118161+00:00
282169,LEARNAFRCA,2026-05-11,8.2,,,8.2,68584,2026-05-11T15:00:02.243132+00:00
282315,LEARNAFRCA,2026-05-12,9.0,,,9.0,404268,2026-05-12T15:00:02.325735+00:00
282461,LEARNAFRCA,2026-05-13,9.0,,,9.0,150114,2026-05-13T15:00:01.887561+00:00
282607,LEARNAFRCA,2026-05-14,9.0,,,9.0,139708,2026-05-14T15:00:01.952989+00:00
282753,LEARNAFRCA,2026-05-15,10.85,,,10.85,1517240,2026-05-15T15:00:01.871578+00:00
282899,LEARNAFRCA,2026-05-18,10.85,,,10.85,1648556,2026-05-18T15:00:01.868607+00:00
283045,LEARNAFRCA,2026-05-19,11.9,,,11.9,1477988,2026-05-19T15:00:01.863653+00:00
283191,LEARNAFRCA,2026-05-20,13.05,,,13.05,1695181,2026-05-20T15:00:01.871845+00:00
283337,LEARNAFRCA,2026-05-21,14.35,,,14.35,1621229,2026-05-21T15:00:01.939198+00:00
283483,LEARNAFRCA,2026-05-22,12.9,,,12.9,1549644,2026-05-22T15:00:02.031345+00:00
283629,LEARNAFRCA,2026-05-25,12.0,,,12.0,2948004,2026-05-25T15:00:01.979384+00:00
283775,LEARNAFRCA,2026-05-26,12.75,,,12.75,1523213,2026-05-26T15:00:01.996051+00:00
284213,LEARNAFRCA,2026-05-29,12.75,,,12.75,289131,2026-05-29T15:00:02.455558+00:00
284359,LEARNAFRCA,2026-06-01,12.75,,,12.75,133041,2026-06-01T15:00:02.603507+00:00
284505,LEARNAFRCA,2026-06-02,12.75,,,12.75,499832,2026-06-02T15:00:02.980523+00:00
284651,LEARNAFRCA,2026-06-03,11.5,,,11.5,355055,2026-06-03T15:00:03.023028+00:00
284797,LEARNAFRCA,2026-06-04,11.5,,,11.5,696715,2026-06-04T15:00:03.321931+00:00
284943,LEARNAFRCA,2026-06-05,11.5,,,11.5,281424,2026-06-05T15:00:03.073061+00:00
285089,LEARNAFRCA,2026-06-08,10.5,,,10.5,722732,2026-06-08T15:00:03.135386+00:00
285235,LEARNAFRCA,2026-06-09,9.45,,,9.45,1042883,2026-06-09T15:00:03.53749+00:00
285381,LEARNAFRCA,2026-06-10,10.0,,,10.0,1249612,2026-06-10T15:10:03.084397+00:00
285819,LEARNAFRCA,2026-06-11,11.0,,,11.0,1216500,2026-06-11T15:10:02.991492+00:00
287571,LEARNAFRCA,2026-06-15,11.0,,,11.0,226602,2026-06-15T15:10:02.896252+00:00
288447,LEARNAFRCA,2026-06-16,11.0,,,11.0,128445,2026-06-16T15:10:02.87997+00:00
289323,LEARNAFRCA,2026-06-17,11.0,,,11.0,222485,2026-06-17T15:10:02.980097+00:00
289761,LEARNAFRCA,2026-06-18,11.0,,,11.0,129294,2026-06-18T15:10:02.932064+00:00
290345,LEARNAFRCA,2026-06-19,11.0,,,11.0,216559,2026-06-19T15:10:02.959085+00:00
291075,LEARNAFRCA,2026-06-22,11.0,,,11.0,675731,2026-06-22T15:10:03.140564+00:00
291659,LEARNAFRCA,2026-06-23,11.0,,,11.0,184457,2026-06-23T15:10:03.017319+00:00
292243,LEARNAFRCA,2026-06-24,11.0,,,11.0,92042,2026-06-24T15:10:03.053149+00:00
292827,LEARNAFRCA,2026-06-25,11.0,,,11.0,129440,2026-06-25T15:10:02.973562+00:00
293265,LEARNAFRCA,2026-06-26,10.0,,,10.0,501276,2026-06-26T15:10:03.012808+00:00
293703,LEARNAFRCA,2026-06-29,9.0,,,9.0,567707,2026-06-29T15:10:03.028054+00:00
294141,LEARNAFRCA,2026-06-30,9.0,,,9.0,64319,2026-06-30T15:10:03.08168+00:00
294579,LEARNAFRCA,2026-07-01,9.0,,,9.0,401582,2026-07-01T15:10:03.133226+00:00
295017,LEARNAFRCA,2026-07-02,9.9,,,9.9,528645,2026-07-02T15:10:03.065554+00:00
295455,LEARNAFRCA,2026-07-03,9.9,,,9.9,444783,2026-07-03T15:10:03.019266+00:00
295893,LEARNAFRCA,2026-07-06,9.9,,,9.9,130503,2026-07-06T15:10:03.100823+00:00
296331,LEARNAFRCA,2026-07-07,9.0,,,9.0,1370118,2026-07-07T15:10:03.687653+00:00
296769,LEARNAFRCA,2026-07-08,9.0,,,9.0,279529,2026-07-08T15:10:02.922872+00:00
297208,LEARNAFRCA,2026-07-09,9.0,,,9.0,220642,2026-07-09T15:10:03.041812+00:00
297646,LEARNAFRCA,2026-07-10,9.0,,,9.0,100188,2026-07-10T15:10:03.284445+00:00
298084,LEARNAFRCA,2026-07-13,9.0,,,9.0,194157,2026-07-13T15:10:02.995074+00:00
298522,LEARNAFRCA,2026-07-14,9.9,,,9.9,317733,2026-07-14T15:10:03.094441+00:00
298960,LEARNAFRCA,2026-07-15,9.9,,,9.9,73941,2026-07-15T15:10:03.078609+00:00
299398,LEARNAFRCA,2026-07-16,9.9,,,9.9,1002385,2026-07-16T15:10:03.113936+00:00
299836,LEARNAFRCA,2026-07-17,10.3,,,10.3,278502,2026-07-17T15:10:03.053983+00:00
