id,symbol,trade_date,open_price,high_price,low_price,close_price,volume,created_at
42816,LINKASSURE,2017-01-03,0.5,,,0.5,0,2026-04-08T02:41:25.765521+00:00
43376,LINKASSURE,2017-01-04,0.5,,,0.5,350000,2026-04-08T02:42:20.164398+00:00
43486,LINKASSURE,2017-01-05,0.5,,,0.5,0,2026-04-08T02:42:22.380516+00:00
43596,LINKASSURE,2017-01-06,0.5,,,0.5,0,2026-04-08T02:42:23.84796+00:00
43686,LINKASSURE,2017-01-09,0.5,,,0.5,245509,2026-04-08T02:42:26.938159+00:00
43796,LINKASSURE,2017-01-10,0.5,,,0.5,20463,2026-04-08T02:42:29.227202+00:00
43906,LINKASSURE,2017-01-11,0.5,,,0.5,20000,2026-04-08T02:42:30.799441+00:00
43996,LINKASSURE,2017-01-12,0.5,,,0.5,1000,2026-04-08T02:42:32.390658+00:00
44126,LINKASSURE,2017-01-13,0.5,,,0.5,124000,2026-04-08T02:42:34.853543+00:00
44216,LINKASSURE,2017-01-16,0.5,,,0.5,467496,2026-04-08T02:42:38.72803+00:00
44326,LINKASSURE,2017-01-17,0.5,,,0.5,220000,2026-04-08T02:42:41.056228+00:00
44436,LINKASSURE,2017-01-18,0.5,,,0.5,1671829,2026-04-08T02:42:42.795307+00:00
44526,LINKASSURE,2017-01-19,0.5,,,0.5,100,2026-04-08T02:42:44.39781+00:00
44636,LINKASSURE,2017-01-20,0.5,,,0.5,100000,2026-04-08T02:42:46.643743+00:00
44746,LINKASSURE,2017-01-23,0.5,,,0.5,18699,2026-04-08T02:42:49.827664+00:00
44856,LINKASSURE,2017-01-24,0.5,,,0.5,4655,2026-04-08T02:42:51.574002+00:00
44946,LINKASSURE,2017-01-25,0.5,,,0.5,1000,2026-04-08T02:42:54.05787+00:00
45056,LINKASSURE,2017-01-26,0.5,,,0.5,100,2026-04-08T02:42:55.759+00:00
45166,LINKASSURE,2017-01-27,0.5,,,0.5,0,2026-04-08T02:42:57.462271+00:00
45276,LINKASSURE,2017-01-30,0.5,,,0.5,0,2026-04-08T02:43:00.905282+00:00
45386,LINKASSURE,2017-01-31,0.5,,,0.5,2500,2026-04-08T02:43:03.07753+00:00
45496,LINKASSURE,2017-02-01,0.5,,,0.5,0,2026-04-08T02:43:04.619173+00:00
45586,LINKASSURE,2017-02-02,0.5,,,0.5,2000,2026-04-08T02:43:06.209007+00:00
45696,LINKASSURE,2017-02-03,0.5,,,0.5,0,2026-04-08T02:43:08.490666+00:00
45806,LINKASSURE,2017-02-06,0.5,,,0.5,0,2026-04-08T02:43:11.037852+00:00
45916,LINKASSURE,2017-02-07,0.5,,,0.5,50000,2026-04-08T02:43:12.662822+00:00
46006,LINKASSURE,2017-02-08,0.5,,,0.5,50,2026-04-08T02:43:14.224877+00:00
46117,LINKASSURE,2017-02-09,0.5,,,0.5,0,2026-04-08T02:43:16.408746+00:00
46228,LINKASSURE,2017-02-10,0.5,,,0.5,0,2026-04-08T02:43:18.597686+00:00
46320,LINKASSURE,2017-02-13,0.5,,,0.5,0,2026-04-08T02:43:22.775561+00:00
46432,LINKASSURE,2017-02-14,0.5,,,0.5,0,2026-04-08T02:43:24.286485+00:00
46544,LINKASSURE,2017-02-15,0.5,,,0.5,0,2026-04-08T02:43:26.422065+00:00
46656,LINKASSURE,2017-02-16,0.5,,,0.5,100,2026-04-08T02:43:28.597754+00:00
46748,LINKASSURE,2017-02-17,0.5,,,0.5,0,2026-04-08T02:43:31.044717+00:00
49416,LINKASSURE,2017-02-20,0.5,,,0.5,0,2026-04-08T02:51:00.639833+00:00
49508,LINKASSURE,2017-02-21,0.5,,,0.5,5,2026-04-08T02:51:03.098475+00:00
46840,LINKASSURE,2017-02-22,0.5,,,0.5,0,2026-04-08T02:44:33.152084+00:00
46932,LINKASSURE,2017-02-23,0.5,,,0.5,0,2026-04-08T02:44:35.448225+00:00
47024,LINKASSURE,2017-02-24,0.5,,,0.5,5000,2026-04-08T02:44:37.781529+00:00
47116,LINKASSURE,2017-02-27,0.5,,,0.5,0,2026-04-08T02:44:42.101817+00:00
47208,LINKASSURE,2017-02-28,0.5,,,0.5,2000,2026-04-08T02:44:45.006295+00:00
47300,LINKASSURE,2017-03-01,0.5,,,0.5,0,2026-04-08T02:44:47.332471+00:00
47392,LINKASSURE,2017-03-02,0.5,,,0.5,100,2026-04-08T02:44:49.657807+00:00
47484,LINKASSURE,2017-03-03,0.5,,,0.5,0,2026-04-08T02:44:51.301699+00:00
47576,LINKASSURE,2017-03-06,0.5,,,0.5,0,2026-04-08T02:44:56.024588+00:00
47668,LINKASSURE,2017-03-07,0.5,,,0.5,500,2026-04-08T02:44:58.263872+00:00
47760,LINKASSURE,2017-03-08,0.5,,,0.5,0,2026-04-08T02:44:59.957789+00:00
47852,LINKASSURE,2017-03-09,0.5,,,0.5,0,2026-04-08T02:45:01.661944+00:00
47944,LINKASSURE,2017-03-10,0.5,,,0.5,0,2026-04-08T02:45:03.96312+00:00
48036,LINKASSURE,2017-03-13,0.5,,,0.5,10,2026-04-08T02:45:08.663664+00:00
48128,LINKASSURE,2017-03-14,0.5,,,0.5,0,2026-04-08T02:45:11.088473+00:00
48220,LINKASSURE,2017-03-15,0.5,,,0.5,0,2026-04-08T02:45:12.861206+00:00
48312,LINKASSURE,2017-03-16,0.5,,,0.5,0,2026-04-08T02:45:15.084197+00:00
48404,LINKASSURE,2017-03-17,0.5,,,0.5,0,2026-04-08T02:45:17.543831+00:00
48496,LINKASSURE,2017-03-20,0.5,,,0.5,0,2026-04-08T02:45:21.873889+00:00
48588,LINKASSURE,2017-03-21,0.5,,,0.5,0,2026-04-08T02:45:25.078347+00:00
48680,LINKASSURE,2017-03-22,0.5,,,0.5,10,2026-04-08T02:45:26.626215+00:00
48772,LINKASSURE,2017-03-23,0.5,,,0.5,0,2026-04-08T02:45:28.377346+00:00
48864,LINKASSURE,2017-03-24,0.5,,,0.5,500,2026-04-08T02:45:30.775015+00:00
48956,LINKASSURE,2017-03-27,0.5,,,0.5,314015,2026-04-08T02:45:34.704999+00:00
49048,LINKASSURE,2017-03-28,0.5,,,0.5,0,2026-04-08T02:45:36.347457+00:00
49140,LINKASSURE,2017-03-29,0.5,,,0.5,0,2026-04-08T02:45:38.731306+00:00
49232,LINKASSURE,2017-03-30,0.5,,,0.5,0,2026-04-08T02:45:40.513553+00:00
49324,LINKASSURE,2017-03-31,0.5,,,0.5,0,2026-04-08T02:45:42.281198+00:00
49600,LINKASSURE,2017-04-03,0.5,,,0.5,0,2026-04-08T02:51:07.481095+00:00
49692,LINKASSURE,2017-04-04,0.5,,,0.5,100,2026-04-08T02:51:09.86923+00:00
49784,LINKASSURE,2017-04-05,0.5,,,0.5,2466380,2026-04-08T02:51:12.308135+00:00
49876,LINKASSURE,2017-04-06,0.5,,,0.5,1000,2026-04-08T02:51:14.846493+00:00
49968,LINKASSURE,2017-04-07,0.5,,,0.5,5000,2026-04-08T02:51:17.320635+00:00
50060,LINKASSURE,2017-04-10,0.5,,,0.5,121850,2026-04-08T02:51:21.583607+00:00
50151,LINKASSURE,2017-04-11,0.5,,,0.5,0,2026-04-08T02:51:23.796131+00:00
50242,LINKASSURE,2017-04-12,0.5,,,0.5,1780,2026-04-08T02:51:26.28287+00:00
50333,LINKASSURE,2017-04-13,0.5,,,0.5,0,2026-04-08T02:51:28.606475+00:00
50424,LINKASSURE,2017-04-18,0.5,,,0.5,0,2026-04-08T02:51:35.070654+00:00
50515,LINKASSURE,2017-04-19,0.5,,,0.5,10,2026-04-08T02:51:37.390681+00:00
50606,LINKASSURE,2017-04-20,0.5,,,0.5,200,2026-04-08T02:51:39.751187+00:00
50697,LINKASSURE,2017-04-21,0.5,,,0.5,120,2026-04-08T02:51:42.059234+00:00
50788,LINKASSURE,2017-04-24,0.5,,,0.5,0,2026-04-08T02:51:46.271638+00:00
50879,LINKASSURE,2017-04-25,0.5,,,0.5,2900,2026-04-08T02:51:48.506234+00:00
50970,LINKASSURE,2017-04-26,0.5,,,0.5,0,2026-04-08T02:51:50.787758+00:00
51061,LINKASSURE,2017-04-27,0.5,,,0.5,0,2026-04-08T02:51:53.168104+00:00
51152,LINKASSURE,2017-04-28,0.5,,,0.5,151890,2026-04-08T02:51:55.619599+00:00
51243,LINKASSURE,2017-05-02,0.5,,,0.5,30000,2026-04-08T02:52:01.291461+00:00
51334,LINKASSURE,2017-05-03,0.5,,,0.5,500,2026-04-08T02:52:03.619408+00:00
51425,LINKASSURE,2017-05-04,0.5,,,0.5,0,2026-04-08T02:52:06.041901+00:00
51516,LINKASSURE,2017-05-05,0.52,,,0.52,250000,2026-04-08T02:52:08.320033+00:00
51607,LINKASSURE,2017-05-08,0.54,,,0.54,571000,2026-04-08T02:52:12.828428+00:00
51698,LINKASSURE,2017-05-09,0.52,,,0.52,137500,2026-04-08T02:52:15.102333+00:00
51789,LINKASSURE,2017-05-10,0.52,,,0.52,616010,2026-04-08T02:52:17.709352+00:00
51880,LINKASSURE,2017-05-11,0.52,,,0.52,502634,2026-04-08T02:52:19.900179+00:00
51971,LINKASSURE,2017-05-12,0.52,,,0.52,1088300,2026-04-08T02:52:22.170941+00:00
52062,LINKASSURE,2017-05-15,0.54,,,0.54,481673,2026-04-08T02:52:26.563035+00:00
52154,LINKASSURE,2017-05-16,0.54,,,0.54,34666,2026-04-08T02:52:28.807233+00:00
52246,LINKASSURE,2017-05-17,0.58,,,0.58,103000,2026-04-08T02:52:31.099411+00:00
52338,LINKASSURE,2017-05-18,0.58,,,0.58,40,2026-04-08T02:52:33.303088+00:00
52430,LINKASSURE,2017-05-19,0.58,,,0.58,361,2026-04-08T02:52:35.640534+00:00
52522,LINKASSURE,2017-05-22,0.6,,,0.6,224971,2026-04-08T02:52:39.854932+00:00
52614,LINKASSURE,2017-05-23,0.6,,,0.6,500,2026-04-08T02:52:42.264162+00:00
52706,LINKASSURE,2017-05-24,0.6,,,0.6,200,2026-04-08T02:52:44.613941+00:00
52798,LINKASSURE,2017-05-25,0.63,,,0.63,100000,2026-04-08T02:52:46.963191+00:00
52890,LINKASSURE,2017-05-26,0.63,,,0.63,4000,2026-04-08T02:52:49.347152+00:00
52982,LINKASSURE,2017-05-30,0.63,,,0.63,27590,2026-04-08T02:52:54.942696+00:00
53074,LINKASSURE,2017-05-31,0.63,,,0.63,0,2026-04-08T02:52:57.421655+00:00
53166,LINKASSURE,2017-06-01,0.57,,,0.57,201000,2026-04-08T02:52:59.649981+00:00
53258,LINKASSURE,2017-06-02,0.55,,,0.55,7635000,2026-04-08T02:53:02.056444+00:00
53350,LINKASSURE,2017-06-05,0.55,,,0.55,288156,2026-04-08T02:53:06.428901+00:00
53442,LINKASSURE,2017-06-06,0.57,,,0.57,358000,2026-04-08T02:53:08.604609+00:00
53534,LINKASSURE,2017-06-07,0.57,,,0.57,11666,2026-04-08T02:53:10.833265+00:00
53626,LINKASSURE,2017-06-08,0.59,,,0.59,866410,2026-04-08T02:53:13.196386+00:00
53718,LINKASSURE,2017-06-09,0.59,,,0.59,0,2026-04-08T02:53:15.53674+00:00
53810,LINKASSURE,2017-06-12,0.59,,,0.59,5000,2026-04-08T02:53:19.709801+00:00
53902,LINKASSURE,2017-06-13,0.59,,,0.59,1000,2026-04-08T02:53:22.046011+00:00
53994,LINKASSURE,2017-06-14,0.59,,,0.59,100,2026-04-08T02:53:24.253383+00:00
54086,LINKASSURE,2017-06-15,0.57,,,0.57,70500,2026-04-08T02:53:26.527181+00:00
54178,LINKASSURE,2017-06-16,0.57,,,0.57,0,2026-04-08T02:53:28.80273+00:00
54270,LINKASSURE,2017-06-19,0.55,,,0.55,439000,2026-04-08T02:53:33.036647+00:00
54362,LINKASSURE,2017-06-20,0.53,,,0.53,2767168,2026-04-08T02:53:35.524675+00:00
54454,LINKASSURE,2017-06-21,0.55,,,0.55,2213894,2026-04-08T02:53:37.865913+00:00
54546,LINKASSURE,2017-06-22,0.59,,,0.59,265100,2026-04-08T02:53:40.094955+00:00
54638,LINKASSURE,2017-06-23,0.61,,,0.61,1426950,2026-04-08T02:53:42.493578+00:00
54730,LINKASSURE,2017-06-28,0.64,,,0.64,88000,2026-04-08T02:53:49.135881+00:00
54822,LINKASSURE,2017-06-29,0.67,,,0.67,400000,2026-04-08T02:53:51.51214+00:00
54914,LINKASSURE,2017-06-30,0.64,,,0.64,358300,2026-04-08T02:53:53.827964+00:00
55006,LINKASSURE,2017-07-03,0.64,,,0.64,0,2026-04-08T02:53:58.279599+00:00
55098,LINKASSURE,2017-07-04,0.64,,,0.64,38394,2026-04-08T02:54:00.563227+00:00
55190,LINKASSURE,2017-07-05,0.61,,,0.61,750501,2026-04-08T02:54:02.831513+00:00
55282,LINKASSURE,2017-07-06,0.61,,,0.61,44125,2026-04-08T02:54:05.078114+00:00
55374,LINKASSURE,2017-07-07,0.58,,,0.58,135390,2026-04-08T02:54:07.286065+00:00
55466,LINKASSURE,2017-07-10,0.58,,,0.58,35300,2026-04-08T02:54:11.798817+00:00
55558,LINKASSURE,2017-07-11,0.6,,,0.6,119996,2026-04-08T02:54:14.116532+00:00
55649,LINKASSURE,2017-07-12,0.63,,,0.63,50000,2026-04-08T02:54:16.498015+00:00
55736,LINKASSURE,2017-07-13,0.6,,,0.6,212000,2026-04-08T02:54:18.840036+00:00
55824,LINKASSURE,2017-07-14,0.57,,,0.57,344166,2026-04-08T02:54:21.336813+00:00
55916,LINKASSURE,2017-07-17,0.59,,,0.59,423000,2026-04-08T02:54:25.561903+00:00
56008,LINKASSURE,2017-07-18,0.57,,,0.57,100000,2026-04-08T02:54:28.120242+00:00
56100,LINKASSURE,2017-07-19,0.57,,,0.57,88194,2026-04-08T02:54:30.645734+00:00
56192,LINKASSURE,2017-07-20,0.55,,,0.55,408100,2026-04-08T02:54:33.025266+00:00
56284,LINKASSURE,2017-07-21,0.55,,,0.55,102850,2026-04-08T02:54:35.480817+00:00
56376,LINKASSURE,2017-07-24,0.57,,,0.57,50000,2026-04-08T02:54:39.934321+00:00
56468,LINKASSURE,2017-07-26,0.55,,,0.55,293640,2026-04-08T02:54:43.20598+00:00
56560,LINKASSURE,2017-07-27,0.57,,,0.57,910000,2026-04-08T02:54:45.547579+00:00
56652,LINKASSURE,2017-07-28,0.59,,,0.59,1096000,2026-04-08T02:54:47.918804+00:00
56744,LINKASSURE,2017-07-31,0.61,,,0.61,110000,2026-04-08T02:54:52.464984+00:00
56836,LINKASSURE,2017-08-01,0.67,,,0.67,614100,2026-04-08T02:54:54.790805+00:00
56928,LINKASSURE,2017-08-02,0.69,,,0.69,505475,2026-04-08T02:54:57.117603+00:00
57020,LINKASSURE,2017-08-03,0.72,,,0.72,1623000,2026-04-08T02:54:59.3729+00:00
57112,LINKASSURE,2017-08-04,0.75,,,0.75,50000,2026-04-08T02:55:01.592641+00:00
57204,LINKASSURE,2017-08-07,0.75,,,0.75,401000,2026-04-08T02:55:06.418828+00:00
57296,LINKASSURE,2017-08-08,0.75,,,0.75,6140,2026-04-08T02:55:08.763983+00:00
57388,LINKASSURE,2017-08-09,0.75,,,0.75,26000,2026-04-08T02:55:11.057796+00:00
57480,LINKASSURE,2017-08-10,0.75,,,0.75,7000,2026-04-08T02:55:13.401484+00:00
57572,LINKASSURE,2017-08-11,0.75,,,0.75,332900,2026-04-08T02:55:15.670877+00:00
57664,LINKASSURE,2017-08-14,0.78,,,0.78,395000,2026-04-08T02:55:20.026285+00:00
57756,LINKASSURE,2017-08-15,0.78,,,0.78,1736,2026-04-08T02:55:22.633816+00:00
57848,LINKASSURE,2017-08-16,0.77,,,0.77,570400,2026-04-08T02:55:24.979188+00:00
57940,LINKASSURE,2017-08-17,0.77,,,0.77,1000000,2026-04-08T02:55:27.3994+00:00
58032,LINKASSURE,2017-08-18,0.77,,,0.77,0,2026-04-08T02:55:29.67842+00:00
58124,LINKASSURE,2017-08-21,0.77,,,0.77,600,2026-04-08T02:55:34.023067+00:00
58216,LINKASSURE,2017-08-22,0.77,,,0.77,19000,2026-04-08T02:55:36.334754+00:00
58308,LINKASSURE,2017-08-23,0.75,,,0.75,50000,2026-04-08T02:55:38.717606+00:00
58400,LINKASSURE,2017-08-24,0.75,,,0.75,21540,2026-04-08T02:55:41.242089+00:00
58492,LINKASSURE,2017-08-25,0.72,,,0.72,105000,2026-04-08T02:55:43.579232+00:00
58584,LINKASSURE,2017-08-28,0.72,,,0.72,155900,2026-04-08T02:55:48.020598+00:00
58676,LINKASSURE,2017-08-29,0.7,,,0.7,60200,2026-04-08T02:55:50.281022+00:00
58768,LINKASSURE,2017-08-30,0.67,,,0.67,504400,2026-04-08T02:55:52.499005+00:00
58860,LINKASSURE,2017-08-31,0.67,,,0.67,5000,2026-04-08T02:55:54.947048+00:00
58952,LINKASSURE,2017-09-05,0.67,,,0.67,2000,2026-04-08T02:56:01.572419+00:00
59044,LINKASSURE,2017-09-06,0.64,,,0.64,200500,2026-04-08T02:56:03.885356+00:00
59136,LINKASSURE,2017-09-07,0.64,,,0.64,20000,2026-04-08T02:56:06.19045+00:00
59228,LINKASSURE,2017-09-11,0.64,,,0.64,60000,2026-04-08T02:56:11.370569+00:00
59320,LINKASSURE,2017-09-12,0.61,,,0.61,250000,2026-04-08T02:56:13.892416+00:00
59412,LINKASSURE,2017-09-13,0.59,,,0.59,151600,2026-04-08T02:56:16.312215+00:00
59504,LINKASSURE,2017-09-14,0.57,,,0.57,300000,2026-04-08T02:56:18.601168+00:00
59596,LINKASSURE,2017-09-15,0.59,,,0.59,758274,2026-04-08T02:56:20.93666+00:00
59688,LINKASSURE,2017-09-16,0.6,,,0.6,76400,2026-04-08T02:56:23.148937+00:00
59780,LINKASSURE,2017-09-19,0.63,,,0.63,59200,2026-04-08T02:56:27.358465+00:00
59872,LINKASSURE,2017-09-20,0.66,,,0.66,371000,2026-04-08T02:56:29.683375+00:00
59964,LINKASSURE,2017-09-21,0.66,,,0.66,1982000,2026-04-08T02:56:31.851594+00:00
60056,LINKASSURE,2017-09-22,0.66,,,0.66,0,2026-04-08T02:56:34.007646+00:00
60148,LINKASSURE,2017-09-25,0.66,,,0.66,1320000,2026-04-08T02:56:38.385386+00:00
60240,LINKASSURE,2017-09-26,0.66,,,0.66,75735,2026-04-08T02:56:40.657356+00:00
60332,LINKASSURE,2017-09-27,0.69,,,0.69,64000,2026-04-08T02:56:42.968732+00:00
60424,LINKASSURE,2017-09-28,0.69,,,0.69,43111,2026-04-08T02:56:45.128996+00:00
60516,LINKASSURE,2017-09-29,0.69,,,0.69,0,2026-04-08T02:56:47.398677+00:00
60608,LINKASSURE,2017-10-03,0.69,,,0.69,41804,2026-04-08T02:56:52.779733+00:00
60700,LINKASSURE,2017-10-04,0.69,,,0.69,3400,2026-04-08T02:56:55.065177+00:00
60792,LINKASSURE,2017-10-05,0.75,,,0.75,195372,2026-04-08T02:56:57.377802+00:00
60884,LINKASSURE,2017-10-06,0.75,,,0.75,92359,2026-04-08T02:56:59.661092+00:00
60976,LINKASSURE,2017-10-09,0.72,,,0.72,735110,2026-04-08T02:57:04.043492+00:00
61068,LINKASSURE,2017-10-10,0.75,,,0.75,1283636,2026-04-08T02:57:06.326055+00:00
61160,LINKASSURE,2017-10-11,0.8,,,0.8,3208076,2026-04-08T02:57:08.620281+00:00
61252,LINKASSURE,2017-10-12,0.84,,,0.84,750000,2026-04-08T02:57:10.950839+00:00
61344,LINKASSURE,2017-10-13,0.88,,,0.88,84809,2026-04-08T02:57:13.525709+00:00
61436,LINKASSURE,2017-10-16,0.88,,,0.88,33191,2026-04-08T02:57:17.895676+00:00
61528,LINKASSURE,2017-10-17,0.88,,,0.88,20000,2026-04-08T02:57:20.31307+00:00
61620,LINKASSURE,2017-10-18,0.88,,,0.88,56548,2026-04-08T02:57:22.526226+00:00
61712,LINKASSURE,2017-10-19,0.84,,,0.84,67380,2026-04-08T02:57:24.865827+00:00
61804,LINKASSURE,2017-10-20,0.88,,,0.88,577620,2026-04-08T02:57:27.091081+00:00
61896,LINKASSURE,2017-10-23,0.84,,,0.84,639568,2026-04-08T02:57:31.703062+00:00
61988,LINKASSURE,2017-10-24,0.87,,,0.87,655100,2026-04-08T02:57:34.020008+00:00
62080,LINKASSURE,2017-10-25,0.87,,,0.87,121901,2026-04-08T02:57:36.254878+00:00
62172,LINKASSURE,2017-10-26,0.86,,,0.86,961300,2026-04-08T02:57:38.639324+00:00
62264,LINKASSURE,2017-10-27,0.9,,,0.9,120000,2026-04-08T02:57:40.810349+00:00
62356,LINKASSURE,2017-10-30,0.9,,,0.9,0,2026-04-08T02:57:45.233404+00:00
62448,LINKASSURE,2017-10-31,0.86,,,0.86,250000,2026-04-08T02:57:47.538171+00:00
62540,LINKASSURE,2017-11-01,0.86,,,0.86,100,2026-04-08T02:57:49.900698+00:00
62632,LINKASSURE,2017-11-02,0.82,,,0.82,205100,2026-04-08T02:57:52.192143+00:00
62724,LINKASSURE,2017-11-03,0.78,,,0.78,50000,2026-04-08T02:57:54.512232+00:00
62816,LINKASSURE,2017-11-06,0.8,,,0.8,370120,2026-04-08T02:57:59.23147+00:00
62908,LINKASSURE,2017-11-07,0.76,,,0.76,109000,2026-04-08T02:58:01.524363+00:00
63000,LINKASSURE,2017-11-08,0.73,,,0.73,100160,2026-04-08T02:58:03.79912+00:00
63092,LINKASSURE,2017-11-09,0.71,,,0.71,100000,2026-04-08T02:58:06.050925+00:00
63184,LINKASSURE,2017-11-10,0.68,,,0.68,149000,2026-04-08T02:58:08.423322+00:00
63276,LINKASSURE,2017-11-13,0.65,,,0.65,120000,2026-04-08T02:58:12.832851+00:00
63368,LINKASSURE,2017-11-14,0.62,,,0.62,507082,2026-04-08T02:58:15.182817+00:00
63460,LINKASSURE,2017-11-15,0.59,,,0.59,115500,2026-04-08T02:58:17.483941+00:00
63552,LINKASSURE,2017-11-16,0.57,,,0.57,279200,2026-04-08T02:58:19.932158+00:00
63644,LINKASSURE,2017-11-17,0.56,,,0.56,114000,2026-04-08T02:58:22.230505+00:00
63736,LINKASSURE,2017-11-20,0.58,,,0.58,251096,2026-04-08T02:58:26.609741+00:00
63828,LINKASSURE,2017-11-21,0.61,,,0.61,214000,2026-04-08T02:58:29.044371+00:00
63920,LINKASSURE,2017-11-22,0.64,,,0.64,296612,2026-04-08T02:58:31.282092+00:00
64012,LINKASSURE,2017-11-23,0.64,,,0.64,132694,2026-04-08T02:58:33.589475+00:00
64104,LINKASSURE,2017-11-24,0.64,,,0.64,425676,2026-04-08T02:58:35.965247+00:00
64196,LINKASSURE,2017-11-27,0.61,,,0.61,200100,2026-04-08T02:58:40.303262+00:00
64288,LINKASSURE,2017-11-28,0.63,,,0.63,5378289,2026-04-08T02:58:42.596324+00:00
64380,LINKASSURE,2017-11-29,0.65,,,0.65,20799861,2026-04-08T02:58:44.979081+00:00
64472,LINKASSURE,2017-11-30,0.62,,,0.62,4887354,2026-04-08T02:58:47.226359+00:00
64564,LINKASSURE,2017-12-04,0.65,,,0.65,80000,2026-04-08T02:58:52.54699+00:00
64656,LINKASSURE,2017-12-05,0.65,,,0.65,356420,2026-04-08T02:58:54.773083+00:00
64748,LINKASSURE,2017-12-06,0.62,,,0.62,670000,2026-04-08T02:58:57.263783+00:00
64840,LINKASSURE,2017-12-07,0.62,,,0.62,177000,2026-04-08T02:58:59.55462+00:00
64932,LINKASSURE,2017-12-08,0.68,,,0.68,226209,2026-04-08T02:59:01.865905+00:00
65024,LINKASSURE,2017-12-11,0.65,,,0.65,200350,2026-04-08T02:59:06.715792+00:00
65116,LINKASSURE,2017-12-12,0.62,,,0.62,100000,2026-04-08T02:59:09.170602+00:00
65208,LINKASSURE,2017-12-13,0.6,,,0.6,503000,2026-04-08T02:59:11.522814+00:00
65300,LINKASSURE,2017-12-14,0.58,,,0.58,480958,2026-04-08T02:59:13.751616+00:00
65392,LINKASSURE,2017-12-15,0.58,,,0.58,3000000,2026-04-08T02:59:16.016878+00:00
65484,LINKASSURE,2017-12-18,0.58,,,0.58,541667,2026-04-08T02:59:20.496704+00:00
65576,LINKASSURE,2017-12-19,0.6,,,0.6,15425000,2026-04-08T02:59:22.691103+00:00
65668,LINKASSURE,2017-12-20,0.63,,,0.63,2559562,2026-04-08T02:59:25.001427+00:00
65760,LINKASSURE,2017-12-21,0.66,,,0.66,141820,2026-04-08T02:59:27.554405+00:00
65852,LINKASSURE,2017-12-22,0.69,,,0.69,183607,2026-04-08T02:59:29.82771+00:00
65944,LINKASSURE,2017-12-27,0.69,,,0.69,36393,2026-04-08T02:59:36.63878+00:00
66036,LINKASSURE,2017-12-28,0.66,,,0.66,208500,2026-04-08T02:59:39.04539+00:00
66128,LINKASSURE,2017-12-29,0.66,,,0.66,10500,2026-04-08T02:59:41.445401+00:00
66220,LINKASSURE,2018-01-02,0.69,,,0.69,401500,2026-04-08T02:59:46.944851+00:00
66312,LINKASSURE,2018-01-03,0.72,,,0.72,396000,2026-04-08T02:59:49.25236+00:00
66404,LINKASSURE,2018-01-04,0.75,,,0.75,307500,2026-04-08T02:59:51.440942+00:00
66496,LINKASSURE,2018-01-05,0.78,,,0.78,72000,2026-04-08T02:59:53.632679+00:00
66588,LINKASSURE,2018-01-08,0.78,,,0.78,5000,2026-04-08T02:59:58.187375+00:00
66680,LINKASSURE,2018-01-09,0.8,,,0.8,584087,2026-04-08T03:00:00.526076+00:00
66772,LINKASSURE,2018-01-10,0.84,,,0.84,1268500,2026-04-08T03:00:02.789006+00:00
66864,LINKASSURE,2018-01-11,0.83,,,0.83,871997,2026-04-08T03:00:05.007224+00:00
66956,LINKASSURE,2018-01-12,0.9,,,0.9,1238414,2026-04-08T03:00:07.437621+00:00
67048,LINKASSURE,2018-01-15,0.86,,,0.86,672000,2026-04-08T03:00:11.967979+00:00
67140,LINKASSURE,2018-01-16,0.86,,,0.86,53000,2026-04-08T03:00:14.274869+00:00
67232,LINKASSURE,2018-01-17,0.87,,,0.87,3521583,2026-04-08T03:00:16.592861+00:00
67324,LINKASSURE,2018-01-18,0.84,,,0.84,6441200,2026-04-08T03:00:18.874572+00:00
67416,LINKASSURE,2018-01-19,0.8,,,0.8,581200,2026-04-08T03:00:21.223293+00:00
67508,LINKASSURE,2018-01-22,0.8,,,0.8,144000,2026-04-08T03:00:25.613479+00:00
67600,LINKASSURE,2018-01-23,0.73,,,0.73,1332000,2026-04-08T03:00:27.792672+00:00
67692,LINKASSURE,2018-01-24,0.73,,,0.73,602300,2026-04-08T03:00:29.955701+00:00
67784,LINKASSURE,2018-01-25,0.75,,,0.75,644000,2026-04-08T03:00:32.149736+00:00
67876,LINKASSURE,2018-01-26,0.75,,,0.75,600001,2026-04-08T03:00:34.314441+00:00
67968,LINKASSURE,2018-01-30,0.69,,,0.69,1221073,2026-04-08T03:00:39.498781+00:00
68060,LINKASSURE,2018-01-31,0.69,,,0.69,1159500,2026-04-08T03:00:41.874276+00:00
68152,LINKASSURE,2018-02-01,0.69,,,0.69,4585798,2026-04-08T03:00:44.260901+00:00
68244,LINKASSURE,2018-02-02,0.68,,,0.68,4204010,2026-04-08T03:00:46.552556+00:00
68336,LINKASSURE,2018-02-05,0.72,,,0.72,3470946,2026-04-08T03:00:50.820837+00:00
68428,LINKASSURE,2018-02-06,0.74,,,0.74,7991057,2026-04-08T03:00:53.862975+00:00
68520,LINKASSURE,2018-02-07,0.79,,,0.79,5875017,2026-04-08T03:00:56.249659+00:00
68612,LINKASSURE,2018-02-08,0.82,,,0.82,5098991,2026-04-08T03:00:58.532515+00:00
68704,LINKASSURE,2018-02-12,0.88,,,0.88,3680934,2026-04-08T03:01:04.382325+00:00
68796,LINKASSURE,2018-02-13,0.92,,,0.92,2244900,2026-04-08T03:01:06.5746+00:00
68888,LINKASSURE,2018-02-14,0.92,,,0.92,3070273,2026-04-08T03:01:08.960618+00:00
68980,LINKASSURE,2018-02-15,0.88,,,0.88,4271409,2026-04-08T03:01:11.158693+00:00
69072,LINKASSURE,2018-02-16,0.88,,,0.88,300767842,2026-04-08T03:01:13.607551+00:00
69164,LINKASSURE,2018-02-19,0.96,,,0.96,5198791,2026-04-08T03:01:18.187191+00:00
69256,LINKASSURE,2018-02-20,0.92,,,0.92,245730,2026-04-08T03:01:20.554931+00:00
69348,LINKASSURE,2018-02-22,0.92,,,0.92,15000,2026-04-08T03:01:23.957413+00:00
69440,LINKASSURE,2018-02-26,0.88,,,0.88,709543,2026-04-08T03:01:29.317338+00:00
69532,LINKASSURE,2018-02-27,0.9,,,0.9,517500,2026-04-08T03:01:31.58282+00:00
69624,LINKASSURE,2018-02-28,0.86,,,0.86,153542,2026-04-08T03:01:33.916623+00:00
69716,LINKASSURE,2018-03-01,0.86,,,0.86,100612,2026-04-08T03:01:36.321302+00:00
69808,LINKASSURE,2018-03-02,0.89,,,0.89,1222903,2026-04-08T03:01:38.625174+00:00
69900,LINKASSURE,2018-03-05,0.85,,,0.85,1030324,2026-04-08T03:01:43.47208+00:00
69992,LINKASSURE,2018-03-06,0.85,,,0.85,144454,2026-04-08T03:01:45.677681+00:00
70084,LINKASSURE,2018-03-08,0.86,,,0.86,320000,2026-04-08T03:01:48.923554+00:00
70176,LINKASSURE,2018-03-09,0.85,,,0.85,1440000,2026-04-08T03:01:51.131195+00:00
70268,LINKASSURE,2018-03-12,0.82,,,0.82,1206700,2026-04-08T03:01:55.382529+00:00
70360,LINKASSURE,2018-03-13,0.86,,,0.86,760510,2026-04-08T03:01:57.721961+00:00
70452,LINKASSURE,2018-03-14,0.83,,,0.83,117573,2026-04-08T03:02:00.06799+00:00
70544,LINKASSURE,2018-03-15,0.85,,,0.85,419416,2026-04-08T03:02:02.587626+00:00
70636,LINKASSURE,2018-03-16,0.81,,,0.81,10341693,2026-04-08T03:02:05.049003+00:00
70728,LINKASSURE,2018-03-19,0.77,,,0.77,5946446,2026-04-08T03:02:09.713694+00:00
70820,LINKASSURE,2018-03-20,0.77,,,0.77,47007,2026-04-08T03:02:12.039098+00:00
70912,LINKASSURE,2018-03-21,0.8,,,0.8,7728976,2026-04-08T03:02:14.26344+00:00
71004,LINKASSURE,2018-03-22,0.8,,,0.8,323675,2026-04-08T03:02:16.655807+00:00
71096,LINKASSURE,2018-03-23,0.8,,,0.8,191895,2026-04-08T03:02:19.005936+00:00
71188,LINKASSURE,2018-03-26,0.84,,,0.84,2517200,2026-04-08T03:02:23.356301+00:00
71280,LINKASSURE,2018-03-27,0.83,,,0.83,1300000,2026-04-08T03:02:25.602463+00:00
71372,LINKASSURE,2018-03-28,0.83,,,0.83,62800,2026-04-08T03:02:28.271075+00:00
71464,LINKASSURE,2018-03-29,0.83,,,0.83,22200,2026-04-08T03:02:31.326472+00:00
71556,LINKASSURE,2018-04-03,0.79,,,0.79,5864400,2026-04-08T03:02:37.862294+00:00
71648,LINKASSURE,2018-04-04,0.82,,,0.82,1010000,2026-04-08T03:02:40.086392+00:00
71740,LINKASSURE,2018-04-05,0.84,,,0.84,3323000,2026-04-08T03:02:42.518452+00:00
71832,LINKASSURE,2018-04-09,0.8,,,0.8,789941,2026-04-08T03:02:48.00481+00:00
71924,LINKASSURE,2018-04-10,0.81,,,0.81,1055700,2026-04-08T03:02:50.293549+00:00
72016,LINKASSURE,2018-04-11,0.84,,,0.84,202400,2026-04-08T03:02:52.723357+00:00
72108,LINKASSURE,2018-04-12,0.84,,,0.84,21100,2026-04-08T03:02:54.976434+00:00
72200,LINKASSURE,2018-04-13,0.8,,,0.8,532700,2026-04-08T03:02:57.419716+00:00
72293,LINKASSURE,2018-04-16,0.8,,,0.8,6600,2026-04-08T03:03:01.748445+00:00
72386,LINKASSURE,2018-04-17,0.8,,,0.8,355166,2026-04-08T03:03:04.013915+00:00
72479,LINKASSURE,2018-04-18,0.8,,,0.8,572500,2026-04-08T03:03:06.304604+00:00
72572,LINKASSURE,2018-04-19,0.8,,,0.8,224841,2026-04-08T03:03:08.631091+00:00
72665,LINKASSURE,2018-04-20,0.79,,,0.79,1457430,2026-04-08T03:03:11.181142+00:00
72758,LINKASSURE,2018-04-23,0.78,,,0.78,244000,2026-04-08T03:03:15.702548+00:00
72851,LINKASSURE,2018-04-24,0.79,,,0.79,1226950,2026-04-08T03:03:17.976864+00:00
72944,LINKASSURE,2018-04-25,0.82,,,0.82,361650,2026-04-08T03:03:20.281484+00:00
73037,LINKASSURE,2018-04-26,0.82,,,0.82,20100,2026-04-08T03:03:22.503544+00:00
73130,LINKASSURE,2018-04-27,0.85,,,0.85,1988000,2026-04-08T03:03:24.801147+00:00
73223,LINKASSURE,2018-04-30,0.85,,,0.85,128600,2026-04-08T03:03:29.288658+00:00
73316,LINKASSURE,2018-05-02,0.85,,,0.85,265985,2026-04-08T03:03:32.97882+00:00
73409,LINKASSURE,2018-05-03,0.85,,,0.85,500,2026-04-08T03:03:35.46093+00:00
73502,LINKASSURE,2018-05-04,0.85,,,0.85,8000,2026-04-08T03:03:38.142449+00:00
73595,LINKASSURE,2018-05-07,0.81,,,0.81,1278250,2026-04-08T03:03:42.835383+00:00
73688,LINKASSURE,2018-05-08,0.84,,,0.84,4111000,2026-04-08T03:03:45.094212+00:00
73781,LINKASSURE,2018-05-09,0.87,,,0.87,1356726,2026-04-08T03:03:47.354492+00:00
73874,LINKASSURE,2018-05-10,0.91,,,0.91,4829330,2026-04-08T03:03:49.581225+00:00
73967,LINKASSURE,2018-05-11,0.95,,,0.95,1618658,2026-04-08T03:03:51.923758+00:00
74060,LINKASSURE,2018-05-14,0.95,,,0.95,105850,2026-04-08T03:03:56.261604+00:00
74153,LINKASSURE,2018-05-15,0.91,,,0.91,557000,2026-04-08T03:03:58.63318+00:00
74246,LINKASSURE,2018-05-16,0.91,,,0.91,175200,2026-04-08T03:04:02.494817+00:00
74339,LINKASSURE,2018-05-17,0.9,,,0.9,1109864,2026-04-08T03:04:04.853265+00:00
74432,LINKASSURE,2018-05-18,0.9,,,0.9,1279000,2026-04-08T03:04:09.280828+00:00
74525,LINKASSURE,2018-05-21,0.88,,,0.88,1090876,2026-04-08T03:04:14.640212+00:00
74618,LINKASSURE,2018-05-22,0.91,,,0.91,1765084,2026-04-08T03:04:17.13602+00:00
74711,LINKASSURE,2018-05-24,0.83,,,0.83,225110,2026-04-08T03:04:20.857799+00:00
74804,LINKASSURE,2018-05-25,0.83,,,0.83,316000,2026-04-08T03:04:23.533051+00:00
74897,LINKASSURE,2018-05-28,0.79,,,0.79,1619007,2026-04-08T03:04:28.151981+00:00
74990,LINKASSURE,2018-05-31,0.83,,,0.83,1025583,2026-04-08T03:04:33.384321+00:00
75083,LINKASSURE,2018-06-01,0.83,,,0.83,641997,2026-04-08T03:04:35.846588+00:00
75176,LINKASSURE,2018-06-04,0.81,,,0.81,957000,2026-04-08T03:04:40.216574+00:00
75269,LINKASSURE,2018-06-05,0.81,,,0.81,21000,2026-04-08T03:04:42.57091+00:00
75362,LINKASSURE,2018-06-06,0.83,,,0.83,2024620,2026-04-08T03:04:44.928825+00:00
75455,LINKASSURE,2018-06-07,0.84,,,0.84,221300,2026-04-08T03:04:47.263813+00:00
75548,LINKASSURE,2018-06-08,0.84,,,0.84,139363,2026-04-08T03:04:49.462509+00:00
75641,LINKASSURE,2018-06-11,0.87,,,0.87,131000,2026-04-08T03:04:53.988129+00:00
75734,LINKASSURE,2018-06-12,0.88,,,0.88,261500,2026-04-08T03:04:56.284057+00:00
75827,LINKASSURE,2018-06-13,0.87,,,0.87,593200,2026-04-08T03:04:58.638577+00:00
75920,LINKASSURE,2018-06-14,0.86,,,0.86,604433,2026-04-08T03:05:00.901161+00:00
76013,LINKASSURE,2018-06-19,0.86,,,0.86,135526,2026-04-08T03:05:07.639029+00:00
76106,LINKASSURE,2018-06-20,0.86,,,0.86,5050,2026-04-08T03:05:09.924133+00:00
76199,LINKASSURE,2018-06-21,0.87,,,0.87,2150000,2026-04-08T03:05:12.376626+00:00
76292,LINKASSURE,2018-06-22,0.87,,,0.87,218954,2026-04-08T03:05:14.680862+00:00
76385,LINKASSURE,2018-06-25,0.83,,,0.83,980195,2026-04-08T03:05:19.028214+00:00
76479,LINKASSURE,2018-06-26,0.8,,,0.8,5684126,2026-04-08T03:05:21.361472+00:00
76573,LINKASSURE,2018-06-27,0.77,,,0.77,1187966,2026-04-08T03:05:23.730487+00:00
76667,LINKASSURE,2018-06-28,0.8,,,0.8,1000060,2026-04-08T03:05:26.342484+00:00
76761,LINKASSURE,2018-06-29,0.8,,,0.8,55000,2026-04-08T03:05:28.786725+00:00
76855,LINKASSURE,2018-07-02,0.8,,,0.8,30000,2026-04-08T03:05:34.742081+00:00
76949,LINKASSURE,2018-07-03,0.8,,,0.8,275145,2026-04-08T03:05:37.830893+00:00
77043,LINKASSURE,2018-07-04,0.8,,,0.8,133343,2026-04-08T03:05:40.225299+00:00
77137,LINKASSURE,2018-07-05,0.8,,,0.8,101300,2026-04-08T03:05:42.479897+00:00
77231,LINKASSURE,2018-07-06,0.8,,,0.8,240709,2026-04-08T03:05:44.93013+00:00
77325,LINKASSURE,2018-07-09,0.8,,,0.8,1490,2026-04-08T03:05:49.395513+00:00
77419,LINKASSURE,2018-07-10,0.8,,,0.8,240002,2026-04-08T03:05:51.797285+00:00
77513,LINKASSURE,2018-07-11,0.73,,,0.73,138900,2026-04-08T03:05:54.14171+00:00
77607,LINKASSURE,2018-07-12,0.72,,,0.72,557291,2026-04-08T03:05:56.629461+00:00
77701,LINKASSURE,2018-07-13,0.72,,,0.72,232000,2026-04-08T03:05:59.112955+00:00
77795,LINKASSURE,2018-07-16,0.7,,,0.7,433900,2026-04-08T03:06:03.612411+00:00
77890,LINKASSURE,2018-07-17,0.67,,,0.67,1248260,2026-04-08T03:06:06.031894+00:00
77985,LINKASSURE,2018-07-18,0.73,,,0.73,493575,2026-04-08T03:06:08.398083+00:00
78080,LINKASSURE,2018-07-19,0.79,,,0.79,755000,2026-04-08T03:06:10.625391+00:00
78175,LINKASSURE,2018-07-20,0.79,,,0.79,194632,2026-04-08T03:06:13.100822+00:00
78270,LINKASSURE,2018-07-23,0.8,,,0.8,246500,2026-04-08T03:06:17.450644+00:00
78365,LINKASSURE,2018-07-24,0.8,,,0.8,63870,2026-04-08T03:06:19.846153+00:00
78460,LINKASSURE,2018-07-25,0.8,,,0.8,19550,2026-04-08T03:06:22.17218+00:00
78555,LINKASSURE,2018-07-26,0.8,,,0.8,98752,2026-04-08T03:06:24.338643+00:00
78650,LINKASSURE,2018-07-27,0.8,,,0.8,5060,2026-04-08T03:06:26.70773+00:00
78745,LINKASSURE,2018-07-30,0.8,,,0.8,130430,2026-04-08T03:06:31.357035+00:00
78840,LINKASSURE,2018-07-31,0.8,,,0.8,33806,2026-04-08T03:06:33.766078+00:00
78935,LINKASSURE,2018-08-01,0.8,,,0.8,26450,2026-04-08T03:06:36.22345+00:00
79030,LINKASSURE,2018-08-02,0.8,,,0.8,174900,2026-04-08T03:06:38.596191+00:00
79125,LINKASSURE,2018-08-03,0.8,,,0.8,11616,2026-04-08T03:06:41.315743+00:00
79220,LINKASSURE,2018-08-06,0.8,,,0.8,14860,2026-04-08T03:06:46.359416+00:00
79315,LINKASSURE,2018-08-07,0.8,,,0.8,132133,2026-04-08T03:06:48.623378+00:00
79410,LINKASSURE,2018-08-08,0.8,,,0.8,34306,2026-04-08T03:06:51.110249+00:00
79505,LINKASSURE,2018-08-09,0.72,,,0.72,1480884,2026-04-08T03:06:53.45187+00:00
79600,LINKASSURE,2018-08-10,0.72,,,0.72,281941,2026-04-08T03:06:56.254972+00:00
79695,LINKASSURE,2018-08-13,0.72,,,0.72,9600,2026-04-08T03:07:00.870215+00:00
79790,LINKASSURE,2018-08-14,0.62,,,0.62,515582,2026-04-08T03:07:03.258394+00:00
79885,LINKASSURE,2018-08-15,0.68,,,0.68,1350000,2026-04-08T03:07:05.636903+00:00
79980,LINKASSURE,2018-08-16,0.74,,,0.74,184500,2026-04-08T03:07:07.96787+00:00
80075,LINKASSURE,2018-08-17,0.74,,,0.74,0,2026-04-08T03:07:10.276143+00:00
80170,LINKASSURE,2018-08-20,0.74,,,0.74,103000,2026-04-08T03:07:14.92421+00:00
80265,LINKASSURE,2018-08-24,0.74,,,0.74,1612000,2026-04-08T03:07:20.612873+00:00
80360,LINKASSURE,2018-08-27,0.81,,,0.81,316710,2026-04-08T03:07:24.735515+00:00
80455,LINKASSURE,2018-08-28,0.75,,,0.75,271599,2026-04-08T03:07:26.964049+00:00
80550,LINKASSURE,2018-08-29,0.75,,,0.75,764466,2026-04-08T03:07:29.382314+00:00
80645,LINKASSURE,2018-08-30,0.75,,,0.75,65809,2026-04-08T03:07:31.753519+00:00
80740,LINKASSURE,2018-08-31,0.75,,,0.75,89942,2026-04-08T03:07:34.108038+00:00
80835,LINKASSURE,2018-09-03,0.72,,,0.72,533875,2026-04-08T03:07:38.483999+00:00
80930,LINKASSURE,2018-09-05,0.68,,,0.68,20050,2026-04-08T03:07:41.733647+00:00
81025,LINKASSURE,2018-09-06,0.7,,,0.7,576000,2026-04-08T03:07:44.232746+00:00
81120,LINKASSURE,2018-09-07,0.7,,,0.7,1548351,2026-04-08T03:07:46.695234+00:00
81215,LINKASSURE,2018-09-10,0.7,,,0.7,18000,2026-04-08T03:07:51.133138+00:00
81313,LINKASSURE,2018-09-11,0.7,,,0.7,3533,2026-04-08T03:07:53.572062+00:00
81415,LINKASSURE,2018-09-12,0.7,,,0.7,0,2026-04-08T03:07:56.190409+00:00
81517,LINKASSURE,2018-09-13,0.65,,,0.65,447891,2026-04-08T03:07:58.529226+00:00
81619,LINKASSURE,2018-09-14,0.59,,,0.59,474364,2026-04-08T03:08:00.944137+00:00
81721,LINKASSURE,2018-09-17,0.59,,,0.59,474589,2026-04-08T03:08:05.572353+00:00
81823,LINKASSURE,2018-09-18,0.59,,,0.59,1778067,2026-04-08T03:08:07.840784+00:00
81925,LINKASSURE,2018-09-19,0.64,,,0.64,520000,2026-04-08T03:08:10.07554+00:00
82027,LINKASSURE,2018-09-20,0.64,,,0.64,549100,2026-04-08T03:08:12.389642+00:00
82129,LINKASSURE,2018-09-21,0.64,,,0.64,747500,2026-04-08T03:08:14.761127+00:00
82231,LINKASSURE,2018-09-24,0.64,,,0.64,268451,2026-04-08T03:08:19.182113+00:00
82333,LINKASSURE,2018-09-25,0.64,,,0.64,451000,2026-04-08T03:08:21.370615+00:00
82435,LINKASSURE,2018-09-26,0.64,,,0.64,755881,2026-04-08T03:08:24.494451+00:00
82537,LINKASSURE,2018-09-27,0.7,,,0.7,2322451,2026-04-08T03:08:26.812803+00:00
82639,LINKASSURE,2018-09-28,0.7,,,0.7,62900,2026-04-08T03:08:29.283021+00:00
82741,LINKASSURE,2018-10-02,0.7,,,0.7,121290,2026-04-08T03:08:34.887787+00:00
82843,LINKASSURE,2018-10-04,0.7,,,0.7,314504,2026-04-08T03:08:38.279141+00:00
82945,LINKASSURE,2018-10-05,0.7,,,0.7,274900,2026-04-08T03:08:40.455926+00:00
83047,LINKASSURE,2018-10-08,0.7,,,0.7,0,2026-04-08T03:08:45.286665+00:00
83149,LINKASSURE,2018-10-09,0.64,,,0.64,390000,2026-04-08T03:08:47.584215+00:00
83251,LINKASSURE,2018-10-10,0.64,,,0.64,27985,2026-04-08T03:08:50.198924+00:00
83353,LINKASSURE,2018-10-11,0.64,,,0.64,161800,2026-04-08T03:08:52.595743+00:00
83455,LINKASSURE,2018-10-12,0.64,,,0.64,40200,2026-04-08T03:08:54.923298+00:00
83557,LINKASSURE,2018-10-15,0.64,,,0.64,76000,2026-04-08T03:08:59.688494+00:00
83659,LINKASSURE,2018-10-16,0.64,,,0.64,1500,2026-04-08T03:09:01.98694+00:00
83761,LINKASSURE,2018-10-17,0.62,,,0.62,126906,2026-04-08T03:09:04.302348+00:00
83863,LINKASSURE,2018-10-18,0.62,,,0.62,272500,2026-04-08T03:09:06.644992+00:00
83965,LINKASSURE,2018-10-19,0.66,,,0.66,708865,2026-04-08T03:09:09.038287+00:00
84067,LINKASSURE,2018-10-22,0.66,,,0.66,8500,2026-04-08T03:09:13.967+00:00
84169,LINKASSURE,2018-10-23,0.66,,,0.66,339979,2026-04-08T03:09:16.194722+00:00
84271,LINKASSURE,2018-10-24,0.66,,,0.66,146500,2026-04-08T03:09:18.448083+00:00
84373,LINKASSURE,2018-10-25,0.66,,,0.66,196500,2026-04-08T03:09:20.631413+00:00
84475,LINKASSURE,2018-10-26,0.66,,,0.66,280795,2026-04-08T03:09:23.109094+00:00
84577,LINKASSURE,2018-10-29,0.66,,,0.66,146500,2026-04-08T03:09:27.901396+00:00
84679,LINKASSURE,2018-10-30,0.63,,,0.63,165000,2026-04-08T03:09:30.377337+00:00
84781,LINKASSURE,2018-10-31,0.69,,,0.69,260757,2026-04-08T03:09:32.658485+00:00
84883,LINKASSURE,2018-11-01,0.65,,,0.65,938400,2026-04-08T03:09:35.048509+00:00
84985,LINKASSURE,2018-11-02,0.68,,,0.68,358600,2026-04-08T03:09:37.41202+00:00
85087,LINKASSURE,2018-11-05,0.68,,,0.68,30735,2026-04-08T03:09:41.998643+00:00
85189,LINKASSURE,2018-11-06,0.68,,,0.68,142250,2026-04-08T03:09:44.485046+00:00
85291,LINKASSURE,2018-11-08,0.68,,,0.68,116100,2026-04-08T03:09:47.843283+00:00
85393,LINKASSURE,2018-11-09,0.68,,,0.68,1000,2026-04-08T03:09:50.169754+00:00
85495,LINKASSURE,2018-11-12,0.68,,,0.68,5000,2026-04-08T03:09:54.975549+00:00
85597,LINKASSURE,2018-11-13,0.68,,,0.68,53000,2026-04-08T03:09:57.558923+00:00
85699,LINKASSURE,2018-11-14,0.62,,,0.62,160000,2026-04-08T03:09:59.910116+00:00
85801,LINKASSURE,2018-11-15,0.62,,,0.62,39337,2026-04-08T03:10:02.252366+00:00
85903,LINKASSURE,2018-11-16,0.62,,,0.62,0,2026-04-08T03:10:04.527169+00:00
86005,LINKASSURE,2018-11-19,0.62,,,0.62,12000,2026-04-08T03:10:09.122468+00:00
86107,LINKASSURE,2018-11-21,0.62,,,0.62,56000,2026-04-08T03:10:12.622729+00:00
86209,LINKASSURE,2018-11-22,0.62,,,0.62,21000,2026-04-08T03:10:14.989948+00:00
86311,LINKASSURE,2018-11-23,0.62,,,0.62,97500,2026-04-08T03:10:17.221139+00:00
86413,LINKASSURE,2018-11-26,0.62,,,0.62,2800,2026-04-08T03:10:22.142454+00:00
86515,LINKASSURE,2018-11-27,0.62,,,0.62,12200,2026-04-08T03:10:24.421595+00:00
86617,LINKASSURE,2018-11-28,0.62,,,0.62,1000,2026-04-08T03:10:26.708398+00:00
86719,LINKASSURE,2018-11-29,0.62,,,0.62,128581,2026-04-08T03:10:29.255332+00:00
86821,LINKASSURE,2018-11-30,0.62,,,0.62,239685,2026-04-08T03:10:32.706086+00:00
86923,LINKASSURE,2018-12-03,0.62,,,0.62,109500,2026-04-08T03:10:37.185914+00:00
87025,LINKASSURE,2018-12-04,0.56,,,0.56,170000,2026-04-08T03:10:39.607482+00:00
87127,LINKASSURE,2018-12-05,0.61,,,0.61,1376573,2026-04-08T03:10:42.037497+00:00
87229,LINKASSURE,2018-12-06,0.61,,,0.61,114319,2026-04-08T03:10:44.312069+00:00
87331,LINKASSURE,2018-12-07,0.61,,,0.61,21800,2026-04-08T03:10:46.663078+00:00
87433,LINKASSURE,2018-12-10,0.61,,,0.61,0,2026-04-08T03:10:51.346822+00:00
87535,LINKASSURE,2018-12-11,0.61,,,0.61,2600,2026-04-08T03:10:53.613329+00:00
87637,LINKASSURE,2018-12-12,0.6,,,0.6,110100,2026-04-08T03:10:55.983376+00:00
87739,LINKASSURE,2018-12-13,0.6,,,0.6,12300,2026-04-08T03:10:58.622726+00:00
87841,LINKASSURE,2018-12-17,0.55,,,0.55,166666,2026-04-08T03:11:04.071168+00:00
87942,LINKASSURE,2018-12-18,0.55,,,0.55,61000,2026-04-08T03:11:06.547404+00:00
88043,LINKASSURE,2018-12-19,0.55,,,0.55,20000,2026-04-08T03:11:08.930184+00:00
88144,LINKASSURE,2018-12-21,0.61,,,0.61,1057000,2026-04-08T03:11:13.038597+00:00
88245,LINKASSURE,2018-12-24,0.61,,,0.61,122281,2026-04-08T03:11:17.396489+00:00
88347,LINKASSURE,2018-12-31,0.72,,,0.72,250000,2026-04-08T03:11:26.963749+00:00
88449,LINKASSURE,2019-01-04,0.72,,,0.72,10000,2026-04-08T03:11:33.101723+00:00
88551,LINKASSURE,2019-01-07,0.72,,,0.72,19000,2026-04-08T03:11:37.396019+00:00
88653,LINKASSURE,2019-01-08,0.72,,,0.72,55600,2026-04-08T03:11:39.720871+00:00
88755,LINKASSURE,2019-01-09,0.72,,,0.72,0,2026-04-08T03:11:42.122758+00:00
88857,LINKASSURE,2019-01-10,0.65,,,0.65,150000,2026-04-08T03:11:44.4712+00:00
88959,LINKASSURE,2019-01-11,0.65,,,0.65,74612,2026-04-08T03:11:46.864498+00:00
89061,LINKASSURE,2019-01-14,0.59,,,0.59,500274,2026-04-08T03:11:51.386431+00:00
89163,LINKASSURE,2019-01-15,0.59,,,0.59,72343,2026-04-08T03:11:53.781694+00:00
89265,LINKASSURE,2019-01-16,0.59,,,0.59,1000,2026-04-08T03:11:56.273278+00:00
89367,LINKASSURE,2019-01-17,0.59,,,0.59,150000,2026-04-08T03:11:58.633279+00:00
89469,LINKASSURE,2019-01-18,0.56,,,0.56,411830,2026-04-08T03:12:01.678716+00:00
89571,LINKASSURE,2019-01-21,0.61,,,0.61,222500,2026-04-08T03:12:06.146982+00:00
89673,LINKASSURE,2019-01-22,0.67,,,0.67,2953000,2026-04-08T03:12:26.450353+00:00
89775,LINKASSURE,2019-01-23,0.68,,,0.68,2430762,2026-04-08T03:12:28.985884+00:00
89877,LINKASSURE,2019-01-24,0.62,,,0.62,1912299,2026-04-08T03:12:31.471104+00:00
89979,LINKASSURE,2019-01-25,0.63,,,0.63,239155,2026-04-08T03:12:33.831732+00:00
90081,LINKASSURE,2019-01-28,0.62,,,0.62,390679,2026-04-08T03:12:38.324+00:00
90183,LINKASSURE,2019-01-29,0.56,,,0.56,560000,2026-04-08T03:12:40.769031+00:00
90285,LINKASSURE,2019-01-30,0.61,,,0.61,516357,2026-04-08T03:12:43.207065+00:00
90387,LINKASSURE,2019-01-31,0.61,,,0.61,116443,2026-04-08T03:12:45.452606+00:00
90489,LINKASSURE,2019-02-01,0.61,,,0.61,0,2026-04-08T03:12:47.65569+00:00
90591,LINKASSURE,2019-02-04,0.64,,,0.64,184000,2026-04-08T03:12:52.008801+00:00
90693,LINKASSURE,2019-02-05,0.64,,,0.64,1625,2026-04-08T03:12:54.428036+00:00
90795,LINKASSURE,2019-02-06,0.64,,,0.64,1010000,2026-04-08T03:12:56.795589+00:00
90897,LINKASSURE,2019-02-07,0.64,,,0.64,0,2026-04-08T03:12:59.333395+00:00
90999,LINKASSURE,2019-02-08,0.64,,,0.64,169100,2026-04-08T03:13:01.766173+00:00
91101,LINKASSURE,2019-02-11,0.64,,,0.64,60000,2026-04-08T03:13:07.807824+00:00
91203,LINKASSURE,2019-02-12,0.64,,,0.64,643844,2026-04-08T03:13:10.389121+00:00
91305,LINKASSURE,2019-02-13,0.64,,,0.64,91980,2026-04-08T03:13:13.120558+00:00
91407,LINKASSURE,2019-02-14,0.64,,,0.64,1000,2026-04-08T03:13:15.610167+00:00
91509,LINKASSURE,2019-02-15,0.7,,,0.7,304400,2026-04-08T03:13:17.960235+00:00
91611,LINKASSURE,2019-02-18,0.7,,,0.7,39000,2026-04-08T03:13:22.383964+00:00
91713,LINKASSURE,2019-02-19,0.7,,,0.7,95302,2026-04-08T03:13:24.617569+00:00
91815,LINKASSURE,2019-02-20,0.7,,,0.7,100000,2026-04-08T03:13:26.870792+00:00
91917,LINKASSURE,2019-02-22,0.63,,,0.63,0,2026-04-08T03:13:30.442816+00:00
92019,LINKASSURE,2019-02-25,0.63,,,0.63,11700,2026-04-08T03:13:35.015549+00:00
92121,LINKASSURE,2019-02-26,0.63,,,0.63,60002,2026-04-08T03:13:37.412672+00:00
92223,LINKASSURE,2019-02-27,0.63,,,0.63,4500,2026-04-08T03:13:39.910522+00:00
92325,LINKASSURE,2019-02-28,0.63,,,0.63,90000,2026-04-08T03:13:42.435587+00:00
92427,LINKASSURE,2019-03-01,0.63,,,0.63,80000,2026-04-08T03:13:44.810709+00:00
92529,LINKASSURE,2019-03-04,0.63,,,0.63,30000,2026-04-08T03:13:49.353535+00:00
92631,LINKASSURE,2019-03-05,0.63,,,0.63,255000,2026-04-08T03:13:51.846242+00:00
92733,LINKASSURE,2019-03-06,0.63,,,0.63,0,2026-04-08T03:13:54.267269+00:00
92835,LINKASSURE,2019-03-07,0.63,,,0.63,207500,2026-04-08T03:13:56.544072+00:00
92937,LINKASSURE,2019-03-08,0.63,,,0.63,52923,2026-04-08T03:13:58.936546+00:00
93039,LINKASSURE,2019-03-11,0.63,,,0.63,65000,2026-04-08T03:14:03.582539+00:00
93141,LINKASSURE,2019-03-12,0.58,,,0.58,223000,2026-04-08T03:14:06.149716+00:00
93243,LINKASSURE,2019-03-13,0.58,,,0.58,17326,2026-04-08T03:14:08.562819+00:00
93345,LINKASSURE,2019-03-14,0.6,,,0.6,289000,2026-04-08T03:14:10.990955+00:00
93447,LINKASSURE,2019-03-15,0.59,,,0.59,1656677,2026-04-08T03:14:13.413527+00:00
93549,LINKASSURE,2019-03-18,0.55,,,0.55,1210000,2026-04-08T03:14:17.594172+00:00
93651,LINKASSURE,2019-03-19,0.55,,,0.55,42000,2026-04-08T03:14:19.883177+00:00
93753,LINKASSURE,2019-03-20,0.55,,,0.55,16380,2026-04-08T03:14:22.215184+00:00
93855,LINKASSURE,2019-03-21,0.55,,,0.55,92900,2026-04-08T03:14:24.469396+00:00
93957,LINKASSURE,2019-03-22,0.55,,,0.55,0,2026-04-08T03:14:26.929153+00:00
94059,LINKASSURE,2019-03-25,0.55,,,0.55,120000,2026-04-08T03:14:31.400562+00:00
94161,LINKASSURE,2019-03-26,0.55,,,0.55,0,2026-04-08T03:14:33.80485+00:00
94263,LINKASSURE,2019-03-27,0.55,,,0.55,5500,2026-04-08T03:14:36.122563+00:00
94365,LINKASSURE,2019-03-28,0.55,,,0.55,205666,2026-04-08T03:14:38.612625+00:00
94467,LINKASSURE,2019-03-29,0.55,,,0.55,40000,2026-04-08T03:14:41.061692+00:00
94568,LINKASSURE,2019-04-01,0.55,,,0.55,43506,2026-04-08T03:14:45.528331+00:00
94669,LINKASSURE,2019-04-02,0.55,,,0.55,13140,2026-04-08T03:14:47.809526+00:00
94770,LINKASSURE,2019-04-03,0.5,,,0.5,500579,2026-04-08T03:14:50.124237+00:00
94871,LINKASSURE,2019-04-04,0.5,,,0.5,0,2026-04-08T03:14:52.417245+00:00
94972,LINKASSURE,2019-04-05,0.5,,,0.5,90000,2026-04-08T03:14:54.739567+00:00
95073,LINKASSURE,2019-04-08,0.5,,,0.5,23000,2026-04-08T03:14:59.01768+00:00
95174,LINKASSURE,2019-04-09,0.5,,,0.5,63000,2026-04-08T03:15:01.233247+00:00
95275,LINKASSURE,2019-04-10,0.5,,,0.5,2000,2026-04-08T03:15:03.446976+00:00
95376,LINKASSURE,2019-04-11,0.5,,,0.5,25000,2026-04-08T03:15:05.608759+00:00
95477,LINKASSURE,2019-04-12,0.5,,,0.5,1000,2026-04-08T03:15:07.869644+00:00
95578,LINKASSURE,2019-04-15,0.5,,,0.5,13200,2026-04-08T03:15:12.360876+00:00
95679,LINKASSURE,2019-04-16,0.52,,,0.52,348590,2026-04-08T03:15:14.69338+00:00
95780,LINKASSURE,2019-04-17,0.52,,,0.52,13200,2026-04-08T03:15:16.974822+00:00
95881,LINKASSURE,2019-04-18,0.52,,,0.52,0,2026-04-08T03:15:19.360663+00:00
95982,LINKASSURE,2019-04-23,0.52,,,0.52,19612,2026-04-08T03:15:26.04373+00:00
96084,LINKASSURE,2019-04-24,0.52,,,0.52,0,2026-04-08T03:15:28.31166+00:00
96186,LINKASSURE,2019-04-25,0.52,,,0.52,120000,2026-04-08T03:15:30.603437+00:00
96288,LINKASSURE,2019-04-26,0.52,,,0.52,77900,2026-04-08T03:15:32.816712+00:00
96390,LINKASSURE,2019-04-29,0.52,,,0.52,529131,2026-04-08T03:15:37.198623+00:00
96492,LINKASSURE,2019-04-30,0.52,,,0.52,0,2026-04-08T03:15:39.499507+00:00
96594,LINKASSURE,2019-05-02,0.51,,,0.51,420320,2026-04-08T03:15:42.839166+00:00
96696,LINKASSURE,2019-05-03,0.51,,,0.51,77700,2026-04-08T03:15:45.02286+00:00
96798,LINKASSURE,2019-05-06,0.51,,,0.51,340211,2026-04-08T03:15:49.380478+00:00
96900,LINKASSURE,2019-05-07,0.51,,,0.51,76000,2026-04-08T03:15:51.609622+00:00
97002,LINKASSURE,2019-05-08,0.48,,,0.48,371162,2026-04-08T03:15:53.912422+00:00
97104,LINKASSURE,2019-05-09,0.48,,,0.48,100,2026-04-08T03:15:56.308435+00:00
97206,LINKASSURE,2019-05-10,0.44,,,0.44,3128728,2026-04-08T03:15:58.65517+00:00
97308,LINKASSURE,2019-05-13,0.44,,,0.44,100000,2026-04-08T03:16:02.955985+00:00
97410,LINKASSURE,2019-05-14,0.45,,,0.45,1257000,2026-04-08T03:16:05.427951+00:00
97512,LINKASSURE,2019-05-15,0.44,,,0.44,200123,2026-04-08T03:16:07.709974+00:00
97614,LINKASSURE,2019-05-16,0.44,,,0.44,54641,2026-04-08T03:16:09.947696+00:00
97716,LINKASSURE,2019-05-17,0.44,,,0.44,836795,2026-04-08T03:16:12.469468+00:00
97819,LINKASSURE,2019-05-20,0.48,,,0.48,2000000,2026-04-08T03:16:16.967061+00:00
97922,LINKASSURE,2019-05-21,0.48,,,0.48,0,2026-04-08T03:16:19.368023+00:00
98025,LINKASSURE,2019-05-22,0.48,,,0.48,30700,2026-04-08T03:16:21.741488+00:00
98128,LINKASSURE,2019-05-23,0.48,,,0.48,1700,2026-04-08T03:16:24.010501+00:00
98231,LINKASSURE,2019-05-24,0.48,,,0.48,500,2026-04-08T03:16:26.41346+00:00
98334,LINKASSURE,2019-05-27,0.48,,,0.48,1301,2026-04-08T03:16:30.812568+00:00
98437,LINKASSURE,2019-05-28,0.48,,,0.48,103483,2026-04-08T03:16:33.286405+00:00
98540,LINKASSURE,2019-05-30,0.48,,,0.48,6000,2026-04-08T03:16:36.695359+00:00
98643,LINKASSURE,2019-05-31,0.5,,,0.5,912919,2026-04-08T03:16:39.10826+00:00
98746,LINKASSURE,2019-06-03,0.5,,,0.5,25,2026-04-08T03:16:43.376201+00:00
98849,LINKASSURE,2019-06-06,0.5,,,0.5,9975,2026-04-08T03:16:48.034912+00:00
98952,LINKASSURE,2019-06-07,0.5,,,0.5,0,2026-04-08T03:16:50.186426+00:00
99055,LINKASSURE,2019-06-10,0.47,,,0.47,154454,2026-04-08T03:16:54.498349+00:00
99158,LINKASSURE,2019-06-11,0.48,,,0.48,430381,2026-04-08T03:16:56.702394+00:00
99261,LINKASSURE,2019-06-13,0.48,,,0.48,0,2026-04-08T03:17:00.140907+00:00
99364,LINKASSURE,2019-06-14,0.48,,,0.48,80000,2026-04-08T03:17:02.289964+00:00
99467,LINKASSURE,2019-06-17,0.48,,,0.48,30000,2026-04-08T03:17:06.378621+00:00
99570,LINKASSURE,2019-06-18,0.52,,,0.52,112600,2026-04-08T03:17:08.696624+00:00
99673,LINKASSURE,2019-06-19,0.56,,,0.56,218210,2026-04-08T03:17:10.975867+00:00
99776,LINKASSURE,2019-06-20,0.61,,,0.61,532916,2026-04-08T03:17:13.205784+00:00
99879,LINKASSURE,2019-06-24,0.66,,,0.66,25184,2026-04-08T03:17:18.488118+00:00
99982,LINKASSURE,2019-06-25,0.66,,,0.66,800,2026-04-08T03:17:20.712996+00:00
100085,LINKASSURE,2019-06-26,0.71,,,0.71,144036,2026-04-08T03:17:23.021521+00:00
100188,LINKASSURE,2019-06-27,0.71,,,0.71,5589,2026-04-08T03:17:25.288917+00:00
100291,LINKASSURE,2019-06-28,0.71,,,0.71,100,2026-04-08T03:17:27.669324+00:00
100394,LINKASSURE,2019-07-01,0.71,,,0.71,51500,2026-04-08T03:17:31.993492+00:00
100497,LINKASSURE,2019-07-02,0.71,,,0.71,4100,2026-04-08T03:17:34.195482+00:00
100600,LINKASSURE,2019-07-03,0.71,,,0.71,0,2026-04-08T03:17:36.539656+00:00
100703,LINKASSURE,2019-07-04,0.71,,,0.71,13070,2026-04-08T03:17:38.806977+00:00
100806,LINKASSURE,2019-07-05,0.71,,,0.71,0,2026-04-08T03:17:41.292481+00:00
100909,LINKASSURE,2019-07-08,0.71,,,0.71,0,2026-04-08T03:17:45.861747+00:00
101012,LINKASSURE,2019-07-09,0.71,,,0.71,0,2026-04-08T03:17:48.217581+00:00
101116,LINKASSURE,2019-07-10,0.64,,,0.64,431180,2026-04-08T03:17:50.676625+00:00
101220,LINKASSURE,2019-07-11,0.64,,,0.64,47000,2026-04-08T03:17:53.082234+00:00
101324,LINKASSURE,2019-07-12,0.64,,,0.64,329801,2026-04-08T03:17:55.503872+00:00
101428,LINKASSURE,2019-07-15,0.64,,,0.64,91054,2026-04-08T03:18:00.039317+00:00
101532,LINKASSURE,2019-07-16,0.64,,,0.64,2000,2026-04-08T03:18:02.440443+00:00
101636,LINKASSURE,2019-07-17,0.64,,,0.64,55000,2026-04-08T03:18:04.729662+00:00
101740,LINKASSURE,2019-07-18,0.64,,,0.64,0,2026-04-08T03:18:07.178594+00:00
101844,LINKASSURE,2019-07-19,0.64,,,0.64,0,2026-04-08T03:18:09.535362+00:00
101948,LINKASSURE,2019-07-22,0.58,,,0.58,131000,2026-04-08T03:18:14.212024+00:00
102052,LINKASSURE,2019-07-23,0.53,,,0.53,338000,2026-04-08T03:18:16.654741+00:00
102156,LINKASSURE,2019-07-24,0.51,,,0.51,646416,2026-04-08T03:18:18.926554+00:00
102260,LINKASSURE,2019-07-25,0.51,,,0.51,125000,2026-04-08T03:18:21.127331+00:00
102364,LINKASSURE,2019-07-26,0.51,,,0.51,417000,2026-04-08T03:18:23.508197+00:00
102468,LINKASSURE,2019-07-29,0.51,,,0.51,0,2026-04-08T03:18:27.808584+00:00
102572,LINKASSURE,2019-07-30,0.52,,,0.52,400000,2026-04-08T03:18:30.090931+00:00
102676,LINKASSURE,2019-07-31,0.52,,,0.52,27516,2026-04-08T03:18:32.379029+00:00
102780,LINKASSURE,2019-08-01,0.52,,,0.52,16668,2026-04-08T03:18:34.721051+00:00
102884,LINKASSURE,2019-08-02,0.52,,,0.52,9000,2026-04-08T03:18:37.148519+00:00
102988,LINKASSURE,2019-08-05,0.52,,,0.52,10800,2026-04-08T03:18:41.327383+00:00
103092,LINKASSURE,2019-08-06,0.52,,,0.52,30000,2026-04-08T03:18:43.676077+00:00
103196,LINKASSURE,2019-08-07,0.52,,,0.52,5000,2026-04-08T03:18:45.952647+00:00
103300,LINKASSURE,2019-08-08,0.52,,,0.52,0,2026-04-08T03:18:48.284739+00:00
103404,LINKASSURE,2019-08-09,0.52,,,0.52,0,2026-04-08T03:18:50.530707+00:00
103508,LINKASSURE,2019-08-14,0.52,,,0.52,200,2026-04-08T03:18:57.313874+00:00
103612,LINKASSURE,2019-08-15,0.52,,,0.52,547100,2026-04-08T03:18:59.647711+00:00
103716,LINKASSURE,2019-08-19,0.52,,,0.52,4000,2026-04-08T03:19:05.053534+00:00
103820,LINKASSURE,2019-08-20,0.52,,,0.52,31000,2026-04-08T03:19:07.283568+00:00
103924,LINKASSURE,2019-08-21,0.52,,,0.52,24995,2026-04-08T03:19:09.493441+00:00
104027,LINKASSURE,2019-08-22,0.52,,,0.52,0,2026-04-08T03:19:11.834929+00:00
104130,LINKASSURE,2019-08-23,0.48,,,0.48,431000,2026-04-08T03:19:14.066623+00:00
104233,LINKASSURE,2019-08-26,0.48,,,0.48,24250,2026-04-08T03:19:18.291411+00:00
104336,LINKASSURE,2019-08-27,0.48,,,0.48,3000,2026-04-08T03:19:20.588978+00:00
104439,LINKASSURE,2019-08-28,0.48,,,0.48,0,2026-04-08T03:19:22.939533+00:00
104542,LINKASSURE,2019-08-29,0.48,,,0.48,14800,2026-04-08T03:19:25.308081+00:00
104645,LINKASSURE,2019-08-30,0.48,,,0.48,10000,2026-04-08T03:19:27.686427+00:00
104748,LINKASSURE,2019-09-02,0.48,,,0.48,106000,2026-04-08T03:19:32.075785+00:00
104851,LINKASSURE,2019-09-03,0.48,,,0.48,105000,2026-04-08T03:19:34.366833+00:00
104954,LINKASSURE,2019-09-04,0.52,,,0.52,464000,2026-04-08T03:19:36.608723+00:00
105057,LINKASSURE,2019-09-05,0.52,,,0.52,0,2026-04-08T03:19:38.984327+00:00
105160,LINKASSURE,2019-09-06,0.52,,,0.52,2850,2026-04-08T03:19:41.363212+00:00
105263,LINKASSURE,2019-09-09,0.52,,,0.52,0,2026-04-08T03:19:45.624302+00:00
105366,LINKASSURE,2019-09-10,0.52,,,0.52,1000,2026-04-08T03:19:47.977958+00:00
105469,LINKASSURE,2019-09-11,0.49,,,0.49,306000,2026-04-08T03:19:50.333421+00:00
105572,LINKASSURE,2019-09-12,0.5,,,0.5,110000,2026-04-08T03:19:52.607202+00:00
105675,LINKASSURE,2019-09-13,0.5,,,0.5,0,2026-04-08T03:19:55.083512+00:00
105778,LINKASSURE,2019-09-16,0.51,,,0.51,236180,2026-04-08T03:19:59.701348+00:00
105881,LINKASSURE,2019-09-17,0.51,,,0.51,30630,2026-04-08T03:20:02.523968+00:00
105984,LINKASSURE,2019-09-18,0.51,,,0.51,0,2026-04-08T03:20:05.488272+00:00
106087,LINKASSURE,2019-09-19,0.56,,,0.56,160000,2026-04-08T03:20:08.114889+00:00
106190,LINKASSURE,2019-09-20,0.56,,,0.56,0,2026-04-08T03:20:10.721894+00:00
106293,LINKASSURE,2019-09-23,0.51,,,0.51,250000,2026-04-08T03:20:15.267012+00:00
106396,LINKASSURE,2019-09-24,0.51,,,0.51,10000,2026-04-08T03:20:17.630341+00:00
106499,LINKASSURE,2019-09-25,0.51,,,0.51,0,2026-04-08T03:20:20.165626+00:00
106602,LINKASSURE,2019-09-26,0.51,,,0.51,30000,2026-04-08T03:20:22.92566+00:00
106705,LINKASSURE,2019-09-27,0.51,,,0.51,72000,2026-04-08T03:20:25.402499+00:00
106808,LINKASSURE,2019-09-30,0.51,,,0.51,1000,2026-04-08T03:20:29.867546+00:00
106911,LINKASSURE,2019-10-02,0.51,,,0.51,25000,2026-04-08T03:20:33.475481+00:00
107014,LINKASSURE,2019-10-03,0.51,,,0.51,0,2026-04-08T03:20:35.801047+00:00
107117,LINKASSURE,2019-10-04,0.51,,,0.51,0,2026-04-08T03:20:38.138638+00:00
107220,LINKASSURE,2019-10-07,0.51,,,0.51,0,2026-04-08T03:20:43.38987+00:00
107323,LINKASSURE,2019-10-08,0.51,,,0.51,200,2026-04-08T03:20:50.115577+00:00
107426,LINKASSURE,2019-10-09,0.51,,,0.51,900,2026-04-08T03:20:53.067656+00:00
107529,LINKASSURE,2019-10-10,0.47,,,0.47,766310,2026-04-08T03:20:55.682822+00:00
107632,LINKASSURE,2019-10-11,0.51,,,0.51,300000,2026-04-08T03:20:58.30073+00:00
107735,LINKASSURE,2019-10-14,0.51,,,0.51,0,2026-04-08T03:21:03.536141+00:00
107838,LINKASSURE,2019-10-15,0.51,,,0.51,100200,2026-04-08T03:21:06.159586+00:00
107941,LINKASSURE,2019-10-16,0.51,,,0.51,91700,2026-04-08T03:21:08.538525+00:00
108044,LINKASSURE,2019-10-17,0.51,,,0.51,1370000,2026-04-08T03:21:11.125073+00:00
108147,LINKASSURE,2019-10-18,0.51,,,0.51,30000,2026-04-08T03:21:14.04892+00:00
108250,LINKASSURE,2019-10-21,0.51,,,0.51,200000,2026-04-08T03:21:18.357079+00:00
108353,LINKASSURE,2019-10-22,0.51,,,0.51,0,2026-04-08T03:21:20.5704+00:00
108456,LINKASSURE,2019-10-23,0.51,,,0.51,109734,2026-04-08T03:21:22.84444+00:00
108559,LINKASSURE,2019-10-24,0.51,,,0.51,5002,2026-04-08T03:21:25.228823+00:00
108662,LINKASSURE,2019-10-25,0.51,,,0.51,258000,2026-04-08T03:21:27.539286+00:00
108765,LINKASSURE,2019-10-28,0.51,,,0.51,90000,2026-04-08T03:21:32.161692+00:00
108868,LINKASSURE,2019-10-29,0.51,,,0.51,100000,2026-04-08T03:21:34.477485+00:00
108971,LINKASSURE,2019-10-30,0.51,,,0.51,150000,2026-04-08T03:21:36.754268+00:00
109074,LINKASSURE,2019-10-31,0.51,,,0.51,24500,2026-04-08T03:21:39.10919+00:00
109177,LINKASSURE,2019-11-01,0.51,,,0.51,107091,2026-04-08T03:21:41.456138+00:00
109280,LINKASSURE,2019-11-04,0.51,,,0.51,39999,2026-04-08T03:21:45.945243+00:00
109383,LINKASSURE,2019-11-05,0.51,,,0.51,2458,2026-04-08T03:21:48.37169+00:00
109486,LINKASSURE,2019-11-06,0.51,,,0.51,2500,2026-04-08T03:21:50.755948+00:00
109589,LINKASSURE,2019-11-07,0.51,,,0.51,320000,2026-04-08T03:21:53.200031+00:00
109692,LINKASSURE,2019-11-08,0.51,,,0.51,0,2026-04-08T03:21:55.63316+00:00
109795,LINKASSURE,2019-11-12,0.51,,,0.51,21050,2026-04-08T03:22:01.520244+00:00
109898,LINKASSURE,2019-11-13,0.51,,,0.51,50250,2026-04-08T03:22:04.169594+00:00
110001,LINKASSURE,2019-11-14,0.51,,,0.51,0,2026-04-08T03:22:06.510438+00:00
110104,LINKASSURE,2019-11-15,0.51,,,0.51,61000,2026-04-08T03:22:08.972682+00:00
110206,LINKASSURE,2019-11-18,0.51,,,0.51,0,2026-04-08T03:22:13.551393+00:00
110308,LINKASSURE,2019-11-19,0.51,,,0.51,45000,2026-04-08T03:22:15.801005+00:00
110410,LINKASSURE,2019-11-20,0.51,,,0.51,6937700,2026-04-08T03:22:18.11241+00:00
110512,LINKASSURE,2019-11-21,0.51,,,0.51,8125,2026-04-08T03:22:20.360812+00:00
110614,LINKASSURE,2019-11-22,0.51,,,0.51,50500,2026-04-08T03:22:22.766306+00:00
110716,LINKASSURE,2019-11-25,0.51,,,0.51,12600,2026-04-08T03:22:27.077445+00:00
110818,LINKASSURE,2019-11-26,0.51,,,0.51,41200,2026-04-08T03:22:29.415971+00:00
110920,LINKASSURE,2019-11-27,0.51,,,0.51,20000,2026-04-08T03:22:31.797244+00:00
111022,LINKASSURE,2019-11-28,0.51,,,0.51,285000,2026-04-08T03:22:34.150197+00:00
111124,LINKASSURE,2019-11-29,0.51,,,0.51,18181,2026-04-08T03:22:36.43862+00:00
111226,LINKASSURE,2019-12-02,0.51,,,0.51,20906,2026-04-08T03:22:40.672716+00:00
111328,LINKASSURE,2019-12-03,0.51,,,0.51,5000,2026-04-08T03:22:42.857808+00:00
111430,LINKASSURE,2019-12-04,0.51,,,0.51,0,2026-04-08T03:22:45.132537+00:00
111532,LINKASSURE,2019-12-05,0.51,,,0.51,20000,2026-04-08T03:22:47.409461+00:00
111634,LINKASSURE,2019-12-06,0.51,,,0.51,0,2026-04-08T03:22:49.720566+00:00
111736,LINKASSURE,2019-12-10,0.51,,,0.51,10000,2026-04-08T03:22:54.948045+00:00
111838,LINKASSURE,2019-12-11,0.48,,,0.48,252900,2026-04-08T03:22:57.463594+00:00
111940,LINKASSURE,2019-12-12,0.48,,,0.48,14115,2026-04-08T03:22:59.677549+00:00
112042,LINKASSURE,2019-12-13,0.49,,,0.49,1130540,2026-04-08T03:23:01.961124+00:00
112144,LINKASSURE,2019-12-16,0.49,,,0.49,32000,2026-04-08T03:23:06.206185+00:00
112246,LINKASSURE,2019-12-17,0.49,,,0.49,15644,2026-04-08T03:23:08.526507+00:00
112348,LINKASSURE,2019-12-18,0.49,,,0.49,260000,2026-04-08T03:23:10.699016+00:00
112450,LINKASSURE,2019-12-19,0.49,,,0.49,92400,2026-04-08T03:23:13.06361+00:00
112552,LINKASSURE,2019-12-20,0.49,,,0.49,86000,2026-04-08T03:23:15.515212+00:00
112654,LINKASSURE,2019-12-23,0.53,,,0.53,221600,2026-04-08T03:23:19.645113+00:00
112756,LINKASSURE,2019-12-24,0.53,,,0.53,75,2026-04-08T03:23:22.081747+00:00
112858,LINKASSURE,2019-12-27,0.53,,,0.53,11600,2026-04-08T03:23:26.48241+00:00
112960,LINKASSURE,2019-12-31,0.53,,,0.53,0,2026-04-08T03:23:31.997666+00:00
113062,LINKASSURE,2020-01-02,0.53,,,0.53,17500,2026-04-08T03:23:35.253628+00:00
113164,LINKASSURE,2020-01-03,0.48,,,0.48,522500,2026-04-08T03:23:37.484442+00:00
113266,LINKASSURE,2020-01-06,0.48,,,0.48,75,2026-04-08T03:23:41.810791+00:00
113368,LINKASSURE,2020-01-07,0.48,,,0.48,38300,2026-04-08T03:23:44.238014+00:00
113470,LINKASSURE,2020-01-08,0.48,,,0.48,56000,2026-04-08T03:23:46.428903+00:00
113572,LINKASSURE,2020-01-09,0.48,,,0.48,0,2026-04-08T03:23:48.760691+00:00
113675,LINKASSURE,2020-01-10,0.48,,,0.48,3000,2026-04-08T03:23:51.312987+00:00
113778,LINKASSURE,2020-01-13,0.48,,,0.48,750125,2026-04-08T03:23:55.704331+00:00
113881,LINKASSURE,2020-01-14,0.48,,,0.48,138089,2026-04-08T03:23:58.044369+00:00
113984,LINKASSURE,2020-01-15,0.48,,,0.48,500049,2026-04-08T03:24:00.340453+00:00
114087,LINKASSURE,2020-01-16,0.48,,,0.48,30000,2026-04-08T03:24:02.775573+00:00
114190,LINKASSURE,2020-01-17,0.48,,,0.48,0,2026-04-08T03:24:05.107796+00:00
114293,LINKASSURE,2020-01-20,0.48,,,0.48,35000,2026-04-08T03:24:09.637495+00:00
114396,LINKASSURE,2020-01-21,0.48,,,0.48,22010,2026-04-08T03:24:12.081094+00:00
114499,LINKASSURE,2020-01-23,0.44,,,0.44,647500,2026-04-08T03:24:15.397306+00:00
114602,LINKASSURE,2020-01-24,0.48,,,0.48,781233,2026-04-08T03:24:17.760742+00:00
114705,LINKASSURE,2020-01-27,0.52,,,0.52,136859,2026-04-08T03:24:22.426106+00:00
114808,LINKASSURE,2020-01-28,0.57,,,0.57,200192,2026-04-08T03:24:24.728321+00:00
114911,LINKASSURE,2020-01-29,0.57,,,0.57,210,2026-04-08T03:24:27.287495+00:00
115014,LINKASSURE,2020-01-30,0.57,,,0.57,285390,2026-04-08T03:24:29.658352+00:00
115117,LINKASSURE,2020-01-31,0.57,,,0.57,9434,2026-04-08T03:24:31.961868+00:00
115220,LINKASSURE,2020-02-03,0.57,,,0.57,208490,2026-04-08T03:24:36.430808+00:00
115323,LINKASSURE,2020-02-04,0.57,,,0.57,0,2026-04-08T03:24:38.687124+00:00
115426,LINKASSURE,2020-02-05,0.62,,,0.62,1065000,2026-04-08T03:24:41.03998+00:00
115529,LINKASSURE,2020-02-06,0.62,,,0.62,47209,2026-04-08T03:24:43.345135+00:00
115632,LINKASSURE,2020-02-07,0.62,,,0.62,229436,2026-04-08T03:24:45.609576+00:00
115735,LINKASSURE,2020-02-10,0.56,,,0.56,1120333,2026-04-08T03:24:50.182603+00:00
115838,LINKASSURE,2020-02-11,0.51,,,0.51,6246211,2026-04-08T03:24:52.780016+00:00
115941,LINKASSURE,2020-02-12,0.51,,,0.51,200000,2026-04-08T03:24:55.120152+00:00
116044,LINKASSURE,2020-02-13,0.51,,,0.51,11,2026-04-08T03:24:57.649025+00:00
116147,LINKASSURE,2020-02-14,0.46,,,0.46,677000,2026-04-08T03:25:00.080254+00:00
116250,LINKASSURE,2020-02-17,0.46,,,0.46,61000,2026-04-08T03:25:04.377856+00:00
116353,LINKASSURE,2020-02-18,0.44,,,0.44,172409,2026-04-08T03:25:06.773592+00:00
116456,LINKASSURE,2020-02-19,0.46,,,0.46,310020,2026-04-08T03:25:09.231504+00:00
116559,LINKASSURE,2020-02-20,0.43,,,0.43,2334028,2026-04-08T03:25:11.501588+00:00
116662,LINKASSURE,2020-02-21,0.43,,,0.43,37000,2026-04-08T03:25:13.948187+00:00
116765,LINKASSURE,2020-02-24,0.45,,,0.45,352250,2026-04-08T03:25:18.415367+00:00
116868,LINKASSURE,2020-02-25,0.41,,,0.41,546000,2026-04-08T03:25:20.711298+00:00
116971,LINKASSURE,2020-02-26,0.41,,,0.41,239833,2026-04-08T03:25:23.465375+00:00
117074,LINKASSURE,2020-02-27,0.42,,,0.42,175000,2026-04-08T03:25:26.011368+00:00
117177,LINKASSURE,2020-02-28,0.42,,,0.42,326086,2026-04-08T03:25:28.472167+00:00
117280,LINKASSURE,2020-03-02,0.4,,,0.4,770843,2026-04-08T03:25:32.979972+00:00
117383,LINKASSURE,2020-03-03,0.38,,,0.38,349000,2026-04-08T03:25:35.324079+00:00
117486,LINKASSURE,2020-03-04,0.4,,,0.4,130345,2026-04-08T03:25:37.587456+00:00
117589,LINKASSURE,2020-03-05,0.4,,,0.4,324000,2026-04-08T03:25:39.825698+00:00
117692,LINKASSURE,2020-03-09,0.4,,,0.4,0,2026-04-08T03:25:45.227559+00:00
117795,LINKASSURE,2020-03-10,0.4,,,0.4,40000,2026-04-08T03:25:47.644077+00:00
117898,LINKASSURE,2020-03-11,0.4,,,0.4,23238,2026-04-08T03:25:49.940962+00:00
118001,LINKASSURE,2020-03-12,0.4,,,0.4,76634,2026-04-08T03:25:52.243289+00:00
118104,LINKASSURE,2020-03-13,0.4,,,0.4,132425,2026-04-08T03:25:54.520183+00:00
118207,LINKASSURE,2020-03-16,0.4,,,0.4,0,2026-04-08T03:25:58.965391+00:00
118310,LINKASSURE,2020-03-17,0.4,,,0.4,140000,2026-04-08T03:26:01.331984+00:00
118413,LINKASSURE,2020-03-18,0.43,,,0.43,200962,2026-04-08T03:26:03.589989+00:00
118516,LINKASSURE,2020-03-19,0.43,,,0.43,50050,2026-04-08T03:26:05.957067+00:00
118619,LINKASSURE,2020-03-20,0.43,,,0.43,0,2026-04-08T03:26:08.377452+00:00
118722,LINKASSURE,2020-03-23,0.43,,,0.43,2000,2026-04-08T03:26:12.667002+00:00
118825,LINKASSURE,2020-03-24,0.41,,,0.41,2287826,2026-04-08T03:26:14.960057+00:00
118928,LINKASSURE,2020-03-25,0.41,,,0.41,3000,2026-04-08T03:26:17.224804+00:00
119031,LINKASSURE,2020-03-26,0.41,,,0.41,0,2026-04-08T03:26:19.64473+00:00
119134,LINKASSURE,2020-03-27,0.41,,,0.41,0,2026-04-08T03:26:21.968693+00:00
119237,LINKASSURE,2020-03-30,0.41,,,0.41,83335,2026-04-08T03:26:26.43282+00:00
119340,LINKASSURE,2020-03-31,0.41,,,0.41,0,2026-04-08T03:26:28.926506+00:00
119443,LINKASSURE,2020-04-01,0.41,,,0.41,37705,2026-04-08T03:26:31.173614+00:00
119546,LINKASSURE,2020-04-02,0.41,,,0.41,310495,2026-04-08T03:26:33.480235+00:00
119649,LINKASSURE,2020-04-03,0.41,,,0.41,0,2026-04-08T03:26:35.777807+00:00
119752,LINKASSURE,2020-04-06,0.42,,,0.42,133335,2026-04-08T03:26:40.135575+00:00
119855,LINKASSURE,2020-04-07,0.42,,,0.42,0,2026-04-08T03:26:42.376644+00:00
119958,LINKASSURE,2020-04-08,0.46,,,0.46,119000,2026-04-08T03:26:44.690105+00:00
120061,LINKASSURE,2020-04-09,0.46,,,0.46,612266,2026-04-08T03:26:47.020639+00:00
120164,LINKASSURE,2020-04-14,0.46,,,0.46,450,2026-04-08T03:26:53.304016+00:00
120267,LINKASSURE,2020-04-15,0.46,,,0.46,270000,2026-04-08T03:26:55.643286+00:00
120370,LINKASSURE,2020-04-16,0.46,,,0.46,0,2026-04-08T03:26:58.005731+00:00
120473,LINKASSURE,2020-04-17,0.5,,,0.5,418500,2026-04-08T03:27:00.196144+00:00
120576,LINKASSURE,2020-04-20,0.55,,,0.55,161000,2026-04-08T03:27:04.902814+00:00
120679,LINKASSURE,2020-04-21,0.55,,,0.55,148000,2026-04-08T03:27:07.124699+00:00
120782,LINKASSURE,2020-04-22,0.58,,,0.58,100000,2026-04-08T03:27:09.50407+00:00
120885,LINKASSURE,2020-04-23,0.53,,,0.53,658000,2026-04-08T03:27:11.732195+00:00
120988,LINKASSURE,2020-04-24,0.53,,,0.53,0,2026-04-08T03:27:14.133022+00:00
121091,LINKASSURE,2020-04-27,0.53,,,0.53,0,2026-04-08T03:27:18.376911+00:00
121194,LINKASSURE,2020-04-28,0.53,,,0.53,0,2026-04-08T03:27:20.70836+00:00
121297,LINKASSURE,2020-04-29,0.53,,,0.53,0,2026-04-08T03:27:23.099969+00:00
121400,LINKASSURE,2020-04-30,0.53,,,0.53,0,2026-04-08T03:27:25.479794+00:00
121503,LINKASSURE,2020-05-04,0.53,,,0.53,0,2026-04-08T03:27:30.67652+00:00
121606,LINKASSURE,2020-05-05,0.48,,,0.48,174000,2026-04-08T03:27:32.997372+00:00
121709,LINKASSURE,2020-05-06,0.48,,,0.48,0,2026-04-08T03:27:35.368243+00:00
121812,LINKASSURE,2020-05-07,0.44,,,0.44,156700,2026-04-08T03:27:37.70358+00:00
121915,LINKASSURE,2020-05-08,0.44,,,0.44,0,2026-04-08T03:27:39.945267+00:00
122018,LINKASSURE,2020-05-11,0.44,,,0.44,0,2026-04-08T03:27:44.543581+00:00
122121,LINKASSURE,2020-05-12,0.44,,,0.44,42324,2026-04-08T03:27:46.988848+00:00
122224,LINKASSURE,2020-05-13,0.44,,,0.44,0,2026-04-08T03:27:49.292243+00:00
122327,LINKASSURE,2020-05-14,0.41,,,0.41,250000,2026-04-08T03:27:51.592074+00:00
122430,LINKASSURE,2020-05-19,0.41,,,0.41,8500,2026-04-08T03:27:58.031425+00:00
122533,LINKASSURE,2020-05-20,0.41,,,0.41,0,2026-04-08T03:28:00.412443+00:00
122636,LINKASSURE,2020-05-21,0.41,,,0.41,0,2026-04-08T03:28:02.829603+00:00
122739,LINKASSURE,2020-05-27,0.41,,,0.41,50000,2026-04-08T03:28:10.17932+00:00
122842,LINKASSURE,2020-05-28,0.41,,,0.41,0,2026-04-08T03:28:12.484321+00:00
122945,LINKASSURE,2020-05-29,0.41,,,0.41,0,2026-04-08T03:28:14.796152+00:00
123048,LINKASSURE,2020-06-02,0.41,,,0.41,4000,2026-04-08T03:28:20.224588+00:00
123151,LINKASSURE,2020-06-03,0.41,,,0.41,22677,2026-04-08T03:28:22.45251+00:00
123254,LINKASSURE,2020-06-04,0.45,,,0.45,376900,2026-04-08T03:28:24.742978+00:00
123357,LINKASSURE,2020-06-05,0.45,,,0.45,0,2026-04-08T03:28:26.997708+00:00
123460,LINKASSURE,2020-06-08,0.48,,,0.48,470000,2026-04-08T03:28:31.360755+00:00
123563,LINKASSURE,2020-06-09,0.5,,,0.5,912500,2026-04-08T03:28:33.545964+00:00
123666,LINKASSURE,2020-06-10,0.5,,,0.5,258800,2026-04-08T03:28:35.856379+00:00
123769,LINKASSURE,2020-06-11,0.53,,,0.53,518500,2026-04-08T03:28:38.052531+00:00
123872,LINKASSURE,2020-06-15,0.53,,,0.53,24678,2026-04-08T03:28:43.437023+00:00
123975,LINKASSURE,2020-06-16,0.53,,,0.53,3875,2026-04-08T03:28:45.961134+00:00
124078,LINKASSURE,2020-06-17,0.53,,,0.53,6581,2026-04-08T03:28:48.324213+00:00
124181,LINKASSURE,2020-06-18,0.53,,,0.53,7000,2026-04-08T03:28:50.696546+00:00
124284,LINKASSURE,2020-06-19,0.53,,,0.53,0,2026-04-08T03:28:53.406809+00:00
124387,LINKASSURE,2020-06-22,0.53,,,0.53,24700,2026-04-08T03:28:57.922359+00:00
124490,LINKASSURE,2020-06-23,0.53,,,0.53,50000,2026-04-08T03:29:00.283028+00:00
124593,LINKASSURE,2020-06-24,0.53,,,0.53,0,2026-04-08T03:29:02.79982+00:00
124696,LINKASSURE,2020-06-25,0.48,,,0.48,1640224,2026-04-08T03:29:05.076463+00:00
124799,LINKASSURE,2020-06-26,0.48,,,0.48,163000,2026-04-08T03:29:07.48598+00:00
124902,LINKASSURE,2020-06-29,0.48,,,0.48,0,2026-04-08T03:29:11.968016+00:00
125005,LINKASSURE,2020-06-30,0.48,,,0.48,148102,2026-04-08T03:29:14.28255+00:00
125108,LINKASSURE,2020-07-01,0.48,,,0.48,0,2026-04-08T03:29:16.703757+00:00
125211,LINKASSURE,2020-07-02,0.48,,,0.48,6000,2026-04-08T03:29:19.127663+00:00
125314,LINKASSURE,2020-07-03,0.48,,,0.48,0,2026-04-08T03:29:21.544735+00:00
125417,LINKASSURE,2020-07-07,0.43,,,0.43,3159923,2026-04-08T03:29:27.331532+00:00
125520,LINKASSURE,2020-07-08,0.47,,,0.47,703950,2026-04-08T03:29:29.768744+00:00
125623,LINKASSURE,2020-07-09,0.47,,,0.47,15546,2026-04-08T03:29:32.143692+00:00
125726,LINKASSURE,2020-07-10,0.47,,,0.47,64700,2026-04-08T03:29:34.521297+00:00
125829,LINKASSURE,2020-07-13,0.51,,,0.51,219754,2026-04-08T03:29:39.007126+00:00
125932,LINKASSURE,2020-07-14,0.51,,,0.51,100,2026-04-08T03:29:41.304989+00:00
126035,LINKASSURE,2020-07-15,0.46,,,0.46,1220750,2026-04-08T03:29:43.708156+00:00
126138,LINKASSURE,2020-07-16,0.44,,,0.44,1489500,2026-04-08T03:29:45.979708+00:00
126241,LINKASSURE,2020-07-17,0.4,,,0.4,5773250,2026-04-08T03:29:48.357101+00:00
126344,LINKASSURE,2020-07-20,0.35,,,0.35,205000,2026-04-08T03:29:52.723074+00:00
126447,LINKASSURE,2020-07-21,0.38,,,0.38,100000,2026-04-08T03:29:55.035926+00:00
126550,LINKASSURE,2020-07-23,0.38,,,0.38,48000,2026-04-08T03:29:58.238067+00:00
126653,LINKASSURE,2020-07-24,0.41,,,0.41,1125900,2026-04-08T03:30:00.541513+00:00
126756,LINKASSURE,2020-07-27,0.4,,,0.4,287000,2026-04-08T03:30:04.748878+00:00
126859,LINKASSURE,2020-07-28,0.4,,,0.4,700,2026-04-08T03:30:07.286947+00:00
126962,LINKASSURE,2020-07-29,0.4,,,0.4,1000,2026-04-08T03:30:09.725653+00:00
127065,LINKASSURE,2020-08-03,0.4,,,0.4,0,2026-04-08T03:30:16.711714+00:00
127168,LINKASSURE,2020-08-04,0.4,,,0.4,3869,2026-04-08T03:30:19.026905+00:00
127271,LINKASSURE,2020-08-05,0.4,,,0.4,2272,2026-04-08T03:30:21.509999+00:00
127374,LINKASSURE,2020-08-06,0.38,,,0.38,977870,2026-04-08T03:30:23.823287+00:00
127477,LINKASSURE,2020-08-07,0.38,,,0.38,308888,2026-04-08T03:30:26.221973+00:00
127580,LINKASSURE,2020-08-10,0.38,,,0.38,1446220,2026-04-08T03:30:31.080726+00:00
127683,LINKASSURE,2020-08-11,0.38,,,0.38,56731,2026-04-08T03:30:33.557314+00:00
127786,LINKASSURE,2020-08-12,0.38,,,0.38,74390,2026-04-08T03:30:35.989363+00:00
127889,LINKASSURE,2020-08-13,0.38,,,0.38,30000,2026-04-08T03:30:38.402702+00:00
127992,LINKASSURE,2020-08-14,0.39,,,0.39,2594261,2026-04-08T03:30:40.738296+00:00
128095,LINKASSURE,2020-08-17,0.39,,,0.39,0,2026-04-08T03:30:45.179846+00:00
128198,LINKASSURE,2020-08-18,0.39,,,0.39,179500,2026-04-08T03:30:47.750292+00:00
128301,LINKASSURE,2020-08-19,0.39,,,0.39,13046,2026-04-08T03:30:50.260611+00:00
128404,LINKASSURE,2020-08-20,0.39,,,0.39,2902090,2026-04-08T03:30:52.728097+00:00
128507,LINKASSURE,2020-08-21,0.39,,,0.39,1095,2026-04-08T03:30:55.129893+00:00
128610,LINKASSURE,2020-08-24,0.39,,,0.39,20000,2026-04-08T03:30:59.50528+00:00
128713,LINKASSURE,2020-08-25,0.39,,,0.39,29605,2026-04-08T03:31:01.97181+00:00
128816,LINKASSURE,2020-08-26,0.39,,,0.39,187850,2026-04-08T03:31:04.340397+00:00
128919,LINKASSURE,2020-08-27,0.39,,,0.39,70124,2026-04-08T03:31:06.825032+00:00
129022,LINKASSURE,2020-08-28,0.39,,,0.39,1015240,2026-04-08T03:31:10.050623+00:00
129125,LINKASSURE,2020-08-31,0.39,,,0.39,1000,2026-04-08T03:31:14.574397+00:00
129228,LINKASSURE,2020-09-01,0.39,,,0.39,0,2026-04-08T03:31:16.859057+00:00
129331,LINKASSURE,2020-09-02,0.39,,,0.39,1590,2026-04-08T03:31:19.223829+00:00
129434,LINKASSURE,2020-09-03,0.42,,,0.42,235227,2026-04-08T03:31:21.580357+00:00
129537,LINKASSURE,2020-09-04,0.42,,,0.42,18400,2026-04-08T03:31:24.095323+00:00
129640,LINKASSURE,2020-09-07,0.42,,,0.42,0,2026-04-08T03:31:29.028072+00:00
129743,LINKASSURE,2020-09-08,0.42,,,0.42,0,2026-04-08T03:31:31.696694+00:00
129846,LINKASSURE,2020-09-09,0.42,,,0.42,48000,2026-04-08T03:31:34.222499+00:00
129949,LINKASSURE,2020-09-10,0.42,,,0.42,188000,2026-04-08T03:31:36.666154+00:00
130052,LINKASSURE,2020-09-11,0.41,,,0.41,967514,2026-04-08T03:31:39.224755+00:00
130155,LINKASSURE,2020-09-14,0.41,,,0.41,50000,2026-04-08T03:31:43.669625+00:00
130258,LINKASSURE,2020-09-15,0.41,,,0.41,264220,2026-04-08T03:31:46.096824+00:00
130361,LINKASSURE,2020-09-16,0.41,,,0.41,66186,2026-04-08T03:31:48.62473+00:00
130464,LINKASSURE,2020-09-17,0.41,,,0.41,0,2026-04-08T03:31:51.120615+00:00
130567,LINKASSURE,2020-09-18,0.41,,,0.41,20000,2026-04-08T03:31:53.500222+00:00
130670,LINKASSURE,2020-09-21,0.4,,,0.4,150000,2026-04-08T03:31:57.915353+00:00
130773,LINKASSURE,2020-09-22,0.38,,,0.38,150000,2026-04-08T03:32:00.361616+00:00
130876,LINKASSURE,2020-09-23,0.38,,,0.38,0,2026-04-08T03:32:02.667296+00:00
130979,LINKASSURE,2020-09-24,0.38,,,0.38,2000,2026-04-08T03:32:05.077899+00:00
131082,LINKASSURE,2020-09-25,0.38,,,0.38,198000,2026-04-08T03:32:07.472813+00:00
131185,LINKASSURE,2020-09-28,0.38,,,0.38,164800,2026-04-08T03:32:12.542607+00:00
131288,LINKASSURE,2020-09-29,0.38,,,0.38,15000,2026-04-08T03:32:14.948969+00:00
131391,LINKASSURE,2020-09-30,0.38,,,0.38,4000,2026-04-08T03:32:17.368144+00:00
131494,LINKASSURE,2020-10-02,0.38,,,0.38,9494,2026-04-08T03:32:21.009688+00:00
131597,LINKASSURE,2020-10-05,0.41,,,0.41,123800,2026-04-08T03:32:25.669514+00:00
131700,LINKASSURE,2020-10-06,0.41,,,0.41,95000,2026-04-08T03:32:28.151061+00:00
131803,LINKASSURE,2020-10-07,0.45,,,0.45,403000,2026-04-08T03:32:30.62441+00:00
131906,LINKASSURE,2020-10-08,0.44,,,0.44,30502000,2026-04-08T03:32:32.995223+00:00
132009,LINKASSURE,2020-10-09,0.44,,,0.44,719507,2026-04-08T03:32:35.453646+00:00
132112,LINKASSURE,2020-10-12,0.44,,,0.44,0,2026-04-08T03:32:39.836845+00:00
132215,LINKASSURE,2020-10-13,0.44,,,0.44,200,2026-04-08T03:32:42.883097+00:00
132318,LINKASSURE,2020-10-14,0.44,,,0.44,0,2026-04-08T03:32:45.313484+00:00
132421,LINKASSURE,2020-10-15,0.44,,,0.44,0,2026-04-08T03:32:47.672181+00:00
132524,LINKASSURE,2020-10-16,0.44,,,0.44,2500,2026-04-08T03:32:50.112843+00:00
132627,LINKASSURE,2020-10-19,0.44,,,0.44,105000,2026-04-08T03:32:54.594352+00:00
132730,LINKASSURE,2020-10-20,0.43,,,0.43,101000,2026-04-08T03:32:57.288568+00:00
132833,LINKASSURE,2020-10-21,0.4,,,0.4,335700,2026-04-08T03:32:59.679627+00:00
132936,LINKASSURE,2020-10-22,0.4,,,0.4,18872,2026-04-08T03:33:02.194874+00:00
133040,LINKASSURE,2020-10-23,0.4,,,0.4,0,2026-04-08T03:33:04.540232+00:00
133143,LINKASSURE,2020-10-26,0.4,,,0.4,0,2026-04-08T03:33:08.964122+00:00
133246,LINKASSURE,2020-10-27,0.44,,,0.44,750642,2026-04-08T03:33:12.04516+00:00
133349,LINKASSURE,2020-10-28,0.45,,,0.45,105630,2026-04-08T03:33:14.504918+00:00
133452,LINKASSURE,2020-10-30,0.45,,,0.45,1387992,2026-04-08T03:33:18.13889+00:00
133555,LINKASSURE,2020-11-02,0.45,,,0.45,0,2026-04-08T03:33:22.589733+00:00
133658,LINKASSURE,2020-11-03,0.45,,,0.45,0,2026-04-08T03:33:24.936567+00:00
133761,LINKASSURE,2020-11-04,0.45,,,0.45,300000,2026-04-08T03:33:27.402012+00:00
133864,LINKASSURE,2020-11-05,0.41,,,0.41,185000,2026-04-08T03:33:29.791139+00:00
133967,LINKASSURE,2020-11-06,0.41,,,0.41,11717,2026-04-08T03:33:32.190465+00:00
134070,LINKASSURE,2020-11-09,0.45,,,0.45,414000,2026-04-08T03:33:36.944942+00:00
134174,LINKASSURE,2020-11-10,0.49,,,0.49,1806001,2026-04-08T03:33:39.328014+00:00
134278,LINKASSURE,2020-11-11,0.47,,,0.47,177500,2026-04-08T03:33:41.646704+00:00
134382,LINKASSURE,2020-11-12,0.5,,,0.5,240630,2026-04-08T03:33:44.075825+00:00
134486,LINKASSURE,2020-11-13,0.5,,,0.5,113985,2026-04-08T03:33:46.660663+00:00
134590,LINKASSURE,2020-11-16,0.5,,,0.5,304997,2026-04-08T03:33:51.206328+00:00
134694,LINKASSURE,2020-11-17,0.5,,,0.5,63145,2026-04-08T03:33:53.594986+00:00
134798,LINKASSURE,2020-11-18,0.55,,,0.55,382961,2026-04-08T03:33:56.053488+00:00
134902,LINKASSURE,2020-11-19,0.5,,,0.5,692931,2026-04-08T03:33:58.535588+00:00
135006,LINKASSURE,2020-11-20,0.55,,,0.55,2581747,2026-04-08T03:34:01.033528+00:00
135110,LINKASSURE,2020-11-23,0.5,,,0.5,505000,2026-04-08T03:34:05.446005+00:00
135214,LINKASSURE,2020-11-24,0.5,,,0.5,100,2026-04-08T03:34:07.827748+00:00
135318,LINKASSURE,2020-11-25,0.5,,,0.5,39254,2026-04-08T03:34:10.273596+00:00
135422,LINKASSURE,2020-11-26,0.5,,,0.5,120000,2026-04-08T03:34:12.878043+00:00
135526,LINKASSURE,2020-11-27,0.5,,,0.5,61671,2026-04-08T03:34:15.660625+00:00
135630,LINKASSURE,2020-11-30,0.5,,,0.5,0,2026-04-08T03:34:20.595268+00:00
135734,LINKASSURE,2020-12-01,0.5,,,0.5,105000,2026-04-08T03:34:22.915781+00:00
135837,LINKASSURE,2020-12-02,0.5,,,0.5,2000,2026-04-08T03:34:25.200893+00:00
135939,LINKASSURE,2020-12-03,0.5,,,0.5,91384,2026-04-08T03:34:27.500503+00:00
136041,LINKASSURE,2020-12-04,0.5,,,0.5,173745,2026-04-08T03:34:29.754666+00:00
136145,LINKASSURE,2020-12-07,0.5,,,0.5,0,2026-04-08T03:34:34.092506+00:00
136249,LINKASSURE,2020-12-08,0.5,,,0.5,0,2026-04-08T03:34:36.413898+00:00
136353,LINKASSURE,2020-12-09,0.5,,,0.5,12600,2026-04-08T03:34:38.741358+00:00
136457,LINKASSURE,2020-12-10,0.5,,,0.5,13200,2026-04-08T03:34:41.210459+00:00
136561,LINKASSURE,2020-12-11,0.5,,,0.5,0,2026-04-08T03:34:43.516271+00:00
136665,LINKASSURE,2020-12-14,0.49,,,0.49,689272,2026-04-08T03:34:47.752987+00:00
136770,LINKASSURE,2020-12-15,0.49,,,0.49,1,2026-04-08T03:34:50.014046+00:00
136875,LINKASSURE,2020-12-16,0.45,,,0.45,501901,2026-04-08T03:34:52.260784+00:00
136980,LINKASSURE,2020-12-17,0.46,,,0.46,505000,2026-04-08T03:34:54.700208+00:00
137085,LINKASSURE,2020-12-18,0.45,,,0.45,1335449,2026-04-08T03:34:57.404383+00:00
137190,LINKASSURE,2020-12-21,0.49,,,0.49,372000,2026-04-08T03:35:01.74156+00:00
137295,LINKASSURE,2020-12-22,0.49,,,0.49,1750000,2026-04-08T03:35:04.087051+00:00
137400,LINKASSURE,2020-12-23,0.49,,,0.49,0,2026-04-08T03:35:06.465463+00:00
137505,LINKASSURE,2020-12-24,0.49,,,0.49,0,2026-04-08T03:35:08.859517+00:00
137610,LINKASSURE,2020-12-29,0.48,,,0.48,1122799,2026-04-08T03:35:15.710612+00:00
137715,LINKASSURE,2020-12-30,0.52,,,0.52,700000,2026-04-08T03:35:18.332825+00:00
137820,LINKASSURE,2020-12-31,0.52,,,0.52,16000,2026-04-08T03:35:20.721524+00:00
137925,LINKASSURE,2021-01-04,0.52,,,0.52,0,2026-04-08T03:35:26.376094+00:00
138030,LINKASSURE,2021-01-05,0.54,,,0.54,438949,2026-04-08T03:35:29.033034+00:00
138135,LINKASSURE,2021-01-06,0.59,,,0.59,418142,2026-04-08T03:35:31.424152+00:00
138240,LINKASSURE,2021-01-07,0.59,,,0.59,100209,2026-04-08T03:35:34.042283+00:00
138345,LINKASSURE,2021-01-08,0.64,,,0.64,2387845,2026-04-08T03:35:36.489888+00:00
138450,LINKASSURE,2021-01-11,0.61,,,0.61,1249337,2026-04-08T03:35:41.134484+00:00
138555,LINKASSURE,2021-01-12,0.61,,,0.61,1350,2026-04-08T03:35:43.444525+00:00
138660,LINKASSURE,2021-01-13,0.61,,,0.61,12500,2026-04-08T03:35:45.752573+00:00
138765,LINKASSURE,2021-01-14,0.63,,,0.63,3200221,2026-04-08T03:35:48.266873+00:00
138870,LINKASSURE,2021-01-15,0.69,,,0.69,267285,2026-04-08T03:35:50.536305+00:00
138975,LINKASSURE,2021-01-18,0.75,,,0.75,10024218,2026-04-08T03:35:55.012207+00:00
139080,LINKASSURE,2021-01-19,0.82,,,0.82,21395754,2026-04-08T03:35:57.346792+00:00
139185,LINKASSURE,2021-01-20,0.9,,,0.9,792029,2026-04-08T03:35:59.785195+00:00
139290,LINKASSURE,2021-01-21,0.9,,,0.9,10000,2026-04-08T03:36:02.057398+00:00
139395,LINKASSURE,2021-01-22,0.9,,,0.9,0,2026-04-08T03:36:04.490813+00:00
139500,LINKASSURE,2021-01-25,0.9,,,0.9,7000,2026-04-08T03:36:09.142175+00:00
139605,LINKASSURE,2021-01-26,0.9,,,0.9,7000,2026-04-08T03:36:11.477526+00:00
139710,LINKASSURE,2021-01-27,0.9,,,0.9,37000,2026-04-08T03:36:13.916788+00:00
139815,LINKASSURE,2021-01-28,0.9,,,0.9,0,2026-04-08T03:36:16.269205+00:00
139920,LINKASSURE,2021-01-29,0.9,,,0.9,11000,2026-04-08T03:36:18.603253+00:00
140025,LINKASSURE,2021-02-01,0.9,,,0.9,1000,2026-04-08T03:36:23.094546+00:00
140130,LINKASSURE,2021-02-02,0.81,,,0.81,119999,2026-04-08T03:36:25.523135+00:00
140235,LINKASSURE,2021-02-03,0.73,,,0.73,150000,2026-04-08T03:36:27.835035+00:00
140340,LINKASSURE,2021-02-04,0.66,,,0.66,2056436,2026-04-08T03:36:30.225924+00:00
140445,LINKASSURE,2021-02-05,0.6,,,0.6,4082603,2026-04-08T03:36:32.587221+00:00
140550,LINKASSURE,2021-02-08,0.6,,,0.6,150241,2026-04-08T03:36:37.052653+00:00
140655,LINKASSURE,2021-02-09,0.66,,,0.66,346240,2026-04-08T03:36:39.468141+00:00
140760,LINKASSURE,2021-02-10,0.6,,,0.6,4273995,2026-04-08T03:36:41.836322+00:00
140865,LINKASSURE,2021-02-11,0.54,,,0.54,5639000,2026-04-08T03:36:44.255641+00:00
140970,LINKASSURE,2021-02-12,0.59,,,0.59,1570565,2026-04-08T03:36:46.553737+00:00
141075,LINKASSURE,2021-02-15,0.59,,,0.59,55752,2026-04-08T03:36:50.983127+00:00
141180,LINKASSURE,2021-02-16,0.56,,,0.56,1139250,2026-04-08T03:36:53.929967+00:00
141285,LINKASSURE,2021-02-17,0.56,,,0.56,14022,2026-04-08T03:36:56.762484+00:00
141390,LINKASSURE,2021-02-18,0.56,,,0.56,187084,2026-04-08T03:36:59.321693+00:00
141495,LINKASSURE,2021-02-19,0.56,,,0.56,24961,2026-04-08T03:37:01.817881+00:00
141600,LINKASSURE,2021-02-22,0.56,,,0.56,4006,2026-04-08T03:37:06.27808+00:00
141705,LINKASSURE,2021-02-23,0.56,,,0.56,85000,2026-04-08T03:37:08.890934+00:00
141810,LINKASSURE,2021-02-24,0.58,,,0.58,135720,2026-04-08T03:37:11.490979+00:00
141915,LINKASSURE,2021-02-25,0.56,,,0.56,298652,2026-04-08T03:37:14.190372+00:00
142020,LINKASSURE,2021-02-26,0.56,,,0.56,136325,2026-04-08T03:37:16.661186+00:00
142125,LINKASSURE,2021-03-01,0.56,,,0.56,5000,2026-04-08T03:37:22.522205+00:00
142230,LINKASSURE,2021-03-02,0.56,,,0.56,13250,2026-04-08T03:37:25.400973+00:00
142335,LINKASSURE,2021-03-03,0.51,,,0.51,390371,2026-04-08T03:37:28.29584+00:00
142440,LINKASSURE,2021-03-04,0.46,,,0.46,792730,2026-04-08T03:37:30.865183+00:00
142545,LINKASSURE,2021-03-05,0.5,,,0.5,495270,2026-04-08T03:37:35.032922+00:00
142650,LINKASSURE,2021-03-08,0.55,,,0.55,1125389,2026-04-08T03:37:40.957406+00:00
142755,LINKASSURE,2021-03-09,0.55,,,0.55,2250,2026-04-08T03:37:43.478318+00:00
142860,LINKASSURE,2021-03-10,0.55,,,0.55,582249,2026-04-08T03:37:46.075681+00:00
142965,LINKASSURE,2021-03-11,0.55,,,0.55,62000,2026-04-08T03:37:49.142973+00:00
143070,LINKASSURE,2021-03-12,0.55,,,0.55,15000,2026-04-08T03:37:51.827027+00:00
143175,LINKASSURE,2021-03-15,0.55,,,0.55,97166,2026-04-08T03:37:56.632273+00:00
143280,LINKASSURE,2021-03-16,0.55,,,0.55,5500,2026-04-08T03:37:59.157483+00:00
143385,LINKASSURE,2021-03-17,0.55,,,0.55,100,2026-04-08T03:38:01.497417+00:00
143490,LINKASSURE,2021-03-18,0.5,,,0.5,182210,2026-04-08T03:38:03.831621+00:00
143595,LINKASSURE,2021-03-19,0.5,,,0.5,599740,2026-04-08T03:38:06.31825+00:00
143700,LINKASSURE,2021-03-22,0.5,,,0.5,7000,2026-04-08T03:38:11.081229+00:00
143805,LINKASSURE,2021-03-23,0.5,,,0.5,262500,2026-04-08T03:38:13.396015+00:00
143910,LINKASSURE,2021-03-24,0.5,,,0.5,251750,2026-04-08T03:38:15.81449+00:00
144015,LINKASSURE,2021-03-25,0.51,,,0.51,879250,2026-04-08T03:38:18.283134+00:00
144120,LINKASSURE,2021-03-26,0.51,,,0.51,100000,2026-04-08T03:38:20.746814+00:00
144225,LINKASSURE,2021-03-29,0.56,,,0.56,204500,2026-04-08T03:38:25.159246+00:00
144330,LINKASSURE,2021-03-30,0.6,,,0.6,764148,2026-04-08T03:38:27.475529+00:00
144435,LINKASSURE,2021-03-31,0.66,,,0.66,650508,2026-04-08T03:38:29.710175+00:00
144540,LINKASSURE,2021-04-01,0.72,,,0.72,537075,2026-04-08T03:38:32.086622+00:00
144645,LINKASSURE,2021-04-06,0.79,,,0.79,5494438,2026-04-08T03:38:38.336109+00:00
144750,LINKASSURE,2021-04-07,0.84,,,0.84,1325457,2026-04-08T03:38:40.597593+00:00
144855,LINKASSURE,2021-04-08,0.8,,,0.8,742029,2026-04-08T03:38:43.050318+00:00
144960,LINKASSURE,2021-04-09,0.8,,,0.8,2757445,2026-04-08T03:38:45.381101+00:00
145065,LINKASSURE,2021-04-12,0.82,,,0.82,1119180,2026-04-08T03:38:49.634064+00:00
145170,LINKASSURE,2021-04-14,0.85,,,0.85,742080,2026-04-08T03:38:53.291299+00:00
145275,LINKASSURE,2021-04-15,0.84,,,0.84,589888,2026-04-08T03:38:55.647647+00:00
145380,LINKASSURE,2021-04-16,0.84,,,0.84,153770,2026-04-08T03:38:58.039758+00:00
145485,LINKASSURE,2021-04-19,0.84,,,0.84,937500,2026-04-08T03:39:02.639407+00:00
145590,LINKASSURE,2021-04-20,0.84,,,0.84,30054,2026-04-08T03:39:05.009889+00:00
145695,LINKASSURE,2021-04-21,0.8,,,0.8,636500,2026-04-08T03:39:07.371999+00:00
145800,LINKASSURE,2021-04-22,0.84,,,0.84,706532,2026-04-08T03:39:09.720023+00:00
145905,LINKASSURE,2021-04-26,0.88,,,0.88,1390689,2026-04-08T03:39:15.36746+00:00
146010,LINKASSURE,2021-04-27,0.9,,,0.9,1686748,2026-04-08T03:39:17.695414+00:00
146115,LINKASSURE,2021-04-28,0.86,,,0.86,2157600,2026-04-08T03:39:20.620007+00:00
146220,LINKASSURE,2021-04-29,0.92,,,0.92,614501,2026-04-08T03:39:22.905871+00:00
146325,LINKASSURE,2021-04-30,0.85,,,0.85,12287367,2026-04-08T03:39:25.430976+00:00
146430,LINKASSURE,2021-05-04,0.53,,,0.53,4718266,2026-04-08T03:39:31.322792+00:00
146535,LINKASSURE,2021-05-05,0.58,,,0.58,2641430,2026-04-08T03:39:33.759587+00:00
146640,LINKASSURE,2021-05-06,0.63,,,0.63,1827501,2026-04-08T03:39:36.246061+00:00
146745,LINKASSURE,2021-05-07,0.69,,,0.69,941776,2026-04-08T03:39:38.47254+00:00
146850,LINKASSURE,2021-05-10,0.75,,,0.75,320624,2026-04-08T03:39:42.886326+00:00
146955,LINKASSURE,2021-05-11,0.75,,,0.75,63356,2026-04-08T03:39:45.288668+00:00
147060,LINKASSURE,2021-05-14,0.69,,,0.69,515000,2026-04-08T03:39:49.859206+00:00
147165,LINKASSURE,2021-05-17,0.69,,,0.69,33000,2026-04-08T03:39:54.343913+00:00
147270,LINKASSURE,2021-05-18,0.65,,,0.65,203350,2026-04-08T03:39:57.092526+00:00
147375,LINKASSURE,2021-05-19,0.65,,,0.65,245000,2026-04-08T03:39:59.433321+00:00
147480,LINKASSURE,2021-05-20,0.6,,,0.6,188258,2026-04-08T03:40:01.906518+00:00
147585,LINKASSURE,2021-05-21,0.6,,,0.6,2261,2026-04-08T03:40:04.221824+00:00
147690,LINKASSURE,2021-05-24,0.6,,,0.6,64584,2026-04-08T03:40:08.535937+00:00
147795,LINKASSURE,2021-05-25,0.6,,,0.6,97439,2026-04-08T03:40:10.790359+00:00
147900,LINKASSURE,2021-05-26,0.6,,,0.6,0,2026-04-08T03:40:13.088105+00:00
148005,LINKASSURE,2021-05-27,0.6,,,0.6,400,2026-04-08T03:40:15.774564+00:00
148110,LINKASSURE,2021-05-28,0.6,,,0.6,1100,2026-04-08T03:40:18.222614+00:00
148215,LINKASSURE,2021-05-31,0.6,,,0.6,27500,2026-04-08T03:40:23.651574+00:00
148320,LINKASSURE,2021-06-01,0.6,,,0.6,111400,2026-04-08T03:40:26.050454+00:00
148425,LINKASSURE,2021-06-02,0.55,,,0.55,297889,2026-04-08T03:40:28.576306+00:00
148530,LINKASSURE,2021-06-03,0.55,,,0.55,206472,2026-04-08T03:40:31.001459+00:00
148635,LINKASSURE,2021-06-04,0.55,,,0.55,0,2026-04-08T03:40:33.442796+00:00
148740,LINKASSURE,2021-06-07,0.55,,,0.55,450,2026-04-08T03:40:37.732645+00:00
148845,LINKASSURE,2021-06-08,0.55,,,0.55,17575,2026-04-08T03:40:40.102423+00:00
148950,LINKASSURE,2021-06-09,0.55,,,0.55,35300,2026-04-08T03:40:42.486352+00:00
149055,LINKASSURE,2021-06-10,0.6,,,0.6,229675,2026-04-08T03:40:45.029393+00:00
149160,LINKASSURE,2021-06-11,0.56,,,0.56,248308,2026-04-08T03:40:47.465669+00:00
149265,LINKASSURE,2021-06-15,0.56,,,0.56,30000,2026-04-08T03:40:53.415974+00:00
149370,LINKASSURE,2021-06-16,0.56,,,0.56,12500,2026-04-08T03:40:55.754681+00:00
149476,LINKASSURE,2021-06-17,0.55,,,0.55,814387,2026-04-08T03:40:58.172345+00:00
149582,LINKASSURE,2021-06-18,0.55,,,0.55,1250,2026-04-08T03:41:00.479054+00:00
149688,LINKASSURE,2021-06-21,0.55,,,0.55,325140,2026-04-08T03:41:05.049703+00:00
149795,LINKASSURE,2021-06-22,0.55,,,0.55,0,2026-04-08T03:41:07.444448+00:00
149902,LINKASSURE,2021-06-23,0.6,,,0.6,1070100,2026-04-08T03:41:09.819069+00:00
150009,LINKASSURE,2021-06-24,0.6,,,0.6,261331,2026-04-08T03:41:12.2583+00:00
150116,LINKASSURE,2021-06-25,0.65,,,0.65,149250,2026-04-08T03:41:14.6351+00:00
150223,LINKASSURE,2021-06-28,0.7,,,0.7,1706058,2026-04-08T03:41:19.428749+00:00
150330,LINKASSURE,2021-06-29,0.77,,,0.77,4827677,2026-04-08T03:41:22.147646+00:00
150437,LINKASSURE,2021-06-30,0.84,,,0.84,3240625,2026-04-08T03:41:24.723581+00:00
150544,LINKASSURE,2021-07-01,0.92,,,0.92,2612855,2026-04-08T03:41:27.253573+00:00
150651,LINKASSURE,2021-07-02,0.85,,,0.85,554437,2026-04-08T03:41:29.882533+00:00
150758,LINKASSURE,2021-07-05,0.85,,,0.85,366052,2026-04-08T03:41:34.454391+00:00
150865,LINKASSURE,2021-07-06,0.77,,,0.77,1564600,2026-04-08T03:41:36.982623+00:00
150972,LINKASSURE,2021-07-07,0.77,,,0.77,1550,2026-04-08T03:41:39.307643+00:00
151079,LINKASSURE,2021-07-08,0.77,,,0.77,234,2026-04-08T03:41:41.672436+00:00
151187,LINKASSURE,2021-07-09,0.74,,,0.74,1228530,2026-04-08T03:41:44.186247+00:00
151295,LINKASSURE,2021-07-12,0.74,,,0.74,20300,2026-04-08T03:41:48.615121+00:00
151403,LINKASSURE,2021-07-13,0.74,,,0.74,18000,2026-04-08T03:41:50.993586+00:00
151511,LINKASSURE,2021-07-14,0.7,,,0.7,662892,2026-04-08T03:41:53.268+00:00
151619,LINKASSURE,2021-07-15,0.7,,,0.7,173760,2026-04-08T03:41:55.50175+00:00
151727,LINKASSURE,2021-07-16,0.7,,,0.7,334270,2026-04-08T03:41:57.978751+00:00
151835,LINKASSURE,2021-07-19,0.7,,,0.7,3099555,2026-04-08T03:42:02.439681+00:00
151943,LINKASSURE,2021-07-22,0.7,,,0.7,38877,2026-04-08T03:42:06.938387+00:00
152051,LINKASSURE,2021-07-23,0.7,,,0.7,116118,2026-04-08T03:42:09.224536+00:00
152159,LINKASSURE,2021-07-26,0.65,,,0.65,699160,2026-04-08T03:42:13.888963+00:00
152267,LINKASSURE,2021-07-27,0.65,,,0.65,1305267,2026-04-08T03:42:16.300026+00:00
152375,LINKASSURE,2021-07-28,0.65,,,0.65,71652,2026-04-08T03:42:18.733972+00:00
152483,LINKASSURE,2021-07-29,0.6,,,0.6,5458807,2026-04-08T03:42:21.196071+00:00
152591,LINKASSURE,2021-07-30,0.6,,,0.6,353493,2026-04-08T03:42:23.780537+00:00
152699,LINKASSURE,2021-08-02,0.64,,,0.64,830531,2026-04-08T03:42:28.457705+00:00
152807,LINKASSURE,2021-08-03,0.64,,,0.64,317898,2026-04-08T03:42:31.094462+00:00
152915,LINKASSURE,2021-08-04,0.64,,,0.64,0,2026-04-08T03:42:33.531563+00:00
153023,LINKASSURE,2021-08-05,0.64,,,0.64,520,2026-04-08T03:42:35.917081+00:00
153131,LINKASSURE,2021-08-06,0.64,,,0.64,34050,2026-04-08T03:42:38.23616+00:00
153239,LINKASSURE,2021-08-09,0.59,,,0.59,1409166,2026-04-08T03:42:42.878342+00:00
153347,LINKASSURE,2021-08-10,0.59,,,0.59,53979,2026-04-08T03:42:45.264053+00:00
153455,LINKASSURE,2021-08-12,0.63,,,0.63,103673,2026-04-08T03:42:48.762656+00:00
153563,LINKASSURE,2021-08-13,0.63,,,0.63,82600,2026-04-08T03:42:51.120096+00:00
153671,LINKASSURE,2021-08-16,0.63,,,0.63,127640,2026-04-08T03:42:55.556429+00:00
153779,LINKASSURE,2021-08-17,0.59,,,0.59,269843,2026-04-08T03:42:57.870214+00:00
153887,LINKASSURE,2021-08-18,0.58,,,0.58,156600,2026-04-08T03:43:00.318272+00:00
153995,LINKASSURE,2021-08-19,0.63,,,0.63,150317,2026-04-08T03:43:02.743698+00:00
154103,LINKASSURE,2021-08-20,0.6,,,0.6,1244665,2026-04-08T03:43:05.111187+00:00
154211,LINKASSURE,2021-08-23,0.63,,,0.63,360500,2026-04-08T03:43:09.725908+00:00
154319,LINKASSURE,2021-08-24,0.62,,,0.62,201330,2026-04-08T03:43:12.031989+00:00
154427,LINKASSURE,2021-08-25,0.62,,,0.62,99127,2026-04-08T03:43:14.375004+00:00
154535,LINKASSURE,2021-08-26,0.62,,,0.62,13810,2026-04-08T03:43:16.860503+00:00
154643,LINKASSURE,2021-08-27,0.62,,,0.62,12500,2026-04-08T03:43:19.247601+00:00
154751,LINKASSURE,2021-08-30,0.58,,,0.58,604339,2026-04-08T03:43:23.756871+00:00
154859,LINKASSURE,2021-08-31,0.58,,,0.58,977977,2026-04-08T03:43:26.203018+00:00
154967,LINKASSURE,2021-09-01,0.56,,,0.56,362350,2026-04-08T03:43:28.430514+00:00
155075,LINKASSURE,2021-09-02,0.56,,,0.56,97677,2026-04-08T03:43:30.63423+00:00
155183,LINKASSURE,2021-09-03,0.56,,,0.56,204559,2026-04-08T03:43:33.173741+00:00
155291,LINKASSURE,2021-09-06,0.61,,,0.61,121900,2026-04-08T03:43:37.566628+00:00
155399,LINKASSURE,2021-09-07,0.61,,,0.61,26334,2026-04-08T03:43:39.870652+00:00
155507,LINKASSURE,2021-09-08,0.61,,,0.61,0,2026-04-08T03:43:42.125577+00:00
155615,LINKASSURE,2021-09-09,0.61,,,0.61,103310,2026-04-08T03:43:44.739177+00:00
155723,LINKASSURE,2021-09-10,0.57,,,0.57,11706204,2026-04-08T03:43:47.339386+00:00
155831,LINKASSURE,2021-09-13,0.6,,,0.6,134022,2026-04-08T03:43:51.822078+00:00
155939,LINKASSURE,2021-09-14,0.59,,,0.59,340865,2026-04-08T03:43:54.260371+00:00
156047,LINKASSURE,2021-09-15,0.59,,,0.59,7688,2026-04-08T03:43:56.896801+00:00
156155,LINKASSURE,2021-09-16,0.59,,,0.59,170180,2026-04-08T03:43:59.227477+00:00
156263,LINKASSURE,2021-09-20,0.57,,,0.57,200780,2026-04-08T03:44:04.993721+00:00
156371,LINKASSURE,2021-09-21,0.57,,,0.57,145406,2026-04-08T03:44:07.727357+00:00
156479,LINKASSURE,2021-09-22,0.57,,,0.57,205000,2026-04-08T03:44:10.239254+00:00
156587,LINKASSURE,2021-09-23,0.59,,,0.59,291000,2026-04-08T03:44:12.661605+00:00
156695,LINKASSURE,2021-09-24,0.6,,,0.6,293387,2026-04-08T03:44:15.34542+00:00
156803,LINKASSURE,2021-09-27,0.6,,,0.6,80150,2026-04-08T03:44:19.850483+00:00
156911,LINKASSURE,2021-09-28,0.59,,,0.59,218524,2026-04-08T03:44:22.678655+00:00
157019,LINKASSURE,2021-09-29,0.6,,,0.6,412680,2026-04-08T03:44:25.133662+00:00
157127,LINKASSURE,2021-09-30,0.6,,,0.6,358218,2026-04-08T03:44:27.471646+00:00
157235,LINKASSURE,2021-10-04,0.6,,,0.6,822200,2026-04-08T03:44:32.876267+00:00
157343,LINKASSURE,2021-10-05,0.58,,,0.58,970240,2026-04-08T03:44:35.445743+00:00
157451,LINKASSURE,2021-10-06,0.58,,,0.58,70972,2026-04-08T03:44:37.876116+00:00
157559,LINKASSURE,2021-10-07,0.59,,,0.59,154500,2026-04-08T03:44:40.206594+00:00
157667,LINKASSURE,2021-10-08,0.58,,,0.58,556753,2026-04-08T03:44:42.63936+00:00
157775,LINKASSURE,2021-10-11,0.58,,,0.58,24750,2026-04-08T03:44:47.21782+00:00
157883,LINKASSURE,2021-10-12,0.6,,,0.6,2083174,2026-04-08T03:44:49.55017+00:00
157991,LINKASSURE,2021-10-13,0.6,,,0.6,525742,2026-04-08T03:44:52.157785+00:00
158099,LINKASSURE,2021-10-14,0.57,,,0.57,287100,2026-04-08T03:44:54.53471+00:00
158207,LINKASSURE,2021-10-15,0.57,,,0.57,24800,2026-04-08T03:44:56.91657+00:00
158316,LINKASSURE,2021-10-18,0.57,,,0.57,100,2026-04-08T03:45:01.595863+00:00
158425,LINKASSURE,2021-10-20,0.57,,,0.57,996000,2026-04-08T03:45:05.471144+00:00
158534,LINKASSURE,2021-10-21,0.56,,,0.56,1166609,2026-04-08T03:45:08.008029+00:00
158641,LINKASSURE,2021-10-22,0.56,,,0.56,160180,2026-04-08T03:45:10.474564+00:00
158750,LINKASSURE,2021-10-25,0.56,,,0.56,86741,2026-04-08T03:45:15.28358+00:00
158859,LINKASSURE,2021-10-26,0.56,,,0.56,115509,2026-04-08T03:45:17.74539+00:00
158968,LINKASSURE,2021-10-27,0.56,,,0.56,107460,2026-04-08T03:45:20.303823+00:00
159077,LINKASSURE,2021-10-28,0.56,,,0.56,175000,2026-04-08T03:45:22.610226+00:00
159186,LINKASSURE,2021-10-29,0.53,,,0.53,932396,2026-04-08T03:45:25.013779+00:00
159295,LINKASSURE,2021-11-01,0.53,,,0.53,1970450,2026-04-08T03:45:29.747778+00:00
159404,LINKASSURE,2021-11-02,0.57,,,0.57,662500,2026-04-08T03:45:32.292585+00:00
159513,LINKASSURE,2021-11-03,0.53,,,0.53,1994838,2026-04-08T03:45:34.604091+00:00
159622,LINKASSURE,2021-11-04,0.57,,,0.57,1014938,2026-04-08T03:45:37.086301+00:00
159731,LINKASSURE,2021-11-05,0.55,,,0.55,405620,2026-04-08T03:45:39.522081+00:00
159840,LINKASSURE,2021-11-08,0.53,,,0.53,329427,2026-04-08T03:45:44.061968+00:00
159949,LINKASSURE,2021-11-10,0.56,,,0.56,560800,2026-04-08T03:45:47.530577+00:00
160058,LINKASSURE,2021-11-11,0.56,,,0.56,10817,2026-04-08T03:45:49.990111+00:00
160167,LINKASSURE,2021-11-12,0.56,,,0.56,32095,2026-04-08T03:45:52.531373+00:00
160276,LINKASSURE,2021-11-15,0.56,,,0.56,134500,2026-04-08T03:45:57.041913+00:00
160385,LINKASSURE,2021-11-17,0.51,,,0.51,684050,2026-04-08T03:46:00.536124+00:00
160494,LINKASSURE,2021-11-18,0.51,,,0.51,5500,2026-04-08T03:46:03.012698+00:00
160603,LINKASSURE,2021-11-19,0.51,,,0.51,517185,2026-04-08T03:46:05.423699+00:00
160712,LINKASSURE,2021-11-22,0.51,,,0.51,545970,2026-04-08T03:46:10.306395+00:00
160821,LINKASSURE,2021-11-23,0.51,,,0.51,3500,2026-04-08T03:46:12.888041+00:00
160930,LINKASSURE,2021-11-24,0.51,,,0.51,2029700,2026-04-08T03:46:15.261589+00:00
161039,LINKASSURE,2021-11-25,0.5,,,0.5,2440662,2026-04-08T03:46:17.544601+00:00
161148,LINKASSURE,2021-11-29,0.51,,,0.51,103293,2026-04-08T03:46:23.244686+00:00
161257,LINKASSURE,2021-11-30,0.51,,,0.51,705845,2026-04-08T03:46:25.627389+00:00
161366,LINKASSURE,2021-12-01,0.51,,,0.51,73510,2026-04-08T03:46:28.190956+00:00
161475,LINKASSURE,2021-12-02,0.51,,,0.51,0,2026-04-08T03:46:30.651544+00:00
161584,LINKASSURE,2021-12-03,0.56,,,0.56,107000,2026-04-08T03:46:33.124129+00:00
161693,LINKASSURE,2021-12-06,0.51,,,0.51,652866,2026-04-08T03:46:37.622095+00:00
161802,LINKASSURE,2021-12-07,0.51,,,0.51,7540,2026-04-08T03:46:39.947423+00:00
161911,LINKASSURE,2021-12-08,0.51,,,0.51,47832,2026-04-08T03:46:42.482337+00:00
162020,LINKASSURE,2021-12-09,0.51,,,0.51,11054,2026-04-08T03:46:44.852467+00:00
162129,LINKASSURE,2021-12-10,0.51,,,0.51,94250,2026-04-08T03:46:47.321476+00:00
162239,LINKASSURE,2021-12-13,0.51,,,0.51,2630,2026-04-08T03:46:51.775824+00:00
162349,LINKASSURE,2021-12-14,0.51,,,0.51,0,2026-04-08T03:46:54.126877+00:00
162459,LINKASSURE,2021-12-15,0.51,,,0.51,43310,2026-04-08T03:46:56.822916+00:00
162569,LINKASSURE,2021-12-16,0.51,,,0.51,0,2026-04-08T03:46:59.215115+00:00
162679,LINKASSURE,2021-12-17,0.51,,,0.51,1600142,2026-04-08T03:47:01.752329+00:00
162790,LINKASSURE,2021-12-20,0.51,,,0.51,87000,2026-04-08T03:47:06.293287+00:00
162901,LINKASSURE,2021-12-21,0.51,,,0.51,44300,2026-04-08T03:47:08.729464+00:00
163012,LINKASSURE,2021-12-22,0.51,,,0.51,27998,2026-04-08T03:47:11.106283+00:00
163123,LINKASSURE,2021-12-23,0.51,,,0.51,0,2026-04-08T03:47:13.420215+00:00
163234,LINKASSURE,2021-12-24,0.51,,,0.51,0,2026-04-08T03:47:15.708642+00:00
163345,LINKASSURE,2021-12-29,0.51,,,0.51,3500,2026-04-08T03:47:22.624079+00:00
163456,LINKASSURE,2021-12-30,0.51,,,0.51,0,2026-04-08T03:47:25.019388+00:00
163567,LINKASSURE,2021-12-31,0.51,,,0.51,0,2026-04-08T03:47:27.803632+00:00
163678,LINKASSURE,2022-01-04,0.5,,,0.5,539110,2026-04-08T03:47:33.190226+00:00
163790,LINKASSURE,2022-01-05,0.5,,,0.5,720000,2026-04-08T03:47:35.481449+00:00
163902,LINKASSURE,2022-01-06,0.5,,,0.5,125585,2026-04-08T03:47:38.067383+00:00
164014,LINKASSURE,2022-01-07,0.5,,,0.5,15077,2026-04-08T03:47:40.483305+00:00
164126,LINKASSURE,2022-01-10,0.5,,,0.5,210000,2026-04-08T03:47:45.097739+00:00
164238,LINKASSURE,2022-01-11,0.5,,,0.5,1362200,2026-04-08T03:47:47.617941+00:00
164350,LINKASSURE,2022-01-12,0.53,,,0.53,329000,2026-04-08T03:47:50.132225+00:00
164462,LINKASSURE,2022-01-13,0.53,,,0.53,10335,2026-04-08T03:47:52.673244+00:00
164574,LINKASSURE,2022-01-14,0.52,,,0.52,3951705,2026-04-08T03:47:55.308832+00:00
164686,LINKASSURE,2022-01-17,0.51,,,0.51,2630919,2026-04-08T03:47:59.999655+00:00
164798,LINKASSURE,2022-01-18,0.51,,,0.51,3952600,2026-04-08T03:48:02.353596+00:00
164910,LINKASSURE,2022-01-19,0.53,,,0.53,180025,2026-04-08T03:48:04.820784+00:00
165022,LINKASSURE,2022-01-20,0.57,,,0.57,519085,2026-04-08T03:48:07.325935+00:00
165134,LINKASSURE,2022-01-21,0.56,,,0.56,998646,2026-04-08T03:48:09.696329+00:00
165246,LINKASSURE,2022-01-24,0.56,,,0.56,4000,2026-04-08T03:48:14.136661+00:00
165358,LINKASSURE,2022-01-25,0.56,,,0.56,194516,2026-04-08T03:48:16.50614+00:00
165470,LINKASSURE,2022-01-26,0.52,,,0.52,1498250,2026-04-08T03:48:19.024911+00:00
165582,LINKASSURE,2022-01-27,0.52,,,0.52,18500,2026-04-08T03:48:21.585909+00:00
165694,LINKASSURE,2022-01-28,0.51,,,0.51,1649067,2026-04-08T03:48:23.969021+00:00
165806,LINKASSURE,2022-01-31,0.47,,,0.47,23029494,2026-04-08T03:48:28.465348+00:00
165918,LINKASSURE,2022-02-01,0.46,,,0.46,7525590,2026-04-08T03:48:30.807911+00:00
166030,LINKASSURE,2022-02-02,0.49,,,0.49,1069664,2026-04-08T03:48:33.305516+00:00
166142,LINKASSURE,2022-02-03,0.52,,,0.52,1872010,2026-04-08T03:48:35.918914+00:00
166254,LINKASSURE,2022-02-04,0.51,,,0.51,589234,2026-04-08T03:48:38.317721+00:00
166366,LINKASSURE,2022-02-07,0.51,,,0.51,324990,2026-04-08T03:48:42.904693+00:00
166478,LINKASSURE,2022-02-08,0.51,,,0.51,255930,2026-04-08T03:48:45.378139+00:00
166590,LINKASSURE,2022-02-09,0.5,,,0.5,275140,2026-04-08T03:48:48.035665+00:00
166702,LINKASSURE,2022-02-10,0.5,,,0.5,29850,2026-04-08T03:48:50.398564+00:00
166814,LINKASSURE,2022-02-11,0.51,,,0.51,781600,2026-04-08T03:48:52.774016+00:00
166926,LINKASSURE,2022-02-14,0.51,,,0.51,343565,2026-04-08T03:48:57.293433+00:00
167038,LINKASSURE,2022-02-15,0.5,,,0.5,121650,2026-04-08T03:48:59.662493+00:00
167150,LINKASSURE,2022-02-16,0.5,,,0.5,180500,2026-04-08T03:49:02.003783+00:00
167262,LINKASSURE,2022-02-17,0.5,,,0.5,540970,2026-04-08T03:49:04.32656+00:00
167374,LINKASSURE,2022-02-18,0.5,,,0.5,1111000,2026-04-08T03:49:06.711382+00:00
167486,LINKASSURE,2022-02-21,0.5,,,0.5,3516150,2026-04-08T03:49:10.978464+00:00
167598,LINKASSURE,2022-02-22,0.51,,,0.51,277005,2026-04-08T03:49:13.528869+00:00
167710,LINKASSURE,2022-02-23,0.5,,,0.5,364731,2026-04-08T03:49:15.914345+00:00
167822,LINKASSURE,2022-02-24,0.5,,,0.5,0,2026-04-08T03:49:18.676795+00:00
167934,LINKASSURE,2022-02-25,0.5,,,0.5,1177163,2026-04-08T03:49:21.264729+00:00
168046,LINKASSURE,2022-02-28,0.55,,,0.55,552711,2026-04-08T03:49:25.620712+00:00
168158,LINKASSURE,2022-03-01,0.51,,,0.51,4386353,2026-04-08T03:49:28.049171+00:00
168270,LINKASSURE,2022-03-02,0.52,,,0.52,854295,2026-04-08T03:49:30.283109+00:00
168382,LINKASSURE,2022-03-03,0.54,,,0.54,1093400,2026-04-08T03:49:32.551227+00:00
168494,LINKASSURE,2022-03-04,0.58,,,0.58,329211,2026-04-08T03:49:34.968546+00:00
168606,LINKASSURE,2022-03-07,0.55,,,0.55,170000,2026-04-08T03:49:39.227432+00:00
168718,LINKASSURE,2022-03-08,0.51,,,0.51,447180,2026-04-08T03:49:41.475537+00:00
168830,LINKASSURE,2022-03-09,0.56,,,0.56,230784,2026-04-08T03:49:43.759827+00:00
168942,LINKASSURE,2022-03-10,0.56,,,0.56,16475,2026-04-08T03:49:46.077826+00:00
169054,LINKASSURE,2022-03-11,0.52,,,0.52,390480,2026-04-08T03:49:48.438529+00:00
169166,LINKASSURE,2022-03-14,0.52,,,0.52,160678,2026-04-08T03:49:53.114563+00:00
169278,LINKASSURE,2022-03-15,0.51,,,0.51,2628682,2026-04-08T03:49:55.533531+00:00
169390,LINKASSURE,2022-03-16,0.51,,,0.51,0,2026-04-08T03:49:57.903122+00:00
169502,LINKASSURE,2022-03-17,0.51,,,0.51,1,2026-04-08T03:50:00.211329+00:00
169614,LINKASSURE,2022-03-18,0.51,,,0.51,3550,2026-04-08T03:50:02.865266+00:00
169726,LINKASSURE,2022-03-21,0.51,,,0.51,10000,2026-04-08T03:50:07.476142+00:00
169838,LINKASSURE,2022-03-24,0.5,,,0.5,257079,2026-04-08T03:50:12.041871+00:00
169950,LINKASSURE,2022-03-25,0.5,,,0.5,0,2026-04-08T03:50:14.507747+00:00
170062,LINKASSURE,2022-03-28,0.54,,,0.54,30514000,2026-04-08T03:50:18.995306+00:00
170174,LINKASSURE,2022-03-29,0.54,,,0.54,29500,2026-04-08T03:50:21.48252+00:00
170286,LINKASSURE,2022-03-31,0.5,,,0.5,205000,2026-04-08T03:50:25.686443+00:00
170398,LINKASSURE,2022-04-01,0.5,,,0.5,16970,2026-04-08T03:50:28.209626+00:00
170510,LINKASSURE,2022-04-04,0.47,,,0.47,1580330,2026-04-08T03:50:32.692631+00:00
170622,LINKASSURE,2022-04-05,0.47,,,0.47,0,2026-04-08T03:50:35.152392+00:00
170734,LINKASSURE,2022-04-06,0.51,,,0.51,2139240,2026-04-08T03:50:37.478667+00:00
170846,LINKASSURE,2022-04-07,0.53,,,0.53,4786751,2026-04-08T03:50:39.880974+00:00
170958,LINKASSURE,2022-04-08,0.53,,,0.53,2028117,2026-04-08T03:50:42.48638+00:00
171070,LINKASSURE,2022-04-11,0.53,,,0.53,20000,2026-04-08T03:50:47.197044+00:00
171182,LINKASSURE,2022-04-12,0.49,,,0.49,10826260,2026-04-08T03:50:49.473284+00:00
171294,LINKASSURE,2022-04-13,0.49,,,0.49,22036950,2026-04-08T03:50:51.878986+00:00
171406,LINKASSURE,2022-04-14,0.51,,,0.51,2822237,2026-04-08T03:50:54.439705+00:00
171518,LINKASSURE,2022-04-19,0.48,,,0.48,289790,2026-04-08T03:51:01.439974+00:00
171630,LINKASSURE,2022-04-20,0.48,,,0.48,3504625,2026-04-08T03:51:03.698116+00:00
171742,LINKASSURE,2022-04-21,0.48,,,0.48,11880,2026-04-08T03:51:06.083072+00:00
171854,LINKASSURE,2022-04-22,0.49,,,0.49,4944644,2026-04-08T03:51:08.393199+00:00
171966,LINKASSURE,2022-04-25,0.51,,,0.51,5018000,2026-04-08T03:51:12.880327+00:00
172078,LINKASSURE,2022-04-26,0.51,,,0.51,2992866,2026-04-08T03:51:15.284155+00:00
172190,LINKASSURE,2022-04-27,0.51,,,0.51,132696,2026-04-08T03:51:17.680395+00:00
172302,LINKASSURE,2022-04-28,0.49,,,0.49,2354361,2026-04-08T03:51:20.413235+00:00
172414,LINKASSURE,2022-04-29,0.49,,,0.49,1277050,2026-04-08T03:51:22.882631+00:00
172526,LINKASSURE,2022-05-04,0.49,,,0.49,209925,2026-04-08T03:51:29.674847+00:00
172638,LINKASSURE,2022-05-05,0.49,,,0.49,1410,2026-04-08T03:51:32.050072+00:00
172751,LINKASSURE,2022-05-09,0.58,,,0.58,1695463,2026-04-08T03:51:37.853933+00:00
172864,LINKASSURE,2022-05-10,0.63,,,0.63,405172,2026-04-08T03:51:40.332012+00:00
172977,LINKASSURE,2022-05-11,0.69,,,0.69,1203964,2026-04-08T03:51:42.74313+00:00
173090,LINKASSURE,2022-05-12,0.63,,,0.63,1063359,2026-04-08T03:51:45.11326+00:00
173203,LINKASSURE,2022-05-13,0.6,,,0.6,2055999,2026-04-08T03:51:47.585464+00:00
173316,LINKASSURE,2022-05-16,0.64,,,0.64,195517,2026-04-08T03:51:52.042574+00:00
173429,LINKASSURE,2022-05-17,0.64,,,0.64,269048,2026-04-08T03:51:54.492158+00:00
173542,LINKASSURE,2022-05-18,0.64,,,0.64,200,2026-04-08T03:51:57.297116+00:00
173655,LINKASSURE,2022-05-19,0.61,,,0.61,118000,2026-04-08T03:51:59.624655+00:00
173768,LINKASSURE,2022-05-20,0.61,,,0.61,214000,2026-04-08T03:52:02.40298+00:00
173881,LINKASSURE,2022-05-23,0.6,,,0.6,304058,2026-04-08T03:52:07.648814+00:00
173994,LINKASSURE,2022-05-24,0.6,,,0.6,664809,2026-04-08T03:52:10.277037+00:00
174107,LINKASSURE,2022-05-25,0.55,,,0.55,505951,2026-04-08T03:52:13.066486+00:00
174220,LINKASSURE,2022-05-26,0.6,,,0.6,209371,2026-04-08T03:52:15.508934+00:00
174333,LINKASSURE,2022-05-27,0.56,,,0.56,124700,2026-04-08T03:52:18.156913+00:00
174446,LINKASSURE,2022-05-30,0.56,,,0.56,119505,2026-04-08T03:52:22.656757+00:00
174559,LINKASSURE,2022-05-31,0.56,,,0.56,265100,2026-04-08T03:52:25.114026+00:00
174672,LINKASSURE,2022-06-01,0.56,,,0.56,271510,2026-04-08T03:52:27.834682+00:00
174785,LINKASSURE,2022-06-02,0.54,,,0.54,1113115,2026-04-08T03:52:30.493727+00:00
174898,LINKASSURE,2022-06-03,0.54,,,0.54,18283,2026-04-08T03:52:33.10221+00:00
175011,LINKASSURE,2022-06-06,0.54,,,0.54,44535,2026-04-08T03:52:37.969718+00:00
175124,LINKASSURE,2022-06-07,0.54,,,0.54,110013,2026-04-08T03:52:40.734023+00:00
175237,LINKASSURE,2022-06-08,0.56,,,0.56,229174,2026-04-08T03:52:43.634804+00:00
175350,LINKASSURE,2022-06-09,0.56,,,0.56,135700,2026-04-08T03:52:46.431396+00:00
175463,LINKASSURE,2022-06-10,0.56,,,0.56,21200,2026-04-08T03:52:48.916453+00:00
175576,LINKASSURE,2022-06-14,0.56,,,0.56,6492,2026-04-08T03:52:55.08065+00:00
175689,LINKASSURE,2022-06-15,0.51,,,0.51,217898,2026-04-08T03:52:57.782204+00:00
175802,LINKASSURE,2022-06-16,0.56,,,0.56,626890,2026-04-08T03:53:00.45527+00:00
175915,LINKASSURE,2022-06-17,0.56,,,0.56,512259,2026-04-08T03:53:03.647185+00:00
176028,LINKASSURE,2022-06-20,0.56,,,0.56,91534,2026-04-08T03:53:09.449588+00:00
176141,LINKASSURE,2022-06-21,0.56,,,0.56,14429,2026-04-08T03:53:11.833027+00:00
176254,LINKASSURE,2022-06-22,0.54,,,0.54,9739004,2026-04-08T03:53:14.63862+00:00
176367,LINKASSURE,2022-06-23,0.54,,,0.54,5262,2026-04-08T03:53:17.250825+00:00
176480,LINKASSURE,2022-06-24,0.53,,,0.53,11973321,2026-04-08T03:53:19.718295+00:00
176593,LINKASSURE,2022-06-27,0.58,,,0.58,347719,2026-04-08T03:53:24.073012+00:00
176706,LINKASSURE,2022-06-28,0.58,,,0.58,2427763,2026-04-08T03:53:26.399159+00:00
176819,LINKASSURE,2022-06-29,0.54,,,0.54,516469,2026-04-08T03:53:28.994117+00:00
176932,LINKASSURE,2022-06-30,0.52,,,0.52,704146,2026-04-08T03:53:31.346855+00:00
177045,LINKASSURE,2022-07-01,0.57,,,0.57,1098011,2026-04-08T03:53:33.724657+00:00
177158,LINKASSURE,2022-07-04,0.57,,,0.57,398983,2026-04-08T03:53:38.198731+00:00
177271,LINKASSURE,2022-07-06,0.58,,,0.58,0,2026-04-08T03:53:41.625349+00:00
177384,LINKASSURE,2022-07-07,0.58,,,0.58,1192823,2026-04-08T03:53:44.268487+00:00
177497,LINKASSURE,2022-07-13,0.58,,,0.58,110727,2026-04-08T03:53:51.5999+00:00
177610,LINKASSURE,2022-07-14,0.58,,,0.58,160142,2026-04-08T03:53:54.010732+00:00
177723,LINKASSURE,2022-07-15,0.53,,,0.53,276175,2026-04-08T03:53:56.616585+00:00
177836,LINKASSURE,2022-07-18,0.53,,,0.53,57372,2026-04-08T03:54:01.214275+00:00
177949,LINKASSURE,2022-07-19,0.53,,,0.53,0,2026-04-08T03:54:03.665978+00:00
178062,LINKASSURE,2022-07-20,0.54,,,0.54,491672,2026-04-08T03:54:06.203384+00:00
178175,LINKASSURE,2022-07-21,0.54,,,0.54,48100,2026-04-08T03:54:08.685258+00:00
178288,LINKASSURE,2022-07-22,0.58,,,0.58,436155,2026-04-08T03:54:11.171489+00:00
178401,LINKASSURE,2022-07-25,0.58,,,0.58,2452,2026-04-08T03:54:15.900169+00:00
178514,LINKASSURE,2022-07-26,0.58,,,0.58,44071,2026-04-08T03:54:18.382379+00:00
178627,LINKASSURE,2022-07-27,0.58,,,0.58,750,2026-04-08T03:54:20.730044+00:00
178740,LINKASSURE,2022-07-28,0.58,,,0.58,0,2026-04-08T03:54:23.385493+00:00
178853,LINKASSURE,2022-07-29,0.54,,,0.54,185000,2026-04-08T03:54:25.692024+00:00
178966,LINKASSURE,2022-08-01,0.51,,,0.51,3950429,2026-04-08T03:54:30.144665+00:00
179079,LINKASSURE,2022-08-02,0.5,,,0.5,527326,2026-04-08T03:54:32.509592+00:00
179192,LINKASSURE,2022-08-03,0.5,,,0.5,62008,2026-04-08T03:54:34.924873+00:00
179305,LINKASSURE,2022-08-04,0.5,,,0.5,47010,2026-04-08T03:54:37.32089+00:00
179418,LINKASSURE,2022-08-05,0.5,,,0.5,118750,2026-04-08T03:54:40.805957+00:00
179531,LINKASSURE,2022-08-08,0.5,,,0.5,8665,2026-04-08T03:54:45.81173+00:00
179644,LINKASSURE,2022-08-09,0.5,,,0.5,82500,2026-04-08T03:54:48.637408+00:00
179757,LINKASSURE,2022-08-10,0.5,,,0.5,0,2026-04-08T03:54:51.561754+00:00
179870,LINKASSURE,2022-08-11,0.51,,,0.51,1004250,2026-04-08T03:54:54.196076+00:00
179983,LINKASSURE,2022-08-12,0.51,,,0.51,51693,2026-04-08T03:54:57.115593+00:00
180096,LINKASSURE,2022-08-15,0.51,,,0.51,47050,2026-04-08T03:55:01.874457+00:00
180209,LINKASSURE,2022-08-16,0.51,,,0.51,27385,2026-04-08T03:55:04.540652+00:00
180322,LINKASSURE,2022-08-17,0.51,,,0.51,20020,2026-04-08T03:55:07.214991+00:00
180435,LINKASSURE,2022-08-18,0.52,,,0.52,112501,2026-04-08T03:55:09.916723+00:00
180548,LINKASSURE,2022-08-19,0.52,,,0.52,67500,2026-04-08T03:55:12.400686+00:00
180661,LINKASSURE,2022-08-22,0.52,,,0.52,502475,2026-04-08T03:55:17.568382+00:00
180774,LINKASSURE,2022-08-23,0.52,,,0.52,32972,2026-04-08T03:55:19.990422+00:00
180887,LINKASSURE,2022-08-24,0.52,,,0.52,708775,2026-04-08T03:55:23.644905+00:00
181000,LINKASSURE,2022-08-25,0.52,,,0.52,5031700,2026-04-08T03:55:26.062264+00:00
181113,LINKASSURE,2022-08-26,0.52,,,0.52,7950,2026-04-08T03:55:28.378019+00:00
181226,LINKASSURE,2022-08-29,0.52,,,0.52,43307,2026-04-08T03:55:33.185942+00:00
181339,LINKASSURE,2022-08-30,0.52,,,0.52,29096,2026-04-08T03:55:35.909469+00:00
181452,LINKASSURE,2022-08-31,0.52,,,0.52,12000,2026-04-08T03:55:38.363566+00:00
181565,LINKASSURE,2022-09-01,0.52,,,0.52,0,2026-04-08T03:55:40.868139+00:00
181678,LINKASSURE,2022-09-02,0.52,,,0.52,0,2026-04-08T03:55:43.232165+00:00
181791,LINKASSURE,2022-09-05,0.52,,,0.52,222750,2026-04-08T03:55:48.110555+00:00
181904,LINKASSURE,2022-09-06,0.52,,,0.52,70000,2026-04-08T03:55:50.526892+00:00
182017,LINKASSURE,2022-09-07,0.52,,,0.52,0,2026-04-08T03:55:53.051287+00:00
182130,LINKASSURE,2022-09-08,0.52,,,0.52,17500,2026-04-08T03:55:55.74031+00:00
182243,LINKASSURE,2022-09-09,0.48,,,0.48,138550,2026-04-08T03:55:58.848563+00:00
182356,LINKASSURE,2022-09-12,0.48,,,0.48,56000,2026-04-08T03:56:03.370953+00:00
182469,LINKASSURE,2022-09-13,0.48,,,0.48,145450,2026-04-08T03:56:05.83654+00:00
182582,LINKASSURE,2022-09-14,0.48,,,0.48,1087798,2026-04-08T03:56:08.091672+00:00
182695,LINKASSURE,2022-09-16,0.48,,,0.48,160000,2026-04-08T03:56:11.4683+00:00
182808,LINKASSURE,2022-09-19,0.46,,,0.46,143090,2026-04-08T03:56:15.923342+00:00
182921,LINKASSURE,2022-09-20,0.48,,,0.48,228328,2026-04-08T03:56:18.184056+00:00
183034,LINKASSURE,2022-09-21,0.48,,,0.48,39423,2026-04-08T03:56:20.42724+00:00
183147,LINKASSURE,2022-09-22,0.48,,,0.48,18890,2026-04-08T03:56:22.767495+00:00
183260,LINKASSURE,2022-09-23,0.47,,,0.47,300534,2026-04-08T03:56:25.066978+00:00
183373,LINKASSURE,2022-09-26,0.47,,,0.47,18475,2026-04-08T03:56:29.379703+00:00
183486,LINKASSURE,2022-09-28,0.47,,,0.47,13901,2026-04-08T03:56:32.717753+00:00
183599,LINKASSURE,2022-09-29,0.47,,,0.47,0,2026-04-08T03:56:35.489047+00:00
183712,LINKASSURE,2022-09-30,0.47,,,0.47,2000,2026-04-08T03:56:37.947618+00:00
183825,LINKASSURE,2022-10-05,0.47,,,0.47,3760,2026-04-08T03:56:44.538147+00:00
183939,LINKASSURE,2022-10-06,0.47,,,0.47,0,2026-04-08T03:56:46.932693+00:00
184053,LINKASSURE,2022-10-07,0.47,,,0.47,0,2026-04-08T03:56:49.334037+00:00
184167,LINKASSURE,2022-10-11,0.47,,,0.47,325,2026-04-08T03:56:55.029281+00:00
184281,LINKASSURE,2022-10-12,0.47,,,0.47,105910,2026-04-08T03:56:58.300033+00:00
184395,LINKASSURE,2022-10-13,0.47,,,0.47,418320,2026-04-08T03:57:00.825788+00:00
184509,LINKASSURE,2022-10-14,0.47,,,0.47,10000,2026-04-08T03:57:03.298348+00:00
184623,LINKASSURE,2022-10-17,0.47,,,0.47,0,2026-04-08T03:57:07.885609+00:00
184737,LINKASSURE,2022-10-18,0.47,,,0.47,5535,2026-04-08T03:57:10.303346+00:00
184851,LINKASSURE,2022-10-19,0.43,,,0.43,1827500,2026-04-08T03:57:12.819589+00:00
184965,LINKASSURE,2022-10-20,0.43,,,0.43,1000000,2026-04-08T03:57:15.111185+00:00
185079,LINKASSURE,2022-10-21,0.43,,,0.43,1132111,2026-04-08T03:57:17.499968+00:00
185193,LINKASSURE,2022-10-24,0.43,,,0.43,2500000,2026-04-08T03:57:21.686266+00:00
185307,LINKASSURE,2022-10-26,0.43,,,0.43,2555099,2026-04-08T03:57:24.913682+00:00
185421,LINKASSURE,2022-10-27,0.39,,,0.39,1494161,2026-04-08T03:57:27.260544+00:00
185535,LINKASSURE,2022-10-28,0.39,,,0.39,655040,2026-04-08T03:57:29.835926+00:00
185649,LINKASSURE,2022-10-31,0.39,,,0.39,8139,2026-04-08T03:57:34.21591+00:00
185763,LINKASSURE,2022-11-01,0.36,,,0.36,3739200,2026-04-08T03:57:36.609373+00:00
185877,LINKASSURE,2022-11-02,0.36,,,0.36,1891169,2026-04-08T03:57:39.066556+00:00
185991,LINKASSURE,2022-11-03,0.36,,,0.36,20000,2026-04-08T03:57:41.442199+00:00
186105,LINKASSURE,2022-11-04,0.39,,,0.39,1691008,2026-04-08T03:57:43.70904+00:00
186219,LINKASSURE,2022-11-08,0.39,,,0.39,1320700,2026-04-08T03:57:49.123122+00:00
186333,LINKASSURE,2022-11-09,0.42,,,0.42,2519305,2026-04-08T03:57:51.464602+00:00
186447,LINKASSURE,2022-11-10,0.42,,,0.42,65566,2026-04-08T03:57:54.291842+00:00
186561,LINKASSURE,2022-11-11,0.42,,,0.42,2650,2026-04-08T03:57:56.704911+00:00
186675,LINKASSURE,2022-11-14,0.41,,,0.41,361606,2026-04-08T03:58:01.331373+00:00
186789,LINKASSURE,2022-11-15,0.41,,,0.41,264219,2026-04-08T03:58:03.6444+00:00
186903,LINKASSURE,2022-11-16,0.41,,,0.41,57348,2026-04-08T03:58:06.118311+00:00
187017,LINKASSURE,2022-11-17,0.4,,,0.4,2004000,2026-04-08T03:58:08.47049+00:00
187131,LINKASSURE,2022-11-18,0.42,,,0.42,8002888,2026-04-08T03:58:10.955275+00:00
187245,LINKASSURE,2022-11-21,0.42,,,0.42,3001850,2026-04-08T03:58:15.672507+00:00
187359,LINKASSURE,2022-11-22,0.42,,,0.42,5000,2026-04-08T03:58:18.170118+00:00
187473,LINKASSURE,2022-11-24,0.41,,,0.41,2495000,2026-04-08T03:58:21.692503+00:00
187587,LINKASSURE,2022-11-25,0.42,,,0.42,1530528,2026-04-08T03:58:24.033539+00:00
187701,LINKASSURE,2022-11-28,0.4,,,0.4,2736500,2026-04-08T03:58:28.532723+00:00
187815,LINKASSURE,2022-11-29,0.4,,,0.4,752000,2026-04-08T03:58:30.983113+00:00
187929,LINKASSURE,2022-11-30,0.4,,,0.4,643003,2026-04-08T03:58:33.448849+00:00
188043,LINKASSURE,2022-12-01,0.4,,,0.4,62065,2026-04-08T03:58:35.664261+00:00
188158,LINKASSURE,2022-12-02,0.4,,,0.4,20000,2026-04-08T03:58:37.897027+00:00
188272,LINKASSURE,2022-12-05,0.43,,,0.43,112580,2026-04-08T03:58:42.456795+00:00
188386,LINKASSURE,2022-12-06,0.43,,,0.43,23350,2026-04-08T03:58:44.756119+00:00
188500,LINKASSURE,2022-12-07,0.43,,,0.43,4209,2026-04-08T03:58:47.196669+00:00
188614,LINKASSURE,2022-12-08,0.43,,,0.43,100990,2026-04-08T03:58:49.52806+00:00
188728,LINKASSURE,2022-12-09,0.43,,,0.43,2000,2026-04-08T03:58:51.902427+00:00
188842,LINKASSURE,2022-12-12,0.43,,,0.43,21923,2026-04-08T03:58:56.156124+00:00
188956,LINKASSURE,2022-12-13,0.43,,,0.43,7200,2026-04-08T03:58:58.485404+00:00
189070,LINKASSURE,2022-12-14,0.4,,,0.4,560000,2026-04-08T03:59:00.851945+00:00
189184,LINKASSURE,2022-12-15,0.4,,,0.4,239150,2026-04-08T03:59:03.086647+00:00
189298,LINKASSURE,2022-12-16,0.4,,,0.4,21250,2026-04-08T03:59:05.5442+00:00
189412,LINKASSURE,2022-12-19,0.4,,,0.4,37623,2026-04-08T03:59:09.806719+00:00
189526,LINKASSURE,2022-12-20,0.4,,,0.4,5000,2026-04-08T03:59:12.630732+00:00
189640,LINKASSURE,2022-12-21,0.4,,,0.4,248613,2026-04-08T03:59:14.990319+00:00
189754,LINKASSURE,2022-12-22,0.4,,,0.4,135070,2026-04-08T03:59:17.229229+00:00
189868,LINKASSURE,2022-12-23,0.4,,,0.4,0,2026-04-08T03:59:19.674012+00:00
189982,LINKASSURE,2022-12-28,0.4,,,0.4,1103974,2026-04-08T03:59:26.406492+00:00
190096,LINKASSURE,2022-12-30,0.4,,,0.4,75400,2026-04-08T03:59:29.796579+00:00
190210,LINKASSURE,2023-01-04,0.4,,,0.4,3272,2026-04-08T03:59:36.276207+00:00
190324,LINKASSURE,2023-01-05,0.4,,,0.4,15250,2026-04-08T03:59:38.771807+00:00
190438,LINKASSURE,2023-01-06,0.4,,,0.4,5000,2026-04-08T03:59:41.229635+00:00
190552,LINKASSURE,2023-01-09,0.4,,,0.4,400,2026-04-08T03:59:45.608271+00:00
190666,LINKASSURE,2023-01-10,0.4,,,0.4,131000,2026-04-08T03:59:47.862187+00:00
190780,LINKASSURE,2023-01-11,0.4,,,0.4,84736,2026-04-08T03:59:50.211712+00:00
190894,LINKASSURE,2023-01-12,0.4,,,0.4,28148,2026-04-08T03:59:52.676239+00:00
191008,LINKASSURE,2023-01-13,0.44,,,0.44,2032544,2026-04-08T03:59:55.073566+00:00
191122,LINKASSURE,2023-01-17,0.44,,,0.44,317255,2026-04-08T04:00:00.52991+00:00
191236,LINKASSURE,2023-01-18,0.48,,,0.48,438822,2026-04-08T04:00:02.930508+00:00
191350,LINKASSURE,2023-01-19,0.52,,,0.52,386211,2026-04-08T04:00:05.157464+00:00
191464,LINKASSURE,2023-01-20,0.47,,,0.47,1624403,2026-04-08T04:00:07.441529+00:00
191578,LINKASSURE,2023-01-23,0.5,,,0.5,896192,2026-04-08T04:00:11.934625+00:00
191692,LINKASSURE,2023-01-24,0.5,,,0.5,66005,2026-04-08T04:00:14.448563+00:00
191806,LINKASSURE,2023-01-25,0.5,,,0.5,1090406,2026-04-08T04:00:16.660222+00:00
191920,LINKASSURE,2023-01-26,0.48,,,0.48,470153,2026-04-08T04:00:19.02129+00:00
192034,LINKASSURE,2023-01-27,0.48,,,0.48,57993,2026-04-08T04:00:21.366865+00:00
192148,LINKASSURE,2023-01-30,0.48,,,0.48,115708,2026-04-08T04:00:26.318741+00:00
192262,LINKASSURE,2023-01-31,0.48,,,0.48,1770892,2026-04-08T04:00:28.560212+00:00
192376,LINKASSURE,2023-02-06,0.49,,,0.49,356976,2026-04-08T04:00:36.14931+00:00
192490,LINKASSURE,2023-02-07,0.46,,,0.46,231324,2026-04-08T04:00:38.379875+00:00
192604,LINKASSURE,2023-02-08,0.45,,,0.45,1042000,2026-04-08T04:00:40.736361+00:00
192718,LINKASSURE,2023-02-09,0.45,,,0.45,2013000,2026-04-08T04:00:43.03687+00:00
192832,LINKASSURE,2023-02-10,0.42,,,0.42,1309239,2026-04-08T04:00:46.517744+00:00
192946,LINKASSURE,2023-02-13,0.42,,,0.42,104714,2026-04-08T04:00:50.958429+00:00
193060,LINKASSURE,2023-02-14,0.42,,,0.42,135174,2026-04-08T04:00:53.400398+00:00
193174,LINKASSURE,2023-02-15,0.45,,,0.45,673603,2026-04-08T04:00:55.645789+00:00
193288,LINKASSURE,2023-02-16,0.45,,,0.45,10,2026-04-08T04:00:58.043326+00:00
193402,LINKASSURE,2023-02-17,0.45,,,0.45,216000,2026-04-08T04:01:00.355798+00:00
193516,LINKASSURE,2023-02-20,0.45,,,0.45,229000,2026-04-08T04:01:04.633293+00:00
193630,LINKASSURE,2023-02-21,0.43,,,0.43,995378,2026-04-08T04:01:06.910783+00:00
193744,LINKASSURE,2023-02-22,0.43,,,0.43,74500,2026-04-08T04:01:09.421576+00:00
193858,LINKASSURE,2023-02-23,0.45,,,0.45,224814,2026-04-08T04:01:11.765387+00:00
193972,LINKASSURE,2023-02-24,0.45,,,0.45,1268478,2026-04-08T04:01:14.12415+00:00
194086,LINKASSURE,2023-02-27,0.45,,,0.45,434,2026-04-08T04:01:18.463572+00:00
194200,LINKASSURE,2023-02-28,0.45,,,0.45,87000,2026-04-08T04:01:20.671303+00:00
194314,LINKASSURE,2023-03-01,0.45,,,0.45,754500,2026-04-08T04:01:23.068989+00:00
194428,LINKASSURE,2023-03-02,0.44,,,0.44,441964,2026-04-08T04:01:25.352172+00:00
194542,LINKASSURE,2023-03-03,0.45,,,0.45,453117,2026-04-08T04:01:27.716711+00:00
194656,LINKASSURE,2023-03-06,0.45,,,0.45,5892,2026-04-08T04:01:32.392486+00:00
194770,LINKASSURE,2023-03-07,0.45,,,0.45,30045,2026-04-08T04:01:34.845095+00:00
194884,LINKASSURE,2023-03-08,0.47,,,0.47,375251,2026-04-08T04:01:37.261757+00:00
194998,LINKASSURE,2023-03-09,0.47,,,0.47,8000,2026-04-08T04:01:39.987396+00:00
195112,LINKASSURE,2023-03-13,0.44,,,0.44,167864,2026-04-08T04:01:45.627511+00:00
195226,LINKASSURE,2023-03-14,0.41,,,0.41,4554673,2026-04-08T04:01:48.257383+00:00
195340,LINKASSURE,2023-03-15,0.41,,,0.41,348350,2026-04-08T04:01:50.627346+00:00
195454,LINKASSURE,2023-03-16,0.41,,,0.41,18300,2026-04-08T04:01:53.062383+00:00
195568,LINKASSURE,2023-03-17,0.41,,,0.41,34400,2026-04-08T04:01:55.701252+00:00
195682,LINKASSURE,2023-03-20,0.41,,,0.41,16192,2026-04-08T04:01:59.933448+00:00
195796,LINKASSURE,2023-03-22,0.46,,,0.46,2132870,2026-04-08T04:02:03.467012+00:00
195910,LINKASSURE,2023-03-23,0.42,,,0.42,785089,2026-04-08T04:02:05.929911+00:00
196024,LINKASSURE,2023-03-24,0.4,,,0.4,500980,2026-04-08T04:02:08.248632+00:00
196138,LINKASSURE,2023-03-27,0.4,,,0.4,572000,2026-04-08T04:02:12.564733+00:00
196252,LINKASSURE,2023-03-28,0.4,,,0.4,229400,2026-04-08T04:02:14.764209+00:00
196366,LINKASSURE,2023-03-29,0.4,,,0.4,15112,2026-04-08T04:02:17.140393+00:00
196480,LINKASSURE,2023-03-30,0.43,,,0.43,2011300,2026-04-08T04:02:19.470716+00:00
196594,LINKASSURE,2023-03-31,0.43,,,0.43,863042,2026-04-08T04:02:21.739047+00:00
196708,LINKASSURE,2023-04-03,0.44,,,0.44,4229156,2026-04-08T04:02:26.060346+00:00
196822,LINKASSURE,2023-04-04,0.48,,,0.48,180550,2026-04-08T04:02:28.444728+00:00
196936,LINKASSURE,2023-04-05,0.48,,,0.48,138250,2026-04-08T04:02:30.864627+00:00
197050,LINKASSURE,2023-04-06,0.48,,,0.48,93500,2026-04-08T04:02:33.239626+00:00
197164,LINKASSURE,2023-04-11,0.48,,,0.48,52650,2026-04-08T04:02:39.320239+00:00
197278,LINKASSURE,2023-04-12,0.48,,,0.48,54250,2026-04-08T04:02:41.643197+00:00
197392,LINKASSURE,2023-04-13,0.48,,,0.48,100299,2026-04-08T04:02:44.360634+00:00
197506,LINKASSURE,2023-04-14,0.48,,,0.48,0,2026-04-08T04:02:47.093001+00:00
197620,LINKASSURE,2023-04-17,0.48,,,0.48,18100,2026-04-08T04:02:52.113012+00:00
197734,LINKASSURE,2023-04-18,0.44,,,0.44,220227,2026-04-08T04:02:54.97501+00:00
197848,LINKASSURE,2023-04-19,0.45,,,0.45,2952577,2026-04-08T04:02:57.648371+00:00
197962,LINKASSURE,2023-04-20,0.45,,,0.45,15000,2026-04-08T04:03:00.087899+00:00
198076,LINKASSURE,2023-04-25,0.46,,,0.46,211822,2026-04-08T04:03:06.320111+00:00
198190,LINKASSURE,2023-04-26,0.44,,,0.44,1276250,2026-04-08T04:03:08.704488+00:00
198304,LINKASSURE,2023-04-27,0.45,,,0.45,656050,2026-04-08T04:03:11.176222+00:00
198418,LINKASSURE,2023-04-28,0.49,,,0.49,8016498,2026-04-08T04:03:13.757457+00:00
198532,LINKASSURE,2023-05-03,0.53,,,0.53,4831146,2026-04-08T04:03:20.258962+00:00
198646,LINKASSURE,2023-05-04,0.48,,,0.48,3089000,2026-04-08T04:03:22.719511+00:00
198760,LINKASSURE,2023-05-08,0.52,,,0.52,2190,2026-04-08T04:03:29.045349+00:00
198874,LINKASSURE,2023-05-09,0.5,,,0.5,9297177,2026-04-08T04:03:32.620003+00:00
198988,LINKASSURE,2023-05-12,0.5,,,0.5,255190,2026-04-08T04:03:37.286216+00:00
199102,LINKASSURE,2023-05-15,0.5,,,0.5,5290,2026-04-08T04:03:41.825544+00:00
199216,LINKASSURE,2023-05-16,0.52,,,0.52,10009412,2026-04-08T04:03:44.244464+00:00
199330,LINKASSURE,2023-05-17,0.52,,,0.52,9000,2026-04-08T04:03:46.492518+00:00
199444,LINKASSURE,2023-05-18,0.52,,,0.52,1191480,2026-04-08T04:03:48.752249+00:00
199558,LINKASSURE,2023-05-19,0.52,,,0.52,55550,2026-04-08T04:03:51.139215+00:00
199672,LINKASSURE,2023-05-22,0.52,,,0.52,94690,2026-04-08T04:03:55.484935+00:00
199786,LINKASSURE,2023-05-23,0.52,,,0.52,0,2026-04-08T04:03:57.886867+00:00
199900,LINKASSURE,2023-05-24,0.52,,,0.52,1663400,2026-04-08T04:04:00.334047+00:00
200014,LINKASSURE,2023-05-25,0.52,,,0.52,11048676,2026-04-08T04:04:02.79018+00:00
200128,LINKASSURE,2023-05-26,0.52,,,0.52,874102,2026-04-08T04:04:05.139052+00:00
200242,LINKASSURE,2023-05-30,0.52,,,0.52,40190,2026-04-08T04:04:11.011702+00:00
200356,LINKASSURE,2023-06-01,0.52,,,0.52,10150,2026-04-08T04:04:14.390605+00:00
200470,LINKASSURE,2023-06-02,0.52,,,0.52,75190,2026-04-08T04:04:16.732653+00:00
200584,LINKASSURE,2023-06-05,0.52,,,0.52,136042,2026-04-08T04:04:21.343031+00:00
200698,LINKASSURE,2023-06-06,0.52,,,0.52,431945,2026-04-08T04:04:23.98223+00:00
200812,LINKASSURE,2023-06-07,0.52,,,0.52,2960218,2026-04-08T04:04:26.507718+00:00
200926,LINKASSURE,2023-06-08,0.52,,,0.52,196000,2026-04-08T04:04:29.08401+00:00
201040,LINKASSURE,2023-06-09,0.52,,,0.52,488550,2026-04-08T04:04:31.44664+00:00
201154,LINKASSURE,2023-06-13,0.52,,,0.52,151420,2026-04-08T04:04:36.862505+00:00
201268,LINKASSURE,2023-06-14,0.52,,,0.52,1844351,2026-04-08T04:04:39.320552+00:00
201382,LINKASSURE,2023-06-15,0.57,,,0.57,560400,2026-04-08T04:04:41.673534+00:00
201496,LINKASSURE,2023-06-16,0.57,,,0.57,112300,2026-04-08T04:04:44.052846+00:00
201610,LINKASSURE,2023-06-19,0.57,,,0.57,131622,2026-04-08T04:04:48.541112+00:00
201724,LINKASSURE,2023-06-20,0.62,,,0.62,3707644,2026-04-08T04:04:51.378552+00:00
201838,LINKASSURE,2023-06-21,0.64,,,0.64,2268282,2026-04-08T04:04:53.764277+00:00
201952,LINKASSURE,2023-06-22,0.64,,,0.64,21750,2026-04-08T04:04:56.145117+00:00
202066,LINKASSURE,2023-06-26,0.66,,,0.66,431417,2026-04-08T04:05:01.671465+00:00
202180,LINKASSURE,2023-06-30,0.7,,,0.7,3406836,2026-04-08T04:05:07.377697+00:00
202294,LINKASSURE,2023-07-03,0.77,,,0.77,1586356,2026-04-08T04:05:11.758079+00:00
202408,LINKASSURE,2023-07-04,0.73,,,0.73,762384,2026-04-08T04:05:14.17436+00:00
202522,LINKASSURE,2023-07-05,0.66,,,0.66,1960930,2026-04-08T04:05:16.577423+00:00
202636,LINKASSURE,2023-07-06,0.72,,,0.72,192150,2026-04-08T04:05:19.075393+00:00
202750,LINKASSURE,2023-07-07,0.75,,,0.75,236740,2026-04-08T04:05:21.415756+00:00
202864,LINKASSURE,2023-07-10,0.82,,,0.82,745266,2026-04-08T04:05:26.355595+00:00
202978,LINKASSURE,2023-07-11,0.82,,,0.82,916766,2026-04-08T04:05:28.903538+00:00
203092,LINKASSURE,2023-07-12,0.74,,,0.74,6209595,2026-04-08T04:05:31.299012+00:00
203206,LINKASSURE,2023-07-14,0.8,,,0.8,166900,2026-04-08T04:05:34.698751+00:00
203320,LINKASSURE,2023-07-17,0.77,,,0.77,425795,2026-04-08T04:05:39.139368+00:00
203434,LINKASSURE,2023-07-19,0.7,,,0.7,283499,2026-04-08T04:05:42.577032+00:00
203548,LINKASSURE,2023-07-20,0.7,,,0.7,80442,2026-04-08T04:05:45.122849+00:00
203662,LINKASSURE,2023-07-21,0.64,,,0.64,4874050,2026-04-08T04:05:47.594805+00:00
203776,LINKASSURE,2023-07-24,0.69,,,0.69,527449,2026-04-08T04:05:52.167161+00:00
203890,LINKASSURE,2023-07-25,0.67,,,0.67,175250,2026-04-08T04:05:54.602351+00:00
204004,LINKASSURE,2023-07-26,0.67,,,0.67,595750,2026-04-08T04:05:57.515236+00:00
204118,LINKASSURE,2023-07-27,0.67,,,0.67,363448,2026-04-08T04:05:59.880161+00:00
204232,LINKASSURE,2023-07-28,0.7,,,0.7,650713,2026-04-08T04:06:02.220136+00:00
204346,LINKASSURE,2023-07-31,0.77,,,0.77,2159795,2026-04-08T04:06:06.790851+00:00
204460,LINKASSURE,2023-08-02,0.85,,,0.85,877376,2026-04-08T04:06:10.326378+00:00
204574,LINKASSURE,2023-08-03,0.85,,,0.85,136009,2026-04-08T04:06:12.834218+00:00
204688,LINKASSURE,2023-08-04,0.84,,,0.84,1648522,2026-04-08T04:06:15.200886+00:00
204802,LINKASSURE,2023-08-07,0.8,,,0.8,426323,2026-04-08T04:06:19.871718+00:00
204916,LINKASSURE,2023-08-08,0.8,,,0.8,472324,2026-04-08T04:06:22.245918+00:00
205030,LINKASSURE,2023-08-09,0.78,,,0.78,445050,2026-04-08T04:06:24.635943+00:00
205144,LINKASSURE,2023-08-10,0.78,,,0.78,2000,2026-04-08T04:06:27.035398+00:00
205258,LINKASSURE,2023-08-11,0.83,,,0.83,767439,2026-04-08T04:06:29.455701+00:00
205372,LINKASSURE,2023-08-14,0.84,,,0.84,1702657,2026-04-08T04:06:33.923569+00:00
205486,LINKASSURE,2023-08-15,0.91,,,0.91,680125,2026-04-08T04:06:36.358161+00:00
205600,LINKASSURE,2023-08-16,0.91,,,0.91,433148,2026-04-08T04:06:38.679915+00:00
205714,LINKASSURE,2023-08-17,0.98,,,0.98,3753595,2026-04-08T04:06:40.998805+00:00
205828,LINKASSURE,2023-08-18,0.98,,,0.98,263200,2026-04-08T04:06:43.468275+00:00
205942,LINKASSURE,2023-08-21,0.98,,,0.98,3904418,2026-04-08T04:06:47.688711+00:00
206056,LINKASSURE,2023-08-24,0.98,,,0.98,840977,2026-04-08T04:06:51.989424+00:00
206170,LINKASSURE,2023-08-25,1.0,,,1.0,1545719,2026-04-08T04:06:54.38475+00:00
206284,LINKASSURE,2023-08-28,1.0,,,1.0,58030,2026-04-08T04:06:59.310949+00:00
206398,LINKASSURE,2023-08-29,0.9,,,0.9,2071900,2026-04-08T04:07:01.613742+00:00
206512,LINKASSURE,2023-08-30,0.9,,,0.9,108729,2026-04-08T04:07:03.820209+00:00
206626,LINKASSURE,2023-09-01,0.9,,,0.9,354054,2026-04-08T04:07:07.195585+00:00
206740,LINKASSURE,2023-09-04,0.9,,,0.9,272577,2026-04-08T04:07:11.730996+00:00
206854,LINKASSURE,2023-09-05,0.9,,,0.9,156880,2026-04-08T04:07:14.175893+00:00
206968,LINKASSURE,2023-09-06,0.85,,,0.85,9035922,2026-04-08T04:07:16.66229+00:00
207082,LINKASSURE,2023-09-07,0.83,,,0.83,436910,2026-04-08T04:07:19.134101+00:00
207196,LINKASSURE,2023-09-08,0.83,,,0.83,100469,2026-04-08T04:07:21.445908+00:00
207310,LINKASSURE,2023-09-11,0.83,,,0.83,2458220,2026-04-08T04:07:26.133096+00:00
207424,LINKASSURE,2023-09-12,0.83,,,0.83,201562,2026-04-08T04:07:28.57479+00:00
207538,LINKASSURE,2023-09-13,0.81,,,0.81,100400,2026-04-08T04:07:30.890589+00:00
207652,LINKASSURE,2023-09-14,0.8,,,0.8,2006050,2026-04-08T04:07:33.324455+00:00
207766,LINKASSURE,2023-09-15,0.8,,,0.8,0,2026-04-08T04:07:35.74244+00:00
207880,LINKASSURE,2023-09-18,0.8,,,0.8,5540436,2026-04-08T04:07:40.292184+00:00
207994,LINKASSURE,2023-09-19,0.8,,,0.8,427930,2026-04-08T04:07:42.606346+00:00
208108,LINKASSURE,2023-09-20,0.8,,,0.8,3365000,2026-04-08T04:07:45.004042+00:00
208222,LINKASSURE,2023-09-21,0.8,,,0.8,0,2026-04-08T04:07:47.370085+00:00
208336,LINKASSURE,2023-09-22,0.75,,,0.75,104900,2026-04-08T04:07:49.898567+00:00
208450,LINKASSURE,2023-09-25,0.8,,,0.8,247910,2026-04-08T04:07:54.305125+00:00
208564,LINKASSURE,2023-09-28,0.8,,,0.8,13300,2026-04-08T04:07:58.898315+00:00
208678,LINKASSURE,2023-09-29,0.8,,,0.8,6750,2026-04-08T04:08:01.279649+00:00
208792,LINKASSURE,2023-10-03,0.72,,,0.72,588000,2026-04-08T04:08:06.721549+00:00
208906,LINKASSURE,2023-10-04,0.72,,,0.72,83681,2026-04-08T04:08:09.042741+00:00
209020,LINKASSURE,2023-10-05,0.72,,,0.72,492300,2026-04-08T04:08:11.600182+00:00
209135,LINKASSURE,2023-10-06,0.75,,,0.75,151112,2026-04-08T04:08:14.22861+00:00
209250,LINKASSURE,2023-10-09,0.78,,,0.78,352283,2026-04-08T04:08:18.740555+00:00
209365,LINKASSURE,2023-10-10,0.78,,,0.78,125250,2026-04-08T04:08:21.390436+00:00
209479,LINKASSURE,2023-10-12,0.78,,,0.78,82592,2026-04-08T04:08:24.861957+00:00
209594,LINKASSURE,2023-10-13,0.78,,,0.78,514491,2026-04-08T04:08:27.376596+00:00
209709,LINKASSURE,2023-10-16,0.78,,,0.78,127438,2026-04-08T04:08:32.388707+00:00
209824,LINKASSURE,2023-10-17,0.78,,,0.78,66500,2026-04-08T04:08:34.738576+00:00
209939,LINKASSURE,2023-10-19,0.78,,,0.78,114069,2026-04-08T04:08:38.671249+00:00
210054,LINKASSURE,2023-10-20,0.78,,,0.78,56500,2026-04-08T04:08:40.967521+00:00
210169,LINKASSURE,2023-10-23,0.78,,,0.78,82786,2026-04-08T04:08:45.440193+00:00
210284,LINKASSURE,2023-10-24,0.78,,,0.78,38250,2026-04-08T04:08:47.71675+00:00
210399,LINKASSURE,2023-10-25,0.78,,,0.78,7923,2026-04-08T04:08:50.022319+00:00
210514,LINKASSURE,2023-10-26,0.77,,,0.77,168600,2026-04-08T04:08:52.472279+00:00
210629,LINKASSURE,2023-10-27,0.77,,,0.77,85005,2026-04-08T04:08:54.778052+00:00
210744,LINKASSURE,2023-10-30,0.77,,,0.77,59645,2026-04-08T04:08:59.45056+00:00
210859,LINKASSURE,2023-10-31,0.76,,,0.76,835884,2026-04-08T04:09:01.914254+00:00
210974,LINKASSURE,2023-11-01,0.83,,,0.83,474577,2026-04-08T04:09:04.386399+00:00
211089,LINKASSURE,2023-11-02,0.83,,,0.83,201794,2026-04-08T04:09:06.696264+00:00
211204,LINKASSURE,2023-11-03,0.83,,,0.83,9000,2026-04-08T04:09:09.071615+00:00
211319,LINKASSURE,2023-11-06,0.83,,,0.83,88810,2026-04-08T04:09:13.59419+00:00
211434,LINKASSURE,2023-11-07,0.83,,,0.83,74650,2026-04-08T04:09:15.923939+00:00
211550,LINKASSURE,2023-11-08,0.83,,,0.83,50000,2026-04-08T04:09:18.177895+00:00
211666,LINKASSURE,2023-11-09,0.8,,,0.8,111490,2026-04-08T04:09:20.462573+00:00
211782,LINKASSURE,2023-11-10,0.8,,,0.8,38816,2026-04-08T04:09:22.644841+00:00
211898,LINKASSURE,2023-11-13,0.8,,,0.8,2104500,2026-04-08T04:09:27.404692+00:00
212014,LINKASSURE,2023-11-14,0.8,,,0.8,19545,2026-04-08T04:09:29.775588+00:00
212130,LINKASSURE,2023-11-15,0.8,,,0.8,26250,2026-04-08T04:09:32.378304+00:00
212246,LINKASSURE,2023-11-16,0.8,,,0.8,33463,2026-04-08T04:09:34.916677+00:00
212362,LINKASSURE,2023-11-17,0.8,,,0.8,43,2026-04-08T04:09:37.378105+00:00
212478,LINKASSURE,2023-11-20,0.8,,,0.8,14887,2026-04-08T04:09:41.830835+00:00
212594,LINKASSURE,2023-11-21,0.8,,,0.8,28000,2026-04-08T04:09:44.211025+00:00
212710,LINKASSURE,2023-11-22,0.85,,,0.85,2403359,2026-04-08T04:09:46.526636+00:00
212826,LINKASSURE,2023-11-23,0.85,,,0.85,765700,2026-04-08T04:09:48.793806+00:00
212943,LINKASSURE,2023-11-27,0.85,,,0.85,115640,2026-04-08T04:09:54.316732+00:00
213060,LINKASSURE,2023-11-28,0.85,,,0.85,300,2026-04-08T04:09:57.050116+00:00
213177,LINKASSURE,2023-11-29,0.85,,,0.85,249997,2026-04-08T04:09:59.54407+00:00
213294,LINKASSURE,2023-11-30,0.83,,,0.83,247050,2026-04-08T04:10:01.973818+00:00
213411,LINKASSURE,2023-12-01,0.81,,,0.81,1081895,2026-04-08T04:10:04.46052+00:00
213528,LINKASSURE,2023-12-04,0.81,,,0.81,27200,2026-04-08T04:10:08.793495+00:00
213645,LINKASSURE,2023-12-05,0.81,,,0.81,60330,2026-04-08T04:10:11.104733+00:00
213762,LINKASSURE,2023-12-06,0.82,,,0.82,403394,2026-04-08T04:10:13.383432+00:00
213879,LINKASSURE,2023-12-08,0.81,,,0.81,724021,2026-04-08T04:10:16.965057+00:00
213996,LINKASSURE,2023-12-11,0.81,,,0.81,108428,2026-04-08T04:10:21.350621+00:00
214113,LINKASSURE,2023-12-12,0.81,,,0.81,585470,2026-04-08T04:10:23.843731+00:00
214230,LINKASSURE,2023-12-13,0.81,,,0.81,42234,2026-04-08T04:10:26.19208+00:00
214347,LINKASSURE,2023-12-14,0.81,,,0.81,8609,2026-04-08T04:10:28.64956+00:00
214464,LINKASSURE,2023-12-15,0.81,,,0.81,2500,2026-04-08T04:10:31.179138+00:00
214581,LINKASSURE,2023-12-18,0.81,,,0.81,60000,2026-04-08T04:10:35.879044+00:00
214698,LINKASSURE,2023-12-19,0.81,,,0.81,1298292,2026-04-08T04:10:38.280823+00:00
214815,LINKASSURE,2023-12-20,0.8,,,0.8,2940752,2026-04-08T04:10:40.523028+00:00
214932,LINKASSURE,2023-12-21,0.8,,,0.8,24406,2026-04-08T04:10:42.873875+00:00
215049,LINKASSURE,2023-12-28,0.8,,,0.8,2720,2026-04-08T04:10:51.166125+00:00
215166,LINKASSURE,2023-12-29,0.8,,,0.8,50000,2026-04-08T04:10:53.57119+00:00
215283,LINKASSURE,2024-01-02,0.88,,,0.88,1756037,2026-04-08T04:10:59.157783+00:00
215400,LINKASSURE,2024-01-03,0.96,,,0.96,1081167,2026-04-08T04:11:01.401293+00:00
215517,LINKASSURE,2024-01-04,1.05,,,1.05,463126,2026-04-08T04:11:03.846312+00:00
215634,LINKASSURE,2024-01-05,1.15,,,1.15,392690,2026-04-08T04:11:07.208124+00:00
215751,LINKASSURE,2024-01-08,1.26,,,1.26,271016,2026-04-08T04:11:11.742656+00:00
215868,LINKASSURE,2024-01-09,1.38,,,1.38,571400,2026-04-08T04:11:14.100458+00:00
215985,LINKASSURE,2024-01-10,1.5,,,1.5,1396909,2026-04-08T04:11:16.512964+00:00
216102,LINKASSURE,2024-01-11,1.45,,,1.45,936183,2026-04-08T04:11:18.918089+00:00
216219,LINKASSURE,2024-01-12,1.47,,,1.47,1507834,2026-04-08T04:11:21.244944+00:00
216336,LINKASSURE,2024-01-15,1.47,,,1.47,294071,2026-04-08T04:11:25.674113+00:00
216453,LINKASSURE,2024-01-16,1.5,,,1.5,2857767,2026-04-08T04:11:28.037988+00:00
216570,LINKASSURE,2024-01-18,1.35,,,1.35,471488,2026-04-08T04:11:31.337167+00:00
216687,LINKASSURE,2024-01-19,1.35,,,1.35,674861,2026-04-08T04:11:38.619168+00:00
216804,LINKASSURE,2024-01-22,1.45,,,1.45,1049570,2026-04-08T04:11:42.948818+00:00
216921,LINKASSURE,2024-01-23,1.31,,,1.31,4194982,2026-04-08T04:11:45.304506+00:00
217038,LINKASSURE,2024-01-24,1.31,,,1.31,156000,2026-04-08T04:11:47.647942+00:00
217155,LINKASSURE,2024-01-25,1.2,,,1.2,424175,2026-04-08T04:11:50.11021+00:00
217272,LINKASSURE,2024-01-26,1.3,,,1.3,728910,2026-04-08T04:11:52.721812+00:00
217389,LINKASSURE,2024-01-29,1.3,,,1.3,37000,2026-04-08T04:11:57.440388+00:00
217506,LINKASSURE,2024-01-30,1.17,,,1.17,643455,2026-04-08T04:12:00.024191+00:00
217623,LINKASSURE,2024-01-31,1.17,,,1.17,149904,2026-04-08T04:12:02.433526+00:00
217740,LINKASSURE,2024-02-01,1.17,,,1.17,100100,2026-04-08T04:12:04.812869+00:00
217857,LINKASSURE,2024-02-02,1.15,,,1.15,262613,2026-04-08T04:12:07.232701+00:00
217974,LINKASSURE,2024-02-05,1.15,,,1.15,336538,2026-04-08T04:12:11.791199+00:00
218091,LINKASSURE,2024-02-06,1.15,,,1.15,19300,2026-04-08T04:12:14.363902+00:00
218208,LINKASSURE,2024-02-07,1.12,,,1.12,1180916,2026-04-08T04:12:16.791058+00:00
218325,LINKASSURE,2024-02-08,1.04,,,1.04,729495,2026-04-08T04:12:19.312026+00:00
218442,LINKASSURE,2024-02-09,1.05,,,1.05,319679,2026-04-08T04:12:21.609908+00:00
218559,LINKASSURE,2024-02-12,1.05,,,1.05,529365,2026-04-08T04:12:25.771109+00:00
218676,LINKASSURE,2024-02-13,0.97,,,0.97,970250,2026-04-08T04:12:28.061356+00:00
218793,LINKASSURE,2024-02-14,0.97,,,0.97,523,2026-04-08T04:12:30.570558+00:00
218910,LINKASSURE,2024-02-16,0.96,,,0.96,215930,2026-04-08T04:12:34.036511+00:00
219027,LINKASSURE,2024-02-19,0.9,,,0.9,1204630,2026-04-08T04:12:38.429241+00:00
219144,LINKASSURE,2024-02-20,0.9,,,0.9,37700,2026-04-08T04:12:40.813552+00:00
219261,LINKASSURE,2024-02-21,0.9,,,0.9,26919,2026-04-08T04:12:43.257682+00:00
219378,LINKASSURE,2024-02-22,0.9,,,0.9,108163,2026-04-08T04:12:45.850796+00:00
219495,LINKASSURE,2024-02-26,0.8,,,0.8,607755,2026-04-08T04:12:51.18414+00:00
219612,LINKASSURE,2024-02-27,0.8,,,0.8,1350,2026-04-08T04:12:53.509755+00:00
219729,LINKASSURE,2024-02-29,0.73,,,0.73,2932418,2026-04-08T04:12:56.822244+00:00
219846,LINKASSURE,2024-03-01,0.8,,,0.8,384800,2026-04-08T04:12:59.287484+00:00
219963,LINKASSURE,2024-03-04,0.86,,,0.86,878840,2026-04-08T04:13:03.814092+00:00
220081,LINKASSURE,2024-03-05,0.86,,,0.86,48156,2026-04-08T04:13:06.279726+00:00
220199,LINKASSURE,2024-03-06,0.8,,,0.8,2672397,2026-04-08T04:13:08.558236+00:00
220317,LINKASSURE,2024-03-07,0.74,,,0.74,432860,2026-04-08T04:13:10.988978+00:00
220435,LINKASSURE,2024-03-08,0.74,,,0.74,25700,2026-04-08T04:13:13.453006+00:00
220553,LINKASSURE,2024-03-11,0.74,,,0.74,9000,2026-04-08T04:13:17.773706+00:00
220671,LINKASSURE,2024-03-12,0.79,,,0.79,1820970,2026-04-08T04:13:20.258657+00:00
220789,LINKASSURE,2024-03-13,0.78,,,0.78,247562,2026-04-08T04:13:22.557243+00:00
220907,LINKASSURE,2024-03-14,0.78,,,0.78,50000,2026-04-08T04:13:25.004754+00:00
221025,LINKASSURE,2024-03-15,0.78,,,0.78,100000,2026-04-08T04:13:27.500984+00:00
221143,LINKASSURE,2024-03-19,0.78,,,0.78,208595,2026-04-08T04:13:32.54102+00:00
221261,LINKASSURE,2024-03-20,0.8,,,0.8,2577975,2026-04-08T04:13:34.949661+00:00
221379,LINKASSURE,2024-03-21,0.86,,,0.86,1258736,2026-04-08T04:13:37.293426+00:00
221497,LINKASSURE,2024-03-22,0.86,,,0.86,357698,2026-04-08T04:13:39.66616+00:00
221615,LINKASSURE,2024-03-25,0.86,,,0.86,6516300,2026-04-08T04:13:43.964435+00:00
221733,LINKASSURE,2024-03-26,0.84,,,0.84,694295,2026-04-08T04:13:46.391317+00:00
221851,LINKASSURE,2024-03-27,0.85,,,0.85,3236373,2026-04-08T04:13:48.795654+00:00
221969,LINKASSURE,2024-03-28,0.86,,,0.86,632930,2026-04-08T04:13:51.173779+00:00
222087,LINKASSURE,2024-04-02,0.85,,,0.85,1454665,2026-04-08T04:13:58.053067+00:00
222205,LINKASSURE,2024-04-03,0.9,,,0.9,106465,2026-04-08T04:14:00.66873+00:00
222323,LINKASSURE,2024-04-04,0.9,,,0.9,413249,2026-04-08T04:14:03.310057+00:00
222441,LINKASSURE,2024-04-05,0.9,,,0.9,38398,2026-04-08T04:14:05.820809+00:00
222559,LINKASSURE,2024-04-12,0.95,,,0.95,235300,2026-04-08T04:14:15.984697+00:00
222677,LINKASSURE,2024-04-15,0.95,,,0.95,167444,2026-04-08T04:14:20.492228+00:00
222795,LINKASSURE,2024-04-16,0.88,,,0.88,507464,2026-04-08T04:14:22.958286+00:00
222913,LINKASSURE,2024-04-17,0.88,,,0.88,141822,2026-04-08T04:14:25.407203+00:00
223031,LINKASSURE,2024-04-18,0.88,,,0.88,2404,2026-04-08T04:14:27.862982+00:00
223149,LINKASSURE,2024-04-19,0.88,,,0.88,55000,2026-04-08T04:14:30.225092+00:00
223267,LINKASSURE,2024-04-22,0.95,,,0.95,6104412,2026-04-08T04:14:34.624841+00:00
223385,LINKASSURE,2024-04-23,0.95,,,0.95,25641,2026-04-08T04:14:36.881925+00:00
223503,LINKASSURE,2024-04-24,0.95,,,0.95,0,2026-04-08T04:14:39.108369+00:00
223621,LINKASSURE,2024-04-25,0.95,,,0.95,145344,2026-04-08T04:14:41.415412+00:00
223739,LINKASSURE,2024-04-26,0.95,,,0.95,50038,2026-04-08T04:14:43.709399+00:00
223857,LINKASSURE,2024-04-29,0.95,,,0.95,140286,2026-04-08T04:14:47.97937+00:00
223975,LINKASSURE,2024-04-30,0.95,,,0.95,105345,2026-04-08T04:14:50.304196+00:00
224093,LINKASSURE,2024-05-02,0.95,,,0.95,202579,2026-04-08T04:14:53.573612+00:00
224211,LINKASSURE,2024-05-03,0.86,,,0.86,1080546,2026-04-08T04:14:55.989363+00:00
224329,LINKASSURE,2024-05-06,0.86,,,0.86,13470,2026-04-08T04:15:00.14873+00:00
224447,LINKASSURE,2024-05-07,0.85,,,0.85,180796,2026-04-08T04:15:02.40079+00:00
224565,LINKASSURE,2024-05-08,0.77,,,0.77,1014443,2026-04-08T04:15:04.708287+00:00
224683,LINKASSURE,2024-05-09,0.77,,,0.77,679549,2026-04-08T04:15:07.337178+00:00
224801,LINKASSURE,2024-05-10,0.83,,,0.83,157639,2026-04-08T04:15:09.604775+00:00
224919,LINKASSURE,2024-05-13,0.77,,,0.77,1082513,2026-04-08T04:15:13.907933+00:00
225037,LINKASSURE,2024-05-14,0.83,,,0.83,525700,2026-04-08T04:15:16.26654+00:00
225155,LINKASSURE,2024-05-15,0.83,,,0.83,143917,2026-04-08T04:15:18.549958+00:00
225273,LINKASSURE,2024-05-16,0.83,,,0.83,600,2026-04-08T04:15:20.841424+00:00
225391,LINKASSURE,2024-05-20,0.85,,,0.85,195089,2026-04-08T04:15:25.962105+00:00
225509,LINKASSURE,2024-05-21,0.85,,,0.85,34039,2026-04-08T04:15:28.334406+00:00
225627,LINKASSURE,2024-05-22,0.85,,,0.85,115000,2026-04-08T04:15:30.660212+00:00
225745,LINKASSURE,2024-05-23,0.85,,,0.85,200697,2026-04-08T04:15:32.993296+00:00
225863,LINKASSURE,2024-05-24,0.85,,,0.85,207750,2026-04-08T04:15:35.360226+00:00
225981,LINKASSURE,2024-05-27,0.85,,,0.85,99000,2026-04-08T04:15:39.562711+00:00
226099,LINKASSURE,2024-05-28,0.85,,,0.85,17500,2026-04-08T04:15:41.894674+00:00
226217,LINKASSURE,2024-05-29,0.85,,,0.85,2100,2026-04-08T04:15:44.435333+00:00
226335,LINKASSURE,2024-05-30,0.85,,,0.85,189327,2026-04-08T04:15:46.695543+00:00
226453,LINKASSURE,2024-05-31,0.85,,,0.85,686416,2026-04-08T04:15:48.909252+00:00
226571,LINKASSURE,2024-06-03,0.85,,,0.85,74086,2026-04-08T04:15:53.203965+00:00
226689,LINKASSURE,2024-06-04,0.85,,,0.85,14110,2026-04-08T04:15:55.456464+00:00
226807,LINKASSURE,2024-06-05,0.77,,,0.77,865000,2026-04-08T04:15:57.839545+00:00
226925,LINKASSURE,2024-06-06,0.77,,,0.77,566765,2026-04-08T04:16:00.091412+00:00
227043,LINKASSURE,2024-06-07,0.77,,,0.77,20239,2026-04-08T04:16:02.294722+00:00
227161,LINKASSURE,2024-06-10,0.77,,,0.77,7777,2026-04-08T04:16:06.655303+00:00
227279,LINKASSURE,2024-06-11,0.84,,,0.84,1815897,2026-04-08T04:16:09.027942+00:00
227397,LINKASSURE,2024-06-13,0.84,,,0.84,156984,2026-04-08T04:16:12.454757+00:00
227515,LINKASSURE,2024-06-14,0.84,,,0.84,200394,2026-04-08T04:16:14.762224+00:00
227633,LINKASSURE,2024-06-20,0.9,,,0.9,27002,2026-04-08T04:16:22.365263+00:00
227751,LINKASSURE,2024-06-21,0.9,,,0.9,15367,2026-04-08T04:16:24.740936+00:00
227869,LINKASSURE,2024-06-24,0.9,,,0.9,45758,2026-04-08T04:16:29.101951+00:00
227987,LINKASSURE,2024-06-25,0.9,,,0.9,71709,2026-04-08T04:16:31.430939+00:00
228105,LINKASSURE,2024-06-26,0.9,,,0.9,450385,2026-04-08T04:16:33.77834+00:00
228223,LINKASSURE,2024-06-27,0.95,,,0.95,8412539,2026-04-08T04:16:36.13415+00:00
228341,LINKASSURE,2024-06-28,1.0,,,1.0,568426,2026-04-08T04:16:38.472674+00:00
228459,LINKASSURE,2024-07-01,1.1,,,1.1,23913478,2026-04-08T04:16:42.881798+00:00
228577,LINKASSURE,2024-07-02,1.15,,,1.15,2905357,2026-04-08T04:16:45.256647+00:00
228695,LINKASSURE,2024-07-03,1.15,,,1.15,123751,2026-04-08T04:16:47.732339+00:00
228813,LINKASSURE,2024-07-04,1.14,,,1.14,538696,2026-04-08T04:16:50.22378+00:00
228931,LINKASSURE,2024-07-05,1.05,,,1.05,2691729,2026-04-08T04:16:52.679645+00:00
229049,LINKASSURE,2024-07-08,1.0,,,1.0,13471658,2026-04-08T04:16:57.375145+00:00
229167,LINKASSURE,2024-07-09,1.0,,,1.0,2756826,2026-04-08T04:16:59.679545+00:00
229285,LINKASSURE,2024-07-10,1.02,,,1.02,4298272,2026-04-08T04:17:02.104038+00:00
229403,LINKASSURE,2024-07-11,1.12,,,1.12,32122321,2026-04-08T04:17:04.804273+00:00
229521,LINKASSURE,2024-07-12,1.14,,,1.14,7947654,2026-04-08T04:17:07.071694+00:00
229639,LINKASSURE,2024-07-15,0.96,,,0.96,1214950,2026-04-08T04:17:11.418935+00:00
229757,LINKASSURE,2024-07-16,1.0,,,1.0,2141889,2026-04-08T04:17:13.920176+00:00
229875,LINKASSURE,2024-07-17,1.0,,,1.0,1257616,2026-04-08T04:17:16.239817+00:00
229993,LINKASSURE,2024-07-18,0.9,,,0.9,10660798,2026-04-08T04:17:18.614364+00:00
230111,LINKASSURE,2024-07-19,0.86,,,0.86,4307447,2026-04-08T04:17:20.923419+00:00
230229,LINKASSURE,2024-07-22,0.87,,,0.87,554367,2026-04-08T04:17:25.185516+00:00
230347,LINKASSURE,2024-07-23,0.93,,,0.93,209682,2026-04-08T04:17:27.655924+00:00
230465,LINKASSURE,2024-07-24,0.93,,,0.93,76109,2026-04-08T04:17:30.124258+00:00
230583,LINKASSURE,2024-07-25,0.86,,,0.86,938867,2026-04-08T04:17:32.638981+00:00
230701,LINKASSURE,2024-07-26,0.86,,,0.86,122587,2026-04-08T04:17:35.101122+00:00
230819,LINKASSURE,2024-07-29,0.9,,,0.9,1967894,2026-04-08T04:17:40.103977+00:00
230937,LINKASSURE,2024-07-30,0.88,,,0.88,3552195,2026-04-08T04:17:43.080384+00:00
231055,LINKASSURE,2024-07-31,0.88,,,0.88,3492951,2026-04-08T04:17:45.61458+00:00
231173,LINKASSURE,2024-08-01,0.82,,,0.82,1628289,2026-04-08T04:17:47.950902+00:00
231291,LINKASSURE,2024-08-02,0.85,,,0.85,3270668,2026-04-08T04:17:50.372085+00:00
231409,LINKASSURE,2024-08-05,0.85,,,0.85,1132881,2026-04-08T04:17:54.929581+00:00
231527,LINKASSURE,2024-08-06,0.88,,,0.88,617008,2026-04-08T04:17:57.472912+00:00
231645,LINKASSURE,2024-08-07,0.9,,,0.9,2672481,2026-04-08T04:17:59.948734+00:00
231763,LINKASSURE,2024-08-08,0.88,,,0.88,1037593,2026-04-08T04:18:02.36647+00:00
231881,LINKASSURE,2024-08-09,0.88,,,0.88,683622,2026-04-08T04:18:04.674683+00:00
231999,LINKASSURE,2024-08-12,0.92,,,0.92,1545648,2026-04-08T04:18:08.918743+00:00
232117,LINKASSURE,2024-08-13,0.85,,,0.85,555067,2026-04-08T04:18:11.387792+00:00
232235,LINKASSURE,2024-08-14,0.91,,,0.91,825646,2026-04-08T04:18:13.859526+00:00
232353,LINKASSURE,2024-08-15,0.91,,,0.91,91067,2026-04-08T04:18:16.357381+00:00
232471,LINKASSURE,2024-08-16,0.91,,,0.91,283127,2026-04-08T04:18:18.692447+00:00
232589,LINKASSURE,2024-08-19,0.91,,,0.91,38591,2026-04-08T04:18:23.063194+00:00
232707,LINKASSURE,2024-08-20,0.9,,,0.9,2280533,2026-04-08T04:18:25.366221+00:00
232825,LINKASSURE,2024-08-21,0.92,,,0.92,1081483,2026-04-08T04:18:27.861334+00:00
232943,LINKASSURE,2024-08-22,0.95,,,0.95,520550,2026-04-08T04:18:30.156184+00:00
233061,LINKASSURE,2024-08-23,1.0,,,1.0,605923,2026-04-08T04:18:32.497978+00:00
233179,LINKASSURE,2024-08-26,1.0,,,1.0,323379,2026-04-08T04:18:37.19542+00:00
233297,LINKASSURE,2024-08-27,0.95,,,0.95,4891088,2026-04-08T04:18:39.561091+00:00
233415,LINKASSURE,2024-08-28,1.0,,,1.0,533061,2026-04-08T04:18:42.048567+00:00
233533,LINKASSURE,2024-08-29,0.95,,,0.95,910997,2026-04-08T04:18:44.36768+00:00
233651,LINKASSURE,2024-09-02,0.97,,,0.97,1688819,2026-04-08T04:18:49.632285+00:00
233769,LINKASSURE,2024-09-03,0.98,,,0.98,664766,2026-04-08T04:18:52.389232+00:00
233887,LINKASSURE,2024-09-04,1.0,,,1.0,3026334,2026-04-08T04:18:54.875674+00:00
234005,LINKASSURE,2024-09-05,0.97,,,0.97,2217100,2026-04-08T04:18:57.763256+00:00
234123,LINKASSURE,2024-09-06,0.98,,,0.98,2210996,2026-04-08T04:19:00.536712+00:00
234241,LINKASSURE,2024-09-09,1.0,,,1.0,301434,2026-04-08T04:19:05.495104+00:00
234359,LINKASSURE,2024-09-10,1.0,,,1.0,403517,2026-04-08T04:19:08.070871+00:00
234477,LINKASSURE,2024-09-11,0.96,,,0.96,938438,2026-04-08T04:19:10.663572+00:00
234595,LINKASSURE,2024-09-12,0.98,,,0.98,726289,2026-04-08T04:19:13.371302+00:00
234713,LINKASSURE,2024-09-13,0.98,,,0.98,312510,2026-04-08T04:19:16.033041+00:00
234831,LINKASSURE,2024-09-17,0.98,,,0.98,438928,2026-04-08T04:19:22.824888+00:00
234949,LINKASSURE,2024-09-18,0.98,,,0.98,57923,2026-04-08T04:19:25.915955+00:00
235067,LINKASSURE,2024-09-19,0.98,,,0.98,29324,2026-04-08T04:19:28.330134+00:00
235185,LINKASSURE,2024-09-20,1.03,,,1.03,2202969,2026-04-08T04:19:30.82066+00:00
235303,LINKASSURE,2024-09-23,1.01,,,1.01,565668,2026-04-08T04:19:35.29526+00:00
235421,LINKASSURE,2024-09-24,0.99,,,0.99,1433476,2026-04-08T04:19:37.629736+00:00
235539,LINKASSURE,2024-09-25,0.99,,,0.99,967252,2026-04-08T04:19:40.096992+00:00
235657,LINKASSURE,2024-09-26,0.99,,,0.99,996413,2026-04-08T04:19:42.676048+00:00
235775,LINKASSURE,2024-09-27,0.99,,,0.99,42099,2026-04-08T04:19:45.342636+00:00
235893,LINKASSURE,2024-09-30,0.99,,,0.99,748331,2026-04-08T04:19:50.223917+00:00
236011,LINKASSURE,2024-10-02,0.99,,,0.99,64387,2026-04-08T04:19:53.821423+00:00
236129,LINKASSURE,2024-10-03,0.98,,,0.98,391388,2026-04-08T04:19:56.203135+00:00
236247,LINKASSURE,2024-10-04,0.99,,,0.99,623149,2026-04-08T04:19:58.634737+00:00
236365,LINKASSURE,2024-10-07,0.92,,,0.92,269092,2026-04-08T04:20:03.05432+00:00
236483,LINKASSURE,2024-10-08,0.93,,,0.93,283700,2026-04-08T04:20:05.535519+00:00
236601,LINKASSURE,2024-10-10,0.93,,,0.93,30105,2026-04-08T04:20:08.855054+00:00
236719,LINKASSURE,2024-10-11,0.93,,,0.93,37815,2026-04-08T04:20:11.460237+00:00
236837,LINKASSURE,2024-10-14,0.98,,,0.98,151100,2026-04-08T04:20:16.284622+00:00
236956,LINKASSURE,2024-10-15,0.98,,,0.98,214128,2026-04-08T04:20:18.84933+00:00
237075,LINKASSURE,2024-10-17,0.97,,,0.97,551055,2026-04-08T04:20:23.389134+00:00
237194,LINKASSURE,2024-10-18,0.92,,,0.92,272969,2026-04-08T04:20:26.17489+00:00
237313,LINKASSURE,2024-10-21,0.92,,,0.92,807848,2026-04-08T04:20:30.541886+00:00
237432,LINKASSURE,2024-10-22,0.92,,,0.92,514677,2026-04-08T04:20:32.890604+00:00
237551,LINKASSURE,2024-10-23,0.92,,,0.92,98295,2026-04-08T04:20:35.186729+00:00
237670,LINKASSURE,2024-10-24,0.92,,,0.92,23427,2026-04-08T04:20:37.740613+00:00
237789,LINKASSURE,2024-10-25,0.92,,,0.92,65114,2026-04-08T04:20:40.222387+00:00
237908,LINKASSURE,2024-10-28,0.9,,,0.9,1341437,2026-04-08T04:20:44.742576+00:00
238027,LINKASSURE,2024-10-29,0.9,,,0.9,1107985,2026-04-08T04:20:47.136244+00:00
238146,LINKASSURE,2024-10-30,0.91,,,0.91,167500,2026-04-08T04:20:49.405969+00:00
238265,LINKASSURE,2024-10-31,0.9,,,0.9,450300,2026-04-08T04:20:51.756515+00:00
238384,LINKASSURE,2024-11-01,0.9,,,0.9,187500,2026-04-08T04:20:54.1075+00:00
238503,LINKASSURE,2024-11-04,0.9,,,0.9,141380,2026-04-08T04:20:58.471072+00:00
238622,LINKASSURE,2024-11-05,0.9,,,0.9,143710,2026-04-08T04:21:01.00344+00:00
238741,LINKASSURE,2024-11-06,0.9,,,0.9,19140,2026-04-08T04:21:03.585377+00:00
238860,LINKASSURE,2024-11-07,0.9,,,0.9,500007,2026-04-08T04:21:06.256351+00:00
238979,LINKASSURE,2024-11-08,0.9,,,0.9,218840,2026-04-08T04:21:08.623134+00:00
239098,LINKASSURE,2024-11-11,0.92,,,0.92,701850,2026-04-08T04:21:12.782875+00:00
239217,LINKASSURE,2024-11-12,0.9,,,0.9,1887334,2026-04-08T04:21:15.417322+00:00
239336,LINKASSURE,2024-11-13,0.9,,,0.9,1176520,2026-04-08T04:21:17.790166+00:00
239455,LINKASSURE,2024-11-14,0.9,,,0.9,518662,2026-04-08T04:21:20.354873+00:00
239574,LINKASSURE,2024-11-15,0.88,,,0.88,2613243,2026-04-08T04:21:22.90937+00:00
239693,LINKASSURE,2024-11-18,0.9,,,0.9,318250,2026-04-08T04:21:27.576358+00:00
239812,LINKASSURE,2024-11-19,0.9,,,0.9,1086637,2026-04-08T04:21:29.868433+00:00
239931,LINKASSURE,2024-11-20,0.9,,,0.9,1141360,2026-04-08T04:21:32.433299+00:00
240050,LINKASSURE,2024-11-21,0.9,,,0.9,14590,2026-04-08T04:21:34.755564+00:00
240169,LINKASSURE,2024-11-22,0.89,,,0.89,1516988,2026-04-08T04:21:37.514754+00:00
240288,LINKASSURE,2024-11-25,0.89,,,0.89,1205280,2026-04-08T04:21:41.818387+00:00
240407,LINKASSURE,2024-11-26,0.89,,,0.89,34042,2026-04-08T04:21:44.163824+00:00
240526,LINKASSURE,2024-11-27,0.91,,,0.91,819900,2026-04-08T04:21:46.720727+00:00
240645,LINKASSURE,2024-11-28,0.95,,,0.95,210870,2026-04-08T04:21:49.110263+00:00
240764,LINKASSURE,2024-12-02,0.95,,,0.95,392260,2026-04-08T04:21:54.88401+00:00
240883,LINKASSURE,2024-12-03,0.95,,,0.95,1521195,2026-04-08T04:21:57.640504+00:00
241002,LINKASSURE,2024-12-04,0.9,,,0.9,900824,2026-04-08T04:21:59.930228+00:00
241121,LINKASSURE,2024-12-06,0.95,,,0.95,148105,2026-04-08T04:22:03.392712+00:00
241240,LINKASSURE,2024-12-09,0.9,,,0.9,598764,2026-04-08T04:22:07.745808+00:00
241359,LINKASSURE,2024-12-10,0.9,,,0.9,1233835,2026-04-08T04:22:10.112253+00:00
241478,LINKASSURE,2024-12-11,0.93,,,0.93,1728026,2026-04-08T04:22:12.639548+00:00
241597,LINKASSURE,2024-12-12,0.9,,,0.9,2526943,2026-04-08T04:22:15.033357+00:00
241716,LINKASSURE,2024-12-13,0.92,,,0.92,1447735,2026-04-08T04:22:17.509919+00:00
241835,LINKASSURE,2024-12-16,0.94,,,0.94,674440,2026-04-08T04:22:22.499781+00:00
241954,LINKASSURE,2024-12-17,0.99,,,0.99,951373,2026-04-08T04:22:24.995572+00:00
242073,LINKASSURE,2024-12-18,0.99,,,0.99,154122,2026-04-08T04:22:27.498126+00:00
242192,LINKASSURE,2024-12-19,1.08,,,1.08,7323337,2026-04-08T04:22:29.868083+00:00
242311,LINKASSURE,2024-12-20,1.1,,,1.1,4701681,2026-04-08T04:22:32.392508+00:00
242430,LINKASSURE,2024-12-23,1.08,,,1.08,5639203,2026-04-08T04:22:36.740311+00:00
242549,LINKASSURE,2024-12-24,1.08,,,1.08,1219600,2026-04-08T04:22:39.25804+00:00
242668,LINKASSURE,2024-12-27,1.08,,,1.08,3262544,2026-04-08T04:22:43.946119+00:00
242786,LINKASSURE,2024-12-31,1.18,,,1.18,5385612,2026-04-08T04:22:48.665239+00:00
242904,LINKASSURE,2025-01-02,1.29,,,1.29,1768189,2026-04-08T04:22:52.256438+00:00
243022,LINKASSURE,2025-01-03,1.41,,,1.41,1251240,2026-04-08T04:22:55.101113+00:00
243140,LINKASSURE,2025-01-06,1.55,,,1.55,3191129,2026-04-08T04:23:00.046313+00:00
243258,LINKASSURE,2025-01-07,1.44,,,1.44,36448136,2026-04-08T04:23:02.329348+00:00
243376,LINKASSURE,2025-01-08,1.58,,,1.58,8187830,2026-04-08T04:23:04.632968+00:00
243494,LINKASSURE,2025-01-09,1.58,,,1.58,1839297,2026-04-08T04:23:06.908261+00:00
243612,LINKASSURE,2025-01-10,1.64,,,1.64,5262636,2026-04-08T04:23:09.304805+00:00
243730,LINKASSURE,2025-01-13,1.64,,,1.64,1669163,2026-04-08T04:23:13.790041+00:00
243848,LINKASSURE,2025-01-14,1.62,,,1.62,6080546,2026-04-08T04:23:16.129929+00:00
243966,LINKASSURE,2025-01-15,1.53,,,1.53,5441320,2026-04-08T04:23:18.535433+00:00
244084,LINKASSURE,2025-01-16,1.39,,,1.39,5383388,2026-04-08T04:23:20.834867+00:00
244202,LINKASSURE,2025-01-17,1.52,,,1.52,3553995,2026-04-08T04:23:23.141674+00:00
244320,LINKASSURE,2025-01-20,1.59,,,1.59,3444498,2026-04-08T04:23:27.482452+00:00
244438,LINKASSURE,2025-01-21,1.61,,,1.61,2586925,2026-04-08T04:23:29.752731+00:00
244556,LINKASSURE,2025-01-22,1.61,,,1.61,2422490,2026-04-08T04:23:32.235559+00:00
244674,LINKASSURE,2025-01-23,1.55,,,1.55,4661881,2026-04-08T04:23:34.519549+00:00
244792,LINKASSURE,2025-01-24,1.6,,,1.6,1112584,2026-04-08T04:23:37.097992+00:00
244910,LINKASSURE,2025-01-27,1.55,,,1.55,2148842,2026-04-08T04:23:41.817807+00:00
245028,LINKASSURE,2025-01-28,1.55,,,1.55,168935,2026-04-08T04:23:44.43679+00:00
245146,LINKASSURE,2025-01-30,1.38,,,1.38,730201,2026-04-08T04:23:47.90788+00:00
245264,LINKASSURE,2025-01-31,1.38,,,1.38,730201,2026-04-08T04:23:50.425841+00:00
245382,LINKASSURE,2025-02-03,1.4,,,1.4,1586196,2026-04-08T04:23:55.090801+00:00
245500,LINKASSURE,2025-02-04,1.5,,,1.5,8838425,2026-04-08T04:23:57.584141+00:00
245618,LINKASSURE,2025-02-05,1.48,,,1.48,1927998,2026-04-08T04:24:00.484627+00:00
245736,LINKASSURE,2025-02-06,1.48,,,1.48,817787,2026-04-08T04:24:04.153698+00:00
245854,LINKASSURE,2025-02-07,1.48,,,1.48,257823,2026-04-08T04:24:07.822728+00:00
245972,LINKASSURE,2025-02-10,1.48,,,1.48,621752,2026-04-08T04:24:13.163899+00:00
246090,LINKASSURE,2025-02-11,1.48,,,1.48,166717,2026-04-08T04:24:15.629092+00:00
246208,LINKASSURE,2025-02-12,1.48,,,1.48,665723,2026-04-08T04:24:18.226035+00:00
246326,LINKASSURE,2025-02-13,1.38,,,1.38,6309247,2026-04-08T04:24:20.725749+00:00
246444,LINKASSURE,2025-02-14,1.4,,,1.4,377798,2026-04-08T04:24:23.300806+00:00
246562,LINKASSURE,2025-02-17,1.4,,,1.4,1461929,2026-04-08T04:24:27.726986+00:00
246680,LINKASSURE,2025-02-18,1.38,,,1.38,419575,2026-04-08T04:24:30.295737+00:00
246798,LINKASSURE,2025-02-19,1.38,,,1.38,495948,2026-04-08T04:24:32.765887+00:00
246916,LINKASSURE,2025-02-20,1.45,,,1.45,1011672,2026-04-08T04:24:35.351909+00:00
247034,LINKASSURE,2025-02-21,1.4,,,1.4,340965,2026-04-08T04:24:37.680479+00:00
247152,LINKASSURE,2025-02-25,1.35,,,1.35,2218910,2026-04-08T04:24:43.419296+00:00
247270,LINKASSURE,2025-02-26,1.35,,,1.35,160000,2026-04-08T04:24:45.860894+00:00
247388,LINKASSURE,2025-02-27,1.38,,,1.38,556417,2026-04-08T04:24:48.27846+00:00
247506,LINKASSURE,2025-02-28,1.3,,,1.3,3220291,2026-04-08T04:24:50.63724+00:00
247624,LINKASSURE,2025-03-03,1.3,,,1.3,598684,2026-04-08T04:24:55.222854+00:00
247742,LINKASSURE,2025-03-04,1.32,,,1.32,1281019,2026-04-08T04:24:57.762887+00:00
247861,LINKASSURE,2025-03-05,1.2,,,1.2,310374,2026-04-08T04:25:00.108696+00:00
247980,LINKASSURE,2025-03-06,1.2,,,1.2,411317,2026-04-08T04:25:02.52336+00:00
248099,LINKASSURE,2025-03-07,1.2,,,1.2,85547,2026-04-08T04:25:04.19753+00:00
248218,LINKASSURE,2025-03-10,1.2,,,1.2,315044,2026-04-08T04:25:07.959889+00:00
248337,LINKASSURE,2025-03-11,1.14,,,1.14,610300,2026-04-08T04:25:10.446731+00:00
248456,LINKASSURE,2025-03-12,1.2,,,1.2,369685,2026-04-08T04:25:12.888859+00:00
248575,LINKASSURE,2025-03-13,1.15,,,1.15,1322479,2026-04-08T04:25:15.353849+00:00
248694,LINKASSURE,2025-03-14,1.26,,,1.26,1488038,2026-04-08T04:25:17.75152+00:00
248813,LINKASSURE,2025-03-17,1.26,,,1.26,385476,2026-04-08T04:25:23.327657+00:00
248932,LINKASSURE,2025-03-18,1.26,,,1.26,422042,2026-04-08T04:25:25.763099+00:00
249051,LINKASSURE,2025-03-19,1.27,,,1.27,464663,2026-04-08T04:25:28.144043+00:00
249170,LINKASSURE,2025-03-20,1.3,,,1.3,410240,2026-04-08T04:25:31.01834+00:00
249289,LINKASSURE,2025-03-21,1.43,,,1.43,1046719,2026-04-08T04:25:33.389958+00:00
249408,LINKASSURE,2025-03-24,1.43,,,1.43,141069,2026-04-08T04:25:38.388993+00:00
249527,LINKASSURE,2025-03-25,1.43,,,1.43,1475153,2026-04-08T04:25:40.7685+00:00
249646,LINKASSURE,2025-03-26,1.43,,,1.43,3818672,2026-04-08T04:25:43.344812+00:00
249765,LINKASSURE,2025-03-27,1.43,,,1.43,1743615,2026-04-08T04:25:45.817232+00:00
249884,LINKASSURE,2025-03-28,1.43,,,1.43,5440299,2026-04-08T04:25:48.177352+00:00
250003,LINKASSURE,2025-04-02,1.31,,,1.31,2673840,2026-04-08T04:25:54.663823+00:00
250122,LINKASSURE,2025-04-03,1.33,,,1.33,842460,2026-04-08T04:25:57.014747+00:00
250241,LINKASSURE,2025-04-04,1.33,,,1.33,433947,2026-04-08T04:25:59.489503+00:00
250360,LINKASSURE,2025-04-07,1.31,,,1.31,1292084,2026-04-08T04:26:04.211964+00:00
250479,LINKASSURE,2025-04-08,1.2,,,1.2,1397360,2026-04-08T04:26:06.766331+00:00
250598,LINKASSURE,2025-04-10,1.15,,,1.15,306930,2026-04-08T04:26:10.263658+00:00
250717,LINKASSURE,2025-04-11,1.22,,,1.22,865275,2026-04-08T04:26:12.610372+00:00
250836,LINKASSURE,2025-04-14,1.22,,,1.22,133083,2026-04-08T04:26:17.137975+00:00
250955,LINKASSURE,2025-04-15,1.22,,,1.22,375585,2026-04-08T04:26:19.634971+00:00
251074,LINKASSURE,2025-04-16,1.22,,,1.22,182507,2026-04-08T04:26:22.321337+00:00
251193,LINKASSURE,2025-04-17,1.22,,,1.22,306868,2026-04-08T04:26:24.819431+00:00
251312,LINKASSURE,2025-04-22,1.22,,,1.22,436050,2026-04-08T04:26:31.401152+00:00
251431,LINKASSURE,2025-04-23,1.22,,,1.22,119197,2026-04-08T04:26:33.741411+00:00
251550,LINKASSURE,2025-04-24,1.22,,,1.22,146740,2026-04-08T04:26:36.383131+00:00
251670,LINKASSURE,2025-04-25,1.3,,,1.3,474045,2026-04-08T04:26:38.677219+00:00
251790,LINKASSURE,2025-04-28,1.22,,,1.22,599880,2026-04-08T04:26:43.113614+00:00
251910,LINKASSURE,2025-04-29,1.22,,,1.22,233987,2026-04-08T04:26:45.609073+00:00
252030,LINKASSURE,2025-04-30,1.34,,,1.34,730227,2026-04-08T04:26:48.242472+00:00
252150,LINKASSURE,2025-05-02,1.22,,,1.22,401502,2026-04-08T04:26:51.690529+00:00
252270,LINKASSURE,2025-05-05,1.22,,,1.22,425178,2026-04-08T04:26:56.275381+00:00
252390,LINKASSURE,2025-05-06,1.21,,,1.21,727420,2026-04-08T04:26:58.7221+00:00
252510,LINKASSURE,2025-05-07,1.13,,,1.13,692480,2026-04-08T04:27:01.170235+00:00
252630,LINKASSURE,2025-05-08,1.13,,,1.13,169600,2026-04-08T04:27:03.468055+00:00
252750,LINKASSURE,2025-05-09,1.24,,,1.24,697455,2026-04-08T04:27:05.963213+00:00
252870,LINKASSURE,2025-05-12,1.14,,,1.14,1467417,2026-04-08T04:27:10.449459+00:00
252990,LINKASSURE,2025-05-14,1.14,,,1.14,463777,2026-04-08T04:27:13.89162+00:00
253110,LINKASSURE,2025-05-15,1.25,,,1.25,223857,2026-04-08T04:27:16.307455+00:00
253230,LINKASSURE,2025-05-16,1.25,,,1.25,5109928,2026-04-08T04:27:18.639316+00:00
253350,LINKASSURE,2025-05-19,1.48,,,1.48,463431,2026-04-08T04:27:23.06518+00:00
253470,LINKASSURE,2025-05-20,1.48,,,1.48,463431,2026-04-08T04:27:25.663956+00:00
253590,LINKASSURE,2025-05-21,1.62,,,1.62,29595032,2026-04-08T04:27:28.280255+00:00
253710,LINKASSURE,2025-05-22,1.46,,,1.46,4879862,2026-04-08T04:27:30.733393+00:00
253830,LINKASSURE,2025-05-23,1.47,,,1.47,1279601,2026-04-08T04:27:33.142895+00:00
253950,LINKASSURE,2025-05-26,1.59,,,1.59,628100,2026-04-08T04:27:37.938794+00:00
254070,LINKASSURE,2025-05-27,1.59,,,1.59,1158745,2026-04-08T04:27:40.395447+00:00
254190,LINKASSURE,2025-05-28,1.56,,,1.56,1396206,2026-04-08T04:27:42.906627+00:00
254310,LINKASSURE,2025-05-29,1.53,,,1.53,947265,2026-04-08T04:27:45.903166+00:00
254430,LINKASSURE,2025-05-30,1.41,,,1.41,3038209,2026-04-08T04:27:48.4452+00:00
254550,LINKASSURE,2025-06-02,1.5,,,1.5,3284818,2026-04-08T04:27:53.01382+00:00
254670,LINKASSURE,2025-06-03,1.5,,,1.5,5043050,2026-04-08T04:27:55.368454+00:00
254790,LINKASSURE,2025-06-04,1.5,,,1.5,773661,2026-04-08T04:27:57.94541+00:00
254910,LINKASSURE,2025-06-05,1.46,,,1.46,1319593,2026-04-08T04:28:00.320696+00:00
255030,LINKASSURE,2025-06-10,1.46,,,1.46,1659388,2026-04-08T04:28:07.114795+00:00
255150,LINKASSURE,2025-06-11,1.46,,,1.46,541305,2026-04-08T04:28:09.38594+00:00
255270,LINKASSURE,2025-06-17,1.36,,,1.36,2550853,2026-04-08T04:28:17.228975+00:00
255390,LINKASSURE,2025-06-18,1.49,,,1.49,6360569,2026-04-08T04:28:19.70912+00:00
255510,LINKASSURE,2025-06-19,1.51,,,1.51,4575230,2026-04-08T04:28:22.276816+00:00
255630,LINKASSURE,2025-06-20,1.5,,,1.5,3041635,2026-04-08T04:28:24.65394+00:00
255750,LINKASSURE,2025-06-23,1.55,,,1.55,1380895,2026-04-08T04:28:29.225711+00:00
255870,LINKASSURE,2025-06-24,1.54,,,1.54,1791656,2026-04-08T04:28:31.569579+00:00
255990,LINKASSURE,2025-06-25,1.55,,,1.55,3202409,2026-04-08T04:28:33.910697+00:00
256110,LINKASSURE,2025-06-26,1.55,,,1.55,2314678,2026-04-08T04:28:36.389223+00:00
256230,LINKASSURE,2025-06-27,1.55,,,1.55,1530442,2026-04-08T04:28:38.797599+00:00
256350,LINKASSURE,2025-07-01,1.55,,,1.55,3245181,2026-04-08T04:28:44.517216+00:00
256470,LINKASSURE,2025-07-02,1.6,,,1.6,2588935,2026-04-08T04:28:47.139962+00:00
256590,LINKASSURE,2025-07-03,1.55,,,1.55,7545236,2026-04-08T04:28:49.506141+00:00
256710,LINKASSURE,2025-07-04,1.5,,,1.5,6784652,2026-04-08T04:28:51.76506+00:00
256830,LINKASSURE,2025-07-07,1.55,,,1.55,4028171,2026-04-08T04:28:56.230166+00:00
256950,LINKASSURE,2025-07-08,1.64,,,1.64,6753781,2026-04-08T04:28:58.705995+00:00
257070,LINKASSURE,2025-07-09,1.6,,,1.6,4451702,2026-04-08T04:29:01.058721+00:00
257190,LINKASSURE,2025-07-10,1.6,,,1.6,4519935,2026-04-08T04:29:03.550316+00:00
257310,LINKASSURE,2025-07-11,1.6,,,1.6,6151055,2026-04-08T04:29:06.089999+00:00
257430,LINKASSURE,2025-07-14,1.45,,,1.45,6755729,2026-04-08T04:29:10.69196+00:00
257550,LINKASSURE,2025-07-16,1.4,,,1.4,13864859,2026-04-08T04:29:14.112969+00:00
257670,LINKASSURE,2025-07-17,1.51,,,1.51,3329418,2026-04-08T04:29:16.489777+00:00
257790,LINKASSURE,2025-07-18,1.49,,,1.49,784710,2026-04-08T04:29:18.854517+00:00
257910,LINKASSURE,2025-07-21,1.48,,,1.48,3883110,2026-04-08T04:29:23.300994+00:00
258030,LINKASSURE,2025-07-22,1.47,,,1.47,2048091,2026-04-08T04:29:25.922592+00:00
258150,LINKASSURE,2025-07-23,1.44,,,1.44,617913,2026-04-08T04:29:29.05968+00:00
258270,LINKASSURE,2025-07-24,1.55,,,1.55,12033363,2026-04-08T04:29:31.486978+00:00
258390,LINKASSURE,2025-07-25,1.5,,,1.5,894797,2026-04-08T04:29:33.980938+00:00
258510,LINKASSURE,2025-07-28,1.48,,,1.48,1918834,2026-04-08T04:29:38.78621+00:00
258629,LINKASSURE,2025-07-29,1.48,,,1.48,1883923,2026-04-08T04:29:41.392621+00:00
258748,LINKASSURE,2025-07-30,1.49,,,1.49,3189337,2026-04-08T04:29:43.881641+00:00
258867,LINKASSURE,2025-07-31,1.45,,,1.45,2110606,2026-04-08T04:29:46.315218+00:00
258986,LINKASSURE,2025-08-01,1.45,,,1.45,1419112,2026-04-08T04:29:48.711654+00:00
259104,LINKASSURE,2025-08-04,1.45,,,1.45,134633,2026-04-08T04:29:53.303607+00:00
259223,LINKASSURE,2025-08-05,1.59,,,1.59,64033211,2026-04-08T04:29:55.780422+00:00
259342,LINKASSURE,2025-08-06,1.74,,,1.74,562318894,2026-04-08T04:29:58.241852+00:00
259461,LINKASSURE,2025-08-07,1.88,,,1.88,372401919,2026-04-08T04:30:00.56444+00:00
259580,LINKASSURE,2025-08-08,2.06,,,2.06,585560232,2026-04-08T04:30:02.234883+00:00
259699,LINKASSURE,2025-08-11,2.26,,,2.26,703587531,2026-04-08T04:30:07.037349+00:00
259818,LINKASSURE,2025-08-12,2.48,,,2.48,11771290,2026-04-08T04:30:09.28323+00:00
259937,LINKASSURE,2025-08-13,2.72,,,2.72,12368155,2026-04-08T04:30:11.815521+00:00
260056,LINKASSURE,2025-08-14,2.7,,,2.7,214265645,2026-04-08T04:30:14.350221+00:00
260175,LINKASSURE,2025-08-15,2.43,,,2.43,50014392,2026-04-08T04:30:16.786076+00:00
260294,LINKASSURE,2025-08-18,2.67,,,2.67,77898335,2026-04-08T04:30:21.560319+00:00
260413,LINKASSURE,2025-08-19,2.41,,,2.41,23616816,2026-04-08T04:30:23.869462+00:00
260532,LINKASSURE,2025-08-20,2.29,,,2.29,26052770,2026-04-08T04:30:26.318672+00:00
260651,LINKASSURE,2025-08-21,2.17,,,2.17,11941033,2026-04-08T04:30:28.670378+00:00
260770,LINKASSURE,2025-08-22,2.38,,,2.38,16965326,2026-04-08T04:30:30.96965+00:00
260889,LINKASSURE,2025-08-25,2.46,,,2.46,16901410,2026-04-08T04:30:35.521871+00:00
261008,LINKASSURE,2025-08-26,2.37,,,2.37,4082793,2026-04-08T04:30:37.91594+00:00
261127,LINKASSURE,2025-08-27,2.33,,,2.33,8825034,2026-04-08T04:30:40.231113+00:00
261246,LINKASSURE,2025-08-28,2.29,,,2.29,4192395,2026-04-08T04:30:42.59826+00:00
261365,LINKASSURE,2025-08-29,2.25,,,2.25,1995435,2026-04-08T04:30:45.09102+00:00
261484,LINKASSURE,2025-09-01,2.19,,,2.19,2641863,2026-04-08T04:30:49.608802+00:00
261603,LINKASSURE,2025-09-02,2.13,,,2.13,1189937,2026-04-08T04:30:52.312491+00:00
261722,LINKASSURE,2025-09-03,2.03,,,2.03,8145733,2026-04-08T04:30:55.837007+00:00
261841,LINKASSURE,2025-09-04,2.2,,,2.2,4154279,2026-04-08T04:30:58.198935+00:00
261960,LINKASSURE,2025-09-08,2.19,,,2.19,1000192,2026-04-08T04:31:03.728068+00:00
262079,LINKASSURE,2025-09-09,2.04,,,2.04,1937845,2026-04-08T04:31:06.294869+00:00
262198,LINKASSURE,2025-09-10,2.14,,,2.14,1456032,2026-04-08T04:31:08.610575+00:00
262317,LINKASSURE,2025-09-11,2.14,,,2.14,1802527,2026-04-08T04:31:10.974873+00:00
262436,LINKASSURE,2025-09-12,2.08,,,2.08,6089026,2026-04-08T04:31:13.547359+00:00
262555,LINKASSURE,2025-09-15,2.19,,,2.19,4101785,2026-04-08T04:31:18.268622+00:00
262674,LINKASSURE,2025-09-16,2.1,,,2.1,2702110,2026-04-08T04:31:20.741189+00:00
262793,LINKASSURE,2025-09-17,2.17,,,2.17,1668009,2026-04-08T04:31:23.24235+00:00
262912,LINKASSURE,2025-09-18,2.14,,,2.14,4228379,2026-04-08T04:31:25.598019+00:00
263031,LINKASSURE,2025-09-19,2.1,,,2.1,6875882,2026-04-08T04:31:28.111008+00:00
263150,LINKASSURE,2025-09-22,2.14,,,2.14,6267461,2026-04-08T04:31:32.624882+00:00
263269,LINKASSURE,2025-09-23,2.1,,,2.1,3583617,2026-04-08T04:31:35.170326+00:00
263388,LINKASSURE,2025-09-24,2.06,,,2.06,4257651,2026-04-08T04:31:37.673105+00:00
263507,LINKASSURE,2025-09-25,2.05,,,2.05,5731314,2026-04-08T04:31:40.100841+00:00
263626,LINKASSURE,2025-09-26,2.09,,,2.09,8715596,2026-04-08T04:31:42.548783+00:00
263745,LINKASSURE,2025-09-29,2.05,,,2.05,2384676,2026-04-08T04:31:47.029675+00:00
263864,LINKASSURE,2025-09-30,2.0,,,2.0,6983515,2026-04-08T04:31:49.320364+00:00
263983,LINKASSURE,2025-10-02,2.07,,,2.07,4419211,2026-04-08T04:31:52.706523+00:00
264102,LINKASSURE,2025-10-03,2.0,,,2.0,2978319,2026-04-08T04:31:55.311341+00:00
264221,LINKASSURE,2025-10-06,2.06,,,2.06,8534185,2026-04-08T04:31:59.803196+00:00
264340,LINKASSURE,2025-10-07,2.04,,,2.04,2890482,2026-04-08T04:32:02.285104+00:00
264459,LINKASSURE,2025-10-08,2.01,,,2.01,975703,2026-04-08T04:32:04.646463+00:00
264578,LINKASSURE,2025-10-09,2.0,,,2.0,9101045,2026-04-08T04:32:07.004133+00:00
264697,LINKASSURE,2025-10-10,2.02,,,2.02,1969662,2026-04-08T04:32:10.69692+00:00
264816,LINKASSURE,2025-10-13,2.1,,,2.1,11187242,2026-04-08T04:32:15.267586+00:00
264935,LINKASSURE,2025-10-14,2.0,,,2.0,3123532,2026-04-08T04:32:17.792097+00:00
265054,LINKASSURE,2025-10-15,2.0,,,2.0,2414337,2026-04-08T04:32:20.093513+00:00
265173,LINKASSURE,2025-10-16,2.09,,,2.09,6923002,2026-04-08T04:32:22.728593+00:00
265292,LINKASSURE,2025-10-17,2.05,,,2.05,3675933,2026-04-08T04:32:25.167177+00:00
265411,LINKASSURE,2025-10-20,2.02,,,2.02,2161409,2026-04-08T04:32:29.532096+00:00
265530,LINKASSURE,2025-10-21,2.02,,,2.02,3899362,2026-04-08T04:32:31.920152+00:00
265649,LINKASSURE,2025-10-22,2.03,,,2.03,7671469,2026-04-08T04:32:34.332447+00:00
265768,LINKASSURE,2025-10-23,2.0,,,2.0,5030934,2026-04-08T04:32:36.79914+00:00
265887,LINKASSURE,2025-10-24,1.96,,,1.96,2709310,2026-04-08T04:32:39.249323+00:00
266006,LINKASSURE,2025-10-28,2.03,,,2.03,1943948,2026-04-08T04:32:44.921336+00:00
266125,LINKASSURE,2025-10-29,1.96,,,1.96,5332939,2026-04-08T04:32:47.450266+00:00
266244,LINKASSURE,2025-10-30,1.96,,,1.96,262024,2026-04-08T04:32:49.91761+00:00
266363,LINKASSURE,2025-10-31,2.0,,,2.0,2869903,2026-04-08T04:32:52.375955+00:00
266482,LINKASSURE,2025-11-03,1.91,,,1.91,957563,2026-04-08T04:32:57.290654+00:00
266601,LINKASSURE,2025-11-04,1.85,,,1.85,4567351,2026-04-08T04:32:59.739678+00:00
266720,LINKASSURE,2025-11-05,2.0,,,2.0,2343435,2026-04-08T04:33:02.152799+00:00
266839,LINKASSURE,2025-11-06,1.85,,,1.85,1563183,2026-04-08T04:33:04.646202+00:00
266958,LINKASSURE,2025-11-07,1.8,,,1.8,2055371,2026-04-08T04:33:07.145499+00:00
267077,LINKASSURE,2025-11-10,1.62,,,1.62,5242707,2026-04-08T04:33:11.744122+00:00
267196,LINKASSURE,2025-11-11,1.46,,,1.46,9731404,2026-04-08T04:33:14.17228+00:00
267315,LINKASSURE,2025-11-12,1.6,,,1.6,1472408,2026-04-08T04:33:16.719178+00:00
267434,LINKASSURE,2025-11-13,1.76,,,1.76,1285155,2026-04-08T04:33:19.052814+00:00
267553,LINKASSURE,2025-11-14,1.9,,,1.9,5840628,2026-04-08T04:33:21.762061+00:00
267672,LINKASSURE,2025-11-17,1.93,,,1.93,13762855,2026-04-08T04:33:26.271116+00:00
267791,LINKASSURE,2025-11-18,1.85,,,1.85,676200,2026-04-08T04:33:29.067053+00:00
267910,LINKASSURE,2025-11-19,1.99,,,1.99,10456646,2026-04-08T04:33:31.487527+00:00
268029,LINKASSURE,2025-11-20,1.86,,,1.86,1765260,2026-04-08T04:33:33.887172+00:00
268148,LINKASSURE,2025-11-21,1.68,,,1.68,18080781,2026-04-08T04:33:36.654129+00:00
268267,LINKASSURE,2025-11-24,1.68,,,1.68,2791133,2026-04-08T04:33:41.368891+00:00
268386,LINKASSURE,2025-11-25,1.68,,,1.68,744513,2026-04-08T04:33:44.004166+00:00
268505,LINKASSURE,2025-11-26,1.7,,,1.7,267692,2026-04-08T04:33:46.260048+00:00
268624,LINKASSURE,2025-11-27,1.87,,,1.87,2611588,2026-04-08T04:33:48.488035+00:00
268743,LINKASSURE,2025-11-28,1.72,,,1.72,15732475,2026-04-08T04:33:50.826192+00:00
268862,LINKASSURE,2025-12-01,1.84,,,1.84,977261,2026-04-08T04:33:55.236541+00:00
268981,LINKASSURE,2025-12-02,1.76,,,1.76,2801899,2026-04-08T04:33:57.748335+00:00
269100,LINKASSURE,2025-12-03,1.76,,,1.76,108305,2026-04-08T04:34:00.349419+00:00
269219,LINKASSURE,2025-12-04,1.76,,,1.76,1527527,2026-04-08T04:34:03.142475+00:00
269338,LINKASSURE,2025-12-05,1.76,,,1.76,470705,2026-04-08T04:34:05.808951+00:00
269457,LINKASSURE,2025-12-08,1.76,,,1.76,80151,2026-04-08T04:34:10.334331+00:00
269576,LINKASSURE,2025-12-09,1.84,,,1.84,510070,2026-04-08T04:34:12.926221+00:00
269695,LINKASSURE,2025-12-10,1.76,,,1.76,1040832,2026-04-08T04:34:15.295879+00:00
269814,LINKASSURE,2025-12-11,1.7,,,1.7,1692247,2026-04-08T04:34:17.804745+00:00
269933,LINKASSURE,2025-12-12,1.75,,,1.75,1206050,2026-04-08T04:34:20.615101+00:00
270052,LINKASSURE,2025-12-15,1.75,,,1.75,396830,2026-04-08T04:34:25.240467+00:00
270171,LINKASSURE,2025-12-16,1.65,,,1.65,6526436,2026-04-08T04:34:27.867795+00:00
270290,LINKASSURE,2025-12-18,1.8,,,1.8,15644854,2026-04-08T04:34:31.321522+00:00
270409,LINKASSURE,2025-12-19,1.7,,,1.7,5864383,2026-04-08T04:34:33.771022+00:00
270528,LINKASSURE,2025-12-22,1.6,,,1.6,6077133,2026-04-08T04:34:38.115277+00:00
270647,LINKASSURE,2025-12-23,1.61,,,1.61,3125574,2026-04-08T04:34:40.661369+00:00
270766,LINKASSURE,2025-12-24,1.67,,,1.67,930263,2026-04-08T04:34:43.221402+00:00
270885,LINKASSURE,2025-12-29,1.63,,,1.63,10121395,2026-04-08T04:34:48.902152+00:00
271004,LINKASSURE,2025-12-30,1.63,,,1.63,7376431,2026-04-08T04:34:51.359097+00:00
271123,LINKASSURE,2025-12-31,1.78,,,1.78,8374920,2026-04-08T04:34:53.061316+00:00
271242,LINKASSURE,2026-01-02,1.8,,,1.8,21239485,2026-04-08T04:34:56.467348+00:00
271361,LINKASSURE,2026-01-05,1.8,,,1.8,51674608,2026-04-08T04:35:01.008466+00:00
271480,LINKASSURE,2026-01-06,1.8,,,1.8,51634199,2026-04-08T04:35:03.366972+00:00
271599,LINKASSURE,2026-01-07,1.84,,,1.84,54879972,2026-04-08T04:35:05.819661+00:00
271718,LINKASSURE,2026-01-08,1.83,,,1.83,54112725,2026-04-08T04:35:08.163488+00:00
271837,LINKASSURE,2026-01-09,1.8,,,1.8,25034172,2026-04-08T04:35:10.591402+00:00
271956,LINKASSURE,2026-01-12,1.8,,,1.8,118733275,2026-04-08T04:35:15.220756+00:00
272075,LINKASSURE,2026-01-13,1.8,,,1.8,49929588,2026-04-08T04:35:17.864544+00:00
272194,LINKASSURE,2026-01-14,1.88,,,1.88,28218519,2026-04-08T04:35:20.278959+00:00
272313,LINKASSURE,2026-01-15,1.89,,,1.89,22801947,2026-04-08T04:35:23.159853+00:00
272432,LINKASSURE,2026-01-16,1.88,,,1.88,3021647,2026-04-08T04:35:25.571119+00:00
272551,LINKASSURE,2026-01-19,1.97,,,1.97,6800199,2026-04-08T04:35:30.272746+00:00
272670,LINKASSURE,2026-01-20,1.97,,,1.97,12336224,2026-04-08T04:35:32.536083+00:00
272790,LINKASSURE,2026-01-21,1.99,,,1.99,11835391,2026-04-08T04:35:34.90344+00:00
272910,LINKASSURE,2026-01-22,1.92,,,1.92,10109840,2026-04-08T04:35:36.566163+00:00
273030,LINKASSURE,2026-01-23,1.9,,,1.9,8001912,2026-04-08T04:35:38.92405+00:00
273150,LINKASSURE,2026-01-26,1.89,,,1.89,15401776,2026-04-08T04:35:43.383975+00:00
273270,LINKASSURE,2026-01-27,1.78,,,1.78,15447671,2026-04-08T04:35:45.70946+00:00
273390,LINKASSURE,2026-01-28,1.78,,,1.78,5089220,2026-04-08T04:35:48.193808+00:00
273510,LINKASSURE,2026-01-29,1.78,,,1.78,7704647,2026-04-08T04:35:50.479528+00:00
273630,LINKASSURE,2026-01-30,1.75,,,1.75,10395343,2026-04-08T04:35:52.855058+00:00
273750,LINKASSURE,2026-02-02,1.77,,,1.77,12270962,2026-04-08T04:35:57.524813+00:00
273870,LINKASSURE,2026-02-03,1.74,,,1.74,8046556,2026-04-08T04:36:00.137559+00:00
273990,LINKASSURE,2026-02-04,1.79,,,1.79,8060248,2026-04-08T04:36:02.592569+00:00
274110,LINKASSURE,2026-02-05,1.77,,,1.77,4784603,2026-04-08T04:36:04.997535+00:00
274230,LINKASSURE,2026-02-06,1.77,,,1.77,6351985,2026-04-08T04:36:07.533957+00:00
112,LINKASSURE,2026-02-08,,,,1.77,6351985,2026-02-08T00:18:13.946+00:00
274350,LINKASSURE,2026-02-09,1.75,,,1.75,6974528,2026-04-08T04:36:12.456447+00:00
274470,LINKASSURE,2026-02-10,1.7,,,1.7,13707709,2026-04-08T04:36:14.818506+00:00
274590,LINKASSURE,2026-02-11,1.78,,,1.78,17948004,2026-04-08T04:36:17.460702+00:00
229,LINKASSURE,2026-02-12,1.78,1.71,1.71,1.78,7402792,2026-02-12T09:23:55.221519+00:00
274830,LINKASSURE,2026-02-13,1.77,,,1.77,15659278,2026-04-08T04:36:22.38356+00:00
274950,LINKASSURE,2026-02-16,1.72,,,1.72,11102858,2026-04-08T04:36:26.879081+00:00
275070,LINKASSURE,2026-02-17,1.78,,,1.78,4343623,2026-04-08T04:36:29.440312+00:00
275190,LINKASSURE,2026-02-18,1.72,,,1.72,2647904,2026-04-08T04:36:31.166521+00:00
275310,LINKASSURE,2026-02-19,1.75,,,1.75,6864487,2026-04-08T04:36:33.575564+00:00
565,LINKASSURE,2026-02-20,1.83,,,1.83,11391036,2026-02-20T23:15:44.934622+00:00
713,LINKASSURE,2026-02-23,1.78,,,1.78,10930860,2026-02-23T07:00:01.990412+00:00
861,LINKASSURE,2026-02-24,1.8,,,1.8,8556948,2026-02-24T07:00:01.929914+00:00
1009,LINKASSURE,2026-02-25,1.69,,,1.69,46994636,2026-02-25T07:00:01.953057+00:00
1157,LINKASSURE,2026-02-26,1.74,,,1.74,18783492,2026-02-26T07:00:01.915173+00:00
1845,LINKASSURE,2026-02-27,1.73,,,1.73,13120293,2026-02-27T07:00:02.056517+00:00
2726,LINKASSURE,2026-02-28,1.73,,,1.73,13120293,2026-02-28T18:00:03.453641+00:00
2874,LINKASSURE,2026-03-01,1.73,,,1.73,13120293,2026-03-01T18:00:03.821122+00:00
3022,LINKASSURE,2026-03-02,1.8,,,1.8,11363034,2026-03-02T07:00:01.981706+00:00
3986,LINKASSURE,2026-03-03,1.8,,,1.8,17632895,2026-03-03T07:00:01.858909+00:00
5423,LINKASSURE,2026-03-04,1.8,,,1.8,15573017,2026-03-04T07:00:02.010027+00:00
7141,LINKASSURE,2026-03-05,1.8,,,1.8,14396084,2026-03-05T07:00:02.0033+00:00
9657,LINKASSURE,2026-03-06,1.79,,,1.79,12204625,2026-03-06T07:00:02.033178+00:00
11315,LINKASSURE,2026-03-07,1.79,,,1.79,12204625,2026-03-07T18:00:06.285951+00:00
11463,LINKASSURE,2026-03-08,1.79,,,1.79,12204625,2026-03-08T18:00:03.574352+00:00
11611,LINKASSURE,2026-03-09,1.72,,,1.72,11571694,2026-03-09T07:00:02.016534+00:00
14127,LINKASSURE,2026-03-10,1.73,,,1.73,1568445,2026-03-10T07:00:03.966079+00:00
15967,LINKASSURE,2026-03-11,1.56,,,1.56,16325050,2026-03-11T07:00:02.147117+00:00
17683,LINKASSURE,2026-03-12,1.6,,,1.6,5320218,2026-03-12T07:00:02.06753+00:00
20199,LINKASSURE,2026-03-13,1.56,,,1.56,5417378,2026-03-13T07:00:01.993197+00:00
23645,LINKASSURE,2026-03-16,1.47,,,1.47,4630217,2026-03-16T08:30:01.80086+00:00
25476,LINKASSURE,2026-03-17,1.5,,,1.5,11604634,2026-03-17T08:30:01.70448+00:00
27339,LINKASSURE,2026-03-18,1.64,,,1.64,3708176,2026-03-18T08:30:01.732403+00:00
33153,LINKASSURE,2026-03-23,1.67,,,1.67,8042599,2026-03-23T08:30:01.705825+00:00
34731,LINKASSURE,2026-03-24,1.64,,,1.64,2793532,2026-03-24T15:00:01.978259+00:00
34879,LINKASSURE,2026-03-25,1.65,,,1.65,1672613,2026-03-25T15:00:01.528164+00:00
35027,LINKASSURE,2026-03-26,1.55,,,1.55,3625406,2026-03-26T15:00:01.955832+00:00
35175,LINKASSURE,2026-03-27,1.58,,,1.58,1539822,2026-03-27T15:00:02.114662+00:00
278190,LINKASSURE,2026-03-30,1.65,,,1.65,717122,2026-04-08T04:37:47.74327+00:00
35323,LINKASSURE,2026-03-31,1.55,,,1.55,3478432,2026-03-31T15:00:02.085058+00:00
278430,LINKASSURE,2026-04-01,1.5,,,1.5,8040719,2026-04-08T04:37:52.684906+00:00
35471,LINKASSURE,2026-04-02,1.46,,,1.46,5454690,2026-04-02T15:00:01.864809+00:00
35915,LINKASSURE,2026-04-07,1.52,,,1.52,2994505,2026-04-07T15:00:01.949344+00:00
278812,LINKASSURE,2026-04-08,1.5,,,1.5,1114205,2026-04-08T15:00:01.943007+00:00
278959,LINKASSURE,2026-04-09,1.57,,,1.57,1919649,2026-04-09T15:00:02.085141+00:00
279105,LINKASSURE,2026-04-10,1.57,,,1.57,848043,2026-04-10T15:00:01.352272+00:00
279251,LINKASSURE,2026-04-13,1.57,,,1.57,677853,2026-04-13T15:00:02.021173+00:00
279397,LINKASSURE,2026-04-14,1.5,,,1.5,1146303,2026-04-14T15:00:02.477878+00:00
279543,LINKASSURE,2026-04-15,1.51,,,1.51,5789389,2026-04-15T15:00:02.184222+00:00
279689,LINKASSURE,2026-04-16,1.52,,,1.52,6462323,2026-04-16T15:00:02.07143+00:00
279835,LINKASSURE,2026-04-17,1.5,,,1.5,30659972,2026-04-17T15:00:02.06245+00:00
279981,LINKASSURE,2026-04-20,1.5,,,1.5,5352201,2026-04-20T15:00:01.862344+00:00
280127,LINKASSURE,2026-04-21,1.48,,,1.48,15064487,2026-04-21T15:00:02.189846+00:00
280273,LINKASSURE,2026-04-22,1.58,,,1.58,4202766,2026-04-22T15:00:02.200159+00:00
280419,LINKASSURE,2026-04-23,1.6,,,1.6,5991160,2026-04-23T15:00:02.125151+00:00
280565,LINKASSURE,2026-04-24,1.58,,,1.58,4582925,2026-04-24T15:00:02.20649+00:00
280711,LINKASSURE,2026-04-27,1.58,,,1.58,1365013,2026-04-27T15:00:02.034997+00:00
280857,LINKASSURE,2026-04-28,1.65,,,1.65,46845758,2026-04-28T15:00:01.918241+00:00
281003,LINKASSURE,2026-04-29,1.64,,,1.64,14792321,2026-04-29T15:00:02.672724+00:00
281149,LINKASSURE,2026-04-30,1.62,,,1.62,11494237,2026-04-30T15:00:02.170664+00:00
281441,LINKASSURE,2026-05-04,1.78,,,1.78,29115946,2026-05-04T15:00:02.156928+00:00
281587,LINKASSURE,2026-05-05,1.84,,,1.84,25331453,2026-05-05T15:00:01.930748+00:00
281733,LINKASSURE,2026-05-06,1.82,,,1.82,21998718,2026-05-06T15:00:01.919787+00:00
281879,LINKASSURE,2026-05-07,1.8,,,1.8,62708570,2026-05-07T15:00:01.995523+00:00
282025,LINKASSURE,2026-05-08,1.78,,,1.78,20761040,2026-05-08T15:00:02.118161+00:00
282171,LINKASSURE,2026-05-11,1.69,,,1.69,17556706,2026-05-11T15:00:02.243132+00:00
282317,LINKASSURE,2026-05-12,1.8,,,1.8,10239139,2026-05-12T15:00:02.325735+00:00
282463,LINKASSURE,2026-05-13,1.8,,,1.8,7031509,2026-05-13T15:00:01.887561+00:00
282609,LINKASSURE,2026-05-14,1.8,,,1.8,11636087,2026-05-14T15:00:01.952989+00:00
282755,LINKASSURE,2026-05-15,1.8,,,1.8,5422573,2026-05-15T15:00:01.871578+00:00
282901,LINKASSURE,2026-05-18,1.84,,,1.84,10085396,2026-05-18T15:00:01.868607+00:00
283047,LINKASSURE,2026-05-19,1.78,,,1.78,40361466,2026-05-19T15:00:01.863653+00:00
283193,LINKASSURE,2026-05-20,1.82,,,1.82,3720990,2026-05-20T15:00:01.871845+00:00
283339,LINKASSURE,2026-05-21,1.8,,,1.8,7650026,2026-05-21T15:00:01.939198+00:00
283485,LINKASSURE,2026-05-22,1.79,,,1.79,7366139,2026-05-22T15:00:02.031345+00:00
283631,LINKASSURE,2026-05-25,1.73,,,1.73,4498025,2026-05-25T15:00:01.979384+00:00
283777,LINKASSURE,2026-05-26,1.71,,,1.71,6130935,2026-05-26T15:00:01.996051+00:00
284215,LINKASSURE,2026-05-29,1.79,,,1.79,7481729,2026-05-29T15:00:02.455558+00:00
284361,LINKASSURE,2026-06-01,1.77,,,1.77,11325958,2026-06-01T15:00:02.603507+00:00
284507,LINKASSURE,2026-06-02,1.77,,,1.77,13785254,2026-06-02T15:00:02.980523+00:00
284653,LINKASSURE,2026-06-03,1.8,,,1.8,54407193,2026-06-03T15:00:03.023028+00:00
284799,LINKASSURE,2026-06-04,1.71,,,1.71,14072590,2026-06-04T15:00:03.321931+00:00
284945,LINKASSURE,2026-06-05,1.71,,,1.71,22971389,2026-06-05T15:00:03.073061+00:00
285091,LINKASSURE,2026-06-08,1.87,,,1.87,9260326,2026-06-08T15:00:03.135386+00:00
285237,LINKASSURE,2026-06-09,1.78,,,1.78,5035943,2026-06-09T15:00:03.53749+00:00
285383,LINKASSURE,2026-06-10,1.81,,,1.81,1844767,2026-06-10T15:10:03.084397+00:00
285821,LINKASSURE,2026-06-11,1.82,,,1.82,3072177,2026-06-11T15:10:02.991492+00:00
287573,LINKASSURE,2026-06-15,1.75,,,1.75,3177091,2026-06-15T15:10:02.896252+00:00
288449,LINKASSURE,2026-06-16,1.7,,,1.7,4909823,2026-06-16T15:10:02.87997+00:00
289325,LINKASSURE,2026-06-17,1.6,,,1.6,17015540,2026-06-17T15:10:02.980097+00:00
289763,LINKASSURE,2026-06-18,1.6,,,1.6,10320432,2026-06-18T15:10:02.932064+00:00
290347,LINKASSURE,2026-06-19,1.64,,,1.64,11637994,2026-06-19T15:10:02.959085+00:00
291077,LINKASSURE,2026-06-22,1.51,,,1.51,17047527,2026-06-22T15:10:03.140564+00:00
291661,LINKASSURE,2026-06-23,1.5,,,1.5,17531643,2026-06-23T15:10:03.017319+00:00
292245,LINKASSURE,2026-06-24,1.5,,,1.5,32035343,2026-06-24T15:10:03.053149+00:00
292829,LINKASSURE,2026-06-25,1.5,,,1.5,8836153,2026-06-25T15:10:02.973562+00:00
293267,LINKASSURE,2026-06-26,1.57,,,1.57,10054493,2026-06-26T15:10:03.012808+00:00
293705,LINKASSURE,2026-06-29,1.5,,,1.5,11849864,2026-06-29T15:10:03.028054+00:00
294143,LINKASSURE,2026-06-30,1.58,,,1.58,95972599,2026-06-30T15:10:03.08168+00:00
294581,LINKASSURE,2026-07-01,1.5,,,1.5,8355129,2026-07-01T15:10:03.133226+00:00
295019,LINKASSURE,2026-07-02,1.5,,,1.5,1196838,2026-07-02T15:10:03.065554+00:00
295457,LINKASSURE,2026-07-03,1.54,,,1.54,4757974,2026-07-03T15:10:03.019266+00:00
295895,LINKASSURE,2026-07-06,1.52,,,1.52,12349389,2026-07-06T15:10:03.100823+00:00
296333,LINKASSURE,2026-07-07,1.51,,,1.51,18873091,2026-07-07T15:10:03.687653+00:00
296771,LINKASSURE,2026-07-08,1.51,,,1.51,33905172,2026-07-08T15:10:02.922872+00:00
297210,LINKASSURE,2026-07-09,1.5,,,1.5,2326349,2026-07-09T15:10:03.041812+00:00
297648,LINKASSURE,2026-07-10,1.5,,,1.5,9445225,2026-07-10T15:10:03.284445+00:00
298086,LINKASSURE,2026-07-13,1.49,,,1.49,11133689,2026-07-13T15:10:02.995074+00:00
298524,LINKASSURE,2026-07-14,1.48,,,1.48,2466728,2026-07-14T15:10:03.094441+00:00
298962,LINKASSURE,2026-07-15,1.5,,,1.5,3938444,2026-07-15T15:10:03.078609+00:00
299400,LINKASSURE,2026-07-16,1.5,,,1.5,22401847,2026-07-16T15:10:03.113936+00:00
299838,LINKASSURE,2026-07-17,1.5,,,1.5,19988107,2026-07-17T15:10:03.053983+00:00
