id,symbol,trade_date,open_price,high_price,low_price,close_price,volume,created_at
134128,LIVINGTRUST,2020-11-09,0.6,,,0.6,0,2026-04-08T03:33:36.944942+00:00
134232,LIVINGTRUST,2020-11-10,0.6,,,0.6,0,2026-04-08T03:33:39.328014+00:00
134336,LIVINGTRUST,2020-11-11,0.6,,,0.6,0,2026-04-08T03:33:41.646704+00:00
134440,LIVINGTRUST,2020-11-12,0.6,,,0.6,0,2026-04-08T03:33:44.075825+00:00
134544,LIVINGTRUST,2020-11-13,0.6,,,0.6,0,2026-04-08T03:33:46.660663+00:00
134648,LIVINGTRUST,2020-11-16,0.6,,,0.6,0,2026-04-08T03:33:51.206328+00:00
134752,LIVINGTRUST,2020-11-17,0.6,,,0.6,0,2026-04-08T03:33:53.594986+00:00
134856,LIVINGTRUST,2020-11-18,0.6,,,0.6,0,2026-04-08T03:33:56.053488+00:00
134960,LIVINGTRUST,2020-11-19,0.6,,,0.6,0,2026-04-08T03:33:58.535588+00:00
135064,LIVINGTRUST,2020-11-20,0.6,,,0.6,0,2026-04-08T03:34:01.033528+00:00
135168,LIVINGTRUST,2020-11-23,0.6,,,0.6,0,2026-04-08T03:34:05.446005+00:00
135272,LIVINGTRUST,2020-11-24,0.6,,,0.6,0,2026-04-08T03:34:07.827748+00:00
135376,LIVINGTRUST,2020-11-25,0.6,,,0.6,0,2026-04-08T03:34:10.273596+00:00
135480,LIVINGTRUST,2020-11-26,0.6,,,0.6,0,2026-04-08T03:34:12.878043+00:00
135584,LIVINGTRUST,2020-11-27,0.6,,,0.6,0,2026-04-08T03:34:15.660625+00:00
135688,LIVINGTRUST,2020-11-30,0.6,,,0.6,0,2026-04-08T03:34:20.595268+00:00
135792,LIVINGTRUST,2020-12-01,0.6,,,0.6,0,2026-04-08T03:34:22.915781+00:00
136107,LIVINGTRUST,2020-12-07,0.6,,,0.6,0,2026-04-08T03:34:34.092506+00:00
136211,LIVINGTRUST,2020-12-08,0.6,,,0.6,0,2026-04-08T03:34:36.413898+00:00
136315,LIVINGTRUST,2020-12-09,0.6,,,0.6,0,2026-04-08T03:34:38.741358+00:00
136419,LIVINGTRUST,2020-12-10,0.6,,,0.6,0,2026-04-08T03:34:41.210459+00:00
136523,LIVINGTRUST,2020-12-11,0.6,,,0.6,0,2026-04-08T03:34:43.516271+00:00
136627,LIVINGTRUST,2020-12-14,0.6,,,0.6,0,2026-04-08T03:34:47.752987+00:00
136732,LIVINGTRUST,2020-12-15,0.6,,,0.6,0,2026-04-08T03:34:50.014046+00:00
136837,LIVINGTRUST,2020-12-16,0.6,,,0.6,0,2026-04-08T03:34:52.260784+00:00
136942,LIVINGTRUST,2020-12-17,0.6,,,0.6,0,2026-04-08T03:34:54.700208+00:00
137047,LIVINGTRUST,2020-12-18,0.6,,,0.6,0,2026-04-08T03:34:57.404383+00:00
137152,LIVINGTRUST,2020-12-21,0.6,,,0.6,0,2026-04-08T03:35:01.74156+00:00
137257,LIVINGTRUST,2020-12-22,0.6,,,0.6,0,2026-04-08T03:35:04.087051+00:00
137362,LIVINGTRUST,2020-12-23,0.6,,,0.6,0,2026-04-08T03:35:06.465463+00:00
137467,LIVINGTRUST,2020-12-24,0.6,,,0.6,0,2026-04-08T03:35:08.859517+00:00
137572,LIVINGTRUST,2020-12-29,0.6,,,0.6,0,2026-04-08T03:35:15.710612+00:00
137677,LIVINGTRUST,2020-12-30,0.6,,,0.6,0,2026-04-08T03:35:18.332825+00:00
137782,LIVINGTRUST,2020-12-31,0.6,,,0.6,0,2026-04-08T03:35:20.721524+00:00
137887,LIVINGTRUST,2021-01-04,0.6,,,0.6,0,2026-04-08T03:35:26.376094+00:00
137992,LIVINGTRUST,2021-01-05,0.6,,,0.6,0,2026-04-08T03:35:29.033034+00:00
138097,LIVINGTRUST,2021-01-06,0.6,,,0.6,0,2026-04-08T03:35:31.424152+00:00
138202,LIVINGTRUST,2021-01-07,0.6,,,0.6,0,2026-04-08T03:35:34.042283+00:00
138307,LIVINGTRUST,2021-01-08,0.6,,,0.6,0,2026-04-08T03:35:36.489888+00:00
138412,LIVINGTRUST,2021-01-11,0.6,,,0.6,0,2026-04-08T03:35:41.134484+00:00
138517,LIVINGTRUST,2021-01-12,0.6,,,0.6,0,2026-04-08T03:35:43.444525+00:00
138622,LIVINGTRUST,2021-01-13,0.6,,,0.6,0,2026-04-08T03:35:45.752573+00:00
138727,LIVINGTRUST,2021-01-14,0.6,,,0.6,0,2026-04-08T03:35:48.266873+00:00
138832,LIVINGTRUST,2021-01-15,0.6,,,0.6,0,2026-04-08T03:35:50.536305+00:00
138937,LIVINGTRUST,2021-01-18,0.6,,,0.6,272000000,2026-04-08T03:35:55.012207+00:00
139042,LIVINGTRUST,2021-01-19,0.6,,,0.6,387750000,2026-04-08T03:35:57.346792+00:00
139147,LIVINGTRUST,2021-01-20,0.6,,,0.6,0,2026-04-08T03:35:59.785195+00:00
139252,LIVINGTRUST,2021-01-21,0.6,,,0.6,0,2026-04-08T03:36:02.057398+00:00
139357,LIVINGTRUST,2021-01-22,0.6,,,0.6,0,2026-04-08T03:36:04.490813+00:00
139462,LIVINGTRUST,2021-01-25,0.6,,,0.6,0,2026-04-08T03:36:09.142175+00:00
139567,LIVINGTRUST,2021-01-26,0.6,,,0.6,0,2026-04-08T03:36:11.477526+00:00
139672,LIVINGTRUST,2021-01-27,0.6,,,0.6,0,2026-04-08T03:36:13.916788+00:00
139777,LIVINGTRUST,2021-01-28,0.6,,,0.6,0,2026-04-08T03:36:16.269205+00:00
139882,LIVINGTRUST,2021-01-29,0.6,,,0.6,0,2026-04-08T03:36:18.603253+00:00
139987,LIVINGTRUST,2021-02-01,0.6,,,0.6,0,2026-04-08T03:36:23.094546+00:00
140092,LIVINGTRUST,2021-02-02,0.62,,,0.62,7001000,2026-04-08T03:36:25.523135+00:00
140197,LIVINGTRUST,2021-02-03,0.62,,,0.62,58000,2026-04-08T03:36:27.835035+00:00
140302,LIVINGTRUST,2021-02-04,0.62,,,0.62,26800,2026-04-08T03:36:30.225924+00:00
140407,LIVINGTRUST,2021-02-05,0.62,,,0.62,0,2026-04-08T03:36:32.587221+00:00
140512,LIVINGTRUST,2021-02-08,0.62,,,0.62,0,2026-04-08T03:36:37.052653+00:00
140617,LIVINGTRUST,2021-02-09,0.62,,,0.62,0,2026-04-08T03:36:39.468141+00:00
140722,LIVINGTRUST,2021-02-10,0.62,,,0.62,0,2026-04-08T03:36:41.836322+00:00
140827,LIVINGTRUST,2021-02-11,0.62,,,0.62,796453653,2026-04-08T03:36:44.255641+00:00
140932,LIVINGTRUST,2021-02-12,0.62,,,0.62,0,2026-04-08T03:36:46.553737+00:00
141037,LIVINGTRUST,2021-02-15,0.62,,,0.62,8657,2026-04-08T03:36:50.983127+00:00
141142,LIVINGTRUST,2021-02-16,0.62,,,0.62,872,2026-04-08T03:36:53.929967+00:00
141247,LIVINGTRUST,2021-02-17,0.68,,,0.68,490471,2026-04-08T03:36:56.762484+00:00
141352,LIVINGTRUST,2021-02-18,0.68,,,0.68,7725,2026-04-08T03:36:59.321693+00:00
141457,LIVINGTRUST,2021-02-19,0.68,,,0.68,6000,2026-04-08T03:37:01.817881+00:00
141562,LIVINGTRUST,2021-02-22,0.68,,,0.68,3525,2026-04-08T03:37:06.27808+00:00
141667,LIVINGTRUST,2021-02-23,0.68,,,0.68,1680,2026-04-08T03:37:08.890934+00:00
141772,LIVINGTRUST,2021-02-24,0.68,,,0.68,2437,2026-04-08T03:37:11.490979+00:00
141877,LIVINGTRUST,2021-02-25,0.68,,,0.68,500,2026-04-08T03:37:14.190372+00:00
141982,LIVINGTRUST,2021-02-26,0.68,,,0.68,20500,2026-04-08T03:37:16.661186+00:00
142087,LIVINGTRUST,2021-03-01,0.68,,,0.68,1476,2026-04-08T03:37:22.522205+00:00
142192,LIVINGTRUST,2021-03-02,0.68,,,0.68,0,2026-04-08T03:37:25.400973+00:00
142297,LIVINGTRUST,2021-03-03,0.68,,,0.68,0,2026-04-08T03:37:28.29584+00:00
142402,LIVINGTRUST,2021-03-04,0.68,,,0.68,0,2026-04-08T03:37:30.865183+00:00
142507,LIVINGTRUST,2021-03-05,0.68,,,0.68,20000,2026-04-08T03:37:35.032922+00:00
142612,LIVINGTRUST,2021-03-08,0.68,,,0.68,0,2026-04-08T03:37:40.957406+00:00
142717,LIVINGTRUST,2021-03-09,0.68,,,0.68,0,2026-04-08T03:37:43.478318+00:00
142822,LIVINGTRUST,2021-03-10,0.68,,,0.68,0,2026-04-08T03:37:46.075681+00:00
142927,LIVINGTRUST,2021-03-11,0.68,,,0.68,0,2026-04-08T03:37:49.142973+00:00
143032,LIVINGTRUST,2021-03-12,0.68,,,0.68,665,2026-04-08T03:37:51.827027+00:00
143137,LIVINGTRUST,2021-03-15,0.68,,,0.68,0,2026-04-08T03:37:56.632273+00:00
143242,LIVINGTRUST,2021-03-16,0.68,,,0.68,0,2026-04-08T03:37:59.157483+00:00
143347,LIVINGTRUST,2021-03-17,0.68,,,0.68,149000,2026-04-08T03:38:01.497417+00:00
143452,LIVINGTRUST,2021-03-18,0.68,,,0.68,0,2026-04-08T03:38:03.831621+00:00
143557,LIVINGTRUST,2021-03-19,0.68,,,0.68,0,2026-04-08T03:38:06.31825+00:00
143662,LIVINGTRUST,2021-03-22,0.68,,,0.68,0,2026-04-08T03:38:11.081229+00:00
143767,LIVINGTRUST,2021-03-23,0.68,,,0.68,0,2026-04-08T03:38:13.396015+00:00
143872,LIVINGTRUST,2021-03-24,0.68,,,0.68,200000,2026-04-08T03:38:15.81449+00:00
143977,LIVINGTRUST,2021-03-25,0.68,,,0.68,0,2026-04-08T03:38:18.283134+00:00
144082,LIVINGTRUST,2021-03-26,0.68,,,0.68,0,2026-04-08T03:38:20.746814+00:00
144187,LIVINGTRUST,2021-03-29,0.68,,,0.68,0,2026-04-08T03:38:25.159246+00:00
144292,LIVINGTRUST,2021-03-30,0.68,,,0.68,0,2026-04-08T03:38:27.475529+00:00
144397,LIVINGTRUST,2021-03-31,0.68,,,0.68,0,2026-04-08T03:38:29.710175+00:00
144502,LIVINGTRUST,2021-04-01,0.68,,,0.68,0,2026-04-08T03:38:32.086622+00:00
144607,LIVINGTRUST,2021-04-06,0.68,,,0.68,0,2026-04-08T03:38:38.336109+00:00
144712,LIVINGTRUST,2021-04-07,0.68,,,0.68,0,2026-04-08T03:38:40.597593+00:00
144817,LIVINGTRUST,2021-04-08,0.68,,,0.68,0,2026-04-08T03:38:43.050318+00:00
144922,LIVINGTRUST,2021-04-09,0.68,,,0.68,0,2026-04-08T03:38:45.381101+00:00
145027,LIVINGTRUST,2021-04-12,0.68,,,0.68,0,2026-04-08T03:38:49.634064+00:00
145132,LIVINGTRUST,2021-04-14,0.68,,,0.68,0,2026-04-08T03:38:53.291299+00:00
145237,LIVINGTRUST,2021-04-15,0.68,,,0.68,0,2026-04-08T03:38:55.647647+00:00
145342,LIVINGTRUST,2021-04-16,0.68,,,0.68,1000,2026-04-08T03:38:58.039758+00:00
145447,LIVINGTRUST,2021-04-19,0.68,,,0.68,0,2026-04-08T03:39:02.639407+00:00
145552,LIVINGTRUST,2021-04-20,0.68,,,0.68,0,2026-04-08T03:39:05.009889+00:00
145657,LIVINGTRUST,2021-04-21,0.68,,,0.68,0,2026-04-08T03:39:07.371999+00:00
145762,LIVINGTRUST,2021-04-22,0.68,,,0.68,0,2026-04-08T03:39:09.720023+00:00
145867,LIVINGTRUST,2021-04-26,0.68,,,0.68,0,2026-04-08T03:39:15.36746+00:00
145972,LIVINGTRUST,2021-04-27,0.68,,,0.68,5200,2026-04-08T03:39:17.695414+00:00
146077,LIVINGTRUST,2021-04-28,0.68,,,0.68,0,2026-04-08T03:39:20.620007+00:00
146182,LIVINGTRUST,2021-04-29,0.68,,,0.68,0,2026-04-08T03:39:22.905871+00:00
146287,LIVINGTRUST,2021-04-30,0.68,,,0.68,1000,2026-04-08T03:39:25.430976+00:00
146392,LIVINGTRUST,2021-05-04,0.68,,,0.68,0,2026-04-08T03:39:31.322792+00:00
146497,LIVINGTRUST,2021-05-05,0.68,,,0.68,20000,2026-04-08T03:39:33.759587+00:00
146602,LIVINGTRUST,2021-05-06,0.68,,,0.68,0,2026-04-08T03:39:36.246061+00:00
146707,LIVINGTRUST,2021-05-07,0.68,,,0.68,0,2026-04-08T03:39:38.47254+00:00
146812,LIVINGTRUST,2021-05-10,0.68,,,0.68,0,2026-04-08T03:39:42.886326+00:00
146917,LIVINGTRUST,2021-05-11,0.68,,,0.68,0,2026-04-08T03:39:45.288668+00:00
147022,LIVINGTRUST,2021-05-14,0.68,,,0.68,1100,2026-04-08T03:39:49.859206+00:00
147127,LIVINGTRUST,2021-05-17,0.68,,,0.68,0,2026-04-08T03:39:54.343913+00:00
147232,LIVINGTRUST,2021-05-18,0.68,,,0.68,0,2026-04-08T03:39:57.092526+00:00
147337,LIVINGTRUST,2021-05-19,0.68,,,0.68,0,2026-04-08T03:39:59.433321+00:00
147442,LIVINGTRUST,2021-05-20,0.68,,,0.68,0,2026-04-08T03:40:01.906518+00:00
147547,LIVINGTRUST,2021-05-21,0.68,,,0.68,0,2026-04-08T03:40:04.221824+00:00
147652,LIVINGTRUST,2021-05-24,0.67,,,0.67,0,2026-04-08T03:40:08.535937+00:00
147757,LIVINGTRUST,2021-05-25,0.67,,,0.67,0,2026-04-08T03:40:10.790359+00:00
147862,LIVINGTRUST,2021-05-26,0.67,,,0.67,0,2026-04-08T03:40:13.088105+00:00
147967,LIVINGTRUST,2021-05-27,0.67,,,0.67,0,2026-04-08T03:40:15.774564+00:00
148072,LIVINGTRUST,2021-05-28,0.67,,,0.67,0,2026-04-08T03:40:18.222614+00:00
148177,LIVINGTRUST,2021-05-31,0.67,,,0.67,0,2026-04-08T03:40:23.651574+00:00
148282,LIVINGTRUST,2021-06-01,0.67,,,0.67,0,2026-04-08T03:40:26.050454+00:00
148387,LIVINGTRUST,2021-06-02,0.67,,,0.67,0,2026-04-08T03:40:28.576306+00:00
148492,LIVINGTRUST,2021-06-03,0.67,,,0.67,0,2026-04-08T03:40:31.001459+00:00
148597,LIVINGTRUST,2021-06-04,0.67,,,0.67,0,2026-04-08T03:40:33.442796+00:00
148702,LIVINGTRUST,2021-06-07,0.67,,,0.67,0,2026-04-08T03:40:37.732645+00:00
148807,LIVINGTRUST,2021-06-08,0.67,,,0.67,0,2026-04-08T03:40:40.102423+00:00
148912,LIVINGTRUST,2021-06-09,0.67,,,0.67,0,2026-04-08T03:40:42.486352+00:00
149017,LIVINGTRUST,2021-06-10,0.67,,,0.67,0,2026-04-08T03:40:45.029393+00:00
149122,LIVINGTRUST,2021-06-11,0.67,,,0.67,0,2026-04-08T03:40:47.465669+00:00
149227,LIVINGTRUST,2021-06-15,0.67,,,0.67,0,2026-04-08T03:40:53.415974+00:00
149332,LIVINGTRUST,2021-06-16,0.67,,,0.67,0,2026-04-08T03:40:55.754681+00:00
149438,LIVINGTRUST,2021-06-17,0.67,,,0.67,0,2026-04-08T03:40:58.172345+00:00
149544,LIVINGTRUST,2021-06-18,0.67,,,0.67,0,2026-04-08T03:41:00.479054+00:00
149650,LIVINGTRUST,2021-06-21,0.67,,,0.67,0,2026-04-08T03:41:05.049703+00:00
149757,LIVINGTRUST,2021-06-22,0.67,,,0.67,0,2026-04-08T03:41:07.444448+00:00
149864,LIVINGTRUST,2021-06-23,0.67,,,0.67,0,2026-04-08T03:41:09.819069+00:00
149971,LIVINGTRUST,2021-06-24,0.67,,,0.67,0,2026-04-08T03:41:12.2583+00:00
150078,LIVINGTRUST,2021-06-25,0.67,,,0.67,0,2026-04-08T03:41:14.6351+00:00
150185,LIVINGTRUST,2021-06-28,0.67,,,0.67,0,2026-04-08T03:41:19.428749+00:00
150292,LIVINGTRUST,2021-06-29,0.67,,,0.67,0,2026-04-08T03:41:22.147646+00:00
150399,LIVINGTRUST,2021-06-30,0.67,,,0.67,0,2026-04-08T03:41:24.723581+00:00
150506,LIVINGTRUST,2021-07-01,0.67,,,0.67,0,2026-04-08T03:41:27.253573+00:00
150613,LIVINGTRUST,2021-07-02,0.67,,,0.67,0,2026-04-08T03:41:29.882533+00:00
150720,LIVINGTRUST,2021-07-05,0.67,,,0.67,0,2026-04-08T03:41:34.454391+00:00
150827,LIVINGTRUST,2021-07-06,0.67,,,0.67,0,2026-04-08T03:41:36.982623+00:00
150934,LIVINGTRUST,2021-07-07,0.67,,,0.67,0,2026-04-08T03:41:39.307643+00:00
151041,LIVINGTRUST,2021-07-08,0.67,,,0.67,0,2026-04-08T03:41:41.672436+00:00
151148,LIVINGTRUST,2021-07-09,0.67,,,0.67,0,2026-04-08T03:41:44.186247+00:00
151256,LIVINGTRUST,2021-07-12,0.67,,,0.67,0,2026-04-08T03:41:48.615121+00:00
151364,LIVINGTRUST,2021-07-13,0.67,,,0.67,0,2026-04-08T03:41:50.993586+00:00
151472,LIVINGTRUST,2021-07-14,0.67,,,0.67,0,2026-04-08T03:41:53.268+00:00
151580,LIVINGTRUST,2021-07-15,0.67,,,0.67,0,2026-04-08T03:41:55.50175+00:00
151688,LIVINGTRUST,2021-07-16,0.67,,,0.67,0,2026-04-08T03:41:57.978751+00:00
151796,LIVINGTRUST,2021-07-19,0.67,,,0.67,0,2026-04-08T03:42:02.439681+00:00
151904,LIVINGTRUST,2021-07-22,0.67,,,0.67,0,2026-04-08T03:42:06.938387+00:00
152012,LIVINGTRUST,2021-07-23,0.67,,,0.67,0,2026-04-08T03:42:09.224536+00:00
152120,LIVINGTRUST,2021-07-26,0.67,,,0.67,0,2026-04-08T03:42:13.888963+00:00
152228,LIVINGTRUST,2021-07-27,0.67,,,0.67,0,2026-04-08T03:42:16.300026+00:00
152336,LIVINGTRUST,2021-07-28,0.67,,,0.67,0,2026-04-08T03:42:18.733972+00:00
152444,LIVINGTRUST,2021-07-29,0.67,,,0.67,0,2026-04-08T03:42:21.196071+00:00
152552,LIVINGTRUST,2021-07-30,0.67,,,0.67,0,2026-04-08T03:42:23.780537+00:00
152660,LIVINGTRUST,2021-08-02,0.67,,,0.67,0,2026-04-08T03:42:28.457705+00:00
152768,LIVINGTRUST,2021-08-03,0.67,,,0.67,0,2026-04-08T03:42:31.094462+00:00
152876,LIVINGTRUST,2021-08-04,0.67,,,0.67,0,2026-04-08T03:42:33.531563+00:00
152984,LIVINGTRUST,2021-08-05,0.67,,,0.67,0,2026-04-08T03:42:35.917081+00:00
153092,LIVINGTRUST,2021-08-06,0.67,,,0.67,0,2026-04-08T03:42:38.23616+00:00
153200,LIVINGTRUST,2021-08-09,0.67,,,0.67,0,2026-04-08T03:42:42.878342+00:00
153308,LIVINGTRUST,2021-08-10,0.67,,,0.67,0,2026-04-08T03:42:45.264053+00:00
153416,LIVINGTRUST,2021-08-12,0.67,,,0.67,0,2026-04-08T03:42:48.762656+00:00
153524,LIVINGTRUST,2021-08-13,0.67,,,0.67,0,2026-04-08T03:42:51.120096+00:00
153632,LIVINGTRUST,2021-08-16,0.67,,,0.67,0,2026-04-08T03:42:55.556429+00:00
153740,LIVINGTRUST,2021-08-17,0.67,,,0.67,0,2026-04-08T03:42:57.870214+00:00
153848,LIVINGTRUST,2021-08-18,0.67,,,0.67,0,2026-04-08T03:43:00.318272+00:00
153956,LIVINGTRUST,2021-08-19,0.67,,,0.67,0,2026-04-08T03:43:02.743698+00:00
154064,LIVINGTRUST,2021-08-20,0.67,,,0.67,0,2026-04-08T03:43:05.111187+00:00
154172,LIVINGTRUST,2021-08-23,0.67,,,0.67,0,2026-04-08T03:43:09.725908+00:00
154280,LIVINGTRUST,2021-08-24,0.67,,,0.67,0,2026-04-08T03:43:12.031989+00:00
154388,LIVINGTRUST,2021-08-25,0.67,,,0.67,0,2026-04-08T03:43:14.375004+00:00
154496,LIVINGTRUST,2021-08-26,0.67,,,0.67,0,2026-04-08T03:43:16.860503+00:00
154604,LIVINGTRUST,2021-08-27,0.67,,,0.67,0,2026-04-08T03:43:19.247601+00:00
154712,LIVINGTRUST,2021-08-30,0.67,,,0.67,0,2026-04-08T03:43:23.756871+00:00
154820,LIVINGTRUST,2021-08-31,0.67,,,0.67,0,2026-04-08T03:43:26.203018+00:00
154928,LIVINGTRUST,2021-09-01,0.67,,,0.67,0,2026-04-08T03:43:28.430514+00:00
155036,LIVINGTRUST,2021-09-02,0.67,,,0.67,0,2026-04-08T03:43:30.63423+00:00
155144,LIVINGTRUST,2021-09-03,0.67,,,0.67,0,2026-04-08T03:43:33.173741+00:00
155252,LIVINGTRUST,2021-09-06,0.67,,,0.67,0,2026-04-08T03:43:37.566628+00:00
155360,LIVINGTRUST,2021-09-07,0.67,,,0.67,0,2026-04-08T03:43:39.870652+00:00
155468,LIVINGTRUST,2021-09-08,0.67,,,0.67,0,2026-04-08T03:43:42.125577+00:00
155576,LIVINGTRUST,2021-09-09,0.67,,,0.67,0,2026-04-08T03:43:44.739177+00:00
155684,LIVINGTRUST,2021-09-10,0.67,,,0.67,0,2026-04-08T03:43:47.339386+00:00
155792,LIVINGTRUST,2021-09-13,0.67,,,0.67,0,2026-04-08T03:43:51.822078+00:00
155900,LIVINGTRUST,2021-09-14,0.67,,,0.67,0,2026-04-08T03:43:54.260371+00:00
156008,LIVINGTRUST,2021-09-15,0.67,,,0.67,0,2026-04-08T03:43:56.896801+00:00
156116,LIVINGTRUST,2021-09-16,0.67,,,0.67,0,2026-04-08T03:43:59.227477+00:00
156224,LIVINGTRUST,2021-09-20,0.67,,,0.67,0,2026-04-08T03:44:04.993721+00:00
156332,LIVINGTRUST,2021-09-21,0.67,,,0.67,0,2026-04-08T03:44:07.727357+00:00
156440,LIVINGTRUST,2021-09-22,0.67,,,0.67,0,2026-04-08T03:44:10.239254+00:00
156548,LIVINGTRUST,2021-09-23,0.67,,,0.67,0,2026-04-08T03:44:12.661605+00:00
156656,LIVINGTRUST,2021-09-24,0.67,,,0.67,0,2026-04-08T03:44:15.34542+00:00
156764,LIVINGTRUST,2021-09-27,0.67,,,0.67,0,2026-04-08T03:44:19.850483+00:00
156872,LIVINGTRUST,2021-09-28,0.67,,,0.67,0,2026-04-08T03:44:22.678655+00:00
156980,LIVINGTRUST,2021-09-29,0.67,,,0.67,0,2026-04-08T03:44:25.133662+00:00
157088,LIVINGTRUST,2021-09-30,0.67,,,0.67,0,2026-04-08T03:44:27.471646+00:00
157196,LIVINGTRUST,2021-10-04,0.67,,,0.67,0,2026-04-08T03:44:32.876267+00:00
157304,LIVINGTRUST,2021-10-05,0.67,,,0.67,0,2026-04-08T03:44:35.445743+00:00
157412,LIVINGTRUST,2021-10-06,0.67,,,0.67,0,2026-04-08T03:44:37.876116+00:00
157520,LIVINGTRUST,2021-10-07,0.67,,,0.67,0,2026-04-08T03:44:40.206594+00:00
157628,LIVINGTRUST,2021-10-08,0.67,,,0.67,0,2026-04-08T03:44:42.63936+00:00
157736,LIVINGTRUST,2021-10-11,0.67,,,0.67,0,2026-04-08T03:44:47.21782+00:00
157844,LIVINGTRUST,2021-10-12,0.73,,,0.73,135000,2026-04-08T03:44:49.55017+00:00
157952,LIVINGTRUST,2021-10-13,0.73,,,0.73,27100,2026-04-08T03:44:52.157785+00:00
158060,LIVINGTRUST,2021-10-14,0.73,,,0.73,0,2026-04-08T03:44:54.53471+00:00
158168,LIVINGTRUST,2021-10-15,0.73,,,0.73,1000,2026-04-08T03:44:56.91657+00:00
158277,LIVINGTRUST,2021-10-18,0.73,,,0.73,0,2026-04-08T03:45:01.595863+00:00
158386,LIVINGTRUST,2021-10-20,0.73,,,0.73,2000000,2026-04-08T03:45:05.471144+00:00
158495,LIVINGTRUST,2021-10-21,0.73,,,0.73,5000,2026-04-08T03:45:08.008029+00:00
158702,LIVINGTRUST,2021-10-22,0.73,,,0.73,0,2026-04-08T03:45:10.474564+00:00
158811,LIVINGTRUST,2021-10-25,0.73,,,0.73,1500,2026-04-08T03:45:15.28358+00:00
158920,LIVINGTRUST,2021-10-26,0.73,,,0.73,102895,2026-04-08T03:45:17.74539+00:00
159029,LIVINGTRUST,2021-10-27,0.8,,,0.8,100000,2026-04-08T03:45:20.303823+00:00
159138,LIVINGTRUST,2021-10-28,0.8,,,0.8,0,2026-04-08T03:45:22.610226+00:00
159247,LIVINGTRUST,2021-10-29,0.8,,,0.8,0,2026-04-08T03:45:25.013779+00:00
159356,LIVINGTRUST,2021-11-01,0.8,,,0.8,0,2026-04-08T03:45:29.747778+00:00
159465,LIVINGTRUST,2021-11-02,0.8,,,0.8,0,2026-04-08T03:45:32.292585+00:00
159574,LIVINGTRUST,2021-11-03,0.8,,,0.8,0,2026-04-08T03:45:34.604091+00:00
159683,LIVINGTRUST,2021-11-04,0.8,,,0.8,0,2026-04-08T03:45:37.086301+00:00
159792,LIVINGTRUST,2021-11-05,0.8,,,0.8,0,2026-04-08T03:45:39.522081+00:00
159901,LIVINGTRUST,2021-11-08,0.8,,,0.8,0,2026-04-08T03:45:44.061968+00:00
160010,LIVINGTRUST,2021-11-10,0.8,,,0.8,0,2026-04-08T03:45:47.530577+00:00
160119,LIVINGTRUST,2021-11-11,0.8,,,0.8,0,2026-04-08T03:45:49.990111+00:00
160228,LIVINGTRUST,2021-11-12,0.8,,,0.8,0,2026-04-08T03:45:52.531373+00:00
160337,LIVINGTRUST,2021-11-15,0.8,,,0.8,0,2026-04-08T03:45:57.041913+00:00
160446,LIVINGTRUST,2021-11-17,0.8,,,0.8,0,2026-04-08T03:46:00.536124+00:00
160555,LIVINGTRUST,2021-11-18,0.8,,,0.8,78700,2026-04-08T03:46:03.012698+00:00
160664,LIVINGTRUST,2021-11-19,0.8,,,0.8,100000,2026-04-08T03:46:05.423699+00:00
160773,LIVINGTRUST,2021-11-22,0.8,,,0.8,0,2026-04-08T03:46:10.306395+00:00
160882,LIVINGTRUST,2021-11-23,0.8,,,0.8,0,2026-04-08T03:46:12.888041+00:00
160991,LIVINGTRUST,2021-11-24,0.88,,,0.88,600000,2026-04-08T03:46:15.261589+00:00
161100,LIVINGTRUST,2021-11-25,0.88,,,0.88,50,2026-04-08T03:46:17.544601+00:00
161209,LIVINGTRUST,2021-11-29,0.95,,,0.95,2369900,2026-04-08T03:46:23.244686+00:00
161318,LIVINGTRUST,2021-11-30,0.96,,,0.96,709000,2026-04-08T03:46:25.627389+00:00
161427,LIVINGTRUST,2021-12-01,0.96,,,0.96,15000,2026-04-08T03:46:28.190956+00:00
161536,LIVINGTRUST,2021-12-02,0.88,,,0.88,272351,2026-04-08T03:46:30.651544+00:00
161645,LIVINGTRUST,2021-12-03,0.88,,,0.88,120000,2026-04-08T03:46:33.124129+00:00
161754,LIVINGTRUST,2021-12-06,0.88,,,0.88,300,2026-04-08T03:46:37.622095+00:00
161863,LIVINGTRUST,2021-12-07,0.88,,,0.88,700,2026-04-08T03:46:39.947423+00:00
161972,LIVINGTRUST,2021-12-08,0.96,,,0.96,507249,2026-04-08T03:46:42.482337+00:00
162081,LIVINGTRUST,2021-12-09,0.96,,,0.96,100,2026-04-08T03:46:44.852467+00:00
162191,LIVINGTRUST,2021-12-10,0.96,,,0.96,0,2026-04-08T03:46:47.321476+00:00
162301,LIVINGTRUST,2021-12-13,0.96,,,0.96,0,2026-04-08T03:46:51.775824+00:00
162411,LIVINGTRUST,2021-12-14,0.96,,,0.96,0,2026-04-08T03:46:54.126877+00:00
162521,LIVINGTRUST,2021-12-15,0.96,,,0.96,0,2026-04-08T03:46:56.822916+00:00
162631,LIVINGTRUST,2021-12-16,0.96,,,0.96,0,2026-04-08T03:46:59.215115+00:00
162742,LIVINGTRUST,2021-12-17,0.96,,,0.96,0,2026-04-08T03:47:01.752329+00:00
162853,LIVINGTRUST,2021-12-20,0.96,,,0.96,0,2026-04-08T03:47:06.293287+00:00
162964,LIVINGTRUST,2021-12-21,0.96,,,0.96,24000,2026-04-08T03:47:08.729464+00:00
163075,LIVINGTRUST,2021-12-22,0.96,,,0.96,516500,2026-04-08T03:47:11.106283+00:00
163186,LIVINGTRUST,2021-12-23,0.96,,,0.96,0,2026-04-08T03:47:13.420215+00:00
163297,LIVINGTRUST,2021-12-24,0.96,,,0.96,0,2026-04-08T03:47:15.708642+00:00
163408,LIVINGTRUST,2021-12-29,0.96,,,0.96,0,2026-04-08T03:47:22.624079+00:00
163519,LIVINGTRUST,2021-12-30,0.96,,,0.96,0,2026-04-08T03:47:25.019388+00:00
163630,LIVINGTRUST,2021-12-31,1.04,,,1.04,105000,2026-04-08T03:47:27.803632+00:00
163741,LIVINGTRUST,2022-01-04,1.04,,,1.04,0,2026-04-08T03:47:33.190226+00:00
163853,LIVINGTRUST,2022-01-05,1.04,,,1.04,0,2026-04-08T03:47:35.481449+00:00
163965,LIVINGTRUST,2022-01-06,1.04,,,1.04,0,2026-04-08T03:47:38.067383+00:00
164077,LIVINGTRUST,2022-01-07,1.04,,,1.04,0,2026-04-08T03:47:40.483305+00:00
164189,LIVINGTRUST,2022-01-10,1.04,,,1.04,0,2026-04-08T03:47:45.097739+00:00
164301,LIVINGTRUST,2022-01-11,1.04,,,1.04,8100,2026-04-08T03:47:47.617941+00:00
164413,LIVINGTRUST,2022-01-12,1.04,,,1.04,0,2026-04-08T03:47:50.132225+00:00
164525,LIVINGTRUST,2022-01-13,1.04,,,1.04,4500,2026-04-08T03:47:52.673244+00:00
164637,LIVINGTRUST,2022-01-14,1.04,,,1.04,0,2026-04-08T03:47:55.308832+00:00
164749,LIVINGTRUST,2022-01-17,1.04,,,1.04,0,2026-04-08T03:47:59.999655+00:00
164861,LIVINGTRUST,2022-01-18,1.04,,,1.04,50000,2026-04-08T03:48:02.353596+00:00
164973,LIVINGTRUST,2022-01-19,1.04,,,1.04,50000,2026-04-08T03:48:04.820784+00:00
165085,LIVINGTRUST,2022-01-20,1.04,,,1.04,0,2026-04-08T03:48:07.325935+00:00
165197,LIVINGTRUST,2022-01-21,1.04,,,1.04,0,2026-04-08T03:48:09.696329+00:00
165309,LIVINGTRUST,2022-01-24,1.14,,,1.14,105000,2026-04-08T03:48:14.136661+00:00
165421,LIVINGTRUST,2022-01-25,1.14,,,1.14,0,2026-04-08T03:48:16.50614+00:00
165533,LIVINGTRUST,2022-01-26,1.14,,,1.14,475000,2026-04-08T03:48:19.024911+00:00
165645,LIVINGTRUST,2022-01-27,1.14,,,1.14,1000,2026-04-08T03:48:21.585909+00:00
165757,LIVINGTRUST,2022-01-28,1.14,,,1.14,0,2026-04-08T03:48:23.969021+00:00
165869,LIVINGTRUST,2022-01-31,1.14,,,1.14,0,2026-04-08T03:48:28.465348+00:00
165981,LIVINGTRUST,2022-02-01,1.14,,,1.14,0,2026-04-08T03:48:30.807911+00:00
166093,LIVINGTRUST,2022-02-02,1.14,,,1.14,100,2026-04-08T03:48:33.305516+00:00
166205,LIVINGTRUST,2022-02-03,1.14,,,1.14,0,2026-04-08T03:48:35.918914+00:00
166317,LIVINGTRUST,2022-02-04,1.24,,,1.24,2450400,2026-04-08T03:48:38.317721+00:00
166429,LIVINGTRUST,2022-02-07,1.24,,,1.24,415500,2026-04-08T03:48:42.904693+00:00
166541,LIVINGTRUST,2022-02-08,1.24,,,1.24,6506,2026-04-08T03:48:45.378139+00:00
166653,LIVINGTRUST,2022-02-09,1.24,,,1.24,1000,2026-04-08T03:48:48.035665+00:00
166765,LIVINGTRUST,2022-02-10,1.24,,,1.24,2000,2026-04-08T03:48:50.398564+00:00
166877,LIVINGTRUST,2022-02-11,1.24,,,1.24,1000,2026-04-08T03:48:52.774016+00:00
166989,LIVINGTRUST,2022-02-14,1.24,,,1.24,100,2026-04-08T03:48:57.293433+00:00
167101,LIVINGTRUST,2022-02-15,1.24,,,1.24,0,2026-04-08T03:48:59.662493+00:00
167213,LIVINGTRUST,2022-02-16,1.24,,,1.24,1800,2026-04-08T03:49:02.003783+00:00
167325,LIVINGTRUST,2022-02-17,1.24,,,1.24,0,2026-04-08T03:49:04.32656+00:00
167437,LIVINGTRUST,2022-02-18,1.24,,,1.24,132594,2026-04-08T03:49:06.711382+00:00
167549,LIVINGTRUST,2022-02-21,1.24,,,1.24,0,2026-04-08T03:49:10.978464+00:00
167661,LIVINGTRUST,2022-02-22,1.24,,,1.24,1000,2026-04-08T03:49:13.528869+00:00
167773,LIVINGTRUST,2022-02-23,1.24,,,1.24,0,2026-04-08T03:49:15.914345+00:00
167885,LIVINGTRUST,2022-02-24,1.24,,,1.24,0,2026-04-08T03:49:18.676795+00:00
167997,LIVINGTRUST,2022-02-25,1.24,,,1.24,0,2026-04-08T03:49:21.264729+00:00
168109,LIVINGTRUST,2022-02-28,1.24,,,1.24,1500,2026-04-08T03:49:25.620712+00:00
168221,LIVINGTRUST,2022-03-01,1.24,,,1.24,100,2026-04-08T03:49:28.049171+00:00
168333,LIVINGTRUST,2022-03-02,1.24,,,1.24,0,2026-04-08T03:49:30.283109+00:00
168445,LIVINGTRUST,2022-03-03,1.24,,,1.24,500,2026-04-08T03:49:32.551227+00:00
168557,LIVINGTRUST,2022-03-04,1.24,,,1.24,100,2026-04-08T03:49:34.968546+00:00
168669,LIVINGTRUST,2022-03-07,1.24,,,1.24,562,2026-04-08T03:49:39.227432+00:00
168781,LIVINGTRUST,2022-03-08,1.24,,,1.24,0,2026-04-08T03:49:41.475537+00:00
168893,LIVINGTRUST,2022-03-09,1.24,,,1.24,11510,2026-04-08T03:49:43.759827+00:00
169005,LIVINGTRUST,2022-03-10,1.24,,,1.24,0,2026-04-08T03:49:46.077826+00:00
169117,LIVINGTRUST,2022-03-11,1.24,,,1.24,0,2026-04-08T03:49:48.438529+00:00
169229,LIVINGTRUST,2022-03-14,1.24,,,1.24,0,2026-04-08T03:49:53.114563+00:00
169341,LIVINGTRUST,2022-03-15,1.24,,,1.24,0,2026-04-08T03:49:55.533531+00:00
169453,LIVINGTRUST,2022-03-16,1.24,,,1.24,0,2026-04-08T03:49:57.903122+00:00
169565,LIVINGTRUST,2022-03-17,1.24,,,1.24,0,2026-04-08T03:50:00.211329+00:00
169677,LIVINGTRUST,2022-03-18,1.24,,,1.24,0,2026-04-08T03:50:02.865266+00:00
169789,LIVINGTRUST,2022-03-21,1.24,,,1.24,0,2026-04-08T03:50:07.476142+00:00
169901,LIVINGTRUST,2022-03-24,1.24,,,1.24,0,2026-04-08T03:50:12.041871+00:00
170013,LIVINGTRUST,2022-03-25,1.24,,,1.24,0,2026-04-08T03:50:14.507747+00:00
170125,LIVINGTRUST,2022-03-28,1.24,,,1.24,0,2026-04-08T03:50:18.995306+00:00
170237,LIVINGTRUST,2022-03-29,1.24,,,1.24,0,2026-04-08T03:50:21.48252+00:00
170349,LIVINGTRUST,2022-03-31,1.24,,,1.24,0,2026-04-08T03:50:25.686443+00:00
170461,LIVINGTRUST,2022-04-01,1.24,,,1.24,0,2026-04-08T03:50:28.209626+00:00
170573,LIVINGTRUST,2022-04-04,1.24,,,1.24,0,2026-04-08T03:50:32.692631+00:00
170685,LIVINGTRUST,2022-04-05,1.24,,,1.24,10,2026-04-08T03:50:35.152392+00:00
170797,LIVINGTRUST,2022-04-06,1.24,,,1.24,0,2026-04-08T03:50:37.478667+00:00
170909,LIVINGTRUST,2022-04-07,1.24,,,1.24,0,2026-04-08T03:50:39.880974+00:00
171021,LIVINGTRUST,2022-04-08,1.24,,,1.24,0,2026-04-08T03:50:42.48638+00:00
171133,LIVINGTRUST,2022-04-11,1.24,,,1.24,0,2026-04-08T03:50:47.197044+00:00
171245,LIVINGTRUST,2022-04-12,1.24,,,1.24,0,2026-04-08T03:50:49.473284+00:00
171357,LIVINGTRUST,2022-04-13,1.24,,,1.24,0,2026-04-08T03:50:51.878986+00:00
171469,LIVINGTRUST,2022-04-14,1.24,,,1.24,0,2026-04-08T03:50:54.439705+00:00
171581,LIVINGTRUST,2022-04-19,1.24,,,1.24,3000000,2026-04-08T03:51:01.439974+00:00
171693,LIVINGTRUST,2022-04-20,1.24,,,1.24,3549000,2026-04-08T03:51:03.698116+00:00
171805,LIVINGTRUST,2022-04-21,1.24,,,1.24,7934,2026-04-08T03:51:06.083072+00:00
171917,LIVINGTRUST,2022-04-22,1.24,,,1.24,0,2026-04-08T03:51:08.393199+00:00
172029,LIVINGTRUST,2022-04-25,1.24,,,1.24,50,2026-04-08T03:51:12.880327+00:00
172141,LIVINGTRUST,2022-04-26,1.24,,,1.24,1224000,2026-04-08T03:51:15.284155+00:00
172253,LIVINGTRUST,2022-04-27,1.24,,,1.24,1000,2026-04-08T03:51:17.680395+00:00
172365,LIVINGTRUST,2022-04-28,1.24,,,1.24,254000,2026-04-08T03:51:20.413235+00:00
172477,LIVINGTRUST,2022-04-29,1.24,,,1.24,0,2026-04-08T03:51:22.882631+00:00
172589,LIVINGTRUST,2022-05-04,1.24,,,1.24,120,2026-04-08T03:51:29.674847+00:00
172701,LIVINGTRUST,2022-05-05,1.24,,,1.24,0,2026-04-08T03:51:32.050072+00:00
172814,LIVINGTRUST,2022-05-09,1.12,,,1.12,56750,2026-04-08T03:51:37.853933+00:00
172927,LIVINGTRUST,2022-05-10,1.12,,,1.12,0,2026-04-08T03:51:40.332012+00:00
173040,LIVINGTRUST,2022-05-11,1.2,,,1.2,214896,2026-04-08T03:51:42.74313+00:00
173153,LIVINGTRUST,2022-05-12,1.2,,,1.2,200500,2026-04-08T03:51:45.11326+00:00
173266,LIVINGTRUST,2022-05-13,1.2,,,1.2,418000,2026-04-08T03:51:47.585464+00:00
173379,LIVINGTRUST,2022-05-16,1.14,,,1.14,0,2026-04-08T03:51:52.042574+00:00
173492,LIVINGTRUST,2022-05-17,1.14,,,1.14,500,2026-04-08T03:51:54.492158+00:00
173605,LIVINGTRUST,2022-05-18,1.14,,,1.14,1100000,2026-04-08T03:51:57.297116+00:00
173718,LIVINGTRUST,2022-05-19,1.14,,,1.14,0,2026-04-08T03:51:59.624655+00:00
173831,LIVINGTRUST,2022-05-20,1.14,,,1.14,0,2026-04-08T03:52:02.40298+00:00
173944,LIVINGTRUST,2022-05-23,1.14,,,1.14,0,2026-04-08T03:52:07.648814+00:00
174057,LIVINGTRUST,2022-05-24,1.14,,,1.14,0,2026-04-08T03:52:10.277037+00:00
174170,LIVINGTRUST,2022-05-25,1.14,,,1.14,0,2026-04-08T03:52:13.066486+00:00
174283,LIVINGTRUST,2022-05-26,1.14,,,1.14,0,2026-04-08T03:52:15.508934+00:00
174396,LIVINGTRUST,2022-05-27,1.14,,,1.14,0,2026-04-08T03:52:18.156913+00:00
174509,LIVINGTRUST,2022-05-30,1.14,,,1.14,0,2026-04-08T03:52:22.656757+00:00
174622,LIVINGTRUST,2022-05-31,1.14,,,1.14,0,2026-04-08T03:52:25.114026+00:00
174735,LIVINGTRUST,2022-06-01,1.14,,,1.14,0,2026-04-08T03:52:27.834682+00:00
174848,LIVINGTRUST,2022-06-02,1.14,,,1.14,200,2026-04-08T03:52:30.493727+00:00
174961,LIVINGTRUST,2022-06-03,1.14,,,1.14,0,2026-04-08T03:52:33.10221+00:00
175074,LIVINGTRUST,2022-06-06,1.14,,,1.14,0,2026-04-08T03:52:37.969718+00:00
175187,LIVINGTRUST,2022-06-07,1.14,,,1.14,0,2026-04-08T03:52:40.734023+00:00
175300,LIVINGTRUST,2022-06-08,1.14,,,1.14,1000000,2026-04-08T03:52:43.634804+00:00
175413,LIVINGTRUST,2022-06-09,1.14,,,1.14,0,2026-04-08T03:52:46.431396+00:00
175526,LIVINGTRUST,2022-06-10,1.14,,,1.14,930000,2026-04-08T03:52:48.916453+00:00
175639,LIVINGTRUST,2022-06-14,1.14,,,1.14,0,2026-04-08T03:52:55.08065+00:00
175752,LIVINGTRUST,2022-06-15,1.14,,,1.14,0,2026-04-08T03:52:57.782204+00:00
175865,LIVINGTRUST,2022-06-16,1.14,,,1.14,0,2026-04-08T03:53:00.45527+00:00
175978,LIVINGTRUST,2022-06-17,1.2,,,1.2,1188108,2026-04-08T03:53:03.647185+00:00
176091,LIVINGTRUST,2022-06-20,1.2,,,1.2,3,2026-04-08T03:53:09.449588+00:00
176204,LIVINGTRUST,2022-06-21,1.2,,,1.2,820,2026-04-08T03:53:11.833027+00:00
176317,LIVINGTRUST,2022-06-22,1.2,,,1.2,40500,2026-04-08T03:53:14.63862+00:00
176430,LIVINGTRUST,2022-06-23,1.2,,,1.2,5000,2026-04-08T03:53:17.250825+00:00
176543,LIVINGTRUST,2022-06-24,1.2,,,1.2,0,2026-04-08T03:53:19.718295+00:00
176656,LIVINGTRUST,2022-06-27,1.2,,,1.2,64658149,2026-04-08T03:53:24.073012+00:00
176769,LIVINGTRUST,2022-06-28,1.2,,,1.2,100000000,2026-04-08T03:53:26.399159+00:00
176882,LIVINGTRUST,2022-06-29,1.2,,,1.2,0,2026-04-08T03:53:28.994117+00:00
176995,LIVINGTRUST,2022-06-30,1.2,,,1.2,0,2026-04-08T03:53:31.346855+00:00
177108,LIVINGTRUST,2022-07-01,1.2,,,1.2,0,2026-04-08T03:53:33.724657+00:00
177221,LIVINGTRUST,2022-07-04,1.2,,,1.2,0,2026-04-08T03:53:38.198731+00:00
177334,LIVINGTRUST,2022-07-06,1.2,,,1.2,0,2026-04-08T03:53:41.625349+00:00
177447,LIVINGTRUST,2022-07-07,1.2,,,1.2,55,2026-04-08T03:53:44.268487+00:00
177560,LIVINGTRUST,2022-07-13,1.2,,,1.2,0,2026-04-08T03:53:51.5999+00:00
177673,LIVINGTRUST,2022-07-14,1.2,,,1.2,3945,2026-04-08T03:53:54.010732+00:00
177786,LIVINGTRUST,2022-07-15,1.2,,,1.2,0,2026-04-08T03:53:56.616585+00:00
177899,LIVINGTRUST,2022-07-18,1.2,,,1.2,0,2026-04-08T03:54:01.214275+00:00
178012,LIVINGTRUST,2022-07-19,1.2,,,1.2,0,2026-04-08T03:54:03.665978+00:00
178125,LIVINGTRUST,2022-07-20,1.2,,,1.2,40909105,2026-04-08T03:54:06.203384+00:00
178238,LIVINGTRUST,2022-07-21,1.2,,,1.2,0,2026-04-08T03:54:08.685258+00:00
178351,LIVINGTRUST,2022-07-22,1.2,,,1.2,0,2026-04-08T03:54:11.171489+00:00
178464,LIVINGTRUST,2022-07-25,1.2,,,1.2,0,2026-04-08T03:54:15.900169+00:00
178577,LIVINGTRUST,2022-07-26,1.2,,,1.2,0,2026-04-08T03:54:18.382379+00:00
178690,LIVINGTRUST,2022-07-27,1.2,,,1.2,0,2026-04-08T03:54:20.730044+00:00
178803,LIVINGTRUST,2022-07-28,1.2,,,1.2,0,2026-04-08T03:54:23.385493+00:00
178916,LIVINGTRUST,2022-07-29,1.2,,,1.2,50001000,2026-04-08T03:54:25.692024+00:00
179029,LIVINGTRUST,2022-08-01,1.3,,,1.3,597000,2026-04-08T03:54:30.144665+00:00
179142,LIVINGTRUST,2022-08-02,1.3,,,1.3,167000,2026-04-08T03:54:32.509592+00:00
179255,LIVINGTRUST,2022-08-03,1.32,,,1.32,3606000,2026-04-08T03:54:34.924873+00:00
179368,LIVINGTRUST,2022-08-04,1.32,,,1.32,0,2026-04-08T03:54:37.32089+00:00
179481,LIVINGTRUST,2022-08-05,1.4,,,1.4,875100,2026-04-08T03:54:40.805957+00:00
179594,LIVINGTRUST,2022-08-08,1.4,,,1.4,67700,2026-04-08T03:54:45.81173+00:00
179707,LIVINGTRUST,2022-08-09,1.4,,,1.4,9842,2026-04-08T03:54:48.637408+00:00
179820,LIVINGTRUST,2022-08-10,1.4,,,1.4,0,2026-04-08T03:54:51.561754+00:00
179933,LIVINGTRUST,2022-08-11,1.43,,,1.43,853000,2026-04-08T03:54:54.196076+00:00
180046,LIVINGTRUST,2022-08-12,1.43,,,1.43,351300,2026-04-08T03:54:57.115593+00:00
180159,LIVINGTRUST,2022-08-15,1.43,,,1.43,38100,2026-04-08T03:55:01.874457+00:00
180272,LIVINGTRUST,2022-08-16,1.43,,,1.43,1044600,2026-04-08T03:55:04.540652+00:00
180385,LIVINGTRUST,2022-08-17,1.43,,,1.43,31603,2026-04-08T03:55:07.214991+00:00
180498,LIVINGTRUST,2022-08-18,1.43,,,1.43,0,2026-04-08T03:55:09.916723+00:00
180611,LIVINGTRUST,2022-08-19,1.43,,,1.43,373000,2026-04-08T03:55:12.400686+00:00
180724,LIVINGTRUST,2022-08-22,1.43,,,1.43,0,2026-04-08T03:55:17.568382+00:00
180837,LIVINGTRUST,2022-08-23,1.43,,,1.43,2500,2026-04-08T03:55:19.990422+00:00
180950,LIVINGTRUST,2022-08-24,1.43,,,1.43,201200,2026-04-08T03:55:23.644905+00:00
181063,LIVINGTRUST,2022-08-25,1.43,,,1.43,31300,2026-04-08T03:55:26.062264+00:00
181176,LIVINGTRUST,2022-08-26,1.43,,,1.43,12300,2026-04-08T03:55:28.378019+00:00
181289,LIVINGTRUST,2022-08-29,1.43,,,1.43,0,2026-04-08T03:55:33.185942+00:00
181402,LIVINGTRUST,2022-08-30,1.43,,,1.43,10000,2026-04-08T03:55:35.909469+00:00
181515,LIVINGTRUST,2022-08-31,1.43,,,1.43,0,2026-04-08T03:55:38.363566+00:00
181628,LIVINGTRUST,2022-09-01,1.43,,,1.43,97000,2026-04-08T03:55:40.868139+00:00
181741,LIVINGTRUST,2022-09-02,1.43,,,1.43,0,2026-04-08T03:55:43.232165+00:00
181854,LIVINGTRUST,2022-09-05,1.43,,,1.43,0,2026-04-08T03:55:48.110555+00:00
181967,LIVINGTRUST,2022-09-06,1.43,,,1.43,0,2026-04-08T03:55:50.526892+00:00
182080,LIVINGTRUST,2022-09-07,1.43,,,1.43,0,2026-04-08T03:55:53.051287+00:00
182193,LIVINGTRUST,2022-09-08,1.43,,,1.43,0,2026-04-08T03:55:55.74031+00:00
182306,LIVINGTRUST,2022-09-09,1.43,,,1.43,0,2026-04-08T03:55:58.848563+00:00
182419,LIVINGTRUST,2022-09-12,1.43,,,1.43,0,2026-04-08T03:56:03.370953+00:00
182532,LIVINGTRUST,2022-09-13,1.43,,,1.43,81000,2026-04-08T03:56:05.83654+00:00
182645,LIVINGTRUST,2022-09-14,1.43,,,1.43,0,2026-04-08T03:56:08.091672+00:00
182758,LIVINGTRUST,2022-09-16,1.43,,,1.43,0,2026-04-08T03:56:11.4683+00:00
182871,LIVINGTRUST,2022-09-19,1.43,,,1.43,6200,2026-04-08T03:56:15.923342+00:00
182984,LIVINGTRUST,2022-09-20,1.43,,,1.43,0,2026-04-08T03:56:18.184056+00:00
183097,LIVINGTRUST,2022-09-21,1.43,,,1.43,0,2026-04-08T03:56:20.42724+00:00
183210,LIVINGTRUST,2022-09-22,1.43,,,1.43,0,2026-04-08T03:56:22.767495+00:00
183323,LIVINGTRUST,2022-09-23,1.43,,,1.43,0,2026-04-08T03:56:25.066978+00:00
183436,LIVINGTRUST,2022-09-26,1.43,,,1.43,0,2026-04-08T03:56:29.379703+00:00
183549,LIVINGTRUST,2022-09-28,1.43,,,1.43,0,2026-04-08T03:56:32.717753+00:00
183662,LIVINGTRUST,2022-09-29,1.43,,,1.43,0,2026-04-08T03:56:35.489047+00:00
183775,LIVINGTRUST,2022-09-30,1.43,,,1.43,0,2026-04-08T03:56:37.947618+00:00
183889,LIVINGTRUST,2022-10-05,1.43,,,1.43,0,2026-04-08T03:56:44.538147+00:00
184003,LIVINGTRUST,2022-10-06,1.43,,,1.43,5,2026-04-08T03:56:46.932693+00:00
184117,LIVINGTRUST,2022-10-07,1.43,,,1.43,0,2026-04-08T03:56:49.334037+00:00
184231,LIVINGTRUST,2022-10-11,1.43,,,1.43,0,2026-04-08T03:56:55.029281+00:00
184345,LIVINGTRUST,2022-10-12,1.43,,,1.43,0,2026-04-08T03:56:58.300033+00:00
184459,LIVINGTRUST,2022-10-13,1.43,,,1.43,0,2026-04-08T03:57:00.825788+00:00
184573,LIVINGTRUST,2022-10-14,1.43,,,1.43,0,2026-04-08T03:57:03.298348+00:00
184687,LIVINGTRUST,2022-10-17,1.43,,,1.43,0,2026-04-08T03:57:07.885609+00:00
184801,LIVINGTRUST,2022-10-18,1.43,,,1.43,0,2026-04-08T03:57:10.303346+00:00
184915,LIVINGTRUST,2022-10-19,1.43,,,1.43,0,2026-04-08T03:57:12.819589+00:00
185029,LIVINGTRUST,2022-10-20,1.43,,,1.43,0,2026-04-08T03:57:15.111185+00:00
185143,LIVINGTRUST,2022-10-21,1.43,,,1.43,510000,2026-04-08T03:57:17.499968+00:00
185257,LIVINGTRUST,2022-10-24,1.43,,,1.43,0,2026-04-08T03:57:21.686266+00:00
185371,LIVINGTRUST,2022-10-26,1.43,,,1.43,1122000,2026-04-08T03:57:24.913682+00:00
185485,LIVINGTRUST,2022-10-27,1.43,,,1.43,500,2026-04-08T03:57:27.260544+00:00
185599,LIVINGTRUST,2022-10-28,1.43,,,1.43,0,2026-04-08T03:57:29.835926+00:00
185713,LIVINGTRUST,2022-10-31,1.43,,,1.43,0,2026-04-08T03:57:34.21591+00:00
185827,LIVINGTRUST,2022-11-01,1.43,,,1.43,0,2026-04-08T03:57:36.609373+00:00
185941,LIVINGTRUST,2022-11-02,1.43,,,1.43,500,2026-04-08T03:57:39.066556+00:00
186055,LIVINGTRUST,2022-11-03,1.43,,,1.43,0,2026-04-08T03:57:41.442199+00:00
186169,LIVINGTRUST,2022-11-04,1.43,,,1.43,0,2026-04-08T03:57:43.70904+00:00
186283,LIVINGTRUST,2022-11-08,1.43,,,1.43,0,2026-04-08T03:57:49.123122+00:00
186397,LIVINGTRUST,2022-11-09,1.43,,,1.43,0,2026-04-08T03:57:51.464602+00:00
186511,LIVINGTRUST,2022-11-10,1.43,,,1.43,12717,2026-04-08T03:57:54.291842+00:00
186625,LIVINGTRUST,2022-11-11,1.43,,,1.43,0,2026-04-08T03:57:56.704911+00:00
186739,LIVINGTRUST,2022-11-14,1.43,,,1.43,0,2026-04-08T03:58:01.331373+00:00
186853,LIVINGTRUST,2022-11-15,1.43,,,1.43,20265,2026-04-08T03:58:03.6444+00:00
186967,LIVINGTRUST,2022-11-16,1.43,,,1.43,0,2026-04-08T03:58:06.118311+00:00
187081,LIVINGTRUST,2022-11-17,1.43,,,1.43,2019735,2026-04-08T03:58:08.47049+00:00
187195,LIVINGTRUST,2022-11-18,1.43,,,1.43,2000010,2026-04-08T03:58:10.955275+00:00
187309,LIVINGTRUST,2022-11-21,1.43,,,1.43,0,2026-04-08T03:58:15.672507+00:00
187423,LIVINGTRUST,2022-11-22,1.43,,,1.43,0,2026-04-08T03:58:18.170118+00:00
187537,LIVINGTRUST,2022-11-24,1.43,,,1.43,2560,2026-04-08T03:58:21.692503+00:00
187651,LIVINGTRUST,2022-11-25,1.43,,,1.43,200,2026-04-08T03:58:24.033539+00:00
187765,LIVINGTRUST,2022-11-28,1.43,,,1.43,0,2026-04-08T03:58:28.532723+00:00
187879,LIVINGTRUST,2022-11-29,1.43,,,1.43,0,2026-04-08T03:58:30.983113+00:00
187993,LIVINGTRUST,2022-11-30,1.43,,,1.43,0,2026-04-08T03:58:33.448849+00:00
188107,LIVINGTRUST,2022-12-01,1.43,,,1.43,0,2026-04-08T03:58:35.664261+00:00
188221,LIVINGTRUST,2022-12-02,1.43,,,1.43,0,2026-04-08T03:58:37.897027+00:00
188335,LIVINGTRUST,2022-12-05,1.43,,,1.43,0,2026-04-08T03:58:42.456795+00:00
188449,LIVINGTRUST,2022-12-06,1.43,,,1.43,0,2026-04-08T03:58:44.756119+00:00
188563,LIVINGTRUST,2022-12-07,1.43,,,1.43,0,2026-04-08T03:58:47.196669+00:00
188677,LIVINGTRUST,2022-12-08,1.43,,,1.43,0,2026-04-08T03:58:49.52806+00:00
188791,LIVINGTRUST,2022-12-09,1.43,,,1.43,0,2026-04-08T03:58:51.902427+00:00
188905,LIVINGTRUST,2022-12-12,1.43,,,1.43,0,2026-04-08T03:58:56.156124+00:00
189019,LIVINGTRUST,2022-12-13,1.43,,,1.43,0,2026-04-08T03:58:58.485404+00:00
189133,LIVINGTRUST,2022-12-14,1.43,,,1.43,0,2026-04-08T03:59:00.851945+00:00
189247,LIVINGTRUST,2022-12-15,1.43,,,1.43,0,2026-04-08T03:59:03.086647+00:00
189361,LIVINGTRUST,2022-12-16,1.43,,,1.43,0,2026-04-08T03:59:05.5442+00:00
189475,LIVINGTRUST,2022-12-19,1.5,,,1.5,210800,2026-04-08T03:59:09.806719+00:00
189589,LIVINGTRUST,2022-12-20,1.5,,,1.5,0,2026-04-08T03:59:12.630732+00:00
189703,LIVINGTRUST,2022-12-21,1.5,,,1.5,0,2026-04-08T03:59:14.990319+00:00
189817,LIVINGTRUST,2022-12-22,1.5,,,1.5,0,2026-04-08T03:59:17.229229+00:00
189931,LIVINGTRUST,2022-12-23,1.5,,,1.5,0,2026-04-08T03:59:19.674012+00:00
190045,LIVINGTRUST,2022-12-28,1.5,,,1.5,69800,2026-04-08T03:59:26.406492+00:00
190159,LIVINGTRUST,2022-12-30,1.6,,,1.6,0,2026-04-08T03:59:29.796579+00:00
190273,LIVINGTRUST,2023-01-04,1.76,,,1.76,364305,2026-04-08T03:59:36.276207+00:00
190387,LIVINGTRUST,2023-01-05,1.76,,,1.76,72300,2026-04-08T03:59:38.771807+00:00
190501,LIVINGTRUST,2023-01-06,1.76,,,1.76,7174,2026-04-08T03:59:41.229635+00:00
190615,LIVINGTRUST,2023-01-09,1.76,,,1.76,2415,2026-04-08T03:59:45.608271+00:00
190729,LIVINGTRUST,2023-01-10,1.76,,,1.76,35189,2026-04-08T03:59:47.862187+00:00
190843,LIVINGTRUST,2023-01-11,1.76,,,1.76,87,2026-04-08T03:59:50.211712+00:00
190957,LIVINGTRUST,2023-01-12,1.76,,,1.76,2200,2026-04-08T03:59:52.676239+00:00
191071,LIVINGTRUST,2023-01-13,1.76,,,1.76,290113,2026-04-08T03:59:55.073566+00:00
191185,LIVINGTRUST,2023-01-17,1.76,,,1.76,121800,2026-04-08T04:00:00.52991+00:00
191299,LIVINGTRUST,2023-01-18,1.76,,,1.76,800,2026-04-08T04:00:02.930508+00:00
191413,LIVINGTRUST,2023-01-19,1.76,,,1.76,0,2026-04-08T04:00:05.157464+00:00
191527,LIVINGTRUST,2023-01-20,1.76,,,1.76,900,2026-04-08T04:00:07.441529+00:00
191641,LIVINGTRUST,2023-01-23,1.76,,,1.76,114,2026-04-08T04:00:11.934625+00:00
191755,LIVINGTRUST,2023-01-24,1.76,,,1.76,0,2026-04-08T04:00:14.448563+00:00
191869,LIVINGTRUST,2023-01-25,1.8,,,1.8,753025,2026-04-08T04:00:16.660222+00:00
191983,LIVINGTRUST,2023-01-26,1.8,,,1.8,0,2026-04-08T04:00:19.02129+00:00
192097,LIVINGTRUST,2023-01-27,1.8,,,1.8,0,2026-04-08T04:00:21.366865+00:00
192211,LIVINGTRUST,2023-01-30,1.8,,,1.8,0,2026-04-08T04:00:26.318741+00:00
192325,LIVINGTRUST,2023-01-31,1.98,,,1.98,837761,2026-04-08T04:00:28.560212+00:00
192439,LIVINGTRUST,2023-02-06,1.98,,,1.98,0,2026-04-08T04:00:36.14931+00:00
192553,LIVINGTRUST,2023-02-07,1.98,,,1.98,1,2026-04-08T04:00:38.379875+00:00
192667,LIVINGTRUST,2023-02-08,1.98,,,1.98,0,2026-04-08T04:00:40.736361+00:00
192781,LIVINGTRUST,2023-02-09,1.98,,,1.98,0,2026-04-08T04:00:43.03687+00:00
192895,LIVINGTRUST,2023-02-10,1.98,,,1.98,0,2026-04-08T04:00:46.517744+00:00
193009,LIVINGTRUST,2023-02-13,1.98,,,1.98,0,2026-04-08T04:00:50.958429+00:00
193123,LIVINGTRUST,2023-02-14,1.98,,,1.98,0,2026-04-08T04:00:53.400398+00:00
193237,LIVINGTRUST,2023-02-15,2.03,,,2.03,525010,2026-04-08T04:00:55.645789+00:00
193351,LIVINGTRUST,2023-02-16,2.17,,,2.17,1492205,2026-04-08T04:00:58.043326+00:00
193465,LIVINGTRUST,2023-02-17,2.3,,,2.3,1764405,2026-04-08T04:01:00.355798+00:00
193579,LIVINGTRUST,2023-02-20,2.52,,,2.52,6270100,2026-04-08T04:01:04.633293+00:00
193693,LIVINGTRUST,2023-02-21,2.65,,,2.65,2492806,2026-04-08T04:01:06.910783+00:00
193807,LIVINGTRUST,2023-02-22,2.85,,,2.85,5769308,2026-04-08T04:01:09.421576+00:00
193921,LIVINGTRUST,2023-02-23,3.0,,,3.0,4651000,2026-04-08T04:01:11.765387+00:00
194035,LIVINGTRUST,2023-02-24,2.7,,,2.7,6187942,2026-04-08T04:01:14.12415+00:00
194149,LIVINGTRUST,2023-02-27,2.79,,,2.79,835801,2026-04-08T04:01:18.463572+00:00
194263,LIVINGTRUST,2023-02-28,2.79,,,2.79,195573,2026-04-08T04:01:20.671303+00:00
194377,LIVINGTRUST,2023-03-01,2.85,,,2.85,120000,2026-04-08T04:01:23.068989+00:00
194491,LIVINGTRUST,2023-03-02,2.85,,,2.85,10120,2026-04-08T04:01:25.352172+00:00
194605,LIVINGTRUST,2023-03-03,2.85,,,2.85,0,2026-04-08T04:01:27.716711+00:00
194719,LIVINGTRUST,2023-03-06,2.85,,,2.85,0,2026-04-08T04:01:32.392486+00:00
194833,LIVINGTRUST,2023-03-07,2.85,,,2.85,120000,2026-04-08T04:01:34.845095+00:00
194947,LIVINGTRUST,2023-03-08,2.85,,,2.85,195000,2026-04-08T04:01:37.261757+00:00
195061,LIVINGTRUST,2023-03-09,2.97,,,2.97,409633,2026-04-08T04:01:39.987396+00:00
195175,LIVINGTRUST,2023-03-13,2.97,,,2.97,0,2026-04-08T04:01:45.627511+00:00
195289,LIVINGTRUST,2023-03-14,2.97,,,2.97,0,2026-04-08T04:01:48.257383+00:00
195403,LIVINGTRUST,2023-03-15,2.97,,,2.97,0,2026-04-08T04:01:50.627346+00:00
195517,LIVINGTRUST,2023-03-16,3.07,,,3.07,100615,2026-04-08T04:01:53.062383+00:00
195631,LIVINGTRUST,2023-03-17,3.07,,,3.07,260000,2026-04-08T04:01:55.701252+00:00
195745,LIVINGTRUST,2023-03-20,3.07,,,3.07,42853,2026-04-08T04:01:59.933448+00:00
195859,LIVINGTRUST,2023-03-22,3.07,,,3.07,175570,2026-04-08T04:02:03.467012+00:00
195973,LIVINGTRUST,2023-03-23,3.07,,,3.07,56000,2026-04-08T04:02:05.929911+00:00
196087,LIVINGTRUST,2023-03-24,3.07,,,3.07,99460,2026-04-08T04:02:08.248632+00:00
196201,LIVINGTRUST,2023-03-27,3.07,,,3.07,255,2026-04-08T04:02:12.564733+00:00
196315,LIVINGTRUST,2023-03-28,3.07,,,3.07,6000,2026-04-08T04:02:14.764209+00:00
196429,LIVINGTRUST,2023-03-29,3.07,,,3.07,0,2026-04-08T04:02:17.140393+00:00
196543,LIVINGTRUST,2023-03-30,3.05,,,3.05,254768807,2026-04-08T04:02:19.470716+00:00
196657,LIVINGTRUST,2023-03-31,2.98,,,2.98,14799419,2026-04-08T04:02:21.739047+00:00
196771,LIVINGTRUST,2023-04-03,2.98,,,2.98,37349,2026-04-08T04:02:26.060346+00:00
196885,LIVINGTRUST,2023-04-04,2.98,,,2.98,502,2026-04-08T04:02:28.444728+00:00
196999,LIVINGTRUST,2023-04-05,2.98,,,2.98,2670,2026-04-08T04:02:30.864627+00:00
197113,LIVINGTRUST,2023-04-06,2.98,,,2.98,20,2026-04-08T04:02:33.239626+00:00
197227,LIVINGTRUST,2023-04-11,2.98,,,2.98,0,2026-04-08T04:02:39.320239+00:00
197341,LIVINGTRUST,2023-04-12,2.98,,,2.98,0,2026-04-08T04:02:41.643197+00:00
197455,LIVINGTRUST,2023-04-13,2.98,,,2.98,0,2026-04-08T04:02:44.360634+00:00
197569,LIVINGTRUST,2023-04-14,2.98,,,2.98,0,2026-04-08T04:02:47.093001+00:00
197683,LIVINGTRUST,2023-04-17,2.98,,,2.98,733672,2026-04-08T04:02:52.113012+00:00
197797,LIVINGTRUST,2023-04-18,2.98,,,2.98,69973909,2026-04-08T04:02:54.97501+00:00
197911,LIVINGTRUST,2023-04-19,2.98,,,2.98,940391,2026-04-08T04:02:57.648371+00:00
198025,LIVINGTRUST,2023-04-20,2.98,,,2.98,6500,2026-04-08T04:03:00.087899+00:00
198139,LIVINGTRUST,2023-04-25,2.98,,,2.98,2700,2026-04-08T04:03:06.320111+00:00
198253,LIVINGTRUST,2023-04-26,2.98,,,2.98,0,2026-04-08T04:03:08.704488+00:00
198367,LIVINGTRUST,2023-04-27,2.98,,,2.98,0,2026-04-08T04:03:11.176222+00:00
198481,LIVINGTRUST,2023-04-28,2.98,,,2.98,1020,2026-04-08T04:03:13.757457+00:00
198595,LIVINGTRUST,2023-05-03,2.98,,,2.98,44500,2026-04-08T04:03:20.258962+00:00
198709,LIVINGTRUST,2023-05-04,2.98,,,2.98,114,2026-04-08T04:03:22.719511+00:00
198823,LIVINGTRUST,2023-05-08,2.69,,,2.69,0,2026-04-08T04:03:29.045349+00:00
198937,LIVINGTRUST,2023-05-09,2.69,,,2.69,25000,2026-04-08T04:03:32.620003+00:00
199051,LIVINGTRUST,2023-05-12,2.69,,,2.69,50416,2026-04-08T04:03:37.286216+00:00
199165,LIVINGTRUST,2023-05-15,2.69,,,2.69,100,2026-04-08T04:03:41.825544+00:00
199279,LIVINGTRUST,2023-05-16,2.69,,,2.69,20,2026-04-08T04:03:44.244464+00:00
199393,LIVINGTRUST,2023-05-17,2.69,,,2.69,0,2026-04-08T04:03:46.492518+00:00
199507,LIVINGTRUST,2023-05-18,2.69,,,2.69,63576,2026-04-08T04:03:48.752249+00:00
199621,LIVINGTRUST,2023-05-19,2.69,,,2.69,79458,2026-04-08T04:03:51.139215+00:00
199735,LIVINGTRUST,2023-05-22,2.69,,,2.69,2000,2026-04-08T04:03:55.484935+00:00
199849,LIVINGTRUST,2023-05-23,2.69,,,2.69,0,2026-04-08T04:03:57.886867+00:00
199963,LIVINGTRUST,2023-05-24,2.69,,,2.69,0,2026-04-08T04:04:00.334047+00:00
200077,LIVINGTRUST,2023-05-25,2.69,,,2.69,601923,2026-04-08T04:04:02.79018+00:00
200191,LIVINGTRUST,2023-05-26,2.69,,,2.69,163563,2026-04-08T04:04:05.139052+00:00
200305,LIVINGTRUST,2023-05-30,2.69,,,2.69,0,2026-04-08T04:04:11.011702+00:00
200419,LIVINGTRUST,2023-06-01,2.69,,,2.69,245027,2026-04-08T04:04:14.390605+00:00
200533,LIVINGTRUST,2023-06-02,2.69,,,2.69,775082,2026-04-08T04:04:16.732653+00:00
200647,LIVINGTRUST,2023-06-05,2.69,,,2.69,35100,2026-04-08T04:04:21.343031+00:00
200761,LIVINGTRUST,2023-06-06,2.69,,,2.69,0,2026-04-08T04:04:23.98223+00:00
200875,LIVINGTRUST,2023-06-07,2.69,,,2.69,0,2026-04-08T04:04:26.507718+00:00
200989,LIVINGTRUST,2023-06-08,2.69,,,2.69,0,2026-04-08T04:04:29.08401+00:00
201103,LIVINGTRUST,2023-06-09,2.69,,,2.69,0,2026-04-08T04:04:31.44664+00:00
201217,LIVINGTRUST,2023-06-13,2.69,,,2.69,983,2026-04-08T04:04:36.862505+00:00
201331,LIVINGTRUST,2023-06-14,2.69,,,2.69,0,2026-04-08T04:04:39.320552+00:00
201445,LIVINGTRUST,2023-06-15,2.69,,,2.69,23113365,2026-04-08T04:04:41.673534+00:00
201559,LIVINGTRUST,2023-06-16,2.69,,,2.69,103433185,2026-04-08T04:04:44.052846+00:00
201673,LIVINGTRUST,2023-06-19,2.69,,,2.69,138133,2026-04-08T04:04:48.541112+00:00
201787,LIVINGTRUST,2023-06-20,2.69,,,2.69,766589,2026-04-08T04:04:51.378552+00:00
201901,LIVINGTRUST,2023-06-21,2.69,,,2.69,16150,2026-04-08T04:04:53.764277+00:00
202015,LIVINGTRUST,2023-06-22,2.69,,,2.69,25,2026-04-08T04:04:56.145117+00:00
202129,LIVINGTRUST,2023-06-26,2.69,,,2.69,4864,2026-04-08T04:05:01.671465+00:00
202243,LIVINGTRUST,2023-06-30,2.75,,,2.75,90359,2026-04-08T04:05:07.377697+00:00
202357,LIVINGTRUST,2023-07-03,2.75,,,2.75,301,2026-04-08T04:05:11.758079+00:00
202471,LIVINGTRUST,2023-07-04,2.75,,,2.75,52,2026-04-08T04:05:14.17436+00:00
202585,LIVINGTRUST,2023-07-05,2.75,,,2.75,530,2026-04-08T04:05:16.577423+00:00
202699,LIVINGTRUST,2023-07-06,2.75,,,2.75,130,2026-04-08T04:05:19.075393+00:00
202813,LIVINGTRUST,2023-07-07,2.74,,,2.74,2750,2026-04-08T04:05:21.415756+00:00
202927,LIVINGTRUST,2023-07-10,2.74,,,2.74,3500,2026-04-08T04:05:26.355595+00:00
203041,LIVINGTRUST,2023-07-11,2.74,,,2.74,1085,2026-04-08T04:05:28.903538+00:00
203155,LIVINGTRUST,2023-07-12,2.74,,,2.74,200,2026-04-08T04:05:31.299012+00:00
203269,LIVINGTRUST,2023-07-14,2.47,,,2.47,10,2026-04-08T04:05:34.698751+00:00
203383,LIVINGTRUST,2023-07-17,2.47,,,2.47,0,2026-04-08T04:05:39.139368+00:00
203497,LIVINGTRUST,2023-07-19,2.47,,,2.47,500,2026-04-08T04:05:42.577032+00:00
203611,LIVINGTRUST,2023-07-20,2.47,,,2.47,210,2026-04-08T04:05:45.122849+00:00
203725,LIVINGTRUST,2023-07-21,2.47,,,2.47,0,2026-04-08T04:05:47.594805+00:00
203839,LIVINGTRUST,2023-07-24,2.47,,,2.47,0,2026-04-08T04:05:52.167161+00:00
203953,LIVINGTRUST,2023-07-25,2.71,,,2.71,135288,2026-04-08T04:05:54.602351+00:00
204067,LIVINGTRUST,2023-07-26,2.71,,,2.71,100,2026-04-08T04:05:57.515236+00:00
204181,LIVINGTRUST,2023-07-27,2.71,,,2.71,250,2026-04-08T04:05:59.880161+00:00
204295,LIVINGTRUST,2023-07-28,2.71,,,2.71,0,2026-04-08T04:06:02.220136+00:00
204409,LIVINGTRUST,2023-07-31,2.71,,,2.71,5,2026-04-08T04:06:06.790851+00:00
204523,LIVINGTRUST,2023-08-02,2.71,,,2.71,3000,2026-04-08T04:06:10.326378+00:00
204637,LIVINGTRUST,2023-08-03,2.71,,,2.71,0,2026-04-08T04:06:12.834218+00:00
204751,LIVINGTRUST,2023-08-04,2.71,,,2.71,0,2026-04-08T04:06:15.200886+00:00
204865,LIVINGTRUST,2023-08-07,2.71,,,2.71,0,2026-04-08T04:06:19.871718+00:00
204979,LIVINGTRUST,2023-08-08,2.71,,,2.71,15,2026-04-08T04:06:22.245918+00:00
205093,LIVINGTRUST,2023-08-09,2.71,,,2.71,0,2026-04-08T04:06:24.635943+00:00
205207,LIVINGTRUST,2023-08-10,2.71,,,2.71,0,2026-04-08T04:06:27.035398+00:00
205321,LIVINGTRUST,2023-08-11,2.71,,,2.71,24802500,2026-04-08T04:06:29.455701+00:00
205435,LIVINGTRUST,2023-08-14,2.71,,,2.71,11,2026-04-08T04:06:33.923569+00:00
205549,LIVINGTRUST,2023-08-15,2.71,,,2.71,70000,2026-04-08T04:06:36.358161+00:00
205663,LIVINGTRUST,2023-08-16,2.71,,,2.71,0,2026-04-08T04:06:38.679915+00:00
205777,LIVINGTRUST,2023-08-17,2.71,,,2.71,0,2026-04-08T04:06:40.998805+00:00
205891,LIVINGTRUST,2023-08-18,2.71,,,2.71,0,2026-04-08T04:06:43.468275+00:00
206005,LIVINGTRUST,2023-08-21,2.71,,,2.71,0,2026-04-08T04:06:47.688711+00:00
206119,LIVINGTRUST,2023-08-24,2.71,,,2.71,0,2026-04-08T04:06:51.989424+00:00
206233,LIVINGTRUST,2023-08-25,2.71,,,2.71,1000,2026-04-08T04:06:54.38475+00:00
206347,LIVINGTRUST,2023-08-28,2.71,,,2.71,250,2026-04-08T04:06:59.310949+00:00
206461,LIVINGTRUST,2023-08-29,2.71,,,2.71,1869137,2026-04-08T04:07:01.613742+00:00
206575,LIVINGTRUST,2023-08-30,2.71,,,2.71,250,2026-04-08T04:07:03.820209+00:00
206689,LIVINGTRUST,2023-09-01,2.71,,,2.71,1,2026-04-08T04:07:07.195585+00:00
206803,LIVINGTRUST,2023-09-04,2.71,,,2.71,0,2026-04-08T04:07:11.730996+00:00
206917,LIVINGTRUST,2023-09-05,2.71,,,2.71,500,2026-04-08T04:07:14.175893+00:00
207031,LIVINGTRUST,2023-09-06,2.71,,,2.71,0,2026-04-08T04:07:16.66229+00:00
207145,LIVINGTRUST,2023-09-07,2.71,,,2.71,801,2026-04-08T04:07:19.134101+00:00
207259,LIVINGTRUST,2023-09-08,2.71,,,2.71,0,2026-04-08T04:07:21.445908+00:00
207373,LIVINGTRUST,2023-09-11,2.71,,,2.71,380,2026-04-08T04:07:26.133096+00:00
207487,LIVINGTRUST,2023-09-12,2.71,,,2.71,0,2026-04-08T04:07:28.57479+00:00
207601,LIVINGTRUST,2023-09-13,2.71,,,2.71,2050,2026-04-08T04:07:30.890589+00:00
207715,LIVINGTRUST,2023-09-14,2.71,,,2.71,10,2026-04-08T04:07:33.324455+00:00
207829,LIVINGTRUST,2023-09-15,2.71,,,2.71,2,2026-04-08T04:07:35.74244+00:00
207943,LIVINGTRUST,2023-09-18,2.71,,,2.71,0,2026-04-08T04:07:40.292184+00:00
208057,LIVINGTRUST,2023-09-19,2.71,,,2.71,131558,2026-04-08T04:07:42.606346+00:00
208171,LIVINGTRUST,2023-09-20,2.71,,,2.71,50000,2026-04-08T04:07:45.004042+00:00
208285,LIVINGTRUST,2023-09-21,2.71,,,2.71,23000,2026-04-08T04:07:47.370085+00:00
208399,LIVINGTRUST,2023-09-22,2.71,,,2.71,0,2026-04-08T04:07:49.898567+00:00
208513,LIVINGTRUST,2023-09-25,2.71,,,2.71,0,2026-04-08T04:07:54.305125+00:00
208627,LIVINGTRUST,2023-09-28,2.71,,,2.71,0,2026-04-08T04:07:58.898315+00:00
208741,LIVINGTRUST,2023-09-29,2.71,,,2.71,500,2026-04-08T04:08:01.279649+00:00
208855,LIVINGTRUST,2023-10-03,2.71,,,2.71,0,2026-04-08T04:08:06.721549+00:00
208969,LIVINGTRUST,2023-10-04,2.71,,,2.71,200,2026-04-08T04:08:09.042741+00:00
209083,LIVINGTRUST,2023-10-05,2.71,,,2.71,500,2026-04-08T04:08:11.600182+00:00
209198,LIVINGTRUST,2023-10-06,2.71,,,2.71,0,2026-04-08T04:08:14.22861+00:00
209313,LIVINGTRUST,2023-10-09,2.71,,,2.71,0,2026-04-08T04:08:18.740555+00:00
209428,LIVINGTRUST,2023-10-10,2.71,,,2.71,0,2026-04-08T04:08:21.390436+00:00
209543,LIVINGTRUST,2023-10-12,2.71,,,2.71,0,2026-04-08T04:08:24.861957+00:00
209658,LIVINGTRUST,2023-10-13,2.71,,,2.71,514,2026-04-08T04:08:27.376596+00:00
209773,LIVINGTRUST,2023-10-16,2.71,,,2.71,0,2026-04-08T04:08:32.388707+00:00
209888,LIVINGTRUST,2023-10-17,2.71,,,2.71,1,2026-04-08T04:08:34.738576+00:00
210003,LIVINGTRUST,2023-10-19,2.71,,,2.71,0,2026-04-08T04:08:38.671249+00:00
210118,LIVINGTRUST,2023-10-20,2.71,,,2.71,0,2026-04-08T04:08:40.967521+00:00
210233,LIVINGTRUST,2023-10-23,2.71,,,2.71,0,2026-04-08T04:08:45.440193+00:00
210348,LIVINGTRUST,2023-10-24,2.71,,,2.71,0,2026-04-08T04:08:47.71675+00:00
210463,LIVINGTRUST,2023-10-25,2.71,,,2.71,0,2026-04-08T04:08:50.022319+00:00
210578,LIVINGTRUST,2023-10-26,2.71,,,2.71,0,2026-04-08T04:08:52.472279+00:00
210693,LIVINGTRUST,2023-10-27,2.71,,,2.71,0,2026-04-08T04:08:54.778052+00:00
210808,LIVINGTRUST,2023-10-30,2.71,,,2.71,3000,2026-04-08T04:08:59.45056+00:00
210923,LIVINGTRUST,2023-10-31,2.71,,,2.71,0,2026-04-08T04:09:01.914254+00:00
211038,LIVINGTRUST,2023-11-01,2.71,,,2.71,0,2026-04-08T04:09:04.386399+00:00
211153,LIVINGTRUST,2023-11-02,2.71,,,2.71,0,2026-04-08T04:09:06.696264+00:00
211268,LIVINGTRUST,2023-11-03,2.71,,,2.71,0,2026-04-08T04:09:09.071615+00:00
211383,LIVINGTRUST,2023-11-06,2.71,,,2.71,0,2026-04-08T04:09:13.59419+00:00
211498,LIVINGTRUST,2023-11-07,2.71,,,2.71,100,2026-04-08T04:09:15.923939+00:00
211614,LIVINGTRUST,2023-11-08,2.71,,,2.71,0,2026-04-08T04:09:18.177895+00:00
211730,LIVINGTRUST,2023-11-09,2.71,,,2.71,0,2026-04-08T04:09:20.462573+00:00
211846,LIVINGTRUST,2023-11-10,2.71,,,2.71,0,2026-04-08T04:09:22.644841+00:00
211962,LIVINGTRUST,2023-11-13,2.71,,,2.71,0,2026-04-08T04:09:27.404692+00:00
212078,LIVINGTRUST,2023-11-14,2.98,,,2.98,12031974,2026-04-08T04:09:29.775588+00:00
212194,LIVINGTRUST,2023-11-15,2.98,,,2.98,32030,2026-04-08T04:09:32.378304+00:00
212310,LIVINGTRUST,2023-11-16,2.98,,,2.98,0,2026-04-08T04:09:34.916677+00:00
212426,LIVINGTRUST,2023-11-17,2.98,,,2.98,0,2026-04-08T04:09:37.378105+00:00
212542,LIVINGTRUST,2023-11-20,2.98,,,2.98,1000,2026-04-08T04:09:41.830835+00:00
212658,LIVINGTRUST,2023-11-21,2.98,,,2.98,1000,2026-04-08T04:09:44.211025+00:00
212774,LIVINGTRUST,2023-11-22,2.98,,,2.98,448000,2026-04-08T04:09:46.526636+00:00
212890,LIVINGTRUST,2023-11-23,2.98,,,2.98,0,2026-04-08T04:09:48.793806+00:00
213007,LIVINGTRUST,2023-11-27,2.98,,,2.98,24000,2026-04-08T04:09:54.316732+00:00
213124,LIVINGTRUST,2023-11-28,2.98,,,2.98,2191,2026-04-08T04:09:57.050116+00:00
213241,LIVINGTRUST,2023-11-29,2.98,,,2.98,500,2026-04-08T04:09:59.54407+00:00
213358,LIVINGTRUST,2023-11-30,2.98,,,2.98,0,2026-04-08T04:10:01.973818+00:00
213475,LIVINGTRUST,2023-12-01,2.98,,,2.98,50,2026-04-08T04:10:04.46052+00:00
213592,LIVINGTRUST,2023-12-04,2.98,,,2.98,0,2026-04-08T04:10:08.793495+00:00
213709,LIVINGTRUST,2023-12-05,2.98,,,2.98,0,2026-04-08T04:10:11.104733+00:00
213826,LIVINGTRUST,2023-12-06,2.98,,,2.98,0,2026-04-08T04:10:13.383432+00:00
213943,LIVINGTRUST,2023-12-08,2.98,,,2.98,45,2026-04-08T04:10:16.965057+00:00
214060,LIVINGTRUST,2023-12-11,2.98,,,2.98,579,2026-04-08T04:10:21.350621+00:00
214177,LIVINGTRUST,2023-12-12,2.98,,,2.98,1395,2026-04-08T04:10:23.843731+00:00
214294,LIVINGTRUST,2023-12-13,2.98,,,2.98,533,2026-04-08T04:10:26.19208+00:00
214411,LIVINGTRUST,2023-12-14,2.98,,,2.98,103,2026-04-08T04:10:28.64956+00:00
214528,LIVINGTRUST,2023-12-15,2.98,,,2.98,123,2026-04-08T04:10:31.179138+00:00
214645,LIVINGTRUST,2023-12-18,2.98,,,2.98,79,2026-04-08T04:10:35.879044+00:00
214762,LIVINGTRUST,2023-12-19,2.98,,,2.98,350,2026-04-08T04:10:38.280823+00:00
214879,LIVINGTRUST,2023-12-20,2.98,,,2.98,12121,2026-04-08T04:10:40.523028+00:00
214996,LIVINGTRUST,2023-12-21,2.98,,,2.98,19040,2026-04-08T04:10:42.873875+00:00
215113,LIVINGTRUST,2023-12-28,2.98,,,2.98,6299,2026-04-08T04:10:51.166125+00:00
215230,LIVINGTRUST,2023-12-29,2.98,,,2.98,5159,2026-04-08T04:10:53.57119+00:00
215347,LIVINGTRUST,2024-01-02,2.98,,,2.98,0,2026-04-08T04:10:59.157783+00:00
215464,LIVINGTRUST,2024-01-03,2.98,,,2.98,44500,2026-04-08T04:11:01.401293+00:00
215581,LIVINGTRUST,2024-01-04,2.98,,,2.98,295767,2026-04-08T04:11:03.846312+00:00
215698,LIVINGTRUST,2024-01-05,2.98,,,2.98,26500,2026-04-08T04:11:07.208124+00:00
215815,LIVINGTRUST,2024-01-08,2.98,,,2.98,0,2026-04-08T04:11:11.742656+00:00
215932,LIVINGTRUST,2024-01-09,3.27,,,3.27,192453,2026-04-08T04:11:14.100458+00:00
216049,LIVINGTRUST,2024-01-10,3.27,,,3.27,4000,2026-04-08T04:11:16.512964+00:00
216166,LIVINGTRUST,2024-01-11,3.27,,,3.27,30039,2026-04-08T04:11:18.918089+00:00
216283,LIVINGTRUST,2024-01-12,3.27,,,3.27,1714,2026-04-08T04:11:21.244944+00:00
216400,LIVINGTRUST,2024-01-15,3.27,,,3.27,280585,2026-04-08T04:11:25.674113+00:00
216517,LIVINGTRUST,2024-01-16,3.27,,,3.27,533,2026-04-08T04:11:28.037988+00:00
216634,LIVINGTRUST,2024-01-18,3.27,,,3.27,173536,2026-04-08T04:11:31.337167+00:00
216751,LIVINGTRUST,2024-01-19,3.27,,,3.27,96464,2026-04-08T04:11:38.619168+00:00
216868,LIVINGTRUST,2024-01-22,3.27,,,3.27,0,2026-04-08T04:11:42.948818+00:00
216985,LIVINGTRUST,2024-01-23,3.27,,,3.27,3350,2026-04-08T04:11:45.304506+00:00
217102,LIVINGTRUST,2024-01-24,3.27,,,3.27,3329,2026-04-08T04:11:47.647942+00:00
217219,LIVINGTRUST,2024-01-25,3.27,,,3.27,3340,2026-04-08T04:11:50.11021+00:00
217336,LIVINGTRUST,2024-01-26,3.27,,,3.27,10795,2026-04-08T04:11:52.721812+00:00
217453,LIVINGTRUST,2024-01-29,3.27,,,3.27,7500,2026-04-08T04:11:57.440388+00:00
217570,LIVINGTRUST,2024-01-30,3.27,,,3.27,0,2026-04-08T04:12:00.024191+00:00
217687,LIVINGTRUST,2024-01-31,3.27,,,3.27,0,2026-04-08T04:12:02.433526+00:00
217804,LIVINGTRUST,2024-02-01,3.27,,,3.27,0,2026-04-08T04:12:04.812869+00:00
217921,LIVINGTRUST,2024-02-02,3.27,,,3.27,0,2026-04-08T04:12:07.232701+00:00
218038,LIVINGTRUST,2024-02-05,3.27,,,3.27,0,2026-04-08T04:12:11.791199+00:00
218155,LIVINGTRUST,2024-02-06,3.27,,,3.27,0,2026-04-08T04:12:14.363902+00:00
218272,LIVINGTRUST,2024-02-07,3.27,,,3.27,70,2026-04-08T04:12:16.791058+00:00
218389,LIVINGTRUST,2024-02-08,3.27,,,3.27,0,2026-04-08T04:12:19.312026+00:00
218506,LIVINGTRUST,2024-02-09,3.27,,,3.27,0,2026-04-08T04:12:21.609908+00:00
218623,LIVINGTRUST,2024-02-12,3.27,,,3.27,1000,2026-04-08T04:12:25.771109+00:00
218740,LIVINGTRUST,2024-02-13,3.27,,,3.27,150,2026-04-08T04:12:28.061356+00:00
218857,LIVINGTRUST,2024-02-14,3.27,,,3.27,0,2026-04-08T04:12:30.570558+00:00
218974,LIVINGTRUST,2024-02-16,3.27,,,3.27,0,2026-04-08T04:12:34.036511+00:00
219091,LIVINGTRUST,2024-02-19,3.27,,,3.27,0,2026-04-08T04:12:38.429241+00:00
219208,LIVINGTRUST,2024-02-20,3.27,,,3.27,0,2026-04-08T04:12:40.813552+00:00
219325,LIVINGTRUST,2024-02-21,3.27,,,3.27,0,2026-04-08T04:12:43.257682+00:00
219442,LIVINGTRUST,2024-02-22,3.27,,,3.27,1500,2026-04-08T04:12:45.850796+00:00
219559,LIVINGTRUST,2024-02-26,3.27,,,3.27,0,2026-04-08T04:12:51.18414+00:00
219676,LIVINGTRUST,2024-02-27,3.27,,,3.27,2,2026-04-08T04:12:53.509755+00:00
219793,LIVINGTRUST,2024-02-29,3.27,,,3.27,0,2026-04-08T04:12:56.822244+00:00
219910,LIVINGTRUST,2024-03-01,3.27,,,3.27,1000,2026-04-08T04:12:59.287484+00:00
220028,LIVINGTRUST,2024-03-04,3.27,,,3.27,0,2026-04-08T04:13:03.814092+00:00
220146,LIVINGTRUST,2024-03-05,3.27,,,3.27,0,2026-04-08T04:13:06.279726+00:00
220264,LIVINGTRUST,2024-03-06,3.27,,,3.27,0,2026-04-08T04:13:08.558236+00:00
220382,LIVINGTRUST,2024-03-07,3.27,,,3.27,100,2026-04-08T04:13:10.988978+00:00
220500,LIVINGTRUST,2024-03-08,3.27,,,3.27,0,2026-04-08T04:13:13.453006+00:00
220618,LIVINGTRUST,2024-03-11,3.27,,,3.27,0,2026-04-08T04:13:17.773706+00:00
220736,LIVINGTRUST,2024-03-12,3.27,,,3.27,550,2026-04-08T04:13:20.258657+00:00
220854,LIVINGTRUST,2024-03-13,3.27,,,3.27,51450,2026-04-08T04:13:22.557243+00:00
220972,LIVINGTRUST,2024-03-14,3.27,,,3.27,0,2026-04-08T04:13:25.004754+00:00
221090,LIVINGTRUST,2024-03-15,3.27,,,3.27,0,2026-04-08T04:13:27.500984+00:00
221208,LIVINGTRUST,2024-03-19,3.27,,,3.27,0,2026-04-08T04:13:32.54102+00:00
221326,LIVINGTRUST,2024-03-20,3.27,,,3.27,10000,2026-04-08T04:13:34.949661+00:00
221444,LIVINGTRUST,2024-03-21,3.27,,,3.27,0,2026-04-08T04:13:37.293426+00:00
221562,LIVINGTRUST,2024-03-22,3.27,,,3.27,0,2026-04-08T04:13:39.66616+00:00
221680,LIVINGTRUST,2024-03-25,3.27,,,3.27,0,2026-04-08T04:13:43.964435+00:00
221798,LIVINGTRUST,2024-03-26,3.27,,,3.27,0,2026-04-08T04:13:46.391317+00:00
221916,LIVINGTRUST,2024-03-27,3.27,,,3.27,0,2026-04-08T04:13:48.795654+00:00
222034,LIVINGTRUST,2024-03-28,3.27,,,3.27,0,2026-04-08T04:13:51.173779+00:00
222152,LIVINGTRUST,2024-04-02,3.27,,,3.27,701,2026-04-08T04:13:58.053067+00:00
222270,LIVINGTRUST,2024-04-03,3.27,,,3.27,10,2026-04-08T04:14:00.66873+00:00
222388,LIVINGTRUST,2024-04-04,3.27,,,3.27,5616,2026-04-08T04:14:03.310057+00:00
222506,LIVINGTRUST,2024-04-05,3.27,,,3.27,0,2026-04-08T04:14:05.820809+00:00
222624,LIVINGTRUST,2024-04-12,3.27,,,3.27,5,2026-04-08T04:14:15.984697+00:00
222742,LIVINGTRUST,2024-04-15,3.27,,,3.27,1500,2026-04-08T04:14:20.492228+00:00
222860,LIVINGTRUST,2024-04-16,3.27,,,3.27,0,2026-04-08T04:14:22.958286+00:00
222978,LIVINGTRUST,2024-04-17,3.27,,,3.27,110,2026-04-08T04:14:25.407203+00:00
223096,LIVINGTRUST,2024-04-18,3.27,,,3.27,300,2026-04-08T04:14:27.862982+00:00
223214,LIVINGTRUST,2024-04-19,3.27,,,3.27,0,2026-04-08T04:14:30.225092+00:00
223332,LIVINGTRUST,2024-04-22,3.27,,,3.27,6000,2026-04-08T04:14:34.624841+00:00
223450,LIVINGTRUST,2024-04-23,3.27,,,3.27,0,2026-04-08T04:14:36.881925+00:00
223568,LIVINGTRUST,2024-04-24,3.27,,,3.27,0,2026-04-08T04:14:39.108369+00:00
223686,LIVINGTRUST,2024-04-25,3.27,,,3.27,0,2026-04-08T04:14:41.415412+00:00
223804,LIVINGTRUST,2024-04-26,3.27,,,3.27,0,2026-04-08T04:14:43.709399+00:00
223922,LIVINGTRUST,2024-04-29,3.27,,,3.27,500,2026-04-08T04:14:47.97937+00:00
224040,LIVINGTRUST,2024-04-30,3.27,,,3.27,1000,2026-04-08T04:14:50.304196+00:00
224158,LIVINGTRUST,2024-05-02,3.27,,,3.27,150,2026-04-08T04:14:53.573612+00:00
224276,LIVINGTRUST,2024-05-03,3.27,,,3.27,0,2026-04-08T04:14:55.989363+00:00
224394,LIVINGTRUST,2024-05-06,3.27,,,3.27,0,2026-04-08T04:15:00.14873+00:00
224512,LIVINGTRUST,2024-05-07,3.27,,,3.27,5000,2026-04-08T04:15:02.40079+00:00
224630,LIVINGTRUST,2024-05-08,3.27,,,3.27,0,2026-04-08T04:15:04.708287+00:00
224748,LIVINGTRUST,2024-05-09,3.27,,,3.27,510,2026-04-08T04:15:07.337178+00:00
224866,LIVINGTRUST,2024-05-10,3.27,,,3.27,13350,2026-04-08T04:15:09.604775+00:00
224984,LIVINGTRUST,2024-05-13,3.27,,,3.27,530,2026-04-08T04:15:13.907933+00:00
225102,LIVINGTRUST,2024-05-14,3.27,,,3.27,0,2026-04-08T04:15:16.26654+00:00
225220,LIVINGTRUST,2024-05-15,3.27,,,3.27,0,2026-04-08T04:15:18.549958+00:00
225338,LIVINGTRUST,2024-05-16,3.27,,,3.27,1000,2026-04-08T04:15:20.841424+00:00
225456,LIVINGTRUST,2024-05-20,3.27,,,3.27,100,2026-04-08T04:15:25.962105+00:00
225574,LIVINGTRUST,2024-05-21,3.27,,,3.27,0,2026-04-08T04:15:28.334406+00:00
225692,LIVINGTRUST,2024-05-22,3.27,,,3.27,5,2026-04-08T04:15:30.660212+00:00
225810,LIVINGTRUST,2024-05-23,3.27,,,3.27,5905,2026-04-08T04:15:32.993296+00:00
225928,LIVINGTRUST,2024-05-24,3.27,,,3.27,530,2026-04-08T04:15:35.360226+00:00
226046,LIVINGTRUST,2024-05-27,3.24,,,3.24,90,2026-04-08T04:15:39.562711+00:00
226164,LIVINGTRUST,2024-05-28,3.24,,,3.24,1065,2026-04-08T04:15:41.894674+00:00
226282,LIVINGTRUST,2024-05-29,3.24,,,3.24,20470,2026-04-08T04:15:44.435333+00:00
226400,LIVINGTRUST,2024-05-30,3.24,,,3.24,55401,2026-04-08T04:15:46.695543+00:00
226518,LIVINGTRUST,2024-05-31,3.24,,,3.24,41100,2026-04-08T04:15:48.909252+00:00
226636,LIVINGTRUST,2024-06-03,3.24,,,3.24,80709,2026-04-08T04:15:53.203965+00:00
226754,LIVINGTRUST,2024-06-04,3.24,,,3.24,0,2026-04-08T04:15:55.456464+00:00
226872,LIVINGTRUST,2024-06-05,3.24,,,3.24,0,2026-04-08T04:15:57.839545+00:00
226990,LIVINGTRUST,2024-06-06,3.24,,,3.24,0,2026-04-08T04:16:00.091412+00:00
227108,LIVINGTRUST,2024-06-07,3.24,,,3.24,2896,2026-04-08T04:16:02.294722+00:00
227226,LIVINGTRUST,2024-06-10,3.24,,,3.24,3104,2026-04-08T04:16:06.655303+00:00
227344,LIVINGTRUST,2024-06-11,3.24,,,3.24,0,2026-04-08T04:16:09.027942+00:00
227462,LIVINGTRUST,2024-06-13,3.24,,,3.24,0,2026-04-08T04:16:12.454757+00:00
227580,LIVINGTRUST,2024-06-14,3.24,,,3.24,1,2026-04-08T04:16:14.762224+00:00
227698,LIVINGTRUST,2024-06-20,3.24,,,3.24,0,2026-04-08T04:16:22.365263+00:00
227816,LIVINGTRUST,2024-06-21,3.24,,,3.24,0,2026-04-08T04:16:24.740936+00:00
227934,LIVINGTRUST,2024-06-24,3.24,,,3.24,0,2026-04-08T04:16:29.101951+00:00
228052,LIVINGTRUST,2024-06-25,3.24,,,3.24,22100,2026-04-08T04:16:31.430939+00:00
228170,LIVINGTRUST,2024-06-26,3.24,,,3.24,0,2026-04-08T04:16:33.77834+00:00
228288,LIVINGTRUST,2024-06-27,3.24,,,3.24,0,2026-04-08T04:16:36.13415+00:00
228406,LIVINGTRUST,2024-06-28,3.24,,,3.24,609,2026-04-08T04:16:38.472674+00:00
228524,LIVINGTRUST,2024-07-01,3.24,,,3.24,0,2026-04-08T04:16:42.881798+00:00
228642,LIVINGTRUST,2024-07-02,3.24,,,3.24,0,2026-04-08T04:16:45.256647+00:00
228760,LIVINGTRUST,2024-07-03,3.24,,,3.24,0,2026-04-08T04:16:47.732339+00:00
228878,LIVINGTRUST,2024-07-04,3.24,,,3.24,0,2026-04-08T04:16:50.22378+00:00
228996,LIVINGTRUST,2024-07-05,3.24,,,3.24,4,2026-04-08T04:16:52.679645+00:00
229114,LIVINGTRUST,2024-07-08,3.24,,,3.24,1,2026-04-08T04:16:57.375145+00:00
229232,LIVINGTRUST,2024-07-09,3.24,,,3.24,0,2026-04-08T04:16:59.679545+00:00
229350,LIVINGTRUST,2024-07-10,3.24,,,3.24,0,2026-04-08T04:17:02.104038+00:00
229468,LIVINGTRUST,2024-07-11,3.24,,,3.24,0,2026-04-08T04:17:04.804273+00:00
229586,LIVINGTRUST,2024-07-12,3.24,,,3.24,15,2026-04-08T04:17:07.071694+00:00
229704,LIVINGTRUST,2024-07-15,3.24,,,3.24,2859,2026-04-08T04:17:11.418935+00:00
229822,LIVINGTRUST,2024-07-16,3.24,,,3.24,3000,2026-04-08T04:17:13.920176+00:00
229940,LIVINGTRUST,2024-07-17,3.24,,,3.24,0,2026-04-08T04:17:16.239817+00:00
230058,LIVINGTRUST,2024-07-18,3.24,,,3.24,3050,2026-04-08T04:17:18.614364+00:00
230176,LIVINGTRUST,2024-07-19,3.24,,,3.24,50,2026-04-08T04:17:20.923419+00:00
230294,LIVINGTRUST,2024-07-22,3.24,,,3.24,2500,2026-04-08T04:17:25.185516+00:00
230412,LIVINGTRUST,2024-07-23,3.24,,,3.24,20000,2026-04-08T04:17:27.655924+00:00
230530,LIVINGTRUST,2024-07-24,3.24,,,3.24,0,2026-04-08T04:17:30.124258+00:00
230648,LIVINGTRUST,2024-07-25,3.24,,,3.24,1001,2026-04-08T04:17:32.638981+00:00
230766,LIVINGTRUST,2024-07-26,3.24,,,3.24,0,2026-04-08T04:17:35.101122+00:00
230884,LIVINGTRUST,2024-07-29,3.24,,,3.24,150,2026-04-08T04:17:40.103977+00:00
231002,LIVINGTRUST,2024-07-30,3.24,,,3.24,0,2026-04-08T04:17:43.080384+00:00
231120,LIVINGTRUST,2024-07-31,3.24,,,3.24,0,2026-04-08T04:17:45.61458+00:00
231238,LIVINGTRUST,2024-08-01,3.24,,,3.24,600,2026-04-08T04:17:47.950902+00:00
231356,LIVINGTRUST,2024-08-02,3.24,,,3.24,0,2026-04-08T04:17:50.372085+00:00
231474,LIVINGTRUST,2024-08-05,3.24,,,3.24,0,2026-04-08T04:17:54.929581+00:00
231592,LIVINGTRUST,2024-08-06,3.24,,,3.24,8000,2026-04-08T04:17:57.472912+00:00
231710,LIVINGTRUST,2024-08-07,3.24,,,3.24,0,2026-04-08T04:17:59.948734+00:00
231828,LIVINGTRUST,2024-08-08,3.24,,,3.24,0,2026-04-08T04:18:02.36647+00:00
231946,LIVINGTRUST,2024-08-09,3.24,,,3.24,0,2026-04-08T04:18:04.674683+00:00
232064,LIVINGTRUST,2024-08-12,3.24,,,3.24,500,2026-04-08T04:18:08.918743+00:00
232182,LIVINGTRUST,2024-08-13,3.24,,,3.24,0,2026-04-08T04:18:11.387792+00:00
232300,LIVINGTRUST,2024-08-14,3.24,,,3.24,0,2026-04-08T04:18:13.859526+00:00
232418,LIVINGTRUST,2024-08-15,3.24,,,3.24,0,2026-04-08T04:18:16.357381+00:00
232536,LIVINGTRUST,2024-08-16,3.24,,,3.24,0,2026-04-08T04:18:18.692447+00:00
232654,LIVINGTRUST,2024-08-19,3.24,,,3.24,700,2026-04-08T04:18:23.063194+00:00
232772,LIVINGTRUST,2024-08-20,3.24,,,3.24,0,2026-04-08T04:18:25.366221+00:00
232890,LIVINGTRUST,2024-08-21,3.24,,,3.24,0,2026-04-08T04:18:27.861334+00:00
233008,LIVINGTRUST,2024-08-22,3.24,,,3.24,500,2026-04-08T04:18:30.156184+00:00
233126,LIVINGTRUST,2024-08-23,3.24,,,3.24,100,2026-04-08T04:18:32.497978+00:00
233244,LIVINGTRUST,2024-08-26,3.24,,,3.24,0,2026-04-08T04:18:37.19542+00:00
233362,LIVINGTRUST,2024-08-27,3.24,,,3.24,20000,2026-04-08T04:18:39.561091+00:00
233480,LIVINGTRUST,2024-08-28,3.24,,,3.24,0,2026-04-08T04:18:42.048567+00:00
233598,LIVINGTRUST,2024-08-29,3.24,,,3.24,1000,2026-04-08T04:18:44.36768+00:00
233716,LIVINGTRUST,2024-09-02,3.24,,,3.24,0,2026-04-08T04:18:49.632285+00:00
233834,LIVINGTRUST,2024-09-03,3.24,,,3.24,2201,2026-04-08T04:18:52.389232+00:00
233952,LIVINGTRUST,2024-09-04,3.24,,,3.24,0,2026-04-08T04:18:54.875674+00:00
234070,LIVINGTRUST,2024-09-05,3.24,,,3.24,50,2026-04-08T04:18:57.763256+00:00
234188,LIVINGTRUST,2024-09-06,3.24,,,3.24,0,2026-04-08T04:19:00.536712+00:00
234306,LIVINGTRUST,2024-09-09,3.24,,,3.24,0,2026-04-08T04:19:05.495104+00:00
234424,LIVINGTRUST,2024-09-10,3.24,,,3.24,0,2026-04-08T04:19:08.070871+00:00
234542,LIVINGTRUST,2024-09-11,3.24,,,3.24,0,2026-04-08T04:19:10.663572+00:00
234660,LIVINGTRUST,2024-09-12,3.24,,,3.24,0,2026-04-08T04:19:13.371302+00:00
234778,LIVINGTRUST,2024-09-13,3.24,,,3.24,0,2026-04-08T04:19:16.033041+00:00
234896,LIVINGTRUST,2024-09-17,3.24,,,3.24,0,2026-04-08T04:19:22.824888+00:00
235014,LIVINGTRUST,2024-09-18,3.24,,,3.24,78,2026-04-08T04:19:25.915955+00:00
235132,LIVINGTRUST,2024-09-19,3.24,,,3.24,632,2026-04-08T04:19:28.330134+00:00
235250,LIVINGTRUST,2024-09-20,3.24,,,3.24,500,2026-04-08T04:19:30.82066+00:00
235368,LIVINGTRUST,2024-09-23,3.24,,,3.24,350,2026-04-08T04:19:35.29526+00:00
235486,LIVINGTRUST,2024-09-24,3.24,,,3.24,0,2026-04-08T04:19:37.629736+00:00
235604,LIVINGTRUST,2024-09-25,3.24,,,3.24,0,2026-04-08T04:19:40.096992+00:00
235722,LIVINGTRUST,2024-09-26,3.24,,,3.24,256,2026-04-08T04:19:42.676048+00:00
235840,LIVINGTRUST,2024-09-27,3.24,,,3.24,146450,2026-04-08T04:19:45.342636+00:00
235958,LIVINGTRUST,2024-09-30,3.24,,,3.24,0,2026-04-08T04:19:50.223917+00:00
236076,LIVINGTRUST,2024-10-02,3.24,,,3.24,15400,2026-04-08T04:19:53.821423+00:00
236194,LIVINGTRUST,2024-10-03,3.24,,,3.24,6450,2026-04-08T04:19:56.203135+00:00
236312,LIVINGTRUST,2024-10-04,3.24,,,3.24,5300,2026-04-08T04:19:58.634737+00:00
236430,LIVINGTRUST,2024-10-07,3.24,,,3.24,0,2026-04-08T04:20:03.05432+00:00
236548,LIVINGTRUST,2024-10-08,3.24,,,3.24,0,2026-04-08T04:20:05.535519+00:00
236666,LIVINGTRUST,2024-10-10,3.0,,,3.0,2000,2026-04-08T04:20:08.855054+00:00
236784,LIVINGTRUST,2024-10-11,3.0,,,3.0,0,2026-04-08T04:20:11.460237+00:00
236903,LIVINGTRUST,2024-10-14,3.0,,,3.0,0,2026-04-08T04:20:16.284622+00:00
237022,LIVINGTRUST,2024-10-15,3.0,,,3.0,0,2026-04-08T04:20:18.84933+00:00
237141,LIVINGTRUST,2024-10-17,3.0,,,3.0,200,2026-04-08T04:20:23.389134+00:00
237260,LIVINGTRUST,2024-10-18,3.0,,,3.0,10000,2026-04-08T04:20:26.17489+00:00
237379,LIVINGTRUST,2024-10-21,3.0,,,3.0,5,2026-04-08T04:20:30.541886+00:00
237498,LIVINGTRUST,2024-10-22,3.0,,,3.0,2533,2026-04-08T04:20:32.890604+00:00
237617,LIVINGTRUST,2024-10-23,3.0,,,3.0,100,2026-04-08T04:20:35.186729+00:00
237736,LIVINGTRUST,2024-10-24,3.0,,,3.0,2500,2026-04-08T04:20:37.740613+00:00
237855,LIVINGTRUST,2024-10-25,3.0,,,3.0,0,2026-04-08T04:20:40.222387+00:00
237974,LIVINGTRUST,2024-10-28,3.0,,,3.0,3200,2026-04-08T04:20:44.742576+00:00
238093,LIVINGTRUST,2024-10-29,3.0,,,3.0,2150,2026-04-08T04:20:47.136244+00:00
238212,LIVINGTRUST,2024-10-30,3.0,,,3.0,0,2026-04-08T04:20:49.405969+00:00
238331,LIVINGTRUST,2024-10-31,3.0,,,3.0,500,2026-04-08T04:20:51.756515+00:00
238450,LIVINGTRUST,2024-11-01,3.0,,,3.0,0,2026-04-08T04:20:54.1075+00:00
238569,LIVINGTRUST,2024-11-04,3.0,,,3.0,0,2026-04-08T04:20:58.471072+00:00
238688,LIVINGTRUST,2024-11-05,3.0,,,3.0,310,2026-04-08T04:21:01.00344+00:00
238807,LIVINGTRUST,2024-11-06,3.0,,,3.0,2000,2026-04-08T04:21:03.585377+00:00
238926,LIVINGTRUST,2024-11-07,3.0,,,3.0,20000,2026-04-08T04:21:06.256351+00:00
239045,LIVINGTRUST,2024-11-08,3.0,,,3.0,0,2026-04-08T04:21:08.623134+00:00
239164,LIVINGTRUST,2024-11-11,3.0,,,3.0,199,2026-04-08T04:21:12.782875+00:00
239283,LIVINGTRUST,2024-11-12,3.0,,,3.0,0,2026-04-08T04:21:15.417322+00:00
239402,LIVINGTRUST,2024-11-13,3.0,,,3.0,50,2026-04-08T04:21:17.790166+00:00
239521,LIVINGTRUST,2024-11-14,3.0,,,3.0,0,2026-04-08T04:21:20.354873+00:00
239640,LIVINGTRUST,2024-11-15,3.0,,,3.0,95,2026-04-08T04:21:22.90937+00:00
239759,LIVINGTRUST,2024-11-18,3.0,,,3.0,0,2026-04-08T04:21:27.576358+00:00
239878,LIVINGTRUST,2024-11-19,3.0,,,3.0,0,2026-04-08T04:21:29.868433+00:00
239997,LIVINGTRUST,2024-11-20,3.0,,,3.0,0,2026-04-08T04:21:32.433299+00:00
240116,LIVINGTRUST,2024-11-21,3.0,,,3.0,0,2026-04-08T04:21:34.755564+00:00
240235,LIVINGTRUST,2024-11-22,3.0,,,3.0,0,2026-04-08T04:21:37.514754+00:00
240354,LIVINGTRUST,2024-11-25,3.0,,,3.0,0,2026-04-08T04:21:41.818387+00:00
240473,LIVINGTRUST,2024-11-26,3.0,,,3.0,0,2026-04-08T04:21:44.163824+00:00
240592,LIVINGTRUST,2024-11-27,3.0,,,3.0,75,2026-04-08T04:21:46.720727+00:00
240711,LIVINGTRUST,2024-11-28,3.0,,,3.0,0,2026-04-08T04:21:49.110263+00:00
240830,LIVINGTRUST,2024-12-02,3.0,,,3.0,100,2026-04-08T04:21:54.88401+00:00
240949,LIVINGTRUST,2024-12-03,3.0,,,3.0,0,2026-04-08T04:21:57.640504+00:00
241068,LIVINGTRUST,2024-12-04,3.0,,,3.0,5,2026-04-08T04:21:59.930228+00:00
241187,LIVINGTRUST,2024-12-06,3.0,,,3.0,550,2026-04-08T04:22:03.392712+00:00
241306,LIVINGTRUST,2024-12-09,3.0,,,3.0,0,2026-04-08T04:22:07.745808+00:00
241425,LIVINGTRUST,2024-12-10,3.0,,,3.0,570,2026-04-08T04:22:10.112253+00:00
241544,LIVINGTRUST,2024-12-11,3.0,,,3.0,100,2026-04-08T04:22:12.639548+00:00
241663,LIVINGTRUST,2024-12-12,3.0,,,3.0,701,2026-04-08T04:22:15.033357+00:00
241782,LIVINGTRUST,2024-12-13,3.0,,,3.0,200000,2026-04-08T04:22:17.509919+00:00
241901,LIVINGTRUST,2024-12-16,3.3,,,3.3,361374,2026-04-08T04:22:22.499781+00:00
242020,LIVINGTRUST,2024-12-17,3.3,,,3.3,197011,2026-04-08T04:22:24.995572+00:00
242139,LIVINGTRUST,2024-12-18,3.3,,,3.3,10,2026-04-08T04:22:27.498126+00:00
242258,LIVINGTRUST,2024-12-19,3.3,,,3.3,20,2026-04-08T04:22:29.868083+00:00
242377,LIVINGTRUST,2024-12-20,3.3,,,3.3,304003,2026-04-08T04:22:32.392508+00:00
242496,LIVINGTRUST,2024-12-23,3.63,,,3.63,366045,2026-04-08T04:22:36.740311+00:00
242615,LIVINGTRUST,2024-12-24,3.63,,,3.63,127575,2026-04-08T04:22:39.25804+00:00
242734,LIVINGTRUST,2024-12-27,3.63,,,3.63,547,2026-04-08T04:22:43.946119+00:00
242852,LIVINGTRUST,2024-12-31,4.38,,,4.38,133200,2026-04-08T04:22:48.665239+00:00
242970,LIVINGTRUST,2025-01-02,4.38,,,4.38,13485,2026-04-08T04:22:52.256438+00:00
243088,LIVINGTRUST,2025-01-03,4.38,,,4.38,12604,2026-04-08T04:22:55.101113+00:00
243206,LIVINGTRUST,2025-01-06,4.38,,,4.38,22140,2026-04-08T04:23:00.046313+00:00
243324,LIVINGTRUST,2025-01-07,4.38,,,4.38,10004,2026-04-08T04:23:02.329348+00:00
243442,LIVINGTRUST,2025-01-08,4.81,,,4.81,123285,2026-04-08T04:23:04.632968+00:00
243560,LIVINGTRUST,2025-01-09,4.81,,,4.81,18111,2026-04-08T04:23:06.908261+00:00
243678,LIVINGTRUST,2025-01-10,4.81,,,4.81,7225,2026-04-08T04:23:09.304805+00:00
243796,LIVINGTRUST,2025-01-13,4.81,,,4.81,4997,2026-04-08T04:23:13.790041+00:00
243914,LIVINGTRUST,2025-01-14,4.81,,,4.81,140000,2026-04-08T04:23:16.129929+00:00
244032,LIVINGTRUST,2025-01-15,4.81,,,4.81,0,2026-04-08T04:23:18.535433+00:00
244150,LIVINGTRUST,2025-01-16,4.81,,,4.81,0,2026-04-08T04:23:20.834867+00:00
244268,LIVINGTRUST,2025-01-17,4.81,,,4.81,0,2026-04-08T04:23:23.141674+00:00
244386,LIVINGTRUST,2025-01-20,4.81,,,4.81,5000,2026-04-08T04:23:27.482452+00:00
244504,LIVINGTRUST,2025-01-21,4.81,,,4.81,6270,2026-04-08T04:23:29.752731+00:00
244622,LIVINGTRUST,2025-01-22,4.81,,,4.81,0,2026-04-08T04:23:32.235559+00:00
244740,LIVINGTRUST,2025-01-23,4.81,,,4.81,0,2026-04-08T04:23:34.519549+00:00
244858,LIVINGTRUST,2025-01-24,4.81,,,4.81,0,2026-04-08T04:23:37.097992+00:00
244976,LIVINGTRUST,2025-01-27,4.81,,,4.81,470,2026-04-08T04:23:41.817807+00:00
245094,LIVINGTRUST,2025-01-28,4.81,,,4.81,50000,2026-04-08T04:23:44.43679+00:00
245212,LIVINGTRUST,2025-01-30,4.81,,,4.81,30000,2026-04-08T04:23:47.90788+00:00
245330,LIVINGTRUST,2025-01-31,4.81,,,4.81,30000,2026-04-08T04:23:50.425841+00:00
245448,LIVINGTRUST,2025-02-03,4.81,,,4.81,2005,2026-04-08T04:23:55.090801+00:00
245566,LIVINGTRUST,2025-02-04,4.81,,,4.81,2187,2026-04-08T04:23:57.584141+00:00
245684,LIVINGTRUST,2025-02-05,4.81,,,4.81,0,2026-04-08T04:24:00.484627+00:00
245802,LIVINGTRUST,2025-02-06,4.81,,,4.81,53,2026-04-08T04:24:04.153698+00:00
245920,LIVINGTRUST,2025-02-07,4.81,,,4.81,400,2026-04-08T04:24:07.822728+00:00
246038,LIVINGTRUST,2025-02-10,4.81,,,4.81,300,2026-04-08T04:24:13.163899+00:00
246156,LIVINGTRUST,2025-02-11,4.81,,,4.81,0,2026-04-08T04:24:15.629092+00:00
246274,LIVINGTRUST,2025-02-12,4.81,,,4.81,20,2026-04-08T04:24:18.226035+00:00
246392,LIVINGTRUST,2025-02-13,4.81,,,4.81,0,2026-04-08T04:24:20.725749+00:00
246510,LIVINGTRUST,2025-02-14,4.81,,,4.81,412,2026-04-08T04:24:23.300806+00:00
246628,LIVINGTRUST,2025-02-17,4.81,,,4.81,10200,2026-04-08T04:24:27.726986+00:00
246746,LIVINGTRUST,2025-02-18,4.81,,,4.81,5,2026-04-08T04:24:30.295737+00:00
246864,LIVINGTRUST,2025-02-19,4.81,,,4.81,1740,2026-04-08T04:24:32.765887+00:00
246982,LIVINGTRUST,2025-02-20,4.81,,,4.81,14100,2026-04-08T04:24:35.351909+00:00
247100,LIVINGTRUST,2025-02-21,4.81,,,4.81,0,2026-04-08T04:24:37.680479+00:00
247218,LIVINGTRUST,2025-02-25,4.81,,,4.81,0,2026-04-08T04:24:43.419296+00:00
247336,LIVINGTRUST,2025-02-26,4.81,,,4.81,0,2026-04-08T04:24:45.860894+00:00
247454,LIVINGTRUST,2025-02-27,4.81,,,4.81,0,2026-04-08T04:24:48.27846+00:00
247572,LIVINGTRUST,2025-02-28,4.81,,,4.81,0,2026-04-08T04:24:50.63724+00:00
247690,LIVINGTRUST,2025-03-03,4.81,,,4.81,1010,2026-04-08T04:24:55.222854+00:00
247808,LIVINGTRUST,2025-03-04,4.81,,,4.81,1010,2026-04-08T04:24:57.762887+00:00
247927,LIVINGTRUST,2025-03-05,4.81,,,4.81,0,2026-04-08T04:25:00.108696+00:00
248046,LIVINGTRUST,2025-03-06,4.81,,,4.81,0,2026-04-08T04:25:02.52336+00:00
248165,LIVINGTRUST,2025-03-07,4.81,,,4.81,0,2026-04-08T04:25:04.19753+00:00
248284,LIVINGTRUST,2025-03-10,4.81,,,4.81,800,2026-04-08T04:25:07.959889+00:00
248403,LIVINGTRUST,2025-03-11,4.81,,,4.81,0,2026-04-08T04:25:10.446731+00:00
248522,LIVINGTRUST,2025-03-12,4.81,,,4.81,2000,2026-04-08T04:25:12.888859+00:00
248641,LIVINGTRUST,2025-03-13,4.81,,,4.81,0,2026-04-08T04:25:15.353849+00:00
248760,LIVINGTRUST,2025-03-14,4.81,,,4.81,50,2026-04-08T04:25:17.75152+00:00
248879,LIVINGTRUST,2025-03-17,4.81,,,4.81,0,2026-04-08T04:25:23.327657+00:00
248998,LIVINGTRUST,2025-03-18,4.81,,,4.81,0,2026-04-08T04:25:25.763099+00:00
249117,LIVINGTRUST,2025-03-19,4.81,,,4.81,10000,2026-04-08T04:25:28.144043+00:00
249236,LIVINGTRUST,2025-03-20,4.81,,,4.81,100,2026-04-08T04:25:31.01834+00:00
249355,LIVINGTRUST,2025-03-21,4.81,,,4.81,15500,2026-04-08T04:25:33.389958+00:00
249474,LIVINGTRUST,2025-03-24,4.81,,,4.81,850,2026-04-08T04:25:38.388993+00:00
249593,LIVINGTRUST,2025-03-25,4.81,,,4.81,0,2026-04-08T04:25:40.7685+00:00
249712,LIVINGTRUST,2025-03-26,4.81,,,4.81,0,2026-04-08T04:25:43.344812+00:00
249831,LIVINGTRUST,2025-03-27,4.81,,,4.81,100,2026-04-08T04:25:45.817232+00:00
249950,LIVINGTRUST,2025-03-28,4.81,,,4.81,300,2026-04-08T04:25:48.177352+00:00
250069,LIVINGTRUST,2025-04-02,4.81,,,4.81,9000,2026-04-08T04:25:54.663823+00:00
250188,LIVINGTRUST,2025-04-03,4.81,,,4.81,2200,2026-04-08T04:25:57.014747+00:00
250307,LIVINGTRUST,2025-04-04,4.81,,,4.81,0,2026-04-08T04:25:59.489503+00:00
250426,LIVINGTRUST,2025-04-07,4.81,,,4.81,5,2026-04-08T04:26:04.211964+00:00
250545,LIVINGTRUST,2025-04-08,4.81,,,4.81,0,2026-04-08T04:26:06.766331+00:00
250664,LIVINGTRUST,2025-04-10,4.81,,,4.81,7050,2026-04-08T04:26:10.263658+00:00
250783,LIVINGTRUST,2025-04-11,4.81,,,4.81,0,2026-04-08T04:26:12.610372+00:00
250902,LIVINGTRUST,2025-04-14,4.81,,,4.81,3000,2026-04-08T04:26:17.137975+00:00
251021,LIVINGTRUST,2025-04-15,4.81,,,4.81,1000,2026-04-08T04:26:19.634971+00:00
251140,LIVINGTRUST,2025-04-16,4.81,,,4.81,0,2026-04-08T04:26:22.321337+00:00
251259,LIVINGTRUST,2025-04-17,4.81,,,4.81,34,2026-04-08T04:26:24.819431+00:00
251378,LIVINGTRUST,2025-04-22,4.81,,,4.81,2500,2026-04-08T04:26:31.401152+00:00
251497,LIVINGTRUST,2025-04-23,4.81,,,4.81,0,2026-04-08T04:26:33.741411+00:00
251617,LIVINGTRUST,2025-04-24,4.81,,,4.81,1000,2026-04-08T04:26:36.383131+00:00
251737,LIVINGTRUST,2025-04-25,4.81,,,4.81,40,2026-04-08T04:26:38.677219+00:00
251857,LIVINGTRUST,2025-04-28,4.81,,,4.81,64,2026-04-08T04:26:43.113614+00:00
251977,LIVINGTRUST,2025-04-29,4.81,,,4.81,0,2026-04-08T04:26:45.609073+00:00
252097,LIVINGTRUST,2025-04-30,4.81,,,4.81,1000,2026-04-08T04:26:48.242472+00:00
252217,LIVINGTRUST,2025-05-02,4.81,,,4.81,950,2026-04-08T04:26:51.690529+00:00
252337,LIVINGTRUST,2025-05-05,4.81,,,4.81,1823,2026-04-08T04:26:56.275381+00:00
252457,LIVINGTRUST,2025-05-06,4.81,,,4.81,42500,2026-04-08T04:26:58.7221+00:00
252577,LIVINGTRUST,2025-05-07,4.81,,,4.81,3000,2026-04-08T04:27:01.170235+00:00
252697,LIVINGTRUST,2025-05-08,4.81,,,4.81,6156,2026-04-08T04:27:03.468055+00:00
252817,LIVINGTRUST,2025-05-09,4.81,,,4.81,11300,2026-04-08T04:27:05.963213+00:00
252937,LIVINGTRUST,2025-05-12,4.81,,,4.81,11000,2026-04-08T04:27:10.449459+00:00
253057,LIVINGTRUST,2025-05-14,4.81,,,4.81,20000,2026-04-08T04:27:13.89162+00:00
253177,LIVINGTRUST,2025-05-15,4.81,,,4.81,24826,2026-04-08T04:27:16.307455+00:00
253297,LIVINGTRUST,2025-05-16,4.81,,,4.81,100,2026-04-08T04:27:18.639316+00:00
253417,LIVINGTRUST,2025-05-19,4.81,,,4.81,45457,2026-04-08T04:27:23.06518+00:00
253537,LIVINGTRUST,2025-05-20,4.81,,,4.81,45457,2026-04-08T04:27:25.663956+00:00
253657,LIVINGTRUST,2025-05-21,4.81,,,4.81,8599,2026-04-08T04:27:28.280255+00:00
253777,LIVINGTRUST,2025-05-22,4.81,,,4.81,19000,2026-04-08T04:27:30.733393+00:00
253897,LIVINGTRUST,2025-05-23,4.81,,,4.81,182,2026-04-08T04:27:33.142895+00:00
254017,LIVINGTRUST,2025-05-26,4.81,,,4.81,5500,2026-04-08T04:27:37.938794+00:00
254137,LIVINGTRUST,2025-05-27,4.81,,,4.81,10000,2026-04-08T04:27:40.395447+00:00
254257,LIVINGTRUST,2025-05-28,4.81,,,4.81,5005,2026-04-08T04:27:42.906627+00:00
254377,LIVINGTRUST,2025-05-29,4.81,,,4.81,0,2026-04-08T04:27:45.903166+00:00
254497,LIVINGTRUST,2025-05-30,4.81,,,4.81,110,2026-04-08T04:27:48.4452+00:00
254617,LIVINGTRUST,2025-06-02,4.81,,,4.81,790,2026-04-08T04:27:53.01382+00:00
254737,LIVINGTRUST,2025-06-03,4.81,,,4.81,1219,2026-04-08T04:27:55.368454+00:00
254857,LIVINGTRUST,2025-06-04,4.81,,,4.81,4250,2026-04-08T04:27:57.94541+00:00
254977,LIVINGTRUST,2025-06-05,5.2,,,5.2,735618,2026-04-08T04:28:00.320696+00:00
255097,LIVINGTRUST,2025-06-10,5.2,,,5.2,5240,2026-04-08T04:28:07.114795+00:00
255217,LIVINGTRUST,2025-06-11,5.2,,,5.2,35090,2026-04-08T04:28:09.38594+00:00
255337,LIVINGTRUST,2025-06-17,6.2,,,6.2,196771,2026-04-08T04:28:17.228975+00:00
255457,LIVINGTRUST,2025-06-18,6.2,,,6.2,137535,2026-04-08T04:28:19.70912+00:00
255577,LIVINGTRUST,2025-06-19,6.8,,,6.8,121481,2026-04-08T04:28:22.276816+00:00
255697,LIVINGTRUST,2025-06-20,6.8,,,6.8,9335,2026-04-08T04:28:24.65394+00:00
255817,LIVINGTRUST,2025-06-23,6.8,,,6.8,28900,2026-04-08T04:28:29.225711+00:00
255937,LIVINGTRUST,2025-06-24,6.8,,,6.8,112269345,2026-04-08T04:28:31.569579+00:00
256057,LIVINGTRUST,2025-06-25,6.8,,,6.8,3400,2026-04-08T04:28:33.910697+00:00
256177,LIVINGTRUST,2025-06-26,6.8,,,6.8,20415,2026-04-08T04:28:36.389223+00:00
256297,LIVINGTRUST,2025-06-27,6.8,,,6.8,77098,2026-04-08T04:28:38.797599+00:00
256417,LIVINGTRUST,2025-07-01,6.8,,,6.8,16690,2026-04-08T04:28:44.517216+00:00
256537,LIVINGTRUST,2025-07-02,7.4,,,7.4,136427,2026-04-08T04:28:47.139962+00:00
256657,LIVINGTRUST,2025-07-03,7.4,,,7.4,43366,2026-04-08T04:28:49.506141+00:00
256777,LIVINGTRUST,2025-07-04,7.32,,,7.32,52000,2026-04-08T04:28:51.76506+00:00
256897,LIVINGTRUST,2025-07-07,7.32,,,7.32,22700,2026-04-08T04:28:56.230166+00:00
257017,LIVINGTRUST,2025-07-08,7.32,,,7.32,15860,2026-04-08T04:28:58.705995+00:00
257137,LIVINGTRUST,2025-07-09,7.32,,,7.32,4907,2026-04-08T04:29:01.058721+00:00
257257,LIVINGTRUST,2025-07-10,7.32,,,7.32,30800,2026-04-08T04:29:03.550316+00:00
257377,LIVINGTRUST,2025-07-11,7.32,,,7.32,56633,2026-04-08T04:29:06.089999+00:00
257497,LIVINGTRUST,2025-07-14,7.32,,,7.32,57724,2026-04-08T04:29:10.69196+00:00
257617,LIVINGTRUST,2025-07-16,7.32,,,7.32,35715,2026-04-08T04:29:14.112969+00:00
257737,LIVINGTRUST,2025-07-17,7.32,,,7.32,2195,2026-04-08T04:29:16.489777+00:00
257857,LIVINGTRUST,2025-07-18,7.32,,,7.32,19595,2026-04-08T04:29:18.854517+00:00
257977,LIVINGTRUST,2025-07-21,7.32,,,7.32,48215,2026-04-08T04:29:23.300994+00:00
258097,LIVINGTRUST,2025-07-22,7.32,,,7.32,52134,2026-04-08T04:29:25.922592+00:00
258217,LIVINGTRUST,2025-07-23,7.32,,,7.32,12684,2026-04-08T04:29:29.05968+00:00
258337,LIVINGTRUST,2025-07-24,7.32,,,7.32,24870,2026-04-08T04:29:31.486978+00:00
258457,LIVINGTRUST,2025-07-25,7.32,,,7.32,37877,2026-04-08T04:29:33.980938+00:00
258576,LIVINGTRUST,2025-07-28,7.32,,,7.32,11168,2026-04-08T04:29:38.78621+00:00
258695,LIVINGTRUST,2025-07-29,7.32,,,7.32,11638,2026-04-08T04:29:41.392621+00:00
258814,LIVINGTRUST,2025-07-30,6.59,,,6.59,103950,2026-04-08T04:29:43.881641+00:00
258933,LIVINGTRUST,2025-07-31,6.59,,,6.59,51297,2026-04-08T04:29:46.315218+00:00
259052,LIVINGTRUST,2025-08-01,6.59,,,6.59,1940,2026-04-08T04:29:48.711654+00:00
259170,LIVINGTRUST,2025-08-04,6.59,,,6.59,16500,2026-04-08T04:29:53.303607+00:00
259289,LIVINGTRUST,2025-08-05,5.94,,,5.94,207962,2026-04-08T04:29:55.780422+00:00
259408,LIVINGTRUST,2025-08-06,5.35,,,5.35,399811,2026-04-08T04:29:58.241852+00:00
259527,LIVINGTRUST,2025-08-07,5.0,,,5.0,678460,2026-04-08T04:30:00.56444+00:00
259646,LIVINGTRUST,2025-08-08,5.0,,,5.0,330209,2026-04-08T04:30:02.234883+00:00
259765,LIVINGTRUST,2025-08-11,4.6,,,4.6,835224,2026-04-08T04:30:07.037349+00:00
259884,LIVINGTRUST,2025-08-12,4.6,,,4.6,27975,2026-04-08T04:30:09.28323+00:00
260003,LIVINGTRUST,2025-08-13,4.6,,,4.6,33835,2026-04-08T04:30:11.815521+00:00
260122,LIVINGTRUST,2025-08-14,4.6,,,4.6,163646,2026-04-08T04:30:14.350221+00:00
260241,LIVINGTRUST,2025-08-15,4.2,,,4.2,345670,2026-04-08T04:30:16.786076+00:00
260360,LIVINGTRUST,2025-08-18,4.2,,,4.2,9404,2026-04-08T04:30:21.560319+00:00
260479,LIVINGTRUST,2025-08-19,4.2,,,4.2,155090,2026-04-08T04:30:23.869462+00:00
260598,LIVINGTRUST,2025-08-20,4.2,,,4.2,79048,2026-04-08T04:30:26.318672+00:00
260717,LIVINGTRUST,2025-08-21,4.2,,,4.2,111224,2026-04-08T04:30:28.670378+00:00
260836,LIVINGTRUST,2025-08-22,4.2,,,4.2,61094,2026-04-08T04:30:30.96965+00:00
260955,LIVINGTRUST,2025-08-25,4.2,,,4.2,2964,2026-04-08T04:30:35.521871+00:00
261074,LIVINGTRUST,2025-08-26,4.2,,,4.2,83901,2026-04-08T04:30:37.91594+00:00
261193,LIVINGTRUST,2025-08-27,4.2,,,4.2,9412,2026-04-08T04:30:40.231113+00:00
261312,LIVINGTRUST,2025-08-28,4.2,,,4.2,10000,2026-04-08T04:30:42.59826+00:00
261431,LIVINGTRUST,2025-08-29,4.2,,,4.2,38260,2026-04-08T04:30:45.09102+00:00
261550,LIVINGTRUST,2025-09-01,4.2,,,4.2,0,2026-04-08T04:30:49.608802+00:00
261669,LIVINGTRUST,2025-09-02,4.2,,,4.2,70444,2026-04-08T04:30:52.312491+00:00
261788,LIVINGTRUST,2025-09-03,4.2,,,4.2,10200,2026-04-08T04:30:55.837007+00:00
261907,LIVINGTRUST,2025-09-04,4.2,,,4.2,31617,2026-04-08T04:30:58.198935+00:00
262026,LIVINGTRUST,2025-09-08,4.2,,,4.2,11455,2026-04-08T04:31:03.728068+00:00
262145,LIVINGTRUST,2025-09-09,4.2,,,4.2,8559,2026-04-08T04:31:06.294869+00:00
262264,LIVINGTRUST,2025-09-10,4.2,,,4.2,187468,2026-04-08T04:31:08.610575+00:00
262383,LIVINGTRUST,2025-09-11,4.62,,,4.62,105554,2026-04-08T04:31:10.974873+00:00
262502,LIVINGTRUST,2025-09-12,4.62,,,4.62,298277,2026-04-08T04:31:13.547359+00:00
262621,LIVINGTRUST,2025-09-15,5.08,,,5.08,511456,2026-04-08T04:31:18.268622+00:00
262740,LIVINGTRUST,2025-09-16,5.3,,,5.3,466673,2026-04-08T04:31:20.741189+00:00
262859,LIVINGTRUST,2025-09-17,5.3,,,5.3,207303,2026-04-08T04:31:23.24235+00:00
262978,LIVINGTRUST,2025-09-18,5.3,,,5.3,384954,2026-04-08T04:31:25.598019+00:00
263097,LIVINGTRUST,2025-09-19,4.77,,,4.77,236760,2026-04-08T04:31:28.111008+00:00
263216,LIVINGTRUST,2025-09-22,4.77,,,4.77,211240,2026-04-08T04:31:32.624882+00:00
263335,LIVINGTRUST,2025-09-23,4.77,,,4.77,197833,2026-04-08T04:31:35.170326+00:00
263454,LIVINGTRUST,2025-09-24,4.77,,,4.77,2777,2026-04-08T04:31:37.673105+00:00
263573,LIVINGTRUST,2025-09-25,4.77,,,4.77,1255,2026-04-08T04:31:40.100841+00:00
263692,LIVINGTRUST,2025-09-26,5.15,,,5.15,11392038,2026-04-08T04:31:42.548783+00:00
263811,LIVINGTRUST,2025-09-29,5.66,,,5.66,197926,2026-04-08T04:31:47.029675+00:00
263930,LIVINGTRUST,2025-09-30,6.09,,,6.09,513837,2026-04-08T04:31:49.320364+00:00
264049,LIVINGTRUST,2025-10-02,6.09,,,6.09,57094,2026-04-08T04:31:52.706523+00:00
264168,LIVINGTRUST,2025-10-03,6.09,,,6.09,9334,2026-04-08T04:31:55.311341+00:00
264287,LIVINGTRUST,2025-10-06,6.6,,,6.6,2684916,2026-04-08T04:31:59.803196+00:00
264406,LIVINGTRUST,2025-10-07,5.94,,,5.94,513448,2026-04-08T04:32:02.285104+00:00
264525,LIVINGTRUST,2025-10-08,5.35,,,5.35,1964097,2026-04-08T04:32:04.646463+00:00
264644,LIVINGTRUST,2025-10-09,5.35,,,5.35,3196566,2026-04-08T04:32:07.004133+00:00
264763,LIVINGTRUST,2025-10-10,5.2,,,5.2,12232016,2026-04-08T04:32:10.69692+00:00
264882,LIVINGTRUST,2025-10-13,5.0,,,5.0,2250805,2026-04-08T04:32:15.267586+00:00
265001,LIVINGTRUST,2025-10-14,5.0,,,5.0,181192,2026-04-08T04:32:17.792097+00:00
265120,LIVINGTRUST,2025-10-15,5.0,,,5.0,1515824,2026-04-08T04:32:20.093513+00:00
265239,LIVINGTRUST,2025-10-16,5.0,,,5.0,189360,2026-04-08T04:32:22.728593+00:00
265358,LIVINGTRUST,2025-10-17,4.5,,,4.5,234100,2026-04-08T04:32:25.167177+00:00
265477,LIVINGTRUST,2025-10-20,4.44,,,4.44,3006372,2026-04-08T04:32:29.532096+00:00
265596,LIVINGTRUST,2025-10-21,4.0,,,4.0,2405840,2026-04-08T04:32:31.920152+00:00
265715,LIVINGTRUST,2025-10-22,4.0,,,4.0,548310,2026-04-08T04:32:34.332447+00:00
265834,LIVINGTRUST,2025-10-23,4.18,,,4.18,474667,2026-04-08T04:32:36.79914+00:00
265953,LIVINGTRUST,2025-10-24,4.01,,,4.01,449416,2026-04-08T04:32:39.249323+00:00
266072,LIVINGTRUST,2025-10-28,3.9,,,3.9,558941,2026-04-08T04:32:44.921336+00:00
266191,LIVINGTRUST,2025-10-29,3.9,,,3.9,34913,2026-04-08T04:32:47.450266+00:00
266310,LIVINGTRUST,2025-10-30,3.85,,,3.85,486999,2026-04-08T04:32:49.91761+00:00
266429,LIVINGTRUST,2025-10-31,4.0,,,4.0,766401,2026-04-08T04:32:52.375955+00:00
266548,LIVINGTRUST,2025-11-03,4.0,,,4.0,8317197,2026-04-08T04:32:57.290654+00:00
266667,LIVINGTRUST,2025-11-04,4.14,,,4.14,275396,2026-04-08T04:32:59.739678+00:00
266786,LIVINGTRUST,2025-11-05,4.14,,,4.14,14696,2026-04-08T04:33:02.152799+00:00
266905,LIVINGTRUST,2025-11-06,4.14,,,4.14,10450,2026-04-08T04:33:04.646202+00:00
267024,LIVINGTRUST,2025-11-07,4.14,,,4.14,1100,2026-04-08T04:33:07.145499+00:00
267143,LIVINGTRUST,2025-11-10,4.14,,,4.14,100226,2026-04-08T04:33:11.744122+00:00
267262,LIVINGTRUST,2025-11-11,4.14,,,4.14,127561,2026-04-08T04:33:14.17228+00:00
267381,LIVINGTRUST,2025-11-12,4.14,,,4.14,262422,2026-04-08T04:33:16.719178+00:00
267500,LIVINGTRUST,2025-11-13,4.14,,,4.14,41898,2026-04-08T04:33:19.052814+00:00
267619,LIVINGTRUST,2025-11-14,4.14,,,4.14,35470,2026-04-08T04:33:21.762061+00:00
267738,LIVINGTRUST,2025-11-17,4.14,,,4.14,96327,2026-04-08T04:33:26.271116+00:00
267857,LIVINGTRUST,2025-11-18,3.73,,,3.73,563355,2026-04-08T04:33:29.067053+00:00
267976,LIVINGTRUST,2025-11-19,3.36,,,3.36,2691228,2026-04-08T04:33:31.487527+00:00
268095,LIVINGTRUST,2025-11-20,3.49,,,3.49,7953093,2026-04-08T04:33:33.887172+00:00
268214,LIVINGTRUST,2025-11-21,3.58,,,3.58,4031713,2026-04-08T04:33:36.654129+00:00
268333,LIVINGTRUST,2025-11-24,3.58,,,3.58,484626,2026-04-08T04:33:41.368891+00:00
268452,LIVINGTRUST,2025-11-25,3.58,,,3.58,134032,2026-04-08T04:33:44.004166+00:00
268571,LIVINGTRUST,2025-11-26,3.58,,,3.58,19723,2026-04-08T04:33:46.260048+00:00
268690,LIVINGTRUST,2025-11-27,3.58,,,3.58,22083,2026-04-08T04:33:48.488035+00:00
268809,LIVINGTRUST,2025-11-28,3.58,,,3.58,8733,2026-04-08T04:33:50.826192+00:00
268928,LIVINGTRUST,2025-12-01,3.58,,,3.58,538762,2026-04-08T04:33:55.236541+00:00
269047,LIVINGTRUST,2025-12-02,3.23,,,3.23,1089143,2026-04-08T04:33:57.748335+00:00
269166,LIVINGTRUST,2025-12-03,3.23,,,3.23,71340,2026-04-08T04:34:00.349419+00:00
269285,LIVINGTRUST,2025-12-04,3.23,,,3.23,1540617,2026-04-08T04:34:03.142475+00:00
269404,LIVINGTRUST,2025-12-05,3.38,,,3.38,4624899,2026-04-08T04:34:05.808951+00:00
269523,LIVINGTRUST,2025-12-08,3.61,,,3.61,843852,2026-04-08T04:34:10.334331+00:00
269642,LIVINGTRUST,2025-12-09,3.79,,,3.79,1195119,2026-04-08T04:34:12.926221+00:00
269761,LIVINGTRUST,2025-12-10,3.87,,,3.87,468400,2026-04-08T04:34:15.295879+00:00
269880,LIVINGTRUST,2025-12-11,3.87,,,3.87,55463,2026-04-08T04:34:17.804745+00:00
269999,LIVINGTRUST,2025-12-12,3.78,,,3.78,1851758,2026-04-08T04:34:20.615101+00:00
270118,LIVINGTRUST,2025-12-15,3.85,,,3.85,377451,2026-04-08T04:34:25.240467+00:00
270237,LIVINGTRUST,2025-12-16,3.5,,,3.5,997054,2026-04-08T04:34:27.867795+00:00
270356,LIVINGTRUST,2025-12-18,3.31,,,3.31,5261497,2026-04-08T04:34:31.321522+00:00
270475,LIVINGTRUST,2025-12-19,3.35,,,3.35,5833511,2026-04-08T04:34:33.771022+00:00
270594,LIVINGTRUST,2025-12-22,3.44,,,3.44,509893,2026-04-08T04:34:38.115277+00:00
270713,LIVINGTRUST,2025-12-23,3.74,,,3.74,2313605,2026-04-08T04:34:40.661369+00:00
270832,LIVINGTRUST,2025-12-24,3.68,,,3.68,4540463,2026-04-08T04:34:43.221402+00:00
270951,LIVINGTRUST,2025-12-29,3.8,,,3.8,5615566,2026-04-08T04:34:48.902152+00:00
271070,LIVINGTRUST,2025-12-30,3.42,,,3.42,6684651,2026-04-08T04:34:51.359097+00:00
271189,LIVINGTRUST,2025-12-31,3.45,,,3.45,11507294,2026-04-08T04:34:53.061316+00:00
271308,LIVINGTRUST,2026-01-02,3.4,,,3.4,2197761,2026-04-08T04:34:56.467348+00:00
271427,LIVINGTRUST,2026-01-05,3.42,,,3.42,834947,2026-04-08T04:35:01.008466+00:00
271546,LIVINGTRUST,2026-01-06,3.76,,,3.76,4611535,2026-04-08T04:35:03.366972+00:00
271665,LIVINGTRUST,2026-01-07,3.95,,,3.95,1643710,2026-04-08T04:35:05.819661+00:00
271784,LIVINGTRUST,2026-01-08,4.0,,,4.0,1719823,2026-04-08T04:35:08.163488+00:00
271903,LIVINGTRUST,2026-01-09,4.08,,,4.08,1538222,2026-04-08T04:35:10.591402+00:00
272022,LIVINGTRUST,2026-01-12,4.1,,,4.1,780178,2026-04-08T04:35:15.220756+00:00
272141,LIVINGTRUST,2026-01-13,4.27,,,4.27,343293,2026-04-08T04:35:17.864544+00:00
272260,LIVINGTRUST,2026-01-14,4.49,,,4.49,3757429,2026-04-08T04:35:20.278959+00:00
272379,LIVINGTRUST,2026-01-15,4.92,,,4.92,3816812,2026-04-08T04:35:23.159853+00:00
272498,LIVINGTRUST,2026-01-16,4.91,,,4.91,1092727,2026-04-08T04:35:25.571119+00:00
272617,LIVINGTRUST,2026-01-19,4.44,,,4.44,1475793,2026-04-08T04:35:30.272746+00:00
272737,LIVINGTRUST,2026-01-20,4.88,,,4.88,1780430,2026-04-08T04:35:32.536083+00:00
272857,LIVINGTRUST,2026-01-21,5.36,,,5.36,1929334,2026-04-08T04:35:34.90344+00:00
272977,LIVINGTRUST,2026-01-22,5.36,,,5.36,2869162,2026-04-08T04:35:36.566163+00:00
273097,LIVINGTRUST,2026-01-23,5.15,,,5.15,4980292,2026-04-08T04:35:38.92405+00:00
273217,LIVINGTRUST,2026-01-26,5.15,,,5.15,314266,2026-04-08T04:35:43.383975+00:00
273337,LIVINGTRUST,2026-01-27,5.15,,,5.15,380021,2026-04-08T04:35:45.70946+00:00
273457,LIVINGTRUST,2026-01-28,4.64,,,4.64,1536077,2026-04-08T04:35:48.193808+00:00
273577,LIVINGTRUST,2026-01-29,4.5,,,4.5,2408202,2026-04-08T04:35:50.479528+00:00
273697,LIVINGTRUST,2026-01-30,4.05,,,4.05,458324,2026-04-08T04:35:52.855058+00:00
273817,LIVINGTRUST,2026-02-02,4.35,,,4.35,6712176,2026-04-08T04:35:57.524813+00:00
273937,LIVINGTRUST,2026-02-03,4.74,,,4.74,2236372,2026-04-08T04:36:00.137559+00:00
274057,LIVINGTRUST,2026-02-04,4.74,,,4.74,1038460,2026-04-08T04:36:02.592569+00:00
274177,LIVINGTRUST,2026-02-05,4.85,,,4.85,1348380,2026-04-08T04:36:04.997535+00:00
274297,LIVINGTRUST,2026-02-06,5.14,,,5.14,1000783,2026-04-08T04:36:07.533957+00:00
115,LIVINGTRUST,2026-02-08,,,,5.14,1000783,2026-02-08T00:18:13.946+00:00
274417,LIVINGTRUST,2026-02-09,5.5,,,5.5,10190568,2026-04-08T04:36:12.456447+00:00
274537,LIVINGTRUST,2026-02-10,6.0,,,6.0,7325379,2026-04-08T04:36:14.818506+00:00
274657,LIVINGTRUST,2026-02-11,6.19,,,6.19,4722508,2026-04-08T04:36:17.460702+00:00
230,LIVINGTRUST,2026-02-12,6.3,,,6.3,5796978,2026-02-12T09:23:55.396153+00:00
274897,LIVINGTRUST,2026-02-13,6.54,,,6.54,2475139,2026-04-08T04:36:22.38356+00:00
275017,LIVINGTRUST,2026-02-16,6.54,,,6.54,5523413,2026-04-08T04:36:26.879081+00:00
275137,LIVINGTRUST,2026-02-17,6.54,,,6.54,742240,2026-04-08T04:36:29.440312+00:00
275257,LIVINGTRUST,2026-02-18,6.54,,,6.54,563152,2026-04-08T04:36:31.166521+00:00
275377,LIVINGTRUST,2026-02-19,6.55,,,6.55,1964748,2026-04-08T04:36:33.575564+00:00
567,LIVINGTRUST,2026-02-20,6.55,,,6.55,2066200,2026-02-20T23:15:44.934622+00:00
715,LIVINGTRUST,2026-02-23,5.9,,,5.9,779679,2026-02-23T07:00:01.990412+00:00
863,LIVINGTRUST,2026-02-24,5.35,,,5.35,4191188,2026-02-24T07:00:01.929914+00:00
1011,LIVINGTRUST,2026-02-25,5.35,,,5.35,856638,2026-02-25T07:00:01.953057+00:00
1159,LIVINGTRUST,2026-02-26,5.6,,,5.6,3301098,2026-02-26T07:00:01.915173+00:00
1847,LIVINGTRUST,2026-02-27,5.6,,,5.6,250878,2026-02-27T07:00:02.056517+00:00
2728,LIVINGTRUST,2026-02-28,5.6,,,5.6,250878,2026-02-28T18:00:03.453641+00:00
2876,LIVINGTRUST,2026-03-01,5.6,,,5.6,250878,2026-03-01T18:00:03.821122+00:00
3024,LIVINGTRUST,2026-03-02,5.6,,,5.6,448885,2026-03-02T07:00:01.981706+00:00
3988,LIVINGTRUST,2026-03-03,5.65,,,5.65,1331900,2026-03-03T07:00:01.858909+00:00
5425,LIVINGTRUST,2026-03-04,5.87,,,5.87,664127,2026-03-04T07:00:02.010027+00:00
7143,LIVINGTRUST,2026-03-05,5.87,,,5.87,389818,2026-03-05T07:00:02.0033+00:00
9659,LIVINGTRUST,2026-03-06,5.87,,,5.87,371546,2026-03-06T07:00:02.033178+00:00
11317,LIVINGTRUST,2026-03-07,5.87,,,5.87,371546,2026-03-07T18:00:06.285951+00:00
11465,LIVINGTRUST,2026-03-08,5.87,,,5.87,371546,2026-03-08T18:00:03.574352+00:00
11613,LIVINGTRUST,2026-03-09,5.87,,,5.87,388289,2026-03-09T07:00:02.016534+00:00
14129,LIVINGTRUST,2026-03-10,5.35,,,5.35,624030,2026-03-10T07:00:03.966079+00:00
15969,LIVINGTRUST,2026-03-11,4.82,,,4.82,3520373,2026-03-11T07:00:02.147117+00:00
17685,LIVINGTRUST,2026-03-12,4.82,,,4.82,230603,2026-03-12T07:00:02.06753+00:00
20201,LIVINGTRUST,2026-03-13,4.85,,,4.85,602496,2026-03-13T07:00:01.993197+00:00
23647,LIVINGTRUST,2026-03-16,5.24,,,5.24,5225677,2026-03-16T08:30:01.80086+00:00
25478,LIVINGTRUST,2026-03-17,5.24,,,5.24,155675,2026-03-17T08:30:01.70448+00:00
27341,LIVINGTRUST,2026-03-18,4.8,,,4.8,1030222,2026-03-18T08:30:01.732403+00:00
33155,LIVINGTRUST,2026-03-23,4.8,,,4.8,277651,2026-03-23T08:30:01.705825+00:00
34733,LIVINGTRUST,2026-03-24,4.8,,,4.8,293443,2026-03-24T15:00:01.978259+00:00
34881,LIVINGTRUST,2026-03-25,4.46,,,4.46,678311,2026-03-25T15:00:01.528164+00:00
35029,LIVINGTRUST,2026-03-26,4.88,,,4.88,3237873,2026-03-26T15:00:01.955832+00:00
35177,LIVINGTRUST,2026-03-27,4.8,,,4.8,1506425,2026-03-27T15:00:02.114662+00:00
278257,LIVINGTRUST,2026-03-30,4.8,,,4.8,327660,2026-04-08T04:37:47.74327+00:00
35325,LIVINGTRUST,2026-03-31,4.8,,,4.8,344684,2026-03-31T15:00:02.085058+00:00
278497,LIVINGTRUST,2026-04-01,4.8,,,4.8,138069,2026-04-08T04:37:52.684906+00:00
35473,LIVINGTRUST,2026-04-02,4.8,,,4.8,198565,2026-04-02T15:00:01.864809+00:00
35917,LIVINGTRUST,2026-04-07,4.8,,,4.8,287821,2026-04-07T15:00:01.949344+00:00
278814,LIVINGTRUST,2026-04-08,4.8,,,4.8,283646,2026-04-08T15:00:01.943007+00:00
278961,LIVINGTRUST,2026-04-09,4.32,,,4.32,1294309,2026-04-09T15:00:02.085141+00:00
279107,LIVINGTRUST,2026-04-10,4.32,,,4.32,464748,2026-04-10T15:00:01.352272+00:00
279253,LIVINGTRUST,2026-04-13,4.32,,,4.32,126250,2026-04-13T15:00:02.021173+00:00
279399,LIVINGTRUST,2026-04-14,4.32,,,4.32,144700,2026-04-14T15:00:02.477878+00:00
279545,LIVINGTRUST,2026-04-15,4.32,,,4.32,110157,2026-04-15T15:00:02.184222+00:00
279691,LIVINGTRUST,2026-04-16,4.32,,,4.32,224962,2026-04-16T15:00:02.07143+00:00
279837,LIVINGTRUST,2026-04-17,4.1,,,4.1,1007228,2026-04-17T15:00:02.06245+00:00
279983,LIVINGTRUST,2026-04-20,3.69,,,3.69,2013816,2026-04-20T15:00:01.862344+00:00
280129,LIVINGTRUST,2026-04-21,3.69,,,3.69,812722,2026-04-21T15:00:02.189846+00:00
280275,LIVINGTRUST,2026-04-22,3.36,,,3.36,1373073,2026-04-22T15:00:02.200159+00:00
280421,LIVINGTRUST,2026-04-23,3.36,,,3.36,217562,2026-04-23T15:00:02.125151+00:00
280567,LIVINGTRUST,2026-04-24,3.65,,,3.65,1012927,2026-04-24T15:00:02.20649+00:00
280713,LIVINGTRUST,2026-04-27,3.7,,,3.7,768361,2026-04-27T15:00:02.034997+00:00
280859,LIVINGTRUST,2026-04-28,3.6,,,3.6,997190,2026-04-28T15:00:01.918241+00:00
281005,LIVINGTRUST,2026-04-29,3.4,,,3.4,1739206,2026-04-29T15:00:02.672724+00:00
281151,LIVINGTRUST,2026-04-30,3.38,,,3.38,959241,2026-04-30T15:00:02.170664+00:00
281443,LIVINGTRUST,2026-05-04,3.15,,,3.15,2272097,2026-05-04T15:00:02.156928+00:00
281589,LIVINGTRUST,2026-05-05,3.15,,,3.15,367436,2026-05-05T15:00:01.930748+00:00
281735,LIVINGTRUST,2026-05-06,3.45,,,3.45,1444267,2026-05-06T15:00:01.919787+00:00
281881,LIVINGTRUST,2026-05-07,3.45,,,3.45,533718,2026-05-07T15:00:01.995523+00:00
282027,LIVINGTRUST,2026-05-08,3.52,,,3.52,986710,2026-05-08T15:00:02.118161+00:00
282173,LIVINGTRUST,2026-05-11,3.87,,,3.87,1858759,2026-05-11T15:00:02.243132+00:00
282319,LIVINGTRUST,2026-05-12,4.25,,,4.25,2420739,2026-05-12T15:00:02.325735+00:00
282465,LIVINGTRUST,2026-05-13,4.25,,,4.25,908541,2026-05-13T15:00:01.887561+00:00
282611,LIVINGTRUST,2026-05-14,4.25,,,4.25,701132,2026-05-14T15:00:01.952989+00:00
282757,LIVINGTRUST,2026-05-15,3.83,,,3.83,1135180,2026-05-15T15:00:01.871578+00:00
282903,LIVINGTRUST,2026-05-18,3.83,,,3.83,364002,2026-05-18T15:00:01.868607+00:00
283049,LIVINGTRUST,2026-05-19,3.83,,,3.83,294961,2026-05-19T15:00:01.863653+00:00
283195,LIVINGTRUST,2026-05-20,4.21,,,4.21,796448,2026-05-20T15:00:01.871845+00:00
283341,LIVINGTRUST,2026-05-21,4.21,,,4.21,368039,2026-05-21T15:00:01.939198+00:00
283487,LIVINGTRUST,2026-05-22,4.07,,,4.07,939654,2026-05-22T15:00:02.031345+00:00
283633,LIVINGTRUST,2026-05-25,4.45,,,4.45,787764,2026-05-25T15:00:01.979384+00:00
283779,LIVINGTRUST,2026-05-26,4.45,,,4.45,326004,2026-05-26T15:00:01.996051+00:00
284217,LIVINGTRUST,2026-05-29,4.01,,,4.01,1428030,2026-05-29T15:00:02.455558+00:00
284363,LIVINGTRUST,2026-06-01,4.0,,,4.0,467265,2026-06-01T15:00:02.603507+00:00
284509,LIVINGTRUST,2026-06-02,4.2,,,4.2,1001950,2026-06-02T15:00:02.980523+00:00
284655,LIVINGTRUST,2026-06-03,4.2,,,4.2,306121,2026-06-03T15:00:03.023028+00:00
284801,LIVINGTRUST,2026-06-04,3.96,,,3.96,510117,2026-06-04T15:00:03.321931+00:00
284947,LIVINGTRUST,2026-06-05,3.96,,,3.96,411810,2026-06-05T15:00:03.073061+00:00
285093,LIVINGTRUST,2026-06-08,3.95,,,3.95,921585,2026-06-08T15:00:03.135386+00:00
285239,LIVINGTRUST,2026-06-09,3.95,,,3.95,455119,2026-06-09T15:00:03.53749+00:00
285385,LIVINGTRUST,2026-06-10,3.95,,,3.95,273282,2026-06-10T15:10:03.084397+00:00
285823,LIVINGTRUST,2026-06-11,3.97,,,3.97,1662236,2026-06-11T15:10:02.991492+00:00
287575,LIVINGTRUST,2026-06-15,4.0,,,4.0,717118,2026-06-15T15:10:02.896252+00:00
288451,LIVINGTRUST,2026-06-16,4.0,,,4.0,402235,2026-06-16T15:10:02.87997+00:00
289327,LIVINGTRUST,2026-06-17,3.8,,,3.8,374029,2026-06-17T15:10:02.980097+00:00
289765,LIVINGTRUST,2026-06-18,3.8,,,3.8,186522,2026-06-18T15:10:02.932064+00:00
290349,LIVINGTRUST,2026-06-19,4.0,,,4.0,584260,2026-06-19T15:10:02.959085+00:00
291079,LIVINGTRUST,2026-06-22,4.0,,,4.0,162652,2026-06-22T15:10:03.140564+00:00
291663,LIVINGTRUST,2026-06-23,4.0,,,4.0,92032,2026-06-23T15:10:03.017319+00:00
292247,LIVINGTRUST,2026-06-24,4.0,,,4.0,32711,2026-06-24T15:10:03.053149+00:00
292831,LIVINGTRUST,2026-06-25,4.0,,,4.0,43192,2026-06-25T15:10:02.973562+00:00
293269,LIVINGTRUST,2026-06-26,3.62,,,3.62,425056,2026-06-26T15:10:03.012808+00:00
293707,LIVINGTRUST,2026-06-29,3.62,,,3.62,229311,2026-06-29T15:10:03.028054+00:00
294145,LIVINGTRUST,2026-06-30,3.58,,,3.58,1089561,2026-06-30T15:10:03.08168+00:00
294583,LIVINGTRUST,2026-07-01,3.8,,,3.8,679156,2026-07-01T15:10:03.133226+00:00
295021,LIVINGTRUST,2026-07-02,3.76,,,3.76,724180,2026-07-02T15:10:03.065554+00:00
295459,LIVINGTRUST,2026-07-03,3.76,,,3.76,33813,2026-07-03T15:10:03.019266+00:00
295897,LIVINGTRUST,2026-07-06,3.76,,,3.76,140861,2026-07-06T15:10:03.100823+00:00
296335,LIVINGTRUST,2026-07-07,3.76,,,3.76,260197,2026-07-07T15:10:03.687653+00:00
296773,LIVINGTRUST,2026-07-08,3.76,,,3.76,81258,2026-07-08T15:10:02.922872+00:00
297212,LIVINGTRUST,2026-07-09,3.76,,,3.76,63053,2026-07-09T15:10:03.041812+00:00
297650,LIVINGTRUST,2026-07-10,3.39,,,3.39,1327647,2026-07-10T15:10:03.284445+00:00
298088,LIVINGTRUST,2026-07-13,3.39,,,3.39,1831440,2026-07-13T15:10:02.995074+00:00
298526,LIVINGTRUST,2026-07-14,3.39,,,3.39,47303,2026-07-14T15:10:03.094441+00:00
298964,LIVINGTRUST,2026-07-15,3.39,,,3.39,20769,2026-07-15T15:10:03.078609+00:00
299402,LIVINGTRUST,2026-07-16,3.39,,,3.39,86050,2026-07-16T15:10:03.113936+00:00
299840,LIVINGTRUST,2026-07-17,3.72,,,3.72,447165,2026-07-17T15:10:03.053983+00:00
