id,symbol,trade_date,open_price,high_price,low_price,close_price,volume,created_at
42831,MORISON,2017-01-03,1.65,,,1.65,0.0,2026-04-08T02:41:25.765521+00:00
43391,MORISON,2017-01-04,1.65,,,1.65,0.0,2026-04-08T02:42:20.164398+00:00
43501,MORISON,2017-01-05,1.65,,,1.65,0.0,2026-04-08T02:42:22.380516+00:00
43611,MORISON,2017-01-06,1.65,,,1.65,0.0,2026-04-08T02:42:23.84796+00:00
43701,MORISON,2017-01-09,1.65,,,1.65,0.0,2026-04-08T02:42:26.938159+00:00
43811,MORISON,2017-01-10,1.65,,,1.65,0.0,2026-04-08T02:42:29.227202+00:00
43921,MORISON,2017-01-11,1.65,,,1.65,500.0,2026-04-08T02:42:30.799441+00:00
44011,MORISON,2017-01-12,1.65,,,1.65,100.0,2026-04-08T02:42:32.390658+00:00
44141,MORISON,2017-01-13,1.65,,,1.65,0.0,2026-04-08T02:42:34.853543+00:00
44231,MORISON,2017-01-16,1.65,,,1.65,115.0,2026-04-08T02:42:38.72803+00:00
44341,MORISON,2017-01-17,1.65,,,1.65,0.0,2026-04-08T02:42:41.056228+00:00
44451,MORISON,2017-01-18,1.65,,,1.65,0.0,2026-04-08T02:42:42.795307+00:00
44541,MORISON,2017-01-19,1.65,,,1.65,100.0,2026-04-08T02:42:44.39781+00:00
44651,MORISON,2017-01-20,1.65,,,1.65,0.0,2026-04-08T02:42:46.643743+00:00
44761,MORISON,2017-01-23,1.65,,,1.65,0.0,2026-04-08T02:42:49.827664+00:00
44871,MORISON,2017-01-24,1.65,,,1.65,0.0,2026-04-08T02:42:51.574002+00:00
44961,MORISON,2017-01-25,1.65,,,1.65,1080.0,2026-04-08T02:42:54.05787+00:00
45071,MORISON,2017-01-26,1.65,,,1.65,0.0,2026-04-08T02:42:55.759+00:00
45181,MORISON,2017-01-27,1.65,,,1.65,0.0,2026-04-08T02:42:57.462271+00:00
45291,MORISON,2017-01-30,1.65,,,1.65,200.0,2026-04-08T02:43:00.905282+00:00
45401,MORISON,2017-01-31,1.65,,,1.65,0.0,2026-04-08T02:43:03.07753+00:00
45511,MORISON,2017-02-01,1.65,,,1.65,100.0,2026-04-08T02:43:04.619173+00:00
45601,MORISON,2017-02-02,1.65,,,1.65,0.0,2026-04-08T02:43:06.209007+00:00
45711,MORISON,2017-02-03,1.65,,,1.65,0.0,2026-04-08T02:43:08.490666+00:00
45821,MORISON,2017-02-06,1.65,,,1.65,500.0,2026-04-08T02:43:11.037852+00:00
45931,MORISON,2017-02-07,1.65,,,1.65,0.0,2026-04-08T02:43:12.662822+00:00
46021,MORISON,2017-02-08,1.65,,,1.65,10.0,2026-04-08T02:43:14.224877+00:00
46132,MORISON,2017-02-09,1.65,,,1.65,100.0,2026-04-08T02:43:16.408746+00:00
46243,MORISON,2017-02-10,1.65,,,1.65,716.0,2026-04-08T02:43:18.597686+00:00
46335,MORISON,2017-02-13,1.65,,,1.65,300.0,2026-04-08T02:43:22.775561+00:00
46447,MORISON,2017-02-14,1.65,,,1.65,0.0,2026-04-08T02:43:24.286485+00:00
46559,MORISON,2017-02-15,1.65,,,1.65,0.0,2026-04-08T02:43:26.422065+00:00
46671,MORISON,2017-02-16,1.65,,,1.65,100.0,2026-04-08T02:43:28.597754+00:00
46763,MORISON,2017-02-17,1.65,,,1.65,0.0,2026-04-08T02:43:31.044717+00:00
49431,MORISON,2017-02-20,1.65,,,1.65,0.0,2026-04-08T02:51:00.639833+00:00
49523,MORISON,2017-02-21,1.65,,,1.65,530.0,2026-04-08T02:51:03.098475+00:00
46855,MORISON,2017-02-22,1.65,,,1.65,0.0,2026-04-08T02:44:33.152084+00:00
46947,MORISON,2017-02-23,1.65,,,1.65,0.0,2026-04-08T02:44:35.448225+00:00
47039,MORISON,2017-02-24,1.65,,,1.65,2200.0,2026-04-08T02:44:37.781529+00:00
47131,MORISON,2017-02-27,1.65,,,1.65,0.0,2026-04-08T02:44:42.101817+00:00
47223,MORISON,2017-02-28,1.65,,,1.65,100.0,2026-04-08T02:44:45.006295+00:00
47315,MORISON,2017-03-01,1.65,,,1.65,0.0,2026-04-08T02:44:47.332471+00:00
47407,MORISON,2017-03-02,1.65,,,1.65,0.0,2026-04-08T02:44:49.657807+00:00
47499,MORISON,2017-03-03,1.65,,,1.65,1000.0,2026-04-08T02:44:51.301699+00:00
47591,MORISON,2017-03-06,1.65,,,1.65,3136.0,2026-04-08T02:44:56.024588+00:00
47683,MORISON,2017-03-07,1.65,,,1.65,0.0,2026-04-08T02:44:58.263872+00:00
47775,MORISON,2017-03-08,1.65,,,1.65,0.0,2026-04-08T02:44:59.957789+00:00
47867,MORISON,2017-03-09,1.65,,,1.65,0.0,2026-04-08T02:45:01.661944+00:00
47959,MORISON,2017-03-10,1.65,,,1.65,210.0,2026-04-08T02:45:03.96312+00:00
48051,MORISON,2017-03-13,1.65,,,1.65,1000.0,2026-04-08T02:45:08.663664+00:00
48143,MORISON,2017-03-14,1.65,,,1.65,0.0,2026-04-08T02:45:11.088473+00:00
48235,MORISON,2017-03-15,1.65,,,1.65,0.0,2026-04-08T02:45:12.861206+00:00
48327,MORISON,2017-03-16,1.65,,,1.65,0.0,2026-04-08T02:45:15.084197+00:00
48419,MORISON,2017-03-17,1.65,,,1.65,0.0,2026-04-08T02:45:17.543831+00:00
48511,MORISON,2017-03-20,1.65,,,1.65,0.0,2026-04-08T02:45:21.873889+00:00
48603,MORISON,2017-03-21,1.65,,,1.65,82375.0,2026-04-08T02:45:25.078347+00:00
48695,MORISON,2017-03-22,1.65,,,1.65,1022.0,2026-04-08T02:45:26.626215+00:00
48787,MORISON,2017-03-23,1.65,,,1.65,520.0,2026-04-08T02:45:28.377346+00:00
48879,MORISON,2017-03-24,1.65,,,1.65,23000.0,2026-04-08T02:45:30.775015+00:00
48971,MORISON,2017-03-27,1.65,,,1.65,0.0,2026-04-08T02:45:34.704999+00:00
49063,MORISON,2017-03-28,1.65,,,1.65,4251.0,2026-04-08T02:45:36.347457+00:00
49155,MORISON,2017-03-29,1.65,,,1.65,1153.0,2026-04-08T02:45:38.731306+00:00
49247,MORISON,2017-03-30,1.65,,,1.65,0.0,2026-04-08T02:45:40.513553+00:00
49339,MORISON,2017-03-31,1.65,,,1.65,0.0,2026-04-08T02:45:42.281198+00:00
49615,MORISON,2017-04-03,1.65,,,1.65,0.0,2026-04-08T02:51:07.481095+00:00
49707,MORISON,2017-04-04,1.65,,,1.65,90.0,2026-04-08T02:51:09.86923+00:00
49799,MORISON,2017-04-05,1.65,,,1.65,2961.0,2026-04-08T02:51:12.308135+00:00
49891,MORISON,2017-04-06,1.65,,,1.65,0.0,2026-04-08T02:51:14.846493+00:00
49983,MORISON,2017-04-07,1.65,,,1.65,0.0,2026-04-08T02:51:17.320635+00:00
50074,MORISON,2017-04-10,1.65,,,1.65,20498.0,2026-04-08T02:51:21.583607+00:00
50165,MORISON,2017-04-11,1.65,,,1.65,62576.0,2026-04-08T02:51:23.796131+00:00
50256,MORISON,2017-04-12,1.65,,,1.65,0.0,2026-04-08T02:51:26.28287+00:00
50347,MORISON,2017-04-13,1.65,,,1.65,0.0,2026-04-08T02:51:28.606475+00:00
50438,MORISON,2017-04-18,1.65,,,1.65,0.0,2026-04-08T02:51:35.070654+00:00
50529,MORISON,2017-04-19,1.65,,,1.65,0.0,2026-04-08T02:51:37.390681+00:00
50620,MORISON,2017-04-20,1.65,,,1.65,0.0,2026-04-08T02:51:39.751187+00:00
50711,MORISON,2017-04-21,1.65,,,1.65,1387.0,2026-04-08T02:51:42.059234+00:00
50802,MORISON,2017-04-24,1.65,,,1.65,0.0,2026-04-08T02:51:46.271638+00:00
50893,MORISON,2017-04-25,1.65,,,1.65,5000.0,2026-04-08T02:51:48.506234+00:00
50984,MORISON,2017-04-26,1.65,,,1.65,0.0,2026-04-08T02:51:50.787758+00:00
51075,MORISON,2017-04-27,1.65,,,1.65,8200.0,2026-04-08T02:51:53.168104+00:00
51166,MORISON,2017-04-28,1.65,,,1.65,0.0,2026-04-08T02:51:55.619599+00:00
51257,MORISON,2017-05-02,1.65,,,1.65,0.0,2026-04-08T02:52:01.291461+00:00
51348,MORISON,2017-05-03,1.65,,,1.65,0.0,2026-04-08T02:52:03.619408+00:00
51439,MORISON,2017-05-04,1.65,,,1.65,0.0,2026-04-08T02:52:06.041901+00:00
51530,MORISON,2017-05-05,1.65,,,1.65,0.0,2026-04-08T02:52:08.320033+00:00
51621,MORISON,2017-05-08,1.65,,,1.65,0.0,2026-04-08T02:52:12.828428+00:00
51712,MORISON,2017-05-09,1.65,,,1.65,0.0,2026-04-08T02:52:15.102333+00:00
51803,MORISON,2017-05-10,1.65,,,1.65,0.0,2026-04-08T02:52:17.709352+00:00
51894,MORISON,2017-05-11,1.65,,,1.65,2050.0,2026-04-08T02:52:19.900179+00:00
51985,MORISON,2017-05-12,1.65,,,1.65,0.0,2026-04-08T02:52:22.170941+00:00
52077,MORISON,2017-05-15,1.65,,,1.65,38200.0,2026-04-08T02:52:26.563035+00:00
52169,MORISON,2017-05-16,1.65,,,1.65,0.0,2026-04-08T02:52:28.807233+00:00
52261,MORISON,2017-05-17,1.65,,,1.65,0.0,2026-04-08T02:52:31.099411+00:00
52353,MORISON,2017-05-18,1.65,,,1.65,500.0,2026-04-08T02:52:33.303088+00:00
52445,MORISON,2017-05-19,1.65,,,1.65,1117.0,2026-04-08T02:52:35.640534+00:00
52537,MORISON,2017-05-22,1.65,,,1.65,0.0,2026-04-08T02:52:39.854932+00:00
52629,MORISON,2017-05-23,1.65,,,1.65,833.0,2026-04-08T02:52:42.264162+00:00
52721,MORISON,2017-05-24,1.65,,,1.65,1000.0,2026-04-08T02:52:44.613941+00:00
52813,MORISON,2017-05-25,1.65,,,1.65,0.0,2026-04-08T02:52:46.963191+00:00
52905,MORISON,2017-05-26,1.65,,,1.65,10000.0,2026-04-08T02:52:49.347152+00:00
52997,MORISON,2017-05-30,1.65,,,1.65,500.0,2026-04-08T02:52:54.942696+00:00
53089,MORISON,2017-05-31,1.65,,,1.65,0.0,2026-04-08T02:52:57.421655+00:00
53181,MORISON,2017-06-01,1.65,,,1.65,0.0,2026-04-08T02:52:59.649981+00:00
53273,MORISON,2017-06-02,1.65,,,1.65,0.0,2026-04-08T02:53:02.056444+00:00
53365,MORISON,2017-06-05,1.65,,,1.65,0.0,2026-04-08T02:53:06.428901+00:00
53457,MORISON,2017-06-06,1.65,,,1.65,0.0,2026-04-08T02:53:08.604609+00:00
53549,MORISON,2017-06-07,1.65,,,1.65,100.0,2026-04-08T02:53:10.833265+00:00
53641,MORISON,2017-06-08,1.65,,,1.65,0.0,2026-04-08T02:53:13.196386+00:00
53733,MORISON,2017-06-09,1.65,,,1.65,3080.0,2026-04-08T02:53:15.53674+00:00
53825,MORISON,2017-06-12,1.65,,,1.65,1000.0,2026-04-08T02:53:19.709801+00:00
53917,MORISON,2017-06-13,1.65,,,1.65,2231.0,2026-04-08T02:53:22.046011+00:00
54009,MORISON,2017-06-14,1.65,,,1.65,0.0,2026-04-08T02:53:24.253383+00:00
54101,MORISON,2017-06-15,1.65,,,1.65,2812.0,2026-04-08T02:53:26.527181+00:00
54193,MORISON,2017-06-16,1.65,,,1.65,5998.0,2026-04-08T02:53:28.80273+00:00
54285,MORISON,2017-06-19,1.65,,,1.65,0.0,2026-04-08T02:53:33.036647+00:00
54377,MORISON,2017-06-20,1.65,,,1.65,0.0,2026-04-08T02:53:35.524675+00:00
54469,MORISON,2017-06-21,1.65,,,1.65,0.0,2026-04-08T02:53:37.865913+00:00
54561,MORISON,2017-06-22,1.65,,,1.65,0.0,2026-04-08T02:53:40.094955+00:00
54653,MORISON,2017-06-23,1.65,,,1.65,23.0,2026-04-08T02:53:42.493578+00:00
54745,MORISON,2017-06-28,1.65,,,1.65,0.0,2026-04-08T02:53:49.135881+00:00
54837,MORISON,2017-06-29,1.65,,,1.65,0.0,2026-04-08T02:53:51.51214+00:00
54929,MORISON,2017-06-30,1.65,,,1.65,0.0,2026-04-08T02:53:53.827964+00:00
55021,MORISON,2017-07-03,1.65,,,1.65,0.0,2026-04-08T02:53:58.279599+00:00
55113,MORISON,2017-07-04,1.65,,,1.65,0.0,2026-04-08T02:54:00.563227+00:00
55205,MORISON,2017-07-05,1.65,,,1.65,0.0,2026-04-08T02:54:02.831513+00:00
55297,MORISON,2017-07-06,1.65,,,1.65,0.0,2026-04-08T02:54:05.078114+00:00
55389,MORISON,2017-07-07,1.65,,,1.65,1000.0,2026-04-08T02:54:07.286065+00:00
55481,MORISON,2017-07-10,1.65,,,1.65,0.0,2026-04-08T02:54:11.798817+00:00
55573,MORISON,2017-07-11,1.65,,,1.65,1700.0,2026-04-08T02:54:14.116532+00:00
55662,MORISON,2017-07-12,1.65,,,1.65,8050.0,2026-04-08T02:54:16.498015+00:00
55749,MORISON,2017-07-13,1.65,,,1.65,36715.0,2026-04-08T02:54:18.840036+00:00
55839,MORISON,2017-07-14,1.65,,,1.65,100.0,2026-04-08T02:54:21.336813+00:00
55931,MORISON,2017-07-17,1.65,,,1.65,0.0,2026-04-08T02:54:25.561903+00:00
56023,MORISON,2017-07-18,1.65,,,1.65,100.0,2026-04-08T02:54:28.120242+00:00
56115,MORISON,2017-07-19,1.65,,,1.65,0.0,2026-04-08T02:54:30.645734+00:00
56207,MORISON,2017-07-20,1.65,,,1.65,1000.0,2026-04-08T02:54:33.025266+00:00
56299,MORISON,2017-07-21,1.65,,,1.65,0.0,2026-04-08T02:54:35.480817+00:00
56391,MORISON,2017-07-24,1.57,,,1.57,98940.0,2026-04-08T02:54:39.934321+00:00
56483,MORISON,2017-07-26,1.43,,,1.43,0.0,2026-04-08T02:54:43.20598+00:00
56575,MORISON,2017-07-27,1.36,,,1.36,54000.0,2026-04-08T02:54:45.547579+00:00
56667,MORISON,2017-07-28,1.36,,,1.36,100.0,2026-04-08T02:54:47.918804+00:00
56759,MORISON,2017-07-31,1.3,,,1.3,52574.0,2026-04-08T02:54:52.464984+00:00
56851,MORISON,2017-08-01,1.18,,,1.18,51950.0,2026-04-08T02:54:54.790805+00:00
56943,MORISON,2017-08-02,1.18,,,1.18,200.0,2026-04-08T02:54:57.117603+00:00
57035,MORISON,2017-08-03,1.18,,,1.18,0.0,2026-04-08T02:54:59.3729+00:00
57127,MORISON,2017-08-04,1.13,,,1.13,94076.0,2026-04-08T02:55:01.592641+00:00
57219,MORISON,2017-08-07,1.13,,,1.13,25633.0,2026-04-08T02:55:06.418828+00:00
57311,MORISON,2017-08-08,1.03,,,1.03,51229.0,2026-04-08T02:55:08.763983+00:00
57403,MORISON,2017-08-09,1.03,,,1.03,11820.0,2026-04-08T02:55:11.057796+00:00
57495,MORISON,2017-08-10,0.98,,,0.98,53530.0,2026-04-08T02:55:13.401484+00:00
57587,MORISON,2017-08-11,0.98,,,0.98,28218.0,2026-04-08T02:55:15.670877+00:00
57679,MORISON,2017-08-14,0.98,,,0.98,2783.0,2026-04-08T02:55:20.026285+00:00
57771,MORISON,2017-08-15,0.9,,,0.9,53030.0,2026-04-08T02:55:22.633816+00:00
57863,MORISON,2017-08-16,0.9,,,0.9,0.0,2026-04-08T02:55:24.979188+00:00
57955,MORISON,2017-08-17,0.9,,,0.9,0.0,2026-04-08T02:55:27.3994+00:00
58047,MORISON,2017-08-18,0.9,,,0.9,0.0,2026-04-08T02:55:29.67842+00:00
58139,MORISON,2017-08-21,0.9,,,0.9,20.0,2026-04-08T02:55:34.023067+00:00
58231,MORISON,2017-08-22,0.9,,,0.9,0.0,2026-04-08T02:55:36.334754+00:00
58323,MORISON,2017-08-23,0.9,,,0.9,0.0,2026-04-08T02:55:38.717606+00:00
58415,MORISON,2017-08-24,0.9,,,0.9,21218.0,2026-04-08T02:55:41.242089+00:00
58507,MORISON,2017-08-25,0.9,,,0.9,0.0,2026-04-08T02:55:43.579232+00:00
58599,MORISON,2017-08-28,0.9,,,0.9,0.0,2026-04-08T02:55:48.020598+00:00
58691,MORISON,2017-08-29,0.86,,,0.86,58566.0,2026-04-08T02:55:50.281022+00:00
58783,MORISON,2017-08-30,0.86,,,0.86,500.0,2026-04-08T02:55:52.499005+00:00
58875,MORISON,2017-08-31,0.82,,,0.82,73250.0,2026-04-08T02:55:54.947048+00:00
58967,MORISON,2017-09-05,0.82,,,0.82,2000.0,2026-04-08T02:56:01.572419+00:00
59059,MORISON,2017-09-06,0.78,,,0.78,53653.0,2026-04-08T02:56:03.885356+00:00
59151,MORISON,2017-09-07,0.78,,,0.78,0.0,2026-04-08T02:56:06.19045+00:00
59243,MORISON,2017-09-11,0.78,,,0.78,1051.0,2026-04-08T02:56:11.370569+00:00
59335,MORISON,2017-09-12,0.78,,,0.78,0.0,2026-04-08T02:56:13.892416+00:00
59427,MORISON,2017-09-13,0.78,,,0.78,1200.0,2026-04-08T02:56:16.312215+00:00
59519,MORISON,2017-09-14,0.78,,,0.78,270.0,2026-04-08T02:56:18.601168+00:00
59611,MORISON,2017-09-15,0.78,,,0.78,1200.0,2026-04-08T02:56:20.93666+00:00
59703,MORISON,2017-09-16,0.78,,,0.78,3560.0,2026-04-08T02:56:23.148937+00:00
59795,MORISON,2017-09-19,0.78,,,0.78,500.0,2026-04-08T02:56:27.358465+00:00
59887,MORISON,2017-09-20,0.78,,,0.78,1500.0,2026-04-08T02:56:29.683375+00:00
59979,MORISON,2017-09-21,0.75,,,0.75,58432.0,2026-04-08T02:56:31.851594+00:00
60071,MORISON,2017-09-22,0.75,,,0.75,0.0,2026-04-08T02:56:34.007646+00:00
60163,MORISON,2017-09-25,0.75,,,0.75,0.0,2026-04-08T02:56:38.385386+00:00
60255,MORISON,2017-09-26,0.72,,,0.72,100000.0,2026-04-08T02:56:40.657356+00:00
60347,MORISON,2017-09-27,0.66,,,0.66,96364.0,2026-04-08T02:56:42.968732+00:00
60439,MORISON,2017-09-28,0.66,,,0.66,0.0,2026-04-08T02:56:45.128996+00:00
60531,MORISON,2017-09-29,0.66,,,0.66,0.0,2026-04-08T02:56:47.398677+00:00
60623,MORISON,2017-10-03,0.66,,,0.66,0.0,2026-04-08T02:56:52.779733+00:00
60715,MORISON,2017-10-04,0.66,,,0.66,0.0,2026-04-08T02:56:55.065177+00:00
60807,MORISON,2017-10-05,0.66,,,0.66,0.0,2026-04-08T02:56:57.377802+00:00
60899,MORISON,2017-10-06,0.66,,,0.66,5200.0,2026-04-08T02:56:59.661092+00:00
60991,MORISON,2017-10-09,0.66,,,0.66,600.0,2026-04-08T02:57:04.043492+00:00
61083,MORISON,2017-10-10,0.66,,,0.66,0.0,2026-04-08T02:57:06.326055+00:00
61175,MORISON,2017-10-11,0.63,,,0.63,125097.0,2026-04-08T02:57:08.620281+00:00
61267,MORISON,2017-10-12,0.63,,,0.63,0.0,2026-04-08T02:57:10.950839+00:00
61359,MORISON,2017-10-13,0.63,,,0.63,0.0,2026-04-08T02:57:13.525709+00:00
61451,MORISON,2017-10-16,0.63,,,0.63,0.0,2026-04-08T02:57:17.895676+00:00
61543,MORISON,2017-10-17,0.63,,,0.63,125.0,2026-04-08T02:57:20.31307+00:00
61635,MORISON,2017-10-18,0.63,,,0.63,0.0,2026-04-08T02:57:22.526226+00:00
61727,MORISON,2017-10-19,0.63,,,0.63,0.0,2026-04-08T02:57:24.865827+00:00
61819,MORISON,2017-10-20,0.63,,,0.63,5275.0,2026-04-08T02:57:27.091081+00:00
61911,MORISON,2017-10-23,0.63,,,0.63,0.0,2026-04-08T02:57:31.703062+00:00
62003,MORISON,2017-10-24,0.63,,,0.63,2952.0,2026-04-08T02:57:34.020008+00:00
62095,MORISON,2017-10-25,0.63,,,0.63,2000.0,2026-04-08T02:57:36.254878+00:00
62187,MORISON,2017-10-26,0.63,,,0.63,3000.0,2026-04-08T02:57:38.639324+00:00
62279,MORISON,2017-10-27,0.63,,,0.63,333.0,2026-04-08T02:57:40.810349+00:00
62371,MORISON,2017-10-30,0.6,,,0.6,68082.0,2026-04-08T02:57:45.233404+00:00
62463,MORISON,2017-10-31,0.6,,,0.6,0.0,2026-04-08T02:57:47.538171+00:00
62555,MORISON,2017-11-01,0.6,,,0.6,200.0,2026-04-08T02:57:49.900698+00:00
62647,MORISON,2017-11-02,0.6,,,0.6,0.0,2026-04-08T02:57:52.192143+00:00
62739,MORISON,2017-11-03,0.6,,,0.6,110.0,2026-04-08T02:57:54.512232+00:00
62831,MORISON,2017-11-06,0.6,,,0.6,0.0,2026-04-08T02:57:59.23147+00:00
62923,MORISON,2017-11-07,0.57,,,0.57,148490.0,2026-04-08T02:58:01.524363+00:00
63015,MORISON,2017-11-08,0.57,,,0.57,30743.0,2026-04-08T02:58:03.79912+00:00
63107,MORISON,2017-11-09,0.57,,,0.57,0.0,2026-04-08T02:58:06.050925+00:00
63199,MORISON,2017-11-10,0.57,,,0.57,0.0,2026-04-08T02:58:08.423322+00:00
63291,MORISON,2017-11-13,0.57,,,0.57,100.0,2026-04-08T02:58:12.832851+00:00
63383,MORISON,2017-11-14,0.57,,,0.57,0.0,2026-04-08T02:58:15.182817+00:00
63475,MORISON,2017-11-15,0.57,,,0.57,0.0,2026-04-08T02:58:17.483941+00:00
63567,MORISON,2017-11-16,0.57,,,0.57,400.0,2026-04-08T02:58:19.932158+00:00
63659,MORISON,2017-11-17,0.57,,,0.57,0.0,2026-04-08T02:58:22.230505+00:00
63751,MORISON,2017-11-20,0.57,,,0.57,0.0,2026-04-08T02:58:26.609741+00:00
63843,MORISON,2017-11-21,0.57,,,0.57,0.0,2026-04-08T02:58:29.044371+00:00
63935,MORISON,2017-11-22,0.57,,,0.57,0.0,2026-04-08T02:58:31.282092+00:00
64027,MORISON,2017-11-23,0.57,,,0.57,0.0,2026-04-08T02:58:33.589475+00:00
64119,MORISON,2017-11-24,0.57,,,0.57,0.0,2026-04-08T02:58:35.965247+00:00
64211,MORISON,2017-11-27,0.57,,,0.57,0.0,2026-04-08T02:58:40.303262+00:00
64303,MORISON,2017-11-28,0.57,,,0.57,1600.0,2026-04-08T02:58:42.596324+00:00
64395,MORISON,2017-11-29,0.55,,,0.55,386441.0,2026-04-08T02:58:44.979081+00:00
64487,MORISON,2017-11-30,0.55,,,0.55,0.0,2026-04-08T02:58:47.226359+00:00
64579,MORISON,2017-12-04,0.55,,,0.55,0.0,2026-04-08T02:58:52.54699+00:00
64671,MORISON,2017-12-05,0.55,,,0.55,0.0,2026-04-08T02:58:54.773083+00:00
64763,MORISON,2017-12-06,0.53,,,0.53,173824.0,2026-04-08T02:58:57.263783+00:00
64855,MORISON,2017-12-07,0.53,,,0.53,0.0,2026-04-08T02:58:59.55462+00:00
64947,MORISON,2017-12-08,0.53,,,0.53,0.0,2026-04-08T02:59:01.865905+00:00
65039,MORISON,2017-12-11,0.53,,,0.53,0.0,2026-04-08T02:59:06.715792+00:00
65131,MORISON,2017-12-12,0.53,,,0.53,0.0,2026-04-08T02:59:09.170602+00:00
65223,MORISON,2017-12-13,0.53,,,0.53,500.0,2026-04-08T02:59:11.522814+00:00
65315,MORISON,2017-12-14,0.53,,,0.53,0.0,2026-04-08T02:59:13.751616+00:00
65407,MORISON,2017-12-15,0.53,,,0.53,0.0,2026-04-08T02:59:16.016878+00:00
65499,MORISON,2017-12-18,0.53,,,0.53,0.0,2026-04-08T02:59:20.496704+00:00
65591,MORISON,2017-12-19,0.53,,,0.53,6100.0,2026-04-08T02:59:22.691103+00:00
65683,MORISON,2017-12-20,0.53,,,0.53,0.0,2026-04-08T02:59:25.001427+00:00
65775,MORISON,2017-12-21,0.53,,,0.53,2811.0,2026-04-08T02:59:27.554405+00:00
65867,MORISON,2017-12-22,0.53,,,0.53,338.0,2026-04-08T02:59:29.82771+00:00
65959,MORISON,2017-12-27,0.53,,,0.53,0.0,2026-04-08T02:59:36.63878+00:00
66051,MORISON,2017-12-28,0.53,,,0.53,0.0,2026-04-08T02:59:39.04539+00:00
66143,MORISON,2017-12-29,0.53,,,0.53,0.0,2026-04-08T02:59:41.445401+00:00
66235,MORISON,2018-01-02,0.53,,,0.53,0.0,2026-04-08T02:59:46.944851+00:00
66327,MORISON,2018-01-03,0.53,,,0.53,8670.0,2026-04-08T02:59:49.25236+00:00
66419,MORISON,2018-01-04,0.53,,,0.53,0.0,2026-04-08T02:59:51.440942+00:00
66511,MORISON,2018-01-05,0.53,,,0.53,2500.0,2026-04-08T02:59:53.632679+00:00
66603,MORISON,2018-01-08,0.53,,,0.53,50.0,2026-04-08T02:59:58.187375+00:00
66695,MORISON,2018-01-09,0.53,,,0.53,0.0,2026-04-08T03:00:00.526076+00:00
66787,MORISON,2018-01-10,0.53,,,0.53,0.0,2026-04-08T03:00:02.789006+00:00
66879,MORISON,2018-01-11,0.53,,,0.53,500.0,2026-04-08T03:00:05.007224+00:00
66971,MORISON,2018-01-12,0.53,,,0.53,0.0,2026-04-08T03:00:07.437621+00:00
67063,MORISON,2018-01-15,0.53,,,0.53,0.0,2026-04-08T03:00:11.967979+00:00
67155,MORISON,2018-01-16,0.53,,,0.53,5000.0,2026-04-08T03:00:14.274869+00:00
67247,MORISON,2018-01-17,0.53,,,0.53,3513.0,2026-04-08T03:00:16.592861+00:00
67339,MORISON,2018-01-18,0.53,,,0.53,1843.0,2026-04-08T03:00:18.874572+00:00
67431,MORISON,2018-01-19,0.53,,,0.53,0.0,2026-04-08T03:00:21.223293+00:00
67523,MORISON,2018-01-22,0.53,,,0.53,0.0,2026-04-08T03:00:25.613479+00:00
67615,MORISON,2018-01-23,0.53,,,0.53,1012.0,2026-04-08T03:00:27.792672+00:00
67707,MORISON,2018-01-24,0.53,,,0.53,0.0,2026-04-08T03:00:29.955701+00:00
67799,MORISON,2018-01-25,0.53,,,0.53,500.0,2026-04-08T03:00:32.149736+00:00
67891,MORISON,2018-01-26,0.53,,,0.53,0.0,2026-04-08T03:00:34.314441+00:00
67983,MORISON,2018-01-30,0.53,,,0.53,90212.0,2026-04-08T03:00:39.498781+00:00
68075,MORISON,2018-01-31,0.53,,,0.53,1958.0,2026-04-08T03:00:41.874276+00:00
68167,MORISON,2018-02-01,0.53,,,0.53,100.0,2026-04-08T03:00:44.260901+00:00
68259,MORISON,2018-02-02,0.53,,,0.53,3000.0,2026-04-08T03:00:46.552556+00:00
68351,MORISON,2018-02-05,0.53,,,0.53,0.0,2026-04-08T03:00:50.820837+00:00
68443,MORISON,2018-02-06,0.53,,,0.53,0.0,2026-04-08T03:00:53.862975+00:00
68535,MORISON,2018-02-07,0.53,,,0.53,0.0,2026-04-08T03:00:56.249659+00:00
68627,MORISON,2018-02-08,0.53,,,0.53,0.0,2026-04-08T03:00:58.532515+00:00
68719,MORISON,2018-02-12,0.53,,,0.53,420.0,2026-04-08T03:01:04.382325+00:00
68811,MORISON,2018-02-13,0.53,,,0.53,0.0,2026-04-08T03:01:06.5746+00:00
68903,MORISON,2018-02-14,0.53,,,0.53,0.0,2026-04-08T03:01:08.960618+00:00
68995,MORISON,2018-02-15,0.53,,,0.53,416.0,2026-04-08T03:01:11.158693+00:00
69087,MORISON,2018-02-16,0.53,,,0.53,11000.0,2026-04-08T03:01:13.607551+00:00
69179,MORISON,2018-02-19,0.53,,,0.53,1500.0,2026-04-08T03:01:18.187191+00:00
69271,MORISON,2018-02-20,0.53,,,0.53,60348.0,2026-04-08T03:01:20.554931+00:00
69363,MORISON,2018-02-22,0.53,,,0.53,10000.0,2026-04-08T03:01:23.957413+00:00
69455,MORISON,2018-02-26,0.53,,,0.53,0.0,2026-04-08T03:01:29.317338+00:00
69547,MORISON,2018-02-27,0.53,,,0.53,0.0,2026-04-08T03:01:31.58282+00:00
69639,MORISON,2018-02-28,0.53,,,0.53,0.0,2026-04-08T03:01:33.916623+00:00
69731,MORISON,2018-03-01,0.53,,,0.53,0.0,2026-04-08T03:01:36.321302+00:00
69823,MORISON,2018-03-02,0.53,,,0.53,0.0,2026-04-08T03:01:38.625174+00:00
69915,MORISON,2018-03-05,0.53,,,0.53,0.0,2026-04-08T03:01:43.47208+00:00
70007,MORISON,2018-03-06,0.53,,,0.53,0.0,2026-04-08T03:01:45.677681+00:00
70099,MORISON,2018-03-08,0.53,,,0.53,2008.0,2026-04-08T03:01:48.923554+00:00
70191,MORISON,2018-03-09,0.53,,,0.53,0.0,2026-04-08T03:01:51.131195+00:00
70283,MORISON,2018-03-12,0.53,,,0.53,10000.0,2026-04-08T03:01:55.382529+00:00
70375,MORISON,2018-03-13,0.55,,,0.55,303750.0,2026-04-08T03:01:57.721961+00:00
70467,MORISON,2018-03-14,0.55,,,0.55,0.0,2026-04-08T03:02:00.06799+00:00
70559,MORISON,2018-03-15,0.55,,,0.55,0.0,2026-04-08T03:02:02.587626+00:00
70651,MORISON,2018-03-16,0.55,,,0.55,0.0,2026-04-08T03:02:05.049003+00:00
70743,MORISON,2018-03-19,0.55,,,0.55,0.0,2026-04-08T03:02:09.713694+00:00
70835,MORISON,2018-03-20,0.55,,,0.55,0.0,2026-04-08T03:02:12.039098+00:00
70927,MORISON,2018-03-21,0.55,,,0.55,0.0,2026-04-08T03:02:14.26344+00:00
71019,MORISON,2018-03-22,0.55,,,0.55,6326.0,2026-04-08T03:02:16.655807+00:00
71111,MORISON,2018-03-23,0.55,,,0.55,0.0,2026-04-08T03:02:19.005936+00:00
71203,MORISON,2018-03-26,0.55,,,0.55,0.0,2026-04-08T03:02:23.356301+00:00
71295,MORISON,2018-03-27,0.55,,,0.55,10468.0,2026-04-08T03:02:25.602463+00:00
71387,MORISON,2018-03-28,0.55,,,0.55,0.0,2026-04-08T03:02:28.271075+00:00
71479,MORISON,2018-03-29,0.55,,,0.55,0.0,2026-04-08T03:02:31.326472+00:00
71571,MORISON,2018-04-03,0.55,,,0.55,0.0,2026-04-08T03:02:37.862294+00:00
71663,MORISON,2018-04-04,0.55,,,0.55,0.0,2026-04-08T03:02:40.086392+00:00
71755,MORISON,2018-04-05,0.55,,,0.55,1658.0,2026-04-08T03:02:42.518452+00:00
71847,MORISON,2018-04-09,0.55,,,0.55,5712.0,2026-04-08T03:02:48.00481+00:00
71939,MORISON,2018-04-10,0.55,,,0.55,0.0,2026-04-08T03:02:50.293549+00:00
72031,MORISON,2018-04-11,0.55,,,0.55,0.0,2026-04-08T03:02:52.723357+00:00
72123,MORISON,2018-04-12,0.55,,,0.55,2530.0,2026-04-08T03:02:54.976434+00:00
72215,MORISON,2018-04-13,0.55,,,0.55,0.0,2026-04-08T03:02:57.419716+00:00
72309,MORISON,2018-04-16,0.55,,,0.55,0.0,2026-04-08T03:03:01.748445+00:00
72402,MORISON,2018-04-17,0.55,,,0.55,0.0,2026-04-08T03:03:04.013915+00:00
72495,MORISON,2018-04-18,0.55,,,0.55,0.0,2026-04-08T03:03:06.304604+00:00
72588,MORISON,2018-04-19,0.55,,,0.55,3320.0,2026-04-08T03:03:08.631091+00:00
72681,MORISON,2018-04-20,0.55,,,0.55,0.0,2026-04-08T03:03:11.181142+00:00
72774,MORISON,2018-04-23,0.55,,,0.55,951.0,2026-04-08T03:03:15.702548+00:00
72867,MORISON,2018-04-24,0.55,,,0.55,0.0,2026-04-08T03:03:17.976864+00:00
72960,MORISON,2018-04-25,0.55,,,0.55,0.0,2026-04-08T03:03:20.281484+00:00
73053,MORISON,2018-04-26,0.55,,,0.55,0.0,2026-04-08T03:03:22.503544+00:00
73146,MORISON,2018-04-27,0.55,,,0.55,0.0,2026-04-08T03:03:24.801147+00:00
73239,MORISON,2018-04-30,0.55,,,0.55,0.0,2026-04-08T03:03:29.288658+00:00
73332,MORISON,2018-05-02,0.55,,,0.55,1051.0,2026-04-08T03:03:32.97882+00:00
73425,MORISON,2018-05-03,0.55,,,0.55,0.0,2026-04-08T03:03:35.46093+00:00
73518,MORISON,2018-05-04,0.55,,,0.55,0.0,2026-04-08T03:03:38.142449+00:00
73611,MORISON,2018-05-07,0.55,,,0.55,0.0,2026-04-08T03:03:42.835383+00:00
73704,MORISON,2018-05-08,0.55,,,0.55,0.0,2026-04-08T03:03:45.094212+00:00
73797,MORISON,2018-05-09,0.55,,,0.55,0.0,2026-04-08T03:03:47.354492+00:00
73890,MORISON,2018-05-10,0.55,,,0.55,40800.0,2026-04-08T03:03:49.581225+00:00
73983,MORISON,2018-05-11,0.55,,,0.55,0.0,2026-04-08T03:03:51.923758+00:00
74076,MORISON,2018-05-14,0.55,,,0.55,0.0,2026-04-08T03:03:56.261604+00:00
74169,MORISON,2018-05-15,0.55,,,0.55,0.0,2026-04-08T03:03:58.63318+00:00
74262,MORISON,2018-05-16,0.55,,,0.55,200.0,2026-04-08T03:04:02.494817+00:00
74355,MORISON,2018-05-17,0.55,,,0.55,22100.0,2026-04-08T03:04:04.853265+00:00
74448,MORISON,2018-05-18,0.55,,,0.55,0.0,2026-04-08T03:04:09.280828+00:00
74541,MORISON,2018-05-21,0.55,,,0.55,0.0,2026-04-08T03:04:14.640212+00:00
74634,MORISON,2018-05-22,0.55,,,0.55,0.0,2026-04-08T03:04:17.13602+00:00
74727,MORISON,2018-05-24,0.55,,,0.55,0.0,2026-04-08T03:04:20.857799+00:00
74820,MORISON,2018-05-25,0.55,,,0.55,29763.0,2026-04-08T03:04:23.533051+00:00
74913,MORISON,2018-05-28,0.55,,,0.55,0.0,2026-04-08T03:04:28.151981+00:00
75006,MORISON,2018-05-31,0.55,,,0.55,90.0,2026-04-08T03:04:33.384321+00:00
75099,MORISON,2018-06-01,0.55,,,0.55,0.0,2026-04-08T03:04:35.846588+00:00
75192,MORISON,2018-06-04,0.55,,,0.55,0.0,2026-04-08T03:04:40.216574+00:00
75285,MORISON,2018-06-05,0.55,,,0.55,1051.0,2026-04-08T03:04:42.57091+00:00
75378,MORISON,2018-06-06,0.55,,,0.55,0.0,2026-04-08T03:04:44.928825+00:00
75471,MORISON,2018-06-07,0.55,,,0.55,0.0,2026-04-08T03:04:47.263813+00:00
75564,MORISON,2018-06-08,0.55,,,0.55,0.0,2026-04-08T03:04:49.462509+00:00
75657,MORISON,2018-06-11,0.55,,,0.55,0.0,2026-04-08T03:04:53.988129+00:00
75750,MORISON,2018-06-12,0.55,,,0.55,0.0,2026-04-08T03:04:56.284057+00:00
75843,MORISON,2018-06-13,0.55,,,0.55,0.0,2026-04-08T03:04:58.638577+00:00
75936,MORISON,2018-06-14,0.55,,,0.55,0.0,2026-04-08T03:05:00.901161+00:00
76029,MORISON,2018-06-19,0.55,,,0.55,0.0,2026-04-08T03:05:07.639029+00:00
76122,MORISON,2018-06-20,0.55,,,0.55,0.0,2026-04-08T03:05:09.924133+00:00
76215,MORISON,2018-06-21,0.55,,,0.55,0.0,2026-04-08T03:05:12.376626+00:00
76308,MORISON,2018-06-22,0.55,,,0.55,0.0,2026-04-08T03:05:14.680862+00:00
76402,MORISON,2018-06-25,0.55,,,0.55,0.0,2026-04-08T03:05:19.028214+00:00
76496,MORISON,2018-06-26,0.55,,,0.55,0.0,2026-04-08T03:05:21.361472+00:00
76590,MORISON,2018-06-27,0.55,,,0.55,0.0,2026-04-08T03:05:23.730487+00:00
76684,MORISON,2018-06-28,0.55,,,0.55,0.0,2026-04-08T03:05:26.342484+00:00
76778,MORISON,2018-06-29,0.55,,,0.55,90.0,2026-04-08T03:05:28.786725+00:00
76872,MORISON,2018-07-02,0.55,,,0.55,0.0,2026-04-08T03:05:34.742081+00:00
76966,MORISON,2018-07-03,0.55,,,0.55,0.0,2026-04-08T03:05:37.830893+00:00
77060,MORISON,2018-07-04,0.55,,,0.55,916.0,2026-04-08T03:05:40.225299+00:00
77154,MORISON,2018-07-05,0.55,,,0.55,2696.0,2026-04-08T03:05:42.479897+00:00
77248,MORISON,2018-07-06,0.55,,,0.55,11529.0,2026-04-08T03:05:44.93013+00:00
77342,MORISON,2018-07-09,0.55,,,0.55,0.0,2026-04-08T03:05:49.395513+00:00
77436,MORISON,2018-07-10,0.55,,,0.55,54969.0,2026-04-08T03:05:51.797285+00:00
77530,MORISON,2018-07-11,0.55,,,0.55,0.0,2026-04-08T03:05:54.14171+00:00
77624,MORISON,2018-07-12,0.55,,,0.55,527.0,2026-04-08T03:05:56.629461+00:00
77718,MORISON,2018-07-13,0.55,,,0.55,0.0,2026-04-08T03:05:59.112955+00:00
77813,MORISON,2018-07-16,0.55,,,0.55,0.0,2026-04-08T03:06:03.612411+00:00
77908,MORISON,2018-07-17,0.55,,,0.55,4200.0,2026-04-08T03:06:06.031894+00:00
78003,MORISON,2018-07-18,0.55,,,0.55,0.0,2026-04-08T03:06:08.398083+00:00
78098,MORISON,2018-07-19,0.55,,,0.55,566.0,2026-04-08T03:06:10.625391+00:00
78193,MORISON,2018-07-20,0.55,,,0.55,0.0,2026-04-08T03:06:13.100822+00:00
78288,MORISON,2018-07-23,0.55,,,0.55,18436.0,2026-04-08T03:06:17.450644+00:00
78383,MORISON,2018-07-24,0.55,,,0.55,0.0,2026-04-08T03:06:19.846153+00:00
78478,MORISON,2018-07-25,0.55,,,0.55,0.0,2026-04-08T03:06:22.17218+00:00
78573,MORISON,2018-07-26,0.55,,,0.55,566.0,2026-04-08T03:06:24.338643+00:00
78668,MORISON,2018-07-27,0.55,,,0.55,5624.0,2026-04-08T03:06:26.70773+00:00
78763,MORISON,2018-07-30,0.55,,,0.55,0.0,2026-04-08T03:06:31.357035+00:00
78858,MORISON,2018-07-31,0.55,,,0.55,11471.0,2026-04-08T03:06:33.766078+00:00
78953,MORISON,2018-08-01,0.55,,,0.55,585.0,2026-04-08T03:06:36.22345+00:00
79048,MORISON,2018-08-02,0.55,,,0.55,0.0,2026-04-08T03:06:38.596191+00:00
79143,MORISON,2018-08-03,0.55,,,0.55,0.0,2026-04-08T03:06:41.315743+00:00
79238,MORISON,2018-08-06,0.55,,,0.55,0.0,2026-04-08T03:06:46.359416+00:00
79333,MORISON,2018-08-07,0.55,,,0.55,12656.0,2026-04-08T03:06:48.623378+00:00
79428,MORISON,2018-08-08,0.55,,,0.55,585.0,2026-04-08T03:06:51.110249+00:00
79523,MORISON,2018-08-09,0.55,,,0.55,0.0,2026-04-08T03:06:53.45187+00:00
79618,MORISON,2018-08-10,0.55,,,0.55,0.0,2026-04-08T03:06:56.254972+00:00
79713,MORISON,2018-08-13,0.55,,,0.55,0.0,2026-04-08T03:07:00.870215+00:00
79808,MORISON,2018-08-14,0.55,,,0.55,0.0,2026-04-08T03:07:03.258394+00:00
79903,MORISON,2018-08-15,0.55,,,0.55,0.0,2026-04-08T03:07:05.636903+00:00
79998,MORISON,2018-08-16,0.55,,,0.55,0.0,2026-04-08T03:07:07.96787+00:00
80093,MORISON,2018-08-17,0.55,,,0.55,0.0,2026-04-08T03:07:10.276143+00:00
80188,MORISON,2018-08-20,0.55,,,0.55,0.0,2026-04-08T03:07:14.92421+00:00
80283,MORISON,2018-08-24,0.55,,,0.55,0.0,2026-04-08T03:07:20.612873+00:00
80378,MORISON,2018-08-27,0.55,,,0.55,0.0,2026-04-08T03:07:24.735515+00:00
80473,MORISON,2018-08-28,0.55,,,0.55,0.0,2026-04-08T03:07:26.964049+00:00
80568,MORISON,2018-08-29,0.55,,,0.55,15625.0,2026-04-08T03:07:29.382314+00:00
80663,MORISON,2018-08-30,0.55,,,0.55,412.0,2026-04-08T03:07:31.753519+00:00
80758,MORISON,2018-08-31,0.55,,,0.55,0.0,2026-04-08T03:07:34.108038+00:00
80853,MORISON,2018-09-03,0.55,,,0.55,1389.0,2026-04-08T03:07:38.483999+00:00
80948,MORISON,2018-09-05,0.55,,,0.55,0.0,2026-04-08T03:07:41.733647+00:00
81043,MORISON,2018-09-06,0.55,,,0.55,0.0,2026-04-08T03:07:44.232746+00:00
81138,MORISON,2018-09-07,0.55,,,0.55,0.0,2026-04-08T03:07:46.695234+00:00
81233,MORISON,2018-09-10,0.55,,,0.55,0.0,2026-04-08T03:07:51.133138+00:00
81335,MORISON,2018-09-11,0.55,,,0.55,1051.0,2026-04-08T03:07:53.572062+00:00
81437,MORISON,2018-09-12,0.55,,,0.55,0.0,2026-04-08T03:07:56.190409+00:00
81539,MORISON,2018-09-13,0.55,,,0.55,20.0,2026-04-08T03:07:58.529226+00:00
81641,MORISON,2018-09-14,0.55,,,0.55,0.0,2026-04-08T03:08:00.944137+00:00
81743,MORISON,2018-09-17,0.55,,,0.55,0.0,2026-04-08T03:08:05.572353+00:00
81845,MORISON,2018-09-18,0.55,,,0.55,0.0,2026-04-08T03:08:07.840784+00:00
81947,MORISON,2018-09-19,0.55,,,0.55,0.0,2026-04-08T03:08:10.07554+00:00
82049,MORISON,2018-09-20,0.55,,,0.55,0.0,2026-04-08T03:08:12.389642+00:00
82151,MORISON,2018-09-21,0.55,,,0.55,0.0,2026-04-08T03:08:14.761127+00:00
82253,MORISON,2018-09-24,0.55,,,0.55,0.0,2026-04-08T03:08:19.182113+00:00
82355,MORISON,2018-09-25,0.55,,,0.55,10000.0,2026-04-08T03:08:21.370615+00:00
82457,MORISON,2018-09-26,0.55,,,0.55,840.0,2026-04-08T03:08:24.494451+00:00
82559,MORISON,2018-09-27,0.55,,,0.55,0.0,2026-04-08T03:08:26.812803+00:00
82661,MORISON,2018-09-28,0.55,,,0.55,0.0,2026-04-08T03:08:29.283021+00:00
82763,MORISON,2018-10-02,0.55,,,0.55,9327.0,2026-04-08T03:08:34.887787+00:00
82865,MORISON,2018-10-04,0.55,,,0.55,0.0,2026-04-08T03:08:38.279141+00:00
82967,MORISON,2018-10-05,0.55,,,0.55,0.0,2026-04-08T03:08:40.455926+00:00
83069,MORISON,2018-10-08,0.55,,,0.55,0.0,2026-04-08T03:08:45.286665+00:00
83171,MORISON,2018-10-09,0.55,,,0.55,100.0,2026-04-08T03:08:47.584215+00:00
83273,MORISON,2018-10-10,0.55,,,0.55,0.0,2026-04-08T03:08:50.198924+00:00
83375,MORISON,2018-10-11,0.55,,,0.55,100.0,2026-04-08T03:08:52.595743+00:00
83477,MORISON,2018-10-12,0.55,,,0.55,0.0,2026-04-08T03:08:54.923298+00:00
83579,MORISON,2018-10-15,0.55,,,0.55,0.0,2026-04-08T03:08:59.688494+00:00
83681,MORISON,2018-10-16,0.55,,,0.55,100.0,2026-04-08T03:09:01.98694+00:00
83783,MORISON,2018-10-17,0.55,,,0.55,0.0,2026-04-08T03:09:04.302348+00:00
83885,MORISON,2018-10-18,0.55,,,0.55,0.0,2026-04-08T03:09:06.644992+00:00
83987,MORISON,2018-10-19,0.55,,,0.55,362.0,2026-04-08T03:09:09.038287+00:00
84089,MORISON,2018-10-22,0.55,,,0.55,0.0,2026-04-08T03:09:13.967+00:00
84191,MORISON,2018-10-23,0.55,,,0.55,0.0,2026-04-08T03:09:16.194722+00:00
84293,MORISON,2018-10-24,0.55,,,0.55,0.0,2026-04-08T03:09:18.448083+00:00
84395,MORISON,2018-10-25,0.55,,,0.55,0.0,2026-04-08T03:09:20.631413+00:00
84497,MORISON,2018-10-26,0.55,,,0.55,0.0,2026-04-08T03:09:23.109094+00:00
84599,MORISON,2018-10-29,0.55,,,0.55,0.0,2026-04-08T03:09:27.901396+00:00
84701,MORISON,2018-10-30,0.55,,,0.55,0.0,2026-04-08T03:09:30.377337+00:00
84803,MORISON,2018-10-31,0.55,,,0.55,0.0,2026-04-08T03:09:32.658485+00:00
84905,MORISON,2018-11-01,0.55,,,0.55,0.0,2026-04-08T03:09:35.048509+00:00
85007,MORISON,2018-11-02,0.55,,,0.55,0.0,2026-04-08T03:09:37.41202+00:00
85109,MORISON,2018-11-05,0.55,,,0.55,0.0,2026-04-08T03:09:41.998643+00:00
85211,MORISON,2018-11-06,0.55,,,0.55,0.0,2026-04-08T03:09:44.485046+00:00
85313,MORISON,2018-11-08,0.55,,,0.55,0.0,2026-04-08T03:09:47.843283+00:00
85415,MORISON,2018-11-09,0.55,,,0.55,11600.0,2026-04-08T03:09:50.169754+00:00
85517,MORISON,2018-11-12,0.55,,,0.55,0.0,2026-04-08T03:09:54.975549+00:00
85619,MORISON,2018-11-13,0.55,,,0.55,0.0,2026-04-08T03:09:57.558923+00:00
85721,MORISON,2018-11-14,0.55,,,0.55,0.0,2026-04-08T03:09:59.910116+00:00
85823,MORISON,2018-11-15,0.55,,,0.55,0.0,2026-04-08T03:10:02.252366+00:00
85925,MORISON,2018-11-16,0.55,,,0.55,0.0,2026-04-08T03:10:04.527169+00:00
86027,MORISON,2018-11-19,0.55,,,0.55,0.0,2026-04-08T03:10:09.122468+00:00
86129,MORISON,2018-11-21,0.55,,,0.55,0.0,2026-04-08T03:10:12.622729+00:00
86231,MORISON,2018-11-22,0.55,,,0.55,0.0,2026-04-08T03:10:14.989948+00:00
86333,MORISON,2018-11-23,0.55,,,0.55,0.0,2026-04-08T03:10:17.221139+00:00
86435,MORISON,2018-11-26,0.55,,,0.55,8273.0,2026-04-08T03:10:22.142454+00:00
86537,MORISON,2018-11-27,0.55,,,0.55,0.0,2026-04-08T03:10:24.421595+00:00
86639,MORISON,2018-11-28,0.55,,,0.55,0.0,2026-04-08T03:10:26.708398+00:00
86741,MORISON,2018-11-29,0.55,,,0.55,0.0,2026-04-08T03:10:29.255332+00:00
86843,MORISON,2018-11-30,0.55,,,0.55,37230.0,2026-04-08T03:10:32.706086+00:00
86945,MORISON,2018-12-03,0.55,,,0.55,0.0,2026-04-08T03:10:37.185914+00:00
87047,MORISON,2018-12-04,0.55,,,0.55,300.0,2026-04-08T03:10:39.607482+00:00
87149,MORISON,2018-12-05,0.55,,,0.55,6000.0,2026-04-08T03:10:42.037497+00:00
87251,MORISON,2018-12-06,0.55,,,0.55,47460.0,2026-04-08T03:10:44.312069+00:00
87353,MORISON,2018-12-07,0.55,,,0.55,0.0,2026-04-08T03:10:46.663078+00:00
87455,MORISON,2018-12-10,0.55,,,0.55,7910.0,2026-04-08T03:10:51.346822+00:00
87557,MORISON,2018-12-11,0.55,,,0.55,814.0,2026-04-08T03:10:53.613329+00:00
87659,MORISON,2018-12-12,0.55,,,0.55,0.0,2026-04-08T03:10:55.983376+00:00
87761,MORISON,2018-12-13,0.55,,,0.55,0.0,2026-04-08T03:10:58.622726+00:00
87863,MORISON,2018-12-17,0.55,,,0.55,0.0,2026-04-08T03:11:04.071168+00:00
87964,MORISON,2018-12-18,0.55,,,0.55,0.0,2026-04-08T03:11:06.547404+00:00
88065,MORISON,2018-12-19,0.55,,,0.55,0.0,2026-04-08T03:11:08.930184+00:00
88166,MORISON,2018-12-21,0.55,,,0.55,2030.0,2026-04-08T03:11:13.038597+00:00
88267,MORISON,2018-12-24,0.55,,,0.55,0.0,2026-04-08T03:11:17.396489+00:00
88369,MORISON,2018-12-31,0.55,,,0.55,0.0,2026-04-08T03:11:26.963749+00:00
88471,MORISON,2019-01-04,0.55,,,0.55,0.0,2026-04-08T03:11:33.101723+00:00
88573,MORISON,2019-01-07,0.55,,,0.55,0.0,2026-04-08T03:11:37.396019+00:00
88675,MORISON,2019-01-08,0.55,,,0.55,0.0,2026-04-08T03:11:39.720871+00:00
88777,MORISON,2019-01-09,0.55,,,0.55,0.0,2026-04-08T03:11:42.122758+00:00
88879,MORISON,2019-01-10,0.55,,,0.55,0.0,2026-04-08T03:11:44.4712+00:00
88981,MORISON,2019-01-11,0.55,,,0.55,0.0,2026-04-08T03:11:46.864498+00:00
89083,MORISON,2019-01-14,0.55,,,0.55,0.0,2026-04-08T03:11:51.386431+00:00
89185,MORISON,2019-01-15,0.55,,,0.55,0.0,2026-04-08T03:11:53.781694+00:00
89287,MORISON,2019-01-16,0.55,,,0.55,0.0,2026-04-08T03:11:56.273278+00:00
89389,MORISON,2019-01-17,0.55,,,0.55,0.0,2026-04-08T03:11:58.633279+00:00
89491,MORISON,2019-01-18,0.55,,,0.55,528.0,2026-04-08T03:12:01.678716+00:00
89593,MORISON,2019-01-21,0.55,,,0.55,0.0,2026-04-08T03:12:06.146982+00:00
89695,MORISON,2019-01-22,0.55,,,0.55,0.0,2026-04-08T03:12:26.450353+00:00
89797,MORISON,2019-01-23,0.55,,,0.55,0.0,2026-04-08T03:12:28.985884+00:00
89899,MORISON,2019-01-24,0.55,,,0.55,0.0,2026-04-08T03:12:31.471104+00:00
90001,MORISON,2019-01-25,0.55,,,0.55,0.0,2026-04-08T03:12:33.831732+00:00
90103,MORISON,2019-01-28,0.55,,,0.55,0.0,2026-04-08T03:12:38.324+00:00
90205,MORISON,2019-01-29,0.55,,,0.55,0.0,2026-04-08T03:12:40.769031+00:00
90307,MORISON,2019-01-30,0.55,,,0.55,4537.0,2026-04-08T03:12:43.207065+00:00
90409,MORISON,2019-01-31,0.55,,,0.55,0.0,2026-04-08T03:12:45.452606+00:00
90511,MORISON,2019-02-01,0.55,,,0.55,50000.0,2026-04-08T03:12:47.65569+00:00
90613,MORISON,2019-02-04,0.55,,,0.55,0.0,2026-04-08T03:12:52.008801+00:00
90715,MORISON,2019-02-05,0.55,,,0.55,6187.0,2026-04-08T03:12:54.428036+00:00
90817,MORISON,2019-02-06,0.55,,,0.55,0.0,2026-04-08T03:12:56.795589+00:00
90919,MORISON,2019-02-07,0.55,,,0.55,0.0,2026-04-08T03:12:59.333395+00:00
91021,MORISON,2019-02-08,0.55,,,0.55,19687.0,2026-04-08T03:13:01.766173+00:00
91123,MORISON,2019-02-11,0.55,,,0.55,0.0,2026-04-08T03:13:07.807824+00:00
91225,MORISON,2019-02-12,0.55,,,0.55,0.0,2026-04-08T03:13:10.389121+00:00
91327,MORISON,2019-02-13,0.55,,,0.55,0.0,2026-04-08T03:13:13.120558+00:00
91429,MORISON,2019-02-14,0.55,,,0.55,0.0,2026-04-08T03:13:15.610167+00:00
91531,MORISON,2019-02-15,0.55,,,0.55,0.0,2026-04-08T03:13:17.960235+00:00
91633,MORISON,2019-02-18,0.55,,,0.55,0.0,2026-04-08T03:13:22.383964+00:00
91735,MORISON,2019-02-19,0.55,,,0.55,0.0,2026-04-08T03:13:24.617569+00:00
91837,MORISON,2019-02-20,0.55,,,0.55,0.0,2026-04-08T03:13:26.870792+00:00
91939,MORISON,2019-02-22,0.55,,,0.55,0.0,2026-04-08T03:13:30.442816+00:00
92041,MORISON,2019-02-25,0.55,,,0.55,253.0,2026-04-08T03:13:35.015549+00:00
92143,MORISON,2019-02-26,0.55,,,0.55,0.0,2026-04-08T03:13:37.412672+00:00
92245,MORISON,2019-02-27,0.55,,,0.55,164523.0,2026-04-08T03:13:39.910522+00:00
92347,MORISON,2019-02-28,0.55,,,0.55,0.0,2026-04-08T03:13:42.435587+00:00
92449,MORISON,2019-03-01,0.55,,,0.55,0.0,2026-04-08T03:13:44.810709+00:00
92551,MORISON,2019-03-04,0.55,,,0.55,0.0,2026-04-08T03:13:49.353535+00:00
92653,MORISON,2019-03-05,0.55,,,0.55,0.0,2026-04-08T03:13:51.846242+00:00
92755,MORISON,2019-03-06,0.55,,,0.55,0.0,2026-04-08T03:13:54.267269+00:00
92857,MORISON,2019-03-07,0.55,,,0.55,0.0,2026-04-08T03:13:56.544072+00:00
92959,MORISON,2019-03-08,0.55,,,0.55,18837.0,2026-04-08T03:13:58.936546+00:00
93061,MORISON,2019-03-11,0.55,,,0.55,0.0,2026-04-08T03:14:03.582539+00:00
93163,MORISON,2019-03-12,0.55,,,0.55,0.0,2026-04-08T03:14:06.149716+00:00
93265,MORISON,2019-03-13,0.55,,,0.55,0.0,2026-04-08T03:14:08.562819+00:00
93367,MORISON,2019-03-14,0.55,,,0.55,168.0,2026-04-08T03:14:10.990955+00:00
93469,MORISON,2019-03-15,0.55,,,0.55,13000.0,2026-04-08T03:14:13.413527+00:00
93571,MORISON,2019-03-18,0.55,,,0.55,0.0,2026-04-08T03:14:17.594172+00:00
93673,MORISON,2019-03-19,0.55,,,0.55,2186.0,2026-04-08T03:14:19.883177+00:00
93775,MORISON,2019-03-20,0.55,,,0.55,0.0,2026-04-08T03:14:22.215184+00:00
93877,MORISON,2019-03-21,0.55,,,0.55,1265.0,2026-04-08T03:14:24.469396+00:00
93979,MORISON,2019-03-22,0.55,,,0.55,0.0,2026-04-08T03:14:26.929153+00:00
94081,MORISON,2019-03-25,0.55,,,0.55,0.0,2026-04-08T03:14:31.400562+00:00
94183,MORISON,2019-03-26,0.55,,,0.55,10.0,2026-04-08T03:14:33.80485+00:00
94285,MORISON,2019-03-27,0.55,,,0.55,3658.0,2026-04-08T03:14:36.122563+00:00
94387,MORISON,2019-03-28,0.55,,,0.55,0.0,2026-04-08T03:14:38.612625+00:00
94489,MORISON,2019-03-29,0.55,,,0.55,0.0,2026-04-08T03:14:41.061692+00:00
94590,MORISON,2019-04-01,0.55,,,0.55,0.0,2026-04-08T03:14:45.528331+00:00
94691,MORISON,2019-04-02,0.55,,,0.55,0.0,2026-04-08T03:14:47.809526+00:00
94792,MORISON,2019-04-03,0.55,,,0.55,0.0,2026-04-08T03:14:50.124237+00:00
94893,MORISON,2019-04-04,0.55,,,0.55,0.0,2026-04-08T03:14:52.417245+00:00
94994,MORISON,2019-04-05,0.55,,,0.55,0.0,2026-04-08T03:14:54.739567+00:00
95095,MORISON,2019-04-08,0.55,,,0.55,0.0,2026-04-08T03:14:59.01768+00:00
95196,MORISON,2019-04-09,0.55,,,0.55,1520.0,2026-04-08T03:15:01.233247+00:00
95297,MORISON,2019-04-10,0.55,,,0.55,760.0,2026-04-08T03:15:03.446976+00:00
95398,MORISON,2019-04-11,0.55,,,0.55,0.0,2026-04-08T03:15:05.608759+00:00
95499,MORISON,2019-04-12,0.55,,,0.55,0.0,2026-04-08T03:15:07.869644+00:00
95600,MORISON,2019-04-15,0.55,,,0.55,0.0,2026-04-08T03:15:12.360876+00:00
95701,MORISON,2019-04-16,0.55,,,0.55,0.0,2026-04-08T03:15:14.69338+00:00
95802,MORISON,2019-04-17,0.55,,,0.55,0.0,2026-04-08T03:15:16.974822+00:00
95903,MORISON,2019-04-18,0.55,,,0.55,0.0,2026-04-08T03:15:19.360663+00:00
96004,MORISON,2019-04-23,0.55,,,0.55,43376.0,2026-04-08T03:15:26.04373+00:00
96106,MORISON,2019-04-24,0.55,,,0.55,0.0,2026-04-08T03:15:28.31166+00:00
96208,MORISON,2019-04-25,0.55,,,0.55,0.0,2026-04-08T03:15:30.603437+00:00
96310,MORISON,2019-04-26,0.55,,,0.55,600.0,2026-04-08T03:15:32.816712+00:00
96412,MORISON,2019-04-29,0.55,,,0.55,1051.0,2026-04-08T03:15:37.198623+00:00
96514,MORISON,2019-04-30,0.55,,,0.55,0.0,2026-04-08T03:15:39.499507+00:00
96616,MORISON,2019-05-02,0.55,,,0.55,4056.0,2026-04-08T03:15:42.839166+00:00
96718,MORISON,2019-05-03,0.55,,,0.55,149.0,2026-04-08T03:15:45.02286+00:00
96820,MORISON,2019-05-06,0.55,,,0.55,1000.0,2026-04-08T03:15:49.380478+00:00
96922,MORISON,2019-05-07,0.55,,,0.55,0.0,2026-04-08T03:15:51.609622+00:00
97024,MORISON,2019-05-08,0.55,,,0.55,0.0,2026-04-08T03:15:53.912422+00:00
97126,MORISON,2019-05-09,0.55,,,0.55,1096.0,2026-04-08T03:15:56.308435+00:00
97228,MORISON,2019-05-10,0.55,,,0.55,0.0,2026-04-08T03:15:58.65517+00:00
97330,MORISON,2019-05-13,0.55,,,0.55,0.0,2026-04-08T03:16:02.955985+00:00
97432,MORISON,2019-05-14,0.55,,,0.55,7910.0,2026-04-08T03:16:05.427951+00:00
97534,MORISON,2019-05-15,0.55,,,0.55,0.0,2026-04-08T03:16:07.709974+00:00
97636,MORISON,2019-05-16,0.55,,,0.55,1170.0,2026-04-08T03:16:09.947696+00:00
97738,MORISON,2019-05-17,0.55,,,0.55,10000.0,2026-04-08T03:16:12.469468+00:00
97841,MORISON,2019-05-20,0.55,,,0.55,0.0,2026-04-08T03:16:16.967061+00:00
97944,MORISON,2019-05-21,0.55,,,0.55,3437.0,2026-04-08T03:16:19.368023+00:00
98047,MORISON,2019-05-22,0.55,,,0.55,0.0,2026-04-08T03:16:21.741488+00:00
98150,MORISON,2019-05-23,0.55,,,0.55,0.0,2026-04-08T03:16:24.010501+00:00
98253,MORISON,2019-05-24,0.55,,,0.55,0.0,2026-04-08T03:16:26.41346+00:00
98356,MORISON,2019-05-27,0.6,,,0.6,1000500.0,2026-04-08T03:16:30.812568+00:00
98459,MORISON,2019-05-28,0.6,,,0.6,0.0,2026-04-08T03:16:33.286405+00:00
98562,MORISON,2019-05-30,0.6,,,0.6,6326.0,2026-04-08T03:16:36.695359+00:00
98665,MORISON,2019-05-31,0.6,,,0.6,0.0,2026-04-08T03:16:39.10826+00:00
98768,MORISON,2019-06-03,0.6,,,0.6,527.0,2026-04-08T03:16:43.376201+00:00
98871,MORISON,2019-06-06,0.6,,,0.6,0.0,2026-04-08T03:16:48.034912+00:00
98974,MORISON,2019-06-07,0.6,,,0.6,0.0,2026-04-08T03:16:50.186426+00:00
99077,MORISON,2019-06-10,0.6,,,0.6,41512.0,2026-04-08T03:16:54.498349+00:00
99180,MORISON,2019-06-11,0.6,,,0.6,0.0,2026-04-08T03:16:56.702394+00:00
99283,MORISON,2019-06-13,0.6,,,0.6,0.0,2026-04-08T03:17:00.140907+00:00
99386,MORISON,2019-06-14,0.6,,,0.6,951.0,2026-04-08T03:17:02.289964+00:00
99489,MORISON,2019-06-17,0.6,,,0.6,0.0,2026-04-08T03:17:06.378621+00:00
99592,MORISON,2019-06-18,0.6,,,0.6,0.0,2026-04-08T03:17:08.696624+00:00
99695,MORISON,2019-06-19,0.6,,,0.6,11951.0,2026-04-08T03:17:10.975867+00:00
99798,MORISON,2019-06-20,0.6,,,0.6,0.0,2026-04-08T03:17:13.205784+00:00
99901,MORISON,2019-06-24,0.6,,,0.6,0.0,2026-04-08T03:17:18.488118+00:00
100004,MORISON,2019-06-25,0.6,,,0.6,14179.0,2026-04-08T03:17:20.712996+00:00
100107,MORISON,2019-06-26,0.6,,,0.6,0.0,2026-04-08T03:17:23.021521+00:00
100210,MORISON,2019-06-27,0.6,,,0.6,1621.0,2026-04-08T03:17:25.288917+00:00
100313,MORISON,2019-06-28,0.6,,,0.6,8583.0,2026-04-08T03:17:27.669324+00:00
100416,MORISON,2019-07-01,0.6,,,0.6,0.0,2026-04-08T03:17:31.993492+00:00
100519,MORISON,2019-07-02,0.6,,,0.6,23.0,2026-04-08T03:17:34.195482+00:00
100622,MORISON,2019-07-03,0.54,,,0.54,44542671.0,2026-04-08T03:17:36.539656+00:00
100725,MORISON,2019-07-04,0.54,,,0.54,0.0,2026-04-08T03:17:38.806977+00:00
100828,MORISON,2019-07-05,0.59,,,0.59,45462329.0,2026-04-08T03:17:41.292481+00:00
100931,MORISON,2019-07-08,0.59,,,0.59,0.0,2026-04-08T03:17:45.861747+00:00
101034,MORISON,2019-07-09,0.6,,,0.6,3067879.0,2026-04-08T03:17:48.217581+00:00
101138,MORISON,2019-07-10,0.55,,,0.55,20950392.0,2026-04-08T03:17:50.676625+00:00
101242,MORISON,2019-07-11,0.55,,,0.55,0.0,2026-04-08T03:17:53.082234+00:00
101346,MORISON,2019-07-12,0.55,,,0.55,0.0,2026-04-08T03:17:55.503872+00:00
101450,MORISON,2019-07-15,0.55,,,0.55,0.0,2026-04-08T03:18:00.039317+00:00
101554,MORISON,2019-07-16,0.55,,,0.55,0.0,2026-04-08T03:18:02.440443+00:00
101658,MORISON,2019-07-17,0.55,,,0.55,0.0,2026-04-08T03:18:04.729662+00:00
101762,MORISON,2019-07-18,0.55,,,0.55,0.0,2026-04-08T03:18:07.178594+00:00
101866,MORISON,2019-07-19,0.55,,,0.55,0.0,2026-04-08T03:18:09.535362+00:00
101970,MORISON,2019-07-22,0.55,,,0.55,0.0,2026-04-08T03:18:14.212024+00:00
102074,MORISON,2019-07-23,0.55,,,0.55,0.0,2026-04-08T03:18:16.654741+00:00
102178,MORISON,2019-07-24,0.55,,,0.55,0.0,2026-04-08T03:18:18.926554+00:00
102282,MORISON,2019-07-25,0.5,,,0.5,200770.0,2026-04-08T03:18:21.127331+00:00
102386,MORISON,2019-07-26,0.5,,,0.5,2399230.0,2026-04-08T03:18:23.508197+00:00
102490,MORISON,2019-07-29,0.5,,,0.5,0.0,2026-04-08T03:18:27.808584+00:00
102594,MORISON,2019-07-30,0.5,,,0.5,0.0,2026-04-08T03:18:30.090931+00:00
102698,MORISON,2019-07-31,0.5,,,0.5,0.0,2026-04-08T03:18:32.379029+00:00
102802,MORISON,2019-08-01,0.5,,,0.5,0.0,2026-04-08T03:18:34.721051+00:00
102906,MORISON,2019-08-02,0.5,,,0.5,0.0,2026-04-08T03:18:37.148519+00:00
103010,MORISON,2019-08-05,0.5,,,0.5,23.0,2026-04-08T03:18:41.327383+00:00
103114,MORISON,2019-08-06,0.5,,,0.5,0.0,2026-04-08T03:18:43.676077+00:00
103218,MORISON,2019-08-07,0.5,,,0.5,0.0,2026-04-08T03:18:45.952647+00:00
103322,MORISON,2019-08-08,0.5,,,0.5,0.0,2026-04-08T03:18:48.284739+00:00
103426,MORISON,2019-08-09,0.5,,,0.5,0.0,2026-04-08T03:18:50.530707+00:00
103530,MORISON,2019-08-14,0.5,,,0.5,2500.0,2026-04-08T03:18:57.313874+00:00
103634,MORISON,2019-08-15,0.5,,,0.5,3161.0,2026-04-08T03:18:59.647711+00:00
103738,MORISON,2019-08-19,0.5,,,0.5,420.0,2026-04-08T03:19:05.053534+00:00
103842,MORISON,2019-08-20,0.5,,,0.5,0.0,2026-04-08T03:19:07.283568+00:00
103945,MORISON,2019-08-21,0.5,,,0.5,0.0,2026-04-08T03:19:09.493441+00:00
104048,MORISON,2019-08-22,0.5,,,0.5,0.0,2026-04-08T03:19:11.834929+00:00
104151,MORISON,2019-08-23,0.5,,,0.5,0.0,2026-04-08T03:19:14.066623+00:00
104254,MORISON,2019-08-26,0.5,,,0.5,0.0,2026-04-08T03:19:18.291411+00:00
104357,MORISON,2019-08-27,0.5,,,0.5,8783.0,2026-04-08T03:19:20.588978+00:00
104460,MORISON,2019-08-28,0.5,,,0.5,31920.0,2026-04-08T03:19:22.939533+00:00
104563,MORISON,2019-08-29,0.5,,,0.5,0.0,2026-04-08T03:19:25.308081+00:00
104666,MORISON,2019-08-30,0.5,,,0.5,0.0,2026-04-08T03:19:27.686427+00:00
104769,MORISON,2019-09-02,0.5,,,0.5,0.0,2026-04-08T03:19:32.075785+00:00
104872,MORISON,2019-09-03,0.5,,,0.5,0.0,2026-04-08T03:19:34.366833+00:00
104975,MORISON,2019-09-04,0.5,,,0.5,0.0,2026-04-08T03:19:36.608723+00:00
105078,MORISON,2019-09-05,0.5,,,0.5,0.0,2026-04-08T03:19:38.984327+00:00
105181,MORISON,2019-09-06,0.5,,,0.5,0.0,2026-04-08T03:19:41.363212+00:00
105284,MORISON,2019-09-09,0.5,,,0.5,0.0,2026-04-08T03:19:45.624302+00:00
105387,MORISON,2019-09-10,0.5,,,0.5,0.0,2026-04-08T03:19:47.977958+00:00
105490,MORISON,2019-09-11,0.5,,,0.5,0.0,2026-04-08T03:19:50.333421+00:00
105593,MORISON,2019-09-12,0.5,,,0.5,3750.0,2026-04-08T03:19:52.607202+00:00
105696,MORISON,2019-09-13,0.5,,,0.5,0.0,2026-04-08T03:19:55.083512+00:00
105799,MORISON,2019-09-16,0.5,,,0.5,0.0,2026-04-08T03:19:59.701348+00:00
105902,MORISON,2019-09-17,0.5,,,0.5,0.0,2026-04-08T03:20:02.523968+00:00
106005,MORISON,2019-09-18,0.5,,,0.5,0.0,2026-04-08T03:20:05.488272+00:00
106108,MORISON,2019-09-19,0.5,,,0.5,450.0,2026-04-08T03:20:08.114889+00:00
106211,MORISON,2019-09-20,0.5,,,0.5,0.0,2026-04-08T03:20:10.721894+00:00
106314,MORISON,2019-09-23,0.5,,,0.5,1400.0,2026-04-08T03:20:15.267012+00:00
106417,MORISON,2019-09-24,0.5,,,0.5,32.0,2026-04-08T03:20:17.630341+00:00
106520,MORISON,2019-09-25,0.5,,,0.5,0.0,2026-04-08T03:20:20.165626+00:00
106623,MORISON,2019-09-26,0.5,,,0.5,0.0,2026-04-08T03:20:22.92566+00:00
106726,MORISON,2019-09-27,0.5,,,0.5,1051.0,2026-04-08T03:20:25.402499+00:00
106829,MORISON,2019-09-30,0.5,,,0.5,0.0,2026-04-08T03:20:29.867546+00:00
106932,MORISON,2019-10-02,0.5,,,0.5,901.0,2026-04-08T03:20:33.475481+00:00
107035,MORISON,2019-10-03,0.5,,,0.5,0.0,2026-04-08T03:20:35.801047+00:00
107138,MORISON,2019-10-04,0.5,,,0.5,0.0,2026-04-08T03:20:38.138638+00:00
107241,MORISON,2019-10-07,0.5,,,0.5,7910.0,2026-04-08T03:20:43.38987+00:00
107344,MORISON,2019-10-08,0.5,,,0.5,0.0,2026-04-08T03:20:50.115577+00:00
107447,MORISON,2019-10-09,0.5,,,0.5,0.0,2026-04-08T03:20:53.067656+00:00
107550,MORISON,2019-10-10,0.5,,,0.5,0.0,2026-04-08T03:20:55.682822+00:00
107653,MORISON,2019-10-11,0.5,,,0.5,15355.0,2026-04-08T03:20:58.30073+00:00
107756,MORISON,2019-10-14,0.5,,,0.5,0.0,2026-04-08T03:21:03.536141+00:00
107859,MORISON,2019-10-15,0.5,,,0.5,0.0,2026-04-08T03:21:06.159586+00:00
107962,MORISON,2019-10-16,0.5,,,0.5,0.0,2026-04-08T03:21:08.538525+00:00
108065,MORISON,2019-10-17,0.5,,,0.5,0.0,2026-04-08T03:21:11.125073+00:00
108168,MORISON,2019-10-18,0.5,,,0.5,0.0,2026-04-08T03:21:14.04892+00:00
108271,MORISON,2019-10-21,0.5,,,0.5,0.0,2026-04-08T03:21:18.357079+00:00
108374,MORISON,2019-10-22,0.5,,,0.5,0.0,2026-04-08T03:21:20.5704+00:00
108477,MORISON,2019-10-23,0.5,,,0.5,0.0,2026-04-08T03:21:22.84444+00:00
108580,MORISON,2019-10-24,0.5,,,0.5,500.0,2026-04-08T03:21:25.228823+00:00
108683,MORISON,2019-10-25,0.5,,,0.5,312.0,2026-04-08T03:21:27.539286+00:00
108786,MORISON,2019-10-28,0.5,,,0.5,0.0,2026-04-08T03:21:32.161692+00:00
108889,MORISON,2019-10-29,0.5,,,0.5,880.0,2026-04-08T03:21:34.477485+00:00
108992,MORISON,2019-10-30,0.5,,,0.5,0.0,2026-04-08T03:21:36.754268+00:00
109095,MORISON,2019-10-31,0.5,,,0.5,0.0,2026-04-08T03:21:39.10919+00:00
109198,MORISON,2019-11-01,0.5,,,0.5,0.0,2026-04-08T03:21:41.456138+00:00
109301,MORISON,2019-11-04,0.5,,,0.5,0.0,2026-04-08T03:21:45.945243+00:00
109404,MORISON,2019-11-05,0.5,,,0.5,406.0,2026-04-08T03:21:48.37169+00:00
109507,MORISON,2019-11-06,0.5,,,0.5,0.0,2026-04-08T03:21:50.755948+00:00
109610,MORISON,2019-11-07,0.5,,,0.5,1534.0,2026-04-08T03:21:53.200031+00:00
109713,MORISON,2019-11-08,0.5,,,0.5,0.0,2026-04-08T03:21:55.63316+00:00
109816,MORISON,2019-11-12,0.5,,,0.5,0.0,2026-04-08T03:22:01.520244+00:00
109919,MORISON,2019-11-13,0.5,,,0.5,0.0,2026-04-08T03:22:04.169594+00:00
110022,MORISON,2019-11-14,0.5,,,0.5,0.0,2026-04-08T03:22:06.510438+00:00
110125,MORISON,2019-11-15,0.5,,,0.5,14620.0,2026-04-08T03:22:08.972682+00:00
110227,MORISON,2019-11-18,0.5,,,0.5,0.0,2026-04-08T03:22:13.551393+00:00
110329,MORISON,2019-11-19,0.5,,,0.5,0.0,2026-04-08T03:22:15.801005+00:00
110431,MORISON,2019-11-20,0.5,,,0.5,4426.0,2026-04-08T03:22:18.11241+00:00
110533,MORISON,2019-11-21,0.5,,,0.5,0.0,2026-04-08T03:22:20.360812+00:00
110635,MORISON,2019-11-22,0.5,,,0.5,0.0,2026-04-08T03:22:22.766306+00:00
110737,MORISON,2019-11-25,0.5,,,0.5,24080.0,2026-04-08T03:22:27.077445+00:00
110839,MORISON,2019-11-26,0.5,,,0.5,0.0,2026-04-08T03:22:29.415971+00:00
110941,MORISON,2019-11-27,0.5,,,0.5,760.0,2026-04-08T03:22:31.797244+00:00
111043,MORISON,2019-11-28,0.5,,,0.5,0.0,2026-04-08T03:22:34.150197+00:00
111145,MORISON,2019-11-29,0.5,,,0.5,0.0,2026-04-08T03:22:36.43862+00:00
111247,MORISON,2019-12-02,0.5,,,0.5,0.0,2026-04-08T03:22:40.672716+00:00
111349,MORISON,2019-12-03,0.5,,,0.5,0.0,2026-04-08T03:22:42.857808+00:00
111451,MORISON,2019-12-04,0.5,,,0.5,2008.0,2026-04-08T03:22:45.132537+00:00
111553,MORISON,2019-12-05,0.5,,,0.5,0.0,2026-04-08T03:22:47.409461+00:00
111655,MORISON,2019-12-06,0.5,,,0.5,0.0,2026-04-08T03:22:49.720566+00:00
111757,MORISON,2019-12-10,0.5,,,0.5,0.0,2026-04-08T03:22:54.948045+00:00
111859,MORISON,2019-12-11,0.5,,,0.5,0.0,2026-04-08T03:22:57.463594+00:00
111961,MORISON,2019-12-12,0.5,,,0.5,0.0,2026-04-08T03:22:59.677549+00:00
112063,MORISON,2019-12-13,0.5,,,0.5,1812.0,2026-04-08T03:23:01.961124+00:00
112165,MORISON,2019-12-16,0.5,,,0.5,5747.0,2026-04-08T03:23:06.206185+00:00
112267,MORISON,2019-12-17,0.5,,,0.5,0.0,2026-04-08T03:23:08.526507+00:00
112369,MORISON,2019-12-18,0.5,,,0.5,311.0,2026-04-08T03:23:10.699016+00:00
112471,MORISON,2019-12-19,0.5,,,0.5,0.0,2026-04-08T03:23:13.06361+00:00
112573,MORISON,2019-12-20,0.5,,,0.5,0.0,2026-04-08T03:23:15.515212+00:00
112675,MORISON,2019-12-23,0.5,,,0.5,0.0,2026-04-08T03:23:19.645113+00:00
112777,MORISON,2019-12-24,0.5,,,0.5,0.0,2026-04-08T03:23:22.081747+00:00
112879,MORISON,2019-12-27,0.5,,,0.5,0.0,2026-04-08T03:23:26.48241+00:00
112981,MORISON,2019-12-31,0.5,,,0.5,0.0,2026-04-08T03:23:31.997666+00:00
113083,MORISON,2020-01-02,0.5,,,0.5,0.0,2026-04-08T03:23:35.253628+00:00
113185,MORISON,2020-01-03,0.5,,,0.5,0.0,2026-04-08T03:23:37.484442+00:00
113287,MORISON,2020-01-06,0.5,,,0.5,964.0,2026-04-08T03:23:41.810791+00:00
113389,MORISON,2020-01-07,0.5,,,0.5,0.0,2026-04-08T03:23:44.238014+00:00
113491,MORISON,2020-01-08,0.5,,,0.5,3727.0,2026-04-08T03:23:46.428903+00:00
113593,MORISON,2020-01-09,0.5,,,0.5,100.0,2026-04-08T03:23:48.760691+00:00
113696,MORISON,2020-01-10,0.5,,,0.5,6700.0,2026-04-08T03:23:51.312987+00:00
113799,MORISON,2020-01-13,0.5,,,0.5,666.0,2026-04-08T03:23:55.704331+00:00
113902,MORISON,2020-01-14,0.5,,,0.5,0.0,2026-04-08T03:23:58.044369+00:00
114005,MORISON,2020-01-15,0.5,,,0.5,126773565.0,2026-04-08T03:24:00.340453+00:00
114108,MORISON,2020-01-16,0.5,,,0.5,35000000.0,2026-04-08T03:24:02.775573+00:00
114211,MORISON,2020-01-17,0.5,,,0.5,0.0,2026-04-08T03:24:05.107796+00:00
114314,MORISON,2020-01-20,0.5,,,0.5,0.0,2026-04-08T03:24:09.637495+00:00
114417,MORISON,2020-01-21,0.5,,,0.5,1500.0,2026-04-08T03:24:12.081094+00:00
114520,MORISON,2020-01-23,0.5,,,0.5,583.0,2026-04-08T03:24:15.397306+00:00
114623,MORISON,2020-01-24,0.5,,,0.5,0.0,2026-04-08T03:24:17.760742+00:00
114726,MORISON,2020-01-27,0.5,,,0.5,0.0,2026-04-08T03:24:22.426106+00:00
114829,MORISON,2020-01-28,0.5,,,0.5,1564.0,2026-04-08T03:24:24.728321+00:00
114932,MORISON,2020-01-29,0.5,,,0.5,132.0,2026-04-08T03:24:27.287495+00:00
115035,MORISON,2020-01-30,0.5,,,0.5,5398.0,2026-04-08T03:24:29.658352+00:00
115138,MORISON,2020-01-31,0.5,,,0.5,2002.0,2026-04-08T03:24:31.961868+00:00
115241,MORISON,2020-02-03,0.5,,,0.5,0.0,2026-04-08T03:24:36.430808+00:00
115344,MORISON,2020-02-04,0.5,,,0.5,0.0,2026-04-08T03:24:38.687124+00:00
115447,MORISON,2020-02-05,0.5,,,0.5,0.0,2026-04-08T03:24:41.03998+00:00
115550,MORISON,2020-02-06,0.5,,,0.5,0.0,2026-04-08T03:24:43.345135+00:00
115653,MORISON,2020-02-07,0.5,,,0.5,0.0,2026-04-08T03:24:45.609576+00:00
115756,MORISON,2020-02-10,0.5,,,0.5,136.0,2026-04-08T03:24:50.182603+00:00
115859,MORISON,2020-02-11,0.5,,,0.5,1418.0,2026-04-08T03:24:52.780016+00:00
115962,MORISON,2020-02-12,0.5,,,0.5,0.0,2026-04-08T03:24:55.120152+00:00
116065,MORISON,2020-02-13,0.5,,,0.5,0.0,2026-04-08T03:24:57.649025+00:00
116168,MORISON,2020-02-14,0.5,,,0.5,48662.0,2026-04-08T03:25:00.080254+00:00
116271,MORISON,2020-02-17,0.5,,,0.5,0.0,2026-04-08T03:25:04.377856+00:00
116374,MORISON,2020-02-18,0.5,,,0.5,0.0,2026-04-08T03:25:06.773592+00:00
116477,MORISON,2020-02-19,0.5,,,0.5,0.0,2026-04-08T03:25:09.231504+00:00
116580,MORISON,2020-02-20,0.5,,,0.5,842.0,2026-04-08T03:25:11.501588+00:00
116683,MORISON,2020-02-21,0.5,,,0.5,0.0,2026-04-08T03:25:13.948187+00:00
116786,MORISON,2020-02-24,0.5,,,0.5,0.0,2026-04-08T03:25:18.415367+00:00
116889,MORISON,2020-02-25,0.5,,,0.5,0.0,2026-04-08T03:25:20.711298+00:00
116992,MORISON,2020-02-26,0.5,,,0.5,0.0,2026-04-08T03:25:23.465375+00:00
117095,MORISON,2020-02-27,0.5,,,0.5,0.0,2026-04-08T03:25:26.011368+00:00
117198,MORISON,2020-02-28,0.5,,,0.5,0.0,2026-04-08T03:25:28.472167+00:00
117301,MORISON,2020-03-02,0.5,,,0.5,0.0,2026-04-08T03:25:32.979972+00:00
117404,MORISON,2020-03-03,0.5,,,0.5,0.0,2026-04-08T03:25:35.324079+00:00
117507,MORISON,2020-03-04,0.5,,,0.5,0.0,2026-04-08T03:25:37.587456+00:00
117610,MORISON,2020-03-05,0.5,,,0.5,0.0,2026-04-08T03:25:39.825698+00:00
117713,MORISON,2020-03-09,0.5,,,0.5,0.0,2026-04-08T03:25:45.227559+00:00
117816,MORISON,2020-03-10,0.5,,,0.5,0.0,2026-04-08T03:25:47.644077+00:00
117919,MORISON,2020-03-11,0.5,,,0.5,0.0,2026-04-08T03:25:49.940962+00:00
118022,MORISON,2020-03-12,0.5,,,0.5,0.0,2026-04-08T03:25:52.243289+00:00
118125,MORISON,2020-03-13,0.5,,,0.5,1324.0,2026-04-08T03:25:54.520183+00:00
118228,MORISON,2020-03-16,0.5,,,0.5,0.0,2026-04-08T03:25:58.965391+00:00
118331,MORISON,2020-03-17,0.5,,,0.5,399.0,2026-04-08T03:26:01.331984+00:00
118434,MORISON,2020-03-18,0.5,,,0.5,0.0,2026-04-08T03:26:03.589989+00:00
118537,MORISON,2020-03-19,0.5,,,0.5,0.0,2026-04-08T03:26:05.957067+00:00
118640,MORISON,2020-03-20,0.5,,,0.5,0.0,2026-04-08T03:26:08.377452+00:00
118743,MORISON,2020-03-23,0.5,,,0.5,0.0,2026-04-08T03:26:12.667002+00:00
118846,MORISON,2020-03-24,0.5,,,0.5,0.0,2026-04-08T03:26:14.960057+00:00
118949,MORISON,2020-03-25,0.5,,,0.5,0.0,2026-04-08T03:26:17.224804+00:00
119052,MORISON,2020-03-26,0.55,,,0.55,110000.0,2026-04-08T03:26:19.64473+00:00
119155,MORISON,2020-03-27,0.6,,,0.6,120000.0,2026-04-08T03:26:21.968693+00:00
119258,MORISON,2020-03-30,0.6,,,0.6,0.0,2026-04-08T03:26:26.43282+00:00
119361,MORISON,2020-03-31,0.6,,,0.6,0.0,2026-04-08T03:26:28.926506+00:00
119464,MORISON,2020-04-01,0.6,,,0.6,0.0,2026-04-08T03:26:31.173614+00:00
119567,MORISON,2020-04-02,0.6,,,0.6,0.0,2026-04-08T03:26:33.480235+00:00
119670,MORISON,2020-04-03,0.6,,,0.6,0.0,2026-04-08T03:26:35.777807+00:00
119773,MORISON,2020-04-06,0.6,,,0.6,0.0,2026-04-08T03:26:40.135575+00:00
119876,MORISON,2020-04-07,0.6,,,0.6,0.0,2026-04-08T03:26:42.376644+00:00
119979,MORISON,2020-04-08,0.6,,,0.6,0.0,2026-04-08T03:26:44.690105+00:00
120082,MORISON,2020-04-09,0.6,,,0.6,0.0,2026-04-08T03:26:47.020639+00:00
120185,MORISON,2020-04-14,0.6,,,0.6,0.0,2026-04-08T03:26:53.304016+00:00
120288,MORISON,2020-04-15,0.6,,,0.6,0.0,2026-04-08T03:26:55.643286+00:00
120391,MORISON,2020-04-16,0.6,,,0.6,0.0,2026-04-08T03:26:58.005731+00:00
120494,MORISON,2020-04-17,0.6,,,0.6,0.0,2026-04-08T03:27:00.196144+00:00
120597,MORISON,2020-04-20,0.6,,,0.6,0.0,2026-04-08T03:27:04.902814+00:00
120700,MORISON,2020-04-21,0.6,,,0.6,0.0,2026-04-08T03:27:07.124699+00:00
120803,MORISON,2020-04-22,0.6,,,0.6,0.0,2026-04-08T03:27:09.50407+00:00
120906,MORISON,2020-04-23,0.6,,,0.6,0.0,2026-04-08T03:27:11.732195+00:00
121009,MORISON,2020-04-24,0.6,,,0.6,0.0,2026-04-08T03:27:14.133022+00:00
121112,MORISON,2020-04-27,0.6,,,0.6,0.0,2026-04-08T03:27:18.376911+00:00
121215,MORISON,2020-04-28,0.6,,,0.6,0.0,2026-04-08T03:27:20.70836+00:00
121318,MORISON,2020-04-29,0.6,,,0.6,0.0,2026-04-08T03:27:23.099969+00:00
121421,MORISON,2020-04-30,0.6,,,0.6,0.0,2026-04-08T03:27:25.479794+00:00
121524,MORISON,2020-05-04,0.6,,,0.6,0.0,2026-04-08T03:27:30.67652+00:00
121627,MORISON,2020-05-05,0.6,,,0.6,0.0,2026-04-08T03:27:32.997372+00:00
121730,MORISON,2020-05-06,0.6,,,0.6,0.0,2026-04-08T03:27:35.368243+00:00
121833,MORISON,2020-05-07,0.6,,,0.6,0.0,2026-04-08T03:27:37.70358+00:00
121936,MORISON,2020-05-08,0.6,,,0.6,0.0,2026-04-08T03:27:39.945267+00:00
122039,MORISON,2020-05-11,0.6,,,0.6,0.0,2026-04-08T03:27:44.543581+00:00
122142,MORISON,2020-05-12,0.6,,,0.6,0.0,2026-04-08T03:27:46.988848+00:00
122245,MORISON,2020-05-13,0.6,,,0.6,0.0,2026-04-08T03:27:49.292243+00:00
122348,MORISON,2020-05-14,0.6,,,0.6,0.0,2026-04-08T03:27:51.592074+00:00
122451,MORISON,2020-05-19,0.6,,,0.6,0.0,2026-04-08T03:27:58.031425+00:00
122554,MORISON,2020-05-20,0.6,,,0.6,0.0,2026-04-08T03:28:00.412443+00:00
122657,MORISON,2020-05-21,0.6,,,0.6,0.0,2026-04-08T03:28:02.829603+00:00
122760,MORISON,2020-05-27,0.6,,,0.6,37124.0,2026-04-08T03:28:10.17932+00:00
122863,MORISON,2020-05-28,0.6,,,0.6,0.0,2026-04-08T03:28:12.484321+00:00
122966,MORISON,2020-05-29,0.6,,,0.6,1218.0,2026-04-08T03:28:14.796152+00:00
123069,MORISON,2020-06-02,0.6,,,0.6,0.0,2026-04-08T03:28:20.224588+00:00
123172,MORISON,2020-06-03,0.6,,,0.6,0.0,2026-04-08T03:28:22.45251+00:00
123275,MORISON,2020-06-04,0.6,,,0.6,0.0,2026-04-08T03:28:24.742978+00:00
123378,MORISON,2020-06-05,0.6,,,0.6,0.0,2026-04-08T03:28:26.997708+00:00
123481,MORISON,2020-06-08,0.6,,,0.6,0.0,2026-04-08T03:28:31.360755+00:00
123584,MORISON,2020-06-09,0.6,,,0.6,0.0,2026-04-08T03:28:33.545964+00:00
123687,MORISON,2020-06-10,0.6,,,0.6,0.0,2026-04-08T03:28:35.856379+00:00
123790,MORISON,2020-06-11,0.6,,,0.6,0.0,2026-04-08T03:28:38.052531+00:00
123893,MORISON,2020-06-15,0.6,,,0.6,0.0,2026-04-08T03:28:43.437023+00:00
123996,MORISON,2020-06-16,0.6,,,0.6,4.0,2026-04-08T03:28:45.961134+00:00
124099,MORISON,2020-06-17,0.6,,,0.6,0.0,2026-04-08T03:28:48.324213+00:00
124202,MORISON,2020-06-18,0.6,,,0.6,0.0,2026-04-08T03:28:50.696546+00:00
124305,MORISON,2020-06-19,0.6,,,0.6,97782.0,2026-04-08T03:28:53.406809+00:00
124408,MORISON,2020-06-22,0.6,,,0.6,82214.0,2026-04-08T03:28:57.922359+00:00
124511,MORISON,2020-06-23,0.6,,,0.6,7780.0,2026-04-08T03:29:00.283028+00:00
124614,MORISON,2020-06-24,0.6,,,0.6,0.0,2026-04-08T03:29:02.79982+00:00
124717,MORISON,2020-06-25,0.6,,,0.6,0.0,2026-04-08T03:29:05.076463+00:00
124820,MORISON,2020-06-26,0.6,,,0.6,800.0,2026-04-08T03:29:07.48598+00:00
124923,MORISON,2020-06-29,0.6,,,0.6,12511.0,2026-04-08T03:29:11.968016+00:00
125026,MORISON,2020-06-30,0.6,,,0.6,0.0,2026-04-08T03:29:14.28255+00:00
125129,MORISON,2020-07-01,0.6,,,0.6,3.0,2026-04-08T03:29:16.703757+00:00
125232,MORISON,2020-07-02,0.6,,,0.6,0.0,2026-04-08T03:29:19.127663+00:00
125335,MORISON,2020-07-03,0.6,,,0.6,1651.0,2026-04-08T03:29:21.544735+00:00
125438,MORISON,2020-07-07,0.6,,,0.6,0.0,2026-04-08T03:29:27.331532+00:00
125541,MORISON,2020-07-08,0.6,,,0.6,0.0,2026-04-08T03:29:29.768744+00:00
125644,MORISON,2020-07-09,0.6,,,0.6,980.0,2026-04-08T03:29:32.143692+00:00
125747,MORISON,2020-07-10,0.6,,,0.6,0.0,2026-04-08T03:29:34.521297+00:00
125850,MORISON,2020-07-13,0.6,,,0.6,0.0,2026-04-08T03:29:39.007126+00:00
125953,MORISON,2020-07-14,0.6,,,0.6,951.0,2026-04-08T03:29:41.304989+00:00
126056,MORISON,2020-07-15,0.6,,,0.6,0.0,2026-04-08T03:29:43.708156+00:00
126159,MORISON,2020-07-16,0.6,,,0.6,0.0,2026-04-08T03:29:45.979708+00:00
126262,MORISON,2020-07-17,0.6,,,0.6,7575.0,2026-04-08T03:29:48.357101+00:00
126365,MORISON,2020-07-20,0.6,,,0.6,0.0,2026-04-08T03:29:52.723074+00:00
126468,MORISON,2020-07-21,0.6,,,0.6,28194.0,2026-04-08T03:29:55.035926+00:00
126571,MORISON,2020-07-23,0.6,,,0.6,0.0,2026-04-08T03:29:58.238067+00:00
126674,MORISON,2020-07-24,0.6,,,0.6,0.0,2026-04-08T03:30:00.541513+00:00
126777,MORISON,2020-07-27,0.6,,,0.6,20900.0,2026-04-08T03:30:04.748878+00:00
126880,MORISON,2020-07-28,0.6,,,0.6,0.0,2026-04-08T03:30:07.286947+00:00
126983,MORISON,2020-07-29,0.6,,,0.6,806.0,2026-04-08T03:30:09.725653+00:00
127086,MORISON,2020-08-03,0.6,,,0.6,0.0,2026-04-08T03:30:16.711714+00:00
127189,MORISON,2020-08-04,0.6,,,0.6,0.0,2026-04-08T03:30:19.026905+00:00
127292,MORISON,2020-08-05,0.6,,,0.6,0.0,2026-04-08T03:30:21.509999+00:00
127395,MORISON,2020-08-06,0.6,,,0.6,0.0,2026-04-08T03:30:23.823287+00:00
127498,MORISON,2020-08-07,0.6,,,0.6,0.0,2026-04-08T03:30:26.221973+00:00
127601,MORISON,2020-08-10,0.6,,,0.6,0.0,2026-04-08T03:30:31.080726+00:00
127704,MORISON,2020-08-11,0.6,,,0.6,0.0,2026-04-08T03:30:33.557314+00:00
127807,MORISON,2020-08-12,0.6,,,0.6,0.0,2026-04-08T03:30:35.989363+00:00
127910,MORISON,2020-08-13,0.6,,,0.6,0.0,2026-04-08T03:30:38.402702+00:00
128013,MORISON,2020-08-14,0.6,,,0.6,0.0,2026-04-08T03:30:40.738296+00:00
128116,MORISON,2020-08-17,0.6,,,0.6,0.0,2026-04-08T03:30:45.179846+00:00
128219,MORISON,2020-08-18,0.6,,,0.6,0.0,2026-04-08T03:30:47.750292+00:00
128322,MORISON,2020-08-19,0.6,,,0.6,0.0,2026-04-08T03:30:50.260611+00:00
128425,MORISON,2020-08-20,0.6,,,0.6,10.0,2026-04-08T03:30:52.728097+00:00
128528,MORISON,2020-08-21,0.6,,,0.6,0.0,2026-04-08T03:30:55.129893+00:00
128631,MORISON,2020-08-24,0.6,,,0.6,0.0,2026-04-08T03:30:59.50528+00:00
128734,MORISON,2020-08-25,0.6,,,0.6,0.0,2026-04-08T03:31:01.97181+00:00
128837,MORISON,2020-08-26,0.6,,,0.6,0.0,2026-04-08T03:31:04.340397+00:00
128940,MORISON,2020-08-27,0.6,,,0.6,0.0,2026-04-08T03:31:06.825032+00:00
129043,MORISON,2020-08-28,0.6,,,0.6,0.0,2026-04-08T03:31:10.050623+00:00
129146,MORISON,2020-08-31,0.6,,,0.6,0.0,2026-04-08T03:31:14.574397+00:00
129249,MORISON,2020-09-01,0.6,,,0.6,0.0,2026-04-08T03:31:16.859057+00:00
129352,MORISON,2020-09-02,0.6,,,0.6,0.0,2026-04-08T03:31:19.223829+00:00
129455,MORISON,2020-09-03,0.6,,,0.6,0.0,2026-04-08T03:31:21.580357+00:00
129558,MORISON,2020-09-04,0.6,,,0.6,0.0,2026-04-08T03:31:24.095323+00:00
129661,MORISON,2020-09-07,0.6,,,0.6,10100.0,2026-04-08T03:31:29.028072+00:00
129764,MORISON,2020-09-08,0.6,,,0.6,0.0,2026-04-08T03:31:31.696694+00:00
129867,MORISON,2020-09-09,0.6,,,0.6,10000.0,2026-04-08T03:31:34.222499+00:00
129970,MORISON,2020-09-10,0.6,,,0.6,6326.0,2026-04-08T03:31:36.666154+00:00
130073,MORISON,2020-09-11,0.6,,,0.6,12218.0,2026-04-08T03:31:39.224755+00:00
130176,MORISON,2020-09-14,0.6,,,0.6,0.0,2026-04-08T03:31:43.669625+00:00
130279,MORISON,2020-09-15,0.6,,,0.6,0.0,2026-04-08T03:31:46.096824+00:00
130382,MORISON,2020-09-16,0.6,,,0.6,0.0,2026-04-08T03:31:48.62473+00:00
130485,MORISON,2020-09-17,0.6,,,0.6,115008.0,2026-04-08T03:31:51.120615+00:00
130588,MORISON,2020-09-18,0.6,,,0.6,9.0,2026-04-08T03:31:53.500222+00:00
130691,MORISON,2020-09-21,0.6,,,0.6,0.0,2026-04-08T03:31:57.915353+00:00
130794,MORISON,2020-09-22,0.6,,,0.6,0.0,2026-04-08T03:32:00.361616+00:00
130897,MORISON,2020-09-23,0.6,,,0.6,0.0,2026-04-08T03:32:02.667296+00:00
131000,MORISON,2020-09-24,0.6,,,0.6,21093.0,2026-04-08T03:32:05.077899+00:00
131103,MORISON,2020-09-25,0.6,,,0.6,0.0,2026-04-08T03:32:07.472813+00:00
131206,MORISON,2020-09-28,0.6,,,0.6,100.0,2026-04-08T03:32:12.542607+00:00
131309,MORISON,2020-09-29,0.6,,,0.6,0.0,2026-04-08T03:32:14.948969+00:00
131412,MORISON,2020-09-30,0.6,,,0.6,827.0,2026-04-08T03:32:17.368144+00:00
131515,MORISON,2020-10-02,0.6,,,0.6,100.0,2026-04-08T03:32:21.009688+00:00
131618,MORISON,2020-10-05,0.6,,,0.6,2388.0,2026-04-08T03:32:25.669514+00:00
131721,MORISON,2020-10-06,0.6,,,0.6,0.0,2026-04-08T03:32:28.151061+00:00
131824,MORISON,2020-10-07,0.6,,,0.6,0.0,2026-04-08T03:32:30.62441+00:00
131927,MORISON,2020-10-08,0.6,,,0.6,0.0,2026-04-08T03:32:32.995223+00:00
132030,MORISON,2020-10-09,0.6,,,0.6,0.0,2026-04-08T03:32:35.453646+00:00
132133,MORISON,2020-10-12,0.6,,,0.6,0.0,2026-04-08T03:32:39.836845+00:00
132236,MORISON,2020-10-13,0.6,,,0.6,0.0,2026-04-08T03:32:42.883097+00:00
132339,MORISON,2020-10-14,0.6,,,0.6,0.0,2026-04-08T03:32:45.313484+00:00
132442,MORISON,2020-10-15,0.6,,,0.6,0.0,2026-04-08T03:32:47.672181+00:00
132545,MORISON,2020-10-16,0.6,,,0.6,18825.0,2026-04-08T03:32:50.112843+00:00
132648,MORISON,2020-10-19,0.6,,,0.6,8000.0,2026-04-08T03:32:54.594352+00:00
132751,MORISON,2020-10-20,0.6,,,0.6,11825.0,2026-04-08T03:32:57.288568+00:00
132854,MORISON,2020-10-21,0.6,,,0.6,0.0,2026-04-08T03:32:59.679627+00:00
132957,MORISON,2020-10-22,0.6,,,0.6,0.0,2026-04-08T03:33:02.194874+00:00
133060,MORISON,2020-10-23,0.6,,,0.6,0.0,2026-04-08T03:33:04.540232+00:00
133163,MORISON,2020-10-26,0.54,,,0.54,432923.0,2026-04-08T03:33:08.964122+00:00
133266,MORISON,2020-10-27,0.54,,,0.54,0.0,2026-04-08T03:33:12.04516+00:00
133369,MORISON,2020-10-28,0.54,,,0.54,0.0,2026-04-08T03:33:14.504918+00:00
133472,MORISON,2020-10-30,0.54,,,0.54,0.0,2026-04-08T03:33:18.13889+00:00
133575,MORISON,2020-11-02,0.54,,,0.54,0.0,2026-04-08T03:33:22.589733+00:00
133678,MORISON,2020-11-03,0.54,,,0.54,0.0,2026-04-08T03:33:24.936567+00:00
133781,MORISON,2020-11-04,0.54,,,0.54,0.0,2026-04-08T03:33:27.402012+00:00
133884,MORISON,2020-11-05,0.54,,,0.54,0.0,2026-04-08T03:33:29.791139+00:00
133987,MORISON,2020-11-06,0.54,,,0.54,1500.0,2026-04-08T03:33:32.190465+00:00
134090,MORISON,2020-11-09,0.54,,,0.54,0.0,2026-04-08T03:33:36.944942+00:00
134194,MORISON,2020-11-10,0.54,,,0.54,611.0,2026-04-08T03:33:39.328014+00:00
134298,MORISON,2020-11-11,0.54,,,0.54,0.0,2026-04-08T03:33:41.646704+00:00
134402,MORISON,2020-11-12,0.49,,,0.49,200000.0,2026-04-08T03:33:44.075825+00:00
134506,MORISON,2020-11-13,0.49,,,0.49,0.0,2026-04-08T03:33:46.660663+00:00
134610,MORISON,2020-11-16,0.49,,,0.49,0.0,2026-04-08T03:33:51.206328+00:00
134714,MORISON,2020-11-17,0.49,,,0.49,0.0,2026-04-08T03:33:53.594986+00:00
134818,MORISON,2020-11-18,0.49,,,0.49,0.0,2026-04-08T03:33:56.053488+00:00
134922,MORISON,2020-11-19,0.49,,,0.49,0.0,2026-04-08T03:33:58.535588+00:00
135026,MORISON,2020-11-20,0.49,,,0.49,0.0,2026-04-08T03:34:01.033528+00:00
135130,MORISON,2020-11-23,0.49,,,0.49,0.0,2026-04-08T03:34:05.446005+00:00
135234,MORISON,2020-11-24,0.49,,,0.49,700.0,2026-04-08T03:34:07.827748+00:00
135338,MORISON,2020-11-25,0.49,,,0.49,0.0,2026-04-08T03:34:10.273596+00:00
135442,MORISON,2020-11-26,0.49,,,0.49,0.0,2026-04-08T03:34:12.878043+00:00
135546,MORISON,2020-11-27,0.49,,,0.49,0.0,2026-04-08T03:34:15.660625+00:00
135650,MORISON,2020-11-30,0.49,,,0.49,0.0,2026-04-08T03:34:20.595268+00:00
135754,MORISON,2020-12-01,0.49,,,0.49,0.0,2026-04-08T03:34:22.915781+00:00
135857,MORISON,2020-12-02,0.49,,,0.49,0.0,2026-04-08T03:34:25.200893+00:00
135959,MORISON,2020-12-03,0.49,,,0.49,0.0,2026-04-08T03:34:27.500503+00:00
136061,MORISON,2020-12-04,0.49,,,0.49,0.0,2026-04-08T03:34:29.754666+00:00
136165,MORISON,2020-12-07,0.49,,,0.49,600.0,2026-04-08T03:34:34.092506+00:00
136269,MORISON,2020-12-08,0.49,,,0.49,63857.0,2026-04-08T03:34:36.413898+00:00
136373,MORISON,2020-12-09,0.49,,,0.49,0.0,2026-04-08T03:34:38.741358+00:00
136477,MORISON,2020-12-10,0.49,,,0.49,0.0,2026-04-08T03:34:41.210459+00:00
136581,MORISON,2020-12-11,0.49,,,0.49,0.0,2026-04-08T03:34:43.516271+00:00
136685,MORISON,2020-12-14,0.49,,,0.49,2108.0,2026-04-08T03:34:47.752987+00:00
136790,MORISON,2020-12-15,0.49,,,0.49,500.0,2026-04-08T03:34:50.014046+00:00
136895,MORISON,2020-12-16,0.49,,,0.49,0.0,2026-04-08T03:34:52.260784+00:00
137000,MORISON,2020-12-17,0.49,,,0.49,0.0,2026-04-08T03:34:54.700208+00:00
137105,MORISON,2020-12-18,0.49,,,0.49,727.0,2026-04-08T03:34:57.404383+00:00
137210,MORISON,2020-12-21,0.49,,,0.49,2458.0,2026-04-08T03:35:01.74156+00:00
137315,MORISON,2020-12-22,0.49,,,0.49,0.0,2026-04-08T03:35:04.087051+00:00
137420,MORISON,2020-12-23,0.49,,,0.49,21770.0,2026-04-08T03:35:06.465463+00:00
137525,MORISON,2020-12-24,0.49,,,0.49,0.0,2026-04-08T03:35:08.859517+00:00
137630,MORISON,2020-12-29,0.49,,,0.49,0.0,2026-04-08T03:35:15.710612+00:00
137735,MORISON,2020-12-30,0.49,,,0.49,0.0,2026-04-08T03:35:18.332825+00:00
137840,MORISON,2020-12-31,0.49,,,0.49,0.0,2026-04-08T03:35:20.721524+00:00
137945,MORISON,2021-01-04,0.49,,,0.49,0.0,2026-04-08T03:35:26.376094+00:00
138050,MORISON,2021-01-05,0.49,,,0.49,0.0,2026-04-08T03:35:29.033034+00:00
138155,MORISON,2021-01-06,0.49,,,0.49,200.0,2026-04-08T03:35:31.424152+00:00
138260,MORISON,2021-01-07,0.49,,,0.49,0.0,2026-04-08T03:35:34.042283+00:00
138365,MORISON,2021-01-08,0.49,,,0.49,0.0,2026-04-08T03:35:36.489888+00:00
138470,MORISON,2021-01-11,0.5,,,0.5,169686.0,2026-04-08T03:35:41.134484+00:00
138575,MORISON,2021-01-12,0.5,,,0.5,0.0,2026-04-08T03:35:43.444525+00:00
138680,MORISON,2021-01-13,0.5,,,0.5,0.0,2026-04-08T03:35:45.752573+00:00
138785,MORISON,2021-01-14,0.5,,,0.5,1916.0,2026-04-08T03:35:48.266873+00:00
138890,MORISON,2021-01-15,0.5,,,0.5,0.0,2026-04-08T03:35:50.536305+00:00
138995,MORISON,2021-01-18,0.5,,,0.5,0.0,2026-04-08T03:35:55.012207+00:00
139100,MORISON,2021-01-19,0.5,,,0.5,1118.0,2026-04-08T03:35:57.346792+00:00
139205,MORISON,2021-01-20,0.5,,,0.5,7905.0,2026-04-08T03:35:59.785195+00:00
139310,MORISON,2021-01-21,0.5,,,0.5,48010.0,2026-04-08T03:36:02.057398+00:00
139415,MORISON,2021-01-22,0.5,,,0.5,0.0,2026-04-08T03:36:04.490813+00:00
139520,MORISON,2021-01-25,0.5,,,0.5,0.0,2026-04-08T03:36:09.142175+00:00
139625,MORISON,2021-01-26,0.5,,,0.5,0.0,2026-04-08T03:36:11.477526+00:00
139730,MORISON,2021-01-27,0.5,,,0.5,771.0,2026-04-08T03:36:13.916788+00:00
139835,MORISON,2021-01-28,0.5,,,0.5,1051.0,2026-04-08T03:36:16.269205+00:00
139940,MORISON,2021-01-29,0.5,,,0.5,0.0,2026-04-08T03:36:18.603253+00:00
140045,MORISON,2021-02-01,0.5,,,0.5,0.0,2026-04-08T03:36:23.094546+00:00
140150,MORISON,2021-02-02,0.5,,,0.5,0.0,2026-04-08T03:36:25.523135+00:00
140255,MORISON,2021-02-03,0.5,,,0.5,0.0,2026-04-08T03:36:27.835035+00:00
140360,MORISON,2021-02-04,0.5,,,0.5,691.0,2026-04-08T03:36:30.225924+00:00
140465,MORISON,2021-02-05,0.5,,,0.5,0.0,2026-04-08T03:36:32.587221+00:00
140570,MORISON,2021-02-08,0.5,,,0.5,0.0,2026-04-08T03:36:37.052653+00:00
140675,MORISON,2021-02-09,0.55,,,0.55,140654.0,2026-04-08T03:36:39.468141+00:00
140780,MORISON,2021-02-10,0.55,,,0.55,0.0,2026-04-08T03:36:41.836322+00:00
140885,MORISON,2021-02-11,0.55,,,0.55,0.0,2026-04-08T03:36:44.255641+00:00
140990,MORISON,2021-02-12,0.55,,,0.55,0.0,2026-04-08T03:36:46.553737+00:00
141095,MORISON,2021-02-15,0.55,,,0.55,0.0,2026-04-08T03:36:50.983127+00:00
141200,MORISON,2021-02-16,0.55,,,0.55,0.0,2026-04-08T03:36:53.929967+00:00
141305,MORISON,2021-02-17,0.55,,,0.55,0.0,2026-04-08T03:36:56.762484+00:00
141410,MORISON,2021-02-18,0.55,,,0.55,4218.0,2026-04-08T03:36:59.321693+00:00
141515,MORISON,2021-02-19,0.55,,,0.55,0.0,2026-04-08T03:37:01.817881+00:00
141620,MORISON,2021-02-22,0.55,,,0.55,0.0,2026-04-08T03:37:06.27808+00:00
141725,MORISON,2021-02-23,0.55,,,0.55,0.0,2026-04-08T03:37:08.890934+00:00
141830,MORISON,2021-02-24,0.55,,,0.55,0.0,2026-04-08T03:37:11.490979+00:00
141935,MORISON,2021-02-25,0.55,,,0.55,0.0,2026-04-08T03:37:14.190372+00:00
142040,MORISON,2021-02-26,0.55,,,0.55,75000.0,2026-04-08T03:37:16.661186+00:00
142145,MORISON,2021-03-01,0.55,,,0.55,9677.0,2026-04-08T03:37:22.522205+00:00
142250,MORISON,2021-03-02,0.55,,,0.55,79218.0,2026-04-08T03:37:25.400973+00:00
142355,MORISON,2021-03-03,0.55,,,0.55,0.0,2026-04-08T03:37:28.29584+00:00
142460,MORISON,2021-03-04,0.6,,,0.6,100000.0,2026-04-08T03:37:30.865183+00:00
142565,MORISON,2021-03-05,0.66,,,0.66,580741.0,2026-04-08T03:37:35.032922+00:00
142670,MORISON,2021-03-08,0.72,,,0.72,596854.0,2026-04-08T03:37:40.957406+00:00
142775,MORISON,2021-03-09,0.72,,,0.72,0.0,2026-04-08T03:37:43.478318+00:00
142880,MORISON,2021-03-10,0.79,,,0.79,400044.0,2026-04-08T03:37:46.075681+00:00
142985,MORISON,2021-03-11,0.79,,,0.79,121200.0,2026-04-08T03:37:49.142973+00:00
143090,MORISON,2021-03-12,0.79,,,0.79,3751.0,2026-04-08T03:37:51.827027+00:00
143195,MORISON,2021-03-15,0.79,,,0.79,0.0,2026-04-08T03:37:56.632273+00:00
143300,MORISON,2021-03-16,0.79,,,0.79,0.0,2026-04-08T03:37:59.157483+00:00
143405,MORISON,2021-03-17,0.79,,,0.79,1000.0,2026-04-08T03:38:01.497417+00:00
143510,MORISON,2021-03-18,0.79,,,0.79,1000.0,2026-04-08T03:38:03.831621+00:00
143615,MORISON,2021-03-19,0.79,,,0.79,0.0,2026-04-08T03:38:06.31825+00:00
143720,MORISON,2021-03-22,0.79,,,0.79,19288.0,2026-04-08T03:38:11.081229+00:00
143825,MORISON,2021-03-23,0.86,,,0.86,100000.0,2026-04-08T03:38:13.396015+00:00
143930,MORISON,2021-03-24,0.86,,,0.86,113857.0,2026-04-08T03:38:15.81449+00:00
144035,MORISON,2021-03-25,0.86,,,0.86,0.0,2026-04-08T03:38:18.283134+00:00
144140,MORISON,2021-03-26,0.86,,,0.86,0.0,2026-04-08T03:38:20.746814+00:00
144245,MORISON,2021-03-29,0.86,,,0.86,18200.0,2026-04-08T03:38:25.159246+00:00
144350,MORISON,2021-03-30,0.86,,,0.86,0.0,2026-04-08T03:38:27.475529+00:00
144455,MORISON,2021-03-31,0.86,,,0.86,25000.0,2026-04-08T03:38:29.710175+00:00
144560,MORISON,2021-04-01,0.86,,,0.86,0.0,2026-04-08T03:38:32.086622+00:00
144665,MORISON,2021-04-06,0.86,,,0.86,3666.0,2026-04-08T03:38:38.336109+00:00
144770,MORISON,2021-04-07,0.86,,,0.86,0.0,2026-04-08T03:38:40.597593+00:00
144875,MORISON,2021-04-08,0.86,,,0.86,0.0,2026-04-08T03:38:43.050318+00:00
144980,MORISON,2021-04-09,0.86,,,0.86,126.0,2026-04-08T03:38:45.381101+00:00
145085,MORISON,2021-04-12,0.86,,,0.86,0.0,2026-04-08T03:38:49.634064+00:00
145190,MORISON,2021-04-14,0.86,,,0.86,0.0,2026-04-08T03:38:53.291299+00:00
145295,MORISON,2021-04-15,0.94,,,0.94,241276.0,2026-04-08T03:38:55.647647+00:00
145400,MORISON,2021-04-16,0.94,,,0.94,0.0,2026-04-08T03:38:58.039758+00:00
145505,MORISON,2021-04-19,0.94,,,0.94,0.0,2026-04-08T03:39:02.639407+00:00
145610,MORISON,2021-04-20,0.94,,,0.94,4256.0,2026-04-08T03:39:05.009889+00:00
145715,MORISON,2021-04-21,0.94,,,0.94,13856.0,2026-04-08T03:39:07.371999+00:00
145820,MORISON,2021-04-22,0.94,,,0.94,0.0,2026-04-08T03:39:09.720023+00:00
145925,MORISON,2021-04-26,0.94,,,0.94,0.0,2026-04-08T03:39:15.36746+00:00
146030,MORISON,2021-04-27,0.94,,,0.94,0.0,2026-04-08T03:39:17.695414+00:00
146135,MORISON,2021-04-28,0.94,,,0.94,0.0,2026-04-08T03:39:20.620007+00:00
146240,MORISON,2021-04-29,0.94,,,0.94,0.0,2026-04-08T03:39:22.905871+00:00
146345,MORISON,2021-04-30,0.94,,,0.94,20000.0,2026-04-08T03:39:25.430976+00:00
146450,MORISON,2021-05-04,0.94,,,0.94,0.0,2026-04-08T03:39:31.322792+00:00
146555,MORISON,2021-05-05,0.94,,,0.94,0.0,2026-04-08T03:39:33.759587+00:00
146660,MORISON,2021-05-06,0.94,,,0.94,0.0,2026-04-08T03:39:36.246061+00:00
146765,MORISON,2021-05-07,0.94,,,0.94,0.0,2026-04-08T03:39:38.47254+00:00
146870,MORISON,2021-05-10,0.94,,,0.94,0.0,2026-04-08T03:39:42.886326+00:00
146975,MORISON,2021-05-11,0.94,,,0.94,0.0,2026-04-08T03:39:45.288668+00:00
147080,MORISON,2021-05-14,0.94,,,0.94,0.0,2026-04-08T03:39:49.859206+00:00
147185,MORISON,2021-05-17,0.94,,,0.94,0.0,2026-04-08T03:39:54.343913+00:00
147290,MORISON,2021-05-18,0.94,,,0.94,0.0,2026-04-08T03:39:57.092526+00:00
147395,MORISON,2021-05-19,0.94,,,0.94,0.0,2026-04-08T03:39:59.433321+00:00
147500,MORISON,2021-05-20,0.94,,,0.94,0.0,2026-04-08T03:40:01.906518+00:00
147605,MORISON,2021-05-21,0.94,,,0.94,0.0,2026-04-08T03:40:04.221824+00:00
147710,MORISON,2021-05-24,0.94,,,0.94,0.0,2026-04-08T03:40:08.535937+00:00
147815,MORISON,2021-05-25,0.94,,,0.94,0.0,2026-04-08T03:40:10.790359+00:00
147920,MORISON,2021-05-26,0.94,,,0.94,0.0,2026-04-08T03:40:13.088105+00:00
148025,MORISON,2021-05-27,0.94,,,0.94,0.0,2026-04-08T03:40:15.774564+00:00
148130,MORISON,2021-05-28,0.94,,,0.94,0.0,2026-04-08T03:40:18.222614+00:00
148235,MORISON,2021-05-31,0.94,,,0.94,0.0,2026-04-08T03:40:23.651574+00:00
148340,MORISON,2021-06-01,1.03,,,1.03,330715.0,2026-04-08T03:40:26.050454+00:00
148445,MORISON,2021-06-02,1.03,,,1.03,0.0,2026-04-08T03:40:28.576306+00:00
148550,MORISON,2021-06-03,1.03,,,1.03,0.0,2026-04-08T03:40:31.001459+00:00
148655,MORISON,2021-06-04,1.13,,,1.13,100000.0,2026-04-08T03:40:33.442796+00:00
148760,MORISON,2021-06-07,1.24,,,1.24,101933.0,2026-04-08T03:40:37.732645+00:00
148865,MORISON,2021-06-08,1.24,,,1.24,700.0,2026-04-08T03:40:40.102423+00:00
148970,MORISON,2021-06-09,1.24,,,1.24,30015.0,2026-04-08T03:40:42.486352+00:00
149075,MORISON,2021-06-10,1.24,,,1.24,0.0,2026-04-08T03:40:45.029393+00:00
149180,MORISON,2021-06-11,1.24,,,1.24,0.0,2026-04-08T03:40:47.465669+00:00
149285,MORISON,2021-06-15,1.24,,,1.24,0.0,2026-04-08T03:40:53.415974+00:00
149390,MORISON,2021-06-16,1.36,,,1.36,298233.0,2026-04-08T03:40:55.754681+00:00
149496,MORISON,2021-06-17,1.36,,,1.36,69408.0,2026-04-08T03:40:58.172345+00:00
149602,MORISON,2021-06-18,1.36,,,1.36,0.0,2026-04-08T03:41:00.479054+00:00
149708,MORISON,2021-06-21,1.36,,,1.36,0.0,2026-04-08T03:41:05.049703+00:00
149815,MORISON,2021-06-22,1.36,,,1.36,0.0,2026-04-08T03:41:07.444448+00:00
149922,MORISON,2021-06-23,1.4,,,1.4,121261.0,2026-04-08T03:41:09.819069+00:00
150029,MORISON,2021-06-24,1.4,,,1.4,1911.0,2026-04-08T03:41:12.2583+00:00
150136,MORISON,2021-06-25,1.4,,,1.4,0.0,2026-04-08T03:41:14.6351+00:00
150243,MORISON,2021-06-28,1.4,,,1.4,0.0,2026-04-08T03:41:19.428749+00:00
150350,MORISON,2021-06-29,1.4,,,1.4,54276.0,2026-04-08T03:41:22.147646+00:00
150457,MORISON,2021-06-30,1.4,,,1.4,0.0,2026-04-08T03:41:24.723581+00:00
150564,MORISON,2021-07-01,1.4,,,1.4,61.0,2026-04-08T03:41:27.253573+00:00
150671,MORISON,2021-07-02,1.4,,,1.4,0.0,2026-04-08T03:41:29.882533+00:00
150778,MORISON,2021-07-05,1.4,,,1.4,0.0,2026-04-08T03:41:34.454391+00:00
150885,MORISON,2021-07-06,1.4,,,1.4,350.0,2026-04-08T03:41:36.982623+00:00
150992,MORISON,2021-07-07,1.4,,,1.4,0.0,2026-04-08T03:41:39.307643+00:00
151099,MORISON,2021-07-08,1.4,,,1.4,0.0,2026-04-08T03:41:41.672436+00:00
151207,MORISON,2021-07-09,1.4,,,1.4,2500.0,2026-04-08T03:41:44.186247+00:00
151315,MORISON,2021-07-12,1.4,,,1.4,2250.0,2026-04-08T03:41:48.615121+00:00
151423,MORISON,2021-07-13,1.4,,,1.4,2250.0,2026-04-08T03:41:50.993586+00:00
151531,MORISON,2021-07-14,1.4,,,1.4,220.0,2026-04-08T03:41:53.268+00:00
151639,MORISON,2021-07-15,1.4,,,1.4,2000.0,2026-04-08T03:41:55.50175+00:00
151747,MORISON,2021-07-16,1.4,,,1.4,0.0,2026-04-08T03:41:57.978751+00:00
151855,MORISON,2021-07-19,1.4,,,1.4,1850.0,2026-04-08T03:42:02.439681+00:00
151963,MORISON,2021-07-22,1.4,,,1.4,0.0,2026-04-08T03:42:06.938387+00:00
152071,MORISON,2021-07-23,1.4,,,1.4,4690.0,2026-04-08T03:42:09.224536+00:00
152179,MORISON,2021-07-26,1.4,,,1.4,76968.0,2026-04-08T03:42:13.888963+00:00
152287,MORISON,2021-07-27,1.4,,,1.4,9166.0,2026-04-08T03:42:16.300026+00:00
152395,MORISON,2021-07-28,1.4,,,1.4,0.0,2026-04-08T03:42:18.733972+00:00
152503,MORISON,2021-07-29,1.4,,,1.4,0.0,2026-04-08T03:42:21.196071+00:00
152611,MORISON,2021-07-30,1.4,,,1.4,0.0,2026-04-08T03:42:23.780537+00:00
152719,MORISON,2021-08-02,1.4,,,1.4,760.0,2026-04-08T03:42:28.457705+00:00
152827,MORISON,2021-08-03,1.4,,,1.4,0.0,2026-04-08T03:42:31.094462+00:00
152935,MORISON,2021-08-04,1.4,,,1.4,0.0,2026-04-08T03:42:33.531563+00:00
153043,MORISON,2021-08-05,1.4,,,1.4,0.0,2026-04-08T03:42:35.917081+00:00
153151,MORISON,2021-08-06,1.4,,,1.4,0.0,2026-04-08T03:42:38.23616+00:00
153259,MORISON,2021-08-09,1.4,,,1.4,0.0,2026-04-08T03:42:42.878342+00:00
153367,MORISON,2021-08-10,1.4,,,1.4,1875.0,2026-04-08T03:42:45.264053+00:00
153475,MORISON,2021-08-12,1.4,,,1.4,0.0,2026-04-08T03:42:48.762656+00:00
153583,MORISON,2021-08-13,1.4,,,1.4,0.0,2026-04-08T03:42:51.120096+00:00
153691,MORISON,2021-08-16,1.4,,,1.4,30000.0,2026-04-08T03:42:55.556429+00:00
153799,MORISON,2021-08-17,1.4,,,1.4,0.0,2026-04-08T03:42:57.870214+00:00
153907,MORISON,2021-08-18,1.4,,,1.4,0.0,2026-04-08T03:43:00.318272+00:00
154015,MORISON,2021-08-19,1.4,,,1.4,0.0,2026-04-08T03:43:02.743698+00:00
154123,MORISON,2021-08-20,1.4,,,1.4,0.0,2026-04-08T03:43:05.111187+00:00
154231,MORISON,2021-08-23,1.4,,,1.4,0.0,2026-04-08T03:43:09.725908+00:00
154339,MORISON,2021-08-24,1.54,,,1.54,1000131.0,2026-04-08T03:43:12.031989+00:00
154447,MORISON,2021-08-25,1.69,,,1.69,100000.0,2026-04-08T03:43:14.375004+00:00
154555,MORISON,2021-08-26,1.69,,,1.69,3443.0,2026-04-08T03:43:16.860503+00:00
154663,MORISON,2021-08-27,1.85,,,1.85,199683.0,2026-04-08T03:43:19.247601+00:00
154771,MORISON,2021-08-30,1.85,,,1.85,66152.0,2026-04-08T03:43:23.756871+00:00
154879,MORISON,2021-08-31,2.03,,,2.03,536302.0,2026-04-08T03:43:26.203018+00:00
154987,MORISON,2021-09-01,1.92,,,1.92,766648.0,2026-04-08T03:43:28.430514+00:00
155095,MORISON,2021-09-02,1.92,,,1.92,77888.0,2026-04-08T03:43:30.63423+00:00
155203,MORISON,2021-09-03,1.92,,,1.92,20200.0,2026-04-08T03:43:33.173741+00:00
155311,MORISON,2021-09-06,1.92,,,1.92,133004.0,2026-04-08T03:43:37.566628+00:00
155419,MORISON,2021-09-07,1.92,,,1.92,1345.0,2026-04-08T03:43:39.870652+00:00
155527,MORISON,2021-09-08,1.92,,,1.92,0.0,2026-04-08T03:43:42.125577+00:00
155635,MORISON,2021-09-09,1.92,,,1.92,2108.0,2026-04-08T03:43:44.739177+00:00
155743,MORISON,2021-09-10,1.92,,,1.92,50.0,2026-04-08T03:43:47.339386+00:00
155851,MORISON,2021-09-13,2.1,,,2.1,1120010.0,2026-04-08T03:43:51.822078+00:00
155959,MORISON,2021-09-14,2.1,,,2.1,241471.0,2026-04-08T03:43:54.260371+00:00
156067,MORISON,2021-09-15,2.1,,,2.1,17893.0,2026-04-08T03:43:56.896801+00:00
156175,MORISON,2021-09-16,2.1,,,2.1,256000.0,2026-04-08T03:43:59.227477+00:00
156283,MORISON,2021-09-20,2.1,,,2.1,32337.0,2026-04-08T03:44:04.993721+00:00
156391,MORISON,2021-09-21,2.1,,,2.1,40000.0,2026-04-08T03:44:07.727357+00:00
156499,MORISON,2021-09-22,2.1,,,2.1,1400.0,2026-04-08T03:44:10.239254+00:00
156607,MORISON,2021-09-23,2.1,,,2.1,1880.0,2026-04-08T03:44:12.661605+00:00
156715,MORISON,2021-09-24,2.1,,,2.1,1000.0,2026-04-08T03:44:15.34542+00:00
156823,MORISON,2021-09-27,2.1,,,2.1,13248.0,2026-04-08T03:44:19.850483+00:00
156931,MORISON,2021-09-28,2.1,,,2.1,2650.0,2026-04-08T03:44:22.678655+00:00
157039,MORISON,2021-09-29,2.1,,,2.1,4814.0,2026-04-08T03:44:25.133662+00:00
157147,MORISON,2021-09-30,2.1,,,2.1,6100.0,2026-04-08T03:44:27.471646+00:00
157255,MORISON,2021-10-04,1.89,,,1.89,234528.0,2026-04-08T03:44:32.876267+00:00
157363,MORISON,2021-10-05,1.89,,,1.89,102927.0,2026-04-08T03:44:35.445743+00:00
157471,MORISON,2021-10-06,1.89,,,1.89,3500.0,2026-04-08T03:44:37.876116+00:00
157579,MORISON,2021-10-07,1.89,,,1.89,2100.0,2026-04-08T03:44:40.206594+00:00
157687,MORISON,2021-10-08,1.89,,,1.89,31850.0,2026-04-08T03:44:42.63936+00:00
157795,MORISON,2021-10-11,1.89,,,1.89,13600.0,2026-04-08T03:44:47.21782+00:00
157903,MORISON,2021-10-12,1.89,,,1.89,3823.0,2026-04-08T03:44:49.55017+00:00
158011,MORISON,2021-10-13,1.89,,,1.89,9255.0,2026-04-08T03:44:52.157785+00:00
158119,MORISON,2021-10-14,1.89,,,1.89,0.0,2026-04-08T03:44:54.53471+00:00
158228,MORISON,2021-10-15,1.89,,,1.89,13260.0,2026-04-08T03:44:56.91657+00:00
158337,MORISON,2021-10-18,1.89,,,1.89,2000.0,2026-04-08T03:45:01.595863+00:00
158446,MORISON,2021-10-20,1.89,,,1.89,30037.0,2026-04-08T03:45:05.471144+00:00
158555,MORISON,2021-10-21,1.89,,,1.89,29500.0,2026-04-08T03:45:08.008029+00:00
158662,MORISON,2021-10-22,1.89,,,1.89,18037.0,2026-04-08T03:45:10.474564+00:00
158771,MORISON,2021-10-25,1.89,,,1.89,23000.0,2026-04-08T03:45:15.28358+00:00
158880,MORISON,2021-10-26,1.89,,,1.89,20000.0,2026-04-08T03:45:17.74539+00:00
158989,MORISON,2021-10-27,1.89,,,1.89,4500.0,2026-04-08T03:45:20.303823+00:00
159098,MORISON,2021-10-28,1.89,,,1.89,3664.0,2026-04-08T03:45:22.610226+00:00
159207,MORISON,2021-10-29,1.89,,,1.89,4700.0,2026-04-08T03:45:25.013779+00:00
159316,MORISON,2021-11-01,1.89,,,1.89,1000.0,2026-04-08T03:45:29.747778+00:00
159425,MORISON,2021-11-02,1.89,,,1.89,1265.0,2026-04-08T03:45:32.292585+00:00
159534,MORISON,2021-11-03,1.89,,,1.89,72000.0,2026-04-08T03:45:34.604091+00:00
159643,MORISON,2021-11-04,1.89,,,1.89,0.0,2026-04-08T03:45:37.086301+00:00
159752,MORISON,2021-11-05,1.89,,,1.89,2131.0,2026-04-08T03:45:39.522081+00:00
159861,MORISON,2021-11-08,1.89,,,1.89,20000.0,2026-04-08T03:45:44.061968+00:00
159970,MORISON,2021-11-10,1.89,,,1.89,15200.0,2026-04-08T03:45:47.530577+00:00
160079,MORISON,2021-11-11,1.89,,,1.89,1051.0,2026-04-08T03:45:49.990111+00:00
160188,MORISON,2021-11-12,1.89,,,1.89,0.0,2026-04-08T03:45:52.531373+00:00
160297,MORISON,2021-11-15,1.89,,,1.89,10000.0,2026-04-08T03:45:57.041913+00:00
160406,MORISON,2021-11-17,1.89,,,1.89,31992.0,2026-04-08T03:46:00.536124+00:00
160515,MORISON,2021-11-18,1.89,,,1.89,0.0,2026-04-08T03:46:03.012698+00:00
160624,MORISON,2021-11-19,1.89,,,1.89,104686.0,2026-04-08T03:46:05.423699+00:00
160733,MORISON,2021-11-22,1.89,,,1.89,0.0,2026-04-08T03:46:10.306395+00:00
160842,MORISON,2021-11-23,1.89,,,1.89,6500.0,2026-04-08T03:46:12.888041+00:00
160951,MORISON,2021-11-24,1.89,,,1.89,26500.0,2026-04-08T03:46:15.261589+00:00
161060,MORISON,2021-11-25,1.89,,,1.89,80280.0,2026-04-08T03:46:17.544601+00:00
161169,MORISON,2021-11-29,1.89,,,1.89,50000.0,2026-04-08T03:46:23.244686+00:00
161278,MORISON,2021-11-30,1.89,,,1.89,200.0,2026-04-08T03:46:25.627389+00:00
161387,MORISON,2021-12-01,1.89,,,1.89,24007.0,2026-04-08T03:46:28.190956+00:00
161496,MORISON,2021-12-02,1.89,,,1.89,722.0,2026-04-08T03:46:30.651544+00:00
161605,MORISON,2021-12-03,1.89,,,1.89,0.0,2026-04-08T03:46:33.124129+00:00
161714,MORISON,2021-12-06,1.89,,,1.89,49900.0,2026-04-08T03:46:37.622095+00:00
161823,MORISON,2021-12-07,1.89,,,1.89,0.0,2026-04-08T03:46:39.947423+00:00
161932,MORISON,2021-12-08,1.89,,,1.89,2367.0,2026-04-08T03:46:42.482337+00:00
162041,MORISON,2021-12-09,1.89,,,1.89,0.0,2026-04-08T03:46:44.852467+00:00
162150,MORISON,2021-12-10,1.89,,,1.89,2000.0,2026-04-08T03:46:47.321476+00:00
162260,MORISON,2021-12-13,1.89,,,1.89,1000.0,2026-04-08T03:46:51.775824+00:00
162370,MORISON,2021-12-14,1.89,,,1.89,0.0,2026-04-08T03:46:54.126877+00:00
162480,MORISON,2021-12-15,1.89,,,1.89,7100.0,2026-04-08T03:46:56.822916+00:00
162590,MORISON,2021-12-16,1.89,,,1.89,51009.0,2026-04-08T03:46:59.215115+00:00
162700,MORISON,2021-12-17,1.89,,,1.89,1350.0,2026-04-08T03:47:01.752329+00:00
162811,MORISON,2021-12-20,1.89,,,1.89,20400.0,2026-04-08T03:47:06.293287+00:00
162922,MORISON,2021-12-21,1.89,,,1.89,500.0,2026-04-08T03:47:08.729464+00:00
163033,MORISON,2021-12-22,1.89,,,1.89,150.0,2026-04-08T03:47:11.106283+00:00
163144,MORISON,2021-12-23,1.89,,,1.89,3003.0,2026-04-08T03:47:13.420215+00:00
163255,MORISON,2021-12-24,1.89,,,1.89,750.0,2026-04-08T03:47:15.708642+00:00
163366,MORISON,2021-12-29,1.89,,,1.89,0.0,2026-04-08T03:47:22.624079+00:00
163477,MORISON,2021-12-30,1.99,,,1.99,160580.0,2026-04-08T03:47:25.019388+00:00
163588,MORISON,2021-12-31,1.99,,,1.99,10676.0,2026-04-08T03:47:27.803632+00:00
163699,MORISON,2022-01-04,1.99,,,1.99,100.0,2026-04-08T03:47:33.190226+00:00
163811,MORISON,2022-01-05,1.99,,,1.99,10000.0,2026-04-08T03:47:35.481449+00:00
163923,MORISON,2022-01-06,1.99,,,1.99,0.0,2026-04-08T03:47:38.067383+00:00
164035,MORISON,2022-01-07,1.99,,,1.99,1089.0,2026-04-08T03:47:40.483305+00:00
164147,MORISON,2022-01-10,1.99,,,1.99,0.0,2026-04-08T03:47:45.097739+00:00
164259,MORISON,2022-01-11,1.99,,,1.99,2108.0,2026-04-08T03:47:47.617941+00:00
164371,MORISON,2022-01-12,1.99,,,1.99,0.0,2026-04-08T03:47:50.132225+00:00
164483,MORISON,2022-01-13,1.99,,,1.99,4552.0,2026-04-08T03:47:52.673244+00:00
164595,MORISON,2022-01-14,1.99,,,1.99,0.0,2026-04-08T03:47:55.308832+00:00
164707,MORISON,2022-01-17,1.99,,,1.99,0.0,2026-04-08T03:47:59.999655+00:00
164819,MORISON,2022-01-18,1.99,,,1.99,56500.0,2026-04-08T03:48:02.353596+00:00
164931,MORISON,2022-01-19,1.99,,,1.99,6446.0,2026-04-08T03:48:04.820784+00:00
165043,MORISON,2022-01-20,1.99,,,1.99,75.0,2026-04-08T03:48:07.325935+00:00
165155,MORISON,2022-01-21,1.99,,,1.99,8285.0,2026-04-08T03:48:09.696329+00:00
165267,MORISON,2022-01-24,1.99,,,1.99,2129.0,2026-04-08T03:48:14.136661+00:00
165379,MORISON,2022-01-25,1.99,,,1.99,2000.0,2026-04-08T03:48:16.50614+00:00
165491,MORISON,2022-01-26,1.99,,,1.99,1470.0,2026-04-08T03:48:19.024911+00:00
165603,MORISON,2022-01-27,1.99,,,1.99,15.0,2026-04-08T03:48:21.585909+00:00
165715,MORISON,2022-01-28,1.99,,,1.99,3000.0,2026-04-08T03:48:23.969021+00:00
165827,MORISON,2022-01-31,1.99,,,1.99,5091.0,2026-04-08T03:48:28.465348+00:00
165939,MORISON,2022-02-01,1.99,,,1.99,900.0,2026-04-08T03:48:30.807911+00:00
166051,MORISON,2022-02-02,1.99,,,1.99,0.0,2026-04-08T03:48:33.305516+00:00
166163,MORISON,2022-02-03,1.99,,,1.99,5036.0,2026-04-08T03:48:35.918914+00:00
166275,MORISON,2022-02-04,1.99,,,1.99,15101.0,2026-04-08T03:48:38.317721+00:00
166387,MORISON,2022-02-07,1.99,,,1.99,14000.0,2026-04-08T03:48:42.904693+00:00
166499,MORISON,2022-02-08,1.99,,,1.99,84996.0,2026-04-08T03:48:45.378139+00:00
166611,MORISON,2022-02-09,1.99,,,1.99,241377.0,2026-04-08T03:48:48.035665+00:00
166723,MORISON,2022-02-10,1.99,,,1.99,4898.0,2026-04-08T03:48:50.398564+00:00
166835,MORISON,2022-02-11,1.99,,,1.99,4587.0,2026-04-08T03:48:52.774016+00:00
166947,MORISON,2022-02-14,1.99,,,1.99,458.0,2026-04-08T03:48:57.293433+00:00
167059,MORISON,2022-02-15,2.18,,,2.18,233581.0,2026-04-08T03:48:59.662493+00:00
167171,MORISON,2022-02-16,2.18,,,2.18,231904.0,2026-04-08T03:49:02.003783+00:00
167283,MORISON,2022-02-17,2.18,,,2.18,3910.0,2026-04-08T03:49:04.32656+00:00
167395,MORISON,2022-02-18,2.18,,,2.18,500.0,2026-04-08T03:49:06.711382+00:00
167507,MORISON,2022-02-21,2.18,,,2.18,3805.0,2026-04-08T03:49:10.978464+00:00
167619,MORISON,2022-02-22,2.18,,,2.18,26642.0,2026-04-08T03:49:13.528869+00:00
167731,MORISON,2022-02-23,2.18,,,2.18,1000.0,2026-04-08T03:49:15.914345+00:00
167843,MORISON,2022-02-24,2.18,,,2.18,0.0,2026-04-08T03:49:18.676795+00:00
167955,MORISON,2022-02-25,2.18,,,2.18,26349.0,2026-04-08T03:49:21.264729+00:00
168067,MORISON,2022-02-28,2.18,,,2.18,16900.0,2026-04-08T03:49:25.620712+00:00
168179,MORISON,2022-03-01,2.18,,,2.18,29576.0,2026-04-08T03:49:28.049171+00:00
168291,MORISON,2022-03-02,2.18,,,2.18,10.0,2026-04-08T03:49:30.283109+00:00
168403,MORISON,2022-03-03,2.18,,,2.18,22631.0,2026-04-08T03:49:32.551227+00:00
168515,MORISON,2022-03-04,2.18,,,2.18,431.0,2026-04-08T03:49:34.968546+00:00
168627,MORISON,2022-03-07,2.18,,,2.18,2331.0,2026-04-08T03:49:39.227432+00:00
168739,MORISON,2022-03-08,2.18,,,2.18,0.0,2026-04-08T03:49:41.475537+00:00
168851,MORISON,2022-03-09,2.18,,,2.18,4581.0,2026-04-08T03:49:43.759827+00:00
168963,MORISON,2022-03-10,2.18,,,2.18,22466.0,2026-04-08T03:49:46.077826+00:00
169075,MORISON,2022-03-11,2.18,,,2.18,7166.0,2026-04-08T03:49:48.438529+00:00
169187,MORISON,2022-03-14,2.18,,,2.18,45725.0,2026-04-08T03:49:53.114563+00:00
169299,MORISON,2022-03-15,2.18,,,2.18,958.0,2026-04-08T03:49:55.533531+00:00
169411,MORISON,2022-03-16,2.18,,,2.18,0.0,2026-04-08T03:49:57.903122+00:00
169523,MORISON,2022-03-17,2.18,,,2.18,8048.0,2026-04-08T03:50:00.211329+00:00
169635,MORISON,2022-03-18,2.18,,,2.18,84852.0,2026-04-08T03:50:02.865266+00:00
169747,MORISON,2022-03-21,2.18,,,2.18,20000.0,2026-04-08T03:50:07.476142+00:00
169859,MORISON,2022-03-24,2.18,,,2.18,659.0,2026-04-08T03:50:12.041871+00:00
169971,MORISON,2022-03-25,2.18,,,2.18,5378.0,2026-04-08T03:50:14.507747+00:00
170083,MORISON,2022-03-28,2.18,,,2.18,8900.0,2026-04-08T03:50:18.995306+00:00
170195,MORISON,2022-03-29,2.18,,,2.18,27018.0,2026-04-08T03:50:21.48252+00:00
170307,MORISON,2022-03-31,2.18,,,2.18,0.0,2026-04-08T03:50:25.686443+00:00
170419,MORISON,2022-04-01,2.18,,,2.18,100.0,2026-04-08T03:50:28.209626+00:00
170531,MORISON,2022-04-04,2.18,,,2.18,0.0,2026-04-08T03:50:32.692631+00:00
170643,MORISON,2022-04-05,2.18,,,2.18,620.0,2026-04-08T03:50:35.152392+00:00
170755,MORISON,2022-04-06,2.18,,,2.18,0.0,2026-04-08T03:50:37.478667+00:00
170867,MORISON,2022-04-07,2.18,,,2.18,0.0,2026-04-08T03:50:39.880974+00:00
170979,MORISON,2022-04-08,2.18,,,2.18,37000.0,2026-04-08T03:50:42.48638+00:00
171091,MORISON,2022-04-11,2.18,,,2.18,98789.0,2026-04-08T03:50:47.197044+00:00
171203,MORISON,2022-04-12,2.18,,,2.18,28602.0,2026-04-08T03:50:49.473284+00:00
171315,MORISON,2022-04-13,2.18,,,2.18,107.0,2026-04-08T03:50:51.878986+00:00
171427,MORISON,2022-04-14,2.18,,,2.18,19708.0,2026-04-08T03:50:54.439705+00:00
171539,MORISON,2022-04-19,2.18,,,2.18,25512.0,2026-04-08T03:51:01.439974+00:00
171651,MORISON,2022-04-20,2.18,,,2.18,1080.0,2026-04-08T03:51:03.698116+00:00
171763,MORISON,2022-04-21,2.18,,,2.18,350.0,2026-04-08T03:51:06.083072+00:00
171875,MORISON,2022-04-22,2.18,,,2.18,3482.0,2026-04-08T03:51:08.393199+00:00
171987,MORISON,2022-04-25,2.18,,,2.18,29448.0,2026-04-08T03:51:12.880327+00:00
172099,MORISON,2022-04-26,2.18,,,2.18,1938.0,2026-04-08T03:51:15.284155+00:00
172211,MORISON,2022-04-27,2.18,,,2.18,2480.0,2026-04-08T03:51:17.680395+00:00
172323,MORISON,2022-04-28,2.18,,,2.18,11352.0,2026-04-08T03:51:20.413235+00:00
172435,MORISON,2022-04-29,2.18,,,2.18,58054.0,2026-04-08T03:51:22.882631+00:00
172547,MORISON,2022-05-04,2.18,,,2.18,2000.0,2026-04-08T03:51:29.674847+00:00
172659,MORISON,2022-05-05,2.18,,,2.18,4100.0,2026-04-08T03:51:32.050072+00:00
172772,MORISON,2022-05-09,2.18,,,2.18,2043.0,2026-04-08T03:51:37.853933+00:00
172885,MORISON,2022-05-10,2.18,,,2.18,3342.0,2026-04-08T03:51:40.332012+00:00
172998,MORISON,2022-05-11,2.18,,,2.18,3357.0,2026-04-08T03:51:42.74313+00:00
173111,MORISON,2022-05-12,2.18,,,2.18,3997.0,2026-04-08T03:51:45.11326+00:00
173224,MORISON,2022-05-13,2.18,,,2.18,2300.0,2026-04-08T03:51:47.585464+00:00
173337,MORISON,2022-05-16,2.18,,,2.18,2384.0,2026-04-08T03:51:52.042574+00:00
173450,MORISON,2022-05-17,2.18,,,2.18,1299.0,2026-04-08T03:51:54.492158+00:00
173563,MORISON,2022-05-18,2.18,,,2.18,761.0,2026-04-08T03:51:57.297116+00:00
173676,MORISON,2022-05-19,2.18,,,2.18,1973.0,2026-04-08T03:51:59.624655+00:00
173789,MORISON,2022-05-20,2.18,,,2.18,0.0,2026-04-08T03:52:02.40298+00:00
173902,MORISON,2022-05-23,2.18,,,2.18,0.0,2026-04-08T03:52:07.648814+00:00
174015,MORISON,2022-05-24,2.18,,,2.18,3000.0,2026-04-08T03:52:10.277037+00:00
174128,MORISON,2022-05-25,2.2,,,2.2,502995.0,2026-04-08T03:52:13.066486+00:00
174241,MORISON,2022-05-26,2.2,,,2.2,0.0,2026-04-08T03:52:15.508934+00:00
174354,MORISON,2022-05-27,2.2,,,2.2,165.0,2026-04-08T03:52:18.156913+00:00
174467,MORISON,2022-05-30,2.2,,,2.2,10835.0,2026-04-08T03:52:22.656757+00:00
174580,MORISON,2022-05-31,2.2,,,2.2,16230.0,2026-04-08T03:52:25.114026+00:00
174693,MORISON,2022-06-01,2.2,,,2.2,1266.0,2026-04-08T03:52:27.834682+00:00
174806,MORISON,2022-06-02,2.2,,,2.2,3980.0,2026-04-08T03:52:30.493727+00:00
174919,MORISON,2022-06-03,2.2,,,2.2,352.0,2026-04-08T03:52:33.10221+00:00
175032,MORISON,2022-06-06,2.2,,,2.2,0.0,2026-04-08T03:52:37.969718+00:00
175145,MORISON,2022-06-07,2.2,,,2.2,5812.0,2026-04-08T03:52:40.734023+00:00
175258,MORISON,2022-06-08,2.2,,,2.2,1027.0,2026-04-08T03:52:43.634804+00:00
175371,MORISON,2022-06-09,2.2,,,2.2,1200.0,2026-04-08T03:52:46.431396+00:00
175484,MORISON,2022-06-10,2.2,,,2.2,1239.0,2026-04-08T03:52:48.916453+00:00
175597,MORISON,2022-06-14,2.2,,,2.2,827.0,2026-04-08T03:52:55.08065+00:00
175710,MORISON,2022-06-15,2.2,,,2.2,0.0,2026-04-08T03:52:57.782204+00:00
175823,MORISON,2022-06-16,2.2,,,2.2,0.0,2026-04-08T03:53:00.45527+00:00
175936,MORISON,2022-06-17,2.2,,,2.2,0.0,2026-04-08T03:53:03.647185+00:00
176049,MORISON,2022-06-20,2.2,,,2.2,0.0,2026-04-08T03:53:09.449588+00:00
176162,MORISON,2022-06-21,2.2,,,2.2,0.0,2026-04-08T03:53:11.833027+00:00
176275,MORISON,2022-06-22,2.2,,,2.2,97841.0,2026-04-08T03:53:14.63862+00:00
176388,MORISON,2022-06-23,2.2,,,2.2,0.0,2026-04-08T03:53:17.250825+00:00
176501,MORISON,2022-06-24,2.19,,,2.19,303163.0,2026-04-08T03:53:19.718295+00:00
176614,MORISON,2022-06-27,2.19,,,2.19,17346.0,2026-04-08T03:53:24.073012+00:00
176727,MORISON,2022-06-28,2.19,,,2.19,1291.0,2026-04-08T03:53:26.399159+00:00
176840,MORISON,2022-06-29,2.19,,,2.19,0.0,2026-04-08T03:53:28.994117+00:00
176953,MORISON,2022-06-30,2.19,,,2.19,2000.0,2026-04-08T03:53:31.346855+00:00
177066,MORISON,2022-07-01,2.19,,,2.19,209.0,2026-04-08T03:53:33.724657+00:00
177179,MORISON,2022-07-04,2.19,,,2.19,1680.0,2026-04-08T03:53:38.198731+00:00
177292,MORISON,2022-07-06,2.19,,,2.19,1632.0,2026-04-08T03:53:41.625349+00:00
177405,MORISON,2022-07-07,2.19,,,2.19,1000.0,2026-04-08T03:53:44.268487+00:00
177518,MORISON,2022-07-13,2.19,,,2.19,375.0,2026-04-08T03:53:51.5999+00:00
177631,MORISON,2022-07-14,2.19,,,2.19,525.0,2026-04-08T03:53:54.010732+00:00
177744,MORISON,2022-07-15,2.19,,,2.19,22828.0,2026-04-08T03:53:56.616585+00:00
177857,MORISON,2022-07-18,2.19,,,2.19,1106.0,2026-04-08T03:54:01.214275+00:00
177970,MORISON,2022-07-19,2.19,,,2.19,43543.0,2026-04-08T03:54:03.665978+00:00
178083,MORISON,2022-07-20,2.19,,,2.19,105.0,2026-04-08T03:54:06.203384+00:00
178196,MORISON,2022-07-21,2.19,,,2.19,4200.0,2026-04-08T03:54:08.685258+00:00
178309,MORISON,2022-07-22,2.19,,,2.19,1201.0,2026-04-08T03:54:11.171489+00:00
178422,MORISON,2022-07-25,2.19,,,2.19,18336.0,2026-04-08T03:54:15.900169+00:00
178535,MORISON,2022-07-26,2.19,,,2.19,160.0,2026-04-08T03:54:18.382379+00:00
178648,MORISON,2022-07-27,2.19,,,2.19,160.0,2026-04-08T03:54:20.730044+00:00
178761,MORISON,2022-07-28,2.19,,,2.19,20.0,2026-04-08T03:54:23.385493+00:00
178874,MORISON,2022-07-29,2.19,,,2.19,482.0,2026-04-08T03:54:25.692024+00:00
178987,MORISON,2022-08-01,2.19,,,2.19,271.0,2026-04-08T03:54:30.144665+00:00
179100,MORISON,2022-08-02,2.19,,,2.19,22477.0,2026-04-08T03:54:32.509592+00:00
179213,MORISON,2022-08-03,2.19,,,2.19,0.0,2026-04-08T03:54:34.924873+00:00
179326,MORISON,2022-08-04,2.19,,,2.19,182.0,2026-04-08T03:54:37.32089+00:00
179439,MORISON,2022-08-05,2.19,,,2.19,1364.0,2026-04-08T03:54:40.805957+00:00
179552,MORISON,2022-08-08,2.19,,,2.19,2977.0,2026-04-08T03:54:45.81173+00:00
179665,MORISON,2022-08-09,2.19,,,2.19,1820.0,2026-04-08T03:54:48.637408+00:00
179778,MORISON,2022-08-10,2.19,,,2.19,0.0,2026-04-08T03:54:51.561754+00:00
179891,MORISON,2022-08-11,2.19,,,2.19,17210.0,2026-04-08T03:54:54.196076+00:00
180004,MORISON,2022-08-12,2.19,,,2.19,20010.0,2026-04-08T03:54:57.115593+00:00
180117,MORISON,2022-08-15,2.19,,,2.19,4041.0,2026-04-08T03:55:01.874457+00:00
180230,MORISON,2022-08-16,2.19,,,2.19,7439.0,2026-04-08T03:55:04.540652+00:00
180343,MORISON,2022-08-17,2.19,,,2.19,2873.0,2026-04-08T03:55:07.214991+00:00
180456,MORISON,2022-08-18,2.19,,,2.19,2558.0,2026-04-08T03:55:09.916723+00:00
180569,MORISON,2022-08-19,2.19,,,2.19,0.0,2026-04-08T03:55:12.400686+00:00
180682,MORISON,2022-08-22,2.19,,,2.19,1494.0,2026-04-08T03:55:17.568382+00:00
180795,MORISON,2022-08-23,2.19,,,2.19,0.0,2026-04-08T03:55:19.990422+00:00
180908,MORISON,2022-08-24,2.19,,,2.19,88.0,2026-04-08T03:55:23.644905+00:00
181021,MORISON,2022-08-25,2.19,,,2.19,0.0,2026-04-08T03:55:26.062264+00:00
181134,MORISON,2022-08-26,2.19,,,2.19,120843.0,2026-04-08T03:55:28.378019+00:00
181247,MORISON,2022-08-29,2.19,,,2.19,4510.0,2026-04-08T03:55:33.185942+00:00
181360,MORISON,2022-08-30,2.19,,,2.19,4843.0,2026-04-08T03:55:35.909469+00:00
181473,MORISON,2022-08-31,2.19,,,2.19,600.0,2026-04-08T03:55:38.363566+00:00
181586,MORISON,2022-09-01,2.19,,,2.19,45.0,2026-04-08T03:55:40.868139+00:00
181699,MORISON,2022-09-02,2.19,,,2.19,1278.0,2026-04-08T03:55:43.232165+00:00
181812,MORISON,2022-09-05,2.19,,,2.19,816.0,2026-04-08T03:55:48.110555+00:00
181925,MORISON,2022-09-06,2.19,,,2.19,4707.0,2026-04-08T03:55:50.526892+00:00
182038,MORISON,2022-09-07,2.19,,,2.19,39.0,2026-04-08T03:55:53.051287+00:00
182151,MORISON,2022-09-08,2.19,,,2.19,0.0,2026-04-08T03:55:55.74031+00:00
182264,MORISON,2022-09-09,2.19,,,2.19,0.0,2026-04-08T03:55:58.848563+00:00
182377,MORISON,2022-09-12,2.19,,,2.19,0.0,2026-04-08T03:56:03.370953+00:00
182490,MORISON,2022-09-13,2.19,,,2.19,0.0,2026-04-08T03:56:05.83654+00:00
182603,MORISON,2022-09-14,2.19,,,2.19,0.0,2026-04-08T03:56:08.091672+00:00
182716,MORISON,2022-09-16,2.19,,,2.19,6447.0,2026-04-08T03:56:11.4683+00:00
182829,MORISON,2022-09-19,2.19,,,2.19,13805.0,2026-04-08T03:56:15.923342+00:00
182942,MORISON,2022-09-20,2.19,,,2.19,0.0,2026-04-08T03:56:18.184056+00:00
183055,MORISON,2022-09-21,2.19,,,2.19,3238.0,2026-04-08T03:56:20.42724+00:00
183168,MORISON,2022-09-22,2.19,,,2.19,33357.0,2026-04-08T03:56:22.767495+00:00
183281,MORISON,2022-09-23,2.19,,,2.19,0.0,2026-04-08T03:56:25.066978+00:00
183394,MORISON,2022-09-26,2.19,,,2.19,11250.0,2026-04-08T03:56:29.379703+00:00
183507,MORISON,2022-09-28,2.19,,,2.19,1599.0,2026-04-08T03:56:32.717753+00:00
183620,MORISON,2022-09-29,2.19,,,2.19,800.0,2026-04-08T03:56:35.489047+00:00
183733,MORISON,2022-09-30,2.19,,,2.19,0.0,2026-04-08T03:56:37.947618+00:00
183846,MORISON,2022-10-05,2.19,,,2.19,0.0,2026-04-08T03:56:44.538147+00:00
183960,MORISON,2022-10-06,2.19,,,2.19,624.0,2026-04-08T03:56:46.932693+00:00
184074,MORISON,2022-10-07,2.19,,,2.19,2200.0,2026-04-08T03:56:49.334037+00:00
184188,MORISON,2022-10-11,2.19,,,2.19,2014.0,2026-04-08T03:56:55.029281+00:00
184302,MORISON,2022-10-12,2.19,,,2.19,0.0,2026-04-08T03:56:58.300033+00:00
184416,MORISON,2022-10-13,2.19,,,2.19,14682.0,2026-04-08T03:57:00.825788+00:00
184530,MORISON,2022-10-14,2.19,,,2.19,426.0,2026-04-08T03:57:03.298348+00:00
184644,MORISON,2022-10-17,2.19,,,2.19,0.0,2026-04-08T03:57:07.885609+00:00
184758,MORISON,2022-10-18,2.19,,,2.19,15.0,2026-04-08T03:57:10.303346+00:00
184872,MORISON,2022-10-19,2.19,,,2.19,0.0,2026-04-08T03:57:12.819589+00:00
184986,MORISON,2022-10-20,2.19,,,2.19,20150.0,2026-04-08T03:57:15.111185+00:00
185100,MORISON,2022-10-21,1.98,,,1.98,664562.0,2026-04-08T03:57:17.499968+00:00
185214,MORISON,2022-10-24,1.98,,,1.98,791.0,2026-04-08T03:57:21.686266+00:00
185328,MORISON,2022-10-26,1.98,,,1.98,843.0,2026-04-08T03:57:24.913682+00:00
185442,MORISON,2022-10-27,1.98,,,1.98,0.0,2026-04-08T03:57:27.260544+00:00
185556,MORISON,2022-10-28,1.98,,,1.98,0.0,2026-04-08T03:57:29.835926+00:00
185670,MORISON,2022-10-31,1.98,,,1.98,0.0,2026-04-08T03:57:34.21591+00:00
185784,MORISON,2022-11-01,1.98,,,1.98,769.0,2026-04-08T03:57:36.609373+00:00
185898,MORISON,2022-11-02,1.98,,,1.98,0.0,2026-04-08T03:57:39.066556+00:00
186012,MORISON,2022-11-03,1.98,,,1.98,0.0,2026-04-08T03:57:41.442199+00:00
186126,MORISON,2022-11-04,1.98,,,1.98,4600.0,2026-04-08T03:57:43.70904+00:00
186240,MORISON,2022-11-08,1.98,,,1.98,18000.0,2026-04-08T03:57:49.123122+00:00
186354,MORISON,2022-11-09,1.98,,,1.98,691.0,2026-04-08T03:57:51.464602+00:00
186468,MORISON,2022-11-10,1.98,,,1.98,0.0,2026-04-08T03:57:54.291842+00:00
186582,MORISON,2022-11-11,1.98,,,1.98,4339.0,2026-04-08T03:57:56.704911+00:00
186696,MORISON,2022-11-14,1.98,,,1.98,1620.0,2026-04-08T03:58:01.331373+00:00
186810,MORISON,2022-11-15,1.98,,,1.98,15206.0,2026-04-08T03:58:03.6444+00:00
186924,MORISON,2022-11-16,1.98,,,1.98,494.0,2026-04-08T03:58:06.118311+00:00
187038,MORISON,2022-11-17,1.98,,,1.98,600.0,2026-04-08T03:58:08.47049+00:00
187152,MORISON,2022-11-18,1.98,,,1.98,20000.0,2026-04-08T03:58:10.955275+00:00
187266,MORISON,2022-11-21,1.98,,,1.98,0.0,2026-04-08T03:58:15.672507+00:00
187380,MORISON,2022-11-22,1.98,,,1.98,0.0,2026-04-08T03:58:18.170118+00:00
187494,MORISON,2022-11-24,1.98,,,1.98,260.0,2026-04-08T03:58:21.692503+00:00
187608,MORISON,2022-11-25,1.98,,,1.98,0.0,2026-04-08T03:58:24.033539+00:00
187722,MORISON,2022-11-28,1.98,,,1.98,10745.0,2026-04-08T03:58:28.532723+00:00
187836,MORISON,2022-11-29,1.98,,,1.98,0.0,2026-04-08T03:58:30.983113+00:00
187950,MORISON,2022-11-30,1.98,,,1.98,0.0,2026-04-08T03:58:33.448849+00:00
188064,MORISON,2022-12-01,1.98,,,1.98,1000.0,2026-04-08T03:58:35.664261+00:00
188178,MORISON,2022-12-02,1.98,,,1.98,3700.0,2026-04-08T03:58:37.897027+00:00
188292,MORISON,2022-12-05,1.98,,,1.98,1000.0,2026-04-08T03:58:42.456795+00:00
188406,MORISON,2022-12-06,1.98,,,1.98,589.0,2026-04-08T03:58:44.756119+00:00
188520,MORISON,2022-12-07,1.98,,,1.98,10130.0,2026-04-08T03:58:47.196669+00:00
188634,MORISON,2022-12-08,1.98,,,1.98,428.0,2026-04-08T03:58:49.52806+00:00
188748,MORISON,2022-12-09,1.98,,,1.98,0.0,2026-04-08T03:58:51.902427+00:00
188862,MORISON,2022-12-12,1.98,,,1.98,13185.0,2026-04-08T03:58:56.156124+00:00
188976,MORISON,2022-12-13,1.98,,,1.98,200.0,2026-04-08T03:58:58.485404+00:00
189090,MORISON,2022-12-14,1.98,,,1.98,906.0,2026-04-08T03:59:00.851945+00:00
189204,MORISON,2022-12-15,1.98,,,1.98,3547.0,2026-04-08T03:59:03.086647+00:00
189318,MORISON,2022-12-16,1.98,,,1.98,0.0,2026-04-08T03:59:05.5442+00:00
189432,MORISON,2022-12-19,1.98,,,1.98,9839.0,2026-04-08T03:59:09.806719+00:00
189546,MORISON,2022-12-20,1.98,,,1.98,2670.0,2026-04-08T03:59:12.630732+00:00
189660,MORISON,2022-12-21,1.98,,,1.98,0.0,2026-04-08T03:59:14.990319+00:00
189774,MORISON,2022-12-22,1.98,,,1.98,450.0,2026-04-08T03:59:17.229229+00:00
189888,MORISON,2022-12-23,1.98,,,1.98,0.0,2026-04-08T03:59:19.674012+00:00
190002,MORISON,2022-12-28,1.98,,,1.98,187.0,2026-04-08T03:59:26.406492+00:00
190116,MORISON,2022-12-30,2.17,,,2.17,150000.0,2026-04-08T03:59:29.796579+00:00
190230,MORISON,2023-01-04,2.17,,,2.17,0.0,2026-04-08T03:59:36.276207+00:00
190344,MORISON,2023-01-05,2.17,,,2.17,0.0,2026-04-08T03:59:38.771807+00:00
190458,MORISON,2023-01-06,2.17,,,2.17,438.0,2026-04-08T03:59:41.229635+00:00
190572,MORISON,2023-01-09,2.17,,,2.17,0.0,2026-04-08T03:59:45.608271+00:00
190686,MORISON,2023-01-10,2.17,,,2.17,6580.0,2026-04-08T03:59:47.862187+00:00
190800,MORISON,2023-01-11,2.17,,,2.17,0.0,2026-04-08T03:59:50.211712+00:00
190914,MORISON,2023-01-12,2.17,,,2.17,100.0,2026-04-08T03:59:52.676239+00:00
191028,MORISON,2023-01-13,2.17,,,2.17,1100.0,2026-04-08T03:59:55.073566+00:00
191142,MORISON,2023-01-17,2.17,,,2.17,11218.0,2026-04-08T04:00:00.52991+00:00
191256,MORISON,2023-01-18,2.17,,,2.17,1131.0,2026-04-08T04:00:02.930508+00:00
191370,MORISON,2023-01-19,2.17,,,2.17,15621.0,2026-04-08T04:00:05.157464+00:00
191484,MORISON,2023-01-20,2.17,,,2.17,0.0,2026-04-08T04:00:07.441529+00:00
191598,MORISON,2023-01-23,2.17,,,2.17,500.0,2026-04-08T04:00:11.934625+00:00
191712,MORISON,2023-01-24,2.17,,,2.17,6320.0,2026-04-08T04:00:14.448563+00:00
191826,MORISON,2023-01-25,2.17,,,2.17,12520.0,2026-04-08T04:00:16.660222+00:00
191940,MORISON,2023-01-26,2.17,,,2.17,5050.0,2026-04-08T04:00:19.02129+00:00
192054,MORISON,2023-01-27,2.17,,,2.17,69.0,2026-04-08T04:00:21.366865+00:00
192168,MORISON,2023-01-30,2.17,,,2.17,1000.0,2026-04-08T04:00:26.318741+00:00
192282,MORISON,2023-01-31,2.17,,,2.17,0.0,2026-04-08T04:00:28.560212+00:00
192396,MORISON,2023-02-06,2.17,,,2.17,21364.0,2026-04-08T04:00:36.14931+00:00
192510,MORISON,2023-02-07,2.17,,,2.17,2115.0,2026-04-08T04:00:38.379875+00:00
192624,MORISON,2023-02-08,2.17,,,2.17,19249.0,2026-04-08T04:00:40.736361+00:00
192738,MORISON,2023-02-09,2.17,,,2.17,1624.0,2026-04-08T04:00:43.03687+00:00
192852,MORISON,2023-02-10,2.17,,,2.17,6818.0,2026-04-08T04:00:46.517744+00:00
192966,MORISON,2023-02-13,2.17,,,2.17,7220.0,2026-04-08T04:00:50.958429+00:00
193080,MORISON,2023-02-14,2.17,,,2.17,0.0,2026-04-08T04:00:53.400398+00:00
193194,MORISON,2023-02-15,2.17,,,2.17,0.0,2026-04-08T04:00:55.645789+00:00
193308,MORISON,2023-02-16,2.17,,,2.17,24576.0,2026-04-08T04:00:58.043326+00:00
193422,MORISON,2023-02-17,2.17,,,2.17,0.0,2026-04-08T04:01:00.355798+00:00
193536,MORISON,2023-02-20,2.17,,,2.17,0.0,2026-04-08T04:01:04.633293+00:00
193650,MORISON,2023-02-21,2.17,,,2.17,0.0,2026-04-08T04:01:06.910783+00:00
193764,MORISON,2023-02-22,2.17,,,2.17,485.0,2026-04-08T04:01:09.421576+00:00
193878,MORISON,2023-02-23,2.17,,,2.17,285.0,2026-04-08T04:01:11.765387+00:00
193992,MORISON,2023-02-24,2.17,,,2.17,975.0,2026-04-08T04:01:14.12415+00:00
194106,MORISON,2023-02-27,2.17,,,2.17,230.0,2026-04-08T04:01:18.463572+00:00
194220,MORISON,2023-02-28,2.17,,,2.17,84.0,2026-04-08T04:01:20.671303+00:00
194334,MORISON,2023-03-01,2.17,,,2.17,0.0,2026-04-08T04:01:23.068989+00:00
194448,MORISON,2023-03-02,2.17,,,2.17,0.0,2026-04-08T04:01:25.352172+00:00
194562,MORISON,2023-03-03,2.17,,,2.17,0.0,2026-04-08T04:01:27.716711+00:00
194676,MORISON,2023-03-06,2.17,,,2.17,154.0,2026-04-08T04:01:32.392486+00:00
194790,MORISON,2023-03-07,2.17,,,2.17,7400.0,2026-04-08T04:01:34.845095+00:00
194904,MORISON,2023-03-08,2.17,,,2.17,55611.0,2026-04-08T04:01:37.261757+00:00
195018,MORISON,2023-03-09,2.17,,,2.17,0.0,2026-04-08T04:01:39.987396+00:00
195132,MORISON,2023-03-13,2.17,,,2.17,18432.0,2026-04-08T04:01:45.627511+00:00
195246,MORISON,2023-03-14,2.17,,,2.17,462.0,2026-04-08T04:01:48.257383+00:00
195360,MORISON,2023-03-15,2.17,,,2.17,0.0,2026-04-08T04:01:50.627346+00:00
195474,MORISON,2023-03-16,2.17,,,2.17,6000.0,2026-04-08T04:01:53.062383+00:00
195588,MORISON,2023-03-17,2.17,,,2.17,0.0,2026-04-08T04:01:55.701252+00:00
195702,MORISON,2023-03-20,2.17,,,2.17,100.0,2026-04-08T04:01:59.933448+00:00
195816,MORISON,2023-03-22,2.17,,,2.17,602.0,2026-04-08T04:02:03.467012+00:00
195930,MORISON,2023-03-23,2.17,,,2.17,0.0,2026-04-08T04:02:05.929911+00:00
196044,MORISON,2023-03-24,2.17,,,2.17,0.0,2026-04-08T04:02:08.248632+00:00
196158,MORISON,2023-03-27,2.17,,,2.17,50892.0,2026-04-08T04:02:12.564733+00:00
196272,MORISON,2023-03-28,2.17,,,2.17,0.0,2026-04-08T04:02:14.764209+00:00
196386,MORISON,2023-03-29,2.17,,,2.17,1490.0,2026-04-08T04:02:17.140393+00:00
196500,MORISON,2023-03-30,2.17,,,2.17,300.0,2026-04-08T04:02:19.470716+00:00
196614,MORISON,2023-03-31,2.17,,,2.17,0.0,2026-04-08T04:02:21.739047+00:00
196728,MORISON,2023-04-03,2.17,,,2.17,0.0,2026-04-08T04:02:26.060346+00:00
196842,MORISON,2023-04-04,2.17,,,2.17,3720.0,2026-04-08T04:02:28.444728+00:00
196956,MORISON,2023-04-05,2.17,,,2.17,1492.0,2026-04-08T04:02:30.864627+00:00
197070,MORISON,2023-04-06,2.17,,,2.17,0.0,2026-04-08T04:02:33.239626+00:00
197184,MORISON,2023-04-11,2.17,,,2.17,0.0,2026-04-08T04:02:39.320239+00:00
197298,MORISON,2023-04-12,2.17,,,2.17,34010.0,2026-04-08T04:02:41.643197+00:00
197412,MORISON,2023-04-13,2.17,,,2.17,4120.0,2026-04-08T04:02:44.360634+00:00
197526,MORISON,2023-04-14,2.17,,,2.17,20970.0,2026-04-08T04:02:47.093001+00:00
197640,MORISON,2023-04-17,2.17,,,2.17,0.0,2026-04-08T04:02:52.113012+00:00
197754,MORISON,2023-04-18,2.17,,,2.17,10.0,2026-04-08T04:02:54.97501+00:00
197868,MORISON,2023-04-19,2.17,,,2.17,44389.0,2026-04-08T04:02:57.648371+00:00
197982,MORISON,2023-04-20,2.17,,,2.17,0.0,2026-04-08T04:03:00.087899+00:00
198096,MORISON,2023-04-25,2.17,,,2.17,20.0,2026-04-08T04:03:06.320111+00:00
198210,MORISON,2023-04-26,2.17,,,2.17,0.0,2026-04-08T04:03:08.704488+00:00
198324,MORISON,2023-04-27,2.17,,,2.17,23161.0,2026-04-08T04:03:11.176222+00:00
198438,MORISON,2023-04-28,2.17,,,2.17,2077.0,2026-04-08T04:03:13.757457+00:00
198552,MORISON,2023-05-03,2.17,,,2.17,1394.0,2026-04-08T04:03:20.258962+00:00
198666,MORISON,2023-05-04,2.17,,,2.17,0.0,2026-04-08T04:03:22.719511+00:00
198780,MORISON,2023-05-08,2.17,,,2.17,15000.0,2026-04-08T04:03:29.045349+00:00
198894,MORISON,2023-05-09,2.17,,,2.17,100.0,2026-04-08T04:03:32.620003+00:00
199008,MORISON,2023-05-12,2.17,,,2.17,10.0,2026-04-08T04:03:37.286216+00:00
199122,MORISON,2023-05-15,2.17,,,2.17,0.0,2026-04-08T04:03:41.825544+00:00
199236,MORISON,2023-05-16,2.17,,,2.17,0.0,2026-04-08T04:03:44.244464+00:00
199350,MORISON,2023-05-17,2.17,,,2.17,1951.0,2026-04-08T04:03:46.492518+00:00
199464,MORISON,2023-05-18,2.17,,,2.17,12524.0,2026-04-08T04:03:48.752249+00:00
199578,MORISON,2023-05-19,2.17,,,2.17,253.0,2026-04-08T04:03:51.139215+00:00
199692,MORISON,2023-05-22,2.17,,,2.17,0.0,2026-04-08T04:03:55.484935+00:00
199806,MORISON,2023-05-23,2.17,,,2.17,1250.0,2026-04-08T04:03:57.886867+00:00
199920,MORISON,2023-05-24,2.17,,,2.17,368.0,2026-04-08T04:04:00.334047+00:00
200034,MORISON,2023-05-25,2.17,,,2.17,0.0,2026-04-08T04:04:02.79018+00:00
200148,MORISON,2023-05-26,2.17,,,2.17,21735.0,2026-04-08T04:04:05.139052+00:00
200262,MORISON,2023-05-30,2.17,,,2.17,550.0,2026-04-08T04:04:11.011702+00:00
200376,MORISON,2023-06-01,2.17,,,2.17,0.0,2026-04-08T04:04:14.390605+00:00
200490,MORISON,2023-06-02,2.17,,,2.17,850.0,2026-04-08T04:04:16.732653+00:00
200604,MORISON,2023-06-05,2.17,,,2.17,850.0,2026-04-08T04:04:21.343031+00:00
200718,MORISON,2023-06-06,2.17,,,2.17,62018.0,2026-04-08T04:04:23.98223+00:00
200832,MORISON,2023-06-07,2.17,,,2.17,59176.0,2026-04-08T04:04:26.507718+00:00
200946,MORISON,2023-06-08,2.17,,,2.17,0.0,2026-04-08T04:04:29.08401+00:00
201060,MORISON,2023-06-09,2.17,,,2.17,907.0,2026-04-08T04:04:31.44664+00:00
201174,MORISON,2023-06-13,2.17,,,2.17,1750.0,2026-04-08T04:04:36.862505+00:00
201288,MORISON,2023-06-14,2.17,,,2.17,50.0,2026-04-08T04:04:39.320552+00:00
201402,MORISON,2023-06-15,2.17,,,2.17,60.0,2026-04-08T04:04:41.673534+00:00
201516,MORISON,2023-06-16,2.17,,,2.17,118391.0,2026-04-08T04:04:44.052846+00:00
201630,MORISON,2023-06-19,2.17,,,2.17,0.0,2026-04-08T04:04:48.541112+00:00
201744,MORISON,2023-06-20,2.17,,,2.17,9355.0,2026-04-08T04:04:51.378552+00:00
201858,MORISON,2023-06-21,2.17,,,2.17,38390.0,2026-04-08T04:04:53.764277+00:00
201972,MORISON,2023-06-22,2.17,,,2.17,8333.0,2026-04-08T04:04:56.145117+00:00
202086,MORISON,2023-06-26,2.17,,,2.17,4691.0,2026-04-08T04:05:01.671465+00:00
202200,MORISON,2023-06-30,2.16,,,2.16,1031000.0,2026-04-08T04:05:07.377697+00:00
202314,MORISON,2023-07-03,2.16,,,2.16,21826.0,2026-04-08T04:05:11.758079+00:00
202428,MORISON,2023-07-04,2.16,,,2.16,24842.0,2026-04-08T04:05:14.17436+00:00
202542,MORISON,2023-07-05,2.16,,,2.16,4005.0,2026-04-08T04:05:16.577423+00:00
202656,MORISON,2023-07-06,2.16,,,2.16,3331.0,2026-04-08T04:05:19.075393+00:00
202770,MORISON,2023-07-07,2.16,,,2.16,500.0,2026-04-08T04:05:21.415756+00:00
202884,MORISON,2023-07-10,2.35,,,2.35,133328.0,2026-04-08T04:05:26.355595+00:00
202998,MORISON,2023-07-11,2.35,,,2.35,0.0,2026-04-08T04:05:28.903538+00:00
203112,MORISON,2023-07-12,2.58,,,2.58,251550.0,2026-04-08T04:05:31.299012+00:00
203226,MORISON,2023-07-14,2.83,,,2.83,1000.0,2026-04-08T04:05:34.698751+00:00
203340,MORISON,2023-07-17,2.83,,,2.83,2080.0,2026-04-08T04:05:39.139368+00:00
203454,MORISON,2023-07-19,2.83,,,2.83,148327.0,2026-04-08T04:05:42.577032+00:00
203568,MORISON,2023-07-20,2.83,,,2.83,14179.0,2026-04-08T04:05:45.122849+00:00
203682,MORISON,2023-07-21,2.83,,,2.83,15588.0,2026-04-08T04:05:47.594805+00:00
203796,MORISON,2023-07-24,2.83,,,2.83,0.0,2026-04-08T04:05:52.167161+00:00
203910,MORISON,2023-07-25,2.83,,,2.83,2882.0,2026-04-08T04:05:54.602351+00:00
204024,MORISON,2023-07-26,2.83,,,2.83,0.0,2026-04-08T04:05:57.515236+00:00
204138,MORISON,2023-07-27,2.83,,,2.83,850.0,2026-04-08T04:05:59.880161+00:00
204252,MORISON,2023-07-28,2.83,,,2.83,1400.0,2026-04-08T04:06:02.220136+00:00
204366,MORISON,2023-07-31,2.83,,,2.83,0.0,2026-04-08T04:06:06.790851+00:00
204480,MORISON,2023-08-02,2.83,,,2.83,0.0,2026-04-08T04:06:10.326378+00:00
204594,MORISON,2023-08-03,2.83,,,2.83,0.0,2026-04-08T04:06:12.834218+00:00
204708,MORISON,2023-08-04,2.83,,,2.83,0.0,2026-04-08T04:06:15.200886+00:00
204822,MORISON,2023-08-07,2.83,,,2.83,6850.0,2026-04-08T04:06:19.871718+00:00
204936,MORISON,2023-08-08,2.83,,,2.83,0.0,2026-04-08T04:06:22.245918+00:00
205050,MORISON,2023-08-09,2.83,,,2.83,17191.0,2026-04-08T04:06:24.635943+00:00
205164,MORISON,2023-08-10,2.83,,,2.83,2000.0,2026-04-08T04:06:27.035398+00:00
205278,MORISON,2023-08-11,2.83,,,2.83,538.0,2026-04-08T04:06:29.455701+00:00
205392,MORISON,2023-08-14,2.83,,,2.83,80.0,2026-04-08T04:06:33.923569+00:00
205506,MORISON,2023-08-15,2.83,,,2.83,0.0,2026-04-08T04:06:36.358161+00:00
205620,MORISON,2023-08-16,2.83,,,2.83,7067.0,2026-04-08T04:06:38.679915+00:00
205734,MORISON,2023-08-17,2.83,,,2.83,0.0,2026-04-08T04:06:40.998805+00:00
205848,MORISON,2023-08-18,2.83,,,2.83,0.0,2026-04-08T04:06:43.468275+00:00
205962,MORISON,2023-08-21,2.83,,,2.83,0.0,2026-04-08T04:06:47.688711+00:00
206076,MORISON,2023-08-24,2.83,,,2.83,0.0,2026-04-08T04:06:51.989424+00:00
206190,MORISON,2023-08-25,2.83,,,2.83,800.0,2026-04-08T04:06:54.38475+00:00
206304,MORISON,2023-08-28,2.83,,,2.83,100.0,2026-04-08T04:06:59.310949+00:00
206418,MORISON,2023-08-29,2.83,,,2.83,1010.0,2026-04-08T04:07:01.613742+00:00
206532,MORISON,2023-08-30,2.83,,,2.83,46750.0,2026-04-08T04:07:03.820209+00:00
206646,MORISON,2023-09-01,2.83,,,2.83,1.0,2026-04-08T04:07:07.195585+00:00
206760,MORISON,2023-09-04,2.83,,,2.83,0.0,2026-04-08T04:07:11.730996+00:00
206874,MORISON,2023-09-05,2.83,,,2.83,0.0,2026-04-08T04:07:14.175893+00:00
206988,MORISON,2023-09-06,2.83,,,2.83,2842.0,2026-04-08T04:07:16.66229+00:00
207102,MORISON,2023-09-07,2.55,,,2.55,594077.0,2026-04-08T04:07:19.134101+00:00
207216,MORISON,2023-09-08,2.55,,,2.55,784.0,2026-04-08T04:07:21.445908+00:00
207330,MORISON,2023-09-11,2.55,,,2.55,4000.0,2026-04-08T04:07:26.133096+00:00
207444,MORISON,2023-09-12,2.55,,,2.55,0.0,2026-04-08T04:07:28.57479+00:00
207558,MORISON,2023-09-13,2.55,,,2.55,270.0,2026-04-08T04:07:30.890589+00:00
207672,MORISON,2023-09-14,2.55,,,2.55,300.0,2026-04-08T04:07:33.324455+00:00
207786,MORISON,2023-09-15,2.55,,,2.55,2.0,2026-04-08T04:07:35.74244+00:00
207900,MORISON,2023-09-18,2.55,,,2.55,631.0,2026-04-08T04:07:40.292184+00:00
208014,MORISON,2023-09-19,2.55,,,2.55,50.0,2026-04-08T04:07:42.606346+00:00
208128,MORISON,2023-09-20,2.55,,,2.55,0.0,2026-04-08T04:07:45.004042+00:00
208242,MORISON,2023-09-21,2.55,,,2.55,1178.0,2026-04-08T04:07:47.370085+00:00
208356,MORISON,2023-09-22,2.55,,,2.55,200.0,2026-04-08T04:07:49.898567+00:00
208470,MORISON,2023-09-25,2.55,,,2.55,800.0,2026-04-08T04:07:54.305125+00:00
208584,MORISON,2023-09-28,2.55,,,2.55,8132.0,2026-04-08T04:07:58.898315+00:00
208698,MORISON,2023-09-29,2.55,,,2.55,0.0,2026-04-08T04:08:01.279649+00:00
208812,MORISON,2023-10-03,2.55,,,2.55,625.0,2026-04-08T04:08:06.721549+00:00
208926,MORISON,2023-10-04,2.55,,,2.55,4500.0,2026-04-08T04:08:09.042741+00:00
209040,MORISON,2023-10-05,2.55,,,2.55,0.0,2026-04-08T04:08:11.600182+00:00
209155,MORISON,2023-10-06,2.55,,,2.55,500.0,2026-04-08T04:08:14.22861+00:00
209270,MORISON,2023-10-09,2.55,,,2.55,0.0,2026-04-08T04:08:18.740555+00:00
209385,MORISON,2023-10-10,2.55,,,2.55,4500.0,2026-04-08T04:08:21.390436+00:00
209499,MORISON,2023-10-12,2.55,,,2.55,0.0,2026-04-08T04:08:24.861957+00:00
209614,MORISON,2023-10-13,2.55,,,2.55,0.0,2026-04-08T04:08:27.376596+00:00
209729,MORISON,2023-10-16,2.55,,,2.55,520.0,2026-04-08T04:08:32.388707+00:00
209844,MORISON,2023-10-17,2.55,,,2.55,0.0,2026-04-08T04:08:34.738576+00:00
209959,MORISON,2023-10-19,2.55,,,2.55,0.0,2026-04-08T04:08:38.671249+00:00
210074,MORISON,2023-10-20,2.55,,,2.55,0.0,2026-04-08T04:08:40.967521+00:00
210189,MORISON,2023-10-23,2.55,,,2.55,0.0,2026-04-08T04:08:45.440193+00:00
210304,MORISON,2023-10-24,2.55,,,2.55,10060.0,2026-04-08T04:08:47.71675+00:00
210419,MORISON,2023-10-25,2.55,,,2.55,0.0,2026-04-08T04:08:50.022319+00:00
210534,MORISON,2023-10-26,2.55,,,2.55,0.0,2026-04-08T04:08:52.472279+00:00
210649,MORISON,2023-10-27,2.55,,,2.55,0.0,2026-04-08T04:08:54.778052+00:00
210764,MORISON,2023-10-30,2.55,,,2.55,0.0,2026-04-08T04:08:59.45056+00:00
210879,MORISON,2023-10-31,2.55,,,2.55,0.0,2026-04-08T04:09:01.914254+00:00
210994,MORISON,2023-11-01,2.55,,,2.55,2268.0,2026-04-08T04:09:04.386399+00:00
211109,MORISON,2023-11-02,2.55,,,2.55,1115.0,2026-04-08T04:09:06.696264+00:00
211224,MORISON,2023-11-03,2.55,,,2.55,0.0,2026-04-08T04:09:09.071615+00:00
211339,MORISON,2023-11-06,2.55,,,2.55,0.0,2026-04-08T04:09:13.59419+00:00
211454,MORISON,2023-11-07,2.55,,,2.55,4300.0,2026-04-08T04:09:15.923939+00:00
211570,MORISON,2023-11-08,2.55,,,2.55,3067.0,2026-04-08T04:09:18.177895+00:00
211686,MORISON,2023-11-09,2.55,,,2.55,100.0,2026-04-08T04:09:20.462573+00:00
211802,MORISON,2023-11-10,2.55,,,2.55,140.0,2026-04-08T04:09:22.644841+00:00
211918,MORISON,2023-11-13,2.55,,,2.55,404.0,2026-04-08T04:09:27.404692+00:00
212034,MORISON,2023-11-14,2.55,,,2.55,1000.0,2026-04-08T04:09:29.775588+00:00
212150,MORISON,2023-11-15,2.55,,,2.55,0.0,2026-04-08T04:09:32.378304+00:00
212266,MORISON,2023-11-16,2.55,,,2.55,2065.0,2026-04-08T04:09:34.916677+00:00
212382,MORISON,2023-11-17,2.55,,,2.55,0.0,2026-04-08T04:09:37.378105+00:00
212498,MORISON,2023-11-20,2.55,,,2.55,3510.0,2026-04-08T04:09:41.830835+00:00
212614,MORISON,2023-11-21,2.55,,,2.55,0.0,2026-04-08T04:09:44.211025+00:00
212730,MORISON,2023-11-22,2.55,,,2.55,1735.0,2026-04-08T04:09:46.526636+00:00
212846,MORISON,2023-11-23,2.55,,,2.55,1392.0,2026-04-08T04:09:48.793806+00:00
212963,MORISON,2023-11-27,2.55,,,2.55,37460.0,2026-04-08T04:09:54.316732+00:00
213080,MORISON,2023-11-28,2.55,,,2.55,0.0,2026-04-08T04:09:57.050116+00:00
213197,MORISON,2023-11-29,2.55,,,2.55,1051.0,2026-04-08T04:09:59.54407+00:00
213314,MORISON,2023-11-30,2.55,,,2.55,0.0,2026-04-08T04:10:01.973818+00:00
213431,MORISON,2023-12-01,2.55,,,2.55,0.0,2026-04-08T04:10:04.46052+00:00
213548,MORISON,2023-12-04,2.55,,,2.55,1000.0,2026-04-08T04:10:08.793495+00:00
213665,MORISON,2023-12-05,2.55,,,2.55,1916.0,2026-04-08T04:10:11.104733+00:00
213782,MORISON,2023-12-06,2.55,,,2.55,8983.0,2026-04-08T04:10:13.383432+00:00
213899,MORISON,2023-12-08,2.55,,,2.55,1900.0,2026-04-08T04:10:16.965057+00:00
214016,MORISON,2023-12-11,2.55,,,2.55,0.0,2026-04-08T04:10:21.350621+00:00
214133,MORISON,2023-12-12,2.55,,,2.55,50.0,2026-04-08T04:10:23.843731+00:00
214250,MORISON,2023-12-13,2.55,,,2.55,3015.0,2026-04-08T04:10:26.19208+00:00
214367,MORISON,2023-12-14,2.55,,,2.55,3050.0,2026-04-08T04:10:28.64956+00:00
214484,MORISON,2023-12-15,2.55,,,2.55,0.0,2026-04-08T04:10:31.179138+00:00
214601,MORISON,2023-12-18,2.55,,,2.55,0.0,2026-04-08T04:10:35.879044+00:00
214718,MORISON,2023-12-19,2.55,,,2.55,0.0,2026-04-08T04:10:38.280823+00:00
214835,MORISON,2023-12-20,2.55,,,2.55,0.0,2026-04-08T04:10:40.523028+00:00
214952,MORISON,2023-12-21,2.55,,,2.55,0.0,2026-04-08T04:10:42.873875+00:00
215069,MORISON,2023-12-28,2.8,,,2.8,370658.0,2026-04-08T04:10:51.166125+00:00
215186,MORISON,2023-12-29,2.8,,,2.8,0.0,2026-04-08T04:10:53.57119+00:00
215303,MORISON,2024-01-02,2.8,,,2.8,647.0,2026-04-08T04:10:59.157783+00:00
215420,MORISON,2024-01-03,3.08,,,3.08,189600.0,2026-04-08T04:11:01.401293+00:00
215537,MORISON,2024-01-04,3.38,,,3.38,100300.0,2026-04-08T04:11:03.846312+00:00
215654,MORISON,2024-01-05,3.38,,,3.38,124092.0,2026-04-08T04:11:07.208124+00:00
215771,MORISON,2024-01-08,3.38,,,3.38,68213.0,2026-04-08T04:11:11.742656+00:00
215888,MORISON,2024-01-09,3.38,,,3.38,0.0,2026-04-08T04:11:14.100458+00:00
216005,MORISON,2024-01-10,3.38,,,3.38,598.0,2026-04-08T04:11:16.512964+00:00
216122,MORISON,2024-01-11,3.38,,,3.38,346000.0,2026-04-08T04:11:18.918089+00:00
216239,MORISON,2024-01-12,3.38,,,3.38,0.0,2026-04-08T04:11:21.244944+00:00
216356,MORISON,2024-01-15,3.38,,,3.38,165.0,2026-04-08T04:11:25.674113+00:00
216473,MORISON,2024-01-16,3.38,,,3.38,0.0,2026-04-08T04:11:28.037988+00:00
216590,MORISON,2024-01-18,3.38,,,3.38,14627.0,2026-04-08T04:11:31.337167+00:00
216707,MORISON,2024-01-19,3.38,,,3.38,0.0,2026-04-08T04:11:38.619168+00:00
216824,MORISON,2024-01-22,3.38,,,3.38,25560.0,2026-04-08T04:11:42.948818+00:00
216941,MORISON,2024-01-23,3.38,,,3.38,0.0,2026-04-08T04:11:45.304506+00:00
217058,MORISON,2024-01-24,3.38,,,3.38,4100.0,2026-04-08T04:11:47.647942+00:00
217175,MORISON,2024-01-25,3.38,,,3.38,212.0,2026-04-08T04:11:50.11021+00:00
217292,MORISON,2024-01-26,3.38,,,3.38,13730.0,2026-04-08T04:11:52.721812+00:00
217409,MORISON,2024-01-29,3.38,,,3.38,119730.0,2026-04-08T04:11:57.440388+00:00
217526,MORISON,2024-01-30,3.38,,,3.38,3940.0,2026-04-08T04:12:00.024191+00:00
217643,MORISON,2024-01-31,3.38,,,3.38,260.0,2026-04-08T04:12:02.433526+00:00
217760,MORISON,2024-02-01,3.38,,,3.38,500.0,2026-04-08T04:12:04.812869+00:00
217877,MORISON,2024-02-02,3.05,,,3.05,113693.0,2026-04-08T04:12:07.232701+00:00
217994,MORISON,2024-02-05,3.05,,,3.05,107882.0,2026-04-08T04:12:11.791199+00:00
218111,MORISON,2024-02-06,3.05,,,3.05,0.0,2026-04-08T04:12:14.363902+00:00
218228,MORISON,2024-02-07,3.05,,,3.05,48173.0,2026-04-08T04:12:16.791058+00:00
218345,MORISON,2024-02-08,3.05,,,3.05,0.0,2026-04-08T04:12:19.312026+00:00
218462,MORISON,2024-02-09,3.05,,,3.05,56648.0,2026-04-08T04:12:21.609908+00:00
218579,MORISON,2024-02-12,3.05,,,3.05,0.0,2026-04-08T04:12:25.771109+00:00
218696,MORISON,2024-02-13,2.75,,,2.75,133236.0,2026-04-08T04:12:28.061356+00:00
218813,MORISON,2024-02-14,3.02,,,3.02,372318.0,2026-04-08T04:12:30.570558+00:00
218930,MORISON,2024-02-16,2.48,,,2.48,183000.0,2026-04-08T04:12:34.036511+00:00
219047,MORISON,2024-02-19,2.27,,,2.27,216181.0,2026-04-08T04:12:38.429241+00:00
219164,MORISON,2024-02-20,2.27,,,2.27,29042.0,2026-04-08T04:12:40.813552+00:00
219281,MORISON,2024-02-21,2.05,,,2.05,222335.0,2026-04-08T04:12:43.257682+00:00
219398,MORISON,2024-02-22,1.85,,,1.85,133405.0,2026-04-08T04:12:45.850796+00:00
219515,MORISON,2024-02-26,1.67,,,1.67,0.0,2026-04-08T04:12:51.18414+00:00
219632,MORISON,2024-02-27,1.67,,,1.67,0.0,2026-04-08T04:12:53.509755+00:00
219749,MORISON,2024-02-29,1.51,,,1.51,184000.0,2026-04-08T04:12:56.822244+00:00
219866,MORISON,2024-03-01,1.51,,,1.51,680.0,2026-04-08T04:12:59.287484+00:00
219983,MORISON,2024-03-04,1.51,,,1.51,0.0,2026-04-08T04:13:03.814092+00:00
220101,MORISON,2024-03-05,1.51,,,1.51,4511.0,2026-04-08T04:13:06.279726+00:00
220219,MORISON,2024-03-06,1.51,,,1.51,17074.0,2026-04-08T04:13:08.558236+00:00
220337,MORISON,2024-03-07,1.51,,,1.51,0.0,2026-04-08T04:13:10.988978+00:00
220455,MORISON,2024-03-08,1.51,,,1.51,50.0,2026-04-08T04:13:13.453006+00:00
220573,MORISON,2024-03-11,1.51,,,1.51,23685.0,2026-04-08T04:13:17.773706+00:00
220691,MORISON,2024-03-12,1.41,,,1.41,178000.0,2026-04-08T04:13:20.258657+00:00
220809,MORISON,2024-03-13,1.41,,,1.41,0.0,2026-04-08T04:13:22.557243+00:00
220927,MORISON,2024-03-14,1.41,,,1.41,500.0,2026-04-08T04:13:25.004754+00:00
221045,MORISON,2024-03-15,1.41,,,1.41,5000000.0,2026-04-08T04:13:27.500984+00:00
221163,MORISON,2024-03-19,1.41,,,1.41,90.0,2026-04-08T04:13:32.54102+00:00
221281,MORISON,2024-03-20,1.41,,,1.41,0.0,2026-04-08T04:13:34.949661+00:00
221399,MORISON,2024-03-21,1.41,,,1.41,50.0,2026-04-08T04:13:37.293426+00:00
221517,MORISON,2024-03-22,1.41,,,1.41,0.0,2026-04-08T04:13:39.66616+00:00
221635,MORISON,2024-03-25,1.55,,,1.55,132093.0,2026-04-08T04:13:43.964435+00:00
221753,MORISON,2024-03-26,1.55,,,1.55,59225.0,2026-04-08T04:13:46.391317+00:00
221871,MORISON,2024-03-27,1.6,,,1.6,11000119.0,2026-04-08T04:13:48.795654+00:00
221989,MORISON,2024-03-28,1.76,,,1.76,15209421.0,2026-04-08T04:13:51.173779+00:00
222107,MORISON,2024-04-02,1.76,,,1.76,980.0,2026-04-08T04:13:58.053067+00:00
222225,MORISON,2024-04-03,1.93,,,1.93,122761.0,2026-04-08T04:14:00.66873+00:00
222343,MORISON,2024-04-04,2.12,,,2.12,109755.0,2026-04-08T04:14:03.310057+00:00
222461,MORISON,2024-04-05,2.12,,,2.12,10895.0,2026-04-08T04:14:05.820809+00:00
222579,MORISON,2024-04-12,2.56,,,2.56,102000.0,2026-04-08T04:14:15.984697+00:00
222697,MORISON,2024-04-15,2.81,,,2.81,113700.0,2026-04-08T04:14:20.492228+00:00
222815,MORISON,2024-04-16,3.09,,,3.09,102000.0,2026-04-08T04:14:22.958286+00:00
222933,MORISON,2024-04-17,3.39,,,3.39,199450.0,2026-04-08T04:14:25.407203+00:00
223051,MORISON,2024-04-18,3.72,,,3.72,455985.0,2026-04-08T04:14:27.862982+00:00
223169,MORISON,2024-04-19,3.72,,,3.72,300629.0,2026-04-08T04:14:30.225092+00:00
223287,MORISON,2024-04-22,3.72,,,3.72,4331.0,2026-04-08T04:14:34.624841+00:00
223405,MORISON,2024-04-23,3.72,,,3.72,66.0,2026-04-08T04:14:36.881925+00:00
223523,MORISON,2024-04-24,3.72,,,3.72,56820.0,2026-04-08T04:14:39.108369+00:00
223641,MORISON,2024-04-25,3.72,,,3.72,8000.0,2026-04-08T04:14:41.415412+00:00
223759,MORISON,2024-04-26,3.72,,,3.72,3683.0,2026-04-08T04:14:43.709399+00:00
223877,MORISON,2024-04-29,3.72,,,3.72,6209.0,2026-04-08T04:14:47.97937+00:00
223995,MORISON,2024-04-30,4.05,,,4.05,9148425.0,2026-04-08T04:14:50.304196+00:00
224113,MORISON,2024-05-02,4.05,,,4.05,38143.0,2026-04-08T04:14:53.573612+00:00
224231,MORISON,2024-05-03,4.05,,,4.05,29150.0,2026-04-08T04:14:55.989363+00:00
224349,MORISON,2024-05-06,4.05,,,4.05,3201.0,2026-04-08T04:15:00.14873+00:00
224467,MORISON,2024-05-07,4.05,,,4.05,2728.0,2026-04-08T04:15:02.40079+00:00
224585,MORISON,2024-05-08,4.05,,,4.05,280.0,2026-04-08T04:15:04.708287+00:00
224703,MORISON,2024-05-09,4.05,,,4.05,5166.0,2026-04-08T04:15:07.337178+00:00
224821,MORISON,2024-05-10,4.05,,,4.05,15162.0,2026-04-08T04:15:09.604775+00:00
224939,MORISON,2024-05-13,4.05,,,4.05,28961.0,2026-04-08T04:15:13.907933+00:00
225057,MORISON,2024-05-14,4.05,,,4.05,15046.0,2026-04-08T04:15:16.26654+00:00
225175,MORISON,2024-05-15,4.05,,,4.05,0.0,2026-04-08T04:15:18.549958+00:00
225293,MORISON,2024-05-16,4.05,,,4.05,963.0,2026-04-08T04:15:20.841424+00:00
225411,MORISON,2024-05-20,4.05,,,4.05,0.0,2026-04-08T04:15:25.962105+00:00
225529,MORISON,2024-05-21,4.05,,,4.05,2950.0,2026-04-08T04:15:28.334406+00:00
225647,MORISON,2024-05-22,4.05,,,4.05,0.0,2026-04-08T04:15:30.660212+00:00
225765,MORISON,2024-05-23,4.05,,,4.05,1353.0,2026-04-08T04:15:32.993296+00:00
225883,MORISON,2024-05-24,4.05,,,4.05,130.0,2026-04-08T04:15:35.360226+00:00
226001,MORISON,2024-05-27,4.05,,,4.05,91112.0,2026-04-08T04:15:39.562711+00:00
226119,MORISON,2024-05-28,4.45,,,4.45,131469.0,2026-04-08T04:15:41.894674+00:00
226237,MORISON,2024-05-29,4.45,,,4.45,14727.0,2026-04-08T04:15:44.435333+00:00
226355,MORISON,2024-05-30,4.45,,,4.45,3500.0,2026-04-08T04:15:46.695543+00:00
226473,MORISON,2024-05-31,4.45,,,4.45,25296.0,2026-04-08T04:15:48.909252+00:00
226591,MORISON,2024-06-03,4.45,,,4.45,3455.0,2026-04-08T04:15:53.203965+00:00
226709,MORISON,2024-06-04,4.45,,,4.45,8019.0,2026-04-08T04:15:55.456464+00:00
226827,MORISON,2024-06-05,4.45,,,4.45,76560.0,2026-04-08T04:15:57.839545+00:00
226945,MORISON,2024-06-06,4.45,,,4.45,2272.0,2026-04-08T04:16:00.091412+00:00
227063,MORISON,2024-06-07,4.45,,,4.45,1.0,2026-04-08T04:16:02.294722+00:00
227181,MORISON,2024-06-10,4.45,,,4.45,39624.0,2026-04-08T04:16:06.655303+00:00
227299,MORISON,2024-06-11,4.45,,,4.45,6362.0,2026-04-08T04:16:09.027942+00:00
227417,MORISON,2024-06-13,4.45,,,4.45,72.0,2026-04-08T04:16:12.454757+00:00
227535,MORISON,2024-06-14,4.45,,,4.45,2982.0,2026-04-08T04:16:14.762224+00:00
227653,MORISON,2024-06-20,4.45,,,4.45,5674.0,2026-04-08T04:16:22.365263+00:00
227771,MORISON,2024-06-21,4.45,,,4.45,10000.0,2026-04-08T04:16:24.740936+00:00
227889,MORISON,2024-06-24,4.45,,,4.45,5269.0,2026-04-08T04:16:29.101951+00:00
228007,MORISON,2024-06-25,4.45,,,4.45,13835.0,2026-04-08T04:16:31.430939+00:00
228125,MORISON,2024-06-26,4.45,,,4.45,16167.0,2026-04-08T04:16:33.77834+00:00
228243,MORISON,2024-06-27,4.45,,,4.45,21068.0,2026-04-08T04:16:36.13415+00:00
228361,MORISON,2024-06-28,4.45,,,4.45,5995.0,2026-04-08T04:16:38.472674+00:00
228479,MORISON,2024-07-01,4.45,,,4.45,40.0,2026-04-08T04:16:42.881798+00:00
228597,MORISON,2024-07-02,4.45,,,4.45,50321.0,2026-04-08T04:16:45.256647+00:00
228715,MORISON,2024-07-03,4.45,,,4.45,2830.0,2026-04-08T04:16:47.732339+00:00
228833,MORISON,2024-07-04,4.45,,,4.45,7301.0,2026-04-08T04:16:50.22378+00:00
228951,MORISON,2024-07-05,4.45,,,4.45,4000.0,2026-04-08T04:16:52.679645+00:00
229069,MORISON,2024-07-08,4.45,,,4.45,1.0,2026-04-08T04:16:57.375145+00:00
229187,MORISON,2024-07-09,4.45,,,4.45,0.0,2026-04-08T04:16:59.679545+00:00
229305,MORISON,2024-07-10,4.45,,,4.45,4500.0,2026-04-08T04:17:02.104038+00:00
229423,MORISON,2024-07-11,4.45,,,4.45,5150.0,2026-04-08T04:17:04.804273+00:00
229541,MORISON,2024-07-12,4.45,,,4.45,59541.0,2026-04-08T04:17:07.071694+00:00
229659,MORISON,2024-07-15,4.45,,,4.45,15594.0,2026-04-08T04:17:11.418935+00:00
229777,MORISON,2024-07-16,4.45,,,4.45,392.0,2026-04-08T04:17:13.920176+00:00
229895,MORISON,2024-07-17,4.45,,,4.45,9654.0,2026-04-08T04:17:16.239817+00:00
230013,MORISON,2024-07-18,4.45,,,4.45,6559.0,2026-04-08T04:17:18.614364+00:00
230131,MORISON,2024-07-19,4.45,,,4.45,2602.0,2026-04-08T04:17:20.923419+00:00
230249,MORISON,2024-07-22,4.45,,,4.45,4025.0,2026-04-08T04:17:25.185516+00:00
230367,MORISON,2024-07-23,4.45,,,4.45,5567.0,2026-04-08T04:17:27.655924+00:00
230485,MORISON,2024-07-24,4.45,,,4.45,787.0,2026-04-08T04:17:30.124258+00:00
230603,MORISON,2024-07-25,4.45,,,4.45,1.0,2026-04-08T04:17:32.638981+00:00
230721,MORISON,2024-07-26,4.45,,,4.45,1500.0,2026-04-08T04:17:35.101122+00:00
230839,MORISON,2024-07-29,4.45,,,4.45,4637.0,2026-04-08T04:17:40.103977+00:00
230957,MORISON,2024-07-30,4.45,,,4.45,650.0,2026-04-08T04:17:43.080384+00:00
231075,MORISON,2024-07-31,4.45,,,4.45,1950.0,2026-04-08T04:17:45.61458+00:00
231193,MORISON,2024-08-01,4.45,,,4.45,268.0,2026-04-08T04:17:47.950902+00:00
231311,MORISON,2024-08-02,4.45,,,4.45,223.0,2026-04-08T04:17:50.372085+00:00
231429,MORISON,2024-08-05,4.45,,,4.45,3568.0,2026-04-08T04:17:54.929581+00:00
231547,MORISON,2024-08-06,4.45,,,4.45,2638.0,2026-04-08T04:17:57.472912+00:00
231665,MORISON,2024-08-07,4.45,,,4.45,0.0,2026-04-08T04:17:59.948734+00:00
231783,MORISON,2024-08-08,4.45,,,4.45,2748.0,2026-04-08T04:18:02.36647+00:00
231901,MORISON,2024-08-09,4.45,,,4.45,0.0,2026-04-08T04:18:04.674683+00:00
232019,MORISON,2024-08-12,4.45,,,4.45,668.0,2026-04-08T04:18:08.918743+00:00
232137,MORISON,2024-08-13,4.45,,,4.45,8200.0,2026-04-08T04:18:11.387792+00:00
232255,MORISON,2024-08-14,4.45,,,4.45,0.0,2026-04-08T04:18:13.859526+00:00
232373,MORISON,2024-08-15,4.45,,,4.45,0.0,2026-04-08T04:18:16.357381+00:00
232491,MORISON,2024-08-16,4.45,,,4.45,0.0,2026-04-08T04:18:18.692447+00:00
232609,MORISON,2024-08-19,4.45,,,4.45,6100.0,2026-04-08T04:18:23.063194+00:00
232727,MORISON,2024-08-20,4.45,,,4.45,5900.0,2026-04-08T04:18:25.366221+00:00
232845,MORISON,2024-08-21,4.45,,,4.45,106.0,2026-04-08T04:18:27.861334+00:00
232963,MORISON,2024-08-22,4.45,,,4.45,2794.0,2026-04-08T04:18:30.156184+00:00
233081,MORISON,2024-08-23,4.45,,,4.45,100.0,2026-04-08T04:18:32.497978+00:00
233199,MORISON,2024-08-26,4.45,,,4.45,16830.0,2026-04-08T04:18:37.19542+00:00
233317,MORISON,2024-08-27,4.45,,,4.45,12269.0,2026-04-08T04:18:39.561091+00:00
233435,MORISON,2024-08-28,4.45,,,4.45,12856.0,2026-04-08T04:18:42.048567+00:00
233553,MORISON,2024-08-29,4.45,,,4.45,5000.0,2026-04-08T04:18:44.36768+00:00
233671,MORISON,2024-09-02,4.45,,,4.45,0.0,2026-04-08T04:18:49.632285+00:00
233789,MORISON,2024-09-03,4.45,,,4.45,1681.0,2026-04-08T04:18:52.389232+00:00
233907,MORISON,2024-09-04,4.45,,,4.45,5000.0,2026-04-08T04:18:54.875674+00:00
234025,MORISON,2024-09-05,4.45,,,4.45,12550.0,2026-04-08T04:18:57.763256+00:00
234143,MORISON,2024-09-06,4.45,,,4.45,1500.0,2026-04-08T04:19:00.536712+00:00
234261,MORISON,2024-09-09,4.45,,,4.45,3000.0,2026-04-08T04:19:05.495104+00:00
234379,MORISON,2024-09-10,4.45,,,4.45,0.0,2026-04-08T04:19:08.070871+00:00
234497,MORISON,2024-09-11,4.45,,,4.45,0.0,2026-04-08T04:19:10.663572+00:00
234615,MORISON,2024-09-12,4.45,,,4.45,26150.0,2026-04-08T04:19:13.371302+00:00
234733,MORISON,2024-09-13,4.45,,,4.45,0.0,2026-04-08T04:19:16.033041+00:00
234851,MORISON,2024-09-17,4.45,,,4.45,4010.0,2026-04-08T04:19:22.824888+00:00
234969,MORISON,2024-09-18,4.45,,,4.45,205.0,2026-04-08T04:19:25.915955+00:00
235087,MORISON,2024-09-19,4.45,,,4.45,2900.0,2026-04-08T04:19:28.330134+00:00
235205,MORISON,2024-09-20,4.45,,,4.45,0.0,2026-04-08T04:19:30.82066+00:00
235323,MORISON,2024-09-23,4.45,,,4.45,14000.0,2026-04-08T04:19:35.29526+00:00
235441,MORISON,2024-09-24,4.45,,,4.45,632.0,2026-04-08T04:19:37.629736+00:00
235559,MORISON,2024-09-25,4.45,,,4.45,10247.0,2026-04-08T04:19:40.096992+00:00
235677,MORISON,2024-09-26,4.45,,,4.45,0.0,2026-04-08T04:19:42.676048+00:00
235795,MORISON,2024-09-27,4.45,,,4.45,200.0,2026-04-08T04:19:45.342636+00:00
235913,MORISON,2024-09-30,4.45,,,4.45,0.0,2026-04-08T04:19:50.223917+00:00
236031,MORISON,2024-10-02,4.45,,,4.45,20020.0,2026-04-08T04:19:53.821423+00:00
236149,MORISON,2024-10-03,4.45,,,4.45,0.0,2026-04-08T04:19:56.203135+00:00
236267,MORISON,2024-10-04,4.45,,,4.45,0.0,2026-04-08T04:19:58.634737+00:00
236385,MORISON,2024-10-07,4.45,,,4.45,2000.0,2026-04-08T04:20:03.05432+00:00
236503,MORISON,2024-10-08,4.45,,,4.45,0.0,2026-04-08T04:20:05.535519+00:00
236621,MORISON,2024-10-10,4.45,,,4.45,2837.0,2026-04-08T04:20:08.855054+00:00
236739,MORISON,2024-10-11,4.45,,,4.45,257.0,2026-04-08T04:20:11.460237+00:00
236857,MORISON,2024-10-14,4.45,,,4.45,51193.0,2026-04-08T04:20:16.284622+00:00
236976,MORISON,2024-10-15,4.45,,,4.45,1319.0,2026-04-08T04:20:18.84933+00:00
237095,MORISON,2024-10-17,4.45,,,4.45,13319.0,2026-04-08T04:20:23.389134+00:00
237214,MORISON,2024-10-18,4.45,,,4.45,3227.0,2026-04-08T04:20:26.17489+00:00
237333,MORISON,2024-10-21,4.45,,,4.45,20127.0,2026-04-08T04:20:30.541886+00:00
237452,MORISON,2024-10-22,4.45,,,4.45,4333.0,2026-04-08T04:20:32.890604+00:00
237571,MORISON,2024-10-23,4.45,,,4.45,0.0,2026-04-08T04:20:35.186729+00:00
237690,MORISON,2024-10-24,4.45,,,4.45,0.0,2026-04-08T04:20:37.740613+00:00
237809,MORISON,2024-10-25,4.45,,,4.45,0.0,2026-04-08T04:20:40.222387+00:00
237928,MORISON,2024-10-28,4.45,,,4.45,1200.0,2026-04-08T04:20:44.742576+00:00
238047,MORISON,2024-10-29,4.45,,,4.45,0.0,2026-04-08T04:20:47.136244+00:00
238166,MORISON,2024-10-30,4.45,,,4.45,0.0,2026-04-08T04:20:49.405969+00:00
238285,MORISON,2024-10-31,4.45,,,4.45,0.0,2026-04-08T04:20:51.756515+00:00
238404,MORISON,2024-11-01,4.45,,,4.45,5000.0,2026-04-08T04:20:54.1075+00:00
238523,MORISON,2024-11-04,4.45,,,4.45,0.0,2026-04-08T04:20:58.471072+00:00
238642,MORISON,2024-11-05,4.45,,,4.45,0.0,2026-04-08T04:21:01.00344+00:00
238761,MORISON,2024-11-06,4.45,,,4.45,2.0,2026-04-08T04:21:03.585377+00:00
238880,MORISON,2024-11-07,4.45,,,4.45,0.0,2026-04-08T04:21:06.256351+00:00
238999,MORISON,2024-11-08,4.45,,,4.45,110.0,2026-04-08T04:21:08.623134+00:00
239118,MORISON,2024-11-11,4.45,,,4.45,1723.0,2026-04-08T04:21:12.782875+00:00
239237,MORISON,2024-11-12,4.45,,,4.45,750.0,2026-04-08T04:21:15.417322+00:00
239356,MORISON,2024-11-13,4.45,,,4.45,0.0,2026-04-08T04:21:17.790166+00:00
239475,MORISON,2024-11-14,4.45,,,4.45,0.0,2026-04-08T04:21:20.354873+00:00
239594,MORISON,2024-11-15,4.45,,,4.45,702.0,2026-04-08T04:21:22.90937+00:00
239713,MORISON,2024-11-18,4.45,,,4.45,0.0,2026-04-08T04:21:27.576358+00:00
239832,MORISON,2024-11-19,4.45,,,4.45,0.0,2026-04-08T04:21:29.868433+00:00
239951,MORISON,2024-11-20,4.45,,,4.45,0.0,2026-04-08T04:21:32.433299+00:00
240070,MORISON,2024-11-21,4.45,,,4.45,10649.0,2026-04-08T04:21:34.755564+00:00
240189,MORISON,2024-11-22,4.45,,,4.45,5112.0,2026-04-08T04:21:37.514754+00:00
240308,MORISON,2024-11-25,4.45,,,4.45,15.0,2026-04-08T04:21:41.818387+00:00
240427,MORISON,2024-11-26,4.45,,,4.45,1035.0,2026-04-08T04:21:44.163824+00:00
240546,MORISON,2024-11-27,4.45,,,4.45,200.0,2026-04-08T04:21:46.720727+00:00
240665,MORISON,2024-11-28,4.45,,,4.45,5198.0,2026-04-08T04:21:49.110263+00:00
240784,MORISON,2024-12-02,4.45,,,4.45,0.0,2026-04-08T04:21:54.88401+00:00
240903,MORISON,2024-12-03,4.45,,,4.45,102390.0,2026-04-08T04:21:57.640504+00:00
241022,MORISON,2024-12-04,4.45,,,4.45,10417.0,2026-04-08T04:21:59.930228+00:00
241141,MORISON,2024-12-06,4.45,,,4.45,1040.0,2026-04-08T04:22:03.392712+00:00
241260,MORISON,2024-12-09,4.45,,,4.45,100.0,2026-04-08T04:22:07.745808+00:00
241379,MORISON,2024-12-10,4.01,,,4.01,101811.0,2026-04-08T04:22:10.112253+00:00
241498,MORISON,2024-12-11,4.01,,,4.01,7085.0,2026-04-08T04:22:12.639548+00:00
241617,MORISON,2024-12-12,4.01,,,4.01,355.0,2026-04-08T04:22:15.033357+00:00
241736,MORISON,2024-12-13,4.01,,,4.01,2000.0,2026-04-08T04:22:17.509919+00:00
241855,MORISON,2024-12-16,4.01,,,4.01,200.0,2026-04-08T04:22:22.499781+00:00
241974,MORISON,2024-12-17,4.01,,,4.01,1742.0,2026-04-08T04:22:24.995572+00:00
242093,MORISON,2024-12-18,4.01,,,4.01,651.0,2026-04-08T04:22:27.498126+00:00
242212,MORISON,2024-12-19,4.01,,,4.01,196.0,2026-04-08T04:22:29.868083+00:00
242331,MORISON,2024-12-20,4.01,,,4.01,5000.0,2026-04-08T04:22:32.392508+00:00
242450,MORISON,2024-12-23,4.01,,,4.01,2220.0,2026-04-08T04:22:36.740311+00:00
242569,MORISON,2024-12-24,4.01,,,4.01,93363.0,2026-04-08T04:22:39.25804+00:00
242688,MORISON,2024-12-27,4.01,,,4.01,4900.0,2026-04-08T04:22:43.946119+00:00
242806,MORISON,2024-12-31,4.01,,,4.01,2315.0,2026-04-08T04:22:48.665239+00:00
242924,MORISON,2025-01-02,4.01,,,4.01,48565.0,2026-04-08T04:22:52.256438+00:00
243042,MORISON,2025-01-03,4.01,,,4.01,18667.0,2026-04-08T04:22:55.101113+00:00
243160,MORISON,2025-01-06,4.01,,,4.01,3398.0,2026-04-08T04:23:00.046313+00:00
243278,MORISON,2025-01-07,4.01,,,4.01,0.0,2026-04-08T04:23:02.329348+00:00
243396,MORISON,2025-01-08,4.01,,,4.01,3020.0,2026-04-08T04:23:04.632968+00:00
243514,MORISON,2025-01-09,4.01,,,4.01,0.0,2026-04-08T04:23:06.908261+00:00
243632,MORISON,2025-01-10,4.01,,,4.01,16370.0,2026-04-08T04:23:09.304805+00:00
243750,MORISON,2025-01-13,4.01,,,4.01,201.0,2026-04-08T04:23:13.790041+00:00
243868,MORISON,2025-01-14,4.01,,,4.01,22700.0,2026-04-08T04:23:16.129929+00:00
243986,MORISON,2025-01-15,4.01,,,4.01,0.0,2026-04-08T04:23:18.535433+00:00
244104,MORISON,2025-01-16,4.01,,,4.01,1000.0,2026-04-08T04:23:20.834867+00:00
244222,MORISON,2025-01-17,4.01,,,4.01,11579.0,2026-04-08T04:23:23.141674+00:00
244340,MORISON,2025-01-20,4.01,,,4.01,2166.0,2026-04-08T04:23:27.482452+00:00
244458,MORISON,2025-01-21,4.01,,,4.01,2000.0,2026-04-08T04:23:29.752731+00:00
244576,MORISON,2025-01-22,4.01,,,4.01,25624.0,2026-04-08T04:23:32.235559+00:00
244694,MORISON,2025-01-23,3.61,,,3.61,135500.0,2026-04-08T04:23:34.519549+00:00
244812,MORISON,2025-01-24,3.61,,,3.61,11400.0,2026-04-08T04:23:37.097992+00:00
244930,MORISON,2025-01-27,3.61,,,3.61,18207.0,2026-04-08T04:23:41.817807+00:00
245048,MORISON,2025-01-28,3.61,,,3.61,4.0,2026-04-08T04:23:44.43679+00:00
245166,MORISON,2025-01-30,3.61,,,3.61,32975.0,2026-04-08T04:23:47.90788+00:00
245284,MORISON,2025-01-31,3.61,,,3.61,32975.0,2026-04-08T04:23:50.425841+00:00
245402,MORISON,2025-02-03,3.61,,,3.61,0.0,2026-04-08T04:23:55.090801+00:00
245520,MORISON,2025-02-04,3.61,,,3.61,6000.0,2026-04-08T04:23:57.584141+00:00
245638,MORISON,2025-02-05,3.61,,,3.61,123297.0,2026-04-08T04:24:00.484627+00:00
245756,MORISON,2025-02-06,3.61,,,3.61,30600.0,2026-04-08T04:24:04.153698+00:00
245874,MORISON,2025-02-07,3.61,,,3.61,0.0,2026-04-08T04:24:07.822728+00:00
245992,MORISON,2025-02-10,3.61,,,3.61,24553.0,2026-04-08T04:24:13.163899+00:00
246110,MORISON,2025-02-11,3.61,,,3.61,0.0,2026-04-08T04:24:15.629092+00:00
246228,MORISON,2025-02-12,3.61,,,3.61,500.0,2026-04-08T04:24:18.226035+00:00
246346,MORISON,2025-02-13,3.61,,,3.61,32883.0,2026-04-08T04:24:20.725749+00:00
246464,MORISON,2025-02-14,3.61,,,3.61,5006.0,2026-04-08T04:24:23.300806+00:00
246582,MORISON,2025-02-17,3.61,,,3.61,1000.0,2026-04-08T04:24:27.726986+00:00
246700,MORISON,2025-02-18,3.61,,,3.61,6200.0,2026-04-08T04:24:30.295737+00:00
246818,MORISON,2025-02-19,3.61,,,3.61,0.0,2026-04-08T04:24:32.765887+00:00
246936,MORISON,2025-02-20,3.61,,,3.61,0.0,2026-04-08T04:24:35.351909+00:00
247054,MORISON,2025-02-21,3.61,,,3.61,0.0,2026-04-08T04:24:37.680479+00:00
247172,MORISON,2025-02-25,3.25,,,3.25,205046.0,2026-04-08T04:24:43.419296+00:00
247290,MORISON,2025-02-26,3.25,,,3.25,265.0,2026-04-08T04:24:45.860894+00:00
247408,MORISON,2025-02-27,3.25,,,3.25,0.0,2026-04-08T04:24:48.27846+00:00
247526,MORISON,2025-02-28,3.25,,,3.25,52170.0,2026-04-08T04:24:50.63724+00:00
247644,MORISON,2025-03-03,3.25,,,3.25,2186.0,2026-04-08T04:24:55.222854+00:00
247762,MORISON,2025-03-04,3.25,,,3.25,43.0,2026-04-08T04:24:57.762887+00:00
247881,MORISON,2025-03-05,3.25,,,3.25,6288.0,2026-04-08T04:25:00.108696+00:00
248000,MORISON,2025-03-06,3.25,,,3.25,1000.0,2026-04-08T04:25:02.52336+00:00
248119,MORISON,2025-03-07,3.25,,,3.25,0.0,2026-04-08T04:25:04.19753+00:00
248238,MORISON,2025-03-10,3.25,,,3.25,0.0,2026-04-08T04:25:07.959889+00:00
248357,MORISON,2025-03-11,3.25,,,3.25,1104.0,2026-04-08T04:25:10.446731+00:00
248476,MORISON,2025-03-12,3.25,,,3.25,0.0,2026-04-08T04:25:12.888859+00:00
248595,MORISON,2025-03-13,3.25,,,3.25,0.0,2026-04-08T04:25:15.353849+00:00
248714,MORISON,2025-03-14,3.25,,,3.25,0.0,2026-04-08T04:25:17.75152+00:00
248833,MORISON,2025-03-17,3.25,,,3.25,7.0,2026-04-08T04:25:23.327657+00:00
248952,MORISON,2025-03-18,3.25,,,3.25,0.0,2026-04-08T04:25:25.763099+00:00
249071,MORISON,2025-03-19,3.25,,,3.25,5540.0,2026-04-08T04:25:28.144043+00:00
249190,MORISON,2025-03-20,3.25,,,3.25,0.0,2026-04-08T04:25:31.01834+00:00
249309,MORISON,2025-03-21,3.25,,,3.25,0.0,2026-04-08T04:25:33.389958+00:00
249428,MORISON,2025-03-24,3.25,,,3.25,0.0,2026-04-08T04:25:38.388993+00:00
249547,MORISON,2025-03-25,3.25,,,3.25,0.0,2026-04-08T04:25:40.7685+00:00
249666,MORISON,2025-03-26,3.25,,,3.25,0.0,2026-04-08T04:25:43.344812+00:00
249785,MORISON,2025-03-27,3.25,,,3.25,4.0,2026-04-08T04:25:45.817232+00:00
249904,MORISON,2025-03-28,3.25,,,3.25,31986.0,2026-04-08T04:25:48.177352+00:00
250023,MORISON,2025-04-02,3.25,,,3.25,200.0,2026-04-08T04:25:54.663823+00:00
250142,MORISON,2025-04-03,3.25,,,3.25,546.0,2026-04-08T04:25:57.014747+00:00
250261,MORISON,2025-04-04,3.25,,,3.25,0.0,2026-04-08T04:25:59.489503+00:00
250380,MORISON,2025-04-07,3.25,,,3.25,0.0,2026-04-08T04:26:04.211964+00:00
250499,MORISON,2025-04-08,3.25,,,3.25,0.0,2026-04-08T04:26:06.766331+00:00
250618,MORISON,2025-04-10,3.25,,,3.25,0.0,2026-04-08T04:26:10.263658+00:00
250737,MORISON,2025-04-11,3.25,,,3.25,3000.0,2026-04-08T04:26:12.610372+00:00
250856,MORISON,2025-04-14,3.25,,,3.25,0.0,2026-04-08T04:26:17.137975+00:00
250975,MORISON,2025-04-15,3.25,,,3.25,0.0,2026-04-08T04:26:19.634971+00:00
251094,MORISON,2025-04-16,3.25,,,3.25,0.0,2026-04-08T04:26:22.321337+00:00
251213,MORISON,2025-04-17,3.25,,,3.25,0.0,2026-04-08T04:26:24.819431+00:00
251332,MORISON,2025-04-22,3.25,,,3.25,0.0,2026-04-08T04:26:31.401152+00:00
251451,MORISON,2025-04-23,3.25,,,3.25,100.0,2026-04-08T04:26:33.741411+00:00
251570,MORISON,2025-04-24,3.25,,,3.25,0.0,2026-04-08T04:26:36.383131+00:00
251690,MORISON,2025-04-25,3.25,,,3.25,0.0,2026-04-08T04:26:38.677219+00:00
251810,MORISON,2025-04-28,3.25,,,3.25,0.0,2026-04-08T04:26:43.113614+00:00
251930,MORISON,2025-04-29,3.25,,,3.25,0.0,2026-04-08T04:26:45.609073+00:00
252050,MORISON,2025-04-30,3.25,,,3.25,0.0,2026-04-08T04:26:48.242472+00:00
252170,MORISON,2025-05-02,3.25,,,3.25,0.0,2026-04-08T04:26:51.690529+00:00
252290,MORISON,2025-05-05,3.25,,,3.25,0.0,2026-04-08T04:26:56.275381+00:00
252410,MORISON,2025-05-06,3.25,,,3.25,0.0,2026-04-08T04:26:58.7221+00:00
252530,MORISON,2025-05-07,3.25,,,3.25,1569.0,2026-04-08T04:27:01.170235+00:00
252650,MORISON,2025-05-08,3.25,,,3.25,23506.0,2026-04-08T04:27:03.468055+00:00
252770,MORISON,2025-05-09,3.25,,,3.25,2835.0,2026-04-08T04:27:05.963213+00:00
252890,MORISON,2025-05-12,3.25,,,3.25,0.0,2026-04-08T04:27:10.449459+00:00
253010,MORISON,2025-05-14,3.25,,,3.25,10218.0,2026-04-08T04:27:13.89162+00:00
253130,MORISON,2025-05-15,3.25,,,3.25,0.0,2026-04-08T04:27:16.307455+00:00
253250,MORISON,2025-05-16,3.25,,,3.25,63750.0,2026-04-08T04:27:18.639316+00:00
253370,MORISON,2025-05-19,3.25,,,3.25,0.0,2026-04-08T04:27:23.06518+00:00
253490,MORISON,2025-05-20,3.25,,,3.25,0.0,2026-04-08T04:27:25.663956+00:00
253610,MORISON,2025-05-21,3.25,,,3.25,0.0,2026-04-08T04:27:28.280255+00:00
253730,MORISON,2025-05-22,3.25,,,3.25,600.0,2026-04-08T04:27:30.733393+00:00
253850,MORISON,2025-05-23,3.25,,,3.25,0.0,2026-04-08T04:27:33.142895+00:00
253970,MORISON,2025-05-26,3.25,,,3.25,0.0,2026-04-08T04:27:37.938794+00:00
254090,MORISON,2025-05-27,3.25,,,3.25,0.0,2026-04-08T04:27:40.395447+00:00
254210,MORISON,2025-05-28,3.25,,,3.25,0.0,2026-04-08T04:27:42.906627+00:00
254330,MORISON,2025-05-29,3.25,,,3.25,0.0,2026-04-08T04:27:45.903166+00:00
254450,MORISON,2025-05-30,2.93,,,2.93,743968.0,2026-04-08T04:27:48.4452+00:00
254570,MORISON,2025-06-02,2.93,,,2.93,0.0,2026-04-08T04:27:53.01382+00:00
254690,MORISON,2025-06-03,2.93,,,2.93,1250.0,2026-04-08T04:27:55.368454+00:00
254810,MORISON,2025-06-04,2.93,,,2.93,500.0,2026-04-08T04:27:57.94541+00:00
254930,MORISON,2025-06-05,3.22,,,3.22,120000.0,2026-04-08T04:28:00.320696+00:00
255050,MORISON,2025-06-10,3.22,,,3.22,308.0,2026-04-08T04:28:07.114795+00:00
255170,MORISON,2025-06-11,3.22,,,3.22,0.0,2026-04-08T04:28:09.38594+00:00
255290,MORISON,2025-06-17,3.22,,,3.22,656.0,2026-04-08T04:28:17.228975+00:00
255410,MORISON,2025-06-18,3.22,,,3.22,333.0,2026-04-08T04:28:19.70912+00:00
255530,MORISON,2025-06-19,3.22,,,3.22,1874.0,2026-04-08T04:28:22.276816+00:00
255650,MORISON,2025-06-20,3.22,,,3.22,16516.0,2026-04-08T04:28:24.65394+00:00
255770,MORISON,2025-06-23,3.22,,,3.22,24000.0,2026-04-08T04:28:29.225711+00:00
255890,MORISON,2025-06-24,3.22,,,3.22,11000.0,2026-04-08T04:28:31.569579+00:00
256010,MORISON,2025-06-25,3.22,,,3.22,1950.0,2026-04-08T04:28:33.910697+00:00
256130,MORISON,2025-06-26,3.22,,,3.22,2630.0,2026-04-08T04:28:36.389223+00:00
256250,MORISON,2025-06-27,3.22,,,3.22,20453.0,2026-04-08T04:28:38.797599+00:00
256370,MORISON,2025-07-01,3.22,,,3.22,4345.0,2026-04-08T04:28:44.517216+00:00
256490,MORISON,2025-07-02,3.22,,,3.22,0.0,2026-04-08T04:28:47.139962+00:00
256610,MORISON,2025-07-03,3.22,,,3.22,0.0,2026-04-08T04:28:49.506141+00:00
256730,MORISON,2025-07-04,3.22,,,3.22,0.0,2026-04-08T04:28:51.76506+00:00
256850,MORISON,2025-07-07,3.22,,,3.22,0.0,2026-04-08T04:28:56.230166+00:00
256970,MORISON,2025-07-08,3.22,,,3.22,0.0,2026-04-08T04:28:58.705995+00:00
257090,MORISON,2025-07-09,3.22,,,3.22,0.0,2026-04-08T04:29:01.058721+00:00
257210,MORISON,2025-07-10,3.22,,,3.22,7999.0,2026-04-08T04:29:03.550316+00:00
257330,MORISON,2025-07-11,3.22,,,3.22,200.0,2026-04-08T04:29:06.089999+00:00
257450,MORISON,2025-07-14,3.22,,,3.22,2650.0,2026-04-08T04:29:10.69196+00:00
257570,MORISON,2025-07-16,3.22,,,3.22,2650.0,2026-04-08T04:29:14.112969+00:00
257690,MORISON,2025-07-17,3.22,,,3.22,46.0,2026-04-08T04:29:16.489777+00:00
257810,MORISON,2025-07-18,3.22,,,3.22,2000.0,2026-04-08T04:29:18.854517+00:00
257930,MORISON,2025-07-21,3.22,,,3.22,170.0,2026-04-08T04:29:23.300994+00:00
258050,MORISON,2025-07-22,3.22,,,3.22,0.0,2026-04-08T04:29:25.922592+00:00
258170,MORISON,2025-07-23,3.22,,,3.22,0.0,2026-04-08T04:29:29.05968+00:00
258290,MORISON,2025-07-24,3.22,,,3.22,100.0,2026-04-08T04:29:31.486978+00:00
258410,MORISON,2025-07-25,3.22,,,3.22,300.0,2026-04-08T04:29:33.980938+00:00
258530,MORISON,2025-07-28,3.22,,,3.22,0.0,2026-04-08T04:29:38.78621+00:00
258649,MORISON,2025-07-29,3.22,,,3.22,0.0,2026-04-08T04:29:41.392621+00:00
258768,MORISON,2025-07-30,3.22,,,3.22,0.0,2026-04-08T04:29:43.881641+00:00
258887,MORISON,2025-07-31,3.22,,,3.22,0.0,2026-04-08T04:29:46.315218+00:00
259006,MORISON,2025-08-01,3.22,,,3.22,0.0,2026-04-08T04:29:48.711654+00:00
259124,MORISON,2025-08-04,3.22,,,3.22,0.0,2026-04-08T04:29:53.303607+00:00
259243,MORISON,2025-08-05,3.22,,,3.22,0.0,2026-04-08T04:29:55.780422+00:00
259362,MORISON,2025-08-06,3.22,,,3.22,2.0,2026-04-08T04:29:58.241852+00:00
259481,MORISON,2025-08-07,3.22,,,3.22,0.0,2026-04-08T04:30:00.56444+00:00
259600,MORISON,2025-08-08,3.22,,,3.22,4755.0,2026-04-08T04:30:02.234883+00:00
259719,MORISON,2025-08-11,3.22,,,3.22,11790.0,2026-04-08T04:30:07.037349+00:00
259838,MORISON,2025-08-12,3.22,,,3.22,200.0,2026-04-08T04:30:09.28323+00:00
259957,MORISON,2025-08-13,3.22,,,3.22,0.0,2026-04-08T04:30:11.815521+00:00
260076,MORISON,2025-08-14,3.22,,,3.22,0.0,2026-04-08T04:30:14.350221+00:00
260195,MORISON,2025-08-15,3.22,,,3.22,3333.0,2026-04-08T04:30:16.786076+00:00
260314,MORISON,2025-08-18,3.22,,,3.22,1001.0,2026-04-08T04:30:21.560319+00:00
260433,MORISON,2025-08-19,3.22,,,3.22,40893.0,2026-04-08T04:30:23.869462+00:00
260552,MORISON,2025-08-20,3.22,,,3.22,0.0,2026-04-08T04:30:26.318672+00:00
260671,MORISON,2025-08-21,3.22,,,3.22,120849.0,2026-04-08T04:30:28.670378+00:00
260790,MORISON,2025-08-22,3.22,,,3.22,0.0,2026-04-08T04:30:30.96965+00:00
260909,MORISON,2025-08-25,3.22,,,3.22,3105.0,2026-04-08T04:30:35.521871+00:00
261028,MORISON,2025-08-26,3.22,,,3.22,3000.0,2026-04-08T04:30:37.91594+00:00
261147,MORISON,2025-08-27,3.22,,,3.22,16000.0,2026-04-08T04:30:40.231113+00:00
261266,MORISON,2025-08-28,3.22,,,3.22,7249.0,2026-04-08T04:30:42.59826+00:00
261385,MORISON,2025-08-29,3.22,,,3.22,2000.0,2026-04-08T04:30:45.09102+00:00
261504,MORISON,2025-09-01,3.22,,,3.22,0.0,2026-04-08T04:30:49.608802+00:00
261623,MORISON,2025-09-02,3.22,,,3.22,10000.0,2026-04-08T04:30:52.312491+00:00
261742,MORISON,2025-09-03,3.22,,,3.22,0.0,2026-04-08T04:30:55.837007+00:00
261861,MORISON,2025-09-04,3.22,,,3.22,38100.0,2026-04-08T04:30:58.198935+00:00
261980,MORISON,2025-09-08,3.22,,,3.22,19837.0,2026-04-08T04:31:03.728068+00:00
262099,MORISON,2025-09-09,3.22,,,3.22,526.0,2026-04-08T04:31:06.294869+00:00
262218,MORISON,2025-09-10,3.22,,,3.22,33864.0,2026-04-08T04:31:08.610575+00:00
262337,MORISON,2025-09-11,3.22,,,3.22,10024.0,2026-04-08T04:31:10.974873+00:00
262456,MORISON,2025-09-12,3.22,,,3.22,0.0,2026-04-08T04:31:13.547359+00:00
262575,MORISON,2025-09-15,3.22,,,3.22,36228.0,2026-04-08T04:31:18.268622+00:00
262694,MORISON,2025-09-16,3.22,,,3.22,32630.0,2026-04-08T04:31:20.741189+00:00
262813,MORISON,2025-09-17,3.22,,,3.22,1000.0,2026-04-08T04:31:23.24235+00:00
262932,MORISON,2025-09-18,3.22,,,3.22,5.0,2026-04-08T04:31:25.598019+00:00
263051,MORISON,2025-09-19,3.22,,,3.22,0.0,2026-04-08T04:31:28.111008+00:00
263170,MORISON,2025-09-22,3.22,,,3.22,0.0,2026-04-08T04:31:32.624882+00:00
263289,MORISON,2025-09-23,3.22,,,3.22,180.0,2026-04-08T04:31:35.170326+00:00
263408,MORISON,2025-09-24,3.22,,,3.22,5996.0,2026-04-08T04:31:37.673105+00:00
263527,MORISON,2025-09-25,3.22,,,3.22,0.0,2026-04-08T04:31:40.100841+00:00
263646,MORISON,2025-09-26,3.22,,,3.22,63.0,2026-04-08T04:31:42.548783+00:00
263765,MORISON,2025-09-29,3.22,,,3.22,0.0,2026-04-08T04:31:47.029675+00:00
263884,MORISON,2025-09-30,3.22,,,3.22,6037.0,2026-04-08T04:31:49.320364+00:00
264003,MORISON,2025-10-02,3.22,,,3.22,4000.0,2026-04-08T04:31:52.706523+00:00
264122,MORISON,2025-10-03,3.22,,,3.22,0.0,2026-04-08T04:31:55.311341+00:00
264241,MORISON,2025-10-06,3.22,,,3.22,1060.0,2026-04-08T04:31:59.803196+00:00
264360,MORISON,2025-10-07,3.22,,,3.22,79333.0,2026-04-08T04:32:02.285104+00:00
264479,MORISON,2025-10-08,3.22,,,3.22,3164.0,2026-04-08T04:32:04.646463+00:00
264598,MORISON,2025-10-09,3.22,,,3.22,950.0,2026-04-08T04:32:07.004133+00:00
264717,MORISON,2025-10-10,3.22,,,3.22,0.0,2026-04-08T04:32:10.69692+00:00
264836,MORISON,2025-10-13,3.22,,,3.22,6786.0,2026-04-08T04:32:15.267586+00:00
264955,MORISON,2025-10-14,3.22,,,3.22,0.0,2026-04-08T04:32:17.792097+00:00
265074,MORISON,2025-10-15,3.22,,,3.22,0.0,2026-04-08T04:32:20.093513+00:00
265193,MORISON,2025-10-16,3.22,,,3.22,152600.0,2026-04-08T04:32:22.728593+00:00
265312,MORISON,2025-10-17,3.22,,,3.22,7910.0,2026-04-08T04:32:25.167177+00:00
265431,MORISON,2025-10-20,3.22,,,3.22,7843.0,2026-04-08T04:32:29.532096+00:00
265550,MORISON,2025-10-21,3.22,,,3.22,500.0,2026-04-08T04:32:31.920152+00:00
265669,MORISON,2025-10-22,3.22,,,3.22,0.0,2026-04-08T04:32:34.332447+00:00
265788,MORISON,2025-10-23,3.22,,,3.22,0.0,2026-04-08T04:32:36.79914+00:00
265907,MORISON,2025-10-24,3.22,,,3.22,0.0,2026-04-08T04:32:39.249323+00:00
266026,MORISON,2025-10-28,3.22,,,3.22,0.0,2026-04-08T04:32:44.921336+00:00
266145,MORISON,2025-10-29,3.22,,,3.22,0.0,2026-04-08T04:32:47.450266+00:00
266264,MORISON,2025-10-30,3.22,,,3.22,5000.0,2026-04-08T04:32:49.91761+00:00
266383,MORISON,2025-10-31,3.22,,,3.22,0.0,2026-04-08T04:32:52.375955+00:00
266502,MORISON,2025-11-03,3.22,,,3.22,700.0,2026-04-08T04:32:57.290654+00:00
266621,MORISON,2025-11-04,3.22,,,3.22,0.0,2026-04-08T04:32:59.739678+00:00
266740,MORISON,2025-11-05,3.22,,,3.22,0.0,2026-04-08T04:33:02.152799+00:00
266859,MORISON,2025-11-06,3.22,,,3.22,8499.0,2026-04-08T04:33:04.646202+00:00
266978,MORISON,2025-11-07,3.22,,,3.22,10.0,2026-04-08T04:33:07.145499+00:00
267097,MORISON,2025-11-10,3.22,,,3.22,1806.0,2026-04-08T04:33:11.744122+00:00
267216,MORISON,2025-11-11,3.22,,,3.22,14290.0,2026-04-08T04:33:14.17228+00:00
267335,MORISON,2025-11-12,3.22,,,3.22,0.0,2026-04-08T04:33:16.719178+00:00
267454,MORISON,2025-11-13,3.22,,,3.22,0.0,2026-04-08T04:33:19.052814+00:00
267573,MORISON,2025-11-14,3.22,,,3.22,0.0,2026-04-08T04:33:21.762061+00:00
267692,MORISON,2025-11-17,3.22,,,3.22,21313.0,2026-04-08T04:33:26.271116+00:00
267811,MORISON,2025-11-18,3.22,,,3.22,81993.0,2026-04-08T04:33:29.067053+00:00
267930,MORISON,2025-11-19,3.22,,,3.22,27389.0,2026-04-08T04:33:31.487527+00:00
268049,MORISON,2025-11-20,3.22,,,3.22,24033.0,2026-04-08T04:33:33.887172+00:00
268168,MORISON,2025-11-21,3.22,,,3.22,500.0,2026-04-08T04:33:36.654129+00:00
268287,MORISON,2025-11-24,3.22,,,3.22,11110.0,2026-04-08T04:33:41.368891+00:00
268406,MORISON,2025-11-25,3.22,,,3.22,56554.0,2026-04-08T04:33:44.004166+00:00
268525,MORISON,2025-11-26,3.22,,,3.22,26010.0,2026-04-08T04:33:46.260048+00:00
268644,MORISON,2025-11-27,3.22,,,3.22,500.0,2026-04-08T04:33:48.488035+00:00
268763,MORISON,2025-11-28,3.22,,,3.22,88922.0,2026-04-08T04:33:50.826192+00:00
268882,MORISON,2025-12-01,3.22,,,3.22,14943.0,2026-04-08T04:33:55.236541+00:00
269001,MORISON,2025-12-02,3.22,,,3.22,1103.0,2026-04-08T04:33:57.748335+00:00
269120,MORISON,2025-12-03,3.22,,,3.22,110655.0,2026-04-08T04:34:00.349419+00:00
269239,MORISON,2025-12-04,3.54,,,3.54,493853.0,2026-04-08T04:34:03.142475+00:00
269358,MORISON,2025-12-05,3.54,,,3.54,187040.0,2026-04-08T04:34:05.808951+00:00
269477,MORISON,2025-12-08,3.89,,,3.89,107000.0,2026-04-08T04:34:10.334331+00:00
269596,MORISON,2025-12-09,3.89,,,3.89,122750.0,2026-04-08T04:34:12.926221+00:00
269715,MORISON,2025-12-10,3.89,,,3.89,2.0,2026-04-08T04:34:15.295879+00:00
269834,MORISON,2025-12-11,4.27,,,4.27,154464.0,2026-04-08T04:34:17.804745+00:00
269953,MORISON,2025-12-12,4.69,,,4.69,171000.0,2026-04-08T04:34:20.615101+00:00
270072,MORISON,2025-12-15,4.69,,,4.69,141750.0,2026-04-08T04:34:25.240467+00:00
270191,MORISON,2025-12-16,4.69,,,4.69,15820.0,2026-04-08T04:34:27.867795+00:00
270310,MORISON,2025-12-18,4.69,,,4.69,64756.0,2026-04-08T04:34:31.321522+00:00
270429,MORISON,2025-12-19,4.69,,,4.69,0.0,2026-04-08T04:34:33.771022+00:00
270548,MORISON,2025-12-22,4.69,,,4.69,199.0,2026-04-08T04:34:38.115277+00:00
270667,MORISON,2025-12-23,4.69,,,4.69,549.0,2026-04-08T04:34:40.661369+00:00
270786,MORISON,2025-12-24,4.69,,,4.69,0.0,2026-04-08T04:34:43.221402+00:00
270905,MORISON,2025-12-29,5.15,,,5.15,120000.0,2026-04-08T04:34:48.902152+00:00
271024,MORISON,2025-12-30,5.15,,,5.15,66720.0,2026-04-08T04:34:51.359097+00:00
271143,MORISON,2025-12-31,5.15,,,5.15,2100.0,2026-04-08T04:34:53.061316+00:00
271262,MORISON,2026-01-02,5.15,,,5.15,0.0,2026-04-08T04:34:56.467348+00:00
271381,MORISON,2026-01-05,5.15,,,5.15,46204.0,2026-04-08T04:35:01.008466+00:00
271500,MORISON,2026-01-06,5.15,,,5.15,7015.0,2026-04-08T04:35:03.366972+00:00
271619,MORISON,2026-01-07,5.15,,,5.15,680.0,2026-04-08T04:35:05.819661+00:00
271738,MORISON,2026-01-08,5.15,,,5.15,500.0,2026-04-08T04:35:08.163488+00:00
271857,MORISON,2026-01-09,5.15,,,5.15,100.0,2026-04-08T04:35:10.591402+00:00
271976,MORISON,2026-01-12,5.15,,,5.15,0.0,2026-04-08T04:35:15.220756+00:00
272095,MORISON,2026-01-13,5.15,,,5.15,0.0,2026-04-08T04:35:17.864544+00:00
272214,MORISON,2026-01-14,5.15,,,5.15,650.0,2026-04-08T04:35:20.278959+00:00
272333,MORISON,2026-01-15,5.66,,,5.66,748822.0,2026-04-08T04:35:23.159853+00:00
272452,MORISON,2026-01-16,5.66,,,5.66,1900.0,2026-04-08T04:35:25.571119+00:00
272571,MORISON,2026-01-19,6.22,,,6.22,113394.0,2026-04-08T04:35:30.272746+00:00
272690,MORISON,2026-01-20,6.84,,,6.84,101331.0,2026-04-08T04:35:32.536083+00:00
272810,MORISON,2026-01-21,6.84,,,6.84,7659.0,2026-04-08T04:35:34.90344+00:00
272930,MORISON,2026-01-22,6.84,,,6.84,1043.0,2026-04-08T04:35:36.566163+00:00
273050,MORISON,2026-01-23,7.52,,,7.52,204821.0,2026-04-08T04:35:38.92405+00:00
273170,MORISON,2026-01-26,8.27,,,8.27,104748.0,2026-04-08T04:35:43.383975+00:00
273290,MORISON,2026-01-27,9.09,,,9.09,116000.0,2026-04-08T04:35:45.70946+00:00
273410,MORISON,2026-01-28,9.99,,,9.99,374500.0,2026-04-08T04:35:48.193808+00:00
273530,MORISON,2026-01-29,9.99,,,9.99,325771.0,2026-04-08T04:35:50.479528+00:00
273650,MORISON,2026-01-30,9.99,,,9.99,10486.0,2026-04-08T04:35:52.855058+00:00
273770,MORISON,2026-02-02,10.98,,,10.98,150535.0,2026-04-08T04:35:57.524813+00:00
273890,MORISON,2026-02-03,12.07,,,12.07,547576.0,2026-04-08T04:36:00.137559+00:00
274010,MORISON,2026-02-04,12.07,,,12.07,835800.0,2026-04-08T04:36:02.592569+00:00
274130,MORISON,2026-02-05,12.07,,,12.07,214746.0,2026-04-08T04:36:04.997535+00:00
274250,MORISON,2026-02-06,12.07,,,12.07,50053.0,2026-04-08T04:36:07.533957+00:00
123,MORISON,2026-02-08,,,,12.07,50053.0,2026-02-08T00:18:13.946+00:00
274370,MORISON,2026-02-09,12.07,,,12.07,180972.0,2026-04-08T04:36:12.456447+00:00
274490,MORISON,2026-02-10,12.07,,,12.07,49221.0,2026-04-08T04:36:14.818506+00:00
274610,MORISON,2026-02-11,12.07,,,12.07,305105.0,2026-04-08T04:36:17.460702+00:00
256,MORISON,2026-02-12,12.07,,,12.07,168654.0,2026-02-12T09:24:00.097729+00:00
274850,MORISON,2026-02-13,12.07,,,12.07,129146.0,2026-04-08T04:36:22.38356+00:00
274970,MORISON,2026-02-16,12.07,,,12.07,87641.0,2026-04-08T04:36:26.879081+00:00
275090,MORISON,2026-02-17,12.07,,,12.07,41686.0,2026-04-08T04:36:29.440312+00:00
275210,MORISON,2026-02-18,12.07,,,12.07,34567.0,2026-04-08T04:36:31.166521+00:00
275330,MORISON,2026-02-19,12.07,,,12.07,50518.0,2026-04-08T04:36:33.575564+00:00
575,MORISON,2026-02-20,12.07,,,12.07,16773.0,2026-02-20T23:15:44.934622+00:00
723,MORISON,2026-02-23,12.07,,,12.07,50002.0,2026-02-23T07:00:01.990412+00:00
871,MORISON,2026-02-24,12.07,,,12.07,36721.0,2026-02-24T07:00:01.929914+00:00
1019,MORISON,2026-02-25,12.07,,,12.07,271218.0,2026-02-25T07:00:01.953057+00:00
1167,MORISON,2026-02-26,12.07,,,12.07,91688.0,2026-02-26T07:00:01.915173+00:00
1855,MORISON,2026-02-27,12.07,,,12.07,137688.0,2026-02-27T07:00:02.056517+00:00
2736,MORISON,2026-02-28,12.07,,,12.07,137688.0,2026-02-28T18:00:03.453641+00:00
2884,MORISON,2026-03-01,12.07,,,12.07,137688.0,2026-03-01T18:00:03.821122+00:00
3032,MORISON,2026-03-02,12.07,,,12.07,7790.0,2026-03-02T07:00:01.981706+00:00
3996,MORISON,2026-03-03,12.07,,,12.07,17215.0,2026-03-03T07:00:01.858909+00:00
5433,MORISON,2026-03-04,12.07,,,12.07,174537.0,2026-03-04T07:00:02.010027+00:00
7151,MORISON,2026-03-05,12.07,,,12.07,52141.0,2026-03-05T07:00:02.0033+00:00
9667,MORISON,2026-03-06,12.07,,,12.07,10265.0,2026-03-06T07:00:02.033178+00:00
11325,MORISON,2026-03-07,12.07,,,12.07,10265.0,2026-03-07T18:00:06.285951+00:00
11473,MORISON,2026-03-08,12.07,,,12.07,10265.0,2026-03-08T18:00:03.574352+00:00
11621,MORISON,2026-03-09,12.07,,,12.07,17647.0,2026-03-09T07:00:02.016534+00:00
14137,MORISON,2026-03-10,12.07,,,12.07,70198.0,2026-03-10T07:00:03.966079+00:00
15977,MORISON,2026-03-11,10.87,,,10.87,859436.0,2026-03-11T07:00:02.147117+00:00
17693,MORISON,2026-03-12,10.87,,,10.87,126556.0,2026-03-12T07:00:02.06753+00:00
20209,MORISON,2026-03-13,10.87,,,10.87,9325.0,2026-03-13T07:00:01.993197+00:00
23655,MORISON,2026-03-16,10.87,,,10.87,111862.0,2026-03-16T08:30:01.80086+00:00
25486,MORISON,2026-03-17,10.87,,,10.87,37701.0,2026-03-17T08:30:01.70448+00:00
27349,MORISON,2026-03-18,10.87,,,10.87,230746.0,2026-03-18T08:30:01.732403+00:00
33163,MORISON,2026-03-23,11.8,,,11.8,1343363.0,2026-03-23T08:30:01.705825+00:00
34741,MORISON,2026-03-24,11.8,,,11.8,31065.0,2026-03-24T15:00:01.978259+00:00
34889,MORISON,2026-03-25,11.8,,,11.8,21762.0,2026-03-25T15:00:01.528164+00:00
35037,MORISON,2026-03-26,11.8,,,11.8,79995.0,2026-03-26T15:00:01.955832+00:00
35185,MORISON,2026-03-27,11.8,,,11.8,44257.0,2026-03-27T15:00:02.114662+00:00
278210,MORISON,2026-03-30,11.8,,,11.8,3054.0,2026-04-08T04:37:47.74327+00:00
35333,MORISON,2026-03-31,11.8,,,11.8,25599.0,2026-03-31T15:00:02.085058+00:00
278450,MORISON,2026-04-01,11.8,,,11.8,18624.0,2026-04-08T04:37:52.684906+00:00
35481,MORISON,2026-04-02,11.8,,,11.8,27950.0,2026-04-02T15:00:01.864809+00:00
35925,MORISON,2026-04-07,11.8,,,11.8,5854.0,2026-04-07T15:00:01.949344+00:00
278822,MORISON,2026-04-08,11.8,,,11.8,2496.0,2026-04-08T15:00:01.943007+00:00
278969,MORISON,2026-04-09,11.8,,,11.8,16730.0,2026-04-09T15:00:02.085141+00:00
279115,MORISON,2026-04-10,11.79,,,11.79,2116734.0,2026-04-10T15:00:01.352272+00:00
279261,MORISON,2026-04-13,11.79,,,11.79,34183.0,2026-04-13T15:00:02.021173+00:00
279407,MORISON,2026-04-14,11.79,,,11.79,1630.0,2026-04-14T15:00:02.477878+00:00
279553,MORISON,2026-04-15,11.79,,,11.79,142655.0,2026-04-15T15:00:02.184222+00:00
279699,MORISON,2026-04-16,11.79,,,11.79,33415.0,2026-04-16T15:00:02.07143+00:00
279845,MORISON,2026-04-17,11.79,,,11.79,30198.0,2026-04-17T15:00:02.06245+00:00
279991,MORISON,2026-04-20,11.79,,,11.79,15219.0,2026-04-20T15:00:01.862344+00:00
280137,MORISON,2026-04-21,11.79,,,11.79,44615.0,2026-04-21T15:00:02.189846+00:00
280283,MORISON,2026-04-22,11.79,,,11.79,3372.0,2026-04-22T15:00:02.200159+00:00
280429,MORISON,2026-04-23,11.79,,,11.79,20570.0,2026-04-23T15:00:02.125151+00:00
280575,MORISON,2026-04-24,11.79,,,11.79,28250.0,2026-04-24T15:00:02.20649+00:00
280721,MORISON,2026-04-27,11.79,,,11.79,12425.0,2026-04-27T15:00:02.034997+00:00
280867,MORISON,2026-04-28,11.79,,,11.79,11946.0,2026-04-28T15:00:01.918241+00:00
281013,MORISON,2026-04-29,11.79,,,11.79,406.0,2026-04-29T15:00:02.672724+00:00
281159,MORISON,2026-04-30,10.62,,,10.62,86450.0,2026-04-30T15:00:02.170664+00:00
281451,MORISON,2026-05-04,10.62,,,10.62,34680.0,2026-05-04T15:00:02.156928+00:00
281597,MORISON,2026-05-05,10.62,,,10.62,260889.0,2026-05-05T15:00:01.930748+00:00
281743,MORISON,2026-05-06,10.62,,,10.62,153916.0,2026-05-06T15:00:01.919787+00:00
281889,MORISON,2026-05-07,10.62,,,10.62,63454.0,2026-05-07T15:00:01.995523+00:00
282035,MORISON,2026-05-08,10.62,,,10.62,29367.0,2026-05-08T15:00:02.118161+00:00
282181,MORISON,2026-05-11,10.62,,,10.62,10789.0,2026-05-11T15:00:02.243132+00:00
282327,MORISON,2026-05-12,10.62,,,10.62,44951.0,2026-05-12T15:00:02.325735+00:00
282473,MORISON,2026-05-13,10.62,,,10.62,38149.0,2026-05-13T15:00:01.887561+00:00
282619,MORISON,2026-05-14,10.62,,,10.62,31853.0,2026-05-14T15:00:01.952989+00:00
282765,MORISON,2026-05-15,10.62,,,10.62,89041.0,2026-05-15T15:00:01.871578+00:00
282911,MORISON,2026-05-18,10.62,,,10.62,66060.0,2026-05-18T15:00:01.868607+00:00
283057,MORISON,2026-05-19,10.62,,,10.62,120260.0,2026-05-19T15:00:01.863653+00:00
283203,MORISON,2026-05-20,10.62,,,10.62,36725.0,2026-05-20T15:00:01.871845+00:00
283349,MORISON,2026-05-21,10.62,,,10.62,36055.0,2026-05-21T15:00:01.939198+00:00
283495,MORISON,2026-05-22,10.62,,,10.62,18643.0,2026-05-22T15:00:02.031345+00:00
283641,MORISON,2026-05-25,10.62,,,10.62,63280.0,2026-05-25T15:00:01.979384+00:00
283787,MORISON,2026-05-26,10.62,,,10.62,7583.0,2026-05-26T15:00:01.996051+00:00
284225,MORISON,2026-05-29,10.62,,,10.62,16518.0,2026-05-29T15:00:02.455558+00:00
284371,MORISON,2026-06-01,10.62,,,10.62,8092.0,2026-06-01T15:00:02.603507+00:00
284517,MORISON,2026-06-02,10.62,,,10.62,60785.0,2026-06-02T15:00:02.980523+00:00
284663,MORISON,2026-06-03,10.62,,,10.62,30406.0,2026-06-03T15:00:03.023028+00:00
284809,MORISON,2026-06-04,10.62,,,10.62,37950.0,2026-06-04T15:00:03.321931+00:00
284955,MORISON,2026-06-05,10.62,,,10.62,2392.0,2026-06-05T15:00:03.073061+00:00
285101,MORISON,2026-06-08,10.6,,,10.6,66460.0,2026-06-08T15:00:03.135386+00:00
285247,MORISON,2026-06-09,10.6,,,10.6,17040.0,2026-06-09T15:00:03.53749+00:00
285393,MORISON,2026-06-10,10.6,,,10.6,20755.0,2026-06-10T15:10:03.084397+00:00
285831,MORISON,2026-06-11,10.6,,,10.6,40377.0,2026-06-11T15:10:02.991492+00:00
287583,MORISON,2026-06-15,10.6,,,10.6,12126.0,2026-06-15T15:10:02.896252+00:00
288459,MORISON,2026-06-16,10.6,,,10.6,3477.0,2026-06-16T15:10:02.87997+00:00
289335,MORISON,2026-06-17,10.6,,,10.6,24424.0,2026-06-17T15:10:02.980097+00:00
289773,MORISON,2026-06-18,10.6,,,10.6,3217.0,2026-06-18T15:10:02.932064+00:00
290357,MORISON,2026-06-19,10.6,,,10.6,,2026-06-19T15:10:02.959085+00:00
291087,MORISON,2026-06-22,10.6,,,10.6,2752.0,2026-06-22T15:10:03.140564+00:00
291671,MORISON,2026-06-23,10.6,,,10.6,2724.0,2026-06-23T15:10:03.017319+00:00
292255,MORISON,2026-06-24,10.6,,,10.6,6232.0,2026-06-24T15:10:03.053149+00:00
292839,MORISON,2026-06-25,10.6,,,10.6,777.0,2026-06-25T15:10:02.973562+00:00
293277,MORISON,2026-06-26,10.6,,,10.6,2315.0,2026-06-26T15:10:03.012808+00:00
293715,MORISON,2026-06-29,10.6,,,10.6,1580.0,2026-06-29T15:10:03.028054+00:00
294153,MORISON,2026-06-30,10.4,,,10.4,79163586.0,2026-06-30T15:10:03.08168+00:00
294591,MORISON,2026-07-01,10.4,,,10.4,3831.0,2026-07-01T15:10:03.133226+00:00
295029,MORISON,2026-07-02,10.4,,,10.4,8540.0,2026-07-02T15:10:03.065554+00:00
295467,MORISON,2026-07-03,10.4,,,10.4,720.0,2026-07-03T15:10:03.019266+00:00
295905,MORISON,2026-07-06,10.4,,,10.4,11924.0,2026-07-06T15:10:03.100823+00:00
296343,MORISON,2026-07-07,10.4,,,10.4,10760.0,2026-07-07T15:10:03.687653+00:00
296781,MORISON,2026-07-08,10.4,,,10.4,23519.0,2026-07-08T15:10:02.922872+00:00
297220,MORISON,2026-07-09,10.4,,,10.4,1070.0,2026-07-09T15:10:03.041812+00:00
297658,MORISON,2026-07-10,10.4,,,10.4,15774.0,2026-07-10T15:10:03.284445+00:00
298096,MORISON,2026-07-13,10.4,,,10.4,2082.0,2026-07-13T15:10:02.995074+00:00
298534,MORISON,2026-07-14,10.4,,,10.4,2040.0,2026-07-14T15:10:03.094441+00:00
298972,MORISON,2026-07-15,10.4,,,10.4,27032.0,2026-07-15T15:10:03.078609+00:00
299410,MORISON,2026-07-16,10.4,,,10.4,15.0,2026-07-16T15:10:03.113936+00:00
299848,MORISON,2026-07-17,10.4,,,10.4,4200.0,2026-07-17T15:10:03.053983+00:00
