id,symbol,trade_date,open_price,high_price,low_price,close_price,volume,created_at
42847,MULTIVERSE,2017-01-03,0.5,,,0.5,0,2026-04-08T02:41:25.765521+00:00
43407,MULTIVERSE,2017-01-04,0.5,,,0.5,0,2026-04-08T02:42:20.164398+00:00
43517,MULTIVERSE,2017-01-05,0.5,,,0.5,0,2026-04-08T02:42:22.380516+00:00
43627,MULTIVERSE,2017-01-06,0.5,,,0.5,5000,2026-04-08T02:42:23.84796+00:00
43717,MULTIVERSE,2017-01-09,0.5,,,0.5,0,2026-04-08T02:42:26.938159+00:00
43827,MULTIVERSE,2017-01-10,0.5,,,0.5,0,2026-04-08T02:42:29.227202+00:00
43937,MULTIVERSE,2017-01-11,0.5,,,0.5,0,2026-04-08T02:42:30.799441+00:00
44027,MULTIVERSE,2017-01-12,0.5,,,0.5,100,2026-04-08T02:42:32.390658+00:00
44157,MULTIVERSE,2017-01-13,0.5,,,0.5,0,2026-04-08T02:42:34.853543+00:00
44247,MULTIVERSE,2017-01-16,0.5,,,0.5,340,2026-04-08T02:42:38.72803+00:00
44357,MULTIVERSE,2017-01-17,0.5,,,0.5,0,2026-04-08T02:42:41.056228+00:00
44467,MULTIVERSE,2017-01-18,0.5,,,0.5,0,2026-04-08T02:42:42.795307+00:00
44557,MULTIVERSE,2017-01-19,0.5,,,0.5,3124,2026-04-08T02:42:44.39781+00:00
44667,MULTIVERSE,2017-01-20,0.5,,,0.5,0,2026-04-08T02:42:46.643743+00:00
44777,MULTIVERSE,2017-01-23,0.5,,,0.5,0,2026-04-08T02:42:49.827664+00:00
44887,MULTIVERSE,2017-01-24,0.5,,,0.5,0,2026-04-08T02:42:51.574002+00:00
44977,MULTIVERSE,2017-01-25,0.5,,,0.5,0,2026-04-08T02:42:54.05787+00:00
45087,MULTIVERSE,2017-01-26,0.5,,,0.5,0,2026-04-08T02:42:55.759+00:00
45197,MULTIVERSE,2017-01-27,0.5,,,0.5,0,2026-04-08T02:42:57.462271+00:00
45307,MULTIVERSE,2017-01-30,0.5,,,0.5,0,2026-04-08T02:43:00.905282+00:00
45417,MULTIVERSE,2017-01-31,0.5,,,0.5,0,2026-04-08T02:43:03.07753+00:00
45527,MULTIVERSE,2017-02-01,0.5,,,0.5,0,2026-04-08T02:43:04.619173+00:00
45617,MULTIVERSE,2017-02-02,0.5,,,0.5,36,2026-04-08T02:43:06.209007+00:00
45727,MULTIVERSE,2017-02-03,0.5,,,0.5,0,2026-04-08T02:43:08.490666+00:00
45837,MULTIVERSE,2017-02-06,0.5,,,0.5,0,2026-04-08T02:43:11.037852+00:00
45947,MULTIVERSE,2017-02-07,0.5,,,0.5,0,2026-04-08T02:43:12.662822+00:00
46037,MULTIVERSE,2017-02-08,0.5,,,0.5,50,2026-04-08T02:43:14.224877+00:00
46148,MULTIVERSE,2017-02-09,0.5,,,0.5,0,2026-04-08T02:43:16.408746+00:00
46260,MULTIVERSE,2017-02-10,0.5,,,0.5,0,2026-04-08T02:43:18.597686+00:00
46352,MULTIVERSE,2017-02-13,0.5,,,0.5,0,2026-04-08T02:43:22.775561+00:00
46464,MULTIVERSE,2017-02-14,0.5,,,0.5,0,2026-04-08T02:43:24.286485+00:00
46576,MULTIVERSE,2017-02-15,0.5,,,0.5,0,2026-04-08T02:43:26.422065+00:00
46688,MULTIVERSE,2017-02-16,0.5,,,0.5,0,2026-04-08T02:43:28.597754+00:00
46780,MULTIVERSE,2017-02-17,0.5,,,0.5,0,2026-04-08T02:43:31.044717+00:00
49448,MULTIVERSE,2017-02-20,0.5,,,0.5,500,2026-04-08T02:51:00.639833+00:00
49540,MULTIVERSE,2017-02-21,0.5,,,0.5,0,2026-04-08T02:51:03.098475+00:00
46872,MULTIVERSE,2017-02-22,0.5,,,0.5,0,2026-04-08T02:44:33.152084+00:00
46964,MULTIVERSE,2017-02-23,0.5,,,0.5,0,2026-04-08T02:44:35.448225+00:00
47056,MULTIVERSE,2017-02-24,0.5,,,0.5,0,2026-04-08T02:44:37.781529+00:00
47148,MULTIVERSE,2017-02-27,0.5,,,0.5,0,2026-04-08T02:44:42.101817+00:00
47240,MULTIVERSE,2017-02-28,0.5,,,0.5,53500,2026-04-08T02:44:45.006295+00:00
47332,MULTIVERSE,2017-03-01,0.5,,,0.5,0,2026-04-08T02:44:47.332471+00:00
47424,MULTIVERSE,2017-03-02,0.5,,,0.5,0,2026-04-08T02:44:49.657807+00:00
47516,MULTIVERSE,2017-03-03,0.5,,,0.5,0,2026-04-08T02:44:51.301699+00:00
47608,MULTIVERSE,2017-03-06,0.5,,,0.5,262500,2026-04-08T02:44:56.024588+00:00
47700,MULTIVERSE,2017-03-07,0.5,,,0.5,500,2026-04-08T02:44:58.263872+00:00
47792,MULTIVERSE,2017-03-08,0.5,,,0.5,75000,2026-04-08T02:44:59.957789+00:00
47884,MULTIVERSE,2017-03-09,0.5,,,0.5,0,2026-04-08T02:45:01.661944+00:00
47976,MULTIVERSE,2017-03-10,0.5,,,0.5,1000,2026-04-08T02:45:03.96312+00:00
48068,MULTIVERSE,2017-03-13,0.5,,,0.5,0,2026-04-08T02:45:08.663664+00:00
48160,MULTIVERSE,2017-03-14,0.5,,,0.5,1000,2026-04-08T02:45:11.088473+00:00
48252,MULTIVERSE,2017-03-15,0.5,,,0.5,0,2026-04-08T02:45:12.861206+00:00
48344,MULTIVERSE,2017-03-16,0.5,,,0.5,0,2026-04-08T02:45:15.084197+00:00
48436,MULTIVERSE,2017-03-17,0.5,,,0.5,0,2026-04-08T02:45:17.543831+00:00
48528,MULTIVERSE,2017-03-20,0.5,,,0.5,0,2026-04-08T02:45:21.873889+00:00
48620,MULTIVERSE,2017-03-21,0.5,,,0.5,1020,2026-04-08T02:45:25.078347+00:00
48712,MULTIVERSE,2017-03-22,0.5,,,0.5,1030,2026-04-08T02:45:26.626215+00:00
48804,MULTIVERSE,2017-03-23,0.5,,,0.5,1110,2026-04-08T02:45:28.377346+00:00
48896,MULTIVERSE,2017-03-24,0.5,,,0.5,0,2026-04-08T02:45:30.775015+00:00
48988,MULTIVERSE,2017-03-27,0.5,,,0.5,1019,2026-04-08T02:45:34.704999+00:00
49080,MULTIVERSE,2017-03-28,0.5,,,0.5,0,2026-04-08T02:45:36.347457+00:00
49172,MULTIVERSE,2017-03-29,0.5,,,0.5,0,2026-04-08T02:45:38.731306+00:00
49264,MULTIVERSE,2017-03-30,0.5,,,0.5,0,2026-04-08T02:45:40.513553+00:00
49356,MULTIVERSE,2017-03-31,0.5,,,0.5,0,2026-04-08T02:45:42.281198+00:00
49632,MULTIVERSE,2017-04-03,0.5,,,0.5,0,2026-04-08T02:51:07.481095+00:00
49724,MULTIVERSE,2017-04-04,0.5,,,0.5,0,2026-04-08T02:51:09.86923+00:00
49816,MULTIVERSE,2017-04-05,0.5,,,0.5,0,2026-04-08T02:51:12.308135+00:00
49908,MULTIVERSE,2017-04-06,0.5,,,0.5,1201,2026-04-08T02:51:14.846493+00:00
50000,MULTIVERSE,2017-04-07,0.5,,,0.5,1170,2026-04-08T02:51:17.320635+00:00
50091,MULTIVERSE,2017-04-10,0.5,,,0.5,2000,2026-04-08T02:51:21.583607+00:00
50182,MULTIVERSE,2017-04-11,0.5,,,0.5,0,2026-04-08T02:51:23.796131+00:00
50273,MULTIVERSE,2017-04-12,0.5,,,0.5,100000,2026-04-08T02:51:26.28287+00:00
50364,MULTIVERSE,2017-04-13,0.5,,,0.5,0,2026-04-08T02:51:28.606475+00:00
50455,MULTIVERSE,2017-04-18,0.5,,,0.5,1002,2026-04-08T02:51:35.070654+00:00
50546,MULTIVERSE,2017-04-19,0.5,,,0.5,807,2026-04-08T02:51:37.390681+00:00
50637,MULTIVERSE,2017-04-20,0.5,,,0.5,1000,2026-04-08T02:51:39.751187+00:00
50728,MULTIVERSE,2017-04-21,0.5,,,0.5,205391,2026-04-08T02:51:42.059234+00:00
50819,MULTIVERSE,2017-04-24,0.5,,,0.5,1000,2026-04-08T02:51:46.271638+00:00
50910,MULTIVERSE,2017-04-25,0.5,,,0.5,2021,2026-04-08T02:51:48.506234+00:00
51001,MULTIVERSE,2017-04-26,0.5,,,0.5,896,2026-04-08T02:51:50.787758+00:00
51092,MULTIVERSE,2017-04-27,0.5,,,0.5,1020,2026-04-08T02:51:53.168104+00:00
51183,MULTIVERSE,2017-04-28,0.5,,,0.5,0,2026-04-08T02:51:55.619599+00:00
51274,MULTIVERSE,2017-05-02,0.5,,,0.5,0,2026-04-08T02:52:01.291461+00:00
51365,MULTIVERSE,2017-05-03,0.5,,,0.5,1372,2026-04-08T02:52:03.619408+00:00
51456,MULTIVERSE,2017-05-04,0.5,,,0.5,1000,2026-04-08T02:52:06.041901+00:00
51547,MULTIVERSE,2017-05-05,0.5,,,0.5,0,2026-04-08T02:52:08.320033+00:00
51638,MULTIVERSE,2017-05-08,0.5,,,0.5,0,2026-04-08T02:52:12.828428+00:00
51729,MULTIVERSE,2017-05-09,0.5,,,0.5,2691,2026-04-08T02:52:15.102333+00:00
51820,MULTIVERSE,2017-05-10,0.5,,,0.5,1000,2026-04-08T02:52:17.709352+00:00
51911,MULTIVERSE,2017-05-11,0.5,,,0.5,900,2026-04-08T02:52:19.900179+00:00
52002,MULTIVERSE,2017-05-12,0.5,,,0.5,2100,2026-04-08T02:52:22.170941+00:00
52094,MULTIVERSE,2017-05-15,0.5,,,0.5,0,2026-04-08T02:52:26.563035+00:00
52186,MULTIVERSE,2017-05-16,0.5,,,0.5,0,2026-04-08T02:52:28.807233+00:00
52278,MULTIVERSE,2017-05-17,0.5,,,0.5,1000,2026-04-08T02:52:31.099411+00:00
52370,MULTIVERSE,2017-05-18,0.5,,,0.5,2039,2026-04-08T02:52:33.303088+00:00
52462,MULTIVERSE,2017-05-19,0.5,,,0.5,1340,2026-04-08T02:52:35.640534+00:00
52554,MULTIVERSE,2017-05-22,0.5,,,0.5,1000,2026-04-08T02:52:39.854932+00:00
52646,MULTIVERSE,2017-05-23,0.5,,,0.5,1061,2026-04-08T02:52:42.264162+00:00
52738,MULTIVERSE,2017-05-24,0.5,,,0.5,200,2026-04-08T02:52:44.613941+00:00
52830,MULTIVERSE,2017-05-25,0.5,,,0.5,1700,2026-04-08T02:52:46.963191+00:00
52922,MULTIVERSE,2017-05-26,0.5,,,0.5,0,2026-04-08T02:52:49.347152+00:00
53014,MULTIVERSE,2017-05-30,0.5,,,0.5,0,2026-04-08T02:52:54.942696+00:00
53106,MULTIVERSE,2017-05-31,0.5,,,0.5,1020,2026-04-08T02:52:57.421655+00:00
53198,MULTIVERSE,2017-06-01,0.5,,,0.5,980,2026-04-08T02:52:59.649981+00:00
53290,MULTIVERSE,2017-06-02,0.5,,,0.5,500,2026-04-08T02:53:02.056444+00:00
53382,MULTIVERSE,2017-06-05,0.5,,,0.5,1000,2026-04-08T02:53:06.428901+00:00
53474,MULTIVERSE,2017-06-06,0.5,,,0.5,0,2026-04-08T02:53:08.604609+00:00
53566,MULTIVERSE,2017-06-07,0.5,,,0.5,1000,2026-04-08T02:53:10.833265+00:00
53658,MULTIVERSE,2017-06-08,0.5,,,0.5,7199,2026-04-08T02:53:13.196386+00:00
53750,MULTIVERSE,2017-06-09,0.5,,,0.5,1122,2026-04-08T02:53:15.53674+00:00
53842,MULTIVERSE,2017-06-12,0.5,,,0.5,2000,2026-04-08T02:53:19.709801+00:00
53934,MULTIVERSE,2017-06-13,0.5,,,0.5,0,2026-04-08T02:53:22.046011+00:00
54026,MULTIVERSE,2017-06-14,0.5,,,0.5,0,2026-04-08T02:53:24.253383+00:00
54118,MULTIVERSE,2017-06-15,0.5,,,0.5,1078,2026-04-08T02:53:26.527181+00:00
54210,MULTIVERSE,2017-06-16,0.5,,,0.5,8,2026-04-08T02:53:28.80273+00:00
54302,MULTIVERSE,2017-06-19,0.5,,,0.5,0,2026-04-08T02:53:33.036647+00:00
54394,MULTIVERSE,2017-06-20,0.5,,,0.5,0,2026-04-08T02:53:35.524675+00:00
54486,MULTIVERSE,2017-06-21,0.5,,,0.5,11100,2026-04-08T02:53:37.865913+00:00
54578,MULTIVERSE,2017-06-22,0.5,,,0.5,0,2026-04-08T02:53:40.094955+00:00
54670,MULTIVERSE,2017-06-23,0.5,,,0.5,0,2026-04-08T02:53:42.493578+00:00
54762,MULTIVERSE,2017-06-28,0.5,,,0.5,0,2026-04-08T02:53:49.135881+00:00
54854,MULTIVERSE,2017-06-29,0.5,,,0.5,0,2026-04-08T02:53:51.51214+00:00
54946,MULTIVERSE,2017-06-30,0.5,,,0.5,496000,2026-04-08T02:53:53.827964+00:00
55038,MULTIVERSE,2017-07-03,0.5,,,0.5,0,2026-04-08T02:53:58.279599+00:00
55130,MULTIVERSE,2017-07-04,0.5,,,0.5,1080,2026-04-08T02:54:00.563227+00:00
55222,MULTIVERSE,2017-07-05,0.5,,,0.5,0,2026-04-08T02:54:02.831513+00:00
55314,MULTIVERSE,2017-07-06,0.5,,,0.5,0,2026-04-08T02:54:05.078114+00:00
55406,MULTIVERSE,2017-07-07,0.5,,,0.5,1028,2026-04-08T02:54:07.286065+00:00
55498,MULTIVERSE,2017-07-10,0.5,,,0.5,1092,2026-04-08T02:54:11.798817+00:00
55590,MULTIVERSE,2017-07-11,0.5,,,0.5,2000,2026-04-08T02:54:14.116532+00:00
55677,MULTIVERSE,2017-07-12,0.5,,,0.5,0,2026-04-08T02:54:16.498015+00:00
55764,MULTIVERSE,2017-07-13,0.5,,,0.5,1000,2026-04-08T02:54:18.840036+00:00
55856,MULTIVERSE,2017-07-14,0.5,,,0.5,0,2026-04-08T02:54:21.336813+00:00
55948,MULTIVERSE,2017-07-17,0.5,,,0.5,1250,2026-04-08T02:54:25.561903+00:00
56040,MULTIVERSE,2017-07-18,0.5,,,0.5,1038,2026-04-08T02:54:28.120242+00:00
56132,MULTIVERSE,2017-07-19,0.5,,,0.5,0,2026-04-08T02:54:30.645734+00:00
56224,MULTIVERSE,2017-07-20,0.5,,,0.5,1062,2026-04-08T02:54:33.025266+00:00
56316,MULTIVERSE,2017-07-21,0.5,,,0.5,1043,2026-04-08T02:54:35.480817+00:00
56408,MULTIVERSE,2017-07-24,0.5,,,0.5,0,2026-04-08T02:54:39.934321+00:00
56500,MULTIVERSE,2017-07-26,0.5,,,0.5,800,2026-04-08T02:54:43.20598+00:00
56592,MULTIVERSE,2017-07-27,0.5,,,0.5,500,2026-04-08T02:54:45.547579+00:00
56684,MULTIVERSE,2017-07-28,0.5,,,0.5,0,2026-04-08T02:54:47.918804+00:00
56776,MULTIVERSE,2017-07-31,0.5,,,0.5,500,2026-04-08T02:54:52.464984+00:00
56868,MULTIVERSE,2017-08-01,0.5,,,0.5,0,2026-04-08T02:54:54.790805+00:00
56960,MULTIVERSE,2017-08-02,0.5,,,0.5,0,2026-04-08T02:54:57.117603+00:00
57052,MULTIVERSE,2017-08-03,0.5,,,0.5,0,2026-04-08T02:54:59.3729+00:00
57144,MULTIVERSE,2017-08-04,0.5,,,0.5,0,2026-04-08T02:55:01.592641+00:00
57236,MULTIVERSE,2017-08-07,0.5,,,0.5,0,2026-04-08T02:55:06.418828+00:00
57328,MULTIVERSE,2017-08-08,0.5,,,0.5,0,2026-04-08T02:55:08.763983+00:00
57420,MULTIVERSE,2017-08-09,0.5,,,0.5,0,2026-04-08T02:55:11.057796+00:00
57512,MULTIVERSE,2017-08-10,0.5,,,0.5,0,2026-04-08T02:55:13.401484+00:00
57604,MULTIVERSE,2017-08-11,0.5,,,0.5,0,2026-04-08T02:55:15.670877+00:00
57696,MULTIVERSE,2017-08-14,0.5,,,0.5,0,2026-04-08T02:55:20.026285+00:00
57788,MULTIVERSE,2017-08-15,0.5,,,0.5,0,2026-04-08T02:55:22.633816+00:00
57880,MULTIVERSE,2017-08-16,0.5,,,0.5,1000,2026-04-08T02:55:24.979188+00:00
57972,MULTIVERSE,2017-08-17,0.5,,,0.5,0,2026-04-08T02:55:27.3994+00:00
58064,MULTIVERSE,2017-08-18,0.5,,,0.5,658,2026-04-08T02:55:29.67842+00:00
58156,MULTIVERSE,2017-08-21,0.5,,,0.5,2000,2026-04-08T02:55:34.023067+00:00
58248,MULTIVERSE,2017-08-22,0.5,,,0.5,0,2026-04-08T02:55:36.334754+00:00
58340,MULTIVERSE,2017-08-23,0.5,,,0.5,0,2026-04-08T02:55:38.717606+00:00
58432,MULTIVERSE,2017-08-24,0.5,,,0.5,0,2026-04-08T02:55:41.242089+00:00
58524,MULTIVERSE,2017-08-25,0.5,,,0.5,1000,2026-04-08T02:55:43.579232+00:00
58616,MULTIVERSE,2017-08-28,0.5,,,0.5,1042,2026-04-08T02:55:48.020598+00:00
58708,MULTIVERSE,2017-08-29,0.5,,,0.5,1300,2026-04-08T02:55:50.281022+00:00
58800,MULTIVERSE,2017-08-30,0.5,,,0.5,0,2026-04-08T02:55:52.499005+00:00
58892,MULTIVERSE,2017-08-31,0.5,,,0.5,0,2026-04-08T02:55:54.947048+00:00
58984,MULTIVERSE,2017-09-05,0.5,,,0.5,0,2026-04-08T02:56:01.572419+00:00
59076,MULTIVERSE,2017-09-06,0.5,,,0.5,0,2026-04-08T02:56:03.885356+00:00
59168,MULTIVERSE,2017-09-07,0.5,,,0.5,0,2026-04-08T02:56:06.19045+00:00
59260,MULTIVERSE,2017-09-11,0.5,,,0.5,0,2026-04-08T02:56:11.370569+00:00
59352,MULTIVERSE,2017-09-12,0.5,,,0.5,4000,2026-04-08T02:56:13.892416+00:00
59444,MULTIVERSE,2017-09-13,0.5,,,0.5,0,2026-04-08T02:56:16.312215+00:00
59536,MULTIVERSE,2017-09-14,0.5,,,0.5,0,2026-04-08T02:56:18.601168+00:00
59628,MULTIVERSE,2017-09-15,0.5,,,0.5,0,2026-04-08T02:56:20.93666+00:00
59720,MULTIVERSE,2017-09-16,0.5,,,0.5,0,2026-04-08T02:56:23.148937+00:00
59812,MULTIVERSE,2017-09-19,0.5,,,0.5,0,2026-04-08T02:56:27.358465+00:00
59904,MULTIVERSE,2017-09-20,0.5,,,0.5,6273,2026-04-08T02:56:29.683375+00:00
59996,MULTIVERSE,2017-09-21,0.5,,,0.5,2977,2026-04-08T02:56:31.851594+00:00
60088,MULTIVERSE,2017-09-22,0.5,,,0.5,0,2026-04-08T02:56:34.007646+00:00
60180,MULTIVERSE,2017-09-25,0.5,,,0.5,0,2026-04-08T02:56:38.385386+00:00
60272,MULTIVERSE,2017-09-26,0.5,,,0.5,0,2026-04-08T02:56:40.657356+00:00
60364,MULTIVERSE,2017-09-27,0.5,,,0.5,0,2026-04-08T02:56:42.968732+00:00
60456,MULTIVERSE,2017-09-28,0.5,,,0.5,0,2026-04-08T02:56:45.128996+00:00
60548,MULTIVERSE,2017-09-29,0.5,,,0.5,0,2026-04-08T02:56:47.398677+00:00
60640,MULTIVERSE,2017-10-03,0.5,,,0.5,0,2026-04-08T02:56:52.779733+00:00
60732,MULTIVERSE,2017-10-04,0.5,,,0.5,0,2026-04-08T02:56:55.065177+00:00
60824,MULTIVERSE,2017-10-05,0.5,,,0.5,100,2026-04-08T02:56:57.377802+00:00
60916,MULTIVERSE,2017-10-06,0.5,,,0.5,0,2026-04-08T02:56:59.661092+00:00
61008,MULTIVERSE,2017-10-09,0.5,,,0.5,900,2026-04-08T02:57:04.043492+00:00
61100,MULTIVERSE,2017-10-10,0.5,,,0.5,0,2026-04-08T02:57:06.326055+00:00
61192,MULTIVERSE,2017-10-11,0.5,,,0.5,0,2026-04-08T02:57:08.620281+00:00
61284,MULTIVERSE,2017-10-12,0.5,,,0.5,100,2026-04-08T02:57:10.950839+00:00
61376,MULTIVERSE,2017-10-13,0.5,,,0.5,900,2026-04-08T02:57:13.525709+00:00
61468,MULTIVERSE,2017-10-16,0.5,,,0.5,1100,2026-04-08T02:57:17.895676+00:00
61560,MULTIVERSE,2017-10-17,0.5,,,0.5,100,2026-04-08T02:57:20.31307+00:00
61652,MULTIVERSE,2017-10-18,0.5,,,0.5,200,2026-04-08T02:57:22.526226+00:00
61744,MULTIVERSE,2017-10-19,0.5,,,0.5,600,2026-04-08T02:57:24.865827+00:00
61836,MULTIVERSE,2017-10-20,0.5,,,0.5,0,2026-04-08T02:57:27.091081+00:00
61928,MULTIVERSE,2017-10-23,0.5,,,0.5,1081,2026-04-08T02:57:31.703062+00:00
62020,MULTIVERSE,2017-10-24,0.5,,,0.5,1100,2026-04-08T02:57:34.020008+00:00
62112,MULTIVERSE,2017-10-25,0.5,,,0.5,0,2026-04-08T02:57:36.254878+00:00
62204,MULTIVERSE,2017-10-26,0.5,,,0.5,0,2026-04-08T02:57:38.639324+00:00
62296,MULTIVERSE,2017-10-27,0.5,,,0.5,1019,2026-04-08T02:57:40.810349+00:00
62388,MULTIVERSE,2017-10-30,0.5,,,0.5,900,2026-04-08T02:57:45.233404+00:00
62480,MULTIVERSE,2017-10-31,0.5,,,0.5,0,2026-04-08T02:57:47.538171+00:00
62572,MULTIVERSE,2017-11-01,0.5,,,0.5,0,2026-04-08T02:57:49.900698+00:00
62664,MULTIVERSE,2017-11-02,0.5,,,0.5,1000,2026-04-08T02:57:52.192143+00:00
62756,MULTIVERSE,2017-11-03,0.5,,,0.5,0,2026-04-08T02:57:54.512232+00:00
62848,MULTIVERSE,2017-11-06,0.5,,,0.5,0,2026-04-08T02:57:59.23147+00:00
62940,MULTIVERSE,2017-11-07,0.5,,,0.5,0,2026-04-08T02:58:01.524363+00:00
63032,MULTIVERSE,2017-11-08,0.5,,,0.5,4000,2026-04-08T02:58:03.79912+00:00
63124,MULTIVERSE,2017-11-09,0.5,,,0.5,0,2026-04-08T02:58:06.050925+00:00
63216,MULTIVERSE,2017-11-10,0.5,,,0.5,0,2026-04-08T02:58:08.423322+00:00
63308,MULTIVERSE,2017-11-13,0.5,,,0.5,0,2026-04-08T02:58:12.832851+00:00
63400,MULTIVERSE,2017-11-14,0.5,,,0.5,0,2026-04-08T02:58:15.182817+00:00
63492,MULTIVERSE,2017-11-15,0.5,,,0.5,0,2026-04-08T02:58:17.483941+00:00
63584,MULTIVERSE,2017-11-16,0.5,,,0.5,0,2026-04-08T02:58:19.932158+00:00
63676,MULTIVERSE,2017-11-17,0.5,,,0.5,0,2026-04-08T02:58:22.230505+00:00
63768,MULTIVERSE,2017-11-20,0.5,,,0.5,0,2026-04-08T02:58:26.609741+00:00
63860,MULTIVERSE,2017-11-21,0.5,,,0.5,0,2026-04-08T02:58:29.044371+00:00
63952,MULTIVERSE,2017-11-22,0.5,,,0.5,0,2026-04-08T02:58:31.282092+00:00
64044,MULTIVERSE,2017-11-23,0.5,,,0.5,2000,2026-04-08T02:58:33.589475+00:00
64136,MULTIVERSE,2017-11-24,0.5,,,0.5,0,2026-04-08T02:58:35.965247+00:00
64228,MULTIVERSE,2017-11-27,0.5,,,0.5,100,2026-04-08T02:58:40.303262+00:00
64320,MULTIVERSE,2017-11-28,0.5,,,0.5,150,2026-04-08T02:58:42.596324+00:00
64412,MULTIVERSE,2017-11-29,0.5,,,0.5,0,2026-04-08T02:58:44.979081+00:00
64504,MULTIVERSE,2017-11-30,0.5,,,0.5,0,2026-04-08T02:58:47.226359+00:00
64596,MULTIVERSE,2017-12-04,0.5,,,0.5,0,2026-04-08T02:58:52.54699+00:00
64688,MULTIVERSE,2017-12-05,0.5,,,0.5,2000165,2026-04-08T02:58:54.773083+00:00
64780,MULTIVERSE,2017-12-06,0.5,,,0.5,1285,2026-04-08T02:58:57.263783+00:00
64872,MULTIVERSE,2017-12-07,0.5,,,0.5,2002000,2026-04-08T02:58:59.55462+00:00
64964,MULTIVERSE,2017-12-08,0.5,,,0.5,1200,2026-04-08T02:59:01.865905+00:00
65056,MULTIVERSE,2017-12-11,0.5,,,0.5,106000,2026-04-08T02:59:06.715792+00:00
65148,MULTIVERSE,2017-12-12,0.5,,,0.5,0,2026-04-08T02:59:09.170602+00:00
65240,MULTIVERSE,2017-12-13,0.5,,,0.5,390213,2026-04-08T02:59:11.522814+00:00
65332,MULTIVERSE,2017-12-14,0.5,,,0.5,5001500,2026-04-08T02:59:13.751616+00:00
65424,MULTIVERSE,2017-12-15,0.5,,,0.5,7000,2026-04-08T02:59:16.016878+00:00
65516,MULTIVERSE,2017-12-18,0.5,,,0.5,1100,2026-04-08T02:59:20.496704+00:00
65608,MULTIVERSE,2017-12-19,0.5,,,0.5,1000,2026-04-08T02:59:22.691103+00:00
65700,MULTIVERSE,2017-12-20,0.5,,,0.5,2500,2026-04-08T02:59:25.001427+00:00
65792,MULTIVERSE,2017-12-21,0.5,,,0.5,0,2026-04-08T02:59:27.554405+00:00
65884,MULTIVERSE,2017-12-22,0.5,,,0.5,500,2026-04-08T02:59:29.82771+00:00
65976,MULTIVERSE,2017-12-27,0.5,,,0.5,0,2026-04-08T02:59:36.63878+00:00
66068,MULTIVERSE,2017-12-28,0.5,,,0.5,0,2026-04-08T02:59:39.04539+00:00
66160,MULTIVERSE,2017-12-29,0.5,,,0.5,0,2026-04-08T02:59:41.445401+00:00
66252,MULTIVERSE,2018-01-02,0.5,,,0.5,0,2026-04-08T02:59:46.944851+00:00
66344,MULTIVERSE,2018-01-03,0.5,,,0.5,0,2026-04-08T02:59:49.25236+00:00
66436,MULTIVERSE,2018-01-04,0.5,,,0.5,2000000,2026-04-08T02:59:51.440942+00:00
66528,MULTIVERSE,2018-01-05,0.5,,,0.5,0,2026-04-08T02:59:53.632679+00:00
66620,MULTIVERSE,2018-01-08,0.5,,,0.5,100,2026-04-08T02:59:58.187375+00:00
66712,MULTIVERSE,2018-01-09,0.5,,,0.5,0,2026-04-08T03:00:00.526076+00:00
66804,MULTIVERSE,2018-01-10,0.5,,,0.5,0,2026-04-08T03:00:02.789006+00:00
66896,MULTIVERSE,2018-01-11,0.5,,,0.5,0,2026-04-08T03:00:05.007224+00:00
66988,MULTIVERSE,2018-01-12,0.5,,,0.5,5000100,2026-04-08T03:00:07.437621+00:00
67080,MULTIVERSE,2018-01-15,0.5,,,0.5,0,2026-04-08T03:00:11.967979+00:00
67172,MULTIVERSE,2018-01-16,0.5,,,0.5,0,2026-04-08T03:00:14.274869+00:00
67264,MULTIVERSE,2018-01-17,0.5,,,0.5,80000,2026-04-08T03:00:16.592861+00:00
67356,MULTIVERSE,2018-01-18,0.5,,,0.5,0,2026-04-08T03:00:18.874572+00:00
67448,MULTIVERSE,2018-01-19,0.5,,,0.5,200,2026-04-08T03:00:21.223293+00:00
67540,MULTIVERSE,2018-01-22,0.5,,,0.5,0,2026-04-08T03:00:25.613479+00:00
67632,MULTIVERSE,2018-01-23,0.5,,,0.5,0,2026-04-08T03:00:27.792672+00:00
67724,MULTIVERSE,2018-01-24,0.5,,,0.5,0,2026-04-08T03:00:29.955701+00:00
67816,MULTIVERSE,2018-01-25,0.5,,,0.5,0,2026-04-08T03:00:32.149736+00:00
67908,MULTIVERSE,2018-01-26,0.5,,,0.5,0,2026-04-08T03:00:34.314441+00:00
68000,MULTIVERSE,2018-01-30,0.48,,,0.48,150000,2026-04-08T03:00:39.498781+00:00
68092,MULTIVERSE,2018-01-31,0.48,,,0.48,0,2026-04-08T03:00:41.874276+00:00
68184,MULTIVERSE,2018-02-01,0.48,,,0.48,395,2026-04-08T03:00:44.260901+00:00
68276,MULTIVERSE,2018-02-02,0.48,,,0.48,0,2026-04-08T03:00:46.552556+00:00
68368,MULTIVERSE,2018-02-05,0.48,,,0.48,0,2026-04-08T03:00:50.820837+00:00
68460,MULTIVERSE,2018-02-06,0.46,,,0.46,160000,2026-04-08T03:00:53.862975+00:00
68552,MULTIVERSE,2018-02-07,0.44,,,0.44,200000,2026-04-08T03:00:56.249659+00:00
68644,MULTIVERSE,2018-02-08,0.42,,,0.42,160200,2026-04-08T03:00:58.532515+00:00
68736,MULTIVERSE,2018-02-12,0.38,,,0.38,200000,2026-04-08T03:01:04.382325+00:00
68828,MULTIVERSE,2018-02-13,0.37,,,0.37,220000,2026-04-08T03:01:06.5746+00:00
68920,MULTIVERSE,2018-02-14,0.37,,,0.37,0,2026-04-08T03:01:08.960618+00:00
69012,MULTIVERSE,2018-02-15,0.36,,,0.36,87100000,2026-04-08T03:01:11.158693+00:00
69104,MULTIVERSE,2018-02-16,0.35,,,0.35,101000,2026-04-08T03:01:13.607551+00:00
69196,MULTIVERSE,2018-02-19,0.35,,,0.35,0,2026-04-08T03:01:18.187191+00:00
69288,MULTIVERSE,2018-02-20,0.35,,,0.35,0,2026-04-08T03:01:20.554931+00:00
69380,MULTIVERSE,2018-02-22,0.34,,,0.34,0,2026-04-08T03:01:23.957413+00:00
69472,MULTIVERSE,2018-02-26,0.33,,,0.33,360300,2026-04-08T03:01:29.317338+00:00
69564,MULTIVERSE,2018-02-27,0.31,,,0.31,424000,2026-04-08T03:01:31.58282+00:00
69656,MULTIVERSE,2018-02-28,0.3,,,0.3,1010000,2026-04-08T03:01:33.916623+00:00
69748,MULTIVERSE,2018-03-01,0.29,,,0.29,1310000,2026-04-08T03:01:36.321302+00:00
69840,MULTIVERSE,2018-03-02,0.28,,,0.28,1522000,2026-04-08T03:01:38.625174+00:00
69932,MULTIVERSE,2018-03-05,0.27,,,0.27,1178619,2026-04-08T03:01:43.47208+00:00
70024,MULTIVERSE,2018-03-06,0.25,,,0.25,1558270,2026-04-08T03:01:45.677681+00:00
70116,MULTIVERSE,2018-03-08,0.24,,,0.24,17497075,2026-04-08T03:01:48.923554+00:00
70208,MULTIVERSE,2018-03-09,0.26,,,0.26,10222372,2026-04-08T03:01:51.131195+00:00
70300,MULTIVERSE,2018-03-12,0.28,,,0.28,9095961,2026-04-08T03:01:55.382529+00:00
70392,MULTIVERSE,2018-03-13,0.29,,,0.29,3115686,2026-04-08T03:01:57.721961+00:00
70484,MULTIVERSE,2018-03-14,0.27,,,0.27,1686500,2026-04-08T03:02:00.06799+00:00
70576,MULTIVERSE,2018-03-15,0.26,,,0.26,2933171,2026-04-08T03:02:02.587626+00:00
70668,MULTIVERSE,2018-03-16,0.25,,,0.25,1008000,2026-04-08T03:02:05.049003+00:00
70760,MULTIVERSE,2018-03-19,0.24,,,0.24,1688868,2026-04-08T03:02:09.713694+00:00
70852,MULTIVERSE,2018-03-20,0.23,,,0.23,270000,2026-04-08T03:02:12.039098+00:00
70944,MULTIVERSE,2018-03-21,0.23,,,0.23,91002,2026-04-08T03:02:14.26344+00:00
71036,MULTIVERSE,2018-03-22,0.21,,,0.21,10909715,2026-04-08T03:02:16.655807+00:00
71128,MULTIVERSE,2018-03-23,0.21,,,0.21,9013892,2026-04-08T03:02:19.005936+00:00
71220,MULTIVERSE,2018-03-26,0.23,,,0.23,3461995,2026-04-08T03:02:23.356301+00:00
71312,MULTIVERSE,2018-03-27,0.23,,,0.23,1136150,2026-04-08T03:02:25.602463+00:00
71404,MULTIVERSE,2018-03-28,0.23,,,0.23,302050,2026-04-08T03:02:28.271075+00:00
71496,MULTIVERSE,2018-03-29,0.22,,,0.22,113000,2026-04-08T03:02:31.326472+00:00
71588,MULTIVERSE,2018-04-03,0.22,,,0.22,0,2026-04-08T03:02:37.862294+00:00
71680,MULTIVERSE,2018-04-04,0.2,,,0.2,3933182,2026-04-08T03:02:40.086392+00:00
71772,MULTIVERSE,2018-04-05,0.2,,,0.2,2344788,2026-04-08T03:02:42.518452+00:00
71864,MULTIVERSE,2018-04-09,0.2,,,0.2,70000,2026-04-08T03:02:48.00481+00:00
71956,MULTIVERSE,2018-04-10,0.2,,,0.2,13000,2026-04-08T03:02:50.293549+00:00
72048,MULTIVERSE,2018-04-11,0.2,,,0.2,74000,2026-04-08T03:02:52.723357+00:00
72140,MULTIVERSE,2018-04-12,0.2,,,0.2,1000,2026-04-08T03:02:54.976434+00:00
72232,MULTIVERSE,2018-04-13,0.2,,,0.2,0,2026-04-08T03:02:57.419716+00:00
72325,MULTIVERSE,2018-04-16,0.2,,,0.2,27000,2026-04-08T03:03:01.748445+00:00
72418,MULTIVERSE,2018-04-17,0.2,,,0.2,150000,2026-04-08T03:03:04.013915+00:00
72511,MULTIVERSE,2018-04-18,0.2,,,0.2,0,2026-04-08T03:03:06.304604+00:00
72604,MULTIVERSE,2018-04-19,0.2,,,0.2,70000,2026-04-08T03:03:08.631091+00:00
72697,MULTIVERSE,2018-04-20,0.2,,,0.2,110000,2026-04-08T03:03:11.181142+00:00
72790,MULTIVERSE,2018-04-23,0.2,,,0.2,3530500,2026-04-08T03:03:15.702548+00:00
72883,MULTIVERSE,2018-04-24,0.2,,,0.2,5000,2026-04-08T03:03:17.976864+00:00
72976,MULTIVERSE,2018-04-25,0.2,,,0.2,11375,2026-04-08T03:03:20.281484+00:00
73069,MULTIVERSE,2018-04-26,0.2,,,0.2,100000,2026-04-08T03:03:22.503544+00:00
73162,MULTIVERSE,2018-04-27,0.2,,,0.2,0,2026-04-08T03:03:24.801147+00:00
73255,MULTIVERSE,2018-04-30,0.2,,,0.2,0,2026-04-08T03:03:29.288658+00:00
73348,MULTIVERSE,2018-05-02,0.2,,,0.2,0,2026-04-08T03:03:32.97882+00:00
73441,MULTIVERSE,2018-05-03,0.2,,,0.2,0,2026-04-08T03:03:35.46093+00:00
73534,MULTIVERSE,2018-05-04,0.2,,,0.2,21000,2026-04-08T03:03:38.142449+00:00
73627,MULTIVERSE,2018-05-07,0.2,,,0.2,195000,2026-04-08T03:03:42.835383+00:00
73720,MULTIVERSE,2018-05-08,0.2,,,0.2,0,2026-04-08T03:03:45.094212+00:00
73813,MULTIVERSE,2018-05-09,0.2,,,0.2,100,2026-04-08T03:03:47.354492+00:00
73906,MULTIVERSE,2018-05-10,0.2,,,0.2,0,2026-04-08T03:03:49.581225+00:00
73999,MULTIVERSE,2018-05-11,0.2,,,0.2,0,2026-04-08T03:03:51.923758+00:00
74092,MULTIVERSE,2018-05-14,0.2,,,0.2,0,2026-04-08T03:03:56.261604+00:00
74185,MULTIVERSE,2018-05-15,0.2,,,0.2,0,2026-04-08T03:03:58.63318+00:00
74278,MULTIVERSE,2018-05-16,0.2,,,0.2,0,2026-04-08T03:04:02.494817+00:00
74371,MULTIVERSE,2018-05-17,0.2,,,0.2,0,2026-04-08T03:04:04.853265+00:00
74464,MULTIVERSE,2018-05-18,0.2,,,0.2,1100,2026-04-08T03:04:09.280828+00:00
74557,MULTIVERSE,2018-05-21,0.2,,,0.2,0,2026-04-08T03:04:14.640212+00:00
74650,MULTIVERSE,2018-05-22,0.2,,,0.2,25000,2026-04-08T03:04:17.13602+00:00
74743,MULTIVERSE,2018-05-24,0.2,,,0.2,0,2026-04-08T03:04:20.857799+00:00
74836,MULTIVERSE,2018-05-25,0.2,,,0.2,0,2026-04-08T03:04:23.533051+00:00
74929,MULTIVERSE,2018-05-28,0.2,,,0.2,5000,2026-04-08T03:04:28.151981+00:00
75022,MULTIVERSE,2018-05-31,0.2,,,0.2,0,2026-04-08T03:04:33.384321+00:00
75115,MULTIVERSE,2018-06-01,0.2,,,0.2,10600,2026-04-08T03:04:35.846588+00:00
75208,MULTIVERSE,2018-06-04,0.2,,,0.2,100,2026-04-08T03:04:40.216574+00:00
75301,MULTIVERSE,2018-06-05,0.2,,,0.2,200000,2026-04-08T03:04:42.57091+00:00
75394,MULTIVERSE,2018-06-06,0.2,,,0.2,62436,2026-04-08T03:04:44.928825+00:00
75487,MULTIVERSE,2018-06-07,0.2,,,0.2,50,2026-04-08T03:04:47.263813+00:00
75580,MULTIVERSE,2018-06-08,0.2,,,0.2,50000,2026-04-08T03:04:49.462509+00:00
75673,MULTIVERSE,2018-06-11,0.2,,,0.2,0,2026-04-08T03:04:53.988129+00:00
75766,MULTIVERSE,2018-06-12,0.2,,,0.2,20200,2026-04-08T03:04:56.284057+00:00
75859,MULTIVERSE,2018-06-13,0.2,,,0.2,0,2026-04-08T03:04:58.638577+00:00
75952,MULTIVERSE,2018-06-14,0.2,,,0.2,0,2026-04-08T03:05:00.901161+00:00
76045,MULTIVERSE,2018-06-19,0.2,,,0.2,0,2026-04-08T03:05:07.639029+00:00
76138,MULTIVERSE,2018-06-20,0.2,,,0.2,0,2026-04-08T03:05:09.924133+00:00
76231,MULTIVERSE,2018-06-21,0.2,,,0.2,0,2026-04-08T03:05:12.376626+00:00
76324,MULTIVERSE,2018-06-22,0.2,,,0.2,0,2026-04-08T03:05:14.680862+00:00
76418,MULTIVERSE,2018-06-25,0.2,,,0.2,0,2026-04-08T03:05:19.028214+00:00
76512,MULTIVERSE,2018-06-26,0.2,,,0.2,0,2026-04-08T03:05:21.361472+00:00
76606,MULTIVERSE,2018-06-27,0.2,,,0.2,0,2026-04-08T03:05:23.730487+00:00
76700,MULTIVERSE,2018-06-28,0.2,,,0.2,0,2026-04-08T03:05:26.342484+00:00
76794,MULTIVERSE,2018-06-29,0.2,,,0.2,71374497,2026-04-08T03:05:28.786725+00:00
76888,MULTIVERSE,2018-07-02,0.2,,,0.2,107100,2026-04-08T03:05:34.742081+00:00
76982,MULTIVERSE,2018-07-03,0.2,,,0.2,100000000,2026-04-08T03:05:37.830893+00:00
77076,MULTIVERSE,2018-07-04,0.2,,,0.2,200040010,2026-04-08T03:05:40.225299+00:00
77170,MULTIVERSE,2018-07-05,0.22,,,0.22,2860969,2026-04-08T03:05:42.479897+00:00
77264,MULTIVERSE,2018-07-06,0.24,,,0.24,1836190,2026-04-08T03:05:44.93013+00:00
77358,MULTIVERSE,2018-07-09,0.22,,,0.22,1155790,2026-04-08T03:05:49.395513+00:00
77452,MULTIVERSE,2018-07-10,0.2,,,0.2,2589000,2026-04-08T03:05:51.797285+00:00
77546,MULTIVERSE,2018-07-11,0.2,,,0.2,936488,2026-04-08T03:05:54.14171+00:00
77640,MULTIVERSE,2018-07-12,0.21,,,0.21,264070,2026-04-08T03:05:56.629461+00:00
77734,MULTIVERSE,2018-07-13,0.2,,,0.2,2149880,2026-04-08T03:05:59.112955+00:00
77829,MULTIVERSE,2018-07-16,0.2,,,0.2,20894920,2026-04-08T03:06:03.612411+00:00
77924,MULTIVERSE,2018-07-17,0.2,,,0.2,10317550,2026-04-08T03:06:06.031894+00:00
78019,MULTIVERSE,2018-07-18,0.2,,,0.2,6580000,2026-04-08T03:06:08.398083+00:00
78114,MULTIVERSE,2018-07-19,0.2,,,0.2,5508500,2026-04-08T03:06:10.625391+00:00
78209,MULTIVERSE,2018-07-20,0.2,,,0.2,239998,2026-04-08T03:06:13.100822+00:00
78304,MULTIVERSE,2018-07-23,0.2,,,0.2,2048002,2026-04-08T03:06:17.450644+00:00
78399,MULTIVERSE,2018-07-24,0.2,,,0.2,200000,2026-04-08T03:06:19.846153+00:00
78494,MULTIVERSE,2018-07-25,0.2,,,0.2,5500,2026-04-08T03:06:22.17218+00:00
78589,MULTIVERSE,2018-07-26,0.2,,,0.2,2500,2026-04-08T03:06:24.338643+00:00
78684,MULTIVERSE,2018-07-27,0.2,,,0.2,500,2026-04-08T03:06:26.70773+00:00
78779,MULTIVERSE,2018-07-30,0.2,,,0.2,0,2026-04-08T03:06:31.357035+00:00
78874,MULTIVERSE,2018-07-31,0.2,,,0.2,1000,2026-04-08T03:06:33.766078+00:00
78969,MULTIVERSE,2018-08-01,0.2,,,0.2,0,2026-04-08T03:06:36.22345+00:00
79064,MULTIVERSE,2018-08-02,0.2,,,0.2,0,2026-04-08T03:06:38.596191+00:00
79159,MULTIVERSE,2018-08-03,0.2,,,0.2,20000,2026-04-08T03:06:41.315743+00:00
79254,MULTIVERSE,2018-08-06,0.2,,,0.2,2793121,2026-04-08T03:06:46.359416+00:00
79349,MULTIVERSE,2018-08-07,0.2,,,0.2,0,2026-04-08T03:06:48.623378+00:00
79444,MULTIVERSE,2018-08-08,0.2,,,0.2,0,2026-04-08T03:06:51.110249+00:00
79539,MULTIVERSE,2018-08-09,0.2,,,0.2,0,2026-04-08T03:06:53.45187+00:00
79634,MULTIVERSE,2018-08-10,0.2,,,0.2,0,2026-04-08T03:06:56.254972+00:00
79729,MULTIVERSE,2018-08-13,0.2,,,0.2,0,2026-04-08T03:07:00.870215+00:00
79824,MULTIVERSE,2018-08-14,0.2,,,0.2,0,2026-04-08T03:07:03.258394+00:00
79919,MULTIVERSE,2018-08-15,0.2,,,0.2,0,2026-04-08T03:07:05.636903+00:00
80014,MULTIVERSE,2018-08-16,0.2,,,0.2,100,2026-04-08T03:07:07.96787+00:00
80109,MULTIVERSE,2018-08-17,0.2,,,0.2,77500,2026-04-08T03:07:10.276143+00:00
80204,MULTIVERSE,2018-08-20,0.2,,,0.2,0,2026-04-08T03:07:14.92421+00:00
80299,MULTIVERSE,2018-08-24,0.2,,,0.2,0,2026-04-08T03:07:20.612873+00:00
80394,MULTIVERSE,2018-08-27,0.2,,,0.2,0,2026-04-08T03:07:24.735515+00:00
80489,MULTIVERSE,2018-08-28,0.2,,,0.2,0,2026-04-08T03:07:26.964049+00:00
80584,MULTIVERSE,2018-08-29,0.2,,,0.2,27000,2026-04-08T03:07:29.382314+00:00
80679,MULTIVERSE,2018-08-30,0.2,,,0.2,0,2026-04-08T03:07:31.753519+00:00
80774,MULTIVERSE,2018-08-31,0.2,,,0.2,0,2026-04-08T03:07:34.108038+00:00
80869,MULTIVERSE,2018-09-03,0.2,,,0.2,207300,2026-04-08T03:07:38.483999+00:00
80964,MULTIVERSE,2018-09-05,0.2,,,0.2,0,2026-04-08T03:07:41.733647+00:00
81059,MULTIVERSE,2018-09-06,0.2,,,0.2,0,2026-04-08T03:07:44.232746+00:00
81154,MULTIVERSE,2018-09-07,0.2,,,0.2,0,2026-04-08T03:07:46.695234+00:00
81249,MULTIVERSE,2018-09-10,0.2,,,0.2,74000,2026-04-08T03:07:51.133138+00:00
81351,MULTIVERSE,2018-09-11,0.2,,,0.2,0,2026-04-08T03:07:53.572062+00:00
81453,MULTIVERSE,2018-09-12,0.2,,,0.2,0,2026-04-08T03:07:56.190409+00:00
81555,MULTIVERSE,2018-09-13,0.2,,,0.2,0,2026-04-08T03:07:58.529226+00:00
81657,MULTIVERSE,2018-09-14,0.2,,,0.2,0,2026-04-08T03:08:00.944137+00:00
81759,MULTIVERSE,2018-09-17,0.2,,,0.2,74000,2026-04-08T03:08:05.572353+00:00
81861,MULTIVERSE,2018-09-18,0.2,,,0.2,5,2026-04-08T03:08:07.840784+00:00
81963,MULTIVERSE,2018-09-19,0.2,,,0.2,0,2026-04-08T03:08:10.07554+00:00
82065,MULTIVERSE,2018-09-20,0.2,,,0.2,0,2026-04-08T03:08:12.389642+00:00
82167,MULTIVERSE,2018-09-21,0.2,,,0.2,50000,2026-04-08T03:08:14.761127+00:00
82269,MULTIVERSE,2018-09-24,0.2,,,0.2,0,2026-04-08T03:08:19.182113+00:00
82371,MULTIVERSE,2018-09-25,0.2,,,0.2,0,2026-04-08T03:08:21.370615+00:00
82473,MULTIVERSE,2018-09-26,0.2,,,0.2,0,2026-04-08T03:08:24.494451+00:00
82575,MULTIVERSE,2018-09-27,0.2,,,0.2,0,2026-04-08T03:08:26.812803+00:00
82677,MULTIVERSE,2018-09-28,0.2,,,0.2,0,2026-04-08T03:08:29.283021+00:00
82779,MULTIVERSE,2018-10-02,0.2,,,0.2,2100,2026-04-08T03:08:34.887787+00:00
82881,MULTIVERSE,2018-10-04,0.2,,,0.2,0,2026-04-08T03:08:38.279141+00:00
82983,MULTIVERSE,2018-10-05,0.2,,,0.2,0,2026-04-08T03:08:40.455926+00:00
83085,MULTIVERSE,2018-10-08,0.2,,,0.2,0,2026-04-08T03:08:45.286665+00:00
83187,MULTIVERSE,2018-10-09,0.2,,,0.2,0,2026-04-08T03:08:47.584215+00:00
83289,MULTIVERSE,2018-10-10,0.2,,,0.2,0,2026-04-08T03:08:50.198924+00:00
83391,MULTIVERSE,2018-10-11,0.2,,,0.2,25000,2026-04-08T03:08:52.595743+00:00
83493,MULTIVERSE,2018-10-12,0.2,,,0.2,0,2026-04-08T03:08:54.923298+00:00
83595,MULTIVERSE,2018-10-15,0.2,,,0.2,0,2026-04-08T03:08:59.688494+00:00
83697,MULTIVERSE,2018-10-16,0.2,,,0.2,0,2026-04-08T03:09:01.98694+00:00
83799,MULTIVERSE,2018-10-17,0.2,,,0.2,7500,2026-04-08T03:09:04.302348+00:00
83901,MULTIVERSE,2018-10-18,0.2,,,0.2,1500,2026-04-08T03:09:06.644992+00:00
84003,MULTIVERSE,2018-10-19,0.2,,,0.2,5100,2026-04-08T03:09:09.038287+00:00
84105,MULTIVERSE,2018-10-22,0.2,,,0.2,34000,2026-04-08T03:09:13.967+00:00
84207,MULTIVERSE,2018-10-23,0.2,,,0.2,100100,2026-04-08T03:09:16.194722+00:00
84309,MULTIVERSE,2018-10-24,0.2,,,0.2,100,2026-04-08T03:09:18.448083+00:00
84411,MULTIVERSE,2018-10-25,0.2,,,0.2,402200,2026-04-08T03:09:20.631413+00:00
84513,MULTIVERSE,2018-10-26,0.2,,,0.2,3500,2026-04-08T03:09:23.109094+00:00
84615,MULTIVERSE,2018-10-29,0.2,,,0.2,0,2026-04-08T03:09:27.901396+00:00
84717,MULTIVERSE,2018-10-30,0.2,,,0.2,0,2026-04-08T03:09:30.377337+00:00
84819,MULTIVERSE,2018-10-31,0.2,,,0.2,0,2026-04-08T03:09:32.658485+00:00
84921,MULTIVERSE,2018-11-01,0.2,,,0.2,250000,2026-04-08T03:09:35.048509+00:00
85023,MULTIVERSE,2018-11-02,0.2,,,0.2,15250,2026-04-08T03:09:37.41202+00:00
85125,MULTIVERSE,2018-11-05,0.2,,,0.2,3200,2026-04-08T03:09:41.998643+00:00
85227,MULTIVERSE,2018-11-06,0.2,,,0.2,50,2026-04-08T03:09:44.485046+00:00
85329,MULTIVERSE,2018-11-08,0.2,,,0.2,4447,2026-04-08T03:09:47.843283+00:00
85431,MULTIVERSE,2018-11-09,0.2,,,0.2,400,2026-04-08T03:09:50.169754+00:00
85533,MULTIVERSE,2018-11-12,0.2,,,0.2,4000,2026-04-08T03:09:54.975549+00:00
85635,MULTIVERSE,2018-11-13,0.2,,,0.2,500,2026-04-08T03:09:57.558923+00:00
85737,MULTIVERSE,2018-11-14,0.2,,,0.2,0,2026-04-08T03:09:59.910116+00:00
85839,MULTIVERSE,2018-11-15,0.2,,,0.2,0,2026-04-08T03:10:02.252366+00:00
85941,MULTIVERSE,2018-11-16,0.2,,,0.2,100,2026-04-08T03:10:04.527169+00:00
86043,MULTIVERSE,2018-11-19,0.2,,,0.2,0,2026-04-08T03:10:09.122468+00:00
86145,MULTIVERSE,2018-11-21,0.2,,,0.2,0,2026-04-08T03:10:12.622729+00:00
86247,MULTIVERSE,2018-11-22,0.2,,,0.2,0,2026-04-08T03:10:14.989948+00:00
86349,MULTIVERSE,2018-11-23,0.2,,,0.2,30250,2026-04-08T03:10:17.221139+00:00
86451,MULTIVERSE,2018-11-26,0.2,,,0.2,0,2026-04-08T03:10:22.142454+00:00
86553,MULTIVERSE,2018-11-27,0.2,,,0.2,0,2026-04-08T03:10:24.421595+00:00
86655,MULTIVERSE,2018-11-28,0.2,,,0.2,2395,2026-04-08T03:10:26.708398+00:00
86757,MULTIVERSE,2018-11-29,0.2,,,0.2,4250,2026-04-08T03:10:29.255332+00:00
86859,MULTIVERSE,2018-11-30,0.2,,,0.2,1200,2026-04-08T03:10:32.706086+00:00
86961,MULTIVERSE,2018-12-03,0.2,,,0.2,5850,2026-04-08T03:10:37.185914+00:00
87063,MULTIVERSE,2018-12-04,0.2,,,0.2,0,2026-04-08T03:10:39.607482+00:00
87165,MULTIVERSE,2018-12-05,0.2,,,0.2,0,2026-04-08T03:10:42.037497+00:00
87267,MULTIVERSE,2018-12-06,0.2,,,0.2,0,2026-04-08T03:10:44.312069+00:00
87369,MULTIVERSE,2018-12-07,0.2,,,0.2,0,2026-04-08T03:10:46.663078+00:00
87471,MULTIVERSE,2018-12-10,0.2,,,0.2,0,2026-04-08T03:10:51.346822+00:00
87573,MULTIVERSE,2018-12-11,0.2,,,0.2,0,2026-04-08T03:10:53.613329+00:00
87675,MULTIVERSE,2018-12-12,0.2,,,0.2,58950,2026-04-08T03:10:55.983376+00:00
87777,MULTIVERSE,2018-12-13,0.2,,,0.2,10000,2026-04-08T03:10:58.622726+00:00
87879,MULTIVERSE,2018-12-17,0.2,,,0.2,60000,2026-04-08T03:11:04.071168+00:00
87980,MULTIVERSE,2018-12-18,0.2,,,0.2,0,2026-04-08T03:11:06.547404+00:00
88081,MULTIVERSE,2018-12-19,0.2,,,0.2,245750,2026-04-08T03:11:08.930184+00:00
88182,MULTIVERSE,2018-12-21,0.2,,,0.2,25001,2026-04-08T03:11:13.038597+00:00
88283,MULTIVERSE,2018-12-24,0.2,,,0.2,20100,2026-04-08T03:11:17.396489+00:00
88385,MULTIVERSE,2018-12-31,0.2,,,0.2,0,2026-04-08T03:11:26.963749+00:00
88487,MULTIVERSE,2019-01-04,0.2,,,0.2,970,2026-04-08T03:11:33.101723+00:00
88589,MULTIVERSE,2019-01-07,0.2,,,0.2,0,2026-04-08T03:11:37.396019+00:00
88691,MULTIVERSE,2019-01-08,0.2,,,0.2,5000,2026-04-08T03:11:39.720871+00:00
88793,MULTIVERSE,2019-01-09,0.2,,,0.2,0,2026-04-08T03:11:42.122758+00:00
88895,MULTIVERSE,2019-01-10,0.2,,,0.2,0,2026-04-08T03:11:44.4712+00:00
88997,MULTIVERSE,2019-01-11,0.2,,,0.2,0,2026-04-08T03:11:46.864498+00:00
89099,MULTIVERSE,2019-01-14,0.2,,,0.2,0,2026-04-08T03:11:51.386431+00:00
89201,MULTIVERSE,2019-01-15,0.2,,,0.2,0,2026-04-08T03:11:53.781694+00:00
89303,MULTIVERSE,2019-01-16,0.2,,,0.2,2000,2026-04-08T03:11:56.273278+00:00
89405,MULTIVERSE,2019-01-17,0.2,,,0.2,200,2026-04-08T03:11:58.633279+00:00
89507,MULTIVERSE,2019-01-18,0.2,,,0.2,0,2026-04-08T03:12:01.678716+00:00
89609,MULTIVERSE,2019-01-21,0.2,,,0.2,0,2026-04-08T03:12:06.146982+00:00
89711,MULTIVERSE,2019-01-22,0.2,,,0.2,0,2026-04-08T03:12:26.450353+00:00
89813,MULTIVERSE,2019-01-23,0.2,,,0.2,25000,2026-04-08T03:12:28.985884+00:00
89915,MULTIVERSE,2019-01-24,0.2,,,0.2,0,2026-04-08T03:12:31.471104+00:00
90017,MULTIVERSE,2019-01-25,0.2,,,0.2,100,2026-04-08T03:12:33.831732+00:00
90119,MULTIVERSE,2019-01-28,0.2,,,0.2,100000,2026-04-08T03:12:38.324+00:00
90221,MULTIVERSE,2019-01-29,0.2,,,0.2,0,2026-04-08T03:12:40.769031+00:00
90323,MULTIVERSE,2019-01-30,0.2,,,0.2,0,2026-04-08T03:12:43.207065+00:00
90425,MULTIVERSE,2019-01-31,0.2,,,0.2,0,2026-04-08T03:12:45.452606+00:00
90527,MULTIVERSE,2019-02-01,0.2,,,0.2,0,2026-04-08T03:12:47.65569+00:00
90629,MULTIVERSE,2019-02-04,0.2,,,0.2,0,2026-04-08T03:12:52.008801+00:00
90731,MULTIVERSE,2019-02-05,0.2,,,0.2,0,2026-04-08T03:12:54.428036+00:00
90833,MULTIVERSE,2019-02-06,0.2,,,0.2,0,2026-04-08T03:12:56.795589+00:00
90935,MULTIVERSE,2019-02-07,0.2,,,0.2,0,2026-04-08T03:12:59.333395+00:00
91037,MULTIVERSE,2019-02-08,0.2,,,0.2,0,2026-04-08T03:13:01.766173+00:00
91139,MULTIVERSE,2019-02-11,0.2,,,0.2,0,2026-04-08T03:13:07.807824+00:00
91241,MULTIVERSE,2019-02-12,0.2,,,0.2,10,2026-04-08T03:13:10.389121+00:00
91343,MULTIVERSE,2019-02-13,0.2,,,0.2,0,2026-04-08T03:13:13.120558+00:00
91445,MULTIVERSE,2019-02-14,0.2,,,0.2,0,2026-04-08T03:13:15.610167+00:00
91547,MULTIVERSE,2019-02-15,0.2,,,0.2,0,2026-04-08T03:13:17.960235+00:00
91649,MULTIVERSE,2019-02-18,0.2,,,0.2,0,2026-04-08T03:13:22.383964+00:00
91751,MULTIVERSE,2019-02-19,0.2,,,0.2,0,2026-04-08T03:13:24.617569+00:00
91853,MULTIVERSE,2019-02-20,0.2,,,0.2,0,2026-04-08T03:13:26.870792+00:00
91955,MULTIVERSE,2019-02-22,0.2,,,0.2,0,2026-04-08T03:13:30.442816+00:00
92057,MULTIVERSE,2019-02-25,0.2,,,0.2,0,2026-04-08T03:13:35.015549+00:00
92159,MULTIVERSE,2019-02-26,0.2,,,0.2,2,2026-04-08T03:13:37.412672+00:00
92261,MULTIVERSE,2019-02-27,0.2,,,0.2,0,2026-04-08T03:13:39.910522+00:00
92363,MULTIVERSE,2019-02-28,0.2,,,0.2,990000,2026-04-08T03:13:42.435587+00:00
92465,MULTIVERSE,2019-03-01,0.2,,,0.2,500,2026-04-08T03:13:44.810709+00:00
92567,MULTIVERSE,2019-03-04,0.2,,,0.2,0,2026-04-08T03:13:49.353535+00:00
92669,MULTIVERSE,2019-03-05,0.2,,,0.2,0,2026-04-08T03:13:51.846242+00:00
92771,MULTIVERSE,2019-03-06,0.2,,,0.2,0,2026-04-08T03:13:54.267269+00:00
92873,MULTIVERSE,2019-03-07,0.2,,,0.2,11000,2026-04-08T03:13:56.544072+00:00
92975,MULTIVERSE,2019-03-08,0.2,,,0.2,900,2026-04-08T03:13:58.936546+00:00
93077,MULTIVERSE,2019-03-11,0.2,,,0.2,35000,2026-04-08T03:14:03.582539+00:00
93179,MULTIVERSE,2019-03-12,0.2,,,0.2,0,2026-04-08T03:14:06.149716+00:00
93281,MULTIVERSE,2019-03-13,0.2,,,0.2,500,2026-04-08T03:14:08.562819+00:00
93383,MULTIVERSE,2019-03-14,0.2,,,0.2,0,2026-04-08T03:14:10.990955+00:00
93485,MULTIVERSE,2019-03-15,0.2,,,0.2,0,2026-04-08T03:14:13.413527+00:00
93587,MULTIVERSE,2019-03-18,0.2,,,0.2,0,2026-04-08T03:14:17.594172+00:00
93689,MULTIVERSE,2019-03-19,0.2,,,0.2,50000,2026-04-08T03:14:19.883177+00:00
93791,MULTIVERSE,2019-03-20,0.2,,,0.2,0,2026-04-08T03:14:22.215184+00:00
93893,MULTIVERSE,2019-03-21,0.2,,,0.2,650000,2026-04-08T03:14:24.469396+00:00
93995,MULTIVERSE,2019-03-22,0.2,,,0.2,350000,2026-04-08T03:14:26.929153+00:00
94097,MULTIVERSE,2019-03-25,0.2,,,0.2,25500,2026-04-08T03:14:31.400562+00:00
94199,MULTIVERSE,2019-03-26,0.2,,,0.2,296455,2026-04-08T03:14:33.80485+00:00
94301,MULTIVERSE,2019-03-27,0.2,,,0.2,0,2026-04-08T03:14:36.122563+00:00
94403,MULTIVERSE,2019-03-28,0.2,,,0.2,0,2026-04-08T03:14:38.612625+00:00
94505,MULTIVERSE,2019-03-29,0.2,,,0.2,0,2026-04-08T03:14:41.061692+00:00
94606,MULTIVERSE,2019-04-01,0.2,,,0.2,10,2026-04-08T03:14:45.528331+00:00
94707,MULTIVERSE,2019-04-02,0.2,,,0.2,29500,2026-04-08T03:14:47.809526+00:00
94808,MULTIVERSE,2019-04-03,0.2,,,0.2,0,2026-04-08T03:14:50.124237+00:00
94909,MULTIVERSE,2019-04-04,0.2,,,0.2,5300,2026-04-08T03:14:52.417245+00:00
95010,MULTIVERSE,2019-04-05,0.2,,,0.2,0,2026-04-08T03:14:54.739567+00:00
95111,MULTIVERSE,2019-04-08,0.2,,,0.2,0,2026-04-08T03:14:59.01768+00:00
95212,MULTIVERSE,2019-04-09,0.2,,,0.2,0,2026-04-08T03:15:01.233247+00:00
95313,MULTIVERSE,2019-04-10,0.2,,,0.2,6200,2026-04-08T03:15:03.446976+00:00
95414,MULTIVERSE,2019-04-11,0.2,,,0.2,0,2026-04-08T03:15:05.608759+00:00
95515,MULTIVERSE,2019-04-12,0.2,,,0.2,0,2026-04-08T03:15:07.869644+00:00
95616,MULTIVERSE,2019-04-15,0.2,,,0.2,0,2026-04-08T03:15:12.360876+00:00
95717,MULTIVERSE,2019-04-16,0.2,,,0.2,0,2026-04-08T03:15:14.69338+00:00
95818,MULTIVERSE,2019-04-17,0.2,,,0.2,0,2026-04-08T03:15:16.974822+00:00
95919,MULTIVERSE,2019-04-18,0.2,,,0.2,0,2026-04-08T03:15:19.360663+00:00
96020,MULTIVERSE,2019-04-23,0.2,,,0.2,0,2026-04-08T03:15:26.04373+00:00
96122,MULTIVERSE,2019-04-24,0.2,,,0.2,20000,2026-04-08T03:15:28.31166+00:00
96224,MULTIVERSE,2019-04-25,0.2,,,0.2,105000,2026-04-08T03:15:30.603437+00:00
96326,MULTIVERSE,2019-04-26,0.2,,,0.2,0,2026-04-08T03:15:32.816712+00:00
96428,MULTIVERSE,2019-04-29,0.2,,,0.2,0,2026-04-08T03:15:37.198623+00:00
96530,MULTIVERSE,2019-04-30,0.2,,,0.2,21000,2026-04-08T03:15:39.499507+00:00
96632,MULTIVERSE,2019-05-02,0.2,,,0.2,150000,2026-04-08T03:15:42.839166+00:00
96734,MULTIVERSE,2019-05-03,0.2,,,0.2,0,2026-04-08T03:15:45.02286+00:00
96836,MULTIVERSE,2019-05-06,0.2,,,0.2,0,2026-04-08T03:15:49.380478+00:00
96938,MULTIVERSE,2019-05-07,0.2,,,0.2,0,2026-04-08T03:15:51.609622+00:00
97040,MULTIVERSE,2019-05-08,0.2,,,0.2,0,2026-04-08T03:15:53.912422+00:00
97142,MULTIVERSE,2019-05-09,0.2,,,0.2,50000,2026-04-08T03:15:56.308435+00:00
97244,MULTIVERSE,2019-05-10,0.2,,,0.2,0,2026-04-08T03:15:58.65517+00:00
97346,MULTIVERSE,2019-05-13,0.2,,,0.2,0,2026-04-08T03:16:02.955985+00:00
97448,MULTIVERSE,2019-05-14,0.2,,,0.2,48600,2026-04-08T03:16:05.427951+00:00
97550,MULTIVERSE,2019-05-15,0.2,,,0.2,0,2026-04-08T03:16:07.709974+00:00
97652,MULTIVERSE,2019-05-16,0.2,,,0.2,10300,2026-04-08T03:16:09.947696+00:00
97754,MULTIVERSE,2019-05-17,0.2,,,0.2,0,2026-04-08T03:16:12.469468+00:00
97857,MULTIVERSE,2019-05-20,0.2,,,0.2,0,2026-04-08T03:16:16.967061+00:00
97960,MULTIVERSE,2019-05-21,0.2,,,0.2,1000,2026-04-08T03:16:19.368023+00:00
98063,MULTIVERSE,2019-05-22,0.2,,,0.2,12510,2026-04-08T03:16:21.741488+00:00
98166,MULTIVERSE,2019-05-23,0.2,,,0.2,22000,2026-04-08T03:16:24.010501+00:00
98269,MULTIVERSE,2019-05-24,0.2,,,0.2,0,2026-04-08T03:16:26.41346+00:00
98372,MULTIVERSE,2019-05-27,0.2,,,0.2,0,2026-04-08T03:16:30.812568+00:00
98475,MULTIVERSE,2019-05-28,0.2,,,0.2,0,2026-04-08T03:16:33.286405+00:00
98578,MULTIVERSE,2019-05-30,0.2,,,0.2,0,2026-04-08T03:16:36.695359+00:00
98681,MULTIVERSE,2019-05-31,0.2,,,0.2,0,2026-04-08T03:16:39.10826+00:00
98784,MULTIVERSE,2019-06-03,0.2,,,0.2,0,2026-04-08T03:16:43.376201+00:00
98887,MULTIVERSE,2019-06-06,0.2,,,0.2,0,2026-04-08T03:16:48.034912+00:00
98990,MULTIVERSE,2019-06-07,0.2,,,0.2,0,2026-04-08T03:16:50.186426+00:00
99093,MULTIVERSE,2019-06-10,0.2,,,0.2,0,2026-04-08T03:16:54.498349+00:00
99196,MULTIVERSE,2019-06-11,0.2,,,0.2,0,2026-04-08T03:16:56.702394+00:00
99299,MULTIVERSE,2019-06-13,0.2,,,0.2,70200,2026-04-08T03:17:00.140907+00:00
99402,MULTIVERSE,2019-06-14,0.2,,,0.2,0,2026-04-08T03:17:02.289964+00:00
99505,MULTIVERSE,2019-06-17,0.2,,,0.2,0,2026-04-08T03:17:06.378621+00:00
99608,MULTIVERSE,2019-06-18,0.2,,,0.2,1000,2026-04-08T03:17:08.696624+00:00
99711,MULTIVERSE,2019-06-19,0.2,,,0.2,0,2026-04-08T03:17:10.975867+00:00
99814,MULTIVERSE,2019-06-20,0.2,,,0.2,0,2026-04-08T03:17:13.205784+00:00
99917,MULTIVERSE,2019-06-24,0.2,,,0.2,11000,2026-04-08T03:17:18.488118+00:00
100020,MULTIVERSE,2019-06-25,0.2,,,0.2,0,2026-04-08T03:17:20.712996+00:00
100123,MULTIVERSE,2019-06-26,0.2,,,0.2,0,2026-04-08T03:17:23.021521+00:00
100226,MULTIVERSE,2019-06-27,0.2,,,0.2,0,2026-04-08T03:17:25.288917+00:00
100329,MULTIVERSE,2019-06-28,0.2,,,0.2,0,2026-04-08T03:17:27.669324+00:00
100432,MULTIVERSE,2019-07-01,0.2,,,0.2,20,2026-04-08T03:17:31.993492+00:00
100535,MULTIVERSE,2019-07-02,0.2,,,0.2,0,2026-04-08T03:17:34.195482+00:00
100638,MULTIVERSE,2019-07-03,0.2,,,0.2,1000,2026-04-08T03:17:36.539656+00:00
100741,MULTIVERSE,2019-07-04,0.2,,,0.2,10005,2026-04-08T03:17:38.806977+00:00
100844,MULTIVERSE,2019-07-05,0.2,,,0.2,0,2026-04-08T03:17:41.292481+00:00
100947,MULTIVERSE,2019-07-08,0.2,,,0.2,0,2026-04-08T03:17:45.861747+00:00
101051,MULTIVERSE,2019-07-09,0.2,,,0.2,223500,2026-04-08T03:17:48.217581+00:00
101155,MULTIVERSE,2019-07-10,0.2,,,0.2,0,2026-04-08T03:17:50.676625+00:00
101259,MULTIVERSE,2019-07-11,0.2,,,0.2,0,2026-04-08T03:17:53.082234+00:00
101363,MULTIVERSE,2019-07-12,0.2,,,0.2,0,2026-04-08T03:17:55.503872+00:00
101467,MULTIVERSE,2019-07-15,0.2,,,0.2,0,2026-04-08T03:18:00.039317+00:00
101571,MULTIVERSE,2019-07-16,0.2,,,0.2,0,2026-04-08T03:18:02.440443+00:00
101675,MULTIVERSE,2019-07-17,0.2,,,0.2,0,2026-04-08T03:18:04.729662+00:00
101779,MULTIVERSE,2019-07-18,0.2,,,0.2,10000,2026-04-08T03:18:07.178594+00:00
101883,MULTIVERSE,2019-07-19,0.2,,,0.2,6215263,2026-04-08T03:18:09.535362+00:00
101987,MULTIVERSE,2019-07-22,0.2,,,0.2,0,2026-04-08T03:18:14.212024+00:00
102091,MULTIVERSE,2019-07-23,0.2,,,0.2,0,2026-04-08T03:18:16.654741+00:00
102195,MULTIVERSE,2019-07-24,0.2,,,0.2,0,2026-04-08T03:18:18.926554+00:00
102299,MULTIVERSE,2019-07-25,0.2,,,0.2,0,2026-04-08T03:18:21.127331+00:00
102403,MULTIVERSE,2019-07-26,0.2,,,0.2,0,2026-04-08T03:18:23.508197+00:00
102507,MULTIVERSE,2019-07-29,0.2,,,0.2,10000,2026-04-08T03:18:27.808584+00:00
102611,MULTIVERSE,2019-07-30,0.2,,,0.2,0,2026-04-08T03:18:30.090931+00:00
102715,MULTIVERSE,2019-07-31,0.2,,,0.2,100,2026-04-08T03:18:32.379029+00:00
102819,MULTIVERSE,2019-08-01,0.2,,,0.2,29800,2026-04-08T03:18:34.721051+00:00
102923,MULTIVERSE,2019-08-02,0.2,,,0.2,0,2026-04-08T03:18:37.148519+00:00
103027,MULTIVERSE,2019-08-05,0.2,,,0.2,0,2026-04-08T03:18:41.327383+00:00
103131,MULTIVERSE,2019-08-06,0.2,,,0.2,100,2026-04-08T03:18:43.676077+00:00
103235,MULTIVERSE,2019-08-07,0.2,,,0.2,0,2026-04-08T03:18:45.952647+00:00
103339,MULTIVERSE,2019-08-08,0.2,,,0.2,0,2026-04-08T03:18:48.284739+00:00
103443,MULTIVERSE,2019-08-09,0.2,,,0.2,0,2026-04-08T03:18:50.530707+00:00
103547,MULTIVERSE,2019-08-14,0.2,,,0.2,0,2026-04-08T03:18:57.313874+00:00
103651,MULTIVERSE,2019-08-15,0.2,,,0.2,0,2026-04-08T03:18:59.647711+00:00
103755,MULTIVERSE,2019-08-19,0.2,,,0.2,0,2026-04-08T03:19:05.053534+00:00
103859,MULTIVERSE,2019-08-20,0.2,,,0.2,0,2026-04-08T03:19:07.283568+00:00
103962,MULTIVERSE,2019-08-21,0.2,,,0.2,0,2026-04-08T03:19:09.493441+00:00
104065,MULTIVERSE,2019-08-22,0.2,,,0.2,0,2026-04-08T03:19:11.834929+00:00
104168,MULTIVERSE,2019-08-23,0.2,,,0.2,0,2026-04-08T03:19:14.066623+00:00
104271,MULTIVERSE,2019-08-26,0.2,,,0.2,0,2026-04-08T03:19:18.291411+00:00
104374,MULTIVERSE,2019-08-27,0.2,,,0.2,0,2026-04-08T03:19:20.588978+00:00
104477,MULTIVERSE,2019-08-28,0.2,,,0.2,62,2026-04-08T03:19:22.939533+00:00
104580,MULTIVERSE,2019-08-29,0.2,,,0.2,0,2026-04-08T03:19:25.308081+00:00
104683,MULTIVERSE,2019-08-30,0.2,,,0.2,0,2026-04-08T03:19:27.686427+00:00
104786,MULTIVERSE,2019-09-02,0.2,,,0.2,0,2026-04-08T03:19:32.075785+00:00
104889,MULTIVERSE,2019-09-03,0.2,,,0.2,4675,2026-04-08T03:19:34.366833+00:00
104992,MULTIVERSE,2019-09-04,0.2,,,0.2,0,2026-04-08T03:19:36.608723+00:00
105095,MULTIVERSE,2019-09-05,0.2,,,0.2,0,2026-04-08T03:19:38.984327+00:00
105198,MULTIVERSE,2019-09-06,0.2,,,0.2,0,2026-04-08T03:19:41.363212+00:00
105301,MULTIVERSE,2019-09-09,0.2,,,0.2,0,2026-04-08T03:19:45.624302+00:00
105404,MULTIVERSE,2019-09-10,0.2,,,0.2,0,2026-04-08T03:19:47.977958+00:00
105507,MULTIVERSE,2019-09-11,0.2,,,0.2,0,2026-04-08T03:19:50.333421+00:00
105610,MULTIVERSE,2019-09-12,0.2,,,0.2,122500,2026-04-08T03:19:52.607202+00:00
105713,MULTIVERSE,2019-09-13,0.2,,,0.2,0,2026-04-08T03:19:55.083512+00:00
105816,MULTIVERSE,2019-09-16,0.2,,,0.2,0,2026-04-08T03:19:59.701348+00:00
105919,MULTIVERSE,2019-09-17,0.2,,,0.2,0,2026-04-08T03:20:02.523968+00:00
106022,MULTIVERSE,2019-09-18,0.2,,,0.2,0,2026-04-08T03:20:05.488272+00:00
106125,MULTIVERSE,2019-09-19,0.2,,,0.2,0,2026-04-08T03:20:08.114889+00:00
106228,MULTIVERSE,2019-09-20,0.2,,,0.2,154000,2026-04-08T03:20:10.721894+00:00
106331,MULTIVERSE,2019-09-23,0.2,,,0.2,0,2026-04-08T03:20:15.267012+00:00
106434,MULTIVERSE,2019-09-24,0.2,,,0.2,0,2026-04-08T03:20:17.630341+00:00
106537,MULTIVERSE,2019-09-25,0.2,,,0.2,0,2026-04-08T03:20:20.165626+00:00
106640,MULTIVERSE,2019-09-26,0.2,,,0.2,0,2026-04-08T03:20:22.92566+00:00
106743,MULTIVERSE,2019-09-27,0.2,,,0.2,0,2026-04-08T03:20:25.402499+00:00
106846,MULTIVERSE,2019-09-30,0.2,,,0.2,0,2026-04-08T03:20:29.867546+00:00
106949,MULTIVERSE,2019-10-02,0.2,,,0.2,0,2026-04-08T03:20:33.475481+00:00
107052,MULTIVERSE,2019-10-03,0.2,,,0.2,0,2026-04-08T03:20:35.801047+00:00
107155,MULTIVERSE,2019-10-04,0.2,,,0.2,0,2026-04-08T03:20:38.138638+00:00
107258,MULTIVERSE,2019-10-07,0.2,,,0.2,0,2026-04-08T03:20:43.38987+00:00
107361,MULTIVERSE,2019-10-08,0.2,,,0.2,0,2026-04-08T03:20:50.115577+00:00
107464,MULTIVERSE,2019-10-09,0.2,,,0.2,0,2026-04-08T03:20:53.067656+00:00
107567,MULTIVERSE,2019-10-10,0.2,,,0.2,0,2026-04-08T03:20:55.682822+00:00
107670,MULTIVERSE,2019-10-11,0.2,,,0.2,104000,2026-04-08T03:20:58.30073+00:00
107773,MULTIVERSE,2019-10-14,0.2,,,0.2,100000,2026-04-08T03:21:03.536141+00:00
107876,MULTIVERSE,2019-10-15,0.2,,,0.2,0,2026-04-08T03:21:06.159586+00:00
107979,MULTIVERSE,2019-10-16,0.2,,,0.2,272000,2026-04-08T03:21:08.538525+00:00
108082,MULTIVERSE,2019-10-17,0.2,,,0.2,0,2026-04-08T03:21:11.125073+00:00
108185,MULTIVERSE,2019-10-18,0.2,,,0.2,50000,2026-04-08T03:21:14.04892+00:00
108288,MULTIVERSE,2019-10-21,0.2,,,0.2,200000,2026-04-08T03:21:18.357079+00:00
108391,MULTIVERSE,2019-10-22,0.2,,,0.2,4000,2026-04-08T03:21:20.5704+00:00
108494,MULTIVERSE,2019-10-23,0.2,,,0.2,1000,2026-04-08T03:21:22.84444+00:00
108597,MULTIVERSE,2019-10-24,0.2,,,0.2,151000,2026-04-08T03:21:25.228823+00:00
108700,MULTIVERSE,2019-10-25,0.2,,,0.2,0,2026-04-08T03:21:27.539286+00:00
108803,MULTIVERSE,2019-10-28,0.2,,,0.2,152000,2026-04-08T03:21:32.161692+00:00
108906,MULTIVERSE,2019-10-29,0.2,,,0.2,0,2026-04-08T03:21:34.477485+00:00
109009,MULTIVERSE,2019-10-30,0.2,,,0.2,25000100,2026-04-08T03:21:36.754268+00:00
109112,MULTIVERSE,2019-10-31,0.2,,,0.2,500,2026-04-08T03:21:39.10919+00:00
109215,MULTIVERSE,2019-11-01,0.2,,,0.2,500,2026-04-08T03:21:41.456138+00:00
109318,MULTIVERSE,2019-11-04,0.2,,,0.2,1129401,2026-04-08T03:21:45.945243+00:00
109421,MULTIVERSE,2019-11-05,0.2,,,0.2,150000,2026-04-08T03:21:48.37169+00:00
109524,MULTIVERSE,2019-11-06,0.2,,,0.2,37000,2026-04-08T03:21:50.755948+00:00
109627,MULTIVERSE,2019-11-07,0.2,,,0.2,0,2026-04-08T03:21:53.200031+00:00
109730,MULTIVERSE,2019-11-08,0.2,,,0.2,60000,2026-04-08T03:21:55.63316+00:00
109833,MULTIVERSE,2019-11-12,0.2,,,0.2,0,2026-04-08T03:22:01.520244+00:00
109936,MULTIVERSE,2019-11-13,0.2,,,0.2,58900,2026-04-08T03:22:04.169594+00:00
110039,MULTIVERSE,2019-11-14,0.2,,,0.2,0,2026-04-08T03:22:06.510438+00:00
110142,MULTIVERSE,2019-11-15,0.2,,,0.2,22200,2026-04-08T03:22:08.972682+00:00
110244,MULTIVERSE,2019-11-18,0.2,,,0.2,2500,2026-04-08T03:22:13.551393+00:00
110346,MULTIVERSE,2019-11-19,0.2,,,0.2,150000,2026-04-08T03:22:15.801005+00:00
110448,MULTIVERSE,2019-11-20,0.2,,,0.2,0,2026-04-08T03:22:18.11241+00:00
110550,MULTIVERSE,2019-11-21,0.2,,,0.2,0,2026-04-08T03:22:20.360812+00:00
110652,MULTIVERSE,2019-11-22,0.2,,,0.2,0,2026-04-08T03:22:22.766306+00:00
110754,MULTIVERSE,2019-11-25,0.2,,,0.2,13615,2026-04-08T03:22:27.077445+00:00
110856,MULTIVERSE,2019-11-26,0.2,,,0.2,6000,2026-04-08T03:22:29.415971+00:00
110958,MULTIVERSE,2019-11-27,0.2,,,0.2,0,2026-04-08T03:22:31.797244+00:00
111060,MULTIVERSE,2019-11-28,0.2,,,0.2,0,2026-04-08T03:22:34.150197+00:00
111162,MULTIVERSE,2019-11-29,0.2,,,0.2,30,2026-04-08T03:22:36.43862+00:00
111264,MULTIVERSE,2019-12-02,0.2,,,0.2,0,2026-04-08T03:22:40.672716+00:00
111366,MULTIVERSE,2019-12-03,0.2,,,0.2,0,2026-04-08T03:22:42.857808+00:00
111468,MULTIVERSE,2019-12-04,0.2,,,0.2,0,2026-04-08T03:22:45.132537+00:00
111570,MULTIVERSE,2019-12-05,0.2,,,0.2,1000,2026-04-08T03:22:47.409461+00:00
111672,MULTIVERSE,2019-12-06,0.2,,,0.2,0,2026-04-08T03:22:49.720566+00:00
111774,MULTIVERSE,2019-12-10,0.2,,,0.2,0,2026-04-08T03:22:54.948045+00:00
111876,MULTIVERSE,2019-12-11,0.2,,,0.2,0,2026-04-08T03:22:57.463594+00:00
111978,MULTIVERSE,2019-12-12,0.2,,,0.2,0,2026-04-08T03:22:59.677549+00:00
112080,MULTIVERSE,2019-12-13,0.2,,,0.2,1000,2026-04-08T03:23:01.961124+00:00
112182,MULTIVERSE,2019-12-16,0.2,,,0.2,1000,2026-04-08T03:23:06.206185+00:00
112284,MULTIVERSE,2019-12-17,0.2,,,0.2,0,2026-04-08T03:23:08.526507+00:00
112386,MULTIVERSE,2019-12-18,0.2,,,0.2,0,2026-04-08T03:23:10.699016+00:00
112488,MULTIVERSE,2019-12-19,0.2,,,0.2,0,2026-04-08T03:23:13.06361+00:00
112590,MULTIVERSE,2019-12-20,0.2,,,0.2,0,2026-04-08T03:23:15.515212+00:00
112692,MULTIVERSE,2019-12-23,0.2,,,0.2,10000,2026-04-08T03:23:19.645113+00:00
112794,MULTIVERSE,2019-12-24,0.2,,,0.2,0,2026-04-08T03:23:22.081747+00:00
112896,MULTIVERSE,2019-12-27,0.2,,,0.2,0,2026-04-08T03:23:26.48241+00:00
112998,MULTIVERSE,2019-12-31,0.2,,,0.2,0,2026-04-08T03:23:31.997666+00:00
113100,MULTIVERSE,2020-01-02,0.2,,,0.2,5740000,2026-04-08T03:23:35.253628+00:00
113202,MULTIVERSE,2020-01-03,0.2,,,0.2,425000,2026-04-08T03:23:37.484442+00:00
113304,MULTIVERSE,2020-01-06,0.2,,,0.2,11650000,2026-04-08T03:23:41.810791+00:00
113406,MULTIVERSE,2020-01-07,0.2,,,0.2,0,2026-04-08T03:23:44.238014+00:00
113508,MULTIVERSE,2020-01-08,0.2,,,0.2,307500,2026-04-08T03:23:46.428903+00:00
113611,MULTIVERSE,2020-01-09,0.2,,,0.2,0,2026-04-08T03:23:48.760691+00:00
113714,MULTIVERSE,2020-01-10,0.2,,,0.2,0,2026-04-08T03:23:51.312987+00:00
113817,MULTIVERSE,2020-01-13,0.2,,,0.2,0,2026-04-08T03:23:55.704331+00:00
113920,MULTIVERSE,2020-01-14,0.2,,,0.2,0,2026-04-08T03:23:58.044369+00:00
114023,MULTIVERSE,2020-01-15,0.2,,,0.2,0,2026-04-08T03:24:00.340453+00:00
114126,MULTIVERSE,2020-01-16,0.2,,,0.2,1002500,2026-04-08T03:24:02.775573+00:00
114229,MULTIVERSE,2020-01-17,0.2,,,0.2,30800,2026-04-08T03:24:05.107796+00:00
114332,MULTIVERSE,2020-01-20,0.2,,,0.2,0,2026-04-08T03:24:09.637495+00:00
114435,MULTIVERSE,2020-01-21,0.2,,,0.2,15000,2026-04-08T03:24:12.081094+00:00
114538,MULTIVERSE,2020-01-23,0.2,,,0.2,0,2026-04-08T03:24:15.397306+00:00
114641,MULTIVERSE,2020-01-24,0.2,,,0.2,0,2026-04-08T03:24:17.760742+00:00
114744,MULTIVERSE,2020-01-27,0.2,,,0.2,100,2026-04-08T03:24:22.426106+00:00
114847,MULTIVERSE,2020-01-28,0.2,,,0.2,100000,2026-04-08T03:24:24.728321+00:00
114950,MULTIVERSE,2020-01-29,0.2,,,0.2,0,2026-04-08T03:24:27.287495+00:00
115053,MULTIVERSE,2020-01-30,0.2,,,0.2,1475000,2026-04-08T03:24:29.658352+00:00
115156,MULTIVERSE,2020-01-31,0.2,,,0.2,10000,2026-04-08T03:24:31.961868+00:00
115259,MULTIVERSE,2020-02-03,0.2,,,0.2,350000,2026-04-08T03:24:36.430808+00:00
115362,MULTIVERSE,2020-02-04,0.2,,,0.2,0,2026-04-08T03:24:38.687124+00:00
115465,MULTIVERSE,2020-02-05,0.2,,,0.2,0,2026-04-08T03:24:41.03998+00:00
115568,MULTIVERSE,2020-02-06,0.2,,,0.2,0,2026-04-08T03:24:43.345135+00:00
115671,MULTIVERSE,2020-02-07,0.2,,,0.2,0,2026-04-08T03:24:45.609576+00:00
115774,MULTIVERSE,2020-02-10,0.2,,,0.2,0,2026-04-08T03:24:50.182603+00:00
115877,MULTIVERSE,2020-02-11,0.2,,,0.2,0,2026-04-08T03:24:52.780016+00:00
115980,MULTIVERSE,2020-02-12,0.2,,,0.2,0,2026-04-08T03:24:55.120152+00:00
116083,MULTIVERSE,2020-02-13,0.2,,,0.2,0,2026-04-08T03:24:57.649025+00:00
116186,MULTIVERSE,2020-02-14,0.2,,,0.2,200,2026-04-08T03:25:00.080254+00:00
116289,MULTIVERSE,2020-02-17,0.2,,,0.2,25000,2026-04-08T03:25:04.377856+00:00
116392,MULTIVERSE,2020-02-18,0.2,,,0.2,0,2026-04-08T03:25:06.773592+00:00
116495,MULTIVERSE,2020-02-19,0.2,,,0.2,0,2026-04-08T03:25:09.231504+00:00
116598,MULTIVERSE,2020-02-20,0.2,,,0.2,0,2026-04-08T03:25:11.501588+00:00
116701,MULTIVERSE,2020-02-21,0.2,,,0.2,0,2026-04-08T03:25:13.948187+00:00
116804,MULTIVERSE,2020-02-24,0.2,,,0.2,0,2026-04-08T03:25:18.415367+00:00
116907,MULTIVERSE,2020-02-25,0.2,,,0.2,0,2026-04-08T03:25:20.711298+00:00
117010,MULTIVERSE,2020-02-26,0.2,,,0.2,0,2026-04-08T03:25:23.465375+00:00
117113,MULTIVERSE,2020-02-27,0.2,,,0.2,0,2026-04-08T03:25:26.011368+00:00
117216,MULTIVERSE,2020-02-28,0.2,,,0.2,0,2026-04-08T03:25:28.472167+00:00
117319,MULTIVERSE,2020-03-02,0.2,,,0.2,0,2026-04-08T03:25:32.979972+00:00
117422,MULTIVERSE,2020-03-03,0.2,,,0.2,100,2026-04-08T03:25:35.324079+00:00
117525,MULTIVERSE,2020-03-04,0.2,,,0.2,0,2026-04-08T03:25:37.587456+00:00
117628,MULTIVERSE,2020-03-05,0.2,,,0.2,0,2026-04-08T03:25:39.825698+00:00
117731,MULTIVERSE,2020-03-09,0.2,,,0.2,0,2026-04-08T03:25:45.227559+00:00
117834,MULTIVERSE,2020-03-10,0.2,,,0.2,15000,2026-04-08T03:25:47.644077+00:00
117937,MULTIVERSE,2020-03-11,0.2,,,0.2,0,2026-04-08T03:25:49.940962+00:00
118040,MULTIVERSE,2020-03-12,0.2,,,0.2,0,2026-04-08T03:25:52.243289+00:00
118143,MULTIVERSE,2020-03-13,0.2,,,0.2,0,2026-04-08T03:25:54.520183+00:00
118246,MULTIVERSE,2020-03-16,0.2,,,0.2,4500,2026-04-08T03:25:58.965391+00:00
118349,MULTIVERSE,2020-03-17,0.2,,,0.2,0,2026-04-08T03:26:01.331984+00:00
118452,MULTIVERSE,2020-03-18,0.2,,,0.2,0,2026-04-08T03:26:03.589989+00:00
118555,MULTIVERSE,2020-03-19,0.2,,,0.2,0,2026-04-08T03:26:05.957067+00:00
118658,MULTIVERSE,2020-03-20,0.2,,,0.2,0,2026-04-08T03:26:08.377452+00:00
118761,MULTIVERSE,2020-03-23,0.2,,,0.2,0,2026-04-08T03:26:12.667002+00:00
118864,MULTIVERSE,2020-03-24,0.2,,,0.2,0,2026-04-08T03:26:14.960057+00:00
118967,MULTIVERSE,2020-03-25,0.2,,,0.2,0,2026-04-08T03:26:17.224804+00:00
119070,MULTIVERSE,2020-03-26,0.2,,,0.2,0,2026-04-08T03:26:19.64473+00:00
119173,MULTIVERSE,2020-03-27,0.2,,,0.2,0,2026-04-08T03:26:21.968693+00:00
119276,MULTIVERSE,2020-03-30,0.2,,,0.2,315000,2026-04-08T03:26:26.43282+00:00
119379,MULTIVERSE,2020-03-31,0.2,,,0.2,0,2026-04-08T03:26:28.926506+00:00
119482,MULTIVERSE,2020-04-01,0.2,,,0.2,10000,2026-04-08T03:26:31.173614+00:00
119585,MULTIVERSE,2020-04-02,0.2,,,0.2,0,2026-04-08T03:26:33.480235+00:00
119688,MULTIVERSE,2020-04-03,0.2,,,0.2,315000,2026-04-08T03:26:35.777807+00:00
119791,MULTIVERSE,2020-04-06,0.2,,,0.2,0,2026-04-08T03:26:40.135575+00:00
119894,MULTIVERSE,2020-04-07,0.2,,,0.2,0,2026-04-08T03:26:42.376644+00:00
119997,MULTIVERSE,2020-04-08,0.2,,,0.2,0,2026-04-08T03:26:44.690105+00:00
120100,MULTIVERSE,2020-04-09,0.2,,,0.2,0,2026-04-08T03:26:47.020639+00:00
120203,MULTIVERSE,2020-04-14,0.2,,,0.2,5000,2026-04-08T03:26:53.304016+00:00
120306,MULTIVERSE,2020-04-15,0.2,,,0.2,0,2026-04-08T03:26:55.643286+00:00
120409,MULTIVERSE,2020-04-16,0.2,,,0.2,0,2026-04-08T03:26:58.005731+00:00
120512,MULTIVERSE,2020-04-17,0.2,,,0.2,0,2026-04-08T03:27:00.196144+00:00
120615,MULTIVERSE,2020-04-20,0.2,,,0.2,0,2026-04-08T03:27:04.902814+00:00
120718,MULTIVERSE,2020-04-21,0.2,,,0.2,0,2026-04-08T03:27:07.124699+00:00
120821,MULTIVERSE,2020-04-22,0.2,,,0.2,0,2026-04-08T03:27:09.50407+00:00
120924,MULTIVERSE,2020-04-23,0.2,,,0.2,0,2026-04-08T03:27:11.732195+00:00
121027,MULTIVERSE,2020-04-24,0.2,,,0.2,0,2026-04-08T03:27:14.133022+00:00
121130,MULTIVERSE,2020-04-27,0.2,,,0.2,0,2026-04-08T03:27:18.376911+00:00
121233,MULTIVERSE,2020-04-28,0.2,,,0.2,0,2026-04-08T03:27:20.70836+00:00
121336,MULTIVERSE,2020-04-29,0.2,,,0.2,0,2026-04-08T03:27:23.099969+00:00
121439,MULTIVERSE,2020-04-30,0.2,,,0.2,0,2026-04-08T03:27:25.479794+00:00
121542,MULTIVERSE,2020-05-04,0.2,,,0.2,0,2026-04-08T03:27:30.67652+00:00
121645,MULTIVERSE,2020-05-05,0.2,,,0.2,10000,2026-04-08T03:27:32.997372+00:00
121748,MULTIVERSE,2020-05-06,0.2,,,0.2,0,2026-04-08T03:27:35.368243+00:00
121851,MULTIVERSE,2020-05-07,0.2,,,0.2,0,2026-04-08T03:27:37.70358+00:00
121954,MULTIVERSE,2020-05-08,0.2,,,0.2,0,2026-04-08T03:27:39.945267+00:00
122057,MULTIVERSE,2020-05-11,0.2,,,0.2,0,2026-04-08T03:27:44.543581+00:00
122160,MULTIVERSE,2020-05-12,0.2,,,0.2,0,2026-04-08T03:27:46.988848+00:00
122263,MULTIVERSE,2020-05-13,0.2,,,0.2,0,2026-04-08T03:27:49.292243+00:00
122366,MULTIVERSE,2020-05-14,0.2,,,0.2,0,2026-04-08T03:27:51.592074+00:00
122469,MULTIVERSE,2020-05-19,0.2,,,0.2,0,2026-04-08T03:27:58.031425+00:00
122572,MULTIVERSE,2020-05-20,0.2,,,0.2,0,2026-04-08T03:28:00.412443+00:00
122675,MULTIVERSE,2020-05-21,0.2,,,0.2,78750,2026-04-08T03:28:02.829603+00:00
122778,MULTIVERSE,2020-05-27,0.2,,,0.2,8000,2026-04-08T03:28:10.17932+00:00
122881,MULTIVERSE,2020-05-28,0.2,,,0.2,450000,2026-04-08T03:28:12.484321+00:00
122984,MULTIVERSE,2020-05-29,0.2,,,0.2,0,2026-04-08T03:28:14.796152+00:00
123087,MULTIVERSE,2020-06-02,0.2,,,0.2,324350,2026-04-08T03:28:20.224588+00:00
123190,MULTIVERSE,2020-06-03,0.2,,,0.2,0,2026-04-08T03:28:22.45251+00:00
123293,MULTIVERSE,2020-06-04,0.2,,,0.2,19800,2026-04-08T03:28:24.742978+00:00
123396,MULTIVERSE,2020-06-05,0.2,,,0.2,0,2026-04-08T03:28:26.997708+00:00
123499,MULTIVERSE,2020-06-08,0.2,,,0.2,74500,2026-04-08T03:28:31.360755+00:00
123602,MULTIVERSE,2020-06-09,0.2,,,0.2,0,2026-04-08T03:28:33.545964+00:00
123705,MULTIVERSE,2020-06-10,0.2,,,0.2,332500,2026-04-08T03:28:35.856379+00:00
123808,MULTIVERSE,2020-06-11,0.2,,,0.2,10015000,2026-04-08T03:28:38.052531+00:00
123911,MULTIVERSE,2020-06-15,0.2,,,0.2,16000,2026-04-08T03:28:43.437023+00:00
124014,MULTIVERSE,2020-06-16,0.2,,,0.2,200000,2026-04-08T03:28:45.961134+00:00
124117,MULTIVERSE,2020-06-17,0.2,,,0.2,0,2026-04-08T03:28:48.324213+00:00
124220,MULTIVERSE,2020-06-18,0.2,,,0.2,0,2026-04-08T03:28:50.696546+00:00
124323,MULTIVERSE,2020-06-19,0.2,,,0.2,0,2026-04-08T03:28:53.406809+00:00
124426,MULTIVERSE,2020-06-22,0.2,,,0.2,0,2026-04-08T03:28:57.922359+00:00
124529,MULTIVERSE,2020-06-23,0.2,,,0.2,0,2026-04-08T03:29:00.283028+00:00
124632,MULTIVERSE,2020-06-24,0.2,,,0.2,0,2026-04-08T03:29:02.79982+00:00
124735,MULTIVERSE,2020-06-25,0.2,,,0.2,0,2026-04-08T03:29:05.076463+00:00
124838,MULTIVERSE,2020-06-26,0.2,,,0.2,0,2026-04-08T03:29:07.48598+00:00
124941,MULTIVERSE,2020-06-29,0.2,,,0.2,0,2026-04-08T03:29:11.968016+00:00
125044,MULTIVERSE,2020-06-30,0.2,,,0.2,0,2026-04-08T03:29:14.28255+00:00
125147,MULTIVERSE,2020-07-01,0.2,,,0.2,0,2026-04-08T03:29:16.703757+00:00
125250,MULTIVERSE,2020-07-02,0.2,,,0.2,0,2026-04-08T03:29:19.127663+00:00
125353,MULTIVERSE,2020-07-03,0.2,,,0.2,0,2026-04-08T03:29:21.544735+00:00
125456,MULTIVERSE,2020-07-07,0.2,,,0.2,0,2026-04-08T03:29:27.331532+00:00
125559,MULTIVERSE,2020-07-08,0.2,,,0.2,334476,2026-04-08T03:29:29.768744+00:00
125662,MULTIVERSE,2020-07-09,0.2,,,0.2,0,2026-04-08T03:29:32.143692+00:00
125765,MULTIVERSE,2020-07-10,0.2,,,0.2,0,2026-04-08T03:29:34.521297+00:00
125868,MULTIVERSE,2020-07-13,0.2,,,0.2,0,2026-04-08T03:29:39.007126+00:00
125971,MULTIVERSE,2020-07-14,0.2,,,0.2,0,2026-04-08T03:29:41.304989+00:00
126074,MULTIVERSE,2020-07-15,0.2,,,0.2,100000,2026-04-08T03:29:43.708156+00:00
126177,MULTIVERSE,2020-07-16,0.2,,,0.2,5500,2026-04-08T03:29:45.979708+00:00
126280,MULTIVERSE,2020-07-17,0.2,,,0.2,0,2026-04-08T03:29:48.357101+00:00
126383,MULTIVERSE,2020-07-20,0.2,,,0.2,10,2026-04-08T03:29:52.723074+00:00
126486,MULTIVERSE,2020-07-21,0.2,,,0.2,450,2026-04-08T03:29:55.035926+00:00
126589,MULTIVERSE,2020-07-23,0.2,,,0.2,101000,2026-04-08T03:29:58.238067+00:00
126692,MULTIVERSE,2020-07-24,0.2,,,0.2,5000,2026-04-08T03:30:00.541513+00:00
126795,MULTIVERSE,2020-07-27,0.2,,,0.2,10000,2026-04-08T03:30:04.748878+00:00
126898,MULTIVERSE,2020-07-28,0.2,,,0.2,0,2026-04-08T03:30:07.286947+00:00
127001,MULTIVERSE,2020-07-29,0.2,,,0.2,0,2026-04-08T03:30:09.725653+00:00
127104,MULTIVERSE,2020-08-03,0.2,,,0.2,0,2026-04-08T03:30:16.711714+00:00
127207,MULTIVERSE,2020-08-04,0.2,,,0.2,0,2026-04-08T03:30:19.026905+00:00
127310,MULTIVERSE,2020-08-05,0.2,,,0.2,0,2026-04-08T03:30:21.509999+00:00
127413,MULTIVERSE,2020-08-06,0.2,,,0.2,2090,2026-04-08T03:30:23.823287+00:00
127516,MULTIVERSE,2020-08-07,0.2,,,0.2,0,2026-04-08T03:30:26.221973+00:00
127619,MULTIVERSE,2020-08-10,0.2,,,0.2,0,2026-04-08T03:30:31.080726+00:00
127722,MULTIVERSE,2020-08-11,0.2,,,0.2,0,2026-04-08T03:30:33.557314+00:00
127825,MULTIVERSE,2020-08-12,0.2,,,0.2,0,2026-04-08T03:30:35.989363+00:00
127928,MULTIVERSE,2020-08-13,0.2,,,0.2,0,2026-04-08T03:30:38.402702+00:00
128031,MULTIVERSE,2020-08-14,0.2,,,0.2,0,2026-04-08T03:30:40.738296+00:00
128134,MULTIVERSE,2020-08-17,0.2,,,0.2,0,2026-04-08T03:30:45.179846+00:00
128237,MULTIVERSE,2020-08-18,0.2,,,0.2,5500,2026-04-08T03:30:47.750292+00:00
128340,MULTIVERSE,2020-08-19,0.2,,,0.2,0,2026-04-08T03:30:50.260611+00:00
128443,MULTIVERSE,2020-08-20,0.2,,,0.2,0,2026-04-08T03:30:52.728097+00:00
128546,MULTIVERSE,2020-08-21,0.2,,,0.2,0,2026-04-08T03:30:55.129893+00:00
128649,MULTIVERSE,2020-08-24,0.2,,,0.2,0,2026-04-08T03:30:59.50528+00:00
128752,MULTIVERSE,2020-08-25,0.2,,,0.2,0,2026-04-08T03:31:01.97181+00:00
128855,MULTIVERSE,2020-08-26,0.2,,,0.2,0,2026-04-08T03:31:04.340397+00:00
128958,MULTIVERSE,2020-08-27,0.2,,,0.2,0,2026-04-08T03:31:06.825032+00:00
129061,MULTIVERSE,2020-08-28,0.2,,,0.2,0,2026-04-08T03:31:10.050623+00:00
129164,MULTIVERSE,2020-08-31,0.2,,,0.2,0,2026-04-08T03:31:14.574397+00:00
129267,MULTIVERSE,2020-09-01,0.2,,,0.2,220,2026-04-08T03:31:16.859057+00:00
129370,MULTIVERSE,2020-09-02,0.2,,,0.2,0,2026-04-08T03:31:19.223829+00:00
129473,MULTIVERSE,2020-09-03,0.2,,,0.2,0,2026-04-08T03:31:21.580357+00:00
129576,MULTIVERSE,2020-09-04,0.2,,,0.2,15000,2026-04-08T03:31:24.095323+00:00
129679,MULTIVERSE,2020-09-07,0.2,,,0.2,0,2026-04-08T03:31:29.028072+00:00
129782,MULTIVERSE,2020-09-08,0.2,,,0.2,0,2026-04-08T03:31:31.696694+00:00
129885,MULTIVERSE,2020-09-09,0.2,,,0.2,0,2026-04-08T03:31:34.222499+00:00
129988,MULTIVERSE,2020-09-10,0.2,,,0.2,0,2026-04-08T03:31:36.666154+00:00
130091,MULTIVERSE,2020-09-11,0.2,,,0.2,0,2026-04-08T03:31:39.224755+00:00
130194,MULTIVERSE,2020-09-14,0.2,,,0.2,0,2026-04-08T03:31:43.669625+00:00
130297,MULTIVERSE,2020-09-15,0.2,,,0.2,500,2026-04-08T03:31:46.096824+00:00
130400,MULTIVERSE,2020-09-16,0.2,,,0.2,0,2026-04-08T03:31:48.62473+00:00
130503,MULTIVERSE,2020-09-17,0.2,,,0.2,500000,2026-04-08T03:31:51.120615+00:00
130606,MULTIVERSE,2020-09-18,0.2,,,0.2,1000000,2026-04-08T03:31:53.500222+00:00
130709,MULTIVERSE,2020-09-21,0.2,,,0.2,10000,2026-04-08T03:31:57.915353+00:00
130812,MULTIVERSE,2020-09-22,0.2,,,0.2,7500,2026-04-08T03:32:00.361616+00:00
130915,MULTIVERSE,2020-09-23,0.2,,,0.2,0,2026-04-08T03:32:02.667296+00:00
131018,MULTIVERSE,2020-09-24,0.2,,,0.2,100,2026-04-08T03:32:05.077899+00:00
131121,MULTIVERSE,2020-09-25,0.2,,,0.2,0,2026-04-08T03:32:07.472813+00:00
131224,MULTIVERSE,2020-09-28,0.2,,,0.2,0,2026-04-08T03:32:12.542607+00:00
131327,MULTIVERSE,2020-09-29,0.2,,,0.2,250000,2026-04-08T03:32:14.948969+00:00
131430,MULTIVERSE,2020-09-30,0.2,,,0.2,0,2026-04-08T03:32:17.368144+00:00
131533,MULTIVERSE,2020-10-02,0.2,,,0.2,0,2026-04-08T03:32:21.009688+00:00
131636,MULTIVERSE,2020-10-05,0.2,,,0.2,0,2026-04-08T03:32:25.669514+00:00
131739,MULTIVERSE,2020-10-06,0.2,,,0.2,0,2026-04-08T03:32:28.151061+00:00
131842,MULTIVERSE,2020-10-07,0.2,,,0.2,0,2026-04-08T03:32:30.62441+00:00
131945,MULTIVERSE,2020-10-08,0.2,,,0.2,0,2026-04-08T03:32:32.995223+00:00
132048,MULTIVERSE,2020-10-09,0.2,,,0.2,11100,2026-04-08T03:32:35.453646+00:00
132151,MULTIVERSE,2020-10-12,0.2,,,0.2,0,2026-04-08T03:32:39.836845+00:00
132254,MULTIVERSE,2020-10-13,0.2,,,0.2,1500,2026-04-08T03:32:42.883097+00:00
132357,MULTIVERSE,2020-10-14,0.2,,,0.2,0,2026-04-08T03:32:45.313484+00:00
132460,MULTIVERSE,2020-10-15,0.2,,,0.2,30000,2026-04-08T03:32:47.672181+00:00
132563,MULTIVERSE,2020-10-16,0.2,,,0.2,0,2026-04-08T03:32:50.112843+00:00
132666,MULTIVERSE,2020-10-19,0.2,,,0.2,0,2026-04-08T03:32:54.594352+00:00
132769,MULTIVERSE,2020-10-20,0.2,,,0.2,0,2026-04-08T03:32:57.288568+00:00
132872,MULTIVERSE,2020-10-21,0.2,,,0.2,0,2026-04-08T03:32:59.679627+00:00
132975,MULTIVERSE,2020-10-22,0.2,,,0.2,0,2026-04-08T03:33:02.194874+00:00
133078,MULTIVERSE,2020-10-23,0.2,,,0.2,0,2026-04-08T03:33:04.540232+00:00
133181,MULTIVERSE,2020-10-26,0.2,,,0.2,1000,2026-04-08T03:33:08.964122+00:00
133284,MULTIVERSE,2020-10-27,0.2,,,0.2,0,2026-04-08T03:33:12.04516+00:00
133387,MULTIVERSE,2020-10-28,0.2,,,0.2,6900,2026-04-08T03:33:14.504918+00:00
133490,MULTIVERSE,2020-10-30,0.2,,,0.2,0,2026-04-08T03:33:18.13889+00:00
133593,MULTIVERSE,2020-11-02,0.2,,,0.2,0,2026-04-08T03:33:22.589733+00:00
133696,MULTIVERSE,2020-11-03,0.2,,,0.2,0,2026-04-08T03:33:24.936567+00:00
133799,MULTIVERSE,2020-11-04,0.2,,,0.2,0,2026-04-08T03:33:27.402012+00:00
133902,MULTIVERSE,2020-11-05,0.2,,,0.2,1250000,2026-04-08T03:33:29.791139+00:00
134005,MULTIVERSE,2020-11-06,0.2,,,0.2,0,2026-04-08T03:33:32.190465+00:00
134108,MULTIVERSE,2020-11-09,0.2,,,0.2,0,2026-04-08T03:33:36.944942+00:00
134212,MULTIVERSE,2020-11-10,0.2,,,0.2,500000,2026-04-08T03:33:39.328014+00:00
134316,MULTIVERSE,2020-11-11,0.2,,,0.2,60000,2026-04-08T03:33:41.646704+00:00
134420,MULTIVERSE,2020-11-12,0.2,,,0.2,0,2026-04-08T03:33:44.075825+00:00
134524,MULTIVERSE,2020-11-13,0.2,,,0.2,0,2026-04-08T03:33:46.660663+00:00
134628,MULTIVERSE,2020-11-16,0.2,,,0.2,0,2026-04-08T03:33:51.206328+00:00
134732,MULTIVERSE,2020-11-17,0.2,,,0.2,25000,2026-04-08T03:33:53.594986+00:00
134836,MULTIVERSE,2020-11-18,0.2,,,0.2,20000,2026-04-08T03:33:56.053488+00:00
134940,MULTIVERSE,2020-11-19,0.2,,,0.2,5000,2026-04-08T03:33:58.535588+00:00
135044,MULTIVERSE,2020-11-20,0.2,,,0.2,100025,2026-04-08T03:34:01.033528+00:00
135148,MULTIVERSE,2020-11-23,0.2,,,0.2,149,2026-04-08T03:34:05.446005+00:00
135252,MULTIVERSE,2020-11-24,0.2,,,0.2,150000,2026-04-08T03:34:07.827748+00:00
135356,MULTIVERSE,2020-11-25,0.2,,,0.2,0,2026-04-08T03:34:10.273596+00:00
135460,MULTIVERSE,2020-11-26,0.2,,,0.2,0,2026-04-08T03:34:12.878043+00:00
135564,MULTIVERSE,2020-11-27,0.2,,,0.2,0,2026-04-08T03:34:15.660625+00:00
135668,MULTIVERSE,2020-11-30,0.2,,,0.2,84009000,2026-04-08T03:34:20.595268+00:00
135772,MULTIVERSE,2020-12-01,0.2,,,0.2,2090375,2026-04-08T03:34:22.915781+00:00
135875,MULTIVERSE,2020-12-02,0.2,,,0.2,0,2026-04-08T03:34:25.200893+00:00
135977,MULTIVERSE,2020-12-03,0.2,,,0.2,500,2026-04-08T03:34:27.500503+00:00
136079,MULTIVERSE,2020-12-04,0.2,,,0.2,500000,2026-04-08T03:34:29.754666+00:00
136183,MULTIVERSE,2020-12-07,0.2,,,0.2,0,2026-04-08T03:34:34.092506+00:00
136287,MULTIVERSE,2020-12-08,0.2,,,0.2,100000,2026-04-08T03:34:36.413898+00:00
136391,MULTIVERSE,2020-12-09,0.2,,,0.2,0,2026-04-08T03:34:38.741358+00:00
136495,MULTIVERSE,2020-12-10,0.2,,,0.2,0,2026-04-08T03:34:41.210459+00:00
136599,MULTIVERSE,2020-12-11,0.2,,,0.2,0,2026-04-08T03:34:43.516271+00:00
136703,MULTIVERSE,2020-12-14,0.2,,,0.2,3500,2026-04-08T03:34:47.752987+00:00
136808,MULTIVERSE,2020-12-15,0.2,,,0.2,379900,2026-04-08T03:34:50.014046+00:00
136913,MULTIVERSE,2020-12-16,0.2,,,0.2,0,2026-04-08T03:34:52.260784+00:00
137018,MULTIVERSE,2020-12-17,0.2,,,0.2,0,2026-04-08T03:34:54.700208+00:00
137123,MULTIVERSE,2020-12-18,0.2,,,0.2,0,2026-04-08T03:34:57.404383+00:00
137228,MULTIVERSE,2020-12-21,0.2,,,0.2,0,2026-04-08T03:35:01.74156+00:00
137333,MULTIVERSE,2020-12-22,0.2,,,0.2,200000,2026-04-08T03:35:04.087051+00:00
137438,MULTIVERSE,2020-12-23,0.2,,,0.2,700000,2026-04-08T03:35:06.465463+00:00
137543,MULTIVERSE,2020-12-24,0.2,,,0.2,1358400,2026-04-08T03:35:08.859517+00:00
137648,MULTIVERSE,2020-12-29,0.2,,,0.2,68697,2026-04-08T03:35:15.710612+00:00
137753,MULTIVERSE,2020-12-30,0.2,,,0.2,0,2026-04-08T03:35:18.332825+00:00
137858,MULTIVERSE,2020-12-31,0.2,,,0.2,105000,2026-04-08T03:35:20.721524+00:00
137963,MULTIVERSE,2021-01-04,0.2,,,0.2,0,2026-04-08T03:35:26.376094+00:00
138068,MULTIVERSE,2021-01-05,0.2,,,0.2,0,2026-04-08T03:35:29.033034+00:00
138173,MULTIVERSE,2021-01-06,0.2,,,0.2,13000,2026-04-08T03:35:31.424152+00:00
138278,MULTIVERSE,2021-01-07,0.2,,,0.2,0,2026-04-08T03:35:34.042283+00:00
138383,MULTIVERSE,2021-01-08,0.2,,,0.2,0,2026-04-08T03:35:36.489888+00:00
138488,MULTIVERSE,2021-01-11,0.2,,,0.2,22,2026-04-08T03:35:41.134484+00:00
138593,MULTIVERSE,2021-01-12,0.2,,,0.2,0,2026-04-08T03:35:43.444525+00:00
138698,MULTIVERSE,2021-01-13,0.2,,,0.2,0,2026-04-08T03:35:45.752573+00:00
138803,MULTIVERSE,2021-01-14,0.2,,,0.2,0,2026-04-08T03:35:48.266873+00:00
138908,MULTIVERSE,2021-01-15,0.2,,,0.2,0,2026-04-08T03:35:50.536305+00:00
139013,MULTIVERSE,2021-01-18,0.2,,,0.2,909,2026-04-08T03:35:55.012207+00:00
139118,MULTIVERSE,2021-01-19,0.2,,,0.2,46495,2026-04-08T03:35:57.346792+00:00
139223,MULTIVERSE,2021-01-20,0.2,,,0.2,58936,2026-04-08T03:35:59.785195+00:00
139328,MULTIVERSE,2021-01-21,0.22,,,0.22,1000000,2026-04-08T03:36:02.057398+00:00
139433,MULTIVERSE,2021-01-22,0.24,,,0.24,686996,2026-04-08T03:36:04.490813+00:00
139538,MULTIVERSE,2021-01-25,0.22,,,0.22,4491986,2026-04-08T03:36:09.142175+00:00
139643,MULTIVERSE,2021-01-26,0.21,,,0.21,2066896,2026-04-08T03:36:11.477526+00:00
139748,MULTIVERSE,2021-01-27,0.23,,,0.23,3642408,2026-04-08T03:36:13.916788+00:00
139853,MULTIVERSE,2021-01-28,0.23,,,0.23,171300,2026-04-08T03:36:16.269205+00:00
139958,MULTIVERSE,2021-01-29,0.22,,,0.22,2194600,2026-04-08T03:36:18.603253+00:00
140063,MULTIVERSE,2021-02-01,0.21,,,0.21,11103730,2026-04-08T03:36:23.094546+00:00
140168,MULTIVERSE,2021-02-02,0.2,,,0.2,1552844,2026-04-08T03:36:25.523135+00:00
140273,MULTIVERSE,2021-02-03,0.21,,,0.21,1958333,2026-04-08T03:36:27.835035+00:00
140378,MULTIVERSE,2021-02-04,0.22,,,0.22,5000022,2026-04-08T03:36:30.225924+00:00
140483,MULTIVERSE,2021-02-05,0.24,,,0.24,2674900,2026-04-08T03:36:32.587221+00:00
140588,MULTIVERSE,2021-02-08,0.26,,,0.26,228593,2026-04-08T03:36:37.052653+00:00
140693,MULTIVERSE,2021-02-09,0.24,,,0.24,648000,2026-04-08T03:36:39.468141+00:00
140798,MULTIVERSE,2021-02-10,0.23,,,0.23,3025000,2026-04-08T03:36:41.836322+00:00
140903,MULTIVERSE,2021-02-11,0.21,,,0.21,1376000,2026-04-08T03:36:44.255641+00:00
141008,MULTIVERSE,2021-02-12,0.22,,,0.22,910000,2026-04-08T03:36:46.553737+00:00
141113,MULTIVERSE,2021-02-15,0.24,,,0.24,1091300,2026-04-08T03:36:50.983127+00:00
141218,MULTIVERSE,2021-02-16,0.26,,,0.26,1700000,2026-04-08T03:36:53.929967+00:00
141323,MULTIVERSE,2021-02-17,0.26,,,0.26,1489800,2026-04-08T03:36:56.762484+00:00
141428,MULTIVERSE,2021-02-18,0.24,,,0.24,1591700,2026-04-08T03:36:59.321693+00:00
141533,MULTIVERSE,2021-02-19,0.22,,,0.22,808204,2026-04-08T03:37:01.817881+00:00
141638,MULTIVERSE,2021-02-22,0.22,,,0.22,2671076,2026-04-08T03:37:06.27808+00:00
141743,MULTIVERSE,2021-02-23,0.21,,,0.21,520500,2026-04-08T03:37:08.890934+00:00
141848,MULTIVERSE,2021-02-24,0.2,,,0.2,11514891,2026-04-08T03:37:11.490979+00:00
141953,MULTIVERSE,2021-02-25,0.2,,,0.2,6351900,2026-04-08T03:37:14.190372+00:00
142058,MULTIVERSE,2021-02-26,0.2,,,0.2,1078818,2026-04-08T03:37:16.661186+00:00
142163,MULTIVERSE,2021-03-01,0.2,,,0.2,14309,2026-04-08T03:37:22.522205+00:00
142268,MULTIVERSE,2021-03-02,0.21,,,0.21,2405000,2026-04-08T03:37:25.400973+00:00
142373,MULTIVERSE,2021-03-03,0.2,,,0.2,617500,2026-04-08T03:37:28.29584+00:00
142478,MULTIVERSE,2021-03-04,0.2,,,0.2,130200,2026-04-08T03:37:30.865183+00:00
142583,MULTIVERSE,2021-03-05,0.2,,,0.2,338015,2026-04-08T03:37:35.032922+00:00
142688,MULTIVERSE,2021-03-08,0.2,,,0.2,2050500,2026-04-08T03:37:40.957406+00:00
142793,MULTIVERSE,2021-03-09,0.2,,,0.2,16010,2026-04-08T03:37:43.478318+00:00
142898,MULTIVERSE,2021-03-10,0.2,,,0.2,102486,2026-04-08T03:37:46.075681+00:00
143003,MULTIVERSE,2021-03-11,0.2,,,0.2,216500,2026-04-08T03:37:49.142973+00:00
143108,MULTIVERSE,2021-03-12,0.2,,,0.2,15000,2026-04-08T03:37:51.827027+00:00
143213,MULTIVERSE,2021-03-15,0.2,,,0.2,43500,2026-04-08T03:37:56.632273+00:00
143318,MULTIVERSE,2021-03-16,0.2,,,0.2,203360,2026-04-08T03:37:59.157483+00:00
143423,MULTIVERSE,2021-03-17,0.2,,,0.2,0,2026-04-08T03:38:01.497417+00:00
143528,MULTIVERSE,2021-03-18,0.2,,,0.2,200187497,2026-04-08T03:38:03.831621+00:00
143633,MULTIVERSE,2021-03-19,0.2,,,0.2,739408,2026-04-08T03:38:06.31825+00:00
143738,MULTIVERSE,2021-03-22,0.2,,,0.2,945300,2026-04-08T03:38:11.081229+00:00
143843,MULTIVERSE,2021-03-23,0.2,,,0.2,0,2026-04-08T03:38:13.396015+00:00
143948,MULTIVERSE,2021-03-24,0.2,,,0.2,1097600,2026-04-08T03:38:15.81449+00:00
144053,MULTIVERSE,2021-03-25,0.2,,,0.2,14760,2026-04-08T03:38:18.283134+00:00
144158,MULTIVERSE,2021-03-26,0.2,,,0.2,1009949,2026-04-08T03:38:20.746814+00:00
144263,MULTIVERSE,2021-03-29,0.2,,,0.2,211000,2026-04-08T03:38:25.159246+00:00
144368,MULTIVERSE,2021-03-30,0.2,,,0.2,2974650,2026-04-08T03:38:27.475529+00:00
144473,MULTIVERSE,2021-03-31,0.2,,,0.2,210000,2026-04-08T03:38:29.710175+00:00
144578,MULTIVERSE,2021-04-01,0.2,,,0.2,0,2026-04-08T03:38:32.086622+00:00
144683,MULTIVERSE,2021-04-06,0.2,,,0.2,0,2026-04-08T03:38:38.336109+00:00
144788,MULTIVERSE,2021-04-07,0.2,,,0.2,20740,2026-04-08T03:38:40.597593+00:00
144893,MULTIVERSE,2021-04-08,0.2,,,0.2,170000,2026-04-08T03:38:43.050318+00:00
144998,MULTIVERSE,2021-04-09,0.2,,,0.2,0,2026-04-08T03:38:45.381101+00:00
145103,MULTIVERSE,2021-04-12,0.2,,,0.2,1843370,2026-04-08T03:38:49.634064+00:00
145208,MULTIVERSE,2021-04-14,0.2,,,0.2,0,2026-04-08T03:38:53.291299+00:00
145313,MULTIVERSE,2021-04-15,0.2,,,0.2,2777694,2026-04-08T03:38:55.647647+00:00
145418,MULTIVERSE,2021-04-16,0.2,,,0.2,11573,2026-04-08T03:38:58.039758+00:00
145523,MULTIVERSE,2021-04-19,0.2,,,0.2,100000,2026-04-08T03:39:02.639407+00:00
145628,MULTIVERSE,2021-04-20,0.2,,,0.2,10000,2026-04-08T03:39:05.009889+00:00
145733,MULTIVERSE,2021-04-21,0.2,,,0.2,36900,2026-04-08T03:39:07.371999+00:00
145838,MULTIVERSE,2021-04-22,0.2,,,0.2,2463962,2026-04-08T03:39:09.720023+00:00
145943,MULTIVERSE,2021-04-26,0.2,,,0.2,0,2026-04-08T03:39:15.36746+00:00
146048,MULTIVERSE,2021-04-27,0.2,,,0.2,0,2026-04-08T03:39:17.695414+00:00
146153,MULTIVERSE,2021-04-28,0.2,,,0.2,10000,2026-04-08T03:39:20.620007+00:00
146258,MULTIVERSE,2021-04-29,0.2,,,0.2,210000,2026-04-08T03:39:22.905871+00:00
146363,MULTIVERSE,2021-04-30,0.2,,,0.2,210000,2026-04-08T03:39:25.430976+00:00
146468,MULTIVERSE,2021-05-04,0.2,,,0.2,50000,2026-04-08T03:39:31.322792+00:00
146573,MULTIVERSE,2021-05-05,0.2,,,0.2,0,2026-04-08T03:39:33.759587+00:00
146678,MULTIVERSE,2021-05-06,0.2,,,0.2,0,2026-04-08T03:39:36.246061+00:00
146783,MULTIVERSE,2021-05-07,0.2,,,0.2,41000,2026-04-08T03:39:38.47254+00:00
146888,MULTIVERSE,2021-05-10,0.2,,,0.2,12550,2026-04-08T03:39:42.886326+00:00
146993,MULTIVERSE,2021-05-11,0.2,,,0.2,0,2026-04-08T03:39:45.288668+00:00
147098,MULTIVERSE,2021-05-14,0.2,,,0.2,6300,2026-04-08T03:39:49.859206+00:00
147203,MULTIVERSE,2021-05-17,0.2,,,0.2,0,2026-04-08T03:39:54.343913+00:00
147308,MULTIVERSE,2021-05-18,0.2,,,0.2,0,2026-04-08T03:39:57.092526+00:00
147413,MULTIVERSE,2021-05-19,0.2,,,0.2,0,2026-04-08T03:39:59.433321+00:00
147518,MULTIVERSE,2021-05-20,0.2,,,0.2,2500,2026-04-08T03:40:01.906518+00:00
147623,MULTIVERSE,2021-05-21,0.2,,,0.2,0,2026-04-08T03:40:04.221824+00:00
147728,MULTIVERSE,2021-05-24,0.2,,,0.2,0,2026-04-08T03:40:08.535937+00:00
147833,MULTIVERSE,2021-05-25,0.2,,,0.2,2430200,2026-04-08T03:40:10.790359+00:00
147938,MULTIVERSE,2021-05-26,0.2,,,0.2,0,2026-04-08T03:40:13.088105+00:00
148043,MULTIVERSE,2021-05-27,0.2,,,0.2,0,2026-04-08T03:40:15.774564+00:00
148148,MULTIVERSE,2021-05-28,0.2,,,0.2,0,2026-04-08T03:40:18.222614+00:00
148253,MULTIVERSE,2021-05-31,0.2,,,0.2,9700,2026-04-08T03:40:23.651574+00:00
148358,MULTIVERSE,2021-06-01,0.2,,,0.2,0,2026-04-08T03:40:26.050454+00:00
148463,MULTIVERSE,2021-06-02,0.2,,,0.2,0,2026-04-08T03:40:28.576306+00:00
148568,MULTIVERSE,2021-06-03,0.2,,,0.2,1000,2026-04-08T03:40:31.001459+00:00
148673,MULTIVERSE,2021-06-04,0.2,,,0.2,1500,2026-04-08T03:40:33.442796+00:00
148778,MULTIVERSE,2021-06-07,0.2,,,0.2,0,2026-04-08T03:40:37.732645+00:00
148883,MULTIVERSE,2021-06-08,0.2,,,0.2,8500,2026-04-08T03:40:40.102423+00:00
148988,MULTIVERSE,2021-06-09,0.2,,,0.2,0,2026-04-08T03:40:42.486352+00:00
149093,MULTIVERSE,2021-06-10,0.2,,,0.2,75000,2026-04-08T03:40:45.029393+00:00
149198,MULTIVERSE,2021-06-11,0.2,,,0.2,0,2026-04-08T03:40:47.465669+00:00
149303,MULTIVERSE,2021-06-15,0.2,,,0.2,50000,2026-04-08T03:40:53.415974+00:00
149408,MULTIVERSE,2021-06-16,0.2,,,0.2,5000,2026-04-08T03:40:55.754681+00:00
149514,MULTIVERSE,2021-06-17,0.2,,,0.2,0,2026-04-08T03:40:58.172345+00:00
149620,MULTIVERSE,2021-06-18,0.2,,,0.2,1600,2026-04-08T03:41:00.479054+00:00
149726,MULTIVERSE,2021-06-21,0.2,,,0.2,6000,2026-04-08T03:41:05.049703+00:00
149833,MULTIVERSE,2021-06-22,0.2,,,0.2,0,2026-04-08T03:41:07.444448+00:00
149940,MULTIVERSE,2021-06-23,0.2,,,0.2,0,2026-04-08T03:41:09.819069+00:00
150047,MULTIVERSE,2021-06-24,0.2,,,0.2,1000,2026-04-08T03:41:12.2583+00:00
150154,MULTIVERSE,2021-06-25,0.2,,,0.2,1500,2026-04-08T03:41:14.6351+00:00
150261,MULTIVERSE,2021-06-28,0.2,,,0.2,0,2026-04-08T03:41:19.428749+00:00
150368,MULTIVERSE,2021-06-29,0.2,,,0.2,0,2026-04-08T03:41:22.147646+00:00
150475,MULTIVERSE,2021-06-30,0.2,,,0.2,0,2026-04-08T03:41:24.723581+00:00
150582,MULTIVERSE,2021-07-01,0.2,,,0.2,50000,2026-04-08T03:41:27.253573+00:00
150689,MULTIVERSE,2021-07-02,0.2,,,0.2,5000,2026-04-08T03:41:29.882533+00:00
150796,MULTIVERSE,2021-07-05,0.2,,,0.2,15930,2026-04-08T03:41:34.454391+00:00
150903,MULTIVERSE,2021-07-06,0.2,,,0.2,100000,2026-04-08T03:41:36.982623+00:00
151010,MULTIVERSE,2021-07-07,0.2,,,0.2,13750,2026-04-08T03:41:39.307643+00:00
151117,MULTIVERSE,2021-07-08,0.2,,,0.2,0,2026-04-08T03:41:41.672436+00:00
151225,MULTIVERSE,2021-07-09,0.2,,,0.2,12750,2026-04-08T03:41:44.186247+00:00
151333,MULTIVERSE,2021-07-12,0.2,,,0.2,2400,2026-04-08T03:41:48.615121+00:00
151441,MULTIVERSE,2021-07-13,0.2,,,0.2,128150,2026-04-08T03:41:50.993586+00:00
151549,MULTIVERSE,2021-07-14,0.2,,,0.2,2900,2026-04-08T03:41:53.268+00:00
151657,MULTIVERSE,2021-07-15,0.2,,,0.2,7000,2026-04-08T03:41:55.50175+00:00
151765,MULTIVERSE,2021-07-16,0.2,,,0.2,4000,2026-04-08T03:41:57.978751+00:00
151873,MULTIVERSE,2021-07-19,0.2,,,0.2,537000,2026-04-08T03:42:02.439681+00:00
151981,MULTIVERSE,2021-07-22,0.2,,,0.2,3100,2026-04-08T03:42:06.938387+00:00
152089,MULTIVERSE,2021-07-23,0.2,,,0.2,2175635,2026-04-08T03:42:09.224536+00:00
152197,MULTIVERSE,2021-07-26,0.2,,,0.2,0,2026-04-08T03:42:13.888963+00:00
152305,MULTIVERSE,2021-07-27,0.2,,,0.2,30000,2026-04-08T03:42:16.300026+00:00
152413,MULTIVERSE,2021-07-28,0.2,,,0.2,1500,2026-04-08T03:42:18.733972+00:00
152521,MULTIVERSE,2021-07-29,0.2,,,0.2,124500,2026-04-08T03:42:21.196071+00:00
152629,MULTIVERSE,2021-07-30,0.2,,,0.2,2500,2026-04-08T03:42:23.780537+00:00
152737,MULTIVERSE,2021-08-02,0.2,,,0.2,8361,2026-04-08T03:42:28.457705+00:00
152845,MULTIVERSE,2021-08-03,0.2,,,0.2,12600,2026-04-08T03:42:31.094462+00:00
152953,MULTIVERSE,2021-08-04,0.2,,,0.2,5000,2026-04-08T03:42:33.531563+00:00
153061,MULTIVERSE,2021-08-05,0.2,,,0.2,21000,2026-04-08T03:42:35.917081+00:00
153169,MULTIVERSE,2021-08-06,0.2,,,0.2,35000,2026-04-08T03:42:38.23616+00:00
153277,MULTIVERSE,2021-08-09,0.2,,,0.2,10000,2026-04-08T03:42:42.878342+00:00
153385,MULTIVERSE,2021-08-10,0.2,,,0.2,874950,2026-04-08T03:42:45.264053+00:00
153493,MULTIVERSE,2021-08-12,0.2,,,0.2,23000,2026-04-08T03:42:48.762656+00:00
153601,MULTIVERSE,2021-08-13,0.2,,,0.2,22500,2026-04-08T03:42:51.120096+00:00
153709,MULTIVERSE,2021-08-16,0.21,,,0.21,1076189,2026-04-08T03:42:55.556429+00:00
153817,MULTIVERSE,2021-08-17,0.21,,,0.21,228661,2026-04-08T03:42:57.870214+00:00
153925,MULTIVERSE,2021-08-18,0.2,,,0.2,255000,2026-04-08T03:43:00.318272+00:00
154033,MULTIVERSE,2021-08-19,0.2,,,0.2,269146,2026-04-08T03:43:02.743698+00:00
154141,MULTIVERSE,2021-08-20,0.2,,,0.2,0,2026-04-08T03:43:05.111187+00:00
154249,MULTIVERSE,2021-08-23,0.21,,,0.21,200200,2026-04-08T03:43:09.725908+00:00
154357,MULTIVERSE,2021-08-24,0.2,,,0.2,1169209,2026-04-08T03:43:12.031989+00:00
154465,MULTIVERSE,2021-08-25,0.2,,,0.2,97500,2026-04-08T03:43:14.375004+00:00
154573,MULTIVERSE,2021-08-26,0.2,,,0.2,71762,2026-04-08T03:43:16.860503+00:00
154681,MULTIVERSE,2021-08-27,0.2,,,0.2,5000,2026-04-08T03:43:19.247601+00:00
154789,MULTIVERSE,2021-08-30,0.2,,,0.2,8000,2026-04-08T03:43:23.756871+00:00
154897,MULTIVERSE,2021-08-31,0.2,,,0.2,36213,2026-04-08T03:43:26.203018+00:00
155005,MULTIVERSE,2021-09-01,0.2,,,0.2,1887691,2026-04-08T03:43:28.430514+00:00
155113,MULTIVERSE,2021-09-02,0.2,,,0.2,28800,2026-04-08T03:43:30.63423+00:00
155221,MULTIVERSE,2021-09-03,0.2,,,0.2,10000,2026-04-08T03:43:33.173741+00:00
155329,MULTIVERSE,2021-09-06,0.2,,,0.2,39500,2026-04-08T03:43:37.566628+00:00
155437,MULTIVERSE,2021-09-07,0.2,,,0.2,1000,2026-04-08T03:43:39.870652+00:00
155545,MULTIVERSE,2021-09-08,0.2,,,0.2,1500,2026-04-08T03:43:42.125577+00:00
155653,MULTIVERSE,2021-09-09,0.2,,,0.2,372500,2026-04-08T03:43:44.739177+00:00
155761,MULTIVERSE,2021-09-10,0.2,,,0.2,300000,2026-04-08T03:43:47.339386+00:00
155869,MULTIVERSE,2021-09-13,0.2,,,0.2,10099,2026-04-08T03:43:51.822078+00:00
155977,MULTIVERSE,2021-09-14,0.2,,,0.2,6800,2026-04-08T03:43:54.260371+00:00
156085,MULTIVERSE,2021-09-15,0.2,,,0.2,555000,2026-04-08T03:43:56.896801+00:00
156193,MULTIVERSE,2021-09-16,0.2,,,0.2,20000,2026-04-08T03:43:59.227477+00:00
156301,MULTIVERSE,2021-09-20,0.2,,,0.2,35714,2026-04-08T03:44:04.993721+00:00
156409,MULTIVERSE,2021-09-21,0.2,,,0.2,0,2026-04-08T03:44:07.727357+00:00
156517,MULTIVERSE,2021-09-22,0.2,,,0.2,9800,2026-04-08T03:44:10.239254+00:00
156625,MULTIVERSE,2021-09-23,0.2,,,0.2,35550,2026-04-08T03:44:12.661605+00:00
156733,MULTIVERSE,2021-09-24,0.2,,,0.2,19824,2026-04-08T03:44:15.34542+00:00
156841,MULTIVERSE,2021-09-27,0.2,,,0.2,115000,2026-04-08T03:44:19.850483+00:00
156949,MULTIVERSE,2021-09-28,0.2,,,0.2,19500,2026-04-08T03:44:22.678655+00:00
157057,MULTIVERSE,2021-09-29,0.2,,,0.2,15000,2026-04-08T03:44:25.133662+00:00
157165,MULTIVERSE,2021-09-30,0.2,,,0.2,40800,2026-04-08T03:44:27.471646+00:00
157273,MULTIVERSE,2021-10-04,0.2,,,0.2,11000,2026-04-08T03:44:32.876267+00:00
157381,MULTIVERSE,2021-10-05,0.2,,,0.2,453500,2026-04-08T03:44:35.445743+00:00
157489,MULTIVERSE,2021-10-06,0.2,,,0.2,1450424,2026-04-08T03:44:37.876116+00:00
157597,MULTIVERSE,2021-10-07,0.2,,,0.2,1978368,2026-04-08T03:44:40.206594+00:00
157705,MULTIVERSE,2021-10-08,0.2,,,0.2,11213100,2026-04-08T03:44:42.63936+00:00
157813,MULTIVERSE,2021-10-11,0.2,,,0.2,3081503,2026-04-08T03:44:47.21782+00:00
157921,MULTIVERSE,2021-10-12,0.2,,,0.2,2600000,2026-04-08T03:44:49.55017+00:00
158029,MULTIVERSE,2021-10-13,0.2,,,0.2,569108,2026-04-08T03:44:52.157785+00:00
158137,MULTIVERSE,2021-10-14,0.2,,,0.2,2083000,2026-04-08T03:44:54.53471+00:00
158246,MULTIVERSE,2021-10-15,0.2,,,0.2,145000,2026-04-08T03:44:56.91657+00:00
158355,MULTIVERSE,2021-10-18,0.2,,,0.2,55450,2026-04-08T03:45:01.595863+00:00
158464,MULTIVERSE,2021-10-20,0.2,,,0.2,563165,2026-04-08T03:45:05.471144+00:00
158573,MULTIVERSE,2021-10-21,0.2,,,0.2,36000,2026-04-08T03:45:08.008029+00:00
158680,MULTIVERSE,2021-10-22,0.2,,,0.2,321750,2026-04-08T03:45:10.474564+00:00
158789,MULTIVERSE,2021-10-25,0.2,,,0.2,84000,2026-04-08T03:45:15.28358+00:00
158898,MULTIVERSE,2021-10-26,0.2,,,0.2,605000,2026-04-08T03:45:17.74539+00:00
159007,MULTIVERSE,2021-10-27,0.2,,,0.2,54820,2026-04-08T03:45:20.303823+00:00
159116,MULTIVERSE,2021-10-28,0.2,,,0.2,6072000,2026-04-08T03:45:22.610226+00:00
159225,MULTIVERSE,2021-10-29,0.2,,,0.2,6607248,2026-04-08T03:45:25.013779+00:00
159334,MULTIVERSE,2021-11-01,0.2,,,0.2,2278845,2026-04-08T03:45:29.747778+00:00
159443,MULTIVERSE,2021-11-02,0.2,,,0.2,658001,2026-04-08T03:45:32.292585+00:00
159552,MULTIVERSE,2021-11-03,0.22,,,0.22,32079738,2026-04-08T03:45:34.604091+00:00
159661,MULTIVERSE,2021-11-04,0.22,,,0.22,2744734,2026-04-08T03:45:37.086301+00:00
159770,MULTIVERSE,2021-11-05,0.22,,,0.22,111081,2026-04-08T03:45:39.522081+00:00
159879,MULTIVERSE,2021-11-08,0.21,,,0.21,3196163,2026-04-08T03:45:44.061968+00:00
159988,MULTIVERSE,2021-11-10,0.2,,,0.2,4133311,2026-04-08T03:45:47.530577+00:00
160097,MULTIVERSE,2021-11-11,0.2,,,0.2,3221000,2026-04-08T03:45:49.990111+00:00
160206,MULTIVERSE,2021-11-12,0.2,,,0.2,13658,2026-04-08T03:45:52.531373+00:00
160315,MULTIVERSE,2021-11-15,0.2,,,0.2,1753900,2026-04-08T03:45:57.041913+00:00
160424,MULTIVERSE,2021-11-17,0.2,,,0.2,1200,2026-04-08T03:46:00.536124+00:00
160533,MULTIVERSE,2021-11-18,0.2,,,0.2,0,2026-04-08T03:46:03.012698+00:00
160642,MULTIVERSE,2021-11-19,0.2,,,0.2,91000,2026-04-08T03:46:05.423699+00:00
160751,MULTIVERSE,2021-11-22,0.2,,,0.2,40000,2026-04-08T03:46:10.306395+00:00
160860,MULTIVERSE,2021-11-23,0.2,,,0.2,201000,2026-04-08T03:46:12.888041+00:00
160969,MULTIVERSE,2021-11-24,0.2,,,0.2,32000,2026-04-08T03:46:15.261589+00:00
161078,MULTIVERSE,2021-11-25,0.2,,,0.2,544922,2026-04-08T03:46:17.544601+00:00
161187,MULTIVERSE,2021-11-29,0.2,,,0.2,169499,2026-04-08T03:46:23.244686+00:00
161296,MULTIVERSE,2021-11-30,0.2,,,0.2,115200,2026-04-08T03:46:25.627389+00:00
161405,MULTIVERSE,2021-12-01,0.2,,,0.2,252743,2026-04-08T03:46:28.190956+00:00
161514,MULTIVERSE,2021-12-02,0.2,,,0.2,110001,2026-04-08T03:46:30.651544+00:00
161623,MULTIVERSE,2021-12-03,0.2,,,0.2,800200,2026-04-08T03:46:33.124129+00:00
161732,MULTIVERSE,2021-12-06,0.2,,,0.2,2945612,2026-04-08T03:46:37.622095+00:00
161841,MULTIVERSE,2021-12-07,0.2,,,0.2,11820,2026-04-08T03:46:39.947423+00:00
161950,MULTIVERSE,2021-12-08,0.2,,,0.2,501150,2026-04-08T03:46:42.482337+00:00
162059,MULTIVERSE,2021-12-09,0.2,,,0.2,501000,2026-04-08T03:46:44.852467+00:00
162169,MULTIVERSE,2021-12-10,0.2,,,0.2,200,2026-04-08T03:46:47.321476+00:00
162279,MULTIVERSE,2021-12-13,0.2,,,0.2,130000,2026-04-08T03:46:51.775824+00:00
162389,MULTIVERSE,2021-12-14,0.2,,,0.2,280000,2026-04-08T03:46:54.126877+00:00
162499,MULTIVERSE,2021-12-15,0.2,,,0.2,600,2026-04-08T03:46:56.822916+00:00
162609,MULTIVERSE,2021-12-16,0.2,,,0.2,249400,2026-04-08T03:46:59.215115+00:00
162719,MULTIVERSE,2021-12-17,0.2,,,0.2,15000,2026-04-08T03:47:01.752329+00:00
162830,MULTIVERSE,2021-12-20,0.2,,,0.2,75340,2026-04-08T03:47:06.293287+00:00
162941,MULTIVERSE,2021-12-21,0.2,,,0.2,100000,2026-04-08T03:47:08.729464+00:00
163052,MULTIVERSE,2021-12-22,0.2,,,0.2,2000,2026-04-08T03:47:11.106283+00:00
163163,MULTIVERSE,2021-12-23,0.2,,,0.2,174500,2026-04-08T03:47:13.420215+00:00
163274,MULTIVERSE,2021-12-24,0.2,,,0.2,80250,2026-04-08T03:47:15.708642+00:00
163385,MULTIVERSE,2021-12-29,0.2,,,0.2,500000,2026-04-08T03:47:22.624079+00:00
163496,MULTIVERSE,2021-12-30,0.2,,,0.2,106500,2026-04-08T03:47:25.019388+00:00
163607,MULTIVERSE,2021-12-31,0.2,,,0.2,9000,2026-04-08T03:47:27.803632+00:00
163718,MULTIVERSE,2022-01-04,0.2,,,0.2,1789000,2026-04-08T03:47:33.190226+00:00
163830,MULTIVERSE,2022-01-05,0.2,,,0.2,379000,2026-04-08T03:47:35.481449+00:00
163942,MULTIVERSE,2022-01-06,0.2,,,0.2,1008010,2026-04-08T03:47:38.067383+00:00
164054,MULTIVERSE,2022-01-07,0.2,,,0.2,84240,2026-04-08T03:47:40.483305+00:00
164166,MULTIVERSE,2022-01-10,0.2,,,0.2,159500,2026-04-08T03:47:45.097739+00:00
164278,MULTIVERSE,2022-01-11,0.2,,,0.2,696820,2026-04-08T03:47:47.617941+00:00
164390,MULTIVERSE,2022-01-12,0.2,,,0.2,169680,2026-04-08T03:47:50.132225+00:00
164502,MULTIVERSE,2022-01-13,0.2,,,0.2,0,2026-04-08T03:47:52.673244+00:00
164614,MULTIVERSE,2022-01-14,0.2,,,0.2,10000,2026-04-08T03:47:55.308832+00:00
164726,MULTIVERSE,2022-01-17,0.2,,,0.2,5000,2026-04-08T03:47:59.999655+00:00
164838,MULTIVERSE,2022-01-18,0.2,,,0.2,100000,2026-04-08T03:48:02.353596+00:00
164950,MULTIVERSE,2022-01-19,0.2,,,0.2,140000,2026-04-08T03:48:04.820784+00:00
165062,MULTIVERSE,2022-01-20,0.2,,,0.2,5000,2026-04-08T03:48:07.325935+00:00
165174,MULTIVERSE,2022-01-21,0.2,,,0.2,10000,2026-04-08T03:48:09.696329+00:00
165286,MULTIVERSE,2022-01-24,0.2,,,0.2,55000,2026-04-08T03:48:14.136661+00:00
165398,MULTIVERSE,2022-01-25,0.2,,,0.2,5500,2026-04-08T03:48:16.50614+00:00
165510,MULTIVERSE,2022-01-26,0.21,,,0.21,57599031,2026-04-08T03:48:19.024911+00:00
165622,MULTIVERSE,2022-01-27,0.2,,,0.2,10737673,2026-04-08T03:48:21.585909+00:00
165734,MULTIVERSE,2022-01-28,0.2,,,0.2,3283700,2026-04-08T03:48:23.969021+00:00
165846,MULTIVERSE,2022-01-31,0.2,,,0.2,4264101,2026-04-08T03:48:28.465348+00:00
165958,MULTIVERSE,2022-02-01,0.2,,,0.2,10430804,2026-04-08T03:48:30.807911+00:00
166070,MULTIVERSE,2022-02-02,0.2,,,0.2,34165,2026-04-08T03:48:33.305516+00:00
166182,MULTIVERSE,2022-02-03,0.2,,,0.2,1959154,2026-04-08T03:48:35.918914+00:00
166294,MULTIVERSE,2022-02-04,0.2,,,0.2,142600,2026-04-08T03:48:38.317721+00:00
166406,MULTIVERSE,2022-02-07,0.2,,,0.2,946730,2026-04-08T03:48:42.904693+00:00
166518,MULTIVERSE,2022-02-08,0.21,,,0.21,893250,2026-04-08T03:48:45.378139+00:00
166630,MULTIVERSE,2022-02-09,0.2,,,0.2,1812578,2026-04-08T03:48:48.035665+00:00
166742,MULTIVERSE,2022-02-10,0.2,,,0.2,3854984,2026-04-08T03:48:50.398564+00:00
166854,MULTIVERSE,2022-02-11,0.21,,,0.21,985800,2026-04-08T03:48:52.774016+00:00
166966,MULTIVERSE,2022-02-14,0.2,,,0.2,3906993,2026-04-08T03:48:57.293433+00:00
167078,MULTIVERSE,2022-02-15,0.21,,,0.21,811500,2026-04-08T03:48:59.662493+00:00
167190,MULTIVERSE,2022-02-16,0.22,,,0.22,1077861,2026-04-08T03:49:02.003783+00:00
167302,MULTIVERSE,2022-02-17,0.24,,,0.24,5099600,2026-04-08T03:49:04.32656+00:00
167414,MULTIVERSE,2022-02-18,0.25,,,0.25,17393983,2026-04-08T03:49:06.711382+00:00
167526,MULTIVERSE,2022-02-21,0.23,,,0.23,8551390,2026-04-08T03:49:10.978464+00:00
167638,MULTIVERSE,2022-02-22,0.23,,,0.23,4821107,2026-04-08T03:49:13.528869+00:00
167750,MULTIVERSE,2022-02-23,0.25,,,0.25,5752295,2026-04-08T03:49:15.914345+00:00
167862,MULTIVERSE,2022-02-24,0.23,,,0.23,15759738,2026-04-08T03:49:18.676795+00:00
167974,MULTIVERSE,2022-02-25,0.23,,,0.23,9491514,2026-04-08T03:49:21.264729+00:00
168086,MULTIVERSE,2022-02-28,0.23,,,0.23,1623189,2026-04-08T03:49:25.620712+00:00
168198,MULTIVERSE,2022-03-01,0.22,,,0.22,1262866,2026-04-08T03:49:28.049171+00:00
168310,MULTIVERSE,2022-03-02,0.24,,,0.24,1883371,2026-04-08T03:49:30.283109+00:00
168422,MULTIVERSE,2022-03-03,0.23,,,0.23,1565635,2026-04-08T03:49:32.551227+00:00
168534,MULTIVERSE,2022-03-04,0.24,,,0.24,438460,2026-04-08T03:49:34.968546+00:00
168646,MULTIVERSE,2022-03-07,0.23,,,0.23,291536,2026-04-08T03:49:39.227432+00:00
168758,MULTIVERSE,2022-03-08,0.23,,,0.23,2043526,2026-04-08T03:49:41.475537+00:00
168870,MULTIVERSE,2022-03-09,0.24,,,0.24,565500,2026-04-08T03:49:43.759827+00:00
168982,MULTIVERSE,2022-03-10,0.24,,,0.24,4237977,2026-04-08T03:49:46.077826+00:00
169094,MULTIVERSE,2022-03-11,0.24,,,0.24,1984180,2026-04-08T03:49:48.438529+00:00
169206,MULTIVERSE,2022-03-14,0.24,,,0.24,261588,2026-04-08T03:49:53.114563+00:00
169318,MULTIVERSE,2022-03-15,0.22,,,0.22,373300,2026-04-08T03:49:55.533531+00:00
169430,MULTIVERSE,2022-03-16,0.22,,,0.22,20549,2026-04-08T03:49:57.903122+00:00
169542,MULTIVERSE,2022-03-17,0.23,,,0.23,4265037,2026-04-08T03:50:00.211329+00:00
169654,MULTIVERSE,2022-03-18,0.23,,,0.23,2146648,2026-04-08T03:50:02.865266+00:00
169766,MULTIVERSE,2022-03-21,0.22,,,0.22,1360600,2026-04-08T03:50:07.476142+00:00
169878,MULTIVERSE,2022-03-24,0.22,,,0.22,562000,2026-04-08T03:50:12.041871+00:00
169990,MULTIVERSE,2022-03-25,0.23,,,0.23,1176004,2026-04-08T03:50:14.507747+00:00
170102,MULTIVERSE,2022-03-28,0.24,,,0.24,5531848,2026-04-08T03:50:18.995306+00:00
170214,MULTIVERSE,2022-03-29,0.24,,,0.24,95090,2026-04-08T03:50:21.48252+00:00
170326,MULTIVERSE,2022-03-31,0.21,,,0.21,1214837,2026-04-08T03:50:25.686443+00:00
170438,MULTIVERSE,2022-04-01,0.23,,,0.23,1326000,2026-04-08T03:50:28.209626+00:00
170550,MULTIVERSE,2022-04-04,0.23,,,0.23,568894,2026-04-08T03:50:32.692631+00:00
170662,MULTIVERSE,2022-04-05,0.21,,,0.21,3365750,2026-04-08T03:50:35.152392+00:00
170774,MULTIVERSE,2022-04-06,0.23,,,0.23,139969,2026-04-08T03:50:37.478667+00:00
170886,MULTIVERSE,2022-04-07,0.23,,,0.23,354040,2026-04-08T03:50:39.880974+00:00
170998,MULTIVERSE,2022-04-08,0.22,,,0.22,235000,2026-04-08T03:50:42.48638+00:00
171110,MULTIVERSE,2022-04-11,0.21,,,0.21,280000,2026-04-08T03:50:47.197044+00:00
171222,MULTIVERSE,2022-04-12,0.21,,,0.21,32434,2026-04-08T03:50:49.473284+00:00
171334,MULTIVERSE,2022-04-13,0.21,,,0.21,1660000,2026-04-08T03:50:51.878986+00:00
171446,MULTIVERSE,2022-04-14,0.21,,,0.21,1068587,2026-04-08T03:50:54.439705+00:00
171558,MULTIVERSE,2022-04-19,0.21,,,0.21,1309762,2026-04-08T03:51:01.439974+00:00
171670,MULTIVERSE,2022-04-20,0.21,,,0.21,1302190,2026-04-08T03:51:03.698116+00:00
171782,MULTIVERSE,2022-04-21,0.21,,,0.21,6020,2026-04-08T03:51:06.083072+00:00
171894,MULTIVERSE,2022-04-22,0.21,,,0.21,2469216,2026-04-08T03:51:08.393199+00:00
172006,MULTIVERSE,2022-04-25,0.23,,,0.23,797766,2026-04-08T03:51:12.880327+00:00
172118,MULTIVERSE,2022-04-26,0.21,,,0.21,16307810,2026-04-08T03:51:15.284155+00:00
172230,MULTIVERSE,2022-04-27,0.2,,,0.2,36237453,2026-04-08T03:51:17.680395+00:00
172342,MULTIVERSE,2022-04-28,0.22,,,0.22,4621500,2026-04-08T03:51:20.413235+00:00
172454,MULTIVERSE,2022-04-29,0.23,,,0.23,1292367,2026-04-08T03:51:22.882631+00:00
172566,MULTIVERSE,2022-05-04,0.23,,,0.23,944651,2026-04-08T03:51:29.674847+00:00
172678,MULTIVERSE,2022-05-05,0.21,,,0.21,581280,2026-04-08T03:51:32.050072+00:00
172791,MULTIVERSE,2022-05-09,0.2,,,0.2,3129518,2026-04-08T03:51:37.853933+00:00
172904,MULTIVERSE,2022-05-10,0.22,,,0.22,3581756,2026-04-08T03:51:40.332012+00:00
173017,MULTIVERSE,2022-05-11,0.21,,,0.21,3208545,2026-04-08T03:51:42.74313+00:00
173130,MULTIVERSE,2022-05-12,0.22,,,0.22,2281500,2026-04-08T03:51:45.11326+00:00
173243,MULTIVERSE,2022-05-13,0.22,,,0.22,23730,2026-04-08T03:51:47.585464+00:00
173356,MULTIVERSE,2022-05-16,0.21,,,0.21,1724137,2026-04-08T03:51:52.042574+00:00
173469,MULTIVERSE,2022-05-17,0.21,,,0.21,2137373,2026-04-08T03:51:54.492158+00:00
173582,MULTIVERSE,2022-05-18,0.22,,,0.22,7452574,2026-04-08T03:51:57.297116+00:00
173695,MULTIVERSE,2022-05-19,0.24,,,0.24,5526913,2026-04-08T03:51:59.624655+00:00
173808,MULTIVERSE,2022-05-20,0.22,,,0.22,4521915,2026-04-08T03:52:02.40298+00:00
173921,MULTIVERSE,2022-05-23,0.22,,,0.22,5407648,2026-04-08T03:52:07.648814+00:00
174034,MULTIVERSE,2022-05-24,0.21,,,0.21,2328020,2026-04-08T03:52:10.277037+00:00
174147,MULTIVERSE,2022-05-25,0.21,,,0.21,467861,2026-04-08T03:52:13.066486+00:00
174260,MULTIVERSE,2022-05-26,0.21,,,0.21,74010,2026-04-08T03:52:15.508934+00:00
174373,MULTIVERSE,2022-05-27,0.2,,,0.2,11843726,2026-04-08T03:52:18.156913+00:00
174486,MULTIVERSE,2022-05-30,0.21,,,0.21,3273378,2026-04-08T03:52:22.656757+00:00
174599,MULTIVERSE,2022-05-31,0.2,,,0.2,2485020,2026-04-08T03:52:25.114026+00:00
174712,MULTIVERSE,2022-06-01,0.2,,,0.2,198211,2026-04-08T03:52:27.834682+00:00
174825,MULTIVERSE,2022-06-02,0.2,,,0.2,0,2026-04-08T03:52:30.493727+00:00
174938,MULTIVERSE,2022-06-03,0.2,,,0.2,0,2026-04-08T03:52:33.10221+00:00
175051,MULTIVERSE,2022-06-06,0.2,,,0.2,0,2026-04-08T03:52:37.969718+00:00
175164,MULTIVERSE,2022-06-07,0.2,,,0.2,0,2026-04-08T03:52:40.734023+00:00
175277,MULTIVERSE,2022-06-08,0.2,,,0.2,0,2026-04-08T03:52:43.634804+00:00
175390,MULTIVERSE,2022-06-09,0.2,,,0.2,0,2026-04-08T03:52:46.431396+00:00
175503,MULTIVERSE,2022-06-10,0.2,,,0.2,0,2026-04-08T03:52:48.916453+00:00
175616,MULTIVERSE,2022-06-14,0.2,,,0.2,0,2026-04-08T03:52:55.08065+00:00
175729,MULTIVERSE,2022-06-15,0.2,,,0.2,0,2026-04-08T03:52:57.782204+00:00
175842,MULTIVERSE,2022-06-16,0.2,,,0.2,0,2026-04-08T03:53:00.45527+00:00
175955,MULTIVERSE,2022-06-17,0.2,,,0.2,0,2026-04-08T03:53:03.647185+00:00
176068,MULTIVERSE,2022-06-20,0.2,,,0.2,0,2026-04-08T03:53:09.449588+00:00
176181,MULTIVERSE,2022-06-21,0.2,,,0.2,0,2026-04-08T03:53:11.833027+00:00
176294,MULTIVERSE,2022-06-22,0.2,,,0.2,0,2026-04-08T03:53:14.63862+00:00
176407,MULTIVERSE,2022-06-23,0.2,,,0.2,0,2026-04-08T03:53:17.250825+00:00
176520,MULTIVERSE,2022-06-24,0.2,,,0.2,0,2026-04-08T03:53:19.718295+00:00
176633,MULTIVERSE,2022-06-27,0.2,,,0.2,0,2026-04-08T03:53:24.073012+00:00
176746,MULTIVERSE,2022-06-28,0.2,,,0.2,0,2026-04-08T03:53:26.399159+00:00
176859,MULTIVERSE,2022-06-29,0.2,,,0.2,0,2026-04-08T03:53:28.994117+00:00
176972,MULTIVERSE,2022-06-30,0.2,,,0.2,0,2026-04-08T03:53:31.346855+00:00
177085,MULTIVERSE,2022-07-01,2.1,,,2.1,0,2026-04-08T03:53:33.724657+00:00
177198,MULTIVERSE,2022-07-04,2.1,,,2.1,0,2026-04-08T03:53:38.198731+00:00
177311,MULTIVERSE,2022-07-06,2.1,,,2.1,0,2026-04-08T03:53:41.625349+00:00
177424,MULTIVERSE,2022-07-07,2.1,,,2.1,0,2026-04-08T03:53:44.268487+00:00
177537,MULTIVERSE,2022-07-13,1.89,,,1.89,1683482,2026-04-08T03:53:51.5999+00:00
177650,MULTIVERSE,2022-07-14,1.8,,,1.8,1822952,2026-04-08T03:53:54.010732+00:00
177763,MULTIVERSE,2022-07-15,1.82,,,1.82,1078777,2026-04-08T03:53:56.616585+00:00
177876,MULTIVERSE,2022-07-18,1.79,,,1.79,2345349,2026-04-08T03:54:01.214275+00:00
177989,MULTIVERSE,2022-07-19,1.62,,,1.62,1887850,2026-04-08T03:54:03.665978+00:00
178102,MULTIVERSE,2022-07-20,1.78,,,1.78,1897295,2026-04-08T03:54:06.203384+00:00
178215,MULTIVERSE,2022-07-21,1.95,,,1.95,2958858,2026-04-08T03:54:08.685258+00:00
178328,MULTIVERSE,2022-07-22,1.9,,,1.9,2130552,2026-04-08T03:54:11.171489+00:00
178441,MULTIVERSE,2022-07-25,2.05,,,2.05,362269,2026-04-08T03:54:15.900169+00:00
178554,MULTIVERSE,2022-07-26,1.88,,,1.88,1840740,2026-04-08T03:54:18.382379+00:00
178667,MULTIVERSE,2022-07-27,1.72,,,1.72,1655045,2026-04-08T03:54:20.730044+00:00
178780,MULTIVERSE,2022-07-28,1.71,,,1.71,2032506,2026-04-08T03:54:23.385493+00:00
178893,MULTIVERSE,2022-07-29,1.88,,,1.88,416335,2026-04-08T03:54:25.692024+00:00
179006,MULTIVERSE,2022-08-01,1.88,,,1.88,38162,2026-04-08T03:54:30.144665+00:00
179119,MULTIVERSE,2022-08-02,1.9,,,1.9,9478015,2026-04-08T03:54:32.509592+00:00
179232,MULTIVERSE,2022-08-03,1.9,,,1.9,99730,2026-04-08T03:54:34.924873+00:00
179345,MULTIVERSE,2022-08-04,1.71,,,1.71,1662660,2026-04-08T03:54:37.32089+00:00
179458,MULTIVERSE,2022-08-05,1.88,,,1.88,944615,2026-04-08T03:54:40.805957+00:00
179571,MULTIVERSE,2022-08-08,1.88,,,1.88,20494641,2026-04-08T03:54:45.81173+00:00
179684,MULTIVERSE,2022-08-09,2.06,,,2.06,2081559,2026-04-08T03:54:48.637408+00:00
179797,MULTIVERSE,2022-08-10,2.06,,,2.06,495507,2026-04-08T03:54:51.561754+00:00
179910,MULTIVERSE,2022-08-11,2.25,,,2.25,1747363,2026-04-08T03:54:54.196076+00:00
180023,MULTIVERSE,2022-08-12,2.44,,,2.44,4450703,2026-04-08T03:54:57.115593+00:00
180136,MULTIVERSE,2022-08-15,2.25,,,2.25,635252,2026-04-08T03:55:01.874457+00:00
180249,MULTIVERSE,2022-08-16,2.3,,,2.3,863444,2026-04-08T03:55:04.540652+00:00
180362,MULTIVERSE,2022-08-17,2.3,,,2.3,112350,2026-04-08T03:55:07.214991+00:00
180475,MULTIVERSE,2022-08-18,2.1,,,2.1,130455,2026-04-08T03:55:09.916723+00:00
180588,MULTIVERSE,2022-08-19,2.1,,,2.1,35438,2026-04-08T03:55:12.400686+00:00
180701,MULTIVERSE,2022-08-22,2.1,,,2.1,336467,2026-04-08T03:55:17.568382+00:00
180814,MULTIVERSE,2022-08-23,2.1,,,2.1,54431,2026-04-08T03:55:19.990422+00:00
180927,MULTIVERSE,2022-08-24,2.1,,,2.1,736585,2026-04-08T03:55:23.644905+00:00
181040,MULTIVERSE,2022-08-25,2.3,,,2.3,4457908,2026-04-08T03:55:26.062264+00:00
181153,MULTIVERSE,2022-08-26,2.4,,,2.4,949288,2026-04-08T03:55:28.378019+00:00
181266,MULTIVERSE,2022-08-29,2.62,,,2.62,3261423,2026-04-08T03:55:33.185942+00:00
181379,MULTIVERSE,2022-08-30,2.62,,,2.62,253289,2026-04-08T03:55:35.909469+00:00
181492,MULTIVERSE,2022-08-31,2.62,,,2.62,40791,2026-04-08T03:55:38.363566+00:00
181605,MULTIVERSE,2022-09-01,2.62,,,2.62,130508,2026-04-08T03:55:40.868139+00:00
181718,MULTIVERSE,2022-09-02,2.62,,,2.62,54891,2026-04-08T03:55:43.232165+00:00
181831,MULTIVERSE,2022-09-05,2.62,,,2.62,162780,2026-04-08T03:55:48.110555+00:00
181944,MULTIVERSE,2022-09-06,2.62,,,2.62,175919,2026-04-08T03:55:50.526892+00:00
182057,MULTIVERSE,2022-09-07,2.62,,,2.62,157377,2026-04-08T03:55:53.051287+00:00
182170,MULTIVERSE,2022-09-08,2.36,,,2.36,1078998,2026-04-08T03:55:55.74031+00:00
182283,MULTIVERSE,2022-09-09,2.36,,,2.36,133120,2026-04-08T03:55:58.848563+00:00
182396,MULTIVERSE,2022-09-12,2.58,,,2.58,1182065,2026-04-08T03:56:03.370953+00:00
182509,MULTIVERSE,2022-09-13,2.83,,,2.83,2676363,2026-04-08T03:56:05.83654+00:00
182622,MULTIVERSE,2022-09-14,2.8,,,2.8,1140856,2026-04-08T03:56:08.091672+00:00
182735,MULTIVERSE,2022-09-16,2.8,,,2.8,39954,2026-04-08T03:56:11.4683+00:00
182848,MULTIVERSE,2022-09-19,2.85,,,2.85,286336,2026-04-08T03:56:15.923342+00:00
182961,MULTIVERSE,2022-09-20,2.85,,,2.85,1116949,2026-04-08T03:56:18.184056+00:00
183074,MULTIVERSE,2022-09-21,3.13,,,3.13,1071631,2026-04-08T03:56:20.42724+00:00
183187,MULTIVERSE,2022-09-22,2.82,,,2.82,639718,2026-04-08T03:56:22.767495+00:00
183300,MULTIVERSE,2022-09-23,2.82,,,2.82,30018,2026-04-08T03:56:25.066978+00:00
183413,MULTIVERSE,2022-09-26,3.1,,,3.1,595306,2026-04-08T03:56:29.379703+00:00
183526,MULTIVERSE,2022-09-28,3.41,,,3.41,37722,2026-04-08T03:56:32.717753+00:00
183639,MULTIVERSE,2022-09-29,3.69,,,3.69,5273058,2026-04-08T03:56:35.489047+00:00
183752,MULTIVERSE,2022-09-30,3.69,,,3.69,5107,2026-04-08T03:56:37.947618+00:00
183865,MULTIVERSE,2022-10-05,4.45,,,4.45,599668,2026-04-08T03:56:44.538147+00:00
183979,MULTIVERSE,2022-10-06,4.45,,,4.45,136513,2026-04-08T03:56:46.932693+00:00
184093,MULTIVERSE,2022-10-07,4.5,,,4.5,4384392,2026-04-08T03:56:49.334037+00:00
184207,MULTIVERSE,2022-10-11,4.5,,,4.5,209914,2026-04-08T03:56:55.029281+00:00
184321,MULTIVERSE,2022-10-12,4.5,,,4.5,314737,2026-04-08T03:56:58.300033+00:00
184435,MULTIVERSE,2022-10-13,4.5,,,4.5,650036,2026-04-08T03:57:00.825788+00:00
184549,MULTIVERSE,2022-10-14,4.59,,,4.59,7351300,2026-04-08T03:57:03.298348+00:00
184663,MULTIVERSE,2022-10-17,4.59,,,4.59,64005,2026-04-08T03:57:07.885609+00:00
184777,MULTIVERSE,2022-10-18,4.59,,,4.59,14063,2026-04-08T03:57:10.303346+00:00
184891,MULTIVERSE,2022-10-19,4.59,,,4.59,101050,2026-04-08T03:57:12.819589+00:00
185005,MULTIVERSE,2022-10-20,4.59,,,4.59,0,2026-04-08T03:57:15.111185+00:00
185119,MULTIVERSE,2022-10-21,4.59,,,4.59,117530,2026-04-08T03:57:17.499968+00:00
185233,MULTIVERSE,2022-10-24,4.59,,,4.59,119030,2026-04-08T03:57:21.686266+00:00
185347,MULTIVERSE,2022-10-26,4.62,,,4.62,812180,2026-04-08T03:57:24.913682+00:00
185461,MULTIVERSE,2022-10-27,4.62,,,4.62,66848,2026-04-08T03:57:27.260544+00:00
185575,MULTIVERSE,2022-10-28,4.62,,,4.62,44700,2026-04-08T03:57:29.835926+00:00
185689,MULTIVERSE,2022-10-31,4.62,,,4.62,73091,2026-04-08T03:57:34.21591+00:00
185803,MULTIVERSE,2022-11-01,4.62,,,4.62,67740,2026-04-08T03:57:36.609373+00:00
185917,MULTIVERSE,2022-11-02,4.62,,,4.62,271798,2026-04-08T03:57:39.066556+00:00
186031,MULTIVERSE,2022-11-03,4.24,,,4.24,1374819,2026-04-08T03:57:41.442199+00:00
186145,MULTIVERSE,2022-11-04,4.24,,,4.24,97823,2026-04-08T03:57:43.70904+00:00
186259,MULTIVERSE,2022-11-08,4.25,,,4.25,28150,2026-04-08T03:57:49.123122+00:00
186373,MULTIVERSE,2022-11-09,4.25,,,4.25,33681,2026-04-08T03:57:51.464602+00:00
186487,MULTIVERSE,2022-11-10,3.85,,,3.85,5081707,2026-04-08T03:57:54.291842+00:00
186601,MULTIVERSE,2022-11-11,3.85,,,3.85,3032,2026-04-08T03:57:56.704911+00:00
186715,MULTIVERSE,2022-11-14,3.85,,,3.85,106244,2026-04-08T03:58:01.331373+00:00
186829,MULTIVERSE,2022-11-15,3.85,,,3.85,409,2026-04-08T03:58:03.6444+00:00
186943,MULTIVERSE,2022-11-16,3.85,,,3.85,39505,2026-04-08T03:58:06.118311+00:00
187057,MULTIVERSE,2022-11-17,3.85,,,3.85,15315,2026-04-08T03:58:08.47049+00:00
187171,MULTIVERSE,2022-11-18,3.85,,,3.85,66687,2026-04-08T03:58:10.955275+00:00
187285,MULTIVERSE,2022-11-21,4.0,,,4.0,152901,2026-04-08T03:58:15.672507+00:00
187399,MULTIVERSE,2022-11-22,4.0,,,4.0,55450,2026-04-08T03:58:18.170118+00:00
187513,MULTIVERSE,2022-11-24,4.25,,,4.25,623500,2026-04-08T03:58:21.692503+00:00
187627,MULTIVERSE,2022-11-25,4.25,,,4.25,158000,2026-04-08T03:58:24.033539+00:00
187741,MULTIVERSE,2022-11-28,4.38,,,4.38,1231591,2026-04-08T03:58:28.532723+00:00
187855,MULTIVERSE,2022-11-29,4.38,,,4.38,83078,2026-04-08T03:58:30.983113+00:00
187969,MULTIVERSE,2022-11-30,4.4,,,4.4,2403102,2026-04-08T03:58:33.448849+00:00
188083,MULTIVERSE,2022-12-01,4.4,,,4.4,1000,2026-04-08T03:58:35.664261+00:00
188197,MULTIVERSE,2022-12-02,4.45,,,4.45,1258098,2026-04-08T03:58:37.897027+00:00
188311,MULTIVERSE,2022-12-05,4.45,,,4.45,170591,2026-04-08T03:58:42.456795+00:00
188425,MULTIVERSE,2022-12-06,4.45,,,4.45,106216,2026-04-08T03:58:44.756119+00:00
188539,MULTIVERSE,2022-12-07,4.35,,,4.35,4229724,2026-04-08T03:58:47.196669+00:00
188653,MULTIVERSE,2022-12-08,4.35,,,4.35,12427,2026-04-08T03:58:49.52806+00:00
188767,MULTIVERSE,2022-12-09,4.35,,,4.35,89971,2026-04-08T03:58:51.902427+00:00
188881,MULTIVERSE,2022-12-12,4.35,,,4.35,2550,2026-04-08T03:58:56.156124+00:00
188995,MULTIVERSE,2022-12-13,4.35,,,4.35,8992,2026-04-08T03:58:58.485404+00:00
189109,MULTIVERSE,2022-12-14,3.98,,,3.98,507850,2026-04-08T03:59:00.851945+00:00
189223,MULTIVERSE,2022-12-15,3.98,,,3.98,15159,2026-04-08T03:59:03.086647+00:00
189337,MULTIVERSE,2022-12-16,3.98,,,3.98,12310,2026-04-08T03:59:05.5442+00:00
189451,MULTIVERSE,2022-12-19,3.98,,,3.98,40281,2026-04-08T03:59:09.806719+00:00
189565,MULTIVERSE,2022-12-20,3.98,,,3.98,500,2026-04-08T03:59:12.630732+00:00
189679,MULTIVERSE,2022-12-21,3.98,,,3.98,31800,2026-04-08T03:59:14.990319+00:00
189793,MULTIVERSE,2022-12-22,3.98,,,3.98,4200,2026-04-08T03:59:17.229229+00:00
189907,MULTIVERSE,2022-12-23,3.98,,,3.98,5046,2026-04-08T03:59:19.674012+00:00
190021,MULTIVERSE,2022-12-28,3.98,,,3.98,9500,2026-04-08T03:59:26.406492+00:00
190135,MULTIVERSE,2022-12-30,3.98,,,3.98,879,2026-04-08T03:59:29.796579+00:00
190249,MULTIVERSE,2023-01-04,3.98,,,3.98,40000,2026-04-08T03:59:36.276207+00:00
190363,MULTIVERSE,2023-01-05,3.98,,,3.98,9700,2026-04-08T03:59:38.771807+00:00
190477,MULTIVERSE,2023-01-06,3.98,,,3.98,500,2026-04-08T03:59:41.229635+00:00
190591,MULTIVERSE,2023-01-09,3.85,,,3.85,555075,2026-04-08T03:59:45.608271+00:00
190705,MULTIVERSE,2023-01-10,3.85,,,3.85,47792,2026-04-08T03:59:47.862187+00:00
190819,MULTIVERSE,2023-01-11,3.85,,,3.85,45847,2026-04-08T03:59:50.211712+00:00
190933,MULTIVERSE,2023-01-12,3.85,,,3.85,16384,2026-04-08T03:59:52.676239+00:00
191047,MULTIVERSE,2023-01-13,3.85,,,3.85,51920,2026-04-08T03:59:55.073566+00:00
191161,MULTIVERSE,2023-01-17,3.85,,,3.85,88961,2026-04-08T04:00:00.52991+00:00
191275,MULTIVERSE,2023-01-18,3.85,,,3.85,352583,2026-04-08T04:00:02.930508+00:00
191389,MULTIVERSE,2023-01-19,3.98,,,3.98,1214882,2026-04-08T04:00:05.157464+00:00
191503,MULTIVERSE,2023-01-20,3.98,,,3.98,17957,2026-04-08T04:00:07.441529+00:00
191617,MULTIVERSE,2023-01-23,4.15,,,4.15,2252816,2026-04-08T04:00:11.934625+00:00
191731,MULTIVERSE,2023-01-24,4.24,,,4.24,1967535,2026-04-08T04:00:14.448563+00:00
191845,MULTIVERSE,2023-01-25,4.24,,,4.24,500,2026-04-08T04:00:16.660222+00:00
191959,MULTIVERSE,2023-01-26,4.24,,,4.24,81500,2026-04-08T04:00:19.02129+00:00
192073,MULTIVERSE,2023-01-27,4.24,,,4.24,25770,2026-04-08T04:00:21.366865+00:00
192187,MULTIVERSE,2023-01-30,4.24,,,4.24,5838,2026-04-08T04:00:26.318741+00:00
192301,MULTIVERSE,2023-01-31,4.4,,,4.4,2546513,2026-04-08T04:00:28.560212+00:00
192415,MULTIVERSE,2023-02-06,4.4,,,4.4,9985,2026-04-08T04:00:36.14931+00:00
192529,MULTIVERSE,2023-02-07,4.4,,,4.4,210915,2026-04-08T04:00:38.379875+00:00
192643,MULTIVERSE,2023-02-08,4.4,,,4.4,2963,2026-04-08T04:00:40.736361+00:00
192757,MULTIVERSE,2023-02-09,4.4,,,4.4,346,2026-04-08T04:00:43.03687+00:00
192871,MULTIVERSE,2023-02-10,4.4,,,4.4,46248,2026-04-08T04:00:46.517744+00:00
192985,MULTIVERSE,2023-02-13,4.4,,,4.4,50472,2026-04-08T04:00:50.958429+00:00
193099,MULTIVERSE,2023-02-14,4.4,,,4.4,20829,2026-04-08T04:00:53.400398+00:00
193213,MULTIVERSE,2023-02-15,4.4,,,4.4,50,2026-04-08T04:00:55.645789+00:00
193327,MULTIVERSE,2023-02-16,4.4,,,4.4,9152,2026-04-08T04:00:58.043326+00:00
193441,MULTIVERSE,2023-02-17,4.4,,,4.4,1200,2026-04-08T04:01:00.355798+00:00
193555,MULTIVERSE,2023-02-20,4.4,,,4.4,100,2026-04-08T04:01:04.633293+00:00
193669,MULTIVERSE,2023-02-21,4.4,,,4.4,2440,2026-04-08T04:01:06.910783+00:00
193783,MULTIVERSE,2023-02-22,4.4,,,4.4,25070,2026-04-08T04:01:09.421576+00:00
193897,MULTIVERSE,2023-02-23,4.4,,,4.4,0,2026-04-08T04:01:11.765387+00:00
194011,MULTIVERSE,2023-02-24,4.4,,,4.4,6000,2026-04-08T04:01:14.12415+00:00
194125,MULTIVERSE,2023-02-27,4.4,,,4.4,58407,2026-04-08T04:01:18.463572+00:00
194239,MULTIVERSE,2023-02-28,3.96,,,3.96,440500,2026-04-08T04:01:20.671303+00:00
194353,MULTIVERSE,2023-03-01,3.96,,,3.96,100891,2026-04-08T04:01:23.068989+00:00
194467,MULTIVERSE,2023-03-02,3.96,,,3.96,0,2026-04-08T04:01:25.352172+00:00
194581,MULTIVERSE,2023-03-03,3.96,,,3.96,26250,2026-04-08T04:01:27.716711+00:00
194695,MULTIVERSE,2023-03-06,3.96,,,3.96,44137,2026-04-08T04:01:32.392486+00:00
194809,MULTIVERSE,2023-03-07,3.57,,,3.57,352993,2026-04-08T04:01:34.845095+00:00
194923,MULTIVERSE,2023-03-08,3.57,,,3.57,36940,2026-04-08T04:01:37.261757+00:00
195037,MULTIVERSE,2023-03-09,3.57,,,3.57,5250,2026-04-08T04:01:39.987396+00:00
195151,MULTIVERSE,2023-03-13,3.75,,,3.75,412737,2026-04-08T04:01:45.627511+00:00
195265,MULTIVERSE,2023-03-14,3.75,,,3.75,18092,2026-04-08T04:01:48.257383+00:00
195379,MULTIVERSE,2023-03-15,3.83,,,3.83,298712,2026-04-08T04:01:50.627346+00:00
195493,MULTIVERSE,2023-03-16,3.83,,,3.83,28,2026-04-08T04:01:53.062383+00:00
195607,MULTIVERSE,2023-03-17,3.45,,,3.45,211146,2026-04-08T04:01:55.701252+00:00
195721,MULTIVERSE,2023-03-20,3.25,,,3.25,901510,2026-04-08T04:01:59.933448+00:00
195835,MULTIVERSE,2023-03-22,3.25,,,3.25,2695,2026-04-08T04:02:03.467012+00:00
195949,MULTIVERSE,2023-03-23,3.25,,,3.25,0,2026-04-08T04:02:05.929911+00:00
196063,MULTIVERSE,2023-03-24,3.25,,,3.25,10200,2026-04-08T04:02:08.248632+00:00
196177,MULTIVERSE,2023-03-27,2.98,,,2.98,375442,2026-04-08T04:02:12.564733+00:00
196291,MULTIVERSE,2023-03-28,3.24,,,3.24,654545,2026-04-08T04:02:14.764209+00:00
196405,MULTIVERSE,2023-03-29,3.24,,,3.24,3243,2026-04-08T04:02:17.140393+00:00
196519,MULTIVERSE,2023-03-30,3.24,,,3.24,5932,2026-04-08T04:02:19.470716+00:00
196633,MULTIVERSE,2023-03-31,3.24,,,3.24,994,2026-04-08T04:02:21.739047+00:00
196747,MULTIVERSE,2023-04-03,3.24,,,3.24,0,2026-04-08T04:02:26.060346+00:00
196861,MULTIVERSE,2023-04-04,2.92,,,2.92,306697,2026-04-08T04:02:28.444728+00:00
196975,MULTIVERSE,2023-04-05,2.64,,,2.64,1642380,2026-04-08T04:02:30.864627+00:00
197089,MULTIVERSE,2023-04-06,2.63,,,2.63,509696,2026-04-08T04:02:33.239626+00:00
197203,MULTIVERSE,2023-04-11,2.4,,,2.4,561057,2026-04-08T04:02:39.320239+00:00
197317,MULTIVERSE,2023-04-12,2.5,,,2.5,935288,2026-04-08T04:02:41.643197+00:00
197431,MULTIVERSE,2023-04-13,2.31,,,2.31,729650,2026-04-08T04:02:44.360634+00:00
197545,MULTIVERSE,2023-04-14,2.54,,,2.54,573108,2026-04-08T04:02:47.093001+00:00
197659,MULTIVERSE,2023-04-17,2.54,,,2.54,65260,2026-04-08T04:02:52.113012+00:00
197773,MULTIVERSE,2023-04-18,2.5,,,2.5,224089,2026-04-08T04:02:54.97501+00:00
197887,MULTIVERSE,2023-04-19,2.5,,,2.5,135600,2026-04-08T04:02:57.648371+00:00
198001,MULTIVERSE,2023-04-20,2.5,,,2.5,183645,2026-04-08T04:03:00.087899+00:00
198115,MULTIVERSE,2023-04-25,2.5,,,2.5,128032,2026-04-08T04:03:06.320111+00:00
198229,MULTIVERSE,2023-04-26,2.5,,,2.5,209513,2026-04-08T04:03:08.704488+00:00
198343,MULTIVERSE,2023-04-27,2.67,,,2.67,299056,2026-04-08T04:03:11.176222+00:00
198457,MULTIVERSE,2023-04-28,2.78,,,2.78,570100,2026-04-08T04:03:13.757457+00:00
198571,MULTIVERSE,2023-05-03,3.05,,,3.05,137852,2026-04-08T04:03:20.258962+00:00
198685,MULTIVERSE,2023-05-04,3.1,,,3.1,379312,2026-04-08T04:03:22.719511+00:00
198799,MULTIVERSE,2023-05-08,3.41,,,3.41,548208,2026-04-08T04:03:29.045349+00:00
198913,MULTIVERSE,2023-05-09,3.75,,,3.75,1190495,2026-04-08T04:03:32.620003+00:00
199027,MULTIVERSE,2023-05-12,4.12,,,4.12,128597,2026-04-08T04:03:37.286216+00:00
199141,MULTIVERSE,2023-05-15,4.14,,,4.14,325470,2026-04-08T04:03:41.825544+00:00
199255,MULTIVERSE,2023-05-16,4.14,,,4.14,24946,2026-04-08T04:03:44.244464+00:00
199369,MULTIVERSE,2023-05-17,4.14,,,4.14,21110,2026-04-08T04:03:46.492518+00:00
199483,MULTIVERSE,2023-05-18,4.14,,,4.14,77037,2026-04-08T04:03:48.752249+00:00
199597,MULTIVERSE,2023-05-19,4.14,,,4.14,104224,2026-04-08T04:03:51.139215+00:00
199711,MULTIVERSE,2023-05-22,4.14,,,4.14,113130,2026-04-08T04:03:55.484935+00:00
199825,MULTIVERSE,2023-05-23,4.14,,,4.14,40433,2026-04-08T04:03:57.886867+00:00
199939,MULTIVERSE,2023-05-24,4.14,,,4.14,3770,2026-04-08T04:04:00.334047+00:00
200053,MULTIVERSE,2023-05-25,4.09,,,4.09,19228,2026-04-08T04:04:02.79018+00:00
200167,MULTIVERSE,2023-05-26,4.09,,,4.09,53087,2026-04-08T04:04:05.139052+00:00
200281,MULTIVERSE,2023-05-30,4.09,,,4.09,104081,2026-04-08T04:04:11.011702+00:00
200395,MULTIVERSE,2023-06-01,4.09,,,4.09,95224,2026-04-08T04:04:14.390605+00:00
200509,MULTIVERSE,2023-06-02,4.09,,,4.09,32121,2026-04-08T04:04:16.732653+00:00
200623,MULTIVERSE,2023-06-05,4.09,,,4.09,3811,2026-04-08T04:04:21.343031+00:00
200737,MULTIVERSE,2023-06-06,3.7,,,3.7,244786,2026-04-08T04:04:23.98223+00:00
200851,MULTIVERSE,2023-06-07,3.7,,,3.7,149050,2026-04-08T04:04:26.507718+00:00
200965,MULTIVERSE,2023-06-08,3.7,,,3.7,288365,2026-04-08T04:04:29.08401+00:00
201079,MULTIVERSE,2023-06-09,3.7,,,3.7,290700,2026-04-08T04:04:31.44664+00:00
201193,MULTIVERSE,2023-06-13,3.7,,,3.7,7998,2026-04-08T04:04:36.862505+00:00
201307,MULTIVERSE,2023-06-14,3.7,,,3.7,118110,2026-04-08T04:04:39.320552+00:00
201421,MULTIVERSE,2023-06-15,3.7,,,3.7,4144,2026-04-08T04:04:41.673534+00:00
201535,MULTIVERSE,2023-06-16,3.7,,,3.7,55839,2026-04-08T04:04:44.052846+00:00
201649,MULTIVERSE,2023-06-19,3.7,,,3.7,29039,2026-04-08T04:04:48.541112+00:00
201763,MULTIVERSE,2023-06-20,3.75,,,3.75,201281,2026-04-08T04:04:51.378552+00:00
201877,MULTIVERSE,2023-06-21,3.75,,,3.75,63472,2026-04-08T04:04:53.764277+00:00
201991,MULTIVERSE,2023-06-22,3.75,,,3.75,41500,2026-04-08T04:04:56.145117+00:00
202105,MULTIVERSE,2023-06-26,3.75,,,3.75,52415,2026-04-08T04:05:01.671465+00:00
202219,MULTIVERSE,2023-06-30,3.75,,,3.75,24500,2026-04-08T04:05:07.377697+00:00
202333,MULTIVERSE,2023-07-03,3.75,,,3.75,107777,2026-04-08T04:05:11.758079+00:00
202447,MULTIVERSE,2023-07-04,3.75,,,3.75,14047,2026-04-08T04:05:14.17436+00:00
202561,MULTIVERSE,2023-07-05,3.75,,,3.75,16180,2026-04-08T04:05:16.577423+00:00
202675,MULTIVERSE,2023-07-06,3.75,,,3.75,30434,2026-04-08T04:05:19.075393+00:00
202789,MULTIVERSE,2023-07-07,3.38,,,3.38,1151485,2026-04-08T04:05:21.415756+00:00
202903,MULTIVERSE,2023-07-10,3.5,,,3.5,1093493,2026-04-08T04:05:26.355595+00:00
203017,MULTIVERSE,2023-07-11,3.71,,,3.71,202230,2026-04-08T04:05:28.903538+00:00
203131,MULTIVERSE,2023-07-12,3.71,,,3.71,38806,2026-04-08T04:05:31.299012+00:00
203245,MULTIVERSE,2023-07-14,3.71,,,3.71,56973,2026-04-08T04:05:34.698751+00:00
203359,MULTIVERSE,2023-07-17,3.71,,,3.71,1320,2026-04-08T04:05:39.139368+00:00
203473,MULTIVERSE,2023-07-19,3.71,,,3.71,52309,2026-04-08T04:05:42.577032+00:00
203587,MULTIVERSE,2023-07-20,3.71,,,3.71,19205,2026-04-08T04:05:45.122849+00:00
203701,MULTIVERSE,2023-07-21,3.71,,,3.71,20300,2026-04-08T04:05:47.594805+00:00
203815,MULTIVERSE,2023-07-24,3.34,,,3.34,182446,2026-04-08T04:05:52.167161+00:00
203929,MULTIVERSE,2023-07-25,3.01,,,3.01,1319937,2026-04-08T04:05:54.602351+00:00
204043,MULTIVERSE,2023-07-26,2.71,,,2.71,2207430,2026-04-08T04:05:57.515236+00:00
204157,MULTIVERSE,2023-07-27,2.98,,,2.98,448220,2026-04-08T04:05:59.880161+00:00
204271,MULTIVERSE,2023-07-28,2.98,,,2.98,25015,2026-04-08T04:06:02.220136+00:00
204385,MULTIVERSE,2023-07-31,2.98,,,2.98,8007,2026-04-08T04:06:06.790851+00:00
204499,MULTIVERSE,2023-08-02,3.24,,,3.24,26631,2026-04-08T04:06:10.326378+00:00
204613,MULTIVERSE,2023-08-03,3.5,,,3.5,504879,2026-04-08T04:06:12.834218+00:00
204727,MULTIVERSE,2023-08-04,3.5,,,3.5,30750,2026-04-08T04:06:15.200886+00:00
204841,MULTIVERSE,2023-08-07,3.5,,,3.5,108150,2026-04-08T04:06:19.871718+00:00
204955,MULTIVERSE,2023-08-08,3.5,,,3.5,34,2026-04-08T04:06:22.245918+00:00
205069,MULTIVERSE,2023-08-09,3.15,,,3.15,141522,2026-04-08T04:06:24.635943+00:00
205183,MULTIVERSE,2023-08-10,3.15,,,3.15,5742,2026-04-08T04:06:27.035398+00:00
205297,MULTIVERSE,2023-08-11,3.15,,,3.15,12484,2026-04-08T04:06:29.455701+00:00
205411,MULTIVERSE,2023-08-14,3.15,,,3.15,74657,2026-04-08T04:06:33.923569+00:00
205525,MULTIVERSE,2023-08-15,3.15,,,3.15,999,2026-04-08T04:06:36.358161+00:00
205639,MULTIVERSE,2023-08-16,3.0,,,3.0,233554,2026-04-08T04:06:38.679915+00:00
205753,MULTIVERSE,2023-08-17,3.0,,,3.0,142281,2026-04-08T04:06:40.998805+00:00
205867,MULTIVERSE,2023-08-18,3.0,,,3.0,80150,2026-04-08T04:06:43.468275+00:00
205981,MULTIVERSE,2023-08-21,3.0,,,3.0,52131,2026-04-08T04:06:47.688711+00:00
206095,MULTIVERSE,2023-08-24,3.0,,,3.0,63000,2026-04-08T04:06:51.989424+00:00
206209,MULTIVERSE,2023-08-25,3.0,,,3.0,162066,2026-04-08T04:06:54.38475+00:00
206323,MULTIVERSE,2023-08-28,3.0,,,3.0,53743,2026-04-08T04:06:59.310949+00:00
206437,MULTIVERSE,2023-08-29,3.0,,,3.0,107947,2026-04-08T04:07:01.613742+00:00
206551,MULTIVERSE,2023-08-30,3.0,,,3.0,250,2026-04-08T04:07:03.820209+00:00
206665,MULTIVERSE,2023-09-01,2.7,,,2.7,96533,2026-04-08T04:07:07.195585+00:00
206779,MULTIVERSE,2023-09-04,2.7,,,2.7,84325,2026-04-08T04:07:11.730996+00:00
206893,MULTIVERSE,2023-09-05,2.97,,,2.97,594001,2026-04-08T04:07:14.175893+00:00
207007,MULTIVERSE,2023-09-06,3.02,,,3.02,554222,2026-04-08T04:07:16.66229+00:00
207121,MULTIVERSE,2023-09-07,3.02,,,3.02,124521,2026-04-08T04:07:19.134101+00:00
207235,MULTIVERSE,2023-09-08,3.02,,,3.02,75330,2026-04-08T04:07:21.445908+00:00
207349,MULTIVERSE,2023-09-11,3.02,,,3.02,45609,2026-04-08T04:07:26.133096+00:00
207463,MULTIVERSE,2023-09-12,3.02,,,3.02,32802,2026-04-08T04:07:28.57479+00:00
207577,MULTIVERSE,2023-09-13,3.02,,,3.02,1100,2026-04-08T04:07:30.890589+00:00
207691,MULTIVERSE,2023-09-14,3.02,,,3.02,51050,2026-04-08T04:07:33.324455+00:00
207805,MULTIVERSE,2023-09-15,3.02,,,3.02,100,2026-04-08T04:07:35.74244+00:00
207919,MULTIVERSE,2023-09-18,3.02,,,3.02,129618,2026-04-08T04:07:40.292184+00:00
208033,MULTIVERSE,2023-09-19,2.72,,,2.72,481029,2026-04-08T04:07:42.606346+00:00
208147,MULTIVERSE,2023-09-20,2.73,,,2.73,379833,2026-04-08T04:07:45.004042+00:00
208261,MULTIVERSE,2023-09-21,2.73,,,2.73,53329,2026-04-08T04:07:47.370085+00:00
208375,MULTIVERSE,2023-09-22,2.72,,,2.72,1146557,2026-04-08T04:07:49.898567+00:00
208489,MULTIVERSE,2023-09-25,2.85,,,2.85,891229,2026-04-08T04:07:54.305125+00:00
208603,MULTIVERSE,2023-09-28,2.95,,,2.95,92425,2026-04-08T04:07:58.898315+00:00
208717,MULTIVERSE,2023-09-29,2.95,,,2.95,128194,2026-04-08T04:08:01.279649+00:00
208831,MULTIVERSE,2023-10-03,2.95,,,2.95,127942,2026-04-08T04:08:06.721549+00:00
208945,MULTIVERSE,2023-10-04,2.95,,,2.95,12218,2026-04-08T04:08:09.042741+00:00
209059,MULTIVERSE,2023-10-05,2.95,,,2.95,22072,2026-04-08T04:08:11.600182+00:00
209174,MULTIVERSE,2023-10-06,2.95,,,2.95,198387,2026-04-08T04:08:14.22861+00:00
209289,MULTIVERSE,2023-10-09,2.95,,,2.95,156284,2026-04-08T04:08:18.740555+00:00
209404,MULTIVERSE,2023-10-10,2.95,,,2.95,45657,2026-04-08T04:08:21.390436+00:00
209518,MULTIVERSE,2023-10-12,2.95,,,2.95,105050,2026-04-08T04:08:24.861957+00:00
209633,MULTIVERSE,2023-10-13,2.95,,,2.95,8166,2026-04-08T04:08:27.376596+00:00
209748,MULTIVERSE,2023-10-16,2.95,,,2.95,31522,2026-04-08T04:08:32.388707+00:00
209863,MULTIVERSE,2023-10-17,2.67,,,2.67,143440,2026-04-08T04:08:34.738576+00:00
209978,MULTIVERSE,2023-10-19,2.67,,,2.67,121400,2026-04-08T04:08:38.671249+00:00
210093,MULTIVERSE,2023-10-20,2.67,,,2.67,11660,2026-04-08T04:08:40.967521+00:00
210208,MULTIVERSE,2023-10-23,2.67,,,2.67,39200,2026-04-08T04:08:45.440193+00:00
210323,MULTIVERSE,2023-10-24,2.67,,,2.67,36700,2026-04-08T04:08:47.71675+00:00
210438,MULTIVERSE,2023-10-25,2.93,,,2.93,568010,2026-04-08T04:08:50.022319+00:00
210553,MULTIVERSE,2023-10-26,2.93,,,2.93,4395,2026-04-08T04:08:52.472279+00:00
210668,MULTIVERSE,2023-10-27,3.2,,,3.2,657335,2026-04-08T04:08:54.778052+00:00
210783,MULTIVERSE,2023-10-30,3.2,,,3.2,19617,2026-04-08T04:08:59.45056+00:00
210898,MULTIVERSE,2023-10-31,3.2,,,3.2,208946,2026-04-08T04:09:01.914254+00:00
211013,MULTIVERSE,2023-11-01,3.2,,,3.2,168203,2026-04-08T04:09:04.386399+00:00
211128,MULTIVERSE,2023-11-02,3.2,,,3.2,80450,2026-04-08T04:09:06.696264+00:00
211243,MULTIVERSE,2023-11-03,3.2,,,3.2,120600,2026-04-08T04:09:09.071615+00:00
211358,MULTIVERSE,2023-11-06,3.2,,,3.2,99138,2026-04-08T04:09:13.59419+00:00
211473,MULTIVERSE,2023-11-07,3.2,,,3.2,130655,2026-04-08T04:09:15.923939+00:00
211589,MULTIVERSE,2023-11-08,3.2,,,3.2,222000,2026-04-08T04:09:18.177895+00:00
211705,MULTIVERSE,2023-11-09,2.9,,,2.9,153785,2026-04-08T04:09:20.462573+00:00
211821,MULTIVERSE,2023-11-10,2.9,,,2.9,270618,2026-04-08T04:09:22.644841+00:00
211937,MULTIVERSE,2023-11-13,2.9,,,2.9,295200,2026-04-08T04:09:27.404692+00:00
212053,MULTIVERSE,2023-11-14,3.17,,,3.17,744524,2026-04-08T04:09:29.775588+00:00
212169,MULTIVERSE,2023-11-15,3.19,,,3.19,738144,2026-04-08T04:09:32.378304+00:00
212285,MULTIVERSE,2023-11-16,3.3,,,3.3,615564,2026-04-08T04:09:34.916677+00:00
212401,MULTIVERSE,2023-11-17,3.63,,,3.63,225501,2026-04-08T04:09:37.378105+00:00
212517,MULTIVERSE,2023-11-20,3.99,,,3.99,573317,2026-04-08T04:09:41.830835+00:00
212633,MULTIVERSE,2023-11-21,4.38,,,4.38,774500,2026-04-08T04:09:44.211025+00:00
212749,MULTIVERSE,2023-11-22,4.81,,,4.81,739874,2026-04-08T04:09:46.526636+00:00
212865,MULTIVERSE,2023-11-23,5.29,,,5.29,1121609,2026-04-08T04:09:48.793806+00:00
212982,MULTIVERSE,2023-11-27,6.39,,,6.39,2540067,2026-04-08T04:09:54.316732+00:00
213099,MULTIVERSE,2023-11-28,6.5,,,6.5,2367242,2026-04-08T04:09:57.050116+00:00
213216,MULTIVERSE,2023-11-29,6.31,,,6.31,1066791,2026-04-08T04:09:59.54407+00:00
213333,MULTIVERSE,2023-11-30,5.98,,,5.98,1261597,2026-04-08T04:10:01.973818+00:00
213450,MULTIVERSE,2023-12-01,5.98,,,5.98,569356,2026-04-08T04:10:04.46052+00:00
213567,MULTIVERSE,2023-12-04,6.43,,,6.43,1084194,2026-04-08T04:10:08.793495+00:00
213684,MULTIVERSE,2023-12-05,7.07,,,7.07,588549,2026-04-08T04:10:11.104733+00:00
213801,MULTIVERSE,2023-12-06,7.77,,,7.77,821209,2026-04-08T04:10:13.383432+00:00
213918,MULTIVERSE,2023-12-08,9.39,,,9.39,1315475,2026-04-08T04:10:16.965057+00:00
214035,MULTIVERSE,2023-12-11,9.5,,,9.5,845814,2026-04-08T04:10:21.350621+00:00
214152,MULTIVERSE,2023-12-12,9.05,,,9.05,2045289,2026-04-08T04:10:23.843731+00:00
214269,MULTIVERSE,2023-12-13,9.0,,,9.0,732792,2026-04-08T04:10:26.19208+00:00
214386,MULTIVERSE,2023-12-14,9.4,,,9.4,1359651,2026-04-08T04:10:28.64956+00:00
214503,MULTIVERSE,2023-12-15,9.89,,,9.89,1672303,2026-04-08T04:10:31.179138+00:00
214620,MULTIVERSE,2023-12-18,9.89,,,9.89,149849,2026-04-08T04:10:35.879044+00:00
214737,MULTIVERSE,2023-12-19,10.5,,,10.5,863139,2026-04-08T04:10:38.280823+00:00
214854,MULTIVERSE,2023-12-20,11.55,,,11.55,443027,2026-04-08T04:10:40.523028+00:00
214971,MULTIVERSE,2023-12-21,12.7,,,12.7,400054,2026-04-08T04:10:42.873875+00:00
215088,MULTIVERSE,2023-12-28,16.89,,,16.89,701703,2026-04-08T04:10:51.166125+00:00
215205,MULTIVERSE,2023-12-29,18.57,,,18.57,1108304,2026-04-08T04:10:53.57119+00:00
215322,MULTIVERSE,2024-01-02,20.42,,,20.42,882771,2026-04-08T04:10:59.157783+00:00
215439,MULTIVERSE,2024-01-03,22.46,,,22.46,525792,2026-04-08T04:11:01.401293+00:00
215556,MULTIVERSE,2024-01-04,20.22,,,20.22,2153358,2026-04-08T04:11:03.846312+00:00
215673,MULTIVERSE,2024-01-05,18.2,,,18.2,1097054,2026-04-08T04:11:07.208124+00:00
215790,MULTIVERSE,2024-01-08,18.2,,,18.2,230248,2026-04-08T04:11:11.742656+00:00
215907,MULTIVERSE,2024-01-09,18.2,,,18.2,581117,2026-04-08T04:11:14.100458+00:00
216024,MULTIVERSE,2024-01-10,18.2,,,18.2,376881,2026-04-08T04:11:16.512964+00:00
216141,MULTIVERSE,2024-01-11,18.2,,,18.2,262578,2026-04-08T04:11:18.918089+00:00
216258,MULTIVERSE,2024-01-12,18.2,,,18.2,122509,2026-04-08T04:11:21.244944+00:00
216375,MULTIVERSE,2024-01-15,18.2,,,18.2,1035203,2026-04-08T04:11:25.674113+00:00
216492,MULTIVERSE,2024-01-16,17.0,,,17.0,1129906,2026-04-08T04:11:28.037988+00:00
216609,MULTIVERSE,2024-01-18,17.0,,,17.0,117166,2026-04-08T04:11:31.337167+00:00
216726,MULTIVERSE,2024-01-19,17.0,,,17.0,275673,2026-04-08T04:11:38.619168+00:00
216843,MULTIVERSE,2024-01-22,17.0,,,17.0,71494,2026-04-08T04:11:42.948818+00:00
216960,MULTIVERSE,2024-01-23,17.0,,,17.0,195275,2026-04-08T04:11:45.304506+00:00
217077,MULTIVERSE,2024-01-24,17.0,,,17.0,158543,2026-04-08T04:11:47.647942+00:00
217194,MULTIVERSE,2024-01-25,17.0,,,17.0,174244,2026-04-08T04:11:50.11021+00:00
217311,MULTIVERSE,2024-01-26,17.0,,,17.0,66400,2026-04-08T04:11:52.721812+00:00
217428,MULTIVERSE,2024-01-29,17.0,,,17.0,24410,2026-04-08T04:11:57.440388+00:00
217545,MULTIVERSE,2024-01-30,17.0,,,17.0,35917,2026-04-08T04:12:00.024191+00:00
217662,MULTIVERSE,2024-01-31,17.0,,,17.0,30298,2026-04-08T04:12:02.433526+00:00
217779,MULTIVERSE,2024-02-01,17.0,,,17.0,93223,2026-04-08T04:12:04.812869+00:00
217896,MULTIVERSE,2024-02-02,17.0,,,17.0,11312,2026-04-08T04:12:07.232701+00:00
218013,MULTIVERSE,2024-02-05,17.0,,,17.0,47767,2026-04-08T04:12:11.791199+00:00
218130,MULTIVERSE,2024-02-06,17.0,,,17.0,22375,2026-04-08T04:12:14.363902+00:00
218247,MULTIVERSE,2024-02-07,17.0,,,17.0,3401,2026-04-08T04:12:16.791058+00:00
218364,MULTIVERSE,2024-02-08,17.0,,,17.0,151,2026-04-08T04:12:19.312026+00:00
218481,MULTIVERSE,2024-02-09,17.0,,,17.0,3220,2026-04-08T04:12:21.609908+00:00
218598,MULTIVERSE,2024-02-12,17.0,,,17.0,10433,2026-04-08T04:12:25.771109+00:00
218715,MULTIVERSE,2024-02-13,17.0,,,17.0,160,2026-04-08T04:12:28.061356+00:00
218832,MULTIVERSE,2024-02-14,17.0,,,17.0,20480,2026-04-08T04:12:30.570558+00:00
218949,MULTIVERSE,2024-02-16,17.0,,,17.0,1372,2026-04-08T04:12:34.036511+00:00
219066,MULTIVERSE,2024-02-19,17.0,,,17.0,19093,2026-04-08T04:12:38.429241+00:00
219183,MULTIVERSE,2024-02-20,17.0,,,17.0,1815,2026-04-08T04:12:40.813552+00:00
219300,MULTIVERSE,2024-02-21,17.0,,,17.0,1437,2026-04-08T04:12:43.257682+00:00
219417,MULTIVERSE,2024-02-22,17.0,,,17.0,9000,2026-04-08T04:12:45.850796+00:00
219534,MULTIVERSE,2024-02-26,17.0,,,17.0,23450,2026-04-08T04:12:51.18414+00:00
219651,MULTIVERSE,2024-02-27,15.3,,,15.3,253071,2026-04-08T04:12:53.509755+00:00
219768,MULTIVERSE,2024-02-29,15.3,,,15.3,11253,2026-04-08T04:12:56.822244+00:00
219885,MULTIVERSE,2024-03-01,15.3,,,15.3,2194,2026-04-08T04:12:59.287484+00:00
220002,MULTIVERSE,2024-03-04,15.3,,,15.3,2774,2026-04-08T04:13:03.814092+00:00
220120,MULTIVERSE,2024-03-05,15.3,,,15.3,14235,2026-04-08T04:13:06.279726+00:00
220238,MULTIVERSE,2024-03-06,15.3,,,15.3,1620,2026-04-08T04:13:08.558236+00:00
220356,MULTIVERSE,2024-03-07,15.3,,,15.3,3100,2026-04-08T04:13:10.988978+00:00
220474,MULTIVERSE,2024-03-08,15.3,,,15.3,6432,2026-04-08T04:13:13.453006+00:00
220592,MULTIVERSE,2024-03-11,15.3,,,15.3,1010,2026-04-08T04:13:17.773706+00:00
220710,MULTIVERSE,2024-03-12,15.3,,,15.3,5204,2026-04-08T04:13:20.258657+00:00
220828,MULTIVERSE,2024-03-13,15.3,,,15.3,8800,2026-04-08T04:13:22.557243+00:00
220946,MULTIVERSE,2024-03-14,15.3,,,15.3,11150,2026-04-08T04:13:25.004754+00:00
221064,MULTIVERSE,2024-03-15,15.3,,,15.3,9430,2026-04-08T04:13:27.500984+00:00
221182,MULTIVERSE,2024-03-19,15.3,,,15.3,14489,2026-04-08T04:13:32.54102+00:00
221300,MULTIVERSE,2024-03-20,15.3,,,15.3,1587,2026-04-08T04:13:34.949661+00:00
221418,MULTIVERSE,2024-03-21,15.3,,,15.3,1060,2026-04-08T04:13:37.293426+00:00
221536,MULTIVERSE,2024-03-22,15.3,,,15.3,3637,2026-04-08T04:13:39.66616+00:00
221654,MULTIVERSE,2024-03-25,15.3,,,15.3,654167,2026-04-08T04:13:43.964435+00:00
221772,MULTIVERSE,2024-03-26,15.3,,,15.3,3661,2026-04-08T04:13:46.391317+00:00
221890,MULTIVERSE,2024-03-27,15.3,,,15.3,24574,2026-04-08T04:13:48.795654+00:00
222008,MULTIVERSE,2024-03-28,15.3,,,15.3,3135,2026-04-08T04:13:51.173779+00:00
222126,MULTIVERSE,2024-04-02,15.3,,,15.3,25471,2026-04-08T04:13:58.053067+00:00
222244,MULTIVERSE,2024-04-03,15.3,,,15.3,6595,2026-04-08T04:14:00.66873+00:00
222362,MULTIVERSE,2024-04-04,15.3,,,15.3,4057,2026-04-08T04:14:03.310057+00:00
222480,MULTIVERSE,2024-04-05,15.3,,,15.3,11650,2026-04-08T04:14:05.820809+00:00
222598,MULTIVERSE,2024-04-12,13.75,,,13.75,177861,2026-04-08T04:14:15.984697+00:00
222716,MULTIVERSE,2024-04-15,13.75,,,13.75,17184,2026-04-08T04:14:20.492228+00:00
222834,MULTIVERSE,2024-04-16,13.75,,,13.75,3216,2026-04-08T04:14:22.958286+00:00
222952,MULTIVERSE,2024-04-17,13.75,,,13.75,2000,2026-04-08T04:14:25.407203+00:00
223070,MULTIVERSE,2024-04-18,13.75,,,13.75,30000,2026-04-08T04:14:27.862982+00:00
223188,MULTIVERSE,2024-04-19,13.75,,,13.75,7649,2026-04-08T04:14:30.225092+00:00
223306,MULTIVERSE,2024-04-22,13.75,,,13.75,3914,2026-04-08T04:14:34.624841+00:00
223424,MULTIVERSE,2024-04-23,13.75,,,13.75,500,2026-04-08T04:14:36.881925+00:00
223542,MULTIVERSE,2024-04-24,13.75,,,13.75,80,2026-04-08T04:14:39.108369+00:00
223660,MULTIVERSE,2024-04-25,13.75,,,13.75,2050,2026-04-08T04:14:41.415412+00:00
223778,MULTIVERSE,2024-04-26,13.75,,,13.75,50,2026-04-08T04:14:43.709399+00:00
223896,MULTIVERSE,2024-04-29,13.75,,,13.75,364,2026-04-08T04:14:47.97937+00:00
224014,MULTIVERSE,2024-04-30,13.75,,,13.75,806,2026-04-08T04:14:50.304196+00:00
224132,MULTIVERSE,2024-05-02,13.75,,,13.75,1082,2026-04-08T04:14:53.573612+00:00
224250,MULTIVERSE,2024-05-03,13.75,,,13.75,9917,2026-04-08T04:14:55.989363+00:00
224368,MULTIVERSE,2024-05-06,13.75,,,13.75,10,2026-04-08T04:15:00.14873+00:00
224486,MULTIVERSE,2024-05-07,13.75,,,13.75,885,2026-04-08T04:15:02.40079+00:00
224604,MULTIVERSE,2024-05-08,13.75,,,13.75,2672,2026-04-08T04:15:04.708287+00:00
224722,MULTIVERSE,2024-05-09,13.75,,,13.75,7784,2026-04-08T04:15:07.337178+00:00
224840,MULTIVERSE,2024-05-10,13.75,,,13.75,28845,2026-04-08T04:15:09.604775+00:00
224958,MULTIVERSE,2024-05-13,13.75,,,13.75,2638,2026-04-08T04:15:13.907933+00:00
225076,MULTIVERSE,2024-05-14,13.75,,,13.75,1118,2026-04-08T04:15:16.26654+00:00
225194,MULTIVERSE,2024-05-15,13.75,,,13.75,15620,2026-04-08T04:15:18.549958+00:00
225312,MULTIVERSE,2024-05-16,13.75,,,13.75,17500,2026-04-08T04:15:20.841424+00:00
225430,MULTIVERSE,2024-05-20,13.75,,,13.75,50,2026-04-08T04:15:25.962105+00:00
225548,MULTIVERSE,2024-05-21,13.75,,,13.75,0,2026-04-08T04:15:28.334406+00:00
225666,MULTIVERSE,2024-05-22,12.4,,,12.4,107672,2026-04-08T04:15:30.660212+00:00
225784,MULTIVERSE,2024-05-23,12.4,,,12.4,1285,2026-04-08T04:15:32.993296+00:00
225902,MULTIVERSE,2024-05-24,12.4,,,12.4,1021,2026-04-08T04:15:35.360226+00:00
226020,MULTIVERSE,2024-05-27,12.4,,,12.4,80,2026-04-08T04:15:39.562711+00:00
226138,MULTIVERSE,2024-05-28,12.4,,,12.4,4103,2026-04-08T04:15:41.894674+00:00
226256,MULTIVERSE,2024-05-29,12.4,,,12.4,554,2026-04-08T04:15:44.435333+00:00
226374,MULTIVERSE,2024-05-30,12.4,,,12.4,278,2026-04-08T04:15:46.695543+00:00
226492,MULTIVERSE,2024-05-31,12.4,,,12.4,1205,2026-04-08T04:15:48.909252+00:00
226610,MULTIVERSE,2024-06-03,12.4,,,12.4,104246,2026-04-08T04:15:53.203965+00:00
226728,MULTIVERSE,2024-06-04,12.4,,,12.4,1800,2026-04-08T04:15:55.456464+00:00
226846,MULTIVERSE,2024-06-05,12.4,,,12.4,13609,2026-04-08T04:15:57.839545+00:00
226964,MULTIVERSE,2024-06-06,12.4,,,12.4,276,2026-04-08T04:16:00.091412+00:00
227082,MULTIVERSE,2024-06-07,12.4,,,12.4,2014,2026-04-08T04:16:02.294722+00:00
227200,MULTIVERSE,2024-06-10,12.4,,,12.4,11103,2026-04-08T04:16:06.655303+00:00
227318,MULTIVERSE,2024-06-11,12.4,,,12.4,5510,2026-04-08T04:16:09.027942+00:00
227436,MULTIVERSE,2024-06-13,12.4,,,12.4,921,2026-04-08T04:16:12.454757+00:00
227554,MULTIVERSE,2024-06-14,12.4,,,12.4,20949,2026-04-08T04:16:14.762224+00:00
227672,MULTIVERSE,2024-06-20,12.4,,,12.4,20,2026-04-08T04:16:22.365263+00:00
227790,MULTIVERSE,2024-06-21,11.2,,,11.2,102020,2026-04-08T04:16:24.740936+00:00
227908,MULTIVERSE,2024-06-24,11.2,,,11.2,12284,2026-04-08T04:16:29.101951+00:00
228026,MULTIVERSE,2024-06-25,11.2,,,11.2,6231,2026-04-08T04:16:31.430939+00:00
228144,MULTIVERSE,2024-06-26,11.2,,,11.2,720,2026-04-08T04:16:33.77834+00:00
228262,MULTIVERSE,2024-06-27,11.2,,,11.2,15333,2026-04-08T04:16:36.13415+00:00
228380,MULTIVERSE,2024-06-28,11.2,,,11.2,1598,2026-04-08T04:16:38.472674+00:00
228498,MULTIVERSE,2024-07-01,11.2,,,11.2,5604,2026-04-08T04:16:42.881798+00:00
228616,MULTIVERSE,2024-07-02,11.2,,,11.2,163,2026-04-08T04:16:45.256647+00:00
228734,MULTIVERSE,2024-07-03,11.2,,,11.2,475,2026-04-08T04:16:47.732339+00:00
228852,MULTIVERSE,2024-07-04,11.2,,,11.2,403,2026-04-08T04:16:50.22378+00:00
228970,MULTIVERSE,2024-07-05,11.2,,,11.2,584,2026-04-08T04:16:52.679645+00:00
229088,MULTIVERSE,2024-07-08,11.2,,,11.2,101909,2026-04-08T04:16:57.375145+00:00
229206,MULTIVERSE,2024-07-09,11.2,,,11.2,524,2026-04-08T04:16:59.679545+00:00
229324,MULTIVERSE,2024-07-10,11.2,,,11.2,449,2026-04-08T04:17:02.104038+00:00
229442,MULTIVERSE,2024-07-11,11.2,,,11.2,1500,2026-04-08T04:17:04.804273+00:00
229560,MULTIVERSE,2024-07-12,11.2,,,11.2,35,2026-04-08T04:17:07.071694+00:00
229678,MULTIVERSE,2024-07-15,11.2,,,11.2,4895,2026-04-08T04:17:11.418935+00:00
229796,MULTIVERSE,2024-07-16,11.2,,,11.2,10915,2026-04-08T04:17:13.920176+00:00
229914,MULTIVERSE,2024-07-17,11.2,,,11.2,117017,2026-04-08T04:17:16.239817+00:00
230032,MULTIVERSE,2024-07-18,11.2,,,11.2,7050,2026-04-08T04:17:18.614364+00:00
230150,MULTIVERSE,2024-07-19,11.2,,,11.2,16510,2026-04-08T04:17:20.923419+00:00
230268,MULTIVERSE,2024-07-22,11.2,,,11.2,56890,2026-04-08T04:17:25.185516+00:00
230386,MULTIVERSE,2024-07-23,11.2,,,11.2,1017,2026-04-08T04:17:27.655924+00:00
230504,MULTIVERSE,2024-07-24,11.2,,,11.2,18095,2026-04-08T04:17:30.124258+00:00
230622,MULTIVERSE,2024-07-25,11.2,,,11.2,39733,2026-04-08T04:17:32.638981+00:00
230740,MULTIVERSE,2024-07-26,11.2,,,11.2,100,2026-04-08T04:17:35.101122+00:00
230858,MULTIVERSE,2024-07-29,11.2,,,11.2,5410,2026-04-08T04:17:40.103977+00:00
230976,MULTIVERSE,2024-07-30,11.2,,,11.2,795,2026-04-08T04:17:43.080384+00:00
231094,MULTIVERSE,2024-07-31,11.2,,,11.2,14682,2026-04-08T04:17:45.61458+00:00
231212,MULTIVERSE,2024-08-01,11.2,,,11.2,1165,2026-04-08T04:17:47.950902+00:00
231330,MULTIVERSE,2024-08-02,11.2,,,11.2,100952,2026-04-08T04:17:50.372085+00:00
231448,MULTIVERSE,2024-08-05,11.2,,,11.2,30531,2026-04-08T04:17:54.929581+00:00
231566,MULTIVERSE,2024-08-06,11.2,,,11.2,193551,2026-04-08T04:17:57.472912+00:00
231684,MULTIVERSE,2024-08-07,11.2,,,11.2,2469,2026-04-08T04:17:59.948734+00:00
231802,MULTIVERSE,2024-08-08,11.2,,,11.2,90890,2026-04-08T04:18:02.36647+00:00
231920,MULTIVERSE,2024-08-09,11.2,,,11.2,40204,2026-04-08T04:18:04.674683+00:00
232038,MULTIVERSE,2024-08-12,11.2,,,11.2,382,2026-04-08T04:18:08.918743+00:00
232156,MULTIVERSE,2024-08-13,11.2,,,11.2,135550,2026-04-08T04:18:11.387792+00:00
232274,MULTIVERSE,2024-08-14,11.2,,,11.2,390270,2026-04-08T04:18:13.859526+00:00
232392,MULTIVERSE,2024-08-15,11.2,,,11.2,790,2026-04-08T04:18:16.357381+00:00
232510,MULTIVERSE,2024-08-16,11.2,,,11.2,225,2026-04-08T04:18:18.692447+00:00
232628,MULTIVERSE,2024-08-19,11.2,,,11.2,60355,2026-04-08T04:18:23.063194+00:00
232746,MULTIVERSE,2024-08-20,11.2,,,11.2,840,2026-04-08T04:18:25.366221+00:00
232864,MULTIVERSE,2024-08-21,11.2,,,11.2,8000,2026-04-08T04:18:27.861334+00:00
232982,MULTIVERSE,2024-08-22,11.2,,,11.2,151000,2026-04-08T04:18:30.156184+00:00
233100,MULTIVERSE,2024-08-23,11.2,,,11.2,50764,2026-04-08T04:18:32.497978+00:00
233218,MULTIVERSE,2024-08-26,11.2,,,11.2,15497,2026-04-08T04:18:37.19542+00:00
233336,MULTIVERSE,2024-08-27,11.2,,,11.2,129392,2026-04-08T04:18:39.561091+00:00
233454,MULTIVERSE,2024-08-28,11.2,,,11.2,89600,2026-04-08T04:18:42.048567+00:00
233572,MULTIVERSE,2024-08-29,11.2,,,11.2,65674,2026-04-08T04:18:44.36768+00:00
233690,MULTIVERSE,2024-09-02,11.2,,,11.2,31794,2026-04-08T04:18:49.632285+00:00
233808,MULTIVERSE,2024-09-03,11.2,,,11.2,50000,2026-04-08T04:18:52.389232+00:00
233926,MULTIVERSE,2024-09-04,11.2,,,11.2,131,2026-04-08T04:18:54.875674+00:00
234044,MULTIVERSE,2024-09-05,11.2,,,11.2,300,2026-04-08T04:18:57.763256+00:00
234162,MULTIVERSE,2024-09-06,11.2,,,11.2,12600,2026-04-08T04:19:00.536712+00:00
234280,MULTIVERSE,2024-09-09,11.2,,,11.2,131776,2026-04-08T04:19:05.495104+00:00
234398,MULTIVERSE,2024-09-10,11.2,,,11.2,40,2026-04-08T04:19:08.070871+00:00
234516,MULTIVERSE,2024-09-11,11.2,,,11.2,18723,2026-04-08T04:19:10.663572+00:00
234634,MULTIVERSE,2024-09-12,11.2,,,11.2,65000,2026-04-08T04:19:13.371302+00:00
234752,MULTIVERSE,2024-09-13,11.2,,,11.2,8805,2026-04-08T04:19:16.033041+00:00
234870,MULTIVERSE,2024-09-17,11.2,,,11.2,7412,2026-04-08T04:19:22.824888+00:00
234988,MULTIVERSE,2024-09-18,11.2,,,11.2,30560,2026-04-08T04:19:25.915955+00:00
235106,MULTIVERSE,2024-09-19,11.2,,,11.2,3,2026-04-08T04:19:28.330134+00:00
235224,MULTIVERSE,2024-09-20,11.2,,,11.2,9262,2026-04-08T04:19:30.82066+00:00
235342,MULTIVERSE,2024-09-23,11.2,,,11.2,32215,2026-04-08T04:19:35.29526+00:00
235460,MULTIVERSE,2024-09-24,10.1,,,10.1,145421,2026-04-08T04:19:37.629736+00:00
235578,MULTIVERSE,2024-09-25,9.1,,,9.1,249638,2026-04-08T04:19:40.096992+00:00
235696,MULTIVERSE,2024-09-26,9.0,,,9.0,1055517,2026-04-08T04:19:42.676048+00:00
235814,MULTIVERSE,2024-09-27,9.0,,,9.0,103332,2026-04-08T04:19:45.342636+00:00
235932,MULTIVERSE,2024-09-30,9.0,,,9.0,300035,2026-04-08T04:19:50.223917+00:00
236050,MULTIVERSE,2024-10-02,9.0,,,9.0,282675,2026-04-08T04:19:53.821423+00:00
236168,MULTIVERSE,2024-10-03,9.0,,,9.0,10646,2026-04-08T04:19:56.203135+00:00
236286,MULTIVERSE,2024-10-04,8.8,,,8.8,1499884,2026-04-08T04:19:58.634737+00:00
236404,MULTIVERSE,2024-10-07,8.8,,,8.8,541270,2026-04-08T04:20:03.05432+00:00
236522,MULTIVERSE,2024-10-08,8.8,,,8.8,190417,2026-04-08T04:20:05.535519+00:00
236640,MULTIVERSE,2024-10-10,8.8,,,8.8,205743,2026-04-08T04:20:08.855054+00:00
236758,MULTIVERSE,2024-10-11,8.8,,,8.8,65760,2026-04-08T04:20:11.460237+00:00
236876,MULTIVERSE,2024-10-14,8.8,,,8.8,166920,2026-04-08T04:20:16.284622+00:00
236995,MULTIVERSE,2024-10-15,8.8,,,8.8,297774,2026-04-08T04:20:18.84933+00:00
237114,MULTIVERSE,2024-10-17,8.8,,,8.8,946,2026-04-08T04:20:23.389134+00:00
237233,MULTIVERSE,2024-10-18,8.8,,,8.8,21556,2026-04-08T04:20:26.17489+00:00
237352,MULTIVERSE,2024-10-21,8.8,,,8.8,28532,2026-04-08T04:20:30.541886+00:00
237471,MULTIVERSE,2024-10-22,8.8,,,8.8,24360,2026-04-08T04:20:32.890604+00:00
237590,MULTIVERSE,2024-10-23,8.8,,,8.8,131800,2026-04-08T04:20:35.186729+00:00
237709,MULTIVERSE,2024-10-24,8.8,,,8.8,38398,2026-04-08T04:20:37.740613+00:00
237828,MULTIVERSE,2024-10-25,8.8,,,8.8,23624,2026-04-08T04:20:40.222387+00:00
237947,MULTIVERSE,2024-10-28,8.8,,,8.8,82098,2026-04-08T04:20:44.742576+00:00
238066,MULTIVERSE,2024-10-29,8.8,,,8.8,23534,2026-04-08T04:20:47.136244+00:00
238185,MULTIVERSE,2024-10-30,8.8,,,8.8,184617,2026-04-08T04:20:49.405969+00:00
238304,MULTIVERSE,2024-10-31,8.8,,,8.8,20075,2026-04-08T04:20:51.756515+00:00
238423,MULTIVERSE,2024-11-01,7.95,,,7.95,238924,2026-04-08T04:20:54.1075+00:00
238542,MULTIVERSE,2024-11-04,7.95,,,7.95,44277,2026-04-08T04:20:58.471072+00:00
238661,MULTIVERSE,2024-11-05,7.95,,,7.95,189655,2026-04-08T04:21:01.00344+00:00
238780,MULTIVERSE,2024-11-06,7.95,,,7.95,32950,2026-04-08T04:21:03.585377+00:00
238899,MULTIVERSE,2024-11-07,7.95,,,7.95,26200,2026-04-08T04:21:06.256351+00:00
239018,MULTIVERSE,2024-11-08,7.95,,,7.95,96978,2026-04-08T04:21:08.623134+00:00
239137,MULTIVERSE,2024-11-11,7.95,,,7.95,21100,2026-04-08T04:21:12.782875+00:00
239256,MULTIVERSE,2024-11-12,7.95,,,7.95,172940,2026-04-08T04:21:15.417322+00:00
239375,MULTIVERSE,2024-11-13,7.95,,,7.95,1308,2026-04-08T04:21:17.790166+00:00
239494,MULTIVERSE,2024-11-14,7.95,,,7.95,179459,2026-04-08T04:21:20.354873+00:00
239613,MULTIVERSE,2024-11-15,7.95,,,7.95,43250,2026-04-08T04:21:22.90937+00:00
239732,MULTIVERSE,2024-11-18,7.95,,,7.95,67703,2026-04-08T04:21:27.576358+00:00
239851,MULTIVERSE,2024-11-19,7.95,,,7.95,28178,2026-04-08T04:21:29.868433+00:00
239970,MULTIVERSE,2024-11-20,7.2,,,7.2,717051,2026-04-08T04:21:32.433299+00:00
240089,MULTIVERSE,2024-11-21,7.2,,,7.2,83713,2026-04-08T04:21:34.755564+00:00
240208,MULTIVERSE,2024-11-22,6.55,,,6.55,537131,2026-04-08T04:21:37.514754+00:00
240327,MULTIVERSE,2024-11-25,6.55,,,6.55,229395,2026-04-08T04:21:41.818387+00:00
240446,MULTIVERSE,2024-11-26,5.9,,,5.9,681824,2026-04-08T04:21:44.163824+00:00
240565,MULTIVERSE,2024-11-27,5.9,,,5.9,119256,2026-04-08T04:21:46.720727+00:00
240684,MULTIVERSE,2024-11-28,5.9,,,5.9,202518,2026-04-08T04:21:49.110263+00:00
240803,MULTIVERSE,2024-12-02,5.9,,,5.9,55007,2026-04-08T04:21:54.88401+00:00
240922,MULTIVERSE,2024-12-03,5.9,,,5.9,547245,2026-04-08T04:21:57.640504+00:00
241041,MULTIVERSE,2024-12-04,5.9,,,5.9,18988,2026-04-08T04:21:59.930228+00:00
241160,MULTIVERSE,2024-12-06,5.9,,,5.9,46622,2026-04-08T04:22:03.392712+00:00
241279,MULTIVERSE,2024-12-09,5.9,,,5.9,57400,2026-04-08T04:22:07.745808+00:00
241398,MULTIVERSE,2024-12-10,5.9,,,5.9,136660,2026-04-08T04:22:10.112253+00:00
241517,MULTIVERSE,2024-12-11,5.45,,,5.45,885107,2026-04-08T04:22:12.639548+00:00
241636,MULTIVERSE,2024-12-12,5.65,,,5.65,135183,2026-04-08T04:22:15.033357+00:00
241755,MULTIVERSE,2024-12-13,5.65,,,5.65,63909,2026-04-08T04:22:17.509919+00:00
241874,MULTIVERSE,2024-12-16,5.65,,,5.65,285688,2026-04-08T04:22:22.499781+00:00
241993,MULTIVERSE,2024-12-17,5.65,,,5.65,337102,2026-04-08T04:22:24.995572+00:00
242112,MULTIVERSE,2024-12-18,5.65,,,5.65,618999,2026-04-08T04:22:27.498126+00:00
242231,MULTIVERSE,2024-12-19,5.1,,,5.1,1297685,2026-04-08T04:22:29.868083+00:00
242350,MULTIVERSE,2024-12-20,4.6,,,4.6,1268288,2026-04-08T04:22:32.392508+00:00
242469,MULTIVERSE,2024-12-23,5.05,,,5.05,489100,2026-04-08T04:22:36.740311+00:00
242588,MULTIVERSE,2024-12-24,5.55,,,5.55,952620,2026-04-08T04:22:39.25804+00:00
242707,MULTIVERSE,2024-12-27,6.1,,,6.1,982546,2026-04-08T04:22:43.946119+00:00
242825,MULTIVERSE,2024-12-31,7.35,,,7.35,944620,2026-04-08T04:22:48.665239+00:00
242943,MULTIVERSE,2025-01-02,8.05,,,8.05,2137715,2026-04-08T04:22:52.256438+00:00
243061,MULTIVERSE,2025-01-03,8.05,,,8.05,101311,2026-04-08T04:22:55.101113+00:00
243179,MULTIVERSE,2025-01-06,8.85,,,8.85,288297,2026-04-08T04:23:00.046313+00:00
243297,MULTIVERSE,2025-01-07,9.7,,,9.7,313961,2026-04-08T04:23:02.329348+00:00
243415,MULTIVERSE,2025-01-08,10.65,,,10.65,4218128,2026-04-08T04:23:04.632968+00:00
243533,MULTIVERSE,2025-01-09,11.5,,,11.5,1428126,2026-04-08T04:23:06.908261+00:00
243651,MULTIVERSE,2025-01-10,12.35,,,12.35,1474463,2026-04-08T04:23:09.304805+00:00
243769,MULTIVERSE,2025-01-13,11.15,,,11.15,1048325,2026-04-08T04:23:13.790041+00:00
243887,MULTIVERSE,2025-01-14,11.15,,,11.15,373817,2026-04-08T04:23:16.129929+00:00
244005,MULTIVERSE,2025-01-15,11.15,,,11.15,299458,2026-04-08T04:23:18.535433+00:00
244123,MULTIVERSE,2025-01-16,11.15,,,11.15,202878,2026-04-08T04:23:20.834867+00:00
244241,MULTIVERSE,2025-01-17,11.15,,,11.15,61592,2026-04-08T04:23:23.141674+00:00
244359,MULTIVERSE,2025-01-20,11.15,,,11.15,41011,2026-04-08T04:23:27.482452+00:00
244477,MULTIVERSE,2025-01-21,11.15,,,11.15,14588,2026-04-08T04:23:29.752731+00:00
244595,MULTIVERSE,2025-01-22,10.05,,,10.05,240818,2026-04-08T04:23:32.235559+00:00
244713,MULTIVERSE,2025-01-23,10.05,,,10.05,41885,2026-04-08T04:23:34.519549+00:00
244831,MULTIVERSE,2025-01-24,10.05,,,10.05,418375,2026-04-08T04:23:37.097992+00:00
244949,MULTIVERSE,2025-01-27,10.05,,,10.05,133650,2026-04-08T04:23:41.817807+00:00
245067,MULTIVERSE,2025-01-28,10.05,,,10.05,69602,2026-04-08T04:23:44.43679+00:00
245185,MULTIVERSE,2025-01-30,10.05,,,10.05,37335,2026-04-08T04:23:47.90788+00:00
245303,MULTIVERSE,2025-01-31,10.05,,,10.05,37335,2026-04-08T04:23:50.425841+00:00
245421,MULTIVERSE,2025-02-03,10.05,,,10.05,25284,2026-04-08T04:23:55.090801+00:00
245539,MULTIVERSE,2025-02-04,10.05,,,10.05,12409,2026-04-08T04:23:57.584141+00:00
245657,MULTIVERSE,2025-02-05,10.05,,,10.05,19313,2026-04-08T04:24:00.484627+00:00
245775,MULTIVERSE,2025-02-06,10.05,,,10.05,88432,2026-04-08T04:24:04.153698+00:00
245893,MULTIVERSE,2025-02-07,9.05,,,9.05,722608,2026-04-08T04:24:07.822728+00:00
246011,MULTIVERSE,2025-02-10,8.65,,,8.65,1386090,2026-04-08T04:24:13.163899+00:00
246129,MULTIVERSE,2025-02-11,8.65,,,8.65,315296,2026-04-08T04:24:15.629092+00:00
246247,MULTIVERSE,2025-02-12,9.5,,,9.5,842780,2026-04-08T04:24:18.226035+00:00
246365,MULTIVERSE,2025-02-13,10.4,,,10.4,1036108,2026-04-08T04:24:20.725749+00:00
246483,MULTIVERSE,2025-02-14,10.9,,,10.9,517230,2026-04-08T04:24:23.300806+00:00
246601,MULTIVERSE,2025-02-17,10.8,,,10.8,541567,2026-04-08T04:24:27.726986+00:00
246719,MULTIVERSE,2025-02-18,10.8,,,10.8,109099,2026-04-08T04:24:30.295737+00:00
246837,MULTIVERSE,2025-02-19,10.8,,,10.8,160226,2026-04-08T04:24:32.765887+00:00
246955,MULTIVERSE,2025-02-20,10.8,,,10.8,108871,2026-04-08T04:24:35.351909+00:00
247073,MULTIVERSE,2025-02-21,10.8,,,10.8,23449,2026-04-08T04:24:37.680479+00:00
247191,MULTIVERSE,2025-02-25,10.8,,,10.8,25950,2026-04-08T04:24:43.419296+00:00
247309,MULTIVERSE,2025-02-26,10.8,,,10.8,7155,2026-04-08T04:24:45.860894+00:00
247427,MULTIVERSE,2025-02-27,10.8,,,10.8,3794,2026-04-08T04:24:48.27846+00:00
247545,MULTIVERSE,2025-02-28,9.75,,,9.75,136823,2026-04-08T04:24:50.63724+00:00
247663,MULTIVERSE,2025-03-03,8.8,,,8.8,606092,2026-04-08T04:24:55.222854+00:00
247781,MULTIVERSE,2025-03-04,8.8,,,8.8,189976,2026-04-08T04:24:57.762887+00:00
247900,MULTIVERSE,2025-03-05,8.8,,,8.8,158011,2026-04-08T04:25:00.108696+00:00
248019,MULTIVERSE,2025-03-06,8.8,,,8.8,50983,2026-04-08T04:25:02.52336+00:00
248138,MULTIVERSE,2025-03-07,8.8,,,8.8,92859,2026-04-08T04:25:04.19753+00:00
248257,MULTIVERSE,2025-03-10,8.8,,,8.8,56731,2026-04-08T04:25:07.959889+00:00
248376,MULTIVERSE,2025-03-11,8.8,,,8.8,177259,2026-04-08T04:25:10.446731+00:00
248495,MULTIVERSE,2025-03-12,7.95,,,7.95,810116,2026-04-08T04:25:12.888859+00:00
248614,MULTIVERSE,2025-03-13,8.65,,,8.65,633550,2026-04-08T04:25:15.353849+00:00
248733,MULTIVERSE,2025-03-14,8.65,,,8.65,122285,2026-04-08T04:25:17.75152+00:00
248852,MULTIVERSE,2025-03-17,8.65,,,8.65,166034,2026-04-08T04:25:23.327657+00:00
248971,MULTIVERSE,2025-03-18,8.65,,,8.65,49377,2026-04-08T04:25:25.763099+00:00
249090,MULTIVERSE,2025-03-19,8.65,,,8.65,13016,2026-04-08T04:25:28.144043+00:00
249209,MULTIVERSE,2025-03-20,8.65,,,8.65,12560,2026-04-08T04:25:31.01834+00:00
249328,MULTIVERSE,2025-03-21,8.65,,,8.65,9724,2026-04-08T04:25:33.389958+00:00
249447,MULTIVERSE,2025-03-24,8.65,,,8.65,62736,2026-04-08T04:25:38.388993+00:00
249566,MULTIVERSE,2025-03-25,8.65,,,8.65,30757,2026-04-08T04:25:40.7685+00:00
249685,MULTIVERSE,2025-03-26,8.65,,,8.65,72492,2026-04-08T04:25:43.344812+00:00
249804,MULTIVERSE,2025-03-27,8.65,,,8.65,33827,2026-04-08T04:25:45.817232+00:00
249923,MULTIVERSE,2025-03-28,8.65,,,8.65,83983,2026-04-08T04:25:48.177352+00:00
250042,MULTIVERSE,2025-04-02,8.65,,,8.65,109647,2026-04-08T04:25:54.663823+00:00
250161,MULTIVERSE,2025-04-03,8.65,,,8.65,45057,2026-04-08T04:25:57.014747+00:00
250280,MULTIVERSE,2025-04-04,8.65,,,8.65,45802,2026-04-08T04:25:59.489503+00:00
250399,MULTIVERSE,2025-04-07,8.65,,,8.65,5000,2026-04-08T04:26:04.211964+00:00
250518,MULTIVERSE,2025-04-08,8.65,,,8.65,40000,2026-04-08T04:26:06.766331+00:00
250637,MULTIVERSE,2025-04-10,8.65,,,8.65,2583,2026-04-08T04:26:10.263658+00:00
250756,MULTIVERSE,2025-04-11,8.65,,,8.65,28605,2026-04-08T04:26:12.610372+00:00
250875,MULTIVERSE,2025-04-14,8.65,,,8.65,24684,2026-04-08T04:26:17.137975+00:00
250994,MULTIVERSE,2025-04-15,8.65,,,8.65,34370,2026-04-08T04:26:19.634971+00:00
251113,MULTIVERSE,2025-04-16,8.65,,,8.65,9500,2026-04-08T04:26:22.321337+00:00
251232,MULTIVERSE,2025-04-17,8.65,,,8.65,82327,2026-04-08T04:26:24.819431+00:00
251351,MULTIVERSE,2025-04-22,8.65,,,8.65,101370,2026-04-08T04:26:31.401152+00:00
251470,MULTIVERSE,2025-04-23,8.65,,,8.65,10942,2026-04-08T04:26:33.741411+00:00
251590,MULTIVERSE,2025-04-24,7.8,,,7.8,274550,2026-04-08T04:26:36.383131+00:00
251710,MULTIVERSE,2025-04-25,7.8,,,7.8,147228,2026-04-08T04:26:38.677219+00:00
251830,MULTIVERSE,2025-04-28,7.8,,,7.8,91717,2026-04-08T04:26:43.113614+00:00
251950,MULTIVERSE,2025-04-29,7.05,,,7.05,405738,2026-04-08T04:26:45.609073+00:00
252070,MULTIVERSE,2025-04-30,7.05,,,7.05,635656,2026-04-08T04:26:48.242472+00:00
252190,MULTIVERSE,2025-05-02,6.35,,,6.35,498580,2026-04-08T04:26:51.690529+00:00
252310,MULTIVERSE,2025-05-05,6.95,,,6.95,537678,2026-04-08T04:26:56.275381+00:00
252430,MULTIVERSE,2025-05-06,7.6,,,7.6,502987,2026-04-08T04:26:58.7221+00:00
252550,MULTIVERSE,2025-05-07,8.35,,,8.35,596106,2026-04-08T04:27:01.170235+00:00
252670,MULTIVERSE,2025-05-08,9.1,,,9.1,609209,2026-04-08T04:27:03.468055+00:00
252790,MULTIVERSE,2025-05-09,10.0,,,10.0,1744582,2026-04-08T04:27:05.963213+00:00
252910,MULTIVERSE,2025-05-12,11.0,,,11.0,1364533,2026-04-08T04:27:10.449459+00:00
253030,MULTIVERSE,2025-05-14,9.85,,,9.85,592705,2026-04-08T04:27:13.89162+00:00
253150,MULTIVERSE,2025-05-15,8.9,,,8.9,359293,2026-04-08T04:27:16.307455+00:00
253270,MULTIVERSE,2025-05-16,8.05,,,8.05,1019533,2026-04-08T04:27:18.639316+00:00
253390,MULTIVERSE,2025-05-19,9.7,,,9.7,1797307,2026-04-08T04:27:23.06518+00:00
253510,MULTIVERSE,2025-05-20,9.7,,,9.7,1797307,2026-04-08T04:27:25.663956+00:00
253630,MULTIVERSE,2025-05-21,9.0,,,9.0,640157,2026-04-08T04:27:28.280255+00:00
253750,MULTIVERSE,2025-05-22,8.5,,,8.5,452776,2026-04-08T04:27:30.733393+00:00
253870,MULTIVERSE,2025-05-23,9.0,,,9.0,416241,2026-04-08T04:27:33.142895+00:00
253990,MULTIVERSE,2025-05-26,8.9,,,8.9,178453,2026-04-08T04:27:37.938794+00:00
254110,MULTIVERSE,2025-05-27,8.9,,,8.9,108469,2026-04-08T04:27:40.395447+00:00
254230,MULTIVERSE,2025-05-28,8.05,,,8.05,262290,2026-04-08T04:27:42.906627+00:00
254350,MULTIVERSE,2025-05-29,8.05,,,8.05,176692,2026-04-08T04:27:45.903166+00:00
254470,MULTIVERSE,2025-05-30,7.6,,,7.6,280651,2026-04-08T04:27:48.4452+00:00
254590,MULTIVERSE,2025-06-02,8.35,,,8.35,1152678,2026-04-08T04:27:53.01382+00:00
254710,MULTIVERSE,2025-06-03,8.95,,,8.95,1184551,2026-04-08T04:27:55.368454+00:00
254830,MULTIVERSE,2025-06-04,9.15,,,9.15,387150,2026-04-08T04:27:57.94541+00:00
254950,MULTIVERSE,2025-06-05,9.15,,,9.15,88554,2026-04-08T04:28:00.320696+00:00
255070,MULTIVERSE,2025-06-10,9.15,,,9.15,120883,2026-04-08T04:28:07.114795+00:00
255190,MULTIVERSE,2025-06-11,9.15,,,9.15,84610,2026-04-08T04:28:09.38594+00:00
255310,MULTIVERSE,2025-06-17,9.15,,,9.15,92441,2026-04-08T04:28:17.228975+00:00
255430,MULTIVERSE,2025-06-18,9.85,,,9.85,548308,2026-04-08T04:28:19.70912+00:00
255550,MULTIVERSE,2025-06-19,9.65,,,9.65,228617,2026-04-08T04:28:22.276816+00:00
255670,MULTIVERSE,2025-06-20,9.65,,,9.65,84925,2026-04-08T04:28:24.65394+00:00
255790,MULTIVERSE,2025-06-23,9.2,,,9.2,300865,2026-04-08T04:28:29.225711+00:00
255910,MULTIVERSE,2025-06-24,9.2,,,9.2,95980,2026-04-08T04:28:31.569579+00:00
256030,MULTIVERSE,2025-06-25,8.75,,,8.75,837344,2026-04-08T04:28:33.910697+00:00
256150,MULTIVERSE,2025-06-26,8.75,,,8.75,104866,2026-04-08T04:28:36.389223+00:00
256270,MULTIVERSE,2025-06-27,8.75,,,8.75,96506,2026-04-08T04:28:38.797599+00:00
256390,MULTIVERSE,2025-07-01,8.45,,,8.45,734692,2026-04-08T04:28:44.517216+00:00
256510,MULTIVERSE,2025-07-02,8.45,,,8.45,88476,2026-04-08T04:28:47.139962+00:00
256630,MULTIVERSE,2025-07-03,8.45,,,8.45,139755,2026-04-08T04:28:49.506141+00:00
256750,MULTIVERSE,2025-07-04,8.45,,,8.45,174740,2026-04-08T04:28:51.76506+00:00
256870,MULTIVERSE,2025-07-07,8.45,,,8.45,112690,2026-04-08T04:28:56.230166+00:00
256990,MULTIVERSE,2025-07-08,9.25,,,9.25,284956,2026-04-08T04:28:58.705995+00:00
257110,MULTIVERSE,2025-07-09,9.25,,,9.25,282976,2026-04-08T04:29:01.058721+00:00
257230,MULTIVERSE,2025-07-10,10.1,,,10.1,667087,2026-04-08T04:29:03.550316+00:00
257350,MULTIVERSE,2025-07-11,10.2,,,10.2,899483,2026-04-08T04:29:06.089999+00:00
257470,MULTIVERSE,2025-07-14,10.5,,,10.5,337513,2026-04-08T04:29:10.69196+00:00
257590,MULTIVERSE,2025-07-16,10.1,,,10.1,831839,2026-04-08T04:29:14.112969+00:00
257710,MULTIVERSE,2025-07-17,10.1,,,10.1,72384,2026-04-08T04:29:16.489777+00:00
257830,MULTIVERSE,2025-07-18,10.1,,,10.1,94114,2026-04-08T04:29:18.854517+00:00
257950,MULTIVERSE,2025-07-21,9.9,,,9.9,1193443,2026-04-08T04:29:23.300994+00:00
258070,MULTIVERSE,2025-07-22,9.9,,,9.9,86186,2026-04-08T04:29:25.922592+00:00
258190,MULTIVERSE,2025-07-23,9.0,,,9.0,322584,2026-04-08T04:29:29.05968+00:00
258310,MULTIVERSE,2025-07-24,9.0,,,9.0,66036,2026-04-08T04:29:31.486978+00:00
258430,MULTIVERSE,2025-07-25,9.0,,,9.0,35251,2026-04-08T04:29:33.980938+00:00
258550,MULTIVERSE,2025-07-28,9.0,,,9.0,102544,2026-04-08T04:29:38.78621+00:00
258669,MULTIVERSE,2025-07-29,9.0,,,9.0,131429,2026-04-08T04:29:41.392621+00:00
258788,MULTIVERSE,2025-07-30,9.9,,,9.9,843757,2026-04-08T04:29:43.881641+00:00
258907,MULTIVERSE,2025-07-31,10.85,,,10.85,1365416,2026-04-08T04:29:46.315218+00:00
259026,MULTIVERSE,2025-08-01,10.85,,,10.85,270771,2026-04-08T04:29:48.711654+00:00
259144,MULTIVERSE,2025-08-04,10.85,,,10.85,217802,2026-04-08T04:29:53.303607+00:00
259263,MULTIVERSE,2025-08-05,10.85,,,10.85,95110,2026-04-08T04:29:55.780422+00:00
259382,MULTIVERSE,2025-08-06,9.8,,,9.8,565223,2026-04-08T04:29:58.241852+00:00
259501,MULTIVERSE,2025-08-07,9.8,,,9.8,260999,2026-04-08T04:30:00.56444+00:00
259620,MULTIVERSE,2025-08-08,9.8,,,9.8,176957,2026-04-08T04:30:02.234883+00:00
259739,MULTIVERSE,2025-08-11,9.8,,,9.8,404515,2026-04-08T04:30:07.037349+00:00
259858,MULTIVERSE,2025-08-12,9.8,,,9.8,169684,2026-04-08T04:30:09.28323+00:00
259977,MULTIVERSE,2025-08-13,9.8,,,9.8,1086140,2026-04-08T04:30:11.815521+00:00
260096,MULTIVERSE,2025-08-14,9.8,,,9.8,168726,2026-04-08T04:30:14.350221+00:00
260215,MULTIVERSE,2025-08-15,9.8,,,9.8,543189,2026-04-08T04:30:16.786076+00:00
260334,MULTIVERSE,2025-08-18,9.8,,,9.8,699475,2026-04-08T04:30:21.560319+00:00
260453,MULTIVERSE,2025-08-19,10.2,,,10.2,394492,2026-04-08T04:30:23.869462+00:00
260572,MULTIVERSE,2025-08-20,11.1,,,11.1,1603924,2026-04-08T04:30:26.318672+00:00
260691,MULTIVERSE,2025-08-21,11.0,,,11.0,846963,2026-04-08T04:30:28.670378+00:00
260810,MULTIVERSE,2025-08-22,10.9,,,10.9,654923,2026-04-08T04:30:30.96965+00:00
260929,MULTIVERSE,2025-08-25,10.9,,,10.9,416429,2026-04-08T04:30:35.521871+00:00
261048,MULTIVERSE,2025-08-26,10.9,,,10.9,123133,2026-04-08T04:30:37.91594+00:00
261167,MULTIVERSE,2025-08-27,11.0,,,11.0,352222,2026-04-08T04:30:40.231113+00:00
261286,MULTIVERSE,2025-08-28,11.0,,,11.0,46033,2026-04-08T04:30:42.59826+00:00
261405,MULTIVERSE,2025-08-29,10.9,,,10.9,742282,2026-04-08T04:30:45.09102+00:00
261524,MULTIVERSE,2025-09-01,10.9,,,10.9,123253,2026-04-08T04:30:49.608802+00:00
261643,MULTIVERSE,2025-09-02,11.5,,,11.5,572947,2026-04-08T04:30:52.312491+00:00
261762,MULTIVERSE,2025-09-03,11.5,,,11.5,616149,2026-04-08T04:30:55.837007+00:00
261881,MULTIVERSE,2025-09-04,11.5,,,11.5,74267,2026-04-08T04:30:58.198935+00:00
262000,MULTIVERSE,2025-09-08,11.5,,,11.5,261634,2026-04-08T04:31:03.728068+00:00
262119,MULTIVERSE,2025-09-09,11.5,,,11.5,436474,2026-04-08T04:31:06.294869+00:00
262238,MULTIVERSE,2025-09-10,11.5,,,11.5,122889,2026-04-08T04:31:08.610575+00:00
262357,MULTIVERSE,2025-09-11,11.5,,,11.5,70617,2026-04-08T04:31:10.974873+00:00
262476,MULTIVERSE,2025-09-12,11.5,,,11.5,204803,2026-04-08T04:31:13.547359+00:00
262595,MULTIVERSE,2025-09-15,12.4,,,12.4,507968,2026-04-08T04:31:18.268622+00:00
262714,MULTIVERSE,2025-09-16,13.6,,,13.6,413688,2026-04-08T04:31:20.741189+00:00
262833,MULTIVERSE,2025-09-17,13.95,,,13.95,467846,2026-04-08T04:31:23.24235+00:00
262952,MULTIVERSE,2025-09-18,13.95,,,13.95,368959,2026-04-08T04:31:25.598019+00:00
263071,MULTIVERSE,2025-09-19,13.95,,,13.95,39801,2026-04-08T04:31:28.111008+00:00
263190,MULTIVERSE,2025-09-22,13.95,,,13.95,258808,2026-04-08T04:31:32.624882+00:00
263309,MULTIVERSE,2025-09-23,13.95,,,13.95,127881,2026-04-08T04:31:35.170326+00:00
263428,MULTIVERSE,2025-09-24,13.95,,,13.95,268128,2026-04-08T04:31:37.673105+00:00
263547,MULTIVERSE,2025-09-25,13.9,,,13.9,200073,2026-04-08T04:31:40.100841+00:00
263666,MULTIVERSE,2025-09-26,13.9,,,13.9,171653,2026-04-08T04:31:42.548783+00:00
263785,MULTIVERSE,2025-09-29,13.9,,,13.9,212412,2026-04-08T04:31:47.029675+00:00
263904,MULTIVERSE,2025-09-30,13.9,,,13.9,179573,2026-04-08T04:31:49.320364+00:00
264023,MULTIVERSE,2025-10-02,13.9,,,13.9,103604,2026-04-08T04:31:52.706523+00:00
264142,MULTIVERSE,2025-10-03,13.9,,,13.9,137817,2026-04-08T04:31:55.311341+00:00
264261,MULTIVERSE,2025-10-06,13.9,,,13.9,116822,2026-04-08T04:31:59.803196+00:00
264380,MULTIVERSE,2025-10-07,13.9,,,13.9,76263,2026-04-08T04:32:02.285104+00:00
264499,MULTIVERSE,2025-10-08,13.9,,,13.9,113481,2026-04-08T04:32:04.646463+00:00
264618,MULTIVERSE,2025-10-09,13.9,,,13.9,143355,2026-04-08T04:32:07.004133+00:00
264737,MULTIVERSE,2025-10-10,13.9,,,13.9,72497,2026-04-08T04:32:10.69692+00:00
264856,MULTIVERSE,2025-10-13,13.9,,,13.9,198020,2026-04-08T04:32:15.267586+00:00
264975,MULTIVERSE,2025-10-14,13.9,,,13.9,100818,2026-04-08T04:32:17.792097+00:00
265094,MULTIVERSE,2025-10-15,13.9,,,13.9,114029,2026-04-08T04:32:20.093513+00:00
265213,MULTIVERSE,2025-10-16,13.9,,,13.9,74620,2026-04-08T04:32:22.728593+00:00
265332,MULTIVERSE,2025-10-17,13.9,,,13.9,99734,2026-04-08T04:32:25.167177+00:00
265451,MULTIVERSE,2025-10-20,13.9,,,13.9,72825,2026-04-08T04:32:29.532096+00:00
265570,MULTIVERSE,2025-10-21,13.9,,,13.9,101463,2026-04-08T04:32:31.920152+00:00
265689,MULTIVERSE,2025-10-22,13.9,,,13.9,16873,2026-04-08T04:32:34.332447+00:00
265808,MULTIVERSE,2025-10-23,12.55,,,12.55,646056,2026-04-08T04:32:36.79914+00:00
265927,MULTIVERSE,2025-10-24,12.55,,,12.55,455865,2026-04-08T04:32:39.249323+00:00
266046,MULTIVERSE,2025-10-28,13.0,,,13.0,181166,2026-04-08T04:32:44.921336+00:00
266165,MULTIVERSE,2025-10-29,13.0,,,13.0,89687,2026-04-08T04:32:47.450266+00:00
266284,MULTIVERSE,2025-10-30,13.0,,,13.0,158068,2026-04-08T04:32:49.91761+00:00
266403,MULTIVERSE,2025-10-31,13.0,,,13.0,160131,2026-04-08T04:32:52.375955+00:00
266522,MULTIVERSE,2025-11-03,13.0,,,13.0,128846,2026-04-08T04:32:57.290654+00:00
266641,MULTIVERSE,2025-11-04,13.0,,,13.0,467818,2026-04-08T04:32:59.739678+00:00
266760,MULTIVERSE,2025-11-05,13.0,,,13.0,106198,2026-04-08T04:33:02.152799+00:00
266879,MULTIVERSE,2025-11-06,13.0,,,13.0,171696,2026-04-08T04:33:04.646202+00:00
266998,MULTIVERSE,2025-11-07,11.75,,,11.75,456311,2026-04-08T04:33:07.145499+00:00
267117,MULTIVERSE,2025-11-10,10.6,,,10.6,1294325,2026-04-08T04:33:11.744122+00:00
267236,MULTIVERSE,2025-11-11,9.6,,,9.6,400314,2026-04-08T04:33:14.17228+00:00
267355,MULTIVERSE,2025-11-12,9.6,,,9.6,96453,2026-04-08T04:33:16.719178+00:00
267474,MULTIVERSE,2025-11-13,9.6,,,9.6,53428,2026-04-08T04:33:19.052814+00:00
267593,MULTIVERSE,2025-11-14,10.05,,,10.05,419685,2026-04-08T04:33:21.762061+00:00
267712,MULTIVERSE,2025-11-17,10.05,,,10.05,59069,2026-04-08T04:33:26.271116+00:00
267831,MULTIVERSE,2025-11-18,10.05,,,10.05,20290,2026-04-08T04:33:29.067053+00:00
267950,MULTIVERSE,2025-11-19,10.05,,,10.05,9547,2026-04-08T04:33:31.487527+00:00
268069,MULTIVERSE,2025-11-20,10.05,,,10.05,31165,2026-04-08T04:33:33.887172+00:00
268188,MULTIVERSE,2025-11-21,10.05,,,10.05,79278,2026-04-08T04:33:36.654129+00:00
268307,MULTIVERSE,2025-11-24,10.05,,,10.05,31154,2026-04-08T04:33:41.368891+00:00
268426,MULTIVERSE,2025-11-25,10.05,,,10.05,20806,2026-04-08T04:33:44.004166+00:00
268545,MULTIVERSE,2025-11-26,10.05,,,10.05,28920,2026-04-08T04:33:46.260048+00:00
268664,MULTIVERSE,2025-11-27,10.05,,,10.05,20105,2026-04-08T04:33:48.488035+00:00
268783,MULTIVERSE,2025-11-28,10.05,,,10.05,24055,2026-04-08T04:33:50.826192+00:00
268902,MULTIVERSE,2025-12-01,10.05,,,10.05,33445,2026-04-08T04:33:55.236541+00:00
269021,MULTIVERSE,2025-12-02,10.05,,,10.05,5415,2026-04-08T04:33:57.748335+00:00
269140,MULTIVERSE,2025-12-03,11.05,,,11.05,261053,2026-04-08T04:34:00.349419+00:00
269259,MULTIVERSE,2025-12-04,11.05,,,11.05,223623,2026-04-08T04:34:03.142475+00:00
269378,MULTIVERSE,2025-12-05,11.05,,,11.05,28500,2026-04-08T04:34:05.808951+00:00
269497,MULTIVERSE,2025-12-08,11.05,,,11.05,75885,2026-04-08T04:34:10.334331+00:00
269616,MULTIVERSE,2025-12-09,11.05,,,11.05,57683,2026-04-08T04:34:12.926221+00:00
269735,MULTIVERSE,2025-12-10,11.05,,,11.05,32525,2026-04-08T04:34:15.295879+00:00
269854,MULTIVERSE,2025-12-11,11.05,,,11.05,104627,2026-04-08T04:34:17.804745+00:00
269973,MULTIVERSE,2025-12-12,11.05,,,11.05,109357,2026-04-08T04:34:20.615101+00:00
270092,MULTIVERSE,2025-12-15,11.05,,,11.05,105808,2026-04-08T04:34:25.240467+00:00
270211,MULTIVERSE,2025-12-16,12.15,,,12.15,193286,2026-04-08T04:34:27.867795+00:00
270330,MULTIVERSE,2025-12-18,12.15,,,12.15,70198,2026-04-08T04:34:31.321522+00:00
270449,MULTIVERSE,2025-12-19,12.15,,,12.15,56797,2026-04-08T04:34:33.771022+00:00
270568,MULTIVERSE,2025-12-22,12.15,,,12.15,72772,2026-04-08T04:34:38.115277+00:00
270687,MULTIVERSE,2025-12-23,12.15,,,12.15,209117,2026-04-08T04:34:40.661369+00:00
270806,MULTIVERSE,2025-12-24,12.15,,,12.15,23862,2026-04-08T04:34:43.221402+00:00
270925,MULTIVERSE,2025-12-29,12.15,,,12.15,73865,2026-04-08T04:34:48.902152+00:00
271044,MULTIVERSE,2025-12-30,13.35,,,13.35,252640,2026-04-08T04:34:51.359097+00:00
271163,MULTIVERSE,2025-12-31,13.35,,,13.35,179763,2026-04-08T04:34:53.061316+00:00
271282,MULTIVERSE,2026-01-02,14.65,,,14.65,305215,2026-04-08T04:34:56.467348+00:00
271401,MULTIVERSE,2026-01-05,16.1,,,16.1,207836,2026-04-08T04:35:01.008466+00:00
271520,MULTIVERSE,2026-01-06,17.7,,,17.7,782786,2026-04-08T04:35:03.366972+00:00
271639,MULTIVERSE,2026-01-07,19.45,,,19.45,1919278,2026-04-08T04:35:05.819661+00:00
271758,MULTIVERSE,2026-01-08,21.3,,,21.3,1016283,2026-04-08T04:35:08.163488+00:00
271877,MULTIVERSE,2026-01-09,23.4,,,23.4,791562,2026-04-08T04:35:10.591402+00:00
271996,MULTIVERSE,2026-01-12,23.4,,,23.4,655515,2026-04-08T04:35:15.220756+00:00
272115,MULTIVERSE,2026-01-13,25.7,,,25.7,857409,2026-04-08T04:35:17.864544+00:00
272234,MULTIVERSE,2026-01-14,28.25,,,28.25,1191159,2026-04-08T04:35:20.278959+00:00
272353,MULTIVERSE,2026-01-15,28.25,,,28.25,1016161,2026-04-08T04:35:23.159853+00:00
272472,MULTIVERSE,2026-01-16,28.25,,,28.25,430159,2026-04-08T04:35:25.571119+00:00
272591,MULTIVERSE,2026-01-19,28.25,,,28.25,481255,2026-04-08T04:35:30.272746+00:00
272710,MULTIVERSE,2026-01-20,28.25,,,28.25,148567,2026-04-08T04:35:32.536083+00:00
272830,MULTIVERSE,2026-01-21,28.25,,,28.25,362002,2026-04-08T04:35:34.90344+00:00
272950,MULTIVERSE,2026-01-22,28.25,,,28.25,236023,2026-04-08T04:35:36.566163+00:00
273070,MULTIVERSE,2026-01-23,28.25,,,28.25,84167,2026-04-08T04:35:38.92405+00:00
273190,MULTIVERSE,2026-01-26,28.25,,,28.25,436575,2026-04-08T04:35:43.383975+00:00
273310,MULTIVERSE,2026-01-27,28.25,,,28.25,96661,2026-04-08T04:35:45.70946+00:00
273430,MULTIVERSE,2026-01-28,28.25,,,28.25,196690,2026-04-08T04:35:48.193808+00:00
273550,MULTIVERSE,2026-01-29,28.25,,,28.25,87456,2026-04-08T04:35:50.479528+00:00
273670,MULTIVERSE,2026-01-30,28.25,,,28.25,33276,2026-04-08T04:35:52.855058+00:00
273790,MULTIVERSE,2026-02-02,28.25,,,28.25,86102,2026-04-08T04:35:57.524813+00:00
273910,MULTIVERSE,2026-02-03,28.25,,,28.25,124138,2026-04-08T04:36:00.137559+00:00
274030,MULTIVERSE,2026-02-04,28.0,,,28.0,1137169,2026-04-08T04:36:02.592569+00:00
274150,MULTIVERSE,2026-02-05,28.0,,,28.0,78106,2026-04-08T04:36:04.997535+00:00
274270,MULTIVERSE,2026-02-06,28.0,,,28.0,35686,2026-04-08T04:36:07.533957+00:00
56,MULTIVERSE,2026-02-08,,,,28.0,35686,2026-02-08T00:18:13.946+00:00
274390,MULTIVERSE,2026-02-09,28.0,,,28.0,75166,2026-04-08T04:36:12.456447+00:00
274510,MULTIVERSE,2026-02-10,28.0,,,28.0,10818,2026-04-08T04:36:14.818506+00:00
274630,MULTIVERSE,2026-02-11,28.0,,,28.0,272892,2026-04-08T04:36:17.460702+00:00
260,MULTIVERSE,2026-02-12,28.0,,,28.0,243099,2026-02-12T09:24:00.803652+00:00
274870,MULTIVERSE,2026-02-13,28.0,,,28.0,89144,2026-04-08T04:36:22.38356+00:00
274990,MULTIVERSE,2026-02-16,28.0,,,28.0,98845,2026-04-08T04:36:26.879081+00:00
275110,MULTIVERSE,2026-02-17,28.0,,,28.0,97159,2026-04-08T04:36:29.440312+00:00
275230,MULTIVERSE,2026-02-18,28.0,,,28.0,342450,2026-04-08T04:36:31.166521+00:00
275350,MULTIVERSE,2026-02-19,25.2,,,25.2,647042,2026-04-08T04:36:33.575564+00:00
578,MULTIVERSE,2026-02-20,25.2,,,25.2,839132,2026-02-20T23:15:44.934622+00:00
726,MULTIVERSE,2026-02-23,22.7,,,22.7,375122,2026-02-23T07:00:01.990412+00:00
874,MULTIVERSE,2026-02-24,22.7,,,22.7,317198,2026-02-24T07:00:01.929914+00:00
1022,MULTIVERSE,2026-02-25,22.7,,,22.7,78789,2026-02-25T07:00:01.953057+00:00
1170,MULTIVERSE,2026-02-26,22.7,,,22.7,64578,2026-02-26T07:00:01.915173+00:00
1858,MULTIVERSE,2026-02-27,22.7,,,22.7,83029,2026-02-27T07:00:02.056517+00:00
2739,MULTIVERSE,2026-02-28,22.7,,,22.7,83029,2026-02-28T18:00:03.453641+00:00
2887,MULTIVERSE,2026-03-01,22.7,,,22.7,83029,2026-03-01T18:00:03.821122+00:00
3035,MULTIVERSE,2026-03-02,22.7,,,22.7,149216,2026-03-02T07:00:01.981706+00:00
3999,MULTIVERSE,2026-03-03,22.7,,,22.7,171465,2026-03-03T07:00:01.858909+00:00
5436,MULTIVERSE,2026-03-04,22.7,,,22.7,279105,2026-03-04T07:00:02.010027+00:00
7154,MULTIVERSE,2026-03-05,20.45,,,20.45,179930,2026-03-05T07:00:02.0033+00:00
9670,MULTIVERSE,2026-03-06,18.45,,,18.45,304229,2026-03-06T07:00:02.033178+00:00
11328,MULTIVERSE,2026-03-07,18.45,,,18.45,304229,2026-03-07T18:00:06.285951+00:00
11476,MULTIVERSE,2026-03-08,18.45,,,18.45,304229,2026-03-08T18:00:03.574352+00:00
11624,MULTIVERSE,2026-03-09,18.45,,,18.45,548938,2026-03-09T07:00:02.016534+00:00
14140,MULTIVERSE,2026-03-10,18.45,,,18.45,127545,2026-03-10T07:00:03.966079+00:00
15980,MULTIVERSE,2026-03-11,16.65,,,16.65,827316,2026-03-11T07:00:02.147117+00:00
17696,MULTIVERSE,2026-03-12,16.65,,,16.65,470076,2026-03-12T07:00:02.06753+00:00
20212,MULTIVERSE,2026-03-13,16.65,,,16.65,170549,2026-03-13T07:00:01.993197+00:00
23658,MULTIVERSE,2026-03-16,16.65,,,16.65,292084,2026-03-16T08:30:01.80086+00:00
25489,MULTIVERSE,2026-03-17,16.65,,,16.65,89262,2026-03-17T08:30:01.70448+00:00
27352,MULTIVERSE,2026-03-18,16.65,,,16.65,106118,2026-03-18T08:30:01.732403+00:00
33166,MULTIVERSE,2026-03-23,16.65,,,16.65,167551,2026-03-23T08:30:01.705825+00:00
34744,MULTIVERSE,2026-03-24,16.7,,,16.7,223393,2026-03-24T15:00:01.978259+00:00
34892,MULTIVERSE,2026-03-25,16.7,,,16.7,73248,2026-03-25T15:00:01.528164+00:00
35040,MULTIVERSE,2026-03-26,16.7,,,16.7,196504,2026-03-26T15:00:01.955832+00:00
35188,MULTIVERSE,2026-03-27,16.7,,,16.7,196640,2026-03-27T15:00:02.114662+00:00
278230,MULTIVERSE,2026-03-30,16.7,,,16.7,63953,2026-04-08T04:37:47.74327+00:00
35336,MULTIVERSE,2026-03-31,18.35,,,18.35,288820,2026-03-31T15:00:02.085058+00:00
278470,MULTIVERSE,2026-04-01,18.35,,,18.35,186503,2026-04-08T04:37:52.684906+00:00
35484,MULTIVERSE,2026-04-02,20.15,,,20.15,256271,2026-04-02T15:00:01.864809+00:00
35928,MULTIVERSE,2026-04-07,20.15,,,20.15,259348,2026-04-07T15:00:01.949344+00:00
278825,MULTIVERSE,2026-04-08,20.15,,,20.15,180273,2026-04-08T15:00:01.943007+00:00
278972,MULTIVERSE,2026-04-09,20.15,,,20.15,294016,2026-04-09T15:00:02.085141+00:00
279118,MULTIVERSE,2026-04-10,20.15,,,20.15,368759,2026-04-10T15:00:01.352272+00:00
279264,MULTIVERSE,2026-04-13,20.15,,,20.15,394496,2026-04-13T15:00:02.021173+00:00
279410,MULTIVERSE,2026-04-14,20.15,,,20.15,233574,2026-04-14T15:00:02.477878+00:00
279556,MULTIVERSE,2026-04-15,22.0,,,22.0,392341,2026-04-15T15:00:02.184222+00:00
279702,MULTIVERSE,2026-04-16,22.0,,,22.0,395340,2026-04-16T15:00:02.07143+00:00
279848,MULTIVERSE,2026-04-17,23.8,,,23.8,437419,2026-04-17T15:00:02.06245+00:00
279994,MULTIVERSE,2026-04-20,23.8,,,23.8,469968,2026-04-20T15:00:01.862344+00:00
280140,MULTIVERSE,2026-04-21,23.8,,,23.8,559265,2026-04-21T15:00:02.189846+00:00
280286,MULTIVERSE,2026-04-22,25.9,,,25.9,1171556,2026-04-22T15:00:02.200159+00:00
280432,MULTIVERSE,2026-04-23,23.35,,,23.35,351360,2026-04-23T15:00:02.125151+00:00
280578,MULTIVERSE,2026-04-24,23.35,,,23.35,502538,2026-04-24T15:00:02.20649+00:00
280724,MULTIVERSE,2026-04-27,23.35,,,23.35,172061,2026-04-27T15:00:02.034997+00:00
280870,MULTIVERSE,2026-04-28,23.35,,,23.35,31201,2026-04-28T15:00:01.918241+00:00
281016,MULTIVERSE,2026-04-29,23.35,,,23.35,385958,2026-04-29T15:00:02.672724+00:00
281162,MULTIVERSE,2026-04-30,25.65,,,25.65,411799,2026-04-30T15:00:02.170664+00:00
281454,MULTIVERSE,2026-05-04,25.65,,,25.65,379429,2026-05-04T15:00:02.156928+00:00
281600,MULTIVERSE,2026-05-05,25.65,,,25.65,156202,2026-05-05T15:00:01.930748+00:00
281746,MULTIVERSE,2026-05-06,25.65,,,25.65,60376,2026-05-06T15:00:01.919787+00:00
281892,MULTIVERSE,2026-05-07,25.65,,,25.65,133232,2026-05-07T15:00:01.995523+00:00
282038,MULTIVERSE,2026-05-08,25.65,,,25.65,63647,2026-05-08T15:00:02.118161+00:00
282184,MULTIVERSE,2026-05-11,25.65,,,25.65,95667,2026-05-11T15:00:02.243132+00:00
282330,MULTIVERSE,2026-05-12,25.65,,,25.65,276796,2026-05-12T15:00:02.325735+00:00
282476,MULTIVERSE,2026-05-13,25.65,,,25.65,140504,2026-05-13T15:00:01.887561+00:00
282622,MULTIVERSE,2026-05-14,25.65,,,25.65,57099,2026-05-14T15:00:01.952989+00:00
282768,MULTIVERSE,2026-05-15,25.65,,,25.65,102541,2026-05-15T15:00:01.871578+00:00
282914,MULTIVERSE,2026-05-18,25.65,,,25.65,154029,2026-05-18T15:00:01.868607+00:00
283060,MULTIVERSE,2026-05-19,25.65,,,25.65,229144,2026-05-19T15:00:01.863653+00:00
283206,MULTIVERSE,2026-05-20,25.65,,,25.65,54652,2026-05-20T15:00:01.871845+00:00
283352,MULTIVERSE,2026-05-21,25.65,,,25.65,56946,2026-05-21T15:00:01.939198+00:00
283498,MULTIVERSE,2026-05-22,25.65,,,25.65,2657,2026-05-22T15:00:02.031345+00:00
283644,MULTIVERSE,2026-05-25,25.65,,,25.65,114400,2026-05-25T15:00:01.979384+00:00
283790,MULTIVERSE,2026-05-26,25.65,,,25.65,34317,2026-05-26T15:00:01.996051+00:00
284228,MULTIVERSE,2026-05-29,25.65,,,25.65,171801,2026-05-29T15:00:02.455558+00:00
284374,MULTIVERSE,2026-06-01,25.65,,,25.65,11594,2026-06-01T15:00:02.603507+00:00
284520,MULTIVERSE,2026-06-02,25.65,,,25.65,11927,2026-06-02T15:00:02.980523+00:00
284666,MULTIVERSE,2026-06-03,25.65,,,25.65,91926,2026-06-03T15:00:03.023028+00:00
284812,MULTIVERSE,2026-06-04,25.65,,,25.65,5002,2026-06-04T15:00:03.321931+00:00
284958,MULTIVERSE,2026-06-05,25.65,,,25.65,32729,2026-06-05T15:00:03.073061+00:00
285104,MULTIVERSE,2026-06-08,25.5,,,25.5,56557,2026-06-08T15:00:03.135386+00:00
285250,MULTIVERSE,2026-06-09,25.5,,,25.5,12924,2026-06-09T15:00:03.53749+00:00
285396,MULTIVERSE,2026-06-10,25.5,,,25.5,31255,2026-06-10T15:10:03.084397+00:00
285834,MULTIVERSE,2026-06-11,25.5,,,25.5,20698,2026-06-11T15:10:02.991492+00:00
287586,MULTIVERSE,2026-06-15,25.5,,,25.5,25755,2026-06-15T15:10:02.896252+00:00
288462,MULTIVERSE,2026-06-16,25.5,,,25.5,26694,2026-06-16T15:10:02.87997+00:00
289338,MULTIVERSE,2026-06-17,25.5,,,25.5,7277,2026-06-17T15:10:02.980097+00:00
289776,MULTIVERSE,2026-06-18,25.5,,,25.5,19761,2026-06-18T15:10:02.932064+00:00
290360,MULTIVERSE,2026-06-19,25.5,,,25.5,17477,2026-06-19T15:10:02.959085+00:00
291090,MULTIVERSE,2026-06-22,25.5,,,25.5,12576,2026-06-22T15:10:03.140564+00:00
291674,MULTIVERSE,2026-06-23,25.5,,,25.5,29864,2026-06-23T15:10:03.017319+00:00
292258,MULTIVERSE,2026-06-24,25.5,,,25.5,6424,2026-06-24T15:10:03.053149+00:00
292842,MULTIVERSE,2026-06-25,25.5,,,25.5,14550,2026-06-25T15:10:02.973562+00:00
293280,MULTIVERSE,2026-06-26,25.5,,,25.5,9646,2026-06-26T15:10:03.012808+00:00
293718,MULTIVERSE,2026-06-29,25.5,,,25.5,18177,2026-06-29T15:10:03.028054+00:00
294156,MULTIVERSE,2026-06-30,25.5,,,25.5,2959,2026-06-30T15:10:03.08168+00:00
294594,MULTIVERSE,2026-07-01,25.5,,,25.5,1588,2026-07-01T15:10:03.133226+00:00
295032,MULTIVERSE,2026-07-02,25.5,,,25.5,12096,2026-07-02T15:10:03.065554+00:00
295470,MULTIVERSE,2026-07-03,25.5,,,25.5,44649,2026-07-03T15:10:03.019266+00:00
295908,MULTIVERSE,2026-07-06,25.5,,,25.5,62363,2026-07-06T15:10:03.100823+00:00
296346,MULTIVERSE,2026-07-07,25.5,,,25.5,25968,2026-07-07T15:10:03.687653+00:00
296784,MULTIVERSE,2026-07-08,25.5,,,25.5,15659,2026-07-08T15:10:02.922872+00:00
297223,MULTIVERSE,2026-07-09,25.5,,,25.5,15777,2026-07-09T15:10:03.041812+00:00
297661,MULTIVERSE,2026-07-10,25.5,,,25.5,36418,2026-07-10T15:10:03.284445+00:00
298099,MULTIVERSE,2026-07-13,25.5,,,25.5,12748,2026-07-13T15:10:02.995074+00:00
298537,MULTIVERSE,2026-07-14,25.5,,,25.5,1098,2026-07-14T15:10:03.094441+00:00
298975,MULTIVERSE,2026-07-15,25.5,,,25.5,3619,2026-07-15T15:10:03.078609+00:00
299413,MULTIVERSE,2026-07-16,25.5,,,25.5,1978,2026-07-16T15:10:03.113936+00:00
299851,MULTIVERSE,2026-07-17,25.5,,,25.5,3218,2026-07-17T15:10:03.053983+00:00
