id,symbol,trade_date,open_price,high_price,low_price,close_price,volume,created_at
81315,NEM,2018-09-11,3.1,,,3.1,2210675,2026-04-08T03:07:53.572062+00:00
81417,NEM,2018-09-12,3.0,,,3.0,1811521,2026-04-08T03:07:56.190409+00:00
81519,NEM,2018-09-13,2.98,,,2.98,3240979,2026-04-08T03:07:58.529226+00:00
81621,NEM,2018-09-14,2.99,,,2.99,1491674,2026-04-08T03:08:00.944137+00:00
81723,NEM,2018-09-17,3.0,,,3.0,290459,2026-04-08T03:08:05.572353+00:00
81825,NEM,2018-09-18,3.0,,,3.0,1443707,2026-04-08T03:08:07.840784+00:00
81927,NEM,2018-09-19,3.06,,,3.06,137270,2026-04-08T03:08:10.07554+00:00
82029,NEM,2018-09-20,3.09,,,3.09,39121372,2026-04-08T03:08:12.389642+00:00
82131,NEM,2018-09-21,3.0,,,3.0,260651,2026-04-08T03:08:14.761127+00:00
82233,NEM,2018-09-24,3.0,,,3.0,2715769,2026-04-08T03:08:19.182113+00:00
82335,NEM,2018-09-25,3.0,,,3.0,427700,2026-04-08T03:08:21.370615+00:00
82437,NEM,2018-09-26,3.0,,,3.0,1834344,2026-04-08T03:08:24.494451+00:00
82539,NEM,2018-09-27,3.0,,,3.0,2022260,2026-04-08T03:08:26.812803+00:00
82641,NEM,2018-09-28,3.0,,,3.0,210149,2026-04-08T03:08:29.283021+00:00
82743,NEM,2018-10-02,2.95,,,2.95,811500,2026-04-08T03:08:34.887787+00:00
82845,NEM,2018-10-04,2.95,,,2.95,237156,2026-04-08T03:08:38.279141+00:00
82947,NEM,2018-10-05,2.95,,,2.95,117200,2026-04-08T03:08:40.455926+00:00
83049,NEM,2018-10-08,3.11,,,3.11,11168600,2026-04-08T03:08:45.286665+00:00
83151,NEM,2018-10-09,3.0,,,3.0,986823,2026-04-08T03:08:47.584215+00:00
83253,NEM,2018-10-10,2.97,,,2.97,837411,2026-04-08T03:08:50.198924+00:00
83355,NEM,2018-10-11,2.97,,,2.97,574700,2026-04-08T03:08:52.595743+00:00
83457,NEM,2018-10-12,3.0,,,3.0,860888,2026-04-08T03:08:54.923298+00:00
83559,NEM,2018-10-15,3.0,,,3.0,745490,2026-04-08T03:08:59.688494+00:00
83661,NEM,2018-10-16,3.0,,,3.0,695641,2026-04-08T03:09:01.98694+00:00
83763,NEM,2018-10-17,2.96,,,2.96,1692400,2026-04-08T03:09:04.302348+00:00
83865,NEM,2018-10-18,3.0,,,3.0,1935866,2026-04-08T03:09:06.644992+00:00
83967,NEM,2018-10-19,2.95,,,2.95,1244535,2026-04-08T03:09:09.038287+00:00
84069,NEM,2018-10-22,3.0,,,3.0,1843632,2026-04-08T03:09:13.967+00:00
84171,NEM,2018-10-23,2.88,,,2.88,379216,2026-04-08T03:09:16.194722+00:00
84273,NEM,2018-10-24,2.96,,,2.96,944078,2026-04-08T03:09:18.448083+00:00
84375,NEM,2018-10-25,2.96,,,2.96,355862,2026-04-08T03:09:20.631413+00:00
84477,NEM,2018-10-26,2.96,,,2.96,58520,2026-04-08T03:09:23.109094+00:00
84579,NEM,2018-10-29,2.93,,,2.93,386495,2026-04-08T03:09:27.901396+00:00
84681,NEM,2018-10-30,2.93,,,2.93,187540,2026-04-08T03:09:30.377337+00:00
84783,NEM,2018-10-31,2.9,,,2.9,1419000,2026-04-08T03:09:32.658485+00:00
84885,NEM,2018-11-01,2.9,,,2.9,290945,2026-04-08T03:09:35.048509+00:00
84987,NEM,2018-11-02,2.74,,,2.74,480000,2026-04-08T03:09:37.41202+00:00
85089,NEM,2018-11-05,2.74,,,2.74,151900,2026-04-08T03:09:41.998643+00:00
85191,NEM,2018-11-06,2.62,,,2.62,1300500,2026-04-08T03:09:44.485046+00:00
85293,NEM,2018-11-08,2.6,,,2.6,2426750,2026-04-08T03:09:47.843283+00:00
85395,NEM,2018-11-09,2.8,,,2.8,1147000,2026-04-08T03:09:50.169754+00:00
85497,NEM,2018-11-12,2.57,,,2.57,525988,2026-04-08T03:09:54.975549+00:00
85599,NEM,2018-11-13,2.57,,,2.57,111068,2026-04-08T03:09:57.558923+00:00
85701,NEM,2018-11-14,2.67,,,2.67,776033,2026-04-08T03:09:59.910116+00:00
85803,NEM,2018-11-15,2.67,,,2.67,188401,2026-04-08T03:10:02.252366+00:00
85905,NEM,2018-11-16,2.67,,,2.67,42300,2026-04-08T03:10:04.527169+00:00
86007,NEM,2018-11-19,2.67,,,2.67,97439,2026-04-08T03:10:09.122468+00:00
86109,NEM,2018-11-21,2.67,,,2.67,65210,2026-04-08T03:10:12.622729+00:00
86211,NEM,2018-11-22,2.67,,,2.67,166032,2026-04-08T03:10:14.989948+00:00
86313,NEM,2018-11-23,2.65,,,2.65,615500,2026-04-08T03:10:17.221139+00:00
86415,NEM,2018-11-26,2.6,,,2.6,1263525,2026-04-08T03:10:22.142454+00:00
86517,NEM,2018-11-27,2.6,,,2.6,451000,2026-04-08T03:10:24.421595+00:00
86619,NEM,2018-11-28,2.37,,,2.37,1917157,2026-04-08T03:10:26.708398+00:00
86721,NEM,2018-11-29,2.4,,,2.4,548200,2026-04-08T03:10:29.255332+00:00
86823,NEM,2018-11-30,2.35,,,2.35,628841,2026-04-08T03:10:32.706086+00:00
86925,NEM,2018-12-03,2.35,,,2.35,190108,2026-04-08T03:10:37.185914+00:00
87027,NEM,2018-12-04,2.35,,,2.35,157500,2026-04-08T03:10:39.607482+00:00
87129,NEM,2018-12-05,2.35,,,2.35,153200,2026-04-08T03:10:42.037497+00:00
87231,NEM,2018-12-06,2.35,,,2.35,124500,2026-04-08T03:10:44.312069+00:00
87333,NEM,2018-12-07,2.35,,,2.35,39252,2026-04-08T03:10:46.663078+00:00
87435,NEM,2018-12-10,2.35,,,2.35,170000,2026-04-08T03:10:51.346822+00:00
87537,NEM,2018-12-11,2.25,,,2.25,268000,2026-04-08T03:10:53.613329+00:00
87639,NEM,2018-12-12,2.35,,,2.35,465285,2026-04-08T03:10:55.983376+00:00
87741,NEM,2018-12-13,2.35,,,2.35,70060,2026-04-08T03:10:58.622726+00:00
87843,NEM,2018-12-17,2.3,,,2.3,253500,2026-04-08T03:11:04.071168+00:00
87944,NEM,2018-12-18,2.3,,,2.3,141786,2026-04-08T03:11:06.547404+00:00
88045,NEM,2018-12-19,2.3,,,2.3,158888,2026-04-08T03:11:08.930184+00:00
88146,NEM,2018-12-21,2.78,,,2.78,2831561,2026-04-08T03:11:13.038597+00:00
88247,NEM,2018-12-24,2.95,,,2.95,508665119,2026-04-08T03:11:17.396489+00:00
88349,NEM,2018-12-31,2.7,,,2.7,145288647,2026-04-08T03:11:26.963749+00:00
88451,NEM,2019-01-04,2.6,,,2.6,120100,2026-04-08T03:11:33.101723+00:00
88553,NEM,2019-01-07,2.34,,,2.34,167400,2026-04-08T03:11:37.396019+00:00
88655,NEM,2019-01-08,2.12,,,2.12,822843,2026-04-08T03:11:39.720871+00:00
88757,NEM,2019-01-09,1.91,,,1.91,1703740,2026-04-08T03:11:42.122758+00:00
88859,NEM,2019-01-10,1.72,,,1.72,809491,2026-04-08T03:11:44.4712+00:00
88961,NEM,2019-01-11,1.73,,,1.73,7874739,2026-04-08T03:11:46.864498+00:00
89063,NEM,2019-01-14,1.73,,,1.73,306592,2026-04-08T03:11:51.386431+00:00
89165,NEM,2019-01-15,1.88,,,1.88,1445391,2026-04-08T03:11:53.781694+00:00
89267,NEM,2019-01-16,2.06,,,2.06,1480480,2026-04-08T03:11:56.273278+00:00
89369,NEM,2019-01-17,2.26,,,2.26,1519900,2026-04-08T03:11:58.633279+00:00
89471,NEM,2019-01-18,2.48,,,2.48,836500,2026-04-08T03:12:01.678716+00:00
89573,NEM,2019-01-21,2.6,,,2.6,21156984,2026-04-08T03:12:06.146982+00:00
89675,NEM,2019-01-22,2.5,,,2.5,1512341,2026-04-08T03:12:26.450353+00:00
89777,NEM,2019-01-23,2.39,,,2.39,1249995,2026-04-08T03:12:28.985884+00:00
89879,NEM,2019-01-24,2.39,,,2.39,984180,2026-04-08T03:12:31.471104+00:00
89981,NEM,2019-01-25,2.39,,,2.39,324016,2026-04-08T03:12:33.831732+00:00
90083,NEM,2019-01-28,2.39,,,2.39,178287,2026-04-08T03:12:38.324+00:00
90185,NEM,2019-01-29,2.39,,,2.39,266814,2026-04-08T03:12:40.769031+00:00
90287,NEM,2019-01-30,2.39,,,2.39,148000,2026-04-08T03:12:43.207065+00:00
90389,NEM,2019-01-31,2.39,,,2.39,152702,2026-04-08T03:12:45.452606+00:00
90491,NEM,2019-02-01,2.39,,,2.39,74069,2026-04-08T03:12:47.65569+00:00
90593,NEM,2019-02-04,2.45,,,2.45,250400,2026-04-08T03:12:52.008801+00:00
90695,NEM,2019-02-05,2.45,,,2.45,53550,2026-04-08T03:12:54.428036+00:00
90797,NEM,2019-02-06,2.45,,,2.45,153000,2026-04-08T03:12:56.795589+00:00
90899,NEM,2019-02-07,2.3,,,2.3,1064676,2026-04-08T03:12:59.333395+00:00
91001,NEM,2019-02-08,2.5,,,2.5,640121,2026-04-08T03:13:01.766173+00:00
91103,NEM,2019-02-11,2.46,,,2.46,719800,2026-04-08T03:13:07.807824+00:00
91205,NEM,2019-02-12,2.51,,,2.51,442372,2026-04-08T03:13:10.389121+00:00
91307,NEM,2019-02-13,2.4,,,2.4,134060,2026-04-08T03:13:13.120558+00:00
91409,NEM,2019-02-14,2.52,,,2.52,1989909,2026-04-08T03:13:15.610167+00:00
91511,NEM,2019-02-15,2.45,,,2.45,1517408,2026-04-08T03:13:17.960235+00:00
91613,NEM,2019-02-18,2.4,,,2.4,697146,2026-04-08T03:13:22.383964+00:00
91715,NEM,2019-02-19,2.4,,,2.4,164417,2026-04-08T03:13:24.617569+00:00
91817,NEM,2019-02-20,2.43,,,2.43,1135828,2026-04-08T03:13:26.870792+00:00
91919,NEM,2019-02-22,2.5,,,2.5,797000,2026-04-08T03:13:30.442816+00:00
92021,NEM,2019-02-25,2.5,,,2.5,1348281,2026-04-08T03:13:35.015549+00:00
92123,NEM,2019-02-26,2.5,,,2.5,665966,2026-04-08T03:13:37.412672+00:00
92225,NEM,2019-02-27,2.5,,,2.5,104100,2026-04-08T03:13:39.910522+00:00
92327,NEM,2019-02-28,2.5,,,2.5,175986,2026-04-08T03:13:42.435587+00:00
92429,NEM,2019-03-01,2.5,,,2.5,38703,2026-04-08T03:13:44.810709+00:00
92531,NEM,2019-03-04,2.44,,,2.44,323505,2026-04-08T03:13:49.353535+00:00
92633,NEM,2019-03-05,2.43,,,2.43,243241,2026-04-08T03:13:51.846242+00:00
92735,NEM,2019-03-06,2.43,,,2.43,275134,2026-04-08T03:13:54.267269+00:00
92837,NEM,2019-03-07,2.43,,,2.43,202950,2026-04-08T03:13:56.544072+00:00
92939,NEM,2019-03-08,2.4,,,2.4,526837,2026-04-08T03:13:58.936546+00:00
93041,NEM,2019-03-11,2.4,,,2.4,92750,2026-04-08T03:14:03.582539+00:00
93143,NEM,2019-03-12,2.4,,,2.4,60100,2026-04-08T03:14:06.149716+00:00
93245,NEM,2019-03-13,2.38,,,2.38,571762,2026-04-08T03:14:08.562819+00:00
93347,NEM,2019-03-14,2.5,,,2.5,671530,2026-04-08T03:14:10.990955+00:00
93449,NEM,2019-03-15,2.5,,,2.5,201875,2026-04-08T03:14:13.413527+00:00
93551,NEM,2019-03-18,2.35,,,2.35,618595,2026-04-08T03:14:17.594172+00:00
93653,NEM,2019-03-19,2.3,,,2.3,457492,2026-04-08T03:14:19.883177+00:00
93755,NEM,2019-03-20,2.3,,,2.3,834822,2026-04-08T03:14:22.215184+00:00
93857,NEM,2019-03-21,2.3,,,2.3,65800,2026-04-08T03:14:24.469396+00:00
93959,NEM,2019-03-22,2.34,,,2.34,2335761,2026-04-08T03:14:26.929153+00:00
94061,NEM,2019-03-25,2.21,,,2.21,1520000,2026-04-08T03:14:31.400562+00:00
94163,NEM,2019-03-26,2.35,,,2.35,422769,2026-04-08T03:14:33.80485+00:00
94265,NEM,2019-03-27,2.22,,,2.22,542725,2026-04-08T03:14:36.122563+00:00
94367,NEM,2019-03-28,2.22,,,2.22,145559,2026-04-08T03:14:38.612625+00:00
94469,NEM,2019-03-29,2.22,,,2.22,76979,2026-04-08T03:14:41.061692+00:00
94570,NEM,2019-04-01,2.22,,,2.22,219420,2026-04-08T03:14:45.528331+00:00
94671,NEM,2019-04-02,2.33,,,2.33,397013,2026-04-08T03:14:47.809526+00:00
94772,NEM,2019-04-03,2.33,,,2.33,63549,2026-04-08T03:14:50.124237+00:00
94873,NEM,2019-04-04,2.33,,,2.33,5900,2026-04-08T03:14:52.417245+00:00
94974,NEM,2019-04-05,2.33,,,2.33,125840,2026-04-08T03:14:54.739567+00:00
95075,NEM,2019-04-08,2.33,,,2.33,183920,2026-04-08T03:14:59.01768+00:00
95176,NEM,2019-04-09,2.1,,,2.1,243500,2026-04-08T03:15:01.233247+00:00
95277,NEM,2019-04-10,2.0,,,2.0,250610,2026-04-08T03:15:03.446976+00:00
95378,NEM,2019-04-11,2.2,,,2.2,2471598,2026-04-08T03:15:05.608759+00:00
95479,NEM,2019-04-12,2.01,,,2.01,210950,2026-04-08T03:15:07.869644+00:00
95580,NEM,2019-04-15,2.01,,,2.01,270295,2026-04-08T03:15:12.360876+00:00
95681,NEM,2019-04-16,2.01,,,2.01,383200,2026-04-08T03:15:14.69338+00:00
95782,NEM,2019-04-17,2.01,,,2.01,107000,2026-04-08T03:15:16.974822+00:00
95883,NEM,2019-04-18,2.01,,,2.01,210000,2026-04-08T03:15:19.360663+00:00
95984,NEM,2019-04-23,2.01,,,2.01,213749,2026-04-08T03:15:26.04373+00:00
96086,NEM,2019-04-24,2.01,,,2.01,141175,2026-04-08T03:15:28.31166+00:00
96188,NEM,2019-04-25,2.01,,,2.01,151400,2026-04-08T03:15:30.603437+00:00
96290,NEM,2019-04-26,2.01,,,2.01,213048,2026-04-08T03:15:32.816712+00:00
96392,NEM,2019-04-29,2.16,,,2.16,1254530,2026-04-08T03:15:37.198623+00:00
96494,NEM,2019-04-30,2.16,,,2.16,190528,2026-04-08T03:15:39.499507+00:00
96596,NEM,2019-05-02,2.21,,,2.21,335474,2026-04-08T03:15:42.839166+00:00
96698,NEM,2019-05-03,2.21,,,2.21,152904,2026-04-08T03:15:45.02286+00:00
96800,NEM,2019-05-06,2.43,,,2.43,897247,2026-04-08T03:15:49.380478+00:00
96902,NEM,2019-05-07,2.39,,,2.39,4460951,2026-04-08T03:15:51.609622+00:00
97004,NEM,2019-05-08,2.39,,,2.39,299679,2026-04-08T03:15:53.912422+00:00
97106,NEM,2019-05-09,2.32,,,2.32,1349650,2026-04-08T03:15:56.308435+00:00
97208,NEM,2019-05-10,2.5,,,2.5,2991084,2026-04-08T03:15:58.65517+00:00
97310,NEM,2019-05-13,2.25,,,2.25,304310,2026-04-08T03:16:02.955985+00:00
97412,NEM,2019-05-14,2.2,,,2.2,1276109,2026-04-08T03:16:05.427951+00:00
97514,NEM,2019-05-15,2.2,,,2.2,76997,2026-04-08T03:16:07.709974+00:00
97616,NEM,2019-05-16,2.2,,,2.2,861875,2026-04-08T03:16:09.947696+00:00
97718,NEM,2019-05-17,2.2,,,2.2,192714,2026-04-08T03:16:12.469468+00:00
97821,NEM,2019-05-20,2.36,,,2.36,303607,2026-04-08T03:16:16.967061+00:00
97924,NEM,2019-05-21,2.36,,,2.36,128531,2026-04-08T03:16:19.368023+00:00
98027,NEM,2019-05-22,2.36,,,2.36,99160,2026-04-08T03:16:21.741488+00:00
98130,NEM,2019-05-23,2.36,,,2.36,290750,2026-04-08T03:16:24.010501+00:00
98233,NEM,2019-05-24,2.36,,,2.36,34389,2026-04-08T03:16:26.41346+00:00
98336,NEM,2019-05-27,2.36,,,2.36,21339,2026-04-08T03:16:30.812568+00:00
98439,NEM,2019-05-28,2.36,,,2.36,58610,2026-04-08T03:16:33.286405+00:00
98542,NEM,2019-05-30,2.36,,,2.36,38050,2026-04-08T03:16:36.695359+00:00
98645,NEM,2019-05-31,2.36,,,2.36,235913,2026-04-08T03:16:39.10826+00:00
98748,NEM,2019-06-03,2.23,,,2.23,151450,2026-04-08T03:16:43.376201+00:00
98851,NEM,2019-06-06,2.05,,,2.05,275240,2026-04-08T03:16:48.034912+00:00
98954,NEM,2019-06-07,2.05,,,2.05,169660,2026-04-08T03:16:50.186426+00:00
99057,NEM,2019-06-10,2.05,,,2.05,173300,2026-04-08T03:16:54.498349+00:00
99160,NEM,2019-06-11,2.1,,,2.1,340444,2026-04-08T03:16:56.702394+00:00
99263,NEM,2019-06-13,2.1,,,2.1,165110,2026-04-08T03:17:00.140907+00:00
99366,NEM,2019-06-14,2.1,,,2.1,87001,2026-04-08T03:17:02.289964+00:00
99469,NEM,2019-06-17,2.05,,,2.05,438100,2026-04-08T03:17:06.378621+00:00
99572,NEM,2019-06-18,2.23,,,2.23,1055030,2026-04-08T03:17:08.696624+00:00
99675,NEM,2019-06-19,2.45,,,2.45,875428,2026-04-08T03:17:10.975867+00:00
99778,NEM,2019-06-20,2.65,,,2.65,1339210,2026-04-08T03:17:13.205784+00:00
99881,NEM,2019-06-24,2.52,,,2.52,1168752,2026-04-08T03:17:18.488118+00:00
99984,NEM,2019-06-25,2.3,,,2.3,479200,2026-04-08T03:17:20.712996+00:00
100087,NEM,2019-06-26,2.3,,,2.3,130308,2026-04-08T03:17:23.021521+00:00
100190,NEM,2019-06-27,2.3,,,2.3,235572,2026-04-08T03:17:25.288917+00:00
100293,NEM,2019-06-28,2.27,,,2.27,520000,2026-04-08T03:17:27.669324+00:00
100396,NEM,2019-07-01,2.27,,,2.27,10200,2026-04-08T03:17:31.993492+00:00
100499,NEM,2019-07-02,2.27,,,2.27,228759,2026-04-08T03:17:34.195482+00:00
100602,NEM,2019-07-03,2.27,,,2.27,115950,2026-04-08T03:17:36.539656+00:00
100705,NEM,2019-07-04,2.28,,,2.28,744597,2026-04-08T03:17:38.806977+00:00
100808,NEM,2019-07-05,2.15,,,2.15,190914,2026-04-08T03:17:41.292481+00:00
100911,NEM,2019-07-08,2.27,,,2.27,174708,2026-04-08T03:17:45.861747+00:00
101014,NEM,2019-07-09,2.27,,,2.27,176704,2026-04-08T03:17:48.217581+00:00
101118,NEM,2019-07-10,2.27,,,2.27,121508,2026-04-08T03:17:50.676625+00:00
101222,NEM,2019-07-11,2.27,,,2.27,56594,2026-04-08T03:17:53.082234+00:00
101326,NEM,2019-07-12,2.27,,,2.27,43857,2026-04-08T03:17:55.503872+00:00
101430,NEM,2019-07-15,2.2,,,2.2,237697,2026-04-08T03:18:00.039317+00:00
101534,NEM,2019-07-16,2.29,,,2.29,164158,2026-04-08T03:18:02.440443+00:00
101638,NEM,2019-07-17,2.29,,,2.29,206150,2026-04-08T03:18:04.729662+00:00
101742,NEM,2019-07-18,2.08,,,2.08,946450,2026-04-08T03:18:07.178594+00:00
101846,NEM,2019-07-19,2.08,,,2.08,96160,2026-04-08T03:18:09.535362+00:00
101950,NEM,2019-07-22,2.08,,,2.08,252656,2026-04-08T03:18:14.212024+00:00
102054,NEM,2019-07-23,2.08,,,2.08,213573,2026-04-08T03:18:16.654741+00:00
102158,NEM,2019-07-24,2.08,,,2.08,1030,2026-04-08T03:18:18.926554+00:00
102262,NEM,2019-07-25,2.2,,,2.2,124270,2026-04-08T03:18:21.127331+00:00
102366,NEM,2019-07-26,2.15,,,2.15,201000,2026-04-08T03:18:23.508197+00:00
102470,NEM,2019-07-29,2.15,,,2.15,31000,2026-04-08T03:18:27.808584+00:00
102574,NEM,2019-07-30,2.15,,,2.15,612670,2026-04-08T03:18:30.090931+00:00
102678,NEM,2019-07-31,2.15,,,2.15,317995,2026-04-08T03:18:32.379029+00:00
102782,NEM,2019-08-01,2.15,,,2.15,830,2026-04-08T03:18:34.721051+00:00
102886,NEM,2019-08-02,2.15,,,2.15,26310,2026-04-08T03:18:37.148519+00:00
102990,NEM,2019-08-05,2.05,,,2.05,431927,2026-04-08T03:18:41.327383+00:00
103094,NEM,2019-08-06,2.05,,,2.05,261507,2026-04-08T03:18:43.676077+00:00
103198,NEM,2019-08-07,2.05,,,2.05,311513,2026-04-08T03:18:45.952647+00:00
103302,NEM,2019-08-08,2.01,,,2.01,842940,2026-04-08T03:18:48.284739+00:00
103406,NEM,2019-08-09,2.01,,,2.01,58000,2026-04-08T03:18:50.530707+00:00
103510,NEM,2019-08-14,2.01,,,2.01,53600,2026-04-08T03:18:57.313874+00:00
103614,NEM,2019-08-15,2.01,,,2.01,118998,2026-04-08T03:18:59.647711+00:00
103718,NEM,2019-08-19,2.01,,,2.01,97481,2026-04-08T03:19:05.053534+00:00
103822,NEM,2019-08-20,2.01,,,2.01,147000,2026-04-08T03:19:07.283568+00:00
103926,NEM,2019-08-21,2.01,,,2.01,108371,2026-04-08T03:19:09.493441+00:00
104029,NEM,2019-08-22,2.01,,,2.01,297702,2026-04-08T03:19:11.834929+00:00
104132,NEM,2019-08-23,2.01,,,2.01,215914,2026-04-08T03:19:14.066623+00:00
104235,NEM,2019-08-26,2.01,,,2.01,96706,2026-04-08T03:19:18.291411+00:00
104338,NEM,2019-08-27,1.93,,,1.93,180100,2026-04-08T03:19:20.588978+00:00
104441,NEM,2019-08-28,1.93,,,1.93,82570,2026-04-08T03:19:22.939533+00:00
104544,NEM,2019-08-29,1.9,,,1.9,369000,2026-04-08T03:19:25.308081+00:00
104647,NEM,2019-08-30,1.9,,,1.9,244160,2026-04-08T03:19:27.686427+00:00
104750,NEM,2019-09-02,1.9,,,1.9,275027,2026-04-08T03:19:32.075785+00:00
104853,NEM,2019-09-03,1.9,,,1.9,162630,2026-04-08T03:19:34.366833+00:00
104956,NEM,2019-09-04,1.9,,,1.9,133238,2026-04-08T03:19:36.608723+00:00
105059,NEM,2019-09-05,1.9,,,1.9,34600,2026-04-08T03:19:38.984327+00:00
105162,NEM,2019-09-06,1.77,,,1.77,537301,2026-04-08T03:19:41.363212+00:00
105265,NEM,2019-09-09,1.77,,,1.77,522784,2026-04-08T03:19:45.624302+00:00
105368,NEM,2019-09-10,1.77,,,1.77,23250,2026-04-08T03:19:47.977958+00:00
105471,NEM,2019-09-11,1.78,,,1.78,236000,2026-04-08T03:19:50.333421+00:00
105574,NEM,2019-09-12,1.78,,,1.78,445550,2026-04-08T03:19:52.607202+00:00
105677,NEM,2019-09-13,1.78,,,1.78,55100,2026-04-08T03:19:55.083512+00:00
105780,NEM,2019-09-16,1.95,,,1.95,563004,2026-04-08T03:19:59.701348+00:00
105883,NEM,2019-09-17,2.14,,,2.14,6238318,2026-04-08T03:20:02.523968+00:00
105986,NEM,2019-09-18,2.15,,,2.15,346967,2026-04-08T03:20:05.488272+00:00
106089,NEM,2019-09-19,2.15,,,2.15,352513,2026-04-08T03:20:08.114889+00:00
106192,NEM,2019-09-20,2.15,,,2.15,235899,2026-04-08T03:20:10.721894+00:00
106295,NEM,2019-09-23,2.0,,,2.0,750000,2026-04-08T03:20:15.267012+00:00
106398,NEM,2019-09-24,2.0,,,2.0,291400,2026-04-08T03:20:17.630341+00:00
106501,NEM,2019-09-25,2.1,,,2.1,336431,2026-04-08T03:20:20.165626+00:00
106604,NEM,2019-09-26,2.3,,,2.3,338222,2026-04-08T03:20:22.92566+00:00
106707,NEM,2019-09-27,2.3,,,2.3,112588,2026-04-08T03:20:25.402499+00:00
106810,NEM,2019-09-30,2.3,,,2.3,19696,2026-04-08T03:20:29.867546+00:00
106913,NEM,2019-10-02,2.3,,,2.3,106370,2026-04-08T03:20:33.475481+00:00
107016,NEM,2019-10-03,2.3,,,2.3,99770,2026-04-08T03:20:35.801047+00:00
107119,NEM,2019-10-04,2.3,,,2.3,67500,2026-04-08T03:20:38.138638+00:00
107222,NEM,2019-10-07,2.3,,,2.3,11901,2026-04-08T03:20:43.38987+00:00
107325,NEM,2019-10-08,2.3,,,2.3,4899,2026-04-08T03:20:50.115577+00:00
107428,NEM,2019-10-09,2.3,,,2.3,133192,2026-04-08T03:20:53.067656+00:00
107531,NEM,2019-10-10,2.3,,,2.3,103500,2026-04-08T03:20:55.682822+00:00
107634,NEM,2019-10-11,2.3,,,2.3,4135,2026-04-08T03:20:58.30073+00:00
107737,NEM,2019-10-14,2.3,,,2.3,93455,2026-04-08T03:21:03.536141+00:00
107840,NEM,2019-10-15,2.3,,,2.3,5028,2026-04-08T03:21:06.159586+00:00
107943,NEM,2019-10-16,2.3,,,2.3,284100,2026-04-08T03:21:08.538525+00:00
108046,NEM,2019-10-17,2.3,,,2.3,1645730,2026-04-08T03:21:11.125073+00:00
108149,NEM,2019-10-18,2.3,,,2.3,600817,2026-04-08T03:21:14.04892+00:00
108252,NEM,2019-10-21,2.08,,,2.08,243050,2026-04-08T03:21:18.357079+00:00
108355,NEM,2019-10-22,2.08,,,2.08,144138,2026-04-08T03:21:20.5704+00:00
108458,NEM,2019-10-23,2.02,,,2.02,945295,2026-04-08T03:21:22.84444+00:00
108561,NEM,2019-10-24,2.0,,,2.0,1027000,2026-04-08T03:21:25.228823+00:00
108664,NEM,2019-10-25,2.0,,,2.0,208800,2026-04-08T03:21:27.539286+00:00
108767,NEM,2019-10-28,2.0,,,2.0,202309,2026-04-08T03:21:32.161692+00:00
108870,NEM,2019-10-29,2.0,,,2.0,21845,2026-04-08T03:21:34.477485+00:00
108973,NEM,2019-10-30,2.0,,,2.0,276177,2026-04-08T03:21:36.754268+00:00
109076,NEM,2019-10-31,2.0,,,2.0,54259,2026-04-08T03:21:39.10919+00:00
109179,NEM,2019-11-01,2.0,,,2.0,126400,2026-04-08T03:21:41.456138+00:00
109282,NEM,2019-11-04,2.0,,,2.0,422999,2026-04-08T03:21:45.945243+00:00
109385,NEM,2019-11-05,2.0,,,2.0,86700,2026-04-08T03:21:48.37169+00:00
109488,NEM,2019-11-06,2.0,,,2.0,429835,2026-04-08T03:21:50.755948+00:00
109591,NEM,2019-11-07,2.0,,,2.0,90703,2026-04-08T03:21:53.200031+00:00
109694,NEM,2019-11-08,2.0,,,2.0,58708,2026-04-08T03:21:55.63316+00:00
109797,NEM,2019-11-12,2.0,,,2.0,112127,2026-04-08T03:22:01.520244+00:00
109900,NEM,2019-11-13,2.0,,,2.0,125817,2026-04-08T03:22:04.169594+00:00
110003,NEM,2019-11-14,2.0,,,2.0,292870,2026-04-08T03:22:06.510438+00:00
110106,NEM,2019-11-15,2.0,,,2.0,136983,2026-04-08T03:22:08.972682+00:00
110208,NEM,2019-11-18,2.0,,,2.0,67992,2026-04-08T03:22:13.551393+00:00
110310,NEM,2019-11-19,2.0,,,2.0,132762,2026-04-08T03:22:15.801005+00:00
110412,NEM,2019-11-20,2.1,,,2.1,1192916,2026-04-08T03:22:18.11241+00:00
110514,NEM,2019-11-21,2.1,,,2.1,37336,2026-04-08T03:22:20.360812+00:00
110616,NEM,2019-11-22,2.1,,,2.1,336500,2026-04-08T03:22:22.766306+00:00
110718,NEM,2019-11-25,2.1,,,2.1,24130,2026-04-08T03:22:27.077445+00:00
110820,NEM,2019-11-26,2.0,,,2.0,209897,2026-04-08T03:22:29.415971+00:00
110922,NEM,2019-11-27,2.0,,,2.0,513145,2026-04-08T03:22:31.797244+00:00
111024,NEM,2019-11-28,2.0,,,2.0,1402518,2026-04-08T03:22:34.150197+00:00
111126,NEM,2019-11-29,2.0,,,2.0,598723,2026-04-08T03:22:36.43862+00:00
111228,NEM,2019-12-02,2.0,,,2.0,120778,2026-04-08T03:22:40.672716+00:00
111330,NEM,2019-12-03,1.9,,,1.9,380799,2026-04-08T03:22:42.857808+00:00
111432,NEM,2019-12-04,2.0,,,2.0,184350,2026-04-08T03:22:45.132537+00:00
111534,NEM,2019-12-05,2.0,,,2.0,10075,2026-04-08T03:22:47.409461+00:00
111636,NEM,2019-12-06,2.0,,,2.0,18600,2026-04-08T03:22:49.720566+00:00
111738,NEM,2019-12-10,2.0,,,2.0,235170,2026-04-08T03:22:54.948045+00:00
111840,NEM,2019-12-11,1.95,,,1.95,121500,2026-04-08T03:22:57.463594+00:00
111942,NEM,2019-12-12,2.0,,,2.0,889952,2026-04-08T03:22:59.677549+00:00
112044,NEM,2019-12-13,1.95,,,1.95,816633,2026-04-08T03:23:01.961124+00:00
112146,NEM,2019-12-16,2.0,,,2.0,301858,2026-04-08T03:23:06.206185+00:00
112248,NEM,2019-12-17,2.0,,,2.0,35669,2026-04-08T03:23:08.526507+00:00
112350,NEM,2019-12-18,2.0,,,2.0,10100,2026-04-08T03:23:10.699016+00:00
112452,NEM,2019-12-19,2.0,,,2.0,134238,2026-04-08T03:23:13.06361+00:00
112554,NEM,2019-12-20,2.0,,,2.0,159699,2026-04-08T03:23:15.515212+00:00
112656,NEM,2019-12-23,2.0,,,2.0,15000,2026-04-08T03:23:19.645113+00:00
112758,NEM,2019-12-24,2.0,,,2.0,72725,2026-04-08T03:23:22.081747+00:00
112860,NEM,2019-12-27,2.2,,,2.2,3624167,2026-04-08T03:23:26.48241+00:00
112962,NEM,2019-12-31,2.42,,,2.42,863,2026-04-08T03:23:31.997666+00:00
113064,NEM,2020-01-02,2.42,,,2.42,179400,2026-04-08T03:23:35.253628+00:00
113166,NEM,2020-01-03,2.42,,,2.42,48562,2026-04-08T03:23:37.484442+00:00
113268,NEM,2020-01-06,2.42,,,2.42,83725,2026-04-08T03:23:41.810791+00:00
113370,NEM,2020-01-07,2.42,,,2.42,179598,2026-04-08T03:23:44.238014+00:00
113472,NEM,2020-01-08,2.42,,,2.42,206683,2026-04-08T03:23:46.428903+00:00
113574,NEM,2020-01-09,2.42,,,2.42,259000,2026-04-08T03:23:48.760691+00:00
113677,NEM,2020-01-10,2.27,,,2.27,298500,2026-04-08T03:23:51.312987+00:00
113780,NEM,2020-01-13,2.27,,,2.27,60300,2026-04-08T03:23:55.704331+00:00
113883,NEM,2020-01-14,2.05,,,2.05,1353921,2026-04-08T03:23:58.044369+00:00
113986,NEM,2020-01-15,2.05,,,2.05,2883,2026-04-08T03:24:00.340453+00:00
114089,NEM,2020-01-16,2.05,,,2.05,507000,2026-04-08T03:24:02.775573+00:00
114192,NEM,2020-01-17,1.96,,,1.96,859187,2026-04-08T03:24:05.107796+00:00
114295,NEM,2020-01-20,2.0,,,2.0,1272810,2026-04-08T03:24:09.637495+00:00
114398,NEM,2020-01-21,2.0,,,2.0,94550,2026-04-08T03:24:12.081094+00:00
114501,NEM,2020-01-23,2.0,,,2.0,12200,2026-04-08T03:24:15.397306+00:00
114604,NEM,2020-01-24,2.2,,,2.2,1174100,2026-04-08T03:24:17.760742+00:00
114707,NEM,2020-01-27,2.2,,,2.2,105818,2026-04-08T03:24:22.426106+00:00
114810,NEM,2020-01-28,2.4,,,2.4,2214251,2026-04-08T03:24:24.728321+00:00
114913,NEM,2020-01-29,2.2,,,2.2,1460096,2026-04-08T03:24:27.287495+00:00
115016,NEM,2020-01-30,2.4,,,2.4,1042834,2026-04-08T03:24:29.658352+00:00
115119,NEM,2020-01-31,2.4,,,2.4,280301,2026-04-08T03:24:31.961868+00:00
115222,NEM,2020-02-03,2.4,,,2.4,104640,2026-04-08T03:24:36.430808+00:00
115325,NEM,2020-02-04,2.16,,,2.16,567150,2026-04-08T03:24:38.687124+00:00
115428,NEM,2020-02-05,2.16,,,2.16,207949,2026-04-08T03:24:41.03998+00:00
115531,NEM,2020-02-06,2.16,,,2.16,9470,2026-04-08T03:24:43.345135+00:00
115634,NEM,2020-02-07,2.16,,,2.16,5500,2026-04-08T03:24:45.609576+00:00
115737,NEM,2020-02-10,2.16,,,2.16,6540,2026-04-08T03:24:50.182603+00:00
115840,NEM,2020-02-11,2.2,,,2.2,293852,2026-04-08T03:24:52.780016+00:00
115943,NEM,2020-02-12,2.2,,,2.2,22099,2026-04-08T03:24:55.120152+00:00
116046,NEM,2020-02-13,2.04,,,2.04,348787,2026-04-08T03:24:57.649025+00:00
116149,NEM,2020-02-14,2.04,,,2.04,17421,2026-04-08T03:25:00.080254+00:00
116252,NEM,2020-02-17,2.04,,,2.04,130691,2026-04-08T03:25:04.377856+00:00
116355,NEM,2020-02-18,2.04,,,2.04,126000,2026-04-08T03:25:06.773592+00:00
116458,NEM,2020-02-19,2.04,,,2.04,58484,2026-04-08T03:25:09.231504+00:00
116561,NEM,2020-02-20,2.08,,,2.08,518241,2026-04-08T03:25:11.501588+00:00
116664,NEM,2020-02-21,2.08,,,2.08,271475,2026-04-08T03:25:13.948187+00:00
116767,NEM,2020-02-24,2.08,,,2.08,222630,2026-04-08T03:25:18.415367+00:00
116870,NEM,2020-02-25,2.0,,,2.0,1635600,2026-04-08T03:25:20.711298+00:00
116973,NEM,2020-02-26,2.0,,,2.0,115000,2026-04-08T03:25:23.465375+00:00
117076,NEM,2020-02-27,2.0,,,2.0,227076,2026-04-08T03:25:26.011368+00:00
117179,NEM,2020-02-28,1.8,,,1.8,697285,2026-04-08T03:25:28.472167+00:00
117282,NEM,2020-03-02,1.7,,,1.7,704381,2026-04-08T03:25:32.979972+00:00
117385,NEM,2020-03-03,1.7,,,1.7,81050,2026-04-08T03:25:35.324079+00:00
117488,NEM,2020-03-04,1.87,,,1.87,209180,2026-04-08T03:25:37.587456+00:00
117591,NEM,2020-03-05,1.73,,,1.73,288836,2026-04-08T03:25:39.825698+00:00
117694,NEM,2020-03-09,1.73,,,1.73,2333287,2026-04-08T03:25:45.227559+00:00
117797,NEM,2020-03-10,1.75,,,1.75,535749,2026-04-08T03:25:47.644077+00:00
117900,NEM,2020-03-11,1.75,,,1.75,73100,2026-04-08T03:25:49.940962+00:00
118003,NEM,2020-03-12,1.6,,,1.6,2780962,2026-04-08T03:25:52.243289+00:00
118106,NEM,2020-03-13,1.44,,,1.44,717247,2026-04-08T03:25:54.520183+00:00
118209,NEM,2020-03-16,1.5,,,1.5,408081,2026-04-08T03:25:58.965391+00:00
118312,NEM,2020-03-17,1.58,,,1.58,730600,2026-04-08T03:26:01.331984+00:00
118415,NEM,2020-03-18,1.58,,,1.58,225090,2026-04-08T03:26:03.589989+00:00
118518,NEM,2020-03-19,1.59,,,1.59,302000,2026-04-08T03:26:05.957067+00:00
118621,NEM,2020-03-20,1.59,,,1.59,220300,2026-04-08T03:26:08.377452+00:00
118724,NEM,2020-03-23,1.6,,,1.6,14696310,2026-04-08T03:26:12.667002+00:00
118827,NEM,2020-03-24,1.6,,,1.6,529600,2026-04-08T03:26:14.960057+00:00
118930,NEM,2020-03-25,1.57,,,1.57,389211,2026-04-08T03:26:17.224804+00:00
119033,NEM,2020-03-26,1.72,,,1.72,233350,2026-04-08T03:26:19.64473+00:00
119136,NEM,2020-03-27,1.89,,,1.89,328631,2026-04-08T03:26:21.968693+00:00
119239,NEM,2020-03-30,1.89,,,1.89,137750,2026-04-08T03:26:26.43282+00:00
119342,NEM,2020-03-31,2.07,,,2.07,273140,2026-04-08T03:26:28.926506+00:00
119445,NEM,2020-04-01,2.07,,,2.07,39500,2026-04-08T03:26:31.173614+00:00
119548,NEM,2020-04-02,2.07,,,2.07,135000,2026-04-08T03:26:33.480235+00:00
119651,NEM,2020-04-03,2.07,,,2.07,5962,2026-04-08T03:26:35.777807+00:00
119754,NEM,2020-04-06,2.07,,,2.07,5010,2026-04-08T03:26:40.135575+00:00
119857,NEM,2020-04-07,2.07,,,2.07,200,2026-04-08T03:26:42.376644+00:00
119960,NEM,2020-04-08,2.07,,,2.07,10752,2026-04-08T03:26:44.690105+00:00
120063,NEM,2020-04-09,2.07,,,2.07,12600,2026-04-08T03:26:47.020639+00:00
120166,NEM,2020-04-14,2.0,,,2.0,179590,2026-04-08T03:26:53.304016+00:00
120269,NEM,2020-04-15,2.0,,,2.0,64312,2026-04-08T03:26:55.643286+00:00
120372,NEM,2020-04-16,2.0,,,2.0,5000,2026-04-08T03:26:58.005731+00:00
120475,NEM,2020-04-17,2.0,,,2.0,9628,2026-04-08T03:27:00.196144+00:00
120578,NEM,2020-04-20,2.0,,,2.0,200,2026-04-08T03:27:04.902814+00:00
120681,NEM,2020-04-21,2.0,,,2.0,24000,2026-04-08T03:27:07.124699+00:00
120784,NEM,2020-04-22,2.2,,,2.2,516000,2026-04-08T03:27:09.50407+00:00
120887,NEM,2020-04-23,2.2,,,2.2,306430,2026-04-08T03:27:11.732195+00:00
120990,NEM,2020-04-24,2.2,,,2.2,100000,2026-04-08T03:27:14.133022+00:00
121093,NEM,2020-04-27,2.2,,,2.2,36000,2026-04-08T03:27:18.376911+00:00
121196,NEM,2020-04-28,2.2,,,2.2,138810,2026-04-08T03:27:20.70836+00:00
121299,NEM,2020-04-29,2.2,,,2.2,235500,2026-04-08T03:27:23.099969+00:00
121402,NEM,2020-04-30,2.35,,,2.35,1042300,2026-04-08T03:27:25.479794+00:00
121505,NEM,2020-05-04,1.98,,,1.98,1165754,2026-04-08T03:27:30.67652+00:00
121608,NEM,2020-05-05,1.98,,,1.98,140550,2026-04-08T03:27:32.997372+00:00
121711,NEM,2020-05-06,2.16,,,2.16,233900,2026-04-08T03:27:35.368243+00:00
121814,NEM,2020-05-07,2.16,,,2.16,2000,2026-04-08T03:27:37.70358+00:00
121917,NEM,2020-05-08,2.16,,,2.16,25000,2026-04-08T03:27:39.945267+00:00
122020,NEM,2020-05-11,2.16,,,2.16,33016,2026-04-08T03:27:44.543581+00:00
122123,NEM,2020-05-12,2.16,,,2.16,47400,2026-04-08T03:27:46.988848+00:00
122226,NEM,2020-05-13,2.16,,,2.16,216650,2026-04-08T03:27:49.292243+00:00
122329,NEM,2020-05-14,2.0,,,2.0,1185000,2026-04-08T03:27:51.592074+00:00
122432,NEM,2020-05-19,2.0,,,2.0,59326,2026-04-08T03:27:58.031425+00:00
122535,NEM,2020-05-20,2.05,,,2.05,302421,2026-04-08T03:28:00.412443+00:00
122638,NEM,2020-05-21,2.0,,,2.0,1144600,2026-04-08T03:28:02.829603+00:00
122741,NEM,2020-05-27,2.0,,,2.0,119850,2026-04-08T03:28:10.17932+00:00
122844,NEM,2020-05-28,2.0,,,2.0,912318,2026-04-08T03:28:12.484321+00:00
122947,NEM,2020-05-29,2.0,,,2.0,1760850,2026-04-08T03:28:14.796152+00:00
123050,NEM,2020-06-02,2.0,,,2.0,121896,2026-04-08T03:28:20.224588+00:00
123153,NEM,2020-06-03,2.0,,,2.0,115500,2026-04-08T03:28:22.45251+00:00
123256,NEM,2020-06-04,2.05,,,2.05,1104364,2026-04-08T03:28:24.742978+00:00
123359,NEM,2020-06-05,2.05,,,2.05,146190,2026-04-08T03:28:26.997708+00:00
123462,NEM,2020-06-08,2.05,,,2.05,313000,2026-04-08T03:28:31.360755+00:00
123565,NEM,2020-06-09,2.05,,,2.05,33700,2026-04-08T03:28:33.545964+00:00
123668,NEM,2020-06-10,2.05,,,2.05,154100,2026-04-08T03:28:35.856379+00:00
123771,NEM,2020-06-11,2.05,,,2.05,2076764,2026-04-08T03:28:38.052531+00:00
123874,NEM,2020-06-15,2.05,,,2.05,371891,2026-04-08T03:28:43.437023+00:00
123977,NEM,2020-06-16,2.0,,,2.0,1157022,2026-04-08T03:28:45.961134+00:00
124080,NEM,2020-06-17,2.0,,,2.0,1005300,2026-04-08T03:28:48.324213+00:00
124183,NEM,2020-06-18,2.0,,,2.0,157752,2026-04-08T03:28:50.696546+00:00
124286,NEM,2020-06-19,2.0,,,2.0,52170,2026-04-08T03:28:53.406809+00:00
124389,NEM,2020-06-22,2.0,,,2.0,50200,2026-04-08T03:28:57.922359+00:00
124492,NEM,2020-06-23,2.0,,,2.0,86200,2026-04-08T03:29:00.283028+00:00
124595,NEM,2020-06-24,2.0,,,2.0,236215,2026-04-08T03:29:02.79982+00:00
124698,NEM,2020-06-25,2.0,,,2.0,171075,2026-04-08T03:29:05.076463+00:00
124801,NEM,2020-06-26,2.0,,,2.0,2000,2026-04-08T03:29:07.48598+00:00
124904,NEM,2020-06-29,2.06,,,2.06,590358,2026-04-08T03:29:11.968016+00:00
125007,NEM,2020-06-30,2.06,,,2.06,103420,2026-04-08T03:29:14.28255+00:00
125110,NEM,2020-07-01,2.06,,,2.06,7587,2026-04-08T03:29:16.703757+00:00
125213,NEM,2020-07-02,2.06,,,2.06,124100,2026-04-08T03:29:19.127663+00:00
125316,NEM,2020-07-03,2.05,,,2.05,205000,2026-04-08T03:29:21.544735+00:00
125419,NEM,2020-07-07,2.05,,,2.05,99000,2026-04-08T03:29:27.331532+00:00
125522,NEM,2020-07-08,2.05,,,2.05,22294,2026-04-08T03:29:29.768744+00:00
125625,NEM,2020-07-09,2.05,,,2.05,3000,2026-04-08T03:29:32.143692+00:00
125728,NEM,2020-07-10,2.05,,,2.05,37400,2026-04-08T03:29:34.521297+00:00
125831,NEM,2020-07-13,2.05,,,2.05,10100,2026-04-08T03:29:39.007126+00:00
125934,NEM,2020-07-14,2.06,,,2.06,127980,2026-04-08T03:29:41.304989+00:00
126037,NEM,2020-07-15,2.06,,,2.06,89000,2026-04-08T03:29:43.708156+00:00
126140,NEM,2020-07-16,2.06,,,2.06,76000,2026-04-08T03:29:45.979708+00:00
126243,NEM,2020-07-17,2.0,,,2.0,205000,2026-04-08T03:29:48.357101+00:00
126346,NEM,2020-07-20,2.0,,,2.0,11200,2026-04-08T03:29:52.723074+00:00
126449,NEM,2020-07-21,2.0,,,2.0,15010,2026-04-08T03:29:55.035926+00:00
126552,NEM,2020-07-23,2.0,,,2.0,367953,2026-04-08T03:29:58.238067+00:00
126655,NEM,2020-07-24,2.0,,,2.0,169923,2026-04-08T03:30:00.541513+00:00
126758,NEM,2020-07-27,2.0,,,2.0,44500,2026-04-08T03:30:04.748878+00:00
126861,NEM,2020-07-28,2.0,,,2.0,5368,2026-04-08T03:30:07.286947+00:00
126964,NEM,2020-07-29,2.0,,,2.0,46102,2026-04-08T03:30:09.725653+00:00
127067,NEM,2020-08-03,1.9,,,1.9,1157715,2026-04-08T03:30:16.711714+00:00
127170,NEM,2020-08-04,1.9,,,1.9,110000,2026-04-08T03:30:19.026905+00:00
127273,NEM,2020-08-05,1.9,,,1.9,7000,2026-04-08T03:30:21.509999+00:00
127376,NEM,2020-08-06,1.87,,,1.87,550000,2026-04-08T03:30:23.823287+00:00
127479,NEM,2020-08-07,1.87,,,1.87,38931,2026-04-08T03:30:26.221973+00:00
127582,NEM,2020-08-10,1.87,,,1.87,381859,2026-04-08T03:30:31.080726+00:00
127685,NEM,2020-08-11,1.87,,,1.87,110175,2026-04-08T03:30:33.557314+00:00
127788,NEM,2020-08-12,1.87,,,1.87,107187,2026-04-08T03:30:35.989363+00:00
127891,NEM,2020-08-13,1.87,,,1.87,118340,2026-04-08T03:30:38.402702+00:00
127994,NEM,2020-08-14,1.87,,,1.87,46057,2026-04-08T03:30:40.738296+00:00
128097,NEM,2020-08-17,1.87,,,1.87,77954,2026-04-08T03:30:45.179846+00:00
128200,NEM,2020-08-18,1.87,,,1.87,155400,2026-04-08T03:30:47.750292+00:00
128303,NEM,2020-08-19,1.87,,,1.87,471500,2026-04-08T03:30:50.260611+00:00
128406,NEM,2020-08-20,1.87,,,1.87,0,2026-04-08T03:30:52.728097+00:00
128509,NEM,2020-08-21,1.87,,,1.87,51350,2026-04-08T03:30:55.129893+00:00
128612,NEM,2020-08-24,1.87,,,1.87,2500,2026-04-08T03:30:59.50528+00:00
128715,NEM,2020-08-25,2.05,,,2.05,159096,2026-04-08T03:31:01.97181+00:00
128818,NEM,2020-08-26,2.15,,,2.15,158465,2026-04-08T03:31:04.340397+00:00
128921,NEM,2020-08-27,2.15,,,2.15,287780,2026-04-08T03:31:06.825032+00:00
129024,NEM,2020-08-28,2.15,,,2.15,107500,2026-04-08T03:31:10.050623+00:00
129127,NEM,2020-08-31,2.07,,,2.07,139250,2026-04-08T03:31:14.574397+00:00
129230,NEM,2020-09-01,2.07,,,2.07,104950,2026-04-08T03:31:16.859057+00:00
129333,NEM,2020-09-02,2.07,,,2.07,181557,2026-04-08T03:31:19.223829+00:00
129436,NEM,2020-09-03,2.07,,,2.07,80200,2026-04-08T03:31:21.580357+00:00
129539,NEM,2020-09-04,2.07,,,2.07,258300,2026-04-08T03:31:24.095323+00:00
129642,NEM,2020-09-07,2.25,,,2.25,470040,2026-04-08T03:31:29.028072+00:00
129745,NEM,2020-09-08,2.25,,,2.25,518500,2026-04-08T03:31:31.696694+00:00
129848,NEM,2020-09-09,2.25,,,2.25,30752,2026-04-08T03:31:34.222499+00:00
129951,NEM,2020-09-10,2.25,,,2.25,19410,2026-04-08T03:31:36.666154+00:00
130054,NEM,2020-09-11,2.25,,,2.25,231550,2026-04-08T03:31:39.224755+00:00
130157,NEM,2020-09-14,2.25,,,2.25,151741,2026-04-08T03:31:43.669625+00:00
130260,NEM,2020-09-15,2.25,,,2.25,115000,2026-04-08T03:31:46.096824+00:00
130363,NEM,2020-09-16,2.03,,,2.03,424000,2026-04-08T03:31:48.62473+00:00
130466,NEM,2020-09-17,2.03,,,2.03,26270,2026-04-08T03:31:51.120615+00:00
130569,NEM,2020-09-18,2.03,,,2.03,52300,2026-04-08T03:31:53.500222+00:00
130672,NEM,2020-09-21,2.03,,,2.03,45510,2026-04-08T03:31:57.915353+00:00
130775,NEM,2020-09-22,2.03,,,2.03,61800,2026-04-08T03:32:00.361616+00:00
130878,NEM,2020-09-23,2.03,,,2.03,237267,2026-04-08T03:32:02.667296+00:00
130981,NEM,2020-09-24,2.03,,,2.03,69841,2026-04-08T03:32:05.077899+00:00
131084,NEM,2020-09-25,2.03,,,2.03,380618,2026-04-08T03:32:07.472813+00:00
131187,NEM,2020-09-28,2.03,,,2.03,85100,2026-04-08T03:32:12.542607+00:00
131290,NEM,2020-09-29,2.03,,,2.03,423810,2026-04-08T03:32:14.948969+00:00
131393,NEM,2020-09-30,2.03,,,2.03,220581,2026-04-08T03:32:17.368144+00:00
131496,NEM,2020-10-02,2.03,,,2.03,13845,2026-04-08T03:32:21.009688+00:00
131599,NEM,2020-10-05,2.03,,,2.03,79400,2026-04-08T03:32:25.669514+00:00
131702,NEM,2020-10-06,2.03,,,2.03,12910,2026-04-08T03:32:28.151061+00:00
131805,NEM,2020-10-07,2.03,,,2.03,100188,2026-04-08T03:32:30.62441+00:00
131908,NEM,2020-10-08,2.03,,,2.03,63010,2026-04-08T03:32:32.995223+00:00
132011,NEM,2020-10-09,2.0,,,2.0,274983,2026-04-08T03:32:35.453646+00:00
132114,NEM,2020-10-12,2.0,,,2.0,2330200,2026-04-08T03:32:39.836845+00:00
132217,NEM,2020-10-13,2.0,,,2.0,75000,2026-04-08T03:32:42.883097+00:00
132320,NEM,2020-10-14,2.0,,,2.0,20,2026-04-08T03:32:45.313484+00:00
132423,NEM,2020-10-15,2.0,,,2.0,89000,2026-04-08T03:32:47.672181+00:00
132526,NEM,2020-10-16,2.0,,,2.0,336265,2026-04-08T03:32:50.112843+00:00
132629,NEM,2020-10-19,2.06,,,2.06,178562,2026-04-08T03:32:54.594352+00:00
132732,NEM,2020-10-20,2.06,,,2.06,133519,2026-04-08T03:32:57.288568+00:00
132835,NEM,2020-10-21,2.06,,,2.06,78039,2026-04-08T03:32:59.679627+00:00
132938,NEM,2020-10-22,2.06,,,2.06,6000,2026-04-08T03:33:02.194874+00:00
133042,NEM,2020-10-23,2.06,,,2.06,280000,2026-04-08T03:33:04.540232+00:00
133145,NEM,2020-10-26,2.06,,,2.06,0,2026-04-08T03:33:08.964122+00:00
133248,NEM,2020-10-27,2.03,,,2.03,287964,2026-04-08T03:33:12.04516+00:00
133351,NEM,2020-10-28,2.23,,,2.23,1173631,2026-04-08T03:33:14.504918+00:00
133454,NEM,2020-10-30,2.23,,,2.23,143218,2026-04-08T03:33:18.13889+00:00
133557,NEM,2020-11-02,2.23,,,2.23,37200,2026-04-08T03:33:22.589733+00:00
133660,NEM,2020-11-03,2.23,,,2.23,60053,2026-04-08T03:33:24.936567+00:00
133763,NEM,2020-11-04,2.23,,,2.23,103407,2026-04-08T03:33:27.402012+00:00
133866,NEM,2020-11-05,2.23,,,2.23,152530,2026-04-08T03:33:29.791139+00:00
133969,NEM,2020-11-06,2.05,,,2.05,277274,2026-04-08T03:33:32.190465+00:00
134072,NEM,2020-11-09,2.05,,,2.05,62133,2026-04-08T03:33:36.944942+00:00
134176,NEM,2020-11-10,2.05,,,2.05,84109,2026-04-08T03:33:39.328014+00:00
134280,NEM,2020-11-11,2.25,,,2.25,1159519,2026-04-08T03:33:41.646704+00:00
134384,NEM,2020-11-12,2.2,,,2.2,837268,2026-04-08T03:33:44.075825+00:00
134488,NEM,2020-11-13,2.2,,,2.2,405161,2026-04-08T03:33:46.660663+00:00
134592,NEM,2020-11-16,2.35,,,2.35,614878,2026-04-08T03:33:51.206328+00:00
134696,NEM,2020-11-17,2.35,,,2.35,397299,2026-04-08T03:33:53.594986+00:00
134800,NEM,2020-11-18,2.35,,,2.35,241688,2026-04-08T03:33:56.053488+00:00
134904,NEM,2020-11-19,2.35,,,2.35,9893,2026-04-08T03:33:58.535588+00:00
135008,NEM,2020-11-20,2.58,,,2.58,248200,2026-04-08T03:34:01.033528+00:00
135112,NEM,2020-11-23,2.6,,,2.6,2274748,2026-04-08T03:34:05.446005+00:00
135216,NEM,2020-11-24,2.6,,,2.6,422773,2026-04-08T03:34:07.827748+00:00
135320,NEM,2020-11-25,2.55,,,2.55,1243352,2026-04-08T03:34:10.273596+00:00
135424,NEM,2020-11-26,2.55,,,2.55,175502,2026-04-08T03:34:12.878043+00:00
135528,NEM,2020-11-27,2.47,,,2.47,207393,2026-04-08T03:34:15.660625+00:00
135632,NEM,2020-11-30,2.55,,,2.55,133503,2026-04-08T03:34:20.595268+00:00
135736,NEM,2020-12-01,2.55,,,2.55,306874,2026-04-08T03:34:22.915781+00:00
135839,NEM,2020-12-02,2.55,,,2.55,7981418,2026-04-08T03:34:25.200893+00:00
135941,NEM,2020-12-03,2.48,,,2.48,402486,2026-04-08T03:34:27.500503+00:00
136043,NEM,2020-12-04,2.45,,,2.45,270468,2026-04-08T03:34:29.754666+00:00
136147,NEM,2020-12-07,2.45,,,2.45,200800,2026-04-08T03:34:34.092506+00:00
136251,NEM,2020-12-08,2.45,,,2.45,152400,2026-04-08T03:34:36.413898+00:00
136355,NEM,2020-12-09,2.45,,,2.45,100000,2026-04-08T03:34:38.741358+00:00
136459,NEM,2020-12-10,2.35,,,2.35,310029,2026-04-08T03:34:41.210459+00:00
136563,NEM,2020-12-11,2.35,,,2.35,147258,2026-04-08T03:34:43.516271+00:00
136667,NEM,2020-12-14,2.35,,,2.35,185616,2026-04-08T03:34:47.752987+00:00
136772,NEM,2020-12-15,2.35,,,2.35,232000,2026-04-08T03:34:50.014046+00:00
136877,NEM,2020-12-16,2.35,,,2.35,47692,2026-04-08T03:34:52.260784+00:00
136982,NEM,2020-12-17,1.24,,,1.24,251800,2026-04-08T03:34:54.700208+00:00
137087,NEM,2020-12-18,1.24,,,1.24,65200,2026-04-08T03:34:57.404383+00:00
137192,NEM,2020-12-21,1.36,,,1.36,182500,2026-04-08T03:35:01.74156+00:00
137297,NEM,2020-12-22,1.36,,,1.36,112250,2026-04-08T03:35:04.087051+00:00
137402,NEM,2020-12-23,1.36,,,1.36,0,2026-04-08T03:35:06.465463+00:00
137507,NEM,2020-12-24,1.36,,,1.36,0,2026-04-08T03:35:08.859517+00:00
137612,NEM,2020-12-29,1.49,,,1.49,129795,2026-04-08T03:35:15.710612+00:00
137717,NEM,2020-12-30,1.63,,,1.63,1042707,2026-04-08T03:35:18.332825+00:00
137822,NEM,2020-12-31,1.79,,,1.79,340798,2026-04-08T03:35:20.721524+00:00
137927,NEM,2021-01-04,1.79,,,1.79,0,2026-04-08T03:35:26.376094+00:00
138032,NEM,2021-01-05,1.96,,,1.96,4560595,2026-04-08T03:35:29.033034+00:00
138137,NEM,2021-01-06,2.15,,,2.15,4338624,2026-04-08T03:35:31.424152+00:00
138242,NEM,2021-01-07,2.31,,,2.31,1043066,2026-04-08T03:35:34.042283+00:00
138347,NEM,2021-01-08,2.3,,,2.3,4351892,2026-04-08T03:35:36.489888+00:00
138452,NEM,2021-01-11,2.3,,,2.3,53120,2026-04-08T03:35:41.134484+00:00
138557,NEM,2021-01-12,2.3,,,2.3,95300,2026-04-08T03:35:43.444525+00:00
138662,NEM,2021-01-13,2.3,,,2.3,109336,2026-04-08T03:35:45.752573+00:00
138767,NEM,2021-01-14,2.3,,,2.3,2539054,2026-04-08T03:35:48.266873+00:00
138872,NEM,2021-01-15,2.3,,,2.3,142160,2026-04-08T03:35:50.536305+00:00
138977,NEM,2021-01-18,2.3,,,2.3,393710,2026-04-08T03:35:55.012207+00:00
139082,NEM,2021-01-19,2.53,,,2.53,3144989,2026-04-08T03:35:57.346792+00:00
139187,NEM,2021-01-20,2.69,,,2.69,848539,2026-04-08T03:35:59.785195+00:00
139292,NEM,2021-01-21,2.69,,,2.69,143936,2026-04-08T03:36:02.057398+00:00
139397,NEM,2021-01-22,2.43,,,2.43,1029144,2026-04-08T03:36:04.490813+00:00
139502,NEM,2021-01-25,2.36,,,2.36,384216,2026-04-08T03:36:09.142175+00:00
139607,NEM,2021-01-26,2.38,,,2.38,935790,2026-04-08T03:36:11.477526+00:00
139712,NEM,2021-01-27,2.38,,,2.38,149430,2026-04-08T03:36:13.916788+00:00
139817,NEM,2021-01-28,2.2,,,2.2,948878,2026-04-08T03:36:16.269205+00:00
139922,NEM,2021-01-29,2.42,,,2.42,300500,2026-04-08T03:36:18.603253+00:00
140027,NEM,2021-02-01,2.58,,,2.58,398043,2026-04-08T03:36:23.094546+00:00
140132,NEM,2021-02-02,2.58,,,2.58,375785,2026-04-08T03:36:25.523135+00:00
140237,NEM,2021-02-03,2.5,,,2.5,1569340,2026-04-08T03:36:27.835035+00:00
140342,NEM,2021-02-04,2.5,,,2.5,546670,2026-04-08T03:36:30.225924+00:00
140447,NEM,2021-02-05,2.5,,,2.5,113420,2026-04-08T03:36:32.587221+00:00
140552,NEM,2021-02-08,2.5,,,2.5,107894,2026-04-08T03:36:37.052653+00:00
140657,NEM,2021-02-09,2.27,,,2.27,677710,2026-04-08T03:36:39.468141+00:00
140762,NEM,2021-02-10,2.27,,,2.27,915652,2026-04-08T03:36:41.836322+00:00
140867,NEM,2021-02-11,2.27,,,2.27,33299,2026-04-08T03:36:44.255641+00:00
140972,NEM,2021-02-12,2.05,,,2.05,413600,2026-04-08T03:36:46.553737+00:00
141077,NEM,2021-02-15,2.05,,,2.05,107284,2026-04-08T03:36:50.983127+00:00
141182,NEM,2021-02-16,2.05,,,2.05,492149,2026-04-08T03:36:53.929967+00:00
141287,NEM,2021-02-17,2.05,,,2.05,58550,2026-04-08T03:36:56.762484+00:00
141392,NEM,2021-02-18,2.05,,,2.05,66295,2026-04-08T03:36:59.321693+00:00
141497,NEM,2021-02-19,2.05,,,2.05,179752,2026-04-08T03:37:01.817881+00:00
141602,NEM,2021-02-22,2.0,,,2.0,1337751,2026-04-08T03:37:06.27808+00:00
141707,NEM,2021-02-23,2.0,,,2.0,16492,2026-04-08T03:37:08.890934+00:00
141812,NEM,2021-02-24,2.0,,,2.0,668820,2026-04-08T03:37:11.490979+00:00
141917,NEM,2021-02-25,2.0,,,2.0,149894,2026-04-08T03:37:14.190372+00:00
142022,NEM,2021-02-26,2.0,,,2.0,362501,2026-04-08T03:37:16.661186+00:00
142127,NEM,2021-03-01,2.0,,,2.0,100066,2026-04-08T03:37:22.522205+00:00
142232,NEM,2021-03-02,2.12,,,2.12,624090,2026-04-08T03:37:25.400973+00:00
142337,NEM,2021-03-03,1.91,,,1.91,337098,2026-04-08T03:37:28.29584+00:00
142442,NEM,2021-03-04,1.72,,,1.72,471841,2026-04-08T03:37:30.865183+00:00
142547,NEM,2021-03-05,1.89,,,1.89,2149365,2026-04-08T03:37:35.032922+00:00
142652,NEM,2021-03-08,1.76,,,1.76,10457834,2026-04-08T03:37:40.957406+00:00
142757,NEM,2021-03-09,1.76,,,1.76,146751,2026-04-08T03:37:43.478318+00:00
142862,NEM,2021-03-10,1.76,,,1.76,564360,2026-04-08T03:37:46.075681+00:00
142967,NEM,2021-03-11,1.85,,,1.85,2948228,2026-04-08T03:37:49.142973+00:00
143072,NEM,2021-03-12,2.03,,,2.03,4789747,2026-04-08T03:37:51.827027+00:00
143177,NEM,2021-03-15,2.19,,,2.19,1416463,2026-04-08T03:37:56.632273+00:00
143282,NEM,2021-03-16,2.19,,,2.19,54831,2026-04-08T03:37:59.157483+00:00
143387,NEM,2021-03-17,2.09,,,2.09,556914,2026-04-08T03:38:01.497417+00:00
143492,NEM,2021-03-18,2.09,,,2.09,337620,2026-04-08T03:38:03.831621+00:00
143597,NEM,2021-03-19,2.09,,,2.09,362917,2026-04-08T03:38:06.31825+00:00
143702,NEM,2021-03-22,2.09,,,2.09,210200,2026-04-08T03:38:11.081229+00:00
143807,NEM,2021-03-23,2.09,,,2.09,180413,2026-04-08T03:38:13.396015+00:00
143912,NEM,2021-03-24,2.1,,,2.1,3710940,2026-04-08T03:38:15.81449+00:00
144017,NEM,2021-03-25,2.1,,,2.1,120596,2026-04-08T03:38:18.283134+00:00
144122,NEM,2021-03-26,2.1,,,2.1,26865,2026-04-08T03:38:20.746814+00:00
144227,NEM,2021-03-29,2.1,,,2.1,185126,2026-04-08T03:38:25.159246+00:00
144332,NEM,2021-03-30,2.1,,,2.1,74600,2026-04-08T03:38:27.475529+00:00
144437,NEM,2021-03-31,2.3,,,2.3,442695,2026-04-08T03:38:29.710175+00:00
144542,NEM,2021-04-01,2.13,,,2.13,811593,2026-04-08T03:38:32.086622+00:00
144647,NEM,2021-04-06,2.13,,,2.13,211900,2026-04-08T03:38:38.336109+00:00
144752,NEM,2021-04-07,2.13,,,2.13,305383,2026-04-08T03:38:40.597593+00:00
144857,NEM,2021-04-08,2.1,,,2.1,231940,2026-04-08T03:38:43.050318+00:00
144962,NEM,2021-04-09,2.1,,,2.1,327249,2026-04-08T03:38:45.381101+00:00
145067,NEM,2021-04-12,2.13,,,2.13,416417,2026-04-08T03:38:49.634064+00:00
145172,NEM,2021-04-14,2.0,,,2.0,1967500,2026-04-08T03:38:53.291299+00:00
145277,NEM,2021-04-15,2.0,,,2.0,68495,2026-04-08T03:38:55.647647+00:00
145382,NEM,2021-04-16,2.0,,,2.0,500,2026-04-08T03:38:58.039758+00:00
145487,NEM,2021-04-19,2.0,,,2.0,201640,2026-04-08T03:39:02.639407+00:00
145592,NEM,2021-04-20,2.15,,,2.15,415695,2026-04-08T03:39:05.009889+00:00
145697,NEM,2021-04-21,2.0,,,2.0,1531979,2026-04-08T03:39:07.371999+00:00
145802,NEM,2021-04-22,2.0,,,2.0,48279,2026-04-08T03:39:09.720023+00:00
145907,NEM,2021-04-26,2.05,,,2.05,1291730,2026-04-08T03:39:15.36746+00:00
146012,NEM,2021-04-27,2.06,,,2.06,652384,2026-04-08T03:39:17.695414+00:00
146117,NEM,2021-04-28,2.01,,,2.01,8529256,2026-04-08T03:39:20.620007+00:00
146222,NEM,2021-04-29,2.0,,,2.0,1311115,2026-04-08T03:39:22.905871+00:00
146327,NEM,2021-04-30,2.03,,,2.03,3117750,2026-04-08T03:39:25.430976+00:00
146432,NEM,2021-05-04,2.03,,,2.03,304804,2026-04-08T03:39:31.322792+00:00
146537,NEM,2021-05-05,2.0,,,2.0,1063834,2026-04-08T03:39:33.759587+00:00
146642,NEM,2021-05-06,2.0,,,2.0,38679378,2026-04-08T03:39:36.246061+00:00
146747,NEM,2021-05-07,1.81,,,1.81,1564092,2026-04-08T03:39:38.47254+00:00
146852,NEM,2021-05-10,1.87,,,1.87,1216085,2026-04-08T03:39:42.886326+00:00
146957,NEM,2021-05-11,1.9,,,1.9,393841,2026-04-08T03:39:45.288668+00:00
147062,NEM,2021-05-14,2.08,,,2.08,587449,2026-04-08T03:39:49.859206+00:00
147167,NEM,2021-05-17,2.08,,,2.08,39448870,2026-04-08T03:39:54.343913+00:00
147272,NEM,2021-05-18,2.08,,,2.08,467758,2026-04-08T03:39:57.092526+00:00
147377,NEM,2021-05-19,2.0,,,2.0,554784,2026-04-08T03:39:59.433321+00:00
147482,NEM,2021-05-20,2.03,,,2.03,546120,2026-04-08T03:40:01.906518+00:00
147587,NEM,2021-05-21,2.03,,,2.03,353110,2026-04-08T03:40:04.221824+00:00
147692,NEM,2021-05-24,2.03,,,2.03,117835,2026-04-08T03:40:08.535937+00:00
147797,NEM,2021-05-25,2.03,,,2.03,1162759,2026-04-08T03:40:10.790359+00:00
147902,NEM,2021-05-26,2.05,,,2.05,649220,2026-04-08T03:40:13.088105+00:00
148007,NEM,2021-05-27,2.05,,,2.05,178986,2026-04-08T03:40:15.774564+00:00
148112,NEM,2021-05-28,2.07,,,2.07,409678,2026-04-08T03:40:18.222614+00:00
148217,NEM,2021-05-31,2.07,,,2.07,694375,2026-04-08T03:40:23.651574+00:00
148322,NEM,2021-06-01,2.07,,,2.07,145120,2026-04-08T03:40:26.050454+00:00
148427,NEM,2021-06-02,2.12,,,2.12,618625,2026-04-08T03:40:28.576306+00:00
148532,NEM,2021-06-03,2.08,,,2.08,1878407,2026-04-08T03:40:31.001459+00:00
148637,NEM,2021-06-04,2.08,,,2.08,1512994,2026-04-08T03:40:33.442796+00:00
148742,NEM,2021-06-07,1.99,,,1.99,187970,2026-04-08T03:40:37.732645+00:00
148847,NEM,2021-06-08,1.99,,,1.99,119474,2026-04-08T03:40:40.102423+00:00
148952,NEM,2021-06-09,2.0,,,2.0,1695013,2026-04-08T03:40:42.486352+00:00
149057,NEM,2021-06-10,2.0,,,2.0,105000,2026-04-08T03:40:45.029393+00:00
149162,NEM,2021-06-11,1.8,,,1.8,8740807,2026-04-08T03:40:47.465669+00:00
149267,NEM,2021-06-15,1.87,,,1.87,1460531,2026-04-08T03:40:53.415974+00:00
149372,NEM,2021-06-16,1.89,,,1.89,635419,2026-04-08T03:40:55.754681+00:00
149478,NEM,2021-06-17,1.87,,,1.87,415572,2026-04-08T03:40:58.172345+00:00
149584,NEM,2021-06-18,1.87,,,1.87,74244,2026-04-08T03:41:00.479054+00:00
149690,NEM,2021-06-21,1.9,,,1.9,220469,2026-04-08T03:41:05.049703+00:00
149797,NEM,2021-06-22,1.9,,,1.9,705782,2026-04-08T03:41:07.444448+00:00
149904,NEM,2021-06-23,1.9,,,1.9,549118,2026-04-08T03:41:09.819069+00:00
150011,NEM,2021-06-24,1.92,,,1.92,528600,2026-04-08T03:41:12.2583+00:00
150118,NEM,2021-06-25,1.92,,,1.92,102459,2026-04-08T03:41:14.6351+00:00
150225,NEM,2021-06-28,1.92,,,1.92,2000,2026-04-08T03:41:19.428749+00:00
150332,NEM,2021-06-29,1.92,,,1.92,313377,2026-04-08T03:41:22.147646+00:00
150439,NEM,2021-06-30,1.92,,,1.92,226876,2026-04-08T03:41:24.723581+00:00
150546,NEM,2021-07-01,2.0,,,2.0,1651196,2026-04-08T03:41:27.253573+00:00
150653,NEM,2021-07-02,2.0,,,2.0,681648,2026-04-08T03:41:29.882533+00:00
150760,NEM,2021-07-05,2.01,,,2.01,1851689,2026-04-08T03:41:34.454391+00:00
150867,NEM,2021-07-06,2.01,,,2.01,803907,2026-04-08T03:41:36.982623+00:00
150974,NEM,2021-07-07,2.0,,,2.0,562512,2026-04-08T03:41:39.307643+00:00
151081,NEM,2021-07-08,2.2,,,2.2,484100,2026-04-08T03:41:41.672436+00:00
151189,NEM,2021-07-09,2.0,,,2.0,487834,2026-04-08T03:41:44.186247+00:00
151297,NEM,2021-07-12,2.0,,,2.0,161579,2026-04-08T03:41:48.615121+00:00
151405,NEM,2021-07-13,2.0,,,2.0,791562,2026-04-08T03:41:50.993586+00:00
151513,NEM,2021-07-14,2.0,,,2.0,390950,2026-04-08T03:41:53.268+00:00
151621,NEM,2021-07-15,2.0,,,2.0,756902,2026-04-08T03:41:55.50175+00:00
151729,NEM,2021-07-16,2.0,,,2.0,261161,2026-04-08T03:41:57.978751+00:00
151837,NEM,2021-07-19,2.0,,,2.0,371553,2026-04-08T03:42:02.439681+00:00
151945,NEM,2021-07-22,2.0,,,2.0,17050,2026-04-08T03:42:06.938387+00:00
152053,NEM,2021-07-23,2.0,,,2.0,6032633,2026-04-08T03:42:09.224536+00:00
152161,NEM,2021-07-26,2.0,,,2.0,61800,2026-04-08T03:42:13.888963+00:00
152269,NEM,2021-07-27,2.0,,,2.0,292643,2026-04-08T03:42:16.300026+00:00
152377,NEM,2021-07-28,2.0,,,2.0,257344,2026-04-08T03:42:18.733972+00:00
152485,NEM,2021-07-29,2.0,,,2.0,220376,2026-04-08T03:42:21.196071+00:00
152593,NEM,2021-07-30,2.0,,,2.0,254338,2026-04-08T03:42:23.780537+00:00
152701,NEM,2021-08-02,2.0,,,2.0,138296,2026-04-08T03:42:28.457705+00:00
152809,NEM,2021-08-03,2.0,,,2.0,222800,2026-04-08T03:42:31.094462+00:00
152917,NEM,2021-08-04,2.02,,,2.02,1075000,2026-04-08T03:42:33.531563+00:00
153025,NEM,2021-08-05,2.0,,,2.0,1000939,2026-04-08T03:42:35.917081+00:00
153133,NEM,2021-08-06,2.0,,,2.0,282028,2026-04-08T03:42:38.23616+00:00
153241,NEM,2021-08-09,2.0,,,2.0,196212,2026-04-08T03:42:42.878342+00:00
153349,NEM,2021-08-10,2.01,,,2.01,402547,2026-04-08T03:42:45.264053+00:00
153457,NEM,2021-08-12,1.92,,,1.92,430924,2026-04-08T03:42:48.762656+00:00
153565,NEM,2021-08-13,1.92,,,1.92,240704,2026-04-08T03:42:51.120096+00:00
153673,NEM,2021-08-16,1.92,,,1.92,162100,2026-04-08T03:42:55.556429+00:00
153781,NEM,2021-08-17,1.92,,,1.92,154309,2026-04-08T03:42:57.870214+00:00
153889,NEM,2021-08-18,1.98,,,1.98,152005,2026-04-08T03:43:00.318272+00:00
153997,NEM,2021-08-19,1.94,,,1.94,1913533,2026-04-08T03:43:02.743698+00:00
154105,NEM,2021-08-20,1.94,,,1.94,165674,2026-04-08T03:43:05.111187+00:00
154213,NEM,2021-08-23,1.94,,,1.94,257711,2026-04-08T03:43:09.725908+00:00
154321,NEM,2021-08-24,1.94,,,1.94,263740,2026-04-08T03:43:12.031989+00:00
154429,NEM,2021-08-25,1.94,,,1.94,31650,2026-04-08T03:43:14.375004+00:00
154537,NEM,2021-08-26,1.96,,,1.96,345201,2026-04-08T03:43:16.860503+00:00
154645,NEM,2021-08-27,1.96,,,1.96,56866,2026-04-08T03:43:19.247601+00:00
154753,NEM,2021-08-30,1.93,,,1.93,637221,2026-04-08T03:43:23.756871+00:00
154861,NEM,2021-08-31,1.94,,,1.94,289020,2026-04-08T03:43:26.203018+00:00
154969,NEM,2021-09-01,1.95,,,1.95,3893831,2026-04-08T03:43:28.430514+00:00
155077,NEM,2021-09-02,2.0,,,2.0,1098205,2026-04-08T03:43:30.63423+00:00
155185,NEM,2021-09-03,2.0,,,2.0,109431,2026-04-08T03:43:33.173741+00:00
155293,NEM,2021-09-06,2.0,,,2.0,149445,2026-04-08T03:43:37.566628+00:00
155401,NEM,2021-09-07,1.91,,,1.91,3215104,2026-04-08T03:43:39.870652+00:00
155509,NEM,2021-09-08,1.91,,,1.91,135250,2026-04-08T03:43:42.125577+00:00
155617,NEM,2021-09-09,1.93,,,1.93,544504,2026-04-08T03:43:44.739177+00:00
155725,NEM,2021-09-10,1.9,,,1.9,1306230,2026-04-08T03:43:47.339386+00:00
155833,NEM,2021-09-13,1.91,,,1.91,534300,2026-04-08T03:43:51.822078+00:00
155941,NEM,2021-09-14,1.89,,,1.89,1919000,2026-04-08T03:43:54.260371+00:00
156049,NEM,2021-09-15,1.93,,,1.93,1050470,2026-04-08T03:43:56.896801+00:00
156157,NEM,2021-09-16,1.93,,,1.93,22500,2026-04-08T03:43:59.227477+00:00
156265,NEM,2021-09-20,1.93,,,1.93,27985,2026-04-08T03:44:04.993721+00:00
156373,NEM,2021-09-21,1.9,,,1.9,736628,2026-04-08T03:44:07.727357+00:00
156481,NEM,2021-09-22,2.0,,,2.0,536983,2026-04-08T03:44:10.239254+00:00
156589,NEM,2021-09-23,2.0,,,2.0,851030,2026-04-08T03:44:12.661605+00:00
156697,NEM,2021-09-24,2.0,,,2.0,441750,2026-04-08T03:44:15.34542+00:00
156805,NEM,2021-09-27,2.0,,,2.0,37563,2026-04-08T03:44:19.850483+00:00
156913,NEM,2021-09-28,1.9,,,1.9,885340,2026-04-08T03:44:22.678655+00:00
157021,NEM,2021-09-29,1.91,,,1.91,2025000,2026-04-08T03:44:25.133662+00:00
157129,NEM,2021-09-30,1.91,,,1.91,50,2026-04-08T03:44:27.471646+00:00
157237,NEM,2021-10-04,1.92,,,1.92,222450,2026-04-08T03:44:32.876267+00:00
157345,NEM,2021-10-05,1.92,,,1.92,437283,2026-04-08T03:44:35.445743+00:00
157453,NEM,2021-10-06,1.92,,,1.92,143785,2026-04-08T03:44:37.876116+00:00
157561,NEM,2021-10-07,1.91,,,1.91,239900,2026-04-08T03:44:40.206594+00:00
157669,NEM,2021-10-08,1.91,,,1.91,323012,2026-04-08T03:44:42.63936+00:00
157777,NEM,2021-10-11,2.1,,,2.1,4901484,2026-04-08T03:44:47.21782+00:00
157885,NEM,2021-10-12,2.02,,,2.02,378160,2026-04-08T03:44:49.55017+00:00
157993,NEM,2021-10-13,2.02,,,2.02,89305,2026-04-08T03:44:52.157785+00:00
158101,NEM,2021-10-14,1.93,,,1.93,1643309,2026-04-08T03:44:54.53471+00:00
158209,NEM,2021-10-15,1.93,,,1.93,650680,2026-04-08T03:44:56.91657+00:00
158318,NEM,2021-10-18,1.93,,,1.93,182680,2026-04-08T03:45:01.595863+00:00
158427,NEM,2021-10-20,2.0,,,2.0,201035,2026-04-08T03:45:05.471144+00:00
158536,NEM,2021-10-21,2.1,,,2.1,1016615,2026-04-08T03:45:08.008029+00:00
158643,NEM,2021-10-22,1.92,,,1.92,300512,2026-04-08T03:45:10.474564+00:00
158752,NEM,2021-10-25,2.0,,,2.0,126923,2026-04-08T03:45:15.28358+00:00
158861,NEM,2021-10-26,2.0,,,2.0,57112,2026-04-08T03:45:17.74539+00:00
158970,NEM,2021-10-27,2.0,,,2.0,645837,2026-04-08T03:45:20.303823+00:00
159079,NEM,2021-10-28,1.95,,,1.95,2346429,2026-04-08T03:45:22.610226+00:00
159188,NEM,2021-10-29,2.0,,,2.0,254100,2026-04-08T03:45:25.013779+00:00
159297,NEM,2021-11-01,2.0,,,2.0,153219,2026-04-08T03:45:29.747778+00:00
159406,NEM,2021-11-02,2.0,,,2.0,514556,2026-04-08T03:45:32.292585+00:00
159515,NEM,2021-11-03,2.0,,,2.0,74555,2026-04-08T03:45:34.604091+00:00
159624,NEM,2021-11-04,2.0,,,2.0,3172900,2026-04-08T03:45:37.086301+00:00
159733,NEM,2021-11-05,2.0,,,2.0,61000,2026-04-08T03:45:39.522081+00:00
159842,NEM,2021-11-08,1.93,,,1.93,7102852,2026-04-08T03:45:44.061968+00:00
159951,NEM,2021-11-10,1.93,,,1.93,100098,2026-04-08T03:45:47.530577+00:00
160060,NEM,2021-11-11,1.93,,,1.93,61510,2026-04-08T03:45:49.990111+00:00
160169,NEM,2021-11-12,1.93,,,1.93,119350,2026-04-08T03:45:52.531373+00:00
160278,NEM,2021-11-15,1.93,,,1.93,1061904,2026-04-08T03:45:57.041913+00:00
160387,NEM,2021-11-17,1.92,,,1.92,145809,2026-04-08T03:46:00.536124+00:00
160496,NEM,2021-11-18,1.92,,,1.92,28000,2026-04-08T03:46:03.012698+00:00
160605,NEM,2021-11-19,1.9,,,1.9,1938519,2026-04-08T03:46:05.423699+00:00
160714,NEM,2021-11-22,2.05,,,2.05,1176630,2026-04-08T03:46:10.306395+00:00
160823,NEM,2021-11-23,1.86,,,1.86,162081,2026-04-08T03:46:12.888041+00:00
160932,NEM,2021-11-24,1.9,,,1.9,425790,2026-04-08T03:46:15.261589+00:00
161041,NEM,2021-11-25,1.9,,,1.9,189159,2026-04-08T03:46:17.544601+00:00
161150,NEM,2021-11-29,1.9,,,1.9,58295,2026-04-08T03:46:23.244686+00:00
161259,NEM,2021-11-30,1.9,,,1.9,175032,2026-04-08T03:46:25.627389+00:00
161368,NEM,2021-12-01,1.91,,,1.91,187764,2026-04-08T03:46:28.190956+00:00
161477,NEM,2021-12-02,2.05,,,2.05,3273902,2026-04-08T03:46:30.651544+00:00
161586,NEM,2021-12-03,2.25,,,2.25,1276387,2026-04-08T03:46:33.124129+00:00
161695,NEM,2021-12-06,2.25,,,2.25,1564150,2026-04-08T03:46:37.622095+00:00
161804,NEM,2021-12-07,2.42,,,2.42,1214022,2026-04-08T03:46:39.947423+00:00
161913,NEM,2021-12-08,2.42,,,2.42,153555,2026-04-08T03:46:42.482337+00:00
162022,NEM,2021-12-09,2.42,,,2.42,168168,2026-04-08T03:46:44.852467+00:00
162131,NEM,2021-12-10,2.42,,,2.42,0,2026-04-08T03:46:47.321476+00:00
162241,NEM,2021-12-13,2.42,,,2.42,0,2026-04-08T03:46:51.775824+00:00
162351,NEM,2021-12-14,2.42,,,2.42,0,2026-04-08T03:46:54.126877+00:00
162461,NEM,2021-12-15,2.42,,,2.42,0,2026-04-08T03:46:56.822916+00:00
162571,NEM,2021-12-16,2.42,,,2.42,0,2026-04-08T03:46:59.215115+00:00
162681,NEM,2021-12-17,2.42,,,2.42,0,2026-04-08T03:47:01.752329+00:00
162792,NEM,2021-12-20,2.42,,,2.42,0,2026-04-08T03:47:06.293287+00:00
162903,NEM,2021-12-21,2.42,,,2.42,0,2026-04-08T03:47:08.729464+00:00
163014,NEM,2021-12-22,2.42,,,2.42,0,2026-04-08T03:47:11.106283+00:00
163125,NEM,2021-12-23,2.42,,,2.42,0,2026-04-08T03:47:13.420215+00:00
163236,NEM,2021-12-24,2.42,,,2.42,0,2026-04-08T03:47:15.708642+00:00
163347,NEM,2021-12-29,4.84,,,4.84,0,2026-04-08T03:47:22.624079+00:00
163458,NEM,2021-12-30,5.0,,,5.0,3950091,2026-04-08T03:47:25.019388+00:00
163569,NEM,2021-12-31,4.5,,,4.5,414670,2026-04-08T03:47:27.803632+00:00
163680,NEM,2022-01-04,4.5,,,4.5,204730,2026-04-08T03:47:33.190226+00:00
163792,NEM,2022-01-05,4.5,,,4.5,102500,2026-04-08T03:47:35.481449+00:00
163904,NEM,2022-01-06,4.15,,,4.15,2679039,2026-04-08T03:47:38.067383+00:00
164016,NEM,2022-01-07,4.15,,,4.15,38870,2026-04-08T03:47:40.483305+00:00
164128,NEM,2022-01-10,4.4,,,4.4,614800,2026-04-08T03:47:45.097739+00:00
164240,NEM,2022-01-11,4.4,,,4.4,215426,2026-04-08T03:47:47.617941+00:00
164352,NEM,2022-01-12,4.4,,,4.4,270548,2026-04-08T03:47:50.132225+00:00
164464,NEM,2022-01-13,3.96,,,3.96,332764,2026-04-08T03:47:52.673244+00:00
164576,NEM,2022-01-14,3.96,,,3.96,283855,2026-04-08T03:47:55.308832+00:00
164688,NEM,2022-01-17,3.96,,,3.96,202778,2026-04-08T03:47:59.999655+00:00
164800,NEM,2022-01-18,3.63,,,3.63,2400173,2026-04-08T03:48:02.353596+00:00
164912,NEM,2022-01-19,3.7,,,3.7,1077589,2026-04-08T03:48:04.820784+00:00
165024,NEM,2022-01-20,3.7,,,3.7,214441,2026-04-08T03:48:07.325935+00:00
165136,NEM,2022-01-21,3.7,,,3.7,262000,2026-04-08T03:48:09.696329+00:00
165248,NEM,2022-01-24,3.5,,,3.5,689435,2026-04-08T03:48:14.136661+00:00
165360,NEM,2022-01-25,3.5,,,3.5,86185,2026-04-08T03:48:16.50614+00:00
165472,NEM,2022-01-26,3.5,,,3.5,75828,2026-04-08T03:48:19.024911+00:00
165584,NEM,2022-01-27,3.2,,,3.2,985633,2026-04-08T03:48:21.585909+00:00
165696,NEM,2022-01-28,3.49,,,3.49,3551853,2026-04-08T03:48:23.969021+00:00
165808,NEM,2022-01-31,3.69,,,3.69,1931750,2026-04-08T03:48:28.465348+00:00
165920,NEM,2022-02-01,3.69,,,3.69,122521,2026-04-08T03:48:30.807911+00:00
166032,NEM,2022-02-02,3.69,,,3.69,378157,2026-04-08T03:48:33.305516+00:00
166144,NEM,2022-02-03,3.69,,,3.69,48830,2026-04-08T03:48:35.918914+00:00
166256,NEM,2022-02-04,3.33,,,3.33,908344,2026-04-08T03:48:38.317721+00:00
166368,NEM,2022-02-07,3.01,,,3.01,650881,2026-04-08T03:48:42.904693+00:00
166480,NEM,2022-02-08,3.31,,,3.31,3817891,2026-04-08T03:48:45.378139+00:00
166592,NEM,2022-02-09,3.55,,,3.55,599340,2026-04-08T03:48:48.035665+00:00
166704,NEM,2022-02-10,3.55,,,3.55,124833,2026-04-08T03:48:50.398564+00:00
166816,NEM,2022-02-11,3.32,,,3.32,440967,2026-04-08T03:48:52.774016+00:00
166928,NEM,2022-02-14,3.59,,,3.59,1158870,2026-04-08T03:48:57.293433+00:00
167040,NEM,2022-02-15,3.89,,,3.89,1184090,2026-04-08T03:48:59.662493+00:00
167152,NEM,2022-02-16,4.09,,,4.09,2592888,2026-04-08T03:49:02.003783+00:00
167264,NEM,2022-02-17,4.15,,,4.15,1278330,2026-04-08T03:49:04.32656+00:00
167376,NEM,2022-02-18,4.01,,,4.01,554908,2026-04-08T03:49:06.711382+00:00
167488,NEM,2022-02-21,4.0,,,4.0,477438,2026-04-08T03:49:10.978464+00:00
167600,NEM,2022-02-22,4.0,,,4.0,111235,2026-04-08T03:49:13.528869+00:00
167712,NEM,2022-02-23,4.0,,,4.0,548562,2026-04-08T03:49:15.914345+00:00
167824,NEM,2022-02-24,4.0,,,4.0,208725,2026-04-08T03:49:18.676795+00:00
167936,NEM,2022-02-25,3.8,,,3.8,229551,2026-04-08T03:49:21.264729+00:00
168048,NEM,2022-02-28,3.8,,,3.8,69425,2026-04-08T03:49:25.620712+00:00
168160,NEM,2022-03-01,3.82,,,3.82,601359,2026-04-08T03:49:28.049171+00:00
168272,NEM,2022-03-02,4.14,,,4.14,634587,2026-04-08T03:49:30.283109+00:00
168384,NEM,2022-03-03,3.95,,,3.95,1162373,2026-04-08T03:49:32.551227+00:00
168496,NEM,2022-03-04,3.95,,,3.95,483855,2026-04-08T03:49:34.968546+00:00
168608,NEM,2022-03-07,3.95,,,3.95,60860,2026-04-08T03:49:39.227432+00:00
168720,NEM,2022-03-08,3.56,,,3.56,586300,2026-04-08T03:49:41.475537+00:00
168832,NEM,2022-03-09,3.82,,,3.82,968049,2026-04-08T03:49:43.759827+00:00
168944,NEM,2022-03-10,4.05,,,4.05,476669,2026-04-08T03:49:46.077826+00:00
169056,NEM,2022-03-11,4.09,,,4.09,542072,2026-04-08T03:49:48.438529+00:00
169168,NEM,2022-03-14,3.98,,,3.98,754568,2026-04-08T03:49:53.114563+00:00
169280,NEM,2022-03-15,3.98,,,3.98,319839,2026-04-08T03:49:55.533531+00:00
169392,NEM,2022-03-16,4.07,,,4.07,293675,2026-04-08T03:49:57.903122+00:00
169504,NEM,2022-03-17,4.07,,,4.07,52021,2026-04-08T03:50:00.211329+00:00
169616,NEM,2022-03-18,4.07,,,4.07,122050,2026-04-08T03:50:02.865266+00:00
169728,NEM,2022-03-21,4.07,,,4.07,425085,2026-04-08T03:50:07.476142+00:00
169840,NEM,2022-03-24,4.07,,,4.07,75628,2026-04-08T03:50:12.041871+00:00
169952,NEM,2022-03-25,4.04,,,4.04,1143484,2026-04-08T03:50:14.507747+00:00
170064,NEM,2022-03-28,4.04,,,4.04,116800,2026-04-08T03:50:18.995306+00:00
170176,NEM,2022-03-29,4.04,,,4.04,91535,2026-04-08T03:50:21.48252+00:00
170288,NEM,2022-03-31,3.97,,,3.97,1676538,2026-04-08T03:50:25.686443+00:00
170400,NEM,2022-04-01,3.97,,,3.97,81629,2026-04-08T03:50:28.209626+00:00
170512,NEM,2022-04-04,3.97,,,3.97,215699,2026-04-08T03:50:32.692631+00:00
170624,NEM,2022-04-05,3.97,,,3.97,66172,2026-04-08T03:50:35.152392+00:00
170736,NEM,2022-04-06,3.97,,,3.97,189337,2026-04-08T03:50:37.478667+00:00
170848,NEM,2022-04-07,3.97,,,3.97,75200,2026-04-08T03:50:39.880974+00:00
170960,NEM,2022-04-08,4.0,,,4.0,1475650,2026-04-08T03:50:42.48638+00:00
171072,NEM,2022-04-11,4.0,,,4.0,160155,2026-04-08T03:50:47.197044+00:00
171184,NEM,2022-04-12,3.98,,,3.98,5512552,2026-04-08T03:50:49.473284+00:00
171296,NEM,2022-04-13,3.98,,,3.98,1105,2026-04-08T03:50:51.878986+00:00
171408,NEM,2022-04-14,4.05,,,4.05,526653,2026-04-08T03:50:54.439705+00:00
171520,NEM,2022-04-19,4.05,,,4.05,29950,2026-04-08T03:51:01.439974+00:00
171632,NEM,2022-04-20,4.01,,,4.01,692956,2026-04-08T03:51:03.698116+00:00
171744,NEM,2022-04-21,4.01,,,4.01,33823,2026-04-08T03:51:06.083072+00:00
171856,NEM,2022-04-22,4.0,,,4.0,191343,2026-04-08T03:51:08.393199+00:00
171968,NEM,2022-04-25,4.0,,,4.0,1483261,2026-04-08T03:51:12.880327+00:00
172080,NEM,2022-04-26,4.0,,,4.0,42361,2026-04-08T03:51:15.284155+00:00
172192,NEM,2022-04-27,4.0,,,4.0,236830,2026-04-08T03:51:17.680395+00:00
172304,NEM,2022-04-28,4.0,,,4.0,99770,2026-04-08T03:51:20.413235+00:00
172416,NEM,2022-04-29,4.4,,,4.4,1041201,2026-04-08T03:51:22.882631+00:00
172528,NEM,2022-05-04,4.03,,,4.03,366217,2026-04-08T03:51:29.674847+00:00
172640,NEM,2022-05-05,4.03,,,4.03,237000,2026-04-08T03:51:32.050072+00:00
172753,NEM,2022-05-09,4.03,,,4.03,237635,2026-04-08T03:51:37.853933+00:00
172866,NEM,2022-05-10,4.14,,,4.14,360312,2026-04-08T03:51:40.332012+00:00
172979,NEM,2022-05-11,4.14,,,4.14,58200,2026-04-08T03:51:42.74313+00:00
173092,NEM,2022-05-12,4.14,,,4.14,79000,2026-04-08T03:51:45.11326+00:00
173205,NEM,2022-05-13,3.95,,,3.95,403570,2026-04-08T03:51:47.585464+00:00
173318,NEM,2022-05-16,3.95,,,3.95,28271,2026-04-08T03:51:52.042574+00:00
173431,NEM,2022-05-17,3.95,,,3.95,58450,2026-04-08T03:51:54.492158+00:00
173544,NEM,2022-05-18,3.93,,,3.93,763197,2026-04-08T03:51:57.297116+00:00
173657,NEM,2022-05-19,4.0,,,4.0,493347,2026-04-08T03:51:59.624655+00:00
173770,NEM,2022-05-20,4.39,,,4.39,8498782,2026-04-08T03:52:02.40298+00:00
173883,NEM,2022-05-23,4.05,,,4.05,251473,2026-04-08T03:52:07.648814+00:00
173996,NEM,2022-05-24,4.0,,,4.0,240340,2026-04-08T03:52:10.277037+00:00
174109,NEM,2022-05-25,3.63,,,3.63,790083,2026-04-08T03:52:13.066486+00:00
174222,NEM,2022-05-26,3.63,,,3.63,191101,2026-04-08T03:52:15.508934+00:00
174335,NEM,2022-05-27,3.82,,,3.82,248743,2026-04-08T03:52:18.156913+00:00
174448,NEM,2022-05-30,3.82,,,3.82,126303,2026-04-08T03:52:22.656757+00:00
174561,NEM,2022-05-31,3.82,,,3.82,34401,2026-04-08T03:52:25.114026+00:00
174674,NEM,2022-06-01,3.82,,,3.82,3986,2026-04-08T03:52:27.834682+00:00
174787,NEM,2022-06-02,3.82,,,3.82,105842,2026-04-08T03:52:30.493727+00:00
174900,NEM,2022-06-03,4.2,,,4.2,691884,2026-04-08T03:52:33.10221+00:00
175013,NEM,2022-06-06,4.2,,,4.2,111839,2026-04-08T03:52:37.969718+00:00
175126,NEM,2022-06-07,4.2,,,4.2,33982,2026-04-08T03:52:40.734023+00:00
175239,NEM,2022-06-08,3.85,,,3.85,1057273,2026-04-08T03:52:43.634804+00:00
175352,NEM,2022-06-09,3.85,,,3.85,55752,2026-04-08T03:52:46.431396+00:00
175465,NEM,2022-06-10,3.85,,,3.85,280215,2026-04-08T03:52:48.916453+00:00
175578,NEM,2022-06-14,3.85,,,3.85,75508,2026-04-08T03:52:55.08065+00:00
175691,NEM,2022-06-15,3.85,,,3.85,36100,2026-04-08T03:52:57.782204+00:00
175804,NEM,2022-06-16,3.85,,,3.85,90130,2026-04-08T03:53:00.45527+00:00
175917,NEM,2022-06-17,3.7,,,3.7,903130,2026-04-08T03:53:03.647185+00:00
176030,NEM,2022-06-20,3.64,,,3.64,190010,2026-04-08T03:53:09.449588+00:00
176143,NEM,2022-06-21,3.64,,,3.64,163934,2026-04-08T03:53:11.833027+00:00
176256,NEM,2022-06-22,3.64,,,3.64,28650,2026-04-08T03:53:14.63862+00:00
176369,NEM,2022-06-23,3.64,,,3.64,5100,2026-04-08T03:53:17.250825+00:00
176482,NEM,2022-06-24,3.64,,,3.64,40550,2026-04-08T03:53:19.718295+00:00
176595,NEM,2022-06-27,3.8,,,3.8,760391,2026-04-08T03:53:24.073012+00:00
176708,NEM,2022-06-28,3.8,,,3.8,20000,2026-04-08T03:53:26.399159+00:00
176821,NEM,2022-06-29,3.8,,,3.8,35000,2026-04-08T03:53:28.994117+00:00
176934,NEM,2022-06-30,3.8,,,3.8,44332,2026-04-08T03:53:31.346855+00:00
177047,NEM,2022-07-01,3.8,,,3.8,66583,2026-04-08T03:53:33.724657+00:00
177160,NEM,2022-07-04,3.8,,,3.8,177800,2026-04-08T03:53:38.198731+00:00
177273,NEM,2022-07-06,3.42,,,3.42,768055,2026-04-08T03:53:41.625349+00:00
177386,NEM,2022-07-07,3.42,,,3.42,2660,2026-04-08T03:53:44.268487+00:00
177499,NEM,2022-07-13,3.45,,,3.45,15647,2026-04-08T03:53:51.5999+00:00
177612,NEM,2022-07-14,3.45,,,3.45,392672,2026-04-08T03:53:54.010732+00:00
177725,NEM,2022-07-15,3.47,,,3.47,446835,2026-04-08T03:53:56.616585+00:00
177838,NEM,2022-07-18,3.47,,,3.47,17346,2026-04-08T03:54:01.214275+00:00
177951,NEM,2022-07-19,3.4,,,3.4,1183847,2026-04-08T03:54:03.665978+00:00
178064,NEM,2022-07-20,3.4,,,3.4,152908,2026-04-08T03:54:06.203384+00:00
178177,NEM,2022-07-21,3.17,,,3.17,183660,2026-04-08T03:54:08.685258+00:00
178290,NEM,2022-07-22,3.4,,,3.4,291885,2026-04-08T03:54:11.171489+00:00
178403,NEM,2022-07-25,3.4,,,3.4,24048,2026-04-08T03:54:15.900169+00:00
178516,NEM,2022-07-26,3.4,,,3.4,4394,2026-04-08T03:54:18.382379+00:00
178629,NEM,2022-07-27,3.4,,,3.4,118337,2026-04-08T03:54:20.730044+00:00
178742,NEM,2022-07-28,3.4,,,3.4,562520,2026-04-08T03:54:23.385493+00:00
178855,NEM,2022-07-29,3.4,,,3.4,67280,2026-04-08T03:54:25.692024+00:00
178968,NEM,2022-08-01,3.4,,,3.4,16899,2026-04-08T03:54:30.144665+00:00
179081,NEM,2022-08-02,3.4,,,3.4,698996,2026-04-08T03:54:32.509592+00:00
179194,NEM,2022-08-03,3.4,,,3.4,195740,2026-04-08T03:54:34.924873+00:00
179307,NEM,2022-08-04,3.3,,,3.3,730017,2026-04-08T03:54:37.32089+00:00
179420,NEM,2022-08-05,3.4,,,3.4,499081,2026-04-08T03:54:40.805957+00:00
179533,NEM,2022-08-08,3.4,,,3.4,96996,2026-04-08T03:54:45.81173+00:00
179646,NEM,2022-08-09,3.74,,,3.74,1760648,2026-04-08T03:54:48.637408+00:00
179759,NEM,2022-08-10,4.11,,,4.11,1804932,2026-04-08T03:54:51.561754+00:00
179872,NEM,2022-08-11,4.01,,,4.01,1510935,2026-04-08T03:54:54.196076+00:00
179985,NEM,2022-08-12,4.41,,,4.41,2017315,2026-04-08T03:54:57.115593+00:00
180098,NEM,2022-08-15,4.41,,,4.41,116491,2026-04-08T03:55:01.874457+00:00
180211,NEM,2022-08-16,4.41,,,4.41,36514,2026-04-08T03:55:04.540652+00:00
180324,NEM,2022-08-17,4.41,,,4.41,160687,2026-04-08T03:55:07.214991+00:00
180437,NEM,2022-08-18,3.97,,,3.97,523506,2026-04-08T03:55:09.916723+00:00
180550,NEM,2022-08-19,3.82,,,3.82,3989979,2026-04-08T03:55:12.400686+00:00
180663,NEM,2022-08-22,4.0,,,4.0,2543998,2026-04-08T03:55:17.568382+00:00
180776,NEM,2022-08-23,4.4,,,4.4,2771488,2026-04-08T03:55:19.990422+00:00
180889,NEM,2022-08-24,4.84,,,4.84,1662730,2026-04-08T03:55:23.644905+00:00
181002,NEM,2022-08-25,5.0,,,5.0,13484739,2026-04-08T03:55:26.062264+00:00
181115,NEM,2022-08-26,5.0,,,5.0,11093678,2026-04-08T03:55:28.378019+00:00
181228,NEM,2022-08-29,5.0,,,5.0,5646472,2026-04-08T03:55:33.185942+00:00
181341,NEM,2022-08-30,5.0,,,5.0,909611,2026-04-08T03:55:35.909469+00:00
181454,NEM,2022-08-31,5.0,,,5.0,1083480,2026-04-08T03:55:38.363566+00:00
181567,NEM,2022-09-01,5.0,,,5.0,1241329,2026-04-08T03:55:40.868139+00:00
181680,NEM,2022-09-02,5.05,,,5.05,4178422,2026-04-08T03:55:43.232165+00:00
181793,NEM,2022-09-05,5.07,,,5.07,3119493,2026-04-08T03:55:48.110555+00:00
181906,NEM,2022-09-06,5.16,,,5.16,2616950,2026-04-08T03:55:50.526892+00:00
182019,NEM,2022-09-07,5.25,,,5.25,1468709,2026-04-08T03:55:53.051287+00:00
182132,NEM,2022-09-08,5.25,,,5.25,186575,2026-04-08T03:55:55.74031+00:00
182245,NEM,2022-09-09,5.65,,,5.65,416583,2026-04-08T03:55:58.848563+00:00
182358,NEM,2022-09-12,5.2,,,5.2,487670,2026-04-08T03:56:03.370953+00:00
182471,NEM,2022-09-13,5.13,,,5.13,839151,2026-04-08T03:56:05.83654+00:00
182584,NEM,2022-09-14,5.13,,,5.13,39070,2026-04-08T03:56:08.091672+00:00
182697,NEM,2022-09-16,5.59,,,5.59,1514497,2026-04-08T03:56:11.4683+00:00
182810,NEM,2022-09-19,5.59,,,5.59,26109,2026-04-08T03:56:15.923342+00:00
182923,NEM,2022-09-20,5.59,,,5.59,65669,2026-04-08T03:56:18.184056+00:00
183036,NEM,2022-09-21,5.25,,,5.25,892824,2026-04-08T03:56:20.42724+00:00
183149,NEM,2022-09-22,5.39,,,5.39,1275870,2026-04-08T03:56:22.767495+00:00
183262,NEM,2022-09-23,5.39,,,5.39,118735,2026-04-08T03:56:25.066978+00:00
183375,NEM,2022-09-26,4.91,,,4.91,357094,2026-04-08T03:56:29.379703+00:00
183488,NEM,2022-09-28,4.91,,,4.91,709794,2026-04-08T03:56:32.717753+00:00
183601,NEM,2022-09-29,4.91,,,4.91,223998,2026-04-08T03:56:35.489047+00:00
183714,NEM,2022-09-30,4.91,,,4.91,103538,2026-04-08T03:56:37.947618+00:00
183827,NEM,2022-10-05,4.91,,,4.91,151797,2026-04-08T03:56:44.538147+00:00
183941,NEM,2022-10-06,4.91,,,4.91,14272,2026-04-08T03:56:46.932693+00:00
184055,NEM,2022-10-07,4.91,,,4.91,108692,2026-04-08T03:56:49.334037+00:00
184169,NEM,2022-10-11,4.91,,,4.91,23942,2026-04-08T03:56:55.029281+00:00
184283,NEM,2022-10-12,4.91,,,4.91,72058,2026-04-08T03:56:58.300033+00:00
184397,NEM,2022-10-13,4.91,,,4.91,60710,2026-04-08T03:57:00.825788+00:00
184511,NEM,2022-10-14,4.91,,,4.91,65390,2026-04-08T03:57:03.298348+00:00
184625,NEM,2022-10-17,4.91,,,4.91,500,2026-04-08T03:57:07.885609+00:00
184739,NEM,2022-10-18,4.91,,,4.91,21150,2026-04-08T03:57:10.303346+00:00
184853,NEM,2022-10-19,4.91,,,4.91,100,2026-04-08T03:57:12.819589+00:00
184967,NEM,2022-10-20,4.91,,,4.91,0,2026-04-08T03:57:15.111185+00:00
185081,NEM,2022-10-21,4.42,,,4.42,205366,2026-04-08T03:57:17.499968+00:00
185195,NEM,2022-10-24,4.0,,,4.0,436350,2026-04-08T03:57:21.686266+00:00
185309,NEM,2022-10-26,4.0,,,4.0,50496,2026-04-08T03:57:24.913682+00:00
185423,NEM,2022-10-27,4.0,,,4.0,223542,2026-04-08T03:57:27.260544+00:00
185537,NEM,2022-10-28,3.75,,,3.75,472350,2026-04-08T03:57:29.835926+00:00
185651,NEM,2022-10-31,4.0,,,4.0,341365,2026-04-08T03:57:34.21591+00:00
185765,NEM,2022-11-01,4.0,,,4.0,444180,2026-04-08T03:57:36.609373+00:00
185879,NEM,2022-11-02,4.0,,,4.0,176860,2026-04-08T03:57:39.066556+00:00
185993,NEM,2022-11-03,4.0,,,4.0,111400,2026-04-08T03:57:41.442199+00:00
186107,NEM,2022-11-04,4.0,,,4.0,46000,2026-04-08T03:57:43.70904+00:00
186221,NEM,2022-11-08,3.7,,,3.7,442334,2026-04-08T03:57:49.123122+00:00
186335,NEM,2022-11-09,3.7,,,3.7,151385,2026-04-08T03:57:51.464602+00:00
186449,NEM,2022-11-10,3.7,,,3.7,31400,2026-04-08T03:57:54.291842+00:00
186563,NEM,2022-11-11,3.7,,,3.7,221654,2026-04-08T03:57:56.704911+00:00
186677,NEM,2022-11-14,3.75,,,3.75,283800,2026-04-08T03:58:01.331373+00:00
186791,NEM,2022-11-15,3.75,,,3.75,89926,2026-04-08T03:58:03.6444+00:00
186905,NEM,2022-11-16,3.75,,,3.75,133967,2026-04-08T03:58:06.118311+00:00
187019,NEM,2022-11-17,3.75,,,3.75,17680,2026-04-08T03:58:08.47049+00:00
187133,NEM,2022-11-18,3.75,,,3.75,113916,2026-04-08T03:58:10.955275+00:00
187247,NEM,2022-11-21,4.12,,,4.12,315853,2026-04-08T03:58:15.672507+00:00
187361,NEM,2022-11-22,4.12,,,4.12,257385,2026-04-08T03:58:18.170118+00:00
187475,NEM,2022-11-24,4.12,,,4.12,52900,2026-04-08T03:58:21.692503+00:00
187589,NEM,2022-11-25,4.12,,,4.12,52509,2026-04-08T03:58:24.033539+00:00
187703,NEM,2022-11-28,4.5,,,4.5,240340,2026-04-08T03:58:28.532723+00:00
187817,NEM,2022-11-29,4.5,,,4.5,48225,2026-04-08T03:58:30.983113+00:00
187931,NEM,2022-11-30,4.5,,,4.5,5050,2026-04-08T03:58:33.448849+00:00
188045,NEM,2022-12-01,4.5,,,4.5,24350,2026-04-08T03:58:35.664261+00:00
188160,NEM,2022-12-02,4.5,,,4.5,2700,2026-04-08T03:58:37.897027+00:00
188274,NEM,2022-12-05,4.5,,,4.5,130369,2026-04-08T03:58:42.456795+00:00
188388,NEM,2022-12-06,4.5,,,4.5,6000,2026-04-08T03:58:44.756119+00:00
188502,NEM,2022-12-07,4.5,,,4.5,74561,2026-04-08T03:58:47.196669+00:00
188616,NEM,2022-12-08,4.5,,,4.5,30471,2026-04-08T03:58:49.52806+00:00
188730,NEM,2022-12-09,4.5,,,4.5,19650,2026-04-08T03:58:51.902427+00:00
188844,NEM,2022-12-12,4.5,,,4.5,82455,2026-04-08T03:58:56.156124+00:00
188958,NEM,2022-12-13,4.5,,,4.5,252652,2026-04-08T03:58:58.485404+00:00
189072,NEM,2022-12-14,4.5,,,4.5,32988,2026-04-08T03:59:00.851945+00:00
189186,NEM,2022-12-15,4.5,,,4.5,328086,2026-04-08T03:59:03.086647+00:00
189300,NEM,2022-12-16,4.5,,,4.5,103250,2026-04-08T03:59:05.5442+00:00
189414,NEM,2022-12-19,4.5,,,4.5,50000,2026-04-08T03:59:09.806719+00:00
189528,NEM,2022-12-20,4.5,,,4.5,1000,2026-04-08T03:59:12.630732+00:00
189642,NEM,2022-12-21,4.5,,,4.5,374379,2026-04-08T03:59:14.990319+00:00
189756,NEM,2022-12-22,4.5,,,4.5,51123,2026-04-08T03:59:17.229229+00:00
189870,NEM,2022-12-23,4.5,,,4.5,103221,2026-04-08T03:59:19.674012+00:00
189984,NEM,2022-12-28,4.5,,,4.5,75510,2026-04-08T03:59:26.406492+00:00
190098,NEM,2022-12-30,4.5,,,4.5,10315,2026-04-08T03:59:29.796579+00:00
190212,NEM,2023-01-04,4.5,,,4.5,141255,2026-04-08T03:59:36.276207+00:00
190326,NEM,2023-01-05,4.5,,,4.5,70705,2026-04-08T03:59:38.771807+00:00
190440,NEM,2023-01-06,4.5,,,4.5,142825,2026-04-08T03:59:41.229635+00:00
190554,NEM,2023-01-09,4.5,,,4.5,30030,2026-04-08T03:59:45.608271+00:00
190668,NEM,2023-01-10,4.05,,,4.05,1214581,2026-04-08T03:59:47.862187+00:00
190782,NEM,2023-01-11,4.05,,,4.05,134699,2026-04-08T03:59:50.211712+00:00
190896,NEM,2023-01-12,4.05,,,4.05,105061,2026-04-08T03:59:52.676239+00:00
191010,NEM,2023-01-13,4.05,,,4.05,65278,2026-04-08T03:59:55.073566+00:00
191124,NEM,2023-01-17,4.05,,,4.05,227456,2026-04-08T04:00:00.52991+00:00
191238,NEM,2023-01-18,4.05,,,4.05,135659,2026-04-08T04:00:02.930508+00:00
191352,NEM,2023-01-19,4.05,,,4.05,133596,2026-04-08T04:00:05.157464+00:00
191466,NEM,2023-01-20,4.05,,,4.05,38580,2026-04-08T04:00:07.441529+00:00
191580,NEM,2023-01-23,4.05,,,4.05,13387,2026-04-08T04:00:11.934625+00:00
191694,NEM,2023-01-24,4.05,,,4.05,196953,2026-04-08T04:00:14.448563+00:00
191808,NEM,2023-01-25,4.05,,,4.05,141718,2026-04-08T04:00:16.660222+00:00
191922,NEM,2023-01-26,4.05,,,4.05,35089,2026-04-08T04:00:19.02129+00:00
192036,NEM,2023-01-27,4.05,,,4.05,33027,2026-04-08T04:00:21.366865+00:00
192150,NEM,2023-01-30,4.05,,,4.05,213585,2026-04-08T04:00:26.318741+00:00
192264,NEM,2023-01-31,4.1,,,4.1,1132158,2026-04-08T04:00:28.560212+00:00
192378,NEM,2023-02-06,4.1,,,4.1,38700,2026-04-08T04:00:36.14931+00:00
192492,NEM,2023-02-07,4.1,,,4.1,24255,2026-04-08T04:00:38.379875+00:00
192606,NEM,2023-02-08,4.1,,,4.1,13459,2026-04-08T04:00:40.736361+00:00
192720,NEM,2023-02-09,4.1,,,4.1,1900,2026-04-08T04:00:43.03687+00:00
192834,NEM,2023-02-10,4.1,,,4.1,180840,2026-04-08T04:00:46.517744+00:00
192948,NEM,2023-02-13,4.1,,,4.1,89551,2026-04-08T04:00:50.958429+00:00
193062,NEM,2023-02-14,4.1,,,4.1,59040,2026-04-08T04:00:53.400398+00:00
193176,NEM,2023-02-15,4.1,,,4.1,37892,2026-04-08T04:00:55.645789+00:00
193290,NEM,2023-02-16,4.1,,,4.1,248331,2026-04-08T04:00:58.043326+00:00
193404,NEM,2023-02-17,4.1,,,4.1,5687,2026-04-08T04:01:00.355798+00:00
193518,NEM,2023-02-20,4.1,,,4.1,193952,2026-04-08T04:01:04.633293+00:00
193632,NEM,2023-02-21,4.1,,,4.1,367526,2026-04-08T04:01:06.910783+00:00
193746,NEM,2023-02-22,4.1,,,4.1,45737,2026-04-08T04:01:09.421576+00:00
193860,NEM,2023-02-23,4.1,,,4.1,52732,2026-04-08T04:01:11.765387+00:00
193974,NEM,2023-02-24,4.1,,,4.1,156834,2026-04-08T04:01:14.12415+00:00
194088,NEM,2023-02-27,4.1,,,4.1,387895,2026-04-08T04:01:18.463572+00:00
194202,NEM,2023-02-28,4.1,,,4.1,639159,2026-04-08T04:01:20.671303+00:00
194316,NEM,2023-03-01,4.1,,,4.1,19155,2026-04-08T04:01:23.068989+00:00
194430,NEM,2023-03-02,4.1,,,4.1,46087,2026-04-08T04:01:25.352172+00:00
194544,NEM,2023-03-03,4.1,,,4.1,5140,2026-04-08T04:01:27.716711+00:00
194658,NEM,2023-03-06,4.1,,,4.1,1721,2026-04-08T04:01:32.392486+00:00
194772,NEM,2023-03-07,4.1,,,4.1,37192,2026-04-08T04:01:34.845095+00:00
194886,NEM,2023-03-08,4.1,,,4.1,88431,2026-04-08T04:01:37.261757+00:00
195000,NEM,2023-03-09,4.1,,,4.1,69899,2026-04-08T04:01:39.987396+00:00
195114,NEM,2023-03-13,4.0,,,4.0,328355,2026-04-08T04:01:45.627511+00:00
195228,NEM,2023-03-14,4.0,,,4.0,3000,2026-04-08T04:01:48.257383+00:00
195342,NEM,2023-03-15,4.0,,,4.0,4000,2026-04-08T04:01:50.627346+00:00
195456,NEM,2023-03-16,4.0,,,4.0,11905,2026-04-08T04:01:53.062383+00:00
195570,NEM,2023-03-17,4.0,,,4.0,1395,2026-04-08T04:01:55.701252+00:00
195684,NEM,2023-03-20,4.0,,,4.0,25750,2026-04-08T04:01:59.933448+00:00
195798,NEM,2023-03-22,4.0,,,4.0,0,2026-04-08T04:02:03.467012+00:00
195912,NEM,2023-03-23,4.0,,,4.0,142075,2026-04-08T04:02:05.929911+00:00
196026,NEM,2023-03-24,4.0,,,4.0,290546,2026-04-08T04:02:08.248632+00:00
196140,NEM,2023-03-27,4.0,,,4.0,103929,2026-04-08T04:02:12.564733+00:00
196254,NEM,2023-03-28,4.0,,,4.0,100,2026-04-08T04:02:14.764209+00:00
196368,NEM,2023-03-29,4.0,,,4.0,54275,2026-04-08T04:02:17.140393+00:00
196482,NEM,2023-03-30,4.0,,,4.0,147779,2026-04-08T04:02:19.470716+00:00
196596,NEM,2023-03-31,4.25,,,4.25,303007,2026-04-08T04:02:21.739047+00:00
196710,NEM,2023-04-03,4.06,,,4.06,319390,2026-04-08T04:02:26.060346+00:00
196824,NEM,2023-04-04,4.01,,,4.01,254982,2026-04-08T04:02:28.444728+00:00
196938,NEM,2023-04-05,4.0,,,4.0,1135437,2026-04-08T04:02:30.864627+00:00
197052,NEM,2023-04-06,4.0,,,4.0,321000,2026-04-08T04:02:33.239626+00:00
197166,NEM,2023-04-11,4.0,,,4.0,36750,2026-04-08T04:02:39.320239+00:00
197280,NEM,2023-04-12,4.0,,,4.0,100570,2026-04-08T04:02:41.643197+00:00
197394,NEM,2023-04-13,3.89,,,3.89,170266,2026-04-08T04:02:44.360634+00:00
197508,NEM,2023-04-14,3.89,,,3.89,358,2026-04-08T04:02:47.093001+00:00
197622,NEM,2023-04-17,3.89,,,3.89,263510,2026-04-08T04:02:52.113012+00:00
197736,NEM,2023-04-18,4.0,,,4.0,3160539,2026-04-08T04:02:54.97501+00:00
197850,NEM,2023-04-19,4.0,,,4.0,32703,2026-04-08T04:02:57.648371+00:00
197964,NEM,2023-04-20,4.05,,,4.05,977950,2026-04-08T04:03:00.087899+00:00
198078,NEM,2023-04-25,4.21,,,4.21,194254,2026-04-08T04:03:06.320111+00:00
198192,NEM,2023-04-26,4.21,,,4.21,155307,2026-04-08T04:03:08.704488+00:00
198306,NEM,2023-04-27,4.21,,,4.21,55810,2026-04-08T04:03:11.176222+00:00
198420,NEM,2023-04-28,4.45,,,4.45,1875832,2026-04-08T04:03:13.757457+00:00
198534,NEM,2023-05-03,4.15,,,4.15,53832,2026-04-08T04:03:20.258962+00:00
198648,NEM,2023-05-04,4.55,,,4.55,2325032,2026-04-08T04:03:22.719511+00:00
198762,NEM,2023-05-08,4.55,,,4.55,50803,2026-04-08T04:03:29.045349+00:00
198876,NEM,2023-05-09,4.55,,,4.55,33644060,2026-04-08T04:03:32.620003+00:00
198990,NEM,2023-05-12,4.55,,,4.55,1986995,2026-04-08T04:03:37.286216+00:00
199104,NEM,2023-05-15,4.12,,,4.12,3627377,2026-04-08T04:03:41.825544+00:00
199218,NEM,2023-05-16,4.3,,,4.3,1528262,2026-04-08T04:03:44.244464+00:00
199332,NEM,2023-05-17,4.3,,,4.3,400511,2026-04-08T04:03:46.492518+00:00
199446,NEM,2023-05-18,4.3,,,4.3,1075006,2026-04-08T04:03:48.752249+00:00
199560,NEM,2023-05-19,4.48,,,4.48,3746949,2026-04-08T04:03:51.139215+00:00
199674,NEM,2023-05-22,4.3,,,4.3,605450,2026-04-08T04:03:55.484935+00:00
199788,NEM,2023-05-23,4.3,,,4.3,216900,2026-04-08T04:03:57.886867+00:00
199902,NEM,2023-05-24,4.3,,,4.3,48620,2026-04-08T04:04:00.334047+00:00
200016,NEM,2023-05-25,4.32,,,4.32,143603,2026-04-08T04:04:02.79018+00:00
200130,NEM,2023-05-26,4.75,,,4.75,1260282,2026-04-08T04:04:05.139052+00:00
200244,NEM,2023-05-30,4.75,,,4.75,35953,2026-04-08T04:04:11.011702+00:00
200358,NEM,2023-06-01,4.75,,,4.75,240220,2026-04-08T04:04:14.390605+00:00
200472,NEM,2023-06-02,5.0,,,5.0,206067,2026-04-08T04:04:16.732653+00:00
200586,NEM,2023-06-05,5.5,,,5.5,1895231,2026-04-08T04:04:21.343031+00:00
200700,NEM,2023-06-06,5.5,,,5.5,44510,2026-04-08T04:04:23.98223+00:00
200814,NEM,2023-06-07,5.5,,,5.5,79708,2026-04-08T04:04:26.507718+00:00
200928,NEM,2023-06-08,5.5,,,5.5,123040,2026-04-08T04:04:29.08401+00:00
201042,NEM,2023-06-09,6.05,,,6.05,980473,2026-04-08T04:04:31.44664+00:00
201156,NEM,2023-06-13,6.4,,,6.4,4049712,2026-04-08T04:04:36.862505+00:00
201270,NEM,2023-06-14,6.99,,,6.99,791289,2026-04-08T04:04:39.320552+00:00
201384,NEM,2023-06-15,6.99,,,6.99,279092,2026-04-08T04:04:41.673534+00:00
201498,NEM,2023-06-16,6.3,,,6.3,431950,2026-04-08T04:04:44.052846+00:00
201612,NEM,2023-06-19,6.3,,,6.3,312421,2026-04-08T04:04:48.541112+00:00
201726,NEM,2023-06-20,6.3,,,6.3,156571,2026-04-08T04:04:51.378552+00:00
201840,NEM,2023-06-21,6.3,,,6.3,178498,2026-04-08T04:04:53.764277+00:00
201954,NEM,2023-06-22,6.93,,,6.93,1254732,2026-04-08T04:04:56.145117+00:00
202068,NEM,2023-06-26,6.05,,,6.05,424128,2026-04-08T04:05:01.671465+00:00
202182,NEM,2023-06-30,6.4,,,6.4,847775,2026-04-08T04:05:07.377697+00:00
202296,NEM,2023-07-03,6.2,,,6.2,186788,2026-04-08T04:05:11.758079+00:00
202410,NEM,2023-07-04,6.2,,,6.2,97066,2026-04-08T04:05:14.17436+00:00
202524,NEM,2023-07-05,5.58,,,5.58,830135,2026-04-08T04:05:16.577423+00:00
202638,NEM,2023-07-06,6.05,,,6.05,3516244,2026-04-08T04:05:19.075393+00:00
202752,NEM,2023-07-07,6.1,,,6.1,907338,2026-04-08T04:05:21.415756+00:00
202866,NEM,2023-07-10,6.1,,,6.1,295788,2026-04-08T04:05:26.355595+00:00
202980,NEM,2023-07-11,6.1,,,6.1,101454,2026-04-08T04:05:28.903538+00:00
203094,NEM,2023-07-12,5.49,,,5.49,696535,2026-04-08T04:05:31.299012+00:00
203208,NEM,2023-07-14,5.4,,,5.4,291572,2026-04-08T04:05:34.698751+00:00
203322,NEM,2023-07-17,5.4,,,5.4,901504,2026-04-08T04:05:39.139368+00:00
203436,NEM,2023-07-19,5.94,,,5.94,455046,2026-04-08T04:05:42.577032+00:00
203550,NEM,2023-07-20,6.0,,,6.0,1101129,2026-04-08T04:05:45.122849+00:00
203664,NEM,2023-07-21,6.0,,,6.0,55850,2026-04-08T04:05:47.594805+00:00
203778,NEM,2023-07-24,6.0,,,6.0,428888,2026-04-08T04:05:52.167161+00:00
203892,NEM,2023-07-25,6.0,,,6.0,166526,2026-04-08T04:05:54.602351+00:00
204006,NEM,2023-07-26,6.0,,,6.0,275720,2026-04-08T04:05:57.515236+00:00
204120,NEM,2023-07-27,6.0,,,6.0,25100,2026-04-08T04:05:59.880161+00:00
204234,NEM,2023-07-28,6.0,,,6.0,183654,2026-04-08T04:06:02.220136+00:00
204348,NEM,2023-07-31,6.0,,,6.0,516688,2026-04-08T04:06:06.790851+00:00
204462,NEM,2023-08-02,6.0,,,6.0,144648,2026-04-08T04:06:10.326378+00:00
204576,NEM,2023-08-03,6.0,,,6.0,420916,2026-04-08T04:06:12.834218+00:00
204690,NEM,2023-08-04,6.0,,,6.0,269200,2026-04-08T04:06:15.200886+00:00
204804,NEM,2023-08-07,6.0,,,6.0,13098,2026-04-08T04:06:19.871718+00:00
204918,NEM,2023-08-08,6.0,,,6.0,134509,2026-04-08T04:06:22.245918+00:00
205032,NEM,2023-08-09,6.0,,,6.0,128616,2026-04-08T04:06:24.635943+00:00
205146,NEM,2023-08-10,6.0,,,6.0,115200,2026-04-08T04:06:27.035398+00:00
205260,NEM,2023-08-11,6.0,,,6.0,318238,2026-04-08T04:06:29.455701+00:00
205374,NEM,2023-08-14,6.0,,,6.0,83347,2026-04-08T04:06:33.923569+00:00
205488,NEM,2023-08-15,6.0,,,6.0,134068,2026-04-08T04:06:36.358161+00:00
205602,NEM,2023-08-16,5.4,,,5.4,4385135,2026-04-08T04:06:38.679915+00:00
205716,NEM,2023-08-17,5.4,,,5.4,42714,2026-04-08T04:06:40.998805+00:00
205830,NEM,2023-08-18,5.4,,,5.4,111175,2026-04-08T04:06:43.468275+00:00
205944,NEM,2023-08-21,5.4,,,5.4,284545,2026-04-08T04:06:47.688711+00:00
206058,NEM,2023-08-24,5.15,,,5.15,424375,2026-04-08T04:06:51.989424+00:00
206172,NEM,2023-08-25,5.66,,,5.66,4433046,2026-04-08T04:06:54.38475+00:00
206286,NEM,2023-08-28,5.12,,,5.12,160165,2026-04-08T04:06:59.310949+00:00
206400,NEM,2023-08-29,5.12,,,5.12,263500,2026-04-08T04:07:01.613742+00:00
206514,NEM,2023-08-30,5.12,,,5.12,135032,2026-04-08T04:07:03.820209+00:00
206628,NEM,2023-09-01,5.31,,,5.31,482133,2026-04-08T04:07:07.195585+00:00
206742,NEM,2023-09-04,5.0,,,5.0,1645200,2026-04-08T04:07:11.730996+00:00
206856,NEM,2023-09-05,5.0,,,5.0,1347496,2026-04-08T04:07:14.175893+00:00
206970,NEM,2023-09-06,5.0,,,5.0,461330,2026-04-08T04:07:16.66229+00:00
207084,NEM,2023-09-07,5.0,,,5.0,235670,2026-04-08T04:07:19.134101+00:00
207198,NEM,2023-09-08,5.0,,,5.0,120435,2026-04-08T04:07:21.445908+00:00
207312,NEM,2023-09-11,5.04,,,5.04,548613,2026-04-08T04:07:26.133096+00:00
207426,NEM,2023-09-12,5.04,,,5.04,290015,2026-04-08T04:07:28.57479+00:00
207540,NEM,2023-09-13,5.04,,,5.04,143000,2026-04-08T04:07:30.890589+00:00
207654,NEM,2023-09-14,5.04,,,5.04,591739,2026-04-08T04:07:33.324455+00:00
207768,NEM,2023-09-15,5.04,,,5.04,226550,2026-04-08T04:07:35.74244+00:00
207882,NEM,2023-09-18,5.0,,,5.0,1689853,2026-04-08T04:07:40.292184+00:00
207996,NEM,2023-09-19,5.0,,,5.0,2258288,2026-04-08T04:07:42.606346+00:00
208110,NEM,2023-09-20,5.0,,,5.0,231920,2026-04-08T04:07:45.004042+00:00
208224,NEM,2023-09-21,5.0,,,5.0,251100,2026-04-08T04:07:47.370085+00:00
208338,NEM,2023-09-22,5.5,,,5.5,4063550,2026-04-08T04:07:49.898567+00:00
208452,NEM,2023-09-25,5.5,,,5.5,27943,2026-04-08T04:07:54.305125+00:00
208566,NEM,2023-09-28,5.5,,,5.5,95388,2026-04-08T04:07:58.898315+00:00
208680,NEM,2023-09-29,5.5,,,5.5,60314,2026-04-08T04:08:01.279649+00:00
208794,NEM,2023-10-03,5.5,,,5.5,110225,2026-04-08T04:08:06.721549+00:00
208908,NEM,2023-10-04,5.5,,,5.5,115060,2026-04-08T04:08:09.042741+00:00
209022,NEM,2023-10-05,5.5,,,5.5,20635,2026-04-08T04:08:11.600182+00:00
209137,NEM,2023-10-06,5.0,,,5.0,455767,2026-04-08T04:08:14.22861+00:00
209252,NEM,2023-10-09,5.0,,,5.0,52290,2026-04-08T04:08:18.740555+00:00
209367,NEM,2023-10-10,5.0,,,5.0,119977,2026-04-08T04:08:21.390436+00:00
209481,NEM,2023-10-12,5.0,,,5.0,74669,2026-04-08T04:08:24.861957+00:00
209596,NEM,2023-10-13,5.0,,,5.0,243200,2026-04-08T04:08:27.376596+00:00
209711,NEM,2023-10-16,5.0,,,5.0,125730,2026-04-08T04:08:32.388707+00:00
209826,NEM,2023-10-17,5.0,,,5.0,185550,2026-04-08T04:08:34.738576+00:00
209941,NEM,2023-10-19,5.0,,,5.0,29242,2026-04-08T04:08:38.671249+00:00
210056,NEM,2023-10-20,5.0,,,5.0,13325,2026-04-08T04:08:40.967521+00:00
210171,NEM,2023-10-23,5.0,,,5.0,537959,2026-04-08T04:08:45.440193+00:00
210286,NEM,2023-10-24,4.9,,,4.9,1214481,2026-04-08T04:08:47.71675+00:00
210401,NEM,2023-10-25,4.9,,,4.9,1025623,2026-04-08T04:08:50.022319+00:00
210516,NEM,2023-10-26,4.9,,,4.9,189600,2026-04-08T04:08:52.472279+00:00
210631,NEM,2023-10-27,5.05,,,5.05,388500,2026-04-08T04:08:54.778052+00:00
210746,NEM,2023-10-30,5.05,,,5.05,80810,2026-04-08T04:08:59.45056+00:00
210861,NEM,2023-10-31,5.05,,,5.05,264571,2026-04-08T04:09:01.914254+00:00
210976,NEM,2023-11-01,5.55,,,5.55,1669356,2026-04-08T04:09:04.386399+00:00
211091,NEM,2023-11-02,5.95,,,5.95,1029776,2026-04-08T04:09:06.696264+00:00
211206,NEM,2023-11-03,5.6,,,5.6,3273413,2026-04-08T04:09:09.071615+00:00
211321,NEM,2023-11-06,5.6,,,5.6,1180,2026-04-08T04:09:13.59419+00:00
211436,NEM,2023-11-07,5.7,,,5.7,664351,2026-04-08T04:09:15.923939+00:00
211552,NEM,2023-11-08,6.05,,,6.05,593487,2026-04-08T04:09:18.177895+00:00
211668,NEM,2023-11-09,6.05,,,6.05,108496,2026-04-08T04:09:20.462573+00:00
211784,NEM,2023-11-10,6.05,,,6.05,96710,2026-04-08T04:09:22.644841+00:00
211900,NEM,2023-11-13,5.95,,,5.95,220369,2026-04-08T04:09:27.404692+00:00
212016,NEM,2023-11-14,5.95,,,5.95,258585,2026-04-08T04:09:29.775588+00:00
212132,NEM,2023-11-15,5.95,,,5.95,15762,2026-04-08T04:09:32.378304+00:00
212248,NEM,2023-11-16,5.95,,,5.95,179378,2026-04-08T04:09:34.916677+00:00
212364,NEM,2023-11-17,6.1,,,6.1,1457321,2026-04-08T04:09:37.378105+00:00
212480,NEM,2023-11-20,6.0,,,6.0,380057,2026-04-08T04:09:41.830835+00:00
212596,NEM,2023-11-21,6.0,,,6.0,116368,2026-04-08T04:09:44.211025+00:00
212712,NEM,2023-11-22,6.0,,,6.0,48525,2026-04-08T04:09:46.526636+00:00
212828,NEM,2023-11-23,6.0,,,6.0,97540,2026-04-08T04:09:48.793806+00:00
212945,NEM,2023-11-27,6.0,,,6.0,106567,2026-04-08T04:09:54.316732+00:00
213062,NEM,2023-11-28,6.0,,,6.0,74409,2026-04-08T04:09:57.050116+00:00
213179,NEM,2023-11-29,6.0,,,6.0,12600369,2026-04-08T04:09:59.54407+00:00
213296,NEM,2023-11-30,5.9,,,5.9,369762,2026-04-08T04:10:01.973818+00:00
213413,NEM,2023-12-01,5.9,,,5.9,25450,2026-04-08T04:10:04.46052+00:00
213530,NEM,2023-12-04,5.9,,,5.9,285359,2026-04-08T04:10:08.793495+00:00
213647,NEM,2023-12-05,5.9,,,5.9,129043,2026-04-08T04:10:11.104733+00:00
213764,NEM,2023-12-06,5.9,,,5.9,109964,2026-04-08T04:10:13.383432+00:00
213881,NEM,2023-12-08,5.9,,,5.9,25913,2026-04-08T04:10:16.965057+00:00
213998,NEM,2023-12-11,5.35,,,5.35,1198650,2026-04-08T04:10:21.350621+00:00
214115,NEM,2023-12-12,5.35,,,5.35,182327,2026-04-08T04:10:23.843731+00:00
214232,NEM,2023-12-13,5.35,,,5.35,44411,2026-04-08T04:10:26.19208+00:00
214349,NEM,2023-12-14,5.35,,,5.35,202450,2026-04-08T04:10:28.64956+00:00
214466,NEM,2023-12-15,5.35,,,5.35,558032,2026-04-08T04:10:31.179138+00:00
214583,NEM,2023-12-18,5.35,,,5.35,26238,2026-04-08T04:10:35.879044+00:00
214700,NEM,2023-12-19,5.35,,,5.35,51254,2026-04-08T04:10:38.280823+00:00
214817,NEM,2023-12-20,5.35,,,5.35,1086148,2026-04-08T04:10:40.523028+00:00
214934,NEM,2023-12-21,5.35,,,5.35,309984,2026-04-08T04:10:42.873875+00:00
215051,NEM,2023-12-28,5.75,,,5.75,125000,2026-04-08T04:10:51.166125+00:00
215168,NEM,2023-12-29,6.3,,,6.3,3350288,2026-04-08T04:10:53.57119+00:00
215285,NEM,2024-01-02,5.8,,,5.8,230778,2026-04-08T04:10:59.157783+00:00
215402,NEM,2024-01-03,5.8,,,5.8,193019,2026-04-08T04:11:01.401293+00:00
215519,NEM,2024-01-04,5.8,,,5.8,170632,2026-04-08T04:11:03.846312+00:00
215636,NEM,2024-01-05,6.35,,,6.35,353467,2026-04-08T04:11:07.208124+00:00
215753,NEM,2024-01-08,6.35,,,6.35,221625,2026-04-08T04:11:11.742656+00:00
215870,NEM,2024-01-09,6.35,,,6.35,161428,2026-04-08T04:11:14.100458+00:00
215987,NEM,2024-01-10,5.75,,,5.75,488747,2026-04-08T04:11:16.512964+00:00
216104,NEM,2024-01-11,5.75,,,5.75,125763,2026-04-08T04:11:18.918089+00:00
216221,NEM,2024-01-12,5.75,,,5.75,236720,2026-04-08T04:11:21.244944+00:00
216338,NEM,2024-01-15,6.3,,,6.3,916935,2026-04-08T04:11:25.674113+00:00
216455,NEM,2024-01-16,6.9,,,6.9,1690460,2026-04-08T04:11:28.037988+00:00
216572,NEM,2024-01-18,8.25,,,8.25,1662652,2026-04-08T04:11:31.337167+00:00
216689,NEM,2024-01-19,8.0,,,8.0,1225563,2026-04-08T04:11:38.619168+00:00
216806,NEM,2024-01-22,8.0,,,8.0,220038,2026-04-08T04:11:42.948818+00:00
216923,NEM,2024-01-23,8.0,,,8.0,48977,2026-04-08T04:11:45.304506+00:00
217040,NEM,2024-01-24,7.2,,,7.2,1122409,2026-04-08T04:11:47.647942+00:00
217157,NEM,2024-01-25,7.9,,,7.9,1291060,2026-04-08T04:11:50.11021+00:00
217274,NEM,2024-01-26,8.5,,,8.5,713875,2026-04-08T04:11:52.721812+00:00
217391,NEM,2024-01-29,8.45,,,8.45,432060,2026-04-08T04:11:57.440388+00:00
217508,NEM,2024-01-30,8.2,,,8.2,1491030,2026-04-08T04:12:00.024191+00:00
217625,NEM,2024-01-31,8.2,,,8.2,613114,2026-04-08T04:12:02.433526+00:00
217742,NEM,2024-02-01,8.2,,,8.2,428094,2026-04-08T04:12:04.812869+00:00
217859,NEM,2024-02-02,7.45,,,7.45,5377377,2026-04-08T04:12:07.232701+00:00
217976,NEM,2024-02-05,7.5,,,7.5,350350,2026-04-08T04:12:11.791199+00:00
218093,NEM,2024-02-06,7.7,,,7.7,1304869,2026-04-08T04:12:14.363902+00:00
218210,NEM,2024-02-07,7.7,,,7.7,360878,2026-04-08T04:12:16.791058+00:00
218327,NEM,2024-02-08,7.7,,,7.7,402529,2026-04-08T04:12:19.312026+00:00
218444,NEM,2024-02-09,7.7,,,7.7,64729,2026-04-08T04:12:21.609908+00:00
218561,NEM,2024-02-12,7.7,,,7.7,110417,2026-04-08T04:12:25.771109+00:00
218678,NEM,2024-02-13,7.7,,,7.7,448707,2026-04-08T04:12:28.061356+00:00
218795,NEM,2024-02-14,7.7,,,7.7,123591,2026-04-08T04:12:30.570558+00:00
218912,NEM,2024-02-16,7.7,,,7.7,324367,2026-04-08T04:12:34.036511+00:00
219029,NEM,2024-02-19,6.95,,,6.95,529140,2026-04-08T04:12:38.429241+00:00
219146,NEM,2024-02-20,6.35,,,6.35,694079,2026-04-08T04:12:40.813552+00:00
219263,NEM,2024-02-21,6.05,,,6.05,341052,2026-04-08T04:12:43.257682+00:00
219380,NEM,2024-02-22,6.6,,,6.6,145031,2026-04-08T04:12:45.850796+00:00
219497,NEM,2024-02-26,6.6,,,6.6,236377,2026-04-08T04:12:51.18414+00:00
219614,NEM,2024-02-27,6.6,,,6.6,223825,2026-04-08T04:12:53.509755+00:00
219731,NEM,2024-02-29,6.6,,,6.6,539943,2026-04-08T04:12:56.822244+00:00
219848,NEM,2024-03-01,6.6,,,6.6,27462,2026-04-08T04:12:59.287484+00:00
219965,NEM,2024-03-04,6.6,,,6.6,88290,2026-04-08T04:13:03.814092+00:00
220083,NEM,2024-03-05,6.6,,,6.6,84650,2026-04-08T04:13:06.279726+00:00
220201,NEM,2024-03-06,6.6,,,6.6,296945,2026-04-08T04:13:08.558236+00:00
220319,NEM,2024-03-07,5.95,,,5.95,291775,2026-04-08T04:13:10.988978+00:00
220437,NEM,2024-03-08,5.5,,,5.5,213395,2026-04-08T04:13:13.453006+00:00
220555,NEM,2024-03-11,6.05,,,6.05,1991270,2026-04-08T04:13:17.773706+00:00
220673,NEM,2024-03-12,6.05,,,6.05,198408,2026-04-08T04:13:20.258657+00:00
220791,NEM,2024-03-13,6.65,,,6.65,830258,2026-04-08T04:13:22.557243+00:00
220909,NEM,2024-03-14,6.65,,,6.65,1048,2026-04-08T04:13:25.004754+00:00
221027,NEM,2024-03-15,6.65,,,6.65,448959,2026-04-08T04:13:27.500984+00:00
221145,NEM,2024-03-19,8.0,,,8.0,2449898,2026-04-08T04:13:32.54102+00:00
221263,NEM,2024-03-20,8.8,,,8.8,2040545,2026-04-08T04:13:34.949661+00:00
221381,NEM,2024-03-21,8.8,,,8.8,401041,2026-04-08T04:13:37.293426+00:00
221499,NEM,2024-03-22,9.65,,,9.65,3008510,2026-04-08T04:13:39.66616+00:00
221617,NEM,2024-03-25,9.7,,,9.7,2691597,2026-04-08T04:13:43.964435+00:00
221735,NEM,2024-03-26,9.9,,,9.9,500029,2026-04-08T04:13:46.391317+00:00
221853,NEM,2024-03-27,9.9,,,9.9,498549,2026-04-08T04:13:48.795654+00:00
221971,NEM,2024-03-28,9.9,,,9.9,278311,2026-04-08T04:13:51.173779+00:00
222089,NEM,2024-04-02,9.9,,,9.9,187056,2026-04-08T04:13:58.053067+00:00
222207,NEM,2024-04-03,8.95,,,8.95,1062603,2026-04-08T04:14:00.66873+00:00
222325,NEM,2024-04-04,9.8,,,9.8,666557,2026-04-08T04:14:03.310057+00:00
222443,NEM,2024-04-05,9.8,,,9.8,103869,2026-04-08T04:14:05.820809+00:00
222561,NEM,2024-04-12,9.55,,,9.55,30152088,2026-04-08T04:14:15.984697+00:00
222679,NEM,2024-04-15,10.4,,,10.4,892821,2026-04-08T04:14:20.492228+00:00
222797,NEM,2024-04-16,10.4,,,10.4,317916,2026-04-08T04:14:22.958286+00:00
222915,NEM,2024-04-17,10.4,,,10.4,324598,2026-04-08T04:14:25.407203+00:00
223033,NEM,2024-04-18,10.4,,,10.4,40763,2026-04-08T04:14:27.862982+00:00
223151,NEM,2024-04-19,10.35,,,10.35,690510,2026-04-08T04:14:30.225092+00:00
223269,NEM,2024-04-22,10.35,,,10.35,4260,2026-04-08T04:14:34.624841+00:00
223387,NEM,2024-04-23,10.35,,,10.35,306,2026-04-08T04:14:36.881925+00:00
223505,NEM,2024-04-24,10.35,,,10.35,176631,2026-04-08T04:14:39.108369+00:00
223623,NEM,2024-04-25,10.35,,,10.35,1801,2026-04-08T04:14:41.415412+00:00
223741,NEM,2024-04-26,10.35,,,10.35,6586,2026-04-08T04:14:43.709399+00:00
223859,NEM,2024-04-29,10.35,,,10.35,1655,2026-04-08T04:14:47.97937+00:00
223977,NEM,2024-04-30,10.35,,,10.35,12053,2026-04-08T04:14:50.304196+00:00
224095,NEM,2024-05-02,10.35,,,10.35,17270,2026-04-08T04:14:53.573612+00:00
224213,NEM,2024-05-03,10.35,,,10.35,69404,2026-04-08T04:14:55.989363+00:00
224331,NEM,2024-05-06,10.35,,,10.35,17582,2026-04-08T04:15:00.14873+00:00
224449,NEM,2024-05-07,10.35,,,10.35,7283,2026-04-08T04:15:02.40079+00:00
224567,NEM,2024-05-08,10.35,,,10.35,56794,2026-04-08T04:15:04.708287+00:00
224685,NEM,2024-05-09,10.35,,,10.35,1751,2026-04-08T04:15:07.337178+00:00
224803,NEM,2024-05-10,10.35,,,10.35,198,2026-04-08T04:15:09.604775+00:00
224921,NEM,2024-05-13,10.35,,,10.35,2985,2026-04-08T04:15:13.907933+00:00
225039,NEM,2024-05-14,9.35,,,9.35,1409105,2026-04-08T04:15:16.26654+00:00
225157,NEM,2024-05-15,9.35,,,9.35,107290,2026-04-08T04:15:18.549958+00:00
225275,NEM,2024-05-16,9.35,,,9.35,32646,2026-04-08T04:15:20.841424+00:00
225393,NEM,2024-05-20,8.45,,,8.45,245300,2026-04-08T04:15:25.962105+00:00
225511,NEM,2024-05-21,8.45,,,8.45,206050,2026-04-08T04:15:28.334406+00:00
225629,NEM,2024-05-22,8.45,,,8.45,48902,2026-04-08T04:15:30.660212+00:00
225747,NEM,2024-05-23,7.65,,,7.65,166954,2026-04-08T04:15:32.993296+00:00
225865,NEM,2024-05-24,7.65,,,7.65,219721,2026-04-08T04:15:35.360226+00:00
225983,NEM,2024-05-27,7.2,,,7.2,572940,2026-04-08T04:15:39.562711+00:00
226101,NEM,2024-05-28,7.2,,,7.2,290325,2026-04-08T04:15:41.894674+00:00
226219,NEM,2024-05-29,7.2,,,7.2,270393,2026-04-08T04:15:44.435333+00:00
226337,NEM,2024-05-30,7.9,,,7.9,5383241,2026-04-08T04:15:46.695543+00:00
226455,NEM,2024-05-31,8.0,,,8.0,760399,2026-04-08T04:15:48.909252+00:00
226573,NEM,2024-06-03,8.45,,,8.45,1022926,2026-04-08T04:15:53.203965+00:00
226691,NEM,2024-06-04,8.5,,,8.5,606632,2026-04-08T04:15:55.456464+00:00
226809,NEM,2024-06-05,8.0,,,8.0,323988,2026-04-08T04:15:57.839545+00:00
226927,NEM,2024-06-06,8.7,,,8.7,570171,2026-04-08T04:16:00.091412+00:00
227045,NEM,2024-06-07,8.7,,,8.7,404954,2026-04-08T04:16:02.294722+00:00
227163,NEM,2024-06-10,8.7,,,8.7,365924,2026-04-08T04:16:06.655303+00:00
227281,NEM,2024-06-11,8.7,,,8.7,384266,2026-04-08T04:16:09.027942+00:00
227399,NEM,2024-06-13,9.55,,,9.55,1007874,2026-04-08T04:16:12.454757+00:00
227517,NEM,2024-06-14,9.55,,,9.55,200019,2026-04-08T04:16:14.762224+00:00
227635,NEM,2024-06-20,9.0,,,9.0,1998616,2026-04-08T04:16:22.365263+00:00
227753,NEM,2024-06-21,7.9,,,7.9,1719774,2026-04-08T04:16:24.740936+00:00
227871,NEM,2024-06-24,8.5,,,8.5,298280,2026-04-08T04:16:29.101951+00:00
227989,NEM,2024-06-25,8.5,,,8.5,86105,2026-04-08T04:16:31.430939+00:00
228107,NEM,2024-06-26,8.5,,,8.5,139906,2026-04-08T04:16:33.77834+00:00
228225,NEM,2024-06-27,8.5,,,8.5,495434,2026-04-08T04:16:36.13415+00:00
228343,NEM,2024-06-28,8.5,,,8.5,176230,2026-04-08T04:16:38.472674+00:00
228461,NEM,2024-07-01,8.5,,,8.5,632533,2026-04-08T04:16:42.881798+00:00
228579,NEM,2024-07-02,8.5,,,8.5,23259305,2026-04-08T04:16:45.256647+00:00
228697,NEM,2024-07-03,8.4,,,8.4,595249,2026-04-08T04:16:47.732339+00:00
228815,NEM,2024-07-04,8.4,,,8.4,425803,2026-04-08T04:16:50.22378+00:00
228933,NEM,2024-07-05,8.4,,,8.4,99997,2026-04-08T04:16:52.679645+00:00
229051,NEM,2024-07-08,8.45,,,8.45,982949,2026-04-08T04:16:57.375145+00:00
229169,NEM,2024-07-09,8.45,,,8.45,779270,2026-04-08T04:16:59.679545+00:00
229287,NEM,2024-07-10,8.5,,,8.5,416710,2026-04-08T04:17:02.104038+00:00
229405,NEM,2024-07-11,8.2,,,8.2,478478,2026-04-08T04:17:04.804273+00:00
229523,NEM,2024-07-12,8.2,,,8.2,25710,2026-04-08T04:17:07.071694+00:00
229641,NEM,2024-07-15,8.25,,,8.25,253213,2026-04-08T04:17:11.418935+00:00
229759,NEM,2024-07-16,8.25,,,8.25,198947,2026-04-08T04:17:13.920176+00:00
229877,NEM,2024-07-17,8.25,,,8.25,188044,2026-04-08T04:17:16.239817+00:00
229995,NEM,2024-07-18,8.25,,,8.25,534980,2026-04-08T04:17:18.614364+00:00
230113,NEM,2024-07-19,8.0,,,8.0,1403639,2026-04-08T04:17:20.923419+00:00
230231,NEM,2024-07-22,8.0,,,8.0,238924,2026-04-08T04:17:25.185516+00:00
230349,NEM,2024-07-23,8.0,,,8.0,352531,2026-04-08T04:17:27.655924+00:00
230467,NEM,2024-07-24,8.0,,,8.0,113500,2026-04-08T04:17:30.124258+00:00
230585,NEM,2024-07-25,8.0,,,8.0,1405812,2026-04-08T04:17:32.638981+00:00
230703,NEM,2024-07-26,8.2,,,8.2,1210274,2026-04-08T04:17:35.101122+00:00
230821,NEM,2024-07-29,7.9,,,7.9,797883,2026-04-08T04:17:40.103977+00:00
230939,NEM,2024-07-30,7.95,,,7.95,600884,2026-04-08T04:17:43.080384+00:00
231057,NEM,2024-07-31,7.95,,,7.95,222874,2026-04-08T04:17:45.61458+00:00
231175,NEM,2024-08-01,8.0,,,8.0,261020,2026-04-08T04:17:47.950902+00:00
231293,NEM,2024-08-02,8.0,,,8.0,394028,2026-04-08T04:17:50.372085+00:00
231411,NEM,2024-08-05,8.0,,,8.0,163291,2026-04-08T04:17:54.929581+00:00
231529,NEM,2024-08-06,8.0,,,8.0,289861,2026-04-08T04:17:57.472912+00:00
231647,NEM,2024-08-07,8.0,,,8.0,324932,2026-04-08T04:17:59.948734+00:00
231765,NEM,2024-08-08,8.0,,,8.0,187509249,2026-04-08T04:18:02.36647+00:00
231883,NEM,2024-08-09,8.05,,,8.05,681250,2026-04-08T04:18:04.674683+00:00
232001,NEM,2024-08-12,8.05,,,8.05,137768,2026-04-08T04:18:08.918743+00:00
232119,NEM,2024-08-13,8.05,,,8.05,59179,2026-04-08T04:18:11.387792+00:00
232237,NEM,2024-08-14,7.55,,,7.55,1396750,2026-04-08T04:18:13.859526+00:00
232355,NEM,2024-08-15,7.55,,,7.55,1969875,2026-04-08T04:18:16.357381+00:00
232473,NEM,2024-08-16,7.9,,,7.9,384198,2026-04-08T04:18:18.692447+00:00
232591,NEM,2024-08-19,7.7,,,7.7,623007,2026-04-08T04:18:23.063194+00:00
232709,NEM,2024-08-20,7.7,,,7.7,192904,2026-04-08T04:18:25.366221+00:00
232827,NEM,2024-08-21,7.7,,,7.7,77604,2026-04-08T04:18:27.861334+00:00
232945,NEM,2024-08-22,7.7,,,7.7,271844,2026-04-08T04:18:30.156184+00:00
233063,NEM,2024-08-23,7.7,,,7.7,136486,2026-04-08T04:18:32.497978+00:00
233181,NEM,2024-08-26,8.0,,,8.0,369799,2026-04-08T04:18:37.19542+00:00
233299,NEM,2024-08-27,7.75,,,7.75,153359,2026-04-08T04:18:39.561091+00:00
233417,NEM,2024-08-28,7.75,,,7.75,223891,2026-04-08T04:18:42.048567+00:00
233535,NEM,2024-08-29,7.75,,,7.75,1115217,2026-04-08T04:18:44.36768+00:00
233653,NEM,2024-09-02,7.5,,,7.5,392075,2026-04-08T04:18:49.632285+00:00
233771,NEM,2024-09-03,7.5,,,7.5,246965,2026-04-08T04:18:52.389232+00:00
233889,NEM,2024-09-04,7.5,,,7.5,1014365,2026-04-08T04:18:54.875674+00:00
234007,NEM,2024-09-05,7.6,,,7.6,769725,2026-04-08T04:18:57.763256+00:00
234125,NEM,2024-09-06,7.5,,,7.5,645181,2026-04-08T04:19:00.536712+00:00
234243,NEM,2024-09-09,7.5,,,7.5,126371,2026-04-08T04:19:05.495104+00:00
234361,NEM,2024-09-10,7.6,,,7.6,236110,2026-04-08T04:19:08.070871+00:00
234479,NEM,2024-09-11,7.5,,,7.5,380070,2026-04-08T04:19:10.663572+00:00
234597,NEM,2024-09-12,7.5,,,7.5,339191,2026-04-08T04:19:13.371302+00:00
234715,NEM,2024-09-13,7.5,,,7.5,179284,2026-04-08T04:19:16.033041+00:00
234833,NEM,2024-09-17,7.5,,,7.5,53060,2026-04-08T04:19:22.824888+00:00
234951,NEM,2024-09-18,7.5,,,7.5,107689,2026-04-08T04:19:25.915955+00:00
235069,NEM,2024-09-19,7.5,,,7.5,341771,2026-04-08T04:19:28.330134+00:00
235187,NEM,2024-09-20,7.5,,,7.5,102197,2026-04-08T04:19:30.82066+00:00
235305,NEM,2024-09-23,7.5,,,7.5,37206,2026-04-08T04:19:35.29526+00:00
235423,NEM,2024-09-24,7.5,,,7.5,1632055,2026-04-08T04:19:37.629736+00:00
235541,NEM,2024-09-25,7.65,,,7.65,520663,2026-04-08T04:19:40.096992+00:00
235659,NEM,2024-09-26,7.65,,,7.65,446457,2026-04-08T04:19:42.676048+00:00
235777,NEM,2024-09-27,7.65,,,7.65,43266,2026-04-08T04:19:45.342636+00:00
235895,NEM,2024-09-30,8.3,,,8.3,2208332,2026-04-08T04:19:50.223917+00:00
236013,NEM,2024-10-02,8.5,,,8.5,1654832,2026-04-08T04:19:53.821423+00:00
236131,NEM,2024-10-03,8.3,,,8.3,1750201,2026-04-08T04:19:56.203135+00:00
236249,NEM,2024-10-04,8.75,,,8.75,622031,2026-04-08T04:19:58.634737+00:00
236367,NEM,2024-10-07,8.75,,,8.75,193960,2026-04-08T04:20:03.05432+00:00
236485,NEM,2024-10-08,8.75,,,8.75,316495,2026-04-08T04:20:05.535519+00:00
236603,NEM,2024-10-10,8.75,,,8.75,531543,2026-04-08T04:20:08.855054+00:00
236721,NEM,2024-10-11,7.9,,,7.9,377438,2026-04-08T04:20:11.460237+00:00
236839,NEM,2024-10-14,7.8,,,7.8,581641,2026-04-08T04:20:16.284622+00:00
236958,NEM,2024-10-15,7.8,,,7.8,28629,2026-04-08T04:20:18.84933+00:00
237077,NEM,2024-10-17,8.0,,,8.0,32528,2026-04-08T04:20:23.389134+00:00
237196,NEM,2024-10-18,8.0,,,8.0,95897,2026-04-08T04:20:26.17489+00:00
237315,NEM,2024-10-21,8.0,,,8.0,30278,2026-04-08T04:20:30.541886+00:00
237434,NEM,2024-10-22,8.0,,,8.0,164539,2026-04-08T04:20:32.890604+00:00
237553,NEM,2024-10-23,8.0,,,8.0,415778,2026-04-08T04:20:35.186729+00:00
237672,NEM,2024-10-24,8.0,,,8.0,96744,2026-04-08T04:20:37.740613+00:00
237791,NEM,2024-10-25,8.1,,,8.1,594957,2026-04-08T04:20:40.222387+00:00
237910,NEM,2024-10-28,8.1,,,8.1,1506789,2026-04-08T04:20:44.742576+00:00
238029,NEM,2024-10-29,7.9,,,7.9,851612,2026-04-08T04:20:47.136244+00:00
238148,NEM,2024-10-30,8.6,,,8.6,960253,2026-04-08T04:20:49.405969+00:00
238267,NEM,2024-10-31,8.6,,,8.6,268948,2026-04-08T04:20:51.756515+00:00
238386,NEM,2024-11-01,8.6,,,8.6,683260,2026-04-08T04:20:54.1075+00:00
238505,NEM,2024-11-04,8.6,,,8.6,510939,2026-04-08T04:20:58.471072+00:00
238624,NEM,2024-11-05,8.4,,,8.4,563765007,2026-04-08T04:21:01.00344+00:00
238743,NEM,2024-11-06,8.4,,,8.4,274167,2026-04-08T04:21:03.585377+00:00
238862,NEM,2024-11-07,8.4,,,8.4,146265,2026-04-08T04:21:06.256351+00:00
238981,NEM,2024-11-08,8.4,,,8.4,655882,2026-04-08T04:21:08.623134+00:00
239100,NEM,2024-11-11,8.5,,,8.5,606081,2026-04-08T04:21:12.782875+00:00
239219,NEM,2024-11-12,8.5,,,8.5,579673,2026-04-08T04:21:15.417322+00:00
239338,NEM,2024-11-13,8.0,,,8.0,2716518,2026-04-08T04:21:17.790166+00:00
239457,NEM,2024-11-14,8.0,,,8.0,168168,2026-04-08T04:21:20.354873+00:00
239576,NEM,2024-11-15,8.0,,,8.0,466383,2026-04-08T04:21:22.90937+00:00
239695,NEM,2024-11-18,8.05,,,8.05,575060,2026-04-08T04:21:27.576358+00:00
239814,NEM,2024-11-19,8.05,,,8.05,127450,2026-04-08T04:21:29.868433+00:00
239933,NEM,2024-11-20,8.05,,,8.05,718329,2026-04-08T04:21:32.433299+00:00
240052,NEM,2024-11-21,8.35,,,8.35,648086,2026-04-08T04:21:34.755564+00:00
240171,NEM,2024-11-22,8.35,,,8.35,622236,2026-04-08T04:21:37.514754+00:00
240290,NEM,2024-11-25,8.1,,,8.1,1843479,2026-04-08T04:21:41.818387+00:00
240409,NEM,2024-11-26,8.1,,,8.1,294392,2026-04-08T04:21:44.163824+00:00
240528,NEM,2024-11-27,8.5,,,8.5,845753,2026-04-08T04:21:46.720727+00:00
240647,NEM,2024-11-28,8.65,,,8.65,1606561,2026-04-08T04:21:49.110263+00:00
240766,NEM,2024-12-02,8.6,,,8.6,2250581,2026-04-08T04:21:54.88401+00:00
240885,NEM,2024-12-03,8.6,,,8.6,694573,2026-04-08T04:21:57.640504+00:00
241004,NEM,2024-12-04,9.4,,,9.4,823040,2026-04-08T04:21:59.930228+00:00
241123,NEM,2024-12-06,9.2,,,9.2,230006,2026-04-08T04:22:03.392712+00:00
241242,NEM,2024-12-09,9.2,,,9.2,792392,2026-04-08T04:22:07.745808+00:00
241361,NEM,2024-12-10,9.75,,,9.75,392919,2026-04-08T04:22:10.112253+00:00
241480,NEM,2024-12-11,10.7,,,10.7,3151649,2026-04-08T04:22:12.639548+00:00
241599,NEM,2024-12-12,11.0,,,11.0,2739764,2026-04-08T04:22:15.033357+00:00
241718,NEM,2024-12-13,10.9,,,10.9,1694178,2026-04-08T04:22:17.509919+00:00
241837,NEM,2024-12-16,10.5,,,10.5,1404034,2026-04-08T04:22:22.499781+00:00
241956,NEM,2024-12-17,10.5,,,10.5,209316,2026-04-08T04:22:24.995572+00:00
242075,NEM,2024-12-18,10.8,,,10.8,396368,2026-04-08T04:22:27.498126+00:00
242194,NEM,2024-12-19,10.8,,,10.8,421494,2026-04-08T04:22:29.868083+00:00
242313,NEM,2024-12-20,10.8,,,10.8,683828,2026-04-08T04:22:32.392508+00:00
242432,NEM,2024-12-23,10.8,,,10.8,1589310,2026-04-08T04:22:36.740311+00:00
242551,NEM,2024-12-24,11.0,,,11.0,374689,2026-04-08T04:22:39.25804+00:00
242670,NEM,2024-12-27,11.0,,,11.0,294080,2026-04-08T04:22:43.946119+00:00
242788,NEM,2024-12-31,10.95,,,10.95,580683,2026-04-08T04:22:48.665239+00:00
242906,NEM,2025-01-02,12.0,,,12.0,1354221,2026-04-08T04:22:52.256438+00:00
243024,NEM,2025-01-03,13.1,,,13.1,3591682,2026-04-08T04:22:55.101113+00:00
243142,NEM,2025-01-06,13.4,,,13.4,1844752,2026-04-08T04:23:00.046313+00:00
243260,NEM,2025-01-07,13.1,,,13.1,742551,2026-04-08T04:23:02.329348+00:00
243378,NEM,2025-01-08,13.0,,,13.0,3955683,2026-04-08T04:23:04.632968+00:00
243496,NEM,2025-01-09,13.0,,,13.0,541957,2026-04-08T04:23:06.908261+00:00
243614,NEM,2025-01-10,13.0,,,13.0,500920,2026-04-08T04:23:09.304805+00:00
243732,NEM,2025-01-13,12.0,,,12.0,895356,2026-04-08T04:23:13.790041+00:00
243850,NEM,2025-01-14,12.0,,,12.0,1594704,2026-04-08T04:23:16.129929+00:00
243968,NEM,2025-01-15,12.0,,,12.0,598077,2026-04-08T04:23:18.535433+00:00
244086,NEM,2025-01-16,12.0,,,12.0,747822,2026-04-08T04:23:20.834867+00:00
244204,NEM,2025-01-17,12.0,,,12.0,66534,2026-04-08T04:23:23.141674+00:00
244322,NEM,2025-01-20,12.0,,,12.0,459861,2026-04-08T04:23:27.482452+00:00
244440,NEM,2025-01-21,12.85,,,12.85,510229,2026-04-08T04:23:29.752731+00:00
244558,NEM,2025-01-22,12.85,,,12.85,204662,2026-04-08T04:23:32.235559+00:00
244676,NEM,2025-01-23,12.05,,,12.05,1360030,2026-04-08T04:23:34.519549+00:00
244794,NEM,2025-01-24,12.05,,,12.05,157215,2026-04-08T04:23:37.097992+00:00
244912,NEM,2025-01-27,12.05,,,12.05,397166,2026-04-08T04:23:41.817807+00:00
245030,NEM,2025-01-28,13.25,,,13.25,1404342,2026-04-08T04:23:44.43679+00:00
245148,NEM,2025-01-30,13.05,,,13.05,340174,2026-04-08T04:23:47.90788+00:00
245266,NEM,2025-01-31,13.05,,,13.05,340174,2026-04-08T04:23:50.425841+00:00
245384,NEM,2025-02-03,12.9,,,12.9,781100,2026-04-08T04:23:55.090801+00:00
245502,NEM,2025-02-04,12.05,,,12.05,1267497,2026-04-08T04:23:57.584141+00:00
245620,NEM,2025-02-05,12.05,,,12.05,209230,2026-04-08T04:24:00.484627+00:00
245738,NEM,2025-02-06,12.05,,,12.05,124385,2026-04-08T04:24:04.153698+00:00
245856,NEM,2025-02-07,13.2,,,13.2,812936,2026-04-08T04:24:07.822728+00:00
245974,NEM,2025-02-10,13.0,,,13.0,4316649,2026-04-08T04:24:13.163899+00:00
246092,NEM,2025-02-11,13.0,,,13.0,290537,2026-04-08T04:24:15.629092+00:00
246210,NEM,2025-02-12,13.0,,,13.0,563259,2026-04-08T04:24:18.226035+00:00
246328,NEM,2025-02-13,13.0,,,13.0,393315,2026-04-08T04:24:20.725749+00:00
246446,NEM,2025-02-14,13.25,,,13.25,1124188,2026-04-08T04:24:23.300806+00:00
246564,NEM,2025-02-17,13.25,,,13.25,223341,2026-04-08T04:24:27.726986+00:00
246682,NEM,2025-02-18,13.25,,,13.25,395002,2026-04-08T04:24:30.295737+00:00
246800,NEM,2025-02-19,13.0,,,13.0,366509,2026-04-08T04:24:32.765887+00:00
246918,NEM,2025-02-20,13.0,,,13.0,284901,2026-04-08T04:24:35.351909+00:00
247036,NEM,2025-02-21,13.1,,,13.1,379416,2026-04-08T04:24:37.680479+00:00
247154,NEM,2025-02-25,12.6,,,12.6,689257,2026-04-08T04:24:43.419296+00:00
247272,NEM,2025-02-26,13.1,,,13.1,949110,2026-04-08T04:24:45.860894+00:00
247390,NEM,2025-02-27,13.1,,,13.1,71375,2026-04-08T04:24:48.27846+00:00
247508,NEM,2025-02-28,13.1,,,13.1,1495979,2026-04-08T04:24:50.63724+00:00
247626,NEM,2025-03-03,13.1,,,13.1,284491,2026-04-08T04:24:55.222854+00:00
247744,NEM,2025-03-04,14.25,,,14.25,5040151,2026-04-08T04:24:57.762887+00:00
247863,NEM,2025-03-05,14.0,,,14.0,2666494,2026-04-08T04:25:00.108696+00:00
247982,NEM,2025-03-06,14.0,,,14.0,310081,2026-04-08T04:25:02.52336+00:00
248101,NEM,2025-03-07,14.0,,,14.0,231037,2026-04-08T04:25:04.19753+00:00
248220,NEM,2025-03-10,14.0,,,14.0,1690291,2026-04-08T04:25:07.959889+00:00
248339,NEM,2025-03-11,14.0,,,14.0,51811,2026-04-08T04:25:10.446731+00:00
248458,NEM,2025-03-12,14.0,,,14.0,491449,2026-04-08T04:25:12.888859+00:00
248577,NEM,2025-03-13,13.9,,,13.9,329655,2026-04-08T04:25:15.353849+00:00
248696,NEM,2025-03-14,13.9,,,13.9,129718,2026-04-08T04:25:17.75152+00:00
248815,NEM,2025-03-17,13.9,,,13.9,906299,2026-04-08T04:25:23.327657+00:00
248934,NEM,2025-03-18,13.5,,,13.5,265604,2026-04-08T04:25:25.763099+00:00
249053,NEM,2025-03-19,13.5,,,13.5,341525,2026-04-08T04:25:28.144043+00:00
249172,NEM,2025-03-20,13.5,,,13.5,336361,2026-04-08T04:25:31.01834+00:00
249291,NEM,2025-03-21,13.5,,,13.5,147920,2026-04-08T04:25:33.389958+00:00
249410,NEM,2025-03-24,12.2,,,12.2,456965,2026-04-08T04:25:38.388993+00:00
249529,NEM,2025-03-25,12.2,,,12.2,390618,2026-04-08T04:25:40.7685+00:00
249648,NEM,2025-03-26,13.4,,,13.4,553431,2026-04-08T04:25:43.344812+00:00
249767,NEM,2025-03-27,13.5,,,13.5,1167979,2026-04-08T04:25:45.817232+00:00
249886,NEM,2025-03-28,13.5,,,13.5,632064,2026-04-08T04:25:48.177352+00:00
250005,NEM,2025-04-02,13.5,,,13.5,266279,2026-04-08T04:25:54.663823+00:00
250124,NEM,2025-04-03,13.95,,,13.95,707755,2026-04-08T04:25:57.014747+00:00
250243,NEM,2025-04-04,13.5,,,13.5,1165711,2026-04-08T04:25:59.489503+00:00
250362,NEM,2025-04-07,13.1,,,13.1,2905068,2026-04-08T04:26:04.211964+00:00
250481,NEM,2025-04-08,11.8,,,11.8,3670182,2026-04-08T04:26:06.766331+00:00
250600,NEM,2025-04-10,12.9,,,12.9,402165,2026-04-08T04:26:10.263658+00:00
250719,NEM,2025-04-11,12.9,,,12.9,208798,2026-04-08T04:26:12.610372+00:00
250838,NEM,2025-04-14,12.9,,,12.9,204314,2026-04-08T04:26:17.137975+00:00
250957,NEM,2025-04-15,12.9,,,12.9,327296,2026-04-08T04:26:19.634971+00:00
251076,NEM,2025-04-16,12.9,,,12.9,263519,2026-04-08T04:26:22.321337+00:00
251195,NEM,2025-04-17,12.9,,,12.9,759514,2026-04-08T04:26:24.819431+00:00
251314,NEM,2025-04-22,13.6,,,13.6,2353567,2026-04-08T04:26:31.401152+00:00
251433,NEM,2025-04-23,13.6,,,13.6,219223,2026-04-08T04:26:33.741411+00:00
251552,NEM,2025-04-24,14.95,,,14.95,1595453,2026-04-08T04:26:36.383131+00:00
251672,NEM,2025-04-25,15.0,,,15.0,2243683,2026-04-08T04:26:38.677219+00:00
251792,NEM,2025-04-28,14.0,,,14.0,437954,2026-04-08T04:26:43.113614+00:00
251912,NEM,2025-04-29,14.0,,,14.0,314763,2026-04-08T04:26:45.609073+00:00
252032,NEM,2025-04-30,14.0,,,14.0,125883,2026-04-08T04:26:48.242472+00:00
252152,NEM,2025-05-02,14.3,,,14.3,2718261,2026-04-08T04:26:51.690529+00:00
252272,NEM,2025-05-05,15.0,,,15.0,860781,2026-04-08T04:26:56.275381+00:00
252392,NEM,2025-05-06,15.0,,,15.0,156301,2026-04-08T04:26:58.7221+00:00
252512,NEM,2025-05-07,15.0,,,15.0,352930,2026-04-08T04:27:01.170235+00:00
252632,NEM,2025-05-08,15.0,,,15.0,1390186,2026-04-08T04:27:03.468055+00:00
252752,NEM,2025-05-09,15.0,,,15.0,1391753,2026-04-08T04:27:05.963213+00:00
252872,NEM,2025-05-12,15.0,,,15.0,1208440,2026-04-08T04:27:10.449459+00:00
252992,NEM,2025-05-14,15.0,,,15.0,286493,2026-04-08T04:27:13.89162+00:00
253112,NEM,2025-05-15,14.6,,,14.6,850678,2026-04-08T04:27:16.307455+00:00
253232,NEM,2025-05-16,14.6,,,14.6,217201,2026-04-08T04:27:18.639316+00:00
253352,NEM,2025-05-19,14.6,,,14.6,129689,2026-04-08T04:27:23.06518+00:00
253472,NEM,2025-05-20,14.6,,,14.6,129689,2026-04-08T04:27:25.663956+00:00
253592,NEM,2025-05-21,14.6,,,14.6,179170,2026-04-08T04:27:28.280255+00:00
253712,NEM,2025-05-22,14.6,,,14.6,124380,2026-04-08T04:27:30.733393+00:00
253832,NEM,2025-05-23,14.6,,,14.6,270417,2026-04-08T04:27:33.142895+00:00
253952,NEM,2025-05-26,14.6,,,14.6,312661,2026-04-08T04:27:37.938794+00:00
254072,NEM,2025-05-27,14.6,,,14.6,566920,2026-04-08T04:27:40.395447+00:00
254192,NEM,2025-05-28,14.7,,,14.7,358195,2026-04-08T04:27:42.906627+00:00
254312,NEM,2025-05-29,14.7,,,14.7,220394,2026-04-08T04:27:45.903166+00:00
254432,NEM,2025-05-30,14.7,,,14.7,103032,2026-04-08T04:27:48.4452+00:00
254552,NEM,2025-06-02,14.7,,,14.7,260344,2026-04-08T04:27:53.01382+00:00
254672,NEM,2025-06-03,14.7,,,14.7,394961,2026-04-08T04:27:55.368454+00:00
254792,NEM,2025-06-04,14.7,,,14.7,246031,2026-04-08T04:27:57.94541+00:00
254912,NEM,2025-06-05,14.7,,,14.7,448820,2026-04-08T04:28:00.320696+00:00
255032,NEM,2025-06-10,14.7,,,14.7,629132,2026-04-08T04:28:07.114795+00:00
255152,NEM,2025-06-11,14.7,,,14.7,172948,2026-04-08T04:28:09.38594+00:00
255272,NEM,2025-06-17,15.0,,,15.0,235128,2026-04-08T04:28:17.228975+00:00
255392,NEM,2025-06-18,16.5,,,16.5,1163571,2026-04-08T04:28:19.70912+00:00
255512,NEM,2025-06-19,17.9,,,17.9,2369708,2026-04-08T04:28:22.276816+00:00
255632,NEM,2025-06-20,17.0,,,17.0,1747206,2026-04-08T04:28:24.65394+00:00
255752,NEM,2025-06-23,17.0,,,17.0,975899,2026-04-08T04:28:29.225711+00:00
255872,NEM,2025-06-24,17.3,,,17.3,916597,2026-04-08T04:28:31.569579+00:00
255992,NEM,2025-06-25,17.6,,,17.6,656170,2026-04-08T04:28:33.910697+00:00
256112,NEM,2025-06-26,17.9,,,17.9,910815,2026-04-08T04:28:36.389223+00:00
256232,NEM,2025-06-27,17.9,,,17.9,266146,2026-04-08T04:28:38.797599+00:00
256352,NEM,2025-07-01,17.9,,,17.9,733964,2026-04-08T04:28:44.517216+00:00
256472,NEM,2025-07-02,18.3,,,18.3,702036,2026-04-08T04:28:47.139962+00:00
256592,NEM,2025-07-03,18.0,,,18.0,1010883,2026-04-08T04:28:49.506141+00:00
256712,NEM,2025-07-04,18.0,,,18.0,174869,2026-04-08T04:28:51.76506+00:00
256832,NEM,2025-07-07,19.15,,,19.15,454301,2026-04-08T04:28:56.230166+00:00
256952,NEM,2025-07-08,19.15,,,19.15,430249,2026-04-08T04:28:58.705995+00:00
257072,NEM,2025-07-09,19.15,,,19.15,170660,2026-04-08T04:29:01.058721+00:00
257192,NEM,2025-07-10,20.0,,,20.0,1434851,2026-04-08T04:29:03.550316+00:00
257312,NEM,2025-07-11,22.0,,,22.0,2272464,2026-04-08T04:29:06.089999+00:00
257432,NEM,2025-07-14,22.05,,,22.05,790107,2026-04-08T04:29:10.69196+00:00
257552,NEM,2025-07-16,20.0,,,20.0,528374,2026-04-08T04:29:14.112969+00:00
257672,NEM,2025-07-17,20.0,,,20.0,348415,2026-04-08T04:29:16.489777+00:00
257792,NEM,2025-07-18,20.0,,,20.0,152823,2026-04-08T04:29:18.854517+00:00
257912,NEM,2025-07-21,20.0,,,20.0,1048284,2026-04-08T04:29:23.300994+00:00
258032,NEM,2025-07-22,20.0,,,20.0,444894,2026-04-08T04:29:25.922592+00:00
258152,NEM,2025-07-23,20.0,,,20.0,1201898,2026-04-08T04:29:29.05968+00:00
258272,NEM,2025-07-24,21.8,,,21.8,758553,2026-04-08T04:29:31.486978+00:00
258392,NEM,2025-07-25,21.8,,,21.8,604222,2026-04-08T04:29:33.980938+00:00
258512,NEM,2025-07-28,22.9,,,22.9,671164,2026-04-08T04:29:38.78621+00:00
258631,NEM,2025-07-29,24.0,,,24.0,1269048,2026-04-08T04:29:41.392621+00:00
258750,NEM,2025-07-30,24.0,,,24.0,943162,2026-04-08T04:29:43.881641+00:00
258869,NEM,2025-07-31,24.0,,,24.0,864976,2026-04-08T04:29:46.315218+00:00
258988,NEM,2025-08-01,25.4,,,25.4,932841,2026-04-08T04:29:48.711654+00:00
259106,NEM,2025-08-04,25.4,,,25.4,806710,2026-04-08T04:29:53.303607+00:00
259225,NEM,2025-08-05,27.0,,,27.0,1533035,2026-04-08T04:29:55.780422+00:00
259344,NEM,2025-08-06,29.7,,,29.7,460453,2026-04-08T04:29:58.241852+00:00
259463,NEM,2025-08-07,32.65,,,32.65,745938,2026-04-08T04:30:00.56444+00:00
259582,NEM,2025-08-08,33.0,,,33.0,3892398,2026-04-08T04:30:02.234883+00:00
259701,NEM,2025-08-11,36.0,,,36.0,3802599,2026-04-08T04:30:07.037349+00:00
259820,NEM,2025-08-12,38.0,,,38.0,3421930,2026-04-08T04:30:09.28323+00:00
259939,NEM,2025-08-13,37.5,,,37.5,2219587,2026-04-08T04:30:11.815521+00:00
260058,NEM,2025-08-14,36.1,,,36.1,1620515,2026-04-08T04:30:14.350221+00:00
260177,NEM,2025-08-15,32.5,,,32.5,607377,2026-04-08T04:30:16.786076+00:00
260296,NEM,2025-08-18,29.95,,,29.95,1315887,2026-04-08T04:30:21.560319+00:00
260415,NEM,2025-08-19,28.0,,,28.0,999695,2026-04-08T04:30:23.869462+00:00
260534,NEM,2025-08-20,26.1,,,26.1,3608474,2026-04-08T04:30:26.318672+00:00
260653,NEM,2025-08-21,26.1,,,26.1,1124011,2026-04-08T04:30:28.670378+00:00
260772,NEM,2025-08-22,26.6,,,26.6,1016335,2026-04-08T04:30:30.96965+00:00
260891,NEM,2025-08-25,28.95,,,28.95,529281,2026-04-08T04:30:35.521871+00:00
261010,NEM,2025-08-26,28.9,,,28.9,770521,2026-04-08T04:30:37.91594+00:00
261129,NEM,2025-08-27,28.9,,,28.9,574830,2026-04-08T04:30:40.231113+00:00
261248,NEM,2025-08-28,31.2,,,31.2,1742627,2026-04-08T04:30:42.59826+00:00
261367,NEM,2025-08-29,31.2,,,31.2,272913,2026-04-08T04:30:45.09102+00:00
261486,NEM,2025-09-01,31.2,,,31.2,753487,2026-04-08T04:30:49.608802+00:00
261605,NEM,2025-09-02,31.2,,,31.2,414402,2026-04-08T04:30:52.312491+00:00
261724,NEM,2025-09-03,31.2,,,31.2,633597,2026-04-08T04:30:55.837007+00:00
261843,NEM,2025-09-04,31.2,,,31.2,263064,2026-04-08T04:30:58.198935+00:00
261962,NEM,2025-09-08,31.2,,,31.2,397005,2026-04-08T04:31:03.728068+00:00
262081,NEM,2025-09-09,31.2,,,31.2,141963,2026-04-08T04:31:06.294869+00:00
262200,NEM,2025-09-10,31.2,,,31.2,317539,2026-04-08T04:31:08.610575+00:00
262319,NEM,2025-09-11,28.1,,,28.1,1341969,2026-04-08T04:31:10.974873+00:00
262438,NEM,2025-09-12,28.1,,,28.1,353423,2026-04-08T04:31:13.547359+00:00
262557,NEM,2025-09-15,27.45,,,27.45,1019661,2026-04-08T04:31:18.268622+00:00
262676,NEM,2025-09-16,28.0,,,28.0,667095,2026-04-08T04:31:20.741189+00:00
262795,NEM,2025-09-17,28.0,,,28.0,648770,2026-04-08T04:31:23.24235+00:00
262914,NEM,2025-09-18,28.05,,,28.05,999608,2026-04-08T04:31:25.598019+00:00
263033,NEM,2025-09-19,28.05,,,28.05,609733,2026-04-08T04:31:28.111008+00:00
263152,NEM,2025-09-22,28.05,,,28.05,624853,2026-04-08T04:31:32.624882+00:00
263271,NEM,2025-09-23,27.5,,,27.5,1369038,2026-04-08T04:31:35.170326+00:00
263390,NEM,2025-09-24,27.5,,,27.5,73892,2026-04-08T04:31:37.673105+00:00
263509,NEM,2025-09-25,27.5,,,27.5,580082,2026-04-08T04:31:40.100841+00:00
263628,NEM,2025-09-26,27.5,,,27.5,97003,2026-04-08T04:31:42.548783+00:00
263747,NEM,2025-09-29,27.5,,,27.5,547023,2026-04-08T04:31:47.029675+00:00
263866,NEM,2025-09-30,27.5,,,27.5,435229,2026-04-08T04:31:49.320364+00:00
263985,NEM,2025-10-02,27.5,,,27.5,626337,2026-04-08T04:31:52.706523+00:00
264104,NEM,2025-10-03,27.6,,,27.6,564160,2026-04-08T04:31:55.311341+00:00
264223,NEM,2025-10-06,29.3,,,29.3,1428425,2026-04-08T04:31:59.803196+00:00
264342,NEM,2025-10-07,29.3,,,29.3,902222,2026-04-08T04:32:02.285104+00:00
264461,NEM,2025-10-08,27.7,,,27.7,3553078,2026-04-08T04:32:04.646463+00:00
264580,NEM,2025-10-09,27.7,,,27.7,509061,2026-04-08T04:32:07.004133+00:00
264699,NEM,2025-10-10,29.15,,,29.15,240498,2026-04-08T04:32:10.69692+00:00
264818,NEM,2025-10-13,29.15,,,29.15,850368,2026-04-08T04:32:15.267586+00:00
264937,NEM,2025-10-14,29.15,,,29.15,710474,2026-04-08T04:32:17.792097+00:00
265056,NEM,2025-10-15,29.15,,,29.15,322736,2026-04-08T04:32:20.093513+00:00
265175,NEM,2025-10-16,28.15,,,28.15,489681,2026-04-08T04:32:22.728593+00:00
265294,NEM,2025-10-17,28.9,,,28.9,757115,2026-04-08T04:32:25.167177+00:00
265413,NEM,2025-10-20,28.9,,,28.9,489540,2026-04-08T04:32:29.532096+00:00
265532,NEM,2025-10-21,28.2,,,28.2,301588,2026-04-08T04:32:31.920152+00:00
265651,NEM,2025-10-22,28.1,,,28.1,665468,2026-04-08T04:32:34.332447+00:00
265770,NEM,2025-10-23,28.1,,,28.1,544152,2026-04-08T04:32:36.79914+00:00
265889,NEM,2025-10-24,30.0,,,30.0,1577678,2026-04-08T04:32:39.249323+00:00
266008,NEM,2025-10-28,32.9,,,32.9,719404,2026-04-08T04:32:44.921336+00:00
266127,NEM,2025-10-29,32.9,,,32.9,675207,2026-04-08T04:32:47.450266+00:00
266246,NEM,2025-10-30,32.9,,,32.9,531622,2026-04-08T04:32:49.91761+00:00
266365,NEM,2025-10-31,30.5,,,30.5,902180,2026-04-08T04:32:52.375955+00:00
266484,NEM,2025-11-03,30.5,,,30.5,302308,2026-04-08T04:32:57.290654+00:00
266603,NEM,2025-11-04,28.0,,,28.0,474797,2026-04-08T04:32:59.739678+00:00
266722,NEM,2025-11-05,28.0,,,28.0,422368,2026-04-08T04:33:02.152799+00:00
266841,NEM,2025-11-06,27.5,,,27.5,1422356,2026-04-08T04:33:04.646202+00:00
266960,NEM,2025-11-07,27.5,,,27.5,572053,2026-04-08T04:33:07.145499+00:00
267079,NEM,2025-11-10,27.5,,,27.5,507030,2026-04-08T04:33:11.744122+00:00
267198,NEM,2025-11-11,27.5,,,27.5,298968,2026-04-08T04:33:14.17228+00:00
267317,NEM,2025-11-12,28.8,,,28.8,1458660,2026-04-08T04:33:16.719178+00:00
267436,NEM,2025-11-13,29.8,,,29.8,783232,2026-04-08T04:33:19.052814+00:00
267555,NEM,2025-11-14,29.8,,,29.8,458072,2026-04-08T04:33:21.762061+00:00
267674,NEM,2025-11-17,29.8,,,29.8,802466,2026-04-08T04:33:26.271116+00:00
267793,NEM,2025-11-18,29.8,,,29.8,723333,2026-04-08T04:33:29.067053+00:00
267912,NEM,2025-11-19,29.05,,,29.05,1266691,2026-04-08T04:33:31.487527+00:00
268031,NEM,2025-11-20,27.0,,,27.0,1402637,2026-04-08T04:33:33.887172+00:00
268150,NEM,2025-11-21,26.0,,,26.0,741547,2026-04-08T04:33:36.654129+00:00
268269,NEM,2025-11-24,26.0,,,26.0,5369168,2026-04-08T04:33:41.368891+00:00
268388,NEM,2025-11-25,25.45,,,25.45,13926779,2026-04-08T04:33:44.004166+00:00
268507,NEM,2025-11-26,25.2,,,25.2,3747979,2026-04-08T04:33:46.260048+00:00
268626,NEM,2025-11-27,26.0,,,26.0,694418,2026-04-08T04:33:48.488035+00:00
268745,NEM,2025-11-28,26.0,,,26.0,361790,2026-04-08T04:33:50.826192+00:00
268864,NEM,2025-12-01,25.0,,,25.0,1939440,2026-04-08T04:33:55.236541+00:00
268983,NEM,2025-12-02,25.0,,,25.0,2151363,2026-04-08T04:33:57.748335+00:00
269102,NEM,2025-12-03,26.0,,,26.0,860094,2026-04-08T04:34:00.349419+00:00
269221,NEM,2025-12-04,26.5,,,26.5,1279683,2026-04-08T04:34:03.142475+00:00
269340,NEM,2025-12-05,26.5,,,26.5,110308,2026-04-08T04:34:05.808951+00:00
269459,NEM,2025-12-08,26.5,,,26.5,470441,2026-04-08T04:34:10.334331+00:00
269578,NEM,2025-12-09,25.0,,,25.0,1939151,2026-04-08T04:34:12.926221+00:00
269697,NEM,2025-12-10,25.0,,,25.0,372754,2026-04-08T04:34:15.295879+00:00
269816,NEM,2025-12-11,26.65,,,26.65,1544613,2026-04-08T04:34:17.804745+00:00
269935,NEM,2025-12-12,26.6,,,26.6,2284874,2026-04-08T04:34:20.615101+00:00
270054,NEM,2025-12-15,26.6,,,26.6,564571,2026-04-08T04:34:25.240467+00:00
270173,NEM,2025-12-16,25.3,,,25.3,2655351,2026-04-08T04:34:27.867795+00:00
270292,NEM,2025-12-18,24.8,,,24.8,2289048,2026-04-08T04:34:31.321522+00:00
270411,NEM,2025-12-19,26.3,,,26.3,3391984,2026-04-08T04:34:33.771022+00:00
270530,NEM,2025-12-22,25.3,,,25.3,5828077,2026-04-08T04:34:38.115277+00:00
270649,NEM,2025-12-23,25.3,,,25.3,423518,2026-04-08T04:34:40.661369+00:00
270768,NEM,2025-12-24,24.1,,,24.1,285712,2026-04-08T04:34:43.221402+00:00
270887,NEM,2025-12-29,25.7,,,25.7,1529887,2026-04-08T04:34:48.902152+00:00
271006,NEM,2025-12-30,26.7,,,26.7,1688351,2026-04-08T04:34:51.359097+00:00
271125,NEM,2025-12-31,26.8,,,26.8,450533,2026-04-08T04:34:53.061316+00:00
271244,NEM,2026-01-02,26.8,,,26.8,418729,2026-04-08T04:34:56.467348+00:00
271363,NEM,2026-01-05,28.5,,,28.5,1172089,2026-04-08T04:35:01.008466+00:00
271482,NEM,2026-01-06,31.0,,,31.0,2431722,2026-04-08T04:35:03.366972+00:00
271601,NEM,2026-01-07,32.95,,,32.95,3406005,2026-04-08T04:35:05.819661+00:00
271720,NEM,2026-01-08,30.0,,,30.0,2017791,2026-04-08T04:35:08.163488+00:00
271839,NEM,2026-01-09,31.0,,,31.0,8006479,2026-04-08T04:35:10.591402+00:00
271958,NEM,2026-01-12,31.0,,,31.0,3136626,2026-04-08T04:35:15.220756+00:00
272077,NEM,2026-01-13,31.0,,,31.0,3190124,2026-04-08T04:35:17.864544+00:00
272196,NEM,2026-01-14,31.0,,,31.0,4819278,2026-04-08T04:35:20.278959+00:00
272315,NEM,2026-01-15,31.0,,,31.0,1407006,2026-04-08T04:35:23.159853+00:00
272434,NEM,2026-01-16,31.0,,,31.0,896965,2026-04-08T04:35:25.571119+00:00
272553,NEM,2026-01-19,31.0,,,31.0,777466,2026-04-08T04:35:30.272746+00:00
272672,NEM,2026-01-20,33.8,,,33.8,4588378,2026-04-08T04:35:32.536083+00:00
272792,NEM,2026-01-21,33.9,,,33.9,7004038,2026-04-08T04:35:34.90344+00:00
272912,NEM,2026-01-22,32.0,,,32.0,2463033,2026-04-08T04:35:36.566163+00:00
273032,NEM,2026-01-23,32.9,,,32.9,3086569,2026-04-08T04:35:38.92405+00:00
273152,NEM,2026-01-26,32.2,,,32.2,1292713,2026-04-08T04:35:43.383975+00:00
273272,NEM,2026-01-27,32.2,,,32.2,693306,2026-04-08T04:35:45.70946+00:00
273392,NEM,2026-01-28,30.05,,,30.05,6135394,2026-04-08T04:35:48.193808+00:00
273512,NEM,2026-01-29,32.0,,,32.0,1007228,2026-04-08T04:35:50.479528+00:00
273632,NEM,2026-01-30,32.0,,,32.0,1449251,2026-04-08T04:35:52.855058+00:00
273752,NEM,2026-02-02,32.0,,,32.0,2406939,2026-04-08T04:35:57.524813+00:00
273872,NEM,2026-02-03,32.0,,,32.0,486253,2026-04-08T04:36:00.137559+00:00
273992,NEM,2026-02-04,30.85,,,30.85,641371,2026-04-08T04:36:02.592569+00:00
274112,NEM,2026-02-05,30.95,,,30.95,719350,2026-04-08T04:36:04.997535+00:00
274232,NEM,2026-02-06,34.0,,,34.0,2572886,2026-04-08T04:36:07.533957+00:00
62,NEM,2026-02-08,,,,34.0,2572886,2026-02-08T00:18:13.946+00:00
274352,NEM,2026-02-09,34.0,,,34.0,701557,2026-04-08T04:36:12.456447+00:00
274472,NEM,2026-02-10,34.0,,,34.0,882852,2026-04-08T04:36:14.818506+00:00
274592,NEM,2026-02-11,36.0,,,36.0,568494,2026-04-08T04:36:17.460702+00:00
196,NEM,2026-02-12,33.0,,,33.0,2130233,2026-02-12T09:23:48.976396+00:00
274832,NEM,2026-02-13,33.0,,,33.0,433925,2026-04-08T04:36:22.38356+00:00
274952,NEM,2026-02-16,35.9,,,35.9,1348935,2026-04-08T04:36:26.879081+00:00
275072,NEM,2026-02-17,35.9,,,35.9,861809,2026-04-08T04:36:29.440312+00:00
275192,NEM,2026-02-18,34.45,,,34.45,1466393,2026-04-08T04:36:31.166521+00:00
275312,NEM,2026-02-19,34.7,,,34.7,1491067,2026-04-08T04:36:33.575564+00:00
584,NEM,2026-02-20,35.0,,,35.0,3868347,2026-02-20T23:15:44.934622+00:00
732,NEM,2026-02-23,35.0,,,35.0,923337,2026-02-23T07:00:01.990412+00:00
880,NEM,2026-02-24,35.0,,,35.0,2316668,2026-02-24T07:00:01.929914+00:00
1028,NEM,2026-02-25,33.5,,,33.5,767527,2026-02-25T07:00:01.953057+00:00
1176,NEM,2026-02-26,33.5,,,33.5,404174,2026-02-26T07:00:01.915173+00:00
1864,NEM,2026-02-27,33.5,,,33.5,408609,2026-02-27T07:00:02.056517+00:00
2745,NEM,2026-02-28,33.5,,,33.5,408609,2026-02-28T18:00:03.453641+00:00
2893,NEM,2026-03-01,33.5,,,33.5,408609,2026-03-01T18:00:03.821122+00:00
3041,NEM,2026-03-02,33.3,,,33.3,1647745,2026-03-02T07:00:01.981706+00:00
4005,NEM,2026-03-03,33.3,,,33.3,777606,2026-03-03T07:00:01.858909+00:00
5442,NEM,2026-03-04,34.0,,,34.0,2006977,2026-03-04T07:00:02.010027+00:00
7160,NEM,2026-03-05,32.6,,,32.6,388648,2026-03-05T07:00:02.0033+00:00
9676,NEM,2026-03-06,32.6,,,32.6,638386,2026-03-06T07:00:02.033178+00:00
11334,NEM,2026-03-07,32.6,,,32.6,638386,2026-03-07T18:00:06.285951+00:00
11482,NEM,2026-03-08,32.6,,,32.6,638386,2026-03-08T18:00:03.574352+00:00
11630,NEM,2026-03-09,31.3,,,31.3,3789414,2026-03-09T07:00:02.016534+00:00
14146,NEM,2026-03-10,34.15,,,34.15,1316990,2026-03-10T07:00:03.966079+00:00
15986,NEM,2026-03-11,34.15,,,34.15,1732806,2026-03-11T07:00:02.147117+00:00
17702,NEM,2026-03-12,32.9,,,32.9,2116056,2026-03-12T07:00:02.06753+00:00
20218,NEM,2026-03-13,34.0,,,34.0,1607239,2026-03-13T07:00:01.993197+00:00
23664,NEM,2026-03-16,34.0,,,34.0,2823339,2026-03-16T08:30:01.80086+00:00
25495,NEM,2026-03-17,33.1,,,33.1,3276592,2026-03-17T08:30:01.70448+00:00
27358,NEM,2026-03-18,33.0,,,33.0,1491453,2026-03-18T08:30:01.732403+00:00
33172,NEM,2026-03-23,33.15,,,33.15,2003249,2026-03-23T08:30:01.705825+00:00
34750,NEM,2026-03-24,34.0,,,34.0,805635,2026-03-24T15:00:01.978259+00:00
34898,NEM,2026-03-25,34.0,,,34.0,1420682,2026-03-25T15:00:01.528164+00:00
35046,NEM,2026-03-26,33.65,,,33.65,3231795,2026-03-26T15:00:01.955832+00:00
35194,NEM,2026-03-27,33.65,,,33.65,522088,2026-03-27T15:00:02.114662+00:00
278192,NEM,2026-03-30,33.7,,,33.7,2583456,2026-04-08T04:37:47.74327+00:00
35342,NEM,2026-03-31,31.9,,,31.9,1903689,2026-03-31T15:00:02.085058+00:00
278432,NEM,2026-04-01,31.9,,,31.9,1544998,2026-04-08T04:37:52.684906+00:00
35490,NEM,2026-04-02,31.9,,,31.9,919264,2026-04-02T15:00:01.864809+00:00
35934,NEM,2026-04-07,31.9,,,31.9,770151,2026-04-07T15:00:01.949344+00:00
278831,NEM,2026-04-08,31.9,,,31.9,3572839,2026-04-08T15:00:01.943007+00:00
278978,NEM,2026-04-09,31.9,,,31.9,303340,2026-04-09T15:00:02.085141+00:00
279124,NEM,2026-04-10,31.9,,,31.9,645774,2026-04-10T15:00:01.352272+00:00
279270,NEM,2026-04-13,31.9,,,31.9,597942,2026-04-13T15:00:02.021173+00:00
279416,NEM,2026-04-14,31.9,,,31.9,573887,2026-04-14T15:00:02.477878+00:00
279562,NEM,2026-04-15,31.0,,,31.0,1068437,2026-04-15T15:00:02.184222+00:00
279708,NEM,2026-04-16,31.2,,,31.2,529782,2026-04-16T15:00:02.07143+00:00
279854,NEM,2026-04-17,31.0,,,31.0,1575076,2026-04-17T15:00:02.06245+00:00
280000,NEM,2026-04-20,31.0,,,31.0,2249962,2026-04-20T15:00:01.862344+00:00
280146,NEM,2026-04-21,32.45,,,32.45,2223347,2026-04-21T15:00:02.189846+00:00
280292,NEM,2026-04-22,32.45,,,32.45,763269,2026-04-22T15:00:02.200159+00:00
280438,NEM,2026-04-23,32.45,,,32.45,384796,2026-04-23T15:00:02.125151+00:00
280584,NEM,2026-04-24,32.45,,,32.45,1144228,2026-04-24T15:00:02.20649+00:00
280730,NEM,2026-04-27,32.65,,,32.65,1212509,2026-04-27T15:00:02.034997+00:00
280876,NEM,2026-04-28,32.0,,,32.0,678718,2026-04-28T15:00:01.918241+00:00
281022,NEM,2026-04-29,31.5,,,31.5,1263905,2026-04-29T15:00:02.672724+00:00
281168,NEM,2026-04-30,30.55,,,30.55,3168341,2026-04-30T15:00:02.170664+00:00
281460,NEM,2026-05-04,28.1,,,28.1,2896880,2026-05-04T15:00:02.156928+00:00
281606,NEM,2026-05-05,30.0,,,30.0,1743229,2026-05-05T15:00:01.930748+00:00
281752,NEM,2026-05-06,30.0,,,30.0,514889,2026-05-06T15:00:01.919787+00:00
281898,NEM,2026-05-07,30.0,,,30.0,397487,2026-05-07T15:00:01.995523+00:00
282044,NEM,2026-05-08,30.0,,,30.0,805409,2026-05-08T15:00:02.118161+00:00
282190,NEM,2026-05-11,30.0,,,30.0,527120,2026-05-11T15:00:02.243132+00:00
282336,NEM,2026-05-12,30.0,,,30.0,549673,2026-05-12T15:00:02.325735+00:00
282482,NEM,2026-05-13,28.95,,,28.95,1022586,2026-05-13T15:00:01.887561+00:00
282628,NEM,2026-05-14,30.0,,,30.0,2531867,2026-05-14T15:00:01.952989+00:00
282774,NEM,2026-05-15,30.0,,,30.0,964753,2026-05-15T15:00:01.871578+00:00
282920,NEM,2026-05-18,30.05,,,30.05,744854,2026-05-18T15:00:01.868607+00:00
283066,NEM,2026-05-19,30.0,,,30.0,2090968,2026-05-19T15:00:01.863653+00:00
283212,NEM,2026-05-20,31.0,,,31.0,712192,2026-05-20T15:00:01.871845+00:00
283358,NEM,2026-05-21,31.0,,,31.0,315944,2026-05-21T15:00:01.939198+00:00
283504,NEM,2026-05-22,30.0,,,30.0,1957273,2026-05-22T15:00:02.031345+00:00
283650,NEM,2026-05-25,30.35,,,30.35,1523956,2026-05-25T15:00:01.979384+00:00
283796,NEM,2026-05-26,30.2,,,30.2,399481,2026-05-26T15:00:01.996051+00:00
284234,NEM,2026-05-29,32.9,,,32.9,286485,2026-05-29T15:00:02.455558+00:00
284380,NEM,2026-06-01,32.9,,,32.9,548662,2026-06-01T15:00:02.603507+00:00
284526,NEM,2026-06-02,32.9,,,32.9,129331,2026-06-02T15:00:02.980523+00:00
284672,NEM,2026-06-03,32.0,,,32.0,617715,2026-06-03T15:00:03.023028+00:00
284818,NEM,2026-06-04,30.0,,,30.0,539832,2026-06-04T15:00:03.321931+00:00
284964,NEM,2026-06-05,30.0,,,30.0,439977,2026-06-05T15:00:03.073061+00:00
285110,NEM,2026-06-08,29.9,,,29.9,1424895,2026-06-08T15:00:03.135386+00:00
285256,NEM,2026-06-09,31.95,,,31.95,1395531,2026-06-09T15:00:03.53749+00:00
285402,NEM,2026-06-10,31.95,,,31.95,2014071,2026-06-10T15:10:03.084397+00:00
285840,NEM,2026-06-11,34.0,,,34.0,2581759,2026-06-11T15:10:02.991492+00:00
287592,NEM,2026-06-15,31.9,,,31.9,836903,2026-06-15T15:10:02.896252+00:00
288468,NEM,2026-06-16,31.9,,,31.9,509262,2026-06-16T15:10:02.87997+00:00
289344,NEM,2026-06-17,31.9,,,31.9,204489,2026-06-17T15:10:02.980097+00:00
289782,NEM,2026-06-18,29.0,,,29.0,2245386,2026-06-18T15:10:02.932064+00:00
290366,NEM,2026-06-19,29.0,,,29.0,292534,2026-06-19T15:10:02.959085+00:00
291096,NEM,2026-06-22,29.0,,,29.0,482092,2026-06-22T15:10:03.140564+00:00
291680,NEM,2026-06-23,29.0,,,29.0,1010232,2026-06-23T15:10:03.017319+00:00
292264,NEM,2026-06-24,29.0,,,29.0,266861,2026-06-24T15:10:03.053149+00:00
292848,NEM,2026-06-25,29.0,,,29.0,424819,2026-06-25T15:10:02.973562+00:00
293286,NEM,2026-06-26,29.0,,,29.0,226967,2026-06-26T15:10:03.012808+00:00
293724,NEM,2026-06-29,28.1,,,28.1,3303446,2026-06-29T15:10:03.028054+00:00
294162,NEM,2026-06-30,28.1,,,28.1,799974,2026-06-30T15:10:03.08168+00:00
294600,NEM,2026-07-01,28.1,,,28.1,242712,2026-07-01T15:10:03.133226+00:00
295038,NEM,2026-07-02,25.5,,,25.5,1842455,2026-07-02T15:10:03.065554+00:00
295476,NEM,2026-07-03,25.5,,,25.5,260350,2026-07-03T15:10:03.019266+00:00
295914,NEM,2026-07-06,25.5,,,25.5,1099155,2026-07-06T15:10:03.100823+00:00
296352,NEM,2026-07-07,25.5,,,25.5,546057,2026-07-07T15:10:03.687653+00:00
296790,NEM,2026-07-08,25.5,,,25.5,485929,2026-07-08T15:10:02.922872+00:00
297229,NEM,2026-07-09,25.5,,,25.5,324278,2026-07-09T15:10:03.041812+00:00
297667,NEM,2026-07-10,27.95,,,27.95,484226,2026-07-10T15:10:03.284445+00:00
298105,NEM,2026-07-13,28.0,,,28.0,413746,2026-07-13T15:10:02.995074+00:00
298543,NEM,2026-07-14,28.0,,,28.0,223648,2026-07-14T15:10:03.094441+00:00
298981,NEM,2026-07-15,28.0,,,28.0,497718,2026-07-15T15:10:03.078609+00:00
299419,NEM,2026-07-16,28.0,,,28.0,188844,2026-07-16T15:10:03.113936+00:00
299857,NEM,2026-07-17,28.0,,,28.0,441555,2026-07-17T15:10:03.053983+00:00
