id,symbol,trade_date,open_price,high_price,low_price,close_price,volume,created_at
42844,PREMPAINTS,2017-01-03,10.39,,,10.39,0,2026-04-08T02:41:25.765521+00:00
43404,PREMPAINTS,2017-01-04,10.39,,,10.39,0,2026-04-08T02:42:20.164398+00:00
43514,PREMPAINTS,2017-01-05,10.39,,,10.39,0,2026-04-08T02:42:22.380516+00:00
43624,PREMPAINTS,2017-01-06,10.39,,,10.39,0,2026-04-08T02:42:23.84796+00:00
43714,PREMPAINTS,2017-01-09,10.39,,,10.39,0,2026-04-08T02:42:26.938159+00:00
43824,PREMPAINTS,2017-01-10,10.39,,,10.39,0,2026-04-08T02:42:29.227202+00:00
43934,PREMPAINTS,2017-01-11,10.39,,,10.39,0,2026-04-08T02:42:30.799441+00:00
44024,PREMPAINTS,2017-01-12,10.39,,,10.39,1250,2026-04-08T02:42:32.390658+00:00
44154,PREMPAINTS,2017-01-13,10.39,,,10.39,100,2026-04-08T02:42:34.853543+00:00
44244,PREMPAINTS,2017-01-16,10.39,,,10.39,0,2026-04-08T02:42:38.72803+00:00
44354,PREMPAINTS,2017-01-17,10.39,,,10.39,0,2026-04-08T02:42:41.056228+00:00
44464,PREMPAINTS,2017-01-18,10.39,,,10.39,0,2026-04-08T02:42:42.795307+00:00
44554,PREMPAINTS,2017-01-19,10.39,,,10.39,0,2026-04-08T02:42:44.39781+00:00
44664,PREMPAINTS,2017-01-20,10.39,,,10.39,100,2026-04-08T02:42:46.643743+00:00
44774,PREMPAINTS,2017-01-23,10.39,,,10.39,0,2026-04-08T02:42:49.827664+00:00
44884,PREMPAINTS,2017-01-24,10.39,,,10.39,0,2026-04-08T02:42:51.574002+00:00
44974,PREMPAINTS,2017-01-25,10.39,,,10.39,0,2026-04-08T02:42:54.05787+00:00
45084,PREMPAINTS,2017-01-26,10.39,,,10.39,0,2026-04-08T02:42:55.759+00:00
45194,PREMPAINTS,2017-01-27,10.39,,,10.39,0,2026-04-08T02:42:57.462271+00:00
45304,PREMPAINTS,2017-01-30,10.39,,,10.39,0,2026-04-08T02:43:00.905282+00:00
45414,PREMPAINTS,2017-01-31,10.39,,,10.39,197,2026-04-08T02:43:03.07753+00:00
45524,PREMPAINTS,2017-02-01,10.39,,,10.39,0,2026-04-08T02:43:04.619173+00:00
45614,PREMPAINTS,2017-02-02,10.39,,,10.39,0,2026-04-08T02:43:06.209007+00:00
45724,PREMPAINTS,2017-02-03,10.39,,,10.39,0,2026-04-08T02:43:08.490666+00:00
45834,PREMPAINTS,2017-02-06,10.39,,,10.39,0,2026-04-08T02:43:11.037852+00:00
45944,PREMPAINTS,2017-02-07,10.39,,,10.39,1100,2026-04-08T02:43:12.662822+00:00
46034,PREMPAINTS,2017-02-08,10.39,,,10.39,2,2026-04-08T02:43:14.224877+00:00
46145,PREMPAINTS,2017-02-09,10.39,,,10.39,50,2026-04-08T02:43:16.408746+00:00
46256,PREMPAINTS,2017-02-10,10.39,,,10.39,0,2026-04-08T02:43:18.597686+00:00
46348,PREMPAINTS,2017-02-13,10.39,,,10.39,0,2026-04-08T02:43:22.775561+00:00
46460,PREMPAINTS,2017-02-14,10.39,,,10.39,0,2026-04-08T02:43:24.286485+00:00
46572,PREMPAINTS,2017-02-15,10.39,,,10.39,0,2026-04-08T02:43:26.422065+00:00
46684,PREMPAINTS,2017-02-16,10.39,,,10.39,0,2026-04-08T02:43:28.597754+00:00
46776,PREMPAINTS,2017-02-17,10.39,,,10.39,0,2026-04-08T02:43:31.044717+00:00
49444,PREMPAINTS,2017-02-20,10.39,,,10.39,0,2026-04-08T02:51:00.639833+00:00
49536,PREMPAINTS,2017-02-21,10.39,,,10.39,0,2026-04-08T02:51:03.098475+00:00
46868,PREMPAINTS,2017-02-22,10.39,,,10.39,0,2026-04-08T02:44:33.152084+00:00
46960,PREMPAINTS,2017-02-23,10.39,,,10.39,0,2026-04-08T02:44:35.448225+00:00
47052,PREMPAINTS,2017-02-24,10.39,,,10.39,0,2026-04-08T02:44:37.781529+00:00
47144,PREMPAINTS,2017-02-27,10.39,,,10.39,0,2026-04-08T02:44:42.101817+00:00
47236,PREMPAINTS,2017-02-28,10.39,,,10.39,0,2026-04-08T02:44:45.006295+00:00
47328,PREMPAINTS,2017-03-01,10.39,,,10.39,0,2026-04-08T02:44:47.332471+00:00
47420,PREMPAINTS,2017-03-02,10.39,,,10.39,0,2026-04-08T02:44:49.657807+00:00
47512,PREMPAINTS,2017-03-03,10.39,,,10.39,0,2026-04-08T02:44:51.301699+00:00
47604,PREMPAINTS,2017-03-06,10.39,,,10.39,750,2026-04-08T02:44:56.024588+00:00
47696,PREMPAINTS,2017-03-07,10.39,,,10.39,0,2026-04-08T02:44:58.263872+00:00
47788,PREMPAINTS,2017-03-08,10.39,,,10.39,0,2026-04-08T02:44:59.957789+00:00
47880,PREMPAINTS,2017-03-09,10.39,,,10.39,0,2026-04-08T02:45:01.661944+00:00
47972,PREMPAINTS,2017-03-10,10.39,,,10.39,0,2026-04-08T02:45:03.96312+00:00
48064,PREMPAINTS,2017-03-13,10.39,,,10.39,0,2026-04-08T02:45:08.663664+00:00
48156,PREMPAINTS,2017-03-14,10.39,,,10.39,0,2026-04-08T02:45:11.088473+00:00
48248,PREMPAINTS,2017-03-15,10.39,,,10.39,0,2026-04-08T02:45:12.861206+00:00
48340,PREMPAINTS,2017-03-16,10.39,,,10.39,0,2026-04-08T02:45:15.084197+00:00
48432,PREMPAINTS,2017-03-17,10.39,,,10.39,0,2026-04-08T02:45:17.543831+00:00
48524,PREMPAINTS,2017-03-20,10.39,,,10.39,0,2026-04-08T02:45:21.873889+00:00
48616,PREMPAINTS,2017-03-21,10.39,,,10.39,0,2026-04-08T02:45:25.078347+00:00
48708,PREMPAINTS,2017-03-22,10.39,,,10.39,0,2026-04-08T02:45:26.626215+00:00
48800,PREMPAINTS,2017-03-23,10.39,,,10.39,832,2026-04-08T02:45:28.377346+00:00
48892,PREMPAINTS,2017-03-24,10.39,,,10.39,450,2026-04-08T02:45:30.775015+00:00
48984,PREMPAINTS,2017-03-27,10.39,,,10.39,118,2026-04-08T02:45:34.704999+00:00
49076,PREMPAINTS,2017-03-28,10.39,,,10.39,0,2026-04-08T02:45:36.347457+00:00
49168,PREMPAINTS,2017-03-29,10.39,,,10.39,0,2026-04-08T02:45:38.731306+00:00
49260,PREMPAINTS,2017-03-30,10.39,,,10.39,0,2026-04-08T02:45:40.513553+00:00
49352,PREMPAINTS,2017-03-31,10.39,,,10.39,0,2026-04-08T02:45:42.281198+00:00
49628,PREMPAINTS,2017-04-03,10.39,,,10.39,0,2026-04-08T02:51:07.481095+00:00
49720,PREMPAINTS,2017-04-04,10.39,,,10.39,0,2026-04-08T02:51:09.86923+00:00
49812,PREMPAINTS,2017-04-05,10.39,,,10.39,0,2026-04-08T02:51:12.308135+00:00
49904,PREMPAINTS,2017-04-06,10.39,,,10.39,0,2026-04-08T02:51:14.846493+00:00
49996,PREMPAINTS,2017-04-07,10.39,,,10.39,0,2026-04-08T02:51:17.320635+00:00
50087,PREMPAINTS,2017-04-10,10.39,,,10.39,0,2026-04-08T02:51:21.583607+00:00
50178,PREMPAINTS,2017-04-11,10.39,,,10.39,1100,2026-04-08T02:51:23.796131+00:00
50269,PREMPAINTS,2017-04-12,10.39,,,10.39,0,2026-04-08T02:51:26.28287+00:00
50360,PREMPAINTS,2017-04-13,10.39,,,10.39,0,2026-04-08T02:51:28.606475+00:00
50451,PREMPAINTS,2017-04-18,10.39,,,10.39,0,2026-04-08T02:51:35.070654+00:00
50542,PREMPAINTS,2017-04-19,10.39,,,10.39,0,2026-04-08T02:51:37.390681+00:00
50633,PREMPAINTS,2017-04-20,10.39,,,10.39,0,2026-04-08T02:51:39.751187+00:00
50724,PREMPAINTS,2017-04-21,10.39,,,10.39,10,2026-04-08T02:51:42.059234+00:00
50815,PREMPAINTS,2017-04-24,10.39,,,10.39,0,2026-04-08T02:51:46.271638+00:00
50906,PREMPAINTS,2017-04-25,10.39,,,10.39,0,2026-04-08T02:51:48.506234+00:00
50997,PREMPAINTS,2017-04-26,10.39,,,10.39,0,2026-04-08T02:51:50.787758+00:00
51088,PREMPAINTS,2017-04-27,10.39,,,10.39,0,2026-04-08T02:51:53.168104+00:00
51179,PREMPAINTS,2017-04-28,10.39,,,10.39,20,2026-04-08T02:51:55.619599+00:00
51270,PREMPAINTS,2017-05-02,10.39,,,10.39,0,2026-04-08T02:52:01.291461+00:00
51361,PREMPAINTS,2017-05-03,10.39,,,10.39,0,2026-04-08T02:52:03.619408+00:00
51452,PREMPAINTS,2017-05-04,10.39,,,10.39,0,2026-04-08T02:52:06.041901+00:00
51543,PREMPAINTS,2017-05-05,10.39,,,10.39,0,2026-04-08T02:52:08.320033+00:00
51634,PREMPAINTS,2017-05-08,10.39,,,10.39,0,2026-04-08T02:52:12.828428+00:00
51725,PREMPAINTS,2017-05-09,10.39,,,10.39,0,2026-04-08T02:52:15.102333+00:00
51816,PREMPAINTS,2017-05-10,10.39,,,10.39,0,2026-04-08T02:52:17.709352+00:00
51907,PREMPAINTS,2017-05-11,10.39,,,10.39,0,2026-04-08T02:52:19.900179+00:00
51998,PREMPAINTS,2017-05-12,10.39,,,10.39,0,2026-04-08T02:52:22.170941+00:00
52090,PREMPAINTS,2017-05-15,10.39,,,10.39,0,2026-04-08T02:52:26.563035+00:00
52182,PREMPAINTS,2017-05-16,10.39,,,10.39,0,2026-04-08T02:52:28.807233+00:00
52274,PREMPAINTS,2017-05-17,10.39,,,10.39,20,2026-04-08T02:52:31.099411+00:00
52366,PREMPAINTS,2017-05-18,10.39,,,10.39,0,2026-04-08T02:52:33.303088+00:00
52458,PREMPAINTS,2017-05-19,10.39,,,10.39,0,2026-04-08T02:52:35.640534+00:00
52550,PREMPAINTS,2017-05-22,10.39,,,10.39,0,2026-04-08T02:52:39.854932+00:00
52642,PREMPAINTS,2017-05-23,10.39,,,10.39,0,2026-04-08T02:52:42.264162+00:00
52734,PREMPAINTS,2017-05-24,10.39,,,10.39,0,2026-04-08T02:52:44.613941+00:00
52826,PREMPAINTS,2017-05-25,10.39,,,10.39,0,2026-04-08T02:52:46.963191+00:00
52918,PREMPAINTS,2017-05-26,10.39,,,10.39,100,2026-04-08T02:52:49.347152+00:00
53010,PREMPAINTS,2017-05-30,10.39,,,10.39,0,2026-04-08T02:52:54.942696+00:00
53102,PREMPAINTS,2017-05-31,10.39,,,10.39,0,2026-04-08T02:52:57.421655+00:00
53194,PREMPAINTS,2017-06-01,10.39,,,10.39,0,2026-04-08T02:52:59.649981+00:00
53286,PREMPAINTS,2017-06-02,10.39,,,10.39,0,2026-04-08T02:53:02.056444+00:00
53378,PREMPAINTS,2017-06-05,10.39,,,10.39,0,2026-04-08T02:53:06.428901+00:00
53470,PREMPAINTS,2017-06-06,10.39,,,10.39,0,2026-04-08T02:53:08.604609+00:00
53562,PREMPAINTS,2017-06-07,10.39,,,10.39,0,2026-04-08T02:53:10.833265+00:00
53654,PREMPAINTS,2017-06-08,10.39,,,10.39,0,2026-04-08T02:53:13.196386+00:00
53746,PREMPAINTS,2017-06-09,10.39,,,10.39,0,2026-04-08T02:53:15.53674+00:00
53838,PREMPAINTS,2017-06-12,10.39,,,10.39,0,2026-04-08T02:53:19.709801+00:00
53930,PREMPAINTS,2017-06-13,10.39,,,10.39,0,2026-04-08T02:53:22.046011+00:00
54022,PREMPAINTS,2017-06-14,10.39,,,10.39,0,2026-04-08T02:53:24.253383+00:00
54114,PREMPAINTS,2017-06-15,10.39,,,10.39,0,2026-04-08T02:53:26.527181+00:00
54206,PREMPAINTS,2017-06-16,10.39,,,10.39,0,2026-04-08T02:53:28.80273+00:00
54298,PREMPAINTS,2017-06-19,10.39,,,10.39,0,2026-04-08T02:53:33.036647+00:00
54390,PREMPAINTS,2017-06-20,10.39,,,10.39,0,2026-04-08T02:53:35.524675+00:00
54482,PREMPAINTS,2017-06-21,10.39,,,10.39,0,2026-04-08T02:53:37.865913+00:00
54574,PREMPAINTS,2017-06-22,10.39,,,10.39,0,2026-04-08T02:53:40.094955+00:00
54666,PREMPAINTS,2017-06-23,10.39,,,10.39,0,2026-04-08T02:53:42.493578+00:00
54758,PREMPAINTS,2017-06-28,10.39,,,10.39,100,2026-04-08T02:53:49.135881+00:00
54850,PREMPAINTS,2017-06-29,10.39,,,10.39,0,2026-04-08T02:53:51.51214+00:00
54942,PREMPAINTS,2017-06-30,10.39,,,10.39,0,2026-04-08T02:53:53.827964+00:00
55034,PREMPAINTS,2017-07-03,10.39,,,10.39,100,2026-04-08T02:53:58.279599+00:00
55126,PREMPAINTS,2017-07-04,10.39,,,10.39,0,2026-04-08T02:54:00.563227+00:00
55218,PREMPAINTS,2017-07-05,10.39,,,10.39,0,2026-04-08T02:54:02.831513+00:00
55310,PREMPAINTS,2017-07-06,10.39,,,10.39,0,2026-04-08T02:54:05.078114+00:00
55402,PREMPAINTS,2017-07-07,10.39,,,10.39,0,2026-04-08T02:54:07.286065+00:00
55494,PREMPAINTS,2017-07-10,10.39,,,10.39,0,2026-04-08T02:54:11.798817+00:00
55586,PREMPAINTS,2017-07-11,10.39,,,10.39,0,2026-04-08T02:54:14.116532+00:00
55852,PREMPAINTS,2017-07-14,10.39,,,10.39,0,2026-04-08T02:54:21.336813+00:00
55944,PREMPAINTS,2017-07-17,10.39,,,10.39,0,2026-04-08T02:54:25.561903+00:00
56036,PREMPAINTS,2017-07-18,10.39,,,10.39,0,2026-04-08T02:54:28.120242+00:00
56128,PREMPAINTS,2017-07-19,10.39,,,10.39,0,2026-04-08T02:54:30.645734+00:00
56220,PREMPAINTS,2017-07-20,10.39,,,10.39,0,2026-04-08T02:54:33.025266+00:00
56312,PREMPAINTS,2017-07-21,10.39,,,10.39,0,2026-04-08T02:54:35.480817+00:00
56404,PREMPAINTS,2017-07-24,10.39,,,10.39,0,2026-04-08T02:54:39.934321+00:00
56496,PREMPAINTS,2017-07-26,10.39,,,10.39,0,2026-04-08T02:54:43.20598+00:00
56588,PREMPAINTS,2017-07-27,10.39,,,10.39,0,2026-04-08T02:54:45.547579+00:00
56680,PREMPAINTS,2017-07-28,10.39,,,10.39,0,2026-04-08T02:54:47.918804+00:00
56772,PREMPAINTS,2017-07-31,10.39,,,10.39,0,2026-04-08T02:54:52.464984+00:00
56864,PREMPAINTS,2017-08-01,10.39,,,10.39,0,2026-04-08T02:54:54.790805+00:00
56956,PREMPAINTS,2017-08-02,10.39,,,10.39,0,2026-04-08T02:54:57.117603+00:00
57048,PREMPAINTS,2017-08-03,10.39,,,10.39,0,2026-04-08T02:54:59.3729+00:00
57140,PREMPAINTS,2017-08-04,10.39,,,10.39,0,2026-04-08T02:55:01.592641+00:00
57232,PREMPAINTS,2017-08-07,10.39,,,10.39,0,2026-04-08T02:55:06.418828+00:00
57324,PREMPAINTS,2017-08-08,10.39,,,10.39,0,2026-04-08T02:55:08.763983+00:00
57416,PREMPAINTS,2017-08-09,10.39,,,10.39,0,2026-04-08T02:55:11.057796+00:00
57508,PREMPAINTS,2017-08-10,10.39,,,10.39,0,2026-04-08T02:55:13.401484+00:00
57600,PREMPAINTS,2017-08-11,10.39,,,10.39,0,2026-04-08T02:55:15.670877+00:00
57692,PREMPAINTS,2017-08-14,10.39,,,10.39,0,2026-04-08T02:55:20.026285+00:00
57784,PREMPAINTS,2017-08-15,10.39,,,10.39,0,2026-04-08T02:55:22.633816+00:00
57876,PREMPAINTS,2017-08-16,10.39,,,10.39,0,2026-04-08T02:55:24.979188+00:00
57968,PREMPAINTS,2017-08-17,10.39,,,10.39,0,2026-04-08T02:55:27.3994+00:00
58060,PREMPAINTS,2017-08-18,10.39,,,10.39,0,2026-04-08T02:55:29.67842+00:00
58152,PREMPAINTS,2017-08-21,10.39,,,10.39,0,2026-04-08T02:55:34.023067+00:00
58244,PREMPAINTS,2017-08-22,10.39,,,10.39,0,2026-04-08T02:55:36.334754+00:00
58336,PREMPAINTS,2017-08-23,10.39,,,10.39,0,2026-04-08T02:55:38.717606+00:00
58428,PREMPAINTS,2017-08-24,10.39,,,10.39,0,2026-04-08T02:55:41.242089+00:00
58520,PREMPAINTS,2017-08-25,10.39,,,10.39,0,2026-04-08T02:55:43.579232+00:00
58612,PREMPAINTS,2017-08-28,10.39,,,10.39,0,2026-04-08T02:55:48.020598+00:00
58704,PREMPAINTS,2017-08-29,10.39,,,10.39,0,2026-04-08T02:55:50.281022+00:00
58796,PREMPAINTS,2017-08-30,10.39,,,10.39,0,2026-04-08T02:55:52.499005+00:00
58888,PREMPAINTS,2017-08-31,10.39,,,10.39,0,2026-04-08T02:55:54.947048+00:00
58980,PREMPAINTS,2017-09-05,10.39,,,10.39,0,2026-04-08T02:56:01.572419+00:00
59072,PREMPAINTS,2017-09-06,10.39,,,10.39,0,2026-04-08T02:56:03.885356+00:00
59164,PREMPAINTS,2017-09-07,10.39,,,10.39,0,2026-04-08T02:56:06.19045+00:00
59256,PREMPAINTS,2017-09-11,10.39,,,10.39,0,2026-04-08T02:56:11.370569+00:00
59348,PREMPAINTS,2017-09-12,10.39,,,10.39,0,2026-04-08T02:56:13.892416+00:00
59440,PREMPAINTS,2017-09-13,10.39,,,10.39,0,2026-04-08T02:56:16.312215+00:00
59532,PREMPAINTS,2017-09-14,10.39,,,10.39,0,2026-04-08T02:56:18.601168+00:00
59624,PREMPAINTS,2017-09-15,10.39,,,10.39,0,2026-04-08T02:56:20.93666+00:00
59716,PREMPAINTS,2017-09-16,10.39,,,10.39,0,2026-04-08T02:56:23.148937+00:00
59808,PREMPAINTS,2017-09-19,10.39,,,10.39,0,2026-04-08T02:56:27.358465+00:00
59900,PREMPAINTS,2017-09-20,10.39,,,10.39,0,2026-04-08T02:56:29.683375+00:00
59992,PREMPAINTS,2017-09-21,10.39,,,10.39,0,2026-04-08T02:56:31.851594+00:00
60084,PREMPAINTS,2017-09-22,10.39,,,10.39,0,2026-04-08T02:56:34.007646+00:00
60176,PREMPAINTS,2017-09-25,10.39,,,10.39,0,2026-04-08T02:56:38.385386+00:00
60268,PREMPAINTS,2017-09-26,10.39,,,10.39,0,2026-04-08T02:56:40.657356+00:00
60360,PREMPAINTS,2017-09-27,10.39,,,10.39,0,2026-04-08T02:56:42.968732+00:00
60452,PREMPAINTS,2017-09-28,10.39,,,10.39,0,2026-04-08T02:56:45.128996+00:00
60544,PREMPAINTS,2017-09-29,10.39,,,10.39,0,2026-04-08T02:56:47.398677+00:00
60636,PREMPAINTS,2017-10-03,10.39,,,10.39,0,2026-04-08T02:56:52.779733+00:00
60728,PREMPAINTS,2017-10-04,10.39,,,10.39,0,2026-04-08T02:56:55.065177+00:00
60820,PREMPAINTS,2017-10-05,10.39,,,10.39,0,2026-04-08T02:56:57.377802+00:00
60912,PREMPAINTS,2017-10-06,10.39,,,10.39,0,2026-04-08T02:56:59.661092+00:00
61004,PREMPAINTS,2017-10-09,10.39,,,10.39,0,2026-04-08T02:57:04.043492+00:00
61096,PREMPAINTS,2017-10-10,10.39,,,10.39,0,2026-04-08T02:57:06.326055+00:00
61188,PREMPAINTS,2017-10-11,10.39,,,10.39,0,2026-04-08T02:57:08.620281+00:00
61280,PREMPAINTS,2017-10-12,10.39,,,10.39,0,2026-04-08T02:57:10.950839+00:00
61372,PREMPAINTS,2017-10-13,10.39,,,10.39,0,2026-04-08T02:57:13.525709+00:00
61464,PREMPAINTS,2017-10-16,10.39,,,10.39,0,2026-04-08T02:57:17.895676+00:00
61556,PREMPAINTS,2017-10-17,10.39,,,10.39,0,2026-04-08T02:57:20.31307+00:00
61648,PREMPAINTS,2017-10-18,10.39,,,10.39,0,2026-04-08T02:57:22.526226+00:00
61740,PREMPAINTS,2017-10-19,10.39,,,10.39,0,2026-04-08T02:57:24.865827+00:00
61832,PREMPAINTS,2017-10-20,10.39,,,10.39,0,2026-04-08T02:57:27.091081+00:00
61924,PREMPAINTS,2017-10-23,10.39,,,10.39,0,2026-04-08T02:57:31.703062+00:00
62016,PREMPAINTS,2017-10-24,10.39,,,10.39,0,2026-04-08T02:57:34.020008+00:00
62108,PREMPAINTS,2017-10-25,10.39,,,10.39,0,2026-04-08T02:57:36.254878+00:00
62200,PREMPAINTS,2017-10-26,10.39,,,10.39,0,2026-04-08T02:57:38.639324+00:00
62292,PREMPAINTS,2017-10-27,10.39,,,10.39,0,2026-04-08T02:57:40.810349+00:00
62384,PREMPAINTS,2017-10-30,10.39,,,10.39,0,2026-04-08T02:57:45.233404+00:00
62476,PREMPAINTS,2017-10-31,10.39,,,10.39,0,2026-04-08T02:57:47.538171+00:00
62568,PREMPAINTS,2017-11-01,10.39,,,10.39,0,2026-04-08T02:57:49.900698+00:00
62660,PREMPAINTS,2017-11-02,10.39,,,10.39,0,2026-04-08T02:57:52.192143+00:00
62752,PREMPAINTS,2017-11-03,10.39,,,10.39,0,2026-04-08T02:57:54.512232+00:00
62844,PREMPAINTS,2017-11-06,10.39,,,10.39,0,2026-04-08T02:57:59.23147+00:00
62936,PREMPAINTS,2017-11-07,10.39,,,10.39,0,2026-04-08T02:58:01.524363+00:00
63028,PREMPAINTS,2017-11-08,10.39,,,10.39,0,2026-04-08T02:58:03.79912+00:00
63120,PREMPAINTS,2017-11-09,10.39,,,10.39,0,2026-04-08T02:58:06.050925+00:00
63212,PREMPAINTS,2017-11-10,10.39,,,10.39,0,2026-04-08T02:58:08.423322+00:00
63304,PREMPAINTS,2017-11-13,10.39,,,10.39,0,2026-04-08T02:58:12.832851+00:00
63396,PREMPAINTS,2017-11-14,10.39,,,10.39,0,2026-04-08T02:58:15.182817+00:00
63488,PREMPAINTS,2017-11-15,10.39,,,10.39,0,2026-04-08T02:58:17.483941+00:00
63580,PREMPAINTS,2017-11-16,10.39,,,10.39,0,2026-04-08T02:58:19.932158+00:00
63672,PREMPAINTS,2017-11-17,10.39,,,10.39,0,2026-04-08T02:58:22.230505+00:00
63764,PREMPAINTS,2017-11-20,10.39,,,10.39,0,2026-04-08T02:58:26.609741+00:00
63856,PREMPAINTS,2017-11-21,10.39,,,10.39,0,2026-04-08T02:58:29.044371+00:00
63948,PREMPAINTS,2017-11-22,10.39,,,10.39,0,2026-04-08T02:58:31.282092+00:00
64040,PREMPAINTS,2017-11-23,10.39,,,10.39,0,2026-04-08T02:58:33.589475+00:00
64132,PREMPAINTS,2017-11-24,10.39,,,10.39,0,2026-04-08T02:58:35.965247+00:00
64224,PREMPAINTS,2017-11-27,10.39,,,10.39,0,2026-04-08T02:58:40.303262+00:00
64316,PREMPAINTS,2017-11-28,10.39,,,10.39,0,2026-04-08T02:58:42.596324+00:00
64408,PREMPAINTS,2017-11-29,10.39,,,10.39,0,2026-04-08T02:58:44.979081+00:00
64500,PREMPAINTS,2017-11-30,10.39,,,10.39,0,2026-04-08T02:58:47.226359+00:00
64592,PREMPAINTS,2017-12-04,10.39,,,10.39,0,2026-04-08T02:58:52.54699+00:00
64684,PREMPAINTS,2017-12-05,10.39,,,10.39,0,2026-04-08T02:58:54.773083+00:00
64776,PREMPAINTS,2017-12-06,10.39,,,10.39,0,2026-04-08T02:58:57.263783+00:00
64868,PREMPAINTS,2017-12-07,10.39,,,10.39,0,2026-04-08T02:58:59.55462+00:00
64960,PREMPAINTS,2017-12-08,10.39,,,10.39,0,2026-04-08T02:59:01.865905+00:00
65052,PREMPAINTS,2017-12-11,10.39,,,10.39,0,2026-04-08T02:59:06.715792+00:00
65144,PREMPAINTS,2017-12-12,10.39,,,10.39,0,2026-04-08T02:59:09.170602+00:00
65236,PREMPAINTS,2017-12-13,10.39,,,10.39,0,2026-04-08T02:59:11.522814+00:00
65328,PREMPAINTS,2017-12-14,10.39,,,10.39,0,2026-04-08T02:59:13.751616+00:00
65420,PREMPAINTS,2017-12-15,10.39,,,10.39,0,2026-04-08T02:59:16.016878+00:00
65512,PREMPAINTS,2017-12-18,10.39,,,10.39,0,2026-04-08T02:59:20.496704+00:00
65604,PREMPAINTS,2017-12-19,10.39,,,10.39,0,2026-04-08T02:59:22.691103+00:00
65696,PREMPAINTS,2017-12-20,10.39,,,10.39,0,2026-04-08T02:59:25.001427+00:00
65788,PREMPAINTS,2017-12-21,10.39,,,10.39,0,2026-04-08T02:59:27.554405+00:00
65880,PREMPAINTS,2017-12-22,10.39,,,10.39,0,2026-04-08T02:59:29.82771+00:00
65972,PREMPAINTS,2017-12-27,10.39,,,10.39,0,2026-04-08T02:59:36.63878+00:00
66064,PREMPAINTS,2017-12-28,10.39,,,10.39,0,2026-04-08T02:59:39.04539+00:00
66156,PREMPAINTS,2017-12-29,10.39,,,10.39,0,2026-04-08T02:59:41.445401+00:00
66248,PREMPAINTS,2018-01-02,10.39,,,10.39,0,2026-04-08T02:59:46.944851+00:00
66340,PREMPAINTS,2018-01-03,10.39,,,10.39,0,2026-04-08T02:59:49.25236+00:00
66432,PREMPAINTS,2018-01-04,10.39,,,10.39,0,2026-04-08T02:59:51.440942+00:00
66524,PREMPAINTS,2018-01-05,10.39,,,10.39,0,2026-04-08T02:59:53.632679+00:00
66616,PREMPAINTS,2018-01-08,10.39,,,10.39,0,2026-04-08T02:59:58.187375+00:00
66708,PREMPAINTS,2018-01-09,10.39,,,10.39,0,2026-04-08T03:00:00.526076+00:00
66800,PREMPAINTS,2018-01-10,10.39,,,10.39,0,2026-04-08T03:00:02.789006+00:00
66892,PREMPAINTS,2018-01-11,10.39,,,10.39,0,2026-04-08T03:00:05.007224+00:00
66984,PREMPAINTS,2018-01-12,10.39,,,10.39,0,2026-04-08T03:00:07.437621+00:00
67076,PREMPAINTS,2018-01-15,10.39,,,10.39,0,2026-04-08T03:00:11.967979+00:00
67168,PREMPAINTS,2018-01-16,10.39,,,10.39,0,2026-04-08T03:00:14.274869+00:00
67260,PREMPAINTS,2018-01-17,10.39,,,10.39,0,2026-04-08T03:00:16.592861+00:00
67352,PREMPAINTS,2018-01-18,10.39,,,10.39,0,2026-04-08T03:00:18.874572+00:00
67444,PREMPAINTS,2018-01-19,10.39,,,10.39,0,2026-04-08T03:00:21.223293+00:00
67536,PREMPAINTS,2018-01-22,10.39,,,10.39,0,2026-04-08T03:00:25.613479+00:00
67628,PREMPAINTS,2018-01-23,10.39,,,10.39,0,2026-04-08T03:00:27.792672+00:00
67720,PREMPAINTS,2018-01-24,10.39,,,10.39,0,2026-04-08T03:00:29.955701+00:00
67812,PREMPAINTS,2018-01-25,10.39,,,10.39,0,2026-04-08T03:00:32.149736+00:00
67904,PREMPAINTS,2018-01-26,10.39,,,10.39,0,2026-04-08T03:00:34.314441+00:00
67996,PREMPAINTS,2018-01-30,10.4,,,10.4,0,2026-04-08T03:00:39.498781+00:00
68088,PREMPAINTS,2018-01-31,10.4,,,10.4,0,2026-04-08T03:00:41.874276+00:00
68180,PREMPAINTS,2018-02-01,10.4,,,10.4,0,2026-04-08T03:00:44.260901+00:00
68272,PREMPAINTS,2018-02-02,10.4,,,10.4,0,2026-04-08T03:00:46.552556+00:00
68364,PREMPAINTS,2018-02-05,10.4,,,10.4,0,2026-04-08T03:00:50.820837+00:00
68456,PREMPAINTS,2018-02-06,10.4,,,10.4,0,2026-04-08T03:00:53.862975+00:00
68548,PREMPAINTS,2018-02-07,10.4,,,10.4,0,2026-04-08T03:00:56.249659+00:00
68640,PREMPAINTS,2018-02-08,10.4,,,10.4,0,2026-04-08T03:00:58.532515+00:00
68732,PREMPAINTS,2018-02-12,10.4,,,10.4,0,2026-04-08T03:01:04.382325+00:00
68824,PREMPAINTS,2018-02-13,10.4,,,10.4,0,2026-04-08T03:01:06.5746+00:00
68916,PREMPAINTS,2018-02-14,10.4,,,10.4,0,2026-04-08T03:01:08.960618+00:00
69008,PREMPAINTS,2018-02-15,10.4,,,10.4,0,2026-04-08T03:01:11.158693+00:00
69100,PREMPAINTS,2018-02-16,10.4,,,10.4,0,2026-04-08T03:01:13.607551+00:00
69192,PREMPAINTS,2018-02-19,10.4,,,10.4,0,2026-04-08T03:01:18.187191+00:00
69284,PREMPAINTS,2018-02-20,10.4,,,10.4,0,2026-04-08T03:01:20.554931+00:00
69376,PREMPAINTS,2018-02-22,10.4,,,10.4,0,2026-04-08T03:01:23.957413+00:00
69468,PREMPAINTS,2018-02-26,10.4,,,10.4,0,2026-04-08T03:01:29.317338+00:00
69560,PREMPAINTS,2018-02-27,10.4,,,10.4,0,2026-04-08T03:01:31.58282+00:00
69652,PREMPAINTS,2018-02-28,10.4,,,10.4,0,2026-04-08T03:01:33.916623+00:00
69744,PREMPAINTS,2018-03-01,10.4,,,10.4,0,2026-04-08T03:01:36.321302+00:00
69836,PREMPAINTS,2018-03-02,10.4,,,10.4,0,2026-04-08T03:01:38.625174+00:00
69928,PREMPAINTS,2018-03-05,10.4,,,10.4,0,2026-04-08T03:01:43.47208+00:00
70020,PREMPAINTS,2018-03-06,10.4,,,10.4,0,2026-04-08T03:01:45.677681+00:00
70112,PREMPAINTS,2018-03-08,10.4,,,10.4,0,2026-04-08T03:01:48.923554+00:00
70204,PREMPAINTS,2018-03-09,10.4,,,10.4,0,2026-04-08T03:01:51.131195+00:00
70296,PREMPAINTS,2018-03-12,10.4,,,10.4,0,2026-04-08T03:01:55.382529+00:00
70388,PREMPAINTS,2018-03-13,10.4,,,10.4,0,2026-04-08T03:01:57.721961+00:00
70480,PREMPAINTS,2018-03-14,10.4,,,10.4,0,2026-04-08T03:02:00.06799+00:00
70572,PREMPAINTS,2018-03-15,10.4,,,10.4,0,2026-04-08T03:02:02.587626+00:00
70664,PREMPAINTS,2018-03-16,10.4,,,10.4,0,2026-04-08T03:02:05.049003+00:00
70756,PREMPAINTS,2018-03-19,10.4,,,10.4,0,2026-04-08T03:02:09.713694+00:00
70848,PREMPAINTS,2018-03-20,10.4,,,10.4,0,2026-04-08T03:02:12.039098+00:00
70940,PREMPAINTS,2018-03-21,10.4,,,10.4,0,2026-04-08T03:02:14.26344+00:00
71032,PREMPAINTS,2018-03-22,10.4,,,10.4,0,2026-04-08T03:02:16.655807+00:00
71124,PREMPAINTS,2018-03-23,10.4,,,10.4,0,2026-04-08T03:02:19.005936+00:00
71216,PREMPAINTS,2018-03-26,10.4,,,10.4,0,2026-04-08T03:02:23.356301+00:00
71308,PREMPAINTS,2018-03-27,10.4,,,10.4,0,2026-04-08T03:02:25.602463+00:00
71400,PREMPAINTS,2018-03-28,10.4,,,10.4,0,2026-04-08T03:02:28.271075+00:00
71492,PREMPAINTS,2018-03-29,10.4,,,10.4,0,2026-04-08T03:02:31.326472+00:00
71584,PREMPAINTS,2018-04-03,10.4,,,10.4,0,2026-04-08T03:02:37.862294+00:00
71676,PREMPAINTS,2018-04-04,10.4,,,10.4,0,2026-04-08T03:02:40.086392+00:00
71768,PREMPAINTS,2018-04-05,10.4,,,10.4,0,2026-04-08T03:02:42.518452+00:00
71860,PREMPAINTS,2018-04-09,10.4,,,10.4,0,2026-04-08T03:02:48.00481+00:00
71952,PREMPAINTS,2018-04-10,10.4,,,10.4,0,2026-04-08T03:02:50.293549+00:00
72044,PREMPAINTS,2018-04-11,10.4,,,10.4,0,2026-04-08T03:02:52.723357+00:00
72136,PREMPAINTS,2018-04-12,10.4,,,10.4,0,2026-04-08T03:02:54.976434+00:00
72228,PREMPAINTS,2018-04-13,10.4,,,10.4,0,2026-04-08T03:02:57.419716+00:00
72321,PREMPAINTS,2018-04-16,10.4,,,10.4,0,2026-04-08T03:03:01.748445+00:00
72414,PREMPAINTS,2018-04-17,10.4,,,10.4,0,2026-04-08T03:03:04.013915+00:00
72507,PREMPAINTS,2018-04-18,10.4,,,10.4,0,2026-04-08T03:03:06.304604+00:00
72600,PREMPAINTS,2018-04-19,10.4,,,10.4,0,2026-04-08T03:03:08.631091+00:00
72693,PREMPAINTS,2018-04-20,10.4,,,10.4,0,2026-04-08T03:03:11.181142+00:00
72786,PREMPAINTS,2018-04-23,10.4,,,10.4,0,2026-04-08T03:03:15.702548+00:00
72879,PREMPAINTS,2018-04-24,10.4,,,10.4,0,2026-04-08T03:03:17.976864+00:00
72972,PREMPAINTS,2018-04-25,10.4,,,10.4,0,2026-04-08T03:03:20.281484+00:00
73065,PREMPAINTS,2018-04-26,10.4,,,10.4,0,2026-04-08T03:03:22.503544+00:00
73158,PREMPAINTS,2018-04-27,10.4,,,10.4,0,2026-04-08T03:03:24.801147+00:00
73251,PREMPAINTS,2018-04-30,10.4,,,10.4,0,2026-04-08T03:03:29.288658+00:00
73344,PREMPAINTS,2018-05-02,10.4,,,10.4,0,2026-04-08T03:03:32.97882+00:00
73437,PREMPAINTS,2018-05-03,10.4,,,10.4,0,2026-04-08T03:03:35.46093+00:00
73530,PREMPAINTS,2018-05-04,10.4,,,10.4,0,2026-04-08T03:03:38.142449+00:00
73623,PREMPAINTS,2018-05-07,10.4,,,10.4,0,2026-04-08T03:03:42.835383+00:00
73716,PREMPAINTS,2018-05-08,10.4,,,10.4,0,2026-04-08T03:03:45.094212+00:00
73809,PREMPAINTS,2018-05-09,10.4,,,10.4,0,2026-04-08T03:03:47.354492+00:00
73902,PREMPAINTS,2018-05-10,10.4,,,10.4,0,2026-04-08T03:03:49.581225+00:00
73995,PREMPAINTS,2018-05-11,10.4,,,10.4,0,2026-04-08T03:03:51.923758+00:00
74088,PREMPAINTS,2018-05-14,10.4,,,10.4,0,2026-04-08T03:03:56.261604+00:00
74181,PREMPAINTS,2018-05-15,10.4,,,10.4,0,2026-04-08T03:03:58.63318+00:00
74274,PREMPAINTS,2018-05-16,10.4,,,10.4,0,2026-04-08T03:04:02.494817+00:00
74367,PREMPAINTS,2018-05-17,10.4,,,10.4,0,2026-04-08T03:04:04.853265+00:00
74460,PREMPAINTS,2018-05-18,10.4,,,10.4,0,2026-04-08T03:04:09.280828+00:00
74553,PREMPAINTS,2018-05-21,10.4,,,10.4,0,2026-04-08T03:04:14.640212+00:00
74646,PREMPAINTS,2018-05-22,10.4,,,10.4,0,2026-04-08T03:04:17.13602+00:00
74739,PREMPAINTS,2018-05-24,10.4,,,10.4,0,2026-04-08T03:04:20.857799+00:00
74832,PREMPAINTS,2018-05-25,10.4,,,10.4,0,2026-04-08T03:04:23.533051+00:00
74925,PREMPAINTS,2018-05-28,10.4,,,10.4,0,2026-04-08T03:04:28.151981+00:00
75018,PREMPAINTS,2018-05-31,10.4,,,10.4,0,2026-04-08T03:04:33.384321+00:00
75111,PREMPAINTS,2018-06-01,10.4,,,10.4,0,2026-04-08T03:04:35.846588+00:00
75204,PREMPAINTS,2018-06-04,10.4,,,10.4,0,2026-04-08T03:04:40.216574+00:00
75297,PREMPAINTS,2018-06-05,10.4,,,10.4,0,2026-04-08T03:04:42.57091+00:00
75390,PREMPAINTS,2018-06-06,10.4,,,10.4,0,2026-04-08T03:04:44.928825+00:00
75483,PREMPAINTS,2018-06-07,10.4,,,10.4,0,2026-04-08T03:04:47.263813+00:00
75576,PREMPAINTS,2018-06-08,10.4,,,10.4,0,2026-04-08T03:04:49.462509+00:00
75669,PREMPAINTS,2018-06-11,10.4,,,10.4,0,2026-04-08T03:04:53.988129+00:00
75762,PREMPAINTS,2018-06-12,10.4,,,10.4,0,2026-04-08T03:04:56.284057+00:00
75855,PREMPAINTS,2018-06-13,10.4,,,10.4,0,2026-04-08T03:04:58.638577+00:00
75948,PREMPAINTS,2018-06-14,10.4,,,10.4,0,2026-04-08T03:05:00.901161+00:00
76041,PREMPAINTS,2018-06-19,10.4,,,10.4,0,2026-04-08T03:05:07.639029+00:00
76134,PREMPAINTS,2018-06-20,10.4,,,10.4,0,2026-04-08T03:05:09.924133+00:00
76227,PREMPAINTS,2018-06-21,10.4,,,10.4,0,2026-04-08T03:05:12.376626+00:00
76320,PREMPAINTS,2018-06-22,10.4,,,10.4,0,2026-04-08T03:05:14.680862+00:00
76414,PREMPAINTS,2018-06-25,10.4,,,10.4,0,2026-04-08T03:05:19.028214+00:00
76508,PREMPAINTS,2018-06-26,10.4,,,10.4,0,2026-04-08T03:05:21.361472+00:00
76602,PREMPAINTS,2018-06-27,10.4,,,10.4,0,2026-04-08T03:05:23.730487+00:00
76696,PREMPAINTS,2018-06-28,10.4,,,10.4,0,2026-04-08T03:05:26.342484+00:00
76790,PREMPAINTS,2018-06-29,10.4,,,10.4,0,2026-04-08T03:05:28.786725+00:00
76884,PREMPAINTS,2018-07-02,10.4,,,10.4,0,2026-04-08T03:05:34.742081+00:00
76978,PREMPAINTS,2018-07-03,10.4,,,10.4,0,2026-04-08T03:05:37.830893+00:00
77072,PREMPAINTS,2018-07-04,10.4,,,10.4,0,2026-04-08T03:05:40.225299+00:00
77166,PREMPAINTS,2018-07-05,10.4,,,10.4,0,2026-04-08T03:05:42.479897+00:00
77260,PREMPAINTS,2018-07-06,10.4,,,10.4,0,2026-04-08T03:05:44.93013+00:00
77354,PREMPAINTS,2018-07-09,10.4,,,10.4,0,2026-04-08T03:05:49.395513+00:00
77448,PREMPAINTS,2018-07-10,10.4,,,10.4,0,2026-04-08T03:05:51.797285+00:00
77542,PREMPAINTS,2018-07-11,10.4,,,10.4,0,2026-04-08T03:05:54.14171+00:00
77636,PREMPAINTS,2018-07-12,10.4,,,10.4,0,2026-04-08T03:05:56.629461+00:00
77730,PREMPAINTS,2018-07-13,10.4,,,10.4,0,2026-04-08T03:05:59.112955+00:00
77825,PREMPAINTS,2018-07-16,10.4,,,10.4,0,2026-04-08T03:06:03.612411+00:00
77920,PREMPAINTS,2018-07-17,10.4,,,10.4,0,2026-04-08T03:06:06.031894+00:00
78015,PREMPAINTS,2018-07-18,10.4,,,10.4,0,2026-04-08T03:06:08.398083+00:00
78110,PREMPAINTS,2018-07-19,10.4,,,10.4,0,2026-04-08T03:06:10.625391+00:00
78205,PREMPAINTS,2018-07-20,10.4,,,10.4,0,2026-04-08T03:06:13.100822+00:00
78300,PREMPAINTS,2018-07-23,10.4,,,10.4,0,2026-04-08T03:06:17.450644+00:00
78395,PREMPAINTS,2018-07-24,10.4,,,10.4,0,2026-04-08T03:06:19.846153+00:00
78490,PREMPAINTS,2018-07-25,10.4,,,10.4,0,2026-04-08T03:06:22.17218+00:00
78585,PREMPAINTS,2018-07-26,10.4,,,10.4,0,2026-04-08T03:06:24.338643+00:00
78680,PREMPAINTS,2018-07-27,10.4,,,10.4,0,2026-04-08T03:06:26.70773+00:00
78775,PREMPAINTS,2018-07-30,10.4,,,10.4,0,2026-04-08T03:06:31.357035+00:00
78870,PREMPAINTS,2018-07-31,10.4,,,10.4,0,2026-04-08T03:06:33.766078+00:00
78965,PREMPAINTS,2018-08-01,10.4,,,10.4,0,2026-04-08T03:06:36.22345+00:00
79060,PREMPAINTS,2018-08-02,10.4,,,10.4,0,2026-04-08T03:06:38.596191+00:00
79155,PREMPAINTS,2018-08-03,10.4,,,10.4,0,2026-04-08T03:06:41.315743+00:00
79250,PREMPAINTS,2018-08-06,10.4,,,10.4,0,2026-04-08T03:06:46.359416+00:00
79345,PREMPAINTS,2018-08-07,10.4,,,10.4,0,2026-04-08T03:06:48.623378+00:00
79440,PREMPAINTS,2018-08-08,10.4,,,10.4,0,2026-04-08T03:06:51.110249+00:00
79535,PREMPAINTS,2018-08-09,10.4,,,10.4,0,2026-04-08T03:06:53.45187+00:00
79630,PREMPAINTS,2018-08-10,10.4,,,10.4,0,2026-04-08T03:06:56.254972+00:00
79725,PREMPAINTS,2018-08-13,10.4,,,10.4,0,2026-04-08T03:07:00.870215+00:00
79820,PREMPAINTS,2018-08-14,10.4,,,10.4,0,2026-04-08T03:07:03.258394+00:00
79915,PREMPAINTS,2018-08-15,10.4,,,10.4,0,2026-04-08T03:07:05.636903+00:00
80010,PREMPAINTS,2018-08-16,10.4,,,10.4,0,2026-04-08T03:07:07.96787+00:00
80105,PREMPAINTS,2018-08-17,10.4,,,10.4,0,2026-04-08T03:07:10.276143+00:00
80200,PREMPAINTS,2018-08-20,10.4,,,10.4,0,2026-04-08T03:07:14.92421+00:00
80295,PREMPAINTS,2018-08-24,10.4,,,10.4,0,2026-04-08T03:07:20.612873+00:00
80390,PREMPAINTS,2018-08-27,10.4,,,10.4,0,2026-04-08T03:07:24.735515+00:00
80485,PREMPAINTS,2018-08-28,10.4,,,10.4,0,2026-04-08T03:07:26.964049+00:00
80580,PREMPAINTS,2018-08-29,10.4,,,10.4,0,2026-04-08T03:07:29.382314+00:00
80675,PREMPAINTS,2018-08-30,10.4,,,10.4,0,2026-04-08T03:07:31.753519+00:00
80770,PREMPAINTS,2018-08-31,10.4,,,10.4,0,2026-04-08T03:07:34.108038+00:00
80865,PREMPAINTS,2018-09-03,10.4,,,10.4,0,2026-04-08T03:07:38.483999+00:00
80960,PREMPAINTS,2018-09-05,10.4,,,10.4,0,2026-04-08T03:07:41.733647+00:00
81055,PREMPAINTS,2018-09-06,10.4,,,10.4,0,2026-04-08T03:07:44.232746+00:00
81150,PREMPAINTS,2018-09-07,10.4,,,10.4,0,2026-04-08T03:07:46.695234+00:00
81245,PREMPAINTS,2018-09-10,10.4,,,10.4,0,2026-04-08T03:07:51.133138+00:00
81347,PREMPAINTS,2018-09-11,10.4,,,10.4,0,2026-04-08T03:07:53.572062+00:00
81449,PREMPAINTS,2018-09-12,10.4,,,10.4,0,2026-04-08T03:07:56.190409+00:00
81551,PREMPAINTS,2018-09-13,10.4,,,10.4,0,2026-04-08T03:07:58.529226+00:00
81653,PREMPAINTS,2018-09-14,10.4,,,10.4,0,2026-04-08T03:08:00.944137+00:00
81755,PREMPAINTS,2018-09-17,10.4,,,10.4,0,2026-04-08T03:08:05.572353+00:00
81857,PREMPAINTS,2018-09-18,10.4,,,10.4,0,2026-04-08T03:08:07.840784+00:00
81959,PREMPAINTS,2018-09-19,10.4,,,10.4,0,2026-04-08T03:08:10.07554+00:00
82061,PREMPAINTS,2018-09-20,10.4,,,10.4,0,2026-04-08T03:08:12.389642+00:00
82163,PREMPAINTS,2018-09-21,10.4,,,10.4,0,2026-04-08T03:08:14.761127+00:00
82265,PREMPAINTS,2018-09-24,10.4,,,10.4,0,2026-04-08T03:08:19.182113+00:00
82367,PREMPAINTS,2018-09-25,10.4,,,10.4,0,2026-04-08T03:08:21.370615+00:00
82469,PREMPAINTS,2018-09-26,10.4,,,10.4,0,2026-04-08T03:08:24.494451+00:00
82571,PREMPAINTS,2018-09-27,10.4,,,10.4,0,2026-04-08T03:08:26.812803+00:00
82673,PREMPAINTS,2018-09-28,10.4,,,10.4,0,2026-04-08T03:08:29.283021+00:00
82775,PREMPAINTS,2018-10-02,10.4,,,10.4,0,2026-04-08T03:08:34.887787+00:00
82877,PREMPAINTS,2018-10-04,10.4,,,10.4,0,2026-04-08T03:08:38.279141+00:00
82979,PREMPAINTS,2018-10-05,10.4,,,10.4,0,2026-04-08T03:08:40.455926+00:00
83081,PREMPAINTS,2018-10-08,10.4,,,10.4,0,2026-04-08T03:08:45.286665+00:00
83183,PREMPAINTS,2018-10-09,10.4,,,10.4,0,2026-04-08T03:08:47.584215+00:00
83285,PREMPAINTS,2018-10-10,10.4,,,10.4,0,2026-04-08T03:08:50.198924+00:00
83387,PREMPAINTS,2018-10-11,10.4,,,10.4,0,2026-04-08T03:08:52.595743+00:00
83489,PREMPAINTS,2018-10-12,10.4,,,10.4,0,2026-04-08T03:08:54.923298+00:00
83591,PREMPAINTS,2018-10-15,10.4,,,10.4,0,2026-04-08T03:08:59.688494+00:00
83693,PREMPAINTS,2018-10-16,10.4,,,10.4,0,2026-04-08T03:09:01.98694+00:00
83795,PREMPAINTS,2018-10-17,10.4,,,10.4,0,2026-04-08T03:09:04.302348+00:00
83897,PREMPAINTS,2018-10-18,10.4,,,10.4,0,2026-04-08T03:09:06.644992+00:00
83999,PREMPAINTS,2018-10-19,10.4,,,10.4,0,2026-04-08T03:09:09.038287+00:00
84101,PREMPAINTS,2018-10-22,10.4,,,10.4,0,2026-04-08T03:09:13.967+00:00
84203,PREMPAINTS,2018-10-23,10.4,,,10.4,0,2026-04-08T03:09:16.194722+00:00
84305,PREMPAINTS,2018-10-24,10.4,,,10.4,0,2026-04-08T03:09:18.448083+00:00
84407,PREMPAINTS,2018-10-25,10.4,,,10.4,0,2026-04-08T03:09:20.631413+00:00
84509,PREMPAINTS,2018-10-26,10.4,,,10.4,0,2026-04-08T03:09:23.109094+00:00
84611,PREMPAINTS,2018-10-29,10.4,,,10.4,0,2026-04-08T03:09:27.901396+00:00
84713,PREMPAINTS,2018-10-30,10.4,,,10.4,0,2026-04-08T03:09:30.377337+00:00
84815,PREMPAINTS,2018-10-31,10.4,,,10.4,0,2026-04-08T03:09:32.658485+00:00
84917,PREMPAINTS,2018-11-01,10.4,,,10.4,0,2026-04-08T03:09:35.048509+00:00
85019,PREMPAINTS,2018-11-02,10.4,,,10.4,0,2026-04-08T03:09:37.41202+00:00
85121,PREMPAINTS,2018-11-05,10.4,,,10.4,0,2026-04-08T03:09:41.998643+00:00
85223,PREMPAINTS,2018-11-06,10.4,,,10.4,25,2026-04-08T03:09:44.485046+00:00
85325,PREMPAINTS,2018-11-08,10.4,,,10.4,125,2026-04-08T03:09:47.843283+00:00
85427,PREMPAINTS,2018-11-09,10.4,,,10.4,325,2026-04-08T03:09:50.169754+00:00
85529,PREMPAINTS,2018-11-12,10.4,,,10.4,0,2026-04-08T03:09:54.975549+00:00
85631,PREMPAINTS,2018-11-13,10.4,,,10.4,0,2026-04-08T03:09:57.558923+00:00
85733,PREMPAINTS,2018-11-14,10.4,,,10.4,0,2026-04-08T03:09:59.910116+00:00
85835,PREMPAINTS,2018-11-15,10.4,,,10.4,0,2026-04-08T03:10:02.252366+00:00
85937,PREMPAINTS,2018-11-16,10.4,,,10.4,0,2026-04-08T03:10:04.527169+00:00
86039,PREMPAINTS,2018-11-19,10.4,,,10.4,50,2026-04-08T03:10:09.122468+00:00
86141,PREMPAINTS,2018-11-21,10.4,,,10.4,0,2026-04-08T03:10:12.622729+00:00
86243,PREMPAINTS,2018-11-22,10.4,,,10.4,0,2026-04-08T03:10:14.989948+00:00
86345,PREMPAINTS,2018-11-23,10.4,,,10.4,0,2026-04-08T03:10:17.221139+00:00
86447,PREMPAINTS,2018-11-26,10.4,,,10.4,0,2026-04-08T03:10:22.142454+00:00
86549,PREMPAINTS,2018-11-27,10.4,,,10.4,0,2026-04-08T03:10:24.421595+00:00
86651,PREMPAINTS,2018-11-28,10.4,,,10.4,0,2026-04-08T03:10:26.708398+00:00
86753,PREMPAINTS,2018-11-29,10.4,,,10.4,45,2026-04-08T03:10:29.255332+00:00
86855,PREMPAINTS,2018-11-30,10.4,,,10.4,10,2026-04-08T03:10:32.706086+00:00
86957,PREMPAINTS,2018-12-03,10.4,,,10.4,0,2026-04-08T03:10:37.185914+00:00
87059,PREMPAINTS,2018-12-04,10.4,,,10.4,0,2026-04-08T03:10:39.607482+00:00
87161,PREMPAINTS,2018-12-05,10.4,,,10.4,0,2026-04-08T03:10:42.037497+00:00
87263,PREMPAINTS,2018-12-06,10.4,,,10.4,50,2026-04-08T03:10:44.312069+00:00
87365,PREMPAINTS,2018-12-07,10.4,,,10.4,0,2026-04-08T03:10:46.663078+00:00
87467,PREMPAINTS,2018-12-10,10.4,,,10.4,0,2026-04-08T03:10:51.346822+00:00
87569,PREMPAINTS,2018-12-11,10.4,,,10.4,0,2026-04-08T03:10:53.613329+00:00
87671,PREMPAINTS,2018-12-12,10.4,,,10.4,50,2026-04-08T03:10:55.983376+00:00
87773,PREMPAINTS,2018-12-13,10.4,,,10.4,0,2026-04-08T03:10:58.622726+00:00
87875,PREMPAINTS,2018-12-17,10.4,,,10.4,0,2026-04-08T03:11:04.071168+00:00
87976,PREMPAINTS,2018-12-18,10.4,,,10.4,0,2026-04-08T03:11:06.547404+00:00
88077,PREMPAINTS,2018-12-19,10.4,,,10.4,0,2026-04-08T03:11:08.930184+00:00
88178,PREMPAINTS,2018-12-21,10.4,,,10.4,0,2026-04-08T03:11:13.038597+00:00
88279,PREMPAINTS,2018-12-24,10.4,,,10.4,0,2026-04-08T03:11:17.396489+00:00
88381,PREMPAINTS,2018-12-31,10.4,,,10.4,0,2026-04-08T03:11:26.963749+00:00
88483,PREMPAINTS,2019-01-04,10.4,,,10.4,0,2026-04-08T03:11:33.101723+00:00
88585,PREMPAINTS,2019-01-07,10.4,,,10.4,0,2026-04-08T03:11:37.396019+00:00
88687,PREMPAINTS,2019-01-08,10.4,,,10.4,0,2026-04-08T03:11:39.720871+00:00
88789,PREMPAINTS,2019-01-09,10.4,,,10.4,0,2026-04-08T03:11:42.122758+00:00
88891,PREMPAINTS,2019-01-10,10.4,,,10.4,0,2026-04-08T03:11:44.4712+00:00
88993,PREMPAINTS,2019-01-11,10.4,,,10.4,0,2026-04-08T03:11:46.864498+00:00
89095,PREMPAINTS,2019-01-14,10.4,,,10.4,0,2026-04-08T03:11:51.386431+00:00
89197,PREMPAINTS,2019-01-15,10.4,,,10.4,0,2026-04-08T03:11:53.781694+00:00
89299,PREMPAINTS,2019-01-16,10.4,,,10.4,20,2026-04-08T03:11:56.273278+00:00
89401,PREMPAINTS,2019-01-17,10.4,,,10.4,0,2026-04-08T03:11:58.633279+00:00
89503,PREMPAINTS,2019-01-18,10.4,,,10.4,0,2026-04-08T03:12:01.678716+00:00
89605,PREMPAINTS,2019-01-21,10.4,,,10.4,0,2026-04-08T03:12:06.146982+00:00
89707,PREMPAINTS,2019-01-22,10.4,,,10.4,0,2026-04-08T03:12:26.450353+00:00
89809,PREMPAINTS,2019-01-23,10.4,,,10.4,0,2026-04-08T03:12:28.985884+00:00
89911,PREMPAINTS,2019-01-24,10.4,,,10.4,0,2026-04-08T03:12:31.471104+00:00
90013,PREMPAINTS,2019-01-25,10.4,,,10.4,0,2026-04-08T03:12:33.831732+00:00
90115,PREMPAINTS,2019-01-28,10.4,,,10.4,0,2026-04-08T03:12:38.324+00:00
90217,PREMPAINTS,2019-01-29,10.4,,,10.4,0,2026-04-08T03:12:40.769031+00:00
90319,PREMPAINTS,2019-01-30,10.4,,,10.4,0,2026-04-08T03:12:43.207065+00:00
90421,PREMPAINTS,2019-01-31,10.4,,,10.4,0,2026-04-08T03:12:45.452606+00:00
90523,PREMPAINTS,2019-02-01,10.4,,,10.4,0,2026-04-08T03:12:47.65569+00:00
90625,PREMPAINTS,2019-02-04,10.4,,,10.4,0,2026-04-08T03:12:52.008801+00:00
90727,PREMPAINTS,2019-02-05,10.4,,,10.4,0,2026-04-08T03:12:54.428036+00:00
90829,PREMPAINTS,2019-02-06,10.4,,,10.4,3000,2026-04-08T03:12:56.795589+00:00
90931,PREMPAINTS,2019-02-07,10.4,,,10.4,0,2026-04-08T03:12:59.333395+00:00
91033,PREMPAINTS,2019-02-08,10.4,,,10.4,100,2026-04-08T03:13:01.766173+00:00
91135,PREMPAINTS,2019-02-11,10.4,,,10.4,10,2026-04-08T03:13:07.807824+00:00
91237,PREMPAINTS,2019-02-12,10.4,,,10.4,0,2026-04-08T03:13:10.389121+00:00
91339,PREMPAINTS,2019-02-13,10.4,,,10.4,100,2026-04-08T03:13:13.120558+00:00
91441,PREMPAINTS,2019-02-14,10.4,,,10.4,0,2026-04-08T03:13:15.610167+00:00
91543,PREMPAINTS,2019-02-15,10.4,,,10.4,0,2026-04-08T03:13:17.960235+00:00
91645,PREMPAINTS,2019-02-18,10.4,,,10.4,0,2026-04-08T03:13:22.383964+00:00
91747,PREMPAINTS,2019-02-19,10.4,,,10.4,22,2026-04-08T03:13:24.617569+00:00
91849,PREMPAINTS,2019-02-20,10.4,,,10.4,0,2026-04-08T03:13:26.870792+00:00
91951,PREMPAINTS,2019-02-22,10.4,,,10.4,50,2026-04-08T03:13:30.442816+00:00
92053,PREMPAINTS,2019-02-25,10.4,,,10.4,10,2026-04-08T03:13:35.015549+00:00
92155,PREMPAINTS,2019-02-26,10.4,,,10.4,2,2026-04-08T03:13:37.412672+00:00
92257,PREMPAINTS,2019-02-27,10.4,,,10.4,0,2026-04-08T03:13:39.910522+00:00
92359,PREMPAINTS,2019-02-28,10.4,,,10.4,0,2026-04-08T03:13:42.435587+00:00
92461,PREMPAINTS,2019-03-01,10.4,,,10.4,0,2026-04-08T03:13:44.810709+00:00
92563,PREMPAINTS,2019-03-04,10.4,,,10.4,0,2026-04-08T03:13:49.353535+00:00
92665,PREMPAINTS,2019-03-05,10.4,,,10.4,0,2026-04-08T03:13:51.846242+00:00
92767,PREMPAINTS,2019-03-06,10.4,,,10.4,0,2026-04-08T03:13:54.267269+00:00
92869,PREMPAINTS,2019-03-07,10.4,,,10.4,300,2026-04-08T03:13:56.544072+00:00
92971,PREMPAINTS,2019-03-08,10.4,,,10.4,0,2026-04-08T03:13:58.936546+00:00
93073,PREMPAINTS,2019-03-11,10.4,,,10.4,0,2026-04-08T03:14:03.582539+00:00
93175,PREMPAINTS,2019-03-12,10.4,,,10.4,0,2026-04-08T03:14:06.149716+00:00
93277,PREMPAINTS,2019-03-13,10.4,,,10.4,0,2026-04-08T03:14:08.562819+00:00
93379,PREMPAINTS,2019-03-14,10.4,,,10.4,200,2026-04-08T03:14:10.990955+00:00
93481,PREMPAINTS,2019-03-15,10.4,,,10.4,0,2026-04-08T03:14:13.413527+00:00
93583,PREMPAINTS,2019-03-18,10.4,,,10.4,0,2026-04-08T03:14:17.594172+00:00
93685,PREMPAINTS,2019-03-19,10.4,,,10.4,100,2026-04-08T03:14:19.883177+00:00
93787,PREMPAINTS,2019-03-20,10.4,,,10.4,0,2026-04-08T03:14:22.215184+00:00
93889,PREMPAINTS,2019-03-21,10.4,,,10.4,0,2026-04-08T03:14:24.469396+00:00
93991,PREMPAINTS,2019-03-22,10.4,,,10.4,0,2026-04-08T03:14:26.929153+00:00
94093,PREMPAINTS,2019-03-25,10.4,,,10.4,0,2026-04-08T03:14:31.400562+00:00
94195,PREMPAINTS,2019-03-26,10.4,,,10.4,70,2026-04-08T03:14:33.80485+00:00
94297,PREMPAINTS,2019-03-27,10.4,,,10.4,0,2026-04-08T03:14:36.122563+00:00
94399,PREMPAINTS,2019-03-28,10.4,,,10.4,50,2026-04-08T03:14:38.612625+00:00
94501,PREMPAINTS,2019-03-29,10.4,,,10.4,0,2026-04-08T03:14:41.061692+00:00
94602,PREMPAINTS,2019-04-01,10.4,,,10.4,0,2026-04-08T03:14:45.528331+00:00
94703,PREMPAINTS,2019-04-02,10.4,,,10.4,0,2026-04-08T03:14:47.809526+00:00
94804,PREMPAINTS,2019-04-03,10.4,,,10.4,0,2026-04-08T03:14:50.124237+00:00
94905,PREMPAINTS,2019-04-04,10.4,,,10.4,0,2026-04-08T03:14:52.417245+00:00
95006,PREMPAINTS,2019-04-05,10.4,,,10.4,100,2026-04-08T03:14:54.739567+00:00
95107,PREMPAINTS,2019-04-08,10.4,,,10.4,40,2026-04-08T03:14:59.01768+00:00
95208,PREMPAINTS,2019-04-09,10.4,,,10.4,0,2026-04-08T03:15:01.233247+00:00
95309,PREMPAINTS,2019-04-10,10.4,,,10.4,55,2026-04-08T03:15:03.446976+00:00
95410,PREMPAINTS,2019-04-11,10.4,,,10.4,100,2026-04-08T03:15:05.608759+00:00
95511,PREMPAINTS,2019-04-12,10.4,,,10.4,10,2026-04-08T03:15:07.869644+00:00
95612,PREMPAINTS,2019-04-15,10.4,,,10.4,0,2026-04-08T03:15:12.360876+00:00
95713,PREMPAINTS,2019-04-16,10.4,,,10.4,120,2026-04-08T03:15:14.69338+00:00
95814,PREMPAINTS,2019-04-17,10.4,,,10.4,625,2026-04-08T03:15:16.974822+00:00
95915,PREMPAINTS,2019-04-18,10.4,,,10.4,50,2026-04-08T03:15:19.360663+00:00
96016,PREMPAINTS,2019-04-23,10.4,,,10.4,500,2026-04-08T03:15:26.04373+00:00
96118,PREMPAINTS,2019-04-24,10.4,,,10.4,0,2026-04-08T03:15:28.31166+00:00
96220,PREMPAINTS,2019-04-25,10.4,,,10.4,0,2026-04-08T03:15:30.603437+00:00
96322,PREMPAINTS,2019-04-26,9.4,,,9.4,3035000,2026-04-08T03:15:32.816712+00:00
96424,PREMPAINTS,2019-04-29,9.4,,,9.4,0,2026-04-08T03:15:37.198623+00:00
96526,PREMPAINTS,2019-04-30,9.4,,,9.4,0,2026-04-08T03:15:39.499507+00:00
96628,PREMPAINTS,2019-05-02,9.4,,,9.4,0,2026-04-08T03:15:42.839166+00:00
96730,PREMPAINTS,2019-05-03,9.4,,,9.4,0,2026-04-08T03:15:45.02286+00:00
96832,PREMPAINTS,2019-05-06,9.4,,,9.4,0,2026-04-08T03:15:49.380478+00:00
96934,PREMPAINTS,2019-05-07,9.4,,,9.4,0,2026-04-08T03:15:51.609622+00:00
97036,PREMPAINTS,2019-05-08,9.4,,,9.4,10,2026-04-08T03:15:53.912422+00:00
97138,PREMPAINTS,2019-05-09,9.4,,,9.4,0,2026-04-08T03:15:56.308435+00:00
97240,PREMPAINTS,2019-05-10,9.4,,,9.4,0,2026-04-08T03:15:58.65517+00:00
97342,PREMPAINTS,2019-05-13,9.4,,,9.4,0,2026-04-08T03:16:02.955985+00:00
97444,PREMPAINTS,2019-05-14,9.4,,,9.4,255,2026-04-08T03:16:05.427951+00:00
97546,PREMPAINTS,2019-05-15,9.4,,,9.4,0,2026-04-08T03:16:07.709974+00:00
97648,PREMPAINTS,2019-05-16,9.4,,,9.4,0,2026-04-08T03:16:09.947696+00:00
97750,PREMPAINTS,2019-05-17,9.4,,,9.4,0,2026-04-08T03:16:12.469468+00:00
97853,PREMPAINTS,2019-05-20,9.4,,,9.4,0,2026-04-08T03:16:16.967061+00:00
97956,PREMPAINTS,2019-05-21,9.4,,,9.4,100,2026-04-08T03:16:19.368023+00:00
98059,PREMPAINTS,2019-05-22,9.4,,,9.4,0,2026-04-08T03:16:21.741488+00:00
98162,PREMPAINTS,2019-05-23,9.4,,,9.4,20,2026-04-08T03:16:24.010501+00:00
98265,PREMPAINTS,2019-05-24,9.4,,,9.4,0,2026-04-08T03:16:26.41346+00:00
98368,PREMPAINTS,2019-05-27,9.4,,,9.4,10,2026-04-08T03:16:30.812568+00:00
98471,PREMPAINTS,2019-05-28,9.4,,,9.4,0,2026-04-08T03:16:33.286405+00:00
98574,PREMPAINTS,2019-05-30,9.4,,,9.4,0,2026-04-08T03:16:36.695359+00:00
98677,PREMPAINTS,2019-05-31,9.4,,,9.4,10,2026-04-08T03:16:39.10826+00:00
98780,PREMPAINTS,2019-06-03,9.4,,,9.4,0,2026-04-08T03:16:43.376201+00:00
98883,PREMPAINTS,2019-06-06,9.4,,,9.4,0,2026-04-08T03:16:48.034912+00:00
98986,PREMPAINTS,2019-06-07,9.4,,,9.4,0,2026-04-08T03:16:50.186426+00:00
99089,PREMPAINTS,2019-06-10,9.4,,,9.4,10,2026-04-08T03:16:54.498349+00:00
99192,PREMPAINTS,2019-06-11,9.4,,,9.4,100,2026-04-08T03:16:56.702394+00:00
99295,PREMPAINTS,2019-06-13,9.4,,,9.4,0,2026-04-08T03:17:00.140907+00:00
99398,PREMPAINTS,2019-06-14,9.4,,,9.4,0,2026-04-08T03:17:02.289964+00:00
99501,PREMPAINTS,2019-06-17,9.4,,,9.4,0,2026-04-08T03:17:06.378621+00:00
99604,PREMPAINTS,2019-06-18,9.4,,,9.4,20,2026-04-08T03:17:08.696624+00:00
99707,PREMPAINTS,2019-06-19,9.4,,,9.4,0,2026-04-08T03:17:10.975867+00:00
99810,PREMPAINTS,2019-06-20,9.4,,,9.4,0,2026-04-08T03:17:13.205784+00:00
99913,PREMPAINTS,2019-06-24,9.4,,,9.4,0,2026-04-08T03:17:18.488118+00:00
100016,PREMPAINTS,2019-06-25,9.4,,,9.4,0,2026-04-08T03:17:20.712996+00:00
100119,PREMPAINTS,2019-06-26,9.4,,,9.4,50,2026-04-08T03:17:23.021521+00:00
100222,PREMPAINTS,2019-06-27,9.4,,,9.4,100,2026-04-08T03:17:25.288917+00:00
100325,PREMPAINTS,2019-06-28,9.4,,,9.4,0,2026-04-08T03:17:27.669324+00:00
100428,PREMPAINTS,2019-07-01,9.4,,,9.4,0,2026-04-08T03:17:31.993492+00:00
100531,PREMPAINTS,2019-07-02,9.4,,,9.4,0,2026-04-08T03:17:34.195482+00:00
100634,PREMPAINTS,2019-07-03,9.4,,,9.4,0,2026-04-08T03:17:36.539656+00:00
100737,PREMPAINTS,2019-07-04,9.4,,,9.4,0,2026-04-08T03:17:38.806977+00:00
100840,PREMPAINTS,2019-07-05,9.4,,,9.4,0,2026-04-08T03:17:41.292481+00:00
100943,PREMPAINTS,2019-07-08,9.4,,,9.4,5,2026-04-08T03:17:45.861747+00:00
101047,PREMPAINTS,2019-07-09,9.4,,,9.4,50,2026-04-08T03:17:48.217581+00:00
101151,PREMPAINTS,2019-07-10,9.4,,,9.4,0,2026-04-08T03:17:50.676625+00:00
101255,PREMPAINTS,2019-07-11,9.4,,,9.4,5,2026-04-08T03:17:53.082234+00:00
101359,PREMPAINTS,2019-07-12,9.4,,,9.4,100,2026-04-08T03:17:55.503872+00:00
101463,PREMPAINTS,2019-07-15,9.4,,,9.4,0,2026-04-08T03:18:00.039317+00:00
101567,PREMPAINTS,2019-07-16,9.4,,,9.4,75,2026-04-08T03:18:02.440443+00:00
101671,PREMPAINTS,2019-07-17,9.4,,,9.4,0,2026-04-08T03:18:04.729662+00:00
101775,PREMPAINTS,2019-07-18,9.4,,,9.4,100,2026-04-08T03:18:07.178594+00:00
101879,PREMPAINTS,2019-07-19,9.4,,,9.4,0,2026-04-08T03:18:09.535362+00:00
101983,PREMPAINTS,2019-07-22,9.4,,,9.4,0,2026-04-08T03:18:14.212024+00:00
102087,PREMPAINTS,2019-07-23,9.4,,,9.4,0,2026-04-08T03:18:16.654741+00:00
102191,PREMPAINTS,2019-07-24,9.4,,,9.4,0,2026-04-08T03:18:18.926554+00:00
102295,PREMPAINTS,2019-07-25,9.4,,,9.4,0,2026-04-08T03:18:21.127331+00:00
102399,PREMPAINTS,2019-07-26,9.4,,,9.4,0,2026-04-08T03:18:23.508197+00:00
102503,PREMPAINTS,2019-07-29,9.4,,,9.4,0,2026-04-08T03:18:27.808584+00:00
102607,PREMPAINTS,2019-07-30,9.4,,,9.4,0,2026-04-08T03:18:30.090931+00:00
102711,PREMPAINTS,2019-07-31,9.4,,,9.4,0,2026-04-08T03:18:32.379029+00:00
102815,PREMPAINTS,2019-08-01,9.4,,,9.4,90,2026-04-08T03:18:34.721051+00:00
102919,PREMPAINTS,2019-08-02,9.4,,,9.4,0,2026-04-08T03:18:37.148519+00:00
103023,PREMPAINTS,2019-08-05,9.4,,,9.4,0,2026-04-08T03:18:41.327383+00:00
103127,PREMPAINTS,2019-08-06,9.4,,,9.4,0,2026-04-08T03:18:43.676077+00:00
103231,PREMPAINTS,2019-08-07,9.4,,,9.4,0,2026-04-08T03:18:45.952647+00:00
103335,PREMPAINTS,2019-08-08,9.4,,,9.4,0,2026-04-08T03:18:48.284739+00:00
103439,PREMPAINTS,2019-08-09,9.4,,,9.4,10,2026-04-08T03:18:50.530707+00:00
103543,PREMPAINTS,2019-08-14,9.4,,,9.4,20,2026-04-08T03:18:57.313874+00:00
103647,PREMPAINTS,2019-08-15,9.4,,,9.4,0,2026-04-08T03:18:59.647711+00:00
103751,PREMPAINTS,2019-08-19,9.4,,,9.4,0,2026-04-08T03:19:05.053534+00:00
103855,PREMPAINTS,2019-08-20,9.4,,,9.4,0,2026-04-08T03:19:07.283568+00:00
103958,PREMPAINTS,2019-08-21,9.4,,,9.4,500,2026-04-08T03:19:09.493441+00:00
104061,PREMPAINTS,2019-08-22,9.4,,,9.4,0,2026-04-08T03:19:11.834929+00:00
104164,PREMPAINTS,2019-08-23,9.4,,,9.4,0,2026-04-08T03:19:14.066623+00:00
104267,PREMPAINTS,2019-08-26,9.4,,,9.4,0,2026-04-08T03:19:18.291411+00:00
104370,PREMPAINTS,2019-08-27,9.4,,,9.4,0,2026-04-08T03:19:20.588978+00:00
104473,PREMPAINTS,2019-08-28,9.4,,,9.4,25,2026-04-08T03:19:22.939533+00:00
104576,PREMPAINTS,2019-08-29,9.4,,,9.4,0,2026-04-08T03:19:25.308081+00:00
104679,PREMPAINTS,2019-08-30,9.4,,,9.4,500,2026-04-08T03:19:27.686427+00:00
104782,PREMPAINTS,2019-09-02,9.4,,,9.4,0,2026-04-08T03:19:32.075785+00:00
104885,PREMPAINTS,2019-09-03,9.4,,,9.4,0,2026-04-08T03:19:34.366833+00:00
104988,PREMPAINTS,2019-09-04,9.4,,,9.4,10,2026-04-08T03:19:36.608723+00:00
105091,PREMPAINTS,2019-09-05,9.4,,,9.4,200,2026-04-08T03:19:38.984327+00:00
105194,PREMPAINTS,2019-09-06,9.4,,,9.4,210,2026-04-08T03:19:41.363212+00:00
105297,PREMPAINTS,2019-09-09,9.4,,,9.4,0,2026-04-08T03:19:45.624302+00:00
105400,PREMPAINTS,2019-09-10,9.4,,,9.4,0,2026-04-08T03:19:47.977958+00:00
105503,PREMPAINTS,2019-09-11,9.4,,,9.4,0,2026-04-08T03:19:50.333421+00:00
105606,PREMPAINTS,2019-09-12,9.4,,,9.4,20,2026-04-08T03:19:52.607202+00:00
105709,PREMPAINTS,2019-09-13,9.4,,,9.4,200,2026-04-08T03:19:55.083512+00:00
105812,PREMPAINTS,2019-09-16,9.4,,,9.4,320,2026-04-08T03:19:59.701348+00:00
105915,PREMPAINTS,2019-09-17,9.4,,,9.4,0,2026-04-08T03:20:02.523968+00:00
106018,PREMPAINTS,2019-09-18,9.4,,,9.4,0,2026-04-08T03:20:05.488272+00:00
106121,PREMPAINTS,2019-09-19,9.4,,,9.4,0,2026-04-08T03:20:08.114889+00:00
106224,PREMPAINTS,2019-09-20,9.4,,,9.4,0,2026-04-08T03:20:10.721894+00:00
106327,PREMPAINTS,2019-09-23,9.4,,,9.4,0,2026-04-08T03:20:15.267012+00:00
106430,PREMPAINTS,2019-09-24,9.4,,,9.4,0,2026-04-08T03:20:17.630341+00:00
106533,PREMPAINTS,2019-09-25,9.4,,,9.4,0,2026-04-08T03:20:20.165626+00:00
106636,PREMPAINTS,2019-09-26,9.4,,,9.4,0,2026-04-08T03:20:22.92566+00:00
106739,PREMPAINTS,2019-09-27,9.4,,,9.4,0,2026-04-08T03:20:25.402499+00:00
106842,PREMPAINTS,2019-09-30,9.4,,,9.4,0,2026-04-08T03:20:29.867546+00:00
106945,PREMPAINTS,2019-10-02,9.4,,,9.4,0,2026-04-08T03:20:33.475481+00:00
107048,PREMPAINTS,2019-10-03,9.4,,,9.4,0,2026-04-08T03:20:35.801047+00:00
107151,PREMPAINTS,2019-10-04,9.4,,,9.4,0,2026-04-08T03:20:38.138638+00:00
107254,PREMPAINTS,2019-10-07,9.4,,,9.4,0,2026-04-08T03:20:43.38987+00:00
107357,PREMPAINTS,2019-10-08,9.4,,,9.4,0,2026-04-08T03:20:50.115577+00:00
107460,PREMPAINTS,2019-10-09,9.4,,,9.4,0,2026-04-08T03:20:53.067656+00:00
107563,PREMPAINTS,2019-10-10,9.4,,,9.4,0,2026-04-08T03:20:55.682822+00:00
107666,PREMPAINTS,2019-10-11,9.4,,,9.4,0,2026-04-08T03:20:58.30073+00:00
107769,PREMPAINTS,2019-10-14,9.4,,,9.4,0,2026-04-08T03:21:03.536141+00:00
107872,PREMPAINTS,2019-10-15,9.4,,,9.4,0,2026-04-08T03:21:06.159586+00:00
107975,PREMPAINTS,2019-10-16,9.4,,,9.4,0,2026-04-08T03:21:08.538525+00:00
108078,PREMPAINTS,2019-10-17,9.4,,,9.4,80,2026-04-08T03:21:11.125073+00:00
108181,PREMPAINTS,2019-10-18,9.4,,,9.4,0,2026-04-08T03:21:14.04892+00:00
108284,PREMPAINTS,2019-10-21,9.4,,,9.4,0,2026-04-08T03:21:18.357079+00:00
108387,PREMPAINTS,2019-10-22,9.4,,,9.4,0,2026-04-08T03:21:20.5704+00:00
108490,PREMPAINTS,2019-10-23,9.4,,,9.4,0,2026-04-08T03:21:22.84444+00:00
108593,PREMPAINTS,2019-10-24,9.4,,,9.4,0,2026-04-08T03:21:25.228823+00:00
108696,PREMPAINTS,2019-10-25,9.4,,,9.4,0,2026-04-08T03:21:27.539286+00:00
108799,PREMPAINTS,2019-10-28,9.4,,,9.4,1200,2026-04-08T03:21:32.161692+00:00
108902,PREMPAINTS,2019-10-29,9.4,,,9.4,0,2026-04-08T03:21:34.477485+00:00
109005,PREMPAINTS,2019-10-30,9.4,,,9.4,0,2026-04-08T03:21:36.754268+00:00
109108,PREMPAINTS,2019-10-31,9.4,,,9.4,0,2026-04-08T03:21:39.10919+00:00
109211,PREMPAINTS,2019-11-01,9.4,,,9.4,1,2026-04-08T03:21:41.456138+00:00
109314,PREMPAINTS,2019-11-04,9.4,,,9.4,0,2026-04-08T03:21:45.945243+00:00
109417,PREMPAINTS,2019-11-05,9.4,,,9.4,0,2026-04-08T03:21:48.37169+00:00
109520,PREMPAINTS,2019-11-06,9.4,,,9.4,0,2026-04-08T03:21:50.755948+00:00
109623,PREMPAINTS,2019-11-07,9.4,,,9.4,0,2026-04-08T03:21:53.200031+00:00
109726,PREMPAINTS,2019-11-08,9.4,,,9.4,0,2026-04-08T03:21:55.63316+00:00
109829,PREMPAINTS,2019-11-12,9.4,,,9.4,0,2026-04-08T03:22:01.520244+00:00
109932,PREMPAINTS,2019-11-13,9.4,,,9.4,0,2026-04-08T03:22:04.169594+00:00
110035,PREMPAINTS,2019-11-14,9.4,,,9.4,0,2026-04-08T03:22:06.510438+00:00
110138,PREMPAINTS,2019-11-15,9.4,,,9.4,0,2026-04-08T03:22:08.972682+00:00
110240,PREMPAINTS,2019-11-18,9.4,,,9.4,0,2026-04-08T03:22:13.551393+00:00
110342,PREMPAINTS,2019-11-19,9.4,,,9.4,0,2026-04-08T03:22:15.801005+00:00
110444,PREMPAINTS,2019-11-20,9.4,,,9.4,0,2026-04-08T03:22:18.11241+00:00
110546,PREMPAINTS,2019-11-21,9.4,,,9.4,0,2026-04-08T03:22:20.360812+00:00
110648,PREMPAINTS,2019-11-22,9.4,,,9.4,0,2026-04-08T03:22:22.766306+00:00
110750,PREMPAINTS,2019-11-25,9.4,,,9.4,0,2026-04-08T03:22:27.077445+00:00
110852,PREMPAINTS,2019-11-26,9.4,,,9.4,0,2026-04-08T03:22:29.415971+00:00
110954,PREMPAINTS,2019-11-27,9.4,,,9.4,0,2026-04-08T03:22:31.797244+00:00
111056,PREMPAINTS,2019-11-28,9.4,,,9.4,0,2026-04-08T03:22:34.150197+00:00
111158,PREMPAINTS,2019-11-29,9.4,,,9.4,0,2026-04-08T03:22:36.43862+00:00
111260,PREMPAINTS,2019-12-02,9.4,,,9.4,0,2026-04-08T03:22:40.672716+00:00
111362,PREMPAINTS,2019-12-03,9.4,,,9.4,0,2026-04-08T03:22:42.857808+00:00
111464,PREMPAINTS,2019-12-04,9.4,,,9.4,0,2026-04-08T03:22:45.132537+00:00
111566,PREMPAINTS,2019-12-05,9.4,,,9.4,0,2026-04-08T03:22:47.409461+00:00
111668,PREMPAINTS,2019-12-06,9.4,,,9.4,0,2026-04-08T03:22:49.720566+00:00
111770,PREMPAINTS,2019-12-10,9.4,,,9.4,103129,2026-04-08T03:22:54.948045+00:00
111872,PREMPAINTS,2019-12-11,9.4,,,9.4,0,2026-04-08T03:22:57.463594+00:00
111974,PREMPAINTS,2019-12-12,9.4,,,9.4,0,2026-04-08T03:22:59.677549+00:00
112076,PREMPAINTS,2019-12-13,9.4,,,9.4,0,2026-04-08T03:23:01.961124+00:00
112178,PREMPAINTS,2019-12-16,9.4,,,9.4,0,2026-04-08T03:23:06.206185+00:00
112280,PREMPAINTS,2019-12-17,9.4,,,9.4,0,2026-04-08T03:23:08.526507+00:00
112382,PREMPAINTS,2019-12-18,9.4,,,9.4,0,2026-04-08T03:23:10.699016+00:00
112484,PREMPAINTS,2019-12-19,9.4,,,9.4,0,2026-04-08T03:23:13.06361+00:00
112586,PREMPAINTS,2019-12-20,9.4,,,9.4,0,2026-04-08T03:23:15.515212+00:00
112688,PREMPAINTS,2019-12-23,9.4,,,9.4,0,2026-04-08T03:23:19.645113+00:00
112790,PREMPAINTS,2019-12-24,9.4,,,9.4,0,2026-04-08T03:23:22.081747+00:00
112892,PREMPAINTS,2019-12-27,9.4,,,9.4,0,2026-04-08T03:23:26.48241+00:00
112994,PREMPAINTS,2019-12-31,9.4,,,9.4,0,2026-04-08T03:23:31.997666+00:00
113096,PREMPAINTS,2020-01-02,9.4,,,9.4,0,2026-04-08T03:23:35.253628+00:00
113198,PREMPAINTS,2020-01-03,9.4,,,9.4,0,2026-04-08T03:23:37.484442+00:00
113300,PREMPAINTS,2020-01-06,9.4,,,9.4,0,2026-04-08T03:23:41.810791+00:00
113402,PREMPAINTS,2020-01-07,9.4,,,9.4,0,2026-04-08T03:23:44.238014+00:00
113504,PREMPAINTS,2020-01-08,9.4,,,9.4,0,2026-04-08T03:23:46.428903+00:00
113607,PREMPAINTS,2020-01-09,9.4,,,9.4,0,2026-04-08T03:23:48.760691+00:00
113710,PREMPAINTS,2020-01-10,9.4,,,9.4,0,2026-04-08T03:23:51.312987+00:00
113813,PREMPAINTS,2020-01-13,9.4,,,9.4,0,2026-04-08T03:23:55.704331+00:00
113916,PREMPAINTS,2020-01-14,9.4,,,9.4,0,2026-04-08T03:23:58.044369+00:00
114019,PREMPAINTS,2020-01-15,9.4,,,9.4,0,2026-04-08T03:24:00.340453+00:00
114122,PREMPAINTS,2020-01-16,9.4,,,9.4,0,2026-04-08T03:24:02.775573+00:00
114225,PREMPAINTS,2020-01-17,9.4,,,9.4,0,2026-04-08T03:24:05.107796+00:00
114328,PREMPAINTS,2020-01-20,9.4,,,9.4,0,2026-04-08T03:24:09.637495+00:00
114431,PREMPAINTS,2020-01-21,9.4,,,9.4,0,2026-04-08T03:24:12.081094+00:00
114534,PREMPAINTS,2020-01-23,9.4,,,9.4,11159,2026-04-08T03:24:15.397306+00:00
114637,PREMPAINTS,2020-01-24,9.4,,,9.4,0,2026-04-08T03:24:17.760742+00:00
114740,PREMPAINTS,2020-01-27,9.4,,,9.4,72800,2026-04-08T03:24:22.426106+00:00
114843,PREMPAINTS,2020-01-28,9.4,,,9.4,80,2026-04-08T03:24:24.728321+00:00
114946,PREMPAINTS,2020-01-29,9.4,,,9.4,3,2026-04-08T03:24:27.287495+00:00
115049,PREMPAINTS,2020-01-30,9.4,,,9.4,0,2026-04-08T03:24:29.658352+00:00
115152,PREMPAINTS,2020-01-31,9.4,,,9.4,0,2026-04-08T03:24:31.961868+00:00
115255,PREMPAINTS,2020-02-03,9.4,,,9.4,0,2026-04-08T03:24:36.430808+00:00
115358,PREMPAINTS,2020-02-04,9.4,,,9.4,0,2026-04-08T03:24:38.687124+00:00
115461,PREMPAINTS,2020-02-05,9.4,,,9.4,0,2026-04-08T03:24:41.03998+00:00
115564,PREMPAINTS,2020-02-06,9.4,,,9.4,0,2026-04-08T03:24:43.345135+00:00
115667,PREMPAINTS,2020-02-07,9.4,,,9.4,0,2026-04-08T03:24:45.609576+00:00
115770,PREMPAINTS,2020-02-10,9.4,,,9.4,0,2026-04-08T03:24:50.182603+00:00
115873,PREMPAINTS,2020-02-11,9.4,,,9.4,0,2026-04-08T03:24:52.780016+00:00
115976,PREMPAINTS,2020-02-12,9.4,,,9.4,0,2026-04-08T03:24:55.120152+00:00
116079,PREMPAINTS,2020-02-13,9.4,,,9.4,0,2026-04-08T03:24:57.649025+00:00
116182,PREMPAINTS,2020-02-14,9.4,,,9.4,0,2026-04-08T03:25:00.080254+00:00
116285,PREMPAINTS,2020-02-17,9.4,,,9.4,8250,2026-04-08T03:25:04.377856+00:00
116388,PREMPAINTS,2020-02-18,9.4,,,9.4,0,2026-04-08T03:25:06.773592+00:00
116491,PREMPAINTS,2020-02-19,9.4,,,9.4,100,2026-04-08T03:25:09.231504+00:00
116594,PREMPAINTS,2020-02-20,9.4,,,9.4,0,2026-04-08T03:25:11.501588+00:00
116697,PREMPAINTS,2020-02-21,9.4,,,9.4,0,2026-04-08T03:25:13.948187+00:00
116800,PREMPAINTS,2020-02-24,9.4,,,9.4,0,2026-04-08T03:25:18.415367+00:00
116903,PREMPAINTS,2020-02-25,9.4,,,9.4,0,2026-04-08T03:25:20.711298+00:00
117006,PREMPAINTS,2020-02-26,9.4,,,9.4,0,2026-04-08T03:25:23.465375+00:00
117109,PREMPAINTS,2020-02-27,9.4,,,9.4,80,2026-04-08T03:25:26.011368+00:00
117212,PREMPAINTS,2020-02-28,9.4,,,9.4,0,2026-04-08T03:25:28.472167+00:00
117315,PREMPAINTS,2020-03-02,9.4,,,9.4,0,2026-04-08T03:25:32.979972+00:00
117418,PREMPAINTS,2020-03-03,9.4,,,9.4,0,2026-04-08T03:25:35.324079+00:00
117521,PREMPAINTS,2020-03-04,9.4,,,9.4,48870,2026-04-08T03:25:37.587456+00:00
117624,PREMPAINTS,2020-03-05,9.4,,,9.4,0,2026-04-08T03:25:39.825698+00:00
117727,PREMPAINTS,2020-03-09,9.4,,,9.4,0,2026-04-08T03:25:45.227559+00:00
117830,PREMPAINTS,2020-03-10,9.4,,,9.4,0,2026-04-08T03:25:47.644077+00:00
117933,PREMPAINTS,2020-03-11,9.4,,,9.4,0,2026-04-08T03:25:49.940962+00:00
118036,PREMPAINTS,2020-03-12,9.4,,,9.4,0,2026-04-08T03:25:52.243289+00:00
118139,PREMPAINTS,2020-03-13,9.4,,,9.4,0,2026-04-08T03:25:54.520183+00:00
118242,PREMPAINTS,2020-03-16,9.4,,,9.4,0,2026-04-08T03:25:58.965391+00:00
118345,PREMPAINTS,2020-03-17,9.4,,,9.4,0,2026-04-08T03:26:01.331984+00:00
118448,PREMPAINTS,2020-03-18,9.4,,,9.4,0,2026-04-08T03:26:03.589989+00:00
118551,PREMPAINTS,2020-03-19,9.4,,,9.4,0,2026-04-08T03:26:05.957067+00:00
118654,PREMPAINTS,2020-03-20,9.4,,,9.4,0,2026-04-08T03:26:08.377452+00:00
118757,PREMPAINTS,2020-03-23,9.4,,,9.4,0,2026-04-08T03:26:12.667002+00:00
118860,PREMPAINTS,2020-03-24,9.4,,,9.4,0,2026-04-08T03:26:14.960057+00:00
118963,PREMPAINTS,2020-03-25,9.4,,,9.4,0,2026-04-08T03:26:17.224804+00:00
119066,PREMPAINTS,2020-03-26,9.4,,,9.4,0,2026-04-08T03:26:19.64473+00:00
119169,PREMPAINTS,2020-03-27,9.4,,,9.4,0,2026-04-08T03:26:21.968693+00:00
119272,PREMPAINTS,2020-03-30,9.4,,,9.4,0,2026-04-08T03:26:26.43282+00:00
119375,PREMPAINTS,2020-03-31,9.4,,,9.4,0,2026-04-08T03:26:28.926506+00:00
119478,PREMPAINTS,2020-04-01,9.4,,,9.4,0,2026-04-08T03:26:31.173614+00:00
119581,PREMPAINTS,2020-04-02,9.4,,,9.4,0,2026-04-08T03:26:33.480235+00:00
119684,PREMPAINTS,2020-04-03,9.4,,,9.4,0,2026-04-08T03:26:35.777807+00:00
119787,PREMPAINTS,2020-04-06,9.4,,,9.4,0,2026-04-08T03:26:40.135575+00:00
119890,PREMPAINTS,2020-04-07,9.4,,,9.4,0,2026-04-08T03:26:42.376644+00:00
119993,PREMPAINTS,2020-04-08,9.4,,,9.4,0,2026-04-08T03:26:44.690105+00:00
120096,PREMPAINTS,2020-04-09,9.4,,,9.4,0,2026-04-08T03:26:47.020639+00:00
120199,PREMPAINTS,2020-04-14,9.4,,,9.4,0,2026-04-08T03:26:53.304016+00:00
120302,PREMPAINTS,2020-04-15,9.4,,,9.4,0,2026-04-08T03:26:55.643286+00:00
120405,PREMPAINTS,2020-04-16,9.4,,,9.4,0,2026-04-08T03:26:58.005731+00:00
120508,PREMPAINTS,2020-04-17,9.4,,,9.4,0,2026-04-08T03:27:00.196144+00:00
120611,PREMPAINTS,2020-04-20,9.4,,,9.4,0,2026-04-08T03:27:04.902814+00:00
120714,PREMPAINTS,2020-04-21,9.4,,,9.4,0,2026-04-08T03:27:07.124699+00:00
120817,PREMPAINTS,2020-04-22,9.4,,,9.4,0,2026-04-08T03:27:09.50407+00:00
120920,PREMPAINTS,2020-04-23,9.4,,,9.4,0,2026-04-08T03:27:11.732195+00:00
121023,PREMPAINTS,2020-04-24,9.4,,,9.4,0,2026-04-08T03:27:14.133022+00:00
121126,PREMPAINTS,2020-04-27,9.4,,,9.4,0,2026-04-08T03:27:18.376911+00:00
121229,PREMPAINTS,2020-04-28,9.4,,,9.4,0,2026-04-08T03:27:20.70836+00:00
121332,PREMPAINTS,2020-04-29,9.4,,,9.4,0,2026-04-08T03:27:23.099969+00:00
121435,PREMPAINTS,2020-04-30,9.4,,,9.4,0,2026-04-08T03:27:25.479794+00:00
121538,PREMPAINTS,2020-05-04,9.4,,,9.4,0,2026-04-08T03:27:30.67652+00:00
121641,PREMPAINTS,2020-05-05,9.4,,,9.4,0,2026-04-08T03:27:32.997372+00:00
121744,PREMPAINTS,2020-05-06,9.4,,,9.4,0,2026-04-08T03:27:35.368243+00:00
121847,PREMPAINTS,2020-05-07,9.4,,,9.4,0,2026-04-08T03:27:37.70358+00:00
121950,PREMPAINTS,2020-05-08,9.4,,,9.4,0,2026-04-08T03:27:39.945267+00:00
122053,PREMPAINTS,2020-05-11,9.4,,,9.4,0,2026-04-08T03:27:44.543581+00:00
122156,PREMPAINTS,2020-05-12,9.4,,,9.4,0,2026-04-08T03:27:46.988848+00:00
122259,PREMPAINTS,2020-05-13,9.4,,,9.4,0,2026-04-08T03:27:49.292243+00:00
122362,PREMPAINTS,2020-05-14,9.4,,,9.4,0,2026-04-08T03:27:51.592074+00:00
122465,PREMPAINTS,2020-05-19,9.4,,,9.4,0,2026-04-08T03:27:58.031425+00:00
122568,PREMPAINTS,2020-05-20,9.4,,,9.4,0,2026-04-08T03:28:00.412443+00:00
122671,PREMPAINTS,2020-05-21,9.4,,,9.4,0,2026-04-08T03:28:02.829603+00:00
122774,PREMPAINTS,2020-05-27,9.4,,,9.4,0,2026-04-08T03:28:10.17932+00:00
122877,PREMPAINTS,2020-05-28,9.4,,,9.4,0,2026-04-08T03:28:12.484321+00:00
122980,PREMPAINTS,2020-05-29,9.4,,,9.4,0,2026-04-08T03:28:14.796152+00:00
123083,PREMPAINTS,2020-06-02,9.4,,,9.4,0,2026-04-08T03:28:20.224588+00:00
123186,PREMPAINTS,2020-06-03,9.4,,,9.4,0,2026-04-08T03:28:22.45251+00:00
123289,PREMPAINTS,2020-06-04,9.4,,,9.4,0,2026-04-08T03:28:24.742978+00:00
123392,PREMPAINTS,2020-06-05,9.4,,,9.4,0,2026-04-08T03:28:26.997708+00:00
123495,PREMPAINTS,2020-06-08,9.4,,,9.4,0,2026-04-08T03:28:31.360755+00:00
123598,PREMPAINTS,2020-06-09,9.4,,,9.4,0,2026-04-08T03:28:33.545964+00:00
123701,PREMPAINTS,2020-06-10,9.4,,,9.4,0,2026-04-08T03:28:35.856379+00:00
123804,PREMPAINTS,2020-06-11,9.4,,,9.4,0,2026-04-08T03:28:38.052531+00:00
123907,PREMPAINTS,2020-06-15,9.4,,,9.4,0,2026-04-08T03:28:43.437023+00:00
124010,PREMPAINTS,2020-06-16,9.4,,,9.4,0,2026-04-08T03:28:45.961134+00:00
124113,PREMPAINTS,2020-06-17,9.4,,,9.4,0,2026-04-08T03:28:48.324213+00:00
124216,PREMPAINTS,2020-06-18,9.4,,,9.4,0,2026-04-08T03:28:50.696546+00:00
124319,PREMPAINTS,2020-06-19,9.4,,,9.4,0,2026-04-08T03:28:53.406809+00:00
124422,PREMPAINTS,2020-06-22,9.4,,,9.4,0,2026-04-08T03:28:57.922359+00:00
124525,PREMPAINTS,2020-06-23,9.4,,,9.4,0,2026-04-08T03:29:00.283028+00:00
124628,PREMPAINTS,2020-06-24,9.4,,,9.4,0,2026-04-08T03:29:02.79982+00:00
124731,PREMPAINTS,2020-06-25,9.4,,,9.4,0,2026-04-08T03:29:05.076463+00:00
124834,PREMPAINTS,2020-06-26,9.4,,,9.4,9,2026-04-08T03:29:07.48598+00:00
124937,PREMPAINTS,2020-06-29,9.4,,,9.4,0,2026-04-08T03:29:11.968016+00:00
125040,PREMPAINTS,2020-06-30,9.4,,,9.4,0,2026-04-08T03:29:14.28255+00:00
125143,PREMPAINTS,2020-07-01,9.4,,,9.4,0,2026-04-08T03:29:16.703757+00:00
125246,PREMPAINTS,2020-07-02,9.4,,,9.4,0,2026-04-08T03:29:19.127663+00:00
125349,PREMPAINTS,2020-07-03,9.4,,,9.4,0,2026-04-08T03:29:21.544735+00:00
125452,PREMPAINTS,2020-07-07,9.4,,,9.4,0,2026-04-08T03:29:27.331532+00:00
125555,PREMPAINTS,2020-07-08,9.4,,,9.4,0,2026-04-08T03:29:29.768744+00:00
125658,PREMPAINTS,2020-07-09,9.4,,,9.4,0,2026-04-08T03:29:32.143692+00:00
125761,PREMPAINTS,2020-07-10,9.4,,,9.4,0,2026-04-08T03:29:34.521297+00:00
125864,PREMPAINTS,2020-07-13,9.4,,,9.4,0,2026-04-08T03:29:39.007126+00:00
125967,PREMPAINTS,2020-07-14,9.4,,,9.4,0,2026-04-08T03:29:41.304989+00:00
126070,PREMPAINTS,2020-07-15,9.4,,,9.4,0,2026-04-08T03:29:43.708156+00:00
126173,PREMPAINTS,2020-07-16,9.4,,,9.4,0,2026-04-08T03:29:45.979708+00:00
126276,PREMPAINTS,2020-07-17,9.4,,,9.4,0,2026-04-08T03:29:48.357101+00:00
126379,PREMPAINTS,2020-07-20,9.4,,,9.4,0,2026-04-08T03:29:52.723074+00:00
126482,PREMPAINTS,2020-07-21,9.4,,,9.4,0,2026-04-08T03:29:55.035926+00:00
126585,PREMPAINTS,2020-07-23,9.4,,,9.4,0,2026-04-08T03:29:58.238067+00:00
126688,PREMPAINTS,2020-07-24,9.4,,,9.4,0,2026-04-08T03:30:00.541513+00:00
126791,PREMPAINTS,2020-07-27,9.4,,,9.4,100,2026-04-08T03:30:04.748878+00:00
126894,PREMPAINTS,2020-07-28,9.4,,,9.4,0,2026-04-08T03:30:07.286947+00:00
126997,PREMPAINTS,2020-07-29,9.4,,,9.4,0,2026-04-08T03:30:09.725653+00:00
127100,PREMPAINTS,2020-08-03,9.4,,,9.4,0,2026-04-08T03:30:16.711714+00:00
127203,PREMPAINTS,2020-08-04,9.4,,,9.4,0,2026-04-08T03:30:19.026905+00:00
127306,PREMPAINTS,2020-08-05,9.4,,,9.4,0,2026-04-08T03:30:21.509999+00:00
127409,PREMPAINTS,2020-08-06,9.4,,,9.4,0,2026-04-08T03:30:23.823287+00:00
127512,PREMPAINTS,2020-08-07,9.4,,,9.4,0,2026-04-08T03:30:26.221973+00:00
127615,PREMPAINTS,2020-08-10,9.4,,,9.4,0,2026-04-08T03:30:31.080726+00:00
127718,PREMPAINTS,2020-08-11,9.4,,,9.4,0,2026-04-08T03:30:33.557314+00:00
127821,PREMPAINTS,2020-08-12,9.4,,,9.4,0,2026-04-08T03:30:35.989363+00:00
127924,PREMPAINTS,2020-08-13,9.4,,,9.4,0,2026-04-08T03:30:38.402702+00:00
128027,PREMPAINTS,2020-08-14,9.4,,,9.4,0,2026-04-08T03:30:40.738296+00:00
128130,PREMPAINTS,2020-08-17,9.4,,,9.4,0,2026-04-08T03:30:45.179846+00:00
128233,PREMPAINTS,2020-08-18,9.4,,,9.4,0,2026-04-08T03:30:47.750292+00:00
128336,PREMPAINTS,2020-08-19,9.4,,,9.4,0,2026-04-08T03:30:50.260611+00:00
128439,PREMPAINTS,2020-08-20,9.4,,,9.4,0,2026-04-08T03:30:52.728097+00:00
128542,PREMPAINTS,2020-08-21,9.4,,,9.4,0,2026-04-08T03:30:55.129893+00:00
128645,PREMPAINTS,2020-08-24,9.4,,,9.4,0,2026-04-08T03:30:59.50528+00:00
128748,PREMPAINTS,2020-08-25,9.4,,,9.4,0,2026-04-08T03:31:01.97181+00:00
128851,PREMPAINTS,2020-08-26,9.4,,,9.4,0,2026-04-08T03:31:04.340397+00:00
128954,PREMPAINTS,2020-08-27,9.4,,,9.4,0,2026-04-08T03:31:06.825032+00:00
129057,PREMPAINTS,2020-08-28,9.4,,,9.4,0,2026-04-08T03:31:10.050623+00:00
129160,PREMPAINTS,2020-08-31,9.4,,,9.4,0,2026-04-08T03:31:14.574397+00:00
129263,PREMPAINTS,2020-09-01,9.4,,,9.4,0,2026-04-08T03:31:16.859057+00:00
129366,PREMPAINTS,2020-09-02,9.4,,,9.4,0,2026-04-08T03:31:19.223829+00:00
129469,PREMPAINTS,2020-09-03,9.4,,,9.4,0,2026-04-08T03:31:21.580357+00:00
129572,PREMPAINTS,2020-09-04,9.4,,,9.4,110,2026-04-08T03:31:24.095323+00:00
129675,PREMPAINTS,2020-09-07,9.4,,,9.4,0,2026-04-08T03:31:29.028072+00:00
129778,PREMPAINTS,2020-09-08,9.4,,,9.4,0,2026-04-08T03:31:31.696694+00:00
129881,PREMPAINTS,2020-09-09,9.4,,,9.4,0,2026-04-08T03:31:34.222499+00:00
129984,PREMPAINTS,2020-09-10,9.4,,,9.4,0,2026-04-08T03:31:36.666154+00:00
130087,PREMPAINTS,2020-09-11,9.4,,,9.4,0,2026-04-08T03:31:39.224755+00:00
130190,PREMPAINTS,2020-09-14,9.4,,,9.4,0,2026-04-08T03:31:43.669625+00:00
130293,PREMPAINTS,2020-09-15,9.4,,,9.4,0,2026-04-08T03:31:46.096824+00:00
130396,PREMPAINTS,2020-09-16,9.4,,,9.4,10,2026-04-08T03:31:48.62473+00:00
130499,PREMPAINTS,2020-09-17,9.4,,,9.4,0,2026-04-08T03:31:51.120615+00:00
130602,PREMPAINTS,2020-09-18,9.4,,,9.4,0,2026-04-08T03:31:53.500222+00:00
130705,PREMPAINTS,2020-09-21,9.4,,,9.4,0,2026-04-08T03:31:57.915353+00:00
130808,PREMPAINTS,2020-09-22,9.4,,,9.4,0,2026-04-08T03:32:00.361616+00:00
130911,PREMPAINTS,2020-09-23,9.4,,,9.4,0,2026-04-08T03:32:02.667296+00:00
131014,PREMPAINTS,2020-09-24,9.4,,,9.4,0,2026-04-08T03:32:05.077899+00:00
131117,PREMPAINTS,2020-09-25,9.4,,,9.4,0,2026-04-08T03:32:07.472813+00:00
131220,PREMPAINTS,2020-09-28,9.4,,,9.4,5,2026-04-08T03:32:12.542607+00:00
131323,PREMPAINTS,2020-09-29,9.4,,,9.4,0,2026-04-08T03:32:14.948969+00:00
131426,PREMPAINTS,2020-09-30,9.4,,,9.4,0,2026-04-08T03:32:17.368144+00:00
131529,PREMPAINTS,2020-10-02,9.4,,,9.4,0,2026-04-08T03:32:21.009688+00:00
131632,PREMPAINTS,2020-10-05,9.4,,,9.4,0,2026-04-08T03:32:25.669514+00:00
131735,PREMPAINTS,2020-10-06,9.4,,,9.4,0,2026-04-08T03:32:28.151061+00:00
131838,PREMPAINTS,2020-10-07,9.4,,,9.4,0,2026-04-08T03:32:30.62441+00:00
131941,PREMPAINTS,2020-10-08,9.4,,,9.4,0,2026-04-08T03:32:32.995223+00:00
132044,PREMPAINTS,2020-10-09,9.4,,,9.4,0,2026-04-08T03:32:35.453646+00:00
132147,PREMPAINTS,2020-10-12,9.4,,,9.4,0,2026-04-08T03:32:39.836845+00:00
132250,PREMPAINTS,2020-10-13,9.4,,,9.4,0,2026-04-08T03:32:42.883097+00:00
132353,PREMPAINTS,2020-10-14,9.4,,,9.4,0,2026-04-08T03:32:45.313484+00:00
132456,PREMPAINTS,2020-10-15,9.4,,,9.4,0,2026-04-08T03:32:47.672181+00:00
132559,PREMPAINTS,2020-10-16,9.4,,,9.4,0,2026-04-08T03:32:50.112843+00:00
132662,PREMPAINTS,2020-10-19,9.4,,,9.4,0,2026-04-08T03:32:54.594352+00:00
132765,PREMPAINTS,2020-10-20,9.4,,,9.4,0,2026-04-08T03:32:57.288568+00:00
132868,PREMPAINTS,2020-10-21,9.4,,,9.4,0,2026-04-08T03:32:59.679627+00:00
132971,PREMPAINTS,2020-10-22,9.4,,,9.4,0,2026-04-08T03:33:02.194874+00:00
133074,PREMPAINTS,2020-10-23,9.4,,,9.4,0,2026-04-08T03:33:04.540232+00:00
133177,PREMPAINTS,2020-10-26,9.4,,,9.4,0,2026-04-08T03:33:08.964122+00:00
133280,PREMPAINTS,2020-10-27,9.4,,,9.4,0,2026-04-08T03:33:12.04516+00:00
133383,PREMPAINTS,2020-10-28,9.4,,,9.4,0,2026-04-08T03:33:14.504918+00:00
133486,PREMPAINTS,2020-10-30,9.4,,,9.4,1000,2026-04-08T03:33:18.13889+00:00
133589,PREMPAINTS,2020-11-02,9.4,,,9.4,0,2026-04-08T03:33:22.589733+00:00
133692,PREMPAINTS,2020-11-03,9.4,,,9.4,0,2026-04-08T03:33:24.936567+00:00
133795,PREMPAINTS,2020-11-04,9.4,,,9.4,0,2026-04-08T03:33:27.402012+00:00
133898,PREMPAINTS,2020-11-05,9.4,,,9.4,0,2026-04-08T03:33:29.791139+00:00
134001,PREMPAINTS,2020-11-06,9.4,,,9.4,0,2026-04-08T03:33:32.190465+00:00
134104,PREMPAINTS,2020-11-09,9.4,,,9.4,0,2026-04-08T03:33:36.944942+00:00
134208,PREMPAINTS,2020-11-10,9.4,,,9.4,0,2026-04-08T03:33:39.328014+00:00
134312,PREMPAINTS,2020-11-11,9.4,,,9.4,0,2026-04-08T03:33:41.646704+00:00
134416,PREMPAINTS,2020-11-12,9.4,,,9.4,0,2026-04-08T03:33:44.075825+00:00
134520,PREMPAINTS,2020-11-13,9.4,,,9.4,0,2026-04-08T03:33:46.660663+00:00
134624,PREMPAINTS,2020-11-16,9.4,,,9.4,0,2026-04-08T03:33:51.206328+00:00
134728,PREMPAINTS,2020-11-17,9.4,,,9.4,0,2026-04-08T03:33:53.594986+00:00
134832,PREMPAINTS,2020-11-18,9.4,,,9.4,0,2026-04-08T03:33:56.053488+00:00
134936,PREMPAINTS,2020-11-19,9.4,,,9.4,0,2026-04-08T03:33:58.535588+00:00
135040,PREMPAINTS,2020-11-20,9.4,,,9.4,0,2026-04-08T03:34:01.033528+00:00
135144,PREMPAINTS,2020-11-23,9.4,,,9.4,0,2026-04-08T03:34:05.446005+00:00
135248,PREMPAINTS,2020-11-24,9.4,,,9.4,0,2026-04-08T03:34:07.827748+00:00
135352,PREMPAINTS,2020-11-25,9.4,,,9.4,0,2026-04-08T03:34:10.273596+00:00
135456,PREMPAINTS,2020-11-26,9.4,,,9.4,0,2026-04-08T03:34:12.878043+00:00
135560,PREMPAINTS,2020-11-27,9.4,,,9.4,0,2026-04-08T03:34:15.660625+00:00
135664,PREMPAINTS,2020-11-30,9.4,,,9.4,0,2026-04-08T03:34:20.595268+00:00
135768,PREMPAINTS,2020-12-01,9.4,,,9.4,0,2026-04-08T03:34:22.915781+00:00
135871,PREMPAINTS,2020-12-02,9.4,,,9.4,0,2026-04-08T03:34:25.200893+00:00
135973,PREMPAINTS,2020-12-03,9.4,,,9.4,5200,2026-04-08T03:34:27.500503+00:00
136075,PREMPAINTS,2020-12-04,9.4,,,9.4,0,2026-04-08T03:34:29.754666+00:00
136179,PREMPAINTS,2020-12-07,9.4,,,9.4,0,2026-04-08T03:34:34.092506+00:00
136283,PREMPAINTS,2020-12-08,9.4,,,9.4,0,2026-04-08T03:34:36.413898+00:00
136387,PREMPAINTS,2020-12-09,9.4,,,9.4,0,2026-04-08T03:34:38.741358+00:00
136491,PREMPAINTS,2020-12-10,9.4,,,9.4,0,2026-04-08T03:34:41.210459+00:00
136595,PREMPAINTS,2020-12-11,9.4,,,9.4,0,2026-04-08T03:34:43.516271+00:00
136699,PREMPAINTS,2020-12-14,9.4,,,9.4,0,2026-04-08T03:34:47.752987+00:00
136804,PREMPAINTS,2020-12-15,9.4,,,9.4,0,2026-04-08T03:34:50.014046+00:00
136909,PREMPAINTS,2020-12-16,9.4,,,9.4,0,2026-04-08T03:34:52.260784+00:00
137014,PREMPAINTS,2020-12-17,9.4,,,9.4,0,2026-04-08T03:34:54.700208+00:00
137119,PREMPAINTS,2020-12-18,9.4,,,9.4,0,2026-04-08T03:34:57.404383+00:00
137224,PREMPAINTS,2020-12-21,9.4,,,9.4,0,2026-04-08T03:35:01.74156+00:00
137329,PREMPAINTS,2020-12-22,9.4,,,9.4,0,2026-04-08T03:35:04.087051+00:00
137434,PREMPAINTS,2020-12-23,9.4,,,9.4,0,2026-04-08T03:35:06.465463+00:00
137539,PREMPAINTS,2020-12-24,9.4,,,9.4,0,2026-04-08T03:35:08.859517+00:00
137644,PREMPAINTS,2020-12-29,9.4,,,9.4,0,2026-04-08T03:35:15.710612+00:00
137749,PREMPAINTS,2020-12-30,9.4,,,9.4,0,2026-04-08T03:35:18.332825+00:00
137854,PREMPAINTS,2020-12-31,9.4,,,9.4,0,2026-04-08T03:35:20.721524+00:00
137959,PREMPAINTS,2021-01-04,9.4,,,9.4,0,2026-04-08T03:35:26.376094+00:00
138064,PREMPAINTS,2021-01-05,9.4,,,9.4,0,2026-04-08T03:35:29.033034+00:00
138169,PREMPAINTS,2021-01-06,9.4,,,9.4,0,2026-04-08T03:35:31.424152+00:00
138274,PREMPAINTS,2021-01-07,9.4,,,9.4,0,2026-04-08T03:35:34.042283+00:00
138379,PREMPAINTS,2021-01-08,9.4,,,9.4,0,2026-04-08T03:35:36.489888+00:00
138484,PREMPAINTS,2021-01-11,9.4,,,9.4,0,2026-04-08T03:35:41.134484+00:00
138589,PREMPAINTS,2021-01-12,9.4,,,9.4,0,2026-04-08T03:35:43.444525+00:00
138694,PREMPAINTS,2021-01-13,9.4,,,9.4,0,2026-04-08T03:35:45.752573+00:00
138799,PREMPAINTS,2021-01-14,9.4,,,9.4,0,2026-04-08T03:35:48.266873+00:00
138904,PREMPAINTS,2021-01-15,9.4,,,9.4,0,2026-04-08T03:35:50.536305+00:00
139009,PREMPAINTS,2021-01-18,9.4,,,9.4,0,2026-04-08T03:35:55.012207+00:00
139114,PREMPAINTS,2021-01-19,9.4,,,9.4,0,2026-04-08T03:35:57.346792+00:00
139219,PREMPAINTS,2021-01-20,9.4,,,9.4,0,2026-04-08T03:35:59.785195+00:00
139324,PREMPAINTS,2021-01-21,9.4,,,9.4,0,2026-04-08T03:36:02.057398+00:00
139429,PREMPAINTS,2021-01-22,9.4,,,9.4,0,2026-04-08T03:36:04.490813+00:00
139534,PREMPAINTS,2021-01-25,9.4,,,9.4,0,2026-04-08T03:36:09.142175+00:00
139639,PREMPAINTS,2021-01-26,9.4,,,9.4,0,2026-04-08T03:36:11.477526+00:00
139744,PREMPAINTS,2021-01-27,9.4,,,9.4,0,2026-04-08T03:36:13.916788+00:00
139849,PREMPAINTS,2021-01-28,9.4,,,9.4,200,2026-04-08T03:36:16.269205+00:00
139954,PREMPAINTS,2021-01-29,9.4,,,9.4,0,2026-04-08T03:36:18.603253+00:00
140059,PREMPAINTS,2021-02-01,9.4,,,9.4,0,2026-04-08T03:36:23.094546+00:00
140164,PREMPAINTS,2021-02-02,9.4,,,9.4,0,2026-04-08T03:36:25.523135+00:00
140269,PREMPAINTS,2021-02-03,9.4,,,9.4,100,2026-04-08T03:36:27.835035+00:00
140374,PREMPAINTS,2021-02-04,9.4,,,9.4,450,2026-04-08T03:36:30.225924+00:00
140479,PREMPAINTS,2021-02-05,9.4,,,9.4,1250,2026-04-08T03:36:32.587221+00:00
140584,PREMPAINTS,2021-02-08,9.4,,,9.4,0,2026-04-08T03:36:37.052653+00:00
140689,PREMPAINTS,2021-02-09,9.4,,,9.4,0,2026-04-08T03:36:39.468141+00:00
140794,PREMPAINTS,2021-02-10,9.4,,,9.4,0,2026-04-08T03:36:41.836322+00:00
140899,PREMPAINTS,2021-02-11,9.4,,,9.4,0,2026-04-08T03:36:44.255641+00:00
141004,PREMPAINTS,2021-02-12,9.4,,,9.4,0,2026-04-08T03:36:46.553737+00:00
141109,PREMPAINTS,2021-02-15,9.4,,,9.4,0,2026-04-08T03:36:50.983127+00:00
141214,PREMPAINTS,2021-02-16,9.4,,,9.4,0,2026-04-08T03:36:53.929967+00:00
141319,PREMPAINTS,2021-02-17,10.0,,,10.0,4053300,2026-04-08T03:36:56.762484+00:00
141424,PREMPAINTS,2021-02-18,10.0,,,10.0,0,2026-04-08T03:36:59.321693+00:00
141529,PREMPAINTS,2021-02-19,10.0,,,10.0,0,2026-04-08T03:37:01.817881+00:00
141634,PREMPAINTS,2021-02-22,10.0,,,10.0,0,2026-04-08T03:37:06.27808+00:00
141739,PREMPAINTS,2021-02-23,10.0,,,10.0,0,2026-04-08T03:37:08.890934+00:00
141844,PREMPAINTS,2021-02-24,10.0,,,10.0,0,2026-04-08T03:37:11.490979+00:00
141949,PREMPAINTS,2021-02-25,10.0,,,10.0,0,2026-04-08T03:37:14.190372+00:00
142054,PREMPAINTS,2021-02-26,10.0,,,10.0,0,2026-04-08T03:37:16.661186+00:00
142159,PREMPAINTS,2021-03-01,10.0,,,10.0,0,2026-04-08T03:37:22.522205+00:00
142264,PREMPAINTS,2021-03-02,10.0,,,10.0,0,2026-04-08T03:37:25.400973+00:00
142369,PREMPAINTS,2021-03-03,10.0,,,10.0,0,2026-04-08T03:37:28.29584+00:00
142474,PREMPAINTS,2021-03-04,10.0,,,10.0,0,2026-04-08T03:37:30.865183+00:00
142579,PREMPAINTS,2021-03-05,10.0,,,10.0,0,2026-04-08T03:37:35.032922+00:00
142684,PREMPAINTS,2021-03-08,10.0,,,10.0,0,2026-04-08T03:37:40.957406+00:00
142789,PREMPAINTS,2021-03-09,10.0,,,10.0,0,2026-04-08T03:37:43.478318+00:00
142894,PREMPAINTS,2021-03-10,10.0,,,10.0,35,2026-04-08T03:37:46.075681+00:00
142999,PREMPAINTS,2021-03-11,10.0,,,10.0,0,2026-04-08T03:37:49.142973+00:00
143104,PREMPAINTS,2021-03-12,10.0,,,10.0,0,2026-04-08T03:37:51.827027+00:00
143209,PREMPAINTS,2021-03-15,10.0,,,10.0,0,2026-04-08T03:37:56.632273+00:00
143314,PREMPAINTS,2021-03-16,10.0,,,10.0,0,2026-04-08T03:37:59.157483+00:00
143419,PREMPAINTS,2021-03-17,10.0,,,10.0,0,2026-04-08T03:38:01.497417+00:00
143524,PREMPAINTS,2021-03-18,10.0,,,10.0,0,2026-04-08T03:38:03.831621+00:00
143629,PREMPAINTS,2021-03-19,10.0,,,10.0,0,2026-04-08T03:38:06.31825+00:00
143734,PREMPAINTS,2021-03-22,10.0,,,10.0,0,2026-04-08T03:38:11.081229+00:00
143839,PREMPAINTS,2021-03-23,10.0,,,10.0,0,2026-04-08T03:38:13.396015+00:00
143944,PREMPAINTS,2021-03-24,10.0,,,10.0,0,2026-04-08T03:38:15.81449+00:00
144049,PREMPAINTS,2021-03-25,10.0,,,10.0,0,2026-04-08T03:38:18.283134+00:00
144154,PREMPAINTS,2021-03-26,10.0,,,10.0,0,2026-04-08T03:38:20.746814+00:00
144259,PREMPAINTS,2021-03-29,10.0,,,10.0,0,2026-04-08T03:38:25.159246+00:00
144364,PREMPAINTS,2021-03-30,10.0,,,10.0,0,2026-04-08T03:38:27.475529+00:00
144469,PREMPAINTS,2021-03-31,10.0,,,10.0,0,2026-04-08T03:38:29.710175+00:00
144574,PREMPAINTS,2021-04-01,10.0,,,10.0,0,2026-04-08T03:38:32.086622+00:00
144679,PREMPAINTS,2021-04-06,10.0,,,10.0,0,2026-04-08T03:38:38.336109+00:00
144784,PREMPAINTS,2021-04-07,10.0,,,10.0,0,2026-04-08T03:38:40.597593+00:00
144889,PREMPAINTS,2021-04-08,10.0,,,10.0,0,2026-04-08T03:38:43.050318+00:00
144994,PREMPAINTS,2021-04-09,10.0,,,10.0,0,2026-04-08T03:38:45.381101+00:00
145099,PREMPAINTS,2021-04-12,10.0,,,10.0,0,2026-04-08T03:38:49.634064+00:00
145204,PREMPAINTS,2021-04-14,10.0,,,10.0,0,2026-04-08T03:38:53.291299+00:00
145309,PREMPAINTS,2021-04-15,10.0,,,10.0,0,2026-04-08T03:38:55.647647+00:00
145414,PREMPAINTS,2021-04-16,10.0,,,10.0,0,2026-04-08T03:38:58.039758+00:00
145519,PREMPAINTS,2021-04-19,10.0,,,10.0,0,2026-04-08T03:39:02.639407+00:00
145624,PREMPAINTS,2021-04-20,10.0,,,10.0,0,2026-04-08T03:39:05.009889+00:00
145729,PREMPAINTS,2021-04-21,10.0,,,10.0,0,2026-04-08T03:39:07.371999+00:00
145834,PREMPAINTS,2021-04-22,10.0,,,10.0,0,2026-04-08T03:39:09.720023+00:00
145939,PREMPAINTS,2021-04-26,10.0,,,10.0,0,2026-04-08T03:39:15.36746+00:00
146044,PREMPAINTS,2021-04-27,10.0,,,10.0,0,2026-04-08T03:39:17.695414+00:00
146149,PREMPAINTS,2021-04-28,10.0,,,10.0,0,2026-04-08T03:39:20.620007+00:00
146254,PREMPAINTS,2021-04-29,10.0,,,10.0,0,2026-04-08T03:39:22.905871+00:00
146359,PREMPAINTS,2021-04-30,10.0,,,10.0,0,2026-04-08T03:39:25.430976+00:00
146464,PREMPAINTS,2021-05-04,10.0,,,10.0,0,2026-04-08T03:39:31.322792+00:00
146569,PREMPAINTS,2021-05-05,10.0,,,10.0,0,2026-04-08T03:39:33.759587+00:00
146674,PREMPAINTS,2021-05-06,10.0,,,10.0,0,2026-04-08T03:39:36.246061+00:00
146779,PREMPAINTS,2021-05-07,10.0,,,10.0,0,2026-04-08T03:39:38.47254+00:00
146884,PREMPAINTS,2021-05-10,10.0,,,10.0,0,2026-04-08T03:39:42.886326+00:00
146989,PREMPAINTS,2021-05-11,10.0,,,10.0,0,2026-04-08T03:39:45.288668+00:00
147094,PREMPAINTS,2021-05-14,10.0,,,10.0,0,2026-04-08T03:39:49.859206+00:00
147199,PREMPAINTS,2021-05-17,10.0,,,10.0,0,2026-04-08T03:39:54.343913+00:00
147304,PREMPAINTS,2021-05-18,10.0,,,10.0,0,2026-04-08T03:39:57.092526+00:00
147409,PREMPAINTS,2021-05-19,10.0,,,10.0,0,2026-04-08T03:39:59.433321+00:00
147514,PREMPAINTS,2021-05-20,10.0,,,10.0,0,2026-04-08T03:40:01.906518+00:00
147619,PREMPAINTS,2021-05-21,10.0,,,10.0,0,2026-04-08T03:40:04.221824+00:00
147724,PREMPAINTS,2021-05-24,10.0,,,10.0,0,2026-04-08T03:40:08.535937+00:00
147829,PREMPAINTS,2021-05-25,10.0,,,10.0,0,2026-04-08T03:40:10.790359+00:00
147934,PREMPAINTS,2021-05-26,10.0,,,10.0,0,2026-04-08T03:40:13.088105+00:00
148039,PREMPAINTS,2021-05-27,10.0,,,10.0,0,2026-04-08T03:40:15.774564+00:00
148144,PREMPAINTS,2021-05-28,10.0,,,10.0,0,2026-04-08T03:40:18.222614+00:00
148249,PREMPAINTS,2021-05-31,10.0,,,10.0,0,2026-04-08T03:40:23.651574+00:00
148354,PREMPAINTS,2021-06-01,10.0,,,10.0,0,2026-04-08T03:40:26.050454+00:00
148459,PREMPAINTS,2021-06-02,10.0,,,10.0,0,2026-04-08T03:40:28.576306+00:00
148564,PREMPAINTS,2021-06-03,10.0,,,10.0,0,2026-04-08T03:40:31.001459+00:00
148669,PREMPAINTS,2021-06-04,10.0,,,10.0,0,2026-04-08T03:40:33.442796+00:00
148774,PREMPAINTS,2021-06-07,10.0,,,10.0,2000,2026-04-08T03:40:37.732645+00:00
148879,PREMPAINTS,2021-06-08,10.0,,,10.0,0,2026-04-08T03:40:40.102423+00:00
148984,PREMPAINTS,2021-06-09,10.0,,,10.0,0,2026-04-08T03:40:42.486352+00:00
149089,PREMPAINTS,2021-06-10,10.0,,,10.0,0,2026-04-08T03:40:45.029393+00:00
149194,PREMPAINTS,2021-06-11,10.0,,,10.0,0,2026-04-08T03:40:47.465669+00:00
149299,PREMPAINTS,2021-06-15,10.0,,,10.0,0,2026-04-08T03:40:53.415974+00:00
149404,PREMPAINTS,2021-06-16,10.0,,,10.0,0,2026-04-08T03:40:55.754681+00:00
149510,PREMPAINTS,2021-06-17,10.0,,,10.0,0,2026-04-08T03:40:58.172345+00:00
149616,PREMPAINTS,2021-06-18,10.0,,,10.0,0,2026-04-08T03:41:00.479054+00:00
149722,PREMPAINTS,2021-06-21,10.0,,,10.0,0,2026-04-08T03:41:05.049703+00:00
149829,PREMPAINTS,2021-06-22,10.0,,,10.0,100,2026-04-08T03:41:07.444448+00:00
149936,PREMPAINTS,2021-06-23,10.0,,,10.0,6,2026-04-08T03:41:09.819069+00:00
150043,PREMPAINTS,2021-06-24,10.0,,,10.0,0,2026-04-08T03:41:12.2583+00:00
150150,PREMPAINTS,2021-06-25,10.0,,,10.0,0,2026-04-08T03:41:14.6351+00:00
150257,PREMPAINTS,2021-06-28,10.0,,,10.0,0,2026-04-08T03:41:19.428749+00:00
150364,PREMPAINTS,2021-06-29,10.0,,,10.0,0,2026-04-08T03:41:22.147646+00:00
150471,PREMPAINTS,2021-06-30,10.0,,,10.0,0,2026-04-08T03:41:24.723581+00:00
150578,PREMPAINTS,2021-07-01,10.0,,,10.0,0,2026-04-08T03:41:27.253573+00:00
150685,PREMPAINTS,2021-07-02,10.0,,,10.0,0,2026-04-08T03:41:29.882533+00:00
150792,PREMPAINTS,2021-07-05,10.0,,,10.0,0,2026-04-08T03:41:34.454391+00:00
150899,PREMPAINTS,2021-07-06,10.0,,,10.0,0,2026-04-08T03:41:36.982623+00:00
151006,PREMPAINTS,2021-07-07,10.0,,,10.0,100,2026-04-08T03:41:39.307643+00:00
151113,PREMPAINTS,2021-07-08,10.0,,,10.0,0,2026-04-08T03:41:41.672436+00:00
151221,PREMPAINTS,2021-07-09,10.0,,,10.0,0,2026-04-08T03:41:44.186247+00:00
151329,PREMPAINTS,2021-07-12,10.0,,,10.0,0,2026-04-08T03:41:48.615121+00:00
151437,PREMPAINTS,2021-07-13,10.0,,,10.0,0,2026-04-08T03:41:50.993586+00:00
151545,PREMPAINTS,2021-07-14,10.0,,,10.0,0,2026-04-08T03:41:53.268+00:00
151653,PREMPAINTS,2021-07-15,10.0,,,10.0,0,2026-04-08T03:41:55.50175+00:00
151761,PREMPAINTS,2021-07-16,10.0,,,10.0,0,2026-04-08T03:41:57.978751+00:00
151869,PREMPAINTS,2021-07-19,10.0,,,10.0,0,2026-04-08T03:42:02.439681+00:00
151977,PREMPAINTS,2021-07-22,10.0,,,10.0,0,2026-04-08T03:42:06.938387+00:00
152085,PREMPAINTS,2021-07-23,10.0,,,10.0,0,2026-04-08T03:42:09.224536+00:00
152193,PREMPAINTS,2021-07-26,10.0,,,10.0,0,2026-04-08T03:42:13.888963+00:00
152301,PREMPAINTS,2021-07-27,10.0,,,10.0,0,2026-04-08T03:42:16.300026+00:00
152409,PREMPAINTS,2021-07-28,10.0,,,10.0,0,2026-04-08T03:42:18.733972+00:00
152517,PREMPAINTS,2021-07-29,10.0,,,10.0,0,2026-04-08T03:42:21.196071+00:00
152625,PREMPAINTS,2021-07-30,10.0,,,10.0,0,2026-04-08T03:42:23.780537+00:00
152733,PREMPAINTS,2021-08-02,10.0,,,10.0,0,2026-04-08T03:42:28.457705+00:00
152841,PREMPAINTS,2021-08-03,10.0,,,10.0,0,2026-04-08T03:42:31.094462+00:00
152949,PREMPAINTS,2021-08-04,10.0,,,10.0,0,2026-04-08T03:42:33.531563+00:00
153057,PREMPAINTS,2021-08-05,10.0,,,10.0,0,2026-04-08T03:42:35.917081+00:00
153165,PREMPAINTS,2021-08-06,10.0,,,10.0,0,2026-04-08T03:42:38.23616+00:00
153273,PREMPAINTS,2021-08-09,10.0,,,10.0,0,2026-04-08T03:42:42.878342+00:00
153381,PREMPAINTS,2021-08-10,10.0,,,10.0,0,2026-04-08T03:42:45.264053+00:00
153489,PREMPAINTS,2021-08-12,10.0,,,10.0,0,2026-04-08T03:42:48.762656+00:00
153597,PREMPAINTS,2021-08-13,10.0,,,10.0,0,2026-04-08T03:42:51.120096+00:00
153705,PREMPAINTS,2021-08-16,10.0,,,10.0,0,2026-04-08T03:42:55.556429+00:00
153813,PREMPAINTS,2021-08-17,10.0,,,10.0,0,2026-04-08T03:42:57.870214+00:00
153921,PREMPAINTS,2021-08-18,10.0,,,10.0,0,2026-04-08T03:43:00.318272+00:00
154029,PREMPAINTS,2021-08-19,10.0,,,10.0,0,2026-04-08T03:43:02.743698+00:00
154137,PREMPAINTS,2021-08-20,10.0,,,10.0,0,2026-04-08T03:43:05.111187+00:00
154245,PREMPAINTS,2021-08-23,10.0,,,10.0,0,2026-04-08T03:43:09.725908+00:00
154353,PREMPAINTS,2021-08-24,10.0,,,10.0,0,2026-04-08T03:43:12.031989+00:00
154461,PREMPAINTS,2021-08-25,10.0,,,10.0,1000,2026-04-08T03:43:14.375004+00:00
154569,PREMPAINTS,2021-08-26,10.0,,,10.0,0,2026-04-08T03:43:16.860503+00:00
154677,PREMPAINTS,2021-08-27,10.0,,,10.0,0,2026-04-08T03:43:19.247601+00:00
154785,PREMPAINTS,2021-08-30,10.0,,,10.0,0,2026-04-08T03:43:23.756871+00:00
154893,PREMPAINTS,2021-08-31,10.0,,,10.0,0,2026-04-08T03:43:26.203018+00:00
155001,PREMPAINTS,2021-09-01,10.0,,,10.0,0,2026-04-08T03:43:28.430514+00:00
155109,PREMPAINTS,2021-09-02,10.0,,,10.0,0,2026-04-08T03:43:30.63423+00:00
155217,PREMPAINTS,2021-09-03,10.0,,,10.0,0,2026-04-08T03:43:33.173741+00:00
155325,PREMPAINTS,2021-09-06,10.0,,,10.0,0,2026-04-08T03:43:37.566628+00:00
155433,PREMPAINTS,2021-09-07,10.0,,,10.0,0,2026-04-08T03:43:39.870652+00:00
155541,PREMPAINTS,2021-09-08,10.0,,,10.0,0,2026-04-08T03:43:42.125577+00:00
155649,PREMPAINTS,2021-09-09,10.0,,,10.0,0,2026-04-08T03:43:44.739177+00:00
155757,PREMPAINTS,2021-09-10,10.0,,,10.0,0,2026-04-08T03:43:47.339386+00:00
155865,PREMPAINTS,2021-09-13,10.0,,,10.0,0,2026-04-08T03:43:51.822078+00:00
155973,PREMPAINTS,2021-09-14,10.0,,,10.0,30,2026-04-08T03:43:54.260371+00:00
156081,PREMPAINTS,2021-09-15,10.0,,,10.0,0,2026-04-08T03:43:56.896801+00:00
156189,PREMPAINTS,2021-09-16,10.0,,,10.0,0,2026-04-08T03:43:59.227477+00:00
156297,PREMPAINTS,2021-09-20,10.0,,,10.0,200,2026-04-08T03:44:04.993721+00:00
156405,PREMPAINTS,2021-09-21,10.0,,,10.0,0,2026-04-08T03:44:07.727357+00:00
156513,PREMPAINTS,2021-09-22,10.0,,,10.0,100,2026-04-08T03:44:10.239254+00:00
156621,PREMPAINTS,2021-09-23,10.0,,,10.0,0,2026-04-08T03:44:12.661605+00:00
156729,PREMPAINTS,2021-09-24,10.0,,,10.0,0,2026-04-08T03:44:15.34542+00:00
156837,PREMPAINTS,2021-09-27,10.0,,,10.0,0,2026-04-08T03:44:19.850483+00:00
156945,PREMPAINTS,2021-09-28,10.0,,,10.0,0,2026-04-08T03:44:22.678655+00:00
157053,PREMPAINTS,2021-09-29,10.0,,,10.0,0,2026-04-08T03:44:25.133662+00:00
157161,PREMPAINTS,2021-09-30,10.0,,,10.0,0,2026-04-08T03:44:27.471646+00:00
157269,PREMPAINTS,2021-10-04,10.0,,,10.0,0,2026-04-08T03:44:32.876267+00:00
157377,PREMPAINTS,2021-10-05,10.0,,,10.0,0,2026-04-08T03:44:35.445743+00:00
157485,PREMPAINTS,2021-10-06,10.0,,,10.0,0,2026-04-08T03:44:37.876116+00:00
157593,PREMPAINTS,2021-10-07,10.0,,,10.0,0,2026-04-08T03:44:40.206594+00:00
157701,PREMPAINTS,2021-10-08,10.0,,,10.0,0,2026-04-08T03:44:42.63936+00:00
157809,PREMPAINTS,2021-10-11,10.0,,,10.0,0,2026-04-08T03:44:47.21782+00:00
157917,PREMPAINTS,2021-10-12,10.0,,,10.0,0,2026-04-08T03:44:49.55017+00:00
158025,PREMPAINTS,2021-10-13,10.0,,,10.0,0,2026-04-08T03:44:52.157785+00:00
158133,PREMPAINTS,2021-10-14,10.0,,,10.0,0,2026-04-08T03:44:54.53471+00:00
158242,PREMPAINTS,2021-10-15,10.0,,,10.0,0,2026-04-08T03:44:56.91657+00:00
158351,PREMPAINTS,2021-10-18,10.0,,,10.0,0,2026-04-08T03:45:01.595863+00:00
158460,PREMPAINTS,2021-10-20,10.0,,,10.0,700,2026-04-08T03:45:05.471144+00:00
158569,PREMPAINTS,2021-10-21,10.0,,,10.0,0,2026-04-08T03:45:08.008029+00:00
158676,PREMPAINTS,2021-10-22,10.0,,,10.0,0,2026-04-08T03:45:10.474564+00:00
158785,PREMPAINTS,2021-10-25,10.0,,,10.0,0,2026-04-08T03:45:15.28358+00:00
158894,PREMPAINTS,2021-10-26,10.0,,,10.0,0,2026-04-08T03:45:17.74539+00:00
159003,PREMPAINTS,2021-10-27,10.0,,,10.0,0,2026-04-08T03:45:20.303823+00:00
159112,PREMPAINTS,2021-10-28,10.0,,,10.0,0,2026-04-08T03:45:22.610226+00:00
159221,PREMPAINTS,2021-10-29,10.0,,,10.0,0,2026-04-08T03:45:25.013779+00:00
159330,PREMPAINTS,2021-11-01,10.0,,,10.0,0,2026-04-08T03:45:29.747778+00:00
159439,PREMPAINTS,2021-11-02,10.0,,,10.0,0,2026-04-08T03:45:32.292585+00:00
159548,PREMPAINTS,2021-11-03,10.0,,,10.0,0,2026-04-08T03:45:34.604091+00:00
159657,PREMPAINTS,2021-11-04,10.0,,,10.0,0,2026-04-08T03:45:37.086301+00:00
159766,PREMPAINTS,2021-11-05,10.0,,,10.0,0,2026-04-08T03:45:39.522081+00:00
159875,PREMPAINTS,2021-11-08,10.0,,,10.0,0,2026-04-08T03:45:44.061968+00:00
159984,PREMPAINTS,2021-11-10,10.0,,,10.0,4600,2026-04-08T03:45:47.530577+00:00
160093,PREMPAINTS,2021-11-11,10.0,,,10.0,0,2026-04-08T03:45:49.990111+00:00
160202,PREMPAINTS,2021-11-12,10.0,,,10.0,2,2026-04-08T03:45:52.531373+00:00
160311,PREMPAINTS,2021-11-15,10.0,,,10.0,0,2026-04-08T03:45:57.041913+00:00
160420,PREMPAINTS,2021-11-17,10.0,,,10.0,0,2026-04-08T03:46:00.536124+00:00
160529,PREMPAINTS,2021-11-18,10.0,,,10.0,0,2026-04-08T03:46:03.012698+00:00
160638,PREMPAINTS,2021-11-19,10.0,,,10.0,0,2026-04-08T03:46:05.423699+00:00
160747,PREMPAINTS,2021-11-22,10.0,,,10.0,100,2026-04-08T03:46:10.306395+00:00
160856,PREMPAINTS,2021-11-23,10.0,,,10.0,0,2026-04-08T03:46:12.888041+00:00
160965,PREMPAINTS,2021-11-24,10.0,,,10.0,0,2026-04-08T03:46:15.261589+00:00
161074,PREMPAINTS,2021-11-25,10.0,,,10.0,0,2026-04-08T03:46:17.544601+00:00
161183,PREMPAINTS,2021-11-29,10.0,,,10.0,0,2026-04-08T03:46:23.244686+00:00
161292,PREMPAINTS,2021-11-30,10.0,,,10.0,0,2026-04-08T03:46:25.627389+00:00
161401,PREMPAINTS,2021-12-01,10.0,,,10.0,0,2026-04-08T03:46:28.190956+00:00
161510,PREMPAINTS,2021-12-02,10.0,,,10.0,0,2026-04-08T03:46:30.651544+00:00
161619,PREMPAINTS,2021-12-03,10.0,,,10.0,0,2026-04-08T03:46:33.124129+00:00
161728,PREMPAINTS,2021-12-06,10.0,,,10.0,0,2026-04-08T03:46:37.622095+00:00
161837,PREMPAINTS,2021-12-07,10.0,,,10.0,0,2026-04-08T03:46:39.947423+00:00
161946,PREMPAINTS,2021-12-08,10.0,,,10.0,50,2026-04-08T03:46:42.482337+00:00
162055,PREMPAINTS,2021-12-09,10.0,,,10.0,0,2026-04-08T03:46:44.852467+00:00
162164,PREMPAINTS,2021-12-10,10.0,,,10.0,0,2026-04-08T03:46:47.321476+00:00
162274,PREMPAINTS,2021-12-13,10.0,,,10.0,0,2026-04-08T03:46:51.775824+00:00
162384,PREMPAINTS,2021-12-14,10.0,,,10.0,0,2026-04-08T03:46:54.126877+00:00
162494,PREMPAINTS,2021-12-15,10.0,,,10.0,0,2026-04-08T03:46:56.822916+00:00
162604,PREMPAINTS,2021-12-16,10.0,,,10.0,0,2026-04-08T03:46:59.215115+00:00
162714,PREMPAINTS,2021-12-17,10.0,,,10.0,0,2026-04-08T03:47:01.752329+00:00
162825,PREMPAINTS,2021-12-20,10.0,,,10.0,0,2026-04-08T03:47:06.293287+00:00
162936,PREMPAINTS,2021-12-21,10.0,,,10.0,0,2026-04-08T03:47:08.729464+00:00
163047,PREMPAINTS,2021-12-22,10.0,,,10.0,0,2026-04-08T03:47:11.106283+00:00
163158,PREMPAINTS,2021-12-23,10.0,,,10.0,0,2026-04-08T03:47:13.420215+00:00
163269,PREMPAINTS,2021-12-24,10.0,,,10.0,0,2026-04-08T03:47:15.708642+00:00
163380,PREMPAINTS,2021-12-29,10.0,,,10.0,0,2026-04-08T03:47:22.624079+00:00
163491,PREMPAINTS,2021-12-30,10.0,,,10.0,0,2026-04-08T03:47:25.019388+00:00
163602,PREMPAINTS,2021-12-31,10.0,,,10.0,0,2026-04-08T03:47:27.803632+00:00
163713,PREMPAINTS,2022-01-04,10.0,,,10.0,0,2026-04-08T03:47:33.190226+00:00
163825,PREMPAINTS,2022-01-05,10.0,,,10.0,0,2026-04-08T03:47:35.481449+00:00
163937,PREMPAINTS,2022-01-06,10.0,,,10.0,1,2026-04-08T03:47:38.067383+00:00
164049,PREMPAINTS,2022-01-07,10.0,,,10.0,0,2026-04-08T03:47:40.483305+00:00
164161,PREMPAINTS,2022-01-10,10.0,,,10.0,0,2026-04-08T03:47:45.097739+00:00
164273,PREMPAINTS,2022-01-11,10.0,,,10.0,0,2026-04-08T03:47:47.617941+00:00
164385,PREMPAINTS,2022-01-12,10.0,,,10.0,0,2026-04-08T03:47:50.132225+00:00
164497,PREMPAINTS,2022-01-13,10.0,,,10.0,0,2026-04-08T03:47:52.673244+00:00
164609,PREMPAINTS,2022-01-14,10.0,,,10.0,0,2026-04-08T03:47:55.308832+00:00
164721,PREMPAINTS,2022-01-17,10.0,,,10.0,0,2026-04-08T03:47:59.999655+00:00
164833,PREMPAINTS,2022-01-18,10.0,,,10.0,0,2026-04-08T03:48:02.353596+00:00
164945,PREMPAINTS,2022-01-19,10.0,,,10.0,1000,2026-04-08T03:48:04.820784+00:00
165057,PREMPAINTS,2022-01-20,10.0,,,10.0,0,2026-04-08T03:48:07.325935+00:00
165169,PREMPAINTS,2022-01-21,10.0,,,10.0,0,2026-04-08T03:48:09.696329+00:00
165281,PREMPAINTS,2022-01-24,10.0,,,10.0,0,2026-04-08T03:48:14.136661+00:00
165393,PREMPAINTS,2022-01-25,10.0,,,10.0,1,2026-04-08T03:48:16.50614+00:00
165505,PREMPAINTS,2022-01-26,10.0,,,10.0,0,2026-04-08T03:48:19.024911+00:00
165617,PREMPAINTS,2022-01-27,10.0,,,10.0,0,2026-04-08T03:48:21.585909+00:00
165729,PREMPAINTS,2022-01-28,10.0,,,10.0,0,2026-04-08T03:48:23.969021+00:00
165841,PREMPAINTS,2022-01-31,10.0,,,10.0,0,2026-04-08T03:48:28.465348+00:00
165953,PREMPAINTS,2022-02-01,10.0,,,10.0,0,2026-04-08T03:48:30.807911+00:00
166065,PREMPAINTS,2022-02-02,10.0,,,10.0,0,2026-04-08T03:48:33.305516+00:00
166177,PREMPAINTS,2022-02-03,10.0,,,10.0,0,2026-04-08T03:48:35.918914+00:00
166289,PREMPAINTS,2022-02-04,10.0,,,10.0,0,2026-04-08T03:48:38.317721+00:00
166401,PREMPAINTS,2022-02-07,10.0,,,10.0,0,2026-04-08T03:48:42.904693+00:00
166513,PREMPAINTS,2022-02-08,10.0,,,10.0,0,2026-04-08T03:48:45.378139+00:00
166625,PREMPAINTS,2022-02-09,10.0,,,10.0,0,2026-04-08T03:48:48.035665+00:00
166737,PREMPAINTS,2022-02-10,10.0,,,10.0,0,2026-04-08T03:48:50.398564+00:00
166849,PREMPAINTS,2022-02-11,10.0,,,10.0,0,2026-04-08T03:48:52.774016+00:00
166961,PREMPAINTS,2022-02-14,10.0,,,10.0,0,2026-04-08T03:48:57.293433+00:00
167073,PREMPAINTS,2022-02-15,10.0,,,10.0,0,2026-04-08T03:48:59.662493+00:00
167185,PREMPAINTS,2022-02-16,10.0,,,10.0,0,2026-04-08T03:49:02.003783+00:00
167297,PREMPAINTS,2022-02-17,10.0,,,10.0,0,2026-04-08T03:49:04.32656+00:00
167409,PREMPAINTS,2022-02-18,10.0,,,10.0,0,2026-04-08T03:49:06.711382+00:00
167521,PREMPAINTS,2022-02-21,10.0,,,10.0,0,2026-04-08T03:49:10.978464+00:00
167633,PREMPAINTS,2022-02-22,10.0,,,10.0,0,2026-04-08T03:49:13.528869+00:00
167745,PREMPAINTS,2022-02-23,10.0,,,10.0,0,2026-04-08T03:49:15.914345+00:00
167857,PREMPAINTS,2022-02-24,10.0,,,10.0,0,2026-04-08T03:49:18.676795+00:00
167969,PREMPAINTS,2022-02-25,10.0,,,10.0,0,2026-04-08T03:49:21.264729+00:00
168081,PREMPAINTS,2022-02-28,10.0,,,10.0,0,2026-04-08T03:49:25.620712+00:00
168193,PREMPAINTS,2022-03-01,10.0,,,10.0,0,2026-04-08T03:49:28.049171+00:00
168305,PREMPAINTS,2022-03-02,10.0,,,10.0,0,2026-04-08T03:49:30.283109+00:00
168417,PREMPAINTS,2022-03-03,10.0,,,10.0,0,2026-04-08T03:49:32.551227+00:00
168529,PREMPAINTS,2022-03-04,10.0,,,10.0,0,2026-04-08T03:49:34.968546+00:00
168641,PREMPAINTS,2022-03-07,10.0,,,10.0,0,2026-04-08T03:49:39.227432+00:00
168753,PREMPAINTS,2022-03-08,10.0,,,10.0,0,2026-04-08T03:49:41.475537+00:00
168865,PREMPAINTS,2022-03-09,10.0,,,10.0,0,2026-04-08T03:49:43.759827+00:00
168977,PREMPAINTS,2022-03-10,10.0,,,10.0,0,2026-04-08T03:49:46.077826+00:00
169089,PREMPAINTS,2022-03-11,10.0,,,10.0,0,2026-04-08T03:49:48.438529+00:00
169201,PREMPAINTS,2022-03-14,10.0,,,10.0,0,2026-04-08T03:49:53.114563+00:00
169313,PREMPAINTS,2022-03-15,10.0,,,10.0,0,2026-04-08T03:49:55.533531+00:00
169425,PREMPAINTS,2022-03-16,10.0,,,10.0,1500,2026-04-08T03:49:57.903122+00:00
169537,PREMPAINTS,2022-03-17,10.0,,,10.0,0,2026-04-08T03:50:00.211329+00:00
169649,PREMPAINTS,2022-03-18,10.0,,,10.0,1000,2026-04-08T03:50:02.865266+00:00
169761,PREMPAINTS,2022-03-21,10.0,,,10.0,0,2026-04-08T03:50:07.476142+00:00
169873,PREMPAINTS,2022-03-24,10.0,,,10.0,0,2026-04-08T03:50:12.041871+00:00
169985,PREMPAINTS,2022-03-25,10.0,,,10.0,0,2026-04-08T03:50:14.507747+00:00
170097,PREMPAINTS,2022-03-28,10.0,,,10.0,0,2026-04-08T03:50:18.995306+00:00
170209,PREMPAINTS,2022-03-29,10.0,,,10.0,0,2026-04-08T03:50:21.48252+00:00
170321,PREMPAINTS,2022-03-31,10.0,,,10.0,0,2026-04-08T03:50:25.686443+00:00
170433,PREMPAINTS,2022-04-01,10.0,,,10.0,0,2026-04-08T03:50:28.209626+00:00
170545,PREMPAINTS,2022-04-04,10.0,,,10.0,0,2026-04-08T03:50:32.692631+00:00
170657,PREMPAINTS,2022-04-05,10.0,,,10.0,0,2026-04-08T03:50:35.152392+00:00
170769,PREMPAINTS,2022-04-06,10.0,,,10.0,0,2026-04-08T03:50:37.478667+00:00
170881,PREMPAINTS,2022-04-07,10.0,,,10.0,0,2026-04-08T03:50:39.880974+00:00
170993,PREMPAINTS,2022-04-08,10.0,,,10.0,0,2026-04-08T03:50:42.48638+00:00
171105,PREMPAINTS,2022-04-11,10.0,,,10.0,0,2026-04-08T03:50:47.197044+00:00
171217,PREMPAINTS,2022-04-12,10.0,,,10.0,0,2026-04-08T03:50:49.473284+00:00
171329,PREMPAINTS,2022-04-13,10.0,,,10.0,0,2026-04-08T03:50:51.878986+00:00
171441,PREMPAINTS,2022-04-14,10.0,,,10.0,0,2026-04-08T03:50:54.439705+00:00
171553,PREMPAINTS,2022-04-19,10.0,,,10.0,0,2026-04-08T03:51:01.439974+00:00
171665,PREMPAINTS,2022-04-20,10.0,,,10.0,0,2026-04-08T03:51:03.698116+00:00
171777,PREMPAINTS,2022-04-21,10.0,,,10.0,0,2026-04-08T03:51:06.083072+00:00
171889,PREMPAINTS,2022-04-22,10.0,,,10.0,0,2026-04-08T03:51:08.393199+00:00
172001,PREMPAINTS,2022-04-25,10.0,,,10.0,0,2026-04-08T03:51:12.880327+00:00
172113,PREMPAINTS,2022-04-26,10.0,,,10.0,0,2026-04-08T03:51:15.284155+00:00
172225,PREMPAINTS,2022-04-27,10.0,,,10.0,0,2026-04-08T03:51:17.680395+00:00
172337,PREMPAINTS,2022-04-28,10.0,,,10.0,0,2026-04-08T03:51:20.413235+00:00
172449,PREMPAINTS,2022-04-29,10.0,,,10.0,0,2026-04-08T03:51:22.882631+00:00
172561,PREMPAINTS,2022-05-04,10.0,,,10.0,0,2026-04-08T03:51:29.674847+00:00
172673,PREMPAINTS,2022-05-05,10.0,,,10.0,0,2026-04-08T03:51:32.050072+00:00
172786,PREMPAINTS,2022-05-09,10.0,,,10.0,0,2026-04-08T03:51:37.853933+00:00
172899,PREMPAINTS,2022-05-10,10.0,,,10.0,0,2026-04-08T03:51:40.332012+00:00
173012,PREMPAINTS,2022-05-11,10.0,,,10.0,0,2026-04-08T03:51:42.74313+00:00
173125,PREMPAINTS,2022-05-12,10.0,,,10.0,0,2026-04-08T03:51:45.11326+00:00
173238,PREMPAINTS,2022-05-13,10.0,,,10.0,1500,2026-04-08T03:51:47.585464+00:00
173351,PREMPAINTS,2022-05-16,10.0,,,10.0,10,2026-04-08T03:51:52.042574+00:00
173464,PREMPAINTS,2022-05-17,10.0,,,10.0,0,2026-04-08T03:51:54.492158+00:00
173577,PREMPAINTS,2022-05-18,10.0,,,10.0,0,2026-04-08T03:51:57.297116+00:00
173690,PREMPAINTS,2022-05-19,10.0,,,10.0,0,2026-04-08T03:51:59.624655+00:00
173803,PREMPAINTS,2022-05-20,10.0,,,10.0,0,2026-04-08T03:52:02.40298+00:00
173916,PREMPAINTS,2022-05-23,10.0,,,10.0,0,2026-04-08T03:52:07.648814+00:00
174029,PREMPAINTS,2022-05-24,10.0,,,10.0,0,2026-04-08T03:52:10.277037+00:00
174142,PREMPAINTS,2022-05-25,10.0,,,10.0,0,2026-04-08T03:52:13.066486+00:00
174255,PREMPAINTS,2022-05-26,10.0,,,10.0,0,2026-04-08T03:52:15.508934+00:00
174368,PREMPAINTS,2022-05-27,10.0,,,10.0,0,2026-04-08T03:52:18.156913+00:00
174481,PREMPAINTS,2022-05-30,10.0,,,10.0,0,2026-04-08T03:52:22.656757+00:00
174594,PREMPAINTS,2022-05-31,10.0,,,10.0,10,2026-04-08T03:52:25.114026+00:00
174707,PREMPAINTS,2022-06-01,10.0,,,10.0,0,2026-04-08T03:52:27.834682+00:00
174820,PREMPAINTS,2022-06-02,10.0,,,10.0,0,2026-04-08T03:52:30.493727+00:00
174933,PREMPAINTS,2022-06-03,10.0,,,10.0,50,2026-04-08T03:52:33.10221+00:00
175046,PREMPAINTS,2022-06-06,10.0,,,10.0,0,2026-04-08T03:52:37.969718+00:00
175159,PREMPAINTS,2022-06-07,10.0,,,10.0,0,2026-04-08T03:52:40.734023+00:00
175272,PREMPAINTS,2022-06-08,10.0,,,10.0,0,2026-04-08T03:52:43.634804+00:00
175385,PREMPAINTS,2022-06-09,10.0,,,10.0,0,2026-04-08T03:52:46.431396+00:00
175498,PREMPAINTS,2022-06-10,10.0,,,10.0,0,2026-04-08T03:52:48.916453+00:00
175611,PREMPAINTS,2022-06-14,10.0,,,10.0,0,2026-04-08T03:52:55.08065+00:00
175724,PREMPAINTS,2022-06-15,10.0,,,10.0,0,2026-04-08T03:52:57.782204+00:00
175837,PREMPAINTS,2022-06-16,10.0,,,10.0,0,2026-04-08T03:53:00.45527+00:00
175950,PREMPAINTS,2022-06-17,10.0,,,10.0,0,2026-04-08T03:53:03.647185+00:00
176063,PREMPAINTS,2022-06-20,10.0,,,10.0,0,2026-04-08T03:53:09.449588+00:00
176176,PREMPAINTS,2022-06-21,10.0,,,10.0,0,2026-04-08T03:53:11.833027+00:00
176289,PREMPAINTS,2022-06-22,10.0,,,10.0,0,2026-04-08T03:53:14.63862+00:00
176402,PREMPAINTS,2022-06-23,10.0,,,10.0,0,2026-04-08T03:53:17.250825+00:00
176515,PREMPAINTS,2022-06-24,10.0,,,10.0,0,2026-04-08T03:53:19.718295+00:00
176628,PREMPAINTS,2022-06-27,10.0,,,10.0,0,2026-04-08T03:53:24.073012+00:00
176741,PREMPAINTS,2022-06-28,10.0,,,10.0,0,2026-04-08T03:53:26.399159+00:00
176854,PREMPAINTS,2022-06-29,10.0,,,10.0,0,2026-04-08T03:53:28.994117+00:00
176967,PREMPAINTS,2022-06-30,10.0,,,10.0,0,2026-04-08T03:53:31.346855+00:00
177080,PREMPAINTS,2022-07-01,10.0,,,10.0,0,2026-04-08T03:53:33.724657+00:00
177193,PREMPAINTS,2022-07-04,10.0,,,10.0,0,2026-04-08T03:53:38.198731+00:00
177306,PREMPAINTS,2022-07-06,10.0,,,10.0,0,2026-04-08T03:53:41.625349+00:00
177419,PREMPAINTS,2022-07-07,10.0,,,10.0,0,2026-04-08T03:53:44.268487+00:00
177532,PREMPAINTS,2022-07-13,10.0,,,10.0,0,2026-04-08T03:53:51.5999+00:00
177645,PREMPAINTS,2022-07-14,10.0,,,10.0,0,2026-04-08T03:53:54.010732+00:00
177758,PREMPAINTS,2022-07-15,10.0,,,10.0,0,2026-04-08T03:53:56.616585+00:00
177871,PREMPAINTS,2022-07-18,10.0,,,10.0,0,2026-04-08T03:54:01.214275+00:00
177984,PREMPAINTS,2022-07-19,10.0,,,10.0,0,2026-04-08T03:54:03.665978+00:00
178097,PREMPAINTS,2022-07-20,10.0,,,10.0,0,2026-04-08T03:54:06.203384+00:00
178210,PREMPAINTS,2022-07-21,10.0,,,10.0,0,2026-04-08T03:54:08.685258+00:00
178323,PREMPAINTS,2022-07-22,10.0,,,10.0,0,2026-04-08T03:54:11.171489+00:00
178436,PREMPAINTS,2022-07-25,10.0,,,10.0,0,2026-04-08T03:54:15.900169+00:00
178549,PREMPAINTS,2022-07-26,10.0,,,10.0,0,2026-04-08T03:54:18.382379+00:00
178662,PREMPAINTS,2022-07-27,10.0,,,10.0,0,2026-04-08T03:54:20.730044+00:00
178775,PREMPAINTS,2022-07-28,10.0,,,10.0,0,2026-04-08T03:54:23.385493+00:00
178888,PREMPAINTS,2022-07-29,10.0,,,10.0,0,2026-04-08T03:54:25.692024+00:00
179001,PREMPAINTS,2022-08-01,10.0,,,10.0,0,2026-04-08T03:54:30.144665+00:00
179114,PREMPAINTS,2022-08-02,10.0,,,10.0,0,2026-04-08T03:54:32.509592+00:00
179227,PREMPAINTS,2022-08-03,10.0,,,10.0,0,2026-04-08T03:54:34.924873+00:00
179340,PREMPAINTS,2022-08-04,10.0,,,10.0,0,2026-04-08T03:54:37.32089+00:00
179453,PREMPAINTS,2022-08-05,10.0,,,10.0,0,2026-04-08T03:54:40.805957+00:00
179566,PREMPAINTS,2022-08-08,10.0,,,10.0,0,2026-04-08T03:54:45.81173+00:00
179679,PREMPAINTS,2022-08-09,10.0,,,10.0,0,2026-04-08T03:54:48.637408+00:00
179792,PREMPAINTS,2022-08-10,10.0,,,10.0,0,2026-04-08T03:54:51.561754+00:00
179905,PREMPAINTS,2022-08-11,10.0,,,10.0,0,2026-04-08T03:54:54.196076+00:00
180018,PREMPAINTS,2022-08-12,10.0,,,10.0,0,2026-04-08T03:54:57.115593+00:00
180131,PREMPAINTS,2022-08-15,10.0,,,10.0,0,2026-04-08T03:55:01.874457+00:00
180244,PREMPAINTS,2022-08-16,10.0,,,10.0,0,2026-04-08T03:55:04.540652+00:00
180357,PREMPAINTS,2022-08-17,10.0,,,10.0,0,2026-04-08T03:55:07.214991+00:00
180470,PREMPAINTS,2022-08-18,10.0,,,10.0,0,2026-04-08T03:55:09.916723+00:00
180583,PREMPAINTS,2022-08-19,10.0,,,10.0,0,2026-04-08T03:55:12.400686+00:00
180696,PREMPAINTS,2022-08-22,10.0,,,10.0,0,2026-04-08T03:55:17.568382+00:00
180809,PREMPAINTS,2022-08-23,10.0,,,10.0,0,2026-04-08T03:55:19.990422+00:00
180922,PREMPAINTS,2022-08-24,10.0,,,10.0,0,2026-04-08T03:55:23.644905+00:00
181035,PREMPAINTS,2022-08-25,10.0,,,10.0,0,2026-04-08T03:55:26.062264+00:00
181148,PREMPAINTS,2022-08-26,10.0,,,10.0,0,2026-04-08T03:55:28.378019+00:00
181261,PREMPAINTS,2022-08-29,10.0,,,10.0,0,2026-04-08T03:55:33.185942+00:00
181374,PREMPAINTS,2022-08-30,10.0,,,10.0,0,2026-04-08T03:55:35.909469+00:00
181487,PREMPAINTS,2022-08-31,10.0,,,10.0,0,2026-04-08T03:55:38.363566+00:00
181600,PREMPAINTS,2022-09-01,10.0,,,10.0,0,2026-04-08T03:55:40.868139+00:00
181713,PREMPAINTS,2022-09-02,10.0,,,10.0,0,2026-04-08T03:55:43.232165+00:00
181826,PREMPAINTS,2022-09-05,10.0,,,10.0,0,2026-04-08T03:55:48.110555+00:00
181939,PREMPAINTS,2022-09-06,10.0,,,10.0,0,2026-04-08T03:55:50.526892+00:00
182052,PREMPAINTS,2022-09-07,10.0,,,10.0,0,2026-04-08T03:55:53.051287+00:00
182165,PREMPAINTS,2022-09-08,10.0,,,10.0,0,2026-04-08T03:55:55.74031+00:00
182278,PREMPAINTS,2022-09-09,10.0,,,10.0,0,2026-04-08T03:55:58.848563+00:00
182391,PREMPAINTS,2022-09-12,10.0,,,10.0,0,2026-04-08T03:56:03.370953+00:00
182504,PREMPAINTS,2022-09-13,10.0,,,10.0,0,2026-04-08T03:56:05.83654+00:00
182617,PREMPAINTS,2022-09-14,10.0,,,10.0,0,2026-04-08T03:56:08.091672+00:00
182730,PREMPAINTS,2022-09-16,10.0,,,10.0,0,2026-04-08T03:56:11.4683+00:00
182843,PREMPAINTS,2022-09-19,10.0,,,10.0,0,2026-04-08T03:56:15.923342+00:00
182956,PREMPAINTS,2022-09-20,10.0,,,10.0,0,2026-04-08T03:56:18.184056+00:00
183069,PREMPAINTS,2022-09-21,10.0,,,10.0,0,2026-04-08T03:56:20.42724+00:00
183182,PREMPAINTS,2022-09-22,10.0,,,10.0,0,2026-04-08T03:56:22.767495+00:00
183295,PREMPAINTS,2022-09-23,10.0,,,10.0,0,2026-04-08T03:56:25.066978+00:00
183408,PREMPAINTS,2022-09-26,10.0,,,10.0,0,2026-04-08T03:56:29.379703+00:00
183521,PREMPAINTS,2022-09-28,10.0,,,10.0,0,2026-04-08T03:56:32.717753+00:00
183634,PREMPAINTS,2022-09-29,10.0,,,10.0,0,2026-04-08T03:56:35.489047+00:00
183747,PREMPAINTS,2022-09-30,10.0,,,10.0,0,2026-04-08T03:56:37.947618+00:00
183860,PREMPAINTS,2022-10-05,10.0,,,10.0,0,2026-04-08T03:56:44.538147+00:00
183974,PREMPAINTS,2022-10-06,10.0,,,10.0,0,2026-04-08T03:56:46.932693+00:00
184088,PREMPAINTS,2022-10-07,10.0,,,10.0,0,2026-04-08T03:56:49.334037+00:00
184202,PREMPAINTS,2022-10-11,10.0,,,10.0,0,2026-04-08T03:56:55.029281+00:00
184316,PREMPAINTS,2022-10-12,10.0,,,10.0,0,2026-04-08T03:56:58.300033+00:00
184430,PREMPAINTS,2022-10-13,10.0,,,10.0,0,2026-04-08T03:57:00.825788+00:00
184544,PREMPAINTS,2022-10-14,10.0,,,10.0,0,2026-04-08T03:57:03.298348+00:00
184658,PREMPAINTS,2022-10-17,10.0,,,10.0,0,2026-04-08T03:57:07.885609+00:00
184772,PREMPAINTS,2022-10-18,10.0,,,10.0,0,2026-04-08T03:57:10.303346+00:00
184886,PREMPAINTS,2022-10-19,10.0,,,10.0,0,2026-04-08T03:57:12.819589+00:00
185000,PREMPAINTS,2022-10-20,10.0,,,10.0,0,2026-04-08T03:57:15.111185+00:00
185114,PREMPAINTS,2022-10-21,10.0,,,10.0,0,2026-04-08T03:57:17.499968+00:00
185228,PREMPAINTS,2022-10-24,10.0,,,10.0,0,2026-04-08T03:57:21.686266+00:00
185342,PREMPAINTS,2022-10-26,10.0,,,10.0,0,2026-04-08T03:57:24.913682+00:00
185456,PREMPAINTS,2022-10-27,10.0,,,10.0,0,2026-04-08T03:57:27.260544+00:00
185570,PREMPAINTS,2022-10-28,10.0,,,10.0,0,2026-04-08T03:57:29.835926+00:00
185684,PREMPAINTS,2022-10-31,10.0,,,10.0,0,2026-04-08T03:57:34.21591+00:00
185798,PREMPAINTS,2022-11-01,10.0,,,10.0,0,2026-04-08T03:57:36.609373+00:00
185912,PREMPAINTS,2022-11-02,10.0,,,10.0,0,2026-04-08T03:57:39.066556+00:00
186026,PREMPAINTS,2022-11-03,10.0,,,10.0,0,2026-04-08T03:57:41.442199+00:00
186140,PREMPAINTS,2022-11-04,10.0,,,10.0,0,2026-04-08T03:57:43.70904+00:00
186254,PREMPAINTS,2022-11-08,10.0,,,10.0,0,2026-04-08T03:57:49.123122+00:00
186368,PREMPAINTS,2022-11-09,10.0,,,10.0,0,2026-04-08T03:57:51.464602+00:00
186482,PREMPAINTS,2022-11-10,10.0,,,10.0,0,2026-04-08T03:57:54.291842+00:00
186596,PREMPAINTS,2022-11-11,10.0,,,10.0,0,2026-04-08T03:57:56.704911+00:00
186710,PREMPAINTS,2022-11-14,10.0,,,10.0,0,2026-04-08T03:58:01.331373+00:00
186824,PREMPAINTS,2022-11-15,10.0,,,10.0,0,2026-04-08T03:58:03.6444+00:00
186938,PREMPAINTS,2022-11-16,10.0,,,10.0,0,2026-04-08T03:58:06.118311+00:00
187052,PREMPAINTS,2022-11-17,10.0,,,10.0,0,2026-04-08T03:58:08.47049+00:00
187166,PREMPAINTS,2022-11-18,10.0,,,10.0,0,2026-04-08T03:58:10.955275+00:00
187280,PREMPAINTS,2022-11-21,10.0,,,10.0,0,2026-04-08T03:58:15.672507+00:00
187394,PREMPAINTS,2022-11-22,10.0,,,10.0,0,2026-04-08T03:58:18.170118+00:00
187508,PREMPAINTS,2022-11-24,10.0,,,10.0,0,2026-04-08T03:58:21.692503+00:00
187622,PREMPAINTS,2022-11-25,10.0,,,10.0,0,2026-04-08T03:58:24.033539+00:00
187736,PREMPAINTS,2022-11-28,10.0,,,10.0,0,2026-04-08T03:58:28.532723+00:00
187850,PREMPAINTS,2022-11-29,10.0,,,10.0,0,2026-04-08T03:58:30.983113+00:00
187964,PREMPAINTS,2022-11-30,10.0,,,10.0,0,2026-04-08T03:58:33.448849+00:00
188078,PREMPAINTS,2022-12-01,10.0,,,10.0,0,2026-04-08T03:58:35.664261+00:00
188192,PREMPAINTS,2022-12-02,10.0,,,10.0,0,2026-04-08T03:58:37.897027+00:00
188306,PREMPAINTS,2022-12-05,10.0,,,10.0,0,2026-04-08T03:58:42.456795+00:00
188420,PREMPAINTS,2022-12-06,10.0,,,10.0,0,2026-04-08T03:58:44.756119+00:00
188534,PREMPAINTS,2022-12-07,10.0,,,10.0,0,2026-04-08T03:58:47.196669+00:00
188648,PREMPAINTS,2022-12-08,10.0,,,10.0,0,2026-04-08T03:58:49.52806+00:00
188762,PREMPAINTS,2022-12-09,10.0,,,10.0,0,2026-04-08T03:58:51.902427+00:00
188876,PREMPAINTS,2022-12-12,10.0,,,10.0,0,2026-04-08T03:58:56.156124+00:00
188990,PREMPAINTS,2022-12-13,10.0,,,10.0,0,2026-04-08T03:58:58.485404+00:00
189104,PREMPAINTS,2022-12-14,10.0,,,10.0,0,2026-04-08T03:59:00.851945+00:00
189218,PREMPAINTS,2022-12-15,10.0,,,10.0,0,2026-04-08T03:59:03.086647+00:00
189332,PREMPAINTS,2022-12-16,10.0,,,10.0,0,2026-04-08T03:59:05.5442+00:00
189446,PREMPAINTS,2022-12-19,10.0,,,10.0,0,2026-04-08T03:59:09.806719+00:00
189560,PREMPAINTS,2022-12-20,10.0,,,10.0,0,2026-04-08T03:59:12.630732+00:00
189674,PREMPAINTS,2022-12-21,10.0,,,10.0,0,2026-04-08T03:59:14.990319+00:00
189788,PREMPAINTS,2022-12-22,10.0,,,10.0,0,2026-04-08T03:59:17.229229+00:00
189902,PREMPAINTS,2022-12-23,10.0,,,10.0,0,2026-04-08T03:59:19.674012+00:00
190016,PREMPAINTS,2022-12-28,10.0,,,10.0,0,2026-04-08T03:59:26.406492+00:00
190130,PREMPAINTS,2022-12-30,10.0,,,10.0,0,2026-04-08T03:59:29.796579+00:00
190244,PREMPAINTS,2023-01-04,10.0,,,10.0,0,2026-04-08T03:59:36.276207+00:00
190358,PREMPAINTS,2023-01-05,10.0,,,10.0,0,2026-04-08T03:59:38.771807+00:00
190472,PREMPAINTS,2023-01-06,10.0,,,10.0,0,2026-04-08T03:59:41.229635+00:00
190586,PREMPAINTS,2023-01-09,10.0,,,10.0,0,2026-04-08T03:59:45.608271+00:00
190700,PREMPAINTS,2023-01-10,10.0,,,10.0,0,2026-04-08T03:59:47.862187+00:00
190814,PREMPAINTS,2023-01-11,10.0,,,10.0,0,2026-04-08T03:59:50.211712+00:00
190928,PREMPAINTS,2023-01-12,10.0,,,10.0,0,2026-04-08T03:59:52.676239+00:00
191042,PREMPAINTS,2023-01-13,10.0,,,10.0,0,2026-04-08T03:59:55.073566+00:00
191156,PREMPAINTS,2023-01-17,10.0,,,10.0,0,2026-04-08T04:00:00.52991+00:00
191270,PREMPAINTS,2023-01-18,10.0,,,10.0,0,2026-04-08T04:00:02.930508+00:00
191384,PREMPAINTS,2023-01-19,10.0,,,10.0,0,2026-04-08T04:00:05.157464+00:00
191498,PREMPAINTS,2023-01-20,10.0,,,10.0,0,2026-04-08T04:00:07.441529+00:00
191612,PREMPAINTS,2023-01-23,10.0,,,10.0,0,2026-04-08T04:00:11.934625+00:00
191726,PREMPAINTS,2023-01-24,10.0,,,10.0,0,2026-04-08T04:00:14.448563+00:00
191840,PREMPAINTS,2023-01-25,10.0,,,10.0,0,2026-04-08T04:00:16.660222+00:00
191954,PREMPAINTS,2023-01-26,10.0,,,10.0,0,2026-04-08T04:00:19.02129+00:00
192068,PREMPAINTS,2023-01-27,10.0,,,10.0,0,2026-04-08T04:00:21.366865+00:00
192182,PREMPAINTS,2023-01-30,10.0,,,10.0,0,2026-04-08T04:00:26.318741+00:00
192296,PREMPAINTS,2023-01-31,10.0,,,10.0,0,2026-04-08T04:00:28.560212+00:00
192410,PREMPAINTS,2023-02-06,10.0,,,10.0,0,2026-04-08T04:00:36.14931+00:00
192524,PREMPAINTS,2023-02-07,10.0,,,10.0,0,2026-04-08T04:00:38.379875+00:00
192638,PREMPAINTS,2023-02-08,10.0,,,10.0,0,2026-04-08T04:00:40.736361+00:00
192752,PREMPAINTS,2023-02-09,10.0,,,10.0,0,2026-04-08T04:00:43.03687+00:00
192866,PREMPAINTS,2023-02-10,10.0,,,10.0,0,2026-04-08T04:00:46.517744+00:00
192980,PREMPAINTS,2023-02-13,10.0,,,10.0,0,2026-04-08T04:00:50.958429+00:00
193094,PREMPAINTS,2023-02-14,10.0,,,10.0,0,2026-04-08T04:00:53.400398+00:00
193208,PREMPAINTS,2023-02-15,10.0,,,10.0,0,2026-04-08T04:00:55.645789+00:00
193322,PREMPAINTS,2023-02-16,10.0,,,10.0,0,2026-04-08T04:00:58.043326+00:00
193436,PREMPAINTS,2023-02-17,10.0,,,10.0,0,2026-04-08T04:01:00.355798+00:00
193550,PREMPAINTS,2023-02-20,10.0,,,10.0,0,2026-04-08T04:01:04.633293+00:00
193664,PREMPAINTS,2023-02-21,10.0,,,10.0,0,2026-04-08T04:01:06.910783+00:00
193778,PREMPAINTS,2023-02-22,10.0,,,10.0,0,2026-04-08T04:01:09.421576+00:00
193892,PREMPAINTS,2023-02-23,10.0,,,10.0,0,2026-04-08T04:01:11.765387+00:00
194006,PREMPAINTS,2023-02-24,10.0,,,10.0,0,2026-04-08T04:01:14.12415+00:00
194120,PREMPAINTS,2023-02-27,10.0,,,10.0,0,2026-04-08T04:01:18.463572+00:00
194234,PREMPAINTS,2023-02-28,10.0,,,10.0,0,2026-04-08T04:01:20.671303+00:00
194348,PREMPAINTS,2023-03-01,10.0,,,10.0,0,2026-04-08T04:01:23.068989+00:00
194462,PREMPAINTS,2023-03-02,10.0,,,10.0,0,2026-04-08T04:01:25.352172+00:00
194576,PREMPAINTS,2023-03-03,10.0,,,10.0,0,2026-04-08T04:01:27.716711+00:00
194690,PREMPAINTS,2023-03-06,10.0,,,10.0,0,2026-04-08T04:01:32.392486+00:00
194804,PREMPAINTS,2023-03-07,10.0,,,10.0,0,2026-04-08T04:01:34.845095+00:00
194918,PREMPAINTS,2023-03-08,10.0,,,10.0,0,2026-04-08T04:01:37.261757+00:00
195032,PREMPAINTS,2023-03-09,10.0,,,10.0,0,2026-04-08T04:01:39.987396+00:00
195146,PREMPAINTS,2023-03-13,10.0,,,10.0,0,2026-04-08T04:01:45.627511+00:00
195260,PREMPAINTS,2023-03-14,10.0,,,10.0,0,2026-04-08T04:01:48.257383+00:00
195374,PREMPAINTS,2023-03-15,10.0,,,10.0,0,2026-04-08T04:01:50.627346+00:00
195488,PREMPAINTS,2023-03-16,10.0,,,10.0,0,2026-04-08T04:01:53.062383+00:00
195602,PREMPAINTS,2023-03-17,10.0,,,10.0,0,2026-04-08T04:01:55.701252+00:00
195716,PREMPAINTS,2023-03-20,10.0,,,10.0,0,2026-04-08T04:01:59.933448+00:00
195830,PREMPAINTS,2023-03-22,10.0,,,10.0,0,2026-04-08T04:02:03.467012+00:00
195944,PREMPAINTS,2023-03-23,10.0,,,10.0,0,2026-04-08T04:02:05.929911+00:00
196058,PREMPAINTS,2023-03-24,10.0,,,10.0,0,2026-04-08T04:02:08.248632+00:00
196172,PREMPAINTS,2023-03-27,10.0,,,10.0,0,2026-04-08T04:02:12.564733+00:00
196286,PREMPAINTS,2023-03-28,10.0,,,10.0,0,2026-04-08T04:02:14.764209+00:00
196400,PREMPAINTS,2023-03-29,10.0,,,10.0,0,2026-04-08T04:02:17.140393+00:00
196514,PREMPAINTS,2023-03-30,10.0,,,10.0,0,2026-04-08T04:02:19.470716+00:00
196628,PREMPAINTS,2023-03-31,10.0,,,10.0,0,2026-04-08T04:02:21.739047+00:00
196742,PREMPAINTS,2023-04-03,10.0,,,10.0,0,2026-04-08T04:02:26.060346+00:00
196856,PREMPAINTS,2023-04-04,10.0,,,10.0,0,2026-04-08T04:02:28.444728+00:00
196970,PREMPAINTS,2023-04-05,10.0,,,10.0,0,2026-04-08T04:02:30.864627+00:00
197084,PREMPAINTS,2023-04-06,10.0,,,10.0,0,2026-04-08T04:02:33.239626+00:00
197198,PREMPAINTS,2023-04-11,10.0,,,10.0,0,2026-04-08T04:02:39.320239+00:00
197312,PREMPAINTS,2023-04-12,10.0,,,10.0,0,2026-04-08T04:02:41.643197+00:00
197426,PREMPAINTS,2023-04-13,10.0,,,10.0,0,2026-04-08T04:02:44.360634+00:00
197540,PREMPAINTS,2023-04-14,10.0,,,10.0,0,2026-04-08T04:02:47.093001+00:00
197654,PREMPAINTS,2023-04-17,10.0,,,10.0,0,2026-04-08T04:02:52.113012+00:00
197768,PREMPAINTS,2023-04-18,10.0,,,10.0,0,2026-04-08T04:02:54.97501+00:00
197882,PREMPAINTS,2023-04-19,10.0,,,10.0,0,2026-04-08T04:02:57.648371+00:00
197996,PREMPAINTS,2023-04-20,10.0,,,10.0,0,2026-04-08T04:03:00.087899+00:00
198110,PREMPAINTS,2023-04-25,10.0,,,10.0,0,2026-04-08T04:03:06.320111+00:00
198224,PREMPAINTS,2023-04-26,10.0,,,10.0,0,2026-04-08T04:03:08.704488+00:00
198338,PREMPAINTS,2023-04-27,10.0,,,10.0,0,2026-04-08T04:03:11.176222+00:00
198452,PREMPAINTS,2023-04-28,10.0,,,10.0,0,2026-04-08T04:03:13.757457+00:00
198566,PREMPAINTS,2023-05-03,10.0,,,10.0,0,2026-04-08T04:03:20.258962+00:00
198680,PREMPAINTS,2023-05-04,10.0,,,10.0,0,2026-04-08T04:03:22.719511+00:00
198794,PREMPAINTS,2023-05-08,10.0,,,10.0,0,2026-04-08T04:03:29.045349+00:00
198908,PREMPAINTS,2023-05-09,10.0,,,10.0,0,2026-04-08T04:03:32.620003+00:00
199022,PREMPAINTS,2023-05-12,10.0,,,10.0,0,2026-04-08T04:03:37.286216+00:00
199136,PREMPAINTS,2023-05-15,10.0,,,10.0,0,2026-04-08T04:03:41.825544+00:00
199250,PREMPAINTS,2023-05-16,10.0,,,10.0,0,2026-04-08T04:03:44.244464+00:00
199364,PREMPAINTS,2023-05-17,10.0,,,10.0,0,2026-04-08T04:03:46.492518+00:00
199478,PREMPAINTS,2023-05-18,10.0,,,10.0,0,2026-04-08T04:03:48.752249+00:00
199592,PREMPAINTS,2023-05-19,10.0,,,10.0,0,2026-04-08T04:03:51.139215+00:00
199706,PREMPAINTS,2023-05-22,10.0,,,10.0,0,2026-04-08T04:03:55.484935+00:00
199820,PREMPAINTS,2023-05-23,10.0,,,10.0,0,2026-04-08T04:03:57.886867+00:00
199934,PREMPAINTS,2023-05-24,10.0,,,10.0,0,2026-04-08T04:04:00.334047+00:00
200048,PREMPAINTS,2023-05-25,10.0,,,10.0,0,2026-04-08T04:04:02.79018+00:00
200162,PREMPAINTS,2023-05-26,10.0,,,10.0,0,2026-04-08T04:04:05.139052+00:00
200276,PREMPAINTS,2023-05-30,10.0,,,10.0,0,2026-04-08T04:04:11.011702+00:00
200390,PREMPAINTS,2023-06-01,10.0,,,10.0,0,2026-04-08T04:04:14.390605+00:00
200504,PREMPAINTS,2023-06-02,10.0,,,10.0,0,2026-04-08T04:04:16.732653+00:00
200618,PREMPAINTS,2023-06-05,10.0,,,10.0,0,2026-04-08T04:04:21.343031+00:00
200732,PREMPAINTS,2023-06-06,10.0,,,10.0,0,2026-04-08T04:04:23.98223+00:00
200846,PREMPAINTS,2023-06-07,10.0,,,10.0,0,2026-04-08T04:04:26.507718+00:00
200960,PREMPAINTS,2023-06-08,10.0,,,10.0,0,2026-04-08T04:04:29.08401+00:00
201074,PREMPAINTS,2023-06-09,10.0,,,10.0,0,2026-04-08T04:04:31.44664+00:00
201188,PREMPAINTS,2023-06-13,10.0,,,10.0,0,2026-04-08T04:04:36.862505+00:00
201302,PREMPAINTS,2023-06-14,10.0,,,10.0,0,2026-04-08T04:04:39.320552+00:00
201416,PREMPAINTS,2023-06-15,10.0,,,10.0,0,2026-04-08T04:04:41.673534+00:00
201530,PREMPAINTS,2023-06-16,10.0,,,10.0,0,2026-04-08T04:04:44.052846+00:00
201644,PREMPAINTS,2023-06-19,10.0,,,10.0,0,2026-04-08T04:04:48.541112+00:00
201758,PREMPAINTS,2023-06-20,10.0,,,10.0,0,2026-04-08T04:04:51.378552+00:00
201872,PREMPAINTS,2023-06-21,10.0,,,10.0,0,2026-04-08T04:04:53.764277+00:00
201986,PREMPAINTS,2023-06-22,10.0,,,10.0,0,2026-04-08T04:04:56.145117+00:00
202100,PREMPAINTS,2023-06-26,10.0,,,10.0,0,2026-04-08T04:05:01.671465+00:00
202214,PREMPAINTS,2023-06-30,10.0,,,10.0,0,2026-04-08T04:05:07.377697+00:00
202328,PREMPAINTS,2023-07-03,10.0,,,10.0,0,2026-04-08T04:05:11.758079+00:00
202442,PREMPAINTS,2023-07-04,10.0,,,10.0,0,2026-04-08T04:05:14.17436+00:00
202556,PREMPAINTS,2023-07-05,10.0,,,10.0,0,2026-04-08T04:05:16.577423+00:00
202670,PREMPAINTS,2023-07-06,10.0,,,10.0,0,2026-04-08T04:05:19.075393+00:00
202784,PREMPAINTS,2023-07-07,10.0,,,10.0,0,2026-04-08T04:05:21.415756+00:00
202898,PREMPAINTS,2023-07-10,10.0,,,10.0,0,2026-04-08T04:05:26.355595+00:00
203012,PREMPAINTS,2023-07-11,10.0,,,10.0,0,2026-04-08T04:05:28.903538+00:00
203126,PREMPAINTS,2023-07-12,10.0,,,10.0,0,2026-04-08T04:05:31.299012+00:00
203240,PREMPAINTS,2023-07-14,10.0,,,10.0,0,2026-04-08T04:05:34.698751+00:00
203354,PREMPAINTS,2023-07-17,10.0,,,10.0,0,2026-04-08T04:05:39.139368+00:00
203468,PREMPAINTS,2023-07-19,10.0,,,10.0,0,2026-04-08T04:05:42.577032+00:00
203582,PREMPAINTS,2023-07-20,10.0,,,10.0,0,2026-04-08T04:05:45.122849+00:00
203696,PREMPAINTS,2023-07-21,10.0,,,10.0,0,2026-04-08T04:05:47.594805+00:00
203810,PREMPAINTS,2023-07-24,10.0,,,10.0,0,2026-04-08T04:05:52.167161+00:00
203924,PREMPAINTS,2023-07-25,10.0,,,10.0,0,2026-04-08T04:05:54.602351+00:00
204038,PREMPAINTS,2023-07-26,10.0,,,10.0,0,2026-04-08T04:05:57.515236+00:00
204152,PREMPAINTS,2023-07-27,10.0,,,10.0,0,2026-04-08T04:05:59.880161+00:00
204266,PREMPAINTS,2023-07-28,10.0,,,10.0,0,2026-04-08T04:06:02.220136+00:00
204380,PREMPAINTS,2023-07-31,10.0,,,10.0,0,2026-04-08T04:06:06.790851+00:00
204494,PREMPAINTS,2023-08-02,10.0,,,10.0,0,2026-04-08T04:06:10.326378+00:00
204608,PREMPAINTS,2023-08-03,10.0,,,10.0,0,2026-04-08T04:06:12.834218+00:00
204722,PREMPAINTS,2023-08-04,10.0,,,10.0,0,2026-04-08T04:06:15.200886+00:00
204836,PREMPAINTS,2023-08-07,10.0,,,10.0,0,2026-04-08T04:06:19.871718+00:00
204950,PREMPAINTS,2023-08-08,10.0,,,10.0,0,2026-04-08T04:06:22.245918+00:00
205064,PREMPAINTS,2023-08-09,10.0,,,10.0,0,2026-04-08T04:06:24.635943+00:00
205178,PREMPAINTS,2023-08-10,10.0,,,10.0,0,2026-04-08T04:06:27.035398+00:00
205292,PREMPAINTS,2023-08-11,10.0,,,10.0,0,2026-04-08T04:06:29.455701+00:00
205406,PREMPAINTS,2023-08-14,10.0,,,10.0,0,2026-04-08T04:06:33.923569+00:00
205520,PREMPAINTS,2023-08-15,10.0,,,10.0,0,2026-04-08T04:06:36.358161+00:00
205634,PREMPAINTS,2023-08-16,10.0,,,10.0,0,2026-04-08T04:06:38.679915+00:00
205748,PREMPAINTS,2023-08-17,10.0,,,10.0,0,2026-04-08T04:06:40.998805+00:00
205862,PREMPAINTS,2023-08-18,10.0,,,10.0,0,2026-04-08T04:06:43.468275+00:00
205976,PREMPAINTS,2023-08-21,10.0,,,10.0,0,2026-04-08T04:06:47.688711+00:00
206090,PREMPAINTS,2023-08-24,10.0,,,10.0,0,2026-04-08T04:06:51.989424+00:00
206204,PREMPAINTS,2023-08-25,10.0,,,10.0,0,2026-04-08T04:06:54.38475+00:00
206318,PREMPAINTS,2023-08-28,10.0,,,10.0,0,2026-04-08T04:06:59.310949+00:00
206432,PREMPAINTS,2023-08-29,10.0,,,10.0,0,2026-04-08T04:07:01.613742+00:00
206546,PREMPAINTS,2023-08-30,10.0,,,10.0,0,2026-04-08T04:07:03.820209+00:00
206660,PREMPAINTS,2023-09-01,10.0,,,10.0,0,2026-04-08T04:07:07.195585+00:00
206774,PREMPAINTS,2023-09-04,10.0,,,10.0,0,2026-04-08T04:07:11.730996+00:00
206888,PREMPAINTS,2023-09-05,10.0,,,10.0,0,2026-04-08T04:07:14.175893+00:00
207002,PREMPAINTS,2023-09-06,10.0,,,10.0,0,2026-04-08T04:07:16.66229+00:00
207116,PREMPAINTS,2023-09-07,10.0,,,10.0,0,2026-04-08T04:07:19.134101+00:00
207230,PREMPAINTS,2023-09-08,10.0,,,10.0,0,2026-04-08T04:07:21.445908+00:00
207344,PREMPAINTS,2023-09-11,10.0,,,10.0,0,2026-04-08T04:07:26.133096+00:00
207458,PREMPAINTS,2023-09-12,10.0,,,10.0,0,2026-04-08T04:07:28.57479+00:00
207572,PREMPAINTS,2023-09-13,10.0,,,10.0,0,2026-04-08T04:07:30.890589+00:00
207686,PREMPAINTS,2023-09-14,10.0,,,10.0,0,2026-04-08T04:07:33.324455+00:00
207800,PREMPAINTS,2023-09-15,10.0,,,10.0,0,2026-04-08T04:07:35.74244+00:00
207914,PREMPAINTS,2023-09-18,10.0,,,10.0,0,2026-04-08T04:07:40.292184+00:00
208028,PREMPAINTS,2023-09-19,10.0,,,10.0,0,2026-04-08T04:07:42.606346+00:00
208142,PREMPAINTS,2023-09-20,10.0,,,10.0,0,2026-04-08T04:07:45.004042+00:00
208256,PREMPAINTS,2023-09-21,10.0,,,10.0,0,2026-04-08T04:07:47.370085+00:00
208370,PREMPAINTS,2023-09-22,10.0,,,10.0,0,2026-04-08T04:07:49.898567+00:00
208484,PREMPAINTS,2023-09-25,10.0,,,10.0,0,2026-04-08T04:07:54.305125+00:00
208598,PREMPAINTS,2023-09-28,10.0,,,10.0,0,2026-04-08T04:07:58.898315+00:00
208712,PREMPAINTS,2023-09-29,10.0,,,10.0,0,2026-04-08T04:08:01.279649+00:00
208826,PREMPAINTS,2023-10-03,10.0,,,10.0,0,2026-04-08T04:08:06.721549+00:00
208940,PREMPAINTS,2023-10-04,10.0,,,10.0,0,2026-04-08T04:08:09.042741+00:00
209054,PREMPAINTS,2023-10-05,10.0,,,10.0,0,2026-04-08T04:08:11.600182+00:00
209169,PREMPAINTS,2023-10-06,10.0,,,10.0,0,2026-04-08T04:08:14.22861+00:00
209284,PREMPAINTS,2023-10-09,10.0,,,10.0,0,2026-04-08T04:08:18.740555+00:00
209399,PREMPAINTS,2023-10-10,10.0,,,10.0,0,2026-04-08T04:08:21.390436+00:00
209513,PREMPAINTS,2023-10-12,10.0,,,10.0,0,2026-04-08T04:08:24.861957+00:00
209628,PREMPAINTS,2023-10-13,10.0,,,10.0,0,2026-04-08T04:08:27.376596+00:00
209743,PREMPAINTS,2023-10-16,10.0,,,10.0,0,2026-04-08T04:08:32.388707+00:00
209858,PREMPAINTS,2023-10-17,10.0,,,10.0,0,2026-04-08T04:08:34.738576+00:00
209973,PREMPAINTS,2023-10-19,10.0,,,10.0,0,2026-04-08T04:08:38.671249+00:00
210088,PREMPAINTS,2023-10-20,10.0,,,10.0,0,2026-04-08T04:08:40.967521+00:00
210203,PREMPAINTS,2023-10-23,10.0,,,10.0,0,2026-04-08T04:08:45.440193+00:00
210318,PREMPAINTS,2023-10-24,10.0,,,10.0,0,2026-04-08T04:08:47.71675+00:00
210433,PREMPAINTS,2023-10-25,10.0,,,10.0,0,2026-04-08T04:08:50.022319+00:00
210548,PREMPAINTS,2023-10-26,10.0,,,10.0,0,2026-04-08T04:08:52.472279+00:00
210663,PREMPAINTS,2023-10-27,10.0,,,10.0,0,2026-04-08T04:08:54.778052+00:00
210778,PREMPAINTS,2023-10-30,10.0,,,10.0,0,2026-04-08T04:08:59.45056+00:00
210893,PREMPAINTS,2023-10-31,10.0,,,10.0,0,2026-04-08T04:09:01.914254+00:00
211008,PREMPAINTS,2023-11-01,10.0,,,10.0,0,2026-04-08T04:09:04.386399+00:00
211123,PREMPAINTS,2023-11-02,10.0,,,10.0,0,2026-04-08T04:09:06.696264+00:00
211238,PREMPAINTS,2023-11-03,10.0,,,10.0,0,2026-04-08T04:09:09.071615+00:00
211353,PREMPAINTS,2023-11-06,10.0,,,10.0,0,2026-04-08T04:09:13.59419+00:00
211468,PREMPAINTS,2023-11-07,10.0,,,10.0,0,2026-04-08T04:09:15.923939+00:00
211584,PREMPAINTS,2023-11-08,10.0,,,10.0,0,2026-04-08T04:09:18.177895+00:00
211700,PREMPAINTS,2023-11-09,10.0,,,10.0,0,2026-04-08T04:09:20.462573+00:00
211816,PREMPAINTS,2023-11-10,10.0,,,10.0,0,2026-04-08T04:09:22.644841+00:00
211932,PREMPAINTS,2023-11-13,10.0,,,10.0,0,2026-04-08T04:09:27.404692+00:00
212048,PREMPAINTS,2023-11-14,10.0,,,10.0,0,2026-04-08T04:09:29.775588+00:00
212164,PREMPAINTS,2023-11-15,10.0,,,10.0,0,2026-04-08T04:09:32.378304+00:00
212280,PREMPAINTS,2023-11-16,10.0,,,10.0,0,2026-04-08T04:09:34.916677+00:00
212396,PREMPAINTS,2023-11-17,10.0,,,10.0,0,2026-04-08T04:09:37.378105+00:00
212512,PREMPAINTS,2023-11-20,10.0,,,10.0,0,2026-04-08T04:09:41.830835+00:00
212628,PREMPAINTS,2023-11-21,10.0,,,10.0,0,2026-04-08T04:09:44.211025+00:00
212744,PREMPAINTS,2023-11-22,10.0,,,10.0,0,2026-04-08T04:09:46.526636+00:00
212860,PREMPAINTS,2023-11-23,10.0,,,10.0,0,2026-04-08T04:09:48.793806+00:00
212977,PREMPAINTS,2023-11-27,10.0,,,10.0,0,2026-04-08T04:09:54.316732+00:00
213094,PREMPAINTS,2023-11-28,10.0,,,10.0,0,2026-04-08T04:09:57.050116+00:00
213211,PREMPAINTS,2023-11-29,10.0,,,10.0,0,2026-04-08T04:09:59.54407+00:00
213328,PREMPAINTS,2023-11-30,10.0,,,10.0,0,2026-04-08T04:10:01.973818+00:00
213445,PREMPAINTS,2023-12-01,10.0,,,10.0,0,2026-04-08T04:10:04.46052+00:00
213562,PREMPAINTS,2023-12-04,10.0,,,10.0,0,2026-04-08T04:10:08.793495+00:00
213679,PREMPAINTS,2023-12-05,10.0,,,10.0,0,2026-04-08T04:10:11.104733+00:00
213796,PREMPAINTS,2023-12-06,10.0,,,10.0,0,2026-04-08T04:10:13.383432+00:00
213913,PREMPAINTS,2023-12-08,10.0,,,10.0,0,2026-04-08T04:10:16.965057+00:00
214030,PREMPAINTS,2023-12-11,10.0,,,10.0,0,2026-04-08T04:10:21.350621+00:00
214147,PREMPAINTS,2023-12-12,10.0,,,10.0,0,2026-04-08T04:10:23.843731+00:00
214264,PREMPAINTS,2023-12-13,10.0,,,10.0,0,2026-04-08T04:10:26.19208+00:00
214381,PREMPAINTS,2023-12-14,10.0,,,10.0,0,2026-04-08T04:10:28.64956+00:00
214498,PREMPAINTS,2023-12-15,10.0,,,10.0,0,2026-04-08T04:10:31.179138+00:00
214615,PREMPAINTS,2023-12-18,10.0,,,10.0,0,2026-04-08T04:10:35.879044+00:00
214732,PREMPAINTS,2023-12-19,10.0,,,10.0,0,2026-04-08T04:10:38.280823+00:00
214849,PREMPAINTS,2023-12-20,10.0,,,10.0,0,2026-04-08T04:10:40.523028+00:00
214966,PREMPAINTS,2023-12-21,10.0,,,10.0,0,2026-04-08T04:10:42.873875+00:00
215083,PREMPAINTS,2023-12-28,10.0,,,10.0,0,2026-04-08T04:10:51.166125+00:00
215200,PREMPAINTS,2023-12-29,10.0,,,10.0,0,2026-04-08T04:10:53.57119+00:00
215317,PREMPAINTS,2024-01-02,10.0,,,10.0,0,2026-04-08T04:10:59.157783+00:00
215434,PREMPAINTS,2024-01-03,10.0,,,10.0,0,2026-04-08T04:11:01.401293+00:00
215551,PREMPAINTS,2024-01-04,10.0,,,10.0,0,2026-04-08T04:11:03.846312+00:00
215668,PREMPAINTS,2024-01-05,10.0,,,10.0,0,2026-04-08T04:11:07.208124+00:00
215785,PREMPAINTS,2024-01-08,10.0,,,10.0,0,2026-04-08T04:11:11.742656+00:00
215902,PREMPAINTS,2024-01-09,10.0,,,10.0,0,2026-04-08T04:11:14.100458+00:00
216019,PREMPAINTS,2024-01-10,10.0,,,10.0,0,2026-04-08T04:11:16.512964+00:00
216136,PREMPAINTS,2024-01-11,10.0,,,10.0,0,2026-04-08T04:11:18.918089+00:00
216253,PREMPAINTS,2024-01-12,10.0,,,10.0,0,2026-04-08T04:11:21.244944+00:00
216370,PREMPAINTS,2024-01-15,10.0,,,10.0,0,2026-04-08T04:11:25.674113+00:00
216487,PREMPAINTS,2024-01-16,10.0,,,10.0,0,2026-04-08T04:11:28.037988+00:00
216604,PREMPAINTS,2024-01-18,10.0,,,10.0,0,2026-04-08T04:11:31.337167+00:00
216721,PREMPAINTS,2024-01-19,10.0,,,10.0,0,2026-04-08T04:11:38.619168+00:00
216838,PREMPAINTS,2024-01-22,10.0,,,10.0,0,2026-04-08T04:11:42.948818+00:00
216955,PREMPAINTS,2024-01-23,10.0,,,10.0,0,2026-04-08T04:11:45.304506+00:00
217072,PREMPAINTS,2024-01-24,10.0,,,10.0,0,2026-04-08T04:11:47.647942+00:00
217189,PREMPAINTS,2024-01-25,10.0,,,10.0,0,2026-04-08T04:11:50.11021+00:00
217306,PREMPAINTS,2024-01-26,10.0,,,10.0,0,2026-04-08T04:11:52.721812+00:00
217423,PREMPAINTS,2024-01-29,10.0,,,10.0,0,2026-04-08T04:11:57.440388+00:00
217540,PREMPAINTS,2024-01-30,10.0,,,10.0,0,2026-04-08T04:12:00.024191+00:00
217657,PREMPAINTS,2024-01-31,10.0,,,10.0,0,2026-04-08T04:12:02.433526+00:00
217774,PREMPAINTS,2024-02-01,10.0,,,10.0,0,2026-04-08T04:12:04.812869+00:00
217891,PREMPAINTS,2024-02-02,10.0,,,10.0,0,2026-04-08T04:12:07.232701+00:00
218008,PREMPAINTS,2024-02-05,10.0,,,10.0,0,2026-04-08T04:12:11.791199+00:00
218125,PREMPAINTS,2024-02-06,10.0,,,10.0,0,2026-04-08T04:12:14.363902+00:00
218242,PREMPAINTS,2024-02-07,10.0,,,10.0,0,2026-04-08T04:12:16.791058+00:00
218359,PREMPAINTS,2024-02-08,10.0,,,10.0,0,2026-04-08T04:12:19.312026+00:00
218476,PREMPAINTS,2024-02-09,10.0,,,10.0,0,2026-04-08T04:12:21.609908+00:00
218593,PREMPAINTS,2024-02-12,10.0,,,10.0,0,2026-04-08T04:12:25.771109+00:00
218710,PREMPAINTS,2024-02-13,10.0,,,10.0,0,2026-04-08T04:12:28.061356+00:00
218827,PREMPAINTS,2024-02-14,10.0,,,10.0,0,2026-04-08T04:12:30.570558+00:00
218944,PREMPAINTS,2024-02-16,10.0,,,10.0,0,2026-04-08T04:12:34.036511+00:00
219061,PREMPAINTS,2024-02-19,10.0,,,10.0,0,2026-04-08T04:12:38.429241+00:00
219178,PREMPAINTS,2024-02-20,10.0,,,10.0,0,2026-04-08T04:12:40.813552+00:00
219295,PREMPAINTS,2024-02-21,10.0,,,10.0,0,2026-04-08T04:12:43.257682+00:00
219412,PREMPAINTS,2024-02-22,10.0,,,10.0,0,2026-04-08T04:12:45.850796+00:00
219529,PREMPAINTS,2024-02-26,10.0,,,10.0,0,2026-04-08T04:12:51.18414+00:00
219646,PREMPAINTS,2024-02-27,10.0,,,10.0,0,2026-04-08T04:12:53.509755+00:00
219763,PREMPAINTS,2024-02-29,10.0,,,10.0,0,2026-04-08T04:12:56.822244+00:00
219880,PREMPAINTS,2024-03-01,10.0,,,10.0,0,2026-04-08T04:12:59.287484+00:00
219997,PREMPAINTS,2024-03-04,10.0,,,10.0,0,2026-04-08T04:13:03.814092+00:00
220115,PREMPAINTS,2024-03-05,10.0,,,10.0,0,2026-04-08T04:13:06.279726+00:00
220233,PREMPAINTS,2024-03-06,10.0,,,10.0,0,2026-04-08T04:13:08.558236+00:00
220351,PREMPAINTS,2024-03-07,10.0,,,10.0,0,2026-04-08T04:13:10.988978+00:00
220469,PREMPAINTS,2024-03-08,10.0,,,10.0,0,2026-04-08T04:13:13.453006+00:00
220587,PREMPAINTS,2024-03-11,10.0,,,10.0,0,2026-04-08T04:13:17.773706+00:00
220705,PREMPAINTS,2024-03-12,10.0,,,10.0,0,2026-04-08T04:13:20.258657+00:00
220823,PREMPAINTS,2024-03-13,10.0,,,10.0,0,2026-04-08T04:13:22.557243+00:00
220941,PREMPAINTS,2024-03-14,10.0,,,10.0,0,2026-04-08T04:13:25.004754+00:00
221059,PREMPAINTS,2024-03-15,10.0,,,10.0,0,2026-04-08T04:13:27.500984+00:00
221177,PREMPAINTS,2024-03-19,10.0,,,10.0,0,2026-04-08T04:13:32.54102+00:00
221295,PREMPAINTS,2024-03-20,10.0,,,10.0,0,2026-04-08T04:13:34.949661+00:00
221413,PREMPAINTS,2024-03-21,10.0,,,10.0,0,2026-04-08T04:13:37.293426+00:00
221531,PREMPAINTS,2024-03-22,10.0,,,10.0,0,2026-04-08T04:13:39.66616+00:00
221649,PREMPAINTS,2024-03-25,10.0,,,10.0,0,2026-04-08T04:13:43.964435+00:00
221767,PREMPAINTS,2024-03-26,10.0,,,10.0,0,2026-04-08T04:13:46.391317+00:00
221885,PREMPAINTS,2024-03-27,10.0,,,10.0,0,2026-04-08T04:13:48.795654+00:00
222003,PREMPAINTS,2024-03-28,10.0,,,10.0,0,2026-04-08T04:13:51.173779+00:00
222121,PREMPAINTS,2024-04-02,10.0,,,10.0,0,2026-04-08T04:13:58.053067+00:00
222239,PREMPAINTS,2024-04-03,10.0,,,10.0,0,2026-04-08T04:14:00.66873+00:00
222357,PREMPAINTS,2024-04-04,10.0,,,10.0,0,2026-04-08T04:14:03.310057+00:00
222475,PREMPAINTS,2024-04-05,10.0,,,10.0,0,2026-04-08T04:14:05.820809+00:00
222593,PREMPAINTS,2024-04-12,10.0,,,10.0,0,2026-04-08T04:14:15.984697+00:00
222711,PREMPAINTS,2024-04-15,10.0,,,10.0,0,2026-04-08T04:14:20.492228+00:00
222829,PREMPAINTS,2024-04-16,10.0,,,10.0,0,2026-04-08T04:14:22.958286+00:00
222947,PREMPAINTS,2024-04-17,10.0,,,10.0,0,2026-04-08T04:14:25.407203+00:00
223065,PREMPAINTS,2024-04-18,10.0,,,10.0,0,2026-04-08T04:14:27.862982+00:00
223183,PREMPAINTS,2024-04-19,10.0,,,10.0,0,2026-04-08T04:14:30.225092+00:00
223301,PREMPAINTS,2024-04-22,10.0,,,10.0,0,2026-04-08T04:14:34.624841+00:00
223419,PREMPAINTS,2024-04-23,10.0,,,10.0,0,2026-04-08T04:14:36.881925+00:00
223537,PREMPAINTS,2024-04-24,10.0,,,10.0,0,2026-04-08T04:14:39.108369+00:00
223655,PREMPAINTS,2024-04-25,10.0,,,10.0,0,2026-04-08T04:14:41.415412+00:00
223773,PREMPAINTS,2024-04-26,10.0,,,10.0,0,2026-04-08T04:14:43.709399+00:00
223891,PREMPAINTS,2024-04-29,10.0,,,10.0,0,2026-04-08T04:14:47.97937+00:00
224009,PREMPAINTS,2024-04-30,10.0,,,10.0,0,2026-04-08T04:14:50.304196+00:00
224127,PREMPAINTS,2024-05-02,10.0,,,10.0,0,2026-04-08T04:14:53.573612+00:00
224245,PREMPAINTS,2024-05-03,10.0,,,10.0,0,2026-04-08T04:14:55.989363+00:00
224363,PREMPAINTS,2024-05-06,10.0,,,10.0,0,2026-04-08T04:15:00.14873+00:00
224481,PREMPAINTS,2024-05-07,10.0,,,10.0,0,2026-04-08T04:15:02.40079+00:00
224599,PREMPAINTS,2024-05-08,10.0,,,10.0,0,2026-04-08T04:15:04.708287+00:00
224717,PREMPAINTS,2024-05-09,10.0,,,10.0,0,2026-04-08T04:15:07.337178+00:00
224835,PREMPAINTS,2024-05-10,10.0,,,10.0,0,2026-04-08T04:15:09.604775+00:00
224953,PREMPAINTS,2024-05-13,10.0,,,10.0,0,2026-04-08T04:15:13.907933+00:00
225071,PREMPAINTS,2024-05-14,10.0,,,10.0,0,2026-04-08T04:15:16.26654+00:00
225189,PREMPAINTS,2024-05-15,10.0,,,10.0,0,2026-04-08T04:15:18.549958+00:00
225307,PREMPAINTS,2024-05-16,10.0,,,10.0,0,2026-04-08T04:15:20.841424+00:00
225425,PREMPAINTS,2024-05-20,10.0,,,10.0,0,2026-04-08T04:15:25.962105+00:00
225543,PREMPAINTS,2024-05-21,10.0,,,10.0,0,2026-04-08T04:15:28.334406+00:00
225661,PREMPAINTS,2024-05-22,10.0,,,10.0,0,2026-04-08T04:15:30.660212+00:00
225779,PREMPAINTS,2024-05-23,10.0,,,10.0,0,2026-04-08T04:15:32.993296+00:00
225897,PREMPAINTS,2024-05-24,10.0,,,10.0,0,2026-04-08T04:15:35.360226+00:00
226015,PREMPAINTS,2024-05-27,10.0,,,10.0,0,2026-04-08T04:15:39.562711+00:00
226133,PREMPAINTS,2024-05-28,10.0,,,10.0,0,2026-04-08T04:15:41.894674+00:00
226251,PREMPAINTS,2024-05-29,10.0,,,10.0,0,2026-04-08T04:15:44.435333+00:00
226369,PREMPAINTS,2024-05-30,10.0,,,10.0,0,2026-04-08T04:15:46.695543+00:00
226487,PREMPAINTS,2024-05-31,10.0,,,10.0,0,2026-04-08T04:15:48.909252+00:00
226605,PREMPAINTS,2024-06-03,10.0,,,10.0,0,2026-04-08T04:15:53.203965+00:00
226723,PREMPAINTS,2024-06-04,10.0,,,10.0,0,2026-04-08T04:15:55.456464+00:00
226841,PREMPAINTS,2024-06-05,10.0,,,10.0,0,2026-04-08T04:15:57.839545+00:00
226959,PREMPAINTS,2024-06-06,10.0,,,10.0,0,2026-04-08T04:16:00.091412+00:00
227077,PREMPAINTS,2024-06-07,10.0,,,10.0,0,2026-04-08T04:16:02.294722+00:00
227195,PREMPAINTS,2024-06-10,10.0,,,10.0,0,2026-04-08T04:16:06.655303+00:00
227313,PREMPAINTS,2024-06-11,10.0,,,10.0,0,2026-04-08T04:16:09.027942+00:00
227431,PREMPAINTS,2024-06-13,10.0,,,10.0,0,2026-04-08T04:16:12.454757+00:00
227549,PREMPAINTS,2024-06-14,10.0,,,10.0,0,2026-04-08T04:16:14.762224+00:00
227667,PREMPAINTS,2024-06-20,10.0,,,10.0,0,2026-04-08T04:16:22.365263+00:00
227785,PREMPAINTS,2024-06-21,10.0,,,10.0,0,2026-04-08T04:16:24.740936+00:00
227903,PREMPAINTS,2024-06-24,10.0,,,10.0,0,2026-04-08T04:16:29.101951+00:00
228021,PREMPAINTS,2024-06-25,10.0,,,10.0,0,2026-04-08T04:16:31.430939+00:00
228139,PREMPAINTS,2024-06-26,10.0,,,10.0,0,2026-04-08T04:16:33.77834+00:00
228257,PREMPAINTS,2024-06-27,10.0,,,10.0,0,2026-04-08T04:16:36.13415+00:00
228375,PREMPAINTS,2024-06-28,10.0,,,10.0,0,2026-04-08T04:16:38.472674+00:00
228493,PREMPAINTS,2024-07-01,10.0,,,10.0,0,2026-04-08T04:16:42.881798+00:00
228611,PREMPAINTS,2024-07-02,10.0,,,10.0,0,2026-04-08T04:16:45.256647+00:00
228729,PREMPAINTS,2024-07-03,10.0,,,10.0,0,2026-04-08T04:16:47.732339+00:00
228847,PREMPAINTS,2024-07-04,10.0,,,10.0,0,2026-04-08T04:16:50.22378+00:00
228965,PREMPAINTS,2024-07-05,10.0,,,10.0,0,2026-04-08T04:16:52.679645+00:00
229083,PREMPAINTS,2024-07-08,10.0,,,10.0,0,2026-04-08T04:16:57.375145+00:00
229201,PREMPAINTS,2024-07-09,10.0,,,10.0,0,2026-04-08T04:16:59.679545+00:00
229319,PREMPAINTS,2024-07-10,10.0,,,10.0,0,2026-04-08T04:17:02.104038+00:00
229437,PREMPAINTS,2024-07-11,10.0,,,10.0,0,2026-04-08T04:17:04.804273+00:00
229555,PREMPAINTS,2024-07-12,10.0,,,10.0,0,2026-04-08T04:17:07.071694+00:00
229673,PREMPAINTS,2024-07-15,10.0,,,10.0,0,2026-04-08T04:17:11.418935+00:00
229791,PREMPAINTS,2024-07-16,10.0,,,10.0,0,2026-04-08T04:17:13.920176+00:00
229909,PREMPAINTS,2024-07-17,10.0,,,10.0,0,2026-04-08T04:17:16.239817+00:00
230027,PREMPAINTS,2024-07-18,10.0,,,10.0,0,2026-04-08T04:17:18.614364+00:00
230145,PREMPAINTS,2024-07-19,10.0,,,10.0,0,2026-04-08T04:17:20.923419+00:00
230263,PREMPAINTS,2024-07-22,10.0,,,10.0,0,2026-04-08T04:17:25.185516+00:00
230381,PREMPAINTS,2024-07-23,10.0,,,10.0,0,2026-04-08T04:17:27.655924+00:00
230499,PREMPAINTS,2024-07-24,10.0,,,10.0,0,2026-04-08T04:17:30.124258+00:00
230617,PREMPAINTS,2024-07-25,10.0,,,10.0,0,2026-04-08T04:17:32.638981+00:00
230735,PREMPAINTS,2024-07-26,10.0,,,10.0,0,2026-04-08T04:17:35.101122+00:00
230853,PREMPAINTS,2024-07-29,10.0,,,10.0,0,2026-04-08T04:17:40.103977+00:00
230971,PREMPAINTS,2024-07-30,10.0,,,10.0,0,2026-04-08T04:17:43.080384+00:00
231089,PREMPAINTS,2024-07-31,10.0,,,10.0,0,2026-04-08T04:17:45.61458+00:00
231207,PREMPAINTS,2024-08-01,10.0,,,10.0,0,2026-04-08T04:17:47.950902+00:00
231325,PREMPAINTS,2024-08-02,10.0,,,10.0,0,2026-04-08T04:17:50.372085+00:00
231443,PREMPAINTS,2024-08-05,10.0,,,10.0,0,2026-04-08T04:17:54.929581+00:00
231561,PREMPAINTS,2024-08-06,10.0,,,10.0,0,2026-04-08T04:17:57.472912+00:00
231679,PREMPAINTS,2024-08-07,10.0,,,10.0,0,2026-04-08T04:17:59.948734+00:00
231797,PREMPAINTS,2024-08-08,10.0,,,10.0,0,2026-04-08T04:18:02.36647+00:00
231915,PREMPAINTS,2024-08-09,10.0,,,10.0,0,2026-04-08T04:18:04.674683+00:00
232033,PREMPAINTS,2024-08-12,10.0,,,10.0,0,2026-04-08T04:18:08.918743+00:00
232151,PREMPAINTS,2024-08-13,10.0,,,10.0,0,2026-04-08T04:18:11.387792+00:00
232269,PREMPAINTS,2024-08-14,10.0,,,10.0,0,2026-04-08T04:18:13.859526+00:00
232387,PREMPAINTS,2024-08-15,10.0,,,10.0,0,2026-04-08T04:18:16.357381+00:00
232505,PREMPAINTS,2024-08-16,10.0,,,10.0,0,2026-04-08T04:18:18.692447+00:00
232623,PREMPAINTS,2024-08-19,10.0,,,10.0,0,2026-04-08T04:18:23.063194+00:00
232741,PREMPAINTS,2024-08-20,10.0,,,10.0,0,2026-04-08T04:18:25.366221+00:00
232859,PREMPAINTS,2024-08-21,10.0,,,10.0,0,2026-04-08T04:18:27.861334+00:00
232977,PREMPAINTS,2024-08-22,10.0,,,10.0,0,2026-04-08T04:18:30.156184+00:00
233095,PREMPAINTS,2024-08-23,10.0,,,10.0,0,2026-04-08T04:18:32.497978+00:00
233213,PREMPAINTS,2024-08-26,10.0,,,10.0,0,2026-04-08T04:18:37.19542+00:00
233331,PREMPAINTS,2024-08-27,10.0,,,10.0,0,2026-04-08T04:18:39.561091+00:00
233449,PREMPAINTS,2024-08-28,10.0,,,10.0,0,2026-04-08T04:18:42.048567+00:00
233567,PREMPAINTS,2024-08-29,10.0,,,10.0,0,2026-04-08T04:18:44.36768+00:00
233685,PREMPAINTS,2024-09-02,10.0,,,10.0,0,2026-04-08T04:18:49.632285+00:00
233803,PREMPAINTS,2024-09-03,10.0,,,10.0,0,2026-04-08T04:18:52.389232+00:00
233921,PREMPAINTS,2024-09-04,10.0,,,10.0,0,2026-04-08T04:18:54.875674+00:00
234039,PREMPAINTS,2024-09-05,10.0,,,10.0,0,2026-04-08T04:18:57.763256+00:00
234157,PREMPAINTS,2024-09-06,10.0,,,10.0,0,2026-04-08T04:19:00.536712+00:00
234275,PREMPAINTS,2024-09-09,10.0,,,10.0,0,2026-04-08T04:19:05.495104+00:00
234393,PREMPAINTS,2024-09-10,10.0,,,10.0,0,2026-04-08T04:19:08.070871+00:00
234511,PREMPAINTS,2024-09-11,10.0,,,10.0,0,2026-04-08T04:19:10.663572+00:00
234629,PREMPAINTS,2024-09-12,10.0,,,10.0,0,2026-04-08T04:19:13.371302+00:00
234747,PREMPAINTS,2024-09-13,10.0,,,10.0,0,2026-04-08T04:19:16.033041+00:00
234865,PREMPAINTS,2024-09-17,10.0,,,10.0,0,2026-04-08T04:19:22.824888+00:00
234983,PREMPAINTS,2024-09-18,10.0,,,10.0,0,2026-04-08T04:19:25.915955+00:00
235101,PREMPAINTS,2024-09-19,10.0,,,10.0,0,2026-04-08T04:19:28.330134+00:00
235219,PREMPAINTS,2024-09-20,10.0,,,10.0,0,2026-04-08T04:19:30.82066+00:00
235337,PREMPAINTS,2024-09-23,10.0,,,10.0,0,2026-04-08T04:19:35.29526+00:00
235455,PREMPAINTS,2024-09-24,10.0,,,10.0,0,2026-04-08T04:19:37.629736+00:00
235573,PREMPAINTS,2024-09-25,10.0,,,10.0,0,2026-04-08T04:19:40.096992+00:00
235691,PREMPAINTS,2024-09-26,10.0,,,10.0,0,2026-04-08T04:19:42.676048+00:00
235809,PREMPAINTS,2024-09-27,10.0,,,10.0,0,2026-04-08T04:19:45.342636+00:00
235927,PREMPAINTS,2024-09-30,10.0,,,10.0,0,2026-04-08T04:19:50.223917+00:00
236045,PREMPAINTS,2024-10-02,10.0,,,10.0,0,2026-04-08T04:19:53.821423+00:00
236163,PREMPAINTS,2024-10-03,10.0,,,10.0,0,2026-04-08T04:19:56.203135+00:00
236281,PREMPAINTS,2024-10-04,10.0,,,10.0,0,2026-04-08T04:19:58.634737+00:00
236399,PREMPAINTS,2024-10-07,10.0,,,10.0,0,2026-04-08T04:20:03.05432+00:00
236517,PREMPAINTS,2024-10-08,10.0,,,10.0,0,2026-04-08T04:20:05.535519+00:00
236635,PREMPAINTS,2024-10-10,10.0,,,10.0,0,2026-04-08T04:20:08.855054+00:00
236753,PREMPAINTS,2024-10-11,10.0,,,10.0,0,2026-04-08T04:20:11.460237+00:00
236871,PREMPAINTS,2024-10-14,10.0,,,10.0,0,2026-04-08T04:20:16.284622+00:00
236990,PREMPAINTS,2024-10-15,10.0,,,10.0,0,2026-04-08T04:20:18.84933+00:00
237109,PREMPAINTS,2024-10-17,10.0,,,10.0,0,2026-04-08T04:20:23.389134+00:00
237228,PREMPAINTS,2024-10-18,10.0,,,10.0,0,2026-04-08T04:20:26.17489+00:00
237347,PREMPAINTS,2024-10-21,10.0,,,10.0,0,2026-04-08T04:20:30.541886+00:00
237466,PREMPAINTS,2024-10-22,10.0,,,10.0,0,2026-04-08T04:20:32.890604+00:00
237585,PREMPAINTS,2024-10-23,10.0,,,10.0,0,2026-04-08T04:20:35.186729+00:00
237704,PREMPAINTS,2024-10-24,10.0,,,10.0,0,2026-04-08T04:20:37.740613+00:00
237823,PREMPAINTS,2024-10-25,10.0,,,10.0,0,2026-04-08T04:20:40.222387+00:00
237942,PREMPAINTS,2024-10-28,10.0,,,10.0,0,2026-04-08T04:20:44.742576+00:00
238061,PREMPAINTS,2024-10-29,10.0,,,10.0,0,2026-04-08T04:20:47.136244+00:00
238180,PREMPAINTS,2024-10-30,10.0,,,10.0,0,2026-04-08T04:20:49.405969+00:00
238299,PREMPAINTS,2024-10-31,10.0,,,10.0,0,2026-04-08T04:20:51.756515+00:00
238418,PREMPAINTS,2024-11-01,10.0,,,10.0,0,2026-04-08T04:20:54.1075+00:00
238537,PREMPAINTS,2024-11-04,10.0,,,10.0,0,2026-04-08T04:20:58.471072+00:00
238656,PREMPAINTS,2024-11-05,10.0,,,10.0,0,2026-04-08T04:21:01.00344+00:00
238775,PREMPAINTS,2024-11-06,10.0,,,10.0,0,2026-04-08T04:21:03.585377+00:00
238894,PREMPAINTS,2024-11-07,10.0,,,10.0,0,2026-04-08T04:21:06.256351+00:00
239013,PREMPAINTS,2024-11-08,10.0,,,10.0,0,2026-04-08T04:21:08.623134+00:00
239132,PREMPAINTS,2024-11-11,10.0,,,10.0,0,2026-04-08T04:21:12.782875+00:00
239251,PREMPAINTS,2024-11-12,10.0,,,10.0,0,2026-04-08T04:21:15.417322+00:00
239370,PREMPAINTS,2024-11-13,10.0,,,10.0,0,2026-04-08T04:21:17.790166+00:00
239489,PREMPAINTS,2024-11-14,10.0,,,10.0,0,2026-04-08T04:21:20.354873+00:00
239608,PREMPAINTS,2024-11-15,10.0,,,10.0,0,2026-04-08T04:21:22.90937+00:00
239727,PREMPAINTS,2024-11-18,10.0,,,10.0,0,2026-04-08T04:21:27.576358+00:00
239846,PREMPAINTS,2024-11-19,10.0,,,10.0,0,2026-04-08T04:21:29.868433+00:00
239965,PREMPAINTS,2024-11-20,10.0,,,10.0,0,2026-04-08T04:21:32.433299+00:00
240084,PREMPAINTS,2024-11-21,10.0,,,10.0,0,2026-04-08T04:21:34.755564+00:00
240203,PREMPAINTS,2024-11-22,10.0,,,10.0,0,2026-04-08T04:21:37.514754+00:00
240322,PREMPAINTS,2024-11-25,10.0,,,10.0,0,2026-04-08T04:21:41.818387+00:00
240441,PREMPAINTS,2024-11-26,10.0,,,10.0,0,2026-04-08T04:21:44.163824+00:00
240560,PREMPAINTS,2024-11-27,10.0,,,10.0,0,2026-04-08T04:21:46.720727+00:00
240679,PREMPAINTS,2024-11-28,10.0,,,10.0,0,2026-04-08T04:21:49.110263+00:00
240798,PREMPAINTS,2024-12-02,10.0,,,10.0,0,2026-04-08T04:21:54.88401+00:00
240917,PREMPAINTS,2024-12-03,10.0,,,10.0,0,2026-04-08T04:21:57.640504+00:00
241036,PREMPAINTS,2024-12-04,10.0,,,10.0,0,2026-04-08T04:21:59.930228+00:00
241155,PREMPAINTS,2024-12-06,10.0,,,10.0,0,2026-04-08T04:22:03.392712+00:00
241274,PREMPAINTS,2024-12-09,10.0,,,10.0,0,2026-04-08T04:22:07.745808+00:00
241393,PREMPAINTS,2024-12-10,10.0,,,10.0,0,2026-04-08T04:22:10.112253+00:00
241512,PREMPAINTS,2024-12-11,10.0,,,10.0,0,2026-04-08T04:22:12.639548+00:00
241631,PREMPAINTS,2024-12-12,10.0,,,10.0,0,2026-04-08T04:22:15.033357+00:00
241750,PREMPAINTS,2024-12-13,10.0,,,10.0,0,2026-04-08T04:22:17.509919+00:00
241869,PREMPAINTS,2024-12-16,10.0,,,10.0,0,2026-04-08T04:22:22.499781+00:00
241988,PREMPAINTS,2024-12-17,10.0,,,10.0,0,2026-04-08T04:22:24.995572+00:00
242107,PREMPAINTS,2024-12-18,10.0,,,10.0,0,2026-04-08T04:22:27.498126+00:00
242226,PREMPAINTS,2024-12-19,10.0,,,10.0,0,2026-04-08T04:22:29.868083+00:00
242345,PREMPAINTS,2024-12-20,10.0,,,10.0,0,2026-04-08T04:22:32.392508+00:00
242464,PREMPAINTS,2024-12-23,10.0,,,10.0,0,2026-04-08T04:22:36.740311+00:00
242583,PREMPAINTS,2024-12-24,10.0,,,10.0,0,2026-04-08T04:22:39.25804+00:00
242702,PREMPAINTS,2024-12-27,10.0,,,10.0,0,2026-04-08T04:22:43.946119+00:00
242820,PREMPAINTS,2024-12-31,10.0,,,10.0,0,2026-04-08T04:22:48.665239+00:00
242938,PREMPAINTS,2025-01-02,10.0,,,10.0,0,2026-04-08T04:22:52.256438+00:00
243056,PREMPAINTS,2025-01-03,10.0,,,10.0,0,2026-04-08T04:22:55.101113+00:00
243174,PREMPAINTS,2025-01-06,10.0,,,10.0,0,2026-04-08T04:23:00.046313+00:00
243292,PREMPAINTS,2025-01-07,10.0,,,10.0,0,2026-04-08T04:23:02.329348+00:00
243410,PREMPAINTS,2025-01-08,10.0,,,10.0,0,2026-04-08T04:23:04.632968+00:00
243528,PREMPAINTS,2025-01-09,10.0,,,10.0,0,2026-04-08T04:23:06.908261+00:00
243646,PREMPAINTS,2025-01-10,10.0,,,10.0,0,2026-04-08T04:23:09.304805+00:00
243764,PREMPAINTS,2025-01-13,10.0,,,10.0,0,2026-04-08T04:23:13.790041+00:00
243882,PREMPAINTS,2025-01-14,10.0,,,10.0,0,2026-04-08T04:23:16.129929+00:00
244000,PREMPAINTS,2025-01-15,10.0,,,10.0,0,2026-04-08T04:23:18.535433+00:00
244118,PREMPAINTS,2025-01-16,10.0,,,10.0,0,2026-04-08T04:23:20.834867+00:00
244236,PREMPAINTS,2025-01-17,10.0,,,10.0,0,2026-04-08T04:23:23.141674+00:00
244354,PREMPAINTS,2025-01-20,10.0,,,10.0,0,2026-04-08T04:23:27.482452+00:00
244472,PREMPAINTS,2025-01-21,10.0,,,10.0,0,2026-04-08T04:23:29.752731+00:00
244590,PREMPAINTS,2025-01-22,10.0,,,10.0,0,2026-04-08T04:23:32.235559+00:00
244708,PREMPAINTS,2025-01-23,10.0,,,10.0,0,2026-04-08T04:23:34.519549+00:00
244826,PREMPAINTS,2025-01-24,10.0,,,10.0,0,2026-04-08T04:23:37.097992+00:00
244944,PREMPAINTS,2025-01-27,10.0,,,10.0,0,2026-04-08T04:23:41.817807+00:00
245062,PREMPAINTS,2025-01-28,10.0,,,10.0,0,2026-04-08T04:23:44.43679+00:00
245180,PREMPAINTS,2025-01-30,10.0,,,10.0,0,2026-04-08T04:23:47.90788+00:00
245298,PREMPAINTS,2025-01-31,10.0,,,10.0,0,2026-04-08T04:23:50.425841+00:00
245416,PREMPAINTS,2025-02-03,10.0,,,10.0,0,2026-04-08T04:23:55.090801+00:00
245534,PREMPAINTS,2025-02-04,10.0,,,10.0,0,2026-04-08T04:23:57.584141+00:00
245652,PREMPAINTS,2025-02-05,10.0,,,10.0,0,2026-04-08T04:24:00.484627+00:00
245770,PREMPAINTS,2025-02-06,10.0,,,10.0,0,2026-04-08T04:24:04.153698+00:00
245888,PREMPAINTS,2025-02-07,10.0,,,10.0,0,2026-04-08T04:24:07.822728+00:00
246006,PREMPAINTS,2025-02-10,10.0,,,10.0,0,2026-04-08T04:24:13.163899+00:00
246124,PREMPAINTS,2025-02-11,10.0,,,10.0,0,2026-04-08T04:24:15.629092+00:00
246242,PREMPAINTS,2025-02-12,10.0,,,10.0,0,2026-04-08T04:24:18.226035+00:00
246360,PREMPAINTS,2025-02-13,10.0,,,10.0,0,2026-04-08T04:24:20.725749+00:00
246478,PREMPAINTS,2025-02-14,10.0,,,10.0,0,2026-04-08T04:24:23.300806+00:00
246596,PREMPAINTS,2025-02-17,10.0,,,10.0,0,2026-04-08T04:24:27.726986+00:00
246714,PREMPAINTS,2025-02-18,10.0,,,10.0,0,2026-04-08T04:24:30.295737+00:00
246832,PREMPAINTS,2025-02-19,10.0,,,10.0,0,2026-04-08T04:24:32.765887+00:00
246950,PREMPAINTS,2025-02-20,10.0,,,10.0,0,2026-04-08T04:24:35.351909+00:00
247068,PREMPAINTS,2025-02-21,10.0,,,10.0,0,2026-04-08T04:24:37.680479+00:00
247186,PREMPAINTS,2025-02-25,10.0,,,10.0,0,2026-04-08T04:24:43.419296+00:00
247304,PREMPAINTS,2025-02-26,10.0,,,10.0,0,2026-04-08T04:24:45.860894+00:00
247422,PREMPAINTS,2025-02-27,10.0,,,10.0,0,2026-04-08T04:24:48.27846+00:00
247540,PREMPAINTS,2025-02-28,10.0,,,10.0,0,2026-04-08T04:24:50.63724+00:00
247658,PREMPAINTS,2025-03-03,10.0,,,10.0,0,2026-04-08T04:24:55.222854+00:00
247776,PREMPAINTS,2025-03-04,10.0,,,10.0,0,2026-04-08T04:24:57.762887+00:00
247895,PREMPAINTS,2025-03-05,10.0,,,10.0,0,2026-04-08T04:25:00.108696+00:00
248014,PREMPAINTS,2025-03-06,10.0,,,10.0,0,2026-04-08T04:25:02.52336+00:00
248133,PREMPAINTS,2025-03-07,10.0,,,10.0,0,2026-04-08T04:25:04.19753+00:00
248252,PREMPAINTS,2025-03-10,10.0,,,10.0,0,2026-04-08T04:25:07.959889+00:00
248371,PREMPAINTS,2025-03-11,10.0,,,10.0,0,2026-04-08T04:25:10.446731+00:00
248490,PREMPAINTS,2025-03-12,10.0,,,10.0,0,2026-04-08T04:25:12.888859+00:00
248609,PREMPAINTS,2025-03-13,10.0,,,10.0,0,2026-04-08T04:25:15.353849+00:00
248728,PREMPAINTS,2025-03-14,10.0,,,10.0,0,2026-04-08T04:25:17.75152+00:00
248847,PREMPAINTS,2025-03-17,10.0,,,10.0,0,2026-04-08T04:25:23.327657+00:00
248966,PREMPAINTS,2025-03-18,10.0,,,10.0,0,2026-04-08T04:25:25.763099+00:00
249085,PREMPAINTS,2025-03-19,10.0,,,10.0,0,2026-04-08T04:25:28.144043+00:00
249204,PREMPAINTS,2025-03-20,10.0,,,10.0,0,2026-04-08T04:25:31.01834+00:00
249323,PREMPAINTS,2025-03-21,10.0,,,10.0,0,2026-04-08T04:25:33.389958+00:00
249442,PREMPAINTS,2025-03-24,10.0,,,10.0,0,2026-04-08T04:25:38.388993+00:00
249561,PREMPAINTS,2025-03-25,10.0,,,10.0,0,2026-04-08T04:25:40.7685+00:00
249680,PREMPAINTS,2025-03-26,10.0,,,10.0,0,2026-04-08T04:25:43.344812+00:00
249799,PREMPAINTS,2025-03-27,10.0,,,10.0,0,2026-04-08T04:25:45.817232+00:00
249918,PREMPAINTS,2025-03-28,10.0,,,10.0,0,2026-04-08T04:25:48.177352+00:00
250037,PREMPAINTS,2025-04-02,10.0,,,10.0,0,2026-04-08T04:25:54.663823+00:00
250156,PREMPAINTS,2025-04-03,10.0,,,10.0,0,2026-04-08T04:25:57.014747+00:00
250275,PREMPAINTS,2025-04-04,10.0,,,10.0,0,2026-04-08T04:25:59.489503+00:00
250394,PREMPAINTS,2025-04-07,10.0,,,10.0,0,2026-04-08T04:26:04.211964+00:00
250513,PREMPAINTS,2025-04-08,10.0,,,10.0,0,2026-04-08T04:26:06.766331+00:00
250632,PREMPAINTS,2025-04-10,10.0,,,10.0,0,2026-04-08T04:26:10.263658+00:00
250751,PREMPAINTS,2025-04-11,10.0,,,10.0,0,2026-04-08T04:26:12.610372+00:00
250870,PREMPAINTS,2025-04-14,10.0,,,10.0,0,2026-04-08T04:26:17.137975+00:00
250989,PREMPAINTS,2025-04-15,10.0,,,10.0,0,2026-04-08T04:26:19.634971+00:00
251108,PREMPAINTS,2025-04-16,10.0,,,10.0,0,2026-04-08T04:26:22.321337+00:00
251227,PREMPAINTS,2025-04-17,10.0,,,10.0,0,2026-04-08T04:26:24.819431+00:00
251346,PREMPAINTS,2025-04-22,10.0,,,10.0,0,2026-04-08T04:26:31.401152+00:00
251465,PREMPAINTS,2025-04-23,10.0,,,10.0,0,2026-04-08T04:26:33.741411+00:00
251585,PREMPAINTS,2025-04-24,10.0,,,10.0,0,2026-04-08T04:26:36.383131+00:00
251705,PREMPAINTS,2025-04-25,10.0,,,10.0,0,2026-04-08T04:26:38.677219+00:00
251825,PREMPAINTS,2025-04-28,10.0,,,10.0,0,2026-04-08T04:26:43.113614+00:00
251945,PREMPAINTS,2025-04-29,10.0,,,10.0,0,2026-04-08T04:26:45.609073+00:00
252065,PREMPAINTS,2025-04-30,10.0,,,10.0,0,2026-04-08T04:26:48.242472+00:00
252185,PREMPAINTS,2025-05-02,10.0,,,10.0,0,2026-04-08T04:26:51.690529+00:00
252305,PREMPAINTS,2025-05-05,10.0,,,10.0,0,2026-04-08T04:26:56.275381+00:00
252425,PREMPAINTS,2025-05-06,10.0,,,10.0,0,2026-04-08T04:26:58.7221+00:00
252545,PREMPAINTS,2025-05-07,10.0,,,10.0,0,2026-04-08T04:27:01.170235+00:00
252665,PREMPAINTS,2025-05-08,10.0,,,10.0,0,2026-04-08T04:27:03.468055+00:00
252785,PREMPAINTS,2025-05-09,10.0,,,10.0,0,2026-04-08T04:27:05.963213+00:00
252905,PREMPAINTS,2025-05-12,10.0,,,10.0,0,2026-04-08T04:27:10.449459+00:00
253025,PREMPAINTS,2025-05-14,10.0,,,10.0,0,2026-04-08T04:27:13.89162+00:00
253145,PREMPAINTS,2025-05-15,10.0,,,10.0,0,2026-04-08T04:27:16.307455+00:00
253265,PREMPAINTS,2025-05-16,10.0,,,10.0,0,2026-04-08T04:27:18.639316+00:00
253385,PREMPAINTS,2025-05-19,10.0,,,10.0,0,2026-04-08T04:27:23.06518+00:00
253505,PREMPAINTS,2025-05-20,10.0,,,10.0,0,2026-04-08T04:27:25.663956+00:00
253625,PREMPAINTS,2025-05-21,10.0,,,10.0,0,2026-04-08T04:27:28.280255+00:00
253745,PREMPAINTS,2025-05-22,10.0,,,10.0,0,2026-04-08T04:27:30.733393+00:00
253865,PREMPAINTS,2025-05-23,10.0,,,10.0,0,2026-04-08T04:27:33.142895+00:00
253985,PREMPAINTS,2025-05-26,10.0,,,10.0,0,2026-04-08T04:27:37.938794+00:00
254105,PREMPAINTS,2025-05-27,10.0,,,10.0,0,2026-04-08T04:27:40.395447+00:00
254225,PREMPAINTS,2025-05-28,10.0,,,10.0,0,2026-04-08T04:27:42.906627+00:00
254345,PREMPAINTS,2025-05-29,10.0,,,10.0,0,2026-04-08T04:27:45.903166+00:00
254465,PREMPAINTS,2025-05-30,10.0,,,10.0,0,2026-04-08T04:27:48.4452+00:00
254585,PREMPAINTS,2025-06-02,10.0,,,10.0,0,2026-04-08T04:27:53.01382+00:00
254705,PREMPAINTS,2025-06-03,10.0,,,10.0,0,2026-04-08T04:27:55.368454+00:00
254825,PREMPAINTS,2025-06-04,10.0,,,10.0,0,2026-04-08T04:27:57.94541+00:00
254945,PREMPAINTS,2025-06-05,10.0,,,10.0,0,2026-04-08T04:28:00.320696+00:00
255065,PREMPAINTS,2025-06-10,10.0,,,10.0,0,2026-04-08T04:28:07.114795+00:00
255185,PREMPAINTS,2025-06-11,10.0,,,10.0,0,2026-04-08T04:28:09.38594+00:00
255305,PREMPAINTS,2025-06-17,10.0,,,10.0,0,2026-04-08T04:28:17.228975+00:00
255425,PREMPAINTS,2025-06-18,10.0,,,10.0,0,2026-04-08T04:28:19.70912+00:00
255545,PREMPAINTS,2025-06-19,10.0,,,10.0,0,2026-04-08T04:28:22.276816+00:00
255665,PREMPAINTS,2025-06-20,10.0,,,10.0,0,2026-04-08T04:28:24.65394+00:00
255785,PREMPAINTS,2025-06-23,10.0,,,10.0,0,2026-04-08T04:28:29.225711+00:00
255905,PREMPAINTS,2025-06-24,10.0,,,10.0,0,2026-04-08T04:28:31.569579+00:00
256025,PREMPAINTS,2025-06-25,10.0,,,10.0,0,2026-04-08T04:28:33.910697+00:00
256145,PREMPAINTS,2025-06-26,10.0,,,10.0,0,2026-04-08T04:28:36.389223+00:00
256265,PREMPAINTS,2025-06-27,10.0,,,10.0,0,2026-04-08T04:28:38.797599+00:00
256385,PREMPAINTS,2025-07-01,10.0,,,10.0,0,2026-04-08T04:28:44.517216+00:00
256505,PREMPAINTS,2025-07-02,10.0,,,10.0,0,2026-04-08T04:28:47.139962+00:00
256625,PREMPAINTS,2025-07-03,10.0,,,10.0,0,2026-04-08T04:28:49.506141+00:00
256745,PREMPAINTS,2025-07-04,10.0,,,10.0,0,2026-04-08T04:28:51.76506+00:00
256865,PREMPAINTS,2025-07-07,10.0,,,10.0,0,2026-04-08T04:28:56.230166+00:00
256985,PREMPAINTS,2025-07-08,10.0,,,10.0,0,2026-04-08T04:28:58.705995+00:00
257105,PREMPAINTS,2025-07-09,10.0,,,10.0,0,2026-04-08T04:29:01.058721+00:00
257225,PREMPAINTS,2025-07-10,10.0,,,10.0,0,2026-04-08T04:29:03.550316+00:00
257345,PREMPAINTS,2025-07-11,10.0,,,10.0,0,2026-04-08T04:29:06.089999+00:00
257465,PREMPAINTS,2025-07-14,10.0,,,10.0,0,2026-04-08T04:29:10.69196+00:00
257585,PREMPAINTS,2025-07-16,10.0,,,10.0,0,2026-04-08T04:29:14.112969+00:00
257705,PREMPAINTS,2025-07-17,10.0,,,10.0,0,2026-04-08T04:29:16.489777+00:00
257825,PREMPAINTS,2025-07-18,10.0,,,10.0,0,2026-04-08T04:29:18.854517+00:00
257945,PREMPAINTS,2025-07-21,10.0,,,10.0,0,2026-04-08T04:29:23.300994+00:00
258065,PREMPAINTS,2025-07-22,10.0,,,10.0,0,2026-04-08T04:29:25.922592+00:00
258185,PREMPAINTS,2025-07-23,10.0,,,10.0,0,2026-04-08T04:29:29.05968+00:00
258305,PREMPAINTS,2025-07-24,10.0,,,10.0,0,2026-04-08T04:29:31.486978+00:00
258425,PREMPAINTS,2025-07-25,10.0,,,10.0,0,2026-04-08T04:29:33.980938+00:00
258545,PREMPAINTS,2025-07-28,10.0,,,10.0,0,2026-04-08T04:29:38.78621+00:00
258664,PREMPAINTS,2025-07-29,10.0,,,10.0,0,2026-04-08T04:29:41.392621+00:00
258783,PREMPAINTS,2025-07-30,10.0,,,10.0,0,2026-04-08T04:29:43.881641+00:00
258902,PREMPAINTS,2025-07-31,10.0,,,10.0,0,2026-04-08T04:29:46.315218+00:00
259021,PREMPAINTS,2025-08-01,10.0,,,10.0,0,2026-04-08T04:29:48.711654+00:00
259139,PREMPAINTS,2025-08-04,10.0,,,10.0,0,2026-04-08T04:29:53.303607+00:00
259258,PREMPAINTS,2025-08-05,10.0,,,10.0,0,2026-04-08T04:29:55.780422+00:00
259377,PREMPAINTS,2025-08-06,10.0,,,10.0,0,2026-04-08T04:29:58.241852+00:00
259496,PREMPAINTS,2025-08-07,10.0,,,10.0,0,2026-04-08T04:30:00.56444+00:00
259615,PREMPAINTS,2025-08-08,10.0,,,10.0,0,2026-04-08T04:30:02.234883+00:00
259734,PREMPAINTS,2025-08-11,10.0,,,10.0,0,2026-04-08T04:30:07.037349+00:00
259853,PREMPAINTS,2025-08-12,10.0,,,10.0,0,2026-04-08T04:30:09.28323+00:00
259972,PREMPAINTS,2025-08-13,10.0,,,10.0,0,2026-04-08T04:30:11.815521+00:00
260091,PREMPAINTS,2025-08-14,10.0,,,10.0,0,2026-04-08T04:30:14.350221+00:00
260210,PREMPAINTS,2025-08-15,10.0,,,10.0,0,2026-04-08T04:30:16.786076+00:00
260329,PREMPAINTS,2025-08-18,10.0,,,10.0,0,2026-04-08T04:30:21.560319+00:00
260448,PREMPAINTS,2025-08-19,10.0,,,10.0,0,2026-04-08T04:30:23.869462+00:00
260567,PREMPAINTS,2025-08-20,10.0,,,10.0,0,2026-04-08T04:30:26.318672+00:00
260686,PREMPAINTS,2025-08-21,10.0,,,10.0,0,2026-04-08T04:30:28.670378+00:00
260805,PREMPAINTS,2025-08-22,10.0,,,10.0,0,2026-04-08T04:30:30.96965+00:00
260924,PREMPAINTS,2025-08-25,10.0,,,10.0,0,2026-04-08T04:30:35.521871+00:00
261043,PREMPAINTS,2025-08-26,10.0,,,10.0,0,2026-04-08T04:30:37.91594+00:00
261162,PREMPAINTS,2025-08-27,10.0,,,10.0,0,2026-04-08T04:30:40.231113+00:00
261281,PREMPAINTS,2025-08-28,10.0,,,10.0,0,2026-04-08T04:30:42.59826+00:00
261400,PREMPAINTS,2025-08-29,10.0,,,10.0,0,2026-04-08T04:30:45.09102+00:00
261519,PREMPAINTS,2025-09-01,10.0,,,10.0,0,2026-04-08T04:30:49.608802+00:00
261638,PREMPAINTS,2025-09-02,10.0,,,10.0,0,2026-04-08T04:30:52.312491+00:00
261757,PREMPAINTS,2025-09-03,10.0,,,10.0,0,2026-04-08T04:30:55.837007+00:00
261876,PREMPAINTS,2025-09-04,10.0,,,10.0,0,2026-04-08T04:30:58.198935+00:00
261995,PREMPAINTS,2025-09-08,10.0,,,10.0,0,2026-04-08T04:31:03.728068+00:00
262114,PREMPAINTS,2025-09-09,10.0,,,10.0,0,2026-04-08T04:31:06.294869+00:00
262233,PREMPAINTS,2025-09-10,10.0,,,10.0,0,2026-04-08T04:31:08.610575+00:00
262352,PREMPAINTS,2025-09-11,10.0,,,10.0,0,2026-04-08T04:31:10.974873+00:00
262471,PREMPAINTS,2025-09-12,10.0,,,10.0,0,2026-04-08T04:31:13.547359+00:00
262590,PREMPAINTS,2025-09-15,10.0,,,10.0,0,2026-04-08T04:31:18.268622+00:00
262709,PREMPAINTS,2025-09-16,10.0,,,10.0,0,2026-04-08T04:31:20.741189+00:00
262828,PREMPAINTS,2025-09-17,10.0,,,10.0,0,2026-04-08T04:31:23.24235+00:00
262947,PREMPAINTS,2025-09-18,10.0,,,10.0,0,2026-04-08T04:31:25.598019+00:00
263066,PREMPAINTS,2025-09-19,10.0,,,10.0,0,2026-04-08T04:31:28.111008+00:00
263185,PREMPAINTS,2025-09-22,10.0,,,10.0,0,2026-04-08T04:31:32.624882+00:00
263304,PREMPAINTS,2025-09-23,10.0,,,10.0,0,2026-04-08T04:31:35.170326+00:00
263423,PREMPAINTS,2025-09-24,10.0,,,10.0,0,2026-04-08T04:31:37.673105+00:00
263542,PREMPAINTS,2025-09-25,10.0,,,10.0,0,2026-04-08T04:31:40.100841+00:00
263661,PREMPAINTS,2025-09-26,10.0,,,10.0,0,2026-04-08T04:31:42.548783+00:00
263780,PREMPAINTS,2025-09-29,10.0,,,10.0,0,2026-04-08T04:31:47.029675+00:00
263899,PREMPAINTS,2025-09-30,10.0,,,10.0,0,2026-04-08T04:31:49.320364+00:00
264018,PREMPAINTS,2025-10-02,10.0,,,10.0,0,2026-04-08T04:31:52.706523+00:00
264137,PREMPAINTS,2025-10-03,10.0,,,10.0,0,2026-04-08T04:31:55.311341+00:00
264256,PREMPAINTS,2025-10-06,10.0,,,10.0,0,2026-04-08T04:31:59.803196+00:00
264375,PREMPAINTS,2025-10-07,10.0,,,10.0,0,2026-04-08T04:32:02.285104+00:00
264494,PREMPAINTS,2025-10-08,10.0,,,10.0,0,2026-04-08T04:32:04.646463+00:00
264613,PREMPAINTS,2025-10-09,10.0,,,10.0,0,2026-04-08T04:32:07.004133+00:00
264732,PREMPAINTS,2025-10-10,10.0,,,10.0,0,2026-04-08T04:32:10.69692+00:00
264851,PREMPAINTS,2025-10-13,10.0,,,10.0,0,2026-04-08T04:32:15.267586+00:00
264970,PREMPAINTS,2025-10-14,10.0,,,10.0,0,2026-04-08T04:32:17.792097+00:00
265089,PREMPAINTS,2025-10-15,10.0,,,10.0,0,2026-04-08T04:32:20.093513+00:00
265208,PREMPAINTS,2025-10-16,10.0,,,10.0,0,2026-04-08T04:32:22.728593+00:00
265327,PREMPAINTS,2025-10-17,10.0,,,10.0,0,2026-04-08T04:32:25.167177+00:00
265446,PREMPAINTS,2025-10-20,10.0,,,10.0,0,2026-04-08T04:32:29.532096+00:00
265565,PREMPAINTS,2025-10-21,10.0,,,10.0,0,2026-04-08T04:32:31.920152+00:00
265684,PREMPAINTS,2025-10-22,10.0,,,10.0,0,2026-04-08T04:32:34.332447+00:00
265803,PREMPAINTS,2025-10-23,10.0,,,10.0,0,2026-04-08T04:32:36.79914+00:00
265922,PREMPAINTS,2025-10-24,10.0,,,10.0,0,2026-04-08T04:32:39.249323+00:00
266041,PREMPAINTS,2025-10-28,10.0,,,10.0,0,2026-04-08T04:32:44.921336+00:00
266160,PREMPAINTS,2025-10-29,10.0,,,10.0,0,2026-04-08T04:32:47.450266+00:00
266279,PREMPAINTS,2025-10-30,10.0,,,10.0,0,2026-04-08T04:32:49.91761+00:00
266398,PREMPAINTS,2025-10-31,10.0,,,10.0,0,2026-04-08T04:32:52.375955+00:00
266517,PREMPAINTS,2025-11-03,10.0,,,10.0,0,2026-04-08T04:32:57.290654+00:00
266636,PREMPAINTS,2025-11-04,10.0,,,10.0,0,2026-04-08T04:32:59.739678+00:00
266755,PREMPAINTS,2025-11-05,10.0,,,10.0,0,2026-04-08T04:33:02.152799+00:00
266874,PREMPAINTS,2025-11-06,10.0,,,10.0,0,2026-04-08T04:33:04.646202+00:00
266993,PREMPAINTS,2025-11-07,10.0,,,10.0,0,2026-04-08T04:33:07.145499+00:00
267112,PREMPAINTS,2025-11-10,10.0,,,10.0,0,2026-04-08T04:33:11.744122+00:00
267231,PREMPAINTS,2025-11-11,10.0,,,10.0,0,2026-04-08T04:33:14.17228+00:00
267350,PREMPAINTS,2025-11-12,10.0,,,10.0,0,2026-04-08T04:33:16.719178+00:00
267469,PREMPAINTS,2025-11-13,10.0,,,10.0,0,2026-04-08T04:33:19.052814+00:00
267588,PREMPAINTS,2025-11-14,10.0,,,10.0,0,2026-04-08T04:33:21.762061+00:00
267707,PREMPAINTS,2025-11-17,10.0,,,10.0,0,2026-04-08T04:33:26.271116+00:00
267826,PREMPAINTS,2025-11-18,10.0,,,10.0,0,2026-04-08T04:33:29.067053+00:00
267945,PREMPAINTS,2025-11-19,10.0,,,10.0,0,2026-04-08T04:33:31.487527+00:00
268064,PREMPAINTS,2025-11-20,10.0,,,10.0,0,2026-04-08T04:33:33.887172+00:00
268183,PREMPAINTS,2025-11-21,10.0,,,10.0,0,2026-04-08T04:33:36.654129+00:00
268302,PREMPAINTS,2025-11-24,10.0,,,10.0,0,2026-04-08T04:33:41.368891+00:00
268421,PREMPAINTS,2025-11-25,10.0,,,10.0,0,2026-04-08T04:33:44.004166+00:00
268540,PREMPAINTS,2025-11-26,10.0,,,10.0,0,2026-04-08T04:33:46.260048+00:00
268659,PREMPAINTS,2025-11-27,10.0,,,10.0,0,2026-04-08T04:33:48.488035+00:00
268778,PREMPAINTS,2025-11-28,10.0,,,10.0,0,2026-04-08T04:33:50.826192+00:00
268897,PREMPAINTS,2025-12-01,10.0,,,10.0,0,2026-04-08T04:33:55.236541+00:00
269016,PREMPAINTS,2025-12-02,10.0,,,10.0,0,2026-04-08T04:33:57.748335+00:00
269135,PREMPAINTS,2025-12-03,10.0,,,10.0,0,2026-04-08T04:34:00.349419+00:00
269254,PREMPAINTS,2025-12-04,10.0,,,10.0,0,2026-04-08T04:34:03.142475+00:00
269373,PREMPAINTS,2025-12-05,10.0,,,10.0,0,2026-04-08T04:34:05.808951+00:00
269492,PREMPAINTS,2025-12-08,10.0,,,10.0,0,2026-04-08T04:34:10.334331+00:00
269611,PREMPAINTS,2025-12-09,10.0,,,10.0,0,2026-04-08T04:34:12.926221+00:00
269730,PREMPAINTS,2025-12-10,10.0,,,10.0,0,2026-04-08T04:34:15.295879+00:00
269849,PREMPAINTS,2025-12-11,10.0,,,10.0,0,2026-04-08T04:34:17.804745+00:00
269968,PREMPAINTS,2025-12-12,10.0,,,10.0,0,2026-04-08T04:34:20.615101+00:00
270087,PREMPAINTS,2025-12-15,10.0,,,10.0,0,2026-04-08T04:34:25.240467+00:00
270206,PREMPAINTS,2025-12-16,10.0,,,10.0,0,2026-04-08T04:34:27.867795+00:00
270325,PREMPAINTS,2025-12-18,10.0,,,10.0,0,2026-04-08T04:34:31.321522+00:00
270444,PREMPAINTS,2025-12-19,10.0,,,10.0,0,2026-04-08T04:34:33.771022+00:00
270563,PREMPAINTS,2025-12-22,10.0,,,10.0,0,2026-04-08T04:34:38.115277+00:00
270682,PREMPAINTS,2025-12-23,10.0,,,10.0,0,2026-04-08T04:34:40.661369+00:00
270801,PREMPAINTS,2025-12-24,10.0,,,10.0,0,2026-04-08T04:34:43.221402+00:00
270920,PREMPAINTS,2025-12-29,10.0,,,10.0,0,2026-04-08T04:34:48.902152+00:00
271039,PREMPAINTS,2025-12-30,10.0,,,10.0,0,2026-04-08T04:34:51.359097+00:00
271158,PREMPAINTS,2025-12-31,10.0,,,10.0,0,2026-04-08T04:34:53.061316+00:00
271277,PREMPAINTS,2026-01-02,10.0,,,10.0,0,2026-04-08T04:34:56.467348+00:00
271396,PREMPAINTS,2026-01-05,10.0,,,10.0,0,2026-04-08T04:35:01.008466+00:00
271515,PREMPAINTS,2026-01-06,10.0,,,10.0,0,2026-04-08T04:35:03.366972+00:00
271634,PREMPAINTS,2026-01-07,10.0,,,10.0,0,2026-04-08T04:35:05.819661+00:00
271753,PREMPAINTS,2026-01-08,10.0,,,10.0,0,2026-04-08T04:35:08.163488+00:00
271872,PREMPAINTS,2026-01-09,10.0,,,10.0,0,2026-04-08T04:35:10.591402+00:00
271991,PREMPAINTS,2026-01-12,10.0,,,10.0,0,2026-04-08T04:35:15.220756+00:00
272110,PREMPAINTS,2026-01-13,10.0,,,10.0,0,2026-04-08T04:35:17.864544+00:00
272229,PREMPAINTS,2026-01-14,10.0,,,10.0,0,2026-04-08T04:35:20.278959+00:00
272348,PREMPAINTS,2026-01-15,10.0,,,10.0,753,2026-04-08T04:35:23.159853+00:00
272467,PREMPAINTS,2026-01-16,10.0,,,10.0,0,2026-04-08T04:35:25.571119+00:00
272586,PREMPAINTS,2026-01-19,10.0,,,10.0,0,2026-04-08T04:35:30.272746+00:00
272705,PREMPAINTS,2026-01-20,10.0,,,10.0,0,2026-04-08T04:35:32.536083+00:00
272825,PREMPAINTS,2026-01-21,10.0,,,10.0,750,2026-04-08T04:35:34.90344+00:00
272945,PREMPAINTS,2026-01-22,10.0,,,10.0,1500,2026-04-08T04:35:36.566163+00:00
273065,PREMPAINTS,2026-01-23,10.0,,,10.0,1500,2026-04-08T04:35:38.92405+00:00
273185,PREMPAINTS,2026-01-26,10.0,,,10.0,1290,2026-04-08T04:35:43.383975+00:00
273305,PREMPAINTS,2026-01-27,10.0,,,10.0,0,2026-04-08T04:35:45.70946+00:00
273425,PREMPAINTS,2026-01-28,10.0,,,10.0,0,2026-04-08T04:35:48.193808+00:00
273545,PREMPAINTS,2026-01-29,10.0,,,10.0,0,2026-04-08T04:35:50.479528+00:00
273665,PREMPAINTS,2026-01-30,10.0,,,10.0,0,2026-04-08T04:35:52.855058+00:00
273785,PREMPAINTS,2026-02-02,11.0,,,11.0,450000,2026-04-08T04:35:57.524813+00:00
273905,PREMPAINTS,2026-02-03,11.0,,,11.0,1000,2026-04-08T04:36:00.137559+00:00
274025,PREMPAINTS,2026-02-04,11.0,,,11.0,1490,2026-04-08T04:36:02.592569+00:00
274145,PREMPAINTS,2026-02-05,11.0,,,11.0,0,2026-04-08T04:36:04.997535+00:00
274265,PREMPAINTS,2026-02-06,11.0,,,11.0,125,2026-04-08T04:36:07.533957+00:00
71,PREMPAINTS,2026-02-08,,,,11.0,125,2026-02-08T00:18:13.946+00:00
274385,PREMPAINTS,2026-02-09,11.0,,,11.0,750,2026-04-08T04:36:12.456447+00:00
274505,PREMPAINTS,2026-02-10,11.0,,,11.0,0,2026-04-08T04:36:14.818506+00:00
274625,PREMPAINTS,2026-02-11,11.0,,,11.0,1000,2026-04-08T04:36:17.460702+00:00
290,PREMPAINTS,2026-02-12,11.0,,,11.0,440,2026-02-12T09:24:06.108527+00:00
274865,PREMPAINTS,2026-02-13,11.0,,,11.0,0,2026-04-08T04:36:22.38356+00:00
274985,PREMPAINTS,2026-02-16,11.0,,,11.0,15000,2026-04-08T04:36:26.879081+00:00
275105,PREMPAINTS,2026-02-17,11.0,,,11.0,0,2026-04-08T04:36:29.440312+00:00
275225,PREMPAINTS,2026-02-18,11.0,,,11.0,3900,2026-04-08T04:36:31.166521+00:00
275345,PREMPAINTS,2026-02-19,11.0,,,11.0,1500,2026-04-08T04:36:33.575564+00:00
596,PREMPAINTS,2026-02-20,11.0,,,11.0,50,2026-02-20T23:15:44.934622+00:00
744,PREMPAINTS,2026-02-23,11.0,,,11.0,2400,2026-02-23T07:00:01.990412+00:00
892,PREMPAINTS,2026-02-24,11.0,,,11.0,75000,2026-02-24T07:00:01.929914+00:00
1040,PREMPAINTS,2026-02-25,11.0,,,11.0,0,2026-02-25T07:00:01.953057+00:00
1188,PREMPAINTS,2026-02-26,11.0,,,11.0,0,2026-02-26T07:00:01.915173+00:00
1876,PREMPAINTS,2026-02-27,11.0,,,11.0,1900,2026-02-27T07:00:02.056517+00:00
2757,PREMPAINTS,2026-02-28,11.0,,,11.0,1900,2026-02-28T18:00:03.453641+00:00
2905,PREMPAINTS,2026-03-01,11.0,,,11.0,1900,2026-03-01T18:00:03.821122+00:00
3053,PREMPAINTS,2026-03-02,11.0,,,11.0,0,2026-03-02T07:00:01.981706+00:00
4017,PREMPAINTS,2026-03-03,11.0,,,11.0,0,2026-03-03T07:00:01.858909+00:00
5454,PREMPAINTS,2026-03-04,12.1,,,12.1,1550000,2026-03-04T07:00:02.010027+00:00
7172,PREMPAINTS,2026-03-05,13.3,,,13.3,100685,2026-03-05T07:00:02.0033+00:00
9688,PREMPAINTS,2026-03-06,14.6,,,14.6,376680,2026-03-06T07:00:02.033178+00:00
11346,PREMPAINTS,2026-03-07,14.6,,,14.6,376680,2026-03-07T18:00:06.285951+00:00
11494,PREMPAINTS,2026-03-08,14.6,,,14.6,376680,2026-03-08T18:00:03.574352+00:00
11642,PREMPAINTS,2026-03-09,16.05,,,16.05,189500,2026-03-09T07:00:02.016534+00:00
14158,PREMPAINTS,2026-03-10,17.65,,,17.65,667103,2026-03-10T07:00:03.966079+00:00
15998,PREMPAINTS,2026-03-11,19.4,,,19.4,1450015,2026-03-11T07:00:02.147117+00:00
17714,PREMPAINTS,2026-03-12,19.4,,,19.4,1820639,2026-03-12T07:00:02.06753+00:00
20230,PREMPAINTS,2026-03-13,19.4,,,19.4,267355,2026-03-13T07:00:01.993197+00:00
23676,PREMPAINTS,2026-03-16,21.3,,,21.3,552951,2026-03-16T08:30:01.80086+00:00
25507,PREMPAINTS,2026-03-17,23.4,,,23.4,791619,2026-03-17T08:30:01.70448+00:00
27370,PREMPAINTS,2026-03-18,23.4,,,23.4,1108552,2026-03-18T08:30:01.732403+00:00
33184,PREMPAINTS,2026-03-23,25.65,,,25.65,1909136,2026-03-23T08:30:01.705825+00:00
34762,PREMPAINTS,2026-03-24,28.2,,,28.2,505897,2026-03-24T15:00:01.978259+00:00
34910,PREMPAINTS,2026-03-25,31.0,,,31.0,1665447,2026-03-25T15:00:01.528164+00:00
35058,PREMPAINTS,2026-03-26,34.1,,,34.1,358669,2026-03-26T15:00:01.955832+00:00
35206,PREMPAINTS,2026-03-27,37.5,,,37.5,623946,2026-03-27T15:00:02.114662+00:00
278225,PREMPAINTS,2026-03-30,37.5,,,37.5,1194748,2026-04-08T04:37:47.74327+00:00
35354,PREMPAINTS,2026-03-31,37.5,,,37.5,333482,2026-03-31T15:00:02.085058+00:00
278465,PREMPAINTS,2026-04-01,37.5,,,37.5,359029,2026-04-08T04:37:52.684906+00:00
35502,PREMPAINTS,2026-04-02,37.5,,,37.5,130220,2026-04-02T15:00:01.864809+00:00
35946,PREMPAINTS,2026-04-07,37.5,,,37.5,225591,2026-04-07T15:00:01.949344+00:00
278843,PREMPAINTS,2026-04-08,37.5,,,37.5,64283,2026-04-08T15:00:01.943007+00:00
278990,PREMPAINTS,2026-04-09,37.5,,,37.5,48559,2026-04-09T15:00:02.085141+00:00
279136,PREMPAINTS,2026-04-10,37.5,,,37.5,162463,2026-04-10T15:00:01.352272+00:00
279282,PREMPAINTS,2026-04-13,37.5,,,37.5,140258,2026-04-13T15:00:02.021173+00:00
279428,PREMPAINTS,2026-04-14,37.5,,,37.5,20523,2026-04-14T15:00:02.477878+00:00
279574,PREMPAINTS,2026-04-15,37.5,,,37.5,38191,2026-04-15T15:00:02.184222+00:00
279720,PREMPAINTS,2026-04-16,37.5,,,37.5,4347,2026-04-16T15:00:02.07143+00:00
279866,PREMPAINTS,2026-04-17,37.5,,,37.5,30826,2026-04-17T15:00:02.06245+00:00
280012,PREMPAINTS,2026-04-20,37.5,,,37.5,11146,2026-04-20T15:00:01.862344+00:00
280158,PREMPAINTS,2026-04-21,37.5,,,37.5,19411,2026-04-21T15:00:02.189846+00:00
280304,PREMPAINTS,2026-04-22,37.5,,,37.5,14979,2026-04-22T15:00:02.200159+00:00
280450,PREMPAINTS,2026-04-23,37.5,,,37.5,137003,2026-04-23T15:00:02.125151+00:00
280596,PREMPAINTS,2026-04-24,37.5,,,37.5,14574,2026-04-24T15:00:02.20649+00:00
280742,PREMPAINTS,2026-04-27,37.5,,,37.5,10845,2026-04-27T15:00:02.034997+00:00
280888,PREMPAINTS,2026-04-28,37.5,,,37.5,53261,2026-04-28T15:00:01.918241+00:00
281034,PREMPAINTS,2026-04-29,37.5,,,37.5,28520,2026-04-29T15:00:02.672724+00:00
281180,PREMPAINTS,2026-04-30,37.5,,,37.5,53619,2026-04-30T15:00:02.170664+00:00
281472,PREMPAINTS,2026-05-04,37.5,,,37.5,34796,2026-05-04T15:00:02.156928+00:00
281618,PREMPAINTS,2026-05-05,37.5,,,37.5,40707,2026-05-05T15:00:01.930748+00:00
281764,PREMPAINTS,2026-05-06,37.5,,,37.5,39675,2026-05-06T15:00:01.919787+00:00
281910,PREMPAINTS,2026-05-07,37.5,,,37.5,14512,2026-05-07T15:00:01.995523+00:00
282056,PREMPAINTS,2026-05-08,37.5,,,37.5,148988,2026-05-08T15:00:02.118161+00:00
282202,PREMPAINTS,2026-05-11,37.5,,,37.5,7990,2026-05-11T15:00:02.243132+00:00
282348,PREMPAINTS,2026-05-12,37.5,,,37.5,43508,2026-05-12T15:00:02.325735+00:00
282494,PREMPAINTS,2026-05-13,37.5,,,37.5,60931,2026-05-13T15:00:01.887561+00:00
282640,PREMPAINTS,2026-05-14,37.5,,,37.5,218858,2026-05-14T15:00:01.952989+00:00
282786,PREMPAINTS,2026-05-15,37.5,,,37.5,39579,2026-05-15T15:00:01.871578+00:00
282932,PREMPAINTS,2026-05-18,37.5,,,37.5,38787,2026-05-18T15:00:01.868607+00:00
283078,PREMPAINTS,2026-05-19,37.5,,,37.5,39723,2026-05-19T15:00:01.863653+00:00
283224,PREMPAINTS,2026-05-20,37.5,,,37.5,102444,2026-05-20T15:00:01.871845+00:00
283370,PREMPAINTS,2026-05-21,37.5,,,37.5,5622,2026-05-21T15:00:01.939198+00:00
283516,PREMPAINTS,2026-05-22,37.5,,,37.5,49142,2026-05-22T15:00:02.031345+00:00
283662,PREMPAINTS,2026-05-25,37.5,,,37.5,16221,2026-05-25T15:00:01.979384+00:00
283808,PREMPAINTS,2026-05-26,37.5,,,37.5,9681,2026-05-26T15:00:01.996051+00:00
284246,PREMPAINTS,2026-05-29,33.75,,,33.75,209451,2026-05-29T15:00:02.455558+00:00
284392,PREMPAINTS,2026-06-01,33.75,,,33.75,77434,2026-06-01T15:00:02.603507+00:00
284538,PREMPAINTS,2026-06-02,33.75,,,33.75,6417,2026-06-02T15:00:02.980523+00:00
284684,PREMPAINTS,2026-06-03,33.75,,,33.75,8741,2026-06-03T15:00:03.023028+00:00
284830,PREMPAINTS,2026-06-04,33.75,,,33.75,86362,2026-06-04T15:00:03.321931+00:00
284976,PREMPAINTS,2026-06-05,33.75,,,33.75,13475,2026-06-05T15:00:03.073061+00:00
285122,PREMPAINTS,2026-06-08,33.75,,,33.75,34091,2026-06-08T15:00:03.135386+00:00
285268,PREMPAINTS,2026-06-09,33.75,,,33.75,7528,2026-06-09T15:00:03.53749+00:00
285414,PREMPAINTS,2026-06-10,33.75,,,33.75,29251,2026-06-10T15:10:03.084397+00:00
285852,PREMPAINTS,2026-06-11,33.75,,,33.75,10812,2026-06-11T15:10:02.991492+00:00
287604,PREMPAINTS,2026-06-15,33.75,,,33.75,5247,2026-06-15T15:10:02.896252+00:00
288480,PREMPAINTS,2026-06-16,33.75,,,33.75,179901,2026-06-16T15:10:02.87997+00:00
289356,PREMPAINTS,2026-06-17,33.75,,,33.75,40911,2026-06-17T15:10:02.980097+00:00
289794,PREMPAINTS,2026-06-18,33.75,,,33.75,29459,2026-06-18T15:10:02.932064+00:00
290378,PREMPAINTS,2026-06-19,33.75,,,33.75,52884,2026-06-19T15:10:02.959085+00:00
291108,PREMPAINTS,2026-06-22,33.75,,,33.75,54522,2026-06-22T15:10:03.140564+00:00
291692,PREMPAINTS,2026-06-23,30.4,,,30.4,205905,2026-06-23T15:10:03.017319+00:00
292276,PREMPAINTS,2026-06-24,30.4,,,30.4,68857,2026-06-24T15:10:03.053149+00:00
292860,PREMPAINTS,2026-06-25,30.4,,,30.4,72758,2026-06-25T15:10:02.973562+00:00
293298,PREMPAINTS,2026-06-26,30.4,,,30.4,2945,2026-06-26T15:10:03.012808+00:00
293736,PREMPAINTS,2026-06-29,30.4,,,30.4,10043,2026-06-29T15:10:03.028054+00:00
294174,PREMPAINTS,2026-06-30,30.4,,,30.4,100576,2026-06-30T15:10:03.08168+00:00
294612,PREMPAINTS,2026-07-01,30.4,,,30.4,6482,2026-07-01T15:10:03.133226+00:00
295050,PREMPAINTS,2026-07-02,30.4,,,30.4,4561,2026-07-02T15:10:03.065554+00:00
295488,PREMPAINTS,2026-07-03,30.4,,,30.4,17605,2026-07-03T15:10:03.019266+00:00
295926,PREMPAINTS,2026-07-06,30.4,,,30.4,140078,2026-07-06T15:10:03.100823+00:00
296364,PREMPAINTS,2026-07-07,30.4,,,30.4,9013,2026-07-07T15:10:03.687653+00:00
296802,PREMPAINTS,2026-07-08,30.4,,,30.4,190904,2026-07-08T15:10:02.922872+00:00
297241,PREMPAINTS,2026-07-09,30.4,,,30.4,3707,2026-07-09T15:10:03.041812+00:00
297679,PREMPAINTS,2026-07-10,30.4,,,30.4,140961,2026-07-10T15:10:03.284445+00:00
298117,PREMPAINTS,2026-07-13,30.4,,,30.4,49362,2026-07-13T15:10:02.995074+00:00
298555,PREMPAINTS,2026-07-14,30.4,,,30.4,12041,2026-07-14T15:10:03.094441+00:00
298993,PREMPAINTS,2026-07-15,30.4,,,30.4,222134,2026-07-15T15:10:03.078609+00:00
299431,PREMPAINTS,2026-07-16,30.4,,,30.4,6990,2026-07-16T15:10:03.113936+00:00
299869,PREMPAINTS,2026-07-17,30.4,,,30.4,5337,2026-07-17T15:10:03.053983+00:00
