id,symbol,trade_date,open_price,high_price,low_price,close_price,volume,created_at
42785,SCOA,2017-01-03,3.77,,,3.77,0,2026-04-08T02:41:25.765521+00:00
43345,SCOA,2017-01-04,3.77,,,3.77,0,2026-04-08T02:42:20.164398+00:00
43455,SCOA,2017-01-05,3.77,,,3.77,0,2026-04-08T02:42:22.380516+00:00
43565,SCOA,2017-01-06,3.77,,,3.77,0,2026-04-08T02:42:23.84796+00:00
43655,SCOA,2017-01-09,3.77,,,3.77,0,2026-04-08T02:42:26.938159+00:00
43765,SCOA,2017-01-10,3.77,,,3.77,3250,2026-04-08T02:42:29.227202+00:00
43875,SCOA,2017-01-11,3.77,,,3.77,0,2026-04-08T02:42:30.799441+00:00
43965,SCOA,2017-01-12,3.77,,,3.77,0,2026-04-08T02:42:32.390658+00:00
44075,SCOA,2017-01-13,3.77,,,3.77,0,2026-04-08T02:42:34.853543+00:00
44185,SCOA,2017-01-16,3.77,,,3.77,607,2026-04-08T02:42:38.72803+00:00
44295,SCOA,2017-01-17,3.77,,,3.77,0,2026-04-08T02:42:41.056228+00:00
44405,SCOA,2017-01-18,3.77,,,3.77,0,2026-04-08T02:42:42.795307+00:00
44495,SCOA,2017-01-19,3.77,,,3.77,308,2026-04-08T02:42:44.39781+00:00
44605,SCOA,2017-01-20,3.77,,,3.77,100,2026-04-08T02:42:46.643743+00:00
44715,SCOA,2017-01-23,3.77,,,3.77,0,2026-04-08T02:42:49.827664+00:00
44825,SCOA,2017-01-24,3.77,,,3.77,0,2026-04-08T02:42:51.574002+00:00
44915,SCOA,2017-01-25,3.77,,,3.77,1200,2026-04-08T02:42:54.05787+00:00
45025,SCOA,2017-01-26,3.77,,,3.77,0,2026-04-08T02:42:55.759+00:00
45135,SCOA,2017-01-27,3.77,,,3.77,0,2026-04-08T02:42:57.462271+00:00
45245,SCOA,2017-01-30,3.77,,,3.77,0,2026-04-08T02:43:00.905282+00:00
45355,SCOA,2017-01-31,3.77,,,3.77,0,2026-04-08T02:43:03.07753+00:00
45465,SCOA,2017-02-01,3.77,,,3.77,0,2026-04-08T02:43:04.619173+00:00
45555,SCOA,2017-02-02,3.77,,,3.77,0,2026-04-08T02:43:06.209007+00:00
45665,SCOA,2017-02-03,3.77,,,3.77,0,2026-04-08T02:43:08.490666+00:00
45775,SCOA,2017-02-06,3.77,,,3.77,0,2026-04-08T02:43:11.037852+00:00
45885,SCOA,2017-02-07,3.77,,,3.77,0,2026-04-08T02:43:12.662822+00:00
45975,SCOA,2017-02-08,3.77,,,3.77,0,2026-04-08T02:43:14.224877+00:00
46085,SCOA,2017-02-09,3.77,,,3.77,4488,2026-04-08T02:43:16.408746+00:00
46196,SCOA,2017-02-10,3.77,,,3.77,0,2026-04-08T02:43:18.597686+00:00
46288,SCOA,2017-02-13,3.77,,,3.77,20,2026-04-08T02:43:22.775561+00:00
46400,SCOA,2017-02-14,3.77,,,3.77,0,2026-04-08T02:43:24.286485+00:00
46512,SCOA,2017-02-15,3.77,,,3.77,10000,2026-04-08T02:43:26.422065+00:00
46624,SCOA,2017-02-16,3.77,,,3.77,38413,2026-04-08T02:43:28.597754+00:00
46716,SCOA,2017-02-17,3.77,,,3.77,100,2026-04-08T02:43:31.044717+00:00
49384,SCOA,2017-02-20,3.77,,,3.77,50,2026-04-08T02:51:00.639833+00:00
49476,SCOA,2017-02-21,3.77,,,3.77,0,2026-04-08T02:51:03.098475+00:00
46808,SCOA,2017-02-22,3.77,,,3.77,0,2026-04-08T02:44:33.152084+00:00
46900,SCOA,2017-02-23,3.77,,,3.77,0,2026-04-08T02:44:35.448225+00:00
46992,SCOA,2017-02-24,3.77,,,3.77,5000,2026-04-08T02:44:37.781529+00:00
47084,SCOA,2017-02-27,3.77,,,3.77,0,2026-04-08T02:44:42.101817+00:00
47176,SCOA,2017-02-28,3.77,,,3.77,0,2026-04-08T02:44:45.006295+00:00
47268,SCOA,2017-03-01,3.77,,,3.77,0,2026-04-08T02:44:47.332471+00:00
47360,SCOA,2017-03-02,3.77,,,3.77,0,2026-04-08T02:44:49.657807+00:00
47452,SCOA,2017-03-03,3.77,,,3.77,0,2026-04-08T02:44:51.301699+00:00
47544,SCOA,2017-03-06,3.77,,,3.77,1842,2026-04-08T02:44:56.024588+00:00
47636,SCOA,2017-03-07,3.77,,,3.77,300,2026-04-08T02:44:58.263872+00:00
47728,SCOA,2017-03-08,3.77,,,3.77,0,2026-04-08T02:44:59.957789+00:00
47820,SCOA,2017-03-09,3.77,,,3.77,47541,2026-04-08T02:45:01.661944+00:00
47912,SCOA,2017-03-10,3.77,,,3.77,5497,2026-04-08T02:45:03.96312+00:00
48004,SCOA,2017-03-13,3.77,,,3.77,780,2026-04-08T02:45:08.663664+00:00
48096,SCOA,2017-03-14,3.77,,,3.77,0,2026-04-08T02:45:11.088473+00:00
48188,SCOA,2017-03-15,3.77,,,3.77,1250,2026-04-08T02:45:12.861206+00:00
48280,SCOA,2017-03-16,3.77,,,3.77,0,2026-04-08T02:45:15.084197+00:00
48372,SCOA,2017-03-17,3.77,,,3.77,467,2026-04-08T02:45:17.543831+00:00
48464,SCOA,2017-03-20,3.77,,,3.77,93,2026-04-08T02:45:21.873889+00:00
48556,SCOA,2017-03-21,3.77,,,3.77,0,2026-04-08T02:45:25.078347+00:00
48648,SCOA,2017-03-22,3.77,,,3.77,0,2026-04-08T02:45:26.626215+00:00
48740,SCOA,2017-03-23,3.77,,,3.77,0,2026-04-08T02:45:28.377346+00:00
48832,SCOA,2017-03-24,3.77,,,3.77,0,2026-04-08T02:45:30.775015+00:00
48924,SCOA,2017-03-27,3.77,,,3.77,1972,2026-04-08T02:45:34.704999+00:00
49016,SCOA,2017-03-28,3.77,,,3.77,0,2026-04-08T02:45:36.347457+00:00
49108,SCOA,2017-03-29,3.77,,,3.77,1250,2026-04-08T02:45:38.731306+00:00
49200,SCOA,2017-03-30,3.77,,,3.77,0,2026-04-08T02:45:40.513553+00:00
49292,SCOA,2017-03-31,3.77,,,3.77,625,2026-04-08T02:45:42.281198+00:00
49568,SCOA,2017-04-03,3.77,,,3.77,0,2026-04-08T02:51:07.481095+00:00
49660,SCOA,2017-04-04,3.77,,,3.77,10250,2026-04-08T02:51:09.86923+00:00
49752,SCOA,2017-04-05,3.77,,,3.77,1746,2026-04-08T02:51:12.308135+00:00
49844,SCOA,2017-04-06,3.77,,,3.77,500,2026-04-08T02:51:14.846493+00:00
49936,SCOA,2017-04-07,3.77,,,3.77,250,2026-04-08T02:51:17.320635+00:00
50028,SCOA,2017-04-10,3.77,,,3.77,560,2026-04-08T02:51:21.583607+00:00
50119,SCOA,2017-04-11,3.77,,,3.77,746,2026-04-08T02:51:23.796131+00:00
50210,SCOA,2017-04-12,3.77,,,3.77,0,2026-04-08T02:51:26.28287+00:00
50301,SCOA,2017-04-13,3.77,,,3.77,0,2026-04-08T02:51:28.606475+00:00
50392,SCOA,2017-04-18,3.77,,,3.77,0,2026-04-08T02:51:35.070654+00:00
50483,SCOA,2017-04-19,3.77,,,3.77,1000,2026-04-08T02:51:37.390681+00:00
50574,SCOA,2017-04-20,3.77,,,3.77,6250,2026-04-08T02:51:39.751187+00:00
50665,SCOA,2017-04-21,3.77,,,3.77,2195,2026-04-08T02:51:42.059234+00:00
50756,SCOA,2017-04-24,3.77,,,3.77,0,2026-04-08T02:51:46.271638+00:00
50847,SCOA,2017-04-25,3.77,,,3.77,0,2026-04-08T02:51:48.506234+00:00
50938,SCOA,2017-04-26,3.77,,,3.77,0,2026-04-08T02:51:50.787758+00:00
51029,SCOA,2017-04-27,3.77,,,3.77,0,2026-04-08T02:51:53.168104+00:00
51120,SCOA,2017-04-28,3.77,,,3.77,500,2026-04-08T02:51:55.619599+00:00
51211,SCOA,2017-05-02,3.77,,,3.77,30,2026-04-08T02:52:01.291461+00:00
51302,SCOA,2017-05-03,3.77,,,3.77,5,2026-04-08T02:52:03.619408+00:00
51393,SCOA,2017-05-04,3.77,,,3.77,0,2026-04-08T02:52:06.041901+00:00
51484,SCOA,2017-05-05,3.77,,,3.77,0,2026-04-08T02:52:08.320033+00:00
51575,SCOA,2017-05-08,3.77,,,3.77,0,2026-04-08T02:52:12.828428+00:00
51666,SCOA,2017-05-09,3.77,,,3.77,0,2026-04-08T02:52:15.102333+00:00
51757,SCOA,2017-05-10,3.77,,,3.77,10000,2026-04-08T02:52:17.709352+00:00
51848,SCOA,2017-05-11,3.77,,,3.77,0,2026-04-08T02:52:19.900179+00:00
51939,SCOA,2017-05-12,3.77,,,3.77,0,2026-04-08T02:52:22.170941+00:00
52030,SCOA,2017-05-15,3.77,,,3.77,0,2026-04-08T02:52:26.563035+00:00
52122,SCOA,2017-05-16,3.77,,,3.77,0,2026-04-08T02:52:28.807233+00:00
52214,SCOA,2017-05-17,3.77,,,3.77,0,2026-04-08T02:52:31.099411+00:00
52306,SCOA,2017-05-18,3.77,,,3.77,6000,2026-04-08T02:52:33.303088+00:00
52398,SCOA,2017-05-19,3.77,,,3.77,0,2026-04-08T02:52:35.640534+00:00
52490,SCOA,2017-05-22,3.77,,,3.77,107,2026-04-08T02:52:39.854932+00:00
52582,SCOA,2017-05-23,3.77,,,3.77,0,2026-04-08T02:52:42.264162+00:00
52674,SCOA,2017-05-24,3.77,,,3.77,0,2026-04-08T02:52:44.613941+00:00
52766,SCOA,2017-05-25,3.77,,,3.77,0,2026-04-08T02:52:46.963191+00:00
52858,SCOA,2017-05-26,3.77,,,3.77,0,2026-04-08T02:52:49.347152+00:00
52950,SCOA,2017-05-30,3.77,,,3.77,0,2026-04-08T02:52:54.942696+00:00
53042,SCOA,2017-05-31,3.77,,,3.77,0,2026-04-08T02:52:57.421655+00:00
53134,SCOA,2017-06-01,3.77,,,3.77,480,2026-04-08T02:52:59.649981+00:00
53226,SCOA,2017-06-02,3.77,,,3.77,0,2026-04-08T02:53:02.056444+00:00
53318,SCOA,2017-06-05,3.77,,,3.77,0,2026-04-08T02:53:06.428901+00:00
53410,SCOA,2017-06-06,3.77,,,3.77,1440,2026-04-08T02:53:08.604609+00:00
53502,SCOA,2017-06-07,3.77,,,3.77,1000,2026-04-08T02:53:10.833265+00:00
53594,SCOA,2017-06-08,3.77,,,3.77,2358,2026-04-08T02:53:13.196386+00:00
53686,SCOA,2017-06-09,3.77,,,3.77,0,2026-04-08T02:53:15.53674+00:00
53778,SCOA,2017-06-12,3.77,,,3.77,0,2026-04-08T02:53:19.709801+00:00
53870,SCOA,2017-06-13,3.77,,,3.77,0,2026-04-08T02:53:22.046011+00:00
53962,SCOA,2017-06-14,3.77,,,3.77,0,2026-04-08T02:53:24.253383+00:00
54054,SCOA,2017-06-15,3.77,,,3.77,0,2026-04-08T02:53:26.527181+00:00
54146,SCOA,2017-06-16,3.77,,,3.77,0,2026-04-08T02:53:28.80273+00:00
54238,SCOA,2017-06-19,3.77,,,3.77,0,2026-04-08T02:53:33.036647+00:00
54330,SCOA,2017-06-20,3.77,,,3.77,0,2026-04-08T02:53:35.524675+00:00
54422,SCOA,2017-06-21,3.77,,,3.77,4252,2026-04-08T02:53:37.865913+00:00
54514,SCOA,2017-06-22,3.77,,,3.77,432,2026-04-08T02:53:40.094955+00:00
54606,SCOA,2017-06-23,3.77,,,3.77,500,2026-04-08T02:53:42.493578+00:00
54698,SCOA,2017-06-28,3.77,,,3.77,0,2026-04-08T02:53:49.135881+00:00
54790,SCOA,2017-06-29,3.77,,,3.77,0,2026-04-08T02:53:51.51214+00:00
54882,SCOA,2017-06-30,3.77,,,3.77,0,2026-04-08T02:53:53.827964+00:00
54974,SCOA,2017-07-03,3.77,,,3.77,1100,2026-04-08T02:53:58.279599+00:00
55066,SCOA,2017-07-04,3.77,,,3.77,1077,2026-04-08T02:54:00.563227+00:00
55158,SCOA,2017-07-05,3.77,,,3.77,0,2026-04-08T02:54:02.831513+00:00
55250,SCOA,2017-07-06,3.77,,,3.77,0,2026-04-08T02:54:05.078114+00:00
55342,SCOA,2017-07-07,3.77,,,3.77,0,2026-04-08T02:54:07.286065+00:00
55434,SCOA,2017-07-10,3.77,,,3.77,0,2026-04-08T02:54:11.798817+00:00
55526,SCOA,2017-07-11,3.77,,,3.77,0,2026-04-08T02:54:14.116532+00:00
55618,SCOA,2017-07-12,3.77,,,3.77,0,2026-04-08T02:54:16.498015+00:00
55705,SCOA,2017-07-13,3.77,,,3.77,0,2026-04-08T02:54:18.840036+00:00
55792,SCOA,2017-07-14,3.77,,,3.77,0,2026-04-08T02:54:21.336813+00:00
55884,SCOA,2017-07-17,3.77,,,3.77,196,2026-04-08T02:54:25.561903+00:00
55976,SCOA,2017-07-18,3.77,,,3.77,298,2026-04-08T02:54:28.120242+00:00
56068,SCOA,2017-07-19,3.77,,,3.77,0,2026-04-08T02:54:30.645734+00:00
56160,SCOA,2017-07-20,3.77,,,3.77,0,2026-04-08T02:54:33.025266+00:00
56252,SCOA,2017-07-21,3.77,,,3.77,0,2026-04-08T02:54:35.480817+00:00
56344,SCOA,2017-07-24,3.77,,,3.77,0,2026-04-08T02:54:39.934321+00:00
56436,SCOA,2017-07-26,3.59,,,3.59,200658,2026-04-08T02:54:43.20598+00:00
56528,SCOA,2017-07-27,3.59,,,3.59,0,2026-04-08T02:54:45.547579+00:00
56620,SCOA,2017-07-28,3.59,,,3.59,0,2026-04-08T02:54:47.918804+00:00
56712,SCOA,2017-07-31,3.59,,,3.59,0,2026-04-08T02:54:52.464984+00:00
56804,SCOA,2017-08-01,3.59,,,3.59,2000,2026-04-08T02:54:54.790805+00:00
56896,SCOA,2017-08-02,3.59,,,3.59,100,2026-04-08T02:54:57.117603+00:00
56988,SCOA,2017-08-03,3.59,,,3.59,0,2026-04-08T02:54:59.3729+00:00
57080,SCOA,2017-08-04,3.59,,,3.59,0,2026-04-08T02:55:01.592641+00:00
57172,SCOA,2017-08-07,3.59,,,3.59,308,2026-04-08T02:55:06.418828+00:00
57264,SCOA,2017-08-08,3.59,,,3.59,746,2026-04-08T02:55:08.763983+00:00
57356,SCOA,2017-08-09,3.59,,,3.59,0,2026-04-08T02:55:11.057796+00:00
57448,SCOA,2017-08-10,3.59,,,3.59,0,2026-04-08T02:55:13.401484+00:00
57540,SCOA,2017-08-11,3.59,,,3.59,0,2026-04-08T02:55:15.670877+00:00
57632,SCOA,2017-08-14,3.59,,,3.59,325,2026-04-08T02:55:20.026285+00:00
57724,SCOA,2017-08-15,3.59,,,3.59,0,2026-04-08T02:55:22.633816+00:00
57816,SCOA,2017-08-16,3.59,,,3.59,0,2026-04-08T02:55:24.979188+00:00
57908,SCOA,2017-08-17,3.59,,,3.59,0,2026-04-08T02:55:27.3994+00:00
58000,SCOA,2017-08-18,3.59,,,3.59,46496,2026-04-08T02:55:29.67842+00:00
58092,SCOA,2017-08-21,3.42,,,3.42,581310,2026-04-08T02:55:34.023067+00:00
58184,SCOA,2017-08-22,3.42,,,3.42,0,2026-04-08T02:55:36.334754+00:00
58276,SCOA,2017-08-23,3.42,,,3.42,0,2026-04-08T02:55:38.717606+00:00
58368,SCOA,2017-08-24,3.42,,,3.42,20,2026-04-08T02:55:41.242089+00:00
58460,SCOA,2017-08-25,3.42,,,3.42,0,2026-04-08T02:55:43.579232+00:00
58552,SCOA,2017-08-28,3.42,,,3.42,0,2026-04-08T02:55:48.020598+00:00
58644,SCOA,2017-08-29,3.42,,,3.42,0,2026-04-08T02:55:50.281022+00:00
58736,SCOA,2017-08-30,3.42,,,3.42,44,2026-04-08T02:55:52.499005+00:00
58828,SCOA,2017-08-31,3.25,,,3.25,65308,2026-04-08T02:55:54.947048+00:00
58920,SCOA,2017-09-05,3.25,,,3.25,775,2026-04-08T02:56:01.572419+00:00
59012,SCOA,2017-09-06,3.25,,,3.25,555,2026-04-08T02:56:03.885356+00:00
59104,SCOA,2017-09-07,3.25,,,3.25,0,2026-04-08T02:56:06.19045+00:00
59196,SCOA,2017-09-11,3.25,,,3.25,0,2026-04-08T02:56:11.370569+00:00
59288,SCOA,2017-09-12,3.25,,,3.25,0,2026-04-08T02:56:13.892416+00:00
59380,SCOA,2017-09-13,3.25,,,3.25,0,2026-04-08T02:56:16.312215+00:00
59472,SCOA,2017-09-14,3.25,,,3.25,0,2026-04-08T02:56:18.601168+00:00
59564,SCOA,2017-09-15,3.25,,,3.25,0,2026-04-08T02:56:20.93666+00:00
59656,SCOA,2017-09-16,3.25,,,3.25,100,2026-04-08T02:56:23.148937+00:00
59748,SCOA,2017-09-19,3.25,,,3.25,0,2026-04-08T02:56:27.358465+00:00
59840,SCOA,2017-09-20,3.25,,,3.25,0,2026-04-08T02:56:29.683375+00:00
59932,SCOA,2017-09-21,3.25,,,3.25,559,2026-04-08T02:56:31.851594+00:00
60024,SCOA,2017-09-22,3.25,,,3.25,0,2026-04-08T02:56:34.007646+00:00
60116,SCOA,2017-09-25,3.25,,,3.25,0,2026-04-08T02:56:38.385386+00:00
60208,SCOA,2017-09-26,3.25,,,3.25,0,2026-04-08T02:56:40.657356+00:00
60300,SCOA,2017-09-27,3.25,,,3.25,0,2026-04-08T02:56:42.968732+00:00
60392,SCOA,2017-09-28,3.25,,,3.25,0,2026-04-08T02:56:45.128996+00:00
60484,SCOA,2017-09-29,3.25,,,3.25,0,2026-04-08T02:56:47.398677+00:00
60576,SCOA,2017-10-03,3.25,,,3.25,0,2026-04-08T02:56:52.779733+00:00
60668,SCOA,2017-10-04,3.25,,,3.25,0,2026-04-08T02:56:55.065177+00:00
60760,SCOA,2017-10-05,3.25,,,3.25,430,2026-04-08T02:56:57.377802+00:00
60852,SCOA,2017-10-06,3.25,,,3.25,3452,2026-04-08T02:56:59.661092+00:00
60944,SCOA,2017-10-09,3.25,,,3.25,250,2026-04-08T02:57:04.043492+00:00
61036,SCOA,2017-10-10,3.25,,,3.25,0,2026-04-08T02:57:06.326055+00:00
61128,SCOA,2017-10-11,3.25,,,3.25,0,2026-04-08T02:57:08.620281+00:00
61220,SCOA,2017-10-12,3.25,,,3.25,0,2026-04-08T02:57:10.950839+00:00
61312,SCOA,2017-10-13,3.25,,,3.25,0,2026-04-08T02:57:13.525709+00:00
61404,SCOA,2017-10-16,3.25,,,3.25,0,2026-04-08T02:57:17.895676+00:00
61496,SCOA,2017-10-17,3.25,,,3.25,0,2026-04-08T02:57:20.31307+00:00
61588,SCOA,2017-10-18,3.25,,,3.25,335,2026-04-08T02:57:22.526226+00:00
61680,SCOA,2017-10-19,3.25,,,3.25,0,2026-04-08T02:57:24.865827+00:00
61772,SCOA,2017-10-20,3.25,,,3.25,0,2026-04-08T02:57:27.091081+00:00
61864,SCOA,2017-10-23,3.25,,,3.25,540,2026-04-08T02:57:31.703062+00:00
61956,SCOA,2017-10-24,3.25,,,3.25,85,2026-04-08T02:57:34.020008+00:00
62048,SCOA,2017-10-25,3.25,,,3.25,50,2026-04-08T02:57:36.254878+00:00
62140,SCOA,2017-10-26,3.25,,,3.25,0,2026-04-08T02:57:38.639324+00:00
62232,SCOA,2017-10-27,3.25,,,3.25,0,2026-04-08T02:57:40.810349+00:00
62324,SCOA,2017-10-30,3.25,,,3.25,0,2026-04-08T02:57:45.233404+00:00
62416,SCOA,2017-10-31,3.25,,,3.25,0,2026-04-08T02:57:47.538171+00:00
62508,SCOA,2017-11-01,3.25,,,3.25,0,2026-04-08T02:57:49.900698+00:00
62600,SCOA,2017-11-02,3.25,,,3.25,200,2026-04-08T02:57:52.192143+00:00
62692,SCOA,2017-11-03,3.25,,,3.25,112,2026-04-08T02:57:54.512232+00:00
62784,SCOA,2017-11-06,3.25,,,3.25,250,2026-04-08T02:57:59.23147+00:00
62876,SCOA,2017-11-07,3.25,,,3.25,0,2026-04-08T02:58:01.524363+00:00
62968,SCOA,2017-11-08,3.25,,,3.25,50,2026-04-08T02:58:03.79912+00:00
63060,SCOA,2017-11-09,3.25,,,3.25,240,2026-04-08T02:58:06.050925+00:00
63152,SCOA,2017-11-10,3.25,,,3.25,0,2026-04-08T02:58:08.423322+00:00
63244,SCOA,2017-11-13,3.25,,,3.25,1000,2026-04-08T02:58:12.832851+00:00
63336,SCOA,2017-11-14,3.25,,,3.25,1500,2026-04-08T02:58:15.182817+00:00
63428,SCOA,2017-11-15,3.25,,,3.25,865,2026-04-08T02:58:17.483941+00:00
63520,SCOA,2017-11-16,3.25,,,3.25,2100,2026-04-08T02:58:19.932158+00:00
63612,SCOA,2017-11-17,3.25,,,3.25,0,2026-04-08T02:58:22.230505+00:00
63704,SCOA,2017-11-20,3.25,,,3.25,0,2026-04-08T02:58:26.609741+00:00
63796,SCOA,2017-11-21,3.25,,,3.25,0,2026-04-08T02:58:29.044371+00:00
63888,SCOA,2017-11-22,3.25,,,3.25,0,2026-04-08T02:58:31.282092+00:00
63980,SCOA,2017-11-23,3.25,,,3.25,0,2026-04-08T02:58:33.589475+00:00
64072,SCOA,2017-11-24,3.25,,,3.25,0,2026-04-08T02:58:35.965247+00:00
64164,SCOA,2017-11-27,3.25,,,3.25,750,2026-04-08T02:58:40.303262+00:00
64256,SCOA,2017-11-28,3.25,,,3.25,125,2026-04-08T02:58:42.596324+00:00
64348,SCOA,2017-11-29,3.25,,,3.25,45,2026-04-08T02:58:44.979081+00:00
64440,SCOA,2017-11-30,3.25,,,3.25,300,2026-04-08T02:58:47.226359+00:00
64532,SCOA,2017-12-04,3.25,,,3.25,0,2026-04-08T02:58:52.54699+00:00
64624,SCOA,2017-12-05,3.25,,,3.25,0,2026-04-08T02:58:54.773083+00:00
64716,SCOA,2017-12-06,3.25,,,3.25,300,2026-04-08T02:58:57.263783+00:00
64808,SCOA,2017-12-07,3.25,,,3.25,0,2026-04-08T02:58:59.55462+00:00
64900,SCOA,2017-12-08,3.25,,,3.25,0,2026-04-08T02:59:01.865905+00:00
64992,SCOA,2017-12-11,3.25,,,3.25,0,2026-04-08T02:59:06.715792+00:00
65084,SCOA,2017-12-12,3.25,,,3.25,0,2026-04-08T02:59:09.170602+00:00
65176,SCOA,2017-12-13,3.25,,,3.25,0,2026-04-08T02:59:11.522814+00:00
65268,SCOA,2017-12-14,3.25,,,3.25,0,2026-04-08T02:59:13.751616+00:00
65360,SCOA,2017-12-15,3.25,,,3.25,0,2026-04-08T02:59:16.016878+00:00
65452,SCOA,2017-12-18,3.25,,,3.25,97,2026-04-08T02:59:20.496704+00:00
65544,SCOA,2017-12-19,3.25,,,3.25,0,2026-04-08T02:59:22.691103+00:00
65636,SCOA,2017-12-20,3.25,,,3.25,141,2026-04-08T02:59:25.001427+00:00
65728,SCOA,2017-12-21,3.25,,,3.25,0,2026-04-08T02:59:27.554405+00:00
65820,SCOA,2017-12-22,3.25,,,3.25,540,2026-04-08T02:59:29.82771+00:00
65912,SCOA,2017-12-27,3.25,,,3.25,0,2026-04-08T02:59:36.63878+00:00
66004,SCOA,2017-12-28,3.25,,,3.25,0,2026-04-08T02:59:39.04539+00:00
66096,SCOA,2017-12-29,3.25,,,3.25,0,2026-04-08T02:59:41.445401+00:00
66188,SCOA,2018-01-02,3.25,,,3.25,0,2026-04-08T02:59:46.944851+00:00
66280,SCOA,2018-01-03,3.25,,,3.25,500,2026-04-08T02:59:49.25236+00:00
66372,SCOA,2018-01-04,3.25,,,3.25,30112,2026-04-08T02:59:51.440942+00:00
66464,SCOA,2018-01-05,3.25,,,3.25,20000,2026-04-08T02:59:53.632679+00:00
66556,SCOA,2018-01-08,3.25,,,3.25,1,2026-04-08T02:59:58.187375+00:00
66648,SCOA,2018-01-09,3.25,,,3.25,0,2026-04-08T03:00:00.526076+00:00
66740,SCOA,2018-01-10,3.25,,,3.25,5010,2026-04-08T03:00:02.789006+00:00
66832,SCOA,2018-01-11,3.25,,,3.25,0,2026-04-08T03:00:05.007224+00:00
66924,SCOA,2018-01-12,3.25,,,3.25,0,2026-04-08T03:00:07.437621+00:00
67016,SCOA,2018-01-15,3.25,,,3.25,0,2026-04-08T03:00:11.967979+00:00
67108,SCOA,2018-01-16,3.25,,,3.25,0,2026-04-08T03:00:14.274869+00:00
67200,SCOA,2018-01-17,3.25,,,3.25,250,2026-04-08T03:00:16.592861+00:00
67292,SCOA,2018-01-18,3.25,,,3.25,0,2026-04-08T03:00:18.874572+00:00
67384,SCOA,2018-01-19,3.25,,,3.25,0,2026-04-08T03:00:21.223293+00:00
67476,SCOA,2018-01-22,3.25,,,3.25,0,2026-04-08T03:00:25.613479+00:00
67568,SCOA,2018-01-23,3.25,,,3.25,0,2026-04-08T03:00:27.792672+00:00
67660,SCOA,2018-01-24,3.25,,,3.25,0,2026-04-08T03:00:29.955701+00:00
67752,SCOA,2018-01-25,3.25,,,3.25,1244,2026-04-08T03:00:32.149736+00:00
67844,SCOA,2018-01-26,3.25,,,3.25,0,2026-04-08T03:00:34.314441+00:00
67936,SCOA,2018-01-30,3.25,,,3.25,0,2026-04-08T03:00:39.498781+00:00
68028,SCOA,2018-01-31,3.25,,,3.25,1000,2026-04-08T03:00:41.874276+00:00
68120,SCOA,2018-02-01,3.25,,,3.25,2500,2026-04-08T03:00:44.260901+00:00
68212,SCOA,2018-02-02,3.25,,,3.25,0,2026-04-08T03:00:46.552556+00:00
68304,SCOA,2018-02-05,3.25,,,3.25,0,2026-04-08T03:00:50.820837+00:00
68396,SCOA,2018-02-06,3.25,,,3.25,1192,2026-04-08T03:00:53.862975+00:00
68488,SCOA,2018-02-07,3.25,,,3.25,5569,2026-04-08T03:00:56.249659+00:00
68580,SCOA,2018-02-08,3.25,,,3.25,0,2026-04-08T03:00:58.532515+00:00
68672,SCOA,2018-02-12,3.25,,,3.25,0,2026-04-08T03:01:04.382325+00:00
68764,SCOA,2018-02-13,3.25,,,3.25,0,2026-04-08T03:01:06.5746+00:00
68856,SCOA,2018-02-14,3.25,,,3.25,0,2026-04-08T03:01:08.960618+00:00
68948,SCOA,2018-02-15,3.25,,,3.25,9269,2026-04-08T03:01:11.158693+00:00
69040,SCOA,2018-02-16,3.25,,,3.25,5000,2026-04-08T03:01:13.607551+00:00
69132,SCOA,2018-02-19,3.25,,,3.25,0,2026-04-08T03:01:18.187191+00:00
69224,SCOA,2018-02-20,3.25,,,3.25,0,2026-04-08T03:01:20.554931+00:00
69316,SCOA,2018-02-22,3.25,,,3.25,2568,2026-04-08T03:01:23.957413+00:00
69408,SCOA,2018-02-26,3.25,,,3.25,0,2026-04-08T03:01:29.317338+00:00
69500,SCOA,2018-02-27,3.25,,,3.25,1250,2026-04-08T03:01:31.58282+00:00
69592,SCOA,2018-02-28,3.25,,,3.25,0,2026-04-08T03:01:33.916623+00:00
69684,SCOA,2018-03-01,3.25,,,3.25,1000,2026-04-08T03:01:36.321302+00:00
69776,SCOA,2018-03-02,3.25,,,3.25,0,2026-04-08T03:01:38.625174+00:00
69868,SCOA,2018-03-05,3.25,,,3.25,137,2026-04-08T03:01:43.47208+00:00
69960,SCOA,2018-03-06,3.25,,,3.25,0,2026-04-08T03:01:45.677681+00:00
70052,SCOA,2018-03-08,3.25,,,3.25,228,2026-04-08T03:01:48.923554+00:00
70144,SCOA,2018-03-09,3.25,,,3.25,100,2026-04-08T03:01:51.131195+00:00
70236,SCOA,2018-03-12,3.25,,,3.25,582,2026-04-08T03:01:55.382529+00:00
70328,SCOA,2018-03-13,3.25,,,3.25,3500,2026-04-08T03:01:57.721961+00:00
70420,SCOA,2018-03-14,3.25,,,3.25,2531,2026-04-08T03:02:00.06799+00:00
70512,SCOA,2018-03-15,3.25,,,3.25,0,2026-04-08T03:02:02.587626+00:00
70604,SCOA,2018-03-16,3.25,,,3.25,0,2026-04-08T03:02:05.049003+00:00
70696,SCOA,2018-03-19,3.25,,,3.25,1000,2026-04-08T03:02:09.713694+00:00
70788,SCOA,2018-03-20,3.25,,,3.25,0,2026-04-08T03:02:12.039098+00:00
70880,SCOA,2018-03-21,3.25,,,3.25,50,2026-04-08T03:02:14.26344+00:00
70972,SCOA,2018-03-22,3.25,,,3.25,1169,2026-04-08T03:02:16.655807+00:00
71064,SCOA,2018-03-23,3.25,,,3.25,0,2026-04-08T03:02:19.005936+00:00
71156,SCOA,2018-03-26,3.25,,,3.25,0,2026-04-08T03:02:23.356301+00:00
71248,SCOA,2018-03-27,3.25,,,3.25,0,2026-04-08T03:02:25.602463+00:00
71340,SCOA,2018-03-28,3.25,,,3.25,0,2026-04-08T03:02:28.271075+00:00
71432,SCOA,2018-03-29,3.25,,,3.25,0,2026-04-08T03:02:31.326472+00:00
71524,SCOA,2018-04-03,3.25,,,3.25,0,2026-04-08T03:02:37.862294+00:00
71616,SCOA,2018-04-04,3.25,,,3.25,0,2026-04-08T03:02:40.086392+00:00
71708,SCOA,2018-04-05,3.25,,,3.25,0,2026-04-08T03:02:42.518452+00:00
71800,SCOA,2018-04-09,3.25,,,3.25,0,2026-04-08T03:02:48.00481+00:00
71892,SCOA,2018-04-10,3.25,,,3.25,0,2026-04-08T03:02:50.293549+00:00
71984,SCOA,2018-04-11,3.25,,,3.25,100,2026-04-08T03:02:52.723357+00:00
72076,SCOA,2018-04-12,3.25,,,3.25,0,2026-04-08T03:02:54.976434+00:00
72168,SCOA,2018-04-13,3.25,,,3.25,0,2026-04-08T03:02:57.419716+00:00
72263,SCOA,2018-04-16,3.25,,,3.25,0,2026-04-08T03:03:01.748445+00:00
72356,SCOA,2018-04-17,3.25,,,3.25,0,2026-04-08T03:03:04.013915+00:00
72449,SCOA,2018-04-18,3.25,,,3.25,375,2026-04-08T03:03:06.304604+00:00
72542,SCOA,2018-04-19,3.25,,,3.25,0,2026-04-08T03:03:08.631091+00:00
72635,SCOA,2018-04-20,3.25,,,3.25,0,2026-04-08T03:03:11.181142+00:00
72728,SCOA,2018-04-23,3.25,,,3.25,0,2026-04-08T03:03:15.702548+00:00
72821,SCOA,2018-04-24,3.25,,,3.25,0,2026-04-08T03:03:17.976864+00:00
72914,SCOA,2018-04-25,3.25,,,3.25,0,2026-04-08T03:03:20.281484+00:00
73007,SCOA,2018-04-26,3.25,,,3.25,0,2026-04-08T03:03:22.503544+00:00
73100,SCOA,2018-04-27,3.25,,,3.25,112,2026-04-08T03:03:24.801147+00:00
73193,SCOA,2018-04-30,3.25,,,3.25,0,2026-04-08T03:03:29.288658+00:00
73286,SCOA,2018-05-02,3.25,,,3.25,422,2026-04-08T03:03:32.97882+00:00
73379,SCOA,2018-05-03,3.25,,,3.25,0,2026-04-08T03:03:35.46093+00:00
73472,SCOA,2018-05-04,3.25,,,3.25,0,2026-04-08T03:03:38.142449+00:00
73565,SCOA,2018-05-07,3.25,,,3.25,0,2026-04-08T03:03:42.835383+00:00
73658,SCOA,2018-05-08,3.25,,,3.25,50,2026-04-08T03:03:45.094212+00:00
73751,SCOA,2018-05-09,3.25,,,3.25,0,2026-04-08T03:03:47.354492+00:00
73844,SCOA,2018-05-10,3.25,,,3.25,0,2026-04-08T03:03:49.581225+00:00
73937,SCOA,2018-05-11,3.25,,,3.25,0,2026-04-08T03:03:51.923758+00:00
74030,SCOA,2018-05-14,3.25,,,3.25,0,2026-04-08T03:03:56.261604+00:00
74123,SCOA,2018-05-15,3.25,,,3.25,0,2026-04-08T03:03:58.63318+00:00
74216,SCOA,2018-05-16,3.25,,,3.25,0,2026-04-08T03:04:02.494817+00:00
74309,SCOA,2018-05-17,3.25,,,3.25,10,2026-04-08T03:04:04.853265+00:00
74402,SCOA,2018-05-18,3.25,,,3.25,0,2026-04-08T03:04:09.280828+00:00
74495,SCOA,2018-05-21,3.25,,,3.25,5,2026-04-08T03:04:14.640212+00:00
74588,SCOA,2018-05-22,3.25,,,3.25,1752,2026-04-08T03:04:17.13602+00:00
74681,SCOA,2018-05-24,3.25,,,3.25,100,2026-04-08T03:04:20.857799+00:00
74774,SCOA,2018-05-25,3.25,,,3.25,0,2026-04-08T03:04:23.533051+00:00
74867,SCOA,2018-05-28,3.25,,,3.25,10,2026-04-08T03:04:28.151981+00:00
74960,SCOA,2018-05-31,3.25,,,3.25,0,2026-04-08T03:04:33.384321+00:00
75053,SCOA,2018-06-01,3.25,,,3.25,10,2026-04-08T03:04:35.846588+00:00
75146,SCOA,2018-06-04,3.25,,,3.25,0,2026-04-08T03:04:40.216574+00:00
75239,SCOA,2018-06-05,3.25,,,3.25,0,2026-04-08T03:04:42.57091+00:00
75332,SCOA,2018-06-06,3.25,,,3.25,0,2026-04-08T03:04:44.928825+00:00
75425,SCOA,2018-06-07,3.25,,,3.25,5,2026-04-08T03:04:47.263813+00:00
75518,SCOA,2018-06-08,3.25,,,3.25,0,2026-04-08T03:04:49.462509+00:00
75611,SCOA,2018-06-11,3.25,,,3.25,0,2026-04-08T03:04:53.988129+00:00
75704,SCOA,2018-06-12,3.25,,,3.25,50,2026-04-08T03:04:56.284057+00:00
75797,SCOA,2018-06-13,3.25,,,3.25,0,2026-04-08T03:04:58.638577+00:00
75890,SCOA,2018-06-14,3.25,,,3.25,0,2026-04-08T03:05:00.901161+00:00
75983,SCOA,2018-06-19,3.25,,,3.25,0,2026-04-08T03:05:07.639029+00:00
76076,SCOA,2018-06-20,3.25,,,3.25,0,2026-04-08T03:05:09.924133+00:00
76169,SCOA,2018-06-21,3.25,,,3.25,0,2026-04-08T03:05:12.376626+00:00
76262,SCOA,2018-06-22,3.25,,,3.25,1676,2026-04-08T03:05:14.680862+00:00
76355,SCOA,2018-06-25,3.25,,,3.25,3349,2026-04-08T03:05:19.028214+00:00
76449,SCOA,2018-06-26,3.25,,,3.25,0,2026-04-08T03:05:21.361472+00:00
76543,SCOA,2018-06-27,3.25,,,3.25,0,2026-04-08T03:05:23.730487+00:00
76637,SCOA,2018-06-28,3.25,,,3.25,0,2026-04-08T03:05:26.342484+00:00
76731,SCOA,2018-06-29,3.25,,,3.25,400,2026-04-08T03:05:28.786725+00:00
76825,SCOA,2018-07-02,3.25,,,3.25,0,2026-04-08T03:05:34.742081+00:00
76919,SCOA,2018-07-03,3.25,,,3.25,0,2026-04-08T03:05:37.830893+00:00
77013,SCOA,2018-07-04,3.25,,,3.25,10,2026-04-08T03:05:40.225299+00:00
77107,SCOA,2018-07-05,3.25,,,3.25,250,2026-04-08T03:05:42.479897+00:00
77201,SCOA,2018-07-06,3.25,,,3.25,0,2026-04-08T03:05:44.93013+00:00
77295,SCOA,2018-07-09,3.25,,,3.25,0,2026-04-08T03:05:49.395513+00:00
77389,SCOA,2018-07-10,3.25,,,3.25,15247,2026-04-08T03:05:51.797285+00:00
77483,SCOA,2018-07-11,3.25,,,3.25,2,2026-04-08T03:05:54.14171+00:00
77577,SCOA,2018-07-12,3.25,,,3.25,0,2026-04-08T03:05:56.629461+00:00
77671,SCOA,2018-07-13,3.25,,,3.25,0,2026-04-08T03:05:59.112955+00:00
77765,SCOA,2018-07-16,3.25,,,3.25,0,2026-04-08T03:06:03.612411+00:00
77860,SCOA,2018-07-17,3.25,,,3.25,647,2026-04-08T03:06:06.031894+00:00
77955,SCOA,2018-07-18,3.25,,,3.25,0,2026-04-08T03:06:08.398083+00:00
78050,SCOA,2018-07-19,3.25,,,3.25,0,2026-04-08T03:06:10.625391+00:00
78145,SCOA,2018-07-20,3.25,,,3.25,0,2026-04-08T03:06:13.100822+00:00
78240,SCOA,2018-07-23,3.25,,,3.25,112,2026-04-08T03:06:17.450644+00:00
78335,SCOA,2018-07-24,3.25,,,3.25,0,2026-04-08T03:06:19.846153+00:00
78430,SCOA,2018-07-25,3.25,,,3.25,0,2026-04-08T03:06:22.17218+00:00
78525,SCOA,2018-07-26,3.25,,,3.25,0,2026-04-08T03:06:24.338643+00:00
78620,SCOA,2018-07-27,3.25,,,3.25,0,2026-04-08T03:06:26.70773+00:00
78715,SCOA,2018-07-30,3.25,,,3.25,0,2026-04-08T03:06:31.357035+00:00
78810,SCOA,2018-07-31,3.25,,,3.25,2832,2026-04-08T03:06:33.766078+00:00
78905,SCOA,2018-08-01,3.25,,,3.25,0,2026-04-08T03:06:36.22345+00:00
79000,SCOA,2018-08-02,3.25,,,3.25,0,2026-04-08T03:06:38.596191+00:00
79095,SCOA,2018-08-03,3.25,,,3.25,0,2026-04-08T03:06:41.315743+00:00
79190,SCOA,2018-08-06,3.25,,,3.25,0,2026-04-08T03:06:46.359416+00:00
79285,SCOA,2018-08-07,3.25,,,3.25,0,2026-04-08T03:06:48.623378+00:00
79380,SCOA,2018-08-08,3.25,,,3.25,388,2026-04-08T03:06:51.110249+00:00
79475,SCOA,2018-08-09,3.25,,,3.25,0,2026-04-08T03:06:53.45187+00:00
79570,SCOA,2018-08-10,3.25,,,3.25,10,2026-04-08T03:06:56.254972+00:00
79665,SCOA,2018-08-13,3.25,,,3.25,500,2026-04-08T03:07:00.870215+00:00
79760,SCOA,2018-08-14,3.25,,,3.25,0,2026-04-08T03:07:03.258394+00:00
79855,SCOA,2018-08-15,3.25,,,3.25,0,2026-04-08T03:07:05.636903+00:00
79950,SCOA,2018-08-16,3.25,,,3.25,0,2026-04-08T03:07:07.96787+00:00
80045,SCOA,2018-08-17,3.25,,,3.25,0,2026-04-08T03:07:10.276143+00:00
80140,SCOA,2018-08-20,3.25,,,3.25,0,2026-04-08T03:07:14.92421+00:00
80235,SCOA,2018-08-24,3.25,,,3.25,0,2026-04-08T03:07:20.612873+00:00
80330,SCOA,2018-08-27,3.25,,,3.25,2049,2026-04-08T03:07:24.735515+00:00
80425,SCOA,2018-08-28,3.25,,,3.25,0,2026-04-08T03:07:26.964049+00:00
80520,SCOA,2018-08-29,3.25,,,3.25,0,2026-04-08T03:07:29.382314+00:00
80615,SCOA,2018-08-30,3.25,,,3.25,200,2026-04-08T03:07:31.753519+00:00
80710,SCOA,2018-08-31,3.25,,,3.25,0,2026-04-08T03:07:34.108038+00:00
80805,SCOA,2018-09-03,3.25,,,3.25,300,2026-04-08T03:07:38.483999+00:00
80900,SCOA,2018-09-05,3.25,,,3.25,0,2026-04-08T03:07:41.733647+00:00
80995,SCOA,2018-09-06,3.25,,,3.25,0,2026-04-08T03:07:44.232746+00:00
81090,SCOA,2018-09-07,3.25,,,3.25,0,2026-04-08T03:07:46.695234+00:00
81185,SCOA,2018-09-10,3.25,,,3.25,1292,2026-04-08T03:07:51.133138+00:00
81280,SCOA,2018-09-11,3.25,,,3.25,13,2026-04-08T03:07:53.572062+00:00
81382,SCOA,2018-09-12,3.25,,,3.25,1000,2026-04-08T03:07:56.190409+00:00
81484,SCOA,2018-09-13,3.25,,,3.25,2012,2026-04-08T03:07:58.529226+00:00
81586,SCOA,2018-09-14,3.25,,,3.25,100,2026-04-08T03:08:00.944137+00:00
81688,SCOA,2018-09-17,3.25,,,3.25,100,2026-04-08T03:08:05.572353+00:00
81790,SCOA,2018-09-18,3.25,,,3.25,273,2026-04-08T03:08:07.840784+00:00
81892,SCOA,2018-09-19,3.25,,,3.25,100,2026-04-08T03:08:10.07554+00:00
81994,SCOA,2018-09-20,3.25,,,3.25,100,2026-04-08T03:08:12.389642+00:00
82096,SCOA,2018-09-21,3.25,,,3.25,0,2026-04-08T03:08:14.761127+00:00
82198,SCOA,2018-09-24,3.25,,,3.25,299,2026-04-08T03:08:19.182113+00:00
82300,SCOA,2018-09-25,3.25,,,3.25,0,2026-04-08T03:08:21.370615+00:00
82402,SCOA,2018-09-26,3.25,,,3.25,0,2026-04-08T03:08:24.494451+00:00
82504,SCOA,2018-09-27,3.25,,,3.25,0,2026-04-08T03:08:26.812803+00:00
82606,SCOA,2018-09-28,3.25,,,3.25,0,2026-04-08T03:08:29.283021+00:00
82708,SCOA,2018-10-02,3.25,,,3.25,0,2026-04-08T03:08:34.887787+00:00
82810,SCOA,2018-10-04,3.25,,,3.25,1242,2026-04-08T03:08:38.279141+00:00
82912,SCOA,2018-10-05,3.25,,,3.25,0,2026-04-08T03:08:40.455926+00:00
83014,SCOA,2018-10-08,3.25,,,3.25,546,2026-04-08T03:08:45.286665+00:00
83116,SCOA,2018-10-09,3.25,,,3.25,6666,2026-04-08T03:08:47.584215+00:00
83218,SCOA,2018-10-10,3.25,,,3.25,2272,2026-04-08T03:08:50.198924+00:00
83320,SCOA,2018-10-11,3.25,,,3.25,0,2026-04-08T03:08:52.595743+00:00
83422,SCOA,2018-10-12,3.25,,,3.25,0,2026-04-08T03:08:54.923298+00:00
83524,SCOA,2018-10-15,3.25,,,3.25,0,2026-04-08T03:08:59.688494+00:00
83626,SCOA,2018-10-16,3.25,,,3.25,100,2026-04-08T03:09:01.98694+00:00
83728,SCOA,2018-10-17,3.25,,,3.25,0,2026-04-08T03:09:04.302348+00:00
83830,SCOA,2018-10-18,3.25,,,3.25,1550,2026-04-08T03:09:06.644992+00:00
83932,SCOA,2018-10-19,3.25,,,3.25,100,2026-04-08T03:09:09.038287+00:00
84034,SCOA,2018-10-22,3.25,,,3.25,0,2026-04-08T03:09:13.967+00:00
84136,SCOA,2018-10-23,3.25,,,3.25,0,2026-04-08T03:09:16.194722+00:00
84238,SCOA,2018-10-24,3.25,,,3.25,0,2026-04-08T03:09:18.448083+00:00
84340,SCOA,2018-10-25,3.25,,,3.25,0,2026-04-08T03:09:20.631413+00:00
84442,SCOA,2018-10-26,3.25,,,3.25,0,2026-04-08T03:09:23.109094+00:00
84544,SCOA,2018-10-29,3.25,,,3.25,0,2026-04-08T03:09:27.901396+00:00
84646,SCOA,2018-10-30,3.25,,,3.25,0,2026-04-08T03:09:30.377337+00:00
84748,SCOA,2018-10-31,3.25,,,3.25,2571,2026-04-08T03:09:32.658485+00:00
84850,SCOA,2018-11-01,3.25,,,3.25,0,2026-04-08T03:09:35.048509+00:00
84952,SCOA,2018-11-02,3.25,,,3.25,0,2026-04-08T03:09:37.41202+00:00
85054,SCOA,2018-11-05,3.25,,,3.25,0,2026-04-08T03:09:41.998643+00:00
85156,SCOA,2018-11-06,3.25,,,3.25,935,2026-04-08T03:09:44.485046+00:00
85258,SCOA,2018-11-08,3.25,,,3.25,0,2026-04-08T03:09:47.843283+00:00
85360,SCOA,2018-11-09,3.25,,,3.25,0,2026-04-08T03:09:50.169754+00:00
85462,SCOA,2018-11-12,3.25,,,3.25,0,2026-04-08T03:09:54.975549+00:00
85564,SCOA,2018-11-13,3.25,,,3.25,268,2026-04-08T03:09:57.558923+00:00
85666,SCOA,2018-11-14,3.25,,,3.25,0,2026-04-08T03:09:59.910116+00:00
85768,SCOA,2018-11-15,3.25,,,3.25,0,2026-04-08T03:10:02.252366+00:00
85870,SCOA,2018-11-16,3.25,,,3.25,3948,2026-04-08T03:10:04.527169+00:00
85972,SCOA,2018-11-19,3.25,,,3.25,0,2026-04-08T03:10:09.122468+00:00
86074,SCOA,2018-11-21,3.25,,,3.25,0,2026-04-08T03:10:12.622729+00:00
86176,SCOA,2018-11-22,3.25,,,3.25,0,2026-04-08T03:10:14.989948+00:00
86278,SCOA,2018-11-23,3.25,,,3.25,0,2026-04-08T03:10:17.221139+00:00
86380,SCOA,2018-11-26,3.25,,,3.25,0,2026-04-08T03:10:22.142454+00:00
86482,SCOA,2018-11-27,3.25,,,3.25,5000,2026-04-08T03:10:24.421595+00:00
86584,SCOA,2018-11-28,3.25,,,3.25,5000,2026-04-08T03:10:26.708398+00:00
86686,SCOA,2018-11-29,3.25,,,3.25,0,2026-04-08T03:10:29.255332+00:00
86788,SCOA,2018-11-30,3.25,,,3.25,0,2026-04-08T03:10:32.706086+00:00
86890,SCOA,2018-12-03,3.25,,,3.25,21506,2026-04-08T03:10:37.185914+00:00
86992,SCOA,2018-12-04,3.25,,,3.25,0,2026-04-08T03:10:39.607482+00:00
87094,SCOA,2018-12-05,3.25,,,3.25,0,2026-04-08T03:10:42.037497+00:00
87196,SCOA,2018-12-06,3.25,,,3.25,0,2026-04-08T03:10:44.312069+00:00
87298,SCOA,2018-12-07,2.93,,,2.93,101926,2026-04-08T03:10:46.663078+00:00
87400,SCOA,2018-12-10,2.93,,,2.93,321,2026-04-08T03:10:51.346822+00:00
87502,SCOA,2018-12-11,2.93,,,2.93,0,2026-04-08T03:10:53.613329+00:00
87604,SCOA,2018-12-12,2.93,,,2.93,0,2026-04-08T03:10:55.983376+00:00
87706,SCOA,2018-12-13,2.93,,,2.93,305,2026-04-08T03:10:58.622726+00:00
87808,SCOA,2018-12-17,2.93,,,2.93,0,2026-04-08T03:11:04.071168+00:00
87910,SCOA,2018-12-18,2.93,,,2.93,0,2026-04-08T03:11:06.547404+00:00
88011,SCOA,2018-12-19,2.93,,,2.93,300,2026-04-08T03:11:08.930184+00:00
88112,SCOA,2018-12-21,2.93,,,2.93,0,2026-04-08T03:11:13.038597+00:00
88213,SCOA,2018-12-24,2.93,,,2.93,100,2026-04-08T03:11:17.396489+00:00
88315,SCOA,2018-12-31,2.93,,,2.93,0,2026-04-08T03:11:26.963749+00:00
88417,SCOA,2019-01-04,2.93,,,2.93,0,2026-04-08T03:11:33.101723+00:00
88519,SCOA,2019-01-07,2.93,,,2.93,1865,2026-04-08T03:11:37.396019+00:00
88621,SCOA,2019-01-08,2.93,,,2.93,0,2026-04-08T03:11:39.720871+00:00
88723,SCOA,2019-01-09,2.93,,,2.93,0,2026-04-08T03:11:42.122758+00:00
88825,SCOA,2019-01-10,2.93,,,2.93,0,2026-04-08T03:11:44.4712+00:00
88927,SCOA,2019-01-11,2.93,,,2.93,0,2026-04-08T03:11:46.864498+00:00
89029,SCOA,2019-01-14,2.93,,,2.93,0,2026-04-08T03:11:51.386431+00:00
89131,SCOA,2019-01-15,2.93,,,2.93,0,2026-04-08T03:11:53.781694+00:00
89233,SCOA,2019-01-16,2.93,,,2.93,0,2026-04-08T03:11:56.273278+00:00
89335,SCOA,2019-01-17,2.93,,,2.93,375,2026-04-08T03:11:58.633279+00:00
89437,SCOA,2019-01-18,2.93,,,2.93,0,2026-04-08T03:12:01.678716+00:00
89539,SCOA,2019-01-21,2.93,,,2.93,0,2026-04-08T03:12:06.146982+00:00
89641,SCOA,2019-01-22,2.93,,,2.93,0,2026-04-08T03:12:26.450353+00:00
89743,SCOA,2019-01-23,2.93,,,2.93,0,2026-04-08T03:12:28.985884+00:00
89845,SCOA,2019-01-24,2.93,,,2.93,0,2026-04-08T03:12:31.471104+00:00
89947,SCOA,2019-01-25,2.93,,,2.93,0,2026-04-08T03:12:33.831732+00:00
90049,SCOA,2019-01-28,2.93,,,2.93,0,2026-04-08T03:12:38.324+00:00
90151,SCOA,2019-01-29,2.93,,,2.93,177,2026-04-08T03:12:40.769031+00:00
90253,SCOA,2019-01-30,2.93,,,2.93,0,2026-04-08T03:12:43.207065+00:00
90355,SCOA,2019-01-31,2.93,,,2.93,0,2026-04-08T03:12:45.452606+00:00
90457,SCOA,2019-02-01,2.93,,,2.93,0,2026-04-08T03:12:47.65569+00:00
90559,SCOA,2019-02-04,2.93,,,2.93,0,2026-04-08T03:12:52.008801+00:00
90661,SCOA,2019-02-05,2.93,,,2.93,7500,2026-04-08T03:12:54.428036+00:00
90763,SCOA,2019-02-06,2.93,,,2.93,0,2026-04-08T03:12:56.795589+00:00
90865,SCOA,2019-02-07,2.93,,,2.93,0,2026-04-08T03:12:59.333395+00:00
90967,SCOA,2019-02-08,2.93,,,2.93,700,2026-04-08T03:13:01.766173+00:00
91069,SCOA,2019-02-11,2.93,,,2.93,497,2026-04-08T03:13:07.807824+00:00
91171,SCOA,2019-02-12,2.93,,,2.93,0,2026-04-08T03:13:10.389121+00:00
91273,SCOA,2019-02-13,2.93,,,2.93,0,2026-04-08T03:13:13.120558+00:00
91375,SCOA,2019-02-14,2.93,,,2.93,243,2026-04-08T03:13:15.610167+00:00
91477,SCOA,2019-02-15,2.93,,,2.93,0,2026-04-08T03:13:17.960235+00:00
91579,SCOA,2019-02-18,2.93,,,2.93,177,2026-04-08T03:13:22.383964+00:00
91681,SCOA,2019-02-19,2.93,,,2.93,152,2026-04-08T03:13:24.617569+00:00
91783,SCOA,2019-02-20,2.93,,,2.93,0,2026-04-08T03:13:26.870792+00:00
91885,SCOA,2019-02-22,2.93,,,2.93,0,2026-04-08T03:13:30.442816+00:00
91987,SCOA,2019-02-25,2.93,,,2.93,2,2026-04-08T03:13:35.015549+00:00
92089,SCOA,2019-02-26,2.93,,,2.93,2,2026-04-08T03:13:37.412672+00:00
92191,SCOA,2019-02-27,2.93,,,2.93,0,2026-04-08T03:13:39.910522+00:00
92293,SCOA,2019-02-28,2.93,,,2.93,0,2026-04-08T03:13:42.435587+00:00
92395,SCOA,2019-03-01,2.93,,,2.93,238,2026-04-08T03:13:44.810709+00:00
92497,SCOA,2019-03-04,2.93,,,2.93,0,2026-04-08T03:13:49.353535+00:00
92599,SCOA,2019-03-05,2.93,,,2.93,33,2026-04-08T03:13:51.846242+00:00
92701,SCOA,2019-03-06,2.93,,,2.93,0,2026-04-08T03:13:54.267269+00:00
92803,SCOA,2019-03-07,2.93,,,2.93,0,2026-04-08T03:13:56.544072+00:00
92905,SCOA,2019-03-08,2.93,,,2.93,0,2026-04-08T03:13:58.936546+00:00
93007,SCOA,2019-03-11,2.93,,,2.93,0,2026-04-08T03:14:03.582539+00:00
93109,SCOA,2019-03-12,2.93,,,2.93,0,2026-04-08T03:14:06.149716+00:00
93211,SCOA,2019-03-13,2.93,,,2.93,0,2026-04-08T03:14:08.562819+00:00
93313,SCOA,2019-03-14,2.93,,,2.93,0,2026-04-08T03:14:10.990955+00:00
93415,SCOA,2019-03-15,2.93,,,2.93,0,2026-04-08T03:14:13.413527+00:00
93517,SCOA,2019-03-18,2.93,,,2.93,764,2026-04-08T03:14:17.594172+00:00
93619,SCOA,2019-03-19,2.93,,,2.93,0,2026-04-08T03:14:19.883177+00:00
93721,SCOA,2019-03-20,2.93,,,2.93,0,2026-04-08T03:14:22.215184+00:00
93823,SCOA,2019-03-21,2.93,,,2.93,0,2026-04-08T03:14:24.469396+00:00
93925,SCOA,2019-03-22,2.93,,,2.93,100,2026-04-08T03:14:26.929153+00:00
94027,SCOA,2019-03-25,2.93,,,2.93,0,2026-04-08T03:14:31.400562+00:00
94129,SCOA,2019-03-26,2.93,,,2.93,0,2026-04-08T03:14:33.80485+00:00
94231,SCOA,2019-03-27,2.93,,,2.93,0,2026-04-08T03:14:36.122563+00:00
94333,SCOA,2019-03-28,2.93,,,2.93,0,2026-04-08T03:14:38.612625+00:00
94435,SCOA,2019-03-29,2.93,,,2.93,60,2026-04-08T03:14:41.061692+00:00
94537,SCOA,2019-04-01,2.93,,,2.93,0,2026-04-08T03:14:45.528331+00:00
94638,SCOA,2019-04-02,2.93,,,2.93,462,2026-04-08T03:14:47.809526+00:00
94739,SCOA,2019-04-03,2.93,,,2.93,0,2026-04-08T03:14:50.124237+00:00
94840,SCOA,2019-04-04,2.93,,,2.93,2000,2026-04-08T03:14:52.417245+00:00
94941,SCOA,2019-04-05,2.93,,,2.93,0,2026-04-08T03:14:54.739567+00:00
95042,SCOA,2019-04-08,2.93,,,2.93,0,2026-04-08T03:14:59.01768+00:00
95143,SCOA,2019-04-09,2.93,,,2.93,0,2026-04-08T03:15:01.233247+00:00
95244,SCOA,2019-04-10,2.93,,,2.93,7332,2026-04-08T03:15:03.446976+00:00
95345,SCOA,2019-04-11,2.93,,,2.93,6667,2026-04-08T03:15:05.608759+00:00
95446,SCOA,2019-04-12,2.93,,,2.93,0,2026-04-08T03:15:07.869644+00:00
95547,SCOA,2019-04-15,2.93,,,2.93,0,2026-04-08T03:15:12.360876+00:00
95648,SCOA,2019-04-16,2.93,,,2.93,0,2026-04-08T03:15:14.69338+00:00
95749,SCOA,2019-04-17,2.93,,,2.93,0,2026-04-08T03:15:16.974822+00:00
95850,SCOA,2019-04-18,2.93,,,2.93,3600,2026-04-08T03:15:19.360663+00:00
95951,SCOA,2019-04-23,2.93,,,2.93,121,2026-04-08T03:15:26.04373+00:00
96053,SCOA,2019-04-24,2.93,,,2.93,0,2026-04-08T03:15:28.31166+00:00
96155,SCOA,2019-04-25,2.93,,,2.93,0,2026-04-08T03:15:30.603437+00:00
96257,SCOA,2019-04-26,2.93,,,2.93,0,2026-04-08T03:15:32.816712+00:00
96359,SCOA,2019-04-29,2.93,,,2.93,0,2026-04-08T03:15:37.198623+00:00
96461,SCOA,2019-04-30,2.93,,,2.93,0,2026-04-08T03:15:39.499507+00:00
96563,SCOA,2019-05-02,2.93,,,2.93,846,2026-04-08T03:15:42.839166+00:00
96665,SCOA,2019-05-03,2.93,,,2.93,100,2026-04-08T03:15:45.02286+00:00
96767,SCOA,2019-05-06,2.93,,,2.93,0,2026-04-08T03:15:49.380478+00:00
96869,SCOA,2019-05-07,2.93,,,2.93,0,2026-04-08T03:15:51.609622+00:00
96971,SCOA,2019-05-08,2.93,,,2.93,1895,2026-04-08T03:15:53.912422+00:00
97073,SCOA,2019-05-09,2.93,,,2.93,0,2026-04-08T03:15:56.308435+00:00
97175,SCOA,2019-05-10,2.93,,,2.93,0,2026-04-08T03:15:58.65517+00:00
97277,SCOA,2019-05-13,2.93,,,2.93,0,2026-04-08T03:16:02.955985+00:00
97379,SCOA,2019-05-14,2.93,,,2.93,321,2026-04-08T03:16:05.427951+00:00
97481,SCOA,2019-05-15,2.93,,,2.93,2500,2026-04-08T03:16:07.709974+00:00
97583,SCOA,2019-05-16,2.93,,,2.93,2500,2026-04-08T03:16:09.947696+00:00
97685,SCOA,2019-05-17,2.93,,,2.93,0,2026-04-08T03:16:12.469468+00:00
97788,SCOA,2019-05-20,2.93,,,2.93,0,2026-04-08T03:16:16.967061+00:00
97891,SCOA,2019-05-21,2.93,,,2.93,0,2026-04-08T03:16:19.368023+00:00
97994,SCOA,2019-05-22,2.93,,,2.93,0,2026-04-08T03:16:21.741488+00:00
98097,SCOA,2019-05-23,2.93,,,2.93,0,2026-04-08T03:16:24.010501+00:00
98200,SCOA,2019-05-24,2.93,,,2.93,0,2026-04-08T03:16:26.41346+00:00
98303,SCOA,2019-05-27,2.93,,,2.93,10,2026-04-08T03:16:30.812568+00:00
98406,SCOA,2019-05-28,2.93,,,2.93,0,2026-04-08T03:16:33.286405+00:00
98509,SCOA,2019-05-30,2.93,,,2.93,110,2026-04-08T03:16:36.695359+00:00
98612,SCOA,2019-05-31,2.93,,,2.93,100,2026-04-08T03:16:39.10826+00:00
98715,SCOA,2019-06-03,2.93,,,2.93,308,2026-04-08T03:16:43.376201+00:00
98818,SCOA,2019-06-06,2.93,,,2.93,0,2026-04-08T03:16:48.034912+00:00
98921,SCOA,2019-06-07,2.93,,,2.93,0,2026-04-08T03:16:50.186426+00:00
99024,SCOA,2019-06-10,2.93,,,2.93,0,2026-04-08T03:16:54.498349+00:00
99127,SCOA,2019-06-11,2.93,,,2.93,0,2026-04-08T03:16:56.702394+00:00
99230,SCOA,2019-06-13,2.93,,,2.93,0,2026-04-08T03:17:00.140907+00:00
99333,SCOA,2019-06-14,2.93,,,2.93,0,2026-04-08T03:17:02.289964+00:00
99436,SCOA,2019-06-17,2.93,,,2.93,0,2026-04-08T03:17:06.378621+00:00
99539,SCOA,2019-06-18,2.93,,,2.93,0,2026-04-08T03:17:08.696624+00:00
99642,SCOA,2019-06-19,2.93,,,2.93,100,2026-04-08T03:17:10.975867+00:00
99745,SCOA,2019-06-20,2.93,,,2.93,0,2026-04-08T03:17:13.205784+00:00
99848,SCOA,2019-06-24,2.93,,,2.93,0,2026-04-08T03:17:18.488118+00:00
99951,SCOA,2019-06-25,2.93,,,2.93,0,2026-04-08T03:17:20.712996+00:00
100054,SCOA,2019-06-26,2.93,,,2.93,300,2026-04-08T03:17:23.021521+00:00
100157,SCOA,2019-06-27,2.93,,,2.93,0,2026-04-08T03:17:25.288917+00:00
100260,SCOA,2019-06-28,2.93,,,2.93,0,2026-04-08T03:17:27.669324+00:00
100363,SCOA,2019-07-01,2.93,,,2.93,0,2026-04-08T03:17:31.993492+00:00
100466,SCOA,2019-07-02,2.93,,,2.93,669,2026-04-08T03:17:34.195482+00:00
100569,SCOA,2019-07-03,2.93,,,2.93,0,2026-04-08T03:17:36.539656+00:00
100672,SCOA,2019-07-04,2.93,,,2.93,200,2026-04-08T03:17:38.806977+00:00
100775,SCOA,2019-07-05,2.93,,,2.93,0,2026-04-08T03:17:41.292481+00:00
100878,SCOA,2019-07-08,2.93,,,2.93,0,2026-04-08T03:17:45.861747+00:00
100981,SCOA,2019-07-09,2.93,,,2.93,0,2026-04-08T03:17:48.217581+00:00
101085,SCOA,2019-07-10,2.93,,,2.93,0,2026-04-08T03:17:50.676625+00:00
101189,SCOA,2019-07-11,2.93,,,2.93,0,2026-04-08T03:17:53.082234+00:00
101293,SCOA,2019-07-12,2.93,,,2.93,5,2026-04-08T03:17:55.503872+00:00
101397,SCOA,2019-07-15,2.93,,,2.93,20,2026-04-08T03:18:00.039317+00:00
101501,SCOA,2019-07-16,2.93,,,2.93,0,2026-04-08T03:18:02.440443+00:00
101605,SCOA,2019-07-17,2.93,,,2.93,0,2026-04-08T03:18:04.729662+00:00
101709,SCOA,2019-07-18,2.93,,,2.93,0,2026-04-08T03:18:07.178594+00:00
101813,SCOA,2019-07-19,2.93,,,2.93,0,2026-04-08T03:18:09.535362+00:00
101917,SCOA,2019-07-22,2.93,,,2.93,0,2026-04-08T03:18:14.212024+00:00
102021,SCOA,2019-07-23,2.93,,,2.93,0,2026-04-08T03:18:16.654741+00:00
102125,SCOA,2019-07-24,2.93,,,2.93,0,2026-04-08T03:18:18.926554+00:00
102229,SCOA,2019-07-25,2.93,,,2.93,0,2026-04-08T03:18:21.127331+00:00
102333,SCOA,2019-07-26,2.93,,,2.93,0,2026-04-08T03:18:23.508197+00:00
102437,SCOA,2019-07-29,2.93,,,2.93,0,2026-04-08T03:18:27.808584+00:00
102541,SCOA,2019-07-30,2.93,,,2.93,0,2026-04-08T03:18:30.090931+00:00
102645,SCOA,2019-07-31,2.93,,,2.93,0,2026-04-08T03:18:32.379029+00:00
102749,SCOA,2019-08-01,2.93,,,2.93,0,2026-04-08T03:18:34.721051+00:00
102853,SCOA,2019-08-02,2.93,,,2.93,0,2026-04-08T03:18:37.148519+00:00
102957,SCOA,2019-08-05,2.93,,,2.93,237,2026-04-08T03:18:41.327383+00:00
103061,SCOA,2019-08-06,2.93,,,2.93,100,2026-04-08T03:18:43.676077+00:00
103165,SCOA,2019-08-07,2.93,,,2.93,0,2026-04-08T03:18:45.952647+00:00
103269,SCOA,2019-08-08,2.93,,,2.93,0,2026-04-08T03:18:48.284739+00:00
103373,SCOA,2019-08-09,2.93,,,2.93,0,2026-04-08T03:18:50.530707+00:00
103477,SCOA,2019-08-14,2.93,,,2.93,0,2026-04-08T03:18:57.313874+00:00
103581,SCOA,2019-08-15,2.93,,,2.93,0,2026-04-08T03:18:59.647711+00:00
103685,SCOA,2019-08-19,2.93,,,2.93,0,2026-04-08T03:19:05.053534+00:00
103789,SCOA,2019-08-20,2.93,,,2.93,0,2026-04-08T03:19:07.283568+00:00
103893,SCOA,2019-08-21,2.93,,,2.93,250,2026-04-08T03:19:09.493441+00:00
103996,SCOA,2019-08-22,2.93,,,2.93,0,2026-04-08T03:19:11.834929+00:00
104099,SCOA,2019-08-23,2.93,,,2.93,0,2026-04-08T03:19:14.066623+00:00
104202,SCOA,2019-08-26,2.93,,,2.93,0,2026-04-08T03:19:18.291411+00:00
104305,SCOA,2019-08-27,2.93,,,2.93,0,2026-04-08T03:19:20.588978+00:00
104408,SCOA,2019-08-28,2.93,,,2.93,22,2026-04-08T03:19:22.939533+00:00
104511,SCOA,2019-08-29,2.93,,,2.93,0,2026-04-08T03:19:25.308081+00:00
104614,SCOA,2019-08-30,2.93,,,2.93,0,2026-04-08T03:19:27.686427+00:00
104717,SCOA,2019-09-02,2.93,,,2.93,0,2026-04-08T03:19:32.075785+00:00
104820,SCOA,2019-09-03,2.93,,,2.93,0,2026-04-08T03:19:34.366833+00:00
104923,SCOA,2019-09-04,2.93,,,2.93,560,2026-04-08T03:19:36.608723+00:00
105026,SCOA,2019-09-05,2.93,,,2.93,0,2026-04-08T03:19:38.984327+00:00
105129,SCOA,2019-09-06,2.93,,,2.93,0,2026-04-08T03:19:41.363212+00:00
105232,SCOA,2019-09-09,2.93,,,2.93,0,2026-04-08T03:19:45.624302+00:00
105335,SCOA,2019-09-10,2.93,,,2.93,0,2026-04-08T03:19:47.977958+00:00
105438,SCOA,2019-09-11,2.93,,,2.93,100,2026-04-08T03:19:50.333421+00:00
105541,SCOA,2019-09-12,2.93,,,2.93,0,2026-04-08T03:19:52.607202+00:00
105644,SCOA,2019-09-13,2.93,,,2.93,0,2026-04-08T03:19:55.083512+00:00
105747,SCOA,2019-09-16,2.93,,,2.93,2049,2026-04-08T03:19:59.701348+00:00
105850,SCOA,2019-09-17,2.93,,,2.93,0,2026-04-08T03:20:02.523968+00:00
105953,SCOA,2019-09-18,2.93,,,2.93,500,2026-04-08T03:20:05.488272+00:00
106056,SCOA,2019-09-19,2.93,,,2.93,0,2026-04-08T03:20:08.114889+00:00
106159,SCOA,2019-09-20,2.93,,,2.93,0,2026-04-08T03:20:10.721894+00:00
106262,SCOA,2019-09-23,2.93,,,2.93,0,2026-04-08T03:20:15.267012+00:00
106365,SCOA,2019-09-24,2.93,,,2.93,560,2026-04-08T03:20:17.630341+00:00
106468,SCOA,2019-09-25,2.93,,,2.93,0,2026-04-08T03:20:20.165626+00:00
106571,SCOA,2019-09-26,2.93,,,2.93,0,2026-04-08T03:20:22.92566+00:00
106674,SCOA,2019-09-27,2.93,,,2.93,1409,2026-04-08T03:20:25.402499+00:00
106777,SCOA,2019-09-30,2.93,,,2.93,100,2026-04-08T03:20:29.867546+00:00
106880,SCOA,2019-10-02,2.93,,,2.93,6867,2026-04-08T03:20:33.475481+00:00
106983,SCOA,2019-10-03,2.93,,,2.93,0,2026-04-08T03:20:35.801047+00:00
107086,SCOA,2019-10-04,2.93,,,2.93,0,2026-04-08T03:20:38.138638+00:00
107189,SCOA,2019-10-07,2.93,,,2.93,0,2026-04-08T03:20:43.38987+00:00
107292,SCOA,2019-10-08,2.93,,,2.93,0,2026-04-08T03:20:50.115577+00:00
107395,SCOA,2019-10-09,2.93,,,2.93,0,2026-04-08T03:20:53.067656+00:00
107498,SCOA,2019-10-10,2.93,,,2.93,3759,2026-04-08T03:20:55.682822+00:00
107601,SCOA,2019-10-11,2.93,,,2.93,50,2026-04-08T03:20:58.30073+00:00
107704,SCOA,2019-10-14,2.93,,,2.93,0,2026-04-08T03:21:03.536141+00:00
107807,SCOA,2019-10-15,2.93,,,2.93,0,2026-04-08T03:21:06.159586+00:00
107910,SCOA,2019-10-16,2.93,,,2.93,0,2026-04-08T03:21:08.538525+00:00
108013,SCOA,2019-10-17,2.93,,,2.93,0,2026-04-08T03:21:11.125073+00:00
108116,SCOA,2019-10-18,2.93,,,2.93,0,2026-04-08T03:21:14.04892+00:00
108219,SCOA,2019-10-21,2.93,,,2.93,0,2026-04-08T03:21:18.357079+00:00
108322,SCOA,2019-10-22,2.93,,,2.93,0,2026-04-08T03:21:20.5704+00:00
108425,SCOA,2019-10-23,2.93,,,2.93,500,2026-04-08T03:21:22.84444+00:00
108528,SCOA,2019-10-24,2.93,,,2.93,0,2026-04-08T03:21:25.228823+00:00
108631,SCOA,2019-10-25,2.93,,,2.93,300,2026-04-08T03:21:27.539286+00:00
108734,SCOA,2019-10-28,2.93,,,2.93,0,2026-04-08T03:21:32.161692+00:00
108837,SCOA,2019-10-29,2.93,,,2.93,0,2026-04-08T03:21:34.477485+00:00
108940,SCOA,2019-10-30,2.93,,,2.93,2,2026-04-08T03:21:36.754268+00:00
109043,SCOA,2019-10-31,2.93,,,2.93,7480,2026-04-08T03:21:39.10919+00:00
109146,SCOA,2019-11-01,2.93,,,2.93,980,2026-04-08T03:21:41.456138+00:00
109249,SCOA,2019-11-04,2.93,,,2.93,1300,2026-04-08T03:21:45.945243+00:00
109352,SCOA,2019-11-05,2.93,,,2.93,2720,2026-04-08T03:21:48.37169+00:00
109455,SCOA,2019-11-06,2.93,,,2.93,3680,2026-04-08T03:21:50.755948+00:00
109558,SCOA,2019-11-07,2.93,,,2.93,0,2026-04-08T03:21:53.200031+00:00
109661,SCOA,2019-11-08,2.93,,,2.93,0,2026-04-08T03:21:55.63316+00:00
109764,SCOA,2019-11-12,2.93,,,2.93,3363,2026-04-08T03:22:01.520244+00:00
109867,SCOA,2019-11-13,2.93,,,2.93,2310,2026-04-08T03:22:04.169594+00:00
109970,SCOA,2019-11-14,2.93,,,2.93,2195,2026-04-08T03:22:06.510438+00:00
110073,SCOA,2019-11-15,2.93,,,2.93,728,2026-04-08T03:22:08.972682+00:00
110176,SCOA,2019-11-18,2.93,,,2.93,1000,2026-04-08T03:22:13.551393+00:00
110278,SCOA,2019-11-19,2.93,,,2.93,0,2026-04-08T03:22:15.801005+00:00
110380,SCOA,2019-11-20,2.93,,,2.93,22183,2026-04-08T03:22:18.11241+00:00
110482,SCOA,2019-11-21,2.93,,,2.93,0,2026-04-08T03:22:20.360812+00:00
110584,SCOA,2019-11-22,2.93,,,2.93,0,2026-04-08T03:22:22.766306+00:00
110686,SCOA,2019-11-25,2.93,,,2.93,0,2026-04-08T03:22:27.077445+00:00
110788,SCOA,2019-11-26,2.93,,,2.93,0,2026-04-08T03:22:29.415971+00:00
110890,SCOA,2019-11-27,2.93,,,2.93,0,2026-04-08T03:22:31.797244+00:00
110992,SCOA,2019-11-28,2.93,,,2.93,0,2026-04-08T03:22:34.150197+00:00
111094,SCOA,2019-11-29,2.93,,,2.93,0,2026-04-08T03:22:36.43862+00:00
111196,SCOA,2019-12-02,2.93,,,2.93,0,2026-04-08T03:22:40.672716+00:00
111298,SCOA,2019-12-03,2.93,,,2.93,0,2026-04-08T03:22:42.857808+00:00
111400,SCOA,2019-12-04,2.93,,,2.93,1000,2026-04-08T03:22:45.132537+00:00
111502,SCOA,2019-12-05,2.93,,,2.93,1384,2026-04-08T03:22:47.409461+00:00
111604,SCOA,2019-12-06,2.93,,,2.93,0,2026-04-08T03:22:49.720566+00:00
111706,SCOA,2019-12-10,2.93,,,2.93,0,2026-04-08T03:22:54.948045+00:00
111808,SCOA,2019-12-11,2.93,,,2.93,0,2026-04-08T03:22:57.463594+00:00
111910,SCOA,2019-12-12,2.93,,,2.93,0,2026-04-08T03:22:59.677549+00:00
112012,SCOA,2019-12-13,2.93,,,2.93,0,2026-04-08T03:23:01.961124+00:00
112114,SCOA,2019-12-16,2.93,,,2.93,11527,2026-04-08T03:23:06.206185+00:00
112216,SCOA,2019-12-17,2.93,,,2.93,0,2026-04-08T03:23:08.526507+00:00
112318,SCOA,2019-12-18,2.93,,,2.93,0,2026-04-08T03:23:10.699016+00:00
112420,SCOA,2019-12-19,2.93,,,2.93,0,2026-04-08T03:23:13.06361+00:00
112522,SCOA,2019-12-20,2.93,,,2.93,0,2026-04-08T03:23:15.515212+00:00
112624,SCOA,2019-12-23,2.93,,,2.93,1500,2026-04-08T03:23:19.645113+00:00
112726,SCOA,2019-12-24,2.93,,,2.93,0,2026-04-08T03:23:22.081747+00:00
112828,SCOA,2019-12-27,2.93,,,2.93,0,2026-04-08T03:23:26.48241+00:00
112930,SCOA,2019-12-31,2.93,,,2.93,0,2026-04-08T03:23:31.997666+00:00
113032,SCOA,2020-01-02,2.93,,,2.93,5067,2026-04-08T03:23:35.253628+00:00
113134,SCOA,2020-01-03,2.93,,,2.93,0,2026-04-08T03:23:37.484442+00:00
113236,SCOA,2020-01-06,2.93,,,2.93,0,2026-04-08T03:23:41.810791+00:00
113338,SCOA,2020-01-07,2.93,,,2.93,0,2026-04-08T03:23:44.238014+00:00
113440,SCOA,2020-01-08,2.93,,,2.93,55546,2026-04-08T03:23:46.428903+00:00
113542,SCOA,2020-01-09,2.93,,,2.93,0,2026-04-08T03:23:48.760691+00:00
113645,SCOA,2020-01-10,2.93,,,2.93,4533,2026-04-08T03:23:51.312987+00:00
113748,SCOA,2020-01-13,2.93,,,2.93,0,2026-04-08T03:23:55.704331+00:00
113851,SCOA,2020-01-14,2.93,,,2.93,0,2026-04-08T03:23:58.044369+00:00
113954,SCOA,2020-01-15,2.93,,,2.93,0,2026-04-08T03:24:00.340453+00:00
114057,SCOA,2020-01-16,2.93,,,2.93,0,2026-04-08T03:24:02.775573+00:00
114160,SCOA,2020-01-17,2.93,,,2.93,1062,2026-04-08T03:24:05.107796+00:00
114263,SCOA,2020-01-20,2.93,,,2.93,0,2026-04-08T03:24:09.637495+00:00
114366,SCOA,2020-01-21,2.93,,,2.93,1120,2026-04-08T03:24:12.081094+00:00
114469,SCOA,2020-01-23,2.93,,,2.93,0,2026-04-08T03:24:15.397306+00:00
114572,SCOA,2020-01-24,2.93,,,2.93,0,2026-04-08T03:24:17.760742+00:00
114675,SCOA,2020-01-27,2.93,,,2.93,0,2026-04-08T03:24:22.426106+00:00
114778,SCOA,2020-01-28,2.93,,,2.93,0,2026-04-08T03:24:24.728321+00:00
114881,SCOA,2020-01-29,2.93,,,2.93,9,2026-04-08T03:24:27.287495+00:00
114984,SCOA,2020-01-30,2.93,,,2.93,0,2026-04-08T03:24:29.658352+00:00
115087,SCOA,2020-01-31,2.93,,,2.93,0,2026-04-08T03:24:31.961868+00:00
115190,SCOA,2020-02-03,2.93,,,2.93,0,2026-04-08T03:24:36.430808+00:00
115293,SCOA,2020-02-04,2.93,,,2.93,0,2026-04-08T03:24:38.687124+00:00
115396,SCOA,2020-02-05,2.93,,,2.93,0,2026-04-08T03:24:41.03998+00:00
115499,SCOA,2020-02-06,2.93,,,2.93,0,2026-04-08T03:24:43.345135+00:00
115602,SCOA,2020-02-07,2.93,,,2.93,247,2026-04-08T03:24:45.609576+00:00
115705,SCOA,2020-02-10,2.93,,,2.93,61,2026-04-08T03:24:50.182603+00:00
115808,SCOA,2020-02-11,2.93,,,2.93,0,2026-04-08T03:24:52.780016+00:00
115911,SCOA,2020-02-12,2.93,,,2.93,0,2026-04-08T03:24:55.120152+00:00
116014,SCOA,2020-02-13,2.93,,,2.93,0,2026-04-08T03:24:57.649025+00:00
116117,SCOA,2020-02-14,2.93,,,2.93,0,2026-04-08T03:25:00.080254+00:00
116220,SCOA,2020-02-17,2.93,,,2.93,0,2026-04-08T03:25:04.377856+00:00
116323,SCOA,2020-02-18,2.93,,,2.93,0,2026-04-08T03:25:06.773592+00:00
116426,SCOA,2020-02-19,2.93,,,2.93,0,2026-04-08T03:25:09.231504+00:00
116529,SCOA,2020-02-20,2.93,,,2.93,0,2026-04-08T03:25:11.501588+00:00
116632,SCOA,2020-02-21,2.93,,,2.93,0,2026-04-08T03:25:13.948187+00:00
116735,SCOA,2020-02-24,2.93,,,2.93,0,2026-04-08T03:25:18.415367+00:00
116838,SCOA,2020-02-25,2.93,,,2.93,0,2026-04-08T03:25:20.711298+00:00
116941,SCOA,2020-02-26,2.93,,,2.93,0,2026-04-08T03:25:23.465375+00:00
117044,SCOA,2020-02-27,2.93,,,2.93,0,2026-04-08T03:25:26.011368+00:00
117147,SCOA,2020-02-28,2.93,,,2.93,0,2026-04-08T03:25:28.472167+00:00
117250,SCOA,2020-03-02,2.93,,,2.93,980,2026-04-08T03:25:32.979972+00:00
117353,SCOA,2020-03-03,2.93,,,2.93,0,2026-04-08T03:25:35.324079+00:00
117456,SCOA,2020-03-04,2.93,,,2.93,0,2026-04-08T03:25:37.587456+00:00
117559,SCOA,2020-03-05,2.93,,,2.93,0,2026-04-08T03:25:39.825698+00:00
117662,SCOA,2020-03-09,2.93,,,2.93,0,2026-04-08T03:25:45.227559+00:00
117765,SCOA,2020-03-10,2.93,,,2.93,0,2026-04-08T03:25:47.644077+00:00
117868,SCOA,2020-03-11,2.93,,,2.93,0,2026-04-08T03:25:49.940962+00:00
117971,SCOA,2020-03-12,2.93,,,2.93,0,2026-04-08T03:25:52.243289+00:00
118074,SCOA,2020-03-13,2.93,,,2.93,0,2026-04-08T03:25:54.520183+00:00
118177,SCOA,2020-03-16,2.93,,,2.93,0,2026-04-08T03:25:58.965391+00:00
118280,SCOA,2020-03-17,2.93,,,2.93,0,2026-04-08T03:26:01.331984+00:00
118383,SCOA,2020-03-18,2.93,,,2.93,0,2026-04-08T03:26:03.589989+00:00
118486,SCOA,2020-03-19,2.93,,,2.93,0,2026-04-08T03:26:05.957067+00:00
118589,SCOA,2020-03-20,2.93,,,2.93,0,2026-04-08T03:26:08.377452+00:00
118692,SCOA,2020-03-23,2.93,,,2.93,0,2026-04-08T03:26:12.667002+00:00
118795,SCOA,2020-03-24,2.93,,,2.93,0,2026-04-08T03:26:14.960057+00:00
118898,SCOA,2020-03-25,2.93,,,2.93,0,2026-04-08T03:26:17.224804+00:00
119001,SCOA,2020-03-26,2.93,,,2.93,0,2026-04-08T03:26:19.64473+00:00
119104,SCOA,2020-03-27,2.93,,,2.93,0,2026-04-08T03:26:21.968693+00:00
119207,SCOA,2020-03-30,2.93,,,2.93,0,2026-04-08T03:26:26.43282+00:00
119310,SCOA,2020-03-31,2.93,,,2.93,0,2026-04-08T03:26:28.926506+00:00
119413,SCOA,2020-04-01,2.93,,,2.93,0,2026-04-08T03:26:31.173614+00:00
119516,SCOA,2020-04-02,2.93,,,2.93,0,2026-04-08T03:26:33.480235+00:00
119619,SCOA,2020-04-03,2.93,,,2.93,0,2026-04-08T03:26:35.777807+00:00
119722,SCOA,2020-04-06,2.93,,,2.93,0,2026-04-08T03:26:40.135575+00:00
119825,SCOA,2020-04-07,2.93,,,2.93,0,2026-04-08T03:26:42.376644+00:00
119928,SCOA,2020-04-08,2.93,,,2.93,0,2026-04-08T03:26:44.690105+00:00
120031,SCOA,2020-04-09,2.93,,,2.93,0,2026-04-08T03:26:47.020639+00:00
120134,SCOA,2020-04-14,2.93,,,2.93,0,2026-04-08T03:26:53.304016+00:00
120237,SCOA,2020-04-15,2.93,,,2.93,0,2026-04-08T03:26:55.643286+00:00
120340,SCOA,2020-04-16,2.93,,,2.93,0,2026-04-08T03:26:58.005731+00:00
120443,SCOA,2020-04-17,2.93,,,2.93,0,2026-04-08T03:27:00.196144+00:00
120546,SCOA,2020-04-20,2.93,,,2.93,0,2026-04-08T03:27:04.902814+00:00
120649,SCOA,2020-04-21,2.93,,,2.93,0,2026-04-08T03:27:07.124699+00:00
120752,SCOA,2020-04-22,2.93,,,2.93,0,2026-04-08T03:27:09.50407+00:00
120855,SCOA,2020-04-23,2.93,,,2.93,0,2026-04-08T03:27:11.732195+00:00
120958,SCOA,2020-04-24,2.93,,,2.93,0,2026-04-08T03:27:14.133022+00:00
121061,SCOA,2020-04-27,2.93,,,2.93,0,2026-04-08T03:27:18.376911+00:00
121164,SCOA,2020-04-28,2.93,,,2.93,0,2026-04-08T03:27:20.70836+00:00
121267,SCOA,2020-04-29,2.93,,,2.93,0,2026-04-08T03:27:23.099969+00:00
121370,SCOA,2020-04-30,2.93,,,2.93,0,2026-04-08T03:27:25.479794+00:00
121473,SCOA,2020-05-04,2.93,,,2.93,0,2026-04-08T03:27:30.67652+00:00
121576,SCOA,2020-05-05,2.93,,,2.93,0,2026-04-08T03:27:32.997372+00:00
121679,SCOA,2020-05-06,2.93,,,2.93,0,2026-04-08T03:27:35.368243+00:00
121782,SCOA,2020-05-07,2.93,,,2.93,0,2026-04-08T03:27:37.70358+00:00
121885,SCOA,2020-05-08,2.93,,,2.93,0,2026-04-08T03:27:39.945267+00:00
121988,SCOA,2020-05-11,2.93,,,2.93,0,2026-04-08T03:27:44.543581+00:00
122091,SCOA,2020-05-12,2.93,,,2.93,0,2026-04-08T03:27:46.988848+00:00
122194,SCOA,2020-05-13,2.93,,,2.93,0,2026-04-08T03:27:49.292243+00:00
122297,SCOA,2020-05-14,2.93,,,2.93,0,2026-04-08T03:27:51.592074+00:00
122400,SCOA,2020-05-19,2.93,,,2.93,0,2026-04-08T03:27:58.031425+00:00
122503,SCOA,2020-05-20,2.93,,,2.93,0,2026-04-08T03:28:00.412443+00:00
122606,SCOA,2020-05-21,2.93,,,2.93,0,2026-04-08T03:28:02.829603+00:00
122709,SCOA,2020-05-27,2.93,,,2.93,0,2026-04-08T03:28:10.17932+00:00
122812,SCOA,2020-05-28,2.93,,,2.93,0,2026-04-08T03:28:12.484321+00:00
122915,SCOA,2020-05-29,2.93,,,2.93,0,2026-04-08T03:28:14.796152+00:00
123018,SCOA,2020-06-02,2.93,,,2.93,0,2026-04-08T03:28:20.224588+00:00
123121,SCOA,2020-06-03,2.93,,,2.93,0,2026-04-08T03:28:22.45251+00:00
123224,SCOA,2020-06-04,2.93,,,2.93,0,2026-04-08T03:28:24.742978+00:00
123327,SCOA,2020-06-05,2.93,,,2.93,0,2026-04-08T03:28:26.997708+00:00
123430,SCOA,2020-06-08,2.93,,,2.93,0,2026-04-08T03:28:31.360755+00:00
123533,SCOA,2020-06-09,2.93,,,2.93,0,2026-04-08T03:28:33.545964+00:00
123636,SCOA,2020-06-10,2.93,,,2.93,0,2026-04-08T03:28:35.856379+00:00
123739,SCOA,2020-06-11,2.93,,,2.93,0,2026-04-08T03:28:38.052531+00:00
123842,SCOA,2020-06-15,2.93,,,2.93,0,2026-04-08T03:28:43.437023+00:00
123945,SCOA,2020-06-16,2.93,,,2.93,0,2026-04-08T03:28:45.961134+00:00
124048,SCOA,2020-06-17,2.93,,,2.93,0,2026-04-08T03:28:48.324213+00:00
124151,SCOA,2020-06-18,2.93,,,2.93,0,2026-04-08T03:28:50.696546+00:00
124254,SCOA,2020-06-19,2.93,,,2.93,0,2026-04-08T03:28:53.406809+00:00
124357,SCOA,2020-06-22,2.93,,,2.93,1250,2026-04-08T03:28:57.922359+00:00
124460,SCOA,2020-06-23,2.93,,,2.93,0,2026-04-08T03:29:00.283028+00:00
124563,SCOA,2020-06-24,2.93,,,2.93,0,2026-04-08T03:29:02.79982+00:00
124666,SCOA,2020-06-25,2.93,,,2.93,0,2026-04-08T03:29:05.076463+00:00
124769,SCOA,2020-06-26,2.93,,,2.93,0,2026-04-08T03:29:07.48598+00:00
124872,SCOA,2020-06-29,2.93,,,2.93,9297,2026-04-08T03:29:11.968016+00:00
124975,SCOA,2020-06-30,2.93,,,2.93,0,2026-04-08T03:29:14.28255+00:00
125078,SCOA,2020-07-01,2.93,,,2.93,375,2026-04-08T03:29:16.703757+00:00
125181,SCOA,2020-07-02,2.93,,,2.93,0,2026-04-08T03:29:19.127663+00:00
125284,SCOA,2020-07-03,2.93,,,2.93,0,2026-04-08T03:29:21.544735+00:00
125387,SCOA,2020-07-07,2.93,,,2.93,0,2026-04-08T03:29:27.331532+00:00
125490,SCOA,2020-07-08,2.93,,,2.93,0,2026-04-08T03:29:29.768744+00:00
125593,SCOA,2020-07-09,2.93,,,2.93,0,2026-04-08T03:29:32.143692+00:00
125696,SCOA,2020-07-10,2.93,,,2.93,0,2026-04-08T03:29:34.521297+00:00
125799,SCOA,2020-07-13,2.93,,,2.93,0,2026-04-08T03:29:39.007126+00:00
125902,SCOA,2020-07-14,2.93,,,2.93,0,2026-04-08T03:29:41.304989+00:00
126005,SCOA,2020-07-15,2.93,,,2.93,300,2026-04-08T03:29:43.708156+00:00
126108,SCOA,2020-07-16,2.93,,,2.93,0,2026-04-08T03:29:45.979708+00:00
126211,SCOA,2020-07-17,2.93,,,2.93,0,2026-04-08T03:29:48.357101+00:00
126314,SCOA,2020-07-20,2.93,,,2.93,0,2026-04-08T03:29:52.723074+00:00
126417,SCOA,2020-07-21,2.93,,,2.93,0,2026-04-08T03:29:55.035926+00:00
126520,SCOA,2020-07-23,2.93,,,2.93,0,2026-04-08T03:29:58.238067+00:00
126623,SCOA,2020-07-24,2.93,,,2.93,0,2026-04-08T03:30:00.541513+00:00
126726,SCOA,2020-07-27,2.93,,,2.93,0,2026-04-08T03:30:04.748878+00:00
126829,SCOA,2020-07-28,2.93,,,2.93,0,2026-04-08T03:30:07.286947+00:00
126932,SCOA,2020-07-29,2.93,,,2.93,0,2026-04-08T03:30:09.725653+00:00
127035,SCOA,2020-08-03,2.93,,,2.93,764,2026-04-08T03:30:16.711714+00:00
127138,SCOA,2020-08-04,2.93,,,2.93,0,2026-04-08T03:30:19.026905+00:00
127241,SCOA,2020-08-05,2.93,,,2.93,0,2026-04-08T03:30:21.509999+00:00
127344,SCOA,2020-08-06,2.93,,,2.93,7540,2026-04-08T03:30:23.823287+00:00
127447,SCOA,2020-08-07,2.93,,,2.93,0,2026-04-08T03:30:26.221973+00:00
127550,SCOA,2020-08-10,2.93,,,2.93,186,2026-04-08T03:30:31.080726+00:00
127653,SCOA,2020-08-11,2.93,,,2.93,0,2026-04-08T03:30:33.557314+00:00
127756,SCOA,2020-08-12,2.93,,,2.93,0,2026-04-08T03:30:35.989363+00:00
127859,SCOA,2020-08-13,2.93,,,2.93,0,2026-04-08T03:30:38.402702+00:00
127962,SCOA,2020-08-14,2.93,,,2.93,0,2026-04-08T03:30:40.738296+00:00
128065,SCOA,2020-08-17,2.93,,,2.93,0,2026-04-08T03:30:45.179846+00:00
128168,SCOA,2020-08-18,2.93,,,2.93,0,2026-04-08T03:30:47.750292+00:00
128271,SCOA,2020-08-19,2.93,,,2.93,0,2026-04-08T03:30:50.260611+00:00
128374,SCOA,2020-08-20,2.93,,,2.93,0,2026-04-08T03:30:52.728097+00:00
128477,SCOA,2020-08-21,2.93,,,2.93,0,2026-04-08T03:30:55.129893+00:00
128580,SCOA,2020-08-24,2.93,,,2.93,5232,2026-04-08T03:30:59.50528+00:00
128683,SCOA,2020-08-25,2.93,,,2.93,150,2026-04-08T03:31:01.97181+00:00
128786,SCOA,2020-08-26,2.93,,,2.93,0,2026-04-08T03:31:04.340397+00:00
128889,SCOA,2020-08-27,2.93,,,2.93,0,2026-04-08T03:31:06.825032+00:00
128992,SCOA,2020-08-28,2.93,,,2.93,0,2026-04-08T03:31:10.050623+00:00
129095,SCOA,2020-08-31,2.93,,,2.93,0,2026-04-08T03:31:14.574397+00:00
129198,SCOA,2020-09-01,2.93,,,2.93,0,2026-04-08T03:31:16.859057+00:00
129301,SCOA,2020-09-02,2.93,,,2.93,0,2026-04-08T03:31:19.223829+00:00
129404,SCOA,2020-09-03,2.93,,,2.93,0,2026-04-08T03:31:21.580357+00:00
129507,SCOA,2020-09-04,2.93,,,2.93,350,2026-04-08T03:31:24.095323+00:00
129610,SCOA,2020-09-07,2.93,,,2.93,0,2026-04-08T03:31:29.028072+00:00
129713,SCOA,2020-09-08,2.93,,,2.93,0,2026-04-08T03:31:31.696694+00:00
129816,SCOA,2020-09-09,2.93,,,2.93,200,2026-04-08T03:31:34.222499+00:00
129919,SCOA,2020-09-10,2.93,,,2.93,0,2026-04-08T03:31:36.666154+00:00
130022,SCOA,2020-09-11,2.93,,,2.93,0,2026-04-08T03:31:39.224755+00:00
130125,SCOA,2020-09-14,2.93,,,2.93,0,2026-04-08T03:31:43.669625+00:00
130228,SCOA,2020-09-15,2.93,,,2.93,375,2026-04-08T03:31:46.096824+00:00
130331,SCOA,2020-09-16,2.93,,,2.93,10,2026-04-08T03:31:48.62473+00:00
130434,SCOA,2020-09-17,2.93,,,2.93,0,2026-04-08T03:31:51.120615+00:00
130537,SCOA,2020-09-18,2.93,,,2.93,50,2026-04-08T03:31:53.500222+00:00
130640,SCOA,2020-09-21,2.93,,,2.93,0,2026-04-08T03:31:57.915353+00:00
130743,SCOA,2020-09-22,2.93,,,2.93,0,2026-04-08T03:32:00.361616+00:00
130846,SCOA,2020-09-23,2.93,,,2.93,0,2026-04-08T03:32:02.667296+00:00
130949,SCOA,2020-09-24,2.93,,,2.93,4350,2026-04-08T03:32:05.077899+00:00
131052,SCOA,2020-09-25,2.93,,,2.93,0,2026-04-08T03:32:07.472813+00:00
131155,SCOA,2020-09-28,2.93,,,2.93,0,2026-04-08T03:32:12.542607+00:00
131258,SCOA,2020-09-29,2.93,,,2.93,0,2026-04-08T03:32:14.948969+00:00
131361,SCOA,2020-09-30,2.93,,,2.93,252,2026-04-08T03:32:17.368144+00:00
131464,SCOA,2020-10-02,2.93,,,2.93,40,2026-04-08T03:32:21.009688+00:00
131567,SCOA,2020-10-05,2.93,,,2.93,100,2026-04-08T03:32:25.669514+00:00
131670,SCOA,2020-10-06,2.93,,,2.93,0,2026-04-08T03:32:28.151061+00:00
131773,SCOA,2020-10-07,2.93,,,2.93,500,2026-04-08T03:32:30.62441+00:00
131876,SCOA,2020-10-08,2.93,,,2.93,0,2026-04-08T03:32:32.995223+00:00
131979,SCOA,2020-10-09,2.93,,,2.93,10000,2026-04-08T03:32:35.453646+00:00
132082,SCOA,2020-10-12,2.93,,,2.93,0,2026-04-08T03:32:39.836845+00:00
132185,SCOA,2020-10-13,2.93,,,2.93,0,2026-04-08T03:32:42.883097+00:00
132288,SCOA,2020-10-14,2.93,,,2.93,0,2026-04-08T03:32:45.313484+00:00
132391,SCOA,2020-10-15,2.93,,,2.93,0,2026-04-08T03:32:47.672181+00:00
132494,SCOA,2020-10-16,2.93,,,2.93,0,2026-04-08T03:32:50.112843+00:00
132597,SCOA,2020-10-19,2.93,,,2.93,0,2026-04-08T03:32:54.594352+00:00
132700,SCOA,2020-10-20,2.93,,,2.93,0,2026-04-08T03:32:57.288568+00:00
132803,SCOA,2020-10-21,2.93,,,2.93,0,2026-04-08T03:32:59.679627+00:00
132906,SCOA,2020-10-22,2.93,,,2.93,0,2026-04-08T03:33:02.194874+00:00
133009,SCOA,2020-10-23,2.93,,,2.93,0,2026-04-08T03:33:04.540232+00:00
133112,SCOA,2020-10-26,2.93,,,2.93,0,2026-04-08T03:33:08.964122+00:00
133215,SCOA,2020-10-27,2.93,,,2.93,0,2026-04-08T03:33:12.04516+00:00
133318,SCOA,2020-10-28,2.93,,,2.93,0,2026-04-08T03:33:14.504918+00:00
133421,SCOA,2020-10-30,2.93,,,2.93,0,2026-04-08T03:33:18.13889+00:00
133524,SCOA,2020-11-02,2.93,,,2.93,80309,2026-04-08T03:33:22.589733+00:00
133627,SCOA,2020-11-03,2.93,,,2.93,0,2026-04-08T03:33:24.936567+00:00
133730,SCOA,2020-11-04,2.93,,,2.93,0,2026-04-08T03:33:27.402012+00:00
133833,SCOA,2020-11-05,2.93,,,2.93,500,2026-04-08T03:33:29.791139+00:00
133936,SCOA,2020-11-06,2.93,,,2.93,0,2026-04-08T03:33:32.190465+00:00
134039,SCOA,2020-11-09,2.93,,,2.93,3500,2026-04-08T03:33:36.944942+00:00
134143,SCOA,2020-11-10,2.93,,,2.93,0,2026-04-08T03:33:39.328014+00:00
134247,SCOA,2020-11-11,2.93,,,2.93,0,2026-04-08T03:33:41.646704+00:00
134351,SCOA,2020-11-12,2.93,,,2.93,0,2026-04-08T03:33:44.075825+00:00
134455,SCOA,2020-11-13,2.93,,,2.93,0,2026-04-08T03:33:46.660663+00:00
134559,SCOA,2020-11-16,2.93,,,2.93,2017,2026-04-08T03:33:51.206328+00:00
134663,SCOA,2020-11-17,2.93,,,2.93,0,2026-04-08T03:33:53.594986+00:00
134767,SCOA,2020-11-18,2.93,,,2.93,0,2026-04-08T03:33:56.053488+00:00
134871,SCOA,2020-11-19,2.93,,,2.93,2000,2026-04-08T03:33:58.535588+00:00
134975,SCOA,2020-11-20,2.93,,,2.93,0,2026-04-08T03:34:01.033528+00:00
135079,SCOA,2020-11-23,2.93,,,2.93,0,2026-04-08T03:34:05.446005+00:00
135183,SCOA,2020-11-24,2.93,,,2.93,0,2026-04-08T03:34:07.827748+00:00
135287,SCOA,2020-11-25,2.93,,,2.93,0,2026-04-08T03:34:10.273596+00:00
135391,SCOA,2020-11-26,2.93,,,2.93,0,2026-04-08T03:34:12.878043+00:00
135495,SCOA,2020-11-27,2.93,,,2.93,0,2026-04-08T03:34:15.660625+00:00
135599,SCOA,2020-11-30,2.93,,,2.93,0,2026-04-08T03:34:20.595268+00:00
135703,SCOA,2020-12-01,2.93,,,2.93,0,2026-04-08T03:34:22.915781+00:00
135806,SCOA,2020-12-02,2.93,,,2.93,0,2026-04-08T03:34:25.200893+00:00
135908,SCOA,2020-12-03,2.93,,,2.93,0,2026-04-08T03:34:27.500503+00:00
136010,SCOA,2020-12-04,2.93,,,2.93,0,2026-04-08T03:34:29.754666+00:00
136114,SCOA,2020-12-07,2.93,,,2.93,0,2026-04-08T03:34:34.092506+00:00
136218,SCOA,2020-12-08,2.93,,,2.93,0,2026-04-08T03:34:36.413898+00:00
136322,SCOA,2020-12-09,2.93,,,2.93,0,2026-04-08T03:34:38.741358+00:00
136426,SCOA,2020-12-10,2.93,,,2.93,0,2026-04-08T03:34:41.210459+00:00
136530,SCOA,2020-12-11,2.93,,,2.93,0,2026-04-08T03:34:43.516271+00:00
136634,SCOA,2020-12-14,2.93,,,2.93,0,2026-04-08T03:34:47.752987+00:00
136739,SCOA,2020-12-15,2.93,,,2.93,0,2026-04-08T03:34:50.014046+00:00
136844,SCOA,2020-12-16,2.93,,,2.93,5454,2026-04-08T03:34:52.260784+00:00
136949,SCOA,2020-12-17,2.93,,,2.93,5000,2026-04-08T03:34:54.700208+00:00
137054,SCOA,2020-12-18,2.93,,,2.93,20432,2026-04-08T03:34:57.404383+00:00
137159,SCOA,2020-12-21,2.93,,,2.93,0,2026-04-08T03:35:01.74156+00:00
137264,SCOA,2020-12-22,2.93,,,2.93,0,2026-04-08T03:35:04.087051+00:00
137369,SCOA,2020-12-23,2.93,,,2.93,0,2026-04-08T03:35:06.465463+00:00
137474,SCOA,2020-12-24,2.93,,,2.93,0,2026-04-08T03:35:08.859517+00:00
137579,SCOA,2020-12-29,2.93,,,2.93,0,2026-04-08T03:35:15.710612+00:00
137684,SCOA,2020-12-30,2.93,,,2.93,10000,2026-04-08T03:35:18.332825+00:00
137789,SCOA,2020-12-31,2.93,,,2.93,6900,2026-04-08T03:35:20.721524+00:00
137894,SCOA,2021-01-04,2.93,,,2.93,0,2026-04-08T03:35:26.376094+00:00
137999,SCOA,2021-01-05,2.93,,,2.93,0,2026-04-08T03:35:29.033034+00:00
138104,SCOA,2021-01-06,2.93,,,2.93,1640,2026-04-08T03:35:31.424152+00:00
138209,SCOA,2021-01-07,2.93,,,2.93,0,2026-04-08T03:35:34.042283+00:00
138314,SCOA,2021-01-08,2.93,,,2.93,0,2026-04-08T03:35:36.489888+00:00
138419,SCOA,2021-01-11,2.93,,,2.93,0,2026-04-08T03:35:41.134484+00:00
138524,SCOA,2021-01-12,2.93,,,2.93,0,2026-04-08T03:35:43.444525+00:00
138629,SCOA,2021-01-13,2.93,,,2.93,0,2026-04-08T03:35:45.752573+00:00
138734,SCOA,2021-01-14,2.93,,,2.93,0,2026-04-08T03:35:48.266873+00:00
138839,SCOA,2021-01-15,2.93,,,2.93,3842,2026-04-08T03:35:50.536305+00:00
138944,SCOA,2021-01-18,2.93,,,2.93,0,2026-04-08T03:35:55.012207+00:00
139049,SCOA,2021-01-19,2.93,,,2.93,0,2026-04-08T03:35:57.346792+00:00
139154,SCOA,2021-01-20,2.93,,,2.93,0,2026-04-08T03:35:59.785195+00:00
139259,SCOA,2021-01-21,2.93,,,2.93,0,2026-04-08T03:36:02.057398+00:00
139364,SCOA,2021-01-22,2.93,,,2.93,0,2026-04-08T03:36:04.490813+00:00
139469,SCOA,2021-01-25,2.93,,,2.93,0,2026-04-08T03:36:09.142175+00:00
139574,SCOA,2021-01-26,2.93,,,2.93,0,2026-04-08T03:36:11.477526+00:00
139679,SCOA,2021-01-27,2.93,,,2.93,0,2026-04-08T03:36:13.916788+00:00
139784,SCOA,2021-01-28,2.93,,,2.93,0,2026-04-08T03:36:16.269205+00:00
139889,SCOA,2021-01-29,2.93,,,2.93,0,2026-04-08T03:36:18.603253+00:00
139994,SCOA,2021-02-01,2.93,,,2.93,0,2026-04-08T03:36:23.094546+00:00
140099,SCOA,2021-02-02,2.93,,,2.93,0,2026-04-08T03:36:25.523135+00:00
140204,SCOA,2021-02-03,2.93,,,2.93,8060,2026-04-08T03:36:27.835035+00:00
140309,SCOA,2021-02-04,2.93,,,2.93,1100,2026-04-08T03:36:30.225924+00:00
140414,SCOA,2021-02-05,2.93,,,2.93,0,2026-04-08T03:36:32.587221+00:00
140519,SCOA,2021-02-08,2.93,,,2.93,25199,2026-04-08T03:36:37.052653+00:00
140624,SCOA,2021-02-09,2.93,,,2.93,0,2026-04-08T03:36:39.468141+00:00
140729,SCOA,2021-02-10,2.93,,,2.93,0,2026-04-08T03:36:41.836322+00:00
140834,SCOA,2021-02-11,2.93,,,2.93,0,2026-04-08T03:36:44.255641+00:00
140939,SCOA,2021-02-12,2.93,,,2.93,0,2026-04-08T03:36:46.553737+00:00
141044,SCOA,2021-02-15,2.93,,,2.93,0,2026-04-08T03:36:50.983127+00:00
141149,SCOA,2021-02-16,2.93,,,2.93,0,2026-04-08T03:36:53.929967+00:00
141254,SCOA,2021-02-17,2.93,,,2.93,0,2026-04-08T03:36:56.762484+00:00
141359,SCOA,2021-02-18,2.93,,,2.93,0,2026-04-08T03:36:59.321693+00:00
141464,SCOA,2021-02-19,2.93,,,2.93,0,2026-04-08T03:37:01.817881+00:00
141569,SCOA,2021-02-22,2.93,,,2.93,0,2026-04-08T03:37:06.27808+00:00
141674,SCOA,2021-02-23,2.93,,,2.93,0,2026-04-08T03:37:08.890934+00:00
141779,SCOA,2021-02-24,2.93,,,2.93,0,2026-04-08T03:37:11.490979+00:00
141884,SCOA,2021-02-25,2.93,,,2.93,0,2026-04-08T03:37:14.190372+00:00
141989,SCOA,2021-02-26,2.93,,,2.93,0,2026-04-08T03:37:16.661186+00:00
142094,SCOA,2021-03-01,2.93,,,2.93,0,2026-04-08T03:37:22.522205+00:00
142199,SCOA,2021-03-02,2.93,,,2.93,0,2026-04-08T03:37:25.400973+00:00
142304,SCOA,2021-03-03,2.93,,,2.93,625,2026-04-08T03:37:28.29584+00:00
142409,SCOA,2021-03-04,2.93,,,2.93,60,2026-04-08T03:37:30.865183+00:00
142514,SCOA,2021-03-05,2.64,,,2.64,897096,2026-04-08T03:37:35.032922+00:00
142619,SCOA,2021-03-08,2.38,,,2.38,2302342,2026-04-08T03:37:40.957406+00:00
142724,SCOA,2021-03-09,2.38,,,2.38,0,2026-04-08T03:37:43.478318+00:00
142829,SCOA,2021-03-10,2.38,,,2.38,492,2026-04-08T03:37:46.075681+00:00
142934,SCOA,2021-03-11,2.38,,,2.38,449,2026-04-08T03:37:49.142973+00:00
143039,SCOA,2021-03-12,2.38,,,2.38,0,2026-04-08T03:37:51.827027+00:00
143144,SCOA,2021-03-15,2.38,,,2.38,0,2026-04-08T03:37:56.632273+00:00
143249,SCOA,2021-03-16,2.38,,,2.38,0,2026-04-08T03:37:59.157483+00:00
143354,SCOA,2021-03-17,2.38,,,2.38,0,2026-04-08T03:38:01.497417+00:00
143459,SCOA,2021-03-18,2.38,,,2.38,0,2026-04-08T03:38:03.831621+00:00
143564,SCOA,2021-03-19,2.38,,,2.38,0,2026-04-08T03:38:06.31825+00:00
143669,SCOA,2021-03-22,2.38,,,2.38,0,2026-04-08T03:38:11.081229+00:00
143774,SCOA,2021-03-23,2.38,,,2.38,0,2026-04-08T03:38:13.396015+00:00
143879,SCOA,2021-03-24,2.38,,,2.38,0,2026-04-08T03:38:15.81449+00:00
143984,SCOA,2021-03-25,2.38,,,2.38,0,2026-04-08T03:38:18.283134+00:00
144089,SCOA,2021-03-26,2.38,,,2.38,0,2026-04-08T03:38:20.746814+00:00
144194,SCOA,2021-03-29,2.38,,,2.38,0,2026-04-08T03:38:25.159246+00:00
144299,SCOA,2021-03-30,2.38,,,2.38,0,2026-04-08T03:38:27.475529+00:00
144404,SCOA,2021-03-31,2.38,,,2.38,0,2026-04-08T03:38:29.710175+00:00
144509,SCOA,2021-04-01,2.38,,,2.38,0,2026-04-08T03:38:32.086622+00:00
144614,SCOA,2021-04-06,2.38,,,2.38,0,2026-04-08T03:38:38.336109+00:00
144719,SCOA,2021-04-07,2.38,,,2.38,0,2026-04-08T03:38:40.597593+00:00
144824,SCOA,2021-04-08,2.38,,,2.38,0,2026-04-08T03:38:43.050318+00:00
144929,SCOA,2021-04-09,2.38,,,2.38,0,2026-04-08T03:38:45.381101+00:00
145034,SCOA,2021-04-12,2.38,,,2.38,0,2026-04-08T03:38:49.634064+00:00
145139,SCOA,2021-04-14,2.38,,,2.38,0,2026-04-08T03:38:53.291299+00:00
145244,SCOA,2021-04-15,2.38,,,2.38,1980,2026-04-08T03:38:55.647647+00:00
145349,SCOA,2021-04-16,2.38,,,2.38,0,2026-04-08T03:38:58.039758+00:00
145454,SCOA,2021-04-19,2.38,,,2.38,0,2026-04-08T03:39:02.639407+00:00
145559,SCOA,2021-04-20,2.38,,,2.38,0,2026-04-08T03:39:05.009889+00:00
145664,SCOA,2021-04-21,2.38,,,2.38,0,2026-04-08T03:39:07.371999+00:00
145769,SCOA,2021-04-22,2.38,,,2.38,0,2026-04-08T03:39:09.720023+00:00
145874,SCOA,2021-04-26,2.38,,,2.38,0,2026-04-08T03:39:15.36746+00:00
145979,SCOA,2021-04-27,2.38,,,2.38,0,2026-04-08T03:39:17.695414+00:00
146084,SCOA,2021-04-28,2.38,,,2.38,0,2026-04-08T03:39:20.620007+00:00
146189,SCOA,2021-04-29,2.38,,,2.38,0,2026-04-08T03:39:22.905871+00:00
146294,SCOA,2021-04-30,2.38,,,2.38,1120,2026-04-08T03:39:25.430976+00:00
146399,SCOA,2021-05-04,2.38,,,2.38,0,2026-04-08T03:39:31.322792+00:00
146504,SCOA,2021-05-05,2.38,,,2.38,4360,2026-04-08T03:39:33.759587+00:00
146609,SCOA,2021-05-06,2.15,,,2.15,220000,2026-04-08T03:39:36.246061+00:00
146714,SCOA,2021-05-07,2.15,,,2.15,4000,2026-04-08T03:39:38.47254+00:00
146819,SCOA,2021-05-10,2.15,,,2.15,3508,2026-04-08T03:39:42.886326+00:00
146924,SCOA,2021-05-11,2.15,,,2.15,2992,2026-04-08T03:39:45.288668+00:00
147029,SCOA,2021-05-14,2.15,,,2.15,7000,2026-04-08T03:39:49.859206+00:00
147134,SCOA,2021-05-17,2.15,,,2.15,2000,2026-04-08T03:39:54.343913+00:00
147239,SCOA,2021-05-18,1.95,,,1.95,105000,2026-04-08T03:39:57.092526+00:00
147344,SCOA,2021-05-19,1.95,,,1.95,3075,2026-04-08T03:39:59.433321+00:00
147449,SCOA,2021-05-20,1.95,,,1.95,575,2026-04-08T03:40:01.906518+00:00
147554,SCOA,2021-05-21,1.95,,,1.95,0,2026-04-08T03:40:04.221824+00:00
147659,SCOA,2021-05-24,1.95,,,1.95,0,2026-04-08T03:40:08.535937+00:00
147764,SCOA,2021-05-25,1.95,,,1.95,0,2026-04-08T03:40:10.790359+00:00
147869,SCOA,2021-05-26,1.95,,,1.95,0,2026-04-08T03:40:13.088105+00:00
147974,SCOA,2021-05-27,1.95,,,1.95,0,2026-04-08T03:40:15.774564+00:00
148079,SCOA,2021-05-28,1.95,,,1.95,11000,2026-04-08T03:40:18.222614+00:00
148184,SCOA,2021-05-31,1.95,,,1.95,0,2026-04-08T03:40:23.651574+00:00
148289,SCOA,2021-06-01,1.95,,,1.95,0,2026-04-08T03:40:26.050454+00:00
148394,SCOA,2021-06-02,1.95,,,1.95,0,2026-04-08T03:40:28.576306+00:00
148499,SCOA,2021-06-03,1.95,,,1.95,180,2026-04-08T03:40:31.001459+00:00
148604,SCOA,2021-06-04,1.95,,,1.95,0,2026-04-08T03:40:33.442796+00:00
148709,SCOA,2021-06-07,1.95,,,1.95,0,2026-04-08T03:40:37.732645+00:00
148814,SCOA,2021-06-08,1.95,,,1.95,0,2026-04-08T03:40:40.102423+00:00
148919,SCOA,2021-06-09,1.95,,,1.95,0,2026-04-08T03:40:42.486352+00:00
149024,SCOA,2021-06-10,1.95,,,1.95,0,2026-04-08T03:40:45.029393+00:00
149129,SCOA,2021-06-11,1.95,,,1.95,0,2026-04-08T03:40:47.465669+00:00
149234,SCOA,2021-06-15,1.95,,,1.95,3800,2026-04-08T03:40:53.415974+00:00
149339,SCOA,2021-06-16,1.95,,,1.95,8272,2026-04-08T03:40:55.754681+00:00
149445,SCOA,2021-06-17,1.95,,,1.95,0,2026-04-08T03:40:58.172345+00:00
149551,SCOA,2021-06-18,1.95,,,1.95,0,2026-04-08T03:41:00.479054+00:00
149657,SCOA,2021-06-21,1.95,,,1.95,0,2026-04-08T03:41:05.049703+00:00
149764,SCOA,2021-06-22,1.95,,,1.95,0,2026-04-08T03:41:07.444448+00:00
149871,SCOA,2021-06-23,1.95,,,1.95,0,2026-04-08T03:41:09.819069+00:00
149978,SCOA,2021-06-24,1.95,,,1.95,0,2026-04-08T03:41:12.2583+00:00
150085,SCOA,2021-06-25,1.95,,,1.95,100,2026-04-08T03:41:14.6351+00:00
150192,SCOA,2021-06-28,1.95,,,1.95,0,2026-04-08T03:41:19.428749+00:00
150299,SCOA,2021-06-29,1.95,,,1.95,0,2026-04-08T03:41:22.147646+00:00
150406,SCOA,2021-06-30,1.95,,,1.95,0,2026-04-08T03:41:24.723581+00:00
150513,SCOA,2021-07-01,1.95,,,1.95,5000,2026-04-08T03:41:27.253573+00:00
150620,SCOA,2021-07-02,1.95,,,1.95,0,2026-04-08T03:41:29.882533+00:00
150727,SCOA,2021-07-05,1.95,,,1.95,0,2026-04-08T03:41:34.454391+00:00
150834,SCOA,2021-07-06,1.95,,,1.95,15308,2026-04-08T03:41:36.982623+00:00
150941,SCOA,2021-07-07,1.95,,,1.95,0,2026-04-08T03:41:39.307643+00:00
151048,SCOA,2021-07-08,1.95,,,1.95,0,2026-04-08T03:41:41.672436+00:00
151155,SCOA,2021-07-09,1.95,,,1.95,100000,2026-04-08T03:41:44.186247+00:00
151263,SCOA,2021-07-12,1.95,,,1.95,5500,2026-04-08T03:41:48.615121+00:00
151371,SCOA,2021-07-13,1.95,,,1.95,0,2026-04-08T03:41:50.993586+00:00
151479,SCOA,2021-07-14,1.95,,,1.95,0,2026-04-08T03:41:53.268+00:00
151587,SCOA,2021-07-15,1.95,,,1.95,0,2026-04-08T03:41:55.50175+00:00
151695,SCOA,2021-07-16,1.95,,,1.95,0,2026-04-08T03:41:57.978751+00:00
151803,SCOA,2021-07-19,1.95,,,1.95,0,2026-04-08T03:42:02.439681+00:00
151911,SCOA,2021-07-22,1.95,,,1.95,14820,2026-04-08T03:42:06.938387+00:00
152019,SCOA,2021-07-23,1.95,,,1.95,2807,2026-04-08T03:42:09.224536+00:00
152127,SCOA,2021-07-26,1.95,,,1.95,0,2026-04-08T03:42:13.888963+00:00
152235,SCOA,2021-07-27,1.95,,,1.95,0,2026-04-08T03:42:16.300026+00:00
152343,SCOA,2021-07-28,1.95,,,1.95,0,2026-04-08T03:42:18.733972+00:00
152451,SCOA,2021-07-29,1.95,,,1.95,0,2026-04-08T03:42:21.196071+00:00
152559,SCOA,2021-07-30,1.95,,,1.95,0,2026-04-08T03:42:23.780537+00:00
152667,SCOA,2021-08-02,1.95,,,1.95,8320,2026-04-08T03:42:28.457705+00:00
152775,SCOA,2021-08-03,1.95,,,1.95,6680,2026-04-08T03:42:31.094462+00:00
152883,SCOA,2021-08-04,1.95,,,1.95,10000,2026-04-08T03:42:33.531563+00:00
152991,SCOA,2021-08-05,1.95,,,1.95,0,2026-04-08T03:42:35.917081+00:00
153099,SCOA,2021-08-06,1.95,,,1.95,0,2026-04-08T03:42:38.23616+00:00
153207,SCOA,2021-08-09,1.95,,,1.95,0,2026-04-08T03:42:42.878342+00:00
153315,SCOA,2021-08-10,1.95,,,1.95,0,2026-04-08T03:42:45.264053+00:00
153423,SCOA,2021-08-12,1.95,,,1.95,0,2026-04-08T03:42:48.762656+00:00
153531,SCOA,2021-08-13,1.95,,,1.95,0,2026-04-08T03:42:51.120096+00:00
153639,SCOA,2021-08-16,1.95,,,1.95,0,2026-04-08T03:42:55.556429+00:00
153747,SCOA,2021-08-17,1.76,,,1.76,100150,2026-04-08T03:42:57.870214+00:00
153855,SCOA,2021-08-18,1.59,,,1.59,100110,2026-04-08T03:43:00.318272+00:00
153963,SCOA,2021-08-19,1.59,,,1.59,32607,2026-04-08T03:43:02.743698+00:00
154071,SCOA,2021-08-20,1.59,,,1.59,13000,2026-04-08T03:43:05.111187+00:00
154179,SCOA,2021-08-23,1.59,,,1.59,63000,2026-04-08T03:43:09.725908+00:00
154287,SCOA,2021-08-24,1.59,,,1.59,0,2026-04-08T03:43:12.031989+00:00
154395,SCOA,2021-08-25,1.59,,,1.59,1500,2026-04-08T03:43:14.375004+00:00
154503,SCOA,2021-08-26,1.44,,,1.44,112000,2026-04-08T03:43:16.860503+00:00
154611,SCOA,2021-08-27,1.44,,,1.44,14700,2026-04-08T03:43:19.247601+00:00
154719,SCOA,2021-08-30,1.44,,,1.44,128459,2026-04-08T03:43:23.756871+00:00
154827,SCOA,2021-08-31,1.44,,,1.44,41479,2026-04-08T03:43:26.203018+00:00
154935,SCOA,2021-09-01,1.44,,,1.44,20900,2026-04-08T03:43:28.430514+00:00
155043,SCOA,2021-09-02,1.44,,,1.44,48920,2026-04-08T03:43:30.63423+00:00
155151,SCOA,2021-09-03,1.44,,,1.44,18034,2026-04-08T03:43:33.173741+00:00
155259,SCOA,2021-09-06,1.44,,,1.44,899,2026-04-08T03:43:37.566628+00:00
155367,SCOA,2021-09-07,1.44,,,1.44,0,2026-04-08T03:43:39.870652+00:00
155475,SCOA,2021-09-08,1.3,,,1.3,101105,2026-04-08T03:43:42.125577+00:00
155583,SCOA,2021-09-09,1.3,,,1.3,25192,2026-04-08T03:43:44.739177+00:00
155691,SCOA,2021-09-10,1.3,,,1.3,3900,2026-04-08T03:43:47.339386+00:00
155799,SCOA,2021-09-13,1.17,,,1.17,102000,2026-04-08T03:43:51.822078+00:00
155907,SCOA,2021-09-14,1.17,,,1.17,45135,2026-04-08T03:43:54.260371+00:00
156015,SCOA,2021-09-15,1.17,,,1.17,126341,2026-04-08T03:43:56.896801+00:00
156123,SCOA,2021-09-16,1.06,,,1.06,167338,2026-04-08T03:43:59.227477+00:00
156231,SCOA,2021-09-20,0.96,,,0.96,558635,2026-04-08T03:44:04.993721+00:00
156339,SCOA,2021-09-21,0.96,,,0.96,76905,2026-04-08T03:44:07.727357+00:00
156447,SCOA,2021-09-22,0.96,,,0.96,53643,2026-04-08T03:44:10.239254+00:00
156555,SCOA,2021-09-23,0.96,,,0.96,85150,2026-04-08T03:44:12.661605+00:00
156663,SCOA,2021-09-24,0.87,,,0.87,169312,2026-04-08T03:44:15.34542+00:00
156771,SCOA,2021-09-27,0.87,,,0.87,289871,2026-04-08T03:44:19.850483+00:00
156879,SCOA,2021-09-28,0.87,,,0.87,166218,2026-04-08T03:44:22.678655+00:00
156987,SCOA,2021-09-29,0.87,,,0.87,87667,2026-04-08T03:44:25.133662+00:00
157095,SCOA,2021-09-30,0.87,,,0.87,3750,2026-04-08T03:44:27.471646+00:00
157203,SCOA,2021-10-04,0.87,,,0.87,680,2026-04-08T03:44:32.876267+00:00
157311,SCOA,2021-10-05,0.87,,,0.87,20416,2026-04-08T03:44:35.445743+00:00
157419,SCOA,2021-10-06,0.87,,,0.87,500,2026-04-08T03:44:37.876116+00:00
157527,SCOA,2021-10-07,0.87,,,0.87,423883,2026-04-08T03:44:40.206594+00:00
157635,SCOA,2021-10-08,0.87,,,0.87,24000,2026-04-08T03:44:42.63936+00:00
157743,SCOA,2021-10-11,0.87,,,0.87,2142,2026-04-08T03:44:47.21782+00:00
157851,SCOA,2021-10-12,0.87,,,0.87,298532,2026-04-08T03:44:49.55017+00:00
157959,SCOA,2021-10-13,0.87,,,0.87,7127,2026-04-08T03:44:52.157785+00:00
158067,SCOA,2021-10-14,0.87,,,0.87,14506,2026-04-08T03:44:54.53471+00:00
158175,SCOA,2021-10-15,0.95,,,0.95,101714,2026-04-08T03:44:56.91657+00:00
158284,SCOA,2021-10-18,0.95,,,0.95,5822,2026-04-08T03:45:01.595863+00:00
158393,SCOA,2021-10-20,0.95,,,0.95,24401,2026-04-08T03:45:05.471144+00:00
158502,SCOA,2021-10-21,0.95,,,0.95,80332,2026-04-08T03:45:08.008029+00:00
158609,SCOA,2021-10-22,0.95,,,0.95,94062,2026-04-08T03:45:10.474564+00:00
158718,SCOA,2021-10-25,0.95,,,0.95,17321,2026-04-08T03:45:15.28358+00:00
158827,SCOA,2021-10-26,0.95,,,0.95,10000,2026-04-08T03:45:17.74539+00:00
158936,SCOA,2021-10-27,0.95,,,0.95,2500,2026-04-08T03:45:20.303823+00:00
159045,SCOA,2021-10-28,0.95,,,0.95,28308,2026-04-08T03:45:22.610226+00:00
159154,SCOA,2021-10-29,0.95,,,0.95,0,2026-04-08T03:45:25.013779+00:00
159263,SCOA,2021-11-01,0.95,,,0.95,62320,2026-04-08T03:45:29.747778+00:00
159372,SCOA,2021-11-02,0.95,,,0.95,3925,2026-04-08T03:45:32.292585+00:00
159481,SCOA,2021-11-03,0.95,,,0.95,20474,2026-04-08T03:45:34.604091+00:00
159590,SCOA,2021-11-04,1.04,,,1.04,124904,2026-04-08T03:45:37.086301+00:00
159699,SCOA,2021-11-05,1.04,,,1.04,180450,2026-04-08T03:45:39.522081+00:00
159808,SCOA,2021-11-08,1.04,,,1.04,200,2026-04-08T03:45:44.061968+00:00
159917,SCOA,2021-11-10,1.04,,,1.04,0,2026-04-08T03:45:47.530577+00:00
160026,SCOA,2021-11-11,1.04,,,1.04,5260,2026-04-08T03:45:49.990111+00:00
160135,SCOA,2021-11-12,1.04,,,1.04,10375,2026-04-08T03:45:52.531373+00:00
160244,SCOA,2021-11-15,1.04,,,1.04,3868,2026-04-08T03:45:57.041913+00:00
160353,SCOA,2021-11-17,1.04,,,1.04,6800,2026-04-08T03:46:00.536124+00:00
160462,SCOA,2021-11-18,1.04,,,1.04,20060,2026-04-08T03:46:03.012698+00:00
160571,SCOA,2021-11-19,1.04,,,1.04,101680,2026-04-08T03:46:05.423699+00:00
160680,SCOA,2021-11-22,1.04,,,1.04,6420,2026-04-08T03:46:10.306395+00:00
160789,SCOA,2021-11-23,1.04,,,1.04,7840,2026-04-08T03:46:12.888041+00:00
160898,SCOA,2021-11-24,1.04,,,1.04,25350,2026-04-08T03:46:15.261589+00:00
161007,SCOA,2021-11-25,1.04,,,1.04,5986,2026-04-08T03:46:17.544601+00:00
161116,SCOA,2021-11-29,1.04,,,1.04,53352,2026-04-08T03:46:23.244686+00:00
161225,SCOA,2021-11-30,1.04,,,1.04,3703,2026-04-08T03:46:25.627389+00:00
161334,SCOA,2021-12-01,1.04,,,1.04,15552,2026-04-08T03:46:28.190956+00:00
161443,SCOA,2021-12-02,1.04,,,1.04,0,2026-04-08T03:46:30.651544+00:00
161552,SCOA,2021-12-03,1.04,,,1.04,0,2026-04-08T03:46:33.124129+00:00
161661,SCOA,2021-12-06,1.04,,,1.04,7853,2026-04-08T03:46:37.622095+00:00
161770,SCOA,2021-12-07,1.04,,,1.04,11313,2026-04-08T03:46:39.947423+00:00
161879,SCOA,2021-12-08,1.04,,,1.04,23258,2026-04-08T03:46:42.482337+00:00
161988,SCOA,2021-12-09,1.04,,,1.04,49063,2026-04-08T03:46:44.852467+00:00
162097,SCOA,2021-12-10,1.04,,,1.04,1905,2026-04-08T03:46:47.321476+00:00
162207,SCOA,2021-12-13,1.04,,,1.04,62624,2026-04-08T03:46:51.775824+00:00
162317,SCOA,2021-12-14,1.04,,,1.04,800,2026-04-08T03:46:54.126877+00:00
162427,SCOA,2021-12-15,1.04,,,1.04,18049,2026-04-08T03:46:56.822916+00:00
162537,SCOA,2021-12-16,1.04,,,1.04,0,2026-04-08T03:46:59.215115+00:00
162647,SCOA,2021-12-17,1.04,,,1.04,2930,2026-04-08T03:47:01.752329+00:00
162758,SCOA,2021-12-20,1.04,,,1.04,0,2026-04-08T03:47:06.293287+00:00
162869,SCOA,2021-12-21,1.04,,,1.04,0,2026-04-08T03:47:08.729464+00:00
162980,SCOA,2021-12-22,1.04,,,1.04,0,2026-04-08T03:47:11.106283+00:00
163091,SCOA,2021-12-23,1.04,,,1.04,0,2026-04-08T03:47:13.420215+00:00
163202,SCOA,2021-12-24,1.04,,,1.04,0,2026-04-08T03:47:15.708642+00:00
163313,SCOA,2021-12-29,1.04,,,1.04,0,2026-04-08T03:47:22.624079+00:00
163424,SCOA,2021-12-30,1.04,,,1.04,0,2026-04-08T03:47:25.019388+00:00
163535,SCOA,2021-12-31,1.04,,,1.04,0,2026-04-08T03:47:27.803632+00:00
163646,SCOA,2022-01-04,1.04,,,1.04,2365,2026-04-08T03:47:33.190226+00:00
163757,SCOA,2022-01-05,1.04,,,1.04,54617,2026-04-08T03:47:35.481449+00:00
163869,SCOA,2022-01-06,1.04,,,1.04,5,2026-04-08T03:47:38.067383+00:00
163981,SCOA,2022-01-07,1.04,,,1.04,98852,2026-04-08T03:47:40.483305+00:00
164093,SCOA,2022-01-10,1.04,,,1.04,7103,2026-04-08T03:47:45.097739+00:00
164205,SCOA,2022-01-11,1.04,,,1.04,746,2026-04-08T03:47:47.617941+00:00
164317,SCOA,2022-01-12,1.04,,,1.04,15676,2026-04-08T03:47:50.132225+00:00
164429,SCOA,2022-01-13,1.04,,,1.04,0,2026-04-08T03:47:52.673244+00:00
164541,SCOA,2022-01-14,1.04,,,1.04,5100,2026-04-08T03:47:55.308832+00:00
164653,SCOA,2022-01-17,1.04,,,1.04,39606,2026-04-08T03:47:59.999655+00:00
164765,SCOA,2022-01-18,1.04,,,1.04,9790,2026-04-08T03:48:02.353596+00:00
164877,SCOA,2022-01-19,1.04,,,1.04,1750,2026-04-08T03:48:04.820784+00:00
164989,SCOA,2022-01-20,1.04,,,1.04,0,2026-04-08T03:48:07.325935+00:00
165101,SCOA,2022-01-21,1.04,,,1.04,1008,2026-04-08T03:48:09.696329+00:00
165213,SCOA,2022-01-24,1.04,,,1.04,0,2026-04-08T03:48:14.136661+00:00
165325,SCOA,2022-01-25,1.04,,,1.04,21044,2026-04-08T03:48:16.50614+00:00
165437,SCOA,2022-01-26,1.04,,,1.04,31500,2026-04-08T03:48:19.024911+00:00
165549,SCOA,2022-01-27,1.04,,,1.04,0,2026-04-08T03:48:21.585909+00:00
165661,SCOA,2022-01-28,1.04,,,1.04,29294,2026-04-08T03:48:23.969021+00:00
165773,SCOA,2022-01-31,1.04,,,1.04,0,2026-04-08T03:48:28.465348+00:00
165885,SCOA,2022-02-01,1.04,,,1.04,9653,2026-04-08T03:48:30.807911+00:00
165997,SCOA,2022-02-02,1.04,,,1.04,18199,2026-04-08T03:48:33.305516+00:00
166109,SCOA,2022-02-03,1.14,,,1.14,106000,2026-04-08T03:48:35.918914+00:00
166221,SCOA,2022-02-04,1.25,,,1.25,125400,2026-04-08T03:48:38.317721+00:00
166333,SCOA,2022-02-07,1.37,,,1.37,1041724,2026-04-08T03:48:42.904693+00:00
166445,SCOA,2022-02-08,1.37,,,1.37,677533,2026-04-08T03:48:45.378139+00:00
166557,SCOA,2022-02-09,1.5,,,1.5,433567,2026-04-08T03:48:48.035665+00:00
166669,SCOA,2022-02-10,1.62,,,1.62,621830,2026-04-08T03:48:50.398564+00:00
166781,SCOA,2022-02-11,1.78,,,1.78,262743,2026-04-08T03:48:52.774016+00:00
166893,SCOA,2022-02-14,1.78,,,1.78,118117,2026-04-08T03:48:57.293433+00:00
167005,SCOA,2022-02-15,1.78,,,1.78,235,2026-04-08T03:48:59.662493+00:00
167117,SCOA,2022-02-16,1.95,,,1.95,320414,2026-04-08T03:49:02.003783+00:00
167229,SCOA,2022-02-17,2.14,,,2.14,335250,2026-04-08T03:49:04.32656+00:00
167341,SCOA,2022-02-18,2.35,,,2.35,487658,2026-04-08T03:49:06.711382+00:00
167453,SCOA,2022-02-21,2.35,,,2.35,210448,2026-04-08T03:49:10.978464+00:00
167565,SCOA,2022-02-22,2.58,,,2.58,331560,2026-04-08T03:49:13.528869+00:00
167677,SCOA,2022-02-23,2.58,,,2.58,102678,2026-04-08T03:49:15.914345+00:00
167789,SCOA,2022-02-24,2.83,,,2.83,131741,2026-04-08T03:49:18.676795+00:00
167901,SCOA,2022-02-25,2.83,,,2.83,148602,2026-04-08T03:49:21.264729+00:00
168013,SCOA,2022-02-28,2.83,,,2.83,52393,2026-04-08T03:49:25.620712+00:00
168125,SCOA,2022-03-01,2.83,,,2.83,10300,2026-04-08T03:49:28.049171+00:00
168237,SCOA,2022-03-02,2.83,,,2.83,0,2026-04-08T03:49:30.283109+00:00
168349,SCOA,2022-03-03,2.83,,,2.83,38749,2026-04-08T03:49:32.551227+00:00
168461,SCOA,2022-03-04,2.83,,,2.83,0,2026-04-08T03:49:34.968546+00:00
168573,SCOA,2022-03-07,2.83,,,2.83,1190,2026-04-08T03:49:39.227432+00:00
168685,SCOA,2022-03-08,2.83,,,2.83,100859,2026-04-08T03:49:41.475537+00:00
168797,SCOA,2022-03-09,2.83,,,2.83,0,2026-04-08T03:49:43.759827+00:00
168909,SCOA,2022-03-10,2.83,,,2.83,51900,2026-04-08T03:49:46.077826+00:00
169021,SCOA,2022-03-11,2.83,,,2.83,153870,2026-04-08T03:49:48.438529+00:00
169133,SCOA,2022-03-14,2.6,,,2.6,307637,2026-04-08T03:49:53.114563+00:00
169245,SCOA,2022-03-15,2.4,,,2.4,215153,2026-04-08T03:49:55.533531+00:00
169357,SCOA,2022-03-16,2.4,,,2.4,61437,2026-04-08T03:49:57.903122+00:00
169469,SCOA,2022-03-17,2.38,,,2.38,204792,2026-04-08T03:50:00.211329+00:00
169581,SCOA,2022-03-18,2.38,,,2.38,12737,2026-04-08T03:50:02.865266+00:00
169693,SCOA,2022-03-21,2.38,,,2.38,11990,2026-04-08T03:50:07.476142+00:00
169805,SCOA,2022-03-24,2.38,,,2.38,7982,2026-04-08T03:50:12.041871+00:00
169917,SCOA,2022-03-25,2.38,,,2.38,0,2026-04-08T03:50:14.507747+00:00
170029,SCOA,2022-03-28,2.38,,,2.38,3962,2026-04-08T03:50:18.995306+00:00
170141,SCOA,2022-03-29,2.38,,,2.38,1145,2026-04-08T03:50:21.48252+00:00
170253,SCOA,2022-03-31,2.38,,,2.38,645,2026-04-08T03:50:25.686443+00:00
170365,SCOA,2022-04-01,2.15,,,2.15,100000,2026-04-08T03:50:28.209626+00:00
170477,SCOA,2022-04-04,2.15,,,2.15,100,2026-04-08T03:50:32.692631+00:00
170589,SCOA,2022-04-05,2.15,,,2.15,37482,2026-04-08T03:50:35.152392+00:00
170701,SCOA,2022-04-06,2.15,,,2.15,10161,2026-04-08T03:50:37.478667+00:00
170813,SCOA,2022-04-07,2.15,,,2.15,0,2026-04-08T03:50:39.880974+00:00
170925,SCOA,2022-04-08,2.15,,,2.15,0,2026-04-08T03:50:42.48638+00:00
171037,SCOA,2022-04-11,2.15,,,2.15,1800,2026-04-08T03:50:47.197044+00:00
171149,SCOA,2022-04-12,2.15,,,2.15,1000,2026-04-08T03:50:49.473284+00:00
171261,SCOA,2022-04-13,2.15,,,2.15,0,2026-04-08T03:50:51.878986+00:00
171373,SCOA,2022-04-14,2.15,,,2.15,510,2026-04-08T03:50:54.439705+00:00
171485,SCOA,2022-04-19,2.15,,,2.15,0,2026-04-08T03:51:01.439974+00:00
171597,SCOA,2022-04-20,2.15,,,2.15,0,2026-04-08T03:51:03.698116+00:00
171709,SCOA,2022-04-21,1.94,,,1.94,100760,2026-04-08T03:51:06.083072+00:00
171821,SCOA,2022-04-22,1.94,,,1.94,10624,2026-04-08T03:51:08.393199+00:00
171933,SCOA,2022-04-25,1.94,,,1.94,26300,2026-04-08T03:51:12.880327+00:00
172045,SCOA,2022-04-26,1.94,,,1.94,22920,2026-04-08T03:51:15.284155+00:00
172157,SCOA,2022-04-27,1.94,,,1.94,0,2026-04-08T03:51:17.680395+00:00
172269,SCOA,2022-04-28,1.94,,,1.94,1408,2026-04-08T03:51:20.413235+00:00
172381,SCOA,2022-04-29,1.94,,,1.94,46056,2026-04-08T03:51:22.882631+00:00
172493,SCOA,2022-05-04,1.94,,,1.94,22310,2026-04-08T03:51:29.674847+00:00
172605,SCOA,2022-05-05,1.94,,,1.94,23852,2026-04-08T03:51:32.050072+00:00
172717,SCOA,2022-05-09,1.94,,,1.94,8008,2026-04-08T03:51:37.853933+00:00
172830,SCOA,2022-05-10,1.94,,,1.94,8500,2026-04-08T03:51:40.332012+00:00
172943,SCOA,2022-05-11,1.94,,,1.94,6449,2026-04-08T03:51:42.74313+00:00
173056,SCOA,2022-05-12,1.94,,,1.94,5050,2026-04-08T03:51:45.11326+00:00
173169,SCOA,2022-05-13,1.94,,,1.94,25350,2026-04-08T03:51:47.585464+00:00
173282,SCOA,2022-05-16,1.94,,,1.94,0,2026-04-08T03:51:52.042574+00:00
173395,SCOA,2022-05-17,1.94,,,1.94,5000,2026-04-08T03:51:54.492158+00:00
173508,SCOA,2022-05-18,1.94,,,1.94,6085,2026-04-08T03:51:57.297116+00:00
173621,SCOA,2022-05-19,1.94,,,1.94,308,2026-04-08T03:51:59.624655+00:00
173734,SCOA,2022-05-20,1.94,,,1.94,5100,2026-04-08T03:52:02.40298+00:00
173847,SCOA,2022-05-23,1.94,,,1.94,15998,2026-04-08T03:52:07.648814+00:00
173960,SCOA,2022-05-24,1.94,,,1.94,23018,2026-04-08T03:52:10.277037+00:00
174073,SCOA,2022-05-25,1.94,,,1.94,0,2026-04-08T03:52:13.066486+00:00
174186,SCOA,2022-05-26,1.94,,,1.94,1000,2026-04-08T03:52:15.508934+00:00
174299,SCOA,2022-05-27,1.94,,,1.94,1000,2026-04-08T03:52:18.156913+00:00
174412,SCOA,2022-05-30,1.94,,,1.94,2625,2026-04-08T03:52:22.656757+00:00
174525,SCOA,2022-05-31,1.94,,,1.94,1520,2026-04-08T03:52:25.114026+00:00
174638,SCOA,2022-06-01,1.94,,,1.94,1600,2026-04-08T03:52:27.834682+00:00
174751,SCOA,2022-06-02,1.94,,,1.94,14350,2026-04-08T03:52:30.493727+00:00
174864,SCOA,2022-06-03,1.94,,,1.94,21536,2026-04-08T03:52:33.10221+00:00
174977,SCOA,2022-06-06,1.94,,,1.94,1811,2026-04-08T03:52:37.969718+00:00
175090,SCOA,2022-06-07,1.94,,,1.94,137,2026-04-08T03:52:40.734023+00:00
175203,SCOA,2022-06-08,1.94,,,1.94,1971,2026-04-08T03:52:43.634804+00:00
175316,SCOA,2022-06-09,1.94,,,1.94,32300,2026-04-08T03:52:46.431396+00:00
175429,SCOA,2022-06-10,1.94,,,1.94,3221,2026-04-08T03:52:48.916453+00:00
175542,SCOA,2022-06-14,1.94,,,1.94,12645,2026-04-08T03:52:55.08065+00:00
175655,SCOA,2022-06-15,1.94,,,1.94,137633,2026-04-08T03:52:57.782204+00:00
175768,SCOA,2022-06-16,1.94,,,1.94,0,2026-04-08T03:53:00.45527+00:00
175881,SCOA,2022-06-17,1.94,,,1.94,50240,2026-04-08T03:53:03.647185+00:00
175994,SCOA,2022-06-20,1.94,,,1.94,117,2026-04-08T03:53:09.449588+00:00
176107,SCOA,2022-06-21,1.94,,,1.94,10000,2026-04-08T03:53:11.833027+00:00
176220,SCOA,2022-06-22,1.94,,,1.94,3265,2026-04-08T03:53:14.63862+00:00
176333,SCOA,2022-06-23,1.94,,,1.94,0,2026-04-08T03:53:17.250825+00:00
176446,SCOA,2022-06-24,1.94,,,1.94,1000,2026-04-08T03:53:19.718295+00:00
176559,SCOA,2022-06-27,1.94,,,1.94,0,2026-04-08T03:53:24.073012+00:00
176672,SCOA,2022-06-28,1.94,,,1.94,0,2026-04-08T03:53:26.399159+00:00
176785,SCOA,2022-06-29,1.94,,,1.94,0,2026-04-08T03:53:28.994117+00:00
176898,SCOA,2022-06-30,1.94,,,1.94,15430,2026-04-08T03:53:31.346855+00:00
177011,SCOA,2022-07-01,1.94,,,1.94,171,2026-04-08T03:53:33.724657+00:00
177124,SCOA,2022-07-04,1.94,,,1.94,40,2026-04-08T03:53:38.198731+00:00
177237,SCOA,2022-07-06,1.94,,,1.94,0,2026-04-08T03:53:41.625349+00:00
177350,SCOA,2022-07-07,1.94,,,1.94,0,2026-04-08T03:53:44.268487+00:00
177463,SCOA,2022-07-13,1.94,,,1.94,0,2026-04-08T03:53:51.5999+00:00
177576,SCOA,2022-07-14,1.94,,,1.94,0,2026-04-08T03:53:54.010732+00:00
177689,SCOA,2022-07-15,1.94,,,1.94,130,2026-04-08T03:53:56.616585+00:00
177802,SCOA,2022-07-18,1.94,,,1.94,0,2026-04-08T03:54:01.214275+00:00
177915,SCOA,2022-07-19,1.94,,,1.94,1300,2026-04-08T03:54:03.665978+00:00
178028,SCOA,2022-07-20,1.94,,,1.94,2060,2026-04-08T03:54:06.203384+00:00
178141,SCOA,2022-07-21,1.94,,,1.94,0,2026-04-08T03:54:08.685258+00:00
178254,SCOA,2022-07-22,1.94,,,1.94,0,2026-04-08T03:54:11.171489+00:00
178367,SCOA,2022-07-25,1.94,,,1.94,0,2026-04-08T03:54:15.900169+00:00
178480,SCOA,2022-07-26,1.94,,,1.94,0,2026-04-08T03:54:18.382379+00:00
178593,SCOA,2022-07-27,1.94,,,1.94,0,2026-04-08T03:54:20.730044+00:00
178706,SCOA,2022-07-28,1.94,,,1.94,0,2026-04-08T03:54:23.385493+00:00
178819,SCOA,2022-07-29,1.94,,,1.94,0,2026-04-08T03:54:25.692024+00:00
178932,SCOA,2022-08-01,1.94,,,1.94,0,2026-04-08T03:54:30.144665+00:00
179045,SCOA,2022-08-02,1.94,,,1.94,10309,2026-04-08T03:54:32.509592+00:00
179158,SCOA,2022-08-03,1.94,,,1.94,0,2026-04-08T03:54:34.924873+00:00
179271,SCOA,2022-08-04,1.94,,,1.94,0,2026-04-08T03:54:37.32089+00:00
179384,SCOA,2022-08-05,1.94,,,1.94,0,2026-04-08T03:54:40.805957+00:00
179497,SCOA,2022-08-08,1.94,,,1.94,0,2026-04-08T03:54:45.81173+00:00
179610,SCOA,2022-08-09,1.94,,,1.94,0,2026-04-08T03:54:48.637408+00:00
179723,SCOA,2022-08-10,1.94,,,1.94,0,2026-04-08T03:54:51.561754+00:00
179836,SCOA,2022-08-11,1.94,,,1.94,0,2026-04-08T03:54:54.196076+00:00
179949,SCOA,2022-08-12,1.94,,,1.94,0,2026-04-08T03:54:57.115593+00:00
180062,SCOA,2022-08-15,1.94,,,1.94,3313,2026-04-08T03:55:01.874457+00:00
180175,SCOA,2022-08-16,1.94,,,1.94,0,2026-04-08T03:55:04.540652+00:00
180288,SCOA,2022-08-17,1.75,,,1.75,125000,2026-04-08T03:55:07.214991+00:00
180401,SCOA,2022-08-18,1.75,,,1.75,0,2026-04-08T03:55:09.916723+00:00
180514,SCOA,2022-08-19,1.75,,,1.75,0,2026-04-08T03:55:12.400686+00:00
180627,SCOA,2022-08-22,1.75,,,1.75,0,2026-04-08T03:55:17.568382+00:00
180740,SCOA,2022-08-23,1.75,,,1.75,0,2026-04-08T03:55:19.990422+00:00
180853,SCOA,2022-08-24,1.75,,,1.75,0,2026-04-08T03:55:23.644905+00:00
180966,SCOA,2022-08-25,1.75,,,1.75,0,2026-04-08T03:55:26.062264+00:00
181079,SCOA,2022-08-26,1.75,,,1.75,0,2026-04-08T03:55:28.378019+00:00
181192,SCOA,2022-08-29,1.75,,,1.75,7213,2026-04-08T03:55:33.185942+00:00
181305,SCOA,2022-08-30,1.75,,,1.75,8736,2026-04-08T03:55:35.909469+00:00
181418,SCOA,2022-08-31,1.75,,,1.75,0,2026-04-08T03:55:38.363566+00:00
181531,SCOA,2022-09-01,1.75,,,1.75,0,2026-04-08T03:55:40.868139+00:00
181644,SCOA,2022-09-02,1.75,,,1.75,0,2026-04-08T03:55:43.232165+00:00
181757,SCOA,2022-09-05,1.75,,,1.75,4137,2026-04-08T03:55:48.110555+00:00
181870,SCOA,2022-09-06,1.75,,,1.75,1300,2026-04-08T03:55:50.526892+00:00
181983,SCOA,2022-09-07,1.75,,,1.75,9648,2026-04-08T03:55:53.051287+00:00
182096,SCOA,2022-09-08,1.75,,,1.75,0,2026-04-08T03:55:55.74031+00:00
182209,SCOA,2022-09-09,1.75,,,1.75,9500,2026-04-08T03:55:58.848563+00:00
182322,SCOA,2022-09-12,1.75,,,1.75,0,2026-04-08T03:56:03.370953+00:00
182435,SCOA,2022-09-13,1.75,,,1.75,0,2026-04-08T03:56:05.83654+00:00
182548,SCOA,2022-09-14,1.75,,,1.75,0,2026-04-08T03:56:08.091672+00:00
182661,SCOA,2022-09-16,1.75,,,1.75,0,2026-04-08T03:56:11.4683+00:00
182774,SCOA,2022-09-19,1.75,,,1.75,0,2026-04-08T03:56:15.923342+00:00
182887,SCOA,2022-09-20,1.75,,,1.75,0,2026-04-08T03:56:18.184056+00:00
183000,SCOA,2022-09-21,1.75,,,1.75,0,2026-04-08T03:56:20.42724+00:00
183113,SCOA,2022-09-22,1.75,,,1.75,0,2026-04-08T03:56:22.767495+00:00
183226,SCOA,2022-09-23,1.75,,,1.75,0,2026-04-08T03:56:25.066978+00:00
183339,SCOA,2022-09-26,1.75,,,1.75,5001,2026-04-08T03:56:29.379703+00:00
183452,SCOA,2022-09-28,1.75,,,1.75,0,2026-04-08T03:56:32.717753+00:00
183565,SCOA,2022-09-29,1.75,,,1.75,0,2026-04-08T03:56:35.489047+00:00
183678,SCOA,2022-09-30,1.75,,,1.75,0,2026-04-08T03:56:37.947618+00:00
183791,SCOA,2022-10-05,1.75,,,1.75,0,2026-04-08T03:56:44.538147+00:00
183905,SCOA,2022-10-06,1.75,,,1.75,0,2026-04-08T03:56:46.932693+00:00
184019,SCOA,2022-10-07,1.75,,,1.75,0,2026-04-08T03:56:49.334037+00:00
184133,SCOA,2022-10-11,1.75,,,1.75,119,2026-04-08T03:56:55.029281+00:00
184247,SCOA,2022-10-12,1.75,,,1.75,0,2026-04-08T03:56:58.300033+00:00
184361,SCOA,2022-10-13,1.75,,,1.75,0,2026-04-08T03:57:00.825788+00:00
184475,SCOA,2022-10-14,1.75,,,1.75,0,2026-04-08T03:57:03.298348+00:00
184589,SCOA,2022-10-17,1.75,,,1.75,0,2026-04-08T03:57:07.885609+00:00
184703,SCOA,2022-10-18,1.75,,,1.75,3175,2026-04-08T03:57:10.303346+00:00
184817,SCOA,2022-10-19,1.75,,,1.75,0,2026-04-08T03:57:12.819589+00:00
184931,SCOA,2022-10-20,1.75,,,1.75,0,2026-04-08T03:57:15.111185+00:00
185045,SCOA,2022-10-21,1.75,,,1.75,0,2026-04-08T03:57:17.499968+00:00
185159,SCOA,2022-10-24,1.75,,,1.75,5000,2026-04-08T03:57:21.686266+00:00
185273,SCOA,2022-10-26,1.75,,,1.75,658,2026-04-08T03:57:24.913682+00:00
185387,SCOA,2022-10-27,1.75,,,1.75,0,2026-04-08T03:57:27.260544+00:00
185501,SCOA,2022-10-28,1.75,,,1.75,1100,2026-04-08T03:57:29.835926+00:00
185615,SCOA,2022-10-31,1.75,,,1.75,0,2026-04-08T03:57:34.21591+00:00
185729,SCOA,2022-11-01,1.75,,,1.75,11000,2026-04-08T03:57:36.609373+00:00
185843,SCOA,2022-11-02,1.75,,,1.75,0,2026-04-08T03:57:39.066556+00:00
185957,SCOA,2022-11-03,1.75,,,1.75,0,2026-04-08T03:57:41.442199+00:00
186071,SCOA,2022-11-04,1.75,,,1.75,0,2026-04-08T03:57:43.70904+00:00
186185,SCOA,2022-11-08,1.75,,,1.75,0,2026-04-08T03:57:49.123122+00:00
186299,SCOA,2022-11-09,1.75,,,1.75,0,2026-04-08T03:57:51.464602+00:00
186413,SCOA,2022-11-10,1.75,,,1.75,10000,2026-04-08T03:57:54.291842+00:00
186527,SCOA,2022-11-11,1.75,,,1.75,22783,2026-04-08T03:57:56.704911+00:00
186641,SCOA,2022-11-14,1.58,,,1.58,100000,2026-04-08T03:58:01.331373+00:00
186755,SCOA,2022-11-15,1.58,,,1.58,0,2026-04-08T03:58:03.6444+00:00
186869,SCOA,2022-11-16,1.43,,,1.43,100000,2026-04-08T03:58:06.118311+00:00
186983,SCOA,2022-11-17,1.29,,,1.29,170000,2026-04-08T03:58:08.47049+00:00
187097,SCOA,2022-11-18,1.29,,,1.29,0,2026-04-08T03:58:10.955275+00:00
187211,SCOA,2022-11-21,1.29,,,1.29,684,2026-04-08T03:58:15.672507+00:00
187325,SCOA,2022-11-22,1.29,,,1.29,0,2026-04-08T03:58:18.170118+00:00
187439,SCOA,2022-11-24,1.17,,,1.17,19,2026-04-08T03:58:21.692503+00:00
187553,SCOA,2022-11-25,1.17,,,1.17,0,2026-04-08T03:58:24.033539+00:00
187667,SCOA,2022-11-28,1.06,,,1.06,101342,2026-04-08T03:58:28.532723+00:00
187781,SCOA,2022-11-29,1.06,,,1.06,7572,2026-04-08T03:58:30.983113+00:00
187895,SCOA,2022-11-30,1.06,,,1.06,3428,2026-04-08T03:58:33.448849+00:00
188009,SCOA,2022-12-01,1.06,,,1.06,5000,2026-04-08T03:58:35.664261+00:00
188124,SCOA,2022-12-02,1.06,,,1.06,50000,2026-04-08T03:58:37.897027+00:00
188238,SCOA,2022-12-05,0.96,,,0.96,109000,2026-04-08T03:58:42.456795+00:00
188352,SCOA,2022-12-06,0.96,,,0.96,33000,2026-04-08T03:58:44.756119+00:00
188466,SCOA,2022-12-07,0.87,,,0.87,106900,2026-04-08T03:58:47.196669+00:00
188580,SCOA,2022-12-08,0.87,,,0.87,203295,2026-04-08T03:58:49.52806+00:00
188694,SCOA,2022-12-09,0.79,,,0.79,658351,2026-04-08T03:58:51.902427+00:00
188808,SCOA,2022-12-12,0.86,,,0.86,103000,2026-04-08T03:58:56.156124+00:00
188922,SCOA,2022-12-13,0.78,,,0.78,280835,2026-04-08T03:58:58.485404+00:00
189036,SCOA,2022-12-14,0.85,,,0.85,149900,2026-04-08T03:59:00.851945+00:00
189150,SCOA,2022-12-15,0.85,,,0.85,36925,2026-04-08T03:59:03.086647+00:00
189264,SCOA,2022-12-16,0.85,,,0.85,470,2026-04-08T03:59:05.5442+00:00
189378,SCOA,2022-12-19,0.85,,,0.85,23250,2026-04-08T03:59:09.806719+00:00
189492,SCOA,2022-12-20,0.77,,,0.77,277017,2026-04-08T03:59:12.630732+00:00
189606,SCOA,2022-12-21,0.77,,,0.77,7358,2026-04-08T03:59:14.990319+00:00
189720,SCOA,2022-12-22,0.77,,,0.77,59032,2026-04-08T03:59:17.229229+00:00
189834,SCOA,2022-12-23,0.84,,,0.84,288000,2026-04-08T03:59:19.674012+00:00
189948,SCOA,2022-12-28,0.92,,,0.92,239939,2026-04-08T03:59:26.406492+00:00
190062,SCOA,2022-12-30,0.92,,,0.92,11060,2026-04-08T03:59:29.796579+00:00
190176,SCOA,2023-01-04,0.92,,,0.92,20000,2026-04-08T03:59:36.276207+00:00
190290,SCOA,2023-01-05,0.92,,,0.92,16000,2026-04-08T03:59:38.771807+00:00
190404,SCOA,2023-01-06,0.92,,,0.92,30310,2026-04-08T03:59:41.229635+00:00
190518,SCOA,2023-01-09,0.92,,,0.92,5825,2026-04-08T03:59:45.608271+00:00
190632,SCOA,2023-01-10,0.92,,,0.92,230,2026-04-08T03:59:47.862187+00:00
190746,SCOA,2023-01-11,0.92,,,0.92,4770,2026-04-08T03:59:50.211712+00:00
190860,SCOA,2023-01-12,0.92,,,0.92,19000,2026-04-08T03:59:52.676239+00:00
190974,SCOA,2023-01-13,0.92,,,0.92,145078,2026-04-08T03:59:55.073566+00:00
191088,SCOA,2023-01-17,0.92,,,0.92,0,2026-04-08T04:00:00.52991+00:00
191202,SCOA,2023-01-18,0.92,,,0.92,2330,2026-04-08T04:00:02.930508+00:00
191316,SCOA,2023-01-19,0.92,,,0.92,36015,2026-04-08T04:00:05.157464+00:00
191430,SCOA,2023-01-20,0.92,,,0.92,2325,2026-04-08T04:00:07.441529+00:00
191544,SCOA,2023-01-23,0.92,,,0.92,0,2026-04-08T04:00:11.934625+00:00
191658,SCOA,2023-01-24,0.92,,,0.92,532,2026-04-08T04:00:14.448563+00:00
191772,SCOA,2023-01-25,0.92,,,0.92,71128,2026-04-08T04:00:16.660222+00:00
191886,SCOA,2023-01-26,0.92,,,0.92,151620,2026-04-08T04:00:19.02129+00:00
192000,SCOA,2023-01-27,0.92,,,0.92,10000,2026-04-08T04:00:21.366865+00:00
192114,SCOA,2023-01-30,0.92,,,0.92,55208,2026-04-08T04:00:26.318741+00:00
192228,SCOA,2023-01-31,1.01,,,1.01,100320,2026-04-08T04:00:28.560212+00:00
192342,SCOA,2023-02-06,1.01,,,1.01,2973,2026-04-08T04:00:36.14931+00:00
192456,SCOA,2023-02-07,1.01,,,1.01,337,2026-04-08T04:00:38.379875+00:00
192570,SCOA,2023-02-08,1.01,,,1.01,5000,2026-04-08T04:00:40.736361+00:00
192684,SCOA,2023-02-09,1.01,,,1.01,0,2026-04-08T04:00:43.03687+00:00
192798,SCOA,2023-02-10,1.01,,,1.01,22212,2026-04-08T04:00:46.517744+00:00
192912,SCOA,2023-02-13,1.01,,,1.01,2755,2026-04-08T04:00:50.958429+00:00
193026,SCOA,2023-02-14,1.01,,,1.01,555,2026-04-08T04:00:53.400398+00:00
193140,SCOA,2023-02-15,1.01,,,1.01,0,2026-04-08T04:00:55.645789+00:00
193254,SCOA,2023-02-16,1.01,,,1.01,0,2026-04-08T04:00:58.043326+00:00
193368,SCOA,2023-02-17,1.01,,,1.01,0,2026-04-08T04:01:00.355798+00:00
193482,SCOA,2023-02-20,1.01,,,1.01,45229,2026-04-08T04:01:04.633293+00:00
193596,SCOA,2023-02-21,1.01,,,1.01,0,2026-04-08T04:01:06.910783+00:00
193710,SCOA,2023-02-22,1.01,,,1.01,546,2026-04-08T04:01:09.421576+00:00
193824,SCOA,2023-02-23,1.01,,,1.01,49930,2026-04-08T04:01:11.765387+00:00
193938,SCOA,2023-02-24,1.01,,,1.01,6316,2026-04-08T04:01:14.12415+00:00
194052,SCOA,2023-02-27,1.01,,,1.01,79670,2026-04-08T04:01:18.463572+00:00
194166,SCOA,2023-02-28,1.01,,,1.01,79929,2026-04-08T04:01:20.671303+00:00
194280,SCOA,2023-03-01,1.0,,,1.0,200000,2026-04-08T04:01:23.068989+00:00
194394,SCOA,2023-03-02,1.0,,,1.0,6723,2026-04-08T04:01:25.352172+00:00
194508,SCOA,2023-03-03,1.0,,,1.0,575,2026-04-08T04:01:27.716711+00:00
194622,SCOA,2023-03-06,1.0,,,1.0,0,2026-04-08T04:01:32.392486+00:00
194736,SCOA,2023-03-07,1.0,,,1.0,7257,2026-04-08T04:01:34.845095+00:00
194850,SCOA,2023-03-08,1.0,,,1.0,35700,2026-04-08T04:01:37.261757+00:00
194964,SCOA,2023-03-09,1.0,,,1.0,3622,2026-04-08T04:01:39.987396+00:00
195078,SCOA,2023-03-13,1.01,,,1.01,170347,2026-04-08T04:01:45.627511+00:00
195192,SCOA,2023-03-14,1.01,,,1.01,0,2026-04-08T04:01:48.257383+00:00
195306,SCOA,2023-03-15,1.01,,,1.01,3559,2026-04-08T04:01:50.627346+00:00
195420,SCOA,2023-03-16,1.0,,,1.0,246165,2026-04-08T04:01:53.062383+00:00
195534,SCOA,2023-03-17,1.0,,,1.0,0,2026-04-08T04:01:55.701252+00:00
195648,SCOA,2023-03-20,1.0,,,1.0,0,2026-04-08T04:01:59.933448+00:00
195762,SCOA,2023-03-22,1.0,,,1.0,0,2026-04-08T04:02:03.467012+00:00
195876,SCOA,2023-03-23,1.0,,,1.0,375,2026-04-08T04:02:05.929911+00:00
195990,SCOA,2023-03-24,1.0,,,1.0,0,2026-04-08T04:02:08.248632+00:00
196104,SCOA,2023-03-27,1.0,,,1.0,306377,2026-04-08T04:02:12.564733+00:00
196218,SCOA,2023-03-28,1.0,,,1.0,560,2026-04-08T04:02:14.764209+00:00
196332,SCOA,2023-03-29,1.0,,,1.0,2000,2026-04-08T04:02:17.140393+00:00
196446,SCOA,2023-03-30,1.0,,,1.0,924,2026-04-08T04:02:19.470716+00:00
196560,SCOA,2023-03-31,1.0,,,1.0,12567,2026-04-08T04:02:21.739047+00:00
196674,SCOA,2023-04-03,0.9,,,0.9,137750,2026-04-08T04:02:26.060346+00:00
196788,SCOA,2023-04-04,0.99,,,0.99,150768,2026-04-08T04:02:28.444728+00:00
196902,SCOA,2023-04-05,0.99,,,0.99,697,2026-04-08T04:02:30.864627+00:00
197016,SCOA,2023-04-06,0.99,,,0.99,798,2026-04-08T04:02:33.239626+00:00
197130,SCOA,2023-04-11,0.99,,,0.99,150,2026-04-08T04:02:39.320239+00:00
197244,SCOA,2023-04-12,0.99,,,0.99,1974,2026-04-08T04:02:41.643197+00:00
197358,SCOA,2023-04-13,0.99,,,0.99,2000,2026-04-08T04:02:44.360634+00:00
197472,SCOA,2023-04-14,0.99,,,0.99,565,2026-04-08T04:02:47.093001+00:00
197586,SCOA,2023-04-17,0.99,,,0.99,0,2026-04-08T04:02:52.113012+00:00
197700,SCOA,2023-04-18,0.99,,,0.99,64311,2026-04-08T04:02:54.97501+00:00
197814,SCOA,2023-04-19,0.99,,,0.99,504,2026-04-08T04:02:57.648371+00:00
197928,SCOA,2023-04-20,0.99,,,0.99,1205000,2026-04-08T04:03:00.087899+00:00
198042,SCOA,2023-04-25,0.99,,,0.99,0,2026-04-08T04:03:06.320111+00:00
198156,SCOA,2023-04-26,0.99,,,0.99,70352,2026-04-08T04:03:08.704488+00:00
198270,SCOA,2023-04-27,0.99,,,0.99,375,2026-04-08T04:03:11.176222+00:00
198384,SCOA,2023-04-28,0.99,,,0.99,0,2026-04-08T04:03:13.757457+00:00
198498,SCOA,2023-05-03,0.99,,,0.99,2010,2026-04-08T04:03:20.258962+00:00
198612,SCOA,2023-05-04,1.07,,,1.07,236470,2026-04-08T04:03:22.719511+00:00
198726,SCOA,2023-05-08,1.07,,,1.07,0,2026-04-08T04:03:29.045349+00:00
198840,SCOA,2023-05-09,1.07,,,1.07,6655,2026-04-08T04:03:32.620003+00:00
198954,SCOA,2023-05-12,1.07,,,1.07,4525,2026-04-08T04:03:37.286216+00:00
199068,SCOA,2023-05-15,1.07,,,1.07,5936,2026-04-08T04:03:41.825544+00:00
199182,SCOA,2023-05-16,1.07,,,1.07,8132,2026-04-08T04:03:44.244464+00:00
199296,SCOA,2023-05-17,1.07,,,1.07,1656,2026-04-08T04:03:46.492518+00:00
199410,SCOA,2023-05-18,1.07,,,1.07,0,2026-04-08T04:03:48.752249+00:00
199524,SCOA,2023-05-19,1.07,,,1.07,53,2026-04-08T04:03:51.139215+00:00
199638,SCOA,2023-05-22,1.07,,,1.07,1053,2026-04-08T04:03:55.484935+00:00
199752,SCOA,2023-05-23,1.07,,,1.07,17575,2026-04-08T04:03:57.886867+00:00
199866,SCOA,2023-05-24,1.07,,,1.07,0,2026-04-08T04:04:00.334047+00:00
199980,SCOA,2023-05-25,1.07,,,1.07,0,2026-04-08T04:04:02.79018+00:00
200094,SCOA,2023-05-26,1.07,,,1.07,0,2026-04-08T04:04:05.139052+00:00
200208,SCOA,2023-05-30,1.07,,,1.07,100,2026-04-08T04:04:11.011702+00:00
200322,SCOA,2023-06-01,1.07,,,1.07,0,2026-04-08T04:04:14.390605+00:00
200436,SCOA,2023-06-02,1.07,,,1.07,0,2026-04-08T04:04:16.732653+00:00
200550,SCOA,2023-06-05,1.07,,,1.07,500,2026-04-08T04:04:21.343031+00:00
200664,SCOA,2023-06-06,1.07,,,1.07,0,2026-04-08T04:04:23.98223+00:00
200778,SCOA,2023-06-07,1.07,,,1.07,875,2026-04-08T04:04:26.507718+00:00
200892,SCOA,2023-06-08,1.07,,,1.07,0,2026-04-08T04:04:29.08401+00:00
201006,SCOA,2023-06-09,1.07,,,1.07,27002,2026-04-08T04:04:31.44664+00:00
201120,SCOA,2023-06-13,1.07,,,1.07,0,2026-04-08T04:04:36.862505+00:00
201234,SCOA,2023-06-14,1.07,,,1.07,0,2026-04-08T04:04:39.320552+00:00
201348,SCOA,2023-06-15,1.07,,,1.07,4587,2026-04-08T04:04:41.673534+00:00
201462,SCOA,2023-06-16,1.07,,,1.07,136,2026-04-08T04:04:44.052846+00:00
201576,SCOA,2023-06-19,1.07,,,1.07,0,2026-04-08T04:04:48.541112+00:00
201690,SCOA,2023-06-20,1.07,,,1.07,540,2026-04-08T04:04:51.378552+00:00
201804,SCOA,2023-06-21,1.07,,,1.07,560,2026-04-08T04:04:53.764277+00:00
201918,SCOA,2023-06-22,1.07,,,1.07,1000,2026-04-08T04:04:56.145117+00:00
202032,SCOA,2023-06-26,1.07,,,1.07,0,2026-04-08T04:05:01.671465+00:00
202146,SCOA,2023-06-30,1.07,,,1.07,100930,2026-04-08T04:05:07.377697+00:00
202260,SCOA,2023-07-03,1.07,,,1.07,342,2026-04-08T04:05:11.758079+00:00
202374,SCOA,2023-07-04,1.07,,,1.07,1000,2026-04-08T04:05:14.17436+00:00
202488,SCOA,2023-07-05,1.07,,,1.07,367,2026-04-08T04:05:16.577423+00:00
202602,SCOA,2023-07-06,1.07,,,1.07,31453,2026-04-08T04:05:19.075393+00:00
202716,SCOA,2023-07-07,1.07,,,1.07,1050,2026-04-08T04:05:21.415756+00:00
202830,SCOA,2023-07-10,1.07,,,1.07,5143,2026-04-08T04:05:26.355595+00:00
202944,SCOA,2023-07-11,1.07,,,1.07,0,2026-04-08T04:05:28.903538+00:00
203058,SCOA,2023-07-12,1.07,,,1.07,21138,2026-04-08T04:05:31.299012+00:00
203172,SCOA,2023-07-14,1.07,,,1.07,107157,2026-04-08T04:05:34.698751+00:00
203286,SCOA,2023-07-17,1.07,,,1.07,13038,2026-04-08T04:05:39.139368+00:00
203400,SCOA,2023-07-19,1.07,,,1.07,670,2026-04-08T04:05:42.577032+00:00
203514,SCOA,2023-07-20,1.07,,,1.07,50,2026-04-08T04:05:45.122849+00:00
203628,SCOA,2023-07-21,1.07,,,1.07,109068,2026-04-08T04:05:47.594805+00:00
203742,SCOA,2023-07-24,1.07,,,1.07,400,2026-04-08T04:05:52.167161+00:00
203856,SCOA,2023-07-25,1.07,,,1.07,757,2026-04-08T04:05:54.602351+00:00
203970,SCOA,2023-07-26,1.07,,,1.07,0,2026-04-08T04:05:57.515236+00:00
204084,SCOA,2023-07-27,1.07,,,1.07,308,2026-04-08T04:05:59.880161+00:00
204198,SCOA,2023-07-28,1.07,,,1.07,225,2026-04-08T04:06:02.220136+00:00
204312,SCOA,2023-07-31,1.07,,,1.07,905,2026-04-08T04:06:06.790851+00:00
204426,SCOA,2023-08-02,1.07,,,1.07,3302,2026-04-08T04:06:10.326378+00:00
204540,SCOA,2023-08-03,1.07,,,1.07,0,2026-04-08T04:06:12.834218+00:00
204654,SCOA,2023-08-04,1.07,,,1.07,0,2026-04-08T04:06:15.200886+00:00
204768,SCOA,2023-08-07,1.07,,,1.07,11676,2026-04-08T04:06:19.871718+00:00
204882,SCOA,2023-08-08,1.07,,,1.07,161350,2026-04-08T04:06:22.245918+00:00
204996,SCOA,2023-08-09,1.07,,,1.07,575,2026-04-08T04:06:24.635943+00:00
205110,SCOA,2023-08-10,1.17,,,1.17,153735,2026-04-08T04:06:27.035398+00:00
205224,SCOA,2023-08-11,1.17,,,1.17,900,2026-04-08T04:06:29.455701+00:00
205338,SCOA,2023-08-14,1.17,,,1.17,160500,2026-04-08T04:06:33.923569+00:00
205452,SCOA,2023-08-15,1.17,,,1.17,4260,2026-04-08T04:06:36.358161+00:00
205566,SCOA,2023-08-16,1.17,,,1.17,0,2026-04-08T04:06:38.679915+00:00
205680,SCOA,2023-08-17,1.17,,,1.17,8228,2026-04-08T04:06:40.998805+00:00
205794,SCOA,2023-08-18,1.17,,,1.17,10432,2026-04-08T04:06:43.468275+00:00
205908,SCOA,2023-08-21,1.28,,,1.28,215447,2026-04-08T04:06:47.688711+00:00
206022,SCOA,2023-08-24,1.4,,,1.4,117461,2026-04-08T04:06:51.989424+00:00
206136,SCOA,2023-08-25,1.4,,,1.4,100,2026-04-08T04:06:54.38475+00:00
206250,SCOA,2023-08-28,1.4,,,1.4,13500,2026-04-08T04:06:59.310949+00:00
206364,SCOA,2023-08-29,1.4,,,1.4,3200,2026-04-08T04:07:01.613742+00:00
206478,SCOA,2023-08-30,1.4,,,1.4,175343,2026-04-08T04:07:03.820209+00:00
206592,SCOA,2023-09-01,1.4,,,1.4,11443,2026-04-08T04:07:07.195585+00:00
206706,SCOA,2023-09-04,1.4,,,1.4,7246,2026-04-08T04:07:11.730996+00:00
206820,SCOA,2023-09-05,1.4,,,1.4,50000,2026-04-08T04:07:14.175893+00:00
206934,SCOA,2023-09-06,1.4,,,1.4,15100,2026-04-08T04:07:16.66229+00:00
207048,SCOA,2023-09-07,1.4,,,1.4,3,2026-04-08T04:07:19.134101+00:00
207162,SCOA,2023-09-08,1.4,,,1.4,2500,2026-04-08T04:07:21.445908+00:00
207276,SCOA,2023-09-11,1.4,,,1.4,3800,2026-04-08T04:07:26.133096+00:00
207390,SCOA,2023-09-12,1.4,,,1.4,25000,2026-04-08T04:07:28.57479+00:00
207504,SCOA,2023-09-13,1.4,,,1.4,0,2026-04-08T04:07:30.890589+00:00
207618,SCOA,2023-09-14,1.4,,,1.4,200,2026-04-08T04:07:33.324455+00:00
207732,SCOA,2023-09-15,1.4,,,1.4,2,2026-04-08T04:07:35.74244+00:00
207846,SCOA,2023-09-18,1.4,,,1.4,1000,2026-04-08T04:07:40.292184+00:00
207960,SCOA,2023-09-19,1.26,,,1.26,182926,2026-04-08T04:07:42.606346+00:00
208074,SCOA,2023-09-20,1.26,,,1.26,29149,2026-04-08T04:07:45.004042+00:00
208188,SCOA,2023-09-21,1.26,,,1.26,5305,2026-04-08T04:07:47.370085+00:00
208302,SCOA,2023-09-22,1.26,,,1.26,0,2026-04-08T04:07:49.898567+00:00
208416,SCOA,2023-09-25,1.26,,,1.26,77458,2026-04-08T04:07:54.305125+00:00
208530,SCOA,2023-09-28,1.26,,,1.26,19186,2026-04-08T04:07:58.898315+00:00
208644,SCOA,2023-09-29,1.26,,,1.26,5000,2026-04-08T04:08:01.279649+00:00
208758,SCOA,2023-10-03,1.26,,,1.26,100000,2026-04-08T04:08:06.721549+00:00
208872,SCOA,2023-10-04,1.26,,,1.26,111,2026-04-08T04:08:09.042741+00:00
208986,SCOA,2023-10-05,1.26,,,1.26,0,2026-04-08T04:08:11.600182+00:00
209100,SCOA,2023-10-06,1.14,,,1.14,545375,2026-04-08T04:08:14.22861+00:00
209215,SCOA,2023-10-09,1.14,,,1.14,0,2026-04-08T04:08:18.740555+00:00
209330,SCOA,2023-10-10,1.14,,,1.14,360,2026-04-08T04:08:21.390436+00:00
209445,SCOA,2023-10-12,1.14,,,1.14,0,2026-04-08T04:08:24.861957+00:00
209560,SCOA,2023-10-13,1.14,,,1.14,105810,2026-04-08T04:08:27.376596+00:00
209675,SCOA,2023-10-16,1.14,,,1.14,11207,2026-04-08T04:08:32.388707+00:00
209790,SCOA,2023-10-17,1.14,,,1.14,4250,2026-04-08T04:08:34.738576+00:00
209905,SCOA,2023-10-19,1.14,,,1.14,43000,2026-04-08T04:08:38.671249+00:00
210020,SCOA,2023-10-20,1.14,,,1.14,615,2026-04-08T04:08:40.967521+00:00
210135,SCOA,2023-10-23,1.14,,,1.14,70338,2026-04-08T04:08:45.440193+00:00
210250,SCOA,2023-10-24,1.14,,,1.14,600,2026-04-08T04:08:47.71675+00:00
210365,SCOA,2023-10-25,1.14,,,1.14,0,2026-04-08T04:08:50.022319+00:00
210480,SCOA,2023-10-26,1.14,,,1.14,260,2026-04-08T04:08:52.472279+00:00
210595,SCOA,2023-10-27,1.22,,,1.22,232220,2026-04-08T04:08:54.778052+00:00
210710,SCOA,2023-10-30,1.25,,,1.25,203919,2026-04-08T04:08:59.45056+00:00
210825,SCOA,2023-10-31,1.25,,,1.25,0,2026-04-08T04:09:01.914254+00:00
210940,SCOA,2023-11-01,1.25,,,1.25,4218,2026-04-08T04:09:04.386399+00:00
211055,SCOA,2023-11-02,1.25,,,1.25,5900,2026-04-08T04:09:06.696264+00:00
211170,SCOA,2023-11-03,1.25,,,1.25,15047,2026-04-08T04:09:09.071615+00:00
211285,SCOA,2023-11-06,1.25,,,1.25,72157,2026-04-08T04:09:13.59419+00:00
211400,SCOA,2023-11-07,1.25,,,1.25,448,2026-04-08T04:09:15.923939+00:00
211516,SCOA,2023-11-08,1.13,,,1.13,201940,2026-04-08T04:09:18.177895+00:00
211632,SCOA,2023-11-09,1.24,,,1.24,233343,2026-04-08T04:09:20.462573+00:00
211748,SCOA,2023-11-10,1.24,,,1.24,7135,2026-04-08T04:09:22.644841+00:00
211864,SCOA,2023-11-13,1.24,,,1.24,48247,2026-04-08T04:09:27.404692+00:00
211980,SCOA,2023-11-14,1.24,,,1.24,28917,2026-04-08T04:09:29.775588+00:00
212096,SCOA,2023-11-15,1.12,,,1.12,264447,2026-04-08T04:09:32.378304+00:00
212212,SCOA,2023-11-16,1.23,,,1.23,328993,2026-04-08T04:09:34.916677+00:00
212328,SCOA,2023-11-17,1.23,,,1.23,2000,2026-04-08T04:09:37.378105+00:00
212444,SCOA,2023-11-20,1.23,,,1.23,0,2026-04-08T04:09:41.830835+00:00
212560,SCOA,2023-11-21,1.23,,,1.23,0,2026-04-08T04:09:44.211025+00:00
212676,SCOA,2023-11-22,1.23,,,1.23,275,2026-04-08T04:09:46.526636+00:00
212792,SCOA,2023-11-23,1.23,,,1.23,13135,2026-04-08T04:09:48.793806+00:00
212908,SCOA,2023-11-27,1.23,,,1.23,18882,2026-04-08T04:09:54.316732+00:00
213025,SCOA,2023-11-28,1.23,,,1.23,0,2026-04-08T04:09:57.050116+00:00
213142,SCOA,2023-11-29,1.23,,,1.23,10610,2026-04-08T04:09:59.54407+00:00
213259,SCOA,2023-11-30,1.23,,,1.23,0,2026-04-08T04:10:01.973818+00:00
213376,SCOA,2023-12-01,1.23,,,1.23,0,2026-04-08T04:10:04.46052+00:00
213493,SCOA,2023-12-04,1.23,,,1.23,0,2026-04-08T04:10:08.793495+00:00
213610,SCOA,2023-12-05,1.23,,,1.23,1000,2026-04-08T04:10:11.104733+00:00
213727,SCOA,2023-12-06,1.23,,,1.23,17537,2026-04-08T04:10:13.383432+00:00
213844,SCOA,2023-12-08,1.35,,,1.35,48572,2026-04-08T04:10:16.965057+00:00
213961,SCOA,2023-12-11,1.48,,,1.48,247200,2026-04-08T04:10:21.350621+00:00
214078,SCOA,2023-12-12,1.62,,,1.62,181607,2026-04-08T04:10:23.843731+00:00
214195,SCOA,2023-12-13,1.78,,,1.78,183608,2026-04-08T04:10:26.19208+00:00
214312,SCOA,2023-12-14,1.74,,,1.74,2159867,2026-04-08T04:10:28.64956+00:00
214429,SCOA,2023-12-15,1.74,,,1.74,508111,2026-04-08T04:10:31.179138+00:00
214546,SCOA,2023-12-18,1.89,,,1.89,569339,2026-04-08T04:10:35.879044+00:00
214663,SCOA,2023-12-19,1.91,,,1.91,1294211,2026-04-08T04:10:38.280823+00:00
214780,SCOA,2023-12-20,1.81,,,1.81,321806,2026-04-08T04:10:40.523028+00:00
214897,SCOA,2023-12-21,1.98,,,1.98,530150,2026-04-08T04:10:42.873875+00:00
215014,SCOA,2023-12-28,1.98,,,1.98,140001,2026-04-08T04:10:51.166125+00:00
215131,SCOA,2023-12-29,1.98,,,1.98,22600,2026-04-08T04:10:53.57119+00:00
215248,SCOA,2024-01-02,1.81,,,1.81,229672,2026-04-08T04:10:59.157783+00:00
215365,SCOA,2024-01-03,1.81,,,1.81,120378,2026-04-08T04:11:01.401293+00:00
215482,SCOA,2024-01-04,1.81,,,1.81,3781,2026-04-08T04:11:03.846312+00:00
215599,SCOA,2024-01-05,1.63,,,1.63,789004,2026-04-08T04:11:07.208124+00:00
215716,SCOA,2024-01-08,1.63,,,1.63,505671,2026-04-08T04:11:11.742656+00:00
215833,SCOA,2024-01-09,1.63,,,1.63,135214,2026-04-08T04:11:14.100458+00:00
215950,SCOA,2024-01-10,1.63,,,1.63,58521,2026-04-08T04:11:16.512964+00:00
216067,SCOA,2024-01-11,1.63,,,1.63,282378,2026-04-08T04:11:18.918089+00:00
216184,SCOA,2024-01-12,1.63,,,1.63,27570,2026-04-08T04:11:21.244944+00:00
216301,SCOA,2024-01-15,1.79,,,1.79,754951,2026-04-08T04:11:25.674113+00:00
216418,SCOA,2024-01-16,1.96,,,1.96,190215,2026-04-08T04:11:28.037988+00:00
216535,SCOA,2024-01-18,1.96,,,1.96,36073,2026-04-08T04:11:31.337167+00:00
216652,SCOA,2024-01-19,1.96,,,1.96,73137,2026-04-08T04:11:38.619168+00:00
216769,SCOA,2024-01-22,1.96,,,1.96,193463,2026-04-08T04:11:42.948818+00:00
216886,SCOA,2024-01-23,1.96,,,1.96,12071,2026-04-08T04:11:45.304506+00:00
217003,SCOA,2024-01-24,1.96,,,1.96,17868,2026-04-08T04:11:47.647942+00:00
217120,SCOA,2024-01-25,1.96,,,1.96,5500,2026-04-08T04:11:50.11021+00:00
217237,SCOA,2024-01-26,1.96,,,1.96,20500,2026-04-08T04:11:52.721812+00:00
217354,SCOA,2024-01-29,1.96,,,1.96,2000,2026-04-08T04:11:57.440388+00:00
217471,SCOA,2024-01-30,1.96,,,1.96,0,2026-04-08T04:12:00.024191+00:00
217588,SCOA,2024-01-31,1.96,,,1.96,0,2026-04-08T04:12:02.433526+00:00
217705,SCOA,2024-02-01,1.96,,,1.96,557,2026-04-08T04:12:04.812869+00:00
217822,SCOA,2024-02-02,1.96,,,1.96,680,2026-04-08T04:12:07.232701+00:00
217939,SCOA,2024-02-05,1.96,,,1.96,40178,2026-04-08T04:12:11.791199+00:00
218056,SCOA,2024-02-06,1.96,,,1.96,8737,2026-04-08T04:12:14.363902+00:00
218173,SCOA,2024-02-07,1.96,,,1.96,53345,2026-04-08T04:12:16.791058+00:00
218290,SCOA,2024-02-08,1.96,,,1.96,275,2026-04-08T04:12:19.312026+00:00
218407,SCOA,2024-02-09,1.96,,,1.96,193,2026-04-08T04:12:21.609908+00:00
218524,SCOA,2024-02-12,1.96,,,1.96,4392,2026-04-08T04:12:25.771109+00:00
218641,SCOA,2024-02-13,1.96,,,1.96,34321,2026-04-08T04:12:28.061356+00:00
218758,SCOA,2024-02-14,1.96,,,1.96,13487,2026-04-08T04:12:30.570558+00:00
218875,SCOA,2024-02-16,1.96,,,1.96,200,2026-04-08T04:12:34.036511+00:00
218992,SCOA,2024-02-19,1.96,,,1.96,9300,2026-04-08T04:12:38.429241+00:00
219109,SCOA,2024-02-20,1.96,,,1.96,1210,2026-04-08T04:12:40.813552+00:00
219226,SCOA,2024-02-21,1.96,,,1.96,73000,2026-04-08T04:12:43.257682+00:00
219343,SCOA,2024-02-22,1.96,,,1.96,0,2026-04-08T04:12:45.850796+00:00
219460,SCOA,2024-02-26,1.96,,,1.96,2,2026-04-08T04:12:51.18414+00:00
219577,SCOA,2024-02-27,1.96,,,1.96,1529,2026-04-08T04:12:53.509755+00:00
219694,SCOA,2024-02-29,1.96,,,1.96,0,2026-04-08T04:12:56.822244+00:00
219811,SCOA,2024-03-01,1.96,,,1.96,20230,2026-04-08T04:12:59.287484+00:00
219928,SCOA,2024-03-04,1.96,,,1.96,1000,2026-04-08T04:13:03.814092+00:00
220046,SCOA,2024-03-05,1.96,,,1.96,0,2026-04-08T04:13:06.279726+00:00
220164,SCOA,2024-03-06,1.96,,,1.96,1015,2026-04-08T04:13:08.558236+00:00
220282,SCOA,2024-03-07,1.96,,,1.96,4005,2026-04-08T04:13:10.988978+00:00
220400,SCOA,2024-03-08,1.96,,,1.96,300,2026-04-08T04:13:13.453006+00:00
220518,SCOA,2024-03-11,1.96,,,1.96,0,2026-04-08T04:13:17.773706+00:00
220636,SCOA,2024-03-12,1.96,,,1.96,50,2026-04-08T04:13:20.258657+00:00
220754,SCOA,2024-03-13,1.96,,,1.96,300,2026-04-08T04:13:22.557243+00:00
220872,SCOA,2024-03-14,1.96,,,1.96,5050,2026-04-08T04:13:25.004754+00:00
220990,SCOA,2024-03-15,1.96,,,1.96,8450,2026-04-08T04:13:27.500984+00:00
221108,SCOA,2024-03-19,1.96,,,1.96,0,2026-04-08T04:13:32.54102+00:00
221226,SCOA,2024-03-20,1.96,,,1.96,3515,2026-04-08T04:13:34.949661+00:00
221344,SCOA,2024-03-21,1.96,,,1.96,0,2026-04-08T04:13:37.293426+00:00
221462,SCOA,2024-03-22,1.96,,,1.96,0,2026-04-08T04:13:39.66616+00:00
221580,SCOA,2024-03-25,1.96,,,1.96,985,2026-04-08T04:13:43.964435+00:00
221698,SCOA,2024-03-26,1.96,,,1.96,0,2026-04-08T04:13:46.391317+00:00
221816,SCOA,2024-03-27,1.96,,,1.96,3610,2026-04-08T04:13:48.795654+00:00
221934,SCOA,2024-03-28,1.96,,,1.96,2660,2026-04-08T04:13:51.173779+00:00
222052,SCOA,2024-04-02,1.96,,,1.96,24929,2026-04-08T04:13:58.053067+00:00
222170,SCOA,2024-04-03,2.15,,,2.15,194311,2026-04-08T04:14:00.66873+00:00
222288,SCOA,2024-04-04,2.36,,,2.36,1078550,2026-04-08T04:14:03.310057+00:00
222406,SCOA,2024-04-05,2.15,,,2.15,288350,2026-04-08T04:14:05.820809+00:00
222524,SCOA,2024-04-12,2.15,,,2.15,21595,2026-04-08T04:14:15.984697+00:00
222642,SCOA,2024-04-15,2.15,,,2.15,4300,2026-04-08T04:14:20.492228+00:00
222760,SCOA,2024-04-16,2.15,,,2.15,1000,2026-04-08T04:14:22.958286+00:00
222878,SCOA,2024-04-17,2.15,,,2.15,100025,2026-04-08T04:14:25.407203+00:00
222996,SCOA,2024-04-18,2.15,,,2.15,4540,2026-04-08T04:14:27.862982+00:00
223114,SCOA,2024-04-19,2.15,,,2.15,11725,2026-04-08T04:14:30.225092+00:00
223232,SCOA,2024-04-22,2.15,,,2.15,16000,2026-04-08T04:14:34.624841+00:00
223350,SCOA,2024-04-23,2.15,,,2.15,999,2026-04-08T04:14:36.881925+00:00
223468,SCOA,2024-04-24,2.15,,,2.15,162,2026-04-08T04:14:39.108369+00:00
223586,SCOA,2024-04-25,2.15,,,2.15,1,2026-04-08T04:14:41.415412+00:00
223704,SCOA,2024-04-26,2.15,,,2.15,10000,2026-04-08T04:14:43.709399+00:00
223822,SCOA,2024-04-29,2.15,,,2.15,17100,2026-04-08T04:14:47.97937+00:00
223940,SCOA,2024-04-30,2.15,,,2.15,19050,2026-04-08T04:14:50.304196+00:00
224058,SCOA,2024-05-02,2.15,,,2.15,627,2026-04-08T04:14:53.573612+00:00
224176,SCOA,2024-05-03,2.15,,,2.15,2424,2026-04-08T04:14:55.989363+00:00
224294,SCOA,2024-05-06,2.15,,,2.15,33571,2026-04-08T04:15:00.14873+00:00
224412,SCOA,2024-05-07,2.15,,,2.15,9800,2026-04-08T04:15:02.40079+00:00
224530,SCOA,2024-05-08,2.15,,,2.15,11299,2026-04-08T04:15:04.708287+00:00
224648,SCOA,2024-05-09,2.15,,,2.15,2060,2026-04-08T04:15:07.337178+00:00
224766,SCOA,2024-05-10,2.15,,,2.15,60424,2026-04-08T04:15:09.604775+00:00
224884,SCOA,2024-05-13,2.15,,,2.15,3900,2026-04-08T04:15:13.907933+00:00
225002,SCOA,2024-05-14,2.15,,,2.15,0,2026-04-08T04:15:16.26654+00:00
225120,SCOA,2024-05-15,2.15,,,2.15,890,2026-04-08T04:15:18.549958+00:00
225238,SCOA,2024-05-16,2.15,,,2.15,1200,2026-04-08T04:15:20.841424+00:00
225356,SCOA,2024-05-20,2.15,,,2.15,100,2026-04-08T04:15:25.962105+00:00
225474,SCOA,2024-05-21,2.15,,,2.15,0,2026-04-08T04:15:28.334406+00:00
225592,SCOA,2024-05-22,2.15,,,2.15,7000,2026-04-08T04:15:30.660212+00:00
225710,SCOA,2024-05-23,2.15,,,2.15,0,2026-04-08T04:15:32.993296+00:00
225828,SCOA,2024-05-24,2.15,,,2.15,5,2026-04-08T04:15:35.360226+00:00
225946,SCOA,2024-05-27,2.15,,,2.15,0,2026-04-08T04:15:39.562711+00:00
226064,SCOA,2024-05-28,2.15,,,2.15,35,2026-04-08T04:15:41.894674+00:00
226182,SCOA,2024-05-29,2.15,,,2.15,200,2026-04-08T04:15:44.435333+00:00
226300,SCOA,2024-05-30,2.15,,,2.15,1000,2026-04-08T04:15:46.695543+00:00
226418,SCOA,2024-05-31,2.15,,,2.15,15,2026-04-08T04:15:48.909252+00:00
226536,SCOA,2024-06-03,2.15,,,2.15,198,2026-04-08T04:15:53.203965+00:00
226654,SCOA,2024-06-04,2.15,,,2.15,0,2026-04-08T04:15:55.456464+00:00
226772,SCOA,2024-06-05,2.15,,,2.15,0,2026-04-08T04:15:57.839545+00:00
226890,SCOA,2024-06-06,2.15,,,2.15,0,2026-04-08T04:16:00.091412+00:00
227008,SCOA,2024-06-07,2.15,,,2.15,1,2026-04-08T04:16:02.294722+00:00
227126,SCOA,2024-06-10,2.15,,,2.15,0,2026-04-08T04:16:06.655303+00:00
227244,SCOA,2024-06-11,2.15,,,2.15,100,2026-04-08T04:16:09.027942+00:00
227362,SCOA,2024-06-13,2.15,,,2.15,84,2026-04-08T04:16:12.454757+00:00
227480,SCOA,2024-06-14,2.15,,,2.15,3011,2026-04-08T04:16:14.762224+00:00
227598,SCOA,2024-06-20,2.15,,,2.15,4790,2026-04-08T04:16:22.365263+00:00
227716,SCOA,2024-06-21,2.15,,,2.15,300380,2026-04-08T04:16:24.740936+00:00
227834,SCOA,2024-06-24,2.15,,,2.15,500,2026-04-08T04:16:29.101951+00:00
227952,SCOA,2024-06-25,2.15,,,2.15,0,2026-04-08T04:16:31.430939+00:00
228070,SCOA,2024-06-26,2.15,,,2.15,0,2026-04-08T04:16:33.77834+00:00
228188,SCOA,2024-06-27,2.15,,,2.15,500,2026-04-08T04:16:36.13415+00:00
228306,SCOA,2024-06-28,2.15,,,2.15,500,2026-04-08T04:16:38.472674+00:00
228424,SCOA,2024-07-01,2.15,,,2.15,0,2026-04-08T04:16:42.881798+00:00
228542,SCOA,2024-07-02,2.15,,,2.15,20000,2026-04-08T04:16:45.256647+00:00
228660,SCOA,2024-07-03,2.15,,,2.15,0,2026-04-08T04:16:47.732339+00:00
228778,SCOA,2024-07-04,2.15,,,2.15,909,2026-04-08T04:16:50.22378+00:00
228896,SCOA,2024-07-05,2.15,,,2.15,3,2026-04-08T04:16:52.679645+00:00
229014,SCOA,2024-07-08,2.15,,,2.15,5303,2026-04-08T04:16:57.375145+00:00
229132,SCOA,2024-07-09,2.15,,,2.15,0,2026-04-08T04:16:59.679545+00:00
229250,SCOA,2024-07-10,2.15,,,2.15,80,2026-04-08T04:17:02.104038+00:00
229368,SCOA,2024-07-11,2.15,,,2.15,116142,2026-04-08T04:17:04.804273+00:00
229486,SCOA,2024-07-12,2.15,,,2.15,86488,2026-04-08T04:17:07.071694+00:00
229604,SCOA,2024-07-15,2.15,,,2.15,0,2026-04-08T04:17:11.418935+00:00
229722,SCOA,2024-07-16,2.15,,,2.15,831,2026-04-08T04:17:13.920176+00:00
229840,SCOA,2024-07-17,2.15,,,2.15,2102,2026-04-08T04:17:16.239817+00:00
229958,SCOA,2024-07-18,2.15,,,2.15,14236,2026-04-08T04:17:18.614364+00:00
230076,SCOA,2024-07-19,2.15,,,2.15,336,2026-04-08T04:17:20.923419+00:00
230194,SCOA,2024-07-22,2.15,,,2.15,1250,2026-04-08T04:17:25.185516+00:00
230312,SCOA,2024-07-23,2.15,,,2.15,1923,2026-04-08T04:17:27.655924+00:00
230430,SCOA,2024-07-24,2.15,,,2.15,380,2026-04-08T04:17:30.124258+00:00
230548,SCOA,2024-07-25,2.15,,,2.15,1,2026-04-08T04:17:32.638981+00:00
230666,SCOA,2024-07-26,2.15,,,2.15,140,2026-04-08T04:17:35.101122+00:00
230784,SCOA,2024-07-29,2.15,,,2.15,0,2026-04-08T04:17:40.103977+00:00
230902,SCOA,2024-07-30,2.15,,,2.15,30572,2026-04-08T04:17:43.080384+00:00
231020,SCOA,2024-07-31,1.94,,,1.94,265610,2026-04-08T04:17:45.61458+00:00
231138,SCOA,2024-08-01,1.94,,,1.94,5261,2026-04-08T04:17:47.950902+00:00
231256,SCOA,2024-08-02,1.94,,,1.94,127500,2026-04-08T04:17:50.372085+00:00
231374,SCOA,2024-08-05,1.94,,,1.94,10000,2026-04-08T04:17:54.929581+00:00
231492,SCOA,2024-08-06,1.94,,,1.94,10480,2026-04-08T04:17:57.472912+00:00
231610,SCOA,2024-08-07,1.94,,,1.94,155457,2026-04-08T04:17:59.948734+00:00
231728,SCOA,2024-08-08,1.94,,,1.94,40000,2026-04-08T04:18:02.36647+00:00
231846,SCOA,2024-08-09,1.94,,,1.94,456,2026-04-08T04:18:04.674683+00:00
231964,SCOA,2024-08-12,1.94,,,1.94,6308,2026-04-08T04:18:08.918743+00:00
232082,SCOA,2024-08-13,1.94,,,1.94,6996,2026-04-08T04:18:11.387792+00:00
232200,SCOA,2024-08-14,1.94,,,1.94,8548,2026-04-08T04:18:13.859526+00:00
232318,SCOA,2024-08-15,1.94,,,1.94,800,2026-04-08T04:18:16.357381+00:00
232436,SCOA,2024-08-16,1.94,,,1.94,0,2026-04-08T04:18:18.692447+00:00
232554,SCOA,2024-08-19,1.94,,,1.94,560,2026-04-08T04:18:23.063194+00:00
232672,SCOA,2024-08-20,1.94,,,1.94,5160,2026-04-08T04:18:25.366221+00:00
232790,SCOA,2024-08-21,1.94,,,1.94,27700,2026-04-08T04:18:27.861334+00:00
232908,SCOA,2024-08-22,1.94,,,1.94,508,2026-04-08T04:18:30.156184+00:00
233026,SCOA,2024-08-23,1.94,,,1.94,10553,2026-04-08T04:18:32.497978+00:00
233144,SCOA,2024-08-26,1.94,,,1.94,3080,2026-04-08T04:18:37.19542+00:00
233262,SCOA,2024-08-27,1.94,,,1.94,7400,2026-04-08T04:18:39.561091+00:00
233380,SCOA,2024-08-28,1.94,,,1.94,4050,2026-04-08T04:18:42.048567+00:00
233498,SCOA,2024-08-29,1.75,,,1.75,252151,2026-04-08T04:18:44.36768+00:00
233616,SCOA,2024-09-02,1.92,,,1.92,315397,2026-04-08T04:18:49.632285+00:00
233734,SCOA,2024-09-03,1.92,,,1.92,18539,2026-04-08T04:18:52.389232+00:00
233852,SCOA,2024-09-04,1.92,,,1.92,35420,2026-04-08T04:18:54.875674+00:00
233970,SCOA,2024-09-05,1.92,,,1.92,33975,2026-04-08T04:18:57.763256+00:00
234088,SCOA,2024-09-06,1.92,,,1.92,6600,2026-04-08T04:19:00.536712+00:00
234206,SCOA,2024-09-09,1.92,,,1.92,85166,2026-04-08T04:19:05.495104+00:00
234324,SCOA,2024-09-10,1.92,,,1.92,11160,2026-04-08T04:19:08.070871+00:00
234442,SCOA,2024-09-11,1.73,,,1.73,263962,2026-04-08T04:19:10.663572+00:00
234560,SCOA,2024-09-12,1.9,,,1.9,299269,2026-04-08T04:19:13.371302+00:00
234678,SCOA,2024-09-13,1.9,,,1.9,110121,2026-04-08T04:19:16.033041+00:00
234796,SCOA,2024-09-17,1.9,,,1.9,19000,2026-04-08T04:19:22.824888+00:00
234914,SCOA,2024-09-18,1.9,,,1.9,9656,2026-04-08T04:19:25.915955+00:00
235032,SCOA,2024-09-19,1.9,,,1.9,0,2026-04-08T04:19:28.330134+00:00
235150,SCOA,2024-09-20,1.9,,,1.9,0,2026-04-08T04:19:30.82066+00:00
235268,SCOA,2024-09-23,1.9,,,1.9,1930,2026-04-08T04:19:35.29526+00:00
235386,SCOA,2024-09-24,1.9,,,1.9,1400,2026-04-08T04:19:37.629736+00:00
235504,SCOA,2024-09-25,1.9,,,1.9,10000,2026-04-08T04:19:40.096992+00:00
235622,SCOA,2024-09-26,1.9,,,1.9,138543,2026-04-08T04:19:42.676048+00:00
235740,SCOA,2024-09-27,1.9,,,1.9,4407,2026-04-08T04:19:45.342636+00:00
235858,SCOA,2024-09-30,1.9,,,1.9,0,2026-04-08T04:19:50.223917+00:00
235976,SCOA,2024-10-02,1.9,,,1.9,17377,2026-04-08T04:19:53.821423+00:00
236094,SCOA,2024-10-03,1.9,,,1.9,5363,2026-04-08T04:19:56.203135+00:00
236212,SCOA,2024-10-04,1.9,,,1.9,9273,2026-04-08T04:19:58.634737+00:00
236330,SCOA,2024-10-07,1.71,,,1.71,234706,2026-04-08T04:20:03.05432+00:00
236448,SCOA,2024-10-08,1.71,,,1.71,42640,2026-04-08T04:20:05.535519+00:00
236566,SCOA,2024-10-10,1.71,,,1.71,129664,2026-04-08T04:20:08.855054+00:00
236684,SCOA,2024-10-11,1.71,,,1.71,1650,2026-04-08T04:20:11.460237+00:00
236802,SCOA,2024-10-14,1.71,,,1.71,0,2026-04-08T04:20:16.284622+00:00
236921,SCOA,2024-10-15,1.71,,,1.71,72,2026-04-08T04:20:18.84933+00:00
237040,SCOA,2024-10-17,1.71,,,1.71,4652,2026-04-08T04:20:23.389134+00:00
237159,SCOA,2024-10-18,1.71,,,1.71,0,2026-04-08T04:20:26.17489+00:00
237278,SCOA,2024-10-21,1.71,,,1.71,4061,2026-04-08T04:20:30.541886+00:00
237397,SCOA,2024-10-22,1.71,,,1.71,0,2026-04-08T04:20:32.890604+00:00
237516,SCOA,2024-10-23,1.71,,,1.71,3625,2026-04-08T04:20:35.186729+00:00
237635,SCOA,2024-10-24,1.71,,,1.71,3986,2026-04-08T04:20:37.740613+00:00
237754,SCOA,2024-10-25,1.71,,,1.71,16593,2026-04-08T04:20:40.222387+00:00
237873,SCOA,2024-10-28,1.71,,,1.71,0,2026-04-08T04:20:44.742576+00:00
237992,SCOA,2024-10-29,1.71,,,1.71,200,2026-04-08T04:20:47.136244+00:00
238111,SCOA,2024-10-30,1.71,,,1.71,10000,2026-04-08T04:20:49.405969+00:00
238230,SCOA,2024-10-31,1.71,,,1.71,41249,2026-04-08T04:20:51.756515+00:00
238349,SCOA,2024-11-01,1.71,,,1.71,2000,2026-04-08T04:20:54.1075+00:00
238468,SCOA,2024-11-04,1.71,,,1.71,2008,2026-04-08T04:20:58.471072+00:00
238587,SCOA,2024-11-05,1.71,,,1.71,33,2026-04-08T04:21:01.00344+00:00
238706,SCOA,2024-11-06,1.71,,,1.71,8031,2026-04-08T04:21:03.585377+00:00
238825,SCOA,2024-11-07,1.71,,,1.71,45597,2026-04-08T04:21:06.256351+00:00
238944,SCOA,2024-11-08,1.71,,,1.71,3892,2026-04-08T04:21:08.623134+00:00
239063,SCOA,2024-11-11,1.71,,,1.71,21644,2026-04-08T04:21:12.782875+00:00
239182,SCOA,2024-11-12,1.71,,,1.71,67585,2026-04-08T04:21:15.417322+00:00
239301,SCOA,2024-11-13,1.71,,,1.71,3284,2026-04-08T04:21:17.790166+00:00
239420,SCOA,2024-11-14,1.71,,,1.71,14149,2026-04-08T04:21:20.354873+00:00
239539,SCOA,2024-11-15,1.71,,,1.71,8200,2026-04-08T04:21:22.90937+00:00
239658,SCOA,2024-11-18,1.71,,,1.71,53884,2026-04-08T04:21:27.576358+00:00
239777,SCOA,2024-11-19,1.88,,,1.88,146295,2026-04-08T04:21:29.868433+00:00
239896,SCOA,2024-11-20,1.88,,,1.88,7449,2026-04-08T04:21:32.433299+00:00
240015,SCOA,2024-11-21,2.06,,,2.06,100000,2026-04-08T04:21:34.755564+00:00
240134,SCOA,2024-11-22,2.06,,,2.06,70435,2026-04-08T04:21:37.514754+00:00
240253,SCOA,2024-11-25,2.06,,,2.06,3441,2026-04-08T04:21:41.818387+00:00
240372,SCOA,2024-11-26,2.06,,,2.06,9800,2026-04-08T04:21:44.163824+00:00
240491,SCOA,2024-11-27,2.06,,,2.06,560,2026-04-08T04:21:46.720727+00:00
240610,SCOA,2024-11-28,2.06,,,2.06,3746,2026-04-08T04:21:49.110263+00:00
240729,SCOA,2024-12-02,2.06,,,2.06,255,2026-04-08T04:21:54.88401+00:00
240848,SCOA,2024-12-03,2.06,,,2.06,238,2026-04-08T04:21:57.640504+00:00
240967,SCOA,2024-12-04,2.06,,,2.06,52164,2026-04-08T04:21:59.930228+00:00
241086,SCOA,2024-12-06,2.06,,,2.06,27222,2026-04-08T04:22:03.392712+00:00
241205,SCOA,2024-12-09,2.06,,,2.06,33067,2026-04-08T04:22:07.745808+00:00
241324,SCOA,2024-12-10,2.06,,,2.06,319,2026-04-08T04:22:10.112253+00:00
241443,SCOA,2024-12-11,2.06,,,2.06,5625,2026-04-08T04:22:12.639548+00:00
241562,SCOA,2024-12-12,2.06,,,2.06,100,2026-04-08T04:22:15.033357+00:00
241681,SCOA,2024-12-13,2.06,,,2.06,101681,2026-04-08T04:22:17.509919+00:00
241800,SCOA,2024-12-16,2.06,,,2.06,0,2026-04-08T04:22:22.499781+00:00
241919,SCOA,2024-12-17,2.06,,,2.06,26892,2026-04-08T04:22:24.995572+00:00
242038,SCOA,2024-12-18,2.06,,,2.06,0,2026-04-08T04:22:27.498126+00:00
242157,SCOA,2024-12-19,2.06,,,2.06,5169,2026-04-08T04:22:29.868083+00:00
242276,SCOA,2024-12-20,2.06,,,2.06,0,2026-04-08T04:22:32.392508+00:00
242395,SCOA,2024-12-23,2.06,,,2.06,9233,2026-04-08T04:22:36.740311+00:00
242514,SCOA,2024-12-24,2.06,,,2.06,308,2026-04-08T04:22:39.25804+00:00
242633,SCOA,2024-12-27,2.06,,,2.06,106,2026-04-08T04:22:43.946119+00:00
242752,SCOA,2024-12-31,2.06,,,2.06,16,2026-04-08T04:22:48.665239+00:00
242870,SCOA,2025-01-02,2.06,,,2.06,10137,2026-04-08T04:22:52.256438+00:00
242988,SCOA,2025-01-03,2.06,,,2.06,200,2026-04-08T04:22:55.101113+00:00
243106,SCOA,2025-01-06,2.06,,,2.06,5128,2026-04-08T04:23:00.046313+00:00
243224,SCOA,2025-01-07,2.06,,,2.06,1853,2026-04-08T04:23:02.329348+00:00
243342,SCOA,2025-01-08,2.06,,,2.06,2000,2026-04-08T04:23:04.632968+00:00
243460,SCOA,2025-01-09,2.06,,,2.06,0,2026-04-08T04:23:06.908261+00:00
243578,SCOA,2025-01-10,2.06,,,2.06,19399,2026-04-08T04:23:09.304805+00:00
243696,SCOA,2025-01-13,2.06,,,2.06,15873,2026-04-08T04:23:13.790041+00:00
243814,SCOA,2025-01-14,2.26,,,2.26,2335893,2026-04-08T04:23:16.129929+00:00
243932,SCOA,2025-01-15,2.26,,,2.26,36120,2026-04-08T04:23:18.535433+00:00
244050,SCOA,2025-01-16,2.26,,,2.26,62260,2026-04-08T04:23:20.834867+00:00
244168,SCOA,2025-01-17,2.48,,,2.48,100000,2026-04-08T04:23:23.141674+00:00
244286,SCOA,2025-01-20,2.72,,,2.72,1174160,2026-04-08T04:23:27.482452+00:00
244404,SCOA,2025-01-21,2.99,,,2.99,330387,2026-04-08T04:23:29.752731+00:00
244522,SCOA,2025-01-22,3.28,,,3.28,1347761,2026-04-08T04:23:32.235559+00:00
244640,SCOA,2025-01-23,3.6,,,3.6,118995,2026-04-08T04:23:34.519549+00:00
244758,SCOA,2025-01-24,3.96,,,3.96,143264,2026-04-08T04:23:37.097992+00:00
244876,SCOA,2025-01-27,3.7,,,3.7,1627417,2026-04-08T04:23:41.817807+00:00
244994,SCOA,2025-01-28,4.07,,,4.07,843741,2026-04-08T04:23:44.43679+00:00
245112,SCOA,2025-01-30,4.07,,,4.07,103464,2026-04-08T04:23:47.90788+00:00
245230,SCOA,2025-01-31,4.07,,,4.07,103464,2026-04-08T04:23:50.425841+00:00
245348,SCOA,2025-02-03,3.67,,,3.67,1248613,2026-04-08T04:23:55.090801+00:00
245466,SCOA,2025-02-04,3.67,,,3.67,61284,2026-04-08T04:23:57.584141+00:00
245584,SCOA,2025-02-05,3.67,,,3.67,68367,2026-04-08T04:24:00.484627+00:00
245702,SCOA,2025-02-06,3.67,,,3.67,88596,2026-04-08T04:24:04.153698+00:00
245820,SCOA,2025-02-07,3.67,,,3.67,99640,2026-04-08T04:24:07.822728+00:00
245938,SCOA,2025-02-10,3.67,,,3.67,76586,2026-04-08T04:24:13.163899+00:00
246056,SCOA,2025-02-11,3.67,,,3.67,33251,2026-04-08T04:24:15.629092+00:00
246174,SCOA,2025-02-12,3.43,,,3.43,387810,2026-04-08T04:24:18.226035+00:00
246292,SCOA,2025-02-13,3.44,,,3.44,129908,2026-04-08T04:24:20.725749+00:00
246410,SCOA,2025-02-14,3.44,,,3.44,15380,2026-04-08T04:24:23.300806+00:00
246528,SCOA,2025-02-17,3.44,,,3.44,42302,2026-04-08T04:24:27.726986+00:00
246646,SCOA,2025-02-18,3.44,,,3.44,8400,2026-04-08T04:24:30.295737+00:00
246764,SCOA,2025-02-19,3.44,,,3.44,78857,2026-04-08T04:24:32.765887+00:00
246882,SCOA,2025-02-20,3.44,,,3.44,67015,2026-04-08T04:24:35.351909+00:00
247000,SCOA,2025-02-21,3.44,,,3.44,24303,2026-04-08T04:24:37.680479+00:00
247118,SCOA,2025-02-25,3.44,,,3.44,44467,2026-04-08T04:24:43.419296+00:00
247236,SCOA,2025-02-26,3.44,,,3.44,1050,2026-04-08T04:24:45.860894+00:00
247354,SCOA,2025-02-27,3.44,,,3.44,25351,2026-04-08T04:24:48.27846+00:00
247472,SCOA,2025-02-28,3.44,,,3.44,16764,2026-04-08T04:24:50.63724+00:00
247590,SCOA,2025-03-03,3.44,,,3.44,176049,2026-04-08T04:24:55.222854+00:00
247708,SCOA,2025-03-04,3.44,,,3.44,21173,2026-04-08T04:24:57.762887+00:00
247827,SCOA,2025-03-05,3.44,,,3.44,21735,2026-04-08T04:25:00.108696+00:00
247946,SCOA,2025-03-06,3.78,,,3.78,240422,2026-04-08T04:25:02.52336+00:00
248065,SCOA,2025-03-07,3.78,,,3.78,60855,2026-04-08T04:25:04.19753+00:00
248184,SCOA,2025-03-10,4.07,,,4.07,159382,2026-04-08T04:25:07.959889+00:00
248303,SCOA,2025-03-11,4.07,,,4.07,67909,2026-04-08T04:25:10.446731+00:00
248422,SCOA,2025-03-12,4.07,,,4.07,42293,2026-04-08T04:25:12.888859+00:00
248541,SCOA,2025-03-13,4.07,,,4.07,26820,2026-04-08T04:25:15.353849+00:00
248660,SCOA,2025-03-14,4.07,,,4.07,44802,2026-04-08T04:25:17.75152+00:00
248779,SCOA,2025-03-17,4.07,,,4.07,79997,2026-04-08T04:25:23.327657+00:00
248898,SCOA,2025-03-18,4.07,,,4.07,77334,2026-04-08T04:25:25.763099+00:00
249017,SCOA,2025-03-19,4.07,,,4.07,121955,2026-04-08T04:25:28.144043+00:00
249136,SCOA,2025-03-20,4.07,,,4.07,56357,2026-04-08T04:25:31.01834+00:00
249255,SCOA,2025-03-21,4.1,,,4.1,662815,2026-04-08T04:25:33.389958+00:00
249374,SCOA,2025-03-24,4.47,,,4.47,306329,2026-04-08T04:25:38.388993+00:00
249493,SCOA,2025-03-25,4.47,,,4.47,52468,2026-04-08T04:25:40.7685+00:00
249612,SCOA,2025-03-26,4.47,,,4.47,107251,2026-04-08T04:25:43.344812+00:00
249731,SCOA,2025-03-27,4.47,,,4.47,2489,2026-04-08T04:25:45.817232+00:00
249850,SCOA,2025-03-28,4.47,,,4.47,4439,2026-04-08T04:25:48.177352+00:00
249969,SCOA,2025-04-02,4.47,,,4.47,7252,2026-04-08T04:25:54.663823+00:00
250088,SCOA,2025-04-03,4.47,,,4.47,11020,2026-04-08T04:25:57.014747+00:00
250207,SCOA,2025-04-04,4.47,,,4.47,219356,2026-04-08T04:25:59.489503+00:00
250326,SCOA,2025-04-07,4.47,,,4.47,22854,2026-04-08T04:26:04.211964+00:00
250445,SCOA,2025-04-08,4.47,,,4.47,120966,2026-04-08T04:26:06.766331+00:00
250564,SCOA,2025-04-10,4.47,,,4.47,37933,2026-04-08T04:26:10.263658+00:00
250683,SCOA,2025-04-11,4.47,,,4.47,58372,2026-04-08T04:26:12.610372+00:00
250802,SCOA,2025-04-14,4.47,,,4.47,240578,2026-04-08T04:26:17.137975+00:00
250921,SCOA,2025-04-15,4.47,,,4.47,106716,2026-04-08T04:26:19.634971+00:00
251040,SCOA,2025-04-16,4.47,,,4.47,5530,2026-04-08T04:26:22.321337+00:00
251159,SCOA,2025-04-17,4.47,,,4.47,20545,2026-04-08T04:26:24.819431+00:00
251278,SCOA,2025-04-22,4.47,,,4.47,32710,2026-04-08T04:26:31.401152+00:00
251397,SCOA,2025-04-23,4.47,,,4.47,25039,2026-04-08T04:26:33.741411+00:00
251516,SCOA,2025-04-24,4.47,,,4.47,12330,2026-04-08T04:26:36.383131+00:00
251636,SCOA,2025-04-25,4.47,,,4.47,58446,2026-04-08T04:26:38.677219+00:00
251756,SCOA,2025-04-28,4.47,,,4.47,55370,2026-04-08T04:26:43.113614+00:00
251876,SCOA,2025-04-29,4.47,,,4.47,31479,2026-04-08T04:26:45.609073+00:00
251996,SCOA,2025-04-30,4.47,,,4.47,170779,2026-04-08T04:26:48.242472+00:00
252116,SCOA,2025-05-02,4.47,,,4.47,131187,2026-04-08T04:26:51.690529+00:00
252236,SCOA,2025-05-05,4.47,,,4.47,253778,2026-04-08T04:26:56.275381+00:00
252356,SCOA,2025-05-06,4.47,,,4.47,201576,2026-04-08T04:26:58.7221+00:00
252476,SCOA,2025-05-07,4.47,,,4.47,87460,2026-04-08T04:27:01.170235+00:00
252596,SCOA,2025-05-08,4.47,,,4.47,201613,2026-04-08T04:27:03.468055+00:00
252716,SCOA,2025-05-09,4.47,,,4.47,80937,2026-04-08T04:27:05.963213+00:00
252836,SCOA,2025-05-12,4.47,,,4.47,38939,2026-04-08T04:27:10.449459+00:00
252956,SCOA,2025-05-14,4.47,,,4.47,53639,2026-04-08T04:27:13.89162+00:00
253076,SCOA,2025-05-15,4.47,,,4.47,115523,2026-04-08T04:27:16.307455+00:00
253196,SCOA,2025-05-16,4.47,,,4.47,134594,2026-04-08T04:27:18.639316+00:00
253316,SCOA,2025-05-19,4.47,,,4.47,9784,2026-04-08T04:27:23.06518+00:00
253436,SCOA,2025-05-20,4.47,,,4.47,9784,2026-04-08T04:27:25.663956+00:00
253556,SCOA,2025-05-21,4.47,,,4.47,37190,2026-04-08T04:27:28.280255+00:00
253676,SCOA,2025-05-22,4.47,,,4.47,120578,2026-04-08T04:27:30.733393+00:00
253796,SCOA,2025-05-23,4.47,,,4.47,8032,2026-04-08T04:27:33.142895+00:00
253916,SCOA,2025-05-26,4.47,,,4.47,38706,2026-04-08T04:27:37.938794+00:00
254036,SCOA,2025-05-27,4.47,,,4.47,5136,2026-04-08T04:27:40.395447+00:00
254156,SCOA,2025-05-28,4.47,,,4.47,24375,2026-04-08T04:27:42.906627+00:00
254276,SCOA,2025-05-29,4.9,,,4.9,506385,2026-04-08T04:27:45.903166+00:00
254396,SCOA,2025-05-30,4.9,,,4.9,34773,2026-04-08T04:27:48.4452+00:00
254516,SCOA,2025-06-02,4.9,,,4.9,80147,2026-04-08T04:27:53.01382+00:00
254636,SCOA,2025-06-03,5.39,,,5.39,1137947,2026-04-08T04:27:55.368454+00:00
254756,SCOA,2025-06-04,5.39,,,5.39,44564,2026-04-08T04:27:57.94541+00:00
254876,SCOA,2025-06-05,5.39,,,5.39,51547,2026-04-08T04:28:00.320696+00:00
254996,SCOA,2025-06-10,5.39,,,5.39,37334,2026-04-08T04:28:07.114795+00:00
255116,SCOA,2025-06-11,5.39,,,5.39,96003,2026-04-08T04:28:09.38594+00:00
255236,SCOA,2025-06-17,5.39,,,5.39,94790,2026-04-08T04:28:17.228975+00:00
255356,SCOA,2025-06-18,5.39,,,5.39,84543,2026-04-08T04:28:19.70912+00:00
255476,SCOA,2025-06-19,5.39,,,5.39,9865,2026-04-08T04:28:22.276816+00:00
255596,SCOA,2025-06-20,5.39,,,5.39,58038,2026-04-08T04:28:24.65394+00:00
255716,SCOA,2025-06-23,5.39,,,5.39,32118,2026-04-08T04:28:29.225711+00:00
255836,SCOA,2025-06-24,5.39,,,5.39,46641,2026-04-08T04:28:31.569579+00:00
255956,SCOA,2025-06-25,5.39,,,5.39,34335,2026-04-08T04:28:33.910697+00:00
256076,SCOA,2025-06-26,5.39,,,5.39,3,2026-04-08T04:28:36.389223+00:00
256196,SCOA,2025-06-27,5.39,,,5.39,23012,2026-04-08T04:28:38.797599+00:00
256316,SCOA,2025-07-01,4.86,,,4.86,290923,2026-04-08T04:28:44.517216+00:00
256436,SCOA,2025-07-02,4.86,,,4.86,142141,2026-04-08T04:28:47.139962+00:00
256556,SCOA,2025-07-03,4.86,,,4.86,13002,2026-04-08T04:28:49.506141+00:00
256676,SCOA,2025-07-04,4.86,,,4.86,52133,2026-04-08T04:28:51.76506+00:00
256796,SCOA,2025-07-07,5.0,,,5.0,198717,2026-04-08T04:28:56.230166+00:00
256916,SCOA,2025-07-08,5.0,,,5.0,4600,2026-04-08T04:28:58.705995+00:00
257036,SCOA,2025-07-09,5.0,,,5.0,25100,2026-04-08T04:29:01.058721+00:00
257156,SCOA,2025-07-10,5.0,,,5.0,27125,2026-04-08T04:29:03.550316+00:00
257276,SCOA,2025-07-11,5.0,,,5.0,218623,2026-04-08T04:29:06.089999+00:00
257396,SCOA,2025-07-14,5.0,,,5.0,327144,2026-04-08T04:29:10.69196+00:00
257516,SCOA,2025-07-16,5.0,,,5.0,6313,2026-04-08T04:29:14.112969+00:00
257636,SCOA,2025-07-17,5.0,,,5.0,49020,2026-04-08T04:29:16.489777+00:00
257756,SCOA,2025-07-18,5.0,,,5.0,119553,2026-04-08T04:29:18.854517+00:00
257876,SCOA,2025-07-21,5.0,,,5.0,40930,2026-04-08T04:29:23.300994+00:00
257996,SCOA,2025-07-22,5.0,,,5.0,65317,2026-04-08T04:29:25.922592+00:00
258116,SCOA,2025-07-23,5.0,,,5.0,72418,2026-04-08T04:29:29.05968+00:00
258236,SCOA,2025-07-24,5.0,,,5.0,135237,2026-04-08T04:29:31.486978+00:00
258356,SCOA,2025-07-25,5.0,,,5.0,64320,2026-04-08T04:29:33.980938+00:00
258476,SCOA,2025-07-28,5.0,,,5.0,50250,2026-04-08T04:29:38.78621+00:00
258595,SCOA,2025-07-29,5.0,,,5.0,43000,2026-04-08T04:29:41.392621+00:00
258714,SCOA,2025-07-30,5.0,,,5.0,314716,2026-04-08T04:29:43.881641+00:00
258833,SCOA,2025-07-31,5.0,,,5.0,41230,2026-04-08T04:29:46.315218+00:00
258952,SCOA,2025-08-01,5.0,,,5.0,15721,2026-04-08T04:29:48.711654+00:00
259071,SCOA,2025-08-04,5.0,,,5.0,309551,2026-04-08T04:29:53.303607+00:00
259190,SCOA,2025-08-05,5.0,,,5.0,44313,2026-04-08T04:29:55.780422+00:00
259309,SCOA,2025-08-06,5.5,,,5.5,225111,2026-04-08T04:29:58.241852+00:00
259428,SCOA,2025-08-07,5.5,,,5.5,155500,2026-04-08T04:30:00.56444+00:00
259547,SCOA,2025-08-08,5.5,,,5.5,9435,2026-04-08T04:30:02.234883+00:00
259666,SCOA,2025-08-11,5.5,,,5.5,197391,2026-04-08T04:30:07.037349+00:00
259785,SCOA,2025-08-12,5.5,,,5.5,43917,2026-04-08T04:30:09.28323+00:00
259904,SCOA,2025-08-13,5.5,,,5.5,53867,2026-04-08T04:30:11.815521+00:00
260023,SCOA,2025-08-14,5.5,,,5.5,64168,2026-04-08T04:30:14.350221+00:00
260142,SCOA,2025-08-15,5.5,,,5.5,75967,2026-04-08T04:30:16.786076+00:00
260261,SCOA,2025-08-18,5.5,,,5.5,8605,2026-04-08T04:30:21.560319+00:00
260380,SCOA,2025-08-19,5.5,,,5.5,177206,2026-04-08T04:30:23.869462+00:00
260499,SCOA,2025-08-20,5.5,,,5.5,48459,2026-04-08T04:30:26.318672+00:00
260618,SCOA,2025-08-21,5.5,,,5.5,29482,2026-04-08T04:30:28.670378+00:00
260737,SCOA,2025-08-22,5.5,,,5.5,38266,2026-04-08T04:30:30.96965+00:00
260856,SCOA,2025-08-25,5.5,,,5.5,27550,2026-04-08T04:30:35.521871+00:00
260975,SCOA,2025-08-26,5.5,,,5.5,176943,2026-04-08T04:30:37.91594+00:00
261094,SCOA,2025-08-27,5.5,,,5.5,108783,2026-04-08T04:30:40.231113+00:00
261213,SCOA,2025-08-28,6.05,,,6.05,150060,2026-04-08T04:30:42.59826+00:00
261332,SCOA,2025-08-29,6.0,,,6.0,897458,2026-04-08T04:30:45.09102+00:00
261451,SCOA,2025-09-01,6.59,,,6.59,758894,2026-04-08T04:30:49.608802+00:00
261570,SCOA,2025-09-02,6.59,,,6.59,127408,2026-04-08T04:30:52.312491+00:00
261689,SCOA,2025-09-03,6.59,,,6.59,132682,2026-04-08T04:30:55.837007+00:00
261808,SCOA,2025-09-04,6.59,,,6.59,74666,2026-04-08T04:30:58.198935+00:00
261927,SCOA,2025-09-08,6.59,,,6.59,191480,2026-04-08T04:31:03.728068+00:00
262046,SCOA,2025-09-09,6.59,,,6.59,52073,2026-04-08T04:31:06.294869+00:00
262165,SCOA,2025-09-10,6.59,,,6.59,68027,2026-04-08T04:31:08.610575+00:00
262284,SCOA,2025-09-11,6.59,,,6.59,154215,2026-04-08T04:31:10.974873+00:00
262403,SCOA,2025-09-12,6.59,,,6.59,144160,2026-04-08T04:31:13.547359+00:00
262522,SCOA,2025-09-15,6.59,,,6.59,60317,2026-04-08T04:31:18.268622+00:00
262641,SCOA,2025-09-16,6.59,,,6.59,160453,2026-04-08T04:31:20.741189+00:00
262760,SCOA,2025-09-17,6.59,,,6.59,52950,2026-04-08T04:31:23.24235+00:00
262879,SCOA,2025-09-18,6.59,,,6.59,108843,2026-04-08T04:31:25.598019+00:00
262998,SCOA,2025-09-19,6.59,,,6.59,58198,2026-04-08T04:31:28.111008+00:00
263117,SCOA,2025-09-22,6.59,,,6.59,340498,2026-04-08T04:31:32.624882+00:00
263236,SCOA,2025-09-23,6.59,,,6.59,37224,2026-04-08T04:31:35.170326+00:00
263355,SCOA,2025-09-24,6.59,,,6.59,44632,2026-04-08T04:31:37.673105+00:00
263474,SCOA,2025-09-25,6.59,,,6.59,54461,2026-04-08T04:31:40.100841+00:00
263593,SCOA,2025-09-26,6.59,,,6.59,35646,2026-04-08T04:31:42.548783+00:00
263712,SCOA,2025-09-29,6.59,,,6.59,92730,2026-04-08T04:31:47.029675+00:00
263831,SCOA,2025-09-30,6.59,,,6.59,80583,2026-04-08T04:31:49.320364+00:00
263950,SCOA,2025-10-02,6.59,,,6.59,53254,2026-04-08T04:31:52.706523+00:00
264069,SCOA,2025-10-03,6.59,,,6.59,107049,2026-04-08T04:31:55.311341+00:00
264188,SCOA,2025-10-06,6.59,,,6.59,56163,2026-04-08T04:31:59.803196+00:00
264307,SCOA,2025-10-07,6.59,,,6.59,57382,2026-04-08T04:32:02.285104+00:00
264426,SCOA,2025-10-08,6.59,,,6.59,40319,2026-04-08T04:32:04.646463+00:00
264545,SCOA,2025-10-09,6.59,,,6.59,27798,2026-04-08T04:32:07.004133+00:00
264664,SCOA,2025-10-10,6.59,,,6.59,137083,2026-04-08T04:32:10.69692+00:00
264783,SCOA,2025-10-13,6.59,,,6.59,156932,2026-04-08T04:32:15.267586+00:00
264902,SCOA,2025-10-14,6.59,,,6.59,76301,2026-04-08T04:32:17.792097+00:00
265021,SCOA,2025-10-15,6.59,,,6.59,111838,2026-04-08T04:32:20.093513+00:00
265140,SCOA,2025-10-16,6.59,,,6.59,32578,2026-04-08T04:32:22.728593+00:00
265259,SCOA,2025-10-17,6.59,,,6.59,18993,2026-04-08T04:32:25.167177+00:00
265378,SCOA,2025-10-20,6.59,,,6.59,184208,2026-04-08T04:32:29.532096+00:00
265497,SCOA,2025-10-21,7.1,,,7.1,162966,2026-04-08T04:32:31.920152+00:00
265616,SCOA,2025-10-22,7.1,,,7.1,211131,2026-04-08T04:32:34.332447+00:00
265735,SCOA,2025-10-23,7.1,,,7.1,36354,2026-04-08T04:32:36.79914+00:00
265854,SCOA,2025-10-24,7.1,,,7.1,96785,2026-04-08T04:32:39.249323+00:00
265973,SCOA,2025-10-28,7.1,,,7.1,110143,2026-04-08T04:32:44.921336+00:00
266092,SCOA,2025-10-29,7.1,,,7.1,26102,2026-04-08T04:32:47.450266+00:00
266211,SCOA,2025-10-30,7.1,,,7.1,49572,2026-04-08T04:32:49.91761+00:00
266330,SCOA,2025-10-31,7.1,,,7.1,63462,2026-04-08T04:32:52.375955+00:00
266449,SCOA,2025-11-03,7.1,,,7.1,248405,2026-04-08T04:32:57.290654+00:00
266568,SCOA,2025-11-04,7.1,,,7.1,141487,2026-04-08T04:32:59.739678+00:00
266687,SCOA,2025-11-05,7.1,,,7.1,77167,2026-04-08T04:33:02.152799+00:00
266806,SCOA,2025-11-06,7.1,,,7.1,55472,2026-04-08T04:33:04.646202+00:00
266925,SCOA,2025-11-07,7.1,,,7.1,66074,2026-04-08T04:33:07.145499+00:00
267044,SCOA,2025-11-10,7.1,,,7.1,66629,2026-04-08T04:33:11.744122+00:00
267163,SCOA,2025-11-11,7.1,,,7.1,103001,2026-04-08T04:33:14.17228+00:00
267282,SCOA,2025-11-12,7.1,,,7.1,124410,2026-04-08T04:33:16.719178+00:00
267401,SCOA,2025-11-13,7.1,,,7.1,61550,2026-04-08T04:33:19.052814+00:00
267520,SCOA,2025-11-14,7.1,,,7.1,33103,2026-04-08T04:33:21.762061+00:00
267639,SCOA,2025-11-17,7.1,,,7.1,140253,2026-04-08T04:33:26.271116+00:00
267758,SCOA,2025-11-18,7.1,,,7.1,45714,2026-04-08T04:33:29.067053+00:00
267877,SCOA,2025-11-19,7.1,,,7.1,64052,2026-04-08T04:33:31.487527+00:00
267996,SCOA,2025-11-20,7.1,,,7.1,77956,2026-04-08T04:33:33.887172+00:00
268115,SCOA,2025-11-21,7.1,,,7.1,25671,2026-04-08T04:33:36.654129+00:00
268234,SCOA,2025-11-24,7.1,,,7.1,35116,2026-04-08T04:33:41.368891+00:00
268353,SCOA,2025-11-25,7.1,,,7.1,89054,2026-04-08T04:33:44.004166+00:00
268472,SCOA,2025-11-26,7.1,,,7.1,64072,2026-04-08T04:33:46.260048+00:00
268591,SCOA,2025-11-27,7.1,,,7.1,16166,2026-04-08T04:33:48.488035+00:00
268710,SCOA,2025-11-28,7.1,,,7.1,18410,2026-04-08T04:33:50.826192+00:00
268829,SCOA,2025-12-01,7.1,,,7.1,29224,2026-04-08T04:33:55.236541+00:00
268948,SCOA,2025-12-02,7.1,,,7.1,27138,2026-04-08T04:33:57.748335+00:00
269067,SCOA,2025-12-03,7.1,,,7.1,36149,2026-04-08T04:34:00.349419+00:00
269186,SCOA,2025-12-04,7.1,,,7.1,36205,2026-04-08T04:34:03.142475+00:00
269305,SCOA,2025-12-05,7.1,,,7.1,21730,2026-04-08T04:34:05.808951+00:00
269424,SCOA,2025-12-08,7.1,,,7.1,72413,2026-04-08T04:34:10.334331+00:00
269543,SCOA,2025-12-09,7.1,,,7.1,9141,2026-04-08T04:34:12.926221+00:00
269662,SCOA,2025-12-10,7.1,,,7.1,24040,2026-04-08T04:34:15.295879+00:00
269781,SCOA,2025-12-11,7.1,,,7.1,23404,2026-04-08T04:34:17.804745+00:00
269900,SCOA,2025-12-12,7.1,,,7.1,24332,2026-04-08T04:34:20.615101+00:00
270019,SCOA,2025-12-15,7.1,,,7.1,97775,2026-04-08T04:34:25.240467+00:00
270138,SCOA,2025-12-16,7.1,,,7.1,16252,2026-04-08T04:34:27.867795+00:00
270257,SCOA,2025-12-18,7.1,,,7.1,56359,2026-04-08T04:34:31.321522+00:00
270376,SCOA,2025-12-19,7.1,,,7.1,113027,2026-04-08T04:34:33.771022+00:00
270495,SCOA,2025-12-22,7.1,,,7.1,9038,2026-04-08T04:34:38.115277+00:00
270614,SCOA,2025-12-23,7.1,,,7.1,12422,2026-04-08T04:34:40.661369+00:00
270733,SCOA,2025-12-24,7.1,,,7.1,5311,2026-04-08T04:34:43.221402+00:00
270852,SCOA,2025-12-29,7.1,,,7.1,58252,2026-04-08T04:34:48.902152+00:00
270971,SCOA,2025-12-30,7.1,,,7.1,11783,2026-04-08T04:34:51.359097+00:00
271090,SCOA,2025-12-31,7.1,,,7.1,4737,2026-04-08T04:34:53.061316+00:00
271209,SCOA,2026-01-02,7.1,,,7.1,13667,2026-04-08T04:34:56.467348+00:00
271328,SCOA,2026-01-05,7.1,,,7.1,59488,2026-04-08T04:35:01.008466+00:00
271447,SCOA,2026-01-06,7.8,,,7.8,1053295,2026-04-08T04:35:03.366972+00:00
271566,SCOA,2026-01-07,8.5,,,8.5,150991,2026-04-08T04:35:05.819661+00:00
271685,SCOA,2026-01-08,8.5,,,8.5,17787,2026-04-08T04:35:08.163488+00:00
271804,SCOA,2026-01-09,9.35,,,9.35,133879,2026-04-08T04:35:10.591402+00:00
271923,SCOA,2026-01-12,10.25,,,10.25,135619,2026-04-08T04:35:15.220756+00:00
272042,SCOA,2026-01-13,11.25,,,11.25,209836,2026-04-08T04:35:17.864544+00:00
272161,SCOA,2026-01-14,12.35,,,12.35,160070,2026-04-08T04:35:20.278959+00:00
272280,SCOA,2026-01-15,13.55,,,13.55,253570,2026-04-08T04:35:23.159853+00:00
272399,SCOA,2026-01-16,14.9,,,14.9,182129,2026-04-08T04:35:25.571119+00:00
272518,SCOA,2026-01-19,16.35,,,16.35,215718,2026-04-08T04:35:30.272746+00:00
272637,SCOA,2026-01-20,17.95,,,17.95,256694,2026-04-08T04:35:32.536083+00:00
272757,SCOA,2026-01-21,19.7,,,19.7,175623,2026-04-08T04:35:34.90344+00:00
272877,SCOA,2026-01-22,21.65,,,21.65,230911,2026-04-08T04:35:36.566163+00:00
272997,SCOA,2026-01-23,23.8,,,23.8,266521,2026-04-08T04:35:38.92405+00:00
273117,SCOA,2026-01-26,26.15,,,26.15,206166,2026-04-08T04:35:43.383975+00:00
273237,SCOA,2026-01-27,28.75,,,28.75,140812,2026-04-08T04:35:45.70946+00:00
273357,SCOA,2026-01-28,28.75,,,28.75,139804,2026-04-08T04:35:48.193808+00:00
273477,SCOA,2026-01-29,31.6,,,31.6,613928,2026-04-08T04:35:50.479528+00:00
273597,SCOA,2026-01-30,31.6,,,31.6,159050,2026-04-08T04:35:52.855058+00:00
273717,SCOA,2026-02-02,31.6,,,31.6,362450,2026-04-08T04:35:57.524813+00:00
273837,SCOA,2026-02-03,31.6,,,31.6,530033,2026-04-08T04:36:00.137559+00:00
273957,SCOA,2026-02-04,31.6,,,31.6,162333,2026-04-08T04:36:02.592569+00:00
274077,SCOA,2026-02-05,31.6,,,31.6,365761,2026-04-08T04:36:04.997535+00:00
274197,SCOA,2026-02-06,31.6,,,31.6,154323,2026-04-08T04:36:07.533957+00:00
80,SCOA,2026-02-08,,,,31.6,154323,2026-02-08T00:18:13.946+00:00
274317,SCOA,2026-02-09,34.7,,,34.7,276677,2026-04-08T04:36:12.456447+00:00
274437,SCOA,2026-02-10,38.15,,,38.15,216525,2026-04-08T04:36:14.818506+00:00
274557,SCOA,2026-02-11,38.15,,,38.15,77844,2026-04-08T04:36:17.460702+00:00
238,SCOA,2026-02-12,38.15,,,38.15,23596,2026-02-12T09:23:56.805959+00:00
274797,SCOA,2026-02-13,38.15,,,38.15,58351,2026-04-08T04:36:22.38356+00:00
274917,SCOA,2026-02-16,38.15,,,38.15,175270,2026-04-08T04:36:26.879081+00:00
275037,SCOA,2026-02-17,38.15,,,38.15,280556,2026-04-08T04:36:29.440312+00:00
275157,SCOA,2026-02-18,38.15,,,38.15,115115,2026-04-08T04:36:31.166521+00:00
275277,SCOA,2026-02-19,38.15,,,38.15,273082,2026-04-08T04:36:33.575564+00:00
605,SCOA,2026-02-20,38.15,,,38.15,136188,2026-02-20T23:15:44.934622+00:00
753,SCOA,2026-02-23,38.15,,,38.15,290562,2026-02-23T07:00:01.990412+00:00
901,SCOA,2026-02-24,38.15,,,38.15,262140,2026-02-24T07:00:01.929914+00:00
1049,SCOA,2026-02-25,38.15,,,38.15,72180,2026-02-25T07:00:01.953057+00:00
1197,SCOA,2026-02-26,38.15,,,38.15,163524,2026-02-26T07:00:01.915173+00:00
1885,SCOA,2026-02-27,38.15,,,38.15,42305,2026-02-27T07:00:02.056517+00:00
2766,SCOA,2026-02-28,38.15,,,38.15,42305,2026-02-28T18:00:03.453641+00:00
2914,SCOA,2026-03-01,38.15,,,38.15,42305,2026-03-01T18:00:03.821122+00:00
3062,SCOA,2026-03-02,38.15,,,38.15,152847,2026-03-02T07:00:01.981706+00:00
4026,SCOA,2026-03-03,38.15,,,38.15,76105,2026-03-03T07:00:01.858909+00:00
5463,SCOA,2026-03-04,38.15,,,38.15,47884,2026-03-04T07:00:02.010027+00:00
7181,SCOA,2026-03-05,38.15,,,38.15,43455,2026-03-05T07:00:02.0033+00:00
9697,SCOA,2026-03-06,34.35,,,34.35,590798,2026-03-06T07:00:02.033178+00:00
11355,SCOA,2026-03-07,34.35,,,34.35,590798,2026-03-07T18:00:06.285951+00:00
11503,SCOA,2026-03-08,34.35,,,34.35,590798,2026-03-08T18:00:03.574352+00:00
11651,SCOA,2026-03-09,30.95,,,30.95,184154,2026-03-09T07:00:02.016534+00:00
14167,SCOA,2026-03-10,27.9,,,27.9,450059,2026-03-10T07:00:03.966079+00:00
16007,SCOA,2026-03-11,25.15,,,25.15,696765,2026-03-11T07:00:02.147117+00:00
17723,SCOA,2026-03-12,22.65,,,22.65,284403,2026-03-12T07:00:02.06753+00:00
20239,SCOA,2026-03-13,22.65,,,22.65,149661,2026-03-13T07:00:01.993197+00:00
23685,SCOA,2026-03-16,22.65,,,22.65,118043,2026-03-16T08:30:01.80086+00:00
25516,SCOA,2026-03-17,22.65,,,22.65,221892,2026-03-17T08:30:01.70448+00:00
27379,SCOA,2026-03-18,22.65,,,22.65,185869,2026-03-18T08:30:01.732403+00:00
33193,SCOA,2026-03-23,22.65,,,22.65,257584,2026-03-23T08:30:01.705825+00:00
34771,SCOA,2026-03-24,22.65,,,22.65,236016,2026-03-24T15:00:01.978259+00:00
34919,SCOA,2026-03-25,22.65,,,22.65,183162,2026-03-25T15:00:01.528164+00:00
35067,SCOA,2026-03-26,22.65,,,22.65,73948,2026-03-26T15:00:01.955832+00:00
35215,SCOA,2026-03-27,22.65,,,22.65,24614,2026-03-27T15:00:02.114662+00:00
278157,SCOA,2026-03-30,22.65,,,22.65,39817,2026-04-08T04:37:47.74327+00:00
35363,SCOA,2026-03-31,22.65,,,22.65,68282,2026-03-31T15:00:02.085058+00:00
278397,SCOA,2026-04-01,22.65,,,22.65,43724,2026-04-08T04:37:52.684906+00:00
35511,SCOA,2026-04-02,22.65,,,22.65,21931,2026-04-02T15:00:01.864809+00:00
35955,SCOA,2026-04-07,22.65,,,22.65,100496,2026-04-07T15:00:01.949344+00:00
278852,SCOA,2026-04-08,22.65,,,22.65,59896,2026-04-08T15:00:01.943007+00:00
278999,SCOA,2026-04-09,22.65,,,22.65,41609,2026-04-09T15:00:02.085141+00:00
279145,SCOA,2026-04-10,22.65,,,22.65,33571,2026-04-10T15:00:01.352272+00:00
279291,SCOA,2026-04-13,22.65,,,22.65,55690,2026-04-13T15:00:02.021173+00:00
279437,SCOA,2026-04-14,22.65,,,22.65,33034,2026-04-14T15:00:02.477878+00:00
279583,SCOA,2026-04-15,22.65,,,22.65,101972,2026-04-15T15:00:02.184222+00:00
279729,SCOA,2026-04-16,22.65,,,22.65,28580,2026-04-16T15:00:02.07143+00:00
279875,SCOA,2026-04-17,22.65,,,22.65,56345,2026-04-17T15:00:02.06245+00:00
280021,SCOA,2026-04-20,22.65,,,22.65,112349,2026-04-20T15:00:01.862344+00:00
280167,SCOA,2026-04-21,22.65,,,22.65,38284,2026-04-21T15:00:02.189846+00:00
280313,SCOA,2026-04-22,22.65,,,22.65,20364,2026-04-22T15:00:02.200159+00:00
280459,SCOA,2026-04-23,22.65,,,22.65,243795,2026-04-23T15:00:02.125151+00:00
280605,SCOA,2026-04-24,22.65,,,22.65,114948,2026-04-24T15:00:02.20649+00:00
280751,SCOA,2026-04-27,22.65,,,22.65,100388,2026-04-27T15:00:02.034997+00:00
280897,SCOA,2026-04-28,22.65,,,22.65,10501,2026-04-28T15:00:01.918241+00:00
281043,SCOA,2026-04-29,22.65,,,22.65,45918,2026-04-29T15:00:02.672724+00:00
281189,SCOA,2026-04-30,22.65,,,22.65,97295,2026-04-30T15:00:02.170664+00:00
281481,SCOA,2026-05-04,22.65,,,22.65,138015,2026-05-04T15:00:02.156928+00:00
281627,SCOA,2026-05-05,22.65,,,22.65,111212,2026-05-05T15:00:01.930748+00:00
281773,SCOA,2026-05-06,22.65,,,22.65,120962,2026-05-06T15:00:01.919787+00:00
281919,SCOA,2026-05-07,22.65,,,22.65,42014,2026-05-07T15:00:01.995523+00:00
282065,SCOA,2026-05-08,22.65,,,22.65,60314,2026-05-08T15:00:02.118161+00:00
282211,SCOA,2026-05-11,24.9,,,24.9,407927,2026-05-11T15:00:02.243132+00:00
282357,SCOA,2026-05-12,27.35,,,27.35,1051214,2026-05-12T15:00:02.325735+00:00
282503,SCOA,2026-05-13,27.35,,,27.35,79260,2026-05-13T15:00:01.887561+00:00
282649,SCOA,2026-05-14,30.05,,,30.05,1546927,2026-05-14T15:00:01.952989+00:00
282795,SCOA,2026-05-15,33.05,,,33.05,1721021,2026-05-15T15:00:01.871578+00:00
282941,SCOA,2026-05-18,33.05,,,33.05,446315,2026-05-18T15:00:01.868607+00:00
283087,SCOA,2026-05-19,33.05,,,33.05,139855,2026-05-19T15:00:01.863653+00:00
283233,SCOA,2026-05-20,33.05,,,33.05,43711,2026-05-20T15:00:01.871845+00:00
283379,SCOA,2026-05-21,33.05,,,33.05,26579,2026-05-21T15:00:01.939198+00:00
283525,SCOA,2026-05-22,33.05,,,33.05,112618,2026-05-22T15:00:02.031345+00:00
283671,SCOA,2026-05-25,33.05,,,33.05,44920,2026-05-25T15:00:01.979384+00:00
283817,SCOA,2026-05-26,33.05,,,33.05,19978,2026-05-26T15:00:01.996051+00:00
284255,SCOA,2026-05-29,33.05,,,33.05,38658,2026-05-29T15:00:02.455558+00:00
284401,SCOA,2026-06-01,33.05,,,33.05,38361,2026-06-01T15:00:02.603507+00:00
284547,SCOA,2026-06-02,33.05,,,33.05,81070,2026-06-02T15:00:02.980523+00:00
284693,SCOA,2026-06-03,33.05,,,33.05,85021,2026-06-03T15:00:03.023028+00:00
284839,SCOA,2026-06-04,33.05,,,33.05,25835,2026-06-04T15:00:03.321931+00:00
284985,SCOA,2026-06-05,33.05,,,33.05,23615,2026-06-05T15:00:03.073061+00:00
285131,SCOA,2026-06-08,33.05,,,33.05,89606,2026-06-08T15:00:03.135386+00:00
285277,SCOA,2026-06-09,33.05,,,33.05,47885,2026-06-09T15:00:03.53749+00:00
285423,SCOA,2026-06-10,33.05,,,33.05,150375,2026-06-10T15:10:03.084397+00:00
285861,SCOA,2026-06-11,33.05,,,33.05,44574,2026-06-11T15:10:02.991492+00:00
287613,SCOA,2026-06-15,33.05,,,33.05,91305,2026-06-15T15:10:02.896252+00:00
288489,SCOA,2026-06-16,33.05,,,33.05,16944,2026-06-16T15:10:02.87997+00:00
289365,SCOA,2026-06-17,33.05,,,33.05,9819,2026-06-17T15:10:02.980097+00:00
289803,SCOA,2026-06-18,33.05,,,33.05,8392,2026-06-18T15:10:02.932064+00:00
290387,SCOA,2026-06-19,33.05,,,33.05,14435,2026-06-19T15:10:02.959085+00:00
291117,SCOA,2026-06-22,33.05,,,33.05,7407,2026-06-22T15:10:03.140564+00:00
291701,SCOA,2026-06-23,33.05,,,33.05,8039,2026-06-23T15:10:03.017319+00:00
292285,SCOA,2026-06-24,33.05,,,33.05,3884,2026-06-24T15:10:03.053149+00:00
292869,SCOA,2026-06-25,33.05,,,33.05,16686,2026-06-25T15:10:02.973562+00:00
293307,SCOA,2026-06-26,33.05,,,33.05,5587,2026-06-26T15:10:03.012808+00:00
293745,SCOA,2026-06-29,33.05,,,33.05,1590,2026-06-29T15:10:03.028054+00:00
294183,SCOA,2026-06-30,33.05,,,33.05,10332,2026-06-30T15:10:03.08168+00:00
294621,SCOA,2026-07-01,33.05,,,33.05,12381,2026-07-01T15:10:03.133226+00:00
295059,SCOA,2026-07-02,33.05,,,33.05,14710,2026-07-02T15:10:03.065554+00:00
295497,SCOA,2026-07-03,33.05,,,33.05,15245,2026-07-03T15:10:03.019266+00:00
295935,SCOA,2026-07-06,33.05,,,33.05,30578,2026-07-06T15:10:03.100823+00:00
296373,SCOA,2026-07-07,33.05,,,33.05,18810,2026-07-07T15:10:03.687653+00:00
296811,SCOA,2026-07-08,33.05,,,33.05,25637,2026-07-08T15:10:02.922872+00:00
297250,SCOA,2026-07-09,33.05,,,33.05,10319,2026-07-09T15:10:03.041812+00:00
297688,SCOA,2026-07-10,33.05,,,33.05,36184,2026-07-10T15:10:03.284445+00:00
298126,SCOA,2026-07-13,33.05,,,33.05,19951,2026-07-13T15:10:02.995074+00:00
298564,SCOA,2026-07-14,33.05,,,33.05,12352,2026-07-14T15:10:03.094441+00:00
299002,SCOA,2026-07-15,33.05,,,33.05,6411,2026-07-15T15:10:03.078609+00:00
299440,SCOA,2026-07-16,33.05,,,33.05,11105,2026-07-16T15:10:03.113936+00:00
299878,SCOA,2026-07-17,33.05,,,33.05,6743,2026-07-17T15:10:03.053983+00:00
