id,symbol,trade_date,open_price,high_price,low_price,close_price,volume,created_at
96037,SKYAVN,2019-04-23,4.65,,,4.65,0,2026-04-08T03:15:26.04373+00:00
96139,SKYAVN,2019-04-24,4.65,,,4.65,50050,2026-04-08T03:15:28.31166+00:00
96241,SKYAVN,2019-04-25,4.65,,,4.65,0,2026-04-08T03:15:30.603437+00:00
96343,SKYAVN,2019-04-26,4.65,,,4.65,1250,2026-04-08T03:15:32.816712+00:00
96445,SKYAVN,2019-04-29,4.65,,,4.65,0,2026-04-08T03:15:37.198623+00:00
96547,SKYAVN,2019-04-30,4.65,,,4.65,0,2026-04-08T03:15:39.499507+00:00
96649,SKYAVN,2019-05-02,4.65,,,4.65,165,2026-04-08T03:15:42.839166+00:00
96751,SKYAVN,2019-05-03,4.65,,,4.65,0,2026-04-08T03:15:45.02286+00:00
96853,SKYAVN,2019-05-06,4.65,,,4.65,0,2026-04-08T03:15:49.380478+00:00
96955,SKYAVN,2019-05-07,4.65,,,4.65,0,2026-04-08T03:15:51.609622+00:00
97057,SKYAVN,2019-05-08,4.65,,,4.65,0,2026-04-08T03:15:53.912422+00:00
97159,SKYAVN,2019-05-09,4.65,,,4.65,310,2026-04-08T03:15:56.308435+00:00
97261,SKYAVN,2019-05-10,4.65,,,4.65,25,2026-04-08T03:15:58.65517+00:00
97363,SKYAVN,2019-05-13,4.65,,,4.65,10,2026-04-08T03:16:02.955985+00:00
97465,SKYAVN,2019-05-14,4.65,,,4.65,110,2026-04-08T03:16:05.427951+00:00
97567,SKYAVN,2019-05-15,4.65,,,4.65,0,2026-04-08T03:16:07.709974+00:00
97669,SKYAVN,2019-05-16,4.65,,,4.65,0,2026-04-08T03:16:09.947696+00:00
97771,SKYAVN,2019-05-17,4.65,,,4.65,200,2026-04-08T03:16:12.469468+00:00
97874,SKYAVN,2019-05-20,4.65,,,4.65,400,2026-04-08T03:16:16.967061+00:00
97977,SKYAVN,2019-05-21,4.65,,,4.65,50000,2026-04-08T03:16:19.368023+00:00
98080,SKYAVN,2019-05-22,4.65,,,4.65,0,2026-04-08T03:16:21.741488+00:00
98183,SKYAVN,2019-05-23,4.65,,,4.65,0,2026-04-08T03:16:24.010501+00:00
98286,SKYAVN,2019-05-24,4.65,,,4.65,250,2026-04-08T03:16:26.41346+00:00
98389,SKYAVN,2019-05-27,4.65,,,4.65,10,2026-04-08T03:16:30.812568+00:00
98492,SKYAVN,2019-05-28,4.65,,,4.65,0,2026-04-08T03:16:33.286405+00:00
98595,SKYAVN,2019-05-30,4.65,,,4.65,3600,2026-04-08T03:16:36.695359+00:00
98698,SKYAVN,2019-05-31,4.65,,,4.65,100,2026-04-08T03:16:39.10826+00:00
98801,SKYAVN,2019-06-03,4.65,,,4.65,0,2026-04-08T03:16:43.376201+00:00
98904,SKYAVN,2019-06-06,4.65,,,4.65,1000,2026-04-08T03:16:48.034912+00:00
99007,SKYAVN,2019-06-07,4.65,,,4.65,0,2026-04-08T03:16:50.186426+00:00
99110,SKYAVN,2019-06-10,4.65,,,4.65,222,2026-04-08T03:16:54.498349+00:00
99213,SKYAVN,2019-06-11,4.65,,,4.65,40,2026-04-08T03:16:56.702394+00:00
99316,SKYAVN,2019-06-13,4.65,,,4.65,0,2026-04-08T03:17:00.140907+00:00
99419,SKYAVN,2019-06-14,4.65,,,4.65,0,2026-04-08T03:17:02.289964+00:00
99522,SKYAVN,2019-06-17,4.65,,,4.65,200,2026-04-08T03:17:06.378621+00:00
99625,SKYAVN,2019-06-18,4.65,,,4.65,0,2026-04-08T03:17:08.696624+00:00
99728,SKYAVN,2019-06-19,4.65,,,4.65,2543,2026-04-08T03:17:10.975867+00:00
99831,SKYAVN,2019-06-20,4.65,,,4.65,2000,2026-04-08T03:17:13.205784+00:00
99934,SKYAVN,2019-06-24,4.65,,,4.65,37047,2026-04-08T03:17:18.488118+00:00
100037,SKYAVN,2019-06-25,4.65,,,4.65,60,2026-04-08T03:17:20.712996+00:00
100140,SKYAVN,2019-06-26,4.65,,,4.65,700,2026-04-08T03:17:23.021521+00:00
100243,SKYAVN,2019-06-27,4.65,,,4.65,0,2026-04-08T03:17:25.288917+00:00
100346,SKYAVN,2019-06-28,4.65,,,4.65,600,2026-04-08T03:17:27.669324+00:00
100449,SKYAVN,2019-07-01,4.65,,,4.65,200,2026-04-08T03:17:31.993492+00:00
100552,SKYAVN,2019-07-02,4.65,,,4.65,0,2026-04-08T03:17:34.195482+00:00
100655,SKYAVN,2019-07-03,4.65,,,4.65,1100,2026-04-08T03:17:36.539656+00:00
100758,SKYAVN,2019-07-04,4.65,,,4.65,2100,2026-04-08T03:17:38.806977+00:00
100861,SKYAVN,2019-07-05,4.65,,,4.65,147,2026-04-08T03:17:41.292481+00:00
100964,SKYAVN,2019-07-08,4.65,,,4.65,0,2026-04-08T03:17:45.861747+00:00
101068,SKYAVN,2019-07-09,4.65,,,4.65,2900,2026-04-08T03:17:48.217581+00:00
101172,SKYAVN,2019-07-10,4.65,,,4.65,0,2026-04-08T03:17:50.676625+00:00
101276,SKYAVN,2019-07-11,4.65,,,4.65,0,2026-04-08T03:17:53.082234+00:00
101380,SKYAVN,2019-07-12,4.65,,,4.65,250,2026-04-08T03:17:55.503872+00:00
101484,SKYAVN,2019-07-15,4.65,,,4.65,100,2026-04-08T03:18:00.039317+00:00
101588,SKYAVN,2019-07-16,4.65,,,4.65,0,2026-04-08T03:18:02.440443+00:00
101692,SKYAVN,2019-07-17,4.65,,,4.65,0,2026-04-08T03:18:04.729662+00:00
101796,SKYAVN,2019-07-18,4.65,,,4.65,0,2026-04-08T03:18:07.178594+00:00
101900,SKYAVN,2019-07-19,4.65,,,4.65,50,2026-04-08T03:18:09.535362+00:00
102004,SKYAVN,2019-07-22,4.65,,,4.65,0,2026-04-08T03:18:14.212024+00:00
102108,SKYAVN,2019-07-23,4.65,,,4.65,10,2026-04-08T03:18:16.654741+00:00
102212,SKYAVN,2019-07-24,4.65,,,4.65,0,2026-04-08T03:18:18.926554+00:00
102316,SKYAVN,2019-07-25,4.65,,,4.65,0,2026-04-08T03:18:21.127331+00:00
102420,SKYAVN,2019-07-26,4.65,,,4.65,0,2026-04-08T03:18:23.508197+00:00
102524,SKYAVN,2019-07-29,4.65,,,4.65,0,2026-04-08T03:18:27.808584+00:00
102628,SKYAVN,2019-07-30,4.65,,,4.65,3934,2026-04-08T03:18:30.090931+00:00
102732,SKYAVN,2019-07-31,4.65,,,4.65,1110,2026-04-08T03:18:32.379029+00:00
102836,SKYAVN,2019-08-01,4.65,,,4.65,0,2026-04-08T03:18:34.721051+00:00
102940,SKYAVN,2019-08-02,4.65,,,4.65,1320,2026-04-08T03:18:37.148519+00:00
103044,SKYAVN,2019-08-05,4.65,,,4.65,0,2026-04-08T03:18:41.327383+00:00
103148,SKYAVN,2019-08-06,4.65,,,4.65,0,2026-04-08T03:18:43.676077+00:00
103252,SKYAVN,2019-08-07,4.65,,,4.65,0,2026-04-08T03:18:45.952647+00:00
103356,SKYAVN,2019-08-08,4.65,,,4.65,0,2026-04-08T03:18:48.284739+00:00
103460,SKYAVN,2019-08-09,4.65,,,4.65,1000,2026-04-08T03:18:50.530707+00:00
103564,SKYAVN,2019-08-14,4.65,,,4.65,1000,2026-04-08T03:18:57.313874+00:00
103668,SKYAVN,2019-08-15,4.65,,,4.65,0,2026-04-08T03:18:59.647711+00:00
103772,SKYAVN,2019-08-19,4.65,,,4.65,774,2026-04-08T03:19:05.053534+00:00
103876,SKYAVN,2019-08-20,4.65,,,4.65,50600,2026-04-08T03:19:07.283568+00:00
103979,SKYAVN,2019-08-21,4.65,,,4.65,1000,2026-04-08T03:19:09.493441+00:00
104082,SKYAVN,2019-08-22,4.65,,,4.65,0,2026-04-08T03:19:11.834929+00:00
104185,SKYAVN,2019-08-23,4.65,,,4.65,100,2026-04-08T03:19:14.066623+00:00
104288,SKYAVN,2019-08-26,4.65,,,4.65,0,2026-04-08T03:19:18.291411+00:00
104391,SKYAVN,2019-08-27,4.65,,,4.65,0,2026-04-08T03:19:20.588978+00:00
104494,SKYAVN,2019-08-28,4.65,,,4.65,0,2026-04-08T03:19:22.939533+00:00
104597,SKYAVN,2019-08-29,4.65,,,4.65,0,2026-04-08T03:19:25.308081+00:00
104700,SKYAVN,2019-08-30,4.65,,,4.65,0,2026-04-08T03:19:27.686427+00:00
104803,SKYAVN,2019-09-02,4.65,,,4.65,0,2026-04-08T03:19:32.075785+00:00
104906,SKYAVN,2019-09-03,4.65,,,4.65,0,2026-04-08T03:19:34.366833+00:00
105009,SKYAVN,2019-09-04,4.65,,,4.65,0,2026-04-08T03:19:36.608723+00:00
105112,SKYAVN,2019-09-05,4.65,,,4.65,0,2026-04-08T03:19:38.984327+00:00
105215,SKYAVN,2019-09-06,4.65,,,4.65,0,2026-04-08T03:19:41.363212+00:00
105318,SKYAVN,2019-09-09,4.65,,,4.65,0,2026-04-08T03:19:45.624302+00:00
105421,SKYAVN,2019-09-10,4.65,,,4.65,100,2026-04-08T03:19:47.977958+00:00
105524,SKYAVN,2019-09-11,4.65,,,4.65,0,2026-04-08T03:19:50.333421+00:00
105627,SKYAVN,2019-09-12,4.65,,,4.65,0,2026-04-08T03:19:52.607202+00:00
105730,SKYAVN,2019-09-13,4.65,,,4.65,0,2026-04-08T03:19:55.083512+00:00
105833,SKYAVN,2019-09-16,4.65,,,4.65,0,2026-04-08T03:19:59.701348+00:00
105936,SKYAVN,2019-09-17,4.65,,,4.65,0,2026-04-08T03:20:02.523968+00:00
106039,SKYAVN,2019-09-18,4.65,,,4.65,0,2026-04-08T03:20:05.488272+00:00
106142,SKYAVN,2019-09-19,4.65,,,4.65,0,2026-04-08T03:20:08.114889+00:00
106245,SKYAVN,2019-09-20,4.65,,,4.65,0,2026-04-08T03:20:10.721894+00:00
106348,SKYAVN,2019-09-23,4.65,,,4.65,0,2026-04-08T03:20:15.267012+00:00
106451,SKYAVN,2019-09-24,4.65,,,4.65,100,2026-04-08T03:20:17.630341+00:00
106554,SKYAVN,2019-09-25,4.19,,,4.19,16242960,2026-04-08T03:20:20.165626+00:00
106657,SKYAVN,2019-09-26,4.19,,,4.19,0,2026-04-08T03:20:22.92566+00:00
106760,SKYAVN,2019-09-27,4.19,,,4.19,100,2026-04-08T03:20:25.402499+00:00
106863,SKYAVN,2019-09-30,4.19,,,4.19,11,2026-04-08T03:20:29.867546+00:00
106966,SKYAVN,2019-10-02,4.19,,,4.19,120,2026-04-08T03:20:33.475481+00:00
107069,SKYAVN,2019-10-03,4.19,,,4.19,0,2026-04-08T03:20:35.801047+00:00
107172,SKYAVN,2019-10-04,4.19,,,4.19,10000,2026-04-08T03:20:38.138638+00:00
107275,SKYAVN,2019-10-07,4.19,,,4.19,200,2026-04-08T03:20:43.38987+00:00
107378,SKYAVN,2019-10-08,4.19,,,4.19,400,2026-04-08T03:20:50.115577+00:00
107481,SKYAVN,2019-10-09,4.19,,,4.19,0,2026-04-08T03:20:53.067656+00:00
107584,SKYAVN,2019-10-10,4.19,,,4.19,10,2026-04-08T03:20:55.682822+00:00
107687,SKYAVN,2019-10-11,4.19,,,4.19,0,2026-04-08T03:20:58.30073+00:00
107790,SKYAVN,2019-10-14,4.19,,,4.19,0,2026-04-08T03:21:03.536141+00:00
107893,SKYAVN,2019-10-15,4.19,,,4.19,0,2026-04-08T03:21:06.159586+00:00
107996,SKYAVN,2019-10-16,4.19,,,4.19,0,2026-04-08T03:21:08.538525+00:00
108099,SKYAVN,2019-10-17,4.19,,,4.19,2,2026-04-08T03:21:11.125073+00:00
108202,SKYAVN,2019-10-18,4.19,,,4.19,2566,2026-04-08T03:21:14.04892+00:00
108305,SKYAVN,2019-10-21,4.19,,,4.19,3002,2026-04-08T03:21:18.357079+00:00
108408,SKYAVN,2019-10-22,4.19,,,4.19,0,2026-04-08T03:21:20.5704+00:00
108511,SKYAVN,2019-10-23,4.19,,,4.19,0,2026-04-08T03:21:22.84444+00:00
108614,SKYAVN,2019-10-24,4.19,,,4.19,0,2026-04-08T03:21:25.228823+00:00
108717,SKYAVN,2019-10-25,4.19,,,4.19,0,2026-04-08T03:21:27.539286+00:00
108820,SKYAVN,2019-10-28,4.19,,,4.19,0,2026-04-08T03:21:32.161692+00:00
108923,SKYAVN,2019-10-29,4.19,,,4.19,0,2026-04-08T03:21:34.477485+00:00
109026,SKYAVN,2019-10-30,4.19,,,4.19,0,2026-04-08T03:21:36.754268+00:00
109129,SKYAVN,2019-10-31,4.19,,,4.19,0,2026-04-08T03:21:39.10919+00:00
109232,SKYAVN,2019-11-01,4.19,,,4.19,1,2026-04-08T03:21:41.456138+00:00
109335,SKYAVN,2019-11-04,4.19,,,4.19,2500,2026-04-08T03:21:45.945243+00:00
109438,SKYAVN,2019-11-05,4.19,,,4.19,0,2026-04-08T03:21:48.37169+00:00
109541,SKYAVN,2019-11-06,4.19,,,4.19,390,2026-04-08T03:21:50.755948+00:00
109644,SKYAVN,2019-11-07,4.19,,,4.19,6610,2026-04-08T03:21:53.200031+00:00
109747,SKYAVN,2019-11-08,4.19,,,4.19,0,2026-04-08T03:21:55.63316+00:00
109850,SKYAVN,2019-11-12,4.19,,,4.19,0,2026-04-08T03:22:01.520244+00:00
109953,SKYAVN,2019-11-13,4.19,,,4.19,0,2026-04-08T03:22:04.169594+00:00
110056,SKYAVN,2019-11-14,4.19,,,4.19,0,2026-04-08T03:22:06.510438+00:00
110159,SKYAVN,2019-11-15,4.19,,,4.19,0,2026-04-08T03:22:08.972682+00:00
110261,SKYAVN,2019-11-18,4.19,,,4.19,0,2026-04-08T03:22:13.551393+00:00
110363,SKYAVN,2019-11-19,4.19,,,4.19,1017,2026-04-08T03:22:15.801005+00:00
110465,SKYAVN,2019-11-20,4.19,,,4.19,0,2026-04-08T03:22:18.11241+00:00
110567,SKYAVN,2019-11-21,4.19,,,4.19,0,2026-04-08T03:22:20.360812+00:00
110669,SKYAVN,2019-11-22,4.19,,,4.19,0,2026-04-08T03:22:22.766306+00:00
110771,SKYAVN,2019-11-25,4.19,,,4.19,0,2026-04-08T03:22:27.077445+00:00
110873,SKYAVN,2019-11-26,4.19,,,4.19,0,2026-04-08T03:22:29.415971+00:00
110975,SKYAVN,2019-11-27,4.19,,,4.19,0,2026-04-08T03:22:31.797244+00:00
111077,SKYAVN,2019-11-28,4.19,,,4.19,0,2026-04-08T03:22:34.150197+00:00
111179,SKYAVN,2019-11-29,4.19,,,4.19,0,2026-04-08T03:22:36.43862+00:00
111281,SKYAVN,2019-12-02,4.19,,,4.19,0,2026-04-08T03:22:40.672716+00:00
111383,SKYAVN,2019-12-03,4.19,,,4.19,0,2026-04-08T03:22:42.857808+00:00
111485,SKYAVN,2019-12-04,4.19,,,4.19,0,2026-04-08T03:22:45.132537+00:00
111587,SKYAVN,2019-12-05,4.19,,,4.19,0,2026-04-08T03:22:47.409461+00:00
111689,SKYAVN,2019-12-06,4.19,,,4.19,10000,2026-04-08T03:22:49.720566+00:00
111791,SKYAVN,2019-12-10,4.19,,,4.19,0,2026-04-08T03:22:54.948045+00:00
111893,SKYAVN,2019-12-11,4.19,,,4.19,0,2026-04-08T03:22:57.463594+00:00
111995,SKYAVN,2019-12-12,4.19,,,4.19,0,2026-04-08T03:22:59.677549+00:00
112097,SKYAVN,2019-12-13,4.19,,,4.19,0,2026-04-08T03:23:01.961124+00:00
112199,SKYAVN,2019-12-16,4.19,,,4.19,0,2026-04-08T03:23:06.206185+00:00
112301,SKYAVN,2019-12-17,4.19,,,4.19,0,2026-04-08T03:23:08.526507+00:00
112403,SKYAVN,2019-12-18,4.19,,,4.19,0,2026-04-08T03:23:10.699016+00:00
112505,SKYAVN,2019-12-19,4.19,,,4.19,0,2026-04-08T03:23:13.06361+00:00
112607,SKYAVN,2019-12-20,4.19,,,4.19,0,2026-04-08T03:23:15.515212+00:00
112709,SKYAVN,2019-12-23,4.19,,,4.19,0,2026-04-08T03:23:19.645113+00:00
112811,SKYAVN,2019-12-24,4.19,,,4.19,0,2026-04-08T03:23:22.081747+00:00
112913,SKYAVN,2019-12-27,4.19,,,4.19,4000,2026-04-08T03:23:26.48241+00:00
113015,SKYAVN,2019-12-31,4.19,,,4.19,0,2026-04-08T03:23:31.997666+00:00
113117,SKYAVN,2020-01-02,4.19,,,4.19,0,2026-04-08T03:23:35.253628+00:00
113219,SKYAVN,2020-01-03,4.19,,,4.19,0,2026-04-08T03:23:37.484442+00:00
113321,SKYAVN,2020-01-06,4.19,,,4.19,3000,2026-04-08T03:23:41.810791+00:00
113423,SKYAVN,2020-01-07,4.15,,,4.15,7995701,2026-04-08T03:23:44.238014+00:00
113525,SKYAVN,2020-01-08,4.15,,,4.15,0,2026-04-08T03:23:46.428903+00:00
113628,SKYAVN,2020-01-09,4.15,,,4.15,1200,2026-04-08T03:23:48.760691+00:00
113731,SKYAVN,2020-01-10,4.15,,,4.15,0,2026-04-08T03:23:51.312987+00:00
113834,SKYAVN,2020-01-13,4.15,,,4.15,0,2026-04-08T03:23:55.704331+00:00
113937,SKYAVN,2020-01-14,4.15,,,4.15,0,2026-04-08T03:23:58.044369+00:00
114040,SKYAVN,2020-01-15,4.15,,,4.15,0,2026-04-08T03:24:00.340453+00:00
114143,SKYAVN,2020-01-16,4.15,,,4.15,0,2026-04-08T03:24:02.775573+00:00
114246,SKYAVN,2020-01-17,4.15,,,4.15,0,2026-04-08T03:24:05.107796+00:00
114349,SKYAVN,2020-01-20,4.15,,,4.15,0,2026-04-08T03:24:09.637495+00:00
114452,SKYAVN,2020-01-21,4.15,,,4.15,2000,2026-04-08T03:24:12.081094+00:00
114555,SKYAVN,2020-01-23,4.15,,,4.15,0,2026-04-08T03:24:15.397306+00:00
114658,SKYAVN,2020-01-24,4.15,,,4.15,10,2026-04-08T03:24:17.760742+00:00
114761,SKYAVN,2020-01-27,4.15,,,4.15,0,2026-04-08T03:24:22.426106+00:00
114864,SKYAVN,2020-01-28,4.15,,,4.15,250,2026-04-08T03:24:24.728321+00:00
114967,SKYAVN,2020-01-29,4.15,,,4.15,30005,2026-04-08T03:24:27.287495+00:00
115070,SKYAVN,2020-01-30,4.15,,,4.15,10000,2026-04-08T03:24:29.658352+00:00
115173,SKYAVN,2020-01-31,4.15,,,4.15,0,2026-04-08T03:24:31.961868+00:00
115276,SKYAVN,2020-02-03,4.15,,,4.15,0,2026-04-08T03:24:36.430808+00:00
115379,SKYAVN,2020-02-04,4.15,,,4.15,20,2026-04-08T03:24:38.687124+00:00
115482,SKYAVN,2020-02-05,4.15,,,4.15,150,2026-04-08T03:24:41.03998+00:00
115585,SKYAVN,2020-02-06,3.74,,,3.74,450001,2026-04-08T03:24:43.345135+00:00
115688,SKYAVN,2020-02-07,3.74,,,3.74,476400,2026-04-08T03:24:45.609576+00:00
115791,SKYAVN,2020-02-10,3.74,,,3.74,0,2026-04-08T03:24:50.182603+00:00
115894,SKYAVN,2020-02-11,3.37,,,3.37,427520,2026-04-08T03:24:52.780016+00:00
115997,SKYAVN,2020-02-12,3.05,,,3.05,649000,2026-04-08T03:24:55.120152+00:00
116100,SKYAVN,2020-02-13,3.05,,,3.05,7000,2026-04-08T03:24:57.649025+00:00
116203,SKYAVN,2020-02-14,2.87,,,2.87,460000,2026-04-08T03:25:00.080254+00:00
116306,SKYAVN,2020-02-17,2.91,,,2.91,480000,2026-04-08T03:25:04.377856+00:00
116409,SKYAVN,2020-02-18,2.91,,,2.91,0,2026-04-08T03:25:06.773592+00:00
116512,SKYAVN,2020-02-19,2.91,,,2.91,0,2026-04-08T03:25:09.231504+00:00
116615,SKYAVN,2020-02-20,2.91,,,2.91,8000,2026-04-08T03:25:11.501588+00:00
116718,SKYAVN,2020-02-21,2.62,,,2.62,485000,2026-04-08T03:25:13.948187+00:00
116821,SKYAVN,2020-02-24,2.36,,,2.36,485100,2026-04-08T03:25:18.415367+00:00
116924,SKYAVN,2020-02-25,2.13,,,2.13,405510,2026-04-08T03:25:20.711298+00:00
117027,SKYAVN,2020-02-26,2.13,,,2.13,0,2026-04-08T03:25:23.465375+00:00
117130,SKYAVN,2020-02-27,2.13,,,2.13,3150,2026-04-08T03:25:26.011368+00:00
117233,SKYAVN,2020-02-28,2.13,,,2.13,0,2026-04-08T03:25:28.472167+00:00
117336,SKYAVN,2020-03-02,2.13,,,2.13,1180,2026-04-08T03:25:32.979972+00:00
117439,SKYAVN,2020-03-03,2.34,,,2.34,455000,2026-04-08T03:25:35.324079+00:00
117542,SKYAVN,2020-03-04,2.34,,,2.34,452200,2026-04-08T03:25:37.587456+00:00
117645,SKYAVN,2020-03-05,2.57,,,2.57,8192894,2026-04-08T03:25:39.825698+00:00
117748,SKYAVN,2020-03-09,2.34,,,2.34,8372500,2026-04-08T03:25:45.227559+00:00
117851,SKYAVN,2020-03-10,2.34,,,2.34,15748100,2026-04-08T03:25:47.644077+00:00
117954,SKYAVN,2020-03-11,2.34,,,2.34,12500028,2026-04-08T03:25:49.940962+00:00
118057,SKYAVN,2020-03-12,2.57,,,2.57,470000,2026-04-08T03:25:52.243289+00:00
118160,SKYAVN,2020-03-13,2.57,,,2.57,8300000,2026-04-08T03:25:54.520183+00:00
118263,SKYAVN,2020-03-16,2.32,,,2.32,499000,2026-04-08T03:25:58.965391+00:00
118366,SKYAVN,2020-03-17,2.31,,,2.31,11802007,2026-04-08T03:26:01.331984+00:00
118469,SKYAVN,2020-03-18,2.31,,,2.31,11235156,2026-04-08T03:26:03.589989+00:00
118572,SKYAVN,2020-03-19,2.31,,,2.31,8490755,2026-04-08T03:26:05.957067+00:00
118675,SKYAVN,2020-03-20,2.31,,,2.31,7873900,2026-04-08T03:26:08.377452+00:00
118778,SKYAVN,2020-03-23,2.31,,,2.31,498289,2026-04-08T03:26:12.667002+00:00
118881,SKYAVN,2020-03-24,2.51,,,2.51,485000,2026-04-08T03:26:14.960057+00:00
118984,SKYAVN,2020-03-25,2.63,,,2.63,359000,2026-04-08T03:26:17.224804+00:00
119087,SKYAVN,2020-03-26,2.63,,,2.63,5720,2026-04-08T03:26:19.64473+00:00
119190,SKYAVN,2020-03-27,2.63,,,2.63,506860,2026-04-08T03:26:21.968693+00:00
119293,SKYAVN,2020-03-30,2.63,,,2.63,10000,2026-04-08T03:26:26.43282+00:00
119396,SKYAVN,2020-03-31,2.63,,,2.63,0,2026-04-08T03:26:28.926506+00:00
119499,SKYAVN,2020-04-01,2.63,,,2.63,0,2026-04-08T03:26:31.173614+00:00
119602,SKYAVN,2020-04-02,2.63,,,2.63,0,2026-04-08T03:26:33.480235+00:00
119705,SKYAVN,2020-04-03,2.37,,,2.37,480000,2026-04-08T03:26:35.777807+00:00
119808,SKYAVN,2020-04-06,2.37,,,2.37,0,2026-04-08T03:26:40.135575+00:00
119911,SKYAVN,2020-04-07,2.4,,,2.4,480000,2026-04-08T03:26:42.376644+00:00
120014,SKYAVN,2020-04-08,2.16,,,2.16,480000,2026-04-08T03:26:44.690105+00:00
120117,SKYAVN,2020-04-09,2.0,,,2.0,480000,2026-04-08T03:26:47.020639+00:00
120220,SKYAVN,2020-04-14,2.0,,,2.0,64500,2026-04-08T03:26:53.304016+00:00
120323,SKYAVN,2020-04-15,2.05,,,2.05,395000,2026-04-08T03:26:55.643286+00:00
120426,SKYAVN,2020-04-16,2.06,,,2.06,480000,2026-04-08T03:26:58.005731+00:00
120529,SKYAVN,2020-04-17,2.06,,,2.06,0,2026-04-08T03:27:00.196144+00:00
120632,SKYAVN,2020-04-20,1.96,,,1.96,481500,2026-04-08T03:27:04.902814+00:00
120735,SKYAVN,2020-04-21,1.96,,,1.96,0,2026-04-08T03:27:07.124699+00:00
120838,SKYAVN,2020-04-22,1.8,,,1.8,480000,2026-04-08T03:27:09.50407+00:00
120941,SKYAVN,2020-04-23,1.67,,,1.67,480000,2026-04-08T03:27:11.732195+00:00
121044,SKYAVN,2020-04-24,1.52,,,1.52,480000,2026-04-08T03:27:14.133022+00:00
121147,SKYAVN,2020-04-27,1.42,,,1.42,480000,2026-04-08T03:27:18.376911+00:00
121250,SKYAVN,2020-04-28,1.45,,,1.45,480000,2026-04-08T03:27:20.70836+00:00
121353,SKYAVN,2020-04-29,1.45,,,1.45,0,2026-04-08T03:27:23.099969+00:00
121456,SKYAVN,2020-04-30,1.45,,,1.45,0,2026-04-08T03:27:25.479794+00:00
121559,SKYAVN,2020-05-04,1.45,,,1.45,0,2026-04-08T03:27:30.67652+00:00
121662,SKYAVN,2020-05-05,1.45,,,1.45,0,2026-04-08T03:27:32.997372+00:00
121765,SKYAVN,2020-05-06,1.45,,,1.45,0,2026-04-08T03:27:35.368243+00:00
121868,SKYAVN,2020-05-07,1.45,,,1.45,0,2026-04-08T03:27:37.70358+00:00
121971,SKYAVN,2020-05-08,1.45,,,1.45,0,2026-04-08T03:27:39.945267+00:00
122074,SKYAVN,2020-05-11,1.45,,,1.45,3,2026-04-08T03:27:44.543581+00:00
122177,SKYAVN,2020-05-12,1.45,,,1.45,0,2026-04-08T03:27:46.988848+00:00
122280,SKYAVN,2020-05-13,1.45,,,1.45,0,2026-04-08T03:27:49.292243+00:00
122383,SKYAVN,2020-05-14,1.45,,,1.45,0,2026-04-08T03:27:51.592074+00:00
122486,SKYAVN,2020-05-19,1.45,,,1.45,0,2026-04-08T03:27:58.031425+00:00
122589,SKYAVN,2020-05-20,1.45,,,1.45,10000,2026-04-08T03:28:00.412443+00:00
122692,SKYAVN,2020-05-21,1.45,,,1.45,0,2026-04-08T03:28:02.829603+00:00
122795,SKYAVN,2020-05-27,1.59,,,1.59,2324000,2026-04-08T03:28:10.17932+00:00
122898,SKYAVN,2020-05-28,1.74,,,1.74,2000000,2026-04-08T03:28:12.484321+00:00
123001,SKYAVN,2020-05-29,1.81,,,1.81,4000000,2026-04-08T03:28:14.796152+00:00
123104,SKYAVN,2020-06-02,2.07,,,2.07,10600000,2026-04-08T03:28:20.224588+00:00
123207,SKYAVN,2020-06-03,2.27,,,2.27,17306020,2026-04-08T03:28:22.45251+00:00
123310,SKYAVN,2020-06-04,2.49,,,2.49,15797805,2026-04-08T03:28:24.742978+00:00
123413,SKYAVN,2020-06-05,2.73,,,2.73,10005000,2026-04-08T03:28:26.997708+00:00
123516,SKYAVN,2020-06-08,2.73,,,2.73,65000,2026-04-08T03:28:31.360755+00:00
123619,SKYAVN,2020-06-09,2.73,,,2.73,0,2026-04-08T03:28:33.545964+00:00
123722,SKYAVN,2020-06-10,2.73,,,2.73,0,2026-04-08T03:28:35.856379+00:00
123825,SKYAVN,2020-06-11,2.73,,,2.73,0,2026-04-08T03:28:38.052531+00:00
123928,SKYAVN,2020-06-15,2.73,,,2.73,0,2026-04-08T03:28:43.437023+00:00
124031,SKYAVN,2020-06-16,2.95,,,2.95,114426,2026-04-08T03:28:45.961134+00:00
124134,SKYAVN,2020-06-17,2.93,,,2.93,83100,2026-04-08T03:28:48.324213+00:00
124237,SKYAVN,2020-06-18,2.93,,,2.93,38959,2026-04-08T03:28:50.696546+00:00
124340,SKYAVN,2020-06-19,2.93,,,2.93,0,2026-04-08T03:28:53.406809+00:00
124443,SKYAVN,2020-06-22,2.93,,,2.93,2210,2026-04-08T03:28:57.922359+00:00
124546,SKYAVN,2020-06-23,2.93,,,2.93,2790,2026-04-08T03:29:00.283028+00:00
124649,SKYAVN,2020-06-24,2.93,,,2.93,0,2026-04-08T03:29:02.79982+00:00
124752,SKYAVN,2020-06-25,2.93,,,2.93,0,2026-04-08T03:29:05.076463+00:00
124855,SKYAVN,2020-06-26,2.93,,,2.93,0,2026-04-08T03:29:07.48598+00:00
124958,SKYAVN,2020-06-29,2.93,,,2.93,0,2026-04-08T03:29:11.968016+00:00
125061,SKYAVN,2020-06-30,2.93,,,2.93,20,2026-04-08T03:29:14.28255+00:00
125164,SKYAVN,2020-07-01,2.93,,,2.93,10197,2026-04-08T03:29:16.703757+00:00
125267,SKYAVN,2020-07-02,2.93,,,2.93,2200,2026-04-08T03:29:19.127663+00:00
125370,SKYAVN,2020-07-03,2.93,,,2.93,2850,2026-04-08T03:29:21.544735+00:00
125473,SKYAVN,2020-07-07,2.93,,,2.93,0,2026-04-08T03:29:27.331532+00:00
125576,SKYAVN,2020-07-08,2.93,,,2.93,23512,2026-04-08T03:29:29.768744+00:00
125679,SKYAVN,2020-07-09,2.93,,,2.93,1006,2026-04-08T03:29:32.143692+00:00
125782,SKYAVN,2020-07-10,2.93,,,2.93,917,2026-04-08T03:29:34.521297+00:00
125885,SKYAVN,2020-07-13,2.93,,,2.93,0,2026-04-08T03:29:39.007126+00:00
125988,SKYAVN,2020-07-14,2.93,,,2.93,0,2026-04-08T03:29:41.304989+00:00
126091,SKYAVN,2020-07-15,2.93,,,2.93,0,2026-04-08T03:29:43.708156+00:00
126194,SKYAVN,2020-07-16,2.93,,,2.93,0,2026-04-08T03:29:45.979708+00:00
126297,SKYAVN,2020-07-17,2.93,,,2.93,0,2026-04-08T03:29:48.357101+00:00
126400,SKYAVN,2020-07-20,2.93,,,2.93,0,2026-04-08T03:29:52.723074+00:00
126503,SKYAVN,2020-07-21,2.93,,,2.93,200,2026-04-08T03:29:55.035926+00:00
126606,SKYAVN,2020-07-23,2.93,,,2.93,2800,2026-04-08T03:29:58.238067+00:00
126709,SKYAVN,2020-07-24,2.93,,,2.93,0,2026-04-08T03:30:00.541513+00:00
126812,SKYAVN,2020-07-27,2.93,,,2.93,0,2026-04-08T03:30:04.748878+00:00
126915,SKYAVN,2020-07-28,2.93,,,2.93,60000,2026-04-08T03:30:07.286947+00:00
127018,SKYAVN,2020-07-29,2.93,,,2.93,4,2026-04-08T03:30:09.725653+00:00
127121,SKYAVN,2020-08-03,2.93,,,2.93,1000,2026-04-08T03:30:16.711714+00:00
127224,SKYAVN,2020-08-04,2.93,,,2.93,48000,2026-04-08T03:30:19.026905+00:00
127327,SKYAVN,2020-08-05,2.93,,,2.93,0,2026-04-08T03:30:21.509999+00:00
127430,SKYAVN,2020-08-06,2.93,,,2.93,0,2026-04-08T03:30:23.823287+00:00
127533,SKYAVN,2020-08-07,2.93,,,2.93,0,2026-04-08T03:30:26.221973+00:00
127636,SKYAVN,2020-08-10,2.93,,,2.93,100000,2026-04-08T03:30:31.080726+00:00
127739,SKYAVN,2020-08-11,2.93,,,2.93,0,2026-04-08T03:30:33.557314+00:00
127842,SKYAVN,2020-08-12,2.93,,,2.93,0,2026-04-08T03:30:35.989363+00:00
127945,SKYAVN,2020-08-13,2.93,,,2.93,53000,2026-04-08T03:30:38.402702+00:00
128048,SKYAVN,2020-08-14,2.93,,,2.93,0,2026-04-08T03:30:40.738296+00:00
128151,SKYAVN,2020-08-17,2.93,,,2.93,0,2026-04-08T03:30:45.179846+00:00
128254,SKYAVN,2020-08-18,2.93,,,2.93,0,2026-04-08T03:30:47.750292+00:00
128357,SKYAVN,2020-08-19,2.93,,,2.93,0,2026-04-08T03:30:50.260611+00:00
128460,SKYAVN,2020-08-20,2.93,,,2.93,0,2026-04-08T03:30:52.728097+00:00
128563,SKYAVN,2020-08-21,2.93,,,2.93,0,2026-04-08T03:30:55.129893+00:00
128666,SKYAVN,2020-08-24,2.93,,,2.93,0,2026-04-08T03:30:59.50528+00:00
128769,SKYAVN,2020-08-25,2.93,,,2.93,18500,2026-04-08T03:31:01.97181+00:00
128872,SKYAVN,2020-08-26,2.93,,,2.93,0,2026-04-08T03:31:04.340397+00:00
128975,SKYAVN,2020-08-27,2.93,,,2.93,0,2026-04-08T03:31:06.825032+00:00
129078,SKYAVN,2020-08-28,2.93,,,2.93,0,2026-04-08T03:31:10.050623+00:00
129181,SKYAVN,2020-08-31,2.93,,,2.93,1500,2026-04-08T03:31:14.574397+00:00
129284,SKYAVN,2020-09-01,2.93,,,2.93,8650,2026-04-08T03:31:16.859057+00:00
129387,SKYAVN,2020-09-02,2.93,,,2.93,22340,2026-04-08T03:31:19.223829+00:00
129490,SKYAVN,2020-09-03,2.93,,,2.93,0,2026-04-08T03:31:21.580357+00:00
129593,SKYAVN,2020-09-04,2.93,,,2.93,0,2026-04-08T03:31:24.095323+00:00
129696,SKYAVN,2020-09-07,2.93,,,2.93,20000,2026-04-08T03:31:29.028072+00:00
129799,SKYAVN,2020-09-08,2.93,,,2.93,1000,2026-04-08T03:31:31.696694+00:00
129902,SKYAVN,2020-09-09,2.93,,,2.93,0,2026-04-08T03:31:34.222499+00:00
130005,SKYAVN,2020-09-10,2.93,,,2.93,0,2026-04-08T03:31:36.666154+00:00
130108,SKYAVN,2020-09-11,2.93,,,2.93,30000,2026-04-08T03:31:39.224755+00:00
130211,SKYAVN,2020-09-14,2.93,,,2.93,0,2026-04-08T03:31:43.669625+00:00
130314,SKYAVN,2020-09-15,2.93,,,2.93,1286,2026-04-08T03:31:46.096824+00:00
130417,SKYAVN,2020-09-16,2.93,,,2.93,400,2026-04-08T03:31:48.62473+00:00
130520,SKYAVN,2020-09-17,2.93,,,2.93,3500,2026-04-08T03:31:51.120615+00:00
130623,SKYAVN,2020-09-18,2.93,,,2.93,8010,2026-04-08T03:31:53.500222+00:00
130726,SKYAVN,2020-09-21,2.93,,,2.93,0,2026-04-08T03:31:57.915353+00:00
130829,SKYAVN,2020-09-22,2.93,,,2.93,0,2026-04-08T03:32:00.361616+00:00
130932,SKYAVN,2020-09-23,2.93,,,2.93,5,2026-04-08T03:32:02.667296+00:00
131035,SKYAVN,2020-09-24,2.93,,,2.93,2150,2026-04-08T03:32:05.077899+00:00
131138,SKYAVN,2020-09-25,2.93,,,2.93,5040,2026-04-08T03:32:07.472813+00:00
131241,SKYAVN,2020-09-28,2.93,,,2.93,18886,2026-04-08T03:32:12.542607+00:00
131344,SKYAVN,2020-09-29,2.93,,,2.93,3500,2026-04-08T03:32:14.948969+00:00
131447,SKYAVN,2020-09-30,2.93,,,2.93,2000,2026-04-08T03:32:17.368144+00:00
131550,SKYAVN,2020-10-02,2.93,,,2.93,0,2026-04-08T03:32:21.009688+00:00
131653,SKYAVN,2020-10-05,2.93,,,2.93,1000,2026-04-08T03:32:25.669514+00:00
131756,SKYAVN,2020-10-06,2.93,,,2.93,1800,2026-04-08T03:32:28.151061+00:00
131859,SKYAVN,2020-10-07,2.93,,,2.93,1000,2026-04-08T03:32:30.62441+00:00
131962,SKYAVN,2020-10-08,2.93,,,2.93,6700,2026-04-08T03:32:32.995223+00:00
132065,SKYAVN,2020-10-09,2.93,,,2.93,5000,2026-04-08T03:32:35.453646+00:00
132168,SKYAVN,2020-10-12,2.93,,,2.93,2000,2026-04-08T03:32:39.836845+00:00
132271,SKYAVN,2020-10-13,2.93,,,2.93,43700,2026-04-08T03:32:42.883097+00:00
132374,SKYAVN,2020-10-14,2.93,,,2.93,1000,2026-04-08T03:32:45.313484+00:00
132477,SKYAVN,2020-10-15,2.93,,,2.93,157500,2026-04-08T03:32:47.672181+00:00
132580,SKYAVN,2020-10-16,2.93,,,2.93,500,2026-04-08T03:32:50.112843+00:00
132683,SKYAVN,2020-10-19,2.93,,,2.93,28500,2026-04-08T03:32:54.594352+00:00
132786,SKYAVN,2020-10-20,2.93,,,2.93,2000,2026-04-08T03:32:57.288568+00:00
132889,SKYAVN,2020-10-21,2.93,,,2.93,0,2026-04-08T03:32:59.679627+00:00
132992,SKYAVN,2020-10-22,2.93,,,2.93,0,2026-04-08T03:33:02.194874+00:00
133095,SKYAVN,2020-10-23,2.93,,,2.93,0,2026-04-08T03:33:04.540232+00:00
133198,SKYAVN,2020-10-26,2.93,,,2.93,0,2026-04-08T03:33:08.964122+00:00
133301,SKYAVN,2020-10-27,2.93,,,2.93,110040,2026-04-08T03:33:12.04516+00:00
133404,SKYAVN,2020-10-28,2.93,,,2.93,41200,2026-04-08T03:33:14.504918+00:00
133507,SKYAVN,2020-10-30,2.93,,,2.93,41459,2026-04-08T03:33:18.13889+00:00
133610,SKYAVN,2020-11-02,2.93,,,2.93,29399,2026-04-08T03:33:22.589733+00:00
133713,SKYAVN,2020-11-03,2.93,,,2.93,50000,2026-04-08T03:33:24.936567+00:00
133816,SKYAVN,2020-11-04,2.93,,,2.93,0,2026-04-08T03:33:27.402012+00:00
133919,SKYAVN,2020-11-05,2.93,,,2.93,4000,2026-04-08T03:33:29.791139+00:00
134022,SKYAVN,2020-11-06,2.93,,,2.93,103920,2026-04-08T03:33:32.190465+00:00
134125,SKYAVN,2020-11-09,2.93,,,2.93,1000,2026-04-08T03:33:36.944942+00:00
134229,SKYAVN,2020-11-10,2.93,,,2.93,0,2026-04-08T03:33:39.328014+00:00
134333,SKYAVN,2020-11-11,2.93,,,2.93,15000,2026-04-08T03:33:41.646704+00:00
134437,SKYAVN,2020-11-12,2.93,,,2.93,0,2026-04-08T03:33:44.075825+00:00
134541,SKYAVN,2020-11-13,2.93,,,2.93,80480,2026-04-08T03:33:46.660663+00:00
134645,SKYAVN,2020-11-16,2.93,,,2.93,17155,2026-04-08T03:33:51.206328+00:00
134749,SKYAVN,2020-11-17,2.93,,,2.93,20100,2026-04-08T03:33:53.594986+00:00
134853,SKYAVN,2020-11-18,2.93,,,2.93,0,2026-04-08T03:33:56.053488+00:00
134957,SKYAVN,2020-11-19,2.93,,,2.93,5000,2026-04-08T03:33:58.535588+00:00
135061,SKYAVN,2020-11-20,2.93,,,2.93,300,2026-04-08T03:34:01.033528+00:00
135165,SKYAVN,2020-11-23,2.93,,,2.93,0,2026-04-08T03:34:05.446005+00:00
135269,SKYAVN,2020-11-24,2.93,,,2.93,0,2026-04-08T03:34:07.827748+00:00
135373,SKYAVN,2020-11-25,2.93,,,2.93,3000,2026-04-08T03:34:10.273596+00:00
135477,SKYAVN,2020-11-26,2.93,,,2.93,43509,2026-04-08T03:34:12.878043+00:00
135581,SKYAVN,2020-11-27,2.93,,,2.93,0,2026-04-08T03:34:15.660625+00:00
135685,SKYAVN,2020-11-30,2.93,,,2.93,500,2026-04-08T03:34:20.595268+00:00
135789,SKYAVN,2020-12-01,2.93,,,2.93,0,2026-04-08T03:34:22.915781+00:00
135892,SKYAVN,2020-12-02,2.93,,,2.93,0,2026-04-08T03:34:25.200893+00:00
135994,SKYAVN,2020-12-03,2.93,,,2.93,0,2026-04-08T03:34:27.500503+00:00
136096,SKYAVN,2020-12-04,2.93,,,2.93,8600,2026-04-08T03:34:29.754666+00:00
136200,SKYAVN,2020-12-07,2.93,,,2.93,0,2026-04-08T03:34:34.092506+00:00
136304,SKYAVN,2020-12-08,2.93,,,2.93,0,2026-04-08T03:34:36.413898+00:00
136408,SKYAVN,2020-12-09,2.93,,,2.93,33007,2026-04-08T03:34:38.741358+00:00
136512,SKYAVN,2020-12-10,2.93,,,2.93,5000,2026-04-08T03:34:41.210459+00:00
136616,SKYAVN,2020-12-11,2.93,,,2.93,0,2026-04-08T03:34:43.516271+00:00
136721,SKYAVN,2020-12-14,2.93,,,2.93,0,2026-04-08T03:34:47.752987+00:00
136826,SKYAVN,2020-12-15,2.93,,,2.93,6000,2026-04-08T03:34:50.014046+00:00
136931,SKYAVN,2020-12-16,2.93,,,2.93,19000000,2026-04-08T03:34:52.260784+00:00
137036,SKYAVN,2020-12-17,2.93,,,2.93,24000100,2026-04-08T03:34:54.700208+00:00
137141,SKYAVN,2020-12-18,2.93,,,2.93,20000000,2026-04-08T03:34:57.404383+00:00
137246,SKYAVN,2020-12-21,2.93,,,2.93,24000200,2026-04-08T03:35:01.74156+00:00
137351,SKYAVN,2020-12-22,2.87,,,2.87,8000300,2026-04-08T03:35:04.087051+00:00
137456,SKYAVN,2020-12-23,2.93,,,2.93,15145700,2026-04-08T03:35:06.465463+00:00
137561,SKYAVN,2020-12-24,3.2,,,3.2,13124827,2026-04-08T03:35:08.859517+00:00
137666,SKYAVN,2020-12-29,3.2,,,3.2,186,2026-04-08T03:35:15.710612+00:00
137771,SKYAVN,2020-12-30,3.2,,,3.2,3000,2026-04-08T03:35:18.332825+00:00
137876,SKYAVN,2020-12-31,3.2,,,3.2,0,2026-04-08T03:35:20.721524+00:00
137981,SKYAVN,2021-01-04,3.2,,,3.2,0,2026-04-08T03:35:26.376094+00:00
138086,SKYAVN,2021-01-05,3.2,,,3.2,0,2026-04-08T03:35:29.033034+00:00
138191,SKYAVN,2021-01-06,3.2,,,3.2,500,2026-04-08T03:35:31.424152+00:00
138296,SKYAVN,2021-01-07,3.2,,,3.2,0,2026-04-08T03:35:34.042283+00:00
138401,SKYAVN,2021-01-08,3.2,,,3.2,0,2026-04-08T03:35:36.489888+00:00
138506,SKYAVN,2021-01-11,3.2,,,3.2,0,2026-04-08T03:35:41.134484+00:00
138611,SKYAVN,2021-01-12,3.2,,,3.2,0,2026-04-08T03:35:43.444525+00:00
138716,SKYAVN,2021-01-13,3.2,,,3.2,0,2026-04-08T03:35:45.752573+00:00
138821,SKYAVN,2021-01-14,3.2,,,3.2,1000,2026-04-08T03:35:48.266873+00:00
138926,SKYAVN,2021-01-15,3.2,,,3.2,13600,2026-04-08T03:35:50.536305+00:00
139031,SKYAVN,2021-01-18,3.2,,,3.2,0,2026-04-08T03:35:55.012207+00:00
139136,SKYAVN,2021-01-19,3.2,,,3.2,2000,2026-04-08T03:35:57.346792+00:00
139241,SKYAVN,2021-01-20,3.2,,,3.2,5000,2026-04-08T03:35:59.785195+00:00
139346,SKYAVN,2021-01-21,3.2,,,3.2,7359,2026-04-08T03:36:02.057398+00:00
139451,SKYAVN,2021-01-22,3.2,,,3.2,0,2026-04-08T03:36:04.490813+00:00
139556,SKYAVN,2021-01-25,3.2,,,3.2,6000,2026-04-08T03:36:09.142175+00:00
139661,SKYAVN,2021-01-26,3.2,,,3.2,0,2026-04-08T03:36:11.477526+00:00
139766,SKYAVN,2021-01-27,2.88,,,2.88,370071,2026-04-08T03:36:13.916788+00:00
139871,SKYAVN,2021-01-28,2.88,,,2.88,50600,2026-04-08T03:36:16.269205+00:00
139976,SKYAVN,2021-01-29,2.88,,,2.88,108000,2026-04-08T03:36:18.603253+00:00
140081,SKYAVN,2021-02-01,2.88,,,2.88,155,2026-04-08T03:36:23.094546+00:00
140186,SKYAVN,2021-02-02,2.88,,,2.88,0,2026-04-08T03:36:25.523135+00:00
140291,SKYAVN,2021-02-03,2.88,,,2.88,150,2026-04-08T03:36:27.835035+00:00
140396,SKYAVN,2021-02-04,2.88,,,2.88,0,2026-04-08T03:36:30.225924+00:00
140501,SKYAVN,2021-02-05,2.88,,,2.88,0,2026-04-08T03:36:32.587221+00:00
140606,SKYAVN,2021-02-08,3.04,,,3.04,125000,2026-04-08T03:36:37.052653+00:00
140711,SKYAVN,2021-02-09,3.04,,,3.04,55600,2026-04-08T03:36:39.468141+00:00
140816,SKYAVN,2021-02-10,3.04,,,3.04,0,2026-04-08T03:36:41.836322+00:00
140921,SKYAVN,2021-02-11,3.04,,,3.04,153700,2026-04-08T03:36:44.255641+00:00
141026,SKYAVN,2021-02-12,3.04,,,3.04,1500,2026-04-08T03:36:46.553737+00:00
141131,SKYAVN,2021-02-15,3.04,,,3.04,500,2026-04-08T03:36:50.983127+00:00
141236,SKYAVN,2021-02-16,3.04,,,3.04,0,2026-04-08T03:36:53.929967+00:00
141341,SKYAVN,2021-02-17,3.04,,,3.04,6800,2026-04-08T03:36:56.762484+00:00
141446,SKYAVN,2021-02-18,3.04,,,3.04,108959,2026-04-08T03:36:59.321693+00:00
141551,SKYAVN,2021-02-19,3.04,,,3.04,0,2026-04-08T03:37:01.817881+00:00
141656,SKYAVN,2021-02-22,3.04,,,3.04,8470,2026-04-08T03:37:06.27808+00:00
141761,SKYAVN,2021-02-23,3.04,,,3.04,1530,2026-04-08T03:37:08.890934+00:00
141866,SKYAVN,2021-02-24,3.04,,,3.04,5000,2026-04-08T03:37:11.490979+00:00
141971,SKYAVN,2021-02-25,3.04,,,3.04,0,2026-04-08T03:37:14.190372+00:00
142076,SKYAVN,2021-02-26,3.04,,,3.04,0,2026-04-08T03:37:16.661186+00:00
142181,SKYAVN,2021-03-01,3.04,,,3.04,0,2026-04-08T03:37:22.522205+00:00
142286,SKYAVN,2021-03-02,3.04,,,3.04,0,2026-04-08T03:37:25.400973+00:00
142391,SKYAVN,2021-03-03,3.04,,,3.04,0,2026-04-08T03:37:28.29584+00:00
142496,SKYAVN,2021-03-04,3.04,,,3.04,0,2026-04-08T03:37:30.865183+00:00
142601,SKYAVN,2021-03-05,3.33,,,3.33,322000,2026-04-08T03:37:35.032922+00:00
142706,SKYAVN,2021-03-08,3.33,,,3.33,55600,2026-04-08T03:37:40.957406+00:00
142811,SKYAVN,2021-03-09,3.33,,,3.33,4070,2026-04-08T03:37:43.478318+00:00
142916,SKYAVN,2021-03-10,3.33,,,3.33,3554,2026-04-08T03:37:46.075681+00:00
143021,SKYAVN,2021-03-11,3.33,,,3.33,1460,2026-04-08T03:37:49.142973+00:00
143126,SKYAVN,2021-03-12,3.33,,,3.33,0,2026-04-08T03:37:51.827027+00:00
143231,SKYAVN,2021-03-15,3.33,,,3.33,100170,2026-04-08T03:37:56.632273+00:00
143336,SKYAVN,2021-03-16,3.33,,,3.33,10500,2026-04-08T03:37:59.157483+00:00
143441,SKYAVN,2021-03-17,3.33,,,3.33,600,2026-04-08T03:38:01.497417+00:00
143546,SKYAVN,2021-03-18,3.33,,,3.33,21500,2026-04-08T03:38:03.831621+00:00
143651,SKYAVN,2021-03-19,3.33,,,3.33,2,2026-04-08T03:38:06.31825+00:00
143756,SKYAVN,2021-03-22,3.33,,,3.33,120005,2026-04-08T03:38:11.081229+00:00
143861,SKYAVN,2021-03-23,3.33,,,3.33,30000,2026-04-08T03:38:13.396015+00:00
143966,SKYAVN,2021-03-24,3.33,,,3.33,0,2026-04-08T03:38:15.81449+00:00
144071,SKYAVN,2021-03-25,3.33,,,3.33,100,2026-04-08T03:38:18.283134+00:00
144176,SKYAVN,2021-03-26,3.33,,,3.33,15,2026-04-08T03:38:20.746814+00:00
144281,SKYAVN,2021-03-29,3.33,,,3.33,100021,2026-04-08T03:38:25.159246+00:00
144386,SKYAVN,2021-03-30,3.33,,,3.33,0,2026-04-08T03:38:27.475529+00:00
144491,SKYAVN,2021-03-31,3.33,,,3.33,1,2026-04-08T03:38:29.710175+00:00
144596,SKYAVN,2021-04-01,3.33,,,3.33,46000,2026-04-08T03:38:32.086622+00:00
144701,SKYAVN,2021-04-06,3.33,,,3.33,0,2026-04-08T03:38:38.336109+00:00
144806,SKYAVN,2021-04-07,3.33,,,3.33,5000,2026-04-08T03:38:40.597593+00:00
144911,SKYAVN,2021-04-08,3.33,,,3.33,0,2026-04-08T03:38:43.050318+00:00
145016,SKYAVN,2021-04-09,3.33,,,3.33,80000,2026-04-08T03:38:45.381101+00:00
145121,SKYAVN,2021-04-12,3.33,,,3.33,38671,2026-04-08T03:38:49.634064+00:00
145226,SKYAVN,2021-04-14,3.33,,,3.33,0,2026-04-08T03:38:53.291299+00:00
145331,SKYAVN,2021-04-15,3.33,,,3.33,0,2026-04-08T03:38:55.647647+00:00
145436,SKYAVN,2021-04-16,3.33,,,3.33,900,2026-04-08T03:38:58.039758+00:00
145541,SKYAVN,2021-04-19,3.33,,,3.33,60000,2026-04-08T03:39:02.639407+00:00
145646,SKYAVN,2021-04-20,3.33,,,3.33,500,2026-04-08T03:39:05.009889+00:00
145751,SKYAVN,2021-04-21,3.33,,,3.33,0,2026-04-08T03:39:07.371999+00:00
145856,SKYAVN,2021-04-22,3.33,,,3.33,5778,2026-04-08T03:39:09.720023+00:00
145961,SKYAVN,2021-04-26,3.33,,,3.33,7500,2026-04-08T03:39:15.36746+00:00
146066,SKYAVN,2021-04-27,3.33,,,3.33,100000,2026-04-08T03:39:17.695414+00:00
146171,SKYAVN,2021-04-28,3.33,,,3.33,110003,2026-04-08T03:39:20.620007+00:00
146276,SKYAVN,2021-04-29,3.33,,,3.33,46307,2026-04-08T03:39:22.905871+00:00
146381,SKYAVN,2021-04-30,3.33,,,3.33,4000,2026-04-08T03:39:25.430976+00:00
146486,SKYAVN,2021-05-04,3.33,,,3.33,84320,2026-04-08T03:39:31.322792+00:00
146591,SKYAVN,2021-05-05,3.33,,,3.33,133065,2026-04-08T03:39:33.759587+00:00
146696,SKYAVN,2021-05-06,3.33,,,3.33,568,2026-04-08T03:39:36.246061+00:00
146801,SKYAVN,2021-05-07,3.33,,,3.33,0,2026-04-08T03:39:38.47254+00:00
146906,SKYAVN,2021-05-10,3.33,,,3.33,3000,2026-04-08T03:39:42.886326+00:00
147011,SKYAVN,2021-05-11,3.33,,,3.33,3300,2026-04-08T03:39:45.288668+00:00
147116,SKYAVN,2021-05-14,3.33,,,3.33,60805,2026-04-08T03:39:49.859206+00:00
147221,SKYAVN,2021-05-17,3.33,,,3.33,3318,2026-04-08T03:39:54.343913+00:00
147326,SKYAVN,2021-05-18,3.33,,,3.33,8769,2026-04-08T03:39:57.092526+00:00
147431,SKYAVN,2021-05-19,3.33,,,3.33,15300,2026-04-08T03:39:59.433321+00:00
147536,SKYAVN,2021-05-20,3.33,,,3.33,1140,2026-04-08T03:40:01.906518+00:00
147641,SKYAVN,2021-05-21,3.33,,,3.33,0,2026-04-08T03:40:04.221824+00:00
147746,SKYAVN,2021-05-24,3.33,,,3.33,30700,2026-04-08T03:40:08.535937+00:00
147851,SKYAVN,2021-05-25,3.33,,,3.33,60,2026-04-08T03:40:10.790359+00:00
147956,SKYAVN,2021-05-26,3.33,,,3.33,1740,2026-04-08T03:40:13.088105+00:00
148061,SKYAVN,2021-05-27,3.33,,,3.33,20700,2026-04-08T03:40:15.774564+00:00
148166,SKYAVN,2021-05-28,3.33,,,3.33,0,2026-04-08T03:40:18.222614+00:00
148271,SKYAVN,2021-05-31,3.33,,,3.33,0,2026-04-08T03:40:23.651574+00:00
148376,SKYAVN,2021-06-01,3.33,,,3.33,39100,2026-04-08T03:40:26.050454+00:00
148481,SKYAVN,2021-06-02,3.33,,,3.33,2500,2026-04-08T03:40:28.576306+00:00
148586,SKYAVN,2021-06-03,3.33,,,3.33,33000,2026-04-08T03:40:31.001459+00:00
148691,SKYAVN,2021-06-04,3.33,,,3.33,0,2026-04-08T03:40:33.442796+00:00
148796,SKYAVN,2021-06-07,3.16,,,3.16,25400,2026-04-08T03:40:37.732645+00:00
148901,SKYAVN,2021-06-08,3.16,,,3.16,15434,2026-04-08T03:40:40.102423+00:00
149006,SKYAVN,2021-06-09,3.16,,,3.16,0,2026-04-08T03:40:42.486352+00:00
149111,SKYAVN,2021-06-10,3.16,,,3.16,1450,2026-04-08T03:40:45.029393+00:00
149216,SKYAVN,2021-06-11,3.16,,,3.16,1484,2026-04-08T03:40:47.465669+00:00
149321,SKYAVN,2021-06-15,3.16,,,3.16,2850,2026-04-08T03:40:53.415974+00:00
149426,SKYAVN,2021-06-16,3.16,,,3.16,2600,2026-04-08T03:40:55.754681+00:00
149532,SKYAVN,2021-06-17,3.16,,,3.16,7050,2026-04-08T03:40:58.172345+00:00
149638,SKYAVN,2021-06-18,3.16,,,3.16,500,2026-04-08T03:41:00.479054+00:00
149745,SKYAVN,2021-06-21,3.16,,,3.16,4000,2026-04-08T03:41:05.049703+00:00
149852,SKYAVN,2021-06-22,3.16,,,3.16,0,2026-04-08T03:41:07.444448+00:00
149959,SKYAVN,2021-06-23,3.16,,,3.16,82500,2026-04-08T03:41:09.819069+00:00
150066,SKYAVN,2021-06-24,3.16,,,3.16,400,2026-04-08T03:41:12.2583+00:00
150173,SKYAVN,2021-06-25,3.16,,,3.16,21090,2026-04-08T03:41:14.6351+00:00
150280,SKYAVN,2021-06-28,3.16,,,3.16,0,2026-04-08T03:41:19.428749+00:00
150387,SKYAVN,2021-06-29,3.16,,,3.16,0,2026-04-08T03:41:22.147646+00:00
150494,SKYAVN,2021-06-30,3.16,,,3.16,0,2026-04-08T03:41:24.723581+00:00
150601,SKYAVN,2021-07-01,3.16,,,3.16,0,2026-04-08T03:41:27.253573+00:00
150708,SKYAVN,2021-07-02,3.16,,,3.16,0,2026-04-08T03:41:29.882533+00:00
150815,SKYAVN,2021-07-05,3.16,,,3.16,0,2026-04-08T03:41:34.454391+00:00
150922,SKYAVN,2021-07-06,3.16,,,3.16,0,2026-04-08T03:41:36.982623+00:00
151029,SKYAVN,2021-07-07,3.16,,,3.16,0,2026-04-08T03:41:39.307643+00:00
151136,SKYAVN,2021-07-08,3.16,,,3.16,0,2026-04-08T03:41:41.672436+00:00
151244,SKYAVN,2021-07-09,3.16,,,3.16,0,2026-04-08T03:41:44.186247+00:00
151352,SKYAVN,2021-07-12,3.16,,,3.16,1350,2026-04-08T03:41:48.615121+00:00
151460,SKYAVN,2021-07-13,3.16,,,3.16,3800,2026-04-08T03:41:50.993586+00:00
151568,SKYAVN,2021-07-14,3.16,,,3.16,20600,2026-04-08T03:41:53.268+00:00
151676,SKYAVN,2021-07-15,3.16,,,3.16,7400,2026-04-08T03:41:55.50175+00:00
151784,SKYAVN,2021-07-16,3.16,,,3.16,0,2026-04-08T03:41:57.978751+00:00
151892,SKYAVN,2021-07-19,3.16,,,3.16,0,2026-04-08T03:42:02.439681+00:00
152000,SKYAVN,2021-07-22,3.16,,,3.16,0,2026-04-08T03:42:06.938387+00:00
152108,SKYAVN,2021-07-23,3.16,,,3.16,0,2026-04-08T03:42:09.224536+00:00
152216,SKYAVN,2021-07-26,3.16,,,3.16,600,2026-04-08T03:42:13.888963+00:00
152324,SKYAVN,2021-07-27,3.16,,,3.16,250,2026-04-08T03:42:16.300026+00:00
152432,SKYAVN,2021-07-28,3.16,,,3.16,0,2026-04-08T03:42:18.733972+00:00
152540,SKYAVN,2021-07-29,3.16,,,3.16,10000,2026-04-08T03:42:21.196071+00:00
152648,SKYAVN,2021-07-30,3.16,,,3.16,0,2026-04-08T03:42:23.780537+00:00
152756,SKYAVN,2021-08-02,3.16,,,3.16,0,2026-04-08T03:42:28.457705+00:00
152864,SKYAVN,2021-08-03,3.16,,,3.16,40,2026-04-08T03:42:31.094462+00:00
152972,SKYAVN,2021-08-04,3.16,,,3.16,0,2026-04-08T03:42:33.531563+00:00
153080,SKYAVN,2021-08-05,3.16,,,3.16,0,2026-04-08T03:42:35.917081+00:00
153188,SKYAVN,2021-08-06,3.16,,,3.16,0,2026-04-08T03:42:38.23616+00:00
153296,SKYAVN,2021-08-09,3.45,,,3.45,142000,2026-04-08T03:42:42.878342+00:00
153404,SKYAVN,2021-08-10,3.45,,,3.45,26661,2026-04-08T03:42:45.264053+00:00
153512,SKYAVN,2021-08-12,3.45,,,3.45,4669,2026-04-08T03:42:48.762656+00:00
153620,SKYAVN,2021-08-13,3.45,,,3.45,30000,2026-04-08T03:42:51.120096+00:00
153728,SKYAVN,2021-08-16,3.45,,,3.45,0,2026-04-08T03:42:55.556429+00:00
153836,SKYAVN,2021-08-17,3.45,,,3.45,8695,2026-04-08T03:42:57.870214+00:00
153944,SKYAVN,2021-08-18,3.45,,,3.45,0,2026-04-08T03:43:00.318272+00:00
154052,SKYAVN,2021-08-19,3.45,,,3.45,0,2026-04-08T03:43:02.743698+00:00
154160,SKYAVN,2021-08-20,3.45,,,3.45,2457,2026-04-08T03:43:05.111187+00:00
154268,SKYAVN,2021-08-23,3.7,,,3.7,209071,2026-04-08T03:43:09.725908+00:00
154376,SKYAVN,2021-08-24,3.7,,,3.7,124616,2026-04-08T03:43:12.031989+00:00
154484,SKYAVN,2021-08-25,3.7,,,3.7,800,2026-04-08T03:43:14.375004+00:00
154592,SKYAVN,2021-08-26,3.7,,,3.7,0,2026-04-08T03:43:16.860503+00:00
154700,SKYAVN,2021-08-27,3.7,,,3.7,5045,2026-04-08T03:43:19.247601+00:00
154808,SKYAVN,2021-08-30,3.7,,,3.7,140,2026-04-08T03:43:23.756871+00:00
154916,SKYAVN,2021-08-31,4.05,,,4.05,313360,2026-04-08T03:43:26.203018+00:00
155024,SKYAVN,2021-09-01,4.05,,,4.05,1505,2026-04-08T03:43:28.430514+00:00
155132,SKYAVN,2021-09-02,4.05,,,4.05,3000,2026-04-08T03:43:30.63423+00:00
155240,SKYAVN,2021-09-03,4.05,,,4.05,100000,2026-04-08T03:43:33.173741+00:00
155348,SKYAVN,2021-09-06,4.05,,,4.05,22000,2026-04-08T03:43:37.566628+00:00
155456,SKYAVN,2021-09-07,4.05,,,4.05,280,2026-04-08T03:43:39.870652+00:00
155564,SKYAVN,2021-09-08,4.05,,,4.05,393973,2026-04-08T03:43:42.125577+00:00
155672,SKYAVN,2021-09-09,4.05,,,4.05,43992,2026-04-08T03:43:44.739177+00:00
155780,SKYAVN,2021-09-10,4.05,,,4.05,10,2026-04-08T03:43:47.339386+00:00
155888,SKYAVN,2021-09-13,4.05,,,4.05,110470,2026-04-08T03:43:51.822078+00:00
155996,SKYAVN,2021-09-14,4.05,,,4.05,55400,2026-04-08T03:43:54.260371+00:00
156104,SKYAVN,2021-09-15,4.05,,,4.05,0,2026-04-08T03:43:56.896801+00:00
156212,SKYAVN,2021-09-16,4.05,,,4.05,0,2026-04-08T03:43:59.227477+00:00
156320,SKYAVN,2021-09-20,4.05,,,4.05,1000,2026-04-08T03:44:04.993721+00:00
156428,SKYAVN,2021-09-21,4.05,,,4.05,0,2026-04-08T03:44:07.727357+00:00
156536,SKYAVN,2021-09-22,4.05,,,4.05,500,2026-04-08T03:44:10.239254+00:00
156644,SKYAVN,2021-09-23,4.05,,,4.05,3970,2026-04-08T03:44:12.661605+00:00
156752,SKYAVN,2021-09-24,4.05,,,4.05,10,2026-04-08T03:44:15.34542+00:00
156860,SKYAVN,2021-09-27,4.05,,,4.05,15904,2026-04-08T03:44:19.850483+00:00
156968,SKYAVN,2021-09-28,4.45,,,4.45,137198,2026-04-08T03:44:22.678655+00:00
157076,SKYAVN,2021-09-29,4.45,,,4.45,8035,2026-04-08T03:44:25.133662+00:00
157184,SKYAVN,2021-09-30,4.45,,,4.45,8293,2026-04-08T03:44:27.471646+00:00
157292,SKYAVN,2021-10-04,4.45,,,4.45,4493,2026-04-08T03:44:32.876267+00:00
157400,SKYAVN,2021-10-05,4.45,,,4.45,1550,2026-04-08T03:44:35.445743+00:00
157508,SKYAVN,2021-10-06,4.45,,,4.45,5000,2026-04-08T03:44:37.876116+00:00
157616,SKYAVN,2021-10-07,4.45,,,4.45,4300,2026-04-08T03:44:40.206594+00:00
157724,SKYAVN,2021-10-08,4.45,,,4.45,3748,2026-04-08T03:44:42.63936+00:00
157832,SKYAVN,2021-10-11,4.45,,,4.45,0,2026-04-08T03:44:47.21782+00:00
157940,SKYAVN,2021-10-12,4.45,,,4.45,300,2026-04-08T03:44:49.55017+00:00
158048,SKYAVN,2021-10-13,4.45,,,4.45,0,2026-04-08T03:44:52.157785+00:00
158156,SKYAVN,2021-10-14,4.45,,,4.45,0,2026-04-08T03:44:54.53471+00:00
158265,SKYAVN,2021-10-15,4.45,,,4.45,57999,2026-04-08T03:44:56.91657+00:00
158374,SKYAVN,2021-10-18,4.45,,,4.45,20000,2026-04-08T03:45:01.595863+00:00
158483,SKYAVN,2021-10-20,4.45,,,4.45,0,2026-04-08T03:45:05.471144+00:00
158592,SKYAVN,2021-10-21,4.45,,,4.45,2000,2026-04-08T03:45:08.008029+00:00
158699,SKYAVN,2021-10-22,4.45,,,4.45,6000,2026-04-08T03:45:10.474564+00:00
158808,SKYAVN,2021-10-25,4.45,,,4.45,0,2026-04-08T03:45:15.28358+00:00
158917,SKYAVN,2021-10-26,4.45,,,4.45,0,2026-04-08T03:45:17.74539+00:00
159026,SKYAVN,2021-10-27,4.45,,,4.45,2100,2026-04-08T03:45:20.303823+00:00
159135,SKYAVN,2021-10-28,4.45,,,4.45,0,2026-04-08T03:45:22.610226+00:00
159244,SKYAVN,2021-10-29,4.45,,,4.45,0,2026-04-08T03:45:25.013779+00:00
159353,SKYAVN,2021-11-01,4.45,,,4.45,1225,2026-04-08T03:45:29.747778+00:00
159462,SKYAVN,2021-11-02,4.45,,,4.45,20500,2026-04-08T03:45:32.292585+00:00
159571,SKYAVN,2021-11-03,4.45,,,4.45,0,2026-04-08T03:45:34.604091+00:00
159680,SKYAVN,2021-11-04,4.45,,,4.45,0,2026-04-08T03:45:37.086301+00:00
159789,SKYAVN,2021-11-05,4.45,,,4.45,0,2026-04-08T03:45:39.522081+00:00
159898,SKYAVN,2021-11-08,4.45,,,4.45,0,2026-04-08T03:45:44.061968+00:00
160007,SKYAVN,2021-11-10,4.45,,,4.45,0,2026-04-08T03:45:47.530577+00:00
160116,SKYAVN,2021-11-11,4.45,,,4.45,0,2026-04-08T03:45:49.990111+00:00
160225,SKYAVN,2021-11-12,4.45,,,4.45,0,2026-04-08T03:45:52.531373+00:00
160334,SKYAVN,2021-11-15,4.45,,,4.45,460,2026-04-08T03:45:57.041913+00:00
160443,SKYAVN,2021-11-17,4.45,,,4.45,3755,2026-04-08T03:46:00.536124+00:00
160552,SKYAVN,2021-11-18,4.45,,,4.45,4500,2026-04-08T03:46:03.012698+00:00
160661,SKYAVN,2021-11-19,4.45,,,4.45,11000,2026-04-08T03:46:05.423699+00:00
160770,SKYAVN,2021-11-22,4.45,,,4.45,100,2026-04-08T03:46:10.306395+00:00
160879,SKYAVN,2021-11-23,4.45,,,4.45,5399,2026-04-08T03:46:12.888041+00:00
160988,SKYAVN,2021-11-24,4.45,,,4.45,2501,2026-04-08T03:46:15.261589+00:00
161097,SKYAVN,2021-11-25,4.45,,,4.45,0,2026-04-08T03:46:17.544601+00:00
161206,SKYAVN,2021-11-29,4.45,,,4.45,0,2026-04-08T03:46:23.244686+00:00
161315,SKYAVN,2021-11-30,4.45,,,4.45,49400,2026-04-08T03:46:25.627389+00:00
161424,SKYAVN,2021-12-01,4.45,,,4.45,50000,2026-04-08T03:46:28.190956+00:00
161533,SKYAVN,2021-12-02,4.45,,,4.45,0,2026-04-08T03:46:30.651544+00:00
161642,SKYAVN,2021-12-03,4.45,,,4.45,2500,2026-04-08T03:46:33.124129+00:00
161751,SKYAVN,2021-12-06,4.45,,,4.45,1300,2026-04-08T03:46:37.622095+00:00
161860,SKYAVN,2021-12-07,4.45,,,4.45,0,2026-04-08T03:46:39.947423+00:00
161969,SKYAVN,2021-12-08,4.45,,,4.45,0,2026-04-08T03:46:42.482337+00:00
162078,SKYAVN,2021-12-09,4.88,,,4.88,120090,2026-04-08T03:46:44.852467+00:00
162188,SKYAVN,2021-12-10,4.88,,,4.88,0,2026-04-08T03:46:47.321476+00:00
162298,SKYAVN,2021-12-13,4.88,,,4.88,0,2026-04-08T03:46:51.775824+00:00
162408,SKYAVN,2021-12-14,4.88,,,4.88,6347,2026-04-08T03:46:54.126877+00:00
162518,SKYAVN,2021-12-15,4.88,,,4.88,0,2026-04-08T03:46:56.822916+00:00
162628,SKYAVN,2021-12-16,4.88,,,4.88,0,2026-04-08T03:46:59.215115+00:00
162738,SKYAVN,2021-12-17,4.88,,,4.88,20,2026-04-08T03:47:01.752329+00:00
162849,SKYAVN,2021-12-20,4.88,,,4.88,3800,2026-04-08T03:47:06.293287+00:00
162960,SKYAVN,2021-12-21,4.88,,,4.88,4000,2026-04-08T03:47:08.729464+00:00
163071,SKYAVN,2021-12-22,4.88,,,4.88,0,2026-04-08T03:47:11.106283+00:00
163182,SKYAVN,2021-12-23,4.88,,,4.88,500,2026-04-08T03:47:13.420215+00:00
163293,SKYAVN,2021-12-24,4.88,,,4.88,12000,2026-04-08T03:47:15.708642+00:00
163404,SKYAVN,2021-12-29,4.88,,,4.88,1,2026-04-08T03:47:22.624079+00:00
163515,SKYAVN,2021-12-30,4.88,,,4.88,0,2026-04-08T03:47:25.019388+00:00
163626,SKYAVN,2021-12-31,5.3,,,5.3,101050,2026-04-08T03:47:27.803632+00:00
163737,SKYAVN,2022-01-04,5.3,,,5.3,100,2026-04-08T03:47:33.190226+00:00
163849,SKYAVN,2022-01-05,5.3,,,5.3,5685,2026-04-08T03:47:35.481449+00:00
163961,SKYAVN,2022-01-06,5.3,,,5.3,19315,2026-04-08T03:47:38.067383+00:00
164073,SKYAVN,2022-01-07,5.3,,,5.3,11000,2026-04-08T03:47:40.483305+00:00
164185,SKYAVN,2022-01-10,5.3,,,5.3,58,2026-04-08T03:47:45.097739+00:00
164297,SKYAVN,2022-01-11,5.3,,,5.3,200,2026-04-08T03:47:47.617941+00:00
164409,SKYAVN,2022-01-12,5.3,,,5.3,2000,2026-04-08T03:47:50.132225+00:00
164521,SKYAVN,2022-01-13,5.3,,,5.3,0,2026-04-08T03:47:52.673244+00:00
164633,SKYAVN,2022-01-14,5.3,,,5.3,20000,2026-04-08T03:47:55.308832+00:00
164745,SKYAVN,2022-01-17,5.3,,,5.3,130525,2026-04-08T03:47:59.999655+00:00
164857,SKYAVN,2022-01-18,5.83,,,5.83,127375,2026-04-08T03:48:02.353596+00:00
164969,SKYAVN,2022-01-19,5.83,,,5.83,44000,2026-04-08T03:48:04.820784+00:00
165081,SKYAVN,2022-01-20,5.83,,,5.83,890,2026-04-08T03:48:07.325935+00:00
165193,SKYAVN,2022-01-21,5.83,,,5.83,7806,2026-04-08T03:48:09.696329+00:00
165305,SKYAVN,2022-01-24,5.8,,,5.8,205005,2026-04-08T03:48:14.136661+00:00
165417,SKYAVN,2022-01-25,5.8,,,5.8,2600,2026-04-08T03:48:16.50614+00:00
165529,SKYAVN,2022-01-26,5.8,,,5.8,842,2026-04-08T03:48:19.024911+00:00
165641,SKYAVN,2022-01-27,5.8,,,5.8,168,2026-04-08T03:48:21.585909+00:00
165753,SKYAVN,2022-01-28,5.8,,,5.8,1197,2026-04-08T03:48:23.969021+00:00
165865,SKYAVN,2022-01-31,5.8,,,5.8,1414,2026-04-08T03:48:28.465348+00:00
165977,SKYAVN,2022-02-01,5.8,,,5.8,20406,2026-04-08T03:48:30.807911+00:00
166089,SKYAVN,2022-02-02,5.8,,,5.8,2605,2026-04-08T03:48:33.305516+00:00
166201,SKYAVN,2022-02-03,5.8,,,5.8,0,2026-04-08T03:48:35.918914+00:00
166313,SKYAVN,2022-02-04,5.8,,,5.8,0,2026-04-08T03:48:38.317721+00:00
166425,SKYAVN,2022-02-07,5.8,,,5.8,0,2026-04-08T03:48:42.904693+00:00
166537,SKYAVN,2022-02-08,5.8,,,5.8,6900,2026-04-08T03:48:45.378139+00:00
166649,SKYAVN,2022-02-09,5.8,,,5.8,368,2026-04-08T03:48:48.035665+00:00
166761,SKYAVN,2022-02-10,5.8,,,5.8,19137,2026-04-08T03:48:50.398564+00:00
166873,SKYAVN,2022-02-11,5.8,,,5.8,0,2026-04-08T03:48:52.774016+00:00
166985,SKYAVN,2022-02-14,5.8,,,5.8,0,2026-04-08T03:48:57.293433+00:00
167097,SKYAVN,2022-02-15,5.8,,,5.8,0,2026-04-08T03:48:59.662493+00:00
167209,SKYAVN,2022-02-16,5.8,,,5.8,0,2026-04-08T03:49:02.003783+00:00
167321,SKYAVN,2022-02-17,5.8,,,5.8,130,2026-04-08T03:49:04.32656+00:00
167433,SKYAVN,2022-02-18,5.8,,,5.8,870,2026-04-08T03:49:06.711382+00:00
167545,SKYAVN,2022-02-21,5.8,,,5.8,13376,2026-04-08T03:49:10.978464+00:00
167657,SKYAVN,2022-02-22,5.8,,,5.8,370,2026-04-08T03:49:13.528869+00:00
167769,SKYAVN,2022-02-23,5.8,,,5.8,0,2026-04-08T03:49:15.914345+00:00
167881,SKYAVN,2022-02-24,5.8,,,5.8,10000,2026-04-08T03:49:18.676795+00:00
167993,SKYAVN,2022-02-25,5.8,,,5.8,0,2026-04-08T03:49:21.264729+00:00
168105,SKYAVN,2022-02-28,5.8,,,5.8,0,2026-04-08T03:49:25.620712+00:00
168217,SKYAVN,2022-03-01,5.8,,,5.8,700,2026-04-08T03:49:28.049171+00:00
168329,SKYAVN,2022-03-02,5.8,,,5.8,3413,2026-04-08T03:49:30.283109+00:00
168441,SKYAVN,2022-03-03,5.8,,,5.8,7606,2026-04-08T03:49:32.551227+00:00
168553,SKYAVN,2022-03-04,5.8,,,5.8,4000,2026-04-08T03:49:34.968546+00:00
168665,SKYAVN,2022-03-07,5.8,,,5.8,0,2026-04-08T03:49:39.227432+00:00
168777,SKYAVN,2022-03-08,5.8,,,5.8,0,2026-04-08T03:49:41.475537+00:00
168889,SKYAVN,2022-03-09,5.8,,,5.8,20,2026-04-08T03:49:43.759827+00:00
169001,SKYAVN,2022-03-10,5.8,,,5.8,1000,2026-04-08T03:49:46.077826+00:00
169113,SKYAVN,2022-03-11,5.8,,,5.8,0,2026-04-08T03:49:48.438529+00:00
169225,SKYAVN,2022-03-14,5.8,,,5.8,17702,2026-04-08T03:49:53.114563+00:00
169337,SKYAVN,2022-03-15,5.8,,,5.8,0,2026-04-08T03:49:55.533531+00:00
169449,SKYAVN,2022-03-16,5.8,,,5.8,29,2026-04-08T03:49:57.903122+00:00
169561,SKYAVN,2022-03-17,5.8,,,5.8,0,2026-04-08T03:50:00.211329+00:00
169673,SKYAVN,2022-03-18,5.8,,,5.8,0,2026-04-08T03:50:02.865266+00:00
169785,SKYAVN,2022-03-21,5.8,,,5.8,0,2026-04-08T03:50:07.476142+00:00
169897,SKYAVN,2022-03-24,5.8,,,5.8,0,2026-04-08T03:50:12.041871+00:00
170009,SKYAVN,2022-03-25,5.8,,,5.8,0,2026-04-08T03:50:14.507747+00:00
170121,SKYAVN,2022-03-28,5.8,,,5.8,5446,2026-04-08T03:50:18.995306+00:00
170233,SKYAVN,2022-03-29,5.8,,,5.8,10000,2026-04-08T03:50:21.48252+00:00
170345,SKYAVN,2022-03-31,5.8,,,5.8,300,2026-04-08T03:50:25.686443+00:00
170457,SKYAVN,2022-04-01,5.8,,,5.8,0,2026-04-08T03:50:28.209626+00:00
170569,SKYAVN,2022-04-04,5.8,,,5.8,0,2026-04-08T03:50:32.692631+00:00
170681,SKYAVN,2022-04-05,5.8,,,5.8,0,2026-04-08T03:50:35.152392+00:00
170793,SKYAVN,2022-04-06,5.8,,,5.8,0,2026-04-08T03:50:37.478667+00:00
170905,SKYAVN,2022-04-07,5.8,,,5.8,10050,2026-04-08T03:50:39.880974+00:00
171017,SKYAVN,2022-04-08,5.8,,,5.8,41222,2026-04-08T03:50:42.48638+00:00
171129,SKYAVN,2022-04-11,5.8,,,5.8,4970,2026-04-08T03:50:47.197044+00:00
171241,SKYAVN,2022-04-12,5.8,,,5.8,99730,2026-04-08T03:50:49.473284+00:00
171353,SKYAVN,2022-04-13,5.8,,,5.8,50050,2026-04-08T03:50:51.878986+00:00
171465,SKYAVN,2022-04-14,5.8,,,5.8,4622,2026-04-08T03:50:54.439705+00:00
171577,SKYAVN,2022-04-19,5.8,,,5.8,26328,2026-04-08T03:51:01.439974+00:00
171689,SKYAVN,2022-04-20,5.8,,,5.8,200,2026-04-08T03:51:03.698116+00:00
171801,SKYAVN,2022-04-21,6.37,,,6.37,813967,2026-04-08T03:51:06.083072+00:00
171913,SKYAVN,2022-04-22,6.37,,,6.37,99,2026-04-08T03:51:08.393199+00:00
172025,SKYAVN,2022-04-25,7.0,,,7.0,196207,2026-04-08T03:51:12.880327+00:00
172137,SKYAVN,2022-04-26,7.0,,,7.0,20043,2026-04-08T03:51:15.284155+00:00
172249,SKYAVN,2022-04-27,7.0,,,7.0,15000,2026-04-08T03:51:17.680395+00:00
172361,SKYAVN,2022-04-28,7.0,,,7.0,62202,2026-04-08T03:51:20.413235+00:00
172473,SKYAVN,2022-04-29,7.0,,,7.0,29281,2026-04-08T03:51:22.882631+00:00
172585,SKYAVN,2022-05-04,7.0,,,7.0,53149,2026-04-08T03:51:29.674847+00:00
172697,SKYAVN,2022-05-05,7.0,,,7.0,294,2026-04-08T03:51:32.050072+00:00
172810,SKYAVN,2022-05-09,7.0,,,7.0,1975,2026-04-08T03:51:37.853933+00:00
172923,SKYAVN,2022-05-10,7.0,,,7.0,1875,2026-04-08T03:51:40.332012+00:00
173036,SKYAVN,2022-05-11,7.0,,,7.0,100,2026-04-08T03:51:42.74313+00:00
173149,SKYAVN,2022-05-12,7.0,,,7.0,31,2026-04-08T03:51:45.11326+00:00
173262,SKYAVN,2022-05-13,7.0,,,7.0,0,2026-04-08T03:51:47.585464+00:00
173375,SKYAVN,2022-05-16,7.0,,,7.0,10115,2026-04-08T03:51:52.042574+00:00
173488,SKYAVN,2022-05-17,7.0,,,7.0,197,2026-04-08T03:51:54.492158+00:00
173601,SKYAVN,2022-05-18,7.0,,,7.0,0,2026-04-08T03:51:57.297116+00:00
173714,SKYAVN,2022-05-19,7.0,,,7.0,3112,2026-04-08T03:51:59.624655+00:00
173827,SKYAVN,2022-05-20,7.0,,,7.0,12030,2026-04-08T03:52:02.40298+00:00
173940,SKYAVN,2022-05-23,7.0,,,7.0,968,2026-04-08T03:52:07.648814+00:00
174053,SKYAVN,2022-05-24,7.0,,,7.0,500,2026-04-08T03:52:10.277037+00:00
174166,SKYAVN,2022-05-25,7.0,,,7.0,130,2026-04-08T03:52:13.066486+00:00
174279,SKYAVN,2022-05-26,7.0,,,7.0,0,2026-04-08T03:52:15.508934+00:00
174392,SKYAVN,2022-05-27,7.0,,,7.0,10000,2026-04-08T03:52:18.156913+00:00
174505,SKYAVN,2022-05-30,7.0,,,7.0,234,2026-04-08T03:52:22.656757+00:00
174618,SKYAVN,2022-05-31,7.0,,,7.0,734,2026-04-08T03:52:25.114026+00:00
174731,SKYAVN,2022-06-01,7.0,,,7.0,414,2026-04-08T03:52:27.834682+00:00
174844,SKYAVN,2022-06-02,7.0,,,7.0,0,2026-04-08T03:52:30.493727+00:00
174957,SKYAVN,2022-06-03,7.0,,,7.0,0,2026-04-08T03:52:33.10221+00:00
175070,SKYAVN,2022-06-06,6.84,,,6.84,207,2026-04-08T03:52:37.969718+00:00
175183,SKYAVN,2022-06-07,6.84,,,6.84,7980,2026-04-08T03:52:40.734023+00:00
175296,SKYAVN,2022-06-08,6.84,,,6.84,200,2026-04-08T03:52:43.634804+00:00
175409,SKYAVN,2022-06-09,6.84,,,6.84,2000,2026-04-08T03:52:46.431396+00:00
175522,SKYAVN,2022-06-10,6.84,,,6.84,2061,2026-04-08T03:52:48.916453+00:00
175635,SKYAVN,2022-06-14,6.85,,,6.85,450,2026-04-08T03:52:55.08065+00:00
175748,SKYAVN,2022-06-15,6.85,,,6.85,35000,2026-04-08T03:52:57.782204+00:00
175861,SKYAVN,2022-06-16,6.85,,,6.85,31276,2026-04-08T03:53:00.45527+00:00
175974,SKYAVN,2022-06-17,6.85,,,6.85,10526,2026-04-08T03:53:03.647185+00:00
176087,SKYAVN,2022-06-20,6.85,,,6.85,6645,2026-04-08T03:53:09.449588+00:00
176200,SKYAVN,2022-06-21,6.85,,,6.85,600,2026-04-08T03:53:11.833027+00:00
176313,SKYAVN,2022-06-22,6.85,,,6.85,5,2026-04-08T03:53:14.63862+00:00
176426,SKYAVN,2022-06-23,6.85,,,6.85,560,2026-04-08T03:53:17.250825+00:00
176539,SKYAVN,2022-06-24,6.85,,,6.85,20123,2026-04-08T03:53:19.718295+00:00
176652,SKYAVN,2022-06-27,6.85,,,6.85,200,2026-04-08T03:53:24.073012+00:00
176765,SKYAVN,2022-06-28,6.85,,,6.85,0,2026-04-08T03:53:26.399159+00:00
176878,SKYAVN,2022-06-29,6.85,,,6.85,0,2026-04-08T03:53:28.994117+00:00
176991,SKYAVN,2022-06-30,6.85,,,6.85,3222,2026-04-08T03:53:31.346855+00:00
177104,SKYAVN,2022-07-01,6.85,,,6.85,0,2026-04-08T03:53:33.724657+00:00
177217,SKYAVN,2022-07-04,6.85,,,6.85,26521,2026-04-08T03:53:38.198731+00:00
177330,SKYAVN,2022-07-06,6.85,,,6.85,0,2026-04-08T03:53:41.625349+00:00
177443,SKYAVN,2022-07-07,6.85,,,6.85,5369,2026-04-08T03:53:44.268487+00:00
177556,SKYAVN,2022-07-13,6.85,,,6.85,0,2026-04-08T03:53:51.5999+00:00
177669,SKYAVN,2022-07-14,6.85,,,6.85,200,2026-04-08T03:53:54.010732+00:00
177782,SKYAVN,2022-07-15,6.85,,,6.85,310,2026-04-08T03:53:56.616585+00:00
177895,SKYAVN,2022-07-18,6.85,,,6.85,7250,2026-04-08T03:54:01.214275+00:00
178008,SKYAVN,2022-07-19,6.85,,,6.85,178,2026-04-08T03:54:03.665978+00:00
178121,SKYAVN,2022-07-20,6.85,,,6.85,0,2026-04-08T03:54:06.203384+00:00
178234,SKYAVN,2022-07-21,6.85,,,6.85,134,2026-04-08T03:54:08.685258+00:00
178347,SKYAVN,2022-07-22,6.85,,,6.85,724,2026-04-08T03:54:11.171489+00:00
178460,SKYAVN,2022-07-25,6.85,,,6.85,2013,2026-04-08T03:54:15.900169+00:00
178573,SKYAVN,2022-07-26,6.85,,,6.85,446,2026-04-08T03:54:18.382379+00:00
178686,SKYAVN,2022-07-27,6.85,,,6.85,269,2026-04-08T03:54:20.730044+00:00
178799,SKYAVN,2022-07-28,6.85,,,6.85,0,2026-04-08T03:54:23.385493+00:00
178912,SKYAVN,2022-07-29,6.85,,,6.85,0,2026-04-08T03:54:25.692024+00:00
179025,SKYAVN,2022-08-01,6.85,,,6.85,10272,2026-04-08T03:54:30.144665+00:00
179138,SKYAVN,2022-08-02,6.85,,,6.85,2848,2026-04-08T03:54:32.509592+00:00
179251,SKYAVN,2022-08-03,6.85,,,6.85,900,2026-04-08T03:54:34.924873+00:00
179364,SKYAVN,2022-08-04,6.85,,,6.85,0,2026-04-08T03:54:37.32089+00:00
179477,SKYAVN,2022-08-05,6.25,,,6.25,627477,2026-04-08T03:54:40.805957+00:00
179590,SKYAVN,2022-08-08,5.65,,,5.65,266903,2026-04-08T03:54:45.81173+00:00
179703,SKYAVN,2022-08-09,5.65,,,5.65,8893,2026-04-08T03:54:48.637408+00:00
179816,SKYAVN,2022-08-10,5.65,,,5.65,1277,2026-04-08T03:54:51.561754+00:00
179929,SKYAVN,2022-08-11,5.65,,,5.65,0,2026-04-08T03:54:54.196076+00:00
180042,SKYAVN,2022-08-12,5.65,,,5.65,161,2026-04-08T03:54:57.115593+00:00
180155,SKYAVN,2022-08-15,5.65,,,5.65,35000,2026-04-08T03:55:01.874457+00:00
180268,SKYAVN,2022-08-16,5.65,,,5.65,0,2026-04-08T03:55:04.540652+00:00
180381,SKYAVN,2022-08-17,5.1,,,5.1,328306,2026-04-08T03:55:07.214991+00:00
180494,SKYAVN,2022-08-18,5.1,,,5.1,1000,2026-04-08T03:55:09.916723+00:00
180607,SKYAVN,2022-08-19,5.1,,,5.1,24920,2026-04-08T03:55:12.400686+00:00
180720,SKYAVN,2022-08-22,5.1,,,5.1,1043,2026-04-08T03:55:17.568382+00:00
180833,SKYAVN,2022-08-23,5.1,,,5.1,1378,2026-04-08T03:55:19.990422+00:00
180946,SKYAVN,2022-08-24,5.1,,,5.1,3050,2026-04-08T03:55:23.644905+00:00
181059,SKYAVN,2022-08-25,5.1,,,5.1,1500,2026-04-08T03:55:26.062264+00:00
181172,SKYAVN,2022-08-26,5.1,,,5.1,134,2026-04-08T03:55:28.378019+00:00
181285,SKYAVN,2022-08-29,5.1,,,5.1,551,2026-04-08T03:55:33.185942+00:00
181398,SKYAVN,2022-08-30,5.1,,,5.1,8219,2026-04-08T03:55:35.909469+00:00
181511,SKYAVN,2022-08-31,5.1,,,5.1,0,2026-04-08T03:55:38.363566+00:00
181624,SKYAVN,2022-09-01,5.1,,,5.1,0,2026-04-08T03:55:40.868139+00:00
181737,SKYAVN,2022-09-02,5.1,,,5.1,0,2026-04-08T03:55:43.232165+00:00
181850,SKYAVN,2022-09-05,5.1,,,5.1,8000,2026-04-08T03:55:48.110555+00:00
181963,SKYAVN,2022-09-06,5.1,,,5.1,0,2026-04-08T03:55:50.526892+00:00
182076,SKYAVN,2022-09-07,5.0,,,5.0,100000,2026-04-08T03:55:53.051287+00:00
182189,SKYAVN,2022-09-08,5.0,,,5.0,0,2026-04-08T03:55:55.74031+00:00
182302,SKYAVN,2022-09-09,5.0,,,5.0,10200,2026-04-08T03:55:58.848563+00:00
182415,SKYAVN,2022-09-12,5.0,,,5.0,11363,2026-04-08T03:56:03.370953+00:00
182528,SKYAVN,2022-09-13,5.0,,,5.0,0,2026-04-08T03:56:05.83654+00:00
182641,SKYAVN,2022-09-14,5.0,,,5.0,0,2026-04-08T03:56:08.091672+00:00
182754,SKYAVN,2022-09-16,5.0,,,5.0,0,2026-04-08T03:56:11.4683+00:00
182867,SKYAVN,2022-09-19,5.0,,,5.0,0,2026-04-08T03:56:15.923342+00:00
182980,SKYAVN,2022-09-20,5.0,,,5.0,1675,2026-04-08T03:56:18.184056+00:00
183093,SKYAVN,2022-09-21,5.0,,,5.0,0,2026-04-08T03:56:20.42724+00:00
183206,SKYAVN,2022-09-22,5.0,,,5.0,0,2026-04-08T03:56:22.767495+00:00
183319,SKYAVN,2022-09-23,5.0,,,5.0,1520,2026-04-08T03:56:25.066978+00:00
183432,SKYAVN,2022-09-26,5.0,,,5.0,0,2026-04-08T03:56:29.379703+00:00
183545,SKYAVN,2022-09-28,5.0,,,5.0,17968,2026-04-08T03:56:32.717753+00:00
183658,SKYAVN,2022-09-29,5.0,,,5.0,37,2026-04-08T03:56:35.489047+00:00
183771,SKYAVN,2022-09-30,5.0,,,5.0,10500,2026-04-08T03:56:37.947618+00:00
183884,SKYAVN,2022-10-05,5.0,,,5.0,450,2026-04-08T03:56:44.538147+00:00
183998,SKYAVN,2022-10-06,5.0,,,5.0,0,2026-04-08T03:56:46.932693+00:00
184112,SKYAVN,2022-10-07,5.0,,,5.0,14010,2026-04-08T03:56:49.334037+00:00
184226,SKYAVN,2022-10-11,5.0,,,5.0,1055,2026-04-08T03:56:55.029281+00:00
184340,SKYAVN,2022-10-12,5.0,,,5.0,10,2026-04-08T03:56:58.300033+00:00
184454,SKYAVN,2022-10-13,5.0,,,5.0,0,2026-04-08T03:57:00.825788+00:00
184568,SKYAVN,2022-10-14,5.0,,,5.0,0,2026-04-08T03:57:03.298348+00:00
184682,SKYAVN,2022-10-17,5.0,,,5.0,0,2026-04-08T03:57:07.885609+00:00
184796,SKYAVN,2022-10-18,5.0,,,5.0,0,2026-04-08T03:57:10.303346+00:00
184910,SKYAVN,2022-10-19,5.0,,,5.0,2000,2026-04-08T03:57:12.819589+00:00
185024,SKYAVN,2022-10-20,5.0,,,5.0,500,2026-04-08T03:57:15.111185+00:00
185138,SKYAVN,2022-10-21,5.0,,,5.0,0,2026-04-08T03:57:17.499968+00:00
185252,SKYAVN,2022-10-24,5.0,,,5.0,0,2026-04-08T03:57:21.686266+00:00
185366,SKYAVN,2022-10-26,5.0,,,5.0,1000,2026-04-08T03:57:24.913682+00:00
185480,SKYAVN,2022-10-27,5.0,,,5.0,0,2026-04-08T03:57:27.260544+00:00
185594,SKYAVN,2022-10-28,5.0,,,5.0,0,2026-04-08T03:57:29.835926+00:00
185708,SKYAVN,2022-10-31,5.0,,,5.0,0,2026-04-08T03:57:34.21591+00:00
185822,SKYAVN,2022-11-01,5.0,,,5.0,100000,2026-04-08T03:57:36.609373+00:00
185936,SKYAVN,2022-11-02,5.0,,,5.0,274,2026-04-08T03:57:39.066556+00:00
186050,SKYAVN,2022-11-03,5.0,,,5.0,0,2026-04-08T03:57:41.442199+00:00
186164,SKYAVN,2022-11-04,5.0,,,5.0,0,2026-04-08T03:57:43.70904+00:00
186278,SKYAVN,2022-11-08,5.0,,,5.0,0,2026-04-08T03:57:49.123122+00:00
186392,SKYAVN,2022-11-09,5.0,,,5.0,0,2026-04-08T03:57:51.464602+00:00
186506,SKYAVN,2022-11-10,5.0,,,5.0,0,2026-04-08T03:57:54.291842+00:00
186620,SKYAVN,2022-11-11,5.0,,,5.0,0,2026-04-08T03:57:56.704911+00:00
186734,SKYAVN,2022-11-14,5.0,,,5.0,0,2026-04-08T03:58:01.331373+00:00
186848,SKYAVN,2022-11-15,5.0,,,5.0,0,2026-04-08T03:58:03.6444+00:00
186962,SKYAVN,2022-11-16,5.0,,,5.0,0,2026-04-08T03:58:06.118311+00:00
187076,SKYAVN,2022-11-17,5.0,,,5.0,0,2026-04-08T03:58:08.47049+00:00
187190,SKYAVN,2022-11-18,5.0,,,5.0,0,2026-04-08T03:58:10.955275+00:00
187304,SKYAVN,2022-11-21,5.0,,,5.0,2000,2026-04-08T03:58:15.672507+00:00
187418,SKYAVN,2022-11-22,5.0,,,5.0,0,2026-04-08T03:58:18.170118+00:00
187532,SKYAVN,2022-11-24,5.0,,,5.0,0,2026-04-08T03:58:21.692503+00:00
187646,SKYAVN,2022-11-25,5.0,,,5.0,0,2026-04-08T03:58:24.033539+00:00
187760,SKYAVN,2022-11-28,5.0,,,5.0,0,2026-04-08T03:58:28.532723+00:00
187874,SKYAVN,2022-11-29,5.0,,,5.0,0,2026-04-08T03:58:30.983113+00:00
187988,SKYAVN,2022-11-30,5.0,,,5.0,3180,2026-04-08T03:58:33.448849+00:00
188102,SKYAVN,2022-12-01,5.0,,,5.0,1080,2026-04-08T03:58:35.664261+00:00
188216,SKYAVN,2022-12-02,5.0,,,5.0,300,2026-04-08T03:58:37.897027+00:00
188330,SKYAVN,2022-12-05,5.0,,,5.0,508,2026-04-08T03:58:42.456795+00:00
188444,SKYAVN,2022-12-06,5.0,,,5.0,4500,2026-04-08T03:58:44.756119+00:00
188558,SKYAVN,2022-12-07,5.0,,,5.0,17623,2026-04-08T03:58:47.196669+00:00
188672,SKYAVN,2022-12-08,5.0,,,5.0,1611,2026-04-08T03:58:49.52806+00:00
188786,SKYAVN,2022-12-09,5.0,,,5.0,4000,2026-04-08T03:58:51.902427+00:00
188900,SKYAVN,2022-12-12,5.0,,,5.0,12000,2026-04-08T03:58:56.156124+00:00
189014,SKYAVN,2022-12-13,5.0,,,5.0,356,2026-04-08T03:58:58.485404+00:00
189128,SKYAVN,2022-12-14,5.0,,,5.0,22,2026-04-08T03:59:00.851945+00:00
189242,SKYAVN,2022-12-15,5.0,,,5.0,0,2026-04-08T03:59:03.086647+00:00
189356,SKYAVN,2022-12-16,5.0,,,5.0,1000,2026-04-08T03:59:05.5442+00:00
189470,SKYAVN,2022-12-19,5.0,,,5.0,150,2026-04-08T03:59:09.806719+00:00
189584,SKYAVN,2022-12-20,5.0,,,5.0,0,2026-04-08T03:59:12.630732+00:00
189698,SKYAVN,2022-12-21,5.0,,,5.0,0,2026-04-08T03:59:14.990319+00:00
189812,SKYAVN,2022-12-22,5.0,,,5.0,0,2026-04-08T03:59:17.229229+00:00
189926,SKYAVN,2022-12-23,5.0,,,5.0,0,2026-04-08T03:59:19.674012+00:00
190040,SKYAVN,2022-12-28,5.0,,,5.0,109,2026-04-08T03:59:26.406492+00:00
190154,SKYAVN,2022-12-30,5.0,,,5.0,0,2026-04-08T03:59:29.796579+00:00
190268,SKYAVN,2023-01-04,5.0,,,5.0,62,2026-04-08T03:59:36.276207+00:00
190382,SKYAVN,2023-01-05,5.0,,,5.0,32253,2026-04-08T03:59:38.771807+00:00
190496,SKYAVN,2023-01-06,5.0,,,5.0,0,2026-04-08T03:59:41.229635+00:00
190610,SKYAVN,2023-01-09,5.0,,,5.0,1449,2026-04-08T03:59:45.608271+00:00
190724,SKYAVN,2023-01-10,5.0,,,5.0,150,2026-04-08T03:59:47.862187+00:00
190838,SKYAVN,2023-01-11,5.0,,,5.0,0,2026-04-08T03:59:50.211712+00:00
190952,SKYAVN,2023-01-12,5.0,,,5.0,0,2026-04-08T03:59:52.676239+00:00
191066,SKYAVN,2023-01-13,5.0,,,5.0,250,2026-04-08T03:59:55.073566+00:00
191180,SKYAVN,2023-01-17,5.0,,,5.0,0,2026-04-08T04:00:00.52991+00:00
191294,SKYAVN,2023-01-18,5.0,,,5.0,0,2026-04-08T04:00:02.930508+00:00
191408,SKYAVN,2023-01-19,5.0,,,5.0,9200,2026-04-08T04:00:05.157464+00:00
191522,SKYAVN,2023-01-20,5.0,,,5.0,9200,2026-04-08T04:00:07.441529+00:00
191636,SKYAVN,2023-01-23,5.0,,,5.0,5000,2026-04-08T04:00:11.934625+00:00
191750,SKYAVN,2023-01-24,5.0,,,5.0,400,2026-04-08T04:00:14.448563+00:00
191864,SKYAVN,2023-01-25,5.0,,,5.0,0,2026-04-08T04:00:16.660222+00:00
191978,SKYAVN,2023-01-26,5.0,,,5.0,0,2026-04-08T04:00:19.02129+00:00
192092,SKYAVN,2023-01-27,5.0,,,5.0,0,2026-04-08T04:00:21.366865+00:00
192206,SKYAVN,2023-01-30,5.0,,,5.0,0,2026-04-08T04:00:26.318741+00:00
192320,SKYAVN,2023-01-31,5.0,,,5.0,40000,2026-04-08T04:00:28.560212+00:00
192434,SKYAVN,2023-02-06,5.0,,,5.0,9820,2026-04-08T04:00:36.14931+00:00
192548,SKYAVN,2023-02-07,5.0,,,5.0,0,2026-04-08T04:00:38.379875+00:00
192662,SKYAVN,2023-02-08,5.0,,,5.0,20000,2026-04-08T04:00:40.736361+00:00
192776,SKYAVN,2023-02-09,5.0,,,5.0,0,2026-04-08T04:00:43.03687+00:00
192890,SKYAVN,2023-02-10,5.0,,,5.0,0,2026-04-08T04:00:46.517744+00:00
193004,SKYAVN,2023-02-13,5.0,,,5.0,20000,2026-04-08T04:00:50.958429+00:00
193118,SKYAVN,2023-02-14,5.0,,,5.0,0,2026-04-08T04:00:53.400398+00:00
193232,SKYAVN,2023-02-15,5.0,,,5.0,0,2026-04-08T04:00:55.645789+00:00
193346,SKYAVN,2023-02-16,5.0,,,5.0,0,2026-04-08T04:00:58.043326+00:00
193460,SKYAVN,2023-02-17,5.0,,,5.0,0,2026-04-08T04:01:00.355798+00:00
193574,SKYAVN,2023-02-20,5.0,,,5.0,9650,2026-04-08T04:01:04.633293+00:00
193688,SKYAVN,2023-02-21,5.0,,,5.0,9000,2026-04-08T04:01:06.910783+00:00
193802,SKYAVN,2023-02-22,5.0,,,5.0,250,2026-04-08T04:01:09.421576+00:00
193916,SKYAVN,2023-02-23,5.0,,,5.0,0,2026-04-08T04:01:11.765387+00:00
194030,SKYAVN,2023-02-24,5.0,,,5.0,0,2026-04-08T04:01:14.12415+00:00
194144,SKYAVN,2023-02-27,5.0,,,5.0,0,2026-04-08T04:01:18.463572+00:00
194258,SKYAVN,2023-02-28,5.0,,,5.0,0,2026-04-08T04:01:20.671303+00:00
194372,SKYAVN,2023-03-01,5.0,,,5.0,0,2026-04-08T04:01:23.068989+00:00
194486,SKYAVN,2023-03-02,5.0,,,5.0,0,2026-04-08T04:01:25.352172+00:00
194600,SKYAVN,2023-03-03,5.0,,,5.0,0,2026-04-08T04:01:27.716711+00:00
194714,SKYAVN,2023-03-06,5.0,,,5.0,0,2026-04-08T04:01:32.392486+00:00
194828,SKYAVN,2023-03-07,5.0,,,5.0,0,2026-04-08T04:01:34.845095+00:00
194942,SKYAVN,2023-03-08,5.0,,,5.0,0,2026-04-08T04:01:37.261757+00:00
195056,SKYAVN,2023-03-09,5.0,,,5.0,0,2026-04-08T04:01:39.987396+00:00
195170,SKYAVN,2023-03-13,5.0,,,5.0,0,2026-04-08T04:01:45.627511+00:00
195284,SKYAVN,2023-03-14,5.0,,,5.0,50120,2026-04-08T04:01:48.257383+00:00
195398,SKYAVN,2023-03-15,5.0,,,5.0,0,2026-04-08T04:01:50.627346+00:00
195512,SKYAVN,2023-03-16,5.0,,,5.0,100,2026-04-08T04:01:53.062383+00:00
195626,SKYAVN,2023-03-17,5.0,,,5.0,50,2026-04-08T04:01:55.701252+00:00
195740,SKYAVN,2023-03-20,5.0,,,5.0,545,2026-04-08T04:01:59.933448+00:00
195854,SKYAVN,2023-03-22,5.0,,,5.0,250,2026-04-08T04:02:03.467012+00:00
195968,SKYAVN,2023-03-23,5.0,,,5.0,0,2026-04-08T04:02:05.929911+00:00
196082,SKYAVN,2023-03-24,5.0,,,5.0,20523,2026-04-08T04:02:08.248632+00:00
196196,SKYAVN,2023-03-27,5.0,,,5.0,5,2026-04-08T04:02:12.564733+00:00
196310,SKYAVN,2023-03-28,5.0,,,5.0,171,2026-04-08T04:02:14.764209+00:00
196424,SKYAVN,2023-03-29,5.0,,,5.0,0,2026-04-08T04:02:17.140393+00:00
196538,SKYAVN,2023-03-30,5.0,,,5.0,100,2026-04-08T04:02:19.470716+00:00
196652,SKYAVN,2023-03-31,5.0,,,5.0,12105,2026-04-08T04:02:21.739047+00:00
196766,SKYAVN,2023-04-03,5.0,,,5.0,15154,2026-04-08T04:02:26.060346+00:00
196880,SKYAVN,2023-04-04,5.0,,,5.0,990,2026-04-08T04:02:28.444728+00:00
196994,SKYAVN,2023-04-05,5.0,,,5.0,1,2026-04-08T04:02:30.864627+00:00
197108,SKYAVN,2023-04-06,5.0,,,5.0,32198,2026-04-08T04:02:33.239626+00:00
197222,SKYAVN,2023-04-11,5.0,,,5.0,0,2026-04-08T04:02:39.320239+00:00
197336,SKYAVN,2023-04-12,5.5,,,5.5,125158,2026-04-08T04:02:41.643197+00:00
197450,SKYAVN,2023-04-13,5.5,,,5.5,3140,2026-04-08T04:02:44.360634+00:00
197564,SKYAVN,2023-04-14,5.5,,,5.5,102080,2026-04-08T04:02:47.093001+00:00
197678,SKYAVN,2023-04-17,5.5,,,5.5,21995,2026-04-08T04:02:52.113012+00:00
197792,SKYAVN,2023-04-18,5.5,,,5.5,10,2026-04-08T04:02:54.97501+00:00
197906,SKYAVN,2023-04-19,5.5,,,5.5,20303,2026-04-08T04:02:57.648371+00:00
198020,SKYAVN,2023-04-20,5.5,,,5.5,9000,2026-04-08T04:03:00.087899+00:00
198134,SKYAVN,2023-04-25,5.5,,,5.5,665,2026-04-08T04:03:06.320111+00:00
198248,SKYAVN,2023-04-26,5.5,,,5.5,0,2026-04-08T04:03:08.704488+00:00
198362,SKYAVN,2023-04-27,5.5,,,5.5,5000,2026-04-08T04:03:11.176222+00:00
198476,SKYAVN,2023-04-28,5.5,,,5.5,0,2026-04-08T04:03:13.757457+00:00
198590,SKYAVN,2023-05-03,5.5,,,5.5,0,2026-04-08T04:03:20.258962+00:00
198704,SKYAVN,2023-05-04,5.5,,,5.5,0,2026-04-08T04:03:22.719511+00:00
198818,SKYAVN,2023-05-08,5.5,,,5.5,1502,2026-04-08T04:03:29.045349+00:00
198932,SKYAVN,2023-05-09,5.5,,,5.5,0,2026-04-08T04:03:32.620003+00:00
199046,SKYAVN,2023-05-12,5.5,,,5.5,11977,2026-04-08T04:03:37.286216+00:00
199160,SKYAVN,2023-05-15,5.5,,,5.5,6950,2026-04-08T04:03:41.825544+00:00
199274,SKYAVN,2023-05-16,5.5,,,5.5,0,2026-04-08T04:03:44.244464+00:00
199388,SKYAVN,2023-05-17,5.5,,,5.5,0,2026-04-08T04:03:46.492518+00:00
199502,SKYAVN,2023-05-18,5.5,,,5.5,0,2026-04-08T04:03:48.752249+00:00
199616,SKYAVN,2023-05-19,5.5,,,5.5,0,2026-04-08T04:03:51.139215+00:00
199730,SKYAVN,2023-05-22,5.5,,,5.5,1500,2026-04-08T04:03:55.484935+00:00
199844,SKYAVN,2023-05-23,5.5,,,5.5,0,2026-04-08T04:03:57.886867+00:00
199958,SKYAVN,2023-05-24,5.5,,,5.5,16714,2026-04-08T04:04:00.334047+00:00
200072,SKYAVN,2023-05-25,5.5,,,5.5,0,2026-04-08T04:04:02.79018+00:00
200186,SKYAVN,2023-05-26,5.5,,,5.5,0,2026-04-08T04:04:05.139052+00:00
200300,SKYAVN,2023-05-30,5.5,,,5.5,0,2026-04-08T04:04:11.011702+00:00
200414,SKYAVN,2023-06-01,5.5,,,5.5,0,2026-04-08T04:04:14.390605+00:00
200528,SKYAVN,2023-06-02,5.5,,,5.5,0,2026-04-08T04:04:16.732653+00:00
200642,SKYAVN,2023-06-05,5.35,,,5.35,0,2026-04-08T04:04:21.343031+00:00
200756,SKYAVN,2023-06-06,5.35,,,5.35,0,2026-04-08T04:04:23.98223+00:00
200870,SKYAVN,2023-06-07,5.35,,,5.35,3000,2026-04-08T04:04:26.507718+00:00
200984,SKYAVN,2023-06-08,5.35,,,5.35,0,2026-04-08T04:04:29.08401+00:00
201098,SKYAVN,2023-06-09,5.35,,,5.35,2000,2026-04-08T04:04:31.44664+00:00
201212,SKYAVN,2023-06-13,5.35,,,5.35,0,2026-04-08T04:04:36.862505+00:00
201326,SKYAVN,2023-06-14,5.85,,,5.85,310000,2026-04-08T04:04:39.320552+00:00
201440,SKYAVN,2023-06-15,5.85,,,5.85,40785,2026-04-08T04:04:41.673534+00:00
201554,SKYAVN,2023-06-16,6.4,,,6.4,102050,2026-04-08T04:04:44.052846+00:00
201668,SKYAVN,2023-06-19,7.0,,,7.0,105500,2026-04-08T04:04:48.541112+00:00
201782,SKYAVN,2023-06-20,7.7,,,7.7,103000,2026-04-08T04:04:51.378552+00:00
201896,SKYAVN,2023-06-21,7.7,,,7.7,250,2026-04-08T04:04:53.764277+00:00
202010,SKYAVN,2023-06-22,8.45,,,8.45,550000,2026-04-08T04:04:56.145117+00:00
202124,SKYAVN,2023-06-26,10.15,,,10.15,105000,2026-04-08T04:05:01.671465+00:00
202238,SKYAVN,2023-06-30,10.15,,,10.15,10560,2026-04-08T04:05:07.377697+00:00
202352,SKYAVN,2023-07-03,11.15,,,11.15,127400,2026-04-08T04:05:11.758079+00:00
202466,SKYAVN,2023-07-04,12.25,,,12.25,109045,2026-04-08T04:05:14.17436+00:00
202580,SKYAVN,2023-07-05,12.25,,,12.25,0,2026-04-08T04:05:16.577423+00:00
202694,SKYAVN,2023-07-06,12.25,,,12.25,49865,2026-04-08T04:05:19.075393+00:00
202808,SKYAVN,2023-07-07,12.25,,,12.25,20000,2026-04-08T04:05:21.415756+00:00
202922,SKYAVN,2023-07-10,12.25,,,12.25,19300,2026-04-08T04:05:26.355595+00:00
203036,SKYAVN,2023-07-11,12.25,,,12.25,2045,2026-04-08T04:05:28.903538+00:00
203150,SKYAVN,2023-07-12,12.25,,,12.25,132699,2026-04-08T04:05:31.299012+00:00
203264,SKYAVN,2023-07-14,14.75,,,14.75,148199,2026-04-08T04:05:34.698751+00:00
203378,SKYAVN,2023-07-17,14.75,,,14.75,976,2026-04-08T04:05:39.139368+00:00
203492,SKYAVN,2023-07-19,16.2,,,16.2,136000,2026-04-08T04:05:42.577032+00:00
203606,SKYAVN,2023-07-20,16.2,,,16.2,0,2026-04-08T04:05:45.122849+00:00
203720,SKYAVN,2023-07-21,16.2,,,16.2,300,2026-04-08T04:05:47.594805+00:00
203834,SKYAVN,2023-07-24,17.8,,,17.8,128500,2026-04-08T04:05:52.167161+00:00
203948,SKYAVN,2023-07-25,19.55,,,19.55,139050,2026-04-08T04:05:54.602351+00:00
204062,SKYAVN,2023-07-26,21.2,,,21.2,375194,2026-04-08T04:05:57.515236+00:00
204176,SKYAVN,2023-07-27,23.3,,,23.3,109504,2026-04-08T04:05:59.880161+00:00
204290,SKYAVN,2023-07-28,23.3,,,23.3,140954,2026-04-08T04:06:02.220136+00:00
204404,SKYAVN,2023-07-31,25.6,,,25.6,1095516,2026-04-08T04:06:06.790851+00:00
204518,SKYAVN,2023-08-02,28.15,,,28.15,460400,2026-04-08T04:06:10.326378+00:00
204632,SKYAVN,2023-08-03,28.15,,,28.15,106961,2026-04-08T04:06:12.834218+00:00
204746,SKYAVN,2023-08-04,28.15,,,28.15,19059,2026-04-08T04:06:15.200886+00:00
204860,SKYAVN,2023-08-07,28.15,,,28.15,41488,2026-04-08T04:06:19.871718+00:00
204974,SKYAVN,2023-08-08,28.15,,,28.15,12411,2026-04-08T04:06:22.245918+00:00
205088,SKYAVN,2023-08-09,28.15,,,28.15,450,2026-04-08T04:06:24.635943+00:00
205202,SKYAVN,2023-08-10,28.15,,,28.15,1315,2026-04-08T04:06:27.035398+00:00
205316,SKYAVN,2023-08-11,28.15,,,28.15,2502,2026-04-08T04:06:29.455701+00:00
205430,SKYAVN,2023-08-14,28.15,,,28.15,275,2026-04-08T04:06:33.923569+00:00
205544,SKYAVN,2023-08-15,28.15,,,28.15,119778,2026-04-08T04:06:36.358161+00:00
205658,SKYAVN,2023-08-16,28.15,,,28.15,21810,2026-04-08T04:06:38.679915+00:00
205772,SKYAVN,2023-08-17,28.15,,,28.15,6715,2026-04-08T04:06:40.998805+00:00
205886,SKYAVN,2023-08-18,28.15,,,28.15,4991,2026-04-08T04:06:43.468275+00:00
206000,SKYAVN,2023-08-21,28.15,,,28.15,100300,2026-04-08T04:06:47.688711+00:00
206114,SKYAVN,2023-08-24,28.15,,,28.15,550,2026-04-08T04:06:51.989424+00:00
206228,SKYAVN,2023-08-25,28.15,,,28.15,3500,2026-04-08T04:06:54.38475+00:00
206342,SKYAVN,2023-08-28,28.15,,,28.15,8516,2026-04-08T04:06:59.310949+00:00
206456,SKYAVN,2023-08-29,28.15,,,28.15,2450,2026-04-08T04:07:01.613742+00:00
206570,SKYAVN,2023-08-30,28.15,,,28.15,610,2026-04-08T04:07:03.820209+00:00
206684,SKYAVN,2023-09-01,28.15,,,28.15,401,2026-04-08T04:07:07.195585+00:00
206798,SKYAVN,2023-09-04,28.15,,,28.15,7400,2026-04-08T04:07:11.730996+00:00
206912,SKYAVN,2023-09-05,28.15,,,28.15,590,2026-04-08T04:07:14.175893+00:00
207026,SKYAVN,2023-09-06,28.15,,,28.15,75,2026-04-08T04:07:16.66229+00:00
207140,SKYAVN,2023-09-07,28.15,,,28.15,721,2026-04-08T04:07:19.134101+00:00
207254,SKYAVN,2023-09-08,28.15,,,28.15,9008,2026-04-08T04:07:21.445908+00:00
207368,SKYAVN,2023-09-11,28.15,,,28.15,22953,2026-04-08T04:07:26.133096+00:00
207482,SKYAVN,2023-09-12,28.15,,,28.15,6870,2026-04-08T04:07:28.57479+00:00
207596,SKYAVN,2023-09-13,28.15,,,28.15,1,2026-04-08T04:07:30.890589+00:00
207710,SKYAVN,2023-09-14,28.15,,,28.15,13000,2026-04-08T04:07:33.324455+00:00
207824,SKYAVN,2023-09-15,28.15,,,28.15,232,2026-04-08T04:07:35.74244+00:00
207938,SKYAVN,2023-09-18,25.35,,,25.35,207070,2026-04-08T04:07:40.292184+00:00
208052,SKYAVN,2023-09-19,25.35,,,25.35,5416,2026-04-08T04:07:42.606346+00:00
208166,SKYAVN,2023-09-20,25.35,,,25.35,7108,2026-04-08T04:07:45.004042+00:00
208280,SKYAVN,2023-09-21,25.35,,,25.35,7795,2026-04-08T04:07:47.370085+00:00
208394,SKYAVN,2023-09-22,25.35,,,25.35,2770,2026-04-08T04:07:49.898567+00:00
208508,SKYAVN,2023-09-25,25.35,,,25.35,620,2026-04-08T04:07:54.305125+00:00
208622,SKYAVN,2023-09-28,25.35,,,25.35,10200,2026-04-08T04:07:58.898315+00:00
208736,SKYAVN,2023-09-29,25.35,,,25.35,5000,2026-04-08T04:08:01.279649+00:00
208850,SKYAVN,2023-10-03,25.35,,,25.35,5774,2026-04-08T04:08:06.721549+00:00
208964,SKYAVN,2023-10-04,25.35,,,25.35,1810,2026-04-08T04:08:09.042741+00:00
209078,SKYAVN,2023-10-05,25.35,,,25.35,80,2026-04-08T04:08:11.600182+00:00
209193,SKYAVN,2023-10-06,25.35,,,25.35,900,2026-04-08T04:08:14.22861+00:00
209308,SKYAVN,2023-10-09,25.35,,,25.35,2500,2026-04-08T04:08:18.740555+00:00
209423,SKYAVN,2023-10-10,25.35,,,25.35,35,2026-04-08T04:08:21.390436+00:00
209537,SKYAVN,2023-10-12,25.35,,,25.35,2612,2026-04-08T04:08:24.861957+00:00
209652,SKYAVN,2023-10-13,25.35,,,25.35,20195,2026-04-08T04:08:27.376596+00:00
209767,SKYAVN,2023-10-16,25.35,,,25.35,5210,2026-04-08T04:08:32.388707+00:00
209882,SKYAVN,2023-10-17,25.35,,,25.35,8145,2026-04-08T04:08:34.738576+00:00
209997,SKYAVN,2023-10-19,25.35,,,25.35,789,2026-04-08T04:08:38.671249+00:00
210112,SKYAVN,2023-10-20,25.35,,,25.35,40,2026-04-08T04:08:40.967521+00:00
210227,SKYAVN,2023-10-23,25.35,,,25.35,40,2026-04-08T04:08:45.440193+00:00
210342,SKYAVN,2023-10-24,25.35,,,25.35,9154,2026-04-08T04:08:47.71675+00:00
210457,SKYAVN,2023-10-25,25.35,,,25.35,6620,2026-04-08T04:08:50.022319+00:00
210572,SKYAVN,2023-10-26,25.35,,,25.35,400,2026-04-08T04:08:52.472279+00:00
210687,SKYAVN,2023-10-27,25.35,,,25.35,24823,2026-04-08T04:08:54.778052+00:00
210802,SKYAVN,2023-10-30,25.35,,,25.35,1426,2026-04-08T04:08:59.45056+00:00
210917,SKYAVN,2023-10-31,25.35,,,25.35,675,2026-04-08T04:09:01.914254+00:00
211032,SKYAVN,2023-11-01,25.35,,,25.35,700,2026-04-08T04:09:04.386399+00:00
211147,SKYAVN,2023-11-02,25.35,,,25.35,1001,2026-04-08T04:09:06.696264+00:00
211262,SKYAVN,2023-11-03,25.35,,,25.35,5129,2026-04-08T04:09:09.071615+00:00
211377,SKYAVN,2023-11-06,25.35,,,25.35,8600,2026-04-08T04:09:13.59419+00:00
211492,SKYAVN,2023-11-07,25.35,,,25.35,16060,2026-04-08T04:09:15.923939+00:00
211608,SKYAVN,2023-11-08,25.35,,,25.35,125,2026-04-08T04:09:18.177895+00:00
211724,SKYAVN,2023-11-09,25.35,,,25.35,11490,2026-04-08T04:09:20.462573+00:00
211840,SKYAVN,2023-11-10,25.35,,,25.35,80050,2026-04-08T04:09:22.644841+00:00
211956,SKYAVN,2023-11-13,25.35,,,25.35,17067,2026-04-08T04:09:27.404692+00:00
212072,SKYAVN,2023-11-14,25.35,,,25.35,6100,2026-04-08T04:09:29.775588+00:00
212188,SKYAVN,2023-11-15,25.35,,,25.35,86761,2026-04-08T04:09:32.378304+00:00
212304,SKYAVN,2023-11-16,25.35,,,25.35,5500,2026-04-08T04:09:34.916677+00:00
212420,SKYAVN,2023-11-17,25.35,,,25.35,300,2026-04-08T04:09:37.378105+00:00
212536,SKYAVN,2023-11-20,25.35,,,25.35,94260,2026-04-08T04:09:41.830835+00:00
212652,SKYAVN,2023-11-21,25.35,,,25.35,12000,2026-04-08T04:09:44.211025+00:00
212768,SKYAVN,2023-11-22,25.35,,,25.35,140748,2026-04-08T04:09:46.526636+00:00
212884,SKYAVN,2023-11-23,25.35,,,25.35,29500,2026-04-08T04:09:48.793806+00:00
213001,SKYAVN,2023-11-27,25.35,,,25.35,17300,2026-04-08T04:09:54.316732+00:00
213118,SKYAVN,2023-11-28,25.35,,,25.35,269442,2026-04-08T04:09:57.050116+00:00
213235,SKYAVN,2023-11-29,25.35,,,25.35,13550,2026-04-08T04:09:59.54407+00:00
213352,SKYAVN,2023-11-30,25.35,,,25.35,0,2026-04-08T04:10:01.973818+00:00
213469,SKYAVN,2023-12-01,25.35,,,25.35,1000,2026-04-08T04:10:04.46052+00:00
213586,SKYAVN,2023-12-04,25.35,,,25.35,110,2026-04-08T04:10:08.793495+00:00
213703,SKYAVN,2023-12-05,25.35,,,25.35,26025,2026-04-08T04:10:11.104733+00:00
213820,SKYAVN,2023-12-06,25.35,,,25.35,13870,2026-04-08T04:10:13.383432+00:00
213937,SKYAVN,2023-12-08,25.35,,,25.35,11371,2026-04-08T04:10:16.965057+00:00
214054,SKYAVN,2023-12-11,25.35,,,25.35,3002,2026-04-08T04:10:21.350621+00:00
214171,SKYAVN,2023-12-12,25.35,,,25.35,136381,2026-04-08T04:10:23.843731+00:00
214288,SKYAVN,2023-12-13,25.35,,,25.35,100,2026-04-08T04:10:26.19208+00:00
214405,SKYAVN,2023-12-14,25.35,,,25.35,2000,2026-04-08T04:10:28.64956+00:00
214522,SKYAVN,2023-12-15,25.35,,,25.35,7000,2026-04-08T04:10:31.179138+00:00
214639,SKYAVN,2023-12-18,25.35,,,25.35,542,2026-04-08T04:10:35.879044+00:00
214756,SKYAVN,2023-12-19,25.35,,,25.35,5863,2026-04-08T04:10:38.280823+00:00
214873,SKYAVN,2023-12-20,25.35,,,25.35,8066,2026-04-08T04:10:40.523028+00:00
214990,SKYAVN,2023-12-21,25.35,,,25.35,3500,2026-04-08T04:10:42.873875+00:00
215107,SKYAVN,2023-12-28,25.35,,,25.35,7140,2026-04-08T04:10:51.166125+00:00
215224,SKYAVN,2023-12-29,25.35,,,25.35,413477,2026-04-08T04:10:53.57119+00:00
215341,SKYAVN,2024-01-02,27.15,,,27.15,100263,2026-04-08T04:10:59.157783+00:00
215458,SKYAVN,2024-01-03,27.15,,,27.15,142925,2026-04-08T04:11:01.401293+00:00
215575,SKYAVN,2024-01-04,27.15,,,27.15,440,2026-04-08T04:11:03.846312+00:00
215692,SKYAVN,2024-01-05,27.15,,,27.15,36558,2026-04-08T04:11:07.208124+00:00
215809,SKYAVN,2024-01-08,27.15,,,27.15,23966,2026-04-08T04:11:11.742656+00:00
215926,SKYAVN,2024-01-09,27.15,,,27.15,63361,2026-04-08T04:11:14.100458+00:00
216043,SKYAVN,2024-01-10,27.15,,,27.15,35712,2026-04-08T04:11:16.512964+00:00
216160,SKYAVN,2024-01-11,27.15,,,27.15,6187,2026-04-08T04:11:18.918089+00:00
216277,SKYAVN,2024-01-12,27.15,,,27.15,100,2026-04-08T04:11:21.244944+00:00
216394,SKYAVN,2024-01-15,27.15,,,27.15,15006,2026-04-08T04:11:25.674113+00:00
216511,SKYAVN,2024-01-16,27.15,,,27.15,11855,2026-04-08T04:11:28.037988+00:00
216628,SKYAVN,2024-01-18,27.15,,,27.15,159809,2026-04-08T04:11:31.337167+00:00
216745,SKYAVN,2024-01-19,27.15,,,27.15,153425,2026-04-08T04:11:38.619168+00:00
216862,SKYAVN,2024-01-22,27.15,,,27.15,49408,2026-04-08T04:11:42.948818+00:00
216979,SKYAVN,2024-01-23,27.15,,,27.15,13950,2026-04-08T04:11:45.304506+00:00
217096,SKYAVN,2024-01-24,27.15,,,27.15,61220,2026-04-08T04:11:47.647942+00:00
217213,SKYAVN,2024-01-25,27.15,,,27.15,6050,2026-04-08T04:11:50.11021+00:00
217330,SKYAVN,2024-01-26,27.15,,,27.15,23002,2026-04-08T04:11:52.721812+00:00
217447,SKYAVN,2024-01-29,27.15,,,27.15,55928,2026-04-08T04:11:57.440388+00:00
217564,SKYAVN,2024-01-30,25.5,,,25.5,272439,2026-04-08T04:12:00.024191+00:00
217681,SKYAVN,2024-01-31,25.5,,,25.5,5800,2026-04-08T04:12:02.433526+00:00
217798,SKYAVN,2024-02-01,25.5,,,25.5,3,2026-04-08T04:12:04.812869+00:00
217915,SKYAVN,2024-02-02,25.5,,,25.5,3970,2026-04-08T04:12:07.232701+00:00
218032,SKYAVN,2024-02-05,25.5,,,25.5,1265,2026-04-08T04:12:11.791199+00:00
218149,SKYAVN,2024-02-06,25.5,,,25.5,1810,2026-04-08T04:12:14.363902+00:00
218266,SKYAVN,2024-02-07,25.5,,,25.5,10515,2026-04-08T04:12:16.791058+00:00
218383,SKYAVN,2024-02-08,25.5,,,25.5,500,2026-04-08T04:12:19.312026+00:00
218500,SKYAVN,2024-02-09,25.5,,,25.5,60,2026-04-08T04:12:21.609908+00:00
218617,SKYAVN,2024-02-12,25.5,,,25.5,1440,2026-04-08T04:12:25.771109+00:00
218734,SKYAVN,2024-02-13,25.5,,,25.5,1628,2026-04-08T04:12:28.061356+00:00
218851,SKYAVN,2024-02-14,25.5,,,25.5,76306,2026-04-08T04:12:30.570558+00:00
218968,SKYAVN,2024-02-16,25.5,,,25.5,41250,2026-04-08T04:12:34.036511+00:00
219085,SKYAVN,2024-02-19,25.5,,,25.5,1692,2026-04-08T04:12:38.429241+00:00
219202,SKYAVN,2024-02-20,25.5,,,25.5,7100,2026-04-08T04:12:40.813552+00:00
219319,SKYAVN,2024-02-21,25.5,,,25.5,3100,2026-04-08T04:12:43.257682+00:00
219436,SKYAVN,2024-02-22,25.5,,,25.5,511,2026-04-08T04:12:45.850796+00:00
219553,SKYAVN,2024-02-26,25.5,,,25.5,5500,2026-04-08T04:12:51.18414+00:00
219670,SKYAVN,2024-02-27,25.5,,,25.5,10,2026-04-08T04:12:53.509755+00:00
219787,SKYAVN,2024-02-29,25.5,,,25.5,1200,2026-04-08T04:12:56.822244+00:00
219904,SKYAVN,2024-03-01,25.5,,,25.5,13248,2026-04-08T04:12:59.287484+00:00
220021,SKYAVN,2024-03-04,25.5,,,25.5,2827,2026-04-08T04:13:03.814092+00:00
220139,SKYAVN,2024-03-05,25.5,,,25.5,1020,2026-04-08T04:13:06.279726+00:00
220257,SKYAVN,2024-03-06,25.5,,,25.5,9844,2026-04-08T04:13:08.558236+00:00
220375,SKYAVN,2024-03-07,25.5,,,25.5,5300,2026-04-08T04:13:10.988978+00:00
220493,SKYAVN,2024-03-08,25.5,,,25.5,0,2026-04-08T04:13:13.453006+00:00
220611,SKYAVN,2024-03-11,25.5,,,25.5,48,2026-04-08T04:13:17.773706+00:00
220729,SKYAVN,2024-03-12,25.5,,,25.5,401,2026-04-08T04:13:20.258657+00:00
220847,SKYAVN,2024-03-13,22.95,,,22.95,124368,2026-04-08T04:13:22.557243+00:00
220965,SKYAVN,2024-03-14,22.95,,,22.95,81290,2026-04-08T04:13:25.004754+00:00
221083,SKYAVN,2024-03-15,22.95,,,22.95,0,2026-04-08T04:13:27.500984+00:00
221201,SKYAVN,2024-03-19,22.95,,,22.95,368,2026-04-08T04:13:32.54102+00:00
221319,SKYAVN,2024-03-20,22.95,,,22.95,100,2026-04-08T04:13:34.949661+00:00
221437,SKYAVN,2024-03-21,22.95,,,22.95,11107,2026-04-08T04:13:37.293426+00:00
221555,SKYAVN,2024-03-22,22.95,,,22.95,1350,2026-04-08T04:13:39.66616+00:00
221673,SKYAVN,2024-03-25,22.95,,,22.95,890,2026-04-08T04:13:43.964435+00:00
221791,SKYAVN,2024-03-26,22.95,,,22.95,0,2026-04-08T04:13:46.391317+00:00
221909,SKYAVN,2024-03-27,22.95,,,22.95,3000,2026-04-08T04:13:48.795654+00:00
222027,SKYAVN,2024-03-28,22.95,,,22.95,11750,2026-04-08T04:13:51.173779+00:00
222145,SKYAVN,2024-04-02,22.95,,,22.95,74530,2026-04-08T04:13:58.053067+00:00
222263,SKYAVN,2024-04-03,22.95,,,22.95,22300,2026-04-08T04:14:00.66873+00:00
222381,SKYAVN,2024-04-04,22.95,,,22.95,3365,2026-04-08T04:14:03.310057+00:00
222499,SKYAVN,2024-04-05,22.95,,,22.95,0,2026-04-08T04:14:05.820809+00:00
222617,SKYAVN,2024-04-12,22.95,,,22.95,833,2026-04-08T04:14:15.984697+00:00
222735,SKYAVN,2024-04-15,22.95,,,22.95,5625,2026-04-08T04:14:20.492228+00:00
222853,SKYAVN,2024-04-16,22.95,,,22.95,421,2026-04-08T04:14:22.958286+00:00
222971,SKYAVN,2024-04-17,22.95,,,22.95,2200,2026-04-08T04:14:25.407203+00:00
223089,SKYAVN,2024-04-18,22.95,,,22.95,59550,2026-04-08T04:14:27.862982+00:00
223207,SKYAVN,2024-04-19,22.95,,,22.95,4103,2026-04-08T04:14:30.225092+00:00
223325,SKYAVN,2024-04-22,22.95,,,22.95,0,2026-04-08T04:14:34.624841+00:00
223443,SKYAVN,2024-04-23,22.95,,,22.95,1150,2026-04-08T04:14:36.881925+00:00
223561,SKYAVN,2024-04-24,22.95,,,22.95,2576,2026-04-08T04:14:39.108369+00:00
223679,SKYAVN,2024-04-25,22.95,,,22.95,95,2026-04-08T04:14:41.415412+00:00
223797,SKYAVN,2024-04-26,22.95,,,22.95,1423,2026-04-08T04:14:43.709399+00:00
223915,SKYAVN,2024-04-29,22.95,,,22.95,1948,2026-04-08T04:14:47.97937+00:00
224033,SKYAVN,2024-04-30,22.95,,,22.95,2600,2026-04-08T04:14:50.304196+00:00
224151,SKYAVN,2024-05-02,22.95,,,22.95,550,2026-04-08T04:14:53.573612+00:00
224269,SKYAVN,2024-05-03,22.95,,,22.95,31210,2026-04-08T04:14:55.989363+00:00
224387,SKYAVN,2024-05-06,22.95,,,22.95,73395,2026-04-08T04:15:00.14873+00:00
224505,SKYAVN,2024-05-07,22.95,,,22.95,3004,2026-04-08T04:15:02.40079+00:00
224623,SKYAVN,2024-05-08,22.95,,,22.95,2200,2026-04-08T04:15:04.708287+00:00
224741,SKYAVN,2024-05-09,22.95,,,22.95,451,2026-04-08T04:15:07.337178+00:00
224859,SKYAVN,2024-05-10,22.95,,,22.95,2907,2026-04-08T04:15:09.604775+00:00
224977,SKYAVN,2024-05-13,22.95,,,22.95,1220,2026-04-08T04:15:13.907933+00:00
225095,SKYAVN,2024-05-14,22.95,,,22.95,226,2026-04-08T04:15:16.26654+00:00
225213,SKYAVN,2024-05-15,22.95,,,22.95,450,2026-04-08T04:15:18.549958+00:00
225331,SKYAVN,2024-05-16,22.95,,,22.95,22649,2026-04-08T04:15:20.841424+00:00
225449,SKYAVN,2024-05-20,22.95,,,22.95,1605,2026-04-08T04:15:25.962105+00:00
225567,SKYAVN,2024-05-21,22.95,,,22.95,608763,2026-04-08T04:15:28.334406+00:00
225685,SKYAVN,2024-05-22,22.95,,,22.95,271170,2026-04-08T04:15:30.660212+00:00
225803,SKYAVN,2024-05-23,20.7,,,20.7,179076,2026-04-08T04:15:32.993296+00:00
225921,SKYAVN,2024-05-24,20.7,,,20.7,106350,2026-04-08T04:15:35.360226+00:00
226039,SKYAVN,2024-05-27,20.4,,,20.4,3600,2026-04-08T04:15:39.562711+00:00
226157,SKYAVN,2024-05-28,20.4,,,20.4,10,2026-04-08T04:15:41.894674+00:00
226275,SKYAVN,2024-05-29,20.4,,,20.4,1200,2026-04-08T04:15:44.435333+00:00
226393,SKYAVN,2024-05-30,20.4,,,20.4,158,2026-04-08T04:15:46.695543+00:00
226511,SKYAVN,2024-05-31,20.4,,,20.4,10090,2026-04-08T04:15:48.909252+00:00
226629,SKYAVN,2024-06-03,20.4,,,20.4,235,2026-04-08T04:15:53.203965+00:00
226747,SKYAVN,2024-06-04,20.4,,,20.4,150,2026-04-08T04:15:55.456464+00:00
226865,SKYAVN,2024-06-05,20.4,,,20.4,0,2026-04-08T04:15:57.839545+00:00
226983,SKYAVN,2024-06-06,20.4,,,20.4,566,2026-04-08T04:16:00.091412+00:00
227101,SKYAVN,2024-06-07,20.4,,,20.4,6516,2026-04-08T04:16:02.294722+00:00
227219,SKYAVN,2024-06-10,20.4,,,20.4,13134,2026-04-08T04:16:06.655303+00:00
227337,SKYAVN,2024-06-11,20.4,,,20.4,44794,2026-04-08T04:16:09.027942+00:00
227455,SKYAVN,2024-06-13,20.4,,,20.4,3222,2026-04-08T04:16:12.454757+00:00
227573,SKYAVN,2024-06-14,20.4,,,20.4,22006,2026-04-08T04:16:14.762224+00:00
227691,SKYAVN,2024-06-20,20.4,,,20.4,5470,2026-04-08T04:16:22.365263+00:00
227809,SKYAVN,2024-06-21,20.4,,,20.4,2926,2026-04-08T04:16:24.740936+00:00
227927,SKYAVN,2024-06-24,20.4,,,20.4,51500,2026-04-08T04:16:29.101951+00:00
228045,SKYAVN,2024-06-25,20.4,,,20.4,660,2026-04-08T04:16:31.430939+00:00
228163,SKYAVN,2024-06-26,20.4,,,20.4,12000200,2026-04-08T04:16:33.77834+00:00
228281,SKYAVN,2024-06-27,20.4,,,20.4,8499,2026-04-08T04:16:36.13415+00:00
228399,SKYAVN,2024-06-28,20.4,,,20.4,3080,2026-04-08T04:16:38.472674+00:00
228517,SKYAVN,2024-07-01,20.4,,,20.4,2000,2026-04-08T04:16:42.881798+00:00
228635,SKYAVN,2024-07-02,20.4,,,20.4,109427,2026-04-08T04:16:45.256647+00:00
228753,SKYAVN,2024-07-03,20.4,,,20.4,29065,2026-04-08T04:16:47.732339+00:00
228871,SKYAVN,2024-07-04,20.4,,,20.4,1304,2026-04-08T04:16:50.22378+00:00
228989,SKYAVN,2024-07-05,20.4,,,20.4,2794,2026-04-08T04:16:52.679645+00:00
229107,SKYAVN,2024-07-08,20.4,,,20.4,7550,2026-04-08T04:16:57.375145+00:00
229225,SKYAVN,2024-07-09,20.4,,,20.4,6370,2026-04-08T04:16:59.679545+00:00
229343,SKYAVN,2024-07-10,20.4,,,20.4,11288,2026-04-08T04:17:02.104038+00:00
229461,SKYAVN,2024-07-11,20.4,,,20.4,0,2026-04-08T04:17:04.804273+00:00
229579,SKYAVN,2024-07-12,20.4,,,20.4,20120,2026-04-08T04:17:07.071694+00:00
229697,SKYAVN,2024-07-15,20.4,,,20.4,235050,2026-04-08T04:17:11.418935+00:00
229815,SKYAVN,2024-07-16,20.4,,,20.4,26929,2026-04-08T04:17:13.920176+00:00
229933,SKYAVN,2024-07-17,20.4,,,20.4,7989,2026-04-08T04:17:16.239817+00:00
230051,SKYAVN,2024-07-18,20.4,,,20.4,49940,2026-04-08T04:17:18.614364+00:00
230169,SKYAVN,2024-07-19,20.4,,,20.4,4085,2026-04-08T04:17:20.923419+00:00
230287,SKYAVN,2024-07-22,20.4,,,20.4,500,2026-04-08T04:17:25.185516+00:00
230405,SKYAVN,2024-07-23,20.4,,,20.4,500,2026-04-08T04:17:27.655924+00:00
230523,SKYAVN,2024-07-24,20.4,,,20.4,24529,2026-04-08T04:17:30.124258+00:00
230641,SKYAVN,2024-07-25,20.4,,,20.4,150,2026-04-08T04:17:32.638981+00:00
230759,SKYAVN,2024-07-26,20.4,,,20.4,300,2026-04-08T04:17:35.101122+00:00
230877,SKYAVN,2024-07-29,20.4,,,20.4,35000,2026-04-08T04:17:40.103977+00:00
230995,SKYAVN,2024-07-30,20.4,,,20.4,100,2026-04-08T04:17:43.080384+00:00
231113,SKYAVN,2024-07-31,20.4,,,20.4,116890,2026-04-08T04:17:45.61458+00:00
231231,SKYAVN,2024-08-01,20.4,,,20.4,41400,2026-04-08T04:17:47.950902+00:00
231349,SKYAVN,2024-08-02,20.4,,,20.4,54892,2026-04-08T04:17:50.372085+00:00
231467,SKYAVN,2024-08-05,20.4,,,20.4,650,2026-04-08T04:17:54.929581+00:00
231585,SKYAVN,2024-08-06,22.4,,,22.4,4801886,2026-04-08T04:17:57.472912+00:00
231703,SKYAVN,2024-08-07,24.4,,,24.4,1911975,2026-04-08T04:17:59.948734+00:00
231821,SKYAVN,2024-08-08,25.8,,,25.8,577606,2026-04-08T04:18:02.36647+00:00
231939,SKYAVN,2024-08-09,25.8,,,25.8,141675,2026-04-08T04:18:04.674683+00:00
232057,SKYAVN,2024-08-12,24.4,,,24.4,377872,2026-04-08T04:18:08.918743+00:00
232175,SKYAVN,2024-08-13,24.0,,,24.0,631880,2026-04-08T04:18:11.387792+00:00
232293,SKYAVN,2024-08-14,24.0,,,24.0,22708,2026-04-08T04:18:13.859526+00:00
232411,SKYAVN,2024-08-15,24.0,,,24.0,109968,2026-04-08T04:18:16.357381+00:00
232529,SKYAVN,2024-08-16,24.0,,,24.0,27180,2026-04-08T04:18:18.692447+00:00
232647,SKYAVN,2024-08-19,26.4,,,26.4,325657,2026-04-08T04:18:23.063194+00:00
232765,SKYAVN,2024-08-20,26.4,,,26.4,201160,2026-04-08T04:18:25.366221+00:00
232883,SKYAVN,2024-08-21,26.4,,,26.4,238556,2026-04-08T04:18:27.861334+00:00
233001,SKYAVN,2024-08-22,26.4,,,26.4,2515,2026-04-08T04:18:30.156184+00:00
233119,SKYAVN,2024-08-23,26.4,,,26.4,71468,2026-04-08T04:18:32.497978+00:00
233237,SKYAVN,2024-08-26,26.4,,,26.4,44491,2026-04-08T04:18:37.19542+00:00
233355,SKYAVN,2024-08-27,26.4,,,26.4,26000,2026-04-08T04:18:39.561091+00:00
233473,SKYAVN,2024-08-28,26.4,,,26.4,83300,2026-04-08T04:18:42.048567+00:00
233591,SKYAVN,2024-08-29,26.4,,,26.4,48725,2026-04-08T04:18:44.36768+00:00
233709,SKYAVN,2024-09-02,26.35,,,26.35,320602,2026-04-08T04:18:49.632285+00:00
233827,SKYAVN,2024-09-03,26.35,,,26.35,15625,2026-04-08T04:18:52.389232+00:00
233945,SKYAVN,2024-09-04,26.35,,,26.35,96765,2026-04-08T04:18:54.875674+00:00
234063,SKYAVN,2024-09-05,26.35,,,26.35,25200,2026-04-08T04:18:57.763256+00:00
234181,SKYAVN,2024-09-06,26.35,,,26.35,268100,2026-04-08T04:19:00.536712+00:00
234299,SKYAVN,2024-09-09,26.35,,,26.35,5000,2026-04-08T04:19:05.495104+00:00
234417,SKYAVN,2024-09-10,26.35,,,26.35,50,2026-04-08T04:19:08.070871+00:00
234535,SKYAVN,2024-09-11,25.0,,,25.0,431227,2026-04-08T04:19:10.663572+00:00
234653,SKYAVN,2024-09-12,24.0,,,24.0,120730,2026-04-08T04:19:13.371302+00:00
234771,SKYAVN,2024-09-13,24.0,,,24.0,28,2026-04-08T04:19:16.033041+00:00
234889,SKYAVN,2024-09-17,25.0,,,25.0,626806,2026-04-08T04:19:22.824888+00:00
235007,SKYAVN,2024-09-18,25.0,,,25.0,108102,2026-04-08T04:19:25.915955+00:00
235125,SKYAVN,2024-09-19,25.0,,,25.0,18733,2026-04-08T04:19:28.330134+00:00
235243,SKYAVN,2024-09-20,25.0,,,25.0,83162,2026-04-08T04:19:30.82066+00:00
235361,SKYAVN,2024-09-23,25.0,,,25.0,1225,2026-04-08T04:19:35.29526+00:00
235479,SKYAVN,2024-09-24,25.0,,,25.0,910,2026-04-08T04:19:37.629736+00:00
235597,SKYAVN,2024-09-25,25.0,,,25.0,1000,2026-04-08T04:19:40.096992+00:00
235715,SKYAVN,2024-09-26,25.0,,,25.0,625,2026-04-08T04:19:42.676048+00:00
235833,SKYAVN,2024-09-27,25.0,,,25.0,2788,2026-04-08T04:19:45.342636+00:00
235951,SKYAVN,2024-09-30,25.0,,,25.0,54330,2026-04-08T04:19:50.223917+00:00
236069,SKYAVN,2024-10-02,25.0,,,25.0,10350,2026-04-08T04:19:53.821423+00:00
236187,SKYAVN,2024-10-03,25.0,,,25.0,1251,2026-04-08T04:19:56.203135+00:00
236305,SKYAVN,2024-10-04,25.0,,,25.0,25581,2026-04-08T04:19:58.634737+00:00
236423,SKYAVN,2024-10-07,25.0,,,25.0,1280,2026-04-08T04:20:03.05432+00:00
236541,SKYAVN,2024-10-08,25.0,,,25.0,16054,2026-04-08T04:20:05.535519+00:00
236659,SKYAVN,2024-10-10,25.0,,,25.0,52000,2026-04-08T04:20:08.855054+00:00
236777,SKYAVN,2024-10-11,25.0,,,25.0,0,2026-04-08T04:20:11.460237+00:00
236896,SKYAVN,2024-10-14,25.0,,,25.0,15715,2026-04-08T04:20:16.284622+00:00
237015,SKYAVN,2024-10-15,25.0,,,25.0,9116,2026-04-08T04:20:18.84933+00:00
237134,SKYAVN,2024-10-17,25.0,,,25.0,65,2026-04-08T04:20:23.389134+00:00
237253,SKYAVN,2024-10-18,25.0,,,25.0,7575,2026-04-08T04:20:26.17489+00:00
237372,SKYAVN,2024-10-21,25.0,,,25.0,173,2026-04-08T04:20:30.541886+00:00
237491,SKYAVN,2024-10-22,25.0,,,25.0,20985,2026-04-08T04:20:32.890604+00:00
237610,SKYAVN,2024-10-23,25.0,,,25.0,1055,2026-04-08T04:20:35.186729+00:00
237729,SKYAVN,2024-10-24,25.0,,,25.0,927,2026-04-08T04:20:37.740613+00:00
237848,SKYAVN,2024-10-25,25.0,,,25.0,2575,2026-04-08T04:20:40.222387+00:00
237967,SKYAVN,2024-10-28,25.0,,,25.0,11300,2026-04-08T04:20:44.742576+00:00
238086,SKYAVN,2024-10-29,25.0,,,25.0,3163,2026-04-08T04:20:47.136244+00:00
238205,SKYAVN,2024-10-30,27.5,,,27.5,686209,2026-04-08T04:20:49.405969+00:00
238324,SKYAVN,2024-10-31,27.5,,,27.5,26425,2026-04-08T04:20:51.756515+00:00
238443,SKYAVN,2024-11-01,27.5,,,27.5,5685,2026-04-08T04:20:54.1075+00:00
238562,SKYAVN,2024-11-04,27.5,,,27.5,104824,2026-04-08T04:20:58.471072+00:00
238681,SKYAVN,2024-11-05,27.5,,,27.5,79255,2026-04-08T04:21:01.00344+00:00
238800,SKYAVN,2024-11-06,27.5,,,27.5,24015,2026-04-08T04:21:03.585377+00:00
238919,SKYAVN,2024-11-07,27.5,,,27.5,36743,2026-04-08T04:21:06.256351+00:00
239038,SKYAVN,2024-11-08,27.5,,,27.5,73707,2026-04-08T04:21:08.623134+00:00
239157,SKYAVN,2024-11-11,27.5,,,27.5,358448,2026-04-08T04:21:12.782875+00:00
239276,SKYAVN,2024-11-12,27.5,,,27.5,205413,2026-04-08T04:21:15.417322+00:00
239395,SKYAVN,2024-11-13,26.0,,,26.0,351191,2026-04-08T04:21:17.790166+00:00
239514,SKYAVN,2024-11-14,26.0,,,26.0,129499,2026-04-08T04:21:20.354873+00:00
239633,SKYAVN,2024-11-15,26.0,,,26.0,73947,2026-04-08T04:21:22.90937+00:00
239752,SKYAVN,2024-11-18,26.0,,,26.0,77120,2026-04-08T04:21:27.576358+00:00
239871,SKYAVN,2024-11-19,26.0,,,26.0,94845,2026-04-08T04:21:29.868433+00:00
239990,SKYAVN,2024-11-20,26.0,,,26.0,73763,2026-04-08T04:21:32.433299+00:00
240109,SKYAVN,2024-11-21,26.0,,,26.0,74150,2026-04-08T04:21:34.755564+00:00
240228,SKYAVN,2024-11-22,26.0,,,26.0,172133,2026-04-08T04:21:37.514754+00:00
240347,SKYAVN,2024-11-25,26.0,,,26.0,25815,2026-04-08T04:21:41.818387+00:00
240466,SKYAVN,2024-11-26,26.0,,,26.0,24400,2026-04-08T04:21:44.163824+00:00
240585,SKYAVN,2024-11-27,26.0,,,26.0,120429,2026-04-08T04:21:46.720727+00:00
240704,SKYAVN,2024-11-28,26.0,,,26.0,54000,2026-04-08T04:21:49.110263+00:00
240823,SKYAVN,2024-12-02,26.0,,,26.0,59212,2026-04-08T04:21:54.88401+00:00
240942,SKYAVN,2024-12-03,26.0,,,26.0,22971,2026-04-08T04:21:57.640504+00:00
241061,SKYAVN,2024-12-04,26.0,,,26.0,70480,2026-04-08T04:21:59.930228+00:00
241180,SKYAVN,2024-12-06,26.0,,,26.0,111256,2026-04-08T04:22:03.392712+00:00
241299,SKYAVN,2024-12-09,26.0,,,26.0,207582,2026-04-08T04:22:07.745808+00:00
241418,SKYAVN,2024-12-10,26.0,,,26.0,5570,2026-04-08T04:22:10.112253+00:00
241537,SKYAVN,2024-12-11,26.0,,,26.0,6020,2026-04-08T04:22:12.639548+00:00
241656,SKYAVN,2024-12-12,26.0,,,26.0,42000,2026-04-08T04:22:15.033357+00:00
241775,SKYAVN,2024-12-13,26.0,,,26.0,105898,2026-04-08T04:22:17.509919+00:00
241894,SKYAVN,2024-12-16,26.0,,,26.0,88155,2026-04-08T04:22:22.499781+00:00
242013,SKYAVN,2024-12-17,26.0,,,26.0,16795,2026-04-08T04:22:24.995572+00:00
242132,SKYAVN,2024-12-18,26.0,,,26.0,40689,2026-04-08T04:22:27.498126+00:00
242251,SKYAVN,2024-12-19,27.95,,,27.95,147434,2026-04-08T04:22:29.868083+00:00
242370,SKYAVN,2024-12-20,27.95,,,27.95,116730,2026-04-08T04:22:32.392508+00:00
242489,SKYAVN,2024-12-23,27.95,,,27.95,30373,2026-04-08T04:22:36.740311+00:00
242608,SKYAVN,2024-12-24,30.7,,,30.7,111637,2026-04-08T04:22:39.25804+00:00
242727,SKYAVN,2024-12-27,33.75,,,33.75,199550,2026-04-08T04:22:43.946119+00:00
242845,SKYAVN,2024-12-31,33.45,,,33.45,22149292,2026-04-08T04:22:48.665239+00:00
242963,SKYAVN,2025-01-02,33.45,,,33.45,27159,2026-04-08T04:22:52.256438+00:00
243081,SKYAVN,2025-01-03,33.45,,,33.45,745118,2026-04-08T04:22:55.101113+00:00
243199,SKYAVN,2025-01-06,33.45,,,33.45,21925,2026-04-08T04:23:00.046313+00:00
243317,SKYAVN,2025-01-07,33.45,,,33.45,65587,2026-04-08T04:23:02.329348+00:00
243435,SKYAVN,2025-01-08,33.45,,,33.45,85167,2026-04-08T04:23:04.632968+00:00
243553,SKYAVN,2025-01-09,33.45,,,33.45,25472,2026-04-08T04:23:06.908261+00:00
243671,SKYAVN,2025-01-10,30.15,,,30.15,394504,2026-04-08T04:23:09.304805+00:00
243789,SKYAVN,2025-01-13,30.15,,,30.15,329657,2026-04-08T04:23:13.790041+00:00
243907,SKYAVN,2025-01-14,30.15,,,30.15,640303,2026-04-08T04:23:16.129929+00:00
244025,SKYAVN,2025-01-15,33.15,,,33.15,218170,2026-04-08T04:23:18.535433+00:00
244143,SKYAVN,2025-01-16,33.15,,,33.15,201793,2026-04-08T04:23:20.834867+00:00
244261,SKYAVN,2025-01-17,33.15,,,33.15,138195,2026-04-08T04:23:23.141674+00:00
244379,SKYAVN,2025-01-20,33.15,,,33.15,55930,2026-04-08T04:23:27.482452+00:00
244497,SKYAVN,2025-01-21,33.15,,,33.15,100615,2026-04-08T04:23:29.752731+00:00
244615,SKYAVN,2025-01-22,33.15,,,33.15,203063,2026-04-08T04:23:32.235559+00:00
244733,SKYAVN,2025-01-23,33.15,,,33.15,3912,2026-04-08T04:23:34.519549+00:00
244851,SKYAVN,2025-01-24,33.15,,,33.15,25066,2026-04-08T04:23:37.097992+00:00
244969,SKYAVN,2025-01-27,36.4,,,36.4,493730,2026-04-08T04:23:41.817807+00:00
245087,SKYAVN,2025-01-28,36.4,,,36.4,58123,2026-04-08T04:23:44.43679+00:00
245205,SKYAVN,2025-01-30,40.0,,,40.0,62164,2026-04-08T04:23:47.90788+00:00
245323,SKYAVN,2025-01-31,40.0,,,40.0,62164,2026-04-08T04:23:50.425841+00:00
245441,SKYAVN,2025-02-03,40.0,,,40.0,8272,2026-04-08T04:23:55.090801+00:00
245559,SKYAVN,2025-02-04,40.0,,,40.0,47543,2026-04-08T04:23:57.584141+00:00
245677,SKYAVN,2025-02-05,40.0,,,40.0,58881,2026-04-08T04:24:00.484627+00:00
245795,SKYAVN,2025-02-06,43.5,,,43.5,430353,2026-04-08T04:24:04.153698+00:00
245913,SKYAVN,2025-02-07,43.5,,,43.5,156493,2026-04-08T04:24:07.822728+00:00
246031,SKYAVN,2025-02-10,46.8,,,46.8,155001,2026-04-08T04:24:13.163899+00:00
246149,SKYAVN,2025-02-11,46.5,,,46.5,1685775,2026-04-08T04:24:15.629092+00:00
246267,SKYAVN,2025-02-12,46.5,,,46.5,328927,2026-04-08T04:24:18.226035+00:00
246385,SKYAVN,2025-02-13,46.5,,,46.5,111472,2026-04-08T04:24:20.725749+00:00
246503,SKYAVN,2025-02-14,46.5,,,46.5,188592,2026-04-08T04:24:23.300806+00:00
246621,SKYAVN,2025-02-17,46.5,,,46.5,96213,2026-04-08T04:24:27.726986+00:00
246739,SKYAVN,2025-02-18,46.5,,,46.5,18092,2026-04-08T04:24:30.295737+00:00
246857,SKYAVN,2025-02-19,46.5,,,46.5,4688,2026-04-08T04:24:32.765887+00:00
246975,SKYAVN,2025-02-20,46.5,,,46.5,66810,2026-04-08T04:24:35.351909+00:00
247093,SKYAVN,2025-02-21,46.5,,,46.5,33002,2026-04-08T04:24:37.680479+00:00
247211,SKYAVN,2025-02-25,46.5,,,46.5,24773,2026-04-08T04:24:43.419296+00:00
247329,SKYAVN,2025-02-26,46.5,,,46.5,8422,2026-04-08T04:24:45.860894+00:00
247447,SKYAVN,2025-02-27,46.5,,,46.5,5013,2026-04-08T04:24:48.27846+00:00
247565,SKYAVN,2025-02-28,46.5,,,46.5,8466,2026-04-08T04:24:50.63724+00:00
247683,SKYAVN,2025-03-03,46.5,,,46.5,6262,2026-04-08T04:24:55.222854+00:00
247801,SKYAVN,2025-03-04,46.5,,,46.5,9638,2026-04-08T04:24:57.762887+00:00
247920,SKYAVN,2025-03-05,46.5,,,46.5,1552,2026-04-08T04:25:00.108696+00:00
248039,SKYAVN,2025-03-06,46.5,,,46.5,521,2026-04-08T04:25:02.52336+00:00
248158,SKYAVN,2025-03-07,46.5,,,46.5,149956,2026-04-08T04:25:04.19753+00:00
248277,SKYAVN,2025-03-10,46.5,,,46.5,21475,2026-04-08T04:25:07.959889+00:00
248396,SKYAVN,2025-03-11,46.5,,,46.5,12350,2026-04-08T04:25:10.446731+00:00
248515,SKYAVN,2025-03-12,46.5,,,46.5,219685,2026-04-08T04:25:12.888859+00:00
248634,SKYAVN,2025-03-13,46.5,,,46.5,4465,2026-04-08T04:25:15.353849+00:00
248753,SKYAVN,2025-03-14,46.5,,,46.5,2170,2026-04-08T04:25:17.75152+00:00
248872,SKYAVN,2025-03-17,46.5,,,46.5,15655,2026-04-08T04:25:23.327657+00:00
248991,SKYAVN,2025-03-18,46.5,,,46.5,13048,2026-04-08T04:25:25.763099+00:00
249110,SKYAVN,2025-03-19,46.5,,,46.5,10048,2026-04-08T04:25:28.144043+00:00
249229,SKYAVN,2025-03-20,46.5,,,46.5,700,2026-04-08T04:25:31.01834+00:00
249348,SKYAVN,2025-03-21,46.5,,,46.5,1005,2026-04-08T04:25:33.389958+00:00
249467,SKYAVN,2025-03-24,46.5,,,46.5,19276,2026-04-08T04:25:38.388993+00:00
249586,SKYAVN,2025-03-25,46.5,,,46.5,0,2026-04-08T04:25:40.7685+00:00
249705,SKYAVN,2025-03-26,46.5,,,46.5,900,2026-04-08T04:25:43.344812+00:00
249824,SKYAVN,2025-03-27,46.5,,,46.5,4069,2026-04-08T04:25:45.817232+00:00
249943,SKYAVN,2025-03-28,46.5,,,46.5,5400,2026-04-08T04:25:48.177352+00:00
250062,SKYAVN,2025-04-02,46.5,,,46.5,33649,2026-04-08T04:25:54.663823+00:00
250181,SKYAVN,2025-04-03,46.5,,,46.5,1307,2026-04-08T04:25:57.014747+00:00
250300,SKYAVN,2025-04-04,46.5,,,46.5,3200,2026-04-08T04:25:59.489503+00:00
250419,SKYAVN,2025-04-07,46.5,,,46.5,6465,2026-04-08T04:26:04.211964+00:00
250538,SKYAVN,2025-04-08,46.5,,,46.5,8634,2026-04-08T04:26:06.766331+00:00
250657,SKYAVN,2025-04-10,46.5,,,46.5,1096,2026-04-08T04:26:10.263658+00:00
250776,SKYAVN,2025-04-11,46.5,,,46.5,10002,2026-04-08T04:26:12.610372+00:00
250895,SKYAVN,2025-04-14,46.5,,,46.5,1400,2026-04-08T04:26:17.137975+00:00
251014,SKYAVN,2025-04-15,46.5,,,46.5,10271,2026-04-08T04:26:19.634971+00:00
251133,SKYAVN,2025-04-16,46.5,,,46.5,1103,2026-04-08T04:26:22.321337+00:00
251252,SKYAVN,2025-04-17,46.5,,,46.5,4700,2026-04-08T04:26:24.819431+00:00
251371,SKYAVN,2025-04-22,46.5,,,46.5,145598,2026-04-08T04:26:31.401152+00:00
251490,SKYAVN,2025-04-23,46.5,,,46.5,5392,2026-04-08T04:26:33.741411+00:00
251610,SKYAVN,2025-04-24,46.5,,,46.5,485,2026-04-08T04:26:36.383131+00:00
251730,SKYAVN,2025-04-25,46.5,,,46.5,2650,2026-04-08T04:26:38.677219+00:00
251850,SKYAVN,2025-04-28,46.5,,,46.5,1399,2026-04-08T04:26:43.113614+00:00
251970,SKYAVN,2025-04-29,46.5,,,46.5,52,2026-04-08T04:26:45.609073+00:00
252090,SKYAVN,2025-04-30,46.5,,,46.5,5000,2026-04-08T04:26:48.242472+00:00
252210,SKYAVN,2025-05-02,46.5,,,46.5,1596967,2026-04-08T04:26:51.690529+00:00
252330,SKYAVN,2025-05-05,46.5,,,46.5,9314,2026-04-08T04:26:56.275381+00:00
252450,SKYAVN,2025-05-06,50.4,,,50.4,934228,2026-04-08T04:26:58.7221+00:00
252570,SKYAVN,2025-05-07,55.4,,,55.4,522355,2026-04-08T04:27:01.170235+00:00
252690,SKYAVN,2025-05-08,60.5,,,60.5,1347934,2026-04-08T04:27:03.468055+00:00
252810,SKYAVN,2025-05-09,60.5,,,60.5,517607,2026-04-08T04:27:05.963213+00:00
252930,SKYAVN,2025-05-12,60.5,,,60.5,176170,2026-04-08T04:27:10.449459+00:00
253050,SKYAVN,2025-05-14,60.5,,,60.5,31397,2026-04-08T04:27:13.89162+00:00
253170,SKYAVN,2025-05-15,66.4,,,66.4,579357,2026-04-08T04:27:16.307455+00:00
253290,SKYAVN,2025-05-16,66.4,,,66.4,378756,2026-04-08T04:27:18.639316+00:00
253410,SKYAVN,2025-05-19,66.4,,,66.4,65083,2026-04-08T04:27:23.06518+00:00
253530,SKYAVN,2025-05-20,66.4,,,66.4,65083,2026-04-08T04:27:25.663956+00:00
253650,SKYAVN,2025-05-21,66.4,,,66.4,92101,2026-04-08T04:27:28.280255+00:00
253770,SKYAVN,2025-05-22,66.4,,,66.4,177598,2026-04-08T04:27:30.733393+00:00
253890,SKYAVN,2025-05-23,66.4,,,66.4,33609,2026-04-08T04:27:33.142895+00:00
254010,SKYAVN,2025-05-26,66.4,,,66.4,34905,2026-04-08T04:27:37.938794+00:00
254130,SKYAVN,2025-05-27,66.4,,,66.4,60943,2026-04-08T04:27:40.395447+00:00
254250,SKYAVN,2025-05-28,59.8,,,59.8,289282,2026-04-08T04:27:42.906627+00:00
254370,SKYAVN,2025-05-29,59.8,,,59.8,1347796,2026-04-08T04:27:45.903166+00:00
254490,SKYAVN,2025-05-30,59.0,,,59.0,673870,2026-04-08T04:27:48.4452+00:00
254610,SKYAVN,2025-06-02,58.4,,,58.4,106259,2026-04-08T04:27:53.01382+00:00
254730,SKYAVN,2025-06-03,58.4,,,58.4,103534,2026-04-08T04:27:55.368454+00:00
254850,SKYAVN,2025-06-04,58.4,,,58.4,261310,2026-04-08T04:27:57.94541+00:00
254970,SKYAVN,2025-06-05,58.4,,,58.4,39015,2026-04-08T04:28:00.320696+00:00
255090,SKYAVN,2025-06-10,58.4,,,58.4,72342,2026-04-08T04:28:07.114795+00:00
255210,SKYAVN,2025-06-11,58.4,,,58.4,93557,2026-04-08T04:28:09.38594+00:00
255330,SKYAVN,2025-06-17,63.0,,,63.0,216616,2026-04-08T04:28:17.228975+00:00
255450,SKYAVN,2025-06-18,63.0,,,63.0,220499,2026-04-08T04:28:19.70912+00:00
255570,SKYAVN,2025-06-19,63.0,,,63.0,85342,2026-04-08T04:28:22.276816+00:00
255690,SKYAVN,2025-06-20,63.0,,,63.0,38224,2026-04-08T04:28:24.65394+00:00
255810,SKYAVN,2025-06-23,64.7,,,64.7,324094,2026-04-08T04:28:29.225711+00:00
255930,SKYAVN,2025-06-24,67.9,,,67.9,467184,2026-04-08T04:28:31.569579+00:00
256050,SKYAVN,2025-06-25,74.45,,,74.45,1076783,2026-04-08T04:28:33.910697+00:00
256170,SKYAVN,2025-06-26,72.95,,,72.95,1066189,2026-04-08T04:28:36.389223+00:00
256290,SKYAVN,2025-06-27,72.95,,,72.95,24404,2026-04-08T04:28:38.797599+00:00
256410,SKYAVN,2025-07-01,72.95,,,72.95,68518,2026-04-08T04:28:44.517216+00:00
256530,SKYAVN,2025-07-02,72.45,,,72.45,697775,2026-04-08T04:28:47.139962+00:00
256650,SKYAVN,2025-07-03,76.0,,,76.0,365652,2026-04-08T04:28:49.506141+00:00
256770,SKYAVN,2025-07-04,76.0,,,76.0,1092188,2026-04-08T04:28:51.76506+00:00
256890,SKYAVN,2025-07-07,76.0,,,76.0,14662,2026-04-08T04:28:56.230166+00:00
257010,SKYAVN,2025-07-08,81.9,,,81.9,702368,2026-04-08T04:28:58.705995+00:00
257130,SKYAVN,2025-07-09,81.9,,,81.9,344007,2026-04-08T04:29:01.058721+00:00
257250,SKYAVN,2025-07-10,81.9,,,81.9,214810,2026-04-08T04:29:03.550316+00:00
257370,SKYAVN,2025-07-11,81.9,,,81.9,147415,2026-04-08T04:29:06.089999+00:00
257490,SKYAVN,2025-07-14,81.9,,,81.9,83940,2026-04-08T04:29:10.69196+00:00
257610,SKYAVN,2025-07-16,81.9,,,81.9,43973,2026-04-08T04:29:14.112969+00:00
257730,SKYAVN,2025-07-17,81.9,,,81.9,127710,2026-04-08T04:29:16.489777+00:00
257850,SKYAVN,2025-07-18,81.9,,,81.9,45816,2026-04-08T04:29:18.854517+00:00
257970,SKYAVN,2025-07-21,81.9,,,81.9,60560,2026-04-08T04:29:23.300994+00:00
258090,SKYAVN,2025-07-22,81.9,,,81.9,16787,2026-04-08T04:29:25.922592+00:00
258210,SKYAVN,2025-07-23,81.9,,,81.9,234169,2026-04-08T04:29:29.05968+00:00
258330,SKYAVN,2025-07-24,81.9,,,81.9,36155,2026-04-08T04:29:31.486978+00:00
258450,SKYAVN,2025-07-25,81.9,,,81.9,175635,2026-04-08T04:29:33.980938+00:00
258569,SKYAVN,2025-07-28,81.9,,,81.9,91440,2026-04-08T04:29:38.78621+00:00
258688,SKYAVN,2025-07-29,81.9,,,81.9,61444,2026-04-08T04:29:41.392621+00:00
258807,SKYAVN,2025-07-30,81.9,,,81.9,299591,2026-04-08T04:29:43.881641+00:00
258926,SKYAVN,2025-07-31,90.05,,,90.05,2660690,2026-04-08T04:29:46.315218+00:00
259045,SKYAVN,2025-08-01,90.05,,,90.05,168497,2026-04-08T04:29:48.711654+00:00
259163,SKYAVN,2025-08-04,90.05,,,90.05,113540,2026-04-08T04:29:53.303607+00:00
259282,SKYAVN,2025-08-05,90.05,,,90.05,227045,2026-04-08T04:29:55.780422+00:00
259401,SKYAVN,2025-08-06,90.05,,,90.05,82287,2026-04-08T04:29:58.241852+00:00
259520,SKYAVN,2025-08-07,90.05,,,90.05,99180,2026-04-08T04:30:00.56444+00:00
259639,SKYAVN,2025-08-08,90.05,,,90.05,232629,2026-04-08T04:30:02.234883+00:00
259758,SKYAVN,2025-08-11,90.05,,,90.05,494002,2026-04-08T04:30:07.037349+00:00
259877,SKYAVN,2025-08-12,90.05,,,90.05,93287,2026-04-08T04:30:09.28323+00:00
259996,SKYAVN,2025-08-13,90.05,,,90.05,16462,2026-04-08T04:30:11.815521+00:00
260115,SKYAVN,2025-08-14,90.05,,,90.05,191735,2026-04-08T04:30:14.350221+00:00
260234,SKYAVN,2025-08-15,90.05,,,90.05,113012,2026-04-08T04:30:16.786076+00:00
260353,SKYAVN,2025-08-18,90.05,,,90.05,48336,2026-04-08T04:30:21.560319+00:00
260472,SKYAVN,2025-08-19,90.05,,,90.05,72406,2026-04-08T04:30:23.869462+00:00
260591,SKYAVN,2025-08-20,90.05,,,90.05,37365,2026-04-08T04:30:26.318672+00:00
260710,SKYAVN,2025-08-21,90.05,,,90.05,111126,2026-04-08T04:30:28.670378+00:00
260829,SKYAVN,2025-08-22,90.05,,,90.05,16407,2026-04-08T04:30:30.96965+00:00
260948,SKYAVN,2025-08-25,90.05,,,90.05,22619,2026-04-08T04:30:35.521871+00:00
261067,SKYAVN,2025-08-26,90.05,,,90.05,35138,2026-04-08T04:30:37.91594+00:00
261186,SKYAVN,2025-08-27,90.05,,,90.05,30561,2026-04-08T04:30:40.231113+00:00
261305,SKYAVN,2025-08-28,90.05,,,90.05,8239,2026-04-08T04:30:42.59826+00:00
261424,SKYAVN,2025-08-29,90.05,,,90.05,8730,2026-04-08T04:30:45.09102+00:00
261543,SKYAVN,2025-09-01,90.05,,,90.05,43424,2026-04-08T04:30:49.608802+00:00
261662,SKYAVN,2025-09-02,90.05,,,90.05,14716,2026-04-08T04:30:52.312491+00:00
261781,SKYAVN,2025-09-03,90.05,,,90.05,17785,2026-04-08T04:30:55.837007+00:00
261900,SKYAVN,2025-09-04,90.05,,,90.05,50861,2026-04-08T04:30:58.198935+00:00
262019,SKYAVN,2025-09-08,90.05,,,90.05,20858,2026-04-08T04:31:03.728068+00:00
262138,SKYAVN,2025-09-09,90.05,,,90.05,24932,2026-04-08T04:31:06.294869+00:00
262257,SKYAVN,2025-09-10,90.05,,,90.05,39723,2026-04-08T04:31:08.610575+00:00
262376,SKYAVN,2025-09-11,90.05,,,90.05,11790,2026-04-08T04:31:10.974873+00:00
262495,SKYAVN,2025-09-12,90.05,,,90.05,84350,2026-04-08T04:31:13.547359+00:00
262614,SKYAVN,2025-09-15,90.05,,,90.05,55667,2026-04-08T04:31:18.268622+00:00
262733,SKYAVN,2025-09-16,90.05,,,90.05,53614,2026-04-08T04:31:20.741189+00:00
262852,SKYAVN,2025-09-17,90.05,,,90.05,95143,2026-04-08T04:31:23.24235+00:00
262971,SKYAVN,2025-09-18,90.05,,,90.05,82948,2026-04-08T04:31:25.598019+00:00
263090,SKYAVN,2025-09-19,90.05,,,90.05,38990,2026-04-08T04:31:28.111008+00:00
263209,SKYAVN,2025-09-22,90.05,,,90.05,19624,2026-04-08T04:31:32.624882+00:00
263328,SKYAVN,2025-09-23,90.05,,,90.05,34776,2026-04-08T04:31:35.170326+00:00
263447,SKYAVN,2025-09-24,90.05,,,90.05,59039,2026-04-08T04:31:37.673105+00:00
263566,SKYAVN,2025-09-25,90.05,,,90.05,80554,2026-04-08T04:31:40.100841+00:00
263685,SKYAVN,2025-09-26,90.05,,,90.05,11540,2026-04-08T04:31:42.548783+00:00
263804,SKYAVN,2025-09-29,90.05,,,90.05,105851,2026-04-08T04:31:47.029675+00:00
263923,SKYAVN,2025-09-30,90.05,,,90.05,9602,2026-04-08T04:31:49.320364+00:00
264042,SKYAVN,2025-10-02,90.05,,,90.05,102147,2026-04-08T04:31:52.706523+00:00
264161,SKYAVN,2025-10-03,90.05,,,90.05,149735,2026-04-08T04:31:55.311341+00:00
264280,SKYAVN,2025-10-06,90.05,,,90.05,352438,2026-04-08T04:31:59.803196+00:00
264399,SKYAVN,2025-10-07,90.05,,,90.05,62154,2026-04-08T04:32:02.285104+00:00
264518,SKYAVN,2025-10-08,90.05,,,90.05,10514,2026-04-08T04:32:04.646463+00:00
264637,SKYAVN,2025-10-09,90.05,,,90.05,298361,2026-04-08T04:32:07.004133+00:00
264756,SKYAVN,2025-10-10,90.05,,,90.05,36380,2026-04-08T04:32:10.69692+00:00
264875,SKYAVN,2025-10-13,90.05,,,90.05,56532,2026-04-08T04:32:15.267586+00:00
264994,SKYAVN,2025-10-14,90.05,,,90.05,27620,2026-04-08T04:32:17.792097+00:00
265113,SKYAVN,2025-10-15,90.05,,,90.05,11271,2026-04-08T04:32:20.093513+00:00
265232,SKYAVN,2025-10-16,90.05,,,90.05,1537,2026-04-08T04:32:22.728593+00:00
265351,SKYAVN,2025-10-17,90.05,,,90.05,16956,2026-04-08T04:32:25.167177+00:00
265470,SKYAVN,2025-10-20,90.05,,,90.05,50670,2026-04-08T04:32:29.532096+00:00
265589,SKYAVN,2025-10-21,90.05,,,90.05,324709,2026-04-08T04:32:31.920152+00:00
265708,SKYAVN,2025-10-22,99.05,,,99.05,250915,2026-04-08T04:32:34.332447+00:00
265827,SKYAVN,2025-10-23,99.5,,,99.5,463613,2026-04-08T04:32:36.79914+00:00
265946,SKYAVN,2025-10-24,99.5,,,99.5,298990,2026-04-08T04:32:39.249323+00:00
266065,SKYAVN,2025-10-28,99.5,,,99.5,15724,2026-04-08T04:32:44.921336+00:00
266184,SKYAVN,2025-10-29,99.5,,,99.5,207552,2026-04-08T04:32:47.450266+00:00
266303,SKYAVN,2025-10-30,99.5,,,99.5,190772,2026-04-08T04:32:49.91761+00:00
266422,SKYAVN,2025-10-31,99.5,,,99.5,44318,2026-04-08T04:32:52.375955+00:00
266541,SKYAVN,2025-11-03,99.5,,,99.5,115546,2026-04-08T04:32:57.290654+00:00
266660,SKYAVN,2025-11-04,89.55,,,89.55,363130,2026-04-08T04:32:59.739678+00:00
266779,SKYAVN,2025-11-05,80.6,,,80.6,1021426,2026-04-08T04:33:02.152799+00:00
266898,SKYAVN,2025-11-06,80.6,,,80.6,228837,2026-04-08T04:33:04.646202+00:00
267017,SKYAVN,2025-11-07,80.6,,,80.6,66846,2026-04-08T04:33:07.145499+00:00
267136,SKYAVN,2025-11-10,80.6,,,80.6,141843,2026-04-08T04:33:11.744122+00:00
267255,SKYAVN,2025-11-11,80.6,,,80.6,50544,2026-04-08T04:33:14.17228+00:00
267374,SKYAVN,2025-11-12,80.6,,,80.6,220818,2026-04-08T04:33:16.719178+00:00
267493,SKYAVN,2025-11-13,80.6,,,80.6,22156,2026-04-08T04:33:19.052814+00:00
267612,SKYAVN,2025-11-14,80.6,,,80.6,179702,2026-04-08T04:33:21.762061+00:00
267731,SKYAVN,2025-11-17,80.6,,,80.6,133529,2026-04-08T04:33:26.271116+00:00
267850,SKYAVN,2025-11-18,80.6,,,80.6,15904,2026-04-08T04:33:29.067053+00:00
267969,SKYAVN,2025-11-19,80.6,,,80.6,50883,2026-04-08T04:33:31.487527+00:00
268088,SKYAVN,2025-11-20,80.6,,,80.6,131019,2026-04-08T04:33:33.887172+00:00
268207,SKYAVN,2025-11-21,80.6,,,80.6,156040,2026-04-08T04:33:36.654129+00:00
268326,SKYAVN,2025-11-24,80.6,,,80.6,331787,2026-04-08T04:33:41.368891+00:00
268445,SKYAVN,2025-11-25,80.6,,,80.6,18725,2026-04-08T04:33:44.004166+00:00
268564,SKYAVN,2025-11-26,80.6,,,80.6,15881,2026-04-08T04:33:46.260048+00:00
268683,SKYAVN,2025-11-27,80.6,,,80.6,10899,2026-04-08T04:33:48.488035+00:00
268802,SKYAVN,2025-11-28,80.6,,,80.6,3456,2026-04-08T04:33:50.826192+00:00
268921,SKYAVN,2025-12-01,80.6,,,80.6,35952,2026-04-08T04:33:55.236541+00:00
269040,SKYAVN,2025-12-02,80.6,,,80.6,28829,2026-04-08T04:33:57.748335+00:00
269159,SKYAVN,2025-12-03,88.45,,,88.45,162801,2026-04-08T04:34:00.349419+00:00
269278,SKYAVN,2025-12-04,88.45,,,88.45,12156,2026-04-08T04:34:03.142475+00:00
269397,SKYAVN,2025-12-05,88.45,,,88.45,23355,2026-04-08T04:34:05.808951+00:00
269516,SKYAVN,2025-12-08,88.45,,,88.45,45927,2026-04-08T04:34:10.334331+00:00
269635,SKYAVN,2025-12-09,88.45,,,88.45,5193,2026-04-08T04:34:12.926221+00:00
269754,SKYAVN,2025-12-10,88.45,,,88.45,5847,2026-04-08T04:34:15.295879+00:00
269873,SKYAVN,2025-12-11,88.45,,,88.45,8680,2026-04-08T04:34:17.804745+00:00
269992,SKYAVN,2025-12-12,88.45,,,88.45,18187,2026-04-08T04:34:20.615101+00:00
270111,SKYAVN,2025-12-15,88.45,,,88.45,207666,2026-04-08T04:34:25.240467+00:00
270230,SKYAVN,2025-12-16,88.45,,,88.45,9679,2026-04-08T04:34:27.867795+00:00
270349,SKYAVN,2025-12-18,88.45,,,88.45,27052,2026-04-08T04:34:31.321522+00:00
270468,SKYAVN,2025-12-19,88.45,,,88.45,55698,2026-04-08T04:34:33.771022+00:00
270587,SKYAVN,2025-12-22,88.45,,,88.45,2318,2026-04-08T04:34:38.115277+00:00
270706,SKYAVN,2025-12-23,88.45,,,88.45,58341,2026-04-08T04:34:40.661369+00:00
270825,SKYAVN,2025-12-24,88.45,,,88.45,99287,2026-04-08T04:34:43.221402+00:00
270944,SKYAVN,2025-12-29,88.45,,,88.45,354157,2026-04-08T04:34:48.902152+00:00
271063,SKYAVN,2025-12-30,88.45,,,88.45,37486,2026-04-08T04:34:51.359097+00:00
271182,SKYAVN,2025-12-31,88.45,,,88.45,16206,2026-04-08T04:34:53.061316+00:00
271301,SKYAVN,2026-01-02,88.45,,,88.45,24890,2026-04-08T04:34:56.467348+00:00
271420,SKYAVN,2026-01-05,88.45,,,88.45,37531,2026-04-08T04:35:01.008466+00:00
271539,SKYAVN,2026-01-06,88.45,,,88.45,79377,2026-04-08T04:35:03.366972+00:00
271658,SKYAVN,2026-01-07,88.45,,,88.45,110897,2026-04-08T04:35:05.819661+00:00
271777,SKYAVN,2026-01-08,88.45,,,88.45,982973,2026-04-08T04:35:08.163488+00:00
271896,SKYAVN,2026-01-09,88.45,,,88.45,210525,2026-04-08T04:35:10.591402+00:00
272015,SKYAVN,2026-01-12,88.45,,,88.45,419965,2026-04-08T04:35:15.220756+00:00
272134,SKYAVN,2026-01-13,88.45,,,88.45,824168,2026-04-08T04:35:17.864544+00:00
272253,SKYAVN,2026-01-14,88.45,,,88.45,837723,2026-04-08T04:35:20.278959+00:00
272372,SKYAVN,2026-01-15,88.45,,,88.45,645892,2026-04-08T04:35:23.159853+00:00
272491,SKYAVN,2026-01-16,88.45,,,88.45,416770,2026-04-08T04:35:25.571119+00:00
272610,SKYAVN,2026-01-19,88.45,,,88.45,495095,2026-04-08T04:35:30.272746+00:00
272729,SKYAVN,2026-01-20,96.2,,,96.2,269103,2026-04-08T04:35:32.536083+00:00
272849,SKYAVN,2026-01-21,96.2,,,96.2,134310,2026-04-08T04:35:34.90344+00:00
272969,SKYAVN,2026-01-22,96.2,,,96.2,372195,2026-04-08T04:35:36.566163+00:00
273089,SKYAVN,2026-01-23,99.95,,,99.95,849677,2026-04-08T04:35:38.92405+00:00
273209,SKYAVN,2026-01-26,109.8,,,109.8,932217,2026-04-08T04:35:43.383975+00:00
273329,SKYAVN,2026-01-27,117.0,,,117.0,677879,2026-04-08T04:35:45.70946+00:00
273449,SKYAVN,2026-01-28,128.6,,,128.6,819424,2026-04-08T04:35:48.193808+00:00
273569,SKYAVN,2026-01-29,128.6,,,128.6,80061,2026-04-08T04:35:50.479528+00:00
273689,SKYAVN,2026-01-30,128.6,,,128.6,722020,2026-04-08T04:35:52.855058+00:00
273809,SKYAVN,2026-02-02,128.6,,,128.6,132081,2026-04-08T04:35:57.524813+00:00
273929,SKYAVN,2026-02-03,128.6,,,128.6,93574,2026-04-08T04:36:00.137559+00:00
274049,SKYAVN,2026-02-04,138.9,,,138.9,599391,2026-04-08T04:36:02.592569+00:00
274169,SKYAVN,2026-02-05,138.9,,,138.9,75667,2026-04-08T04:36:04.997535+00:00
274289,SKYAVN,2026-02-06,152.7,,,152.7,1858640,2026-04-08T04:36:07.533957+00:00
82,SKYAVN,2026-02-08,,,,152.7,1858640,2026-02-08T00:18:13.946+00:00
274409,SKYAVN,2026-02-09,164.95,,,164.95,1224910,2026-04-08T04:36:12.456447+00:00
274529,SKYAVN,2026-02-10,150.0,,,150.0,749228,2026-04-08T04:36:14.818506+00:00
274649,SKYAVN,2026-02-11,150.0,,,150.0,488948,2026-04-08T04:36:17.460702+00:00
194,SKYAVN,2026-02-12,150.0,,,150.0,65162,2026-02-12T09:23:48.618577+00:00
274889,SKYAVN,2026-02-13,135.0,,,135.0,206258,2026-04-08T04:36:22.38356+00:00
275009,SKYAVN,2026-02-16,130.0,,,130.0,1297955,2026-04-08T04:36:26.879081+00:00
275129,SKYAVN,2026-02-17,117.0,,,117.0,1108511,2026-04-08T04:36:29.440312+00:00
275249,SKYAVN,2026-02-18,128.7,,,128.7,1262304,2026-04-08T04:36:31.166521+00:00
275369,SKYAVN,2026-02-19,140.95,,,140.95,830060,2026-04-08T04:36:33.575564+00:00
608,SKYAVN,2026-02-20,140.95,,,140.95,506818,2026-02-20T23:15:44.934622+00:00
756,SKYAVN,2026-02-23,154.8,,,154.8,773999,2026-02-23T07:00:01.990412+00:00
904,SKYAVN,2026-02-24,154.8,,,154.8,318507,2026-02-24T07:00:01.929914+00:00
1052,SKYAVN,2026-02-25,139.35,,,139.35,502599,2026-02-25T07:00:01.953057+00:00
1200,SKYAVN,2026-02-26,144.9,,,144.9,831528,2026-02-26T07:00:01.915173+00:00
1888,SKYAVN,2026-02-27,144.9,,,144.9,560481,2026-02-27T07:00:02.056517+00:00
2769,SKYAVN,2026-02-28,144.9,,,144.9,560481,2026-02-28T18:00:03.453641+00:00
2917,SKYAVN,2026-03-01,144.9,,,144.9,560481,2026-03-01T18:00:03.821122+00:00
3065,SKYAVN,2026-03-02,144.9,,,144.9,144948,2026-03-02T07:00:01.981706+00:00
4029,SKYAVN,2026-03-03,144.9,,,144.9,203839,2026-03-03T07:00:01.858909+00:00
5466,SKYAVN,2026-03-04,144.9,,,144.9,37066,2026-03-04T07:00:02.010027+00:00
7184,SKYAVN,2026-03-05,144.9,,,144.9,31980,2026-03-05T07:00:02.0033+00:00
9700,SKYAVN,2026-03-06,144.9,,,144.9,43032,2026-03-06T07:00:02.033178+00:00
11358,SKYAVN,2026-03-07,144.9,,,144.9,43032,2026-03-07T18:00:06.285951+00:00
11506,SKYAVN,2026-03-08,144.9,,,144.9,43032,2026-03-08T18:00:03.574352+00:00
11654,SKYAVN,2026-03-09,144.9,,,144.9,140984,2026-03-09T07:00:02.016534+00:00
14170,SKYAVN,2026-03-10,144.9,,,144.9,67031,2026-03-10T07:00:03.966079+00:00
16010,SKYAVN,2026-03-11,144.9,,,144.9,12683,2026-03-11T07:00:02.147117+00:00
17726,SKYAVN,2026-03-12,144.9,,,144.9,167023,2026-03-12T07:00:02.06753+00:00
20242,SKYAVN,2026-03-13,144.9,,,144.9,36586,2026-03-13T07:00:01.993197+00:00
23688,SKYAVN,2026-03-16,144.9,,,144.9,24684,2026-03-16T08:30:01.80086+00:00
25519,SKYAVN,2026-03-17,144.9,,,144.9,22800,2026-03-17T08:30:01.70448+00:00
27382,SKYAVN,2026-03-18,144.9,,,144.9,65797,2026-03-18T08:30:01.732403+00:00
33196,SKYAVN,2026-03-23,144.9,,,144.9,14090,2026-03-23T08:30:01.705825+00:00
34774,SKYAVN,2026-03-24,144.9,,,144.9,97453,2026-03-24T15:00:01.978259+00:00
34922,SKYAVN,2026-03-25,144.9,,,144.9,234933,2026-03-25T15:00:01.528164+00:00
35070,SKYAVN,2026-03-26,144.9,,,144.9,390264,2026-03-26T15:00:01.955832+00:00
35218,SKYAVN,2026-03-27,158.95,,,158.95,631436,2026-03-27T15:00:02.114662+00:00
278249,SKYAVN,2026-03-30,158.95,,,158.95,127749,2026-04-08T04:37:47.74327+00:00
35366,SKYAVN,2026-03-31,143.1,,,143.1,1004801,2026-03-31T15:00:02.085058+00:00
278489,SKYAVN,2026-04-01,143.1,,,143.1,450176,2026-04-08T04:37:52.684906+00:00
35514,SKYAVN,2026-04-02,143.1,,,143.1,120324,2026-04-02T15:00:01.864809+00:00
35958,SKYAVN,2026-04-07,143.1,,,143.1,226283,2026-04-07T15:00:01.949344+00:00
278855,SKYAVN,2026-04-08,143.1,,,143.1,20973,2026-04-08T15:00:01.943007+00:00
279002,SKYAVN,2026-04-09,143.1,,,143.1,25646,2026-04-09T15:00:02.085141+00:00
279148,SKYAVN,2026-04-10,143.1,,,143.1,43835,2026-04-10T15:00:01.352272+00:00
279294,SKYAVN,2026-04-13,143.1,,,143.1,252560,2026-04-13T15:00:02.021173+00:00
279440,SKYAVN,2026-04-14,143.1,,,143.1,23688,2026-04-14T15:00:02.477878+00:00
279586,SKYAVN,2026-04-15,143.1,,,143.1,160934,2026-04-15T15:00:02.184222+00:00
279732,SKYAVN,2026-04-16,143.1,,,143.1,43670,2026-04-16T15:00:02.07143+00:00
279878,SKYAVN,2026-04-17,143.1,,,143.1,291272,2026-04-17T15:00:02.06245+00:00
280024,SKYAVN,2026-04-20,143.1,,,143.1,80528,2026-04-20T15:00:01.862344+00:00
280170,SKYAVN,2026-04-21,143.1,,,143.1,277637,2026-04-21T15:00:02.189846+00:00
280316,SKYAVN,2026-04-22,143.1,,,143.1,148850,2026-04-22T15:00:02.200159+00:00
280462,SKYAVN,2026-04-23,143.1,,,143.1,393109,2026-04-23T15:00:02.125151+00:00
280608,SKYAVN,2026-04-24,143.1,,,143.1,140640,2026-04-24T15:00:02.20649+00:00
280754,SKYAVN,2026-04-27,143.1,,,143.1,152509,2026-04-27T15:00:02.034997+00:00
280900,SKYAVN,2026-04-28,143.1,,,143.1,128428,2026-04-28T15:00:01.918241+00:00
281046,SKYAVN,2026-04-29,143.1,,,143.1,206464,2026-04-29T15:00:02.672724+00:00
281192,SKYAVN,2026-04-30,143.1,,,143.1,379765,2026-04-30T15:00:02.170664+00:00
281484,SKYAVN,2026-05-04,143.1,,,143.1,262955,2026-05-04T15:00:02.156928+00:00
281630,SKYAVN,2026-05-05,143.1,,,143.1,15939,2026-05-05T15:00:01.930748+00:00
281776,SKYAVN,2026-05-06,143.1,,,143.1,132530,2026-05-06T15:00:01.919787+00:00
281922,SKYAVN,2026-05-07,130.75,,,130.75,1189452,2026-05-07T15:00:01.995523+00:00
282068,SKYAVN,2026-05-08,130.75,,,130.75,1567197,2026-05-08T15:00:02.118161+00:00
282214,SKYAVN,2026-05-11,117.7,,,117.7,227989,2026-05-11T15:00:02.243132+00:00
282360,SKYAVN,2026-05-12,130.5,,,130.5,89013,2026-05-12T15:00:02.325735+00:00
282506,SKYAVN,2026-05-13,130.5,,,130.5,104435,2026-05-13T15:00:01.887561+00:00
282652,SKYAVN,2026-05-14,130.5,,,130.5,162409,2026-05-14T15:00:01.952989+00:00
282798,SKYAVN,2026-05-15,130.5,,,130.5,53124,2026-05-15T15:00:01.871578+00:00
282944,SKYAVN,2026-05-18,142.95,,,142.95,83045,2026-05-18T15:00:01.868607+00:00
283090,SKYAVN,2026-05-19,142.95,,,142.95,91707,2026-05-19T15:00:01.863653+00:00
283236,SKYAVN,2026-05-20,156.95,,,156.95,22623,2026-05-20T15:00:01.871845+00:00
283382,SKYAVN,2026-05-21,156.95,,,156.95,13448,2026-05-21T15:00:01.939198+00:00
283528,SKYAVN,2026-05-22,156.95,,,156.95,4350,2026-05-22T15:00:02.031345+00:00
283674,SKYAVN,2026-05-25,156.95,,,156.95,6263,2026-05-25T15:00:01.979384+00:00
283820,SKYAVN,2026-05-26,156.95,,,156.95,12561,2026-05-26T15:00:01.996051+00:00
284258,SKYAVN,2026-05-29,156.95,,,156.95,5762,2026-05-29T15:00:02.455558+00:00
284404,SKYAVN,2026-06-01,156.95,,,156.95,29233,2026-06-01T15:00:02.603507+00:00
284550,SKYAVN,2026-06-02,156.95,,,156.95,3666,2026-06-02T15:00:02.980523+00:00
284696,SKYAVN,2026-06-03,155.75,,,155.75,9856,2026-06-03T15:00:03.023028+00:00
284842,SKYAVN,2026-06-04,155.75,,,155.75,3221,2026-06-04T15:00:03.321931+00:00
284988,SKYAVN,2026-06-05,155.75,,,155.75,45403,2026-06-05T15:00:03.073061+00:00
285134,SKYAVN,2026-06-08,155.75,,,155.75,3996,2026-06-08T15:00:03.135386+00:00
285280,SKYAVN,2026-06-09,155.75,,,155.75,2153,2026-06-09T15:00:03.53749+00:00
285426,SKYAVN,2026-06-10,155.75,,,155.75,7993,2026-06-10T15:10:03.084397+00:00
285864,SKYAVN,2026-06-11,155.75,,,155.75,9829,2026-06-11T15:10:02.991492+00:00
287616,SKYAVN,2026-06-15,155.75,,,155.75,62409,2026-06-15T15:10:02.896252+00:00
288492,SKYAVN,2026-06-16,155.75,,,155.75,26097,2026-06-16T15:10:02.87997+00:00
289368,SKYAVN,2026-06-17,155.75,,,155.75,3478,2026-06-17T15:10:02.980097+00:00
289806,SKYAVN,2026-06-18,155.75,,,155.75,1026,2026-06-18T15:10:02.932064+00:00
290390,SKYAVN,2026-06-19,155.75,,,155.75,752,2026-06-19T15:10:02.959085+00:00
291120,SKYAVN,2026-06-22,155.75,,,155.75,25154,2026-06-22T15:10:03.140564+00:00
291704,SKYAVN,2026-06-23,155.75,,,155.75,6320,2026-06-23T15:10:03.017319+00:00
292288,SKYAVN,2026-06-24,171.2,,,171.2,1028371,2026-06-24T15:10:03.053149+00:00
292872,SKYAVN,2026-06-25,171.2,,,171.2,119898,2026-06-25T15:10:02.973562+00:00
293310,SKYAVN,2026-06-26,171.2,,,171.2,3429,2026-06-26T15:10:03.012808+00:00
293748,SKYAVN,2026-06-29,171.2,,,171.2,10083,2026-06-29T15:10:03.028054+00:00
294186,SKYAVN,2026-06-30,171.2,,,171.2,4186,2026-06-30T15:10:03.08168+00:00
294624,SKYAVN,2026-07-01,171.2,,,171.2,1464,2026-07-01T15:10:03.133226+00:00
295062,SKYAVN,2026-07-02,171.2,,,171.2,421,2026-07-02T15:10:03.065554+00:00
295500,SKYAVN,2026-07-03,171.2,,,171.2,3445,2026-07-03T15:10:03.019266+00:00
295938,SKYAVN,2026-07-06,171.2,,,171.2,4105,2026-07-06T15:10:03.100823+00:00
296376,SKYAVN,2026-07-07,171.2,,,171.2,3102,2026-07-07T15:10:03.687653+00:00
296814,SKYAVN,2026-07-08,171.2,,,171.2,8614,2026-07-08T15:10:02.922872+00:00
297253,SKYAVN,2026-07-09,171.2,,,171.2,1753,2026-07-09T15:10:03.041812+00:00
297691,SKYAVN,2026-07-10,171.2,,,171.2,5266,2026-07-10T15:10:03.284445+00:00
298129,SKYAVN,2026-07-13,171.2,,,171.2,9662,2026-07-13T15:10:02.995074+00:00
298567,SKYAVN,2026-07-14,171.2,,,171.2,1721,2026-07-14T15:10:03.094441+00:00
299005,SKYAVN,2026-07-15,171.2,,,171.2,3196,2026-07-15T15:10:03.078609+00:00
299443,SKYAVN,2026-07-16,171.2,,,171.2,4909,2026-07-16T15:10:03.113936+00:00
299881,SKYAVN,2026-07-17,171.2,,,171.2,33800,2026-07-17T15:10:03.053983+00:00
