id,symbol,trade_date,open_price,high_price,low_price,close_price,volume,created_at
42818,SOVRENINS,2017-01-03,0.5,,,0.5,2000,2026-04-08T02:41:25.765521+00:00
43378,SOVRENINS,2017-01-04,0.5,,,0.5,0,2026-04-08T02:42:20.164398+00:00
43488,SOVRENINS,2017-01-05,0.5,,,0.5,92000,2026-04-08T02:42:22.380516+00:00
43598,SOVRENINS,2017-01-06,0.5,,,0.5,0,2026-04-08T02:42:23.84796+00:00
43688,SOVRENINS,2017-01-09,0.5,,,0.5,1000,2026-04-08T02:42:26.938159+00:00
43798,SOVRENINS,2017-01-10,0.5,,,0.5,0,2026-04-08T02:42:29.227202+00:00
43908,SOVRENINS,2017-01-11,0.5,,,0.5,120200,2026-04-08T02:42:30.799441+00:00
43998,SOVRENINS,2017-01-12,0.5,,,0.5,0,2026-04-08T02:42:32.390658+00:00
44128,SOVRENINS,2017-01-13,0.5,,,0.5,0,2026-04-08T02:42:34.853543+00:00
44218,SOVRENINS,2017-01-16,0.5,,,0.5,356,2026-04-08T02:42:38.72803+00:00
44328,SOVRENINS,2017-01-17,0.5,,,0.5,0,2026-04-08T02:42:41.056228+00:00
44438,SOVRENINS,2017-01-18,0.5,,,0.5,0,2026-04-08T02:42:42.795307+00:00
44528,SOVRENINS,2017-01-19,0.5,,,0.5,0,2026-04-08T02:42:44.39781+00:00
44638,SOVRENINS,2017-01-20,0.5,,,0.5,100,2026-04-08T02:42:46.643743+00:00
44748,SOVRENINS,2017-01-23,0.5,,,0.5,0,2026-04-08T02:42:49.827664+00:00
44858,SOVRENINS,2017-01-24,0.5,,,0.5,250,2026-04-08T02:42:51.574002+00:00
44948,SOVRENINS,2017-01-25,0.5,,,0.5,0,2026-04-08T02:42:54.05787+00:00
45058,SOVRENINS,2017-01-26,0.5,,,0.5,0,2026-04-08T02:42:55.759+00:00
45168,SOVRENINS,2017-01-27,0.5,,,0.5,3500000,2026-04-08T02:42:57.462271+00:00
45278,SOVRENINS,2017-01-30,0.5,,,0.5,0,2026-04-08T02:43:00.905282+00:00
45388,SOVRENINS,2017-01-31,0.5,,,0.5,0,2026-04-08T02:43:03.07753+00:00
45498,SOVRENINS,2017-02-01,0.5,,,0.5,0,2026-04-08T02:43:04.619173+00:00
45588,SOVRENINS,2017-02-02,0.5,,,0.5,2000,2026-04-08T02:43:06.209007+00:00
45698,SOVRENINS,2017-02-03,0.5,,,0.5,0,2026-04-08T02:43:08.490666+00:00
45808,SOVRENINS,2017-02-06,0.5,,,0.5,0,2026-04-08T02:43:11.037852+00:00
45918,SOVRENINS,2017-02-07,0.5,,,0.5,0,2026-04-08T02:43:12.662822+00:00
46008,SOVRENINS,2017-02-08,0.5,,,0.5,0,2026-04-08T02:43:14.224877+00:00
46119,SOVRENINS,2017-02-09,0.5,,,0.5,0,2026-04-08T02:43:16.408746+00:00
46230,SOVRENINS,2017-02-10,0.5,,,0.5,0,2026-04-08T02:43:18.597686+00:00
46322,SOVRENINS,2017-02-13,0.5,,,0.5,0,2026-04-08T02:43:22.775561+00:00
46434,SOVRENINS,2017-02-14,0.5,,,0.5,0,2026-04-08T02:43:24.286485+00:00
46546,SOVRENINS,2017-02-15,0.5,,,0.5,0,2026-04-08T02:43:26.422065+00:00
46658,SOVRENINS,2017-02-16,0.5,,,0.5,0,2026-04-08T02:43:28.597754+00:00
46750,SOVRENINS,2017-02-17,0.5,,,0.5,100,2026-04-08T02:43:31.044717+00:00
49418,SOVRENINS,2017-02-20,0.5,,,0.5,0,2026-04-08T02:51:00.639833+00:00
49510,SOVRENINS,2017-02-21,0.5,,,0.5,0,2026-04-08T02:51:03.098475+00:00
46842,SOVRENINS,2017-02-22,0.5,,,0.5,500,2026-04-08T02:44:33.152084+00:00
46934,SOVRENINS,2017-02-23,0.5,,,0.5,0,2026-04-08T02:44:35.448225+00:00
47026,SOVRENINS,2017-02-24,0.5,,,0.5,0,2026-04-08T02:44:37.781529+00:00
47118,SOVRENINS,2017-02-27,0.5,,,0.5,0,2026-04-08T02:44:42.101817+00:00
47210,SOVRENINS,2017-02-28,0.5,,,0.5,0,2026-04-08T02:44:45.006295+00:00
47302,SOVRENINS,2017-03-01,0.5,,,0.5,0,2026-04-08T02:44:47.332471+00:00
47394,SOVRENINS,2017-03-02,0.5,,,0.5,100,2026-04-08T02:44:49.657807+00:00
47486,SOVRENINS,2017-03-03,0.5,,,0.5,0,2026-04-08T02:44:51.301699+00:00
47578,SOVRENINS,2017-03-06,0.5,,,0.5,0,2026-04-08T02:44:56.024588+00:00
47670,SOVRENINS,2017-03-07,0.5,,,0.5,500,2026-04-08T02:44:58.263872+00:00
47762,SOVRENINS,2017-03-08,0.5,,,0.5,0,2026-04-08T02:44:59.957789+00:00
47854,SOVRENINS,2017-03-09,0.5,,,0.5,0,2026-04-08T02:45:01.661944+00:00
47946,SOVRENINS,2017-03-10,0.5,,,0.5,0,2026-04-08T02:45:03.96312+00:00
48038,SOVRENINS,2017-03-13,0.5,,,0.5,0,2026-04-08T02:45:08.663664+00:00
48130,SOVRENINS,2017-03-14,0.5,,,0.5,0,2026-04-08T02:45:11.088473+00:00
48222,SOVRENINS,2017-03-15,0.5,,,0.5,0,2026-04-08T02:45:12.861206+00:00
48314,SOVRENINS,2017-03-16,0.5,,,0.5,0,2026-04-08T02:45:15.084197+00:00
48406,SOVRENINS,2017-03-17,0.5,,,0.5,0,2026-04-08T02:45:17.543831+00:00
48498,SOVRENINS,2017-03-20,0.5,,,0.5,0,2026-04-08T02:45:21.873889+00:00
48590,SOVRENINS,2017-03-21,0.5,,,0.5,100,2026-04-08T02:45:25.078347+00:00
48682,SOVRENINS,2017-03-22,0.5,,,0.5,0,2026-04-08T02:45:26.626215+00:00
48774,SOVRENINS,2017-03-23,0.5,,,0.5,0,2026-04-08T02:45:28.377346+00:00
48866,SOVRENINS,2017-03-24,0.5,,,0.5,500,2026-04-08T02:45:30.775015+00:00
48958,SOVRENINS,2017-03-27,0.5,,,0.5,0,2026-04-08T02:45:34.704999+00:00
49050,SOVRENINS,2017-03-28,0.5,,,0.5,90000,2026-04-08T02:45:36.347457+00:00
49142,SOVRENINS,2017-03-29,0.5,,,0.5,1050,2026-04-08T02:45:38.731306+00:00
49234,SOVRENINS,2017-03-30,0.5,,,0.5,831500,2026-04-08T02:45:40.513553+00:00
49326,SOVRENINS,2017-03-31,0.5,,,0.5,500,2026-04-08T02:45:42.281198+00:00
49602,SOVRENINS,2017-04-03,0.5,,,0.5,0,2026-04-08T02:51:07.481095+00:00
49694,SOVRENINS,2017-04-04,0.5,,,0.5,91100,2026-04-08T02:51:09.86923+00:00
49786,SOVRENINS,2017-04-05,0.5,,,0.5,1300,2026-04-08T02:51:12.308135+00:00
49878,SOVRENINS,2017-04-06,0.5,,,0.5,200,2026-04-08T02:51:14.846493+00:00
49970,SOVRENINS,2017-04-07,0.5,,,0.5,0,2026-04-08T02:51:17.320635+00:00
50062,SOVRENINS,2017-04-10,0.5,,,0.5,2000,2026-04-08T02:51:21.583607+00:00
50153,SOVRENINS,2017-04-11,0.5,,,0.5,0,2026-04-08T02:51:23.796131+00:00
50244,SOVRENINS,2017-04-12,0.5,,,0.5,0,2026-04-08T02:51:26.28287+00:00
50335,SOVRENINS,2017-04-13,0.5,,,0.5,0,2026-04-08T02:51:28.606475+00:00
50426,SOVRENINS,2017-04-18,0.5,,,0.5,0,2026-04-08T02:51:35.070654+00:00
50517,SOVRENINS,2017-04-19,0.5,,,0.5,10,2026-04-08T02:51:37.390681+00:00
50608,SOVRENINS,2017-04-20,0.5,,,0.5,50000,2026-04-08T02:51:39.751187+00:00
50699,SOVRENINS,2017-04-21,0.5,,,0.5,0,2026-04-08T02:51:42.059234+00:00
50790,SOVRENINS,2017-04-24,0.5,,,0.5,0,2026-04-08T02:51:46.271638+00:00
50881,SOVRENINS,2017-04-25,0.5,,,0.5,1100,2026-04-08T02:51:48.506234+00:00
50972,SOVRENINS,2017-04-26,0.5,,,0.5,1000,2026-04-08T02:51:50.787758+00:00
51063,SOVRENINS,2017-04-27,0.5,,,0.5,0,2026-04-08T02:51:53.168104+00:00
51154,SOVRENINS,2017-04-28,0.5,,,0.5,1000,2026-04-08T02:51:55.619599+00:00
51245,SOVRENINS,2017-05-02,0.5,,,0.5,0,2026-04-08T02:52:01.291461+00:00
51336,SOVRENINS,2017-05-03,0.5,,,0.5,500,2026-04-08T02:52:03.619408+00:00
51427,SOVRENINS,2017-05-04,0.5,,,0.5,0,2026-04-08T02:52:06.041901+00:00
51518,SOVRENINS,2017-05-05,0.5,,,0.5,0,2026-04-08T02:52:08.320033+00:00
51609,SOVRENINS,2017-05-08,0.5,,,0.5,0,2026-04-08T02:52:12.828428+00:00
51700,SOVRENINS,2017-05-09,0.5,,,0.5,0,2026-04-08T02:52:15.102333+00:00
51791,SOVRENINS,2017-05-10,0.5,,,0.5,30750,2026-04-08T02:52:17.709352+00:00
51882,SOVRENINS,2017-05-11,0.5,,,0.5,0,2026-04-08T02:52:19.900179+00:00
51973,SOVRENINS,2017-05-12,0.5,,,0.5,0,2026-04-08T02:52:22.170941+00:00
52064,SOVRENINS,2017-05-15,0.5,,,0.5,1900,2026-04-08T02:52:26.563035+00:00
52156,SOVRENINS,2017-05-16,0.5,,,0.5,7200,2026-04-08T02:52:28.807233+00:00
52248,SOVRENINS,2017-05-17,0.5,,,0.5,2100,2026-04-08T02:52:31.099411+00:00
52340,SOVRENINS,2017-05-18,0.5,,,0.5,10,2026-04-08T02:52:33.303088+00:00
52432,SOVRENINS,2017-05-19,0.5,,,0.5,0,2026-04-08T02:52:35.640534+00:00
52524,SOVRENINS,2017-05-22,0.5,,,0.5,1356,2026-04-08T02:52:39.854932+00:00
52616,SOVRENINS,2017-05-23,0.5,,,0.5,0,2026-04-08T02:52:42.264162+00:00
52708,SOVRENINS,2017-05-24,0.5,,,0.5,1089,2026-04-08T02:52:44.613941+00:00
52800,SOVRENINS,2017-05-25,0.5,,,0.5,0,2026-04-08T02:52:46.963191+00:00
52892,SOVRENINS,2017-05-26,0.5,,,0.5,0,2026-04-08T02:52:49.347152+00:00
52984,SOVRENINS,2017-05-30,0.5,,,0.5,0,2026-04-08T02:52:54.942696+00:00
53076,SOVRENINS,2017-05-31,0.5,,,0.5,0,2026-04-08T02:52:57.421655+00:00
53168,SOVRENINS,2017-06-01,0.5,,,0.5,0,2026-04-08T02:52:59.649981+00:00
53260,SOVRENINS,2017-06-02,0.5,,,0.5,120000,2026-04-08T02:53:02.056444+00:00
53352,SOVRENINS,2017-06-05,0.5,,,0.5,0,2026-04-08T02:53:06.428901+00:00
53444,SOVRENINS,2017-06-06,0.5,,,0.5,0,2026-04-08T02:53:08.604609+00:00
53536,SOVRENINS,2017-06-07,0.5,,,0.5,0,2026-04-08T02:53:10.833265+00:00
53628,SOVRENINS,2017-06-08,0.5,,,0.5,20000,2026-04-08T02:53:13.196386+00:00
53720,SOVRENINS,2017-06-09,0.5,,,0.5,6200,2026-04-08T02:53:15.53674+00:00
53812,SOVRENINS,2017-06-12,0.5,,,0.5,0,2026-04-08T02:53:19.709801+00:00
53904,SOVRENINS,2017-06-13,0.5,,,0.5,0,2026-04-08T02:53:22.046011+00:00
53996,SOVRENINS,2017-06-14,0.5,,,0.5,0,2026-04-08T02:53:24.253383+00:00
54088,SOVRENINS,2017-06-15,0.5,,,0.5,5020,2026-04-08T02:53:26.527181+00:00
54180,SOVRENINS,2017-06-16,0.5,,,0.5,0,2026-04-08T02:53:28.80273+00:00
54272,SOVRENINS,2017-06-19,0.5,,,0.5,0,2026-04-08T02:53:33.036647+00:00
54364,SOVRENINS,2017-06-20,0.5,,,0.5,0,2026-04-08T02:53:35.524675+00:00
54456,SOVRENINS,2017-06-21,0.5,,,0.5,0,2026-04-08T02:53:37.865913+00:00
54548,SOVRENINS,2017-06-22,0.5,,,0.5,300,2026-04-08T02:53:40.094955+00:00
54640,SOVRENINS,2017-06-23,0.5,,,0.5,1,2026-04-08T02:53:42.493578+00:00
54732,SOVRENINS,2017-06-28,0.5,,,0.5,214790,2026-04-08T02:53:49.135881+00:00
54824,SOVRENINS,2017-06-29,0.5,,,0.5,1000,2026-04-08T02:53:51.51214+00:00
54916,SOVRENINS,2017-06-30,0.5,,,0.5,0,2026-04-08T02:53:53.827964+00:00
55008,SOVRENINS,2017-07-03,0.5,,,0.5,2200,2026-04-08T02:53:58.279599+00:00
55100,SOVRENINS,2017-07-04,0.5,,,0.5,6000,2026-04-08T02:54:00.563227+00:00
55192,SOVRENINS,2017-07-05,0.5,,,0.5,0,2026-04-08T02:54:02.831513+00:00
55284,SOVRENINS,2017-07-06,0.5,,,0.5,0,2026-04-08T02:54:05.078114+00:00
55376,SOVRENINS,2017-07-07,0.5,,,0.5,0,2026-04-08T02:54:07.286065+00:00
55468,SOVRENINS,2017-07-10,0.5,,,0.5,0,2026-04-08T02:54:11.798817+00:00
55560,SOVRENINS,2017-07-11,0.5,,,0.5,389448,2026-04-08T02:54:14.116532+00:00
55651,SOVRENINS,2017-07-12,0.5,,,0.5,10100,2026-04-08T02:54:16.498015+00:00
55738,SOVRENINS,2017-07-13,0.5,,,0.5,18300,2026-04-08T02:54:18.840036+00:00
55826,SOVRENINS,2017-07-14,0.5,,,0.5,400,2026-04-08T02:54:21.336813+00:00
55918,SOVRENINS,2017-07-17,0.5,,,0.5,1000,2026-04-08T02:54:25.561903+00:00
56010,SOVRENINS,2017-07-18,0.5,,,0.5,200,2026-04-08T02:54:28.120242+00:00
56102,SOVRENINS,2017-07-19,0.5,,,0.5,0,2026-04-08T02:54:30.645734+00:00
56194,SOVRENINS,2017-07-20,0.5,,,0.5,0,2026-04-08T02:54:33.025266+00:00
56286,SOVRENINS,2017-07-21,0.5,,,0.5,0,2026-04-08T02:54:35.480817+00:00
56378,SOVRENINS,2017-07-24,0.5,,,0.5,0,2026-04-08T02:54:39.934321+00:00
56470,SOVRENINS,2017-07-26,0.5,,,0.5,0,2026-04-08T02:54:43.20598+00:00
56562,SOVRENINS,2017-07-27,0.5,,,0.5,0,2026-04-08T02:54:45.547579+00:00
56654,SOVRENINS,2017-07-28,0.5,,,0.5,50,2026-04-08T02:54:47.918804+00:00
56746,SOVRENINS,2017-07-31,0.5,,,0.5,0,2026-04-08T02:54:52.464984+00:00
56838,SOVRENINS,2017-08-01,0.5,,,0.5,0,2026-04-08T02:54:54.790805+00:00
56930,SOVRENINS,2017-08-02,0.5,,,0.5,1224,2026-04-08T02:54:57.117603+00:00
57022,SOVRENINS,2017-08-03,0.5,,,0.5,0,2026-04-08T02:54:59.3729+00:00
57114,SOVRENINS,2017-08-04,0.5,,,0.5,0,2026-04-08T02:55:01.592641+00:00
57206,SOVRENINS,2017-08-07,0.5,,,0.5,0,2026-04-08T02:55:06.418828+00:00
57298,SOVRENINS,2017-08-08,0.5,,,0.5,0,2026-04-08T02:55:08.763983+00:00
57390,SOVRENINS,2017-08-09,0.5,,,0.5,1800,2026-04-08T02:55:11.057796+00:00
57482,SOVRENINS,2017-08-10,0.5,,,0.5,0,2026-04-08T02:55:13.401484+00:00
57574,SOVRENINS,2017-08-11,0.5,,,0.5,0,2026-04-08T02:55:15.670877+00:00
57666,SOVRENINS,2017-08-14,0.5,,,0.5,0,2026-04-08T02:55:20.026285+00:00
57758,SOVRENINS,2017-08-15,0.5,,,0.5,0,2026-04-08T02:55:22.633816+00:00
57850,SOVRENINS,2017-08-16,0.5,,,0.5,0,2026-04-08T02:55:24.979188+00:00
57942,SOVRENINS,2017-08-17,0.5,,,0.5,1000,2026-04-08T02:55:27.3994+00:00
58034,SOVRENINS,2017-08-18,0.5,,,0.5,24263,2026-04-08T02:55:29.67842+00:00
58126,SOVRENINS,2017-08-21,0.5,,,0.5,1000,2026-04-08T02:55:34.023067+00:00
58218,SOVRENINS,2017-08-22,0.5,,,0.5,1200,2026-04-08T02:55:36.334754+00:00
58310,SOVRENINS,2017-08-23,0.5,,,0.5,0,2026-04-08T02:55:38.717606+00:00
58402,SOVRENINS,2017-08-24,0.5,,,0.5,0,2026-04-08T02:55:41.242089+00:00
58494,SOVRENINS,2017-08-25,0.5,,,0.5,5500,2026-04-08T02:55:43.579232+00:00
58586,SOVRENINS,2017-08-28,0.5,,,0.5,100,2026-04-08T02:55:48.020598+00:00
58678,SOVRENINS,2017-08-29,0.5,,,0.5,1000,2026-04-08T02:55:50.281022+00:00
58770,SOVRENINS,2017-08-30,0.5,,,0.5,0,2026-04-08T02:55:52.499005+00:00
58862,SOVRENINS,2017-08-31,0.5,,,0.5,100005100,2026-04-08T02:55:54.947048+00:00
58954,SOVRENINS,2017-09-05,0.5,,,0.5,0,2026-04-08T02:56:01.572419+00:00
59046,SOVRENINS,2017-09-06,0.5,,,0.5,500,2026-04-08T02:56:03.885356+00:00
59138,SOVRENINS,2017-09-07,0.5,,,0.5,0,2026-04-08T02:56:06.19045+00:00
59230,SOVRENINS,2017-09-11,0.5,,,0.5,1940,2026-04-08T02:56:11.370569+00:00
59322,SOVRENINS,2017-09-12,0.5,,,0.5,0,2026-04-08T02:56:13.892416+00:00
59414,SOVRENINS,2017-09-13,0.5,,,0.5,0,2026-04-08T02:56:16.312215+00:00
59506,SOVRENINS,2017-09-14,0.5,,,0.5,100,2026-04-08T02:56:18.601168+00:00
59598,SOVRENINS,2017-09-15,0.5,,,0.5,0,2026-04-08T02:56:20.93666+00:00
59690,SOVRENINS,2017-09-16,0.5,,,0.5,0,2026-04-08T02:56:23.148937+00:00
59782,SOVRENINS,2017-09-19,0.5,,,0.5,0,2026-04-08T02:56:27.358465+00:00
59874,SOVRENINS,2017-09-20,0.5,,,0.5,1000,2026-04-08T02:56:29.683375+00:00
59966,SOVRENINS,2017-09-21,0.5,,,0.5,65000,2026-04-08T02:56:31.851594+00:00
60058,SOVRENINS,2017-09-22,0.5,,,0.5,0,2026-04-08T02:56:34.007646+00:00
60150,SOVRENINS,2017-09-25,0.5,,,0.5,20000,2026-04-08T02:56:38.385386+00:00
60242,SOVRENINS,2017-09-26,0.5,,,0.5,5000,2026-04-08T02:56:40.657356+00:00
60334,SOVRENINS,2017-09-27,0.5,,,0.5,0,2026-04-08T02:56:42.968732+00:00
60426,SOVRENINS,2017-09-28,0.5,,,0.5,970,2026-04-08T02:56:45.128996+00:00
60518,SOVRENINS,2017-09-29,0.5,,,0.5,0,2026-04-08T02:56:47.398677+00:00
60610,SOVRENINS,2017-10-03,0.5,,,0.5,0,2026-04-08T02:56:52.779733+00:00
60702,SOVRENINS,2017-10-04,0.5,,,0.5,1000,2026-04-08T02:56:55.065177+00:00
60794,SOVRENINS,2017-10-05,0.5,,,0.5,100,2026-04-08T02:56:57.377802+00:00
60886,SOVRENINS,2017-10-06,0.5,,,0.5,0,2026-04-08T02:56:59.661092+00:00
60978,SOVRENINS,2017-10-09,0.5,,,0.5,0,2026-04-08T02:57:04.043492+00:00
61070,SOVRENINS,2017-10-10,0.5,,,0.5,112200,2026-04-08T02:57:06.326055+00:00
61162,SOVRENINS,2017-10-11,0.5,,,0.5,20,2026-04-08T02:57:08.620281+00:00
61254,SOVRENINS,2017-10-12,0.5,,,0.5,5200,2026-04-08T02:57:10.950839+00:00
61346,SOVRENINS,2017-10-13,0.5,,,0.5,0,2026-04-08T02:57:13.525709+00:00
61438,SOVRENINS,2017-10-16,0.5,,,0.5,100,2026-04-08T02:57:17.895676+00:00
61530,SOVRENINS,2017-10-17,0.5,,,0.5,200,2026-04-08T02:57:20.31307+00:00
61622,SOVRENINS,2017-10-18,0.5,,,0.5,1000,2026-04-08T02:57:22.526226+00:00
61714,SOVRENINS,2017-10-19,0.5,,,0.5,0,2026-04-08T02:57:24.865827+00:00
61806,SOVRENINS,2017-10-20,0.5,,,0.5,500,2026-04-08T02:57:27.091081+00:00
61898,SOVRENINS,2017-10-23,0.5,,,0.5,0,2026-04-08T02:57:31.703062+00:00
61990,SOVRENINS,2017-10-24,0.5,,,0.5,0,2026-04-08T02:57:34.020008+00:00
62082,SOVRENINS,2017-10-25,0.5,,,0.5,0,2026-04-08T02:57:36.254878+00:00
62174,SOVRENINS,2017-10-26,0.5,,,0.5,0,2026-04-08T02:57:38.639324+00:00
62266,SOVRENINS,2017-10-27,0.5,,,0.5,0,2026-04-08T02:57:40.810349+00:00
62358,SOVRENINS,2017-10-30,0.5,,,0.5,0,2026-04-08T02:57:45.233404+00:00
62450,SOVRENINS,2017-10-31,0.5,,,0.5,0,2026-04-08T02:57:47.538171+00:00
62542,SOVRENINS,2017-11-01,0.5,,,0.5,100,2026-04-08T02:57:49.900698+00:00
62634,SOVRENINS,2017-11-02,0.5,,,0.5,0,2026-04-08T02:57:52.192143+00:00
62726,SOVRENINS,2017-11-03,0.5,,,0.5,415,2026-04-08T02:57:54.512232+00:00
62818,SOVRENINS,2017-11-06,0.5,,,0.5,4155720,2026-04-08T02:57:59.23147+00:00
62910,SOVRENINS,2017-11-07,0.5,,,0.5,120000,2026-04-08T02:58:01.524363+00:00
63002,SOVRENINS,2017-11-08,0.5,,,0.5,784290,2026-04-08T02:58:03.79912+00:00
63094,SOVRENINS,2017-11-09,0.5,,,0.5,0,2026-04-08T02:58:06.050925+00:00
63186,SOVRENINS,2017-11-10,0.5,,,0.5,0,2026-04-08T02:58:08.423322+00:00
63278,SOVRENINS,2017-11-13,0.5,,,0.5,5000000,2026-04-08T02:58:12.832851+00:00
63370,SOVRENINS,2017-11-14,0.5,,,0.5,0,2026-04-08T02:58:15.182817+00:00
63462,SOVRENINS,2017-11-15,0.5,,,0.5,100,2026-04-08T02:58:17.483941+00:00
63554,SOVRENINS,2017-11-16,0.5,,,0.5,0,2026-04-08T02:58:19.932158+00:00
63646,SOVRENINS,2017-11-17,0.5,,,0.5,1575000000,2026-04-08T02:58:22.230505+00:00
63738,SOVRENINS,2017-11-20,0.5,,,0.5,4000,2026-04-08T02:58:26.609741+00:00
63830,SOVRENINS,2017-11-21,0.5,,,0.5,5000000,2026-04-08T02:58:29.044371+00:00
63922,SOVRENINS,2017-11-22,0.5,,,0.5,0,2026-04-08T02:58:31.282092+00:00
64014,SOVRENINS,2017-11-23,0.5,,,0.5,0,2026-04-08T02:58:33.589475+00:00
64106,SOVRENINS,2017-11-24,0.5,,,0.5,200,2026-04-08T02:58:35.965247+00:00
64198,SOVRENINS,2017-11-27,0.5,,,0.5,0,2026-04-08T02:58:40.303262+00:00
64290,SOVRENINS,2017-11-28,0.5,,,0.5,12000,2026-04-08T02:58:42.596324+00:00
64382,SOVRENINS,2017-11-29,0.5,,,0.5,0,2026-04-08T02:58:44.979081+00:00
64474,SOVRENINS,2017-11-30,0.5,,,0.5,0,2026-04-08T02:58:47.226359+00:00
64566,SOVRENINS,2017-12-04,0.5,,,0.5,0,2026-04-08T02:58:52.54699+00:00
64658,SOVRENINS,2017-12-05,0.5,,,0.5,0,2026-04-08T02:58:54.773083+00:00
64750,SOVRENINS,2017-12-06,0.5,,,0.5,0,2026-04-08T02:58:57.263783+00:00
64842,SOVRENINS,2017-12-07,0.5,,,0.5,2697167,2026-04-08T02:58:59.55462+00:00
64934,SOVRENINS,2017-12-08,0.5,,,0.5,3000,2026-04-08T02:59:01.865905+00:00
65026,SOVRENINS,2017-12-11,0.5,,,0.5,0,2026-04-08T02:59:06.715792+00:00
65118,SOVRENINS,2017-12-12,0.5,,,0.5,0,2026-04-08T02:59:09.170602+00:00
65210,SOVRENINS,2017-12-13,0.5,,,0.5,0,2026-04-08T02:59:11.522814+00:00
65302,SOVRENINS,2017-12-14,0.5,,,0.5,0,2026-04-08T02:59:13.751616+00:00
65394,SOVRENINS,2017-12-15,0.5,,,0.5,0,2026-04-08T02:59:16.016878+00:00
65486,SOVRENINS,2017-12-18,0.5,,,0.5,0,2026-04-08T02:59:20.496704+00:00
65578,SOVRENINS,2017-12-19,0.5,,,0.5,0,2026-04-08T02:59:22.691103+00:00
65670,SOVRENINS,2017-12-20,0.5,,,0.5,0,2026-04-08T02:59:25.001427+00:00
65762,SOVRENINS,2017-12-21,0.5,,,0.5,0,2026-04-08T02:59:27.554405+00:00
65854,SOVRENINS,2017-12-22,0.5,,,0.5,0,2026-04-08T02:59:29.82771+00:00
65946,SOVRENINS,2017-12-27,0.5,,,0.5,0,2026-04-08T02:59:36.63878+00:00
66038,SOVRENINS,2017-12-28,0.5,,,0.5,3000,2026-04-08T02:59:39.04539+00:00
66130,SOVRENINS,2017-12-29,0.5,,,0.5,0,2026-04-08T02:59:41.445401+00:00
66222,SOVRENINS,2018-01-02,0.5,,,0.5,100,2026-04-08T02:59:46.944851+00:00
66314,SOVRENINS,2018-01-03,0.5,,,0.5,0,2026-04-08T02:59:49.25236+00:00
66406,SOVRENINS,2018-01-04,0.5,,,0.5,0,2026-04-08T02:59:51.440942+00:00
66498,SOVRENINS,2018-01-05,0.5,,,0.5,1000,2026-04-08T02:59:53.632679+00:00
66590,SOVRENINS,2018-01-08,0.5,,,0.5,12000,2026-04-08T02:59:58.187375+00:00
66682,SOVRENINS,2018-01-09,0.5,,,0.5,13000,2026-04-08T03:00:00.526076+00:00
66774,SOVRENINS,2018-01-10,0.5,,,0.5,1070000,2026-04-08T03:00:02.789006+00:00
66866,SOVRENINS,2018-01-11,0.5,,,0.5,0,2026-04-08T03:00:05.007224+00:00
66958,SOVRENINS,2018-01-12,0.5,,,0.5,0,2026-04-08T03:00:07.437621+00:00
67050,SOVRENINS,2018-01-15,0.5,,,0.5,0,2026-04-08T03:00:11.967979+00:00
67142,SOVRENINS,2018-01-16,0.5,,,0.5,0,2026-04-08T03:00:14.274869+00:00
67234,SOVRENINS,2018-01-17,0.5,,,0.5,0,2026-04-08T03:00:16.592861+00:00
67326,SOVRENINS,2018-01-18,0.5,,,0.5,0,2026-04-08T03:00:18.874572+00:00
67418,SOVRENINS,2018-01-19,0.5,,,0.5,0,2026-04-08T03:00:21.223293+00:00
67510,SOVRENINS,2018-01-22,0.5,,,0.5,0,2026-04-08T03:00:25.613479+00:00
67602,SOVRENINS,2018-01-23,0.5,,,0.5,0,2026-04-08T03:00:27.792672+00:00
67694,SOVRENINS,2018-01-24,0.5,,,0.5,0,2026-04-08T03:00:29.955701+00:00
67786,SOVRENINS,2018-01-25,0.5,,,0.5,0,2026-04-08T03:00:32.149736+00:00
67878,SOVRENINS,2018-01-26,0.5,,,0.5,0,2026-04-08T03:00:34.314441+00:00
67970,SOVRENINS,2018-01-30,0.5,,,0.5,0,2026-04-08T03:00:39.498781+00:00
68062,SOVRENINS,2018-01-31,0.5,,,0.5,0,2026-04-08T03:00:41.874276+00:00
68154,SOVRENINS,2018-02-01,0.48,,,0.48,100000,2026-04-08T03:00:44.260901+00:00
68246,SOVRENINS,2018-02-02,0.48,,,0.48,0,2026-04-08T03:00:46.552556+00:00
68338,SOVRENINS,2018-02-05,0.48,,,0.48,0,2026-04-08T03:00:50.820837+00:00
68430,SOVRENINS,2018-02-06,0.48,,,0.48,0,2026-04-08T03:00:53.862975+00:00
68522,SOVRENINS,2018-02-07,0.48,,,0.48,0,2026-04-08T03:00:56.249659+00:00
68614,SOVRENINS,2018-02-08,0.48,,,0.48,0,2026-04-08T03:00:58.532515+00:00
68706,SOVRENINS,2018-02-12,0.48,,,0.48,10,2026-04-08T03:01:04.382325+00:00
68798,SOVRENINS,2018-02-13,0.48,,,0.48,20,2026-04-08T03:01:06.5746+00:00
68890,SOVRENINS,2018-02-14,0.48,,,0.48,0,2026-04-08T03:01:08.960618+00:00
68982,SOVRENINS,2018-02-15,0.48,,,0.48,0,2026-04-08T03:01:11.158693+00:00
69074,SOVRENINS,2018-02-16,0.48,,,0.48,0,2026-04-08T03:01:13.607551+00:00
69166,SOVRENINS,2018-02-19,0.48,,,0.48,0,2026-04-08T03:01:18.187191+00:00
69258,SOVRENINS,2018-02-20,0.48,,,0.48,0,2026-04-08T03:01:20.554931+00:00
69350,SOVRENINS,2018-02-22,0.48,,,0.48,0,2026-04-08T03:01:23.957413+00:00
69442,SOVRENINS,2018-02-26,0.46,,,0.46,101000,2026-04-08T03:01:29.317338+00:00
69534,SOVRENINS,2018-02-27,0.44,,,0.44,4487399,2026-04-08T03:01:31.58282+00:00
69626,SOVRENINS,2018-02-28,0.42,,,0.42,4931646,2026-04-08T03:01:33.916623+00:00
69718,SOVRENINS,2018-03-01,0.4,,,0.4,376000,2026-04-08T03:01:36.321302+00:00
69810,SOVRENINS,2018-03-02,0.38,,,0.38,101000,2026-04-08T03:01:38.625174+00:00
69902,SOVRENINS,2018-03-05,0.37,,,0.37,100002,2026-04-08T03:01:43.47208+00:00
69994,SOVRENINS,2018-03-06,0.36,,,0.36,100001,2026-04-08T03:01:45.677681+00:00
70086,SOVRENINS,2018-03-08,0.34,,,0.34,102301,2026-04-08T03:01:48.923554+00:00
70178,SOVRENINS,2018-03-09,0.33,,,0.33,3398101,2026-04-08T03:01:51.131195+00:00
70270,SOVRENINS,2018-03-12,0.32,,,0.32,1020600,2026-04-08T03:01:55.382529+00:00
70362,SOVRENINS,2018-03-13,0.31,,,0.31,513916,2026-04-08T03:01:57.721961+00:00
70454,SOVRENINS,2018-03-14,0.3,,,0.3,605442,2026-04-08T03:02:00.06799+00:00
70546,SOVRENINS,2018-03-15,0.29,,,0.29,1036199,2026-04-08T03:02:02.587626+00:00
70638,SOVRENINS,2018-03-16,0.28,,,0.28,763884,2026-04-08T03:02:05.049003+00:00
70730,SOVRENINS,2018-03-19,0.27,,,0.27,431000,2026-04-08T03:02:09.713694+00:00
70822,SOVRENINS,2018-03-20,0.26,,,0.26,110100,2026-04-08T03:02:12.039098+00:00
70914,SOVRENINS,2018-03-21,0.26,,,0.26,58400,2026-04-08T03:02:14.26344+00:00
71006,SOVRENINS,2018-03-22,0.26,,,0.26,0,2026-04-08T03:02:16.655807+00:00
71098,SOVRENINS,2018-03-23,0.25,,,0.25,100000,2026-04-08T03:02:19.005936+00:00
71190,SOVRENINS,2018-03-26,0.24,,,0.24,100000,2026-04-08T03:02:23.356301+00:00
71282,SOVRENINS,2018-03-27,0.24,,,0.24,10,2026-04-08T03:02:25.602463+00:00
71374,SOVRENINS,2018-03-28,0.24,,,0.24,1100,2026-04-08T03:02:28.271075+00:00
71466,SOVRENINS,2018-03-29,0.23,,,0.23,100000,2026-04-08T03:02:31.326472+00:00
71558,SOVRENINS,2018-04-03,0.22,,,0.22,257300,2026-04-08T03:02:37.862294+00:00
71650,SOVRENINS,2018-04-04,0.2,,,0.2,2562810,2026-04-08T03:02:40.086392+00:00
71742,SOVRENINS,2018-04-05,0.2,,,0.2,135010,2026-04-08T03:02:42.518452+00:00
71834,SOVRENINS,2018-04-09,0.2,,,0.2,14336500,2026-04-08T03:02:48.00481+00:00
71926,SOVRENINS,2018-04-10,0.2,,,0.2,82457600,2026-04-08T03:02:50.293549+00:00
72018,SOVRENINS,2018-04-11,0.2,,,0.2,9629882,2026-04-08T03:02:52.723357+00:00
72110,SOVRENINS,2018-04-12,0.2,,,0.2,68200,2026-04-08T03:02:54.976434+00:00
72202,SOVRENINS,2018-04-13,0.21,,,0.21,15517697,2026-04-08T03:02:57.419716+00:00
72295,SOVRENINS,2018-04-16,0.22,,,0.22,170990,2026-04-08T03:03:01.748445+00:00
72388,SOVRENINS,2018-04-17,0.23,,,0.23,2548873,2026-04-08T03:03:04.013915+00:00
72481,SOVRENINS,2018-04-18,0.22,,,0.22,7555365,2026-04-08T03:03:06.304604+00:00
72574,SOVRENINS,2018-04-19,0.23,,,0.23,4659647,2026-04-08T03:03:08.631091+00:00
72667,SOVRENINS,2018-04-20,0.22,,,0.22,7500000,2026-04-08T03:03:11.181142+00:00
72760,SOVRENINS,2018-04-23,0.23,,,0.23,2108875,2026-04-08T03:03:15.702548+00:00
72853,SOVRENINS,2018-04-24,0.22,,,0.22,5920077,2026-04-08T03:03:17.976864+00:00
72946,SOVRENINS,2018-04-25,0.22,,,0.22,1311000,2026-04-08T03:03:20.281484+00:00
73039,SOVRENINS,2018-04-26,0.22,,,0.22,5047000,2026-04-08T03:03:22.503544+00:00
73132,SOVRENINS,2018-04-27,0.23,,,0.23,5355611,2026-04-08T03:03:24.801147+00:00
73225,SOVRENINS,2018-04-30,0.22,,,0.22,13756716,2026-04-08T03:03:29.288658+00:00
73318,SOVRENINS,2018-05-02,0.22,,,0.22,2115100,2026-04-08T03:03:32.97882+00:00
73411,SOVRENINS,2018-05-03,0.22,,,0.22,10477900,2026-04-08T03:03:35.46093+00:00
73504,SOVRENINS,2018-05-04,0.22,,,0.22,11095500,2026-04-08T03:03:38.142449+00:00
73597,SOVRENINS,2018-05-07,0.22,,,0.22,16589344,2026-04-08T03:03:42.835383+00:00
73690,SOVRENINS,2018-05-08,0.22,,,0.22,18676589,2026-04-08T03:03:45.094212+00:00
73783,SOVRENINS,2018-05-09,0.21,,,0.21,2714220,2026-04-08T03:03:47.354492+00:00
73876,SOVRENINS,2018-05-10,0.2,,,0.2,1338420,2026-04-08T03:03:49.581225+00:00
73969,SOVRENINS,2018-05-11,0.2,,,0.2,19843822,2026-04-08T03:03:51.923758+00:00
74062,SOVRENINS,2018-05-14,0.2,,,0.2,12443012,2026-04-08T03:03:56.261604+00:00
74155,SOVRENINS,2018-05-15,0.21,,,0.21,6821800,2026-04-08T03:03:58.63318+00:00
74248,SOVRENINS,2018-05-16,0.22,,,0.22,158800,2026-04-08T03:04:02.494817+00:00
74341,SOVRENINS,2018-05-17,0.24,,,0.24,3086000,2026-04-08T03:04:04.853265+00:00
74434,SOVRENINS,2018-05-18,0.26,,,0.26,27112219,2026-04-08T03:04:09.280828+00:00
74527,SOVRENINS,2018-05-21,0.25,,,0.25,3226862,2026-04-08T03:04:14.640212+00:00
74620,SOVRENINS,2018-05-22,0.25,,,0.25,17187700,2026-04-08T03:04:17.13602+00:00
74713,SOVRENINS,2018-05-24,0.25,,,0.25,53526264,2026-04-08T03:04:20.857799+00:00
74806,SOVRENINS,2018-05-25,0.26,,,0.26,4383259,2026-04-08T03:04:23.533051+00:00
74899,SOVRENINS,2018-05-28,0.27,,,0.27,5963196,2026-04-08T03:04:28.151981+00:00
74992,SOVRENINS,2018-05-31,0.26,,,0.26,2157024,2026-04-08T03:04:33.384321+00:00
75085,SOVRENINS,2018-06-01,0.27,,,0.27,73037500,2026-04-08T03:04:35.846588+00:00
75178,SOVRENINS,2018-06-04,0.27,,,0.27,33014181,2026-04-08T03:04:40.216574+00:00
75271,SOVRENINS,2018-06-05,0.26,,,0.26,418000,2026-04-08T03:04:42.57091+00:00
75364,SOVRENINS,2018-06-06,0.25,,,0.25,5699000,2026-04-08T03:04:44.928825+00:00
75457,SOVRENINS,2018-06-07,0.26,,,0.26,5597984,2026-04-08T03:04:47.263813+00:00
75550,SOVRENINS,2018-06-08,0.27,,,0.27,9300123,2026-04-08T03:04:49.462509+00:00
75643,SOVRENINS,2018-06-11,0.27,,,0.27,1415500,2026-04-08T03:04:53.988129+00:00
75736,SOVRENINS,2018-06-12,0.26,,,0.26,382000,2026-04-08T03:04:56.284057+00:00
75829,SOVRENINS,2018-06-13,0.27,,,0.27,413198,2026-04-08T03:04:58.638577+00:00
75922,SOVRENINS,2018-06-14,0.28,,,0.28,4105200,2026-04-08T03:05:00.901161+00:00
76015,SOVRENINS,2018-06-19,0.28,,,0.28,204949,2026-04-08T03:05:07.639029+00:00
76108,SOVRENINS,2018-06-20,0.28,,,0.28,27620,2026-04-08T03:05:09.924133+00:00
76201,SOVRENINS,2018-06-21,0.29,,,0.29,257048,2026-04-08T03:05:12.376626+00:00
76294,SOVRENINS,2018-06-22,0.31,,,0.31,1428113,2026-04-08T03:05:14.680862+00:00
76387,SOVRENINS,2018-06-25,0.31,,,0.31,4823176,2026-04-08T03:05:19.028214+00:00
76481,SOVRENINS,2018-06-26,0.31,,,0.31,1048404,2026-04-08T03:05:21.361472+00:00
76575,SOVRENINS,2018-06-27,0.3,,,0.3,715150,2026-04-08T03:05:23.730487+00:00
76669,SOVRENINS,2018-06-28,0.3,,,0.3,412310,2026-04-08T03:05:26.342484+00:00
76763,SOVRENINS,2018-06-29,0.3,,,0.3,1057850,2026-04-08T03:05:28.786725+00:00
76857,SOVRENINS,2018-07-02,0.3,,,0.3,0,2026-04-08T03:05:34.742081+00:00
76951,SOVRENINS,2018-07-03,0.3,,,0.3,310387,2026-04-08T03:05:37.830893+00:00
77045,SOVRENINS,2018-07-04,0.3,,,0.3,128360,2026-04-08T03:05:40.225299+00:00
77139,SOVRENINS,2018-07-05,0.3,,,0.3,56000,2026-04-08T03:05:42.479897+00:00
77233,SOVRENINS,2018-07-06,0.27,,,0.27,7656000,2026-04-08T03:05:44.93013+00:00
77327,SOVRENINS,2018-07-09,0.26,,,0.26,6503700,2026-04-08T03:05:49.395513+00:00
77421,SOVRENINS,2018-07-10,0.24,,,0.24,13743000,2026-04-08T03:05:51.797285+00:00
77515,SOVRENINS,2018-07-11,0.22,,,0.22,4490368,2026-04-08T03:05:54.14171+00:00
77609,SOVRENINS,2018-07-12,0.21,,,0.21,33770026,2026-04-08T03:05:56.629461+00:00
77703,SOVRENINS,2018-07-13,0.23,,,0.23,14660472,2026-04-08T03:05:59.112955+00:00
77797,SOVRENINS,2018-07-16,0.25,,,0.25,1750000,2026-04-08T03:06:03.612411+00:00
77892,SOVRENINS,2018-07-17,0.27,,,0.27,13304654,2026-04-08T03:06:06.031894+00:00
77987,SOVRENINS,2018-07-18,0.29,,,0.29,4456377,2026-04-08T03:06:08.398083+00:00
78082,SOVRENINS,2018-07-19,0.27,,,0.27,3910429,2026-04-08T03:06:10.625391+00:00
78177,SOVRENINS,2018-07-20,0.25,,,0.25,416023,2026-04-08T03:06:13.100822+00:00
78272,SOVRENINS,2018-07-23,0.25,,,0.25,2437964,2026-04-08T03:06:17.450644+00:00
78367,SOVRENINS,2018-07-24,0.25,,,0.25,3729109,2026-04-08T03:06:19.846153+00:00
78462,SOVRENINS,2018-07-25,0.23,,,0.23,1094489,2026-04-08T03:06:22.17218+00:00
78557,SOVRENINS,2018-07-26,0.25,,,0.25,554859,2026-04-08T03:06:24.338643+00:00
78652,SOVRENINS,2018-07-27,0.26,,,0.26,523161,2026-04-08T03:06:26.70773+00:00
78747,SOVRENINS,2018-07-30,0.28,,,0.28,127400,2026-04-08T03:06:31.357035+00:00
78842,SOVRENINS,2018-07-31,0.27,,,0.27,1050614,2026-04-08T03:06:33.766078+00:00
78937,SOVRENINS,2018-08-01,0.26,,,0.26,1211720,2026-04-08T03:06:36.22345+00:00
79032,SOVRENINS,2018-08-02,0.26,,,0.26,363968,2026-04-08T03:06:38.596191+00:00
79127,SOVRENINS,2018-08-03,0.26,,,0.26,707073,2026-04-08T03:06:41.315743+00:00
79222,SOVRENINS,2018-08-06,0.25,,,0.25,2286000,2026-04-08T03:06:46.359416+00:00
79317,SOVRENINS,2018-08-07,0.23,,,0.23,9351931,2026-04-08T03:06:48.623378+00:00
79412,SOVRENINS,2018-08-08,0.25,,,0.25,14128257,2026-04-08T03:06:51.110249+00:00
79507,SOVRENINS,2018-08-09,0.26,,,0.26,5990312,2026-04-08T03:06:53.45187+00:00
79602,SOVRENINS,2018-08-10,0.24,,,0.24,2405851,2026-04-08T03:06:56.254972+00:00
79697,SOVRENINS,2018-08-13,0.24,,,0.24,610000,2026-04-08T03:07:00.870215+00:00
79792,SOVRENINS,2018-08-14,0.25,,,0.25,1081000,2026-04-08T03:07:03.258394+00:00
79887,SOVRENINS,2018-08-15,0.25,,,0.25,5765135,2026-04-08T03:07:05.636903+00:00
79982,SOVRENINS,2018-08-16,0.26,,,0.26,1014125,2026-04-08T03:07:07.96787+00:00
80077,SOVRENINS,2018-08-17,0.26,,,0.26,2237844,2026-04-08T03:07:10.276143+00:00
80172,SOVRENINS,2018-08-20,0.26,,,0.26,997100,2026-04-08T03:07:14.92421+00:00
80267,SOVRENINS,2018-08-24,0.25,,,0.25,116000,2026-04-08T03:07:20.612873+00:00
80362,SOVRENINS,2018-08-27,0.25,,,0.25,134002,2026-04-08T03:07:24.735515+00:00
80457,SOVRENINS,2018-08-28,0.25,,,0.25,1279433,2026-04-08T03:07:26.964049+00:00
80552,SOVRENINS,2018-08-29,0.25,,,0.25,813000,2026-04-08T03:07:29.382314+00:00
80647,SOVRENINS,2018-08-30,0.25,,,0.25,492000,2026-04-08T03:07:31.753519+00:00
80742,SOVRENINS,2018-08-31,0.24,,,0.24,673400,2026-04-08T03:07:34.108038+00:00
80837,SOVRENINS,2018-09-03,0.25,,,0.25,1253534,2026-04-08T03:07:38.483999+00:00
80932,SOVRENINS,2018-09-05,0.23,,,0.23,3139824,2026-04-08T03:07:41.733647+00:00
81027,SOVRENINS,2018-09-06,0.25,,,0.25,6334400,2026-04-08T03:07:44.232746+00:00
81122,SOVRENINS,2018-09-07,0.25,,,0.25,12659716,2026-04-08T03:07:46.695234+00:00
81217,SOVRENINS,2018-09-10,0.24,,,0.24,1201000,2026-04-08T03:07:51.133138+00:00
81317,SOVRENINS,2018-09-11,0.24,,,0.24,3311315,2026-04-08T03:07:53.572062+00:00
81419,SOVRENINS,2018-09-12,0.24,,,0.24,0,2026-04-08T03:07:56.190409+00:00
81521,SOVRENINS,2018-09-13,0.23,,,0.23,1470000,2026-04-08T03:07:58.529226+00:00
81623,SOVRENINS,2018-09-14,0.23,,,0.23,1106000,2026-04-08T03:08:00.944137+00:00
81725,SOVRENINS,2018-09-17,0.24,,,0.24,1470000,2026-04-08T03:08:05.572353+00:00
81827,SOVRENINS,2018-09-18,0.22,,,0.22,4582188,2026-04-08T03:08:07.840784+00:00
81929,SOVRENINS,2018-09-19,0.24,,,0.24,806113,2026-04-08T03:08:10.07554+00:00
82031,SOVRENINS,2018-09-20,0.24,,,0.24,203543,2026-04-08T03:08:12.389642+00:00
82133,SOVRENINS,2018-09-21,0.24,,,0.24,1238236,2026-04-08T03:08:14.761127+00:00
82235,SOVRENINS,2018-09-24,0.25,,,0.25,2087344,2026-04-08T03:08:19.182113+00:00
82337,SOVRENINS,2018-09-25,0.24,,,0.24,1842000,2026-04-08T03:08:21.370615+00:00
82439,SOVRENINS,2018-09-26,0.25,,,0.25,514183,2026-04-08T03:08:24.494451+00:00
82541,SOVRENINS,2018-09-27,0.25,,,0.25,806000,2026-04-08T03:08:26.812803+00:00
82643,SOVRENINS,2018-09-28,0.23,,,0.23,2590500,2026-04-08T03:08:29.283021+00:00
82745,SOVRENINS,2018-10-02,0.23,,,0.23,3174742,2026-04-08T03:08:34.887787+00:00
82847,SOVRENINS,2018-10-04,0.24,,,0.24,604000,2026-04-08T03:08:38.279141+00:00
82949,SOVRENINS,2018-10-05,0.24,,,0.24,2183,2026-04-08T03:08:40.455926+00:00
83051,SOVRENINS,2018-10-08,0.24,,,0.24,44300,2026-04-08T03:08:45.286665+00:00
83153,SOVRENINS,2018-10-09,0.24,,,0.24,557300,2026-04-08T03:08:47.584215+00:00
83255,SOVRENINS,2018-10-10,0.24,,,0.24,76000,2026-04-08T03:08:50.198924+00:00
83357,SOVRENINS,2018-10-11,0.24,,,0.24,202000,2026-04-08T03:08:52.595743+00:00
83459,SOVRENINS,2018-10-12,0.24,,,0.24,1629874,2026-04-08T03:08:54.923298+00:00
83561,SOVRENINS,2018-10-15,0.24,,,0.24,200500,2026-04-08T03:08:59.688494+00:00
83663,SOVRENINS,2018-10-16,0.24,,,0.24,4082499,2026-04-08T03:09:01.98694+00:00
83765,SOVRENINS,2018-10-17,0.23,,,0.23,122000,2026-04-08T03:09:04.302348+00:00
83867,SOVRENINS,2018-10-18,0.23,,,0.23,80100,2026-04-08T03:09:06.644992+00:00
83969,SOVRENINS,2018-10-19,0.21,,,0.21,5721133,2026-04-08T03:09:09.038287+00:00
84071,SOVRENINS,2018-10-22,0.2,,,0.2,10136238,2026-04-08T03:09:13.967+00:00
84173,SOVRENINS,2018-10-23,0.2,,,0.2,174000,2026-04-08T03:09:16.194722+00:00
84275,SOVRENINS,2018-10-24,0.2,,,0.2,350000,2026-04-08T03:09:18.448083+00:00
84377,SOVRENINS,2018-10-25,0.2,,,0.2,760000,2026-04-08T03:09:20.631413+00:00
84479,SOVRENINS,2018-10-26,0.2,,,0.2,2545100,2026-04-08T03:09:23.109094+00:00
84581,SOVRENINS,2018-10-29,0.2,,,0.2,45100,2026-04-08T03:09:27.901396+00:00
84683,SOVRENINS,2018-10-30,0.2,,,0.2,2000,2026-04-08T03:09:30.377337+00:00
84785,SOVRENINS,2018-10-31,0.2,,,0.2,511000,2026-04-08T03:09:32.658485+00:00
84887,SOVRENINS,2018-11-01,0.2,,,0.2,200000,2026-04-08T03:09:35.048509+00:00
84989,SOVRENINS,2018-11-02,0.2,,,0.2,0,2026-04-08T03:09:37.41202+00:00
85091,SOVRENINS,2018-11-05,0.2,,,0.2,400,2026-04-08T03:09:41.998643+00:00
85193,SOVRENINS,2018-11-06,0.2,,,0.2,45000,2026-04-08T03:09:44.485046+00:00
85295,SOVRENINS,2018-11-08,0.2,,,0.2,282600,2026-04-08T03:09:47.843283+00:00
85397,SOVRENINS,2018-11-09,0.2,,,0.2,0,2026-04-08T03:09:50.169754+00:00
85499,SOVRENINS,2018-11-12,0.2,,,0.2,0,2026-04-08T03:09:54.975549+00:00
85601,SOVRENINS,2018-11-13,0.2,,,0.2,201750,2026-04-08T03:09:57.558923+00:00
85703,SOVRENINS,2018-11-14,0.2,,,0.2,10000,2026-04-08T03:09:59.910116+00:00
85805,SOVRENINS,2018-11-15,0.2,,,0.2,200,2026-04-08T03:10:02.252366+00:00
85907,SOVRENINS,2018-11-16,0.2,,,0.2,0,2026-04-08T03:10:04.527169+00:00
86009,SOVRENINS,2018-11-19,0.2,,,0.2,30995,2026-04-08T03:10:09.122468+00:00
86111,SOVRENINS,2018-11-21,0.2,,,0.2,75020,2026-04-08T03:10:12.622729+00:00
86213,SOVRENINS,2018-11-22,0.2,,,0.2,77000,2026-04-08T03:10:14.989948+00:00
86315,SOVRENINS,2018-11-23,0.2,,,0.2,0,2026-04-08T03:10:17.221139+00:00
86417,SOVRENINS,2018-11-26,0.2,,,0.2,10000,2026-04-08T03:10:22.142454+00:00
86519,SOVRENINS,2018-11-27,0.2,,,0.2,490000,2026-04-08T03:10:24.421595+00:00
86621,SOVRENINS,2018-11-28,0.2,,,0.2,1210100,2026-04-08T03:10:26.708398+00:00
86723,SOVRENINS,2018-11-29,0.2,,,0.2,650000,2026-04-08T03:10:29.255332+00:00
86825,SOVRENINS,2018-11-30,0.2,,,0.2,80000,2026-04-08T03:10:32.706086+00:00
86927,SOVRENINS,2018-12-03,0.2,,,0.2,35000,2026-04-08T03:10:37.185914+00:00
87029,SOVRENINS,2018-12-04,0.2,,,0.2,0,2026-04-08T03:10:39.607482+00:00
87131,SOVRENINS,2018-12-05,0.2,,,0.2,0,2026-04-08T03:10:42.037497+00:00
87233,SOVRENINS,2018-12-06,0.2,,,0.2,0,2026-04-08T03:10:44.312069+00:00
87335,SOVRENINS,2018-12-07,0.2,,,0.2,0,2026-04-08T03:10:46.663078+00:00
87437,SOVRENINS,2018-12-10,0.2,,,0.2,52000,2026-04-08T03:10:51.346822+00:00
87539,SOVRENINS,2018-12-11,0.2,,,0.2,62110,2026-04-08T03:10:53.613329+00:00
87641,SOVRENINS,2018-12-12,0.2,,,0.2,0,2026-04-08T03:10:55.983376+00:00
87743,SOVRENINS,2018-12-13,0.2,,,0.2,958,2026-04-08T03:10:58.622726+00:00
87845,SOVRENINS,2018-12-17,0.2,,,0.2,210000,2026-04-08T03:11:04.071168+00:00
87946,SOVRENINS,2018-12-18,0.2,,,0.2,0,2026-04-08T03:11:06.547404+00:00
88047,SOVRENINS,2018-12-19,0.2,,,0.2,0,2026-04-08T03:11:08.930184+00:00
88148,SOVRENINS,2018-12-21,0.2,,,0.2,0,2026-04-08T03:11:13.038597+00:00
88249,SOVRENINS,2018-12-24,0.2,,,0.2,5137736,2026-04-08T03:11:17.396489+00:00
88351,SOVRENINS,2018-12-31,0.21,,,0.21,2402272,2026-04-08T03:11:26.963749+00:00
88453,SOVRENINS,2019-01-04,0.21,,,0.21,5905005,2026-04-08T03:11:33.101723+00:00
88555,SOVRENINS,2019-01-07,0.21,,,0.21,6194680,2026-04-08T03:11:37.396019+00:00
88657,SOVRENINS,2019-01-08,0.2,,,0.2,3714100,2026-04-08T03:11:39.720871+00:00
88759,SOVRENINS,2019-01-09,0.2,,,0.2,1010000,2026-04-08T03:11:42.122758+00:00
88861,SOVRENINS,2019-01-10,0.2,,,0.2,25000,2026-04-08T03:11:44.4712+00:00
88963,SOVRENINS,2019-01-11,0.2,,,0.2,589500,2026-04-08T03:11:46.864498+00:00
89065,SOVRENINS,2019-01-14,0.2,,,0.2,500000,2026-04-08T03:11:51.386431+00:00
89167,SOVRENINS,2019-01-15,0.2,,,0.2,1354890,2026-04-08T03:11:53.781694+00:00
89269,SOVRENINS,2019-01-16,0.22,,,0.22,6890194,2026-04-08T03:11:56.273278+00:00
89371,SOVRENINS,2019-01-17,0.24,,,0.24,7431239,2026-04-08T03:11:58.633279+00:00
89473,SOVRENINS,2019-01-18,0.26,,,0.26,11804844,2026-04-08T03:12:01.678716+00:00
89575,SOVRENINS,2019-01-21,0.24,,,0.24,4942923,2026-04-08T03:12:06.146982+00:00
89677,SOVRENINS,2019-01-22,0.22,,,0.22,2293000,2026-04-08T03:12:26.450353+00:00
89779,SOVRENINS,2019-01-23,0.21,,,0.21,2380580,2026-04-08T03:12:28.985884+00:00
89881,SOVRENINS,2019-01-24,0.2,,,0.2,1481227,2026-04-08T03:12:31.471104+00:00
89983,SOVRENINS,2019-01-25,0.21,,,0.21,1588945,2026-04-08T03:12:33.831732+00:00
90085,SOVRENINS,2019-01-28,0.2,,,0.2,2485920,2026-04-08T03:12:38.324+00:00
90187,SOVRENINS,2019-01-29,0.2,,,0.2,1238201,2026-04-08T03:12:40.769031+00:00
90289,SOVRENINS,2019-01-30,0.2,,,0.2,40200,2026-04-08T03:12:43.207065+00:00
90391,SOVRENINS,2019-01-31,0.2,,,0.2,1115000,2026-04-08T03:12:45.452606+00:00
90493,SOVRENINS,2019-02-01,0.2,,,0.2,443747,2026-04-08T03:12:47.65569+00:00
90595,SOVRENINS,2019-02-04,0.2,,,0.2,190000,2026-04-08T03:12:52.008801+00:00
90697,SOVRENINS,2019-02-05,0.2,,,0.2,1823000,2026-04-08T03:12:54.428036+00:00
90799,SOVRENINS,2019-02-06,0.21,,,0.21,3578795,2026-04-08T03:12:56.795589+00:00
90901,SOVRENINS,2019-02-07,0.2,,,0.2,1338233,2026-04-08T03:12:59.333395+00:00
91003,SOVRENINS,2019-02-08,0.21,,,0.21,1146187,2026-04-08T03:13:01.766173+00:00
91105,SOVRENINS,2019-02-11,0.21,,,0.21,3056928,2026-04-08T03:13:07.807824+00:00
91207,SOVRENINS,2019-02-12,0.22,,,0.22,1503075,2026-04-08T03:13:10.389121+00:00
91309,SOVRENINS,2019-02-13,0.21,,,0.21,4607691,2026-04-08T03:13:13.120558+00:00
91411,SOVRENINS,2019-02-14,0.22,,,0.22,330000,2026-04-08T03:13:15.610167+00:00
91513,SOVRENINS,2019-02-15,0.22,,,0.22,334472,2026-04-08T03:13:17.960235+00:00
91615,SOVRENINS,2019-02-18,0.21,,,0.21,1021613,2026-04-08T03:13:22.383964+00:00
91717,SOVRENINS,2019-02-19,0.23,,,0.23,3464974,2026-04-08T03:13:24.617569+00:00
91819,SOVRENINS,2019-02-20,0.23,,,0.23,4312541,2026-04-08T03:13:26.870792+00:00
91921,SOVRENINS,2019-02-22,0.23,,,0.23,602000,2026-04-08T03:13:30.442816+00:00
92023,SOVRENINS,2019-02-25,0.25,,,0.25,4805625,2026-04-08T03:13:35.015549+00:00
92125,SOVRENINS,2019-02-26,0.27,,,0.27,11125102,2026-04-08T03:13:37.412672+00:00
92227,SOVRENINS,2019-02-27,0.26,,,0.26,1309851,2026-04-08T03:13:39.910522+00:00
92329,SOVRENINS,2019-02-28,0.24,,,0.24,613508,2026-04-08T03:13:42.435587+00:00
92431,SOVRENINS,2019-03-01,0.23,,,0.23,981592,2026-04-08T03:13:44.810709+00:00
92533,SOVRENINS,2019-03-04,0.25,,,0.25,340024,2026-04-08T03:13:49.353535+00:00
92635,SOVRENINS,2019-03-05,0.26,,,0.26,2525000,2026-04-08T03:13:51.846242+00:00
92737,SOVRENINS,2019-03-06,0.25,,,0.25,4189100,2026-04-08T03:13:54.267269+00:00
92839,SOVRENINS,2019-03-07,0.24,,,0.24,590410,2026-04-08T03:13:56.544072+00:00
92941,SOVRENINS,2019-03-08,0.25,,,0.25,62378115,2026-04-08T03:13:58.936546+00:00
93043,SOVRENINS,2019-03-11,0.25,,,0.25,1350000,2026-04-08T03:14:03.582539+00:00
93145,SOVRENINS,2019-03-12,0.25,,,0.25,8251,2026-04-08T03:14:06.149716+00:00
93247,SOVRENINS,2019-03-13,0.25,,,0.25,969373,2026-04-08T03:14:08.562819+00:00
93349,SOVRENINS,2019-03-14,0.25,,,0.25,573579,2026-04-08T03:14:10.990955+00:00
93451,SOVRENINS,2019-03-15,0.25,,,0.25,128536,2026-04-08T03:14:13.413527+00:00
93553,SOVRENINS,2019-03-18,0.23,,,0.23,5661100,2026-04-08T03:14:17.594172+00:00
93655,SOVRENINS,2019-03-19,0.21,,,0.21,6552984,2026-04-08T03:14:19.883177+00:00
93757,SOVRENINS,2019-03-20,0.2,,,0.2,11483644,2026-04-08T03:14:22.215184+00:00
93859,SOVRENINS,2019-03-21,0.22,,,0.22,2318000,2026-04-08T03:14:24.469396+00:00
93961,SOVRENINS,2019-03-22,0.22,,,0.22,2089200,2026-04-08T03:14:26.929153+00:00
94063,SOVRENINS,2019-03-25,0.22,,,0.22,0,2026-04-08T03:14:31.400562+00:00
94165,SOVRENINS,2019-03-26,0.22,,,0.22,199404,2026-04-08T03:14:33.80485+00:00
94267,SOVRENINS,2019-03-27,0.22,,,0.22,25000,2026-04-08T03:14:36.122563+00:00
94369,SOVRENINS,2019-03-28,0.2,,,0.2,1494000,2026-04-08T03:14:38.612625+00:00
94471,SOVRENINS,2019-03-29,0.2,,,0.2,400,2026-04-08T03:14:41.061692+00:00
94572,SOVRENINS,2019-04-01,0.2,,,0.2,3387662,2026-04-08T03:14:45.528331+00:00
94673,SOVRENINS,2019-04-02,0.22,,,0.22,1003622,2026-04-08T03:14:47.809526+00:00
94774,SOVRENINS,2019-04-03,0.23,,,0.23,4067500,2026-04-08T03:14:50.124237+00:00
94875,SOVRENINS,2019-04-04,0.22,,,0.22,6524926,2026-04-08T03:14:52.417245+00:00
94976,SOVRENINS,2019-04-05,0.23,,,0.23,3967330,2026-04-08T03:14:54.739567+00:00
95077,SOVRENINS,2019-04-08,0.23,,,0.23,15342152,2026-04-08T03:14:59.01768+00:00
95178,SOVRENINS,2019-04-09,0.24,,,0.24,160000,2026-04-08T03:15:01.233247+00:00
95279,SOVRENINS,2019-04-10,0.24,,,0.24,8101708,2026-04-08T03:15:03.446976+00:00
95380,SOVRENINS,2019-04-11,0.24,,,0.24,189498,2026-04-08T03:15:05.608759+00:00
95481,SOVRENINS,2019-04-12,0.24,,,0.24,47051144,2026-04-08T03:15:07.869644+00:00
95582,SOVRENINS,2019-04-15,0.24,,,0.24,45715904,2026-04-08T03:15:12.360876+00:00
95683,SOVRENINS,2019-04-16,0.24,,,0.24,2538600,2026-04-08T03:15:14.69338+00:00
95784,SOVRENINS,2019-04-17,0.24,,,0.24,5451000,2026-04-08T03:15:16.974822+00:00
95885,SOVRENINS,2019-04-18,0.24,,,0.24,1284500,2026-04-08T03:15:19.360663+00:00
95986,SOVRENINS,2019-04-23,0.25,,,0.25,981550,2026-04-08T03:15:26.04373+00:00
96088,SOVRENINS,2019-04-24,0.25,,,0.25,3940082,2026-04-08T03:15:28.31166+00:00
96190,SOVRENINS,2019-04-25,0.23,,,0.23,530100,2026-04-08T03:15:30.603437+00:00
96292,SOVRENINS,2019-04-26,0.25,,,0.25,5459368,2026-04-08T03:15:32.816712+00:00
96394,SOVRENINS,2019-04-29,0.25,,,0.25,1098658,2026-04-08T03:15:37.198623+00:00
96496,SOVRENINS,2019-04-30,0.24,,,0.24,6158655,2026-04-08T03:15:39.499507+00:00
96598,SOVRENINS,2019-05-02,0.25,,,0.25,172306,2026-04-08T03:15:42.839166+00:00
96700,SOVRENINS,2019-05-03,0.23,,,0.23,3000000,2026-04-08T03:15:45.02286+00:00
96802,SOVRENINS,2019-05-06,0.25,,,0.25,5860503,2026-04-08T03:15:49.380478+00:00
96904,SOVRENINS,2019-05-07,0.25,,,0.25,1210703,2026-04-08T03:15:51.609622+00:00
97006,SOVRENINS,2019-05-08,0.23,,,0.23,733000,2026-04-08T03:15:53.912422+00:00
97108,SOVRENINS,2019-05-09,0.23,,,0.23,1102251,2026-04-08T03:15:56.308435+00:00
97210,SOVRENINS,2019-05-10,0.25,,,0.25,44544624,2026-04-08T03:15:58.65517+00:00
97312,SOVRENINS,2019-05-13,0.25,,,0.25,44100,2026-04-08T03:16:02.955985+00:00
97414,SOVRENINS,2019-05-14,0.25,,,0.25,8000,2026-04-08T03:16:05.427951+00:00
97516,SOVRENINS,2019-05-15,0.25,,,0.25,2520,2026-04-08T03:16:07.709974+00:00
97618,SOVRENINS,2019-05-16,0.23,,,0.23,1031000,2026-04-08T03:16:09.947696+00:00
97720,SOVRENINS,2019-05-17,0.23,,,0.23,26000,2026-04-08T03:16:12.469468+00:00
97823,SOVRENINS,2019-05-20,0.23,,,0.23,73530,2026-04-08T03:16:16.967061+00:00
97926,SOVRENINS,2019-05-21,0.23,,,0.23,952080,2026-04-08T03:16:19.368023+00:00
98029,SOVRENINS,2019-05-22,0.23,,,0.23,14400,2026-04-08T03:16:21.741488+00:00
98132,SOVRENINS,2019-05-23,0.23,,,0.23,280755959,2026-04-08T03:16:24.010501+00:00
98235,SOVRENINS,2019-05-24,0.23,,,0.23,25001,2026-04-08T03:16:26.41346+00:00
98338,SOVRENINS,2019-05-27,0.25,,,0.25,119000,2026-04-08T03:16:30.812568+00:00
98441,SOVRENINS,2019-05-28,0.25,,,0.25,11000,2026-04-08T03:16:33.286405+00:00
98544,SOVRENINS,2019-05-30,0.23,,,0.23,5020000,2026-04-08T03:16:36.695359+00:00
98647,SOVRENINS,2019-05-31,0.23,,,0.23,2019220,2026-04-08T03:16:39.10826+00:00
98750,SOVRENINS,2019-06-03,0.23,,,0.23,794873,2026-04-08T03:16:43.376201+00:00
98853,SOVRENINS,2019-06-06,0.23,,,0.23,2400000,2026-04-08T03:16:48.034912+00:00
98956,SOVRENINS,2019-06-07,0.23,,,0.23,2429391,2026-04-08T03:16:50.186426+00:00
99059,SOVRENINS,2019-06-10,0.25,,,0.25,279100,2026-04-08T03:16:54.498349+00:00
99162,SOVRENINS,2019-06-11,0.23,,,0.23,1985549,2026-04-08T03:16:56.702394+00:00
99265,SOVRENINS,2019-06-13,0.23,,,0.23,19050,2026-04-08T03:17:00.140907+00:00
99368,SOVRENINS,2019-06-14,0.23,,,0.23,0,2026-04-08T03:17:02.289964+00:00
99471,SOVRENINS,2019-06-17,0.23,,,0.23,510580,2026-04-08T03:17:06.378621+00:00
99574,SOVRENINS,2019-06-18,0.23,,,0.23,3939682,2026-04-08T03:17:08.696624+00:00
99677,SOVRENINS,2019-06-19,0.23,,,0.23,3771679,2026-04-08T03:17:10.975867+00:00
99780,SOVRENINS,2019-06-20,0.23,,,0.23,2241000,2026-04-08T03:17:13.205784+00:00
99883,SOVRENINS,2019-06-24,0.21,,,0.21,1451000,2026-04-08T03:17:18.488118+00:00
99986,SOVRENINS,2019-06-25,0.23,,,0.23,941000,2026-04-08T03:17:20.712996+00:00
100089,SOVRENINS,2019-06-26,0.23,,,0.23,2004500,2026-04-08T03:17:23.021521+00:00
100192,SOVRENINS,2019-06-27,0.23,,,0.23,59600,2026-04-08T03:17:25.288917+00:00
100295,SOVRENINS,2019-06-28,0.23,,,0.23,18962,2026-04-08T03:17:27.669324+00:00
100398,SOVRENINS,2019-07-01,0.23,,,0.23,185638,2026-04-08T03:17:31.993492+00:00
100501,SOVRENINS,2019-07-02,0.23,,,0.23,520010,2026-04-08T03:17:34.195482+00:00
100604,SOVRENINS,2019-07-03,0.23,,,0.23,61500,2026-04-08T03:17:36.539656+00:00
100707,SOVRENINS,2019-07-04,0.21,,,0.21,4001980,2026-04-08T03:17:38.806977+00:00
100810,SOVRENINS,2019-07-05,0.21,,,0.21,807535,2026-04-08T03:17:41.292481+00:00
100913,SOVRENINS,2019-07-08,0.2,,,0.2,634545,2026-04-08T03:17:45.861747+00:00
101016,SOVRENINS,2019-07-09,0.2,,,0.2,70120,2026-04-08T03:17:48.217581+00:00
101120,SOVRENINS,2019-07-10,0.21,,,0.21,1163000,2026-04-08T03:17:50.676625+00:00
101224,SOVRENINS,2019-07-11,0.22,,,0.22,1014010,2026-04-08T03:17:53.082234+00:00
101328,SOVRENINS,2019-07-12,0.23,,,0.23,1000000,2026-04-08T03:17:55.503872+00:00
101432,SOVRENINS,2019-07-15,0.21,,,0.21,1523800,2026-04-08T03:18:00.039317+00:00
101536,SOVRENINS,2019-07-16,0.2,,,0.2,300200,2026-04-08T03:18:02.440443+00:00
101640,SOVRENINS,2019-07-17,0.2,,,0.2,96800,2026-04-08T03:18:04.729662+00:00
101744,SOVRENINS,2019-07-18,0.21,,,0.21,100110,2026-04-08T03:18:07.178594+00:00
101848,SOVRENINS,2019-07-19,0.21,,,0.21,109115,2026-04-08T03:18:09.535362+00:00
101952,SOVRENINS,2019-07-22,0.22,,,0.22,951610,2026-04-08T03:18:14.212024+00:00
102056,SOVRENINS,2019-07-23,0.21,,,0.21,536300,2026-04-08T03:18:16.654741+00:00
102160,SOVRENINS,2019-07-24,0.2,,,0.2,228443,2026-04-08T03:18:18.926554+00:00
102264,SOVRENINS,2019-07-25,0.21,,,0.21,527102,2026-04-08T03:18:21.127331+00:00
102368,SOVRENINS,2019-07-26,0.2,,,0.2,1461835,2026-04-08T03:18:23.508197+00:00
102472,SOVRENINS,2019-07-29,0.2,,,0.2,197559,2026-04-08T03:18:27.808584+00:00
102576,SOVRENINS,2019-07-30,0.2,,,0.2,933437,2026-04-08T03:18:30.090931+00:00
102680,SOVRENINS,2019-07-31,0.2,,,0.2,81200,2026-04-08T03:18:32.379029+00:00
102784,SOVRENINS,2019-08-01,0.2,,,0.2,271051,2026-04-08T03:18:34.721051+00:00
102888,SOVRENINS,2019-08-02,0.2,,,0.2,4795,2026-04-08T03:18:37.148519+00:00
102992,SOVRENINS,2019-08-05,0.2,,,0.2,431054,2026-04-08T03:18:41.327383+00:00
103096,SOVRENINS,2019-08-06,0.2,,,0.2,80420,2026-04-08T03:18:43.676077+00:00
103200,SOVRENINS,2019-08-07,0.2,,,0.2,607655,2026-04-08T03:18:45.952647+00:00
103304,SOVRENINS,2019-08-08,0.2,,,0.2,13490,2026-04-08T03:18:48.284739+00:00
103408,SOVRENINS,2019-08-09,0.2,,,0.2,11500,2026-04-08T03:18:50.530707+00:00
103512,SOVRENINS,2019-08-14,0.2,,,0.2,1700228,2026-04-08T03:18:57.313874+00:00
103616,SOVRENINS,2019-08-15,0.2,,,0.2,0,2026-04-08T03:18:59.647711+00:00
103720,SOVRENINS,2019-08-19,0.2,,,0.2,105000,2026-04-08T03:19:05.053534+00:00
103824,SOVRENINS,2019-08-20,0.2,,,0.2,235279,2026-04-08T03:19:07.283568+00:00
103928,SOVRENINS,2019-08-21,0.2,,,0.2,10000,2026-04-08T03:19:09.493441+00:00
104031,SOVRENINS,2019-08-22,0.2,,,0.2,1000,2026-04-08T03:19:11.834929+00:00
104134,SOVRENINS,2019-08-23,0.2,,,0.2,900007501,2026-04-08T03:19:14.066623+00:00
104237,SOVRENINS,2019-08-26,0.22,,,0.22,2506506,2026-04-08T03:19:18.291411+00:00
104340,SOVRENINS,2019-08-27,0.2,,,0.2,2043600,2026-04-08T03:19:20.588978+00:00
104443,SOVRENINS,2019-08-28,0.2,,,0.2,90500,2026-04-08T03:19:22.939533+00:00
104546,SOVRENINS,2019-08-29,0.2,,,0.2,83540,2026-04-08T03:19:25.308081+00:00
104649,SOVRENINS,2019-08-30,0.2,,,0.2,134999,2026-04-08T03:19:27.686427+00:00
104752,SOVRENINS,2019-09-02,0.2,,,0.2,150600,2026-04-08T03:19:32.075785+00:00
104855,SOVRENINS,2019-09-03,0.2,,,0.2,6000,2026-04-08T03:19:34.366833+00:00
104958,SOVRENINS,2019-09-04,0.2,,,0.2,202100,2026-04-08T03:19:36.608723+00:00
105061,SOVRENINS,2019-09-05,0.2,,,0.2,0,2026-04-08T03:19:38.984327+00:00
105164,SOVRENINS,2019-09-06,0.2,,,0.2,100,2026-04-08T03:19:41.363212+00:00
105267,SOVRENINS,2019-09-09,0.2,,,0.2,0,2026-04-08T03:19:45.624302+00:00
105370,SOVRENINS,2019-09-10,0.2,,,0.2,0,2026-04-08T03:19:47.977958+00:00
105473,SOVRENINS,2019-09-11,0.2,,,0.2,0,2026-04-08T03:19:50.333421+00:00
105576,SOVRENINS,2019-09-12,0.2,,,0.2,50,2026-04-08T03:19:52.607202+00:00
105679,SOVRENINS,2019-09-13,0.2,,,0.2,250000,2026-04-08T03:19:55.083512+00:00
105782,SOVRENINS,2019-09-16,0.2,,,0.2,797450,2026-04-08T03:19:59.701348+00:00
105885,SOVRENINS,2019-09-17,0.2,,,0.2,11000,2026-04-08T03:20:02.523968+00:00
105988,SOVRENINS,2019-09-18,0.2,,,0.2,550500,2026-04-08T03:20:05.488272+00:00
106091,SOVRENINS,2019-09-19,0.2,,,0.2,86600,2026-04-08T03:20:08.114889+00:00
106194,SOVRENINS,2019-09-20,0.2,,,0.2,500000,2026-04-08T03:20:10.721894+00:00
106297,SOVRENINS,2019-09-23,0.2,,,0.2,0,2026-04-08T03:20:15.267012+00:00
106400,SOVRENINS,2019-09-24,0.2,,,0.2,0,2026-04-08T03:20:17.630341+00:00
106503,SOVRENINS,2019-09-25,0.2,,,0.2,100000,2026-04-08T03:20:20.165626+00:00
106606,SOVRENINS,2019-09-26,0.2,,,0.2,0,2026-04-08T03:20:22.92566+00:00
106709,SOVRENINS,2019-09-27,0.2,,,0.2,10000,2026-04-08T03:20:25.402499+00:00
106812,SOVRENINS,2019-09-30,0.2,,,0.2,0,2026-04-08T03:20:29.867546+00:00
106915,SOVRENINS,2019-10-02,0.2,,,0.2,2100,2026-04-08T03:20:33.475481+00:00
107018,SOVRENINS,2019-10-03,0.2,,,0.2,0,2026-04-08T03:20:35.801047+00:00
107121,SOVRENINS,2019-10-04,0.2,,,0.2,0,2026-04-08T03:20:38.138638+00:00
107224,SOVRENINS,2019-10-07,0.2,,,0.2,400,2026-04-08T03:20:43.38987+00:00
107327,SOVRENINS,2019-10-08,0.2,,,0.2,108500,2026-04-08T03:20:50.115577+00:00
107430,SOVRENINS,2019-10-09,0.2,,,0.2,200000,2026-04-08T03:20:53.067656+00:00
107533,SOVRENINS,2019-10-10,0.2,,,0.2,100000,2026-04-08T03:20:55.682822+00:00
107636,SOVRENINS,2019-10-11,0.2,,,0.2,0,2026-04-08T03:20:58.30073+00:00
107739,SOVRENINS,2019-10-14,0.2,,,0.2,74,2026-04-08T03:21:03.536141+00:00
107842,SOVRENINS,2019-10-15,0.2,,,0.2,0,2026-04-08T03:21:06.159586+00:00
107945,SOVRENINS,2019-10-16,0.2,,,0.2,0,2026-04-08T03:21:08.538525+00:00
108048,SOVRENINS,2019-10-17,0.2,,,0.2,0,2026-04-08T03:21:11.125073+00:00
108151,SOVRENINS,2019-10-18,0.2,,,0.2,0,2026-04-08T03:21:14.04892+00:00
108254,SOVRENINS,2019-10-21,0.2,,,0.2,0,2026-04-08T03:21:18.357079+00:00
108357,SOVRENINS,2019-10-22,0.2,,,0.2,0,2026-04-08T03:21:20.5704+00:00
108460,SOVRENINS,2019-10-23,0.2,,,0.2,12099,2026-04-08T03:21:22.84444+00:00
108563,SOVRENINS,2019-10-24,0.2,,,0.2,0,2026-04-08T03:21:25.228823+00:00
108666,SOVRENINS,2019-10-25,0.2,,,0.2,500,2026-04-08T03:21:27.539286+00:00
108769,SOVRENINS,2019-10-28,0.2,,,0.2,300750,2026-04-08T03:21:32.161692+00:00
108872,SOVRENINS,2019-10-29,0.2,,,0.2,16279,2026-04-08T03:21:34.477485+00:00
108975,SOVRENINS,2019-10-30,0.2,,,0.2,100,2026-04-08T03:21:36.754268+00:00
109078,SOVRENINS,2019-10-31,0.2,,,0.2,0,2026-04-08T03:21:39.10919+00:00
109181,SOVRENINS,2019-11-01,0.2,,,0.2,9826,2026-04-08T03:21:41.456138+00:00
109284,SOVRENINS,2019-11-04,0.2,,,0.2,0,2026-04-08T03:21:45.945243+00:00
109387,SOVRENINS,2019-11-05,0.2,,,0.2,63500,2026-04-08T03:21:48.37169+00:00
109490,SOVRENINS,2019-11-06,0.2,,,0.2,8000,2026-04-08T03:21:50.755948+00:00
109593,SOVRENINS,2019-11-07,0.2,,,0.2,0,2026-04-08T03:21:53.200031+00:00
109696,SOVRENINS,2019-11-08,0.2,,,0.2,0,2026-04-08T03:21:55.63316+00:00
109799,SOVRENINS,2019-11-12,0.2,,,0.2,7500,2026-04-08T03:22:01.520244+00:00
109902,SOVRENINS,2019-11-13,0.2,,,0.2,1200,2026-04-08T03:22:04.169594+00:00
110005,SOVRENINS,2019-11-14,0.2,,,0.2,2500,2026-04-08T03:22:06.510438+00:00
110108,SOVRENINS,2019-11-15,0.2,,,0.2,0,2026-04-08T03:22:08.972682+00:00
110210,SOVRENINS,2019-11-18,0.2,,,0.2,345000,2026-04-08T03:22:13.551393+00:00
110312,SOVRENINS,2019-11-19,0.2,,,0.2,40500,2026-04-08T03:22:15.801005+00:00
110414,SOVRENINS,2019-11-20,0.2,,,0.2,60000,2026-04-08T03:22:18.11241+00:00
110516,SOVRENINS,2019-11-21,0.2,,,0.2,0,2026-04-08T03:22:20.360812+00:00
110618,SOVRENINS,2019-11-22,0.2,,,0.2,501,2026-04-08T03:22:22.766306+00:00
110720,SOVRENINS,2019-11-25,0.2,,,0.2,1872011,2026-04-08T03:22:27.077445+00:00
110822,SOVRENINS,2019-11-26,0.22,,,0.22,119000,2026-04-08T03:22:29.415971+00:00
110924,SOVRENINS,2019-11-27,0.22,,,0.22,13000,2026-04-08T03:22:31.797244+00:00
111026,SOVRENINS,2019-11-28,0.22,,,0.22,1400,2026-04-08T03:22:34.150197+00:00
111128,SOVRENINS,2019-11-29,0.22,,,0.22,12000,2026-04-08T03:22:36.43862+00:00
111230,SOVRENINS,2019-12-02,0.2,,,0.2,863100,2026-04-08T03:22:40.672716+00:00
111332,SOVRENINS,2019-12-03,0.2,,,0.2,2130,2026-04-08T03:22:42.857808+00:00
111434,SOVRENINS,2019-12-04,0.2,,,0.2,0,2026-04-08T03:22:45.132537+00:00
111536,SOVRENINS,2019-12-05,0.2,,,0.2,166780,2026-04-08T03:22:47.409461+00:00
111638,SOVRENINS,2019-12-06,0.2,,,0.2,0,2026-04-08T03:22:49.720566+00:00
111740,SOVRENINS,2019-12-10,0.2,,,0.2,0,2026-04-08T03:22:54.948045+00:00
111842,SOVRENINS,2019-12-11,0.2,,,0.2,101164,2026-04-08T03:22:57.463594+00:00
111944,SOVRENINS,2019-12-12,0.2,,,0.2,50000,2026-04-08T03:22:59.677549+00:00
112046,SOVRENINS,2019-12-13,0.2,,,0.2,308456,2026-04-08T03:23:01.961124+00:00
112148,SOVRENINS,2019-12-16,0.2,,,0.2,181652,2026-04-08T03:23:06.206185+00:00
112250,SOVRENINS,2019-12-17,0.2,,,0.2,13000,2026-04-08T03:23:08.526507+00:00
112352,SOVRENINS,2019-12-18,0.2,,,0.2,0,2026-04-08T03:23:10.699016+00:00
112454,SOVRENINS,2019-12-19,0.2,,,0.2,0,2026-04-08T03:23:13.06361+00:00
112556,SOVRENINS,2019-12-20,0.2,,,0.2,573096,2026-04-08T03:23:15.515212+00:00
112658,SOVRENINS,2019-12-23,0.2,,,0.2,4500,2026-04-08T03:23:19.645113+00:00
112760,SOVRENINS,2019-12-24,0.2,,,0.2,3745,2026-04-08T03:23:22.081747+00:00
112862,SOVRENINS,2019-12-27,0.2,,,0.2,0,2026-04-08T03:23:26.48241+00:00
112964,SOVRENINS,2019-12-31,0.2,,,0.2,0,2026-04-08T03:23:31.997666+00:00
113066,SOVRENINS,2020-01-02,0.2,,,0.2,40453,2026-04-08T03:23:35.253628+00:00
113168,SOVRENINS,2020-01-03,0.2,,,0.2,1241239,2026-04-08T03:23:37.484442+00:00
113270,SOVRENINS,2020-01-06,0.2,,,0.2,53000,2026-04-08T03:23:41.810791+00:00
113372,SOVRENINS,2020-01-07,0.2,,,0.2,164036,2026-04-08T03:23:44.238014+00:00
113474,SOVRENINS,2020-01-08,0.2,,,0.2,0,2026-04-08T03:23:46.428903+00:00
113576,SOVRENINS,2020-01-09,0.22,,,0.22,2400000,2026-04-08T03:23:48.760691+00:00
113679,SOVRENINS,2020-01-10,0.22,,,0.22,20000,2026-04-08T03:23:51.312987+00:00
113782,SOVRENINS,2020-01-13,0.22,,,0.22,3000,2026-04-08T03:23:55.704331+00:00
113885,SOVRENINS,2020-01-14,0.22,,,0.22,57528,2026-04-08T03:23:58.044369+00:00
113988,SOVRENINS,2020-01-15,0.2,,,0.2,1703962,2026-04-08T03:24:00.340453+00:00
114091,SOVRENINS,2020-01-16,0.2,,,0.2,10000,2026-04-08T03:24:02.775573+00:00
114194,SOVRENINS,2020-01-17,0.2,,,0.2,250000,2026-04-08T03:24:05.107796+00:00
114297,SOVRENINS,2020-01-20,0.2,,,0.2,450000,2026-04-08T03:24:09.637495+00:00
114400,SOVRENINS,2020-01-21,0.2,,,0.2,97000,2026-04-08T03:24:12.081094+00:00
114503,SOVRENINS,2020-01-23,0.2,,,0.2,1020000,2026-04-08T03:24:15.397306+00:00
114606,SOVRENINS,2020-01-24,0.2,,,0.2,240000,2026-04-08T03:24:17.760742+00:00
114709,SOVRENINS,2020-01-27,0.2,,,0.2,504750,2026-04-08T03:24:22.426106+00:00
114812,SOVRENINS,2020-01-28,0.2,,,0.2,119750,2026-04-08T03:24:24.728321+00:00
114915,SOVRENINS,2020-01-29,0.2,,,0.2,28000,2026-04-08T03:24:27.287495+00:00
115018,SOVRENINS,2020-01-30,0.21,,,0.21,685000,2026-04-08T03:24:29.658352+00:00
115121,SOVRENINS,2020-01-31,0.21,,,0.21,0,2026-04-08T03:24:31.961868+00:00
115224,SOVRENINS,2020-02-03,0.21,,,0.21,0,2026-04-08T03:24:36.430808+00:00
115327,SOVRENINS,2020-02-04,0.21,,,0.21,0,2026-04-08T03:24:38.687124+00:00
115430,SOVRENINS,2020-02-05,0.2,,,0.2,250000,2026-04-08T03:24:41.03998+00:00
115533,SOVRENINS,2020-02-06,0.2,,,0.2,0,2026-04-08T03:24:43.345135+00:00
115636,SOVRENINS,2020-02-07,0.2,,,0.2,0,2026-04-08T03:24:45.609576+00:00
115739,SOVRENINS,2020-02-10,0.22,,,0.22,8580236,2026-04-08T03:24:50.182603+00:00
115842,SOVRENINS,2020-02-11,0.2,,,0.2,570000,2026-04-08T03:24:52.780016+00:00
115945,SOVRENINS,2020-02-12,0.2,,,0.2,200000,2026-04-08T03:24:55.120152+00:00
116048,SOVRENINS,2020-02-13,0.2,,,0.2,452,2026-04-08T03:24:57.649025+00:00
116151,SOVRENINS,2020-02-14,0.2,,,0.2,0,2026-04-08T03:25:00.080254+00:00
116254,SOVRENINS,2020-02-17,0.2,,,0.2,0,2026-04-08T03:25:04.377856+00:00
116357,SOVRENINS,2020-02-18,0.2,,,0.2,0,2026-04-08T03:25:06.773592+00:00
116460,SOVRENINS,2020-02-19,0.2,,,0.2,250000,2026-04-08T03:25:09.231504+00:00
116563,SOVRENINS,2020-02-20,0.2,,,0.2,200000022,2026-04-08T03:25:11.501588+00:00
116666,SOVRENINS,2020-02-21,0.2,,,0.2,1500000,2026-04-08T03:25:13.948187+00:00
116769,SOVRENINS,2020-02-24,0.2,,,0.2,57494,2026-04-08T03:25:18.415367+00:00
116872,SOVRENINS,2020-02-25,0.2,,,0.2,0,2026-04-08T03:25:20.711298+00:00
116975,SOVRENINS,2020-02-26,0.2,,,0.2,0,2026-04-08T03:25:23.465375+00:00
117078,SOVRENINS,2020-02-27,0.2,,,0.2,1000,2026-04-08T03:25:26.011368+00:00
117181,SOVRENINS,2020-02-28,0.2,,,0.2,0,2026-04-08T03:25:28.472167+00:00
117284,SOVRENINS,2020-03-02,0.2,,,0.2,100,2026-04-08T03:25:32.979972+00:00
117387,SOVRENINS,2020-03-03,0.2,,,0.2,0,2026-04-08T03:25:35.324079+00:00
117490,SOVRENINS,2020-03-04,0.2,,,0.2,4000,2026-04-08T03:25:37.587456+00:00
117593,SOVRENINS,2020-03-05,0.2,,,0.2,7000,2026-04-08T03:25:39.825698+00:00
117696,SOVRENINS,2020-03-09,0.2,,,0.2,0,2026-04-08T03:25:45.227559+00:00
117799,SOVRENINS,2020-03-10,0.2,,,0.2,0,2026-04-08T03:25:47.644077+00:00
117902,SOVRENINS,2020-03-11,0.2,,,0.2,0,2026-04-08T03:25:49.940962+00:00
118005,SOVRENINS,2020-03-12,0.2,,,0.2,0,2026-04-08T03:25:52.243289+00:00
118108,SOVRENINS,2020-03-13,0.2,,,0.2,0,2026-04-08T03:25:54.520183+00:00
118211,SOVRENINS,2020-03-16,0.2,,,0.2,0,2026-04-08T03:25:58.965391+00:00
118314,SOVRENINS,2020-03-17,0.2,,,0.2,100000,2026-04-08T03:26:01.331984+00:00
118417,SOVRENINS,2020-03-18,0.2,,,0.2,0,2026-04-08T03:26:03.589989+00:00
118520,SOVRENINS,2020-03-19,0.2,,,0.2,0,2026-04-08T03:26:05.957067+00:00
118623,SOVRENINS,2020-03-20,0.2,,,0.2,0,2026-04-08T03:26:08.377452+00:00
118726,SOVRENINS,2020-03-23,0.2,,,0.2,9600,2026-04-08T03:26:12.667002+00:00
118829,SOVRENINS,2020-03-24,0.2,,,0.2,14000,2026-04-08T03:26:14.960057+00:00
118932,SOVRENINS,2020-03-25,0.2,,,0.2,0,2026-04-08T03:26:17.224804+00:00
119035,SOVRENINS,2020-03-26,0.2,,,0.2,187391,2026-04-08T03:26:19.64473+00:00
119138,SOVRENINS,2020-03-27,0.2,,,0.2,0,2026-04-08T03:26:21.968693+00:00
119241,SOVRENINS,2020-03-30,0.2,,,0.2,0,2026-04-08T03:26:26.43282+00:00
119344,SOVRENINS,2020-03-31,0.2,,,0.2,200000,2026-04-08T03:26:28.926506+00:00
119447,SOVRENINS,2020-04-01,0.2,,,0.2,0,2026-04-08T03:26:31.173614+00:00
119550,SOVRENINS,2020-04-02,0.2,,,0.2,0,2026-04-08T03:26:33.480235+00:00
119653,SOVRENINS,2020-04-03,0.2,,,0.2,0,2026-04-08T03:26:35.777807+00:00
119756,SOVRENINS,2020-04-06,0.2,,,0.2,0,2026-04-08T03:26:40.135575+00:00
119859,SOVRENINS,2020-04-07,0.2,,,0.2,212609,2026-04-08T03:26:42.376644+00:00
119962,SOVRENINS,2020-04-08,0.2,,,0.2,0,2026-04-08T03:26:44.690105+00:00
120065,SOVRENINS,2020-04-09,0.2,,,0.2,200000,2026-04-08T03:26:47.020639+00:00
120168,SOVRENINS,2020-04-14,0.2,,,0.2,300000,2026-04-08T03:26:53.304016+00:00
120271,SOVRENINS,2020-04-15,0.2,,,0.2,200021,2026-04-08T03:26:55.643286+00:00
120374,SOVRENINS,2020-04-16,0.2,,,0.2,0,2026-04-08T03:26:58.005731+00:00
120477,SOVRENINS,2020-04-17,0.2,,,0.2,0,2026-04-08T03:27:00.196144+00:00
120580,SOVRENINS,2020-04-20,0.2,,,0.2,0,2026-04-08T03:27:04.902814+00:00
120683,SOVRENINS,2020-04-21,0.2,,,0.2,0,2026-04-08T03:27:07.124699+00:00
120786,SOVRENINS,2020-04-22,0.2,,,0.2,400,2026-04-08T03:27:09.50407+00:00
120889,SOVRENINS,2020-04-23,0.2,,,0.2,0,2026-04-08T03:27:11.732195+00:00
120992,SOVRENINS,2020-04-24,0.2,,,0.2,0,2026-04-08T03:27:14.133022+00:00
121095,SOVRENINS,2020-04-27,0.2,,,0.2,0,2026-04-08T03:27:18.376911+00:00
121198,SOVRENINS,2020-04-28,0.2,,,0.2,0,2026-04-08T03:27:20.70836+00:00
121301,SOVRENINS,2020-04-29,0.2,,,0.2,0,2026-04-08T03:27:23.099969+00:00
121404,SOVRENINS,2020-04-30,0.2,,,0.2,0,2026-04-08T03:27:25.479794+00:00
121507,SOVRENINS,2020-05-04,0.2,,,0.2,0,2026-04-08T03:27:30.67652+00:00
121610,SOVRENINS,2020-05-05,0.2,,,0.2,0,2026-04-08T03:27:32.997372+00:00
121713,SOVRENINS,2020-05-06,0.2,,,0.2,0,2026-04-08T03:27:35.368243+00:00
121816,SOVRENINS,2020-05-07,0.2,,,0.2,105000,2026-04-08T03:27:37.70358+00:00
121919,SOVRENINS,2020-05-08,0.2,,,0.2,5000,2026-04-08T03:27:39.945267+00:00
122022,SOVRENINS,2020-05-11,0.2,,,0.2,140000,2026-04-08T03:27:44.543581+00:00
122125,SOVRENINS,2020-05-12,0.2,,,0.2,1000,2026-04-08T03:27:46.988848+00:00
122228,SOVRENINS,2020-05-13,0.2,,,0.2,86392,2026-04-08T03:27:49.292243+00:00
122331,SOVRENINS,2020-05-14,0.2,,,0.2,101899,2026-04-08T03:27:51.592074+00:00
122434,SOVRENINS,2020-05-19,0.2,,,0.2,180150,2026-04-08T03:27:58.031425+00:00
122537,SOVRENINS,2020-05-20,0.2,,,0.2,70000,2026-04-08T03:28:00.412443+00:00
122640,SOVRENINS,2020-05-21,0.2,,,0.2,100000,2026-04-08T03:28:02.829603+00:00
122743,SOVRENINS,2020-05-27,0.2,,,0.2,42045,2026-04-08T03:28:10.17932+00:00
122846,SOVRENINS,2020-05-28,0.2,,,0.2,103772,2026-04-08T03:28:12.484321+00:00
122949,SOVRENINS,2020-05-29,0.2,,,0.2,85000,2026-04-08T03:28:14.796152+00:00
123052,SOVRENINS,2020-06-02,0.2,,,0.2,100000,2026-04-08T03:28:20.224588+00:00
123155,SOVRENINS,2020-06-03,0.2,,,0.2,0,2026-04-08T03:28:22.45251+00:00
123258,SOVRENINS,2020-06-04,0.2,,,0.2,2500,2026-04-08T03:28:24.742978+00:00
123361,SOVRENINS,2020-06-05,0.2,,,0.2,18,2026-04-08T03:28:26.997708+00:00
123464,SOVRENINS,2020-06-08,0.2,,,0.2,0,2026-04-08T03:28:31.360755+00:00
123567,SOVRENINS,2020-06-09,0.2,,,0.2,0,2026-04-08T03:28:33.545964+00:00
123670,SOVRENINS,2020-06-10,0.2,,,0.2,0,2026-04-08T03:28:35.856379+00:00
123773,SOVRENINS,2020-06-11,0.2,,,0.2,5000,2026-04-08T03:28:38.052531+00:00
123876,SOVRENINS,2020-06-15,0.2,,,0.2,0,2026-04-08T03:28:43.437023+00:00
123979,SOVRENINS,2020-06-16,0.2,,,0.2,5000,2026-04-08T03:28:45.961134+00:00
124082,SOVRENINS,2020-06-17,0.2,,,0.2,300,2026-04-08T03:28:48.324213+00:00
124185,SOVRENINS,2020-06-18,0.2,,,0.2,0,2026-04-08T03:28:50.696546+00:00
124288,SOVRENINS,2020-06-19,0.2,,,0.2,0,2026-04-08T03:28:53.406809+00:00
124391,SOVRENINS,2020-06-22,0.2,,,0.2,0,2026-04-08T03:28:57.922359+00:00
124494,SOVRENINS,2020-06-23,0.2,,,0.2,0,2026-04-08T03:29:00.283028+00:00
124597,SOVRENINS,2020-06-24,0.2,,,0.2,0,2026-04-08T03:29:02.79982+00:00
124700,SOVRENINS,2020-06-25,0.2,,,0.2,0,2026-04-08T03:29:05.076463+00:00
124803,SOVRENINS,2020-06-26,0.2,,,0.2,0,2026-04-08T03:29:07.48598+00:00
124906,SOVRENINS,2020-06-29,0.2,,,0.2,100000,2026-04-08T03:29:11.968016+00:00
125009,SOVRENINS,2020-06-30,0.2,,,0.2,10000,2026-04-08T03:29:14.28255+00:00
125112,SOVRENINS,2020-07-01,0.2,,,0.2,0,2026-04-08T03:29:16.703757+00:00
125215,SOVRENINS,2020-07-02,0.2,,,0.2,0,2026-04-08T03:29:19.127663+00:00
125318,SOVRENINS,2020-07-03,0.2,,,0.2,0,2026-04-08T03:29:21.544735+00:00
125421,SOVRENINS,2020-07-07,0.2,,,0.2,0,2026-04-08T03:29:27.331532+00:00
125524,SOVRENINS,2020-07-08,0.2,,,0.2,0,2026-04-08T03:29:29.768744+00:00
125627,SOVRENINS,2020-07-09,0.2,,,0.2,0,2026-04-08T03:29:32.143692+00:00
125730,SOVRENINS,2020-07-10,0.2,,,0.2,0,2026-04-08T03:29:34.521297+00:00
125833,SOVRENINS,2020-07-13,0.2,,,0.2,29200,2026-04-08T03:29:39.007126+00:00
125936,SOVRENINS,2020-07-14,0.2,,,0.2,136,2026-04-08T03:29:41.304989+00:00
126039,SOVRENINS,2020-07-15,0.2,,,0.2,0,2026-04-08T03:29:43.708156+00:00
126142,SOVRENINS,2020-07-16,0.2,,,0.2,0,2026-04-08T03:29:45.979708+00:00
126245,SOVRENINS,2020-07-17,0.2,,,0.2,0,2026-04-08T03:29:48.357101+00:00
126348,SOVRENINS,2020-07-20,0.2,,,0.2,75563925,2026-04-08T03:29:52.723074+00:00
126451,SOVRENINS,2020-07-21,0.2,,,0.2,200,2026-04-08T03:29:55.035926+00:00
126554,SOVRENINS,2020-07-23,0.2,,,0.2,63470,2026-04-08T03:29:58.238067+00:00
126657,SOVRENINS,2020-07-24,0.2,,,0.2,0,2026-04-08T03:30:00.541513+00:00
126760,SOVRENINS,2020-07-27,0.2,,,0.2,0,2026-04-08T03:30:04.748878+00:00
126863,SOVRENINS,2020-07-28,0.2,,,0.2,1000,2026-04-08T03:30:07.286947+00:00
126966,SOVRENINS,2020-07-29,0.2,,,0.2,0,2026-04-08T03:30:09.725653+00:00
127069,SOVRENINS,2020-08-03,0.2,,,0.2,68436,2026-04-08T03:30:16.711714+00:00
127172,SOVRENINS,2020-08-04,0.2,,,0.2,0,2026-04-08T03:30:19.026905+00:00
127275,SOVRENINS,2020-08-05,0.2,,,0.2,0,2026-04-08T03:30:21.509999+00:00
127378,SOVRENINS,2020-08-06,0.2,,,0.2,49667,2026-04-08T03:30:23.823287+00:00
127481,SOVRENINS,2020-08-07,0.2,,,0.2,1000,2026-04-08T03:30:26.221973+00:00
127584,SOVRENINS,2020-08-10,0.2,,,0.2,181,2026-04-08T03:30:31.080726+00:00
127687,SOVRENINS,2020-08-11,0.2,,,0.2,1000,2026-04-08T03:30:33.557314+00:00
127790,SOVRENINS,2020-08-12,0.2,,,0.2,0,2026-04-08T03:30:35.989363+00:00
127893,SOVRENINS,2020-08-13,0.2,,,0.2,0,2026-04-08T03:30:38.402702+00:00
127996,SOVRENINS,2020-08-14,0.2,,,0.2,10000000,2026-04-08T03:30:40.738296+00:00
128099,SOVRENINS,2020-08-17,0.2,,,0.2,0,2026-04-08T03:30:45.179846+00:00
128202,SOVRENINS,2020-08-18,0.2,,,0.2,54860,2026-04-08T03:30:47.750292+00:00
128305,SOVRENINS,2020-08-19,0.2,,,0.2,0,2026-04-08T03:30:50.260611+00:00
128408,SOVRENINS,2020-08-20,0.2,,,0.2,0,2026-04-08T03:30:52.728097+00:00
128511,SOVRENINS,2020-08-21,0.2,,,0.2,22727,2026-04-08T03:30:55.129893+00:00
128614,SOVRENINS,2020-08-24,0.2,,,0.2,6699,2026-04-08T03:30:59.50528+00:00
128717,SOVRENINS,2020-08-25,0.2,,,0.2,1609500,2026-04-08T03:31:01.97181+00:00
128820,SOVRENINS,2020-08-26,0.2,,,0.2,34000,2026-04-08T03:31:04.340397+00:00
128923,SOVRENINS,2020-08-27,0.2,,,0.2,0,2026-04-08T03:31:06.825032+00:00
129026,SOVRENINS,2020-08-28,0.2,,,0.2,0,2026-04-08T03:31:10.050623+00:00
129129,SOVRENINS,2020-08-31,0.2,,,0.2,13333333,2026-04-08T03:31:14.574397+00:00
129232,SOVRENINS,2020-09-01,0.2,,,0.2,0,2026-04-08T03:31:16.859057+00:00
129335,SOVRENINS,2020-09-02,0.2,,,0.2,0,2026-04-08T03:31:19.223829+00:00
129438,SOVRENINS,2020-09-03,0.2,,,0.2,1000000,2026-04-08T03:31:21.580357+00:00
129541,SOVRENINS,2020-09-04,0.2,,,0.2,39347,2026-04-08T03:31:24.095323+00:00
129644,SOVRENINS,2020-09-07,0.2,,,0.2,131333,2026-04-08T03:31:29.028072+00:00
129747,SOVRENINS,2020-09-08,0.2,,,0.2,0,2026-04-08T03:31:31.696694+00:00
129850,SOVRENINS,2020-09-09,0.2,,,0.2,0,2026-04-08T03:31:34.222499+00:00
129953,SOVRENINS,2020-09-10,0.2,,,0.2,10000,2026-04-08T03:31:36.666154+00:00
130056,SOVRENINS,2020-09-11,0.2,,,0.2,1000,2026-04-08T03:31:39.224755+00:00
130159,SOVRENINS,2020-09-14,0.2,,,0.2,0,2026-04-08T03:31:43.669625+00:00
130262,SOVRENINS,2020-09-15,0.2,,,0.2,36,2026-04-08T03:31:46.096824+00:00
130365,SOVRENINS,2020-09-16,0.2,,,0.2,0,2026-04-08T03:31:48.62473+00:00
130468,SOVRENINS,2020-09-17,0.2,,,0.2,0,2026-04-08T03:31:51.120615+00:00
130571,SOVRENINS,2020-09-18,0.2,,,0.2,1000,2026-04-08T03:31:53.500222+00:00
130674,SOVRENINS,2020-09-21,0.2,,,0.2,0,2026-04-08T03:31:57.915353+00:00
130777,SOVRENINS,2020-09-22,0.2,,,0.2,0,2026-04-08T03:32:00.361616+00:00
130880,SOVRENINS,2020-09-23,0.2,,,0.2,0,2026-04-08T03:32:02.667296+00:00
130983,SOVRENINS,2020-09-24,0.2,,,0.2,218,2026-04-08T03:32:05.077899+00:00
131086,SOVRENINS,2020-09-25,0.2,,,0.2,0,2026-04-08T03:32:07.472813+00:00
131189,SOVRENINS,2020-09-28,0.2,,,0.2,10000,2026-04-08T03:32:12.542607+00:00
131292,SOVRENINS,2020-09-29,0.2,,,0.2,0,2026-04-08T03:32:14.948969+00:00
131395,SOVRENINS,2020-09-30,0.2,,,0.2,0,2026-04-08T03:32:17.368144+00:00
131498,SOVRENINS,2020-10-02,0.2,,,0.2,1000,2026-04-08T03:32:21.009688+00:00
131601,SOVRENINS,2020-10-05,0.2,,,0.2,0,2026-04-08T03:32:25.669514+00:00
131704,SOVRENINS,2020-10-06,0.2,,,0.2,1000,2026-04-08T03:32:28.151061+00:00
131807,SOVRENINS,2020-10-07,0.2,,,0.2,0,2026-04-08T03:32:30.62441+00:00
131910,SOVRENINS,2020-10-08,0.2,,,0.2,3000,2026-04-08T03:32:32.995223+00:00
132013,SOVRENINS,2020-10-09,0.2,,,0.2,5180,2026-04-08T03:32:35.453646+00:00
132116,SOVRENINS,2020-10-12,0.2,,,0.2,26246,2026-04-08T03:32:39.836845+00:00
132219,SOVRENINS,2020-10-13,0.2,,,0.2,5000,2026-04-08T03:32:42.883097+00:00
132322,SOVRENINS,2020-10-14,0.2,,,0.2,178,2026-04-08T03:32:45.313484+00:00
132425,SOVRENINS,2020-10-15,0.2,,,0.2,0,2026-04-08T03:32:47.672181+00:00
132528,SOVRENINS,2020-10-16,0.2,,,0.2,125000,2026-04-08T03:32:50.112843+00:00
132631,SOVRENINS,2020-10-19,0.2,,,0.2,981000,2026-04-08T03:32:54.594352+00:00
132734,SOVRENINS,2020-10-20,0.2,,,0.2,100000,2026-04-08T03:32:57.288568+00:00
132837,SOVRENINS,2020-10-21,0.2,,,0.2,0,2026-04-08T03:32:59.679627+00:00
132940,SOVRENINS,2020-10-22,0.2,,,0.2,0,2026-04-08T03:33:02.194874+00:00
133044,SOVRENINS,2020-10-23,0.2,,,0.2,14820,2026-04-08T03:33:04.540232+00:00
133147,SOVRENINS,2020-10-26,0.2,,,0.2,30000,2026-04-08T03:33:08.964122+00:00
133250,SOVRENINS,2020-10-27,0.2,,,0.2,16000,2026-04-08T03:33:12.04516+00:00
133353,SOVRENINS,2020-10-28,0.2,,,0.2,0,2026-04-08T03:33:14.504918+00:00
133456,SOVRENINS,2020-10-30,0.2,,,0.2,1793586,2026-04-08T03:33:18.13889+00:00
133559,SOVRENINS,2020-11-02,0.2,,,0.2,0,2026-04-08T03:33:22.589733+00:00
133662,SOVRENINS,2020-11-03,0.2,,,0.2,0,2026-04-08T03:33:24.936567+00:00
133765,SOVRENINS,2020-11-04,0.2,,,0.2,0,2026-04-08T03:33:27.402012+00:00
133868,SOVRENINS,2020-11-05,0.2,,,0.2,10000,2026-04-08T03:33:29.791139+00:00
133971,SOVRENINS,2020-11-06,0.2,,,0.2,36200,2026-04-08T03:33:32.190465+00:00
134074,SOVRENINS,2020-11-09,0.2,,,0.2,21000,2026-04-08T03:33:36.944942+00:00
134178,SOVRENINS,2020-11-10,0.2,,,0.2,0,2026-04-08T03:33:39.328014+00:00
134282,SOVRENINS,2020-11-11,0.2,,,0.2,10050,2026-04-08T03:33:41.646704+00:00
134386,SOVRENINS,2020-11-12,0.2,,,0.2,0,2026-04-08T03:33:44.075825+00:00
134490,SOVRENINS,2020-11-13,0.2,,,0.2,0,2026-04-08T03:33:46.660663+00:00
134594,SOVRENINS,2020-11-16,0.2,,,0.2,0,2026-04-08T03:33:51.206328+00:00
134698,SOVRENINS,2020-11-17,0.2,,,0.2,0,2026-04-08T03:33:53.594986+00:00
134802,SOVRENINS,2020-11-18,0.2,,,0.2,217304,2026-04-08T03:33:56.053488+00:00
134906,SOVRENINS,2020-11-19,0.2,,,0.2,0,2026-04-08T03:33:58.535588+00:00
135010,SOVRENINS,2020-11-20,0.2,,,0.2,0,2026-04-08T03:34:01.033528+00:00
135114,SOVRENINS,2020-11-23,0.2,,,0.2,0,2026-04-08T03:34:05.446005+00:00
135218,SOVRENINS,2020-11-24,0.2,,,0.2,720090,2026-04-08T03:34:07.827748+00:00
135322,SOVRENINS,2020-11-25,0.2,,,0.2,0,2026-04-08T03:34:10.273596+00:00
135426,SOVRENINS,2020-11-26,0.2,,,0.2,125000,2026-04-08T03:34:12.878043+00:00
135530,SOVRENINS,2020-11-27,0.2,,,0.2,100,2026-04-08T03:34:15.660625+00:00
135634,SOVRENINS,2020-11-30,0.2,,,0.2,4084286,2026-04-08T03:34:20.595268+00:00
135738,SOVRENINS,2020-12-01,0.2,,,0.2,0,2026-04-08T03:34:22.915781+00:00
135841,SOVRENINS,2020-12-02,0.2,,,0.2,88280,2026-04-08T03:34:25.200893+00:00
135943,SOVRENINS,2020-12-03,0.2,,,0.2,0,2026-04-08T03:34:27.500503+00:00
136045,SOVRENINS,2020-12-04,0.2,,,0.2,0,2026-04-08T03:34:29.754666+00:00
136149,SOVRENINS,2020-12-07,0.2,,,0.2,0,2026-04-08T03:34:34.092506+00:00
136253,SOVRENINS,2020-12-08,0.2,,,0.2,11362,2026-04-08T03:34:36.413898+00:00
136357,SOVRENINS,2020-12-09,0.2,,,0.2,0,2026-04-08T03:34:38.741358+00:00
136461,SOVRENINS,2020-12-10,0.2,,,0.2,0,2026-04-08T03:34:41.210459+00:00
136565,SOVRENINS,2020-12-11,0.2,,,0.2,0,2026-04-08T03:34:43.516271+00:00
136669,SOVRENINS,2020-12-14,0.2,,,0.2,2650,2026-04-08T03:34:47.752987+00:00
136774,SOVRENINS,2020-12-15,0.2,,,0.2,200500,2026-04-08T03:34:50.014046+00:00
136879,SOVRENINS,2020-12-16,0.2,,,0.2,0,2026-04-08T03:34:52.260784+00:00
136984,SOVRENINS,2020-12-17,0.2,,,0.2,50000,2026-04-08T03:34:54.700208+00:00
137089,SOVRENINS,2020-12-18,0.2,,,0.2,500,2026-04-08T03:34:57.404383+00:00
137194,SOVRENINS,2020-12-21,0.2,,,0.2,200100,2026-04-08T03:35:01.74156+00:00
137299,SOVRENINS,2020-12-22,0.2,,,0.2,7500,2026-04-08T03:35:04.087051+00:00
137404,SOVRENINS,2020-12-23,0.2,,,0.2,0,2026-04-08T03:35:06.465463+00:00
137509,SOVRENINS,2020-12-24,0.2,,,0.2,0,2026-04-08T03:35:08.859517+00:00
137614,SOVRENINS,2020-12-29,0.2,,,0.2,87450,2026-04-08T03:35:15.710612+00:00
137719,SOVRENINS,2020-12-30,0.2,,,0.2,0,2026-04-08T03:35:18.332825+00:00
137824,SOVRENINS,2020-12-31,0.2,,,0.2,3600000,2026-04-08T03:35:20.721524+00:00
137929,SOVRENINS,2021-01-04,0.22,,,0.22,257047,2026-04-08T03:35:26.376094+00:00
138034,SOVRENINS,2021-01-05,0.24,,,0.24,21105962,2026-04-08T03:35:29.033034+00:00
138139,SOVRENINS,2021-01-06,0.22,,,0.22,4142025,2026-04-08T03:35:31.424152+00:00
138244,SOVRENINS,2021-01-07,0.2,,,0.2,661908,2026-04-08T03:35:34.042283+00:00
138349,SOVRENINS,2021-01-08,0.2,,,0.2,424900,2026-04-08T03:35:36.489888+00:00
138454,SOVRENINS,2021-01-11,0.2,,,0.2,35100,2026-04-08T03:35:41.134484+00:00
138559,SOVRENINS,2021-01-12,0.2,,,0.2,73239,2026-04-08T03:35:43.444525+00:00
138664,SOVRENINS,2021-01-13,0.22,,,0.22,19063000,2026-04-08T03:35:45.752573+00:00
138769,SOVRENINS,2021-01-14,0.24,,,0.24,11651933,2026-04-08T03:35:48.266873+00:00
138874,SOVRENINS,2021-01-15,0.26,,,0.26,1220335,2026-04-08T03:35:50.536305+00:00
138979,SOVRENINS,2021-01-18,0.28,,,0.28,1590994,2026-04-08T03:35:55.012207+00:00
139084,SOVRENINS,2021-01-19,0.3,,,0.3,3578654,2026-04-08T03:35:57.346792+00:00
139189,SOVRENINS,2021-01-20,0.33,,,0.33,1919723,2026-04-08T03:35:59.785195+00:00
139294,SOVRENINS,2021-01-21,0.36,,,0.36,61430185,2026-04-08T03:36:02.057398+00:00
139399,SOVRENINS,2021-01-22,0.33,,,0.33,15118055,2026-04-08T03:36:04.490813+00:00
139504,SOVRENINS,2021-01-25,0.3,,,0.3,1604433,2026-04-08T03:36:09.142175+00:00
139609,SOVRENINS,2021-01-26,0.3,,,0.3,26443002,2026-04-08T03:36:11.477526+00:00
139714,SOVRENINS,2021-01-27,0.31,,,0.31,1195000,2026-04-08T03:36:13.916788+00:00
139819,SOVRENINS,2021-01-28,0.28,,,0.28,3442360,2026-04-08T03:36:16.269205+00:00
139924,SOVRENINS,2021-01-29,0.26,,,0.26,168529,2026-04-08T03:36:18.603253+00:00
140029,SOVRENINS,2021-02-01,0.25,,,0.25,4597546,2026-04-08T03:36:23.094546+00:00
140134,SOVRENINS,2021-02-02,0.26,,,0.26,7894740,2026-04-08T03:36:25.523135+00:00
140239,SOVRENINS,2021-02-03,0.27,,,0.27,1115155,2026-04-08T03:36:27.835035+00:00
140344,SOVRENINS,2021-02-04,0.25,,,0.25,4424667,2026-04-08T03:36:30.225924+00:00
140449,SOVRENINS,2021-02-05,0.27,,,0.27,2372902,2026-04-08T03:36:32.587221+00:00
140554,SOVRENINS,2021-02-08,0.28,,,0.28,5643225,2026-04-08T03:36:37.052653+00:00
140659,SOVRENINS,2021-02-09,0.3,,,0.3,3000000,2026-04-08T03:36:39.468141+00:00
140764,SOVRENINS,2021-02-10,0.27,,,0.27,8443851,2026-04-08T03:36:41.836322+00:00
140869,SOVRENINS,2021-02-11,0.28,,,0.28,2886100,2026-04-08T03:36:44.255641+00:00
140974,SOVRENINS,2021-02-12,0.26,,,0.26,1134020,2026-04-08T03:36:46.553737+00:00
141079,SOVRENINS,2021-02-15,0.24,,,0.24,2813350,2026-04-08T03:36:50.983127+00:00
141184,SOVRENINS,2021-02-16,0.24,,,0.24,3937015,2026-04-08T03:36:53.929967+00:00
141289,SOVRENINS,2021-02-17,0.24,,,0.24,1048050,2026-04-08T03:36:56.762484+00:00
141394,SOVRENINS,2021-02-18,0.25,,,0.25,7240900,2026-04-08T03:36:59.321693+00:00
141499,SOVRENINS,2021-02-19,0.25,,,0.25,3111120,2026-04-08T03:37:01.817881+00:00
141604,SOVRENINS,2021-02-22,0.26,,,0.26,18113888,2026-04-08T03:37:06.27808+00:00
141709,SOVRENINS,2021-02-23,0.27,,,0.27,608803,2026-04-08T03:37:08.890934+00:00
141814,SOVRENINS,2021-02-24,0.28,,,0.28,20941219,2026-04-08T03:37:11.490979+00:00
141919,SOVRENINS,2021-02-25,0.27,,,0.27,8413097,2026-04-08T03:37:14.190372+00:00
142024,SOVRENINS,2021-02-26,0.27,,,0.27,133000,2026-04-08T03:37:16.661186+00:00
142129,SOVRENINS,2021-03-01,0.25,,,0.25,2102500,2026-04-08T03:37:22.522205+00:00
142234,SOVRENINS,2021-03-02,0.25,,,0.25,66256,2026-04-08T03:37:25.400973+00:00
142339,SOVRENINS,2021-03-03,0.25,,,0.25,54000,2026-04-08T03:37:28.29584+00:00
142444,SOVRENINS,2021-03-04,0.23,,,0.23,1389990,2026-04-08T03:37:30.865183+00:00
142549,SOVRENINS,2021-03-05,0.25,,,0.25,14037175,2026-04-08T03:37:35.032922+00:00
142654,SOVRENINS,2021-03-08,0.26,,,0.26,12910920,2026-04-08T03:37:40.957406+00:00
142759,SOVRENINS,2021-03-09,0.27,,,0.27,1130000,2026-04-08T03:37:43.478318+00:00
142864,SOVRENINS,2021-03-10,0.28,,,0.28,34218556,2026-04-08T03:37:46.075681+00:00
142969,SOVRENINS,2021-03-11,0.26,,,0.26,100223,2026-04-08T03:37:49.142973+00:00
143074,SOVRENINS,2021-03-12,0.24,,,0.24,872369,2026-04-08T03:37:51.827027+00:00
143179,SOVRENINS,2021-03-15,0.23,,,0.23,10786514,2026-04-08T03:37:56.632273+00:00
143284,SOVRENINS,2021-03-16,0.23,,,0.23,20000,2026-04-08T03:37:59.157483+00:00
143389,SOVRENINS,2021-03-17,0.23,,,0.23,614833,2026-04-08T03:38:01.497417+00:00
143494,SOVRENINS,2021-03-18,0.23,,,0.23,86800,2026-04-08T03:38:03.831621+00:00
143599,SOVRENINS,2021-03-19,0.23,,,0.23,20357,2026-04-08T03:38:06.31825+00:00
143704,SOVRENINS,2021-03-22,0.23,,,0.23,3074300,2026-04-08T03:38:11.081229+00:00
143809,SOVRENINS,2021-03-23,0.24,,,0.24,2194185,2026-04-08T03:38:13.396015+00:00
143914,SOVRENINS,2021-03-24,0.24,,,0.24,0,2026-04-08T03:38:15.81449+00:00
144019,SOVRENINS,2021-03-25,0.22,,,0.22,730000,2026-04-08T03:38:18.283134+00:00
144124,SOVRENINS,2021-03-26,0.24,,,0.24,441413,2026-04-08T03:38:20.746814+00:00
144229,SOVRENINS,2021-03-29,0.24,,,0.24,41738,2026-04-08T03:38:25.159246+00:00
144334,SOVRENINS,2021-03-30,0.23,,,0.23,8257339,2026-04-08T03:38:27.475529+00:00
144439,SOVRENINS,2021-03-31,0.24,,,0.24,4910000,2026-04-08T03:38:29.710175+00:00
144544,SOVRENINS,2021-04-01,0.25,,,0.25,1008457,2026-04-08T03:38:32.086622+00:00
144649,SOVRENINS,2021-04-06,0.23,,,0.23,2154900,2026-04-08T03:38:38.336109+00:00
144754,SOVRENINS,2021-04-07,0.23,,,0.23,3831703,2026-04-08T03:38:40.597593+00:00
144859,SOVRENINS,2021-04-08,0.23,,,0.23,660678,2026-04-08T03:38:43.050318+00:00
144964,SOVRENINS,2021-04-09,0.25,,,0.25,585626,2026-04-08T03:38:45.381101+00:00
145069,SOVRENINS,2021-04-12,0.25,,,0.25,259459,2026-04-08T03:38:49.634064+00:00
145174,SOVRENINS,2021-04-14,0.25,,,0.25,4006000,2026-04-08T03:38:53.291299+00:00
145279,SOVRENINS,2021-04-15,0.23,,,0.23,2284000,2026-04-08T03:38:55.647647+00:00
145384,SOVRENINS,2021-04-16,0.23,,,0.23,2065674,2026-04-08T03:38:58.039758+00:00
145489,SOVRENINS,2021-04-19,0.25,,,0.25,170001,2026-04-08T03:39:02.639407+00:00
145594,SOVRENINS,2021-04-20,0.27,,,0.27,578857,2026-04-08T03:39:05.009889+00:00
145699,SOVRENINS,2021-04-21,0.25,,,0.25,100000,2026-04-08T03:39:07.371999+00:00
145804,SOVRENINS,2021-04-22,0.23,,,0.23,861479,2026-04-08T03:39:09.720023+00:00
145909,SOVRENINS,2021-04-26,0.23,,,0.23,16380550,2026-04-08T03:39:15.36746+00:00
146014,SOVRENINS,2021-04-27,0.23,,,0.23,13947130,2026-04-08T03:39:17.695414+00:00
146119,SOVRENINS,2021-04-28,0.23,,,0.23,12579800,2026-04-08T03:39:20.620007+00:00
146224,SOVRENINS,2021-04-29,0.24,,,0.24,18012400,2026-04-08T03:39:22.905871+00:00
146329,SOVRENINS,2021-04-30,0.23,,,0.23,6973250,2026-04-08T03:39:25.430976+00:00
146434,SOVRENINS,2021-05-04,0.23,,,0.23,3003021,2026-04-08T03:39:31.322792+00:00
146539,SOVRENINS,2021-05-05,0.24,,,0.24,5893073,2026-04-08T03:39:33.759587+00:00
146644,SOVRENINS,2021-05-06,0.25,,,0.25,5356000,2026-04-08T03:39:36.246061+00:00
146749,SOVRENINS,2021-05-07,0.27,,,0.27,7547223,2026-04-08T03:39:38.47254+00:00
146854,SOVRENINS,2021-05-10,0.28,,,0.28,1633811,2026-04-08T03:39:42.886326+00:00
146959,SOVRENINS,2021-05-11,0.28,,,0.28,310180,2026-04-08T03:39:45.288668+00:00
147064,SOVRENINS,2021-05-14,0.28,,,0.28,30000,2026-04-08T03:39:49.859206+00:00
147169,SOVRENINS,2021-05-17,0.28,,,0.28,23616600,2026-04-08T03:39:54.343913+00:00
147274,SOVRENINS,2021-05-18,0.27,,,0.27,3275400,2026-04-08T03:39:57.092526+00:00
147379,SOVRENINS,2021-05-19,0.26,,,0.26,2650000,2026-04-08T03:39:59.433321+00:00
147484,SOVRENINS,2021-05-20,0.27,,,0.27,457000,2026-04-08T03:40:01.906518+00:00
147589,SOVRENINS,2021-05-21,0.26,,,0.26,710700,2026-04-08T03:40:04.221824+00:00
147694,SOVRENINS,2021-05-24,0.28,,,0.28,3825301,2026-04-08T03:40:08.535937+00:00
147799,SOVRENINS,2021-05-25,0.28,,,0.28,6003000,2026-04-08T03:40:10.790359+00:00
147904,SOVRENINS,2021-05-26,0.3,,,0.3,16862300,2026-04-08T03:40:13.088105+00:00
148009,SOVRENINS,2021-05-27,0.27,,,0.27,27171540,2026-04-08T03:40:15.774564+00:00
148114,SOVRENINS,2021-05-28,0.29,,,0.29,4791123,2026-04-08T03:40:18.222614+00:00
148219,SOVRENINS,2021-05-31,0.27,,,0.27,9849034,2026-04-08T03:40:23.651574+00:00
148324,SOVRENINS,2021-06-01,0.29,,,0.29,3525650,2026-04-08T03:40:26.050454+00:00
148429,SOVRENINS,2021-06-02,0.3,,,0.3,7864657,2026-04-08T03:40:28.576306+00:00
148534,SOVRENINS,2021-06-03,0.28,,,0.28,35505473,2026-04-08T03:40:31.001459+00:00
148639,SOVRENINS,2021-06-04,0.27,,,0.27,31785047,2026-04-08T03:40:33.442796+00:00
148744,SOVRENINS,2021-06-07,0.28,,,0.28,9371405,2026-04-08T03:40:37.732645+00:00
148849,SOVRENINS,2021-06-08,0.28,,,0.28,1579924,2026-04-08T03:40:40.102423+00:00
148954,SOVRENINS,2021-06-09,0.27,,,0.27,1469444,2026-04-08T03:40:42.486352+00:00
149059,SOVRENINS,2021-06-10,0.27,,,0.27,1078642,2026-04-08T03:40:45.029393+00:00
149164,SOVRENINS,2021-06-11,0.26,,,0.26,7535337,2026-04-08T03:40:47.465669+00:00
149269,SOVRENINS,2021-06-15,0.26,,,0.26,4840690,2026-04-08T03:40:53.415974+00:00
149374,SOVRENINS,2021-06-16,0.26,,,0.26,12026883,2026-04-08T03:40:55.754681+00:00
149480,SOVRENINS,2021-06-17,0.26,,,0.26,939200,2026-04-08T03:40:58.172345+00:00
149586,SOVRENINS,2021-06-18,0.26,,,0.26,5796481,2026-04-08T03:41:00.479054+00:00
149692,SOVRENINS,2021-06-21,0.25,,,0.25,9507150,2026-04-08T03:41:05.049703+00:00
149799,SOVRENINS,2021-06-22,0.26,,,0.26,557000,2026-04-08T03:41:07.444448+00:00
149906,SOVRENINS,2021-06-23,0.25,,,0.25,1860000,2026-04-08T03:41:09.819069+00:00
150013,SOVRENINS,2021-06-24,0.25,,,0.25,12745290,2026-04-08T03:41:12.2583+00:00
150120,SOVRENINS,2021-06-25,0.27,,,0.27,3307600,2026-04-08T03:41:14.6351+00:00
150227,SOVRENINS,2021-06-28,0.27,,,0.27,22810,2026-04-08T03:41:19.428749+00:00
150334,SOVRENINS,2021-06-29,0.28,,,0.28,7793093,2026-04-08T03:41:22.147646+00:00
150441,SOVRENINS,2021-06-30,0.26,,,0.26,12456428,2026-04-08T03:41:24.723581+00:00
150548,SOVRENINS,2021-07-01,0.26,,,0.26,157800,2026-04-08T03:41:27.253573+00:00
150655,SOVRENINS,2021-07-02,0.26,,,0.26,2689691,2026-04-08T03:41:29.882533+00:00
150762,SOVRENINS,2021-07-05,0.28,,,0.28,14409000,2026-04-08T03:41:34.454391+00:00
150869,SOVRENINS,2021-07-06,0.29,,,0.29,9647392,2026-04-08T03:41:36.982623+00:00
150976,SOVRENINS,2021-07-07,0.29,,,0.29,6186000,2026-04-08T03:41:39.307643+00:00
151083,SOVRENINS,2021-07-08,0.29,,,0.29,350000,2026-04-08T03:41:41.672436+00:00
151191,SOVRENINS,2021-07-09,0.3,,,0.3,6801000,2026-04-08T03:41:44.186247+00:00
151299,SOVRENINS,2021-07-12,0.3,,,0.3,14154506,2026-04-08T03:41:48.615121+00:00
151407,SOVRENINS,2021-07-13,0.29,,,0.29,253240,2026-04-08T03:41:50.993586+00:00
151515,SOVRENINS,2021-07-14,0.3,,,0.3,5502666,2026-04-08T03:41:53.268+00:00
151623,SOVRENINS,2021-07-15,0.33,,,0.33,14947150,2026-04-08T03:41:55.50175+00:00
151731,SOVRENINS,2021-07-16,0.33,,,0.33,16718355,2026-04-08T03:41:57.978751+00:00
151839,SOVRENINS,2021-07-19,0.31,,,0.31,14957440,2026-04-08T03:42:02.439681+00:00
151947,SOVRENINS,2021-07-22,0.29,,,0.29,2568375,2026-04-08T03:42:06.938387+00:00
152055,SOVRENINS,2021-07-23,0.29,,,0.29,10390797,2026-04-08T03:42:09.224536+00:00
152163,SOVRENINS,2021-07-26,0.27,,,0.27,2748529,2026-04-08T03:42:13.888963+00:00
152271,SOVRENINS,2021-07-27,0.26,,,0.26,740557,2026-04-08T03:42:16.300026+00:00
152379,SOVRENINS,2021-07-28,0.27,,,0.27,458065,2026-04-08T03:42:18.733972+00:00
152487,SOVRENINS,2021-07-29,0.29,,,0.29,5639873,2026-04-08T03:42:21.196071+00:00
152595,SOVRENINS,2021-07-30,0.28,,,0.28,4065003,2026-04-08T03:42:23.780537+00:00
152703,SOVRENINS,2021-08-02,0.28,,,0.28,8215357,2026-04-08T03:42:28.457705+00:00
152811,SOVRENINS,2021-08-03,0.28,,,0.28,3241661,2026-04-08T03:42:31.094462+00:00
152919,SOVRENINS,2021-08-04,0.26,,,0.26,815500,2026-04-08T03:42:33.531563+00:00
153027,SOVRENINS,2021-08-05,0.28,,,0.28,971164,2026-04-08T03:42:35.917081+00:00
153135,SOVRENINS,2021-08-06,0.28,,,0.28,572600,2026-04-08T03:42:38.23616+00:00
153243,SOVRENINS,2021-08-09,0.27,,,0.27,1978860,2026-04-08T03:42:42.878342+00:00
153351,SOVRENINS,2021-08-10,0.28,,,0.28,3207000,2026-04-08T03:42:45.264053+00:00
153459,SOVRENINS,2021-08-12,0.28,,,0.28,9871,2026-04-08T03:42:48.762656+00:00
153567,SOVRENINS,2021-08-13,0.26,,,0.26,254649,2026-04-08T03:42:51.120096+00:00
153675,SOVRENINS,2021-08-16,0.27,,,0.27,206015,2026-04-08T03:42:55.556429+00:00
153783,SOVRENINS,2021-08-17,0.27,,,0.27,24020,2026-04-08T03:42:57.870214+00:00
153891,SOVRENINS,2021-08-18,0.27,,,0.27,1586300,2026-04-08T03:43:00.318272+00:00
153999,SOVRENINS,2021-08-19,0.26,,,0.26,8656155,2026-04-08T03:43:02.743698+00:00
154107,SOVRENINS,2021-08-20,0.25,,,0.25,4132257,2026-04-08T03:43:05.111187+00:00
154215,SOVRENINS,2021-08-23,0.25,,,0.25,537293,2026-04-08T03:43:09.725908+00:00
154323,SOVRENINS,2021-08-24,0.23,,,0.23,21313748,2026-04-08T03:43:12.031989+00:00
154431,SOVRENINS,2021-08-25,0.22,,,0.22,48383580,2026-04-08T03:43:14.375004+00:00
154539,SOVRENINS,2021-08-26,0.23,,,0.23,19671923,2026-04-08T03:43:16.860503+00:00
154647,SOVRENINS,2021-08-27,0.25,,,0.25,11344979,2026-04-08T03:43:19.247601+00:00
154755,SOVRENINS,2021-08-30,0.26,,,0.26,10658575,2026-04-08T03:43:23.756871+00:00
154863,SOVRENINS,2021-08-31,0.26,,,0.26,3729000,2026-04-08T03:43:26.203018+00:00
154971,SOVRENINS,2021-09-01,0.26,,,0.26,3447906,2026-04-08T03:43:28.430514+00:00
155079,SOVRENINS,2021-09-02,0.25,,,0.25,16801150,2026-04-08T03:43:30.63423+00:00
155187,SOVRENINS,2021-09-03,0.26,,,0.26,5000175,2026-04-08T03:43:33.173741+00:00
155295,SOVRENINS,2021-09-06,0.24,,,0.24,21376867,2026-04-08T03:43:37.566628+00:00
155403,SOVRENINS,2021-09-07,0.24,,,0.24,690435,2026-04-08T03:43:39.870652+00:00
155511,SOVRENINS,2021-09-08,0.25,,,0.25,1012785,2026-04-08T03:43:42.125577+00:00
155619,SOVRENINS,2021-09-09,0.25,,,0.25,4646018,2026-04-08T03:43:44.739177+00:00
155727,SOVRENINS,2021-09-10,0.25,,,0.25,1245000,2026-04-08T03:43:47.339386+00:00
155835,SOVRENINS,2021-09-13,0.27,,,0.27,9040503,2026-04-08T03:43:51.822078+00:00
155943,SOVRENINS,2021-09-14,0.25,,,0.25,8399300,2026-04-08T03:43:54.260371+00:00
156051,SOVRENINS,2021-09-15,0.24,,,0.24,1035660,2026-04-08T03:43:56.896801+00:00
156159,SOVRENINS,2021-09-16,0.25,,,0.25,800500,2026-04-08T03:43:59.227477+00:00
156267,SOVRENINS,2021-09-20,0.25,,,0.25,9644215,2026-04-08T03:44:04.993721+00:00
156375,SOVRENINS,2021-09-21,0.24,,,0.24,4052200,2026-04-08T03:44:07.727357+00:00
156483,SOVRENINS,2021-09-22,0.24,,,0.24,6400,2026-04-08T03:44:10.239254+00:00
156591,SOVRENINS,2021-09-23,0.23,,,0.23,210647,2026-04-08T03:44:12.661605+00:00
156699,SOVRENINS,2021-09-24,0.25,,,0.25,2623130,2026-04-08T03:44:15.34542+00:00
156807,SOVRENINS,2021-09-27,0.24,,,0.24,19078615,2026-04-08T03:44:19.850483+00:00
156915,SOVRENINS,2021-09-28,0.24,,,0.24,10000,2026-04-08T03:44:22.678655+00:00
157023,SOVRENINS,2021-09-29,0.22,,,0.22,1453013,2026-04-08T03:44:25.133662+00:00
157131,SOVRENINS,2021-09-30,0.24,,,0.24,1997720,2026-04-08T03:44:27.471646+00:00
157239,SOVRENINS,2021-10-04,0.25,,,0.25,2231568,2026-04-08T03:44:32.876267+00:00
157347,SOVRENINS,2021-10-05,0.24,,,0.24,6242413,2026-04-08T03:44:35.445743+00:00
157455,SOVRENINS,2021-10-06,0.23,,,0.23,4329322,2026-04-08T03:44:37.876116+00:00
157563,SOVRENINS,2021-10-07,0.22,,,0.22,3086440,2026-04-08T03:44:40.206594+00:00
157671,SOVRENINS,2021-10-08,0.24,,,0.24,11239350,2026-04-08T03:44:42.63936+00:00
157779,SOVRENINS,2021-10-11,0.22,,,0.22,865803,2026-04-08T03:44:47.21782+00:00
157887,SOVRENINS,2021-10-12,0.24,,,0.24,1130398,2026-04-08T03:44:49.55017+00:00
157995,SOVRENINS,2021-10-13,0.23,,,0.23,3599154,2026-04-08T03:44:52.157785+00:00
158103,SOVRENINS,2021-10-14,0.23,,,0.23,204500,2026-04-08T03:44:54.53471+00:00
158211,SOVRENINS,2021-10-15,0.24,,,0.24,3761366,2026-04-08T03:44:56.91657+00:00
158320,SOVRENINS,2021-10-18,0.24,,,0.24,3032167,2026-04-08T03:45:01.595863+00:00
158429,SOVRENINS,2021-10-20,0.24,,,0.24,2285618,2026-04-08T03:45:05.471144+00:00
158538,SOVRENINS,2021-10-21,0.24,,,0.24,664630,2026-04-08T03:45:08.008029+00:00
158645,SOVRENINS,2021-10-22,0.24,,,0.24,63037,2026-04-08T03:45:10.474564+00:00
158754,SOVRENINS,2021-10-25,0.24,,,0.24,1530020,2026-04-08T03:45:15.28358+00:00
158863,SOVRENINS,2021-10-26,0.23,,,0.23,650000,2026-04-08T03:45:17.74539+00:00
158972,SOVRENINS,2021-10-27,0.24,,,0.24,356290,2026-04-08T03:45:20.303823+00:00
159081,SOVRENINS,2021-10-28,0.24,,,0.24,0,2026-04-08T03:45:22.610226+00:00
159190,SOVRENINS,2021-10-29,0.22,,,0.22,541215,2026-04-08T03:45:25.013779+00:00
159299,SOVRENINS,2021-11-01,0.24,,,0.24,8169350,2026-04-08T03:45:29.747778+00:00
159408,SOVRENINS,2021-11-02,0.24,,,0.24,11663605,2026-04-08T03:45:32.292585+00:00
159517,SOVRENINS,2021-11-03,0.22,,,0.22,3362355,2026-04-08T03:45:34.604091+00:00
159626,SOVRENINS,2021-11-04,0.22,,,0.22,2010000,2026-04-08T03:45:37.086301+00:00
159735,SOVRENINS,2021-11-05,0.23,,,0.23,3897020,2026-04-08T03:45:39.522081+00:00
159844,SOVRENINS,2021-11-08,0.22,,,0.22,1788200,2026-04-08T03:45:44.061968+00:00
159953,SOVRENINS,2021-11-10,0.22,,,0.22,820333,2026-04-08T03:45:47.530577+00:00
160062,SOVRENINS,2021-11-11,0.22,,,0.22,2409100,2026-04-08T03:45:49.990111+00:00
160171,SOVRENINS,2021-11-12,0.22,,,0.22,2015000,2026-04-08T03:45:52.531373+00:00
160280,SOVRENINS,2021-11-15,0.22,,,0.22,0,2026-04-08T03:45:57.041913+00:00
160389,SOVRENINS,2021-11-17,0.22,,,0.22,2714000,2026-04-08T03:46:00.536124+00:00
160498,SOVRENINS,2021-11-18,0.22,,,0.22,60105,2026-04-08T03:46:03.012698+00:00
160607,SOVRENINS,2021-11-19,0.22,,,0.22,1202500,2026-04-08T03:46:05.423699+00:00
160716,SOVRENINS,2021-11-22,0.22,,,0.22,1644935,2026-04-08T03:46:10.306395+00:00
160825,SOVRENINS,2021-11-23,0.23,,,0.23,854724,2026-04-08T03:46:12.888041+00:00
160934,SOVRENINS,2021-11-24,0.23,,,0.23,2703039,2026-04-08T03:46:15.261589+00:00
161043,SOVRENINS,2021-11-25,0.22,,,0.22,436000,2026-04-08T03:46:17.544601+00:00
161152,SOVRENINS,2021-11-29,0.23,,,0.23,778600,2026-04-08T03:46:23.244686+00:00
161261,SOVRENINS,2021-11-30,0.23,,,0.23,62150,2026-04-08T03:46:25.627389+00:00
161370,SOVRENINS,2021-12-01,0.23,,,0.23,2040111,2026-04-08T03:46:28.190956+00:00
161479,SOVRENINS,2021-12-02,0.24,,,0.24,305124,2026-04-08T03:46:30.651544+00:00
161588,SOVRENINS,2021-12-03,0.24,,,0.24,16383,2026-04-08T03:46:33.124129+00:00
161697,SOVRENINS,2021-12-06,0.24,,,0.24,36983,2026-04-08T03:46:37.622095+00:00
161806,SOVRENINS,2021-12-07,0.24,,,0.24,13000,2026-04-08T03:46:39.947423+00:00
161915,SOVRENINS,2021-12-08,0.23,,,0.23,212000,2026-04-08T03:46:42.482337+00:00
162024,SOVRENINS,2021-12-09,0.22,,,0.22,327015,2026-04-08T03:46:44.852467+00:00
162133,SOVRENINS,2021-12-10,0.24,,,0.24,1430493,2026-04-08T03:46:47.321476+00:00
162243,SOVRENINS,2021-12-13,0.24,,,0.24,2266885,2026-04-08T03:46:51.775824+00:00
162353,SOVRENINS,2021-12-14,0.24,,,0.24,1584883,2026-04-08T03:46:54.126877+00:00
162463,SOVRENINS,2021-12-15,0.24,,,0.24,7420000,2026-04-08T03:46:56.822916+00:00
162573,SOVRENINS,2021-12-16,0.23,,,0.23,7640080,2026-04-08T03:46:59.215115+00:00
162683,SOVRENINS,2021-12-17,0.24,,,0.24,6735400,2026-04-08T03:47:01.752329+00:00
162794,SOVRENINS,2021-12-20,0.24,,,0.24,10106000,2026-04-08T03:47:06.293287+00:00
162905,SOVRENINS,2021-12-21,0.25,,,0.25,5496200,2026-04-08T03:47:08.729464+00:00
163016,SOVRENINS,2021-12-22,0.25,,,0.25,12150005,2026-04-08T03:47:11.106283+00:00
163127,SOVRENINS,2021-12-23,0.24,,,0.24,23311464,2026-04-08T03:47:13.420215+00:00
163238,SOVRENINS,2021-12-24,0.26,,,0.26,9008332,2026-04-08T03:47:15.708642+00:00
163349,SOVRENINS,2021-12-29,0.28,,,0.28,9998686,2026-04-08T03:47:22.624079+00:00
163460,SOVRENINS,2021-12-30,0.3,,,0.3,11851735,2026-04-08T03:47:25.019388+00:00
163571,SOVRENINS,2021-12-31,0.3,,,0.3,39462577,2026-04-08T03:47:27.803632+00:00
163682,SOVRENINS,2022-01-04,0.28,,,0.28,10476287,2026-04-08T03:47:33.190226+00:00
163794,SOVRENINS,2022-01-05,0.28,,,0.28,11102700,2026-04-08T03:47:35.481449+00:00
163906,SOVRENINS,2022-01-06,0.28,,,0.28,2366407,2026-04-08T03:47:38.067383+00:00
164018,SOVRENINS,2022-01-07,0.26,,,0.26,1428401,2026-04-08T03:47:40.483305+00:00
164130,SOVRENINS,2022-01-10,0.25,,,0.25,9471537,2026-04-08T03:47:45.097739+00:00
164242,SOVRENINS,2022-01-11,0.24,,,0.24,4871500,2026-04-08T03:47:47.617941+00:00
164354,SOVRENINS,2022-01-12,0.26,,,0.26,5982395,2026-04-08T03:47:50.132225+00:00
164466,SOVRENINS,2022-01-13,0.25,,,0.25,5901900,2026-04-08T03:47:52.673244+00:00
164578,SOVRENINS,2022-01-14,0.25,,,0.25,10450,2026-04-08T03:47:55.308832+00:00
164690,SOVRENINS,2022-01-17,0.25,,,0.25,5755500,2026-04-08T03:47:59.999655+00:00
164802,SOVRENINS,2022-01-18,0.24,,,0.24,8688628,2026-04-08T03:48:02.353596+00:00
164914,SOVRENINS,2022-01-19,0.24,,,0.24,6928412,2026-04-08T03:48:04.820784+00:00
165026,SOVRENINS,2022-01-20,0.25,,,0.25,20985290,2026-04-08T03:48:07.325935+00:00
165138,SOVRENINS,2022-01-21,0.24,,,0.24,26358587,2026-04-08T03:48:09.696329+00:00
165250,SOVRENINS,2022-01-24,0.23,,,0.23,3577460,2026-04-08T03:48:14.136661+00:00
165362,SOVRENINS,2022-01-25,0.24,,,0.24,4865028,2026-04-08T03:48:16.50614+00:00
165474,SOVRENINS,2022-01-26,0.24,,,0.24,5733821,2026-04-08T03:48:19.024911+00:00
165586,SOVRENINS,2022-01-27,0.23,,,0.23,4124005,2026-04-08T03:48:21.585909+00:00
165698,SOVRENINS,2022-01-28,0.23,,,0.23,1054500,2026-04-08T03:48:23.969021+00:00
165810,SOVRENINS,2022-01-31,0.23,,,0.23,13103213,2026-04-08T03:48:28.465348+00:00
165922,SOVRENINS,2022-02-01,0.24,,,0.24,16785225,2026-04-08T03:48:30.807911+00:00
166034,SOVRENINS,2022-02-02,0.24,,,0.24,3125807,2026-04-08T03:48:33.305516+00:00
166146,SOVRENINS,2022-02-03,0.24,,,0.24,8094083,2026-04-08T03:48:35.918914+00:00
166258,SOVRENINS,2022-02-04,0.24,,,0.24,1664500,2026-04-08T03:48:38.317721+00:00
166370,SOVRENINS,2022-02-07,0.24,,,0.24,12522500,2026-04-08T03:48:42.904693+00:00
166482,SOVRENINS,2022-02-08,0.24,,,0.24,4286880,2026-04-08T03:48:45.378139+00:00
166594,SOVRENINS,2022-02-09,0.23,,,0.23,37477782,2026-04-08T03:48:48.035665+00:00
166706,SOVRENINS,2022-02-10,0.24,,,0.24,3591051,2026-04-08T03:48:50.398564+00:00
166818,SOVRENINS,2022-02-11,0.23,,,0.23,30752949,2026-04-08T03:48:52.774016+00:00
166930,SOVRENINS,2022-02-14,0.23,,,0.23,525713,2026-04-08T03:48:57.293433+00:00
167042,SOVRENINS,2022-02-15,0.24,,,0.24,1374666,2026-04-08T03:48:59.662493+00:00
167154,SOVRENINS,2022-02-16,0.23,,,0.23,5216043,2026-04-08T03:49:02.003783+00:00
167266,SOVRENINS,2022-02-17,0.24,,,0.24,11917050,2026-04-08T03:49:04.32656+00:00
167378,SOVRENINS,2022-02-18,0.25,,,0.25,23292433,2026-04-08T03:49:06.711382+00:00
167490,SOVRENINS,2022-02-21,0.25,,,0.25,778978,2026-04-08T03:49:10.978464+00:00
167602,SOVRENINS,2022-02-22,0.24,,,0.24,328600,2026-04-08T03:49:13.528869+00:00
167714,SOVRENINS,2022-02-23,0.24,,,0.24,1296000,2026-04-08T03:49:15.914345+00:00
167826,SOVRENINS,2022-02-24,0.24,,,0.24,5126656,2026-04-08T03:49:18.676795+00:00
167938,SOVRENINS,2022-02-25,0.24,,,0.24,2320600,2026-04-08T03:49:21.264729+00:00
168050,SOVRENINS,2022-02-28,0.24,,,0.24,4582101,2026-04-08T03:49:25.620712+00:00
168162,SOVRENINS,2022-03-01,0.23,,,0.23,16273088,2026-04-08T03:49:28.049171+00:00
168274,SOVRENINS,2022-03-02,0.24,,,0.24,8474120,2026-04-08T03:49:30.283109+00:00
168386,SOVRENINS,2022-03-03,0.23,,,0.23,1336000,2026-04-08T03:49:32.551227+00:00
168498,SOVRENINS,2022-03-04,0.24,,,0.24,5835666,2026-04-08T03:49:34.968546+00:00
168610,SOVRENINS,2022-03-07,0.24,,,0.24,1180425,2026-04-08T03:49:39.227432+00:00
168722,SOVRENINS,2022-03-08,0.24,,,0.24,2201000,2026-04-08T03:49:41.475537+00:00
168834,SOVRENINS,2022-03-09,0.24,,,0.24,2017117,2026-04-08T03:49:43.759827+00:00
168946,SOVRENINS,2022-03-10,0.24,,,0.24,2169960,2026-04-08T03:49:46.077826+00:00
169058,SOVRENINS,2022-03-11,0.24,,,0.24,6391880,2026-04-08T03:49:48.438529+00:00
169170,SOVRENINS,2022-03-14,0.24,,,0.24,15000,2026-04-08T03:49:53.114563+00:00
169282,SOVRENINS,2022-03-15,0.24,,,0.24,8612100,2026-04-08T03:49:55.533531+00:00
169394,SOVRENINS,2022-03-16,0.24,,,0.24,2261105,2026-04-08T03:49:57.903122+00:00
169506,SOVRENINS,2022-03-17,0.24,,,0.24,1130000,2026-04-08T03:50:00.211329+00:00
169618,SOVRENINS,2022-03-18,0.24,,,0.24,2477591,2026-04-08T03:50:02.865266+00:00
169730,SOVRENINS,2022-03-21,0.24,,,0.24,9204141,2026-04-08T03:50:07.476142+00:00
169842,SOVRENINS,2022-03-24,0.24,,,0.24,5363867,2026-04-08T03:50:12.041871+00:00
169954,SOVRENINS,2022-03-25,0.24,,,0.24,37173,2026-04-08T03:50:14.507747+00:00
170066,SOVRENINS,2022-03-28,0.24,,,0.24,4168475,2026-04-08T03:50:18.995306+00:00
170178,SOVRENINS,2022-03-29,0.24,,,0.24,13000,2026-04-08T03:50:21.48252+00:00
170290,SOVRENINS,2022-03-31,0.24,,,0.24,300000,2026-04-08T03:50:25.686443+00:00
170402,SOVRENINS,2022-04-01,0.25,,,0.25,2298968,2026-04-08T03:50:28.209626+00:00
170514,SOVRENINS,2022-04-04,0.25,,,0.25,8482290,2026-04-08T03:50:32.692631+00:00
170626,SOVRENINS,2022-04-05,0.25,,,0.25,1411035,2026-04-08T03:50:35.152392+00:00
170738,SOVRENINS,2022-04-06,0.25,,,0.25,1100118,2026-04-08T03:50:37.478667+00:00
170850,SOVRENINS,2022-04-07,0.25,,,0.25,361000,2026-04-08T03:50:39.880974+00:00
170962,SOVRENINS,2022-04-08,0.25,,,0.25,320010,2026-04-08T03:50:42.48638+00:00
171074,SOVRENINS,2022-04-11,0.26,,,0.26,803000,2026-04-08T03:50:47.197044+00:00
171186,SOVRENINS,2022-04-12,0.26,,,0.26,8202355,2026-04-08T03:50:49.473284+00:00
171298,SOVRENINS,2022-04-13,0.25,,,0.25,10183005,2026-04-08T03:50:51.878986+00:00
171410,SOVRENINS,2022-04-14,0.25,,,0.25,7609417,2026-04-08T03:50:54.439705+00:00
171522,SOVRENINS,2022-04-19,0.25,,,0.25,4146997,2026-04-08T03:51:01.439974+00:00
171634,SOVRENINS,2022-04-20,0.25,,,0.25,9847000,2026-04-08T03:51:03.698116+00:00
171746,SOVRENINS,2022-04-21,0.25,,,0.25,13202,2026-04-08T03:51:06.083072+00:00
171858,SOVRENINS,2022-04-22,0.24,,,0.24,44058526,2026-04-08T03:51:08.393199+00:00
171970,SOVRENINS,2022-04-25,0.26,,,0.26,7187081,2026-04-08T03:51:12.880327+00:00
172082,SOVRENINS,2022-04-26,0.26,,,0.26,16899974,2026-04-08T03:51:15.284155+00:00
172194,SOVRENINS,2022-04-27,0.26,,,0.26,2400,2026-04-08T03:51:17.680395+00:00
172306,SOVRENINS,2022-04-28,0.26,,,0.26,47880,2026-04-08T03:51:20.413235+00:00
172418,SOVRENINS,2022-04-29,0.27,,,0.27,372693,2026-04-08T03:51:22.882631+00:00
172530,SOVRENINS,2022-05-04,0.27,,,0.27,30352,2026-04-08T03:51:29.674847+00:00
172642,SOVRENINS,2022-05-05,0.26,,,0.26,200000,2026-04-08T03:51:32.050072+00:00
172755,SOVRENINS,2022-05-09,0.26,,,0.26,2808769,2026-04-08T03:51:37.853933+00:00
172868,SOVRENINS,2022-05-10,0.28,,,0.28,8009450,2026-04-08T03:51:40.332012+00:00
172981,SOVRENINS,2022-05-11,0.26,,,0.26,451317,2026-04-08T03:51:42.74313+00:00
173094,SOVRENINS,2022-05-12,0.26,,,0.26,114930,2026-04-08T03:51:45.11326+00:00
173207,SOVRENINS,2022-05-13,0.26,,,0.26,2863240,2026-04-08T03:51:47.585464+00:00
173320,SOVRENINS,2022-05-16,0.26,,,0.26,0,2026-04-08T03:51:52.042574+00:00
173433,SOVRENINS,2022-05-17,0.28,,,0.28,13870206,2026-04-08T03:51:54.492158+00:00
173546,SOVRENINS,2022-05-18,0.28,,,0.28,38870,2026-04-08T03:51:57.297116+00:00
173659,SOVRENINS,2022-05-19,0.28,,,0.28,240,2026-04-08T03:51:59.624655+00:00
173772,SOVRENINS,2022-05-20,0.28,,,0.28,1072000,2026-04-08T03:52:02.40298+00:00
173885,SOVRENINS,2022-05-23,0.28,,,0.28,214556,2026-04-08T03:52:07.648814+00:00
173998,SOVRENINS,2022-05-24,0.27,,,0.27,8750282,2026-04-08T03:52:10.277037+00:00
174111,SOVRENINS,2022-05-25,0.25,,,0.25,5939947,2026-04-08T03:52:13.066486+00:00
174224,SOVRENINS,2022-05-26,0.25,,,0.25,40000,2026-04-08T03:52:15.508934+00:00
174337,SOVRENINS,2022-05-27,0.25,,,0.25,460000,2026-04-08T03:52:18.156913+00:00
174450,SOVRENINS,2022-05-30,0.25,,,0.25,60723,2026-04-08T03:52:22.656757+00:00
174563,SOVRENINS,2022-05-31,0.24,,,0.24,20021474,2026-04-08T03:52:25.114026+00:00
174676,SOVRENINS,2022-06-01,0.24,,,0.24,60100,2026-04-08T03:52:27.834682+00:00
174789,SOVRENINS,2022-06-02,0.26,,,0.26,1590000,2026-04-08T03:52:30.493727+00:00
174902,SOVRENINS,2022-06-03,0.27,,,0.27,271061,2026-04-08T03:52:33.10221+00:00
175015,SOVRENINS,2022-06-06,0.27,,,0.27,417730,2026-04-08T03:52:37.969718+00:00
175128,SOVRENINS,2022-06-07,0.27,,,0.27,1310581,2026-04-08T03:52:40.734023+00:00
175241,SOVRENINS,2022-06-08,0.27,,,0.27,2290853,2026-04-08T03:52:43.634804+00:00
175354,SOVRENINS,2022-06-09,0.27,,,0.27,2149171,2026-04-08T03:52:46.431396+00:00
175467,SOVRENINS,2022-06-10,0.27,,,0.27,501080,2026-04-08T03:52:48.916453+00:00
175580,SOVRENINS,2022-06-14,0.27,,,0.27,300550,2026-04-08T03:52:55.08065+00:00
175693,SOVRENINS,2022-06-15,0.27,,,0.27,3043007,2026-04-08T03:52:57.782204+00:00
175806,SOVRENINS,2022-06-16,0.27,,,0.27,25646,2026-04-08T03:53:00.45527+00:00
175919,SOVRENINS,2022-06-17,0.27,,,0.27,70240,2026-04-08T03:53:03.647185+00:00
176032,SOVRENINS,2022-06-20,0.25,,,0.25,556203,2026-04-08T03:53:09.449588+00:00
176145,SOVRENINS,2022-06-21,0.25,,,0.25,101375,2026-04-08T03:53:11.833027+00:00
176258,SOVRENINS,2022-06-22,0.25,,,0.25,2090000,2026-04-08T03:53:14.63862+00:00
176371,SOVRENINS,2022-06-23,0.25,,,0.25,30100,2026-04-08T03:53:17.250825+00:00
176484,SOVRENINS,2022-06-24,0.25,,,0.25,40000,2026-04-08T03:53:19.718295+00:00
176597,SOVRENINS,2022-06-27,0.25,,,0.25,1212000,2026-04-08T03:53:24.073012+00:00
176710,SOVRENINS,2022-06-28,0.27,,,0.27,5317719,2026-04-08T03:53:26.399159+00:00
176823,SOVRENINS,2022-06-29,0.27,,,0.27,4000217,2026-04-08T03:53:28.994117+00:00
176936,SOVRENINS,2022-06-30,0.27,,,0.27,3000300,2026-04-08T03:53:31.346855+00:00
177049,SOVRENINS,2022-07-01,0.27,,,0.27,2030,2026-04-08T03:53:33.724657+00:00
177162,SOVRENINS,2022-07-04,0.27,,,0.27,180000,2026-04-08T03:53:38.198731+00:00
177275,SOVRENINS,2022-07-06,0.27,,,0.27,3577,2026-04-08T03:53:41.625349+00:00
177388,SOVRENINS,2022-07-07,0.27,,,0.27,25680,2026-04-08T03:53:44.268487+00:00
177501,SOVRENINS,2022-07-13,0.27,,,0.27,5000,2026-04-08T03:53:51.5999+00:00
177614,SOVRENINS,2022-07-14,0.27,,,0.27,20000,2026-04-08T03:53:54.010732+00:00
177727,SOVRENINS,2022-07-15,0.27,,,0.27,100000,2026-04-08T03:53:56.616585+00:00
177840,SOVRENINS,2022-07-18,0.27,,,0.27,0,2026-04-08T03:54:01.214275+00:00
177953,SOVRENINS,2022-07-19,0.27,,,0.27,96360,2026-04-08T03:54:03.665978+00:00
178066,SOVRENINS,2022-07-20,0.28,,,0.28,924424,2026-04-08T03:54:06.203384+00:00
178179,SOVRENINS,2022-07-21,0.27,,,0.27,2186557,2026-04-08T03:54:08.685258+00:00
178292,SOVRENINS,2022-07-22,0.27,,,0.27,107930,2026-04-08T03:54:11.171489+00:00
178405,SOVRENINS,2022-07-25,0.26,,,0.26,1158983,2026-04-08T03:54:15.900169+00:00
178518,SOVRENINS,2022-07-26,0.26,,,0.26,51000,2026-04-08T03:54:18.382379+00:00
178631,SOVRENINS,2022-07-27,0.26,,,0.26,0,2026-04-08T03:54:20.730044+00:00
178744,SOVRENINS,2022-07-28,0.24,,,0.24,170000,2026-04-08T03:54:23.385493+00:00
178857,SOVRENINS,2022-07-29,0.26,,,0.26,167200,2026-04-08T03:54:25.692024+00:00
178970,SOVRENINS,2022-08-01,0.25,,,0.25,245056,2026-04-08T03:54:30.144665+00:00
179083,SOVRENINS,2022-08-02,0.25,,,0.25,4581,2026-04-08T03:54:32.509592+00:00
179196,SOVRENINS,2022-08-03,0.25,,,0.25,0,2026-04-08T03:54:34.924873+00:00
179309,SOVRENINS,2022-08-04,0.27,,,0.27,423650,2026-04-08T03:54:37.32089+00:00
179422,SOVRENINS,2022-08-05,0.27,,,0.27,0,2026-04-08T03:54:40.805957+00:00
179535,SOVRENINS,2022-08-08,0.27,,,0.27,1400,2026-04-08T03:54:45.81173+00:00
179648,SOVRENINS,2022-08-09,0.25,,,0.25,10110600,2026-04-08T03:54:48.637408+00:00
179761,SOVRENINS,2022-08-10,0.25,,,0.25,104208,2026-04-08T03:54:51.561754+00:00
179874,SOVRENINS,2022-08-11,0.25,,,0.25,1500,2026-04-08T03:54:54.196076+00:00
179987,SOVRENINS,2022-08-12,0.25,,,0.25,0,2026-04-08T03:54:57.115593+00:00
180100,SOVRENINS,2022-08-15,0.25,,,0.25,50502,2026-04-08T03:55:01.874457+00:00
180213,SOVRENINS,2022-08-16,0.25,,,0.25,50016,2026-04-08T03:55:04.540652+00:00
180326,SOVRENINS,2022-08-17,0.27,,,0.27,282650,2026-04-08T03:55:07.214991+00:00
180439,SOVRENINS,2022-08-18,0.27,,,0.27,1550,2026-04-08T03:55:09.916723+00:00
180552,SOVRENINS,2022-08-19,0.27,,,0.27,37999,2026-04-08T03:55:12.400686+00:00
180665,SOVRENINS,2022-08-22,0.27,,,0.27,91850,2026-04-08T03:55:17.568382+00:00
180778,SOVRENINS,2022-08-23,0.27,,,0.27,250000,2026-04-08T03:55:19.990422+00:00
180891,SOVRENINS,2022-08-24,0.27,,,0.27,1564500,2026-04-08T03:55:23.644905+00:00
181004,SOVRENINS,2022-08-25,0.27,,,0.27,16000,2026-04-08T03:55:26.062264+00:00
181117,SOVRENINS,2022-08-26,0.26,,,0.26,2250000,2026-04-08T03:55:28.378019+00:00
181230,SOVRENINS,2022-08-29,0.26,,,0.26,3532000,2026-04-08T03:55:33.185942+00:00
181343,SOVRENINS,2022-08-30,0.28,,,0.28,114283,2026-04-08T03:55:35.909469+00:00
181456,SOVRENINS,2022-08-31,0.26,,,0.26,1312945,2026-04-08T03:55:38.363566+00:00
181569,SOVRENINS,2022-09-01,0.27,,,0.27,2000000,2026-04-08T03:55:40.868139+00:00
181682,SOVRENINS,2022-09-02,0.27,,,0.27,220000,2026-04-08T03:55:43.232165+00:00
181795,SOVRENINS,2022-09-05,0.27,,,0.27,2501071,2026-04-08T03:55:48.110555+00:00
181908,SOVRENINS,2022-09-06,0.28,,,0.28,321625,2026-04-08T03:55:50.526892+00:00
182021,SOVRENINS,2022-09-07,0.28,,,0.28,0,2026-04-08T03:55:53.051287+00:00
182134,SOVRENINS,2022-09-08,0.28,,,0.28,1338929,2026-04-08T03:55:55.74031+00:00
182247,SOVRENINS,2022-09-09,0.28,,,0.28,77545,2026-04-08T03:55:58.848563+00:00
182360,SOVRENINS,2022-09-12,0.27,,,0.27,192815,2026-04-08T03:56:03.370953+00:00
182473,SOVRENINS,2022-09-13,0.26,,,0.26,286900,2026-04-08T03:56:05.83654+00:00
182586,SOVRENINS,2022-09-14,0.26,,,0.26,718285,2026-04-08T03:56:08.091672+00:00
182699,SOVRENINS,2022-09-16,0.27,,,0.27,44421,2026-04-08T03:56:11.4683+00:00
182812,SOVRENINS,2022-09-19,0.27,,,0.27,2954550,2026-04-08T03:56:15.923342+00:00
182925,SOVRENINS,2022-09-20,0.27,,,0.27,1610000,2026-04-08T03:56:18.184056+00:00
183038,SOVRENINS,2022-09-21,0.27,,,0.27,600000,2026-04-08T03:56:20.42724+00:00
183151,SOVRENINS,2022-09-22,0.27,,,0.27,2500,2026-04-08T03:56:22.767495+00:00
183264,SOVRENINS,2022-09-23,0.26,,,0.26,767431,2026-04-08T03:56:25.066978+00:00
183377,SOVRENINS,2022-09-26,0.26,,,0.26,1000,2026-04-08T03:56:29.379703+00:00
183490,SOVRENINS,2022-09-28,0.29,,,0.29,368333,2026-04-08T03:56:32.717753+00:00
183603,SOVRENINS,2022-09-29,0.29,,,0.29,0,2026-04-08T03:56:35.489047+00:00
183716,SOVRENINS,2022-09-30,0.27,,,0.27,563000,2026-04-08T03:56:37.947618+00:00
183829,SOVRENINS,2022-10-05,0.27,,,0.27,3350750,2026-04-08T03:56:44.538147+00:00
183943,SOVRENINS,2022-10-06,0.25,,,0.25,110750,2026-04-08T03:56:46.932693+00:00
184057,SOVRENINS,2022-10-07,0.26,,,0.26,947505,2026-04-08T03:56:49.334037+00:00
184171,SOVRENINS,2022-10-11,0.26,,,0.26,53620,2026-04-08T03:56:55.029281+00:00
184285,SOVRENINS,2022-10-12,0.26,,,0.26,19000,2026-04-08T03:56:58.300033+00:00
184399,SOVRENINS,2022-10-13,0.26,,,0.26,1061854,2026-04-08T03:57:00.825788+00:00
184513,SOVRENINS,2022-10-14,0.28,,,0.28,694798,2026-04-08T03:57:03.298348+00:00
184627,SOVRENINS,2022-10-17,0.26,,,0.26,100000,2026-04-08T03:57:07.885609+00:00
184741,SOVRENINS,2022-10-18,0.28,,,0.28,113363,2026-04-08T03:57:10.303346+00:00
184855,SOVRENINS,2022-10-19,0.28,,,0.28,18900,2026-04-08T03:57:12.819589+00:00
184969,SOVRENINS,2022-10-20,0.28,,,0.28,30000,2026-04-08T03:57:15.111185+00:00
185083,SOVRENINS,2022-10-21,0.26,,,0.26,1383108,2026-04-08T03:57:17.499968+00:00
185197,SOVRENINS,2022-10-24,0.25,,,0.25,4120000,2026-04-08T03:57:21.686266+00:00
185311,SOVRENINS,2022-10-26,0.25,,,0.25,203550,2026-04-08T03:57:24.913682+00:00
185425,SOVRENINS,2022-10-27,0.27,,,0.27,3035000,2026-04-08T03:57:27.260544+00:00
185539,SOVRENINS,2022-10-28,0.28,,,0.28,900000,2026-04-08T03:57:29.835926+00:00
185653,SOVRENINS,2022-10-31,0.27,,,0.27,10769043,2026-04-08T03:57:34.21591+00:00
185767,SOVRENINS,2022-11-01,0.26,,,0.26,3266000,2026-04-08T03:57:36.609373+00:00
185881,SOVRENINS,2022-11-02,0.25,,,0.25,1198577,2026-04-08T03:57:39.066556+00:00
185995,SOVRENINS,2022-11-03,0.25,,,0.25,2048580,2026-04-08T03:57:41.442199+00:00
186109,SOVRENINS,2022-11-04,0.25,,,0.25,1111540,2026-04-08T03:57:43.70904+00:00
186223,SOVRENINS,2022-11-08,0.25,,,0.25,1036500,2026-04-08T03:57:49.123122+00:00
186337,SOVRENINS,2022-11-09,0.25,,,0.25,3457408,2026-04-08T03:57:51.464602+00:00
186451,SOVRENINS,2022-11-10,0.25,,,0.25,1096463,2026-04-08T03:57:54.291842+00:00
186565,SOVRENINS,2022-11-11,0.25,,,0.25,13045000,2026-04-08T03:57:56.704911+00:00
186679,SOVRENINS,2022-11-14,0.25,,,0.25,3000004,2026-04-08T03:58:01.331373+00:00
186793,SOVRENINS,2022-11-15,0.25,,,0.25,1075150,2026-04-08T03:58:03.6444+00:00
186907,SOVRENINS,2022-11-16,0.24,,,0.24,2021817,2026-04-08T03:58:06.118311+00:00
187021,SOVRENINS,2022-11-17,0.26,,,0.26,150000,2026-04-08T03:58:08.47049+00:00
187135,SOVRENINS,2022-11-18,0.24,,,0.24,981587,2026-04-08T03:58:10.955275+00:00
187249,SOVRENINS,2022-11-21,0.24,,,0.24,1000000,2026-04-08T03:58:15.672507+00:00
187363,SOVRENINS,2022-11-22,0.26,,,0.26,338413,2026-04-08T03:58:18.170118+00:00
187477,SOVRENINS,2022-11-24,0.28,,,0.28,300204,2026-04-08T03:58:21.692503+00:00
187591,SOVRENINS,2022-11-25,0.28,,,0.28,1000,2026-04-08T03:58:24.033539+00:00
187705,SOVRENINS,2022-11-28,0.28,,,0.28,225688,2026-04-08T03:58:28.532723+00:00
187819,SOVRENINS,2022-11-29,0.28,,,0.28,0,2026-04-08T03:58:30.983113+00:00
187933,SOVRENINS,2022-11-30,0.28,,,0.28,1646089,2026-04-08T03:58:33.448849+00:00
188047,SOVRENINS,2022-12-01,0.28,,,0.28,0,2026-04-08T03:58:35.664261+00:00
188162,SOVRENINS,2022-12-02,0.28,,,0.28,100000,2026-04-08T03:58:37.897027+00:00
188276,SOVRENINS,2022-12-05,0.28,,,0.28,869,2026-04-08T03:58:42.456795+00:00
188390,SOVRENINS,2022-12-06,0.28,,,0.28,9296,2026-04-08T03:58:44.756119+00:00
188504,SOVRENINS,2022-12-07,0.28,,,0.28,0,2026-04-08T03:58:47.196669+00:00
188618,SOVRENINS,2022-12-08,0.28,,,0.28,36000,2026-04-08T03:58:49.52806+00:00
188732,SOVRENINS,2022-12-09,0.28,,,0.28,14512,2026-04-08T03:58:51.902427+00:00
188846,SOVRENINS,2022-12-12,0.28,,,0.28,47766,2026-04-08T03:58:56.156124+00:00
188960,SOVRENINS,2022-12-13,0.28,,,0.28,0,2026-04-08T03:58:58.485404+00:00
189074,SOVRENINS,2022-12-14,0.28,,,0.28,417656,2026-04-08T03:59:00.851945+00:00
189188,SOVRENINS,2022-12-15,0.28,,,0.28,600000,2026-04-08T03:59:03.086647+00:00
189302,SOVRENINS,2022-12-16,0.28,,,0.28,50000,2026-04-08T03:59:05.5442+00:00
189416,SOVRENINS,2022-12-19,0.28,,,0.28,154000,2026-04-08T03:59:09.806719+00:00
189530,SOVRENINS,2022-12-20,0.28,,,0.28,398928,2026-04-08T03:59:12.630732+00:00
189644,SOVRENINS,2022-12-21,0.28,,,0.28,44080,2026-04-08T03:59:14.990319+00:00
189758,SOVRENINS,2022-12-22,0.28,,,0.28,140100,2026-04-08T03:59:17.229229+00:00
189872,SOVRENINS,2022-12-23,0.28,,,0.28,390800,2026-04-08T03:59:19.674012+00:00
189986,SOVRENINS,2022-12-28,0.28,,,0.28,148000,2026-04-08T03:59:26.406492+00:00
190100,SOVRENINS,2022-12-30,0.28,,,0.28,523925840,2026-04-08T03:59:29.796579+00:00
190214,SOVRENINS,2023-01-04,0.28,,,0.28,47050,2026-04-08T03:59:36.276207+00:00
190328,SOVRENINS,2023-01-05,0.28,,,0.28,21124,2026-04-08T03:59:38.771807+00:00
190442,SOVRENINS,2023-01-06,0.28,,,0.28,11000,2026-04-08T03:59:41.229635+00:00
190556,SOVRENINS,2023-01-09,0.28,,,0.28,0,2026-04-08T03:59:45.608271+00:00
190670,SOVRENINS,2023-01-10,0.28,,,0.28,115740,2026-04-08T03:59:47.862187+00:00
190784,SOVRENINS,2023-01-11,0.28,,,0.28,83708,2026-04-08T03:59:50.211712+00:00
190898,SOVRENINS,2023-01-12,0.28,,,0.28,36000,2026-04-08T03:59:52.676239+00:00
191012,SOVRENINS,2023-01-13,0.28,,,0.28,210021,2026-04-08T03:59:55.073566+00:00
191126,SOVRENINS,2023-01-17,0.28,,,0.28,18344,2026-04-08T04:00:00.52991+00:00
191240,SOVRENINS,2023-01-18,0.28,,,0.28,52949,2026-04-08T04:00:02.930508+00:00
191354,SOVRENINS,2023-01-19,0.26,,,0.26,299257,2026-04-08T04:00:05.157464+00:00
191468,SOVRENINS,2023-01-20,0.26,,,0.26,128860,2026-04-08T04:00:07.441529+00:00
191582,SOVRENINS,2023-01-23,0.26,,,0.26,1531447,2026-04-08T04:00:11.934625+00:00
191696,SOVRENINS,2023-01-24,0.26,,,0.26,14800,2026-04-08T04:00:14.448563+00:00
191810,SOVRENINS,2023-01-25,0.26,,,0.26,1085200,2026-04-08T04:00:16.660222+00:00
191924,SOVRENINS,2023-01-26,0.26,,,0.26,9700,2026-04-08T04:00:19.02129+00:00
192038,SOVRENINS,2023-01-27,0.26,,,0.26,62290,2026-04-08T04:00:21.366865+00:00
192152,SOVRENINS,2023-01-30,0.26,,,0.26,282876,2026-04-08T04:00:26.318741+00:00
192266,SOVRENINS,2023-01-31,0.28,,,0.28,1794921,2026-04-08T04:00:28.560212+00:00
192380,SOVRENINS,2023-02-06,0.33,,,0.33,1699608,2026-04-08T04:00:36.14931+00:00
192494,SOVRENINS,2023-02-07,0.33,,,0.33,26590,2026-04-08T04:00:38.379875+00:00
192608,SOVRENINS,2023-02-08,0.33,,,0.33,10959,2026-04-08T04:00:40.736361+00:00
192722,SOVRENINS,2023-02-09,0.33,,,0.33,22136,2026-04-08T04:00:43.03687+00:00
192836,SOVRENINS,2023-02-10,0.3,,,0.3,626000,2026-04-08T04:00:46.517744+00:00
192950,SOVRENINS,2023-02-13,0.3,,,0.3,72122,2026-04-08T04:00:50.958429+00:00
193064,SOVRENINS,2023-02-14,0.3,,,0.3,50000,2026-04-08T04:00:53.400398+00:00
193178,SOVRENINS,2023-02-15,0.28,,,0.28,1780482,2026-04-08T04:00:55.645789+00:00
193292,SOVRENINS,2023-02-16,0.28,,,0.28,38830,2026-04-08T04:00:58.043326+00:00
193406,SOVRENINS,2023-02-17,0.28,,,0.28,200152,2026-04-08T04:01:00.355798+00:00
193520,SOVRENINS,2023-02-20,0.28,,,0.28,200010,2026-04-08T04:01:04.633293+00:00
193634,SOVRENINS,2023-02-21,0.28,,,0.28,2209010,2026-04-08T04:01:06.910783+00:00
193748,SOVRENINS,2023-02-22,0.28,,,0.28,0,2026-04-08T04:01:09.421576+00:00
193862,SOVRENINS,2023-02-23,0.28,,,0.28,394181,2026-04-08T04:01:11.765387+00:00
193976,SOVRENINS,2023-02-24,0.28,,,0.28,500000,2026-04-08T04:01:14.12415+00:00
194090,SOVRENINS,2023-02-27,0.3,,,0.3,154100,2026-04-08T04:01:18.463572+00:00
194204,SOVRENINS,2023-02-28,0.3,,,0.3,152580,2026-04-08T04:01:20.671303+00:00
194318,SOVRENINS,2023-03-01,0.3,,,0.3,60666,2026-04-08T04:01:23.068989+00:00
194432,SOVRENINS,2023-03-02,0.27,,,0.27,2754700,2026-04-08T04:01:25.352172+00:00
194546,SOVRENINS,2023-03-03,0.28,,,0.28,170035,2026-04-08T04:01:27.716711+00:00
194660,SOVRENINS,2023-03-06,0.28,,,0.28,90940,2026-04-08T04:01:32.392486+00:00
194774,SOVRENINS,2023-03-07,0.28,,,0.28,25000,2026-04-08T04:01:34.845095+00:00
194888,SOVRENINS,2023-03-08,0.3,,,0.3,1987946,2026-04-08T04:01:37.261757+00:00
195002,SOVRENINS,2023-03-09,0.28,,,0.28,248040,2026-04-08T04:01:39.987396+00:00
195116,SOVRENINS,2023-03-13,0.28,,,0.28,0,2026-04-08T04:01:45.627511+00:00
195230,SOVRENINS,2023-03-14,0.28,,,0.28,1000,2026-04-08T04:01:48.257383+00:00
195344,SOVRENINS,2023-03-15,0.28,,,0.28,135435,2026-04-08T04:01:50.627346+00:00
195458,SOVRENINS,2023-03-16,0.28,,,0.28,2000,2026-04-08T04:01:53.062383+00:00
195572,SOVRENINS,2023-03-17,0.28,,,0.28,0,2026-04-08T04:01:55.701252+00:00
195686,SOVRENINS,2023-03-20,0.27,,,0.27,180000,2026-04-08T04:01:59.933448+00:00
195800,SOVRENINS,2023-03-22,0.27,,,0.27,19580,2026-04-08T04:02:03.467012+00:00
195914,SOVRENINS,2023-03-23,0.28,,,0.28,153580,2026-04-08T04:02:05.929911+00:00
196028,SOVRENINS,2023-03-24,0.28,,,0.28,11000,2026-04-08T04:02:08.248632+00:00
196142,SOVRENINS,2023-03-27,0.28,,,0.28,0,2026-04-08T04:02:12.564733+00:00
196256,SOVRENINS,2023-03-28,0.28,,,0.28,0,2026-04-08T04:02:14.764209+00:00
196370,SOVRENINS,2023-03-29,0.28,,,0.28,538,2026-04-08T04:02:17.140393+00:00
196484,SOVRENINS,2023-03-30,0.28,,,0.28,83580,2026-04-08T04:02:19.470716+00:00
196598,SOVRENINS,2023-03-31,0.28,,,0.28,503949,2026-04-08T04:02:21.739047+00:00
196712,SOVRENINS,2023-04-03,0.28,,,0.28,0,2026-04-08T04:02:26.060346+00:00
196826,SOVRENINS,2023-04-04,0.28,,,0.28,47666,2026-04-08T04:02:28.444728+00:00
196940,SOVRENINS,2023-04-05,0.28,,,0.28,750,2026-04-08T04:02:30.864627+00:00
197054,SOVRENINS,2023-04-06,0.28,,,0.28,16751,2026-04-08T04:02:33.239626+00:00
197168,SOVRENINS,2023-04-11,0.28,,,0.28,12150,2026-04-08T04:02:39.320239+00:00
197282,SOVRENINS,2023-04-12,0.28,,,0.28,296952,2026-04-08T04:02:41.643197+00:00
197396,SOVRENINS,2023-04-13,0.28,,,0.28,103000,2026-04-08T04:02:44.360634+00:00
197510,SOVRENINS,2023-04-14,0.29,,,0.29,1200500,2026-04-08T04:02:47.093001+00:00
197624,SOVRENINS,2023-04-17,0.29,,,0.29,48775,2026-04-08T04:02:52.113012+00:00
197738,SOVRENINS,2023-04-18,0.27,,,0.27,331321,2026-04-08T04:02:54.97501+00:00
197852,SOVRENINS,2023-04-19,0.27,,,0.27,0,2026-04-08T04:02:57.648371+00:00
197966,SOVRENINS,2023-04-20,0.29,,,0.29,509900,2026-04-08T04:03:00.087899+00:00
198080,SOVRENINS,2023-04-25,0.29,,,0.29,263334,2026-04-08T04:03:06.320111+00:00
198194,SOVRENINS,2023-04-26,0.29,,,0.29,103448,2026-04-08T04:03:08.704488+00:00
198308,SOVRENINS,2023-04-27,0.3,,,0.3,1000300,2026-04-08T04:03:11.176222+00:00
198422,SOVRENINS,2023-04-28,0.33,,,0.33,629950,2026-04-08T04:03:13.757457+00:00
198536,SOVRENINS,2023-05-03,0.33,,,0.33,884281,2026-04-08T04:03:20.258962+00:00
198650,SOVRENINS,2023-05-04,0.33,,,0.33,1152000,2026-04-08T04:03:22.719511+00:00
198764,SOVRENINS,2023-05-08,0.33,,,0.33,10103308,2026-04-08T04:03:29.045349+00:00
198878,SOVRENINS,2023-05-09,0.36,,,0.36,5244050,2026-04-08T04:03:32.620003+00:00
198992,SOVRENINS,2023-05-12,0.42,,,0.42,1660030,2026-04-08T04:03:37.286216+00:00
199106,SOVRENINS,2023-05-15,0.42,,,0.42,11250099,2026-04-08T04:03:41.825544+00:00
199220,SOVRENINS,2023-05-16,0.46,,,0.46,5555880,2026-04-08T04:03:44.244464+00:00
199334,SOVRENINS,2023-05-17,0.43,,,0.43,529833,2026-04-08T04:03:46.492518+00:00
199448,SOVRENINS,2023-05-18,0.42,,,0.42,786128,2026-04-08T04:03:48.752249+00:00
199562,SOVRENINS,2023-05-19,0.45,,,0.45,1771784,2026-04-08T04:03:51.139215+00:00
199676,SOVRENINS,2023-05-22,0.41,,,0.41,4202481,2026-04-08T04:03:55.484935+00:00
199790,SOVRENINS,2023-05-23,0.41,,,0.41,466625,2026-04-08T04:03:57.886867+00:00
199904,SOVRENINS,2023-05-24,0.41,,,0.41,380020,2026-04-08T04:04:00.334047+00:00
200018,SOVRENINS,2023-05-25,0.39,,,0.39,562801,2026-04-08T04:04:02.79018+00:00
200132,SOVRENINS,2023-05-26,0.36,,,0.36,243511,2026-04-08T04:04:05.139052+00:00
200246,SOVRENINS,2023-05-30,0.39,,,0.39,718400,2026-04-08T04:04:11.011702+00:00
200360,SOVRENINS,2023-06-01,0.36,,,0.36,386000,2026-04-08T04:04:14.390605+00:00
200474,SOVRENINS,2023-06-02,0.36,,,0.36,2704103,2026-04-08T04:04:16.732653+00:00
200588,SOVRENINS,2023-06-05,0.39,,,0.39,4828470,2026-04-08T04:04:21.343031+00:00
200702,SOVRENINS,2023-06-06,0.4,,,0.4,367400,2026-04-08T04:04:23.98223+00:00
200816,SOVRENINS,2023-06-07,0.4,,,0.4,580065,2026-04-08T04:04:26.507718+00:00
200930,SOVRENINS,2023-06-08,0.44,,,0.44,1613490,2026-04-08T04:04:29.08401+00:00
201044,SOVRENINS,2023-06-09,0.4,,,0.4,2322012,2026-04-08T04:04:31.44664+00:00
201158,SOVRENINS,2023-06-13,0.43,,,0.43,1709965,2026-04-08T04:04:36.862505+00:00
201272,SOVRENINS,2023-06-14,0.43,,,0.43,2367269,2026-04-08T04:04:39.320552+00:00
201386,SOVRENINS,2023-06-15,0.47,,,0.47,3256278,2026-04-08T04:04:41.673534+00:00
201500,SOVRENINS,2023-06-16,0.51,,,0.51,4938582,2026-04-08T04:04:44.052846+00:00
201614,SOVRENINS,2023-06-19,0.51,,,0.51,1318845,2026-04-08T04:04:48.541112+00:00
201728,SOVRENINS,2023-06-20,0.56,,,0.56,664733,2026-04-08T04:04:51.378552+00:00
201842,SOVRENINS,2023-06-21,0.61,,,0.61,561075,2026-04-08T04:04:53.764277+00:00
201956,SOVRENINS,2023-06-22,0.55,,,0.55,6412595,2026-04-08T04:04:56.145117+00:00
202070,SOVRENINS,2023-06-26,0.54,,,0.54,279545,2026-04-08T04:05:01.671465+00:00
202184,SOVRENINS,2023-06-30,0.49,,,0.49,1722604,2026-04-08T04:05:07.377697+00:00
202298,SOVRENINS,2023-07-03,0.49,,,0.49,948160,2026-04-08T04:05:11.758079+00:00
202412,SOVRENINS,2023-07-04,0.48,,,0.48,787529,2026-04-08T04:05:14.17436+00:00
202526,SOVRENINS,2023-07-05,0.45,,,0.45,365861,2026-04-08T04:05:16.577423+00:00
202640,SOVRENINS,2023-07-06,0.49,,,0.49,197281,2026-04-08T04:05:19.075393+00:00
202754,SOVRENINS,2023-07-07,0.49,,,0.49,1219684,2026-04-08T04:05:21.415756+00:00
202868,SOVRENINS,2023-07-10,0.5,,,0.5,3120799,2026-04-08T04:05:26.355595+00:00
202982,SOVRENINS,2023-07-11,0.55,,,0.55,1286000,2026-04-08T04:05:28.903538+00:00
203096,SOVRENINS,2023-07-12,0.5,,,0.5,7291230,2026-04-08T04:05:31.299012+00:00
203210,SOVRENINS,2023-07-14,0.46,,,0.46,679989,2026-04-08T04:05:34.698751+00:00
203324,SOVRENINS,2023-07-17,0.49,,,0.49,107082,2026-04-08T04:05:39.139368+00:00
203438,SOVRENINS,2023-07-19,0.49,,,0.49,3111800,2026-04-08T04:05:42.577032+00:00
203552,SOVRENINS,2023-07-20,0.53,,,0.53,1182504,2026-04-08T04:05:45.122849+00:00
203666,SOVRENINS,2023-07-21,0.58,,,0.58,1784509,2026-04-08T04:05:47.594805+00:00
203780,SOVRENINS,2023-07-24,0.63,,,0.63,3179634,2026-04-08T04:05:52.167161+00:00
203894,SOVRENINS,2023-07-25,0.66,,,0.66,427619,2026-04-08T04:05:54.602351+00:00
204008,SOVRENINS,2023-07-26,0.66,,,0.66,1050,2026-04-08T04:05:57.515236+00:00
204122,SOVRENINS,2023-07-27,0.66,,,0.66,11757,2026-04-08T04:05:59.880161+00:00
204236,SOVRENINS,2023-07-28,0.7,,,0.7,8481543,2026-04-08T04:06:02.220136+00:00
204350,SOVRENINS,2023-07-31,0.63,,,0.63,560400,2026-04-08T04:06:06.790851+00:00
204464,SOVRENINS,2023-08-02,0.55,,,0.55,3288930,2026-04-08T04:06:10.326378+00:00
204578,SOVRENINS,2023-08-03,0.55,,,0.55,5869731,2026-04-08T04:06:12.834218+00:00
204692,SOVRENINS,2023-08-04,0.5,,,0.5,1456450,2026-04-08T04:06:15.200886+00:00
204806,SOVRENINS,2023-08-07,0.49,,,0.49,3173740,2026-04-08T04:06:19.871718+00:00
204920,SOVRENINS,2023-08-08,0.48,,,0.48,402010,2026-04-08T04:06:22.245918+00:00
205034,SOVRENINS,2023-08-09,0.47,,,0.47,2196199,2026-04-08T04:06:24.635943+00:00
205148,SOVRENINS,2023-08-10,0.47,,,0.47,500007,2026-04-08T04:06:27.035398+00:00
205262,SOVRENINS,2023-08-11,0.48,,,0.48,388160,2026-04-08T04:06:29.455701+00:00
205376,SOVRENINS,2023-08-14,0.48,,,0.48,28080,2026-04-08T04:06:33.923569+00:00
205490,SOVRENINS,2023-08-15,0.48,,,0.48,364539,2026-04-08T04:06:36.358161+00:00
205604,SOVRENINS,2023-08-16,0.48,,,0.48,313997,2026-04-08T04:06:38.679915+00:00
205718,SOVRENINS,2023-08-17,0.48,,,0.48,1195500,2026-04-08T04:06:40.998805+00:00
205832,SOVRENINS,2023-08-18,0.47,,,0.47,215990,2026-04-08T04:06:43.468275+00:00
205946,SOVRENINS,2023-08-21,0.47,,,0.47,304753,2026-04-08T04:06:47.688711+00:00
206060,SOVRENINS,2023-08-24,0.43,,,0.43,1976766,2026-04-08T04:06:51.989424+00:00
206174,SOVRENINS,2023-08-25,0.42,,,0.42,372288,2026-04-08T04:06:54.38475+00:00
206288,SOVRENINS,2023-08-28,0.46,,,0.46,1558213,2026-04-08T04:06:59.310949+00:00
206402,SOVRENINS,2023-08-29,0.46,,,0.46,430330,2026-04-08T04:07:01.613742+00:00
206516,SOVRENINS,2023-08-30,0.45,,,0.45,4194958,2026-04-08T04:07:03.820209+00:00
206630,SOVRENINS,2023-09-01,0.44,,,0.44,702885,2026-04-08T04:07:07.195585+00:00
206744,SOVRENINS,2023-09-04,0.41,,,0.41,1356017,2026-04-08T04:07:11.730996+00:00
206858,SOVRENINS,2023-09-05,0.42,,,0.42,388888,2026-04-08T04:07:14.175893+00:00
206972,SOVRENINS,2023-09-06,0.42,,,0.42,256883,2026-04-08T04:07:16.66229+00:00
207086,SOVRENINS,2023-09-07,0.42,,,0.42,126801,2026-04-08T04:07:19.134101+00:00
207200,SOVRENINS,2023-09-08,0.42,,,0.42,157937,2026-04-08T04:07:21.445908+00:00
207314,SOVRENINS,2023-09-11,0.42,,,0.42,35490,2026-04-08T04:07:26.133096+00:00
207428,SOVRENINS,2023-09-12,0.41,,,0.41,782475,2026-04-08T04:07:28.57479+00:00
207542,SOVRENINS,2023-09-13,0.41,,,0.41,213100,2026-04-08T04:07:30.890589+00:00
207656,SOVRENINS,2023-09-14,0.41,,,0.41,1500,2026-04-08T04:07:33.324455+00:00
207770,SOVRENINS,2023-09-15,0.41,,,0.41,6000,2026-04-08T04:07:35.74244+00:00
207884,SOVRENINS,2023-09-18,0.41,,,0.41,0,2026-04-08T04:07:40.292184+00:00
207998,SOVRENINS,2023-09-19,0.41,,,0.41,605235,2026-04-08T04:07:42.606346+00:00
208112,SOVRENINS,2023-09-20,0.4,,,0.4,1014200,2026-04-08T04:07:45.004042+00:00
208226,SOVRENINS,2023-09-21,0.4,,,0.4,7300,2026-04-08T04:07:47.370085+00:00
208340,SOVRENINS,2023-09-22,0.4,,,0.4,0,2026-04-08T04:07:49.898567+00:00
208454,SOVRENINS,2023-09-25,0.38,,,0.38,1375920,2026-04-08T04:07:54.305125+00:00
208568,SOVRENINS,2023-09-28,0.37,,,0.37,182130,2026-04-08T04:07:58.898315+00:00
208682,SOVRENINS,2023-09-29,0.38,,,0.38,448490,2026-04-08T04:08:01.279649+00:00
208796,SOVRENINS,2023-10-03,0.38,,,0.38,70000,2026-04-08T04:08:06.721549+00:00
208910,SOVRENINS,2023-10-04,0.39,,,0.39,841096,2026-04-08T04:08:09.042741+00:00
209024,SOVRENINS,2023-10-05,0.41,,,0.41,1120101,2026-04-08T04:08:11.600182+00:00
209139,SOVRENINS,2023-10-06,0.4,,,0.4,4695142,2026-04-08T04:08:14.22861+00:00
209254,SOVRENINS,2023-10-09,0.38,,,0.38,350400,2026-04-08T04:08:18.740555+00:00
209369,SOVRENINS,2023-10-10,0.38,,,0.38,170161,2026-04-08T04:08:21.390436+00:00
209483,SOVRENINS,2023-10-12,0.38,,,0.38,12000,2026-04-08T04:08:24.861957+00:00
209598,SOVRENINS,2023-10-13,0.4,,,0.4,572400,2026-04-08T04:08:27.376596+00:00
209713,SOVRENINS,2023-10-16,0.36,,,0.36,1073000,2026-04-08T04:08:32.388707+00:00
209828,SOVRENINS,2023-10-17,0.36,,,0.36,2065750,2026-04-08T04:08:34.738576+00:00
209943,SOVRENINS,2023-10-19,0.36,,,0.36,60499,2026-04-08T04:08:38.671249+00:00
210058,SOVRENINS,2023-10-20,0.33,,,0.33,5492579,2026-04-08T04:08:40.967521+00:00
210173,SOVRENINS,2023-10-23,0.33,,,0.33,128010,2026-04-08T04:08:45.440193+00:00
210288,SOVRENINS,2023-10-24,0.33,,,0.33,159556,2026-04-08T04:08:47.71675+00:00
210403,SOVRENINS,2023-10-25,0.33,,,0.33,13500,2026-04-08T04:08:50.022319+00:00
210518,SOVRENINS,2023-10-26,0.33,,,0.33,30000,2026-04-08T04:08:52.472279+00:00
210633,SOVRENINS,2023-10-27,0.34,,,0.34,1960000,2026-04-08T04:08:54.778052+00:00
210748,SOVRENINS,2023-10-30,0.34,,,0.34,8750,2026-04-08T04:08:59.45056+00:00
210863,SOVRENINS,2023-10-31,0.31,,,0.31,3047127,2026-04-08T04:09:01.914254+00:00
210978,SOVRENINS,2023-11-01,0.32,,,0.32,501200,2026-04-08T04:09:04.386399+00:00
211093,SOVRENINS,2023-11-02,0.33,,,0.33,3104760,2026-04-08T04:09:06.696264+00:00
211208,SOVRENINS,2023-11-03,0.33,,,0.33,849539,2026-04-08T04:09:09.071615+00:00
211323,SOVRENINS,2023-11-06,0.33,,,0.33,383755,2026-04-08T04:09:13.59419+00:00
211438,SOVRENINS,2023-11-07,0.33,,,0.33,3126850,2026-04-08T04:09:15.923939+00:00
211554,SOVRENINS,2023-11-08,0.33,,,0.33,3831717,2026-04-08T04:09:18.177895+00:00
211670,SOVRENINS,2023-11-09,0.34,,,0.34,487366,2026-04-08T04:09:20.462573+00:00
211786,SOVRENINS,2023-11-10,0.34,,,0.34,174675,2026-04-08T04:09:22.644841+00:00
211902,SOVRENINS,2023-11-13,0.34,,,0.34,753073,2026-04-08T04:09:27.404692+00:00
212018,SOVRENINS,2023-11-14,0.34,,,0.34,62874,2026-04-08T04:09:29.775588+00:00
212134,SOVRENINS,2023-11-15,0.31,,,0.31,3431743,2026-04-08T04:09:32.378304+00:00
212250,SOVRENINS,2023-11-16,0.32,,,0.32,3918364,2026-04-08T04:09:34.916677+00:00
212366,SOVRENINS,2023-11-17,0.33,,,0.33,1647976,2026-04-08T04:09:37.378105+00:00
212482,SOVRENINS,2023-11-20,0.33,,,0.33,1501855,2026-04-08T04:09:41.830835+00:00
212598,SOVRENINS,2023-11-21,0.33,,,0.33,1250150,2026-04-08T04:09:44.211025+00:00
212714,SOVRENINS,2023-11-22,0.36,,,0.36,6376539,2026-04-08T04:09:46.526636+00:00
212830,SOVRENINS,2023-11-23,0.39,,,0.39,4090497,2026-04-08T04:09:48.793806+00:00
212947,SOVRENINS,2023-11-27,0.46,,,0.46,9181516,2026-04-08T04:09:54.316732+00:00
213064,SOVRENINS,2023-11-28,0.42,,,0.42,1666523,2026-04-08T04:09:57.050116+00:00
213181,SOVRENINS,2023-11-29,0.39,,,0.39,1016374,2026-04-08T04:09:59.54407+00:00
213298,SOVRENINS,2023-11-30,0.36,,,0.36,4241704,2026-04-08T04:10:01.973818+00:00
213415,SOVRENINS,2023-12-01,0.36,,,0.36,50,2026-04-08T04:10:04.46052+00:00
213532,SOVRENINS,2023-12-04,0.36,,,0.36,370010,2026-04-08T04:10:08.793495+00:00
213649,SOVRENINS,2023-12-05,0.36,,,0.36,173375,2026-04-08T04:10:11.104733+00:00
213766,SOVRENINS,2023-12-06,0.36,,,0.36,211519,2026-04-08T04:10:13.383432+00:00
213883,SOVRENINS,2023-12-08,0.36,,,0.36,25700,2026-04-08T04:10:16.965057+00:00
214000,SOVRENINS,2023-12-11,0.38,,,0.38,619558,2026-04-08T04:10:21.350621+00:00
214117,SOVRENINS,2023-12-12,0.38,,,0.38,1427008,2026-04-08T04:10:23.843731+00:00
214234,SOVRENINS,2023-12-13,0.39,,,0.39,502603,2026-04-08T04:10:26.19208+00:00
214351,SOVRENINS,2023-12-14,0.36,,,0.36,165160,2026-04-08T04:10:28.64956+00:00
214468,SOVRENINS,2023-12-15,0.39,,,0.39,267861,2026-04-08T04:10:31.179138+00:00
214585,SOVRENINS,2023-12-18,0.36,,,0.36,2405825,2026-04-08T04:10:35.879044+00:00
214702,SOVRENINS,2023-12-19,0.37,,,0.37,2026952,2026-04-08T04:10:38.280823+00:00
214819,SOVRENINS,2023-12-20,0.35,,,0.35,1923150,2026-04-08T04:10:40.523028+00:00
214936,SOVRENINS,2023-12-21,0.35,,,0.35,103000,2026-04-08T04:10:42.873875+00:00
215053,SOVRENINS,2023-12-28,0.4,,,0.4,3538949,2026-04-08T04:10:51.166125+00:00
215170,SOVRENINS,2023-12-29,0.42,,,0.42,2451285,2026-04-08T04:10:53.57119+00:00
215287,SOVRENINS,2024-01-02,0.43,,,0.43,1615409,2026-04-08T04:10:59.157783+00:00
215404,SOVRENINS,2024-01-03,0.47,,,0.47,1357423,2026-04-08T04:11:01.401293+00:00
215521,SOVRENINS,2024-01-04,0.51,,,0.51,1591809,2026-04-08T04:11:03.846312+00:00
215638,SOVRENINS,2024-01-05,0.56,,,0.56,5568881,2026-04-08T04:11:07.208124+00:00
215755,SOVRENINS,2024-01-08,0.61,,,0.61,8966800,2026-04-08T04:11:11.742656+00:00
215872,SOVRENINS,2024-01-09,0.67,,,0.67,3130950,2026-04-08T04:11:14.100458+00:00
215989,SOVRENINS,2024-01-10,0.61,,,0.61,2797107,2026-04-08T04:11:16.512964+00:00
216106,SOVRENINS,2024-01-11,0.6,,,0.6,4636303,2026-04-08T04:11:18.918089+00:00
216223,SOVRENINS,2024-01-12,0.6,,,0.6,1770976,2026-04-08T04:11:21.244944+00:00
216340,SOVRENINS,2024-01-15,0.66,,,0.66,3931372,2026-04-08T04:11:25.674113+00:00
216457,SOVRENINS,2024-01-16,0.72,,,0.72,3982142,2026-04-08T04:11:28.037988+00:00
216574,SOVRENINS,2024-01-18,0.66,,,0.66,2204869,2026-04-08T04:11:31.337167+00:00
216691,SOVRENINS,2024-01-19,0.6,,,0.6,2776768,2026-04-08T04:11:38.619168+00:00
216808,SOVRENINS,2024-01-22,0.54,,,0.54,6569763,2026-04-08T04:11:42.948818+00:00
216925,SOVRENINS,2024-01-23,0.49,,,0.49,5510300,2026-04-08T04:11:45.304506+00:00
217042,SOVRENINS,2024-01-24,0.53,,,0.53,1200000,2026-04-08T04:11:47.647942+00:00
217159,SOVRENINS,2024-01-25,0.52,,,0.52,2686810,2026-04-08T04:11:50.11021+00:00
217276,SOVRENINS,2024-01-26,0.53,,,0.53,1607200,2026-04-08T04:11:52.721812+00:00
217393,SOVRENINS,2024-01-29,0.53,,,0.53,1253068,2026-04-08T04:11:57.440388+00:00
217510,SOVRENINS,2024-01-30,0.48,,,0.48,1356669,2026-04-08T04:12:00.024191+00:00
217627,SOVRENINS,2024-01-31,0.44,,,0.44,8982266,2026-04-08T04:12:02.433526+00:00
217744,SOVRENINS,2024-02-01,0.48,,,0.48,8799578,2026-04-08T04:12:04.812869+00:00
217861,SOVRENINS,2024-02-02,0.51,,,0.51,3862014,2026-04-08T04:12:07.232701+00:00
217978,SOVRENINS,2024-02-05,0.56,,,0.56,4983593,2026-04-08T04:12:11.791199+00:00
218095,SOVRENINS,2024-02-06,0.55,,,0.55,2954005,2026-04-08T04:12:14.363902+00:00
218212,SOVRENINS,2024-02-07,0.55,,,0.55,122300,2026-04-08T04:12:16.791058+00:00
218329,SOVRENINS,2024-02-08,0.52,,,0.52,1880300,2026-04-08T04:12:19.312026+00:00
218446,SOVRENINS,2024-02-09,0.52,,,0.52,867399,2026-04-08T04:12:21.609908+00:00
218563,SOVRENINS,2024-02-12,0.52,,,0.52,150750,2026-04-08T04:12:25.771109+00:00
218680,SOVRENINS,2024-02-13,0.47,,,0.47,758699,2026-04-08T04:12:28.061356+00:00
218797,SOVRENINS,2024-02-14,0.48,,,0.48,432000,2026-04-08T04:12:30.570558+00:00
218914,SOVRENINS,2024-02-16,0.49,,,0.49,1579030,2026-04-08T04:12:34.036511+00:00
219031,SOVRENINS,2024-02-19,0.49,,,0.49,549750,2026-04-08T04:12:38.429241+00:00
219148,SOVRENINS,2024-02-20,0.49,,,0.49,1014183,2026-04-08T04:12:40.813552+00:00
219265,SOVRENINS,2024-02-21,0.46,,,0.46,1385543,2026-04-08T04:12:43.257682+00:00
219382,SOVRENINS,2024-02-22,0.46,,,0.46,11875,2026-04-08T04:12:45.850796+00:00
219499,SOVRENINS,2024-02-26,0.45,,,0.45,821660,2026-04-08T04:12:51.18414+00:00
219616,SOVRENINS,2024-02-27,0.45,,,0.45,239845,2026-04-08T04:12:53.509755+00:00
219733,SOVRENINS,2024-02-29,0.46,,,0.46,795000,2026-04-08T04:12:56.822244+00:00
219850,SOVRENINS,2024-03-01,0.43,,,0.43,355710,2026-04-08T04:12:59.287484+00:00
219967,SOVRENINS,2024-03-04,0.43,,,0.43,136618,2026-04-08T04:13:03.814092+00:00
220085,SOVRENINS,2024-03-05,0.43,,,0.43,90500,2026-04-08T04:13:06.279726+00:00
220203,SOVRENINS,2024-03-06,0.43,,,0.43,535000,2026-04-08T04:13:08.558236+00:00
220321,SOVRENINS,2024-03-07,0.43,,,0.43,107500,2026-04-08T04:13:10.988978+00:00
220439,SOVRENINS,2024-03-08,0.44,,,0.44,790100,2026-04-08T04:13:13.453006+00:00
220557,SOVRENINS,2024-03-11,0.42,,,0.42,1808090,2026-04-08T04:13:17.773706+00:00
220675,SOVRENINS,2024-03-12,0.42,,,0.42,819568,2026-04-08T04:13:20.258657+00:00
220793,SOVRENINS,2024-03-13,0.44,,,0.44,125964,2026-04-08T04:13:22.557243+00:00
220911,SOVRENINS,2024-03-14,0.43,,,0.43,281536,2026-04-08T04:13:25.004754+00:00
221029,SOVRENINS,2024-03-15,0.43,,,0.43,560041,2026-04-08T04:13:27.500984+00:00
221147,SOVRENINS,2024-03-19,0.43,,,0.43,637145,2026-04-08T04:13:32.54102+00:00
221265,SOVRENINS,2024-03-20,0.47,,,0.47,6416800,2026-04-08T04:13:34.949661+00:00
221383,SOVRENINS,2024-03-21,0.47,,,0.47,3105564,2026-04-08T04:13:37.293426+00:00
221501,SOVRENINS,2024-03-22,0.44,,,0.44,1407240,2026-04-08T04:13:39.66616+00:00
221619,SOVRENINS,2024-03-25,0.48,,,0.48,2830350,2026-04-08T04:13:43.964435+00:00
221737,SOVRENINS,2024-03-26,0.44,,,0.44,2672982,2026-04-08T04:13:46.391317+00:00
221855,SOVRENINS,2024-03-27,0.46,,,0.46,748842,2026-04-08T04:13:48.795654+00:00
221973,SOVRENINS,2024-03-28,0.48,,,0.48,2793730,2026-04-08T04:13:51.173779+00:00
222091,SOVRENINS,2024-04-02,0.48,,,0.48,282501,2026-04-08T04:13:58.053067+00:00
222209,SOVRENINS,2024-04-03,0.48,,,0.48,439607,2026-04-08T04:14:00.66873+00:00
222327,SOVRENINS,2024-04-04,0.46,,,0.46,1230572,2026-04-08T04:14:03.310057+00:00
222445,SOVRENINS,2024-04-05,0.48,,,0.48,1054100,2026-04-08T04:14:05.820809+00:00
222563,SOVRENINS,2024-04-12,0.48,,,0.48,457450,2026-04-08T04:14:15.984697+00:00
222681,SOVRENINS,2024-04-15,0.48,,,0.48,1661470,2026-04-08T04:14:20.492228+00:00
222799,SOVRENINS,2024-04-16,0.48,,,0.48,2400226,2026-04-08T04:14:22.958286+00:00
222917,SOVRENINS,2024-04-17,0.44,,,0.44,2356600,2026-04-08T04:14:25.407203+00:00
223035,SOVRENINS,2024-04-18,0.44,,,0.44,1055851,2026-04-08T04:14:27.862982+00:00
223153,SOVRENINS,2024-04-19,0.44,,,0.44,11200,2026-04-08T04:14:30.225092+00:00
223271,SOVRENINS,2024-04-22,0.44,,,0.44,2500,2026-04-08T04:14:34.624841+00:00
223389,SOVRENINS,2024-04-23,0.44,,,0.44,0,2026-04-08T04:14:36.881925+00:00
223507,SOVRENINS,2024-04-24,0.4,,,0.4,500000,2026-04-08T04:14:39.108369+00:00
223625,SOVRENINS,2024-04-25,0.4,,,0.4,1135678,2026-04-08T04:14:41.415412+00:00
223743,SOVRENINS,2024-04-26,0.36,,,0.36,1018499,2026-04-08T04:14:43.709399+00:00
223861,SOVRENINS,2024-04-29,0.39,,,0.39,842265,2026-04-08T04:14:47.97937+00:00
223979,SOVRENINS,2024-04-30,0.42,,,0.42,2588065,2026-04-08T04:14:50.304196+00:00
224097,SOVRENINS,2024-05-02,0.42,,,0.42,336593,2026-04-08T04:14:53.573612+00:00
224215,SOVRENINS,2024-05-03,0.42,,,0.42,173500,2026-04-08T04:14:55.989363+00:00
224333,SOVRENINS,2024-05-06,0.42,,,0.42,402485,2026-04-08T04:15:00.14873+00:00
224451,SOVRENINS,2024-05-07,0.42,,,0.42,176100,2026-04-08T04:15:02.40079+00:00
224569,SOVRENINS,2024-05-08,0.42,,,0.42,99403,2026-04-08T04:15:04.708287+00:00
224687,SOVRENINS,2024-05-09,0.38,,,0.38,308000,2026-04-08T04:15:07.337178+00:00
224805,SOVRENINS,2024-05-10,0.38,,,0.38,19000,2026-04-08T04:15:09.604775+00:00
224923,SOVRENINS,2024-05-13,0.38,,,0.38,32930,2026-04-08T04:15:13.907933+00:00
225041,SOVRENINS,2024-05-14,0.38,,,0.38,565000,2026-04-08T04:15:16.26654+00:00
225159,SOVRENINS,2024-05-15,0.41,,,0.41,110000,2026-04-08T04:15:18.549958+00:00
225277,SOVRENINS,2024-05-16,0.41,,,0.41,891100,2026-04-08T04:15:20.841424+00:00
225395,SOVRENINS,2024-05-20,0.37,,,0.37,1032700,2026-04-08T04:15:25.962105+00:00
225513,SOVRENINS,2024-05-21,0.4,,,0.4,369554,2026-04-08T04:15:28.334406+00:00
225631,SOVRENINS,2024-05-22,0.4,,,0.4,73300,2026-04-08T04:15:30.660212+00:00
225749,SOVRENINS,2024-05-23,0.39,,,0.39,195200,2026-04-08T04:15:32.993296+00:00
225867,SOVRENINS,2024-05-24,0.42,,,0.42,1372468,2026-04-08T04:15:35.360226+00:00
225985,SOVRENINS,2024-05-27,0.42,,,0.42,17113,2026-04-08T04:15:39.562711+00:00
226103,SOVRENINS,2024-05-28,0.38,,,0.38,601800,2026-04-08T04:15:41.894674+00:00
226221,SOVRENINS,2024-05-29,0.38,,,0.38,955374,2026-04-08T04:15:44.435333+00:00
226339,SOVRENINS,2024-05-30,0.41,,,0.41,568000,2026-04-08T04:15:46.695543+00:00
226457,SOVRENINS,2024-05-31,0.44,,,0.44,2912813,2026-04-08T04:15:48.909252+00:00
226575,SOVRENINS,2024-06-03,0.44,,,0.44,2108844,2026-04-08T04:15:53.203965+00:00
226693,SOVRENINS,2024-06-04,0.46,,,0.46,889173,2026-04-08T04:15:55.456464+00:00
226811,SOVRENINS,2024-06-05,0.42,,,0.42,742213,2026-04-08T04:15:57.839545+00:00
226929,SOVRENINS,2024-06-06,0.38,,,0.38,618030,2026-04-08T04:16:00.091412+00:00
227047,SOVRENINS,2024-06-07,0.38,,,0.38,182351,2026-04-08T04:16:02.294722+00:00
227165,SOVRENINS,2024-06-10,0.39,,,0.39,2987420,2026-04-08T04:16:06.655303+00:00
227283,SOVRENINS,2024-06-11,0.42,,,0.42,7566592,2026-04-08T04:16:09.027942+00:00
227401,SOVRENINS,2024-06-13,0.44,,,0.44,3378500,2026-04-08T04:16:12.454757+00:00
227519,SOVRENINS,2024-06-14,0.44,,,0.44,1202623,2026-04-08T04:16:14.762224+00:00
227637,SOVRENINS,2024-06-20,0.46,,,0.46,775167,2026-04-08T04:16:22.365263+00:00
227755,SOVRENINS,2024-06-21,0.45,,,0.45,3088224,2026-04-08T04:16:24.740936+00:00
227873,SOVRENINS,2024-06-24,0.49,,,0.49,1266292,2026-04-08T04:16:29.101951+00:00
227991,SOVRENINS,2024-06-25,0.46,,,0.46,1549083,2026-04-08T04:16:31.430939+00:00
228109,SOVRENINS,2024-06-26,0.45,,,0.45,1508147,2026-04-08T04:16:33.77834+00:00
228227,SOVRENINS,2024-06-27,0.45,,,0.45,1202200,2026-04-08T04:16:36.13415+00:00
228345,SOVRENINS,2024-06-28,0.45,,,0.45,1122450,2026-04-08T04:16:38.472674+00:00
228463,SOVRENINS,2024-07-01,0.49,,,0.49,3786211,2026-04-08T04:16:42.881798+00:00
228581,SOVRENINS,2024-07-02,0.47,,,0.47,956842,2026-04-08T04:16:45.256647+00:00
228699,SOVRENINS,2024-07-03,0.45,,,0.45,2653377,2026-04-08T04:16:47.732339+00:00
228817,SOVRENINS,2024-07-04,0.46,,,0.46,2357540,2026-04-08T04:16:50.22378+00:00
228935,SOVRENINS,2024-07-05,0.49,,,0.49,2366335,2026-04-08T04:16:52.679645+00:00
229053,SOVRENINS,2024-07-08,0.48,,,0.48,2613086,2026-04-08T04:16:57.375145+00:00
229171,SOVRENINS,2024-07-09,0.48,,,0.48,2580971,2026-04-08T04:16:59.679545+00:00
229289,SOVRENINS,2024-07-10,0.49,,,0.49,439842,2026-04-08T04:17:02.104038+00:00
229407,SOVRENINS,2024-07-11,0.49,,,0.49,206820,2026-04-08T04:17:04.804273+00:00
229525,SOVRENINS,2024-07-12,0.47,,,0.47,1064516,2026-04-08T04:17:07.071694+00:00
229643,SOVRENINS,2024-07-15,0.49,,,0.49,561281,2026-04-08T04:17:11.418935+00:00
229761,SOVRENINS,2024-07-16,0.49,,,0.49,843444,2026-04-08T04:17:13.920176+00:00
229879,SOVRENINS,2024-07-17,0.49,,,0.49,693610,2026-04-08T04:17:16.239817+00:00
229997,SOVRENINS,2024-07-18,0.47,,,0.47,1774401,2026-04-08T04:17:18.614364+00:00
230115,SOVRENINS,2024-07-19,0.49,,,0.49,1706070,2026-04-08T04:17:20.923419+00:00
230233,SOVRENINS,2024-07-22,0.48,,,0.48,405546,2026-04-08T04:17:25.185516+00:00
230351,SOVRENINS,2024-07-23,0.5,,,0.5,460880,2026-04-08T04:17:27.655924+00:00
230469,SOVRENINS,2024-07-24,0.55,,,0.55,3897256,2026-04-08T04:17:30.124258+00:00
230587,SOVRENINS,2024-07-25,0.55,,,0.55,3891581,2026-04-08T04:17:32.638981+00:00
230705,SOVRENINS,2024-07-26,0.56,,,0.56,1699560,2026-04-08T04:17:35.101122+00:00
230823,SOVRENINS,2024-07-29,0.59,,,0.59,820255,2026-04-08T04:17:40.103977+00:00
230941,SOVRENINS,2024-07-30,0.59,,,0.59,1448688,2026-04-08T04:17:43.080384+00:00
231059,SOVRENINS,2024-07-31,0.55,,,0.55,551507,2026-04-08T04:17:45.61458+00:00
231177,SOVRENINS,2024-08-01,0.55,,,0.55,237000,2026-04-08T04:17:47.950902+00:00
231295,SOVRENINS,2024-08-02,0.5,,,0.5,2030339,2026-04-08T04:17:50.372085+00:00
231413,SOVRENINS,2024-08-05,0.55,,,0.55,697344,2026-04-08T04:17:54.929581+00:00
231531,SOVRENINS,2024-08-06,0.54,,,0.54,1133946,2026-04-08T04:17:57.472912+00:00
231649,SOVRENINS,2024-08-07,0.51,,,0.51,262772,2026-04-08T04:17:59.948734+00:00
231767,SOVRENINS,2024-08-08,0.54,,,0.54,1042533,2026-04-08T04:18:02.36647+00:00
231885,SOVRENINS,2024-08-09,0.54,,,0.54,361612,2026-04-08T04:18:04.674683+00:00
232003,SOVRENINS,2024-08-12,0.54,,,0.54,56373,2026-04-08T04:18:08.918743+00:00
232121,SOVRENINS,2024-08-13,0.5,,,0.5,378415,2026-04-08T04:18:11.387792+00:00
232239,SOVRENINS,2024-08-14,0.5,,,0.5,11400,2026-04-08T04:18:13.859526+00:00
232357,SOVRENINS,2024-08-15,0.5,,,0.5,810819,2026-04-08T04:18:16.357381+00:00
232475,SOVRENINS,2024-08-16,0.5,,,0.5,143525,2026-04-08T04:18:18.692447+00:00
232593,SOVRENINS,2024-08-19,0.51,,,0.51,6195900,2026-04-08T04:18:23.063194+00:00
232711,SOVRENINS,2024-08-20,0.51,,,0.51,1101645,2026-04-08T04:18:25.366221+00:00
232829,SOVRENINS,2024-08-21,0.51,,,0.51,3545418,2026-04-08T04:18:27.861334+00:00
232947,SOVRENINS,2024-08-22,0.53,,,0.53,991021,2026-04-08T04:18:30.156184+00:00
233065,SOVRENINS,2024-08-23,0.56,,,0.56,2528898,2026-04-08T04:18:32.497978+00:00
233183,SOVRENINS,2024-08-26,0.56,,,0.56,2706635,2026-04-08T04:18:37.19542+00:00
233301,SOVRENINS,2024-08-27,0.61,,,0.61,5969703,2026-04-08T04:18:39.561091+00:00
233419,SOVRENINS,2024-08-28,0.61,,,0.61,2522122,2026-04-08T04:18:42.048567+00:00
233537,SOVRENINS,2024-08-29,0.63,,,0.63,1483765,2026-04-08T04:18:44.36768+00:00
233655,SOVRENINS,2024-09-02,0.73,,,0.73,2991152,2026-04-08T04:18:49.632285+00:00
233773,SOVRENINS,2024-09-03,0.7,,,0.7,6255567,2026-04-08T04:18:52.389232+00:00
233891,SOVRENINS,2024-09-04,0.72,,,0.72,1249904,2026-04-08T04:18:54.875674+00:00
234009,SOVRENINS,2024-09-05,0.71,,,0.71,1023138,2026-04-08T04:18:57.763256+00:00
234127,SOVRENINS,2024-09-06,0.72,,,0.72,5407869,2026-04-08T04:19:00.536712+00:00
234245,SOVRENINS,2024-09-09,0.7,,,0.7,1117839,2026-04-08T04:19:05.495104+00:00
234363,SOVRENINS,2024-09-10,0.67,,,0.67,3260643,2026-04-08T04:19:08.070871+00:00
234481,SOVRENINS,2024-09-11,0.67,,,0.67,1233728,2026-04-08T04:19:10.663572+00:00
234599,SOVRENINS,2024-09-12,0.63,,,0.63,10451153,2026-04-08T04:19:13.371302+00:00
234717,SOVRENINS,2024-09-13,0.64,,,0.64,3099660,2026-04-08T04:19:16.033041+00:00
234835,SOVRENINS,2024-09-17,0.62,,,0.62,1526055,2026-04-08T04:19:22.824888+00:00
234953,SOVRENINS,2024-09-18,0.6,,,0.6,206391,2026-04-08T04:19:25.915955+00:00
235071,SOVRENINS,2024-09-19,0.57,,,0.57,630299,2026-04-08T04:19:28.330134+00:00
235189,SOVRENINS,2024-09-20,0.58,,,0.58,2152432,2026-04-08T04:19:30.82066+00:00
235307,SOVRENINS,2024-09-23,0.57,,,0.57,1098241,2026-04-08T04:19:35.29526+00:00
235425,SOVRENINS,2024-09-24,0.58,,,0.58,1756600,2026-04-08T04:19:37.629736+00:00
235543,SOVRENINS,2024-09-25,0.6,,,0.6,1266663,2026-04-08T04:19:40.096992+00:00
235661,SOVRENINS,2024-09-26,0.6,,,0.6,2309211,2026-04-08T04:19:42.676048+00:00
235779,SOVRENINS,2024-09-27,0.59,,,0.59,605444,2026-04-08T04:19:45.342636+00:00
235897,SOVRENINS,2024-09-30,0.56,,,0.56,364964,2026-04-08T04:19:50.223917+00:00
236015,SOVRENINS,2024-10-02,0.61,,,0.61,2091690,2026-04-08T04:19:53.821423+00:00
236133,SOVRENINS,2024-10-03,0.61,,,0.61,1846481,2026-04-08T04:19:56.203135+00:00
236251,SOVRENINS,2024-10-04,0.61,,,0.61,280815,2026-04-08T04:19:58.634737+00:00
236369,SOVRENINS,2024-10-07,0.62,,,0.62,3167988,2026-04-08T04:20:03.05432+00:00
236487,SOVRENINS,2024-10-08,0.62,,,0.62,339454,2026-04-08T04:20:05.535519+00:00
236605,SOVRENINS,2024-10-10,0.58,,,0.58,220100,2026-04-08T04:20:08.855054+00:00
236723,SOVRENINS,2024-10-11,0.58,,,0.58,296075,2026-04-08T04:20:11.460237+00:00
236841,SOVRENINS,2024-10-14,0.56,,,0.56,689283,2026-04-08T04:20:16.284622+00:00
236960,SOVRENINS,2024-10-15,0.56,,,0.56,3390748,2026-04-08T04:20:18.84933+00:00
237079,SOVRENINS,2024-10-17,0.59,,,0.59,712729,2026-04-08T04:20:23.389134+00:00
237198,SOVRENINS,2024-10-18,0.6,,,0.6,845149,2026-04-08T04:20:26.17489+00:00
237317,SOVRENINS,2024-10-21,0.6,,,0.6,113592,2026-04-08T04:20:30.541886+00:00
237436,SOVRENINS,2024-10-22,0.6,,,0.6,509615,2026-04-08T04:20:32.890604+00:00
237555,SOVRENINS,2024-10-23,0.6,,,0.6,550698,2026-04-08T04:20:35.186729+00:00
237674,SOVRENINS,2024-10-24,0.6,,,0.6,71608,2026-04-08T04:20:37.740613+00:00
237793,SOVRENINS,2024-10-25,0.62,,,0.62,359140,2026-04-08T04:20:40.222387+00:00
237912,SOVRENINS,2024-10-28,0.62,,,0.62,503980,2026-04-08T04:20:44.742576+00:00
238031,SOVRENINS,2024-10-29,0.57,,,0.57,1426870,2026-04-08T04:20:47.136244+00:00
238150,SOVRENINS,2024-10-30,0.57,,,0.57,155900,2026-04-08T04:20:49.405969+00:00
238269,SOVRENINS,2024-10-31,0.57,,,0.57,152403,2026-04-08T04:20:51.756515+00:00
238388,SOVRENINS,2024-11-01,0.57,,,0.57,301989,2026-04-08T04:20:54.1075+00:00
238507,SOVRENINS,2024-11-04,0.57,,,0.57,59432756,2026-04-08T04:20:58.471072+00:00
238626,SOVRENINS,2024-11-05,0.59,,,0.59,2499927695,2026-04-08T04:21:01.00344+00:00
238745,SOVRENINS,2024-11-06,0.59,,,0.59,315586,2026-04-08T04:21:03.585377+00:00
238864,SOVRENINS,2024-11-07,0.64,,,0.64,3918989,2026-04-08T04:21:06.256351+00:00
238983,SOVRENINS,2024-11-08,0.69,,,0.69,3063402,2026-04-08T04:21:08.623134+00:00
239102,SOVRENINS,2024-11-11,0.64,,,0.64,3412156,2026-04-08T04:21:12.782875+00:00
239221,SOVRENINS,2024-11-12,0.63,,,0.63,926097,2026-04-08T04:21:15.417322+00:00
239340,SOVRENINS,2024-11-13,0.59,,,0.59,2353702,2026-04-08T04:21:17.790166+00:00
239459,SOVRENINS,2024-11-14,0.61,,,0.61,293399,2026-04-08T04:21:20.354873+00:00
239578,SOVRENINS,2024-11-15,0.66,,,0.66,889497,2026-04-08T04:21:22.90937+00:00
239697,SOVRENINS,2024-11-18,0.66,,,0.66,1479388,2026-04-08T04:21:27.576358+00:00
239816,SOVRENINS,2024-11-19,0.65,,,0.65,705432,2026-04-08T04:21:29.868433+00:00
239935,SOVRENINS,2024-11-20,0.67,,,0.67,2214446,2026-04-08T04:21:32.433299+00:00
240054,SOVRENINS,2024-11-21,0.61,,,0.61,4579672,2026-04-08T04:21:34.755564+00:00
240173,SOVRENINS,2024-11-22,0.63,,,0.63,555798,2026-04-08T04:21:37.514754+00:00
240292,SOVRENINS,2024-11-25,0.69,,,0.69,3134108,2026-04-08T04:21:41.818387+00:00
240411,SOVRENINS,2024-11-26,0.69,,,0.69,352538,2026-04-08T04:21:44.163824+00:00
240530,SOVRENINS,2024-11-27,0.64,,,0.64,1081905,2026-04-08T04:21:46.720727+00:00
240649,SOVRENINS,2024-11-28,0.68,,,0.68,1184485,2026-04-08T04:21:49.110263+00:00
240768,SOVRENINS,2024-12-02,0.8,,,0.8,2956629,2026-04-08T04:21:54.88401+00:00
240887,SOVRENINS,2024-12-03,0.72,,,0.72,4362625,2026-04-08T04:21:57.640504+00:00
241006,SOVRENINS,2024-12-04,0.72,,,0.72,2530312,2026-04-08T04:21:59.930228+00:00
241125,SOVRENINS,2024-12-06,0.84,,,0.84,3296033,2026-04-08T04:22:03.392712+00:00
241244,SOVRENINS,2024-12-09,0.8,,,0.8,1110213,2026-04-08T04:22:07.745808+00:00
241363,SOVRENINS,2024-12-10,0.86,,,0.86,3108269,2026-04-08T04:22:10.112253+00:00
241482,SOVRENINS,2024-12-11,0.86,,,0.86,1491458,2026-04-08T04:22:12.639548+00:00
241601,SOVRENINS,2024-12-12,0.81,,,0.81,589472,2026-04-08T04:22:15.033357+00:00
241720,SOVRENINS,2024-12-13,0.85,,,0.85,1322170,2026-04-08T04:22:17.509919+00:00
241839,SOVRENINS,2024-12-16,0.78,,,0.78,3993739,2026-04-08T04:22:22.499781+00:00
241958,SOVRENINS,2024-12-17,0.85,,,0.85,2631107,2026-04-08T04:22:24.995572+00:00
242077,SOVRENINS,2024-12-18,0.85,,,0.85,1900184,2026-04-08T04:22:27.498126+00:00
242196,SOVRENINS,2024-12-19,0.9,,,0.9,1195289,2026-04-08T04:22:29.868083+00:00
242315,SOVRENINS,2024-12-20,0.9,,,0.9,157618,2026-04-08T04:22:32.392508+00:00
242434,SOVRENINS,2024-12-23,0.89,,,0.89,1432749,2026-04-08T04:22:36.740311+00:00
242553,SOVRENINS,2024-12-24,0.9,,,0.9,1032448,2026-04-08T04:22:39.25804+00:00
242672,SOVRENINS,2024-12-27,0.93,,,0.93,4276620,2026-04-08T04:22:43.946119+00:00
242790,SOVRENINS,2024-12-31,1.12,,,1.12,4494541,2026-04-08T04:22:48.665239+00:00
242908,SOVRENINS,2025-01-02,1.23,,,1.23,1719071,2026-04-08T04:22:52.256438+00:00
243026,SOVRENINS,2025-01-03,1.35,,,1.35,13737805,2026-04-08T04:22:55.101113+00:00
243144,SOVRENINS,2025-01-06,1.48,,,1.48,24367061,2026-04-08T04:23:00.046313+00:00
243262,SOVRENINS,2025-01-07,1.44,,,1.44,18829147,2026-04-08T04:23:02.329348+00:00
243380,SOVRENINS,2025-01-08,1.5,,,1.5,4927312,2026-04-08T04:23:04.632968+00:00
243498,SOVRENINS,2025-01-09,1.42,,,1.42,24990938,2026-04-08T04:23:06.908261+00:00
243616,SOVRENINS,2025-01-10,1.32,,,1.32,4169028,2026-04-08T04:23:09.304805+00:00
243734,SOVRENINS,2025-01-13,1.24,,,1.24,4589562,2026-04-08T04:23:13.790041+00:00
243852,SOVRENINS,2025-01-14,1.12,,,1.12,5731308,2026-04-08T04:23:16.129929+00:00
243970,SOVRENINS,2025-01-15,1.06,,,1.06,6198467,2026-04-08T04:23:18.535433+00:00
244088,SOVRENINS,2025-01-16,1.0,,,1.0,3661822,2026-04-08T04:23:20.834867+00:00
244206,SOVRENINS,2025-01-17,1.1,,,1.1,3694861,2026-04-08T04:23:23.141674+00:00
244324,SOVRENINS,2025-01-20,1.2,,,1.2,2695207,2026-04-08T04:23:27.482452+00:00
244442,SOVRENINS,2025-01-21,1.17,,,1.17,3743316,2026-04-08T04:23:29.752731+00:00
244560,SOVRENINS,2025-01-22,1.17,,,1.17,776219,2026-04-08T04:23:32.235559+00:00
244678,SOVRENINS,2025-01-23,1.17,,,1.17,2482695,2026-04-08T04:23:34.519549+00:00
244796,SOVRENINS,2025-01-24,1.06,,,1.06,16991811,2026-04-08T04:23:37.097992+00:00
244914,SOVRENINS,2025-01-27,1.04,,,1.04,6169057,2026-04-08T04:23:41.817807+00:00
245032,SOVRENINS,2025-01-28,0.96,,,0.96,2936088,2026-04-08T04:23:44.43679+00:00
245150,SOVRENINS,2025-01-30,1.0,,,1.0,3986543,2026-04-08T04:23:47.90788+00:00
245268,SOVRENINS,2025-01-31,1.0,,,1.0,3986543,2026-04-08T04:23:50.425841+00:00
245386,SOVRENINS,2025-02-03,1.05,,,1.05,14136987,2026-04-08T04:23:55.090801+00:00
245504,SOVRENINS,2025-02-04,1.1,,,1.1,3547355,2026-04-08T04:23:57.584141+00:00
245622,SOVRENINS,2025-02-05,1.1,,,1.1,9406562,2026-04-08T04:24:00.484627+00:00
245740,SOVRENINS,2025-02-06,1.2,,,1.2,6439904,2026-04-08T04:24:04.153698+00:00
245858,SOVRENINS,2025-02-07,1.21,,,1.21,5645657,2026-04-08T04:24:07.822728+00:00
245976,SOVRENINS,2025-02-10,1.33,,,1.33,5037210,2026-04-08T04:24:13.163899+00:00
246094,SOVRENINS,2025-02-11,1.21,,,1.21,5783354,2026-04-08T04:24:15.629092+00:00
246212,SOVRENINS,2025-02-12,1.18,,,1.18,2965353,2026-04-08T04:24:18.226035+00:00
246330,SOVRENINS,2025-02-13,1.18,,,1.18,5065166,2026-04-08T04:24:20.725749+00:00
246448,SOVRENINS,2025-02-14,1.18,,,1.18,518594,2026-04-08T04:24:23.300806+00:00
246566,SOVRENINS,2025-02-17,1.16,,,1.16,1633236,2026-04-08T04:24:27.726986+00:00
246684,SOVRENINS,2025-02-18,1.15,,,1.15,882160,2026-04-08T04:24:30.295737+00:00
246802,SOVRENINS,2025-02-19,1.15,,,1.15,379744,2026-04-08T04:24:32.765887+00:00
246920,SOVRENINS,2025-02-20,1.26,,,1.26,4528173,2026-04-08T04:24:35.351909+00:00
247038,SOVRENINS,2025-02-21,1.32,,,1.32,2097487,2026-04-08T04:24:37.680479+00:00
247156,SOVRENINS,2025-02-25,1.15,,,1.15,2737729,2026-04-08T04:24:43.419296+00:00
247274,SOVRENINS,2025-02-26,1.19,,,1.19,2065022,2026-04-08T04:24:45.860894+00:00
247392,SOVRENINS,2025-02-27,1.18,,,1.18,10646851,2026-04-08T04:24:48.27846+00:00
247510,SOVRENINS,2025-02-28,1.14,,,1.14,10280025,2026-04-08T04:24:50.63724+00:00
247628,SOVRENINS,2025-03-03,1.07,,,1.07,3511472,2026-04-08T04:24:55.222854+00:00
247746,SOVRENINS,2025-03-04,0.99,,,0.99,5466648,2026-04-08T04:24:57.762887+00:00
247865,SOVRENINS,2025-03-05,0.99,,,0.99,4285120,2026-04-08T04:25:00.108696+00:00
247984,SOVRENINS,2025-03-06,0.99,,,0.99,2068265,2026-04-08T04:25:02.52336+00:00
248103,SOVRENINS,2025-03-07,0.99,,,0.99,2377719,2026-04-08T04:25:04.19753+00:00
248222,SOVRENINS,2025-03-10,1.0,,,1.0,876154,2026-04-08T04:25:07.959889+00:00
248341,SOVRENINS,2025-03-11,1.06,,,1.06,15540197,2026-04-08T04:25:10.446731+00:00
248460,SOVRENINS,2025-03-12,1.0,,,1.0,989732865,2026-04-08T04:25:12.888859+00:00
248579,SOVRENINS,2025-03-13,1.04,,,1.04,13786566,2026-04-08T04:25:15.353849+00:00
248698,SOVRENINS,2025-03-14,1.03,,,1.03,11261213,2026-04-08T04:25:17.75152+00:00
248817,SOVRENINS,2025-03-17,0.95,,,0.95,19259313,2026-04-08T04:25:23.327657+00:00
248936,SOVRENINS,2025-03-18,1.01,,,1.01,5370181,2026-04-08T04:25:25.763099+00:00
249055,SOVRENINS,2025-03-19,0.94,,,0.94,1009734328,2026-04-08T04:25:28.144043+00:00
249174,SOVRENINS,2025-03-20,0.94,,,0.94,5226546,2026-04-08T04:25:31.01834+00:00
249293,SOVRENINS,2025-03-21,0.93,,,0.93,3757154,2026-04-08T04:25:33.389958+00:00
249412,SOVRENINS,2025-03-24,0.93,,,0.93,1934891,2026-04-08T04:25:38.388993+00:00
249531,SOVRENINS,2025-03-25,0.95,,,0.95,1226192,2026-04-08T04:25:40.7685+00:00
249650,SOVRENINS,2025-03-26,0.98,,,0.98,607057274,2026-04-08T04:25:43.344812+00:00
249769,SOVRENINS,2025-03-27,0.99,,,0.99,6466672,2026-04-08T04:25:45.817232+00:00
249888,SOVRENINS,2025-03-28,0.98,,,0.98,7923321,2026-04-08T04:25:48.177352+00:00
250007,SOVRENINS,2025-04-02,0.97,,,0.97,502194,2026-04-08T04:25:54.663823+00:00
250126,SOVRENINS,2025-04-03,0.97,,,0.97,4258941,2026-04-08T04:25:57.014747+00:00
250245,SOVRENINS,2025-04-04,1.0,,,1.0,3939931,2026-04-08T04:25:59.489503+00:00
250364,SOVRENINS,2025-04-07,0.91,,,0.91,656253,2026-04-08T04:26:04.211964+00:00
250483,SOVRENINS,2025-04-08,0.92,,,0.92,4319311,2026-04-08T04:26:06.766331+00:00
250602,SOVRENINS,2025-04-10,0.92,,,0.92,1325822,2026-04-08T04:26:10.263658+00:00
250721,SOVRENINS,2025-04-11,0.85,,,0.85,700315,2026-04-08T04:26:12.610372+00:00
250840,SOVRENINS,2025-04-14,0.93,,,0.93,2289978,2026-04-08T04:26:17.137975+00:00
250959,SOVRENINS,2025-04-15,0.91,,,0.91,1029953,2026-04-08T04:26:19.634971+00:00
251078,SOVRENINS,2025-04-16,0.98,,,0.98,1725733,2026-04-08T04:26:22.321337+00:00
251197,SOVRENINS,2025-04-17,0.89,,,0.89,2984615,2026-04-08T04:26:24.819431+00:00
251316,SOVRENINS,2025-04-22,0.95,,,0.95,4073904,2026-04-08T04:26:31.401152+00:00
251435,SOVRENINS,2025-04-23,0.95,,,0.95,902864,2026-04-08T04:26:33.741411+00:00
251554,SOVRENINS,2025-04-24,0.98,,,0.98,476605,2026-04-08T04:26:36.383131+00:00
251674,SOVRENINS,2025-04-25,0.92,,,0.92,1818675,2026-04-08T04:26:38.677219+00:00
251794,SOVRENINS,2025-04-28,0.94,,,0.94,4930780,2026-04-08T04:26:43.113614+00:00
251914,SOVRENINS,2025-04-29,0.96,,,0.96,1956593,2026-04-08T04:26:45.609073+00:00
252034,SOVRENINS,2025-04-30,0.96,,,0.96,470067,2026-04-08T04:26:48.242472+00:00
252154,SOVRENINS,2025-05-02,0.96,,,0.96,506446,2026-04-08T04:26:51.690529+00:00
252274,SOVRENINS,2025-05-05,0.93,,,0.93,5942565,2026-04-08T04:26:56.275381+00:00
252394,SOVRENINS,2025-05-06,0.9,,,0.9,4167904,2026-04-08T04:26:58.7221+00:00
252514,SOVRENINS,2025-05-07,0.92,,,0.92,555413,2026-04-08T04:27:01.170235+00:00
252634,SOVRENINS,2025-05-08,0.99,,,0.99,4316961,2026-04-08T04:27:03.468055+00:00
252754,SOVRENINS,2025-05-09,0.96,,,0.96,1010640,2026-04-08T04:27:05.963213+00:00
252874,SOVRENINS,2025-05-12,0.99,,,0.99,1290331,2026-04-08T04:27:10.449459+00:00
252994,SOVRENINS,2025-05-14,0.95,,,0.95,1060550,2026-04-08T04:27:13.89162+00:00
253114,SOVRENINS,2025-05-15,0.95,,,0.95,3075518,2026-04-08T04:27:16.307455+00:00
253234,SOVRENINS,2025-05-16,0.95,,,0.95,586271,2026-04-08T04:27:18.639316+00:00
253354,SOVRENINS,2025-05-19,1.03,,,1.03,1316061,2026-04-08T04:27:23.06518+00:00
253474,SOVRENINS,2025-05-20,1.03,,,1.03,1316061,2026-04-08T04:27:25.663956+00:00
253594,SOVRENINS,2025-05-21,0.96,,,0.96,472563,2026-04-08T04:27:28.280255+00:00
253714,SOVRENINS,2025-05-22,1.05,,,1.05,1682996,2026-04-08T04:27:30.733393+00:00
253834,SOVRENINS,2025-05-23,0.96,,,0.96,14973521,2026-04-08T04:27:33.142895+00:00
253954,SOVRENINS,2025-05-26,1.0,,,1.0,2117117,2026-04-08T04:27:37.938794+00:00
254074,SOVRENINS,2025-05-27,1.0,,,1.0,2437829,2026-04-08T04:27:40.395447+00:00
254194,SOVRENINS,2025-05-28,0.98,,,0.98,1526195,2026-04-08T04:27:42.906627+00:00
254314,SOVRENINS,2025-05-29,0.99,,,0.99,4567988,2026-04-08T04:27:45.903166+00:00
254434,SOVRENINS,2025-05-30,1.08,,,1.08,5132374,2026-04-08T04:27:48.4452+00:00
254554,SOVRENINS,2025-06-02,1.02,,,1.02,3079316,2026-04-08T04:27:53.01382+00:00
254674,SOVRENINS,2025-06-03,1.0,,,1.0,808475,2026-04-08T04:27:55.368454+00:00
254794,SOVRENINS,2025-06-04,1.05,,,1.05,5423650,2026-04-08T04:27:57.94541+00:00
254914,SOVRENINS,2025-06-05,1.0,,,1.0,4045320,2026-04-08T04:28:00.320696+00:00
255034,SOVRENINS,2025-06-10,1.06,,,1.06,6356033,2026-04-08T04:28:07.114795+00:00
255154,SOVRENINS,2025-06-11,1.06,,,1.06,3411544,2026-04-08T04:28:09.38594+00:00
255274,SOVRENINS,2025-06-17,1.01,,,1.01,4328387,2026-04-08T04:28:17.228975+00:00
255394,SOVRENINS,2025-06-18,1.08,,,1.08,2322132,2026-04-08T04:28:19.70912+00:00
255514,SOVRENINS,2025-06-19,1.09,,,1.09,1689402,2026-04-08T04:28:22.276816+00:00
255634,SOVRENINS,2025-06-20,1.15,,,1.15,14203804,2026-04-08T04:28:24.65394+00:00
255754,SOVRENINS,2025-06-23,1.26,,,1.26,15445457,2026-04-08T04:28:29.225711+00:00
255874,SOVRENINS,2025-06-24,1.3,,,1.3,11760857,2026-04-08T04:28:31.569579+00:00
255994,SOVRENINS,2025-06-25,1.34,,,1.34,5264402,2026-04-08T04:28:33.910697+00:00
256114,SOVRENINS,2025-06-26,1.36,,,1.36,14789539,2026-04-08T04:28:36.389223+00:00
256234,SOVRENINS,2025-06-27,1.34,,,1.34,3312909,2026-04-08T04:28:38.797599+00:00
256354,SOVRENINS,2025-07-01,1.3,,,1.3,1680515,2026-04-08T04:28:44.517216+00:00
256474,SOVRENINS,2025-07-02,1.38,,,1.38,5056003,2026-04-08T04:28:47.139962+00:00
256594,SOVRENINS,2025-07-03,1.32,,,1.32,2166806,2026-04-08T04:28:49.506141+00:00
256714,SOVRENINS,2025-07-04,1.35,,,1.35,7173246,2026-04-08T04:28:51.76506+00:00
256834,SOVRENINS,2025-07-07,1.31,,,1.31,2610936,2026-04-08T04:28:56.230166+00:00
256954,SOVRENINS,2025-07-08,1.29,,,1.29,2991857,2026-04-08T04:28:58.705995+00:00
257074,SOVRENINS,2025-07-09,1.35,,,1.35,4592441,2026-04-08T04:29:01.058721+00:00
257194,SOVRENINS,2025-07-10,1.39,,,1.39,6353583,2026-04-08T04:29:03.550316+00:00
257314,SOVRENINS,2025-07-11,1.35,,,1.35,6596400,2026-04-08T04:29:06.089999+00:00
257434,SOVRENINS,2025-07-14,1.38,,,1.38,6093127,2026-04-08T04:29:10.69196+00:00
257554,SOVRENINS,2025-07-16,1.31,,,1.31,6619225,2026-04-08T04:29:14.112969+00:00
257674,SOVRENINS,2025-07-17,1.28,,,1.28,2902416,2026-04-08T04:29:16.489777+00:00
257794,SOVRENINS,2025-07-18,1.35,,,1.35,1566353,2026-04-08T04:29:18.854517+00:00
257914,SOVRENINS,2025-07-21,1.22,,,1.22,2126414,2026-04-08T04:29:23.300994+00:00
258034,SOVRENINS,2025-07-22,1.34,,,1.34,3441422,2026-04-08T04:29:25.922592+00:00
258154,SOVRENINS,2025-07-23,1.3,,,1.3,2548194,2026-04-08T04:29:29.05968+00:00
258274,SOVRENINS,2025-07-24,1.43,,,1.43,8200394,2026-04-08T04:29:31.486978+00:00
258394,SOVRENINS,2025-07-25,1.57,,,1.57,18774766,2026-04-08T04:29:33.980938+00:00
258514,SOVRENINS,2025-07-28,1.72,,,1.72,11422006,2026-04-08T04:29:38.78621+00:00
258633,SOVRENINS,2025-07-29,1.89,,,1.89,12600226,2026-04-08T04:29:41.392621+00:00
258752,SOVRENINS,2025-07-30,2.07,,,2.07,10270642,2026-04-08T04:29:43.881641+00:00
258871,SOVRENINS,2025-07-31,1.89,,,1.89,21583586,2026-04-08T04:29:46.315218+00:00
258990,SOVRENINS,2025-08-01,1.71,,,1.71,13754157,2026-04-08T04:29:48.711654+00:00
259108,SOVRENINS,2025-08-04,1.88,,,1.88,7949589,2026-04-08T04:29:53.303607+00:00
259227,SOVRENINS,2025-08-05,2.06,,,2.06,12667373,2026-04-08T04:29:55.780422+00:00
259346,SOVRENINS,2025-08-06,2.26,,,2.26,12561250,2026-04-08T04:29:58.241852+00:00
259465,SOVRENINS,2025-08-07,2.48,,,2.48,47708182,2026-04-08T04:30:00.56444+00:00
259584,SOVRENINS,2025-08-08,2.72,,,2.72,31682130,2026-04-08T04:30:02.234883+00:00
259703,SOVRENINS,2025-08-11,2.99,,,2.99,17735475,2026-04-08T04:30:07.037349+00:00
259822,SOVRENINS,2025-08-12,3.28,,,3.28,25102245,2026-04-08T04:30:09.28323+00:00
259941,SOVRENINS,2025-08-13,3.6,,,3.6,40864556,2026-04-08T04:30:11.815521+00:00
260060,SOVRENINS,2025-08-14,3.24,,,3.24,72268662,2026-04-08T04:30:14.350221+00:00
260179,SOVRENINS,2025-08-15,2.92,,,2.92,62153740,2026-04-08T04:30:16.786076+00:00
260298,SOVRENINS,2025-08-18,3.2,,,3.2,42107647,2026-04-08T04:30:21.560319+00:00
260417,SOVRENINS,2025-08-19,2.96,,,2.96,29067757,2026-04-08T04:30:23.869462+00:00
260536,SOVRENINS,2025-08-20,2.67,,,2.67,15130204,2026-04-08T04:30:26.318672+00:00
260655,SOVRENINS,2025-08-21,2.41,,,2.41,18271081,2026-04-08T04:30:28.670378+00:00
260774,SOVRENINS,2025-08-22,2.65,,,2.65,19484888,2026-04-08T04:30:30.96965+00:00
260893,SOVRENINS,2025-08-25,2.65,,,2.65,21095541,2026-04-08T04:30:35.521871+00:00
261012,SOVRENINS,2025-08-26,2.85,,,2.85,5872398,2026-04-08T04:30:37.91594+00:00
261131,SOVRENINS,2025-08-27,2.6,,,2.6,12891242,2026-04-08T04:30:40.231113+00:00
261250,SOVRENINS,2025-08-28,2.6,,,2.6,11771706,2026-04-08T04:30:42.59826+00:00
261369,SOVRENINS,2025-08-29,2.6,,,2.6,16332180,2026-04-08T04:30:45.09102+00:00
261488,SOVRENINS,2025-09-01,2.86,,,2.86,10241285,2026-04-08T04:30:49.608802+00:00
261607,SOVRENINS,2025-09-02,2.85,,,2.85,20414200,2026-04-08T04:30:52.312491+00:00
261726,SOVRENINS,2025-09-03,2.85,,,2.85,4737734,2026-04-08T04:30:55.837007+00:00
261845,SOVRENINS,2025-09-04,2.97,,,2.97,1416633778,2026-04-08T04:30:58.198935+00:00
261964,SOVRENINS,2025-09-08,3.06,,,3.06,6012525,2026-04-08T04:31:03.728068+00:00
262083,SOVRENINS,2025-09-09,2.95,,,2.95,3783783,2026-04-08T04:31:06.294869+00:00
262202,SOVRENINS,2025-09-10,2.92,,,2.92,12870732,2026-04-08T04:31:08.610575+00:00
262321,SOVRENINS,2025-09-11,2.96,,,2.96,7658102,2026-04-08T04:31:10.974873+00:00
262440,SOVRENINS,2025-09-12,3.03,,,3.03,5248998,2026-04-08T04:31:13.547359+00:00
262559,SOVRENINS,2025-09-15,2.88,,,2.88,7358198,2026-04-08T04:31:18.268622+00:00
262678,SOVRENINS,2025-09-16,2.85,,,2.85,2106959,2026-04-08T04:31:20.741189+00:00
262797,SOVRENINS,2025-09-17,3.06,,,3.06,11645431,2026-04-08T04:31:23.24235+00:00
262916,SOVRENINS,2025-09-18,2.87,,,2.87,4830687,2026-04-08T04:31:25.598019+00:00
263035,SOVRENINS,2025-09-19,3.09,,,3.09,15303229,2026-04-08T04:31:28.111008+00:00
263154,SOVRENINS,2025-09-22,3.04,,,3.04,7391874,2026-04-08T04:31:32.624882+00:00
263273,SOVRENINS,2025-09-23,3.19,,,3.19,9111687,2026-04-08T04:31:35.170326+00:00
263392,SOVRENINS,2025-09-24,3.1,,,3.1,14916516,2026-04-08T04:31:37.673105+00:00
263511,SOVRENINS,2025-09-25,2.95,,,2.95,15191926,2026-04-08T04:31:40.100841+00:00
263630,SOVRENINS,2025-09-26,3.04,,,3.04,27259925,2026-04-08T04:31:42.548783+00:00
263749,SOVRENINS,2025-09-29,3.0,,,3.0,10817535,2026-04-08T04:31:47.029675+00:00
263868,SOVRENINS,2025-09-30,3.0,,,3.0,1668782,2026-04-08T04:31:49.320364+00:00
263987,SOVRENINS,2025-10-02,2.72,,,2.72,11617147,2026-04-08T04:31:52.706523+00:00
264106,SOVRENINS,2025-10-03,2.75,,,2.75,12193828,2026-04-08T04:31:55.311341+00:00
264225,SOVRENINS,2025-10-06,3.02,,,3.02,11931959,2026-04-08T04:31:59.803196+00:00
264344,SOVRENINS,2025-10-07,3.09,,,3.09,27789686,2026-04-08T04:32:02.285104+00:00
264463,SOVRENINS,2025-10-08,3.19,,,3.19,16062204,2026-04-08T04:32:04.646463+00:00
264582,SOVRENINS,2025-10-09,3.13,,,3.13,4272558,2026-04-08T04:32:07.004133+00:00
264701,SOVRENINS,2025-10-10,3.21,,,3.21,12932715,2026-04-08T04:32:10.69692+00:00
264820,SOVRENINS,2025-10-13,3.53,,,3.53,23259918,2026-04-08T04:32:15.267586+00:00
264939,SOVRENINS,2025-10-14,3.52,,,3.52,21728714,2026-04-08T04:32:17.792097+00:00
265058,SOVRENINS,2025-10-15,3.47,,,3.47,6021312,2026-04-08T04:32:20.093513+00:00
265177,SOVRENINS,2025-10-16,3.26,,,3.26,7572108,2026-04-08T04:32:22.728593+00:00
265296,SOVRENINS,2025-10-17,3.57,,,3.57,34241747,2026-04-08T04:32:25.167177+00:00
265415,SOVRENINS,2025-10-20,3.8,,,3.8,4915501,2026-04-08T04:32:29.532096+00:00
265534,SOVRENINS,2025-10-21,3.65,,,3.65,3842668,2026-04-08T04:32:31.920152+00:00
265653,SOVRENINS,2025-10-22,3.85,,,3.85,7028170,2026-04-08T04:32:34.332447+00:00
265772,SOVRENINS,2025-10-23,3.71,,,3.71,15084956,2026-04-08T04:32:36.79914+00:00
265891,SOVRENINS,2025-10-24,3.91,,,3.91,45483110,2026-04-08T04:32:39.249323+00:00
266010,SOVRENINS,2025-10-28,4.45,,,4.45,42645345,2026-04-08T04:32:44.921336+00:00
266129,SOVRENINS,2025-10-29,4.45,,,4.45,46088039,2026-04-08T04:32:47.450266+00:00
266248,SOVRENINS,2025-10-30,4.32,,,4.32,3584890,2026-04-08T04:32:49.91761+00:00
266367,SOVRENINS,2025-10-31,3.9,,,3.9,9942237,2026-04-08T04:32:52.375955+00:00
266486,SOVRENINS,2025-11-03,3.88,,,3.88,3266114,2026-04-08T04:32:57.290654+00:00
266605,SOVRENINS,2025-11-04,3.69,,,3.69,3082940,2026-04-08T04:32:59.739678+00:00
266724,SOVRENINS,2025-11-05,3.33,,,3.33,5777373,2026-04-08T04:33:02.152799+00:00
266843,SOVRENINS,2025-11-06,3.08,,,3.08,1842652,2026-04-08T04:33:04.646202+00:00
266962,SOVRENINS,2025-11-07,2.8,,,2.8,3158081,2026-04-08T04:33:07.145499+00:00
267081,SOVRENINS,2025-11-10,2.86,,,2.86,2360811,2026-04-08T04:33:11.744122+00:00
267200,SOVRENINS,2025-11-11,2.6,,,2.6,4162185,2026-04-08T04:33:14.17228+00:00
267319,SOVRENINS,2025-11-12,2.86,,,2.86,1224784,2026-04-08T04:33:16.719178+00:00
267438,SOVRENINS,2025-11-13,3.14,,,3.14,710555,2026-04-08T04:33:19.052814+00:00
267557,SOVRENINS,2025-11-14,2.91,,,2.91,4731883,2026-04-08T04:33:21.762061+00:00
267676,SOVRENINS,2025-11-17,3.2,,,3.2,2047251,2026-04-08T04:33:26.271116+00:00
267795,SOVRENINS,2025-11-18,3.4,,,3.4,1438292,2026-04-08T04:33:29.067053+00:00
267914,SOVRENINS,2025-11-19,3.12,,,3.12,3329434,2026-04-08T04:33:31.487527+00:00
268033,SOVRENINS,2025-11-20,2.95,,,2.95,1915284,2026-04-08T04:33:33.887172+00:00
268152,SOVRENINS,2025-11-21,2.9,,,2.9,4131559,2026-04-08T04:33:36.654129+00:00
268271,SOVRENINS,2025-11-24,2.86,,,2.86,1702017,2026-04-08T04:33:41.368891+00:00
268390,SOVRENINS,2025-11-25,2.85,,,2.85,1738035,2026-04-08T04:33:44.004166+00:00
268509,SOVRENINS,2025-11-26,2.9,,,2.9,3116723,2026-04-08T04:33:46.260048+00:00
268628,SOVRENINS,2025-11-27,2.97,,,2.97,1284421,2026-04-08T04:33:48.488035+00:00
268747,SOVRENINS,2025-11-28,2.7,,,2.7,7475134,2026-04-08T04:33:50.826192+00:00
268866,SOVRENINS,2025-12-01,2.87,,,2.87,14361119,2026-04-08T04:33:55.236541+00:00
268985,SOVRENINS,2025-12-02,2.79,,,2.79,1591514,2026-04-08T04:33:57.748335+00:00
269104,SOVRENINS,2025-12-03,2.9,,,2.9,7835805,2026-04-08T04:34:00.349419+00:00
269223,SOVRENINS,2025-12-04,2.85,,,2.85,6436302,2026-04-08T04:34:03.142475+00:00
269342,SOVRENINS,2025-12-05,2.9,,,2.9,2799728,2026-04-08T04:34:05.808951+00:00
269461,SOVRENINS,2025-12-08,3.17,,,3.17,3855698,2026-04-08T04:34:10.334331+00:00
269580,SOVRENINS,2025-12-09,3.1,,,3.1,4660721,2026-04-08T04:34:12.926221+00:00
269699,SOVRENINS,2025-12-10,3.2,,,3.2,9613718,2026-04-08T04:34:15.295879+00:00
269818,SOVRENINS,2025-12-11,3.35,,,3.35,5267272,2026-04-08T04:34:17.804745+00:00
269937,SOVRENINS,2025-12-12,3.4,,,3.4,3980567,2026-04-08T04:34:20.615101+00:00
270056,SOVRENINS,2025-12-15,3.74,,,3.74,7581425,2026-04-08T04:34:25.240467+00:00
270175,SOVRENINS,2025-12-16,4.11,,,4.11,14186454,2026-04-08T04:34:27.867795+00:00
270294,SOVRENINS,2025-12-18,4.18,,,4.18,9367806,2026-04-08T04:34:31.321522+00:00
270413,SOVRENINS,2025-12-19,3.87,,,3.87,6145176,2026-04-08T04:34:33.771022+00:00
270532,SOVRENINS,2025-12-22,3.98,,,3.98,8037704,2026-04-08T04:34:38.115277+00:00
270651,SOVRENINS,2025-12-23,3.77,,,3.77,2220882,2026-04-08T04:34:40.661369+00:00
270770,SOVRENINS,2025-12-24,4.02,,,4.02,2074740,2026-04-08T04:34:43.221402+00:00
270889,SOVRENINS,2025-12-29,3.8,,,3.8,2812088,2026-04-08T04:34:48.902152+00:00
271008,SOVRENINS,2025-12-30,3.82,,,3.82,3699777,2026-04-08T04:34:51.359097+00:00
271127,SOVRENINS,2025-12-31,3.82,,,3.82,1556807,2026-04-08T04:34:53.061316+00:00
271246,SOVRENINS,2026-01-02,3.81,,,3.81,1564362,2026-04-08T04:34:56.467348+00:00
271365,SOVRENINS,2026-01-05,3.72,,,3.72,5163782,2026-04-08T04:35:01.008466+00:00
271484,SOVRENINS,2026-01-06,3.76,,,3.76,3818671,2026-04-08T04:35:03.366972+00:00
271603,SOVRENINS,2026-01-07,3.78,,,3.78,2097259,2026-04-08T04:35:05.819661+00:00
271722,SOVRENINS,2026-01-08,3.74,,,3.74,2852428,2026-04-08T04:35:08.163488+00:00
271841,SOVRENINS,2026-01-09,3.38,,,3.38,24468854,2026-04-08T04:35:10.591402+00:00
271960,SOVRENINS,2026-01-12,3.41,,,3.41,307465999,2026-04-08T04:35:15.220756+00:00
272079,SOVRENINS,2026-01-13,3.5,,,3.5,343542725,2026-04-08T04:35:17.864544+00:00
272198,SOVRENINS,2026-01-14,3.56,,,3.56,7383848,2026-04-08T04:35:20.278959+00:00
272317,SOVRENINS,2026-01-15,3.57,,,3.57,245182862,2026-04-08T04:35:23.159853+00:00
272436,SOVRENINS,2026-01-16,3.63,,,3.63,2344064,2026-04-08T04:35:25.571119+00:00
272555,SOVRENINS,2026-01-19,3.64,,,3.64,1618003,2026-04-08T04:35:30.272746+00:00
272674,SOVRENINS,2026-01-20,3.65,,,3.65,2516320,2026-04-08T04:35:32.536083+00:00
272794,SOVRENINS,2026-01-21,3.85,,,3.85,6050414,2026-04-08T04:35:34.90344+00:00
272914,SOVRENINS,2026-01-22,3.8,,,3.8,4620970,2026-04-08T04:35:36.566163+00:00
273034,SOVRENINS,2026-01-23,3.79,,,3.79,1933739,2026-04-08T04:35:38.92405+00:00
273154,SOVRENINS,2026-01-26,3.45,,,3.45,1631359,2026-04-08T04:35:43.383975+00:00
273274,SOVRENINS,2026-01-27,3.72,,,3.72,3607471,2026-04-08T04:35:45.70946+00:00
273394,SOVRENINS,2026-01-28,3.52,,,3.52,853615,2026-04-08T04:35:48.193808+00:00
273514,SOVRENINS,2026-01-29,3.3,,,3.3,1481862,2026-04-08T04:35:50.479528+00:00
273634,SOVRENINS,2026-01-30,3.51,,,3.51,1781870,2026-04-08T04:35:52.855058+00:00
273754,SOVRENINS,2026-02-02,3.24,,,3.24,6686972,2026-04-08T04:35:57.524813+00:00
273874,SOVRENINS,2026-02-03,3.21,,,3.21,5717137,2026-04-08T04:36:00.137559+00:00
273994,SOVRENINS,2026-02-04,3.4,,,3.4,2968067,2026-04-08T04:36:02.592569+00:00
274114,SOVRENINS,2026-02-05,3.46,,,3.46,2964849,2026-04-08T04:36:04.997535+00:00
274234,SOVRENINS,2026-02-06,3.38,,,3.38,5583020,2026-04-08T04:36:07.533957+00:00
99,SOVRENINS,2026-02-08,,,,3.38,5583020,2026-02-08T00:18:13.946+00:00
274354,SOVRENINS,2026-02-09,3.25,,,3.25,12655195,2026-04-08T04:36:12.456447+00:00
274474,SOVRENINS,2026-02-10,3.06,,,3.06,12522595,2026-04-08T04:36:14.818506+00:00
274594,SOVRENINS,2026-02-11,2.95,,,2.95,6615876,2026-04-08T04:36:17.460702+00:00
223,SOVRENINS,2026-02-12,2.95,,,2.95,10823340,2026-02-12T09:23:54.167894+00:00
274834,SOVRENINS,2026-02-13,2.8,,,2.8,14430935,2026-04-08T04:36:22.38356+00:00
274954,SOVRENINS,2026-02-16,2.82,,,2.82,14596536,2026-04-08T04:36:26.879081+00:00
275074,SOVRENINS,2026-02-17,2.8,,,2.8,8044040,2026-04-08T04:36:29.440312+00:00
275194,SOVRENINS,2026-02-18,2.56,,,2.56,19030693,2026-04-08T04:36:31.166521+00:00
275314,SOVRENINS,2026-02-19,2.57,,,2.57,19182306,2026-04-08T04:36:33.575564+00:00
609,SOVRENINS,2026-02-20,2.32,,,2.32,30631934,2026-02-20T23:15:44.934622+00:00
757,SOVRENINS,2026-02-23,2.28,,,2.28,31650205,2026-02-23T07:00:01.990412+00:00
905,SOVRENINS,2026-02-24,2.3,,,2.3,35017488,2026-02-24T07:00:01.929914+00:00
1053,SOVRENINS,2026-02-25,2.08,,,2.08,18232095,2026-02-25T07:00:01.953057+00:00
1201,SOVRENINS,2026-02-26,2.01,,,2.01,23888035,2026-02-26T07:00:01.915173+00:00
1889,SOVRENINS,2026-02-27,2.21,,,2.21,10328177,2026-02-27T07:00:02.056517+00:00
2770,SOVRENINS,2026-02-28,2.21,,,2.21,10328177,2026-02-28T18:00:03.453641+00:00
2918,SOVRENINS,2026-03-01,2.21,,,2.21,10328177,2026-03-01T18:00:03.821122+00:00
3066,SOVRENINS,2026-03-02,2.43,,,2.43,5446898,2026-03-02T07:00:01.981706+00:00
4030,SOVRENINS,2026-03-03,2.67,,,2.67,26559500,2026-03-03T07:00:01.858909+00:00
5467,SOVRENINS,2026-03-04,2.7,,,2.7,21295179,2026-03-04T07:00:02.010027+00:00
7185,SOVRENINS,2026-03-05,2.67,,,2.67,27141225,2026-03-05T07:00:02.0033+00:00
9701,SOVRENINS,2026-03-06,2.66,,,2.66,4493289,2026-03-06T07:00:02.033178+00:00
11359,SOVRENINS,2026-03-07,2.66,,,2.66,4493289,2026-03-07T18:00:06.285951+00:00
11507,SOVRENINS,2026-03-08,2.66,,,2.66,4493289,2026-03-08T18:00:03.574352+00:00
11655,SOVRENINS,2026-03-09,2.5,,,2.5,6530606,2026-03-09T07:00:02.016534+00:00
14171,SOVRENINS,2026-03-10,2.3,,,2.3,6903444,2026-03-10T07:00:03.966079+00:00
16011,SOVRENINS,2026-03-11,2.31,,,2.31,7621233,2026-03-11T07:00:02.147117+00:00
17727,SOVRENINS,2026-03-12,2.1,,,2.1,4293696,2026-03-12T07:00:02.06753+00:00
20243,SOVRENINS,2026-03-13,2.11,,,2.11,20064548,2026-03-13T07:00:01.993197+00:00
23689,SOVRENINS,2026-03-16,1.92,,,1.92,72563638,2026-03-16T08:30:01.80086+00:00
25520,SOVRENINS,2026-03-17,1.88,,,1.88,41613579,2026-03-17T08:30:01.70448+00:00
27383,SOVRENINS,2026-03-18,2.06,,,2.06,22176930,2026-03-18T08:30:01.732403+00:00
33197,SOVRENINS,2026-03-23,2.24,,,2.24,6710327,2026-03-23T08:30:01.705825+00:00
34775,SOVRENINS,2026-03-24,2.26,,,2.26,17730820,2026-03-24T15:00:01.978259+00:00
34923,SOVRENINS,2026-03-25,2.29,,,2.29,10283440,2026-03-25T15:00:01.528164+00:00
35071,SOVRENINS,2026-03-26,2.24,,,2.24,6527159,2026-03-26T15:00:01.955832+00:00
35219,SOVRENINS,2026-03-27,2.25,,,2.25,3039384,2026-03-27T15:00:02.114662+00:00
278194,SOVRENINS,2026-03-30,2.18,,,2.18,7968998,2026-04-08T04:37:47.74327+00:00
35367,SOVRENINS,2026-03-31,2.17,,,2.17,2910155,2026-03-31T15:00:02.085058+00:00
278434,SOVRENINS,2026-04-01,1.97,,,1.97,8459995,2026-04-08T04:37:52.684906+00:00
35515,SOVRENINS,2026-04-02,2.14,,,2.14,8294465,2026-04-02T15:00:01.864809+00:00
35959,SOVRENINS,2026-04-07,2.0,,,2.0,10058058,2026-04-07T15:00:01.949344+00:00
278856,SOVRENINS,2026-04-08,2.0,,,2.0,3653144,2026-04-08T15:00:01.943007+00:00
279003,SOVRENINS,2026-04-09,2.0,,,2.0,2585868,2026-04-09T15:00:02.085141+00:00
279149,SOVRENINS,2026-04-10,1.85,,,1.85,7979074,2026-04-10T15:00:01.352272+00:00
279295,SOVRENINS,2026-04-13,1.92,,,1.92,1528663,2026-04-13T15:00:02.021173+00:00
279441,SOVRENINS,2026-04-14,1.92,,,1.92,4224793,2026-04-14T15:00:02.477878+00:00
279587,SOVRENINS,2026-04-15,2.0,,,2.0,12079903,2026-04-15T15:00:02.184222+00:00
279733,SOVRENINS,2026-04-16,2.1,,,2.1,16139127,2026-04-16T15:00:02.07143+00:00
279879,SOVRENINS,2026-04-17,2.17,,,2.17,7622443,2026-04-17T15:00:02.06245+00:00
280025,SOVRENINS,2026-04-20,1.98,,,1.98,12025411,2026-04-20T15:00:01.862344+00:00
280171,SOVRENINS,2026-04-21,1.89,,,1.89,10911383,2026-04-21T15:00:02.189846+00:00
280317,SOVRENINS,2026-04-22,2.07,,,2.07,5321444,2026-04-22T15:00:02.200159+00:00
280463,SOVRENINS,2026-04-23,1.95,,,1.95,7192872,2026-04-23T15:00:02.125151+00:00
280609,SOVRENINS,2026-04-24,1.95,,,1.95,2025513,2026-04-24T15:00:02.20649+00:00
280755,SOVRENINS,2026-04-27,1.99,,,1.99,3676723,2026-04-27T15:00:02.034997+00:00
280901,SOVRENINS,2026-04-28,1.92,,,1.92,10075206,2026-04-28T15:00:01.918241+00:00
281047,SOVRENINS,2026-04-29,2.11,,,2.11,17235598,2026-04-29T15:00:02.672724+00:00
281193,SOVRENINS,2026-04-30,2.08,,,2.08,20115029,2026-04-30T15:00:02.170664+00:00
281485,SOVRENINS,2026-05-04,2.09,,,2.09,5310675,2026-05-04T15:00:02.156928+00:00
281631,SOVRENINS,2026-05-05,2.09,,,2.09,3522116,2026-05-05T15:00:01.930748+00:00
281777,SOVRENINS,2026-05-06,2.09,,,2.09,3520452,2026-05-06T15:00:01.919787+00:00
281923,SOVRENINS,2026-05-07,2.02,,,2.02,2484235,2026-05-07T15:00:01.995523+00:00
282069,SOVRENINS,2026-05-08,2.51,,,2.51,12859628,2026-05-08T15:00:02.118161+00:00
282215,SOVRENINS,2026-05-11,2.38,,,2.38,2543506,2026-05-11T15:00:02.243132+00:00
282361,SOVRENINS,2026-05-12,2.29,,,2.29,7287455,2026-05-12T15:00:02.325735+00:00
282507,SOVRENINS,2026-05-13,2.48,,,2.48,3159073,2026-05-13T15:00:01.887561+00:00
282653,SOVRENINS,2026-05-14,2.3,,,2.3,2457683,2026-05-14T15:00:01.952989+00:00
282799,SOVRENINS,2026-05-15,2.43,,,2.43,8944209,2026-05-15T15:00:01.871578+00:00
282945,SOVRENINS,2026-05-18,2.65,,,2.65,3897456,2026-05-18T15:00:01.868607+00:00
283091,SOVRENINS,2026-05-19,2.39,,,2.39,4874083,2026-05-19T15:00:01.863653+00:00
283237,SOVRENINS,2026-05-20,2.45,,,2.45,1426515,2026-05-20T15:00:01.871845+00:00
283383,SOVRENINS,2026-05-21,2.2,,,2.2,2438757,2026-05-21T15:00:01.939198+00:00
283529,SOVRENINS,2026-05-22,2.28,,,2.28,2281459,2026-05-22T15:00:02.031345+00:00
283675,SOVRENINS,2026-05-25,2.5,,,2.5,10641645,2026-05-25T15:00:01.979384+00:00
283821,SOVRENINS,2026-05-26,2.5,,,2.5,5542608,2026-05-26T15:00:01.996051+00:00
284259,SOVRENINS,2026-05-29,2.48,,,2.48,3932702,2026-05-29T15:00:02.455558+00:00
284405,SOVRENINS,2026-06-01,2.65,,,2.65,3345180,2026-06-01T15:00:02.603507+00:00
284551,SOVRENINS,2026-06-02,2.7,,,2.7,6538896,2026-06-02T15:00:02.980523+00:00
284697,SOVRENINS,2026-06-03,2.51,,,2.51,1734908,2026-06-03T15:00:03.023028+00:00
284843,SOVRENINS,2026-06-04,2.3,,,2.3,851675,2026-06-04T15:00:03.321931+00:00
284989,SOVRENINS,2026-06-05,2.5,,,2.5,2798853,2026-06-05T15:00:03.073061+00:00
285135,SOVRENINS,2026-06-08,2.64,,,2.64,6903235,2026-06-08T15:00:03.135386+00:00
285281,SOVRENINS,2026-06-09,2.44,,,2.44,4041882,2026-06-09T15:00:03.53749+00:00
285427,SOVRENINS,2026-06-10,2.51,,,2.51,1547094,2026-06-10T15:10:03.084397+00:00
285865,SOVRENINS,2026-06-11,2.51,,,2.51,877219,2026-06-11T15:10:02.991492+00:00
287617,SOVRENINS,2026-06-15,2.51,,,2.51,578830,2026-06-15T15:10:02.896252+00:00
288493,SOVRENINS,2026-06-16,2.3,,,2.3,1113398,2026-06-16T15:10:02.87997+00:00
289369,SOVRENINS,2026-06-17,2.15,,,2.15,1483357,2026-06-17T15:10:02.980097+00:00
289807,SOVRENINS,2026-06-18,2.15,,,2.15,2474642,2026-06-18T15:10:02.932064+00:00
290391,SOVRENINS,2026-06-19,2.16,,,2.16,841056,2026-06-19T15:10:02.959085+00:00
291121,SOVRENINS,2026-06-22,1.97,,,1.97,1359208,2026-06-22T15:10:03.140564+00:00
291705,SOVRENINS,2026-06-23,2.14,,,2.14,692529,2026-06-23T15:10:03.017319+00:00
292289,SOVRENINS,2026-06-24,2.05,,,2.05,4748558,2026-06-24T15:10:03.053149+00:00
292873,SOVRENINS,2026-06-25,2.06,,,2.06,1224173,2026-06-25T15:10:02.973562+00:00
293311,SOVRENINS,2026-06-26,1.96,,,1.96,913508,2026-06-26T15:10:03.012808+00:00
293749,SOVRENINS,2026-06-29,2.04,,,2.04,1036693,2026-06-29T15:10:03.028054+00:00
294187,SOVRENINS,2026-06-30,1.91,,,1.91,4339960,2026-06-30T15:10:03.08168+00:00
294625,SOVRENINS,2026-07-01,2.06,,,2.06,2560714,2026-07-01T15:10:03.133226+00:00
295063,SOVRENINS,2026-07-02,2.06,,,2.06,630823,2026-07-02T15:10:03.065554+00:00
295501,SOVRENINS,2026-07-03,1.95,,,1.95,470686,2026-07-03T15:10:03.019266+00:00
295939,SOVRENINS,2026-07-06,2.13,,,2.13,1814207,2026-07-06T15:10:03.100823+00:00
296377,SOVRENINS,2026-07-07,2.0,,,2.0,2382687,2026-07-07T15:10:03.687653+00:00
296815,SOVRENINS,2026-07-08,2.02,,,2.02,550050,2026-07-08T15:10:02.922872+00:00
297254,SOVRENINS,2026-07-09,1.98,,,1.98,949778,2026-07-09T15:10:03.041812+00:00
297692,SOVRENINS,2026-07-10,2.0,,,2.0,5586182,2026-07-10T15:10:03.284445+00:00
298130,SOVRENINS,2026-07-13,1.86,,,1.86,1367730,2026-07-13T15:10:02.995074+00:00
298568,SOVRENINS,2026-07-14,2.0,,,2.0,2741658,2026-07-14T15:10:03.094441+00:00
299006,SOVRENINS,2026-07-15,2.0,,,2.0,1331839,2026-07-15T15:10:03.078609+00:00
299444,SOVRENINS,2026-07-16,2.0,,,2.0,773567,2026-07-16T15:10:03.113936+00:00
299882,SOVRENINS,2026-07-17,2.0,,,2.0,289251,2026-07-17T15:10:03.053983+00:00
