id,symbol,trade_date,open_price,high_price,low_price,close_price,volume,created_at
77798,SUNUASSUR,2018-07-16,0.22,,,0.22,330500,2026-04-08T03:06:03.612411+00:00
77893,SUNUASSUR,2018-07-17,0.22,,,0.22,11224,2026-04-08T03:06:06.031894+00:00
77988,SUNUASSUR,2018-07-18,0.21,,,0.21,1075649,2026-04-08T03:06:08.398083+00:00
78083,SUNUASSUR,2018-07-19,0.21,,,0.21,657000,2026-04-08T03:06:10.625391+00:00
78178,SUNUASSUR,2018-07-20,0.2,,,0.2,150500,2026-04-08T03:06:13.100822+00:00
78273,SUNUASSUR,2018-07-23,0.2,,,0.2,689950,2026-04-08T03:06:17.450644+00:00
78368,SUNUASSUR,2018-07-24,0.2,,,0.2,10000,2026-04-08T03:06:19.846153+00:00
78463,SUNUASSUR,2018-07-25,0.2,,,0.2,50100,2026-04-08T03:06:22.17218+00:00
78558,SUNUASSUR,2018-07-26,0.2,,,0.2,470898,2026-04-08T03:06:24.338643+00:00
78653,SUNUASSUR,2018-07-27,0.2,,,0.2,191000,2026-04-08T03:06:26.70773+00:00
78748,SUNUASSUR,2018-07-30,0.2,,,0.2,1653052,2026-04-08T03:06:31.357035+00:00
78843,SUNUASSUR,2018-07-31,0.22,,,0.22,1015482,2026-04-08T03:06:33.766078+00:00
78938,SUNUASSUR,2018-08-01,0.2,,,0.2,922945,2026-04-08T03:06:36.22345+00:00
79033,SUNUASSUR,2018-08-02,0.2,,,0.2,92122,2026-04-08T03:06:38.596191+00:00
79128,SUNUASSUR,2018-08-03,0.22,,,0.22,619052,2026-04-08T03:06:41.315743+00:00
79223,SUNUASSUR,2018-08-06,0.24,,,0.24,556000,2026-04-08T03:06:46.359416+00:00
79318,SUNUASSUR,2018-08-07,0.26,,,0.26,886559,2026-04-08T03:06:48.623378+00:00
79413,SUNUASSUR,2018-08-08,0.26,,,0.26,165517,2026-04-08T03:06:51.110249+00:00
79508,SUNUASSUR,2018-08-09,0.24,,,0.24,2455940,2026-04-08T03:06:53.45187+00:00
79603,SUNUASSUR,2018-08-10,0.22,,,0.22,1089847,2026-04-08T03:06:56.254972+00:00
79698,SUNUASSUR,2018-08-13,0.21,,,0.21,473383,2026-04-08T03:07:00.870215+00:00
79793,SUNUASSUR,2018-08-14,0.2,,,0.2,747207,2026-04-08T03:07:03.258394+00:00
79888,SUNUASSUR,2018-08-15,0.2,,,0.2,335000,2026-04-08T03:07:05.636903+00:00
79983,SUNUASSUR,2018-08-16,0.22,,,0.22,1020300,2026-04-08T03:07:07.96787+00:00
80078,SUNUASSUR,2018-08-17,0.2,,,0.2,420846,2026-04-08T03:07:10.276143+00:00
80173,SUNUASSUR,2018-08-20,0.2,,,0.2,50216,2026-04-08T03:07:14.92421+00:00
80268,SUNUASSUR,2018-08-24,0.2,,,0.2,2650000,2026-04-08T03:07:20.612873+00:00
80363,SUNUASSUR,2018-08-27,0.2,,,0.2,0,2026-04-08T03:07:24.735515+00:00
80458,SUNUASSUR,2018-08-28,0.2,,,0.2,100,2026-04-08T03:07:26.964049+00:00
80553,SUNUASSUR,2018-08-29,0.21,,,0.21,236470,2026-04-08T03:07:29.382314+00:00
80648,SUNUASSUR,2018-08-30,0.21,,,0.21,16880,2026-04-08T03:07:31.753519+00:00
80743,SUNUASSUR,2018-08-31,0.2,,,0.2,505200,2026-04-08T03:07:34.108038+00:00
80838,SUNUASSUR,2018-09-03,0.2,,,0.2,69770,2026-04-08T03:07:38.483999+00:00
80933,SUNUASSUR,2018-09-05,0.2,,,0.2,36072,2026-04-08T03:07:41.733647+00:00
81028,SUNUASSUR,2018-09-06,0.2,,,0.2,190600,2026-04-08T03:07:44.232746+00:00
81123,SUNUASSUR,2018-09-07,0.2,,,0.2,0,2026-04-08T03:07:46.695234+00:00
81218,SUNUASSUR,2018-09-10,0.22,,,0.22,840830,2026-04-08T03:07:51.133138+00:00
81319,SUNUASSUR,2018-09-11,0.2,,,0.2,412781,2026-04-08T03:07:53.572062+00:00
81421,SUNUASSUR,2018-09-12,0.2,,,0.2,152272,2026-04-08T03:07:56.190409+00:00
81523,SUNUASSUR,2018-09-13,0.2,,,0.2,2000110,2026-04-08T03:07:58.529226+00:00
81625,SUNUASSUR,2018-09-14,0.2,,,0.2,750090,2026-04-08T03:08:00.944137+00:00
81727,SUNUASSUR,2018-09-17,0.2,,,0.2,145800,2026-04-08T03:08:05.572353+00:00
81829,SUNUASSUR,2018-09-18,0.2,,,0.2,50010,2026-04-08T03:08:07.840784+00:00
81931,SUNUASSUR,2018-09-19,0.2,,,0.2,88300,2026-04-08T03:08:10.07554+00:00
82033,SUNUASSUR,2018-09-20,0.2,,,0.2,565500,2026-04-08T03:08:12.389642+00:00
82135,SUNUASSUR,2018-09-21,0.2,,,0.2,368190,2026-04-08T03:08:14.761127+00:00
82237,SUNUASSUR,2018-09-24,0.2,,,0.2,323102,2026-04-08T03:08:19.182113+00:00
82339,SUNUASSUR,2018-09-25,0.2,,,0.2,1043669,2026-04-08T03:08:21.370615+00:00
82441,SUNUASSUR,2018-09-26,0.2,,,0.2,30260,2026-04-08T03:08:24.494451+00:00
82543,SUNUASSUR,2018-09-27,0.2,,,0.2,19500,2026-04-08T03:08:26.812803+00:00
82645,SUNUASSUR,2018-09-28,0.2,,,0.2,1709134,2026-04-08T03:08:29.283021+00:00
82747,SUNUASSUR,2018-10-02,0.2,,,0.2,80,2026-04-08T03:08:34.887787+00:00
82849,SUNUASSUR,2018-10-04,0.2,,,0.2,25000,2026-04-08T03:08:38.279141+00:00
82951,SUNUASSUR,2018-10-05,0.2,,,0.2,25700,2026-04-08T03:08:40.455926+00:00
83053,SUNUASSUR,2018-10-08,0.2,,,0.2,1141671,2026-04-08T03:08:45.286665+00:00
83155,SUNUASSUR,2018-10-09,0.2,,,0.2,140030,2026-04-08T03:08:47.584215+00:00
83257,SUNUASSUR,2018-10-10,0.2,,,0.2,0,2026-04-08T03:08:50.198924+00:00
83359,SUNUASSUR,2018-10-11,0.2,,,0.2,106900,2026-04-08T03:08:52.595743+00:00
83461,SUNUASSUR,2018-10-12,0.2,,,0.2,10100,2026-04-08T03:08:54.923298+00:00
83563,SUNUASSUR,2018-10-15,0.2,,,0.2,250000,2026-04-08T03:08:59.688494+00:00
83665,SUNUASSUR,2018-10-16,0.2,,,0.2,500116498,2026-04-08T03:09:01.98694+00:00
83767,SUNUASSUR,2018-10-17,0.22,,,0.22,2652147,2026-04-08T03:09:04.302348+00:00
83869,SUNUASSUR,2018-10-18,0.22,,,0.22,28322,2026-04-08T03:09:06.644992+00:00
83971,SUNUASSUR,2018-10-19,0.2,,,0.2,100000,2026-04-08T03:09:09.038287+00:00
84073,SUNUASSUR,2018-10-22,0.2,,,0.2,538897,2026-04-08T03:09:13.967+00:00
84175,SUNUASSUR,2018-10-23,0.2,,,0.2,77240,2026-04-08T03:09:16.194722+00:00
84277,SUNUASSUR,2018-10-24,0.2,,,0.2,1500,2026-04-08T03:09:18.448083+00:00
84379,SUNUASSUR,2018-10-25,0.2,,,0.2,100,2026-04-08T03:09:20.631413+00:00
84481,SUNUASSUR,2018-10-26,0.2,,,0.2,67200,2026-04-08T03:09:23.109094+00:00
84583,SUNUASSUR,2018-10-29,0.2,,,0.2,441200,2026-04-08T03:09:27.901396+00:00
84685,SUNUASSUR,2018-10-30,0.2,,,0.2,5000,2026-04-08T03:09:30.377337+00:00
84787,SUNUASSUR,2018-10-31,0.2,,,0.2,0,2026-04-08T03:09:32.658485+00:00
84889,SUNUASSUR,2018-11-01,0.2,,,0.2,0,2026-04-08T03:09:35.048509+00:00
84991,SUNUASSUR,2018-11-02,0.2,,,0.2,241173,2026-04-08T03:09:37.41202+00:00
85093,SUNUASSUR,2018-11-05,0.2,,,0.2,210731,2026-04-08T03:09:41.998643+00:00
85195,SUNUASSUR,2018-11-06,0.2,,,0.2,50,2026-04-08T03:09:44.485046+00:00
85297,SUNUASSUR,2018-11-08,0.2,,,0.2,12526,2026-04-08T03:09:47.843283+00:00
85399,SUNUASSUR,2018-11-09,0.2,,,0.2,12000,2026-04-08T03:09:50.169754+00:00
85501,SUNUASSUR,2018-11-12,0.2,,,0.2,500000,2026-04-08T03:09:54.975549+00:00
85603,SUNUASSUR,2018-11-13,0.2,,,0.2,0,2026-04-08T03:09:57.558923+00:00
85705,SUNUASSUR,2018-11-14,0.2,,,0.2,0,2026-04-08T03:09:59.910116+00:00
85807,SUNUASSUR,2018-11-15,0.2,,,0.2,0,2026-04-08T03:10:02.252366+00:00
85909,SUNUASSUR,2018-11-16,0.2,,,0.2,0,2026-04-08T03:10:04.527169+00:00
86011,SUNUASSUR,2018-11-19,0.2,,,0.2,0,2026-04-08T03:10:09.122468+00:00
86113,SUNUASSUR,2018-11-21,0.2,,,0.2,0,2026-04-08T03:10:12.622729+00:00
86215,SUNUASSUR,2018-11-22,0.2,,,0.2,415580,2026-04-08T03:10:14.989948+00:00
86317,SUNUASSUR,2018-11-23,0.2,,,0.2,0,2026-04-08T03:10:17.221139+00:00
86419,SUNUASSUR,2018-11-26,0.2,,,0.2,0,2026-04-08T03:10:22.142454+00:00
86521,SUNUASSUR,2018-11-27,0.2,,,0.2,0,2026-04-08T03:10:24.421595+00:00
86623,SUNUASSUR,2018-11-28,0.2,,,0.2,0,2026-04-08T03:10:26.708398+00:00
86725,SUNUASSUR,2018-11-29,0.2,,,0.2,2500,2026-04-08T03:10:29.255332+00:00
86827,SUNUASSUR,2018-11-30,0.2,,,0.2,79700,2026-04-08T03:10:32.706086+00:00
86929,SUNUASSUR,2018-12-03,0.2,,,0.2,4000,2026-04-08T03:10:37.185914+00:00
87031,SUNUASSUR,2018-12-04,0.2,,,0.2,25000,2026-04-08T03:10:39.607482+00:00
87133,SUNUASSUR,2018-12-05,0.2,,,0.2,0,2026-04-08T03:10:42.037497+00:00
87235,SUNUASSUR,2018-12-06,0.2,,,0.2,0,2026-04-08T03:10:44.312069+00:00
87337,SUNUASSUR,2018-12-07,0.2,,,0.2,3500,2026-04-08T03:10:46.663078+00:00
87439,SUNUASSUR,2018-12-10,0.2,,,0.2,0,2026-04-08T03:10:51.346822+00:00
87541,SUNUASSUR,2018-12-11,0.2,,,0.2,0,2026-04-08T03:10:53.613329+00:00
87643,SUNUASSUR,2018-12-12,0.2,,,0.2,0,2026-04-08T03:10:55.983376+00:00
87745,SUNUASSUR,2018-12-13,0.2,,,0.2,0,2026-04-08T03:10:58.622726+00:00
87847,SUNUASSUR,2018-12-17,0.2,,,0.2,0,2026-04-08T03:11:04.071168+00:00
87948,SUNUASSUR,2018-12-18,0.2,,,0.2,222690,2026-04-08T03:11:06.547404+00:00
88049,SUNUASSUR,2018-12-19,0.2,,,0.2,0,2026-04-08T03:11:08.930184+00:00
88150,SUNUASSUR,2018-12-21,0.2,,,0.2,10000,2026-04-08T03:11:13.038597+00:00
88251,SUNUASSUR,2018-12-24,0.2,,,0.2,0,2026-04-08T03:11:17.396489+00:00
88353,SUNUASSUR,2018-12-31,0.2,,,0.2,454,2026-04-08T03:11:26.963749+00:00
88455,SUNUASSUR,2019-01-04,0.2,,,0.2,0,2026-04-08T03:11:33.101723+00:00
88557,SUNUASSUR,2019-01-07,0.2,,,0.2,0,2026-04-08T03:11:37.396019+00:00
88659,SUNUASSUR,2019-01-08,0.2,,,0.2,0,2026-04-08T03:11:39.720871+00:00
88761,SUNUASSUR,2019-01-09,0.2,,,0.2,0,2026-04-08T03:11:42.122758+00:00
88863,SUNUASSUR,2019-01-10,0.2,,,0.2,0,2026-04-08T03:11:44.4712+00:00
88965,SUNUASSUR,2019-01-11,0.2,,,0.2,0,2026-04-08T03:11:46.864498+00:00
89067,SUNUASSUR,2019-01-14,0.2,,,0.2,0,2026-04-08T03:11:51.386431+00:00
89169,SUNUASSUR,2019-01-15,0.2,,,0.2,0,2026-04-08T03:11:53.781694+00:00
89271,SUNUASSUR,2019-01-16,0.2,,,0.2,0,2026-04-08T03:11:56.273278+00:00
89373,SUNUASSUR,2019-01-17,0.2,,,0.2,1931000,2026-04-08T03:11:58.633279+00:00
89475,SUNUASSUR,2019-01-18,0.2,,,0.2,0,2026-04-08T03:12:01.678716+00:00
89577,SUNUASSUR,2019-01-21,0.2,,,0.2,100000,2026-04-08T03:12:06.146982+00:00
89679,SUNUASSUR,2019-01-22,0.2,,,0.2,0,2026-04-08T03:12:26.450353+00:00
89781,SUNUASSUR,2019-01-23,0.2,,,0.2,0,2026-04-08T03:12:28.985884+00:00
89883,SUNUASSUR,2019-01-24,0.2,,,0.2,200000,2026-04-08T03:12:31.471104+00:00
89985,SUNUASSUR,2019-01-25,0.2,,,0.2,0,2026-04-08T03:12:33.831732+00:00
90087,SUNUASSUR,2019-01-28,0.2,,,0.2,0,2026-04-08T03:12:38.324+00:00
90189,SUNUASSUR,2019-01-29,0.2,,,0.2,0,2026-04-08T03:12:40.769031+00:00
90291,SUNUASSUR,2019-01-30,0.2,,,0.2,1250000,2026-04-08T03:12:43.207065+00:00
90393,SUNUASSUR,2019-01-31,0.22,,,0.22,113500,2026-04-08T03:12:45.452606+00:00
90495,SUNUASSUR,2019-02-01,0.2,,,0.2,494412,2026-04-08T03:12:47.65569+00:00
90597,SUNUASSUR,2019-02-04,0.2,,,0.2,22845,2026-04-08T03:12:52.008801+00:00
90699,SUNUASSUR,2019-02-05,0.21,,,0.21,1251056,2026-04-08T03:12:54.428036+00:00
90801,SUNUASSUR,2019-02-06,0.2,,,0.2,742354,2026-04-08T03:12:56.795589+00:00
90903,SUNUASSUR,2019-02-07,0.2,,,0.2,1126022,2026-04-08T03:12:59.333395+00:00
91005,SUNUASSUR,2019-02-08,0.2,,,0.2,134000,2026-04-08T03:13:01.766173+00:00
91107,SUNUASSUR,2019-02-11,0.2,,,0.2,2,2026-04-08T03:13:07.807824+00:00
91209,SUNUASSUR,2019-02-12,0.2,,,0.2,90158,2026-04-08T03:13:10.389121+00:00
91311,SUNUASSUR,2019-02-13,0.2,,,0.2,940461,2026-04-08T03:13:13.120558+00:00
91413,SUNUASSUR,2019-02-14,0.2,,,0.2,243000,2026-04-08T03:13:15.610167+00:00
91515,SUNUASSUR,2019-02-15,0.2,,,0.2,965000,2026-04-08T03:13:17.960235+00:00
91617,SUNUASSUR,2019-02-18,0.2,,,0.2,606000,2026-04-08T03:13:22.383964+00:00
91719,SUNUASSUR,2019-02-19,0.2,,,0.2,2088,2026-04-08T03:13:24.617569+00:00
91821,SUNUASSUR,2019-02-20,0.2,,,0.2,564050,2026-04-08T03:13:26.870792+00:00
91923,SUNUASSUR,2019-02-22,0.2,,,0.2,16000,2026-04-08T03:13:30.442816+00:00
92025,SUNUASSUR,2019-02-25,0.2,,,0.2,1000000,2026-04-08T03:13:35.015549+00:00
92127,SUNUASSUR,2019-02-26,0.2,,,0.2,50807100,2026-04-08T03:13:37.412672+00:00
92229,SUNUASSUR,2019-02-27,0.2,,,0.2,2003245,2026-04-08T03:13:39.910522+00:00
92331,SUNUASSUR,2019-02-28,0.2,,,0.2,38521374,2026-04-08T03:13:42.435587+00:00
92433,SUNUASSUR,2019-03-01,0.2,,,0.2,935421,2026-04-08T03:13:44.810709+00:00
92535,SUNUASSUR,2019-03-04,0.2,,,0.2,176359,2026-04-08T03:13:49.353535+00:00
92637,SUNUASSUR,2019-03-05,0.2,,,0.2,127000,2026-04-08T03:13:51.846242+00:00
92739,SUNUASSUR,2019-03-06,0.2,,,0.2,428858,2026-04-08T03:13:54.267269+00:00
92841,SUNUASSUR,2019-03-07,0.2,,,0.2,940050,2026-04-08T03:13:56.544072+00:00
92943,SUNUASSUR,2019-03-08,0.2,,,0.2,442000,2026-04-08T03:13:58.936546+00:00
93045,SUNUASSUR,2019-03-11,0.2,,,0.2,140000,2026-04-08T03:14:03.582539+00:00
93147,SUNUASSUR,2019-03-12,0.2,,,0.2,520000,2026-04-08T03:14:06.149716+00:00
93249,SUNUASSUR,2019-03-13,0.2,,,0.2,18200,2026-04-08T03:14:08.562819+00:00
93351,SUNUASSUR,2019-03-14,0.2,,,0.2,0,2026-04-08T03:14:10.990955+00:00
93453,SUNUASSUR,2019-03-15,0.2,,,0.2,100002,2026-04-08T03:14:13.413527+00:00
93555,SUNUASSUR,2019-03-18,0.2,,,0.2,0,2026-04-08T03:14:17.594172+00:00
93657,SUNUASSUR,2019-03-19,0.2,,,0.2,200,2026-04-08T03:14:19.883177+00:00
93759,SUNUASSUR,2019-03-20,0.2,,,0.2,0,2026-04-08T03:14:22.215184+00:00
93861,SUNUASSUR,2019-03-21,0.2,,,0.2,122700,2026-04-08T03:14:24.469396+00:00
93963,SUNUASSUR,2019-03-22,0.2,,,0.2,0,2026-04-08T03:14:26.929153+00:00
94065,SUNUASSUR,2019-03-25,0.2,,,0.2,5000,2026-04-08T03:14:31.400562+00:00
94167,SUNUASSUR,2019-03-26,0.2,,,0.2,0,2026-04-08T03:14:33.80485+00:00
94269,SUNUASSUR,2019-03-27,0.2,,,0.2,0,2026-04-08T03:14:36.122563+00:00
94371,SUNUASSUR,2019-03-28,0.2,,,0.2,5500,2026-04-08T03:14:38.612625+00:00
94473,SUNUASSUR,2019-03-29,0.2,,,0.2,2200,2026-04-08T03:14:41.061692+00:00
94574,SUNUASSUR,2019-04-01,0.2,,,0.2,5750,2026-04-08T03:14:45.528331+00:00
94675,SUNUASSUR,2019-04-02,0.2,,,0.2,5000,2026-04-08T03:14:47.809526+00:00
94776,SUNUASSUR,2019-04-03,0.2,,,0.2,200,2026-04-08T03:14:50.124237+00:00
94877,SUNUASSUR,2019-04-04,0.2,,,0.2,7000,2026-04-08T03:14:52.417245+00:00
94978,SUNUASSUR,2019-04-05,0.2,,,0.2,0,2026-04-08T03:14:54.739567+00:00
95079,SUNUASSUR,2019-04-08,0.2,,,0.2,0,2026-04-08T03:14:59.01768+00:00
95180,SUNUASSUR,2019-04-09,0.2,,,0.2,0,2026-04-08T03:15:01.233247+00:00
95281,SUNUASSUR,2019-04-10,0.2,,,0.2,500,2026-04-08T03:15:03.446976+00:00
95382,SUNUASSUR,2019-04-11,0.2,,,0.2,0,2026-04-08T03:15:05.608759+00:00
95483,SUNUASSUR,2019-04-12,0.2,,,0.2,10,2026-04-08T03:15:07.869644+00:00
95584,SUNUASSUR,2019-04-15,0.2,,,0.2,4990,2026-04-08T03:15:12.360876+00:00
95685,SUNUASSUR,2019-04-16,0.2,,,0.2,10680,2026-04-08T03:15:14.69338+00:00
95786,SUNUASSUR,2019-04-17,0.2,,,0.2,1000,2026-04-08T03:15:16.974822+00:00
95887,SUNUASSUR,2019-04-18,0.2,,,0.2,20,2026-04-08T03:15:19.360663+00:00
95988,SUNUASSUR,2019-04-23,0.2,,,0.2,5000,2026-04-08T03:15:26.04373+00:00
96090,SUNUASSUR,2019-04-24,0.2,,,0.2,2750,2026-04-08T03:15:28.31166+00:00
96192,SUNUASSUR,2019-04-25,0.2,,,0.2,25000,2026-04-08T03:15:30.603437+00:00
96294,SUNUASSUR,2019-04-26,0.2,,,0.2,14000,2026-04-08T03:15:32.816712+00:00
96396,SUNUASSUR,2019-04-29,0.2,,,0.2,74300,2026-04-08T03:15:37.198623+00:00
96498,SUNUASSUR,2019-04-30,0.2,,,0.2,0,2026-04-08T03:15:39.499507+00:00
96600,SUNUASSUR,2019-05-02,0.2,,,0.2,101300,2026-04-08T03:15:42.839166+00:00
96702,SUNUASSUR,2019-05-03,0.2,,,0.2,1000,2026-04-08T03:15:45.02286+00:00
96804,SUNUASSUR,2019-05-06,0.2,,,0.2,483200,2026-04-08T03:15:49.380478+00:00
96906,SUNUASSUR,2019-05-07,0.2,,,0.2,732100,2026-04-08T03:15:51.609622+00:00
97008,SUNUASSUR,2019-05-08,0.2,,,0.2,15200,2026-04-08T03:15:53.912422+00:00
97110,SUNUASSUR,2019-05-09,0.2,,,0.2,500,2026-04-08T03:15:56.308435+00:00
97212,SUNUASSUR,2019-05-10,0.2,,,0.2,15100,2026-04-08T03:15:58.65517+00:00
97314,SUNUASSUR,2019-05-13,0.2,,,0.2,100,2026-04-08T03:16:02.955985+00:00
97416,SUNUASSUR,2019-05-14,0.2,,,0.2,1000,2026-04-08T03:16:05.427951+00:00
97518,SUNUASSUR,2019-05-15,0.2,,,0.2,0,2026-04-08T03:16:07.709974+00:00
97620,SUNUASSUR,2019-05-16,0.2,,,0.2,141900,2026-04-08T03:16:09.947696+00:00
97722,SUNUASSUR,2019-05-17,0.2,,,0.2,120100,2026-04-08T03:16:12.469468+00:00
97825,SUNUASSUR,2019-05-20,0.2,,,0.2,500,2026-04-08T03:16:16.967061+00:00
97928,SUNUASSUR,2019-05-21,0.2,,,0.2,3000,2026-04-08T03:16:19.368023+00:00
98031,SUNUASSUR,2019-05-22,0.2,,,0.2,1050,2026-04-08T03:16:21.741488+00:00
98134,SUNUASSUR,2019-05-23,0.2,,,0.2,100,2026-04-08T03:16:24.010501+00:00
98237,SUNUASSUR,2019-05-24,0.2,,,0.2,0,2026-04-08T03:16:26.41346+00:00
98340,SUNUASSUR,2019-05-27,0.2,,,0.2,2000,2026-04-08T03:16:30.812568+00:00
98443,SUNUASSUR,2019-05-28,0.2,,,0.2,7000,2026-04-08T03:16:33.286405+00:00
98546,SUNUASSUR,2019-05-30,0.2,,,0.2,5000,2026-04-08T03:16:36.695359+00:00
98649,SUNUASSUR,2019-05-31,0.2,,,0.2,600,2026-04-08T03:16:39.10826+00:00
98752,SUNUASSUR,2019-06-03,0.2,,,0.2,100,2026-04-08T03:16:43.376201+00:00
98855,SUNUASSUR,2019-06-06,0.2,,,0.2,60200,2026-04-08T03:16:48.034912+00:00
98958,SUNUASSUR,2019-06-07,0.2,,,0.2,15000,2026-04-08T03:16:50.186426+00:00
99061,SUNUASSUR,2019-06-10,0.2,,,0.2,0,2026-04-08T03:16:54.498349+00:00
99164,SUNUASSUR,2019-06-11,0.2,,,0.2,0,2026-04-08T03:16:56.702394+00:00
99267,SUNUASSUR,2019-06-13,0.2,,,0.2,0,2026-04-08T03:17:00.140907+00:00
99370,SUNUASSUR,2019-06-14,0.2,,,0.2,0,2026-04-08T03:17:02.289964+00:00
99473,SUNUASSUR,2019-06-17,0.2,,,0.2,26700,2026-04-08T03:17:06.378621+00:00
99576,SUNUASSUR,2019-06-18,0.2,,,0.2,0,2026-04-08T03:17:08.696624+00:00
99679,SUNUASSUR,2019-06-19,0.2,,,0.2,5010,2026-04-08T03:17:10.975867+00:00
99782,SUNUASSUR,2019-06-20,0.2,,,0.2,100,2026-04-08T03:17:13.205784+00:00
99885,SUNUASSUR,2019-06-24,0.2,,,0.2,0,2026-04-08T03:17:18.488118+00:00
99988,SUNUASSUR,2019-06-25,0.2,,,0.2,100,2026-04-08T03:17:20.712996+00:00
100091,SUNUASSUR,2019-06-26,0.2,,,0.2,0,2026-04-08T03:17:23.021521+00:00
100194,SUNUASSUR,2019-06-27,0.2,,,0.2,0,2026-04-08T03:17:25.288917+00:00
100297,SUNUASSUR,2019-06-28,0.2,,,0.2,0,2026-04-08T03:17:27.669324+00:00
100400,SUNUASSUR,2019-07-01,0.2,,,0.2,0,2026-04-08T03:17:31.993492+00:00
100503,SUNUASSUR,2019-07-02,0.2,,,0.2,335135,2026-04-08T03:17:34.195482+00:00
100606,SUNUASSUR,2019-07-03,0.2,,,0.2,126400,2026-04-08T03:17:36.539656+00:00
100709,SUNUASSUR,2019-07-04,0.2,,,0.2,17100,2026-04-08T03:17:38.806977+00:00
100812,SUNUASSUR,2019-07-05,0.2,,,0.2,5100,2026-04-08T03:17:41.292481+00:00
100915,SUNUASSUR,2019-07-08,0.2,,,0.2,179000,2026-04-08T03:17:45.861747+00:00
101018,SUNUASSUR,2019-07-09,0.2,,,0.2,1100,2026-04-08T03:17:48.217581+00:00
101122,SUNUASSUR,2019-07-10,0.2,,,0.2,11000,2026-04-08T03:17:50.676625+00:00
101226,SUNUASSUR,2019-07-11,0.2,,,0.2,10100,2026-04-08T03:17:53.082234+00:00
101330,SUNUASSUR,2019-07-12,0.2,,,0.2,0,2026-04-08T03:17:55.503872+00:00
101434,SUNUASSUR,2019-07-15,0.2,,,0.2,0,2026-04-08T03:18:00.039317+00:00
101538,SUNUASSUR,2019-07-16,0.2,,,0.2,105530,2026-04-08T03:18:02.440443+00:00
101642,SUNUASSUR,2019-07-17,0.2,,,0.2,10000,2026-04-08T03:18:04.729662+00:00
101746,SUNUASSUR,2019-07-18,0.2,,,0.2,92,2026-04-08T03:18:07.178594+00:00
101850,SUNUASSUR,2019-07-19,0.2,,,0.2,10,2026-04-08T03:18:09.535362+00:00
101954,SUNUASSUR,2019-07-22,0.2,,,0.2,150,2026-04-08T03:18:14.212024+00:00
102058,SUNUASSUR,2019-07-23,0.2,,,0.2,0,2026-04-08T03:18:16.654741+00:00
102162,SUNUASSUR,2019-07-24,0.2,,,0.2,100,2026-04-08T03:18:18.926554+00:00
102266,SUNUASSUR,2019-07-25,0.2,,,0.2,0,2026-04-08T03:18:21.127331+00:00
102370,SUNUASSUR,2019-07-26,0.2,,,0.2,200,2026-04-08T03:18:23.508197+00:00
102474,SUNUASSUR,2019-07-29,0.2,,,0.2,4500,2026-04-08T03:18:27.808584+00:00
102578,SUNUASSUR,2019-07-30,0.2,,,0.2,30500,2026-04-08T03:18:30.090931+00:00
102682,SUNUASSUR,2019-07-31,0.2,,,0.2,430090,2026-04-08T03:18:32.379029+00:00
102786,SUNUASSUR,2019-08-01,0.2,,,0.2,500,2026-04-08T03:18:34.721051+00:00
102890,SUNUASSUR,2019-08-02,0.2,,,0.2,2000,2026-04-08T03:18:37.148519+00:00
102994,SUNUASSUR,2019-08-05,0.2,,,0.2,0,2026-04-08T03:18:41.327383+00:00
103098,SUNUASSUR,2019-08-06,0.2,,,0.2,40000,2026-04-08T03:18:43.676077+00:00
103202,SUNUASSUR,2019-08-07,0.2,,,0.2,300,2026-04-08T03:18:45.952647+00:00
103306,SUNUASSUR,2019-08-08,0.2,,,0.2,5700,2026-04-08T03:18:48.284739+00:00
103410,SUNUASSUR,2019-08-09,0.2,,,0.2,10,2026-04-08T03:18:50.530707+00:00
103514,SUNUASSUR,2019-08-14,0.2,,,0.2,0,2026-04-08T03:18:57.313874+00:00
103618,SUNUASSUR,2019-08-15,0.2,,,0.2,0,2026-04-08T03:18:59.647711+00:00
103722,SUNUASSUR,2019-08-19,0.2,,,0.2,0,2026-04-08T03:19:05.053534+00:00
103826,SUNUASSUR,2019-08-20,0.2,,,0.2,0,2026-04-08T03:19:07.283568+00:00
103930,SUNUASSUR,2019-08-21,0.2,,,0.2,0,2026-04-08T03:19:09.493441+00:00
104033,SUNUASSUR,2019-08-22,0.2,,,0.2,265000,2026-04-08T03:19:11.834929+00:00
104136,SUNUASSUR,2019-08-23,0.2,,,0.2,20000,2026-04-08T03:19:14.066623+00:00
104239,SUNUASSUR,2019-08-26,0.2,,,0.2,0,2026-04-08T03:19:18.291411+00:00
104342,SUNUASSUR,2019-08-27,0.2,,,0.2,60100,2026-04-08T03:19:20.588978+00:00
104445,SUNUASSUR,2019-08-28,0.2,,,0.2,5000,2026-04-08T03:19:22.939533+00:00
104548,SUNUASSUR,2019-08-29,0.2,,,0.2,30000,2026-04-08T03:19:25.308081+00:00
104651,SUNUASSUR,2019-08-30,0.2,,,0.2,1000,2026-04-08T03:19:27.686427+00:00
104754,SUNUASSUR,2019-09-02,0.2,,,0.2,230000,2026-04-08T03:19:32.075785+00:00
104857,SUNUASSUR,2019-09-03,0.2,,,0.2,355000,2026-04-08T03:19:34.366833+00:00
104960,SUNUASSUR,2019-09-04,0.2,,,0.2,500,2026-04-08T03:19:36.608723+00:00
105063,SUNUASSUR,2019-09-05,0.2,,,0.2,0,2026-04-08T03:19:38.984327+00:00
105166,SUNUASSUR,2019-09-06,0.2,,,0.2,0,2026-04-08T03:19:41.363212+00:00
105269,SUNUASSUR,2019-09-09,0.2,,,0.2,0,2026-04-08T03:19:45.624302+00:00
105372,SUNUASSUR,2019-09-10,0.2,,,0.2,10000,2026-04-08T03:19:47.977958+00:00
105475,SUNUASSUR,2019-09-11,0.2,,,0.2,0,2026-04-08T03:19:50.333421+00:00
105578,SUNUASSUR,2019-09-12,0.2,,,0.2,50,2026-04-08T03:19:52.607202+00:00
105681,SUNUASSUR,2019-09-13,0.2,,,0.2,1000,2026-04-08T03:19:55.083512+00:00
105784,SUNUASSUR,2019-09-16,0.2,,,0.2,0,2026-04-08T03:19:59.701348+00:00
105887,SUNUASSUR,2019-09-17,0.2,,,0.2,45000,2026-04-08T03:20:02.523968+00:00
105990,SUNUASSUR,2019-09-18,0.2,,,0.2,0,2026-04-08T03:20:05.488272+00:00
106093,SUNUASSUR,2019-09-19,0.2,,,0.2,0,2026-04-08T03:20:08.114889+00:00
106196,SUNUASSUR,2019-09-20,0.2,,,0.2,1000,2026-04-08T03:20:10.721894+00:00
106299,SUNUASSUR,2019-09-23,0.2,,,0.2,0,2026-04-08T03:20:15.267012+00:00
106402,SUNUASSUR,2019-09-24,0.2,,,0.2,27272,2026-04-08T03:20:17.630341+00:00
106505,SUNUASSUR,2019-09-25,0.2,,,0.2,0,2026-04-08T03:20:20.165626+00:00
106608,SUNUASSUR,2019-09-26,0.2,,,0.2,0,2026-04-08T03:20:22.92566+00:00
106711,SUNUASSUR,2019-09-27,0.2,,,0.2,2000,2026-04-08T03:20:25.402499+00:00
106814,SUNUASSUR,2019-09-30,0.2,,,0.2,0,2026-04-08T03:20:29.867546+00:00
106917,SUNUASSUR,2019-10-02,0.2,,,0.2,210000,2026-04-08T03:20:33.475481+00:00
107020,SUNUASSUR,2019-10-03,0.2,,,0.2,0,2026-04-08T03:20:35.801047+00:00
107123,SUNUASSUR,2019-10-04,0.2,,,0.2,5400,2026-04-08T03:20:38.138638+00:00
107226,SUNUASSUR,2019-10-07,0.2,,,0.2,0,2026-04-08T03:20:43.38987+00:00
107329,SUNUASSUR,2019-10-08,0.2,,,0.2,0,2026-04-08T03:20:50.115577+00:00
107432,SUNUASSUR,2019-10-09,0.2,,,0.2,0,2026-04-08T03:20:53.067656+00:00
107535,SUNUASSUR,2019-10-10,0.2,,,0.2,1050,2026-04-08T03:20:55.682822+00:00
107638,SUNUASSUR,2019-10-11,0.2,,,0.2,0,2026-04-08T03:20:58.30073+00:00
107741,SUNUASSUR,2019-10-14,0.2,,,0.2,0,2026-04-08T03:21:03.536141+00:00
107844,SUNUASSUR,2019-10-15,0.2,,,0.2,0,2026-04-08T03:21:06.159586+00:00
107947,SUNUASSUR,2019-10-16,0.2,,,0.2,0,2026-04-08T03:21:08.538525+00:00
108050,SUNUASSUR,2019-10-17,0.2,,,0.2,500,2026-04-08T03:21:11.125073+00:00
108153,SUNUASSUR,2019-10-18,0.2,,,0.2,0,2026-04-08T03:21:14.04892+00:00
108256,SUNUASSUR,2019-10-21,0.2,,,0.2,9400,2026-04-08T03:21:18.357079+00:00
108359,SUNUASSUR,2019-10-22,0.2,,,0.2,0,2026-04-08T03:21:20.5704+00:00
108462,SUNUASSUR,2019-10-23,0.2,,,0.2,500,2026-04-08T03:21:22.84444+00:00
108565,SUNUASSUR,2019-10-24,0.2,,,0.2,0,2026-04-08T03:21:25.228823+00:00
108668,SUNUASSUR,2019-10-25,0.2,,,0.2,11500,2026-04-08T03:21:27.539286+00:00
108771,SUNUASSUR,2019-10-28,0.2,,,0.2,0,2026-04-08T03:21:32.161692+00:00
108874,SUNUASSUR,2019-10-29,0.2,,,0.2,0,2026-04-08T03:21:34.477485+00:00
108977,SUNUASSUR,2019-10-30,0.2,,,0.2,30100,2026-04-08T03:21:36.754268+00:00
109080,SUNUASSUR,2019-10-31,0.2,,,0.2,4600,2026-04-08T03:21:39.10919+00:00
109183,SUNUASSUR,2019-11-01,0.2,,,0.2,0,2026-04-08T03:21:41.456138+00:00
109286,SUNUASSUR,2019-11-04,0.2,,,0.2,0,2026-04-08T03:21:45.945243+00:00
109389,SUNUASSUR,2019-11-05,0.2,,,0.2,1170000,2026-04-08T03:21:48.37169+00:00
109492,SUNUASSUR,2019-11-06,0.2,,,0.2,0,2026-04-08T03:21:50.755948+00:00
109595,SUNUASSUR,2019-11-07,0.2,,,0.2,0,2026-04-08T03:21:53.200031+00:00
109698,SUNUASSUR,2019-11-08,0.2,,,0.2,4000,2026-04-08T03:21:55.63316+00:00
109801,SUNUASSUR,2019-11-12,0.2,,,0.2,0,2026-04-08T03:22:01.520244+00:00
109904,SUNUASSUR,2019-11-13,0.2,,,0.2,4500,2026-04-08T03:22:04.169594+00:00
110007,SUNUASSUR,2019-11-14,0.2,,,0.2,200000,2026-04-08T03:22:06.510438+00:00
110110,SUNUASSUR,2019-11-15,0.2,,,0.2,0,2026-04-08T03:22:08.972682+00:00
110212,SUNUASSUR,2019-11-18,0.2,,,0.2,1000,2026-04-08T03:22:13.551393+00:00
110314,SUNUASSUR,2019-11-19,0.2,,,0.2,28000,2026-04-08T03:22:15.801005+00:00
110416,SUNUASSUR,2019-11-20,0.2,,,0.2,0,2026-04-08T03:22:18.11241+00:00
110518,SUNUASSUR,2019-11-21,0.2,,,0.2,140,2026-04-08T03:22:20.360812+00:00
110620,SUNUASSUR,2019-11-22,0.2,,,0.2,501,2026-04-08T03:22:22.766306+00:00
110722,SUNUASSUR,2019-11-25,0.2,,,0.2,0,2026-04-08T03:22:27.077445+00:00
110824,SUNUASSUR,2019-11-26,0.2,,,0.2,0,2026-04-08T03:22:29.415971+00:00
110926,SUNUASSUR,2019-11-27,0.2,,,0.2,0,2026-04-08T03:22:31.797244+00:00
111028,SUNUASSUR,2019-11-28,0.2,,,0.2,0,2026-04-08T03:22:34.150197+00:00
111130,SUNUASSUR,2019-11-29,0.2,,,0.2,0,2026-04-08T03:22:36.43862+00:00
111232,SUNUASSUR,2019-12-02,0.2,,,0.2,0,2026-04-08T03:22:40.672716+00:00
111334,SUNUASSUR,2019-12-03,0.2,,,0.2,0,2026-04-08T03:22:42.857808+00:00
111436,SUNUASSUR,2019-12-04,0.2,,,0.2,2000,2026-04-08T03:22:45.132537+00:00
111538,SUNUASSUR,2019-12-05,0.2,,,0.2,0,2026-04-08T03:22:47.409461+00:00
111640,SUNUASSUR,2019-12-06,0.2,,,0.2,20000,2026-04-08T03:22:49.720566+00:00
111742,SUNUASSUR,2019-12-10,0.2,,,0.2,0,2026-04-08T03:22:54.948045+00:00
111844,SUNUASSUR,2019-12-11,0.2,,,0.2,1500,2026-04-08T03:22:57.463594+00:00
111946,SUNUASSUR,2019-12-12,0.2,,,0.2,0,2026-04-08T03:22:59.677549+00:00
112048,SUNUASSUR,2019-12-13,0.2,,,0.2,2000,2026-04-08T03:23:01.961124+00:00
112150,SUNUASSUR,2019-12-16,0.2,,,0.2,0,2026-04-08T03:23:06.206185+00:00
112252,SUNUASSUR,2019-12-17,0.2,,,0.2,900,2026-04-08T03:23:08.526507+00:00
112354,SUNUASSUR,2019-12-18,0.2,,,0.2,0,2026-04-08T03:23:10.699016+00:00
112456,SUNUASSUR,2019-12-19,0.2,,,0.2,0,2026-04-08T03:23:13.06361+00:00
112558,SUNUASSUR,2019-12-20,0.2,,,0.2,2000,2026-04-08T03:23:15.515212+00:00
112660,SUNUASSUR,2019-12-23,0.2,,,0.2,7000,2026-04-08T03:23:19.645113+00:00
112762,SUNUASSUR,2019-12-24,0.2,,,0.2,0,2026-04-08T03:23:22.081747+00:00
112864,SUNUASSUR,2019-12-27,0.2,,,0.2,4000,2026-04-08T03:23:26.48241+00:00
112966,SUNUASSUR,2019-12-31,0.2,,,0.2,5000,2026-04-08T03:23:31.997666+00:00
113068,SUNUASSUR,2020-01-02,0.2,,,0.2,5000,2026-04-08T03:23:35.253628+00:00
113170,SUNUASSUR,2020-01-03,0.2,,,0.2,817000,2026-04-08T03:23:37.484442+00:00
113272,SUNUASSUR,2020-01-06,0.2,,,0.2,3000,2026-04-08T03:23:41.810791+00:00
113374,SUNUASSUR,2020-01-07,0.2,,,0.2,50000,2026-04-08T03:23:44.238014+00:00
113476,SUNUASSUR,2020-01-08,0.2,,,0.2,10400,2026-04-08T03:23:46.428903+00:00
113578,SUNUASSUR,2020-01-09,0.2,,,0.2,2002993,2026-04-08T03:23:48.760691+00:00
113681,SUNUASSUR,2020-01-10,0.2,,,0.2,2000,2026-04-08T03:23:51.312987+00:00
113784,SUNUASSUR,2020-01-13,0.2,,,0.2,3000,2026-04-08T03:23:55.704331+00:00
113887,SUNUASSUR,2020-01-14,0.2,,,0.2,2000,2026-04-08T03:23:58.044369+00:00
113990,SUNUASSUR,2020-01-15,0.2,,,0.2,7360,2026-04-08T03:24:00.340453+00:00
114093,SUNUASSUR,2020-01-16,0.2,,,0.2,2500,2026-04-08T03:24:02.775573+00:00
114196,SUNUASSUR,2020-01-17,0.2,,,0.2,0,2026-04-08T03:24:05.107796+00:00
114299,SUNUASSUR,2020-01-20,0.2,,,0.2,0,2026-04-08T03:24:09.637495+00:00
114402,SUNUASSUR,2020-01-21,0.2,,,0.2,0,2026-04-08T03:24:12.081094+00:00
114505,SUNUASSUR,2020-01-23,0.2,,,0.2,4500,2026-04-08T03:24:15.397306+00:00
114608,SUNUASSUR,2020-01-24,0.2,,,0.2,2450,2026-04-08T03:24:17.760742+00:00
114711,SUNUASSUR,2020-01-27,0.2,,,0.2,100000,2026-04-08T03:24:22.426106+00:00
114814,SUNUASSUR,2020-01-28,0.2,,,0.2,5000,2026-04-08T03:24:24.728321+00:00
114917,SUNUASSUR,2020-01-29,0.2,,,0.2,10,2026-04-08T03:24:27.287495+00:00
115020,SUNUASSUR,2020-01-30,0.2,,,0.2,45464,2026-04-08T03:24:29.658352+00:00
115123,SUNUASSUR,2020-01-31,0.2,,,0.2,0,2026-04-08T03:24:31.961868+00:00
115226,SUNUASSUR,2020-02-03,0.2,,,0.2,0,2026-04-08T03:24:36.430808+00:00
115329,SUNUASSUR,2020-02-04,0.2,,,0.2,43500,2026-04-08T03:24:38.687124+00:00
115432,SUNUASSUR,2020-02-05,0.2,,,0.2,0,2026-04-08T03:24:41.03998+00:00
115535,SUNUASSUR,2020-02-06,0.2,,,0.2,2000,2026-04-08T03:24:43.345135+00:00
115638,SUNUASSUR,2020-02-07,0.2,,,0.2,907,2026-04-08T03:24:45.609576+00:00
115741,SUNUASSUR,2020-02-10,0.2,,,0.2,2001000,2026-04-08T03:24:50.182603+00:00
115844,SUNUASSUR,2020-02-11,0.2,,,0.2,0,2026-04-08T03:24:52.780016+00:00
115947,SUNUASSUR,2020-02-12,0.2,,,0.2,0,2026-04-08T03:24:55.120152+00:00
116050,SUNUASSUR,2020-02-13,0.2,,,0.2,100,2026-04-08T03:24:57.649025+00:00
116153,SUNUASSUR,2020-02-14,0.2,,,0.2,0,2026-04-08T03:25:00.080254+00:00
116256,SUNUASSUR,2020-02-17,0.2,,,0.2,0,2026-04-08T03:25:04.377856+00:00
116359,SUNUASSUR,2020-02-18,0.2,,,0.2,0,2026-04-08T03:25:06.773592+00:00
116462,SUNUASSUR,2020-02-19,0.2,,,0.2,0,2026-04-08T03:25:09.231504+00:00
116565,SUNUASSUR,2020-02-20,0.2,,,0.2,0,2026-04-08T03:25:11.501588+00:00
116668,SUNUASSUR,2020-02-21,0.2,,,0.2,8000,2026-04-08T03:25:13.948187+00:00
116771,SUNUASSUR,2020-02-24,0.2,,,0.2,0,2026-04-08T03:25:18.415367+00:00
116874,SUNUASSUR,2020-02-25,0.2,,,0.2,0,2026-04-08T03:25:20.711298+00:00
116977,SUNUASSUR,2020-02-26,0.2,,,0.2,251363,2026-04-08T03:25:23.465375+00:00
117080,SUNUASSUR,2020-02-27,0.2,,,0.2,0,2026-04-08T03:25:26.011368+00:00
117183,SUNUASSUR,2020-02-28,0.2,,,0.2,0,2026-04-08T03:25:28.472167+00:00
117286,SUNUASSUR,2020-03-02,0.2,,,0.2,2000,2026-04-08T03:25:32.979972+00:00
117389,SUNUASSUR,2020-03-03,0.2,,,0.2,20000,2026-04-08T03:25:35.324079+00:00
117492,SUNUASSUR,2020-03-04,0.2,,,0.2,0,2026-04-08T03:25:37.587456+00:00
117595,SUNUASSUR,2020-03-05,0.2,,,0.2,423000,2026-04-08T03:25:39.825698+00:00
117698,SUNUASSUR,2020-03-09,0.2,,,0.2,0,2026-04-08T03:25:45.227559+00:00
117801,SUNUASSUR,2020-03-10,0.2,,,0.2,0,2026-04-08T03:25:47.644077+00:00
117904,SUNUASSUR,2020-03-11,0.2,,,0.2,100,2026-04-08T03:25:49.940962+00:00
118007,SUNUASSUR,2020-03-12,0.2,,,0.2,0,2026-04-08T03:25:52.243289+00:00
118110,SUNUASSUR,2020-03-13,0.2,,,0.2,0,2026-04-08T03:25:54.520183+00:00
118213,SUNUASSUR,2020-03-16,0.2,,,0.2,0,2026-04-08T03:25:58.965391+00:00
118316,SUNUASSUR,2020-03-17,0.2,,,0.2,0,2026-04-08T03:26:01.331984+00:00
118419,SUNUASSUR,2020-03-18,0.2,,,0.2,0,2026-04-08T03:26:03.589989+00:00
118522,SUNUASSUR,2020-03-19,0.2,,,0.2,0,2026-04-08T03:26:05.957067+00:00
118625,SUNUASSUR,2020-03-20,0.2,,,0.2,0,2026-04-08T03:26:08.377452+00:00
118728,SUNUASSUR,2020-03-23,0.2,,,0.2,8000,2026-04-08T03:26:12.667002+00:00
118831,SUNUASSUR,2020-03-24,0.2,,,0.2,68000,2026-04-08T03:26:14.960057+00:00
118934,SUNUASSUR,2020-03-25,0.2,,,0.2,94000,2026-04-08T03:26:17.224804+00:00
119037,SUNUASSUR,2020-03-26,0.2,,,0.2,0,2026-04-08T03:26:19.64473+00:00
119140,SUNUASSUR,2020-03-27,0.2,,,0.2,0,2026-04-08T03:26:21.968693+00:00
119243,SUNUASSUR,2020-03-30,0.2,,,0.2,0,2026-04-08T03:26:26.43282+00:00
119346,SUNUASSUR,2020-03-31,0.2,,,0.2,101000,2026-04-08T03:26:28.926506+00:00
119449,SUNUASSUR,2020-04-01,0.2,,,0.2,0,2026-04-08T03:26:31.173614+00:00
119552,SUNUASSUR,2020-04-02,0.2,,,0.2,0,2026-04-08T03:26:33.480235+00:00
119655,SUNUASSUR,2020-04-03,0.2,,,0.2,0,2026-04-08T03:26:35.777807+00:00
119758,SUNUASSUR,2020-04-06,0.2,,,0.2,0,2026-04-08T03:26:40.135575+00:00
119861,SUNUASSUR,2020-04-07,0.2,,,0.2,0,2026-04-08T03:26:42.376644+00:00
119964,SUNUASSUR,2020-04-08,0.2,,,0.2,14450,2026-04-08T03:26:44.690105+00:00
120067,SUNUASSUR,2020-04-09,0.2,,,0.2,15000,2026-04-08T03:26:47.020639+00:00
120170,SUNUASSUR,2020-04-14,0.2,,,0.2,0,2026-04-08T03:26:53.304016+00:00
120273,SUNUASSUR,2020-04-15,0.2,,,0.2,0,2026-04-08T03:26:55.643286+00:00
120376,SUNUASSUR,2020-04-16,0.2,,,0.2,909,2026-04-08T03:26:58.005731+00:00
120479,SUNUASSUR,2020-04-17,0.2,,,0.2,0,2026-04-08T03:27:00.196144+00:00
120582,SUNUASSUR,2020-04-20,0.2,,,0.2,0,2026-04-08T03:27:04.902814+00:00
120685,SUNUASSUR,2020-04-21,0.2,,,0.2,1136,2026-04-08T03:27:07.124699+00:00
120788,SUNUASSUR,2020-04-22,0.2,,,0.2,250406,2026-04-08T03:27:09.50407+00:00
120891,SUNUASSUR,2020-04-23,0.2,,,0.2,1100299,2026-04-08T03:27:11.732195+00:00
120994,SUNUASSUR,2020-04-24,0.2,,,0.2,403242,2026-04-08T03:27:14.133022+00:00
121097,SUNUASSUR,2020-04-27,0.2,,,0.2,90,2026-04-08T03:27:18.376911+00:00
121200,SUNUASSUR,2020-04-28,0.2,,,0.2,0,2026-04-08T03:27:20.70836+00:00
121303,SUNUASSUR,2020-04-29,0.2,,,0.2,24654,2026-04-08T03:27:23.099969+00:00
121406,SUNUASSUR,2020-04-30,0.2,,,0.2,0,2026-04-08T03:27:25.479794+00:00
121509,SUNUASSUR,2020-05-04,0.2,,,0.2,0,2026-04-08T03:27:30.67652+00:00
121612,SUNUASSUR,2020-05-05,0.2,,,0.2,0,2026-04-08T03:27:32.997372+00:00
121715,SUNUASSUR,2020-05-06,0.2,,,0.2,0,2026-04-08T03:27:35.368243+00:00
121818,SUNUASSUR,2020-05-07,0.2,,,0.2,0,2026-04-08T03:27:37.70358+00:00
121921,SUNUASSUR,2020-05-08,0.2,,,0.2,0,2026-04-08T03:27:39.945267+00:00
122024,SUNUASSUR,2020-05-11,0.2,,,0.2,0,2026-04-08T03:27:44.543581+00:00
122127,SUNUASSUR,2020-05-12,0.2,,,0.2,1150,2026-04-08T03:27:46.988848+00:00
122230,SUNUASSUR,2020-05-13,0.2,,,0.2,0,2026-04-08T03:27:49.292243+00:00
122333,SUNUASSUR,2020-05-14,0.2,,,0.2,0,2026-04-08T03:27:51.592074+00:00
122436,SUNUASSUR,2020-05-19,0.2,,,0.2,0,2026-04-08T03:27:58.031425+00:00
122539,SUNUASSUR,2020-05-20,0.2,,,0.2,0,2026-04-08T03:28:00.412443+00:00
122642,SUNUASSUR,2020-05-21,0.22,,,0.22,1750000,2026-04-08T03:28:02.829603+00:00
122745,SUNUASSUR,2020-05-27,0.2,,,0.2,33400,2026-04-08T03:28:10.17932+00:00
122848,SUNUASSUR,2020-05-28,0.2,,,0.2,100000,2026-04-08T03:28:12.484321+00:00
122951,SUNUASSUR,2020-05-29,0.2,,,0.2,0,2026-04-08T03:28:14.796152+00:00
123054,SUNUASSUR,2020-06-02,0.2,,,0.2,0,2026-04-08T03:28:20.224588+00:00
123157,SUNUASSUR,2020-06-03,0.2,,,0.2,0,2026-04-08T03:28:22.45251+00:00
123260,SUNUASSUR,2020-06-04,0.2,,,0.2,3000,2026-04-08T03:28:24.742978+00:00
123363,SUNUASSUR,2020-06-05,0.2,,,0.2,0,2026-04-08T03:28:26.997708+00:00
123466,SUNUASSUR,2020-06-08,0.2,,,0.2,0,2026-04-08T03:28:31.360755+00:00
123569,SUNUASSUR,2020-06-09,0.2,,,0.2,70000,2026-04-08T03:28:33.545964+00:00
123672,SUNUASSUR,2020-06-10,0.2,,,0.2,0,2026-04-08T03:28:35.856379+00:00
123775,SUNUASSUR,2020-06-11,0.2,,,0.2,0,2026-04-08T03:28:38.052531+00:00
123878,SUNUASSUR,2020-06-15,0.2,,,0.2,0,2026-04-08T03:28:43.437023+00:00
123981,SUNUASSUR,2020-06-16,0.2,,,0.2,0,2026-04-08T03:28:45.961134+00:00
124084,SUNUASSUR,2020-06-17,0.2,,,0.2,0,2026-04-08T03:28:48.324213+00:00
124187,SUNUASSUR,2020-06-18,0.2,,,0.2,8000,2026-04-08T03:28:50.696546+00:00
124290,SUNUASSUR,2020-06-19,0.2,,,0.2,0,2026-04-08T03:28:53.406809+00:00
124393,SUNUASSUR,2020-06-22,0.2,,,0.2,0,2026-04-08T03:28:57.922359+00:00
124496,SUNUASSUR,2020-06-23,0.2,,,0.2,0,2026-04-08T03:29:00.283028+00:00
124599,SUNUASSUR,2020-06-24,0.2,,,0.2,0,2026-04-08T03:29:02.79982+00:00
124702,SUNUASSUR,2020-06-25,0.2,,,0.2,2000,2026-04-08T03:29:05.076463+00:00
124805,SUNUASSUR,2020-06-26,0.2,,,0.2,10000,2026-04-08T03:29:07.48598+00:00
124908,SUNUASSUR,2020-06-29,0.2,,,0.2,1500,2026-04-08T03:29:11.968016+00:00
125011,SUNUASSUR,2020-06-30,0.2,,,0.2,11648,2026-04-08T03:29:14.28255+00:00
125114,SUNUASSUR,2020-07-01,0.2,,,0.2,9000,2026-04-08T03:29:16.703757+00:00
125217,SUNUASSUR,2020-07-02,0.2,,,0.2,9000,2026-04-08T03:29:19.127663+00:00
125320,SUNUASSUR,2020-07-03,0.2,,,0.2,9500,2026-04-08T03:29:21.544735+00:00
125423,SUNUASSUR,2020-07-07,0.2,,,0.2,10000,2026-04-08T03:29:27.331532+00:00
125526,SUNUASSUR,2020-07-08,0.2,,,0.2,0,2026-04-08T03:29:29.768744+00:00
125629,SUNUASSUR,2020-07-09,0.2,,,0.2,0,2026-04-08T03:29:32.143692+00:00
125732,SUNUASSUR,2020-07-10,0.2,,,0.2,0,2026-04-08T03:29:34.521297+00:00
125835,SUNUASSUR,2020-07-13,0.2,,,0.2,0,2026-04-08T03:29:39.007126+00:00
125938,SUNUASSUR,2020-07-14,0.2,,,0.2,0,2026-04-08T03:29:41.304989+00:00
126041,SUNUASSUR,2020-07-15,0.22,,,0.22,210000,2026-04-08T03:29:43.708156+00:00
126144,SUNUASSUR,2020-07-16,0.22,,,0.22,100427,2026-04-08T03:29:45.979708+00:00
126247,SUNUASSUR,2020-07-17,0.22,,,0.22,0,2026-04-08T03:29:48.357101+00:00
126350,SUNUASSUR,2020-07-20,0.22,,,0.22,833,2026-04-08T03:29:52.723074+00:00
126453,SUNUASSUR,2020-07-21,0.22,,,0.22,0,2026-04-08T03:29:55.035926+00:00
126556,SUNUASSUR,2020-07-23,0.22,,,0.22,4931,2026-04-08T03:29:58.238067+00:00
126659,SUNUASSUR,2020-07-24,0.22,,,0.22,5000,2026-04-08T03:30:00.541513+00:00
126762,SUNUASSUR,2020-07-27,0.22,,,0.22,0,2026-04-08T03:30:04.748878+00:00
126865,SUNUASSUR,2020-07-28,0.22,,,0.22,180000,2026-04-08T03:30:07.286947+00:00
126968,SUNUASSUR,2020-07-29,0.22,,,0.22,0,2026-04-08T03:30:09.725653+00:00
127071,SUNUASSUR,2020-08-03,0.2,,,0.2,3225532,2026-04-08T03:30:16.711714+00:00
127174,SUNUASSUR,2020-08-04,0.2,,,0.2,20000,2026-04-08T03:30:19.026905+00:00
127277,SUNUASSUR,2020-08-05,0.2,,,0.2,10000,2026-04-08T03:30:21.509999+00:00
127380,SUNUASSUR,2020-08-06,0.2,,,0.2,2000,2026-04-08T03:30:23.823287+00:00
127483,SUNUASSUR,2020-08-07,0.2,,,0.2,31000,2026-04-08T03:30:26.221973+00:00
127586,SUNUASSUR,2020-08-10,0.21,,,0.21,101100,2026-04-08T03:30:31.080726+00:00
127689,SUNUASSUR,2020-08-11,0.21,,,0.21,31000,2026-04-08T03:30:33.557314+00:00
127792,SUNUASSUR,2020-08-12,0.2,,,0.2,100000,2026-04-08T03:30:35.989363+00:00
127895,SUNUASSUR,2020-08-13,0.2,,,0.2,0,2026-04-08T03:30:38.402702+00:00
127998,SUNUASSUR,2020-08-14,0.2,,,0.2,0,2026-04-08T03:30:40.738296+00:00
128101,SUNUASSUR,2020-08-17,0.2,,,0.2,0,2026-04-08T03:30:45.179846+00:00
128204,SUNUASSUR,2020-08-18,0.2,,,0.2,3500,2026-04-08T03:30:47.750292+00:00
128307,SUNUASSUR,2020-08-19,0.2,,,0.2,0,2026-04-08T03:30:50.260611+00:00
128410,SUNUASSUR,2020-08-20,0.2,,,0.2,0,2026-04-08T03:30:52.728097+00:00
128513,SUNUASSUR,2020-08-21,0.2,,,0.2,0,2026-04-08T03:30:55.129893+00:00
128616,SUNUASSUR,2020-08-24,0.2,,,0.2,0,2026-04-08T03:30:59.50528+00:00
128719,SUNUASSUR,2020-08-25,0.2,,,0.2,0,2026-04-08T03:31:01.97181+00:00
128822,SUNUASSUR,2020-08-26,0.2,,,0.2,88500,2026-04-08T03:31:04.340397+00:00
128925,SUNUASSUR,2020-08-27,0.2,,,0.2,0,2026-04-08T03:31:06.825032+00:00
129028,SUNUASSUR,2020-08-28,0.2,,,0.2,5000,2026-04-08T03:31:10.050623+00:00
129131,SUNUASSUR,2020-08-31,0.2,,,0.2,2000,2026-04-08T03:31:14.574397+00:00
129234,SUNUASSUR,2020-09-01,0.2,,,0.2,0,2026-04-08T03:31:16.859057+00:00
129337,SUNUASSUR,2020-09-02,0.2,,,0.2,227,2026-04-08T03:31:19.223829+00:00
129440,SUNUASSUR,2020-09-03,0.2,,,0.2,0,2026-04-08T03:31:21.580357+00:00
129543,SUNUASSUR,2020-09-04,0.2,,,0.2,0,2026-04-08T03:31:24.095323+00:00
129646,SUNUASSUR,2020-09-07,0.2,,,0.2,6075,2026-04-08T03:31:29.028072+00:00
129749,SUNUASSUR,2020-09-08,0.2,,,0.2,3000,2026-04-08T03:31:31.696694+00:00
129852,SUNUASSUR,2020-09-09,0.2,,,0.2,3000,2026-04-08T03:31:34.222499+00:00
129955,SUNUASSUR,2020-09-10,0.2,,,0.2,0,2026-04-08T03:31:36.666154+00:00
130058,SUNUASSUR,2020-09-11,0.2,,,0.2,3000,2026-04-08T03:31:39.224755+00:00
130161,SUNUASSUR,2020-09-14,0.2,,,0.2,0,2026-04-08T03:31:43.669625+00:00
130264,SUNUASSUR,2020-09-15,0.2,,,0.2,0,2026-04-08T03:31:46.096824+00:00
130367,SUNUASSUR,2020-09-16,0.2,,,0.2,0,2026-04-08T03:31:48.62473+00:00
130470,SUNUASSUR,2020-09-17,0.2,,,0.2,681,2026-04-08T03:31:51.120615+00:00
130573,SUNUASSUR,2020-09-18,0.2,,,0.2,0,2026-04-08T03:31:53.500222+00:00
130676,SUNUASSUR,2020-09-21,0.2,,,0.2,0,2026-04-08T03:31:57.915353+00:00
130779,SUNUASSUR,2020-09-22,0.2,,,0.2,0,2026-04-08T03:32:00.361616+00:00
130882,SUNUASSUR,2020-09-23,0.2,,,0.2,268,2026-04-08T03:32:02.667296+00:00
130985,SUNUASSUR,2020-09-24,0.2,,,0.2,3000,2026-04-08T03:32:05.077899+00:00
131088,SUNUASSUR,2020-09-25,0.2,,,0.2,113,2026-04-08T03:32:07.472813+00:00
131191,SUNUASSUR,2020-09-28,0.2,,,0.2,919,2026-04-08T03:32:12.542607+00:00
131294,SUNUASSUR,2020-09-29,0.2,,,0.2,3000,2026-04-08T03:32:14.948969+00:00
131397,SUNUASSUR,2020-09-30,0.2,,,0.2,0,2026-04-08T03:32:17.368144+00:00
131500,SUNUASSUR,2020-10-02,0.2,,,0.2,1500,2026-04-08T03:32:21.009688+00:00
131603,SUNUASSUR,2020-10-05,0.2,,,0.2,4000,2026-04-08T03:32:25.669514+00:00
131706,SUNUASSUR,2020-10-06,0.2,,,0.2,0,2026-04-08T03:32:28.151061+00:00
131809,SUNUASSUR,2020-10-07,0.2,,,0.2,5000,2026-04-08T03:32:30.62441+00:00
131912,SUNUASSUR,2020-10-08,0.2,,,0.2,0,2026-04-08T03:32:32.995223+00:00
132015,SUNUASSUR,2020-10-09,0.2,,,0.2,0,2026-04-08T03:32:35.453646+00:00
132118,SUNUASSUR,2020-10-12,0.2,,,0.2,0,2026-04-08T03:32:39.836845+00:00
132221,SUNUASSUR,2020-10-13,0.2,,,0.2,200,2026-04-08T03:32:42.883097+00:00
132324,SUNUASSUR,2020-10-14,0.2,,,0.2,0,2026-04-08T03:32:45.313484+00:00
132427,SUNUASSUR,2020-10-15,0.2,,,0.2,0,2026-04-08T03:32:47.672181+00:00
132530,SUNUASSUR,2020-10-16,0.2,,,0.2,3886927,2026-04-08T03:32:50.112843+00:00
132633,SUNUASSUR,2020-10-19,0.2,,,0.2,0,2026-04-08T03:32:54.594352+00:00
132736,SUNUASSUR,2020-10-20,0.2,,,0.2,0,2026-04-08T03:32:57.288568+00:00
132839,SUNUASSUR,2020-10-21,0.2,,,0.2,0,2026-04-08T03:32:59.679627+00:00
132942,SUNUASSUR,2020-10-22,0.2,,,0.2,0,2026-04-08T03:33:02.194874+00:00
133046,SUNUASSUR,2020-10-23,0.2,,,0.2,0,2026-04-08T03:33:04.540232+00:00
133149,SUNUASSUR,2020-10-26,0.2,,,0.2,0,2026-04-08T03:33:08.964122+00:00
133252,SUNUASSUR,2020-10-27,0.2,,,0.2,0,2026-04-08T03:33:12.04516+00:00
133355,SUNUASSUR,2020-10-28,0.2,,,0.2,0,2026-04-08T03:33:14.504918+00:00
133458,SUNUASSUR,2020-10-30,0.2,,,0.2,0,2026-04-08T03:33:18.13889+00:00
133561,SUNUASSUR,2020-11-02,0.2,,,0.2,0,2026-04-08T03:33:22.589733+00:00
133664,SUNUASSUR,2020-11-03,0.2,,,0.2,0,2026-04-08T03:33:24.936567+00:00
133767,SUNUASSUR,2020-11-04,1.0,,,1.0,0,2026-04-08T03:33:27.402012+00:00
133870,SUNUASSUR,2020-11-05,1.0,,,1.0,0,2026-04-08T03:33:29.791139+00:00
133973,SUNUASSUR,2020-11-06,1.0,,,1.0,0,2026-04-08T03:33:32.190465+00:00
134076,SUNUASSUR,2020-11-09,1.0,,,1.0,0,2026-04-08T03:33:36.944942+00:00
134180,SUNUASSUR,2020-11-10,1.0,,,1.0,0,2026-04-08T03:33:39.328014+00:00
134284,SUNUASSUR,2020-11-11,1.0,,,1.0,0,2026-04-08T03:33:41.646704+00:00
134388,SUNUASSUR,2020-11-12,1.0,,,1.0,0,2026-04-08T03:33:44.075825+00:00
134492,SUNUASSUR,2020-11-13,1.0,,,1.0,0,2026-04-08T03:33:46.660663+00:00
134596,SUNUASSUR,2020-11-16,1.0,,,1.0,0,2026-04-08T03:33:51.206328+00:00
134700,SUNUASSUR,2020-11-17,1.0,,,1.0,0,2026-04-08T03:33:53.594986+00:00
134804,SUNUASSUR,2020-11-18,1.0,,,1.0,0,2026-04-08T03:33:56.053488+00:00
134908,SUNUASSUR,2020-11-19,1.0,,,1.0,0,2026-04-08T03:33:58.535588+00:00
135012,SUNUASSUR,2020-11-20,1.0,,,1.0,0,2026-04-08T03:34:01.033528+00:00
135116,SUNUASSUR,2020-11-23,1.0,,,1.0,0,2026-04-08T03:34:05.446005+00:00
135220,SUNUASSUR,2020-11-24,1.0,,,1.0,0,2026-04-08T03:34:07.827748+00:00
135324,SUNUASSUR,2020-11-25,1.0,,,1.0,0,2026-04-08T03:34:10.273596+00:00
135428,SUNUASSUR,2020-11-26,1.0,,,1.0,0,2026-04-08T03:34:12.878043+00:00
135532,SUNUASSUR,2020-11-27,1.0,,,1.0,0,2026-04-08T03:34:15.660625+00:00
135636,SUNUASSUR,2020-11-30,1.0,,,1.0,0,2026-04-08T03:34:20.595268+00:00
135740,SUNUASSUR,2020-12-01,1.0,,,1.0,0,2026-04-08T03:34:22.915781+00:00
135843,SUNUASSUR,2020-12-02,1.0,,,1.0,0,2026-04-08T03:34:25.200893+00:00
135945,SUNUASSUR,2020-12-03,1.0,,,1.0,0,2026-04-08T03:34:27.500503+00:00
136047,SUNUASSUR,2020-12-04,1.0,,,1.0,0,2026-04-08T03:34:29.754666+00:00
136151,SUNUASSUR,2020-12-07,1.0,,,1.0,0,2026-04-08T03:34:34.092506+00:00
136255,SUNUASSUR,2020-12-08,1.0,,,1.0,0,2026-04-08T03:34:36.413898+00:00
136359,SUNUASSUR,2020-12-09,1.0,,,1.0,0,2026-04-08T03:34:38.741358+00:00
136463,SUNUASSUR,2020-12-10,1.0,,,1.0,0,2026-04-08T03:34:41.210459+00:00
136567,SUNUASSUR,2020-12-11,1.0,,,1.0,0,2026-04-08T03:34:43.516271+00:00
136671,SUNUASSUR,2020-12-14,1.0,,,1.0,0,2026-04-08T03:34:47.752987+00:00
136776,SUNUASSUR,2020-12-15,1.0,,,1.0,0,2026-04-08T03:34:50.014046+00:00
136881,SUNUASSUR,2020-12-16,1.0,,,1.0,0,2026-04-08T03:34:52.260784+00:00
136986,SUNUASSUR,2020-12-17,1.0,,,1.0,0,2026-04-08T03:34:54.700208+00:00
137091,SUNUASSUR,2020-12-18,1.0,,,1.0,10000,2026-04-08T03:34:57.404383+00:00
137196,SUNUASSUR,2020-12-21,1.0,,,1.0,2094,2026-04-08T03:35:01.74156+00:00
137301,SUNUASSUR,2020-12-22,1.0,,,1.0,0,2026-04-08T03:35:04.087051+00:00
137406,SUNUASSUR,2020-12-23,1.0,,,1.0,3636,2026-04-08T03:35:06.465463+00:00
137511,SUNUASSUR,2020-12-24,1.0,,,1.0,0,2026-04-08T03:35:08.859517+00:00
137616,SUNUASSUR,2020-12-29,1.0,,,1.0,554,2026-04-08T03:35:15.710612+00:00
137721,SUNUASSUR,2020-12-30,1.0,,,1.0,0,2026-04-08T03:35:18.332825+00:00
137826,SUNUASSUR,2020-12-31,1.0,,,1.0,0,2026-04-08T03:35:20.721524+00:00
137931,SUNUASSUR,2021-01-04,1.0,,,1.0,0,2026-04-08T03:35:26.376094+00:00
138036,SUNUASSUR,2021-01-05,1.0,,,1.0,0,2026-04-08T03:35:29.033034+00:00
138141,SUNUASSUR,2021-01-06,1.0,,,1.0,18600,2026-04-08T03:35:31.424152+00:00
138246,SUNUASSUR,2021-01-07,1.0,,,1.0,0,2026-04-08T03:35:34.042283+00:00
138351,SUNUASSUR,2021-01-08,1.0,,,1.0,0,2026-04-08T03:35:36.489888+00:00
138456,SUNUASSUR,2021-01-11,1.0,,,1.0,0,2026-04-08T03:35:41.134484+00:00
138561,SUNUASSUR,2021-01-12,1.0,,,1.0,1050,2026-04-08T03:35:43.444525+00:00
138666,SUNUASSUR,2021-01-13,1.0,,,1.0,0,2026-04-08T03:35:45.752573+00:00
138771,SUNUASSUR,2021-01-14,1.0,,,1.0,0,2026-04-08T03:35:48.266873+00:00
138876,SUNUASSUR,2021-01-15,1.0,,,1.0,59400,2026-04-08T03:35:50.536305+00:00
138981,SUNUASSUR,2021-01-18,1.0,,,1.0,55000,2026-04-08T03:35:55.012207+00:00
139086,SUNUASSUR,2021-01-19,1.0,,,1.0,119967,2026-04-08T03:35:57.346792+00:00
139191,SUNUASSUR,2021-01-20,0.9,,,0.9,294066,2026-04-08T03:35:59.785195+00:00
139296,SUNUASSUR,2021-01-21,0.9,,,0.9,100000,2026-04-08T03:36:02.057398+00:00
139401,SUNUASSUR,2021-01-22,0.9,,,0.9,12000,2026-04-08T03:36:04.490813+00:00
139506,SUNUASSUR,2021-01-25,0.9,,,0.9,0,2026-04-08T03:36:09.142175+00:00
139611,SUNUASSUR,2021-01-26,0.9,,,0.9,0,2026-04-08T03:36:11.477526+00:00
139716,SUNUASSUR,2021-01-27,0.9,,,0.9,0,2026-04-08T03:36:13.916788+00:00
139821,SUNUASSUR,2021-01-28,0.9,,,0.9,0,2026-04-08T03:36:16.269205+00:00
139926,SUNUASSUR,2021-01-29,0.9,,,0.9,0,2026-04-08T03:36:18.603253+00:00
140031,SUNUASSUR,2021-02-01,0.9,,,0.9,0,2026-04-08T03:36:23.094546+00:00
140136,SUNUASSUR,2021-02-02,0.9,,,0.9,100,2026-04-08T03:36:25.523135+00:00
140241,SUNUASSUR,2021-02-03,0.9,,,0.9,84002,2026-04-08T03:36:27.835035+00:00
140346,SUNUASSUR,2021-02-04,0.9,,,0.9,15800,2026-04-08T03:36:30.225924+00:00
140451,SUNUASSUR,2021-02-05,0.9,,,0.9,252,2026-04-08T03:36:32.587221+00:00
140556,SUNUASSUR,2021-02-08,0.9,,,0.9,34,2026-04-08T03:36:37.052653+00:00
140661,SUNUASSUR,2021-02-09,0.9,,,0.9,31000,2026-04-08T03:36:39.468141+00:00
140766,SUNUASSUR,2021-02-10,0.81,,,0.81,200000,2026-04-08T03:36:41.836322+00:00
140871,SUNUASSUR,2021-02-11,0.81,,,0.81,0,2026-04-08T03:36:44.255641+00:00
140976,SUNUASSUR,2021-02-12,0.81,,,0.81,0,2026-04-08T03:36:46.553737+00:00
141081,SUNUASSUR,2021-02-15,0.81,,,0.81,0,2026-04-08T03:36:50.983127+00:00
141186,SUNUASSUR,2021-02-16,0.81,,,0.81,140010,2026-04-08T03:36:53.929967+00:00
141291,SUNUASSUR,2021-02-17,0.81,,,0.81,1000,2026-04-08T03:36:56.762484+00:00
141396,SUNUASSUR,2021-02-18,0.81,,,0.81,0,2026-04-08T03:36:59.321693+00:00
141501,SUNUASSUR,2021-02-19,0.81,,,0.81,105636,2026-04-08T03:37:01.817881+00:00
141606,SUNUASSUR,2021-02-22,0.81,,,0.81,42022,2026-04-08T03:37:06.27808+00:00
141711,SUNUASSUR,2021-02-23,0.73,,,0.73,343702,2026-04-08T03:37:08.890934+00:00
141816,SUNUASSUR,2021-02-24,0.73,,,0.73,33065,2026-04-08T03:37:11.490979+00:00
141921,SUNUASSUR,2021-02-25,0.73,,,0.73,100000,2026-04-08T03:37:14.190372+00:00
142026,SUNUASSUR,2021-02-26,0.66,,,0.66,277585,2026-04-08T03:37:16.661186+00:00
142131,SUNUASSUR,2021-03-01,0.66,,,0.66,105,2026-04-08T03:37:22.522205+00:00
142236,SUNUASSUR,2021-03-02,0.66,,,0.66,2066,2026-04-08T03:37:25.400973+00:00
142341,SUNUASSUR,2021-03-03,0.66,,,0.66,14917,2026-04-08T03:37:28.29584+00:00
142446,SUNUASSUR,2021-03-04,0.66,,,0.66,0,2026-04-08T03:37:30.865183+00:00
142551,SUNUASSUR,2021-03-05,0.66,,,0.66,0,2026-04-08T03:37:35.032922+00:00
142656,SUNUASSUR,2021-03-08,0.66,,,0.66,490,2026-04-08T03:37:40.957406+00:00
142761,SUNUASSUR,2021-03-09,0.66,,,0.66,0,2026-04-08T03:37:43.478318+00:00
142866,SUNUASSUR,2021-03-10,0.66,,,0.66,40000,2026-04-08T03:37:46.075681+00:00
142971,SUNUASSUR,2021-03-11,0.66,,,0.66,20200,2026-04-08T03:37:49.142973+00:00
143076,SUNUASSUR,2021-03-12,0.66,,,0.66,0,2026-04-08T03:37:51.827027+00:00
143181,SUNUASSUR,2021-03-15,0.66,,,0.66,24000,2026-04-08T03:37:56.632273+00:00
143286,SUNUASSUR,2021-03-16,0.66,,,0.66,43078,2026-04-08T03:37:59.157483+00:00
143391,SUNUASSUR,2021-03-17,0.66,,,0.66,0,2026-04-08T03:38:01.497417+00:00
143496,SUNUASSUR,2021-03-18,0.66,,,0.66,21853,2026-04-08T03:38:03.831621+00:00
143601,SUNUASSUR,2021-03-19,0.66,,,0.66,13567,2026-04-08T03:38:06.31825+00:00
143706,SUNUASSUR,2021-03-22,0.66,,,0.66,102252,2026-04-08T03:38:11.081229+00:00
143811,SUNUASSUR,2021-03-23,0.66,,,0.66,245,2026-04-08T03:38:13.396015+00:00
143916,SUNUASSUR,2021-03-24,0.66,,,0.66,33915,2026-04-08T03:38:15.81449+00:00
144021,SUNUASSUR,2021-03-25,0.66,,,0.66,66778,2026-04-08T03:38:18.283134+00:00
144126,SUNUASSUR,2021-03-26,0.66,,,0.66,4222,2026-04-08T03:38:20.746814+00:00
144231,SUNUASSUR,2021-03-29,0.66,,,0.66,30783,2026-04-08T03:38:25.159246+00:00
144336,SUNUASSUR,2021-03-30,0.66,,,0.66,2057,2026-04-08T03:38:27.475529+00:00
144441,SUNUASSUR,2021-03-31,0.66,,,0.66,5543,2026-04-08T03:38:29.710175+00:00
144546,SUNUASSUR,2021-04-01,0.66,,,0.66,0,2026-04-08T03:38:32.086622+00:00
144651,SUNUASSUR,2021-04-06,0.66,,,0.66,0,2026-04-08T03:38:38.336109+00:00
144756,SUNUASSUR,2021-04-07,0.66,,,0.66,455,2026-04-08T03:38:40.597593+00:00
144861,SUNUASSUR,2021-04-08,0.66,,,0.66,227,2026-04-08T03:38:43.050318+00:00
144966,SUNUASSUR,2021-04-09,0.66,,,0.66,0,2026-04-08T03:38:45.381101+00:00
145071,SUNUASSUR,2021-04-12,0.66,,,0.66,4122,2026-04-08T03:38:49.634064+00:00
145176,SUNUASSUR,2021-04-14,0.66,,,0.66,15000,2026-04-08T03:38:53.291299+00:00
145281,SUNUASSUR,2021-04-15,0.66,,,0.66,0,2026-04-08T03:38:55.647647+00:00
145386,SUNUASSUR,2021-04-16,0.66,,,0.66,3400,2026-04-08T03:38:58.039758+00:00
145491,SUNUASSUR,2021-04-19,0.66,,,0.66,14363,2026-04-08T03:39:02.639407+00:00
145596,SUNUASSUR,2021-04-20,0.66,,,0.66,20800,2026-04-08T03:39:05.009889+00:00
145701,SUNUASSUR,2021-04-21,0.66,,,0.66,0,2026-04-08T03:39:07.371999+00:00
145806,SUNUASSUR,2021-04-22,0.6,,,0.6,100000,2026-04-08T03:39:09.720023+00:00
145911,SUNUASSUR,2021-04-26,0.6,,,0.6,19,2026-04-08T03:39:15.36746+00:00
146016,SUNUASSUR,2021-04-27,0.6,,,0.6,0,2026-04-08T03:39:17.695414+00:00
146121,SUNUASSUR,2021-04-28,0.6,,,0.6,1080392,2026-04-08T03:39:20.620007+00:00
146226,SUNUASSUR,2021-04-29,0.65,,,0.65,534100,2026-04-08T03:39:22.905871+00:00
146331,SUNUASSUR,2021-04-30,0.59,,,0.59,553000,2026-04-08T03:39:25.430976+00:00
146436,SUNUASSUR,2021-05-04,0.59,,,0.59,3986,2026-04-08T03:39:31.322792+00:00
146541,SUNUASSUR,2021-05-05,0.59,,,0.59,35600,2026-04-08T03:39:33.759587+00:00
146646,SUNUASSUR,2021-05-06,0.59,,,0.59,20000,2026-04-08T03:39:36.246061+00:00
146751,SUNUASSUR,2021-05-07,0.54,,,0.54,587144,2026-04-08T03:39:38.47254+00:00
146856,SUNUASSUR,2021-05-10,0.54,,,0.54,21040,2026-04-08T03:39:42.886326+00:00
146961,SUNUASSUR,2021-05-11,0.54,,,0.54,27040,2026-04-08T03:39:45.288668+00:00
147066,SUNUASSUR,2021-05-14,0.54,,,0.54,126924,2026-04-08T03:39:49.859206+00:00
147171,SUNUASSUR,2021-05-17,0.54,,,0.54,175767,2026-04-08T03:39:54.343913+00:00
147276,SUNUASSUR,2021-05-18,0.5,,,0.5,1518000,2026-04-08T03:39:57.092526+00:00
147381,SUNUASSUR,2021-05-19,0.52,,,0.52,109478,2026-04-08T03:39:59.433321+00:00
147486,SUNUASSUR,2021-05-20,0.47,,,0.47,1314992,2026-04-08T03:40:01.906518+00:00
147591,SUNUASSUR,2021-05-21,0.47,,,0.47,739800,2026-04-08T03:40:04.221824+00:00
147696,SUNUASSUR,2021-05-24,0.47,,,0.47,55880,2026-04-08T03:40:08.535937+00:00
147801,SUNUASSUR,2021-05-25,0.47,,,0.47,10851,2026-04-08T03:40:10.790359+00:00
147906,SUNUASSUR,2021-05-26,0.47,,,0.47,260,2026-04-08T03:40:13.088105+00:00
148011,SUNUASSUR,2021-05-27,0.47,,,0.47,3000,2026-04-08T03:40:15.774564+00:00
148116,SUNUASSUR,2021-05-28,0.47,,,0.47,100,2026-04-08T03:40:18.222614+00:00
148221,SUNUASSUR,2021-05-31,0.47,,,0.47,5040,2026-04-08T03:40:23.651574+00:00
148326,SUNUASSUR,2021-06-01,0.47,,,0.47,30000,2026-04-08T03:40:26.050454+00:00
148431,SUNUASSUR,2021-06-02,0.47,,,0.47,13280,2026-04-08T03:40:28.576306+00:00
148536,SUNUASSUR,2021-06-03,0.47,,,0.47,249303,2026-04-08T03:40:31.001459+00:00
148641,SUNUASSUR,2021-06-04,0.47,,,0.47,600,2026-04-08T03:40:33.442796+00:00
148746,SUNUASSUR,2021-06-07,0.47,,,0.47,0,2026-04-08T03:40:37.732645+00:00
148851,SUNUASSUR,2021-06-08,0.47,,,0.47,15520,2026-04-08T03:40:40.102423+00:00
148956,SUNUASSUR,2021-06-09,0.47,,,0.47,10000,2026-04-08T03:40:42.486352+00:00
149061,SUNUASSUR,2021-06-10,0.47,,,0.47,0,2026-04-08T03:40:45.029393+00:00
149166,SUNUASSUR,2021-06-11,0.47,,,0.47,0,2026-04-08T03:40:47.465669+00:00
149271,SUNUASSUR,2021-06-15,0.47,,,0.47,0,2026-04-08T03:40:53.415974+00:00
149376,SUNUASSUR,2021-06-16,0.47,,,0.47,0,2026-04-08T03:40:55.754681+00:00
149482,SUNUASSUR,2021-06-17,0.47,,,0.47,0,2026-04-08T03:40:58.172345+00:00
149588,SUNUASSUR,2021-06-18,0.47,,,0.47,100000,2026-04-08T03:41:00.479054+00:00
149694,SUNUASSUR,2021-06-21,0.47,,,0.47,100,2026-04-08T03:41:05.049703+00:00
149801,SUNUASSUR,2021-06-22,0.47,,,0.47,0,2026-04-08T03:41:07.444448+00:00
149908,SUNUASSUR,2021-06-23,0.47,,,0.47,19640,2026-04-08T03:41:09.819069+00:00
150015,SUNUASSUR,2021-06-24,0.47,,,0.47,12000,2026-04-08T03:41:12.2583+00:00
150122,SUNUASSUR,2021-06-25,0.47,,,0.47,0,2026-04-08T03:41:14.6351+00:00
150229,SUNUASSUR,2021-06-28,0.47,,,0.47,0,2026-04-08T03:41:19.428749+00:00
150336,SUNUASSUR,2021-06-29,0.47,,,0.47,0,2026-04-08T03:41:22.147646+00:00
150443,SUNUASSUR,2021-06-30,0.47,,,0.47,0,2026-04-08T03:41:24.723581+00:00
150550,SUNUASSUR,2021-07-01,0.47,,,0.47,50000,2026-04-08T03:41:27.253573+00:00
150657,SUNUASSUR,2021-07-02,0.47,,,0.47,0,2026-04-08T03:41:29.882533+00:00
150764,SUNUASSUR,2021-07-05,0.47,,,0.47,2000,2026-04-08T03:41:34.454391+00:00
150871,SUNUASSUR,2021-07-06,0.47,,,0.47,0,2026-04-08T03:41:36.982623+00:00
150978,SUNUASSUR,2021-07-07,0.47,,,0.47,742799,2026-04-08T03:41:39.307643+00:00
151085,SUNUASSUR,2021-07-08,0.47,,,0.47,45080,2026-04-08T03:41:41.672436+00:00
151193,SUNUASSUR,2021-07-09,0.47,,,0.47,1101501,2026-04-08T03:41:44.186247+00:00
151301,SUNUASSUR,2021-07-12,0.47,,,0.47,500,2026-04-08T03:41:48.615121+00:00
151409,SUNUASSUR,2021-07-13,0.47,,,0.47,200700,2026-04-08T03:41:50.993586+00:00
151517,SUNUASSUR,2021-07-14,0.47,,,0.47,3000,2026-04-08T03:41:53.268+00:00
151625,SUNUASSUR,2021-07-15,0.47,,,0.47,0,2026-04-08T03:41:55.50175+00:00
151733,SUNUASSUR,2021-07-16,0.47,,,0.47,56189,2026-04-08T03:41:57.978751+00:00
151841,SUNUASSUR,2021-07-19,0.47,,,0.47,968350,2026-04-08T03:42:02.439681+00:00
151949,SUNUASSUR,2021-07-22,0.47,,,0.47,150000,2026-04-08T03:42:06.938387+00:00
152057,SUNUASSUR,2021-07-23,0.47,,,0.47,10756,2026-04-08T03:42:09.224536+00:00
152165,SUNUASSUR,2021-07-26,0.49,,,0.49,126000,2026-04-08T03:42:13.888963+00:00
152273,SUNUASSUR,2021-07-27,0.49,,,0.49,50685,2026-04-08T03:42:16.300026+00:00
152381,SUNUASSUR,2021-07-28,0.49,,,0.49,41800,2026-04-08T03:42:18.733972+00:00
152489,SUNUASSUR,2021-07-29,0.49,,,0.49,103998,2026-04-08T03:42:21.196071+00:00
152597,SUNUASSUR,2021-07-30,0.45,,,0.45,840350,2026-04-08T03:42:23.780537+00:00
152705,SUNUASSUR,2021-08-02,0.45,,,0.45,20000,2026-04-08T03:42:28.457705+00:00
152813,SUNUASSUR,2021-08-03,0.45,,,0.45,18963,2026-04-08T03:42:31.094462+00:00
152921,SUNUASSUR,2021-08-04,0.45,,,0.45,1104578,2026-04-08T03:42:33.531563+00:00
153029,SUNUASSUR,2021-08-05,0.45,,,0.45,48800,2026-04-08T03:42:35.917081+00:00
153137,SUNUASSUR,2021-08-06,0.45,,,0.45,4934,2026-04-08T03:42:38.23616+00:00
153245,SUNUASSUR,2021-08-09,0.47,,,0.47,3071500,2026-04-08T03:42:42.878342+00:00
153353,SUNUASSUR,2021-08-10,0.45,,,0.45,670439,2026-04-08T03:42:45.264053+00:00
153461,SUNUASSUR,2021-08-12,0.45,,,0.45,156700,2026-04-08T03:42:48.762656+00:00
153569,SUNUASSUR,2021-08-13,0.45,,,0.45,212759,2026-04-08T03:42:51.120096+00:00
153677,SUNUASSUR,2021-08-16,0.45,,,0.45,0,2026-04-08T03:42:55.556429+00:00
153785,SUNUASSUR,2021-08-17,0.45,,,0.45,11000,2026-04-08T03:42:57.870214+00:00
153893,SUNUASSUR,2021-08-18,0.45,,,0.45,0,2026-04-08T03:43:00.318272+00:00
154001,SUNUASSUR,2021-08-19,0.45,,,0.45,0,2026-04-08T03:43:02.743698+00:00
154109,SUNUASSUR,2021-08-20,0.45,,,0.45,98800,2026-04-08T03:43:05.111187+00:00
154217,SUNUASSUR,2021-08-23,0.45,,,0.45,0,2026-04-08T03:43:09.725908+00:00
154325,SUNUASSUR,2021-08-24,0.45,,,0.45,0,2026-04-08T03:43:12.031989+00:00
154433,SUNUASSUR,2021-08-25,0.45,,,0.45,0,2026-04-08T03:43:14.375004+00:00
154541,SUNUASSUR,2021-08-26,0.45,,,0.45,0,2026-04-08T03:43:16.860503+00:00
154649,SUNUASSUR,2021-08-27,0.45,,,0.45,0,2026-04-08T03:43:19.247601+00:00
154757,SUNUASSUR,2021-08-30,0.45,,,0.45,0,2026-04-08T03:43:23.756871+00:00
154865,SUNUASSUR,2021-08-31,0.45,,,0.45,0,2026-04-08T03:43:26.203018+00:00
154973,SUNUASSUR,2021-09-01,0.45,,,0.45,0,2026-04-08T03:43:28.430514+00:00
155081,SUNUASSUR,2021-09-02,0.45,,,0.45,3200,2026-04-08T03:43:30.63423+00:00
155189,SUNUASSUR,2021-09-03,0.45,,,0.45,0,2026-04-08T03:43:33.173741+00:00
155297,SUNUASSUR,2021-09-06,0.45,,,0.45,0,2026-04-08T03:43:37.566628+00:00
155405,SUNUASSUR,2021-09-07,0.45,,,0.45,0,2026-04-08T03:43:39.870652+00:00
155513,SUNUASSUR,2021-09-08,0.45,,,0.45,0,2026-04-08T03:43:42.125577+00:00
155621,SUNUASSUR,2021-09-09,0.45,,,0.45,0,2026-04-08T03:43:44.739177+00:00
155729,SUNUASSUR,2021-09-10,0.45,,,0.45,0,2026-04-08T03:43:47.339386+00:00
155837,SUNUASSUR,2021-09-13,0.45,,,0.45,100,2026-04-08T03:43:51.822078+00:00
155945,SUNUASSUR,2021-09-14,0.45,,,0.45,0,2026-04-08T03:43:54.260371+00:00
156053,SUNUASSUR,2021-09-15,0.45,,,0.45,0,2026-04-08T03:43:56.896801+00:00
156161,SUNUASSUR,2021-09-16,0.45,,,0.45,0,2026-04-08T03:43:59.227477+00:00
156269,SUNUASSUR,2021-09-20,0.45,,,0.45,0,2026-04-08T03:44:04.993721+00:00
156377,SUNUASSUR,2021-09-21,0.45,,,0.45,2000,2026-04-08T03:44:07.727357+00:00
156485,SUNUASSUR,2021-09-22,0.45,,,0.45,0,2026-04-08T03:44:10.239254+00:00
156593,SUNUASSUR,2021-09-23,0.45,,,0.45,0,2026-04-08T03:44:12.661605+00:00
156701,SUNUASSUR,2021-09-24,0.45,,,0.45,0,2026-04-08T03:44:15.34542+00:00
156809,SUNUASSUR,2021-09-27,0.45,,,0.45,0,2026-04-08T03:44:19.850483+00:00
156917,SUNUASSUR,2021-09-28,0.45,,,0.45,40000,2026-04-08T03:44:22.678655+00:00
157025,SUNUASSUR,2021-09-29,0.45,,,0.45,1400,2026-04-08T03:44:25.133662+00:00
157133,SUNUASSUR,2021-09-30,0.45,,,0.45,0,2026-04-08T03:44:27.471646+00:00
157241,SUNUASSUR,2021-10-04,0.45,,,0.45,50001,2026-04-08T03:44:32.876267+00:00
157349,SUNUASSUR,2021-10-05,0.45,,,0.45,100000,2026-04-08T03:44:35.445743+00:00
157457,SUNUASSUR,2021-10-06,0.45,,,0.45,0,2026-04-08T03:44:37.876116+00:00
157565,SUNUASSUR,2021-10-07,0.45,,,0.45,0,2026-04-08T03:44:40.206594+00:00
157673,SUNUASSUR,2021-10-08,0.45,,,0.45,2000,2026-04-08T03:44:42.63936+00:00
157781,SUNUASSUR,2021-10-11,0.45,,,0.45,0,2026-04-08T03:44:47.21782+00:00
157889,SUNUASSUR,2021-10-12,0.45,,,0.45,20,2026-04-08T03:44:49.55017+00:00
157997,SUNUASSUR,2021-10-13,0.45,,,0.45,0,2026-04-08T03:44:52.157785+00:00
158105,SUNUASSUR,2021-10-14,0.45,,,0.45,0,2026-04-08T03:44:54.53471+00:00
158213,SUNUASSUR,2021-10-15,0.45,,,0.45,0,2026-04-08T03:44:56.91657+00:00
158322,SUNUASSUR,2021-10-18,0.45,,,0.45,25000,2026-04-08T03:45:01.595863+00:00
158431,SUNUASSUR,2021-10-20,0.45,,,0.45,0,2026-04-08T03:45:05.471144+00:00
158540,SUNUASSUR,2021-10-21,0.45,,,0.45,0,2026-04-08T03:45:08.008029+00:00
158647,SUNUASSUR,2021-10-22,0.45,,,0.45,0,2026-04-08T03:45:10.474564+00:00
158756,SUNUASSUR,2021-10-25,0.45,,,0.45,0,2026-04-08T03:45:15.28358+00:00
158865,SUNUASSUR,2021-10-26,0.45,,,0.45,0,2026-04-08T03:45:17.74539+00:00
158974,SUNUASSUR,2021-10-27,0.45,,,0.45,4182,2026-04-08T03:45:20.303823+00:00
159083,SUNUASSUR,2021-10-28,0.45,,,0.45,11151,2026-04-08T03:45:22.610226+00:00
159192,SUNUASSUR,2021-10-29,0.45,,,0.45,0,2026-04-08T03:45:25.013779+00:00
159301,SUNUASSUR,2021-11-01,0.45,,,0.45,52000,2026-04-08T03:45:29.747778+00:00
159410,SUNUASSUR,2021-11-02,0.45,,,0.45,52163,2026-04-08T03:45:32.292585+00:00
159519,SUNUASSUR,2021-11-03,0.45,,,0.45,26,2026-04-08T03:45:34.604091+00:00
159628,SUNUASSUR,2021-11-04,0.45,,,0.45,0,2026-04-08T03:45:37.086301+00:00
159737,SUNUASSUR,2021-11-05,0.45,,,0.45,0,2026-04-08T03:45:39.522081+00:00
159846,SUNUASSUR,2021-11-08,0.45,,,0.45,100,2026-04-08T03:45:44.061968+00:00
159955,SUNUASSUR,2021-11-10,0.45,,,0.45,0,2026-04-08T03:45:47.530577+00:00
160064,SUNUASSUR,2021-11-11,0.45,,,0.45,8000,2026-04-08T03:45:49.990111+00:00
160173,SUNUASSUR,2021-11-12,0.45,,,0.45,0,2026-04-08T03:45:52.531373+00:00
160282,SUNUASSUR,2021-11-15,0.45,,,0.45,0,2026-04-08T03:45:57.041913+00:00
160391,SUNUASSUR,2021-11-17,0.45,,,0.45,0,2026-04-08T03:46:00.536124+00:00
160500,SUNUASSUR,2021-11-18,0.45,,,0.45,300,2026-04-08T03:46:03.012698+00:00
160609,SUNUASSUR,2021-11-19,0.45,,,0.45,9000,2026-04-08T03:46:05.423699+00:00
160718,SUNUASSUR,2021-11-22,0.45,,,0.45,0,2026-04-08T03:46:10.306395+00:00
160827,SUNUASSUR,2021-11-23,0.45,,,0.45,0,2026-04-08T03:46:12.888041+00:00
160936,SUNUASSUR,2021-11-24,0.45,,,0.45,0,2026-04-08T03:46:15.261589+00:00
161045,SUNUASSUR,2021-11-25,0.45,,,0.45,0,2026-04-08T03:46:17.544601+00:00
161154,SUNUASSUR,2021-11-29,0.45,,,0.45,0,2026-04-08T03:46:23.244686+00:00
161263,SUNUASSUR,2021-11-30,0.45,,,0.45,0,2026-04-08T03:46:25.627389+00:00
161372,SUNUASSUR,2021-12-01,0.45,,,0.45,0,2026-04-08T03:46:28.190956+00:00
161481,SUNUASSUR,2021-12-02,0.45,,,0.45,0,2026-04-08T03:46:30.651544+00:00
161590,SUNUASSUR,2021-12-03,0.45,,,0.45,0,2026-04-08T03:46:33.124129+00:00
161699,SUNUASSUR,2021-12-06,0.45,,,0.45,600,2026-04-08T03:46:37.622095+00:00
161808,SUNUASSUR,2021-12-07,0.45,,,0.45,2382,2026-04-08T03:46:39.947423+00:00
161917,SUNUASSUR,2021-12-08,0.45,,,0.45,0,2026-04-08T03:46:42.482337+00:00
162026,SUNUASSUR,2021-12-09,0.45,,,0.45,0,2026-04-08T03:46:44.852467+00:00
162135,SUNUASSUR,2021-12-10,0.45,,,0.45,10052,2026-04-08T03:46:47.321476+00:00
162245,SUNUASSUR,2021-12-13,0.45,,,0.45,0,2026-04-08T03:46:51.775824+00:00
162355,SUNUASSUR,2021-12-14,0.45,,,0.45,0,2026-04-08T03:46:54.126877+00:00
162465,SUNUASSUR,2021-12-15,0.45,,,0.45,94000,2026-04-08T03:46:56.822916+00:00
162575,SUNUASSUR,2021-12-16,0.45,,,0.45,0,2026-04-08T03:46:59.215115+00:00
162685,SUNUASSUR,2021-12-17,0.45,,,0.45,0,2026-04-08T03:47:01.752329+00:00
162796,SUNUASSUR,2021-12-20,0.45,,,0.45,21000,2026-04-08T03:47:06.293287+00:00
162907,SUNUASSUR,2021-12-21,0.45,,,0.45,25044,2026-04-08T03:47:08.729464+00:00
163018,SUNUASSUR,2021-12-22,0.45,,,0.45,0,2026-04-08T03:47:11.106283+00:00
163129,SUNUASSUR,2021-12-23,0.45,,,0.45,0,2026-04-08T03:47:13.420215+00:00
163240,SUNUASSUR,2021-12-24,0.45,,,0.45,196,2026-04-08T03:47:15.708642+00:00
163351,SUNUASSUR,2021-12-29,0.45,,,0.45,0,2026-04-08T03:47:22.624079+00:00
163462,SUNUASSUR,2021-12-30,0.45,,,0.45,0,2026-04-08T03:47:25.019388+00:00
163573,SUNUASSUR,2021-12-31,0.45,,,0.45,0,2026-04-08T03:47:27.803632+00:00
163684,SUNUASSUR,2022-01-04,0.41,,,0.41,250310,2026-04-08T03:47:33.190226+00:00
163796,SUNUASSUR,2022-01-05,0.41,,,0.41,6600,2026-04-08T03:47:35.481449+00:00
163908,SUNUASSUR,2022-01-06,0.37,,,0.37,127974,2026-04-08T03:47:38.067383+00:00
164020,SUNUASSUR,2022-01-07,0.37,,,0.37,0,2026-04-08T03:47:40.483305+00:00
164132,SUNUASSUR,2022-01-10,0.37,,,0.37,1000,2026-04-08T03:47:45.097739+00:00
164244,SUNUASSUR,2022-01-11,0.37,,,0.37,0,2026-04-08T03:47:47.617941+00:00
164356,SUNUASSUR,2022-01-12,0.34,,,0.34,517997,2026-04-08T03:47:50.132225+00:00
164468,SUNUASSUR,2022-01-13,0.34,,,0.34,352313,2026-04-08T03:47:52.673244+00:00
164580,SUNUASSUR,2022-01-14,0.31,,,0.31,100000,2026-04-08T03:47:55.308832+00:00
164692,SUNUASSUR,2022-01-17,0.34,,,0.34,313041,2026-04-08T03:47:59.999655+00:00
164804,SUNUASSUR,2022-01-18,0.32,,,0.32,582519,2026-04-08T03:48:02.353596+00:00
164916,SUNUASSUR,2022-01-19,0.32,,,0.32,72000,2026-04-08T03:48:04.820784+00:00
165028,SUNUASSUR,2022-01-20,0.32,,,0.32,12020,2026-04-08T03:48:07.325935+00:00
165140,SUNUASSUR,2022-01-21,0.31,,,0.31,636000,2026-04-08T03:48:09.696329+00:00
165252,SUNUASSUR,2022-01-24,0.31,,,0.31,30000,2026-04-08T03:48:14.136661+00:00
165364,SUNUASSUR,2022-01-25,0.31,,,0.31,13631,2026-04-08T03:48:16.50614+00:00
165476,SUNUASSUR,2022-01-26,0.3,,,0.3,480626,2026-04-08T03:48:19.024911+00:00
165588,SUNUASSUR,2022-01-27,0.3,,,0.3,19840,2026-04-08T03:48:21.585909+00:00
165700,SUNUASSUR,2022-01-28,0.3,,,0.3,52250,2026-04-08T03:48:23.969021+00:00
165812,SUNUASSUR,2022-01-31,0.3,,,0.3,27763,2026-04-08T03:48:28.465348+00:00
165924,SUNUASSUR,2022-02-01,0.3,,,0.3,373000,2026-04-08T03:48:30.807911+00:00
166036,SUNUASSUR,2022-02-02,0.3,,,0.3,36200,2026-04-08T03:48:33.305516+00:00
166148,SUNUASSUR,2022-02-03,0.3,,,0.3,28000,2026-04-08T03:48:35.918914+00:00
166260,SUNUASSUR,2022-02-04,0.3,,,0.3,32709,2026-04-08T03:48:38.317721+00:00
166372,SUNUASSUR,2022-02-07,0.33,,,0.33,1339400,2026-04-08T03:48:42.904693+00:00
166484,SUNUASSUR,2022-02-08,0.36,,,0.36,214995,2026-04-08T03:48:45.378139+00:00
166596,SUNUASSUR,2022-02-09,0.39,,,0.39,1115104,2026-04-08T03:48:48.035665+00:00
166708,SUNUASSUR,2022-02-10,0.39,,,0.39,2568668,2026-04-08T03:48:50.398564+00:00
166820,SUNUASSUR,2022-02-11,0.39,,,0.39,150000,2026-04-08T03:48:52.774016+00:00
166932,SUNUASSUR,2022-02-14,0.39,,,0.39,178050,2026-04-08T03:48:57.293433+00:00
167044,SUNUASSUR,2022-02-15,0.39,,,0.39,14000,2026-04-08T03:48:59.662493+00:00
167156,SUNUASSUR,2022-02-16,0.39,,,0.39,27932,2026-04-08T03:49:02.003783+00:00
167268,SUNUASSUR,2022-02-17,0.39,,,0.39,50000,2026-04-08T03:49:04.32656+00:00
167380,SUNUASSUR,2022-02-18,0.39,,,0.39,11800,2026-04-08T03:49:06.711382+00:00
167492,SUNUASSUR,2022-02-21,0.39,,,0.39,336552,2026-04-08T03:49:10.978464+00:00
167604,SUNUASSUR,2022-02-22,0.39,,,0.39,28000,2026-04-08T03:49:13.528869+00:00
167716,SUNUASSUR,2022-02-23,0.39,,,0.39,37103,2026-04-08T03:49:15.914345+00:00
167828,SUNUASSUR,2022-02-24,0.39,,,0.39,2000,2026-04-08T03:49:18.676795+00:00
167940,SUNUASSUR,2022-02-25,0.39,,,0.39,68112,2026-04-08T03:49:21.264729+00:00
168052,SUNUASSUR,2022-02-28,0.42,,,0.42,378608,2026-04-08T03:49:25.620712+00:00
168164,SUNUASSUR,2022-03-01,0.39,,,0.39,1109287,2026-04-08T03:49:28.049171+00:00
168276,SUNUASSUR,2022-03-02,0.39,,,0.39,7519,2026-04-08T03:49:30.283109+00:00
168388,SUNUASSUR,2022-03-03,0.39,,,0.39,54931,2026-04-08T03:49:32.551227+00:00
168500,SUNUASSUR,2022-03-04,0.39,,,0.39,13400,2026-04-08T03:49:34.968546+00:00
168612,SUNUASSUR,2022-03-07,0.39,,,0.39,0,2026-04-08T03:49:39.227432+00:00
168724,SUNUASSUR,2022-03-08,0.39,,,0.39,3437,2026-04-08T03:49:41.475537+00:00
168836,SUNUASSUR,2022-03-09,0.39,,,0.39,0,2026-04-08T03:49:43.759827+00:00
168948,SUNUASSUR,2022-03-10,0.39,,,0.39,51555,2026-04-08T03:49:46.077826+00:00
169060,SUNUASSUR,2022-03-11,0.39,,,0.39,10300,2026-04-08T03:49:48.438529+00:00
169172,SUNUASSUR,2022-03-14,0.39,,,0.39,21170,2026-04-08T03:49:53.114563+00:00
169284,SUNUASSUR,2022-03-15,0.39,,,0.39,0,2026-04-08T03:49:55.533531+00:00
169396,SUNUASSUR,2022-03-16,0.39,,,0.39,300,2026-04-08T03:49:57.903122+00:00
169508,SUNUASSUR,2022-03-17,0.39,,,0.39,0,2026-04-08T03:50:00.211329+00:00
169620,SUNUASSUR,2022-03-18,0.39,,,0.39,400,2026-04-08T03:50:02.865266+00:00
169732,SUNUASSUR,2022-03-21,0.39,,,0.39,600,2026-04-08T03:50:07.476142+00:00
169844,SUNUASSUR,2022-03-24,0.39,,,0.39,0,2026-04-08T03:50:12.041871+00:00
169956,SUNUASSUR,2022-03-25,0.39,,,0.39,293393,2026-04-08T03:50:14.507747+00:00
170068,SUNUASSUR,2022-03-28,0.39,,,0.39,40798,2026-04-08T03:50:18.995306+00:00
170180,SUNUASSUR,2022-03-29,0.39,,,0.39,0,2026-04-08T03:50:21.48252+00:00
170292,SUNUASSUR,2022-03-31,0.39,,,0.39,5223,2026-04-08T03:50:25.686443+00:00
170404,SUNUASSUR,2022-04-01,0.39,,,0.39,21455,2026-04-08T03:50:28.209626+00:00
170516,SUNUASSUR,2022-04-04,0.39,,,0.39,5100,2026-04-08T03:50:32.692631+00:00
170628,SUNUASSUR,2022-04-05,0.39,,,0.39,7991,2026-04-08T03:50:35.152392+00:00
170740,SUNUASSUR,2022-04-06,0.39,,,0.39,0,2026-04-08T03:50:37.478667+00:00
170852,SUNUASSUR,2022-04-07,0.39,,,0.39,13000,2026-04-08T03:50:39.880974+00:00
170964,SUNUASSUR,2022-04-08,0.39,,,0.39,0,2026-04-08T03:50:42.48638+00:00
171076,SUNUASSUR,2022-04-11,0.39,,,0.39,0,2026-04-08T03:50:47.197044+00:00
171188,SUNUASSUR,2022-04-12,0.39,,,0.39,19,2026-04-08T03:50:49.473284+00:00
171300,SUNUASSUR,2022-04-13,0.36,,,0.36,341422,2026-04-08T03:50:51.878986+00:00
171412,SUNUASSUR,2022-04-14,0.36,,,0.36,13000,2026-04-08T03:50:54.439705+00:00
171524,SUNUASSUR,2022-04-19,0.36,,,0.36,17100,2026-04-08T03:51:01.439974+00:00
171636,SUNUASSUR,2022-04-20,0.33,,,0.33,4019400,2026-04-08T03:51:03.698116+00:00
171748,SUNUASSUR,2022-04-21,0.33,,,0.33,2000,2026-04-08T03:51:06.083072+00:00
171860,SUNUASSUR,2022-04-22,0.33,,,0.33,220194,2026-04-08T03:51:08.393199+00:00
171972,SUNUASSUR,2022-04-25,0.33,,,0.33,7800,2026-04-08T03:51:12.880327+00:00
172084,SUNUASSUR,2022-04-26,0.33,,,0.33,0,2026-04-08T03:51:15.284155+00:00
172196,SUNUASSUR,2022-04-27,0.33,,,0.33,1122550,2026-04-08T03:51:17.680395+00:00
172308,SUNUASSUR,2022-04-28,0.33,,,0.33,26148,2026-04-08T03:51:20.413235+00:00
172420,SUNUASSUR,2022-04-29,0.33,,,0.33,0,2026-04-08T03:51:22.882631+00:00
172532,SUNUASSUR,2022-05-04,0.33,,,0.33,0,2026-04-08T03:51:29.674847+00:00
172644,SUNUASSUR,2022-05-05,0.33,,,0.33,0,2026-04-08T03:51:32.050072+00:00
172757,SUNUASSUR,2022-05-09,0.31,,,0.31,502144,2026-04-08T03:51:37.853933+00:00
172870,SUNUASSUR,2022-05-10,0.32,,,0.32,494785,2026-04-08T03:51:40.332012+00:00
172983,SUNUASSUR,2022-05-11,0.32,,,0.32,165876,2026-04-08T03:51:42.74313+00:00
173096,SUNUASSUR,2022-05-12,0.32,,,0.32,5000,2026-04-08T03:51:45.11326+00:00
173209,SUNUASSUR,2022-05-13,0.32,,,0.32,4451,2026-04-08T03:51:47.585464+00:00
173322,SUNUASSUR,2022-05-16,0.32,,,0.32,18552,2026-04-08T03:51:52.042574+00:00
173435,SUNUASSUR,2022-05-17,0.32,,,0.32,3000,2026-04-08T03:51:54.492158+00:00
173548,SUNUASSUR,2022-05-18,0.32,,,0.32,10437,2026-04-08T03:51:57.297116+00:00
173661,SUNUASSUR,2022-05-19,0.32,,,0.32,22036,2026-04-08T03:51:59.624655+00:00
173774,SUNUASSUR,2022-05-20,0.32,,,0.32,0,2026-04-08T03:52:02.40298+00:00
173887,SUNUASSUR,2022-05-23,0.32,,,0.32,1000,2026-04-08T03:52:07.648814+00:00
174000,SUNUASSUR,2022-05-24,0.32,,,0.32,38500,2026-04-08T03:52:10.277037+00:00
174113,SUNUASSUR,2022-05-25,0.32,,,0.32,440,2026-04-08T03:52:13.066486+00:00
174226,SUNUASSUR,2022-05-26,0.32,,,0.32,10400,2026-04-08T03:52:15.508934+00:00
174339,SUNUASSUR,2022-05-27,0.32,,,0.32,0,2026-04-08T03:52:18.156913+00:00
174452,SUNUASSUR,2022-05-30,0.32,,,0.32,6200,2026-04-08T03:52:22.656757+00:00
174565,SUNUASSUR,2022-05-31,0.32,,,0.32,0,2026-04-08T03:52:25.114026+00:00
174678,SUNUASSUR,2022-06-01,0.32,,,0.32,4000,2026-04-08T03:52:27.834682+00:00
174791,SUNUASSUR,2022-06-02,0.32,,,0.32,0,2026-04-08T03:52:30.493727+00:00
174904,SUNUASSUR,2022-06-03,0.32,,,0.32,12744,2026-04-08T03:52:33.10221+00:00
175017,SUNUASSUR,2022-06-06,0.32,,,0.32,24069,2026-04-08T03:52:37.969718+00:00
175130,SUNUASSUR,2022-06-07,0.32,,,0.32,3293,2026-04-08T03:52:40.734023+00:00
175243,SUNUASSUR,2022-06-08,0.32,,,0.32,0,2026-04-08T03:52:43.634804+00:00
175356,SUNUASSUR,2022-06-09,0.32,,,0.32,55430,2026-04-08T03:52:46.431396+00:00
175469,SUNUASSUR,2022-06-10,0.32,,,0.32,0,2026-04-08T03:52:48.916453+00:00
175582,SUNUASSUR,2022-06-14,0.35,,,0.35,143377,2026-04-08T03:52:55.08065+00:00
175695,SUNUASSUR,2022-06-15,0.35,,,0.35,46490,2026-04-08T03:52:57.782204+00:00
175808,SUNUASSUR,2022-06-16,0.35,,,0.35,28480,2026-04-08T03:53:00.45527+00:00
175921,SUNUASSUR,2022-06-17,0.35,,,0.35,55505,2026-04-08T03:53:03.647185+00:00
176034,SUNUASSUR,2022-06-20,0.35,,,0.35,112500,2026-04-08T03:53:09.449588+00:00
176147,SUNUASSUR,2022-06-21,0.35,,,0.35,800,2026-04-08T03:53:11.833027+00:00
176260,SUNUASSUR,2022-06-22,0.35,,,0.35,26300,2026-04-08T03:53:14.63862+00:00
176373,SUNUASSUR,2022-06-23,0.35,,,0.35,0,2026-04-08T03:53:17.250825+00:00
176486,SUNUASSUR,2022-06-24,0.35,,,0.35,400,2026-04-08T03:53:19.718295+00:00
176599,SUNUASSUR,2022-06-27,0.35,,,0.35,0,2026-04-08T03:53:24.073012+00:00
176712,SUNUASSUR,2022-06-28,0.35,,,0.35,6000,2026-04-08T03:53:26.399159+00:00
176825,SUNUASSUR,2022-06-29,0.35,,,0.35,24000,2026-04-08T03:53:28.994117+00:00
176938,SUNUASSUR,2022-06-30,0.35,,,0.35,0,2026-04-08T03:53:31.346855+00:00
177051,SUNUASSUR,2022-07-01,0.35,,,0.35,0,2026-04-08T03:53:33.724657+00:00
177164,SUNUASSUR,2022-07-04,0.35,,,0.35,0,2026-04-08T03:53:38.198731+00:00
177277,SUNUASSUR,2022-07-06,0.35,,,0.35,4300,2026-04-08T03:53:41.625349+00:00
177390,SUNUASSUR,2022-07-07,0.35,,,0.35,16912,2026-04-08T03:53:44.268487+00:00
177503,SUNUASSUR,2022-07-13,0.35,,,0.35,1248,2026-04-08T03:53:51.5999+00:00
177616,SUNUASSUR,2022-07-14,0.35,,,0.35,600,2026-04-08T03:53:54.010732+00:00
177729,SUNUASSUR,2022-07-15,0.35,,,0.35,0,2026-04-08T03:53:56.616585+00:00
177842,SUNUASSUR,2022-07-18,0.35,,,0.35,46760,2026-04-08T03:54:01.214275+00:00
177955,SUNUASSUR,2022-07-19,0.35,,,0.35,0,2026-04-08T03:54:03.665978+00:00
178068,SUNUASSUR,2022-07-20,0.35,,,0.35,1315,2026-04-08T03:54:06.203384+00:00
178181,SUNUASSUR,2022-07-21,0.35,,,0.35,3800,2026-04-08T03:54:08.685258+00:00
178294,SUNUASSUR,2022-07-22,0.35,,,0.35,76420,2026-04-08T03:54:11.171489+00:00
178407,SUNUASSUR,2022-07-25,0.35,,,0.35,50000,2026-04-08T03:54:15.900169+00:00
178520,SUNUASSUR,2022-07-26,0.35,,,0.35,0,2026-04-08T03:54:18.382379+00:00
178633,SUNUASSUR,2022-07-27,0.35,,,0.35,0,2026-04-08T03:54:20.730044+00:00
178746,SUNUASSUR,2022-07-28,0.35,,,0.35,6000,2026-04-08T03:54:23.385493+00:00
178859,SUNUASSUR,2022-07-29,0.35,,,0.35,0,2026-04-08T03:54:25.692024+00:00
178972,SUNUASSUR,2022-08-01,0.35,,,0.35,1000,2026-04-08T03:54:30.144665+00:00
179085,SUNUASSUR,2022-08-02,0.35,,,0.35,0,2026-04-08T03:54:32.509592+00:00
179198,SUNUASSUR,2022-08-03,0.35,,,0.35,2000,2026-04-08T03:54:34.924873+00:00
179311,SUNUASSUR,2022-08-04,0.35,,,0.35,3000,2026-04-08T03:54:37.32089+00:00
179424,SUNUASSUR,2022-08-05,0.35,,,0.35,0,2026-04-08T03:54:40.805957+00:00
179537,SUNUASSUR,2022-08-08,0.35,,,0.35,20000,2026-04-08T03:54:45.81173+00:00
179650,SUNUASSUR,2022-08-09,0.35,,,0.35,5000,2026-04-08T03:54:48.637408+00:00
179763,SUNUASSUR,2022-08-10,0.35,,,0.35,25000,2026-04-08T03:54:51.561754+00:00
179876,SUNUASSUR,2022-08-11,0.35,,,0.35,0,2026-04-08T03:54:54.196076+00:00
179989,SUNUASSUR,2022-08-12,0.35,,,0.35,700,2026-04-08T03:54:57.115593+00:00
180102,SUNUASSUR,2022-08-15,0.35,,,0.35,12000,2026-04-08T03:55:01.874457+00:00
180215,SUNUASSUR,2022-08-16,0.35,,,0.35,0,2026-04-08T03:55:04.540652+00:00
180328,SUNUASSUR,2022-08-17,0.35,,,0.35,12400,2026-04-08T03:55:07.214991+00:00
180441,SUNUASSUR,2022-08-18,0.35,,,0.35,0,2026-04-08T03:55:09.916723+00:00
180554,SUNUASSUR,2022-08-19,0.35,,,0.35,12100,2026-04-08T03:55:12.400686+00:00
180667,SUNUASSUR,2022-08-22,0.35,,,0.35,0,2026-04-08T03:55:17.568382+00:00
180780,SUNUASSUR,2022-08-23,0.35,,,0.35,0,2026-04-08T03:55:19.990422+00:00
180893,SUNUASSUR,2022-08-24,0.35,,,0.35,14000,2026-04-08T03:55:23.644905+00:00
181006,SUNUASSUR,2022-08-25,0.35,,,0.35,22000,2026-04-08T03:55:26.062264+00:00
181119,SUNUASSUR,2022-08-26,0.35,,,0.35,3000,2026-04-08T03:55:28.378019+00:00
181232,SUNUASSUR,2022-08-29,0.35,,,0.35,7190,2026-04-08T03:55:33.185942+00:00
181345,SUNUASSUR,2022-08-30,0.35,,,0.35,16200,2026-04-08T03:55:35.909469+00:00
181458,SUNUASSUR,2022-08-31,0.35,,,0.35,0,2026-04-08T03:55:38.363566+00:00
181571,SUNUASSUR,2022-09-01,0.35,,,0.35,0,2026-04-08T03:55:40.868139+00:00
181684,SUNUASSUR,2022-09-02,0.35,,,0.35,0,2026-04-08T03:55:43.232165+00:00
181797,SUNUASSUR,2022-09-05,0.35,,,0.35,0,2026-04-08T03:55:48.110555+00:00
181910,SUNUASSUR,2022-09-06,0.35,,,0.35,59000,2026-04-08T03:55:50.526892+00:00
182023,SUNUASSUR,2022-09-07,0.35,,,0.35,0,2026-04-08T03:55:53.051287+00:00
182136,SUNUASSUR,2022-09-08,0.35,,,0.35,0,2026-04-08T03:55:55.74031+00:00
182249,SUNUASSUR,2022-09-09,0.35,,,0.35,0,2026-04-08T03:55:58.848563+00:00
182362,SUNUASSUR,2022-09-12,0.35,,,0.35,6000,2026-04-08T03:56:03.370953+00:00
182475,SUNUASSUR,2022-09-13,0.35,,,0.35,0,2026-04-08T03:56:05.83654+00:00
182588,SUNUASSUR,2022-09-14,0.35,,,0.35,0,2026-04-08T03:56:08.091672+00:00
182701,SUNUASSUR,2022-09-16,0.35,,,0.35,0,2026-04-08T03:56:11.4683+00:00
182814,SUNUASSUR,2022-09-19,0.35,,,0.35,0,2026-04-08T03:56:15.923342+00:00
182927,SUNUASSUR,2022-09-20,0.35,,,0.35,0,2026-04-08T03:56:18.184056+00:00
183040,SUNUASSUR,2022-09-21,0.35,,,0.35,0,2026-04-08T03:56:20.42724+00:00
183153,SUNUASSUR,2022-09-22,0.35,,,0.35,0,2026-04-08T03:56:22.767495+00:00
183266,SUNUASSUR,2022-09-23,0.32,,,0.32,184814,2026-04-08T03:56:25.066978+00:00
183379,SUNUASSUR,2022-09-26,0.32,,,0.32,51088,2026-04-08T03:56:29.379703+00:00
183492,SUNUASSUR,2022-09-28,0.32,,,0.32,4600,2026-04-08T03:56:32.717753+00:00
183605,SUNUASSUR,2022-09-29,0.32,,,0.32,70300,2026-04-08T03:56:35.489047+00:00
183718,SUNUASSUR,2022-09-30,0.32,,,0.32,25000,2026-04-08T03:56:37.947618+00:00
183831,SUNUASSUR,2022-10-05,0.32,,,0.32,0,2026-04-08T03:56:44.538147+00:00
183945,SUNUASSUR,2022-10-06,0.32,,,0.32,40000,2026-04-08T03:56:46.932693+00:00
184059,SUNUASSUR,2022-10-07,0.32,,,0.32,0,2026-04-08T03:56:49.334037+00:00
184173,SUNUASSUR,2022-10-11,0.32,,,0.32,8950,2026-04-08T03:56:55.029281+00:00
184287,SUNUASSUR,2022-10-12,0.32,,,0.32,0,2026-04-08T03:56:58.300033+00:00
184401,SUNUASSUR,2022-10-13,0.32,,,0.32,14300,2026-04-08T03:57:00.825788+00:00
184515,SUNUASSUR,2022-10-14,0.32,,,0.32,0,2026-04-08T03:57:03.298348+00:00
184629,SUNUASSUR,2022-10-17,0.32,,,0.32,0,2026-04-08T03:57:07.885609+00:00
184743,SUNUASSUR,2022-10-18,0.32,,,0.32,30000,2026-04-08T03:57:10.303346+00:00
184857,SUNUASSUR,2022-10-19,0.32,,,0.32,0,2026-04-08T03:57:12.819589+00:00
184971,SUNUASSUR,2022-10-20,0.32,,,0.32,0,2026-04-08T03:57:15.111185+00:00
185085,SUNUASSUR,2022-10-21,0.32,,,0.32,0,2026-04-08T03:57:17.499968+00:00
185199,SUNUASSUR,2022-10-24,0.32,,,0.32,0,2026-04-08T03:57:21.686266+00:00
185313,SUNUASSUR,2022-10-26,0.35,,,0.35,22604,2026-04-08T03:57:24.913682+00:00
185427,SUNUASSUR,2022-10-27,0.35,,,0.35,27000,2026-04-08T03:57:27.260544+00:00
185541,SUNUASSUR,2022-10-28,0.35,,,0.35,12300,2026-04-08T03:57:29.835926+00:00
185655,SUNUASSUR,2022-10-31,0.35,,,0.35,56904,2026-04-08T03:57:34.21591+00:00
185769,SUNUASSUR,2022-11-01,0.35,,,0.35,957077,2026-04-08T03:57:36.609373+00:00
185883,SUNUASSUR,2022-11-02,0.35,,,0.35,90350,2026-04-08T03:57:39.066556+00:00
185997,SUNUASSUR,2022-11-03,0.32,,,0.32,252647,2026-04-08T03:57:41.442199+00:00
186111,SUNUASSUR,2022-11-04,0.32,,,0.32,8000,2026-04-08T03:57:43.70904+00:00
186225,SUNUASSUR,2022-11-08,0.32,,,0.32,468841,2026-04-08T03:57:49.123122+00:00
186339,SUNUASSUR,2022-11-09,0.32,,,0.32,11000,2026-04-08T03:57:51.464602+00:00
186453,SUNUASSUR,2022-11-10,0.32,,,0.32,2000,2026-04-08T03:57:54.291842+00:00
186567,SUNUASSUR,2022-11-11,0.32,,,0.32,8800,2026-04-08T03:57:56.704911+00:00
186681,SUNUASSUR,2022-11-14,0.32,,,0.32,32000,2026-04-08T03:58:01.331373+00:00
186795,SUNUASSUR,2022-11-15,0.32,,,0.32,1022,2026-04-08T03:58:03.6444+00:00
186909,SUNUASSUR,2022-11-16,0.29,,,0.29,536200,2026-04-08T03:58:06.118311+00:00
187023,SUNUASSUR,2022-11-17,0.29,,,0.29,8000,2026-04-08T03:58:08.47049+00:00
187137,SUNUASSUR,2022-11-18,0.29,,,0.29,66100,2026-04-08T03:58:10.955275+00:00
187251,SUNUASSUR,2022-11-21,0.29,,,0.29,0,2026-04-08T03:58:15.672507+00:00
187365,SUNUASSUR,2022-11-22,0.28,,,0.28,300435,2026-04-08T03:58:18.170118+00:00
187479,SUNUASSUR,2022-11-24,0.28,,,0.28,10540,2026-04-08T03:58:21.692503+00:00
187593,SUNUASSUR,2022-11-25,0.28,,,0.28,20280,2026-04-08T03:58:24.033539+00:00
187707,SUNUASSUR,2022-11-28,0.28,,,0.28,0,2026-04-08T03:58:28.532723+00:00
187821,SUNUASSUR,2022-11-29,0.28,,,0.28,7000,2026-04-08T03:58:30.983113+00:00
187935,SUNUASSUR,2022-11-30,0.27,,,0.27,145400,2026-04-08T03:58:33.448849+00:00
188049,SUNUASSUR,2022-12-01,0.27,,,0.27,9900,2026-04-08T03:58:35.664261+00:00
188164,SUNUASSUR,2022-12-02,0.27,,,0.27,5997,2026-04-08T03:58:37.897027+00:00
188278,SUNUASSUR,2022-12-05,0.28,,,0.28,350000,2026-04-08T03:58:42.456795+00:00
188392,SUNUASSUR,2022-12-06,0.28,,,0.28,120420,2026-04-08T03:58:44.756119+00:00
188506,SUNUASSUR,2022-12-07,0.28,,,0.28,0,2026-04-08T03:58:47.196669+00:00
188620,SUNUASSUR,2022-12-08,0.28,,,0.28,2900,2026-04-08T03:58:49.52806+00:00
188734,SUNUASSUR,2022-12-09,0.28,,,0.28,0,2026-04-08T03:58:51.902427+00:00
188848,SUNUASSUR,2022-12-12,0.3,,,0.3,502200,2026-04-08T03:58:56.156124+00:00
188962,SUNUASSUR,2022-12-13,0.3,,,0.3,0,2026-04-08T03:58:58.485404+00:00
189076,SUNUASSUR,2022-12-14,0.3,,,0.3,680777,2026-04-08T03:59:00.851945+00:00
189190,SUNUASSUR,2022-12-15,0.3,,,0.3,251864,2026-04-08T03:59:03.086647+00:00
189304,SUNUASSUR,2022-12-16,0.3,,,0.3,0,2026-04-08T03:59:05.5442+00:00
189418,SUNUASSUR,2022-12-19,0.3,,,0.3,2000,2026-04-08T03:59:09.806719+00:00
189532,SUNUASSUR,2022-12-20,0.29,,,0.29,270000,2026-04-08T03:59:12.630732+00:00
189646,SUNUASSUR,2022-12-21,0.29,,,0.29,24000,2026-04-08T03:59:14.990319+00:00
189760,SUNUASSUR,2022-12-22,0.29,,,0.29,10000,2026-04-08T03:59:17.229229+00:00
189874,SUNUASSUR,2022-12-23,0.29,,,0.29,0,2026-04-08T03:59:19.674012+00:00
189988,SUNUASSUR,2022-12-28,0.29,,,0.29,5300,2026-04-08T03:59:26.406492+00:00
190102,SUNUASSUR,2022-12-30,0.29,,,0.29,0,2026-04-08T03:59:29.796579+00:00
190216,SUNUASSUR,2023-01-04,0.29,,,0.29,50100,2026-04-08T03:59:36.276207+00:00
190330,SUNUASSUR,2023-01-05,0.29,,,0.29,3620,2026-04-08T03:59:38.771807+00:00
190444,SUNUASSUR,2023-01-06,0.29,,,0.29,63960,2026-04-08T03:59:41.229635+00:00
190558,SUNUASSUR,2023-01-09,0.29,,,0.29,0,2026-04-08T03:59:45.608271+00:00
190672,SUNUASSUR,2023-01-10,0.29,,,0.29,0,2026-04-08T03:59:47.862187+00:00
190786,SUNUASSUR,2023-01-11,0.29,,,0.29,38000,2026-04-08T03:59:50.211712+00:00
190900,SUNUASSUR,2023-01-12,0.31,,,0.31,507445,2026-04-08T03:59:52.676239+00:00
191014,SUNUASSUR,2023-01-13,0.33,,,0.33,392000,2026-04-08T03:59:55.073566+00:00
191128,SUNUASSUR,2023-01-17,0.37,,,0.37,130100,2026-04-08T04:00:00.52991+00:00
191242,SUNUASSUR,2023-01-18,0.37,,,0.37,55000,2026-04-08T04:00:02.930508+00:00
191356,SUNUASSUR,2023-01-19,0.37,,,0.37,3940,2026-04-08T04:00:05.157464+00:00
191470,SUNUASSUR,2023-01-20,0.37,,,0.37,106126,2026-04-08T04:00:07.441529+00:00
191584,SUNUASSUR,2023-01-23,0.37,,,0.37,44500,2026-04-08T04:00:11.934625+00:00
191698,SUNUASSUR,2023-01-24,0.37,,,0.37,49950,2026-04-08T04:00:14.448563+00:00
191812,SUNUASSUR,2023-01-25,0.37,,,0.37,0,2026-04-08T04:00:16.660222+00:00
191926,SUNUASSUR,2023-01-26,0.37,,,0.37,0,2026-04-08T04:00:19.02129+00:00
192040,SUNUASSUR,2023-01-27,0.37,,,0.37,70388,2026-04-08T04:00:21.366865+00:00
192154,SUNUASSUR,2023-01-30,0.37,,,0.37,2900,2026-04-08T04:00:26.318741+00:00
192268,SUNUASSUR,2023-01-31,0.37,,,0.37,5000,2026-04-08T04:00:28.560212+00:00
192382,SUNUASSUR,2023-02-06,0.32,,,0.32,187159,2026-04-08T04:00:36.14931+00:00
192496,SUNUASSUR,2023-02-07,0.32,,,0.32,8800,2026-04-08T04:00:38.379875+00:00
192610,SUNUASSUR,2023-02-08,0.32,,,0.32,0,2026-04-08T04:00:40.736361+00:00
192724,SUNUASSUR,2023-02-09,0.35,,,0.35,129540,2026-04-08T04:00:43.03687+00:00
192838,SUNUASSUR,2023-02-10,0.35,,,0.35,104752,2026-04-08T04:00:46.517744+00:00
192952,SUNUASSUR,2023-02-13,0.35,,,0.35,10000,2026-04-08T04:00:50.958429+00:00
193066,SUNUASSUR,2023-02-14,0.35,,,0.35,10000,2026-04-08T04:00:53.400398+00:00
193180,SUNUASSUR,2023-02-15,0.35,,,0.35,0,2026-04-08T04:00:55.645789+00:00
193294,SUNUASSUR,2023-02-16,0.35,,,0.35,138268,2026-04-08T04:00:58.043326+00:00
193408,SUNUASSUR,2023-02-17,0.35,,,0.35,11200,2026-04-08T04:01:00.355798+00:00
193522,SUNUASSUR,2023-02-20,0.35,,,0.35,90000,2026-04-08T04:01:04.633293+00:00
193636,SUNUASSUR,2023-02-21,0.35,,,0.35,20777,2026-04-08T04:01:06.910783+00:00
193750,SUNUASSUR,2023-02-22,0.35,,,0.35,15200,2026-04-08T04:01:09.421576+00:00
193864,SUNUASSUR,2023-02-23,0.35,,,0.35,0,2026-04-08T04:01:11.765387+00:00
193978,SUNUASSUR,2023-02-24,0.37,,,0.37,170000,2026-04-08T04:01:14.12415+00:00
194092,SUNUASSUR,2023-02-27,0.37,,,0.37,138111,2026-04-08T04:01:18.463572+00:00
194206,SUNUASSUR,2023-02-28,0.37,,,0.37,0,2026-04-08T04:01:20.671303+00:00
194320,SUNUASSUR,2023-03-01,0.4,,,0.4,1400240,2026-04-08T04:01:23.068989+00:00
194434,SUNUASSUR,2023-03-02,0.44,,,0.44,125000,2026-04-08T04:01:25.352172+00:00
194548,SUNUASSUR,2023-03-03,0.44,,,0.44,5660,2026-04-08T04:01:27.716711+00:00
194662,SUNUASSUR,2023-03-06,0.44,,,0.44,166420,2026-04-08T04:01:32.392486+00:00
194776,SUNUASSUR,2023-03-07,0.44,,,0.44,18260,2026-04-08T04:01:34.845095+00:00
194890,SUNUASSUR,2023-03-08,0.44,,,0.44,51423,2026-04-08T04:01:37.261757+00:00
195004,SUNUASSUR,2023-03-09,0.44,,,0.44,0,2026-04-08T04:01:39.987396+00:00
195118,SUNUASSUR,2023-03-13,0.44,,,0.44,200,2026-04-08T04:01:45.627511+00:00
195232,SUNUASSUR,2023-03-14,0.44,,,0.44,0,2026-04-08T04:01:48.257383+00:00
195346,SUNUASSUR,2023-03-15,0.44,,,0.44,5000,2026-04-08T04:01:50.627346+00:00
195460,SUNUASSUR,2023-03-16,0.44,,,0.44,3000,2026-04-08T04:01:53.062383+00:00
195574,SUNUASSUR,2023-03-17,0.44,,,0.44,0,2026-04-08T04:01:55.701252+00:00
195688,SUNUASSUR,2023-03-20,0.44,,,0.44,60000,2026-04-08T04:01:59.933448+00:00
195802,SUNUASSUR,2023-03-22,0.44,,,0.44,10,2026-04-08T04:02:03.467012+00:00
195916,SUNUASSUR,2023-03-23,0.48,,,0.48,353628,2026-04-08T04:02:05.929911+00:00
196030,SUNUASSUR,2023-03-24,0.48,,,0.48,19296,2026-04-08T04:02:08.248632+00:00
196144,SUNUASSUR,2023-03-27,0.44,,,0.44,377564,2026-04-08T04:02:12.564733+00:00
196258,SUNUASSUR,2023-03-28,0.44,,,0.44,108949,2026-04-08T04:02:14.764209+00:00
196372,SUNUASSUR,2023-03-29,0.44,,,0.44,59350,2026-04-08T04:02:17.140393+00:00
196486,SUNUASSUR,2023-03-30,0.48,,,0.48,1291566,2026-04-08T04:02:19.470716+00:00
196600,SUNUASSUR,2023-03-31,0.52,,,0.52,617300,2026-04-08T04:02:21.739047+00:00
196714,SUNUASSUR,2023-04-03,0.47,,,0.47,1740220,2026-04-08T04:02:26.060346+00:00
196828,SUNUASSUR,2023-04-04,0.51,,,0.51,195200,2026-04-08T04:02:28.444728+00:00
196942,SUNUASSUR,2023-04-05,0.51,,,0.51,58110,2026-04-08T04:02:30.864627+00:00
197056,SUNUASSUR,2023-04-06,0.51,,,0.51,5010,2026-04-08T04:02:33.239626+00:00
197170,SUNUASSUR,2023-04-11,0.51,,,0.51,0,2026-04-08T04:02:39.320239+00:00
197284,SUNUASSUR,2023-04-12,0.51,,,0.51,34757,2026-04-08T04:02:41.643197+00:00
197398,SUNUASSUR,2023-04-13,0.51,,,0.51,17243,2026-04-08T04:02:44.360634+00:00
197512,SUNUASSUR,2023-04-14,0.51,,,0.51,15977,2026-04-08T04:02:47.093001+00:00
197626,SUNUASSUR,2023-04-17,0.51,,,0.51,10,2026-04-08T04:02:52.113012+00:00
197740,SUNUASSUR,2023-04-18,0.51,,,0.51,20000,2026-04-08T04:02:54.97501+00:00
197854,SUNUASSUR,2023-04-19,0.51,,,0.51,37890,2026-04-08T04:02:57.648371+00:00
197968,SUNUASSUR,2023-04-20,0.51,,,0.51,5929,2026-04-08T04:03:00.087899+00:00
198082,SUNUASSUR,2023-04-25,0.51,,,0.51,0,2026-04-08T04:03:06.320111+00:00
198196,SUNUASSUR,2023-04-26,0.51,,,0.51,0,2026-04-08T04:03:08.704488+00:00
198310,SUNUASSUR,2023-04-27,0.51,,,0.51,0,2026-04-08T04:03:11.176222+00:00
198424,SUNUASSUR,2023-04-28,0.51,,,0.51,0,2026-04-08T04:03:13.757457+00:00
198538,SUNUASSUR,2023-05-03,0.54,,,0.54,214998,2026-04-08T04:03:20.258962+00:00
198652,SUNUASSUR,2023-05-04,0.54,,,0.54,25000,2026-04-08T04:03:22.719511+00:00
198766,SUNUASSUR,2023-05-08,0.54,,,0.54,2000,2026-04-08T04:03:29.045349+00:00
198880,SUNUASSUR,2023-05-09,0.54,,,0.54,10000,2026-04-08T04:03:32.620003+00:00
198994,SUNUASSUR,2023-05-12,0.49,,,0.49,21140,2026-04-08T04:03:37.286216+00:00
199108,SUNUASSUR,2023-05-15,0.49,,,0.49,1450,2026-04-08T04:03:41.825544+00:00
199222,SUNUASSUR,2023-05-16,0.49,,,0.49,23675,2026-04-08T04:03:44.244464+00:00
199336,SUNUASSUR,2023-05-17,0.49,,,0.49,14100,2026-04-08T04:03:46.492518+00:00
199450,SUNUASSUR,2023-05-18,0.49,,,0.49,20000,2026-04-08T04:03:48.752249+00:00
199564,SUNUASSUR,2023-05-19,0.49,,,0.49,73050,2026-04-08T04:03:51.139215+00:00
199678,SUNUASSUR,2023-05-22,0.53,,,0.53,1011198,2026-04-08T04:03:55.484935+00:00
199792,SUNUASSUR,2023-05-23,0.48,,,0.48,1046489,2026-04-08T04:03:57.886867+00:00
199906,SUNUASSUR,2023-05-24,0.48,,,0.48,1920120,2026-04-08T04:04:00.334047+00:00
200020,SUNUASSUR,2023-05-25,0.48,,,0.48,4000,2026-04-08T04:04:02.79018+00:00
200134,SUNUASSUR,2023-05-26,0.48,,,0.48,13491,2026-04-08T04:04:05.139052+00:00
200248,SUNUASSUR,2023-05-30,0.48,,,0.48,137479,2026-04-08T04:04:11.011702+00:00
200362,SUNUASSUR,2023-06-01,0.48,,,0.48,160,2026-04-08T04:04:14.390605+00:00
200476,SUNUASSUR,2023-06-02,0.48,,,0.48,310,2026-04-08T04:04:16.732653+00:00
200590,SUNUASSUR,2023-06-05,0.48,,,0.48,12508,2026-04-08T04:04:21.343031+00:00
200704,SUNUASSUR,2023-06-06,0.44,,,0.44,1252585,2026-04-08T04:04:23.98223+00:00
200818,SUNUASSUR,2023-06-07,0.44,,,0.44,2240,2026-04-08T04:04:26.507718+00:00
200932,SUNUASSUR,2023-06-08,0.47,,,0.47,670000,2026-04-08T04:04:29.08401+00:00
201046,SUNUASSUR,2023-06-09,0.43,,,0.43,2359187,2026-04-08T04:04:31.44664+00:00
201160,SUNUASSUR,2023-06-13,0.46,,,0.46,823410,2026-04-08T04:04:36.862505+00:00
201274,SUNUASSUR,2023-06-14,0.5,,,0.5,3073511,2026-04-08T04:04:39.320552+00:00
201388,SUNUASSUR,2023-06-15,0.45,,,0.45,8660380,2026-04-08T04:04:41.673534+00:00
201502,SUNUASSUR,2023-06-16,0.42,,,0.42,6468044,2026-04-08T04:04:44.052846+00:00
201616,SUNUASSUR,2023-06-19,0.42,,,0.42,221000,2026-04-08T04:04:48.541112+00:00
201730,SUNUASSUR,2023-06-20,0.46,,,0.46,6371472,2026-04-08T04:04:51.378552+00:00
201844,SUNUASSUR,2023-06-21,0.5,,,0.5,3607578,2026-04-08T04:04:53.764277+00:00
201958,SUNUASSUR,2023-06-22,0.48,,,0.48,1859625,2026-04-08T04:04:56.145117+00:00
202072,SUNUASSUR,2023-06-26,0.48,,,0.48,1337336,2026-04-08T04:05:01.671465+00:00
202186,SUNUASSUR,2023-06-30,0.48,,,0.48,399653,2026-04-08T04:05:07.377697+00:00
202300,SUNUASSUR,2023-07-03,0.48,,,0.48,20998,2026-04-08T04:05:11.758079+00:00
202414,SUNUASSUR,2023-07-04,0.48,,,0.48,408367,2026-04-08T04:05:14.17436+00:00
202528,SUNUASSUR,2023-07-05,0.52,,,0.52,759936,2026-04-08T04:05:16.577423+00:00
202642,SUNUASSUR,2023-07-06,0.52,,,0.52,280980,2026-04-08T04:05:19.075393+00:00
202756,SUNUASSUR,2023-07-07,0.52,,,0.52,116310,2026-04-08T04:05:21.415756+00:00
202870,SUNUASSUR,2023-07-10,0.57,,,0.57,4092730,2026-04-08T04:05:26.355595+00:00
202984,SUNUASSUR,2023-07-11,0.58,,,0.58,604000,2026-04-08T04:05:28.903538+00:00
203098,SUNUASSUR,2023-07-12,0.53,,,0.53,880634,2026-04-08T04:05:31.299012+00:00
203212,SUNUASSUR,2023-07-14,0.48,,,0.48,1284711,2026-04-08T04:05:34.698751+00:00
203326,SUNUASSUR,2023-07-17,0.48,,,0.48,53311,2026-04-08T04:05:39.139368+00:00
203440,SUNUASSUR,2023-07-19,0.52,,,0.52,1380459,2026-04-08T04:05:42.577032+00:00
203554,SUNUASSUR,2023-07-20,0.56,,,0.56,542411,2026-04-08T04:05:45.122849+00:00
203668,SUNUASSUR,2023-07-21,0.53,,,0.53,513268,2026-04-08T04:05:47.594805+00:00
203782,SUNUASSUR,2023-07-24,0.55,,,0.55,483269,2026-04-08T04:05:52.167161+00:00
203896,SUNUASSUR,2023-07-25,0.55,,,0.55,241651,2026-04-08T04:05:54.602351+00:00
204010,SUNUASSUR,2023-07-26,0.6,,,0.6,315000,2026-04-08T04:05:57.515236+00:00
204124,SUNUASSUR,2023-07-27,0.6,,,0.6,28905,2026-04-08T04:05:59.880161+00:00
204238,SUNUASSUR,2023-07-28,0.6,,,0.6,5301,2026-04-08T04:06:02.220136+00:00
204352,SUNUASSUR,2023-07-31,0.66,,,0.66,383835,2026-04-08T04:06:06.790851+00:00
204466,SUNUASSUR,2023-08-02,0.79,,,0.79,1591584,2026-04-08T04:06:10.326378+00:00
204580,SUNUASSUR,2023-08-03,0.86,,,0.86,1106411,2026-04-08T04:06:12.834218+00:00
204694,SUNUASSUR,2023-08-04,0.93,,,0.93,2539284,2026-04-08T04:06:15.200886+00:00
204808,SUNUASSUR,2023-08-07,1.02,,,1.02,1421404,2026-04-08T04:06:19.871718+00:00
204922,SUNUASSUR,2023-08-08,1.02,,,1.02,248086,2026-04-08T04:06:22.245918+00:00
205036,SUNUASSUR,2023-08-09,1.02,,,1.02,129932,2026-04-08T04:06:24.635943+00:00
205150,SUNUASSUR,2023-08-10,1.11,,,1.11,2838793,2026-04-08T04:06:27.035398+00:00
205264,SUNUASSUR,2023-08-11,1.15,,,1.15,3305450,2026-04-08T04:06:29.455701+00:00
205378,SUNUASSUR,2023-08-14,1.04,,,1.04,2105788,2026-04-08T04:06:33.923569+00:00
205492,SUNUASSUR,2023-08-15,0.94,,,0.94,1549765,2026-04-08T04:06:36.358161+00:00
205606,SUNUASSUR,2023-08-16,0.86,,,0.86,1698385,2026-04-08T04:06:38.679915+00:00
205720,SUNUASSUR,2023-08-17,0.8,,,0.8,1885049,2026-04-08T04:06:40.998805+00:00
205834,SUNUASSUR,2023-08-18,0.82,,,0.82,5582243,2026-04-08T04:06:43.468275+00:00
205948,SUNUASSUR,2023-08-21,0.8,,,0.8,329960,2026-04-08T04:06:47.688711+00:00
206062,SUNUASSUR,2023-08-24,0.72,,,0.72,745236,2026-04-08T04:06:51.989424+00:00
206176,SUNUASSUR,2023-08-25,0.79,,,0.79,2141566,2026-04-08T04:06:54.38475+00:00
206290,SUNUASSUR,2023-08-28,0.79,,,0.79,1546935,2026-04-08T04:06:59.310949+00:00
206404,SUNUASSUR,2023-08-29,0.75,,,0.75,671040,2026-04-08T04:07:01.613742+00:00
206518,SUNUASSUR,2023-08-30,0.8,,,0.8,1403345,2026-04-08T04:07:03.820209+00:00
206632,SUNUASSUR,2023-09-01,0.88,,,0.88,148201,2026-04-08T04:07:07.195585+00:00
206746,SUNUASSUR,2023-09-04,0.8,,,0.8,2141061,2026-04-08T04:07:11.730996+00:00
206860,SUNUASSUR,2023-09-05,0.88,,,0.88,552192,2026-04-08T04:07:14.175893+00:00
206974,SUNUASSUR,2023-09-06,0.88,,,0.88,1337043,2026-04-08T04:07:16.66229+00:00
207088,SUNUASSUR,2023-09-07,0.88,,,0.88,387978,2026-04-08T04:07:19.134101+00:00
207202,SUNUASSUR,2023-09-08,0.88,,,0.88,541636,2026-04-08T04:07:21.445908+00:00
207316,SUNUASSUR,2023-09-11,0.81,,,0.81,2557233,2026-04-08T04:07:26.133096+00:00
207430,SUNUASSUR,2023-09-12,0.8,,,0.8,432498,2026-04-08T04:07:28.57479+00:00
207544,SUNUASSUR,2023-09-13,0.8,,,0.8,95616,2026-04-08T04:07:30.890589+00:00
207658,SUNUASSUR,2023-09-14,0.78,,,0.78,643124,2026-04-08T04:07:33.324455+00:00
207772,SUNUASSUR,2023-09-15,0.79,,,0.79,499185,2026-04-08T04:07:35.74244+00:00
207886,SUNUASSUR,2023-09-18,0.79,,,0.79,42000,2026-04-08T04:07:40.292184+00:00
208000,SUNUASSUR,2023-09-19,0.8,,,0.8,480539,2026-04-08T04:07:42.606346+00:00
208114,SUNUASSUR,2023-09-20,0.88,,,0.88,2031278,2026-04-08T04:07:45.004042+00:00
208228,SUNUASSUR,2023-09-21,0.96,,,0.96,1656876,2026-04-08T04:07:47.370085+00:00
208342,SUNUASSUR,2023-09-22,1.05,,,1.05,1213061,2026-04-08T04:07:49.898567+00:00
208456,SUNUASSUR,2023-09-25,0.96,,,0.96,1442073,2026-04-08T04:07:54.305125+00:00
208570,SUNUASSUR,2023-09-28,0.96,,,0.96,14119,2026-04-08T04:07:58.898315+00:00
208684,SUNUASSUR,2023-09-29,0.9,,,0.9,266792,2026-04-08T04:08:01.279649+00:00
208798,SUNUASSUR,2023-10-03,0.9,,,0.9,65034,2026-04-08T04:08:06.721549+00:00
208912,SUNUASSUR,2023-10-04,0.9,,,0.9,197770,2026-04-08T04:08:09.042741+00:00
209026,SUNUASSUR,2023-10-05,0.97,,,0.97,131722,2026-04-08T04:08:11.600182+00:00
209141,SUNUASSUR,2023-10-06,0.97,,,0.97,50278,2026-04-08T04:08:14.22861+00:00
209256,SUNUASSUR,2023-10-09,1.04,,,1.04,1184490,2026-04-08T04:08:18.740555+00:00
209371,SUNUASSUR,2023-10-10,1.04,,,1.04,200585,2026-04-08T04:08:21.390436+00:00
209485,SUNUASSUR,2023-10-12,1.04,,,1.04,93880,2026-04-08T04:08:24.861957+00:00
209600,SUNUASSUR,2023-10-13,1.04,,,1.04,134900,2026-04-08T04:08:27.376596+00:00
209715,SUNUASSUR,2023-10-16,1.05,,,1.05,199485,2026-04-08T04:08:32.388707+00:00
209830,SUNUASSUR,2023-10-17,1.05,,,1.05,180959,2026-04-08T04:08:34.738576+00:00
209945,SUNUASSUR,2023-10-19,1.12,,,1.12,417585,2026-04-08T04:08:38.671249+00:00
210060,SUNUASSUR,2023-10-20,1.1,,,1.1,374700,2026-04-08T04:08:40.967521+00:00
210175,SUNUASSUR,2023-10-23,1.1,,,1.1,251200,2026-04-08T04:08:45.440193+00:00
210290,SUNUASSUR,2023-10-24,1.1,,,1.1,9310,2026-04-08T04:08:47.71675+00:00
210405,SUNUASSUR,2023-10-25,0.99,,,0.99,204728,2026-04-08T04:08:50.022319+00:00
210520,SUNUASSUR,2023-10-26,0.99,,,0.99,518100,2026-04-08T04:08:52.472279+00:00
210635,SUNUASSUR,2023-10-27,0.99,,,0.99,10653,2026-04-08T04:08:54.778052+00:00
210750,SUNUASSUR,2023-10-30,0.99,,,0.99,2061129,2026-04-08T04:08:59.45056+00:00
210865,SUNUASSUR,2023-10-31,0.94,,,0.94,612000,2026-04-08T04:09:01.914254+00:00
210980,SUNUASSUR,2023-11-01,0.94,,,0.94,310000,2026-04-08T04:09:04.386399+00:00
211095,SUNUASSUR,2023-11-02,0.94,,,0.94,1750,2026-04-08T04:09:06.696264+00:00
211210,SUNUASSUR,2023-11-03,0.94,,,0.94,20000,2026-04-08T04:09:09.071615+00:00
211325,SUNUASSUR,2023-11-06,0.94,,,0.94,67250,2026-04-08T04:09:13.59419+00:00
211440,SUNUASSUR,2023-11-07,0.94,,,0.94,83031,2026-04-08T04:09:15.923939+00:00
211556,SUNUASSUR,2023-11-08,0.94,,,0.94,175861,2026-04-08T04:09:18.177895+00:00
211672,SUNUASSUR,2023-11-09,0.94,,,0.94,65275,2026-04-08T04:09:20.462573+00:00
211788,SUNUASSUR,2023-11-10,0.94,,,0.94,293300,2026-04-08T04:09:22.644841+00:00
211904,SUNUASSUR,2023-11-13,0.94,,,0.94,50813,2026-04-08T04:09:27.404692+00:00
212020,SUNUASSUR,2023-11-14,0.94,,,0.94,90900,2026-04-08T04:09:29.775588+00:00
212136,SUNUASSUR,2023-11-15,0.96,,,0.96,614439,2026-04-08T04:09:32.378304+00:00
212252,SUNUASSUR,2023-11-16,0.96,,,0.96,124535,2026-04-08T04:09:34.916677+00:00
212368,SUNUASSUR,2023-11-17,0.96,,,0.96,44000,2026-04-08T04:09:37.378105+00:00
212484,SUNUASSUR,2023-11-20,1.0,,,1.0,368500,2026-04-08T04:09:41.830835+00:00
212600,SUNUASSUR,2023-11-21,1.0,,,1.0,10000,2026-04-08T04:09:44.211025+00:00
212716,SUNUASSUR,2023-11-22,1.0,,,1.0,25875,2026-04-08T04:09:46.526636+00:00
212832,SUNUASSUR,2023-11-23,1.03,,,1.03,294818,2026-04-08T04:09:48.793806+00:00
212949,SUNUASSUR,2023-11-27,1.24,,,1.24,1330550,2026-04-08T04:09:54.316732+00:00
213066,SUNUASSUR,2023-11-28,1.36,,,1.36,2973459,2026-04-08T04:09:57.050116+00:00
213183,SUNUASSUR,2023-11-29,1.49,,,1.49,931506,2026-04-08T04:09:59.54407+00:00
213300,SUNUASSUR,2023-11-30,1.4,,,1.4,1076148,2026-04-08T04:10:01.973818+00:00
213417,SUNUASSUR,2023-12-01,1.26,,,1.26,350560,2026-04-08T04:10:04.46052+00:00
213534,SUNUASSUR,2023-12-04,1.21,,,1.21,589965,2026-04-08T04:10:08.793495+00:00
213651,SUNUASSUR,2023-12-05,1.33,,,1.33,608552,2026-04-08T04:10:11.104733+00:00
213768,SUNUASSUR,2023-12-06,1.33,,,1.33,75579,2026-04-08T04:10:13.383432+00:00
213885,SUNUASSUR,2023-12-08,1.26,,,1.26,314259,2026-04-08T04:10:16.965057+00:00
214002,SUNUASSUR,2023-12-11,1.26,,,1.26,62901,2026-04-08T04:10:21.350621+00:00
214119,SUNUASSUR,2023-12-12,1.28,,,1.28,305911,2026-04-08T04:10:23.843731+00:00
214236,SUNUASSUR,2023-12-13,1.16,,,1.16,2038730,2026-04-08T04:10:26.19208+00:00
214353,SUNUASSUR,2023-12-14,1.16,,,1.16,68739,2026-04-08T04:10:28.64956+00:00
214470,SUNUASSUR,2023-12-15,1.16,,,1.16,169766,2026-04-08T04:10:31.179138+00:00
214587,SUNUASSUR,2023-12-18,1.16,,,1.16,109285,2026-04-08T04:10:35.879044+00:00
214704,SUNUASSUR,2023-12-19,1.16,,,1.16,43090,2026-04-08T04:10:38.280823+00:00
214821,SUNUASSUR,2023-12-20,1.16,,,1.16,178589,2026-04-08T04:10:40.523028+00:00
214938,SUNUASSUR,2023-12-21,1.16,,,1.16,10000,2026-04-08T04:10:42.873875+00:00
215055,SUNUASSUR,2023-12-28,1.16,,,1.16,94344,2026-04-08T04:10:51.166125+00:00
215172,SUNUASSUR,2023-12-29,1.1,,,1.1,231190,2026-04-08T04:10:53.57119+00:00
215289,SUNUASSUR,2024-01-02,1.21,,,1.21,662077,2026-04-08T04:10:59.157783+00:00
215406,SUNUASSUR,2024-01-03,1.27,,,1.27,1273429,2026-04-08T04:11:01.401293+00:00
215523,SUNUASSUR,2024-01-04,1.3,,,1.3,370924,2026-04-08T04:11:03.846312+00:00
215640,SUNUASSUR,2024-01-05,1.3,,,1.3,189882,2026-04-08T04:11:07.208124+00:00
215757,SUNUASSUR,2024-01-08,1.3,,,1.3,136667,2026-04-08T04:11:11.742656+00:00
215874,SUNUASSUR,2024-01-09,1.2,,,1.2,1002502,2026-04-08T04:11:14.100458+00:00
215991,SUNUASSUR,2024-01-10,1.2,,,1.2,217047,2026-04-08T04:11:16.512964+00:00
216108,SUNUASSUR,2024-01-11,1.3,,,1.3,707487,2026-04-08T04:11:18.918089+00:00
216225,SUNUASSUR,2024-01-12,1.43,,,1.43,373330,2026-04-08T04:11:21.244944+00:00
216342,SUNUASSUR,2024-01-15,1.5,,,1.5,767448,2026-04-08T04:11:25.674113+00:00
216459,SUNUASSUR,2024-01-16,1.6,,,1.6,823211,2026-04-08T04:11:28.037988+00:00
216576,SUNUASSUR,2024-01-18,1.76,,,1.76,178081,2026-04-08T04:11:31.337167+00:00
216693,SUNUASSUR,2024-01-19,1.8,,,1.8,2175188,2026-04-08T04:11:38.619168+00:00
216810,SUNUASSUR,2024-01-22,1.98,,,1.98,824486,2026-04-08T04:11:42.948818+00:00
216927,SUNUASSUR,2024-01-23,2.1,,,2.1,1188521,2026-04-08T04:11:45.304506+00:00
217044,SUNUASSUR,2024-01-24,2.1,,,2.1,231970,2026-04-08T04:11:47.647942+00:00
217161,SUNUASSUR,2024-01-25,2.05,,,2.05,3174500,2026-04-08T04:11:50.11021+00:00
217278,SUNUASSUR,2024-01-26,2.25,,,2.25,970469,2026-04-08T04:11:52.721812+00:00
217395,SUNUASSUR,2024-01-29,2.25,,,2.25,2274206,2026-04-08T04:11:57.440388+00:00
217512,SUNUASSUR,2024-01-30,2.03,,,2.03,293166,2026-04-08T04:12:00.024191+00:00
217629,SUNUASSUR,2024-01-31,1.83,,,1.83,1027184,2026-04-08T04:12:02.433526+00:00
217746,SUNUASSUR,2024-02-01,1.66,,,1.66,3239364,2026-04-08T04:12:04.812869+00:00
217863,SUNUASSUR,2024-02-02,1.82,,,1.82,1627892,2026-04-08T04:12:07.232701+00:00
217980,SUNUASSUR,2024-02-05,1.82,,,1.82,247650,2026-04-08T04:12:11.791199+00:00
218097,SUNUASSUR,2024-02-06,1.82,,,1.82,211870,2026-04-08T04:12:14.363902+00:00
218214,SUNUASSUR,2024-02-07,1.82,,,1.82,20744,2026-04-08T04:12:16.791058+00:00
218331,SUNUASSUR,2024-02-08,1.82,,,1.82,282759,2026-04-08T04:12:19.312026+00:00
218448,SUNUASSUR,2024-02-09,1.79,,,1.79,258994,2026-04-08T04:12:21.609908+00:00
218565,SUNUASSUR,2024-02-12,1.96,,,1.96,1273374,2026-04-08T04:12:25.771109+00:00
218682,SUNUASSUR,2024-02-13,1.96,,,1.96,50874,2026-04-08T04:12:28.061356+00:00
218799,SUNUASSUR,2024-02-14,1.96,,,1.96,187835,2026-04-08T04:12:30.570558+00:00
218916,SUNUASSUR,2024-02-16,1.78,,,1.78,194950,2026-04-08T04:12:34.036511+00:00
219033,SUNUASSUR,2024-02-19,1.9,,,1.9,402264,2026-04-08T04:12:38.429241+00:00
219150,SUNUASSUR,2024-02-20,1.9,,,1.9,5128,2026-04-08T04:12:40.813552+00:00
219267,SUNUASSUR,2024-02-21,1.9,,,1.9,51855,2026-04-08T04:12:43.257682+00:00
219384,SUNUASSUR,2024-02-22,2.09,,,2.09,7539027,2026-04-08T04:12:45.850796+00:00
219501,SUNUASSUR,2024-02-26,1.9,,,1.9,432925,2026-04-08T04:12:51.18414+00:00
219618,SUNUASSUR,2024-02-27,1.9,,,1.9,120820,2026-04-08T04:12:53.509755+00:00
219735,SUNUASSUR,2024-02-29,1.71,,,1.71,421377,2026-04-08T04:12:56.822244+00:00
219852,SUNUASSUR,2024-03-01,1.71,,,1.71,140755,2026-04-08T04:12:59.287484+00:00
219969,SUNUASSUR,2024-03-04,1.71,,,1.71,63134,2026-04-08T04:13:03.814092+00:00
220087,SUNUASSUR,2024-03-05,1.71,,,1.71,103000,2026-04-08T04:13:06.279726+00:00
220205,SUNUASSUR,2024-03-06,1.71,,,1.71,11697,2026-04-08T04:13:08.558236+00:00
220323,SUNUASSUR,2024-03-07,1.57,,,1.57,343135,2026-04-08T04:13:10.988978+00:00
220441,SUNUASSUR,2024-03-08,1.57,,,1.57,25070,2026-04-08T04:13:13.453006+00:00
220559,SUNUASSUR,2024-03-11,1.57,,,1.57,100914,2026-04-08T04:13:17.773706+00:00
220677,SUNUASSUR,2024-03-12,1.56,,,1.56,1875202,2026-04-08T04:13:20.258657+00:00
220795,SUNUASSUR,2024-03-13,1.41,,,1.41,3165285,2026-04-08T04:13:22.557243+00:00
220913,SUNUASSUR,2024-03-14,1.27,,,1.27,6379895,2026-04-08T04:13:25.004754+00:00
221031,SUNUASSUR,2024-03-15,1.27,,,1.27,755015,2026-04-08T04:13:27.500984+00:00
221149,SUNUASSUR,2024-03-19,1.25,,,1.25,139810,2026-04-08T04:13:32.54102+00:00
221267,SUNUASSUR,2024-03-20,1.25,,,1.25,1232700,2026-04-08T04:13:34.949661+00:00
221385,SUNUASSUR,2024-03-21,1.16,,,1.16,2081337,2026-04-08T04:13:37.293426+00:00
221503,SUNUASSUR,2024-03-22,1.16,,,1.16,143915,2026-04-08T04:13:39.66616+00:00
221621,SUNUASSUR,2024-03-25,1.27,,,1.27,256966,2026-04-08T04:13:43.964435+00:00
221739,SUNUASSUR,2024-03-26,1.36,,,1.36,502734,2026-04-08T04:13:46.391317+00:00
221857,SUNUASSUR,2024-03-27,1.36,,,1.36,127420,2026-04-08T04:13:48.795654+00:00
221975,SUNUASSUR,2024-03-28,1.36,,,1.36,69700,2026-04-08T04:13:51.173779+00:00
222093,SUNUASSUR,2024-04-02,1.43,,,1.43,1010401,2026-04-08T04:13:58.053067+00:00
222211,SUNUASSUR,2024-04-03,1.36,,,1.36,20180,2026-04-08T04:14:00.66873+00:00
222329,SUNUASSUR,2024-04-04,1.36,,,1.36,47800,2026-04-08T04:14:03.310057+00:00
222447,SUNUASSUR,2024-04-05,1.36,,,1.36,26290,2026-04-08T04:14:05.820809+00:00
222565,SUNUASSUR,2024-04-12,1.18,,,1.18,319400,2026-04-08T04:14:15.984697+00:00
222683,SUNUASSUR,2024-04-15,1.15,,,1.15,547782,2026-04-08T04:14:20.492228+00:00
222801,SUNUASSUR,2024-04-16,1.09,,,1.09,197286,2026-04-08T04:14:22.958286+00:00
222919,SUNUASSUR,2024-04-17,1.09,,,1.09,43166,2026-04-08T04:14:25.407203+00:00
223037,SUNUASSUR,2024-04-18,1.0,,,1.0,252188,2026-04-08T04:14:27.862982+00:00
223155,SUNUASSUR,2024-04-19,1.0,,,1.0,713395,2026-04-08T04:14:30.225092+00:00
223273,SUNUASSUR,2024-04-22,1.0,,,1.0,9300,2026-04-08T04:14:34.624841+00:00
223391,SUNUASSUR,2024-04-23,1.1,,,1.1,522200,2026-04-08T04:14:36.881925+00:00
223509,SUNUASSUR,2024-04-24,1.21,,,1.21,552467,2026-04-08T04:14:39.108369+00:00
223627,SUNUASSUR,2024-04-25,1.3,,,1.3,612569,2026-04-08T04:14:41.415412+00:00
223745,SUNUASSUR,2024-04-26,1.25,,,1.25,465005,2026-04-08T04:14:43.709399+00:00
223863,SUNUASSUR,2024-04-29,1.25,,,1.25,10805,2026-04-08T04:14:47.97937+00:00
223981,SUNUASSUR,2024-04-30,1.25,,,1.25,59740,2026-04-08T04:14:50.304196+00:00
224099,SUNUASSUR,2024-05-02,1.25,,,1.25,432565,2026-04-08T04:14:53.573612+00:00
224217,SUNUASSUR,2024-05-03,1.25,,,1.25,103045,2026-04-08T04:14:55.989363+00:00
224335,SUNUASSUR,2024-05-06,1.25,,,1.25,6184,2026-04-08T04:15:00.14873+00:00
224453,SUNUASSUR,2024-05-07,1.25,,,1.25,17977,2026-04-08T04:15:02.40079+00:00
224571,SUNUASSUR,2024-05-08,1.25,,,1.25,37030,2026-04-08T04:15:04.708287+00:00
224689,SUNUASSUR,2024-05-09,1.25,,,1.25,67088,2026-04-08T04:15:07.337178+00:00
224807,SUNUASSUR,2024-05-10,1.25,,,1.25,16127,2026-04-08T04:15:09.604775+00:00
224925,SUNUASSUR,2024-05-13,1.25,,,1.25,139390,2026-04-08T04:15:13.907933+00:00
225043,SUNUASSUR,2024-05-14,1.25,,,1.25,11000,2026-04-08T04:15:16.26654+00:00
225161,SUNUASSUR,2024-05-15,1.25,,,1.25,115450,2026-04-08T04:15:18.549958+00:00
225279,SUNUASSUR,2024-05-16,1.25,,,1.25,3150,2026-04-08T04:15:20.841424+00:00
225397,SUNUASSUR,2024-05-20,1.25,,,1.25,12958,2026-04-08T04:15:25.962105+00:00
225515,SUNUASSUR,2024-05-21,1.25,,,1.25,45610,2026-04-08T04:15:28.334406+00:00
225633,SUNUASSUR,2024-05-22,1.25,,,1.25,10650,2026-04-08T04:15:30.660212+00:00
225751,SUNUASSUR,2024-05-23,1.25,,,1.25,0,2026-04-08T04:15:32.993296+00:00
225869,SUNUASSUR,2024-05-24,1.25,,,1.25,108100,2026-04-08T04:15:35.360226+00:00
225987,SUNUASSUR,2024-05-27,1.25,,,1.25,100966,2026-04-08T04:15:39.562711+00:00
226105,SUNUASSUR,2024-05-28,1.25,,,1.25,42900,2026-04-08T04:15:41.894674+00:00
226223,SUNUASSUR,2024-05-29,1.25,,,1.25,1600,2026-04-08T04:15:44.435333+00:00
226341,SUNUASSUR,2024-05-30,1.29,,,1.29,1296145,2026-04-08T04:15:46.695543+00:00
226459,SUNUASSUR,2024-05-31,1.29,,,1.29,70432,2026-04-08T04:15:48.909252+00:00
226577,SUNUASSUR,2024-06-03,1.31,,,1.31,164775,2026-04-08T04:15:53.203965+00:00
226695,SUNUASSUR,2024-06-04,1.27,,,1.27,605304,2026-04-08T04:15:55.456464+00:00
226813,SUNUASSUR,2024-06-05,1.29,,,1.29,216525,2026-04-08T04:15:57.839545+00:00
226931,SUNUASSUR,2024-06-06,1.2,,,1.2,380000,2026-04-08T04:16:00.091412+00:00
227049,SUNUASSUR,2024-06-07,1.15,,,1.15,546654,2026-04-08T04:16:02.294722+00:00
227167,SUNUASSUR,2024-06-10,1.15,,,1.15,114999,2026-04-08T04:16:06.655303+00:00
227285,SUNUASSUR,2024-06-11,1.2,,,1.2,811850,2026-04-08T04:16:09.027942+00:00
227403,SUNUASSUR,2024-06-13,1.24,,,1.24,410952,2026-04-08T04:16:12.454757+00:00
227521,SUNUASSUR,2024-06-14,1.2,,,1.2,310340,2026-04-08T04:16:14.762224+00:00
227639,SUNUASSUR,2024-06-20,1.28,,,1.28,576310,2026-04-08T04:16:22.365263+00:00
227757,SUNUASSUR,2024-06-21,1.2,,,1.2,1113764,2026-04-08T04:16:24.740936+00:00
227875,SUNUASSUR,2024-06-24,1.2,,,1.2,163900,2026-04-08T04:16:29.101951+00:00
227993,SUNUASSUR,2024-06-25,1.2,,,1.2,6300,2026-04-08T04:16:31.430939+00:00
228111,SUNUASSUR,2024-06-26,1.2,,,1.2,187108,2026-04-08T04:16:33.77834+00:00
228229,SUNUASSUR,2024-06-27,1.25,,,1.25,712607,2026-04-08T04:16:36.13415+00:00
228347,SUNUASSUR,2024-06-28,1.25,,,1.25,267405,2026-04-08T04:16:38.472674+00:00
228465,SUNUASSUR,2024-07-01,1.25,,,1.25,203126,2026-04-08T04:16:42.881798+00:00
228583,SUNUASSUR,2024-07-02,1.25,,,1.25,50087,2026-04-08T04:16:45.256647+00:00
228701,SUNUASSUR,2024-07-03,1.25,,,1.25,34906,2026-04-08T04:16:47.732339+00:00
228819,SUNUASSUR,2024-07-04,1.26,,,1.26,851110,2026-04-08T04:16:50.22378+00:00
228937,SUNUASSUR,2024-07-05,1.25,,,1.25,3666775,2026-04-08T04:16:52.679645+00:00
229055,SUNUASSUR,2024-07-08,1.3,,,1.3,5906400,2026-04-08T04:16:57.375145+00:00
229173,SUNUASSUR,2024-07-09,1.27,,,1.27,1369339,2026-04-08T04:16:59.679545+00:00
229291,SUNUASSUR,2024-07-10,1.3,,,1.3,358757,2026-04-08T04:17:02.104038+00:00
229409,SUNUASSUR,2024-07-11,1.24,,,1.24,1364735,2026-04-08T04:17:04.804273+00:00
229527,SUNUASSUR,2024-07-12,1.24,,,1.24,254437,2026-04-08T04:17:07.071694+00:00
229645,SUNUASSUR,2024-07-15,1.29,,,1.29,534500,2026-04-08T04:17:11.418935+00:00
229763,SUNUASSUR,2024-07-16,1.39,,,1.39,5008448,2026-04-08T04:17:13.920176+00:00
229881,SUNUASSUR,2024-07-17,1.45,,,1.45,695920,2026-04-08T04:17:16.239817+00:00
229999,SUNUASSUR,2024-07-18,1.4,,,1.4,1666918,2026-04-08T04:17:18.614364+00:00
230117,SUNUASSUR,2024-07-19,1.35,,,1.35,1051795,2026-04-08T04:17:20.923419+00:00
230235,SUNUASSUR,2024-07-22,1.35,,,1.35,98400,2026-04-08T04:17:25.185516+00:00
230353,SUNUASSUR,2024-07-23,1.35,,,1.35,47700,2026-04-08T04:17:27.655924+00:00
230471,SUNUASSUR,2024-07-24,1.35,,,1.35,370485,2026-04-08T04:17:30.124258+00:00
230589,SUNUASSUR,2024-07-25,1.35,,,1.35,123774,2026-04-08T04:17:32.638981+00:00
230707,SUNUASSUR,2024-07-26,1.35,,,1.35,138281,2026-04-08T04:17:35.101122+00:00
230825,SUNUASSUR,2024-07-29,1.43,,,1.43,623742,2026-04-08T04:17:40.103977+00:00
230943,SUNUASSUR,2024-07-30,1.42,,,1.42,652044,2026-04-08T04:17:43.080384+00:00
231061,SUNUASSUR,2024-07-31,1.47,,,1.47,1462577,2026-04-08T04:17:45.61458+00:00
231179,SUNUASSUR,2024-08-01,1.47,,,1.47,40050,2026-04-08T04:17:47.950902+00:00
231297,SUNUASSUR,2024-08-02,1.35,,,1.35,348433,2026-04-08T04:17:50.372085+00:00
231415,SUNUASSUR,2024-08-05,1.26,,,1.26,614276,2026-04-08T04:17:54.929581+00:00
231533,SUNUASSUR,2024-08-06,1.3,,,1.3,280480,2026-04-08T04:17:57.472912+00:00
231651,SUNUASSUR,2024-08-07,1.3,,,1.3,14172,2026-04-08T04:17:59.948734+00:00
231769,SUNUASSUR,2024-08-08,1.3,,,1.3,430884,2026-04-08T04:18:02.36647+00:00
231887,SUNUASSUR,2024-08-09,1.26,,,1.26,363823,2026-04-08T04:18:04.674683+00:00
232005,SUNUASSUR,2024-08-12,1.2,,,1.2,805368,2026-04-08T04:18:08.918743+00:00
232123,SUNUASSUR,2024-08-13,1.25,,,1.25,278150,2026-04-08T04:18:11.387792+00:00
232241,SUNUASSUR,2024-08-14,1.3,,,1.3,348201,2026-04-08T04:18:13.859526+00:00
232359,SUNUASSUR,2024-08-15,1.21,,,1.21,566240,2026-04-08T04:18:16.357381+00:00
232477,SUNUASSUR,2024-08-16,1.21,,,1.21,318722,2026-04-08T04:18:18.692447+00:00
232595,SUNUASSUR,2024-08-19,1.21,,,1.21,8800,2026-04-08T04:18:23.063194+00:00
232713,SUNUASSUR,2024-08-20,1.18,,,1.18,364921,2026-04-08T04:18:25.366221+00:00
232831,SUNUASSUR,2024-08-21,1.18,,,1.18,13300,2026-04-08T04:18:27.861334+00:00
232949,SUNUASSUR,2024-08-22,1.18,,,1.18,50857,2026-04-08T04:18:30.156184+00:00
233067,SUNUASSUR,2024-08-23,1.18,,,1.18,111164,2026-04-08T04:18:32.497978+00:00
233185,SUNUASSUR,2024-08-26,1.18,,,1.18,69780,2026-04-08T04:18:37.19542+00:00
233303,SUNUASSUR,2024-08-27,1.25,,,1.25,1190430,2026-04-08T04:18:39.561091+00:00
233421,SUNUASSUR,2024-08-28,1.27,,,1.27,687063,2026-04-08T04:18:42.048567+00:00
233539,SUNUASSUR,2024-08-29,1.28,,,1.28,367384,2026-04-08T04:18:44.36768+00:00
233657,SUNUASSUR,2024-09-02,1.28,,,1.28,246947,2026-04-08T04:18:49.632285+00:00
233775,SUNUASSUR,2024-09-03,1.22,,,1.22,798200,2026-04-08T04:18:52.389232+00:00
233893,SUNUASSUR,2024-09-04,1.29,,,1.29,1316005,2026-04-08T04:18:54.875674+00:00
234011,SUNUASSUR,2024-09-05,1.29,,,1.29,619720,2026-04-08T04:18:57.763256+00:00
234129,SUNUASSUR,2024-09-06,1.29,,,1.29,137000,2026-04-08T04:19:00.536712+00:00
234247,SUNUASSUR,2024-09-09,1.33,,,1.33,987013,2026-04-08T04:19:05.495104+00:00
234365,SUNUASSUR,2024-09-10,1.33,,,1.33,75588,2026-04-08T04:19:08.070871+00:00
234483,SUNUASSUR,2024-09-11,1.33,,,1.33,179650,2026-04-08T04:19:10.663572+00:00
234601,SUNUASSUR,2024-09-12,1.33,,,1.33,309466,2026-04-08T04:19:13.371302+00:00
234719,SUNUASSUR,2024-09-13,1.24,,,1.24,325844,2026-04-08T04:19:16.033041+00:00
234837,SUNUASSUR,2024-09-17,1.36,,,1.36,587951,2026-04-08T04:19:22.824888+00:00
234955,SUNUASSUR,2024-09-18,1.36,,,1.36,14666,2026-04-08T04:19:25.915955+00:00
235073,SUNUASSUR,2024-09-19,1.4,,,1.4,1024622,2026-04-08T04:19:28.330134+00:00
235191,SUNUASSUR,2024-09-20,1.42,,,1.42,805913,2026-04-08T04:19:30.82066+00:00
235309,SUNUASSUR,2024-09-23,1.48,,,1.48,412027,2026-04-08T04:19:35.29526+00:00
235427,SUNUASSUR,2024-09-24,1.5,,,1.5,679939,2026-04-08T04:19:37.629736+00:00
235545,SUNUASSUR,2024-09-25,1.5,,,1.5,85520,2026-04-08T04:19:40.096992+00:00
235663,SUNUASSUR,2024-09-26,1.55,,,1.55,686187,2026-04-08T04:19:42.676048+00:00
235781,SUNUASSUR,2024-09-27,1.55,,,1.55,107875,2026-04-08T04:19:45.342636+00:00
235899,SUNUASSUR,2024-09-30,1.7,,,1.7,652318,2026-04-08T04:19:50.223917+00:00
236017,SUNUASSUR,2024-10-02,1.7,,,1.7,130782,2026-04-08T04:19:53.821423+00:00
236135,SUNUASSUR,2024-10-03,1.65,,,1.65,2201025,2026-04-08T04:19:56.203135+00:00
236253,SUNUASSUR,2024-10-04,1.65,,,1.65,157561,2026-04-08T04:19:58.634737+00:00
236371,SUNUASSUR,2024-10-07,1.74,,,1.74,1821673,2026-04-08T04:20:03.05432+00:00
236489,SUNUASSUR,2024-10-08,1.75,,,1.75,1269614,2026-04-08T04:20:05.535519+00:00
236607,SUNUASSUR,2024-10-10,1.58,,,1.58,254850,2026-04-08T04:20:08.855054+00:00
236725,SUNUASSUR,2024-10-11,1.7,,,1.7,425738,2026-04-08T04:20:11.460237+00:00
236843,SUNUASSUR,2024-10-14,1.75,,,1.75,537027,2026-04-08T04:20:16.284622+00:00
236962,SUNUASSUR,2024-10-15,1.75,,,1.75,404545,2026-04-08T04:20:18.84933+00:00
237081,SUNUASSUR,2024-10-17,1.8,,,1.8,1519563,2026-04-08T04:20:23.389134+00:00
237200,SUNUASSUR,2024-10-18,1.8,,,1.8,1108515,2026-04-08T04:20:26.17489+00:00
237319,SUNUASSUR,2024-10-21,1.8,,,1.8,353223,2026-04-08T04:20:30.541886+00:00
237438,SUNUASSUR,2024-10-22,1.85,,,1.85,364741,2026-04-08T04:20:32.890604+00:00
237557,SUNUASSUR,2024-10-23,1.9,,,1.9,2171320,2026-04-08T04:20:35.186729+00:00
237676,SUNUASSUR,2024-10-24,1.9,,,1.9,597145,2026-04-08T04:20:37.740613+00:00
237795,SUNUASSUR,2024-10-25,1.9,,,1.9,3220344,2026-04-08T04:20:40.222387+00:00
237914,SUNUASSUR,2024-10-28,1.9,,,1.9,348450,2026-04-08T04:20:44.742576+00:00
238033,SUNUASSUR,2024-10-29,1.9,,,1.9,113585,2026-04-08T04:20:47.136244+00:00
238152,SUNUASSUR,2024-10-30,1.9,,,1.9,66831,2026-04-08T04:20:49.405969+00:00
238271,SUNUASSUR,2024-10-31,2.09,,,2.09,576296,2026-04-08T04:20:51.756515+00:00
238390,SUNUASSUR,2024-11-01,2.09,,,2.09,584244,2026-04-08T04:20:54.1075+00:00
238509,SUNUASSUR,2024-11-04,2.09,,,2.09,596622,2026-04-08T04:20:58.471072+00:00
238628,SUNUASSUR,2024-11-05,2.09,,,2.09,220010,2026-04-08T04:21:01.00344+00:00
238747,SUNUASSUR,2024-11-06,2.09,,,2.09,388991,2026-04-08T04:21:03.585377+00:00
238866,SUNUASSUR,2024-11-07,2.28,,,2.28,2703852,2026-04-08T04:21:06.256351+00:00
238985,SUNUASSUR,2024-11-08,2.06,,,2.06,455843,2026-04-08T04:21:08.623134+00:00
239104,SUNUASSUR,2024-11-11,2.06,,,2.06,1351886,2026-04-08T04:21:12.782875+00:00
239223,SUNUASSUR,2024-11-12,2.26,,,2.26,331090,2026-04-08T04:21:15.417322+00:00
239342,SUNUASSUR,2024-11-13,2.26,,,2.26,515623,2026-04-08T04:21:17.790166+00:00
239461,SUNUASSUR,2024-11-14,2.48,,,2.48,1287895,2026-04-08T04:21:20.354873+00:00
239580,SUNUASSUR,2024-11-15,2.72,,,2.72,13399947,2026-04-08T04:21:22.90937+00:00
239699,SUNUASSUR,2024-11-18,2.6,,,2.6,1036826,2026-04-08T04:21:27.576358+00:00
239818,SUNUASSUR,2024-11-19,2.7,,,2.7,2786329,2026-04-08T04:21:29.868433+00:00
239937,SUNUASSUR,2024-11-20,2.72,,,2.72,5117499,2026-04-08T04:21:32.433299+00:00
240056,SUNUASSUR,2024-11-21,2.99,,,2.99,566027,2026-04-08T04:21:34.755564+00:00
240175,SUNUASSUR,2024-11-22,3.16,,,3.16,2547851,2026-04-08T04:21:37.514754+00:00
240294,SUNUASSUR,2024-11-25,3.47,,,3.47,895581,2026-04-08T04:21:41.818387+00:00
240413,SUNUASSUR,2024-11-26,3.81,,,3.81,4316050,2026-04-08T04:21:44.163824+00:00
240532,SUNUASSUR,2024-11-27,4.19,,,4.19,5564636,2026-04-08T04:21:46.720727+00:00
240651,SUNUASSUR,2024-11-28,4.1,,,4.1,1866365,2026-04-08T04:21:49.110263+00:00
240770,SUNUASSUR,2024-12-02,4.25,,,4.25,6966538,2026-04-08T04:21:54.88401+00:00
240889,SUNUASSUR,2024-12-03,4.67,,,4.67,9401139,2026-04-08T04:21:57.640504+00:00
241008,SUNUASSUR,2024-12-04,4.21,,,4.21,2548490,2026-04-08T04:21:59.930228+00:00
241127,SUNUASSUR,2024-12-06,5.05,,,5.05,4399670,2026-04-08T04:22:03.392712+00:00
241246,SUNUASSUR,2024-12-09,5.05,,,5.05,700886,2026-04-08T04:22:07.745808+00:00
241365,SUNUASSUR,2024-12-10,5.41,,,5.41,6759966,2026-04-08T04:22:10.112253+00:00
241484,SUNUASSUR,2024-12-11,5.69,,,5.69,1321233,2026-04-08T04:22:12.639548+00:00
241603,SUNUASSUR,2024-12-12,6.15,,,6.15,2341745,2026-04-08T04:22:15.033357+00:00
241722,SUNUASSUR,2024-12-13,6.1,,,6.1,3491911,2026-04-08T04:22:17.509919+00:00
241841,SUNUASSUR,2024-12-16,6.09,,,6.09,1831560,2026-04-08T04:22:22.499781+00:00
241960,SUNUASSUR,2024-12-17,6.05,,,6.05,2618528,2026-04-08T04:22:24.995572+00:00
242079,SUNUASSUR,2024-12-18,6.5,,,6.5,2636167,2026-04-08T04:22:27.498126+00:00
242198,SUNUASSUR,2024-12-19,6.95,,,6.95,2473034,2026-04-08T04:22:29.868083+00:00
242317,SUNUASSUR,2024-12-20,7.49,,,7.49,3168771,2026-04-08T04:22:32.392508+00:00
242436,SUNUASSUR,2024-12-23,8.23,,,8.23,1060361,2026-04-08T04:22:36.740311+00:00
242555,SUNUASSUR,2024-12-24,8.23,,,8.23,2475440,2026-04-08T04:22:39.25804+00:00
242674,SUNUASSUR,2024-12-27,8.99,,,8.99,805841,2026-04-08T04:22:43.946119+00:00
242792,SUNUASSUR,2024-12-31,10.75,,,10.75,1109550,2026-04-08T04:22:48.665239+00:00
242910,SUNUASSUR,2025-01-02,11.65,,,11.65,3361481,2026-04-08T04:22:52.256438+00:00
243028,SUNUASSUR,2025-01-03,11.5,,,11.5,3007922,2026-04-08T04:22:55.101113+00:00
243146,SUNUASSUR,2025-01-06,11.12,,,11.12,2310138,2026-04-08T04:23:00.046313+00:00
243264,SUNUASSUR,2025-01-07,10.01,,,10.01,1390054,2026-04-08T04:23:02.329348+00:00
243382,SUNUASSUR,2025-01-08,9.01,,,9.01,1351669,2026-04-08T04:23:04.632968+00:00
243500,SUNUASSUR,2025-01-09,8.11,,,8.11,1651359,2026-04-08T04:23:06.908261+00:00
243618,SUNUASSUR,2025-01-10,7.3,,,7.3,1275473,2026-04-08T04:23:09.304805+00:00
243736,SUNUASSUR,2025-01-13,6.6,,,6.6,10164937,2026-04-08T04:23:13.790041+00:00
243854,SUNUASSUR,2025-01-14,6.1,,,6.1,3341537,2026-04-08T04:23:16.129929+00:00
243972,SUNUASSUR,2025-01-15,6.71,,,6.71,2529885,2026-04-08T04:23:18.535433+00:00
244090,SUNUASSUR,2025-01-16,6.62,,,6.62,4791329,2026-04-08T04:23:20.834867+00:00
244208,SUNUASSUR,2025-01-17,6.69,,,6.69,4231516,2026-04-08T04:23:23.141674+00:00
244326,SUNUASSUR,2025-01-20,6.69,,,6.69,200465,2026-04-08T04:23:27.482452+00:00
244444,SUNUASSUR,2025-01-21,6.15,,,6.15,855149,2026-04-08T04:23:29.752731+00:00
244562,SUNUASSUR,2025-01-22,5.98,,,5.98,2184544,2026-04-08T04:23:32.235559+00:00
244680,SUNUASSUR,2025-01-23,5.5,,,5.5,4284669,2026-04-08T04:23:34.519549+00:00
244798,SUNUASSUR,2025-01-24,5.01,,,5.01,3559775,2026-04-08T04:23:37.097992+00:00
244916,SUNUASSUR,2025-01-27,5.0,,,5.0,4513340,2026-04-08T04:23:41.817807+00:00
245034,SUNUASSUR,2025-01-28,5.4,,,5.4,2745193,2026-04-08T04:23:44.43679+00:00
245152,SUNUASSUR,2025-01-30,5.75,,,5.75,1503721,2026-04-08T04:23:47.90788+00:00
245270,SUNUASSUR,2025-01-31,5.75,,,5.75,1503721,2026-04-08T04:23:50.425841+00:00
245388,SUNUASSUR,2025-02-03,5.7,,,5.7,678015,2026-04-08T04:23:55.090801+00:00
245506,SUNUASSUR,2025-02-04,5.35,,,5.35,1302328,2026-04-08T04:23:57.584141+00:00
245624,SUNUASSUR,2025-02-05,5.16,,,5.16,2839090,2026-04-08T04:24:00.484627+00:00
245742,SUNUASSUR,2025-02-06,5.01,,,5.01,1457487,2026-04-08T04:24:04.153698+00:00
245860,SUNUASSUR,2025-02-07,5.01,,,5.01,156941,2026-04-08T04:24:07.822728+00:00
245978,SUNUASSUR,2025-02-10,5.45,,,5.45,7817101,2026-04-08T04:24:13.163899+00:00
246096,SUNUASSUR,2025-02-11,5.59,,,5.59,1397009,2026-04-08T04:24:15.629092+00:00
246214,SUNUASSUR,2025-02-12,5.7,,,5.7,1459503,2026-04-08T04:24:18.226035+00:00
246332,SUNUASSUR,2025-02-13,6.27,,,6.27,1985979,2026-04-08T04:24:20.725749+00:00
246450,SUNUASSUR,2025-02-14,6.41,,,6.41,1828784,2026-04-08T04:24:23.300806+00:00
246568,SUNUASSUR,2025-02-17,5.95,,,5.95,2775268,2026-04-08T04:24:27.726986+00:00
246686,SUNUASSUR,2025-02-18,6.52,,,6.52,4044312,2026-04-08T04:24:30.295737+00:00
246804,SUNUASSUR,2025-02-19,6.92,,,6.92,1009209,2026-04-08T04:24:32.765887+00:00
246922,SUNUASSUR,2025-02-20,6.74,,,6.74,2219126,2026-04-08T04:24:35.351909+00:00
247040,SUNUASSUR,2025-02-21,6.6,,,6.6,1172529,2026-04-08T04:24:37.680479+00:00
247158,SUNUASSUR,2025-02-25,5.8,,,5.8,442829,2026-04-08T04:24:43.419296+00:00
247276,SUNUASSUR,2025-02-26,5.9,,,5.9,902389,2026-04-08T04:24:45.860894+00:00
247394,SUNUASSUR,2025-02-27,5.52,,,5.52,3054419,2026-04-08T04:24:48.27846+00:00
247512,SUNUASSUR,2025-02-28,5.31,,,5.31,916089,2026-04-08T04:24:50.63724+00:00
247630,SUNUASSUR,2025-03-03,5.31,,,5.31,381887,2026-04-08T04:24:55.222854+00:00
247748,SUNUASSUR,2025-03-04,5.5,,,5.5,735892,2026-04-08T04:24:57.762887+00:00
247867,SUNUASSUR,2025-03-05,5.3,,,5.3,3351851,2026-04-08T04:25:00.108696+00:00
247986,SUNUASSUR,2025-03-06,4.77,,,4.77,2270370,2026-04-08T04:25:02.52336+00:00
248105,SUNUASSUR,2025-03-07,5.1,,,5.1,878835,2026-04-08T04:25:04.19753+00:00
248224,SUNUASSUR,2025-03-10,4.95,,,4.95,1644971,2026-04-08T04:25:07.959889+00:00
248343,SUNUASSUR,2025-03-11,4.91,,,4.91,735214,2026-04-08T04:25:10.446731+00:00
248462,SUNUASSUR,2025-03-12,4.91,,,4.91,390627,2026-04-08T04:25:12.888859+00:00
248581,SUNUASSUR,2025-03-13,4.9,,,4.9,308242,2026-04-08T04:25:15.353849+00:00
248700,SUNUASSUR,2025-03-14,5.14,,,5.14,1019264,2026-04-08T04:25:17.75152+00:00
248819,SUNUASSUR,2025-03-17,4.63,,,4.63,2452664,2026-04-08T04:25:23.327657+00:00
248938,SUNUASSUR,2025-03-18,5.0,,,5.0,652415,2026-04-08T04:25:25.763099+00:00
249057,SUNUASSUR,2025-03-19,5.0,,,5.0,152946,2026-04-08T04:25:28.144043+00:00
249176,SUNUASSUR,2025-03-20,4.99,,,4.99,750392,2026-04-08T04:25:31.01834+00:00
249295,SUNUASSUR,2025-03-21,4.99,,,4.99,141148,2026-04-08T04:25:33.389958+00:00
249414,SUNUASSUR,2025-03-24,5.45,,,5.45,3704320,2026-04-08T04:25:38.388993+00:00
249533,SUNUASSUR,2025-03-25,5.85,,,5.85,1617249,2026-04-08T04:25:40.7685+00:00
249652,SUNUASSUR,2025-03-26,6.3,,,6.3,1223949,2026-04-08T04:25:43.344812+00:00
249771,SUNUASSUR,2025-03-27,6.5,,,6.5,4099748,2026-04-08T04:25:45.817232+00:00
249890,SUNUASSUR,2025-03-28,6.65,,,6.65,3746904,2026-04-08T04:25:48.177352+00:00
250009,SUNUASSUR,2025-04-02,5.99,,,5.99,416736,2026-04-08T04:25:54.663823+00:00
250128,SUNUASSUR,2025-04-03,5.99,,,5.99,901085,2026-04-08T04:25:57.014747+00:00
250247,SUNUASSUR,2025-04-04,5.76,,,5.76,639194,2026-04-08T04:25:59.489503+00:00
250366,SUNUASSUR,2025-04-07,5.19,,,5.19,656535,2026-04-08T04:26:04.211964+00:00
250485,SUNUASSUR,2025-04-08,5.19,,,5.19,56790,2026-04-08T04:26:06.766331+00:00
250604,SUNUASSUR,2025-04-10,5.5,,,5.5,423523,2026-04-08T04:26:10.263658+00:00
250723,SUNUASSUR,2025-04-11,5.5,,,5.5,48398,2026-04-08T04:26:12.610372+00:00
250842,SUNUASSUR,2025-04-14,5.5,,,5.5,82071,2026-04-08T04:26:17.137975+00:00
250961,SUNUASSUR,2025-04-15,5.5,,,5.5,995797,2026-04-08T04:26:19.634971+00:00
251080,SUNUASSUR,2025-04-16,5.55,,,5.55,1215921,2026-04-08T04:26:22.321337+00:00
251199,SUNUASSUR,2025-04-17,5.0,,,5.0,838689,2026-04-08T04:26:24.819431+00:00
251318,SUNUASSUR,2025-04-22,5.0,,,5.0,123638,2026-04-08T04:26:31.401152+00:00
251437,SUNUASSUR,2025-04-23,5.2,,,5.2,936980,2026-04-08T04:26:33.741411+00:00
251556,SUNUASSUR,2025-04-24,5.2,,,5.2,93993,2026-04-08T04:26:36.383131+00:00
251676,SUNUASSUR,2025-04-25,5.2,,,5.2,188699,2026-04-08T04:26:38.677219+00:00
251796,SUNUASSUR,2025-04-28,5.2,,,5.2,90708,2026-04-08T04:26:43.113614+00:00
251916,SUNUASSUR,2025-04-29,4.9,,,4.9,6514786,2026-04-08T04:26:45.609073+00:00
252036,SUNUASSUR,2025-04-30,4.79,,,4.79,1699220,2026-04-08T04:26:48.242472+00:00
252156,SUNUASSUR,2025-05-02,4.93,,,4.93,876252,2026-04-08T04:26:51.690529+00:00
252276,SUNUASSUR,2025-05-05,4.93,,,4.93,294006,2026-04-08T04:26:56.275381+00:00
252396,SUNUASSUR,2025-05-06,4.93,,,4.93,232930,2026-04-08T04:26:58.7221+00:00
252516,SUNUASSUR,2025-05-07,4.88,,,4.88,3435940,2026-04-08T04:27:01.170235+00:00
252636,SUNUASSUR,2025-05-08,5.35,,,5.35,1270641,2026-04-08T04:27:03.468055+00:00
252756,SUNUASSUR,2025-05-09,4.99,,,4.99,730797,2026-04-08T04:27:05.963213+00:00
252876,SUNUASSUR,2025-05-12,5.25,,,5.25,885025,2026-04-08T04:27:10.449459+00:00
252996,SUNUASSUR,2025-05-14,5.34,,,5.34,155241,2026-04-08T04:27:13.89162+00:00
253116,SUNUASSUR,2025-05-15,5.34,,,5.34,321352,2026-04-08T04:27:16.307455+00:00
253236,SUNUASSUR,2025-05-16,5.34,,,5.34,181934,2026-04-08T04:27:18.639316+00:00
253356,SUNUASSUR,2025-05-19,4.9,,,4.9,1709898,2026-04-08T04:27:23.06518+00:00
253476,SUNUASSUR,2025-05-20,4.9,,,4.9,1709898,2026-04-08T04:27:25.663956+00:00
253596,SUNUASSUR,2025-05-21,4.9,,,4.9,1196802,2026-04-08T04:27:28.280255+00:00
253716,SUNUASSUR,2025-05-22,4.9,,,4.9,519937,2026-04-08T04:27:30.733393+00:00
253836,SUNUASSUR,2025-05-23,4.9,,,4.9,245568,2026-04-08T04:27:33.142895+00:00
253956,SUNUASSUR,2025-05-26,4.9,,,4.9,952643,2026-04-08T04:27:37.938794+00:00
254076,SUNUASSUR,2025-05-27,4.9,,,4.9,105908,2026-04-08T04:27:40.395447+00:00
254196,SUNUASSUR,2025-05-28,5.25,,,5.25,971274,2026-04-08T04:27:42.906627+00:00
254316,SUNUASSUR,2025-05-29,5.4,,,5.4,1056687,2026-04-08T04:27:45.903166+00:00
254436,SUNUASSUR,2025-05-30,5.4,,,5.4,1876775,2026-04-08T04:27:48.4452+00:00
254556,SUNUASSUR,2025-06-02,5.3,,,5.3,1659639,2026-04-08T04:27:53.01382+00:00
254676,SUNUASSUR,2025-06-03,5.3,,,5.3,945673,2026-04-08T04:27:55.368454+00:00
254796,SUNUASSUR,2025-06-04,5.23,,,5.23,1594604,2026-04-08T04:27:57.94541+00:00
254916,SUNUASSUR,2025-06-05,5.23,,,5.23,512738,2026-04-08T04:28:00.320696+00:00
255036,SUNUASSUR,2025-06-10,5.23,,,5.23,384607,2026-04-08T04:28:07.114795+00:00
255156,SUNUASSUR,2025-06-11,5.23,,,5.23,1732677,2026-04-08T04:28:09.38594+00:00
255276,SUNUASSUR,2025-06-17,5.23,,,5.23,149119,2026-04-08T04:28:17.228975+00:00
255396,SUNUASSUR,2025-06-18,5.23,,,5.23,527610,2026-04-08T04:28:19.70912+00:00
255516,SUNUASSUR,2025-06-19,4.99,,,4.99,2190555,2026-04-08T04:28:22.276816+00:00
255636,SUNUASSUR,2025-06-20,4.56,,,4.56,2550167,2026-04-08T04:28:24.65394+00:00
255756,SUNUASSUR,2025-06-23,4.95,,,4.95,1497513,2026-04-08T04:28:29.225711+00:00
255876,SUNUASSUR,2025-06-24,5.0,,,5.0,2801912,2026-04-08T04:28:31.569579+00:00
255996,SUNUASSUR,2025-06-25,5.11,,,5.11,2900197,2026-04-08T04:28:33.910697+00:00
256116,SUNUASSUR,2025-06-26,5.12,,,5.12,2267334,2026-04-08T04:28:36.389223+00:00
256236,SUNUASSUR,2025-06-27,5.0,,,5.0,2551714,2026-04-08T04:28:38.797599+00:00
256356,SUNUASSUR,2025-07-01,4.99,,,4.99,1410442,2026-04-08T04:28:44.517216+00:00
256476,SUNUASSUR,2025-07-02,4.99,,,4.99,595755,2026-04-08T04:28:47.139962+00:00
256596,SUNUASSUR,2025-07-03,4.99,,,4.99,201272,2026-04-08T04:28:49.506141+00:00
256716,SUNUASSUR,2025-07-04,5.0,,,5.0,1134640,2026-04-08T04:28:51.76506+00:00
256836,SUNUASSUR,2025-07-07,4.5,,,4.5,19160498,2026-04-08T04:28:56.230166+00:00
256956,SUNUASSUR,2025-07-08,4.22,,,4.22,12224524,2026-04-08T04:28:58.705995+00:00
257076,SUNUASSUR,2025-07-09,4.64,,,4.64,7539937,2026-04-08T04:29:01.058721+00:00
257196,SUNUASSUR,2025-07-10,4.94,,,4.94,2988488,2026-04-08T04:29:03.550316+00:00
257316,SUNUASSUR,2025-07-11,4.79,,,4.79,9862910,2026-04-08T04:29:06.089999+00:00
257436,SUNUASSUR,2025-07-14,5.0,,,5.0,6391543,2026-04-08T04:29:10.69196+00:00
257556,SUNUASSUR,2025-07-16,4.99,,,4.99,1948897,2026-04-08T04:29:14.112969+00:00
257676,SUNUASSUR,2025-07-17,5.02,,,5.02,1622721,2026-04-08T04:29:16.489777+00:00
257796,SUNUASSUR,2025-07-18,5.0,,,5.0,1457384,2026-04-08T04:29:18.854517+00:00
257916,SUNUASSUR,2025-07-21,4.9,,,4.9,3803242,2026-04-08T04:29:23.300994+00:00
258036,SUNUASSUR,2025-07-22,5.0,,,5.0,1333667,2026-04-08T04:29:25.922592+00:00
258156,SUNUASSUR,2025-07-23,4.65,,,4.65,1911140,2026-04-08T04:29:29.05968+00:00
258276,SUNUASSUR,2025-07-24,4.97,,,4.97,1076629,2026-04-08T04:29:31.486978+00:00
258396,SUNUASSUR,2025-07-25,4.64,,,4.64,18838019,2026-04-08T04:29:33.980938+00:00
258516,SUNUASSUR,2025-07-28,4.64,,,4.64,4124456,2026-04-08T04:29:38.78621+00:00
258635,SUNUASSUR,2025-07-29,4.58,,,4.58,13439825,2026-04-08T04:29:41.392621+00:00
258754,SUNUASSUR,2025-07-30,4.14,,,4.14,11720371,2026-04-08T04:29:43.881641+00:00
258873,SUNUASSUR,2025-07-31,4.5,,,4.5,5019162,2026-04-08T04:29:46.315218+00:00
258992,SUNUASSUR,2025-08-01,4.44,,,4.44,1346159,2026-04-08T04:29:48.711654+00:00
259110,SUNUASSUR,2025-08-04,4.4,,,4.4,1214382,2026-04-08T04:29:53.303607+00:00
259229,SUNUASSUR,2025-08-05,4.84,,,4.84,13215862,2026-04-08T04:29:55.780422+00:00
259348,SUNUASSUR,2025-08-06,5.32,,,5.32,9022325,2026-04-08T04:29:58.241852+00:00
259467,SUNUASSUR,2025-08-07,5.18,,,5.18,34038525,2026-04-08T04:30:00.56444+00:00
259586,SUNUASSUR,2025-08-08,5.0,,,5.0,26648412,2026-04-08T04:30:02.234883+00:00
259705,SUNUASSUR,2025-08-11,5.5,,,5.5,15337594,2026-04-08T04:30:07.037349+00:00
259824,SUNUASSUR,2025-08-12,6.05,,,6.05,13541656,2026-04-08T04:30:09.28323+00:00
259943,SUNUASSUR,2025-08-13,6.65,,,6.65,4525371,2026-04-08T04:30:11.815521+00:00
260062,SUNUASSUR,2025-08-14,6.35,,,6.35,41758097,2026-04-08T04:30:14.350221+00:00
260181,SUNUASSUR,2025-08-15,6.19,,,6.19,5130189,2026-04-08T04:30:16.786076+00:00
260300,SUNUASSUR,2025-08-18,6.8,,,6.8,7525838,2026-04-08T04:30:21.560319+00:00
260419,SUNUASSUR,2025-08-19,6.21,,,6.21,5051404,2026-04-08T04:30:23.869462+00:00
260538,SUNUASSUR,2025-08-20,5.8,,,5.8,1421958,2026-04-08T04:30:26.318672+00:00
260657,SUNUASSUR,2025-08-21,5.7,,,5.7,1146642,2026-04-08T04:30:28.670378+00:00
260776,SUNUASSUR,2025-08-22,6.04,,,6.04,4286976,2026-04-08T04:30:30.96965+00:00
260895,SUNUASSUR,2025-08-25,6.05,,,6.05,1698746,2026-04-08T04:30:35.521871+00:00
261014,SUNUASSUR,2025-08-26,5.95,,,5.95,1854602,2026-04-08T04:30:37.91594+00:00
261133,SUNUASSUR,2025-08-27,5.92,,,5.92,2090863,2026-04-08T04:30:40.231113+00:00
261252,SUNUASSUR,2025-08-28,5.54,,,5.54,1331579,2026-04-08T04:30:42.59826+00:00
261371,SUNUASSUR,2025-08-29,5.54,,,5.54,836226,2026-04-08T04:30:45.09102+00:00
261490,SUNUASSUR,2025-09-01,5.54,,,5.54,834260,2026-04-08T04:30:49.608802+00:00
261609,SUNUASSUR,2025-09-02,5.54,,,5.54,598222,2026-04-08T04:30:52.312491+00:00
261728,SUNUASSUR,2025-09-03,5.01,,,5.01,448497,2026-04-08T04:30:55.837007+00:00
261847,SUNUASSUR,2025-09-04,5.5,,,5.5,723464,2026-04-08T04:30:58.198935+00:00
261966,SUNUASSUR,2025-09-08,5.5,,,5.5,882069,2026-04-08T04:31:03.728068+00:00
262085,SUNUASSUR,2025-09-09,5.5,,,5.5,674197,2026-04-08T04:31:06.294869+00:00
262204,SUNUASSUR,2025-09-10,5.99,,,5.99,450962,2026-04-08T04:31:08.610575+00:00
262323,SUNUASSUR,2025-09-11,5.99,,,5.99,969488,2026-04-08T04:31:10.974873+00:00
262442,SUNUASSUR,2025-09-12,5.9,,,5.9,1054572,2026-04-08T04:31:13.547359+00:00
262561,SUNUASSUR,2025-09-15,5.9,,,5.9,247004,2026-04-08T04:31:18.268622+00:00
262680,SUNUASSUR,2025-09-16,5.9,,,5.9,433123,2026-04-08T04:31:20.741189+00:00
262799,SUNUASSUR,2025-09-17,5.7,,,5.7,2672055,2026-04-08T04:31:23.24235+00:00
262918,SUNUASSUR,2025-09-18,5.7,,,5.7,443062,2026-04-08T04:31:25.598019+00:00
263037,SUNUASSUR,2025-09-19,5.37,,,5.37,1188980,2026-04-08T04:31:28.111008+00:00
263156,SUNUASSUR,2025-09-22,5.37,,,5.37,698568,2026-04-08T04:31:32.624882+00:00
263275,SUNUASSUR,2025-09-23,5.37,,,5.37,701645,2026-04-08T04:31:35.170326+00:00
263394,SUNUASSUR,2025-09-24,5.37,,,5.37,952986,2026-04-08T04:31:37.673105+00:00
263513,SUNUASSUR,2025-09-25,5.37,,,5.37,613576,2026-04-08T04:31:40.100841+00:00
263632,SUNUASSUR,2025-09-26,5.79,,,5.79,910798,2026-04-08T04:31:42.548783+00:00
263751,SUNUASSUR,2025-09-29,5.75,,,5.75,1683251,2026-04-08T04:31:47.029675+00:00
263870,SUNUASSUR,2025-09-30,5.99,,,5.99,3430540,2026-04-08T04:31:49.320364+00:00
263989,SUNUASSUR,2025-10-02,5.8,,,5.8,761176,2026-04-08T04:31:52.706523+00:00
264108,SUNUASSUR,2025-10-03,5.7,,,5.7,565678,2026-04-08T04:31:55.311341+00:00
264227,SUNUASSUR,2025-10-06,5.8,,,5.8,1712921,2026-04-08T04:31:59.803196+00:00
264346,SUNUASSUR,2025-10-07,5.8,,,5.8,656232,2026-04-08T04:32:02.285104+00:00
264465,SUNUASSUR,2025-10-08,5.25,,,5.25,1194940,2026-04-08T04:32:04.646463+00:00
264584,SUNUASSUR,2025-10-09,5.77,,,5.77,1160912,2026-04-08T04:32:07.004133+00:00
264703,SUNUASSUR,2025-10-10,5.77,,,5.77,129987,2026-04-08T04:32:10.69692+00:00
264822,SUNUASSUR,2025-10-13,5.77,,,5.77,439238,2026-04-08T04:32:15.267586+00:00
264941,SUNUASSUR,2025-10-14,5.77,,,5.77,246529,2026-04-08T04:32:17.792097+00:00
265060,SUNUASSUR,2025-10-15,5.77,,,5.77,350693,2026-04-08T04:32:20.093513+00:00
265179,SUNUASSUR,2025-10-16,5.21,,,5.21,845512,2026-04-08T04:32:22.728593+00:00
265298,SUNUASSUR,2025-10-17,5.25,,,5.25,2203197,2026-04-08T04:32:25.167177+00:00
265417,SUNUASSUR,2025-10-20,5.3,,,5.3,851084,2026-04-08T04:32:29.532096+00:00
265536,SUNUASSUR,2025-10-21,5.3,,,5.3,482509,2026-04-08T04:32:31.920152+00:00
265655,SUNUASSUR,2025-10-22,5.3,,,5.3,372623,2026-04-08T04:32:34.332447+00:00
265774,SUNUASSUR,2025-10-23,5.3,,,5.3,178820,2026-04-08T04:32:36.79914+00:00
265893,SUNUASSUR,2025-10-24,5.2,,,5.2,640698,2026-04-08T04:32:39.249323+00:00
266012,SUNUASSUR,2025-10-28,5.15,,,5.15,585668,2026-04-08T04:32:44.921336+00:00
266131,SUNUASSUR,2025-10-29,5.01,,,5.01,3215221,2026-04-08T04:32:47.450266+00:00
266250,SUNUASSUR,2025-10-30,5.01,,,5.01,710758,2026-04-08T04:32:49.91761+00:00
266369,SUNUASSUR,2025-10-31,4.51,,,4.51,1440250,2026-04-08T04:32:52.375955+00:00
266488,SUNUASSUR,2025-11-03,4.51,,,4.51,138929,2026-04-08T04:32:57.290654+00:00
266607,SUNUASSUR,2025-11-04,4.96,,,4.96,1032284,2026-04-08T04:32:59.739678+00:00
266726,SUNUASSUR,2025-11-05,4.95,,,4.95,1112261,2026-04-08T04:33:02.152799+00:00
266845,SUNUASSUR,2025-11-06,4.8,,,4.8,819733,2026-04-08T04:33:04.646202+00:00
266964,SUNUASSUR,2025-11-07,4.55,,,4.55,1040774,2026-04-08T04:33:07.145499+00:00
267083,SUNUASSUR,2025-11-10,4.4,,,4.4,1933923,2026-04-08T04:33:11.744122+00:00
267202,SUNUASSUR,2025-11-11,4.3,,,4.3,1165994,2026-04-08T04:33:14.17228+00:00
267321,SUNUASSUR,2025-11-12,4.51,,,4.51,2252852,2026-04-08T04:33:16.719178+00:00
267440,SUNUASSUR,2025-11-13,4.51,,,4.51,117935,2026-04-08T04:33:19.052814+00:00
267559,SUNUASSUR,2025-11-14,4.7,,,4.7,699327,2026-04-08T04:33:21.762061+00:00
267678,SUNUASSUR,2025-11-17,4.6,,,4.6,1004668,2026-04-08T04:33:26.271116+00:00
267797,SUNUASSUR,2025-11-18,4.6,,,4.6,867984,2026-04-08T04:33:29.067053+00:00
267916,SUNUASSUR,2025-11-19,4.6,,,4.6,68830,2026-04-08T04:33:31.487527+00:00
268035,SUNUASSUR,2025-11-20,4.6,,,4.6,115816,2026-04-08T04:33:33.887172+00:00
268154,SUNUASSUR,2025-11-21,4.6,,,4.6,1309030,2026-04-08T04:33:36.654129+00:00
268273,SUNUASSUR,2025-11-24,4.6,,,4.6,1127504,2026-04-08T04:33:41.368891+00:00
268392,SUNUASSUR,2025-11-25,4.38,,,4.38,2477176,2026-04-08T04:33:44.004166+00:00
268511,SUNUASSUR,2025-11-26,4.35,,,4.35,7407313,2026-04-08T04:33:46.260048+00:00
268630,SUNUASSUR,2025-11-27,4.35,,,4.35,101623,2026-04-08T04:33:48.488035+00:00
268749,SUNUASSUR,2025-11-28,3.92,,,3.92,5832982,2026-04-08T04:33:50.826192+00:00
268868,SUNUASSUR,2025-12-01,4.28,,,4.28,2226795,2026-04-08T04:33:55.236541+00:00
268987,SUNUASSUR,2025-12-02,4.2,,,4.2,1483401,2026-04-08T04:33:57.748335+00:00
269106,SUNUASSUR,2025-12-03,4.21,,,4.21,764759,2026-04-08T04:34:00.349419+00:00
269225,SUNUASSUR,2025-12-04,4.35,,,4.35,1934615,2026-04-08T04:34:03.142475+00:00
269344,SUNUASSUR,2025-12-05,4.34,,,4.34,5871688,2026-04-08T04:34:05.808951+00:00
269463,SUNUASSUR,2025-12-08,4.34,,,4.34,198662,2026-04-08T04:34:10.334331+00:00
269582,SUNUASSUR,2025-12-09,4.3,,,4.3,2677055,2026-04-08T04:34:12.926221+00:00
269701,SUNUASSUR,2025-12-10,4.0,,,4.0,4968958,2026-04-08T04:34:15.295879+00:00
269820,SUNUASSUR,2025-12-11,4.01,,,4.01,2047523,2026-04-08T04:34:17.804745+00:00
269939,SUNUASSUR,2025-12-12,4.01,,,4.01,169648,2026-04-08T04:34:20.615101+00:00
270058,SUNUASSUR,2025-12-15,4.02,,,4.02,1845859,2026-04-08T04:34:25.240467+00:00
270177,SUNUASSUR,2025-12-16,4.34,,,4.34,880436,2026-04-08T04:34:27.867795+00:00
270296,SUNUASSUR,2025-12-18,4.35,,,4.35,648376,2026-04-08T04:34:31.321522+00:00
270415,SUNUASSUR,2025-12-19,4.73,,,4.73,3042170,2026-04-08T04:34:33.771022+00:00
270534,SUNUASSUR,2025-12-22,5.17,,,5.17,936099,2026-04-08T04:34:38.115277+00:00
270653,SUNUASSUR,2025-12-23,5.16,,,5.16,1423294,2026-04-08T04:34:40.661369+00:00
270772,SUNUASSUR,2025-12-24,5.16,,,5.16,398693,2026-04-08T04:34:43.221402+00:00
270891,SUNUASSUR,2025-12-29,5.14,,,5.14,534786,2026-04-08T04:34:48.902152+00:00
271010,SUNUASSUR,2025-12-30,5.5,,,5.5,935170,2026-04-08T04:34:51.359097+00:00
271129,SUNUASSUR,2025-12-31,5.5,,,5.5,365228,2026-04-08T04:34:53.061316+00:00
271248,SUNUASSUR,2026-01-02,5.5,,,5.5,419466,2026-04-08T04:34:56.467348+00:00
271367,SUNUASSUR,2026-01-05,5.25,,,5.25,1655812,2026-04-08T04:35:01.008466+00:00
271486,SUNUASSUR,2026-01-06,5.4,,,5.4,1640079,2026-04-08T04:35:03.366972+00:00
271605,SUNUASSUR,2026-01-07,5.5,,,5.5,1047738,2026-04-08T04:35:05.819661+00:00
271724,SUNUASSUR,2026-01-08,5.05,,,5.05,2242196,2026-04-08T04:35:08.163488+00:00
271843,SUNUASSUR,2026-01-09,5.05,,,5.05,539959,2026-04-08T04:35:10.591402+00:00
271962,SUNUASSUR,2026-01-12,5.0,,,5.0,3336233,2026-04-08T04:35:15.220756+00:00
272081,SUNUASSUR,2026-01-13,5.0,,,5.0,302595,2026-04-08T04:35:17.864544+00:00
272200,SUNUASSUR,2026-01-14,4.9,,,4.9,5621340,2026-04-08T04:35:20.278959+00:00
272319,SUNUASSUR,2026-01-15,4.9,,,4.9,2116662,2026-04-08T04:35:23.159853+00:00
272438,SUNUASSUR,2026-01-16,4.77,,,4.77,1025597,2026-04-08T04:35:25.571119+00:00
272557,SUNUASSUR,2026-01-19,4.64,,,4.64,890666,2026-04-08T04:35:30.272746+00:00
272676,SUNUASSUR,2026-01-20,4.61,,,4.61,1820753,2026-04-08T04:35:32.536083+00:00
272796,SUNUASSUR,2026-01-21,4.65,,,4.65,4842862,2026-04-08T04:35:34.90344+00:00
272916,SUNUASSUR,2026-01-22,5.0,,,5.0,4509893,2026-04-08T04:35:36.566163+00:00
273036,SUNUASSUR,2026-01-23,5.0,,,5.0,314338,2026-04-08T04:35:38.92405+00:00
273156,SUNUASSUR,2026-01-26,4.64,,,4.64,1172481,2026-04-08T04:35:43.383975+00:00
273276,SUNUASSUR,2026-01-27,4.65,,,4.65,1424935,2026-04-08T04:35:45.70946+00:00
273396,SUNUASSUR,2026-01-28,4.99,,,4.99,2227249,2026-04-08T04:35:48.193808+00:00
273516,SUNUASSUR,2026-01-29,4.67,,,4.67,1693350,2026-04-08T04:35:50.479528+00:00
273636,SUNUASSUR,2026-01-30,5.13,,,5.13,4726223,2026-04-08T04:35:52.855058+00:00
273756,SUNUASSUR,2026-02-02,5.13,,,5.13,593527,2026-04-08T04:35:57.524813+00:00
273876,SUNUASSUR,2026-02-03,4.62,,,4.62,2507149,2026-04-08T04:36:00.137559+00:00
273996,SUNUASSUR,2026-02-04,4.3,,,4.3,7382822,2026-04-08T04:36:02.592569+00:00
274116,SUNUASSUR,2026-02-05,4.4,,,4.4,1192956,2026-04-08T04:36:04.997535+00:00
274236,SUNUASSUR,2026-02-06,4.52,,,4.52,1434720,2026-04-08T04:36:07.533957+00:00
84,SUNUASSUR,2026-02-08,,,,4.52,1434720,2026-02-08T00:18:13.946+00:00
274356,SUNUASSUR,2026-02-09,4.55,,,4.55,1393099,2026-04-08T04:36:12.456447+00:00
274476,SUNUASSUR,2026-02-10,4.77,,,4.77,1498466,2026-04-08T04:36:14.818506+00:00
274596,SUNUASSUR,2026-02-11,4.7,,,4.7,1193332,2026-04-08T04:36:17.460702+00:00
234,SUNUASSUR,2026-02-12,4.5,,,4.5,1192145,2026-02-12T09:23:56.101637+00:00
274836,SUNUASSUR,2026-02-13,4.41,,,4.41,3533962,2026-04-08T04:36:22.38356+00:00
274956,SUNUASSUR,2026-02-16,4.41,,,4.41,3376236,2026-04-08T04:36:26.879081+00:00
275076,SUNUASSUR,2026-02-17,4.69,,,4.69,2218824,2026-04-08T04:36:29.440312+00:00
275196,SUNUASSUR,2026-02-18,4.3,,,4.3,1983291,2026-04-08T04:36:31.166521+00:00
275316,SUNUASSUR,2026-02-19,4.3,,,4.3,378622,2026-04-08T04:36:33.575564+00:00
613,SUNUASSUR,2026-02-20,4.4,,,4.4,2098385,2026-02-20T23:15:44.934622+00:00
761,SUNUASSUR,2026-02-23,4.4,,,4.4,342237,2026-02-23T07:00:01.990412+00:00
909,SUNUASSUR,2026-02-24,4.4,,,4.4,230887,2026-02-24T07:00:01.929914+00:00
1057,SUNUASSUR,2026-02-25,4.4,,,4.4,600524,2026-02-25T07:00:01.953057+00:00
1205,SUNUASSUR,2026-02-26,4.43,,,4.43,793280,2026-02-26T07:00:01.915173+00:00
1893,SUNUASSUR,2026-02-27,4.43,,,4.43,304062,2026-02-27T07:00:02.056517+00:00
2774,SUNUASSUR,2026-02-28,4.43,,,4.43,304062,2026-02-28T18:00:03.453641+00:00
2922,SUNUASSUR,2026-03-01,4.43,,,4.43,304062,2026-03-01T18:00:03.821122+00:00
3070,SUNUASSUR,2026-03-02,4.4,,,4.4,1476889,2026-03-02T07:00:01.981706+00:00
4034,SUNUASSUR,2026-03-03,4.84,,,4.84,2746887,2026-03-03T07:00:01.858909+00:00
5471,SUNUASSUR,2026-03-04,4.84,,,4.84,662786,2026-03-04T07:00:02.010027+00:00
7189,SUNUASSUR,2026-03-05,4.84,,,4.84,233744,2026-03-05T07:00:02.0033+00:00
9705,SUNUASSUR,2026-03-06,4.79,,,4.79,818781,2026-03-06T07:00:02.033178+00:00
11363,SUNUASSUR,2026-03-07,4.79,,,4.79,818781,2026-03-07T18:00:06.285951+00:00
11511,SUNUASSUR,2026-03-08,4.79,,,4.79,818781,2026-03-08T18:00:03.574352+00:00
11659,SUNUASSUR,2026-03-09,4.32,,,4.32,730180,2026-03-09T07:00:02.016534+00:00
14175,SUNUASSUR,2026-03-10,4.75,,,4.75,2724313,2026-03-10T07:00:03.966079+00:00
16015,SUNUASSUR,2026-03-11,4.4,,,4.4,1462184,2026-03-11T07:00:02.147117+00:00
17731,SUNUASSUR,2026-03-12,4.4,,,4.4,263321,2026-03-12T07:00:02.06753+00:00
20247,SUNUASSUR,2026-03-13,4.4,,,4.4,156598,2026-03-13T07:00:01.993197+00:00
23693,SUNUASSUR,2026-03-16,4.4,,,4.4,325570,2026-03-16T08:30:01.80086+00:00
25524,SUNUASSUR,2026-03-17,4.4,,,4.4,441765,2026-03-17T08:30:01.70448+00:00
27387,SUNUASSUR,2026-03-18,4.33,,,4.33,493932,2026-03-18T08:30:01.732403+00:00
33201,SUNUASSUR,2026-03-23,4.49,,,4.49,624166,2026-03-23T08:30:01.705825+00:00
34779,SUNUASSUR,2026-03-24,4.5,,,4.5,1843059,2026-03-24T15:00:01.978259+00:00
34927,SUNUASSUR,2026-03-25,4.73,,,4.73,1559826,2026-03-25T15:00:01.528164+00:00
35075,SUNUASSUR,2026-03-26,4.31,,,4.31,1198102,2026-03-26T15:00:01.955832+00:00
35223,SUNUASSUR,2026-03-27,4.65,,,4.65,1156982,2026-03-27T15:00:02.114662+00:00
278196,SUNUASSUR,2026-03-30,4.65,,,4.65,319035,2026-04-08T04:37:47.74327+00:00
35371,SUNUASSUR,2026-03-31,4.65,,,4.65,311095,2026-03-31T15:00:02.085058+00:00
278436,SUNUASSUR,2026-04-01,4.65,,,4.65,169691,2026-04-08T04:37:52.684906+00:00
35519,SUNUASSUR,2026-04-02,4.65,,,4.65,100005,2026-04-02T15:00:01.864809+00:00
35963,SUNUASSUR,2026-04-07,4.2,,,4.2,1034929,2026-04-07T15:00:01.949344+00:00
278860,SUNUASSUR,2026-04-08,4.2,,,4.2,676621,2026-04-08T15:00:01.943007+00:00
279007,SUNUASSUR,2026-04-09,4.2,,,4.2,201099,2026-04-09T15:00:02.085141+00:00
279153,SUNUASSUR,2026-04-10,4.2,,,4.2,210433,2026-04-10T15:00:01.352272+00:00
279299,SUNUASSUR,2026-04-13,4.2,,,4.2,392514,2026-04-13T15:00:02.021173+00:00
279445,SUNUASSUR,2026-04-14,4.35,,,4.35,629429,2026-04-14T15:00:02.477878+00:00
279591,SUNUASSUR,2026-04-15,4.6,,,4.6,817910,2026-04-15T15:00:02.184222+00:00
279737,SUNUASSUR,2026-04-16,4.6,,,4.6,556962,2026-04-16T15:00:02.07143+00:00
279883,SUNUASSUR,2026-04-17,4.48,,,4.48,2190233,2026-04-17T15:00:02.06245+00:00
280029,SUNUASSUR,2026-04-20,4.88,,,4.88,825939,2026-04-20T15:00:01.862344+00:00
280175,SUNUASSUR,2026-04-21,4.7,,,4.7,748033,2026-04-21T15:00:02.189846+00:00
280321,SUNUASSUR,2026-04-22,4.68,,,4.68,724110,2026-04-22T15:00:02.200159+00:00
280467,SUNUASSUR,2026-04-23,4.6,,,4.6,1440436,2026-04-23T15:00:02.125151+00:00
280613,SUNUASSUR,2026-04-24,4.4,,,4.4,350919,2026-04-24T15:00:02.20649+00:00
280759,SUNUASSUR,2026-04-27,4.4,,,4.4,449134,2026-04-27T15:00:02.034997+00:00
280905,SUNUASSUR,2026-04-28,4.23,,,4.23,309185,2026-04-28T15:00:01.918241+00:00
281051,SUNUASSUR,2026-04-29,4.07,,,4.07,4206457,2026-04-29T15:00:02.672724+00:00
281197,SUNUASSUR,2026-04-30,4.0,,,4.0,5904256,2026-04-30T15:00:02.170664+00:00
281489,SUNUASSUR,2026-05-04,3.81,,,3.81,2673994,2026-05-04T15:00:02.156928+00:00
281635,SUNUASSUR,2026-05-05,4.5,,,4.5,1098887,2026-05-05T15:00:01.930748+00:00
281781,SUNUASSUR,2026-05-06,4.05,,,4.05,990405,2026-05-06T15:00:01.919787+00:00
281927,SUNUASSUR,2026-05-07,3.92,,,3.92,4439614,2026-05-07T15:00:01.995523+00:00
282073,SUNUASSUR,2026-05-08,4.0,,,4.0,2535947,2026-05-08T15:00:02.118161+00:00
282219,SUNUASSUR,2026-05-11,4.25,,,4.25,1221176,2026-05-11T15:00:02.243132+00:00
282365,SUNUASSUR,2026-05-12,4.25,,,4.25,402355,2026-05-12T15:00:02.325735+00:00
282511,SUNUASSUR,2026-05-13,3.9,,,3.9,926373,2026-05-13T15:00:01.887561+00:00
282657,SUNUASSUR,2026-05-14,4.0,,,4.0,3115654,2026-05-14T15:00:01.952989+00:00
282803,SUNUASSUR,2026-05-15,3.9,,,3.9,801727,2026-05-15T15:00:01.871578+00:00
282949,SUNUASSUR,2026-05-18,4.55,,,4.55,1310194,2026-05-18T15:00:01.868607+00:00
283095,SUNUASSUR,2026-05-19,4.52,,,4.52,858164,2026-05-19T15:00:01.863653+00:00
283241,SUNUASSUR,2026-05-20,4.52,,,4.52,5778411,2026-05-20T15:00:01.871845+00:00
283387,SUNUASSUR,2026-05-21,4.52,,,4.52,114829,2026-05-21T15:00:01.939198+00:00
283533,SUNUASSUR,2026-05-22,4.52,,,4.52,381951,2026-05-22T15:00:02.031345+00:00
283679,SUNUASSUR,2026-05-25,4.7,,,4.7,1170078,2026-05-25T15:00:01.979384+00:00
283825,SUNUASSUR,2026-05-26,4.4,,,4.4,877083,2026-05-26T15:00:01.996051+00:00
284263,SUNUASSUR,2026-05-29,4.4,,,4.4,185175,2026-05-29T15:00:02.455558+00:00
284409,SUNUASSUR,2026-06-01,4.37,,,4.37,488354,2026-06-01T15:00:02.603507+00:00
284555,SUNUASSUR,2026-06-02,4.48,,,4.48,195914,2026-06-02T15:00:02.980523+00:00
284701,SUNUASSUR,2026-06-03,4.48,,,4.48,76620,2026-06-03T15:00:03.023028+00:00
284847,SUNUASSUR,2026-06-04,4.48,,,4.48,429190,2026-06-04T15:00:03.321931+00:00
284993,SUNUASSUR,2026-06-05,4.48,,,4.48,326138,2026-06-05T15:00:03.073061+00:00
285139,SUNUASSUR,2026-06-08,4.06,,,4.06,659498,2026-06-08T15:00:03.135386+00:00
285285,SUNUASSUR,2026-06-09,4.1,,,4.1,614630,2026-06-09T15:00:03.53749+00:00
285431,SUNUASSUR,2026-06-10,3.97,,,3.97,844653,2026-06-10T15:10:03.084397+00:00
285869,SUNUASSUR,2026-06-11,3.97,,,3.97,647929,2026-06-11T15:10:02.991492+00:00
287621,SUNUASSUR,2026-06-15,3.97,,,3.97,692580,2026-06-15T15:10:02.896252+00:00
288497,SUNUASSUR,2026-06-16,3.58,,,3.58,1541903,2026-06-16T15:10:02.87997+00:00
289373,SUNUASSUR,2026-06-17,3.72,,,3.72,358001,2026-06-17T15:10:02.980097+00:00
289811,SUNUASSUR,2026-06-18,3.61,,,3.61,698167,2026-06-18T15:10:02.932064+00:00
290395,SUNUASSUR,2026-06-19,3.61,,,3.61,94654,2026-06-19T15:10:02.959085+00:00
291125,SUNUASSUR,2026-06-22,3.61,,,3.61,256602,2026-06-22T15:10:03.140564+00:00
291709,SUNUASSUR,2026-06-23,3.61,,,3.61,79711,2026-06-23T15:10:03.017319+00:00
292293,SUNUASSUR,2026-06-24,3.6,,,3.6,429955,2026-06-24T15:10:03.053149+00:00
292877,SUNUASSUR,2026-06-25,3.6,,,3.6,67130,2026-06-25T15:10:02.973562+00:00
293315,SUNUASSUR,2026-06-26,3.6,,,3.6,86514,2026-06-26T15:10:03.012808+00:00
293753,SUNUASSUR,2026-06-29,3.6,,,3.6,197595,2026-06-29T15:10:03.028054+00:00
294191,SUNUASSUR,2026-06-30,3.6,,,3.6,533533,2026-06-30T15:10:03.08168+00:00
294629,SUNUASSUR,2026-07-01,3.6,,,3.6,755981,2026-07-01T15:10:03.133226+00:00
295067,SUNUASSUR,2026-07-02,3.6,,,3.6,139427,2026-07-02T15:10:03.065554+00:00
295505,SUNUASSUR,2026-07-03,3.87,,,3.87,1790624,2026-07-03T15:10:03.019266+00:00
295943,SUNUASSUR,2026-07-06,3.87,,,3.87,234997,2026-07-06T15:10:03.100823+00:00
296381,SUNUASSUR,2026-07-07,3.95,,,3.95,661631,2026-07-07T15:10:03.687653+00:00
296819,SUNUASSUR,2026-07-08,4.2,,,4.2,405947,2026-07-08T15:10:02.922872+00:00
297258,SUNUASSUR,2026-07-09,4.2,,,4.2,188870,2026-07-09T15:10:03.041812+00:00
297696,SUNUASSUR,2026-07-10,4.0,,,4.0,363367,2026-07-10T15:10:03.284445+00:00
298134,SUNUASSUR,2026-07-13,4.0,,,4.0,81948,2026-07-13T15:10:02.995074+00:00
298572,SUNUASSUR,2026-07-14,4.0,,,4.0,39785,2026-07-14T15:10:03.094441+00:00
299010,SUNUASSUR,2026-07-15,4.0,,,4.0,1336263,2026-07-15T15:10:03.078609+00:00
299448,SUNUASSUR,2026-07-16,4.0,,,4.0,156549,2026-07-16T15:10:03.113936+00:00
299886,SUNUASSUR,2026-07-17,4.0,,,4.0,976590,2026-07-17T15:10:03.053983+00:00
