id,symbol,trade_date,open_price,high_price,low_price,close_price,volume,created_at
42786,UACN,2017-01-03,16.9,,,16.9,498301,2026-04-08T02:41:25.765521+00:00
43346,UACN,2017-01-04,16.9,,,16.9,62573,2026-04-08T02:42:20.164398+00:00
43456,UACN,2017-01-05,16.9,,,16.9,200411,2026-04-08T02:42:22.380516+00:00
43566,UACN,2017-01-06,16.64,,,16.64,818027,2026-04-08T02:42:23.84796+00:00
43656,UACN,2017-01-09,17.0,,,17.0,342510,2026-04-08T02:42:26.938159+00:00
43766,UACN,2017-01-10,17.0,,,17.0,580747,2026-04-08T02:42:29.227202+00:00
43876,UACN,2017-01-11,16.98,,,16.98,921341,2026-04-08T02:42:30.799441+00:00
43966,UACN,2017-01-12,16.8,,,16.8,934556,2026-04-08T02:42:32.390658+00:00
44076,UACN,2017-01-13,16.7,,,16.7,283193,2026-04-08T02:42:34.853543+00:00
44186,UACN,2017-01-16,16.7,,,16.7,238105,2026-04-08T02:42:38.72803+00:00
44296,UACN,2017-01-17,16.3,,,16.3,237688,2026-04-08T02:42:41.056228+00:00
44406,UACN,2017-01-18,16.3,,,16.3,57768,2026-04-08T02:42:42.795307+00:00
44496,UACN,2017-01-19,16.31,,,16.31,264959,2026-04-08T02:42:44.39781+00:00
44606,UACN,2017-01-20,16.32,,,16.32,299302,2026-04-08T02:42:46.643743+00:00
44716,UACN,2017-01-23,16.32,,,16.32,86678,2026-04-08T02:42:49.827664+00:00
44826,UACN,2017-01-24,17.13,,,17.13,679717,2026-04-08T02:42:51.574002+00:00
44916,UACN,2017-01-25,17.13,,,17.13,27837,2026-04-08T02:42:54.05787+00:00
45026,UACN,2017-01-26,16.41,,,16.41,1225425,2026-04-08T02:42:55.759+00:00
45136,UACN,2017-01-27,16.41,,,16.41,301790,2026-04-08T02:42:57.462271+00:00
45246,UACN,2017-01-30,16.41,,,16.41,78032,2026-04-08T02:43:00.905282+00:00
45356,UACN,2017-01-31,16.5,,,16.5,784527,2026-04-08T02:43:03.07753+00:00
45466,UACN,2017-02-01,16.5,,,16.5,434306,2026-04-08T02:43:04.619173+00:00
45556,UACN,2017-02-02,15.99,,,15.99,457012,2026-04-08T02:43:06.209007+00:00
45666,UACN,2017-02-03,15.2,,,15.2,237636,2026-04-08T02:43:08.490666+00:00
45776,UACN,2017-02-06,15.0,,,15.0,253494,2026-04-08T02:43:11.037852+00:00
45886,UACN,2017-02-07,14.5,,,14.5,1039178,2026-04-08T02:43:12.662822+00:00
45976,UACN,2017-02-08,14.5,,,14.5,639310,2026-04-08T02:43:14.224877+00:00
46086,UACN,2017-02-09,15.1,,,15.1,313805,2026-04-08T02:43:16.408746+00:00
46197,UACN,2017-02-10,15.1,,,15.1,295554,2026-04-08T02:43:18.597686+00:00
46289,UACN,2017-02-13,15.1,,,15.1,176687,2026-04-08T02:43:22.775561+00:00
46401,UACN,2017-02-14,15.1,,,15.1,403690,2026-04-08T02:43:24.286485+00:00
46513,UACN,2017-02-15,15.1,,,15.1,350363,2026-04-08T02:43:26.422065+00:00
46625,UACN,2017-02-16,14.35,,,14.35,350216,2026-04-08T02:43:28.597754+00:00
46717,UACN,2017-02-17,14.35,,,14.35,338073,2026-04-08T02:43:31.044717+00:00
49385,UACN,2017-02-20,13.64,,,13.64,157752,2026-04-08T02:51:00.639833+00:00
49477,UACN,2017-02-21,13.3,,,13.3,334205,2026-04-08T02:51:03.098475+00:00
46809,UACN,2017-02-22,12.65,,,12.65,1710001,2026-04-08T02:44:33.152084+00:00
46901,UACN,2017-02-23,12.02,,,12.02,3771340,2026-04-08T02:44:35.448225+00:00
46993,UACN,2017-02-24,12.6,,,12.6,10711130,2026-04-08T02:44:37.781529+00:00
47085,UACN,2017-02-27,13.0,,,13.0,910948,2026-04-08T02:44:42.101817+00:00
47177,UACN,2017-02-28,13.65,,,13.65,864684,2026-04-08T02:44:45.006295+00:00
47269,UACN,2017-03-01,13.35,,,13.35,292609,2026-04-08T02:44:47.332471+00:00
47361,UACN,2017-03-02,13.35,,,13.35,286320,2026-04-08T02:44:49.657807+00:00
47453,UACN,2017-03-03,13.35,,,13.35,409041,2026-04-08T02:44:51.301699+00:00
47545,UACN,2017-03-06,12.8,,,12.8,741078,2026-04-08T02:44:56.024588+00:00
47637,UACN,2017-03-07,13.0,,,13.0,520476,2026-04-08T02:44:58.263872+00:00
47729,UACN,2017-03-08,13.0,,,13.0,759453,2026-04-08T02:44:59.957789+00:00
47821,UACN,2017-03-09,13.2,,,13.2,877996,2026-04-08T02:45:01.661944+00:00
47913,UACN,2017-03-10,13.2,,,13.2,131256,2026-04-08T02:45:03.96312+00:00
48005,UACN,2017-03-13,13.74,,,13.74,554452,2026-04-08T02:45:08.663664+00:00
48097,UACN,2017-03-14,14.2,,,14.2,2037379,2026-04-08T02:45:11.088473+00:00
48189,UACN,2017-03-15,14.25,,,14.25,672572,2026-04-08T02:45:12.861206+00:00
48281,UACN,2017-03-16,14.0,,,14.0,363156,2026-04-08T02:45:15.084197+00:00
48373,UACN,2017-03-17,14.0,,,14.0,177692,2026-04-08T02:45:17.543831+00:00
48465,UACN,2017-03-20,13.51,,,13.51,484295,2026-04-08T02:45:21.873889+00:00
48557,UACN,2017-03-21,13.51,,,13.51,107025,2026-04-08T02:45:25.078347+00:00
48649,UACN,2017-03-22,12.84,,,12.84,397749,2026-04-08T02:45:26.626215+00:00
48741,UACN,2017-03-23,13.0,,,13.0,492475,2026-04-08T02:45:28.377346+00:00
48833,UACN,2017-03-24,12.91,,,12.91,369626,2026-04-08T02:45:30.775015+00:00
48925,UACN,2017-03-27,12.91,,,12.91,54971,2026-04-08T02:45:34.704999+00:00
49017,UACN,2017-03-28,12.99,,,12.99,643801,2026-04-08T02:45:36.347457+00:00
49109,UACN,2017-03-29,13.3,,,13.3,1468316,2026-04-08T02:45:38.731306+00:00
49201,UACN,2017-03-30,13.0,,,13.0,2486732,2026-04-08T02:45:40.513553+00:00
49293,UACN,2017-03-31,13.0,,,13.0,127137,2026-04-08T02:45:42.281198+00:00
49569,UACN,2017-04-03,14.33,,,14.33,1040545,2026-04-08T02:51:07.481095+00:00
49661,UACN,2017-04-04,15.12,,,15.12,4121790,2026-04-08T02:51:09.86923+00:00
49753,UACN,2017-04-05,15.01,,,15.01,3526467,2026-04-08T02:51:12.308135+00:00
49845,UACN,2017-04-06,15.0,,,15.0,374045,2026-04-08T02:51:14.846493+00:00
49937,UACN,2017-04-07,15.0,,,15.0,758433,2026-04-08T02:51:17.320635+00:00
50029,UACN,2017-04-10,14.8,,,14.8,491417,2026-04-08T02:51:21.583607+00:00
50120,UACN,2017-04-11,14.96,,,14.96,723594,2026-04-08T02:51:23.796131+00:00
50211,UACN,2017-04-12,14.96,,,14.96,332023,2026-04-08T02:51:26.28287+00:00
50302,UACN,2017-04-13,14.9,,,14.9,640031,2026-04-08T02:51:28.606475+00:00
50393,UACN,2017-04-18,14.79,,,14.79,947916,2026-04-08T02:51:35.070654+00:00
50484,UACN,2017-04-19,14.6,,,14.6,657938,2026-04-08T02:51:37.390681+00:00
50575,UACN,2017-04-20,14.1,,,14.1,1813191,2026-04-08T02:51:39.751187+00:00
50666,UACN,2017-04-21,14.15,,,14.15,4928263,2026-04-08T02:51:42.059234+00:00
50757,UACN,2017-04-24,14.5,,,14.5,3527780,2026-04-08T02:51:46.271638+00:00
50848,UACN,2017-04-25,14.43,,,14.43,8701039,2026-04-08T02:51:48.506234+00:00
50939,UACN,2017-04-26,14.0,,,14.0,1461799,2026-04-08T02:51:50.787758+00:00
51030,UACN,2017-04-27,14.47,,,14.47,283604,2026-04-08T02:51:53.168104+00:00
51121,UACN,2017-04-28,14.47,,,14.47,203000,2026-04-08T02:51:55.619599+00:00
51212,UACN,2017-05-02,13.75,,,13.75,1285040,2026-04-08T02:52:01.291461+00:00
51303,UACN,2017-05-03,14.4,,,14.4,4451967,2026-04-08T02:52:03.619408+00:00
51394,UACN,2017-05-04,14.36,,,14.36,5569123,2026-04-08T02:52:06.041901+00:00
51485,UACN,2017-05-05,14.49,,,14.49,3618632,2026-04-08T02:52:08.320033+00:00
51576,UACN,2017-05-08,14.4,,,14.4,1244358,2026-04-08T02:52:12.828428+00:00
51667,UACN,2017-05-09,14.49,,,14.49,684221,2026-04-08T02:52:15.102333+00:00
51758,UACN,2017-05-10,14.9,,,14.9,9388189,2026-04-08T02:52:17.709352+00:00
51849,UACN,2017-05-11,15.45,,,15.45,1874553,2026-04-08T02:52:19.900179+00:00
51940,UACN,2017-05-12,15.14,,,15.14,2169018,2026-04-08T02:52:22.170941+00:00
52031,UACN,2017-05-15,15.6,,,15.6,937882,2026-04-08T02:52:26.563035+00:00
52123,UACN,2017-05-16,15.0,,,15.0,1501246,2026-04-08T02:52:28.807233+00:00
52215,UACN,2017-05-17,15.19,,,15.19,6664692,2026-04-08T02:52:31.099411+00:00
52307,UACN,2017-05-18,15.15,,,15.15,250116,2026-04-08T02:52:33.303088+00:00
52399,UACN,2017-05-19,14.9,,,14.9,465183,2026-04-08T02:52:35.640534+00:00
52491,UACN,2017-05-22,14.56,,,14.56,274325,2026-04-08T02:52:39.854932+00:00
52583,UACN,2017-05-23,14.52,,,14.52,372058,2026-04-08T02:52:42.264162+00:00
52675,UACN,2017-05-24,14.33,,,14.33,395018,2026-04-08T02:52:44.613941+00:00
52767,UACN,2017-05-25,14.98,,,14.98,446315,2026-04-08T02:52:46.963191+00:00
52859,UACN,2017-05-26,14.99,,,14.99,1350679,2026-04-08T02:52:49.347152+00:00
52951,UACN,2017-05-30,15.0,,,15.0,4408466,2026-04-08T02:52:54.942696+00:00
53043,UACN,2017-05-31,14.99,,,14.99,495356,2026-04-08T02:52:57.421655+00:00
53135,UACN,2017-06-01,14.75,,,14.75,511266,2026-04-08T02:52:59.649981+00:00
53227,UACN,2017-06-02,14.99,,,14.99,716948,2026-04-08T02:53:02.056444+00:00
53319,UACN,2017-06-05,15.0,,,15.0,6045782,2026-04-08T02:53:06.428901+00:00
53411,UACN,2017-06-06,15.75,,,15.75,13495441,2026-04-08T02:53:08.604609+00:00
53503,UACN,2017-06-07,16.83,,,16.83,15769364,2026-04-08T02:53:10.833265+00:00
53595,UACN,2017-06-08,18.53,,,18.53,6723269,2026-04-08T02:53:13.196386+00:00
53687,UACN,2017-06-09,18.48,,,18.48,7147394,2026-04-08T02:53:15.53674+00:00
53779,UACN,2017-06-12,17.4,,,17.4,1079673,2026-04-08T02:53:19.709801+00:00
53871,UACN,2017-06-13,18.0,,,18.0,1307922,2026-04-08T02:53:22.046011+00:00
53963,UACN,2017-06-14,17.62,,,17.62,948472,2026-04-08T02:53:24.253383+00:00
54055,UACN,2017-06-15,18.03,,,18.03,2075472,2026-04-08T02:53:26.527181+00:00
54147,UACN,2017-06-16,18.04,,,18.04,611445,2026-04-08T02:53:28.80273+00:00
54239,UACN,2017-06-19,17.75,,,17.75,422417,2026-04-08T02:53:33.036647+00:00
54331,UACN,2017-06-20,17.55,,,17.55,499512,2026-04-08T02:53:35.524675+00:00
54423,UACN,2017-06-21,17.9,,,17.9,6996171,2026-04-08T02:53:37.865913+00:00
54515,UACN,2017-06-22,18.0,,,18.0,3317599,2026-04-08T02:53:40.094955+00:00
54607,UACN,2017-06-23,17.42,,,17.42,594288,2026-04-08T02:53:42.493578+00:00
54699,UACN,2017-06-28,17.99,,,17.99,1079538,2026-04-08T02:53:49.135881+00:00
54791,UACN,2017-06-29,17.99,,,17.99,141621,2026-04-08T02:53:51.51214+00:00
54883,UACN,2017-06-30,17.98,,,17.98,494456,2026-04-08T02:53:53.827964+00:00
54975,UACN,2017-07-03,17.4,,,17.4,263425,2026-04-08T02:53:58.279599+00:00
55067,UACN,2017-07-04,17.36,,,17.36,538004,2026-04-08T02:54:00.563227+00:00
55159,UACN,2017-07-05,17.36,,,17.36,421564,2026-04-08T02:54:02.831513+00:00
55251,UACN,2017-07-06,16.5,,,16.5,403990,2026-04-08T02:54:05.078114+00:00
55343,UACN,2017-07-07,17.25,,,17.25,124716,2026-04-08T02:54:07.286065+00:00
55435,UACN,2017-07-10,17.25,,,17.25,106960,2026-04-08T02:54:11.798817+00:00
55527,UACN,2017-07-11,17.0,,,17.0,386090,2026-04-08T02:54:14.116532+00:00
55619,UACN,2017-07-12,17.0,,,17.0,245974,2026-04-08T02:54:16.498015+00:00
55706,UACN,2017-07-13,16.58,,,16.58,691968,2026-04-08T02:54:18.840036+00:00
55793,UACN,2017-07-14,16.58,,,16.58,37821,2026-04-08T02:54:21.336813+00:00
55885,UACN,2017-07-17,16.58,,,16.58,156191,2026-04-08T02:54:25.561903+00:00
55977,UACN,2017-07-18,16.58,,,16.58,115496,2026-04-08T02:54:28.120242+00:00
56069,UACN,2017-07-19,16.58,,,16.58,69907,2026-04-08T02:54:30.645734+00:00
56161,UACN,2017-07-20,17.39,,,17.39,281413,2026-04-08T02:54:33.025266+00:00
56253,UACN,2017-07-21,17.39,,,17.39,69873,2026-04-08T02:54:35.480817+00:00
56345,UACN,2017-07-24,17.39,,,17.39,154687,2026-04-08T02:54:39.934321+00:00
56437,UACN,2017-07-26,17.0,,,17.0,3603735,2026-04-08T02:54:43.20598+00:00
56529,UACN,2017-07-27,16.7,,,16.7,6425486,2026-04-08T02:54:45.547579+00:00
56621,UACN,2017-07-28,16.58,,,16.58,503877,2026-04-08T02:54:47.918804+00:00
56713,UACN,2017-07-31,16.6,,,16.6,279406,2026-04-08T02:54:52.464984+00:00
56805,UACN,2017-08-01,17.2,,,17.2,5606951,2026-04-08T02:54:54.790805+00:00
56897,UACN,2017-08-02,17.21,,,17.21,11775918,2026-04-08T02:54:57.117603+00:00
56989,UACN,2017-08-03,17.5,,,17.5,109544,2026-04-08T02:54:59.3729+00:00
57081,UACN,2017-08-04,17.5,,,17.5,9650940,2026-04-08T02:55:01.592641+00:00
57173,UACN,2017-08-07,16.95,,,16.95,161027,2026-04-08T02:55:06.418828+00:00
57265,UACN,2017-08-08,16.95,,,16.95,428163,2026-04-08T02:55:08.763983+00:00
57357,UACN,2017-08-09,17.0,,,17.0,963306,2026-04-08T02:55:11.057796+00:00
57449,UACN,2017-08-10,16.99,,,16.99,801463,2026-04-08T02:55:13.401484+00:00
57541,UACN,2017-08-11,17.0,,,17.0,833176,2026-04-08T02:55:15.670877+00:00
57633,UACN,2017-08-14,17.0,,,17.0,300517,2026-04-08T02:55:20.026285+00:00
57725,UACN,2017-08-15,16.85,,,16.85,300955,2026-04-08T02:55:22.633816+00:00
57817,UACN,2017-08-16,16.65,,,16.65,795088,2026-04-08T02:55:24.979188+00:00
57909,UACN,2017-08-17,16.6,,,16.6,182335,2026-04-08T02:55:27.3994+00:00
58001,UACN,2017-08-18,16.0,,,16.0,523331,2026-04-08T02:55:29.67842+00:00
58093,UACN,2017-08-21,16.5,,,16.5,390181,2026-04-08T02:55:34.023067+00:00
58185,UACN,2017-08-22,15.7,,,15.7,1096881,2026-04-08T02:55:36.334754+00:00
58277,UACN,2017-08-23,15.7,,,15.7,92936,2026-04-08T02:55:38.717606+00:00
58369,UACN,2017-08-24,15.7,,,15.7,128503,2026-04-08T02:55:41.242089+00:00
58461,UACN,2017-08-25,15.7,,,15.7,122350,2026-04-08T02:55:43.579232+00:00
58553,UACN,2017-08-28,15.7,,,15.7,35418,2026-04-08T02:55:48.020598+00:00
58645,UACN,2017-08-29,14.98,,,14.98,630695,2026-04-08T02:55:50.281022+00:00
58737,UACN,2017-08-30,14.98,,,14.98,167432,2026-04-08T02:55:52.499005+00:00
58829,UACN,2017-08-31,14.98,,,14.98,270463,2026-04-08T02:55:54.947048+00:00
58921,UACN,2017-09-05,14.6,,,14.6,607046,2026-04-08T02:56:01.572419+00:00
59013,UACN,2017-09-06,14.5,,,14.5,378729,2026-04-08T02:56:03.885356+00:00
59105,UACN,2017-09-07,14.51,,,14.51,948838,2026-04-08T02:56:06.19045+00:00
59197,UACN,2017-09-11,15.0,,,15.0,282308,2026-04-08T02:56:11.370569+00:00
59289,UACN,2017-09-12,15.02,,,15.02,1909496,2026-04-08T02:56:13.892416+00:00
59381,UACN,2017-09-13,15.02,,,15.02,99353,2026-04-08T02:56:16.312215+00:00
59473,UACN,2017-09-14,15.45,,,15.45,2055955,2026-04-08T02:56:18.601168+00:00
59565,UACN,2017-09-15,15.45,,,15.45,346957,2026-04-08T02:56:20.93666+00:00
59657,UACN,2017-09-16,15.45,,,15.45,89070,2026-04-08T02:56:23.148937+00:00
59749,UACN,2017-09-19,15.0,,,15.0,2140783,2026-04-08T02:56:27.358465+00:00
59841,UACN,2017-09-20,15.0,,,15.0,211950,2026-04-08T02:56:29.683375+00:00
59933,UACN,2017-09-21,15.2,,,15.2,516246,2026-04-08T02:56:31.851594+00:00
60025,UACN,2017-09-22,15.19,,,15.19,285735,2026-04-08T02:56:34.007646+00:00
60117,UACN,2017-09-25,15.19,,,15.19,178974,2026-04-08T02:56:38.385386+00:00
60209,UACN,2017-09-26,15.19,,,15.19,246781,2026-04-08T02:56:40.657356+00:00
60301,UACN,2017-09-27,15.0,,,15.0,457095,2026-04-08T02:56:42.968732+00:00
60393,UACN,2017-09-28,15.0,,,15.0,452719,2026-04-08T02:56:45.128996+00:00
60485,UACN,2017-09-29,15.0,,,15.0,146585,2026-04-08T02:56:47.398677+00:00
60577,UACN,2017-10-03,15.0,,,15.0,156455,2026-04-08T02:56:52.779733+00:00
60669,UACN,2017-10-04,15.0,,,15.0,795309,2026-04-08T02:56:55.065177+00:00
60761,UACN,2017-10-05,15.01,,,15.01,2344702,2026-04-08T02:56:57.377802+00:00
60853,UACN,2017-10-06,15.01,,,15.01,228751,2026-04-08T02:56:59.661092+00:00
60945,UACN,2017-10-09,15.6,,,15.6,1136928,2026-04-08T02:57:04.043492+00:00
61037,UACN,2017-10-10,15.6,,,15.6,185432,2026-04-08T02:57:06.326055+00:00
61129,UACN,2017-10-11,15.6,,,15.6,333232,2026-04-08T02:57:08.620281+00:00
61221,UACN,2017-10-12,16.0,,,16.0,2258273,2026-04-08T02:57:10.950839+00:00
61313,UACN,2017-10-13,16.2,,,16.2,167558,2026-04-08T02:57:13.525709+00:00
61405,UACN,2017-10-16,16.5,,,16.5,439730,2026-04-08T02:57:17.895676+00:00
61497,UACN,2017-10-17,16.95,,,16.95,529068,2026-04-08T02:57:20.31307+00:00
61589,UACN,2017-10-18,16.95,,,16.95,316162,2026-04-08T02:57:22.526226+00:00
61681,UACN,2017-10-19,16.95,,,16.95,133400,2026-04-08T02:57:24.865827+00:00
61773,UACN,2017-10-20,16.11,,,16.11,492673,2026-04-08T02:57:27.091081+00:00
61865,UACN,2017-10-23,16.89,,,16.89,408334,2026-04-08T02:57:31.703062+00:00
61957,UACN,2017-10-24,17.51,,,17.51,3250520,2026-04-08T02:57:34.020008+00:00
62049,UACN,2017-10-25,18.38,,,18.38,18506236,2026-04-08T02:57:36.254878+00:00
62141,UACN,2017-10-26,19.0,,,19.0,7884189,2026-04-08T02:57:38.639324+00:00
62233,UACN,2017-10-27,18.05,,,18.05,1114513,2026-04-08T02:57:40.810349+00:00
62325,UACN,2017-10-30,18.12,,,18.12,1134565,2026-04-08T02:57:45.233404+00:00
62417,UACN,2017-10-31,18.79,,,18.79,2299278,2026-04-08T02:57:47.538171+00:00
62509,UACN,2017-11-01,18.79,,,18.79,199714,2026-04-08T02:57:49.900698+00:00
62601,UACN,2017-11-02,19.0,,,19.0,2469023,2026-04-08T02:57:52.192143+00:00
62693,UACN,2017-11-03,19.0,,,19.0,607053,2026-04-08T02:57:54.512232+00:00
62785,UACN,2017-11-06,18.38,,,18.38,2508120,2026-04-08T02:57:59.23147+00:00
62877,UACN,2017-11-07,19.1,,,19.1,564845,2026-04-08T02:58:01.524363+00:00
62969,UACN,2017-11-08,19.1,,,19.1,214171,2026-04-08T02:58:03.79912+00:00
63061,UACN,2017-11-09,19.1,,,19.1,862280,2026-04-08T02:58:06.050925+00:00
63153,UACN,2017-11-10,19.1,,,19.1,1221640,2026-04-08T02:58:08.423322+00:00
63245,UACN,2017-11-13,19.1,,,19.1,478651,2026-04-08T02:58:12.832851+00:00
63337,UACN,2017-11-14,19.1,,,19.1,2543437,2026-04-08T02:58:15.182817+00:00
63429,UACN,2017-11-15,18.99,,,18.99,2839686,2026-04-08T02:58:17.483941+00:00
63521,UACN,2017-11-16,18.9,,,18.9,188283,2026-04-08T02:58:19.932158+00:00
63613,UACN,2017-11-17,17.2,,,17.2,504407,2026-04-08T02:58:22.230505+00:00
63705,UACN,2017-11-20,17.0,,,17.0,974437,2026-04-08T02:58:26.609741+00:00
63797,UACN,2017-11-21,17.0,,,17.0,722817,2026-04-08T02:58:29.044371+00:00
63889,UACN,2017-11-22,16.35,,,16.35,1035021,2026-04-08T02:58:31.282092+00:00
63981,UACN,2017-11-23,16.35,,,16.35,141833,2026-04-08T02:58:33.589475+00:00
64073,UACN,2017-11-24,16.9,,,16.9,873369,2026-04-08T02:58:35.965247+00:00
64165,UACN,2017-11-27,16.9,,,16.9,9255038,2026-04-08T02:58:40.303262+00:00
64257,UACN,2017-11-28,16.9,,,16.9,1011138,2026-04-08T02:58:42.596324+00:00
64349,UACN,2017-11-29,17.5,,,17.5,186714,2026-04-08T02:58:44.979081+00:00
64441,UACN,2017-11-30,17.5,,,17.5,177619,2026-04-08T02:58:47.226359+00:00
64533,UACN,2017-12-04,17.0,,,17.0,37753307,2026-04-08T02:58:52.54699+00:00
64625,UACN,2017-12-05,17.0,,,17.0,2624329,2026-04-08T02:58:54.773083+00:00
64717,UACN,2017-12-06,17.1,,,17.1,2358073,2026-04-08T02:58:57.263783+00:00
64809,UACN,2017-12-07,17.94,,,17.94,19389837,2026-04-08T02:58:59.55462+00:00
64901,UACN,2017-12-08,17.51,,,17.51,276888,2026-04-08T02:59:01.865905+00:00
64993,UACN,2017-12-11,16.7,,,16.7,27584468,2026-04-08T02:59:06.715792+00:00
65085,UACN,2017-12-12,17.0,,,17.0,12097453,2026-04-08T02:59:09.170602+00:00
65177,UACN,2017-12-13,16.9,,,16.9,153484,2026-04-08T02:59:11.522814+00:00
65269,UACN,2017-12-14,16.9,,,16.9,310795,2026-04-08T02:59:13.751616+00:00
65361,UACN,2017-12-15,16.9,,,16.9,186633,2026-04-08T02:59:16.016878+00:00
65453,UACN,2017-12-18,16.9,,,16.9,107131,2026-04-08T02:59:20.496704+00:00
65545,UACN,2017-12-19,16.9,,,16.9,157350,2026-04-08T02:59:22.691103+00:00
65637,UACN,2017-12-20,16.72,,,16.72,271124,2026-04-08T02:59:25.001427+00:00
65729,UACN,2017-12-21,16.72,,,16.72,100694,2026-04-08T02:59:27.554405+00:00
65821,UACN,2017-12-22,16.72,,,16.72,258742,2026-04-08T02:59:29.82771+00:00
65913,UACN,2017-12-27,16.31,,,16.31,337925,2026-04-08T02:59:36.63878+00:00
66005,UACN,2017-12-28,16.9,,,16.9,739988,2026-04-08T02:59:39.04539+00:00
66097,UACN,2017-12-29,16.9,,,16.9,129118,2026-04-08T02:59:41.445401+00:00
66189,UACN,2018-01-02,16.9,,,16.9,42456,2026-04-08T02:59:46.944851+00:00
66281,UACN,2018-01-03,16.9,,,16.9,443648,2026-04-08T02:59:49.25236+00:00
66373,UACN,2018-01-04,16.99,,,16.99,3656920,2026-04-08T02:59:51.440942+00:00
66465,UACN,2018-01-05,17.3,,,17.3,19730794,2026-04-08T02:59:53.632679+00:00
66557,UACN,2018-01-08,17.5,,,17.5,5264572,2026-04-08T02:59:58.187375+00:00
66649,UACN,2018-01-09,17.9,,,17.9,3281043,2026-04-08T03:00:00.526076+00:00
66741,UACN,2018-01-10,18.49,,,18.49,2358955,2026-04-08T03:00:02.789006+00:00
66833,UACN,2018-01-11,19.42,,,19.42,6116314,2026-04-08T03:00:05.007224+00:00
66925,UACN,2018-01-12,19.38,,,19.38,5267352,2026-04-08T03:00:07.437621+00:00
67017,UACN,2018-01-15,18.5,,,18.5,15305577,2026-04-08T03:00:11.967979+00:00
67109,UACN,2018-01-16,18.0,,,18.0,859876,2026-04-08T03:00:14.274869+00:00
67201,UACN,2018-01-17,18.0,,,18.0,3634606,2026-04-08T03:00:16.592861+00:00
67293,UACN,2018-01-18,17.6,,,17.6,1427785,2026-04-08T03:00:18.874572+00:00
67385,UACN,2018-01-19,17.49,,,17.49,925695,2026-04-08T03:00:21.223293+00:00
67477,UACN,2018-01-22,17.1,,,17.1,539742,2026-04-08T03:00:25.613479+00:00
67569,UACN,2018-01-23,17.01,,,17.01,2271038,2026-04-08T03:00:27.792672+00:00
67661,UACN,2018-01-24,16.88,,,16.88,530747,2026-04-08T03:00:29.955701+00:00
67753,UACN,2018-01-25,16.79,,,16.79,2413280,2026-04-08T03:00:32.149736+00:00
67845,UACN,2018-01-26,17.0,,,17.0,6697209,2026-04-08T03:00:34.314441+00:00
67937,UACN,2018-01-30,17.55,,,17.55,1264489,2026-04-08T03:00:39.498781+00:00
68029,UACN,2018-01-31,17.7,,,17.7,3381499,2026-04-08T03:00:41.874276+00:00
68121,UACN,2018-02-01,17.0,,,17.0,2667616,2026-04-08T03:00:44.260901+00:00
68213,UACN,2018-02-02,17.0,,,17.0,804063,2026-04-08T03:00:46.552556+00:00
68305,UACN,2018-02-05,17.0,,,17.0,1058293,2026-04-08T03:00:50.820837+00:00
68397,UACN,2018-02-06,17.05,,,17.05,1666610,2026-04-08T03:00:53.862975+00:00
68489,UACN,2018-02-07,17.2,,,17.2,879487,2026-04-08T03:00:56.249659+00:00
68581,UACN,2018-02-08,17.2,,,17.2,455971,2026-04-08T03:00:58.532515+00:00
68673,UACN,2018-02-12,17.45,,,17.45,2933718,2026-04-08T03:01:04.382325+00:00
68765,UACN,2018-02-13,17.0,,,17.0,3728988,2026-04-08T03:01:06.5746+00:00
68857,UACN,2018-02-14,17.0,,,17.0,189425,2026-04-08T03:01:08.960618+00:00
68949,UACN,2018-02-15,17.0,,,17.0,1927746,2026-04-08T03:01:11.158693+00:00
69041,UACN,2018-02-16,17.0,,,17.0,976033,2026-04-08T03:01:13.607551+00:00
69133,UACN,2018-02-19,16.8,,,16.8,199806,2026-04-08T03:01:18.187191+00:00
69225,UACN,2018-02-20,16.85,,,16.85,4668512,2026-04-08T03:01:20.554931+00:00
69317,UACN,2018-02-22,16.85,,,16.85,193871,2026-04-08T03:01:23.957413+00:00
69409,UACN,2018-02-26,17.1,,,17.1,1818349,2026-04-08T03:01:29.317338+00:00
69501,UACN,2018-02-27,17.0,,,17.0,944629,2026-04-08T03:01:31.58282+00:00
69593,UACN,2018-02-28,17.0,,,17.0,3393399,2026-04-08T03:01:33.916623+00:00
69685,UACN,2018-03-01,17.05,,,17.05,1096946,2026-04-08T03:01:36.321302+00:00
69777,UACN,2018-03-02,17.05,,,17.05,132123,2026-04-08T03:01:38.625174+00:00
69869,UACN,2018-03-05,17.1,,,17.1,899897,2026-04-08T03:01:43.47208+00:00
69961,UACN,2018-03-06,17.05,,,17.05,1280419,2026-04-08T03:01:45.677681+00:00
70053,UACN,2018-03-08,17.3,,,17.3,418877,2026-04-08T03:01:48.923554+00:00
70145,UACN,2018-03-09,17.5,,,17.5,191246,2026-04-08T03:01:51.131195+00:00
70237,UACN,2018-03-12,17.95,,,17.95,811412,2026-04-08T03:01:55.382529+00:00
70329,UACN,2018-03-13,17.9,,,17.9,3052113,2026-04-08T03:01:57.721961+00:00
70421,UACN,2018-03-14,17.95,,,17.95,911548,2026-04-08T03:02:00.06799+00:00
70513,UACN,2018-03-15,18.05,,,18.05,1425317,2026-04-08T03:02:02.587626+00:00
70605,UACN,2018-03-16,17.95,,,17.95,996597,2026-04-08T03:02:05.049003+00:00
70697,UACN,2018-03-19,17.95,,,17.95,1219420,2026-04-08T03:02:09.713694+00:00
70789,UACN,2018-03-20,17.95,,,17.95,2504513,2026-04-08T03:02:12.039098+00:00
70881,UACN,2018-03-21,18.05,,,18.05,1423210,2026-04-08T03:02:14.26344+00:00
70973,UACN,2018-03-22,18.0,,,18.0,822308,2026-04-08T03:02:16.655807+00:00
71065,UACN,2018-03-23,18.15,,,18.15,1099036,2026-04-08T03:02:19.005936+00:00
71157,UACN,2018-03-26,18.2,,,18.2,6210754,2026-04-08T03:02:23.356301+00:00
71249,UACN,2018-03-27,18.5,,,18.5,7883298,2026-04-08T03:02:25.602463+00:00
71341,UACN,2018-03-28,18.5,,,18.5,6110342,2026-04-08T03:02:28.271075+00:00
71433,UACN,2018-03-29,18.4,,,18.4,198904,2026-04-08T03:02:31.326472+00:00
71525,UACN,2018-04-03,17.5,,,17.5,2975344,2026-04-08T03:02:37.862294+00:00
71617,UACN,2018-04-04,17.2,,,17.2,16010978,2026-04-08T03:02:40.086392+00:00
71709,UACN,2018-04-05,17.3,,,17.3,6787614,2026-04-08T03:02:42.518452+00:00
71801,UACN,2018-04-09,17.0,,,17.0,627685,2026-04-08T03:02:48.00481+00:00
71893,UACN,2018-04-10,17.0,,,17.0,125724,2026-04-08T03:02:50.293549+00:00
71985,UACN,2018-04-11,17.5,,,17.5,804330,2026-04-08T03:02:52.723357+00:00
72077,UACN,2018-04-12,16.9,,,16.9,1262182,2026-04-08T03:02:54.976434+00:00
72169,UACN,2018-04-13,16.9,,,16.9,665052,2026-04-08T03:02:57.419716+00:00
72264,UACN,2018-04-16,17.5,,,17.5,1111426,2026-04-08T03:03:01.748445+00:00
72357,UACN,2018-04-17,17.2,,,17.2,4369505,2026-04-08T03:03:04.013915+00:00
72450,UACN,2018-04-18,16.95,,,16.95,303605,2026-04-08T03:03:06.304604+00:00
72543,UACN,2018-04-19,16.95,,,16.95,70425,2026-04-08T03:03:08.631091+00:00
72636,UACN,2018-04-20,16.9,,,16.9,917879,2026-04-08T03:03:11.181142+00:00
72729,UACN,2018-04-23,17.0,,,17.0,7163188,2026-04-08T03:03:15.702548+00:00
72822,UACN,2018-04-24,17.05,,,17.05,1268177,2026-04-08T03:03:17.976864+00:00
72915,UACN,2018-04-25,16.9,,,16.9,15284382,2026-04-08T03:03:20.281484+00:00
73008,UACN,2018-04-26,16.9,,,16.9,63900,2026-04-08T03:03:22.503544+00:00
73101,UACN,2018-04-27,17.2,,,17.2,335900,2026-04-08T03:03:24.801147+00:00
73194,UACN,2018-04-30,17.2,,,17.2,358968,2026-04-08T03:03:29.288658+00:00
73287,UACN,2018-05-02,17.15,,,17.15,286877,2026-04-08T03:03:32.97882+00:00
73380,UACN,2018-05-03,18.0,,,18.0,415512,2026-04-08T03:03:35.46093+00:00
73473,UACN,2018-05-04,18.0,,,18.0,363870,2026-04-08T03:03:38.142449+00:00
73566,UACN,2018-05-07,18.0,,,18.0,391674,2026-04-08T03:03:42.835383+00:00
73659,UACN,2018-05-08,18.0,,,18.0,563459,2026-04-08T03:03:45.094212+00:00
73752,UACN,2018-05-09,17.4,,,17.4,610931,2026-04-08T03:03:47.354492+00:00
73845,UACN,2018-05-10,17.4,,,17.4,360704,2026-04-08T03:03:49.581225+00:00
73938,UACN,2018-05-11,17.0,,,17.0,688533,2026-04-08T03:03:51.923758+00:00
74031,UACN,2018-05-14,16.7,,,16.7,2972071,2026-04-08T03:03:56.261604+00:00
74124,UACN,2018-05-15,16.05,,,16.05,242243,2026-04-08T03:03:58.63318+00:00
74217,UACN,2018-05-16,16.05,,,16.05,361142,2026-04-08T03:04:02.494817+00:00
74310,UACN,2018-05-17,15.4,,,15.4,170579,2026-04-08T03:04:04.853265+00:00
74403,UACN,2018-05-18,15.5,,,15.5,1617903,2026-04-08T03:04:09.280828+00:00
74496,UACN,2018-05-21,15.85,,,15.85,313559,2026-04-08T03:04:14.640212+00:00
74589,UACN,2018-05-22,15.85,,,15.85,97562,2026-04-08T03:04:17.13602+00:00
74682,UACN,2018-05-24,14.5,,,14.5,12421,2026-04-08T03:04:20.857799+00:00
74775,UACN,2018-05-25,15.05,,,15.05,307906,2026-04-08T03:04:23.533051+00:00
74868,UACN,2018-05-28,14.6,,,14.6,288590,2026-04-08T03:04:28.151981+00:00
74961,UACN,2018-05-31,14.7,,,14.7,415786,2026-04-08T03:04:33.384321+00:00
75054,UACN,2018-06-01,14.7,,,14.7,300906,2026-04-08T03:04:35.846588+00:00
75147,UACN,2018-06-04,14.7,,,14.7,7149,2026-04-08T03:04:40.216574+00:00
75240,UACN,2018-06-05,14.0,,,14.0,3995640,2026-04-08T03:04:42.57091+00:00
75333,UACN,2018-06-06,14.5,,,14.5,3501866,2026-04-08T03:04:44.928825+00:00
75426,UACN,2018-06-07,14.7,,,14.7,318084,2026-04-08T03:04:47.263813+00:00
75519,UACN,2018-06-08,14.7,,,14.7,99466,2026-04-08T03:04:49.462509+00:00
75612,UACN,2018-06-11,14.7,,,14.7,112776,2026-04-08T03:04:53.988129+00:00
75705,UACN,2018-06-12,14.7,,,14.7,42896,2026-04-08T03:04:56.284057+00:00
75798,UACN,2018-06-13,14.7,,,14.7,85613,2026-04-08T03:04:58.638577+00:00
75891,UACN,2018-06-14,14.7,,,14.7,301124,2026-04-08T03:05:00.901161+00:00
75984,UACN,2018-06-19,14.7,,,14.7,90606,2026-04-08T03:05:07.639029+00:00
76077,UACN,2018-06-20,14.6,,,14.6,666886,2026-04-08T03:05:09.924133+00:00
76170,UACN,2018-06-21,14.4,,,14.4,2342863,2026-04-08T03:05:12.376626+00:00
76263,UACN,2018-06-22,14.05,,,14.05,505434,2026-04-08T03:05:14.680862+00:00
76356,UACN,2018-06-25,14.0,,,14.0,724983,2026-04-08T03:05:19.028214+00:00
76450,UACN,2018-06-26,14.0,,,14.0,1910635,2026-04-08T03:05:21.361472+00:00
76544,UACN,2018-06-27,14.0,,,14.0,5611559,2026-04-08T03:05:23.730487+00:00
76638,UACN,2018-06-28,14.0,,,14.0,165559,2026-04-08T03:05:26.342484+00:00
76732,UACN,2018-06-29,14.0,,,14.0,3567820,2026-04-08T03:05:28.786725+00:00
76826,UACN,2018-07-02,14.0,,,14.0,202872,2026-04-08T03:05:34.742081+00:00
76920,UACN,2018-07-03,14.0,,,14.0,113908,2026-04-08T03:05:37.830893+00:00
77014,UACN,2018-07-04,13.9,,,13.9,2913276,2026-04-08T03:05:40.225299+00:00
77108,UACN,2018-07-05,13.55,,,13.55,172668,2026-04-08T03:05:42.479897+00:00
77202,UACN,2018-07-06,13.7,,,13.7,934543,2026-04-08T03:05:44.93013+00:00
77296,UACN,2018-07-09,13.7,,,13.7,73029,2026-04-08T03:05:49.395513+00:00
77390,UACN,2018-07-10,13.2,,,13.2,3051039,2026-04-08T03:05:51.797285+00:00
77484,UACN,2018-07-11,13.55,,,13.55,302851,2026-04-08T03:05:54.14171+00:00
77578,UACN,2018-07-12,13.5,,,13.5,260768,2026-04-08T03:05:56.629461+00:00
77672,UACN,2018-07-13,13.3,,,13.3,206040,2026-04-08T03:05:59.112955+00:00
77766,UACN,2018-07-16,14.0,,,14.0,500144,2026-04-08T03:06:03.612411+00:00
77861,UACN,2018-07-17,14.0,,,14.0,1329157,2026-04-08T03:06:06.031894+00:00
77956,UACN,2018-07-18,14.0,,,14.0,182405,2026-04-08T03:06:08.398083+00:00
78051,UACN,2018-07-19,13.25,,,13.25,129180,2026-04-08T03:06:10.625391+00:00
78146,UACN,2018-07-20,13.25,,,13.25,615370,2026-04-08T03:06:13.100822+00:00
78241,UACN,2018-07-23,13.1,,,13.1,446751,2026-04-08T03:06:17.450644+00:00
78336,UACN,2018-07-24,13.2,,,13.2,578734,2026-04-08T03:06:19.846153+00:00
78431,UACN,2018-07-25,13.2,,,13.2,918564,2026-04-08T03:06:22.17218+00:00
78526,UACN,2018-07-26,13.2,,,13.2,374221,2026-04-08T03:06:24.338643+00:00
78621,UACN,2018-07-27,13.2,,,13.2,188641,2026-04-08T03:06:26.70773+00:00
78716,UACN,2018-07-30,13.2,,,13.2,225702,2026-04-08T03:06:31.357035+00:00
78811,UACN,2018-07-31,13.2,,,13.2,217474,2026-04-08T03:06:33.766078+00:00
78906,UACN,2018-08-01,13.2,,,13.2,92693,2026-04-08T03:06:36.22345+00:00
79001,UACN,2018-08-02,13.2,,,13.2,71712,2026-04-08T03:06:38.596191+00:00
79096,UACN,2018-08-03,12.55,,,12.55,192479,2026-04-08T03:06:41.315743+00:00
79191,UACN,2018-08-06,12.55,,,12.55,25937,2026-04-08T03:06:46.359416+00:00
79286,UACN,2018-08-07,12.8,,,12.8,393613,2026-04-08T03:06:48.623378+00:00
79381,UACN,2018-08-08,13.0,,,13.0,390328,2026-04-08T03:06:51.110249+00:00
79476,UACN,2018-08-09,13.0,,,13.0,131280,2026-04-08T03:06:53.45187+00:00
79571,UACN,2018-08-10,13.0,,,13.0,419464,2026-04-08T03:06:56.254972+00:00
79666,UACN,2018-08-13,14.0,,,14.0,1247646,2026-04-08T03:07:00.870215+00:00
79761,UACN,2018-08-14,12.65,,,12.65,204312,2026-04-08T03:07:03.258394+00:00
79856,UACN,2018-08-15,12.6,,,12.6,440861,2026-04-08T03:07:05.636903+00:00
79951,UACN,2018-08-16,12.6,,,12.6,49238,2026-04-08T03:07:07.96787+00:00
80046,UACN,2018-08-17,12.6,,,12.6,192251,2026-04-08T03:07:10.276143+00:00
80141,UACN,2018-08-20,12.6,,,12.6,189048,2026-04-08T03:07:14.92421+00:00
80236,UACN,2018-08-24,12.6,,,12.6,114272,2026-04-08T03:07:20.612873+00:00
80331,UACN,2018-08-27,12.0,,,12.0,1233942,2026-04-08T03:07:24.735515+00:00
80426,UACN,2018-08-28,12.0,,,12.0,1064747,2026-04-08T03:07:26.964049+00:00
80521,UACN,2018-08-29,12.1,,,12.1,268633,2026-04-08T03:07:29.382314+00:00
80616,UACN,2018-08-30,12.1,,,12.1,314322,2026-04-08T03:07:31.753519+00:00
80711,UACN,2018-08-31,12.1,,,12.1,237214,2026-04-08T03:07:34.108038+00:00
80806,UACN,2018-09-03,12.1,,,12.1,205360,2026-04-08T03:07:38.483999+00:00
80901,UACN,2018-09-05,11.2,,,11.2,319133,2026-04-08T03:07:41.733647+00:00
80996,UACN,2018-09-06,11.0,,,11.0,368010,2026-04-08T03:07:44.232746+00:00
81091,UACN,2018-09-07,11.0,,,11.0,112522,2026-04-08T03:07:46.695234+00:00
81186,UACN,2018-09-10,11.0,,,11.0,175825,2026-04-08T03:07:51.133138+00:00
81281,UACN,2018-09-11,10.2,,,10.2,239089,2026-04-08T03:07:53.572062+00:00
81383,UACN,2018-09-12,10.2,,,10.2,323771,2026-04-08T03:07:56.190409+00:00
81485,UACN,2018-09-13,10.2,,,10.2,225421,2026-04-08T03:07:58.529226+00:00
81587,UACN,2018-09-14,10.15,,,10.15,865875,2026-04-08T03:08:00.944137+00:00
81689,UACN,2018-09-17,10.0,,,10.0,4379990,2026-04-08T03:08:05.572353+00:00
81791,UACN,2018-09-18,10.0,,,10.0,3594492,2026-04-08T03:08:07.840784+00:00
81893,UACN,2018-09-19,10.2,,,10.2,758487,2026-04-08T03:08:10.07554+00:00
81995,UACN,2018-09-20,11.1,,,11.1,2040444,2026-04-08T03:08:12.389642+00:00
82097,UACN,2018-09-21,11.8,,,11.8,994441,2026-04-08T03:08:14.761127+00:00
82199,UACN,2018-09-24,11.65,,,11.65,4245125,2026-04-08T03:08:19.182113+00:00
82301,UACN,2018-09-25,11.75,,,11.75,1573027,2026-04-08T03:08:21.370615+00:00
82403,UACN,2018-09-26,11.85,,,11.85,270944,2026-04-08T03:08:24.494451+00:00
82505,UACN,2018-09-27,11.85,,,11.85,241793,2026-04-08T03:08:26.812803+00:00
82607,UACN,2018-09-28,10.7,,,10.7,625295,2026-04-08T03:08:29.283021+00:00
82709,UACN,2018-10-02,10.7,,,10.7,234457,2026-04-08T03:08:34.887787+00:00
82811,UACN,2018-10-04,10.7,,,10.7,151261,2026-04-08T03:08:38.279141+00:00
82913,UACN,2018-10-05,11.5,,,11.5,199672,2026-04-08T03:08:40.455926+00:00
83015,UACN,2018-10-08,11.5,,,11.5,75282,2026-04-08T03:08:45.286665+00:00
83117,UACN,2018-10-09,11.5,,,11.5,140970,2026-04-08T03:08:47.584215+00:00
83219,UACN,2018-10-10,11.0,,,11.0,576721,2026-04-08T03:08:50.198924+00:00
83321,UACN,2018-10-11,11.0,,,11.0,92882,2026-04-08T03:08:52.595743+00:00
83423,UACN,2018-10-12,11.0,,,11.0,1718745,2026-04-08T03:08:54.923298+00:00
83525,UACN,2018-10-15,11.0,,,11.0,214998,2026-04-08T03:08:59.688494+00:00
83627,UACN,2018-10-16,11.0,,,11.0,165759,2026-04-08T03:09:01.98694+00:00
83729,UACN,2018-10-17,10.0,,,10.0,446919,2026-04-08T03:09:04.302348+00:00
83831,UACN,2018-10-18,10.0,,,10.0,118035,2026-04-08T03:09:06.644992+00:00
83933,UACN,2018-10-19,10.15,,,10.15,626893,2026-04-08T03:09:09.038287+00:00
84035,UACN,2018-10-22,10.15,,,10.15,16723299,2026-04-08T03:09:13.967+00:00
84137,UACN,2018-10-23,10.0,,,10.0,271263,2026-04-08T03:09:16.194722+00:00
84239,UACN,2018-10-24,10.0,,,10.0,13131079,2026-04-08T03:09:18.448083+00:00
84341,UACN,2018-10-25,10.0,,,10.0,7821474,2026-04-08T03:09:20.631413+00:00
84443,UACN,2018-10-26,9.8,,,9.8,96508,2026-04-08T03:09:23.109094+00:00
84545,UACN,2018-10-29,9.55,,,9.55,653612,2026-04-08T03:09:27.901396+00:00
84647,UACN,2018-10-30,9.85,,,9.85,4912534,2026-04-08T03:09:30.377337+00:00
84749,UACN,2018-10-31,9.4,,,9.4,888550,2026-04-08T03:09:32.658485+00:00
84851,UACN,2018-11-01,9.4,,,9.4,51792,2026-04-08T03:09:35.048509+00:00
84953,UACN,2018-11-02,9.0,,,9.0,1763826,2026-04-08T03:09:37.41202+00:00
85055,UACN,2018-11-05,9.9,,,9.9,226297,2026-04-08T03:09:41.998643+00:00
85157,UACN,2018-11-06,9.9,,,9.9,63863,2026-04-08T03:09:44.485046+00:00
85259,UACN,2018-11-08,9.75,,,9.75,59662,2026-04-08T03:09:47.843283+00:00
85361,UACN,2018-11-09,10.0,,,10.0,114218,2026-04-08T03:09:50.169754+00:00
85463,UACN,2018-11-12,10.0,,,10.0,33152,2026-04-08T03:09:54.975549+00:00
85565,UACN,2018-11-13,10.0,,,10.0,528840,2026-04-08T03:09:57.558923+00:00
85667,UACN,2018-11-14,10.0,,,10.0,155818,2026-04-08T03:09:59.910116+00:00
85769,UACN,2018-11-15,9.5,,,9.5,3323387,2026-04-08T03:10:02.252366+00:00
85871,UACN,2018-11-16,9.5,,,9.5,97160,2026-04-08T03:10:04.527169+00:00
85973,UACN,2018-11-19,9.5,,,9.5,48508,2026-04-08T03:10:09.122468+00:00
86075,UACN,2018-11-21,9.5,,,9.5,510391,2026-04-08T03:10:12.622729+00:00
86177,UACN,2018-11-22,9.5,,,9.5,311376,2026-04-08T03:10:14.989948+00:00
86279,UACN,2018-11-23,9.9,,,9.9,309853,2026-04-08T03:10:17.221139+00:00
86381,UACN,2018-11-26,9.9,,,9.9,321207,2026-04-08T03:10:22.142454+00:00
86483,UACN,2018-11-27,10.1,,,10.1,414605,2026-04-08T03:10:24.421595+00:00
86585,UACN,2018-11-28,10.0,,,10.0,642000,2026-04-08T03:10:26.708398+00:00
86687,UACN,2018-11-29,10.0,,,10.0,25241,2026-04-08T03:10:29.255332+00:00
86789,UACN,2018-11-30,10.0,,,10.0,110158,2026-04-08T03:10:32.706086+00:00
86891,UACN,2018-12-03,10.0,,,10.0,269715,2026-04-08T03:10:37.185914+00:00
86993,UACN,2018-12-04,10.0,,,10.0,55572,2026-04-08T03:10:39.607482+00:00
87095,UACN,2018-12-05,9.5,,,9.5,312097,2026-04-08T03:10:42.037497+00:00
87197,UACN,2018-12-06,10.0,,,10.0,1553805,2026-04-08T03:10:44.312069+00:00
87299,UACN,2018-12-07,10.0,,,10.0,57152,2026-04-08T03:10:46.663078+00:00
87401,UACN,2018-12-10,9.3,,,9.3,240850,2026-04-08T03:10:51.346822+00:00
87503,UACN,2018-12-11,9.9,,,9.9,399156,2026-04-08T03:10:53.613329+00:00
87605,UACN,2018-12-12,10.0,,,10.0,2606397,2026-04-08T03:10:55.983376+00:00
87707,UACN,2018-12-13,10.0,,,10.0,4520135,2026-04-08T03:10:58.622726+00:00
87809,UACN,2018-12-17,10.7,,,10.7,264422,2026-04-08T03:11:04.071168+00:00
87911,UACN,2018-12-18,10.7,,,10.7,125376,2026-04-08T03:11:06.547404+00:00
88012,UACN,2018-12-19,10.7,,,10.7,296102,2026-04-08T03:11:08.930184+00:00
88113,UACN,2018-12-21,11.0,,,11.0,269599,2026-04-08T03:11:13.038597+00:00
88214,UACN,2018-12-24,12.0,,,12.0,126253,2026-04-08T03:11:17.396489+00:00
88316,UACN,2018-12-31,9.75,,,9.75,446998,2026-04-08T03:11:26.963749+00:00
88418,UACN,2019-01-04,9.6,,,9.6,559484,2026-04-08T03:11:33.101723+00:00
88520,UACN,2019-01-07,8.65,,,8.65,2321401,2026-04-08T03:11:37.396019+00:00
88622,UACN,2019-01-08,8.7,,,8.7,1671379,2026-04-08T03:11:39.720871+00:00
88724,UACN,2019-01-09,9.0,,,9.0,2100606,2026-04-08T03:11:42.122758+00:00
88826,UACN,2019-01-10,9.0,,,9.0,364205,2026-04-08T03:11:44.4712+00:00
88928,UACN,2019-01-11,8.7,,,8.7,821671,2026-04-08T03:11:46.864498+00:00
89030,UACN,2019-01-14,8.7,,,8.7,37735,2026-04-08T03:11:51.386431+00:00
89132,UACN,2019-01-15,8.7,,,8.7,655346,2026-04-08T03:11:53.781694+00:00
89234,UACN,2019-01-16,8.8,,,8.8,6127402,2026-04-08T03:11:56.273278+00:00
89336,UACN,2019-01-17,8.8,,,8.8,531023,2026-04-08T03:11:58.633279+00:00
89438,UACN,2019-01-18,8.8,,,8.8,62594,2026-04-08T03:12:01.678716+00:00
89540,UACN,2019-01-21,8.8,,,8.8,338175,2026-04-08T03:12:06.146982+00:00
89642,UACN,2019-01-22,8.9,,,8.9,2206807,2026-04-08T03:12:26.450353+00:00
89744,UACN,2019-01-23,8.5,,,8.5,366421,2026-04-08T03:12:28.985884+00:00
89846,UACN,2019-01-24,8.6,,,8.6,669054,2026-04-08T03:12:31.471104+00:00
89948,UACN,2019-01-25,8.65,,,8.65,630446,2026-04-08T03:12:33.831732+00:00
90050,UACN,2019-01-28,8.55,,,8.55,391534,2026-04-08T03:12:38.324+00:00
90152,UACN,2019-01-29,8.5,,,8.5,277893,2026-04-08T03:12:40.769031+00:00
90254,UACN,2019-01-30,8.6,,,8.6,297020,2026-04-08T03:12:43.207065+00:00
90356,UACN,2019-01-31,8.4,,,8.4,232197,2026-04-08T03:12:45.452606+00:00
90458,UACN,2019-02-01,9.2,,,9.2,1728841,2026-04-08T03:12:47.65569+00:00
90560,UACN,2019-02-04,9.0,,,9.0,2007648,2026-04-08T03:12:52.008801+00:00
90662,UACN,2019-02-05,9.0,,,9.0,292335,2026-04-08T03:12:54.428036+00:00
90764,UACN,2019-02-06,8.9,,,8.9,715063,2026-04-08T03:12:56.795589+00:00
90866,UACN,2019-02-07,8.9,,,8.9,469325,2026-04-08T03:12:59.333395+00:00
90968,UACN,2019-02-08,9.35,,,9.35,960513,2026-04-08T03:13:01.766173+00:00
91070,UACN,2019-02-11,9.5,,,9.5,2853987,2026-04-08T03:13:07.807824+00:00
91172,UACN,2019-02-12,9.3,,,9.3,1732889,2026-04-08T03:13:10.389121+00:00
91274,UACN,2019-02-13,9.3,,,9.3,721672,2026-04-08T03:13:13.120558+00:00
91376,UACN,2019-02-14,9.6,,,9.6,709522,2026-04-08T03:13:15.610167+00:00
91478,UACN,2019-02-15,8.65,,,8.65,2079222,2026-04-08T03:13:17.960235+00:00
91580,UACN,2019-02-18,8.5,,,8.5,447337,2026-04-08T03:13:22.383964+00:00
91682,UACN,2019-02-19,8.5,,,8.5,464515,2026-04-08T03:13:24.617569+00:00
91784,UACN,2019-02-20,9.0,,,9.0,3003920,2026-04-08T03:13:26.870792+00:00
91886,UACN,2019-02-22,8.8,,,8.8,15090,2026-04-08T03:13:30.442816+00:00
91988,UACN,2019-02-25,8.8,,,8.8,154238,2026-04-08T03:13:35.015549+00:00
92090,UACN,2019-02-26,8.8,,,8.8,436973,2026-04-08T03:13:37.412672+00:00
92192,UACN,2019-02-27,8.7,,,8.7,1380695,2026-04-08T03:13:39.910522+00:00
92294,UACN,2019-02-28,8.5,,,8.5,557514,2026-04-08T03:13:42.435587+00:00
92396,UACN,2019-03-01,8.5,,,8.5,53114,2026-04-08T03:13:44.810709+00:00
92498,UACN,2019-03-04,8.25,,,8.25,456622,2026-04-08T03:13:49.353535+00:00
92600,UACN,2019-03-05,8.1,,,8.1,903188,2026-04-08T03:13:51.846242+00:00
92702,UACN,2019-03-06,8.1,,,8.1,148362,2026-04-08T03:13:54.267269+00:00
92804,UACN,2019-03-07,7.95,,,7.95,1035512,2026-04-08T03:13:56.544072+00:00
92906,UACN,2019-03-08,8.0,,,8.0,395151,2026-04-08T03:13:58.936546+00:00
93008,UACN,2019-03-11,8.0,,,8.0,865655,2026-04-08T03:14:03.582539+00:00
93110,UACN,2019-03-12,8.0,,,8.0,986416,2026-04-08T03:14:06.149716+00:00
93212,UACN,2019-03-13,7.8,,,7.8,238339,2026-04-08T03:14:08.562819+00:00
93314,UACN,2019-03-14,7.8,,,7.8,670881,2026-04-08T03:14:10.990955+00:00
93416,UACN,2019-03-15,7.75,,,7.75,163525,2026-04-08T03:14:13.413527+00:00
93518,UACN,2019-03-18,7.75,,,7.75,61132,2026-04-08T03:14:17.594172+00:00
93620,UACN,2019-03-19,7.7,,,7.7,379869,2026-04-08T03:14:19.883177+00:00
93722,UACN,2019-03-20,8.0,,,8.0,2688295,2026-04-08T03:14:22.215184+00:00
93824,UACN,2019-03-21,8.0,,,8.0,1917131,2026-04-08T03:14:24.469396+00:00
93926,UACN,2019-03-22,8.0,,,8.0,1805423,2026-04-08T03:14:26.929153+00:00
94028,UACN,2019-03-25,8.0,,,8.0,139892,2026-04-08T03:14:31.400562+00:00
94130,UACN,2019-03-26,8.0,,,8.0,316227,2026-04-08T03:14:33.80485+00:00
94232,UACN,2019-03-27,7.8,,,7.8,153581,2026-04-08T03:14:36.122563+00:00
94334,UACN,2019-03-28,8.0,,,8.0,192468,2026-04-08T03:14:38.612625+00:00
94436,UACN,2019-03-29,8.0,,,8.0,210156,2026-04-08T03:14:41.061692+00:00
94538,UACN,2019-04-01,7.7,,,7.7,3064486,2026-04-08T03:14:45.528331+00:00
94639,UACN,2019-04-02,7.65,,,7.65,1939333,2026-04-08T03:14:47.809526+00:00
94740,UACN,2019-04-03,7.6,,,7.6,2482327,2026-04-08T03:14:50.124237+00:00
94841,UACN,2019-04-04,7.6,,,7.6,271070,2026-04-08T03:14:52.417245+00:00
94942,UACN,2019-04-05,7.35,,,7.35,1218754,2026-04-08T03:14:54.739567+00:00
95043,UACN,2019-04-08,7.15,,,7.15,1701665,2026-04-08T03:14:59.01768+00:00
95144,UACN,2019-04-09,7.15,,,7.15,431070,2026-04-08T03:15:01.233247+00:00
95245,UACN,2019-04-10,7.0,,,7.0,1458012,2026-04-08T03:15:03.446976+00:00
95346,UACN,2019-04-11,7.0,,,7.0,601232,2026-04-08T03:15:05.608759+00:00
95447,UACN,2019-04-12,7.0,,,7.0,518206,2026-04-08T03:15:07.869644+00:00
95548,UACN,2019-04-15,7.0,,,7.0,609814,2026-04-08T03:15:12.360876+00:00
95649,UACN,2019-04-16,7.0,,,7.0,202609,2026-04-08T03:15:14.69338+00:00
95750,UACN,2019-04-17,6.9,,,6.9,1349024,2026-04-08T03:15:16.974822+00:00
95851,UACN,2019-04-18,6.95,,,6.95,1076889,2026-04-08T03:15:19.360663+00:00
95952,UACN,2019-04-23,7.0,,,7.0,360761,2026-04-08T03:15:26.04373+00:00
96054,UACN,2019-04-24,6.95,,,6.95,16611100,2026-04-08T03:15:28.31166+00:00
96156,UACN,2019-04-25,6.3,,,6.3,9197791,2026-04-08T03:15:30.603437+00:00
96258,UACN,2019-04-26,6.5,,,6.5,5844229,2026-04-08T03:15:32.816712+00:00
96360,UACN,2019-04-29,6.45,,,6.45,41050030,2026-04-08T03:15:37.198623+00:00
96462,UACN,2019-04-30,6.95,,,6.95,16398985,2026-04-08T03:15:39.499507+00:00
96564,UACN,2019-05-02,6.8,,,6.8,12052880,2026-04-08T03:15:42.839166+00:00
96666,UACN,2019-05-03,7.0,,,7.0,16571526,2026-04-08T03:15:45.02286+00:00
96768,UACN,2019-05-06,7.0,,,7.0,3389605,2026-04-08T03:15:49.380478+00:00
96870,UACN,2019-05-07,6.9,,,6.9,10124246,2026-04-08T03:15:51.609622+00:00
96972,UACN,2019-05-08,7.0,,,7.0,2500981,2026-04-08T03:15:53.912422+00:00
97074,UACN,2019-05-09,6.75,,,6.75,1201668,2026-04-08T03:15:56.308435+00:00
97176,UACN,2019-05-10,6.95,,,6.95,4195518,2026-04-08T03:15:58.65517+00:00
97278,UACN,2019-05-13,7.0,,,7.0,41289048,2026-04-08T03:16:02.955985+00:00
97380,UACN,2019-05-14,7.3,,,7.3,8042224,2026-04-08T03:16:05.427951+00:00
97482,UACN,2019-05-15,7.55,,,7.55,21513436,2026-04-08T03:16:07.709974+00:00
97584,UACN,2019-05-16,7.4,,,7.4,3730844,2026-04-08T03:16:09.947696+00:00
97686,UACN,2019-05-17,7.3,,,7.3,7880847,2026-04-08T03:16:12.469468+00:00
97789,UACN,2019-05-20,7.25,,,7.25,9612002,2026-04-08T03:16:16.967061+00:00
97892,UACN,2019-05-21,6.45,,,6.45,2240329,2026-04-08T03:16:19.368023+00:00
97995,UACN,2019-05-22,6.6,,,6.6,2715002,2026-04-08T03:16:21.741488+00:00
98098,UACN,2019-05-23,6.4,,,6.4,3051484,2026-04-08T03:16:24.010501+00:00
98201,UACN,2019-05-24,6.45,,,6.45,1296736,2026-04-08T03:16:26.41346+00:00
98304,UACN,2019-05-27,6.35,,,6.35,1551563,2026-04-08T03:16:30.812568+00:00
98407,UACN,2019-05-28,6.95,,,6.95,4153112,2026-04-08T03:16:33.286405+00:00
98510,UACN,2019-05-30,7.0,,,7.0,14144938,2026-04-08T03:16:36.695359+00:00
98613,UACN,2019-05-31,6.8,,,6.8,4921294,2026-04-08T03:16:39.10826+00:00
98716,UACN,2019-06-03,6.25,,,6.25,24334114,2026-04-08T03:16:43.376201+00:00
98819,UACN,2019-06-06,6.6,,,6.6,1819559,2026-04-08T03:16:48.034912+00:00
98922,UACN,2019-06-07,6.3,,,6.3,6245728,2026-04-08T03:16:50.186426+00:00
99025,UACN,2019-06-10,6.4,,,6.4,3082567,2026-04-08T03:16:54.498349+00:00
99128,UACN,2019-06-11,6.4,,,6.4,1139013,2026-04-08T03:16:56.702394+00:00
99231,UACN,2019-06-13,6.2,,,6.2,3159915,2026-04-08T03:17:00.140907+00:00
99334,UACN,2019-06-14,6.2,,,6.2,413383,2026-04-08T03:17:02.289964+00:00
99437,UACN,2019-06-17,6.05,,,6.05,1419769,2026-04-08T03:17:06.378621+00:00
99540,UACN,2019-06-18,6.0,,,6.0,9220855,2026-04-08T03:17:08.696624+00:00
99643,UACN,2019-06-19,6.0,,,6.0,3512497,2026-04-08T03:17:10.975867+00:00
99746,UACN,2019-06-20,6.0,,,6.0,2207630,2026-04-08T03:17:13.205784+00:00
99849,UACN,2019-06-24,6.05,,,6.05,3241831,2026-04-08T03:17:18.488118+00:00
99952,UACN,2019-06-25,6.05,,,6.05,5864194,2026-04-08T03:17:20.712996+00:00
100055,UACN,2019-06-26,6.2,,,6.2,5034101,2026-04-08T03:17:23.021521+00:00
100158,UACN,2019-06-27,6.25,,,6.25,3485955,2026-04-08T03:17:25.288917+00:00
100261,UACN,2019-06-28,6.65,,,6.65,2560639,2026-04-08T03:17:27.669324+00:00
100364,UACN,2019-07-01,6.55,,,6.55,1349431,2026-04-08T03:17:31.993492+00:00
100467,UACN,2019-07-02,6.55,,,6.55,1207843,2026-04-08T03:17:34.195482+00:00
100570,UACN,2019-07-03,6.1,,,6.1,1037638,2026-04-08T03:17:36.539656+00:00
100673,UACN,2019-07-04,6.2,,,6.2,919607,2026-04-08T03:17:38.806977+00:00
100776,UACN,2019-07-05,6.2,,,6.2,1354243,2026-04-08T03:17:41.292481+00:00
100879,UACN,2019-07-08,6.1,,,6.1,1114200,2026-04-08T03:17:45.861747+00:00
100982,UACN,2019-07-09,6.05,,,6.05,2409005,2026-04-08T03:17:48.217581+00:00
101086,UACN,2019-07-10,6.0,,,6.0,2347864,2026-04-08T03:17:50.676625+00:00
101190,UACN,2019-07-11,5.8,,,5.8,496207,2026-04-08T03:17:53.082234+00:00
101294,UACN,2019-07-12,6.0,,,6.0,854100,2026-04-08T03:17:55.503872+00:00
101398,UACN,2019-07-15,5.9,,,5.9,322741,2026-04-08T03:18:00.039317+00:00
101502,UACN,2019-07-16,5.8,,,5.8,1381185,2026-04-08T03:18:02.440443+00:00
101606,UACN,2019-07-17,5.9,,,5.9,1263808,2026-04-08T03:18:04.729662+00:00
101710,UACN,2019-07-18,5.8,,,5.8,2422933,2026-04-08T03:18:07.178594+00:00
101814,UACN,2019-07-19,5.4,,,5.4,466526,2026-04-08T03:18:09.535362+00:00
101918,UACN,2019-07-22,5.6,,,5.6,595029,2026-04-08T03:18:14.212024+00:00
102022,UACN,2019-07-23,5.9,,,5.9,1199294,2026-04-08T03:18:16.654741+00:00
102126,UACN,2019-07-24,5.65,,,5.65,1503160,2026-04-08T03:18:18.926554+00:00
102230,UACN,2019-07-25,5.85,,,5.85,770855,2026-04-08T03:18:21.127331+00:00
102334,UACN,2019-07-26,5.85,,,5.85,192248,2026-04-08T03:18:23.508197+00:00
102438,UACN,2019-07-29,5.8,,,5.8,882566,2026-04-08T03:18:27.808584+00:00
102542,UACN,2019-07-30,5.8,,,5.8,173638,2026-04-08T03:18:30.090931+00:00
102646,UACN,2019-07-31,5.8,,,5.8,10521652,2026-04-08T03:18:32.379029+00:00
102750,UACN,2019-08-01,5.75,,,5.75,3045780,2026-04-08T03:18:34.721051+00:00
102854,UACN,2019-08-02,5.75,,,5.75,207830,2026-04-08T03:18:37.148519+00:00
102958,UACN,2019-08-05,5.75,,,5.75,466259,2026-04-08T03:18:41.327383+00:00
103062,UACN,2019-08-06,5.75,,,5.75,1187282,2026-04-08T03:18:43.676077+00:00
103166,UACN,2019-08-07,5.75,,,5.75,1181864,2026-04-08T03:18:45.952647+00:00
103270,UACN,2019-08-08,5.75,,,5.75,537726,2026-04-08T03:18:48.284739+00:00
103374,UACN,2019-08-09,5.5,,,5.5,716927,2026-04-08T03:18:50.530707+00:00
103478,UACN,2019-08-14,4.95,,,4.95,2420046,2026-04-08T03:18:57.313874+00:00
103582,UACN,2019-08-15,4.5,,,4.5,2215508,2026-04-08T03:18:59.647711+00:00
103686,UACN,2019-08-19,4.8,,,4.8,2490203,2026-04-08T03:19:05.053534+00:00
103790,UACN,2019-08-20,5.25,,,5.25,2149368,2026-04-08T03:19:07.283568+00:00
103894,UACN,2019-08-21,5.4,,,5.4,7696313,2026-04-08T03:19:09.493441+00:00
103997,UACN,2019-08-22,5.4,,,5.4,6170627,2026-04-08T03:19:11.834929+00:00
104100,UACN,2019-08-23,5.35,,,5.35,2083852,2026-04-08T03:19:14.066623+00:00
104203,UACN,2019-08-26,5.15,,,5.15,1481370,2026-04-08T03:19:18.291411+00:00
104306,UACN,2019-08-27,5.0,,,5.0,8047994,2026-04-08T03:19:20.588978+00:00
104409,UACN,2019-08-28,5.0,,,5.0,2845950,2026-04-08T03:19:22.939533+00:00
104512,UACN,2019-08-29,4.55,,,4.55,1693084,2026-04-08T03:19:25.308081+00:00
104615,UACN,2019-08-30,5.0,,,5.0,2893661,2026-04-08T03:19:27.686427+00:00
104718,UACN,2019-09-02,4.5,,,4.5,7796066,2026-04-08T03:19:32.075785+00:00
104821,UACN,2019-09-03,4.55,,,4.55,15712570,2026-04-08T03:19:34.366833+00:00
104924,UACN,2019-09-04,5.0,,,5.0,6310996,2026-04-08T03:19:36.608723+00:00
105027,UACN,2019-09-05,5.5,,,5.5,3339226,2026-04-08T03:19:38.984327+00:00
105130,UACN,2019-09-06,6.05,,,6.05,3821400,2026-04-08T03:19:41.363212+00:00
105233,UACN,2019-09-09,6.6,,,6.6,10612085,2026-04-08T03:19:45.624302+00:00
105336,UACN,2019-09-10,6.2,,,6.2,1303104,2026-04-08T03:19:47.977958+00:00
105439,UACN,2019-09-11,6.05,,,6.05,9194835,2026-04-08T03:19:50.333421+00:00
105542,UACN,2019-09-12,6.2,,,6.2,1215863,2026-04-08T03:19:52.607202+00:00
105645,UACN,2019-09-13,6.6,,,6.6,2171720,2026-04-08T03:19:55.083512+00:00
105748,UACN,2019-09-16,6.65,,,6.65,7039542,2026-04-08T03:19:59.701348+00:00
105851,UACN,2019-09-17,6.8,,,6.8,1867874,2026-04-08T03:20:02.523968+00:00
105954,UACN,2019-09-18,7.05,,,7.05,5359761,2026-04-08T03:20:05.488272+00:00
106057,UACN,2019-09-19,7.75,,,7.75,7518167,2026-04-08T03:20:08.114889+00:00
106160,UACN,2019-09-20,7.9,,,7.9,6958447,2026-04-08T03:20:10.721894+00:00
106263,UACN,2019-09-23,7.15,,,7.15,5811604,2026-04-08T03:20:15.267012+00:00
106366,UACN,2019-09-24,7.65,,,7.65,7134907,2026-04-08T03:20:17.630341+00:00
106469,UACN,2019-09-25,7.65,,,7.65,495802,2026-04-08T03:20:20.165626+00:00
106572,UACN,2019-09-26,7.65,,,7.65,635837,2026-04-08T03:20:22.92566+00:00
106675,UACN,2019-09-27,7.65,,,7.65,1125234,2026-04-08T03:20:25.402499+00:00
106778,UACN,2019-09-30,7.5,,,7.5,1911949,2026-04-08T03:20:29.867546+00:00
106881,UACN,2019-10-02,7.0,,,7.0,6958885,2026-04-08T03:20:33.475481+00:00
106984,UACN,2019-10-03,6.75,,,6.75,1071113,2026-04-08T03:20:35.801047+00:00
107087,UACN,2019-10-04,6.55,,,6.55,1439409,2026-04-08T03:20:38.138638+00:00
107190,UACN,2019-10-07,7.1,,,7.1,1774134,2026-04-08T03:20:43.38987+00:00
107293,UACN,2019-10-08,7.0,,,7.0,2159089,2026-04-08T03:20:50.115577+00:00
107396,UACN,2019-10-09,7.15,,,7.15,2366727,2026-04-08T03:20:53.067656+00:00
107499,UACN,2019-10-10,7.15,,,7.15,927690,2026-04-08T03:20:55.682822+00:00
107602,UACN,2019-10-11,7.15,,,7.15,514434,2026-04-08T03:20:58.30073+00:00
107705,UACN,2019-10-14,6.65,,,6.65,2480959,2026-04-08T03:21:03.536141+00:00
107808,UACN,2019-10-15,6.7,,,6.7,875768,2026-04-08T03:21:06.159586+00:00
107911,UACN,2019-10-16,6.7,,,6.7,1108475,2026-04-08T03:21:08.538525+00:00
108014,UACN,2019-10-17,6.7,,,6.7,93800,2026-04-08T03:21:11.125073+00:00
108117,UACN,2019-10-18,6.4,,,6.4,4253328,2026-04-08T03:21:14.04892+00:00
108220,UACN,2019-10-21,6.4,,,6.4,334745,2026-04-08T03:21:18.357079+00:00
108323,UACN,2019-10-22,6.5,,,6.5,2313473,2026-04-08T03:21:20.5704+00:00
108426,UACN,2019-10-23,6.5,,,6.5,402328,2026-04-08T03:21:22.84444+00:00
108529,UACN,2019-10-24,6.5,,,6.5,299745,2026-04-08T03:21:25.228823+00:00
108632,UACN,2019-10-25,6.5,,,6.5,774529,2026-04-08T03:21:27.539286+00:00
108735,UACN,2019-10-28,6.0,,,6.0,9077388,2026-04-08T03:21:32.161692+00:00
108838,UACN,2019-10-29,6.0,,,6.0,184310,2026-04-08T03:21:34.477485+00:00
108941,UACN,2019-10-30,6.45,,,6.45,732761,2026-04-08T03:21:36.754268+00:00
109044,UACN,2019-10-31,6.5,,,6.5,3486213,2026-04-08T03:21:39.10919+00:00
109147,UACN,2019-11-01,6.2,,,6.2,785329,2026-04-08T03:21:41.456138+00:00
109250,UACN,2019-11-04,6.2,,,6.2,531370,2026-04-08T03:21:45.945243+00:00
109353,UACN,2019-11-05,6.2,,,6.2,1374769,2026-04-08T03:21:48.37169+00:00
109456,UACN,2019-11-06,6.2,,,6.2,187410,2026-04-08T03:21:50.755948+00:00
109559,UACN,2019-11-07,6.2,,,6.2,489906,2026-04-08T03:21:53.200031+00:00
109662,UACN,2019-11-08,6.2,,,6.2,738812,2026-04-08T03:21:55.63316+00:00
109765,UACN,2019-11-12,6.5,,,6.5,1185717,2026-04-08T03:22:01.520244+00:00
109868,UACN,2019-11-13,6.5,,,6.5,946981,2026-04-08T03:22:04.169594+00:00
109971,UACN,2019-11-14,6.6,,,6.6,5002145,2026-04-08T03:22:06.510438+00:00
110074,UACN,2019-11-15,6.6,,,6.6,656159,2026-04-08T03:22:08.972682+00:00
110177,UACN,2019-11-18,6.75,,,6.75,102546110,2026-04-08T03:22:13.551393+00:00
110279,UACN,2019-11-19,7.05,,,7.05,117681076,2026-04-08T03:22:15.801005+00:00
110381,UACN,2019-11-20,7.1,,,7.1,6775898,2026-04-08T03:22:18.11241+00:00
110483,UACN,2019-11-21,7.15,,,7.15,2052849,2026-04-08T03:22:20.360812+00:00
110585,UACN,2019-11-22,7.15,,,7.15,795611,2026-04-08T03:22:22.766306+00:00
110687,UACN,2019-11-25,7.3,,,7.3,6333552,2026-04-08T03:22:27.077445+00:00
110789,UACN,2019-11-26,7.4,,,7.4,3022235,2026-04-08T03:22:29.415971+00:00
110891,UACN,2019-11-27,7.0,,,7.0,6589473,2026-04-08T03:22:31.797244+00:00
110993,UACN,2019-11-28,7.5,,,7.5,8525363,2026-04-08T03:22:34.150197+00:00
111095,UACN,2019-11-29,8.0,,,8.0,42607788,2026-04-08T03:22:36.43862+00:00
111197,UACN,2019-12-02,7.3,,,7.3,6513799,2026-04-08T03:22:40.672716+00:00
111299,UACN,2019-12-03,7.5,,,7.5,3106465,2026-04-08T03:22:42.857808+00:00
111401,UACN,2019-12-04,7.55,,,7.55,1916820,2026-04-08T03:22:45.132537+00:00
111503,UACN,2019-12-05,8.05,,,8.05,40229662,2026-04-08T03:22:47.409461+00:00
111605,UACN,2019-12-06,8.6,,,8.6,33017805,2026-04-08T03:22:49.720566+00:00
111707,UACN,2019-12-10,8.05,,,8.05,7991404,2026-04-08T03:22:54.948045+00:00
111809,UACN,2019-12-11,8.3,,,8.3,11564052,2026-04-08T03:22:57.463594+00:00
111911,UACN,2019-12-12,8.8,,,8.8,8355369,2026-04-08T03:22:59.677549+00:00
112013,UACN,2019-12-13,8.9,,,8.9,4156950,2026-04-08T03:23:01.961124+00:00
112115,UACN,2019-12-16,8.75,,,8.75,3818869,2026-04-08T03:23:06.206185+00:00
112217,UACN,2019-12-17,8.75,,,8.75,5651210,2026-04-08T03:23:08.526507+00:00
112319,UACN,2019-12-18,8.75,,,8.75,1111636,2026-04-08T03:23:10.699016+00:00
112421,UACN,2019-12-19,8.6,,,8.6,2657602,2026-04-08T03:23:13.06361+00:00
112523,UACN,2019-12-20,8.3,,,8.3,3010497,2026-04-08T03:23:15.515212+00:00
112625,UACN,2019-12-23,8.3,,,8.3,115880,2026-04-08T03:23:19.645113+00:00
112727,UACN,2019-12-24,8.1,,,8.1,2115275,2026-04-08T03:23:22.081747+00:00
112829,UACN,2019-12-27,8.55,,,8.55,1708900,2026-04-08T03:23:26.48241+00:00
112931,UACN,2019-12-31,8.6,,,8.6,7953950,2026-04-08T03:23:31.997666+00:00
113033,UACN,2020-01-02,8.9,,,8.9,1500894,2026-04-08T03:23:35.253628+00:00
113135,UACN,2020-01-03,9.0,,,9.0,2804235,2026-04-08T03:23:37.484442+00:00
113237,UACN,2020-01-06,9.25,,,9.25,2512112,2026-04-08T03:23:41.810791+00:00
113339,UACN,2020-01-07,9.25,,,9.25,712780,2026-04-08T03:23:44.238014+00:00
113441,UACN,2020-01-08,9.05,,,9.05,8075431,2026-04-08T03:23:46.428903+00:00
113543,UACN,2020-01-09,9.35,,,9.35,1742817,2026-04-08T03:23:48.760691+00:00
113646,UACN,2020-01-10,10.25,,,10.25,17733387,2026-04-08T03:23:51.312987+00:00
113749,UACN,2020-01-13,11.05,,,11.05,24365559,2026-04-08T03:23:55.704331+00:00
113852,UACN,2020-01-14,11.05,,,11.05,10899706,2026-04-08T03:23:58.044369+00:00
113955,UACN,2020-01-15,10.7,,,10.7,6280598,2026-04-08T03:24:00.340453+00:00
114058,UACN,2020-01-16,10.0,,,10.0,2350684,2026-04-08T03:24:02.775573+00:00
114161,UACN,2020-01-17,10.7,,,10.7,1085330,2026-04-08T03:24:05.107796+00:00
114264,UACN,2020-01-20,10.7,,,10.7,1327138,2026-04-08T03:24:09.637495+00:00
114367,UACN,2020-01-21,10.55,,,10.55,2729059,2026-04-08T03:24:12.081094+00:00
114470,UACN,2020-01-23,10.5,,,10.5,3934293,2026-04-08T03:24:15.397306+00:00
114573,UACN,2020-01-24,10.55,,,10.55,3013044,2026-04-08T03:24:17.760742+00:00
114676,UACN,2020-01-27,10.55,,,10.55,2856341,2026-04-08T03:24:22.426106+00:00
114779,UACN,2020-01-28,10.55,,,10.55,2371049,2026-04-08T03:24:24.728321+00:00
114882,UACN,2020-01-29,10.0,,,10.0,3151181,2026-04-08T03:24:27.287495+00:00
114985,UACN,2020-01-30,9.0,,,9.0,8273000,2026-04-08T03:24:29.658352+00:00
115088,UACN,2020-01-31,8.9,,,8.9,10227554,2026-04-08T03:24:31.961868+00:00
115191,UACN,2020-02-03,8.95,,,8.95,3713329,2026-04-08T03:24:36.430808+00:00
115294,UACN,2020-02-04,8.5,,,8.5,9157823,2026-04-08T03:24:38.687124+00:00
115397,UACN,2020-02-05,8.05,,,8.05,5300313,2026-04-08T03:24:41.03998+00:00
115500,UACN,2020-02-06,8.4,,,8.4,5715717,2026-04-08T03:24:43.345135+00:00
115603,UACN,2020-02-07,8.45,,,8.45,659335,2026-04-08T03:24:45.609576+00:00
115706,UACN,2020-02-10,8.5,,,8.5,14163566,2026-04-08T03:24:50.182603+00:00
115809,UACN,2020-02-11,9.3,,,9.3,3035114,2026-04-08T03:24:52.780016+00:00
115912,UACN,2020-02-12,9.5,,,9.5,1713593,2026-04-08T03:24:55.120152+00:00
116015,UACN,2020-02-13,9.5,,,9.5,776145,2026-04-08T03:24:57.649025+00:00
116118,UACN,2020-02-14,9.0,,,9.0,21238615,2026-04-08T03:25:00.080254+00:00
116221,UACN,2020-02-17,9.0,,,9.0,1705621,2026-04-08T03:25:04.377856+00:00
116324,UACN,2020-02-18,9.0,,,9.0,4269839,2026-04-08T03:25:06.773592+00:00
116427,UACN,2020-02-19,9.0,,,9.0,129189,2026-04-08T03:25:09.231504+00:00
116530,UACN,2020-02-20,9.0,,,9.0,348906,2026-04-08T03:25:11.501588+00:00
116633,UACN,2020-02-21,8.4,,,8.4,859795,2026-04-08T03:25:13.948187+00:00
116736,UACN,2020-02-24,8.4,,,8.4,1682998,2026-04-08T03:25:18.415367+00:00
116839,UACN,2020-02-25,8.5,,,8.5,1929900,2026-04-08T03:25:20.711298+00:00
116942,UACN,2020-02-26,8.5,,,8.5,2896967,2026-04-08T03:25:23.465375+00:00
117045,UACN,2020-02-27,8.1,,,8.1,4231002,2026-04-08T03:25:26.011368+00:00
117148,UACN,2020-02-28,7.4,,,7.4,3421526,2026-04-08T03:25:28.472167+00:00
117251,UACN,2020-03-02,7.4,,,7.4,1177489,2026-04-08T03:25:32.979972+00:00
117354,UACN,2020-03-03,8.1,,,8.1,546272,2026-04-08T03:25:35.324079+00:00
117457,UACN,2020-03-04,8.8,,,8.8,1764502,2026-04-08T03:25:37.587456+00:00
117560,UACN,2020-03-05,9.0,,,9.0,11083061,2026-04-08T03:25:39.825698+00:00
117663,UACN,2020-03-09,7.95,,,7.95,1077276,2026-04-08T03:25:45.227559+00:00
117766,UACN,2020-03-10,7.2,,,7.2,695427,2026-04-08T03:25:47.644077+00:00
117869,UACN,2020-03-11,7.5,,,7.5,7414004,2026-04-08T03:25:49.940962+00:00
117972,UACN,2020-03-12,7.5,,,7.5,947954,2026-04-08T03:25:52.243289+00:00
118075,UACN,2020-03-13,7.5,,,7.5,325407,2026-04-08T03:25:54.520183+00:00
118178,UACN,2020-03-16,7.5,,,7.5,386424,2026-04-08T03:25:58.965391+00:00
118281,UACN,2020-03-17,7.5,,,7.5,723315,2026-04-08T03:26:01.331984+00:00
118384,UACN,2020-03-18,7.2,,,7.2,4039228,2026-04-08T03:26:03.589989+00:00
118487,UACN,2020-03-19,7.2,,,7.2,2448616,2026-04-08T03:26:05.957067+00:00
118590,UACN,2020-03-20,7.85,,,7.85,2695895,2026-04-08T03:26:08.377452+00:00
118693,UACN,2020-03-23,7.1,,,7.1,2644626,2026-04-08T03:26:12.667002+00:00
118796,UACN,2020-03-24,7.1,,,7.1,831047,2026-04-08T03:26:14.960057+00:00
118899,UACN,2020-03-25,7.3,,,7.3,725665,2026-04-08T03:26:17.224804+00:00
119002,UACN,2020-03-26,7.3,,,7.3,360486,2026-04-08T03:26:19.64473+00:00
119105,UACN,2020-03-27,7.4,,,7.4,306410,2026-04-08T03:26:21.968693+00:00
119208,UACN,2020-03-30,7.4,,,7.4,565861,2026-04-08T03:26:26.43282+00:00
119311,UACN,2020-03-31,7.2,,,7.2,2870127,2026-04-08T03:26:28.926506+00:00
119414,UACN,2020-04-01,6.7,,,6.7,4095453,2026-04-08T03:26:31.173614+00:00
119517,UACN,2020-04-02,6.5,,,6.5,372317,2026-04-08T03:26:33.480235+00:00
119620,UACN,2020-04-03,7.0,,,7.0,262000,2026-04-08T03:26:35.777807+00:00
119723,UACN,2020-04-06,7.05,,,7.05,266084,2026-04-08T03:26:40.135575+00:00
119826,UACN,2020-04-07,7.1,,,7.1,835317,2026-04-08T03:26:42.376644+00:00
119929,UACN,2020-04-08,7.1,,,7.1,219222,2026-04-08T03:26:44.690105+00:00
120032,UACN,2020-04-09,7.05,,,7.05,2096138,2026-04-08T03:26:47.020639+00:00
120135,UACN,2020-04-14,7.1,,,7.1,1240124,2026-04-08T03:26:53.304016+00:00
120238,UACN,2020-04-15,7.3,,,7.3,1350544,2026-04-08T03:26:55.643286+00:00
120341,UACN,2020-04-16,7.3,,,7.3,907004,2026-04-08T03:26:58.005731+00:00
120444,UACN,2020-04-17,7.5,,,7.5,2156045,2026-04-08T03:27:00.196144+00:00
120547,UACN,2020-04-20,7.5,,,7.5,424730,2026-04-08T03:27:04.902814+00:00
120650,UACN,2020-04-21,7.5,,,7.5,186586,2026-04-08T03:27:07.124699+00:00
120753,UACN,2020-04-22,7.5,,,7.5,97440,2026-04-08T03:27:09.50407+00:00
120856,UACN,2020-04-23,6.75,,,6.75,697164,2026-04-08T03:27:11.732195+00:00
120959,UACN,2020-04-24,6.2,,,6.2,11907724,2026-04-08T03:27:14.133022+00:00
121062,UACN,2020-04-27,6.15,,,6.15,3606964,2026-04-08T03:27:18.376911+00:00
121165,UACN,2020-04-28,6.2,,,6.2,4229153,2026-04-08T03:27:20.70836+00:00
121268,UACN,2020-04-29,6.8,,,6.8,905642,2026-04-08T03:27:23.099969+00:00
121371,UACN,2020-04-30,6.9,,,6.9,1024404,2026-04-08T03:27:25.479794+00:00
121474,UACN,2020-05-04,7.2,,,7.2,1710831,2026-04-08T03:27:30.67652+00:00
121577,UACN,2020-05-05,7.2,,,7.2,1579847,2026-04-08T03:27:32.997372+00:00
121680,UACN,2020-05-06,6.95,,,6.95,4796732,2026-04-08T03:27:35.368243+00:00
121783,UACN,2020-05-07,6.85,,,6.85,898962,2026-04-08T03:27:37.70358+00:00
121886,UACN,2020-05-08,6.8,,,6.8,1212057,2026-04-08T03:27:39.945267+00:00
121989,UACN,2020-05-11,6.9,,,6.9,10612469,2026-04-08T03:27:44.543581+00:00
122092,UACN,2020-05-12,6.9,,,6.9,16620712,2026-04-08T03:27:46.988848+00:00
122195,UACN,2020-05-13,7.0,,,7.0,932232,2026-04-08T03:27:49.292243+00:00
122298,UACN,2020-05-14,6.95,,,6.95,678002,2026-04-08T03:27:51.592074+00:00
122401,UACN,2020-05-19,6.95,,,6.95,966819,2026-04-08T03:27:58.031425+00:00
122504,UACN,2020-05-20,7.25,,,7.25,1013919,2026-04-08T03:28:00.412443+00:00
122607,UACN,2020-05-21,7.6,,,7.6,976227,2026-04-08T03:28:02.829603+00:00
122710,UACN,2020-05-27,9.0,,,9.0,1187710,2026-04-08T03:28:10.17932+00:00
122813,UACN,2020-05-28,9.0,,,9.0,1542261,2026-04-08T03:28:12.484321+00:00
122916,UACN,2020-05-29,9.0,,,9.0,942421,2026-04-08T03:28:14.796152+00:00
123019,UACN,2020-06-02,8.4,,,8.4,1271827,2026-04-08T03:28:20.224588+00:00
123122,UACN,2020-06-03,7.7,,,7.7,1701990,2026-04-08T03:28:22.45251+00:00
123225,UACN,2020-06-04,7.7,,,7.7,534885,2026-04-08T03:28:24.742978+00:00
123328,UACN,2020-06-05,7.75,,,7.75,2056527,2026-04-08T03:28:26.997708+00:00
123431,UACN,2020-06-08,8.25,,,8.25,1558048,2026-04-08T03:28:31.360755+00:00
123534,UACN,2020-06-09,8.25,,,8.25,573875,2026-04-08T03:28:33.545964+00:00
123637,UACN,2020-06-10,7.5,,,7.5,1925341,2026-04-08T03:28:35.856379+00:00
123740,UACN,2020-06-11,7.2,,,7.2,848129,2026-04-08T03:28:38.052531+00:00
123843,UACN,2020-06-15,7.2,,,7.2,1151262,2026-04-08T03:28:43.437023+00:00
123946,UACN,2020-06-16,7.25,,,7.25,1640305,2026-04-08T03:28:45.961134+00:00
124049,UACN,2020-06-17,7.2,,,7.2,41199388,2026-04-08T03:28:48.324213+00:00
124152,UACN,2020-06-18,7.2,,,7.2,406759,2026-04-08T03:28:50.696546+00:00
124255,UACN,2020-06-19,7.0,,,7.0,654086,2026-04-08T03:28:53.406809+00:00
124358,UACN,2020-06-22,7.0,,,7.0,320565,2026-04-08T03:28:57.922359+00:00
124461,UACN,2020-06-23,7.05,,,7.05,1492180,2026-04-08T03:29:00.283028+00:00
124564,UACN,2020-06-24,7.0,,,7.0,1072670,2026-04-08T03:29:02.79982+00:00
124667,UACN,2020-06-25,7.0,,,7.0,1147246,2026-04-08T03:29:05.076463+00:00
124770,UACN,2020-06-26,7.45,,,7.45,264896,2026-04-08T03:29:07.48598+00:00
124873,UACN,2020-06-29,8.0,,,8.0,1459757,2026-04-08T03:29:11.968016+00:00
124976,UACN,2020-06-30,8.0,,,8.0,791411,2026-04-08T03:29:14.28255+00:00
125079,UACN,2020-07-01,8.0,,,8.0,154068,2026-04-08T03:29:16.703757+00:00
125182,UACN,2020-07-02,8.0,,,8.0,201395,2026-04-08T03:29:19.127663+00:00
125285,UACN,2020-07-03,7.2,,,7.2,856670,2026-04-08T03:29:21.544735+00:00
125388,UACN,2020-07-07,7.2,,,7.2,232087,2026-04-08T03:29:27.331532+00:00
125491,UACN,2020-07-08,7.2,,,7.2,105567,2026-04-08T03:29:29.768744+00:00
125594,UACN,2020-07-09,7.2,,,7.2,260644,2026-04-08T03:29:32.143692+00:00
125697,UACN,2020-07-10,7.3,,,7.3,356441,2026-04-08T03:29:34.521297+00:00
125800,UACN,2020-07-13,7.3,,,7.3,867523,2026-04-08T03:29:39.007126+00:00
125903,UACN,2020-07-14,7.3,,,7.3,623359,2026-04-08T03:29:41.304989+00:00
126006,UACN,2020-07-15,7.3,,,7.3,315839,2026-04-08T03:29:43.708156+00:00
126109,UACN,2020-07-16,7.3,,,7.3,329721,2026-04-08T03:29:45.979708+00:00
126212,UACN,2020-07-17,7.3,,,7.3,440209,2026-04-08T03:29:48.357101+00:00
126315,UACN,2020-07-20,7.3,,,7.3,114616,2026-04-08T03:29:52.723074+00:00
126418,UACN,2020-07-21,7.3,,,7.3,175139,2026-04-08T03:29:55.035926+00:00
126521,UACN,2020-07-23,7.3,,,7.3,430574,2026-04-08T03:29:58.238067+00:00
126624,UACN,2020-07-24,7.3,,,7.3,790639,2026-04-08T03:30:00.541513+00:00
126727,UACN,2020-07-27,7.3,,,7.3,985290,2026-04-08T03:30:04.748878+00:00
126830,UACN,2020-07-28,6.8,,,6.8,787954,2026-04-08T03:30:07.286947+00:00
126933,UACN,2020-07-29,7.0,,,7.0,1775751,2026-04-08T03:30:09.725653+00:00
127036,UACN,2020-08-03,6.3,,,6.3,2169495,2026-04-08T03:30:16.711714+00:00
127139,UACN,2020-08-04,6.85,,,6.85,1612501,2026-04-08T03:30:19.026905+00:00
127242,UACN,2020-08-05,6.85,,,6.85,81741012,2026-04-08T03:30:21.509999+00:00
127345,UACN,2020-08-06,6.85,,,6.85,3226698,2026-04-08T03:30:23.823287+00:00
127448,UACN,2020-08-07,6.2,,,6.2,4365954,2026-04-08T03:30:26.221973+00:00
127551,UACN,2020-08-10,5.9,,,5.9,4825823,2026-04-08T03:30:31.080726+00:00
127654,UACN,2020-08-11,6.0,,,6.0,3873778,2026-04-08T03:30:33.557314+00:00
127757,UACN,2020-08-12,6.2,,,6.2,398683,2026-04-08T03:30:35.989363+00:00
127860,UACN,2020-08-13,6.2,,,6.2,3856090,2026-04-08T03:30:38.402702+00:00
127963,UACN,2020-08-14,6.0,,,6.0,4771369,2026-04-08T03:30:40.738296+00:00
128066,UACN,2020-08-17,5.85,,,5.85,2168001,2026-04-08T03:30:45.179846+00:00
128169,UACN,2020-08-18,5.85,,,5.85,6460814,2026-04-08T03:30:47.750292+00:00
128272,UACN,2020-08-19,5.8,,,5.8,2378212,2026-04-08T03:30:50.260611+00:00
128375,UACN,2020-08-20,5.85,,,5.85,460270,2026-04-08T03:30:52.728097+00:00
128478,UACN,2020-08-21,5.5,,,5.5,6545097,2026-04-08T03:30:55.129893+00:00
128581,UACN,2020-08-24,5.5,,,5.5,930095,2026-04-08T03:30:59.50528+00:00
128684,UACN,2020-08-25,5.4,,,5.4,518859,2026-04-08T03:31:01.97181+00:00
128787,UACN,2020-08-26,5.75,,,5.75,5097650,2026-04-08T03:31:04.340397+00:00
128890,UACN,2020-08-27,5.75,,,5.75,111871739,2026-04-08T03:31:06.825032+00:00
128993,UACN,2020-08-28,5.7,,,5.7,2837282,2026-04-08T03:31:10.050623+00:00
129096,UACN,2020-08-31,5.7,,,5.7,74424772,2026-04-08T03:31:14.574397+00:00
129199,UACN,2020-09-01,5.95,,,5.95,2862413,2026-04-08T03:31:16.859057+00:00
129302,UACN,2020-09-02,5.95,,,5.95,1219756,2026-04-08T03:31:19.223829+00:00
129405,UACN,2020-09-03,6.2,,,6.2,9507980,2026-04-08T03:31:21.580357+00:00
129508,UACN,2020-09-04,6.3,,,6.3,821325,2026-04-08T03:31:24.095323+00:00
129611,UACN,2020-09-07,6.3,,,6.3,639776,2026-04-08T03:31:29.028072+00:00
129714,UACN,2020-09-08,6.3,,,6.3,822328,2026-04-08T03:31:31.696694+00:00
129817,UACN,2020-09-09,6.0,,,6.0,4206591,2026-04-08T03:31:34.222499+00:00
129920,UACN,2020-09-10,6.0,,,6.0,812097,2026-04-08T03:31:36.666154+00:00
130023,UACN,2020-09-11,6.0,,,6.0,349293,2026-04-08T03:31:39.224755+00:00
130126,UACN,2020-09-14,6.05,,,6.05,1378568,2026-04-08T03:31:43.669625+00:00
130229,UACN,2020-09-15,6.05,,,6.05,630599,2026-04-08T03:31:46.096824+00:00
130332,UACN,2020-09-16,6.05,,,6.05,3459271,2026-04-08T03:31:48.62473+00:00
130435,UACN,2020-09-17,6.05,,,6.05,1750171,2026-04-08T03:31:51.120615+00:00
130538,UACN,2020-09-18,6.05,,,6.05,318882,2026-04-08T03:31:53.500222+00:00
130641,UACN,2020-09-21,6.4,,,6.4,2074067,2026-04-08T03:31:57.915353+00:00
130744,UACN,2020-09-22,6.3,,,6.3,1243450,2026-04-08T03:32:00.361616+00:00
130847,UACN,2020-09-23,6.3,,,6.3,59473,2026-04-08T03:32:02.667296+00:00
130950,UACN,2020-09-24,6.3,,,6.3,969635,2026-04-08T03:32:05.077899+00:00
131053,UACN,2020-09-25,6.1,,,6.1,4031218,2026-04-08T03:32:07.472813+00:00
131156,UACN,2020-09-28,6.35,,,6.35,1030325,2026-04-08T03:32:12.542607+00:00
131259,UACN,2020-09-29,6.35,,,6.35,312249,2026-04-08T03:32:14.948969+00:00
131362,UACN,2020-09-30,6.95,,,6.95,5573300,2026-04-08T03:32:17.368144+00:00
131465,UACN,2020-10-02,6.5,,,6.5,2201808,2026-04-08T03:32:21.009688+00:00
131568,UACN,2020-10-05,6.45,,,6.45,4035757,2026-04-08T03:32:25.669514+00:00
131671,UACN,2020-10-06,7.0,,,7.0,6197667,2026-04-08T03:32:28.151061+00:00
131774,UACN,2020-10-07,6.9,,,6.9,23068381,2026-04-08T03:32:30.62441+00:00
131877,UACN,2020-10-08,6.9,,,6.9,290082,2026-04-08T03:32:32.995223+00:00
131980,UACN,2020-10-09,6.9,,,6.9,363605,2026-04-08T03:32:35.453646+00:00
132083,UACN,2020-10-12,6.9,,,6.9,599768,2026-04-08T03:32:39.836845+00:00
132186,UACN,2020-10-13,6.9,,,6.9,1450294,2026-04-08T03:32:42.883097+00:00
132289,UACN,2020-10-14,6.9,,,6.9,177335,2026-04-08T03:32:45.313484+00:00
132392,UACN,2020-10-15,6.9,,,6.9,687728,2026-04-08T03:32:47.672181+00:00
132495,UACN,2020-10-16,6.9,,,6.9,1223198,2026-04-08T03:32:50.112843+00:00
132598,UACN,2020-10-19,6.7,,,6.7,10285738,2026-04-08T03:32:54.594352+00:00
132701,UACN,2020-10-20,7.0,,,7.0,22196985,2026-04-08T03:32:57.288568+00:00
132804,UACN,2020-10-21,6.6,,,6.6,557325,2026-04-08T03:32:59.679627+00:00
132907,UACN,2020-10-22,7.15,,,7.15,1171690,2026-04-08T03:33:02.194874+00:00
133010,UACN,2020-10-23,7.15,,,7.15,117809,2026-04-08T03:33:04.540232+00:00
133113,UACN,2020-10-26,7.15,,,7.15,140633,2026-04-08T03:33:08.964122+00:00
133216,UACN,2020-10-27,7.15,,,7.15,1971441,2026-04-08T03:33:12.04516+00:00
133319,UACN,2020-10-28,7.3,,,7.3,1392999,2026-04-08T03:33:14.504918+00:00
133422,UACN,2020-10-30,7.8,,,7.8,4119150,2026-04-08T03:33:18.13889+00:00
133525,UACN,2020-11-02,7.5,,,7.5,728516,2026-04-08T03:33:22.589733+00:00
133628,UACN,2020-11-03,7.5,,,7.5,1196204,2026-04-08T03:33:24.936567+00:00
133731,UACN,2020-11-04,7.5,,,7.5,3376407,2026-04-08T03:33:27.402012+00:00
133834,UACN,2020-11-05,7.5,,,7.5,3578134,2026-04-08T03:33:29.791139+00:00
133937,UACN,2020-11-06,7.95,,,7.95,2765108,2026-04-08T03:33:32.190465+00:00
134040,UACN,2020-11-09,8.0,,,8.0,6931983,2026-04-08T03:33:36.944942+00:00
134144,UACN,2020-11-10,8.0,,,8.0,5413782,2026-04-08T03:33:39.328014+00:00
134248,UACN,2020-11-11,8.4,,,8.4,10401146,2026-04-08T03:33:41.646704+00:00
134352,UACN,2020-11-12,8.85,,,8.85,6619269,2026-04-08T03:33:44.075825+00:00
134456,UACN,2020-11-13,8.4,,,8.4,5738543,2026-04-08T03:33:46.660663+00:00
134560,UACN,2020-11-16,7.6,,,7.6,4799511,2026-04-08T03:33:51.206328+00:00
134664,UACN,2020-11-17,7.95,,,7.95,1124297,2026-04-08T03:33:53.594986+00:00
134768,UACN,2020-11-18,7.95,,,7.95,1856571,2026-04-08T03:33:56.053488+00:00
134872,UACN,2020-11-19,7.95,,,7.95,612447,2026-04-08T03:33:58.535588+00:00
134976,UACN,2020-11-20,7.95,,,7.95,3686601,2026-04-08T03:34:01.033528+00:00
135080,UACN,2020-11-23,7.95,,,7.95,1767311,2026-04-08T03:34:05.446005+00:00
135184,UACN,2020-11-24,7.65,,,7.65,844771,2026-04-08T03:34:07.827748+00:00
135288,UACN,2020-11-25,7.65,,,7.65,246376,2026-04-08T03:34:10.273596+00:00
135392,UACN,2020-11-26,7.65,,,7.65,433958,2026-04-08T03:34:12.878043+00:00
135496,UACN,2020-11-27,7.65,,,7.65,146702,2026-04-08T03:34:15.660625+00:00
135600,UACN,2020-11-30,7.55,,,7.55,954350,2026-04-08T03:34:20.595268+00:00
135704,UACN,2020-12-01,7.55,,,7.55,709458,2026-04-08T03:34:22.915781+00:00
135807,UACN,2020-12-02,7.3,,,7.3,827443,2026-04-08T03:34:25.200893+00:00
135909,UACN,2020-12-03,7.3,,,7.3,2090769,2026-04-08T03:34:27.500503+00:00
136011,UACN,2020-12-04,7.15,,,7.15,1505211,2026-04-08T03:34:29.754666+00:00
136115,UACN,2020-12-07,7.2,,,7.2,462843,2026-04-08T03:34:34.092506+00:00
136219,UACN,2020-12-08,7.3,,,7.3,6781857,2026-04-08T03:34:36.413898+00:00
136323,UACN,2020-12-09,7.3,,,7.3,3058224,2026-04-08T03:34:38.741358+00:00
136427,UACN,2020-12-10,7.0,,,7.0,3466137,2026-04-08T03:34:41.210459+00:00
136531,UACN,2020-12-11,7.3,,,7.3,7537388,2026-04-08T03:34:43.516271+00:00
136635,UACN,2020-12-14,7.3,,,7.3,1486035,2026-04-08T03:34:47.752987+00:00
136740,UACN,2020-12-15,7.5,,,7.5,1252383,2026-04-08T03:34:50.014046+00:00
136845,UACN,2020-12-16,7.5,,,7.5,877417,2026-04-08T03:34:52.260784+00:00
136950,UACN,2020-12-17,7.4,,,7.4,6366470,2026-04-08T03:34:54.700208+00:00
137055,UACN,2020-12-18,7.4,,,7.4,193433,2026-04-08T03:34:57.404383+00:00
137160,UACN,2020-12-21,7.3,,,7.3,408862,2026-04-08T03:35:01.74156+00:00
137265,UACN,2020-12-22,7.3,,,7.3,899116,2026-04-08T03:35:04.087051+00:00
137370,UACN,2020-12-23,7.45,,,7.45,312788,2026-04-08T03:35:06.465463+00:00
137475,UACN,2020-12-24,7.5,,,7.5,386111,2026-04-08T03:35:08.859517+00:00
137580,UACN,2020-12-29,7.5,,,7.5,315907,2026-04-08T03:35:15.710612+00:00
137685,UACN,2020-12-30,7.5,,,7.5,1863235,2026-04-08T03:35:18.332825+00:00
137790,UACN,2020-12-31,7.25,,,7.25,1662893,2026-04-08T03:35:20.721524+00:00
137895,UACN,2021-01-04,7.45,,,7.45,1404845,2026-04-08T03:35:26.376094+00:00
138000,UACN,2021-01-05,7.1,,,7.1,944537,2026-04-08T03:35:29.033034+00:00
138105,UACN,2021-01-06,7.1,,,7.1,1972642,2026-04-08T03:35:31.424152+00:00
138210,UACN,2021-01-07,7.1,,,7.1,201476,2026-04-08T03:35:34.042283+00:00
138315,UACN,2021-01-08,7.5,,,7.5,3234875,2026-04-08T03:35:36.489888+00:00
138420,UACN,2021-01-11,7.45,,,7.45,1228270,2026-04-08T03:35:41.134484+00:00
138525,UACN,2021-01-12,7.5,,,7.5,896095,2026-04-08T03:35:43.444525+00:00
138630,UACN,2021-01-13,7.5,,,7.5,3317102,2026-04-08T03:35:45.752573+00:00
138735,UACN,2021-01-14,7.5,,,7.5,24988941,2026-04-08T03:35:48.266873+00:00
138840,UACN,2021-01-15,8.25,,,8.25,16352370,2026-04-08T03:35:50.536305+00:00
138945,UACN,2021-01-18,8.35,,,8.35,28079923,2026-04-08T03:35:55.012207+00:00
139050,UACN,2021-01-19,7.9,,,7.9,4179631,2026-04-08T03:35:57.346792+00:00
139155,UACN,2021-01-20,8.1,,,8.1,15360667,2026-04-08T03:35:59.785195+00:00
139260,UACN,2021-01-21,8.25,,,8.25,7288503,2026-04-08T03:36:02.057398+00:00
139365,UACN,2021-01-22,8.3,,,8.3,22785639,2026-04-08T03:36:04.490813+00:00
139470,UACN,2021-01-25,8.2,,,8.2,9140735,2026-04-08T03:36:09.142175+00:00
139575,UACN,2021-01-26,8.15,,,8.15,11148007,2026-04-08T03:36:11.477526+00:00
139680,UACN,2021-01-27,8.0,,,8.0,4089044,2026-04-08T03:36:13.916788+00:00
139785,UACN,2021-01-28,8.15,,,8.15,25287645,2026-04-08T03:36:16.269205+00:00
139890,UACN,2021-01-29,8.35,,,8.35,11579428,2026-04-08T03:36:18.603253+00:00
139995,UACN,2021-02-01,8.95,,,8.95,15650421,2026-04-08T03:36:23.094546+00:00
140100,UACN,2021-02-02,8.75,,,8.75,3375981,2026-04-08T03:36:25.523135+00:00
140205,UACN,2021-02-03,8.45,,,8.45,7791822,2026-04-08T03:36:27.835035+00:00
140310,UACN,2021-02-04,8.3,,,8.3,4958912,2026-04-08T03:36:30.225924+00:00
140415,UACN,2021-02-05,8.25,,,8.25,1039228,2026-04-08T03:36:32.587221+00:00
140520,UACN,2021-02-08,8.25,,,8.25,2338984,2026-04-08T03:36:37.052653+00:00
140625,UACN,2021-02-09,8.2,,,8.2,13543152,2026-04-08T03:36:39.468141+00:00
140730,UACN,2021-02-10,7.8,,,7.8,1816550,2026-04-08T03:36:41.836322+00:00
140835,UACN,2021-02-11,7.8,,,7.8,2508878,2026-04-08T03:36:44.255641+00:00
140940,UACN,2021-02-12,7.8,,,7.8,1813242,2026-04-08T03:36:46.553737+00:00
141045,UACN,2021-02-15,7.85,,,7.85,924347,2026-04-08T03:36:50.983127+00:00
141150,UACN,2021-02-16,8.3,,,8.3,14610042,2026-04-08T03:36:53.929967+00:00
141255,UACN,2021-02-17,8.0,,,8.0,2887649,2026-04-08T03:36:56.762484+00:00
141360,UACN,2021-02-18,8.0,,,8.0,2557791,2026-04-08T03:36:59.321693+00:00
141465,UACN,2021-02-19,8.0,,,8.0,89612,2026-04-08T03:37:01.817881+00:00
141570,UACN,2021-02-22,7.95,,,7.95,3865262,2026-04-08T03:37:06.27808+00:00
141675,UACN,2021-02-23,7.95,,,7.95,320797,2026-04-08T03:37:08.890934+00:00
141780,UACN,2021-02-24,7.95,,,7.95,681335,2026-04-08T03:37:11.490979+00:00
141885,UACN,2021-02-25,7.55,,,7.55,411209,2026-04-08T03:37:14.190372+00:00
141990,UACN,2021-02-26,7.5,,,7.5,398795,2026-04-08T03:37:16.661186+00:00
142095,UACN,2021-03-01,8.0,,,8.0,2850678,2026-04-08T03:37:22.522205+00:00
142200,UACN,2021-03-02,7.75,,,7.75,2126346,2026-04-08T03:37:25.400973+00:00
142305,UACN,2021-03-03,7.45,,,7.45,752808,2026-04-08T03:37:28.29584+00:00
142410,UACN,2021-03-04,7.45,,,7.45,1959248,2026-04-08T03:37:30.865183+00:00
142515,UACN,2021-03-05,7.4,,,7.4,442573,2026-04-08T03:37:35.032922+00:00
142620,UACN,2021-03-08,7.4,,,7.4,247055,2026-04-08T03:37:40.957406+00:00
142725,UACN,2021-03-09,7.4,,,7.4,534178,2026-04-08T03:37:43.478318+00:00
142830,UACN,2021-03-10,7.4,,,7.4,933403,2026-04-08T03:37:46.075681+00:00
142935,UACN,2021-03-11,7.4,,,7.4,63776,2026-04-08T03:37:49.142973+00:00
143040,UACN,2021-03-12,7.15,,,7.15,696552,2026-04-08T03:37:51.827027+00:00
143145,UACN,2021-03-15,7.15,,,7.15,381821,2026-04-08T03:37:56.632273+00:00
143250,UACN,2021-03-16,7.15,,,7.15,389958,2026-04-08T03:37:59.157483+00:00
143355,UACN,2021-03-17,7.15,,,7.15,125539,2026-04-08T03:38:01.497417+00:00
143460,UACN,2021-03-18,7.5,,,7.5,402171,2026-04-08T03:38:03.831621+00:00
143565,UACN,2021-03-19,7.5,,,7.5,547597,2026-04-08T03:38:06.31825+00:00
143670,UACN,2021-03-22,8.0,,,8.0,1867711,2026-04-08T03:38:11.081229+00:00
143775,UACN,2021-03-23,8.0,,,8.0,6491332,2026-04-08T03:38:13.396015+00:00
143880,UACN,2021-03-24,8.05,,,8.05,2293334,2026-04-08T03:38:15.81449+00:00
143985,UACN,2021-03-25,8.0,,,8.0,1559719,2026-04-08T03:38:18.283134+00:00
144090,UACN,2021-03-26,8.7,,,8.7,6251122,2026-04-08T03:38:20.746814+00:00
144195,UACN,2021-03-29,8.7,,,8.7,6067290,2026-04-08T03:38:25.159246+00:00
144300,UACN,2021-03-30,9.0,,,9.0,3707526,2026-04-08T03:38:27.475529+00:00
144405,UACN,2021-03-31,9.0,,,9.0,6542284,2026-04-08T03:38:29.710175+00:00
144510,UACN,2021-04-01,9.9,,,9.9,37374797,2026-04-08T03:38:32.086622+00:00
144615,UACN,2021-04-06,9.75,,,9.75,34049100,2026-04-08T03:38:38.336109+00:00
144720,UACN,2021-04-07,9.75,,,9.75,12945939,2026-04-08T03:38:40.597593+00:00
144825,UACN,2021-04-08,9.7,,,9.7,1686680,2026-04-08T03:38:43.050318+00:00
144930,UACN,2021-04-09,9.3,,,9.3,4830724,2026-04-08T03:38:45.381101+00:00
145035,UACN,2021-04-12,9.5,,,9.5,3309777,2026-04-08T03:38:49.634064+00:00
145140,UACN,2021-04-14,9.55,,,9.55,32595380,2026-04-08T03:38:53.291299+00:00
145245,UACN,2021-04-15,9.6,,,9.6,12810129,2026-04-08T03:38:55.647647+00:00
145350,UACN,2021-04-16,10.0,,,10.0,7609527,2026-04-08T03:38:58.039758+00:00
145455,UACN,2021-04-19,10.85,,,10.85,20429205,2026-04-08T03:39:02.639407+00:00
145560,UACN,2021-04-20,10.6,,,10.6,25824378,2026-04-08T03:39:05.009889+00:00
145665,UACN,2021-04-21,10.5,,,10.5,3687782,2026-04-08T03:39:07.371999+00:00
145770,UACN,2021-04-22,10.65,,,10.65,4588751,2026-04-08T03:39:09.720023+00:00
145875,UACN,2021-04-26,10.9,,,10.9,2317962,2026-04-08T03:39:15.36746+00:00
145980,UACN,2021-04-27,10.95,,,10.95,3911007,2026-04-08T03:39:17.695414+00:00
146085,UACN,2021-04-28,10.55,,,10.55,3690038,2026-04-08T03:39:20.620007+00:00
146190,UACN,2021-04-29,10.6,,,10.6,1719644,2026-04-08T03:39:22.905871+00:00
146295,UACN,2021-04-30,10.3,,,10.3,6655298,2026-04-08T03:39:25.430976+00:00
146400,UACN,2021-05-04,10.3,,,10.3,8349999,2026-04-08T03:39:31.322792+00:00
146505,UACN,2021-05-05,10.3,,,10.3,1787073,2026-04-08T03:39:33.759587+00:00
146610,UACN,2021-05-06,10.3,,,10.3,8877881,2026-04-08T03:39:36.246061+00:00
146715,UACN,2021-05-07,10.3,,,10.3,7927125,2026-04-08T03:39:38.47254+00:00
146820,UACN,2021-05-10,10.3,,,10.3,6002291,2026-04-08T03:39:42.886326+00:00
146925,UACN,2021-05-11,10.3,,,10.3,38274061,2026-04-08T03:39:45.288668+00:00
147030,UACN,2021-05-14,10.35,,,10.35,2165199,2026-04-08T03:39:49.859206+00:00
147135,UACN,2021-05-17,10.45,,,10.45,14481092,2026-04-08T03:39:54.343913+00:00
147240,UACN,2021-05-18,10.4,,,10.4,5790027,2026-04-08T03:39:57.092526+00:00
147345,UACN,2021-05-19,10.3,,,10.3,10013162,2026-04-08T03:39:59.433321+00:00
147450,UACN,2021-05-20,10.45,,,10.45,1743723,2026-04-08T03:40:01.906518+00:00
147555,UACN,2021-05-21,10.6,,,10.6,25008000,2026-04-08T03:40:04.221824+00:00
147660,UACN,2021-05-24,10.8,,,10.8,2306729,2026-04-08T03:40:08.535937+00:00
147765,UACN,2021-05-25,11.05,,,11.05,7373281,2026-04-08T03:40:10.790359+00:00
147870,UACN,2021-05-26,11.25,,,11.25,11941451,2026-04-08T03:40:13.088105+00:00
147975,UACN,2021-05-27,11.0,,,11.0,15680500,2026-04-08T03:40:15.774564+00:00
148080,UACN,2021-05-28,11.0,,,11.0,7358103,2026-04-08T03:40:18.222614+00:00
148185,UACN,2021-05-31,11.0,,,11.0,2339640,2026-04-08T03:40:23.651574+00:00
148290,UACN,2021-06-01,11.0,,,11.0,8411046,2026-04-08T03:40:26.050454+00:00
148395,UACN,2021-06-02,11.0,,,11.0,10806693,2026-04-08T03:40:28.576306+00:00
148500,UACN,2021-06-03,11.0,,,11.0,6406788,2026-04-08T03:40:31.001459+00:00
148605,UACN,2021-06-04,11.0,,,11.0,965214,2026-04-08T03:40:33.442796+00:00
148710,UACN,2021-06-07,11.0,,,11.0,1537592,2026-04-08T03:40:37.732645+00:00
148815,UACN,2021-06-08,11.0,,,11.0,1505532,2026-04-08T03:40:40.102423+00:00
148920,UACN,2021-06-09,11.0,,,11.0,1249387,2026-04-08T03:40:42.486352+00:00
149025,UACN,2021-06-10,10.9,,,10.9,6631041,2026-04-08T03:40:45.029393+00:00
149130,UACN,2021-06-11,10.9,,,10.9,8272774,2026-04-08T03:40:47.465669+00:00
149235,UACN,2021-06-15,9.5,,,9.5,22925319,2026-04-08T03:40:53.415974+00:00
149340,UACN,2021-06-16,9.55,,,9.55,6261214,2026-04-08T03:40:55.754681+00:00
149446,UACN,2021-06-17,9.7,,,9.7,4302204,2026-04-08T03:40:58.172345+00:00
149552,UACN,2021-06-18,9.7,,,9.7,2057829,2026-04-08T03:41:00.479054+00:00
149658,UACN,2021-06-21,9.9,,,9.9,1551434,2026-04-08T03:41:05.049703+00:00
149765,UACN,2021-06-22,9.8,,,9.8,1503542,2026-04-08T03:41:07.444448+00:00
149872,UACN,2021-06-23,9.75,,,9.75,3169535,2026-04-08T03:41:09.819069+00:00
149979,UACN,2021-06-24,9.7,,,9.7,1821988,2026-04-08T03:41:12.2583+00:00
150086,UACN,2021-06-25,9.8,,,9.8,4231579,2026-04-08T03:41:14.6351+00:00
150193,UACN,2021-06-28,9.8,,,9.8,2467340,2026-04-08T03:41:19.428749+00:00
150300,UACN,2021-06-29,9.75,,,9.75,965450,2026-04-08T03:41:22.147646+00:00
150407,UACN,2021-06-30,9.75,,,9.75,356458,2026-04-08T03:41:24.723581+00:00
150514,UACN,2021-07-01,9.75,,,9.75,3562695,2026-04-08T03:41:27.253573+00:00
150621,UACN,2021-07-02,9.75,,,9.75,1995386,2026-04-08T03:41:29.882533+00:00
150728,UACN,2021-07-05,9.75,,,9.75,5285539,2026-04-08T03:41:34.454391+00:00
150835,UACN,2021-07-06,9.75,,,9.75,983072,2026-04-08T03:41:36.982623+00:00
150942,UACN,2021-07-07,9.75,,,9.75,4329315,2026-04-08T03:41:39.307643+00:00
151049,UACN,2021-07-08,9.8,,,9.8,2290310,2026-04-08T03:41:41.672436+00:00
151156,UACN,2021-07-09,9.75,,,9.75,1256077,2026-04-08T03:41:44.186247+00:00
151264,UACN,2021-07-12,9.75,,,9.75,1523764,2026-04-08T03:41:48.615121+00:00
151372,UACN,2021-07-13,9.9,,,9.9,3628587,2026-04-08T03:41:50.993586+00:00
151480,UACN,2021-07-14,10.0,,,10.0,861986,2026-04-08T03:41:53.268+00:00
151588,UACN,2021-07-15,10.0,,,10.0,1229005,2026-04-08T03:41:55.50175+00:00
151696,UACN,2021-07-16,10.0,,,10.0,6247428,2026-04-08T03:41:57.978751+00:00
151804,UACN,2021-07-19,10.0,,,10.0,11133486,2026-04-08T03:42:02.439681+00:00
151912,UACN,2021-07-22,10.15,,,10.15,5641830,2026-04-08T03:42:06.938387+00:00
152020,UACN,2021-07-23,10.5,,,10.5,1967766,2026-04-08T03:42:09.224536+00:00
152128,UACN,2021-07-26,11.4,,,11.4,7651800,2026-04-08T03:42:13.888963+00:00
152236,UACN,2021-07-27,11.3,,,11.3,14420368,2026-04-08T03:42:16.300026+00:00
152344,UACN,2021-07-28,11.2,,,11.2,4941387,2026-04-08T03:42:18.733972+00:00
152452,UACN,2021-07-29,10.2,,,10.2,2178329,2026-04-08T03:42:21.196071+00:00
152560,UACN,2021-07-30,10.2,,,10.2,1434146,2026-04-08T03:42:23.780537+00:00
152668,UACN,2021-08-02,10.05,,,10.05,2181681,2026-04-08T03:42:28.457705+00:00
152776,UACN,2021-08-03,10.0,,,10.0,1144079,2026-04-08T03:42:31.094462+00:00
152884,UACN,2021-08-04,10.0,,,10.0,52614,2026-04-08T03:42:33.531563+00:00
152992,UACN,2021-08-05,10.0,,,10.0,344414,2026-04-08T03:42:35.917081+00:00
153100,UACN,2021-08-06,10.0,,,10.0,128055,2026-04-08T03:42:38.23616+00:00
153208,UACN,2021-08-09,10.0,,,10.0,1505610,2026-04-08T03:42:42.878342+00:00
153316,UACN,2021-08-10,10.0,,,10.0,4459453,2026-04-08T03:42:45.264053+00:00
153424,UACN,2021-08-12,10.0,,,10.0,459013,2026-04-08T03:42:48.762656+00:00
153532,UACN,2021-08-13,10.05,,,10.05,1073415,2026-04-08T03:42:51.120096+00:00
153640,UACN,2021-08-16,10.25,,,10.25,231570,2026-04-08T03:42:55.556429+00:00
153748,UACN,2021-08-17,10.45,,,10.45,707848,2026-04-08T03:42:57.870214+00:00
153856,UACN,2021-08-18,10.45,,,10.45,575891,2026-04-08T03:43:00.318272+00:00
153964,UACN,2021-08-19,10.45,,,10.45,240151,2026-04-08T03:43:02.743698+00:00
154072,UACN,2021-08-20,11.45,,,11.45,4864040,2026-04-08T03:43:05.111187+00:00
154180,UACN,2021-08-23,11.45,,,11.45,4248542,2026-04-08T03:43:09.725908+00:00
154288,UACN,2021-08-24,10.7,,,10.7,1609593,2026-04-08T03:43:12.031989+00:00
154396,UACN,2021-08-25,11.0,,,11.0,826487,2026-04-08T03:43:14.375004+00:00
154504,UACN,2021-08-26,11.0,,,11.0,1558574,2026-04-08T03:43:16.860503+00:00
154612,UACN,2021-08-27,10.95,,,10.95,559694,2026-04-08T03:43:19.247601+00:00
154720,UACN,2021-08-30,11.05,,,11.05,1814073,2026-04-08T03:43:23.756871+00:00
154828,UACN,2021-08-31,11.0,,,11.0,1843866,2026-04-08T03:43:26.203018+00:00
154936,UACN,2021-09-01,10.8,,,10.8,584703,2026-04-08T03:43:28.430514+00:00
155044,UACN,2021-09-02,10.5,,,10.5,752357,2026-04-08T03:43:30.63423+00:00
155152,UACN,2021-09-03,10.5,,,10.5,201190,2026-04-08T03:43:33.173741+00:00
155260,UACN,2021-09-06,11.0,,,11.0,1024982,2026-04-08T03:43:37.566628+00:00
155368,UACN,2021-09-07,10.55,,,10.55,2705481,2026-04-08T03:43:39.870652+00:00
155476,UACN,2021-09-08,10.5,,,10.5,6611372,2026-04-08T03:43:42.125577+00:00
155584,UACN,2021-09-09,10.5,,,10.5,2838471,2026-04-08T03:43:44.739177+00:00
155692,UACN,2021-09-10,10.35,,,10.35,966557,2026-04-08T03:43:47.339386+00:00
155800,UACN,2021-09-13,10.3,,,10.3,1811208,2026-04-08T03:43:51.822078+00:00
155908,UACN,2021-09-14,9.8,,,9.8,4276453,2026-04-08T03:43:54.260371+00:00
156016,UACN,2021-09-15,9.8,,,9.8,92086,2026-04-08T03:43:56.896801+00:00
156124,UACN,2021-09-16,9.8,,,9.8,233511,2026-04-08T03:43:59.227477+00:00
156232,UACN,2021-09-20,10.05,,,10.05,811867,2026-04-08T03:44:04.993721+00:00
156340,UACN,2021-09-21,10.05,,,10.05,118418,2026-04-08T03:44:07.727357+00:00
156448,UACN,2021-09-22,10.0,,,10.0,1469000,2026-04-08T03:44:10.239254+00:00
156556,UACN,2021-09-23,10.0,,,10.0,1808478,2026-04-08T03:44:12.661605+00:00
156664,UACN,2021-09-24,10.0,,,10.0,4728543,2026-04-08T03:44:15.34542+00:00
156772,UACN,2021-09-27,10.1,,,10.1,1212375,2026-04-08T03:44:19.850483+00:00
156880,UACN,2021-09-28,10.1,,,10.1,769971,2026-04-08T03:44:22.678655+00:00
156988,UACN,2021-09-29,10.25,,,10.25,1420503,2026-04-08T03:44:25.133662+00:00
157096,UACN,2021-09-30,10.25,,,10.25,8263149,2026-04-08T03:44:27.471646+00:00
157204,UACN,2021-10-04,10.25,,,10.25,385696,2026-04-08T03:44:32.876267+00:00
157312,UACN,2021-10-05,10.25,,,10.25,172007,2026-04-08T03:44:35.445743+00:00
157420,UACN,2021-10-06,10.5,,,10.5,520029,2026-04-08T03:44:37.876116+00:00
157528,UACN,2021-10-07,10.2,,,10.2,4711886,2026-04-08T03:44:40.206594+00:00
157636,UACN,2021-10-08,10.65,,,10.65,2813612,2026-04-08T03:44:42.63936+00:00
157744,UACN,2021-10-11,10.65,,,10.65,499056,2026-04-08T03:44:47.21782+00:00
157852,UACN,2021-10-12,10.65,,,10.65,1173186,2026-04-08T03:44:49.55017+00:00
157960,UACN,2021-10-13,10.65,,,10.65,1673937,2026-04-08T03:44:52.157785+00:00
158068,UACN,2021-10-14,11.0,,,11.0,3141749,2026-04-08T03:44:54.53471+00:00
158176,UACN,2021-10-15,11.0,,,11.0,267538,2026-04-08T03:44:56.91657+00:00
158285,UACN,2021-10-18,11.0,,,11.0,2361771,2026-04-08T03:45:01.595863+00:00
158394,UACN,2021-10-20,10.95,,,10.95,430715,2026-04-08T03:45:05.471144+00:00
158503,UACN,2021-10-21,11.0,,,11.0,6474223,2026-04-08T03:45:08.008029+00:00
158610,UACN,2021-10-22,11.0,,,11.0,5793289,2026-04-08T03:45:10.474564+00:00
158719,UACN,2021-10-25,11.0,,,11.0,2074308,2026-04-08T03:45:15.28358+00:00
158828,UACN,2021-10-26,11.35,,,11.35,3063093,2026-04-08T03:45:17.74539+00:00
158937,UACN,2021-10-27,11.4,,,11.4,3650849,2026-04-08T03:45:20.303823+00:00
159046,UACN,2021-10-28,11.4,,,11.4,538734,2026-04-08T03:45:22.610226+00:00
159155,UACN,2021-10-29,11.3,,,11.3,884259,2026-04-08T03:45:25.013779+00:00
159264,UACN,2021-11-01,11.3,,,11.3,500604,2026-04-08T03:45:29.747778+00:00
159373,UACN,2021-11-02,10.2,,,10.2,8969811,2026-04-08T03:45:32.292585+00:00
159482,UACN,2021-11-03,10.2,,,10.2,601827,2026-04-08T03:45:34.604091+00:00
159591,UACN,2021-11-04,10.2,,,10.2,445913,2026-04-08T03:45:37.086301+00:00
159700,UACN,2021-11-05,11.0,,,11.0,1390339,2026-04-08T03:45:39.522081+00:00
159809,UACN,2021-11-08,10.5,,,10.5,67244697,2026-04-08T03:45:44.061968+00:00
159918,UACN,2021-11-10,10.75,,,10.75,791796,2026-04-08T03:45:47.530577+00:00
160027,UACN,2021-11-11,11.0,,,11.0,2576620,2026-04-08T03:45:49.990111+00:00
160136,UACN,2021-11-12,11.0,,,11.0,111408,2026-04-08T03:45:52.531373+00:00
160245,UACN,2021-11-15,11.0,,,11.0,111281,2026-04-08T03:45:57.041913+00:00
160354,UACN,2021-11-17,11.0,,,11.0,43839,2026-04-08T03:46:00.536124+00:00
160463,UACN,2021-11-18,10.5,,,10.5,1460616,2026-04-08T03:46:03.012698+00:00
160572,UACN,2021-11-19,10.7,,,10.7,314192,2026-04-08T03:46:05.423699+00:00
160681,UACN,2021-11-22,10.45,,,10.45,1754926,2026-04-08T03:46:10.306395+00:00
160790,UACN,2021-11-23,10.45,,,10.45,1685738,2026-04-08T03:46:12.888041+00:00
160899,UACN,2021-11-24,10.45,,,10.45,32375,2026-04-08T03:46:15.261589+00:00
161008,UACN,2021-11-25,10.0,,,10.0,1559783,2026-04-08T03:46:17.544601+00:00
161117,UACN,2021-11-29,10.0,,,10.0,253306,2026-04-08T03:46:23.244686+00:00
161226,UACN,2021-11-30,10.0,,,10.0,369779,2026-04-08T03:46:25.627389+00:00
161335,UACN,2021-12-01,10.0,,,10.0,297074,2026-04-08T03:46:28.190956+00:00
161444,UACN,2021-12-02,10.0,,,10.0,921441,2026-04-08T03:46:30.651544+00:00
161553,UACN,2021-12-03,10.0,,,10.0,813571,2026-04-08T03:46:33.124129+00:00
161662,UACN,2021-12-06,10.0,,,10.0,316410,2026-04-08T03:46:37.622095+00:00
161771,UACN,2021-12-07,10.0,,,10.0,453599,2026-04-08T03:46:39.947423+00:00
161880,UACN,2021-12-08,10.0,,,10.0,807857,2026-04-08T03:46:42.482337+00:00
161989,UACN,2021-12-09,9.0,,,9.0,483489,2026-04-08T03:46:44.852467+00:00
162098,UACN,2021-12-10,9.2,,,9.2,1031399,2026-04-08T03:46:47.321476+00:00
162208,UACN,2021-12-13,9.2,,,9.2,313292,2026-04-08T03:46:51.775824+00:00
162318,UACN,2021-12-14,9.8,,,9.8,1750294,2026-04-08T03:46:54.126877+00:00
162428,UACN,2021-12-15,9.6,,,9.6,480994,2026-04-08T03:46:56.822916+00:00
162538,UACN,2021-12-16,9.6,,,9.6,1173222,2026-04-08T03:46:59.215115+00:00
162648,UACN,2021-12-17,9.5,,,9.5,62828048,2026-04-08T03:47:01.752329+00:00
162759,UACN,2021-12-20,9.5,,,9.5,73426,2026-04-08T03:47:06.293287+00:00
162870,UACN,2021-12-21,9.45,,,9.45,75879546,2026-04-08T03:47:08.729464+00:00
162981,UACN,2021-12-22,9.45,,,9.45,77367451,2026-04-08T03:47:11.106283+00:00
163092,UACN,2021-12-23,9.5,,,9.5,64951566,2026-04-08T03:47:13.420215+00:00
163203,UACN,2021-12-24,9.5,,,9.5,268256,2026-04-08T03:47:15.708642+00:00
163314,UACN,2021-12-29,9.6,,,9.6,12883677,2026-04-08T03:47:22.624079+00:00
163425,UACN,2021-12-30,9.6,,,9.6,437085,2026-04-08T03:47:25.019388+00:00
163536,UACN,2021-12-31,9.5,,,9.5,757891,2026-04-08T03:47:27.803632+00:00
163647,UACN,2022-01-04,9.0,,,9.0,463782,2026-04-08T03:47:33.190226+00:00
163758,UACN,2022-01-05,9.0,,,9.0,335903,2026-04-08T03:47:35.481449+00:00
163870,UACN,2022-01-06,9.5,,,9.5,378113,2026-04-08T03:47:38.067383+00:00
163982,UACN,2022-01-07,9.5,,,9.5,236011,2026-04-08T03:47:40.483305+00:00
164094,UACN,2022-01-10,9.6,,,9.6,988515,2026-04-08T03:47:45.097739+00:00
164206,UACN,2022-01-11,9.6,,,9.6,194490,2026-04-08T03:47:47.617941+00:00
164318,UACN,2022-01-12,9.6,,,9.6,476546,2026-04-08T03:47:50.132225+00:00
164430,UACN,2022-01-13,9.1,,,9.1,884144,2026-04-08T03:47:52.673244+00:00
164542,UACN,2022-01-14,9.1,,,9.1,666856,2026-04-08T03:47:55.308832+00:00
164654,UACN,2022-01-17,9.15,,,9.15,1112142,2026-04-08T03:47:59.999655+00:00
164766,UACN,2022-01-18,9.15,,,9.15,490677,2026-04-08T03:48:02.353596+00:00
164878,UACN,2022-01-19,9.15,,,9.15,56882,2026-04-08T03:48:04.820784+00:00
164990,UACN,2022-01-20,9.15,,,9.15,350247,2026-04-08T03:48:07.325935+00:00
165102,UACN,2022-01-21,9.15,,,9.15,507888,2026-04-08T03:48:09.696329+00:00
165214,UACN,2022-01-24,9.0,,,9.0,5465690,2026-04-08T03:48:14.136661+00:00
165326,UACN,2022-01-25,9.0,,,9.0,381220,2026-04-08T03:48:16.50614+00:00
165438,UACN,2022-01-26,9.0,,,9.0,1382415,2026-04-08T03:48:19.024911+00:00
165550,UACN,2022-01-27,8.9,,,8.9,915368,2026-04-08T03:48:21.585909+00:00
165662,UACN,2022-01-28,9.0,,,9.0,2375677,2026-04-08T03:48:23.969021+00:00
165774,UACN,2022-01-31,8.9,,,8.9,1874079,2026-04-08T03:48:28.465348+00:00
165886,UACN,2022-02-01,9.0,,,9.0,3010003,2026-04-08T03:48:30.807911+00:00
165998,UACN,2022-02-02,9.0,,,9.0,1971158,2026-04-08T03:48:33.305516+00:00
166110,UACN,2022-02-03,9.0,,,9.0,4314294,2026-04-08T03:48:35.918914+00:00
166222,UACN,2022-02-04,9.0,,,9.0,62765,2026-04-08T03:48:38.317721+00:00
166334,UACN,2022-02-07,8.95,,,8.95,2167583,2026-04-08T03:48:42.904693+00:00
166446,UACN,2022-02-08,8.95,,,8.95,1767459,2026-04-08T03:48:45.378139+00:00
166558,UACN,2022-02-09,8.95,,,8.95,1709815,2026-04-08T03:48:48.035665+00:00
166670,UACN,2022-02-10,8.9,,,8.9,704299,2026-04-08T03:48:50.398564+00:00
166782,UACN,2022-02-11,9.0,,,9.0,3721709,2026-04-08T03:48:52.774016+00:00
166894,UACN,2022-02-14,9.25,,,9.25,2955469,2026-04-08T03:48:57.293433+00:00
167006,UACN,2022-02-15,9.2,,,9.2,4423892,2026-04-08T03:48:59.662493+00:00
167118,UACN,2022-02-16,9.8,,,9.8,8146931,2026-04-08T03:49:02.003783+00:00
167230,UACN,2022-02-17,9.8,,,9.8,1232959,2026-04-08T03:49:04.32656+00:00
167342,UACN,2022-02-18,10.0,,,10.0,4412785,2026-04-08T03:49:06.711382+00:00
167454,UACN,2022-02-21,10.0,,,10.0,2830787,2026-04-08T03:49:10.978464+00:00
167566,UACN,2022-02-22,10.0,,,10.0,2666484,2026-04-08T03:49:13.528869+00:00
167678,UACN,2022-02-23,10.2,,,10.2,1643944,2026-04-08T03:49:15.914345+00:00
167790,UACN,2022-02-24,10.2,,,10.2,2205691,2026-04-08T03:49:18.676795+00:00
167902,UACN,2022-02-25,10.0,,,10.0,1603863,2026-04-08T03:49:21.264729+00:00
168014,UACN,2022-02-28,10.25,,,10.25,2709194,2026-04-08T03:49:25.620712+00:00
168126,UACN,2022-03-01,10.0,,,10.0,1317648,2026-04-08T03:49:28.049171+00:00
168238,UACN,2022-03-02,9.6,,,9.6,315787,2026-04-08T03:49:30.283109+00:00
168350,UACN,2022-03-03,9.6,,,9.6,56799,2026-04-08T03:49:32.551227+00:00
168462,UACN,2022-03-04,9.3,,,9.3,1379640,2026-04-08T03:49:34.968546+00:00
168574,UACN,2022-03-07,9.15,,,9.15,883329,2026-04-08T03:49:39.227432+00:00
168686,UACN,2022-03-08,9.2,,,9.2,370190,2026-04-08T03:49:41.475537+00:00
168798,UACN,2022-03-09,9.15,,,9.15,2876487,2026-04-08T03:49:43.759827+00:00
168910,UACN,2022-03-10,10.05,,,10.05,5963818,2026-04-08T03:49:46.077826+00:00
169022,UACN,2022-03-11,10.65,,,10.65,14281660,2026-04-08T03:49:48.438529+00:00
169134,UACN,2022-03-14,10.65,,,10.65,4917223,2026-04-08T03:49:53.114563+00:00
169246,UACN,2022-03-15,10.65,,,10.65,9688876,2026-04-08T03:49:55.533531+00:00
169358,UACN,2022-03-16,11.0,,,11.0,8932255,2026-04-08T03:49:57.903122+00:00
169470,UACN,2022-03-17,12.1,,,12.1,15893358,2026-04-08T03:50:00.211329+00:00
169582,UACN,2022-03-18,12.2,,,12.2,3068000,2026-04-08T03:50:02.865266+00:00
169694,UACN,2022-03-21,11.6,,,11.6,1671832,2026-04-08T03:50:07.476142+00:00
169806,UACN,2022-03-24,12.0,,,12.0,2545540,2026-04-08T03:50:12.041871+00:00
169918,UACN,2022-03-25,11.7,,,11.7,413769,2026-04-08T03:50:14.507747+00:00
170030,UACN,2022-03-28,12.1,,,12.1,9793695,2026-04-08T03:50:18.995306+00:00
170142,UACN,2022-03-29,12.1,,,12.1,122863,2026-04-08T03:50:21.48252+00:00
170254,UACN,2022-03-31,11.95,,,11.95,16954653,2026-04-08T03:50:25.686443+00:00
170366,UACN,2022-04-01,11.7,,,11.7,1237547,2026-04-08T03:50:28.209626+00:00
170478,UACN,2022-04-04,11.7,,,11.7,471644,2026-04-08T03:50:32.692631+00:00
170590,UACN,2022-04-05,11.35,,,11.35,3144824,2026-04-08T03:50:35.152392+00:00
170702,UACN,2022-04-06,11.35,,,11.35,216427,2026-04-08T03:50:37.478667+00:00
170814,UACN,2022-04-07,10.5,,,10.5,3207694,2026-04-08T03:50:39.880974+00:00
170926,UACN,2022-04-08,10.1,,,10.1,513006,2026-04-08T03:50:42.48638+00:00
171038,UACN,2022-04-11,11.1,,,11.1,2008621,2026-04-08T03:50:47.197044+00:00
171150,UACN,2022-04-12,11.1,,,11.1,132050,2026-04-08T03:50:49.473284+00:00
171262,UACN,2022-04-13,11.5,,,11.5,4477709,2026-04-08T03:50:51.878986+00:00
171374,UACN,2022-04-14,11.5,,,11.5,998352,2026-04-08T03:50:54.439705+00:00
171486,UACN,2022-04-19,11.5,,,11.5,336925,2026-04-08T03:51:01.439974+00:00
171598,UACN,2022-04-20,11.55,,,11.55,1539461,2026-04-08T03:51:03.698116+00:00
171710,UACN,2022-04-21,11.55,,,11.55,4428355,2026-04-08T03:51:06.083072+00:00
171822,UACN,2022-04-22,11.5,,,11.5,1082021,2026-04-08T03:51:08.393199+00:00
171934,UACN,2022-04-25,11.5,,,11.5,113602,2026-04-08T03:51:12.880327+00:00
172046,UACN,2022-04-26,12.0,,,12.0,1872431,2026-04-08T03:51:15.284155+00:00
172158,UACN,2022-04-27,12.0,,,12.0,1192045,2026-04-08T03:51:17.680395+00:00
172270,UACN,2022-04-28,12.0,,,12.0,110487,2026-04-08T03:51:20.413235+00:00
172382,UACN,2022-04-29,12.0,,,12.0,1222665,2026-04-08T03:51:22.882631+00:00
172494,UACN,2022-05-04,12.0,,,12.0,556606,2026-04-08T03:51:29.674847+00:00
172606,UACN,2022-05-05,12.0,,,12.0,4826170,2026-04-08T03:51:32.050072+00:00
172719,UACN,2022-05-09,13.0,,,13.0,4347549,2026-04-08T03:51:37.853933+00:00
172832,UACN,2022-05-10,13.5,,,13.5,3396529,2026-04-08T03:51:40.332012+00:00
172945,UACN,2022-05-11,14.1,,,14.1,3662284,2026-04-08T03:51:42.74313+00:00
173058,UACN,2022-05-12,14.5,,,14.5,3713995,2026-04-08T03:51:45.11326+00:00
173171,UACN,2022-05-13,14.2,,,14.2,1847373,2026-04-08T03:51:47.585464+00:00
173284,UACN,2022-05-16,14.4,,,14.4,1280895,2026-04-08T03:51:52.042574+00:00
173397,UACN,2022-05-17,14.4,,,14.4,944691,2026-04-08T03:51:54.492158+00:00
173510,UACN,2022-05-18,14.4,,,14.4,1967992,2026-04-08T03:51:57.297116+00:00
173623,UACN,2022-05-19,14.4,,,14.4,1935623,2026-04-08T03:51:59.624655+00:00
173736,UACN,2022-05-20,14.4,,,14.4,205610,2026-04-08T03:52:02.40298+00:00
173849,UACN,2022-05-23,13.2,,,13.2,1263535,2026-04-08T03:52:07.648814+00:00
173962,UACN,2022-05-24,12.75,,,12.75,52166438,2026-04-08T03:52:10.277037+00:00
174075,UACN,2022-05-25,12.9,,,12.9,48190024,2026-04-08T03:52:13.066486+00:00
174188,UACN,2022-05-26,11.65,,,11.65,8083279,2026-04-08T03:52:15.508934+00:00
174301,UACN,2022-05-27,10.5,,,10.5,8133290,2026-04-08T03:52:18.156913+00:00
174414,UACN,2022-05-30,11.5,,,11.5,2053756,2026-04-08T03:52:22.656757+00:00
174527,UACN,2022-05-31,11.5,,,11.5,2776873,2026-04-08T03:52:25.114026+00:00
174640,UACN,2022-06-01,11.5,,,11.5,847907,2026-04-08T03:52:27.834682+00:00
174753,UACN,2022-06-02,11.5,,,11.5,1158781,2026-04-08T03:52:30.493727+00:00
174866,UACN,2022-06-03,11.0,,,11.0,73893917,2026-04-08T03:52:33.10221+00:00
174979,UACN,2022-06-06,11.0,,,11.0,130161,2026-04-08T03:52:37.969718+00:00
175092,UACN,2022-06-07,11.5,,,11.5,2812413,2026-04-08T03:52:40.734023+00:00
175205,UACN,2022-06-08,11.05,,,11.05,965431,2026-04-08T03:52:43.634804+00:00
175318,UACN,2022-06-09,11.0,,,11.0,498940,2026-04-08T03:52:46.431396+00:00
175431,UACN,2022-06-10,11.0,,,11.0,425125,2026-04-08T03:52:48.916453+00:00
175544,UACN,2022-06-14,11.0,,,11.0,2741256,2026-04-08T03:52:55.08065+00:00
175657,UACN,2022-06-15,11.05,,,11.05,354766,2026-04-08T03:52:57.782204+00:00
175770,UACN,2022-06-16,10.8,,,10.8,3071019,2026-04-08T03:53:00.45527+00:00
175883,UACN,2022-06-17,11.5,,,11.5,6750490,2026-04-08T03:53:03.647185+00:00
175996,UACN,2022-06-20,11.1,,,11.1,422303,2026-04-08T03:53:09.449588+00:00
176109,UACN,2022-06-21,11.0,,,11.0,2051672,2026-04-08T03:53:11.833027+00:00
176222,UACN,2022-06-22,11.0,,,11.0,1337120,2026-04-08T03:53:14.63862+00:00
176335,UACN,2022-06-23,11.1,,,11.1,1810678,2026-04-08T03:53:17.250825+00:00
176448,UACN,2022-06-24,11.1,,,11.1,3213498,2026-04-08T03:53:19.718295+00:00
176561,UACN,2022-06-27,11.1,,,11.1,391334,2026-04-08T03:53:24.073012+00:00
176674,UACN,2022-06-28,11.1,,,11.1,1469729,2026-04-08T03:53:26.399159+00:00
176787,UACN,2022-06-29,11.1,,,11.1,2182505,2026-04-08T03:53:28.994117+00:00
176900,UACN,2022-06-30,11.1,,,11.1,562642,2026-04-08T03:53:31.346855+00:00
177013,UACN,2022-07-01,11.1,,,11.1,126712,2026-04-08T03:53:33.724657+00:00
177126,UACN,2022-07-04,11.2,,,11.2,5770357,2026-04-08T03:53:38.198731+00:00
177239,UACN,2022-07-06,11.2,,,11.2,1438353,2026-04-08T03:53:41.625349+00:00
177352,UACN,2022-07-07,11.2,,,11.2,661483,2026-04-08T03:53:44.268487+00:00
177465,UACN,2022-07-13,11.2,,,11.2,96013,2026-04-08T03:53:51.5999+00:00
177578,UACN,2022-07-14,11.2,,,11.2,61980,2026-04-08T03:53:54.010732+00:00
177691,UACN,2022-07-15,11.1,,,11.1,3872546,2026-04-08T03:53:56.616585+00:00
177804,UACN,2022-07-18,11.1,,,11.1,1662114,2026-04-08T03:54:01.214275+00:00
177917,UACN,2022-07-19,11.1,,,11.1,611898,2026-04-08T03:54:03.665978+00:00
178030,UACN,2022-07-20,11.1,,,11.1,305733,2026-04-08T03:54:06.203384+00:00
178143,UACN,2022-07-21,11.2,,,11.2,12469583,2026-04-08T03:54:08.685258+00:00
178256,UACN,2022-07-22,11.2,,,11.2,14745,2026-04-08T03:54:11.171489+00:00
178369,UACN,2022-07-25,11.2,,,11.2,61196,2026-04-08T03:54:15.900169+00:00
178482,UACN,2022-07-26,11.0,,,11.0,1509934,2026-04-08T03:54:18.382379+00:00
178595,UACN,2022-07-27,11.0,,,11.0,2549953,2026-04-08T03:54:20.730044+00:00
178708,UACN,2022-07-28,10.3,,,10.3,650094,2026-04-08T03:54:23.385493+00:00
178821,UACN,2022-07-29,11.2,,,11.2,8906454,2026-04-08T03:54:25.692024+00:00
178934,UACN,2022-08-01,10.5,,,10.5,2167381,2026-04-08T03:54:30.144665+00:00
179047,UACN,2022-08-02,11.0,,,11.0,4105993,2026-04-08T03:54:32.509592+00:00
179160,UACN,2022-08-03,11.0,,,11.0,670889,2026-04-08T03:54:34.924873+00:00
179273,UACN,2022-08-04,11.0,,,11.0,4186221,2026-04-08T03:54:37.32089+00:00
179386,UACN,2022-08-05,11.2,,,11.2,7492622,2026-04-08T03:54:40.805957+00:00
179499,UACN,2022-08-08,11.2,,,11.2,1131597,2026-04-08T03:54:45.81173+00:00
179612,UACN,2022-08-09,11.2,,,11.2,902833,2026-04-08T03:54:48.637408+00:00
179725,UACN,2022-08-10,10.6,,,10.6,124657,2026-04-08T03:54:51.561754+00:00
179838,UACN,2022-08-11,10.8,,,10.8,572341,2026-04-08T03:54:54.196076+00:00
179951,UACN,2022-08-12,10.8,,,10.8,1310288,2026-04-08T03:54:57.115593+00:00
180064,UACN,2022-08-15,10.8,,,10.8,1107280,2026-04-08T03:55:01.874457+00:00
180177,UACN,2022-08-16,10.8,,,10.8,941856,2026-04-08T03:55:04.540652+00:00
180290,UACN,2022-08-17,10.8,,,10.8,70316,2026-04-08T03:55:07.214991+00:00
180403,UACN,2022-08-18,10.8,,,10.8,247896,2026-04-08T03:55:09.916723+00:00
180516,UACN,2022-08-19,10.8,,,10.8,107259,2026-04-08T03:55:12.400686+00:00
180629,UACN,2022-08-22,10.8,,,10.8,574450,2026-04-08T03:55:17.568382+00:00
180742,UACN,2022-08-23,10.8,,,10.8,2288803,2026-04-08T03:55:19.990422+00:00
180855,UACN,2022-08-24,10.8,,,10.8,143968,2026-04-08T03:55:23.644905+00:00
180968,UACN,2022-08-25,10.8,,,10.8,469669,2026-04-08T03:55:26.062264+00:00
181081,UACN,2022-08-26,10.8,,,10.8,78065,2026-04-08T03:55:28.378019+00:00
181194,UACN,2022-08-29,11.1,,,11.1,817023,2026-04-08T03:55:33.185942+00:00
181307,UACN,2022-08-30,11.0,,,11.0,1187546,2026-04-08T03:55:35.909469+00:00
181420,UACN,2022-08-31,11.0,,,11.0,310304,2026-04-08T03:55:38.363566+00:00
181533,UACN,2022-09-01,11.0,,,11.0,250993,2026-04-08T03:55:40.868139+00:00
181646,UACN,2022-09-02,11.0,,,11.0,747902,2026-04-08T03:55:43.232165+00:00
181759,UACN,2022-09-05,11.0,,,11.0,969410,2026-04-08T03:55:48.110555+00:00
181872,UACN,2022-09-06,11.0,,,11.0,2417350,2026-04-08T03:55:50.526892+00:00
181985,UACN,2022-09-07,11.4,,,11.4,6024686,2026-04-08T03:55:53.051287+00:00
182098,UACN,2022-09-08,11.4,,,11.4,259729,2026-04-08T03:55:55.74031+00:00
182211,UACN,2022-09-09,11.0,,,11.0,1702420,2026-04-08T03:55:58.848563+00:00
182324,UACN,2022-09-12,11.0,,,11.0,73230,2026-04-08T03:56:03.370953+00:00
182437,UACN,2022-09-13,11.0,,,11.0,104861,2026-04-08T03:56:05.83654+00:00
182550,UACN,2022-09-14,11.0,,,11.0,187866,2026-04-08T03:56:08.091672+00:00
182663,UACN,2022-09-16,10.25,,,10.25,26334,2026-04-08T03:56:11.4683+00:00
182776,UACN,2022-09-19,10.25,,,10.25,274682,2026-04-08T03:56:15.923342+00:00
182889,UACN,2022-09-20,10.25,,,10.25,114839,2026-04-08T03:56:18.184056+00:00
183002,UACN,2022-09-21,10.25,,,10.25,19527,2026-04-08T03:56:20.42724+00:00
183115,UACN,2022-09-22,10.25,,,10.25,83962,2026-04-08T03:56:22.767495+00:00
183228,UACN,2022-09-23,10.25,,,10.25,61707,2026-04-08T03:56:25.066978+00:00
183341,UACN,2022-09-26,10.25,,,10.25,92327,2026-04-08T03:56:29.379703+00:00
183454,UACN,2022-09-28,10.25,,,10.25,137318,2026-04-08T03:56:32.717753+00:00
183567,UACN,2022-09-29,10.25,,,10.25,201127,2026-04-08T03:56:35.489047+00:00
183680,UACN,2022-09-30,10.25,,,10.25,27627,2026-04-08T03:56:37.947618+00:00
183793,UACN,2022-10-05,10.25,,,10.25,91789,2026-04-08T03:56:44.538147+00:00
183907,UACN,2022-10-06,10.25,,,10.25,138391,2026-04-08T03:56:46.932693+00:00
184021,UACN,2022-10-07,10.25,,,10.25,55025,2026-04-08T03:56:49.334037+00:00
184135,UACN,2022-10-11,10.25,,,10.25,38291,2026-04-08T03:56:55.029281+00:00
184249,UACN,2022-10-12,10.25,,,10.25,180563,2026-04-08T03:56:58.300033+00:00
184363,UACN,2022-10-13,9.25,,,9.25,464160,2026-04-08T03:57:00.825788+00:00
184477,UACN,2022-10-14,9.0,,,9.0,254215,2026-04-08T03:57:03.298348+00:00
184591,UACN,2022-10-17,9.0,,,9.0,93623,2026-04-08T03:57:07.885609+00:00
184705,UACN,2022-10-18,9.0,,,9.0,158473,2026-04-08T03:57:10.303346+00:00
184819,UACN,2022-10-19,9.0,,,9.0,59872,2026-04-08T03:57:12.819589+00:00
184933,UACN,2022-10-20,9.0,,,9.0,170600,2026-04-08T03:57:15.111185+00:00
185047,UACN,2022-10-21,8.6,,,8.6,314153,2026-04-08T03:57:17.499968+00:00
185161,UACN,2022-10-24,8.6,,,8.6,167475,2026-04-08T03:57:21.686266+00:00
185275,UACN,2022-10-26,8.6,,,8.6,42910,2026-04-08T03:57:24.913682+00:00
185389,UACN,2022-10-27,8.95,,,8.95,336597,2026-04-08T03:57:27.260544+00:00
185503,UACN,2022-10-28,8.95,,,8.95,483102,2026-04-08T03:57:29.835926+00:00
185617,UACN,2022-10-31,8.95,,,8.95,199521,2026-04-08T03:57:34.21591+00:00
185731,UACN,2022-11-01,8.4,,,8.4,1210718,2026-04-08T03:57:36.609373+00:00
185845,UACN,2022-11-02,8.4,,,8.4,216550,2026-04-08T03:57:39.066556+00:00
185959,UACN,2022-11-03,8.4,,,8.4,59383,2026-04-08T03:57:41.442199+00:00
186073,UACN,2022-11-04,9.0,,,9.0,1719508,2026-04-08T03:57:43.70904+00:00
186187,UACN,2022-11-08,9.0,,,9.0,228084,2026-04-08T03:57:49.123122+00:00
186301,UACN,2022-11-09,9.0,,,9.0,102860,2026-04-08T03:57:51.464602+00:00
186415,UACN,2022-11-10,9.0,,,9.0,207100,2026-04-08T03:57:54.291842+00:00
186529,UACN,2022-11-11,9.0,,,9.0,225174,2026-04-08T03:57:56.704911+00:00
186643,UACN,2022-11-14,9.0,,,9.0,72942,2026-04-08T03:58:01.331373+00:00
186757,UACN,2022-11-15,9.0,,,9.0,441651,2026-04-08T03:58:03.6444+00:00
186871,UACN,2022-11-16,9.0,,,9.0,172064,2026-04-08T03:58:06.118311+00:00
186985,UACN,2022-11-17,8.8,,,8.8,547661,2026-04-08T03:58:08.47049+00:00
187099,UACN,2022-11-18,8.8,,,8.8,50732,2026-04-08T03:58:10.955275+00:00
187213,UACN,2022-11-21,8.9,,,8.9,154659,2026-04-08T03:58:15.672507+00:00
187327,UACN,2022-11-22,9.5,,,9.5,1504254,2026-04-08T03:58:18.170118+00:00
187441,UACN,2022-11-24,9.5,,,9.5,140069,2026-04-08T03:58:21.692503+00:00
187555,UACN,2022-11-25,9.5,,,9.5,45953,2026-04-08T03:58:24.033539+00:00
187669,UACN,2022-11-28,9.5,,,9.5,578160,2026-04-08T03:58:28.532723+00:00
187783,UACN,2022-11-29,9.55,,,9.55,2942616,2026-04-08T03:58:30.983113+00:00
187897,UACN,2022-11-30,10.5,,,10.5,2456082,2026-04-08T03:58:33.448849+00:00
188011,UACN,2022-12-01,10.5,,,10.5,825392,2026-04-08T03:58:35.664261+00:00
188126,UACN,2022-12-02,10.5,,,10.5,11541692,2026-04-08T03:58:37.897027+00:00
188240,UACN,2022-12-05,10.5,,,10.5,15921,2026-04-08T03:58:42.456795+00:00
188354,UACN,2022-12-06,10.5,,,10.5,175733,2026-04-08T03:58:44.756119+00:00
188468,UACN,2022-12-07,10.5,,,10.5,145991,2026-04-08T03:58:47.196669+00:00
188582,UACN,2022-12-08,10.5,,,10.5,40484,2026-04-08T03:58:49.52806+00:00
188696,UACN,2022-12-09,10.5,,,10.5,125696,2026-04-08T03:58:51.902427+00:00
188810,UACN,2022-12-12,10.5,,,10.5,102655,2026-04-08T03:58:56.156124+00:00
188924,UACN,2022-12-13,10.5,,,10.5,127535,2026-04-08T03:58:58.485404+00:00
189038,UACN,2022-12-14,10.5,,,10.5,192505,2026-04-08T03:59:00.851945+00:00
189152,UACN,2022-12-15,10.5,,,10.5,170261,2026-04-08T03:59:03.086647+00:00
189266,UACN,2022-12-16,10.35,,,10.35,3259747,2026-04-08T03:59:05.5442+00:00
189380,UACN,2022-12-19,10.35,,,10.35,102930,2026-04-08T03:59:09.806719+00:00
189494,UACN,2022-12-20,10.35,,,10.35,566582,2026-04-08T03:59:12.630732+00:00
189608,UACN,2022-12-21,10.35,,,10.35,127524,2026-04-08T03:59:14.990319+00:00
189722,UACN,2022-12-22,10.35,,,10.35,392539,2026-04-08T03:59:17.229229+00:00
189836,UACN,2022-12-23,10.2,,,10.2,10497693,2026-04-08T03:59:19.674012+00:00
189950,UACN,2022-12-28,10.2,,,10.2,2277888,2026-04-08T03:59:26.406492+00:00
190064,UACN,2022-12-30,10.25,,,10.25,617711,2026-04-08T03:59:29.796579+00:00
190178,UACN,2023-01-04,10.25,,,10.25,166023,2026-04-08T03:59:36.276207+00:00
190292,UACN,2023-01-05,10.75,,,10.75,1509941,2026-04-08T03:59:38.771807+00:00
190406,UACN,2023-01-06,10.5,,,10.5,571761,2026-04-08T03:59:41.229635+00:00
190520,UACN,2023-01-09,10.4,,,10.4,1091680,2026-04-08T03:59:45.608271+00:00
190634,UACN,2023-01-10,10.1,,,10.1,715516,2026-04-08T03:59:47.862187+00:00
190748,UACN,2023-01-11,10.1,,,10.1,155667,2026-04-08T03:59:50.211712+00:00
190862,UACN,2023-01-12,10.1,,,10.1,37519,2026-04-08T03:59:52.676239+00:00
190976,UACN,2023-01-13,10.35,,,10.35,215848,2026-04-08T03:59:55.073566+00:00
191090,UACN,2023-01-17,10.05,,,10.05,37553,2026-04-08T04:00:00.52991+00:00
191204,UACN,2023-01-18,10.05,,,10.05,83439,2026-04-08T04:00:02.930508+00:00
191318,UACN,2023-01-19,10.05,,,10.05,102662,2026-04-08T04:00:05.157464+00:00
191432,UACN,2023-01-20,10.05,,,10.05,40361,2026-04-08T04:00:07.441529+00:00
191546,UACN,2023-01-23,10.05,,,10.05,70869,2026-04-08T04:00:11.934625+00:00
191660,UACN,2023-01-24,10.05,,,10.05,35475,2026-04-08T04:00:14.448563+00:00
191774,UACN,2023-01-25,10.05,,,10.05,205046,2026-04-08T04:00:16.660222+00:00
191888,UACN,2023-01-26,10.1,,,10.1,215931,2026-04-08T04:00:19.02129+00:00
192002,UACN,2023-01-27,10.1,,,10.1,198706,2026-04-08T04:00:21.366865+00:00
192116,UACN,2023-01-30,9.55,,,9.55,3218720,2026-04-08T04:00:26.318741+00:00
192230,UACN,2023-01-31,9.8,,,9.8,295386,2026-04-08T04:00:28.560212+00:00
192344,UACN,2023-02-06,9.8,,,9.8,248727,2026-04-08T04:00:36.14931+00:00
192458,UACN,2023-02-07,9.2,,,9.2,1169152,2026-04-08T04:00:38.379875+00:00
192572,UACN,2023-02-08,9.2,,,9.2,146860,2026-04-08T04:00:40.736361+00:00
192686,UACN,2023-02-09,9.2,,,9.2,943991,2026-04-08T04:00:43.03687+00:00
192800,UACN,2023-02-10,9.2,,,9.2,614072,2026-04-08T04:00:46.517744+00:00
192914,UACN,2023-02-13,9.2,,,9.2,340164,2026-04-08T04:00:50.958429+00:00
193028,UACN,2023-02-14,9.2,,,9.2,207828,2026-04-08T04:00:53.400398+00:00
193142,UACN,2023-02-15,9.1,,,9.1,444137,2026-04-08T04:00:55.645789+00:00
193256,UACN,2023-02-16,9.0,,,9.0,250473,2026-04-08T04:00:58.043326+00:00
193370,UACN,2023-02-17,9.0,,,9.0,148899,2026-04-08T04:01:00.355798+00:00
193484,UACN,2023-02-20,9.0,,,9.0,309237,2026-04-08T04:01:04.633293+00:00
193598,UACN,2023-02-21,8.9,,,8.9,396808,2026-04-08T04:01:06.910783+00:00
193712,UACN,2023-02-22,8.9,,,8.9,79303,2026-04-08T04:01:09.421576+00:00
193826,UACN,2023-02-23,8.9,,,8.9,209770,2026-04-08T04:01:11.765387+00:00
193940,UACN,2023-02-24,9.0,,,9.0,254800,2026-04-08T04:01:14.12415+00:00
194054,UACN,2023-02-27,9.0,,,9.0,289602,2026-04-08T04:01:18.463572+00:00
194168,UACN,2023-02-28,9.0,,,9.0,366912,2026-04-08T04:01:20.671303+00:00
194282,UACN,2023-03-01,8.8,,,8.8,4507021,2026-04-08T04:01:23.068989+00:00
194396,UACN,2023-03-02,8.5,,,8.5,14021246,2026-04-08T04:01:25.352172+00:00
194510,UACN,2023-03-03,8.5,,,8.5,3865374,2026-04-08T04:01:27.716711+00:00
194624,UACN,2023-03-06,8.55,,,8.55,3889682,2026-04-08T04:01:32.392486+00:00
194738,UACN,2023-03-07,9.2,,,9.2,1512418,2026-04-08T04:01:34.845095+00:00
194852,UACN,2023-03-08,9.2,,,9.2,1202601,2026-04-08T04:01:37.261757+00:00
194966,UACN,2023-03-09,9.2,,,9.2,577156,2026-04-08T04:01:39.987396+00:00
195080,UACN,2023-03-13,9.2,,,9.2,769764,2026-04-08T04:01:45.627511+00:00
195194,UACN,2023-03-14,9.5,,,9.5,703956,2026-04-08T04:01:48.257383+00:00
195308,UACN,2023-03-15,9.55,,,9.55,249607,2026-04-08T04:01:50.627346+00:00
195422,UACN,2023-03-16,9.55,,,9.55,160798,2026-04-08T04:01:53.062383+00:00
195536,UACN,2023-03-17,9.55,,,9.55,59726,2026-04-08T04:01:55.701252+00:00
195650,UACN,2023-03-20,9.55,,,9.55,5133,2026-04-08T04:01:59.933448+00:00
195764,UACN,2023-03-22,9.55,,,9.55,216655,2026-04-08T04:02:03.467012+00:00
195878,UACN,2023-03-23,9.55,,,9.55,3775,2026-04-08T04:02:05.929911+00:00
195992,UACN,2023-03-24,9.55,,,9.55,62363,2026-04-08T04:02:08.248632+00:00
196106,UACN,2023-03-27,9.55,,,9.55,108835,2026-04-08T04:02:12.564733+00:00
196220,UACN,2023-03-28,9.0,,,9.0,1004336,2026-04-08T04:02:14.764209+00:00
196334,UACN,2023-03-29,9.0,,,9.0,136500,2026-04-08T04:02:17.140393+00:00
196448,UACN,2023-03-30,8.75,,,8.75,1265140,2026-04-08T04:02:19.470716+00:00
196562,UACN,2023-03-31,9.55,,,9.55,1194129,2026-04-08T04:02:21.739047+00:00
196676,UACN,2023-04-03,8.6,,,8.6,1559322,2026-04-08T04:02:26.060346+00:00
196790,UACN,2023-04-04,8.6,,,8.6,902796,2026-04-08T04:02:28.444728+00:00
196904,UACN,2023-04-05,8.6,,,8.6,381495,2026-04-08T04:02:30.864627+00:00
197018,UACN,2023-04-06,8.5,,,8.5,721322,2026-04-08T04:02:33.239626+00:00
197132,UACN,2023-04-11,8.0,,,8.0,1544183,2026-04-08T04:02:39.320239+00:00
197246,UACN,2023-04-12,8.0,,,8.0,1131890,2026-04-08T04:02:41.643197+00:00
197360,UACN,2023-04-13,8.0,,,8.0,302516,2026-04-08T04:02:44.360634+00:00
197474,UACN,2023-04-14,8.0,,,8.0,487528,2026-04-08T04:02:47.093001+00:00
197588,UACN,2023-04-17,8.0,,,8.0,335463,2026-04-08T04:02:52.113012+00:00
197702,UACN,2023-04-18,8.0,,,8.0,185652,2026-04-08T04:02:54.97501+00:00
197816,UACN,2023-04-19,8.0,,,8.0,154687,2026-04-08T04:02:57.648371+00:00
197930,UACN,2023-04-20,7.9,,,7.9,1492308,2026-04-08T04:03:00.087899+00:00
198044,UACN,2023-04-25,7.95,,,7.95,1366166,2026-04-08T04:03:06.320111+00:00
198158,UACN,2023-04-26,8.0,,,8.0,1560989,2026-04-08T04:03:08.704488+00:00
198272,UACN,2023-04-27,8.0,,,8.0,865965,2026-04-08T04:03:11.176222+00:00
198386,UACN,2023-04-28,8.0,,,8.0,1553102,2026-04-08T04:03:13.757457+00:00
198500,UACN,2023-05-03,8.0,,,8.0,304348,2026-04-08T04:03:20.258962+00:00
198614,UACN,2023-05-04,8.65,,,8.65,1031370,2026-04-08T04:03:22.719511+00:00
198728,UACN,2023-05-08,8.4,,,8.4,335323,2026-04-08T04:03:29.045349+00:00
198842,UACN,2023-05-09,8.4,,,8.4,179886,2026-04-08T04:03:32.620003+00:00
198956,UACN,2023-05-12,8.4,,,8.4,118576,2026-04-08T04:03:37.286216+00:00
199070,UACN,2023-05-15,8.4,,,8.4,1121646,2026-04-08T04:03:41.825544+00:00
199184,UACN,2023-05-16,8.6,,,8.6,801936,2026-04-08T04:03:44.244464+00:00
199298,UACN,2023-05-17,8.4,,,8.4,735472,2026-04-08T04:03:46.492518+00:00
199412,UACN,2023-05-18,8.4,,,8.4,1044058,2026-04-08T04:03:48.752249+00:00
199526,UACN,2023-05-19,8.4,,,8.4,635865,2026-04-08T04:03:51.139215+00:00
199640,UACN,2023-05-22,8.2,,,8.2,572710,2026-04-08T04:03:55.484935+00:00
199754,UACN,2023-05-23,8.2,,,8.2,258385,2026-04-08T04:03:57.886867+00:00
199868,UACN,2023-05-24,9.0,,,9.0,2273847,2026-04-08T04:04:00.334047+00:00
199982,UACN,2023-05-25,9.4,,,9.4,4024640,2026-04-08T04:04:02.79018+00:00
200096,UACN,2023-05-26,9.7,,,9.7,513035,2026-04-08T04:04:05.139052+00:00
200210,UACN,2023-05-30,9.7,,,9.7,1387697,2026-04-08T04:04:11.011702+00:00
200324,UACN,2023-06-01,9.5,,,9.5,983613,2026-04-08T04:04:14.390605+00:00
200438,UACN,2023-06-02,9.6,,,9.6,4948252,2026-04-08T04:04:16.732653+00:00
200552,UACN,2023-06-05,9.85,,,9.85,1289394,2026-04-08T04:04:21.343031+00:00
200666,UACN,2023-06-06,9.35,,,9.35,464094,2026-04-08T04:04:23.98223+00:00
200780,UACN,2023-06-07,9.15,,,9.15,69944,2026-04-08T04:04:26.507718+00:00
200894,UACN,2023-06-08,9.15,,,9.15,566917,2026-04-08T04:04:29.08401+00:00
201008,UACN,2023-06-09,9.15,,,9.15,372629,2026-04-08T04:04:31.44664+00:00
201122,UACN,2023-06-13,9.1,,,9.1,3844552,2026-04-08T04:04:36.862505+00:00
201236,UACN,2023-06-14,10.0,,,10.0,2366280,2026-04-08T04:04:39.320552+00:00
201350,UACN,2023-06-15,10.0,,,10.0,3381703,2026-04-08T04:04:41.673534+00:00
201464,UACN,2023-06-16,10.0,,,10.0,4176990,2026-04-08T04:04:44.052846+00:00
201578,UACN,2023-06-19,10.0,,,10.0,322869,2026-04-08T04:04:48.541112+00:00
201692,UACN,2023-06-20,10.0,,,10.0,1677503,2026-04-08T04:04:51.378552+00:00
201806,UACN,2023-06-21,10.0,,,10.0,194521,2026-04-08T04:04:53.764277+00:00
201920,UACN,2023-06-22,10.0,,,10.0,1199077,2026-04-08T04:04:56.145117+00:00
202034,UACN,2023-06-26,10.0,,,10.0,400584,2026-04-08T04:05:01.671465+00:00
202148,UACN,2023-06-30,10.8,,,10.8,3780231,2026-04-08T04:05:07.377697+00:00
202262,UACN,2023-07-03,11.85,,,11.85,4919880,2026-04-08T04:05:11.758079+00:00
202376,UACN,2023-07-04,11.85,,,11.85,602980,2026-04-08T04:05:14.17436+00:00
202490,UACN,2023-07-05,11.85,,,11.85,193377,2026-04-08T04:05:16.577423+00:00
202604,UACN,2023-07-06,11.85,,,11.85,1024495,2026-04-08T04:05:19.075393+00:00
202718,UACN,2023-07-07,11.5,,,11.5,2910335,2026-04-08T04:05:21.415756+00:00
202832,UACN,2023-07-10,11.5,,,11.5,4786358,2026-04-08T04:05:26.355595+00:00
202946,UACN,2023-07-11,11.1,,,11.1,969079,2026-04-08T04:05:28.903538+00:00
203060,UACN,2023-07-12,11.1,,,11.1,1070453,2026-04-08T04:05:31.299012+00:00
203174,UACN,2023-07-14,9.0,,,9.0,24447042,2026-04-08T04:05:34.698751+00:00
203288,UACN,2023-07-17,9.8,,,9.8,761323,2026-04-08T04:05:39.139368+00:00
203402,UACN,2023-07-19,10.6,,,10.6,4843920,2026-04-08T04:05:42.577032+00:00
203516,UACN,2023-07-20,10.0,,,10.0,945961,2026-04-08T04:05:45.122849+00:00
203630,UACN,2023-07-21,11.0,,,11.0,2239689,2026-04-08T04:05:47.594805+00:00
203744,UACN,2023-07-24,11.4,,,11.4,2769741,2026-04-08T04:05:52.167161+00:00
203858,UACN,2023-07-25,11.5,,,11.5,3006280,2026-04-08T04:05:54.602351+00:00
203972,UACN,2023-07-26,11.0,,,11.0,1435416,2026-04-08T04:05:57.515236+00:00
204086,UACN,2023-07-27,11.0,,,11.0,1431619,2026-04-08T04:05:59.880161+00:00
204200,UACN,2023-07-28,11.5,,,11.5,3807094,2026-04-08T04:06:02.220136+00:00
204314,UACN,2023-07-31,11.05,,,11.05,1787995,2026-04-08T04:06:06.790851+00:00
204428,UACN,2023-08-02,11.0,,,11.0,87955,2026-04-08T04:06:10.326378+00:00
204542,UACN,2023-08-03,11.0,,,11.0,304552,2026-04-08T04:06:12.834218+00:00
204656,UACN,2023-08-04,10.95,,,10.95,1802436,2026-04-08T04:06:15.200886+00:00
204770,UACN,2023-08-07,10.35,,,10.35,2104547,2026-04-08T04:06:19.871718+00:00
204884,UACN,2023-08-08,11.0,,,11.0,1585891,2026-04-08T04:06:22.245918+00:00
204998,UACN,2023-08-09,11.0,,,11.0,432909,2026-04-08T04:06:24.635943+00:00
205112,UACN,2023-08-10,11.0,,,11.0,3345404,2026-04-08T04:06:27.035398+00:00
205226,UACN,2023-08-11,10.8,,,10.8,3099025,2026-04-08T04:06:29.455701+00:00
205340,UACN,2023-08-14,10.8,,,10.8,172578,2026-04-08T04:06:33.923569+00:00
205454,UACN,2023-08-15,10.3,,,10.3,4376636,2026-04-08T04:06:36.358161+00:00
205568,UACN,2023-08-16,10.7,,,10.7,2135280,2026-04-08T04:06:38.679915+00:00
205682,UACN,2023-08-17,10.7,,,10.7,131282,2026-04-08T04:06:40.998805+00:00
205796,UACN,2023-08-18,10.7,,,10.7,310538,2026-04-08T04:06:43.468275+00:00
205910,UACN,2023-08-21,11.0,,,11.0,5084378,2026-04-08T04:06:47.688711+00:00
206024,UACN,2023-08-24,10.7,,,10.7,133932,2026-04-08T04:06:51.989424+00:00
206138,UACN,2023-08-25,10.7,,,10.7,410403,2026-04-08T04:06:54.38475+00:00
206252,UACN,2023-08-28,10.7,,,10.7,314792,2026-04-08T04:06:59.310949+00:00
206366,UACN,2023-08-29,10.6,,,10.6,439201,2026-04-08T04:07:01.613742+00:00
206480,UACN,2023-08-30,10.35,,,10.35,1191060,2026-04-08T04:07:03.820209+00:00
206594,UACN,2023-09-01,10.6,,,10.6,5110221,2026-04-08T04:07:07.195585+00:00
206708,UACN,2023-09-04,10.55,,,10.55,3493542,2026-04-08T04:07:11.730996+00:00
206822,UACN,2023-09-05,10.6,,,10.6,771249,2026-04-08T04:07:14.175893+00:00
206936,UACN,2023-09-06,10.6,,,10.6,548008,2026-04-08T04:07:16.66229+00:00
207050,UACN,2023-09-07,10.6,,,10.6,361355,2026-04-08T04:07:19.134101+00:00
207164,UACN,2023-09-08,10.6,,,10.6,278337,2026-04-08T04:07:21.445908+00:00
207278,UACN,2023-09-11,10.6,,,10.6,10653384,2026-04-08T04:07:26.133096+00:00
207392,UACN,2023-09-12,10.6,,,10.6,227070,2026-04-08T04:07:28.57479+00:00
207506,UACN,2023-09-13,10.6,,,10.6,1500735,2026-04-08T04:07:30.890589+00:00
207620,UACN,2023-09-14,10.6,,,10.6,710529,2026-04-08T04:07:33.324455+00:00
207734,UACN,2023-09-15,10.6,,,10.6,2107194,2026-04-08T04:07:35.74244+00:00
207848,UACN,2023-09-18,10.6,,,10.6,5076648,2026-04-08T04:07:40.292184+00:00
207962,UACN,2023-09-19,10.6,,,10.6,144891,2026-04-08T04:07:42.606346+00:00
208076,UACN,2023-09-20,10.6,,,10.6,115708,2026-04-08T04:07:45.004042+00:00
208190,UACN,2023-09-21,10.6,,,10.6,279381,2026-04-08T04:07:47.370085+00:00
208304,UACN,2023-09-22,10.6,,,10.6,220623,2026-04-08T04:07:49.898567+00:00
208418,UACN,2023-09-25,10.5,,,10.5,1122426,2026-04-08T04:07:54.305125+00:00
208532,UACN,2023-09-28,10.5,,,10.5,230997,2026-04-08T04:07:58.898315+00:00
208646,UACN,2023-09-29,10.0,,,10.0,1019313,2026-04-08T04:08:01.279649+00:00
208760,UACN,2023-10-03,10.85,,,10.85,1915799,2026-04-08T04:08:06.721549+00:00
208874,UACN,2023-10-04,10.8,,,10.8,1020166,2026-04-08T04:08:09.042741+00:00
208988,UACN,2023-10-05,10.8,,,10.8,1837195,2026-04-08T04:08:11.600182+00:00
209102,UACN,2023-10-06,10.8,,,10.8,275996,2026-04-08T04:08:14.22861+00:00
209217,UACN,2023-10-09,10.8,,,10.8,65611,2026-04-08T04:08:18.740555+00:00
209332,UACN,2023-10-10,10.8,,,10.8,136953,2026-04-08T04:08:21.390436+00:00
209447,UACN,2023-10-12,10.8,,,10.8,26354,2026-04-08T04:08:24.861957+00:00
209562,UACN,2023-10-13,10.8,,,10.8,20779,2026-04-08T04:08:27.376596+00:00
209677,UACN,2023-10-16,10.8,,,10.8,261700,2026-04-08T04:08:32.388707+00:00
209792,UACN,2023-10-17,10.8,,,10.8,603074,2026-04-08T04:08:34.738576+00:00
209907,UACN,2023-10-19,10.8,,,10.8,165372,2026-04-08T04:08:38.671249+00:00
210022,UACN,2023-10-20,11.0,,,11.0,1829790,2026-04-08T04:08:40.967521+00:00
210137,UACN,2023-10-23,11.3,,,11.3,3678666,2026-04-08T04:08:45.440193+00:00
210252,UACN,2023-10-24,11.5,,,11.5,5262582,2026-04-08T04:08:47.71675+00:00
210367,UACN,2023-10-25,11.5,,,11.5,70699,2026-04-08T04:08:50.022319+00:00
210482,UACN,2023-10-26,12.2,,,12.2,1747535,2026-04-08T04:08:52.472279+00:00
210597,UACN,2023-10-27,13.1,,,13.1,2431142,2026-04-08T04:08:54.778052+00:00
210712,UACN,2023-10-30,14.35,,,14.35,2374166,2026-04-08T04:08:59.45056+00:00
210827,UACN,2023-10-31,15.7,,,15.7,5942417,2026-04-08T04:09:01.914254+00:00
210942,UACN,2023-11-01,16.5,,,16.5,5582020,2026-04-08T04:09:04.386399+00:00
211057,UACN,2023-11-02,16.3,,,16.3,3113161,2026-04-08T04:09:06.696264+00:00
211172,UACN,2023-11-03,16.0,,,16.0,4331189,2026-04-08T04:09:09.071615+00:00
211287,UACN,2023-11-06,15.7,,,15.7,3537540,2026-04-08T04:09:13.59419+00:00
211402,UACN,2023-11-07,15.7,,,15.7,4732219,2026-04-08T04:09:15.923939+00:00
211518,UACN,2023-11-08,14.75,,,14.75,1082272,2026-04-08T04:09:18.177895+00:00
211634,UACN,2023-11-09,16.0,,,16.0,4929328,2026-04-08T04:09:20.462573+00:00
211750,UACN,2023-11-10,16.0,,,16.0,210619,2026-04-08T04:09:22.644841+00:00
211866,UACN,2023-11-13,17.0,,,17.0,1971394,2026-04-08T04:09:27.404692+00:00
211982,UACN,2023-11-14,17.95,,,17.95,2627533,2026-04-08T04:09:29.775588+00:00
212098,UACN,2023-11-15,18.0,,,18.0,1894649,2026-04-08T04:09:32.378304+00:00
212214,UACN,2023-11-16,18.0,,,18.0,1261474,2026-04-08T04:09:34.916677+00:00
212330,UACN,2023-11-17,18.0,,,18.0,918856,2026-04-08T04:09:37.378105+00:00
212446,UACN,2023-11-20,18.0,,,18.0,261869,2026-04-08T04:09:41.830835+00:00
212562,UACN,2023-11-21,17.9,,,17.9,962889,2026-04-08T04:09:44.211025+00:00
212678,UACN,2023-11-22,17.9,,,17.9,1421439,2026-04-08T04:09:46.526636+00:00
212794,UACN,2023-11-23,17.9,,,17.9,317931,2026-04-08T04:09:48.793806+00:00
212910,UACN,2023-11-27,17.9,,,17.9,1267224,2026-04-08T04:09:54.316732+00:00
213027,UACN,2023-11-28,16.9,,,16.9,12737653,2026-04-08T04:09:57.050116+00:00
213144,UACN,2023-11-29,16.9,,,16.9,3754759,2026-04-08T04:09:59.54407+00:00
213261,UACN,2023-11-30,16.9,,,16.9,375785,2026-04-08T04:10:01.973818+00:00
213378,UACN,2023-12-01,15.25,,,15.25,2730284,2026-04-08T04:10:04.46052+00:00
213495,UACN,2023-12-04,15.25,,,15.25,463853,2026-04-08T04:10:08.793495+00:00
213612,UACN,2023-12-05,16.0,,,16.0,61710833,2026-04-08T04:10:11.104733+00:00
213729,UACN,2023-12-06,15.95,,,15.95,1305733,2026-04-08T04:10:13.383432+00:00
213846,UACN,2023-12-08,15.35,,,15.35,50333053,2026-04-08T04:10:16.965057+00:00
213963,UACN,2023-12-11,15.95,,,15.95,184050,2026-04-08T04:10:21.350621+00:00
214080,UACN,2023-12-12,15.95,,,15.95,102868,2026-04-08T04:10:23.843731+00:00
214197,UACN,2023-12-13,15.95,,,15.95,203738,2026-04-08T04:10:26.19208+00:00
214314,UACN,2023-12-14,15.95,,,15.95,506538,2026-04-08T04:10:28.64956+00:00
214431,UACN,2023-12-15,15.95,,,15.95,2515975,2026-04-08T04:10:31.179138+00:00
214548,UACN,2023-12-18,15.95,,,15.95,383273,2026-04-08T04:10:35.879044+00:00
214665,UACN,2023-12-19,15.95,,,15.95,645520,2026-04-08T04:10:38.280823+00:00
214782,UACN,2023-12-20,15.95,,,15.95,2026490,2026-04-08T04:10:40.523028+00:00
214899,UACN,2023-12-21,15.0,,,15.0,1798546,2026-04-08T04:10:42.873875+00:00
215016,UACN,2023-12-28,12.15,,,12.15,12829092,2026-04-08T04:10:51.166125+00:00
215133,UACN,2023-12-29,12.85,,,12.85,5221137,2026-04-08T04:10:53.57119+00:00
215250,UACN,2024-01-02,14.1,,,14.1,2983576,2026-04-08T04:10:59.157783+00:00
215367,UACN,2024-01-03,14.85,,,14.85,3489239,2026-04-08T04:11:01.401293+00:00
215484,UACN,2024-01-04,15.0,,,15.0,4421922,2026-04-08T04:11:03.846312+00:00
215601,UACN,2024-01-05,15.65,,,15.65,4216811,2026-04-08T04:11:07.208124+00:00
215718,UACN,2024-01-08,15.0,,,15.0,19756680,2026-04-08T04:11:11.742656+00:00
215835,UACN,2024-01-09,15.55,,,15.55,26072999,2026-04-08T04:11:14.100458+00:00
215952,UACN,2024-01-10,15.5,,,15.5,5629509,2026-04-08T04:11:16.512964+00:00
216069,UACN,2024-01-11,15.0,,,15.0,1328056,2026-04-08T04:11:18.918089+00:00
216186,UACN,2024-01-12,15.0,,,15.0,3574484,2026-04-08T04:11:21.244944+00:00
216303,UACN,2024-01-15,16.0,,,16.0,4883638,2026-04-08T04:11:25.674113+00:00
216420,UACN,2024-01-16,15.5,,,15.5,5398947,2026-04-08T04:11:28.037988+00:00
216537,UACN,2024-01-18,15.45,,,15.45,2691630,2026-04-08T04:11:31.337167+00:00
216654,UACN,2024-01-19,15.45,,,15.45,1157773,2026-04-08T04:11:38.619168+00:00
216771,UACN,2024-01-22,15.65,,,15.65,3240484,2026-04-08T04:11:42.948818+00:00
216888,UACN,2024-01-23,15.85,,,15.85,2074540,2026-04-08T04:11:45.304506+00:00
217005,UACN,2024-01-24,15.85,,,15.85,550199,2026-04-08T04:11:47.647942+00:00
217122,UACN,2024-01-25,15.85,,,15.85,513099,2026-04-08T04:11:50.11021+00:00
217239,UACN,2024-01-26,15.3,,,15.3,7211557,2026-04-08T04:11:52.721812+00:00
217356,UACN,2024-01-29,15.25,,,15.25,2415319,2026-04-08T04:11:57.440388+00:00
217473,UACN,2024-01-30,15.25,,,15.25,1836286,2026-04-08T04:12:00.024191+00:00
217590,UACN,2024-01-31,14.05,,,14.05,1969207,2026-04-08T04:12:02.433526+00:00
217707,UACN,2024-02-01,14.05,,,14.05,580424,2026-04-08T04:12:04.812869+00:00
217824,UACN,2024-02-02,15.0,,,15.0,1196646,2026-04-08T04:12:07.232701+00:00
217941,UACN,2024-02-05,15.0,,,15.0,11127769,2026-04-08T04:12:11.791199+00:00
218058,UACN,2024-02-06,15.0,,,15.0,10733131,2026-04-08T04:12:14.363902+00:00
218175,UACN,2024-02-07,14.25,,,14.25,1108680,2026-04-08T04:12:16.791058+00:00
218292,UACN,2024-02-08,14.25,,,14.25,389382,2026-04-08T04:12:19.312026+00:00
218409,UACN,2024-02-09,14.05,,,14.05,457100,2026-04-08T04:12:21.609908+00:00
218526,UACN,2024-02-12,14.9,,,14.9,237105,2026-04-08T04:12:25.771109+00:00
218643,UACN,2024-02-13,14.9,,,14.9,477956,2026-04-08T04:12:28.061356+00:00
218760,UACN,2024-02-14,14.9,,,14.9,106919,2026-04-08T04:12:30.570558+00:00
218877,UACN,2024-02-16,14.95,,,14.95,620458,2026-04-08T04:12:34.036511+00:00
218994,UACN,2024-02-19,14.95,,,14.95,223803,2026-04-08T04:12:38.429241+00:00
219111,UACN,2024-02-20,14.95,,,14.95,490424,2026-04-08T04:12:40.813552+00:00
219228,UACN,2024-02-21,14.95,,,14.95,281711,2026-04-08T04:12:43.257682+00:00
219345,UACN,2024-02-22,13.55,,,13.55,2491685,2026-04-08T04:12:45.850796+00:00
219462,UACN,2024-02-26,13.55,,,13.55,686847,2026-04-08T04:12:51.18414+00:00
219579,UACN,2024-02-27,13.55,,,13.55,98746,2026-04-08T04:12:53.509755+00:00
219696,UACN,2024-02-29,13.5,,,13.5,725594,2026-04-08T04:12:56.822244+00:00
219813,UACN,2024-03-01,13.95,,,13.95,958917,2026-04-08T04:12:59.287484+00:00
219930,UACN,2024-03-04,13.95,,,13.95,137507,2026-04-08T04:13:03.814092+00:00
220048,UACN,2024-03-05,13.95,,,13.95,158316,2026-04-08T04:13:06.279726+00:00
220166,UACN,2024-03-06,13.95,,,13.95,448886,2026-04-08T04:13:08.558236+00:00
220284,UACN,2024-03-07,13.95,,,13.95,641723,2026-04-08T04:13:10.988978+00:00
220402,UACN,2024-03-08,13.95,,,13.95,464757,2026-04-08T04:13:13.453006+00:00
220520,UACN,2024-03-11,12.6,,,12.6,446277,2026-04-08T04:13:17.773706+00:00
220638,UACN,2024-03-12,12.6,,,12.6,582017,2026-04-08T04:13:20.258657+00:00
220756,UACN,2024-03-13,12.6,,,12.6,355400,2026-04-08T04:13:22.557243+00:00
220874,UACN,2024-03-14,12.6,,,12.6,171838,2026-04-08T04:13:25.004754+00:00
220992,UACN,2024-03-15,12.6,,,12.6,315475,2026-04-08T04:13:27.500984+00:00
221110,UACN,2024-03-19,12.6,,,12.6,2775814,2026-04-08T04:13:32.54102+00:00
221228,UACN,2024-03-20,12.6,,,12.6,4399718,2026-04-08T04:13:34.949661+00:00
221346,UACN,2024-03-21,12.85,,,12.85,911048,2026-04-08T04:13:37.293426+00:00
221464,UACN,2024-03-22,13.75,,,13.75,1602050,2026-04-08T04:13:39.66616+00:00
221582,UACN,2024-03-25,13.75,,,13.75,2289411,2026-04-08T04:13:43.964435+00:00
221700,UACN,2024-03-26,13.75,,,13.75,322644,2026-04-08T04:13:46.391317+00:00
221818,UACN,2024-03-27,13.75,,,13.75,148663,2026-04-08T04:13:48.795654+00:00
221936,UACN,2024-03-28,13.75,,,13.75,186149,2026-04-08T04:13:51.173779+00:00
222054,UACN,2024-04-02,12.4,,,12.4,795367,2026-04-08T04:13:58.053067+00:00
222172,UACN,2024-04-03,12.4,,,12.4,1614320,2026-04-08T04:14:00.66873+00:00
222290,UACN,2024-04-04,12.4,,,12.4,186649,2026-04-08T04:14:03.310057+00:00
222408,UACN,2024-04-05,12.5,,,12.5,1659257,2026-04-08T04:14:05.820809+00:00
222526,UACN,2024-04-12,12.8,,,12.8,15654332,2026-04-08T04:14:15.984697+00:00
222644,UACN,2024-04-15,12.5,,,12.5,12224154,2026-04-08T04:14:20.492228+00:00
222762,UACN,2024-04-16,11.35,,,11.35,789594,2026-04-08T04:14:22.958286+00:00
222880,UACN,2024-04-17,11.35,,,11.35,507826,2026-04-08T04:14:25.407203+00:00
222998,UACN,2024-04-18,11.35,,,11.35,1058394,2026-04-08T04:14:27.862982+00:00
223116,UACN,2024-04-19,11.35,,,11.35,61478,2026-04-08T04:14:30.225092+00:00
223234,UACN,2024-04-22,10.6,,,10.6,1042323,2026-04-08T04:14:34.624841+00:00
223352,UACN,2024-04-23,11.4,,,11.4,660928,2026-04-08T04:14:36.881925+00:00
223470,UACN,2024-04-24,11.4,,,11.4,340165,2026-04-08T04:14:39.108369+00:00
223588,UACN,2024-04-25,11.8,,,11.8,1275270,2026-04-08T04:14:41.415412+00:00
223706,UACN,2024-04-26,12.4,,,12.4,647874,2026-04-08T04:14:43.709399+00:00
223824,UACN,2024-04-29,13.5,,,13.5,1428096,2026-04-08T04:14:47.97937+00:00
223942,UACN,2024-04-30,14.85,,,14.85,2337118,2026-04-08T04:14:50.304196+00:00
224060,UACN,2024-05-02,14.85,,,14.85,495460,2026-04-08T04:14:53.573612+00:00
224178,UACN,2024-05-03,15.45,,,15.45,798424,2026-04-08T04:14:55.989363+00:00
224296,UACN,2024-05-06,15.45,,,15.45,1426155,2026-04-08T04:15:00.14873+00:00
224414,UACN,2024-05-07,15.45,,,15.45,1004819,2026-04-08T04:15:02.40079+00:00
224532,UACN,2024-05-08,15.45,,,15.45,368161,2026-04-08T04:15:04.708287+00:00
224650,UACN,2024-05-09,14.85,,,14.85,1221490,2026-04-08T04:15:07.337178+00:00
224768,UACN,2024-05-10,14.85,,,14.85,2741806,2026-04-08T04:15:09.604775+00:00
224886,UACN,2024-05-13,14.85,,,14.85,860579,2026-04-08T04:15:13.907933+00:00
225004,UACN,2024-05-14,14.85,,,14.85,222564,2026-04-08T04:15:16.26654+00:00
225122,UACN,2024-05-15,13.4,,,13.4,627009,2026-04-08T04:15:18.549958+00:00
225240,UACN,2024-05-16,13.4,,,13.4,168751,2026-04-08T04:15:20.841424+00:00
225358,UACN,2024-05-20,13.3,,,13.3,564301,2026-04-08T04:15:25.962105+00:00
225476,UACN,2024-05-21,13.5,,,13.5,315790,2026-04-08T04:15:28.334406+00:00
225594,UACN,2024-05-22,13.5,,,13.5,265848,2026-04-08T04:15:30.660212+00:00
225712,UACN,2024-05-23,13.5,,,13.5,168769,2026-04-08T04:15:32.993296+00:00
225830,UACN,2024-05-24,13.5,,,13.5,93266,2026-04-08T04:15:35.360226+00:00
225948,UACN,2024-05-27,13.5,,,13.5,290227,2026-04-08T04:15:39.562711+00:00
226066,UACN,2024-05-28,13.5,,,13.5,101325,2026-04-08T04:15:41.894674+00:00
226184,UACN,2024-05-29,13.5,,,13.5,127366,2026-04-08T04:15:44.435333+00:00
226302,UACN,2024-05-30,13.5,,,13.5,201437,2026-04-08T04:15:46.695543+00:00
226420,UACN,2024-05-31,13.5,,,13.5,34930,2026-04-08T04:15:48.909252+00:00
226538,UACN,2024-06-03,13.5,,,13.5,107598,2026-04-08T04:15:53.203965+00:00
226656,UACN,2024-06-04,13.5,,,13.5,1017627,2026-04-08T04:15:55.456464+00:00
226774,UACN,2024-06-05,13.5,,,13.5,197668,2026-04-08T04:15:57.839545+00:00
226892,UACN,2024-06-06,13.5,,,13.5,507167,2026-04-08T04:16:00.091412+00:00
227010,UACN,2024-06-07,13.3,,,13.3,171601,2026-04-08T04:16:02.294722+00:00
227128,UACN,2024-06-10,13.3,,,13.3,464526,2026-04-08T04:16:06.655303+00:00
227246,UACN,2024-06-11,13.3,,,13.3,258766,2026-04-08T04:16:09.027942+00:00
227364,UACN,2024-06-13,14.45,,,14.45,1343065,2026-04-08T04:16:12.454757+00:00
227482,UACN,2024-06-14,14.85,,,14.85,1904586,2026-04-08T04:16:14.762224+00:00
227600,UACN,2024-06-20,14.85,,,14.85,1111222,2026-04-08T04:16:22.365263+00:00
227718,UACN,2024-06-21,14.85,,,14.85,299486,2026-04-08T04:16:24.740936+00:00
227836,UACN,2024-06-24,14.85,,,14.85,606992,2026-04-08T04:16:29.101951+00:00
227954,UACN,2024-06-25,14.85,,,14.85,769256,2026-04-08T04:16:31.430939+00:00
228072,UACN,2024-06-26,14.7,,,14.7,799561,2026-04-08T04:16:33.77834+00:00
228190,UACN,2024-06-27,15.8,,,15.8,46350763,2026-04-08T04:16:36.13415+00:00
228308,UACN,2024-06-28,15.8,,,15.8,1122699,2026-04-08T04:16:38.472674+00:00
228426,UACN,2024-07-01,15.1,,,15.1,2718413,2026-04-08T04:16:42.881798+00:00
228544,UACN,2024-07-02,15.1,,,15.1,2506505,2026-04-08T04:16:45.256647+00:00
228662,UACN,2024-07-03,15.1,,,15.1,101735,2026-04-08T04:16:47.732339+00:00
228780,UACN,2024-07-04,15.1,,,15.1,201148,2026-04-08T04:16:50.22378+00:00
228898,UACN,2024-07-05,15.1,,,15.1,137850,2026-04-08T04:16:52.679645+00:00
229016,UACN,2024-07-08,15.1,,,15.1,447823,2026-04-08T04:16:57.375145+00:00
229134,UACN,2024-07-09,14.0,,,14.0,1302289,2026-04-08T04:16:59.679545+00:00
229252,UACN,2024-07-10,14.5,,,14.5,247912,2026-04-08T04:17:02.104038+00:00
229370,UACN,2024-07-11,14.5,,,14.5,3536669,2026-04-08T04:17:04.804273+00:00
229488,UACN,2024-07-12,14.15,,,14.15,19779349,2026-04-08T04:17:07.071694+00:00
229606,UACN,2024-07-15,14.15,,,14.15,20325766,2026-04-08T04:17:11.418935+00:00
229724,UACN,2024-07-16,15.2,,,15.2,12248722,2026-04-08T04:17:13.920176+00:00
229842,UACN,2024-07-17,15.25,,,15.25,1392813,2026-04-08T04:17:16.239817+00:00
229960,UACN,2024-07-18,15.25,,,15.25,1827944,2026-04-08T04:17:18.614364+00:00
230078,UACN,2024-07-19,15.15,,,15.15,7004972,2026-04-08T04:17:20.923419+00:00
230196,UACN,2024-07-22,15.15,,,15.15,5601217,2026-04-08T04:17:25.185516+00:00
230314,UACN,2024-07-23,15.35,,,15.35,5824304,2026-04-08T04:17:27.655924+00:00
230432,UACN,2024-07-24,15.6,,,15.6,890401,2026-04-08T04:17:30.124258+00:00
230550,UACN,2024-07-25,15.95,,,15.95,3829570,2026-04-08T04:17:32.638981+00:00
230668,UACN,2024-07-26,15.8,,,15.8,610164,2026-04-08T04:17:35.101122+00:00
230786,UACN,2024-07-29,15.8,,,15.8,113093,2026-04-08T04:17:40.103977+00:00
230904,UACN,2024-07-30,15.8,,,15.8,214237,2026-04-08T04:17:43.080384+00:00
231022,UACN,2024-07-31,16.85,,,16.85,3574871,2026-04-08T04:17:45.61458+00:00
231140,UACN,2024-08-01,16.85,,,16.85,94189,2026-04-08T04:17:47.950902+00:00
231258,UACN,2024-08-02,16.85,,,16.85,674840,2026-04-08T04:17:50.372085+00:00
231376,UACN,2024-08-05,16.85,,,16.85,1424059,2026-04-08T04:17:54.929581+00:00
231494,UACN,2024-08-06,16.85,,,16.85,1292875,2026-04-08T04:17:57.472912+00:00
231612,UACN,2024-08-07,16.85,,,16.85,171804,2026-04-08T04:17:59.948734+00:00
231730,UACN,2024-08-08,16.85,,,16.85,331628,2026-04-08T04:18:02.36647+00:00
231848,UACN,2024-08-09,17.5,,,17.5,628583,2026-04-08T04:18:04.674683+00:00
231966,UACN,2024-08-12,17.3,,,17.3,2689241,2026-04-08T04:18:08.918743+00:00
232084,UACN,2024-08-13,17.3,,,17.3,637175,2026-04-08T04:18:11.387792+00:00
232202,UACN,2024-08-14,17.3,,,17.3,242139,2026-04-08T04:18:13.859526+00:00
232320,UACN,2024-08-15,17.3,,,17.3,764936,2026-04-08T04:18:16.357381+00:00
232438,UACN,2024-08-16,17.05,,,17.05,4521655,2026-04-08T04:18:18.692447+00:00
232556,UACN,2024-08-19,17.25,,,17.25,2653605,2026-04-08T04:18:23.063194+00:00
232674,UACN,2024-08-20,17.25,,,17.25,861712,2026-04-08T04:18:25.366221+00:00
232792,UACN,2024-08-21,16.7,,,16.7,247176,2026-04-08T04:18:27.861334+00:00
232910,UACN,2024-08-22,16.7,,,16.7,671359,2026-04-08T04:18:30.156184+00:00
233028,UACN,2024-08-23,16.7,,,16.7,369321,2026-04-08T04:18:32.497978+00:00
233146,UACN,2024-08-26,16.7,,,16.7,1323532,2026-04-08T04:18:37.19542+00:00
233264,UACN,2024-08-27,16.7,,,16.7,1157176,2026-04-08T04:18:39.561091+00:00
233382,UACN,2024-08-28,16.65,,,16.65,1253328,2026-04-08T04:18:42.048567+00:00
233500,UACN,2024-08-29,16.65,,,16.65,1150757,2026-04-08T04:18:44.36768+00:00
233618,UACN,2024-09-02,18.0,,,18.0,5083392,2026-04-08T04:18:49.632285+00:00
233736,UACN,2024-09-03,19.0,,,19.0,4020377,2026-04-08T04:18:52.389232+00:00
233854,UACN,2024-09-04,19.0,,,19.0,1455552,2026-04-08T04:18:54.875674+00:00
233972,UACN,2024-09-05,19.0,,,19.0,562603,2026-04-08T04:18:57.763256+00:00
234090,UACN,2024-09-06,20.9,,,20.9,3331928,2026-04-08T04:19:00.536712+00:00
234208,UACN,2024-09-09,22.95,,,22.95,8452276,2026-04-08T04:19:05.495104+00:00
234326,UACN,2024-09-10,23.15,,,23.15,4791123,2026-04-08T04:19:08.070871+00:00
234444,UACN,2024-09-11,23.15,,,23.15,1468018,2026-04-08T04:19:10.663572+00:00
234562,UACN,2024-09-12,23.15,,,23.15,2799468,2026-04-08T04:19:13.371302+00:00
234680,UACN,2024-09-13,23.15,,,23.15,4071893,2026-04-08T04:19:16.033041+00:00
234798,UACN,2024-09-17,23.0,,,23.0,7883584,2026-04-08T04:19:22.824888+00:00
234916,UACN,2024-09-18,21.5,,,21.5,8272707,2026-04-08T04:19:25.915955+00:00
235034,UACN,2024-09-19,22.2,,,22.2,57853966,2026-04-08T04:19:28.330134+00:00
235152,UACN,2024-09-20,21.95,,,21.95,26033403,2026-04-08T04:19:30.82066+00:00
235270,UACN,2024-09-23,21.95,,,21.95,652247,2026-04-08T04:19:35.29526+00:00
235388,UACN,2024-09-24,21.95,,,21.95,709832,2026-04-08T04:19:37.629736+00:00
235506,UACN,2024-09-25,21.0,,,21.0,4521866,2026-04-08T04:19:40.096992+00:00
235624,UACN,2024-09-26,21.0,,,21.0,1196457,2026-04-08T04:19:42.676048+00:00
235742,UACN,2024-09-27,21.0,,,21.0,3923307,2026-04-08T04:19:45.342636+00:00
235860,UACN,2024-09-30,21.0,,,21.0,1199170,2026-04-08T04:19:50.223917+00:00
235978,UACN,2024-10-02,21.0,,,21.0,848743,2026-04-08T04:19:53.821423+00:00
236096,UACN,2024-10-03,21.0,,,21.0,1370947,2026-04-08T04:19:56.203135+00:00
236214,UACN,2024-10-04,21.0,,,21.0,1528303,2026-04-08T04:19:58.634737+00:00
236332,UACN,2024-10-07,21.2,,,21.2,744760,2026-04-08T04:20:03.05432+00:00
236450,UACN,2024-10-08,21.2,,,21.2,773531,2026-04-08T04:20:05.535519+00:00
236568,UACN,2024-10-10,21.0,,,21.0,2556705,2026-04-08T04:20:08.855054+00:00
236686,UACN,2024-10-11,20.6,,,20.6,3753906,2026-04-08T04:20:11.460237+00:00
236804,UACN,2024-10-14,20.0,,,20.0,2204618,2026-04-08T04:20:16.284622+00:00
236923,UACN,2024-10-15,19.7,,,19.7,354220,2026-04-08T04:20:18.84933+00:00
237042,UACN,2024-10-17,20.2,,,20.2,627268,2026-04-08T04:20:23.389134+00:00
237161,UACN,2024-10-18,20.2,,,20.2,262704,2026-04-08T04:20:26.17489+00:00
237280,UACN,2024-10-21,20.2,,,20.2,1400483,2026-04-08T04:20:30.541886+00:00
237399,UACN,2024-10-22,21.0,,,21.0,1228321,2026-04-08T04:20:32.890604+00:00
237518,UACN,2024-10-23,21.75,,,21.75,695590,2026-04-08T04:20:35.186729+00:00
237637,UACN,2024-10-24,21.75,,,21.75,654762,2026-04-08T04:20:37.740613+00:00
237756,UACN,2024-10-25,21.75,,,21.75,8565263,2026-04-08T04:20:40.222387+00:00
237875,UACN,2024-10-28,21.05,,,21.05,1167698,2026-04-08T04:20:44.742576+00:00
237994,UACN,2024-10-29,21.6,,,21.6,5772934,2026-04-08T04:20:47.136244+00:00
238113,UACN,2024-10-30,21.9,,,21.9,3431312,2026-04-08T04:20:49.405969+00:00
238232,UACN,2024-10-31,21.8,,,21.8,55075965,2026-04-08T04:20:51.756515+00:00
238351,UACN,2024-11-01,20.55,,,20.55,7942716,2026-04-08T04:20:54.1075+00:00
238470,UACN,2024-11-04,20.4,,,20.4,927866,2026-04-08T04:20:58.471072+00:00
238589,UACN,2024-11-05,20.5,,,20.5,1601276,2026-04-08T04:21:01.00344+00:00
238708,UACN,2024-11-06,20.5,,,20.5,1172090,2026-04-08T04:21:03.585377+00:00
238827,UACN,2024-11-07,20.5,,,20.5,1971173,2026-04-08T04:21:06.256351+00:00
238946,UACN,2024-11-08,21.55,,,21.55,936895,2026-04-08T04:21:08.623134+00:00
239065,UACN,2024-11-11,20.6,,,20.6,733070,2026-04-08T04:21:12.782875+00:00
239184,UACN,2024-11-12,20.0,,,20.0,5950067,2026-04-08T04:21:15.417322+00:00
239303,UACN,2024-11-13,20.15,,,20.15,1922748,2026-04-08T04:21:17.790166+00:00
239422,UACN,2024-11-14,20.15,,,20.15,720832,2026-04-08T04:21:20.354873+00:00
239541,UACN,2024-11-15,21.65,,,21.65,1288464,2026-04-08T04:21:22.90937+00:00
239660,UACN,2024-11-18,21.65,,,21.65,333107,2026-04-08T04:21:27.576358+00:00
239779,UACN,2024-11-19,21.55,,,21.55,4226213,2026-04-08T04:21:29.868433+00:00
239898,UACN,2024-11-20,23.4,,,23.4,4161934,2026-04-08T04:21:32.433299+00:00
240017,UACN,2024-11-21,23.2,,,23.2,1771410,2026-04-08T04:21:34.755564+00:00
240136,UACN,2024-11-22,23.2,,,23.2,1049851,2026-04-08T04:21:37.514754+00:00
240255,UACN,2024-11-25,21.3,,,21.3,1870370,2026-04-08T04:21:41.818387+00:00
240374,UACN,2024-11-26,22.0,,,22.0,414402,2026-04-08T04:21:44.163824+00:00
240493,UACN,2024-11-27,22.0,,,22.0,749344,2026-04-08T04:21:46.720727+00:00
240612,UACN,2024-11-28,22.75,,,22.75,1722140,2026-04-08T04:21:49.110263+00:00
240731,UACN,2024-12-02,22.55,,,22.55,3098995,2026-04-08T04:21:54.88401+00:00
240850,UACN,2024-12-03,22.0,,,22.0,3667609,2026-04-08T04:21:57.640504+00:00
240969,UACN,2024-12-04,22.0,,,22.0,3219915,2026-04-08T04:21:59.930228+00:00
241088,UACN,2024-12-06,22.0,,,22.0,504699,2026-04-08T04:22:03.392712+00:00
241207,UACN,2024-12-09,22.0,,,22.0,3336832,2026-04-08T04:22:07.745808+00:00
241326,UACN,2024-12-10,22.2,,,22.2,1541732,2026-04-08T04:22:10.112253+00:00
241445,UACN,2024-12-11,23.0,,,23.0,4868739,2026-04-08T04:22:12.639548+00:00
241564,UACN,2024-12-12,23.55,,,23.55,981939,2026-04-08T04:22:15.033357+00:00
241683,UACN,2024-12-13,23.95,,,23.95,1525850,2026-04-08T04:22:17.509919+00:00
241802,UACN,2024-12-16,23.95,,,23.95,797593,2026-04-08T04:22:22.499781+00:00
241921,UACN,2024-12-17,24.0,,,24.0,2559396,2026-04-08T04:22:24.995572+00:00
242040,UACN,2024-12-18,25.0,,,25.0,6573718,2026-04-08T04:22:27.498126+00:00
242159,UACN,2024-12-19,27.5,,,27.5,5736543,2026-04-08T04:22:29.868083+00:00
242278,UACN,2024-12-20,30.25,,,30.25,9411161,2026-04-08T04:22:32.392508+00:00
242397,UACN,2024-12-23,31.4,,,31.4,17922979,2026-04-08T04:22:36.740311+00:00
242516,UACN,2024-12-24,30.5,,,30.5,6105085,2026-04-08T04:22:39.25804+00:00
242635,UACN,2024-12-27,30.2,,,30.2,4558542,2026-04-08T04:22:43.946119+00:00
242754,UACN,2024-12-31,31.45,,,31.45,1196434,2026-04-08T04:22:48.665239+00:00
242872,UACN,2025-01-02,32.95,,,32.95,1089347,2026-04-08T04:22:52.256438+00:00
242990,UACN,2025-01-03,31.9,,,31.9,2037279,2026-04-08T04:22:55.101113+00:00
243108,UACN,2025-01-06,31.25,,,31.25,1142944,2026-04-08T04:23:00.046313+00:00
243226,UACN,2025-01-07,31.25,,,31.25,649386,2026-04-08T04:23:02.329348+00:00
243344,UACN,2025-01-08,31.0,,,31.0,888209,2026-04-08T04:23:04.632968+00:00
243462,UACN,2025-01-09,31.3,,,31.3,1136176,2026-04-08T04:23:06.908261+00:00
243580,UACN,2025-01-10,32.0,,,32.0,1652211,2026-04-08T04:23:09.304805+00:00
243698,UACN,2025-01-13,33.4,,,33.4,1276318,2026-04-08T04:23:13.790041+00:00
243816,UACN,2025-01-14,34.0,,,34.0,7474469,2026-04-08T04:23:16.129929+00:00
243934,UACN,2025-01-15,35.25,,,35.25,1095562,2026-04-08T04:23:18.535433+00:00
244052,UACN,2025-01-16,36.0,,,36.0,2734494,2026-04-08T04:23:20.834867+00:00
244170,UACN,2025-01-17,36.0,,,36.0,1939898,2026-04-08T04:23:23.141674+00:00
244288,UACN,2025-01-20,36.0,,,36.0,496095,2026-04-08T04:23:27.482452+00:00
244406,UACN,2025-01-21,36.9,,,36.9,1222490,2026-04-08T04:23:29.752731+00:00
244524,UACN,2025-01-22,36.0,,,36.0,4219331,2026-04-08T04:23:32.235559+00:00
244642,UACN,2025-01-23,36.0,,,36.0,535685,2026-04-08T04:23:34.519549+00:00
244760,UACN,2025-01-24,36.15,,,36.15,803900,2026-04-08T04:23:37.097992+00:00
244878,UACN,2025-01-27,36.0,,,36.0,618438,2026-04-08T04:23:41.817807+00:00
244996,UACN,2025-01-28,36.0,,,36.0,3865404,2026-04-08T04:23:44.43679+00:00
245114,UACN,2025-01-30,36.0,,,36.0,3332478,2026-04-08T04:23:47.90788+00:00
245232,UACN,2025-01-31,36.0,,,36.0,3332478,2026-04-08T04:23:50.425841+00:00
245350,UACN,2025-02-03,36.0,,,36.0,2011152,2026-04-08T04:23:55.090801+00:00
245468,UACN,2025-02-04,35.0,,,35.0,21225294,2026-04-08T04:23:57.584141+00:00
245586,UACN,2025-02-05,36.05,,,36.05,46385539,2026-04-08T04:24:00.484627+00:00
245704,UACN,2025-02-06,36.05,,,36.05,601623,2026-04-08T04:24:04.153698+00:00
245822,UACN,2025-02-07,36.05,,,36.05,550493,2026-04-08T04:24:07.822728+00:00
245940,UACN,2025-02-10,36.05,,,36.05,866491,2026-04-08T04:24:13.163899+00:00
246058,UACN,2025-02-11,36.05,,,36.05,516718,2026-04-08T04:24:15.629092+00:00
246176,UACN,2025-02-12,36.05,,,36.05,376411,2026-04-08T04:24:18.226035+00:00
246294,UACN,2025-02-13,36.05,,,36.05,737325,2026-04-08T04:24:20.725749+00:00
246412,UACN,2025-02-14,37.0,,,37.0,1019814,2026-04-08T04:24:23.300806+00:00
246530,UACN,2025-02-17,37.0,,,37.0,890723,2026-04-08T04:24:27.726986+00:00
246648,UACN,2025-02-18,37.0,,,37.0,1864922,2026-04-08T04:24:30.295737+00:00
246766,UACN,2025-02-19,37.0,,,37.0,1344451,2026-04-08T04:24:32.765887+00:00
246884,UACN,2025-02-20,37.0,,,37.0,344470,2026-04-08T04:24:35.351909+00:00
247002,UACN,2025-02-21,37.0,,,37.0,381347,2026-04-08T04:24:37.680479+00:00
247120,UACN,2025-02-25,35.25,,,35.25,2782131,2026-04-08T04:24:43.419296+00:00
247238,UACN,2025-02-26,35.25,,,35.25,5411603,2026-04-08T04:24:45.860894+00:00
247356,UACN,2025-02-27,35.25,,,35.25,197926,2026-04-08T04:24:48.27846+00:00
247474,UACN,2025-02-28,35.25,,,35.25,6792293,2026-04-08T04:24:50.63724+00:00
247592,UACN,2025-03-03,35.25,,,35.25,168616,2026-04-08T04:24:55.222854+00:00
247710,UACN,2025-03-04,35.05,,,35.05,471183,2026-04-08T04:24:57.762887+00:00
247829,UACN,2025-03-05,35.0,,,35.0,6405032,2026-04-08T04:25:00.108696+00:00
247948,UACN,2025-03-06,35.0,,,35.0,568370,2026-04-08T04:25:02.52336+00:00
248067,UACN,2025-03-07,35.0,,,35.0,151612,2026-04-08T04:25:04.19753+00:00
248186,UACN,2025-03-10,35.05,,,35.05,656678,2026-04-08T04:25:07.959889+00:00
248305,UACN,2025-03-11,35.05,,,35.05,308823,2026-04-08T04:25:10.446731+00:00
248424,UACN,2025-03-12,35.05,,,35.05,108316,2026-04-08T04:25:12.888859+00:00
248543,UACN,2025-03-13,35.05,,,35.05,341860,2026-04-08T04:25:15.353849+00:00
248662,UACN,2025-03-14,35.05,,,35.05,478773,2026-04-08T04:25:17.75152+00:00
248781,UACN,2025-03-17,35.05,,,35.05,126581,2026-04-08T04:25:23.327657+00:00
248900,UACN,2025-03-18,35.05,,,35.05,270705,2026-04-08T04:25:25.763099+00:00
249019,UACN,2025-03-19,35.5,,,35.5,3374383,2026-04-08T04:25:28.144043+00:00
249138,UACN,2025-03-20,35.5,,,35.5,232661,2026-04-08T04:25:31.01834+00:00
249257,UACN,2025-03-21,35.5,,,35.5,137567,2026-04-08T04:25:33.389958+00:00
249376,UACN,2025-03-24,35.5,,,35.5,128802,2026-04-08T04:25:38.388993+00:00
249495,UACN,2025-03-25,35.5,,,35.5,366370,2026-04-08T04:25:40.7685+00:00
249614,UACN,2025-03-26,35.5,,,35.5,139069,2026-04-08T04:25:43.344812+00:00
249733,UACN,2025-03-27,35.5,,,35.5,296819,2026-04-08T04:25:45.817232+00:00
249852,UACN,2025-03-28,35.5,,,35.5,183572,2026-04-08T04:25:48.177352+00:00
249971,UACN,2025-04-02,31.95,,,31.95,364818,2026-04-08T04:25:54.663823+00:00
250090,UACN,2025-04-03,29.0,,,29.0,3206493,2026-04-08T04:25:57.014747+00:00
250209,UACN,2025-04-04,29.0,,,29.0,1150606,2026-04-08T04:25:59.489503+00:00
250328,UACN,2025-04-07,29.0,,,29.0,1247863,2026-04-08T04:26:04.211964+00:00
250447,UACN,2025-04-08,27.0,,,27.0,1888562,2026-04-08T04:26:06.766331+00:00
250566,UACN,2025-04-10,27.0,,,27.0,831008,2026-04-08T04:26:10.263658+00:00
250685,UACN,2025-04-11,28.0,,,28.0,227057,2026-04-08T04:26:12.610372+00:00
250804,UACN,2025-04-14,30.5,,,30.5,754516,2026-04-08T04:26:17.137975+00:00
250923,UACN,2025-04-15,30.5,,,30.5,336349,2026-04-08T04:26:19.634971+00:00
251042,UACN,2025-04-16,30.0,,,30.0,482646,2026-04-08T04:26:22.321337+00:00
251161,UACN,2025-04-17,29.1,,,29.1,960712,2026-04-08T04:26:24.819431+00:00
251280,UACN,2025-04-22,30.3,,,30.3,752737,2026-04-08T04:26:31.401152+00:00
251399,UACN,2025-04-23,30.3,,,30.3,191925,2026-04-08T04:26:33.741411+00:00
251518,UACN,2025-04-24,30.3,,,30.3,88730,2026-04-08T04:26:36.383131+00:00
251638,UACN,2025-04-25,32.9,,,32.9,677982,2026-04-08T04:26:38.677219+00:00
251758,UACN,2025-04-28,32.9,,,32.9,867607,2026-04-08T04:26:43.113614+00:00
251878,UACN,2025-04-29,34.9,,,34.9,770526,2026-04-08T04:26:45.609073+00:00
251998,UACN,2025-04-30,33.0,,,33.0,4840809,2026-04-08T04:26:48.242472+00:00
252118,UACN,2025-05-02,31.85,,,31.85,1469337,2026-04-08T04:26:51.690529+00:00
252238,UACN,2025-05-05,34.5,,,34.5,525013,2026-04-08T04:26:56.275381+00:00
252358,UACN,2025-05-06,34.5,,,34.5,182790,2026-04-08T04:26:58.7221+00:00
252478,UACN,2025-05-07,34.5,,,34.5,504064,2026-04-08T04:27:01.170235+00:00
252598,UACN,2025-05-08,33.0,,,33.0,612264,2026-04-08T04:27:03.468055+00:00
252718,UACN,2025-05-09,33.0,,,33.0,327427,2026-04-08T04:27:05.963213+00:00
252838,UACN,2025-05-12,33.0,,,33.0,499238,2026-04-08T04:27:10.449459+00:00
252958,UACN,2025-05-14,33.0,,,33.0,1203324,2026-04-08T04:27:13.89162+00:00
253078,UACN,2025-05-15,33.0,,,33.0,135258,2026-04-08T04:27:16.307455+00:00
253198,UACN,2025-05-16,33.0,,,33.0,547761,2026-04-08T04:27:18.639316+00:00
253318,UACN,2025-05-19,33.0,,,33.0,119078,2026-04-08T04:27:23.06518+00:00
253438,UACN,2025-05-20,33.0,,,33.0,119078,2026-04-08T04:27:25.663956+00:00
253558,UACN,2025-05-21,33.0,,,33.0,1115473,2026-04-08T04:27:28.280255+00:00
253678,UACN,2025-05-22,32.8,,,32.8,164922,2026-04-08T04:27:30.733393+00:00
253798,UACN,2025-05-23,32.8,,,32.8,121560,2026-04-08T04:27:33.142895+00:00
253918,UACN,2025-05-26,32.8,,,32.8,432384,2026-04-08T04:27:37.938794+00:00
254038,UACN,2025-05-27,32.8,,,32.8,327593,2026-04-08T04:27:40.395447+00:00
254158,UACN,2025-05-28,32.8,,,32.8,316176,2026-04-08T04:27:42.906627+00:00
254278,UACN,2025-05-29,32.8,,,32.8,431674,2026-04-08T04:27:45.903166+00:00
254398,UACN,2025-05-30,32.8,,,32.8,194423,2026-04-08T04:27:48.4452+00:00
254518,UACN,2025-06-02,32.8,,,32.8,65696,2026-04-08T04:27:53.01382+00:00
254638,UACN,2025-06-03,32.8,,,32.8,154404,2026-04-08T04:27:55.368454+00:00
254758,UACN,2025-06-04,33.0,,,33.0,352278,2026-04-08T04:27:57.94541+00:00
254878,UACN,2025-06-05,33.0,,,33.0,435628,2026-04-08T04:28:00.320696+00:00
254998,UACN,2025-06-10,34.0,,,34.0,1776874,2026-04-08T04:28:07.114795+00:00
255118,UACN,2025-06-11,34.0,,,34.0,793876,2026-04-08T04:28:09.38594+00:00
255238,UACN,2025-06-17,34.7,,,34.7,76548,2026-04-08T04:28:17.228975+00:00
255358,UACN,2025-06-18,34.5,,,34.5,2662555,2026-04-08T04:28:19.70912+00:00
255478,UACN,2025-06-19,34.5,,,34.5,238389,2026-04-08T04:28:22.276816+00:00
255598,UACN,2025-06-20,34.5,,,34.5,811362,2026-04-08T04:28:24.65394+00:00
255718,UACN,2025-06-23,34.5,,,34.5,375412,2026-04-08T04:28:29.225711+00:00
255838,UACN,2025-06-24,34.6,,,34.6,1446413,2026-04-08T04:28:31.569579+00:00
255958,UACN,2025-06-25,34.6,,,34.6,301133,2026-04-08T04:28:33.910697+00:00
256078,UACN,2025-06-26,38.05,,,38.05,2417377,2026-04-08T04:28:36.389223+00:00
256198,UACN,2025-06-27,38.05,,,38.05,848286,2026-04-08T04:28:38.797599+00:00
256318,UACN,2025-07-01,40.9,,,40.9,334510,2026-04-08T04:28:44.517216+00:00
256438,UACN,2025-07-02,40.9,,,40.9,679551,2026-04-08T04:28:47.139962+00:00
256558,UACN,2025-07-03,40.9,,,40.9,1155559,2026-04-08T04:28:49.506141+00:00
256678,UACN,2025-07-04,40.9,,,40.9,351612,2026-04-08T04:28:51.76506+00:00
256798,UACN,2025-07-07,43.0,,,43.0,2551509,2026-04-08T04:28:56.230166+00:00
256918,UACN,2025-07-08,43.0,,,43.0,242169,2026-04-08T04:28:58.705995+00:00
257038,UACN,2025-07-09,43.0,,,43.0,757531,2026-04-08T04:29:01.058721+00:00
257158,UACN,2025-07-10,43.0,,,43.0,492043,2026-04-08T04:29:03.550316+00:00
257278,UACN,2025-07-11,44.0,,,44.0,931750,2026-04-08T04:29:06.089999+00:00
257398,UACN,2025-07-14,44.0,,,44.0,1478049,2026-04-08T04:29:10.69196+00:00
257518,UACN,2025-07-16,48.2,,,48.2,1155385,2026-04-08T04:29:14.112969+00:00
257638,UACN,2025-07-17,49.0,,,49.0,942678,2026-04-08T04:29:16.489777+00:00
257758,UACN,2025-07-18,50.05,,,50.05,1485102,2026-04-08T04:29:18.854517+00:00
257878,UACN,2025-07-21,50.0,,,50.0,860054,2026-04-08T04:29:23.300994+00:00
257998,UACN,2025-07-22,50.0,,,50.0,675419,2026-04-08T04:29:25.922592+00:00
258118,UACN,2025-07-23,50.0,,,50.0,444595,2026-04-08T04:29:29.05968+00:00
258238,UACN,2025-07-24,50.5,,,50.5,1190859,2026-04-08T04:29:31.486978+00:00
258358,UACN,2025-07-25,54.95,,,54.95,889994,2026-04-08T04:29:33.980938+00:00
258478,UACN,2025-07-28,60.4,,,60.4,800980,2026-04-08T04:29:38.78621+00:00
258597,UACN,2025-07-29,66.4,,,66.4,1172045,2026-04-08T04:29:41.392621+00:00
258716,UACN,2025-07-30,73.0,,,73.0,32985270,2026-04-08T04:29:43.881641+00:00
258835,UACN,2025-07-31,80.3,,,80.3,1592221,2026-04-08T04:29:46.315218+00:00
258954,UACN,2025-08-01,88.3,,,88.3,3527891,2026-04-08T04:29:48.711654+00:00
259073,UACN,2025-08-04,97.1,,,97.1,3190063,2026-04-08T04:29:53.303607+00:00
259192,UACN,2025-08-05,100.0,,,100.0,8939721,2026-04-08T04:29:55.780422+00:00
259311,UACN,2025-08-06,90.0,,,90.0,6938915,2026-04-08T04:29:58.241852+00:00
259430,UACN,2025-08-07,81.5,,,81.5,7982665,2026-04-08T04:30:00.56444+00:00
259549,UACN,2025-08-08,83.6,,,83.6,1826279,2026-04-08T04:30:02.234883+00:00
259668,UACN,2025-08-11,75.25,,,75.25,6658664,2026-04-08T04:30:07.037349+00:00
259787,UACN,2025-08-12,71.5,,,71.5,4579868,2026-04-08T04:30:09.28323+00:00
259906,UACN,2025-08-13,78.45,,,78.45,2837671,2026-04-08T04:30:11.815521+00:00
260025,UACN,2025-08-14,79.95,,,79.95,1193374,2026-04-08T04:30:14.350221+00:00
260144,UACN,2025-08-15,79.95,,,79.95,454935,2026-04-08T04:30:16.786076+00:00
260263,UACN,2025-08-18,79.95,,,79.95,170218,2026-04-08T04:30:21.560319+00:00
260382,UACN,2025-08-19,79.95,,,79.95,1587262,2026-04-08T04:30:23.869462+00:00
260501,UACN,2025-08-20,79.95,,,79.95,327067,2026-04-08T04:30:26.318672+00:00
260620,UACN,2025-08-21,79.95,,,79.95,449586,2026-04-08T04:30:28.670378+00:00
260739,UACN,2025-08-22,79.95,,,79.95,1693638,2026-04-08T04:30:30.96965+00:00
260858,UACN,2025-08-25,79.95,,,79.95,175261,2026-04-08T04:30:35.521871+00:00
260977,UACN,2025-08-26,73.0,,,73.0,1367655,2026-04-08T04:30:37.91594+00:00
261096,UACN,2025-08-27,73.0,,,73.0,1715478,2026-04-08T04:30:40.231113+00:00
261215,UACN,2025-08-28,73.0,,,73.0,2290174,2026-04-08T04:30:42.59826+00:00
261334,UACN,2025-08-29,73.0,,,73.0,2174136,2026-04-08T04:30:45.09102+00:00
261453,UACN,2025-09-01,73.0,,,73.0,703899,2026-04-08T04:30:49.608802+00:00
261572,UACN,2025-09-02,73.0,,,73.0,1362423,2026-04-08T04:30:52.312491+00:00
261691,UACN,2025-09-03,73.0,,,73.0,1492023,2026-04-08T04:30:55.837007+00:00
261810,UACN,2025-09-04,73.0,,,73.0,261261,2026-04-08T04:30:58.198935+00:00
261929,UACN,2025-09-08,73.0,,,73.0,175351,2026-04-08T04:31:03.728068+00:00
262048,UACN,2025-09-09,73.0,,,73.0,219347,2026-04-08T04:31:06.294869+00:00
262167,UACN,2025-09-10,73.0,,,73.0,376927,2026-04-08T04:31:08.610575+00:00
262286,UACN,2025-09-11,73.0,,,73.0,356160,2026-04-08T04:31:10.974873+00:00
262405,UACN,2025-09-12,73.0,,,73.0,152838,2026-04-08T04:31:13.547359+00:00
262524,UACN,2025-09-15,67.15,,,67.15,67170237,2026-04-08T04:31:18.268622+00:00
262643,UACN,2025-09-16,68.1,,,68.1,1899636,2026-04-08T04:31:20.741189+00:00
262762,UACN,2025-09-17,69.0,,,69.0,3905429,2026-04-08T04:31:23.24235+00:00
262881,UACN,2025-09-18,69.0,,,69.0,193453,2026-04-08T04:31:25.598019+00:00
263000,UACN,2025-09-19,69.1,,,69.1,280317,2026-04-08T04:31:28.111008+00:00
263119,UACN,2025-09-22,66.0,,,66.0,3815901,2026-04-08T04:31:32.624882+00:00
263238,UACN,2025-09-23,67.6,,,67.6,381625,2026-04-08T04:31:35.170326+00:00
263357,UACN,2025-09-24,66.0,,,66.0,3919292,2026-04-08T04:31:37.673105+00:00
263476,UACN,2025-09-25,65.05,,,65.05,1040937,2026-04-08T04:31:40.100841+00:00
263595,UACN,2025-09-26,67.0,,,67.0,235640,2026-04-08T04:31:42.548783+00:00
263714,UACN,2025-09-29,67.0,,,67.0,205081,2026-04-08T04:31:47.029675+00:00
263833,UACN,2025-09-30,67.0,,,67.0,366799,2026-04-08T04:31:49.320364+00:00
263952,UACN,2025-10-02,67.0,,,67.0,572123,2026-04-08T04:31:52.706523+00:00
264071,UACN,2025-10-03,73.7,,,73.7,1035227,2026-04-08T04:31:55.311341+00:00
264190,UACN,2025-10-06,73.7,,,73.7,1368837,2026-04-08T04:31:59.803196+00:00
264309,UACN,2025-10-07,72.7,,,72.7,1163453,2026-04-08T04:32:02.285104+00:00
264428,UACN,2025-10-08,72.7,,,72.7,141516,2026-04-08T04:32:04.646463+00:00
264547,UACN,2025-10-09,72.7,,,72.7,147452,2026-04-08T04:32:07.004133+00:00
264666,UACN,2025-10-10,72.7,,,72.7,292218,2026-04-08T04:32:10.69692+00:00
264785,UACN,2025-10-13,72.7,,,72.7,248998,2026-04-08T04:32:15.267586+00:00
264904,UACN,2025-10-14,72.7,,,72.7,271918,2026-04-08T04:32:17.792097+00:00
265023,UACN,2025-10-15,68.0,,,68.0,1192518,2026-04-08T04:32:20.093513+00:00
265142,UACN,2025-10-16,68.0,,,68.0,366819,2026-04-08T04:32:22.728593+00:00
265261,UACN,2025-10-17,66.5,,,66.5,5829303,2026-04-08T04:32:25.167177+00:00
265380,UACN,2025-10-20,69.95,,,69.95,430360,2026-04-08T04:32:29.532096+00:00
265499,UACN,2025-10-21,69.95,,,69.95,496397,2026-04-08T04:32:31.920152+00:00
265618,UACN,2025-10-22,69.95,,,69.95,928470,2026-04-08T04:32:34.332447+00:00
265737,UACN,2025-10-23,70.0,,,70.0,1353790,2026-04-08T04:32:36.79914+00:00
265856,UACN,2025-10-24,70.0,,,70.0,984619,2026-04-08T04:32:39.249323+00:00
265975,UACN,2025-10-28,71.1,,,71.1,1158599,2026-04-08T04:32:44.921336+00:00
266094,UACN,2025-10-29,71.1,,,71.1,435245,2026-04-08T04:32:47.450266+00:00
266213,UACN,2025-10-30,66.5,,,66.5,2334457,2026-04-08T04:32:49.91761+00:00
266332,UACN,2025-10-31,66.5,,,66.5,2139061,2026-04-08T04:32:52.375955+00:00
266451,UACN,2025-11-03,65.0,,,65.0,3304166,2026-04-08T04:32:57.290654+00:00
266570,UACN,2025-11-04,65.0,,,65.0,16658087,2026-04-08T04:32:59.739678+00:00
266689,UACN,2025-11-05,60.0,,,60.0,8003162,2026-04-08T04:33:02.152799+00:00
266808,UACN,2025-11-06,60.0,,,60.0,2265257,2026-04-08T04:33:04.646202+00:00
266927,UACN,2025-11-07,60.0,,,60.0,518987,2026-04-08T04:33:07.145499+00:00
267046,UACN,2025-11-10,60.0,,,60.0,337655,2026-04-08T04:33:11.744122+00:00
267165,UACN,2025-11-11,60.0,,,60.0,2521496,2026-04-08T04:33:14.17228+00:00
267284,UACN,2025-11-12,60.0,,,60.0,22573731,2026-04-08T04:33:16.719178+00:00
267403,UACN,2025-11-13,60.0,,,60.0,1391801,2026-04-08T04:33:19.052814+00:00
267522,UACN,2025-11-14,60.0,,,60.0,1240165,2026-04-08T04:33:21.762061+00:00
267641,UACN,2025-11-17,58.1,,,58.1,5275994,2026-04-08T04:33:26.271116+00:00
267760,UACN,2025-11-18,63.05,,,63.05,6877125,2026-04-08T04:33:29.067053+00:00
267879,UACN,2025-11-19,68.3,,,68.3,2194395,2026-04-08T04:33:31.487527+00:00
267998,UACN,2025-11-20,68.3,,,68.3,1215730,2026-04-08T04:33:33.887172+00:00
268117,UACN,2025-11-21,70.0,,,70.0,74371423,2026-04-08T04:33:36.654129+00:00
268236,UACN,2025-11-24,71.1,,,71.1,4410812,2026-04-08T04:33:41.368891+00:00
268355,UACN,2025-11-25,76.2,,,76.2,1425110,2026-04-08T04:33:44.004166+00:00
268474,UACN,2025-11-26,76.5,,,76.5,1350087,2026-04-08T04:33:46.260048+00:00
268593,UACN,2025-11-27,76.5,,,76.5,1122346,2026-04-08T04:33:48.488035+00:00
268712,UACN,2025-11-28,78.9,,,78.9,848919,2026-04-08T04:33:50.826192+00:00
268831,UACN,2025-12-01,77.6,,,77.6,1447725,2026-04-08T04:33:55.236541+00:00
268950,UACN,2025-12-02,78.0,,,78.0,1062205,2026-04-08T04:33:57.748335+00:00
269069,UACN,2025-12-03,80.0,,,80.0,1469340,2026-04-08T04:34:00.349419+00:00
269188,UACN,2025-12-04,88.0,,,88.0,1303883,2026-04-08T04:34:03.142475+00:00
269307,UACN,2025-12-05,96.8,,,96.8,2723937,2026-04-08T04:34:05.808951+00:00
269426,UACN,2025-12-08,96.8,,,96.8,1199518,2026-04-08T04:34:10.334331+00:00
269545,UACN,2025-12-09,88.0,,,88.0,1511809,2026-04-08T04:34:12.926221+00:00
269664,UACN,2025-12-10,80.8,,,80.8,635473,2026-04-08T04:34:15.295879+00:00
269783,UACN,2025-12-11,80.8,,,80.8,492341,2026-04-08T04:34:17.804745+00:00
269902,UACN,2025-12-12,83.0,,,83.0,474475,2026-04-08T04:34:20.615101+00:00
270021,UACN,2025-12-15,83.0,,,83.0,3419333,2026-04-08T04:34:25.240467+00:00
270140,UACN,2025-12-16,83.0,,,83.0,670315,2026-04-08T04:34:27.867795+00:00
270259,UACN,2025-12-18,87.75,,,87.75,365357,2026-04-08T04:34:31.321522+00:00
270378,UACN,2025-12-19,87.75,,,87.75,850364,2026-04-08T04:34:33.771022+00:00
270497,UACN,2025-12-22,87.75,,,87.75,359151,2026-04-08T04:34:38.115277+00:00
270616,UACN,2025-12-23,87.75,,,87.75,6663165,2026-04-08T04:34:40.661369+00:00
270735,UACN,2025-12-24,87.75,,,87.75,287678,2026-04-08T04:34:43.221402+00:00
270854,UACN,2025-12-29,92.0,,,92.0,1242442,2026-04-08T04:34:48.902152+00:00
270973,UACN,2025-12-30,91.0,,,91.0,1530902,2026-04-08T04:34:51.359097+00:00
271092,UACN,2025-12-31,91.0,,,91.0,1081524,2026-04-08T04:34:53.061316+00:00
271211,UACN,2026-01-02,91.0,,,91.0,227196,2026-04-08T04:34:56.467348+00:00
271330,UACN,2026-01-05,91.0,,,91.0,704591,2026-04-08T04:35:01.008466+00:00
271449,UACN,2026-01-06,96.0,,,96.0,981485,2026-04-08T04:35:03.366972+00:00
271568,UACN,2026-01-07,96.0,,,96.0,1227145,2026-04-08T04:35:05.819661+00:00
271687,UACN,2026-01-08,96.0,,,96.0,194616,2026-04-08T04:35:08.163488+00:00
271806,UACN,2026-01-09,91.8,,,91.8,405633,2026-04-08T04:35:10.591402+00:00
271925,UACN,2026-01-12,91.8,,,91.8,379750,2026-04-08T04:35:15.220756+00:00
272044,UACN,2026-01-13,92.3,,,92.3,494816,2026-04-08T04:35:17.864544+00:00
272163,UACN,2026-01-14,92.3,,,92.3,712322,2026-04-08T04:35:20.278959+00:00
272282,UACN,2026-01-15,92.3,,,92.3,322903,2026-04-08T04:35:23.159853+00:00
272401,UACN,2026-01-16,92.3,,,92.3,1333331,2026-04-08T04:35:25.571119+00:00
272520,UACN,2026-01-19,92.3,,,92.3,983671,2026-04-08T04:35:30.272746+00:00
272639,UACN,2026-01-20,92.3,,,92.3,587427,2026-04-08T04:35:32.536083+00:00
272759,UACN,2026-01-21,92.3,,,92.3,303997,2026-04-08T04:35:34.90344+00:00
272879,UACN,2026-01-22,92.5,,,92.5,15576992,2026-04-08T04:35:36.566163+00:00
272999,UACN,2026-01-23,92.5,,,92.5,418646,2026-04-08T04:35:38.92405+00:00
273119,UACN,2026-01-26,92.5,,,92.5,245717,2026-04-08T04:35:43.383975+00:00
273239,UACN,2026-01-27,92.5,,,92.5,238213,2026-04-08T04:35:45.70946+00:00
273359,UACN,2026-01-28,92.5,,,92.5,208243,2026-04-08T04:35:48.193808+00:00
273479,UACN,2026-01-29,92.5,,,92.5,815695,2026-04-08T04:35:50.479528+00:00
273599,UACN,2026-01-30,92.5,,,92.5,403990,2026-04-08T04:35:52.855058+00:00
273719,UACN,2026-02-02,92.5,,,92.5,1435789,2026-04-08T04:35:57.524813+00:00
273839,UACN,2026-02-03,92.5,,,92.5,585957,2026-04-08T04:36:00.137559+00:00
273959,UACN,2026-02-04,92.5,,,92.5,455561,2026-04-08T04:36:02.592569+00:00
274079,UACN,2026-02-05,92.5,,,92.5,837035,2026-04-08T04:36:04.997535+00:00
274199,UACN,2026-02-06,90.4,,,90.4,1629606,2026-04-08T04:36:07.533957+00:00
130,UACN,2026-02-08,,,,90.4,1629606,2026-02-08T00:18:13.946+00:00
274319,UACN,2026-02-09,90.4,,,90.4,1140864,2026-04-08T04:36:12.456447+00:00
274439,UACN,2026-02-10,92.6,,,92.6,2431596,2026-04-08T04:36:14.818506+00:00
274559,UACN,2026-02-11,92.1,,,92.1,3929816,2026-04-08T04:36:17.460702+00:00
189,UACN,2026-02-12,92.0,,,92.0,897032,2026-02-12T09:23:47.73699+00:00
274799,UACN,2026-02-13,92.0,,,92.0,1457741,2026-04-08T04:36:22.38356+00:00
274919,UACN,2026-02-16,92.5,,,92.5,6177387,2026-04-08T04:36:26.879081+00:00
275039,UACN,2026-02-17,97.0,,,97.0,1977891,2026-04-08T04:36:29.440312+00:00
275159,UACN,2026-02-18,96.3,,,96.3,5377092,2026-04-08T04:36:31.166521+00:00
275279,UACN,2026-02-19,99.0,,,99.0,817708,2026-04-08T04:36:33.575564+00:00
623,UACN,2026-02-20,105.95,,,105.95,2480121,2026-02-20T23:15:44.934622+00:00
771,UACN,2026-02-23,105.95,,,105.95,763893,2026-02-23T07:00:01.990412+00:00
919,UACN,2026-02-24,105.95,,,105.95,508983,2026-02-24T07:00:01.929914+00:00
1067,UACN,2026-02-25,100.0,,,100.0,1245695,2026-02-25T07:00:01.953057+00:00
1215,UACN,2026-02-26,100.0,,,100.0,148077,2026-02-26T07:00:01.915173+00:00
1903,UACN,2026-02-27,96.0,,,96.0,2428558,2026-02-27T07:00:02.056517+00:00
2784,UACN,2026-02-28,96.0,,,96.0,2428558,2026-02-28T18:00:03.453641+00:00
2932,UACN,2026-03-01,96.0,,,96.0,2428558,2026-03-01T18:00:03.821122+00:00
3080,UACN,2026-03-02,97.0,,,97.0,2815591,2026-03-02T07:00:01.981706+00:00
4044,UACN,2026-03-03,106.7,,,106.7,2781266,2026-03-03T07:00:01.858909+00:00
5481,UACN,2026-03-04,115.0,,,115.0,7692637,2026-03-04T07:00:02.010027+00:00
7199,UACN,2026-03-05,115.8,,,115.8,2686076,2026-03-05T07:00:02.0033+00:00
9715,UACN,2026-03-06,115.8,,,115.8,457472,2026-03-06T07:00:02.033178+00:00
11373,UACN,2026-03-07,115.8,,,115.8,457472,2026-03-07T18:00:06.285951+00:00
11521,UACN,2026-03-08,115.8,,,115.8,457472,2026-03-08T18:00:03.574352+00:00
11669,UACN,2026-03-09,115.8,,,115.8,312461,2026-03-09T07:00:02.016534+00:00
14185,UACN,2026-03-10,115.8,,,115.8,1820791,2026-03-10T07:00:03.966079+00:00
16025,UACN,2026-03-11,104.25,,,104.25,1179285,2026-03-11T07:00:02.147117+00:00
17741,UACN,2026-03-12,102.5,,,102.5,782119,2026-03-12T07:00:02.06753+00:00
20257,UACN,2026-03-13,102.5,,,102.5,260482,2026-03-13T07:00:01.993197+00:00
23703,UACN,2026-03-16,100.0,,,100.0,982595,2026-03-16T08:30:01.80086+00:00
25534,UACN,2026-03-17,100.5,,,100.5,622807,2026-03-17T08:30:01.70448+00:00
27397,UACN,2026-03-18,99.0,,,99.0,1913451,2026-03-18T08:30:01.732403+00:00
33211,UACN,2026-03-23,99.0,,,99.0,996496,2026-03-23T08:30:01.705825+00:00
34789,UACN,2026-03-24,99.0,,,99.0,294695,2026-03-24T15:00:01.978259+00:00
34937,UACN,2026-03-25,99.0,,,99.0,298900,2026-03-25T15:00:01.528164+00:00
35085,UACN,2026-03-26,99.0,,,99.0,182661,2026-03-26T15:00:01.955832+00:00
35233,UACN,2026-03-27,99.0,,,99.0,61358,2026-03-27T15:00:02.114662+00:00
278159,UACN,2026-03-30,99.0,,,99.0,411770,2026-04-08T04:37:47.74327+00:00
35381,UACN,2026-03-31,99.0,,,99.0,274765,2026-03-31T15:00:02.085058+00:00
278399,UACN,2026-04-01,99.0,,,99.0,262783,2026-04-08T04:37:52.684906+00:00
35529,UACN,2026-04-02,99.0,,,99.0,401361,2026-04-02T15:00:01.864809+00:00
35973,UACN,2026-04-07,99.0,,,99.0,327103,2026-04-07T15:00:01.949344+00:00
278870,UACN,2026-04-08,99.0,,,99.0,550746,2026-04-08T15:00:01.943007+00:00
279017,UACN,2026-04-09,99.0,,,99.0,275771,2026-04-09T15:00:02.085141+00:00
279163,UACN,2026-04-10,105.0,,,105.0,755836,2026-04-10T15:00:01.352272+00:00
279309,UACN,2026-04-13,105.0,,,105.0,517253,2026-04-13T15:00:02.021173+00:00
279455,UACN,2026-04-14,105.0,,,105.0,793264,2026-04-14T15:00:02.477878+00:00
279601,UACN,2026-04-15,100.0,,,100.0,2509495,2026-04-15T15:00:02.184222+00:00
279747,UACN,2026-04-16,100.0,,,100.0,475812,2026-04-16T15:00:02.07143+00:00
279893,UACN,2026-04-17,100.0,,,100.0,985900,2026-04-17T15:00:02.06245+00:00
280039,UACN,2026-04-20,102.0,,,102.0,1226131,2026-04-20T15:00:01.862344+00:00
280185,UACN,2026-04-21,110.0,,,110.0,1835153,2026-04-21T15:00:02.189846+00:00
280331,UACN,2026-04-22,121.0,,,121.0,1240757,2026-04-22T15:00:02.200159+00:00
280477,UACN,2026-04-23,133.1,,,133.1,3278751,2026-04-23T15:00:02.125151+00:00
280623,UACN,2026-04-24,142.0,,,142.0,7509061,2026-04-24T15:00:02.20649+00:00
280769,UACN,2026-04-27,142.0,,,142.0,887918,2026-04-27T15:00:02.034997+00:00
280915,UACN,2026-04-28,142.0,,,142.0,1762049,2026-04-28T15:00:01.918241+00:00
281061,UACN,2026-04-29,165.0,,,165.0,9698206,2026-04-29T15:00:02.672724+00:00
281207,UACN,2026-04-30,181.5,,,181.5,3563686,2026-04-30T15:00:02.170664+00:00
281499,UACN,2026-05-04,190.0,,,190.0,4360908,2026-05-04T15:00:02.156928+00:00
281645,UACN,2026-05-05,190.0,,,190.0,706110,2026-05-05T15:00:01.930748+00:00
281791,UACN,2026-05-06,190.0,,,190.0,1125892,2026-05-06T15:00:01.919787+00:00
281937,UACN,2026-05-07,190.0,,,190.0,1019734,2026-05-07T15:00:01.995523+00:00
282083,UACN,2026-05-08,171.0,,,171.0,1785026,2026-05-08T15:00:02.118161+00:00
282229,UACN,2026-05-11,171.0,,,171.0,796884,2026-05-11T15:00:02.243132+00:00
282375,UACN,2026-05-12,185.35,,,185.35,2313555,2026-05-12T15:00:02.325735+00:00
282521,UACN,2026-05-13,200.0,,,200.0,6419195,2026-05-13T15:00:01.887561+00:00
282667,UACN,2026-05-14,199.95,,,199.95,2333079,2026-05-14T15:00:01.952989+00:00
282813,UACN,2026-05-15,199.95,,,199.95,2081336,2026-05-15T15:00:01.871578+00:00
282959,UACN,2026-05-18,180.05,,,180.05,3991564,2026-05-18T15:00:01.868607+00:00
283105,UACN,2026-05-19,190.0,,,190.0,2753318,2026-05-19T15:00:01.863653+00:00
283251,UACN,2026-05-20,183.0,,,183.0,10048752,2026-05-20T15:00:01.871845+00:00
283397,UACN,2026-05-21,189.95,,,189.95,1087730,2026-05-21T15:00:01.939198+00:00
283543,UACN,2026-05-22,189.95,,,189.95,540265,2026-05-22T15:00:02.031345+00:00
283689,UACN,2026-05-25,183.0,,,183.0,2084127,2026-05-25T15:00:01.979384+00:00
283835,UACN,2026-05-26,183.0,,,183.0,1165903,2026-05-26T15:00:01.996051+00:00
284273,UACN,2026-05-29,183.0,,,183.0,1562604,2026-05-29T15:00:02.455558+00:00
284419,UACN,2026-06-01,183.0,,,183.0,400860,2026-06-01T15:00:02.603507+00:00
284565,UACN,2026-06-02,183.0,,,183.0,434305,2026-06-02T15:00:02.980523+00:00
284711,UACN,2026-06-03,183.0,,,183.0,391721,2026-06-03T15:00:03.023028+00:00
284857,UACN,2026-06-04,174.9,,,174.9,1830049,2026-06-04T15:00:03.321931+00:00
285003,UACN,2026-06-05,180.7,,,180.7,330700,2026-06-05T15:00:03.073061+00:00
285149,UACN,2026-06-08,184.5,,,184.5,2578981,2026-06-08T15:00:03.135386+00:00
285295,UACN,2026-06-09,183.95,,,183.95,798066,2026-06-09T15:00:03.53749+00:00
285441,UACN,2026-06-10,188.85,,,188.85,1234424,2026-06-10T15:10:03.084397+00:00
285879,UACN,2026-06-11,182.0,,,182.0,889649,2026-06-11T15:10:02.991492+00:00
287631,UACN,2026-06-15,181.0,,,181.0,308966,2026-06-15T15:10:02.896252+00:00
288507,UACN,2026-06-16,185.0,,,185.0,49371071,2026-06-16T15:10:02.87997+00:00
289383,UACN,2026-06-17,185.0,,,185.0,4815688,2026-06-17T15:10:02.980097+00:00
289821,UACN,2026-06-18,185.0,,,185.0,455085,2026-06-18T15:10:02.932064+00:00
290405,UACN,2026-06-19,185.0,,,185.0,1455191,2026-06-19T15:10:02.959085+00:00
291135,UACN,2026-06-22,185.0,,,185.0,547085,2026-06-22T15:10:03.140564+00:00
291719,UACN,2026-06-23,185.0,,,185.0,4809138,2026-06-23T15:10:03.017319+00:00
292303,UACN,2026-06-24,185.0,,,185.0,998311,2026-06-24T15:10:03.053149+00:00
292887,UACN,2026-06-25,185.0,,,185.0,191456,2026-06-25T15:10:02.973562+00:00
293325,UACN,2026-06-26,185.0,,,185.0,348378,2026-06-26T15:10:03.012808+00:00
293763,UACN,2026-06-29,185.0,,,185.0,2388324,2026-06-29T15:10:03.028054+00:00
294201,UACN,2026-06-30,185.0,,,185.0,678578,2026-06-30T15:10:03.08168+00:00
294639,UACN,2026-07-01,185.0,,,185.0,998144,2026-07-01T15:10:03.133226+00:00
295077,UACN,2026-07-02,185.0,,,185.0,556843,2026-07-02T15:10:03.065554+00:00
295515,UACN,2026-07-03,185.0,,,185.0,1097540,2026-07-03T15:10:03.019266+00:00
295953,UACN,2026-07-06,185.0,,,185.0,940182,2026-07-06T15:10:03.100823+00:00
296391,UACN,2026-07-07,185.0,,,185.0,824387,2026-07-07T15:10:03.687653+00:00
296829,UACN,2026-07-08,183.0,,,183.0,1447875,2026-07-08T15:10:02.922872+00:00
297268,UACN,2026-07-09,183.0,,,183.0,1612258,2026-07-09T15:10:03.041812+00:00
297706,UACN,2026-07-10,184.95,,,184.95,1085020,2026-07-10T15:10:03.284445+00:00
298144,UACN,2026-07-13,199.95,,,199.95,1592552,2026-07-13T15:10:02.995074+00:00
298582,UACN,2026-07-14,199.95,,,199.95,657645,2026-07-14T15:10:03.094441+00:00
299020,UACN,2026-07-15,199.95,,,199.95,237735,2026-07-15T15:10:03.078609+00:00
299458,UACN,2026-07-16,199.95,,,199.95,1118997,2026-07-16T15:10:03.113936+00:00
299896,UACN,2026-07-17,199.95,,,199.95,458963,2026-07-17T15:10:03.053983+00:00
