id,symbol,trade_date,open_price,high_price,low_price,close_price,volume,created_at
42829,UCAP,2017-01-03,2.81,,,2.81,7937852,2026-04-08T02:41:25.765521+00:00
43389,UCAP,2017-01-04,2.89,,,2.89,6707200,2026-04-08T02:42:20.164398+00:00
43499,UCAP,2017-01-05,2.88,,,2.88,11036822,2026-04-08T02:42:22.380516+00:00
43609,UCAP,2017-01-06,3.02,,,3.02,8993317,2026-04-08T02:42:23.84796+00:00
43699,UCAP,2017-01-09,3.31,,,3.31,19658337,2026-04-08T02:42:26.938159+00:00
43809,UCAP,2017-01-10,3.21,,,3.21,23148715,2026-04-08T02:42:29.227202+00:00
43919,UCAP,2017-01-11,3.25,,,3.25,11148145,2026-04-08T02:42:30.799441+00:00
44009,UCAP,2017-01-12,3.22,,,3.22,12044654,2026-04-08T02:42:32.390658+00:00
44139,UCAP,2017-01-13,3.31,,,3.31,10991583,2026-04-08T02:42:34.853543+00:00
44229,UCAP,2017-01-16,3.36,,,3.36,6394854,2026-04-08T02:42:38.72803+00:00
44339,UCAP,2017-01-17,3.5,,,3.5,9766204,2026-04-08T02:42:41.056228+00:00
44449,UCAP,2017-01-18,3.39,,,3.39,30246287,2026-04-08T02:42:42.795307+00:00
44539,UCAP,2017-01-19,3.35,,,3.35,24129099,2026-04-08T02:42:44.39781+00:00
44649,UCAP,2017-01-20,3.34,,,3.34,24993092,2026-04-08T02:42:46.643743+00:00
44759,UCAP,2017-01-23,3.34,,,3.34,3462801,2026-04-08T02:42:49.827664+00:00
44869,UCAP,2017-01-24,3.33,,,3.33,22431987,2026-04-08T02:42:51.574002+00:00
44959,UCAP,2017-01-25,3.38,,,3.38,3147077,2026-04-08T02:42:54.05787+00:00
45069,UCAP,2017-01-26,3.45,,,3.45,4841413,2026-04-08T02:42:55.759+00:00
45179,UCAP,2017-01-27,3.44,,,3.44,11733672,2026-04-08T02:42:57.462271+00:00
45289,UCAP,2017-01-30,3.49,,,3.49,3888639,2026-04-08T02:43:00.905282+00:00
45399,UCAP,2017-01-31,3.5,,,3.5,10116003,2026-04-08T02:43:03.07753+00:00
45509,UCAP,2017-02-01,3.49,,,3.49,9469292,2026-04-08T02:43:04.619173+00:00
45599,UCAP,2017-02-02,3.5,,,3.5,9059786,2026-04-08T02:43:06.209007+00:00
45709,UCAP,2017-02-03,3.55,,,3.55,4719866,2026-04-08T02:43:08.490666+00:00
45819,UCAP,2017-02-06,3.72,,,3.72,11500002,2026-04-08T02:43:11.037852+00:00
45929,UCAP,2017-02-07,3.71,,,3.71,3150208,2026-04-08T02:43:12.662822+00:00
46019,UCAP,2017-02-08,3.61,,,3.61,2352928,2026-04-08T02:43:14.224877+00:00
46130,UCAP,2017-02-09,3.5,,,3.5,1474358,2026-04-08T02:43:16.408746+00:00
46241,UCAP,2017-02-10,3.55,,,3.55,2396941,2026-04-08T02:43:18.597686+00:00
46333,UCAP,2017-02-13,3.5,,,3.5,4829613,2026-04-08T02:43:22.775561+00:00
46445,UCAP,2017-02-14,3.55,,,3.55,2794847,2026-04-08T02:43:24.286485+00:00
46557,UCAP,2017-02-15,3.7,,,3.7,8474959,2026-04-08T02:43:26.422065+00:00
46669,UCAP,2017-02-16,3.69,,,3.69,10630904,2026-04-08T02:43:28.597754+00:00
46761,UCAP,2017-02-17,3.82,,,3.82,61964088,2026-04-08T02:43:31.044717+00:00
49429,UCAP,2017-02-20,3.8,,,3.8,16699201,2026-04-08T02:51:00.639833+00:00
49521,UCAP,2017-02-21,3.7,,,3.7,18988772,2026-04-08T02:51:03.098475+00:00
46853,UCAP,2017-02-22,3.52,,,3.52,14075839,2026-04-08T02:44:33.152084+00:00
46945,UCAP,2017-02-23,3.5,,,3.5,17102610,2026-04-08T02:44:35.448225+00:00
47037,UCAP,2017-02-24,3.67,,,3.67,13116860,2026-04-08T02:44:37.781529+00:00
47129,UCAP,2017-02-27,3.57,,,3.57,12045538,2026-04-08T02:44:42.101817+00:00
47221,UCAP,2017-02-28,3.53,,,3.53,15691732,2026-04-08T02:44:45.006295+00:00
47313,UCAP,2017-03-01,3.46,,,3.46,22620098,2026-04-08T02:44:47.332471+00:00
47405,UCAP,2017-03-02,3.4,,,3.4,22563355,2026-04-08T02:44:49.657807+00:00
47497,UCAP,2017-03-03,2.85,,,2.85,6580013,2026-04-08T02:44:51.301699+00:00
47589,UCAP,2017-03-06,2.72,,,2.72,12375473,2026-04-08T02:44:56.024588+00:00
47681,UCAP,2017-03-07,2.66,,,2.66,13401072,2026-04-08T02:44:58.263872+00:00
47773,UCAP,2017-03-08,2.45,,,2.45,6200404,2026-04-08T02:44:59.957789+00:00
47865,UCAP,2017-03-09,2.41,,,2.41,14767278,2026-04-08T02:45:01.661944+00:00
47957,UCAP,2017-03-10,2.42,,,2.42,2976803,2026-04-08T02:45:03.96312+00:00
48049,UCAP,2017-03-13,2.57,,,2.57,3620335,2026-04-08T02:45:08.663664+00:00
48141,UCAP,2017-03-14,2.69,,,2.69,4767255,2026-04-08T02:45:11.088473+00:00
48233,UCAP,2017-03-15,2.82,,,2.82,11170851,2026-04-08T02:45:12.861206+00:00
48325,UCAP,2017-03-16,2.9,,,2.9,10721128,2026-04-08T02:45:15.084197+00:00
48417,UCAP,2017-03-17,2.8,,,2.8,6766423,2026-04-08T02:45:17.543831+00:00
48509,UCAP,2017-03-20,2.66,,,2.66,12868675,2026-04-08T02:45:21.873889+00:00
48601,UCAP,2017-03-21,2.71,,,2.71,1148471,2026-04-08T02:45:25.078347+00:00
48693,UCAP,2017-03-22,2.65,,,2.65,5152868,2026-04-08T02:45:26.626215+00:00
48785,UCAP,2017-03-23,2.7,,,2.7,3200628,2026-04-08T02:45:28.377346+00:00
48877,UCAP,2017-03-24,2.7,,,2.7,3137043,2026-04-08T02:45:30.775015+00:00
48969,UCAP,2017-03-27,2.66,,,2.66,682708,2026-04-08T02:45:34.704999+00:00
49061,UCAP,2017-03-28,2.75,,,2.75,3277803,2026-04-08T02:45:36.347457+00:00
49153,UCAP,2017-03-29,2.81,,,2.81,4770202,2026-04-08T02:45:38.731306+00:00
49245,UCAP,2017-03-30,2.83,,,2.83,2409362,2026-04-08T02:45:40.513553+00:00
49337,UCAP,2017-03-31,2.81,,,2.81,4964089,2026-04-08T02:45:42.281198+00:00
49613,UCAP,2017-04-03,2.9,,,2.9,2848416,2026-04-08T02:51:07.481095+00:00
49705,UCAP,2017-04-04,2.98,,,2.98,5701632,2026-04-08T02:51:09.86923+00:00
49797,UCAP,2017-04-05,2.99,,,2.99,4585857,2026-04-08T02:51:12.308135+00:00
49889,UCAP,2017-04-06,2.9,,,2.9,23893428,2026-04-08T02:51:14.846493+00:00
49981,UCAP,2017-04-07,2.88,,,2.88,1368031,2026-04-08T02:51:17.320635+00:00
50072,UCAP,2017-04-10,2.95,,,2.95,2126548,2026-04-08T02:51:21.583607+00:00
50163,UCAP,2017-04-11,2.81,,,2.81,3783974,2026-04-08T02:51:23.796131+00:00
50254,UCAP,2017-04-12,2.82,,,2.82,1511997,2026-04-08T02:51:26.28287+00:00
50345,UCAP,2017-04-13,2.84,,,2.84,1173513,2026-04-08T02:51:28.606475+00:00
50436,UCAP,2017-04-18,2.9,,,2.9,3447422,2026-04-08T02:51:35.070654+00:00
50527,UCAP,2017-04-19,2.8,,,2.8,8175917,2026-04-08T02:51:37.390681+00:00
50618,UCAP,2017-04-20,2.75,,,2.75,3950201,2026-04-08T02:51:39.751187+00:00
50709,UCAP,2017-04-21,2.73,,,2.73,4380226,2026-04-08T02:51:42.059234+00:00
50800,UCAP,2017-04-24,2.75,,,2.75,2811150,2026-04-08T02:51:46.271638+00:00
50891,UCAP,2017-04-25,2.8,,,2.8,3717714,2026-04-08T02:51:48.506234+00:00
50982,UCAP,2017-04-26,2.86,,,2.86,4369220,2026-04-08T02:51:50.787758+00:00
51073,UCAP,2017-04-27,2.87,,,2.87,5086497,2026-04-08T02:51:53.168104+00:00
51164,UCAP,2017-04-28,2.87,,,2.87,2463552,2026-04-08T02:51:55.619599+00:00
51255,UCAP,2017-05-02,2.87,,,2.87,1711620,2026-04-08T02:52:01.291461+00:00
51346,UCAP,2017-05-03,2.85,,,2.85,9598479,2026-04-08T02:52:03.619408+00:00
51437,UCAP,2017-05-04,2.8,,,2.8,4628731,2026-04-08T02:52:06.041901+00:00
51528,UCAP,2017-05-05,2.88,,,2.88,7376722,2026-04-08T02:52:08.320033+00:00
51619,UCAP,2017-05-08,2.85,,,2.85,3032217,2026-04-08T02:52:12.828428+00:00
51710,UCAP,2017-05-09,2.88,,,2.88,6081111,2026-04-08T02:52:15.102333+00:00
51801,UCAP,2017-05-10,3.02,,,3.02,11381779,2026-04-08T02:52:17.709352+00:00
51892,UCAP,2017-05-11,3.0,,,3.0,14934695,2026-04-08T02:52:19.900179+00:00
51983,UCAP,2017-05-12,2.94,,,2.94,3127663,2026-04-08T02:52:22.170941+00:00
52075,UCAP,2017-05-15,2.99,,,2.99,3694488,2026-04-08T02:52:26.563035+00:00
52167,UCAP,2017-05-16,2.9,,,2.9,4395957,2026-04-08T02:52:28.807233+00:00
52259,UCAP,2017-05-17,2.97,,,2.97,3196295,2026-04-08T02:52:31.099411+00:00
52351,UCAP,2017-05-18,3.05,,,3.05,2817951,2026-04-08T02:52:33.303088+00:00
52443,UCAP,2017-05-19,3.0,,,3.0,3862475,2026-04-08T02:52:35.640534+00:00
52535,UCAP,2017-05-22,3.0,,,3.0,3270023,2026-04-08T02:52:39.854932+00:00
52627,UCAP,2017-05-23,3.03,,,3.03,9496757,2026-04-08T02:52:42.264162+00:00
52719,UCAP,2017-05-24,3.12,,,3.12,4352487,2026-04-08T02:52:44.613941+00:00
52811,UCAP,2017-05-25,3.25,,,3.25,11541711,2026-04-08T02:52:46.963191+00:00
52903,UCAP,2017-05-26,3.23,,,3.23,9765941,2026-04-08T02:52:49.347152+00:00
52995,UCAP,2017-05-30,3.24,,,3.24,6157207,2026-04-08T02:52:54.942696+00:00
53087,UCAP,2017-05-31,3.2,,,3.2,4678761,2026-04-08T02:52:57.421655+00:00
53179,UCAP,2017-06-01,3.2,,,3.2,3127547,2026-04-08T02:52:59.649981+00:00
53271,UCAP,2017-06-02,3.4,,,3.4,9180710,2026-04-08T02:53:02.056444+00:00
53363,UCAP,2017-06-05,3.39,,,3.39,6612239,2026-04-08T02:53:06.428901+00:00
53455,UCAP,2017-06-06,3.32,,,3.32,6817005,2026-04-08T02:53:08.604609+00:00
53547,UCAP,2017-06-07,3.25,,,3.25,6840297,2026-04-08T02:53:10.833265+00:00
53639,UCAP,2017-06-08,3.41,,,3.41,11181035,2026-04-08T02:53:13.196386+00:00
53731,UCAP,2017-06-09,3.4,,,3.4,8319896,2026-04-08T02:53:15.53674+00:00
53823,UCAP,2017-06-12,3.25,,,3.25,7358351,2026-04-08T02:53:19.709801+00:00
53915,UCAP,2017-06-13,3.3,,,3.3,6887797,2026-04-08T02:53:22.046011+00:00
54007,UCAP,2017-06-14,3.3,,,3.3,10297634,2026-04-08T02:53:24.253383+00:00
54099,UCAP,2017-06-15,3.29,,,3.29,14881885,2026-04-08T02:53:26.527181+00:00
54191,UCAP,2017-06-16,3.21,,,3.21,3259712,2026-04-08T02:53:28.80273+00:00
54283,UCAP,2017-06-19,3.24,,,3.24,12549272,2026-04-08T02:53:33.036647+00:00
54375,UCAP,2017-06-20,3.28,,,3.28,6105892,2026-04-08T02:53:35.524675+00:00
54467,UCAP,2017-06-21,3.2,,,3.2,10220604,2026-04-08T02:53:37.865913+00:00
54559,UCAP,2017-06-22,3.13,,,3.13,3186059,2026-04-08T02:53:40.094955+00:00
54651,UCAP,2017-06-23,3.2,,,3.2,6181366,2026-04-08T02:53:42.493578+00:00
54743,UCAP,2017-06-28,3.1,,,3.1,2146917,2026-04-08T02:53:49.135881+00:00
54835,UCAP,2017-06-29,3.25,,,3.25,3073351,2026-04-08T02:53:51.51214+00:00
54927,UCAP,2017-06-30,3.26,,,3.26,1241952,2026-04-08T02:53:53.827964+00:00
55019,UCAP,2017-07-03,3.27,,,3.27,6141485,2026-04-08T02:53:58.279599+00:00
55111,UCAP,2017-07-04,3.11,,,3.11,5128357,2026-04-08T02:54:00.563227+00:00
55203,UCAP,2017-07-05,3.08,,,3.08,2821354,2026-04-08T02:54:02.831513+00:00
55295,UCAP,2017-07-06,3.14,,,3.14,1301662,2026-04-08T02:54:05.078114+00:00
55387,UCAP,2017-07-07,3.22,,,3.22,2247372,2026-04-08T02:54:07.286065+00:00
55479,UCAP,2017-07-10,3.35,,,3.35,6871576,2026-04-08T02:54:11.798817+00:00
55571,UCAP,2017-07-11,3.29,,,3.29,5052500,2026-04-08T02:54:14.116532+00:00
55661,UCAP,2017-07-12,3.05,,,3.05,30376330,2026-04-08T02:54:16.498015+00:00
55748,UCAP,2017-07-13,3.03,,,3.03,8324308,2026-04-08T02:54:18.840036+00:00
55837,UCAP,2017-07-14,3.15,,,3.15,2758046,2026-04-08T02:54:21.336813+00:00
55929,UCAP,2017-07-17,3.01,,,3.01,4506116,2026-04-08T02:54:25.561903+00:00
56021,UCAP,2017-07-18,3.0,,,3.0,8939902,2026-04-08T02:54:28.120242+00:00
56113,UCAP,2017-07-19,3.05,,,3.05,14192867,2026-04-08T02:54:30.645734+00:00
56205,UCAP,2017-07-20,3.01,,,3.01,3804566,2026-04-08T02:54:33.025266+00:00
56297,UCAP,2017-07-21,3.1,,,3.1,9288776,2026-04-08T02:54:35.480817+00:00
56389,UCAP,2017-07-24,3.06,,,3.06,2265337,2026-04-08T02:54:39.934321+00:00
56481,UCAP,2017-07-26,3.0,,,3.0,7647680,2026-04-08T02:54:43.20598+00:00
56573,UCAP,2017-07-27,3.02,,,3.02,7454328,2026-04-08T02:54:45.547579+00:00
56665,UCAP,2017-07-28,3.0,,,3.0,6198747,2026-04-08T02:54:47.918804+00:00
56757,UCAP,2017-07-31,3.01,,,3.01,14436320,2026-04-08T02:54:52.464984+00:00
56849,UCAP,2017-08-01,3.01,,,3.01,13737109,2026-04-08T02:54:54.790805+00:00
56941,UCAP,2017-08-02,3.13,,,3.13,3556239,2026-04-08T02:54:57.117603+00:00
57033,UCAP,2017-08-03,3.1,,,3.1,3039849,2026-04-08T02:54:59.3729+00:00
57125,UCAP,2017-08-04,3.15,,,3.15,4299969,2026-04-08T02:55:01.592641+00:00
57217,UCAP,2017-08-07,3.08,,,3.08,1439669,2026-04-08T02:55:06.418828+00:00
57309,UCAP,2017-08-08,3.1,,,3.1,2417431,2026-04-08T02:55:08.763983+00:00
57401,UCAP,2017-08-09,3.03,,,3.03,3364390,2026-04-08T02:55:11.057796+00:00
57493,UCAP,2017-08-10,3.04,,,3.04,1227415,2026-04-08T02:55:13.401484+00:00
57585,UCAP,2017-08-11,3.1,,,3.1,3318854,2026-04-08T02:55:15.670877+00:00
57677,UCAP,2017-08-14,3.06,,,3.06,2069946,2026-04-08T02:55:20.026285+00:00
57769,UCAP,2017-08-15,3.06,,,3.06,2239796,2026-04-08T02:55:22.633816+00:00
57861,UCAP,2017-08-16,3.03,,,3.03,1348609,2026-04-08T02:55:24.979188+00:00
57953,UCAP,2017-08-17,2.96,,,2.96,5739017,2026-04-08T02:55:27.3994+00:00
58045,UCAP,2017-08-18,3.0,,,3.0,3112488,2026-04-08T02:55:29.67842+00:00
58137,UCAP,2017-08-21,3.08,,,3.08,988950,2026-04-08T02:55:34.023067+00:00
58229,UCAP,2017-08-22,3.0,,,3.0,3778196,2026-04-08T02:55:36.334754+00:00
58321,UCAP,2017-08-23,3.15,,,3.15,7996696,2026-04-08T02:55:38.717606+00:00
58413,UCAP,2017-08-24,3.08,,,3.08,781118,2026-04-08T02:55:41.242089+00:00
58505,UCAP,2017-08-25,3.07,,,3.07,525396,2026-04-08T02:55:43.579232+00:00
58597,UCAP,2017-08-28,3.05,,,3.05,1078848,2026-04-08T02:55:48.020598+00:00
58689,UCAP,2017-08-29,3.03,,,3.03,1808397,2026-04-08T02:55:50.281022+00:00
58781,UCAP,2017-08-30,3.03,,,3.03,1217534,2026-04-08T02:55:52.499005+00:00
58873,UCAP,2017-08-31,3.05,,,3.05,435143,2026-04-08T02:55:54.947048+00:00
58965,UCAP,2017-09-05,3.05,,,3.05,3244299,2026-04-08T02:56:01.572419+00:00
59057,UCAP,2017-09-06,3.05,,,3.05,1427325,2026-04-08T02:56:03.885356+00:00
59149,UCAP,2017-09-07,2.95,,,2.95,7026306,2026-04-08T02:56:06.19045+00:00
59241,UCAP,2017-09-11,3.09,,,3.09,2225464,2026-04-08T02:56:11.370569+00:00
59333,UCAP,2017-09-12,3.0,,,3.0,2105610,2026-04-08T02:56:13.892416+00:00
59425,UCAP,2017-09-13,3.0,,,3.0,1643549,2026-04-08T02:56:16.312215+00:00
59517,UCAP,2017-09-14,3.0,,,3.0,852402,2026-04-08T02:56:18.601168+00:00
59609,UCAP,2017-09-15,3.0,,,3.0,1240701,2026-04-08T02:56:20.93666+00:00
59701,UCAP,2017-09-16,3.0,,,3.0,3259598,2026-04-08T02:56:23.148937+00:00
59793,UCAP,2017-09-19,2.98,,,2.98,3013723,2026-04-08T02:56:27.358465+00:00
59885,UCAP,2017-09-20,2.97,,,2.97,3305066,2026-04-08T02:56:29.683375+00:00
59977,UCAP,2017-09-21,2.98,,,2.98,1532315,2026-04-08T02:56:31.851594+00:00
60069,UCAP,2017-09-22,3.05,,,3.05,2455504,2026-04-08T02:56:34.007646+00:00
60161,UCAP,2017-09-25,3.0,,,3.0,2382416,2026-04-08T02:56:38.385386+00:00
60253,UCAP,2017-09-26,3.0,,,3.0,1030364,2026-04-08T02:56:40.657356+00:00
60345,UCAP,2017-09-27,2.97,,,2.97,3022872,2026-04-08T02:56:42.968732+00:00
60437,UCAP,2017-09-28,3.04,,,3.04,2008114,2026-04-08T02:56:45.128996+00:00
60529,UCAP,2017-09-29,3.03,,,3.03,2899619,2026-04-08T02:56:47.398677+00:00
60621,UCAP,2017-10-03,2.88,,,2.88,25179363,2026-04-08T02:56:52.779733+00:00
60713,UCAP,2017-10-04,2.95,,,2.95,2023224,2026-04-08T02:56:55.065177+00:00
60805,UCAP,2017-10-05,2.99,,,2.99,1271229,2026-04-08T02:56:57.377802+00:00
60897,UCAP,2017-10-06,3.06,,,3.06,4843065,2026-04-08T02:56:59.661092+00:00
60989,UCAP,2017-10-09,3.02,,,3.02,4995898,2026-04-08T02:57:04.043492+00:00
61081,UCAP,2017-10-10,3.06,,,3.06,3549371,2026-04-08T02:57:06.326055+00:00
61173,UCAP,2017-10-11,3.04,,,3.04,950758,2026-04-08T02:57:08.620281+00:00
61265,UCAP,2017-10-12,3.0,,,3.0,1752783,2026-04-08T02:57:10.950839+00:00
61357,UCAP,2017-10-13,3.04,,,3.04,1699603,2026-04-08T02:57:13.525709+00:00
61449,UCAP,2017-10-16,3.11,,,3.11,2160934,2026-04-08T02:57:17.895676+00:00
61541,UCAP,2017-10-17,3.12,,,3.12,1910236,2026-04-08T02:57:20.31307+00:00
61633,UCAP,2017-10-18,3.11,,,3.11,777077,2026-04-08T02:57:22.526226+00:00
61725,UCAP,2017-10-19,3.1,,,3.1,2890025,2026-04-08T02:57:24.865827+00:00
61817,UCAP,2017-10-20,3.1,,,3.1,403374,2026-04-08T02:57:27.091081+00:00
61909,UCAP,2017-10-23,3.02,,,3.02,1189390,2026-04-08T02:57:31.703062+00:00
62001,UCAP,2017-10-24,3.03,,,3.03,2300863,2026-04-08T02:57:34.020008+00:00
62093,UCAP,2017-10-25,3.1,,,3.1,3577299,2026-04-08T02:57:36.254878+00:00
62185,UCAP,2017-10-26,3.07,,,3.07,1376602,2026-04-08T02:57:38.639324+00:00
62277,UCAP,2017-10-27,3.04,,,3.04,1437064,2026-04-08T02:57:40.810349+00:00
62369,UCAP,2017-10-30,3.1,,,3.1,789583,2026-04-08T02:57:45.233404+00:00
62461,UCAP,2017-10-31,3.01,,,3.01,2433895,2026-04-08T02:57:47.538171+00:00
62553,UCAP,2017-11-01,3.1,,,3.1,2032900,2026-04-08T02:57:49.900698+00:00
62645,UCAP,2017-11-02,3.16,,,3.16,9553016,2026-04-08T02:57:52.192143+00:00
62737,UCAP,2017-11-03,3.16,,,3.16,4113381,2026-04-08T02:57:54.512232+00:00
62829,UCAP,2017-11-06,3.38,,,3.38,3536314,2026-04-08T02:57:59.23147+00:00
62921,UCAP,2017-11-07,3.29,,,3.29,4579597,2026-04-08T02:58:01.524363+00:00
63013,UCAP,2017-11-08,3.3,,,3.3,6190651,2026-04-08T02:58:03.79912+00:00
63105,UCAP,2017-11-09,3.3,,,3.3,3209916,2026-04-08T02:58:06.050925+00:00
63197,UCAP,2017-11-10,3.3,,,3.3,2028115,2026-04-08T02:58:08.423322+00:00
63289,UCAP,2017-11-13,3.25,,,3.25,2003234,2026-04-08T02:58:12.832851+00:00
63381,UCAP,2017-11-14,3.18,,,3.18,2990037,2026-04-08T02:58:15.182817+00:00
63473,UCAP,2017-11-15,3.2,,,3.2,1019624,2026-04-08T02:58:17.483941+00:00
63565,UCAP,2017-11-16,3.2,,,3.2,2047250,2026-04-08T02:58:19.932158+00:00
63657,UCAP,2017-11-17,3.21,,,3.21,1153113,2026-04-08T02:58:22.230505+00:00
63749,UCAP,2017-11-20,3.27,,,3.27,805255,2026-04-08T02:58:26.609741+00:00
63841,UCAP,2017-11-21,3.23,,,3.23,448894,2026-04-08T02:58:29.044371+00:00
63933,UCAP,2017-11-22,3.2,,,3.2,534945,2026-04-08T02:58:31.282092+00:00
64025,UCAP,2017-11-23,3.2,,,3.2,1155908,2026-04-08T02:58:33.589475+00:00
64117,UCAP,2017-11-24,3.2,,,3.2,694855,2026-04-08T02:58:35.965247+00:00
64209,UCAP,2017-11-27,3.26,,,3.26,1245588,2026-04-08T02:58:40.303262+00:00
64301,UCAP,2017-11-28,3.27,,,3.27,1224706,2026-04-08T02:58:42.596324+00:00
64393,UCAP,2017-11-29,3.3,,,3.3,5817011,2026-04-08T02:58:44.979081+00:00
64485,UCAP,2017-11-30,3.3,,,3.3,10910354,2026-04-08T02:58:47.226359+00:00
64577,UCAP,2017-12-04,3.43,,,3.43,6386286,2026-04-08T02:58:52.54699+00:00
64669,UCAP,2017-12-05,3.6,,,3.6,6661631,2026-04-08T02:58:54.773083+00:00
64761,UCAP,2017-12-06,3.47,,,3.47,21262527,2026-04-08T02:58:57.263783+00:00
64853,UCAP,2017-12-07,3.5,,,3.5,7707078,2026-04-08T02:58:59.55462+00:00
64945,UCAP,2017-12-08,3.5,,,3.5,6553545,2026-04-08T02:59:01.865905+00:00
65037,UCAP,2017-12-11,3.49,,,3.49,5280930,2026-04-08T02:59:06.715792+00:00
65129,UCAP,2017-12-12,3.49,,,3.49,4463653,2026-04-08T02:59:09.170602+00:00
65221,UCAP,2017-12-13,3.54,,,3.54,3484619,2026-04-08T02:59:11.522814+00:00
65313,UCAP,2017-12-14,3.51,,,3.51,4984669,2026-04-08T02:59:13.751616+00:00
65405,UCAP,2017-12-15,3.57,,,3.57,2466297,2026-04-08T02:59:16.016878+00:00
65497,UCAP,2017-12-18,3.57,,,3.57,2279337,2026-04-08T02:59:20.496704+00:00
65589,UCAP,2017-12-19,3.53,,,3.53,1008469,2026-04-08T02:59:22.691103+00:00
65681,UCAP,2017-12-20,3.55,,,3.55,3556325,2026-04-08T02:59:25.001427+00:00
65773,UCAP,2017-12-21,3.6,,,3.6,4389750,2026-04-08T02:59:27.554405+00:00
65865,UCAP,2017-12-22,3.63,,,3.63,2294503,2026-04-08T02:59:29.82771+00:00
65957,UCAP,2017-12-27,3.65,,,3.65,1314137,2026-04-08T02:59:36.63878+00:00
66049,UCAP,2017-12-28,3.69,,,3.69,2651199,2026-04-08T02:59:39.04539+00:00
66141,UCAP,2017-12-29,3.53,,,3.53,6048347,2026-04-08T02:59:41.445401+00:00
66233,UCAP,2018-01-02,3.7,,,3.7,5486991,2026-04-08T02:59:46.944851+00:00
66325,UCAP,2018-01-03,3.88,,,3.88,5371362,2026-04-08T02:59:49.25236+00:00
66417,UCAP,2018-01-04,4.07,,,4.07,7422146,2026-04-08T02:59:51.440942+00:00
66509,UCAP,2018-01-05,4.09,,,4.09,9874601,2026-04-08T02:59:53.632679+00:00
66601,UCAP,2018-01-08,4.15,,,4.15,4545231,2026-04-08T02:59:58.187375+00:00
66693,UCAP,2018-01-09,4.14,,,4.14,14572678,2026-04-08T03:00:00.526076+00:00
66785,UCAP,2018-01-10,4.2,,,4.2,16672421,2026-04-08T03:00:02.789006+00:00
66877,UCAP,2018-01-11,4.4,,,4.4,17133774,2026-04-08T03:00:05.007224+00:00
66969,UCAP,2018-01-12,4.38,,,4.38,19902447,2026-04-08T03:00:07.437621+00:00
67061,UCAP,2018-01-15,4.23,,,4.23,8936659,2026-04-08T03:00:11.967979+00:00
67153,UCAP,2018-01-16,4.37,,,4.37,14889639,2026-04-08T03:00:14.274869+00:00
67245,UCAP,2018-01-17,4.39,,,4.39,5752340,2026-04-08T03:00:16.592861+00:00
67337,UCAP,2018-01-18,4.3,,,4.3,13402569,2026-04-08T03:00:18.874572+00:00
67429,UCAP,2018-01-19,4.1,,,4.1,17602320,2026-04-08T03:00:21.223293+00:00
67521,UCAP,2018-01-22,4.12,,,4.12,5270711,2026-04-08T03:00:25.613479+00:00
67613,UCAP,2018-01-23,4.11,,,4.11,11645402,2026-04-08T03:00:27.792672+00:00
67705,UCAP,2018-01-24,3.94,,,3.94,5383317,2026-04-08T03:00:29.955701+00:00
67797,UCAP,2018-01-25,4.0,,,4.0,7573182,2026-04-08T03:00:32.149736+00:00
67889,UCAP,2018-01-26,4.2,,,4.2,4810243,2026-04-08T03:00:34.314441+00:00
67981,UCAP,2018-01-30,4.39,,,4.39,7999457,2026-04-08T03:00:39.498781+00:00
68073,UCAP,2018-01-31,4.3,,,4.3,4526000,2026-04-08T03:00:41.874276+00:00
68165,UCAP,2018-02-01,4.28,,,4.28,2969086,2026-04-08T03:00:44.260901+00:00
68257,UCAP,2018-02-02,4.28,,,4.28,13251670,2026-04-08T03:00:46.552556+00:00
68349,UCAP,2018-02-05,4.23,,,4.23,6921272,2026-04-08T03:00:50.820837+00:00
68441,UCAP,2018-02-06,4.18,,,4.18,9703995,2026-04-08T03:00:53.862975+00:00
68533,UCAP,2018-02-07,4.17,,,4.17,13566193,2026-04-08T03:00:56.249659+00:00
68625,UCAP,2018-02-08,4.32,,,4.32,2804758,2026-04-08T03:00:58.532515+00:00
68717,UCAP,2018-02-12,4.25,,,4.25,5965404,2026-04-08T03:01:04.382325+00:00
68809,UCAP,2018-02-13,4.24,,,4.24,8376303,2026-04-08T03:01:06.5746+00:00
68901,UCAP,2018-02-14,4.22,,,4.22,5410448,2026-04-08T03:01:08.960618+00:00
68993,UCAP,2018-02-15,4.3,,,4.3,2872103,2026-04-08T03:01:11.158693+00:00
69085,UCAP,2018-02-16,4.35,,,4.35,5161852,2026-04-08T03:01:13.607551+00:00
69177,UCAP,2018-02-19,4.25,,,4.25,9273685,2026-04-08T03:01:18.187191+00:00
69269,UCAP,2018-02-20,4.28,,,4.28,5451389,2026-04-08T03:01:20.554931+00:00
69361,UCAP,2018-02-22,4.26,,,4.26,1657415,2026-04-08T03:01:23.957413+00:00
69453,UCAP,2018-02-26,4.09,,,4.09,13470839,2026-04-08T03:01:29.317338+00:00
69545,UCAP,2018-02-27,3.85,,,3.85,22113887,2026-04-08T03:01:31.58282+00:00
69637,UCAP,2018-02-28,4.04,,,4.04,17931130,2026-04-08T03:01:33.916623+00:00
69729,UCAP,2018-03-01,4.11,,,4.11,5511614,2026-04-08T03:01:36.321302+00:00
69821,UCAP,2018-03-02,4.18,,,4.18,5227232,2026-04-08T03:01:38.625174+00:00
69913,UCAP,2018-03-05,4.18,,,4.18,5240665,2026-04-08T03:01:43.47208+00:00
70005,UCAP,2018-03-06,4.12,,,4.12,11328251,2026-04-08T03:01:45.677681+00:00
70097,UCAP,2018-03-08,4.0,,,4.0,15857747,2026-04-08T03:01:48.923554+00:00
70189,UCAP,2018-03-09,3.79,,,3.79,6200942,2026-04-08T03:01:51.131195+00:00
70281,UCAP,2018-03-12,3.69,,,3.69,5449379,2026-04-08T03:01:55.382529+00:00
70373,UCAP,2018-03-13,3.51,,,3.51,9905169,2026-04-08T03:01:57.721961+00:00
70465,UCAP,2018-03-14,3.34,,,3.34,4953014,2026-04-08T03:02:00.06799+00:00
70557,UCAP,2018-03-15,3.18,,,3.18,11186129,2026-04-08T03:02:02.587626+00:00
70649,UCAP,2018-03-16,3.19,,,3.19,7578738,2026-04-08T03:02:05.049003+00:00
70741,UCAP,2018-03-19,3.37,,,3.37,9240485,2026-04-08T03:02:09.713694+00:00
70833,UCAP,2018-03-20,3.48,,,3.48,4205811,2026-04-08T03:02:12.039098+00:00
70925,UCAP,2018-03-21,3.39,,,3.39,8484558,2026-04-08T03:02:14.26344+00:00
71017,UCAP,2018-03-22,3.32,,,3.32,6650792,2026-04-08T03:02:16.655807+00:00
71109,UCAP,2018-03-23,3.4,,,3.4,18975103,2026-04-08T03:02:19.005936+00:00
71201,UCAP,2018-03-26,3.37,,,3.37,1267147,2026-04-08T03:02:23.356301+00:00
71293,UCAP,2018-03-27,3.37,,,3.37,2917083,2026-04-08T03:02:25.602463+00:00
71385,UCAP,2018-03-28,3.22,,,3.22,3809876,2026-04-08T03:02:28.271075+00:00
71477,UCAP,2018-03-29,3.34,,,3.34,4432335,2026-04-08T03:02:31.326472+00:00
71569,UCAP,2018-04-03,3.18,,,3.18,3680937,2026-04-08T03:02:37.862294+00:00
71661,UCAP,2018-04-04,3.3,,,3.3,5684336,2026-04-08T03:02:40.086392+00:00
71753,UCAP,2018-04-05,3.42,,,3.42,5237106,2026-04-08T03:02:42.518452+00:00
71845,UCAP,2018-04-09,3.4,,,3.4,6855636,2026-04-08T03:02:48.00481+00:00
71937,UCAP,2018-04-10,3.4,,,3.4,5894918,2026-04-08T03:02:50.293549+00:00
72029,UCAP,2018-04-11,3.29,,,3.29,3034442,2026-04-08T03:02:52.723357+00:00
72121,UCAP,2018-04-12,3.26,,,3.26,2950707,2026-04-08T03:02:54.976434+00:00
72213,UCAP,2018-04-13,3.32,,,3.32,1427833,2026-04-08T03:02:57.419716+00:00
72307,UCAP,2018-04-16,3.32,,,3.32,471080,2026-04-08T03:03:01.748445+00:00
72400,UCAP,2018-04-17,3.32,,,3.32,990135,2026-04-08T03:03:04.013915+00:00
72493,UCAP,2018-04-18,3.32,,,3.32,1276718,2026-04-08T03:03:06.304604+00:00
72586,UCAP,2018-04-19,3.32,,,3.32,2325797,2026-04-08T03:03:08.631091+00:00
72679,UCAP,2018-04-20,3.25,,,3.25,1599634,2026-04-08T03:03:11.181142+00:00
72772,UCAP,2018-04-23,3.29,,,3.29,2162942,2026-04-08T03:03:15.702548+00:00
72865,UCAP,2018-04-24,3.36,,,3.36,3965313,2026-04-08T03:03:17.976864+00:00
72958,UCAP,2018-04-25,3.4,,,3.4,2391712,2026-04-08T03:03:20.281484+00:00
73051,UCAP,2018-04-26,3.3,,,3.3,2285402,2026-04-08T03:03:22.503544+00:00
73144,UCAP,2018-04-27,3.34,,,3.34,1840134,2026-04-08T03:03:24.801147+00:00
73237,UCAP,2018-04-30,3.3,,,3.3,2640821,2026-04-08T03:03:29.288658+00:00
73330,UCAP,2018-05-02,3.3,,,3.3,1902338,2026-04-08T03:03:32.97882+00:00
73423,UCAP,2018-05-03,3.2,,,3.2,4036279,2026-04-08T03:03:35.46093+00:00
73516,UCAP,2018-05-04,3.2,,,3.2,6300711,2026-04-08T03:03:38.142449+00:00
73609,UCAP,2018-05-07,3.23,,,3.23,1413548,2026-04-08T03:03:42.835383+00:00
73702,UCAP,2018-05-08,3.2,,,3.2,5801471,2026-04-08T03:03:45.094212+00:00
73795,UCAP,2018-05-09,3.2,,,3.2,457235,2026-04-08T03:03:47.354492+00:00
73888,UCAP,2018-05-10,3.2,,,3.2,2662078,2026-04-08T03:03:49.581225+00:00
73981,UCAP,2018-05-11,3.3,,,3.3,1066766,2026-04-08T03:03:51.923758+00:00
74074,UCAP,2018-05-14,3.3,,,3.3,874577,2026-04-08T03:03:56.261604+00:00
74167,UCAP,2018-05-15,3.3,,,3.3,356382,2026-04-08T03:03:58.63318+00:00
74260,UCAP,2018-05-16,3.25,,,3.25,924379,2026-04-08T03:04:02.494817+00:00
74353,UCAP,2018-05-17,3.23,,,3.23,2347233,2026-04-08T03:04:04.853265+00:00
74446,UCAP,2018-05-18,3.18,,,3.18,1750052,2026-04-08T03:04:09.280828+00:00
74539,UCAP,2018-05-21,3.19,,,3.19,2329091,2026-04-08T03:04:14.640212+00:00
74632,UCAP,2018-05-22,3.15,,,3.15,2385637,2026-04-08T03:04:17.13602+00:00
74725,UCAP,2018-05-24,3.0,,,3.0,9114801,2026-04-08T03:04:20.857799+00:00
74818,UCAP,2018-05-25,3.0,,,3.0,2620352,2026-04-08T03:04:23.533051+00:00
74911,UCAP,2018-05-28,2.86,,,2.86,5704006,2026-04-08T03:04:28.151981+00:00
75004,UCAP,2018-05-31,3.0,,,3.0,2162451,2026-04-08T03:04:33.384321+00:00
75097,UCAP,2018-06-01,3.0,,,3.0,1411014,2026-04-08T03:04:35.846588+00:00
75190,UCAP,2018-06-04,3.06,,,3.06,6261972,2026-04-08T03:04:40.216574+00:00
75283,UCAP,2018-06-05,3.19,,,3.19,2394692,2026-04-08T03:04:42.57091+00:00
75376,UCAP,2018-06-06,3.28,,,3.28,3349269,2026-04-08T03:04:44.928825+00:00
75469,UCAP,2018-06-07,3.24,,,3.24,1394801,2026-04-08T03:04:47.263813+00:00
75562,UCAP,2018-06-08,3.16,,,3.16,3044497,2026-04-08T03:04:49.462509+00:00
75655,UCAP,2018-06-11,3.15,,,3.15,79128898,2026-04-08T03:04:53.988129+00:00
75748,UCAP,2018-06-12,3.29,,,3.29,82655109,2026-04-08T03:04:56.284057+00:00
75841,UCAP,2018-06-13,3.16,,,3.16,78685654,2026-04-08T03:04:58.638577+00:00
75934,UCAP,2018-06-14,3.18,,,3.18,101625829,2026-04-08T03:05:00.901161+00:00
76027,UCAP,2018-06-19,3.07,,,3.07,4122452,2026-04-08T03:05:07.639029+00:00
76120,UCAP,2018-06-20,3.11,,,3.11,5116607,2026-04-08T03:05:09.924133+00:00
76213,UCAP,2018-06-21,3.15,,,3.15,3432907,2026-04-08T03:05:12.376626+00:00
76306,UCAP,2018-06-22,3.22,,,3.22,15578107,2026-04-08T03:05:14.680862+00:00
76400,UCAP,2018-06-25,3.26,,,3.26,3785757,2026-04-08T03:05:19.028214+00:00
76494,UCAP,2018-06-26,3.3,,,3.3,5440809,2026-04-08T03:05:21.361472+00:00
76588,UCAP,2018-06-27,3.3,,,3.3,21181537,2026-04-08T03:05:23.730487+00:00
76682,UCAP,2018-06-28,3.3,,,3.3,3659926,2026-04-08T03:05:26.342484+00:00
76776,UCAP,2018-06-29,3.3,,,3.3,3466709,2026-04-08T03:05:28.786725+00:00
76870,UCAP,2018-07-02,3.3,,,3.3,946371,2026-04-08T03:05:34.742081+00:00
76964,UCAP,2018-07-03,3.27,,,3.27,1585712,2026-04-08T03:05:37.830893+00:00
77058,UCAP,2018-07-04,3.14,,,3.14,1768619,2026-04-08T03:05:40.225299+00:00
77152,UCAP,2018-07-05,3.1,,,3.1,1506275,2026-04-08T03:05:42.479897+00:00
77246,UCAP,2018-07-06,3.13,,,3.13,2063578,2026-04-08T03:05:44.93013+00:00
77340,UCAP,2018-07-09,3.18,,,3.18,4052570,2026-04-08T03:05:49.395513+00:00
77434,UCAP,2018-07-10,3.05,,,3.05,1135623,2026-04-08T03:05:51.797285+00:00
77528,UCAP,2018-07-11,3.05,,,3.05,2829216,2026-04-08T03:05:54.14171+00:00
77622,UCAP,2018-07-12,3.09,,,3.09,1427558,2026-04-08T03:05:56.629461+00:00
77716,UCAP,2018-07-13,3.1,,,3.1,976242,2026-04-08T03:05:59.112955+00:00
77811,UCAP,2018-07-16,3.1,,,3.1,435896,2026-04-08T03:06:03.612411+00:00
77906,UCAP,2018-07-17,3.1,,,3.1,5127216,2026-04-08T03:06:06.031894+00:00
78001,UCAP,2018-07-18,3.11,,,3.11,3547408,2026-04-08T03:06:08.398083+00:00
78096,UCAP,2018-07-19,3.15,,,3.15,5835660,2026-04-08T03:06:10.625391+00:00
78191,UCAP,2018-07-20,3.1,,,3.1,5816100,2026-04-08T03:06:13.100822+00:00
78286,UCAP,2018-07-23,3.15,,,3.15,3888609,2026-04-08T03:06:17.450644+00:00
78381,UCAP,2018-07-24,3.12,,,3.12,2994092,2026-04-08T03:06:19.846153+00:00
78476,UCAP,2018-07-25,3.09,,,3.09,1773798,2026-04-08T03:06:22.17218+00:00
78571,UCAP,2018-07-26,3.1,,,3.1,1699090,2026-04-08T03:06:24.338643+00:00
78666,UCAP,2018-07-27,3.15,,,3.15,4505595,2026-04-08T03:06:26.70773+00:00
78761,UCAP,2018-07-30,3.15,,,3.15,6070882,2026-04-08T03:06:31.357035+00:00
78856,UCAP,2018-07-31,3.14,,,3.14,10382952,2026-04-08T03:06:33.766078+00:00
78951,UCAP,2018-08-01,3.15,,,3.15,1151475,2026-04-08T03:06:36.22345+00:00
79046,UCAP,2018-08-02,3.04,,,3.04,1797678,2026-04-08T03:06:38.596191+00:00
79141,UCAP,2018-08-03,3.08,,,3.08,1552089,2026-04-08T03:06:41.315743+00:00
79236,UCAP,2018-08-06,2.8,,,2.8,20371328,2026-04-08T03:06:46.359416+00:00
79331,UCAP,2018-08-07,3.08,,,3.08,14228184,2026-04-08T03:06:48.623378+00:00
79426,UCAP,2018-08-08,3.09,,,3.09,1469521,2026-04-08T03:06:51.110249+00:00
79521,UCAP,2018-08-09,3.05,,,3.05,1280970,2026-04-08T03:06:53.45187+00:00
79616,UCAP,2018-08-10,3.08,,,3.08,443172,2026-04-08T03:06:56.254972+00:00
79711,UCAP,2018-08-13,3.0,,,3.0,1827520,2026-04-08T03:07:00.870215+00:00
79806,UCAP,2018-08-14,3.0,,,3.0,1659151,2026-04-08T03:07:03.258394+00:00
79901,UCAP,2018-08-15,3.0,,,3.0,2233086,2026-04-08T03:07:05.636903+00:00
79996,UCAP,2018-08-16,3.03,,,3.03,1691275,2026-04-08T03:07:07.96787+00:00
80091,UCAP,2018-08-17,3.02,,,3.02,816123,2026-04-08T03:07:10.276143+00:00
80186,UCAP,2018-08-20,2.82,,,2.82,1740085,2026-04-08T03:07:14.92421+00:00
80281,UCAP,2018-08-24,2.95,,,2.95,1335516,2026-04-08T03:07:20.612873+00:00
80376,UCAP,2018-08-27,3.0,,,3.0,1984211,2026-04-08T03:07:24.735515+00:00
80471,UCAP,2018-08-28,3.05,,,3.05,2022898,2026-04-08T03:07:26.964049+00:00
80566,UCAP,2018-08-29,3.0,,,3.0,4778660,2026-04-08T03:07:29.382314+00:00
80661,UCAP,2018-08-30,3.0,,,3.0,493179,2026-04-08T03:07:31.753519+00:00
80756,UCAP,2018-08-31,3.02,,,3.02,1128320,2026-04-08T03:07:34.108038+00:00
80851,UCAP,2018-09-03,3.02,,,3.02,871079,2026-04-08T03:07:38.483999+00:00
80946,UCAP,2018-09-05,3.02,,,3.02,1464299,2026-04-08T03:07:41.733647+00:00
81041,UCAP,2018-09-06,3.0,,,3.0,641022,2026-04-08T03:07:44.232746+00:00
81136,UCAP,2018-09-07,3.0,,,3.0,485452,2026-04-08T03:07:46.695234+00:00
81231,UCAP,2018-09-10,2.95,,,2.95,1402630,2026-04-08T03:07:51.133138+00:00
81333,UCAP,2018-09-11,2.74,,,2.74,3137905,2026-04-08T03:07:53.572062+00:00
81435,UCAP,2018-09-12,2.8,,,2.8,2303354,2026-04-08T03:07:56.190409+00:00
81537,UCAP,2018-09-13,2.8,,,2.8,1043385,2026-04-08T03:07:58.529226+00:00
81639,UCAP,2018-09-14,2.81,,,2.81,1310956,2026-04-08T03:08:00.944137+00:00
81741,UCAP,2018-09-17,2.82,,,2.82,2590704,2026-04-08T03:08:05.572353+00:00
81843,UCAP,2018-09-18,2.82,,,2.82,3408869,2026-04-08T03:08:07.840784+00:00
81945,UCAP,2018-09-19,2.81,,,2.81,2320468,2026-04-08T03:08:10.07554+00:00
82047,UCAP,2018-09-20,2.95,,,2.95,1216419,2026-04-08T03:08:12.389642+00:00
82149,UCAP,2018-09-21,2.96,,,2.96,2420618,2026-04-08T03:08:14.761127+00:00
82251,UCAP,2018-09-24,2.9,,,2.9,1457383,2026-04-08T03:08:19.182113+00:00
82353,UCAP,2018-09-25,2.9,,,2.9,2068867,2026-04-08T03:08:21.370615+00:00
82455,UCAP,2018-09-26,2.92,,,2.92,2407496,2026-04-08T03:08:24.494451+00:00
82557,UCAP,2018-09-27,2.8,,,2.8,5566562,2026-04-08T03:08:26.812803+00:00
82659,UCAP,2018-09-28,2.9,,,2.9,1843430,2026-04-08T03:08:29.283021+00:00
82761,UCAP,2018-10-02,2.9,,,2.9,770087,2026-04-08T03:08:34.887787+00:00
82863,UCAP,2018-10-04,2.95,,,2.95,907612,2026-04-08T03:08:38.279141+00:00
82965,UCAP,2018-10-05,2.99,,,2.99,1298746,2026-04-08T03:08:40.455926+00:00
83067,UCAP,2018-10-08,2.95,,,2.95,1247034,2026-04-08T03:08:45.286665+00:00
83169,UCAP,2018-10-09,2.95,,,2.95,410475,2026-04-08T03:08:47.584215+00:00
83271,UCAP,2018-10-10,2.98,,,2.98,1032449,2026-04-08T03:08:50.198924+00:00
83373,UCAP,2018-10-11,2.99,,,2.99,747840,2026-04-08T03:08:52.595743+00:00
83475,UCAP,2018-10-12,2.99,,,2.99,118231,2026-04-08T03:08:54.923298+00:00
83577,UCAP,2018-10-15,2.91,,,2.91,573717,2026-04-08T03:08:59.688494+00:00
83679,UCAP,2018-10-16,2.91,,,2.91,769915,2026-04-08T03:09:01.98694+00:00
83781,UCAP,2018-10-17,2.97,,,2.97,564447,2026-04-08T03:09:04.302348+00:00
83883,UCAP,2018-10-18,2.94,,,2.94,517828,2026-04-08T03:09:06.644992+00:00
83985,UCAP,2018-10-19,2.99,,,2.99,1924671,2026-04-08T03:09:09.038287+00:00
84087,UCAP,2018-10-22,2.9,,,2.9,2340666,2026-04-08T03:09:13.967+00:00
84189,UCAP,2018-10-23,2.92,,,2.92,1196334,2026-04-08T03:09:16.194722+00:00
84291,UCAP,2018-10-24,2.98,,,2.98,1255057,2026-04-08T03:09:18.448083+00:00
84393,UCAP,2018-10-25,3.0,,,3.0,1720377,2026-04-08T03:09:20.631413+00:00
84495,UCAP,2018-10-26,3.05,,,3.05,1638600,2026-04-08T03:09:23.109094+00:00
84597,UCAP,2018-10-29,3.05,,,3.05,850157,2026-04-08T03:09:27.901396+00:00
84699,UCAP,2018-10-30,3.0,,,3.0,676283,2026-04-08T03:09:30.377337+00:00
84801,UCAP,2018-10-31,3.0,,,3.0,1130505,2026-04-08T03:09:32.658485+00:00
84903,UCAP,2018-11-01,2.97,,,2.97,438845,2026-04-08T03:09:35.048509+00:00
85005,UCAP,2018-11-02,2.97,,,2.97,439585,2026-04-08T03:09:37.41202+00:00
85107,UCAP,2018-11-05,3.02,,,3.02,3756723,2026-04-08T03:09:41.998643+00:00
85209,UCAP,2018-11-06,2.94,,,2.94,1077416,2026-04-08T03:09:44.485046+00:00
85311,UCAP,2018-11-08,2.96,,,2.96,344345,2026-04-08T03:09:47.843283+00:00
85413,UCAP,2018-11-09,2.96,,,2.96,393007,2026-04-08T03:09:50.169754+00:00
85515,UCAP,2018-11-12,2.96,,,2.96,825786,2026-04-08T03:09:54.975549+00:00
85617,UCAP,2018-11-13,2.92,,,2.92,1736145,2026-04-08T03:09:57.558923+00:00
85719,UCAP,2018-11-14,2.93,,,2.93,785639,2026-04-08T03:09:59.910116+00:00
85821,UCAP,2018-11-15,2.85,,,2.85,1614336,2026-04-08T03:10:02.252366+00:00
85923,UCAP,2018-11-16,2.85,,,2.85,837579,2026-04-08T03:10:04.527169+00:00
86025,UCAP,2018-11-19,2.96,,,2.96,619211,2026-04-08T03:10:09.122468+00:00
86127,UCAP,2018-11-21,2.91,,,2.91,1948022,2026-04-08T03:10:12.622729+00:00
86229,UCAP,2018-11-22,2.91,,,2.91,1380541,2026-04-08T03:10:14.989948+00:00
86331,UCAP,2018-11-23,2.93,,,2.93,1771058,2026-04-08T03:10:17.221139+00:00
86433,UCAP,2018-11-26,2.93,,,2.93,438567,2026-04-08T03:10:22.142454+00:00
86535,UCAP,2018-11-27,2.87,,,2.87,1967779,2026-04-08T03:10:24.421595+00:00
86637,UCAP,2018-11-28,2.84,,,2.84,765163,2026-04-08T03:10:26.708398+00:00
86739,UCAP,2018-11-29,2.71,,,2.71,3417164,2026-04-08T03:10:29.255332+00:00
86841,UCAP,2018-11-30,2.8,,,2.8,429668,2026-04-08T03:10:32.706086+00:00
86943,UCAP,2018-12-03,2.82,,,2.82,828703,2026-04-08T03:10:37.185914+00:00
87045,UCAP,2018-12-04,2.83,,,2.83,2786681,2026-04-08T03:10:39.607482+00:00
87147,UCAP,2018-12-05,2.85,,,2.85,3242654,2026-04-08T03:10:42.037497+00:00
87249,UCAP,2018-12-06,2.81,,,2.81,3088942,2026-04-08T03:10:44.312069+00:00
87351,UCAP,2018-12-07,2.81,,,2.81,2102246,2026-04-08T03:10:46.663078+00:00
87453,UCAP,2018-12-10,2.82,,,2.82,1011118,2026-04-08T03:10:51.346822+00:00
87555,UCAP,2018-12-11,2.85,,,2.85,2424363,2026-04-08T03:10:53.613329+00:00
87657,UCAP,2018-12-12,2.84,,,2.84,615601,2026-04-08T03:10:55.983376+00:00
87759,UCAP,2018-12-13,2.56,,,2.56,4182302,2026-04-08T03:10:58.622726+00:00
87861,UCAP,2018-12-17,2.8,,,2.8,644925,2026-04-08T03:11:04.071168+00:00
87962,UCAP,2018-12-18,2.8,,,2.8,1730077,2026-04-08T03:11:06.547404+00:00
88063,UCAP,2018-12-19,2.89,,,2.89,1551694,2026-04-08T03:11:08.930184+00:00
88164,UCAP,2018-12-21,2.88,,,2.88,3048734,2026-04-08T03:11:13.038597+00:00
88265,UCAP,2018-12-24,2.82,,,2.82,2957002,2026-04-08T03:11:17.396489+00:00
88367,UCAP,2018-12-31,2.82,,,2.82,3523247,2026-04-08T03:11:26.963749+00:00
88469,UCAP,2019-01-04,2.89,,,2.89,1898958,2026-04-08T03:11:33.101723+00:00
88571,UCAP,2019-01-07,2.85,,,2.85,4238482,2026-04-08T03:11:37.396019+00:00
88673,UCAP,2019-01-08,2.62,,,2.62,6337523,2026-04-08T03:11:39.720871+00:00
88775,UCAP,2019-01-09,2.8,,,2.8,3824279,2026-04-08T03:11:42.122758+00:00
88877,UCAP,2019-01-10,2.79,,,2.79,2698655,2026-04-08T03:11:44.4712+00:00
88979,UCAP,2019-01-11,2.83,,,2.83,4752964,2026-04-08T03:11:46.864498+00:00
89081,UCAP,2019-01-14,2.98,,,2.98,2907412,2026-04-08T03:11:51.386431+00:00
89183,UCAP,2019-01-15,3.22,,,3.22,4491717,2026-04-08T03:11:53.781694+00:00
89285,UCAP,2019-01-16,3.15,,,3.15,3366715,2026-04-08T03:11:56.273278+00:00
89387,UCAP,2019-01-17,3.17,,,3.17,1590762,2026-04-08T03:11:58.633279+00:00
89489,UCAP,2019-01-18,3.02,,,3.02,2311178,2026-04-08T03:12:01.678716+00:00
89591,UCAP,2019-01-21,2.98,,,2.98,4828412,2026-04-08T03:12:06.146982+00:00
89693,UCAP,2019-01-22,3.01,,,3.01,1939155,2026-04-08T03:12:26.450353+00:00
89795,UCAP,2019-01-23,3.1,,,3.1,728968,2026-04-08T03:12:28.985884+00:00
89897,UCAP,2019-01-24,3.13,,,3.13,3014318,2026-04-08T03:12:31.471104+00:00
89999,UCAP,2019-01-25,3.26,,,3.26,2840575,2026-04-08T03:12:33.831732+00:00
90101,UCAP,2019-01-28,3.28,,,3.28,2747844,2026-04-08T03:12:38.324+00:00
90203,UCAP,2019-01-29,3.2,,,3.2,5199481,2026-04-08T03:12:40.769031+00:00
90305,UCAP,2019-01-30,3.22,,,3.22,1989330,2026-04-08T03:12:43.207065+00:00
90407,UCAP,2019-01-31,3.17,,,3.17,2693816,2026-04-08T03:12:45.452606+00:00
90509,UCAP,2019-02-01,3.2,,,3.2,5018473,2026-04-08T03:12:47.65569+00:00
90611,UCAP,2019-02-04,3.18,,,3.18,2234872,2026-04-08T03:12:52.008801+00:00
90713,UCAP,2019-02-05,3.28,,,3.28,1726539,2026-04-08T03:12:54.428036+00:00
90815,UCAP,2019-02-06,3.3,,,3.3,2991647,2026-04-08T03:12:56.795589+00:00
90917,UCAP,2019-02-07,3.26,,,3.26,1398069,2026-04-08T03:12:59.333395+00:00
91019,UCAP,2019-02-08,3.34,,,3.34,2484848,2026-04-08T03:13:01.766173+00:00
91121,UCAP,2019-02-11,3.55,,,3.55,3178242,2026-04-08T03:13:07.807824+00:00
91223,UCAP,2019-02-12,3.52,,,3.52,5435919,2026-04-08T03:13:10.389121+00:00
91325,UCAP,2019-02-13,3.2,,,3.2,3326820,2026-04-08T03:13:13.120558+00:00
91427,UCAP,2019-02-14,3.35,,,3.35,1365392,2026-04-08T03:13:15.610167+00:00
91529,UCAP,2019-02-15,3.55,,,3.55,2742600,2026-04-08T03:13:17.960235+00:00
91631,UCAP,2019-02-18,3.35,,,3.35,1135665,2026-04-08T03:13:22.383964+00:00
91733,UCAP,2019-02-19,3.25,,,3.25,3380043,2026-04-08T03:13:24.617569+00:00
91835,UCAP,2019-02-20,3.47,,,3.47,2114351,2026-04-08T03:13:26.870792+00:00
91937,UCAP,2019-02-22,3.28,,,3.28,7260275,2026-04-08T03:13:30.442816+00:00
92039,UCAP,2019-02-25,3.39,,,3.39,1081469,2026-04-08T03:13:35.015549+00:00
92141,UCAP,2019-02-26,3.35,,,3.35,3028150,2026-04-08T03:13:37.412672+00:00
92243,UCAP,2019-02-27,3.15,,,3.15,6072484,2026-04-08T03:13:39.910522+00:00
92345,UCAP,2019-02-28,3.18,,,3.18,1147639,2026-04-08T03:13:42.435587+00:00
92447,UCAP,2019-03-01,3.35,,,3.35,1434214,2026-04-08T03:13:44.810709+00:00
92549,UCAP,2019-03-04,3.25,,,3.25,2229679,2026-04-08T03:13:49.353535+00:00
92651,UCAP,2019-03-05,3.25,,,3.25,443670,2026-04-08T03:13:51.846242+00:00
92753,UCAP,2019-03-06,3.3,,,3.3,829516,2026-04-08T03:13:54.267269+00:00
92855,UCAP,2019-03-07,3.0,,,3.0,4834557,2026-04-08T03:13:56.544072+00:00
92957,UCAP,2019-03-08,3.07,,,3.07,2458100,2026-04-08T03:13:58.936546+00:00
93059,UCAP,2019-03-11,3.15,,,3.15,1699436,2026-04-08T03:14:03.582539+00:00
93161,UCAP,2019-03-12,3.28,,,3.28,5306774,2026-04-08T03:14:06.149716+00:00
93263,UCAP,2019-03-13,3.32,,,3.32,12846725,2026-04-08T03:14:08.562819+00:00
93365,UCAP,2019-03-14,3.0,,,3.0,707578,2026-04-08T03:14:10.990955+00:00
93467,UCAP,2019-03-15,2.8,,,2.8,2762064,2026-04-08T03:14:13.413527+00:00
93569,UCAP,2019-03-18,2.85,,,2.85,2225484,2026-04-08T03:14:17.594172+00:00
93671,UCAP,2019-03-19,2.85,,,2.85,878118,2026-04-08T03:14:19.883177+00:00
93773,UCAP,2019-03-20,2.85,,,2.85,1615853,2026-04-08T03:14:22.215184+00:00
93875,UCAP,2019-03-21,2.75,,,2.75,1421805,2026-04-08T03:14:24.469396+00:00
93977,UCAP,2019-03-22,2.85,,,2.85,3027142,2026-04-08T03:14:26.929153+00:00
94079,UCAP,2019-03-25,2.82,,,2.82,3710095,2026-04-08T03:14:31.400562+00:00
94181,UCAP,2019-03-26,2.85,,,2.85,3559382,2026-04-08T03:14:33.80485+00:00
94283,UCAP,2019-03-27,2.85,,,2.85,688602,2026-04-08T03:14:36.122563+00:00
94385,UCAP,2019-03-28,2.8,,,2.8,1897150,2026-04-08T03:14:38.612625+00:00
94487,UCAP,2019-03-29,2.85,,,2.85,4495084,2026-04-08T03:14:41.061692+00:00
94588,UCAP,2019-04-01,2.85,,,2.85,806840,2026-04-08T03:14:45.528331+00:00
94689,UCAP,2019-04-02,2.85,,,2.85,1679400,2026-04-08T03:14:47.809526+00:00
94790,UCAP,2019-04-03,2.85,,,2.85,428470,2026-04-08T03:14:50.124237+00:00
94891,UCAP,2019-04-04,2.65,,,2.65,10500379,2026-04-08T03:14:52.417245+00:00
94992,UCAP,2019-04-05,2.65,,,2.65,2726898,2026-04-08T03:14:54.739567+00:00
95093,UCAP,2019-04-08,2.6,,,2.6,4721018,2026-04-08T03:14:59.01768+00:00
95194,UCAP,2019-04-09,2.57,,,2.57,2892473,2026-04-08T03:15:01.233247+00:00
95295,UCAP,2019-04-10,2.6,,,2.6,583794,2026-04-08T03:15:03.446976+00:00
95396,UCAP,2019-04-11,2.77,,,2.77,2536421,2026-04-08T03:15:05.608759+00:00
95497,UCAP,2019-04-12,2.8,,,2.8,1228627,2026-04-08T03:15:07.869644+00:00
95598,UCAP,2019-04-15,2.8,,,2.8,463147,2026-04-08T03:15:12.360876+00:00
95699,UCAP,2019-04-16,2.85,,,2.85,1102730,2026-04-08T03:15:14.69338+00:00
95800,UCAP,2019-04-17,2.75,,,2.75,1812986,2026-04-08T03:15:16.974822+00:00
95901,UCAP,2019-04-18,2.48,,,2.48,12993928,2026-04-08T03:15:19.360663+00:00
96002,UCAP,2019-04-23,2.52,,,2.52,3053040,2026-04-08T03:15:26.04373+00:00
96104,UCAP,2019-04-24,2.6,,,2.6,1701453,2026-04-08T03:15:28.31166+00:00
96206,UCAP,2019-04-25,2.6,,,2.6,840947,2026-04-08T03:15:30.603437+00:00
96308,UCAP,2019-04-26,2.64,,,2.64,1017625,2026-04-08T03:15:32.816712+00:00
96410,UCAP,2019-04-29,2.7,,,2.7,2538804,2026-04-08T03:15:37.198623+00:00
96512,UCAP,2019-04-30,2.65,,,2.65,4545995,2026-04-08T03:15:39.499507+00:00
96614,UCAP,2019-05-02,2.6,,,2.6,1251154,2026-04-08T03:15:42.839166+00:00
96716,UCAP,2019-05-03,2.52,,,2.52,1459072,2026-04-08T03:15:45.02286+00:00
96818,UCAP,2019-05-06,2.58,,,2.58,1802273,2026-04-08T03:15:49.380478+00:00
96920,UCAP,2019-05-07,2.6,,,2.6,2767448,2026-04-08T03:15:51.609622+00:00
97022,UCAP,2019-05-08,2.56,,,2.56,975476,2026-04-08T03:15:53.912422+00:00
97124,UCAP,2019-05-09,2.48,,,2.48,6162375,2026-04-08T03:15:56.308435+00:00
97226,UCAP,2019-05-10,2.56,,,2.56,1538171,2026-04-08T03:15:58.65517+00:00
97328,UCAP,2019-05-13,2.32,,,2.32,5271919,2026-04-08T03:16:02.955985+00:00
97430,UCAP,2019-05-14,2.4,,,2.4,2506154,2026-04-08T03:16:05.427951+00:00
97532,UCAP,2019-05-15,2.45,,,2.45,2053463,2026-04-08T03:16:07.709974+00:00
97634,UCAP,2019-05-16,2.46,,,2.46,1742683,2026-04-08T03:16:09.947696+00:00
97736,UCAP,2019-05-17,2.42,,,2.42,1111448,2026-04-08T03:16:12.469468+00:00
97839,UCAP,2019-05-20,2.48,,,2.48,367225,2026-04-08T03:16:16.967061+00:00
97942,UCAP,2019-05-21,2.46,,,2.46,1896296,2026-04-08T03:16:19.368023+00:00
98045,UCAP,2019-05-22,2.3,,,2.3,6225880,2026-04-08T03:16:21.741488+00:00
98148,UCAP,2019-05-23,2.1,,,2.1,15664643,2026-04-08T03:16:24.010501+00:00
98251,UCAP,2019-05-24,2.24,,,2.24,3975186,2026-04-08T03:16:26.41346+00:00
98354,UCAP,2019-05-27,2.25,,,2.25,2599347,2026-04-08T03:16:30.812568+00:00
98457,UCAP,2019-05-28,2.27,,,2.27,9480015,2026-04-08T03:16:33.286405+00:00
98560,UCAP,2019-05-30,2.3,,,2.3,3463052,2026-04-08T03:16:36.695359+00:00
98663,UCAP,2019-05-31,2.25,,,2.25,2587358,2026-04-08T03:16:39.10826+00:00
98766,UCAP,2019-06-03,2.13,,,2.13,4933759,2026-04-08T03:16:43.376201+00:00
98869,UCAP,2019-06-06,2.15,,,2.15,3574087,2026-04-08T03:16:48.034912+00:00
98972,UCAP,2019-06-07,2.2,,,2.2,5327536,2026-04-08T03:16:50.186426+00:00
99075,UCAP,2019-06-10,2.22,,,2.22,8861275,2026-04-08T03:16:54.498349+00:00
99178,UCAP,2019-06-11,2.22,,,2.22,3662654,2026-04-08T03:16:56.702394+00:00
99281,UCAP,2019-06-13,2.3,,,2.3,1105586,2026-04-08T03:17:00.140907+00:00
99384,UCAP,2019-06-14,2.33,,,2.33,2545014,2026-04-08T03:17:02.289964+00:00
99487,UCAP,2019-06-17,2.22,,,2.22,3266045,2026-04-08T03:17:06.378621+00:00
99590,UCAP,2019-06-18,2.25,,,2.25,2591885,2026-04-08T03:17:08.696624+00:00
99693,UCAP,2019-06-19,2.31,,,2.31,2721362,2026-04-08T03:17:10.975867+00:00
99796,UCAP,2019-06-20,2.32,,,2.32,3422706,2026-04-08T03:17:13.205784+00:00
99899,UCAP,2019-06-24,2.34,,,2.34,2268308,2026-04-08T03:17:18.488118+00:00
100002,UCAP,2019-06-25,2.35,,,2.35,7808589,2026-04-08T03:17:20.712996+00:00
100105,UCAP,2019-06-26,2.29,,,2.29,2711919,2026-04-08T03:17:23.021521+00:00
100208,UCAP,2019-06-27,2.29,,,2.29,1209165,2026-04-08T03:17:25.288917+00:00
100311,UCAP,2019-06-28,2.35,,,2.35,2352997,2026-04-08T03:17:27.669324+00:00
100414,UCAP,2019-07-01,2.31,,,2.31,1158694,2026-04-08T03:17:31.993492+00:00
100517,UCAP,2019-07-02,2.3,,,2.3,2045274,2026-04-08T03:17:34.195482+00:00
100620,UCAP,2019-07-03,2.3,,,2.3,606396,2026-04-08T03:17:36.539656+00:00
100723,UCAP,2019-07-04,2.25,,,2.25,576998,2026-04-08T03:17:38.806977+00:00
100826,UCAP,2019-07-05,2.3,,,2.3,2045978,2026-04-08T03:17:41.292481+00:00
100929,UCAP,2019-07-08,2.32,,,2.32,300507,2026-04-08T03:17:45.861747+00:00
101032,UCAP,2019-07-09,2.17,,,2.17,13306374,2026-04-08T03:17:48.217581+00:00
101136,UCAP,2019-07-10,2.17,,,2.17,1136772,2026-04-08T03:17:50.676625+00:00
101240,UCAP,2019-07-11,2.17,,,2.17,1936353,2026-04-08T03:17:53.082234+00:00
101344,UCAP,2019-07-12,2.2,,,2.2,960685,2026-04-08T03:17:55.503872+00:00
101448,UCAP,2019-07-15,2.2,,,2.2,1042829,2026-04-08T03:18:00.039317+00:00
101552,UCAP,2019-07-16,2.19,,,2.19,1193870,2026-04-08T03:18:02.440443+00:00
101656,UCAP,2019-07-17,2.16,,,2.16,464898,2026-04-08T03:18:04.729662+00:00
101760,UCAP,2019-07-18,2.2,,,2.2,529251,2026-04-08T03:18:07.178594+00:00
101864,UCAP,2019-07-19,2.18,,,2.18,2807815,2026-04-08T03:18:09.535362+00:00
101968,UCAP,2019-07-22,2.1,,,2.1,12247912,2026-04-08T03:18:14.212024+00:00
102072,UCAP,2019-07-23,2.05,,,2.05,6151829,2026-04-08T03:18:16.654741+00:00
102176,UCAP,2019-07-24,2.05,,,2.05,6421975,2026-04-08T03:18:18.926554+00:00
102280,UCAP,2019-07-25,2.12,,,2.12,4671297,2026-04-08T03:18:21.127331+00:00
102384,UCAP,2019-07-26,2.14,,,2.14,1536767,2026-04-08T03:18:23.508197+00:00
102488,UCAP,2019-07-29,2.15,,,2.15,1323193,2026-04-08T03:18:27.808584+00:00
102592,UCAP,2019-07-30,2.14,,,2.14,1035737,2026-04-08T03:18:30.090931+00:00
102696,UCAP,2019-07-31,2.13,,,2.13,918876,2026-04-08T03:18:32.379029+00:00
102800,UCAP,2019-08-01,2.1,,,2.1,1352577,2026-04-08T03:18:34.721051+00:00
102904,UCAP,2019-08-02,2.05,,,2.05,4112709,2026-04-08T03:18:37.148519+00:00
103008,UCAP,2019-08-05,2.06,,,2.06,1038994,2026-04-08T03:18:41.327383+00:00
103112,UCAP,2019-08-06,2.14,,,2.14,1116151,2026-04-08T03:18:43.676077+00:00
103216,UCAP,2019-08-07,2.11,,,2.11,1115372,2026-04-08T03:18:45.952647+00:00
103320,UCAP,2019-08-08,1.9,,,1.9,8879426,2026-04-08T03:18:48.284739+00:00
103424,UCAP,2019-08-09,1.9,,,1.9,4289044,2026-04-08T03:18:50.530707+00:00
103528,UCAP,2019-08-14,1.8,,,1.8,3047288,2026-04-08T03:18:57.313874+00:00
103632,UCAP,2019-08-15,1.79,,,1.79,2485192,2026-04-08T03:18:59.647711+00:00
103736,UCAP,2019-08-19,1.9,,,1.9,2246465,2026-04-08T03:19:05.053534+00:00
103840,UCAP,2019-08-20,1.96,,,1.96,2288323,2026-04-08T03:19:07.283568+00:00
103943,UCAP,2019-08-21,1.99,,,1.99,4454679,2026-04-08T03:19:09.493441+00:00
104046,UCAP,2019-08-22,2.0,,,2.0,1440825,2026-04-08T03:19:11.834929+00:00
104149,UCAP,2019-08-23,2.06,,,2.06,1434859,2026-04-08T03:19:14.066623+00:00
104252,UCAP,2019-08-26,2.05,,,2.05,1021345,2026-04-08T03:19:18.291411+00:00
104355,UCAP,2019-08-27,2.05,,,2.05,946232,2026-04-08T03:19:20.588978+00:00
104458,UCAP,2019-08-28,2.0,,,2.0,711216,2026-04-08T03:19:22.939533+00:00
104561,UCAP,2019-08-29,2.0,,,2.0,3934224,2026-04-08T03:19:25.308081+00:00
104664,UCAP,2019-08-30,2.0,,,2.0,3239264,2026-04-08T03:19:27.686427+00:00
104767,UCAP,2019-09-02,2.04,,,2.04,4595381,2026-04-08T03:19:32.075785+00:00
104870,UCAP,2019-09-03,2.0,,,2.0,2235205,2026-04-08T03:19:34.366833+00:00
104973,UCAP,2019-09-04,2.01,,,2.01,1834483,2026-04-08T03:19:36.608723+00:00
105076,UCAP,2019-09-05,2.0,,,2.0,772108,2026-04-08T03:19:38.984327+00:00
105179,UCAP,2019-09-06,2.0,,,2.0,1251860,2026-04-08T03:19:41.363212+00:00
105282,UCAP,2019-09-09,2.0,,,2.0,1526805,2026-04-08T03:19:45.624302+00:00
105385,UCAP,2019-09-10,2.04,,,2.04,1438643,2026-04-08T03:19:47.977958+00:00
105488,UCAP,2019-09-11,2.05,,,2.05,1308175,2026-04-08T03:19:50.333421+00:00
105591,UCAP,2019-09-12,2.07,,,2.07,2366961,2026-04-08T03:19:52.607202+00:00
105694,UCAP,2019-09-13,2.07,,,2.07,1946924,2026-04-08T03:19:55.083512+00:00
105797,UCAP,2019-09-16,2.17,,,2.17,1456884,2026-04-08T03:19:59.701348+00:00
105900,UCAP,2019-09-17,2.18,,,2.18,2024022,2026-04-08T03:20:02.523968+00:00
106003,UCAP,2019-09-18,2.23,,,2.23,1669273,2026-04-08T03:20:05.488272+00:00
106106,UCAP,2019-09-19,2.22,,,2.22,1412097,2026-04-08T03:20:08.114889+00:00
106209,UCAP,2019-09-20,2.24,,,2.24,3018961,2026-04-08T03:20:10.721894+00:00
106312,UCAP,2019-09-23,2.21,,,2.21,2070028,2026-04-08T03:20:15.267012+00:00
106415,UCAP,2019-09-24,2.2,,,2.2,1026124,2026-04-08T03:20:17.630341+00:00
106518,UCAP,2019-09-25,2.15,,,2.15,999655,2026-04-08T03:20:20.165626+00:00
106621,UCAP,2019-09-26,2.15,,,2.15,862438,2026-04-08T03:20:22.92566+00:00
106724,UCAP,2019-09-27,2.12,,,2.12,1280466,2026-04-08T03:20:25.402499+00:00
106827,UCAP,2019-09-30,2.12,,,2.12,437762,2026-04-08T03:20:29.867546+00:00
106930,UCAP,2019-10-02,2.09,,,2.09,2316972,2026-04-08T03:20:33.475481+00:00
107033,UCAP,2019-10-03,2.0,,,2.0,3621252,2026-04-08T03:20:35.801047+00:00
107136,UCAP,2019-10-04,2.0,,,2.0,5154378,2026-04-08T03:20:38.138638+00:00
107239,UCAP,2019-10-07,2.08,,,2.08,1175959,2026-04-08T03:20:43.38987+00:00
107342,UCAP,2019-10-08,2.15,,,2.15,2231962,2026-04-08T03:20:50.115577+00:00
107445,UCAP,2019-10-09,2.0,,,2.0,9506093,2026-04-08T03:20:53.067656+00:00
107548,UCAP,2019-10-10,2.15,,,2.15,1036419,2026-04-08T03:20:55.682822+00:00
107651,UCAP,2019-10-11,2.13,,,2.13,1965658,2026-04-08T03:20:58.30073+00:00
107754,UCAP,2019-10-14,2.03,,,2.03,3775404,2026-04-08T03:21:03.536141+00:00
107857,UCAP,2019-10-15,2.1,,,2.1,1150238,2026-04-08T03:21:06.159586+00:00
107960,UCAP,2019-10-16,2.09,,,2.09,1384782,2026-04-08T03:21:08.538525+00:00
108063,UCAP,2019-10-17,2.1,,,2.1,1171982,2026-04-08T03:21:11.125073+00:00
108166,UCAP,2019-10-18,2.04,,,2.04,5183200,2026-04-08T03:21:14.04892+00:00
108269,UCAP,2019-10-21,2.0,,,2.0,2499576,2026-04-08T03:21:18.357079+00:00
108372,UCAP,2019-10-22,2.05,,,2.05,2246032,2026-04-08T03:21:20.5704+00:00
108475,UCAP,2019-10-23,2.05,,,2.05,2844028,2026-04-08T03:21:22.84444+00:00
108578,UCAP,2019-10-24,2.0,,,2.0,3827302,2026-04-08T03:21:25.228823+00:00
108681,UCAP,2019-10-25,2.05,,,2.05,1108417,2026-04-08T03:21:27.539286+00:00
108784,UCAP,2019-10-28,2.05,,,2.05,1526745,2026-04-08T03:21:32.161692+00:00
108887,UCAP,2019-10-29,2.04,,,2.04,1162920,2026-04-08T03:21:34.477485+00:00
108990,UCAP,2019-10-30,2.04,,,2.04,447212,2026-04-08T03:21:36.754268+00:00
109093,UCAP,2019-10-31,2.05,,,2.05,1597210,2026-04-08T03:21:39.10919+00:00
109196,UCAP,2019-11-01,2.06,,,2.06,1113961,2026-04-08T03:21:41.456138+00:00
109299,UCAP,2019-11-04,2.06,,,2.06,1180074,2026-04-08T03:21:45.945243+00:00
109402,UCAP,2019-11-05,2.15,,,2.15,1483365,2026-04-08T03:21:48.37169+00:00
109505,UCAP,2019-11-06,2.16,,,2.16,2140030,2026-04-08T03:21:50.755948+00:00
109608,UCAP,2019-11-07,2.18,,,2.18,3036078,2026-04-08T03:21:53.200031+00:00
109711,UCAP,2019-11-08,2.1,,,2.1,4151213,2026-04-08T03:21:55.63316+00:00
109814,UCAP,2019-11-12,2.1,,,2.1,2789165,2026-04-08T03:22:01.520244+00:00
109917,UCAP,2019-11-13,2.07,,,2.07,4444712,2026-04-08T03:22:04.169594+00:00
110020,UCAP,2019-11-14,2.27,,,2.27,6968895,2026-04-08T03:22:06.510438+00:00
110123,UCAP,2019-11-15,2.28,,,2.28,8806776,2026-04-08T03:22:08.972682+00:00
110225,UCAP,2019-11-18,2.3,,,2.3,6333247,2026-04-08T03:22:13.551393+00:00
110327,UCAP,2019-11-19,2.18,,,2.18,9620294,2026-04-08T03:22:15.801005+00:00
110429,UCAP,2019-11-20,2.2,,,2.2,5975532,2026-04-08T03:22:18.11241+00:00
110531,UCAP,2019-11-21,2.25,,,2.25,4242269,2026-04-08T03:22:20.360812+00:00
110633,UCAP,2019-11-22,2.21,,,2.21,10486087,2026-04-08T03:22:22.766306+00:00
110735,UCAP,2019-11-25,2.35,,,2.35,8320181,2026-04-08T03:22:27.077445+00:00
110837,UCAP,2019-11-26,2.39,,,2.39,24807374,2026-04-08T03:22:29.415971+00:00
110939,UCAP,2019-11-27,2.35,,,2.35,5107425,2026-04-08T03:22:31.797244+00:00
111041,UCAP,2019-11-28,2.37,,,2.37,1712504,2026-04-08T03:22:34.150197+00:00
111143,UCAP,2019-11-29,2.35,,,2.35,656637,2026-04-08T03:22:36.43862+00:00
111245,UCAP,2019-12-02,2.3,,,2.3,6573869,2026-04-08T03:22:40.672716+00:00
111347,UCAP,2019-12-03,2.3,,,2.3,1977433,2026-04-08T03:22:42.857808+00:00
111449,UCAP,2019-12-04,2.26,,,2.26,1895796,2026-04-08T03:22:45.132537+00:00
111551,UCAP,2019-12-05,2.3,,,2.3,916009,2026-04-08T03:22:47.409461+00:00
111653,UCAP,2019-12-06,2.28,,,2.28,2275018,2026-04-08T03:22:49.720566+00:00
111755,UCAP,2019-12-10,2.23,,,2.23,1400603,2026-04-08T03:22:54.948045+00:00
111857,UCAP,2019-12-11,2.16,,,2.16,4843119,2026-04-08T03:22:57.463594+00:00
111959,UCAP,2019-12-12,2.19,,,2.19,3336041,2026-04-08T03:22:59.677549+00:00
112061,UCAP,2019-12-13,2.22,,,2.22,1183700,2026-04-08T03:23:01.961124+00:00
112163,UCAP,2019-12-16,2.2,,,2.2,1923718,2026-04-08T03:23:06.206185+00:00
112265,UCAP,2019-12-17,2.3,,,2.3,3273615,2026-04-08T03:23:08.526507+00:00
112367,UCAP,2019-12-18,2.3,,,2.3,1019521,2026-04-08T03:23:10.699016+00:00
112469,UCAP,2019-12-19,2.37,,,2.37,4131948,2026-04-08T03:23:13.06361+00:00
112571,UCAP,2019-12-20,2.38,,,2.38,599564,2026-04-08T03:23:15.515212+00:00
112673,UCAP,2019-12-23,2.4,,,2.4,4273597,2026-04-08T03:23:19.645113+00:00
112775,UCAP,2019-12-24,2.4,,,2.4,4094142,2026-04-08T03:23:22.081747+00:00
112877,UCAP,2019-12-27,2.4,,,2.4,1124635,2026-04-08T03:23:26.48241+00:00
112979,UCAP,2019-12-31,2.4,,,2.4,183291,2026-04-08T03:23:31.997666+00:00
113081,UCAP,2020-01-02,2.4,,,2.4,463996,2026-04-08T03:23:35.253628+00:00
113183,UCAP,2020-01-03,2.4,,,2.4,798018,2026-04-08T03:23:37.484442+00:00
113285,UCAP,2020-01-06,2.52,,,2.52,4188657,2026-04-08T03:23:41.810791+00:00
113387,UCAP,2020-01-07,2.5,,,2.5,10656273,2026-04-08T03:23:44.238014+00:00
113489,UCAP,2020-01-08,2.7,,,2.7,11568171,2026-04-08T03:23:46.428903+00:00
113591,UCAP,2020-01-09,2.71,,,2.71,13765640,2026-04-08T03:23:48.760691+00:00
113694,UCAP,2020-01-10,2.6,,,2.6,3441372,2026-04-08T03:23:51.312987+00:00
113797,UCAP,2020-01-13,2.61,,,2.61,4766569,2026-04-08T03:23:55.704331+00:00
113900,UCAP,2020-01-14,2.61,,,2.61,4227318,2026-04-08T03:23:58.044369+00:00
114003,UCAP,2020-01-15,2.64,,,2.64,2157973,2026-04-08T03:24:00.340453+00:00
114106,UCAP,2020-01-16,2.66,,,2.66,2547621,2026-04-08T03:24:02.775573+00:00
114209,UCAP,2020-01-17,2.69,,,2.69,2126993,2026-04-08T03:24:05.107796+00:00
114312,UCAP,2020-01-20,2.7,,,2.7,4920997,2026-04-08T03:24:09.637495+00:00
114415,UCAP,2020-01-21,2.75,,,2.75,3850689,2026-04-08T03:24:12.081094+00:00
114518,UCAP,2020-01-23,2.7,,,2.7,568604,2026-04-08T03:24:15.397306+00:00
114621,UCAP,2020-01-24,2.7,,,2.7,834363,2026-04-08T03:24:17.760742+00:00
114724,UCAP,2020-01-27,2.66,,,2.66,5021218,2026-04-08T03:24:22.426106+00:00
114827,UCAP,2020-01-28,2.66,,,2.66,4086031,2026-04-08T03:24:24.728321+00:00
114930,UCAP,2020-01-29,2.6,,,2.6,2597512,2026-04-08T03:24:27.287495+00:00
115033,UCAP,2020-01-30,2.55,,,2.55,2391128,2026-04-08T03:24:29.658352+00:00
115136,UCAP,2020-01-31,2.52,,,2.52,2572182,2026-04-08T03:24:31.961868+00:00
115239,UCAP,2020-02-03,2.45,,,2.45,3438536,2026-04-08T03:24:36.430808+00:00
115342,UCAP,2020-02-04,2.45,,,2.45,1066838,2026-04-08T03:24:38.687124+00:00
115445,UCAP,2020-02-05,2.59,,,2.59,983152,2026-04-08T03:24:41.03998+00:00
115548,UCAP,2020-02-06,2.59,,,2.59,1333616,2026-04-08T03:24:43.345135+00:00
115651,UCAP,2020-02-07,2.55,,,2.55,1401035,2026-04-08T03:24:45.609576+00:00
115754,UCAP,2020-02-10,2.61,,,2.61,1779516,2026-04-08T03:24:50.182603+00:00
115857,UCAP,2020-02-11,2.61,,,2.61,1029313,2026-04-08T03:24:52.780016+00:00
115960,UCAP,2020-02-12,2.6,,,2.6,2200609,2026-04-08T03:24:55.120152+00:00
116063,UCAP,2020-02-13,2.76,,,2.76,7635172,2026-04-08T03:24:57.649025+00:00
116166,UCAP,2020-02-14,2.94,,,2.94,20545114,2026-04-08T03:25:00.080254+00:00
116269,UCAP,2020-02-17,2.88,,,2.88,17159593,2026-04-08T03:25:04.377856+00:00
116372,UCAP,2020-02-18,2.93,,,2.93,15637098,2026-04-08T03:25:06.773592+00:00
116475,UCAP,2020-02-19,3.22,,,3.22,7170335,2026-04-08T03:25:09.231504+00:00
116578,UCAP,2020-02-20,3.54,,,3.54,23953757,2026-04-08T03:25:11.501588+00:00
116681,UCAP,2020-02-21,3.45,,,3.45,64835942,2026-04-08T03:25:13.948187+00:00
116784,UCAP,2020-02-24,3.35,,,3.35,18479976,2026-04-08T03:25:18.415367+00:00
116887,UCAP,2020-02-25,3.35,,,3.35,10110594,2026-04-08T03:25:20.711298+00:00
116990,UCAP,2020-02-26,3.27,,,3.27,11452625,2026-04-08T03:25:23.465375+00:00
117093,UCAP,2020-02-27,3.24,,,3.24,11397615,2026-04-08T03:25:26.011368+00:00
117196,UCAP,2020-02-28,3.23,,,3.23,32938697,2026-04-08T03:25:28.472167+00:00
117299,UCAP,2020-03-02,3.1,,,3.1,11823068,2026-04-08T03:25:32.979972+00:00
117402,UCAP,2020-03-03,3.22,,,3.22,12175239,2026-04-08T03:25:35.324079+00:00
117505,UCAP,2020-03-04,3.2,,,3.2,18365661,2026-04-08T03:25:37.587456+00:00
117608,UCAP,2020-03-05,3.1,,,3.1,33180553,2026-04-08T03:25:39.825698+00:00
117711,UCAP,2020-03-09,2.34,,,2.34,1477974,2026-04-08T03:25:45.227559+00:00
117814,UCAP,2020-03-10,2.34,,,2.34,1017437,2026-04-08T03:25:47.644077+00:00
117917,UCAP,2020-03-11,2.11,,,2.11,3302374,2026-04-08T03:25:49.940962+00:00
118020,UCAP,2020-03-12,1.9,,,1.9,2351816,2026-04-08T03:25:52.243289+00:00
118123,UCAP,2020-03-13,2.0,,,2.0,6227143,2026-04-08T03:25:54.520183+00:00
118226,UCAP,2020-03-16,2.2,,,2.2,7549049,2026-04-08T03:25:58.965391+00:00
118329,UCAP,2020-03-17,2.42,,,2.42,5356536,2026-04-08T03:26:01.331984+00:00
118432,UCAP,2020-03-18,2.6,,,2.6,4950403,2026-04-08T03:26:03.589989+00:00
118535,UCAP,2020-03-19,2.34,,,2.34,2512933,2026-04-08T03:26:05.957067+00:00
118638,UCAP,2020-03-20,2.41,,,2.41,4688256,2026-04-08T03:26:08.377452+00:00
118741,UCAP,2020-03-23,2.17,,,2.17,2992134,2026-04-08T03:26:12.667002+00:00
118844,UCAP,2020-03-24,2.0,,,2.0,6623666,2026-04-08T03:26:14.960057+00:00
118947,UCAP,2020-03-25,2.0,,,2.0,4597250,2026-04-08T03:26:17.224804+00:00
119050,UCAP,2020-03-26,2.2,,,2.2,1661806,2026-04-08T03:26:19.64473+00:00
119153,UCAP,2020-03-27,2.4,,,2.4,2271425,2026-04-08T03:26:21.968693+00:00
119256,UCAP,2020-03-30,2.2,,,2.2,1545310,2026-04-08T03:26:26.43282+00:00
119359,UCAP,2020-03-31,2.2,,,2.2,2055649,2026-04-08T03:26:28.926506+00:00
119462,UCAP,2020-04-01,2.06,,,2.06,3878117,2026-04-08T03:26:31.173614+00:00
119565,UCAP,2020-04-02,2.05,,,2.05,4062356,2026-04-08T03:26:33.480235+00:00
119668,UCAP,2020-04-03,2.18,,,2.18,3068638,2026-04-08T03:26:35.777807+00:00
119771,UCAP,2020-04-06,2.1,,,2.1,4094192,2026-04-08T03:26:40.135575+00:00
119874,UCAP,2020-04-07,2.17,,,2.17,3929521,2026-04-08T03:26:42.376644+00:00
119977,UCAP,2020-04-08,2.3,,,2.3,1583184,2026-04-08T03:26:44.690105+00:00
120080,UCAP,2020-04-09,2.3,,,2.3,3343059,2026-04-08T03:26:47.020639+00:00
120183,UCAP,2020-04-14,2.33,,,2.33,4695166,2026-04-08T03:26:53.304016+00:00
120286,UCAP,2020-04-15,2.3,,,2.3,9180500,2026-04-08T03:26:55.643286+00:00
120389,UCAP,2020-04-16,2.28,,,2.28,6854997,2026-04-08T03:26:58.005731+00:00
120492,UCAP,2020-04-17,2.25,,,2.25,3378436,2026-04-08T03:27:00.196144+00:00
120595,UCAP,2020-04-20,2.23,,,2.23,6272710,2026-04-08T03:27:04.902814+00:00
120698,UCAP,2020-04-21,2.2,,,2.2,8108323,2026-04-08T03:27:07.124699+00:00
120801,UCAP,2020-04-22,2.2,,,2.2,3346784,2026-04-08T03:27:09.50407+00:00
120904,UCAP,2020-04-23,2.4,,,2.4,13870469,2026-04-08T03:27:11.732195+00:00
121007,UCAP,2020-04-24,2.4,,,2.4,4760067,2026-04-08T03:27:14.133022+00:00
121110,UCAP,2020-04-27,2.39,,,2.39,1896844,2026-04-08T03:27:18.376911+00:00
121213,UCAP,2020-04-28,2.4,,,2.4,2961570,2026-04-08T03:27:20.70836+00:00
121316,UCAP,2020-04-29,2.39,,,2.39,4084425,2026-04-08T03:27:23.099969+00:00
121419,UCAP,2020-04-30,2.34,,,2.34,9943529,2026-04-08T03:27:25.479794+00:00
121522,UCAP,2020-05-04,2.4,,,2.4,11607353,2026-04-08T03:27:30.67652+00:00
121625,UCAP,2020-05-05,2.45,,,2.45,4007515,2026-04-08T03:27:32.997372+00:00
121728,UCAP,2020-05-06,2.59,,,2.59,4673937,2026-04-08T03:27:35.368243+00:00
121831,UCAP,2020-05-07,2.53,,,2.53,10826261,2026-04-08T03:27:37.70358+00:00
121934,UCAP,2020-05-08,2.5,,,2.5,2057044,2026-04-08T03:27:39.945267+00:00
122037,UCAP,2020-05-11,2.45,,,2.45,8067782,2026-04-08T03:27:44.543581+00:00
122140,UCAP,2020-05-12,2.5,,,2.5,4604067,2026-04-08T03:27:46.988848+00:00
122243,UCAP,2020-05-13,2.5,,,2.5,3538114,2026-04-08T03:27:49.292243+00:00
122346,UCAP,2020-05-14,2.49,,,2.49,6891881,2026-04-08T03:27:51.592074+00:00
122449,UCAP,2020-05-19,2.56,,,2.56,11699776,2026-04-08T03:27:58.031425+00:00
122552,UCAP,2020-05-20,2.62,,,2.62,5252601,2026-04-08T03:28:00.412443+00:00
122655,UCAP,2020-05-21,2.7,,,2.7,11790840,2026-04-08T03:28:02.829603+00:00
122758,UCAP,2020-05-27,2.73,,,2.73,15664808,2026-04-08T03:28:10.17932+00:00
122861,UCAP,2020-05-28,2.68,,,2.68,12760267,2026-04-08T03:28:12.484321+00:00
122964,UCAP,2020-05-29,2.59,,,2.59,5481604,2026-04-08T03:28:14.796152+00:00
123067,UCAP,2020-06-02,2.7,,,2.7,6818951,2026-04-08T03:28:20.224588+00:00
123170,UCAP,2020-06-03,2.6,,,2.6,7032679,2026-04-08T03:28:22.45251+00:00
123273,UCAP,2020-06-04,2.62,,,2.62,2163769,2026-04-08T03:28:24.742978+00:00
123376,UCAP,2020-06-05,2.65,,,2.65,3063280,2026-04-08T03:28:26.997708+00:00
123479,UCAP,2020-06-08,2.71,,,2.71,5825371,2026-04-08T03:28:31.360755+00:00
123582,UCAP,2020-06-09,2.7,,,2.7,3463389,2026-04-08T03:28:33.545964+00:00
123685,UCAP,2020-06-10,2.68,,,2.68,2915276,2026-04-08T03:28:35.856379+00:00
123788,UCAP,2020-06-11,2.64,,,2.64,7233475,2026-04-08T03:28:38.052531+00:00
123891,UCAP,2020-06-15,2.6,,,2.6,6365070,2026-04-08T03:28:43.437023+00:00
123994,UCAP,2020-06-16,2.6,,,2.6,6230508,2026-04-08T03:28:45.961134+00:00
124097,UCAP,2020-06-17,2.6,,,2.6,4548878,2026-04-08T03:28:48.324213+00:00
124200,UCAP,2020-06-18,2.55,,,2.55,3236819,2026-04-08T03:28:50.696546+00:00
124303,UCAP,2020-06-19,2.6,,,2.6,5704994,2026-04-08T03:28:53.406809+00:00
124406,UCAP,2020-06-22,2.58,,,2.58,2121898,2026-04-08T03:28:57.922359+00:00
124509,UCAP,2020-06-23,2.61,,,2.61,1018937,2026-04-08T03:29:00.283028+00:00
124612,UCAP,2020-06-24,2.58,,,2.58,1828464,2026-04-08T03:29:02.79982+00:00
124715,UCAP,2020-06-25,2.6,,,2.6,2841004,2026-04-08T03:29:05.076463+00:00
124818,UCAP,2020-06-26,2.63,,,2.63,1301154,2026-04-08T03:29:07.48598+00:00
124921,UCAP,2020-06-29,2.56,,,2.56,1657878,2026-04-08T03:29:11.968016+00:00
125024,UCAP,2020-06-30,2.55,,,2.55,7515718,2026-04-08T03:29:14.28255+00:00
125127,UCAP,2020-07-01,2.57,,,2.57,2283822,2026-04-08T03:29:16.703757+00:00
125230,UCAP,2020-07-02,2.56,,,2.56,3813163,2026-04-08T03:29:19.127663+00:00
125333,UCAP,2020-07-03,2.55,,,2.55,1396785,2026-04-08T03:29:21.544735+00:00
125436,UCAP,2020-07-07,2.6,,,2.6,1366139,2026-04-08T03:29:27.331532+00:00
125539,UCAP,2020-07-08,2.6,,,2.6,1069829,2026-04-08T03:29:29.768744+00:00
125642,UCAP,2020-07-09,2.6,,,2.6,4826964,2026-04-08T03:29:32.143692+00:00
125745,UCAP,2020-07-10,2.7,,,2.7,2783981,2026-04-08T03:29:34.521297+00:00
125848,UCAP,2020-07-13,2.61,,,2.61,6056225,2026-04-08T03:29:39.007126+00:00
125951,UCAP,2020-07-14,2.61,,,2.61,4170973,2026-04-08T03:29:41.304989+00:00
126054,UCAP,2020-07-15,2.61,,,2.61,1688698,2026-04-08T03:29:43.708156+00:00
126157,UCAP,2020-07-16,2.7,,,2.7,5262273,2026-04-08T03:29:45.979708+00:00
126260,UCAP,2020-07-17,2.72,,,2.72,4169342,2026-04-08T03:29:48.357101+00:00
126363,UCAP,2020-07-20,2.72,,,2.72,7900378,2026-04-08T03:29:52.723074+00:00
126466,UCAP,2020-07-21,2.79,,,2.79,3132820,2026-04-08T03:29:55.035926+00:00
126569,UCAP,2020-07-23,2.78,,,2.78,3016548,2026-04-08T03:29:58.238067+00:00
126672,UCAP,2020-07-24,2.8,,,2.8,3975549,2026-04-08T03:30:00.541513+00:00
126775,UCAP,2020-07-27,2.77,,,2.77,4691974,2026-04-08T03:30:04.748878+00:00
126878,UCAP,2020-07-28,2.86,,,2.86,2695137,2026-04-08T03:30:07.286947+00:00
126981,UCAP,2020-07-29,2.87,,,2.87,4864956,2026-04-08T03:30:09.725653+00:00
127084,UCAP,2020-08-03,2.98,,,2.98,4910753,2026-04-08T03:30:16.711714+00:00
127187,UCAP,2020-08-04,2.97,,,2.97,3826455,2026-04-08T03:30:19.026905+00:00
127290,UCAP,2020-08-05,2.99,,,2.99,4246459,2026-04-08T03:30:21.509999+00:00
127393,UCAP,2020-08-06,3.01,,,3.01,3606024,2026-04-08T03:30:23.823287+00:00
127496,UCAP,2020-08-07,3.03,,,3.03,5132865,2026-04-08T03:30:26.221973+00:00
127599,UCAP,2020-08-10,3.24,,,3.24,3638638,2026-04-08T03:30:31.080726+00:00
127702,UCAP,2020-08-11,3.14,,,3.14,8102535,2026-04-08T03:30:33.557314+00:00
127805,UCAP,2020-08-12,3.2,,,3.2,3162525,2026-04-08T03:30:35.989363+00:00
127908,UCAP,2020-08-13,3.19,,,3.19,2558045,2026-04-08T03:30:38.402702+00:00
128011,UCAP,2020-08-14,3.16,,,3.16,3069917,2026-04-08T03:30:40.738296+00:00
128114,UCAP,2020-08-17,3.1,,,3.1,1478454,2026-04-08T03:30:45.179846+00:00
128217,UCAP,2020-08-18,3.2,,,3.2,3965689,2026-04-08T03:30:47.750292+00:00
128320,UCAP,2020-08-19,3.23,,,3.23,4692066,2026-04-08T03:30:50.260611+00:00
128423,UCAP,2020-08-20,3.21,,,3.21,2838012,2026-04-08T03:30:52.728097+00:00
128526,UCAP,2020-08-21,3.21,,,3.21,3059841,2026-04-08T03:30:55.129893+00:00
128629,UCAP,2020-08-24,3.1,,,3.1,5313267,2026-04-08T03:30:59.50528+00:00
128732,UCAP,2020-08-25,3.05,,,3.05,8274833,2026-04-08T03:31:01.97181+00:00
128835,UCAP,2020-08-26,3.05,,,3.05,7048830,2026-04-08T03:31:04.340397+00:00
128938,UCAP,2020-08-27,3.05,,,3.05,3633911,2026-04-08T03:31:06.825032+00:00
129041,UCAP,2020-08-28,3.1,,,3.1,1681531,2026-04-08T03:31:10.050623+00:00
129144,UCAP,2020-08-31,3.05,,,3.05,5508436,2026-04-08T03:31:14.574397+00:00
129247,UCAP,2020-09-01,3.06,,,3.06,2416709,2026-04-08T03:31:16.859057+00:00
129350,UCAP,2020-09-02,3.11,,,3.11,3018040,2026-04-08T03:31:19.223829+00:00
129453,UCAP,2020-09-03,3.14,,,3.14,2027349,2026-04-08T03:31:21.580357+00:00
129556,UCAP,2020-09-04,3.15,,,3.15,3947841,2026-04-08T03:31:24.095323+00:00
129659,UCAP,2020-09-07,3.15,,,3.15,3062291,2026-04-08T03:31:29.028072+00:00
129762,UCAP,2020-09-08,3.07,,,3.07,6748499,2026-04-08T03:31:31.696694+00:00
129865,UCAP,2020-09-09,2.96,,,2.96,18737691,2026-04-08T03:31:34.222499+00:00
129968,UCAP,2020-09-10,3.09,,,3.09,2715975,2026-04-08T03:31:36.666154+00:00
130071,UCAP,2020-09-11,3.08,,,3.08,1371546,2026-04-08T03:31:39.224755+00:00
130174,UCAP,2020-09-14,3.0,,,3.0,4551806,2026-04-08T03:31:43.669625+00:00
130277,UCAP,2020-09-15,3.01,,,3.01,2186540,2026-04-08T03:31:46.096824+00:00
130380,UCAP,2020-09-16,3.11,,,3.11,3997372,2026-04-08T03:31:48.62473+00:00
130483,UCAP,2020-09-17,3.11,,,3.11,13543924,2026-04-08T03:31:51.120615+00:00
130586,UCAP,2020-09-18,3.15,,,3.15,2743470,2026-04-08T03:31:53.500222+00:00
130689,UCAP,2020-09-21,3.15,,,3.15,5167828,2026-04-08T03:31:57.915353+00:00
130792,UCAP,2020-09-22,3.15,,,3.15,2796024,2026-04-08T03:32:00.361616+00:00
130895,UCAP,2020-09-23,3.13,,,3.13,3082479,2026-04-08T03:32:02.667296+00:00
130998,UCAP,2020-09-24,3.2,,,3.2,2997618,2026-04-08T03:32:05.077899+00:00
131101,UCAP,2020-09-25,3.25,,,3.25,2734076,2026-04-08T03:32:07.472813+00:00
131204,UCAP,2020-09-28,3.33,,,3.33,5307866,2026-04-08T03:32:12.542607+00:00
131307,UCAP,2020-09-29,3.33,,,3.33,5035313,2026-04-08T03:32:14.948969+00:00
131410,UCAP,2020-09-30,3.33,,,3.33,2939723,2026-04-08T03:32:17.368144+00:00
131513,UCAP,2020-10-02,3.33,,,3.33,3773082,2026-04-08T03:32:21.009688+00:00
131616,UCAP,2020-10-05,3.55,,,3.55,6920777,2026-04-08T03:32:25.669514+00:00
131719,UCAP,2020-10-06,3.85,,,3.85,15788344,2026-04-08T03:32:28.151061+00:00
131822,UCAP,2020-10-07,3.74,,,3.74,12397168,2026-04-08T03:32:30.62441+00:00
131925,UCAP,2020-10-08,3.71,,,3.71,7499466,2026-04-08T03:32:32.995223+00:00
132028,UCAP,2020-10-09,3.54,,,3.54,10148167,2026-04-08T03:32:35.453646+00:00
132131,UCAP,2020-10-12,3.56,,,3.56,2715036,2026-04-08T03:32:39.836845+00:00
132234,UCAP,2020-10-13,3.5,,,3.5,5681654,2026-04-08T03:32:42.883097+00:00
132337,UCAP,2020-10-14,3.5,,,3.5,2846405,2026-04-08T03:32:45.313484+00:00
132440,UCAP,2020-10-15,3.5,,,3.5,5233122,2026-04-08T03:32:47.672181+00:00
132543,UCAP,2020-10-16,3.63,,,3.63,3700475,2026-04-08T03:32:50.112843+00:00
132646,UCAP,2020-10-19,3.55,,,3.55,10004649,2026-04-08T03:32:54.594352+00:00
132749,UCAP,2020-10-20,3.84,,,3.84,9412932,2026-04-08T03:32:57.288568+00:00
132852,UCAP,2020-10-21,3.57,,,3.57,16555126,2026-04-08T03:32:59.679627+00:00
132955,UCAP,2020-10-22,3.8,,,3.8,6500532,2026-04-08T03:33:02.194874+00:00
133058,UCAP,2020-10-23,3.82,,,3.82,4662806,2026-04-08T03:33:04.540232+00:00
133161,UCAP,2020-10-26,3.82,,,3.82,3781546,2026-04-08T03:33:08.964122+00:00
133264,UCAP,2020-10-27,3.87,,,3.87,7511784,2026-04-08T03:33:12.04516+00:00
133367,UCAP,2020-10-28,3.98,,,3.98,9289564,2026-04-08T03:33:14.504918+00:00
133470,UCAP,2020-10-30,4.18,,,4.18,21205157,2026-04-08T03:33:18.13889+00:00
133573,UCAP,2020-11-02,4.0,,,4.0,7622365,2026-04-08T03:33:22.589733+00:00
133676,UCAP,2020-11-03,4.07,,,4.07,6917025,2026-04-08T03:33:24.936567+00:00
133779,UCAP,2020-11-04,4.04,,,4.04,4691881,2026-04-08T03:33:27.402012+00:00
133882,UCAP,2020-11-05,4.05,,,4.05,5739234,2026-04-08T03:33:29.791139+00:00
133985,UCAP,2020-11-06,4.2,,,4.2,10380824,2026-04-08T03:33:32.190465+00:00
134088,UCAP,2020-11-09,4.42,,,4.42,18207247,2026-04-08T03:33:36.944942+00:00
134192,UCAP,2020-11-10,4.28,,,4.28,7397525,2026-04-08T03:33:39.328014+00:00
134296,UCAP,2020-11-11,4.7,,,4.7,23248800,2026-04-08T03:33:41.646704+00:00
134400,UCAP,2020-11-12,5.11,,,5.11,53634378,2026-04-08T03:33:44.075825+00:00
134504,UCAP,2020-11-13,4.95,,,4.95,30230669,2026-04-08T03:33:46.660663+00:00
134608,UCAP,2020-11-16,4.53,,,4.53,21499731,2026-04-08T03:33:51.206328+00:00
134712,UCAP,2020-11-17,4.65,,,4.65,17925385,2026-04-08T03:33:53.594986+00:00
134816,UCAP,2020-11-18,4.8,,,4.8,11501735,2026-04-08T03:33:56.053488+00:00
134920,UCAP,2020-11-19,4.71,,,4.71,12156431,2026-04-08T03:33:58.535588+00:00
135024,UCAP,2020-11-20,4.41,,,4.41,7665272,2026-04-08T03:34:01.033528+00:00
135128,UCAP,2020-11-23,4.2,,,4.2,16130092,2026-04-08T03:34:05.446005+00:00
135232,UCAP,2020-11-24,4.6,,,4.6,14982320,2026-04-08T03:34:07.827748+00:00
135336,UCAP,2020-11-25,4.7,,,4.7,7169294,2026-04-08T03:34:10.273596+00:00
135440,UCAP,2020-11-26,4.7,,,4.7,7570215,2026-04-08T03:34:12.878043+00:00
135544,UCAP,2020-11-27,4.77,,,4.77,2051601,2026-04-08T03:34:15.660625+00:00
135648,UCAP,2020-11-30,4.5,,,4.5,5384856,2026-04-08T03:34:20.595268+00:00
135752,UCAP,2020-12-01,4.6,,,4.6,3126201,2026-04-08T03:34:22.915781+00:00
135855,UCAP,2020-12-02,4.54,,,4.54,2533723,2026-04-08T03:34:25.200893+00:00
135957,UCAP,2020-12-03,4.5,,,4.5,3859829,2026-04-08T03:34:27.500503+00:00
136059,UCAP,2020-12-04,4.5,,,4.5,4693652,2026-04-08T03:34:29.754666+00:00
136163,UCAP,2020-12-07,4.6,,,4.6,5373385,2026-04-08T03:34:34.092506+00:00
136267,UCAP,2020-12-08,4.59,,,4.59,4418838,2026-04-08T03:34:36.413898+00:00
136371,UCAP,2020-12-09,4.52,,,4.52,3108617,2026-04-08T03:34:38.741358+00:00
136475,UCAP,2020-12-10,4.22,,,4.22,12262648,2026-04-08T03:34:41.210459+00:00
136579,UCAP,2020-12-11,4.41,,,4.41,6391075,2026-04-08T03:34:43.516271+00:00
136683,UCAP,2020-12-14,4.5,,,4.5,4581287,2026-04-08T03:34:47.752987+00:00
136788,UCAP,2020-12-15,4.54,,,4.54,2954515,2026-04-08T03:34:50.014046+00:00
136893,UCAP,2020-12-16,4.4,,,4.4,7651076,2026-04-08T03:34:52.260784+00:00
136998,UCAP,2020-12-17,4.71,,,4.71,8231570,2026-04-08T03:34:54.700208+00:00
137103,UCAP,2020-12-18,4.65,,,4.65,2746876,2026-04-08T03:34:57.404383+00:00
137208,UCAP,2020-12-21,4.52,,,4.52,7014475,2026-04-08T03:35:01.74156+00:00
137313,UCAP,2020-12-22,4.5,,,4.5,14843920,2026-04-08T03:35:04.087051+00:00
137418,UCAP,2020-12-23,4.67,,,4.67,7542100,2026-04-08T03:35:06.465463+00:00
137523,UCAP,2020-12-24,4.75,,,4.75,4044152,2026-04-08T03:35:08.859517+00:00
137628,UCAP,2020-12-29,4.8,,,4.8,14111107,2026-04-08T03:35:15.710612+00:00
137733,UCAP,2020-12-30,4.79,,,4.79,2055943,2026-04-08T03:35:18.332825+00:00
137838,UCAP,2020-12-31,4.71,,,4.71,3079251,2026-04-08T03:35:20.721524+00:00
137943,UCAP,2021-01-04,4.94,,,4.94,4079460,2026-04-08T03:35:26.376094+00:00
138048,UCAP,2021-01-05,4.9,,,4.9,7344711,2026-04-08T03:35:29.033034+00:00
138153,UCAP,2021-01-06,4.98,,,4.98,5359572,2026-04-08T03:35:31.424152+00:00
138258,UCAP,2021-01-07,4.99,,,4.99,5714335,2026-04-08T03:35:34.042283+00:00
138363,UCAP,2021-01-08,5.0,,,5.0,4971430,2026-04-08T03:35:36.489888+00:00
138468,UCAP,2021-01-11,4.83,,,4.83,4321305,2026-04-08T03:35:41.134484+00:00
138573,UCAP,2021-01-12,5.03,,,5.03,5072656,2026-04-08T03:35:43.444525+00:00
138678,UCAP,2021-01-13,5.08,,,5.08,10849667,2026-04-08T03:35:45.752573+00:00
138783,UCAP,2021-01-14,5.19,,,5.19,5933821,2026-04-08T03:35:48.266873+00:00
138888,UCAP,2021-01-15,5.29,,,5.29,10422937,2026-04-08T03:35:50.536305+00:00
138993,UCAP,2021-01-18,5.2,,,5.2,7489744,2026-04-08T03:35:55.012207+00:00
139098,UCAP,2021-01-19,5.35,,,5.35,10475404,2026-04-08T03:35:57.346792+00:00
139203,UCAP,2021-01-20,5.4,,,5.4,12653575,2026-04-08T03:35:59.785195+00:00
139308,UCAP,2021-01-21,5.39,,,5.39,11041251,2026-04-08T03:36:02.057398+00:00
139413,UCAP,2021-01-22,5.45,,,5.45,13664889,2026-04-08T03:36:04.490813+00:00
139518,UCAP,2021-01-25,5.4,,,5.4,5958513,2026-04-08T03:36:09.142175+00:00
139623,UCAP,2021-01-26,5.5,,,5.5,18878970,2026-04-08T03:36:11.477526+00:00
139728,UCAP,2021-01-27,5.9,,,5.9,18534713,2026-04-08T03:36:13.916788+00:00
139833,UCAP,2021-01-28,5.9,,,5.9,5532954,2026-04-08T03:36:16.269205+00:00
139938,UCAP,2021-01-29,5.9,,,5.9,12620037,2026-04-08T03:36:18.603253+00:00
140043,UCAP,2021-02-01,5.87,,,5.87,4345024,2026-04-08T03:36:23.094546+00:00
140148,UCAP,2021-02-02,5.71,,,5.71,17586777,2026-04-08T03:36:25.523135+00:00
140253,UCAP,2021-02-03,5.76,,,5.76,11661548,2026-04-08T03:36:27.835035+00:00
140358,UCAP,2021-02-04,5.76,,,5.76,5426719,2026-04-08T03:36:30.225924+00:00
140463,UCAP,2021-02-05,5.74,,,5.74,9231987,2026-04-08T03:36:32.587221+00:00
140568,UCAP,2021-02-08,5.7,,,5.7,11200055,2026-04-08T03:36:37.052653+00:00
140673,UCAP,2021-02-09,5.66,,,5.66,4648015,2026-04-08T03:36:39.468141+00:00
140778,UCAP,2021-02-10,5.4,,,5.4,11461617,2026-04-08T03:36:41.836322+00:00
140883,UCAP,2021-02-11,5.28,,,5.28,12867013,2026-04-08T03:36:44.255641+00:00
140988,UCAP,2021-02-12,5.65,,,5.65,4733385,2026-04-08T03:36:46.553737+00:00
141093,UCAP,2021-02-15,6.05,,,6.05,13120160,2026-04-08T03:36:50.983127+00:00
141198,UCAP,2021-02-16,6.0,,,6.0,9556941,2026-04-08T03:36:53.929967+00:00
141303,UCAP,2021-02-17,6.0,,,6.0,9894099,2026-04-08T03:36:56.762484+00:00
141408,UCAP,2021-02-18,5.98,,,5.98,8664683,2026-04-08T03:36:59.321693+00:00
141513,UCAP,2021-02-19,6.35,,,6.35,53322717,2026-04-08T03:37:01.817881+00:00
141618,UCAP,2021-02-22,6.0,,,6.0,27443887,2026-04-08T03:37:06.27808+00:00
141723,UCAP,2021-02-23,6.21,,,6.21,20968270,2026-04-08T03:37:08.890934+00:00
141828,UCAP,2021-02-24,6.24,,,6.24,22008388,2026-04-08T03:37:11.490979+00:00
141933,UCAP,2021-02-25,6.0,,,6.0,19239478,2026-04-08T03:37:14.190372+00:00
142038,UCAP,2021-02-26,6.13,,,6.13,17149700,2026-04-08T03:37:16.661186+00:00
142143,UCAP,2021-03-01,6.1,,,6.1,11329537,2026-04-08T03:37:22.522205+00:00
142248,UCAP,2021-03-02,6.01,,,6.01,20238411,2026-04-08T03:37:25.400973+00:00
142353,UCAP,2021-03-03,5.85,,,5.85,24606285,2026-04-08T03:37:28.29584+00:00
142458,UCAP,2021-03-04,6.0,,,6.0,19926727,2026-04-08T03:37:30.865183+00:00
142563,UCAP,2021-03-05,5.72,,,5.72,19230176,2026-04-08T03:37:35.032922+00:00
142668,UCAP,2021-03-08,4.8,,,4.8,13596296,2026-04-08T03:37:40.957406+00:00
142773,UCAP,2021-03-09,5.02,,,5.02,6755147,2026-04-08T03:37:43.478318+00:00
142878,UCAP,2021-03-10,4.99,,,4.99,4384993,2026-04-08T03:37:46.075681+00:00
142983,UCAP,2021-03-11,4.82,,,4.82,6202812,2026-04-08T03:37:49.142973+00:00
143088,UCAP,2021-03-12,4.8,,,4.8,2731118,2026-04-08T03:37:51.827027+00:00
143193,UCAP,2021-03-15,4.61,,,4.61,5178505,2026-04-08T03:37:56.632273+00:00
143298,UCAP,2021-03-16,4.5,,,4.5,3000773,2026-04-08T03:37:59.157483+00:00
143403,UCAP,2021-03-17,4.55,,,4.55,3175710,2026-04-08T03:38:01.497417+00:00
143508,UCAP,2021-03-18,4.75,,,4.75,2819415,2026-04-08T03:38:03.831621+00:00
143613,UCAP,2021-03-19,5.1,,,5.1,7389652,2026-04-08T03:38:06.31825+00:00
143718,UCAP,2021-03-22,5.2,,,5.2,3543231,2026-04-08T03:38:11.081229+00:00
143823,UCAP,2021-03-23,5.1,,,5.1,2316222,2026-04-08T03:38:13.396015+00:00
143928,UCAP,2021-03-24,5.1,,,5.1,1563384,2026-04-08T03:38:15.81449+00:00
144033,UCAP,2021-03-25,5.12,,,5.12,2570821,2026-04-08T03:38:18.283134+00:00
144138,UCAP,2021-03-26,5.13,,,5.13,2227174,2026-04-08T03:38:20.746814+00:00
144243,UCAP,2021-03-29,5.2,,,5.2,3962315,2026-04-08T03:38:25.159246+00:00
144348,UCAP,2021-03-30,5.25,,,5.25,1381378,2026-04-08T03:38:27.475529+00:00
144453,UCAP,2021-03-31,5.3,,,5.3,6022242,2026-04-08T03:38:29.710175+00:00
144558,UCAP,2021-04-01,5.5,,,5.5,1392620,2026-04-08T03:38:32.086622+00:00
144663,UCAP,2021-04-06,5.5,,,5.5,2638589,2026-04-08T03:38:38.336109+00:00
144768,UCAP,2021-04-07,5.5,,,5.5,3252258,2026-04-08T03:38:40.597593+00:00
144873,UCAP,2021-04-08,5.4,,,5.4,1660910,2026-04-08T03:38:43.050318+00:00
144978,UCAP,2021-04-09,5.4,,,5.4,3230009,2026-04-08T03:38:45.381101+00:00
145083,UCAP,2021-04-12,5.5,,,5.5,3682134,2026-04-08T03:38:49.634064+00:00
145188,UCAP,2021-04-14,5.45,,,5.45,3079347,2026-04-08T03:38:53.291299+00:00
145293,UCAP,2021-04-15,5.5,,,5.5,2962596,2026-04-08T03:38:55.647647+00:00
145398,UCAP,2021-04-16,5.32,,,5.32,1225800,2026-04-08T03:38:58.039758+00:00
145503,UCAP,2021-04-19,5.2,,,5.2,4173505,2026-04-08T03:39:02.639407+00:00
145608,UCAP,2021-04-20,5.4,,,5.4,1208943,2026-04-08T03:39:05.009889+00:00
145713,UCAP,2021-04-21,5.4,,,5.4,752430,2026-04-08T03:39:07.371999+00:00
145818,UCAP,2021-04-22,5.4,,,5.4,1024345,2026-04-08T03:39:09.720023+00:00
145923,UCAP,2021-04-26,5.56,,,5.56,3615534,2026-04-08T03:39:15.36746+00:00
146028,UCAP,2021-04-27,5.65,,,5.65,5621071,2026-04-08T03:39:17.695414+00:00
146133,UCAP,2021-04-28,5.74,,,5.74,8886235,2026-04-08T03:39:20.620007+00:00
146238,UCAP,2021-04-29,5.67,,,5.67,4182637,2026-04-08T03:39:22.905871+00:00
146343,UCAP,2021-04-30,5.58,,,5.58,5485070,2026-04-08T03:39:25.430976+00:00
146448,UCAP,2021-05-04,5.8,,,5.8,7631158,2026-04-08T03:39:31.322792+00:00
146553,UCAP,2021-05-05,5.7,,,5.7,7361150,2026-04-08T03:39:33.759587+00:00
146658,UCAP,2021-05-06,5.8,,,5.8,6136219,2026-04-08T03:39:36.246061+00:00
146763,UCAP,2021-05-07,5.82,,,5.82,6212448,2026-04-08T03:39:38.47254+00:00
146868,UCAP,2021-05-10,6.0,,,6.0,14150004,2026-04-08T03:39:42.886326+00:00
146973,UCAP,2021-05-11,5.76,,,5.76,7843851,2026-04-08T03:39:45.288668+00:00
147078,UCAP,2021-05-14,6.25,,,6.25,11087912,2026-04-08T03:39:49.859206+00:00
147183,UCAP,2021-05-17,6.3,,,6.3,7801318,2026-04-08T03:39:54.343913+00:00
147288,UCAP,2021-05-18,6.18,,,6.18,5683059,2026-04-08T03:39:57.092526+00:00
147393,UCAP,2021-05-19,6.15,,,6.15,2545773,2026-04-08T03:39:59.433321+00:00
147498,UCAP,2021-05-20,6.1,,,6.1,4430688,2026-04-08T03:40:01.906518+00:00
147603,UCAP,2021-05-21,6.08,,,6.08,1435339,2026-04-08T03:40:04.221824+00:00
147708,UCAP,2021-05-24,6.19,,,6.19,3864661,2026-04-08T03:40:08.535937+00:00
147813,UCAP,2021-05-25,6.19,,,6.19,3147981,2026-04-08T03:40:10.790359+00:00
147918,UCAP,2021-05-26,6.21,,,6.21,2740813,2026-04-08T03:40:13.088105+00:00
148023,UCAP,2021-05-27,6.3,,,6.3,3356948,2026-04-08T03:40:15.774564+00:00
148128,UCAP,2021-05-28,6.23,,,6.23,7599313,2026-04-08T03:40:18.222614+00:00
148233,UCAP,2021-05-31,6.18,,,6.18,3218140,2026-04-08T03:40:23.651574+00:00
148338,UCAP,2021-06-01,5.95,,,5.95,23973618,2026-04-08T03:40:26.050454+00:00
148443,UCAP,2021-06-02,5.9,,,5.9,4962558,2026-04-08T03:40:28.576306+00:00
148548,UCAP,2021-06-03,6.2,,,6.2,6062290,2026-04-08T03:40:31.001459+00:00
148653,UCAP,2021-06-04,6.2,,,6.2,3967256,2026-04-08T03:40:33.442796+00:00
148758,UCAP,2021-06-07,6.1,,,6.1,2008523,2026-04-08T03:40:37.732645+00:00
148863,UCAP,2021-06-08,6.0,,,6.0,3068397,2026-04-08T03:40:40.102423+00:00
148968,UCAP,2021-06-09,6.2,,,6.2,6724705,2026-04-08T03:40:42.486352+00:00
149073,UCAP,2021-06-10,6.1,,,6.1,1537751,2026-04-08T03:40:45.029393+00:00
149178,UCAP,2021-06-11,6.19,,,6.19,5073583,2026-04-08T03:40:47.465669+00:00
149283,UCAP,2021-06-15,6.09,,,6.09,1577821,2026-04-08T03:40:53.415974+00:00
149388,UCAP,2021-06-16,6.17,,,6.17,7450628,2026-04-08T03:40:55.754681+00:00
149494,UCAP,2021-06-17,6.17,,,6.17,775160,2026-04-08T03:40:58.172345+00:00
149600,UCAP,2021-06-18,6.17,,,6.17,1945931,2026-04-08T03:41:00.479054+00:00
149706,UCAP,2021-06-21,6.17,,,6.17,3947122,2026-04-08T03:41:05.049703+00:00
149813,UCAP,2021-06-22,6.17,,,6.17,5338435,2026-04-08T03:41:07.444448+00:00
149920,UCAP,2021-06-23,6.17,,,6.17,4805604,2026-04-08T03:41:09.819069+00:00
150027,UCAP,2021-06-24,6.15,,,6.15,7475101,2026-04-08T03:41:12.2583+00:00
150134,UCAP,2021-06-25,6.06,,,6.06,13717972,2026-04-08T03:41:14.6351+00:00
150241,UCAP,2021-06-28,6.16,,,6.16,1483956,2026-04-08T03:41:19.428749+00:00
150348,UCAP,2021-06-29,6.18,,,6.18,5810555,2026-04-08T03:41:22.147646+00:00
150455,UCAP,2021-06-30,6.2,,,6.2,2651150,2026-04-08T03:41:24.723581+00:00
150562,UCAP,2021-07-01,6.19,,,6.19,3884048,2026-04-08T03:41:27.253573+00:00
150669,UCAP,2021-07-02,6.25,,,6.25,4279168,2026-04-08T03:41:29.882533+00:00
150776,UCAP,2021-07-05,6.39,,,6.39,5023217,2026-04-08T03:41:34.454391+00:00
150883,UCAP,2021-07-06,6.33,,,6.33,3879798,2026-04-08T03:41:36.982623+00:00
150990,UCAP,2021-07-07,6.32,,,6.32,4010648,2026-04-08T03:41:39.307643+00:00
151097,UCAP,2021-07-08,6.29,,,6.29,3701208,2026-04-08T03:41:41.672436+00:00
151205,UCAP,2021-07-09,6.3,,,6.3,2041672,2026-04-08T03:41:44.186247+00:00
151313,UCAP,2021-07-12,6.3,,,6.3,4728915,2026-04-08T03:41:48.615121+00:00
151421,UCAP,2021-07-13,6.22,,,6.22,7347210,2026-04-08T03:41:50.993586+00:00
151529,UCAP,2021-07-14,6.24,,,6.24,870697,2026-04-08T03:41:53.268+00:00
151637,UCAP,2021-07-15,6.3,,,6.3,2496987,2026-04-08T03:41:55.50175+00:00
151745,UCAP,2021-07-16,6.5,,,6.5,12625959,2026-04-08T03:41:57.978751+00:00
151853,UCAP,2021-07-19,6.72,,,6.72,3940500,2026-04-08T03:42:02.439681+00:00
151961,UCAP,2021-07-22,6.85,,,6.85,16900746,2026-04-08T03:42:06.938387+00:00
152069,UCAP,2021-07-23,7.35,,,7.35,14501700,2026-04-08T03:42:09.224536+00:00
152177,UCAP,2021-07-26,7.04,,,7.04,8041372,2026-04-08T03:42:13.888963+00:00
152285,UCAP,2021-07-27,6.95,,,6.95,3352317,2026-04-08T03:42:16.300026+00:00
152393,UCAP,2021-07-28,6.9,,,6.9,3110244,2026-04-08T03:42:18.733972+00:00
152501,UCAP,2021-07-29,6.8,,,6.8,3749801,2026-04-08T03:42:21.196071+00:00
152609,UCAP,2021-07-30,7.0,,,7.0,3304008,2026-04-08T03:42:23.780537+00:00
152717,UCAP,2021-08-02,6.8,,,6.8,3172366,2026-04-08T03:42:28.457705+00:00
152825,UCAP,2021-08-03,6.8,,,6.8,1569827,2026-04-08T03:42:31.094462+00:00
152933,UCAP,2021-08-04,6.8,,,6.8,3126570,2026-04-08T03:42:33.531563+00:00
153041,UCAP,2021-08-05,6.7,,,6.7,2656518,2026-04-08T03:42:35.917081+00:00
153149,UCAP,2021-08-06,6.7,,,6.7,5171536,2026-04-08T03:42:38.23616+00:00
153257,UCAP,2021-08-09,6.85,,,6.85,2983047,2026-04-08T03:42:42.878342+00:00
153365,UCAP,2021-08-10,6.99,,,6.99,3032982,2026-04-08T03:42:45.264053+00:00
153473,UCAP,2021-08-12,6.92,,,6.92,1216018,2026-04-08T03:42:48.762656+00:00
153581,UCAP,2021-08-13,6.96,,,6.96,573288,2026-04-08T03:42:51.120096+00:00
153689,UCAP,2021-08-16,6.96,,,6.96,1705314,2026-04-08T03:42:55.556429+00:00
153797,UCAP,2021-08-17,6.95,,,6.95,1744920,2026-04-08T03:42:57.870214+00:00
153905,UCAP,2021-08-18,6.92,,,6.92,1827223,2026-04-08T03:43:00.318272+00:00
154013,UCAP,2021-08-19,6.85,,,6.85,2333751,2026-04-08T03:43:02.743698+00:00
154121,UCAP,2021-08-20,6.89,,,6.89,3842069,2026-04-08T03:43:05.111187+00:00
154229,UCAP,2021-08-23,6.96,,,6.96,1677408,2026-04-08T03:43:09.725908+00:00
154337,UCAP,2021-08-24,7.0,,,7.0,3199499,2026-04-08T03:43:12.031989+00:00
154445,UCAP,2021-08-25,7.15,,,7.15,5760792,2026-04-08T03:43:14.375004+00:00
154553,UCAP,2021-08-26,7.15,,,7.15,4249614,2026-04-08T03:43:16.860503+00:00
154661,UCAP,2021-08-27,7.17,,,7.17,3127270,2026-04-08T03:43:19.247601+00:00
154769,UCAP,2021-08-30,7.17,,,7.17,2491002,2026-04-08T03:43:23.756871+00:00
154877,UCAP,2021-08-31,7.18,,,7.18,10347713,2026-04-08T03:43:26.203018+00:00
154985,UCAP,2021-09-01,7.18,,,7.18,12797872,2026-04-08T03:43:28.430514+00:00
155093,UCAP,2021-09-02,7.34,,,7.34,5480221,2026-04-08T03:43:30.63423+00:00
155201,UCAP,2021-09-03,7.34,,,7.34,4333341,2026-04-08T03:43:33.173741+00:00
155309,UCAP,2021-09-06,7.5,,,7.5,9397582,2026-04-08T03:43:37.566628+00:00
155417,UCAP,2021-09-07,8.1,,,8.1,9271141,2026-04-08T03:43:39.870652+00:00
155525,UCAP,2021-09-08,8.1,,,8.1,5132222,2026-04-08T03:43:42.125577+00:00
155633,UCAP,2021-09-09,8.0,,,8.0,3600168,2026-04-08T03:43:44.739177+00:00
155741,UCAP,2021-09-10,8.0,,,8.0,6905699,2026-04-08T03:43:47.339386+00:00
155849,UCAP,2021-09-13,8.1,,,8.1,5803269,2026-04-08T03:43:51.822078+00:00
155957,UCAP,2021-09-14,8.15,,,8.15,3777511,2026-04-08T03:43:54.260371+00:00
156065,UCAP,2021-09-15,8.2,,,8.2,9341841,2026-04-08T03:43:56.896801+00:00
156173,UCAP,2021-09-16,8.35,,,8.35,2196794,2026-04-08T03:43:59.227477+00:00
156281,UCAP,2021-09-20,9.0,,,9.0,6867857,2026-04-08T03:44:04.993721+00:00
156389,UCAP,2021-09-21,9.0,,,9.0,12887768,2026-04-08T03:44:07.727357+00:00
156497,UCAP,2021-09-22,8.55,,,8.55,8519588,2026-04-08T03:44:10.239254+00:00
156605,UCAP,2021-09-23,8.4,,,8.4,11461831,2026-04-08T03:44:12.661605+00:00
156713,UCAP,2021-09-24,8.6,,,8.6,4158181,2026-04-08T03:44:15.34542+00:00
156821,UCAP,2021-09-27,8.55,,,8.55,3177078,2026-04-08T03:44:19.850483+00:00
156929,UCAP,2021-09-28,8.7,,,8.7,3218873,2026-04-08T03:44:22.678655+00:00
157037,UCAP,2021-09-29,8.9,,,8.9,10838975,2026-04-08T03:44:25.133662+00:00
157145,UCAP,2021-09-30,8.95,,,8.95,2151377,2026-04-08T03:44:27.471646+00:00
157253,UCAP,2021-10-04,9.3,,,9.3,4976969,2026-04-08T03:44:32.876267+00:00
157361,UCAP,2021-10-05,9.4,,,9.4,6419099,2026-04-08T03:44:35.445743+00:00
157469,UCAP,2021-10-06,9.35,,,9.35,3135079,2026-04-08T03:44:37.876116+00:00
157577,UCAP,2021-10-07,9.15,,,9.15,1759412,2026-04-08T03:44:40.206594+00:00
157685,UCAP,2021-10-08,9.05,,,9.05,1404717,2026-04-08T03:44:42.63936+00:00
157793,UCAP,2021-10-11,9.1,,,9.1,1678136,2026-04-08T03:44:47.21782+00:00
157901,UCAP,2021-10-12,9.0,,,9.0,3434148,2026-04-08T03:44:49.55017+00:00
158009,UCAP,2021-10-13,9.15,,,9.15,2236950,2026-04-08T03:44:52.157785+00:00
158117,UCAP,2021-10-14,9.45,,,9.45,4380839,2026-04-08T03:44:54.53471+00:00
158226,UCAP,2021-10-15,9.85,,,9.85,7999318,2026-04-08T03:44:56.91657+00:00
158335,UCAP,2021-10-18,9.65,,,9.65,17270244,2026-04-08T03:45:01.595863+00:00
158444,UCAP,2021-10-20,9.5,,,9.5,15279503,2026-04-08T03:45:05.471144+00:00
158553,UCAP,2021-10-21,9.2,,,9.2,5851646,2026-04-08T03:45:08.008029+00:00
158660,UCAP,2021-10-22,9.2,,,9.2,11598531,2026-04-08T03:45:10.474564+00:00
158769,UCAP,2021-10-25,9.0,,,9.0,9384724,2026-04-08T03:45:15.28358+00:00
158878,UCAP,2021-10-26,9.0,,,9.0,3869825,2026-04-08T03:45:17.74539+00:00
158987,UCAP,2021-10-27,9.1,,,9.1,2914704,2026-04-08T03:45:20.303823+00:00
159096,UCAP,2021-10-28,9.1,,,9.1,1647533,2026-04-08T03:45:22.610226+00:00
159205,UCAP,2021-10-29,9.2,,,9.2,3425127,2026-04-08T03:45:25.013779+00:00
159314,UCAP,2021-11-01,9.0,,,9.0,7285669,2026-04-08T03:45:29.747778+00:00
159423,UCAP,2021-11-02,9.0,,,9.0,2955975,2026-04-08T03:45:32.292585+00:00
159532,UCAP,2021-11-03,9.05,,,9.05,2708066,2026-04-08T03:45:34.604091+00:00
159641,UCAP,2021-11-04,9.05,,,9.05,1275497,2026-04-08T03:45:37.086301+00:00
159750,UCAP,2021-11-05,9.2,,,9.2,1446935,2026-04-08T03:45:39.522081+00:00
159859,UCAP,2021-11-08,9.55,,,9.55,12571213,2026-04-08T03:45:44.061968+00:00
159968,UCAP,2021-11-10,9.8,,,9.8,4781314,2026-04-08T03:45:47.530577+00:00
160077,UCAP,2021-11-11,9.7,,,9.7,2100741,2026-04-08T03:45:49.990111+00:00
160186,UCAP,2021-11-12,9.65,,,9.65,1891307,2026-04-08T03:45:52.531373+00:00
160295,UCAP,2021-11-15,9.75,,,9.75,3891393,2026-04-08T03:45:57.041913+00:00
160404,UCAP,2021-11-17,9.8,,,9.8,2308726,2026-04-08T03:46:00.536124+00:00
160513,UCAP,2021-11-18,9.65,,,9.65,2034792,2026-04-08T03:46:03.012698+00:00
160622,UCAP,2021-11-19,9.65,,,9.65,2908490,2026-04-08T03:46:05.423699+00:00
160731,UCAP,2021-11-22,9.75,,,9.75,2242533,2026-04-08T03:46:10.306395+00:00
160840,UCAP,2021-11-23,9.8,,,9.8,4401695,2026-04-08T03:46:12.888041+00:00
160949,UCAP,2021-11-24,9.65,,,9.65,3236293,2026-04-08T03:46:15.261589+00:00
161058,UCAP,2021-11-25,9.8,,,9.8,2037144,2026-04-08T03:46:17.544601+00:00
161167,UCAP,2021-11-29,9.8,,,9.8,1788827,2026-04-08T03:46:23.244686+00:00
161276,UCAP,2021-11-30,9.65,,,9.65,941702,2026-04-08T03:46:25.627389+00:00
161385,UCAP,2021-12-01,9.7,,,9.7,3902951,2026-04-08T03:46:28.190956+00:00
161494,UCAP,2021-12-02,9.6,,,9.6,3898916,2026-04-08T03:46:30.651544+00:00
161603,UCAP,2021-12-03,9.9,,,9.9,9425188,2026-04-08T03:46:33.124129+00:00
161712,UCAP,2021-12-06,9.85,,,9.85,20960206,2026-04-08T03:46:37.622095+00:00
161821,UCAP,2021-12-07,9.75,,,9.75,2488376,2026-04-08T03:46:39.947423+00:00
161930,UCAP,2021-12-08,9.75,,,9.75,3758737,2026-04-08T03:46:42.482337+00:00
162039,UCAP,2021-12-09,9.7,,,9.7,2689039,2026-04-08T03:46:44.852467+00:00
162148,UCAP,2021-12-10,9.9,,,9.9,3211154,2026-04-08T03:46:47.321476+00:00
162258,UCAP,2021-12-13,9.9,,,9.9,1311081,2026-04-08T03:46:51.775824+00:00
162368,UCAP,2021-12-14,9.95,,,9.95,1496534,2026-04-08T03:46:54.126877+00:00
162478,UCAP,2021-12-15,10.0,,,10.0,1605799,2026-04-08T03:46:56.822916+00:00
162588,UCAP,2021-12-16,9.9,,,9.9,952264,2026-04-08T03:46:59.215115+00:00
162698,UCAP,2021-12-17,9.95,,,9.95,2965198,2026-04-08T03:47:01.752329+00:00
162809,UCAP,2021-12-20,9.95,,,9.95,1234291,2026-04-08T03:47:06.293287+00:00
162920,UCAP,2021-12-21,10.0,,,10.0,1345571,2026-04-08T03:47:08.729464+00:00
163031,UCAP,2021-12-22,10.0,,,10.0,1219534,2026-04-08T03:47:11.106283+00:00
163142,UCAP,2021-12-23,9.9,,,9.9,3467804,2026-04-08T03:47:13.420215+00:00
163253,UCAP,2021-12-24,9.9,,,9.9,1919759,2026-04-08T03:47:15.708642+00:00
163364,UCAP,2021-12-29,9.85,,,9.85,958147,2026-04-08T03:47:22.624079+00:00
163475,UCAP,2021-12-30,9.9,,,9.9,2040062,2026-04-08T03:47:25.019388+00:00
163586,UCAP,2021-12-31,9.9,,,9.9,4083309,2026-04-08T03:47:27.803632+00:00
163697,UCAP,2022-01-04,9.95,,,9.95,572667,2026-04-08T03:47:33.190226+00:00
163809,UCAP,2022-01-05,9.95,,,9.95,1176591,2026-04-08T03:47:35.481449+00:00
163921,UCAP,2022-01-06,10.2,,,10.2,3698988,2026-04-08T03:47:38.067383+00:00
164033,UCAP,2022-01-07,10.85,,,10.85,1305911,2026-04-08T03:47:40.483305+00:00
164145,UCAP,2022-01-10,11.3,,,11.3,5068016,2026-04-08T03:47:45.097739+00:00
164257,UCAP,2022-01-11,11.2,,,11.2,4387213,2026-04-08T03:47:47.617941+00:00
164369,UCAP,2022-01-12,11.0,,,11.0,4685815,2026-04-08T03:47:50.132225+00:00
164481,UCAP,2022-01-13,10.9,,,10.9,881393,2026-04-08T03:47:52.673244+00:00
164593,UCAP,2022-01-14,11.1,,,11.1,2934090,2026-04-08T03:47:55.308832+00:00
164705,UCAP,2022-01-17,11.15,,,11.15,2148393,2026-04-08T03:47:59.999655+00:00
164817,UCAP,2022-01-18,11.15,,,11.15,848508,2026-04-08T03:48:02.353596+00:00
164929,UCAP,2022-01-19,11.05,,,11.05,1937555,2026-04-08T03:48:04.820784+00:00
165041,UCAP,2022-01-20,11.3,,,11.3,7212959,2026-04-08T03:48:07.325935+00:00
165153,UCAP,2022-01-21,11.15,,,11.15,3264951,2026-04-08T03:48:09.696329+00:00
165265,UCAP,2022-01-24,10.9,,,10.9,3628216,2026-04-08T03:48:14.136661+00:00
165377,UCAP,2022-01-25,10.75,,,10.75,1754834,2026-04-08T03:48:16.50614+00:00
165489,UCAP,2022-01-26,11.0,,,11.0,2281195,2026-04-08T03:48:19.024911+00:00
165601,UCAP,2022-01-27,10.85,,,10.85,1816736,2026-04-08T03:48:21.585909+00:00
165713,UCAP,2022-01-28,10.95,,,10.95,2141001,2026-04-08T03:48:23.969021+00:00
165825,UCAP,2022-01-31,11.0,,,11.0,5284713,2026-04-08T03:48:28.465348+00:00
165937,UCAP,2022-02-01,11.15,,,11.15,1336453,2026-04-08T03:48:30.807911+00:00
166049,UCAP,2022-02-02,11.2,,,11.2,2072551,2026-04-08T03:48:33.305516+00:00
166161,UCAP,2022-02-03,11.25,,,11.25,3358011,2026-04-08T03:48:35.918914+00:00
166273,UCAP,2022-02-04,11.2,,,11.2,1616874,2026-04-08T03:48:38.317721+00:00
166385,UCAP,2022-02-07,11.2,,,11.2,1985119,2026-04-08T03:48:42.904693+00:00
166497,UCAP,2022-02-08,11.05,,,11.05,1573691,2026-04-08T03:48:45.378139+00:00
166609,UCAP,2022-02-09,11.0,,,11.0,2960664,2026-04-08T03:48:48.035665+00:00
166721,UCAP,2022-02-10,11.0,,,11.0,824112,2026-04-08T03:48:50.398564+00:00
166833,UCAP,2022-02-11,11.0,,,11.0,1897737,2026-04-08T03:48:52.774016+00:00
166945,UCAP,2022-02-14,11.05,,,11.05,1674461,2026-04-08T03:48:57.293433+00:00
167057,UCAP,2022-02-15,11.0,,,11.0,3697327,2026-04-08T03:48:59.662493+00:00
167169,UCAP,2022-02-16,10.95,,,10.95,1793571,2026-04-08T03:49:02.003783+00:00
167281,UCAP,2022-02-17,10.95,,,10.95,30274570,2026-04-08T03:49:04.32656+00:00
167393,UCAP,2022-02-18,12.0,,,12.0,39162074,2026-04-08T03:49:06.711382+00:00
167505,UCAP,2022-02-21,13.2,,,13.2,31575454,2026-04-08T03:49:10.978464+00:00
167617,UCAP,2022-02-22,13.5,,,13.5,66097630,2026-04-08T03:49:13.528869+00:00
167729,UCAP,2022-02-23,14.15,,,14.15,14711995,2026-04-08T03:49:15.914345+00:00
167841,UCAP,2022-02-24,13.95,,,13.95,19077324,2026-04-08T03:49:18.676795+00:00
167953,UCAP,2022-02-25,14.0,,,14.0,9847158,2026-04-08T03:49:21.264729+00:00
168065,UCAP,2022-02-28,13.85,,,13.85,8992314,2026-04-08T03:49:25.620712+00:00
168177,UCAP,2022-03-01,13.6,,,13.6,11949078,2026-04-08T03:49:28.049171+00:00
168289,UCAP,2022-03-02,13.1,,,13.1,28340044,2026-04-08T03:49:30.283109+00:00
168401,UCAP,2022-03-03,13.2,,,13.2,7197110,2026-04-08T03:49:32.551227+00:00
168513,UCAP,2022-03-04,13.9,,,13.9,10195610,2026-04-08T03:49:34.968546+00:00
168625,UCAP,2022-03-07,14.0,,,14.0,14232304,2026-04-08T03:49:39.227432+00:00
168737,UCAP,2022-03-08,13.6,,,13.6,9295901,2026-04-08T03:49:41.475537+00:00
168849,UCAP,2022-03-09,12.5,,,12.5,25292457,2026-04-08T03:49:43.759827+00:00
168961,UCAP,2022-03-10,12.2,,,12.2,2111322,2026-04-08T03:49:46.077826+00:00
169073,UCAP,2022-03-11,12.55,,,12.55,16879536,2026-04-08T03:49:48.438529+00:00
169185,UCAP,2022-03-14,12.95,,,12.95,9379802,2026-04-08T03:49:53.114563+00:00
169297,UCAP,2022-03-15,12.65,,,12.65,2784818,2026-04-08T03:49:55.533531+00:00
169409,UCAP,2022-03-16,12.5,,,12.5,2804702,2026-04-08T03:49:57.903122+00:00
169521,UCAP,2022-03-17,12.4,,,12.4,2365411,2026-04-08T03:50:00.211329+00:00
169633,UCAP,2022-03-18,12.55,,,12.55,1990207,2026-04-08T03:50:02.865266+00:00
169745,UCAP,2022-03-21,12.4,,,12.4,3951018,2026-04-08T03:50:07.476142+00:00
169857,UCAP,2022-03-24,12.45,,,12.45,6755266,2026-04-08T03:50:12.041871+00:00
169969,UCAP,2022-03-25,12.45,,,12.45,1752713,2026-04-08T03:50:14.507747+00:00
170081,UCAP,2022-03-28,12.45,,,12.45,3937251,2026-04-08T03:50:18.995306+00:00
170193,UCAP,2022-03-29,12.55,,,12.55,7427300,2026-04-08T03:50:21.48252+00:00
170305,UCAP,2022-03-31,12.55,,,12.55,7692177,2026-04-08T03:50:25.686443+00:00
170417,UCAP,2022-04-01,12.2,,,12.2,3508954,2026-04-08T03:50:28.209626+00:00
170529,UCAP,2022-04-04,12.45,,,12.45,1804150,2026-04-08T03:50:32.692631+00:00
170641,UCAP,2022-04-05,12.45,,,12.45,2512333,2026-04-08T03:50:35.152392+00:00
170753,UCAP,2022-04-06,12.6,,,12.6,1074741,2026-04-08T03:50:37.478667+00:00
170865,UCAP,2022-04-07,12.9,,,12.9,6066324,2026-04-08T03:50:39.880974+00:00
170977,UCAP,2022-04-08,13.1,,,13.1,8440141,2026-04-08T03:50:42.48638+00:00
171089,UCAP,2022-04-11,13.75,,,13.75,5155612,2026-04-08T03:50:47.197044+00:00
171201,UCAP,2022-04-12,13.85,,,13.85,6185338,2026-04-08T03:50:49.473284+00:00
171313,UCAP,2022-04-13,13.3,,,13.3,20016571,2026-04-08T03:50:51.878986+00:00
171425,UCAP,2022-04-14,13.25,,,13.25,3056249,2026-04-08T03:50:54.439705+00:00
171537,UCAP,2022-04-19,13.6,,,13.6,4514447,2026-04-08T03:51:01.439974+00:00
171649,UCAP,2022-04-20,13.5,,,13.5,3630516,2026-04-08T03:51:03.698116+00:00
171761,UCAP,2022-04-21,13.5,,,13.5,2770057,2026-04-08T03:51:06.083072+00:00
171873,UCAP,2022-04-22,13.5,,,13.5,6087829,2026-04-08T03:51:08.393199+00:00
171985,UCAP,2022-04-25,13.2,,,13.2,6125362,2026-04-08T03:51:12.880327+00:00
172097,UCAP,2022-04-26,13.3,,,13.3,2322777,2026-04-08T03:51:15.284155+00:00
172209,UCAP,2022-04-27,13.3,,,13.3,1166611,2026-04-08T03:51:17.680395+00:00
172321,UCAP,2022-04-28,13.5,,,13.5,1915689,2026-04-08T03:51:20.413235+00:00
172433,UCAP,2022-04-29,13.45,,,13.45,1689022,2026-04-08T03:51:22.882631+00:00
172545,UCAP,2022-05-04,13.45,,,13.45,2355839,2026-04-08T03:51:29.674847+00:00
172657,UCAP,2022-05-05,13.25,,,13.25,5052660,2026-04-08T03:51:32.050072+00:00
172770,UCAP,2022-05-09,13.3,,,13.3,3808596,2026-04-08T03:51:37.853933+00:00
172883,UCAP,2022-05-10,13.65,,,13.65,4865733,2026-04-08T03:51:40.332012+00:00
172996,UCAP,2022-05-11,13.4,,,13.4,3791128,2026-04-08T03:51:42.74313+00:00
173109,UCAP,2022-05-12,13.3,,,13.3,5367270,2026-04-08T03:51:45.11326+00:00
173222,UCAP,2022-05-13,13.5,,,13.5,4835191,2026-04-08T03:51:47.585464+00:00
173335,UCAP,2022-05-16,13.75,,,13.75,3668493,2026-04-08T03:51:52.042574+00:00
173448,UCAP,2022-05-17,13.6,,,13.6,1276333,2026-04-08T03:51:54.492158+00:00
173561,UCAP,2022-05-18,13.6,,,13.6,3469352,2026-04-08T03:51:57.297116+00:00
173674,UCAP,2022-05-19,13.6,,,13.6,6252434,2026-04-08T03:51:59.624655+00:00
173787,UCAP,2022-05-20,13.6,,,13.6,2660341,2026-04-08T03:52:02.40298+00:00
173900,UCAP,2022-05-23,13.65,,,13.65,3471729,2026-04-08T03:52:07.648814+00:00
174013,UCAP,2022-05-24,13.5,,,13.5,6689361,2026-04-08T03:52:10.277037+00:00
174126,UCAP,2022-05-25,12.9,,,12.9,3705158,2026-04-08T03:52:13.066486+00:00
174239,UCAP,2022-05-26,12.85,,,12.85,3345021,2026-04-08T03:52:15.508934+00:00
174352,UCAP,2022-05-27,12.8,,,12.8,3671364,2026-04-08T03:52:18.156913+00:00
174465,UCAP,2022-05-30,13.45,,,13.45,1125019,2026-04-08T03:52:22.656757+00:00
174578,UCAP,2022-05-31,13.0,,,13.0,1069533,2026-04-08T03:52:25.114026+00:00
174691,UCAP,2022-06-01,13.0,,,13.0,309513,2026-04-08T03:52:27.834682+00:00
174804,UCAP,2022-06-02,13.15,,,13.15,1460533,2026-04-08T03:52:30.493727+00:00
174917,UCAP,2022-06-03,13.1,,,13.1,1508165,2026-04-08T03:52:33.10221+00:00
175030,UCAP,2022-06-06,13.1,,,13.1,1299256,2026-04-08T03:52:37.969718+00:00
175143,UCAP,2022-06-07,13.35,,,13.35,2026696,2026-04-08T03:52:40.734023+00:00
175256,UCAP,2022-06-08,13.45,,,13.45,2317883,2026-04-08T03:52:43.634804+00:00
175369,UCAP,2022-06-09,13.35,,,13.35,10353899,2026-04-08T03:52:46.431396+00:00
175482,UCAP,2022-06-10,13.05,,,13.05,8270836,2026-04-08T03:52:48.916453+00:00
175595,UCAP,2022-06-14,13.0,,,13.0,2198964,2026-04-08T03:52:55.08065+00:00
175708,UCAP,2022-06-15,12.9,,,12.9,1174018,2026-04-08T03:52:57.782204+00:00
175821,UCAP,2022-06-16,13.0,,,13.0,1961937,2026-04-08T03:53:00.45527+00:00
175934,UCAP,2022-06-17,13.0,,,13.0,1768174,2026-04-08T03:53:03.647185+00:00
176047,UCAP,2022-06-20,12.85,,,12.85,2704834,2026-04-08T03:53:09.449588+00:00
176160,UCAP,2022-06-21,12.75,,,12.75,3369767,2026-04-08T03:53:11.833027+00:00
176273,UCAP,2022-06-22,12.5,,,12.5,2413499,2026-04-08T03:53:14.63862+00:00
176386,UCAP,2022-06-23,12.25,,,12.25,4875416,2026-04-08T03:53:17.250825+00:00
176499,UCAP,2022-06-24,12.7,,,12.7,3128368,2026-04-08T03:53:19.718295+00:00
176612,UCAP,2022-06-27,12.9,,,12.9,798453,2026-04-08T03:53:24.073012+00:00
176725,UCAP,2022-06-28,12.8,,,12.8,1661345,2026-04-08T03:53:26.399159+00:00
176838,UCAP,2022-06-29,12.6,,,12.6,2456944,2026-04-08T03:53:28.994117+00:00
176951,UCAP,2022-06-30,12.75,,,12.75,799642,2026-04-08T03:53:31.346855+00:00
177064,UCAP,2022-07-01,12.8,,,12.8,703155,2026-04-08T03:53:33.724657+00:00
177177,UCAP,2022-07-04,12.75,,,12.75,711421,2026-04-08T03:53:38.198731+00:00
177290,UCAP,2022-07-06,12.8,,,12.8,1248095,2026-04-08T03:53:41.625349+00:00
177403,UCAP,2022-07-07,12.7,,,12.7,2182055,2026-04-08T03:53:44.268487+00:00
177516,UCAP,2022-07-13,12.6,,,12.6,2389177,2026-04-08T03:53:51.5999+00:00
177629,UCAP,2022-07-14,12.6,,,12.6,1348829,2026-04-08T03:53:54.010732+00:00
177742,UCAP,2022-07-15,12.65,,,12.65,2046479,2026-04-08T03:53:56.616585+00:00
177855,UCAP,2022-07-18,12.85,,,12.85,3278076,2026-04-08T03:54:01.214275+00:00
177968,UCAP,2022-07-19,12.8,,,12.8,4323203,2026-04-08T03:54:03.665978+00:00
178081,UCAP,2022-07-20,12.8,,,12.8,2186337,2026-04-08T03:54:06.203384+00:00
178194,UCAP,2022-07-21,12.7,,,12.7,797145,2026-04-08T03:54:08.685258+00:00
178307,UCAP,2022-07-22,12.7,,,12.7,2340669,2026-04-08T03:54:11.171489+00:00
178420,UCAP,2022-07-25,12.0,,,12.0,2657860,2026-04-08T03:54:15.900169+00:00
178533,UCAP,2022-07-26,11.0,,,11.0,2327598,2026-04-08T03:54:18.382379+00:00
178646,UCAP,2022-07-27,10.0,,,10.0,4473528,2026-04-08T03:54:20.730044+00:00
178759,UCAP,2022-07-28,10.1,,,10.1,7588105,2026-04-08T03:54:23.385493+00:00
178872,UCAP,2022-07-29,11.1,,,11.1,7935637,2026-04-08T03:54:25.692024+00:00
178985,UCAP,2022-08-01,11.9,,,11.9,3787834,2026-04-08T03:54:30.144665+00:00
179098,UCAP,2022-08-02,12.25,,,12.25,1661248,2026-04-08T03:54:32.509592+00:00
179211,UCAP,2022-08-03,12.25,,,12.25,1309004,2026-04-08T03:54:34.924873+00:00
179324,UCAP,2022-08-04,12.25,,,12.25,1898544,2026-04-08T03:54:37.32089+00:00
179437,UCAP,2022-08-05,12.25,,,12.25,1742484,2026-04-08T03:54:40.805957+00:00
179550,UCAP,2022-08-08,12.8,,,12.8,1563821,2026-04-08T03:54:45.81173+00:00
179663,UCAP,2022-08-09,12.8,,,12.8,880072,2026-04-08T03:54:48.637408+00:00
179776,UCAP,2022-08-10,12.6,,,12.6,758458,2026-04-08T03:54:51.561754+00:00
179889,UCAP,2022-08-11,12.55,,,12.55,1630622,2026-04-08T03:54:54.196076+00:00
180002,UCAP,2022-08-12,12.4,,,12.4,1097229,2026-04-08T03:54:57.115593+00:00
180115,UCAP,2022-08-15,12.15,,,12.15,1291107,2026-04-08T03:55:01.874457+00:00
180228,UCAP,2022-08-16,12.0,,,12.0,1113967,2026-04-08T03:55:04.540652+00:00
180341,UCAP,2022-08-17,11.8,,,11.8,1384978,2026-04-08T03:55:07.214991+00:00
180454,UCAP,2022-08-18,11.8,,,11.8,1817470,2026-04-08T03:55:09.916723+00:00
180567,UCAP,2022-08-19,11.8,,,11.8,2338371,2026-04-08T03:55:12.400686+00:00
180680,UCAP,2022-08-22,12.0,,,12.0,898931,2026-04-08T03:55:17.568382+00:00
180793,UCAP,2022-08-23,11.95,,,11.95,527347,2026-04-08T03:55:19.990422+00:00
180906,UCAP,2022-08-24,11.9,,,11.9,781485,2026-04-08T03:55:23.644905+00:00
181019,UCAP,2022-08-25,11.95,,,11.95,861574,2026-04-08T03:55:26.062264+00:00
181132,UCAP,2022-08-26,11.95,,,11.95,700600,2026-04-08T03:55:28.378019+00:00
181245,UCAP,2022-08-29,11.95,,,11.95,935758,2026-04-08T03:55:33.185942+00:00
181358,UCAP,2022-08-30,11.95,,,11.95,1370082,2026-04-08T03:55:35.909469+00:00
181471,UCAP,2022-08-31,12.0,,,12.0,2553678,2026-04-08T03:55:38.363566+00:00
181584,UCAP,2022-09-01,12.0,,,12.0,891119,2026-04-08T03:55:40.868139+00:00
181697,UCAP,2022-09-02,12.05,,,12.05,703278,2026-04-08T03:55:43.232165+00:00
181810,UCAP,2022-09-05,12.0,,,12.0,1452726,2026-04-08T03:55:48.110555+00:00
181923,UCAP,2022-09-06,12.0,,,12.0,1134846,2026-04-08T03:55:50.526892+00:00
182036,UCAP,2022-09-07,11.9,,,11.9,1269008,2026-04-08T03:55:53.051287+00:00
182149,UCAP,2022-09-08,11.9,,,11.9,432610,2026-04-08T03:55:55.74031+00:00
182262,UCAP,2022-09-09,11.9,,,11.9,863870,2026-04-08T03:55:58.848563+00:00
182375,UCAP,2022-09-12,11.9,,,11.9,239581,2026-04-08T03:56:03.370953+00:00
182488,UCAP,2022-09-13,11.9,,,11.9,1718607,2026-04-08T03:56:05.83654+00:00
182601,UCAP,2022-09-14,11.9,,,11.9,679224,2026-04-08T03:56:08.091672+00:00
182714,UCAP,2022-09-16,11.95,,,11.95,1280006,2026-04-08T03:56:11.4683+00:00
182827,UCAP,2022-09-19,11.9,,,11.9,1480258,2026-04-08T03:56:15.923342+00:00
182940,UCAP,2022-09-20,11.5,,,11.5,760745,2026-04-08T03:56:18.184056+00:00
183053,UCAP,2022-09-21,11.35,,,11.35,726056,2026-04-08T03:56:20.42724+00:00
183166,UCAP,2022-09-22,11.2,,,11.2,910332,2026-04-08T03:56:22.767495+00:00
183279,UCAP,2022-09-23,11.2,,,11.2,513708,2026-04-08T03:56:25.066978+00:00
183392,UCAP,2022-09-26,11.45,,,11.45,1130442,2026-04-08T03:56:29.379703+00:00
183505,UCAP,2022-09-28,11.75,,,11.75,886830,2026-04-08T03:56:32.717753+00:00
183618,UCAP,2022-09-29,11.25,,,11.25,1404038,2026-04-08T03:56:35.489047+00:00
183731,UCAP,2022-09-30,11.15,,,11.15,1279485,2026-04-08T03:56:37.947618+00:00
183844,UCAP,2022-10-05,10.8,,,10.8,2072700,2026-04-08T03:56:44.538147+00:00
183958,UCAP,2022-10-06,11.0,,,11.0,2903582,2026-04-08T03:56:46.932693+00:00
184072,UCAP,2022-10-07,11.0,,,11.0,1092984,2026-04-08T03:56:49.334037+00:00
184186,UCAP,2022-10-11,11.25,,,11.25,2266005,2026-04-08T03:56:55.029281+00:00
184300,UCAP,2022-10-12,11.35,,,11.35,1086411,2026-04-08T03:56:58.300033+00:00
184414,UCAP,2022-10-13,11.35,,,11.35,806984,2026-04-08T03:57:00.825788+00:00
184528,UCAP,2022-10-14,11.35,,,11.35,1242479,2026-04-08T03:57:03.298348+00:00
184642,UCAP,2022-10-17,11.35,,,11.35,2003462,2026-04-08T03:57:07.885609+00:00
184756,UCAP,2022-10-18,12.45,,,12.45,5050639,2026-04-08T03:57:10.303346+00:00
184870,UCAP,2022-10-19,12.5,,,12.5,693498,2026-04-08T03:57:12.819589+00:00
184984,UCAP,2022-10-20,12.5,,,12.5,654431,2026-04-08T03:57:15.111185+00:00
185098,UCAP,2022-10-21,12.5,,,12.5,456529,2026-04-08T03:57:17.499968+00:00
185212,UCAP,2022-10-24,12.5,,,12.5,674340,2026-04-08T03:57:21.686266+00:00
185326,UCAP,2022-10-26,12.15,,,12.15,492333,2026-04-08T03:57:24.913682+00:00
185440,UCAP,2022-10-27,12.15,,,12.15,867192,2026-04-08T03:57:27.260544+00:00
185554,UCAP,2022-10-28,11.95,,,11.95,393632,2026-04-08T03:57:29.835926+00:00
185668,UCAP,2022-10-31,11.4,,,11.4,1005370,2026-04-08T03:57:34.21591+00:00
185782,UCAP,2022-11-01,11.4,,,11.4,328084,2026-04-08T03:57:36.609373+00:00
185896,UCAP,2022-11-02,11.3,,,11.3,1793710,2026-04-08T03:57:39.066556+00:00
186010,UCAP,2022-11-03,11.3,,,11.3,566489,2026-04-08T03:57:41.442199+00:00
186124,UCAP,2022-11-04,11.35,,,11.35,2342322,2026-04-08T03:57:43.70904+00:00
186238,UCAP,2022-11-08,12.0,,,12.0,1448112,2026-04-08T03:57:49.123122+00:00
186352,UCAP,2022-11-09,12.0,,,12.0,291554,2026-04-08T03:57:51.464602+00:00
186466,UCAP,2022-11-10,12.1,,,12.1,756085,2026-04-08T03:57:54.291842+00:00
186580,UCAP,2022-11-11,12.1,,,12.1,2666601,2026-04-08T03:57:56.704911+00:00
186694,UCAP,2022-11-14,12.0,,,12.0,995008,2026-04-08T03:58:01.331373+00:00
186808,UCAP,2022-11-15,12.0,,,12.0,815074,2026-04-08T03:58:03.6444+00:00
186922,UCAP,2022-11-16,12.0,,,12.0,4208868,2026-04-08T03:58:06.118311+00:00
187036,UCAP,2022-11-17,11.3,,,11.3,1652881,2026-04-08T03:58:08.47049+00:00
187150,UCAP,2022-11-18,12.05,,,12.05,996509,2026-04-08T03:58:10.955275+00:00
187264,UCAP,2022-11-21,12.1,,,12.1,1864837,2026-04-08T03:58:15.672507+00:00
187378,UCAP,2022-11-22,12.3,,,12.3,1268910,2026-04-08T03:58:18.170118+00:00
187492,UCAP,2022-11-24,12.5,,,12.5,1586547,2026-04-08T03:58:21.692503+00:00
187606,UCAP,2022-11-25,12.5,,,12.5,180373,2026-04-08T03:58:24.033539+00:00
187720,UCAP,2022-11-28,12.35,,,12.35,2939614,2026-04-08T03:58:28.532723+00:00
187834,UCAP,2022-11-29,12.35,,,12.35,906494,2026-04-08T03:58:30.983113+00:00
187948,UCAP,2022-11-30,13.35,,,13.35,4837399,2026-04-08T03:58:33.448849+00:00
188062,UCAP,2022-12-01,13.5,,,13.5,1728848,2026-04-08T03:58:35.664261+00:00
188176,UCAP,2022-12-02,13.25,,,13.25,976641,2026-04-08T03:58:37.897027+00:00
188290,UCAP,2022-12-05,13.2,,,13.2,590368,2026-04-08T03:58:42.456795+00:00
188404,UCAP,2022-12-06,13.2,,,13.2,598647,2026-04-08T03:58:44.756119+00:00
188518,UCAP,2022-12-07,13.2,,,13.2,1288421,2026-04-08T03:58:47.196669+00:00
188632,UCAP,2022-12-08,13.25,,,13.25,459364,2026-04-08T03:58:49.52806+00:00
188746,UCAP,2022-12-09,13.25,,,13.25,4144049,2026-04-08T03:58:51.902427+00:00
188860,UCAP,2022-12-12,13.25,,,13.25,739952,2026-04-08T03:58:56.156124+00:00
188974,UCAP,2022-12-13,13.5,,,13.5,1175733,2026-04-08T03:58:58.485404+00:00
189088,UCAP,2022-12-14,13.7,,,13.7,4470985,2026-04-08T03:59:00.851945+00:00
189202,UCAP,2022-12-15,13.5,,,13.5,2540480,2026-04-08T03:59:03.086647+00:00
189316,UCAP,2022-12-16,13.5,,,13.5,2230531,2026-04-08T03:59:05.5442+00:00
189430,UCAP,2022-12-19,13.5,,,13.5,1281067,2026-04-08T03:59:09.806719+00:00
189544,UCAP,2022-12-20,13.5,,,13.5,2309320,2026-04-08T03:59:12.630732+00:00
189658,UCAP,2022-12-21,13.7,,,13.7,3875248,2026-04-08T03:59:14.990319+00:00
189772,UCAP,2022-12-22,13.7,,,13.7,1487781,2026-04-08T03:59:17.229229+00:00
189886,UCAP,2022-12-23,13.7,,,13.7,834965,2026-04-08T03:59:19.674012+00:00
190000,UCAP,2022-12-28,13.85,,,13.85,4213734,2026-04-08T03:59:26.406492+00:00
190114,UCAP,2022-12-30,14.0,,,14.0,5520463,2026-04-08T03:59:29.796579+00:00
190228,UCAP,2023-01-04,14.0,,,14.0,1187499,2026-04-08T03:59:36.276207+00:00
190342,UCAP,2023-01-05,14.2,,,14.2,1441712,2026-04-08T03:59:38.771807+00:00
190456,UCAP,2023-01-06,14.3,,,14.3,5901543,2026-04-08T03:59:41.229635+00:00
190570,UCAP,2023-01-09,15.0,,,15.0,4921336,2026-04-08T03:59:45.608271+00:00
190684,UCAP,2023-01-10,14.9,,,14.9,7285335,2026-04-08T03:59:47.862187+00:00
190798,UCAP,2023-01-11,14.8,,,14.8,1330515,2026-04-08T03:59:50.211712+00:00
190912,UCAP,2023-01-12,14.8,,,14.8,724840,2026-04-08T03:59:52.676239+00:00
191026,UCAP,2023-01-13,14.85,,,14.85,2496475,2026-04-08T03:59:55.073566+00:00
191140,UCAP,2023-01-17,14.6,,,14.6,3830600,2026-04-08T04:00:00.52991+00:00
191254,UCAP,2023-01-18,14.65,,,14.65,2301051,2026-04-08T04:00:02.930508+00:00
191368,UCAP,2023-01-19,14.65,,,14.65,2677663,2026-04-08T04:00:05.157464+00:00
191482,UCAP,2023-01-20,14.65,,,14.65,4173913,2026-04-08T04:00:07.441529+00:00
191596,UCAP,2023-01-23,14.65,,,14.65,1976533,2026-04-08T04:00:11.934625+00:00
191710,UCAP,2023-01-24,14.5,,,14.5,2676349,2026-04-08T04:00:14.448563+00:00
191824,UCAP,2023-01-25,14.6,,,14.6,2194084,2026-04-08T04:00:16.660222+00:00
191938,UCAP,2023-01-26,14.6,,,14.6,4297892,2026-04-08T04:00:19.02129+00:00
192052,UCAP,2023-01-27,14.6,,,14.6,2670429,2026-04-08T04:00:21.366865+00:00
192166,UCAP,2023-01-30,14.95,,,14.95,2263713,2026-04-08T04:00:26.318741+00:00
192280,UCAP,2023-01-31,14.95,,,14.95,2810604,2026-04-08T04:00:28.560212+00:00
192394,UCAP,2023-02-06,14.95,,,14.95,5819345,2026-04-08T04:00:36.14931+00:00
192508,UCAP,2023-02-07,15.2,,,15.2,3694202,2026-04-08T04:00:38.379875+00:00
192622,UCAP,2023-02-08,15.2,,,15.2,1501185,2026-04-08T04:00:40.736361+00:00
192736,UCAP,2023-02-09,15.05,,,15.05,3205021,2026-04-08T04:00:43.03687+00:00
192850,UCAP,2023-02-10,15.2,,,15.2,1304974,2026-04-08T04:00:46.517744+00:00
192964,UCAP,2023-02-13,15.2,,,15.2,2504950,2026-04-08T04:00:50.958429+00:00
193078,UCAP,2023-02-14,15.3,,,15.3,3100805,2026-04-08T04:00:53.400398+00:00
193192,UCAP,2023-02-15,15.3,,,15.3,1691651,2026-04-08T04:00:55.645789+00:00
193306,UCAP,2023-02-16,15.3,,,15.3,1832109,2026-04-08T04:00:58.043326+00:00
193420,UCAP,2023-02-17,15.3,,,15.3,959860,2026-04-08T04:01:00.355798+00:00
193534,UCAP,2023-02-20,15.5,,,15.5,1518365,2026-04-08T04:01:04.633293+00:00
193648,UCAP,2023-02-21,15.5,,,15.5,609549,2026-04-08T04:01:06.910783+00:00
193762,UCAP,2023-02-22,15.5,,,15.5,789232,2026-04-08T04:01:09.421576+00:00
193876,UCAP,2023-02-23,15.45,,,15.45,1194486,2026-04-08T04:01:11.765387+00:00
193990,UCAP,2023-02-24,15.45,,,15.45,288123,2026-04-08T04:01:14.12415+00:00
194104,UCAP,2023-02-27,15.0,,,15.0,6123318,2026-04-08T04:01:18.463572+00:00
194218,UCAP,2023-02-28,15.35,,,15.35,4327974,2026-04-08T04:01:20.671303+00:00
194332,UCAP,2023-03-01,14.75,,,14.75,4591912,2026-04-08T04:01:23.068989+00:00
194446,UCAP,2023-03-02,14.6,,,14.6,7222637,2026-04-08T04:01:25.352172+00:00
194560,UCAP,2023-03-03,14.6,,,14.6,8939615,2026-04-08T04:01:27.716711+00:00
194674,UCAP,2023-03-06,14.8,,,14.8,5169643,2026-04-08T04:01:32.392486+00:00
194788,UCAP,2023-03-07,14.9,,,14.9,2468513,2026-04-08T04:01:34.845095+00:00
194902,UCAP,2023-03-08,14.7,,,14.7,3748295,2026-04-08T04:01:37.261757+00:00
195016,UCAP,2023-03-09,14.75,,,14.75,2643724,2026-04-08T04:01:39.987396+00:00
195130,UCAP,2023-03-13,14.7,,,14.7,9115536,2026-04-08T04:01:45.627511+00:00
195244,UCAP,2023-03-14,14.4,,,14.4,12760329,2026-04-08T04:01:48.257383+00:00
195358,UCAP,2023-03-15,11.7,,,11.7,9840734,2026-04-08T04:01:50.627346+00:00
195472,UCAP,2023-03-16,11.1,,,11.1,3331683,2026-04-08T04:01:53.062383+00:00
195586,UCAP,2023-03-17,12.2,,,12.2,4046693,2026-04-08T04:01:55.701252+00:00
195700,UCAP,2023-03-20,12.2,,,12.2,1303195,2026-04-08T04:01:59.933448+00:00
195814,UCAP,2023-03-22,11.9,,,11.9,1769287,2026-04-08T04:02:03.467012+00:00
195928,UCAP,2023-03-23,11.7,,,11.7,1832251,2026-04-08T04:02:05.929911+00:00
196042,UCAP,2023-03-24,12.0,,,12.0,917315,2026-04-08T04:02:08.248632+00:00
196156,UCAP,2023-03-27,11.8,,,11.8,895221,2026-04-08T04:02:12.564733+00:00
196270,UCAP,2023-03-28,11.6,,,11.6,2617914,2026-04-08T04:02:14.764209+00:00
196384,UCAP,2023-03-29,11.55,,,11.55,3975498,2026-04-08T04:02:17.140393+00:00
196498,UCAP,2023-03-30,11.6,,,11.6,5325282,2026-04-08T04:02:19.470716+00:00
196612,UCAP,2023-03-31,11.2,,,11.2,4186916,2026-04-08T04:02:21.739047+00:00
196726,UCAP,2023-04-03,11.55,,,11.55,3281987,2026-04-08T04:02:26.060346+00:00
196840,UCAP,2023-04-04,11.55,,,11.55,4238191,2026-04-08T04:02:28.444728+00:00
196954,UCAP,2023-04-05,11.55,,,11.55,1673260,2026-04-08T04:02:30.864627+00:00
197068,UCAP,2023-04-06,11.7,,,11.7,2751738,2026-04-08T04:02:33.239626+00:00
197182,UCAP,2023-04-11,11.6,,,11.6,3506203,2026-04-08T04:02:39.320239+00:00
197296,UCAP,2023-04-12,11.5,,,11.5,3242124,2026-04-08T04:02:41.643197+00:00
197410,UCAP,2023-04-13,11.95,,,11.95,2803208,2026-04-08T04:02:44.360634+00:00
197524,UCAP,2023-04-14,11.8,,,11.8,1532471,2026-04-08T04:02:47.093001+00:00
197638,UCAP,2023-04-17,11.75,,,11.75,1259238,2026-04-08T04:02:52.113012+00:00
197752,UCAP,2023-04-18,11.5,,,11.5,928115,2026-04-08T04:02:54.97501+00:00
197866,UCAP,2023-04-19,11.7,,,11.7,823391,2026-04-08T04:02:57.648371+00:00
197980,UCAP,2023-04-20,11.75,,,11.75,3597889,2026-04-08T04:03:00.087899+00:00
198094,UCAP,2023-04-25,11.75,,,11.75,1693345,2026-04-08T04:03:06.320111+00:00
198208,UCAP,2023-04-26,11.75,,,11.75,4686053,2026-04-08T04:03:08.704488+00:00
198322,UCAP,2023-04-27,11.75,,,11.75,1964956,2026-04-08T04:03:11.176222+00:00
198436,UCAP,2023-04-28,11.75,,,11.75,3606668,2026-04-08T04:03:13.757457+00:00
198550,UCAP,2023-05-03,11.5,,,11.5,2329920,2026-04-08T04:03:20.258962+00:00
198664,UCAP,2023-05-04,11.9,,,11.9,2418101,2026-04-08T04:03:22.719511+00:00
198778,UCAP,2023-05-08,12.2,,,12.2,1354486,2026-04-08T04:03:29.045349+00:00
198892,UCAP,2023-05-09,12.5,,,12.5,809863,2026-04-08T04:03:32.620003+00:00
199006,UCAP,2023-05-12,13.0,,,13.0,2162891,2026-04-08T04:03:37.286216+00:00
199120,UCAP,2023-05-15,12.9,,,12.9,1674683,2026-04-08T04:03:41.825544+00:00
199234,UCAP,2023-05-16,12.9,,,12.9,1087833,2026-04-08T04:03:44.244464+00:00
199348,UCAP,2023-05-17,13.0,,,13.0,2800223,2026-04-08T04:03:46.492518+00:00
199462,UCAP,2023-05-18,13.0,,,13.0,1396210,2026-04-08T04:03:48.752249+00:00
199576,UCAP,2023-05-19,13.0,,,13.0,1873770,2026-04-08T04:03:51.139215+00:00
199690,UCAP,2023-05-22,13.3,,,13.3,1446349,2026-04-08T04:03:55.484935+00:00
199804,UCAP,2023-05-23,13.05,,,13.05,2451841,2026-04-08T04:03:57.886867+00:00
199918,UCAP,2023-05-24,13.1,,,13.1,3590964,2026-04-08T04:04:00.334047+00:00
200032,UCAP,2023-05-25,13.1,,,13.1,475333,2026-04-08T04:04:02.79018+00:00
200146,UCAP,2023-05-26,13.25,,,13.25,856945,2026-04-08T04:04:05.139052+00:00
200260,UCAP,2023-05-30,14.5,,,14.5,7409529,2026-04-08T04:04:11.011702+00:00
200374,UCAP,2023-06-01,13.7,,,13.7,3582827,2026-04-08T04:04:14.390605+00:00
200488,UCAP,2023-06-02,13.6,,,13.6,6528115,2026-04-08T04:04:16.732653+00:00
200602,UCAP,2023-06-05,13.6,,,13.6,1442337,2026-04-08T04:04:21.343031+00:00
200716,UCAP,2023-06-06,13.5,,,13.5,2284827,2026-04-08T04:04:23.98223+00:00
200830,UCAP,2023-06-07,13.55,,,13.55,1550343,2026-04-08T04:04:26.507718+00:00
200944,UCAP,2023-06-08,14.0,,,14.0,1523064,2026-04-08T04:04:29.08401+00:00
201058,UCAP,2023-06-09,13.85,,,13.85,1298977,2026-04-08T04:04:31.44664+00:00
201172,UCAP,2023-06-13,14.2,,,14.2,6923053,2026-04-08T04:04:36.862505+00:00
201286,UCAP,2023-06-14,15.3,,,15.3,8913165,2026-04-08T04:04:39.320552+00:00
201400,UCAP,2023-06-15,14.3,,,14.3,6387975,2026-04-08T04:04:41.673534+00:00
201514,UCAP,2023-06-16,13.95,,,13.95,6446049,2026-04-08T04:04:44.052846+00:00
201628,UCAP,2023-06-19,14.3,,,14.3,1872401,2026-04-08T04:04:48.541112+00:00
201742,UCAP,2023-06-20,14.5,,,14.5,3895678,2026-04-08T04:04:51.378552+00:00
201856,UCAP,2023-06-21,14.65,,,14.65,5264502,2026-04-08T04:04:53.764277+00:00
201970,UCAP,2023-06-22,14.6,,,14.6,3424291,2026-04-08T04:04:56.145117+00:00
202084,UCAP,2023-06-26,15.45,,,15.45,4466222,2026-04-08T04:05:01.671465+00:00
202198,UCAP,2023-06-30,15.75,,,15.75,3830242,2026-04-08T04:05:07.377697+00:00
202312,UCAP,2023-07-03,17.05,,,17.05,6030791,2026-04-08T04:05:11.758079+00:00
202426,UCAP,2023-07-04,15.7,,,15.7,5276034,2026-04-08T04:05:14.17436+00:00
202540,UCAP,2023-07-05,15.5,,,15.5,3216883,2026-04-08T04:05:16.577423+00:00
202654,UCAP,2023-07-06,16.0,,,16.0,1219487,2026-04-08T04:05:19.075393+00:00
202768,UCAP,2023-07-07,16.0,,,16.0,7254066,2026-04-08T04:05:21.415756+00:00
202882,UCAP,2023-07-10,15.95,,,15.95,8628068,2026-04-08T04:05:26.355595+00:00
202996,UCAP,2023-07-11,15.7,,,15.7,3012196,2026-04-08T04:05:28.903538+00:00
203110,UCAP,2023-07-12,14.9,,,14.9,6582735,2026-04-08T04:05:31.299012+00:00
203224,UCAP,2023-07-14,13.7,,,13.7,7512713,2026-04-08T04:05:34.698751+00:00
203338,UCAP,2023-07-17,14.8,,,14.8,2460620,2026-04-08T04:05:39.139368+00:00
203452,UCAP,2023-07-19,14.6,,,14.6,4303613,2026-04-08T04:05:42.577032+00:00
203566,UCAP,2023-07-20,14.55,,,14.55,1885751,2026-04-08T04:05:45.122849+00:00
203680,UCAP,2023-07-21,14.95,,,14.95,4794235,2026-04-08T04:05:47.594805+00:00
203794,UCAP,2023-07-24,14.95,,,14.95,3190986,2026-04-08T04:05:52.167161+00:00
203908,UCAP,2023-07-25,14.9,,,14.9,3502414,2026-04-08T04:05:54.602351+00:00
204022,UCAP,2023-07-26,15.0,,,15.0,3348497,2026-04-08T04:05:57.515236+00:00
204136,UCAP,2023-07-27,14.5,,,14.5,2750778,2026-04-08T04:05:59.880161+00:00
204250,UCAP,2023-07-28,14.35,,,14.35,1949000,2026-04-08T04:06:02.220136+00:00
204364,UCAP,2023-07-31,13.8,,,13.8,2753620,2026-04-08T04:06:06.790851+00:00
204478,UCAP,2023-08-02,13.9,,,13.9,10163407,2026-04-08T04:06:10.326378+00:00
204592,UCAP,2023-08-03,14.35,,,14.35,1121066,2026-04-08T04:06:12.834218+00:00
204706,UCAP,2023-08-04,14.4,,,14.4,1652177,2026-04-08T04:06:15.200886+00:00
204820,UCAP,2023-08-07,14.3,,,14.3,1657000,2026-04-08T04:06:19.871718+00:00
204934,UCAP,2023-08-08,14.5,,,14.5,2057414,2026-04-08T04:06:22.245918+00:00
205048,UCAP,2023-08-09,15.0,,,15.0,6616339,2026-04-08T04:06:24.635943+00:00
205162,UCAP,2023-08-10,14.85,,,14.85,2771204,2026-04-08T04:06:27.035398+00:00
205276,UCAP,2023-08-11,15.0,,,15.0,3438532,2026-04-08T04:06:29.455701+00:00
205390,UCAP,2023-08-14,14.7,,,14.7,1055853,2026-04-08T04:06:33.923569+00:00
205504,UCAP,2023-08-15,14.6,,,14.6,830741,2026-04-08T04:06:36.358161+00:00
205618,UCAP,2023-08-16,14.7,,,14.7,983402,2026-04-08T04:06:38.679915+00:00
205732,UCAP,2023-08-17,14.5,,,14.5,1185447,2026-04-08T04:06:40.998805+00:00
205846,UCAP,2023-08-18,14.3,,,14.3,3056392,2026-04-08T04:06:43.468275+00:00
205960,UCAP,2023-08-21,14.3,,,14.3,3560207,2026-04-08T04:06:47.688711+00:00
206074,UCAP,2023-08-24,14.1,,,14.1,1701648,2026-04-08T04:06:51.989424+00:00
206188,UCAP,2023-08-25,14.3,,,14.3,2444311,2026-04-08T04:06:54.38475+00:00
206302,UCAP,2023-08-28,14.3,,,14.3,1112613,2026-04-08T04:06:59.310949+00:00
206416,UCAP,2023-08-29,14.55,,,14.55,1286393,2026-04-08T04:07:01.613742+00:00
206530,UCAP,2023-08-30,14.55,,,14.55,1660270,2026-04-08T04:07:03.820209+00:00
206644,UCAP,2023-09-01,15.0,,,15.0,2102342,2026-04-08T04:07:07.195585+00:00
206758,UCAP,2023-09-04,15.35,,,15.35,5123574,2026-04-08T04:07:11.730996+00:00
206872,UCAP,2023-09-05,15.4,,,15.4,2290611,2026-04-08T04:07:14.175893+00:00
206986,UCAP,2023-09-06,15.3,,,15.3,1845595,2026-04-08T04:07:16.66229+00:00
207100,UCAP,2023-09-07,15.25,,,15.25,542642,2026-04-08T04:07:19.134101+00:00
207214,UCAP,2023-09-08,15.9,,,15.9,1599902,2026-04-08T04:07:21.445908+00:00
207328,UCAP,2023-09-11,15.35,,,15.35,3307875,2026-04-08T04:07:26.133096+00:00
207442,UCAP,2023-09-12,15.0,,,15.0,3924730,2026-04-08T04:07:28.57479+00:00
207556,UCAP,2023-09-13,16.5,,,16.5,16275672,2026-04-08T04:07:30.890589+00:00
207670,UCAP,2023-09-14,16.0,,,16.0,12022658,2026-04-08T04:07:33.324455+00:00
207784,UCAP,2023-09-15,17.3,,,17.3,13389435,2026-04-08T04:07:35.74244+00:00
207898,UCAP,2023-09-18,17.7,,,17.7,13811571,2026-04-08T04:07:40.292184+00:00
208012,UCAP,2023-09-19,17.7,,,17.7,5689202,2026-04-08T04:07:42.606346+00:00
208126,UCAP,2023-09-20,18.05,,,18.05,22582069,2026-04-08T04:07:45.004042+00:00
208240,UCAP,2023-09-21,18.0,,,18.0,5516997,2026-04-08T04:07:47.370085+00:00
208354,UCAP,2023-09-22,18.0,,,18.0,1099806,2026-04-08T04:07:49.898567+00:00
208468,UCAP,2023-09-25,16.5,,,16.5,4579766,2026-04-08T04:07:54.305125+00:00
208582,UCAP,2023-09-28,16.1,,,16.1,2665330,2026-04-08T04:07:58.898315+00:00
208696,UCAP,2023-09-29,16.05,,,16.05,2823860,2026-04-08T04:08:01.279649+00:00
208810,UCAP,2023-10-03,16.35,,,16.35,2143800,2026-04-08T04:08:06.721549+00:00
208924,UCAP,2023-10-04,17.2,,,17.2,1509411,2026-04-08T04:08:09.042741+00:00
209038,UCAP,2023-10-05,17.0,,,17.0,2680179,2026-04-08T04:08:11.600182+00:00
209153,UCAP,2023-10-06,16.95,,,16.95,1598973,2026-04-08T04:08:14.22861+00:00
209268,UCAP,2023-10-09,16.9,,,16.9,1456020,2026-04-08T04:08:18.740555+00:00
209383,UCAP,2023-10-10,16.9,,,16.9,640275,2026-04-08T04:08:21.390436+00:00
209497,UCAP,2023-10-12,16.55,,,16.55,740706,2026-04-08T04:08:24.861957+00:00
209612,UCAP,2023-10-13,16.5,,,16.5,2526790,2026-04-08T04:08:27.376596+00:00
209727,UCAP,2023-10-16,16.6,,,16.6,1694882,2026-04-08T04:08:32.388707+00:00
209842,UCAP,2023-10-17,17.0,,,17.0,3407930,2026-04-08T04:08:34.738576+00:00
209957,UCAP,2023-10-19,16.45,,,16.45,2231012,2026-04-08T04:08:38.671249+00:00
210072,UCAP,2023-10-20,16.45,,,16.45,1108102,2026-04-08T04:08:40.967521+00:00
210187,UCAP,2023-10-23,16.4,,,16.4,1397327,2026-04-08T04:08:45.440193+00:00
210302,UCAP,2023-10-24,16.45,,,16.45,1152180,2026-04-08T04:08:47.71675+00:00
210417,UCAP,2023-10-25,16.5,,,16.5,2280397,2026-04-08T04:08:50.022319+00:00
210532,UCAP,2023-10-26,16.2,,,16.2,1600304,2026-04-08T04:08:52.472279+00:00
210647,UCAP,2023-10-27,16.4,,,16.4,662940,2026-04-08T04:08:54.778052+00:00
210762,UCAP,2023-10-30,16.35,,,16.35,2596580,2026-04-08T04:08:59.45056+00:00
210877,UCAP,2023-10-31,16.2,,,16.2,3586187,2026-04-08T04:09:01.914254+00:00
210992,UCAP,2023-11-01,16.5,,,16.5,5173412,2026-04-08T04:09:04.386399+00:00
211107,UCAP,2023-11-02,16.5,,,16.5,2566452,2026-04-08T04:09:06.696264+00:00
211222,UCAP,2023-11-03,16.45,,,16.45,1540887,2026-04-08T04:09:09.071615+00:00
211337,UCAP,2023-11-06,16.35,,,16.35,1623561,2026-04-08T04:09:13.59419+00:00
211452,UCAP,2023-11-07,16.35,,,16.35,1855104,2026-04-08T04:09:15.923939+00:00
211568,UCAP,2023-11-08,16.3,,,16.3,2215300,2026-04-08T04:09:18.177895+00:00
211684,UCAP,2023-11-09,16.2,,,16.2,1733202,2026-04-08T04:09:20.462573+00:00
211800,UCAP,2023-11-10,16.3,,,16.3,959959,2026-04-08T04:09:22.644841+00:00
211916,UCAP,2023-11-13,16.8,,,16.8,1260577,2026-04-08T04:09:27.404692+00:00
212032,UCAP,2023-11-14,16.6,,,16.6,2789329,2026-04-08T04:09:29.775588+00:00
212148,UCAP,2023-11-15,16.7,,,16.7,8330117,2026-04-08T04:09:32.378304+00:00
212264,UCAP,2023-11-16,16.6,,,16.6,1438337,2026-04-08T04:09:34.916677+00:00
212380,UCAP,2023-11-17,16.55,,,16.55,1996448,2026-04-08T04:09:37.378105+00:00
212496,UCAP,2023-11-20,16.7,,,16.7,4467937,2026-04-08T04:09:41.830835+00:00
212612,UCAP,2023-11-21,16.85,,,16.85,2829130,2026-04-08T04:09:44.211025+00:00
212728,UCAP,2023-11-22,16.95,,,16.95,4705017,2026-04-08T04:09:46.526636+00:00
212844,UCAP,2023-11-23,16.8,,,16.8,1904270,2026-04-08T04:09:48.793806+00:00
212961,UCAP,2023-11-27,17.0,,,17.0,4452129,2026-04-08T04:09:54.316732+00:00
213078,UCAP,2023-11-28,17.0,,,17.0,1937921,2026-04-08T04:09:57.050116+00:00
213195,UCAP,2023-11-29,17.05,,,17.05,2886465,2026-04-08T04:09:59.54407+00:00
213312,UCAP,2023-11-30,17.05,,,17.05,514615,2026-04-08T04:10:01.973818+00:00
213429,UCAP,2023-12-01,17.15,,,17.15,4293439,2026-04-08T04:10:04.46052+00:00
213546,UCAP,2023-12-04,17.5,,,17.5,2590283,2026-04-08T04:10:08.793495+00:00
213663,UCAP,2023-12-05,17.5,,,17.5,1748498,2026-04-08T04:10:11.104733+00:00
213780,UCAP,2023-12-06,17.85,,,17.85,3124905,2026-04-08T04:10:13.383432+00:00
213897,UCAP,2023-12-08,18.0,,,18.0,2278166,2026-04-08T04:10:16.965057+00:00
214014,UCAP,2023-12-11,18.0,,,18.0,2875098,2026-04-08T04:10:21.350621+00:00
214131,UCAP,2023-12-12,17.9,,,17.9,3696453,2026-04-08T04:10:23.843731+00:00
214248,UCAP,2023-12-13,18.1,,,18.1,2594415,2026-04-08T04:10:26.19208+00:00
214365,UCAP,2023-12-14,18.9,,,18.9,3741425,2026-04-08T04:10:28.64956+00:00
214482,UCAP,2023-12-15,19.1,,,19.1,2261822,2026-04-08T04:10:31.179138+00:00
214599,UCAP,2023-12-18,19.0,,,19.0,4154691,2026-04-08T04:10:35.879044+00:00
214716,UCAP,2023-12-19,19.4,,,19.4,937340,2026-04-08T04:10:38.280823+00:00
214833,UCAP,2023-12-20,20.5,,,20.5,7915354,2026-04-08T04:10:40.523028+00:00
214950,UCAP,2023-12-21,20.95,,,20.95,4522711,2026-04-08T04:10:42.873875+00:00
215067,UCAP,2023-12-28,22.1,,,22.1,2470568,2026-04-08T04:10:51.166125+00:00
215184,UCAP,2023-12-29,23.0,,,23.0,1702830,2026-04-08T04:10:53.57119+00:00
215301,UCAP,2024-01-02,24.0,,,24.0,2647648,2026-04-08T04:10:59.157783+00:00
215418,UCAP,2024-01-03,25.7,,,25.7,8325451,2026-04-08T04:11:01.401293+00:00
215535,UCAP,2024-01-04,24.9,,,24.9,8969699,2026-04-08T04:11:03.846312+00:00
215652,UCAP,2024-01-05,25.15,,,25.15,6151343,2026-04-08T04:11:07.208124+00:00
215769,UCAP,2024-01-08,25.15,,,25.15,6016429,2026-04-08T04:11:11.742656+00:00
215886,UCAP,2024-01-09,27.65,,,27.65,14626456,2026-04-08T04:11:14.100458+00:00
216003,UCAP,2024-01-10,24.9,,,24.9,9110136,2026-04-08T04:11:16.512964+00:00
216120,UCAP,2024-01-11,24.9,,,24.9,7620508,2026-04-08T04:11:18.918089+00:00
216237,UCAP,2024-01-12,25.5,,,25.5,1774897,2026-04-08T04:11:21.244944+00:00
216354,UCAP,2024-01-15,25.4,,,25.4,2788740,2026-04-08T04:11:25.674113+00:00
216471,UCAP,2024-01-16,25.0,,,25.0,20154164,2026-04-08T04:11:28.037988+00:00
216588,UCAP,2024-01-18,24.4,,,24.4,14733459,2026-04-08T04:11:31.337167+00:00
216705,UCAP,2024-01-19,23.9,,,23.9,5900235,2026-04-08T04:11:38.619168+00:00
216822,UCAP,2024-01-22,24.0,,,24.0,22459688,2026-04-08T04:11:42.948818+00:00
216939,UCAP,2024-01-23,23.0,,,23.0,8893041,2026-04-08T04:11:45.304506+00:00
217056,UCAP,2024-01-24,23.0,,,23.0,9005886,2026-04-08T04:11:47.647942+00:00
217173,UCAP,2024-01-25,23.1,,,23.1,6284721,2026-04-08T04:11:50.11021+00:00
217290,UCAP,2024-01-26,23.0,,,23.0,22316403,2026-04-08T04:11:52.721812+00:00
217407,UCAP,2024-01-29,22.5,,,22.5,10753335,2026-04-08T04:11:57.440388+00:00
217524,UCAP,2024-01-30,22.2,,,22.2,5631193,2026-04-08T04:12:00.024191+00:00
217641,UCAP,2024-01-31,21.85,,,21.85,10604069,2026-04-08T04:12:02.433526+00:00
217758,UCAP,2024-02-01,23.2,,,23.2,17341156,2026-04-08T04:12:04.812869+00:00
217875,UCAP,2024-02-02,23.0,,,23.0,19518930,2026-04-08T04:12:07.232701+00:00
217992,UCAP,2024-02-05,23.0,,,23.0,2274554,2026-04-08T04:12:11.791199+00:00
218109,UCAP,2024-02-06,23.0,,,23.0,4314314,2026-04-08T04:12:14.363902+00:00
218226,UCAP,2024-02-07,23.0,,,23.0,1763877,2026-04-08T04:12:16.791058+00:00
218343,UCAP,2024-02-08,21.0,,,21.0,8253709,2026-04-08T04:12:19.312026+00:00
218460,UCAP,2024-02-09,21.45,,,21.45,3730041,2026-04-08T04:12:21.609908+00:00
218577,UCAP,2024-02-12,22.05,,,22.05,1633347,2026-04-08T04:12:25.771109+00:00
218694,UCAP,2024-02-13,22.85,,,22.85,4861699,2026-04-08T04:12:28.061356+00:00
218811,UCAP,2024-02-14,22.85,,,22.85,699337,2026-04-08T04:12:30.570558+00:00
218928,UCAP,2024-02-16,22.3,,,22.3,2700690,2026-04-08T04:12:34.036511+00:00
219045,UCAP,2024-02-19,22.3,,,22.3,1725837,2026-04-08T04:12:38.429241+00:00
219162,UCAP,2024-02-20,22.3,,,22.3,1370484,2026-04-08T04:12:40.813552+00:00
219279,UCAP,2024-02-21,22.0,,,22.0,2587188,2026-04-08T04:12:43.257682+00:00
219396,UCAP,2024-02-22,22.0,,,22.0,5451323,2026-04-08T04:12:45.850796+00:00
219513,UCAP,2024-02-26,21.9,,,21.9,2953762,2026-04-08T04:12:51.18414+00:00
219630,UCAP,2024-02-27,21.9,,,21.9,1619665,2026-04-08T04:12:53.509755+00:00
219747,UCAP,2024-02-29,20.0,,,20.0,15108451,2026-04-08T04:12:56.822244+00:00
219864,UCAP,2024-03-01,21.0,,,21.0,7162805,2026-04-08T04:12:59.287484+00:00
219981,UCAP,2024-03-04,21.2,,,21.2,3321618,2026-04-08T04:13:03.814092+00:00
220099,UCAP,2024-03-05,20.55,,,20.55,9138782,2026-04-08T04:13:06.279726+00:00
220217,UCAP,2024-03-06,20.5,,,20.5,4323309,2026-04-08T04:13:08.558236+00:00
220335,UCAP,2024-03-07,19.95,,,19.95,5328695,2026-04-08T04:13:10.988978+00:00
220453,UCAP,2024-03-08,20.5,,,20.5,10787342,2026-04-08T04:13:13.453006+00:00
220571,UCAP,2024-03-11,20.5,,,20.5,2303309,2026-04-08T04:13:17.773706+00:00
220689,UCAP,2024-03-12,21.35,,,21.35,3394528,2026-04-08T04:13:20.258657+00:00
220807,UCAP,2024-03-13,20.5,,,20.5,2999127,2026-04-08T04:13:22.557243+00:00
220925,UCAP,2024-03-14,20.5,,,20.5,382425,2026-04-08T04:13:25.004754+00:00
221043,UCAP,2024-03-15,21.0,,,21.0,12162794,2026-04-08T04:13:27.500984+00:00
221161,UCAP,2024-03-19,23.05,,,23.05,5253646,2026-04-08T04:13:32.54102+00:00
221279,UCAP,2024-03-20,23.2,,,23.2,5948255,2026-04-08T04:13:34.949661+00:00
221397,UCAP,2024-03-21,24.0,,,24.0,4202794,2026-04-08T04:13:37.293426+00:00
221515,UCAP,2024-03-22,24.1,,,24.1,10101400,2026-04-08T04:13:39.66616+00:00
221633,UCAP,2024-03-25,24.0,,,24.0,5262961,2026-04-08T04:13:43.964435+00:00
221751,UCAP,2024-03-26,21.9,,,21.9,4375285,2026-04-08T04:13:46.391317+00:00
221869,UCAP,2024-03-27,23.1,,,23.1,13189172,2026-04-08T04:13:48.795654+00:00
221987,UCAP,2024-03-28,23.2,,,23.2,8251876,2026-04-08T04:13:51.173779+00:00
222105,UCAP,2024-04-02,24.0,,,24.0,6926654,2026-04-08T04:13:58.053067+00:00
222223,UCAP,2024-04-03,24.0,,,24.0,13740778,2026-04-08T04:14:00.66873+00:00
222341,UCAP,2024-04-04,23.0,,,23.0,3907309,2026-04-08T04:14:03.310057+00:00
222459,UCAP,2024-04-05,23.35,,,23.35,5400059,2026-04-08T04:14:05.820809+00:00
222577,UCAP,2024-04-12,20.1,,,20.1,5376720,2026-04-08T04:14:15.984697+00:00
222695,UCAP,2024-04-15,20.05,,,20.05,5513814,2026-04-08T04:14:20.492228+00:00
222813,UCAP,2024-04-16,20.05,,,20.05,1701984,2026-04-08T04:14:22.958286+00:00
222931,UCAP,2024-04-17,20.05,,,20.05,516122,2026-04-08T04:14:25.407203+00:00
223049,UCAP,2024-04-18,18.1,,,18.1,2518227,2026-04-08T04:14:27.862982+00:00
223167,UCAP,2024-04-19,17.8,,,17.8,2272730,2026-04-08T04:14:30.225092+00:00
223285,UCAP,2024-04-22,17.8,,,17.8,1977167,2026-04-08T04:14:34.624841+00:00
223403,UCAP,2024-04-23,17.2,,,17.2,9713636,2026-04-08T04:14:36.881925+00:00
223521,UCAP,2024-04-24,17.0,,,17.0,7011209,2026-04-08T04:14:39.108369+00:00
223639,UCAP,2024-04-25,16.6,,,16.6,4848330,2026-04-08T04:14:41.415412+00:00
223757,UCAP,2024-04-26,16.65,,,16.65,1585345,2026-04-08T04:14:43.709399+00:00
223875,UCAP,2024-04-29,17.1,,,17.1,3943670,2026-04-08T04:14:47.97937+00:00
223993,UCAP,2024-04-30,17.2,,,17.2,4330554,2026-04-08T04:14:50.304196+00:00
224111,UCAP,2024-05-02,17.25,,,17.25,3818116,2026-04-08T04:14:53.573612+00:00
224229,UCAP,2024-05-03,18.5,,,18.5,4373153,2026-04-08T04:14:55.989363+00:00
224347,UCAP,2024-05-06,18.0,,,18.0,3599315,2026-04-08T04:15:00.14873+00:00
224465,UCAP,2024-05-07,17.9,,,17.9,1734360,2026-04-08T04:15:02.40079+00:00
224583,UCAP,2024-05-08,17.95,,,17.95,3954158,2026-04-08T04:15:04.708287+00:00
224701,UCAP,2024-05-09,17.8,,,17.8,7750623,2026-04-08T04:15:07.337178+00:00
224819,UCAP,2024-05-10,17.9,,,17.9,6950085,2026-04-08T04:15:09.604775+00:00
224937,UCAP,2024-05-13,17.95,,,17.95,3590511,2026-04-08T04:15:13.907933+00:00
225055,UCAP,2024-05-14,18.15,,,18.15,5454217,2026-04-08T04:15:16.26654+00:00
225173,UCAP,2024-05-15,18.15,,,18.15,920616,2026-04-08T04:15:18.549958+00:00
225291,UCAP,2024-05-16,18.15,,,18.15,660777,2026-04-08T04:15:20.841424+00:00
225409,UCAP,2024-05-20,18.15,,,18.15,633741,2026-04-08T04:15:25.962105+00:00
225527,UCAP,2024-05-21,18.1,,,18.1,1239998,2026-04-08T04:15:28.334406+00:00
225645,UCAP,2024-05-22,17.75,,,17.75,1867097,2026-04-08T04:15:30.660212+00:00
225763,UCAP,2024-05-23,17.75,,,17.75,697454,2026-04-08T04:15:32.993296+00:00
225881,UCAP,2024-05-24,17.5,,,17.5,1232754,2026-04-08T04:15:35.360226+00:00
225999,UCAP,2024-05-27,17.5,,,17.5,1356309,2026-04-08T04:15:39.562711+00:00
226117,UCAP,2024-05-28,17.4,,,17.4,3505749,2026-04-08T04:15:41.894674+00:00
226235,UCAP,2024-05-29,17.85,,,17.85,2218462,2026-04-08T04:15:44.435333+00:00
226353,UCAP,2024-05-30,18.05,,,18.05,4809089,2026-04-08T04:15:46.695543+00:00
226471,UCAP,2024-05-31,18.5,,,18.5,1790402,2026-04-08T04:15:48.909252+00:00
226589,UCAP,2024-06-03,19.1,,,19.1,1109470,2026-04-08T04:15:53.203965+00:00
226707,UCAP,2024-06-04,19.05,,,19.05,1467455,2026-04-08T04:15:55.456464+00:00
226825,UCAP,2024-06-05,19.05,,,19.05,812335,2026-04-08T04:15:57.839545+00:00
226943,UCAP,2024-06-06,19.05,,,19.05,663452,2026-04-08T04:16:00.091412+00:00
227061,UCAP,2024-06-07,18.95,,,18.95,1494295,2026-04-08T04:16:02.294722+00:00
227179,UCAP,2024-06-10,18.95,,,18.95,2549718,2026-04-08T04:16:06.655303+00:00
227297,UCAP,2024-06-11,20.0,,,20.0,3922001,2026-04-08T04:16:09.027942+00:00
227415,UCAP,2024-06-13,21.7,,,21.7,5464450,2026-04-08T04:16:12.454757+00:00
227533,UCAP,2024-06-14,21.0,,,21.0,2120644,2026-04-08T04:16:14.762224+00:00
227651,UCAP,2024-06-20,20.6,,,20.6,4663142,2026-04-08T04:16:22.365263+00:00
227769,UCAP,2024-06-21,21.75,,,21.75,9850977,2026-04-08T04:16:24.740936+00:00
227887,UCAP,2024-06-24,21.8,,,21.8,4034000,2026-04-08T04:16:29.101951+00:00
228005,UCAP,2024-06-25,21.85,,,21.85,6246986,2026-04-08T04:16:31.430939+00:00
228123,UCAP,2024-06-26,21.95,,,21.95,9424991,2026-04-08T04:16:33.77834+00:00
228241,UCAP,2024-06-27,24.1,,,24.1,25307837,2026-04-08T04:16:36.13415+00:00
228359,UCAP,2024-06-28,26.5,,,26.5,24973650,2026-04-08T04:16:38.472674+00:00
228477,UCAP,2024-07-01,28.3,,,28.3,26638568,2026-04-08T04:16:42.881798+00:00
228595,UCAP,2024-07-02,28.35,,,28.35,25266358,2026-04-08T04:16:45.256647+00:00
228713,UCAP,2024-07-03,27.9,,,27.9,5001502,2026-04-08T04:16:47.732339+00:00
228831,UCAP,2024-07-04,27.85,,,27.85,11605938,2026-04-08T04:16:50.22378+00:00
228949,UCAP,2024-07-05,28.1,,,28.1,11117706,2026-04-08T04:16:52.679645+00:00
229067,UCAP,2024-07-08,28.7,,,28.7,5186204,2026-04-08T04:16:57.375145+00:00
229185,UCAP,2024-07-09,28.4,,,28.4,4170404,2026-04-08T04:16:59.679545+00:00
229303,UCAP,2024-07-10,28.0,,,28.0,3951577,2026-04-08T04:17:02.104038+00:00
229421,UCAP,2024-07-11,28.2,,,28.2,4392063,2026-04-08T04:17:04.804273+00:00
229539,UCAP,2024-07-12,28.4,,,28.4,5700894,2026-04-08T04:17:07.071694+00:00
229657,UCAP,2024-07-15,30.0,,,30.0,10059553,2026-04-08T04:17:11.418935+00:00
229775,UCAP,2024-07-16,33.0,,,33.0,17321934,2026-04-08T04:17:13.920176+00:00
229893,UCAP,2024-07-17,36.3,,,36.3,23038057,2026-04-08T04:17:16.239817+00:00
230011,UCAP,2024-07-18,39.9,,,39.9,5734208,2026-04-08T04:17:18.614364+00:00
230129,UCAP,2024-07-19,40.55,,,40.55,56759052,2026-04-08T04:17:20.923419+00:00
230247,UCAP,2024-07-22,38.9,,,38.9,20065563,2026-04-08T04:17:25.185516+00:00
230365,UCAP,2024-07-23,38.65,,,38.65,20854104,2026-04-08T04:17:27.655924+00:00
230483,UCAP,2024-07-24,37.0,,,37.0,19083278,2026-04-08T04:17:30.124258+00:00
230601,UCAP,2024-07-25,38.0,,,38.0,14853859,2026-04-08T04:17:32.638981+00:00
230719,UCAP,2024-07-26,38.95,,,38.95,12423840,2026-04-08T04:17:35.101122+00:00
230837,UCAP,2024-07-29,37.8,,,37.8,17501712,2026-04-08T04:17:40.103977+00:00
230955,UCAP,2024-07-30,34.05,,,34.05,22937149,2026-04-08T04:17:43.080384+00:00
231073,UCAP,2024-07-31,31.0,,,31.0,24749322,2026-04-08T04:17:45.61458+00:00
231191,UCAP,2024-08-01,11.05,,,11.05,1947474,2026-04-08T04:17:47.950902+00:00
231309,UCAP,2024-08-02,12.15,,,12.15,1787012,2026-04-08T04:17:50.372085+00:00
231427,UCAP,2024-08-05,13.35,,,13.35,9359272,2026-04-08T04:17:54.929581+00:00
231545,UCAP,2024-08-06,14.65,,,14.65,10899773,2026-04-08T04:17:57.472912+00:00
231663,UCAP,2024-08-07,16.1,,,16.1,74420857,2026-04-08T04:17:59.948734+00:00
231781,UCAP,2024-08-08,14.5,,,14.5,33835818,2026-04-08T04:18:02.36647+00:00
231899,UCAP,2024-08-09,15.95,,,15.95,16393294,2026-04-08T04:18:04.674683+00:00
232017,UCAP,2024-08-12,15.7,,,15.7,10986864,2026-04-08T04:18:08.918743+00:00
232135,UCAP,2024-08-13,15.6,,,15.6,8653835,2026-04-08T04:18:11.387792+00:00
232253,UCAP,2024-08-14,15.4,,,15.4,6157951,2026-04-08T04:18:13.859526+00:00
232371,UCAP,2024-08-15,15.8,,,15.8,15187422,2026-04-08T04:18:16.357381+00:00
232489,UCAP,2024-08-16,15.6,,,15.6,6473484,2026-04-08T04:18:18.692447+00:00
232607,UCAP,2024-08-19,16.1,,,16.1,17205830,2026-04-08T04:18:23.063194+00:00
232725,UCAP,2024-08-20,16.45,,,16.45,10259967,2026-04-08T04:18:25.366221+00:00
232843,UCAP,2024-08-21,17.0,,,17.0,8472176,2026-04-08T04:18:27.861334+00:00
232961,UCAP,2024-08-22,18.25,,,18.25,9231020,2026-04-08T04:18:30.156184+00:00
233079,UCAP,2024-08-23,19.75,,,19.75,16765308,2026-04-08T04:18:32.497978+00:00
233197,UCAP,2024-08-26,18.1,,,18.1,15986206,2026-04-08T04:18:37.19542+00:00
233315,UCAP,2024-08-27,18.5,,,18.5,7611847,2026-04-08T04:18:39.561091+00:00
233433,UCAP,2024-08-28,19.05,,,19.05,7167195,2026-04-08T04:18:42.048567+00:00
233551,UCAP,2024-08-29,18.75,,,18.75,3674729,2026-04-08T04:18:44.36768+00:00
233669,UCAP,2024-09-02,17.65,,,17.65,5666321,2026-04-08T04:18:49.632285+00:00
233787,UCAP,2024-09-03,17.05,,,17.05,4199935,2026-04-08T04:18:52.389232+00:00
233905,UCAP,2024-09-04,17.0,,,17.0,3105775,2026-04-08T04:18:54.875674+00:00
234023,UCAP,2024-09-05,16.5,,,16.5,3407203,2026-04-08T04:18:57.763256+00:00
234141,UCAP,2024-09-06,17.05,,,17.05,3491271,2026-04-08T04:19:00.536712+00:00
234259,UCAP,2024-09-09,17.3,,,17.3,7019351,2026-04-08T04:19:05.495104+00:00
234377,UCAP,2024-09-10,17.9,,,17.9,6927801,2026-04-08T04:19:08.070871+00:00
234495,UCAP,2024-09-11,18.0,,,18.0,5574063,2026-04-08T04:19:10.663572+00:00
234613,UCAP,2024-09-12,18.0,,,18.0,8584053,2026-04-08T04:19:13.371302+00:00
234731,UCAP,2024-09-13,18.25,,,18.25,5171426,2026-04-08T04:19:16.033041+00:00
234849,UCAP,2024-09-17,17.6,,,17.6,2805535,2026-04-08T04:19:22.824888+00:00
234967,UCAP,2024-09-18,18.1,,,18.1,3421628,2026-04-08T04:19:25.915955+00:00
235085,UCAP,2024-09-19,18.0,,,18.0,2126877,2026-04-08T04:19:28.330134+00:00
235203,UCAP,2024-09-20,18.0,,,18.0,1787396,2026-04-08T04:19:30.82066+00:00
235321,UCAP,2024-09-23,18.0,,,18.0,2591594,2026-04-08T04:19:35.29526+00:00
235439,UCAP,2024-09-24,18.15,,,18.15,2353710,2026-04-08T04:19:37.629736+00:00
235557,UCAP,2024-09-25,18.1,,,18.1,1392256,2026-04-08T04:19:40.096992+00:00
235675,UCAP,2024-09-26,18.0,,,18.0,3453556,2026-04-08T04:19:42.676048+00:00
235793,UCAP,2024-09-27,18.0,,,18.0,2295116,2026-04-08T04:19:45.342636+00:00
235911,UCAP,2024-09-30,18.35,,,18.35,2691454,2026-04-08T04:19:50.223917+00:00
236029,UCAP,2024-10-02,18.0,,,18.0,5947480,2026-04-08T04:19:53.821423+00:00
236147,UCAP,2024-10-03,17.95,,,17.95,3812440,2026-04-08T04:19:56.203135+00:00
236265,UCAP,2024-10-04,18.0,,,18.0,2964054,2026-04-08T04:19:58.634737+00:00
236383,UCAP,2024-10-07,18.35,,,18.35,4074302,2026-04-08T04:20:03.05432+00:00
236501,UCAP,2024-10-08,18.0,,,18.0,3931334,2026-04-08T04:20:05.535519+00:00
236619,UCAP,2024-10-10,18.05,,,18.05,2686035,2026-04-08T04:20:08.855054+00:00
236737,UCAP,2024-10-11,18.25,,,18.25,3777002,2026-04-08T04:20:11.460237+00:00
236855,UCAP,2024-10-14,18.1,,,18.1,8782298,2026-04-08T04:20:16.284622+00:00
236974,UCAP,2024-10-15,18.1,,,18.1,1146242,2026-04-08T04:20:18.84933+00:00
237093,UCAP,2024-10-17,18.35,,,18.35,4276436,2026-04-08T04:20:23.389134+00:00
237212,UCAP,2024-10-18,18.4,,,18.4,1436730,2026-04-08T04:20:26.17489+00:00
237331,UCAP,2024-10-21,18.5,,,18.5,2605868,2026-04-08T04:20:30.541886+00:00
237450,UCAP,2024-10-22,18.3,,,18.3,1793568,2026-04-08T04:20:32.890604+00:00
237569,UCAP,2024-10-23,18.3,,,18.3,3231416,2026-04-08T04:20:35.186729+00:00
237688,UCAP,2024-10-24,18.0,,,18.0,7921037,2026-04-08T04:20:37.740613+00:00
237807,UCAP,2024-10-25,18.05,,,18.05,8034857,2026-04-08T04:20:40.222387+00:00
237926,UCAP,2024-10-28,18.3,,,18.3,1673297,2026-04-08T04:20:44.742576+00:00
238045,UCAP,2024-10-29,18.5,,,18.5,3926825,2026-04-08T04:20:47.136244+00:00
238164,UCAP,2024-10-30,18.5,,,18.5,2908614,2026-04-08T04:20:49.405969+00:00
238283,UCAP,2024-10-31,18.25,,,18.25,5789362,2026-04-08T04:20:51.756515+00:00
238402,UCAP,2024-11-01,17.95,,,17.95,7069907,2026-04-08T04:20:54.1075+00:00
238521,UCAP,2024-11-04,17.8,,,17.8,4856525,2026-04-08T04:20:58.471072+00:00
238640,UCAP,2024-11-05,17.5,,,17.5,8108661,2026-04-08T04:21:01.00344+00:00
238759,UCAP,2024-11-06,17.6,,,17.6,6137932,2026-04-08T04:21:03.585377+00:00
238878,UCAP,2024-11-07,17.6,,,17.6,7041557,2026-04-08T04:21:06.256351+00:00
238997,UCAP,2024-11-08,17.9,,,17.9,3786413,2026-04-08T04:21:08.623134+00:00
239116,UCAP,2024-11-11,16.15,,,16.15,11630574,2026-04-08T04:21:12.782875+00:00
239235,UCAP,2024-11-12,16.0,,,16.0,76764351,2026-04-08T04:21:15.417322+00:00
239354,UCAP,2024-11-13,16.35,,,16.35,16294441,2026-04-08T04:21:17.790166+00:00
239473,UCAP,2024-11-14,17.7,,,17.7,15432566,2026-04-08T04:21:20.354873+00:00
239592,UCAP,2024-11-15,16.8,,,16.8,19125419,2026-04-08T04:21:22.90937+00:00
239711,UCAP,2024-11-18,16.8,,,16.8,10176123,2026-04-08T04:21:27.576358+00:00
239830,UCAP,2024-11-19,16.9,,,16.9,9861561,2026-04-08T04:21:29.868433+00:00
239949,UCAP,2024-11-20,17.0,,,17.0,9148023,2026-04-08T04:21:32.433299+00:00
240068,UCAP,2024-11-21,17.0,,,17.0,7345826,2026-04-08T04:21:34.755564+00:00
240187,UCAP,2024-11-22,17.1,,,17.1,7205780,2026-04-08T04:21:37.514754+00:00
240306,UCAP,2024-11-25,17.2,,,17.2,11209103,2026-04-08T04:21:41.818387+00:00
240425,UCAP,2024-11-26,17.3,,,17.3,13561477,2026-04-08T04:21:44.163824+00:00
240544,UCAP,2024-11-27,17.35,,,17.35,11585244,2026-04-08T04:21:46.720727+00:00
240663,UCAP,2024-11-28,17.25,,,17.25,17198652,2026-04-08T04:21:49.110263+00:00
240782,UCAP,2024-12-02,17.15,,,17.15,8078206,2026-04-08T04:21:54.88401+00:00
240901,UCAP,2024-12-03,17.4,,,17.4,7187350,2026-04-08T04:21:57.640504+00:00
241020,UCAP,2024-12-04,17.7,,,17.7,11333940,2026-04-08T04:21:59.930228+00:00
241139,UCAP,2024-12-06,18.0,,,18.0,9724293,2026-04-08T04:22:03.392712+00:00
241258,UCAP,2024-12-09,17.9,,,17.9,12224235,2026-04-08T04:22:07.745808+00:00
241377,UCAP,2024-12-10,17.9,,,17.9,8414875,2026-04-08T04:22:10.112253+00:00
241496,UCAP,2024-12-11,17.9,,,17.9,9167067,2026-04-08T04:22:12.639548+00:00
241615,UCAP,2024-12-12,18.85,,,18.85,8480992,2026-04-08T04:22:15.033357+00:00
241734,UCAP,2024-12-13,18.65,,,18.65,12971812,2026-04-08T04:22:17.509919+00:00
241853,UCAP,2024-12-16,19.1,,,19.1,14333119,2026-04-08T04:22:22.499781+00:00
241972,UCAP,2024-12-17,18.6,,,18.6,10845490,2026-04-08T04:22:24.995572+00:00
242091,UCAP,2024-12-18,19.0,,,19.0,5227991,2026-04-08T04:22:27.498126+00:00
242210,UCAP,2024-12-19,18.5,,,18.5,6553941,2026-04-08T04:22:29.868083+00:00
242329,UCAP,2024-12-20,19.0,,,19.0,7918966,2026-04-08T04:22:32.392508+00:00
242448,UCAP,2024-12-23,19.25,,,19.25,10450110,2026-04-08T04:22:36.740311+00:00
242567,UCAP,2024-12-24,19.7,,,19.7,6290784,2026-04-08T04:22:39.25804+00:00
242686,UCAP,2024-12-27,20.2,,,20.2,13159352,2026-04-08T04:22:43.946119+00:00
242804,UCAP,2024-12-31,20.4,,,20.4,6262437,2026-04-08T04:22:48.665239+00:00
242922,UCAP,2025-01-02,22.4,,,22.4,11555997,2026-04-08T04:22:52.256438+00:00
243040,UCAP,2025-01-03,23.4,,,23.4,15083429,2026-04-08T04:22:55.101113+00:00
243158,UCAP,2025-01-06,23.0,,,23.0,19080429,2026-04-08T04:23:00.046313+00:00
243276,UCAP,2025-01-07,22.2,,,22.2,12463354,2026-04-08T04:23:02.329348+00:00
243394,UCAP,2025-01-08,22.2,,,22.2,13468230,2026-04-08T04:23:04.632968+00:00
243512,UCAP,2025-01-09,22.1,,,22.1,11790429,2026-04-08T04:23:06.908261+00:00
243630,UCAP,2025-01-10,22.35,,,22.35,14067339,2026-04-08T04:23:09.304805+00:00
243748,UCAP,2025-01-13,22.2,,,22.2,7395961,2026-04-08T04:23:13.790041+00:00
243866,UCAP,2025-01-14,22.0,,,22.0,10617549,2026-04-08T04:23:16.129929+00:00
243984,UCAP,2025-01-15,22.0,,,22.0,7402708,2026-04-08T04:23:18.535433+00:00
244102,UCAP,2025-01-16,22.0,,,22.0,11893463,2026-04-08T04:23:20.834867+00:00
244220,UCAP,2025-01-17,22.5,,,22.5,9651346,2026-04-08T04:23:23.141674+00:00
244338,UCAP,2025-01-20,22.45,,,22.45,6323482,2026-04-08T04:23:27.482452+00:00
244456,UCAP,2025-01-21,22.2,,,22.2,4925936,2026-04-08T04:23:29.752731+00:00
244574,UCAP,2025-01-22,22.2,,,22.2,4891861,2026-04-08T04:23:32.235559+00:00
244692,UCAP,2025-01-23,22.35,,,22.35,8038901,2026-04-08T04:23:34.519549+00:00
244810,UCAP,2025-01-24,22.5,,,22.5,14055470,2026-04-08T04:23:37.097992+00:00
244928,UCAP,2025-01-27,22.5,,,22.5,11376081,2026-04-08T04:23:41.817807+00:00
245046,UCAP,2025-01-28,22.85,,,22.85,11575149,2026-04-08T04:23:44.43679+00:00
245164,UCAP,2025-01-30,22.5,,,22.5,6004567,2026-04-08T04:23:47.90788+00:00
245282,UCAP,2025-01-31,22.5,,,22.5,6004567,2026-04-08T04:23:50.425841+00:00
245400,UCAP,2025-02-03,22.55,,,22.55,10179842,2026-04-08T04:23:55.090801+00:00
245518,UCAP,2025-02-04,22.5,,,22.5,6318506,2026-04-08T04:23:57.584141+00:00
245636,UCAP,2025-02-05,22.55,,,22.55,24777534,2026-04-08T04:24:00.484627+00:00
245754,UCAP,2025-02-06,22.9,,,22.9,7238713,2026-04-08T04:24:04.153698+00:00
245872,UCAP,2025-02-07,23.85,,,23.85,10187606,2026-04-08T04:24:07.822728+00:00
245990,UCAP,2025-02-10,23.5,,,23.5,10304103,2026-04-08T04:24:13.163899+00:00
246108,UCAP,2025-02-11,23.0,,,23.0,9645563,2026-04-08T04:24:15.629092+00:00
246226,UCAP,2025-02-12,23.05,,,23.05,6448321,2026-04-08T04:24:18.226035+00:00
246344,UCAP,2025-02-13,22.6,,,22.6,9098830,2026-04-08T04:24:20.725749+00:00
246462,UCAP,2025-02-14,22.85,,,22.85,9278452,2026-04-08T04:24:23.300806+00:00
246580,UCAP,2025-02-17,22.3,,,22.3,7176638,2026-04-08T04:24:27.726986+00:00
246698,UCAP,2025-02-18,22.6,,,22.6,11474569,2026-04-08T04:24:30.295737+00:00
246816,UCAP,2025-02-19,22.9,,,22.9,6802477,2026-04-08T04:24:32.765887+00:00
246934,UCAP,2025-02-20,22.6,,,22.6,9099799,2026-04-08T04:24:35.351909+00:00
247052,UCAP,2025-02-21,22.55,,,22.55,10385414,2026-04-08T04:24:37.680479+00:00
247170,UCAP,2025-02-25,21.0,,,21.0,9070854,2026-04-08T04:24:43.419296+00:00
247288,UCAP,2025-02-26,22.0,,,22.0,7576652,2026-04-08T04:24:45.860894+00:00
247406,UCAP,2025-02-27,22.1,,,22.1,8349263,2026-04-08T04:24:48.27846+00:00
247524,UCAP,2025-02-28,22.2,,,22.2,7422993,2026-04-08T04:24:50.63724+00:00
247642,UCAP,2025-03-03,20.0,,,20.0,11664202,2026-04-08T04:24:55.222854+00:00
247760,UCAP,2025-03-04,18.5,,,18.5,40525622,2026-04-08T04:24:57.762887+00:00
247879,UCAP,2025-03-05,18.0,,,18.0,18851639,2026-04-08T04:25:00.108696+00:00
247998,UCAP,2025-03-06,18.5,,,18.5,6214524,2026-04-08T04:25:02.52336+00:00
248117,UCAP,2025-03-07,19.95,,,19.95,14643572,2026-04-08T04:25:04.19753+00:00
248236,UCAP,2025-03-10,20.5,,,20.5,8183848,2026-04-08T04:25:07.959889+00:00
248355,UCAP,2025-03-11,20.3,,,20.3,4386467,2026-04-08T04:25:10.446731+00:00
248474,UCAP,2025-03-12,19.3,,,19.3,18281718,2026-04-08T04:25:12.888859+00:00
248593,UCAP,2025-03-13,19.2,,,19.2,13603692,2026-04-08T04:25:15.353849+00:00
248712,UCAP,2025-03-14,18.95,,,18.95,7173066,2026-04-08T04:25:17.75152+00:00
248831,UCAP,2025-03-17,18.2,,,18.2,3869169,2026-04-08T04:25:23.327657+00:00
248950,UCAP,2025-03-18,18.3,,,18.3,7959861,2026-04-08T04:25:25.763099+00:00
249069,UCAP,2025-03-19,18.1,,,18.1,5815980,2026-04-08T04:25:28.144043+00:00
249188,UCAP,2025-03-20,18.2,,,18.2,8534131,2026-04-08T04:25:31.01834+00:00
249307,UCAP,2025-03-21,18.3,,,18.3,4244846,2026-04-08T04:25:33.389958+00:00
249426,UCAP,2025-03-24,16.6,,,16.6,9891258,2026-04-08T04:25:38.388993+00:00
249545,UCAP,2025-03-25,16.95,,,16.95,16073527,2026-04-08T04:25:40.7685+00:00
249664,UCAP,2025-03-26,16.95,,,16.95,11405573,2026-04-08T04:25:43.344812+00:00
249783,UCAP,2025-03-27,16.6,,,16.6,7312653,2026-04-08T04:25:45.817232+00:00
249902,UCAP,2025-03-28,16.5,,,16.5,12013076,2026-04-08T04:25:48.177352+00:00
250021,UCAP,2025-04-02,15.3,,,15.3,25532823,2026-04-08T04:25:54.663823+00:00
250140,UCAP,2025-04-03,15.2,,,15.2,21449586,2026-04-08T04:25:57.014747+00:00
250259,UCAP,2025-04-04,15.2,,,15.2,25608246,2026-04-08T04:25:59.489503+00:00
250378,UCAP,2025-04-07,14.55,,,14.55,12170248,2026-04-08T04:26:04.211964+00:00
250497,UCAP,2025-04-08,14.5,,,14.5,23305142,2026-04-08T04:26:06.766331+00:00
250616,UCAP,2025-04-10,15.25,,,15.25,7279950,2026-04-08T04:26:10.263658+00:00
250735,UCAP,2025-04-11,15.25,,,15.25,8088829,2026-04-08T04:26:12.610372+00:00
250854,UCAP,2025-04-14,15.2,,,15.2,9892112,2026-04-08T04:26:17.137975+00:00
250973,UCAP,2025-04-15,14.55,,,14.55,10029775,2026-04-08T04:26:19.634971+00:00
251092,UCAP,2025-04-16,14.95,,,14.95,5170928,2026-04-08T04:26:22.321337+00:00
251211,UCAP,2025-04-17,15.35,,,15.35,4321443,2026-04-08T04:26:24.819431+00:00
251330,UCAP,2025-04-22,16.5,,,16.5,5406787,2026-04-08T04:26:31.401152+00:00
251449,UCAP,2025-04-23,16.9,,,16.9,11926562,2026-04-08T04:26:33.741411+00:00
251568,UCAP,2025-04-24,17.05,,,17.05,5131238,2026-04-08T04:26:36.383131+00:00
251688,UCAP,2025-04-25,18.2,,,18.2,5110265,2026-04-08T04:26:38.677219+00:00
251808,UCAP,2025-04-28,18.2,,,18.2,12390102,2026-04-08T04:26:43.113614+00:00
251928,UCAP,2025-04-29,18.25,,,18.25,10485541,2026-04-08T04:26:45.609073+00:00
252048,UCAP,2025-04-30,19.5,,,19.5,14076242,2026-04-08T04:26:48.242472+00:00
252168,UCAP,2025-05-02,18.25,,,18.25,7605192,2026-04-08T04:26:51.690529+00:00
252288,UCAP,2025-05-05,18.2,,,18.2,6904930,2026-04-08T04:26:56.275381+00:00
252408,UCAP,2025-05-06,18.0,,,18.0,5573265,2026-04-08T04:26:58.7221+00:00
252528,UCAP,2025-05-07,18.05,,,18.05,8471012,2026-04-08T04:27:01.170235+00:00
252648,UCAP,2025-05-08,17.6,,,17.6,11187308,2026-04-08T04:27:03.468055+00:00
252768,UCAP,2025-05-09,17.05,,,17.05,10095432,2026-04-08T04:27:05.963213+00:00
252888,UCAP,2025-05-12,18.0,,,18.0,6507661,2026-04-08T04:27:10.449459+00:00
253008,UCAP,2025-05-14,18.0,,,18.0,8330964,2026-04-08T04:27:13.89162+00:00
253128,UCAP,2025-05-15,18.0,,,18.0,3511826,2026-04-08T04:27:16.307455+00:00
253248,UCAP,2025-05-16,18.15,,,18.15,7212779,2026-04-08T04:27:18.639316+00:00
253368,UCAP,2025-05-19,18.9,,,18.9,26743378,2026-04-08T04:27:23.06518+00:00
253488,UCAP,2025-05-20,18.9,,,18.9,26743378,2026-04-08T04:27:25.663956+00:00
253608,UCAP,2025-05-21,18.75,,,18.75,5243293,2026-04-08T04:27:28.280255+00:00
253728,UCAP,2025-05-22,18.7,,,18.7,6596403,2026-04-08T04:27:30.733393+00:00
253848,UCAP,2025-05-23,18.6,,,18.6,5894067,2026-04-08T04:27:33.142895+00:00
253968,UCAP,2025-05-26,18.5,,,18.5,11517986,2026-04-08T04:27:37.938794+00:00
254088,UCAP,2025-05-27,18.7,,,18.7,13993398,2026-04-08T04:27:40.395447+00:00
254208,UCAP,2025-05-28,18.8,,,18.8,3907840,2026-04-08T04:27:42.906627+00:00
254328,UCAP,2025-05-29,19.2,,,19.2,9913546,2026-04-08T04:27:45.903166+00:00
254448,UCAP,2025-05-30,20.0,,,20.0,66836845,2026-04-08T04:27:48.4452+00:00
254568,UCAP,2025-06-02,19.95,,,19.95,27177947,2026-04-08T04:27:53.01382+00:00
254688,UCAP,2025-06-03,19.25,,,19.25,7883062,2026-04-08T04:27:55.368454+00:00
254808,UCAP,2025-06-04,19.25,,,19.25,11889894,2026-04-08T04:27:57.94541+00:00
254928,UCAP,2025-06-05,19.25,,,19.25,7381409,2026-04-08T04:28:00.320696+00:00
255048,UCAP,2025-06-10,19.0,,,19.0,8371810,2026-04-08T04:28:07.114795+00:00
255168,UCAP,2025-06-11,19.15,,,19.15,6451662,2026-04-08T04:28:09.38594+00:00
255288,UCAP,2025-06-17,19.9,,,19.9,5922138,2026-04-08T04:28:17.228975+00:00
255408,UCAP,2025-06-18,19.9,,,19.9,8481338,2026-04-08T04:28:19.70912+00:00
255528,UCAP,2025-06-19,19.65,,,19.65,6441669,2026-04-08T04:28:22.276816+00:00
255648,UCAP,2025-06-20,19.0,,,19.0,6649969,2026-04-08T04:28:24.65394+00:00
255768,UCAP,2025-06-23,19.35,,,19.35,6352267,2026-04-08T04:28:29.225711+00:00
255888,UCAP,2025-06-24,19.45,,,19.45,7001037,2026-04-08T04:28:31.569579+00:00
256008,UCAP,2025-06-25,19.45,,,19.45,3710484,2026-04-08T04:28:33.910697+00:00
256128,UCAP,2025-06-26,19.05,,,19.05,10015994,2026-04-08T04:28:36.389223+00:00
256248,UCAP,2025-06-27,19.0,,,19.0,6007438,2026-04-08T04:28:38.797599+00:00
256368,UCAP,2025-07-01,19.2,,,19.2,5379955,2026-04-08T04:28:44.517216+00:00
256488,UCAP,2025-07-02,20.4,,,20.4,6070183,2026-04-08T04:28:47.139962+00:00
256608,UCAP,2025-07-03,20.85,,,20.85,4983053,2026-04-08T04:28:49.506141+00:00
256728,UCAP,2025-07-04,21.0,,,21.0,8340671,2026-04-08T04:28:51.76506+00:00
256848,UCAP,2025-07-07,20.0,,,20.0,8666588,2026-04-08T04:28:56.230166+00:00
256968,UCAP,2025-07-08,20.5,,,20.5,6953147,2026-04-08T04:28:58.705995+00:00
257088,UCAP,2025-07-09,20.8,,,20.8,9274492,2026-04-08T04:29:01.058721+00:00
257208,UCAP,2025-07-10,20.8,,,20.8,7997911,2026-04-08T04:29:03.550316+00:00
257328,UCAP,2025-07-11,21.0,,,21.0,9492190,2026-04-08T04:29:06.089999+00:00
257448,UCAP,2025-07-14,21.1,,,21.1,11034175,2026-04-08T04:29:10.69196+00:00
257568,UCAP,2025-07-16,20.5,,,20.5,9570824,2026-04-08T04:29:14.112969+00:00
257688,UCAP,2025-07-17,20.35,,,20.35,12279080,2026-04-08T04:29:16.489777+00:00
257808,UCAP,2025-07-18,20.55,,,20.55,12943398,2026-04-08T04:29:18.854517+00:00
257928,UCAP,2025-07-21,20.45,,,20.45,9893275,2026-04-08T04:29:23.300994+00:00
258048,UCAP,2025-07-22,20.4,,,20.4,7608806,2026-04-08T04:29:25.922592+00:00
258168,UCAP,2025-07-23,20.55,,,20.55,6366338,2026-04-08T04:29:29.05968+00:00
258288,UCAP,2025-07-24,21.0,,,21.0,7325551,2026-04-08T04:29:31.486978+00:00
258408,UCAP,2025-07-25,21.1,,,21.1,7952081,2026-04-08T04:29:33.980938+00:00
258528,UCAP,2025-07-28,21.0,,,21.0,16720522,2026-04-08T04:29:38.78621+00:00
258647,UCAP,2025-07-29,20.8,,,20.8,11977062,2026-04-08T04:29:41.392621+00:00
258766,UCAP,2025-07-30,19.9,,,19.9,12443844,2026-04-08T04:29:43.881641+00:00
258885,UCAP,2025-07-31,19.55,,,19.55,6601117,2026-04-08T04:29:46.315218+00:00
259004,UCAP,2025-08-01,19.9,,,19.9,7119285,2026-04-08T04:29:48.711654+00:00
259122,UCAP,2025-08-04,20.5,,,20.5,6714085,2026-04-08T04:29:53.303607+00:00
259241,UCAP,2025-08-05,20.2,,,20.2,9647611,2026-04-08T04:29:55.780422+00:00
259360,UCAP,2025-08-06,20.2,,,20.2,9605621,2026-04-08T04:29:58.241852+00:00
259479,UCAP,2025-08-07,19.9,,,19.9,3470675,2026-04-08T04:30:00.56444+00:00
259598,UCAP,2025-08-08,19.6,,,19.6,6882250,2026-04-08T04:30:02.234883+00:00
259717,UCAP,2025-08-11,19.0,,,19.0,6026270,2026-04-08T04:30:07.037349+00:00
259836,UCAP,2025-08-12,19.2,,,19.2,5850039,2026-04-08T04:30:09.28323+00:00
259955,UCAP,2025-08-13,20.0,,,20.0,6197095,2026-04-08T04:30:11.815521+00:00
260074,UCAP,2025-08-14,19.5,,,19.5,7271227,2026-04-08T04:30:14.350221+00:00
260193,UCAP,2025-08-15,19.25,,,19.25,4702451,2026-04-08T04:30:16.786076+00:00
260312,UCAP,2025-08-18,19.5,,,19.5,8861187,2026-04-08T04:30:21.560319+00:00
260431,UCAP,2025-08-19,19.05,,,19.05,7515690,2026-04-08T04:30:23.869462+00:00
260550,UCAP,2025-08-20,19.2,,,19.2,3221018,2026-04-08T04:30:26.318672+00:00
260669,UCAP,2025-08-21,19.05,,,19.05,3770537,2026-04-08T04:30:28.670378+00:00
260788,UCAP,2025-08-22,19.1,,,19.1,6278113,2026-04-08T04:30:30.96965+00:00
260907,UCAP,2025-08-25,18.95,,,18.95,7345680,2026-04-08T04:30:35.521871+00:00
261026,UCAP,2025-08-26,18.95,,,18.95,7257143,2026-04-08T04:30:37.91594+00:00
261145,UCAP,2025-08-27,19.3,,,19.3,2813129,2026-04-08T04:30:40.231113+00:00
261264,UCAP,2025-08-28,19.0,,,19.0,5035071,2026-04-08T04:30:42.59826+00:00
261383,UCAP,2025-08-29,19.3,,,19.3,3980823,2026-04-08T04:30:45.09102+00:00
261502,UCAP,2025-09-01,18.95,,,18.95,3619146,2026-04-08T04:30:49.608802+00:00
261621,UCAP,2025-09-02,18.9,,,18.9,4413550,2026-04-08T04:30:52.312491+00:00
261740,UCAP,2025-09-03,18.7,,,18.7,3655837,2026-04-08T04:30:55.837007+00:00
261859,UCAP,2025-09-04,18.1,,,18.1,10780885,2026-04-08T04:30:58.198935+00:00
261978,UCAP,2025-09-08,18.2,,,18.2,9528668,2026-04-08T04:31:03.728068+00:00
262097,UCAP,2025-09-09,18.9,,,18.9,2661373,2026-04-08T04:31:06.294869+00:00
262216,UCAP,2025-09-10,19.2,,,19.2,5769184,2026-04-08T04:31:08.610575+00:00
262335,UCAP,2025-09-11,19.5,,,19.5,5875212,2026-04-08T04:31:10.974873+00:00
262454,UCAP,2025-09-12,18.9,,,18.9,7380781,2026-04-08T04:31:13.547359+00:00
262573,UCAP,2025-09-15,19.55,,,19.55,4863432,2026-04-08T04:31:18.268622+00:00
262692,UCAP,2025-09-16,19.6,,,19.6,3216829,2026-04-08T04:31:20.741189+00:00
262811,UCAP,2025-09-17,19.7,,,19.7,3218142,2026-04-08T04:31:23.24235+00:00
262930,UCAP,2025-09-18,20.5,,,20.5,7294517,2026-04-08T04:31:25.598019+00:00
263049,UCAP,2025-09-19,18.95,,,18.95,4977822,2026-04-08T04:31:28.111008+00:00
263168,UCAP,2025-09-22,19.1,,,19.1,4190090,2026-04-08T04:31:32.624882+00:00
263287,UCAP,2025-09-23,18.95,,,18.95,4678078,2026-04-08T04:31:35.170326+00:00
263406,UCAP,2025-09-24,18.9,,,18.9,2713291,2026-04-08T04:31:37.673105+00:00
263525,UCAP,2025-09-25,18.9,,,18.9,2006808,2026-04-08T04:31:40.100841+00:00
263644,UCAP,2025-09-26,18.6,,,18.6,3002740,2026-04-08T04:31:42.548783+00:00
263763,UCAP,2025-09-29,18.9,,,18.9,2064247,2026-04-08T04:31:47.029675+00:00
263882,UCAP,2025-09-30,18.9,,,18.9,1170690,2026-04-08T04:31:49.320364+00:00
264001,UCAP,2025-10-02,19.0,,,19.0,1355546,2026-04-08T04:31:52.706523+00:00
264120,UCAP,2025-10-03,18.7,,,18.7,4672988,2026-04-08T04:31:55.311341+00:00
264239,UCAP,2025-10-06,18.8,,,18.8,5000169,2026-04-08T04:31:59.803196+00:00
264358,UCAP,2025-10-07,19.1,,,19.1,2728091,2026-04-08T04:32:02.285104+00:00
264477,UCAP,2025-10-08,19.55,,,19.55,6544587,2026-04-08T04:32:04.646463+00:00
264596,UCAP,2025-10-09,19.55,,,19.55,3996929,2026-04-08T04:32:07.004133+00:00
264715,UCAP,2025-10-10,19.6,,,19.6,3941269,2026-04-08T04:32:10.69692+00:00
264834,UCAP,2025-10-13,19.45,,,19.45,4579936,2026-04-08T04:32:15.267586+00:00
264953,UCAP,2025-10-14,19.0,,,19.0,2200650,2026-04-08T04:32:17.792097+00:00
265072,UCAP,2025-10-15,18.6,,,18.6,6305550,2026-04-08T04:32:20.093513+00:00
265191,UCAP,2025-10-16,18.7,,,18.7,6786091,2026-04-08T04:32:22.728593+00:00
265310,UCAP,2025-10-17,18.5,,,18.5,6652977,2026-04-08T04:32:25.167177+00:00
265429,UCAP,2025-10-20,18.5,,,18.5,4384447,2026-04-08T04:32:29.532096+00:00
265548,UCAP,2025-10-21,18.5,,,18.5,2796135,2026-04-08T04:32:31.920152+00:00
265667,UCAP,2025-10-22,18.7,,,18.7,1505594,2026-04-08T04:32:34.332447+00:00
265786,UCAP,2025-10-23,18.6,,,18.6,3321320,2026-04-08T04:32:36.79914+00:00
265905,UCAP,2025-10-24,18.2,,,18.2,7390261,2026-04-08T04:32:39.249323+00:00
266024,UCAP,2025-10-28,18.5,,,18.5,5048129,2026-04-08T04:32:44.921336+00:00
266143,UCAP,2025-10-29,18.5,,,18.5,3225824,2026-04-08T04:32:47.450266+00:00
266262,UCAP,2025-10-30,18.0,,,18.0,9790870,2026-04-08T04:32:49.91761+00:00
266381,UCAP,2025-10-31,18.5,,,18.5,3284216,2026-04-08T04:32:52.375955+00:00
266500,UCAP,2025-11-03,18.0,,,18.0,9114097,2026-04-08T04:32:57.290654+00:00
266619,UCAP,2025-11-04,17.95,,,17.95,6024162,2026-04-08T04:32:59.739678+00:00
266738,UCAP,2025-11-05,17.55,,,17.55,3452373,2026-04-08T04:33:02.152799+00:00
266857,UCAP,2025-11-06,18.1,,,18.1,2371142,2026-04-08T04:33:04.646202+00:00
266976,UCAP,2025-11-07,18.0,,,18.0,6117465,2026-04-08T04:33:07.145499+00:00
267095,UCAP,2025-11-10,17.2,,,17.2,8011430,2026-04-08T04:33:11.744122+00:00
267214,UCAP,2025-11-11,16.1,,,16.1,6705690,2026-04-08T04:33:14.17228+00:00
267333,UCAP,2025-11-12,17.6,,,17.6,27855387,2026-04-08T04:33:16.719178+00:00
267452,UCAP,2025-11-13,18.4,,,18.4,2409160,2026-04-08T04:33:19.052814+00:00
267571,UCAP,2025-11-14,17.8,,,17.8,1781529,2026-04-08T04:33:21.762061+00:00
267690,UCAP,2025-11-17,17.65,,,17.65,5898978,2026-04-08T04:33:26.271116+00:00
267809,UCAP,2025-11-18,17.35,,,17.35,4188379,2026-04-08T04:33:29.067053+00:00
267928,UCAP,2025-11-19,17.15,,,17.15,2202941,2026-04-08T04:33:31.487527+00:00
268047,UCAP,2025-11-20,17.0,,,17.0,10717955,2026-04-08T04:33:33.887172+00:00
268166,UCAP,2025-11-21,16.9,,,16.9,3838599,2026-04-08T04:33:36.654129+00:00
268285,UCAP,2025-11-24,16.5,,,16.5,3780740,2026-04-08T04:33:41.368891+00:00
268404,UCAP,2025-11-25,16.25,,,16.25,3614452,2026-04-08T04:33:44.004166+00:00
268523,UCAP,2025-11-26,16.45,,,16.45,4607094,2026-04-08T04:33:46.260048+00:00
268642,UCAP,2025-11-27,17.2,,,17.2,2896011,2026-04-08T04:33:48.488035+00:00
268761,UCAP,2025-11-28,17.35,,,17.35,2178914,2026-04-08T04:33:50.826192+00:00
268880,UCAP,2025-12-01,17.3,,,17.3,11031383,2026-04-08T04:33:55.236541+00:00
268999,UCAP,2025-12-02,16.95,,,16.95,8276692,2026-04-08T04:33:57.748335+00:00
269118,UCAP,2025-12-03,17.25,,,17.25,1539516,2026-04-08T04:34:00.349419+00:00
269237,UCAP,2025-12-04,17.05,,,17.05,3676207,2026-04-08T04:34:03.142475+00:00
269356,UCAP,2025-12-05,17.0,,,17.0,4130936,2026-04-08T04:34:05.808951+00:00
269475,UCAP,2025-12-08,17.1,,,17.1,4671678,2026-04-08T04:34:10.334331+00:00
269594,UCAP,2025-12-09,17.1,,,17.1,5430598,2026-04-08T04:34:12.926221+00:00
269713,UCAP,2025-12-10,17.45,,,17.45,4060846,2026-04-08T04:34:15.295879+00:00
269832,UCAP,2025-12-11,17.3,,,17.3,2276070,2026-04-08T04:34:17.804745+00:00
269951,UCAP,2025-12-12,17.2,,,17.2,3719807,2026-04-08T04:34:20.615101+00:00
270070,UCAP,2025-12-15,17.45,,,17.45,4721432,2026-04-08T04:34:25.240467+00:00
270189,UCAP,2025-12-16,17.0,,,17.0,4301982,2026-04-08T04:34:27.867795+00:00
270308,UCAP,2025-12-18,17.6,,,17.6,2613450,2026-04-08T04:34:31.321522+00:00
270427,UCAP,2025-12-19,17.85,,,17.85,2351508,2026-04-08T04:34:33.771022+00:00
270546,UCAP,2025-12-22,18.05,,,18.05,1589800,2026-04-08T04:34:38.115277+00:00
270665,UCAP,2025-12-23,18.4,,,18.4,5684166,2026-04-08T04:34:40.661369+00:00
270784,UCAP,2025-12-24,18.0,,,18.0,899343,2026-04-08T04:34:43.221402+00:00
270903,UCAP,2025-12-29,18.2,,,18.2,2729178,2026-04-08T04:34:48.902152+00:00
271022,UCAP,2025-12-30,18.4,,,18.4,4294810,2026-04-08T04:34:51.359097+00:00
271141,UCAP,2025-12-31,18.7,,,18.7,2929392,2026-04-08T04:34:53.061316+00:00
271260,UCAP,2026-01-02,18.5,,,18.5,1413924,2026-04-08T04:34:56.467348+00:00
271379,UCAP,2026-01-05,19.45,,,19.45,6794214,2026-04-08T04:35:01.008466+00:00
271498,UCAP,2026-01-06,18.8,,,18.8,8017472,2026-04-08T04:35:03.366972+00:00
271617,UCAP,2026-01-07,18.8,,,18.8,23312109,2026-04-08T04:35:05.819661+00:00
271736,UCAP,2026-01-08,18.7,,,18.7,22718845,2026-04-08T04:35:08.163488+00:00
271855,UCAP,2026-01-09,18.6,,,18.6,11117351,2026-04-08T04:35:10.591402+00:00
271974,UCAP,2026-01-12,18.6,,,18.6,10317274,2026-04-08T04:35:15.220756+00:00
272093,UCAP,2026-01-13,18.6,,,18.6,2591969,2026-04-08T04:35:17.864544+00:00
272212,UCAP,2026-01-14,19.0,,,19.0,5080621,2026-04-08T04:35:20.278959+00:00
272331,UCAP,2026-01-15,19.1,,,19.1,4532500,2026-04-08T04:35:23.159853+00:00
272450,UCAP,2026-01-16,19.1,,,19.1,3493177,2026-04-08T04:35:25.571119+00:00
272569,UCAP,2026-01-19,18.7,,,18.7,4570652,2026-04-08T04:35:30.272746+00:00
272688,UCAP,2026-01-20,18.5,,,18.5,4847718,2026-04-08T04:35:32.536083+00:00
272808,UCAP,2026-01-21,18.5,,,18.5,5727954,2026-04-08T04:35:34.90344+00:00
272928,UCAP,2026-01-22,18.0,,,18.0,6598255,2026-04-08T04:35:36.566163+00:00
273048,UCAP,2026-01-23,17.95,,,17.95,8012961,2026-04-08T04:35:38.92405+00:00
273168,UCAP,2026-01-26,18.0,,,18.0,4915251,2026-04-08T04:35:43.383975+00:00
273288,UCAP,2026-01-27,18.0,,,18.0,7772951,2026-04-08T04:35:45.70946+00:00
273408,UCAP,2026-01-28,18.0,,,18.0,6802302,2026-04-08T04:35:48.193808+00:00
273528,UCAP,2026-01-29,18.05,,,18.05,2692305,2026-04-08T04:35:50.479528+00:00
273648,UCAP,2026-01-30,18.3,,,18.3,2449838,2026-04-08T04:35:52.855058+00:00
273768,UCAP,2026-02-02,18.25,,,18.25,2330766,2026-04-08T04:35:57.524813+00:00
273888,UCAP,2026-02-03,18.15,,,18.15,9255935,2026-04-08T04:36:00.137559+00:00
274008,UCAP,2026-02-04,18.8,,,18.8,5983017,2026-04-08T04:36:02.592569+00:00
274128,UCAP,2026-02-05,19.85,,,19.85,11608691,2026-04-08T04:36:04.997535+00:00
274248,UCAP,2026-02-06,18.55,,,18.55,16777253,2026-04-08T04:36:07.533957+00:00
132,UCAP,2026-02-08,,,,18.55,16777253,2026-02-08T00:18:13.946+00:00
274368,UCAP,2026-02-09,19.15,,,19.15,8708735,2026-04-08T04:36:12.456447+00:00
274488,UCAP,2026-02-10,20.0,,,20.0,26795349,2026-04-08T04:36:14.818506+00:00
274608,UCAP,2026-02-11,20.35,,,20.35,16723875,2026-04-08T04:36:17.460702+00:00
184,UCAP,2026-02-12,20.0,20.35,20.35,20.0,4884348,2026-02-12T09:23:46.869241+00:00
274848,UCAP,2026-02-13,20.8,,,20.8,45396246,2026-04-08T04:36:22.38356+00:00
274968,UCAP,2026-02-16,21.0,,,21.0,11546403,2026-04-08T04:36:26.879081+00:00
275088,UCAP,2026-02-17,19.75,,,19.75,13412332,2026-04-08T04:36:29.440312+00:00
275208,UCAP,2026-02-18,19.5,,,19.5,6880514,2026-04-08T04:36:31.166521+00:00
275328,UCAP,2026-02-19,19.5,,,19.5,12365015,2026-04-08T04:36:33.575564+00:00
625,UCAP,2026-02-20,19.15,,,19.15,9702669,2026-02-20T23:15:44.934622+00:00
773,UCAP,2026-02-23,20.45,,,20.45,9619075,2026-02-23T07:00:01.990412+00:00
921,UCAP,2026-02-24,19.7,,,19.7,6369540,2026-02-24T07:00:01.929914+00:00
1069,UCAP,2026-02-25,19.3,,,19.3,15594857,2026-02-25T07:00:01.953057+00:00
1217,UCAP,2026-02-26,19.05,,,19.05,10578909,2026-02-26T07:00:01.915173+00:00
1905,UCAP,2026-02-27,19.3,,,19.3,4829850,2026-02-27T07:00:02.056517+00:00
2786,UCAP,2026-02-28,19.3,,,19.3,4829850,2026-02-28T18:00:03.453641+00:00
2934,UCAP,2026-03-01,19.3,,,19.3,4829850,2026-03-01T18:00:03.821122+00:00
3082,UCAP,2026-03-02,18.35,,,18.35,22490040,2026-03-02T07:00:01.981706+00:00
4046,UCAP,2026-03-03,18.5,,,18.5,21470395,2026-03-03T07:00:01.858909+00:00
5483,UCAP,2026-03-04,18.3,,,18.3,17669832,2026-03-04T07:00:02.010027+00:00
7201,UCAP,2026-03-05,18.1,,,18.1,4932038,2026-03-05T07:00:02.0033+00:00
9717,UCAP,2026-03-06,18.75,,,18.75,11457830,2026-03-06T07:00:02.033178+00:00
11375,UCAP,2026-03-07,18.75,,,18.75,11457830,2026-03-07T18:00:06.285951+00:00
11523,UCAP,2026-03-08,18.75,,,18.75,11457830,2026-03-08T18:00:03.574352+00:00
11671,UCAP,2026-03-09,18.2,,,18.2,11138539,2026-03-09T07:00:02.016534+00:00
14187,UCAP,2026-03-10,18.0,,,18.0,12412265,2026-03-10T07:00:03.966079+00:00
16027,UCAP,2026-03-11,18.05,,,18.05,11848913,2026-03-11T07:00:02.147117+00:00
17743,UCAP,2026-03-12,18.2,,,18.2,3639922,2026-03-12T07:00:02.06753+00:00
20259,UCAP,2026-03-13,18.05,,,18.05,20943808,2026-03-13T07:00:01.993197+00:00
23705,UCAP,2026-03-16,18.05,,,18.05,15641064,2026-03-16T08:30:01.80086+00:00
25536,UCAP,2026-03-17,18.15,,,18.15,9546259,2026-03-17T08:30:01.70448+00:00
27399,UCAP,2026-03-18,18.25,,,18.25,1763744,2026-03-18T08:30:01.732403+00:00
33213,UCAP,2026-03-23,18.4,,,18.4,4670322,2026-03-23T08:30:01.705825+00:00
34791,UCAP,2026-03-24,18.5,,,18.5,3778065,2026-03-24T15:00:01.978259+00:00
34939,UCAP,2026-03-25,18.5,,,18.5,4858615,2026-03-25T15:00:01.528164+00:00
35087,UCAP,2026-03-26,18.55,,,18.55,1967917,2026-03-26T15:00:01.955832+00:00
35235,UCAP,2026-03-27,18.5,,,18.5,4172260,2026-03-27T15:00:02.114662+00:00
278208,UCAP,2026-03-30,18.35,,,18.35,3179796,2026-04-08T04:37:47.74327+00:00
35383,UCAP,2026-03-31,18.35,,,18.35,7731688,2026-03-31T15:00:02.085058+00:00
278448,UCAP,2026-04-01,18.1,,,18.1,3313870,2026-04-08T04:37:52.684906+00:00
35531,UCAP,2026-04-02,18.15,,,18.15,5778612,2026-04-02T15:00:01.864809+00:00
35975,UCAP,2026-04-07,17.8,,,17.8,9210023,2026-04-07T15:00:01.949344+00:00
278872,UCAP,2026-04-08,17.0,,,17.0,10850174,2026-04-08T15:00:01.943007+00:00
279019,UCAP,2026-04-09,16.0,,,16.0,9099698,2026-04-09T15:00:02.085141+00:00
279165,UCAP,2026-04-10,16.2,,,16.2,16672902,2026-04-10T15:00:01.352272+00:00
279311,UCAP,2026-04-13,16.35,,,16.35,10989263,2026-04-13T15:00:02.021173+00:00
279457,UCAP,2026-04-14,16.35,,,16.35,5411473,2026-04-14T15:00:02.477878+00:00
279603,UCAP,2026-04-15,16.25,,,16.25,10608400,2026-04-15T15:00:02.184222+00:00
279749,UCAP,2026-04-16,16.15,,,16.15,16704652,2026-04-16T15:00:02.07143+00:00
279895,UCAP,2026-04-17,16.4,,,16.4,10305617,2026-04-17T15:00:02.06245+00:00
280041,UCAP,2026-04-20,16.25,,,16.25,8751875,2026-04-20T15:00:01.862344+00:00
280187,UCAP,2026-04-21,16.15,,,16.15,36782734,2026-04-21T15:00:02.189846+00:00
280333,UCAP,2026-04-22,16.0,,,16.0,24029880,2026-04-22T15:00:02.200159+00:00
280479,UCAP,2026-04-23,16.0,,,16.0,13981024,2026-04-23T15:00:02.125151+00:00
280625,UCAP,2026-04-24,16.0,,,16.0,16338203,2026-04-24T15:00:02.20649+00:00
280771,UCAP,2026-04-27,16.15,,,16.15,10346194,2026-04-27T15:00:02.034997+00:00
280917,UCAP,2026-04-28,17.15,,,17.15,28253567,2026-04-28T15:00:01.918241+00:00
281063,UCAP,2026-04-29,17.8,,,17.8,25769662,2026-04-29T15:00:02.672724+00:00
281209,UCAP,2026-04-30,18.4,,,18.4,21446974,2026-04-30T15:00:02.170664+00:00
281501,UCAP,2026-05-04,18.0,,,18.0,8220297,2026-05-04T15:00:02.156928+00:00
281647,UCAP,2026-05-05,18.55,,,18.55,35749215,2026-05-05T15:00:01.930748+00:00
281793,UCAP,2026-05-06,18.5,,,18.5,36247748,2026-05-06T15:00:01.919787+00:00
281939,UCAP,2026-05-07,18.6,,,18.6,11368013,2026-05-07T15:00:01.995523+00:00
282085,UCAP,2026-05-08,18.65,,,18.65,3881064,2026-05-08T15:00:02.118161+00:00
282231,UCAP,2026-05-11,18.55,,,18.55,3744872,2026-05-11T15:00:02.243132+00:00
282377,UCAP,2026-05-12,18.65,,,18.65,4522496,2026-05-12T15:00:02.325735+00:00
282523,UCAP,2026-05-13,18.75,,,18.75,13343360,2026-05-13T15:00:01.887561+00:00
282669,UCAP,2026-05-14,18.4,,,18.4,4358377,2026-05-14T15:00:01.952989+00:00
282815,UCAP,2026-05-15,18.95,,,18.95,4452273,2026-05-15T15:00:01.871578+00:00
282961,UCAP,2026-05-18,18.6,,,18.6,3121449,2026-05-18T15:00:01.868607+00:00
283107,UCAP,2026-05-19,18.4,,,18.4,7120359,2026-05-19T15:00:01.863653+00:00
283253,UCAP,2026-05-20,18.8,,,18.8,6807739,2026-05-20T15:00:01.871845+00:00
283399,UCAP,2026-05-21,18.6,,,18.6,4711864,2026-05-21T15:00:01.939198+00:00
283545,UCAP,2026-05-22,18.5,,,18.5,7964813,2026-05-22T15:00:02.031345+00:00
283691,UCAP,2026-05-25,18.55,,,18.55,5677916,2026-05-25T15:00:01.979384+00:00
283837,UCAP,2026-05-26,18.65,,,18.65,6983885,2026-05-26T15:00:01.996051+00:00
284275,UCAP,2026-05-29,19.0,,,19.0,15993336,2026-05-29T15:00:02.455558+00:00
284421,UCAP,2026-06-01,18.7,,,18.7,5552724,2026-06-01T15:00:02.603507+00:00
284567,UCAP,2026-06-02,18.7,,,18.7,5748472,2026-06-02T15:00:02.980523+00:00
284713,UCAP,2026-06-03,18.2,,,18.2,8432839,2026-06-03T15:00:03.023028+00:00
284859,UCAP,2026-06-04,18.1,,,18.1,8799640,2026-06-04T15:00:03.321931+00:00
285005,UCAP,2026-06-05,18.35,,,18.35,5204266,2026-06-05T15:00:03.073061+00:00
285151,UCAP,2026-06-08,18.6,,,18.6,4164745,2026-06-08T15:00:03.135386+00:00
285297,UCAP,2026-06-09,18.3,,,18.3,9145861,2026-06-09T15:00:03.53749+00:00
285443,UCAP,2026-06-10,18.75,,,18.75,11397627,2026-06-10T15:10:03.084397+00:00
285881,UCAP,2026-06-11,18.1,,,18.1,3544160,2026-06-11T15:10:02.991492+00:00
287633,UCAP,2026-06-15,18.3,,,18.3,7660274,2026-06-15T15:10:02.896252+00:00
288509,UCAP,2026-06-16,18.25,,,18.25,10424211,2026-06-16T15:10:02.87997+00:00
289385,UCAP,2026-06-17,17.7,,,17.7,16438310,2026-06-17T15:10:02.980097+00:00
289823,UCAP,2026-06-18,17.9,,,17.9,9207976,2026-06-18T15:10:02.932064+00:00
290407,UCAP,2026-06-19,18.0,,,18.0,13753049,2026-06-19T15:10:02.959085+00:00
291137,UCAP,2026-06-22,18.0,,,18.0,6013961,2026-06-22T15:10:03.140564+00:00
291721,UCAP,2026-06-23,18.2,,,18.2,5792869,2026-06-23T15:10:03.017319+00:00
292305,UCAP,2026-06-24,17.8,,,17.8,14373052,2026-06-24T15:10:03.053149+00:00
292889,UCAP,2026-06-25,17.5,,,17.5,16267176,2026-06-25T15:10:02.973562+00:00
293327,UCAP,2026-06-26,17.45,,,17.45,10274341,2026-06-26T15:10:03.012808+00:00
293765,UCAP,2026-06-29,17.25,,,17.25,10593167,2026-06-29T15:10:03.028054+00:00
294203,UCAP,2026-06-30,16.8,,,16.8,11113700,2026-06-30T15:10:03.08168+00:00
294641,UCAP,2026-07-01,16.3,,,16.3,28346606,2026-07-01T15:10:03.133226+00:00
295079,UCAP,2026-07-02,16.3,,,16.3,19688692,2026-07-02T15:10:03.065554+00:00
295517,UCAP,2026-07-03,17.2,,,17.2,4862388,2026-07-03T15:10:03.019266+00:00
295955,UCAP,2026-07-06,17.35,,,17.35,6871528,2026-07-06T15:10:03.100823+00:00
296393,UCAP,2026-07-07,17.85,,,17.85,4621876,2026-07-07T15:10:03.687653+00:00
296831,UCAP,2026-07-08,17.55,,,17.55,4066685,2026-07-08T15:10:02.922872+00:00
297270,UCAP,2026-07-09,17.65,,,17.65,6113799,2026-07-09T15:10:03.041812+00:00
297708,UCAP,2026-07-10,17.7,,,17.7,2739377,2026-07-10T15:10:03.284445+00:00
298146,UCAP,2026-07-13,17.75,,,17.75,5012859,2026-07-13T15:10:02.995074+00:00
298584,UCAP,2026-07-14,17.75,,,17.75,2043880,2026-07-14T15:10:03.094441+00:00
299022,UCAP,2026-07-15,17.75,,,17.75,5432174,2026-07-15T15:10:03.078609+00:00
299460,UCAP,2026-07-16,17.5,,,17.5,5366137,2026-07-16T15:10:03.113936+00:00
299898,UCAP,2026-07-17,17.75,,,17.75,7407225,2026-07-17T15:10:03.053983+00:00
