id,symbol,trade_date,open_price,high_price,low_price,close_price,volume,created_at
42811,UNITYBNK,2017-01-03,0.57,,,0.57,110300.0,2026-04-08T02:41:25.765521+00:00
43371,UNITYBNK,2017-01-04,0.58,,,0.58,276000.0,2026-04-08T02:42:20.164398+00:00
43481,UNITYBNK,2017-01-05,0.58,,,0.58,12121.0,2026-04-08T02:42:22.380516+00:00
43591,UNITYBNK,2017-01-06,0.58,,,0.58,0.0,2026-04-08T02:42:23.84796+00:00
43681,UNITYBNK,2017-01-09,0.58,,,0.58,30085.0,2026-04-08T02:42:26.938159+00:00
43791,UNITYBNK,2017-01-10,0.58,,,0.58,9412.0,2026-04-08T02:42:29.227202+00:00
43901,UNITYBNK,2017-01-11,0.59,,,0.59,1256002.0,2026-04-08T02:42:30.799441+00:00
43991,UNITYBNK,2017-01-12,0.59,,,0.59,20000.0,2026-04-08T02:42:32.390658+00:00
44119,UNITYBNK,2017-01-13,0.58,,,0.58,2309316.0,2026-04-08T02:42:34.853543+00:00
44211,UNITYBNK,2017-01-16,0.59,,,0.59,947035.0,2026-04-08T02:42:38.72803+00:00
44321,UNITYBNK,2017-01-17,0.62,,,0.62,2275362.0,2026-04-08T02:42:41.056228+00:00
44431,UNITYBNK,2017-01-18,0.62,,,0.62,202568.0,2026-04-08T02:42:42.795307+00:00
44521,UNITYBNK,2017-01-19,0.62,,,0.62,20000.0,2026-04-08T02:42:44.39781+00:00
44631,UNITYBNK,2017-01-20,0.64,,,0.64,1819164.0,2026-04-08T02:42:46.643743+00:00
44741,UNITYBNK,2017-01-23,0.66,,,0.66,3425131.0,2026-04-08T02:42:49.827664+00:00
44851,UNITYBNK,2017-01-24,0.68,,,0.68,1065020.0,2026-04-08T02:42:51.574002+00:00
44941,UNITYBNK,2017-01-25,0.69,,,0.69,107000.0,2026-04-08T02:42:54.05787+00:00
45051,UNITYBNK,2017-01-26,0.71,,,0.71,2414700.0,2026-04-08T02:42:55.759+00:00
45161,UNITYBNK,2017-01-27,0.74,,,0.74,621410.0,2026-04-08T02:42:57.462271+00:00
45271,UNITYBNK,2017-01-30,0.75,,,0.75,582600.0,2026-04-08T02:43:00.905282+00:00
45381,UNITYBNK,2017-01-31,0.78,,,0.78,236281.0,2026-04-08T02:43:03.07753+00:00
45491,UNITYBNK,2017-02-01,0.8,,,0.8,1727133.0,2026-04-08T02:43:04.619173+00:00
45581,UNITYBNK,2017-02-02,0.84,,,0.84,800765.0,2026-04-08T02:43:06.209007+00:00
45691,UNITYBNK,2017-02-03,0.8,,,0.8,892250.0,2026-04-08T02:43:08.490666+00:00
45801,UNITYBNK,2017-02-06,0.8,,,0.8,7897888.0,2026-04-08T02:43:11.037852+00:00
45911,UNITYBNK,2017-02-07,0.83,,,0.83,50000.0,2026-04-08T02:43:12.662822+00:00
46001,UNITYBNK,2017-02-08,0.83,,,0.83,100.0,2026-04-08T02:43:14.224877+00:00
46112,UNITYBNK,2017-02-09,0.83,,,0.83,4900.0,2026-04-08T02:43:16.408746+00:00
46223,UNITYBNK,2017-02-10,0.83,,,0.83,3704.0,2026-04-08T02:43:18.597686+00:00
46315,UNITYBNK,2017-02-13,0.83,,,0.83,4000.0,2026-04-08T02:43:22.775561+00:00
46427,UNITYBNK,2017-02-14,0.83,,,0.83,0.0,2026-04-08T02:43:24.286485+00:00
46539,UNITYBNK,2017-02-15,0.83,,,0.83,350.0,2026-04-08T02:43:26.422065+00:00
46651,UNITYBNK,2017-02-16,0.83,,,0.83,0.0,2026-04-08T02:43:28.597754+00:00
46743,UNITYBNK,2017-02-17,0.83,,,0.83,8000.0,2026-04-08T02:43:31.044717+00:00
49411,UNITYBNK,2017-02-20,0.83,,,0.83,21485.0,2026-04-08T02:51:00.639833+00:00
49503,UNITYBNK,2017-02-21,0.79,,,0.79,300000.0,2026-04-08T02:51:03.098475+00:00
46835,UNITYBNK,2017-02-22,0.79,,,0.79,1790.0,2026-04-08T02:44:33.152084+00:00
46927,UNITYBNK,2017-02-23,0.79,,,0.79,0.0,2026-04-08T02:44:35.448225+00:00
47019,UNITYBNK,2017-02-24,0.79,,,0.79,0.0,2026-04-08T02:44:37.781529+00:00
47111,UNITYBNK,2017-02-27,0.79,,,0.79,0.0,2026-04-08T02:44:42.101817+00:00
47203,UNITYBNK,2017-02-28,0.79,,,0.79,10000.0,2026-04-08T02:44:45.006295+00:00
47295,UNITYBNK,2017-03-01,0.79,,,0.79,0.0,2026-04-08T02:44:47.332471+00:00
47387,UNITYBNK,2017-03-02,0.73,,,0.73,204500.0,2026-04-08T02:44:49.657807+00:00
47479,UNITYBNK,2017-03-03,0.73,,,0.73,0.0,2026-04-08T02:44:51.301699+00:00
47571,UNITYBNK,2017-03-06,0.7,,,0.7,80000.0,2026-04-08T02:44:56.024588+00:00
47663,UNITYBNK,2017-03-07,0.67,,,0.67,175310.0,2026-04-08T02:44:58.263872+00:00
47755,UNITYBNK,2017-03-08,0.67,,,0.67,0.0,2026-04-08T02:44:59.957789+00:00
47847,UNITYBNK,2017-03-09,0.67,,,0.67,4394.0,2026-04-08T02:45:01.661944+00:00
47939,UNITYBNK,2017-03-10,0.67,,,0.67,1000.0,2026-04-08T02:45:03.96312+00:00
48031,UNITYBNK,2017-03-13,0.67,,,0.67,1000.0,2026-04-08T02:45:08.663664+00:00
48123,UNITYBNK,2017-03-14,0.67,,,0.67,0.0,2026-04-08T02:45:11.088473+00:00
48215,UNITYBNK,2017-03-15,0.67,,,0.67,0.0,2026-04-08T02:45:12.861206+00:00
48307,UNITYBNK,2017-03-16,0.67,,,0.67,0.0,2026-04-08T02:45:15.084197+00:00
48399,UNITYBNK,2017-03-17,0.67,,,0.67,0.0,2026-04-08T02:45:17.543831+00:00
48491,UNITYBNK,2017-03-20,0.67,,,0.67,0.0,2026-04-08T02:45:21.873889+00:00
48583,UNITYBNK,2017-03-21,0.67,,,0.67,119.0,2026-04-08T02:45:25.078347+00:00
48675,UNITYBNK,2017-03-22,0.67,,,0.67,0.0,2026-04-08T02:45:26.626215+00:00
48767,UNITYBNK,2017-03-23,0.67,,,0.67,5620.0,2026-04-08T02:45:28.377346+00:00
48859,UNITYBNK,2017-03-24,0.67,,,0.67,0.0,2026-04-08T02:45:30.775015+00:00
48951,UNITYBNK,2017-03-27,0.67,,,0.67,0.0,2026-04-08T02:45:34.704999+00:00
49043,UNITYBNK,2017-03-28,0.67,,,0.67,0.0,2026-04-08T02:45:36.347457+00:00
49135,UNITYBNK,2017-03-29,0.67,,,0.67,10497.0,2026-04-08T02:45:38.731306+00:00
49227,UNITYBNK,2017-03-30,0.67,,,0.67,1155.0,2026-04-08T02:45:40.513553+00:00
49319,UNITYBNK,2017-03-31,0.64,,,0.64,50000.0,2026-04-08T02:45:42.281198+00:00
49595,UNITYBNK,2017-04-03,0.64,,,0.64,100.0,2026-04-08T02:51:07.481095+00:00
49687,UNITYBNK,2017-04-04,0.64,,,0.64,10497.0,2026-04-08T02:51:09.86923+00:00
49779,UNITYBNK,2017-04-05,0.64,,,0.64,0.0,2026-04-08T02:51:12.308135+00:00
49871,UNITYBNK,2017-04-06,0.64,,,0.64,1620.0,2026-04-08T02:51:14.846493+00:00
49963,UNITYBNK,2017-04-07,0.64,,,0.64,0.0,2026-04-08T02:51:17.320635+00:00
50055,UNITYBNK,2017-04-10,0.61,,,0.61,52000.0,2026-04-08T02:51:21.583607+00:00
50146,UNITYBNK,2017-04-11,0.61,,,0.61,0.0,2026-04-08T02:51:23.796131+00:00
50237,UNITYBNK,2017-04-12,0.61,,,0.61,0.0,2026-04-08T02:51:26.28287+00:00
50328,UNITYBNK,2017-04-13,0.61,,,0.61,3050.0,2026-04-08T02:51:28.606475+00:00
50419,UNITYBNK,2017-04-18,0.61,,,0.61,82.0,2026-04-08T02:51:35.070654+00:00
50510,UNITYBNK,2017-04-19,0.61,,,0.61,0.0,2026-04-08T02:51:37.390681+00:00
50601,UNITYBNK,2017-04-20,0.58,,,0.58,110000.0,2026-04-08T02:51:39.751187+00:00
50692,UNITYBNK,2017-04-21,0.58,,,0.58,0.0,2026-04-08T02:51:42.059234+00:00
50783,UNITYBNK,2017-04-24,0.58,,,0.58,0.0,2026-04-08T02:51:46.271638+00:00
50874,UNITYBNK,2017-04-25,0.58,,,0.58,0.0,2026-04-08T02:51:48.506234+00:00
50965,UNITYBNK,2017-04-26,0.58,,,0.58,105100.0,2026-04-08T02:51:50.787758+00:00
51056,UNITYBNK,2017-04-27,0.58,,,0.58,0.0,2026-04-08T02:51:53.168104+00:00
51147,UNITYBNK,2017-04-28,0.58,,,0.58,0.0,2026-04-08T02:51:55.619599+00:00
51238,UNITYBNK,2017-05-02,0.58,,,0.58,1588.0,2026-04-08T02:52:01.291461+00:00
51329,UNITYBNK,2017-05-03,0.54,,,0.54,301300.0,2026-04-08T02:52:03.619408+00:00
51420,UNITYBNK,2017-05-04,0.5,,,0.5,1517555.0,2026-04-08T02:52:06.041901+00:00
51511,UNITYBNK,2017-05-05,0.5,,,0.5,924606.0,2026-04-08T02:52:08.320033+00:00
51602,UNITYBNK,2017-05-08,0.5,,,0.5,544500.0,2026-04-08T02:52:12.828428+00:00
51693,UNITYBNK,2017-05-09,0.5,,,0.5,621169.0,2026-04-08T02:52:15.102333+00:00
51784,UNITYBNK,2017-05-10,0.52,,,0.52,13993555.0,2026-04-08T02:52:17.709352+00:00
51875,UNITYBNK,2017-05-11,0.56,,,0.56,1370585.0,2026-04-08T02:52:19.900179+00:00
51966,UNITYBNK,2017-05-12,0.6,,,0.6,12855767.0,2026-04-08T02:52:22.170941+00:00
52057,UNITYBNK,2017-05-15,0.6,,,0.6,2913599.0,2026-04-08T02:52:26.563035+00:00
52149,UNITYBNK,2017-05-16,0.62,,,0.62,2565906.0,2026-04-08T02:52:28.807233+00:00
52241,UNITYBNK,2017-05-17,0.62,,,0.62,3322160.0,2026-04-08T02:52:31.099411+00:00
52333,UNITYBNK,2017-05-18,0.62,,,0.62,12945.0,2026-04-08T02:52:33.303088+00:00
52425,UNITYBNK,2017-05-19,0.59,,,0.59,294500.0,2026-04-08T02:52:35.640534+00:00
52517,UNITYBNK,2017-05-22,0.57,,,0.57,268412.0,2026-04-08T02:52:39.854932+00:00
52609,UNITYBNK,2017-05-23,0.55,,,0.55,250000.0,2026-04-08T02:52:42.264162+00:00
52701,UNITYBNK,2017-05-24,0.55,,,0.55,1411210.0,2026-04-08T02:52:44.613941+00:00
52793,UNITYBNK,2017-05-25,0.54,,,0.54,941369.0,2026-04-08T02:52:46.963191+00:00
52885,UNITYBNK,2017-05-26,0.56,,,0.56,6226800.0,2026-04-08T02:52:49.347152+00:00
52977,UNITYBNK,2017-05-30,0.58,,,0.58,2164900.0,2026-04-08T02:52:54.942696+00:00
53069,UNITYBNK,2017-05-31,0.56,,,0.56,577925.0,2026-04-08T02:52:57.421655+00:00
53161,UNITYBNK,2017-06-01,0.55,,,0.55,419874.0,2026-04-08T02:52:59.649981+00:00
53253,UNITYBNK,2017-06-02,0.57,,,0.57,1460550.0,2026-04-08T02:53:02.056444+00:00
53345,UNITYBNK,2017-06-05,0.59,,,0.59,4641365.0,2026-04-08T02:53:06.428901+00:00
53437,UNITYBNK,2017-06-06,0.6,,,0.6,1943353.0,2026-04-08T02:53:08.604609+00:00
53529,UNITYBNK,2017-06-07,0.65,,,0.65,5716137.0,2026-04-08T02:53:10.833265+00:00
53621,UNITYBNK,2017-06-08,0.68,,,0.68,2765351.0,2026-04-08T02:53:13.196386+00:00
53713,UNITYBNK,2017-06-09,0.71,,,0.71,3593107.0,2026-04-08T02:53:15.53674+00:00
53805,UNITYBNK,2017-06-12,0.77,,,0.77,6981061.0,2026-04-08T02:53:19.709801+00:00
53897,UNITYBNK,2017-06-13,0.79,,,0.79,6403699.0,2026-04-08T02:53:22.046011+00:00
53989,UNITYBNK,2017-06-14,0.86,,,0.86,5034381.0,2026-04-08T02:53:24.253383+00:00
54081,UNITYBNK,2017-06-15,0.86,,,0.86,4454843.0,2026-04-08T02:53:26.527181+00:00
54173,UNITYBNK,2017-06-16,0.82,,,0.82,24015391.0,2026-04-08T02:53:28.80273+00:00
54265,UNITYBNK,2017-06-19,0.8,,,0.8,343500.0,2026-04-08T02:53:33.036647+00:00
54357,UNITYBNK,2017-06-20,0.8,,,0.8,340156.0,2026-04-08T02:53:35.524675+00:00
54449,UNITYBNK,2017-06-21,0.8,,,0.8,248681.0,2026-04-08T02:53:37.865913+00:00
54541,UNITYBNK,2017-06-22,0.76,,,0.76,95000.0,2026-04-08T02:53:40.094955+00:00
54633,UNITYBNK,2017-06-23,0.76,,,0.76,2167.0,2026-04-08T02:53:42.493578+00:00
54725,UNITYBNK,2017-06-28,0.76,,,0.76,21000.0,2026-04-08T02:53:49.135881+00:00
54817,UNITYBNK,2017-06-29,0.73,,,0.73,493000.0,2026-04-08T02:53:51.51214+00:00
54909,UNITYBNK,2017-06-30,0.67,,,0.67,261400.0,2026-04-08T02:53:53.827964+00:00
55001,UNITYBNK,2017-07-03,0.61,,,0.61,715635.0,2026-04-08T02:53:58.279599+00:00
55093,UNITYBNK,2017-07-04,0.61,,,0.61,7518943.0,2026-04-08T02:54:00.563227+00:00
55185,UNITYBNK,2017-07-05,0.67,,,0.67,5680767.0,2026-04-08T02:54:02.831513+00:00
55277,UNITYBNK,2017-07-06,0.64,,,0.64,3051983.0,2026-04-08T02:54:05.078114+00:00
55369,UNITYBNK,2017-07-07,0.61,,,0.61,4136359.0,2026-04-08T02:54:07.286065+00:00
55461,UNITYBNK,2017-07-10,0.64,,,0.64,6330797.0,2026-04-08T02:54:11.798817+00:00
55553,UNITYBNK,2017-07-11,0.66,,,0.66,3943897.0,2026-04-08T02:54:14.116532+00:00
55645,UNITYBNK,2017-07-12,0.66,,,0.66,2384835.0,2026-04-08T02:54:16.498015+00:00
55732,UNITYBNK,2017-07-13,0.68,,,0.68,255130.0,2026-04-08T02:54:18.840036+00:00
55819,UNITYBNK,2017-07-14,0.73,,,0.73,177460.0,2026-04-08T02:54:21.336813+00:00
55911,UNITYBNK,2017-07-17,0.76,,,0.76,60000.0,2026-04-08T02:54:25.561903+00:00
56003,UNITYBNK,2017-07-18,0.76,,,0.76,5500.0,2026-04-08T02:54:28.120242+00:00
56095,UNITYBNK,2017-07-19,0.73,,,0.73,159000.0,2026-04-08T02:54:30.645734+00:00
56187,UNITYBNK,2017-07-20,0.73,,,0.73,1000.0,2026-04-08T02:54:33.025266+00:00
56279,UNITYBNK,2017-07-21,0.7,,,0.7,170115.0,2026-04-08T02:54:35.480817+00:00
56371,UNITYBNK,2017-07-24,0.67,,,0.67,880500.0,2026-04-08T02:54:39.934321+00:00
56463,UNITYBNK,2017-07-26,0.59,,,0.59,2462313.0,2026-04-08T02:54:43.20598+00:00
56555,UNITYBNK,2017-07-27,0.61,,,0.61,2616453.0,2026-04-08T02:54:45.547579+00:00
56647,UNITYBNK,2017-07-28,0.64,,,0.64,570000.0,2026-04-08T02:54:47.918804+00:00
56739,UNITYBNK,2017-07-31,0.61,,,0.61,590073.0,2026-04-08T02:54:52.464984+00:00
56831,UNITYBNK,2017-08-01,0.58,,,0.58,2796557.0,2026-04-08T02:54:54.790805+00:00
56923,UNITYBNK,2017-08-02,0.6,,,0.6,895625.0,2026-04-08T02:54:57.117603+00:00
57015,UNITYBNK,2017-08-03,0.6,,,0.6,1913727.0,2026-04-08T02:54:59.3729+00:00
57107,UNITYBNK,2017-08-04,0.63,,,0.63,1417781.0,2026-04-08T02:55:01.592641+00:00
57199,UNITYBNK,2017-08-07,0.62,,,0.62,215250.0,2026-04-08T02:55:06.418828+00:00
57291,UNITYBNK,2017-08-08,0.64,,,0.64,2323217.0,2026-04-08T02:55:08.763983+00:00
57383,UNITYBNK,2017-08-09,0.64,,,0.64,667767.0,2026-04-08T02:55:11.057796+00:00
57475,UNITYBNK,2017-08-10,0.61,,,0.61,442435.0,2026-04-08T02:55:13.401484+00:00
57567,UNITYBNK,2017-08-11,0.58,,,0.58,1174161.0,2026-04-08T02:55:15.670877+00:00
57659,UNITYBNK,2017-08-14,0.6,,,0.6,1781505.0,2026-04-08T02:55:20.026285+00:00
57751,UNITYBNK,2017-08-15,0.59,,,0.59,1432049.0,2026-04-08T02:55:22.633816+00:00
57843,UNITYBNK,2017-08-16,0.57,,,0.57,1100188.0,2026-04-08T02:55:24.979188+00:00
57935,UNITYBNK,2017-08-17,0.56,,,0.56,194020.0,2026-04-08T02:55:27.3994+00:00
58027,UNITYBNK,2017-08-18,0.58,,,0.58,564667.0,2026-04-08T02:55:29.67842+00:00
58119,UNITYBNK,2017-08-21,0.6,,,0.6,3100148.0,2026-04-08T02:55:34.023067+00:00
58211,UNITYBNK,2017-08-22,0.59,,,0.59,1678765.0,2026-04-08T02:55:36.334754+00:00
58303,UNITYBNK,2017-08-23,0.59,,,0.59,790.0,2026-04-08T02:55:38.717606+00:00
58395,UNITYBNK,2017-08-24,0.59,,,0.59,300000.0,2026-04-08T02:55:41.242089+00:00
58487,UNITYBNK,2017-08-25,0.57,,,0.57,1538389.0,2026-04-08T02:55:43.579232+00:00
58579,UNITYBNK,2017-08-28,0.57,,,0.57,990000.0,2026-04-08T02:55:48.020598+00:00
58671,UNITYBNK,2017-08-29,0.59,,,0.59,871349.0,2026-04-08T02:55:50.281022+00:00
58763,UNITYBNK,2017-08-30,0.59,,,0.59,5996.0,2026-04-08T02:55:52.499005+00:00
58855,UNITYBNK,2017-08-31,0.57,,,0.57,83374.0,2026-04-08T02:55:54.947048+00:00
58947,UNITYBNK,2017-09-05,0.55,,,0.55,3512490.0,2026-04-08T02:56:01.572419+00:00
59039,UNITYBNK,2017-09-06,0.56,,,0.56,2579943.0,2026-04-08T02:56:03.885356+00:00
59131,UNITYBNK,2017-09-07,0.56,,,0.56,1148808.0,2026-04-08T02:56:06.19045+00:00
59223,UNITYBNK,2017-09-11,0.56,,,0.56,549295.0,2026-04-08T02:56:11.370569+00:00
59315,UNITYBNK,2017-09-12,0.56,,,0.56,3618.0,2026-04-08T02:56:13.892416+00:00
59407,UNITYBNK,2017-09-13,0.56,,,0.56,2752.0,2026-04-08T02:56:16.312215+00:00
59499,UNITYBNK,2017-09-14,0.56,,,0.56,39837.0,2026-04-08T02:56:18.601168+00:00
59591,UNITYBNK,2017-09-15,0.54,,,0.54,759887.0,2026-04-08T02:56:20.93666+00:00
59683,UNITYBNK,2017-09-16,0.53,,,0.53,1620576.0,2026-04-08T02:56:23.148937+00:00
59775,UNITYBNK,2017-09-19,0.53,,,0.53,660863.0,2026-04-08T02:56:27.358465+00:00
59867,UNITYBNK,2017-09-20,0.52,,,0.52,885616.0,2026-04-08T02:56:29.683375+00:00
59959,UNITYBNK,2017-09-21,0.52,,,0.52,1158581.0,2026-04-08T02:56:31.851594+00:00
60051,UNITYBNK,2017-09-22,0.52,,,0.52,34588.0,2026-04-08T02:56:34.007646+00:00
60143,UNITYBNK,2017-09-25,0.54,,,0.54,179678.0,2026-04-08T02:56:38.385386+00:00
60235,UNITYBNK,2017-09-26,0.56,,,0.56,564639.0,2026-04-08T02:56:40.657356+00:00
60327,UNITYBNK,2017-09-27,0.58,,,0.58,1005448.0,2026-04-08T02:56:42.968732+00:00
60419,UNITYBNK,2017-09-28,0.6,,,0.6,1506976.0,2026-04-08T02:56:45.128996+00:00
60511,UNITYBNK,2017-09-29,0.6,,,0.6,605282.0,2026-04-08T02:56:47.398677+00:00
60603,UNITYBNK,2017-10-03,0.57,,,0.57,115720.0,2026-04-08T02:56:52.779733+00:00
60695,UNITYBNK,2017-10-04,0.55,,,0.55,118700.0,2026-04-08T02:56:55.065177+00:00
60787,UNITYBNK,2017-10-05,0.57,,,0.57,422495.0,2026-04-08T02:56:57.377802+00:00
60879,UNITYBNK,2017-10-06,0.55,,,0.55,443500.0,2026-04-08T02:56:59.661092+00:00
60971,UNITYBNK,2017-10-09,0.53,,,0.53,1257400.0,2026-04-08T02:57:04.043492+00:00
61063,UNITYBNK,2017-10-10,0.53,,,0.53,819242.0,2026-04-08T02:57:06.326055+00:00
61155,UNITYBNK,2017-10-11,0.52,,,0.52,352716.0,2026-04-08T02:57:08.620281+00:00
61247,UNITYBNK,2017-10-12,0.54,,,0.54,1424137.0,2026-04-08T02:57:10.950839+00:00
61339,UNITYBNK,2017-10-13,0.52,,,0.52,74570.0,2026-04-08T02:57:13.525709+00:00
61431,UNITYBNK,2017-10-16,0.54,,,0.54,136075.0,2026-04-08T02:57:17.895676+00:00
61523,UNITYBNK,2017-10-17,0.54,,,0.54,63114.0,2026-04-08T02:57:20.31307+00:00
61615,UNITYBNK,2017-10-18,0.54,,,0.54,221280.0,2026-04-08T02:57:22.526226+00:00
61707,UNITYBNK,2017-10-19,0.52,,,0.52,1434506.0,2026-04-08T02:57:24.865827+00:00
61799,UNITYBNK,2017-10-20,0.52,,,0.52,316100.0,2026-04-08T02:57:27.091081+00:00
61891,UNITYBNK,2017-10-23,0.52,,,0.52,2890321.0,2026-04-08T02:57:31.703062+00:00
61983,UNITYBNK,2017-10-24,0.5,,,0.5,1484088.0,2026-04-08T02:57:34.020008+00:00
62075,UNITYBNK,2017-10-25,0.5,,,0.5,838090.0,2026-04-08T02:57:36.254878+00:00
62167,UNITYBNK,2017-10-26,0.5,,,0.5,98496.0,2026-04-08T02:57:38.639324+00:00
62259,UNITYBNK,2017-10-27,0.52,,,0.52,210267.0,2026-04-08T02:57:40.810349+00:00
62351,UNITYBNK,2017-10-30,0.52,,,0.52,2620516.0,2026-04-08T02:57:45.233404+00:00
62443,UNITYBNK,2017-10-31,0.51,,,0.51,146322.0,2026-04-08T02:57:47.538171+00:00
62535,UNITYBNK,2017-11-01,0.53,,,0.53,1973117.0,2026-04-08T02:57:49.900698+00:00
62627,UNITYBNK,2017-11-02,0.51,,,0.51,1588734.0,2026-04-08T02:57:52.192143+00:00
62719,UNITYBNK,2017-11-03,0.51,,,0.51,2854228.0,2026-04-08T02:57:54.512232+00:00
62811,UNITYBNK,2017-11-06,0.51,,,0.51,2185730.0,2026-04-08T02:57:59.23147+00:00
62903,UNITYBNK,2017-11-07,0.53,,,0.53,295808.0,2026-04-08T02:58:01.524363+00:00
62995,UNITYBNK,2017-11-08,0.51,,,0.51,4127904.0,2026-04-08T02:58:03.79912+00:00
63087,UNITYBNK,2017-11-09,0.52,,,0.52,493185.0,2026-04-08T02:58:06.050925+00:00
63179,UNITYBNK,2017-11-10,0.52,,,0.52,84018.0,2026-04-08T02:58:08.423322+00:00
63271,UNITYBNK,2017-11-13,0.51,,,0.51,1871017.0,2026-04-08T02:58:12.832851+00:00
63363,UNITYBNK,2017-11-14,0.51,,,0.51,668311.0,2026-04-08T02:58:15.182817+00:00
63455,UNITYBNK,2017-11-15,0.53,,,0.53,867840.0,2026-04-08T02:58:17.483941+00:00
63547,UNITYBNK,2017-11-16,0.51,,,0.51,1813818.0,2026-04-08T02:58:19.932158+00:00
63639,UNITYBNK,2017-11-17,0.53,,,0.53,4178475.0,2026-04-08T02:58:22.230505+00:00
63731,UNITYBNK,2017-11-20,0.51,,,0.51,1147809.0,2026-04-08T02:58:26.609741+00:00
63823,UNITYBNK,2017-11-21,0.51,,,0.51,280811.0,2026-04-08T02:58:29.044371+00:00
63915,UNITYBNK,2017-11-22,0.51,,,0.51,233760.0,2026-04-08T02:58:31.282092+00:00
64007,UNITYBNK,2017-11-23,0.5,,,0.5,5184236.0,2026-04-08T02:58:33.589475+00:00
64099,UNITYBNK,2017-11-24,0.5,,,0.5,1076797.0,2026-04-08T02:58:35.965247+00:00
64191,UNITYBNK,2017-11-27,0.5,,,0.5,372638.0,2026-04-08T02:58:40.303262+00:00
64283,UNITYBNK,2017-11-28,0.5,,,0.5,1405616.0,2026-04-08T02:58:42.596324+00:00
64375,UNITYBNK,2017-11-29,0.5,,,0.5,1164431.0,2026-04-08T02:58:44.979081+00:00
64467,UNITYBNK,2017-11-30,0.5,,,0.5,273000.0,2026-04-08T02:58:47.226359+00:00
64559,UNITYBNK,2017-12-04,0.5,,,0.5,1803000.0,2026-04-08T02:58:52.54699+00:00
64651,UNITYBNK,2017-12-05,0.52,,,0.52,7003018.0,2026-04-08T02:58:54.773083+00:00
64743,UNITYBNK,2017-12-06,0.52,,,0.52,2052645.0,2026-04-08T02:58:57.263783+00:00
64835,UNITYBNK,2017-12-07,0.51,,,0.51,2868418.0,2026-04-08T02:58:59.55462+00:00
64927,UNITYBNK,2017-12-08,0.53,,,0.53,1115182.0,2026-04-08T02:59:01.865905+00:00
65019,UNITYBNK,2017-12-11,0.54,,,0.54,1286093.0,2026-04-08T02:59:06.715792+00:00
65111,UNITYBNK,2017-12-12,0.53,,,0.53,218215.0,2026-04-08T02:59:09.170602+00:00
65203,UNITYBNK,2017-12-13,0.51,,,0.51,497990.0,2026-04-08T02:59:11.522814+00:00
65295,UNITYBNK,2017-12-14,0.5,,,0.5,150751.0,2026-04-08T02:59:13.751616+00:00
65387,UNITYBNK,2017-12-15,0.5,,,0.5,319267.0,2026-04-08T02:59:16.016878+00:00
65479,UNITYBNK,2017-12-18,0.51,,,0.51,207451.0,2026-04-08T02:59:20.496704+00:00
65571,UNITYBNK,2017-12-19,0.51,,,0.51,276765.0,2026-04-08T02:59:22.691103+00:00
65663,UNITYBNK,2017-12-20,0.5,,,0.5,314252.0,2026-04-08T02:59:25.001427+00:00
65755,UNITYBNK,2017-12-21,0.52,,,0.52,140452.0,2026-04-08T02:59:27.554405+00:00
65847,UNITYBNK,2017-12-22,0.52,,,0.52,151024.0,2026-04-08T02:59:29.82771+00:00
65939,UNITYBNK,2017-12-27,0.51,,,0.51,541354.0,2026-04-08T02:59:36.63878+00:00
66031,UNITYBNK,2017-12-28,0.53,,,0.53,82674.0,2026-04-08T02:59:39.04539+00:00
66123,UNITYBNK,2017-12-29,0.53,,,0.53,381249.0,2026-04-08T02:59:41.445401+00:00
66215,UNITYBNK,2018-01-02,0.55,,,0.55,2630000.0,2026-04-08T02:59:46.944851+00:00
66307,UNITYBNK,2018-01-03,0.57,,,0.57,1223720.0,2026-04-08T02:59:49.25236+00:00
66399,UNITYBNK,2018-01-04,0.61,,,0.61,1957097.0,2026-04-08T02:59:51.440942+00:00
66491,UNITYBNK,2018-01-05,0.62,,,0.62,16929050.0,2026-04-08T02:59:53.632679+00:00
66583,UNITYBNK,2018-01-08,0.68,,,0.68,8185352.0,2026-04-08T02:59:58.187375+00:00
66675,UNITYBNK,2018-01-09,0.71,,,0.71,10315920.0,2026-04-08T03:00:00.526076+00:00
66767,UNITYBNK,2018-01-10,0.74,,,0.74,9060201.0,2026-04-08T03:00:02.789006+00:00
66859,UNITYBNK,2018-01-11,0.77,,,0.77,4302401.0,2026-04-08T03:00:05.007224+00:00
66951,UNITYBNK,2018-01-12,0.82,,,0.82,26686071.0,2026-04-08T03:00:07.437621+00:00
67043,UNITYBNK,2018-01-15,0.86,,,0.86,5087672.0,2026-04-08T03:00:11.967979+00:00
67135,UNITYBNK,2018-01-16,0.94,,,0.94,904703.0,2026-04-08T03:00:14.274869+00:00
67227,UNITYBNK,2018-01-17,1.02,,,1.02,4489925.0,2026-04-08T03:00:16.592861+00:00
67319,UNITYBNK,2018-01-18,1.12,,,1.12,29098916.0,2026-04-08T03:00:18.874572+00:00
67411,UNITYBNK,2018-01-19,1.22,,,1.22,56182634.0,2026-04-08T03:00:21.223293+00:00
67503,UNITYBNK,2018-01-22,1.3,,,1.3,18158416.0,2026-04-08T03:00:25.613479+00:00
67595,UNITYBNK,2018-01-23,1.42,,,1.42,40869477.0,2026-04-08T03:00:27.792672+00:00
67687,UNITYBNK,2018-01-24,1.32,,,1.32,43914988.0,2026-04-08T03:00:29.955701+00:00
67779,UNITYBNK,2018-01-25,1.2,,,1.2,15650366.0,2026-04-08T03:00:32.149736+00:00
67871,UNITYBNK,2018-01-26,1.26,,,1.26,18818571.0,2026-04-08T03:00:34.314441+00:00
67963,UNITYBNK,2018-01-30,1.44,,,1.44,2933269.0,2026-04-08T03:00:39.498781+00:00
68055,UNITYBNK,2018-01-31,1.52,,,1.52,22770641.0,2026-04-08T03:00:41.874276+00:00
68147,UNITYBNK,2018-02-01,1.59,,,1.59,9493585.0,2026-04-08T03:00:44.260901+00:00
68239,UNITYBNK,2018-02-02,1.66,,,1.66,2772929.0,2026-04-08T03:00:46.552556+00:00
68331,UNITYBNK,2018-02-05,1.74,,,1.74,11907675.0,2026-04-08T03:00:50.820837+00:00
68423,UNITYBNK,2018-02-06,1.66,,,1.66,4262508.0,2026-04-08T03:00:53.862975+00:00
68515,UNITYBNK,2018-02-07,1.6,,,1.6,27630982.0,2026-04-08T03:00:56.249659+00:00
68607,UNITYBNK,2018-02-08,1.75,,,1.75,9559853.0,2026-04-08T03:00:58.532515+00:00
68699,UNITYBNK,2018-02-12,1.92,,,1.92,4951056.0,2026-04-08T03:01:04.382325+00:00
68791,UNITYBNK,2018-02-13,1.9,,,1.9,4537294.0,2026-04-08T03:01:06.5746+00:00
68883,UNITYBNK,2018-02-14,1.81,,,1.81,5477696.0,2026-04-08T03:01:08.960618+00:00
68975,UNITYBNK,2018-02-15,1.71,,,1.71,3100183.0,2026-04-08T03:01:11.158693+00:00
69067,UNITYBNK,2018-02-16,1.71,,,1.71,1797033.0,2026-04-08T03:01:13.607551+00:00
69159,UNITYBNK,2018-02-19,1.63,,,1.63,1161200.0,2026-04-08T03:01:18.187191+00:00
69251,UNITYBNK,2018-02-20,1.48,,,1.48,1718497.0,2026-04-08T03:01:20.554931+00:00
69343,UNITYBNK,2018-02-22,1.42,,,1.42,720064.0,2026-04-08T03:01:23.957413+00:00
69435,UNITYBNK,2018-02-26,1.63,,,1.63,442500.0,2026-04-08T03:01:29.317338+00:00
69527,UNITYBNK,2018-02-27,1.79,,,1.79,1874645.0,2026-04-08T03:01:31.58282+00:00
69619,UNITYBNK,2018-02-28,1.78,,,1.78,11417338.0,2026-04-08T03:01:33.916623+00:00
69711,UNITYBNK,2018-03-01,1.77,,,1.77,3551813.0,2026-04-08T03:01:36.321302+00:00
69803,UNITYBNK,2018-03-02,1.77,,,1.77,1503402.0,2026-04-08T03:01:38.625174+00:00
69895,UNITYBNK,2018-03-05,1.76,,,1.76,1182937.0,2026-04-08T03:01:43.47208+00:00
69987,UNITYBNK,2018-03-06,1.84,,,1.84,1196417.0,2026-04-08T03:01:45.677681+00:00
70079,UNITYBNK,2018-03-08,1.74,,,1.74,2594411.0,2026-04-08T03:01:48.923554+00:00
70171,UNITYBNK,2018-03-09,1.72,,,1.72,1694092.0,2026-04-08T03:01:51.131195+00:00
70263,UNITYBNK,2018-03-12,1.64,,,1.64,309971.0,2026-04-08T03:01:55.382529+00:00
70355,UNITYBNK,2018-03-13,1.56,,,1.56,241400.0,2026-04-08T03:01:57.721961+00:00
70447,UNITYBNK,2018-03-14,1.49,,,1.49,166655.0,2026-04-08T03:02:00.06799+00:00
70539,UNITYBNK,2018-03-15,1.42,,,1.42,100100.0,2026-04-08T03:02:02.587626+00:00
70631,UNITYBNK,2018-03-16,1.35,,,1.35,100800.0,2026-04-08T03:02:05.049003+00:00
70723,UNITYBNK,2018-03-19,1.23,,,1.23,9501892.0,2026-04-08T03:02:09.713694+00:00
70815,UNITYBNK,2018-03-20,1.31,,,1.31,7754656.0,2026-04-08T03:02:12.039098+00:00
70907,UNITYBNK,2018-03-21,1.23,,,1.23,8393738.0,2026-04-08T03:02:14.26344+00:00
70999,UNITYBNK,2018-03-22,1.2,,,1.2,2167426.0,2026-04-08T03:02:16.655807+00:00
71091,UNITYBNK,2018-03-23,1.29,,,1.29,2761772.0,2026-04-08T03:02:19.005936+00:00
71183,UNITYBNK,2018-03-26,1.35,,,1.35,3601796.0,2026-04-08T03:02:23.356301+00:00
71275,UNITYBNK,2018-03-27,1.29,,,1.29,3084909.0,2026-04-08T03:02:25.602463+00:00
71367,UNITYBNK,2018-03-28,1.23,,,1.23,2147939.0,2026-04-08T03:02:28.271075+00:00
71459,UNITYBNK,2018-03-29,1.22,,,1.22,404830.0,2026-04-08T03:02:31.326472+00:00
71551,UNITYBNK,2018-04-03,1.16,,,1.16,259000.0,2026-04-08T03:02:37.862294+00:00
71643,UNITYBNK,2018-04-04,1.11,,,1.11,2719175.0,2026-04-08T03:02:40.086392+00:00
71735,UNITYBNK,2018-04-05,1.06,,,1.06,1868700.0,2026-04-08T03:02:42.518452+00:00
71827,UNITYBNK,2018-04-09,0.96,,,0.96,432550.0,2026-04-08T03:02:48.00481+00:00
71919,UNITYBNK,2018-04-10,0.92,,,0.92,7402638.0,2026-04-08T03:02:50.293549+00:00
72011,UNITYBNK,2018-04-11,1.0,,,1.0,1901394.0,2026-04-08T03:02:52.723357+00:00
72103,UNITYBNK,2018-04-12,1.05,,,1.05,575982.0,2026-04-08T03:02:54.976434+00:00
72195,UNITYBNK,2018-04-13,1.11,,,1.11,695948.0,2026-04-08T03:02:57.419716+00:00
72288,UNITYBNK,2018-04-16,1.16,,,1.16,619479.0,2026-04-08T03:03:01.748445+00:00
72381,UNITYBNK,2018-04-17,1.27,,,1.27,1683561.0,2026-04-08T03:03:04.013915+00:00
72474,UNITYBNK,2018-04-18,1.33,,,1.33,1610506.0,2026-04-08T03:03:06.304604+00:00
72567,UNITYBNK,2018-04-19,1.33,,,1.33,1228913.0,2026-04-08T03:03:08.631091+00:00
72660,UNITYBNK,2018-04-20,1.27,,,1.27,154105.0,2026-04-08T03:03:11.181142+00:00
72753,UNITYBNK,2018-04-23,1.21,,,1.21,250603.0,2026-04-08T03:03:15.702548+00:00
72846,UNITYBNK,2018-04-24,1.15,,,1.15,379063.0,2026-04-08T03:03:17.976864+00:00
72939,UNITYBNK,2018-04-25,1.1,,,1.1,1454726.0,2026-04-08T03:03:20.281484+00:00
73032,UNITYBNK,2018-04-26,1.05,,,1.05,406541.0,2026-04-08T03:03:22.503544+00:00
73125,UNITYBNK,2018-04-27,1.0,,,1.0,3029814.0,2026-04-08T03:03:24.801147+00:00
73218,UNITYBNK,2018-04-30,1.0,,,1.0,93326.0,2026-04-08T03:03:29.288658+00:00
73311,UNITYBNK,2018-05-02,1.05,,,1.05,1170265.0,2026-04-08T03:03:32.97882+00:00
73404,UNITYBNK,2018-05-03,1.15,,,1.15,1520663.0,2026-04-08T03:03:35.46093+00:00
73497,UNITYBNK,2018-05-04,1.2,,,1.2,630601.0,2026-04-08T03:03:38.142449+00:00
73590,UNITYBNK,2018-05-07,1.14,,,1.14,2742977.0,2026-04-08T03:03:42.835383+00:00
73683,UNITYBNK,2018-05-08,1.09,,,1.09,1449684.0,2026-04-08T03:03:45.094212+00:00
73776,UNITYBNK,2018-05-09,1.09,,,1.09,109480.0,2026-04-08T03:03:47.354492+00:00
73869,UNITYBNK,2018-05-10,1.04,,,1.04,1384138.0,2026-04-08T03:03:49.581225+00:00
73962,UNITYBNK,2018-05-11,1.07,,,1.07,1132187.0,2026-04-08T03:03:51.923758+00:00
74055,UNITYBNK,2018-05-14,1.05,,,1.05,551622.0,2026-04-08T03:03:56.261604+00:00
74148,UNITYBNK,2018-05-15,1.0,,,1.0,448029.0,2026-04-08T03:03:58.63318+00:00
74241,UNITYBNK,2018-05-16,0.98,,,0.98,1045635.0,2026-04-08T03:04:02.494817+00:00
74334,UNITYBNK,2018-05-17,0.94,,,0.94,943249.0,2026-04-08T03:04:04.853265+00:00
74427,UNITYBNK,2018-05-18,0.94,,,0.94,20506.0,2026-04-08T03:04:09.280828+00:00
74520,UNITYBNK,2018-05-21,1.02,,,1.02,682404.0,2026-04-08T03:04:14.640212+00:00
74613,UNITYBNK,2018-05-22,1.02,,,1.02,44253.0,2026-04-08T03:04:17.13602+00:00
74706,UNITYBNK,2018-05-24,0.97,,,0.97,97302.0,2026-04-08T03:04:20.857799+00:00
74799,UNITYBNK,2018-05-25,0.93,,,0.93,2231108.0,2026-04-08T03:04:23.533051+00:00
74892,UNITYBNK,2018-05-28,0.89,,,0.89,629287.0,2026-04-08T03:04:28.151981+00:00
74985,UNITYBNK,2018-05-31,0.87,,,0.87,104875.0,2026-04-08T03:04:33.384321+00:00
75078,UNITYBNK,2018-06-01,0.87,,,0.87,375924.0,2026-04-08T03:04:35.846588+00:00
75171,UNITYBNK,2018-06-04,0.87,,,0.87,43146.0,2026-04-08T03:04:40.216574+00:00
75264,UNITYBNK,2018-06-05,0.91,,,0.91,404620.0,2026-04-08T03:04:42.57091+00:00
75357,UNITYBNK,2018-06-06,0.91,,,0.91,51966.0,2026-04-08T03:04:44.928825+00:00
75450,UNITYBNK,2018-06-07,0.91,,,0.91,5386.0,2026-04-08T03:04:47.263813+00:00
75543,UNITYBNK,2018-06-08,0.91,,,0.91,86399.0,2026-04-08T03:04:49.462509+00:00
75636,UNITYBNK,2018-06-11,0.88,,,0.88,500810.0,2026-04-08T03:04:53.988129+00:00
75729,UNITYBNK,2018-06-12,0.92,,,0.92,255250.0,2026-04-08T03:04:56.284057+00:00
75822,UNITYBNK,2018-06-13,0.88,,,0.88,425708.0,2026-04-08T03:04:58.638577+00:00
75915,UNITYBNK,2018-06-14,0.88,,,0.88,53393.0,2026-04-08T03:05:00.901161+00:00
76008,UNITYBNK,2018-06-19,0.92,,,0.92,417689.0,2026-04-08T03:05:07.639029+00:00
76101,UNITYBNK,2018-06-20,0.88,,,0.88,1073807.0,2026-04-08T03:05:09.924133+00:00
76194,UNITYBNK,2018-06-21,0.89,,,0.89,1052386.0,2026-04-08T03:05:12.376626+00:00
76287,UNITYBNK,2018-06-22,0.88,,,0.88,591541.0,2026-04-08T03:05:14.680862+00:00
76380,UNITYBNK,2018-06-25,0.88,,,0.88,42156.0,2026-04-08T03:05:19.028214+00:00
76474,UNITYBNK,2018-06-26,0.89,,,0.89,516815.0,2026-04-08T03:05:21.361472+00:00
76568,UNITYBNK,2018-06-27,0.93,,,0.93,375568.0,2026-04-08T03:05:23.730487+00:00
76662,UNITYBNK,2018-06-28,0.93,,,0.93,854397.0,2026-04-08T03:05:26.342484+00:00
76756,UNITYBNK,2018-06-29,0.97,,,0.97,664473.0,2026-04-08T03:05:28.786725+00:00
76850,UNITYBNK,2018-07-02,1.06,,,1.06,191307.0,2026-04-08T03:05:34.742081+00:00
76944,UNITYBNK,2018-07-03,1.1,,,1.1,214126.0,2026-04-08T03:05:37.830893+00:00
77038,UNITYBNK,2018-07-04,1.1,,,1.1,26949.0,2026-04-08T03:05:40.225299+00:00
77132,UNITYBNK,2018-07-05,1.02,,,1.02,1215596.0,2026-04-08T03:05:42.479897+00:00
77226,UNITYBNK,2018-07-06,1.11,,,1.11,1172334.0,2026-04-08T03:05:44.93013+00:00
77320,UNITYBNK,2018-07-09,1.01,,,1.01,215200.0,2026-04-08T03:05:49.395513+00:00
77414,UNITYBNK,2018-07-10,1.1,,,1.1,700650.0,2026-04-08T03:05:51.797285+00:00
77508,UNITYBNK,2018-07-11,1.02,,,1.02,700378.0,2026-04-08T03:05:54.14171+00:00
77602,UNITYBNK,2018-07-12,1.0,,,1.0,716797.0,2026-04-08T03:05:56.629461+00:00
77696,UNITYBNK,2018-07-13,1.03,,,1.03,1406812.0,2026-04-08T03:05:59.112955+00:00
77790,UNITYBNK,2018-07-16,0.96,,,0.96,235233.0,2026-04-08T03:06:03.612411+00:00
77885,UNITYBNK,2018-07-17,0.94,,,0.94,1104030.0,2026-04-08T03:06:06.031894+00:00
77980,UNITYBNK,2018-07-18,0.94,,,0.94,370337.0,2026-04-08T03:06:08.398083+00:00
78075,UNITYBNK,2018-07-19,0.87,,,0.87,367820.0,2026-04-08T03:06:10.625391+00:00
78170,UNITYBNK,2018-07-20,0.94,,,0.94,196554.0,2026-04-08T03:06:13.100822+00:00
78265,UNITYBNK,2018-07-23,0.94,,,0.94,100531.0,2026-04-08T03:06:17.450644+00:00
78360,UNITYBNK,2018-07-24,0.9,,,0.9,267625.0,2026-04-08T03:06:19.846153+00:00
78455,UNITYBNK,2018-07-25,0.86,,,0.86,580262.0,2026-04-08T03:06:22.17218+00:00
78550,UNITYBNK,2018-07-26,0.86,,,0.86,1720.0,2026-04-08T03:06:24.338643+00:00
78645,UNITYBNK,2018-07-27,0.86,,,0.86,10750.0,2026-04-08T03:06:26.70773+00:00
78740,UNITYBNK,2018-07-30,0.86,,,0.86,21239.0,2026-04-08T03:06:31.357035+00:00
78835,UNITYBNK,2018-07-31,0.86,,,0.86,31397.0,2026-04-08T03:06:33.766078+00:00
78930,UNITYBNK,2018-08-01,0.78,,,0.78,1219182.0,2026-04-08T03:06:36.22345+00:00
79025,UNITYBNK,2018-08-02,0.84,,,0.84,223176.0,2026-04-08T03:06:38.596191+00:00
79120,UNITYBNK,2018-08-03,0.84,,,0.84,1214368.0,2026-04-08T03:06:41.315743+00:00
79215,UNITYBNK,2018-08-06,0.86,,,0.86,1553637.0,2026-04-08T03:06:46.359416+00:00
79310,UNITYBNK,2018-08-07,0.86,,,0.86,524780.0,2026-04-08T03:06:48.623378+00:00
79405,UNITYBNK,2018-08-08,0.94,,,0.94,391000.0,2026-04-08T03:06:51.110249+00:00
79500,UNITYBNK,2018-08-09,0.94,,,0.94,88213.0,2026-04-08T03:06:53.45187+00:00
79595,UNITYBNK,2018-08-10,0.88,,,0.88,5170988.0,2026-04-08T03:06:56.254972+00:00
79690,UNITYBNK,2018-08-13,0.88,,,0.88,269805.0,2026-04-08T03:07:00.870215+00:00
79785,UNITYBNK,2018-08-14,0.88,,,0.88,2897479.0,2026-04-08T03:07:03.258394+00:00
79880,UNITYBNK,2018-08-15,0.9,,,0.9,4281337.0,2026-04-08T03:07:05.636903+00:00
79975,UNITYBNK,2018-08-16,0.9,,,0.9,3030936.0,2026-04-08T03:07:07.96787+00:00
80070,UNITYBNK,2018-08-17,0.81,,,0.81,713162.0,2026-04-08T03:07:10.276143+00:00
80165,UNITYBNK,2018-08-20,0.79,,,0.79,1682115.0,2026-04-08T03:07:14.92421+00:00
80260,UNITYBNK,2018-08-24,0.74,,,0.74,278372.0,2026-04-08T03:07:20.612873+00:00
80355,UNITYBNK,2018-08-27,0.74,,,0.74,34533.0,2026-04-08T03:07:24.735515+00:00
80450,UNITYBNK,2018-08-28,0.74,,,0.74,1195638.0,2026-04-08T03:07:26.964049+00:00
80545,UNITYBNK,2018-08-29,0.74,,,0.74,31200.0,2026-04-08T03:07:29.382314+00:00
80640,UNITYBNK,2018-08-30,0.74,,,0.74,4621.0,2026-04-08T03:07:31.753519+00:00
80735,UNITYBNK,2018-08-31,0.74,,,0.74,38752.0,2026-04-08T03:07:34.108038+00:00
80830,UNITYBNK,2018-09-03,0.74,,,0.74,52292.0,2026-04-08T03:07:38.483999+00:00
80925,UNITYBNK,2018-09-05,0.74,,,0.74,345662.0,2026-04-08T03:07:41.733647+00:00
81020,UNITYBNK,2018-09-06,0.79,,,0.79,1239124.0,2026-04-08T03:07:44.232746+00:00
81115,UNITYBNK,2018-09-07,0.79,,,0.79,29436.0,2026-04-08T03:07:46.695234+00:00
81210,UNITYBNK,2018-09-10,0.79,,,0.79,45635.0,2026-04-08T03:07:51.133138+00:00
81305,UNITYBNK,2018-09-11,0.79,,,0.79,48247.0,2026-04-08T03:07:53.572062+00:00
81407,UNITYBNK,2018-09-12,0.78,,,0.78,248712.0,2026-04-08T03:07:56.190409+00:00
81509,UNITYBNK,2018-09-13,0.85,,,0.85,660084.0,2026-04-08T03:07:58.529226+00:00
81611,UNITYBNK,2018-09-14,0.93,,,0.93,2209010.0,2026-04-08T03:08:00.944137+00:00
81713,UNITYBNK,2018-09-17,0.85,,,0.85,1084000.0,2026-04-08T03:08:05.572353+00:00
81815,UNITYBNK,2018-09-18,0.93,,,0.93,2194773.0,2026-04-08T03:08:07.840784+00:00
81917,UNITYBNK,2018-09-19,0.97,,,0.97,138236.0,2026-04-08T03:08:10.07554+00:00
82019,UNITYBNK,2018-09-20,0.88,,,0.88,863933.0,2026-04-08T03:08:12.389642+00:00
82121,UNITYBNK,2018-09-21,0.96,,,0.96,409599.0,2026-04-08T03:08:14.761127+00:00
82223,UNITYBNK,2018-09-24,0.88,,,0.88,935043.0,2026-04-08T03:08:19.182113+00:00
82325,UNITYBNK,2018-09-25,0.85,,,0.85,456440.0,2026-04-08T03:08:21.370615+00:00
82427,UNITYBNK,2018-09-26,0.84,,,0.84,632038.0,2026-04-08T03:08:24.494451+00:00
82529,UNITYBNK,2018-09-27,0.84,,,0.84,390794.0,2026-04-08T03:08:26.812803+00:00
82631,UNITYBNK,2018-09-28,0.87,,,0.87,577294.0,2026-04-08T03:08:29.283021+00:00
82733,UNITYBNK,2018-10-02,0.87,,,0.87,156751.0,2026-04-08T03:08:34.887787+00:00
82835,UNITYBNK,2018-10-04,0.88,,,0.88,116024.0,2026-04-08T03:08:38.279141+00:00
82937,UNITYBNK,2018-10-05,0.88,,,0.88,628991.0,2026-04-08T03:08:40.455926+00:00
83039,UNITYBNK,2018-10-08,0.96,,,0.96,283735.0,2026-04-08T03:08:45.286665+00:00
83141,UNITYBNK,2018-10-09,0.96,,,0.96,303587.0,2026-04-08T03:08:47.584215+00:00
83243,UNITYBNK,2018-10-10,0.99,,,0.99,131596.0,2026-04-08T03:08:50.198924+00:00
83345,UNITYBNK,2018-10-11,0.9,,,0.9,354226.0,2026-04-08T03:08:52.595743+00:00
83447,UNITYBNK,2018-10-12,0.9,,,0.9,147574.0,2026-04-08T03:08:54.923298+00:00
83549,UNITYBNK,2018-10-15,0.9,,,0.9,33000.0,2026-04-08T03:08:59.688494+00:00
83651,UNITYBNK,2018-10-16,0.9,,,0.9,218120.0,2026-04-08T03:09:01.98694+00:00
83753,UNITYBNK,2018-10-17,0.9,,,0.9,120135.0,2026-04-08T03:09:04.302348+00:00
83855,UNITYBNK,2018-10-18,0.9,,,0.9,1895610.0,2026-04-08T03:09:06.644992+00:00
83957,UNITYBNK,2018-10-19,0.9,,,0.9,1904740.0,2026-04-08T03:09:09.038287+00:00
84059,UNITYBNK,2018-10-22,0.9,,,0.9,3787625.0,2026-04-08T03:09:13.967+00:00
84161,UNITYBNK,2018-10-23,0.9,,,0.9,1074632.0,2026-04-08T03:09:16.194722+00:00
84263,UNITYBNK,2018-10-24,0.9,,,0.9,122448.0,2026-04-08T03:09:18.448083+00:00
84365,UNITYBNK,2018-10-25,0.9,,,0.9,56352.0,2026-04-08T03:09:20.631413+00:00
84467,UNITYBNK,2018-10-26,0.9,,,0.9,0.0,2026-04-08T03:09:23.109094+00:00
84569,UNITYBNK,2018-10-29,0.81,,,0.81,310694.0,2026-04-08T03:09:27.901396+00:00
84671,UNITYBNK,2018-10-30,0.78,,,0.78,2772697.0,2026-04-08T03:09:30.377337+00:00
84773,UNITYBNK,2018-10-31,0.78,,,0.78,250000.0,2026-04-08T03:09:32.658485+00:00
84875,UNITYBNK,2018-11-01,0.78,,,0.78,0.0,2026-04-08T03:09:35.048509+00:00
84977,UNITYBNK,2018-11-02,0.71,,,0.71,1228048.0,2026-04-08T03:09:37.41202+00:00
85079,UNITYBNK,2018-11-05,0.71,,,0.71,1776355.0,2026-04-08T03:09:41.998643+00:00
85181,UNITYBNK,2018-11-06,0.65,,,0.65,690450.0,2026-04-08T03:09:44.485046+00:00
85283,UNITYBNK,2018-11-08,0.71,,,0.71,240206.0,2026-04-08T03:09:47.843283+00:00
85385,UNITYBNK,2018-11-09,0.71,,,0.71,2000.0,2026-04-08T03:09:50.169754+00:00
85487,UNITYBNK,2018-11-12,0.71,,,0.71,49331.0,2026-04-08T03:09:54.975549+00:00
85589,UNITYBNK,2018-11-13,0.78,,,0.78,2226311.0,2026-04-08T03:09:57.558923+00:00
85691,UNITYBNK,2018-11-14,0.85,,,0.85,450922.0,2026-04-08T03:09:59.910116+00:00
85793,UNITYBNK,2018-11-15,0.85,,,0.85,451063.0,2026-04-08T03:10:02.252366+00:00
85895,UNITYBNK,2018-11-16,0.93,,,0.93,636480.0,2026-04-08T03:10:04.527169+00:00
85997,UNITYBNK,2018-11-19,0.93,,,0.93,803925.0,2026-04-08T03:10:09.122468+00:00
86099,UNITYBNK,2018-11-21,0.85,,,0.85,365632.0,2026-04-08T03:10:12.622729+00:00
86201,UNITYBNK,2018-11-22,0.85,,,0.85,49998.0,2026-04-08T03:10:14.989948+00:00
86303,UNITYBNK,2018-11-23,0.85,,,0.85,51796.0,2026-04-08T03:10:17.221139+00:00
86405,UNITYBNK,2018-11-26,0.78,,,0.78,518196.0,2026-04-08T03:10:22.142454+00:00
86507,UNITYBNK,2018-11-27,0.78,,,0.78,620980.0,2026-04-08T03:10:24.421595+00:00
86609,UNITYBNK,2018-11-28,0.73,,,0.73,256061.0,2026-04-08T03:10:26.708398+00:00
86711,UNITYBNK,2018-11-29,0.73,,,0.73,115065.0,2026-04-08T03:10:29.255332+00:00
86813,UNITYBNK,2018-11-30,0.69,,,0.69,203304.0,2026-04-08T03:10:32.706086+00:00
86915,UNITYBNK,2018-12-03,0.69,,,0.69,92522.0,2026-04-08T03:10:37.185914+00:00
87017,UNITYBNK,2018-12-04,0.69,,,0.69,25754.0,2026-04-08T03:10:39.607482+00:00
87119,UNITYBNK,2018-12-05,0.69,,,0.69,32751.0,2026-04-08T03:10:42.037497+00:00
87221,UNITYBNK,2018-12-06,0.69,,,0.69,54785.0,2026-04-08T03:10:44.312069+00:00
87323,UNITYBNK,2018-12-07,0.69,,,0.69,1900.0,2026-04-08T03:10:46.663078+00:00
87425,UNITYBNK,2018-12-10,0.69,,,0.69,33824.0,2026-04-08T03:10:51.346822+00:00
87527,UNITYBNK,2018-12-11,0.69,,,0.69,28951.0,2026-04-08T03:10:53.613329+00:00
87629,UNITYBNK,2018-12-12,0.69,,,0.69,3500.0,2026-04-08T03:10:55.983376+00:00
87731,UNITYBNK,2018-12-13,0.69,,,0.69,22132.0,2026-04-08T03:10:58.622726+00:00
87833,UNITYBNK,2018-12-17,0.69,,,0.69,12000.0,2026-04-08T03:11:04.071168+00:00
87934,UNITYBNK,2018-12-18,0.75,,,0.75,140055.0,2026-04-08T03:11:06.547404+00:00
88035,UNITYBNK,2018-12-19,0.8,,,0.8,483128.0,2026-04-08T03:11:08.930184+00:00
88136,UNITYBNK,2018-12-21,0.96,,,0.96,4233263.0,2026-04-08T03:11:13.038597+00:00
88237,UNITYBNK,2018-12-24,1.05,,,1.05,952128.0,2026-04-08T03:11:17.396489+00:00
88339,UNITYBNK,2018-12-31,1.07,,,1.07,1027708.0,2026-04-08T03:11:26.963749+00:00
88441,UNITYBNK,2019-01-04,1.0,,,1.0,351577.0,2026-04-08T03:11:33.101723+00:00
88543,UNITYBNK,2019-01-07,1.0,,,1.0,119859.0,2026-04-08T03:11:37.396019+00:00
88645,UNITYBNK,2019-01-08,0.91,,,0.91,374673.0,2026-04-08T03:11:39.720871+00:00
88747,UNITYBNK,2019-01-09,0.91,,,0.91,410510.0,2026-04-08T03:11:42.122758+00:00
88849,UNITYBNK,2019-01-10,0.9,,,0.9,365500.0,2026-04-08T03:11:44.4712+00:00
88951,UNITYBNK,2019-01-11,0.83,,,0.83,222017.0,2026-04-08T03:11:46.864498+00:00
89053,UNITYBNK,2019-01-14,0.83,,,0.83,0.0,2026-04-08T03:11:51.386431+00:00
89155,UNITYBNK,2019-01-15,0.83,,,0.83,380347.0,2026-04-08T03:11:53.781694+00:00
89257,UNITYBNK,2019-01-16,0.83,,,0.83,414643.0,2026-04-08T03:11:56.273278+00:00
89359,UNITYBNK,2019-01-17,0.83,,,0.83,561896.0,2026-04-08T03:11:58.633279+00:00
89461,UNITYBNK,2019-01-18,0.91,,,0.91,162859.0,2026-04-08T03:12:01.678716+00:00
89563,UNITYBNK,2019-01-21,0.87,,,0.87,261793.0,2026-04-08T03:12:06.146982+00:00
89665,UNITYBNK,2019-01-22,0.87,,,0.87,173319.0,2026-04-08T03:12:26.450353+00:00
89767,UNITYBNK,2019-01-23,0.87,,,0.87,164227.0,2026-04-08T03:12:28.985884+00:00
89869,UNITYBNK,2019-01-24,0.9,,,0.9,660675.0,2026-04-08T03:12:31.471104+00:00
89971,UNITYBNK,2019-01-25,0.93,,,0.93,665126.0,2026-04-08T03:12:33.831732+00:00
90073,UNITYBNK,2019-01-28,0.94,,,0.94,331800.0,2026-04-08T03:12:38.324+00:00
90175,UNITYBNK,2019-01-29,0.93,,,0.93,462059.0,2026-04-08T03:12:40.769031+00:00
90277,UNITYBNK,2019-01-30,0.9,,,0.9,1213418.0,2026-04-08T03:12:43.207065+00:00
90379,UNITYBNK,2019-01-31,0.9,,,0.9,12064.0,2026-04-08T03:12:45.452606+00:00
90481,UNITYBNK,2019-02-01,0.9,,,0.9,100577.0,2026-04-08T03:12:47.65569+00:00
90583,UNITYBNK,2019-02-04,0.82,,,0.82,460945.0,2026-04-08T03:12:52.008801+00:00
90685,UNITYBNK,2019-02-05,0.82,,,0.82,213945.0,2026-04-08T03:12:54.428036+00:00
90787,UNITYBNK,2019-02-06,0.82,,,0.82,89553.0,2026-04-08T03:12:56.795589+00:00
90889,UNITYBNK,2019-02-07,0.9,,,0.9,2459003.0,2026-04-08T03:12:59.333395+00:00
90991,UNITYBNK,2019-02-08,0.97,,,0.97,2982387.0,2026-04-08T03:13:01.766173+00:00
91093,UNITYBNK,2019-02-11,1.01,,,1.01,436193.0,2026-04-08T03:13:07.807824+00:00
91195,UNITYBNK,2019-02-12,0.95,,,0.95,3730951.0,2026-04-08T03:13:10.389121+00:00
91297,UNITYBNK,2019-02-13,1.04,,,1.04,2332068.0,2026-04-08T03:13:13.120558+00:00
91399,UNITYBNK,2019-02-14,1.14,,,1.14,2485324.0,2026-04-08T03:13:15.610167+00:00
91501,UNITYBNK,2019-02-15,1.14,,,1.14,1952359.0,2026-04-08T03:13:17.960235+00:00
91603,UNITYBNK,2019-02-18,1.14,,,1.14,89862.0,2026-04-08T03:13:22.383964+00:00
91705,UNITYBNK,2019-02-19,1.03,,,1.03,393200.0,2026-04-08T03:13:24.617569+00:00
91807,UNITYBNK,2019-02-20,0.99,,,0.99,2841739.0,2026-04-08T03:13:26.870792+00:00
91909,UNITYBNK,2019-02-22,0.99,,,0.99,118636.0,2026-04-08T03:13:30.442816+00:00
92011,UNITYBNK,2019-02-25,0.99,,,0.99,14062.0,2026-04-08T03:13:35.015549+00:00
92113,UNITYBNK,2019-02-26,1.0,,,1.0,589313.0,2026-04-08T03:13:37.412672+00:00
92215,UNITYBNK,2019-02-27,1.0,,,1.0,183212.0,2026-04-08T03:13:39.910522+00:00
92317,UNITYBNK,2019-02-28,0.93,,,0.93,903556.0,2026-04-08T03:13:42.435587+00:00
92419,UNITYBNK,2019-03-01,0.93,,,0.93,49949.0,2026-04-08T03:13:44.810709+00:00
92521,UNITYBNK,2019-03-04,0.93,,,0.93,2288.0,2026-04-08T03:13:49.353535+00:00
92623,UNITYBNK,2019-03-05,0.93,,,0.93,44782.0,2026-04-08T03:13:51.846242+00:00
92725,UNITYBNK,2019-03-06,0.93,,,0.93,47406.0,2026-04-08T03:13:54.267269+00:00
92827,UNITYBNK,2019-03-07,0.93,,,0.93,136929.0,2026-04-08T03:13:56.544072+00:00
92929,UNITYBNK,2019-03-08,0.9,,,0.9,871050.0,2026-04-08T03:13:58.936546+00:00
93031,UNITYBNK,2019-03-11,0.9,,,0.9,315295.0,2026-04-08T03:14:03.582539+00:00
93133,UNITYBNK,2019-03-12,0.83,,,0.83,3078968.0,2026-04-08T03:14:06.149716+00:00
93235,UNITYBNK,2019-03-13,0.82,,,0.82,440432.0,2026-04-08T03:14:08.562819+00:00
93337,UNITYBNK,2019-03-14,0.81,,,0.81,459793.0,2026-04-08T03:14:10.990955+00:00
93439,UNITYBNK,2019-03-15,0.81,,,0.81,171810.0,2026-04-08T03:14:13.413527+00:00
93541,UNITYBNK,2019-03-18,0.81,,,0.81,432691.0,2026-04-08T03:14:17.594172+00:00
93643,UNITYBNK,2019-03-19,0.81,,,0.81,86435.0,2026-04-08T03:14:19.883177+00:00
93745,UNITYBNK,2019-03-20,0.81,,,0.81,191802.0,2026-04-08T03:14:22.215184+00:00
93847,UNITYBNK,2019-03-21,0.85,,,0.85,321484.0,2026-04-08T03:14:24.469396+00:00
93949,UNITYBNK,2019-03-22,0.81,,,0.81,731254.0,2026-04-08T03:14:26.929153+00:00
94051,UNITYBNK,2019-03-25,0.84,,,0.84,284055.0,2026-04-08T03:14:31.400562+00:00
94153,UNITYBNK,2019-03-26,0.84,,,0.84,28951.0,2026-04-08T03:14:33.80485+00:00
94255,UNITYBNK,2019-03-27,0.84,,,0.84,33222.0,2026-04-08T03:14:36.122563+00:00
94357,UNITYBNK,2019-03-28,0.84,,,0.84,60273.0,2026-04-08T03:14:38.612625+00:00
94459,UNITYBNK,2019-03-29,0.8,,,0.8,434461.0,2026-04-08T03:14:41.061692+00:00
94560,UNITYBNK,2019-04-01,0.87,,,0.87,355200.0,2026-04-08T03:14:45.528331+00:00
94661,UNITYBNK,2019-04-02,0.86,,,0.86,347359.0,2026-04-08T03:14:47.809526+00:00
94762,UNITYBNK,2019-04-03,0.86,,,0.86,74100.0,2026-04-08T03:14:50.124237+00:00
94863,UNITYBNK,2019-04-04,0.78,,,0.78,782920.0,2026-04-08T03:14:52.417245+00:00
94964,UNITYBNK,2019-04-05,0.73,,,0.73,1050678.0,2026-04-08T03:14:54.739567+00:00
95065,UNITYBNK,2019-04-08,0.73,,,0.73,184648.0,2026-04-08T03:14:59.01768+00:00
95166,UNITYBNK,2019-04-09,0.73,,,0.73,210953.0,2026-04-08T03:15:01.233247+00:00
95267,UNITYBNK,2019-04-10,0.73,,,0.73,189968.0,2026-04-08T03:15:03.446976+00:00
95368,UNITYBNK,2019-04-11,0.73,,,0.73,165051.0,2026-04-08T03:15:05.608759+00:00
95469,UNITYBNK,2019-04-12,0.79,,,0.79,261750.0,2026-04-08T03:15:07.869644+00:00
95570,UNITYBNK,2019-04-15,0.79,,,0.79,110749.0,2026-04-08T03:15:12.360876+00:00
95671,UNITYBNK,2019-04-16,0.79,,,0.79,90115.0,2026-04-08T03:15:14.69338+00:00
95772,UNITYBNK,2019-04-17,0.79,,,0.79,7600.0,2026-04-08T03:15:16.974822+00:00
95873,UNITYBNK,2019-04-18,0.8,,,0.8,354000.0,2026-04-08T03:15:19.360663+00:00
95974,UNITYBNK,2019-04-23,0.8,,,0.8,38969.0,2026-04-08T03:15:26.04373+00:00
96076,UNITYBNK,2019-04-24,0.82,,,0.82,111052.0,2026-04-08T03:15:28.31166+00:00
96178,UNITYBNK,2019-04-25,0.82,,,0.82,222908.0,2026-04-08T03:15:30.603437+00:00
96280,UNITYBNK,2019-04-26,0.87,,,0.87,746940.0,2026-04-08T03:15:32.816712+00:00
96382,UNITYBNK,2019-04-29,0.85,,,0.85,361715.0,2026-04-08T03:15:37.198623+00:00
96484,UNITYBNK,2019-04-30,0.8,,,0.8,632467.0,2026-04-08T03:15:39.499507+00:00
96586,UNITYBNK,2019-05-02,0.8,,,0.8,240000.0,2026-04-08T03:15:42.839166+00:00
96688,UNITYBNK,2019-05-03,0.8,,,0.8,47310.0,2026-04-08T03:15:45.02286+00:00
96790,UNITYBNK,2019-05-06,0.8,,,0.8,236942.0,2026-04-08T03:15:49.380478+00:00
96892,UNITYBNK,2019-05-07,0.8,,,0.8,70000.0,2026-04-08T03:15:51.609622+00:00
96994,UNITYBNK,2019-05-08,0.75,,,0.75,250112.0,2026-04-08T03:15:53.912422+00:00
97096,UNITYBNK,2019-05-09,0.75,,,0.75,120500.0,2026-04-08T03:15:56.308435+00:00
97198,UNITYBNK,2019-05-10,0.72,,,0.72,658571.0,2026-04-08T03:15:58.65517+00:00
97300,UNITYBNK,2019-05-13,0.72,,,0.72,178264.0,2026-04-08T03:16:02.955985+00:00
97402,UNITYBNK,2019-05-14,0.72,,,0.72,135691.0,2026-04-08T03:16:05.427951+00:00
97504,UNITYBNK,2019-05-15,0.72,,,0.72,92540.0,2026-04-08T03:16:07.709974+00:00
97606,UNITYBNK,2019-05-16,0.65,,,0.65,588109.0,2026-04-08T03:16:09.947696+00:00
97708,UNITYBNK,2019-05-17,0.66,,,0.66,485731.0,2026-04-08T03:16:12.469468+00:00
97811,UNITYBNK,2019-05-20,0.66,,,0.66,169972.0,2026-04-08T03:16:16.967061+00:00
97914,UNITYBNK,2019-05-21,0.66,,,0.66,102720.0,2026-04-08T03:16:19.368023+00:00
98017,UNITYBNK,2019-05-22,0.68,,,0.68,850002.0,2026-04-08T03:16:21.741488+00:00
98120,UNITYBNK,2019-05-23,0.68,,,0.68,44173.0,2026-04-08T03:16:24.010501+00:00
98223,UNITYBNK,2019-05-24,0.65,,,0.65,529185.0,2026-04-08T03:16:26.41346+00:00
98326,UNITYBNK,2019-05-27,0.71,,,0.71,310870.0,2026-04-08T03:16:30.812568+00:00
98429,UNITYBNK,2019-05-28,0.71,,,0.71,181051.0,2026-04-08T03:16:33.286405+00:00
98532,UNITYBNK,2019-05-30,0.71,,,0.71,349202.0,2026-04-08T03:16:36.695359+00:00
98635,UNITYBNK,2019-05-31,0.71,,,0.71,0.0,2026-04-08T03:16:39.10826+00:00
98738,UNITYBNK,2019-06-03,0.7,,,0.7,225000.0,2026-04-08T03:16:43.376201+00:00
98841,UNITYBNK,2019-06-06,0.7,,,0.7,5577.0,2026-04-08T03:16:48.034912+00:00
98944,UNITYBNK,2019-06-07,0.7,,,0.7,157300.0,2026-04-08T03:16:50.186426+00:00
99047,UNITYBNK,2019-06-10,0.63,,,0.63,557021.0,2026-04-08T03:16:54.498349+00:00
99150,UNITYBNK,2019-06-11,0.64,,,0.64,316900.0,2026-04-08T03:16:56.702394+00:00
99253,UNITYBNK,2019-06-13,0.64,,,0.64,113285.0,2026-04-08T03:17:00.140907+00:00
99356,UNITYBNK,2019-06-14,0.7,,,0.7,715392.0,2026-04-08T03:17:02.289964+00:00
99459,UNITYBNK,2019-06-17,0.7,,,0.7,225477.0,2026-04-08T03:17:06.378621+00:00
99562,UNITYBNK,2019-06-18,0.76,,,0.76,381282.0,2026-04-08T03:17:08.696624+00:00
99665,UNITYBNK,2019-06-19,0.76,,,0.76,238211.0,2026-04-08T03:17:10.975867+00:00
99768,UNITYBNK,2019-06-20,0.71,,,0.71,853126.0,2026-04-08T03:17:13.205784+00:00
99871,UNITYBNK,2019-06-24,0.71,,,0.71,93085.0,2026-04-08T03:17:18.488118+00:00
99974,UNITYBNK,2019-06-25,0.69,,,0.69,428748.0,2026-04-08T03:17:20.712996+00:00
100077,UNITYBNK,2019-06-26,0.64,,,0.64,1250578.0,2026-04-08T03:17:23.021521+00:00
100180,UNITYBNK,2019-06-27,0.65,,,0.65,340035.0,2026-04-08T03:17:25.288917+00:00
100283,UNITYBNK,2019-06-28,0.65,,,0.65,9175.0,2026-04-08T03:17:27.669324+00:00
100386,UNITYBNK,2019-07-01,0.65,,,0.65,7149.0,2026-04-08T03:17:31.993492+00:00
100489,UNITYBNK,2019-07-02,0.65,,,0.65,19200.0,2026-04-08T03:17:34.195482+00:00
100592,UNITYBNK,2019-07-03,0.6,,,0.6,1127134.0,2026-04-08T03:17:36.539656+00:00
100695,UNITYBNK,2019-07-04,0.6,,,0.6,100714.0,2026-04-08T03:17:38.806977+00:00
100798,UNITYBNK,2019-07-05,0.62,,,0.62,207863.0,2026-04-08T03:17:41.292481+00:00
100901,UNITYBNK,2019-07-08,0.68,,,0.68,517231.0,2026-04-08T03:17:45.861747+00:00
101004,UNITYBNK,2019-07-09,0.68,,,0.68,190392.0,2026-04-08T03:17:48.217581+00:00
101108,UNITYBNK,2019-07-10,0.65,,,0.65,500927.0,2026-04-08T03:17:50.676625+00:00
101212,UNITYBNK,2019-07-11,0.65,,,0.65,416264.0,2026-04-08T03:17:53.082234+00:00
101316,UNITYBNK,2019-07-12,0.65,,,0.65,12399.0,2026-04-08T03:17:55.503872+00:00
101420,UNITYBNK,2019-07-15,0.65,,,0.65,50284.0,2026-04-08T03:18:00.039317+00:00
101524,UNITYBNK,2019-07-16,0.65,,,0.65,180611.0,2026-04-08T03:18:02.440443+00:00
101628,UNITYBNK,2019-07-17,0.59,,,0.59,345583.0,2026-04-08T03:18:04.729662+00:00
101732,UNITYBNK,2019-07-18,0.59,,,0.59,115177.0,2026-04-08T03:18:07.178594+00:00
101836,UNITYBNK,2019-07-19,0.64,,,0.64,265069.0,2026-04-08T03:18:09.535362+00:00
101940,UNITYBNK,2019-07-22,0.64,,,0.64,61217.0,2026-04-08T03:18:14.212024+00:00
102044,UNITYBNK,2019-07-23,0.64,,,0.64,263376.0,2026-04-08T03:18:16.654741+00:00
102148,UNITYBNK,2019-07-24,0.58,,,0.58,420347.0,2026-04-08T03:18:18.926554+00:00
102252,UNITYBNK,2019-07-25,0.58,,,0.58,50.0,2026-04-08T03:18:21.127331+00:00
102356,UNITYBNK,2019-07-26,0.58,,,0.58,145000.0,2026-04-08T03:18:23.508197+00:00
102460,UNITYBNK,2019-07-29,0.58,,,0.58,70499.0,2026-04-08T03:18:27.808584+00:00
102564,UNITYBNK,2019-07-30,0.63,,,0.63,774542.0,2026-04-08T03:18:30.090931+00:00
102668,UNITYBNK,2019-07-31,0.66,,,0.66,139500.0,2026-04-08T03:18:32.379029+00:00
102772,UNITYBNK,2019-08-01,0.68,,,0.68,738972.0,2026-04-08T03:18:34.721051+00:00
102876,UNITYBNK,2019-08-02,0.74,,,0.74,1235720.0,2026-04-08T03:18:37.148519+00:00
102980,UNITYBNK,2019-08-05,0.74,,,0.74,64478.0,2026-04-08T03:18:41.327383+00:00
103084,UNITYBNK,2019-08-06,0.7,,,0.7,268361.0,2026-04-08T03:18:43.676077+00:00
103188,UNITYBNK,2019-08-07,0.7,,,0.7,10161.0,2026-04-08T03:18:45.952647+00:00
103292,UNITYBNK,2019-08-08,0.7,,,0.7,79261.0,2026-04-08T03:18:48.284739+00:00
103396,UNITYBNK,2019-08-09,0.64,,,0.64,596953.0,2026-04-08T03:18:50.530707+00:00
103500,UNITYBNK,2019-08-14,0.64,,,0.64,136220.0,2026-04-08T03:18:57.313874+00:00
103604,UNITYBNK,2019-08-15,0.69,,,0.69,266857.0,2026-04-08T03:18:59.647711+00:00
103708,UNITYBNK,2019-08-19,0.65,,,0.65,516486.0,2026-04-08T03:19:05.053534+00:00
103812,UNITYBNK,2019-08-20,0.69,,,0.69,272709.0,2026-04-08T03:19:07.283568+00:00
103916,UNITYBNK,2019-08-21,0.69,,,0.69,217002.0,2026-04-08T03:19:09.493441+00:00
104019,UNITYBNK,2019-08-22,0.69,,,0.69,8550.0,2026-04-08T03:19:11.834929+00:00
104122,UNITYBNK,2019-08-23,0.63,,,0.63,261962.0,2026-04-08T03:19:14.066623+00:00
104225,UNITYBNK,2019-08-26,0.63,,,0.63,38856.0,2026-04-08T03:19:18.291411+00:00
104328,UNITYBNK,2019-08-27,0.6,,,0.6,448002.0,2026-04-08T03:19:20.588978+00:00
104431,UNITYBNK,2019-08-28,0.65,,,0.65,201842.0,2026-04-08T03:19:22.939533+00:00
104534,UNITYBNK,2019-08-29,0.65,,,0.65,35877.0,2026-04-08T03:19:25.308081+00:00
104637,UNITYBNK,2019-08-30,0.7,,,0.7,323759.0,2026-04-08T03:19:27.686427+00:00
104740,UNITYBNK,2019-09-02,0.7,,,0.7,17336.0,2026-04-08T03:19:32.075785+00:00
104843,UNITYBNK,2019-09-03,0.7,,,0.7,61418.0,2026-04-08T03:19:34.366833+00:00
104946,UNITYBNK,2019-09-04,0.7,,,0.7,164836.0,2026-04-08T03:19:36.608723+00:00
105049,UNITYBNK,2019-09-05,0.7,,,0.7,108798.0,2026-04-08T03:19:38.984327+00:00
105152,UNITYBNK,2019-09-06,0.7,,,0.7,11550.0,2026-04-08T03:19:41.363212+00:00
105255,UNITYBNK,2019-09-09,0.7,,,0.7,38193.0,2026-04-08T03:19:45.624302+00:00
105358,UNITYBNK,2019-09-10,0.7,,,0.7,107784.0,2026-04-08T03:19:47.977958+00:00
105461,UNITYBNK,2019-09-11,0.7,,,0.7,558827.0,2026-04-08T03:19:50.333421+00:00
105564,UNITYBNK,2019-09-12,0.67,,,0.67,135266.0,2026-04-08T03:19:52.607202+00:00
105667,UNITYBNK,2019-09-13,0.7,,,0.7,257195.0,2026-04-08T03:19:55.083512+00:00
105770,UNITYBNK,2019-09-16,0.63,,,0.63,1526396.0,2026-04-08T03:19:59.701348+00:00
105873,UNITYBNK,2019-09-17,0.65,,,0.65,223838.0,2026-04-08T03:20:02.523968+00:00
105976,UNITYBNK,2019-09-18,0.65,,,0.65,8600.0,2026-04-08T03:20:05.488272+00:00
106079,UNITYBNK,2019-09-19,0.63,,,0.63,470377.0,2026-04-08T03:20:08.114889+00:00
106182,UNITYBNK,2019-09-20,0.68,,,0.68,309503.0,2026-04-08T03:20:10.721894+00:00
106285,UNITYBNK,2019-09-23,0.68,,,0.68,1302.0,2026-04-08T03:20:15.267012+00:00
106388,UNITYBNK,2019-09-24,0.68,,,0.68,41625.0,2026-04-08T03:20:17.630341+00:00
106491,UNITYBNK,2019-09-25,0.68,,,0.68,266250.0,2026-04-08T03:20:20.165626+00:00
106594,UNITYBNK,2019-09-26,0.68,,,0.68,78987.0,2026-04-08T03:20:22.92566+00:00
106697,UNITYBNK,2019-09-27,0.63,,,0.63,268750.0,2026-04-08T03:20:25.402499+00:00
106800,UNITYBNK,2019-09-30,0.63,,,0.63,250761.0,2026-04-08T03:20:29.867546+00:00
106903,UNITYBNK,2019-10-02,0.63,,,0.63,0.0,2026-04-08T03:20:33.475481+00:00
107006,UNITYBNK,2019-10-03,0.63,,,0.63,55622.0,2026-04-08T03:20:35.801047+00:00
107109,UNITYBNK,2019-10-04,0.63,,,0.63,7439.0,2026-04-08T03:20:38.138638+00:00
107212,UNITYBNK,2019-10-07,0.63,,,0.63,20000.0,2026-04-08T03:20:43.38987+00:00
107315,UNITYBNK,2019-10-08,0.63,,,0.63,111935.0,2026-04-08T03:20:50.115577+00:00
107418,UNITYBNK,2019-10-09,0.63,,,0.63,299040.0,2026-04-08T03:20:53.067656+00:00
107521,UNITYBNK,2019-10-10,0.63,,,0.63,3000.0,2026-04-08T03:20:55.682822+00:00
107624,UNITYBNK,2019-10-11,0.63,,,0.63,3400.0,2026-04-08T03:20:58.30073+00:00
107727,UNITYBNK,2019-10-14,0.63,,,0.63,92803.0,2026-04-08T03:21:03.536141+00:00
107830,UNITYBNK,2019-10-15,0.63,,,0.63,32655.0,2026-04-08T03:21:06.159586+00:00
107933,UNITYBNK,2019-10-16,0.63,,,0.63,51010.0,2026-04-08T03:21:08.538525+00:00
108036,UNITYBNK,2019-10-17,0.63,,,0.63,6632.0,2026-04-08T03:21:11.125073+00:00
108139,UNITYBNK,2019-10-18,0.63,,,0.63,109060.0,2026-04-08T03:21:14.04892+00:00
108242,UNITYBNK,2019-10-21,0.63,,,0.63,0.0,2026-04-08T03:21:18.357079+00:00
108345,UNITYBNK,2019-10-22,0.63,,,0.63,29000.0,2026-04-08T03:21:20.5704+00:00
108448,UNITYBNK,2019-10-23,0.63,,,0.63,63071.0,2026-04-08T03:21:22.84444+00:00
108551,UNITYBNK,2019-10-24,0.63,,,0.63,9990.0,2026-04-08T03:21:25.228823+00:00
108654,UNITYBNK,2019-10-25,0.63,,,0.63,25600.0,2026-04-08T03:21:27.539286+00:00
108757,UNITYBNK,2019-10-28,0.63,,,0.63,15000.0,2026-04-08T03:21:32.161692+00:00
108860,UNITYBNK,2019-10-29,0.63,,,0.63,156203.0,2026-04-08T03:21:34.477485+00:00
108963,UNITYBNK,2019-10-30,0.59,,,0.59,1080925.0,2026-04-08T03:21:36.754268+00:00
109066,UNITYBNK,2019-10-31,0.54,,,0.54,282109.0,2026-04-08T03:21:39.10919+00:00
109169,UNITYBNK,2019-11-01,0.58,,,0.58,488746.0,2026-04-08T03:21:41.456138+00:00
109272,UNITYBNK,2019-11-04,0.53,,,0.53,456310.0,2026-04-08T03:21:45.945243+00:00
109375,UNITYBNK,2019-11-05,0.58,,,0.58,354604.0,2026-04-08T03:21:48.37169+00:00
109478,UNITYBNK,2019-11-06,0.58,,,0.58,152321.0,2026-04-08T03:21:50.755948+00:00
109581,UNITYBNK,2019-11-07,0.58,,,0.58,11027.0,2026-04-08T03:21:53.200031+00:00
109684,UNITYBNK,2019-11-08,0.57,,,0.57,1663239.0,2026-04-08T03:21:55.63316+00:00
109787,UNITYBNK,2019-11-12,0.56,,,0.56,324432.0,2026-04-08T03:22:01.520244+00:00
109890,UNITYBNK,2019-11-13,0.56,,,0.56,504432.0,2026-04-08T03:22:04.169594+00:00
109993,UNITYBNK,2019-11-14,0.61,,,0.61,1216129.0,2026-04-08T03:22:06.510438+00:00
110096,UNITYBNK,2019-11-15,0.67,,,0.67,3213087.0,2026-04-08T03:22:08.972682+00:00
110198,UNITYBNK,2019-11-18,0.72,,,0.72,1227737.0,2026-04-08T03:22:13.551393+00:00
110300,UNITYBNK,2019-11-19,0.72,,,0.72,921911.0,2026-04-08T03:22:15.801005+00:00
110402,UNITYBNK,2019-11-20,0.7,,,0.7,279812.0,2026-04-08T03:22:18.11241+00:00
110504,UNITYBNK,2019-11-21,0.7,,,0.7,155854.0,2026-04-08T03:22:20.360812+00:00
110606,UNITYBNK,2019-11-22,0.68,,,0.68,522350.0,2026-04-08T03:22:22.766306+00:00
110708,UNITYBNK,2019-11-25,0.68,,,0.68,19478.0,2026-04-08T03:22:27.077445+00:00
110810,UNITYBNK,2019-11-26,0.65,,,0.65,685987.0,2026-04-08T03:22:29.415971+00:00
110912,UNITYBNK,2019-11-27,0.65,,,0.65,221282.0,2026-04-08T03:22:31.797244+00:00
111014,UNITYBNK,2019-11-28,0.65,,,0.65,439543.0,2026-04-08T03:22:34.150197+00:00
111116,UNITYBNK,2019-11-29,0.71,,,0.71,622020.0,2026-04-08T03:22:36.43862+00:00
111218,UNITYBNK,2019-12-02,0.65,,,0.65,284282.0,2026-04-08T03:22:40.672716+00:00
111320,UNITYBNK,2019-12-03,0.65,,,0.65,8810.0,2026-04-08T03:22:42.857808+00:00
111422,UNITYBNK,2019-12-04,0.65,,,0.65,162000.0,2026-04-08T03:22:45.132537+00:00
111524,UNITYBNK,2019-12-05,0.65,,,0.65,112621.0,2026-04-08T03:22:47.409461+00:00
111626,UNITYBNK,2019-12-06,0.7,,,0.7,155197.0,2026-04-08T03:22:49.720566+00:00
111728,UNITYBNK,2019-12-10,0.7,,,0.7,36710.0,2026-04-08T03:22:54.948045+00:00
111830,UNITYBNK,2019-12-11,0.7,,,0.7,24605.0,2026-04-08T03:22:57.463594+00:00
111932,UNITYBNK,2019-12-12,0.7,,,0.7,53000.0,2026-04-08T03:22:59.677549+00:00
112034,UNITYBNK,2019-12-13,0.7,,,0.7,198842.0,2026-04-08T03:23:01.961124+00:00
112136,UNITYBNK,2019-12-16,0.7,,,0.7,0.0,2026-04-08T03:23:06.206185+00:00
112238,UNITYBNK,2019-12-17,0.65,,,0.65,1191594.0,2026-04-08T03:23:08.526507+00:00
112340,UNITYBNK,2019-12-18,0.66,,,0.66,341946.0,2026-04-08T03:23:10.699016+00:00
112442,UNITYBNK,2019-12-19,0.67,,,0.67,313056.0,2026-04-08T03:23:13.06361+00:00
112544,UNITYBNK,2019-12-20,0.72,,,0.72,580701.0,2026-04-08T03:23:15.515212+00:00
112646,UNITYBNK,2019-12-23,0.72,,,0.72,38118.0,2026-04-08T03:23:19.645113+00:00
112748,UNITYBNK,2019-12-24,0.72,,,0.72,52400.0,2026-04-08T03:23:22.081747+00:00
112850,UNITYBNK,2019-12-27,0.72,,,0.72,51370.0,2026-04-08T03:23:26.48241+00:00
112952,UNITYBNK,2019-12-31,0.64,,,0.64,216591.0,2026-04-08T03:23:31.997666+00:00
113054,UNITYBNK,2020-01-02,0.67,,,0.67,4512500.0,2026-04-08T03:23:35.253628+00:00
113156,UNITYBNK,2020-01-03,0.67,,,0.67,58700.0,2026-04-08T03:23:37.484442+00:00
113258,UNITYBNK,2020-01-06,0.73,,,0.73,952733.0,2026-04-08T03:23:41.810791+00:00
113360,UNITYBNK,2020-01-07,0.8,,,0.8,3454555.0,2026-04-08T03:23:44.238014+00:00
113462,UNITYBNK,2020-01-08,0.8,,,0.8,152739.0,2026-04-08T03:23:46.428903+00:00
113564,UNITYBNK,2020-01-09,0.72,,,0.72,947982.0,2026-04-08T03:23:48.760691+00:00
113667,UNITYBNK,2020-01-10,0.72,,,0.72,40750.0,2026-04-08T03:23:51.312987+00:00
113770,UNITYBNK,2020-01-13,0.72,,,0.72,105975.0,2026-04-08T03:23:55.704331+00:00
113873,UNITYBNK,2020-01-14,0.72,,,0.72,89139.0,2026-04-08T03:23:58.044369+00:00
113976,UNITYBNK,2020-01-15,0.72,,,0.72,3503.0,2026-04-08T03:24:00.340453+00:00
114079,UNITYBNK,2020-01-16,0.69,,,0.69,603128.0,2026-04-08T03:24:02.775573+00:00
114182,UNITYBNK,2020-01-17,0.69,,,0.69,2425500.0,2026-04-08T03:24:05.107796+00:00
114285,UNITYBNK,2020-01-20,0.65,,,0.65,1906522.0,2026-04-08T03:24:09.637495+00:00
114388,UNITYBNK,2020-01-21,0.69,,,0.69,513965.0,2026-04-08T03:24:12.081094+00:00
114491,UNITYBNK,2020-01-23,0.69,,,0.69,614991.0,2026-04-08T03:24:15.397306+00:00
114594,UNITYBNK,2020-01-24,0.63,,,0.63,5427792.0,2026-04-08T03:24:17.760742+00:00
114697,UNITYBNK,2020-01-27,0.63,,,0.63,2160558.0,2026-04-08T03:24:22.426106+00:00
114800,UNITYBNK,2020-01-28,0.6,,,0.6,2119055.0,2026-04-08T03:24:24.728321+00:00
114903,UNITYBNK,2020-01-29,0.6,,,0.6,993682.0,2026-04-08T03:24:27.287495+00:00
115006,UNITYBNK,2020-01-30,0.64,,,0.64,222351.0,2026-04-08T03:24:29.658352+00:00
115109,UNITYBNK,2020-01-31,0.58,,,0.58,847009.0,2026-04-08T03:24:31.961868+00:00
115212,UNITYBNK,2020-02-03,0.59,,,0.59,2418476.0,2026-04-08T03:24:36.430808+00:00
115315,UNITYBNK,2020-02-04,0.58,,,0.58,1659584.0,2026-04-08T03:24:38.687124+00:00
115418,UNITYBNK,2020-02-05,0.58,,,0.58,353115.0,2026-04-08T03:24:41.03998+00:00
115521,UNITYBNK,2020-02-06,0.57,,,0.57,727100.0,2026-04-08T03:24:43.345135+00:00
115624,UNITYBNK,2020-02-07,0.57,,,0.57,319699.0,2026-04-08T03:24:45.609576+00:00
115727,UNITYBNK,2020-02-10,0.57,,,0.57,510333.0,2026-04-08T03:24:50.182603+00:00
115830,UNITYBNK,2020-02-11,0.57,,,0.57,183696.0,2026-04-08T03:24:52.780016+00:00
115933,UNITYBNK,2020-02-12,0.57,,,0.57,55000.0,2026-04-08T03:24:55.120152+00:00
116036,UNITYBNK,2020-02-13,0.57,,,0.57,0.0,2026-04-08T03:24:57.649025+00:00
116139,UNITYBNK,2020-02-14,0.57,,,0.57,12469.0,2026-04-08T03:25:00.080254+00:00
116242,UNITYBNK,2020-02-17,0.52,,,0.52,1275400.0,2026-04-08T03:25:04.377856+00:00
116345,UNITYBNK,2020-02-18,0.54,,,0.54,265058.0,2026-04-08T03:25:06.773592+00:00
116448,UNITYBNK,2020-02-19,0.59,,,0.59,1748373.0,2026-04-08T03:25:09.231504+00:00
116551,UNITYBNK,2020-02-20,0.59,,,0.59,178782.0,2026-04-08T03:25:11.501588+00:00
116654,UNITYBNK,2020-02-21,0.59,,,0.59,641411.0,2026-04-08T03:25:13.948187+00:00
116757,UNITYBNK,2020-02-24,0.58,,,0.58,150388.0,2026-04-08T03:25:18.415367+00:00
116860,UNITYBNK,2020-02-25,0.54,,,0.54,312994.0,2026-04-08T03:25:20.711298+00:00
116963,UNITYBNK,2020-02-26,0.54,,,0.54,961760.0,2026-04-08T03:25:23.465375+00:00
117066,UNITYBNK,2020-02-27,0.54,,,0.54,5184.0,2026-04-08T03:25:26.011368+00:00
117169,UNITYBNK,2020-02-28,0.5,,,0.5,1065341.0,2026-04-08T03:25:28.472167+00:00
117272,UNITYBNK,2020-03-02,0.49,,,0.49,719150.0,2026-04-08T03:25:32.979972+00:00
117375,UNITYBNK,2020-03-03,0.49,,,0.49,32053.0,2026-04-08T03:25:35.324079+00:00
117478,UNITYBNK,2020-03-04,0.53,,,0.53,246719.0,2026-04-08T03:25:37.587456+00:00
117581,UNITYBNK,2020-03-05,0.53,,,0.53,277469.0,2026-04-08T03:25:39.825698+00:00
117684,UNITYBNK,2020-03-09,0.48,,,0.48,829380.0,2026-04-08T03:25:45.227559+00:00
117787,UNITYBNK,2020-03-10,0.47,,,0.47,846082.0,2026-04-08T03:25:47.644077+00:00
117890,UNITYBNK,2020-03-11,0.47,,,0.47,1169152.0,2026-04-08T03:25:49.940962+00:00
117993,UNITYBNK,2020-03-12,0.43,,,0.43,160582.0,2026-04-08T03:25:52.243289+00:00
118096,UNITYBNK,2020-03-13,0.4,,,0.4,1081099.0,2026-04-08T03:25:54.520183+00:00
118199,UNITYBNK,2020-03-16,0.42,,,0.42,164410.0,2026-04-08T03:25:58.965391+00:00
118302,UNITYBNK,2020-03-17,0.42,,,0.42,53789.0,2026-04-08T03:26:01.331984+00:00
118405,UNITYBNK,2020-03-18,0.46,,,0.46,654409.0,2026-04-08T03:26:03.589989+00:00
118508,UNITYBNK,2020-03-19,0.46,,,0.46,2931217.0,2026-04-08T03:26:05.957067+00:00
118611,UNITYBNK,2020-03-20,0.42,,,0.42,233033.0,2026-04-08T03:26:08.377452+00:00
118714,UNITYBNK,2020-03-23,0.42,,,0.42,130771.0,2026-04-08T03:26:12.667002+00:00
118817,UNITYBNK,2020-03-24,0.42,,,0.42,301732.0,2026-04-08T03:26:14.960057+00:00
118920,UNITYBNK,2020-03-25,0.42,,,0.42,142415.0,2026-04-08T03:26:17.224804+00:00
119023,UNITYBNK,2020-03-26,0.42,,,0.42,160411.0,2026-04-08T03:26:19.64473+00:00
119126,UNITYBNK,2020-03-27,0.42,,,0.42,6620.0,2026-04-08T03:26:21.968693+00:00
119229,UNITYBNK,2020-03-30,0.42,,,0.42,31904.0,2026-04-08T03:26:26.43282+00:00
119332,UNITYBNK,2020-03-31,0.42,,,0.42,447624.0,2026-04-08T03:26:28.926506+00:00
119435,UNITYBNK,2020-04-01,0.42,,,0.42,103432.0,2026-04-08T03:26:31.173614+00:00
119538,UNITYBNK,2020-04-02,0.42,,,0.42,17958.0,2026-04-08T03:26:33.480235+00:00
119641,UNITYBNK,2020-04-03,0.42,,,0.42,0.0,2026-04-08T03:26:35.777807+00:00
119744,UNITYBNK,2020-04-06,0.42,,,0.42,121415.0,2026-04-08T03:26:40.135575+00:00
119847,UNITYBNK,2020-04-07,0.46,,,0.46,1874567.0,2026-04-08T03:26:42.376644+00:00
119950,UNITYBNK,2020-04-08,0.46,,,0.46,109408.0,2026-04-08T03:26:44.690105+00:00
120053,UNITYBNK,2020-04-09,0.42,,,0.42,514022.0,2026-04-08T03:26:47.020639+00:00
120156,UNITYBNK,2020-04-14,0.45,,,0.45,357710.0,2026-04-08T03:26:53.304016+00:00
120259,UNITYBNK,2020-04-15,0.49,,,0.49,1753813.0,2026-04-08T03:26:55.643286+00:00
120362,UNITYBNK,2020-04-16,0.49,,,0.49,222055.0,2026-04-08T03:26:58.005731+00:00
120465,UNITYBNK,2020-04-17,0.48,,,0.48,905758.0,2026-04-08T03:27:00.196144+00:00
120568,UNITYBNK,2020-04-20,0.48,,,0.48,1167442.0,2026-04-08T03:27:04.902814+00:00
120671,UNITYBNK,2020-04-21,0.44,,,0.44,506201.0,2026-04-08T03:27:07.124699+00:00
120774,UNITYBNK,2020-04-22,0.44,,,0.44,37000.0,2026-04-08T03:27:09.50407+00:00
120877,UNITYBNK,2020-04-23,0.45,,,0.45,1103424.0,2026-04-08T03:27:11.732195+00:00
120980,UNITYBNK,2020-04-24,0.45,,,0.45,426270.0,2026-04-08T03:27:14.133022+00:00
121083,UNITYBNK,2020-04-27,0.45,,,0.45,252500.0,2026-04-08T03:27:18.376911+00:00
121186,UNITYBNK,2020-04-28,0.45,,,0.45,116005.0,2026-04-08T03:27:20.70836+00:00
121289,UNITYBNK,2020-04-29,0.44,,,0.44,1968245.0,2026-04-08T03:27:23.099969+00:00
121392,UNITYBNK,2020-04-30,0.44,,,0.44,96119.0,2026-04-08T03:27:25.479794+00:00
121495,UNITYBNK,2020-05-04,0.44,,,0.44,816857.0,2026-04-08T03:27:30.67652+00:00
121598,UNITYBNK,2020-05-05,0.47,,,0.47,235969.0,2026-04-08T03:27:32.997372+00:00
121701,UNITYBNK,2020-05-06,0.47,,,0.47,526086.0,2026-04-08T03:27:35.368243+00:00
121804,UNITYBNK,2020-05-07,0.46,,,0.46,600507.0,2026-04-08T03:27:37.70358+00:00
121907,UNITYBNK,2020-05-08,0.46,,,0.46,218136.0,2026-04-08T03:27:39.945267+00:00
122010,UNITYBNK,2020-05-11,0.46,,,0.46,54870.0,2026-04-08T03:27:44.543581+00:00
122113,UNITYBNK,2020-05-12,0.48,,,0.48,477597.0,2026-04-08T03:27:46.988848+00:00
122216,UNITYBNK,2020-05-13,0.48,,,0.48,288602.0,2026-04-08T03:27:49.292243+00:00
122319,UNITYBNK,2020-05-14,0.44,,,0.44,815488.0,2026-04-08T03:27:51.592074+00:00
122422,UNITYBNK,2020-05-19,0.52,,,0.52,598316.0,2026-04-08T03:27:58.031425+00:00
122525,UNITYBNK,2020-05-20,0.5,,,0.5,1109298.0,2026-04-08T03:28:00.412443+00:00
122628,UNITYBNK,2020-05-21,0.53,,,0.53,880307.0,2026-04-08T03:28:02.829603+00:00
122731,UNITYBNK,2020-05-27,0.52,,,0.52,1519476.0,2026-04-08T03:28:10.17932+00:00
122834,UNITYBNK,2020-05-28,0.52,,,0.52,233100.0,2026-04-08T03:28:12.484321+00:00
122937,UNITYBNK,2020-05-29,0.52,,,0.52,19683.0,2026-04-08T03:28:14.796152+00:00
123040,UNITYBNK,2020-06-02,0.52,,,0.52,252057.0,2026-04-08T03:28:20.224588+00:00
123143,UNITYBNK,2020-06-03,0.52,,,0.52,135280.0,2026-04-08T03:28:22.45251+00:00
123246,UNITYBNK,2020-06-04,0.52,,,0.52,528300.0,2026-04-08T03:28:24.742978+00:00
123349,UNITYBNK,2020-06-05,0.52,,,0.52,47400.0,2026-04-08T03:28:26.997708+00:00
123452,UNITYBNK,2020-06-08,0.52,,,0.52,102191.0,2026-04-08T03:28:31.360755+00:00
123555,UNITYBNK,2020-06-09,0.52,,,0.52,186003.0,2026-04-08T03:28:33.545964+00:00
123658,UNITYBNK,2020-06-10,0.52,,,0.52,20200.0,2026-04-08T03:28:35.856379+00:00
123761,UNITYBNK,2020-06-11,0.57,,,0.57,4194196.0,2026-04-08T03:28:38.052531+00:00
123864,UNITYBNK,2020-06-15,0.62,,,0.62,8894681.0,2026-04-08T03:28:43.437023+00:00
123967,UNITYBNK,2020-06-16,0.57,,,0.57,2374113.0,2026-04-08T03:28:45.961134+00:00
124070,UNITYBNK,2020-06-17,0.55,,,0.55,253867.0,2026-04-08T03:28:48.324213+00:00
124173,UNITYBNK,2020-06-18,0.52,,,0.52,1647693.0,2026-04-08T03:28:50.696546+00:00
124276,UNITYBNK,2020-06-19,0.57,,,0.57,522652.0,2026-04-08T03:28:53.406809+00:00
124379,UNITYBNK,2020-06-22,0.6,,,0.6,374510.0,2026-04-08T03:28:57.922359+00:00
124482,UNITYBNK,2020-06-23,0.54,,,0.54,298784.0,2026-04-08T03:29:00.283028+00:00
124585,UNITYBNK,2020-06-24,0.58,,,0.58,1689010.0,2026-04-08T03:29:02.79982+00:00
124688,UNITYBNK,2020-06-25,0.58,,,0.58,27640.0,2026-04-08T03:29:05.076463+00:00
124791,UNITYBNK,2020-06-26,0.53,,,0.53,345683.0,2026-04-08T03:29:07.48598+00:00
124894,UNITYBNK,2020-06-29,0.53,,,0.53,12431.0,2026-04-08T03:29:11.968016+00:00
124997,UNITYBNK,2020-06-30,0.48,,,0.48,1011910.0,2026-04-08T03:29:14.28255+00:00
125100,UNITYBNK,2020-07-01,0.47,,,0.47,1172136.0,2026-04-08T03:29:16.703757+00:00
125203,UNITYBNK,2020-07-02,0.5,,,0.5,213979.0,2026-04-08T03:29:19.127663+00:00
125306,UNITYBNK,2020-07-03,0.52,,,0.52,1705822.0,2026-04-08T03:29:21.544735+00:00
125409,UNITYBNK,2020-07-07,0.47,,,0.47,107169.0,2026-04-08T03:29:27.331532+00:00
125512,UNITYBNK,2020-07-08,0.49,,,0.49,504579.0,2026-04-08T03:29:29.768744+00:00
125615,UNITYBNK,2020-07-09,0.49,,,0.49,304685.0,2026-04-08T03:29:32.143692+00:00
125718,UNITYBNK,2020-07-10,0.49,,,0.49,137079.0,2026-04-08T03:29:34.521297+00:00
125821,UNITYBNK,2020-07-13,0.49,,,0.49,112954.0,2026-04-08T03:29:39.007126+00:00
125924,UNITYBNK,2020-07-14,0.49,,,0.49,536900.0,2026-04-08T03:29:41.304989+00:00
126027,UNITYBNK,2020-07-15,0.49,,,0.49,210081.0,2026-04-08T03:29:43.708156+00:00
126130,UNITYBNK,2020-07-16,0.45,,,0.45,1277837.0,2026-04-08T03:29:45.979708+00:00
126233,UNITYBNK,2020-07-17,0.45,,,0.45,9000.0,2026-04-08T03:29:48.357101+00:00
126336,UNITYBNK,2020-07-20,0.49,,,0.49,1142594.0,2026-04-08T03:29:52.723074+00:00
126439,UNITYBNK,2020-07-21,0.52,,,0.52,373355.0,2026-04-08T03:29:55.035926+00:00
126542,UNITYBNK,2020-07-23,0.52,,,0.52,26696.0,2026-04-08T03:29:58.238067+00:00
126645,UNITYBNK,2020-07-24,0.52,,,0.52,302506.0,2026-04-08T03:30:00.541513+00:00
126748,UNITYBNK,2020-07-27,0.57,,,0.57,6104500.0,2026-04-08T03:30:04.748878+00:00
126851,UNITYBNK,2020-07-28,0.62,,,0.62,1358938.0,2026-04-08T03:30:07.286947+00:00
126954,UNITYBNK,2020-07-29,0.61,,,0.61,2075081.0,2026-04-08T03:30:09.725653+00:00
127057,UNITYBNK,2020-08-03,0.58,,,0.58,1548996.0,2026-04-08T03:30:16.711714+00:00
127160,UNITYBNK,2020-08-04,0.59,,,0.59,921438.0,2026-04-08T03:30:19.026905+00:00
127263,UNITYBNK,2020-08-05,0.59,,,0.59,565872.0,2026-04-08T03:30:21.509999+00:00
127366,UNITYBNK,2020-08-06,0.59,,,0.59,110086.0,2026-04-08T03:30:23.823287+00:00
127469,UNITYBNK,2020-08-07,0.59,,,0.59,166110.0,2026-04-08T03:30:26.221973+00:00
127572,UNITYBNK,2020-08-10,0.59,,,0.59,2803.0,2026-04-08T03:30:31.080726+00:00
127675,UNITYBNK,2020-08-11,0.59,,,0.59,94436.0,2026-04-08T03:30:33.557314+00:00
127778,UNITYBNK,2020-08-12,0.59,,,0.59,70852.0,2026-04-08T03:30:35.989363+00:00
127881,UNITYBNK,2020-08-13,0.54,,,0.54,245655.0,2026-04-08T03:30:38.402702+00:00
127984,UNITYBNK,2020-08-14,0.54,,,0.54,43000.0,2026-04-08T03:30:40.738296+00:00
128087,UNITYBNK,2020-08-17,0.54,,,0.54,187495.0,2026-04-08T03:30:45.179846+00:00
128190,UNITYBNK,2020-08-18,0.54,,,0.54,513676.0,2026-04-08T03:30:47.750292+00:00
128293,UNITYBNK,2020-08-19,0.52,,,0.52,500796.0,2026-04-08T03:30:50.260611+00:00
128396,UNITYBNK,2020-08-20,0.54,,,0.54,218889.0,2026-04-08T03:30:52.728097+00:00
128499,UNITYBNK,2020-08-21,0.52,,,0.52,433063.0,2026-04-08T03:30:55.129893+00:00
128602,UNITYBNK,2020-08-24,0.57,,,0.57,513914.0,2026-04-08T03:30:59.50528+00:00
128705,UNITYBNK,2020-08-25,0.56,,,0.56,287200.0,2026-04-08T03:31:01.97181+00:00
128808,UNITYBNK,2020-08-26,0.56,,,0.56,70045.0,2026-04-08T03:31:04.340397+00:00
128911,UNITYBNK,2020-08-27,0.56,,,0.56,13500.0,2026-04-08T03:31:06.825032+00:00
129014,UNITYBNK,2020-08-28,0.56,,,0.56,171855.0,2026-04-08T03:31:10.050623+00:00
129117,UNITYBNK,2020-08-31,0.56,,,0.56,155000.0,2026-04-08T03:31:14.574397+00:00
129220,UNITYBNK,2020-09-01,0.56,,,0.56,101200.0,2026-04-08T03:31:16.859057+00:00
129323,UNITYBNK,2020-09-02,0.56,,,0.56,4380722.0,2026-04-08T03:31:19.223829+00:00
129426,UNITYBNK,2020-09-03,0.56,,,0.56,51010.0,2026-04-08T03:31:21.580357+00:00
129529,UNITYBNK,2020-09-04,0.56,,,0.56,544317.0,2026-04-08T03:31:24.095323+00:00
129632,UNITYBNK,2020-09-07,0.56,,,0.56,3203.0,2026-04-08T03:31:29.028072+00:00
129735,UNITYBNK,2020-09-08,0.54,,,0.54,977176.0,2026-04-08T03:31:31.696694+00:00
129838,UNITYBNK,2020-09-09,0.54,,,0.54,142630.0,2026-04-08T03:31:34.222499+00:00
129941,UNITYBNK,2020-09-10,0.51,,,0.51,1701481.0,2026-04-08T03:31:36.666154+00:00
130044,UNITYBNK,2020-09-11,0.52,,,0.52,344983.0,2026-04-08T03:31:39.224755+00:00
130147,UNITYBNK,2020-09-14,0.52,,,0.52,5292.0,2026-04-08T03:31:43.669625+00:00
130250,UNITYBNK,2020-09-15,0.52,,,0.52,11483.0,2026-04-08T03:31:46.096824+00:00
130353,UNITYBNK,2020-09-16,0.52,,,0.52,580481.0,2026-04-08T03:31:48.62473+00:00
130456,UNITYBNK,2020-09-17,0.54,,,0.54,1449619.0,2026-04-08T03:31:51.120615+00:00
130559,UNITYBNK,2020-09-18,0.57,,,0.57,1460283.0,2026-04-08T03:31:53.500222+00:00
130662,UNITYBNK,2020-09-21,0.56,,,0.56,5935296.0,2026-04-08T03:31:57.915353+00:00
130765,UNITYBNK,2020-09-22,0.57,,,0.57,1119485.0,2026-04-08T03:32:00.361616+00:00
130868,UNITYBNK,2020-09-23,0.57,,,0.57,70524.0,2026-04-08T03:32:02.667296+00:00
130971,UNITYBNK,2020-09-24,0.57,,,0.57,729832.0,2026-04-08T03:32:05.077899+00:00
131074,UNITYBNK,2020-09-25,0.57,,,0.57,80821.0,2026-04-08T03:32:07.472813+00:00
131177,UNITYBNK,2020-09-28,0.57,,,0.57,346973.0,2026-04-08T03:32:12.542607+00:00
131280,UNITYBNK,2020-09-29,0.57,,,0.57,194213.0,2026-04-08T03:32:14.948969+00:00
131383,UNITYBNK,2020-09-30,0.57,,,0.57,18753.0,2026-04-08T03:32:17.368144+00:00
131486,UNITYBNK,2020-10-02,0.57,,,0.57,925749.0,2026-04-08T03:32:21.009688+00:00
131589,UNITYBNK,2020-10-05,0.57,,,0.57,892685.0,2026-04-08T03:32:25.669514+00:00
131692,UNITYBNK,2020-10-06,0.58,,,0.58,478613.0,2026-04-08T03:32:28.151061+00:00
131795,UNITYBNK,2020-10-07,0.62,,,0.62,528332.0,2026-04-08T03:32:30.62441+00:00
131898,UNITYBNK,2020-10-08,0.61,,,0.61,435503.0,2026-04-08T03:32:32.995223+00:00
132001,UNITYBNK,2020-10-09,0.57,,,0.57,532116.0,2026-04-08T03:32:35.453646+00:00
132104,UNITYBNK,2020-10-12,0.57,,,0.57,156577.0,2026-04-08T03:32:39.836845+00:00
132207,UNITYBNK,2020-10-13,0.57,,,0.57,23210.0,2026-04-08T03:32:42.883097+00:00
132310,UNITYBNK,2020-10-14,0.57,,,0.57,261941.0,2026-04-08T03:32:45.313484+00:00
132413,UNITYBNK,2020-10-15,0.57,,,0.57,29942.0,2026-04-08T03:32:47.672181+00:00
132516,UNITYBNK,2020-10-16,0.57,,,0.57,689881.0,2026-04-08T03:32:50.112843+00:00
132619,UNITYBNK,2020-10-19,0.57,,,0.57,19885.0,2026-04-08T03:32:54.594352+00:00
132722,UNITYBNK,2020-10-20,0.58,,,0.58,873720.0,2026-04-08T03:32:57.288568+00:00
132825,UNITYBNK,2020-10-21,0.58,,,0.58,1061956.0,2026-04-08T03:32:59.679627+00:00
132928,UNITYBNK,2020-10-22,0.58,,,0.58,219492.0,2026-04-08T03:33:02.194874+00:00
133031,UNITYBNK,2020-10-23,0.58,,,0.58,325955.0,2026-04-08T03:33:04.540232+00:00
133134,UNITYBNK,2020-10-26,0.58,,,0.58,8933.0,2026-04-08T03:33:08.964122+00:00
133237,UNITYBNK,2020-10-27,0.58,,,0.58,65202.0,2026-04-08T03:33:12.04516+00:00
133340,UNITYBNK,2020-10-28,0.58,,,0.58,1458768.0,2026-04-08T03:33:14.504918+00:00
133443,UNITYBNK,2020-10-30,0.58,,,0.58,351558.0,2026-04-08T03:33:18.13889+00:00
133546,UNITYBNK,2020-11-02,0.61,,,0.61,171638.0,2026-04-08T03:33:22.589733+00:00
133649,UNITYBNK,2020-11-03,0.62,,,0.62,1133055.0,2026-04-08T03:33:24.936567+00:00
133752,UNITYBNK,2020-11-04,0.62,,,0.62,158805.0,2026-04-08T03:33:27.402012+00:00
133855,UNITYBNK,2020-11-05,0.62,,,0.62,6617.0,2026-04-08T03:33:29.791139+00:00
133958,UNITYBNK,2020-11-06,0.62,,,0.62,226267.0,2026-04-08T03:33:32.190465+00:00
134061,UNITYBNK,2020-11-09,0.66,,,0.66,1235645.0,2026-04-08T03:33:36.944942+00:00
134165,UNITYBNK,2020-11-10,0.66,,,0.66,4579462.0,2026-04-08T03:33:39.328014+00:00
134269,UNITYBNK,2020-11-11,0.72,,,0.72,11756572.0,2026-04-08T03:33:41.646704+00:00
134373,UNITYBNK,2020-11-12,0.72,,,0.72,483998.0,2026-04-08T03:33:44.075825+00:00
134477,UNITYBNK,2020-11-13,0.79,,,0.79,1865277.0,2026-04-08T03:33:46.660663+00:00
134581,UNITYBNK,2020-11-16,0.86,,,0.86,3501818.0,2026-04-08T03:33:51.206328+00:00
134685,UNITYBNK,2020-11-17,0.86,,,0.86,1371458.0,2026-04-08T03:33:53.594986+00:00
134789,UNITYBNK,2020-11-18,0.8,,,0.8,1553426.0,2026-04-08T03:33:56.053488+00:00
134893,UNITYBNK,2020-11-19,0.85,,,0.85,930404.0,2026-04-08T03:33:58.535588+00:00
134997,UNITYBNK,2020-11-20,0.79,,,0.79,667073.0,2026-04-08T03:34:01.033528+00:00
135101,UNITYBNK,2020-11-23,0.79,,,0.79,56857.0,2026-04-08T03:34:05.446005+00:00
135205,UNITYBNK,2020-11-24,0.75,,,0.75,499186.0,2026-04-08T03:34:07.827748+00:00
135309,UNITYBNK,2020-11-25,0.79,,,0.79,1368405.0,2026-04-08T03:34:10.273596+00:00
135413,UNITYBNK,2020-11-26,0.75,,,0.75,870898.0,2026-04-08T03:34:12.878043+00:00
135517,UNITYBNK,2020-11-27,0.75,,,0.75,884.0,2026-04-08T03:34:15.660625+00:00
135621,UNITYBNK,2020-11-30,0.81,,,0.81,1341312.0,2026-04-08T03:34:20.595268+00:00
135725,UNITYBNK,2020-12-01,0.76,,,0.76,208940.0,2026-04-08T03:34:22.915781+00:00
135828,UNITYBNK,2020-12-02,0.71,,,0.71,501627.0,2026-04-08T03:34:25.200893+00:00
135930,UNITYBNK,2020-12-03,0.64,,,0.64,1886597.0,2026-04-08T03:34:27.500503+00:00
136032,UNITYBNK,2020-12-04,0.64,,,0.64,752929.0,2026-04-08T03:34:29.754666+00:00
136136,UNITYBNK,2020-12-07,0.64,,,0.64,574446.0,2026-04-08T03:34:34.092506+00:00
136240,UNITYBNK,2020-12-08,0.64,,,0.64,81789.0,2026-04-08T03:34:36.413898+00:00
136344,UNITYBNK,2020-12-09,0.67,,,0.67,525370.0,2026-04-08T03:34:38.741358+00:00
136448,UNITYBNK,2020-12-10,0.62,,,0.62,689010.0,2026-04-08T03:34:41.210459+00:00
136552,UNITYBNK,2020-12-11,0.67,,,0.67,652532.0,2026-04-08T03:34:43.516271+00:00
136656,UNITYBNK,2020-12-14,0.68,,,0.68,604753.0,2026-04-08T03:34:47.752987+00:00
136761,UNITYBNK,2020-12-15,0.62,,,0.62,430161.0,2026-04-08T03:34:50.014046+00:00
136866,UNITYBNK,2020-12-16,0.67,,,0.67,165487.0,2026-04-08T03:34:52.260784+00:00
136971,UNITYBNK,2020-12-17,0.67,,,0.67,5092.0,2026-04-08T03:34:54.700208+00:00
137076,UNITYBNK,2020-12-18,0.67,,,0.67,653652.0,2026-04-08T03:34:57.404383+00:00
137181,UNITYBNK,2020-12-21,0.64,,,0.64,244518.0,2026-04-08T03:35:01.74156+00:00
137286,UNITYBNK,2020-12-22,0.64,,,0.64,119335.0,2026-04-08T03:35:04.087051+00:00
137391,UNITYBNK,2020-12-23,0.68,,,0.68,171812.0,2026-04-08T03:35:06.465463+00:00
137496,UNITYBNK,2020-12-24,0.68,,,0.68,12542.0,2026-04-08T03:35:08.859517+00:00
137601,UNITYBNK,2020-12-29,0.68,,,0.68,439590.0,2026-04-08T03:35:15.710612+00:00
137706,UNITYBNK,2020-12-30,0.68,,,0.68,767421.0,2026-04-08T03:35:18.332825+00:00
137811,UNITYBNK,2020-12-31,0.64,,,0.64,644803.0,2026-04-08T03:35:20.721524+00:00
137916,UNITYBNK,2021-01-04,0.64,,,0.64,54000.0,2026-04-08T03:35:26.376094+00:00
138021,UNITYBNK,2021-01-05,0.68,,,0.68,389986.0,2026-04-08T03:35:29.033034+00:00
138126,UNITYBNK,2021-01-06,0.7,,,0.7,518150.0,2026-04-08T03:35:31.424152+00:00
138231,UNITYBNK,2021-01-07,0.7,,,0.7,294729.0,2026-04-08T03:35:34.042283+00:00
138336,UNITYBNK,2021-01-08,0.7,,,0.7,2341895.0,2026-04-08T03:35:36.489888+00:00
138441,UNITYBNK,2021-01-11,0.69,,,0.69,1613035.0,2026-04-08T03:35:41.134484+00:00
138546,UNITYBNK,2021-01-12,0.68,,,0.68,1105706.0,2026-04-08T03:35:43.444525+00:00
138651,UNITYBNK,2021-01-13,0.7,,,0.7,503552.0,2026-04-08T03:35:45.752573+00:00
138756,UNITYBNK,2021-01-14,0.7,,,0.7,1116703.0,2026-04-08T03:35:48.266873+00:00
138861,UNITYBNK,2021-01-15,0.7,,,0.7,409320.0,2026-04-08T03:35:50.536305+00:00
138966,UNITYBNK,2021-01-18,0.7,,,0.7,445664.0,2026-04-08T03:35:55.012207+00:00
139071,UNITYBNK,2021-01-19,0.7,,,0.7,14223.0,2026-04-08T03:35:57.346792+00:00
139176,UNITYBNK,2021-01-20,0.73,,,0.73,842424.0,2026-04-08T03:35:59.785195+00:00
139281,UNITYBNK,2021-01-21,0.72,,,0.72,765821.0,2026-04-08T03:36:02.057398+00:00
139386,UNITYBNK,2021-01-22,0.72,,,0.72,138966.0,2026-04-08T03:36:04.490813+00:00
139491,UNITYBNK,2021-01-25,0.72,,,0.72,599442.0,2026-04-08T03:36:09.142175+00:00
139596,UNITYBNK,2021-01-26,0.72,,,0.72,281758.0,2026-04-08T03:36:11.477526+00:00
139701,UNITYBNK,2021-01-27,0.69,,,0.69,435523.0,2026-04-08T03:36:13.916788+00:00
139806,UNITYBNK,2021-01-28,0.69,,,0.69,806563.0,2026-04-08T03:36:16.269205+00:00
139911,UNITYBNK,2021-01-29,0.67,,,0.67,1581424.0,2026-04-08T03:36:18.603253+00:00
140016,UNITYBNK,2021-02-01,0.73,,,0.73,581020.0,2026-04-08T03:36:23.094546+00:00
140121,UNITYBNK,2021-02-02,0.71,,,0.71,679844.0,2026-04-08T03:36:25.523135+00:00
140226,UNITYBNK,2021-02-03,0.71,,,0.71,514591.0,2026-04-08T03:36:27.835035+00:00
140331,UNITYBNK,2021-02-04,0.72,,,0.72,136050.0,2026-04-08T03:36:30.225924+00:00
140436,UNITYBNK,2021-02-05,0.73,,,0.73,1416135.0,2026-04-08T03:36:32.587221+00:00
140541,UNITYBNK,2021-02-08,0.73,,,0.73,91862.0,2026-04-08T03:36:37.052653+00:00
140646,UNITYBNK,2021-02-09,0.72,,,0.72,510160.0,2026-04-08T03:36:39.468141+00:00
140751,UNITYBNK,2021-02-10,0.72,,,0.72,25818.0,2026-04-08T03:36:41.836322+00:00
140856,UNITYBNK,2021-02-11,0.65,,,0.65,969902.0,2026-04-08T03:36:44.255641+00:00
140961,UNITYBNK,2021-02-12,0.71,,,0.71,306168.0,2026-04-08T03:36:46.553737+00:00
141066,UNITYBNK,2021-02-15,0.67,,,0.67,329004.0,2026-04-08T03:36:50.983127+00:00
141171,UNITYBNK,2021-02-16,0.67,,,0.67,159235.0,2026-04-08T03:36:53.929967+00:00
141276,UNITYBNK,2021-02-17,0.67,,,0.67,22999.0,2026-04-08T03:36:56.762484+00:00
141381,UNITYBNK,2021-02-18,0.68,,,0.68,388407.0,2026-04-08T03:36:59.321693+00:00
141486,UNITYBNK,2021-02-19,0.68,,,0.68,417921.0,2026-04-08T03:37:01.817881+00:00
141591,UNITYBNK,2021-02-22,0.66,,,0.66,452407.0,2026-04-08T03:37:06.27808+00:00
141696,UNITYBNK,2021-02-23,0.67,,,0.67,106208.0,2026-04-08T03:37:08.890934+00:00
141801,UNITYBNK,2021-02-24,0.67,,,0.67,418343.0,2026-04-08T03:37:11.490979+00:00
141906,UNITYBNK,2021-02-25,0.67,,,0.67,14305.0,2026-04-08T03:37:14.190372+00:00
142011,UNITYBNK,2021-02-26,0.67,,,0.67,36330.0,2026-04-08T03:37:16.661186+00:00
142116,UNITYBNK,2021-03-01,0.67,,,0.67,160400.0,2026-04-08T03:37:22.522205+00:00
142221,UNITYBNK,2021-03-02,0.67,,,0.67,87338.0,2026-04-08T03:37:25.400973+00:00
142326,UNITYBNK,2021-03-03,0.67,,,0.67,600180.0,2026-04-08T03:37:28.29584+00:00
142431,UNITYBNK,2021-03-04,0.67,,,0.67,390258.0,2026-04-08T03:37:30.865183+00:00
142536,UNITYBNK,2021-03-05,0.73,,,0.73,1058525.0,2026-04-08T03:37:35.032922+00:00
142641,UNITYBNK,2021-03-08,0.73,,,0.73,50488.0,2026-04-08T03:37:40.957406+00:00
142746,UNITYBNK,2021-03-09,0.73,,,0.73,15735.0,2026-04-08T03:37:43.478318+00:00
142851,UNITYBNK,2021-03-10,0.73,,,0.73,1239464.0,2026-04-08T03:37:46.075681+00:00
142956,UNITYBNK,2021-03-11,0.73,,,0.73,1921866.0,2026-04-08T03:37:49.142973+00:00
143061,UNITYBNK,2021-03-12,0.66,,,0.66,192569.0,2026-04-08T03:37:51.827027+00:00
143166,UNITYBNK,2021-03-15,0.66,,,0.66,100867.0,2026-04-08T03:37:56.632273+00:00
143271,UNITYBNK,2021-03-16,0.66,,,0.66,232473.0,2026-04-08T03:37:59.157483+00:00
143376,UNITYBNK,2021-03-17,0.72,,,0.72,525661.0,2026-04-08T03:38:01.497417+00:00
143481,UNITYBNK,2021-03-18,0.7,,,0.7,1000975813.0,2026-04-08T03:38:03.831621+00:00
143586,UNITYBNK,2021-03-19,0.72,,,0.72,51814077.0,2026-04-08T03:38:06.31825+00:00
143691,UNITYBNK,2021-03-22,0.72,,,0.72,692623.0,2026-04-08T03:38:11.081229+00:00
143796,UNITYBNK,2021-03-23,0.75,,,0.75,759499.0,2026-04-08T03:38:13.396015+00:00
143901,UNITYBNK,2021-03-24,0.75,,,0.75,8231.0,2026-04-08T03:38:15.81449+00:00
144006,UNITYBNK,2021-03-25,0.75,,,0.75,361894.0,2026-04-08T03:38:18.283134+00:00
144111,UNITYBNK,2021-03-26,0.75,,,0.75,73379.0,2026-04-08T03:38:20.746814+00:00
144216,UNITYBNK,2021-03-29,0.75,,,0.75,207848.0,2026-04-08T03:38:25.159246+00:00
144321,UNITYBNK,2021-03-30,0.75,,,0.75,196017.0,2026-04-08T03:38:27.475529+00:00
144426,UNITYBNK,2021-03-31,0.75,,,0.75,2007775.0,2026-04-08T03:38:29.710175+00:00
144531,UNITYBNK,2021-04-01,0.7,,,0.7,346028.0,2026-04-08T03:38:32.086622+00:00
144636,UNITYBNK,2021-04-06,0.71,,,0.71,183691.0,2026-04-08T03:38:38.336109+00:00
144741,UNITYBNK,2021-04-07,0.71,,,0.71,107568.0,2026-04-08T03:38:40.597593+00:00
144846,UNITYBNK,2021-04-08,0.71,,,0.71,20505.0,2026-04-08T03:38:43.050318+00:00
144951,UNITYBNK,2021-04-09,0.64,,,0.64,609295.0,2026-04-08T03:38:45.381101+00:00
145056,UNITYBNK,2021-04-12,0.64,,,0.64,24156.0,2026-04-08T03:38:49.634064+00:00
145161,UNITYBNK,2021-04-14,0.64,,,0.64,60000.0,2026-04-08T03:38:53.291299+00:00
145266,UNITYBNK,2021-04-15,0.64,,,0.64,79434.0,2026-04-08T03:38:55.647647+00:00
145371,UNITYBNK,2021-04-16,0.64,,,0.64,5121.0,2026-04-08T03:38:58.039758+00:00
145476,UNITYBNK,2021-04-19,0.59,,,0.59,279353.0,2026-04-08T03:39:02.639407+00:00
145581,UNITYBNK,2021-04-20,0.6,,,0.6,532800.0,2026-04-08T03:39:05.009889+00:00
145686,UNITYBNK,2021-04-21,0.59,,,0.59,392154.0,2026-04-08T03:39:07.371999+00:00
145791,UNITYBNK,2021-04-22,0.55,,,0.55,1304296.0,2026-04-08T03:39:09.720023+00:00
145896,UNITYBNK,2021-04-26,0.64,,,0.64,2002336.0,2026-04-08T03:39:15.36746+00:00
146001,UNITYBNK,2021-04-27,0.68,,,0.68,978970.0,2026-04-08T03:39:17.695414+00:00
146106,UNITYBNK,2021-04-28,0.68,,,0.68,106424.0,2026-04-08T03:39:20.620007+00:00
146211,UNITYBNK,2021-04-29,0.68,,,0.68,73500.0,2026-04-08T03:39:22.905871+00:00
146316,UNITYBNK,2021-04-30,0.62,,,0.62,344681.0,2026-04-08T03:39:25.430976+00:00
146421,UNITYBNK,2021-05-04,0.62,,,0.62,52782.0,2026-04-08T03:39:31.322792+00:00
146526,UNITYBNK,2021-05-05,0.62,,,0.62,237069.0,2026-04-08T03:39:33.759587+00:00
146631,UNITYBNK,2021-05-06,0.62,,,0.62,132221.0,2026-04-08T03:39:36.246061+00:00
146736,UNITYBNK,2021-05-07,0.6,,,0.6,333647.0,2026-04-08T03:39:38.47254+00:00
146841,UNITYBNK,2021-05-10,0.55,,,0.55,1803268.0,2026-04-08T03:39:42.886326+00:00
146946,UNITYBNK,2021-05-11,0.6,,,0.6,1520306.0,2026-04-08T03:39:45.288668+00:00
147051,UNITYBNK,2021-05-14,0.6,,,0.6,87800.0,2026-04-08T03:39:49.859206+00:00
147156,UNITYBNK,2021-05-17,0.6,,,0.6,10850.0,2026-04-08T03:39:54.343913+00:00
147261,UNITYBNK,2021-05-18,0.6,,,0.6,22460.0,2026-04-08T03:39:57.092526+00:00
147366,UNITYBNK,2021-05-19,0.6,,,0.6,35601.0,2026-04-08T03:39:59.433321+00:00
147471,UNITYBNK,2021-05-20,0.57,,,0.57,623292.0,2026-04-08T03:40:01.906518+00:00
147576,UNITYBNK,2021-05-21,0.58,,,0.58,470466.0,2026-04-08T03:40:04.221824+00:00
147681,UNITYBNK,2021-05-24,0.58,,,0.58,932481.0,2026-04-08T03:40:08.535937+00:00
147786,UNITYBNK,2021-05-25,0.58,,,0.58,49140.0,2026-04-08T03:40:10.790359+00:00
147891,UNITYBNK,2021-05-26,0.58,,,0.58,2477.0,2026-04-08T03:40:13.088105+00:00
147996,UNITYBNK,2021-05-27,0.57,,,0.57,699952.0,2026-04-08T03:40:15.774564+00:00
148101,UNITYBNK,2021-05-28,0.57,,,0.57,890754.0,2026-04-08T03:40:18.222614+00:00
148206,UNITYBNK,2021-05-31,0.57,,,0.57,106754.0,2026-04-08T03:40:23.651574+00:00
148311,UNITYBNK,2021-06-01,0.57,,,0.57,2228.0,2026-04-08T03:40:26.050454+00:00
148416,UNITYBNK,2021-06-02,0.57,,,0.57,18278.0,2026-04-08T03:40:28.576306+00:00
148521,UNITYBNK,2021-06-03,0.57,,,0.57,29729.0,2026-04-08T03:40:31.001459+00:00
148626,UNITYBNK,2021-06-04,0.57,,,0.57,219726.0,2026-04-08T03:40:33.442796+00:00
148731,UNITYBNK,2021-06-07,0.57,,,0.57,204173.0,2026-04-08T03:40:37.732645+00:00
148836,UNITYBNK,2021-06-08,0.57,,,0.57,33674.0,2026-04-08T03:40:40.102423+00:00
148941,UNITYBNK,2021-06-09,0.57,,,0.57,109628.0,2026-04-08T03:40:42.486352+00:00
149046,UNITYBNK,2021-06-10,0.57,,,0.57,79390.0,2026-04-08T03:40:45.029393+00:00
149151,UNITYBNK,2021-06-11,0.57,,,0.57,187184.0,2026-04-08T03:40:47.465669+00:00
149256,UNITYBNK,2021-06-15,0.57,,,0.57,307702.0,2026-04-08T03:40:53.415974+00:00
149361,UNITYBNK,2021-06-16,0.57,,,0.57,116798.0,2026-04-08T03:40:55.754681+00:00
149467,UNITYBNK,2021-06-17,0.55,,,0.55,300442.0,2026-04-08T03:40:58.172345+00:00
149573,UNITYBNK,2021-06-18,0.58,,,0.58,112190.0,2026-04-08T03:41:00.479054+00:00
149679,UNITYBNK,2021-06-21,0.58,,,0.58,19762.0,2026-04-08T03:41:05.049703+00:00
149786,UNITYBNK,2021-06-22,0.58,,,0.58,4441.0,2026-04-08T03:41:07.444448+00:00
149893,UNITYBNK,2021-06-23,0.58,,,0.58,1577.0,2026-04-08T03:41:09.819069+00:00
150000,UNITYBNK,2021-06-24,0.58,,,0.58,7509.0,2026-04-08T03:41:12.2583+00:00
150107,UNITYBNK,2021-06-25,0.58,,,0.58,233924.0,2026-04-08T03:41:14.6351+00:00
150214,UNITYBNK,2021-06-28,0.55,,,0.55,528000.0,2026-04-08T03:41:19.428749+00:00
150321,UNITYBNK,2021-06-29,0.53,,,0.53,2397483.0,2026-04-08T03:41:22.147646+00:00
150428,UNITYBNK,2021-06-30,0.53,,,0.53,10087.0,2026-04-08T03:41:24.723581+00:00
150535,UNITYBNK,2021-07-01,0.53,,,0.53,42402.0,2026-04-08T03:41:27.253573+00:00
150642,UNITYBNK,2021-07-02,0.57,,,0.57,841905.0,2026-04-08T03:41:29.882533+00:00
150749,UNITYBNK,2021-07-05,0.62,,,0.62,736906.0,2026-04-08T03:41:34.454391+00:00
150856,UNITYBNK,2021-07-06,0.57,,,0.57,6187536.0,2026-04-08T03:41:36.982623+00:00
150963,UNITYBNK,2021-07-07,0.55,,,0.55,4004232.0,2026-04-08T03:41:39.307643+00:00
151070,UNITYBNK,2021-07-08,0.55,,,0.55,465359.0,2026-04-08T03:41:41.672436+00:00
151178,UNITYBNK,2021-07-09,0.59,,,0.59,581908.0,2026-04-08T03:41:44.186247+00:00
151286,UNITYBNK,2021-07-12,0.59,,,0.59,240446.0,2026-04-08T03:41:48.615121+00:00
151394,UNITYBNK,2021-07-13,0.59,,,0.59,1207100.0,2026-04-08T03:41:50.993586+00:00
151502,UNITYBNK,2021-07-14,0.63,,,0.63,607793.0,2026-04-08T03:41:53.268+00:00
151610,UNITYBNK,2021-07-15,0.59,,,0.59,534241.0,2026-04-08T03:41:55.50175+00:00
151718,UNITYBNK,2021-07-16,0.54,,,0.54,10102257.0,2026-04-08T03:41:57.978751+00:00
151826,UNITYBNK,2021-07-19,0.55,,,0.55,7961928.0,2026-04-08T03:42:02.439681+00:00
151934,UNITYBNK,2021-07-22,0.57,,,0.57,3057887.0,2026-04-08T03:42:06.938387+00:00
152042,UNITYBNK,2021-07-23,0.61,,,0.61,2267039.0,2026-04-08T03:42:09.224536+00:00
152150,UNITYBNK,2021-07-26,0.62,,,0.62,669132.0,2026-04-08T03:42:13.888963+00:00
152258,UNITYBNK,2021-07-27,0.58,,,0.58,1095941.0,2026-04-08T03:42:16.300026+00:00
152366,UNITYBNK,2021-07-28,0.59,,,0.59,1410620.0,2026-04-08T03:42:18.733972+00:00
152474,UNITYBNK,2021-07-29,0.59,,,0.59,36454.0,2026-04-08T03:42:21.196071+00:00
152582,UNITYBNK,2021-07-30,0.59,,,0.59,55834.0,2026-04-08T03:42:23.780537+00:00
152690,UNITYBNK,2021-08-02,0.59,,,0.59,68124.0,2026-04-08T03:42:28.457705+00:00
152798,UNITYBNK,2021-08-03,0.6,,,0.6,294761.0,2026-04-08T03:42:31.094462+00:00
152906,UNITYBNK,2021-08-04,0.57,,,0.57,260897.0,2026-04-08T03:42:33.531563+00:00
153014,UNITYBNK,2021-08-05,0.57,,,0.57,78778.0,2026-04-08T03:42:35.917081+00:00
153122,UNITYBNK,2021-08-06,0.57,,,0.57,27744.0,2026-04-08T03:42:38.23616+00:00
153230,UNITYBNK,2021-08-09,0.56,,,0.56,909912.0,2026-04-08T03:42:42.878342+00:00
153338,UNITYBNK,2021-08-10,0.6,,,0.6,1714748.0,2026-04-08T03:42:45.264053+00:00
153446,UNITYBNK,2021-08-12,0.58,,,0.58,2155.0,2026-04-08T03:42:48.762656+00:00
153554,UNITYBNK,2021-08-13,0.58,,,0.58,712350.0,2026-04-08T03:42:51.120096+00:00
153662,UNITYBNK,2021-08-16,0.58,,,0.58,102360.0,2026-04-08T03:42:55.556429+00:00
153770,UNITYBNK,2021-08-17,0.56,,,0.56,738350.0,2026-04-08T03:42:57.870214+00:00
153878,UNITYBNK,2021-08-18,0.56,,,0.56,738615.0,2026-04-08T03:43:00.318272+00:00
153986,UNITYBNK,2021-08-19,0.56,,,0.56,99583.0,2026-04-08T03:43:02.743698+00:00
154094,UNITYBNK,2021-08-20,0.6,,,0.6,629207.0,2026-04-08T03:43:05.111187+00:00
154202,UNITYBNK,2021-08-23,0.6,,,0.6,64833.0,2026-04-08T03:43:09.725908+00:00
154310,UNITYBNK,2021-08-24,0.6,,,0.6,79873.0,2026-04-08T03:43:12.031989+00:00
154418,UNITYBNK,2021-08-25,0.56,,,0.56,180316.0,2026-04-08T03:43:14.375004+00:00
154526,UNITYBNK,2021-08-26,0.6,,,0.6,428584.0,2026-04-08T03:43:16.860503+00:00
154634,UNITYBNK,2021-08-27,0.6,,,0.6,1037064.0,2026-04-08T03:43:19.247601+00:00
154742,UNITYBNK,2021-08-30,0.59,,,0.59,600475.0,2026-04-08T03:43:23.756871+00:00
154850,UNITYBNK,2021-08-31,0.59,,,0.59,361288.0,2026-04-08T03:43:26.203018+00:00
154958,UNITYBNK,2021-09-01,0.58,,,0.58,1126693.0,2026-04-08T03:43:28.430514+00:00
155066,UNITYBNK,2021-09-02,0.53,,,0.53,15000500.0,2026-04-08T03:43:30.63423+00:00
155174,UNITYBNK,2021-09-03,0.54,,,0.54,15290491.0,2026-04-08T03:43:33.173741+00:00
155282,UNITYBNK,2021-09-06,0.55,,,0.55,958123.0,2026-04-08T03:43:37.566628+00:00
155390,UNITYBNK,2021-09-07,0.54,,,0.54,1376714.0,2026-04-08T03:43:39.870652+00:00
155498,UNITYBNK,2021-09-08,0.54,,,0.54,131877.0,2026-04-08T03:43:42.125577+00:00
155606,UNITYBNK,2021-09-09,0.54,,,0.54,956370.0,2026-04-08T03:43:44.739177+00:00
155714,UNITYBNK,2021-09-10,0.55,,,0.55,2462271.0,2026-04-08T03:43:47.339386+00:00
155822,UNITYBNK,2021-09-13,0.55,,,0.55,1906100.0,2026-04-08T03:43:51.822078+00:00
155930,UNITYBNK,2021-09-14,0.55,,,0.55,112357.0,2026-04-08T03:43:54.260371+00:00
156038,UNITYBNK,2021-09-15,0.52,,,0.52,816500.0,2026-04-08T03:43:56.896801+00:00
156146,UNITYBNK,2021-09-16,0.57,,,0.57,2738473.0,2026-04-08T03:43:59.227477+00:00
156254,UNITYBNK,2021-09-20,0.53,,,0.53,1323069.0,2026-04-08T03:44:04.993721+00:00
156362,UNITYBNK,2021-09-21,0.55,,,0.55,471926.0,2026-04-08T03:44:07.727357+00:00
156470,UNITYBNK,2021-09-22,0.55,,,0.55,22195.0,2026-04-08T03:44:10.239254+00:00
156578,UNITYBNK,2021-09-23,0.55,,,0.55,187927.0,2026-04-08T03:44:12.661605+00:00
156686,UNITYBNK,2021-09-24,0.55,,,0.55,134705.0,2026-04-08T03:44:15.34542+00:00
156794,UNITYBNK,2021-09-27,0.55,,,0.55,78033.0,2026-04-08T03:44:19.850483+00:00
156902,UNITYBNK,2021-09-28,0.55,,,0.55,264746.0,2026-04-08T03:44:22.678655+00:00
157010,UNITYBNK,2021-09-29,0.53,,,0.53,194212.0,2026-04-08T03:44:25.133662+00:00
157118,UNITYBNK,2021-09-30,0.53,,,0.53,479487.0,2026-04-08T03:44:27.471646+00:00
157226,UNITYBNK,2021-10-04,0.53,,,0.53,264476.0,2026-04-08T03:44:32.876267+00:00
157334,UNITYBNK,2021-10-05,0.55,,,0.55,256550.0,2026-04-08T03:44:35.445743+00:00
157442,UNITYBNK,2021-10-06,0.56,,,0.56,979128.0,2026-04-08T03:44:37.876116+00:00
157550,UNITYBNK,2021-10-07,0.55,,,0.55,650306.0,2026-04-08T03:44:40.206594+00:00
157658,UNITYBNK,2021-10-08,0.56,,,0.56,3042036.0,2026-04-08T03:44:42.63936+00:00
157766,UNITYBNK,2021-10-11,0.56,,,0.56,280108.0,2026-04-08T03:44:47.21782+00:00
157874,UNITYBNK,2021-10-12,0.58,,,0.58,2324539.0,2026-04-08T03:44:49.55017+00:00
157982,UNITYBNK,2021-10-13,0.58,,,0.58,1249090.0,2026-04-08T03:44:52.157785+00:00
158090,UNITYBNK,2021-10-14,0.56,,,0.56,1433301.0,2026-04-08T03:44:54.53471+00:00
158198,UNITYBNK,2021-10-15,0.56,,,0.56,423498.0,2026-04-08T03:44:56.91657+00:00
158307,UNITYBNK,2021-10-18,0.57,,,0.57,137024.0,2026-04-08T03:45:01.595863+00:00
158416,UNITYBNK,2021-10-20,0.57,,,0.57,10110.0,2026-04-08T03:45:05.471144+00:00
158525,UNITYBNK,2021-10-21,0.55,,,0.55,398282.0,2026-04-08T03:45:08.008029+00:00
158632,UNITYBNK,2021-10-22,0.55,,,0.55,45359.0,2026-04-08T03:45:10.474564+00:00
158741,UNITYBNK,2021-10-25,0.57,,,0.57,849822.0,2026-04-08T03:45:15.28358+00:00
158850,UNITYBNK,2021-10-26,0.55,,,0.55,562504.0,2026-04-08T03:45:17.74539+00:00
158959,UNITYBNK,2021-10-27,0.55,,,0.55,243168.0,2026-04-08T03:45:20.303823+00:00
159068,UNITYBNK,2021-10-28,0.57,,,0.57,553755.0,2026-04-08T03:45:22.610226+00:00
159177,UNITYBNK,2021-10-29,0.56,,,0.56,751345.0,2026-04-08T03:45:25.013779+00:00
159286,UNITYBNK,2021-11-01,0.58,,,0.58,619665.0,2026-04-08T03:45:29.747778+00:00
159395,UNITYBNK,2021-11-02,0.54,,,0.54,350044.0,2026-04-08T03:45:32.292585+00:00
159504,UNITYBNK,2021-11-03,0.54,,,0.54,107087.0,2026-04-08T03:45:34.604091+00:00
159613,UNITYBNK,2021-11-04,0.53,,,0.53,455289.0,2026-04-08T03:45:37.086301+00:00
159722,UNITYBNK,2021-11-05,0.55,,,0.55,842025.0,2026-04-08T03:45:39.522081+00:00
159831,UNITYBNK,2021-11-08,0.55,,,0.55,1379474.0,2026-04-08T03:45:44.061968+00:00
159940,UNITYBNK,2021-11-10,0.55,,,0.55,111111.0,2026-04-08T03:45:47.530577+00:00
160049,UNITYBNK,2021-11-11,0.59,,,0.59,1128721.0,2026-04-08T03:45:49.990111+00:00
160158,UNITYBNK,2021-11-12,0.59,,,0.59,39327.0,2026-04-08T03:45:52.531373+00:00
160267,UNITYBNK,2021-11-15,0.59,,,0.59,156411.0,2026-04-08T03:45:57.041913+00:00
160376,UNITYBNK,2021-11-17,0.54,,,0.54,9508750.0,2026-04-08T03:46:00.536124+00:00
160485,UNITYBNK,2021-11-18,0.5,,,0.5,6150171.0,2026-04-08T03:46:03.012698+00:00
160594,UNITYBNK,2021-11-19,0.55,,,0.55,3925848.0,2026-04-08T03:46:05.423699+00:00
160703,UNITYBNK,2021-11-22,0.55,,,0.55,246978.0,2026-04-08T03:46:10.306395+00:00
160812,UNITYBNK,2021-11-23,0.55,,,0.55,100000.0,2026-04-08T03:46:12.888041+00:00
160921,UNITYBNK,2021-11-24,0.55,,,0.55,122981.0,2026-04-08T03:46:15.261589+00:00
161030,UNITYBNK,2021-11-25,0.51,,,0.51,4491043.0,2026-04-08T03:46:17.544601+00:00
161139,UNITYBNK,2021-11-29,0.53,,,0.53,966384.0,2026-04-08T03:46:23.244686+00:00
161248,UNITYBNK,2021-11-30,0.52,,,0.52,554100.0,2026-04-08T03:46:25.627389+00:00
161357,UNITYBNK,2021-12-01,0.51,,,0.51,212960.0,2026-04-08T03:46:28.190956+00:00
161466,UNITYBNK,2021-12-02,0.53,,,0.53,351700.0,2026-04-08T03:46:30.651544+00:00
161575,UNITYBNK,2021-12-03,0.51,,,0.51,799846.0,2026-04-08T03:46:33.124129+00:00
161684,UNITYBNK,2021-12-06,0.49,,,0.49,1972040.0,2026-04-08T03:46:37.622095+00:00
161793,UNITYBNK,2021-12-07,0.48,,,0.48,2512637.0,2026-04-08T03:46:39.947423+00:00
161902,UNITYBNK,2021-12-08,0.48,,,0.48,2664051.0,2026-04-08T03:46:42.482337+00:00
162011,UNITYBNK,2021-12-09,0.46,,,0.46,26462437.0,2026-04-08T03:46:44.852467+00:00
162120,UNITYBNK,2021-12-10,0.43,,,0.43,29957592.0,2026-04-08T03:46:47.321476+00:00
162230,UNITYBNK,2021-12-13,0.44,,,0.44,48316045.0,2026-04-08T03:46:51.775824+00:00
162340,UNITYBNK,2021-12-14,0.47,,,0.47,25225217.0,2026-04-08T03:46:54.126877+00:00
162450,UNITYBNK,2021-12-15,0.46,,,0.46,5883351.0,2026-04-08T03:46:56.822916+00:00
162560,UNITYBNK,2021-12-16,0.45,,,0.45,6775278.0,2026-04-08T03:46:59.215115+00:00
162670,UNITYBNK,2021-12-17,0.45,,,0.45,4327220.0,2026-04-08T03:47:01.752329+00:00
162781,UNITYBNK,2021-12-20,0.47,,,0.47,2791677.0,2026-04-08T03:47:06.293287+00:00
162892,UNITYBNK,2021-12-21,0.45,,,0.45,2182081.0,2026-04-08T03:47:08.729464+00:00
163003,UNITYBNK,2021-12-22,0.46,,,0.46,2569655.0,2026-04-08T03:47:11.106283+00:00
163114,UNITYBNK,2021-12-23,0.48,,,0.48,7971414.0,2026-04-08T03:47:13.420215+00:00
163225,UNITYBNK,2021-12-24,0.48,,,0.48,659201.0,2026-04-08T03:47:15.708642+00:00
163336,UNITYBNK,2021-12-29,0.48,,,0.48,996989.0,2026-04-08T03:47:22.624079+00:00
163447,UNITYBNK,2021-12-30,0.52,,,0.52,8252075.0,2026-04-08T03:47:25.019388+00:00
163558,UNITYBNK,2021-12-31,0.54,,,0.54,2493919.0,2026-04-08T03:47:27.803632+00:00
163669,UNITYBNK,2022-01-04,0.52,,,0.52,6393479.0,2026-04-08T03:47:33.190226+00:00
163781,UNITYBNK,2022-01-05,0.47,,,0.47,7906038.0,2026-04-08T03:47:35.481449+00:00
163893,UNITYBNK,2022-01-06,0.47,,,0.47,78377.0,2026-04-08T03:47:38.067383+00:00
164005,UNITYBNK,2022-01-07,0.5,,,0.5,2094402.0,2026-04-08T03:47:40.483305+00:00
164117,UNITYBNK,2022-01-10,0.49,,,0.49,1809520.0,2026-04-08T03:47:45.097739+00:00
164229,UNITYBNK,2022-01-11,0.46,,,0.46,3235387.0,2026-04-08T03:47:47.617941+00:00
164341,UNITYBNK,2022-01-12,0.5,,,0.5,1026036.0,2026-04-08T03:47:50.132225+00:00
164453,UNITYBNK,2022-01-13,0.5,,,0.5,5214827.0,2026-04-08T03:47:52.673244+00:00
164565,UNITYBNK,2022-01-14,0.49,,,0.49,1252850.0,2026-04-08T03:47:55.308832+00:00
164677,UNITYBNK,2022-01-17,0.48,,,0.48,579270.0,2026-04-08T03:47:59.999655+00:00
164789,UNITYBNK,2022-01-18,0.49,,,0.49,4200652.0,2026-04-08T03:48:02.353596+00:00
164901,UNITYBNK,2022-01-19,0.48,,,0.48,1429341.0,2026-04-08T03:48:04.820784+00:00
165013,UNITYBNK,2022-01-20,0.51,,,0.51,2881941.0,2026-04-08T03:48:07.325935+00:00
165125,UNITYBNK,2022-01-21,0.5,,,0.5,566833.0,2026-04-08T03:48:09.696329+00:00
165237,UNITYBNK,2022-01-24,0.49,,,0.49,613388.0,2026-04-08T03:48:14.136661+00:00
165349,UNITYBNK,2022-01-25,0.49,,,0.49,185830.0,2026-04-08T03:48:16.50614+00:00
165461,UNITYBNK,2022-01-26,0.49,,,0.49,1009113.0,2026-04-08T03:48:19.024911+00:00
165573,UNITYBNK,2022-01-27,0.49,,,0.49,510900.0,2026-04-08T03:48:21.585909+00:00
165685,UNITYBNK,2022-01-28,0.49,,,0.49,1531346.0,2026-04-08T03:48:23.969021+00:00
165797,UNITYBNK,2022-01-31,0.51,,,0.51,3930441.0,2026-04-08T03:48:28.465348+00:00
165909,UNITYBNK,2022-02-01,0.53,,,0.53,2289921.0,2026-04-08T03:48:30.807911+00:00
166021,UNITYBNK,2022-02-02,0.53,,,0.53,2243290.0,2026-04-08T03:48:33.305516+00:00
166133,UNITYBNK,2022-02-03,0.51,,,0.51,12735135.0,2026-04-08T03:48:35.918914+00:00
166245,UNITYBNK,2022-02-04,0.5,,,0.5,5011745.0,2026-04-08T03:48:38.317721+00:00
166357,UNITYBNK,2022-02-07,0.5,,,0.5,1788578.0,2026-04-08T03:48:42.904693+00:00
166469,UNITYBNK,2022-02-08,0.5,,,0.5,208850.0,2026-04-08T03:48:45.378139+00:00
166581,UNITYBNK,2022-02-09,0.49,,,0.49,416800.0,2026-04-08T03:48:48.035665+00:00
166693,UNITYBNK,2022-02-10,0.49,,,0.49,8975093.0,2026-04-08T03:48:50.398564+00:00
166805,UNITYBNK,2022-02-11,0.5,,,0.5,2454608.0,2026-04-08T03:48:52.774016+00:00
166917,UNITYBNK,2022-02-14,0.48,,,0.48,1615845.0,2026-04-08T03:48:57.293433+00:00
167029,UNITYBNK,2022-02-15,0.5,,,0.5,1071485.0,2026-04-08T03:48:59.662493+00:00
167141,UNITYBNK,2022-02-16,0.51,,,0.51,171920.0,2026-04-08T03:49:02.003783+00:00
167253,UNITYBNK,2022-02-17,0.49,,,0.49,1230278.0,2026-04-08T03:49:04.32656+00:00
167365,UNITYBNK,2022-02-18,0.51,,,0.51,670532.0,2026-04-08T03:49:06.711382+00:00
167477,UNITYBNK,2022-02-21,0.51,,,0.51,165060.0,2026-04-08T03:49:10.978464+00:00
167589,UNITYBNK,2022-02-22,0.5,,,0.5,2654223.0,2026-04-08T03:49:13.528869+00:00
167701,UNITYBNK,2022-02-23,0.49,,,0.49,1298108.0,2026-04-08T03:49:15.914345+00:00
167813,UNITYBNK,2022-02-24,0.49,,,0.49,1182332.0,2026-04-08T03:49:18.676795+00:00
167925,UNITYBNK,2022-02-25,0.5,,,0.5,505118.0,2026-04-08T03:49:21.264729+00:00
168037,UNITYBNK,2022-02-28,0.5,,,0.5,2140473.0,2026-04-08T03:49:25.620712+00:00
168149,UNITYBNK,2022-03-01,0.5,,,0.5,1548499.0,2026-04-08T03:49:28.049171+00:00
168261,UNITYBNK,2022-03-02,0.49,,,0.49,1186612.0,2026-04-08T03:49:30.283109+00:00
168373,UNITYBNK,2022-03-03,0.5,,,0.5,264688.0,2026-04-08T03:49:32.551227+00:00
168485,UNITYBNK,2022-03-04,0.49,,,0.49,908314.0,2026-04-08T03:49:34.968546+00:00
168597,UNITYBNK,2022-03-07,0.5,,,0.5,2856234.0,2026-04-08T03:49:39.227432+00:00
168709,UNITYBNK,2022-03-08,0.51,,,0.51,525278217.0,2026-04-08T03:49:41.475537+00:00
168821,UNITYBNK,2022-03-09,0.51,,,0.51,115310.0,2026-04-08T03:49:43.759827+00:00
168933,UNITYBNK,2022-03-10,0.5,,,0.5,227900.0,2026-04-08T03:49:46.077826+00:00
169045,UNITYBNK,2022-03-11,0.5,,,0.5,11126.0,2026-04-08T03:49:48.438529+00:00
169157,UNITYBNK,2022-03-14,0.5,,,0.5,350435.0,2026-04-08T03:49:53.114563+00:00
169269,UNITYBNK,2022-03-15,0.48,,,0.48,486823.0,2026-04-08T03:49:55.533531+00:00
169381,UNITYBNK,2022-03-16,0.5,,,0.5,1209202.0,2026-04-08T03:49:57.903122+00:00
169493,UNITYBNK,2022-03-17,0.5,,,0.5,28163.0,2026-04-08T03:50:00.211329+00:00
169605,UNITYBNK,2022-03-18,0.5,,,0.5,63070.0,2026-04-08T03:50:02.865266+00:00
169717,UNITYBNK,2022-03-21,0.5,,,0.5,135874.0,2026-04-08T03:50:07.476142+00:00
169829,UNITYBNK,2022-03-24,0.48,,,0.48,50300.0,2026-04-08T03:50:12.041871+00:00
169941,UNITYBNK,2022-03-25,0.49,,,0.49,372358.0,2026-04-08T03:50:14.507747+00:00
170053,UNITYBNK,2022-03-28,0.45,,,0.45,5684864.0,2026-04-08T03:50:18.995306+00:00
170165,UNITYBNK,2022-03-29,0.45,,,0.45,4404731.0,2026-04-08T03:50:21.48252+00:00
170277,UNITYBNK,2022-03-31,0.47,,,0.47,859319.0,2026-04-08T03:50:25.686443+00:00
170389,UNITYBNK,2022-04-01,0.44,,,0.44,1231906.0,2026-04-08T03:50:28.209626+00:00
170501,UNITYBNK,2022-04-04,0.48,,,0.48,2403444.0,2026-04-08T03:50:32.692631+00:00
170613,UNITYBNK,2022-04-05,0.47,,,0.47,196947.0,2026-04-08T03:50:35.152392+00:00
170725,UNITYBNK,2022-04-06,0.45,,,0.45,1802664.0,2026-04-08T03:50:37.478667+00:00
170837,UNITYBNK,2022-04-07,0.45,,,0.45,38478.0,2026-04-08T03:50:39.880974+00:00
170949,UNITYBNK,2022-04-08,0.47,,,0.47,766006.0,2026-04-08T03:50:42.48638+00:00
171061,UNITYBNK,2022-04-11,0.46,,,0.46,1228335.0,2026-04-08T03:50:47.197044+00:00
171173,UNITYBNK,2022-04-12,0.46,,,0.46,2638640.0,2026-04-08T03:50:49.473284+00:00
171285,UNITYBNK,2022-04-13,0.46,,,0.46,129994.0,2026-04-08T03:50:51.878986+00:00
171397,UNITYBNK,2022-04-14,0.47,,,0.47,2344794.0,2026-04-08T03:50:54.439705+00:00
171509,UNITYBNK,2022-04-19,0.48,,,0.48,513564.0,2026-04-08T03:51:01.439974+00:00
171621,UNITYBNK,2022-04-20,0.48,,,0.48,265905.0,2026-04-08T03:51:03.698116+00:00
171733,UNITYBNK,2022-04-21,0.49,,,0.49,3042912.0,2026-04-08T03:51:06.083072+00:00
171845,UNITYBNK,2022-04-22,0.5,,,0.5,604448.0,2026-04-08T03:51:08.393199+00:00
171957,UNITYBNK,2022-04-25,0.47,,,0.47,140079.0,2026-04-08T03:51:12.880327+00:00
172069,UNITYBNK,2022-04-26,0.5,,,0.5,1095336.0,2026-04-08T03:51:15.284155+00:00
172181,UNITYBNK,2022-04-27,0.5,,,0.5,560671.0,2026-04-08T03:51:17.680395+00:00
172293,UNITYBNK,2022-04-28,0.49,,,0.49,2362789.0,2026-04-08T03:51:20.413235+00:00
172405,UNITYBNK,2022-04-29,0.5,,,0.5,1224616.0,2026-04-08T03:51:22.882631+00:00
172517,UNITYBNK,2022-05-04,0.52,,,0.52,1068832.0,2026-04-08T03:51:29.674847+00:00
172629,UNITYBNK,2022-05-05,0.5,,,0.5,1419046.0,2026-04-08T03:51:32.050072+00:00
172742,UNITYBNK,2022-05-09,0.52,,,0.52,3639301.0,2026-04-08T03:51:37.853933+00:00
172855,UNITYBNK,2022-05-10,0.53,,,0.53,4389133.0,2026-04-08T03:51:40.332012+00:00
172968,UNITYBNK,2022-05-11,0.54,,,0.54,1962357.0,2026-04-08T03:51:42.74313+00:00
173081,UNITYBNK,2022-05-12,0.54,,,0.54,3937149.0,2026-04-08T03:51:45.11326+00:00
173194,UNITYBNK,2022-05-13,0.54,,,0.54,1509025.0,2026-04-08T03:51:47.585464+00:00
173307,UNITYBNK,2022-05-16,0.51,,,0.51,3335135.0,2026-04-08T03:51:52.042574+00:00
173420,UNITYBNK,2022-05-17,0.51,,,0.51,33280.0,2026-04-08T03:51:54.492158+00:00
173533,UNITYBNK,2022-05-18,0.51,,,0.51,224977.0,2026-04-08T03:51:57.297116+00:00
173646,UNITYBNK,2022-05-19,0.5,,,0.5,1609307.0,2026-04-08T03:51:59.624655+00:00
173759,UNITYBNK,2022-05-20,0.5,,,0.5,202595.0,2026-04-08T03:52:02.40298+00:00
173872,UNITYBNK,2022-05-23,0.5,,,0.5,251306.0,2026-04-08T03:52:07.648814+00:00
173985,UNITYBNK,2022-05-24,0.48,,,0.48,2140047.0,2026-04-08T03:52:10.277037+00:00
174098,UNITYBNK,2022-05-25,0.48,,,0.48,1425176.0,2026-04-08T03:52:13.066486+00:00
174211,UNITYBNK,2022-05-26,0.48,,,0.48,53147.0,2026-04-08T03:52:15.508934+00:00
174324,UNITYBNK,2022-05-27,0.48,,,0.48,596618.0,2026-04-08T03:52:18.156913+00:00
174437,UNITYBNK,2022-05-30,0.48,,,0.48,178433.0,2026-04-08T03:52:22.656757+00:00
174550,UNITYBNK,2022-05-31,0.49,,,0.49,2644565.0,2026-04-08T03:52:25.114026+00:00
174663,UNITYBNK,2022-06-01,0.49,,,0.49,375657.0,2026-04-08T03:52:27.834682+00:00
174776,UNITYBNK,2022-06-02,0.49,,,0.49,163024.0,2026-04-08T03:52:30.493727+00:00
174889,UNITYBNK,2022-06-03,0.49,,,0.49,655953.0,2026-04-08T03:52:33.10221+00:00
175002,UNITYBNK,2022-06-06,0.49,,,0.49,106221.0,2026-04-08T03:52:37.969718+00:00
175115,UNITYBNK,2022-06-07,0.49,,,0.49,44199.0,2026-04-08T03:52:40.734023+00:00
175228,UNITYBNK,2022-06-08,0.47,,,0.47,829889.0,2026-04-08T03:52:43.634804+00:00
175341,UNITYBNK,2022-06-09,0.47,,,0.47,763102.0,2026-04-08T03:52:46.431396+00:00
175454,UNITYBNK,2022-06-10,0.47,,,0.47,609026.0,2026-04-08T03:52:48.916453+00:00
175567,UNITYBNK,2022-06-14,0.47,,,0.47,328415.0,2026-04-08T03:52:55.08065+00:00
175680,UNITYBNK,2022-06-15,0.48,,,0.48,122525.0,2026-04-08T03:52:57.782204+00:00
175793,UNITYBNK,2022-06-16,0.48,,,0.48,120532.0,2026-04-08T03:53:00.45527+00:00
175906,UNITYBNK,2022-06-17,0.47,,,0.47,961065.0,2026-04-08T03:53:03.647185+00:00
176019,UNITYBNK,2022-06-20,0.47,,,0.47,62364.0,2026-04-08T03:53:09.449588+00:00
176132,UNITYBNK,2022-06-21,0.47,,,0.47,8119.0,2026-04-08T03:53:11.833027+00:00
176245,UNITYBNK,2022-06-22,0.49,,,0.49,278952.0,2026-04-08T03:53:14.63862+00:00
176358,UNITYBNK,2022-06-23,0.49,,,0.49,52600.0,2026-04-08T03:53:17.250825+00:00
176471,UNITYBNK,2022-06-24,0.45,,,0.45,5363370.0,2026-04-08T03:53:19.718295+00:00
176584,UNITYBNK,2022-06-27,0.45,,,0.45,14078.0,2026-04-08T03:53:24.073012+00:00
176697,UNITYBNK,2022-06-28,0.45,,,0.45,9385.0,2026-04-08T03:53:26.399159+00:00
176810,UNITYBNK,2022-06-29,0.45,,,0.45,2675470.0,2026-04-08T03:53:28.994117+00:00
176923,UNITYBNK,2022-06-30,0.45,,,0.45,9601.0,2026-04-08T03:53:31.346855+00:00
177036,UNITYBNK,2022-07-01,0.45,,,0.45,72857.0,2026-04-08T03:53:33.724657+00:00
177149,UNITYBNK,2022-07-04,0.42,,,0.42,2197783.0,2026-04-08T03:53:38.198731+00:00
177262,UNITYBNK,2022-07-06,0.47,,,0.47,1377648.0,2026-04-08T03:53:41.625349+00:00
177375,UNITYBNK,2022-07-07,0.49,,,0.49,639976.0,2026-04-08T03:53:44.268487+00:00
177488,UNITYBNK,2022-07-13,0.45,,,0.45,2942830.0,2026-04-08T03:53:51.5999+00:00
177601,UNITYBNK,2022-07-14,0.45,,,0.45,1609074.0,2026-04-08T03:53:54.010732+00:00
177714,UNITYBNK,2022-07-15,0.45,,,0.45,39426.0,2026-04-08T03:53:56.616585+00:00
177827,UNITYBNK,2022-07-18,0.45,,,0.45,1237977.0,2026-04-08T03:54:01.214275+00:00
177940,UNITYBNK,2022-07-19,0.44,,,0.44,275948.0,2026-04-08T03:54:03.665978+00:00
178053,UNITYBNK,2022-07-20,0.44,,,0.44,89728.0,2026-04-08T03:54:06.203384+00:00
178166,UNITYBNK,2022-07-21,0.42,,,0.42,2031854.0,2026-04-08T03:54:08.685258+00:00
178279,UNITYBNK,2022-07-22,0.42,,,0.42,70446.0,2026-04-08T03:54:11.171489+00:00
178392,UNITYBNK,2022-07-25,0.45,,,0.45,233172.0,2026-04-08T03:54:15.900169+00:00
178505,UNITYBNK,2022-07-26,0.43,,,0.43,1016005.0,2026-04-08T03:54:18.382379+00:00
178618,UNITYBNK,2022-07-27,0.43,,,0.43,2343941.0,2026-04-08T03:54:20.730044+00:00
178731,UNITYBNK,2022-07-28,0.41,,,0.41,608978.0,2026-04-08T03:54:23.385493+00:00
178844,UNITYBNK,2022-07-29,0.43,,,0.43,575640.0,2026-04-08T03:54:25.692024+00:00
178957,UNITYBNK,2022-08-01,0.47,,,0.47,376809.0,2026-04-08T03:54:30.144665+00:00
179070,UNITYBNK,2022-08-02,0.47,,,0.47,200835.0,2026-04-08T03:54:32.509592+00:00
179183,UNITYBNK,2022-08-03,0.45,,,0.45,3653315.0,2026-04-08T03:54:34.924873+00:00
179296,UNITYBNK,2022-08-04,0.43,,,0.43,2078600.0,2026-04-08T03:54:37.32089+00:00
179409,UNITYBNK,2022-08-05,0.43,,,0.43,325269.0,2026-04-08T03:54:40.805957+00:00
179522,UNITYBNK,2022-08-08,0.43,,,0.43,123355.0,2026-04-08T03:54:45.81173+00:00
179635,UNITYBNK,2022-08-09,0.43,,,0.43,135358.0,2026-04-08T03:54:48.637408+00:00
179748,UNITYBNK,2022-08-10,0.43,,,0.43,46454.0,2026-04-08T03:54:51.561754+00:00
179861,UNITYBNK,2022-08-11,0.46,,,0.46,353095.0,2026-04-08T03:54:54.196076+00:00
179974,UNITYBNK,2022-08-12,0.43,,,0.43,176791.0,2026-04-08T03:54:57.115593+00:00
180087,UNITYBNK,2022-08-15,0.45,,,0.45,297492.0,2026-04-08T03:55:01.874457+00:00
180200,UNITYBNK,2022-08-16,0.43,,,0.43,623573.0,2026-04-08T03:55:04.540652+00:00
180313,UNITYBNK,2022-08-17,0.45,,,0.45,440913.0,2026-04-08T03:55:07.214991+00:00
180426,UNITYBNK,2022-08-18,0.45,,,0.45,557098.0,2026-04-08T03:55:09.916723+00:00
180539,UNITYBNK,2022-08-19,0.45,,,0.45,360287.0,2026-04-08T03:55:12.400686+00:00
180652,UNITYBNK,2022-08-22,0.45,,,0.45,70465.0,2026-04-08T03:55:17.568382+00:00
180765,UNITYBNK,2022-08-23,0.43,,,0.43,1111091.0,2026-04-08T03:55:19.990422+00:00
180878,UNITYBNK,2022-08-24,0.42,,,0.42,2614937.0,2026-04-08T03:55:23.644905+00:00
180991,UNITYBNK,2022-08-25,0.4,,,0.4,1916505.0,2026-04-08T03:55:26.062264+00:00
181104,UNITYBNK,2022-08-26,0.42,,,0.42,374500.0,2026-04-08T03:55:28.378019+00:00
181217,UNITYBNK,2022-08-29,0.43,,,0.43,1273665.0,2026-04-08T03:55:33.185942+00:00
181330,UNITYBNK,2022-08-30,0.43,,,0.43,220294.0,2026-04-08T03:55:35.909469+00:00
181443,UNITYBNK,2022-08-31,0.43,,,0.43,33812.0,2026-04-08T03:55:38.363566+00:00
181556,UNITYBNK,2022-09-01,0.43,,,0.43,4309.0,2026-04-08T03:55:40.868139+00:00
181669,UNITYBNK,2022-09-02,0.43,,,0.43,187970.0,2026-04-08T03:55:43.232165+00:00
181782,UNITYBNK,2022-09-05,0.43,,,0.43,68392.0,2026-04-08T03:55:48.110555+00:00
181895,UNITYBNK,2022-09-06,0.43,,,0.43,1074301.0,2026-04-08T03:55:50.526892+00:00
182008,UNITYBNK,2022-09-07,0.43,,,0.43,181248.0,2026-04-08T03:55:53.051287+00:00
182121,UNITYBNK,2022-09-08,0.43,,,0.43,0.0,2026-04-08T03:55:55.74031+00:00
182234,UNITYBNK,2022-09-09,0.42,,,0.42,480244.0,2026-04-08T03:55:58.848563+00:00
182347,UNITYBNK,2022-09-12,0.42,,,0.42,59701.0,2026-04-08T03:56:03.370953+00:00
182460,UNITYBNK,2022-09-13,0.42,,,0.42,64547.0,2026-04-08T03:56:05.83654+00:00
182573,UNITYBNK,2022-09-14,0.43,,,0.43,225382.0,2026-04-08T03:56:08.091672+00:00
182686,UNITYBNK,2022-09-16,0.4,,,0.4,617107.0,2026-04-08T03:56:11.4683+00:00
182799,UNITYBNK,2022-09-19,0.4,,,0.4,7787.0,2026-04-08T03:56:15.923342+00:00
182912,UNITYBNK,2022-09-20,0.4,,,0.4,149649.0,2026-04-08T03:56:18.184056+00:00
183025,UNITYBNK,2022-09-21,0.44,,,0.44,2364417.0,2026-04-08T03:56:20.42724+00:00
183138,UNITYBNK,2022-09-22,0.44,,,0.44,288742.0,2026-04-08T03:56:22.767495+00:00
183251,UNITYBNK,2022-09-23,0.44,,,0.44,1545650.0,2026-04-08T03:56:25.066978+00:00
183364,UNITYBNK,2022-09-26,0.44,,,0.44,469001.0,2026-04-08T03:56:29.379703+00:00
183477,UNITYBNK,2022-09-28,0.44,,,0.44,90100.0,2026-04-08T03:56:32.717753+00:00
183590,UNITYBNK,2022-09-29,0.43,,,0.43,467099.0,2026-04-08T03:56:35.489047+00:00
183703,UNITYBNK,2022-09-30,0.43,,,0.43,12010.0,2026-04-08T03:56:37.947618+00:00
183816,UNITYBNK,2022-10-05,0.41,,,0.41,259754.0,2026-04-08T03:56:44.538147+00:00
183930,UNITYBNK,2022-10-06,0.41,,,0.41,317883.0,2026-04-08T03:56:46.932693+00:00
184044,UNITYBNK,2022-10-07,0.41,,,0.41,90940.0,2026-04-08T03:56:49.334037+00:00
184158,UNITYBNK,2022-10-11,0.44,,,0.44,113797.0,2026-04-08T03:56:55.029281+00:00
184272,UNITYBNK,2022-10-12,0.43,,,0.43,478997.0,2026-04-08T03:56:58.300033+00:00
184386,UNITYBNK,2022-10-13,0.43,,,0.43,16521.0,2026-04-08T03:57:00.825788+00:00
184500,UNITYBNK,2022-10-14,0.43,,,0.43,244179.0,2026-04-08T03:57:03.298348+00:00
184614,UNITYBNK,2022-10-17,0.44,,,0.44,1152675.0,2026-04-08T03:57:07.885609+00:00
184728,UNITYBNK,2022-10-18,0.46,,,0.46,686884.0,2026-04-08T03:57:10.303346+00:00
184842,UNITYBNK,2022-10-19,0.46,,,0.46,2240.0,2026-04-08T03:57:12.819589+00:00
184956,UNITYBNK,2022-10-20,0.47,,,0.47,1196254.0,2026-04-08T03:57:15.111185+00:00
185070,UNITYBNK,2022-10-21,0.46,,,0.46,2441548.0,2026-04-08T03:57:17.499968+00:00
185184,UNITYBNK,2022-10-24,0.46,,,0.46,83670.0,2026-04-08T03:57:21.686266+00:00
185298,UNITYBNK,2022-10-26,0.46,,,0.46,9212.0,2026-04-08T03:57:24.913682+00:00
185412,UNITYBNK,2022-10-27,0.46,,,0.46,969.0,2026-04-08T03:57:27.260544+00:00
185526,UNITYBNK,2022-10-28,0.46,,,0.46,104612.0,2026-04-08T03:57:29.835926+00:00
185640,UNITYBNK,2022-10-31,0.46,,,0.46,73511.0,2026-04-08T03:57:34.21591+00:00
185754,UNITYBNK,2022-11-01,0.45,,,0.45,248806.0,2026-04-08T03:57:36.609373+00:00
185868,UNITYBNK,2022-11-02,0.42,,,0.42,654628.0,2026-04-08T03:57:39.066556+00:00
185982,UNITYBNK,2022-11-03,0.42,,,0.42,130063.0,2026-04-08T03:57:41.442199+00:00
186096,UNITYBNK,2022-11-04,0.42,,,0.42,29240.0,2026-04-08T03:57:43.70904+00:00
186210,UNITYBNK,2022-11-08,0.44,,,0.44,441448.0,2026-04-08T03:57:49.123122+00:00
186324,UNITYBNK,2022-11-09,0.48,,,0.48,2658395.0,2026-04-08T03:57:51.464602+00:00
186438,UNITYBNK,2022-11-10,0.52,,,0.52,6012203.0,2026-04-08T03:57:54.291842+00:00
186552,UNITYBNK,2022-11-11,0.57,,,0.57,7493790.0,2026-04-08T03:57:56.704911+00:00
186666,UNITYBNK,2022-11-14,0.54,,,0.54,10175240.0,2026-04-08T03:58:01.331373+00:00
186780,UNITYBNK,2022-11-15,0.52,,,0.52,3130500.0,2026-04-08T03:58:03.6444+00:00
186894,UNITYBNK,2022-11-16,0.49,,,0.49,7264810.0,2026-04-08T03:58:06.118311+00:00
187008,UNITYBNK,2022-11-17,0.49,,,0.49,125000.0,2026-04-08T03:58:08.47049+00:00
187122,UNITYBNK,2022-11-18,0.5,,,0.5,719323.0,2026-04-08T03:58:10.955275+00:00
187236,UNITYBNK,2022-11-21,0.52,,,0.52,442549.0,2026-04-08T03:58:15.672507+00:00
187350,UNITYBNK,2022-11-22,0.52,,,0.52,3786974.0,2026-04-08T03:58:18.170118+00:00
187464,UNITYBNK,2022-11-24,0.53,,,0.53,1318228.0,2026-04-08T03:58:21.692503+00:00
187578,UNITYBNK,2022-11-25,0.53,,,0.53,1547544.0,2026-04-08T03:58:24.033539+00:00
187692,UNITYBNK,2022-11-28,0.57,,,0.57,769139.0,2026-04-08T03:58:28.532723+00:00
187806,UNITYBNK,2022-11-29,0.57,,,0.57,206905.0,2026-04-08T03:58:30.983113+00:00
187920,UNITYBNK,2022-11-30,0.57,,,0.57,1829086.0,2026-04-08T03:58:33.448849+00:00
188034,UNITYBNK,2022-12-01,0.57,,,0.57,33800.0,2026-04-08T03:58:35.664261+00:00
188149,UNITYBNK,2022-12-02,0.57,,,0.57,133468.0,2026-04-08T03:58:37.897027+00:00
188263,UNITYBNK,2022-12-05,0.57,,,0.57,91297.0,2026-04-08T03:58:42.456795+00:00
188377,UNITYBNK,2022-12-06,0.57,,,0.57,112349.0,2026-04-08T03:58:44.756119+00:00
188491,UNITYBNK,2022-12-07,0.53,,,0.53,300112.0,2026-04-08T03:58:47.196669+00:00
188605,UNITYBNK,2022-12-08,0.54,,,0.54,267586.0,2026-04-08T03:58:49.52806+00:00
188719,UNITYBNK,2022-12-09,0.49,,,0.49,202250.0,2026-04-08T03:58:51.902427+00:00
188833,UNITYBNK,2022-12-12,0.49,,,0.49,46527.0,2026-04-08T03:58:56.156124+00:00
188947,UNITYBNK,2022-12-13,0.49,,,0.49,18614.0,2026-04-08T03:58:58.485404+00:00
189061,UNITYBNK,2022-12-14,0.5,,,0.5,830084.0,2026-04-08T03:59:00.851945+00:00
189175,UNITYBNK,2022-12-15,0.5,,,0.5,1989589.0,2026-04-08T03:59:03.086647+00:00
189289,UNITYBNK,2022-12-16,0.5,,,0.5,19457.0,2026-04-08T03:59:05.5442+00:00
189403,UNITYBNK,2022-12-19,0.5,,,0.5,68733.0,2026-04-08T03:59:09.806719+00:00
189517,UNITYBNK,2022-12-20,0.5,,,0.5,2800.0,2026-04-08T03:59:12.630732+00:00
189631,UNITYBNK,2022-12-21,0.5,,,0.5,698400.0,2026-04-08T03:59:14.990319+00:00
189745,UNITYBNK,2022-12-22,0.5,,,0.5,220003.0,2026-04-08T03:59:17.229229+00:00
189859,UNITYBNK,2022-12-23,0.5,,,0.5,9500.0,2026-04-08T03:59:19.674012+00:00
189973,UNITYBNK,2022-12-28,0.5,,,0.5,639048.0,2026-04-08T03:59:26.406492+00:00
190087,UNITYBNK,2022-12-30,0.55,,,0.55,1124942.0,2026-04-08T03:59:29.796579+00:00
190201,UNITYBNK,2023-01-04,0.55,,,0.55,1674158.0,2026-04-08T03:59:36.276207+00:00
190315,UNITYBNK,2023-01-05,0.56,,,0.56,576270.0,2026-04-08T03:59:38.771807+00:00
190429,UNITYBNK,2023-01-06,0.55,,,0.55,307980.0,2026-04-08T03:59:41.229635+00:00
190543,UNITYBNK,2023-01-09,0.55,,,0.55,48478.0,2026-04-08T03:59:45.608271+00:00
190657,UNITYBNK,2023-01-10,0.56,,,0.56,200200.0,2026-04-08T03:59:47.862187+00:00
190771,UNITYBNK,2023-01-11,0.56,,,0.56,63146.0,2026-04-08T03:59:50.211712+00:00
190885,UNITYBNK,2023-01-12,0.56,,,0.56,6877.0,2026-04-08T03:59:52.676239+00:00
190999,UNITYBNK,2023-01-13,0.58,,,0.58,895908.0,2026-04-08T03:59:55.073566+00:00
191113,UNITYBNK,2023-01-17,0.55,,,0.55,244305.0,2026-04-08T04:00:00.52991+00:00
191227,UNITYBNK,2023-01-18,0.58,,,0.58,1905557.0,2026-04-08T04:00:02.930508+00:00
191341,UNITYBNK,2023-01-19,0.56,,,0.56,1229156.0,2026-04-08T04:00:05.157464+00:00
191455,UNITYBNK,2023-01-20,0.58,,,0.58,2652045.0,2026-04-08T04:00:07.441529+00:00
191569,UNITYBNK,2023-01-23,0.55,,,0.55,1566288.0,2026-04-08T04:00:11.934625+00:00
191683,UNITYBNK,2023-01-24,0.55,,,0.55,955753.0,2026-04-08T04:00:14.448563+00:00
191797,UNITYBNK,2023-01-25,0.55,,,0.55,57289.0,2026-04-08T04:00:16.660222+00:00
191911,UNITYBNK,2023-01-26,0.55,,,0.55,484116.0,2026-04-08T04:00:19.02129+00:00
192025,UNITYBNK,2023-01-27,0.55,,,0.55,223913.0,2026-04-08T04:00:21.366865+00:00
192139,UNITYBNK,2023-01-30,0.55,,,0.55,15415.0,2026-04-08T04:00:26.318741+00:00
192253,UNITYBNK,2023-01-31,0.5,,,0.5,10879304.0,2026-04-08T04:00:28.560212+00:00
192367,UNITYBNK,2023-02-06,0.55,,,0.55,832316.0,2026-04-08T04:00:36.14931+00:00
192481,UNITYBNK,2023-02-07,0.53,,,0.53,2024065.0,2026-04-08T04:00:38.379875+00:00
192595,UNITYBNK,2023-02-08,0.53,,,0.53,100417.0,2026-04-08T04:00:40.736361+00:00
192709,UNITYBNK,2023-02-09,0.53,,,0.53,9381.0,2026-04-08T04:00:43.03687+00:00
192823,UNITYBNK,2023-02-10,0.53,,,0.53,1230577.0,2026-04-08T04:00:46.517744+00:00
192937,UNITYBNK,2023-02-13,0.53,,,0.53,157966.0,2026-04-08T04:00:50.958429+00:00
193051,UNITYBNK,2023-02-14,0.51,,,0.51,211624.0,2026-04-08T04:00:53.400398+00:00
193165,UNITYBNK,2023-02-15,0.51,,,0.51,343434.0,2026-04-08T04:00:55.645789+00:00
193279,UNITYBNK,2023-02-16,0.51,,,0.51,122560.0,2026-04-08T04:00:58.043326+00:00
193393,UNITYBNK,2023-02-17,0.51,,,0.51,46470.0,2026-04-08T04:01:00.355798+00:00
193507,UNITYBNK,2023-02-20,0.5,,,0.5,437875.0,2026-04-08T04:01:04.633293+00:00
193621,UNITYBNK,2023-02-21,0.5,,,0.5,150102.0,2026-04-08T04:01:06.910783+00:00
193735,UNITYBNK,2023-02-22,0.5,,,0.5,21006.0,2026-04-08T04:01:09.421576+00:00
193849,UNITYBNK,2023-02-23,0.5,,,0.5,169020.0,2026-04-08T04:01:11.765387+00:00
193963,UNITYBNK,2023-02-24,0.5,,,0.5,324080.0,2026-04-08T04:01:14.12415+00:00
194077,UNITYBNK,2023-02-27,0.5,,,0.5,0.0,2026-04-08T04:01:18.463572+00:00
194191,UNITYBNK,2023-02-28,0.53,,,0.53,226675.0,2026-04-08T04:01:20.671303+00:00
194305,UNITYBNK,2023-03-01,0.55,,,0.55,146208.0,2026-04-08T04:01:23.068989+00:00
194419,UNITYBNK,2023-03-02,0.57,,,0.57,567379.0,2026-04-08T04:01:25.352172+00:00
194533,UNITYBNK,2023-03-03,0.54,,,0.54,134952.0,2026-04-08T04:01:27.716711+00:00
194647,UNITYBNK,2023-03-06,0.59,,,0.59,2997354.0,2026-04-08T04:01:32.392486+00:00
194761,UNITYBNK,2023-03-07,0.54,,,0.54,2288310.0,2026-04-08T04:01:34.845095+00:00
194875,UNITYBNK,2023-03-08,0.55,,,0.55,340506.0,2026-04-08T04:01:37.261757+00:00
194989,UNITYBNK,2023-03-09,0.53,,,0.53,164699.0,2026-04-08T04:01:39.987396+00:00
195103,UNITYBNK,2023-03-13,0.53,,,0.53,129326.0,2026-04-08T04:01:45.627511+00:00
195217,UNITYBNK,2023-03-14,0.53,,,0.53,91.0,2026-04-08T04:01:48.257383+00:00
195331,UNITYBNK,2023-03-15,0.53,,,0.53,54745.0,2026-04-08T04:01:50.627346+00:00
195445,UNITYBNK,2023-03-16,0.53,,,0.53,10440.0,2026-04-08T04:01:53.062383+00:00
195559,UNITYBNK,2023-03-17,0.53,,,0.53,1100.0,2026-04-08T04:01:55.701252+00:00
195673,UNITYBNK,2023-03-20,0.53,,,0.53,13041.0,2026-04-08T04:01:59.933448+00:00
195787,UNITYBNK,2023-03-22,0.53,,,0.53,186955.0,2026-04-08T04:02:03.467012+00:00
195901,UNITYBNK,2023-03-23,0.53,,,0.53,12750.0,2026-04-08T04:02:05.929911+00:00
196015,UNITYBNK,2023-03-24,0.53,,,0.53,112427.0,2026-04-08T04:02:08.248632+00:00
196129,UNITYBNK,2023-03-27,0.48,,,0.48,726636.0,2026-04-08T04:02:12.564733+00:00
196243,UNITYBNK,2023-03-28,0.5,,,0.5,1761550.0,2026-04-08T04:02:14.764209+00:00
196357,UNITYBNK,2023-03-29,0.52,,,0.52,2101651.0,2026-04-08T04:02:17.140393+00:00
196471,UNITYBNK,2023-03-30,0.52,,,0.52,120596.0,2026-04-08T04:02:19.470716+00:00
196585,UNITYBNK,2023-03-31,0.51,,,0.51,176454.0,2026-04-08T04:02:21.739047+00:00
196699,UNITYBNK,2023-04-03,0.52,,,0.52,1353516.0,2026-04-08T04:02:26.060346+00:00
196813,UNITYBNK,2023-04-04,0.51,,,0.51,738817.0,2026-04-08T04:02:28.444728+00:00
196927,UNITYBNK,2023-04-05,0.51,,,0.51,120000.0,2026-04-08T04:02:30.864627+00:00
197041,UNITYBNK,2023-04-06,0.51,,,0.51,2913.0,2026-04-08T04:02:33.239626+00:00
197155,UNITYBNK,2023-04-11,0.51,,,0.51,3479962.0,2026-04-08T04:02:39.320239+00:00
197269,UNITYBNK,2023-04-12,0.53,,,0.53,1282041.0,2026-04-08T04:02:41.643197+00:00
197383,UNITYBNK,2023-04-13,0.51,,,0.51,476222.0,2026-04-08T04:02:44.360634+00:00
197497,UNITYBNK,2023-04-14,0.52,,,0.52,2938614.0,2026-04-08T04:02:47.093001+00:00
197611,UNITYBNK,2023-04-17,0.52,,,0.52,35487.0,2026-04-08T04:02:52.113012+00:00
197725,UNITYBNK,2023-04-18,0.52,,,0.52,68338.0,2026-04-08T04:02:54.97501+00:00
197839,UNITYBNK,2023-04-19,0.52,,,0.52,84531.0,2026-04-08T04:02:57.648371+00:00
197953,UNITYBNK,2023-04-20,0.52,,,0.52,16645.0,2026-04-08T04:03:00.087899+00:00
198067,UNITYBNK,2023-04-25,0.52,,,0.52,973149.0,2026-04-08T04:03:06.320111+00:00
198181,UNITYBNK,2023-04-26,0.55,,,0.55,5313262.0,2026-04-08T04:03:08.704488+00:00
198295,UNITYBNK,2023-04-27,0.54,,,0.54,4897100.0,2026-04-08T04:03:11.176222+00:00
198409,UNITYBNK,2023-04-28,0.52,,,0.52,874046.0,2026-04-08T04:03:13.757457+00:00
198523,UNITYBNK,2023-05-03,0.52,,,0.52,118182.0,2026-04-08T04:03:20.258962+00:00
198637,UNITYBNK,2023-05-04,0.53,,,0.53,808675.0,2026-04-08T04:03:22.719511+00:00
198751,UNITYBNK,2023-05-08,0.54,,,0.54,2055305.0,2026-04-08T04:03:29.045349+00:00
198865,UNITYBNK,2023-05-09,0.49,,,0.49,2936997.0,2026-04-08T04:03:32.620003+00:00
198979,UNITYBNK,2023-05-12,0.5,,,0.5,2206462.0,2026-04-08T04:03:37.286216+00:00
199093,UNITYBNK,2023-05-15,0.5,,,0.5,1563565.0,2026-04-08T04:03:41.825544+00:00
199207,UNITYBNK,2023-05-16,0.5,,,0.5,1153786.0,2026-04-08T04:03:44.244464+00:00
199321,UNITYBNK,2023-05-17,0.5,,,0.5,663793.0,2026-04-08T04:03:46.492518+00:00
199435,UNITYBNK,2023-05-18,0.5,,,0.5,218173.0,2026-04-08T04:03:48.752249+00:00
199549,UNITYBNK,2023-05-19,0.49,,,0.49,3640414.0,2026-04-08T04:03:51.139215+00:00
199663,UNITYBNK,2023-05-22,0.5,,,0.5,3179855.0,2026-04-08T04:03:55.484935+00:00
199777,UNITYBNK,2023-05-23,0.5,,,0.5,547147.0,2026-04-08T04:03:57.886867+00:00
199891,UNITYBNK,2023-05-24,0.5,,,0.5,370978.0,2026-04-08T04:04:00.334047+00:00
200005,UNITYBNK,2023-05-25,0.5,,,0.5,928952.0,2026-04-08T04:04:02.79018+00:00
200119,UNITYBNK,2023-05-26,0.49,,,0.49,570113.0,2026-04-08T04:04:05.139052+00:00
200233,UNITYBNK,2023-05-30,0.53,,,0.53,8264740.0,2026-04-08T04:04:11.011702+00:00
200347,UNITYBNK,2023-06-01,0.53,,,0.53,195335.0,2026-04-08T04:04:14.390605+00:00
200461,UNITYBNK,2023-06-02,0.5,,,0.5,1612465.0,2026-04-08T04:04:16.732653+00:00
200575,UNITYBNK,2023-06-05,0.52,,,0.52,1760533.0,2026-04-08T04:04:21.343031+00:00
200689,UNITYBNK,2023-06-06,0.56,,,0.56,4104922.0,2026-04-08T04:04:23.98223+00:00
200803,UNITYBNK,2023-06-07,0.6,,,0.6,3750252.0,2026-04-08T04:04:26.507718+00:00
200917,UNITYBNK,2023-06-08,0.66,,,0.66,7298322.0,2026-04-08T04:04:29.08401+00:00
201031,UNITYBNK,2023-06-09,0.72,,,0.72,4962998.0,2026-04-08T04:04:31.44664+00:00
201145,UNITYBNK,2023-06-13,0.79,,,0.79,10776104.0,2026-04-08T04:04:36.862505+00:00
201259,UNITYBNK,2023-06-14,0.86,,,0.86,6055704.0,2026-04-08T04:04:39.320552+00:00
201373,UNITYBNK,2023-06-15,0.93,,,0.93,24441369.0,2026-04-08T04:04:41.673534+00:00
201487,UNITYBNK,2023-06-16,1.02,,,1.02,25534598.0,2026-04-08T04:04:44.052846+00:00
201601,UNITYBNK,2023-06-19,1.12,,,1.12,7398756.0,2026-04-08T04:04:48.541112+00:00
201715,UNITYBNK,2023-06-20,1.23,,,1.23,7454838.0,2026-04-08T04:04:51.378552+00:00
201829,UNITYBNK,2023-06-21,1.35,,,1.35,11878577.0,2026-04-08T04:04:53.764277+00:00
201943,UNITYBNK,2023-06-22,1.22,,,1.22,21281100.0,2026-04-08T04:04:56.145117+00:00
202057,UNITYBNK,2023-06-26,0.99,,,0.99,5549262.0,2026-04-08T04:05:01.671465+00:00
202171,UNITYBNK,2023-06-30,1.18,,,1.18,8820436.0,2026-04-08T04:05:07.377697+00:00
202285,UNITYBNK,2023-07-03,1.29,,,1.29,5507558.0,2026-04-08T04:05:11.758079+00:00
202399,UNITYBNK,2023-07-04,1.41,,,1.41,37350952.0,2026-04-08T04:05:14.17436+00:00
202513,UNITYBNK,2023-07-05,1.35,,,1.35,9621305.0,2026-04-08T04:05:16.577423+00:00
202627,UNITYBNK,2023-07-06,1.48,,,1.48,24353133.0,2026-04-08T04:05:19.075393+00:00
202741,UNITYBNK,2023-07-07,1.62,,,1.62,18693871.0,2026-04-08T04:05:21.415756+00:00
202855,UNITYBNK,2023-07-10,1.72,,,1.72,80142936.0,2026-04-08T04:05:26.355595+00:00
202969,UNITYBNK,2023-07-11,1.89,,,1.89,34463549.0,2026-04-08T04:05:28.903538+00:00
203083,UNITYBNK,2023-07-12,1.71,,,1.71,14080671.0,2026-04-08T04:05:31.299012+00:00
203197,UNITYBNK,2023-07-14,1.39,,,1.39,5119547.0,2026-04-08T04:05:34.698751+00:00
203311,UNITYBNK,2023-07-17,1.52,,,1.52,59665747.0,2026-04-08T04:05:39.139368+00:00
203425,UNITYBNK,2023-07-19,1.48,,,1.48,3860667.0,2026-04-08T04:05:42.577032+00:00
203539,UNITYBNK,2023-07-20,1.5,,,1.5,4649006.0,2026-04-08T04:05:45.122849+00:00
203653,UNITYBNK,2023-07-21,1.65,,,1.65,18336006.0,2026-04-08T04:05:47.594805+00:00
203767,UNITYBNK,2023-07-24,1.59,,,1.59,11976220.0,2026-04-08T04:05:52.167161+00:00
203881,UNITYBNK,2023-07-25,1.57,,,1.57,8001670.0,2026-04-08T04:05:54.602351+00:00
203995,UNITYBNK,2023-07-26,1.58,,,1.58,2345511.0,2026-04-08T04:05:57.515236+00:00
204109,UNITYBNK,2023-07-27,1.45,,,1.45,4484482.0,2026-04-08T04:05:59.880161+00:00
204223,UNITYBNK,2023-07-28,1.39,,,1.39,10075915.0,2026-04-08T04:06:02.220136+00:00
204337,UNITYBNK,2023-07-31,1.3,,,1.3,8929307.0,2026-04-08T04:06:06.790851+00:00
204451,UNITYBNK,2023-08-02,1.39,,,1.39,1779120.0,2026-04-08T04:06:10.326378+00:00
204565,UNITYBNK,2023-08-03,1.46,,,1.46,2833371.0,2026-04-08T04:06:12.834218+00:00
204679,UNITYBNK,2023-08-04,1.45,,,1.45,1417023.0,2026-04-08T04:06:15.200886+00:00
204793,UNITYBNK,2023-08-07,1.41,,,1.41,600222.0,2026-04-08T04:06:19.871718+00:00
204907,UNITYBNK,2023-08-08,1.4,,,1.4,635183.0,2026-04-08T04:06:22.245918+00:00
205021,UNITYBNK,2023-08-09,1.38,,,1.38,2326886.0,2026-04-08T04:06:24.635943+00:00
205135,UNITYBNK,2023-08-10,1.35,,,1.35,1228510.0,2026-04-08T04:06:27.035398+00:00
205249,UNITYBNK,2023-08-11,1.43,,,1.43,1325060.0,2026-04-08T04:06:29.455701+00:00
205363,UNITYBNK,2023-08-14,1.4,,,1.4,1028437.0,2026-04-08T04:06:33.923569+00:00
205477,UNITYBNK,2023-08-15,1.38,,,1.38,7769137.0,2026-04-08T04:06:36.358161+00:00
205591,UNITYBNK,2023-08-16,1.34,,,1.34,3295552.0,2026-04-08T04:06:38.679915+00:00
205705,UNITYBNK,2023-08-17,1.29,,,1.29,1072235.0,2026-04-08T04:06:40.998805+00:00
205819,UNITYBNK,2023-08-18,1.29,,,1.29,360142.0,2026-04-08T04:06:43.468275+00:00
205933,UNITYBNK,2023-08-21,1.29,,,1.29,417497.0,2026-04-08T04:06:47.688711+00:00
206047,UNITYBNK,2023-08-24,1.25,,,1.25,4049609.0,2026-04-08T04:06:51.989424+00:00
206161,UNITYBNK,2023-08-25,1.21,,,1.21,8246810.0,2026-04-08T04:06:54.38475+00:00
206275,UNITYBNK,2023-08-28,1.25,,,1.25,4813634.0,2026-04-08T04:06:59.310949+00:00
206389,UNITYBNK,2023-08-29,1.25,,,1.25,6769926.0,2026-04-08T04:07:01.613742+00:00
206503,UNITYBNK,2023-08-30,1.25,,,1.25,6170664.0,2026-04-08T04:07:03.820209+00:00
206617,UNITYBNK,2023-09-01,1.22,,,1.22,12891705.0,2026-04-08T04:07:07.195585+00:00
206731,UNITYBNK,2023-09-04,1.33,,,1.33,10824926.0,2026-04-08T04:07:11.730996+00:00
206845,UNITYBNK,2023-09-05,1.3,,,1.3,3481391.0,2026-04-08T04:07:14.175893+00:00
206959,UNITYBNK,2023-09-06,1.28,,,1.28,2880992.0,2026-04-08T04:07:16.66229+00:00
207073,UNITYBNK,2023-09-07,1.3,,,1.3,1484762.0,2026-04-08T04:07:19.134101+00:00
207187,UNITYBNK,2023-09-08,1.34,,,1.34,3003016.0,2026-04-08T04:07:21.445908+00:00
207301,UNITYBNK,2023-09-11,1.21,,,1.21,14241733.0,2026-04-08T04:07:26.133096+00:00
207415,UNITYBNK,2023-09-12,1.09,,,1.09,2366191.0,2026-04-08T04:07:28.57479+00:00
207529,UNITYBNK,2023-09-13,1.17,,,1.17,10925596.0,2026-04-08T04:07:30.890589+00:00
207643,UNITYBNK,2023-09-14,1.23,,,1.23,2759835.0,2026-04-08T04:07:33.324455+00:00
207757,UNITYBNK,2023-09-15,1.24,,,1.24,1816213.0,2026-04-08T04:07:35.74244+00:00
207871,UNITYBNK,2023-09-18,1.16,,,1.16,731657.0,2026-04-08T04:07:40.292184+00:00
207985,UNITYBNK,2023-09-19,1.19,,,1.19,1604391.0,2026-04-08T04:07:42.606346+00:00
208099,UNITYBNK,2023-09-20,1.16,,,1.16,5472148.0,2026-04-08T04:07:45.004042+00:00
208213,UNITYBNK,2023-09-21,1.1,,,1.1,7260109.0,2026-04-08T04:07:47.370085+00:00
208327,UNITYBNK,2023-09-22,1.1,,,1.1,2300768.0,2026-04-08T04:07:49.898567+00:00
208441,UNITYBNK,2023-09-25,1.0,,,1.0,27790656.0,2026-04-08T04:07:54.305125+00:00
208555,UNITYBNK,2023-09-28,1.0,,,1.0,19735669.0,2026-04-08T04:07:58.898315+00:00
208669,UNITYBNK,2023-09-29,0.95,,,0.95,8431770.0,2026-04-08T04:08:01.279649+00:00
208783,UNITYBNK,2023-10-03,1.0,,,1.0,16251562.0,2026-04-08T04:08:06.721549+00:00
208897,UNITYBNK,2023-10-04,0.98,,,0.98,7645625.0,2026-04-08T04:08:09.042741+00:00
209011,UNITYBNK,2023-10-05,1.0,,,1.0,3989386.0,2026-04-08T04:08:11.600182+00:00
209126,UNITYBNK,2023-10-06,0.99,,,0.99,9519636.0,2026-04-08T04:08:14.22861+00:00
209241,UNITYBNK,2023-10-09,0.96,,,0.96,1326635.0,2026-04-08T04:08:18.740555+00:00
209356,UNITYBNK,2023-10-10,0.98,,,0.98,426194.0,2026-04-08T04:08:21.390436+00:00
209470,UNITYBNK,2023-10-12,0.98,,,0.98,1620379.0,2026-04-08T04:08:24.861957+00:00
209585,UNITYBNK,2023-10-13,0.98,,,0.98,89615.0,2026-04-08T04:08:27.376596+00:00
209700,UNITYBNK,2023-10-16,1.0,,,1.0,2518945.0,2026-04-08T04:08:32.388707+00:00
209815,UNITYBNK,2023-10-17,0.91,,,0.91,14795289.0,2026-04-08T04:08:34.738576+00:00
209930,UNITYBNK,2023-10-19,0.95,,,0.95,1984486.0,2026-04-08T04:08:38.671249+00:00
210045,UNITYBNK,2023-10-20,0.95,,,0.95,2656315.0,2026-04-08T04:08:40.967521+00:00
210160,UNITYBNK,2023-10-23,0.93,,,0.93,1931225.0,2026-04-08T04:08:45.440193+00:00
210275,UNITYBNK,2023-10-24,0.93,,,0.93,3858282.0,2026-04-08T04:08:47.71675+00:00
210390,UNITYBNK,2023-10-25,0.97,,,0.97,2825667.0,2026-04-08T04:08:50.022319+00:00
210505,UNITYBNK,2023-10-26,0.97,,,0.97,2989490.0,2026-04-08T04:08:52.472279+00:00
210620,UNITYBNK,2023-10-27,0.95,,,0.95,542446.0,2026-04-08T04:08:54.778052+00:00
210735,UNITYBNK,2023-10-30,0.95,,,0.95,804125.0,2026-04-08T04:08:59.45056+00:00
210850,UNITYBNK,2023-10-31,0.99,,,0.99,4941021.0,2026-04-08T04:09:01.914254+00:00
210965,UNITYBNK,2023-11-01,1.01,,,1.01,5215448.0,2026-04-08T04:09:04.386399+00:00
211080,UNITYBNK,2023-11-02,0.94,,,0.94,8322872.0,2026-04-08T04:09:06.696264+00:00
211195,UNITYBNK,2023-11-03,0.96,,,0.96,3718799.0,2026-04-08T04:09:09.071615+00:00
211310,UNITYBNK,2023-11-06,1.0,,,1.0,6906404.0,2026-04-08T04:09:13.59419+00:00
211425,UNITYBNK,2023-11-07,1.0,,,1.0,6256815.0,2026-04-08T04:09:15.923939+00:00
211541,UNITYBNK,2023-11-08,0.93,,,0.93,18028760.0,2026-04-08T04:09:18.177895+00:00
211657,UNITYBNK,2023-11-09,0.93,,,0.93,11433549.0,2026-04-08T04:09:20.462573+00:00
211773,UNITYBNK,2023-11-10,0.96,,,0.96,2419023.0,2026-04-08T04:09:22.644841+00:00
211889,UNITYBNK,2023-11-13,0.97,,,0.97,5953449.0,2026-04-08T04:09:27.404692+00:00
212005,UNITYBNK,2023-11-14,0.94,,,0.94,5140304.0,2026-04-08T04:09:29.775588+00:00
212121,UNITYBNK,2023-11-15,0.98,,,0.98,3052771.0,2026-04-08T04:09:32.378304+00:00
212237,UNITYBNK,2023-11-16,1.07,,,1.07,21347850.0,2026-04-08T04:09:34.916677+00:00
212353,UNITYBNK,2023-11-17,1.17,,,1.17,4002227.0,2026-04-08T04:09:37.378105+00:00
212469,UNITYBNK,2023-11-20,1.28,,,1.28,3773510.0,2026-04-08T04:09:41.830835+00:00
212585,UNITYBNK,2023-11-21,1.4,,,1.4,75441674.0,2026-04-08T04:09:44.211025+00:00
212701,UNITYBNK,2023-11-22,1.54,,,1.54,38655567.0,2026-04-08T04:09:46.526636+00:00
212817,UNITYBNK,2023-11-23,1.69,,,1.69,24044671.0,2026-04-08T04:09:48.793806+00:00
212933,UNITYBNK,2023-11-27,1.67,,,1.67,67652618.0,2026-04-08T04:09:54.316732+00:00
213050,UNITYBNK,2023-11-28,1.68,,,1.68,31252337.0,2026-04-08T04:09:57.050116+00:00
213167,UNITYBNK,2023-11-29,1.55,,,1.55,10572491.0,2026-04-08T04:09:59.54407+00:00
213284,UNITYBNK,2023-11-30,1.4,,,1.4,28678943.0,2026-04-08T04:10:01.973818+00:00
213401,UNITYBNK,2023-12-01,1.54,,,1.54,18390528.0,2026-04-08T04:10:04.46052+00:00
213518,UNITYBNK,2023-12-04,1.57,,,1.57,19144899.0,2026-04-08T04:10:08.793495+00:00
213635,UNITYBNK,2023-12-05,1.5,,,1.5,13279614.0,2026-04-08T04:10:11.104733+00:00
213752,UNITYBNK,2023-12-06,1.54,,,1.54,9250188.0,2026-04-08T04:10:13.383432+00:00
213869,UNITYBNK,2023-12-08,1.4,,,1.4,14465254.0,2026-04-08T04:10:16.965057+00:00
213986,UNITYBNK,2023-12-11,1.43,,,1.43,4234737.0,2026-04-08T04:10:21.350621+00:00
214103,UNITYBNK,2023-12-12,1.44,,,1.44,2246124.0,2026-04-08T04:10:23.843731+00:00
214220,UNITYBNK,2023-12-13,1.5,,,1.5,11585606.0,2026-04-08T04:10:26.19208+00:00
214337,UNITYBNK,2023-12-14,1.47,,,1.47,9522527.0,2026-04-08T04:10:28.64956+00:00
214454,UNITYBNK,2023-12-15,1.5,,,1.5,4358321.0,2026-04-08T04:10:31.179138+00:00
214571,UNITYBNK,2023-12-18,1.49,,,1.49,8190270.0,2026-04-08T04:10:35.879044+00:00
214688,UNITYBNK,2023-12-19,1.49,,,1.49,2366530.0,2026-04-08T04:10:38.280823+00:00
214805,UNITYBNK,2023-12-20,1.45,,,1.45,12133233.0,2026-04-08T04:10:40.523028+00:00
214922,UNITYBNK,2023-12-21,1.49,,,1.49,5378923.0,2026-04-08T04:10:42.873875+00:00
215039,UNITYBNK,2023-12-28,1.63,,,1.63,7477468.0,2026-04-08T04:10:51.166125+00:00
215156,UNITYBNK,2023-12-29,1.62,,,1.62,5890869.0,2026-04-08T04:10:53.57119+00:00
215273,UNITYBNK,2024-01-02,1.78,,,1.78,35220814.0,2026-04-08T04:10:59.157783+00:00
215390,UNITYBNK,2024-01-03,1.95,,,1.95,25661756.0,2026-04-08T04:11:01.401293+00:00
215507,UNITYBNK,2024-01-04,2.14,,,2.14,75788104.0,2026-04-08T04:11:03.846312+00:00
215624,UNITYBNK,2024-01-05,2.35,,,2.35,16623267.0,2026-04-08T04:11:07.208124+00:00
215741,UNITYBNK,2024-01-08,2.58,,,2.58,32565667.0,2026-04-08T04:11:11.742656+00:00
215858,UNITYBNK,2024-01-09,2.83,,,2.83,15405518.0,2026-04-08T04:11:14.100458+00:00
215975,UNITYBNK,2024-01-10,2.56,,,2.56,45066959.0,2026-04-08T04:11:16.512964+00:00
216092,UNITYBNK,2024-01-11,2.51,,,2.51,37115782.0,2026-04-08T04:11:18.918089+00:00
216209,UNITYBNK,2024-01-12,2.47,,,2.47,23925887.0,2026-04-08T04:11:21.244944+00:00
216326,UNITYBNK,2024-01-15,2.71,,,2.71,18144136.0,2026-04-08T04:11:25.674113+00:00
216443,UNITYBNK,2024-01-16,2.98,,,2.98,8611985.0,2026-04-08T04:11:28.037988+00:00
216560,UNITYBNK,2024-01-18,3.3,,,3.3,37630750.0,2026-04-08T04:11:31.337167+00:00
216677,UNITYBNK,2024-01-19,3.5,,,3.5,33550842.0,2026-04-08T04:11:38.619168+00:00
216794,UNITYBNK,2024-01-22,3.29,,,3.29,15306817.0,2026-04-08T04:11:42.948818+00:00
216911,UNITYBNK,2024-01-23,2.97,,,2.97,12461723.0,2026-04-08T04:11:45.304506+00:00
217028,UNITYBNK,2024-01-24,2.82,,,2.82,27343362.0,2026-04-08T04:11:47.647942+00:00
217145,UNITYBNK,2024-01-25,2.85,,,2.85,11320718.0,2026-04-08T04:11:50.11021+00:00
217262,UNITYBNK,2024-01-26,2.92,,,2.92,12230286.0,2026-04-08T04:11:52.721812+00:00
217379,UNITYBNK,2024-01-29,2.85,,,2.85,8155306.0,2026-04-08T04:11:57.440388+00:00
217496,UNITYBNK,2024-01-30,2.58,,,2.58,9583841.0,2026-04-08T04:12:00.024191+00:00
217613,UNITYBNK,2024-01-31,2.33,,,2.33,15008311.0,2026-04-08T04:12:02.433526+00:00
217730,UNITYBNK,2024-02-01,2.56,,,2.56,22619435.0,2026-04-08T04:12:04.812869+00:00
217847,UNITYBNK,2024-02-02,2.81,,,2.81,8737250.0,2026-04-08T04:12:07.232701+00:00
217964,UNITYBNK,2024-02-05,3.0,,,3.0,10967946.0,2026-04-08T04:12:11.791199+00:00
218081,UNITYBNK,2024-02-06,2.85,,,2.85,3254976.0,2026-04-08T04:12:14.363902+00:00
218198,UNITYBNK,2024-02-07,2.8,,,2.8,2934773.0,2026-04-08T04:12:16.791058+00:00
218315,UNITYBNK,2024-02-08,2.52,,,2.52,11132403.0,2026-04-08T04:12:19.312026+00:00
218432,UNITYBNK,2024-02-09,2.31,,,2.31,9160268.0,2026-04-08T04:12:21.609908+00:00
218549,UNITYBNK,2024-02-12,2.4,,,2.4,6161729.0,2026-04-08T04:12:25.771109+00:00
218666,UNITYBNK,2024-02-13,2.2,,,2.2,3580806.0,2026-04-08T04:12:28.061356+00:00
218783,UNITYBNK,2024-02-14,2.42,,,2.42,3072750.0,2026-04-08T04:12:30.570558+00:00
218900,UNITYBNK,2024-02-16,2.53,,,2.53,29764536.0,2026-04-08T04:12:34.036511+00:00
219017,UNITYBNK,2024-02-19,2.4,,,2.4,2637509.0,2026-04-08T04:12:38.429241+00:00
219134,UNITYBNK,2024-02-20,2.3,,,2.3,1799868.0,2026-04-08T04:12:40.813552+00:00
219251,UNITYBNK,2024-02-21,2.28,,,2.28,1842543.0,2026-04-08T04:12:43.257682+00:00
219368,UNITYBNK,2024-02-22,2.2,,,2.2,2244958.0,2026-04-08T04:12:45.850796+00:00
219485,UNITYBNK,2024-02-26,2.2,,,2.2,1786193.0,2026-04-08T04:12:51.18414+00:00
219602,UNITYBNK,2024-02-27,2.2,,,2.2,1768529.0,2026-04-08T04:12:53.509755+00:00
219719,UNITYBNK,2024-02-29,2.18,,,2.18,4872504.0,2026-04-08T04:12:56.822244+00:00
219836,UNITYBNK,2024-03-01,2.2,,,2.2,3414290.0,2026-04-08T04:12:59.287484+00:00
219953,UNITYBNK,2024-03-04,1.98,,,1.98,4518136.0,2026-04-08T04:13:03.814092+00:00
220071,UNITYBNK,2024-03-05,2.0,,,2.0,976110.0,2026-04-08T04:13:06.279726+00:00
220189,UNITYBNK,2024-03-06,1.9,,,1.9,2723787.0,2026-04-08T04:13:08.558236+00:00
220307,UNITYBNK,2024-03-07,2.0,,,2.0,3774961.0,2026-04-08T04:13:10.988978+00:00
220425,UNITYBNK,2024-03-08,2.0,,,2.0,5707615.0,2026-04-08T04:13:13.453006+00:00
220543,UNITYBNK,2024-03-11,2.0,,,2.0,653625.0,2026-04-08T04:13:17.773706+00:00
220661,UNITYBNK,2024-03-12,2.01,,,2.01,2351934.0,2026-04-08T04:13:20.258657+00:00
220779,UNITYBNK,2024-03-13,1.93,,,1.93,37202125.0,2026-04-08T04:13:22.557243+00:00
220897,UNITYBNK,2024-03-14,1.83,,,1.83,3770192.0,2026-04-08T04:13:25.004754+00:00
221015,UNITYBNK,2024-03-15,1.8,,,1.8,14132101.0,2026-04-08T04:13:27.500984+00:00
221133,UNITYBNK,2024-03-19,1.9,,,1.9,3048872.0,2026-04-08T04:13:32.54102+00:00
221251,UNITYBNK,2024-03-20,1.99,,,1.99,1755681.0,2026-04-08T04:13:34.949661+00:00
221369,UNITYBNK,2024-03-21,2.0,,,2.0,2977811.0,2026-04-08T04:13:37.293426+00:00
221487,UNITYBNK,2024-03-22,2.11,,,2.11,4799878.0,2026-04-08T04:13:39.66616+00:00
221605,UNITYBNK,2024-03-25,1.95,,,1.95,3955459.0,2026-04-08T04:13:43.964435+00:00
221723,UNITYBNK,2024-03-26,1.97,,,1.97,1933394.0,2026-04-08T04:13:46.391317+00:00
221841,UNITYBNK,2024-03-27,2.06,,,2.06,3012094.0,2026-04-08T04:13:48.795654+00:00
221959,UNITYBNK,2024-03-28,2.07,,,2.07,21079913.0,2026-04-08T04:13:51.173779+00:00
222077,UNITYBNK,2024-04-02,2.27,,,2.27,8550975.0,2026-04-08T04:13:58.053067+00:00
222195,UNITYBNK,2024-04-03,2.3,,,2.3,7014437.0,2026-04-08T04:14:00.66873+00:00
222313,UNITYBNK,2024-04-04,2.13,,,2.13,3100635.0,2026-04-08T04:14:03.310057+00:00
222431,UNITYBNK,2024-04-05,2.1,,,2.1,9862474.0,2026-04-08T04:14:05.820809+00:00
222549,UNITYBNK,2024-04-12,2.0,,,2.0,4093257.0,2026-04-08T04:14:15.984697+00:00
222667,UNITYBNK,2024-04-15,1.96,,,1.96,4287920.0,2026-04-08T04:14:20.492228+00:00
222785,UNITYBNK,2024-04-16,1.94,,,1.94,2657949.0,2026-04-08T04:14:22.958286+00:00
222903,UNITYBNK,2024-04-17,1.78,,,1.78,1063295.0,2026-04-08T04:14:25.407203+00:00
223021,UNITYBNK,2024-04-18,1.8,,,1.8,1761411.0,2026-04-08T04:14:27.862982+00:00
223139,UNITYBNK,2024-04-19,1.62,,,1.62,2684176.0,2026-04-08T04:14:30.225092+00:00
223257,UNITYBNK,2024-04-22,1.62,,,1.62,2859341.0,2026-04-08T04:14:34.624841+00:00
223375,UNITYBNK,2024-04-23,1.75,,,1.75,1686566.0,2026-04-08T04:14:36.881925+00:00
223493,UNITYBNK,2024-04-24,1.75,,,1.75,775431.0,2026-04-08T04:14:39.108369+00:00
223611,UNITYBNK,2024-04-25,1.83,,,1.83,808113.0,2026-04-08T04:14:41.415412+00:00
223729,UNITYBNK,2024-04-26,1.69,,,1.69,367186.0,2026-04-08T04:14:43.709399+00:00
223847,UNITYBNK,2024-04-29,1.71,,,1.71,1209576.0,2026-04-08T04:14:47.97937+00:00
223965,UNITYBNK,2024-04-30,1.85,,,1.85,673775.0,2026-04-08T04:14:50.304196+00:00
224083,UNITYBNK,2024-05-02,1.79,,,1.79,1300217.0,2026-04-08T04:14:53.573612+00:00
224201,UNITYBNK,2024-05-03,1.79,,,1.79,1465950.0,2026-04-08T04:14:55.989363+00:00
224319,UNITYBNK,2024-05-06,1.8,,,1.8,2770920.0,2026-04-08T04:15:00.14873+00:00
224437,UNITYBNK,2024-05-07,1.62,,,1.62,2661923.0,2026-04-08T04:15:02.40079+00:00
224555,UNITYBNK,2024-05-08,1.62,,,1.62,2863001.0,2026-04-08T04:15:04.708287+00:00
224673,UNITYBNK,2024-05-09,1.69,,,1.69,1295101.0,2026-04-08T04:15:07.337178+00:00
224791,UNITYBNK,2024-05-10,1.83,,,1.83,893679.0,2026-04-08T04:15:09.604775+00:00
224909,UNITYBNK,2024-05-13,1.68,,,1.68,1768398.0,2026-04-08T04:15:13.907933+00:00
225027,UNITYBNK,2024-05-14,1.7,,,1.7,882331.0,2026-04-08T04:15:16.26654+00:00
225145,UNITYBNK,2024-05-15,1.7,,,1.7,411100.0,2026-04-08T04:15:18.549958+00:00
225263,UNITYBNK,2024-05-16,1.6,,,1.6,234250.0,2026-04-08T04:15:20.841424+00:00
225381,UNITYBNK,2024-05-20,1.65,,,1.65,1017485.0,2026-04-08T04:15:25.962105+00:00
225499,UNITYBNK,2024-05-21,1.62,,,1.62,992679.0,2026-04-08T04:15:28.334406+00:00
225617,UNITYBNK,2024-05-22,1.57,,,1.57,1783009.0,2026-04-08T04:15:30.660212+00:00
225735,UNITYBNK,2024-05-23,1.5,,,1.5,1513971.0,2026-04-08T04:15:32.993296+00:00
225853,UNITYBNK,2024-05-24,1.55,,,1.55,2359342.0,2026-04-08T04:15:35.360226+00:00
225971,UNITYBNK,2024-05-27,1.55,,,1.55,2285805.0,2026-04-08T04:15:39.562711+00:00
226089,UNITYBNK,2024-05-28,1.55,,,1.55,890810.0,2026-04-08T04:15:41.894674+00:00
226207,UNITYBNK,2024-05-29,1.53,,,1.53,662703.0,2026-04-08T04:15:44.435333+00:00
226325,UNITYBNK,2024-05-30,1.53,,,1.53,653766.0,2026-04-08T04:15:46.695543+00:00
226443,UNITYBNK,2024-05-31,1.53,,,1.53,207494.0,2026-04-08T04:15:48.909252+00:00
226561,UNITYBNK,2024-06-03,1.38,,,1.38,6268876.0,2026-04-08T04:15:53.203965+00:00
226679,UNITYBNK,2024-06-04,1.25,,,1.25,20528758.0,2026-04-08T04:15:55.456464+00:00
226797,UNITYBNK,2024-06-05,1.28,,,1.28,11977152.0,2026-04-08T04:15:57.839545+00:00
226915,UNITYBNK,2024-06-06,1.25,,,1.25,886418.0,2026-04-08T04:16:00.091412+00:00
227033,UNITYBNK,2024-06-07,1.2,,,1.2,3261554.0,2026-04-08T04:16:02.294722+00:00
227151,UNITYBNK,2024-06-10,1.12,,,1.12,6579419.0,2026-04-08T04:16:06.655303+00:00
227269,UNITYBNK,2024-06-11,1.11,,,1.11,12236879.0,2026-04-08T04:16:09.027942+00:00
227387,UNITYBNK,2024-06-13,1.22,,,1.22,4937965.0,2026-04-08T04:16:12.454757+00:00
227505,UNITYBNK,2024-06-14,1.34,,,1.34,9895465.0,2026-04-08T04:16:14.762224+00:00
227623,UNITYBNK,2024-06-20,1.56,,,1.56,5491561.0,2026-04-08T04:16:22.365263+00:00
227741,UNITYBNK,2024-06-21,1.6,,,1.6,3629829.0,2026-04-08T04:16:24.740936+00:00
227859,UNITYBNK,2024-06-24,1.5,,,1.5,6983207.0,2026-04-08T04:16:29.101951+00:00
227977,UNITYBNK,2024-06-25,1.44,,,1.44,6372490.0,2026-04-08T04:16:31.430939+00:00
228095,UNITYBNK,2024-06-26,1.54,,,1.54,5469669.0,2026-04-08T04:16:33.77834+00:00
228213,UNITYBNK,2024-06-27,1.48,,,1.48,928382.0,2026-04-08T04:16:36.13415+00:00
228331,UNITYBNK,2024-06-28,1.54,,,1.54,547683.0,2026-04-08T04:16:38.472674+00:00
228449,UNITYBNK,2024-07-01,1.69,,,1.69,3882398.0,2026-04-08T04:16:42.881798+00:00
228567,UNITYBNK,2024-07-02,1.64,,,1.64,2348467.0,2026-04-08T04:16:45.256647+00:00
228685,UNITYBNK,2024-07-03,1.55,,,1.55,2298901.0,2026-04-08T04:16:47.732339+00:00
228803,UNITYBNK,2024-07-04,1.52,,,1.52,779745.0,2026-04-08T04:16:50.22378+00:00
228921,UNITYBNK,2024-07-05,1.51,,,1.51,970155.0,2026-04-08T04:16:52.679645+00:00
229039,UNITYBNK,2024-07-08,1.51,,,1.51,0.0,2026-04-08T04:16:57.375145+00:00
229157,UNITYBNK,2024-07-09,1.51,,,1.51,0.0,2026-04-08T04:16:59.679545+00:00
229275,UNITYBNK,2024-07-10,1.51,,,1.51,0.0,2026-04-08T04:17:02.104038+00:00
229393,UNITYBNK,2024-07-11,1.51,,,1.51,0.0,2026-04-08T04:17:04.804273+00:00
229511,UNITYBNK,2024-07-12,1.51,,,1.51,0.0,2026-04-08T04:17:07.071694+00:00
229629,UNITYBNK,2024-07-15,1.51,,,1.51,0.0,2026-04-08T04:17:11.418935+00:00
229747,UNITYBNK,2024-07-16,1.51,,,1.51,0.0,2026-04-08T04:17:13.920176+00:00
229865,UNITYBNK,2024-07-17,1.51,,,1.51,0.0,2026-04-08T04:17:16.239817+00:00
229983,UNITYBNK,2024-07-18,1.51,,,1.51,0.0,2026-04-08T04:17:18.614364+00:00
230101,UNITYBNK,2024-07-19,1.51,,,1.51,0.0,2026-04-08T04:17:20.923419+00:00
230219,UNITYBNK,2024-07-22,1.51,,,1.51,0.0,2026-04-08T04:17:25.185516+00:00
230337,UNITYBNK,2024-07-23,1.51,,,1.51,0.0,2026-04-08T04:17:27.655924+00:00
230455,UNITYBNK,2024-07-24,1.51,,,1.51,0.0,2026-04-08T04:17:30.124258+00:00
230573,UNITYBNK,2024-07-25,1.51,,,1.51,0.0,2026-04-08T04:17:32.638981+00:00
230691,UNITYBNK,2024-07-26,1.51,,,1.51,0.0,2026-04-08T04:17:35.101122+00:00
230809,UNITYBNK,2024-07-29,1.51,,,1.51,0.0,2026-04-08T04:17:40.103977+00:00
230927,UNITYBNK,2024-07-30,1.51,,,1.51,0.0,2026-04-08T04:17:43.080384+00:00
231045,UNITYBNK,2024-07-31,1.51,,,1.51,0.0,2026-04-08T04:17:45.61458+00:00
231163,UNITYBNK,2024-08-01,1.51,,,1.51,0.0,2026-04-08T04:17:47.950902+00:00
231281,UNITYBNK,2024-08-02,1.51,,,1.51,0.0,2026-04-08T04:17:50.372085+00:00
231399,UNITYBNK,2024-08-05,1.51,,,1.51,0.0,2026-04-08T04:17:54.929581+00:00
231517,UNITYBNK,2024-08-06,1.51,,,1.51,0.0,2026-04-08T04:17:57.472912+00:00
231635,UNITYBNK,2024-08-07,1.51,,,1.51,0.0,2026-04-08T04:17:59.948734+00:00
231753,UNITYBNK,2024-08-08,1.51,,,1.51,0.0,2026-04-08T04:18:02.36647+00:00
231871,UNITYBNK,2024-08-09,1.51,,,1.51,0.0,2026-04-08T04:18:04.674683+00:00
231989,UNITYBNK,2024-08-12,1.51,,,1.51,0.0,2026-04-08T04:18:08.918743+00:00
232107,UNITYBNK,2024-08-13,1.51,,,1.51,0.0,2026-04-08T04:18:11.387792+00:00
232225,UNITYBNK,2024-08-14,1.51,,,1.51,0.0,2026-04-08T04:18:13.859526+00:00
232343,UNITYBNK,2024-08-15,1.51,,,1.51,0.0,2026-04-08T04:18:16.357381+00:00
232461,UNITYBNK,2024-08-16,1.51,,,1.51,0.0,2026-04-08T04:18:18.692447+00:00
232579,UNITYBNK,2024-08-19,1.51,,,1.51,0.0,2026-04-08T04:18:23.063194+00:00
232697,UNITYBNK,2024-08-20,1.51,,,1.51,0.0,2026-04-08T04:18:25.366221+00:00
232815,UNITYBNK,2024-08-21,1.51,,,1.51,0.0,2026-04-08T04:18:27.861334+00:00
232933,UNITYBNK,2024-08-22,1.51,,,1.51,0.0,2026-04-08T04:18:30.156184+00:00
233051,UNITYBNK,2024-08-23,1.51,,,1.51,0.0,2026-04-08T04:18:32.497978+00:00
233169,UNITYBNK,2024-08-26,1.51,,,1.51,0.0,2026-04-08T04:18:37.19542+00:00
233287,UNITYBNK,2024-08-27,1.51,,,1.51,0.0,2026-04-08T04:18:39.561091+00:00
233405,UNITYBNK,2024-08-28,1.51,,,1.51,0.0,2026-04-08T04:18:42.048567+00:00
233523,UNITYBNK,2024-08-29,1.51,,,1.51,0.0,2026-04-08T04:18:44.36768+00:00
233641,UNITYBNK,2024-09-02,1.51,,,1.51,0.0,2026-04-08T04:18:49.632285+00:00
233759,UNITYBNK,2024-09-03,1.51,,,1.51,0.0,2026-04-08T04:18:52.389232+00:00
233877,UNITYBNK,2024-09-04,1.51,,,1.51,0.0,2026-04-08T04:18:54.875674+00:00
233995,UNITYBNK,2024-09-05,1.51,,,1.51,0.0,2026-04-08T04:18:57.763256+00:00
234113,UNITYBNK,2024-09-06,1.51,,,1.51,0.0,2026-04-08T04:19:00.536712+00:00
234231,UNITYBNK,2024-09-09,1.51,,,1.51,0.0,2026-04-08T04:19:05.495104+00:00
234349,UNITYBNK,2024-09-10,1.51,,,1.51,0.0,2026-04-08T04:19:08.070871+00:00
234467,UNITYBNK,2024-09-11,1.51,,,1.51,0.0,2026-04-08T04:19:10.663572+00:00
234585,UNITYBNK,2024-09-12,1.51,,,1.51,0.0,2026-04-08T04:19:13.371302+00:00
234703,UNITYBNK,2024-09-13,1.51,,,1.51,0.0,2026-04-08T04:19:16.033041+00:00
234821,UNITYBNK,2024-09-17,1.51,,,1.51,0.0,2026-04-08T04:19:22.824888+00:00
234939,UNITYBNK,2024-09-18,1.51,,,1.51,0.0,2026-04-08T04:19:25.915955+00:00
235057,UNITYBNK,2024-09-19,1.51,,,1.51,0.0,2026-04-08T04:19:28.330134+00:00
235175,UNITYBNK,2024-09-20,1.51,,,1.51,0.0,2026-04-08T04:19:30.82066+00:00
235293,UNITYBNK,2024-09-23,1.51,,,1.51,0.0,2026-04-08T04:19:35.29526+00:00
235411,UNITYBNK,2024-09-24,1.51,,,1.51,0.0,2026-04-08T04:19:37.629736+00:00
235529,UNITYBNK,2024-09-25,1.51,,,1.51,0.0,2026-04-08T04:19:40.096992+00:00
235647,UNITYBNK,2024-09-26,1.51,,,1.51,0.0,2026-04-08T04:19:42.676048+00:00
235765,UNITYBNK,2024-09-27,1.51,,,1.51,0.0,2026-04-08T04:19:45.342636+00:00
235883,UNITYBNK,2024-09-30,1.51,,,1.51,0.0,2026-04-08T04:19:50.223917+00:00
236001,UNITYBNK,2024-10-02,1.51,,,1.51,0.0,2026-04-08T04:19:53.821423+00:00
236119,UNITYBNK,2024-10-03,1.51,,,1.51,0.0,2026-04-08T04:19:56.203135+00:00
236237,UNITYBNK,2024-10-04,1.51,,,1.51,0.0,2026-04-08T04:19:58.634737+00:00
236355,UNITYBNK,2024-10-07,1.51,,,1.51,0.0,2026-04-08T04:20:03.05432+00:00
236473,UNITYBNK,2024-10-08,1.51,,,1.51,0.0,2026-04-08T04:20:05.535519+00:00
236591,UNITYBNK,2024-10-10,1.51,,,1.51,0.0,2026-04-08T04:20:08.855054+00:00
236709,UNITYBNK,2024-10-11,1.51,,,1.51,0.0,2026-04-08T04:20:11.460237+00:00
236827,UNITYBNK,2024-10-14,1.51,,,1.51,0.0,2026-04-08T04:20:16.284622+00:00
236946,UNITYBNK,2024-10-15,1.51,,,1.51,0.0,2026-04-08T04:20:18.84933+00:00
237065,UNITYBNK,2024-10-17,1.51,,,1.51,0.0,2026-04-08T04:20:23.389134+00:00
237184,UNITYBNK,2024-10-18,1.51,,,1.51,0.0,2026-04-08T04:20:26.17489+00:00
237303,UNITYBNK,2024-10-21,1.51,,,1.51,0.0,2026-04-08T04:20:30.541886+00:00
237422,UNITYBNK,2024-10-22,1.51,,,1.51,0.0,2026-04-08T04:20:32.890604+00:00
237541,UNITYBNK,2024-10-23,1.51,,,1.51,0.0,2026-04-08T04:20:35.186729+00:00
237660,UNITYBNK,2024-10-24,1.51,,,1.51,0.0,2026-04-08T04:20:37.740613+00:00
237779,UNITYBNK,2024-10-25,1.51,,,1.51,0.0,2026-04-08T04:20:40.222387+00:00
237898,UNITYBNK,2024-10-28,1.51,,,1.51,0.0,2026-04-08T04:20:44.742576+00:00
238017,UNITYBNK,2024-10-29,1.51,,,1.51,0.0,2026-04-08T04:20:47.136244+00:00
238136,UNITYBNK,2024-10-30,1.51,,,1.51,0.0,2026-04-08T04:20:49.405969+00:00
238255,UNITYBNK,2024-10-31,1.51,,,1.51,0.0,2026-04-08T04:20:51.756515+00:00
238374,UNITYBNK,2024-11-01,1.51,,,1.51,0.0,2026-04-08T04:20:54.1075+00:00
238493,UNITYBNK,2024-11-04,1.51,,,1.51,0.0,2026-04-08T04:20:58.471072+00:00
238612,UNITYBNK,2024-11-05,1.51,,,1.51,0.0,2026-04-08T04:21:01.00344+00:00
238731,UNITYBNK,2024-11-06,1.51,,,1.51,0.0,2026-04-08T04:21:03.585377+00:00
238850,UNITYBNK,2024-11-07,1.51,,,1.51,0.0,2026-04-08T04:21:06.256351+00:00
238969,UNITYBNK,2024-11-08,1.51,,,1.51,0.0,2026-04-08T04:21:08.623134+00:00
239088,UNITYBNK,2024-11-11,1.51,,,1.51,0.0,2026-04-08T04:21:12.782875+00:00
239207,UNITYBNK,2024-11-12,1.51,,,1.51,0.0,2026-04-08T04:21:15.417322+00:00
239326,UNITYBNK,2024-11-13,1.51,,,1.51,0.0,2026-04-08T04:21:17.790166+00:00
239445,UNITYBNK,2024-11-14,1.51,,,1.51,0.0,2026-04-08T04:21:20.354873+00:00
239564,UNITYBNK,2024-11-15,1.51,,,1.51,0.0,2026-04-08T04:21:22.90937+00:00
239683,UNITYBNK,2024-11-18,1.51,,,1.51,0.0,2026-04-08T04:21:27.576358+00:00
239802,UNITYBNK,2024-11-19,1.51,,,1.51,0.0,2026-04-08T04:21:29.868433+00:00
239921,UNITYBNK,2024-11-20,1.51,,,1.51,0.0,2026-04-08T04:21:32.433299+00:00
240040,UNITYBNK,2024-11-21,1.51,,,1.51,0.0,2026-04-08T04:21:34.755564+00:00
240159,UNITYBNK,2024-11-22,1.51,,,1.51,0.0,2026-04-08T04:21:37.514754+00:00
240278,UNITYBNK,2024-11-25,1.51,,,1.51,0.0,2026-04-08T04:21:41.818387+00:00
240397,UNITYBNK,2024-11-26,1.51,,,1.51,0.0,2026-04-08T04:21:44.163824+00:00
240516,UNITYBNK,2024-11-27,1.51,,,1.51,0.0,2026-04-08T04:21:46.720727+00:00
240635,UNITYBNK,2024-11-28,1.51,,,1.51,0.0,2026-04-08T04:21:49.110263+00:00
240754,UNITYBNK,2024-12-02,1.51,,,1.51,0.0,2026-04-08T04:21:54.88401+00:00
240873,UNITYBNK,2024-12-03,1.51,,,1.51,0.0,2026-04-08T04:21:57.640504+00:00
240992,UNITYBNK,2024-12-04,1.51,,,1.51,0.0,2026-04-08T04:21:59.930228+00:00
241111,UNITYBNK,2024-12-06,1.51,,,1.51,0.0,2026-04-08T04:22:03.392712+00:00
241230,UNITYBNK,2024-12-09,1.51,,,1.51,0.0,2026-04-08T04:22:07.745808+00:00
241349,UNITYBNK,2024-12-10,1.51,,,1.51,0.0,2026-04-08T04:22:10.112253+00:00
241468,UNITYBNK,2024-12-11,1.51,,,1.51,0.0,2026-04-08T04:22:12.639548+00:00
241587,UNITYBNK,2024-12-12,1.51,,,1.51,0.0,2026-04-08T04:22:15.033357+00:00
241706,UNITYBNK,2024-12-13,1.51,,,1.51,0.0,2026-04-08T04:22:17.509919+00:00
241825,UNITYBNK,2024-12-16,1.51,,,1.51,0.0,2026-04-08T04:22:22.499781+00:00
241944,UNITYBNK,2024-12-17,1.51,,,1.51,0.0,2026-04-08T04:22:24.995572+00:00
242063,UNITYBNK,2024-12-18,1.51,,,1.51,0.0,2026-04-08T04:22:27.498126+00:00
242182,UNITYBNK,2024-12-19,1.51,,,1.51,0.0,2026-04-08T04:22:29.868083+00:00
242301,UNITYBNK,2024-12-20,1.51,,,1.51,0.0,2026-04-08T04:22:32.392508+00:00
242420,UNITYBNK,2024-12-23,1.51,,,1.51,0.0,2026-04-08T04:22:36.740311+00:00
242539,UNITYBNK,2024-12-24,1.51,,,1.51,0.0,2026-04-08T04:22:39.25804+00:00
242658,UNITYBNK,2024-12-27,1.51,,,1.51,0.0,2026-04-08T04:22:43.946119+00:00
242776,UNITYBNK,2024-12-31,1.51,,,1.51,0.0,2026-04-08T04:22:48.665239+00:00
242894,UNITYBNK,2025-01-02,1.51,,,1.51,0.0,2026-04-08T04:22:52.256438+00:00
243012,UNITYBNK,2025-01-03,1.51,,,1.51,0.0,2026-04-08T04:22:55.101113+00:00
243130,UNITYBNK,2025-01-06,1.51,,,1.51,0.0,2026-04-08T04:23:00.046313+00:00
243248,UNITYBNK,2025-01-07,1.51,,,1.51,0.0,2026-04-08T04:23:02.329348+00:00
243366,UNITYBNK,2025-01-08,1.51,,,1.51,0.0,2026-04-08T04:23:04.632968+00:00
243484,UNITYBNK,2025-01-09,1.51,,,1.51,0.0,2026-04-08T04:23:06.908261+00:00
243602,UNITYBNK,2025-01-10,1.51,,,1.51,0.0,2026-04-08T04:23:09.304805+00:00
243720,UNITYBNK,2025-01-13,1.51,,,1.51,0.0,2026-04-08T04:23:13.790041+00:00
243838,UNITYBNK,2025-01-14,1.51,,,1.51,0.0,2026-04-08T04:23:16.129929+00:00
243956,UNITYBNK,2025-01-15,1.51,,,1.51,0.0,2026-04-08T04:23:18.535433+00:00
244074,UNITYBNK,2025-01-16,1.51,,,1.51,0.0,2026-04-08T04:23:20.834867+00:00
244192,UNITYBNK,2025-01-17,1.51,,,1.51,0.0,2026-04-08T04:23:23.141674+00:00
244310,UNITYBNK,2025-01-20,1.51,,,1.51,0.0,2026-04-08T04:23:27.482452+00:00
244428,UNITYBNK,2025-01-21,1.51,,,1.51,0.0,2026-04-08T04:23:29.752731+00:00
244546,UNITYBNK,2025-01-22,1.51,,,1.51,0.0,2026-04-08T04:23:32.235559+00:00
244664,UNITYBNK,2025-01-23,1.51,,,1.51,0.0,2026-04-08T04:23:34.519549+00:00
244782,UNITYBNK,2025-01-24,1.51,,,1.51,0.0,2026-04-08T04:23:37.097992+00:00
244900,UNITYBNK,2025-01-27,1.51,,,1.51,0.0,2026-04-08T04:23:41.817807+00:00
245018,UNITYBNK,2025-01-28,1.51,,,1.51,0.0,2026-04-08T04:23:44.43679+00:00
245136,UNITYBNK,2025-01-30,1.51,,,1.51,0.0,2026-04-08T04:23:47.90788+00:00
245254,UNITYBNK,2025-01-31,1.51,,,1.51,0.0,2026-04-08T04:23:50.425841+00:00
245372,UNITYBNK,2025-02-03,1.51,,,1.51,0.0,2026-04-08T04:23:55.090801+00:00
245490,UNITYBNK,2025-02-04,1.51,,,1.51,0.0,2026-04-08T04:23:57.584141+00:00
245608,UNITYBNK,2025-02-05,1.51,,,1.51,0.0,2026-04-08T04:24:00.484627+00:00
245726,UNITYBNK,2025-02-06,1.51,,,1.51,0.0,2026-04-08T04:24:04.153698+00:00
245844,UNITYBNK,2025-02-07,1.51,,,1.51,0.0,2026-04-08T04:24:07.822728+00:00
245962,UNITYBNK,2025-02-10,1.51,,,1.51,0.0,2026-04-08T04:24:13.163899+00:00
246080,UNITYBNK,2025-02-11,1.51,,,1.51,0.0,2026-04-08T04:24:15.629092+00:00
246198,UNITYBNK,2025-02-12,1.51,,,1.51,0.0,2026-04-08T04:24:18.226035+00:00
246316,UNITYBNK,2025-02-13,1.51,,,1.51,0.0,2026-04-08T04:24:20.725749+00:00
246434,UNITYBNK,2025-02-14,1.51,,,1.51,0.0,2026-04-08T04:24:23.300806+00:00
246552,UNITYBNK,2025-02-17,1.51,,,1.51,0.0,2026-04-08T04:24:27.726986+00:00
246670,UNITYBNK,2025-02-18,1.51,,,1.51,0.0,2026-04-08T04:24:30.295737+00:00
246788,UNITYBNK,2025-02-19,1.51,,,1.51,0.0,2026-04-08T04:24:32.765887+00:00
246906,UNITYBNK,2025-02-20,1.51,,,1.51,0.0,2026-04-08T04:24:35.351909+00:00
247024,UNITYBNK,2025-02-21,1.51,,,1.51,0.0,2026-04-08T04:24:37.680479+00:00
247142,UNITYBNK,2025-02-25,1.51,,,1.51,0.0,2026-04-08T04:24:43.419296+00:00
247260,UNITYBNK,2025-02-26,1.51,,,1.51,0.0,2026-04-08T04:24:45.860894+00:00
247378,UNITYBNK,2025-02-27,1.51,,,1.51,0.0,2026-04-08T04:24:48.27846+00:00
247496,UNITYBNK,2025-02-28,1.51,,,1.51,0.0,2026-04-08T04:24:50.63724+00:00
247614,UNITYBNK,2025-03-03,1.51,,,1.51,0.0,2026-04-08T04:24:55.222854+00:00
247732,UNITYBNK,2025-03-04,1.51,,,1.51,0.0,2026-04-08T04:24:57.762887+00:00
247851,UNITYBNK,2025-03-05,1.51,,,1.51,0.0,2026-04-08T04:25:00.108696+00:00
247970,UNITYBNK,2025-03-06,1.51,,,1.51,0.0,2026-04-08T04:25:02.52336+00:00
248089,UNITYBNK,2025-03-07,1.51,,,1.51,0.0,2026-04-08T04:25:04.19753+00:00
248208,UNITYBNK,2025-03-10,1.51,,,1.51,0.0,2026-04-08T04:25:07.959889+00:00
248327,UNITYBNK,2025-03-11,1.51,,,1.51,0.0,2026-04-08T04:25:10.446731+00:00
248446,UNITYBNK,2025-03-12,1.51,,,1.51,0.0,2026-04-08T04:25:12.888859+00:00
248565,UNITYBNK,2025-03-13,1.51,,,1.51,0.0,2026-04-08T04:25:15.353849+00:00
248684,UNITYBNK,2025-03-14,1.51,,,1.51,0.0,2026-04-08T04:25:17.75152+00:00
248803,UNITYBNK,2025-03-17,1.51,,,1.51,0.0,2026-04-08T04:25:23.327657+00:00
248922,UNITYBNK,2025-03-18,1.51,,,1.51,0.0,2026-04-08T04:25:25.763099+00:00
249041,UNITYBNK,2025-03-19,1.51,,,1.51,0.0,2026-04-08T04:25:28.144043+00:00
249160,UNITYBNK,2025-03-20,1.51,,,1.51,0.0,2026-04-08T04:25:31.01834+00:00
249279,UNITYBNK,2025-03-21,1.51,,,1.51,0.0,2026-04-08T04:25:33.389958+00:00
249398,UNITYBNK,2025-03-24,1.51,,,1.51,0.0,2026-04-08T04:25:38.388993+00:00
249517,UNITYBNK,2025-03-25,1.51,,,1.51,0.0,2026-04-08T04:25:40.7685+00:00
249636,UNITYBNK,2025-03-26,1.51,,,1.51,0.0,2026-04-08T04:25:43.344812+00:00
249755,UNITYBNK,2025-03-27,1.51,,,1.51,0.0,2026-04-08T04:25:45.817232+00:00
249874,UNITYBNK,2025-03-28,1.51,,,1.51,0.0,2026-04-08T04:25:48.177352+00:00
249993,UNITYBNK,2025-04-02,1.51,,,1.51,0.0,2026-04-08T04:25:54.663823+00:00
250112,UNITYBNK,2025-04-03,1.51,,,1.51,0.0,2026-04-08T04:25:57.014747+00:00
250231,UNITYBNK,2025-04-04,1.51,,,1.51,0.0,2026-04-08T04:25:59.489503+00:00
250350,UNITYBNK,2025-04-07,1.51,,,1.51,0.0,2026-04-08T04:26:04.211964+00:00
250469,UNITYBNK,2025-04-08,1.51,,,1.51,0.0,2026-04-08T04:26:06.766331+00:00
250588,UNITYBNK,2025-04-10,1.51,,,1.51,0.0,2026-04-08T04:26:10.263658+00:00
250707,UNITYBNK,2025-04-11,1.51,,,1.51,0.0,2026-04-08T04:26:12.610372+00:00
250826,UNITYBNK,2025-04-14,1.51,,,1.51,0.0,2026-04-08T04:26:17.137975+00:00
250945,UNITYBNK,2025-04-15,1.51,,,1.51,0.0,2026-04-08T04:26:19.634971+00:00
251064,UNITYBNK,2025-04-16,1.51,,,1.51,0.0,2026-04-08T04:26:22.321337+00:00
251183,UNITYBNK,2025-04-17,1.51,,,1.51,0.0,2026-04-08T04:26:24.819431+00:00
251302,UNITYBNK,2025-04-22,1.51,,,1.51,0.0,2026-04-08T04:26:31.401152+00:00
251421,UNITYBNK,2025-04-23,1.51,,,1.51,0.0,2026-04-08T04:26:33.741411+00:00
251540,UNITYBNK,2025-04-24,1.51,,,1.51,0.0,2026-04-08T04:26:36.383131+00:00
251660,UNITYBNK,2025-04-25,1.51,,,1.51,0.0,2026-04-08T04:26:38.677219+00:00
251780,UNITYBNK,2025-04-28,1.51,,,1.51,0.0,2026-04-08T04:26:43.113614+00:00
251900,UNITYBNK,2025-04-29,1.51,,,1.51,0.0,2026-04-08T04:26:45.609073+00:00
252020,UNITYBNK,2025-04-30,1.51,,,1.51,0.0,2026-04-08T04:26:48.242472+00:00
252140,UNITYBNK,2025-05-02,1.51,,,1.51,0.0,2026-04-08T04:26:51.690529+00:00
252260,UNITYBNK,2025-05-05,1.51,,,1.51,0.0,2026-04-08T04:26:56.275381+00:00
252380,UNITYBNK,2025-05-06,1.51,,,1.51,0.0,2026-04-08T04:26:58.7221+00:00
252500,UNITYBNK,2025-05-07,1.51,,,1.51,0.0,2026-04-08T04:27:01.170235+00:00
252620,UNITYBNK,2025-05-08,1.51,,,1.51,0.0,2026-04-08T04:27:03.468055+00:00
252740,UNITYBNK,2025-05-09,1.51,,,1.51,0.0,2026-04-08T04:27:05.963213+00:00
252860,UNITYBNK,2025-05-12,1.51,,,1.51,0.0,2026-04-08T04:27:10.449459+00:00
252980,UNITYBNK,2025-05-14,1.51,,,1.51,0.0,2026-04-08T04:27:13.89162+00:00
253100,UNITYBNK,2025-05-15,1.51,,,1.51,0.0,2026-04-08T04:27:16.307455+00:00
253220,UNITYBNK,2025-05-16,1.51,,,1.51,0.0,2026-04-08T04:27:18.639316+00:00
253340,UNITYBNK,2025-05-19,1.51,,,1.51,0.0,2026-04-08T04:27:23.06518+00:00
253460,UNITYBNK,2025-05-20,1.51,,,1.51,0.0,2026-04-08T04:27:25.663956+00:00
253580,UNITYBNK,2025-05-21,1.51,,,1.51,0.0,2026-04-08T04:27:28.280255+00:00
253700,UNITYBNK,2025-05-22,1.51,,,1.51,0.0,2026-04-08T04:27:30.733393+00:00
253820,UNITYBNK,2025-05-23,1.51,,,1.51,0.0,2026-04-08T04:27:33.142895+00:00
253940,UNITYBNK,2025-05-26,1.51,,,1.51,0.0,2026-04-08T04:27:37.938794+00:00
254060,UNITYBNK,2025-05-27,1.51,,,1.51,0.0,2026-04-08T04:27:40.395447+00:00
254180,UNITYBNK,2025-05-28,1.51,,,1.51,0.0,2026-04-08T04:27:42.906627+00:00
254300,UNITYBNK,2025-05-29,1.51,,,1.51,0.0,2026-04-08T04:27:45.903166+00:00
254420,UNITYBNK,2025-05-30,1.51,,,1.51,0.0,2026-04-08T04:27:48.4452+00:00
254540,UNITYBNK,2025-06-02,1.51,,,1.51,0.0,2026-04-08T04:27:53.01382+00:00
254660,UNITYBNK,2025-06-03,1.51,,,1.51,0.0,2026-04-08T04:27:55.368454+00:00
254780,UNITYBNK,2025-06-04,1.51,,,1.51,0.0,2026-04-08T04:27:57.94541+00:00
254900,UNITYBNK,2025-06-05,1.51,,,1.51,0.0,2026-04-08T04:28:00.320696+00:00
255020,UNITYBNK,2025-06-10,1.51,,,1.51,0.0,2026-04-08T04:28:07.114795+00:00
255140,UNITYBNK,2025-06-11,1.51,,,1.51,0.0,2026-04-08T04:28:09.38594+00:00
255260,UNITYBNK,2025-06-17,1.51,,,1.51,0.0,2026-04-08T04:28:17.228975+00:00
255380,UNITYBNK,2025-06-18,1.51,,,1.51,0.0,2026-04-08T04:28:19.70912+00:00
255500,UNITYBNK,2025-06-19,1.51,,,1.51,0.0,2026-04-08T04:28:22.276816+00:00
255620,UNITYBNK,2025-06-20,1.51,,,1.51,0.0,2026-04-08T04:28:24.65394+00:00
255740,UNITYBNK,2025-06-23,1.51,,,1.51,0.0,2026-04-08T04:28:29.225711+00:00
255860,UNITYBNK,2025-06-24,1.51,,,1.51,0.0,2026-04-08T04:28:31.569579+00:00
255980,UNITYBNK,2025-06-25,1.51,,,1.51,0.0,2026-04-08T04:28:33.910697+00:00
256100,UNITYBNK,2025-06-26,1.51,,,1.51,0.0,2026-04-08T04:28:36.389223+00:00
256220,UNITYBNK,2025-06-27,1.51,,,1.51,0.0,2026-04-08T04:28:38.797599+00:00
256340,UNITYBNK,2025-07-01,1.51,,,1.51,0.0,2026-04-08T04:28:44.517216+00:00
256460,UNITYBNK,2025-07-02,1.51,,,1.51,0.0,2026-04-08T04:28:47.139962+00:00
256580,UNITYBNK,2025-07-03,1.51,,,1.51,0.0,2026-04-08T04:28:49.506141+00:00
256700,UNITYBNK,2025-07-04,1.51,,,1.51,0.0,2026-04-08T04:28:51.76506+00:00
256820,UNITYBNK,2025-07-07,1.51,,,1.51,0.0,2026-04-08T04:28:56.230166+00:00
256940,UNITYBNK,2025-07-08,1.51,,,1.51,0.0,2026-04-08T04:28:58.705995+00:00
257060,UNITYBNK,2025-07-09,1.51,,,1.51,0.0,2026-04-08T04:29:01.058721+00:00
257180,UNITYBNK,2025-07-10,1.51,,,1.51,0.0,2026-04-08T04:29:03.550316+00:00
257300,UNITYBNK,2025-07-11,1.51,,,1.51,0.0,2026-04-08T04:29:06.089999+00:00
257420,UNITYBNK,2025-07-14,1.51,,,1.51,0.0,2026-04-08T04:29:10.69196+00:00
257540,UNITYBNK,2025-07-16,1.51,,,1.51,0.0,2026-04-08T04:29:14.112969+00:00
257660,UNITYBNK,2025-07-17,1.51,,,1.51,0.0,2026-04-08T04:29:16.489777+00:00
257780,UNITYBNK,2025-07-18,1.51,,,1.51,0.0,2026-04-08T04:29:18.854517+00:00
257900,UNITYBNK,2025-07-21,1.51,,,1.51,0.0,2026-04-08T04:29:23.300994+00:00
258020,UNITYBNK,2025-07-22,1.51,,,1.51,0.0,2026-04-08T04:29:25.922592+00:00
258140,UNITYBNK,2025-07-23,1.51,,,1.51,0.0,2026-04-08T04:29:29.05968+00:00
258260,UNITYBNK,2025-07-24,1.51,,,1.51,0.0,2026-04-08T04:29:31.486978+00:00
258380,UNITYBNK,2025-07-25,1.51,,,1.51,0.0,2026-04-08T04:29:33.980938+00:00
258500,UNITYBNK,2025-07-28,1.51,,,1.51,0.0,2026-04-08T04:29:38.78621+00:00
258619,UNITYBNK,2025-07-29,1.51,,,1.51,0.0,2026-04-08T04:29:41.392621+00:00
258738,UNITYBNK,2025-07-30,1.51,,,1.51,0.0,2026-04-08T04:29:43.881641+00:00
258857,UNITYBNK,2025-07-31,1.51,,,1.51,0.0,2026-04-08T04:29:46.315218+00:00
258976,UNITYBNK,2025-08-01,1.51,,,1.51,0.0,2026-04-08T04:29:48.711654+00:00
259094,UNITYBNK,2025-08-04,1.51,,,1.51,0.0,2026-04-08T04:29:53.303607+00:00
259213,UNITYBNK,2025-08-05,1.51,,,1.51,0.0,2026-04-08T04:29:55.780422+00:00
259332,UNITYBNK,2025-08-06,1.51,,,1.51,0.0,2026-04-08T04:29:58.241852+00:00
259451,UNITYBNK,2025-08-07,1.51,,,1.51,0.0,2026-04-08T04:30:00.56444+00:00
259570,UNITYBNK,2025-08-08,1.51,,,1.51,0.0,2026-04-08T04:30:02.234883+00:00
259689,UNITYBNK,2025-08-11,1.51,,,1.51,0.0,2026-04-08T04:30:07.037349+00:00
259808,UNITYBNK,2025-08-12,1.51,,,1.51,0.0,2026-04-08T04:30:09.28323+00:00
259927,UNITYBNK,2025-08-13,1.51,,,1.51,0.0,2026-04-08T04:30:11.815521+00:00
260046,UNITYBNK,2025-08-14,1.51,,,1.51,0.0,2026-04-08T04:30:14.350221+00:00
260165,UNITYBNK,2025-08-15,1.51,,,1.51,0.0,2026-04-08T04:30:16.786076+00:00
260284,UNITYBNK,2025-08-18,1.51,,,1.51,0.0,2026-04-08T04:30:21.560319+00:00
260403,UNITYBNK,2025-08-19,1.51,,,1.51,0.0,2026-04-08T04:30:23.869462+00:00
260522,UNITYBNK,2025-08-20,1.51,,,1.51,0.0,2026-04-08T04:30:26.318672+00:00
260641,UNITYBNK,2025-08-21,1.51,,,1.51,0.0,2026-04-08T04:30:28.670378+00:00
260760,UNITYBNK,2025-08-22,1.51,,,1.51,0.0,2026-04-08T04:30:30.96965+00:00
260879,UNITYBNK,2025-08-25,1.51,,,1.51,0.0,2026-04-08T04:30:35.521871+00:00
260998,UNITYBNK,2025-08-26,1.51,,,1.51,0.0,2026-04-08T04:30:37.91594+00:00
261117,UNITYBNK,2025-08-27,1.51,,,1.51,0.0,2026-04-08T04:30:40.231113+00:00
261236,UNITYBNK,2025-08-28,1.51,,,1.51,0.0,2026-04-08T04:30:42.59826+00:00
261355,UNITYBNK,2025-08-29,1.51,,,1.51,0.0,2026-04-08T04:30:45.09102+00:00
261474,UNITYBNK,2025-09-01,1.51,,,1.51,0.0,2026-04-08T04:30:49.608802+00:00
261593,UNITYBNK,2025-09-02,1.51,,,1.51,0.0,2026-04-08T04:30:52.312491+00:00
261712,UNITYBNK,2025-09-03,1.51,,,1.51,0.0,2026-04-08T04:30:55.837007+00:00
261831,UNITYBNK,2025-09-04,1.51,,,1.51,0.0,2026-04-08T04:30:58.198935+00:00
261950,UNITYBNK,2025-09-08,1.51,,,1.51,0.0,2026-04-08T04:31:03.728068+00:00
262069,UNITYBNK,2025-09-09,1.51,,,1.51,0.0,2026-04-08T04:31:06.294869+00:00
262188,UNITYBNK,2025-09-10,1.51,,,1.51,0.0,2026-04-08T04:31:08.610575+00:00
262307,UNITYBNK,2025-09-11,1.51,,,1.51,0.0,2026-04-08T04:31:10.974873+00:00
262426,UNITYBNK,2025-09-12,1.51,,,1.51,0.0,2026-04-08T04:31:13.547359+00:00
262545,UNITYBNK,2025-09-15,1.51,,,1.51,0.0,2026-04-08T04:31:18.268622+00:00
262664,UNITYBNK,2025-09-16,1.51,,,1.51,0.0,2026-04-08T04:31:20.741189+00:00
262783,UNITYBNK,2025-09-17,1.51,,,1.51,0.0,2026-04-08T04:31:23.24235+00:00
262902,UNITYBNK,2025-09-18,1.51,,,1.51,0.0,2026-04-08T04:31:25.598019+00:00
263021,UNITYBNK,2025-09-19,1.51,,,1.51,0.0,2026-04-08T04:31:28.111008+00:00
263140,UNITYBNK,2025-09-22,1.51,,,1.51,0.0,2026-04-08T04:31:32.624882+00:00
263259,UNITYBNK,2025-09-23,1.51,,,1.51,0.0,2026-04-08T04:31:35.170326+00:00
263378,UNITYBNK,2025-09-24,1.51,,,1.51,0.0,2026-04-08T04:31:37.673105+00:00
263497,UNITYBNK,2025-09-25,1.51,,,1.51,4001377211.0,2026-04-08T04:31:40.100841+00:00
263616,UNITYBNK,2025-09-26,1.51,,,1.51,0.0,2026-04-08T04:31:42.548783+00:00
263735,UNITYBNK,2025-09-29,1.51,,,1.51,0.0,2026-04-08T04:31:47.029675+00:00
263854,UNITYBNK,2025-09-30,1.51,,,1.51,0.0,2026-04-08T04:31:49.320364+00:00
263973,UNITYBNK,2025-10-02,1.51,,,1.51,0.0,2026-04-08T04:31:52.706523+00:00
264092,UNITYBNK,2025-10-03,1.51,,,1.51,0.0,2026-04-08T04:31:55.311341+00:00
264211,UNITYBNK,2025-10-06,1.51,,,1.51,0.0,2026-04-08T04:31:59.803196+00:00
264330,UNITYBNK,2025-10-07,1.51,,,1.51,0.0,2026-04-08T04:32:02.285104+00:00
264449,UNITYBNK,2025-10-08,1.51,,,1.51,0.0,2026-04-08T04:32:04.646463+00:00
264568,UNITYBNK,2025-10-09,1.51,,,1.51,0.0,2026-04-08T04:32:07.004133+00:00
264687,UNITYBNK,2025-10-10,1.51,,,1.51,0.0,2026-04-08T04:32:10.69692+00:00
264806,UNITYBNK,2025-10-13,1.51,,,1.51,0.0,2026-04-08T04:32:15.267586+00:00
264925,UNITYBNK,2025-10-14,1.51,,,1.51,0.0,2026-04-08T04:32:17.792097+00:00
265044,UNITYBNK,2025-10-15,1.51,,,1.51,0.0,2026-04-08T04:32:20.093513+00:00
265163,UNITYBNK,2025-10-16,1.51,,,1.51,0.0,2026-04-08T04:32:22.728593+00:00
265282,UNITYBNK,2025-10-17,1.51,,,1.51,0.0,2026-04-08T04:32:25.167177+00:00
265401,UNITYBNK,2025-10-20,1.51,,,1.51,0.0,2026-04-08T04:32:29.532096+00:00
265520,UNITYBNK,2025-10-21,1.51,,,1.51,0.0,2026-04-08T04:32:31.920152+00:00
265639,UNITYBNK,2025-10-22,1.51,,,1.51,0.0,2026-04-08T04:32:34.332447+00:00
265758,UNITYBNK,2025-10-23,1.51,,,1.51,0.0,2026-04-08T04:32:36.79914+00:00
265877,UNITYBNK,2025-10-24,1.51,,,1.51,0.0,2026-04-08T04:32:39.249323+00:00
265996,UNITYBNK,2025-10-28,1.51,,,1.51,0.0,2026-04-08T04:32:44.921336+00:00
266115,UNITYBNK,2025-10-29,1.51,,,1.51,0.0,2026-04-08T04:32:47.450266+00:00
266234,UNITYBNK,2025-10-30,1.51,,,1.51,0.0,2026-04-08T04:32:49.91761+00:00
266353,UNITYBNK,2025-10-31,1.51,,,1.51,0.0,2026-04-08T04:32:52.375955+00:00
266472,UNITYBNK,2025-11-03,1.51,,,1.51,0.0,2026-04-08T04:32:57.290654+00:00
266591,UNITYBNK,2025-11-04,1.51,,,1.51,0.0,2026-04-08T04:32:59.739678+00:00
266710,UNITYBNK,2025-11-05,1.51,,,1.51,0.0,2026-04-08T04:33:02.152799+00:00
266829,UNITYBNK,2025-11-06,1.51,,,1.51,0.0,2026-04-08T04:33:04.646202+00:00
266948,UNITYBNK,2025-11-07,1.51,,,1.51,0.0,2026-04-08T04:33:07.145499+00:00
267067,UNITYBNK,2025-11-10,1.51,,,1.51,0.0,2026-04-08T04:33:11.744122+00:00
267186,UNITYBNK,2025-11-11,1.51,,,1.51,0.0,2026-04-08T04:33:14.17228+00:00
267305,UNITYBNK,2025-11-12,1.51,,,1.51,0.0,2026-04-08T04:33:16.719178+00:00
267424,UNITYBNK,2025-11-13,1.51,,,1.51,0.0,2026-04-08T04:33:19.052814+00:00
267543,UNITYBNK,2025-11-14,1.51,,,1.51,0.0,2026-04-08T04:33:21.762061+00:00
267662,UNITYBNK,2025-11-17,1.51,,,1.51,0.0,2026-04-08T04:33:26.271116+00:00
267781,UNITYBNK,2025-11-18,1.51,,,1.51,0.0,2026-04-08T04:33:29.067053+00:00
267900,UNITYBNK,2025-11-19,1.51,,,1.51,0.0,2026-04-08T04:33:31.487527+00:00
268019,UNITYBNK,2025-11-20,1.51,,,1.51,0.0,2026-04-08T04:33:33.887172+00:00
268138,UNITYBNK,2025-11-21,1.51,,,1.51,0.0,2026-04-08T04:33:36.654129+00:00
268257,UNITYBNK,2025-11-24,1.51,,,1.51,0.0,2026-04-08T04:33:41.368891+00:00
268376,UNITYBNK,2025-11-25,1.51,,,1.51,0.0,2026-04-08T04:33:44.004166+00:00
268495,UNITYBNK,2025-11-26,1.51,,,1.51,0.0,2026-04-08T04:33:46.260048+00:00
268614,UNITYBNK,2025-11-27,1.51,,,1.51,0.0,2026-04-08T04:33:48.488035+00:00
268733,UNITYBNK,2025-11-28,1.51,,,1.51,0.0,2026-04-08T04:33:50.826192+00:00
268852,UNITYBNK,2025-12-01,1.51,,,1.51,0.0,2026-04-08T04:33:55.236541+00:00
268971,UNITYBNK,2025-12-02,1.51,,,1.51,0.0,2026-04-08T04:33:57.748335+00:00
269090,UNITYBNK,2025-12-03,1.51,,,1.51,0.0,2026-04-08T04:34:00.349419+00:00
269209,UNITYBNK,2025-12-04,1.51,,,1.51,0.0,2026-04-08T04:34:03.142475+00:00
269328,UNITYBNK,2025-12-05,1.51,,,1.51,0.0,2026-04-08T04:34:05.808951+00:00
269447,UNITYBNK,2025-12-08,1.51,,,1.51,0.0,2026-04-08T04:34:10.334331+00:00
269566,UNITYBNK,2025-12-09,1.51,,,1.51,0.0,2026-04-08T04:34:12.926221+00:00
269685,UNITYBNK,2025-12-10,1.51,,,1.51,0.0,2026-04-08T04:34:15.295879+00:00
269804,UNITYBNK,2025-12-11,1.51,,,1.51,0.0,2026-04-08T04:34:17.804745+00:00
269923,UNITYBNK,2025-12-12,1.51,,,1.51,0.0,2026-04-08T04:34:20.615101+00:00
270042,UNITYBNK,2025-12-15,1.51,,,1.51,0.0,2026-04-08T04:34:25.240467+00:00
270161,UNITYBNK,2025-12-16,1.51,,,1.51,0.0,2026-04-08T04:34:27.867795+00:00
270280,UNITYBNK,2025-12-18,1.51,,,1.51,0.0,2026-04-08T04:34:31.321522+00:00
270399,UNITYBNK,2025-12-19,1.51,,,1.51,0.0,2026-04-08T04:34:33.771022+00:00
270518,UNITYBNK,2025-12-22,1.51,,,1.51,0.0,2026-04-08T04:34:38.115277+00:00
270637,UNITYBNK,2025-12-23,1.51,,,1.51,0.0,2026-04-08T04:34:40.661369+00:00
270756,UNITYBNK,2025-12-24,1.51,,,1.51,0.0,2026-04-08T04:34:43.221402+00:00
270875,UNITYBNK,2025-12-29,1.51,,,1.51,0.0,2026-04-08T04:34:48.902152+00:00
270994,UNITYBNK,2025-12-30,1.51,,,1.51,0.0,2026-04-08T04:34:51.359097+00:00
271113,UNITYBNK,2025-12-31,1.51,,,1.51,0.0,2026-04-08T04:34:53.061316+00:00
271232,UNITYBNK,2026-01-02,1.51,,,1.51,0.0,2026-04-08T04:34:56.467348+00:00
271351,UNITYBNK,2026-01-05,1.51,,,1.51,0.0,2026-04-08T04:35:01.008466+00:00
271470,UNITYBNK,2026-01-06,1.51,,,1.51,0.0,2026-04-08T04:35:03.366972+00:00
271589,UNITYBNK,2026-01-07,1.51,,,1.51,0.0,2026-04-08T04:35:05.819661+00:00
271708,UNITYBNK,2026-01-08,1.51,,,1.51,0.0,2026-04-08T04:35:08.163488+00:00
271827,UNITYBNK,2026-01-09,1.51,,,1.51,0.0,2026-04-08T04:35:10.591402+00:00
271946,UNITYBNK,2026-01-12,1.51,,,1.51,0.0,2026-04-08T04:35:15.220756+00:00
272065,UNITYBNK,2026-01-13,1.51,,,1.51,0.0,2026-04-08T04:35:17.864544+00:00
272184,UNITYBNK,2026-01-14,1.51,,,1.51,0.0,2026-04-08T04:35:20.278959+00:00
272303,UNITYBNK,2026-01-15,1.51,,,1.51,0.0,2026-04-08T04:35:23.159853+00:00
272422,UNITYBNK,2026-01-16,1.51,,,1.51,0.0,2026-04-08T04:35:25.571119+00:00
272541,UNITYBNK,2026-01-19,1.51,,,1.51,0.0,2026-04-08T04:35:30.272746+00:00
272660,UNITYBNK,2026-01-20,1.51,,,1.51,0.0,2026-04-08T04:35:32.536083+00:00
272780,UNITYBNK,2026-01-21,1.51,,,1.51,0.0,2026-04-08T04:35:34.90344+00:00
272900,UNITYBNK,2026-01-22,1.51,,,1.51,0.0,2026-04-08T04:35:36.566163+00:00
273020,UNITYBNK,2026-01-23,1.51,,,1.51,0.0,2026-04-08T04:35:38.92405+00:00
273140,UNITYBNK,2026-01-26,1.51,,,1.51,0.0,2026-04-08T04:35:43.383975+00:00
273260,UNITYBNK,2026-01-27,1.51,,,1.51,0.0,2026-04-08T04:35:45.70946+00:00
273380,UNITYBNK,2026-01-28,1.51,,,1.51,0.0,2026-04-08T04:35:48.193808+00:00
273500,UNITYBNK,2026-01-29,1.51,,,1.51,0.0,2026-04-08T04:35:50.479528+00:00
273620,UNITYBNK,2026-01-30,1.51,,,1.51,0.0,2026-04-08T04:35:52.855058+00:00
273740,UNITYBNK,2026-02-02,1.51,,,1.51,0.0,2026-04-08T04:35:57.524813+00:00
273860,UNITYBNK,2026-02-03,1.51,,,1.51,0.0,2026-04-08T04:36:00.137559+00:00
273980,UNITYBNK,2026-02-04,1.51,,,1.51,0.0,2026-04-08T04:36:02.592569+00:00
274100,UNITYBNK,2026-02-05,1.51,,,1.51,0.0,2026-04-08T04:36:04.997535+00:00
274220,UNITYBNK,2026-02-06,1.51,,,1.51,0.0,2026-04-08T04:36:07.533957+00:00
136,UNITYBNK,2026-02-08,,,,1.51,,2026-02-08T00:18:13.946+00:00
274340,UNITYBNK,2026-02-09,1.51,,,1.51,0.0,2026-04-08T04:36:12.456447+00:00
274460,UNITYBNK,2026-02-10,1.51,,,1.51,0.0,2026-04-08T04:36:14.818506+00:00
274580,UNITYBNK,2026-02-11,1.51,,,1.51,0.0,2026-04-08T04:36:17.460702+00:00
249,UNITYBNK,2026-02-12,1.51,,,1.51,0.0,2026-02-12T09:23:58.890933+00:00
274820,UNITYBNK,2026-02-13,1.51,,,1.51,0.0,2026-04-08T04:36:22.38356+00:00
274940,UNITYBNK,2026-02-16,1.51,,,1.51,0.0,2026-04-08T04:36:26.879081+00:00
275060,UNITYBNK,2026-02-17,1.51,,,1.51,0.0,2026-04-08T04:36:29.440312+00:00
275180,UNITYBNK,2026-02-18,1.51,,,1.51,0.0,2026-04-08T04:36:31.166521+00:00
275300,UNITYBNK,2026-02-19,1.51,,,1.51,0.0,2026-04-08T04:36:33.575564+00:00
629,UNITYBNK,2026-02-20,1.51,,,1.51,0.0,2026-02-20T23:15:44.934622+00:00
777,UNITYBNK,2026-02-23,1.51,,,1.51,0.0,2026-02-23T07:00:01.990412+00:00
925,UNITYBNK,2026-02-24,1.51,,,1.51,0.0,2026-02-24T07:00:01.929914+00:00
1073,UNITYBNK,2026-02-25,1.51,,,1.51,0.0,2026-02-25T07:00:01.953057+00:00
1221,UNITYBNK,2026-02-26,1.51,,,1.51,0.0,2026-02-26T07:00:01.915173+00:00
1909,UNITYBNK,2026-02-27,1.51,,,1.51,0.0,2026-02-27T07:00:02.056517+00:00
2790,UNITYBNK,2026-02-28,1.51,,,1.51,,2026-02-28T18:00:03.453641+00:00
2938,UNITYBNK,2026-03-01,1.51,,,1.51,,2026-03-01T18:00:03.821122+00:00
3086,UNITYBNK,2026-03-02,1.51,,,1.51,0.0,2026-03-02T07:00:01.981706+00:00
4050,UNITYBNK,2026-03-03,1.51,,,1.51,0.0,2026-03-03T07:00:01.858909+00:00
5487,UNITYBNK,2026-03-04,1.51,,,1.51,0.0,2026-03-04T07:00:02.010027+00:00
7205,UNITYBNK,2026-03-05,1.51,,,1.51,0.0,2026-03-05T07:00:02.0033+00:00
9721,UNITYBNK,2026-03-06,1.51,,,1.51,0.0,2026-03-06T07:00:02.033178+00:00
11379,UNITYBNK,2026-03-07,1.51,,,1.51,,2026-03-07T18:00:06.285951+00:00
11527,UNITYBNK,2026-03-08,1.51,,,1.51,,2026-03-08T18:00:03.574352+00:00
11675,UNITYBNK,2026-03-09,1.51,,,1.51,0.0,2026-03-09T07:00:02.016534+00:00
14191,UNITYBNK,2026-03-10,1.51,,,1.51,0.0,2026-03-10T07:00:03.966079+00:00
16031,UNITYBNK,2026-03-11,1.51,,,1.51,0.0,2026-03-11T07:00:02.147117+00:00
17747,UNITYBNK,2026-03-12,1.51,,,1.51,0.0,2026-03-12T07:00:02.06753+00:00
20263,UNITYBNK,2026-03-13,1.51,,,1.51,,2026-03-13T07:00:01.993197+00:00
23709,UNITYBNK,2026-03-16,1.51,,,1.51,0.0,2026-03-16T08:30:01.80086+00:00
25540,UNITYBNK,2026-03-17,1.51,,,1.51,0.0,2026-03-17T08:30:01.70448+00:00
27403,UNITYBNK,2026-03-18,1.51,,,1.51,0.0,2026-03-18T08:30:01.732403+00:00
33217,UNITYBNK,2026-03-23,1.51,,,1.51,0.0,2026-03-23T08:30:01.705825+00:00
34795,UNITYBNK,2026-03-24,1.51,,,1.51,0.0,2026-03-24T15:00:01.978259+00:00
34943,UNITYBNK,2026-03-25,1.51,,,1.51,0.0,2026-03-25T15:00:01.528164+00:00
35091,UNITYBNK,2026-03-26,1.51,,,1.51,0.0,2026-03-26T15:00:01.955832+00:00
35239,UNITYBNK,2026-03-27,1.51,,,1.51,0.0,2026-03-27T15:00:02.114662+00:00
278180,UNITYBNK,2026-03-30,1.51,,,1.51,0.0,2026-04-08T04:37:47.74327+00:00
35387,UNITYBNK,2026-03-31,1.51,,,1.51,0.0,2026-03-31T15:00:02.085058+00:00
278420,UNITYBNK,2026-04-01,1.51,,,1.51,0.0,2026-04-08T04:37:52.684906+00:00
35535,UNITYBNK,2026-04-02,1.51,,,1.51,0.0,2026-04-02T15:00:01.864809+00:00
35979,UNITYBNK,2026-04-07,1.51,,,1.51,0.0,2026-04-07T15:00:01.949344+00:00
278876,UNITYBNK,2026-04-08,1.51,,,1.51,,2026-04-08T15:00:01.943007+00:00
279023,UNITYBNK,2026-04-09,1.51,,,1.51,,2026-04-09T15:00:02.085141+00:00
279169,UNITYBNK,2026-04-10,1.51,,,1.51,,2026-04-10T15:00:01.352272+00:00
279315,UNITYBNK,2026-04-13,1.51,,,1.51,,2026-04-13T15:00:02.021173+00:00
279461,UNITYBNK,2026-04-14,1.51,,,1.51,,2026-04-14T15:00:02.477878+00:00
279607,UNITYBNK,2026-04-15,1.51,,,1.51,,2026-04-15T15:00:02.184222+00:00
279753,UNITYBNK,2026-04-16,1.51,,,1.51,,2026-04-16T15:00:02.07143+00:00
279899,UNITYBNK,2026-04-17,1.51,,,1.51,,2026-04-17T15:00:02.06245+00:00
280045,UNITYBNK,2026-04-20,1.51,,,1.51,,2026-04-20T15:00:01.862344+00:00
280191,UNITYBNK,2026-04-21,1.51,,,1.51,,2026-04-21T15:00:02.189846+00:00
280337,UNITYBNK,2026-04-22,1.51,,,1.51,,2026-04-22T15:00:02.200159+00:00
280483,UNITYBNK,2026-04-23,1.51,,,1.51,,2026-04-23T15:00:02.125151+00:00
280629,UNITYBNK,2026-04-24,1.51,,,1.51,,2026-04-24T15:00:02.20649+00:00
280775,UNITYBNK,2026-04-27,1.51,,,1.51,,2026-04-27T15:00:02.034997+00:00
280921,UNITYBNK,2026-04-28,1.51,,,1.51,,2026-04-28T15:00:01.918241+00:00
281067,UNITYBNK,2026-04-29,1.51,,,1.51,,2026-04-29T15:00:02.672724+00:00
281213,UNITYBNK,2026-04-30,1.51,,,1.51,,2026-04-30T15:00:02.170664+00:00
281505,UNITYBNK,2026-05-04,1.51,,,1.51,,2026-05-04T15:00:02.156928+00:00
281651,UNITYBNK,2026-05-05,1.51,,,1.51,,2026-05-05T15:00:01.930748+00:00
281797,UNITYBNK,2026-05-06,1.51,,,1.51,,2026-05-06T15:00:01.919787+00:00
281943,UNITYBNK,2026-05-07,1.51,,,1.51,,2026-05-07T15:00:01.995523+00:00
282089,UNITYBNK,2026-05-08,1.51,,,1.51,,2026-05-08T15:00:02.118161+00:00
282235,UNITYBNK,2026-05-11,1.51,,,1.51,,2026-05-11T15:00:02.243132+00:00
282381,UNITYBNK,2026-05-12,1.51,,,1.51,,2026-05-12T15:00:02.325735+00:00
282527,UNITYBNK,2026-05-13,1.51,,,1.51,,2026-05-13T15:00:01.887561+00:00
282673,UNITYBNK,2026-05-14,1.51,,,1.51,,2026-05-14T15:00:01.952989+00:00
282819,UNITYBNK,2026-05-15,1.51,,,1.51,,2026-05-15T15:00:01.871578+00:00
282965,UNITYBNK,2026-05-18,1.51,,,1.51,,2026-05-18T15:00:01.868607+00:00
283111,UNITYBNK,2026-05-19,1.51,,,1.51,,2026-05-19T15:00:01.863653+00:00
283257,UNITYBNK,2026-05-20,1.51,,,1.51,,2026-05-20T15:00:01.871845+00:00
283403,UNITYBNK,2026-05-21,1.51,,,1.51,,2026-05-21T15:00:01.939198+00:00
283549,UNITYBNK,2026-05-22,1.51,,,1.51,,2026-05-22T15:00:02.031345+00:00
283695,UNITYBNK,2026-05-25,1.51,,,1.51,,2026-05-25T15:00:01.979384+00:00
283841,UNITYBNK,2026-05-26,1.51,,,1.51,,2026-05-26T15:00:01.996051+00:00
284279,UNITYBNK,2026-05-29,1.51,,,1.51,,2026-05-29T15:00:02.455558+00:00
284425,UNITYBNK,2026-06-01,1.51,,,1.51,,2026-06-01T15:00:02.603507+00:00
284571,UNITYBNK,2026-06-02,1.51,,,1.51,,2026-06-02T15:00:02.980523+00:00
284717,UNITYBNK,2026-06-03,1.51,,,1.51,,2026-06-03T15:00:03.023028+00:00
284863,UNITYBNK,2026-06-04,1.51,,,1.51,,2026-06-04T15:00:03.321931+00:00
285009,UNITYBNK,2026-06-05,1.51,,,1.51,,2026-06-05T15:00:03.073061+00:00
285155,UNITYBNK,2026-06-08,1.51,,,1.51,,2026-06-08T15:00:03.135386+00:00
285301,UNITYBNK,2026-06-09,1.51,,,1.51,,2026-06-09T15:00:03.53749+00:00
285447,UNITYBNK,2026-06-10,1.51,,,1.51,,2026-06-10T15:10:03.084397+00:00
285885,UNITYBNK,2026-06-11,1.51,,,1.51,,2026-06-11T15:10:02.991492+00:00
287637,UNITYBNK,2026-06-15,1.51,,,1.51,,2026-06-15T15:10:02.896252+00:00
288513,UNITYBNK,2026-06-16,1.51,,,1.51,,2026-06-16T15:10:02.87997+00:00
289389,UNITYBNK,2026-06-17,1.51,,,1.51,,2026-06-17T15:10:02.980097+00:00
289827,UNITYBNK,2026-06-18,1.51,,,1.51,,2026-06-18T15:10:02.932064+00:00
290411,UNITYBNK,2026-06-19,1.51,,,1.51,,2026-06-19T15:10:02.959085+00:00
291141,UNITYBNK,2026-06-22,1.51,,,1.51,,2026-06-22T15:10:03.140564+00:00
291725,UNITYBNK,2026-06-23,1.51,,,1.51,,2026-06-23T15:10:03.017319+00:00
292309,UNITYBNK,2026-06-24,1.51,,,1.51,,2026-06-24T15:10:03.053149+00:00
292893,UNITYBNK,2026-06-25,1.51,,,1.51,,2026-06-25T15:10:02.973562+00:00
293331,UNITYBNK,2026-06-26,1.51,,,1.51,,2026-06-26T15:10:03.012808+00:00
293769,UNITYBNK,2026-06-29,1.51,,,1.51,,2026-06-29T15:10:03.028054+00:00
294207,UNITYBNK,2026-06-30,1.51,,,1.51,,2026-06-30T15:10:03.08168+00:00
294645,UNITYBNK,2026-07-01,1.51,,,1.51,,2026-07-01T15:10:03.133226+00:00
295083,UNITYBNK,2026-07-02,1.51,,,1.51,,2026-07-02T15:10:03.065554+00:00
295521,UNITYBNK,2026-07-03,1.51,,,1.51,,2026-07-03T15:10:03.019266+00:00
295959,UNITYBNK,2026-07-06,1.51,,,1.51,,2026-07-06T15:10:03.100823+00:00
296397,UNITYBNK,2026-07-07,1.51,,,1.51,,2026-07-07T15:10:03.687653+00:00
296835,UNITYBNK,2026-07-08,1.51,,,1.51,,2026-07-08T15:10:02.922872+00:00
297274,UNITYBNK,2026-07-09,1.51,,,1.51,,2026-07-09T15:10:03.041812+00:00
297712,UNITYBNK,2026-07-10,1.51,,,1.51,,2026-07-10T15:10:03.284445+00:00
298150,UNITYBNK,2026-07-13,1.51,,,1.51,,2026-07-13T15:10:02.995074+00:00
298588,UNITYBNK,2026-07-14,1.51,,,1.51,,2026-07-14T15:10:03.094441+00:00
299026,UNITYBNK,2026-07-15,1.51,,,1.51,,2026-07-15T15:10:03.078609+00:00
299464,UNITYBNK,2026-07-16,1.51,,,1.51,,2026-07-16T15:10:03.113936+00:00
299902,UNITYBNK,2026-07-17,1.51,,,1.51,,2026-07-17T15:10:03.053983+00:00
