id,symbol,trade_date,open_price,high_price,low_price,close_price,volume,created_at
42788,UPDCREIT,2017-01-03,10.0,,,10.0,0,2026-04-08T02:41:25.765521+00:00
43348,UPDCREIT,2017-01-04,10.0,,,10.0,0,2026-04-08T02:42:20.164398+00:00
43458,UPDCREIT,2017-01-05,10.0,,,10.0,0,2026-04-08T02:42:22.380516+00:00
43568,UPDCREIT,2017-01-06,10.0,,,10.0,0,2026-04-08T02:42:23.84796+00:00
43658,UPDCREIT,2017-01-09,10.0,,,10.0,0,2026-04-08T02:42:26.938159+00:00
43768,UPDCREIT,2017-01-10,10.0,,,10.0,0,2026-04-08T02:42:29.227202+00:00
43878,UPDCREIT,2017-01-11,10.0,,,10.0,0,2026-04-08T02:42:30.799441+00:00
43968,UPDCREIT,2017-01-12,10.0,,,10.0,0,2026-04-08T02:42:32.390658+00:00
44079,UPDCREIT,2017-01-13,10.0,,,10.0,0,2026-04-08T02:42:34.853543+00:00
44188,UPDCREIT,2017-01-16,10.0,,,10.0,270,2026-04-08T02:42:38.72803+00:00
44298,UPDCREIT,2017-01-17,10.0,,,10.0,0,2026-04-08T02:42:41.056228+00:00
44408,UPDCREIT,2017-01-18,10.0,,,10.0,0,2026-04-08T02:42:42.795307+00:00
44498,UPDCREIT,2017-01-19,10.0,,,10.0,0,2026-04-08T02:42:44.39781+00:00
44608,UPDCREIT,2017-01-20,10.0,,,10.0,500,2026-04-08T02:42:46.643743+00:00
44718,UPDCREIT,2017-01-23,10.0,,,10.0,100,2026-04-08T02:42:49.827664+00:00
44828,UPDCREIT,2017-01-24,10.0,,,10.0,9800,2026-04-08T02:42:51.574002+00:00
44918,UPDCREIT,2017-01-25,10.0,,,10.0,0,2026-04-08T02:42:54.05787+00:00
45028,UPDCREIT,2017-01-26,10.0,,,10.0,0,2026-04-08T02:42:55.759+00:00
45138,UPDCREIT,2017-01-27,10.0,,,10.0,0,2026-04-08T02:42:57.462271+00:00
45248,UPDCREIT,2017-01-30,10.0,,,10.0,0,2026-04-08T02:43:00.905282+00:00
45358,UPDCREIT,2017-01-31,10.0,,,10.0,0,2026-04-08T02:43:03.07753+00:00
45468,UPDCREIT,2017-02-01,10.0,,,10.0,0,2026-04-08T02:43:04.619173+00:00
45558,UPDCREIT,2017-02-02,10.0,,,10.0,0,2026-04-08T02:43:06.209007+00:00
45668,UPDCREIT,2017-02-03,10.0,,,10.0,5955,2026-04-08T02:43:08.490666+00:00
45778,UPDCREIT,2017-02-06,10.0,,,10.0,490,2026-04-08T02:43:11.037852+00:00
45888,UPDCREIT,2017-02-07,10.0,,,10.0,0,2026-04-08T02:43:12.662822+00:00
45978,UPDCREIT,2017-02-08,10.0,,,10.0,10,2026-04-08T02:43:14.224877+00:00
46088,UPDCREIT,2017-02-09,10.0,,,10.0,9820,2026-04-08T02:43:16.408746+00:00
46199,UPDCREIT,2017-02-10,10.0,,,10.0,0,2026-04-08T02:43:18.597686+00:00
46291,UPDCREIT,2017-02-13,10.0,,,10.0,10,2026-04-08T02:43:22.775561+00:00
46403,UPDCREIT,2017-02-14,10.0,,,10.0,0,2026-04-08T02:43:24.286485+00:00
46515,UPDCREIT,2017-02-15,10.0,,,10.0,0,2026-04-08T02:43:26.422065+00:00
46627,UPDCREIT,2017-02-16,10.0,,,10.0,100,2026-04-08T02:43:28.597754+00:00
46719,UPDCREIT,2017-02-17,10.0,,,10.0,0,2026-04-08T02:43:31.044717+00:00
49387,UPDCREIT,2017-02-20,10.0,,,10.0,0,2026-04-08T02:51:00.639833+00:00
49479,UPDCREIT,2017-02-21,10.0,,,10.0,300,2026-04-08T02:51:03.098475+00:00
46811,UPDCREIT,2017-02-22,10.0,,,10.0,0,2026-04-08T02:44:33.152084+00:00
46903,UPDCREIT,2017-02-23,10.0,,,10.0,0,2026-04-08T02:44:35.448225+00:00
46995,UPDCREIT,2017-02-24,10.0,,,10.0,0,2026-04-08T02:44:37.781529+00:00
47087,UPDCREIT,2017-02-27,10.0,,,10.0,0,2026-04-08T02:44:42.101817+00:00
47179,UPDCREIT,2017-02-28,10.0,,,10.0,4900,2026-04-08T02:44:45.006295+00:00
47271,UPDCREIT,2017-03-01,10.0,,,10.0,0,2026-04-08T02:44:47.332471+00:00
47363,UPDCREIT,2017-03-02,10.0,,,10.0,0,2026-04-08T02:44:49.657807+00:00
47455,UPDCREIT,2017-03-03,10.0,,,10.0,0,2026-04-08T02:44:51.301699+00:00
47547,UPDCREIT,2017-03-06,10.0,,,10.0,0,2026-04-08T02:44:56.024588+00:00
47639,UPDCREIT,2017-03-07,10.0,,,10.0,0,2026-04-08T02:44:58.263872+00:00
47731,UPDCREIT,2017-03-08,10.0,,,10.0,0,2026-04-08T02:44:59.957789+00:00
47823,UPDCREIT,2017-03-09,10.0,,,10.0,0,2026-04-08T02:45:01.661944+00:00
47915,UPDCREIT,2017-03-10,10.0,,,10.0,0,2026-04-08T02:45:03.96312+00:00
48007,UPDCREIT,2017-03-13,10.0,,,10.0,0,2026-04-08T02:45:08.663664+00:00
48099,UPDCREIT,2017-03-14,10.0,,,10.0,0,2026-04-08T02:45:11.088473+00:00
48191,UPDCREIT,2017-03-15,10.0,,,10.0,0,2026-04-08T02:45:12.861206+00:00
48283,UPDCREIT,2017-03-16,10.0,,,10.0,0,2026-04-08T02:45:15.084197+00:00
48375,UPDCREIT,2017-03-17,10.0,,,10.0,500,2026-04-08T02:45:17.543831+00:00
48467,UPDCREIT,2017-03-20,10.0,,,10.0,0,2026-04-08T02:45:21.873889+00:00
48559,UPDCREIT,2017-03-21,10.0,,,10.0,0,2026-04-08T02:45:25.078347+00:00
48651,UPDCREIT,2017-03-22,10.0,,,10.0,0,2026-04-08T02:45:26.626215+00:00
48743,UPDCREIT,2017-03-23,10.0,,,10.0,0,2026-04-08T02:45:28.377346+00:00
48835,UPDCREIT,2017-03-24,10.0,,,10.0,0,2026-04-08T02:45:30.775015+00:00
48927,UPDCREIT,2017-03-27,10.0,,,10.0,0,2026-04-08T02:45:34.704999+00:00
49019,UPDCREIT,2017-03-28,10.0,,,10.0,0,2026-04-08T02:45:36.347457+00:00
49111,UPDCREIT,2017-03-29,10.0,,,10.0,2000,2026-04-08T02:45:38.731306+00:00
49203,UPDCREIT,2017-03-30,10.0,,,10.0,0,2026-04-08T02:45:40.513553+00:00
49295,UPDCREIT,2017-03-31,10.0,,,10.0,0,2026-04-08T02:45:42.281198+00:00
49571,UPDCREIT,2017-04-03,10.0,,,10.0,0,2026-04-08T02:51:07.481095+00:00
49663,UPDCREIT,2017-04-04,10.0,,,10.0,0,2026-04-08T02:51:09.86923+00:00
49755,UPDCREIT,2017-04-05,10.0,,,10.0,0,2026-04-08T02:51:12.308135+00:00
49847,UPDCREIT,2017-04-06,10.0,,,10.0,0,2026-04-08T02:51:14.846493+00:00
49939,UPDCREIT,2017-04-07,10.0,,,10.0,2000,2026-04-08T02:51:17.320635+00:00
50031,UPDCREIT,2017-04-10,10.0,,,10.0,0,2026-04-08T02:51:21.583607+00:00
50122,UPDCREIT,2017-04-11,10.0,,,10.0,0,2026-04-08T02:51:23.796131+00:00
50213,UPDCREIT,2017-04-12,10.0,,,10.0,100,2026-04-08T02:51:26.28287+00:00
50304,UPDCREIT,2017-04-13,10.0,,,10.0,1000,2026-04-08T02:51:28.606475+00:00
50395,UPDCREIT,2017-04-18,10.0,,,10.0,0,2026-04-08T02:51:35.070654+00:00
50486,UPDCREIT,2017-04-19,10.0,,,10.0,0,2026-04-08T02:51:37.390681+00:00
50577,UPDCREIT,2017-04-20,10.0,,,10.0,0,2026-04-08T02:51:39.751187+00:00
50668,UPDCREIT,2017-04-21,10.0,,,10.0,0,2026-04-08T02:51:42.059234+00:00
50759,UPDCREIT,2017-04-24,10.0,,,10.0,0,2026-04-08T02:51:46.271638+00:00
50850,UPDCREIT,2017-04-25,10.0,,,10.0,0,2026-04-08T02:51:48.506234+00:00
50941,UPDCREIT,2017-04-26,10.0,,,10.0,0,2026-04-08T02:51:50.787758+00:00
51032,UPDCREIT,2017-04-27,10.0,,,10.0,0,2026-04-08T02:51:53.168104+00:00
51123,UPDCREIT,2017-04-28,10.0,,,10.0,0,2026-04-08T02:51:55.619599+00:00
51214,UPDCREIT,2017-05-02,10.0,,,10.0,0,2026-04-08T02:52:01.291461+00:00
51305,UPDCREIT,2017-05-03,10.0,,,10.0,0,2026-04-08T02:52:03.619408+00:00
51396,UPDCREIT,2017-05-04,10.0,,,10.0,54000,2026-04-08T02:52:06.041901+00:00
51487,UPDCREIT,2017-05-05,10.0,,,10.0,0,2026-04-08T02:52:08.320033+00:00
51578,UPDCREIT,2017-05-08,10.0,,,10.0,0,2026-04-08T02:52:12.828428+00:00
51669,UPDCREIT,2017-05-09,10.0,,,10.0,0,2026-04-08T02:52:15.102333+00:00
51760,UPDCREIT,2017-05-10,10.0,,,10.0,500,2026-04-08T02:52:17.709352+00:00
51851,UPDCREIT,2017-05-11,10.0,,,10.0,0,2026-04-08T02:52:19.900179+00:00
51942,UPDCREIT,2017-05-12,10.0,,,10.0,0,2026-04-08T02:52:22.170941+00:00
52033,UPDCREIT,2017-05-15,10.0,,,10.0,0,2026-04-08T02:52:26.563035+00:00
52125,UPDCREIT,2017-05-16,10.0,,,10.0,3674,2026-04-08T02:52:28.807233+00:00
52217,UPDCREIT,2017-05-17,10.0,,,10.0,54000,2026-04-08T02:52:31.099411+00:00
52309,UPDCREIT,2017-05-18,10.0,,,10.0,185,2026-04-08T02:52:33.303088+00:00
52401,UPDCREIT,2017-05-19,10.0,,,10.0,0,2026-04-08T02:52:35.640534+00:00
52493,UPDCREIT,2017-05-22,10.0,,,10.0,0,2026-04-08T02:52:39.854932+00:00
52585,UPDCREIT,2017-05-23,10.0,,,10.0,472,2026-04-08T02:52:42.264162+00:00
52677,UPDCREIT,2017-05-24,10.0,,,10.0,63,2026-04-08T02:52:44.613941+00:00
52769,UPDCREIT,2017-05-25,10.0,,,10.0,5000,2026-04-08T02:52:46.963191+00:00
52861,UPDCREIT,2017-05-26,10.0,,,10.0,88,2026-04-08T02:52:49.347152+00:00
52953,UPDCREIT,2017-05-30,10.0,,,10.0,0,2026-04-08T02:52:54.942696+00:00
53045,UPDCREIT,2017-05-31,10.0,,,10.0,0,2026-04-08T02:52:57.421655+00:00
53137,UPDCREIT,2017-06-01,10.0,,,10.0,0,2026-04-08T02:52:59.649981+00:00
53229,UPDCREIT,2017-06-02,10.0,,,10.0,0,2026-04-08T02:53:02.056444+00:00
53321,UPDCREIT,2017-06-05,10.0,,,10.0,0,2026-04-08T02:53:06.428901+00:00
53413,UPDCREIT,2017-06-06,10.0,,,10.0,0,2026-04-08T02:53:08.604609+00:00
53505,UPDCREIT,2017-06-07,10.0,,,10.0,0,2026-04-08T02:53:10.833265+00:00
53597,UPDCREIT,2017-06-08,10.0,,,10.0,0,2026-04-08T02:53:13.196386+00:00
53689,UPDCREIT,2017-06-09,10.0,,,10.0,20,2026-04-08T02:53:15.53674+00:00
53781,UPDCREIT,2017-06-12,10.0,,,10.0,0,2026-04-08T02:53:19.709801+00:00
53873,UPDCREIT,2017-06-13,10.0,,,10.0,0,2026-04-08T02:53:22.046011+00:00
53965,UPDCREIT,2017-06-14,10.0,,,10.0,2000,2026-04-08T02:53:24.253383+00:00
54057,UPDCREIT,2017-06-15,10.0,,,10.0,150,2026-04-08T02:53:26.527181+00:00
54149,UPDCREIT,2017-06-16,10.0,,,10.0,0,2026-04-08T02:53:28.80273+00:00
54241,UPDCREIT,2017-06-19,10.0,,,10.0,90,2026-04-08T02:53:33.036647+00:00
54333,UPDCREIT,2017-06-20,10.0,,,10.0,2500,2026-04-08T02:53:35.524675+00:00
54425,UPDCREIT,2017-06-21,10.0,,,10.0,0,2026-04-08T02:53:37.865913+00:00
54517,UPDCREIT,2017-06-22,10.0,,,10.0,1100340,2026-04-08T02:53:40.094955+00:00
54609,UPDCREIT,2017-06-23,10.0,,,10.0,0,2026-04-08T02:53:42.493578+00:00
54701,UPDCREIT,2017-06-28,10.0,,,10.0,0,2026-04-08T02:53:49.135881+00:00
54793,UPDCREIT,2017-06-29,10.0,,,10.0,2005,2026-04-08T02:53:51.51214+00:00
54885,UPDCREIT,2017-06-30,10.0,,,10.0,10330,2026-04-08T02:53:53.827964+00:00
54977,UPDCREIT,2017-07-03,10.0,,,10.0,0,2026-04-08T02:53:58.279599+00:00
55069,UPDCREIT,2017-07-04,10.0,,,10.0,0,2026-04-08T02:54:00.563227+00:00
55161,UPDCREIT,2017-07-05,10.0,,,10.0,0,2026-04-08T02:54:02.831513+00:00
55253,UPDCREIT,2017-07-06,10.0,,,10.0,0,2026-04-08T02:54:05.078114+00:00
55345,UPDCREIT,2017-07-07,10.0,,,10.0,600,2026-04-08T02:54:07.286065+00:00
55437,UPDCREIT,2017-07-10,10.0,,,10.0,600,2026-04-08T02:54:11.798817+00:00
55529,UPDCREIT,2017-07-11,10.0,,,10.0,0,2026-04-08T02:54:14.116532+00:00
55621,UPDCREIT,2017-07-12,10.0,,,10.0,0,2026-04-08T02:54:16.498015+00:00
55708,UPDCREIT,2017-07-13,10.0,,,10.0,50,2026-04-08T02:54:18.840036+00:00
55795,UPDCREIT,2017-07-14,10.0,,,10.0,100,2026-04-08T02:54:21.336813+00:00
55887,UPDCREIT,2017-07-17,10.0,,,10.0,0,2026-04-08T02:54:25.561903+00:00
55979,UPDCREIT,2017-07-18,10.0,,,10.0,21600,2026-04-08T02:54:28.120242+00:00
56071,UPDCREIT,2017-07-19,10.0,,,10.0,0,2026-04-08T02:54:30.645734+00:00
56163,UPDCREIT,2017-07-20,10.0,,,10.0,0,2026-04-08T02:54:33.025266+00:00
56255,UPDCREIT,2017-07-21,10.0,,,10.0,27,2026-04-08T02:54:35.480817+00:00
56347,UPDCREIT,2017-07-24,10.0,,,10.0,0,2026-04-08T02:54:39.934321+00:00
56439,UPDCREIT,2017-07-26,10.0,,,10.0,0,2026-04-08T02:54:43.20598+00:00
56531,UPDCREIT,2017-07-27,10.0,,,10.0,0,2026-04-08T02:54:45.547579+00:00
56623,UPDCREIT,2017-07-28,10.0,,,10.0,0,2026-04-08T02:54:47.918804+00:00
56715,UPDCREIT,2017-07-31,10.0,,,10.0,0,2026-04-08T02:54:52.464984+00:00
56807,UPDCREIT,2017-08-01,10.0,,,10.0,100,2026-04-08T02:54:54.790805+00:00
56899,UPDCREIT,2017-08-02,10.0,,,10.0,0,2026-04-08T02:54:57.117603+00:00
56991,UPDCREIT,2017-08-03,10.0,,,10.0,0,2026-04-08T02:54:59.3729+00:00
57083,UPDCREIT,2017-08-04,10.0,,,10.0,0,2026-04-08T02:55:01.592641+00:00
57175,UPDCREIT,2017-08-07,10.0,,,10.0,0,2026-04-08T02:55:06.418828+00:00
57267,UPDCREIT,2017-08-08,10.0,,,10.0,200,2026-04-08T02:55:08.763983+00:00
57359,UPDCREIT,2017-08-09,10.0,,,10.0,0,2026-04-08T02:55:11.057796+00:00
57451,UPDCREIT,2017-08-10,10.0,,,10.0,0,2026-04-08T02:55:13.401484+00:00
57543,UPDCREIT,2017-08-11,10.0,,,10.0,0,2026-04-08T02:55:15.670877+00:00
57635,UPDCREIT,2017-08-14,10.0,,,10.0,0,2026-04-08T02:55:20.026285+00:00
57727,UPDCREIT,2017-08-15,10.0,,,10.0,0,2026-04-08T02:55:22.633816+00:00
57819,UPDCREIT,2017-08-16,10.0,,,10.0,117,2026-04-08T02:55:24.979188+00:00
57911,UPDCREIT,2017-08-17,10.0,,,10.0,0,2026-04-08T02:55:27.3994+00:00
58003,UPDCREIT,2017-08-18,10.0,,,10.0,0,2026-04-08T02:55:29.67842+00:00
58095,UPDCREIT,2017-08-21,10.0,,,10.0,0,2026-04-08T02:55:34.023067+00:00
58187,UPDCREIT,2017-08-22,10.0,,,10.0,0,2026-04-08T02:55:36.334754+00:00
58279,UPDCREIT,2017-08-23,10.0,,,10.0,0,2026-04-08T02:55:38.717606+00:00
58371,UPDCREIT,2017-08-24,10.0,,,10.0,3200,2026-04-08T02:55:41.242089+00:00
58463,UPDCREIT,2017-08-25,10.0,,,10.0,0,2026-04-08T02:55:43.579232+00:00
58555,UPDCREIT,2017-08-28,10.0,,,10.0,0,2026-04-08T02:55:48.020598+00:00
58647,UPDCREIT,2017-08-29,10.0,,,10.0,0,2026-04-08T02:55:50.281022+00:00
58739,UPDCREIT,2017-08-30,10.0,,,10.0,100,2026-04-08T02:55:52.499005+00:00
58831,UPDCREIT,2017-08-31,10.0,,,10.0,0,2026-04-08T02:55:54.947048+00:00
58923,UPDCREIT,2017-09-05,10.0,,,10.0,0,2026-04-08T02:56:01.572419+00:00
59015,UPDCREIT,2017-09-06,10.0,,,10.0,0,2026-04-08T02:56:03.885356+00:00
59107,UPDCREIT,2017-09-07,10.0,,,10.0,0,2026-04-08T02:56:06.19045+00:00
59199,UPDCREIT,2017-09-11,10.0,,,10.0,0,2026-04-08T02:56:11.370569+00:00
59291,UPDCREIT,2017-09-12,10.0,,,10.0,0,2026-04-08T02:56:13.892416+00:00
59383,UPDCREIT,2017-09-13,10.0,,,10.0,0,2026-04-08T02:56:16.312215+00:00
59475,UPDCREIT,2017-09-14,10.0,,,10.0,0,2026-04-08T02:56:18.601168+00:00
59567,UPDCREIT,2017-09-15,10.0,,,10.0,0,2026-04-08T02:56:20.93666+00:00
59659,UPDCREIT,2017-09-16,10.0,,,10.0,100,2026-04-08T02:56:23.148937+00:00
59751,UPDCREIT,2017-09-19,10.0,,,10.0,0,2026-04-08T02:56:27.358465+00:00
59843,UPDCREIT,2017-09-20,10.0,,,10.0,0,2026-04-08T02:56:29.683375+00:00
59935,UPDCREIT,2017-09-21,10.0,,,10.0,0,2026-04-08T02:56:31.851594+00:00
60027,UPDCREIT,2017-09-22,10.0,,,10.0,500,2026-04-08T02:56:34.007646+00:00
60119,UPDCREIT,2017-09-25,10.0,,,10.0,0,2026-04-08T02:56:38.385386+00:00
60211,UPDCREIT,2017-09-26,10.0,,,10.0,0,2026-04-08T02:56:40.657356+00:00
60303,UPDCREIT,2017-09-27,10.0,,,10.0,0,2026-04-08T02:56:42.968732+00:00
60395,UPDCREIT,2017-09-28,10.0,,,10.0,0,2026-04-08T02:56:45.128996+00:00
60487,UPDCREIT,2017-09-29,10.0,,,10.0,0,2026-04-08T02:56:47.398677+00:00
60579,UPDCREIT,2017-10-03,10.0,,,10.0,0,2026-04-08T02:56:52.779733+00:00
60671,UPDCREIT,2017-10-04,10.0,,,10.0,0,2026-04-08T02:56:55.065177+00:00
60763,UPDCREIT,2017-10-05,10.0,,,10.0,0,2026-04-08T02:56:57.377802+00:00
60855,UPDCREIT,2017-10-06,10.0,,,10.0,0,2026-04-08T02:56:59.661092+00:00
60947,UPDCREIT,2017-10-09,10.0,,,10.0,0,2026-04-08T02:57:04.043492+00:00
61039,UPDCREIT,2017-10-10,10.0,,,10.0,0,2026-04-08T02:57:06.326055+00:00
61131,UPDCREIT,2017-10-11,10.0,,,10.0,0,2026-04-08T02:57:08.620281+00:00
61223,UPDCREIT,2017-10-12,10.0,,,10.0,0,2026-04-08T02:57:10.950839+00:00
61315,UPDCREIT,2017-10-13,10.0,,,10.0,0,2026-04-08T02:57:13.525709+00:00
61407,UPDCREIT,2017-10-16,10.0,,,10.0,0,2026-04-08T02:57:17.895676+00:00
61499,UPDCREIT,2017-10-17,10.0,,,10.0,0,2026-04-08T02:57:20.31307+00:00
61591,UPDCREIT,2017-10-18,10.0,,,10.0,0,2026-04-08T02:57:22.526226+00:00
61683,UPDCREIT,2017-10-19,10.0,,,10.0,0,2026-04-08T02:57:24.865827+00:00
61775,UPDCREIT,2017-10-20,10.0,,,10.0,0,2026-04-08T02:57:27.091081+00:00
61867,UPDCREIT,2017-10-23,10.0,,,10.0,100,2026-04-08T02:57:31.703062+00:00
61959,UPDCREIT,2017-10-24,10.0,,,10.0,100,2026-04-08T02:57:34.020008+00:00
62051,UPDCREIT,2017-10-25,10.0,,,10.0,50,2026-04-08T02:57:36.254878+00:00
62143,UPDCREIT,2017-10-26,10.0,,,10.0,0,2026-04-08T02:57:38.639324+00:00
62235,UPDCREIT,2017-10-27,10.0,,,10.0,12000,2026-04-08T02:57:40.810349+00:00
62327,UPDCREIT,2017-10-30,10.0,,,10.0,0,2026-04-08T02:57:45.233404+00:00
62419,UPDCREIT,2017-10-31,10.0,,,10.0,0,2026-04-08T02:57:47.538171+00:00
62511,UPDCREIT,2017-11-01,10.0,,,10.0,1951,2026-04-08T02:57:49.900698+00:00
62603,UPDCREIT,2017-11-02,10.0,,,10.0,150,2026-04-08T02:57:52.192143+00:00
62695,UPDCREIT,2017-11-03,10.0,,,10.0,0,2026-04-08T02:57:54.512232+00:00
62787,UPDCREIT,2017-11-06,10.0,,,10.0,0,2026-04-08T02:57:59.23147+00:00
62879,UPDCREIT,2017-11-07,10.0,,,10.0,0,2026-04-08T02:58:01.524363+00:00
62971,UPDCREIT,2017-11-08,10.0,,,10.0,0,2026-04-08T02:58:03.79912+00:00
63063,UPDCREIT,2017-11-09,10.0,,,10.0,0,2026-04-08T02:58:06.050925+00:00
63155,UPDCREIT,2017-11-10,10.0,,,10.0,0,2026-04-08T02:58:08.423322+00:00
63247,UPDCREIT,2017-11-13,10.0,,,10.0,0,2026-04-08T02:58:12.832851+00:00
63339,UPDCREIT,2017-11-14,10.0,,,10.0,0,2026-04-08T02:58:15.182817+00:00
63431,UPDCREIT,2017-11-15,10.0,,,10.0,0,2026-04-08T02:58:17.483941+00:00
63523,UPDCREIT,2017-11-16,10.0,,,10.0,0,2026-04-08T02:58:19.932158+00:00
63615,UPDCREIT,2017-11-17,10.0,,,10.0,0,2026-04-08T02:58:22.230505+00:00
63707,UPDCREIT,2017-11-20,10.0,,,10.0,0,2026-04-08T02:58:26.609741+00:00
63799,UPDCREIT,2017-11-21,10.0,,,10.0,200,2026-04-08T02:58:29.044371+00:00
63891,UPDCREIT,2017-11-22,10.0,,,10.0,0,2026-04-08T02:58:31.282092+00:00
63983,UPDCREIT,2017-11-23,10.0,,,10.0,0,2026-04-08T02:58:33.589475+00:00
64075,UPDCREIT,2017-11-24,10.0,,,10.0,0,2026-04-08T02:58:35.965247+00:00
64167,UPDCREIT,2017-11-27,10.0,,,10.0,0,2026-04-08T02:58:40.303262+00:00
64259,UPDCREIT,2017-11-28,10.0,,,10.0,0,2026-04-08T02:58:42.596324+00:00
64351,UPDCREIT,2017-11-29,10.0,,,10.0,0,2026-04-08T02:58:44.979081+00:00
64443,UPDCREIT,2017-11-30,10.0,,,10.0,0,2026-04-08T02:58:47.226359+00:00
64535,UPDCREIT,2017-12-04,10.0,,,10.0,0,2026-04-08T02:58:52.54699+00:00
64627,UPDCREIT,2017-12-05,10.0,,,10.0,100,2026-04-08T02:58:54.773083+00:00
64719,UPDCREIT,2017-12-06,10.0,,,10.0,50,2026-04-08T02:58:57.263783+00:00
64811,UPDCREIT,2017-12-07,10.0,,,10.0,0,2026-04-08T02:58:59.55462+00:00
64903,UPDCREIT,2017-12-08,10.0,,,10.0,790,2026-04-08T02:59:01.865905+00:00
64995,UPDCREIT,2017-12-11,10.0,,,10.0,10000,2026-04-08T02:59:06.715792+00:00
65087,UPDCREIT,2017-12-12,10.0,,,10.0,0,2026-04-08T02:59:09.170602+00:00
65179,UPDCREIT,2017-12-13,10.0,,,10.0,0,2026-04-08T02:59:11.522814+00:00
65271,UPDCREIT,2017-12-14,10.0,,,10.0,0,2026-04-08T02:59:13.751616+00:00
65363,UPDCREIT,2017-12-15,10.0,,,10.0,0,2026-04-08T02:59:16.016878+00:00
65455,UPDCREIT,2017-12-18,10.0,,,10.0,0,2026-04-08T02:59:20.496704+00:00
65547,UPDCREIT,2017-12-19,10.0,,,10.0,0,2026-04-08T02:59:22.691103+00:00
65639,UPDCREIT,2017-12-20,10.0,,,10.0,0,2026-04-08T02:59:25.001427+00:00
65731,UPDCREIT,2017-12-21,10.0,,,10.0,0,2026-04-08T02:59:27.554405+00:00
65823,UPDCREIT,2017-12-22,10.0,,,10.0,0,2026-04-08T02:59:29.82771+00:00
65915,UPDCREIT,2017-12-27,10.0,,,10.0,0,2026-04-08T02:59:36.63878+00:00
66007,UPDCREIT,2017-12-28,10.0,,,10.0,0,2026-04-08T02:59:39.04539+00:00
66099,UPDCREIT,2017-12-29,10.0,,,10.0,0,2026-04-08T02:59:41.445401+00:00
66191,UPDCREIT,2018-01-02,10.0,,,10.0,0,2026-04-08T02:59:46.944851+00:00
66283,UPDCREIT,2018-01-03,10.0,,,10.0,0,2026-04-08T02:59:49.25236+00:00
66375,UPDCREIT,2018-01-04,10.0,,,10.0,0,2026-04-08T02:59:51.440942+00:00
66467,UPDCREIT,2018-01-05,10.0,,,10.0,2555,2026-04-08T02:59:53.632679+00:00
66559,UPDCREIT,2018-01-08,10.0,,,10.0,20,2026-04-08T02:59:58.187375+00:00
66651,UPDCREIT,2018-01-09,10.0,,,10.0,0,2026-04-08T03:00:00.526076+00:00
66743,UPDCREIT,2018-01-10,10.0,,,10.0,1000,2026-04-08T03:00:02.789006+00:00
66835,UPDCREIT,2018-01-11,10.0,,,10.0,800,2026-04-08T03:00:05.007224+00:00
66927,UPDCREIT,2018-01-12,10.0,,,10.0,100,2026-04-08T03:00:07.437621+00:00
67019,UPDCREIT,2018-01-15,10.0,,,10.0,0,2026-04-08T03:00:11.967979+00:00
67111,UPDCREIT,2018-01-16,10.0,,,10.0,0,2026-04-08T03:00:14.274869+00:00
67203,UPDCREIT,2018-01-17,10.0,,,10.0,0,2026-04-08T03:00:16.592861+00:00
67295,UPDCREIT,2018-01-18,10.0,,,10.0,0,2026-04-08T03:00:18.874572+00:00
67387,UPDCREIT,2018-01-19,10.0,,,10.0,0,2026-04-08T03:00:21.223293+00:00
67479,UPDCREIT,2018-01-22,10.0,,,10.0,0,2026-04-08T03:00:25.613479+00:00
67571,UPDCREIT,2018-01-23,10.0,,,10.0,9180,2026-04-08T03:00:27.792672+00:00
67663,UPDCREIT,2018-01-24,10.0,,,10.0,500,2026-04-08T03:00:29.955701+00:00
67755,UPDCREIT,2018-01-25,10.0,,,10.0,0,2026-04-08T03:00:32.149736+00:00
67847,UPDCREIT,2018-01-26,10.0,,,10.0,0,2026-04-08T03:00:34.314441+00:00
67939,UPDCREIT,2018-01-30,10.0,,,10.0,50000,2026-04-08T03:00:39.498781+00:00
68031,UPDCREIT,2018-01-31,10.0,,,10.0,100,2026-04-08T03:00:41.874276+00:00
68123,UPDCREIT,2018-02-01,10.0,,,10.0,2500,2026-04-08T03:00:44.260901+00:00
68215,UPDCREIT,2018-02-02,10.0,,,10.0,0,2026-04-08T03:00:46.552556+00:00
68307,UPDCREIT,2018-02-05,10.0,,,10.0,0,2026-04-08T03:00:50.820837+00:00
68399,UPDCREIT,2018-02-06,10.0,,,10.0,0,2026-04-08T03:00:53.862975+00:00
68491,UPDCREIT,2018-02-07,10.0,,,10.0,0,2026-04-08T03:00:56.249659+00:00
68583,UPDCREIT,2018-02-08,10.0,,,10.0,0,2026-04-08T03:00:58.532515+00:00
68675,UPDCREIT,2018-02-12,10.0,,,10.0,0,2026-04-08T03:01:04.382325+00:00
68767,UPDCREIT,2018-02-13,10.0,,,10.0,0,2026-04-08T03:01:06.5746+00:00
68859,UPDCREIT,2018-02-14,10.0,,,10.0,0,2026-04-08T03:01:08.960618+00:00
68951,UPDCREIT,2018-02-15,10.0,,,10.0,0,2026-04-08T03:01:11.158693+00:00
69043,UPDCREIT,2018-02-16,10.0,,,10.0,0,2026-04-08T03:01:13.607551+00:00
69135,UPDCREIT,2018-02-19,10.0,,,10.0,0,2026-04-08T03:01:18.187191+00:00
69227,UPDCREIT,2018-02-20,10.0,,,10.0,0,2026-04-08T03:01:20.554931+00:00
69319,UPDCREIT,2018-02-22,10.0,,,10.0,0,2026-04-08T03:01:23.957413+00:00
69411,UPDCREIT,2018-02-26,10.0,,,10.0,0,2026-04-08T03:01:29.317338+00:00
69503,UPDCREIT,2018-02-27,10.0,,,10.0,0,2026-04-08T03:01:31.58282+00:00
69595,UPDCREIT,2018-02-28,10.0,,,10.0,0,2026-04-08T03:01:33.916623+00:00
69687,UPDCREIT,2018-03-01,10.0,,,10.0,0,2026-04-08T03:01:36.321302+00:00
69779,UPDCREIT,2018-03-02,10.0,,,10.0,0,2026-04-08T03:01:38.625174+00:00
69871,UPDCREIT,2018-03-05,10.0,,,10.0,0,2026-04-08T03:01:43.47208+00:00
69963,UPDCREIT,2018-03-06,10.0,,,10.0,25000,2026-04-08T03:01:45.677681+00:00
70055,UPDCREIT,2018-03-08,10.0,,,10.0,0,2026-04-08T03:01:48.923554+00:00
70147,UPDCREIT,2018-03-09,10.0,,,10.0,0,2026-04-08T03:01:51.131195+00:00
70239,UPDCREIT,2018-03-12,10.0,,,10.0,0,2026-04-08T03:01:55.382529+00:00
70331,UPDCREIT,2018-03-13,10.0,,,10.0,0,2026-04-08T03:01:57.721961+00:00
70423,UPDCREIT,2018-03-14,10.0,,,10.0,0,2026-04-08T03:02:00.06799+00:00
70515,UPDCREIT,2018-03-15,10.0,,,10.0,0,2026-04-08T03:02:02.587626+00:00
70607,UPDCREIT,2018-03-16,10.0,,,10.0,0,2026-04-08T03:02:05.049003+00:00
70699,UPDCREIT,2018-03-19,10.0,,,10.0,0,2026-04-08T03:02:09.713694+00:00
70791,UPDCREIT,2018-03-20,10.0,,,10.0,0,2026-04-08T03:02:12.039098+00:00
70883,UPDCREIT,2018-03-21,10.0,,,10.0,0,2026-04-08T03:02:14.26344+00:00
70975,UPDCREIT,2018-03-22,10.0,,,10.0,0,2026-04-08T03:02:16.655807+00:00
71067,UPDCREIT,2018-03-23,10.0,,,10.0,0,2026-04-08T03:02:19.005936+00:00
71159,UPDCREIT,2018-03-26,10.0,,,10.0,0,2026-04-08T03:02:23.356301+00:00
71251,UPDCREIT,2018-03-27,10.0,,,10.0,0,2026-04-08T03:02:25.602463+00:00
71343,UPDCREIT,2018-03-28,10.0,,,10.0,0,2026-04-08T03:02:28.271075+00:00
71435,UPDCREIT,2018-03-29,10.0,,,10.0,0,2026-04-08T03:02:31.326472+00:00
71527,UPDCREIT,2018-04-03,10.0,,,10.0,0,2026-04-08T03:02:37.862294+00:00
71619,UPDCREIT,2018-04-04,10.0,,,10.0,0,2026-04-08T03:02:40.086392+00:00
71711,UPDCREIT,2018-04-05,10.0,,,10.0,9000,2026-04-08T03:02:42.518452+00:00
71803,UPDCREIT,2018-04-09,10.0,,,10.0,0,2026-04-08T03:02:48.00481+00:00
71895,UPDCREIT,2018-04-10,10.0,,,10.0,0,2026-04-08T03:02:50.293549+00:00
71987,UPDCREIT,2018-04-11,10.0,,,10.0,0,2026-04-08T03:02:52.723357+00:00
72079,UPDCREIT,2018-04-12,10.0,,,10.0,35000,2026-04-08T03:02:54.976434+00:00
72171,UPDCREIT,2018-04-13,10.0,,,10.0,0,2026-04-08T03:02:57.419716+00:00
72266,UPDCREIT,2018-04-16,10.0,,,10.0,4000,2026-04-08T03:03:01.748445+00:00
72359,UPDCREIT,2018-04-17,10.0,,,10.0,0,2026-04-08T03:03:04.013915+00:00
72452,UPDCREIT,2018-04-18,10.0,,,10.0,0,2026-04-08T03:03:06.304604+00:00
72545,UPDCREIT,2018-04-19,10.0,,,10.0,0,2026-04-08T03:03:08.631091+00:00
72638,UPDCREIT,2018-04-20,10.0,,,10.0,0,2026-04-08T03:03:11.181142+00:00
72731,UPDCREIT,2018-04-23,10.0,,,10.0,0,2026-04-08T03:03:15.702548+00:00
72824,UPDCREIT,2018-04-24,10.0,,,10.0,20,2026-04-08T03:03:17.976864+00:00
72917,UPDCREIT,2018-04-25,10.0,,,10.0,100,2026-04-08T03:03:20.281484+00:00
73010,UPDCREIT,2018-04-26,10.0,,,10.0,0,2026-04-08T03:03:22.503544+00:00
73103,UPDCREIT,2018-04-27,10.0,,,10.0,0,2026-04-08T03:03:24.801147+00:00
73196,UPDCREIT,2018-04-30,10.0,,,10.0,0,2026-04-08T03:03:29.288658+00:00
73289,UPDCREIT,2018-05-02,10.0,,,10.0,100,2026-04-08T03:03:32.97882+00:00
73382,UPDCREIT,2018-05-03,10.0,,,10.0,0,2026-04-08T03:03:35.46093+00:00
73475,UPDCREIT,2018-05-04,10.0,,,10.0,0,2026-04-08T03:03:38.142449+00:00
73568,UPDCREIT,2018-05-07,10.0,,,10.0,50,2026-04-08T03:03:42.835383+00:00
73661,UPDCREIT,2018-05-08,10.0,,,10.0,22,2026-04-08T03:03:45.094212+00:00
73754,UPDCREIT,2018-05-09,10.0,,,10.0,10,2026-04-08T03:03:47.354492+00:00
73847,UPDCREIT,2018-05-10,10.0,,,10.0,0,2026-04-08T03:03:49.581225+00:00
73940,UPDCREIT,2018-05-11,10.0,,,10.0,2000,2026-04-08T03:03:51.923758+00:00
74033,UPDCREIT,2018-05-14,10.0,,,10.0,101,2026-04-08T03:03:56.261604+00:00
74126,UPDCREIT,2018-05-15,10.0,,,10.0,0,2026-04-08T03:03:58.63318+00:00
74219,UPDCREIT,2018-05-16,10.0,,,10.0,13,2026-04-08T03:04:02.494817+00:00
74312,UPDCREIT,2018-05-17,10.0,,,10.0,0,2026-04-08T03:04:04.853265+00:00
74405,UPDCREIT,2018-05-18,10.0,,,10.0,10,2026-04-08T03:04:09.280828+00:00
74498,UPDCREIT,2018-05-21,10.0,,,10.0,0,2026-04-08T03:04:14.640212+00:00
74591,UPDCREIT,2018-05-22,10.0,,,10.0,20000,2026-04-08T03:04:17.13602+00:00
74684,UPDCREIT,2018-05-24,10.0,,,10.0,0,2026-04-08T03:04:20.857799+00:00
74777,UPDCREIT,2018-05-25,10.0,,,10.0,0,2026-04-08T03:04:23.533051+00:00
74870,UPDCREIT,2018-05-28,10.0,,,10.0,0,2026-04-08T03:04:28.151981+00:00
74963,UPDCREIT,2018-05-31,10.0,,,10.0,500,2026-04-08T03:04:33.384321+00:00
75056,UPDCREIT,2018-06-01,10.0,,,10.0,87,2026-04-08T03:04:35.846588+00:00
75149,UPDCREIT,2018-06-04,10.0,,,10.0,0,2026-04-08T03:04:40.216574+00:00
75242,UPDCREIT,2018-06-05,10.0,,,10.0,0,2026-04-08T03:04:42.57091+00:00
75335,UPDCREIT,2018-06-06,10.0,,,10.0,0,2026-04-08T03:04:44.928825+00:00
75428,UPDCREIT,2018-06-07,10.0,,,10.0,110,2026-04-08T03:04:47.263813+00:00
75521,UPDCREIT,2018-06-08,10.0,,,10.0,5,2026-04-08T03:04:49.462509+00:00
75614,UPDCREIT,2018-06-11,10.0,,,10.0,10,2026-04-08T03:04:53.988129+00:00
75707,UPDCREIT,2018-06-12,10.0,,,10.0,200,2026-04-08T03:04:56.284057+00:00
75800,UPDCREIT,2018-06-13,10.0,,,10.0,0,2026-04-08T03:04:58.638577+00:00
75893,UPDCREIT,2018-06-14,10.0,,,10.0,250,2026-04-08T03:05:00.901161+00:00
75986,UPDCREIT,2018-06-19,10.0,,,10.0,0,2026-04-08T03:05:07.639029+00:00
76079,UPDCREIT,2018-06-20,10.0,,,10.0,0,2026-04-08T03:05:09.924133+00:00
76172,UPDCREIT,2018-06-21,10.0,,,10.0,0,2026-04-08T03:05:12.376626+00:00
76265,UPDCREIT,2018-06-22,10.0,,,10.0,0,2026-04-08T03:05:14.680862+00:00
76358,UPDCREIT,2018-06-25,10.0,,,10.0,0,2026-04-08T03:05:19.028214+00:00
76452,UPDCREIT,2018-06-26,10.0,,,10.0,0,2026-04-08T03:05:21.361472+00:00
76546,UPDCREIT,2018-06-27,10.0,,,10.0,100,2026-04-08T03:05:23.730487+00:00
76640,UPDCREIT,2018-06-28,10.0,,,10.0,0,2026-04-08T03:05:26.342484+00:00
76734,UPDCREIT,2018-06-29,10.0,,,10.0,0,2026-04-08T03:05:28.786725+00:00
76828,UPDCREIT,2018-07-02,10.0,,,10.0,10,2026-04-08T03:05:34.742081+00:00
76922,UPDCREIT,2018-07-03,10.0,,,10.0,0,2026-04-08T03:05:37.830893+00:00
77016,UPDCREIT,2018-07-04,10.0,,,10.0,50,2026-04-08T03:05:40.225299+00:00
77110,UPDCREIT,2018-07-05,10.0,,,10.0,30,2026-04-08T03:05:42.479897+00:00
77204,UPDCREIT,2018-07-06,10.0,,,10.0,0,2026-04-08T03:05:44.93013+00:00
77298,UPDCREIT,2018-07-09,10.0,,,10.0,0,2026-04-08T03:05:49.395513+00:00
77392,UPDCREIT,2018-07-10,10.0,,,10.0,0,2026-04-08T03:05:51.797285+00:00
77486,UPDCREIT,2018-07-11,10.0,,,10.0,5,2026-04-08T03:05:54.14171+00:00
77580,UPDCREIT,2018-07-12,10.0,,,10.0,0,2026-04-08T03:05:56.629461+00:00
77674,UPDCREIT,2018-07-13,10.0,,,10.0,0,2026-04-08T03:05:59.112955+00:00
77768,UPDCREIT,2018-07-16,9.0,,,9.0,60000,2026-04-08T03:06:03.612411+00:00
77863,UPDCREIT,2018-07-17,9.0,,,9.0,0,2026-04-08T03:06:06.031894+00:00
77958,UPDCREIT,2018-07-18,9.0,,,9.0,0,2026-04-08T03:06:08.398083+00:00
78053,UPDCREIT,2018-07-19,9.0,,,9.0,0,2026-04-08T03:06:10.625391+00:00
78148,UPDCREIT,2018-07-20,9.0,,,9.0,0,2026-04-08T03:06:13.100822+00:00
78243,UPDCREIT,2018-07-23,9.0,,,9.0,0,2026-04-08T03:06:17.450644+00:00
78338,UPDCREIT,2018-07-24,9.0,,,9.0,0,2026-04-08T03:06:19.846153+00:00
78433,UPDCREIT,2018-07-25,9.0,,,9.0,0,2026-04-08T03:06:22.17218+00:00
78528,UPDCREIT,2018-07-26,9.0,,,9.0,50,2026-04-08T03:06:24.338643+00:00
78623,UPDCREIT,2018-07-27,9.0,,,9.0,0,2026-04-08T03:06:26.70773+00:00
78718,UPDCREIT,2018-07-30,9.0,,,9.0,0,2026-04-08T03:06:31.357035+00:00
78813,UPDCREIT,2018-07-31,9.0,,,9.0,0,2026-04-08T03:06:33.766078+00:00
78908,UPDCREIT,2018-08-01,9.0,,,9.0,0,2026-04-08T03:06:36.22345+00:00
79003,UPDCREIT,2018-08-02,9.0,,,9.0,0,2026-04-08T03:06:38.596191+00:00
79098,UPDCREIT,2018-08-03,9.0,,,9.0,0,2026-04-08T03:06:41.315743+00:00
79193,UPDCREIT,2018-08-06,9.0,,,9.0,650,2026-04-08T03:06:46.359416+00:00
79288,UPDCREIT,2018-08-07,9.0,,,9.0,0,2026-04-08T03:06:48.623378+00:00
79383,UPDCREIT,2018-08-08,9.0,,,9.0,0,2026-04-08T03:06:51.110249+00:00
79478,UPDCREIT,2018-08-09,9.0,,,9.0,80,2026-04-08T03:06:53.45187+00:00
79573,UPDCREIT,2018-08-10,9.0,,,9.0,0,2026-04-08T03:06:56.254972+00:00
79668,UPDCREIT,2018-08-13,9.0,,,9.0,10000,2026-04-08T03:07:00.870215+00:00
79763,UPDCREIT,2018-08-14,9.0,,,9.0,0,2026-04-08T03:07:03.258394+00:00
79858,UPDCREIT,2018-08-15,9.0,,,9.0,10000,2026-04-08T03:07:05.636903+00:00
79953,UPDCREIT,2018-08-16,9.0,,,9.0,0,2026-04-08T03:07:07.96787+00:00
80048,UPDCREIT,2018-08-17,9.0,,,9.0,140,2026-04-08T03:07:10.276143+00:00
80143,UPDCREIT,2018-08-20,9.0,,,9.0,300,2026-04-08T03:07:14.92421+00:00
80238,UPDCREIT,2018-08-24,9.0,,,9.0,0,2026-04-08T03:07:20.612873+00:00
80333,UPDCREIT,2018-08-27,9.0,,,9.0,200,2026-04-08T03:07:24.735515+00:00
80428,UPDCREIT,2018-08-28,9.0,,,9.0,0,2026-04-08T03:07:26.964049+00:00
80523,UPDCREIT,2018-08-29,9.0,,,9.0,220,2026-04-08T03:07:29.382314+00:00
80618,UPDCREIT,2018-08-30,9.0,,,9.0,0,2026-04-08T03:07:31.753519+00:00
80713,UPDCREIT,2018-08-31,9.0,,,9.0,10100,2026-04-08T03:07:34.108038+00:00
80808,UPDCREIT,2018-09-03,9.0,,,9.0,100,2026-04-08T03:07:38.483999+00:00
80903,UPDCREIT,2018-09-05,9.0,,,9.0,0,2026-04-08T03:07:41.733647+00:00
80998,UPDCREIT,2018-09-06,9.0,,,9.0,67,2026-04-08T03:07:44.232746+00:00
81093,UPDCREIT,2018-09-07,9.0,,,9.0,0,2026-04-08T03:07:46.695234+00:00
81188,UPDCREIT,2018-09-10,9.0,,,9.0,0,2026-04-08T03:07:51.133138+00:00
81283,UPDCREIT,2018-09-11,9.0,,,9.0,0,2026-04-08T03:07:53.572062+00:00
81385,UPDCREIT,2018-09-12,9.0,,,9.0,0,2026-04-08T03:07:56.190409+00:00
81487,UPDCREIT,2018-09-13,9.0,,,9.0,1000,2026-04-08T03:07:58.529226+00:00
81589,UPDCREIT,2018-09-14,9.0,,,9.0,0,2026-04-08T03:08:00.944137+00:00
81691,UPDCREIT,2018-09-17,9.0,,,9.0,230,2026-04-08T03:08:05.572353+00:00
81793,UPDCREIT,2018-09-18,9.0,,,9.0,6040,2026-04-08T03:08:07.840784+00:00
81895,UPDCREIT,2018-09-19,9.0,,,9.0,0,2026-04-08T03:08:10.07554+00:00
81997,UPDCREIT,2018-09-20,9.0,,,9.0,0,2026-04-08T03:08:12.389642+00:00
82099,UPDCREIT,2018-09-21,9.0,,,9.0,200,2026-04-08T03:08:14.761127+00:00
82201,UPDCREIT,2018-09-24,9.0,,,9.0,200,2026-04-08T03:08:19.182113+00:00
82303,UPDCREIT,2018-09-25,9.0,,,9.0,0,2026-04-08T03:08:21.370615+00:00
82405,UPDCREIT,2018-09-26,9.0,,,9.0,0,2026-04-08T03:08:24.494451+00:00
82507,UPDCREIT,2018-09-27,9.0,,,9.0,0,2026-04-08T03:08:26.812803+00:00
82609,UPDCREIT,2018-09-28,9.0,,,9.0,0,2026-04-08T03:08:29.283021+00:00
82711,UPDCREIT,2018-10-02,9.0,,,9.0,0,2026-04-08T03:08:34.887787+00:00
82813,UPDCREIT,2018-10-04,9.0,,,9.0,10,2026-04-08T03:08:38.279141+00:00
82915,UPDCREIT,2018-10-05,9.0,,,9.0,100,2026-04-08T03:08:40.455926+00:00
83017,UPDCREIT,2018-10-08,9.0,,,9.0,250,2026-04-08T03:08:45.286665+00:00
83119,UPDCREIT,2018-10-09,9.0,,,9.0,50,2026-04-08T03:08:47.584215+00:00
83221,UPDCREIT,2018-10-10,9.0,,,9.0,1048,2026-04-08T03:08:50.198924+00:00
83323,UPDCREIT,2018-10-11,9.0,,,9.0,0,2026-04-08T03:08:52.595743+00:00
83425,UPDCREIT,2018-10-12,9.0,,,9.0,0,2026-04-08T03:08:54.923298+00:00
83527,UPDCREIT,2018-10-15,9.0,,,9.0,200,2026-04-08T03:08:59.688494+00:00
83629,UPDCREIT,2018-10-16,9.0,,,9.0,0,2026-04-08T03:09:01.98694+00:00
83731,UPDCREIT,2018-10-17,9.0,,,9.0,0,2026-04-08T03:09:04.302348+00:00
83833,UPDCREIT,2018-10-18,9.0,,,9.0,0,2026-04-08T03:09:06.644992+00:00
83935,UPDCREIT,2018-10-19,9.0,,,9.0,0,2026-04-08T03:09:09.038287+00:00
84037,UPDCREIT,2018-10-22,9.0,,,9.0,0,2026-04-08T03:09:13.967+00:00
84139,UPDCREIT,2018-10-23,9.0,,,9.0,0,2026-04-08T03:09:16.194722+00:00
84241,UPDCREIT,2018-10-24,9.0,,,9.0,0,2026-04-08T03:09:18.448083+00:00
84343,UPDCREIT,2018-10-25,9.0,,,9.0,0,2026-04-08T03:09:20.631413+00:00
84445,UPDCREIT,2018-10-26,8.1,,,8.1,85800,2026-04-08T03:09:23.109094+00:00
84547,UPDCREIT,2018-10-29,8.1,,,8.1,4300,2026-04-08T03:09:27.901396+00:00
84649,UPDCREIT,2018-10-30,8.1,,,8.1,50,2026-04-08T03:09:30.377337+00:00
84751,UPDCREIT,2018-10-31,8.1,,,8.1,36375,2026-04-08T03:09:32.658485+00:00
84853,UPDCREIT,2018-11-01,8.1,,,8.1,330,2026-04-08T03:09:35.048509+00:00
84955,UPDCREIT,2018-11-02,8.1,,,8.1,1060,2026-04-08T03:09:37.41202+00:00
85057,UPDCREIT,2018-11-05,8.1,,,8.1,2934,2026-04-08T03:09:41.998643+00:00
85159,UPDCREIT,2018-11-06,8.1,,,8.1,0,2026-04-08T03:09:44.485046+00:00
85261,UPDCREIT,2018-11-08,8.1,,,8.1,220,2026-04-08T03:09:47.843283+00:00
85363,UPDCREIT,2018-11-09,8.1,,,8.1,0,2026-04-08T03:09:50.169754+00:00
85465,UPDCREIT,2018-11-12,8.1,,,8.1,0,2026-04-08T03:09:54.975549+00:00
85567,UPDCREIT,2018-11-13,8.1,,,8.1,0,2026-04-08T03:09:57.558923+00:00
85669,UPDCREIT,2018-11-14,8.1,,,8.1,0,2026-04-08T03:09:59.910116+00:00
85771,UPDCREIT,2018-11-15,8.1,,,8.1,0,2026-04-08T03:10:02.252366+00:00
85873,UPDCREIT,2018-11-16,8.1,,,8.1,0,2026-04-08T03:10:04.527169+00:00
85975,UPDCREIT,2018-11-19,8.1,,,8.1,0,2026-04-08T03:10:09.122468+00:00
86077,UPDCREIT,2018-11-21,8.1,,,8.1,0,2026-04-08T03:10:12.622729+00:00
86179,UPDCREIT,2018-11-22,8.1,,,8.1,0,2026-04-08T03:10:14.989948+00:00
86281,UPDCREIT,2018-11-23,8.1,,,8.1,5000,2026-04-08T03:10:17.221139+00:00
86383,UPDCREIT,2018-11-26,8.1,,,8.1,2000,2026-04-08T03:10:22.142454+00:00
86485,UPDCREIT,2018-11-27,8.1,,,8.1,0,2026-04-08T03:10:24.421595+00:00
86587,UPDCREIT,2018-11-28,8.1,,,8.1,0,2026-04-08T03:10:26.708398+00:00
86689,UPDCREIT,2018-11-29,8.1,,,8.1,0,2026-04-08T03:10:29.255332+00:00
86791,UPDCREIT,2018-11-30,8.1,,,8.1,3400,2026-04-08T03:10:32.706086+00:00
86893,UPDCREIT,2018-12-03,8.1,,,8.1,11500,2026-04-08T03:10:37.185914+00:00
86995,UPDCREIT,2018-12-04,8.1,,,8.1,3800,2026-04-08T03:10:39.607482+00:00
87097,UPDCREIT,2018-12-05,8.1,,,8.1,500,2026-04-08T03:10:42.037497+00:00
87199,UPDCREIT,2018-12-06,8.1,,,8.1,0,2026-04-08T03:10:44.312069+00:00
87301,UPDCREIT,2018-12-07,8.1,,,8.1,1200,2026-04-08T03:10:46.663078+00:00
87403,UPDCREIT,2018-12-10,8.1,,,8.1,122,2026-04-08T03:10:51.346822+00:00
87505,UPDCREIT,2018-12-11,8.1,,,8.1,0,2026-04-08T03:10:53.613329+00:00
87607,UPDCREIT,2018-12-12,8.1,,,8.1,0,2026-04-08T03:10:55.983376+00:00
87709,UPDCREIT,2018-12-13,8.1,,,8.1,0,2026-04-08T03:10:58.622726+00:00
87811,UPDCREIT,2018-12-17,10.0,,,10.0,0,2026-04-08T03:11:04.071168+00:00
88308,UPDCREIT,2018-12-31,6.6,,,6.6,2300,2026-04-08T03:11:26.963749+00:00
88410,UPDCREIT,2019-01-04,6.6,,,6.6,0,2026-04-08T03:11:33.101723+00:00
88512,UPDCREIT,2019-01-07,6.6,,,6.6,0,2026-04-08T03:11:37.396019+00:00
88614,UPDCREIT,2019-01-08,6.6,,,6.6,0,2026-04-08T03:11:39.720871+00:00
88716,UPDCREIT,2019-01-09,6.6,,,6.6,0,2026-04-08T03:11:42.122758+00:00
88818,UPDCREIT,2019-01-10,5.95,,,5.95,101480,2026-04-08T03:11:44.4712+00:00
88920,UPDCREIT,2019-01-11,5.95,,,5.95,0,2026-04-08T03:11:46.864498+00:00
89022,UPDCREIT,2019-01-14,5.95,,,5.95,0,2026-04-08T03:11:51.386431+00:00
89124,UPDCREIT,2019-01-15,5.95,,,5.95,100000,2026-04-08T03:11:53.781694+00:00
89226,UPDCREIT,2019-01-16,5.95,,,5.95,0,2026-04-08T03:11:56.273278+00:00
89328,UPDCREIT,2019-01-17,5.95,,,5.95,201515,2026-04-08T03:11:58.633279+00:00
89430,UPDCREIT,2019-01-18,5.95,,,5.95,147,2026-04-08T03:12:01.678716+00:00
89532,UPDCREIT,2019-01-21,5.95,,,5.95,0,2026-04-08T03:12:06.146982+00:00
89634,UPDCREIT,2019-01-22,5.95,,,5.95,0,2026-04-08T03:12:26.450353+00:00
89736,UPDCREIT,2019-01-23,5.95,,,5.95,0,2026-04-08T03:12:28.985884+00:00
89838,UPDCREIT,2019-01-24,5.95,,,5.95,0,2026-04-08T03:12:31.471104+00:00
89940,UPDCREIT,2019-01-25,5.95,,,5.95,7500,2026-04-08T03:12:33.831732+00:00
90042,UPDCREIT,2019-01-28,5.95,,,5.95,1500,2026-04-08T03:12:38.324+00:00
90144,UPDCREIT,2019-01-29,5.95,,,5.95,0,2026-04-08T03:12:40.769031+00:00
90246,UPDCREIT,2019-01-30,5.95,,,5.95,0,2026-04-08T03:12:43.207065+00:00
90348,UPDCREIT,2019-01-31,5.95,,,5.95,4620,2026-04-08T03:12:45.452606+00:00
90450,UPDCREIT,2019-02-01,5.95,,,5.95,0,2026-04-08T03:12:47.65569+00:00
90552,UPDCREIT,2019-02-04,5.95,,,5.95,1551,2026-04-08T03:12:52.008801+00:00
90654,UPDCREIT,2019-02-05,5.95,,,5.95,0,2026-04-08T03:12:54.428036+00:00
90756,UPDCREIT,2019-02-06,5.95,,,5.95,0,2026-04-08T03:12:56.795589+00:00
90858,UPDCREIT,2019-02-07,5.95,,,5.95,0,2026-04-08T03:12:59.333395+00:00
90960,UPDCREIT,2019-02-08,5.95,,,5.95,150,2026-04-08T03:13:01.766173+00:00
91062,UPDCREIT,2019-02-11,5.95,,,5.95,0,2026-04-08T03:13:07.807824+00:00
91164,UPDCREIT,2019-02-12,5.95,,,5.95,2,2026-04-08T03:13:10.389121+00:00
91266,UPDCREIT,2019-02-13,5.95,,,5.95,1900,2026-04-08T03:13:13.120558+00:00
91368,UPDCREIT,2019-02-14,5.95,,,5.95,5000,2026-04-08T03:13:15.610167+00:00
91470,UPDCREIT,2019-02-15,5.95,,,5.95,0,2026-04-08T03:13:17.960235+00:00
91572,UPDCREIT,2019-02-18,5.95,,,5.95,23000,2026-04-08T03:13:22.383964+00:00
91674,UPDCREIT,2019-02-19,5.95,,,5.95,150,2026-04-08T03:13:24.617569+00:00
91776,UPDCREIT,2019-02-20,5.95,,,5.95,18030,2026-04-08T03:13:26.870792+00:00
91878,UPDCREIT,2019-02-22,5.95,,,5.95,0,2026-04-08T03:13:30.442816+00:00
91980,UPDCREIT,2019-02-25,5.95,,,5.95,0,2026-04-08T03:13:35.015549+00:00
92082,UPDCREIT,2019-02-26,5.95,,,5.95,13290,2026-04-08T03:13:37.412672+00:00
92184,UPDCREIT,2019-02-27,5.95,,,5.95,0,2026-04-08T03:13:39.910522+00:00
92286,UPDCREIT,2019-02-28,5.95,,,5.95,0,2026-04-08T03:13:42.435587+00:00
92388,UPDCREIT,2019-03-01,5.95,,,5.95,0,2026-04-08T03:13:44.810709+00:00
92490,UPDCREIT,2019-03-04,5.95,,,5.95,300,2026-04-08T03:13:49.353535+00:00
92592,UPDCREIT,2019-03-05,5.95,,,5.95,4670,2026-04-08T03:13:51.846242+00:00
92694,UPDCREIT,2019-03-06,5.95,,,5.95,0,2026-04-08T03:13:54.267269+00:00
92796,UPDCREIT,2019-03-07,5.95,,,5.95,0,2026-04-08T03:13:56.544072+00:00
92898,UPDCREIT,2019-03-08,5.95,,,5.95,0,2026-04-08T03:13:58.936546+00:00
93000,UPDCREIT,2019-03-11,5.95,,,5.95,27100,2026-04-08T03:14:03.582539+00:00
93102,UPDCREIT,2019-03-12,5.4,,,5.4,113000,2026-04-08T03:14:06.149716+00:00
93204,UPDCREIT,2019-03-13,5.4,,,5.4,20000,2026-04-08T03:14:08.562819+00:00
93306,UPDCREIT,2019-03-14,5.4,,,5.4,11785,2026-04-08T03:14:10.990955+00:00
93408,UPDCREIT,2019-03-15,5.4,,,5.4,3500,2026-04-08T03:14:13.413527+00:00
93510,UPDCREIT,2019-03-18,5.4,,,5.4,0,2026-04-08T03:14:17.594172+00:00
93612,UPDCREIT,2019-03-19,5.4,,,5.4,500,2026-04-08T03:14:19.883177+00:00
93714,UPDCREIT,2019-03-20,5.4,,,5.4,0,2026-04-08T03:14:22.215184+00:00
93816,UPDCREIT,2019-03-21,5.4,,,5.4,2000,2026-04-08T03:14:24.469396+00:00
93918,UPDCREIT,2019-03-22,5.4,,,5.4,505,2026-04-08T03:14:26.929153+00:00
94020,UPDCREIT,2019-03-25,5.4,,,5.4,10000,2026-04-08T03:14:31.400562+00:00
94122,UPDCREIT,2019-03-26,5.4,,,5.4,20000,2026-04-08T03:14:33.80485+00:00
94224,UPDCREIT,2019-03-27,5.4,,,5.4,0,2026-04-08T03:14:36.122563+00:00
94326,UPDCREIT,2019-03-28,5.4,,,5.4,0,2026-04-08T03:14:38.612625+00:00
94428,UPDCREIT,2019-03-29,5.4,,,5.4,32000,2026-04-08T03:14:41.061692+00:00
94530,UPDCREIT,2019-04-01,5.4,,,5.4,9190,2026-04-08T03:14:45.528331+00:00
94631,UPDCREIT,2019-04-02,5.4,,,5.4,0,2026-04-08T03:14:47.809526+00:00
94732,UPDCREIT,2019-04-03,5.4,,,5.4,0,2026-04-08T03:14:50.124237+00:00
94833,UPDCREIT,2019-04-04,5.4,,,5.4,0,2026-04-08T03:14:52.417245+00:00
94934,UPDCREIT,2019-04-05,5.4,,,5.4,100,2026-04-08T03:14:54.739567+00:00
95035,UPDCREIT,2019-04-08,5.4,,,5.4,2700,2026-04-08T03:14:59.01768+00:00
95136,UPDCREIT,2019-04-09,5.4,,,5.4,2,2026-04-08T03:15:01.233247+00:00
95237,UPDCREIT,2019-04-10,5.4,,,5.4,8500,2026-04-08T03:15:03.446976+00:00
95338,UPDCREIT,2019-04-11,5.4,,,5.4,3200,2026-04-08T03:15:05.608759+00:00
95439,UPDCREIT,2019-04-12,5.4,,,5.4,100,2026-04-08T03:15:07.869644+00:00
95540,UPDCREIT,2019-04-15,5.4,,,5.4,0,2026-04-08T03:15:12.360876+00:00
95641,UPDCREIT,2019-04-16,5.4,,,5.4,4000,2026-04-08T03:15:14.69338+00:00
95742,UPDCREIT,2019-04-17,5.4,,,5.4,600,2026-04-08T03:15:16.974822+00:00
95843,UPDCREIT,2019-04-18,5.4,,,5.4,0,2026-04-08T03:15:19.360663+00:00
95944,UPDCREIT,2019-04-23,5.4,,,5.4,2070,2026-04-08T03:15:26.04373+00:00
96046,UPDCREIT,2019-04-24,5.4,,,5.4,50,2026-04-08T03:15:28.31166+00:00
96148,UPDCREIT,2019-04-25,5.4,,,5.4,0,2026-04-08T03:15:30.603437+00:00
96250,UPDCREIT,2019-04-26,5.4,,,5.4,0,2026-04-08T03:15:32.816712+00:00
96352,UPDCREIT,2019-04-29,5.4,,,5.4,0,2026-04-08T03:15:37.198623+00:00
96454,UPDCREIT,2019-04-30,5.4,,,5.4,1273,2026-04-08T03:15:39.499507+00:00
96556,UPDCREIT,2019-05-02,5.4,,,5.4,0,2026-04-08T03:15:42.839166+00:00
96658,UPDCREIT,2019-05-03,5.4,,,5.4,0,2026-04-08T03:15:45.02286+00:00
96760,UPDCREIT,2019-05-06,5.4,,,5.4,950,2026-04-08T03:15:49.380478+00:00
96862,UPDCREIT,2019-05-07,5.4,,,5.4,100,2026-04-08T03:15:51.609622+00:00
96964,UPDCREIT,2019-05-08,5.4,,,5.4,700,2026-04-08T03:15:53.912422+00:00
97066,UPDCREIT,2019-05-09,5.4,,,5.4,0,2026-04-08T03:15:56.308435+00:00
97168,UPDCREIT,2019-05-10,5.4,,,5.4,5100,2026-04-08T03:15:58.65517+00:00
97270,UPDCREIT,2019-05-13,5.4,,,5.4,0,2026-04-08T03:16:02.955985+00:00
97372,UPDCREIT,2019-05-14,5.4,,,5.4,0,2026-04-08T03:16:05.427951+00:00
97474,UPDCREIT,2019-05-15,5.4,,,5.4,0,2026-04-08T03:16:07.709974+00:00
97576,UPDCREIT,2019-05-16,5.4,,,5.4,0,2026-04-08T03:16:09.947696+00:00
97678,UPDCREIT,2019-05-17,5.4,,,5.4,50,2026-04-08T03:16:12.469468+00:00
97781,UPDCREIT,2019-05-20,5.4,,,5.4,0,2026-04-08T03:16:16.967061+00:00
97884,UPDCREIT,2019-05-21,5.4,,,5.4,0,2026-04-08T03:16:19.368023+00:00
97987,UPDCREIT,2019-05-22,5.4,,,5.4,0,2026-04-08T03:16:21.741488+00:00
98090,UPDCREIT,2019-05-23,5.4,,,5.4,0,2026-04-08T03:16:24.010501+00:00
98193,UPDCREIT,2019-05-24,5.4,,,5.4,0,2026-04-08T03:16:26.41346+00:00
98296,UPDCREIT,2019-05-27,5.4,,,5.4,0,2026-04-08T03:16:30.812568+00:00
98399,UPDCREIT,2019-05-28,5.4,,,5.4,0,2026-04-08T03:16:33.286405+00:00
98502,UPDCREIT,2019-05-30,5.4,,,5.4,20,2026-04-08T03:16:36.695359+00:00
98605,UPDCREIT,2019-05-31,5.4,,,5.4,180,2026-04-08T03:16:39.10826+00:00
98708,UPDCREIT,2019-06-03,5.4,,,5.4,95,2026-04-08T03:16:43.376201+00:00
98811,UPDCREIT,2019-06-06,5.4,,,5.4,0,2026-04-08T03:16:48.034912+00:00
98914,UPDCREIT,2019-06-07,5.4,,,5.4,0,2026-04-08T03:16:50.186426+00:00
99017,UPDCREIT,2019-06-10,5.4,,,5.4,0,2026-04-08T03:16:54.498349+00:00
99120,UPDCREIT,2019-06-11,5.4,,,5.4,0,2026-04-08T03:16:56.702394+00:00
99223,UPDCREIT,2019-06-13,5.4,,,5.4,0,2026-04-08T03:17:00.140907+00:00
99326,UPDCREIT,2019-06-14,5.4,,,5.4,0,2026-04-08T03:17:02.289964+00:00
99429,UPDCREIT,2019-06-17,5.4,,,5.4,0,2026-04-08T03:17:06.378621+00:00
99532,UPDCREIT,2019-06-18,5.4,,,5.4,0,2026-04-08T03:17:08.696624+00:00
99635,UPDCREIT,2019-06-19,5.4,,,5.4,50,2026-04-08T03:17:10.975867+00:00
99738,UPDCREIT,2019-06-20,5.4,,,5.4,0,2026-04-08T03:17:13.205784+00:00
99841,UPDCREIT,2019-06-24,5.4,,,5.4,0,2026-04-08T03:17:18.488118+00:00
99944,UPDCREIT,2019-06-25,5.4,,,5.4,0,2026-04-08T03:17:20.712996+00:00
100047,UPDCREIT,2019-06-26,5.4,,,5.4,0,2026-04-08T03:17:23.021521+00:00
100150,UPDCREIT,2019-06-27,5.4,,,5.4,2000,2026-04-08T03:17:25.288917+00:00
100253,UPDCREIT,2019-06-28,5.4,,,5.4,400,2026-04-08T03:17:27.669324+00:00
100356,UPDCREIT,2019-07-01,5.4,,,5.4,25,2026-04-08T03:17:31.993492+00:00
100459,UPDCREIT,2019-07-02,5.4,,,5.4,0,2026-04-08T03:17:34.195482+00:00
100562,UPDCREIT,2019-07-03,5.4,,,5.4,0,2026-04-08T03:17:36.539656+00:00
100665,UPDCREIT,2019-07-04,5.4,,,5.4,0,2026-04-08T03:17:38.806977+00:00
100768,UPDCREIT,2019-07-05,5.4,,,5.4,0,2026-04-08T03:17:41.292481+00:00
100871,UPDCREIT,2019-07-08,5.4,,,5.4,0,2026-04-08T03:17:45.861747+00:00
100974,UPDCREIT,2019-07-09,5.4,,,5.4,0,2026-04-08T03:17:48.217581+00:00
101078,UPDCREIT,2019-07-10,5.4,,,5.4,0,2026-04-08T03:17:50.676625+00:00
101182,UPDCREIT,2019-07-11,5.4,,,5.4,2000,2026-04-08T03:17:53.082234+00:00
101286,UPDCREIT,2019-07-12,5.4,,,5.4,0,2026-04-08T03:17:55.503872+00:00
101390,UPDCREIT,2019-07-15,5.4,,,5.4,0,2026-04-08T03:18:00.039317+00:00
101494,UPDCREIT,2019-07-16,5.4,,,5.4,0,2026-04-08T03:18:02.440443+00:00
101598,UPDCREIT,2019-07-17,5.4,,,5.4,0,2026-04-08T03:18:04.729662+00:00
101702,UPDCREIT,2019-07-18,5.4,,,5.4,0,2026-04-08T03:18:07.178594+00:00
101806,UPDCREIT,2019-07-19,5.4,,,5.4,0,2026-04-08T03:18:09.535362+00:00
101910,UPDCREIT,2019-07-22,5.4,,,5.4,0,2026-04-08T03:18:14.212024+00:00
102014,UPDCREIT,2019-07-23,5.4,,,5.4,0,2026-04-08T03:18:16.654741+00:00
102118,UPDCREIT,2019-07-24,5.4,,,5.4,0,2026-04-08T03:18:18.926554+00:00
102222,UPDCREIT,2019-07-25,5.4,,,5.4,0,2026-04-08T03:18:21.127331+00:00
102326,UPDCREIT,2019-07-26,5.4,,,5.4,0,2026-04-08T03:18:23.508197+00:00
102430,UPDCREIT,2019-07-29,5.4,,,5.4,0,2026-04-08T03:18:27.808584+00:00
102534,UPDCREIT,2019-07-30,5.4,,,5.4,800,2026-04-08T03:18:30.090931+00:00
102638,UPDCREIT,2019-07-31,5.4,,,5.4,440,2026-04-08T03:18:32.379029+00:00
102742,UPDCREIT,2019-08-01,5.4,,,5.4,250,2026-04-08T03:18:34.721051+00:00
102846,UPDCREIT,2019-08-02,5.4,,,5.4,0,2026-04-08T03:18:37.148519+00:00
102950,UPDCREIT,2019-08-05,5.4,,,5.4,0,2026-04-08T03:18:41.327383+00:00
103054,UPDCREIT,2019-08-06,5.4,,,5.4,0,2026-04-08T03:18:43.676077+00:00
103158,UPDCREIT,2019-08-07,5.4,,,5.4,0,2026-04-08T03:18:45.952647+00:00
103262,UPDCREIT,2019-08-08,5.4,,,5.4,0,2026-04-08T03:18:48.284739+00:00
103366,UPDCREIT,2019-08-09,5.4,,,5.4,0,2026-04-08T03:18:50.530707+00:00
103470,UPDCREIT,2019-08-14,5.4,,,5.4,0,2026-04-08T03:18:57.313874+00:00
103574,UPDCREIT,2019-08-15,5.4,,,5.4,0,2026-04-08T03:18:59.647711+00:00
103678,UPDCREIT,2019-08-19,5.4,,,5.4,0,2026-04-08T03:19:05.053534+00:00
103782,UPDCREIT,2019-08-20,5.4,,,5.4,100,2026-04-08T03:19:07.283568+00:00
103886,UPDCREIT,2019-08-21,5.4,,,5.4,0,2026-04-08T03:19:09.493441+00:00
103989,UPDCREIT,2019-08-22,5.4,,,5.4,0,2026-04-08T03:19:11.834929+00:00
104092,UPDCREIT,2019-08-23,5.4,,,5.4,0,2026-04-08T03:19:14.066623+00:00
104195,UPDCREIT,2019-08-26,5.4,,,5.4,0,2026-04-08T03:19:18.291411+00:00
104298,UPDCREIT,2019-08-27,5.4,,,5.4,0,2026-04-08T03:19:20.588978+00:00
104401,UPDCREIT,2019-08-28,5.4,,,5.4,0,2026-04-08T03:19:22.939533+00:00
104504,UPDCREIT,2019-08-29,5.4,,,5.4,0,2026-04-08T03:19:25.308081+00:00
104607,UPDCREIT,2019-08-30,5.4,,,5.4,0,2026-04-08T03:19:27.686427+00:00
104710,UPDCREIT,2019-09-02,5.4,,,5.4,0,2026-04-08T03:19:32.075785+00:00
104813,UPDCREIT,2019-09-03,5.4,,,5.4,0,2026-04-08T03:19:34.366833+00:00
104916,UPDCREIT,2019-09-04,4.9,,,4.9,2804000,2026-04-08T03:19:36.608723+00:00
105019,UPDCREIT,2019-09-05,4.9,,,4.9,0,2026-04-08T03:19:38.984327+00:00
105122,UPDCREIT,2019-09-06,4.9,,,4.9,130,2026-04-08T03:19:41.363212+00:00
105225,UPDCREIT,2019-09-09,4.9,,,4.9,0,2026-04-08T03:19:45.624302+00:00
105328,UPDCREIT,2019-09-10,4.9,,,4.9,33730,2026-04-08T03:19:47.977958+00:00
105431,UPDCREIT,2019-09-11,4.9,,,4.9,0,2026-04-08T03:19:50.333421+00:00
105534,UPDCREIT,2019-09-12,4.9,,,4.9,3000,2026-04-08T03:19:52.607202+00:00
105637,UPDCREIT,2019-09-13,4.9,,,4.9,10000,2026-04-08T03:19:55.083512+00:00
105740,UPDCREIT,2019-09-16,4.9,,,4.9,0,2026-04-08T03:19:59.701348+00:00
105843,UPDCREIT,2019-09-17,4.9,,,4.9,0,2026-04-08T03:20:02.523968+00:00
105946,UPDCREIT,2019-09-18,4.9,,,4.9,3300,2026-04-08T03:20:05.488272+00:00
106049,UPDCREIT,2019-09-19,4.9,,,4.9,11000,2026-04-08T03:20:08.114889+00:00
106152,UPDCREIT,2019-09-20,4.9,,,4.9,56080,2026-04-08T03:20:10.721894+00:00
106255,UPDCREIT,2019-09-23,4.9,,,4.9,1250,2026-04-08T03:20:15.267012+00:00
106358,UPDCREIT,2019-09-24,4.9,,,4.9,1567,2026-04-08T03:20:17.630341+00:00
106461,UPDCREIT,2019-09-25,4.9,,,4.9,0,2026-04-08T03:20:20.165626+00:00
106564,UPDCREIT,2019-09-26,4.9,,,4.9,0,2026-04-08T03:20:22.92566+00:00
106667,UPDCREIT,2019-09-27,4.9,,,4.9,0,2026-04-08T03:20:25.402499+00:00
106770,UPDCREIT,2019-09-30,4.9,,,4.9,0,2026-04-08T03:20:29.867546+00:00
106873,UPDCREIT,2019-10-02,4.9,,,4.9,0,2026-04-08T03:20:33.475481+00:00
106976,UPDCREIT,2019-10-03,4.9,,,4.9,0,2026-04-08T03:20:35.801047+00:00
107079,UPDCREIT,2019-10-04,4.9,,,4.9,500,2026-04-08T03:20:38.138638+00:00
107182,UPDCREIT,2019-10-07,4.9,,,4.9,3000,2026-04-08T03:20:43.38987+00:00
107285,UPDCREIT,2019-10-08,4.9,,,4.9,0,2026-04-08T03:20:50.115577+00:00
107388,UPDCREIT,2019-10-09,4.9,,,4.9,0,2026-04-08T03:20:53.067656+00:00
107491,UPDCREIT,2019-10-10,4.9,,,4.9,1000,2026-04-08T03:20:55.682822+00:00
107594,UPDCREIT,2019-10-11,4.9,,,4.9,0,2026-04-08T03:20:58.30073+00:00
107697,UPDCREIT,2019-10-14,4.9,,,4.9,375500,2026-04-08T03:21:03.536141+00:00
107800,UPDCREIT,2019-10-15,4.9,,,4.9,3298,2026-04-08T03:21:06.159586+00:00
107903,UPDCREIT,2019-10-16,4.9,,,4.9,25862,2026-04-08T03:21:08.538525+00:00
108006,UPDCREIT,2019-10-17,4.9,,,4.9,10,2026-04-08T03:21:11.125073+00:00
108109,UPDCREIT,2019-10-18,4.9,,,4.9,242,2026-04-08T03:21:14.04892+00:00
108212,UPDCREIT,2019-10-21,4.9,,,4.9,0,2026-04-08T03:21:18.357079+00:00
108315,UPDCREIT,2019-10-22,4.9,,,4.9,125,2026-04-08T03:21:20.5704+00:00
108418,UPDCREIT,2019-10-23,4.9,,,4.9,0,2026-04-08T03:21:22.84444+00:00
108521,UPDCREIT,2019-10-24,4.9,,,4.9,21270,2026-04-08T03:21:25.228823+00:00
108624,UPDCREIT,2019-10-25,4.9,,,4.9,28015,2026-04-08T03:21:27.539286+00:00
108727,UPDCREIT,2019-10-28,4.9,,,4.9,11710,2026-04-08T03:21:32.161692+00:00
108830,UPDCREIT,2019-10-29,4.9,,,4.9,150,2026-04-08T03:21:34.477485+00:00
108933,UPDCREIT,2019-10-30,4.9,,,4.9,1420,2026-04-08T03:21:36.754268+00:00
109036,UPDCREIT,2019-10-31,4.9,,,4.9,0,2026-04-08T03:21:39.10919+00:00
109139,UPDCREIT,2019-11-01,4.9,,,4.9,70,2026-04-08T03:21:41.456138+00:00
109242,UPDCREIT,2019-11-04,4.45,,,4.45,100000,2026-04-08T03:21:45.945243+00:00
109345,UPDCREIT,2019-11-05,4.45,,,4.45,0,2026-04-08T03:21:48.37169+00:00
109448,UPDCREIT,2019-11-06,4.45,,,4.45,8300,2026-04-08T03:21:50.755948+00:00
109551,UPDCREIT,2019-11-07,4.45,,,4.45,7757,2026-04-08T03:21:53.200031+00:00
109654,UPDCREIT,2019-11-08,4.45,,,4.45,16335,2026-04-08T03:21:55.63316+00:00
109757,UPDCREIT,2019-11-12,4.45,,,4.45,0,2026-04-08T03:22:01.520244+00:00
109860,UPDCREIT,2019-11-13,4.45,,,4.45,0,2026-04-08T03:22:04.169594+00:00
109963,UPDCREIT,2019-11-14,4.45,,,4.45,25000,2026-04-08T03:22:06.510438+00:00
110066,UPDCREIT,2019-11-15,4.45,,,4.45,46001,2026-04-08T03:22:08.972682+00:00
110169,UPDCREIT,2019-11-18,4.45,,,4.45,17381,2026-04-08T03:22:13.551393+00:00
110271,UPDCREIT,2019-11-19,4.45,,,4.45,3186,2026-04-08T03:22:15.801005+00:00
110373,UPDCREIT,2019-11-20,4.45,,,4.45,2000,2026-04-08T03:22:18.11241+00:00
110475,UPDCREIT,2019-11-21,4.45,,,4.45,7000,2026-04-08T03:22:20.360812+00:00
110577,UPDCREIT,2019-11-22,4.45,,,4.45,30585,2026-04-08T03:22:22.766306+00:00
110679,UPDCREIT,2019-11-25,4.45,,,4.45,19900,2026-04-08T03:22:27.077445+00:00
110781,UPDCREIT,2019-11-26,4.45,,,4.45,12738,2026-04-08T03:22:29.415971+00:00
110883,UPDCREIT,2019-11-27,4.45,,,4.45,4,2026-04-08T03:22:31.797244+00:00
110985,UPDCREIT,2019-11-28,4.45,,,4.45,23625,2026-04-08T03:22:34.150197+00:00
111087,UPDCREIT,2019-11-29,4.45,,,4.45,780,2026-04-08T03:22:36.43862+00:00
111189,UPDCREIT,2019-12-02,4.45,,,4.45,474,2026-04-08T03:22:40.672716+00:00
111291,UPDCREIT,2019-12-03,4.45,,,4.45,8850,2026-04-08T03:22:42.857808+00:00
111393,UPDCREIT,2019-12-04,4.45,,,4.45,46680,2026-04-08T03:22:45.132537+00:00
111495,UPDCREIT,2019-12-05,4.45,,,4.45,14,2026-04-08T03:22:47.409461+00:00
111597,UPDCREIT,2019-12-06,4.45,,,4.45,10100,2026-04-08T03:22:49.720566+00:00
111699,UPDCREIT,2019-12-10,4.45,,,4.45,5426,2026-04-08T03:22:54.948045+00:00
111801,UPDCREIT,2019-12-11,4.45,,,4.45,55,2026-04-08T03:22:57.463594+00:00
111903,UPDCREIT,2019-12-12,4.45,,,4.45,48500,2026-04-08T03:22:59.677549+00:00
112005,UPDCREIT,2019-12-13,4.45,,,4.45,25790,2026-04-08T03:23:01.961124+00:00
112107,UPDCREIT,2019-12-16,4.45,,,4.45,0,2026-04-08T03:23:06.206185+00:00
112209,UPDCREIT,2019-12-17,4.05,,,4.05,55200,2026-04-08T03:23:08.526507+00:00
112311,UPDCREIT,2019-12-18,3.65,,,3.65,82368,2026-04-08T03:23:10.699016+00:00
112413,UPDCREIT,2019-12-19,3.3,,,3.3,211475,2026-04-08T03:23:13.06361+00:00
112515,UPDCREIT,2019-12-20,3.4,,,3.4,203000,2026-04-08T03:23:15.515212+00:00
112617,UPDCREIT,2019-12-23,3.6,,,3.6,1033610,2026-04-08T03:23:19.645113+00:00
112719,UPDCREIT,2019-12-24,3.95,,,3.95,153000,2026-04-08T03:23:22.081747+00:00
112821,UPDCREIT,2019-12-27,4.3,,,4.3,366732,2026-04-08T03:23:26.48241+00:00
112923,UPDCREIT,2019-12-31,4.25,,,4.25,87374,2026-04-08T03:23:31.997666+00:00
113025,UPDCREIT,2020-01-02,4.3,,,4.3,134520,2026-04-08T03:23:35.253628+00:00
113127,UPDCREIT,2020-01-03,4.3,,,4.3,2010,2026-04-08T03:23:37.484442+00:00
113229,UPDCREIT,2020-01-06,4.3,,,4.3,59332,2026-04-08T03:23:41.810791+00:00
113331,UPDCREIT,2020-01-07,4.45,,,4.45,1596498,2026-04-08T03:23:44.238014+00:00
113433,UPDCREIT,2020-01-08,4.05,,,4.05,2271863,2026-04-08T03:23:46.428903+00:00
113535,UPDCREIT,2020-01-09,3.65,,,3.65,182148,2026-04-08T03:23:48.760691+00:00
113638,UPDCREIT,2020-01-10,3.5,,,3.5,437926,2026-04-08T03:23:51.312987+00:00
113741,UPDCREIT,2020-01-13,3.5,,,3.5,97552,2026-04-08T03:23:55.704331+00:00
113844,UPDCREIT,2020-01-14,3.5,,,3.5,15093,2026-04-08T03:23:58.044369+00:00
113947,UPDCREIT,2020-01-15,3.5,,,3.5,55065,2026-04-08T03:24:00.340453+00:00
114050,UPDCREIT,2020-01-16,3.4,,,3.4,508805,2026-04-08T03:24:02.775573+00:00
114153,UPDCREIT,2020-01-17,3.5,,,3.5,685875,2026-04-08T03:24:05.107796+00:00
114256,UPDCREIT,2020-01-20,3.45,,,3.45,390453,2026-04-08T03:24:09.637495+00:00
114359,UPDCREIT,2020-01-21,3.5,,,3.5,907819,2026-04-08T03:24:12.081094+00:00
114462,UPDCREIT,2020-01-23,3.4,,,3.4,56010,2026-04-08T03:24:15.397306+00:00
114565,UPDCREIT,2020-01-24,3.4,,,3.4,1133150,2026-04-08T03:24:17.760742+00:00
114668,UPDCREIT,2020-01-27,3.4,,,3.4,110103,2026-04-08T03:24:22.426106+00:00
114771,UPDCREIT,2020-01-28,3.4,,,3.4,119000,2026-04-08T03:24:24.728321+00:00
114874,UPDCREIT,2020-01-29,3.4,,,3.4,81354,2026-04-08T03:24:27.287495+00:00
114977,UPDCREIT,2020-01-30,3.4,,,3.4,54200,2026-04-08T03:24:29.658352+00:00
115080,UPDCREIT,2020-01-31,3.1,,,3.1,455464,2026-04-08T03:24:31.961868+00:00
115183,UPDCREIT,2020-02-03,3.35,,,3.35,2432046,2026-04-08T03:24:36.430808+00:00
115286,UPDCREIT,2020-02-04,3.2,,,3.2,245858,2026-04-08T03:24:38.687124+00:00
115389,UPDCREIT,2020-02-05,3.2,,,3.2,210000,2026-04-08T03:24:41.03998+00:00
115492,UPDCREIT,2020-02-06,3.2,,,3.2,473057,2026-04-08T03:24:43.345135+00:00
115595,UPDCREIT,2020-02-07,3.2,,,3.2,44000,2026-04-08T03:24:45.609576+00:00
115698,UPDCREIT,2020-02-10,3.4,,,3.4,424745,2026-04-08T03:24:50.182603+00:00
115801,UPDCREIT,2020-02-11,3.5,,,3.5,1029909,2026-04-08T03:24:52.780016+00:00
115904,UPDCREIT,2020-02-12,3.5,,,3.5,276299,2026-04-08T03:24:55.120152+00:00
116007,UPDCREIT,2020-02-13,3.45,,,3.45,310660,2026-04-08T03:24:57.649025+00:00
116110,UPDCREIT,2020-02-14,3.45,,,3.45,394552,2026-04-08T03:25:00.080254+00:00
116213,UPDCREIT,2020-02-17,3.45,,,3.45,352002,2026-04-08T03:25:04.377856+00:00
116316,UPDCREIT,2020-02-18,3.45,,,3.45,182500,2026-04-08T03:25:06.773592+00:00
116419,UPDCREIT,2020-02-19,3.45,,,3.45,96650,2026-04-08T03:25:09.231504+00:00
116522,UPDCREIT,2020-02-20,3.45,,,3.45,254868,2026-04-08T03:25:11.501588+00:00
116625,UPDCREIT,2020-02-21,3.45,,,3.45,292867,2026-04-08T03:25:13.948187+00:00
116728,UPDCREIT,2020-02-24,3.45,,,3.45,230520,2026-04-08T03:25:18.415367+00:00
116831,UPDCREIT,2020-02-25,3.15,,,3.15,20149284,2026-04-08T03:25:20.711298+00:00
116934,UPDCREIT,2020-02-26,3.15,,,3.15,221818,2026-04-08T03:25:23.465375+00:00
117037,UPDCREIT,2020-02-27,3.15,,,3.15,9000,2026-04-08T03:25:26.011368+00:00
117140,UPDCREIT,2020-02-28,3.15,,,3.15,1,2026-04-08T03:25:28.472167+00:00
117243,UPDCREIT,2020-03-02,3.15,,,3.15,32551,2026-04-08T03:25:32.979972+00:00
117346,UPDCREIT,2020-03-03,3.15,,,3.15,89999,2026-04-08T03:25:35.324079+00:00
117449,UPDCREIT,2020-03-04,3.2,,,3.2,193000,2026-04-08T03:25:37.587456+00:00
117552,UPDCREIT,2020-03-05,3.2,,,3.2,21500,2026-04-08T03:25:39.825698+00:00
117655,UPDCREIT,2020-03-09,3.2,,,3.2,3013491,2026-04-08T03:25:45.227559+00:00
117758,UPDCREIT,2020-03-10,3.2,,,3.2,12000,2026-04-08T03:25:47.644077+00:00
117861,UPDCREIT,2020-03-11,3.2,,,3.2,46500,2026-04-08T03:25:49.940962+00:00
117964,UPDCREIT,2020-03-12,3.2,,,3.2,137039,2026-04-08T03:25:52.243289+00:00
118067,UPDCREIT,2020-03-13,3.2,,,3.2,5258,2026-04-08T03:25:54.520183+00:00
118170,UPDCREIT,2020-03-16,3.2,,,3.2,0,2026-04-08T03:25:58.965391+00:00
118273,UPDCREIT,2020-03-17,3.2,,,3.2,3083700,2026-04-08T03:26:01.331984+00:00
118376,UPDCREIT,2020-03-18,3.2,,,3.2,14060785,2026-04-08T03:26:03.589989+00:00
118479,UPDCREIT,2020-03-19,3.2,,,3.2,3000,2026-04-08T03:26:05.957067+00:00
118582,UPDCREIT,2020-03-20,3.2,,,3.2,0,2026-04-08T03:26:08.377452+00:00
118685,UPDCREIT,2020-03-23,3.2,,,3.2,10000,2026-04-08T03:26:12.667002+00:00
118788,UPDCREIT,2020-03-24,3.2,,,3.2,9178,2026-04-08T03:26:14.960057+00:00
118891,UPDCREIT,2020-03-25,3.2,,,3.2,31100,2026-04-08T03:26:17.224804+00:00
118994,UPDCREIT,2020-03-26,3.15,,,3.15,1511700,2026-04-08T03:26:19.64473+00:00
119097,UPDCREIT,2020-03-27,3.15,,,3.15,0,2026-04-08T03:26:21.968693+00:00
119200,UPDCREIT,2020-03-30,3.15,,,3.15,3000,2026-04-08T03:26:26.43282+00:00
119303,UPDCREIT,2020-03-31,3.15,,,3.15,130000,2026-04-08T03:26:28.926506+00:00
119406,UPDCREIT,2020-04-01,3.15,,,3.15,0,2026-04-08T03:26:31.173614+00:00
119509,UPDCREIT,2020-04-02,3.15,,,3.15,55440,2026-04-08T03:26:33.480235+00:00
119612,UPDCREIT,2020-04-03,3.15,,,3.15,0,2026-04-08T03:26:35.777807+00:00
119715,UPDCREIT,2020-04-06,3.15,,,3.15,2000,2026-04-08T03:26:40.135575+00:00
119818,UPDCREIT,2020-04-07,3.15,,,3.15,1640,2026-04-08T03:26:42.376644+00:00
119921,UPDCREIT,2020-04-08,3.15,,,3.15,52000,2026-04-08T03:26:44.690105+00:00
120024,UPDCREIT,2020-04-09,3.15,,,3.15,5265,2026-04-08T03:26:47.020639+00:00
120127,UPDCREIT,2020-04-14,3.15,,,3.15,21150,2026-04-08T03:26:53.304016+00:00
120230,UPDCREIT,2020-04-15,3.1,,,3.1,425000,2026-04-08T03:26:55.643286+00:00
120333,UPDCREIT,2020-04-16,3.1,,,3.1,0,2026-04-08T03:26:58.005731+00:00
120436,UPDCREIT,2020-04-17,3.1,,,3.1,195300,2026-04-08T03:27:00.196144+00:00
120539,UPDCREIT,2020-04-20,3.1,,,3.1,23240,2026-04-08T03:27:04.902814+00:00
120642,UPDCREIT,2020-04-21,3.1,,,3.1,6890,2026-04-08T03:27:07.124699+00:00
120745,UPDCREIT,2020-04-22,3.1,,,3.1,1020,2026-04-08T03:27:09.50407+00:00
120848,UPDCREIT,2020-04-23,3.1,,,3.1,0,2026-04-08T03:27:11.732195+00:00
120951,UPDCREIT,2020-04-24,3.4,,,3.4,906226,2026-04-08T03:27:14.133022+00:00
121054,UPDCREIT,2020-04-27,3.4,,,3.4,0,2026-04-08T03:27:18.376911+00:00
121157,UPDCREIT,2020-04-28,3.4,,,3.4,400,2026-04-08T03:27:20.70836+00:00
121260,UPDCREIT,2020-04-29,3.4,,,3.4,0,2026-04-08T03:27:23.099969+00:00
121363,UPDCREIT,2020-04-30,3.4,,,3.4,1799941,2026-04-08T03:27:25.479794+00:00
121466,UPDCREIT,2020-05-04,3.4,,,3.4,10108,2026-04-08T03:27:30.67652+00:00
121569,UPDCREIT,2020-05-05,3.4,,,3.4,0,2026-04-08T03:27:32.997372+00:00
121672,UPDCREIT,2020-05-06,3.4,,,3.4,4925,2026-04-08T03:27:35.368243+00:00
121775,UPDCREIT,2020-05-07,3.4,,,3.4,550,2026-04-08T03:27:37.70358+00:00
121878,UPDCREIT,2020-05-08,3.4,,,3.4,0,2026-04-08T03:27:39.945267+00:00
121981,UPDCREIT,2020-05-11,3.4,,,3.4,17211,2026-04-08T03:27:44.543581+00:00
122084,UPDCREIT,2020-05-12,3.4,,,3.4,0,2026-04-08T03:27:46.988848+00:00
122187,UPDCREIT,2020-05-13,3.35,,,3.35,119949,2026-04-08T03:27:49.292243+00:00
122290,UPDCREIT,2020-05-14,3.35,,,3.35,1000,2026-04-08T03:27:51.592074+00:00
122393,UPDCREIT,2020-05-19,3.4,,,3.4,0,2026-04-08T03:27:58.031425+00:00
122496,UPDCREIT,2020-05-20,3.5,,,3.5,4302245,2026-04-08T03:28:00.412443+00:00
122599,UPDCREIT,2020-05-21,3.5,,,3.5,0,2026-04-08T03:28:02.829603+00:00
122702,UPDCREIT,2020-05-27,3.5,,,3.5,576,2026-04-08T03:28:10.17932+00:00
122805,UPDCREIT,2020-05-28,3.5,,,3.5,60250,2026-04-08T03:28:12.484321+00:00
122908,UPDCREIT,2020-05-29,3.5,,,3.5,2000,2026-04-08T03:28:14.796152+00:00
123011,UPDCREIT,2020-06-02,3.5,,,3.5,1557,2026-04-08T03:28:20.224588+00:00
123114,UPDCREIT,2020-06-03,3.5,,,3.5,1225,2026-04-08T03:28:22.45251+00:00
123217,UPDCREIT,2020-06-04,3.5,,,3.5,146985,2026-04-08T03:28:24.742978+00:00
123320,UPDCREIT,2020-06-05,3.5,,,3.5,0,2026-04-08T03:28:26.997708+00:00
123423,UPDCREIT,2020-06-08,3.5,,,3.5,0,2026-04-08T03:28:31.360755+00:00
123526,UPDCREIT,2020-06-09,3.5,,,3.5,13000,2026-04-08T03:28:33.545964+00:00
123629,UPDCREIT,2020-06-10,3.8,,,3.8,201300,2026-04-08T03:28:35.856379+00:00
123732,UPDCREIT,2020-06-11,3.8,,,3.8,1400,2026-04-08T03:28:38.052531+00:00
123835,UPDCREIT,2020-06-15,3.8,,,3.8,10549,2026-04-08T03:28:43.437023+00:00
123938,UPDCREIT,2020-06-16,3.8,,,3.8,19827,2026-04-08T03:28:45.961134+00:00
124041,UPDCREIT,2020-06-17,3.8,,,3.8,96000,2026-04-08T03:28:48.324213+00:00
124144,UPDCREIT,2020-06-18,3.8,,,3.8,0,2026-04-08T03:28:50.696546+00:00
124247,UPDCREIT,2020-06-19,3.8,,,3.8,0,2026-04-08T03:28:53.406809+00:00
124350,UPDCREIT,2020-06-22,3.8,,,3.8,10000,2026-04-08T03:28:57.922359+00:00
124453,UPDCREIT,2020-06-23,3.8,,,3.8,0,2026-04-08T03:29:00.283028+00:00
124556,UPDCREIT,2020-06-24,3.8,,,3.8,522,2026-04-08T03:29:02.79982+00:00
124659,UPDCREIT,2020-06-25,3.8,,,3.8,0,2026-04-08T03:29:05.076463+00:00
124762,UPDCREIT,2020-06-26,3.8,,,3.8,0,2026-04-08T03:29:07.48598+00:00
124865,UPDCREIT,2020-06-29,3.8,,,3.8,1100000,2026-04-08T03:29:11.968016+00:00
124968,UPDCREIT,2020-06-30,3.8,,,3.8,0,2026-04-08T03:29:14.28255+00:00
125071,UPDCREIT,2020-07-01,3.8,,,3.8,22787749,2026-04-08T03:29:16.703757+00:00
125174,UPDCREIT,2020-07-02,3.8,,,3.8,6912259,2026-04-08T03:29:19.127663+00:00
125277,UPDCREIT,2020-07-03,3.8,,,3.8,40310,2026-04-08T03:29:21.544735+00:00
125380,UPDCREIT,2020-07-07,3.8,,,3.8,2850,2026-04-08T03:29:27.331532+00:00
125483,UPDCREIT,2020-07-08,3.8,,,3.8,2000,2026-04-08T03:29:29.768744+00:00
125586,UPDCREIT,2020-07-09,3.8,,,3.8,250,2026-04-08T03:29:32.143692+00:00
125689,UPDCREIT,2020-07-10,3.8,,,3.8,12584,2026-04-08T03:29:34.521297+00:00
125792,UPDCREIT,2020-07-13,3.8,,,3.8,2866,2026-04-08T03:29:39.007126+00:00
125895,UPDCREIT,2020-07-14,3.8,,,3.8,0,2026-04-08T03:29:41.304989+00:00
125998,UPDCREIT,2020-07-15,3.8,,,3.8,0,2026-04-08T03:29:43.708156+00:00
126101,UPDCREIT,2020-07-16,3.8,,,3.8,0,2026-04-08T03:29:45.979708+00:00
126204,UPDCREIT,2020-07-17,3.8,,,3.8,0,2026-04-08T03:29:48.357101+00:00
126307,UPDCREIT,2020-07-20,3.8,,,3.8,0,2026-04-08T03:29:52.723074+00:00
126410,UPDCREIT,2020-07-21,3.8,,,3.8,0,2026-04-08T03:29:55.035926+00:00
126513,UPDCREIT,2020-07-23,3.8,,,3.8,0,2026-04-08T03:29:58.238067+00:00
126616,UPDCREIT,2020-07-24,3.8,,,3.8,0,2026-04-08T03:30:00.541513+00:00
126719,UPDCREIT,2020-07-27,3.8,,,3.8,10750,2026-04-08T03:30:04.748878+00:00
126822,UPDCREIT,2020-07-28,3.8,,,3.8,0,2026-04-08T03:30:07.286947+00:00
126925,UPDCREIT,2020-07-29,3.8,,,3.8,41068,2026-04-08T03:30:09.725653+00:00
127028,UPDCREIT,2020-08-03,3.8,,,3.8,0,2026-04-08T03:30:16.711714+00:00
127131,UPDCREIT,2020-08-04,3.8,,,3.8,2528,2026-04-08T03:30:19.026905+00:00
127234,UPDCREIT,2020-08-05,3.8,,,3.8,0,2026-04-08T03:30:21.509999+00:00
127337,UPDCREIT,2020-08-06,3.8,,,3.8,0,2026-04-08T03:30:23.823287+00:00
127440,UPDCREIT,2020-08-07,3.8,,,3.8,2200,2026-04-08T03:30:26.221973+00:00
127543,UPDCREIT,2020-08-10,3.8,,,3.8,5884,2026-04-08T03:30:31.080726+00:00
127646,UPDCREIT,2020-08-11,3.8,,,3.8,0,2026-04-08T03:30:33.557314+00:00
127749,UPDCREIT,2020-08-12,3.8,,,3.8,0,2026-04-08T03:30:35.989363+00:00
127852,UPDCREIT,2020-08-13,3.8,,,3.8,0,2026-04-08T03:30:38.402702+00:00
127955,UPDCREIT,2020-08-14,3.8,,,3.8,0,2026-04-08T03:30:40.738296+00:00
128058,UPDCREIT,2020-08-17,3.8,,,3.8,100,2026-04-08T03:30:45.179846+00:00
128161,UPDCREIT,2020-08-18,3.8,,,3.8,0,2026-04-08T03:30:47.750292+00:00
128264,UPDCREIT,2020-08-19,3.8,,,3.8,0,2026-04-08T03:30:50.260611+00:00
128367,UPDCREIT,2020-08-20,3.8,,,3.8,0,2026-04-08T03:30:52.728097+00:00
128470,UPDCREIT,2020-08-21,3.8,,,3.8,0,2026-04-08T03:30:55.129893+00:00
128573,UPDCREIT,2020-08-24,3.8,,,3.8,0,2026-04-08T03:30:59.50528+00:00
128676,UPDCREIT,2020-08-25,3.8,,,3.8,0,2026-04-08T03:31:01.97181+00:00
128779,UPDCREIT,2020-08-26,3.8,,,3.8,0,2026-04-08T03:31:04.340397+00:00
128882,UPDCREIT,2020-08-27,3.8,,,3.8,0,2026-04-08T03:31:06.825032+00:00
128985,UPDCREIT,2020-08-28,3.8,,,3.8,0,2026-04-08T03:31:10.050623+00:00
129088,UPDCREIT,2020-08-31,3.8,,,3.8,33645,2026-04-08T03:31:14.574397+00:00
129191,UPDCREIT,2020-09-01,3.8,,,3.8,18921,2026-04-08T03:31:16.859057+00:00
129294,UPDCREIT,2020-09-02,3.8,,,3.8,10400,2026-04-08T03:31:19.223829+00:00
129397,UPDCREIT,2020-09-03,3.8,,,3.8,0,2026-04-08T03:31:21.580357+00:00
129500,UPDCREIT,2020-09-04,3.8,,,3.8,50180,2026-04-08T03:31:24.095323+00:00
129603,UPDCREIT,2020-09-07,3.8,,,3.8,7,2026-04-08T03:31:29.028072+00:00
129706,UPDCREIT,2020-09-08,3.8,,,3.8,23,2026-04-08T03:31:31.696694+00:00
129809,UPDCREIT,2020-09-09,3.8,,,3.8,23640,2026-04-08T03:31:34.222499+00:00
129912,UPDCREIT,2020-09-10,3.8,,,3.8,108624,2026-04-08T03:31:36.666154+00:00
130015,UPDCREIT,2020-09-11,3.8,,,3.8,16039,2026-04-08T03:31:39.224755+00:00
130118,UPDCREIT,2020-09-14,3.8,,,3.8,125,2026-04-08T03:31:43.669625+00:00
130221,UPDCREIT,2020-09-15,3.8,,,3.8,0,2026-04-08T03:31:46.096824+00:00
130324,UPDCREIT,2020-09-16,3.8,,,3.8,320,2026-04-08T03:31:48.62473+00:00
130427,UPDCREIT,2020-09-17,3.8,,,3.8,0,2026-04-08T03:31:51.120615+00:00
130530,UPDCREIT,2020-09-18,3.8,,,3.8,78000,2026-04-08T03:31:53.500222+00:00
130633,UPDCREIT,2020-09-21,3.8,,,3.8,146254,2026-04-08T03:31:57.915353+00:00
130736,UPDCREIT,2020-09-22,3.8,,,3.8,4400,2026-04-08T03:32:00.361616+00:00
130839,UPDCREIT,2020-09-23,3.8,,,3.8,150020,2026-04-08T03:32:02.667296+00:00
130942,UPDCREIT,2020-09-24,3.8,,,3.8,191652,2026-04-08T03:32:05.077899+00:00
131045,UPDCREIT,2020-09-25,3.8,,,3.8,25,2026-04-08T03:32:07.472813+00:00
131148,UPDCREIT,2020-09-28,3.8,,,3.8,1000,2026-04-08T03:32:12.542607+00:00
131251,UPDCREIT,2020-09-29,3.8,,,3.8,0,2026-04-08T03:32:14.948969+00:00
131354,UPDCREIT,2020-09-30,3.8,,,3.8,20235,2026-04-08T03:32:17.368144+00:00
131457,UPDCREIT,2020-10-02,3.8,,,3.8,5278,2026-04-08T03:32:21.009688+00:00
131560,UPDCREIT,2020-10-05,3.8,,,3.8,9487,2026-04-08T03:32:25.669514+00:00
131663,UPDCREIT,2020-10-06,3.8,,,3.8,49240,2026-04-08T03:32:28.151061+00:00
131766,UPDCREIT,2020-10-07,3.8,,,3.8,23,2026-04-08T03:32:30.62441+00:00
131869,UPDCREIT,2020-10-08,3.8,,,3.8,9900,2026-04-08T03:32:32.995223+00:00
131972,UPDCREIT,2020-10-09,3.8,,,3.8,47966,2026-04-08T03:32:35.453646+00:00
132075,UPDCREIT,2020-10-12,3.8,,,3.8,5000,2026-04-08T03:32:39.836845+00:00
132178,UPDCREIT,2020-10-13,3.8,,,3.8,40101,2026-04-08T03:32:42.883097+00:00
132281,UPDCREIT,2020-10-14,3.8,,,3.8,22370,2026-04-08T03:32:45.313484+00:00
132384,UPDCREIT,2020-10-15,3.8,,,3.8,35913,2026-04-08T03:32:47.672181+00:00
132487,UPDCREIT,2020-10-16,3.8,,,3.8,0,2026-04-08T03:32:50.112843+00:00
132590,UPDCREIT,2020-10-19,3.8,,,3.8,10,2026-04-08T03:32:54.594352+00:00
132693,UPDCREIT,2020-10-20,3.8,,,3.8,49475,2026-04-08T03:32:57.288568+00:00
132796,UPDCREIT,2020-10-21,3.8,,,3.8,56740,2026-04-08T03:32:59.679627+00:00
132899,UPDCREIT,2020-10-22,3.8,,,3.8,0,2026-04-08T03:33:02.194874+00:00
133002,UPDCREIT,2020-10-23,3.8,,,3.8,800,2026-04-08T03:33:04.540232+00:00
133105,UPDCREIT,2020-10-26,3.8,,,3.8,0,2026-04-08T03:33:08.964122+00:00
133208,UPDCREIT,2020-10-27,3.8,,,3.8,14,2026-04-08T03:33:12.04516+00:00
133311,UPDCREIT,2020-10-28,3.8,,,3.8,169681,2026-04-08T03:33:14.504918+00:00
133414,UPDCREIT,2020-10-30,3.8,,,3.8,0,2026-04-08T03:33:18.13889+00:00
133517,UPDCREIT,2020-11-02,3.8,,,3.8,0,2026-04-08T03:33:22.589733+00:00
133620,UPDCREIT,2020-11-03,3.8,,,3.8,0,2026-04-08T03:33:24.936567+00:00
133723,UPDCREIT,2020-11-04,3.8,,,3.8,20700,2026-04-08T03:33:27.402012+00:00
133826,UPDCREIT,2020-11-05,3.8,,,3.8,19155,2026-04-08T03:33:29.791139+00:00
133929,UPDCREIT,2020-11-06,3.8,,,3.8,0,2026-04-08T03:33:32.190465+00:00
134032,UPDCREIT,2020-11-09,3.8,,,3.8,32999,2026-04-08T03:33:36.944942+00:00
134136,UPDCREIT,2020-11-10,3.8,,,3.8,275,2026-04-08T03:33:39.328014+00:00
134240,UPDCREIT,2020-11-11,3.8,,,3.8,10000,2026-04-08T03:33:41.646704+00:00
134344,UPDCREIT,2020-11-12,3.8,,,3.8,80000,2026-04-08T03:33:44.075825+00:00
134448,UPDCREIT,2020-11-13,3.8,,,3.8,0,2026-04-08T03:33:46.660663+00:00
134552,UPDCREIT,2020-11-16,3.8,,,3.8,0,2026-04-08T03:33:51.206328+00:00
134656,UPDCREIT,2020-11-17,3.8,,,3.8,4000,2026-04-08T03:33:53.594986+00:00
134760,UPDCREIT,2020-11-18,3.8,,,3.8,100090,2026-04-08T03:33:56.053488+00:00
134864,UPDCREIT,2020-11-19,3.8,,,3.8,0,2026-04-08T03:33:58.535588+00:00
134968,UPDCREIT,2020-11-20,4.15,,,4.15,100000,2026-04-08T03:34:01.033528+00:00
135072,UPDCREIT,2020-11-23,4.15,,,4.15,118190,2026-04-08T03:34:05.446005+00:00
135176,UPDCREIT,2020-11-24,4.55,,,4.55,249348,2026-04-08T03:34:07.827748+00:00
135280,UPDCREIT,2020-11-25,5.0,,,5.0,145000,2026-04-08T03:34:10.273596+00:00
135384,UPDCREIT,2020-11-26,5.5,,,5.5,285109,2026-04-08T03:34:12.878043+00:00
135488,UPDCREIT,2020-11-27,5.5,,,5.5,232,2026-04-08T03:34:15.660625+00:00
135592,UPDCREIT,2020-11-30,5.5,,,5.5,20132,2026-04-08T03:34:20.595268+00:00
135696,UPDCREIT,2020-12-01,5.5,,,5.5,29964,2026-04-08T03:34:22.915781+00:00
135894,UPDCREIT,2020-12-02,5.5,,,5.5,115,2026-04-08T03:34:25.200893+00:00
135996,UPDCREIT,2020-12-03,5.5,,,5.5,90,2026-04-08T03:34:27.500503+00:00
136098,UPDCREIT,2020-12-04,5.5,,,5.5,0,2026-04-08T03:34:29.754666+00:00
136202,UPDCREIT,2020-12-07,5.5,,,5.5,18000,2026-04-08T03:34:34.092506+00:00
136306,UPDCREIT,2020-12-08,5.5,,,5.5,10000,2026-04-08T03:34:36.413898+00:00
136410,UPDCREIT,2020-12-09,5.5,,,5.5,13634,2026-04-08T03:34:38.741358+00:00
136514,UPDCREIT,2020-12-10,5.5,,,5.5,80500,2026-04-08T03:34:41.210459+00:00
136618,UPDCREIT,2020-12-11,5.5,,,5.5,0,2026-04-08T03:34:43.516271+00:00
136723,UPDCREIT,2020-12-14,5.5,,,5.5,0,2026-04-08T03:34:47.752987+00:00
136828,UPDCREIT,2020-12-15,5.5,,,5.5,1063,2026-04-08T03:34:50.014046+00:00
136933,UPDCREIT,2020-12-16,5.5,,,5.5,196,2026-04-08T03:34:52.260784+00:00
137038,UPDCREIT,2020-12-17,5.5,,,5.5,0,2026-04-08T03:34:54.700208+00:00
137143,UPDCREIT,2020-12-18,5.5,,,5.5,50,2026-04-08T03:34:57.404383+00:00
137248,UPDCREIT,2020-12-21,5.5,,,5.5,100,2026-04-08T03:35:01.74156+00:00
137353,UPDCREIT,2020-12-22,5.5,,,5.5,109578,2026-04-08T03:35:04.087051+00:00
137458,UPDCREIT,2020-12-23,5.5,,,5.5,1,2026-04-08T03:35:06.465463+00:00
137563,UPDCREIT,2020-12-24,5.5,,,5.5,0,2026-04-08T03:35:08.859517+00:00
137668,UPDCREIT,2020-12-29,5.5,,,5.5,0,2026-04-08T03:35:15.710612+00:00
137773,UPDCREIT,2020-12-30,5.5,,,5.5,0,2026-04-08T03:35:18.332825+00:00
137878,UPDCREIT,2020-12-31,5.5,,,5.5,160,2026-04-08T03:35:20.721524+00:00
137983,UPDCREIT,2021-01-04,5.5,,,5.5,3960,2026-04-08T03:35:26.376094+00:00
138088,UPDCREIT,2021-01-05,5.5,,,5.5,6713598,2026-04-08T03:35:29.033034+00:00
138193,UPDCREIT,2021-01-06,5.5,,,5.5,17841,2026-04-08T03:35:31.424152+00:00
138298,UPDCREIT,2021-01-07,5.5,,,5.5,200,2026-04-08T03:35:34.042283+00:00
138403,UPDCREIT,2021-01-08,5.5,,,5.5,68878,2026-04-08T03:35:36.489888+00:00
138508,UPDCREIT,2021-01-11,5.5,,,5.5,15179,2026-04-08T03:35:41.134484+00:00
138613,UPDCREIT,2021-01-12,5.5,,,5.5,755007570,2026-04-08T03:35:43.444525+00:00
138718,UPDCREIT,2021-01-13,5.5,,,5.5,96124,2026-04-08T03:35:45.752573+00:00
138823,UPDCREIT,2021-01-14,5.5,,,5.5,169070,2026-04-08T03:35:48.266873+00:00
138928,UPDCREIT,2021-01-15,5.5,,,5.5,11474,2026-04-08T03:35:50.536305+00:00
139033,UPDCREIT,2021-01-18,5.5,,,5.5,10533,2026-04-08T03:35:55.012207+00:00
139138,UPDCREIT,2021-01-19,5.5,,,5.5,1652,2026-04-08T03:35:57.346792+00:00
139243,UPDCREIT,2021-01-20,5.5,,,5.5,203981,2026-04-08T03:35:59.785195+00:00
139348,UPDCREIT,2021-01-21,5.5,,,5.5,10140,2026-04-08T03:36:02.057398+00:00
139453,UPDCREIT,2021-01-22,5.5,,,5.5,5037,2026-04-08T03:36:04.490813+00:00
139558,UPDCREIT,2021-01-25,5.5,,,5.5,16038,2026-04-08T03:36:09.142175+00:00
139663,UPDCREIT,2021-01-26,5.5,,,5.5,10510,2026-04-08T03:36:11.477526+00:00
139768,UPDCREIT,2021-01-27,5.5,,,5.5,107902,2026-04-08T03:36:13.916788+00:00
139873,UPDCREIT,2021-01-28,5.5,,,5.5,34824,2026-04-08T03:36:16.269205+00:00
139978,UPDCREIT,2021-01-29,5.5,,,5.5,39547,2026-04-08T03:36:18.603253+00:00
140083,UPDCREIT,2021-02-01,5.5,,,5.5,213849,2026-04-08T03:36:23.094546+00:00
140188,UPDCREIT,2021-02-02,5.5,,,5.5,37000,2026-04-08T03:36:25.523135+00:00
140293,UPDCREIT,2021-02-03,5.5,,,5.5,4083,2026-04-08T03:36:27.835035+00:00
140398,UPDCREIT,2021-02-04,5.5,,,5.5,182343,2026-04-08T03:36:30.225924+00:00
140503,UPDCREIT,2021-02-05,5.5,,,5.5,873472,2026-04-08T03:36:32.587221+00:00
140608,UPDCREIT,2021-02-08,6.0,,,6.0,181207,2026-04-08T03:36:37.052653+00:00
140713,UPDCREIT,2021-02-09,6.0,,,6.0,24206,2026-04-08T03:36:39.468141+00:00
140818,UPDCREIT,2021-02-10,6.0,,,6.0,3002,2026-04-08T03:36:41.836322+00:00
140923,UPDCREIT,2021-02-11,6.0,,,6.0,1014,2026-04-08T03:36:44.255641+00:00
141028,UPDCREIT,2021-02-12,6.0,,,6.0,13321,2026-04-08T03:36:46.553737+00:00
141133,UPDCREIT,2021-02-15,6.0,,,6.0,27876,2026-04-08T03:36:50.983127+00:00
141238,UPDCREIT,2021-02-16,5.4,,,5.4,235600,2026-04-08T03:36:53.929967+00:00
141343,UPDCREIT,2021-02-17,5.8,,,5.8,165019,2026-04-08T03:36:56.762484+00:00
141448,UPDCREIT,2021-02-18,5.35,,,5.35,815792,2026-04-08T03:36:59.321693+00:00
141553,UPDCREIT,2021-02-19,5.35,,,5.35,3121700,2026-04-08T03:37:01.817881+00:00
141658,UPDCREIT,2021-02-22,5.85,,,5.85,2084535,2026-04-08T03:37:06.27808+00:00
141763,UPDCREIT,2021-02-23,5.85,,,5.85,13591,2026-04-08T03:37:08.890934+00:00
141868,UPDCREIT,2021-02-24,5.85,,,5.85,318,2026-04-08T03:37:11.490979+00:00
141973,UPDCREIT,2021-02-25,5.85,,,5.85,51378,2026-04-08T03:37:14.190372+00:00
142078,UPDCREIT,2021-02-26,5.85,,,5.85,28638,2026-04-08T03:37:16.661186+00:00
142183,UPDCREIT,2021-03-01,5.85,,,5.85,2710,2026-04-08T03:37:22.522205+00:00
142288,UPDCREIT,2021-03-02,5.85,,,5.85,2240,2026-04-08T03:37:25.400973+00:00
142393,UPDCREIT,2021-03-03,5.85,,,5.85,25549,2026-04-08T03:37:28.29584+00:00
142498,UPDCREIT,2021-03-04,5.85,,,5.85,11352,2026-04-08T03:37:30.865183+00:00
142603,UPDCREIT,2021-03-05,5.85,,,5.85,157819,2026-04-08T03:37:35.032922+00:00
142708,UPDCREIT,2021-03-08,5.6,,,5.6,237634,2026-04-08T03:37:40.957406+00:00
142813,UPDCREIT,2021-03-09,5.6,,,5.6,8138,2026-04-08T03:37:43.478318+00:00
142918,UPDCREIT,2021-03-10,5.1,,,5.1,24419,2026-04-08T03:37:46.075681+00:00
143023,UPDCREIT,2021-03-11,5.1,,,5.1,16604,2026-04-08T03:37:49.142973+00:00
143128,UPDCREIT,2021-03-12,5.1,,,5.1,1499,2026-04-08T03:37:51.827027+00:00
143233,UPDCREIT,2021-03-15,5.1,,,5.1,30728,2026-04-08T03:37:56.632273+00:00
143338,UPDCREIT,2021-03-16,5.1,,,5.1,6799,2026-04-08T03:37:59.157483+00:00
143443,UPDCREIT,2021-03-17,5.1,,,5.1,9313,2026-04-08T03:38:01.497417+00:00
143548,UPDCREIT,2021-03-18,5.1,,,5.1,11259,2026-04-08T03:38:03.831621+00:00
143653,UPDCREIT,2021-03-19,5.1,,,5.1,24032,2026-04-08T03:38:06.31825+00:00
143758,UPDCREIT,2021-03-22,5.1,,,5.1,1151,2026-04-08T03:38:11.081229+00:00
143863,UPDCREIT,2021-03-23,5.1,,,5.1,0,2026-04-08T03:38:13.396015+00:00
143968,UPDCREIT,2021-03-24,5.1,,,5.1,2991,2026-04-08T03:38:15.81449+00:00
144073,UPDCREIT,2021-03-25,5.6,,,5.6,4031134,2026-04-08T03:38:18.283134+00:00
144178,UPDCREIT,2021-03-26,5.6,,,5.6,13341,2026-04-08T03:38:20.746814+00:00
144283,UPDCREIT,2021-03-29,5.6,,,5.6,28,2026-04-08T03:38:25.159246+00:00
144388,UPDCREIT,2021-03-30,5.6,,,5.6,74780,2026-04-08T03:38:27.475529+00:00
144493,UPDCREIT,2021-03-31,5.6,,,5.6,644690,2026-04-08T03:38:29.710175+00:00
144598,UPDCREIT,2021-04-01,5.6,,,5.6,12000,2026-04-08T03:38:32.086622+00:00
144703,UPDCREIT,2021-04-06,5.6,,,5.6,21531,2026-04-08T03:38:38.336109+00:00
144808,UPDCREIT,2021-04-07,5.6,,,5.6,22136,2026-04-08T03:38:40.597593+00:00
144913,UPDCREIT,2021-04-08,5.6,,,5.6,32017,2026-04-08T03:38:43.050318+00:00
145018,UPDCREIT,2021-04-09,5.6,,,5.6,28425,2026-04-08T03:38:45.381101+00:00
145123,UPDCREIT,2021-04-12,5.6,,,5.6,44300,2026-04-08T03:38:49.634064+00:00
145228,UPDCREIT,2021-04-14,5.6,,,5.6,80000,2026-04-08T03:38:53.291299+00:00
145333,UPDCREIT,2021-04-15,5.6,,,5.6,1931,2026-04-08T03:38:55.647647+00:00
145438,UPDCREIT,2021-04-16,5.6,,,5.6,3882,2026-04-08T03:38:58.039758+00:00
145543,UPDCREIT,2021-04-19,5.6,,,5.6,8001,2026-04-08T03:39:02.639407+00:00
145648,UPDCREIT,2021-04-20,5.6,,,5.6,3851,2026-04-08T03:39:05.009889+00:00
145753,UPDCREIT,2021-04-21,5.6,,,5.6,3156,2026-04-08T03:39:07.371999+00:00
145858,UPDCREIT,2021-04-22,5.6,,,5.6,250,2026-04-08T03:39:09.720023+00:00
145963,UPDCREIT,2021-04-26,5.6,,,5.6,1334,2026-04-08T03:39:15.36746+00:00
146068,UPDCREIT,2021-04-27,5.6,,,5.6,1,2026-04-08T03:39:17.695414+00:00
146173,UPDCREIT,2021-04-28,5.6,,,5.6,165734,2026-04-08T03:39:20.620007+00:00
146278,UPDCREIT,2021-04-29,5.6,,,5.6,30,2026-04-08T03:39:22.905871+00:00
146383,UPDCREIT,2021-04-30,5.6,,,5.6,3029,2026-04-08T03:39:25.430976+00:00
146488,UPDCREIT,2021-05-04,5.6,,,5.6,10177,2026-04-08T03:39:31.322792+00:00
146593,UPDCREIT,2021-05-05,5.6,,,5.6,68268,2026-04-08T03:39:33.759587+00:00
146698,UPDCREIT,2021-05-06,5.6,,,5.6,83791,2026-04-08T03:39:36.246061+00:00
146803,UPDCREIT,2021-05-07,5.6,,,5.6,3608,2026-04-08T03:39:38.47254+00:00
146908,UPDCREIT,2021-05-10,5.6,,,5.6,13683,2026-04-08T03:39:42.886326+00:00
147013,UPDCREIT,2021-05-11,5.6,,,5.6,67366,2026-04-08T03:39:45.288668+00:00
147118,UPDCREIT,2021-05-14,5.6,,,5.6,0,2026-04-08T03:39:49.859206+00:00
147223,UPDCREIT,2021-05-17,5.6,,,5.6,22544,2026-04-08T03:39:54.343913+00:00
147328,UPDCREIT,2021-05-18,5.6,,,5.6,2062,2026-04-08T03:39:57.092526+00:00
147433,UPDCREIT,2021-05-19,5.6,,,5.6,58886,2026-04-08T03:39:59.433321+00:00
147538,UPDCREIT,2021-05-20,5.6,,,5.6,1428,2026-04-08T03:40:01.906518+00:00
147643,UPDCREIT,2021-05-21,5.6,,,5.6,422,2026-04-08T03:40:04.221824+00:00
147748,UPDCREIT,2021-05-24,5.6,,,5.6,0,2026-04-08T03:40:08.535937+00:00
147853,UPDCREIT,2021-05-25,5.6,,,5.6,59018,2026-04-08T03:40:10.790359+00:00
147958,UPDCREIT,2021-05-26,5.6,,,5.6,51600,2026-04-08T03:40:13.088105+00:00
148063,UPDCREIT,2021-05-27,5.6,,,5.6,62433,2026-04-08T03:40:15.774564+00:00
148168,UPDCREIT,2021-05-28,5.6,,,5.6,3211,2026-04-08T03:40:18.222614+00:00
148273,UPDCREIT,2021-05-31,5.6,,,5.6,0,2026-04-08T03:40:23.651574+00:00
148378,UPDCREIT,2021-06-01,5.6,,,5.6,32891,2026-04-08T03:40:26.050454+00:00
148483,UPDCREIT,2021-06-02,5.6,,,5.6,3312,2026-04-08T03:40:28.576306+00:00
148588,UPDCREIT,2021-06-03,5.6,,,5.6,16404,2026-04-08T03:40:31.001459+00:00
148693,UPDCREIT,2021-06-04,5.6,,,5.6,23160,2026-04-08T03:40:33.442796+00:00
148798,UPDCREIT,2021-06-07,5.6,,,5.6,50725,2026-04-08T03:40:37.732645+00:00
148903,UPDCREIT,2021-06-08,5.6,,,5.6,38892,2026-04-08T03:40:40.102423+00:00
149008,UPDCREIT,2021-06-09,5.6,,,5.6,35013,2026-04-08T03:40:42.486352+00:00
149113,UPDCREIT,2021-06-10,5.6,,,5.6,1143,2026-04-08T03:40:45.029393+00:00
149218,UPDCREIT,2021-06-11,5.6,,,5.6,860,2026-04-08T03:40:47.465669+00:00
149323,UPDCREIT,2021-06-15,5.6,,,5.6,2935,2026-04-08T03:40:53.415974+00:00
149428,UPDCREIT,2021-06-16,5.6,,,5.6,174,2026-04-08T03:40:55.754681+00:00
149534,UPDCREIT,2021-06-17,5.6,,,5.6,171,2026-04-08T03:40:58.172345+00:00
149640,UPDCREIT,2021-06-18,5.6,,,5.6,895,2026-04-08T03:41:00.479054+00:00
149747,UPDCREIT,2021-06-21,5.6,,,5.6,3000,2026-04-08T03:41:05.049703+00:00
149854,UPDCREIT,2021-06-22,5.65,,,5.65,237908,2026-04-08T03:41:07.444448+00:00
149961,UPDCREIT,2021-06-23,5.65,,,5.65,50982,2026-04-08T03:41:09.819069+00:00
150068,UPDCREIT,2021-06-24,5.65,,,5.65,100640,2026-04-08T03:41:12.2583+00:00
150175,UPDCREIT,2021-06-25,5.65,,,5.65,281071,2026-04-08T03:41:14.6351+00:00
150282,UPDCREIT,2021-06-28,5.65,,,5.65,176020,2026-04-08T03:41:19.428749+00:00
150389,UPDCREIT,2021-06-29,5.65,,,5.65,225250,2026-04-08T03:41:22.147646+00:00
150496,UPDCREIT,2021-06-30,5.65,,,5.65,171020,2026-04-08T03:41:24.723581+00:00
150603,UPDCREIT,2021-07-01,5.65,,,5.65,163820,2026-04-08T03:41:27.253573+00:00
150710,UPDCREIT,2021-07-02,5.65,,,5.65,244230,2026-04-08T03:41:29.882533+00:00
150817,UPDCREIT,2021-07-05,6.0,,,6.0,435553,2026-04-08T03:41:34.454391+00:00
150924,UPDCREIT,2021-07-06,6.0,,,6.0,647105,2026-04-08T03:41:36.982623+00:00
151031,UPDCREIT,2021-07-07,6.0,,,6.0,1590,2026-04-08T03:41:39.307643+00:00
151138,UPDCREIT,2021-07-08,6.0,,,6.0,35101,2026-04-08T03:41:41.672436+00:00
151246,UPDCREIT,2021-07-09,6.0,,,6.0,345000,2026-04-08T03:41:44.186247+00:00
151354,UPDCREIT,2021-07-12,6.0,,,6.0,4248,2026-04-08T03:41:48.615121+00:00
151462,UPDCREIT,2021-07-13,6.0,,,6.0,37449,2026-04-08T03:41:50.993586+00:00
151570,UPDCREIT,2021-07-14,6.0,,,6.0,127060,2026-04-08T03:41:53.268+00:00
151678,UPDCREIT,2021-07-15,6.0,,,6.0,20030,2026-04-08T03:41:55.50175+00:00
151786,UPDCREIT,2021-07-16,6.0,,,6.0,1704,2026-04-08T03:41:57.978751+00:00
151894,UPDCREIT,2021-07-19,6.0,,,6.0,0,2026-04-08T03:42:02.439681+00:00
152002,UPDCREIT,2021-07-22,6.0,,,6.0,131,2026-04-08T03:42:06.938387+00:00
152110,UPDCREIT,2021-07-23,6.0,,,6.0,2313,2026-04-08T03:42:09.224536+00:00
152218,UPDCREIT,2021-07-26,6.0,,,6.0,70300,2026-04-08T03:42:13.888963+00:00
152326,UPDCREIT,2021-07-27,5.6,,,5.6,567750,2026-04-08T03:42:16.300026+00:00
152434,UPDCREIT,2021-07-28,5.6,,,5.6,3409,2026-04-08T03:42:18.733972+00:00
152542,UPDCREIT,2021-07-29,5.6,,,5.6,38316,2026-04-08T03:42:21.196071+00:00
152650,UPDCREIT,2021-07-30,5.6,,,5.6,13857,2026-04-08T03:42:23.780537+00:00
152758,UPDCREIT,2021-08-02,5.6,,,5.6,169537,2026-04-08T03:42:28.457705+00:00
152866,UPDCREIT,2021-08-03,5.6,,,5.6,114654,2026-04-08T03:42:31.094462+00:00
152974,UPDCREIT,2021-08-04,5.6,,,5.6,198293,2026-04-08T03:42:33.531563+00:00
153082,UPDCREIT,2021-08-05,5.6,,,5.6,3673,2026-04-08T03:42:35.917081+00:00
153190,UPDCREIT,2021-08-06,5.6,,,5.6,5618,2026-04-08T03:42:38.23616+00:00
153298,UPDCREIT,2021-08-09,5.6,,,5.6,31010,2026-04-08T03:42:42.878342+00:00
153406,UPDCREIT,2021-08-10,5.6,,,5.6,1215,2026-04-08T03:42:45.264053+00:00
153514,UPDCREIT,2021-08-12,5.6,,,5.6,0,2026-04-08T03:42:48.762656+00:00
153622,UPDCREIT,2021-08-13,5.6,,,5.6,23284,2026-04-08T03:42:51.120096+00:00
153730,UPDCREIT,2021-08-16,5.6,,,5.6,0,2026-04-08T03:42:55.556429+00:00
153838,UPDCREIT,2021-08-17,5.6,,,5.6,34776,2026-04-08T03:42:57.870214+00:00
153946,UPDCREIT,2021-08-18,5.6,,,5.6,281,2026-04-08T03:43:00.318272+00:00
154054,UPDCREIT,2021-08-19,5.6,,,5.6,518,2026-04-08T03:43:02.743698+00:00
154162,UPDCREIT,2021-08-20,5.6,,,5.6,151241,2026-04-08T03:43:05.111187+00:00
154270,UPDCREIT,2021-08-23,5.6,,,5.6,155538,2026-04-08T03:43:09.725908+00:00
154378,UPDCREIT,2021-08-24,5.6,,,5.6,18413,2026-04-08T03:43:12.031989+00:00
154486,UPDCREIT,2021-08-25,5.6,,,5.6,13002,2026-04-08T03:43:14.375004+00:00
154594,UPDCREIT,2021-08-26,5.6,,,5.6,2322,2026-04-08T03:43:16.860503+00:00
154702,UPDCREIT,2021-08-27,5.6,,,5.6,39500,2026-04-08T03:43:19.247601+00:00
154810,UPDCREIT,2021-08-30,5.6,,,5.6,14281,2026-04-08T03:43:23.756871+00:00
154918,UPDCREIT,2021-08-31,5.6,,,5.6,3624,2026-04-08T03:43:26.203018+00:00
155026,UPDCREIT,2021-09-01,5.6,,,5.6,2718,2026-04-08T03:43:28.430514+00:00
155134,UPDCREIT,2021-09-02,5.6,,,5.6,189086,2026-04-08T03:43:30.63423+00:00
155242,UPDCREIT,2021-09-03,5.6,,,5.6,115500,2026-04-08T03:43:33.173741+00:00
155350,UPDCREIT,2021-09-06,5.6,,,5.6,4160,2026-04-08T03:43:37.566628+00:00
155458,UPDCREIT,2021-09-07,5.6,,,5.6,14860,2026-04-08T03:43:39.870652+00:00
155566,UPDCREIT,2021-09-08,5.6,,,5.6,46500,2026-04-08T03:43:42.125577+00:00
155674,UPDCREIT,2021-09-09,5.6,,,5.6,13053,2026-04-08T03:43:44.739177+00:00
155782,UPDCREIT,2021-09-10,5.6,,,5.6,23812,2026-04-08T03:43:47.339386+00:00
155890,UPDCREIT,2021-09-13,5.6,,,5.6,44000,2026-04-08T03:43:51.822078+00:00
155998,UPDCREIT,2021-09-14,5.6,,,5.6,23991,2026-04-08T03:43:54.260371+00:00
156106,UPDCREIT,2021-09-15,5.6,,,5.6,281,2026-04-08T03:43:56.896801+00:00
156214,UPDCREIT,2021-09-16,5.6,,,5.6,374,2026-04-08T03:43:59.227477+00:00
156322,UPDCREIT,2021-09-20,5.6,,,5.6,83893,2026-04-08T03:44:04.993721+00:00
156430,UPDCREIT,2021-09-21,5.6,,,5.6,193325,2026-04-08T03:44:07.727357+00:00
156538,UPDCREIT,2021-09-22,5.6,,,5.6,252392,2026-04-08T03:44:10.239254+00:00
156646,UPDCREIT,2021-09-23,5.6,,,5.6,2000,2026-04-08T03:44:12.661605+00:00
156754,UPDCREIT,2021-09-24,5.6,,,5.6,28475,2026-04-08T03:44:15.34542+00:00
156862,UPDCREIT,2021-09-27,5.6,,,5.6,18305,2026-04-08T03:44:19.850483+00:00
156970,UPDCREIT,2021-09-28,5.6,,,5.6,2119,2026-04-08T03:44:22.678655+00:00
157078,UPDCREIT,2021-09-29,5.6,,,5.6,11517,2026-04-08T03:44:25.133662+00:00
157186,UPDCREIT,2021-09-30,5.6,,,5.6,21010,2026-04-08T03:44:27.471646+00:00
157294,UPDCREIT,2021-10-04,5.6,,,5.6,3640,2026-04-08T03:44:32.876267+00:00
157402,UPDCREIT,2021-10-05,5.6,,,5.6,120671,2026-04-08T03:44:35.445743+00:00
157510,UPDCREIT,2021-10-06,5.6,,,5.6,175094,2026-04-08T03:44:37.876116+00:00
157618,UPDCREIT,2021-10-07,5.65,,,5.65,300141,2026-04-08T03:44:40.206594+00:00
157726,UPDCREIT,2021-10-08,5.65,,,5.65,5815,2026-04-08T03:44:42.63936+00:00
157834,UPDCREIT,2021-10-11,5.65,,,5.65,31010,2026-04-08T03:44:47.21782+00:00
157942,UPDCREIT,2021-10-12,5.65,,,5.65,1105,2026-04-08T03:44:49.55017+00:00
158050,UPDCREIT,2021-10-13,5.65,,,5.65,88500,2026-04-08T03:44:52.157785+00:00
158158,UPDCREIT,2021-10-14,5.65,,,5.65,3320,2026-04-08T03:44:54.53471+00:00
158267,UPDCREIT,2021-10-15,5.65,,,5.65,0,2026-04-08T03:44:56.91657+00:00
158376,UPDCREIT,2021-10-18,5.65,,,5.65,37480,2026-04-08T03:45:01.595863+00:00
158485,UPDCREIT,2021-10-20,5.65,,,5.65,59458,2026-04-08T03:45:05.471144+00:00
158594,UPDCREIT,2021-10-21,5.65,,,5.65,1271,2026-04-08T03:45:08.008029+00:00
158704,UPDCREIT,2021-10-22,5.65,,,5.65,323549,2026-04-08T03:45:10.474564+00:00
158813,UPDCREIT,2021-10-25,5.65,,,5.65,119978,2026-04-08T03:45:15.28358+00:00
158922,UPDCREIT,2021-10-26,5.65,,,5.65,26046,2026-04-08T03:45:17.74539+00:00
159031,UPDCREIT,2021-10-27,5.65,,,5.65,2932,2026-04-08T03:45:20.303823+00:00
159140,UPDCREIT,2021-10-28,6.0,,,6.0,116253,2026-04-08T03:45:22.610226+00:00
159249,UPDCREIT,2021-10-29,6.0,,,6.0,6640,2026-04-08T03:45:25.013779+00:00
159358,UPDCREIT,2021-11-01,6.0,,,6.0,5916,2026-04-08T03:45:29.747778+00:00
159467,UPDCREIT,2021-11-02,6.0,,,6.0,3798,2026-04-08T03:45:32.292585+00:00
159576,UPDCREIT,2021-11-03,6.0,,,6.0,725025,2026-04-08T03:45:34.604091+00:00
159685,UPDCREIT,2021-11-04,6.0,,,6.0,686752,2026-04-08T03:45:37.086301+00:00
159794,UPDCREIT,2021-11-05,6.0,,,6.0,56150,2026-04-08T03:45:39.522081+00:00
159903,UPDCREIT,2021-11-08,6.0,,,6.0,1721019,2026-04-08T03:45:44.061968+00:00
160012,UPDCREIT,2021-11-10,6.0,,,6.0,91630,2026-04-08T03:45:47.530577+00:00
160121,UPDCREIT,2021-11-11,6.0,,,6.0,160348,2026-04-08T03:45:49.990111+00:00
160230,UPDCREIT,2021-11-12,6.0,,,6.0,66,2026-04-08T03:45:52.531373+00:00
160339,UPDCREIT,2021-11-15,6.0,,,6.0,575058,2026-04-08T03:45:57.041913+00:00
160448,UPDCREIT,2021-11-17,6.0,,,6.0,45333,2026-04-08T03:46:00.536124+00:00
160557,UPDCREIT,2021-11-18,6.0,,,6.0,26645,2026-04-08T03:46:03.012698+00:00
160666,UPDCREIT,2021-11-19,5.6,,,5.6,202481,2026-04-08T03:46:05.423699+00:00
160775,UPDCREIT,2021-11-22,5.6,,,5.6,782555,2026-04-08T03:46:10.306395+00:00
160884,UPDCREIT,2021-11-23,5.6,,,5.6,142565,2026-04-08T03:46:12.888041+00:00
160993,UPDCREIT,2021-11-24,5.6,,,5.6,2114513,2026-04-08T03:46:15.261589+00:00
161102,UPDCREIT,2021-11-25,5.6,,,5.6,804373,2026-04-08T03:46:17.544601+00:00
161211,UPDCREIT,2021-11-29,4.55,,,4.55,2492990,2026-04-08T03:46:23.244686+00:00
161320,UPDCREIT,2021-11-30,4.1,,,4.1,2534223,2026-04-08T03:46:25.627389+00:00
161429,UPDCREIT,2021-12-01,4.1,,,4.1,817424,2026-04-08T03:46:28.190956+00:00
161538,UPDCREIT,2021-12-02,4.1,,,4.1,1989648,2026-04-08T03:46:30.651544+00:00
161647,UPDCREIT,2021-12-03,4.1,,,4.1,438220,2026-04-08T03:46:33.124129+00:00
161756,UPDCREIT,2021-12-06,4.1,,,4.1,1094853,2026-04-08T03:46:37.622095+00:00
161865,UPDCREIT,2021-12-07,4.1,,,4.1,354842,2026-04-08T03:46:39.947423+00:00
161974,UPDCREIT,2021-12-08,4.05,,,4.05,3561432,2026-04-08T03:46:42.482337+00:00
162083,UPDCREIT,2021-12-09,4.05,,,4.05,3339196,2026-04-08T03:46:44.852467+00:00
162193,UPDCREIT,2021-12-10,4.4,,,4.4,314648,2026-04-08T03:46:47.321476+00:00
162303,UPDCREIT,2021-12-13,4.5,,,4.5,16925803,2026-04-08T03:46:51.775824+00:00
162413,UPDCREIT,2021-12-14,4.2,,,4.2,356800,2026-04-08T03:46:54.126877+00:00
162523,UPDCREIT,2021-12-15,4.2,,,4.2,613099,2026-04-08T03:46:56.822916+00:00
162633,UPDCREIT,2021-12-16,4.2,,,4.2,11040,2026-04-08T03:46:59.215115+00:00
162744,UPDCREIT,2021-12-17,4.1,,,4.1,151071,2026-04-08T03:47:01.752329+00:00
162855,UPDCREIT,2021-12-20,4.1,,,4.1,52477,2026-04-08T03:47:06.293287+00:00
162966,UPDCREIT,2021-12-21,4.1,,,4.1,398566,2026-04-08T03:47:08.729464+00:00
163077,UPDCREIT,2021-12-22,4.1,,,4.1,793627,2026-04-08T03:47:11.106283+00:00
163188,UPDCREIT,2021-12-23,4.1,,,4.1,1248039,2026-04-08T03:47:13.420215+00:00
163299,UPDCREIT,2021-12-24,4.0,,,4.0,1875300,2026-04-08T03:47:15.708642+00:00
163410,UPDCREIT,2021-12-29,3.75,,,3.75,4942858,2026-04-08T03:47:22.624079+00:00
163521,UPDCREIT,2021-12-30,4.05,,,4.05,15484033,2026-04-08T03:47:25.019388+00:00
163632,UPDCREIT,2021-12-31,4.45,,,4.45,4487759,2026-04-08T03:47:27.803632+00:00
163743,UPDCREIT,2022-01-04,4.45,,,4.45,1073034,2026-04-08T03:47:33.190226+00:00
163855,UPDCREIT,2022-01-05,4.3,,,4.3,241095,2026-04-08T03:47:35.481449+00:00
163967,UPDCREIT,2022-01-06,4.3,,,4.3,73286,2026-04-08T03:47:38.067383+00:00
164079,UPDCREIT,2022-01-07,4.3,,,4.3,89561,2026-04-08T03:47:40.483305+00:00
164191,UPDCREIT,2022-01-10,4.3,,,4.3,118409,2026-04-08T03:47:45.097739+00:00
164303,UPDCREIT,2022-01-11,3.95,,,3.95,1418348,2026-04-08T03:47:47.617941+00:00
164415,UPDCREIT,2022-01-12,4.0,,,4.0,233493,2026-04-08T03:47:50.132225+00:00
164527,UPDCREIT,2022-01-13,4.0,,,4.0,46787,2026-04-08T03:47:52.673244+00:00
164639,UPDCREIT,2022-01-14,4.0,,,4.0,232541,2026-04-08T03:47:55.308832+00:00
164751,UPDCREIT,2022-01-17,4.0,,,4.0,20294,2026-04-08T03:47:59.999655+00:00
164863,UPDCREIT,2022-01-18,4.0,,,4.0,228631,2026-04-08T03:48:02.353596+00:00
164975,UPDCREIT,2022-01-19,4.0,,,4.0,507531,2026-04-08T03:48:04.820784+00:00
165087,UPDCREIT,2022-01-20,4.0,,,4.0,475935,2026-04-08T03:48:07.325935+00:00
165199,UPDCREIT,2022-01-21,3.95,,,3.95,197187,2026-04-08T03:48:09.696329+00:00
165311,UPDCREIT,2022-01-24,3.95,,,3.95,361618,2026-04-08T03:48:14.136661+00:00
165423,UPDCREIT,2022-01-25,3.95,,,3.95,7076623,2026-04-08T03:48:16.50614+00:00
165535,UPDCREIT,2022-01-26,3.95,,,3.95,3089524,2026-04-08T03:48:19.024911+00:00
165647,UPDCREIT,2022-01-27,3.85,,,3.85,46355317,2026-04-08T03:48:21.585909+00:00
165759,UPDCREIT,2022-01-28,3.85,,,3.85,2315979,2026-04-08T03:48:23.969021+00:00
165871,UPDCREIT,2022-01-31,3.85,,,3.85,2561029,2026-04-08T03:48:28.465348+00:00
165983,UPDCREIT,2022-02-01,3.6,,,3.6,7087833,2026-04-08T03:48:30.807911+00:00
166095,UPDCREIT,2022-02-02,3.6,,,3.6,1769852,2026-04-08T03:48:33.305516+00:00
166207,UPDCREIT,2022-02-03,3.6,,,3.6,1454513,2026-04-08T03:48:35.918914+00:00
166319,UPDCREIT,2022-02-04,3.6,,,3.6,5495122,2026-04-08T03:48:38.317721+00:00
166431,UPDCREIT,2022-02-07,3.7,,,3.7,1045791,2026-04-08T03:48:42.904693+00:00
166543,UPDCREIT,2022-02-08,3.65,,,3.65,772004,2026-04-08T03:48:45.378139+00:00
166655,UPDCREIT,2022-02-09,3.55,,,3.55,4410356,2026-04-08T03:48:48.035665+00:00
166767,UPDCREIT,2022-02-10,3.55,,,3.55,1330401,2026-04-08T03:48:50.398564+00:00
166879,UPDCREIT,2022-02-11,3.55,,,3.55,2048735,2026-04-08T03:48:52.774016+00:00
166991,UPDCREIT,2022-02-14,3.5,,,3.5,1114304,2026-04-08T03:48:57.293433+00:00
167103,UPDCREIT,2022-02-15,3.5,,,3.5,941925,2026-04-08T03:48:59.662493+00:00
167215,UPDCREIT,2022-02-16,3.45,,,3.45,741548,2026-04-08T03:49:02.003783+00:00
167327,UPDCREIT,2022-02-17,3.6,,,3.6,166714,2026-04-08T03:49:04.32656+00:00
167439,UPDCREIT,2022-02-18,3.65,,,3.65,637442,2026-04-08T03:49:06.711382+00:00
167551,UPDCREIT,2022-02-21,3.75,,,3.75,494263,2026-04-08T03:49:10.978464+00:00
167663,UPDCREIT,2022-02-22,3.8,,,3.8,200689,2026-04-08T03:49:13.528869+00:00
167775,UPDCREIT,2022-02-23,3.8,,,3.8,468835,2026-04-08T03:49:15.914345+00:00
167887,UPDCREIT,2022-02-24,3.7,,,3.7,779791,2026-04-08T03:49:18.676795+00:00
167999,UPDCREIT,2022-02-25,3.7,,,3.7,621844,2026-04-08T03:49:21.264729+00:00
168111,UPDCREIT,2022-02-28,3.7,,,3.7,1263389,2026-04-08T03:49:25.620712+00:00
168223,UPDCREIT,2022-03-01,3.7,,,3.7,290019,2026-04-08T03:49:28.049171+00:00
168335,UPDCREIT,2022-03-02,3.65,,,3.65,389328,2026-04-08T03:49:30.283109+00:00
168447,UPDCREIT,2022-03-03,3.65,,,3.65,105339,2026-04-08T03:49:32.551227+00:00
168559,UPDCREIT,2022-03-04,3.65,,,3.65,64664,2026-04-08T03:49:34.968546+00:00
168671,UPDCREIT,2022-03-07,3.7,,,3.7,309510,2026-04-08T03:49:39.227432+00:00
168783,UPDCREIT,2022-03-08,3.7,,,3.7,20843,2026-04-08T03:49:41.475537+00:00
168895,UPDCREIT,2022-03-09,3.7,,,3.7,326006,2026-04-08T03:49:43.759827+00:00
169007,UPDCREIT,2022-03-10,3.6,,,3.6,1059277,2026-04-08T03:49:46.077826+00:00
169119,UPDCREIT,2022-03-11,3.6,,,3.6,61038,2026-04-08T03:49:48.438529+00:00
169231,UPDCREIT,2022-03-14,3.6,,,3.6,274254,2026-04-08T03:49:53.114563+00:00
169343,UPDCREIT,2022-03-15,3.6,,,3.6,232466,2026-04-08T03:49:55.533531+00:00
169455,UPDCREIT,2022-03-16,3.6,,,3.6,23804,2026-04-08T03:49:57.903122+00:00
169567,UPDCREIT,2022-03-17,3.6,,,3.6,59410,2026-04-08T03:50:00.211329+00:00
169679,UPDCREIT,2022-03-18,3.6,,,3.6,67046,2026-04-08T03:50:02.865266+00:00
169791,UPDCREIT,2022-03-21,3.6,,,3.6,179891,2026-04-08T03:50:07.476142+00:00
169903,UPDCREIT,2022-03-24,3.6,,,3.6,19649,2026-04-08T03:50:12.041871+00:00
170015,UPDCREIT,2022-03-25,3.6,,,3.6,140397,2026-04-08T03:50:14.507747+00:00
170127,UPDCREIT,2022-03-28,3.6,,,3.6,22681,2026-04-08T03:50:18.995306+00:00
170239,UPDCREIT,2022-03-29,3.6,,,3.6,13073,2026-04-08T03:50:21.48252+00:00
170351,UPDCREIT,2022-03-31,3.6,,,3.6,27753,2026-04-08T03:50:25.686443+00:00
170463,UPDCREIT,2022-04-01,3.3,,,3.3,1538869,2026-04-08T03:50:28.209626+00:00
170575,UPDCREIT,2022-04-04,3.3,,,3.3,179060,2026-04-08T03:50:32.692631+00:00
170687,UPDCREIT,2022-04-05,3.45,,,3.45,232111,2026-04-08T03:50:35.152392+00:00
170799,UPDCREIT,2022-04-06,3.4,,,3.4,358300,2026-04-08T03:50:37.478667+00:00
170911,UPDCREIT,2022-04-07,3.3,,,3.3,1368395,2026-04-08T03:50:39.880974+00:00
171023,UPDCREIT,2022-04-08,3.3,,,3.3,945201,2026-04-08T03:50:42.48638+00:00
171135,UPDCREIT,2022-04-11,3.3,,,3.3,294426,2026-04-08T03:50:47.197044+00:00
171247,UPDCREIT,2022-04-12,3.55,,,3.55,1397762,2026-04-08T03:50:49.473284+00:00
171359,UPDCREIT,2022-04-13,3.55,,,3.55,106834,2026-04-08T03:50:51.878986+00:00
171471,UPDCREIT,2022-04-14,3.55,,,3.55,890053,2026-04-08T03:50:54.439705+00:00
171583,UPDCREIT,2022-04-19,3.55,,,3.55,56474,2026-04-08T03:51:01.439974+00:00
171695,UPDCREIT,2022-04-20,3.5,,,3.5,860505,2026-04-08T03:51:03.698116+00:00
171807,UPDCREIT,2022-04-21,3.5,,,3.5,123410,2026-04-08T03:51:06.083072+00:00
171919,UPDCREIT,2022-04-22,3.5,,,3.5,518626,2026-04-08T03:51:08.393199+00:00
172031,UPDCREIT,2022-04-25,3.85,,,3.85,768724,2026-04-08T03:51:12.880327+00:00
172143,UPDCREIT,2022-04-26,3.85,,,3.85,187060,2026-04-08T03:51:15.284155+00:00
172255,UPDCREIT,2022-04-27,3.85,,,3.85,26151,2026-04-08T03:51:17.680395+00:00
172367,UPDCREIT,2022-04-28,3.85,,,3.85,158826,2026-04-08T03:51:20.413235+00:00
172479,UPDCREIT,2022-04-29,3.85,,,3.85,15810,2026-04-08T03:51:22.882631+00:00
172591,UPDCREIT,2022-05-04,3.7,,,3.7,243397,2026-04-08T03:51:29.674847+00:00
172703,UPDCREIT,2022-05-05,3.7,,,3.7,16333,2026-04-08T03:51:32.050072+00:00
172816,UPDCREIT,2022-05-09,3.75,,,3.75,634418,2026-04-08T03:51:37.853933+00:00
172929,UPDCREIT,2022-05-10,3.75,,,3.75,327162,2026-04-08T03:51:40.332012+00:00
173042,UPDCREIT,2022-05-11,3.75,,,3.75,132833,2026-04-08T03:51:42.74313+00:00
173155,UPDCREIT,2022-05-12,3.75,,,3.75,70390,2026-04-08T03:51:45.11326+00:00
173268,UPDCREIT,2022-05-13,3.75,,,3.75,117646,2026-04-08T03:51:47.585464+00:00
173381,UPDCREIT,2022-05-16,3.75,,,3.75,173782,2026-04-08T03:51:52.042574+00:00
173494,UPDCREIT,2022-05-17,3.9,,,3.9,493406,2026-04-08T03:51:54.492158+00:00
173607,UPDCREIT,2022-05-18,3.9,,,3.9,68285,2026-04-08T03:51:57.297116+00:00
173720,UPDCREIT,2022-05-19,3.9,,,3.9,8379,2026-04-08T03:51:59.624655+00:00
173833,UPDCREIT,2022-05-20,3.75,,,3.75,203463,2026-04-08T03:52:02.40298+00:00
173946,UPDCREIT,2022-05-23,3.75,,,3.75,95169,2026-04-08T03:52:07.648814+00:00
174059,UPDCREIT,2022-05-24,3.75,,,3.75,276425,2026-04-08T03:52:10.277037+00:00
174172,UPDCREIT,2022-05-25,3.75,,,3.75,753992,2026-04-08T03:52:13.066486+00:00
174285,UPDCREIT,2022-05-26,3.75,,,3.75,934390,2026-04-08T03:52:15.508934+00:00
174398,UPDCREIT,2022-05-27,3.75,,,3.75,65306,2026-04-08T03:52:18.156913+00:00
174511,UPDCREIT,2022-05-30,3.75,,,3.75,319589,2026-04-08T03:52:22.656757+00:00
174624,UPDCREIT,2022-05-31,3.75,,,3.75,646770,2026-04-08T03:52:25.114026+00:00
174737,UPDCREIT,2022-06-01,3.75,,,3.75,349831,2026-04-08T03:52:27.834682+00:00
174850,UPDCREIT,2022-06-02,3.75,,,3.75,122768,2026-04-08T03:52:30.493727+00:00
174963,UPDCREIT,2022-06-03,3.4,,,3.4,12419680,2026-04-08T03:52:33.10221+00:00
175076,UPDCREIT,2022-06-06,3.4,,,3.4,129748,2026-04-08T03:52:37.969718+00:00
175189,UPDCREIT,2022-06-07,3.4,,,3.4,15848,2026-04-08T03:52:40.734023+00:00
175302,UPDCREIT,2022-06-08,3.4,,,3.4,14307,2026-04-08T03:52:43.634804+00:00
175415,UPDCREIT,2022-06-09,3.4,,,3.4,26069,2026-04-08T03:52:46.431396+00:00
175528,UPDCREIT,2022-06-10,3.4,,,3.4,24157,2026-04-08T03:52:48.916453+00:00
175641,UPDCREIT,2022-06-14,3.4,,,3.4,37305,2026-04-08T03:52:55.08065+00:00
175754,UPDCREIT,2022-06-15,3.4,,,3.4,376529,2026-04-08T03:52:57.782204+00:00
175867,UPDCREIT,2022-06-16,3.4,,,3.4,49298,2026-04-08T03:53:00.45527+00:00
175980,UPDCREIT,2022-06-17,3.4,,,3.4,177340,2026-04-08T03:53:03.647185+00:00
176093,UPDCREIT,2022-06-20,3.4,,,3.4,139176,2026-04-08T03:53:09.449588+00:00
176206,UPDCREIT,2022-06-21,3.4,,,3.4,444995,2026-04-08T03:53:11.833027+00:00
176319,UPDCREIT,2022-06-22,3.4,,,3.4,174893,2026-04-08T03:53:14.63862+00:00
176432,UPDCREIT,2022-06-23,3.4,,,3.4,91699,2026-04-08T03:53:17.250825+00:00
176545,UPDCREIT,2022-06-24,3.4,,,3.4,180939,2026-04-08T03:53:19.718295+00:00
176658,UPDCREIT,2022-06-27,3.4,,,3.4,154749,2026-04-08T03:53:24.073012+00:00
176771,UPDCREIT,2022-06-28,3.4,,,3.4,18813,2026-04-08T03:53:26.399159+00:00
176884,UPDCREIT,2022-06-29,3.4,,,3.4,58318,2026-04-08T03:53:28.994117+00:00
176997,UPDCREIT,2022-06-30,3.45,,,3.45,503435,2026-04-08T03:53:31.346855+00:00
177110,UPDCREIT,2022-07-01,3.45,,,3.45,106286,2026-04-08T03:53:33.724657+00:00
177223,UPDCREIT,2022-07-04,3.45,,,3.45,194615,2026-04-08T03:53:38.198731+00:00
177336,UPDCREIT,2022-07-06,3.6,,,3.6,243312,2026-04-08T03:53:41.625349+00:00
177449,UPDCREIT,2022-07-07,3.6,,,3.6,32908,2026-04-08T03:53:44.268487+00:00
177562,UPDCREIT,2022-07-13,3.6,,,3.6,116320,2026-04-08T03:53:51.5999+00:00
177675,UPDCREIT,2022-07-14,3.45,,,3.45,267317,2026-04-08T03:53:54.010732+00:00
177788,UPDCREIT,2022-07-15,3.45,,,3.45,100500,2026-04-08T03:53:56.616585+00:00
177901,UPDCREIT,2022-07-18,3.45,,,3.45,7015,2026-04-08T03:54:01.214275+00:00
178014,UPDCREIT,2022-07-19,3.4,,,3.4,165324,2026-04-08T03:54:03.665978+00:00
178127,UPDCREIT,2022-07-20,3.4,,,3.4,28560,2026-04-08T03:54:06.203384+00:00
178240,UPDCREIT,2022-07-21,3.4,,,3.4,18445,2026-04-08T03:54:08.685258+00:00
178353,UPDCREIT,2022-07-22,3.4,,,3.4,7641,2026-04-08T03:54:11.171489+00:00
178466,UPDCREIT,2022-07-25,3.4,,,3.4,49031,2026-04-08T03:54:15.900169+00:00
178579,UPDCREIT,2022-07-26,3.4,,,3.4,330410,2026-04-08T03:54:18.382379+00:00
178692,UPDCREIT,2022-07-27,3.25,,,3.25,334413,2026-04-08T03:54:20.730044+00:00
178805,UPDCREIT,2022-07-28,3.55,,,3.55,316934,2026-04-08T03:54:23.385493+00:00
178918,UPDCREIT,2022-07-29,3.55,,,3.55,44455,2026-04-08T03:54:25.692024+00:00
179031,UPDCREIT,2022-08-01,3.55,,,3.55,51981,2026-04-08T03:54:30.144665+00:00
179144,UPDCREIT,2022-08-02,3.55,,,3.55,80059,2026-04-08T03:54:32.509592+00:00
179257,UPDCREIT,2022-08-03,3.55,,,3.55,20728,2026-04-08T03:54:34.924873+00:00
179370,UPDCREIT,2022-08-04,3.55,,,3.55,112050,2026-04-08T03:54:37.32089+00:00
179483,UPDCREIT,2022-08-05,3.55,,,3.55,1067,2026-04-08T03:54:40.805957+00:00
179596,UPDCREIT,2022-08-08,3.55,,,3.55,135284,2026-04-08T03:54:45.81173+00:00
179709,UPDCREIT,2022-08-09,3.55,,,3.55,59846,2026-04-08T03:54:48.637408+00:00
179822,UPDCREIT,2022-08-10,3.55,,,3.55,91767,2026-04-08T03:54:51.561754+00:00
179935,UPDCREIT,2022-08-11,3.55,,,3.55,44593,2026-04-08T03:54:54.196076+00:00
180048,UPDCREIT,2022-08-12,3.55,,,3.55,65285,2026-04-08T03:54:57.115593+00:00
180161,UPDCREIT,2022-08-15,3.55,,,3.55,18715,2026-04-08T03:55:01.874457+00:00
180274,UPDCREIT,2022-08-16,3.2,,,3.2,672185,2026-04-08T03:55:04.540652+00:00
180387,UPDCREIT,2022-08-17,3.2,,,3.2,142156,2026-04-08T03:55:07.214991+00:00
180500,UPDCREIT,2022-08-18,3.2,,,3.2,228529,2026-04-08T03:55:09.916723+00:00
180613,UPDCREIT,2022-08-19,3.25,,,3.25,222123,2026-04-08T03:55:12.400686+00:00
180726,UPDCREIT,2022-08-22,3.25,,,3.25,20838,2026-04-08T03:55:17.568382+00:00
180839,UPDCREIT,2022-08-23,3.25,,,3.25,393983,2026-04-08T03:55:19.990422+00:00
180952,UPDCREIT,2022-08-24,3.25,,,3.25,3870,2026-04-08T03:55:23.644905+00:00
181065,UPDCREIT,2022-08-25,3.25,,,3.25,76207,2026-04-08T03:55:26.062264+00:00
181178,UPDCREIT,2022-08-26,3.25,,,3.25,35087,2026-04-08T03:55:28.378019+00:00
181291,UPDCREIT,2022-08-29,3.55,,,3.55,500133,2026-04-08T03:55:33.185942+00:00
181404,UPDCREIT,2022-08-30,3.55,,,3.55,30770,2026-04-08T03:55:35.909469+00:00
181517,UPDCREIT,2022-08-31,3.3,,,3.3,325766,2026-04-08T03:55:38.363566+00:00
181630,UPDCREIT,2022-09-01,3.4,,,3.4,303488,2026-04-08T03:55:40.868139+00:00
181743,UPDCREIT,2022-09-02,3.4,,,3.4,170999,2026-04-08T03:55:43.232165+00:00
181856,UPDCREIT,2022-09-05,3.4,,,3.4,7701,2026-04-08T03:55:48.110555+00:00
181969,UPDCREIT,2022-09-06,3.4,,,3.4,38047,2026-04-08T03:55:50.526892+00:00
182082,UPDCREIT,2022-09-07,3.4,,,3.4,19724,2026-04-08T03:55:53.051287+00:00
182195,UPDCREIT,2022-09-08,3.4,,,3.4,53012,2026-04-08T03:55:55.74031+00:00
182308,UPDCREIT,2022-09-09,3.4,,,3.4,163968,2026-04-08T03:55:58.848563+00:00
182421,UPDCREIT,2022-09-12,3.4,,,3.4,8900,2026-04-08T03:56:03.370953+00:00
182534,UPDCREIT,2022-09-13,3.4,,,3.4,17229,2026-04-08T03:56:05.83654+00:00
182647,UPDCREIT,2022-09-14,3.4,,,3.4,243681,2026-04-08T03:56:08.091672+00:00
182760,UPDCREIT,2022-09-16,3.2,,,3.2,910107,2026-04-08T03:56:11.4683+00:00
182873,UPDCREIT,2022-09-19,3.2,,,3.2,141512,2026-04-08T03:56:15.923342+00:00
182986,UPDCREIT,2022-09-20,3.2,,,3.2,31993,2026-04-08T03:56:18.184056+00:00
183099,UPDCREIT,2022-09-21,3.2,,,3.2,8647,2026-04-08T03:56:20.42724+00:00
183212,UPDCREIT,2022-09-22,3.2,,,3.2,140,2026-04-08T03:56:22.767495+00:00
183325,UPDCREIT,2022-09-23,3.2,,,3.2,1411618,2026-04-08T03:56:25.066978+00:00
183438,UPDCREIT,2022-09-26,3.2,,,3.2,293456,2026-04-08T03:56:29.379703+00:00
183551,UPDCREIT,2022-09-28,3.2,,,3.2,358425,2026-04-08T03:56:32.717753+00:00
183664,UPDCREIT,2022-09-29,3.2,,,3.2,61106,2026-04-08T03:56:35.489047+00:00
183777,UPDCREIT,2022-09-30,3.1,,,3.1,379112,2026-04-08T03:56:37.947618+00:00
183891,UPDCREIT,2022-10-05,3.05,,,3.05,609884,2026-04-08T03:56:44.538147+00:00
184005,UPDCREIT,2022-10-06,3.05,,,3.05,436937,2026-04-08T03:56:46.932693+00:00
184119,UPDCREIT,2022-10-07,2.8,,,2.8,689509,2026-04-08T03:56:49.334037+00:00
184233,UPDCREIT,2022-10-11,2.8,,,2.8,11785,2026-04-08T03:56:55.029281+00:00
184347,UPDCREIT,2022-10-12,2.8,,,2.8,162581,2026-04-08T03:56:58.300033+00:00
184461,UPDCREIT,2022-10-13,2.8,,,2.8,156615,2026-04-08T03:57:00.825788+00:00
184575,UPDCREIT,2022-10-14,2.8,,,2.8,38243,2026-04-08T03:57:03.298348+00:00
184689,UPDCREIT,2022-10-17,2.8,,,2.8,123209,2026-04-08T03:57:07.885609+00:00
184803,UPDCREIT,2022-10-18,2.8,,,2.8,24111,2026-04-08T03:57:10.303346+00:00
184917,UPDCREIT,2022-10-19,2.8,,,2.8,1513,2026-04-08T03:57:12.819589+00:00
185031,UPDCREIT,2022-10-20,3.05,,,3.05,326244,2026-04-08T03:57:15.111185+00:00
185145,UPDCREIT,2022-10-21,3.05,,,3.05,2838628,2026-04-08T03:57:17.499968+00:00
185259,UPDCREIT,2022-10-24,3.05,,,3.05,345300,2026-04-08T03:57:21.686266+00:00
185373,UPDCREIT,2022-10-26,3.05,,,3.05,87920,2026-04-08T03:57:24.913682+00:00
185487,UPDCREIT,2022-10-27,3.05,,,3.05,92164,2026-04-08T03:57:27.260544+00:00
185601,UPDCREIT,2022-10-28,3.05,,,3.05,279918,2026-04-08T03:57:29.835926+00:00
185715,UPDCREIT,2022-10-31,3.05,,,3.05,154284,2026-04-08T03:57:34.21591+00:00
185829,UPDCREIT,2022-11-01,3.0,,,3.0,240381,2026-04-08T03:57:36.609373+00:00
185943,UPDCREIT,2022-11-02,2.75,,,2.75,593243,2026-04-08T03:57:39.066556+00:00
186057,UPDCREIT,2022-11-03,3.0,,,3.0,364124,2026-04-08T03:57:41.442199+00:00
186171,UPDCREIT,2022-11-04,3.0,,,3.0,30011,2026-04-08T03:57:43.70904+00:00
186285,UPDCREIT,2022-11-08,2.95,,,2.95,26965,2026-04-08T03:57:49.123122+00:00
186399,UPDCREIT,2022-11-09,2.95,,,2.95,28402,2026-04-08T03:57:51.464602+00:00
186513,UPDCREIT,2022-11-10,2.8,,,2.8,236836,2026-04-08T03:57:54.291842+00:00
186627,UPDCREIT,2022-11-11,2.8,,,2.8,33111,2026-04-08T03:57:56.704911+00:00
186741,UPDCREIT,2022-11-14,2.8,,,2.8,100798,2026-04-08T03:58:01.331373+00:00
186855,UPDCREIT,2022-11-15,2.55,,,2.55,2852439,2026-04-08T03:58:03.6444+00:00
186969,UPDCREIT,2022-11-16,2.5,,,2.5,2815242,2026-04-08T03:58:06.118311+00:00
187083,UPDCREIT,2022-11-17,2.5,,,2.5,2701862,2026-04-08T03:58:08.47049+00:00
187197,UPDCREIT,2022-11-18,2.5,,,2.5,1542716,2026-04-08T03:58:10.955275+00:00
187311,UPDCREIT,2022-11-21,2.5,,,2.5,135023,2026-04-08T03:58:15.672507+00:00
187425,UPDCREIT,2022-11-22,2.75,,,2.75,699599,2026-04-08T03:58:18.170118+00:00
187539,UPDCREIT,2022-11-24,2.75,,,2.75,84131,2026-04-08T03:58:21.692503+00:00
187653,UPDCREIT,2022-11-25,2.75,,,2.75,9566,2026-04-08T03:58:24.033539+00:00
187767,UPDCREIT,2022-11-28,2.75,,,2.75,57698,2026-04-08T03:58:28.532723+00:00
187881,UPDCREIT,2022-11-29,2.75,,,2.75,33605,2026-04-08T03:58:30.983113+00:00
187995,UPDCREIT,2022-11-30,2.75,,,2.75,55179,2026-04-08T03:58:33.448849+00:00
188109,UPDCREIT,2022-12-01,3.0,,,3.0,128704,2026-04-08T03:58:35.664261+00:00
188223,UPDCREIT,2022-12-02,3.0,,,3.0,21554,2026-04-08T03:58:37.897027+00:00
188337,UPDCREIT,2022-12-05,3.0,,,3.0,460705267,2026-04-08T03:58:42.456795+00:00
188451,UPDCREIT,2022-12-06,3.0,,,3.0,64881,2026-04-08T03:58:44.756119+00:00
188565,UPDCREIT,2022-12-07,3.0,,,3.0,42844,2026-04-08T03:58:47.196669+00:00
188679,UPDCREIT,2022-12-08,3.0,,,3.0,136576,2026-04-08T03:58:49.52806+00:00
188793,UPDCREIT,2022-12-09,3.0,,,3.0,31002,2026-04-08T03:58:51.902427+00:00
188907,UPDCREIT,2022-12-12,3.0,,,3.0,86066,2026-04-08T03:58:56.156124+00:00
189021,UPDCREIT,2022-12-13,3.0,,,3.0,17029,2026-04-08T03:58:58.485404+00:00
189135,UPDCREIT,2022-12-14,3.0,,,3.0,67006,2026-04-08T03:59:00.851945+00:00
189249,UPDCREIT,2022-12-15,3.0,,,3.0,341241,2026-04-08T03:59:03.086647+00:00
189363,UPDCREIT,2022-12-16,3.0,,,3.0,119812,2026-04-08T03:59:05.5442+00:00
189477,UPDCREIT,2022-12-19,2.9,,,2.9,373198,2026-04-08T03:59:09.806719+00:00
189591,UPDCREIT,2022-12-20,3.15,,,3.15,649611,2026-04-08T03:59:12.630732+00:00
189705,UPDCREIT,2022-12-21,3.1,,,3.1,245330677,2026-04-08T03:59:14.990319+00:00
189819,UPDCREIT,2022-12-22,2.9,,,2.9,1135916,2026-04-08T03:59:17.229229+00:00
189933,UPDCREIT,2022-12-23,3.0,,,3.0,50387999,2026-04-08T03:59:19.674012+00:00
190047,UPDCREIT,2022-12-28,3.0,,,3.0,280110,2026-04-08T03:59:26.406492+00:00
190161,UPDCREIT,2022-12-30,3.0,,,3.0,365012,2026-04-08T03:59:29.796579+00:00
190275,UPDCREIT,2023-01-04,3.0,,,3.0,32192,2026-04-08T03:59:36.276207+00:00
190389,UPDCREIT,2023-01-05,3.0,,,3.0,114621,2026-04-08T03:59:38.771807+00:00
190503,UPDCREIT,2023-01-06,3.0,,,3.0,3120,2026-04-08T03:59:41.229635+00:00
190617,UPDCREIT,2023-01-09,3.0,,,3.0,193926,2026-04-08T03:59:45.608271+00:00
190731,UPDCREIT,2023-01-10,3.0,,,3.0,126535,2026-04-08T03:59:47.862187+00:00
190845,UPDCREIT,2023-01-11,3.0,,,3.0,104761,2026-04-08T03:59:50.211712+00:00
190959,UPDCREIT,2023-01-12,3.0,,,3.0,22371,2026-04-08T03:59:52.676239+00:00
191073,UPDCREIT,2023-01-13,3.0,,,3.0,23757,2026-04-08T03:59:55.073566+00:00
191187,UPDCREIT,2023-01-17,3.3,,,3.3,121351,2026-04-08T04:00:00.52991+00:00
191301,UPDCREIT,2023-01-18,3.3,,,3.3,39696,2026-04-08T04:00:02.930508+00:00
191415,UPDCREIT,2023-01-19,3.1,,,3.1,309528,2026-04-08T04:00:05.157464+00:00
191529,UPDCREIT,2023-01-20,3.1,,,3.1,10914,2026-04-08T04:00:07.441529+00:00
191643,UPDCREIT,2023-01-23,3.1,,,3.1,404353,2026-04-08T04:00:11.934625+00:00
191757,UPDCREIT,2023-01-24,3.1,,,3.1,89971,2026-04-08T04:00:14.448563+00:00
191871,UPDCREIT,2023-01-25,3.25,,,3.25,317265,2026-04-08T04:00:16.660222+00:00
191985,UPDCREIT,2023-01-26,3.25,,,3.25,193898,2026-04-08T04:00:19.02129+00:00
192099,UPDCREIT,2023-01-27,3.15,,,3.15,438834,2026-04-08T04:00:21.366865+00:00
192213,UPDCREIT,2023-01-30,3.15,,,3.15,193972,2026-04-08T04:00:26.318741+00:00
192327,UPDCREIT,2023-01-31,3.15,,,3.15,209662,2026-04-08T04:00:28.560212+00:00
192441,UPDCREIT,2023-02-06,3.4,,,3.4,54593,2026-04-08T04:00:36.14931+00:00
192555,UPDCREIT,2023-02-07,3.4,,,3.4,247659,2026-04-08T04:00:38.379875+00:00
192669,UPDCREIT,2023-02-08,3.25,,,3.25,295115,2026-04-08T04:00:40.736361+00:00
192783,UPDCREIT,2023-02-09,3.25,,,3.25,1574951,2026-04-08T04:00:43.03687+00:00
192897,UPDCREIT,2023-02-10,3.25,,,3.25,111447,2026-04-08T04:00:46.517744+00:00
193011,UPDCREIT,2023-02-13,3.25,,,3.25,169820,2026-04-08T04:00:50.958429+00:00
193125,UPDCREIT,2023-02-14,3.15,,,3.15,183288,2026-04-08T04:00:53.400398+00:00
193239,UPDCREIT,2023-02-15,3.1,,,3.1,307159,2026-04-08T04:00:55.645789+00:00
193353,UPDCREIT,2023-02-16,3.1,,,3.1,2428248,2026-04-08T04:00:58.043326+00:00
193467,UPDCREIT,2023-02-17,3.1,,,3.1,102325,2026-04-08T04:01:00.355798+00:00
193581,UPDCREIT,2023-02-20,3.05,,,3.05,261462,2026-04-08T04:01:04.633293+00:00
193695,UPDCREIT,2023-02-21,3.1,,,3.1,461456,2026-04-08T04:01:06.910783+00:00
193809,UPDCREIT,2023-02-22,3.1,,,3.1,9378,2026-04-08T04:01:09.421576+00:00
193923,UPDCREIT,2023-02-23,3.1,,,3.1,34870,2026-04-08T04:01:11.765387+00:00
194037,UPDCREIT,2023-02-24,3.1,,,3.1,153969,2026-04-08T04:01:14.12415+00:00
194151,UPDCREIT,2023-02-27,3.1,,,3.1,2526,2026-04-08T04:01:18.463572+00:00
194265,UPDCREIT,2023-02-28,3.35,,,3.35,176723,2026-04-08T04:01:20.671303+00:00
194379,UPDCREIT,2023-03-01,3.35,,,3.35,27801,2026-04-08T04:01:23.068989+00:00
194493,UPDCREIT,2023-03-02,3.35,,,3.35,86437,2026-04-08T04:01:25.352172+00:00
194607,UPDCREIT,2023-03-03,3.35,,,3.35,30309,2026-04-08T04:01:27.716711+00:00
194721,UPDCREIT,2023-03-06,3.35,,,3.35,368818,2026-04-08T04:01:32.392486+00:00
194835,UPDCREIT,2023-03-07,3.35,,,3.35,318467,2026-04-08T04:01:34.845095+00:00
194949,UPDCREIT,2023-03-08,3.35,,,3.35,210702,2026-04-08T04:01:37.261757+00:00
195063,UPDCREIT,2023-03-09,3.3,,,3.3,338250,2026-04-08T04:01:39.987396+00:00
195177,UPDCREIT,2023-03-13,3.2,,,3.2,552280,2026-04-08T04:01:45.627511+00:00
195291,UPDCREIT,2023-03-14,3.2,,,3.2,29475,2026-04-08T04:01:48.257383+00:00
195405,UPDCREIT,2023-03-15,3.2,,,3.2,47046,2026-04-08T04:01:50.627346+00:00
195519,UPDCREIT,2023-03-16,3.2,,,3.2,13886,2026-04-08T04:01:53.062383+00:00
195633,UPDCREIT,2023-03-17,3.15,,,3.15,1262371,2026-04-08T04:01:55.701252+00:00
195747,UPDCREIT,2023-03-20,3.15,,,3.15,87516,2026-04-08T04:01:59.933448+00:00
195861,UPDCREIT,2023-03-22,3.15,,,3.15,64841,2026-04-08T04:02:03.467012+00:00
195975,UPDCREIT,2023-03-23,3.15,,,3.15,90384,2026-04-08T04:02:05.929911+00:00
196089,UPDCREIT,2023-03-24,3.15,,,3.15,23272,2026-04-08T04:02:08.248632+00:00
196203,UPDCREIT,2023-03-27,3.15,,,3.15,30802,2026-04-08T04:02:12.564733+00:00
196317,UPDCREIT,2023-03-28,3.15,,,3.15,133768,2026-04-08T04:02:14.764209+00:00
196431,UPDCREIT,2023-03-29,3.15,,,3.15,80543,2026-04-08T04:02:17.140393+00:00
196545,UPDCREIT,2023-03-30,3.15,,,3.15,35668,2026-04-08T04:02:19.470716+00:00
196659,UPDCREIT,2023-03-31,3.15,,,3.15,42554,2026-04-08T04:02:21.739047+00:00
196773,UPDCREIT,2023-04-03,3.15,,,3.15,61632,2026-04-08T04:02:26.060346+00:00
196887,UPDCREIT,2023-04-04,3.15,,,3.15,106087,2026-04-08T04:02:28.444728+00:00
197001,UPDCREIT,2023-04-05,3.2,,,3.2,333452,2026-04-08T04:02:30.864627+00:00
197115,UPDCREIT,2023-04-06,3.2,,,3.2,97115,2026-04-08T04:02:33.239626+00:00
197229,UPDCREIT,2023-04-11,3.2,,,3.2,389892,2026-04-08T04:02:39.320239+00:00
197343,UPDCREIT,2023-04-12,3.2,,,3.2,190691,2026-04-08T04:02:41.643197+00:00
197457,UPDCREIT,2023-04-13,3.25,,,3.25,334795,2026-04-08T04:02:44.360634+00:00
197571,UPDCREIT,2023-04-14,3.3,,,3.3,1718689,2026-04-08T04:02:47.093001+00:00
197685,UPDCREIT,2023-04-17,3.2,,,3.2,534551,2026-04-08T04:02:52.113012+00:00
197799,UPDCREIT,2023-04-18,3.2,,,3.2,78788,2026-04-08T04:02:54.97501+00:00
197913,UPDCREIT,2023-04-19,3.2,,,3.2,157643,2026-04-08T04:02:57.648371+00:00
198027,UPDCREIT,2023-04-20,3.15,,,3.15,334740,2026-04-08T04:03:00.087899+00:00
198141,UPDCREIT,2023-04-25,3.15,,,3.15,120324,2026-04-08T04:03:06.320111+00:00
198255,UPDCREIT,2023-04-26,3.15,,,3.15,2773625,2026-04-08T04:03:08.704488+00:00
198369,UPDCREIT,2023-04-27,3.15,,,3.15,352828,2026-04-08T04:03:11.176222+00:00
198483,UPDCREIT,2023-04-28,3.15,,,3.15,418195,2026-04-08T04:03:13.757457+00:00
198597,UPDCREIT,2023-05-03,3.15,,,3.15,82051,2026-04-08T04:03:20.258962+00:00
198711,UPDCREIT,2023-05-04,3.15,,,3.15,98667,2026-04-08T04:03:22.719511+00:00
198825,UPDCREIT,2023-05-08,3.15,,,3.15,25242,2026-04-08T04:03:29.045349+00:00
198939,UPDCREIT,2023-05-09,3.3,,,3.3,200900,2026-04-08T04:03:32.620003+00:00
199053,UPDCREIT,2023-05-12,3.35,,,3.35,408726,2026-04-08T04:03:37.286216+00:00
199167,UPDCREIT,2023-05-15,3.35,,,3.35,411005,2026-04-08T04:03:41.825544+00:00
199281,UPDCREIT,2023-05-16,3.35,,,3.35,34843,2026-04-08T04:03:44.244464+00:00
199395,UPDCREIT,2023-05-17,3.35,,,3.35,100193,2026-04-08T04:03:46.492518+00:00
199509,UPDCREIT,2023-05-18,3.35,,,3.35,40621,2026-04-08T04:03:48.752249+00:00
199623,UPDCREIT,2023-05-19,3.35,,,3.35,148588,2026-04-08T04:03:51.139215+00:00
199737,UPDCREIT,2023-05-22,3.35,,,3.35,186593,2026-04-08T04:03:55.484935+00:00
199851,UPDCREIT,2023-05-23,3.35,,,3.35,5545460,2026-04-08T04:03:57.886867+00:00
199965,UPDCREIT,2023-05-24,3.35,,,3.35,236696,2026-04-08T04:04:00.334047+00:00
200079,UPDCREIT,2023-05-25,3.2,,,3.2,3415846,2026-04-08T04:04:02.79018+00:00
200193,UPDCREIT,2023-05-26,3.2,,,3.2,366394,2026-04-08T04:04:05.139052+00:00
200307,UPDCREIT,2023-05-30,3.2,,,3.2,185118,2026-04-08T04:04:11.011702+00:00
200421,UPDCREIT,2023-06-01,3.3,,,3.3,689340,2026-04-08T04:04:14.390605+00:00
200535,UPDCREIT,2023-06-02,3.35,,,3.35,431964,2026-04-08T04:04:16.732653+00:00
200649,UPDCREIT,2023-06-05,3.35,,,3.35,61369,2026-04-08T04:04:21.343031+00:00
200763,UPDCREIT,2023-06-06,3.3,,,3.3,232237,2026-04-08T04:04:23.98223+00:00
200877,UPDCREIT,2023-06-07,3.35,,,3.35,324481,2026-04-08T04:04:26.507718+00:00
200991,UPDCREIT,2023-06-08,3.35,,,3.35,947028,2026-04-08T04:04:29.08401+00:00
201105,UPDCREIT,2023-06-09,3.35,,,3.35,336078,2026-04-08T04:04:31.44664+00:00
201219,UPDCREIT,2023-06-13,3.5,,,3.5,283461,2026-04-08T04:04:36.862505+00:00
201333,UPDCREIT,2023-06-14,3.5,,,3.5,419524,2026-04-08T04:04:39.320552+00:00
201447,UPDCREIT,2023-06-15,3.6,,,3.6,5393457,2026-04-08T04:04:41.673534+00:00
201561,UPDCREIT,2023-06-16,3.6,,,3.6,399982,2026-04-08T04:04:44.052846+00:00
201675,UPDCREIT,2023-06-19,3.45,,,3.45,1462202,2026-04-08T04:04:48.541112+00:00
201789,UPDCREIT,2023-06-20,3.5,,,3.5,707232,2026-04-08T04:04:51.378552+00:00
201903,UPDCREIT,2023-06-21,3.55,,,3.55,2163483,2026-04-08T04:04:53.764277+00:00
202017,UPDCREIT,2023-06-22,3.7,,,3.7,2089123,2026-04-08T04:04:56.145117+00:00
202131,UPDCREIT,2023-06-26,3.8,,,3.8,1227187,2026-04-08T04:05:01.671465+00:00
202245,UPDCREIT,2023-06-30,3.75,,,3.75,2884686,2026-04-08T04:05:07.377697+00:00
202359,UPDCREIT,2023-07-03,3.75,,,3.75,558220,2026-04-08T04:05:11.758079+00:00
202473,UPDCREIT,2023-07-04,3.8,,,3.8,1579870,2026-04-08T04:05:14.17436+00:00
202587,UPDCREIT,2023-07-05,3.75,,,3.75,817304,2026-04-08T04:05:16.577423+00:00
202701,UPDCREIT,2023-07-06,3.75,,,3.75,399548,2026-04-08T04:05:19.075393+00:00
202815,UPDCREIT,2023-07-07,3.7,,,3.7,822450,2026-04-08T04:05:21.415756+00:00
202929,UPDCREIT,2023-07-10,3.8,,,3.8,1628595,2026-04-08T04:05:26.355595+00:00
203043,UPDCREIT,2023-07-11,3.45,,,3.45,2062608,2026-04-08T04:05:28.903538+00:00
203157,UPDCREIT,2023-07-12,3.45,,,3.45,1259637,2026-04-08T04:05:31.299012+00:00
203271,UPDCREIT,2023-07-14,3.3,,,3.3,380795,2026-04-08T04:05:34.698751+00:00
203385,UPDCREIT,2023-07-17,3.45,,,3.45,595202,2026-04-08T04:05:39.139368+00:00
203499,UPDCREIT,2023-07-19,3.75,,,3.75,488941,2026-04-08T04:05:42.577032+00:00
203613,UPDCREIT,2023-07-20,3.75,,,3.75,247006,2026-04-08T04:05:45.122849+00:00
203727,UPDCREIT,2023-07-21,3.5,,,3.5,1424723,2026-04-08T04:05:47.594805+00:00
203841,UPDCREIT,2023-07-24,3.55,,,3.55,251134,2026-04-08T04:05:52.167161+00:00
203955,UPDCREIT,2023-07-25,3.55,,,3.55,251333,2026-04-08T04:05:54.602351+00:00
204069,UPDCREIT,2023-07-26,3.8,,,3.8,208897,2026-04-08T04:05:57.515236+00:00
204183,UPDCREIT,2023-07-27,3.5,,,3.5,199356,2026-04-08T04:05:59.880161+00:00
204297,UPDCREIT,2023-07-28,3.5,,,3.5,66888,2026-04-08T04:06:02.220136+00:00
204411,UPDCREIT,2023-07-31,3.6,,,3.6,193726,2026-04-08T04:06:06.790851+00:00
204525,UPDCREIT,2023-08-02,3.6,,,3.6,123423,2026-04-08T04:06:10.326378+00:00
204639,UPDCREIT,2023-08-03,3.65,,,3.65,170220,2026-04-08T04:06:12.834218+00:00
204753,UPDCREIT,2023-08-04,3.65,,,3.65,172369,2026-04-08T04:06:15.200886+00:00
204867,UPDCREIT,2023-08-07,3.65,,,3.65,177626,2026-04-08T04:06:19.871718+00:00
204981,UPDCREIT,2023-08-08,3.7,,,3.7,490218,2026-04-08T04:06:22.245918+00:00
205095,UPDCREIT,2023-08-09,3.7,,,3.7,81052,2026-04-08T04:06:24.635943+00:00
205209,UPDCREIT,2023-08-10,3.7,,,3.7,341708,2026-04-08T04:06:27.035398+00:00
205323,UPDCREIT,2023-08-11,3.7,,,3.7,41606,2026-04-08T04:06:29.455701+00:00
205437,UPDCREIT,2023-08-14,3.7,,,3.7,34104,2026-04-08T04:06:33.923569+00:00
205551,UPDCREIT,2023-08-15,3.7,,,3.7,225592,2026-04-08T04:06:36.358161+00:00
205665,UPDCREIT,2023-08-16,3.7,,,3.7,216379,2026-04-08T04:06:38.679915+00:00
205779,UPDCREIT,2023-08-17,3.65,,,3.65,1243536,2026-04-08T04:06:40.998805+00:00
205893,UPDCREIT,2023-08-18,3.65,,,3.65,2208192,2026-04-08T04:06:43.468275+00:00
206007,UPDCREIT,2023-08-21,3.65,,,3.65,511446,2026-04-08T04:06:47.688711+00:00
206121,UPDCREIT,2023-08-24,3.7,,,3.7,2508651,2026-04-08T04:06:51.989424+00:00
206235,UPDCREIT,2023-08-25,3.65,,,3.65,1162806,2026-04-08T04:06:54.38475+00:00
206349,UPDCREIT,2023-08-28,3.65,,,3.65,580539,2026-04-08T04:06:59.310949+00:00
206463,UPDCREIT,2023-08-29,3.6,,,3.6,876391,2026-04-08T04:07:01.613742+00:00
206577,UPDCREIT,2023-08-30,3.65,,,3.65,3285934,2026-04-08T04:07:03.820209+00:00
206691,UPDCREIT,2023-09-01,3.65,,,3.65,539337,2026-04-08T04:07:07.195585+00:00
206805,UPDCREIT,2023-09-04,3.35,,,3.35,1309654,2026-04-08T04:07:11.730996+00:00
206919,UPDCREIT,2023-09-05,3.35,,,3.35,1247811,2026-04-08T04:07:14.175893+00:00
207033,UPDCREIT,2023-09-06,3.35,,,3.35,223424,2026-04-08T04:07:16.66229+00:00
207147,UPDCREIT,2023-09-07,3.35,,,3.35,157068,2026-04-08T04:07:19.134101+00:00
207261,UPDCREIT,2023-09-08,3.35,,,3.35,265421,2026-04-08T04:07:21.445908+00:00
207375,UPDCREIT,2023-09-11,3.4,,,3.4,3762785,2026-04-08T04:07:26.133096+00:00
207489,UPDCREIT,2023-09-12,3.3,,,3.3,3798548,2026-04-08T04:07:28.57479+00:00
207603,UPDCREIT,2023-09-13,3.4,,,3.4,628561,2026-04-08T04:07:30.890589+00:00
207717,UPDCREIT,2023-09-14,3.4,,,3.4,375069,2026-04-08T04:07:33.324455+00:00
207831,UPDCREIT,2023-09-15,3.4,,,3.4,483158,2026-04-08T04:07:35.74244+00:00
207945,UPDCREIT,2023-09-18,3.4,,,3.4,1267807,2026-04-08T04:07:40.292184+00:00
208059,UPDCREIT,2023-09-19,3.6,,,3.6,1043320,2026-04-08T04:07:42.606346+00:00
208173,UPDCREIT,2023-09-20,3.7,,,3.7,1490130,2026-04-08T04:07:45.004042+00:00
208287,UPDCREIT,2023-09-21,3.4,,,3.4,1411035,2026-04-08T04:07:47.370085+00:00
208401,UPDCREIT,2023-09-22,3.55,,,3.55,534685,2026-04-08T04:07:49.898567+00:00
208515,UPDCREIT,2023-09-25,3.55,,,3.55,228612,2026-04-08T04:07:54.305125+00:00
208629,UPDCREIT,2023-09-28,3.9,,,3.9,75162,2026-04-08T04:07:58.898315+00:00
208743,UPDCREIT,2023-09-29,3.9,,,3.9,95395,2026-04-08T04:08:01.279649+00:00
208857,UPDCREIT,2023-10-03,3.55,,,3.55,2876189,2026-04-08T04:08:06.721549+00:00
208971,UPDCREIT,2023-10-04,3.5,,,3.5,513561,2026-04-08T04:08:09.042741+00:00
209085,UPDCREIT,2023-10-05,3.5,,,3.5,66650,2026-04-08T04:08:11.600182+00:00
209200,UPDCREIT,2023-10-06,3.5,,,3.5,36278,2026-04-08T04:08:14.22861+00:00
209315,UPDCREIT,2023-10-09,3.55,,,3.55,176001,2026-04-08T04:08:18.740555+00:00
209430,UPDCREIT,2023-10-10,3.55,,,3.55,161099,2026-04-08T04:08:21.390436+00:00
209545,UPDCREIT,2023-10-12,3.55,,,3.55,421732,2026-04-08T04:08:24.861957+00:00
209660,UPDCREIT,2023-10-13,3.55,,,3.55,44663,2026-04-08T04:08:27.376596+00:00
209775,UPDCREIT,2023-10-16,3.55,,,3.55,75279,2026-04-08T04:08:32.388707+00:00
209890,UPDCREIT,2023-10-17,3.7,,,3.7,599226,2026-04-08T04:08:34.738576+00:00
210005,UPDCREIT,2023-10-19,3.7,,,3.7,241562,2026-04-08T04:08:38.671249+00:00
210120,UPDCREIT,2023-10-20,3.7,,,3.7,387828,2026-04-08T04:08:40.967521+00:00
210235,UPDCREIT,2023-10-23,3.7,,,3.7,1406223,2026-04-08T04:08:45.440193+00:00
210350,UPDCREIT,2023-10-24,3.6,,,3.6,763142,2026-04-08T04:08:47.71675+00:00
210465,UPDCREIT,2023-10-25,3.6,,,3.6,107428,2026-04-08T04:08:50.022319+00:00
210580,UPDCREIT,2023-10-26,3.5,,,3.5,572874,2026-04-08T04:08:52.472279+00:00
210695,UPDCREIT,2023-10-27,3.7,,,3.7,1776907,2026-04-08T04:08:54.778052+00:00
210810,UPDCREIT,2023-10-30,3.7,,,3.7,6849083,2026-04-08T04:08:59.45056+00:00
210925,UPDCREIT,2023-10-31,3.7,,,3.7,112161,2026-04-08T04:09:01.914254+00:00
211040,UPDCREIT,2023-11-01,3.6,,,3.6,1912355,2026-04-08T04:09:04.386399+00:00
211155,UPDCREIT,2023-11-02,3.7,,,3.7,2275415,2026-04-08T04:09:06.696264+00:00
211270,UPDCREIT,2023-11-03,3.65,,,3.65,655057,2026-04-08T04:09:09.071615+00:00
211385,UPDCREIT,2023-11-06,3.65,,,3.65,3055,2026-04-08T04:09:13.59419+00:00
211501,UPDCREIT,2023-11-07,3.65,,,3.65,183187,2026-04-08T04:09:15.923939+00:00
211617,UPDCREIT,2023-11-08,3.6,,,3.6,1559284,2026-04-08T04:09:18.177895+00:00
211733,UPDCREIT,2023-11-09,3.7,,,3.7,748448,2026-04-08T04:09:20.462573+00:00
211849,UPDCREIT,2023-11-10,3.7,,,3.7,2044221,2026-04-08T04:09:22.644841+00:00
211965,UPDCREIT,2023-11-13,3.7,,,3.7,238465,2026-04-08T04:09:27.404692+00:00
212081,UPDCREIT,2023-11-14,3.7,,,3.7,236731,2026-04-08T04:09:29.775588+00:00
212197,UPDCREIT,2023-11-15,3.7,,,3.7,181216,2026-04-08T04:09:32.378304+00:00
212313,UPDCREIT,2023-11-16,3.7,,,3.7,122289,2026-04-08T04:09:34.916677+00:00
212429,UPDCREIT,2023-11-17,3.7,,,3.7,2022316,2026-04-08T04:09:37.378105+00:00
212545,UPDCREIT,2023-11-20,4.05,,,4.05,2993127,2026-04-08T04:09:41.830835+00:00
212661,UPDCREIT,2023-11-21,4.35,,,4.35,2209433,2026-04-08T04:09:44.211025+00:00
212777,UPDCREIT,2023-11-22,4.15,,,4.15,3690267,2026-04-08T04:09:46.526636+00:00
212893,UPDCREIT,2023-11-23,4.5,,,4.5,1893347,2026-04-08T04:09:48.793806+00:00
213010,UPDCREIT,2023-11-27,4.2,,,4.2,3205603,2026-04-08T04:09:54.316732+00:00
213127,UPDCREIT,2023-11-28,4.2,,,4.2,46210457,2026-04-08T04:09:57.050116+00:00
213244,UPDCREIT,2023-11-29,3.9,,,3.9,14876766,2026-04-08T04:09:59.54407+00:00
213361,UPDCREIT,2023-11-30,4.1,,,4.1,3243050,2026-04-08T04:10:01.973818+00:00
213478,UPDCREIT,2023-12-01,4.45,,,4.45,884883,2026-04-08T04:10:04.46052+00:00
213595,UPDCREIT,2023-12-04,4.4,,,4.4,175918,2026-04-08T04:10:08.793495+00:00
213712,UPDCREIT,2023-12-05,4.4,,,4.4,102435,2026-04-08T04:10:11.104733+00:00
213829,UPDCREIT,2023-12-06,4.4,,,4.4,279502,2026-04-08T04:10:13.383432+00:00
213946,UPDCREIT,2023-12-08,5.0,,,5.0,1009108,2026-04-08T04:10:16.965057+00:00
214063,UPDCREIT,2023-12-11,4.6,,,4.6,3223353,2026-04-08T04:10:21.350621+00:00
214180,UPDCREIT,2023-12-12,4.6,,,4.6,381933,2026-04-08T04:10:23.843731+00:00
214297,UPDCREIT,2023-12-13,4.6,,,4.6,173087,2026-04-08T04:10:26.19208+00:00
214414,UPDCREIT,2023-12-14,4.15,,,4.15,3347102,2026-04-08T04:10:28.64956+00:00
214531,UPDCREIT,2023-12-15,4.55,,,4.55,917582,2026-04-08T04:10:31.179138+00:00
214648,UPDCREIT,2023-12-18,4.6,,,4.6,1119025,2026-04-08T04:10:35.879044+00:00
214765,UPDCREIT,2023-12-19,4.6,,,4.6,42029284,2026-04-08T04:10:38.280823+00:00
214882,UPDCREIT,2023-12-20,4.6,,,4.6,245405,2026-04-08T04:10:40.523028+00:00
214999,UPDCREIT,2023-12-21,4.95,,,4.95,697392,2026-04-08T04:10:42.873875+00:00
215116,UPDCREIT,2023-12-28,5.9,,,5.9,2120340,2026-04-08T04:10:51.166125+00:00
215233,UPDCREIT,2023-12-29,6.4,,,6.4,2192910,2026-04-08T04:10:53.57119+00:00
215350,UPDCREIT,2024-01-02,7.0,,,7.0,9007094,2026-04-08T04:10:59.157783+00:00
215467,UPDCREIT,2024-01-03,7.5,,,7.5,1168613,2026-04-08T04:11:01.401293+00:00
215584,UPDCREIT,2024-01-04,7.5,,,7.5,2653265,2026-04-08T04:11:03.846312+00:00
215701,UPDCREIT,2024-01-05,6.8,,,6.8,1021675,2026-04-08T04:11:07.208124+00:00
215818,UPDCREIT,2024-01-08,7.25,,,7.25,4476126,2026-04-08T04:11:11.742656+00:00
215935,UPDCREIT,2024-01-09,7.0,,,7.0,1913925,2026-04-08T04:11:14.100458+00:00
216052,UPDCREIT,2024-01-10,7.0,,,7.0,724244,2026-04-08T04:11:16.512964+00:00
216169,UPDCREIT,2024-01-11,6.8,,,6.8,3811273,2026-04-08T04:11:18.918089+00:00
216286,UPDCREIT,2024-01-12,6.55,,,6.55,1275956,2026-04-08T04:11:21.244944+00:00
216403,UPDCREIT,2024-01-15,6.65,,,6.65,2707728,2026-04-08T04:11:25.674113+00:00
216520,UPDCREIT,2024-01-16,6.8,,,6.8,1340019,2026-04-08T04:11:28.037988+00:00
216637,UPDCREIT,2024-01-18,6.25,,,6.25,547353,2026-04-08T04:11:31.337167+00:00
216754,UPDCREIT,2024-01-19,6.65,,,6.65,584044,2026-04-08T04:11:38.619168+00:00
216871,UPDCREIT,2024-01-22,6.05,,,6.05,1933154,2026-04-08T04:11:42.948818+00:00
216988,UPDCREIT,2024-01-23,5.9,,,5.9,1469874,2026-04-08T04:11:45.304506+00:00
217105,UPDCREIT,2024-01-24,6.2,,,6.2,1535831,2026-04-08T04:11:47.647942+00:00
217222,UPDCREIT,2024-01-25,5.7,,,5.7,565723,2026-04-08T04:11:50.11021+00:00
217339,UPDCREIT,2024-01-26,6.2,,,6.2,783699,2026-04-08T04:11:52.721812+00:00
217456,UPDCREIT,2024-01-29,6.2,,,6.2,552617,2026-04-08T04:11:57.440388+00:00
217573,UPDCREIT,2024-01-30,6.25,,,6.25,1321368,2026-04-08T04:12:00.024191+00:00
217690,UPDCREIT,2024-01-31,6.4,,,6.4,5407129,2026-04-08T04:12:02.433526+00:00
217807,UPDCREIT,2024-02-01,6.6,,,6.6,2546000,2026-04-08T04:12:04.812869+00:00
217924,UPDCREIT,2024-02-02,6.6,,,6.6,2714675,2026-04-08T04:12:07.232701+00:00
218041,UPDCREIT,2024-02-05,6.55,,,6.55,3585977,2026-04-08T04:12:11.791199+00:00
218158,UPDCREIT,2024-02-06,6.55,,,6.55,46095,2026-04-08T04:12:14.363902+00:00
218275,UPDCREIT,2024-02-07,6.15,,,6.15,550782,2026-04-08T04:12:16.791058+00:00
218392,UPDCREIT,2024-02-08,6.15,,,6.15,5082857,2026-04-08T04:12:19.312026+00:00
218509,UPDCREIT,2024-02-09,5.85,,,5.85,323317,2026-04-08T04:12:21.609908+00:00
218626,UPDCREIT,2024-02-12,6.05,,,6.05,2287838,2026-04-08T04:12:25.771109+00:00
218743,UPDCREIT,2024-02-13,5.9,,,5.9,381373,2026-04-08T04:12:28.061356+00:00
218860,UPDCREIT,2024-02-14,5.9,,,5.9,77894,2026-04-08T04:12:30.570558+00:00
218977,UPDCREIT,2024-02-16,5.9,,,5.9,252208,2026-04-08T04:12:34.036511+00:00
219094,UPDCREIT,2024-02-19,5.9,,,5.9,63113,2026-04-08T04:12:38.429241+00:00
219211,UPDCREIT,2024-02-20,5.35,,,5.35,1079516,2026-04-08T04:12:40.813552+00:00
219328,UPDCREIT,2024-02-21,5.55,,,5.55,468112,2026-04-08T04:12:43.257682+00:00
219445,UPDCREIT,2024-02-22,5.55,,,5.55,434233,2026-04-08T04:12:45.850796+00:00
219562,UPDCREIT,2024-02-26,5.55,,,5.55,20530,2026-04-08T04:12:51.18414+00:00
219679,UPDCREIT,2024-02-27,5.55,,,5.55,115501,2026-04-08T04:12:53.509755+00:00
219796,UPDCREIT,2024-02-29,5.0,,,5.0,720390,2026-04-08T04:12:56.822244+00:00
219913,UPDCREIT,2024-03-01,5.1,,,5.1,2110280,2026-04-08T04:12:59.287484+00:00
220031,UPDCREIT,2024-03-04,5.55,,,5.55,1227191,2026-04-08T04:13:03.814092+00:00
220149,UPDCREIT,2024-03-05,5.05,,,5.05,386355,2026-04-08T04:13:06.279726+00:00
220267,UPDCREIT,2024-03-06,5.15,,,5.15,408202,2026-04-08T04:13:08.558236+00:00
220385,UPDCREIT,2024-03-07,4.95,,,4.95,919566,2026-04-08T04:13:10.988978+00:00
220503,UPDCREIT,2024-03-08,5.3,,,5.3,261029,2026-04-08T04:13:13.453006+00:00
220621,UPDCREIT,2024-03-11,5.3,,,5.3,66186,2026-04-08T04:13:17.773706+00:00
220739,UPDCREIT,2024-03-12,5.25,,,5.25,5384462,2026-04-08T04:13:20.258657+00:00
220857,UPDCREIT,2024-03-13,5.25,,,5.25,464312,2026-04-08T04:13:22.557243+00:00
220975,UPDCREIT,2024-03-14,5.25,,,5.25,293055,2026-04-08T04:13:25.004754+00:00
221093,UPDCREIT,2024-03-15,5.5,,,5.5,997752,2026-04-08T04:13:27.500984+00:00
221211,UPDCREIT,2024-03-19,5.15,,,5.15,478907,2026-04-08T04:13:32.54102+00:00
221329,UPDCREIT,2024-03-20,5.1,,,5.1,1207076,2026-04-08T04:13:34.949661+00:00
221447,UPDCREIT,2024-03-21,4.9,,,4.9,9203614,2026-04-08T04:13:37.293426+00:00
221565,UPDCREIT,2024-03-22,4.8,,,4.8,654559,2026-04-08T04:13:39.66616+00:00
221683,UPDCREIT,2024-03-25,4.8,,,4.8,206562,2026-04-08T04:13:43.964435+00:00
221801,UPDCREIT,2024-03-26,5.1,,,5.1,1031516,2026-04-08T04:13:46.391317+00:00
221919,UPDCREIT,2024-03-27,4.7,,,4.7,1493918,2026-04-08T04:13:48.795654+00:00
222037,UPDCREIT,2024-03-28,5.15,,,5.15,910600,2026-04-08T04:13:51.173779+00:00
222155,UPDCREIT,2024-04-02,5.15,,,5.15,407810,2026-04-08T04:13:58.053067+00:00
222273,UPDCREIT,2024-04-03,5.15,,,5.15,197601,2026-04-08T04:14:00.66873+00:00
222391,UPDCREIT,2024-04-04,5.15,,,5.15,84725,2026-04-08T04:14:03.310057+00:00
222509,UPDCREIT,2024-04-05,5.15,,,5.15,359691,2026-04-08T04:14:05.820809+00:00
222627,UPDCREIT,2024-04-12,4.95,,,4.95,661622,2026-04-08T04:14:15.984697+00:00
222745,UPDCREIT,2024-04-15,4.95,,,4.95,334635,2026-04-08T04:14:20.492228+00:00
222863,UPDCREIT,2024-04-16,4.5,,,4.5,1312433,2026-04-08T04:14:22.958286+00:00
222981,UPDCREIT,2024-04-17,4.25,,,4.25,192324,2026-04-08T04:14:25.407203+00:00
223099,UPDCREIT,2024-04-18,4.3,,,4.3,466458,2026-04-08T04:14:27.862982+00:00
223217,UPDCREIT,2024-04-19,4.3,,,4.3,208674,2026-04-08T04:14:30.225092+00:00
223335,UPDCREIT,2024-04-22,4.05,,,4.05,670762,2026-04-08T04:14:34.624841+00:00
223453,UPDCREIT,2024-04-23,4.05,,,4.05,121198812,2026-04-08T04:14:36.881925+00:00
223571,UPDCREIT,2024-04-24,4.05,,,4.05,414744,2026-04-08T04:14:39.108369+00:00
223689,UPDCREIT,2024-04-25,4.05,,,4.05,499575,2026-04-08T04:14:41.415412+00:00
223807,UPDCREIT,2024-04-26,4.05,,,4.05,743878,2026-04-08T04:14:43.709399+00:00
223925,UPDCREIT,2024-04-29,4.05,,,4.05,66722,2026-04-08T04:14:47.97937+00:00
224043,UPDCREIT,2024-04-30,4.45,,,4.45,492840,2026-04-08T04:14:50.304196+00:00
224161,UPDCREIT,2024-05-02,4.45,,,4.45,270694,2026-04-08T04:14:53.573612+00:00
224279,UPDCREIT,2024-05-03,4.45,,,4.45,130357,2026-04-08T04:14:55.989363+00:00
224397,UPDCREIT,2024-05-06,4.8,,,4.8,2233403,2026-04-08T04:15:00.14873+00:00
224515,UPDCREIT,2024-05-07,4.8,,,4.8,175895,2026-04-08T04:15:02.40079+00:00
224633,UPDCREIT,2024-05-08,4.8,,,4.8,85377,2026-04-08T04:15:04.708287+00:00
224751,UPDCREIT,2024-05-09,4.8,,,4.8,145337,2026-04-08T04:15:07.337178+00:00
224869,UPDCREIT,2024-05-10,4.5,,,4.5,1132682,2026-04-08T04:15:09.604775+00:00
224987,UPDCREIT,2024-05-13,4.5,,,4.5,40275,2026-04-08T04:15:13.907933+00:00
225105,UPDCREIT,2024-05-14,4.5,,,4.5,478252,2026-04-08T04:15:16.26654+00:00
225223,UPDCREIT,2024-05-15,4.7,,,4.7,464003,2026-04-08T04:15:18.549958+00:00
225341,UPDCREIT,2024-05-16,4.7,,,4.7,908053,2026-04-08T04:15:20.841424+00:00
225459,UPDCREIT,2024-05-20,4.0,,,4.0,694324,2026-04-08T04:15:25.962105+00:00
225577,UPDCREIT,2024-05-21,4.0,,,4.0,402830,2026-04-08T04:15:28.334406+00:00
225695,UPDCREIT,2024-05-22,4.0,,,4.0,373765,2026-04-08T04:15:30.660212+00:00
225813,UPDCREIT,2024-05-23,4.1,,,4.1,513871,2026-04-08T04:15:32.993296+00:00
225931,UPDCREIT,2024-05-24,4.1,,,4.1,160535,2026-04-08T04:15:35.360226+00:00
226049,UPDCREIT,2024-05-27,4.1,,,4.1,394065,2026-04-08T04:15:39.562711+00:00
226167,UPDCREIT,2024-05-28,4.2,,,4.2,451763,2026-04-08T04:15:41.894674+00:00
226285,UPDCREIT,2024-05-29,4.2,,,4.2,199873,2026-04-08T04:15:44.435333+00:00
226403,UPDCREIT,2024-05-30,4.2,,,4.2,117844,2026-04-08T04:15:46.695543+00:00
226521,UPDCREIT,2024-05-31,4.2,,,4.2,331284,2026-04-08T04:15:48.909252+00:00
226639,UPDCREIT,2024-06-03,4.0,,,4.0,372577,2026-04-08T04:15:53.203965+00:00
226757,UPDCREIT,2024-06-04,4.05,,,4.05,994804,2026-04-08T04:15:55.456464+00:00
226875,UPDCREIT,2024-06-05,4.05,,,4.05,184759,2026-04-08T04:15:57.839545+00:00
226993,UPDCREIT,2024-06-06,4.05,,,4.05,66636,2026-04-08T04:16:00.091412+00:00
227111,UPDCREIT,2024-06-07,4.05,,,4.05,263624,2026-04-08T04:16:02.294722+00:00
227229,UPDCREIT,2024-06-10,4.05,,,4.05,224005,2026-04-08T04:16:06.655303+00:00
227347,UPDCREIT,2024-06-11,4.4,,,4.4,534729,2026-04-08T04:16:09.027942+00:00
227465,UPDCREIT,2024-06-13,4.4,,,4.4,342562,2026-04-08T04:16:12.454757+00:00
227583,UPDCREIT,2024-06-14,4.75,,,4.75,601658,2026-04-08T04:16:14.762224+00:00
227701,UPDCREIT,2024-06-20,5.0,,,5.0,461961,2026-04-08T04:16:22.365263+00:00
227819,UPDCREIT,2024-06-21,5.0,,,5.0,98006,2026-04-08T04:16:24.740936+00:00
227937,UPDCREIT,2024-06-24,4.7,,,4.7,782414,2026-04-08T04:16:29.101951+00:00
228055,UPDCREIT,2024-06-25,5.0,,,5.0,973292,2026-04-08T04:16:31.430939+00:00
228173,UPDCREIT,2024-06-26,5.15,,,5.15,523641,2026-04-08T04:16:33.77834+00:00
228291,UPDCREIT,2024-06-27,5.45,,,5.45,1319276,2026-04-08T04:16:36.13415+00:00
228409,UPDCREIT,2024-06-28,5.45,,,5.45,336830,2026-04-08T04:16:38.472674+00:00
228527,UPDCREIT,2024-07-01,5.0,,,5.0,286127,2026-04-08T04:16:42.881798+00:00
228645,UPDCREIT,2024-07-02,5.0,,,5.0,182640,2026-04-08T04:16:45.256647+00:00
228763,UPDCREIT,2024-07-03,5.45,,,5.45,1632112,2026-04-08T04:16:47.732339+00:00
228881,UPDCREIT,2024-07-04,5.0,,,5.0,1530114,2026-04-08T04:16:50.22378+00:00
228999,UPDCREIT,2024-07-05,4.5,,,4.5,4600218,2026-04-08T04:16:52.679645+00:00
229117,UPDCREIT,2024-07-08,4.15,,,4.15,4320358,2026-04-08T04:16:57.375145+00:00
229235,UPDCREIT,2024-07-09,4.55,,,4.55,637036,2026-04-08T04:16:59.679545+00:00
229353,UPDCREIT,2024-07-10,4.55,,,4.55,647942,2026-04-08T04:17:02.104038+00:00
229471,UPDCREIT,2024-07-11,4.55,,,4.55,419669,2026-04-08T04:17:04.804273+00:00
229589,UPDCREIT,2024-07-12,4.8,,,4.8,1675999,2026-04-08T04:17:07.071694+00:00
229707,UPDCREIT,2024-07-15,4.8,,,4.8,152503,2026-04-08T04:17:11.418935+00:00
229825,UPDCREIT,2024-07-16,4.8,,,4.8,962324,2026-04-08T04:17:13.920176+00:00
229943,UPDCREIT,2024-07-17,4.9,,,4.9,522782,2026-04-08T04:17:16.239817+00:00
230061,UPDCREIT,2024-07-18,4.8,,,4.8,284500,2026-04-08T04:17:18.614364+00:00
230179,UPDCREIT,2024-07-19,4.8,,,4.8,241950,2026-04-08T04:17:20.923419+00:00
230297,UPDCREIT,2024-07-22,4.8,,,4.8,174394,2026-04-08T04:17:25.185516+00:00
230415,UPDCREIT,2024-07-23,4.8,,,4.8,1121541,2026-04-08T04:17:27.655924+00:00
230533,UPDCREIT,2024-07-24,4.8,,,4.8,132101,2026-04-08T04:17:30.124258+00:00
230651,UPDCREIT,2024-07-25,4.5,,,4.5,626518,2026-04-08T04:17:32.638981+00:00
230769,UPDCREIT,2024-07-26,4.5,,,4.5,442801,2026-04-08T04:17:35.101122+00:00
230887,UPDCREIT,2024-07-29,4.5,,,4.5,241675,2026-04-08T04:17:40.103977+00:00
231005,UPDCREIT,2024-07-30,4.6,,,4.6,654082,2026-04-08T04:17:43.080384+00:00
231123,UPDCREIT,2024-07-31,4.45,,,4.45,639103,2026-04-08T04:17:45.61458+00:00
231241,UPDCREIT,2024-08-01,4.85,,,4.85,411982,2026-04-08T04:17:47.950902+00:00
231359,UPDCREIT,2024-08-02,4.6,,,4.6,441534,2026-04-08T04:17:50.372085+00:00
231477,UPDCREIT,2024-08-05,4.6,,,4.6,590950,2026-04-08T04:17:54.929581+00:00
231595,UPDCREIT,2024-08-06,4.8,,,4.8,395588,2026-04-08T04:17:57.472912+00:00
231713,UPDCREIT,2024-08-07,4.8,,,4.8,157791,2026-04-08T04:17:59.948734+00:00
231831,UPDCREIT,2024-08-08,4.8,,,4.8,328539,2026-04-08T04:18:02.36647+00:00
231949,UPDCREIT,2024-08-09,4.8,,,4.8,136904,2026-04-08T04:18:04.674683+00:00
232067,UPDCREIT,2024-08-12,4.95,,,4.95,475019,2026-04-08T04:18:08.918743+00:00
232185,UPDCREIT,2024-08-13,4.95,,,4.95,274858,2026-04-08T04:18:11.387792+00:00
232303,UPDCREIT,2024-08-14,4.95,,,4.95,107184,2026-04-08T04:18:13.859526+00:00
232421,UPDCREIT,2024-08-15,4.95,,,4.95,572572,2026-04-08T04:18:16.357381+00:00
232539,UPDCREIT,2024-08-16,4.95,,,4.95,234540,2026-04-08T04:18:18.692447+00:00
232657,UPDCREIT,2024-08-19,4.95,,,4.95,57352,2026-04-08T04:18:23.063194+00:00
232775,UPDCREIT,2024-08-20,4.8,,,4.8,550087,2026-04-08T04:18:25.366221+00:00
232893,UPDCREIT,2024-08-21,4.6,,,4.6,596428,2026-04-08T04:18:27.861334+00:00
233011,UPDCREIT,2024-08-22,4.6,,,4.6,247570,2026-04-08T04:18:30.156184+00:00
233129,UPDCREIT,2024-08-23,4.6,,,4.6,191998,2026-04-08T04:18:32.497978+00:00
233247,UPDCREIT,2024-08-26,4.6,,,4.6,49236,2026-04-08T04:18:37.19542+00:00
233365,UPDCREIT,2024-08-27,4.7,,,4.7,278652,2026-04-08T04:18:39.561091+00:00
233483,UPDCREIT,2024-08-28,4.7,,,4.7,247963,2026-04-08T04:18:42.048567+00:00
233601,UPDCREIT,2024-08-29,4.7,,,4.7,244681,2026-04-08T04:18:44.36768+00:00
233719,UPDCREIT,2024-09-02,4.7,,,4.7,212513,2026-04-08T04:18:49.632285+00:00
233837,UPDCREIT,2024-09-03,4.8,,,4.8,848090,2026-04-08T04:18:52.389232+00:00
233955,UPDCREIT,2024-09-04,4.8,,,4.8,381873,2026-04-08T04:18:54.875674+00:00
234073,UPDCREIT,2024-09-05,4.7,,,4.7,810777,2026-04-08T04:18:57.763256+00:00
234191,UPDCREIT,2024-09-06,4.8,,,4.8,296084,2026-04-08T04:19:00.536712+00:00
234309,UPDCREIT,2024-09-09,4.85,,,4.85,834918,2026-04-08T04:19:05.495104+00:00
234427,UPDCREIT,2024-09-10,4.9,,,4.9,2971923,2026-04-08T04:19:08.070871+00:00
234545,UPDCREIT,2024-09-11,5.0,,,5.0,1267424,2026-04-08T04:19:10.663572+00:00
234663,UPDCREIT,2024-09-12,5.0,,,5.0,1003566,2026-04-08T04:19:13.371302+00:00
234781,UPDCREIT,2024-09-13,5.0,,,5.0,653198,2026-04-08T04:19:16.033041+00:00
234899,UPDCREIT,2024-09-17,5.15,,,5.15,688941,2026-04-08T04:19:22.824888+00:00
235017,UPDCREIT,2024-09-18,5.2,,,5.2,1014143,2026-04-08T04:19:25.915955+00:00
235135,UPDCREIT,2024-09-19,5.2,,,5.2,296699,2026-04-08T04:19:28.330134+00:00
235253,UPDCREIT,2024-09-20,5.2,,,5.2,222788,2026-04-08T04:19:30.82066+00:00
235371,UPDCREIT,2024-09-23,5.2,,,5.2,149015,2026-04-08T04:19:35.29526+00:00
235489,UPDCREIT,2024-09-24,5.2,,,5.2,76472,2026-04-08T04:19:37.629736+00:00
235607,UPDCREIT,2024-09-25,5.2,,,5.2,245319,2026-04-08T04:19:40.096992+00:00
235725,UPDCREIT,2024-09-26,5.2,,,5.2,2064469,2026-04-08T04:19:42.676048+00:00
235843,UPDCREIT,2024-09-27,5.2,,,5.2,88221,2026-04-08T04:19:45.342636+00:00
235961,UPDCREIT,2024-09-30,5.2,,,5.2,183994,2026-04-08T04:19:50.223917+00:00
236079,UPDCREIT,2024-10-02,5.3,,,5.3,201076,2026-04-08T04:19:53.821423+00:00
236197,UPDCREIT,2024-10-03,5.05,,,5.05,558826,2026-04-08T04:19:56.203135+00:00
236315,UPDCREIT,2024-10-04,5.05,,,5.05,220789,2026-04-08T04:19:58.634737+00:00
236433,UPDCREIT,2024-10-07,5.05,,,5.05,165461,2026-04-08T04:20:03.05432+00:00
236551,UPDCREIT,2024-10-08,5.05,,,5.05,417781,2026-04-08T04:20:05.535519+00:00
236669,UPDCREIT,2024-10-10,5.2,,,5.2,307742,2026-04-08T04:20:08.855054+00:00
236787,UPDCREIT,2024-10-11,5.15,,,5.15,125287,2026-04-08T04:20:11.460237+00:00
236906,UPDCREIT,2024-10-14,5.15,,,5.15,197505,2026-04-08T04:20:16.284622+00:00
237025,UPDCREIT,2024-10-15,5.15,,,5.15,264950,2026-04-08T04:20:18.84933+00:00
237144,UPDCREIT,2024-10-17,5.2,,,5.2,560141,2026-04-08T04:20:23.389134+00:00
237263,UPDCREIT,2024-10-18,5.15,,,5.15,325072,2026-04-08T04:20:26.17489+00:00
237382,UPDCREIT,2024-10-21,5.15,,,5.15,99453,2026-04-08T04:20:30.541886+00:00
237501,UPDCREIT,2024-10-22,5.15,,,5.15,82868,2026-04-08T04:20:32.890604+00:00
237620,UPDCREIT,2024-10-23,5.15,,,5.15,262771,2026-04-08T04:20:35.186729+00:00
237739,UPDCREIT,2024-10-24,5.2,,,5.2,547072,2026-04-08T04:20:37.740613+00:00
237858,UPDCREIT,2024-10-25,5.25,,,5.25,1068517,2026-04-08T04:20:40.222387+00:00
237977,UPDCREIT,2024-10-28,5.25,,,5.25,308874,2026-04-08T04:20:44.742576+00:00
238096,UPDCREIT,2024-10-29,5.5,,,5.5,1202800,2026-04-08T04:20:47.136244+00:00
238215,UPDCREIT,2024-10-30,5.5,,,5.5,840038,2026-04-08T04:20:49.405969+00:00
238334,UPDCREIT,2024-10-31,5.5,,,5.5,738429,2026-04-08T04:20:51.756515+00:00
238453,UPDCREIT,2024-11-01,5.45,,,5.45,780460,2026-04-08T04:20:54.1075+00:00
238572,UPDCREIT,2024-11-04,5.4,,,5.4,663753,2026-04-08T04:20:58.471072+00:00
238691,UPDCREIT,2024-11-05,5.4,,,5.4,58021,2026-04-08T04:21:01.00344+00:00
238810,UPDCREIT,2024-11-06,5.4,,,5.4,157439,2026-04-08T04:21:03.585377+00:00
238929,UPDCREIT,2024-11-07,5.4,,,5.4,167277,2026-04-08T04:21:06.256351+00:00
239048,UPDCREIT,2024-11-08,5.45,,,5.45,1593616,2026-04-08T04:21:08.623134+00:00
239167,UPDCREIT,2024-11-11,5.45,,,5.45,221218,2026-04-08T04:21:12.782875+00:00
239286,UPDCREIT,2024-11-12,5.45,,,5.45,274195,2026-04-08T04:21:15.417322+00:00
239405,UPDCREIT,2024-11-13,5.45,,,5.45,336689,2026-04-08T04:21:17.790166+00:00
239524,UPDCREIT,2024-11-14,5.45,,,5.45,29883,2026-04-08T04:21:20.354873+00:00
239643,UPDCREIT,2024-11-15,5.15,,,5.15,436610,2026-04-08T04:21:22.90937+00:00
239762,UPDCREIT,2024-11-18,5.15,,,5.15,189006,2026-04-08T04:21:27.576358+00:00
239881,UPDCREIT,2024-11-19,5.15,,,5.15,746829,2026-04-08T04:21:29.868433+00:00
240000,UPDCREIT,2024-11-20,5.15,,,5.15,471613,2026-04-08T04:21:32.433299+00:00
240119,UPDCREIT,2024-11-21,5.1,,,5.1,716068,2026-04-08T04:21:34.755564+00:00
240238,UPDCREIT,2024-11-22,5.1,,,5.1,118667,2026-04-08T04:21:37.514754+00:00
240357,UPDCREIT,2024-11-25,5.55,,,5.55,679661,2026-04-08T04:21:41.818387+00:00
240476,UPDCREIT,2024-11-26,5.05,,,5.05,609765,2026-04-08T04:21:44.163824+00:00
240595,UPDCREIT,2024-11-27,5.05,,,5.05,404424,2026-04-08T04:21:46.720727+00:00
240714,UPDCREIT,2024-11-28,5.05,,,5.05,157036,2026-04-08T04:21:49.110263+00:00
240833,UPDCREIT,2024-12-02,5.15,,,5.15,160452,2026-04-08T04:21:54.88401+00:00
240952,UPDCREIT,2024-12-03,5.15,,,5.15,407526,2026-04-08T04:21:57.640504+00:00
241071,UPDCREIT,2024-12-04,5.2,,,5.2,659969,2026-04-08T04:21:59.930228+00:00
241190,UPDCREIT,2024-12-06,5.15,,,5.15,1759170,2026-04-08T04:22:03.392712+00:00
241309,UPDCREIT,2024-12-09,5.15,,,5.15,127476,2026-04-08T04:22:07.745808+00:00
241428,UPDCREIT,2024-12-10,4.85,,,4.85,1606510,2026-04-08T04:22:10.112253+00:00
241547,UPDCREIT,2024-12-11,4.85,,,4.85,200147,2026-04-08T04:22:12.639548+00:00
241666,UPDCREIT,2024-12-12,4.85,,,4.85,15322,2026-04-08T04:22:15.033357+00:00
241785,UPDCREIT,2024-12-13,5.0,,,5.0,188158,2026-04-08T04:22:17.509919+00:00
241904,UPDCREIT,2024-12-16,5.0,,,5.0,780853,2026-04-08T04:22:22.499781+00:00
242023,UPDCREIT,2024-12-17,5.0,,,5.0,65323,2026-04-08T04:22:24.995572+00:00
242142,UPDCREIT,2024-12-18,5.0,,,5.0,124496,2026-04-08T04:22:27.498126+00:00
242261,UPDCREIT,2024-12-19,5.0,,,5.0,342959,2026-04-08T04:22:29.868083+00:00
242380,UPDCREIT,2024-12-20,4.9,,,4.9,6663497,2026-04-08T04:22:32.392508+00:00
242499,UPDCREIT,2024-12-23,5.25,,,5.25,1528844,2026-04-08T04:22:36.740311+00:00
242618,UPDCREIT,2024-12-24,5.0,,,5.0,2601075,2026-04-08T04:22:39.25804+00:00
242737,UPDCREIT,2024-12-27,5.0,,,5.0,994966,2026-04-08T04:22:43.946119+00:00
242855,UPDCREIT,2024-12-31,5.0,,,5.0,2135747,2026-04-08T04:22:48.665239+00:00
242973,UPDCREIT,2025-01-02,5.45,,,5.45,2539332,2026-04-08T04:22:52.256438+00:00
243091,UPDCREIT,2025-01-03,5.4,,,5.4,674240,2026-04-08T04:22:55.101113+00:00
243209,UPDCREIT,2025-01-06,5.7,,,5.7,649152,2026-04-08T04:23:00.046313+00:00
243327,UPDCREIT,2025-01-07,5.65,,,5.65,2132776,2026-04-08T04:23:02.329348+00:00
243445,UPDCREIT,2025-01-08,5.65,,,5.65,390473,2026-04-08T04:23:04.632968+00:00
243563,UPDCREIT,2025-01-09,5.6,,,5.6,367747,2026-04-08T04:23:06.908261+00:00
243681,UPDCREIT,2025-01-10,5.6,,,5.6,637512,2026-04-08T04:23:09.304805+00:00
243799,UPDCREIT,2025-01-13,5.5,,,5.5,1032353,2026-04-08T04:23:13.790041+00:00
243917,UPDCREIT,2025-01-14,5.5,,,5.5,1181400,2026-04-08T04:23:16.129929+00:00
244035,UPDCREIT,2025-01-15,5.45,,,5.45,537610,2026-04-08T04:23:18.535433+00:00
244153,UPDCREIT,2025-01-16,5.8,,,5.8,631466,2026-04-08T04:23:20.834867+00:00
244271,UPDCREIT,2025-01-17,5.8,,,5.8,219015,2026-04-08T04:23:23.141674+00:00
244389,UPDCREIT,2025-01-20,5.5,,,5.5,1159436,2026-04-08T04:23:27.482452+00:00
244507,UPDCREIT,2025-01-21,5.35,,,5.35,2344172,2026-04-08T04:23:29.752731+00:00
244625,UPDCREIT,2025-01-22,5.4,,,5.4,604051,2026-04-08T04:23:32.235559+00:00
244743,UPDCREIT,2025-01-23,5.4,,,5.4,318634,2026-04-08T04:23:34.519549+00:00
244861,UPDCREIT,2025-01-24,5.4,,,5.4,444478,2026-04-08T04:23:37.097992+00:00
244979,UPDCREIT,2025-01-27,5.4,,,5.4,2706236,2026-04-08T04:23:41.817807+00:00
245097,UPDCREIT,2025-01-28,5.4,,,5.4,495364,2026-04-08T04:23:44.43679+00:00
245215,UPDCREIT,2025-01-30,6.0,,,6.0,614441,2026-04-08T04:23:47.90788+00:00
245333,UPDCREIT,2025-01-31,6.0,,,6.0,614441,2026-04-08T04:23:50.425841+00:00
245451,UPDCREIT,2025-02-03,6.0,,,6.0,3062508,2026-04-08T04:23:55.090801+00:00
245569,UPDCREIT,2025-02-04,6.0,,,6.0,467673,2026-04-08T04:23:57.584141+00:00
245687,UPDCREIT,2025-02-05,6.0,,,6.0,889931,2026-04-08T04:24:00.484627+00:00
245805,UPDCREIT,2025-02-06,6.2,,,6.2,1232041,2026-04-08T04:24:04.153698+00:00
245923,UPDCREIT,2025-02-07,6.2,,,6.2,1115166,2026-04-08T04:24:07.822728+00:00
246041,UPDCREIT,2025-02-10,6.25,,,6.25,722985,2026-04-08T04:24:13.163899+00:00
246159,UPDCREIT,2025-02-11,6.5,,,6.5,513534,2026-04-08T04:24:15.629092+00:00
246277,UPDCREIT,2025-02-12,7.1,,,7.1,2905256,2026-04-08T04:24:18.226035+00:00
246395,UPDCREIT,2025-02-13,7.55,,,7.55,4470965,2026-04-08T04:24:20.725749+00:00
246513,UPDCREIT,2025-02-14,7.4,,,7.4,1517885,2026-04-08T04:24:23.300806+00:00
246631,UPDCREIT,2025-02-17,6.9,,,6.9,1334734,2026-04-08T04:24:27.726986+00:00
246749,UPDCREIT,2025-02-18,6.75,,,6.75,2436277,2026-04-08T04:24:30.295737+00:00
246867,UPDCREIT,2025-02-19,6.75,,,6.75,508423,2026-04-08T04:24:32.765887+00:00
246985,UPDCREIT,2025-02-20,6.75,,,6.75,1204625,2026-04-08T04:24:35.351909+00:00
247103,UPDCREIT,2025-02-21,6.75,,,6.75,564117,2026-04-08T04:24:37.680479+00:00
247221,UPDCREIT,2025-02-25,6.2,,,6.2,1091318,2026-04-08T04:24:43.419296+00:00
247339,UPDCREIT,2025-02-26,6.2,,,6.2,232061,2026-04-08T04:24:45.860894+00:00
247457,UPDCREIT,2025-02-27,6.3,,,6.3,575026,2026-04-08T04:24:48.27846+00:00
247575,UPDCREIT,2025-02-28,6.3,,,6.3,106689,2026-04-08T04:24:50.63724+00:00
247693,UPDCREIT,2025-03-03,6.3,,,6.3,360002,2026-04-08T04:24:55.222854+00:00
247811,UPDCREIT,2025-03-04,6.3,,,6.3,613020,2026-04-08T04:24:57.762887+00:00
247930,UPDCREIT,2025-03-05,5.9,,,5.9,327110,2026-04-08T04:25:00.108696+00:00
248049,UPDCREIT,2025-03-06,5.9,,,5.9,261873,2026-04-08T04:25:02.52336+00:00
248168,UPDCREIT,2025-03-07,5.9,,,5.9,76329,2026-04-08T04:25:04.19753+00:00
248287,UPDCREIT,2025-03-10,5.9,,,5.9,177800,2026-04-08T04:25:07.959889+00:00
248406,UPDCREIT,2025-03-11,6.25,,,6.25,430241,2026-04-08T04:25:10.446731+00:00
248525,UPDCREIT,2025-03-12,5.8,,,5.8,1911182,2026-04-08T04:25:12.888859+00:00
248644,UPDCREIT,2025-03-13,6.0,,,6.0,407625,2026-04-08T04:25:15.353849+00:00
248763,UPDCREIT,2025-03-14,6.5,,,6.5,871425,2026-04-08T04:25:17.75152+00:00
248882,UPDCREIT,2025-03-17,6.05,,,6.05,439554,2026-04-08T04:25:23.327657+00:00
249001,UPDCREIT,2025-03-18,6.05,,,6.05,173015,2026-04-08T04:25:25.763099+00:00
249120,UPDCREIT,2025-03-19,6.05,,,6.05,474179,2026-04-08T04:25:28.144043+00:00
249239,UPDCREIT,2025-03-20,6.05,,,6.05,267266,2026-04-08T04:25:31.01834+00:00
249358,UPDCREIT,2025-03-21,6.05,,,6.05,251768,2026-04-08T04:25:33.389958+00:00
249477,UPDCREIT,2025-03-24,6.05,,,6.05,232838,2026-04-08T04:25:38.388993+00:00
249596,UPDCREIT,2025-03-25,6.05,,,6.05,366626,2026-04-08T04:25:40.7685+00:00
249715,UPDCREIT,2025-03-26,6.05,,,6.05,82868,2026-04-08T04:25:43.344812+00:00
249834,UPDCREIT,2025-03-27,6.05,,,6.05,314933,2026-04-08T04:25:45.817232+00:00
249953,UPDCREIT,2025-03-28,5.5,,,5.5,2609398,2026-04-08T04:25:48.177352+00:00
250072,UPDCREIT,2025-04-02,6.05,,,6.05,1482232,2026-04-08T04:25:54.663823+00:00
250191,UPDCREIT,2025-04-03,6.05,,,6.05,341830,2026-04-08T04:25:57.014747+00:00
250310,UPDCREIT,2025-04-04,6.1,,,6.1,426077,2026-04-08T04:25:59.489503+00:00
250429,UPDCREIT,2025-04-07,5.7,,,5.7,357162,2026-04-08T04:26:04.211964+00:00
250548,UPDCREIT,2025-04-08,5.6,,,5.6,1156022,2026-04-08T04:26:06.766331+00:00
250667,UPDCREIT,2025-04-10,5.6,,,5.6,54840,2026-04-08T04:26:10.263658+00:00
250786,UPDCREIT,2025-04-11,5.9,,,5.9,557385,2026-04-08T04:26:12.610372+00:00
250905,UPDCREIT,2025-04-14,5.9,,,5.9,93960,2026-04-08T04:26:17.137975+00:00
251024,UPDCREIT,2025-04-15,6.1,,,6.1,304508,2026-04-08T04:26:19.634971+00:00
251143,UPDCREIT,2025-04-16,5.6,,,5.6,3071086,2026-04-08T04:26:22.321337+00:00
251262,UPDCREIT,2025-04-17,5.9,,,5.9,1457101,2026-04-08T04:26:24.819431+00:00
251381,UPDCREIT,2025-04-22,6.15,,,6.15,1109492,2026-04-08T04:26:31.401152+00:00
251500,UPDCREIT,2025-04-23,6.05,,,6.05,1811672,2026-04-08T04:26:33.741411+00:00
251620,UPDCREIT,2025-04-24,6.05,,,6.05,156100,2026-04-08T04:26:36.383131+00:00
251740,UPDCREIT,2025-04-25,6.05,,,6.05,6149402,2026-04-08T04:26:38.677219+00:00
251860,UPDCREIT,2025-04-28,6.05,,,6.05,344075,2026-04-08T04:26:43.113614+00:00
251980,UPDCREIT,2025-04-29,6.2,,,6.2,277773,2026-04-08T04:26:45.609073+00:00
252100,UPDCREIT,2025-04-30,6.2,,,6.2,1212470,2026-04-08T04:26:48.242472+00:00
252220,UPDCREIT,2025-05-02,6.2,,,6.2,1115860,2026-04-08T04:26:51.690529+00:00
252340,UPDCREIT,2025-05-05,6.2,,,6.2,420351,2026-04-08T04:26:56.275381+00:00
252460,UPDCREIT,2025-05-06,6.0,,,6.0,1696336,2026-04-08T04:26:58.7221+00:00
252580,UPDCREIT,2025-05-07,6.6,,,6.6,3055685,2026-04-08T04:27:01.170235+00:00
252700,UPDCREIT,2025-05-08,6.6,,,6.6,1042027,2026-04-08T04:27:03.468055+00:00
252820,UPDCREIT,2025-05-09,6.2,,,6.2,563325,2026-04-08T04:27:05.963213+00:00
252940,UPDCREIT,2025-05-12,6.3,,,6.3,724207,2026-04-08T04:27:10.449459+00:00
253060,UPDCREIT,2025-05-14,6.5,,,6.5,530455,2026-04-08T04:27:13.89162+00:00
253180,UPDCREIT,2025-05-15,6.5,,,6.5,198345,2026-04-08T04:27:16.307455+00:00
253300,UPDCREIT,2025-05-16,6.45,,,6.45,3290725,2026-04-08T04:27:18.639316+00:00
253420,UPDCREIT,2025-05-19,6.45,,,6.45,287335,2026-04-08T04:27:23.06518+00:00
253540,UPDCREIT,2025-05-20,6.45,,,6.45,287335,2026-04-08T04:27:25.663956+00:00
253660,UPDCREIT,2025-05-21,6.45,,,6.45,735552,2026-04-08T04:27:28.280255+00:00
253780,UPDCREIT,2025-05-22,6.4,,,6.4,1980977,2026-04-08T04:27:30.733393+00:00
253900,UPDCREIT,2025-05-23,6.45,,,6.45,1653878,2026-04-08T04:27:33.142895+00:00
254020,UPDCREIT,2025-05-26,5.85,,,5.85,1405090,2026-04-08T04:27:37.938794+00:00
254140,UPDCREIT,2025-05-27,6.0,,,6.0,2164317,2026-04-08T04:27:40.395447+00:00
254260,UPDCREIT,2025-05-28,5.5,,,5.5,5580824,2026-04-08T04:27:42.906627+00:00
254380,UPDCREIT,2025-05-29,5.8,,,5.8,2981561,2026-04-08T04:27:45.903166+00:00
254500,UPDCREIT,2025-05-30,5.95,,,5.95,660298,2026-04-08T04:27:48.4452+00:00
254620,UPDCREIT,2025-06-02,6.25,,,6.25,2757814,2026-04-08T04:27:53.01382+00:00
254740,UPDCREIT,2025-06-03,6.1,,,6.1,1975706,2026-04-08T04:27:55.368454+00:00
254860,UPDCREIT,2025-06-04,6.1,,,6.1,648604,2026-04-08T04:27:57.94541+00:00
254980,UPDCREIT,2025-06-05,6.1,,,6.1,1335808,2026-04-08T04:28:00.320696+00:00
255100,UPDCREIT,2025-06-10,6.05,,,6.05,2018811,2026-04-08T04:28:07.114795+00:00
255220,UPDCREIT,2025-06-11,6.05,,,6.05,574976,2026-04-08T04:28:09.38594+00:00
255340,UPDCREIT,2025-06-17,6.0,,,6.0,954098,2026-04-08T04:28:17.228975+00:00
255460,UPDCREIT,2025-06-18,5.9,,,5.9,467998,2026-04-08T04:28:19.70912+00:00
255580,UPDCREIT,2025-06-19,6.0,,,6.0,4126164,2026-04-08T04:28:22.276816+00:00
255700,UPDCREIT,2025-06-20,6.0,,,6.0,3927795,2026-04-08T04:28:24.65394+00:00
255820,UPDCREIT,2025-06-23,6.3,,,6.3,746412,2026-04-08T04:28:29.225711+00:00
255940,UPDCREIT,2025-06-24,6.2,,,6.2,736856,2026-04-08T04:28:31.569579+00:00
256060,UPDCREIT,2025-06-25,6.25,,,6.25,4647414,2026-04-08T04:28:33.910697+00:00
256180,UPDCREIT,2025-06-26,6.3,,,6.3,3325805,2026-04-08T04:28:36.389223+00:00
256300,UPDCREIT,2025-06-27,6.3,,,6.3,947314,2026-04-08T04:28:38.797599+00:00
256420,UPDCREIT,2025-07-01,6.5,,,6.5,1260659,2026-04-08T04:28:44.517216+00:00
256540,UPDCREIT,2025-07-02,6.5,,,6.5,1224954,2026-04-08T04:28:47.139962+00:00
256660,UPDCREIT,2025-07-03,6.5,,,6.5,2221035,2026-04-08T04:28:49.506141+00:00
256780,UPDCREIT,2025-07-04,6.5,,,6.5,4352958,2026-04-08T04:28:51.76506+00:00
256900,UPDCREIT,2025-07-07,7.15,,,7.15,1433167,2026-04-08T04:28:56.230166+00:00
257020,UPDCREIT,2025-07-08,7.1,,,7.1,4108718,2026-04-08T04:28:58.705995+00:00
257140,UPDCREIT,2025-07-09,7.2,,,7.2,1310037,2026-04-08T04:29:01.058721+00:00
257260,UPDCREIT,2025-07-10,7.2,,,7.2,1409417,2026-04-08T04:29:03.550316+00:00
257380,UPDCREIT,2025-07-11,7.0,,,7.0,4320201,2026-04-08T04:29:06.089999+00:00
257500,UPDCREIT,2025-07-14,7.3,,,7.3,2854311,2026-04-08T04:29:10.69196+00:00
257620,UPDCREIT,2025-07-16,7.35,,,7.35,2162591,2026-04-08T04:29:14.112969+00:00
257740,UPDCREIT,2025-07-17,7.4,,,7.4,3123154,2026-04-08T04:29:16.489777+00:00
257860,UPDCREIT,2025-07-18,7.4,,,7.4,2801662,2026-04-08T04:29:18.854517+00:00
257980,UPDCREIT,2025-07-21,7.4,,,7.4,802115,2026-04-08T04:29:23.300994+00:00
258100,UPDCREIT,2025-07-22,7.4,,,7.4,499618,2026-04-08T04:29:25.922592+00:00
258220,UPDCREIT,2025-07-23,7.4,,,7.4,286798,2026-04-08T04:29:29.05968+00:00
258340,UPDCREIT,2025-07-24,8.05,,,8.05,3767110,2026-04-08T04:29:31.486978+00:00
258460,UPDCREIT,2025-07-25,8.6,,,8.6,1735422,2026-04-08T04:29:33.980938+00:00
258579,UPDCREIT,2025-07-28,9.45,,,9.45,3457167,2026-04-08T04:29:38.78621+00:00
258698,UPDCREIT,2025-07-29,9.45,,,9.45,3342252,2026-04-08T04:29:41.392621+00:00
258817,UPDCREIT,2025-07-30,9.35,,,9.35,2489473,2026-04-08T04:29:43.881641+00:00
258936,UPDCREIT,2025-07-31,9.35,,,9.35,1396710,2026-04-08T04:29:46.315218+00:00
259055,UPDCREIT,2025-08-01,9.35,,,9.35,408683,2026-04-08T04:29:48.711654+00:00
259173,UPDCREIT,2025-08-04,9.35,,,9.35,1141651,2026-04-08T04:29:53.303607+00:00
259292,UPDCREIT,2025-08-05,8.45,,,8.45,2259447,2026-04-08T04:29:55.780422+00:00
259411,UPDCREIT,2025-08-06,8.35,,,8.35,1155137,2026-04-08T04:29:58.241852+00:00
259530,UPDCREIT,2025-08-07,8.1,,,8.1,1228722,2026-04-08T04:30:00.56444+00:00
259649,UPDCREIT,2025-08-08,8.25,,,8.25,2604074,2026-04-08T04:30:02.234883+00:00
259768,UPDCREIT,2025-08-11,8.4,,,8.4,1461496,2026-04-08T04:30:07.037349+00:00
259887,UPDCREIT,2025-08-12,8.6,,,8.6,1191402,2026-04-08T04:30:09.28323+00:00
260006,UPDCREIT,2025-08-13,8.55,,,8.55,1284665,2026-04-08T04:30:11.815521+00:00
260125,UPDCREIT,2025-08-14,8.0,,,8.0,1343168,2026-04-08T04:30:14.350221+00:00
260244,UPDCREIT,2025-08-15,8.0,,,8.0,447491,2026-04-08T04:30:16.786076+00:00
260363,UPDCREIT,2025-08-18,7.95,,,7.95,944117,2026-04-08T04:30:21.560319+00:00
260482,UPDCREIT,2025-08-19,7.95,,,7.95,1329381,2026-04-08T04:30:23.869462+00:00
260601,UPDCREIT,2025-08-20,7.9,,,7.9,2355450,2026-04-08T04:30:26.318672+00:00
260720,UPDCREIT,2025-08-21,7.9,,,7.9,1823748,2026-04-08T04:30:28.670378+00:00
260839,UPDCREIT,2025-08-22,7.9,,,7.9,2263175,2026-04-08T04:30:30.96965+00:00
260958,UPDCREIT,2025-08-25,7.9,,,7.9,2924226,2026-04-08T04:30:35.521871+00:00
261077,UPDCREIT,2025-08-26,7.9,,,7.9,1969388,2026-04-08T04:30:37.91594+00:00
261196,UPDCREIT,2025-08-27,7.9,,,7.9,2824835,2026-04-08T04:30:40.231113+00:00
261315,UPDCREIT,2025-08-28,7.8,,,7.8,1068170,2026-04-08T04:30:42.59826+00:00
261434,UPDCREIT,2025-08-29,7.85,,,7.85,1488055,2026-04-08T04:30:45.09102+00:00
261553,UPDCREIT,2025-09-01,7.65,,,7.65,1980947,2026-04-08T04:30:49.608802+00:00
261672,UPDCREIT,2025-09-02,7.65,,,7.65,752208,2026-04-08T04:30:52.312491+00:00
261791,UPDCREIT,2025-09-03,7.65,,,7.65,412851,2026-04-08T04:30:55.837007+00:00
261910,UPDCREIT,2025-09-04,7.65,,,7.65,489619,2026-04-08T04:30:58.198935+00:00
262029,UPDCREIT,2025-09-08,7.5,,,7.5,775981,2026-04-08T04:31:03.728068+00:00
262148,UPDCREIT,2025-09-09,7.6,,,7.6,1330931,2026-04-08T04:31:06.294869+00:00
262267,UPDCREIT,2025-09-10,7.6,,,7.6,712845,2026-04-08T04:31:08.610575+00:00
262386,UPDCREIT,2025-09-11,7.35,,,7.35,1333796,2026-04-08T04:31:10.974873+00:00
262505,UPDCREIT,2025-09-12,7.35,,,7.35,439583,2026-04-08T04:31:13.547359+00:00
262624,UPDCREIT,2025-09-15,7.5,,,7.5,575475,2026-04-08T04:31:18.268622+00:00
262743,UPDCREIT,2025-09-16,7.55,,,7.55,1826148,2026-04-08T04:31:20.741189+00:00
262862,UPDCREIT,2025-09-17,7.5,,,7.5,1957895,2026-04-08T04:31:23.24235+00:00
262981,UPDCREIT,2025-09-18,7.5,,,7.5,311250,2026-04-08T04:31:25.598019+00:00
263100,UPDCREIT,2025-09-19,7.5,,,7.5,405603,2026-04-08T04:31:28.111008+00:00
263219,UPDCREIT,2025-09-22,7.0,,,7.0,1173891,2026-04-08T04:31:32.624882+00:00
263338,UPDCREIT,2025-09-23,7.0,,,7.0,839074,2026-04-08T04:31:35.170326+00:00
263457,UPDCREIT,2025-09-24,7.35,,,7.35,831291,2026-04-08T04:31:37.673105+00:00
263576,UPDCREIT,2025-09-25,7.35,,,7.35,782761,2026-04-08T04:31:40.100841+00:00
263695,UPDCREIT,2025-09-26,7.15,,,7.15,1113002,2026-04-08T04:31:42.548783+00:00
263814,UPDCREIT,2025-09-29,7.35,,,7.35,1172653,2026-04-08T04:31:47.029675+00:00
263933,UPDCREIT,2025-09-30,7.2,,,7.2,1330274,2026-04-08T04:31:49.320364+00:00
264052,UPDCREIT,2025-10-02,7.0,,,7.0,2441498,2026-04-08T04:31:52.706523+00:00
264171,UPDCREIT,2025-10-03,7.2,,,7.2,1889266,2026-04-08T04:31:55.311341+00:00
264290,UPDCREIT,2025-10-06,7.5,,,7.5,1397937,2026-04-08T04:31:59.803196+00:00
264409,UPDCREIT,2025-10-07,7.3,,,7.3,3807258,2026-04-08T04:32:02.285104+00:00
264528,UPDCREIT,2025-10-08,7.1,,,7.1,4012481,2026-04-08T04:32:04.646463+00:00
264647,UPDCREIT,2025-10-09,7.05,,,7.05,2780089,2026-04-08T04:32:07.004133+00:00
264766,UPDCREIT,2025-10-10,7.15,,,7.15,1490152,2026-04-08T04:32:10.69692+00:00
264885,UPDCREIT,2025-10-13,7.45,,,7.45,3652001,2026-04-08T04:32:15.267586+00:00
265004,UPDCREIT,2025-10-14,7.45,,,7.45,3022999,2026-04-08T04:32:17.792097+00:00
265123,UPDCREIT,2025-10-15,7.3,,,7.3,2318756,2026-04-08T04:32:20.093513+00:00
265242,UPDCREIT,2025-10-16,7.3,,,7.3,1600782,2026-04-08T04:32:22.728593+00:00
265361,UPDCREIT,2025-10-17,7.3,,,7.3,1434120,2026-04-08T04:32:25.167177+00:00
265480,UPDCREIT,2025-10-20,7.3,,,7.3,2338159,2026-04-08T04:32:29.532096+00:00
265599,UPDCREIT,2025-10-21,7.35,,,7.35,830162,2026-04-08T04:32:31.920152+00:00
265718,UPDCREIT,2025-10-22,7.95,,,7.95,1988828,2026-04-08T04:32:34.332447+00:00
265837,UPDCREIT,2025-10-23,7.35,,,7.35,3850693,2026-04-08T04:32:36.79914+00:00
265956,UPDCREIT,2025-10-24,7.35,,,7.35,1132218,2026-04-08T04:32:39.249323+00:00
266075,UPDCREIT,2025-10-28,7.4,,,7.4,1638811,2026-04-08T04:32:44.921336+00:00
266194,UPDCREIT,2025-10-29,7.45,,,7.45,786714,2026-04-08T04:32:47.450266+00:00
266313,UPDCREIT,2025-10-30,7.3,,,7.3,3157428,2026-04-08T04:32:49.91761+00:00
266432,UPDCREIT,2025-10-31,7.05,,,7.05,1734191,2026-04-08T04:32:52.375955+00:00
266551,UPDCREIT,2025-11-03,7.05,,,7.05,480952,2026-04-08T04:32:57.290654+00:00
266670,UPDCREIT,2025-11-04,7.05,,,7.05,673607,2026-04-08T04:32:59.739678+00:00
266789,UPDCREIT,2025-11-05,6.85,,,6.85,1098928,2026-04-08T04:33:02.152799+00:00
266908,UPDCREIT,2025-11-06,6.85,,,6.85,1057201,2026-04-08T04:33:04.646202+00:00
267027,UPDCREIT,2025-11-07,6.8,,,6.8,2353585,2026-04-08T04:33:07.145499+00:00
267146,UPDCREIT,2025-11-10,6.8,,,6.8,1833736,2026-04-08T04:33:11.744122+00:00
267265,UPDCREIT,2025-11-11,6.8,,,6.8,1099497,2026-04-08T04:33:14.17228+00:00
267384,UPDCREIT,2025-11-12,6.8,,,6.8,2774775,2026-04-08T04:33:16.719178+00:00
267503,UPDCREIT,2025-11-13,6.8,,,6.8,2960578,2026-04-08T04:33:19.052814+00:00
267622,UPDCREIT,2025-11-14,6.75,,,6.75,2970530,2026-04-08T04:33:21.762061+00:00
267741,UPDCREIT,2025-11-17,6.75,,,6.75,476030,2026-04-08T04:33:26.271116+00:00
267860,UPDCREIT,2025-11-18,6.8,,,6.8,1670834,2026-04-08T04:33:29.067053+00:00
267979,UPDCREIT,2025-11-19,6.8,,,6.8,1334125,2026-04-08T04:33:31.487527+00:00
268098,UPDCREIT,2025-11-20,6.8,,,6.8,4174371,2026-04-08T04:33:33.887172+00:00
268217,UPDCREIT,2025-11-21,6.7,,,6.7,506634,2026-04-08T04:33:36.654129+00:00
268336,UPDCREIT,2025-11-24,6.7,,,6.7,2333463,2026-04-08T04:33:41.368891+00:00
268455,UPDCREIT,2025-11-25,6.45,,,6.45,3309933,2026-04-08T04:33:44.004166+00:00
268574,UPDCREIT,2025-11-26,6.65,,,6.65,542121,2026-04-08T04:33:46.260048+00:00
268693,UPDCREIT,2025-11-27,6.6,,,6.6,2693559,2026-04-08T04:33:48.488035+00:00
268812,UPDCREIT,2025-11-28,6.6,,,6.6,3252415,2026-04-08T04:33:50.826192+00:00
268931,UPDCREIT,2025-12-01,6.6,,,6.6,2912286,2026-04-08T04:33:55.236541+00:00
269050,UPDCREIT,2025-12-02,6.8,,,6.8,3847060,2026-04-08T04:33:57.748335+00:00
269169,UPDCREIT,2025-12-03,6.7,,,6.7,3754914,2026-04-08T04:34:00.349419+00:00
269288,UPDCREIT,2025-12-04,6.7,,,6.7,6102011,2026-04-08T04:34:03.142475+00:00
269407,UPDCREIT,2025-12-05,6.8,,,6.8,9411869,2026-04-08T04:34:05.808951+00:00
269526,UPDCREIT,2025-12-08,7.0,,,7.0,9282303,2026-04-08T04:34:10.334331+00:00
269645,UPDCREIT,2025-12-09,7.0,,,7.0,4333505,2026-04-08T04:34:12.926221+00:00
269764,UPDCREIT,2025-12-10,7.0,,,7.0,2131380,2026-04-08T04:34:15.295879+00:00
269883,UPDCREIT,2025-12-11,6.85,,,6.85,3842810,2026-04-08T04:34:17.804745+00:00
270002,UPDCREIT,2025-12-12,7.0,,,7.0,940564,2026-04-08T04:34:20.615101+00:00
270121,UPDCREIT,2025-12-15,6.9,,,6.9,5044631,2026-04-08T04:34:25.240467+00:00
270240,UPDCREIT,2025-12-16,6.9,,,6.9,2674682,2026-04-08T04:34:27.867795+00:00
270359,UPDCREIT,2025-12-18,6.95,,,6.95,5595311,2026-04-08T04:34:31.321522+00:00
270478,UPDCREIT,2025-12-19,6.95,,,6.95,3887096,2026-04-08T04:34:33.771022+00:00
270597,UPDCREIT,2025-12-22,6.9,,,6.9,3131035,2026-04-08T04:34:38.115277+00:00
270716,UPDCREIT,2025-12-23,6.8,,,6.8,3717511,2026-04-08T04:34:40.661369+00:00
270835,UPDCREIT,2025-12-24,6.9,,,6.9,1707350,2026-04-08T04:34:43.221402+00:00
270954,UPDCREIT,2025-12-29,6.85,,,6.85,5856553,2026-04-08T04:34:48.902152+00:00
271073,UPDCREIT,2025-12-30,6.9,,,6.9,7933864,2026-04-08T04:34:51.359097+00:00
271192,UPDCREIT,2025-12-31,6.9,,,6.9,1586180,2026-04-08T04:34:53.061316+00:00
271311,UPDCREIT,2026-01-02,6.9,,,6.9,797981,2026-04-08T04:34:56.467348+00:00
271430,UPDCREIT,2026-01-05,7.55,,,7.55,1455682,2026-04-08T04:35:01.008466+00:00
271549,UPDCREIT,2026-01-06,8.3,,,8.3,3356851,2026-04-08T04:35:03.366972+00:00
271668,UPDCREIT,2026-01-07,8.25,,,8.25,3116879,2026-04-08T04:35:05.819661+00:00
271787,UPDCREIT,2026-01-08,8.25,,,8.25,2823004,2026-04-08T04:35:08.163488+00:00
271906,UPDCREIT,2026-01-09,9.05,,,9.05,2261883,2026-04-08T04:35:10.591402+00:00
272025,UPDCREIT,2026-01-12,9.05,,,9.05,2962819,2026-04-08T04:35:15.220756+00:00
272144,UPDCREIT,2026-01-13,8.95,,,8.95,1596672,2026-04-08T04:35:17.864544+00:00
272263,UPDCREIT,2026-01-14,9.0,,,9.0,1831499,2026-04-08T04:35:20.278959+00:00
272382,UPDCREIT,2026-01-15,9.1,,,9.1,1776117,2026-04-08T04:35:23.159853+00:00
272501,UPDCREIT,2026-01-16,9.3,,,9.3,1758652,2026-04-08T04:35:25.571119+00:00
272620,UPDCREIT,2026-01-19,9.3,,,9.3,1810096,2026-04-08T04:35:30.272746+00:00
272740,UPDCREIT,2026-01-20,9.3,,,9.3,1897139,2026-04-08T04:35:32.536083+00:00
272860,UPDCREIT,2026-01-21,8.4,,,8.4,5019416,2026-04-08T04:35:34.90344+00:00
272980,UPDCREIT,2026-01-22,8.4,,,8.4,5057650,2026-04-08T04:35:36.566163+00:00
273100,UPDCREIT,2026-01-23,8.95,,,8.95,5555013,2026-04-08T04:35:38.92405+00:00
273220,UPDCREIT,2026-01-26,9.0,,,9.0,5909967,2026-04-08T04:35:43.383975+00:00
273340,UPDCREIT,2026-01-27,9.0,,,9.0,3002763,2026-04-08T04:35:45.70946+00:00
273460,UPDCREIT,2026-01-28,8.7,,,8.7,4912809,2026-04-08T04:35:48.193808+00:00
273580,UPDCREIT,2026-01-29,9.0,,,9.0,6533515,2026-04-08T04:35:50.479528+00:00
273700,UPDCREIT,2026-01-30,8.95,,,8.95,4723846,2026-04-08T04:35:52.855058+00:00
273820,UPDCREIT,2026-02-02,8.6,,,8.6,8567750,2026-04-08T04:35:57.524813+00:00
273940,UPDCREIT,2026-02-03,8.6,,,8.6,3843130,2026-04-08T04:36:00.137559+00:00
274060,UPDCREIT,2026-02-04,7.75,,,7.75,12082014,2026-04-08T04:36:02.592569+00:00
274180,UPDCREIT,2026-02-05,7.65,,,7.65,10479229,2026-04-08T04:36:04.997535+00:00
274300,UPDCREIT,2026-02-06,7.85,,,7.85,5760993,2026-04-08T04:36:07.533957+00:00
139,UPDCREIT,2026-02-08,,,,7.85,5760993,2026-02-08T00:18:13.946+00:00
274420,UPDCREIT,2026-02-09,7.9,,,7.9,2406593,2026-04-08T04:36:12.456447+00:00
274540,UPDCREIT,2026-02-10,8.15,,,8.15,3986651,2026-04-08T04:36:14.818506+00:00
274660,UPDCREIT,2026-02-11,8.15,,,8.15,4407435,2026-04-08T04:36:17.460702+00:00
242,UPDCREIT,2026-02-12,7.95,8.15,8.15,7.95,4278501,2026-02-12T09:23:57.658861+00:00
274900,UPDCREIT,2026-02-13,8.0,,,8.0,2849575,2026-04-08T04:36:22.38356+00:00
275020,UPDCREIT,2026-02-16,7.95,,,7.95,2625975,2026-04-08T04:36:26.879081+00:00
275140,UPDCREIT,2026-02-17,7.85,,,7.85,5751001,2026-04-08T04:36:29.440312+00:00
275260,UPDCREIT,2026-02-18,7.75,,,7.75,5222724,2026-04-08T04:36:31.166521+00:00
275380,UPDCREIT,2026-02-19,7.65,,,7.65,3759400,2026-04-08T04:36:33.575564+00:00
632,UPDCREIT,2026-02-20,7.5,,,7.5,5929342,2026-02-20T23:15:44.934622+00:00
780,UPDCREIT,2026-02-23,7.65,,,7.65,6211795,2026-02-23T07:00:01.990412+00:00
928,UPDCREIT,2026-02-24,7.75,,,7.75,4236015,2026-02-24T07:00:01.929914+00:00
1076,UPDCREIT,2026-02-25,7.75,,,7.75,6507699,2026-02-25T07:00:01.953057+00:00
1224,UPDCREIT,2026-02-26,7.8,,,7.8,6137315,2026-02-26T07:00:01.915173+00:00
1912,UPDCREIT,2026-02-27,7.6,,,7.6,2694381,2026-02-27T07:00:02.056517+00:00
2793,UPDCREIT,2026-02-28,7.6,,,7.6,2694381,2026-02-28T18:00:03.453641+00:00
2941,UPDCREIT,2026-03-01,7.6,,,7.6,2694381,2026-03-01T18:00:03.821122+00:00
3089,UPDCREIT,2026-03-02,7.55,,,7.55,4724535,2026-03-02T07:00:01.981706+00:00
4053,UPDCREIT,2026-03-03,7.6,,,7.6,3927647,2026-03-03T07:00:01.858909+00:00
5490,UPDCREIT,2026-03-04,7.5,,,7.5,3879920,2026-03-04T07:00:02.010027+00:00
7208,UPDCREIT,2026-03-05,7.5,,,7.5,2390358,2026-03-05T07:00:02.0033+00:00
9724,UPDCREIT,2026-03-06,7.5,,,7.5,2884620,2026-03-06T07:00:02.033178+00:00
11382,UPDCREIT,2026-03-07,7.5,,,7.5,2884620,2026-03-07T18:00:06.285951+00:00
11530,UPDCREIT,2026-03-08,7.5,,,7.5,2884620,2026-03-08T18:00:03.574352+00:00
11678,UPDCREIT,2026-03-09,7.5,,,7.5,3655986,2026-03-09T07:00:02.016534+00:00
14194,UPDCREIT,2026-03-10,7.45,,,7.45,2799304,2026-03-10T07:00:03.966079+00:00
16034,UPDCREIT,2026-03-11,7.5,,,7.5,2094581,2026-03-11T07:00:02.147117+00:00
17750,UPDCREIT,2026-03-12,7.0,,,7.0,3511823,2026-03-12T07:00:02.06753+00:00
20266,UPDCREIT,2026-03-13,7.5,,,7.5,1325309,2026-03-13T07:00:01.993197+00:00
23712,UPDCREIT,2026-03-16,7.35,,,7.35,2313129,2026-03-16T08:30:01.80086+00:00
25543,UPDCREIT,2026-03-17,7.2,,,7.2,3953976,2026-03-17T08:30:01.70448+00:00
27406,UPDCREIT,2026-03-18,7.2,,,7.2,2491254,2026-03-18T08:30:01.732403+00:00
33220,UPDCREIT,2026-03-23,7.0,,,7.0,7255007,2026-03-23T08:30:01.705825+00:00
34798,UPDCREIT,2026-03-24,7.2,,,7.2,2193608,2026-03-24T15:00:01.978259+00:00
34946,UPDCREIT,2026-03-25,7.1,,,7.1,3074143,2026-03-25T15:00:01.528164+00:00
35094,UPDCREIT,2026-03-26,7.0,,,7.0,5042734,2026-03-26T15:00:01.955832+00:00
35242,UPDCREIT,2026-03-27,7.1,,,7.1,4493419,2026-03-27T15:00:02.114662+00:00
278260,UPDCREIT,2026-03-30,7.2,,,7.2,3379023,2026-04-08T04:37:47.74327+00:00
35390,UPDCREIT,2026-03-31,7.0,,,7.0,7689909,2026-03-31T15:00:02.085058+00:00
278500,UPDCREIT,2026-04-01,7.7,,,7.7,1899426,2026-04-08T04:37:52.684906+00:00
35538,UPDCREIT,2026-04-02,8.2,,,8.2,4351052,2026-04-02T15:00:01.864809+00:00
35982,UPDCREIT,2026-04-07,7.5,,,7.5,2832153,2026-04-07T15:00:01.949344+00:00
278879,UPDCREIT,2026-04-08,6.75,,,6.75,4392998,2026-04-08T15:00:01.943007+00:00
279026,UPDCREIT,2026-04-09,7.4,,,7.4,3062263,2026-04-09T15:00:02.085141+00:00
279172,UPDCREIT,2026-04-10,7.95,,,7.95,1858945,2026-04-10T15:00:01.352272+00:00
279318,UPDCREIT,2026-04-13,7.65,,,7.65,1512414,2026-04-13T15:00:02.021173+00:00
279464,UPDCREIT,2026-04-14,7.7,,,7.7,1212092,2026-04-14T15:00:02.477878+00:00
279610,UPDCREIT,2026-04-15,7.75,,,7.75,2235372,2026-04-15T15:00:02.184222+00:00
279756,UPDCREIT,2026-04-16,7.95,,,7.95,3569772,2026-04-16T15:00:02.07143+00:00
279902,UPDCREIT,2026-04-17,8.0,,,8.0,2366129,2026-04-17T15:00:02.06245+00:00
280048,UPDCREIT,2026-04-20,7.75,,,7.75,1209147,2026-04-20T15:00:01.862344+00:00
280194,UPDCREIT,2026-04-21,7.6,,,7.6,1449215,2026-04-21T15:00:02.189846+00:00
280340,UPDCREIT,2026-04-22,7.6,,,7.6,1207814,2026-04-22T15:00:02.200159+00:00
280486,UPDCREIT,2026-04-23,7.55,,,7.55,1593657,2026-04-23T15:00:02.125151+00:00
280632,UPDCREIT,2026-04-24,7.5,,,7.5,1479063,2026-04-24T15:00:02.20649+00:00
280778,UPDCREIT,2026-04-27,7.6,,,7.6,1734242,2026-04-27T15:00:02.034997+00:00
280924,UPDCREIT,2026-04-28,7.35,,,7.35,2952673,2026-04-28T15:00:01.918241+00:00
281070,UPDCREIT,2026-04-29,7.5,,,7.5,2173000,2026-04-29T15:00:02.672724+00:00
281216,UPDCREIT,2026-04-30,7.5,,,7.5,2170888,2026-04-30T15:00:02.170664+00:00
281508,UPDCREIT,2026-05-04,7.5,,,7.5,2193628,2026-05-04T15:00:02.156928+00:00
281654,UPDCREIT,2026-05-05,7.55,,,7.55,995020,2026-05-05T15:00:01.930748+00:00
281800,UPDCREIT,2026-05-06,7.9,,,7.9,2074137,2026-05-06T15:00:01.919787+00:00
281946,UPDCREIT,2026-05-07,8.0,,,8.0,2284796,2026-05-07T15:00:01.995523+00:00
282092,UPDCREIT,2026-05-08,8.7,,,8.7,6385683,2026-05-08T15:00:02.118161+00:00
282238,UPDCREIT,2026-05-11,9.1,,,9.1,2545311,2026-05-11T15:00:02.243132+00:00
282384,UPDCREIT,2026-05-12,9.85,,,9.85,4230526,2026-05-12T15:00:02.325735+00:00
282530,UPDCREIT,2026-05-13,10.8,,,10.8,5245565,2026-05-13T15:00:01.887561+00:00
282676,UPDCREIT,2026-05-14,11.85,,,11.85,13190166,2026-05-14T15:00:01.952989+00:00
282822,UPDCREIT,2026-05-15,11.85,,,11.85,3462142,2026-05-15T15:00:01.871578+00:00
282968,UPDCREIT,2026-05-18,10.1,,,10.1,2947205,2026-05-18T15:00:01.868607+00:00
283114,UPDCREIT,2026-05-19,10.15,,,10.15,1684044,2026-05-19T15:00:01.863653+00:00
283260,UPDCREIT,2026-05-20,10.15,,,10.15,857010,2026-05-20T15:00:01.871845+00:00
283406,UPDCREIT,2026-05-21,10.15,,,10.15,949873,2026-05-21T15:00:01.939198+00:00
283552,UPDCREIT,2026-05-22,10.15,,,10.15,1788281,2026-05-22T15:00:02.031345+00:00
283698,UPDCREIT,2026-05-25,10.55,,,10.55,1374676,2026-05-25T15:00:01.979384+00:00
283844,UPDCREIT,2026-05-26,10.9,,,10.9,1603829,2026-05-26T15:00:01.996051+00:00
284282,UPDCREIT,2026-05-29,10.85,,,10.85,1114221,2026-05-29T15:00:02.455558+00:00
284428,UPDCREIT,2026-06-01,10.7,,,10.7,1251263,2026-06-01T15:00:02.603507+00:00
284574,UPDCREIT,2026-06-02,10.7,,,10.7,1302563,2026-06-02T15:00:02.980523+00:00
284720,UPDCREIT,2026-06-03,10.7,,,10.7,1332604,2026-06-03T15:00:03.023028+00:00
284866,UPDCREIT,2026-06-04,10.1,,,10.1,827969,2026-06-04T15:00:03.321931+00:00
285012,UPDCREIT,2026-06-05,10.1,,,10.1,975666,2026-06-05T15:00:03.073061+00:00
285158,UPDCREIT,2026-06-08,11.0,,,11.0,1446039,2026-06-08T15:00:03.135386+00:00
285304,UPDCREIT,2026-06-09,11.0,,,11.0,805251,2026-06-09T15:00:03.53749+00:00
285450,UPDCREIT,2026-06-10,10.8,,,10.8,2370005,2026-06-10T15:10:03.084397+00:00
285888,UPDCREIT,2026-06-11,11.0,,,11.0,1548241,2026-06-11T15:10:02.991492+00:00
287640,UPDCREIT,2026-06-15,10.8,,,10.8,1607744,2026-06-15T15:10:02.896252+00:00
288516,UPDCREIT,2026-06-16,11.0,,,11.0,848086,2026-06-16T15:10:02.87997+00:00
289392,UPDCREIT,2026-06-17,10.5,,,10.5,1995143,2026-06-17T15:10:02.980097+00:00
289830,UPDCREIT,2026-06-18,10.5,,,10.5,1009598,2026-06-18T15:10:02.932064+00:00
290414,UPDCREIT,2026-06-19,10.0,,,10.0,2513352,2026-06-19T15:10:02.959085+00:00
291144,UPDCREIT,2026-06-22,10.0,,,10.0,2213226,2026-06-22T15:10:03.140564+00:00
291728,UPDCREIT,2026-06-23,9.8,,,9.8,1612023,2026-06-23T15:10:03.017319+00:00
292312,UPDCREIT,2026-06-24,10.0,,,10.0,3301395,2026-06-24T15:10:03.053149+00:00
292896,UPDCREIT,2026-06-25,10.0,,,10.0,791747,2026-06-25T15:10:02.973562+00:00
293334,UPDCREIT,2026-06-26,10.0,,,10.0,889497,2026-06-26T15:10:03.012808+00:00
293772,UPDCREIT,2026-06-29,9.75,,,9.75,1130168,2026-06-29T15:10:03.028054+00:00
294210,UPDCREIT,2026-06-30,9.75,,,9.75,784995,2026-06-30T15:10:03.08168+00:00
294648,UPDCREIT,2026-07-01,9.1,,,9.1,1393181,2026-07-01T15:10:03.133226+00:00
295086,UPDCREIT,2026-07-02,8.7,,,8.7,1790636,2026-07-02T15:10:03.065554+00:00
295524,UPDCREIT,2026-07-03,8.7,,,8.7,657471,2026-07-03T15:10:03.019266+00:00
295962,UPDCREIT,2026-07-06,8.7,,,8.7,363090,2026-07-06T15:10:03.100823+00:00
296400,UPDCREIT,2026-07-07,9.5,,,9.5,1538560,2026-07-07T15:10:03.687653+00:00
296838,UPDCREIT,2026-07-08,10.4,,,10.4,1198136,2026-07-08T15:10:02.922872+00:00
297277,UPDCREIT,2026-07-09,10.4,,,10.4,1624295,2026-07-09T15:10:03.041812+00:00
297715,UPDCREIT,2026-07-10,10.65,,,10.65,1361797,2026-07-10T15:10:03.284445+00:00
298153,UPDCREIT,2026-07-13,10.65,,,10.65,2864470,2026-07-13T15:10:02.995074+00:00
298591,UPDCREIT,2026-07-14,10.65,,,10.65,806851,2026-07-14T15:10:03.094441+00:00
299029,UPDCREIT,2026-07-15,10.65,,,10.65,861008,2026-07-15T15:10:03.078609+00:00
299467,UPDCREIT,2026-07-16,10.65,,,10.65,931163,2026-07-16T15:10:03.113936+00:00
299905,UPDCREIT,2026-07-17,10.65,,,10.65,550379,2026-07-17T15:10:03.053983+00:00
