id,symbol,trade_date,open_price,close_price,volume,created_at,returns_pct,lag_return1,lag_return5,lag_return10,stock_MA_5,stock_MA_20,stock_MA_50,returns_volatility_20,returns_volatility_50,stock_RSI,MACD,MACD_hist,MACD_signal,stock_volume_MA_20
48100,GUINNESS,2017-03-14,68.0,68.0,765532,2026-04-08T02:45:11.088473+00:00,0.02942041776992088,2.984396303590353,4.971475142624304,-3.89705882352942,67.386,64.601,67.2658,3.110620601423953,3.053538151155234,55.34956059748788,-0.05169414015892926,0.7696765300816556,-0.8213706702405849,2192570.6
48192,GUINNESS,2017-03-15,70.0,70.0,776988,2026-04-08T02:45:12.861206+00:00,2.941176470588225,0.02942041776992088,3.9440993788819823,-4.957918898240232,67.998,65.05499999999999,67.0048,2.9101113575579998,3.088608381759382,59.61009970023966,0.27474447555651693,0.8768921166376814,-0.6021476410811645,2216974.25
48284,GUINNESS,2017-03-16,69.99,69.99,75705,2026-04-08T02:45:15.084197+00:00,-0.014285714285722229,2.941176470588225,1.5835076187630692,2.2379649009821367,68.396,65.5045,66.8266,2.9118886928544536,3.013244624029179,59.57948780126014,0.5265725137887642,0.9029761238959431,-0.37640361010717877,2200090.35
48376,GUINNESS,2017-03-17,66.5,66.5,86547,2026-04-08T02:45:17.543831+00:00,-4.986426632376051,-0.014285714285722229,-2.926470588235286,0.0,68.494,65.782,66.5566,3.1782024413915773,3.0789762444198603,49.94046299484393,0.4394682985714269,0.6526975269428845,-0.2132292283714577,2187438.95
48468,GUINNESS,2017-03-20,63.18,63.18,1064010,2026-04-08T02:45:21.873889+00:00,-4.9924812030075145,-4.986426632376051,2.984396303590353,-3.385826771653544,67.534,65.886,66.2202,3.4065708308026057,3.148478476542043,42.84004955623479,0.10137276472796941,0.2516815944795417,-0.15030882975157228,2202925.2
48560,GUINNESS,2017-03-21,60.03,60.03,419776,2026-04-08T02:45:25.078347+00:00,-4.985754985754987,-4.9924812030075145,0.02942041776992088,4.971475142624304,65.94,65.786,65.8208,3.5822203994354815,3.213123942319373,37.40593552724703,-0.41595419500383457,-0.21251629220180984,-0.20343790280202473,2214795.45
48652,GUINNESS,2017-03-22,62.64,62.64,135489,2026-04-08T02:45:26.626215+00:00,4.347826086956519,-4.985754985754987,2.941176470588225,3.9440993788819823,64.46799999999999,65.674,65.5756,3.565579664249572,3.1720690934810976,43.77035454650999,-0.6083219931412458,-0.32390727227137683,-0.28441472086986896,2209976.55
48744,GUINNESS,2017-03-23,60.0,60.0,608409,2026-04-08T02:45:28.377346+00:00,-4.214559386973182,4.347826086956519,-0.014285714285722229,1.5835076187630692,62.46999999999999,65.274,65.3056,3.4796156415055566,3.2127166641837386,39.40585484455312,-0.962703350734472,-0.5426309038916823,-0.4200724468427896,2205684.05
48836,GUINNESS,2017-03-24,60.0,60.0,3070061,2026-04-08T02:45:30.775015+00:00,0.0,-4.214559386973182,-4.986426632376051,-2.926470588235286,61.169999999999995,64.874,65.0452,3.4796156415055566,3.212804813053006,39.405854844553126,-1.2293815841680882,-0.6474473098602388,-0.5819342743078494,1927487.65
48928,GUINNESS,2017-03-27,60.03,60.03,103883,2026-04-08T02:45:34.704999+00:00,0.04999999999999449,0.0,-4.9924812030075145,2.984396303590353,60.54,64.4755,64.846,3.480061666294313,3.165763385985336,39.48537942981958,-1.4219143131070382,-0.671984031039351,-0.7499302820676872,1862216.8
49020,GUINNESS,2017-03-28,60.07,60.07,2278699,2026-04-08T02:45:36.347457+00:00,0.0666333499916627,0.04999999999999449,-4.985754985754987,0.02942041776992088,60.548,64.2115,64.7074,3.391979929455974,3.1124856905430414,39.59920421266468,-1.5533640088500178,-0.6427469814258645,-0.9106170274241533,1890103.9
49112,GUINNESS,2017-03-29,60.8,60.8,1340085,2026-04-08T02:45:38.731306+00:00,1.2152488763109703,0.0666333499916627,4.347826086956519,2.941176470588225,60.17999999999999,64.14599999999999,64.6504,3.229032536330253,3.0389117366816363,41.75248884653001,-1.580415890029272,-0.535839090084095,-1.044576799945177,1653943.6
49204,GUINNESS,2017-03-30,60.0,60.0,28454,2026-04-08T02:45:40.513553+00:00,-1.3157894736842035,1.2152488763109703,-4.214559386973182,-0.014285714285722229,60.17999999999999,63.97099999999999,64.5694,3.1937003115307365,3.04254003868774,40.06673356501338,-1.6474176101551308,-0.4822726481679629,-1.1651449619871679,1302290.7
49296,GUINNESS,2017-03-31,60.51,60.51,352272,2026-04-08T02:45:42.281198+00:00,0.8499999999999952,-1.3157894736842035,0.0,-4.986426632376051,60.282,63.82149999999999,64.4396,3.2026268072347217,2.9698611405829496,41.68321458339475,-1.6404540847818794,-0.3802472982357692,-1.2602067865461102,1318683.95
49572,GUINNESS,2017-04-03,60.51,60.51,30054,2026-04-08T02:51:07.481095+00:00,0.0,0.8499999999999952,0.04999999999999449,-4.9924812030075145,60.378,63.779500000000006,64.2798,3.113146598642674,2.949762927643917,41.68321458339475,-1.6163036978395198,-0.28487752903472763,-1.3314261688047921,1312547.15
49664,GUINNESS,2017-04-04,60.5,60.5,199581,2026-04-08T02:51:09.86923+00:00,-0.01652619401751876,0.0,0.0666333499916627,-4.985754985754987,60.464,63.584500000000006,64.0698,2.883320485812197,2.8970878623569467,41.657664238480976,-1.579760759946339,-0.1986676729132375,-1.3810930870331015,1106638.95
49756,GUINNESS,2017-04-05,60.5,60.5,126214,2026-04-08T02:51:12.308135+00:00,0.0,-0.01652619401751876,1.2152488763109703,4.347826086956519,60.403999999999996,63.2625,63.8788,2.709417330405968,2.8932763380258013,41.65766423848098,-1.5331272814266512,-0.12162735551483972,-1.4114999259118115,595694.7
49848,GUINNESS,2017-04-06,60.5,60.5,275335,2026-04-08T02:51:14.846493+00:00,0.0,0.0,-1.3157894736842035,-4.214559386973182,60.504,62.8875,63.757799999999996,2.6691123590584684,2.8111698804140683,41.657664238480976,-1.4791195443365623,-0.05409569473980058,-1.4250238495967618,596386.0
49940,GUINNESS,2017-04-07,60.05,60.05,136654,2026-04-08T02:51:17.320635+00:00,-0.7438016528925617,0.0,0.8499999999999952,0.0,60.412,62.5895,63.6608,2.6107442567970938,2.792494262630222,40.27031081987799,-1.4558471629202643,-0.024658650658802017,-1.4311885122614623,598198.55
50032,GUINNESS,2017-04-10,60.05,60.05,85553,2026-04-08T02:51:21.583607+00:00,0.0,-0.7438016528925617,0.0,0.04999999999999449,60.32000000000001,62.193,63.5638,2.4871247842778814,2.792494262630222,40.270310819878,-1.421022964797288,0.008132437971339446,-1.4291554027686275,597965.05
50123,GUINNESS,2017-04-11,60.0,60.0,3321087,2026-04-08T02:51:23.796131+00:00,-0.08326394671106518,0.0,-0.01652619401751876,0.0666333499916627,60.220000000000006,61.793000000000006,63.4808,2.4857786533910025,2.7884686961508796,40.09822534962587,-1.3815336589767497,0.0380973950335024,-1.4196310540102521,725742.8
50214,GUINNESS,2017-04-12,60.0,60.0,1773024,2026-04-08T02:51:26.28287+00:00,0.0,-0.08326394671106518,0.0,1.2152488763109703,60.120000000000005,61.293000000000006,63.4618,2.3488526045322606,2.6975935042314174,40.09822534962588,-1.3348507708384219,0.06782422653746423,-1.402674997375886,775544.6
50305,GUINNESS,2017-04-13,60.0,60.0,134967,2026-04-08T02:51:28.606475+00:00,0.0,0.0,0.0,-1.3157894736842035,60.02,60.79350000000001,63.3912,2.3490874407949196,2.6276930047111424,40.09822534962587,-1.2830638838828747,0.09568889079440912,-1.3787527746772839,778507.7
50396,GUINNESS,2017-04-18,60.0,60.0,673043,2026-04-08T02:51:35.070654+00:00,0.0,0.0,-0.7438016528925617,0.8499999999999952,60.00999999999999,60.468500000000006,63.2612,2.129031137700907,2.536631211845505,40.09822534962587,-1.2278683014090674,0.12070757861457326,-1.3485758800236407,807832.5
50487,GUINNESS,2017-04-19,60.0,60.0,59354,2026-04-08T02:51:37.390681+00:00,0.0,0.0,0.0,0.0,60.0,60.3095,63.136799999999994,1.847550798110907,2.536492615818253,40.09822534962587,-1.1706310980303485,0.14235582559463378,-1.3129869236249823,757599.7
50578,GUINNESS,2017-04-20,60.0,60.0,66000,2026-04-08T02:51:39.751187+00:00,0.0,0.0,-0.08326394671106518,-0.01652619401751876,60.0,60.30800000000001,63.03719999999999,1.4718929452469103,2.5245684132292774,40.09822534962587,-1.11244660993556,0.16043225095153768,-1.2728788608870978,739910.9
50669,GUINNESS,2017-04-21,60.0,60.0,3260903,2026-04-08T02:51:42.059234+00:00,0.0,0.0,0.0,0.0,60.0,60.176,62.937599999999996,1.0608304047615926,2.5245684132292774,40.098225349625885,-1.0541830182950775,0.17495667407361615,-1.2291396923686937,896181.6
50760,GUINNESS,2017-04-24,60.0,60.0,36908,2026-04-08T02:51:46.271638+00:00,0.0,0.0,0.0,0.0,60.0,60.176,62.837599999999995,0.486555744513513,2.5245326716040477,40.09822534962587,-0.9965214234964677,0.1860946150977809,-1.1826160385942486,867606.55
50851,GUINNESS,2017-04-25,60.0,60.0,49838,2026-04-08T02:51:48.506234+00:00,0.0,0.0,0.0,-0.7438016528925617,60.0,60.176,62.73759999999999,0.486555744513513,2.5245326716040477,40.09822534962588,-0.9399885908366272,0.194101958206097,-1.1340905490427242,716595.4
50942,GUINNESS,2017-04-26,60.0,60.0,80178,2026-04-08T02:51:50.787758+00:00,0.0,0.0,0.0,0.0,60.0,60.1745,62.63759999999999,0.48641983504927244,2.5245326716040477,40.098225349625885,-0.8849843647830582,0.19928494740773295,-1.0842693121907911,715410.15
51033,GUINNESS,2017-04-27,60.0,60.0,684890,2026-04-08T02:51:53.168104+00:00,0.0,0.0,0.0,-0.08326394671106518,60.0,60.17100000000001,62.557599999999994,0.4861576322139625,2.516360295886164,40.09822534962588,-0.8318045937748977,0.20197177473271477,-1.0337763685076125,635719.7
51124,GUINNESS,2017-04-28,60.01,60.01,3806401,2026-04-08T02:51:55.619599+00:00,0.01666666666666483,0.0,0.0,0.0,60.001999999999995,60.1315,62.53940000000001,0.39276154970836674,2.4226384037676194,40.213682952091524,-0.7798625555915777,0.20313105033282786,-0.9829936059244055,759035.5
51215,GUINNESS,2017-05-02,60.01,60.01,180641,2026-04-08T02:52:01.291461+00:00,0.0,0.01666666666666483,0.0,0.0,60.004,60.132000000000005,62.5196,0.2598783170767066,2.4225629704708327,40.213682952091524,-0.7302799039597332,0.20217096157173797,-0.9324508655314712,766644.85
51306,GUINNESS,2017-05-03,61.0,61.0,307934,2026-04-08T02:52:03.619408+00:00,1.6497250458257007,0.0,0.0,0.0,60.20399999999999,60.15650000000001,62.520599999999995,0.41348756858001257,2.4337757700848037,51.04710755274838,-0.6041364600434989,0.26265152439037787,-0.8667879844338767,764427.95
51397,GUINNESS,2017-05-04,63.0,63.0,2730966,2026-04-08T02:52:06.041901+00:00,3.2786885245901676,1.6497250458257007,0.0,0.0,60.803999999999995,60.28099999999999,62.5586,0.8332247271277643,2.4766604467562767,64.88879830766214,-0.33887722096333306,0.4223286107764349,-0.761205831739768,899473.55
51488,GUINNESS,2017-05-05,63.0,63.0,708069,2026-04-08T02:52:08.320033+00:00,0.0,3.2786885245901676,0.0,0.0,61.403999999999996,60.40599999999999,62.577999999999996,0.8330015638395867,2.468056184752996,64.88879830766213,-0.12719118212886116,0.5072117196887255,-0.6344029018175866,924897.95
51579,GUINNESS,2017-05-08,63.0,63.0,1972358,2026-04-08T02:52:12.828428+00:00,0.0,0.0,0.01666666666666483,0.0,62.001999999999995,60.53099999999999,62.5404,0.8330015638395867,2.3797711283118534,64.88879830766213,0.04010917515886803,0.5396096615811636,-0.49950048642229566,1017205.15
51670,GUINNESS,2017-05-09,63.0,63.0,606792,2026-04-08T02:52:15.102333+00:00,0.0,0.0,0.0,0.0,62.6,60.65599999999999,62.4404,0.8330015638395867,2.2750524692301886,64.88879830766213,0.1707278690434606,0.5361826843726051,-0.3654548153291445,1033778.0
51761,GUINNESS,2017-05-10,65.0,65.0,1427293,2026-04-08T02:52:17.709352+00:00,3.1746031746031855,0.0,1.6497250458257007,0.0,63.4,60.903499999999994,62.3804,1.0343445739631452,2.3224751008968383,74.56300436325502,0.43066299537419184,0.636894248562669,-0.20623125318847718,1098309.95
51852,GUINNESS,2017-05-11,66.06,66.06,311273,2026-04-08T02:52:19.900179+00:00,1.6307692307692356,3.1746031746031855,3.2786885245901676,0.0,64.012,61.20399999999999,62.34160000000001,1.0648298249750607,2.3348041494244693,78.01971834271313,0.7139664362843234,0.7361581515782405,-0.022191715293917058,1109595.95
51943,GUINNESS,2017-05-12,69.0,69.0,174490,2026-04-08T02:52:22.170941+00:00,4.450499545867381,1.6307692307692356,0.0,0.0,65.212,61.653999999999996,62.4146,1.3752086272562598,2.351106222475552,84.36573541839036,1.1623213664984178,0.9476104654338678,0.2147109010645499,952266.1
52034,GUINNESS,2017-05-15,69.0,69.0,27223,2026-04-08T02:52:26.563035+00:00,0.0,4.450499545867381,0.0,0.01666666666666483,66.412,62.104,62.552400000000006,1.3752086272562598,2.2334939697030722,84.36573541839034,1.500350769184692,1.0285118944961136,0.4718388746885783,864976.05
52126,GUINNESS,2017-05-16,70.0,70.0,410666,2026-04-08T02:52:28.807233+00:00,1.449275362318847,0.0,0.0,0.0,67.812,62.604,62.68240000000001,1.3740077129629862,2.2218151386843905,85.96427987626979,1.8278626856006142,1.0848190487296288,0.7430436368709855,878761.0
52218,GUINNESS,2017-05-17,70.0,70.0,177905,2026-04-08T02:52:31.099411+00:00,0.0,1.449275362318847,3.1746031746031855,1.6497250458257007,68.812,63.104,62.812400000000004,1.3740077129629862,2.2218151386843905,85.9642798762698,2.063629996916788,1.0564690880366419,1.007160908880146,854004.1
52310,GUINNESS,2017-05-18,70.0,70.0,27934,2026-04-08T02:52:33.303088+00:00,0.0,0.0,1.6307692307692356,3.2786885245901676,69.6,63.604,62.9854,1.3740077129629862,2.1604422356337594,85.96427987626979,2.224830824906192,0.9741359328208368,1.2506948920853553,852433.1
52402,GUINNESS,2017-05-19,70.0,70.0,571222,2026-04-08T02:52:35.640534+00:00,0.0,0.0,4.450499545867381,0.0,69.8,64.104,63.09740000000001,1.3740077129629862,2.0521402333763468,85.9642798762698,2.3257735724773028,0.8600629443135579,1.4657106281637449,877694.2
52494,GUINNESS,2017-05-22,70.0,70.0,22417,2026-04-08T02:52:39.854932+00:00,0.0,0.0,0.0,0.0,70.0,64.604,63.15860000000001,1.3740077129629862,1.9793112913476645,85.96427987626979,2.3783552285802756,0.7301156803332245,1.648239548247051,715769.9
52586,GUINNESS,2017-05-23,70.0,70.0,27362,2026-04-08T02:52:42.264162+00:00,0.0,0.0,1.449275362318847,0.0,70.0,65.104,63.198600000000006,1.3740077129629862,1.967868694271018,85.96427987626979,2.392447919503354,0.5953666970050422,1.797081222498312,715292.6
52678,GUINNESS,2017-05-24,70.0,70.0,34232,2026-04-08T02:52:44.613941+00:00,0.0,0.0,0.0,3.1746031746031855,70.0,65.604,63.278400000000005,1.3740077129629862,1.919640748634661,85.9642798762698,2.376224837810568,0.4633148922498047,1.9129099455607634,714512.3
52770,GUINNESS,2017-05-25,70.0,70.0,20262,2026-04-08T02:52:46.963191+00:00,0.0,0.0,0.0,1.6307692307692356,70.0,66.104,63.3188,1.3740077129629862,1.8751373699479212,85.96427987626979,2.336434960839753,0.3388200122231919,1.9976149486165613,711516.5
52862,GUINNESS,2017-05-26,70.0,70.0,59594,2026-04-08T02:52:49.347152+00:00,0.0,0.0,0.0,4.450499545867381,70.0,66.604,63.3588,1.3740077129629862,1.8751568854680292,85.96427987626979,2.2786345163658694,0.22481565419944616,2.0538188621664233,680251.7
52954,GUINNESS,2017-05-30,70.0,70.0,829567,2026-04-08T02:52:54.942696+00:00,0.0,0.0,0.0,0.0,70.0,67.1035,63.3588,1.374501608359448,1.8289856945301453,85.9642798762698,2.207381922930594,0.12285044861133665,2.0845314743192573,531410.0
53046,GUINNESS,2017-05-31,71.0,71.0,919675,2026-04-08T02:52:57.421655+00:00,1.4285714285714235,0.0,0.0,1.449275362318847,70.2,67.65299999999999,63.379000000000005,1.3688498519388603,1.8398396556751637,88.44352505610519,2.206173971687221,0.0973139978943709,2.10885997379285,568361.7
53138,GUINNESS,2017-06-01,71.0,71.0,38660,2026-04-08T02:52:59.649981+00:00,0.0,1.4285714285714235,0.0,0.0,70.4,68.15299999999999,63.46900000000001,1.3680250606326785,1.6906163593224623,88.44352505610519,2.1800859874174847,0.056980810899707635,2.123105176517777,554898.0
53230,GUINNESS,2017-06-02,73.0,73.0,160900,2026-04-08T02:53:02.056444+00:00,2.8169014084507005,0.0,0.0,0.0,71.0,68.65299999999999,63.6654,1.326740299240151,1.5621455513710008,91.80227397697692,2.2943465582897034,0.13699310541754084,2.1573534528721625,426394.7
53322,GUINNESS,2017-06-05,73.0,73.0,255675,2026-04-08T02:53:06.428901+00:00,0.0,2.8169014084507005,0.0,0.0,71.6,69.15299999999999,63.924800000000005,1.326740299240151,1.3643804863560591,91.80227397697692,2.357720549049546,0.16029367694190633,2.1974268721076395,403775.0
53414,GUINNESS,2017-06-06,73.0,73.0,247293,2026-04-08T02:53:08.604609+00:00,0.0,0.0,0.0,0.0,72.2,69.65299999999999,64.132,1.326740299240151,1.240644333779679,91.80227397697692,2.3805039258665204,0.14646164300710485,2.2340422828594155,317521.75
53506,GUINNESS,2017-06-07,73.0,73.0,168011,2026-04-08T02:53:10.833265+00:00,0.0,0.0,1.4285714285714235,0.0,72.6,70.15299999999999,64.39200000000001,1.326740299240151,1.0561346686312452,91.80227397697693,2.371225900001008,0.10974689371327395,2.261479006287734,295582.7
53598,GUINNESS,2017-06-08,73.0,73.0,124254,2026-04-08T02:53:13.196386+00:00,0.0,0.0,0.0,0.0,73.0,70.553,64.652,1.205443239034602,1.0561346686312452,91.80227397697692,2.336934274037972,0.060364214200190336,2.276570059837782,230430.75
53690,GUINNESS,2017-06-09,73.0,73.0,144408,2026-04-08T02:53:15.53674+00:00,0.0,0.0,2.8169014084507005,0.0,73.0,70.9,64.9114,1.1862544451576544,1.0564948581410942,91.80227397697692,2.2834358859012696,0.005492660850789921,2.2779432250504796,222087.5
53782,GUINNESS,2017-06-12,73.0,73.0,180868,2026-04-08T02:53:19.709801+00:00,0.0,0.0,0.0,0.0,73.0,71.1,65.17,0.741784515972399,1.0569624794743693,91.80227397697692,2.2154991329633873,-0.04995527366967378,2.265454406633061,222406.4
53874,GUINNESS,2017-06-13,73.0,73.0,182445,2026-04-08T02:53:22.046011+00:00,0.0,0.0,0.0,0.0,73.0,71.3,65.414,0.741784515972399,1.051699318499633,91.80227397697692,2.137024478861477,-0.10274394221726757,2.2397684210787445,230167.5
53966,GUINNESS,2017-06-14,73.0,73.0,216349,2026-04-08T02:53:24.253383+00:00,0.0,0.0,0.0,1.4285714285714235,73.0,71.45,65.674,0.6910917332273139,1.0247283967693996,91.80227397697692,2.051187932441337,-0.1508643909099261,2.202052323351263,220451.65
54058,GUINNESS,2017-06-15,73.0,73.0,286453,2026-04-08T02:53:26.527181+00:00,0.0,0.0,0.0,0.0,73.0,71.6,65.9238,0.6910917332273139,1.0241279791112987,91.80227397697692,1.9605617159304813,-0.19319248593662586,2.153754201867107,225879.05
54150,GUINNESS,2017-06-16,73.0,73.0,41146,2026-04-08T02:53:28.80273+00:00,0.0,0.0,0.0,2.8169014084507005,73.0,71.75,66.17360000000001,0.6910917332273139,1.0241279791112987,91.80227397697692,1.8672156862888727,-0.2292308124625877,2.0964464987514604,226539.65
54242,GUINNESS,2017-06-19,73.0,73.0,69907,2026-04-08T02:53:33.036647+00:00,0.0,0.0,0.0,0.0,73.0,71.9,66.42360000000001,0.6910917332273139,1.0239997093352768,91.80227397697692,1.7728025213413048,-0.25891518192812457,2.0317177032694294,201473.9
54334,GUINNESS,2017-06-20,73.0,73.0,91268,2026-04-08T02:53:35.524675+00:00,0.0,0.0,0.0,0.0,73.0,72.05,66.67360000000001,0.6910917332273139,1.0239997093352768,91.80227397697692,1.6786292152274882,-0.28247079043355305,1.9611000056610413,204916.45
54426,GUINNESS,2017-06-21,73.0,73.0,281712,2026-04-08T02:53:37.865913+00:00,0.0,0.0,0.0,0.0,73.0,72.2,66.92360000000001,0.6910917332273139,1.0239997093352768,91.8022739769769,1.5857170327710577,-0.30030637831198703,1.8860234110830447,217633.95
54518,GUINNESS,2017-06-22,71.5,71.5,654639,2026-04-08T02:53:40.094955+00:00,-2.0547945205479423,0.0,0.0,0.0,72.7,72.275,67.1526,0.8571058037870206,1.0691854058895032,56.83733897222701,1.3751936187921387,-0.40866383383272487,1.7838574526248636,248654.3
54610,GUINNESS,2017-06-23,71.5,71.5,125071,2026-04-08T02:53:42.493578+00:00,0.0,-2.0547945205479423,0.0,0.0,72.4,72.35,67.3816,0.8571058037870206,1.0691854058895032,56.83733897222701,1.1945818999335245,-0.47142044215307144,1.666002342086596,253894.75
54702,GUINNESS,2017-06-28,71.5,71.5,26205,2026-04-08T02:53:49.135881+00:00,0.0,0.0,0.0,0.0,72.1,72.425,67.61160000000001,0.8571058037870206,1.0685532826920578,56.83733897222701,1.039463523050756,-0.5012310552286721,1.5406945782794281,252225.3
54794,GUINNESS,2017-06-29,71.5,71.5,110970,2026-04-08T02:53:51.51214+00:00,0.0,0.0,0.0,0.0,71.8,72.5,67.84160000000001,0.8571058037870206,1.0685532826920578,56.837338972227,0.9060862930366085,-0.5076866281942558,1.4137729212308643,216295.45
54886,GUINNESS,2017-06-30,71.5,71.5,62893,2026-04-08T02:53:53.827964+00:00,0.0,0.0,0.0,0.0,71.5,72.525,68.0716,0.798949103219709,1.0685532826920578,56.83733897222701,0.7912626935322322,-0.49800818215890574,1.289270875691138,173456.35
54978,GUINNESS,2017-07-03,67.93,67.93,151006,2026-04-08T02:53:58.279599+00:00,-4.993006993006988,0.0,-2.0547945205479423,0.0,70.786,72.3715,68.23020000000001,1.3801641228463706,1.3088646501286436,24.57251599538554,0.40749762048996274,-0.7054186041609403,1.112916224650903,179073.65
55070,GUINNESS,2017-07-04,64.54,64.54,476902,2026-04-08T02:54:00.563227+00:00,-4.990431326365375,-4.993006993006988,0.0,0.0,69.394,71.9485,68.321,1.5696253606254458,1.5045114872828793,15.547180483482308,-0.1682442187367741,-1.0249283547101418,0.8566841359733677,194873.75
55162,GUINNESS,2017-07-05,63.0,63.0,348198,2026-04-08T02:54:02.831513+00:00,-2.386117136659449,-4.990431326365375,0.0,0.0,67.694,71.4485,68.381,1.6115890418200767,1.5468455284912823,13.179059648870549,-0.740255697119693,-1.2775518664744485,0.5372961693547555,199499.9
55254,GUINNESS,2017-07-06,62.0,62.0,417449,2026-04-08T02:54:05.078114+00:00,-1.5873015873015928,-2.386117136659449,0.0,0.0,65.79400000000001,70.8985,68.421,1.613285895076653,1.565315033114494,11.910406860558346,-1.2597489557146275,-1.4376361000555065,0.17788714434087893,208007.7
55346,GUINNESS,2017-07-07,62.0,62.0,34872,2026-04-08T02:54:07.286065+00:00,0.0,-1.5873015873015928,0.0,0.0,63.894000000000005,70.3485,68.461,1.613285895076653,1.565315033114494,11.910406860558346,-1.6524032300472555,-1.4642322995105075,-0.188170930536748,201350.75
55438,GUINNESS,2017-07-10,62.0,62.0,34725,2026-04-08T02:54:11.798817+00:00,0.0,0.0,-4.993006993006988,-2.0547945205479423,62.708000000000006,69.7985,68.501,1.613285895076653,1.565315033114494,11.910406860558345,-1.941207539224692,-1.4024292869503552,-0.5387782522743367,196874.3
55530,GUINNESS,2017-07-11,60.0,60.0,226070,2026-04-08T02:54:14.116532+00:00,-3.2258064516129004,0.0,-4.990431326365375,0.0,61.8,69.1485,68.501,1.6885313334115895,1.6335714273220359,9.601606832870413,-2.304900857933802,-1.4128980845275723,-0.8920027734062299,200957.4
55622,GUINNESS,2017-07-12,60.0,60.0,65856,2026-04-08T02:54:16.498015+00:00,0.0,-3.2258064516129004,-2.386117136659449,0.0,61.2,68.4985,68.501,1.6885313334115895,1.6335714273220359,9.601606832870415,-2.563579089310636,-1.337261052723525,-1.2263180365871111,195206.8
55709,GUINNESS,2017-07-13,63.0,63.0,220927,2026-04-08T02:54:18.840036+00:00,5.000000000000004,0.0,-1.5873015873015928,0.0,61.4,67.9985,68.5608,2.146482461856446,1.7793088841400113,32.39853988330873,-2.4977164034741293,-1.0171186935096144,-1.480597709964515,197130.9
55796,GUINNESS,2017-07-14,63.0,63.0,90960,2026-04-08T02:54:21.336813+00:00,0.0,5.000000000000004,0.0,0.0,61.6,67.4985,68.62060000000001,2.146482461856446,1.7793088841400113,32.39853988330873,-2.4176505794885514,-0.7496422956192292,-1.6680082838693222,190861.45
55888,GUINNESS,2017-07-17,63.0,63.0,215284,2026-04-08T02:54:25.561903+00:00,0.0,0.0,0.0,-4.993006993006988,61.8,66.9985,68.6606,2.146482461856446,1.765469946813662,32.398539883308736,-2.3273693717563972,-0.5274888703096601,-1.7998805014467372,187303.0
55980,GUINNESS,2017-07-18,63.0,63.0,63682,2026-04-08T02:54:28.120242+00:00,0.0,0.0,-3.2258064516129004,-4.990431326365375,62.4,66.4985,68.6606,2.146482461856446,1.7040530886018104,32.39853988330873,-2.230113503912044,-0.34418640197224537,-1.8859271019397985,188429.8
56072,GUINNESS,2017-07-19,66.1,66.1,2050286,2026-04-08T02:54:30.645734+00:00,4.920634920634903,0.0,0.0,-2.386117136659449,63.620000000000005,66.15350000000001,68.7226,2.487316257719123,1.8398872866508063,49.94358914867322,-1.8812080404566416,0.00377524918652572,-1.8849832896431673,287448.75
56164,GUINNESS,2017-07-20,66.1,66.1,58723,2026-04-08T02:54:33.025266+00:00,0.0,4.920634920634903,5.000000000000004,-1.5873015873015928,64.24,65.80850000000001,68.7846,2.487316257719123,1.8398872866508063,49.94358914867322,-1.5864107908496266,0.2388579990348325,-1.825268789884459,285821.5
56256,GUINNESS,2017-07-21,66.1,66.1,136834,2026-04-08T02:54:35.480817+00:00,0.0,0.0,0.0,0.0,64.85999999999999,65.4635,68.84660000000001,2.487316257719123,1.8398872866508063,49.943589148673226,-1.3373655292959796,0.3903226084707836,-1.7276881377667632,278577.6
56348,GUINNESS,2017-07-24,66.1,66.1,69298,2026-04-08T02:54:39.934321+00:00,0.0,0.0,0.0,0.0,65.47999999999999,65.1935,68.8686,2.4605222734960046,1.7860560331817754,49.94358914867322,-1.1270039650668195,0.480547338159955,-1.6075513032267745,249310.55
56440,GUINNESS,2017-07-26,66.1,66.1,74671,2026-04-08T02:54:43.20598+00:00,0.0,0.0,0.0,-3.2258064516129004,66.1,64.9235,68.8694,2.4605222734960046,1.7714149203876932,49.94358914867321,-0.9493474236899431,0.5265631036294653,-1.4759105273194084,246790.55
56532,GUINNESS,2017-07-27,66.0,66.0,2228328,2026-04-08T02:54:45.547579+00:00,-0.1512859304084624,0.0,4.920634920634903,0.0,66.08,64.6485,68.8094,2.459579618501159,1.6518544441174743,49.34517080830897,-0.8073162596631533,0.5348754141250041,-1.3421916737881574,356896.7
56624,GUINNESS,2017-07-28,65.05,65.05,209789,2026-04-08T02:54:47.918804+00:00,-1.4393939393939403,-0.1512859304084624,0.0,5.000000000000004,65.86999999999999,64.326,68.7304,2.4692029426241784,1.6630172715568994,43.9567775763839,-0.7626215726374568,0.46365608092056076,-1.2262776535580175,361837.65
56716,GUINNESS,2017-07-31,65.05,65.05,169222,2026-04-08T02:54:52.464984+00:00,0.0,-1.4393939393939403,0.0,0.0,65.66,64.0035,68.6314,2.4692029426241784,1.6479492518064511,43.9567775763839,-0.7189135235701798,0.4058913039902703,-1.12480482756045,367154.1
56808,GUINNESS,2017-08-01,66.55,66.55,5610020,2026-04-08T02:54:54.790805+00:00,2.305918524212136,0.0,0.0,0.0,65.75,63.9345,68.5624,2.294469918649149,1.683633698300807,53.295910482119474,-0.55681845921751,0.45438909467435207,-1.0112075538918621,640104.8
56900,GUINNESS,2017-08-02,69.87,69.87,1133754,2026-04-08T02:54:57.117603+00:00,4.988730277986497,2.305918524212136,0.0,0.0,66.50399999999999,64.201,68.5598,2.2546050965188784,1.8303308438385497,66.57320749801953,-0.15863208732619682,0.6820603732525323,-0.8406924605787292,672947.4
56992,GUINNESS,2017-08-03,72.0,72.0,449809,2026-04-08T02:54:59.3729+00:00,3.04851867754401,4.988730277986497,-0.1512859304084624,4.920634920634903,67.704,64.651,68.5998,2.225757115758937,1.880001594161351,72.0609381027061,0.32505959535019713,0.932601644743141,-0.6075420493929439,678027.95
57084,GUINNESS,2017-08-04,72.0,72.0,377545,2026-04-08T02:55:01.592641+00:00,0.0,3.04851867754401,-1.4393939393939403,0.0,69.09400000000001,65.151,68.6398,2.167710350175636,1.880001594161351,72.0609381027061,0.7003159325428214,1.0462863855486124,-0.3459704530057909,676032.75
57176,GUINNESS,2017-08-07,72.0,72.0,23708,2026-04-08T02:55:06.418828+00:00,0.0,0.0,0.0,0.0,70.48400000000001,65.651,68.6798,2.167710350175636,1.880001594161351,72.06093810270612,0.9863393769809932,1.0658478639894273,-0.07950848700843408,675474.55
57268,GUINNESS,2017-08-08,79.38,79.38,232003,2026-04-08T02:55:08.763983+00:00,10.250000000000004,0.0,2.305918524212136,0.0,73.05,66.52000000000001,68.8674,3.0197269927313557,2.3674574210943886,83.66559345780486,1.7879094331421612,1.4939343361204762,0.293975097021685,685338.45
57360,GUINNESS,2017-08-09,87.5,87.5,562436,2026-04-08T02:55:11.057796+00:00,10.229276895943574,10.250000000000004,4.988730277986497,0.0,76.576,67.89500000000001,69.2174,3.4325119947888383,2.7534134756759197,89.0531674917962,3.043294412377932,2.1994554522849974,0.8438389600929346,702156.75
57452,GUINNESS,2017-08-10,91.0,91.0,1082515,2026-04-08T02:55:13.401484+00:00,4.0000000000000036,10.229276895943574,3.04851867754401,-0.1512859304084624,80.376,69.44500000000001,69.6374,3.4289761669937224,2.7968544151365293,90.5066391805542,4.27137900394581,2.7420320350823006,1.5293469688635097,752989.7
57544,GUINNESS,2017-08-11,91.5,91.5,3090107,2026-04-08T02:55:15.670877+00:00,0.5494505494505475,4.0000000000000036,0.0,-1.4393939393939403,84.276,70.87,70.06739999999999,3.378853656928702,2.7956755385988488,90.69667820405435,5.224762897579396,2.956332742972709,2.268430154606687,896448.7
57636,GUINNESS,2017-08-14,90.0,90.0,380417,2026-04-08T02:55:20.026285+00:00,-1.6393442622950838,0.5494505494505475,0.0,0.0,87.876,72.22,70.4474,3.447455441210484,2.8101704976844157,85.18728799414407,5.792516513416757,2.819269087048056,2.973247426368701,910921.55
57728,GUINNESS,2017-08-15,89.89,89.89,1174895,2026-04-08T02:55:22.633816+00:00,-0.12222222222222356,-1.6393442622950838,10.250000000000004,2.305918524212136,89.978,73.5645,70.8252,3.4510197493866195,2.810678809806931,84.78056887565434,6.162551209432735,2.551443026451227,3.611108182981508,958902.1
57820,GUINNESS,2017-08-16,87.96,87.96,1257140,2026-04-08T02:55:24.979188+00:00,-2.147068639448224,-0.12222222222222356,10.229276895943574,4.988730277986497,90.07,74.8125,71.1244,3.5436522185862405,2.8152107611071444,77.76514244965567,6.228275815035772,2.093734105643411,4.134541709392361,1018575.0
57912,GUINNESS,2017-08-17,85.0,85.0,1149870,2026-04-08T02:55:27.3994+00:00,-3.3651659845384208,-2.147068639448224,4.0000000000000036,3.04851867754401,88.86999999999999,75.75750000000001,71.36439999999999,3.6353518923302177,2.865024722806573,68.41481177704321,5.972666593613241,1.4704999073767038,4.502166686236537,973554.2
58004,GUINNESS,2017-08-18,85.0,85.0,258472,2026-04-08T02:55:29.67842+00:00,0.0,-3.3651659845384208,0.5494505494505475,0.0,87.57,76.7025,71.6044,3.6353518923302177,2.865024722806573,68.41481177704321,5.704338382030187,0.9617373566349201,4.742601025395267,983541.65
58096,GUINNESS,2017-08-21,85.0,85.0,706905,2026-04-08T02:55:34.023067+00:00,0.0,0.0,-1.6393442622950838,0.0,86.57,77.64750000000001,71.8444,3.6353518923302177,2.865024722806573,68.41481177704321,5.429103021023195,0.5492015965023427,4.8799014245208525,1012045.2
58188,GUINNESS,2017-08-22,84.5,84.5,4203862,2026-04-08T02:55:36.334754+00:00,-0.588235294117645,0.0,-0.12222222222222356,10.250000000000004,85.49199999999999,78.5675,72.0744,3.6489931099113067,2.867671854142477,66.72224811672774,5.11170662113426,0.18544415729072572,4.926262463843535,1218773.4
58280,GUINNESS,2017-08-23,84.5,84.5,163757,2026-04-08T02:55:38.717606+00:00,0.0,-0.588235294117645,-2.147068639448224,10.229276895943574,84.8,79.4875,72.3044,3.6489931099113067,2.867671854142477,66.72224811672774,4.804781161151354,-0.09718504215374502,4.901966203305099,1223227.7
58372,GUINNESS,2017-08-24,82.0,82.0,416246,2026-04-08T02:55:41.242089+00:00,-2.9585798816568087,0.0,-3.3651659845384208,4.0000000000000036,84.2,80.2875,72.4844,3.7599020246872707,2.9049446168189736,58.35112919453902,4.310126955624554,-0.4734713981444365,4.783598353768991,1132623.6
58464,GUINNESS,2017-08-25,81.5,81.5,2374688,2026-04-08T02:55:43.579232+00:00,-0.6097560975609762,-2.9585798816568087,0.0,0.5494505494505475,83.5,81.11,72.6544,3.7342545560172664,2.9073924061988925,56.81581673642223,3.8335730686092546,-0.7600202281277895,4.593593296737044,1240868.55
58556,GUINNESS,2017-08-28,78.07,78.07,932504,2026-04-08T02:55:48.020598+00:00,-4.208588957055226,-0.6097560975609762,0.0,-1.6393442622950838,82.114,81.761,72.7558,3.919258102402024,2.9752234332195995,47.56921249563021,3.142898962615959,-1.1605554672968683,4.3034544299128275,1279032.65
58648,GUINNESS,2017-08-29,76.98,76.98,1009498,2026-04-08T02:55:50.281022+00:00,-1.3961829127705716,-4.208588957055226,-0.588235294117645,-0.12222222222222356,80.61,82.2825,72.83539999999999,3.9410339165951167,2.983454326543667,45.059541204933026,2.4790044469503982,-1.4595599863699436,3.938564433320342,1049006.55
58740,GUINNESS,2017-08-30,75.0,75.0,699485,2026-04-08T02:55:52.499005+00:00,-2.5720966484801266,-1.3961829127705716,0.0,-2.147068639448224,78.71000000000001,82.539,72.8754,3.880408274993421,3.0081410066584873,40.844095152041795,1.7726596902671048,-1.7327237944425895,3.5053834847096943,1027293.1
58832,GUINNESS,2017-08-31,75.5,75.5,774615,2026-04-08T02:55:54.947048+00:00,0.6666666666666599,-2.5720966484801266,-2.9585798816568087,-3.3651659845384208,77.41,82.714,72.9254,3.8318509097489946,3.009178934080425,42.31178196383384,1.238940468475164,-1.8131544129876245,3.0520948814627884,1043533.4
58924,GUINNESS,2017-09-05,79.27,79.27,397940,2026-04-08T02:56:01.572419+00:00,4.993377483443706,0.6666666666666599,-0.6097560975609762,0.0,76.964,83.0775,73.0508,3.9711169682668483,3.087283255365834,51.98494949309997,1.1074061440686336,-1.5557509899153241,2.6631571339839577,1044553.15
59016,GUINNESS,2017-09-06,87.39,87.39,396150,2026-04-08T02:56:03.885356+00:00,10.243471679071536,4.993377483443706,-4.208588957055226,0.0,78.828,83.84700000000001,73.3386,4.518712971117451,3.39734413434766,65.4303987472561,1.6394814609117674,-0.8189405384577522,2.4584219993695196,1063175.25
59108,GUINNESS,2017-09-07,96.33,96.33,1445764,2026-04-08T02:56:06.19045+00:00,10.230003432887047,10.243471679071536,-1.3961829127705716,-0.588235294117645,82.69800000000001,84.69449999999999,73.8352,4.516575695901879,3.649898661628057,74.04723343638695,2.7508284303938666,0.23392514481947746,2.516903285574389,1123863.3
59200,GUINNESS,2017-09-11,95.8,95.8,443369,2026-04-08T02:56:11.370569+00:00,-0.5501920481677525,10.230003432887047,-2.5720966484801266,0.0,86.85799999999999,85.1095,74.3212,3.976312011908824,3.6527601051723955,72.88731256561125,3.5479141936018266,0.8248087264219497,2.723105467179877,1117909.95
59292,GUINNESS,2017-09-12,95.5,95.5,346378,2026-04-08T02:56:13.892416+00:00,-0.31315240083507057,-0.5501920481677525,0.6666666666666599,-2.9585798816568087,90.85799999999999,85.33449999999999,74.8012,3.894110342343777,3.6541653754236223,72.19790791690241,4.108047891914595,1.107953939787774,3.0000939521268206,1081103.1
59384,GUINNESS,2017-09-13,95.4,95.4,622479,2026-04-08T02:56:16.312215+00:00,-0.10471204188481353,-0.31315240083507057,4.993377483443706,-0.6097560975609762,94.084,85.5295,75.27919999999999,3.894745955035776,3.65457176501703,71.95359961571505,4.492106511482547,1.1936100474845803,3.2984964639979664,957721.7
59476,GUINNESS,2017-09-14,95.4,95.4,196864,2026-04-08T02:56:18.601168+00:00,0.0,-0.10471204188481353,10.243471679071536,-4.208588957055226,95.68599999999999,85.7995,75.7572,3.8694407934546144,3.65457176501703,71.95359961571504,4.741815042352243,1.1546548626834214,3.587160179668822,948544.05
59568,GUINNESS,2017-09-15,96.65,96.65,502944,2026-04-08T02:56:20.93666+00:00,1.3102725366876289,0.0,10.230003432887047,-1.3961829127705716,95.75,86.1375,76.3316,3.8733033313598995,3.5638296251898747,73.26510901650293,4.983132950670637,1.1167782168014515,3.8663547338691853,914946.5
59660,GUINNESS,2017-09-16,96.65,96.65,271236,2026-04-08T02:56:23.148937+00:00,0.0,1.3102725366876289,-0.5501920481677525,-2.5720966484801266,95.92,86.572,76.9738,3.8275577138094152,3.4678678324588366,73.26510901650293,5.115411848063445,0.9992456913554078,4.116166156708037,865651.3
59752,GUINNESS,2017-09-19,96.8,96.8,430170,2026-04-08T02:56:27.358465+00:00,0.15519917227106994,0.0,-0.31315240083507057,0.6666666666666599,96.18,87.162,77.6498,3.7179501709992544,3.437701636639382,73.43797362806554,5.1727196810855816,0.845242819502035,4.327476861583547,829666.3
59844,GUINNESS,2017-09-20,96.8,96.8,253966,2026-04-08T02:56:29.683375+00:00,0.0,0.15519917227106994,-0.10471204188481353,4.993377483443706,96.46000000000001,87.752,78.3458,3.7179501709992544,3.421381873998492,73.43797362806554,5.158670608027876,0.6649549971554629,4.493715610872413,829441.0
59936,GUINNESS,2017-09-21,99.28,99.28,508799,2026-04-08T02:56:31.851594+00:00,2.5619834710743916,0.0,0.0,10.243471679071536,97.23599999999999,88.466,79.09140000000001,3.736114593365532,3.426045453207706,76.36791845396147,5.286709988304267,0.634395501945483,4.652314486358784,819535.7
60028,GUINNESS,2017-09-22,99.28,99.28,79109,2026-04-08T02:56:34.007646+00:00,0.0,2.5619834710743916,1.3102725366876289,10.230003432887047,97.762,89.205,79.837,3.726557865911315,3.426045453207706,76.36791845396147,5.3267783348079405,0.5395710787593249,4.787207256048616,613298.05
60120,GUINNESS,2017-09-25,98.64,98.64,50708,2026-04-08T02:56:38.385386+00:00,-0.6446414182111226,0.0,0.0,-0.5501920481677525,98.16,89.912,80.60979999999999,3.737272952698242,3.3801925118904657,73.92729536046886,5.246412756315863,0.36736440021379746,4.879048356102065,607645.6
60212,GUINNESS,2017-09-26,98.64,98.64,159388,2026-04-08T02:56:40.657356+00:00,0.0,-0.6446414182111226,0.15519917227106994,-0.31315240083507057,98.52799999999999,90.744,81.3826,3.6361836238956795,3.3801925118904657,73.92729536046886,5.123660092183144,0.19568938886486276,4.927970703318281,594802.7
60304,GUINNESS,2017-09-27,98.64,98.64,114305,2026-04-08T02:56:42.968732+00:00,0.0,0.0,0.0,-0.10471204188481353,98.896,91.601,82.09540000000001,3.624619211856182,3.334690716547402,73.92729536046886,4.9690970636782055,0.03290108828793947,4.936195975390266,481783.55
60396,GUINNESS,2017-09-28,98.64,98.64,165002,2026-04-08T02:56:45.128996+00:00,0.0,0.0,2.5619834710743916,0.0,98.768,92.62950000000001,82.8082,3.4216655212524634,3.334690716547402,73.92729536046886,4.79137278705835,-0.11585855066553297,4.907231337723883,443408.45
60488,GUINNESS,2017-09-29,95.01,95.01,183630,2026-04-08T02:56:47.398677+00:00,-3.6800486618004835,0.0,0.0,1.3102725366876289,97.914,93.531,83.4484,3.549606905264017,3.39619527533945,59.43606671003033,4.307954931734457,-0.479421124791541,4.787376056525998,402115.05
60580,GUINNESS,2017-10-03,98.5,98.5,2383636,2026-04-08T02:56:52.779733+00:00,3.673297547626553,-3.6800486618004835,-0.6446414182111226,0.0,97.886,94.706,84.1584,3.4822621796885644,3.416456824332342,66.27981234339896,4.158519803697388,-0.5030850022628881,4.661604805960276,486322.6
60672,GUINNESS,2017-10-04,98.5,98.5,353875,2026-04-08T02:56:55.065177+00:00,0.0,3.673297547626553,0.0,0.15519917227106994,97.85799999999999,95.85600000000001,84.8064,3.4930980787553825,3.37038659590318,66.27981234339896,3.9940504606062603,-0.5340434762832125,4.528093936889473,465285.6
60764,GUINNESS,2017-10-05,98.5,98.5,437567,2026-04-08T02:56:57.377802+00:00,0.0,0.0,0.0,0.0,97.83,96.81750000000001,85.4544,3.399469069585007,3.37038659590318,66.27981234339896,3.8196764686048965,-0.5667339746276614,4.386410443232558,467266.95
60856,GUINNESS,2017-10-06,98.5,98.5,257554,2026-04-08T02:56:59.661092+00:00,0.0,0.0,0.0,2.5619834710743916,97.80199999999999,97.373,86.1024,2.644108068093972,3.37038659590318,66.27981234339896,3.639529592038528,-0.5975046809552236,4.237034272993752,460337.15
60948,GUINNESS,2017-10-09,98.5,98.5,1031974,2026-04-08T02:57:04.043492+00:00,0.0,0.0,-3.6800486618004835,0.0,98.5,97.48150000000001,86.75040000000001,1.3741583345414243,3.37038659590318,66.27981234339897,3.456912756072981,-0.6240972135366167,4.081009969609598,439647.65
61040,GUINNESS,2017-10-10,98.5,98.5,49509,2026-04-08T02:57:06.326055+00:00,0.0,0.0,3.673297547626553,-0.6446414182111226,98.5,97.6165,87.3984,1.3655070005236791,3.37038659590318,66.27981234339896,3.27444187027578,-0.6452544794670545,3.9196963497428343,419954.65
61132,GUINNESS,2017-10-11,99.25,99.25,2272402,2026-04-08T02:57:08.620281+00:00,0.761421319796951,0.0,0.0,0.0,98.65,97.804,88.0634,1.367549871350788,3.3672993143329895,68.08488288515719,3.153993833024117,-0.6125620133749741,3.766555846399091,516255.85
61224,GUINNESS,2017-10-12,99.25,99.25,117584,2026-04-08T02:57:10.950839+00:00,0.0,0.761421319796951,0.0,0.0,98.8,97.9965,88.7474,1.366515344367024,3.3532540086275744,68.0848828851572,3.023682763006164,-0.5942984667143416,3.6179812297205056,491011.1
61316,GUINNESS,2017-10-13,100.0,100.0,2747944,2026-04-08T02:57:13.525709+00:00,0.7556675062972307,0.0,0.0,0.0,99.1,98.22650000000002,89.4464,1.3709340848158469,3.3508106778034104,69.95045265990375,2.946958331932194,-0.5368183182306496,3.4837766501628438,618565.1
61408,GUINNESS,2017-10-16,100.0,100.0,292199,2026-04-08T02:57:17.895676+00:00,0.0,0.7556675062972307,0.0,-3.6800486618004835,99.4,98.394,90.11540000000001,1.3484538203411338,3.3471634692561394,69.95045265990375,2.8532630274505095,-0.5044108981698678,3.3576739256203774,608027.85
61500,GUINNESS,2017-10-17,100.75,100.75,2893574,2026-04-08T02:57:20.31307+00:00,0.7500000000000062,0.0,0.0,3.673297547626553,99.85,98.599,90.73299999999999,1.353628369390955,3.293982537937808,71.85826350553353,2.8071682672161273,-0.4404045267234,3.2475727939395274,739144.75
61592,GUINNESS,2017-10-18,101.0,101.0,1293272,2026-04-08T02:57:22.526226+00:00,0.2481389578163684,0.7500000000000062,0.761421319796951,0.0,100.2,98.809,91.31299999999999,1.3535658573052152,3.2784914192239576,72.48534626310473,2.7590066372066815,-0.39085292538627714,3.1498595625929586,782299.85
61684,GUINNESS,2017-10-19,101.0,101.0,78857,2026-04-08T02:57:24.865827+00:00,0.0,0.2481389578163684,0.0,0.0,100.55,99.019,91.89299999999999,1.3535658573052152,3.2784914192239576,72.48534626310473,2.6898314953222666,-0.36802245381655396,3.0578539491388206,773544.4
61776,GUINNESS,2017-10-20,101.0,101.0,1151678,2026-04-08T02:57:27.091081+00:00,0.0,0.0,0.7556675062972307,0.0,100.75,99.105,92.473,1.2365616642668065,3.2784914192239576,72.48534626310473,2.6049810964633053,-0.3622982821404124,2.9672793786037177,805688.35
61868,GUINNESS,2017-10-23,100.35,100.35,933214,2026-04-08T02:57:31.703062+00:00,-0.6435643564356441,0.0,0.0,0.0,100.82000000000001,99.1585,92.89240000000001,1.247440038879568,2.981405625196171,67.59419844839744,2.456964617625488,-0.40825180878258394,2.8652164264080717,848393.6
61960,GUINNESS,2017-10-24,100.35,100.35,420251,2026-04-08T02:57:34.020008+00:00,0.0,-0.6435643564356441,0.7500000000000062,0.0,100.74,99.244,93.1494,1.2365278629116276,2.631395365155675,67.59419844839744,2.31299769411865,-0.44177498583153785,2.7547726799501877,866870.75
62052,GUINNESS,2017-10-25,100.35,100.35,152280,2026-04-08T02:57:36.254878+00:00,0.0,0.0,0.2481389578163684,0.761421319796951,100.61,99.3295,93.33640000000001,1.2365278629116276,2.5770759437768476,67.59419844839744,2.173844147848399,-0.464742825681431,2.63858697352983,866515.35
62144,GUINNESS,2017-10-26,101.0,101.0,1726353,2026-04-08T02:57:38.639324+00:00,0.6477329347284622,0.0,0.0,0.0,100.61,99.4475,93.52640000000001,1.242425588236764,2.5773642920927022,70.11301600106826,2.091899413330694,-0.4373500481593089,2.5292494614900027,947117.75
62236,GUINNESS,2017-10-27,100.04,100.04,1945870,2026-04-08T02:57:40.810349+00:00,-0.9504950495049402,0.6477329347284622,0.0,0.7556675062972307,100.418,99.5175,93.72720000000001,1.2654497845663635,2.5690005783846463,62.39878505494593,1.9272771921178986,-0.4815778154976833,2.408855007615582,1036161.15
62328,GUINNESS,2017-10-30,100.38,100.38,786508,2026-04-08T02:57:45.233404+00:00,0.3398640543782472,-0.9504950495049402,-0.6435643564356441,0.0,100.424,99.78599999999999,93.93700000000001,0.905035438477795,2.5684915671035675,63.91316600019217,1.80345890265356,-0.4843168839696177,2.2877757866231776,1066305.05
62420,GUINNESS,2017-10-31,100.0,100.0,297756,2026-04-08T02:57:47.538171+00:00,-0.3785614664275738,0.3398640543782472,0.0,0.7500000000000062,100.354,99.86099999999999,94.1778,0.4385252068542637,2.546864803724999,60.95818528277199,1.6555846427865788,-0.5057529150692792,2.161337557855858,962011.05
62512,GUINNESS,2017-11-01,100.0,100.0,240922,2026-04-08T02:57:49.900698+00:00,0.0,-0.3785614664275738,0.0,0.2481389578163684,100.28399999999999,99.93599999999999,94.4778,0.4385252068542637,2.4922490019202934,60.958185282771986,1.5208616797251437,-0.5123807025045712,2.033242382229715,956363.4
62604,GUINNESS,2017-11-02,100.0,100.0,176295,2026-04-08T02:57:52.192143+00:00,0.0,0.0,0.6477329347284622,0.0,100.08399999999999,100.011,94.77780000000001,0.4385252068542637,2.4922490019202934,60.958185282771986,1.3979777436545078,-0.508211710860166,1.9061894545146738,943299.8
62696,GUINNESS,2017-11-03,100.0,100.0,351414,2026-04-08T02:57:54.512232+00:00,0.0,0.0,-0.9504950495049402,0.0,100.076,100.08599999999998,95.07780000000001,0.4385252068542637,2.4922490019202934,60.95818528277198,1.2857697852669077,-0.4963357353982132,1.7821055206651208,947992.8
62788,GUINNESS,2017-11-06,102.0,102.0,1815803,2026-04-08T02:57:59.23147+00:00,2.0000000000000018,0.0,0.3398640543782472,-0.6435643564356441,100.4,100.261,95.4278,0.6133489606790397,2.499132562206389,70.58559609729237,1.3427490795755688,-0.35148515287164184,1.6942342324472106,987184.25
62880,GUINNESS,2017-11-07,102.02,102.02,552143,2026-04-08T02:58:01.524363+00:00,0.019607843137259273,2.0000000000000018,-0.3785614664275738,0.0,100.804,100.437,95.7782,0.6130675793202972,2.49906900630846,70.66350237510785,1.3736844346085633,-0.2564398382709179,1.6301242728794811,1012315.95
62972,GUINNESS,2017-11-08,102.02,102.02,165543,2026-04-08T02:58:03.79912+00:00,0.0,0.019607843137259273,0.0,0.0,101.208,100.5755,96.1786,0.5983628966739334,2.452345249235383,70.66350237510787,1.3822670126588292,-0.19828580817652153,1.5805528208353508,906973.0
63064,GUINNESS,2017-11-09,102.0,102.0,396458,2026-04-08T02:58:06.050925+00:00,-0.019603999215833667,0.0,0.0,0.6477329347284622,101.60799999999999,100.713,96.5886,0.5986193073503177,2.4484786908541567,70.44710851073424,1.3716434824969639,-0.16712747067070954,1.5387709531676734,920916.7
63156,GUINNESS,2017-11-10,102.0,102.0,5396164,2026-04-08T02:58:08.423322+00:00,0.0,-0.019603999215833667,0.0,-0.9504950495049402,102.008,100.813,97.06720000000001,0.5812056240785223,2.3546234809287685,70.44710851073422,1.3476889391223068,-0.15286561123629339,1.5005545503586002,1053327.7
63248,GUINNESS,2017-11-13,102.01,102.01,9898313,2026-04-08T02:58:12.832851+00:00,0.009803921568640739,0.0,2.0000000000000018,0.3398640543782472,102.00999999999999,100.9135,97.56779999999999,0.5811203895917145,2.339104333604804,70.49949491696081,1.3143605767732538,-0.14895517886827725,1.463315755641531,1533633.4
63340,GUINNESS,2017-11-14,100.0,100.0,1389117,2026-04-08T02:58:15.182817+00:00,-1.9703950593079167,0.009803921568640739,0.019607843137259273,-0.3785614664275738,101.606,100.876,98.06779999999999,0.7224432737715356,2.324002285938298,50.949739259375974,1.1129282635166078,-0.2803099936999387,1.3932382572165465,1458410.55
63432,GUINNESS,2017-11-15,101.0,101.0,529221,2026-04-08T02:58:17.483941+00:00,1.0000000000000009,-1.9703950593079167,0.0,0.0,101.402,100.876,98.57779999999998,0.7566951662459591,2.3246689299810077,57.29465919408505,1.0222000606686237,-0.2968305572383385,1.3190306179069622,1420208.0
63524,GUINNESS,2017-11-16,100.0,100.0,5262060,2026-04-08T02:58:19.932158+00:00,-0.990099009900991,1.0000000000000009,-0.019603999215833667,0.0,101.002,100.826,98.9924,0.7885973622995024,2.247071498784173,50.28909199307178,0.8596956275464862,-0.3674679922883808,1.227163619834867,1679368.15
63616,GUINNESS,2017-11-17,100.25,100.25,1392695,2026-04-08T02:58:22.230505+00:00,0.24999999999999467,-0.990099009900991,0.0,0.0,100.652,100.7885,99.24959999999999,0.7913545333415233,1.7515683708132592,51.873397948263786,0.7425232582622243,-0.3877122892581142,1.1302355475203385,1691419.0
63708,GUINNESS,2017-11-20,100.25,100.25,114160,2026-04-08T02:58:26.609741+00:00,0.0,0.24999999999999467,0.009803921568640739,2.0000000000000018,100.3,100.7835,99.32799999999999,0.7782518865672372,1.0051467614821235,51.873397948263786,0.6422597409225688,-0.3903806452782157,1.0326403862007845,1650466.3
63800,GUINNESS,2017-11-21,101.0,101.0,2666811,2026-04-08T02:58:29.044371+00:00,0.7481296758104827,0.0,-1.9703950593079167,0.019607843137259273,100.5,100.816,99.43199999999999,0.7961324323137685,1.0051793196094225,56.6772935444426,0.6162155636231574,-0.33313985806210167,0.9493554216852591,1762794.3
63892,GUINNESS,2017-11-22,101.0,101.0,311797,2026-04-08T02:58:31.282092+00:00,0.0,0.7481296758104827,1.0000000000000009,0.0,100.5,100.8485,99.54199999999999,0.7961324323137685,1.0034585042436017,56.677293544442605,0.5887881818230625,-0.2884537918897574,0.8772419737128199,1770770.15
63984,GUINNESS,2017-11-23,101.0,101.0,48436,2026-04-08T02:58:33.589475+00:00,0.0,0.0,-0.990099009900991,-0.019603999215833667,100.7,100.8485,99.654,0.7829735221772679,1.003095588185444,56.677293544442605,0.5605896555486538,-0.25332185453133294,0.8139115100799867,1686874.3
64076,GUINNESS,2017-11-24,102.0,102.0,1297109,2026-04-08T02:58:35.965247+00:00,0.990099009900991,0.0,0.24999999999999467,0.0,101.05,100.9465,99.78599999999999,0.7788371561498428,1.0104427886675267,62.852247098783444,0.6118803867519063,-0.16162489866246443,0.7735052854143707,1654436.25
64168,GUINNESS,2017-11-27,100.0,100.0,378970,2026-04-08T02:58:40.303262+00:00,-1.9607843137254943,0.990099009900991,0.0,0.009803921568640739,101.0,100.92750000000001,99.853,0.9017392943879354,1.0385541885609482,48.08908708644217,0.4855482771618398,-0.23036560660202476,0.7159138837638646,1634059.35
64260,GUINNESS,2017-11-28,98.58,98.58,1518330,2026-04-08T02:58:42.596324+00:00,-1.419999999999999,-1.9607843137254943,0.7481296758104827,-1.9703950593079167,100.516,100.85650000000001,99.8916,0.9524752209004199,1.059801961134807,40.76735140329475,0.267760461646418,-0.35852273769395726,0.6262831993403752,1695088.05
64352,GUINNESS,2017-11-29,98.58,98.58,2232846,2026-04-08T02:58:44.979081+00:00,0.0,-1.419999999999999,0.0,1.0000000000000009,100.03200000000001,100.7855,99.92720000000001,0.9524752209004199,1.0597000551371285,40.76735140329475,0.09407758098166141,-0.4257644946869711,0.5198420756686325,1794684.25
64444,GUINNESS,2017-11-30,97.51,97.51,2078371,2026-04-08T02:58:47.226359+00:00,-1.0854128626496151,0.0,0.0,-0.990099009900991,99.334,100.661,99.94139999999999,0.9790002877104685,1.07162734568545,35.98001784065483,-0.128426984564598,-0.5186152481865844,0.39018826362198644,1889788.05
64536,GUINNESS,2017-12-04,92.64,92.64,207105,2026-04-08T02:58:52.54699+00:00,-4.994359552866379,-1.0854128626496151,0.990099009900991,0.24999999999999467,97.462,100.29299999999999,99.80860000000001,1.463483194520863,1.227364007738299,22.835943277426647,-0.6897803964932478,-0.8639749280921875,0.17419453159893958,1882572.6
64628,GUINNESS,2017-12-05,92.7,92.7,2195289,2026-04-08T02:58:54.773083+00:00,0.06476683937823857,-4.994359552866379,-1.9607843137254943,0.0,96.002,99.828,99.67699999999999,1.35868144624006,1.2275391236910793,23.208155569319626,-1.1169401306653555,-1.032907729811436,-0.08403240085391944,1901546.9
64720,GUINNESS,2017-12-06,92.7,92.7,136329,2026-04-08T02:58:57.263783+00:00,0.0,0.06476683937823857,-1.419999999999999,0.7481296758104827,94.826,99.362,99.5582,1.3583181740856696,1.2254026028647371,23.208155569319626,-1.43888077560743,-1.0838786998028085,-0.35500207580462156,1880756.2
64812,GUINNESS,2017-12-07,92.7,92.7,48563,2026-04-08T02:58:59.55462+00:00,0.0,0.0,0.0,0.0,93.65,98.89599999999999,99.4394,1.3583181740856696,1.2254026028647371,23.208155569319622,-1.6747159729197847,-1.0557711176921305,-0.6189448552276542,1874907.2
64904,GUINNESS,2017-12-08,92.7,92.7,114098,2026-04-08T02:59:01.865905+00:00,0.0,0.0,-1.0854128626496151,0.0,92.688,98.431,99.3206,1.3586664861904958,1.2254026028647371,23.208155569319626,-1.8404020565927652,-0.9771657610920887,-0.8632362955006765,1860789.2
64996,GUINNESS,2017-12-11,92.7,92.7,74477,2026-04-08T02:59:06.715792+00:00,0.0,0.0,-4.994359552866379,0.990099009900991,92.7,97.966,99.2018,1.3586664861904958,1.2254026028647371,23.208155569319622,-1.9492398479993227,-0.8688028419989169,-1.0804370060004058,1594704.85
65088,GUINNESS,2017-12-12,94.05,94.05,265746,2026-04-08T02:59:09.170602+00:00,1.4563106796116498,0.0,0.06476683937823857,-1.9607843137254943,92.97,97.568,99.18260000000001,1.4224389870228675,1.1323462044314352,33.64055775764567,-1.904605754679693,-0.6593349989434296,-1.2452707557362634,1113076.5
65180,GUINNESS,2017-12-13,95.2,95.2,207393,2026-04-08T02:59:11.522814+00:00,1.2227538543328142,1.4563106796116498,0.0,-1.419999999999999,93.47,97.328,99.1166,1.4155623567110576,1.0166133792258754,40.99435332283367,-1.756193222823228,-0.40873797366957154,-1.3474552491536564,1053990.3
65272,GUINNESS,2017-12-14,95.0,95.0,2277314,2026-04-08T02:59:13.751616+00:00,-0.21008403361344463,1.2227538543328142,0.0,0.0,93.92999999999999,97.02799999999999,99.0466,1.3854972379772892,1.0167818978739978,40.16081009302115,-1.6358564161228912,-0.2307209335753877,-1.4051354825475035,1141394.95
65364,GUINNESS,2017-12-15,96.0,96.0,885063,2026-04-08T02:59:16.016878+00:00,1.0526315789473717,-0.21008403361344463,0.0,-1.0854128626496151,94.59,96.828,98.9966,1.4067996275859078,1.0290250267342431,46.06584727851641,-1.4431611240799072,-0.030420513225922985,-1.4127406108539842,922545.1
65456,GUINNESS,2017-12-18,96.0,96.0,31216,2026-04-08T02:59:20.496704+00:00,0.0,1.0526315789473717,0.0,-4.994359552866379,95.25,96.6155,98.9466,1.4037514572935081,1.0290250267342431,46.06584727851641,-1.2757427485581445,0.10959828983667164,-1.3853410383948161,854471.15
65548,GUINNESS,2017-12-19,96.0,96.0,94822,2026-04-08T02:59:22.691103+00:00,0.0,0.0,1.4563106796116498,0.06476683937823857,95.64000000000001,96.40299999999999,98.89659999999999,1.4037514572935081,1.0290250267342431,46.065847278516415,-1.1300361267270347,0.20424392933422508,-1.3342800560612598,853504.25
65640,GUINNESS,2017-12-20,96.0,96.0,204653,2026-04-08T02:59:25.001427+00:00,0.0,0.0,1.2227538543328142,0.0,95.8,96.15299999999999,98.8466,1.3868316670705432,1.0290250267342431,46.065847278516415,-1.003000612452226,0.26502355488722706,-1.268024167339453,730396.35
65732,GUINNESS,2017-12-21,96.0,96.0,22740,2026-04-08T02:59:27.554405+00:00,0.0,0.0,-0.21008403361344463,0.0,96.0,95.90299999999999,98.7816,1.3868316670705432,1.0224433366499854,46.065847278516415,-0.8920411569667976,0.3007864082981242,-1.1928275652649218,715943.5
65824,GUINNESS,2017-12-22,96.0,96.0,70178,2026-04-08T02:59:29.82771+00:00,0.0,0.0,1.0526315789473717,0.0,96.0,95.65299999999999,98.7166,1.3868316670705432,1.0224433366499854,46.065847278516415,-0.7949413994558086,0.31830893264729054,-1.113250332103099,717030.6
65916,GUINNESS,2017-12-27,96.0,96.0,67335,2026-04-08T02:59:36.63878+00:00,0.0,0.0,0.0,0.0,96.0,95.353,98.6366,1.3578205519109376,1.0156825727439966,46.065847278516415,-0.7098069296172014,0.32275472198871813,-1.0325616516059195,655541.9
66008,GUINNESS,2017-12-28,96.0,96.0,126512,2026-04-08T02:59:39.04539+00:00,0.0,0.0,0.0,1.4563106796116498,96.0,95.15299999999999,98.5566,1.3007031916407876,1.0156825727439966,46.06584727851642,-0.6350171663007274,0.3180355882441538,-0.9530527545448811,642919.0
66100,GUINNESS,2017-12-29,94.0,94.0,143960,2026-04-08T02:59:41.445401+00:00,-2.083333333333337,0.0,0.0,1.2227538543328142,95.6,94.924,98.4216,1.3413864753557019,1.0471811847950423,33.94526266901359,-0.7287286945707194,0.17945924797932944,-0.9081879425500489,574200.5
66192,GUINNESS,2018-01-02,94.0,94.0,108600,2026-04-08T02:59:46.944851+00:00,0.0,-2.083333333333337,0.0,-0.21008403361344463,95.2,94.69500000000001,98.2816,1.3413864753557019,1.0459246067276584,33.945262669013594,-0.7938448070948425,0.09147450836416504,-0.8853193154590075,467988.2
66284,GUINNESS,2018-01-03,94.0,94.0,9903,2026-04-08T02:59:49.25236+00:00,0.0,0.0,0.0,1.0526315789473717,94.8,94.51950000000001,98.1416,1.3267842510843484,1.0459246067276584,33.94526266901359,-0.8358150399032525,0.03960342044460419,-0.8754184603478566,364564.8
66376,GUINNESS,2018-01-04,94.0,94.0,37882,2026-04-08T02:59:51.440942+00:00,0.0,0.0,0.0,0.0,94.4,94.5875,98.0016,0.6882338779994116,1.0459246067276584,33.94526266901359,-0.8591727432157796,0.012996573705661651,-0.8721693169214413,356103.65
66468,GUINNESS,2018-01-05,95.6,95.6,167893,2026-04-08T02:59:53.632679+00:00,1.7021276595744705,0.0,0.0,0.0,94.32,94.73249999999999,97.9066,0.7784108323233431,1.074992675605171,48.52028839169337,-0.7400464681106058,0.10569827904866846,-0.8457447471592743,254733.85
66560,GUINNESS,2018-01-08,100.0,100.0,570239,2026-04-08T02:59:58.187375+00:00,4.602510460251041,1.7021276595744705,-2.083333333333337,0.0,95.52000000000001,95.0975,97.8996,1.2605578783866005,1.2634877467009433,68.86556860828348,-0.28728318740870407,0.44676924780045624,-0.7340524352091603,276429.35
66652,GUINNESS,2018-01-09,102.0,102.0,1379844,2026-04-08T03:00:00.526076+00:00,2.0000000000000018,4.602510460251041,0.0,0.0,97.12,95.5625,97.93260000000001,1.3067141143730654,1.2947319179662056,73.91244775192517,0.2302639206900352,0.7714530847193564,-0.5411891640293212,342993.4
66744,GUINNESS,2018-01-10,100.2,100.2,1223090,2026-04-08T03:00:02.789006+00:00,-1.764705882352935,2.0000000000000018,0.0,0.0,98.36,95.9375,97.9166,1.3977491216880484,1.3164237474099265,63.87666217921172,0.48953571283931296,0.8245799014949073,-0.3350441886555944,398443.0
66836,GUINNESS,2018-01-11,105.21,105.21,359799,2026-04-08T03:00:05.007224+00:00,4.999999999999982,-1.764705882352935,0.0,0.0,100.602,96.563,98.02,1.730245556724088,1.4873060003749312,74.32580265390662,1.0867482484224666,1.1374339496624488,-0.05068570123998217,412709.1
66928,GUINNESS,2018-01-12,108.99,108.99,741309,2026-04-08T03:00:07.437621+00:00,3.592814371257491,4.999999999999982,1.7021276595744705,0.0,103.28,97.31,98.1922,1.8448746411063033,1.5665302121020295,79.21175547507504,1.8438036737548913,1.5155914999958988,0.32821217375899253,436487.25
67020,GUINNESS,2018-01-15,108.99,108.99,97171,2026-04-08T03:00:11.967979+00:00,0.0,3.592814371257491,4.602510460251041,-2.083333333333337,105.078,97.9995,98.37199999999999,1.848839758668756,1.564705629550108,79.21175547507504,2.415926258573691,1.6701712678517588,0.7457549907219323,430976.15
67112,GUINNESS,2018-01-16,114.0,114.0,172778,2026-04-08T03:00:14.274869+00:00,4.596751995595927,0.0,2.0000000000000018,0.0,107.478,98.9495,98.65199999999999,2.028728313238276,1.6841424498799105,83.91660229226916,3.236296645442266,1.992433323776267,1.243863321665999,325749.35
67204,GUINNESS,2018-01-17,119.7,119.7,388640,2026-04-08T03:00:16.592861+00:00,5.000000000000004,4.596751995595927,-1.764705882352935,0.0,111.378,100.1345,99.04599999999999,2.223449307962166,1.811068845615578,87.40828246825481,4.296856958282973,2.4423949092935793,1.854462048989394,300928.2
67296,GUINNESS,2018-01-18,120.25,120.25,2230353,2026-04-08T03:00:18.874572+00:00,0.45948203842940405,5.000000000000004,4.999999999999982,0.0,114.386,101.34700000000001,99.45099999999998,2.213485303825716,1.810286612997042,87.68607819736131,5.1226878933202045,2.6145806754646483,2.508107217855556,410885.05
67388,GUINNESS,2018-01-19,120.25,120.25,144581,2026-04-08T03:00:21.223293+00:00,0.0,0.45948203842940405,3.592814371257491,1.7021276595744705,116.638,102.5595,99.81599999999999,2.213485303825716,1.7959209131551037,87.68607819736133,5.711328222556546,2.562576803760791,3.1487514187957544,413373.0
67480,GUINNESS,2018-01-22,120.25,120.25,729898,2026-04-08T03:00:25.613479+00:00,0.0,0.0,0.0,4.602510460251041,118.89000000000001,103.772,100.1806,2.213485303825716,1.79599563971146,87.68607819736131,6.107427304179822,2.3669407083072542,3.740486595872568,439635.25
67572,GUINNESS,2018-01-23,120.25,120.25,330727,2026-04-08T03:00:27.792672+00:00,0.0,0.0,4.596751995595927,2.0000000000000018,120.14000000000001,104.9845,100.54519999999998,2.213485303825716,1.79599563971146,87.68607819736133,6.348161031329909,2.086139548365873,4.262021482964036,455034.6
67664,GUINNESS,2018-01-24,120.25,120.25,236010,2026-04-08T03:00:29.955701+00:00,0.0,0.0,5.000000000000004,-1.764705882352935,120.25,106.197,100.91019999999999,2.213485303825716,1.7959165601499245,87.68607819736131,6.464426361361106,1.7619239027176565,4.702502458643449,463326.2
67756,GUINNESS,2018-01-25,116.1,116.1,365353,2026-04-08T03:00:32.149736+00:00,-3.451143451143457,0.0,0.45948203842940405,4.999999999999982,119.42,107.202,101.1922,2.4320209109945683,1.8740798804537302,70.65025419604324,6.150794624361495,1.1586337325744367,4.992160891787059,478227.1
67848,GUINNESS,2018-01-26,112.0,112.0,216828,2026-04-08T03:00:34.314441+00:00,-3.531438415159338,-3.451143451143457,0.0,3.592814371257491,117.77000000000001,108.002,101.39200000000001,2.6274678617939795,1.949746420027851,58.54802920974498,5.507911700793571,0.4126006472052097,5.095311053588361,482742.9
67940,GUINNESS,2018-01-30,113.0,113.0,1092210,2026-04-08T03:00:39.498781+00:00,0.8928571428571397,-3.531438415159338,0.0,0.0,116.32000000000001,108.952,101.652,2.5379608387423787,1.9264423935681183,60.33280557089405,5.0212323538296175,-0.05926295980699514,5.080495313636613,530155.4
68032,GUINNESS,2018-01-31,113.0,113.0,223390,2026-04-08T03:00:41.874276+00:00,0.0,0.8928571428571397,0.0,4.596751995595927,114.87,109.902,101.89200000000001,2.5379608387423787,1.9238218205772797,60.33280557089407,4.582708850039282,-0.39822917087786447,4.980938020917146,535894.9
68124,GUINNESS,2018-02-01,113.0,113.0,128747,2026-04-08T03:00:44.260901+00:00,0.0,0.0,0.0,5.000000000000004,113.42,110.852,102.152,2.5379608387423787,1.91595204869357,60.33280557089407,4.186911702054957,-0.6352210550897519,4.822132757144709,541837.1
68216,GUINNESS,2018-02-02,110.0,110.0,273797,2026-04-08T03:00:46.552556+00:00,-2.6548672566371723,0.0,-3.451143451143457,0.45948203842940405,112.2,111.652,102.34700000000001,2.657166696633696,1.9598804038171578,51.95149429410144,3.5897838886534856,-0.9858790947929785,4.575662983446464,553632.85
68308,GUINNESS,2018-02-05,110.0,110.0,132870,2026-04-08T03:00:50.820837+00:00,0.0,-2.6548672566371723,-3.531438415159338,0.0,111.8,112.372,102.542,2.6547584546787246,1.9598804038171578,51.95149429410144,3.0810394891092727,-1.1956987954697533,4.276738284579026,551881.7
68400,GUINNESS,2018-02-06,110.0,110.0,104943,2026-04-08T03:00:53.862975+00:00,0.0,0.0,0.8928571428571397,0.0,111.2,112.872,102.72200000000001,2.496840002725234,1.958500701596728,51.95149429410143,2.647339010958021,-1.3035194188968044,3.9508584298548253,528616.9
68492,GUINNESS,2018-02-07,110.0,110.0,152614,2026-04-08T03:00:56.249659+00:00,0.0,0.0,0.0,0.0,110.6,113.272,102.902,2.4738414629621057,1.958500701596728,51.95149429410143,2.2773760835066525,-1.3387858770785384,3.616161960585191,467255.4
68584,GUINNESS,2018-02-08,110.0,110.0,131329,2026-04-08T03:00:58.532515+00:00,0.0,0.0,0.0,0.0,110.0,113.76199999999999,103.08200000000001,2.423260280276868,1.958500701596728,51.95149429410143,1.961566085264053,-1.3236767002569105,3.2852427855209636,412667.35
68676,GUINNESS,2018-02-12,110.0,110.0,230838,2026-04-08T03:01:04.382325+00:00,0.0,0.0,-2.6548672566371723,-3.451143451143457,110.0,114.0015,103.242,2.179737376092807,1.9552438583873384,51.95149429410144,1.691782569999745,-1.2747681724169748,2.96655074241672,406219.3
68768,GUINNESS,2018-02-13,105.0,105.0,671790,2026-04-08T03:01:06.5746+00:00,-4.545454545454541,0.0,0.0,-3.531438415159338,109.0,113.80199999999999,103.34200000000001,2.2792715242546415,2.0448354627951932,38.166708845671025,1.062273746701507,-1.5234215965721702,2.5856953432736773,402743.35
68860,GUINNESS,2018-02-14,105.0,105.0,130813,2026-04-08T03:01:08.960618+00:00,0.0,-4.545454545454541,0.0,0.8928571428571397,108.0,113.6025,103.47040000000001,2.2792715242546415,2.032864060079757,38.16670884567103,0.556963144439905,-1.622985759067018,2.179948903506923,404425.45
68952,GUINNESS,2018-02-15,105.0,105.0,72653,2026-04-08T03:01:11.158693+00:00,0.0,0.0,0.0,0.0,107.0,113.1525,103.5988,1.9872402999802128,2.032864060079757,38.166708845671025,0.15471736609318043,-1.620185229930994,1.7749025960241744,399419.2
69044,GUINNESS,2018-02-16,105.0,105.0,82631,2026-04-08T03:01:13.607551+00:00,0.0,0.0,0.0,0.0,106.0,112.41749999999999,103.74860000000001,1.5367099843477887,2.0252220328186312,38.166708845671025,-0.16219562111399455,-1.5496785737105354,1.3874829525965409,384118.75
69136,GUINNESS,2018-02-19,104.9,104.9,3942070,2026-04-08T03:01:18.187191+00:00,-0.09523809523809268,0.0,0.0,-2.6548672566371723,104.97999999999999,111.65,103.9938,1.5207148168398372,1.8839413032339891,37.89620934536428,-0.41661809689038876,-1.4432808395895438,1.026662742699155,469704.6
69228,GUINNESS,2018-02-20,104.9,104.9,108234,2026-04-08T03:01:20.554931+00:00,0.0,-0.09523809523809268,-4.545454545454541,0.0,104.96,110.88250000000001,104.23780000000001,1.5207148168398372,1.8841048416007093,37.896209345364284,-0.6112041608532195,-1.3102935228418997,0.6990893619886802,467887.25
69320,GUINNESS,2018-02-22,104.9,104.9,34268,2026-04-08T03:01:23.957413+00:00,0.0,0.0,0.0,0.0,104.94000000000001,110.11499999999998,104.4818,1.5207148168398372,1.8841048416007093,37.896209345364284,-0.756692340187584,-1.1646253617410114,0.40793302155342737,433105.75
69412,GUINNESS,2018-02-26,104.9,104.9,71778,2026-04-08T03:01:29.317338+00:00,0.0,0.0,0.0,0.0,104.92,109.3475,104.72579999999999,1.5207148168398372,1.8841048416007093,37.896209345364284,-0.8620555309459945,-1.0159908419995376,0.15393531105354302,420158.3
69504,GUINNESS,2018-02-27,104.9,104.9,118880,2026-04-08T03:01:31.58282+00:00,0.0,0.0,0.0,0.0,104.9,108.58,104.96979999999999,1.5207148168398372,1.8841048416007093,37.896209345364284,-0.934781044720296,-0.8709730846190712,-0.06380796010122478,414301.8
69596,GUINNESS,2018-02-28,104.9,104.9,32136,2026-04-08T03:01:33.916623+00:00,0.0,0.0,-0.09523809523809268,0.0,104.9,108.02000000000001,105.21379999999999,1.3774965963975019,1.8841048416007093,37.896209345364284,-0.9811069481648929,-0.7338391904509345,-0.2472677577139584,397640.95
69688,GUINNESS,2018-03-01,104.9,104.9,161647,2026-04-08T03:01:36.321302+00:00,0.0,0.0,0.0,-4.545454545454541,104.9,107.665,105.4308,1.1802321631420998,1.876551446368423,37.896209345364284,-1.006221465699383,-0.6071629663883398,-0.39905849931104337,394881.9
69780,GUINNESS,2018-03-02,99.7,99.7,277344,2026-04-08T03:01:38.625174+00:00,-4.957102001906577,0.0,0.0,0.0,103.86000000000001,107.0,105.5208,1.535287073214277,2.009051407408428,23.405373052444716,-1.4292459855261086,-0.8241499889720522,-0.6050959965540564,354138.6
69872,GUINNESS,2018-03-05,98.0,98.0,2466084,2026-04-08T03:01:43.47208+00:00,-1.7051153460381219,-4.957102001906577,0.0,0.0,102.47999999999999,106.25,105.5808,1.5467767638936998,2.025006451720779,20.62827703471572,-1.8800002847005999,-1.0199234305172347,-0.8600768541833652,466273.3
69964,GUINNESS,2018-03-06,98.0,98.0,110469,2026-04-08T03:01:45.677681+00:00,0.0,-1.7051153460381219,0.0,0.0,101.1,105.5,105.6208,1.5467767638936998,2.0201777896309747,20.628277034715722,-2.211730857732462,-1.0813232028392774,-1.1304076548931847,465359.4
70056,GUINNESS,2018-03-08,99.5,99.5,360441,2026-04-08T03:01:48.923554+00:00,1.5306122448979664,0.0,0.0,-0.09523809523809268,100.02000000000001,104.975,105.6908,1.551203091742456,2.030800996909272,29.222070045992897,-2.326770698623733,-0.9570904349844385,-1.3696802636392944,469691.6
70148,GUINNESS,2018-03-09,99.5,99.5,57464,2026-04-08T03:01:51.131195+00:00,0.0,1.5306122448979664,0.0,0.0,98.94000000000001,104.45,105.7608,1.551203091742456,2.030800996909272,29.222070045992897,-2.39038572269952,-0.8165643672481804,-1.5738213554513396,465921.3
70240,GUINNESS,2018-03-12,99.0,99.0,437224,2026-04-08T03:01:55.382529+00:00,-0.5025125628140725,0.0,-4.957102001906577,0.0,98.8,103.9,105.8208,1.5469360599587536,2.032507180974769,28.04806464992067,-2.452871730477412,-0.7032403000208578,-1.7496314304565541,482535.35
70332,GUINNESS,2018-03-13,99.8,99.8,1375498,2026-04-08T03:01:57.721961+00:00,0.8080808080808133,-0.5025125628140725,-1.7051153460381219,0.0,99.16,103.39000000000001,105.8968,1.5714198216685298,2.035055234913663,32.706468157681044,-2.410057386366347,-0.5283407647278344,-1.8817166216385126,543679.55
70424,GUINNESS,2018-03-14,99.8,99.8,44183,2026-04-08T03:02:00.06799+00:00,0.0,0.8080808080808133,0.0,0.0,99.52,102.88,105.9728,1.5714198216685298,2.035055234913663,32.706468157681044,-2.3490483431298514,-0.3738653771930709,-1.9751829659367806,539322.25
70516,GUINNESS,2018-03-15,99.8,99.8,40052,2026-04-08T03:02:02.587626+00:00,0.0,0.0,1.5306122448979664,0.0,99.58000000000001,102.37,106.04879999999999,1.5714198216685298,2.035055234913663,32.706468157681044,-2.274479453492944,-0.23943719004493058,-2.0350422634480134,529782.95
70608,GUINNESS,2018-03-16,100.2,100.2,321158,2026-04-08T03:02:05.049003+00:00,0.4008016032064132,0.0,0.0,0.0,99.72,102.13000000000001,106.1328,1.2539735615362557,2.0354511288022272,35.32150947063339,-2.1582277085809096,-0.09854835610631696,-2.0596793524745927,512251.35
70700,GUINNESS,2018-03-19,100.2,100.2,37243,2026-04-08T03:02:09.713694+00:00,0.0,0.4008016032064132,-0.5025125628140725,-4.957102001906577,99.96000000000001,101.89,106.2568,1.2539735615362557,2.0108971479220537,35.32150947063339,-2.042552094093338,0.013701806705003428,-2.0562539007983416,507572.85
70792,GUINNESS,2018-03-20,100.2,100.2,196031,2026-04-08T03:02:12.039098+00:00,0.0,0.0,0.8080808080808133,-1.7051153460381219,100.04,101.65,106.3808,1.2539735615362557,2.0108971479220537,35.32150947063339,-1.9286461044624161,0.10208623706874054,-2.0307323415311567,513741.75
70884,GUINNESS,2018-03-21,105.0,105.0,167811,2026-04-08T03:02:14.26344+00:00,4.79041916167664,0.0,0.0,0.0,101.08,101.65,106.60079999999999,1.6833980412502119,2.1151396744174566,59.12699682822416,-1.4345186641024412,0.4769709419429724,-1.9114896060454136,518000.75
70976,GUINNESS,2018-03-22,105.0,105.0,125556,2026-04-08T03:02:16.655807+00:00,0.0,4.79041916167664,0.0,1.5306122448979664,102.12,101.655,106.8208,1.683208959389275,2.1151396744174566,59.126996828224165,-1.0310339895856089,0.7043644931678439,-1.7353984827534528,327175.05
71068,GUINNESS,2018-03-23,105.0,105.0,206739,2026-04-08T03:02:19.005936+00:00,0.0,0.0,0.4008016032064132,0.0,103.08,101.66,107.0088,1.683208959389275,2.1048549924173092,59.126996828224165,-0.7031638430030682,0.8257877118003079,-1.528951554803376,332100.3
71160,GUINNESS,2018-03-26,105.0,105.0,136565,2026-04-08T03:02:23.356301+00:00,0.0,0.0,0.0,-0.5025125628140725,104.04,101.66499999999999,107.10879999999999,1.683208959389275,2.007183432741144,59.12699682822416,-0.43827225986288454,0.8725434359523931,-1.3108156958152777,337215.15
71252,GUINNESS,2018-03-27,103.0,103.0,976524,2026-04-08T03:02:25.602463+00:00,-1.904761904761909,0.0,0.0,0.8080808080808133,104.6,101.57,107.1288,1.7373138139696702,2.0083986647134426,49.016220287145444,-0.3852857231022,0.7404239781704622,-1.1257097012726622,382452.45
71344,GUINNESS,2018-03-28,103.5,103.5,539088,2026-04-08T03:02:28.271075+00:00,0.4854368932038833,-1.904761904761909,4.79041916167664,0.0,104.3,101.5,107.1948,1.7418310057675261,1.9922985879741246,51.26014171282865,-0.2994952943227105,0.6609715255599614,-0.9604668198826719,403462.85
71436,GUINNESS,2018-03-29,104.0,104.0,1710772,2026-04-08T03:02:31.326472+00:00,0.48309178743961567,0.4854368932038833,0.0,0.0,104.1,101.455,107.1706,1.745945126086255,1.8630638424316392,53.46577246723542,-0.18898147924679165,0.6171882725087042,-0.8061697517554959,487394.65
71528,GUINNESS,2018-04-03,104.0,104.0,70289,2026-04-08T03:02:37.862294+00:00,0.0,0.48309178743961567,0.0,0.4008016032064132,103.9,101.41,107.0708,1.745945126086255,1.7892461926875596,53.465772467235404,-0.10024294630414943,0.5647414443610772,-0.6649843906652266,482826.75
71620,GUINNESS,2018-04-04,104.0,104.0,139877,2026-04-08T03:02:40.086392+00:00,0.0,0.0,0.0,0.0,103.7,101.625,106.971,1.305851909550711,1.7892461926875596,53.46577246723541,-0.029576084923974122,0.508326644593002,-0.5379027295169762,475953.4
71712,GUINNESS,2018-04-05,104.0,104.0,55546,2026-04-08T03:02:42.518452+00:00,0.0,0.0,-1.904761904761909,0.0,103.9,101.925,106.771,1.2268717847748118,1.657382075076613,53.46577246723541,0.026126739062476645,0.45122357486356224,-0.4250968358010856,355426.5
71804,GUINNESS,2018-04-09,103.0,103.0,1350732,2026-04-08T03:02:48.00481+00:00,-0.9615384615384581,0.0,0.4854368932038833,4.79041916167664,103.8,102.175,106.43700000000001,1.2578823220284954,1.4831463853394327,47.66343941198161,-0.010301267661091629,0.3318364545119952,-0.34213772217308686,417439.65
71896,GUINNESS,2018-04-10,103.0,103.0,359164,2026-04-08T03:02:50.293549+00:00,0.0,-0.9615384615384581,0.48309178743961567,0.0,103.6,102.35,106.09200000000001,1.2223429967418062,1.4798328350946997,47.66343941198161,-0.03872433540564657,0.24273070941395225,-0.2814550448195988,417375.8
71988,GUINNESS,2018-04-11,103.5,103.5,1448164,2026-04-08T03:02:52.723357+00:00,0.4854368932038833,0.0,0.0,0.0,103.5,102.55,105.757,1.2234008376469827,1.4834182752941982,50.76204423718448,-0.020665777821989195,0.2086314135980877,-0.2292971914200769,486910.8
72080,GUINNESS,2018-04-12,103.0,103.0,1158316,2026-04-08T03:02:54.976434+00:00,-0.48309178743961567,0.4854368932038833,0.0,0.0,103.3,102.75,105.412,1.2228179318740608,1.483073075891801,47.71946917351898,-0.04616786771714487,0.14650345896234562,-0.1926713266794905,522965.4
72172,GUINNESS,2018-04-13,103.0,103.0,117025,2026-04-08T03:02:57.419716+00:00,0.0,-0.48309178743961567,0.0,-1.904761904761909,103.1,102.91000000000001,105.06700000000001,1.2151753639052039,1.483073075891801,47.71946917351898,-0.06562200803138296,0.10163945491848603,-0.167261462949869,460041.75
72267,GUINNESS,2018-04-16,103.0,103.0,82296,2026-04-08T03:03:01.748445+00:00,0.0,0.0,-0.9615384615384581,0.4854368932038833,103.1,103.07000000000001,104.72200000000001,1.2151753639052039,1.483073075891801,47.71946917351898,-0.08011602670458728,0.06971634899622536,-0.14983237570081265,461947.4
72360,GUINNESS,2018-04-17,103.0,103.0,1142817,2026-04-08T03:03:04.013915+00:00,0.0,0.0,0.0,0.48309178743961567,103.1,103.22999999999999,104.46,1.2151753639052039,1.411947617864922,47.71946917351899,-0.09055873618697774,0.047418911611067927,-0.13797764779804567,517085.65
72453,GUINNESS,2018-04-18,103.0,103.0,460945,2026-04-08T03:03:06.304604+00:00,0.0,0.0,0.4854368932038833,0.0,103.0,103.37,104.28,1.2143829724928217,1.3293021024456357,47.71946917351898,-0.09770833779069221,0.032215448005882774,-0.129923785796575,524075.0
72546,GUINNESS,2018-04-19,103.0,103.0,406695,2026-04-08T03:03:08.631091+00:00,0.0,0.0,-0.48309178743961567,0.0,103.0,103.51000000000002,104.08,1.2143829724928217,1.3208585849016097,47.71946917351899,-0.10219639217775978,0.022181914895052182,-0.12437830707281196,542547.6
72639,GUINNESS,2018-04-20,103.0,103.0,1127896,2026-04-08T03:03:11.181142+00:00,0.0,0.0,0.0,0.0,103.0,103.65,103.88,1.2143829724928217,1.3208585849016097,47.71946917351899,-0.1045480428550718,0.015864211374192125,-0.12041225422926392,589140.85
72732,GUINNESS,2018-04-23,103.0,103.0,1625408,2026-04-08T03:03:15.702548+00:00,0.0,0.0,0.0,-0.9615384615384581,103.0,103.55,103.68,0.5287072284859139,1.3208585849016097,47.71946917351899,-0.10519907352413327,0.012170544564104532,-0.1173696180882378,662020.7
72825,GUINNESS,2018-04-24,103.0,103.0,57230,2026-04-08T03:03:17.976864+00:00,0.0,0.0,0.0,0.0,103.0,103.45,103.54,0.5287072284859139,1.2716425941936684,47.71946917351899,-0.1045102904469104,0.010287462113061932,-0.11479775255997234,658604.4
72918,GUINNESS,2018-04-25,103.0,103.0,34098,2026-04-08T03:03:20.281484+00:00,0.0,0.0,0.0,0.4854368932038833,103.0,103.35,103.4,0.5287072284859139,1.2716425941936684,47.71946917351899,-0.10277964512491167,0.009614485948048548,-0.11239413107296022,649972.35
73011,GUINNESS,2018-04-26,103.0,103.0,410834,2026-04-08T03:03:22.503544+00:00,0.0,0.0,0.0,-0.48309178743961567,103.0,103.25,103.26,0.5287072284859139,1.2716425941936684,47.71946917351899,-0.10025244841820324,0.009713346123805588,-0.10996579454200883,663685.8
73104,GUINNESS,2018-04-27,103.0,103.0,19817,2026-04-08T03:03:24.801147+00:00,0.0,0.0,0.0,0.0,103.0,103.25,103.12,0.3131003841340835,1.2716425941936684,47.71946917351898,-0.09712997295378045,0.01026865727058271,-0.10739863022436316,615850.45
73197,GUINNESS,2018-04-30,103.0,103.0,475425,2026-04-08T03:03:29.288658+00:00,0.0,0.0,0.0,0.0,103.0,103.225,102.98,0.29160417523866805,1.2716425941936684,47.71946917351899,-0.09357669476422359,0.011057548368111667,-0.10463424313233526,612667.3
73290,GUINNESS,2018-05-02,103.0,103.0,129409,2026-04-08T03:03:32.97882+00:00,0.0,0.0,0.0,0.0,103.0,103.175,102.84,0.2663180005285247,1.2716425941936684,47.71946917351899,-0.08972638627082574,0.011926285489207628,-0.10165267176003337,533599.15
73383,GUINNESS,2018-05-03,103.0,103.0,360805,2026-04-08T03:03:35.46093+00:00,0.0,0.0,0.0,0.0,103.0,103.125,102.8,0.2663180005285247,1.0999469148094105,47.71946917351898,-0.085687239886866,0.012772345498533899,-0.0984595853853999,548124.95
73476,GUINNESS,2018-05-04,103.5,103.5,1890185,2026-04-08T03:03:38.142449+00:00,0.4854368932038833,0.0,0.0,0.0,103.1,103.1,102.77,0.2918191205618973,1.102379395834263,55.775723776675584,-0.04166013386084444,0.045439561219644375,-0.08709969508048881,635640.35
73569,GUINNESS,2018-05-07,104.0,104.0,458460,2026-04-08T03:03:42.835383+00:00,0.48309178743961567,0.4854368932038833,0.0,0.0,103.3,103.1,102.75,0.3131003841340835,1.104697910877472,62.07018549389759,0.03319483677334745,0.09623562548306902,-0.06304078870972157,655786.05
73662,GUINNESS,2018-05-08,103.5,103.5,413102,2026-04-08T03:03:45.094212+00:00,-0.48076923076922906,0.48309178743961567,0.0,0.0,103.4,103.125,102.72,0.24678802263775748,1.1066717782940818,53.82061723997558,0.0515775649138277,0.09169468289883942,-0.04011711798501172,608904.55
73755,GUINNESS,2018-05-09,104.0,104.0,608751,2026-04-08T03:03:47.354492+00:00,0.48309178743961567,-0.48076923076922906,0.0,0.0,103.6,103.175,102.70200000000001,0.2670712971027816,1.1089187233927347,59.602710437713206,0.10527824861460999,0.11631629327969736,-0.011038044665087374,621383.9
73848,GUINNESS,2018-05-10,104.0,104.0,290400,2026-04-08T03:03:49.581225+00:00,0.0,0.48309178743961567,0.0,0.0,103.8,103.2,102.684,0.24655794576375328,1.1089187233927347,59.6027104377132,0.14615168172930737,0.1257517811155158,0.02039990061379157,563495.7
73941,GUINNESS,2018-05-11,104.0,104.0,102383,2026-04-08T03:03:51.923758+00:00,0.0,0.0,0.4854368932038833,0.0,103.9,103.25,102.666,0.21599412449018884,1.1089187233927347,59.6027104377132,0.1765094805316636,0.12488766393429762,0.05162181659736598,510699.05
74034,GUINNESS,2018-05-14,104.0,104.0,69833,2026-04-08T03:03:56.261604+00:00,0.0,0.0,0.48309178743961567,0.0,103.9,103.3,102.648,0.21599412449018884,1.1089187233927347,59.6027104377132,0.19828257668127947,0.11732860806713079,0.08095396861414868,508339.45
74127,GUINNESS,2018-05-15,104.0,104.0,243971,2026-04-08T03:03:58.63318+00:00,0.0,0.0,-0.48076923076922906,0.0,104.0,103.35,102.63,0.21599412449018884,1.1089187233927347,59.6027104377132,0.2130816397423132,0.10570213690253161,0.1073795028397816,516423.2
74220,GUINNESS,2018-05-16,104.0,104.0,121303,2026-04-08T03:04:02.494817+00:00,0.0,0.0,0.48309178743961567,0.0,104.0,103.4,102.61200000000001,0.21599412449018884,1.1089187233927347,59.60271043771319,0.22224806647396633,0.09189485090734778,0.13035321556661855,465347.5
74313,GUINNESS,2018-05-17,104.0,104.0,281145,2026-04-08T03:04:04.853265+00:00,0.0,0.0,0.0,0.0,104.0,103.45,102.594,0.21599412449018884,1.1089187233927347,59.602710437713206,0.22689699834094768,0.07723502621946329,0.14966197212148438,456357.5
74406,GUINNESS,2018-05-18,104.0,104.0,115119,2026-04-08T03:04:09.280828+00:00,0.0,0.0,0.0,0.4854368932038833,104.0,103.5,102.68,0.21599412449018884,0.8487919022530976,59.602710437713206,0.22795360309893908,0.06263330478196377,0.1653202983169753,441778.7
74499,GUINNESS,2018-05-21,104.0,104.0,400693,2026-04-08T03:04:14.640212+00:00,0.0,0.0,0.0,0.48309178743961567,104.0,103.55,102.8,0.21599412449018884,0.808581853946676,59.602710437713206,0.22618366548086044,0.0486906937311081,0.17749297174975234,405418.55
74592,GUINNESS,2018-05-22,104.0,104.0,160660,2026-04-08T03:04:17.13602+00:00,0.0,0.0,0.0,-0.48076923076922906,104.0,103.6,102.92,0.21599412449018884,0.808581853946676,59.602710437713206,0.2222193705894142,0.035781119071729484,0.18643825151768473,332181.15
74685,GUINNESS,2018-05-24,104.0,104.0,114479,2026-04-08T03:04:20.857799+00:00,0.0,0.0,0.0,0.48309178743961567,104.0,103.65,103.01,0.21599412449018884,0.7827272988482076,59.602710437713206,0.2165810270637536,0.0241142204368551,0.1924668066268985,335043.6
74778,GUINNESS,2018-05-25,100.0,100.0,844329,2026-04-08T03:04:23.533051+00:00,-3.8461538461538436,0.0,0.0,0.0,103.2,103.5,103.02,0.8977478996262929,0.9606640783607772,18.26407462270918,-0.10939295748841005,-0.24148781129224683,0.1320948538038368,375555.15
74871,GUINNESS,2018-05-28,100.0,100.0,173401,2026-04-08T03:04:28.151981+00:00,0.0,-3.8461538461538436,0.0,0.0,102.4,103.35,103.04,0.8977478996262929,0.9577688217576301,18.26407462270918,-0.36353903703795254,-0.39650711267343147,0.03296807563547892,363683.5
74964,GUINNESS,2018-05-31,100.0,100.0,112495,2026-04-08T03:04:33.384321+00:00,0.0,0.0,0.0,0.0,101.6,103.2,103.044,0.8977478996262929,0.9510723445839059,18.26407462270918,-0.5585134408213435,-0.4731852131654579,-0.08532822765588557,368317.4
75057,GUINNESS,2018-06-01,95.0,95.0,1310609,2026-04-08T03:04:35.846588+00:00,-5.000000000000004,0.0,0.0,0.0,99.8,102.8,102.948,1.4072261485475799,1.1858561872250284,8.76893825761673,-1.103766737907236,-0.8147508082010804,-0.2890159297061557,410076.6
75150,GUINNESS,2018-06-04,95.0,95.0,412528,2026-04-08T03:04:40.216574+00:00,0.0,-5.000000000000004,0.0,0.0,98.0,102.4,102.852,1.4072261485475799,1.1858561872250284,8.768938257616732,-1.518380953710647,-0.983492019203593,-0.534888934507054,424232.55
75243,GUINNESS,2018-06-05,95.0,95.0,111682,2026-04-08T03:04:42.57091+00:00,0.0,0.0,-3.8461538461538436,0.0,97.0,102.0,102.74799999999999,1.4072261485475799,1.183812728276574,8.76893825761673,-1.825917664625436,-1.0328229840947056,-0.7930946805307304,411776.4
75336,GUINNESS,2018-06-06,99.75,99.75,217755,2026-04-08T03:04:44.928825+00:00,5.000000000000004,0.0,0.0,0.0,96.95,101.8125,102.73899999999999,1.8485565536910975,1.386268506335777,43.574894433883664,-1.667139672725341,-0.6992359937556885,-0.9679036789696525,328154.9
75429,GUINNESS,2018-06-07,99.75,99.75,98712,2026-04-08T03:04:47.263813+00:00,0.0,5.000000000000004,0.0,0.0,96.9,101.6,102.73,1.8427477222248063,1.386268506335777,43.574894433883664,-1.523742218413588,-0.4446708315551484,-1.0790713868584396,310167.5
75522,GUINNESS,2018-06-08,99.75,99.75,402021,2026-04-08T03:04:49.462509+00:00,0.0,0.0,-5.000000000000004,0.0,97.85,101.4125,102.625,1.8419207332341327,1.2017162308995224,43.574894433883664,-1.3940292018626224,-0.2519662520033461,-1.1420629498592763,309613.45
75615,GUINNESS,2018-06-11,99.75,99.75,65935,2026-04-08T03:04:53.988129+00:00,0.0,0.0,0.0,0.0,98.8,101.2,102.52,1.8360893000566791,1.2017162308995224,43.57489443388367,-1.276515821922544,-0.10756229765061409,-1.16895352427193,282472.65
75708,GUINNESS,2018-06-12,97.0,97.0,2356052,2026-04-08T03:04:56.284057+00:00,-2.7568922305764465,0.0,0.0,-3.8461538461538436,99.2,100.85,102.36,1.9223524966304575,1.2591244391256353,33.594338171617004,-1.3892729650245172,-0.1762555526020697,-1.2130174124224475,385755.25
75801,GUINNESS,2018-06-13,97.0,97.0,65336,2026-04-08T03:04:58.638577+00:00,0.0,-2.7568922305764465,5.000000000000004,0.0,98.65,100.5,102.2,1.9223524966304575,1.2591244391256353,33.594338171617004,-1.4617832855172423,-0.1990126984758358,-1.2627705870414065,383902.9
75894,GUINNESS,2018-06-14,97.0,97.0,943958,2026-04-08T03:05:00.901161+00:00,0.0,0.0,0.0,0.0,98.1,100.15,102.08,1.9223524966304575,1.2335213911216412,33.594338171617004,-1.501934866695109,-0.19133142372296175,-1.3106034429721471,427609.15
75987,GUINNESS,2018-06-19,97.0,97.0,2996372,2026-04-08T03:05:07.639029+00:00,0.0,0.0,0.0,-5.000000000000004,97.55,99.8,101.95,1.9223524966304575,1.2306264573619596,33.594338171617004,-1.5162765913593148,-0.16453851870973413,-1.3517380726495807,565229.2
76080,GUINNESS,2018-06-20,97.0,97.0,43872,2026-04-08T03:05:09.924133+00:00,0.0,0.0,0.0,0.0,97.0,99.45,101.81,1.9223524966304575,1.2276703710572165,33.594338171617,-1.5102334800123458,-0.12679632589021206,-1.3834371541221337,561357.65
76173,GUINNESS,2018-06-21,97.5,97.5,619754,2026-04-08T03:05:12.376626+00:00,0.5154639175257714,0.0,-2.7568922305764465,0.0,97.1,99.125,101.68,1.9304502393062641,1.2309598574260445,37.372201779658226,-1.4484021707802412,-0.05197201332648582,-1.3964301574537554,578288.1
76266,GUINNESS,2018-06-22,97.5,97.5,37383,2026-04-08T03:05:14.680862+00:00,0.0,0.5154639175257714,0.0,5.000000000000004,97.2,98.8,101.55,1.9304502393062641,1.2309598574260445,37.372201779658226,-1.3834528296920894,0.010381862209333015,-1.3938346919014224,574401.3
76359,GUINNESS,2018-06-25,97.0,97.0,361829,2026-04-08T03:05:19.028214+00:00,-0.512820512820511,0.0,0.0,0.0,97.2,98.45,101.41,1.929600126782389,1.2320626242678223,35.059017295759865,-1.3566867894698333,0.029718321945271242,-1.3864051114151046,572458.1
76453,GUINNESS,2018-06-26,97.0,97.0,37915,2026-04-08T03:05:21.361472+00:00,0.0,-0.512820512820511,0.0,0.0,97.2,98.1,101.29,1.929600126782389,1.226337696272618,35.059017295759865,-1.3202554270225448,0.05291974751404793,-1.3731751745365928,566320.85
76547,GUINNESS,2018-06-27,97.05,97.05,2863599,2026-04-08T03:05:23.730487+00:00,0.051546391752577136,0.0,0.0,0.0,97.21,97.7525,101.171,1.930098486844333,1.2264558986624434,35.521870614083845,-1.2726780869054437,0.08039767010491916,-1.3530757570103629,703776.85
76641,GUINNESS,2018-06-28,97.05,97.05,515258,2026-04-08T03:05:26.342484+00:00,0.0,0.051546391752577136,0.5154639175257714,-2.7568922305764465,97.11999999999999,97.605,101.042,1.743658732118768,1.2235518912501002,35.521870614083845,-1.2208989390996834,0.10574145432854376,-1.3266403934282271,687323.3
76735,GUINNESS,2018-06-29,97.75,97.75,600211,2026-04-08T03:05:28.786725+00:00,0.7212776919113928,0.0,0.0,0.0,97.17,97.4925,100.93700000000001,1.7540290317250733,1.2281288905365944,42.20958532825603,-1.1105773966410482,0.17285039742974329,-1.2834277940707914,708663.8
76829,GUINNESS,2018-07-02,99.05,99.05,105193,2026-04-08T03:05:34.742081+00:00,1.3299232736572852,0.7212776919113928,-0.512820512820511,0.0,97.58000000000001,97.44500000000001,100.85799999999999,1.7829531157257095,1.2445670749777853,52.138118138436035,-0.9077832833570199,0.3005156085710172,-1.208298891928037,708298.7
76923,GUINNESS,2018-07-03,99.05,99.05,6991,2026-04-08T03:05:37.830893+00:00,0.0,1.3299232736572852,0.0,0.0,97.98999999999998,97.64750000000001,100.779,1.347029190847677,1.2445670749777853,52.13811813843603,-0.7385538979252999,0.37579599520218987,-1.1143498931274898,643117.8
77017,GUINNESS,2018-07-04,97.0,97.0,153398,2026-04-08T03:05:40.225299+00:00,-2.0696617869762735,0.0,0.051546391752577136,0.0,97.97999999999999,97.7475,100.65899999999999,1.4408437261383382,1.2761890913797318,39.67283000857215,-0.7610829674825084,0.2826135405159851,-1.0436965079984935,630161.3
77111,GUINNESS,2018-07-05,97.0,97.0,996549,2026-04-08T03:05:42.479897+00:00,0.0,-2.0696617869762735,0.0,0.5154639175257714,97.97,97.8475,100.539,1.4408437261383382,1.2761890913797318,39.67283000857215,-0.7700606377340762,0.21890869621153386,-0.98896933394561,674404.65
77205,GUINNESS,2018-07-06,97.0,97.0,164619,2026-04-08T03:05:44.93013+00:00,0.0,0.0,0.7212776919113928,0.0,97.82000000000001,97.71000000000001,100.419,0.8685741671246363,1.2761890913797318,39.67283000857215,-0.7683188051649807,0.17652042302450355,-0.9448392281894843,671747.85
77299,GUINNESS,2018-07-09,97.05,97.05,333516,2026-04-08T03:05:49.395513+00:00,0.051546391752577136,0.0,1.3299232736572852,-0.512820512820511,97.41999999999999,97.575,100.3,0.8690754732480657,1.2763021701395418,40.10902287799574,-0.7542097476801786,0.1525035844074446,-0.9067133320876232,683488.05
77393,GUINNESS,2018-07-10,97.05,97.05,119003,2026-04-08T03:05:51.797285+00:00,0.0,0.051546391752577136,0.0,0.0,97.02,97.44,100.181,0.8690754732480657,1.2763021701395418,40.109022877995734,-0.7345606599336207,0.13772213772320197,-0.8722827976568227,669337.15
77487,GUINNESS,2018-07-11,97.05,97.05,32839,2026-04-08T03:05:54.14171+00:00,0.0,0.0,-2.0696617869762735,0.051546391752577136,97.03,97.305,100.06200000000001,0.8690754732480657,1.2763021701395418,40.109022877995734,-0.7107950138651233,0.12919022703335958,-0.8399852408984829,667682.35
77581,GUINNESS,2018-07-12,97.05,97.05,24955,2026-04-08T03:05:56.629461+00:00,0.0,0.0,0.0,0.0,97.03999999999999,97.3075,99.943,0.6115579102973323,1.2763021701395418,40.10902287799574,-0.6840749776135766,0.12472821062792516,-0.8088031882415018,551127.5
77675,GUINNESS,2018-07-13,97.5,97.5,1767543,2026-04-08T03:05:59.112955+00:00,0.46367851622874934,0.0,0.0,0.7212776919113928,97.13999999999999,97.33250000000001,99.833,0.6201128752145729,1.2788064784588897,44.929253481729354,-0.619447314138867,0.15148469928210795,-0.770932013420975,636237.85
77769,GUINNESS,2018-07-16,97.0,97.0,761150,2026-04-08T03:06:03.612411+00:00,-0.512820512820511,0.46367851622874934,0.051546391752577136,1.3299232736572852,97.13,97.33250000000001,99.713,0.6318039861699901,1.2800306840642557,40.982441660274596,-0.6016399160986765,0.13543367785783889,-0.7370735939565154,627097.45
77864,GUINNESS,2018-07-17,97.0,97.0,207571,2026-04-08T03:06:06.031894+00:00,0.0,-0.512820512820511,0.0,0.0,97.12,97.33250000000001,99.59299999999999,0.6318039861699901,1.2800306840642557,40.98244166027461,-0.5808319556273318,0.12499331066334685,-0.7058252662906787,487657.4
77959,GUINNESS,2018-07-18,97.0,97.0,25297,2026-04-08T03:06:08.398083+00:00,0.0,0.0,0.0,-2.0696617869762735,97.10999999999999,97.33250000000001,99.473,0.6318039861699901,1.2800306840642557,40.98244166027461,-0.5579102549090038,0.11833200910533992,-0.6762422640143437,486728.65
78054,GUINNESS,2018-07-19,97.0,97.0,341370,2026-04-08T03:06:10.625391+00:00,0.0,0.0,0.0,0.0,97.1,97.3075,99.353,0.6201581588052091,1.2800306840642557,40.98244166027461,-0.5335937058572426,0.11411884652568094,-0.6477125523829236,472809.45
78149,GUINNESS,2018-07-20,97.0,97.0,330659,2026-04-08T03:06:13.100822+00:00,0.0,0.0,0.46367851622874934,0.0,97.0,97.2825,99.223,0.6201581588052091,1.277245637806773,40.98244166027461,-0.5084614385846891,0.11140089103858763,-0.6198623296232767,487473.25
78244,GUINNESS,2018-07-23,97.0,97.0,98301,2026-04-08T03:06:17.450644+00:00,0.0,0.0,-0.512820512820511,0.051546391752577136,97.0,97.2825,99.083,0.6093858454490142,1.2744021494507216,40.98244166027461,-0.48297648344426136,0.10950867694321231,-0.5924851603874737,474296.85
78339,GUINNESS,2018-07-24,96.0,96.0,619422,2026-04-08T03:06:19.846153+00:00,-1.0309278350515427,0.0,0.0,0.0,96.8,97.2325,98.93299999999999,0.6516780531584329,1.2798448736376014,32.166652724260665,-0.5372777125115107,0.044165958300770414,-0.5814436708122811,503372.2
78434,GUINNESS,2018-07-25,96.0,96.0,56204,2026-04-08T03:06:22.17218+00:00,0.0,-1.0309278350515427,0.0,0.0,96.6,97.18,98.773,0.6513581119206643,1.2768476207112485,32.166652724260665,-0.5736985875640528,0.006196066598582628,-0.5798946541626354,363002.45
78529,GUINNESS,2018-07-26,96.0,96.0,44903,2026-04-08T03:06:24.338643+00:00,0.0,0.0,0.0,0.0,96.4,97.1275,98.613,0.6513581119206643,1.2768476207112485,32.16665272426066,-0.5956955855389765,-0.012640745101072826,-0.5830548404379037,339484.7
78624,GUINNESS,2018-07-27,96.0,96.0,289912,2026-04-08T03:06:26.70773+00:00,0.0,0.0,0.0,0.46367851622874934,96.2,97.03999999999999,98.45299999999999,0.6257336824583578,1.2768476207112485,32.16665272426066,-0.6061411470801374,-0.018469045313787014,-0.5876721017663504,323969.75
78719,GUINNESS,2018-07-30,96.0,96.0,15776,2026-04-08T03:06:31.357035+00:00,0.0,0.0,0.0,-0.512820512820511,96.0,96.8875,98.29299999999999,0.5304920359459417,1.2768476207112485,32.166652724260665,-0.6074174001727215,-0.015796238725096834,-0.5916211614476247,319498.9
78814,GUINNESS,2018-07-31,96.0,96.0,11524,2026-04-08T03:06:33.766078+00:00,0.0,0.0,-1.0309278350515427,0.0,96.0,96.735,98.133,0.5304920359459417,1.2768476207112485,32.166652724260665,-0.6014951779498432,-0.00789921320177478,-0.5935959647480684,319725.55
78909,GUINNESS,2018-08-01,96.0,96.0,44117,2026-04-08T03:06:36.22345+00:00,0.0,0.0,0.0,0.0,96.0,96.685,97.973,0.2800901032701824,1.2768476207112485,32.166652724260665,-0.5900006143512826,0.0028762803174287033,-0.5928768946687113,314261.5
79004,GUINNESS,2018-08-02,94.0,94.0,310754,2026-04-08T03:06:38.596191+00:00,-2.083333333333337,0.0,0.0,0.0,95.6,96.535,97.773,0.5330916295926467,1.3054605723316188,18.67172475917995,-0.7338154079495496,-0.11275081062467063,-0.621064597324879,279971.75
79099,GUINNESS,2018-08-03,94.0,94.0,425440,2026-04-08T03:06:41.315743+00:00,0.0,-2.083333333333337,0.0,0.0,95.2,96.385,97.573,0.5330916295926467,1.3054605723316188,18.67172475917995,-0.8381282472877984,-0.17365091997033555,-0.6644773273174629,293012.8
79194,GUINNESS,2018-08-06,94.0,94.0,137517,2026-04-08T03:06:46.359416+00:00,0.0,0.0,0.0,0.0,94.8,96.2325,97.37299999999999,0.5321612658442547,1.3054605723316188,18.67172475917995,-0.9103035117575189,-0.19666094755204466,-0.7136425642054742,283212.85
79289,GUINNESS,2018-08-07,94.0,94.0,225202,2026-04-08T03:06:48.623378+00:00,0.0,0.0,0.0,-1.0309278350515427,94.4,96.08000000000001,97.17299999999999,0.5321612658442547,1.3054605723316188,18.671724759179952,-0.9564772544416797,-0.1942677521889643,-0.7622095022527154,288522.8
79384,GUINNESS,2018-08-08,94.0,94.0,54110,2026-04-08T03:06:51.110249+00:00,0.0,0.0,0.0,0.0,94.0,95.9275,96.973,0.5321612658442547,1.3054605723316188,18.67172475917995,-0.9817532379755107,-0.17563498857823623,-0.8061182493972745,289586.35
79479,GUINNESS,2018-08-09,94.0,94.0,69938,2026-04-08T03:06:53.45187+00:00,0.0,0.0,-2.083333333333337,0.0,94.0,95.775,96.853,0.5321612658442547,1.194438509247704,18.67172475917995,-0.9903682878897655,-0.14740003079399266,-0.8429682570957728,291835.5
79574,GUINNESS,2018-08-10,94.0,94.0,122970,2026-04-08T03:06:56.254972+00:00,0.0,0.0,0.0,0.0,94.0,95.6,96.73299999999999,0.5134142054666748,1.194438509247704,18.671724759179952,-0.9858317225759805,-0.11429077238416607,-0.8715409501918144,209606.85
79669,GUINNESS,2018-08-13,90.0,90.0,190201,2026-04-08T03:07:00.870215+00:00,-4.255319148936165,0.0,0.0,0.0,93.2,95.25,96.53299999999999,1.0461783921415169,1.3298781287684571,7.748977554618115,-1.290131203055779,-0.33487220229117165,-0.9552590007646073,181059.4
79764,GUINNESS,2018-08-14,90.0,90.0,105310,2026-04-08T03:07:03.258394+00:00,0.0,-4.255319148936165,0.0,0.0,92.4,94.9,96.43299999999999,1.0461783921415169,1.1354930949654374,7.748977554618114,-1.5138401270435935,-0.4468649010231889,-1.0669752260204046,175946.35
79859,GUINNESS,2018-08-15,90.0,90.0,1885734,2026-04-08T03:07:05.636903+00:00,0.0,0.0,0.0,0.0,91.6,94.55,96.333,1.0461783921415169,1.1354930949654374,7.748977554618114,-1.671858912195944,-0.4839069489404315,-1.1879519632555124,268968.2
79954,GUINNESS,2018-08-16,90.0,90.0,55980,2026-04-08T03:07:07.96787+00:00,0.0,0.0,0.0,-2.083333333333337,90.8,94.2,96.23299999999999,1.0461783921415169,1.1354930949654374,7.748977554618115,-1.7766102804811652,-0.4709266537805221,-1.305683626700643,254698.7
80049,GUINNESS,2018-08-17,90.0,90.0,185996,2026-04-08T03:07:10.276143+00:00,0.0,0.0,0.0,0.0,90.0,93.85,96.038,1.0461783921415169,0.8649668630134828,7.748977554618114,-1.8384341698159403,-0.4262004344922379,-1.4122337353237024,247465.55
80144,GUINNESS,2018-08-20,90.0,90.0,131079,2026-04-08T03:07:14.92421+00:00,0.0,0.0,-4.255319148936165,0.0,90.0,93.5,95.84299999999999,1.0461783921415169,0.8649668630134828,7.748977554618116,-1.8659208731999826,-0.3629497103010242,-1.5029711628989584,249104.45
80239,GUINNESS,2018-08-24,90.0,90.0,1847901,2026-04-08T03:07:20.612873+00:00,0.0,0.0,0.0,0.0,90.0,93.2,95.648,1.0371797050943268,0.8649668630134828,7.748977554618116,-1.866191984133934,-0.29057665698798063,-1.5756153271459534,310528.4
80334,GUINNESS,2018-08-27,90.0,90.0,51796,2026-04-08T03:07:24.735515+00:00,0.0,0.0,0.0,0.0,90.0,92.9,95.45299999999999,1.0371797050943268,0.8649668630134828,7.748977554618116,-1.8451372478669867,-0.21561753657682647,-1.6295197112901603,310308.0
80429,GUINNESS,2018-08-28,90.0,90.0,41535,2026-04-08T03:07:26.964049+00:00,0.0,0.0,0.0,0.0,90.0,92.6,95.31299999999999,1.0371797050943268,0.7827248418050747,7.748977554618115,-1.8076141667704633,-0.14247556438424214,-1.6651386023862211,310139.6
80524,GUINNESS,2018-08-29,90.0,90.0,20052,2026-04-08T03:07:29.382314+00:00,0.0,0.0,0.0,0.0,90.0,92.3,95.17299999999999,1.0371797050943268,0.7827248418050747,7.748977554618115,-1.7576161497658234,-0.07398203790368152,-1.6836341118621418,296646.6
80619,GUINNESS,2018-08-30,95.0,95.0,3508759,2026-04-08T03:07:31.753519+00:00,5.555555555555558,0.0,0.0,-4.255319148936165,91.0,92.25,95.133,1.6746021417216088,1.1239178444619358,63.598708481575194,-1.299553701687941,0.3072643281393608,-1.6068180298273018,471295.75
80714,GUINNESS,2018-08-31,95.0,95.0,107420,2026-04-08T03:07:34.108038+00:00,0.0,5.555555555555558,0.0,0.0,92.0,92.2,95.09299999999999,1.6746021417216088,1.1239178444619358,63.59870848157519,-0.9258631375051323,0.5447639138577358,-1.470627051362868,476090.55
80809,GUINNESS,2018-09-03,90.0,90.0,212930,2026-04-08T03:07:38.483999+00:00,-5.263157894736848,0.0,0.0,0.0,92.0,91.9,94.95299999999999,2.0414802102058434,1.3452055245933288,37.36412831911025,-1.021394881948737,0.3593857355313048,-1.3807806174800419,484531.2
80904,GUINNESS,2018-09-05,90.0,90.0,119388,2026-04-08T03:07:41.733647+00:00,0.0,-5.263157894736848,0.0,0.0,92.0,91.7,94.803,1.9985196136805166,1.3420450821096261,37.36412831911025,-1.0846018625589835,0.23694300393684675,-1.3215448664958303,474962.9
80999,GUINNESS,2018-09-06,88.0,88.0,978178,2026-04-08T03:07:44.232746+00:00,-2.2222222222222254,0.0,0.0,0.0,91.6,91.4,94.613,2.048083071456645,1.3733703441427858,31.362537600623515,-1.2813070255720334,0.03219027273903774,-1.313497298311071,502599.8
81094,GUINNESS,2018-09-07,88.0,88.0,65078,2026-04-08T03:07:46.695234+00:00,0.0,-2.2222222222222254,5.555555555555558,0.0,90.2,91.1,94.43299999999999,2.048083071456645,1.3728672725167514,31.36253760062352,-1.4208189678122096,-0.08585733560091069,-1.334961632211299,498977.85
81189,GUINNESS,2018-09-10,88.0,88.0,24464,2026-04-08T03:07:51.133138+00:00,0.0,0.0,0.0,0.0,88.8,90.8,94.25299999999999,2.048083071456645,1.3728672725167514,31.36253760062352,-1.5139315269141917,-0.14317591576231425,-1.3707556111518775,488940.95
81284,GUINNESS,2018-09-11,88.0,88.0,24659,2026-04-08T03:07:53.572062+00:00,0.0,0.0,-5.263157894736848,0.0,88.4,90.5,94.07199999999999,2.048083071456645,1.3727051485864206,31.362537600623515,-1.569630181174574,-0.15909965601815723,-1.4105305251564169,487468.4
81386,GUINNESS,2018-09-12,88.0,88.0,65689,2026-04-08T03:07:56.190409+00:00,0.0,0.0,0.0,0.0,88.0,90.2,93.89099999999999,2.048083071456645,1.3727051485864206,31.36253760062352,-1.595381204527584,-0.1478805434969337,-1.4475006610306502,487255.95
81488,GUINNESS,2018-09-13,88.0,88.0,42491,2026-04-08T03:07:58.529226+00:00,0.0,0.0,-2.2222222222222254,0.0,88.0,89.9,93.69599999999998,2.048083071456645,1.3667497875500416,31.362537600623515,-1.597375525336588,-0.11989989144475,-1.477475633891838,483232.0
81590,GUINNESS,2018-09-14,87.9,87.9,1608201,2026-04-08T03:08:00.944137+00:00,-0.1136363636363602,0.0,0.0,5.555555555555558,87.98,89.79499999999999,93.47300000000001,1.8253684091922748,1.3488864559044036,30.9744822459861,-1.5887115256816884,-0.0889887134318803,-1.499722812249808,554132.0
81692,GUINNESS,2018-09-17,86.0,86.0,172357,2026-04-08T03:08:05.572353+00:00,-2.1615472127417545,-0.1136363636363602,0.0,0.0,87.58,89.595,93.212,1.8821096095499492,1.3757481912487215,24.716805673345277,-1.715385468679358,-0.17253012514363975,-1.5428553435357182,557484.35
81794,GUINNESS,2018-09-18,86.0,86.0,650584,2026-04-08T03:08:07.840784+00:00,0.0,-2.1615472127417545,0.0,-5.263157894736848,87.17999999999999,89.395,92.992,1.8821096095499492,1.3515045400868315,24.716805673345274,-1.7950828830657883,-0.20178203162405595,-1.5933008514417324,495726.85
81896,GUINNESS,2018-09-19,86.0,86.0,571837,2026-04-08T03:08:10.07554+00:00,0.0,0.0,0.0,0.0,86.78,89.195,92.772,1.8821096095499492,1.3515045400868315,24.716805673345277,-1.8370670922509902,-0.19501299264740624,-1.642054099603584,521519.7
81998,GUINNESS,2018-09-20,88.0,88.0,1608611,2026-04-08T03:08:12.389642+00:00,2.3255813953488413,0.0,0.0,-2.2222222222222254,86.78,89.095,92.59200000000001,1.965762424998311,1.3988209762765267,40.51613585183837,-1.6894813063732954,-0.03794176541576899,-1.6515395409575264,592650.45
82100,GUINNESS,2018-09-21,88.0,88.0,83452,2026-04-08T03:08:14.761127+00:00,0.0,2.3255813953488413,-0.1136363636363602,0.0,86.8,88.99499999999999,92.411,1.965762424998311,1.3986621211557821,40.51613585183837,-1.5545980689321084,0.07755317762033442,-1.6321512465524428,590269.1
82202,GUINNESS,2018-09-24,86.15,86.15,63015,2026-04-08T03:08:19.182113+00:00,-2.102272727272725,0.0,-2.1615472127417545,0.0,86.83,88.8025,92.193,2.0160367928145844,1.4243208229593953,33.0706300636361,-1.5787824490686972,0.04269503798699659,-1.6214774870556938,501024.8
82304,GUINNESS,2018-09-25,86.15,86.15,114129,2026-04-08T03:08:21.370615+00:00,0.0,-2.102272727272725,0.0,0.0,86.86,88.61,91.975,2.0160367928145844,1.4243208229593953,33.0706300636361,-1.579738502462689,0.033391187674403966,-1.613129690137093,504141.45
82406,GUINNESS,2018-09-26,86.15,86.15,80221,2026-04-08T03:08:24.494451+00:00,0.0,0.0,0.0,0.0,86.89000000000001,88.41749999999999,91.757,2.0160367928145844,1.4243208229593953,33.0706300636361,-1.5624848291678006,0.040515888775433995,-1.6030007179432346,506075.75
82508,GUINNESS,2018-09-27,86.15,86.15,35919,2026-04-08T03:08:26.812803+00:00,0.0,0.0,2.3255813953488413,0.0,86.52000000000001,88.225,91.53,2.0160367928145844,1.421231555485292,33.0706300636361,-1.5311608990459717,0.05747185511781039,-1.5886327541637821,506869.1
82610,GUINNESS,2018-09-28,80.0,80.0,1182759,2026-04-08T03:08:29.283021+00:00,-7.138711549622756,0.0,0.0,-0.1136363636363602,84.92,87.475,91.19,2.1052439686165867,1.7240840053477857,18.153812969288186,-1.9797685218958492,-0.3129086141856534,-1.6668599077101958,390569.1
82712,GUINNESS,2018-10-02,78.05,78.05,187010,2026-04-08T03:08:34.887787+00:00,-2.4375000000000036,-7.138711549622756,-2.102272727272725,-2.1615472127417545,83.30000000000001,86.6275,90.811,2.1248970286556905,1.74771349860432,15.730930794693325,-2.4642358215999423,-0.637900731111797,-1.8263350904881452,394548.6
82814,GUINNESS,2018-10-04,78.05,78.05,40079,2026-04-08T03:08:38.279141+00:00,0.0,-2.4375000000000036,0.0,0.0,81.67999999999999,86.03,90.432,1.8745161753196813,1.74771349860432,15.730930794693327,-2.815721759298583,-0.79150933504835,-2.024212424250233,385906.05
82916,GUINNESS,2018-10-05,79.0,79.0,1079209,2026-04-08T03:08:40.455926+00:00,1.21716848174247,0.0,0.0,0.0,80.25,85.47999999999999,90.072,1.917449608412932,1.7620800650804862,21.63997658941379,-2.9832310066772862,-0.7672148659416425,-2.216016140735644,433897.1
83018,GUINNESS,2018-10-08,79.0,79.0,21259,2026-04-08T03:08:45.286665+00:00,0.0,1.21716848174247,0.0,2.3255813953488413,78.82000000000001,85.03,89.712,1.8845329774467836,1.7620800650804862,21.639976589413788,-3.080473510957731,-0.6915658961776696,-2.388907614780061,386051.15
83120,GUINNESS,2018-10-09,79.0,79.0,11906,2026-04-08T03:08:47.584215+00:00,0.0,0.0,-7.138711549622756,0.0,78.62,84.58,89.352,1.8845329774467836,1.7620800650804862,21.639976589413788,-3.1215555469500202,-0.5861183457359669,-2.5354372012140534,383392.55
83222,GUINNESS,2018-10-10,79.0,79.0,226505,2026-04-08T03:08:50.198924+00:00,0.0,0.0,-2.4375000000000036,-2.102272727272725,78.80999999999999,84.13,89.012,1.8845329774467836,1.7605084493163679,21.639976589413788,-3.1181690446995276,-0.46618547478837913,-2.6519835699111485,393494.6
83324,GUINNESS,2018-10-11,79.0,79.0,25779,2026-04-08T03:08:52.595743+00:00,0.0,0.0,0.0,0.0,79.0,83.67999999999999,88.67200000000001,1.8845329774467836,1.7605084493163679,21.639976589413788,-3.0799811122275003,-0.342398033853081,-2.7375830783744193,393550.6
83426,GUINNESS,2018-10-12,79.0,79.0,42939,2026-04-08T03:08:54.923298+00:00,0.0,0.0,1.21716848174247,0.0,79.0,83.22999999999999,88.33200000000001,1.8845329774467836,1.7605084493163679,21.63997658941379,-3.014962292060204,-0.221903370948628,-2.793058921111576,392413.1
83528,GUINNESS,2018-10-15,78.5,78.5,1833971,2026-04-08T03:08:59.688494+00:00,-0.6329113924050667,0.0,0.0,0.0,78.9,82.755,87.98200000000001,1.8806417640410977,1.7600427825457223,20.46196132605208,-2.969549116236152,-0.14119215609966052,-2.8283569601364915,481987.1
83630,GUINNESS,2018-10-16,79.0,79.0,470220,2026-04-08T03:09:01.98694+00:00,0.6369426751592355,-0.6329113924050667,0.0,-7.138711549622756,78.9,82.31,87.64200000000001,1.8972694567011554,1.7651929105397632,24.866615031560986,-2.8602419372715957,-0.025507981708082994,-2.8347339555635127,425088.05
83732,GUINNESS,2018-10-17,79.0,79.0,55916,2026-04-08T03:09:04.302348+00:00,0.0,0.6369426751592355,0.0,-2.4375000000000036,78.9,81.96000000000001,87.302,1.8597117832833396,1.7651929105397632,24.866615031560986,-2.742007059880308,0.07418151654656402,-2.816188576426872,419266.0
83834,GUINNESS,2018-10-18,79.0,79.0,16102,2026-04-08T03:09:06.644992+00:00,0.0,0.0,0.0,0.0,78.9,81.61,86.962,1.8597117832833396,1.7651929105397632,24.866615031560986,-2.61812495297967,0.1584508987577613,-2.7765758517374315,387541.9
83936,GUINNESS,2018-10-19,79.5,79.5,540527,2026-04-08T03:09:09.038287+00:00,0.6329113924050667,0.0,0.0,1.21716848174247,79.0,81.285,86.67200000000001,1.872336608908534,1.7532547472810556,29.727091775054266,-2.45134410053069,0.2601854009653932,-2.7115295014960834,385976.4
84038,GUINNESS,2018-10-22,79.5,79.5,84931,2026-04-08T03:09:13.967+00:00,0.0,0.6329113924050667,-0.6329113924050667,0.0,79.2,80.86,86.382,1.7649301886323072,1.7532547472810556,29.727091775054262,-2.2927397961842644,0.33503176424945513,-2.6277715604337195,309792.4
84140,GUINNESS,2018-10-23,79.5,79.5,14930,2026-04-08T03:09:16.194722+00:00,0.0,0.0,0.6369426751592355,0.0,79.3,80.435,86.09200000000001,1.7649301886323072,1.7532547472810556,29.72709177505426,-2.1423490757284185,0.388337987764241,-2.5306870634926595,306366.3
84242,GUINNESS,2018-10-24,80.5,80.5,576496,2026-04-08T03:09:18.448083+00:00,1.2578616352201255,0.0,0.0,0.0,79.6,80.1525,85.822,1.7634274990250283,1.7668994771266906,39.503129503176986,-1.920335273938477,0.4882814316433466,-2.4086167055818235,332040.35
84344,GUINNESS,2018-10-25,80.6,80.6,400236,2026-04-08T03:09:20.631413+00:00,0.1242236024844745,1.2578616352201255,0.0,0.0,79.92,79.875,85.55400000000002,1.7648440422055014,1.7674086123688098,40.39609431231083,-1.7165314659954873,0.5536681916690691,-2.2701996576645564,346345.7
84446,GUINNESS,2018-10-26,77.0,77.0,1392094,2026-04-08T03:09:23.109094+00:00,-4.466501240694787,0.1242236024844745,0.6329113924050667,0.0,79.42,79.4175,85.21400000000001,1.9907575717978374,1.8626798449794153,25.69311427515807,-1.8244739929234015,0.35658053179292404,-2.1810545247163255,411939.35
84548,GUINNESS,2018-10-29,77.0,77.0,10592,2026-04-08T03:09:27.901396+00:00,0.0,-4.466501240694787,0.0,-0.6329113924050667,78.92,78.96000000000001,84.87400000000001,1.9907575717978374,1.8626798449794153,25.693114275158063,-1.8882526223635097,0.2342415218822529,-2.1224941442457625,410673.0
84650,GUINNESS,2018-10-30,77.0,77.0,58073,2026-04-08T03:09:30.377337+00:00,0.0,0.0,0.0,0.6369426751592355,78.42,78.81,84.61400000000002,1.2461392189290716,1.7772989764202907,25.693114275158067,-1.9167030856301182,0.16463284689251534,-2.0813359325226335,354438.7
84752,GUINNESS,2018-10-31,73.0,73.0,1072329,2026-04-08T03:09:32.658485+00:00,-5.1948051948051965,0.0,1.2578616352201255,0.0,76.92,78.5575,84.27400000000002,1.6084894603266247,1.9067773640969807,17.070700321307335,-2.236238883509884,-0.12392236078980057,-2.1123165227200835,398704.65
84854,GUINNESS,2018-11-01,73.0,73.0,46663,2026-04-08T03:09:35.048509+00:00,0.0,-5.1948051948051965,0.1242236024844745,0.0,75.4,78.305,83.93400000000001,1.6084894603266247,1.9067773640969807,17.07070032130734,-2.4611032393016075,-0.27902937326521915,-2.1820738660363883,399033.85
84956,GUINNESS,2018-11-02,73.0,73.0,10832,2026-04-08T03:09:37.41202+00:00,0.0,0.0,-4.466501240694787,0.6329113924050667,74.6,78.00500000000001,83.59400000000001,1.5697789037030188,1.9067773640969807,17.070700321307335,-2.609232256069461,-0.3417267120264582,-2.267505544043003,345615.0
85058,GUINNESS,2018-11-05,73.0,73.0,31430,2026-04-08T03:09:41.998643+00:00,0.0,0.0,0.0,0.0,73.8,77.70500000000001,83.25399999999999,1.5697789037030188,1.9067773640969807,17.070700321307335,-2.6955529130121505,-0.34243789517531775,-2.3531150178368327,346123.55
85160,GUINNESS,2018-11-06,74.0,74.0,1335247,2026-04-08T03:09:44.485046+00:00,1.3698630136986356,0.0,0.0,0.0,73.2,77.45500000000001,82.934,1.6165182896559016,1.9224142460440723,25.48006750093623,-2.6526924258531466,-0.23966192641305106,-2.4130304994400955,412290.6
85262,GUINNESS,2018-11-08,74.0,74.0,6221,2026-04-08T03:09:47.843283+00:00,0.0,1.3698630136986356,-5.1948051948051965,1.2578616352201255,73.4,77.20500000000001,82.61399999999999,1.6165182896559016,1.9224142460440723,25.480067500936233,-2.588882158980951,-0.14068132763268437,-2.4482008313482666,401276.4
85364,GUINNESS,2018-11-09,74.0,74.0,45887,2026-04-08T03:09:50.169754+00:00,0.0,0.0,0.0,0.1242236024844745,73.6,76.95500000000001,82.294,1.6165182896559016,1.9224142460440723,25.48006750093623,-2.5093854295627835,-0.048947678571613196,-2.4604377509911703,402281.8
85466,GUINNESS,2018-11-12,74.0,74.0,13623,2026-04-08T03:09:54.975549+00:00,0.0,0.0,0.0,-4.466501240694787,73.8,76.70500000000001,81.97399999999999,1.6165182896559016,1.9224142460440723,25.480067500936226,-2.418504682245853,0.03354645499625386,-2.452051137242107,400816.0
85568,GUINNESS,2018-11-13,74.0,74.0,48291,2026-04-08T03:09:57.558923+00:00,0.0,0.0,0.0,0.0,74.0,76.48,81.654,1.6161337699686955,1.9224142460440723,25.480067500936226,-2.319740510618658,0.10584850129875933,-2.4255890119174173,311532.0
85670,GUINNESS,2018-11-14,74.0,74.0,37908,2026-04-08T03:09:59.910116+00:00,0.0,0.0,1.3698630136986356,0.0,74.0,76.23,81.234,1.6032974907385948,1.723015932691406,25.480067500936226,-2.2159253845789095,0.1677309018708062,-2.3836562864497157,289916.4
85772,GUINNESS,2018-11-15,74.0,74.0,16425,2026-04-08T03:10:02.252366+00:00,0.0,0.0,0.0,-5.1948051948051965,74.0,75.98,80.814,1.6032974907385948,1.723015932691406,25.48006750093623,-2.1093360364329214,0.21945620001343524,-2.3287922364463567,287941.85
85874,GUINNESS,2018-11-16,74.0,74.0,358267,2026-04-08T03:10:04.527169+00:00,0.0,0.0,0.0,0.0,74.0,75.73,80.494,1.6032974907385948,1.5798715647727704,25.480067500936222,-2.0017878458748584,0.2616035124571985,-2.263391358332057,305050.1
85976,GUINNESS,2018-11-19,74.0,74.0,343223,2026-04-08T03:10:09.122468+00:00,0.0,0.0,0.0,0.0,74.0,75.45500000000001,80.17399999999999,1.5898170184741105,1.5798715647727704,25.48006750093623,-1.8947140459119822,0.2949418499360599,-2.189655895848042,295184.9
86078,GUINNESS,2018-11-21,74.0,74.0,259545,2026-04-08T03:10:12.622729+00:00,0.0,0.0,0.0,0.0,74.0,75.18,79.89399999999999,1.5898170184741105,1.5580414884138023,25.48006750093623,-1.7892321337369452,0.32033900968887785,-2.109571143425823,303915.6
86180,GUINNESS,2018-11-22,74.0,74.0,30239,2026-04-08T03:10:14.989948+00:00,0.0,0.0,0.0,1.3698630136986356,74.0,74.905,79.61399999999999,1.5898170184741105,1.5580414884138023,25.480067500936233,-1.6861995001669214,0.3386973146071215,-2.024896814774043,304681.05
86282,GUINNESS,2018-11-23,74.0,74.0,121983,2026-04-08T03:10:17.221139+00:00,0.0,0.0,0.0,0.0,74.0,74.58000000000001,79.334,1.5473647640247963,1.5580414884138023,25.48006750093623,-1.586259978137221,0.35090946930945766,-1.9371694474466787,281955.4
86384,GUINNESS,2018-11-26,74.0,74.0,29857,2026-04-08T03:10:22.142454+00:00,0.0,0.0,0.0,0.0,74.0,74.25,79.054,1.5453624565565602,1.5580414884138023,25.48006750093623,-1.4898827460269075,0.357829361135817,-1.8477121071627245,263436.45
86486,GUINNESS,2018-11-27,74.0,74.0,57039,2026-04-08T03:10:24.421595+00:00,0.0,0.0,0.0,0.0,74.0,74.1,78.774,1.2167907867102097,1.5580414884138023,25.48006750093623,-1.397394797837606,0.3602538474600947,-1.7576486452977007,196683.7
86588,GUINNESS,2018-11-28,74.0,74.0,37439,2026-04-08T03:10:26.708398+00:00,0.0,0.0,0.0,0.0,74.0,73.95,78.494,1.2167907867102097,1.5580414884138023,25.48006750093623,-1.3090080031270475,0.3589125137365228,-1.6679205168635702,198026.05
86690,GUINNESS,2018-11-29,74.0,74.0,22618,2026-04-08T03:10:29.255332+00:00,0.0,0.0,0.0,0.0,74.0,73.8,78.216,1.2167907867102097,1.5584518256304687,25.48006750093623,-1.2248416197711691,0.3544631176739208,-1.57930473744509,196253.3
86792,GUINNESS,2018-11-30,74.0,74.0,366566,2026-04-08T03:10:32.706086+00:00,0.0,0.0,0.0,0.0,74.0,73.85,77.976,0.30631068184928867,1.5364732196004742,25.48006750093623,-1.1449409875718857,0.3474909998985636,-1.4924319874704493,160965.15
86894,GUINNESS,2018-12-03,74.0,74.0,77608,2026-04-08T03:10:37.185914+00:00,0.0,0.0,0.0,0.0,74.0,73.9,77.73599999999999,0.30631068184928867,1.5364732196004742,25.48006750093623,-1.069293016617209,0.3385111766825921,-1.407804193299801,162512.4
86996,GUINNESS,2018-12-04,74.0,74.0,16386,2026-04-08T03:10:39.607482+00:00,0.0,0.0,0.0,0.0,74.0,73.95,77.496,0.30631068184928867,1.5364732196004742,25.480067500936233,-0.9978389879020853,0.3279721643181728,-1.325811152220258,162790.1
87098,GUINNESS,2018-12-05,74.0,74.0,42926,2026-04-08T03:10:42.037497+00:00,0.0,0.0,0.0,0.0,74.0,74.0,77.216,0.30631068184928867,1.490240080337939,25.480067500936226,-0.9304851022944973,0.3162608399406086,-1.246745942235106,163364.9
87200,GUINNESS,2018-12-06,73.0,73.0,220002,2026-04-08T03:10:44.312069+00:00,-1.3513513513513487,0.0,0.0,0.0,73.8,73.95,76.916,0.30217134831078174,1.496288338496441,17.61588665045931,-0.9468832249404642,0.23989017383571354,-1.1867733987761777,107602.65
87302,GUINNESS,2018-12-07,73.0,73.0,70054,2026-04-08T03:10:46.663078+00:00,0.0,-1.3513513513513487,0.0,0.0,73.6,73.9,76.65299999999999,0.30217134831078174,1.4757765870775754,17.61588665045931,-0.9489400649059263,0.19026666709620121,-1.1392067320021275,110794.3
87404,GUINNESS,2018-12-10,73.0,73.0,52894,2026-04-08T03:10:51.346822+00:00,0.0,0.0,0.0,0.0,73.4,73.85,76.39,0.30217134831078174,1.4757765870775754,17.615886650459306,-0.9397374174155573,0.15957545166925624,-1.0993128690848135,111144.65
87506,GUINNESS,2018-12-11,73.0,73.0,172084,2026-04-08T03:10:53.613329+00:00,0.0,0.0,0.0,0.0,73.2,73.8,76.127,0.30217134831078174,1.4757765870775754,17.61588665045931,-0.9218181076448531,0.1419958091519684,-1.0638139167968215,119067.7
87608,GUINNESS,2018-12-12,73.0,73.0,25203,2026-04-08T03:10:55.983376+00:00,0.0,0.0,0.0,0.0,73.0,73.75,75.86399999999999,0.30217134831078174,1.4757765870775754,17.61588665045931,-0.897273712723134,0.13323216325894993,-1.030505875982084,117913.3
87710,GUINNESS,2018-12-13,73.0,73.0,13142,2026-04-08T03:10:58.622726+00:00,0.0,0.0,-1.3513513513513487,0.0,73.0,73.7,75.72399999999999,0.30217134831078174,1.10010528592647,17.615886650459306,-0.8678184322263718,0.13014995500456972,-0.9979683872309415,116675.0
87812,GUINNESS,2018-12-17,73.0,73.0,109887,2026-04-08T03:11:04.071168+00:00,0.0,0.0,0.0,0.0,73.0,73.65,75.62299999999999,0.30217134831078174,1.050786057400654,17.61588665045931,-0.834851264518349,0.13049369817007406,-0.9653449626884231,121348.1
87913,GUINNESS,2018-12-18,72.0,72.0,5271298,2026-04-08T03:11:06.547404+00:00,-1.3698630136986356,0.0,0.0,0.0,72.8,73.55,75.502,0.4187968211103719,1.0651373704567333,11.600875217776458,-0.8792803922169838,0.0688516563771514,-0.9481320485941352,366999.65
88014,GUINNESS,2018-12-19,72.0,72.0,177457,2026-04-08T03:11:08.930184+00:00,0.0,-1.3698630136986356,0.0,0.0,72.6,73.45,75.362,0.4187968211103719,1.0468770237095704,11.60087521777646,-0.9040692484798143,0.03525024009145672,-0.939319488571271,358711.35
88115,GUINNESS,2018-12-21,72.0,72.0,38504,2026-04-08T03:11:13.038597+00:00,0.0,0.0,0.0,0.0,72.4,73.35,75.222,0.4187968211103719,1.0468770237095704,11.600875217776462,-0.9131879336033535,0.02090524397433402,-0.9340931775776875,347659.3
88216,GUINNESS,2018-12-24,72.0,72.0,103392,2026-04-08T03:11:17.396489+00:00,0.0,0.0,0.0,-1.3513513513513487,72.2,73.25,75.082,0.4187968211103719,1.0468770237095704,11.600875217776462,-0.9099255024767388,0.019334140080759066,-0.9292596425574978,351316.95
88318,GUINNESS,2018-12-31,72.0,72.0,76260,2026-04-08T03:11:26.963749+00:00,0.0,0.0,0.0,0.0,72.0,73.15,74.942,0.4187968211103719,1.0468770237095704,11.60087521777646,-0.8969999452980346,0.025807757807570608,-0.9228077031056052,349030.8
88420,GUINNESS,2019-01-04,72.0,72.0,23307,2026-04-08T03:11:33.101723+00:00,0.0,0.0,-1.3698630136986356,0.0,72.0,73.05,74.80199999999999,0.4187968211103719,1.0468770237095704,11.600875217776462,-0.876650862661748,0.03692547235508592,-0.9135763350168339,348703.3
88522,GUINNESS,2019-01-07,70.0,70.0,746385,2026-04-08T03:11:37.396019+00:00,-2.777777777777779,0.0,0.0,0.0,71.6,72.85,74.622,0.7220868443349532,1.1089989954414794,5.617053763092887,-1.0102616855232327,-0.07734828040511899,-0.9329134051181137,383170.6
88624,GUINNESS,2019-01-08,70.0,70.0,104475,2026-04-08T03:11:39.720871+00:00,0.0,-2.777777777777779,0.0,0.0,71.2,72.65,74.452,0.7220868443349532,1.1079810815417726,5.617053763092887,-1.1034295759642845,-0.13641293667693666,-0.9670166392873478,386522.4
88726,GUINNESS,2019-01-09,70.0,70.0,95564,2026-04-08T03:11:42.122758+00:00,0.0,0.0,0.0,0.0,70.8,72.45,74.27199999999999,0.7220868443349532,1.101537779842659,5.617053763092887,-1.1638496658999884,-0.15746642129011246,-1.006383244609876,390169.7
88828,GUINNESS,2019-01-10,63.0,63.0,1305974,2026-04-08T03:11:44.4712+00:00,-9.999999999999998,0.0,0.0,0.0,69.0,71.9,73.952,2.287354098443311,1.7655762368989247,1.7257700582436128,-1.7563286575487638,-0.5999563303511102,-1.1563723271976536,437140.1
88930,GUINNESS,2019-01-11,66.0,66.0,2368053,2026-04-08T03:11:46.864498+00:00,4.761904761904767,-9.999999999999998,0.0,-1.3698630136986356,67.8,71.5,73.692,2.598888519753124,1.9119155788041302,25.534960839859195,-1.9611902190109163,-0.6438543134506101,-1.3173359055603062,551662.35
89032,GUINNESS,2019-01-14,65.0,65.0,1943524,2026-04-08T03:11:51.386431+00:00,-1.5151515151515138,4.761904761904767,-2.777777777777779,0.0,66.8,71.05,73.402,2.6044928560875222,1.9137345473805307,23.49187724323393,-2.1791166250680334,-0.6894245756061816,-1.4896920494618517,648019.25
89134,GUINNESS,2019-01-15,64.75,64.75,1697218,2026-04-08T03:11:53.781694+00:00,-0.38461538461538325,-1.5151515151515138,0.0,0.0,65.75,70.5875,73.107,2.6011492429475456,1.9129355184360632,22.996498522098783,-2.3449664688441914,-0.6842195355058716,-1.6607469333383198,730733.85
89236,GUINNESS,2019-01-16,71.0,71.0,776100,2026-04-08T03:11:56.273278+00:00,9.652509652509655,-0.38461538461538325,0.0,0.0,65.95,70.4875,72.937,3.46219836891092,2.382594694807121,50.88226755683511,-1.9496070419583447,-0.2310880868960199,-1.7185189550623248,758538.75
89338,GUINNESS,2019-01-17,71.0,71.0,33616,2026-04-08T03:11:58.633279+00:00,0.0,9.652509652509655,-9.999999999999998,0.0,67.55,70.3875,72.747,3.46219836891092,2.37353374686262,50.88226755683511,-1.6176347611565234,0.08070735512464111,-1.6983421162811645,756716.85
89440,GUINNESS,2019-01-18,71.0,71.0,65394,2026-04-08T03:12:01.678716+00:00,0.0,0.0,4.761904761904767,0.0,68.55,70.2875,72.555,3.46219836891092,2.373227838479831,50.882267556835124,-1.339107934190352,0.2873873456726501,-1.6264952798630021,757341.85
89542,GUINNESS,2019-01-21,71.0,71.0,46781,2026-04-08T03:12:06.146982+00:00,0.0,0.0,-1.5151515151515138,-2.777777777777779,69.75,70.1875,72.435,3.46219836891092,2.293042783522911,50.88226755683512,-1.1056284209354743,0.41669348714202226,-1.5223219080774966,751076.7
89644,GUINNESS,2019-01-22,71.0,71.0,45491,2026-04-08T03:12:26.450353+00:00,0.0,0.0,-0.38461538461538325,0.0,71.0,70.0875,72.315,3.46219836891092,2.293042783522911,50.88226755683512,-0.9101031222778317,0.489775028639732,-1.3998781509175637,752091.1
89746,GUINNESS,2019-01-23,71.0,71.0,112974,2026-04-08T03:12:28.985884+00:00,0.0,0.0,9.652509652509655,0.0,71.0,69.9875,72.195,3.46219836891092,2.293042783522911,50.88226755683512,-0.7465422401696742,0.5226687285983116,-1.2692109687679858,757082.7
89848,GUINNESS,2019-01-24,71.0,71.0,40932,2026-04-08T03:12:31.471104+00:00,0.0,0.0,0.0,-9.999999999999998,71.0,69.8875,72.155,3.46219836891092,2.17374599483799,50.88226755683512,-0.6098886460374189,0.5274578581844536,-1.1373465042218724,753634.95
89950,GUINNESS,2019-01-25,71.0,71.0,226974,2026-04-08T03:12:33.831732+00:00,0.0,0.0,0.0,4.761904761904767,71.0,69.8375,72.115,3.4488966974743454,2.17374599483799,50.88226755683512,-0.49587356634933144,0.5131783502980329,-1.0090519166473644,501418.75
90052,GUINNESS,2019-01-28,71.0,71.0,70222,2026-04-08T03:12:38.324+00:00,0.0,0.0,0.0,-1.5151515151515138,71.0,69.7875,72.075,3.4488966974743454,2.17374599483799,50.88226755683511,-0.4008945316495556,0.486525907998247,-0.8874204396478026,496057.0
90154,GUINNESS,2019-01-29,71.0,71.0,53243,2026-04-08T03:12:40.769031+00:00,0.0,0.0,0.0,-0.38461538461538325,71.0,69.7375,72.035,3.4488966974743454,2.17374599483799,50.882267556835124,-0.3219121593730847,0.4524066242197743,-0.774318783592859,496793.95
90256,GUINNESS,2019-01-30,65.0,65.0,224944,2026-04-08T03:12:43.207065+00:00,-8.450704225352112,0.0,0.0,9.652509652509655,69.8,69.3875,71.855,3.9311455299392057,2.4681986005402643,29.421220583038522,-0.7349953473687663,0.031458748979274254,-0.7664540963480405,502871.55
90358,GUINNESS,2019-01-31,65.0,65.0,104784,2026-04-08T03:12:45.452606+00:00,0.0,-8.450704225352112,0.0,0.0,68.6,69.0375,71.675,3.9311455299392057,2.4681986005402643,29.421220583038522,-1.0502600063697116,-0.22704472801733688,-0.8232152783523747,504297.75
90460,GUINNESS,2019-02-01,65.0,65.0,64683,2026-04-08T03:12:47.65569+00:00,0.0,0.0,0.0,0.0,67.4,68.6875,71.495,3.9311455299392057,2.4681986005402643,29.42122058303852,-1.2852934570813517,-0.36966254298318146,-0.9156309140981702,506366.55
90562,GUINNESS,2019-02-04,65.0,65.0,424745,2026-04-08T03:12:52.008801+00:00,0.0,0.0,0.0,0.0,66.2,68.4375,71.315,3.8929278394622293,2.4681986005402643,29.421220583038522,-1.4547892551365322,-0.4313266728306895,-1.0234625823058427,490284.55
90664,GUINNESS,2019-02-05,65.0,65.0,18544,2026-04-08T03:12:54.428036+00:00,0.0,0.0,0.0,0.0,65.0,68.1875,71.135,3.8929278394622293,2.4681986005402643,29.42122058303852,-1.57100631338335,-0.43803498486200576,-1.1329713285213443,485988.0
90766,GUINNESS,2019-02-06,65.0,65.0,18539,2026-04-08T03:12:56.795589+00:00,0.0,0.0,-8.450704225352112,0.0,65.0,67.9375,70.955,3.8929278394622293,2.4681986005402643,29.421220583038522,-1.6441563582960015,-0.4089480238197256,-1.2352083344762759,482136.75
90868,GUINNESS,2019-02-07,65.0,65.0,36028,2026-04-08T03:12:59.333395+00:00,0.0,0.0,0.0,0.0,65.0,68.0375,70.775,3.1529344127640657,2.4681986005402643,29.421220583038522,-1.6827308224492725,-0.3580179903783973,-1.3247128320708752,418639.45
90970,GUINNESS,2019-02-08,65.0,65.0,88301,2026-04-08T03:13:01.766173+00:00,0.0,0.0,0.0,0.0,65.0,67.9875,70.595,2.964745485599437,2.4681986005402643,29.421220583038515,-1.6937765613448619,-0.2952509834191892,-1.3985255779256727,304651.85
91072,GUINNESS,2019-02-11,65.0,65.0,145938,2026-04-08T03:13:07.807824+00:00,0.0,0.0,0.0,0.0,65.0,67.9875,70.415,2.9442172001540627,2.4681986005402643,29.42122058303852,-1.6831283332847704,-0.22768220428727814,-1.4554461289974923,214772.55
91174,GUINNESS,2019-02-12,65.0,65.0,97796,2026-04-08T03:13:10.389121+00:00,0.0,0.0,0.0,0.0,65.0,68.0,70.235,2.942547479221103,2.4681986005402643,29.421220583038522,-1.6556047547957036,-0.16012690063856905,-1.4954778541571345,134801.45
91276,GUINNESS,2019-02-13,65.0,65.0,240268,2026-04-08T03:13:13.120558+00:00,0.0,0.0,0.0,-8.450704225352112,65.0,67.7,70.055,1.8896349105632033,2.4681986005402643,29.421220583038522,-1.6151734069219827,-0.09575644221187862,-1.5194169647101041,108009.85
91378,GUINNESS,2019-02-14,65.0,65.0,170383,2026-04-08T03:13:15.610167+00:00,0.0,0.0,0.0,0.0,65.0,67.4,69.875,1.8896349105632033,2.4681986005402643,29.42122058303852,-1.5650898904178092,-0.03653834056616412,-1.528551549851645,114848.2
91480,GUINNESS,2019-02-15,65.0,65.0,149888,2026-04-08T03:13:17.960235+00:00,0.0,0.0,0.0,0.0,65.0,67.1,69.695,1.8896349105632033,2.4681986005402643,29.421220583038522,-1.5080148858585005,0.01642933119451584,-1.5244442170530164,119072.9
91582,GUINNESS,2019-02-18,65.0,65.0,77602,2026-04-08T03:13:22.383964+00:00,0.0,0.0,0.0,0.0,65.0,66.8,69.515,1.8896349105632033,2.4681986005402643,29.421220583038522,-1.446112647119918,0.06266525594647887,-1.5087779030663968,120613.95
91684,GUINNESS,2019-02-19,65.0,65.0,16363,2026-04-08T03:13:24.617569+00:00,0.0,0.0,0.0,0.0,65.0,66.5,69.335,1.8896349105632033,2.4681986005402643,29.42122058303852,-1.381133825918809,0.10211526171807028,-1.4832490876368793,119157.55
91786,GUINNESS,2019-02-20,65.1,65.1,265040,2026-04-08T03:13:26.870792+00:00,0.15384615384614886,0.0,0.0,0.0,65.02000000000001,66.205,69.15700000000001,1.8917574375849517,2.468585387904544,30.897595331421737,-1.306507868272135,0.14139297549179575,-1.4479008437639307,126760.85
91888,GUINNESS,2019-02-22,65.1,65.1,151815,2026-04-08T03:13:30.442816+00:00,0.0,0.15384615384614886,0.0,0.0,65.03999999999999,65.91,68.979,1.8917574375849517,2.468585387904544,30.897595331421744,-1.2331512590814668,0.171799667745971,-1.4049509268274378,132305.0
91990,GUINNESS,2019-02-25,65.1,65.1,12710,2026-04-08T03:13:35.015549+00:00,0.0,0.0,0.0,0.0,65.05999999999999,65.615,68.801,1.8917574375849517,2.468585387904544,30.897595331421734,-1.1616251264211854,0.19466064032500197,-1.3562857667461874,121591.8
92092,GUINNESS,2019-02-26,67.15,67.15,178466,2026-04-08T03:13:37.412672+00:00,3.149001536098317,0.0,0.0,0.0,65.49,65.42249999999999,68.664,2.0523319198097556,2.514207159882805,54.999368129510835,-0.9288154768848216,0.34197623188909265,-1.2707917087739142,127004.0
92194,GUINNESS,2019-02-27,67.15,67.15,36335,2026-04-08T03:13:39.910522+00:00,0.0,3.149001536098317,0.0,0.0,65.92,65.22999999999999,68.527,2.0523319198097556,2.514207159882805,54.99936812951084,-0.7358299625542202,0.4279693969757552,-1.1637993595299754,126158.6
92296,GUINNESS,2019-02-28,67.15,67.15,35172,2026-04-08T03:13:42.435587+00:00,0.0,0.0,0.15384615384614886,0.0,66.33,65.3375,68.41,0.7031672396062613,2.5084247819749272,54.99936812951084,-0.5762449588757761,0.4700435205233595,-1.0462884793991356,116670.0
92398,GUINNESS,2019-03-01,67.15,67.15,33257,2026-04-08T03:13:44.810709+00:00,0.0,0.0,0.0,0.0,66.74000000000001,65.445,68.293,0.7031672396062613,2.5084247819749272,54.999368129510835,-0.4446470789695951,0.4813131203436324,-0.9259601993132275,113093.65
92500,GUINNESS,2019-03-04,67.15,67.15,8779,2026-04-08T03:13:49.353535+00:00,0.0,0.0,0.0,0.0,67.15,65.5525,68.176,0.7031672396062613,2.5084247819749272,54.99936812951084,-0.33647612372719493,0.47158726046882615,-0.8080633841960211,110298.45
92602,GUINNESS,2019-03-05,67.15,67.15,32618,2026-04-08T03:13:51.846242+00:00,0.0,0.0,3.149001536098317,0.0,67.15,65.66,68.05900000000001,0.7031672396062613,2.5084247819749272,54.99936812951084,-0.24789231407885381,0.44813685609373377,-0.6960291701725876,90692.1
92704,GUINNESS,2019-03-06,67.15,67.15,38098,2026-04-08T03:13:54.267269+00:00,0.0,0.0,0.0,0.0,67.15,65.7675,67.94200000000001,0.7031672396062613,2.5084247819749272,54.999368129510835,-0.17566406077513363,0.4162920875179632,-0.5919561482930968,91669.8
92806,GUINNESS,2019-03-07,67.15,67.15,16931,2026-04-08T03:13:56.544072+00:00,0.0,0.0,0.0,0.15384615384614886,67.15,65.875,67.825,0.7031672396062613,2.5084247819749272,54.999368129510835,-0.11707310379043179,0.37990643560213205,-0.49697953939256384,91589.4
92908,GUINNESS,2019-03-08,67.15,67.15,16920,2026-04-08T03:13:58.936546+00:00,0.0,0.0,0.0,0.0,67.15,65.98249999999999,67.708,0.7031672396062613,2.5084247819749272,54.99936812951084,-0.06983434143728573,0.3417161583642225,-0.4115504998015082,90634.0
93010,GUINNESS,2019-03-11,67.15,67.15,29161,2026-04-08T03:14:03.582539+00:00,0.0,0.0,0.0,0.0,67.15,66.09,67.611,0.7031672396062613,2.5021421340850294,54.999368129510835,-0.03202808214138031,0.30361793412810234,-0.33564601626948265,87677.0
93112,GUINNESS,2019-03-12,67.15,67.15,20889,2026-04-08T03:14:06.149716+00:00,0.0,0.0,0.0,3.149001536098317,67.15,66.1975,67.51400000000001,0.7031672396062613,2.5021421340850294,54.99936812951084,-0.0020428011301589777,0.26688257211145894,-0.2689253732416179,81424.55
93214,GUINNESS,2019-03-13,64.0,64.0,316946,2026-04-08T03:14:08.562819+00:00,-4.690990320178711,0.0,0.0,0.0,66.52000000000001,66.14750000000001,67.354,1.2947042437991603,2.5845893946643637,24.875339420724725,-0.2298088310942319,0.03129323371790882,-0.2611020648121407,92382.05
93316,GUINNESS,2019-03-14,64.0,64.0,56289,2026-04-08T03:14:10.990955+00:00,0.0,-4.690990320178711,0.0,0.0,65.89000000000001,66.0975,67.194,1.2947042437991603,2.5845893946643637,24.875339420724732,-0.4056390958114662,-0.11562962479946037,-0.2900094710120058,83183.1
93418,GUINNESS,2019-03-15,64.0,64.0,45629,2026-04-08T03:14:13.413527+00:00,0.0,0.0,0.0,0.0,65.26,66.0475,67.034,1.2947042437991603,2.5845893946643637,24.87533942072473,-0.5387751824610092,-0.19901256915920268,-0.3397626133018065,76945.4
93520,GUINNESS,2019-03-18,64.0,64.0,40247,2026-04-08T03:14:17.594172+00:00,0.0,0.0,0.0,0.0,64.63,65.9975,66.87400000000001,1.2947042437991603,2.5845893946643637,24.875339420724732,-0.6369441941384508,-0.23774526466931545,-0.3991989294691354,71463.35
93622,GUINNESS,2019-03-19,64.0,64.0,23518,2026-04-08T03:14:19.883177+00:00,0.0,0.0,0.0,0.0,64.0,65.9475,66.754,1.2947042437991603,2.5578095146292688,24.875339420724732,-0.7065986141804643,-0.2459197477690631,-0.4606788664114012,68759.15
93724,GUINNESS,2019-03-20,64.0,64.0,50081,2026-04-08T03:14:22.215184+00:00,0.0,0.0,-4.690990320178711,0.0,64.0,65.89750000000001,66.634,1.2947042437991603,2.5578095146292688,24.87533942072473,-0.7531187596358109,-0.2339519145795277,-0.5191668450562832,70445.05
93826,GUINNESS,2019-03-21,64.0,64.0,73008,2026-04-08T03:14:24.469396+00:00,0.0,0.0,0.0,0.0,64.0,65.8425,66.51400000000001,1.2937646899821689,2.5578095146292688,24.875339420724732,-0.7809836170764868,-0.20945341761616287,-0.5715301994603239,60843.45
93928,GUINNESS,2019-03-22,64.0,64.0,30026,2026-04-08T03:14:26.929153+00:00,0.0,0.0,0.0,0.0,64.0,65.78750000000001,66.534,1.2937646899821689,2.12615762408195,24.87533942072473,-0.7939149598909552,-0.17790780834450504,-0.6160071515464501,54754.0
94030,GUINNESS,2019-03-25,64.0,64.0,25605,2026-04-08T03:14:31.400562+00:00,0.0,0.0,0.0,0.0,64.0,65.7325,66.494,1.2937646899821689,2.0146767122790656,24.875339420724732,-0.7949988899035532,-0.14319339068568238,-0.6518054992178708,55398.75
94132,GUINNESS,2019-03-26,64.0,64.0,66402,2026-04-08T03:14:33.80485+00:00,0.0,0.0,0.0,0.0,64.0,65.57500000000002,66.474,1.0489373237713115,2.0034257561024753,24.87533942072473,-0.7867883064102301,-0.10798624575388738,-0.6788020606563427,49795.55
94234,GUINNESS,2019-03-27,62.45,62.45,219076,2026-04-08T03:14:36.122563+00:00,-2.4218749999999956,0.0,0.0,-4.690990320178711,63.69,65.34,66.428,1.1548804004262532,2.0316879334695783,15.889831614070001,-0.8950359882156391,-0.17298714204743715,-0.722048846168202,58932.6
94336,GUINNESS,2019-03-28,62.45,62.45,190425,2026-04-08T03:14:38.612625+00:00,0.0,-2.4218749999999956,0.0,0.0,63.379999999999995,65.10499999999999,66.257,1.1548804004262532,1.4723204225693234,15.889831614070001,-0.9696455852060168,-0.1980773912302518,-0.771568193975765,66695.25
94438,GUINNESS,2019-03-29,62.45,62.45,27156,2026-04-08T03:14:41.061692+00:00,0.0,0.0,0.0,0.0,63.07000000000001,64.87,66.086,1.1548804004262532,1.4723204225693234,15.889831614070001,-1.0170503055237674,-0.19638568923840183,-0.8206646162853656,66390.2
94540,GUINNESS,2019-04-01,62.45,62.45,22920,2026-04-08T03:14:45.528331+00:00,0.0,0.0,0.0,0.0,62.760000000000005,64.635,65.915,1.1548804004262532,1.4723204225693234,15.88983161407,-1.042600439043106,-0.17754865820619237,-0.8650517808369137,67097.25
94641,GUINNESS,2019-04-02,62.45,62.45,28559,2026-04-08T03:14:47.809526+00:00,0.0,0.0,0.0,0.0,62.45,64.4,65.744,1.1548804004262532,1.4723204225693234,15.88983161407,-1.0507368634352474,-0.14854806607866688,-0.9021887973565805,66894.3
94742,GUINNESS,2019-04-03,62.45,62.45,41725,2026-04-08T03:14:50.124237+00:00,0.0,0.0,-2.4218749999999956,0.0,62.45,64.165,65.57300000000001,1.1548804004262532,1.4723204225693234,15.88983161407,-1.0451373456406614,-0.11435883862726459,-0.9307785070133968,67075.65
94843,GUINNESS,2019-04-04,62.45,62.45,16536,2026-04-08T03:14:52.417245+00:00,0.0,0.0,0.0,0.0,62.45,63.92999999999999,65.402,1.1548804004262532,1.4723204225693234,15.88983161407,-1.0288398619481356,-0.07844908394779093,-0.9503907780003447,67055.9
94944,GUINNESS,2019-04-05,62.45,62.45,51488,2026-04-08T03:14:54.739567+00:00,0.0,0.0,0.0,0.0,62.45,63.69500000000001,65.23100000000001,1.1548804004262532,1.4723204225693234,15.889831614070001,-1.0043465073520252,-0.04316458348134444,-0.9611819238706808,68784.3
95045,GUINNESS,2019-04-08,60.0,60.0,110718,2026-04-08T03:14:59.01768+00:00,-3.9231385108086547,0.0,0.0,0.0,61.96,63.3375,65.01100000000001,1.3987252739312501,1.560859384985919,7.816088457255207,-1.169152608368158,-0.1663765475979817,-1.0027760607701763,72862.15
95146,GUINNESS,2019-04-09,60.0,60.0,63528,2026-04-08T03:15:01.233247+00:00,0.0,-3.9231385108086547,0.0,0.0,61.470000000000006,62.98,64.791,1.3987252739312501,1.560859384985919,7.816088457255206,-1.284950521034716,-0.22573956821163188,-1.0592109528230842,74994.1
95247,GUINNESS,2019-04-10,60.0,60.0,45360,2026-04-08T03:15:03.446976+00:00,0.0,0.0,0.0,-2.4218749999999956,60.98,62.779999999999994,64.571,1.0063883959877666,1.560859384985919,7.816088457255207,-1.3610320706049848,-0.2414568942255204,-1.1195751763794644,61414.8
95348,GUINNESS,2019-04-11,60.0,60.0,39933,2026-04-08T03:15:05.608759+00:00,0.0,0.0,0.0,0.0,60.49000000000001,62.58,64.471,1.0063883959877666,1.0302142605559848,7.816088457255206,-1.4051297852756477,-0.22844368711694663,-1.176686098158701,60597.0
95449,GUINNESS,2019-04-12,60.0,60.0,3614,2026-04-08T03:15:07.869644+00:00,0.0,0.0,0.0,0.0,60.0,62.379999999999995,64.37100000000001,1.0063883959877666,1.0302142605559848,7.816088457255206,-1.4236664017808636,-0.1975842428977299,-1.2260821588831337,58496.25
95550,GUINNESS,2019-04-15,60.0,60.0,40921,2026-04-08T03:15:12.360876+00:00,0.0,0.0,-3.9231385108086547,0.0,60.0,62.17999999999999,64.271,1.0063883959877666,1.0302142605559848,7.816088457255206,-1.4219652733814598,-0.1567064915986609,-1.265258781782799,58529.95
95651,GUINNESS,2019-04-16,60.0,60.0,110009,2026-04-08T03:15:14.69338+00:00,0.0,0.0,0.0,0.0,60.0,61.98,64.171,1.0063883959877666,1.0302142605559848,7.816088457255205,-1.4044277480157632,-0.11133517298637141,-1.2930925750293918,62854.5
95752,GUINNESS,2019-04-17,60.0,60.0,138118,2026-04-08T03:15:16.974822+00:00,0.0,0.0,0.0,0.0,60.0,61.779999999999994,64.071,1.0063883959877666,1.0302142605559848,7.816088457255206,-1.3746826469683882,-0.06527205755119714,-1.309410589417191,67256.35
95853,GUINNESS,2019-04-18,60.0,60.0,79894,2026-04-08T03:15:19.360663+00:00,0.0,0.0,0.0,0.0,60.0,61.58,63.971000000000004,1.0063883959877666,1.0302142605559848,7.816088457255207,-1.3357121815099688,-0.02104127367422204,-1.3146709078357468,67600.65
95954,GUINNESS,2019-04-23,54.0,54.0,381958,2026-04-08T03:15:26.04373+00:00,-9.999999999999998,0.0,0.0,0.0,58.8,61.08,63.751000000000005,2.383037877177487,1.7315350465468238,2.2824743994788803,-1.7685904529427319,-0.36313563608558797,-1.405454816857144,85197.25
96056,GUINNESS,2019-04-24,54.0,54.0,314384,2026-04-08T03:15:28.31166+00:00,0.0,-9.999999999999998,0.0,-3.9231385108086547,57.6,60.58,63.531000000000006,2.383037877177487,1.7315350465468238,2.2824743994788808,-2.0875852188465416,-0.545704321591518,-1.5418808972550235,99636.2
96158,GUINNESS,2019-04-25,48.6,48.6,6053131,2026-04-08T03:15:30.603437+00:00,-9.999999999999998,0.0,0.0,0.0,55.32000000000001,59.81,63.203,3.13346543862744,2.203055414447327,1.3125381227731605,-2.744488978812811,-0.9620864652462298,-1.782402513566581,398972.65
96260,GUINNESS,2019-04-26,48.6,48.6,150104,2026-04-08T03:15:32.816712+00:00,0.0,-9.999999999999998,0.0,0.0,53.04,59.11750000000001,62.875,3.135326625850908,2.203055414447327,1.3125381227731605,-3.227880939141798,-1.1563827404601734,-2.0714981986816245,395524.05
96362,GUINNESS,2019-04-29,48.6,48.6,99857,2026-04-08T03:15:37.198623+00:00,0.0,0.0,0.0,0.0,50.760000000000005,58.425,62.547000000000004,3.135326625850908,2.203055414447327,1.3125381227731605,-3.5698218660190193,-1.1986589338699156,-2.3711629321491037,390995.65
96464,GUINNESS,2019-04-30,48.6,48.6,229261,2026-04-08T03:15:39.499507+00:00,0.0,0.0,-9.999999999999998,0.0,49.68,57.7325,62.21900000000001,3.135326625850908,2.203055414447327,1.3125381227731603,-3.797042570939695,-1.1407037110324731,-2.6563388599072217,401100.9
96566,GUINNESS,2019-05-02,50.0,50.0,2558550,2026-04-08T03:15:42.839166+00:00,2.8806584362139898,0.0,0.0,0.0,48.88,57.11,61.919000000000004,3.256975594309568,2.2549131119094104,14.049317509902222,-3.8201124386588603,-0.9310188630013108,-2.8890935756575495,527882.4
96668,GUINNESS,2019-05-03,50.0,50.0,110474,2026-04-08T03:15:45.02286+00:00,0.0,2.8806584362139898,-9.999999999999998,0.0,49.160000000000004,56.4875,61.61900000000001,3.256975594309568,2.2549131119094104,14.04931750990222,-3.7946530764598165,-0.7244476006418132,-3.0702054758180033,531978.15
96770,GUINNESS,2019-05-06,50.0,50.0,72833,2026-04-08T03:15:49.380478+00:00,0.0,0.0,0.0,0.0,49.44,55.86500000000001,61.319,3.256975594309568,2.2549131119094104,14.049317509902222,-3.731462373010885,-0.5290055177543049,-3.20245685525658,533533.55
96872,GUINNESS,2019-05-07,50.0,50.0,39835,2026-04-08T03:15:51.609622+00:00,0.0,0.0,0.0,0.0,49.72,55.24250000000001,61.01700000000001,3.256975594309568,2.254111633290938,14.04931750990222,-3.639430199391221,-0.3495786753077126,-3.2898515240835082,534698.5
96974,GUINNESS,2019-05-08,50.0,50.0,30907,2026-04-08T03:15:53.912422+00:00,0.0,0.0,0.0,-9.999999999999998,50.0,54.620000000000005,60.715,3.256975594309568,2.254111633290938,14.04931750990222,-3.525850232032326,-0.1887989663590539,-3.337051265673272,533669.45
97076,GUINNESS,2019-05-09,50.0,50.0,76516,2026-04-08T03:15:56.308435+00:00,0.0,0.0,2.8806584362139898,0.0,50.0,54.120000000000005,60.413000000000004,3.1924631659026006,2.254111633290938,14.049317509902222,-3.396682448693788,-0.04770494641641276,-3.3489775022773753,531959.35
97178,GUINNESS,2019-05-10,51.5,51.5,790457,2026-04-08T03:15:58.65517+00:00,3.0000000000000027,0.0,0.0,-9.999999999999998,50.3,53.69500000000001,60.1,3.303350792567642,2.2492821959875804,29.299974144441016,-3.1371158668907384,0.16948930830930964,-3.306605175200048,568305.8
97280,GUINNESS,2019-05-13,50.0,50.0,3745302,2026-04-08T03:16:02.955985+00:00,-2.9126213592232997,3.0000000000000027,0.0,0.0,50.3,53.19500000000001,59.757000000000005,3.3346440523200522,2.273571430945157,24.599422681520075,-3.01765924733688,0.2311567422905343,-3.2488159896274142,753302.9
97382,GUINNESS,2019-05-14,50.0,50.0,36974,2026-04-08T03:16:05.427951+00:00,0.0,-2.9126213592232997,0.0,0.0,50.3,52.69500000000001,59.41400000000001,3.3346440523200522,2.273571430945157,24.59942268152007,-2.889678599568626,0.2873099120470308,-3.1769885116156567,753154.95
97484,GUINNESS,2019-05-15,50.0,50.0,512241,2026-04-08T03:16:07.709974+00:00,0.0,0.0,0.0,0.0,50.3,52.19500000000001,59.071000000000005,3.3346440523200522,2.273571430945157,24.599422681520068,-2.7564780510371563,0.33640836846280076,-3.092886419499957,778586.3
97586,GUINNESS,2019-05-16,49.05,49.05,197956,2026-04-08T03:16:09.947696+00:00,-1.9000000000000017,0.0,0.0,2.8806584362139898,50.11,51.6475,58.708999999999996,3.3361701584966266,2.279866895754862,21.829250319124142,-2.696489267418059,0.31711772166551855,-3.0136069890835775,786438.05
97688,GUINNESS,2019-05-17,49.05,49.05,27102,2026-04-08T03:16:12.469468+00:00,0.0,-1.9000000000000017,3.0000000000000027,0.0,49.62,51.1,58.347,3.3361701584966266,2.279866895754862,21.82925031912414,-2.6187602857516055,0.315877362665578,-2.9346376484171834,782292.7
97791,GUINNESS,2019-05-20,50.5,50.5,83610,2026-04-08T03:16:16.967061+00:00,2.956167176350677,0.0,-2.9126213592232997,0.0,49.72,50.625,58.013999999999996,3.4440580264070677,2.3334288457425822,34.82189023060414,-2.4123485732123555,0.4178312601638625,-2.830179833376218,779567.3
97894,GUINNESS,2019-05-21,50.5,50.5,63219,2026-04-08T03:16:19.368023+00:00,0.0,2.956167176350677,0.0,0.0,49.82,50.15,57.681000000000004,3.4440580264070677,2.3334288457425822,34.82189023060413,-2.2231388431805996,0.4856327921564949,-2.7087716353370945,778733.55
97997,GUINNESS,2019-05-22,50.5,50.5,80034,2026-04-08T03:16:21.741488+00:00,0.0,0.0,0.0,0.0,49.92,49.975,57.348,2.6788152707629096,2.3334288457425822,34.82189023060414,-2.0495626861109386,0.5273671593809248,-2.5769298454918634,763637.35
98100,GUINNESS,2019-05-23,50.5,50.5,166230,2026-04-08T03:16:24.010501+00:00,0.0,0.0,-1.9000000000000017,0.0,50.21,49.8,57.015,2.6788152707629096,2.3334288457425822,34.82189023060414,-1.8902131307303094,0.5493733718092435,-2.439586502539553,756229.65
98203,GUINNESS,2019-05-24,50.5,50.5,64499,2026-04-08T03:16:26.41346+00:00,0.0,0.0,0.0,3.0000000000000027,50.5,49.894999999999996,56.681999999999995,1.4015174030358994,2.3334288457425822,34.82189023060414,-1.7438257226032619,0.5566086239490331,-2.300434346552295,456798.05
98306,GUINNESS,2019-05-27,50.5,50.5,66221,2026-04-08T03:16:30.812568+00:00,0.0,0.0,2.956167176350677,-2.9126213592232997,50.5,49.989999999999995,56.412,1.4015174030358994,2.256159841797823,34.82189023060415,-1.60926207552248,0.5529378168238521,-2.162199892346332,452603.9
98409,GUINNESS,2019-05-28,50.5,50.5,81292,2026-04-08T03:16:33.286405+00:00,0.0,0.0,0.0,0.0,50.5,50.084999999999994,56.141999999999996,1.4015174030358994,2.256159841797823,34.82189023060414,-1.4854955477466802,0.5413634756797219,-2.026859023426402,451675.65
98512,GUINNESS,2019-05-30,50.5,50.5,199811,2026-04-08T03:16:36.695359+00:00,0.0,0.0,0.0,0.0,50.5,50.17999999999999,55.872,1.4015174030358994,2.256159841797823,34.82189023060414,-1.371598746238618,0.5242082217502273,-1.8958069679888454,450203.15
98615,GUINNESS,2019-05-31,48.5,48.5,1810960,2026-04-08T03:16:39.10826+00:00,-3.960396039603964,0.0,0.0,-1.9000000000000017,50.1,50.105,55.562,1.54102310663462,2.309066763632305,24.61335550963969,-1.426276765042978,0.37562416235669405,-1.801900927399672,412823.65
98718,GUINNESS,2019-06-03,48.5,48.5,2826,2026-04-08T03:16:43.376201+00:00,0.0,-3.960396039603964,0.0,0.0,49.7,50.029999999999994,55.251999999999995,1.54102310663462,2.309066763632305,24.61335550963969,-1.4528618023963276,0.2792313000026758,-1.7320931023990034,407441.25
98821,GUINNESS,2019-06-06,47.5,47.5,3589657,2026-04-08T03:16:48.034912+00:00,-2.0618556701030966,0.0,0.0,2.956167176350677,49.1,49.904999999999994,54.922,1.5989829759843814,2.3178824712177653,21.03704530866331,-1.53690578548062,0.15614985353470678,-1.6930556390153269,583282.45
98924,GUINNESS,2019-06-07,47.5,47.5,62694,2026-04-08T03:16:50.186426+00:00,0.0,-2.0618556701030966,0.0,0.0,48.5,49.779999999999994,54.592,1.5989829759843814,2.3178824712177653,21.037045308663313,-1.5852376151280794,0.08625441910979825,-1.6714920342378776,584425.4
99027,GUINNESS,2019-06-10,47.5,47.5,45810,2026-04-08T03:16:54.498349+00:00,0.0,0.0,0.0,0.0,47.9,49.654999999999994,54.262,1.5989829759843814,2.3178824712177653,21.037045308663316,-1.6050390473005507,0.05316238954986163,-1.6582014368504123,585170.55
99130,GUINNESS,2019-06-11,47.5,47.5,136772,2026-04-08T03:16:56.702394+00:00,0.0,0.0,-3.960396039603964,0.0,47.7,49.529999999999994,53.931999999999995,1.5989829759843814,2.3178824712177653,21.037045308663316,-1.6022619466117405,0.044751592190937606,-1.647013538802678,588183.35
99233,GUINNESS,2019-06-13,47.5,47.5,76020,2026-04-08T03:17:00.140907+00:00,0.0,0.0,0.0,0.0,47.5,49.33,53.602,1.4079580739962916,2.3178824712177653,21.037045308663313,-1.581826760070804,0.052149422985499516,-1.6339761830563035,552461.5
99336,GUINNESS,2019-06-14,47.5,47.5,184417,2026-04-08T03:17:02.289964+00:00,0.0,0.0,-2.0618556701030966,0.0,47.5,49.205,53.303000000000004,1.278399702542581,2.3035878152852716,21.037045308663313,-1.5477897705008914,0.0689491300443299,-1.6167389005452213,374417.25
99439,GUINNESS,2019-06-17,46.95,46.95,283569,2026-04-08T03:17:06.378621+00:00,-1.1578947368421022,0.0,0.0,0.0,47.39,49.052499999999995,52.992999999999995,1.2927016606580986,2.3040898417274,18.705210664542058,-1.547358627441831,0.055504218482712364,-1.6028628459245433,386747.0
99542,GUINNESS,2019-06-18,45.75,45.75,4796542,2026-04-08T03:17:08.696624+00:00,-2.5559105431310014,-1.1578947368421022,0.0,0.0,47.04,48.839999999999996,52.659,1.383954755438161,2.3201259059538444,14.840162541159224,-1.625113616470287,-0.017800616436594918,-1.6073130000336922,600962.05
99645,GUINNESS,2019-06-19,45.75,45.75,64390,2026-04-08T03:17:10.975867+00:00,0.0,-2.5559105431310014,0.0,-3.960396039603964,46.69,48.675,52.325,1.3426204464528293,2.3201259059538444,14.840162541159224,-1.6675129541253995,-0.0481599632733658,-1.6193529908520337,594283.75
99748,GUINNESS,2019-06-20,45.75,45.75,117567,2026-04-08T03:17:13.205784+00:00,0.0,0.0,0.0,0.0,46.339999999999996,48.510000000000005,51.99099999999999,1.3426204464528293,2.3201259059538444,14.840162541159224,-1.6817288117853835,-0.04990065674667976,-1.6318281550387037,598807.0
99851,GUINNESS,2019-06-24,46.6,46.6,184712,2026-04-08T03:17:18.488118+00:00,1.857923497267766,0.0,0.0,-2.0618556701030966,46.160000000000004,48.315000000000005,51.67400000000001,1.2173745450640512,2.344561447808179,28.001691024247975,-1.6058953234929447,0.020746265236607275,-1.626641588729552,603862.1
99954,GUINNESS,2019-06-25,47.55,47.55,5639409,2026-04-08T03:17:20.712996+00:00,2.0386266094420513,1.857923497267766,-1.1578947368421022,0.0,46.28,48.167500000000004,51.376,1.3320398023046813,2.371985356350971,39.29421336024237,-1.4523973446485243,0.13939539526482214,-1.5917927399133465,882671.6
100057,GUINNESS,2019-06-26,47.55,47.55,56674,2026-04-08T03:17:23.021521+00:00,0.0,2.0386266094420513,-2.5559105431310014,0.0,46.64,48.019999999999996,51.078,1.3320398023046813,2.371985356350971,39.29421336024237,-1.315583858720288,0.22096710495444705,-1.536550963674735,881503.6
100160,GUINNESS,2019-06-27,47.65,47.65,2628245,2026-04-08T03:17:25.288917+00:00,0.2103049421661396,0.0,0.0,0.0,47.019999999999996,47.877500000000005,50.831,1.3352921056250833,2.3222809553585417,40.43474523480932,-1.1854241890190238,0.28090141972456917,-1.466325608743593,1004604.35
100263,GUINNESS,2019-06-28,47.65,47.65,1962540,2026-04-08T03:17:27.669324+00:00,0.0,0.2103049421661396,0.0,0.0,47.39999999999999,47.735,50.583999999999996,1.3352921056250833,2.3222809553585417,40.43474523480933,-1.0699381322557002,0.3171099811903142,-1.3870481134460144,1099506.4
100366,GUINNESS,2019-07-01,47.8,47.8,1773859,2026-04-08T03:17:31.993492+00:00,0.31479538300105414,0.0,1.857923497267766,0.0,47.64,47.6,50.34,1.3406290971061257,2.323902476512889,42.319971273893984,-0.9552987643385009,0.3453994792860109,-1.3006982436245118,1184888.3
100469,GUINNESS,2019-07-02,47.8,47.8,915241,2026-04-08T03:17:34.195482+00:00,0.0,0.31479538300105414,2.0386266094420513,-1.1578947368421022,47.69,47.465,50.096000000000004,1.3406290971061257,2.323902476512889,42.319971273893984,-0.8545950001374081,0.356882594789683,-1.211477594927091,1226585.75
100572,GUINNESS,2019-07-03,47.8,47.8,526699,2026-04-08T03:17:36.539656+00:00,0.0,0.0,0.0,-2.5559105431310014,47.739999999999995,47.33,49.852,1.3406290971061257,2.323902476512889,42.319971273893984,-0.765957065220455,0.3564164237653089,-1.122373488985764,1242930.15
100675,GUINNESS,2019-07-04,47.5,47.5,1016633,2026-04-08T03:17:38.806977+00:00,-0.6276150627614996,0.0,0.2103049421661396,0.0,47.71,47.28,49.602,1.0278595254360714,2.3232505109034256,39.219309368768606,-0.7117141582032431,0.32852746462601656,-1.0402416228292597,1203213.8
100778,GUINNESS,2019-07-05,47.5,47.5,62078,2026-04-08T03:17:41.292481+00:00,0.0,-0.6276150627614996,0.0,0.0,47.68,47.230000000000004,49.352,1.0278595254360714,2.3232505109034256,39.21930936876861,-0.6611054514723449,0.30330893708553197,-0.9644143885578769,1206176.4
100881,GUINNESS,2019-07-08,47.5,47.5,18570,2026-04-08T03:17:45.861747+00:00,0.0,0.0,0.31479538300105414,1.857923497267766,47.62,47.230000000000004,49.102,0.9181841412043166,2.3232505109034256,39.219309368768606,-0.6139207900567101,0.2803948788009335,-0.8943156688576436,1027622.05
100984,GUINNESS,2019-07-09,47.5,47.5,83271,2026-04-08T03:17:48.217581+00:00,0.0,0.0,0.0,2.0386266094420513,47.56,47.230000000000004,48.852,0.9181841412043166,2.3232505109034256,39.2193093687686,-0.5699565021663204,0.2594873333530586,-0.8294438355193791,1028650.9
101088,GUINNESS,2019-07-10,47.5,47.5,33003,2026-04-08T03:17:50.676625+00:00,0.0,0.0,0.0,0.0,47.5,47.230000000000004,48.722,0.9181841412043166,1.8694334011811138,39.219309368768606,-0.5290163164725286,0.24034201523748044,-0.769358331710009,1028010.55
101192,GUINNESS,2019-07-11,47.5,47.5,47678,2026-04-08T03:17:53.082234+00:00,0.0,0.0,-0.6276150627614996,0.2103049421661396,47.5,47.230000000000004,48.592,0.9181841412043166,1.8694334011811138,39.2193093687686,-0.49091199643924455,0.22275706821661156,-0.7136690646558561,1023555.85
101296,GUINNESS,2019-07-12,47.5,47.5,51650,2026-04-08T03:17:55.503872+00:00,0.0,0.0,0.0,0.0,47.5,47.230000000000004,48.57,0.9181841412043166,1.2289983293027378,39.2193093687686,-0.45546374574149695,0.20656425513148746,-0.6620280008729844,1022337.35
101400,GUINNESS,2019-07-15,47.5,47.5,44630,2026-04-08T03:18:00.039317+00:00,0.0,0.0,0.0,0.31479538300105414,47.5,47.230000000000004,48.548,0.9181841412043166,1.2289983293027378,39.219309368768606,-0.422500429716294,0.1916220569253524,-0.6141224866416464,1015348.0
101504,GUINNESS,2019-07-16,47.5,47.5,19361,2026-04-08T03:18:02.440443+00:00,0.0,0.0,0.0,0.0,47.5,47.2575,48.525999999999996,0.8766303365891779,1.2289983293027378,39.2193093687686,-0.39185965015562374,0.17781026918881815,-0.5696699193444419,1002137.6
101608,GUINNESS,2019-07-17,46.0,46.0,723340,2026-04-08T03:18:04.729662+00:00,-3.157894736842104,0.0,0.0,0.0,47.2,47.269999999999996,48.474,0.9759521280068801,1.3057331223149378,22.885189970621013,-0.48304582400231766,0.06929927627369936,-0.552345100276017,798477.5
101712,GUINNESS,2019-07-18,46.0,46.0,83511,2026-04-08T03:18:07.178594+00:00,0.0,-3.157894736842104,0.0,-0.6276150627614996,46.9,47.2825,48.394,0.9759521280068801,1.232990373089661,22.885189970621017,-0.5489831872838877,0.0026895303937034543,-0.5516727176775912,799433.55
101816,GUINNESS,2019-07-19,46.0,46.0,10356,2026-04-08T03:18:09.535362+00:00,0.0,0.0,0.0,0.0,46.6,47.295,48.31399999999999,0.9759521280068801,1.232990373089661,22.885189970621017,-0.5943872959827416,-0.034171662644120304,-0.5602156333386213,794073.0
101920,GUINNESS,2019-07-22,46.0,46.0,10023,2026-04-08T03:18:14.212024+00:00,0.0,0.0,0.0,0.0,46.3,47.265,48.233999999999995,0.87632260708582,1.232990373089661,22.885189970621017,-0.6231866712199263,-0.05037683030504403,-0.5728098409148823,785338.55
102024,GUINNESS,2019-07-23,46.0,46.0,27244,2026-04-08T03:18:16.654741+00:00,0.0,0.0,0.0,0.0,46.0,47.1875,48.153999999999996,0.7246781732454483,1.232990373089661,22.885189970621013,-0.6386484418904246,-0.052670880780433804,-0.5859775611099908,504730.3
102128,GUINNESS,2019-07-24,46.0,46.0,43667,2026-04-08T03:18:18.926554+00:00,0.0,0.0,-3.157894736842104,0.0,46.0,47.11,48.074,0.7246781732454483,1.232990373089661,22.885189970621013,-0.6434843198585938,-0.04600540699888245,-0.5974789128597113,504079.95
102232,GUINNESS,2019-07-25,46.0,46.0,116912,2026-04-08T03:18:21.127331+00:00,0.0,0.0,0.0,0.0,46.0,47.027499999999996,47.994,0.7204897106923884,1.232990373089661,22.885189970621013,-0.6399399584962282,-0.03396883650921345,-0.6059711219870147,378513.3
102336,GUINNESS,2019-07-26,46.0,46.0,114011,2026-04-08T03:18:23.508197+00:00,0.0,0.0,0.0,0.0,46.0,46.945,47.88399999999999,0.7204897106923884,1.1460511909500533,22.885189970621017,-0.6298702741411475,-0.019119321723306104,-0.6107509524178414,286086.85
102440,GUINNESS,2019-07-29,46.0,46.0,186232,2026-04-08T03:18:27.808584+00:00,0.0,0.0,0.0,0.0,46.0,46.855000000000004,47.803999999999995,0.7126560997547556,1.0783743735788112,22.885189970621017,-0.6148029114795719,-0.0032415672493844028,-0.6115613442301875,206705.5
102544,GUINNESS,2019-07-30,46.0,46.0,614763,2026-04-08T03:18:30.090931+00:00,0.0,0.0,0.0,0.0,46.0,46.765,47.724,0.7126560997547556,1.0783743735788112,22.885189970621017,-0.5959916967278573,0.01245571800186418,-0.6084474147297215,191681.6
102648,GUINNESS,2019-07-31,46.0,46.0,59531,2026-04-08T03:18:32.379029+00:00,0.0,0.0,0.0,-3.157894736842104,46.0,46.675,47.644,0.7126560997547556,1.0783743735788112,22.885189970621017,-0.5744616373442923,0.02718862190834337,-0.6016502592526357,168323.2
102752,GUINNESS,2019-08-01,46.0,46.0,31482,2026-04-08T03:18:34.721051+00:00,0.0,0.0,0.0,0.0,46.0,46.6,47.583,0.7061267297367795,1.0489139001624241,22.885189970621017,-0.5510467858347212,0.04048277873433159,-0.5915295645690528,119065.65
102856,GUINNESS,2019-08-02,46.0,46.0,31155,2026-04-08T03:18:37.148519+00:00,0.0,0.0,0.0,0.0,46.0,46.525,47.522,0.7061267297367795,1.0489139001624241,22.88518997062102,-0.5264220812521856,0.05208598665349384,-0.5785080679056794,117519.5
102960,GUINNESS,2019-08-05,46.0,46.0,76620,2026-04-08T03:18:41.327383+00:00,0.0,0.0,0.0,0.0,46.0,46.45,47.431999999999995,0.7061267297367795,0.9505166938487083,22.885189970621017,-0.5011301094994636,0.061902366724972735,-0.5630324762244363,120422.0
103064,GUINNESS,2019-08-06,46.0,46.0,28095,2026-04-08T03:18:43.676077+00:00,0.0,0.0,0.0,0.0,46.0,46.375,47.342,0.7061267297367795,0.9505166938487083,22.885189970621017,-0.47560357767610384,0.069943118838666,-0.5455466965147698,117663.2
103168,GUINNESS,2019-08-07,46.0,46.0,2710,2026-04-08T03:18:45.952647+00:00,0.0,0.0,0.0,0.0,46.0,46.3,47.251999999999995,0.7061267297367795,0.9505166938487083,22.885189970621017,-0.450184174365198,0.07629001771965749,-0.5264741920848555,116148.55
103272,GUINNESS,2019-08-08,41.4,41.4,65248,2026-04-08T03:18:48.284739+00:00,-9.999999999999998,0.0,0.0,0.0,45.08,45.995,47.07,2.309201154576875,1.682021686482087,4.417653711790029,-0.7920899504109045,-0.21249260666083913,-0.5795973437500653,117027.05
103376,GUINNESS,2019-08-09,41.4,41.4,63458,2026-04-08T03:18:50.530707+00:00,0.0,-9.999999999999998,0.0,0.0,44.16,45.69,46.888000000000005,2.309201154576875,1.682021686482087,4.417653711790028,-1.050938180071654,-0.3770726690572709,-0.6738655110143831,117617.45
103480,GUINNESS,2019-08-14,41.4,41.4,29225,2026-04-08T03:18:57.313874+00:00,0.0,0.0,0.0,0.0,43.239999999999995,45.385000000000005,46.706,2.309201154576875,1.682021686482087,4.417653711790028,-1.2417629961298289,-0.4543179880923567,-0.7874450080374722,116847.2
103584,GUINNESS,2019-08-15,41.4,41.4,4576,2026-04-08T03:18:59.647711+00:00,0.0,0.0,0.0,0.0,42.32,45.08,46.523999999999994,2.309201154576875,1.682021686482087,4.417653711790028,-1.3771184731426018,-0.47173877208410353,-0.9053797010584983,116107.95
103688,GUINNESS,2019-08-19,41.4,41.4,40638,2026-04-08T03:19:05.053534+00:00,0.0,0.0,0.0,0.0,41.4,44.85,46.342,2.2360679774997907,1.682021686482087,4.417653711790029,-1.4674725537293227,-0.4496742821366595,-1.0177982715926632,81972.85
103792,GUINNESS,2019-08-20,41.4,41.4,27040,2026-04-08T03:19:07.283568+00:00,0.0,0.0,-9.999999999999998,0.0,41.4,44.62,46.2,2.2360679774997907,1.6013893746549497,4.417653711790029,-1.5215394538615996,-0.4029929458151491,-1.1185465080464505,79149.3
103896,GUINNESS,2019-08-21,41.4,41.4,196754,2026-04-08T03:19:09.493441+00:00,0.0,0.0,0.0,0.0,41.4,44.39,46.058,2.2360679774997907,1.6013893746549497,4.417653711790029,-1.5465600798471542,-0.3424108574405629,-1.2041492224065913,88469.2
103999,GUINNESS,2019-08-22,41.4,41.4,376627,2026-04-08T03:19:11.834929+00:00,0.0,0.0,0.0,0.0,41.4,44.16,45.93600000000001,2.2360679774997907,1.5815924227002784,4.417653711790029,-1.54853851809969,-0.27551143655447885,-1.2730270815452112,106799.4
104102,GUINNESS,2019-08-23,41.4,41.4,4104,2026-04-08T03:19:14.066623+00:00,0.0,0.0,0.0,0.0,41.4,43.93,45.81399999999999,2.2360679774997907,1.5815924227002784,4.41765371179003,-1.5324414139602354,-0.2075314659320191,-1.3249099480282163,105642.4
104205,GUINNESS,2019-08-26,41.4,41.4,215563,2026-04-08T03:19:18.291411+00:00,0.0,0.0,0.0,0.0,41.4,43.7,45.692,2.2360679774997907,1.5815924227002784,4.41765371179003,-1.5023660028656707,-0.14196484386996344,-1.3604011589957072,114237.2
104308,GUINNESS,2019-08-27,41.4,41.4,34468,2026-04-08T03:19:20.588978+00:00,0.0,0.0,0.0,-9.999999999999998,41.4,43.47,45.57,2.2360679774997907,1.5815924227002784,4.417653711790029,-1.4616816665053562,-0.08102440600771899,-1.3806572604976373,110115.0
104411,GUINNESS,2019-08-28,41.4,41.4,151974,2026-04-08T03:19:22.939533+00:00,0.0,0.0,0.0,0.0,41.4,43.239999999999995,45.448,2.2360679774997907,1.5815924227002784,4.417653711790029,-1.4131491332714319,-0.025993498219035738,-1.3871556350523961,112013.15
104514,GUINNESS,2019-08-29,41.4,41.4,162290,2026-04-08T03:19:25.308081+00:00,0.0,0.0,0.0,0.0,41.4,43.01,45.326,2.2360679774997907,1.5815924227002784,4.417653711790029,-1.359020805144894,0.02250786392600168,-1.3815286690708957,110816.05
104617,GUINNESS,2019-08-30,41.4,41.4,76564,2026-04-08T03:19:27.686427+00:00,0.0,0.0,0.0,0.0,41.4,42.78,45.215,2.2360679774997907,1.5766695894608098,4.417653711790029,-1.301125154274871,0.06432281183681998,-1.365447966111691,83906.1
104720,GUINNESS,2019-09-02,41.4,41.4,56506,2026-04-08T03:19:32.075785+00:00,0.0,0.0,0.0,0.0,41.4,42.55,45.128,2.2360679774997907,1.5410291092821486,4.417653711790029,-1.2409376767638918,0.0996082314782396,-1.3405459082421314,83754.85
104823,GUINNESS,2019-09-03,41.4,41.4,103937,2026-04-08T03:19:34.366833+00:00,0.0,0.0,0.0,0.0,41.4,42.32,45.041000000000004,2.2360679774997907,1.5410291092821486,4.417653711790029,-1.1796405057594015,0.128724321986184,-1.3083648277455855,87377.6
104926,GUINNESS,2019-09-04,37.3,37.3,89749,2026-04-08T03:19:36.608723+00:00,-9.903381642512077,0.0,0.0,0.0,40.58,41.885,44.87200000000001,3.0631059049759397,2.064124258374904,1.3170683103161245,-1.445237987100505,-0.10949852748393551,-1.3357394596165695,90307.3
105029,GUINNESS,2019-09-05,37.3,37.3,10129082,2026-04-08T03:19:38.984327+00:00,0.0,-9.903381642512077,0.0,0.0,39.760000000000005,41.45,44.68599999999999,3.0631059049759397,2.039492929369316,1.3170683103161247,-1.636857233312476,-0.24089421895672514,-1.3959630143557509,592930.4
105132,GUINNESS,2019-09-06,37.3,37.3,28495,2026-04-08T03:19:41.363212+00:00,0.0,0.0,0.0,0.0,38.94,41.015,44.481,3.0631059049759397,2.0094433573671986,1.3170683103161245,-1.7683326286829697,-0.29789569146177497,-1.4704369372211947,592950.4
105235,GUINNESS,2019-09-09,37.3,37.3,39400,2026-04-08T03:19:45.624302+00:00,0.0,0.0,0.0,0.0,38.12,40.58,44.275999999999996,3.0631059049759397,2.0094433573671986,1.3170683103161247,-1.851188478290247,-0.30460123285524165,-1.5465872454350054,594784.9
105338,GUINNESS,2019-09-10,37.3,37.3,104760,2026-04-08T03:19:47.977958+00:00,0.0,0.0,0.0,0.0,37.3,40.375,44.068999999999996,2.2144634559780534,2.0082243989723727,1.3170683103161245,-1.8950078649821052,-0.27873649563767966,-1.6162713693444255,596760.5
105441,GUINNESS,2019-09-11,37.0,37.0,134202,2026-04-08T03:19:50.333421+00:00,-0.8042895442359144,0.0,-9.903381642512077,0.0,37.239999999999995,40.155,43.856,2.212299809748323,2.007624543063649,1.2258757718885658,-1.9316753860086777,-0.25232321333140173,-1.679352172677276,600297.7
105544,GUINNESS,2019-09-12,37.0,37.0,24485,2026-04-08T03:19:52.607202+00:00,0.0,-0.8042895442359144,0.0,0.0,37.17999999999999,39.935,43.64,2.212299809748323,2.0055623221206496,1.2258757718885656,-1.9383901060607371,-0.20723034670676865,-1.7311597593539685,600060.7
105647,GUINNESS,2019-09-13,37.0,37.0,406757,2026-04-08T03:19:55.083512+00:00,0.0,0.0,0.0,0.0,37.12,39.714999999999996,43.424,2.212299809748323,2.0055623221206496,1.2258757718885658,-1.9215610108757701,-0.1523210012174414,-1.7692400096583287,620169.75
105750,GUINNESS,2019-09-16,37.0,37.0,94950,2026-04-08T03:19:59.701348+00:00,0.0,0.0,0.0,0.0,37.059999999999995,39.495,43.208,2.212299809748323,2.0055623221206496,1.2258757718885658,-1.8864776911624617,-0.09379014520330631,-1.7926875459591554,622885.35
105853,GUINNESS,2019-09-17,37.0,37.0,153734,2026-04-08T03:20:02.523968+00:00,0.0,0.0,0.0,0.0,37.0,39.275,42.998000000000005,2.212299809748323,2.006646324247187,1.225875771888566,-1.8374924384963407,-0.03584391402974818,-1.8016485244665925,629220.05
105956,GUINNESS,2019-09-18,37.0,37.0,213523,2026-04-08T03:20:05.488272+00:00,0.0,0.0,-0.8042895442359144,-9.903381642512077,37.0,39.055,42.788000000000004,2.212299809748323,2.006646324247187,1.2258757718885658,-1.778173594515799,0.01877994396063487,-1.796953538476434,630058.5
106059,GUINNESS,2019-09-19,37.0,37.0,114501,2026-04-08T03:20:08.114889+00:00,0.0,0.0,0.0,0.0,37.0,38.835,42.578,2.212299809748323,2.006646324247187,1.225875771888566,-1.7114346302060781,0.06841512661628468,-1.7798497568223628,616952.2
106162,GUINNESS,2019-09-20,37.0,37.0,37543,2026-04-08T03:20:10.721894+00:00,0.0,0.0,0.0,0.0,37.0,38.614999999999995,42.368,2.212299809748323,2.006646324247187,1.225875771888566,-1.639642739305799,0.11216561401325098,-1.75180835331905,618624.15
106265,GUINNESS,2019-09-23,35.5,35.5,58337,2026-04-08T03:20:15.267012+00:00,-4.054054054054057,0.0,0.0,0.0,36.7,38.32,42.128,2.34255570396228,2.0679349823812845,0.7537713273168392,-1.684368263651102,0.053952071734358675,-1.7383203353854606,610762.85
106368,GUINNESS,2019-09-24,35.5,35.5,38872,2026-04-08T03:20:17.630341+00:00,0.0,-4.054054054054057,0.0,0.0,36.4,38.025,41.888000000000005,2.34255570396228,2.0679349823812845,0.7537713273168392,-1.7002145489512515,0.030484629147367492,-1.730699178098619,610983.05
106471,GUINNESS,2019-09-25,34.45,34.45,616252,2026-04-08T03:20:20.165626+00:00,-2.9577464788732355,0.0,0.0,-0.8042895442359144,35.89,37.677499999999995,41.626999999999995,2.386458334165738,2.0937785983078387,0.5742361473743639,-1.7770147491271402,-0.03705245682281677,-1.7399622923043234,634196.95
106574,GUINNESS,2019-09-26,34.45,34.45,19090,2026-04-08T03:20:22.92566+00:00,0.0,-2.9577464788732355,0.0,0.0,35.38,37.33,41.36600000000001,2.386458334165738,2.0937785983078387,0.574236147374364,-1.8169349657991063,-0.0615781387958263,-1.75535682700328,627036.95
106677,GUINNESS,2019-09-27,34.0,34.0,240627,2026-04-08T03:20:25.402499+00:00,-1.3062409288824517,0.0,0.0,0.0,34.78,36.959999999999994,41.096000000000004,2.3787972017022745,2.094065185140229,0.5134504919636733,-1.863403113154078,-0.0864370289206382,-1.7769660842334398,635240.1
106780,GUINNESS,2019-09-30,34.0,34.0,115947,2026-04-08T03:20:29.867546+00:00,0.0,-1.3062409288824517,-4.054054054054057,0.0,34.480000000000004,36.589999999999996,40.856,2.3787972017022745,2.064094868112482,0.5134504919636733,-1.8785744181968198,-0.08128666717070376,-1.797287751026116,638212.15
106883,GUINNESS,2019-10-02,34.0,34.0,476474,2026-04-08T03:20:33.475481+00:00,0.0,0.0,0.0,0.0,34.18,36.22,40.61600000000001,2.3787972017022745,2.064094868112482,0.5134504919636733,-1.869052512823501,-0.05741180943790769,-1.8116407033855932,656839.0
106986,GUINNESS,2019-10-03,32.9,32.9,348517,2026-04-08T03:20:35.801047+00:00,-3.2352941176470584,0.0,-2.9577464788732355,0.0,33.87,36.0,40.354,1.264252403066516,2.095989417986599,0.38804274487165413,-1.9280418745643715,-0.09312093694302259,-1.834920937621349,669777.4
107089,GUINNESS,2019-10-04,32.9,32.9,124799,2026-04-08T03:20:38.138638+00:00,0.0,-3.2352941176470584,0.0,0.0,33.56,35.779999999999994,40.092000000000006,1.264252403066516,2.095989417986599,0.38804274487165413,-1.9522866237965104,-0.093892548940129,-1.8583940748563814,169563.25
107192,GUINNESS,2019-10-07,32.9,32.9,147550,2026-04-08T03:20:43.38987+00:00,0.0,0.0,-1.3062409288824517,0.0,33.339999999999996,35.56,39.83,1.264252403066516,2.095989417986599,0.38804274487165424,-1.949033517083265,-0.07251155378150687,-1.8765219633017582,175516.0
107295,GUINNESS,2019-10-08,32.5,32.5,227738,2026-04-08T03:20:50.115577+00:00,-1.2158054711246202,0.0,0.0,-4.054054054054057,33.04,35.32000000000001,39.56,1.262207248130208,2.0954036449041826,0.349295555318368,-1.956182410489319,-0.0637283577500487,-1.8924540527392704,184932.9
107398,GUINNESS,2019-10-09,30.0,30.0,20233925,2026-04-08T03:20:53.067656+00:00,-7.692307692307687,-1.2158054711246202,0.0,0.0,32.239999999999995,34.955,39.24,2.000553777297724,2.316016607514194,0.20889798521839928,-2.138920917739199,-0.19717349199994283,-1.9417474257392562,1191391.15
107501,GUINNESS,2019-10-10,30.0,30.0,112249,2026-04-08T03:20:55.682822+00:00,0.0,-7.692307692307687,-3.2352941176470584,-2.9577464788732355,31.660000000000004,34.605000000000004,38.92,2.0140721808304485,2.316016607514194,0.20889798521839925,-2.257716945724269,-0.2527756159880101,-2.004941329736259,1190293.5
107604,GUINNESS,2019-10-11,29.35,29.35,744948,2026-04-08T03:20:58.30073+00:00,-2.166666666666661,0.0,0.0,0.0,30.95,34.2225,38.587,2.0144172014732726,2.3205615020254586,0.18631612615537882,-2.3769136406330986,-0.29757784871747184,-2.079335791915627,1226316.65
107707,GUINNESS,2019-10-14,29.35,29.35,258640,2026-04-08T03:21:03.536141+00:00,0.0,-2.166666666666661,0.0,-1.3062409288824517,30.24,33.839999999999996,38.254,2.0144172014732726,2.3205615020254586,0.18631612615537882,-2.443214029628532,-0.2911025901703237,-2.152111439458208,1218910.8
107810,GUINNESS,2019-10-15,29.35,29.35,153673,2026-04-08T03:21:06.159586+00:00,0.0,0.0,-1.2158054711246202,0.0,29.610000000000003,33.457499999999996,37.92100000000001,2.0144172014732726,2.3205615020254586,0.1863161261553788,-2.4673158839169282,-0.2521635555669759,-2.2151523283499523,1221846.95
107913,GUINNESS,2019-10-16,29.35,29.35,65782,2026-04-08T03:21:08.538525+00:00,0.0,0.0,-7.692307692307687,0.0,29.48,33.075,37.588,2.0144172014732726,2.3205615020254586,0.1863161261553788,-2.458081543158073,-0.19434337184649664,-2.2637381713115765,1217449.35
108016,GUINNESS,2019-10-17,29.35,29.35,101402,2026-04-08T03:21:11.125073+00:00,0.0,0.0,0.0,-3.2352941176470584,29.35,32.6925,37.255,2.0144172014732726,2.3205615020254586,0.18631612615537882,-2.422834335518992,-0.1272769313659321,-2.29555740415306,1211843.3
108119,GUINNESS,2019-10-18,29.35,29.35,61685,2026-04-08T03:21:14.04892+00:00,0.0,0.0,-2.166666666666661,0.0,29.35,32.31,36.922000000000004,2.0144172014732726,2.3205615020254586,0.1863161261553788,-2.367608354200403,-0.057640760037874106,-2.309967594162529,1209202.5
108222,GUINNESS,2019-10-21,29.35,29.35,65716,2026-04-08T03:21:18.357079+00:00,0.0,0.0,0.0,0.0,29.35,31.9275,36.589,2.0144172014732726,2.3205615020254586,0.1863161261553788,-2.2973588434328427,0.010087000583749006,-2.3074458440165917,1210611.15
108325,GUINNESS,2019-10-22,29.35,29.35,127756,2026-04-08T03:21:20.5704+00:00,0.0,0.0,0.0,-1.2158054711246202,29.35,31.619999999999997,36.256,1.9058924540895787,2.3205615020254586,0.1863161261553788,-2.216139325384951,0.07304521490531268,-2.2891845402902637,1214082.1
108428,GUINNESS,2019-10-23,29.35,29.35,140832,2026-04-08T03:21:22.84444+00:00,0.0,0.0,0.0,-7.692307692307687,29.35,31.3125,36.015,1.9058924540895787,1.9123636042490875,0.18631612615537885,-2.1272506508416207,0.12954711155891463,-2.2567977624005353,1219180.1
108531,GUINNESS,2019-10-24,26.45,26.45,6318593,2026-04-08T03:21:25.228823+00:00,-9.880749574105629,0.0,0.0,0.0,28.770000000000003,30.912500000000005,35.716,2.7399751802478503,2.3110246809528157,0.09605591489260913,-2.264705385591526,-0.006326098552792647,-2.2583792870387334,1504297.15
108634,GUINNESS,2019-10-25,23.85,23.85,543713,2026-04-08T03:21:27.539286+00:00,-9.829867674858217,-9.880749574105629,0.0,-2.166666666666661,27.669999999999998,30.3825,35.365,3.3195871841815636,2.6318387224212665,0.06544470728212098,-2.553996640616763,-0.23649388286242345,-2.3175027577543394,1530528.3
108737,GUINNESS,2019-10-28,23.85,23.85,185438,2026-04-08T03:21:32.161692+00:00,0.0,-9.829867674858217,0.0,0.0,26.570000000000004,29.875,35.014,3.3418911461783147,2.6318387224212665,0.06544470728212097,-2.7515439584785106,-0.34723296057933695,-2.4043109978991737,1527768.85
108840,GUINNESS,2019-10-29,23.85,23.85,222241,2026-04-08T03:21:34.477485+00:00,0.0,0.0,0.0,0.0,25.470000000000002,29.3675,34.663000000000004,3.3418911461783147,2.6318387224212665,0.065444707282121,-2.8749608718063335,-0.3765198991257277,-2.498440972680606,1533083.55
108943,GUINNESS,2019-10-30,23.85,23.85,60579,2026-04-08T03:21:36.754268+00:00,0.0,0.0,0.0,0.0,24.369999999999997,28.860000000000003,34.312,3.3418911461783147,2.6318387224212665,0.06544470728212098,-2.938891947811822,-0.3523607801049726,-2.586531167706849,1512288.8
109046,GUINNESS,2019-10-31,23.85,23.85,63265,2026-04-08T03:21:39.10919+00:00,0.0,0.0,-9.880749574105629,0.0,23.85,28.407500000000006,33.961,3.3420187879942906,2.6318387224212665,0.06544470728212098,-2.955488751544763,-0.2951660670703311,-2.660322684474432,1498026.2
109149,GUINNESS,2019-11-01,23.85,23.85,225537,2026-04-08T03:21:41.456138+00:00,0.0,0.0,-9.829867674858217,0.0,23.85,27.955000000000002,33.61,3.3420187879942906,2.6318387224212665,0.06544470728212098,-2.934811161859237,-0.21959078190784398,-2.715220379951393,1503063.1
109252,GUINNESS,2019-11-04,23.85,23.85,26830,2026-04-08T03:21:45.945243+00:00,0.0,0.0,0.0,0.0,23.85,27.502499999999998,33.259,3.3420187879942906,2.6318387224212665,0.06544470728212098,-2.8851656296342867,-0.1359561997463148,-2.749209429887972,1497027.1
109355,GUINNESS,2019-11-05,23.3,23.3,18823653,2026-04-08T03:21:48.37169+00:00,-2.3060796645702375,0.0,0.0,0.0,23.740000000000002,27.0425,32.897000000000006,3.345355265491521,2.6330732102817773,0.05878706780003799,-2.857264820858223,-0.08644431277620068,-2.7708205080820223,2426822.85
109458,GUINNESS,2019-11-06,23.3,23.3,641780,2026-04-08T03:21:50.755948+00:00,0.0,-2.3060796645702375,0.0,0.0,23.630000000000003,26.707500000000003,32.535,3.0351121093712763,2.6330732102817773,0.058787067800037986,-2.8028437903828625,-0.02561862584067187,-2.7772251645421906,1447215.6
109561,GUINNESS,2019-11-07,23.3,23.3,172605,2026-04-08T03:21:53.200031+00:00,0.0,0.0,0.0,-9.880749574105629,23.52,26.372500000000002,32.172999999999995,3.0351121093712763,2.6330732102817773,0.058787067800037986,-2.7282649911171752,0.03916813874001246,-2.7674331298571877,1450233.4
109664,GUINNESS,2019-11-08,23.3,23.3,1860258,2026-04-08T03:21:55.63316+00:00,0.0,0.0,0.0,-9.829867674858217,23.410000000000004,26.07,31.811,3.037803629369802,2.6330732102817773,0.05878706780003798,-2.6387429690016972,0.10295212868439263,-2.74169509768609,1505998.9
109767,GUINNESS,2019-11-12,23.3,23.3,135180,2026-04-08T03:22:01.520244+00:00,0.0,0.0,0.0,0.0,23.3,25.767500000000002,31.449,3.037803629369802,2.6330732102817773,0.05878706780003798,-2.5385334876405494,0.16252928803643218,-2.7010627756769816,1499825.9
109870,GUINNESS,2019-11-13,23.7,23.7,274154,2026-04-08T03:22:04.169594+00:00,1.716738197424883,0.0,-2.3060796645702375,0.0,23.380000000000003,25.485000000000003,31.095,3.094275596845741,2.6588701265868786,9.73259419944405,-2.399183797256285,0.2415031827365577,-2.6406869799928425,1505849.95
109973,GUINNESS,2019-11-14,26.0,26.0,650572,2026-04-08T03:22:06.510438+00:00,9.704641350210963,1.716738197424883,0.0,0.0,23.92,25.317500000000003,30.787,3.914129131756765,3.0623687526614303,43.56115171584207,-2.0791897800349233,0.44919775996633593,-2.528387540001259,1535089.45
110076,GUINNESS,2019-11-15,28.6,28.6,327077,2026-04-08T03:22:08.972682+00:00,10.000000000000009,9.704641350210963,0.0,0.0,24.98,25.28,30.613000000000003,4.56925104831007,3.157441025476193,61.243145564378736,-1.597380338849696,0.7448057609212508,-2.342186099770947,1546373.2
110179,GUINNESS,2019-11-18,31.0,31.0,807492,2026-04-08T03:22:13.551393+00:00,8.391608391608397,10.000000000000009,0.0,0.0,26.52,25.3625,30.487000000000002,4.942196142754607,3.3974126309403054,70.44712122963635,-1.0102375534327876,1.0655588370705273,-2.075796390503315,1583663.55
110281,GUINNESS,2019-11-19,31.0,31.0,222461,2026-04-08T03:22:15.801005+00:00,0.0,8.391608391608397,0.0,0.0,28.060000000000002,25.445,30.361,4.942196142754607,3.3974126309403054,70.44712122963635,-0.5387127209445204,1.2296669356470358,-1.7683796565915562,1591500.8
110383,GUINNESS,2019-11-20,31.0,31.0,160232,2026-04-08T03:22:18.11241+00:00,0.0,0.0,1.716738197424883,-2.3060796645702375,29.52,25.5275,30.235,4.942196142754607,3.3974126309403054,70.44712122963635,-0.16314525707543126,1.2841875196129,-1.4473327766883313,1593124.6
110485,GUINNESS,2019-11-21,31.0,31.0,178757,2026-04-08T03:22:20.360812+00:00,0.0,0.0,9.704641350210963,0.0,30.52,25.610000000000003,30.109,4.942196142754607,3.3974126309403054,70.44712122963635,0.13296196113625314,1.2642357902596675,-1.1312738291234143,1595020.85
110587,GUINNESS,2019-11-22,31.0,31.0,138149,2026-04-08T03:22:22.766306+00:00,0.0,0.0,10.000000000000009,0.0,31.0,25.8375,29.989,4.315618872976481,3.396941709388472,70.44712122963635,0.3634395598931448,1.1957707112132474,-0.8323311513201025,1285998.65
110689,GUINNESS,2019-11-25,31.0,31.0,91623,2026-04-08T03:22:27.077445+00:00,0.0,0.0,8.391608391608397,0.0,31.0,26.195,29.869,3.5171223917363617,3.396941709388472,70.44712122963634,0.5398714157865108,1.0977620536852908,-0.5578906378987799,1263394.15
110791,GUINNESS,2019-11-26,31.0,31.0,83637,2026-04-08T03:22:29.415971+00:00,0.0,0.0,0.0,0.0,31.0,26.552500000000002,29.749000000000002,3.5171223917363617,3.396941709388472,70.44712122963635,0.6719491215059712,0.9838718075238009,-0.3119226860178297,1258304.1
110893,GUINNESS,2019-11-27,31.0,31.0,373747,2026-04-08T03:22:31.797244+00:00,0.0,0.0,0.0,1.716738197424883,31.0,26.910000000000004,29.629,3.5171223917363617,3.396941709388472,70.44712122963635,0.7677712656279851,0.8637551613166519,-0.09598389568866672,1265879.4
110995,GUINNESS,2019-11-28,31.0,31.0,86971,2026-04-08T03:22:34.150197+00:00,0.0,0.0,0.0,9.704641350210963,31.0,27.267500000000002,29.509,3.5171223917363617,3.396941709388472,70.44712122963635,0.8340960649756823,0.7440639685314793,0.09003209644420308,1267199.0
111097,GUINNESS,2019-11-29,31.0,31.0,155938,2026-04-08T03:22:36.43862+00:00,0.0,0.0,0.0,10.000000000000009,31.0,27.625,29.389,3.5171223917363617,3.396941709388472,70.44712122963635,0.8765545708466647,0.6292179795219692,0.24733659132469543,1271832.65
111199,GUINNESS,2019-12-02,31.0,31.0,455093,2026-04-08T03:22:40.672716+00:00,0.0,0.0,0.0,8.391608391608397,31.0,27.982500000000005,29.269000000000002,3.5171223917363617,3.396941709388472,70.44712122963635,0.8998305561205484,0.5219951718366824,0.37783538428386604,1283310.45
111301,GUINNESS,2019-12-03,29.0,29.0,677002,2026-04-08T03:22:42.857808+00:00,-6.451612903225811,0.0,0.0,0.0,30.6,28.240000000000002,29.109,3.9224145657483573,3.5062181241193597,48.67907233171839,0.7482680881029857,0.2963461630552957,0.45192192504769,1315819.05
111403,GUINNESS,2019-12-04,29.0,29.0,82616,2026-04-08T03:22:45.132537+00:00,0.0,-6.451612903225811,0.0,0.0,30.2,28.525,28.979,3.8517389240871274,3.467257982700184,48.67907233171839,0.6209952930681126,0.1352586944163381,0.48573659865177454,378767.2
111505,GUINNESS,2019-12-05,29.0,29.0,23386,2026-04-08T03:22:47.409461+00:00,0.0,0.0,0.0,0.0,29.8,28.810000000000002,28.849,3.8517389240871274,3.467257982700184,48.67907233171839,0.5142032708263358,0.022773337739648958,0.4914299330866868,347847.5
111607,GUINNESS,2019-12-06,29.0,29.0,348502,2026-04-08T03:22:49.720566+00:00,0.0,0.0,0.0,0.0,29.4,29.095000000000006,28.74,3.8517389240871274,3.4469365114872805,48.67907233171839,0.4246744411972898,-0.0534043935115176,0.4780788347088074,356642.35
111709,GUINNESS,2019-12-10,29.0,29.0,59138,2026-04-08T03:22:54.948045+00:00,0.0,0.0,0.0,0.0,29.0,29.380000000000003,28.631,3.8517389240871274,3.4469365114872805,48.679072331718395,0.3496911764885269,-0.10271012657622447,0.45240130306475135,266586.35
111811,GUINNESS,2019-12-11,29.0,29.0,15638048,2026-04-08T03:22:57.463594+00:00,0.0,0.0,-6.451612903225811,0.0,29.0,29.665000000000003,28.531,3.8517389240871274,3.4439906005211514,48.67907233171838,0.286958519790911,-0.1323542266190723,0.41931274640998334,1041729.75
111913,GUINNESS,2019-12-12,29.5,29.5,8013538,2026-04-08T03:22:59.677549+00:00,1.724137931034475,0.0,0.0,0.0,29.1,29.955000000000002,28.441,3.8517947565214645,3.455252893576528,54.198386779578684,0.27442485975954867,-0.11591030932034774,0.3903351690798964,1428698.95
112015,GUINNESS,2019-12-13,29.5,29.5,95210,2026-04-08T03:23:01.961124+00:00,0.0,1.724137931034475,0.0,0.0,29.2,30.130000000000003,28.351,3.290173767217462,3.455252893576528,54.198386779578684,0.2614776918174897,-0.1030859818099254,0.3645636736274151,1400930.85
112117,GUINNESS,2019-12-16,32.4,32.4,175854,2026-04-08T03:23:06.206185+00:00,9.830508474576272,0.0,0.0,0.0,29.880000000000003,30.32,28.340999999999998,3.265035511475892,3.7077755103563175,73.42393357377675,0.47969312785356877,0.0921035633809229,0.38758956447264586,1393369.7
112219,GUINNESS,2019-12-17,35.6,35.6,347775,2026-04-08T03:23:08.526507+00:00,9.876543209876543,9.830508474576272,0.0,0.0,31.2,30.55,28.395,3.460769441214587,3.960279155291051,82.26854779690285,0.9004637044874926,0.4102993120118773,0.4901643924756153,1370383.85
112321,GUINNESS,2019-12-18,35.6,35.6,60836,2026-04-08T03:23:10.699016+00:00,0.0,9.876543209876543,0.0,-6.451612903225811,32.52,30.779999999999994,28.449,3.460769441214587,3.960279155291051,82.26854779690285,1.219865567041282,0.5837609396525333,0.6361046273887486,1362302.6
112423,GUINNESS,2019-12-19,35.6,35.6,170406,2026-04-08T03:23:13.06361+00:00,0.0,0.0,1.724137931034475,0.0,33.74,31.009999999999998,28.511000000000003,3.460769441214587,3.954924447621864,82.26854779690285,1.4562075896456292,0.6560823698055045,0.8001252198401247,1362811.3
112525,GUINNESS,2019-12-20,32.05,32.05,1229671,2026-04-08T03:23:15.515212+00:00,-9.971910112359561,0.0,0.0,0.0,34.25,31.0625,28.552000000000003,4.211301326279627,4.06018804003491,56.30485493111768,1.341589999496378,0.4331718237250025,0.9084181757713755,1415357.0
112627,GUINNESS,2019-12-23,32.05,32.05,637079,2026-04-08T03:23:19.645113+00:00,0.0,-9.971910112359561,9.830508474576272,0.0,34.18,31.115,28.593000000000004,4.211301326279627,4.06018804003491,56.304854931117674,1.2365011183310557,0.2624663540477441,0.9740347642833116,1440303.5
112729,GUINNESS,2019-12-24,32.05,32.05,7218,2026-04-08T03:23:22.081747+00:00,0.0,0.0,9.876543209876543,0.0,33.47,31.167499999999997,28.647,4.211301326279627,4.0458116090457406,56.30485493111769,1.1400753439897748,0.13283246376517055,1.0072428802246043,1436083.25
112831,GUINNESS,2019-12-27,30.05,30.05,1207203,2026-04-08T03:23:26.48241+00:00,-6.240249609984394,0.0,0.0,0.0,32.36,31.119999999999997,28.660999999999998,4.454948205402902,4.148810706826339,46.07337703361815,0.8919916137339072,-0.09220101319255769,0.9841926269264649,1492261.55
112933,GUINNESS,2019-12-31,30.05,30.05,107942,2026-04-08T03:23:31.997666+00:00,0.0,-6.240249609984394,0.0,1.724137931034475,31.25,31.072499999999998,28.675,4.454948205402902,4.148810706826339,46.07337703361815,0.6874588722088362,-0.23738700377410304,0.9248458759829392,1478971.3
113035,GUINNESS,2020-01-02,30.05,30.05,135548,2026-04-08T03:23:35.253628+00:00,0.0,0.0,-9.971910112359561,0.0,30.85,31.025,28.689,4.454948205402902,4.148810706826339,46.073377033618144,0.5193781331540492,-0.324374194263112,0.8437523274171612,1481400.15
113137,GUINNESS,2020-01-03,30.05,30.05,50639,2026-04-08T03:23:37.484442+00:00,0.0,0.0,0.0,9.830508474576272,30.45,30.9775,28.703000000000003,4.454948205402902,4.148810706826339,46.07337703361815,0.38177210531165073,-0.36958417768440843,0.7513562829960592,1476135.2
113239,GUINNESS,2020-01-06,30.05,30.05,94957,2026-04-08T03:23:41.810791+00:00,0.0,0.0,0.0,9.876543209876543,30.05,30.929999999999996,28.717,4.454948205402902,4.148810706826339,46.073377033618144,0.26961043557402675,-0.385396677937626,0.6550071135116527,1458128.4
113341,GUINNESS,2020-01-07,30.05,30.05,384006,2026-04-08T03:23:44.238014+00:00,0.0,0.0,-6.240249609984394,0.0,30.05,30.982499999999998,28.730999999999998,4.193826585044658,4.148810706826339,46.073377033618144,0.17866199990410436,-0.3810760908860388,0.5597380907901431,1443478.6
113443,GUINNESS,2020-01-08,30.05,30.05,105143,2026-04-08T03:23:46.428903+00:00,0.0,0.0,0.0,0.0,30.05,31.034999999999997,28.745,4.193826585044658,4.148810706826339,46.07337703361816,0.10537006882477584,-0.36349441757229384,0.4688644863970697,1444604.95
113545,GUINNESS,2020-01-09,30.05,30.05,258331,2026-04-08T03:23:48.760691+00:00,0.0,0.0,0.0,-9.971910112359561,30.05,31.0875,28.759,4.193826585044658,4.148810706826339,46.07337703361816,0.04674681719481555,-0.3376941353618033,0.38444095255661886,1456352.2
113648,GUINNESS,2020-01-10,30.2,30.2,5797021,2026-04-08T03:23:51.312987+00:00,0.4991680532445919,0.0,0.0,0.0,30.080000000000002,31.147499999999997,28.834,4.193677196196497,3.889175865250911,47.371022895327414,0.012250003898468975,-0.29775275892652,0.31000276282498895,1728778.15
113751,GUINNESS,2020-01-13,30.2,30.2,131393,2026-04-08T03:23:55.704331+00:00,0.0,0.4991680532445919,0.0,0.0,30.110000000000003,31.2075,28.961,4.193677196196497,3.602543852460707,47.37102289532742,-0.014917015110331278,-0.2599358223482562,0.2450188072379249,1732390.9
113854,GUINNESS,2020-01-14,30.2,30.2,138739,2026-04-08T03:23:58.044369+00:00,0.0,0.0,0.0,-6.240249609984394,30.139999999999997,31.267499999999995,29.087999999999997,4.193677196196497,3.602543852460707,47.37102289532742,-0.03603172213875894,-0.2248404235013471,0.18880870136258815,957425.45
113957,GUINNESS,2020-01-15,30.2,30.2,36666,2026-04-08T03:24:00.340453+00:00,0.0,0.0,0.0,0.0,30.169999999999998,31.3025,29.215,4.1802559233177625,3.602543852460707,47.37102289532741,-0.05216396585460714,-0.19277813377375624,0.1406141679191491,558581.85
114060,GUINNESS,2020-01-16,30.2,30.2,17217,2026-04-08T03:24:02.775573+00:00,0.0,0.0,0.0,0.0,30.2,31.3375,29.342000000000002,4.1802559233177625,3.602543852460707,47.371022895327414,-0.0642087269897651,-0.16385831592713135,0.09964958893736627,554682.2
114163,GUINNESS,2020-01-17,30.2,30.2,58295,2026-04-08T03:24:05.107796+00:00,0.0,0.0,0.4991680532445919,0.0,30.2,31.2275,29.469,3.5129218193989074,3.602543852460707,47.371022895327414,-0.07291378227241196,-0.13805069696782257,0.06513691469541062,548804.25
114266,GUINNESS,2020-01-20,30.2,30.2,417347,2026-04-08T03:24:09.637495+00:00,0.0,0.0,0.0,0.0,30.2,30.9575,29.596,2.5780854776324778,3.602543852460707,47.37102289532742,-0.0789030559864834,-0.11523197654551522,0.03632892055903182,552282.85
114369,GUINNESS,2020-01-21,30.2,30.2,80580,2026-04-08T03:24:12.081094+00:00,0.0,0.0,0.0,0.0,30.2,30.687499999999993,29.723,2.5780854776324778,3.602543852460707,47.371022895327414,-0.0826963267768619,-0.09522019786871497,0.01252387109185308,553270.05
114472,GUINNESS,2020-01-23,30.2,30.2,52626,2026-04-08T03:24:15.397306+00:00,0.0,0.0,0.0,0.0,30.2,30.4175,29.861,2.5780854776324778,3.5801144446674145,47.37102289532742,-0.08472585429893442,-0.07779978031263,-0.006926073986304421,547381.05
114575,GUINNESS,2020-01-24,30.2,30.2,73406,2026-04-08T03:24:17.760742+00:00,0.0,0.0,0.0,0.0,30.2,30.325,29.999000000000002,1.405663040183747,3.5801144446674145,47.371022895327414,-0.08535040316324682,-0.06273946334155392,-0.0226109398216929,489567.8
114678,GUINNESS,2020-01-27,30.2,30.2,66288,2026-04-08T03:24:22.426106+00:00,0.0,0.0,0.0,0.4991680532445919,30.2,30.232499999999998,30.137000000000004,1.405663040183747,3.5801144446674145,47.37102289532742,-0.08486706790693077,-0.04980490246819029,-0.03506216543874048,461028.25
114781,GUINNESS,2020-01-28,30.2,30.2,88519,2026-04-08T03:24:24.728321+00:00,0.0,0.0,0.0,0.0,30.2,30.140000000000004,30.275,1.405663040183747,3.5801144446674145,47.37102289532742,-0.08352124036529318,-0.03876725994124216,-0.04475398042405102,465093.3
114884,GUINNESS,2020-01-29,30.2,30.2,831185,2026-04-08T03:24:27.287495+00:00,0.0,0.0,0.0,0.0,30.2,30.147499999999997,30.412999999999997,0.11161736992516294,3.5801144446674145,47.37102289532742,-0.08151500807067436,-0.029408822117298665,-0.05210618595337569,446292.4
114987,GUINNESS,2020-01-30,30.2,30.2,174121,2026-04-08T03:24:29.658352+00:00,0.0,0.0,0.0,0.0,30.2,30.155,30.543000000000003,0.11161736992516294,3.577236703235481,47.37102289532743,-0.0790142276908945,-0.021526433390015046,-0.057487794300879455,449601.35
115090,GUINNESS,2020-01-31,30.2,30.2,88316,2026-04-08T03:24:31.961868+00:00,0.0,0.0,0.0,0.0,30.2,30.1625,30.627000000000002,0.11161736992516294,3.3245920235309696,47.37102289532742,-0.07615447978433565,-0.014933348386764952,-0.0612211313975707,447239.75
115193,GUINNESS,2020-02-03,30.2,30.2,164452,2026-04-08T03:24:36.430808+00:00,0.0,0.0,0.0,0.0,30.2,30.169999999999998,30.659000000000002,0.11161736992516294,3.019176706935084,47.37102289532743,-0.07304607923321882,-0.009459958268518504,-0.06358612096470032,452930.4
115296,GUINNESS,2020-02-04,30.2,30.2,187742,2026-04-08T03:24:38.687124+00:00,0.0,0.0,0.0,0.0,30.2,30.177500000000002,30.642999999999997,0.11161736992516294,2.7752517097934652,47.371022895327414,-0.06977828872469871,-0.004953734207998717,-0.0648245545167,457569.65
115399,GUINNESS,2020-02-05,30.2,30.2,89603,2026-04-08T03:24:41.03998+00:00,0.0,0.0,0.0,0.0,30.2,30.184999999999995,30.627,0.11161736992516294,2.7752517097934652,47.37102289532743,-0.06642285982229978,-0.0012786442444798207,-0.06514421557781996,442849.5
115502,GUINNESS,2020-02-06,30.2,30.2,28860,2026-04-08T03:24:43.345135+00:00,0.0,0.0,0.0,0.0,30.2,30.192500000000003,30.611,0.11161736992516294,2.7752517097934652,47.37102289532743,-0.06303700686660463,0.0016857669689722687,-0.0647227738355769,439035.35
115605,GUINNESS,2020-02-07,30.2,30.2,35262,2026-04-08T03:24:45.609576+00:00,0.0,0.0,0.0,0.0,30.2,30.2,30.595,0.11161736992516294,2.7752517097934652,47.37102289532742,-0.05966590262078597,0.004045496971832749,-0.06371139959261872,427881.9
115708,GUINNESS,2020-02-10,30.2,30.2,235267,2026-04-08T03:24:50.182603+00:00,0.0,0.0,0.0,0.0,30.2,30.2,30.579,1.041469480428204e-07,2.7752517097934652,47.37102289532742,-0.056344770774394703,0.005893303054579219,-0.06223807382897392,149794.2
115811,GUINNESS,2020-02-11,30.2,30.2,12667,2026-04-08T03:24:52.780016+00:00,0.0,0.0,0.0,0.0,30.2,30.2,30.563,1.041469480428204e-07,2.7752517097934652,47.37102289532742,-0.05310063874916793,0.007309948063844794,-0.06041058681301272,143857.9
115914,GUINNESS,2020-02-12,28.0,28.0,754217,2026-04-08T03:24:55.120152+00:00,-7.284768211920523,0.0,0.0,0.0,29.76,30.090000000000003,30.502999999999997,1.6289236922183914,2.959563747525517,16.90633112797984,-0.2254523798832544,-0.13203343445619334,-0.09341894542706106,174631.8
116017,GUINNESS,2020-02-13,28.0,28.0,15866,2026-04-08T03:24:57.649025+00:00,0.0,-7.284768211920523,0.0,0.0,29.32,29.98,30.442999999999998,1.6289236922183914,2.959563747525517,16.90633112797984,-0.3579165374112918,-0.21159807358738458,-0.14631846382390723,173591.8
116120,GUINNESS,2020-02-14,25.2,25.2,662707,2026-04-08T03:25:00.080254+00:00,-9.999999999999998,0.0,0.0,0.0,28.32,29.729999999999997,30.326999999999998,2.69629070053869,3.2701013775092083,8.67317012591382,-0.6809819994356978,-0.42773082848943245,-0.25325117094626537,205866.3
116223,GUINNESS,2020-02-17,25.2,25.2,55818,2026-04-08T03:25:04.377856+00:00,0.0,-9.999999999999998,0.0,0.0,27.32,29.48,30.211,2.69629070053869,3.2701013775092083,8.67317012591382,-0.9263354867831879,-0.538467452669538,-0.3878680341136499,205742.45
116326,GUINNESS,2020-02-18,25.2,25.2,249984,2026-04-08T03:25:06.773592+00:00,0.0,0.0,0.0,0.0,26.32,29.23,30.095,2.69629070053869,3.2701013775092083,8.673170125913819,-1.1080074727473637,-0.576111550906971,-0.5318959218403927,197374.3
116429,GUINNESS,2020-02-19,25.2,25.2,612705,2026-04-08T03:25:09.231504+00:00,0.0,0.0,-7.284768211920523,0.0,25.76,28.98,30.019000000000002,2.69629070053869,3.1499227927921787,8.673170125913822,-1.237716208499954,-0.564656229327649,-0.673059979172305,223980.55
116532,GUINNESS,2020-02-20,25.2,25.2,300531,2026-04-08T03:25:11.501588+00:00,0.0,0.0,0.0,0.0,25.2,28.73,29.942999999999998,2.69629070053869,3.1499227927921787,8.67317012591382,-1.3252348338502777,-0.5217398837423781,-0.8034949501078996,236375.8
116635,GUINNESS,2020-02-21,25.2,25.2,306850,2026-04-08T03:25:13.948187+00:00,0.0,0.0,-9.999999999999998,0.0,25.2,28.479999999999997,29.866999999999997,2.69629070053869,3.1499227927921787,8.673170125913819,-1.3787011661463957,-0.4601649728307968,-0.9185361933155989,248048.0
116738,GUINNESS,2020-02-24,25.2,25.2,26097,2026-04-08T03:25:18.415367+00:00,0.0,0.0,0.0,0.0,25.2,28.23,29.791,2.69629070053869,3.1499227927921787,8.673170125913819,-1.4048790485305744,-0.38907428417198053,-1.015804764358594,246038.45
116841,GUINNESS,2020-02-25,25.2,25.2,43016,2026-04-08T03:25:20.711298+00:00,0.0,0.0,0.0,0.0,25.2,27.979999999999997,29.715,2.69629070053869,3.1499227927921787,8.673170125913819,-1.409378767794184,-0.314859202748472,-1.094519565045712,243763.3
116944,GUINNESS,2020-02-26,25.2,25.2,48345,2026-04-08T03:25:23.465375+00:00,0.0,0.0,0.0,-7.284768211920523,25.2,27.73,29.639,2.69629070053869,3.1499227927921787,8.673170125913817,-1.3968428923705822,-0.24185866185989613,-1.154984230510686,204621.3
117047,GUINNESS,2020-02-27,25.2,25.2,159617,2026-04-08T03:25:26.011368+00:00,0.0,0.0,0.0,0.0,25.2,27.48,29.552999999999997,2.69629070053869,3.137491742532835,8.673170125913819,-1.3711029000316266,-0.1728949356167524,-1.1982079644148742,203896.1
117150,GUINNESS,2020-02-28,25.2,25.2,40355,2026-04-08T03:25:28.472167+00:00,0.0,0.0,0.0,-9.999999999999998,25.2,27.229999999999997,29.467,2.69629070053869,3.137491742532835,8.673170125913817,-1.3353111350933382,-0.10968253654277116,-1.225628598550567,201498.05
117253,GUINNESS,2020-03-02,25.2,25.2,194671,2026-04-08T03:25:32.979972+00:00,0.0,0.0,0.0,0.0,25.2,26.98,29.323,2.69629070053869,2.7794839327933225,8.673170125913819,-1.2920519331035898,-0.05313866764241815,-1.2389132654611716,203009.0
117356,GUINNESS,2020-03-03,25.2,25.2,201320,2026-04-08T03:25:35.324079+00:00,0.0,0.0,0.0,0.0,25.2,26.729999999999997,29.115,2.69629070053869,2.347033211887163,8.673170125913819,-1.2434351573782436,-0.003617513533657579,-1.239817643844586,203687.9
117459,GUINNESS,2020-03-04,25.2,25.2,71076,2026-04-08T03:25:37.587456+00:00,0.0,0.0,0.0,0.0,25.2,26.48,28.907000000000004,2.69629070053869,2.347033211887163,8.673170125913817,-1.1911748897030812,0.03891420331320394,-1.230089093016285,202761.55
117562,GUINNESS,2020-03-05,25.2,25.2,482831,2026-04-08T03:25:39.825698+00:00,0.0,0.0,0.0,0.0,25.2,26.23,28.698999999999998,2.69629070053869,2.347033211887163,8.673170125913817,-1.1366555929239297,0.07474680007388423,-1.211402392997814,225460.1
117665,GUINNESS,2020-03-09,25.2,25.2,46415,2026-04-08T03:25:45.227559+00:00,0.0,0.0,0.0,0.0,25.2,25.98,28.561999999999998,2.69629070053869,1.925415071552524,8.673170125913815,-1.080987704075035,0.10433175113822313,-1.1853194552132582,226017.75
117768,GUINNESS,2020-03-10,25.2,25.2,6910,2026-04-08T03:25:47.644077+00:00,0.0,0.0,0.0,0.0,25.2,25.73,28.425,2.69629070053869,1.925415071552524,8.673170125913815,-1.0250543130501164,0.12821211373051344,-1.1532664267806298,214599.9
117871,GUINNESS,2020-03-11,25.2,25.2,116748,2026-04-08T03:25:49.940962+00:00,0.0,0.0,0.0,0.0,25.2,25.479999999999997,28.288,2.69629070053869,1.925415071552524,8.673170125913815,-0.9695503250613626,0.14697288137541387,-1.1165232064367765,219803.95
117974,GUINNESS,2020-03-12,25.2,25.2,33846,2026-04-08T03:25:52.243289+00:00,0.0,0.0,0.0,0.0,25.2,25.34,28.191000000000003,2.236067977499791,1.7360633934221907,8.673170125913815,-0.9150152880324356,0.16120633472347268,-1.0762216227559083,183785.4
118077,GUINNESS,2020-03-13,25.2,25.2,220221,2026-04-08T03:25:54.520183+00:00,0.0,0.0,0.0,0.0,25.2,25.2,28.093999999999998,2.236067977499791,1.7360633934221907,8.673170125913815,-0.8618608825193732,0.17148859218922818,-1.0333494747086014,194003.15
118180,GUINNESS,2020-03-16,25.2,25.2,10435,2026-04-08T03:25:58.965391+00:00,0.0,0.0,0.0,0.0,25.2,25.2,27.997,0.0,1.7360633934221907,8.673170125913815,-0.8103939165758689,0.178364446506186,-0.9887583630820549,161389.55
118283,GUINNESS,2020-03-17,25.2,25.2,67655,2026-04-08T03:26:01.331984+00:00,0.0,0.0,0.0,0.0,25.2,25.2,27.9,0.0,1.7360633934221907,8.673170125913815,-0.7608355368016078,0.1823382610243578,-0.9431737978259656,161981.4
118386,GUINNESS,2020-03-18,25.2,25.2,59894,2026-04-08T03:26:03.589989+00:00,0.0,0.0,0.0,0.0,25.2,25.2,27.803,0.0,1.7360633934221907,8.673170125913815,-0.713337255932295,0.18386923351493656,-0.8972064894472316,152476.9
118489,GUINNESS,2020-03-19,25.2,25.2,40135,2026-04-08T03:26:05.957067+00:00,0.0,0.0,0.0,0.0,25.2,25.2,27.706000000000003,0.0,1.7360633934221907,8.673170125913815,-0.6679943036166556,0.18336974866446087,-0.8513640522811164,123848.4
118592,GUINNESS,2020-03-20,25.2,25.2,36063,2026-04-08T03:26:08.377452+00:00,0.0,0.0,0.0,0.0,25.2,25.2,27.608999999999995,0.0,1.7360633934221907,8.673170125913815,-0.6248567278295667,0.1812058595612399,-0.8060625873908066,110625.0
118695,GUINNESS,2020-03-23,25.2,25.2,5592,2026-04-08T03:26:12.667002+00:00,0.0,0.0,0.0,0.0,25.2,25.2,27.511999999999997,0.0,1.7360633934221907,8.673170125913815,-0.5839386074513122,0.17769918395159556,-0.7616377914029078,95562.1
118798,GUINNESS,2020-03-24,25.2,25.2,4140,2026-04-08T03:26:14.960057+00:00,0.0,0.0,0.0,0.0,25.2,25.2,27.412,0.0,1.732596162532003,8.673170125913815,-0.545225680004517,0.17312968911871263,-0.7183553691232296,94464.25
118901,GUINNESS,2020-03-25,25.2,25.2,23790,2026-04-08T03:26:17.224804+00:00,0.0,0.0,0.0,0.0,25.2,25.2,27.312,0.0,1.732596162532003,8.673170125913815,-0.5086816407797663,0.1677389826747706,-0.6764206234545369,93502.95
119004,GUINNESS,2020-03-26,25.2,25.2,288640,2026-04-08T03:26:19.64473+00:00,0.0,0.0,0.0,0.0,25.2,25.2,27.212,0.0,1.732596162532003,8.673170125913815,-0.4742533292415203,0.1617338353704133,-0.6359871646119336,105517.7
119107,GUINNESS,2020-03-27,25.2,25.2,11280,2026-04-08T03:26:21.968693+00:00,0.0,0.0,0.0,0.0,25.2,25.2,27.112,0.0,1.732596162532003,8.673170125913815,-0.4418749845407106,0.15528974405697837,-0.597164728597689,98100.85
119210,GUINNESS,2020-03-30,25.2,25.2,160677,2026-04-08T03:26:26.43282+00:00,0.0,0.0,0.0,0.0,25.2,25.2,27.011999999999997,0.0,1.732596162532003,8.673170125913817,-0.41147172319915626,0.14855440431882627,-0.5600261275179825,104116.95
119313,GUINNESS,2020-03-31,25.2,25.2,68168,2026-04-08T03:26:28.926506+00:00,0.0,0.0,0.0,0.0,25.2,25.2,26.912,0.0,1.732596162532003,8.673170125913815,-0.3829623677526506,0.14165100781226558,-0.5246133755649162,97791.8
119416,GUINNESS,2020-04-01,22.7,22.7,229965,2026-04-08T03:26:31.173614+00:00,-9.92063492063492,0.0,0.0,0.0,24.7,25.075,26.762000000000004,2.218321406249791,2.1977918693024723,1.5328759841458932,-0.5556919340808513,-0.024862846812748085,-0.5308290872681032,99224.05
119519,GUINNESS,2020-04-02,22.7,22.7,23028,2026-04-08T03:26:33.480235+00:00,0.0,-9.92063492063492,0.0,0.0,24.2,24.95,26.612,2.218321406249791,2.1977918693024723,1.5328759841458932,-0.6846886947758115,-0.12308768600616671,-0.5616010087696448,96821.65
119622,GUINNESS,2020-04-03,22.7,22.7,88903,2026-04-08T03:26:35.777807+00:00,0.0,0.0,0.0,0.0,23.7,24.825,26.462,2.218321406249791,2.1977918693024723,1.5328759841458932,-0.7779518127587544,-0.17308064319128758,-0.6048711695674668,77125.25
119725,GUINNESS,2020-04-06,22.7,22.7,878554,2026-04-08T03:26:40.135575+00:00,0.0,0.0,0.0,0.0,23.2,24.699999999999996,26.311999999999998,2.218321406249791,2.1977918693024723,1.532875984145893,-0.8421556594660835,-0.1898275919188933,-0.6523280675471902,118732.2
119828,GUINNESS,2020-04-07,22.7,22.7,1091651,2026-04-08T03:26:42.376644+00:00,0.0,0.0,0.0,0.0,22.7,24.574999999999996,26.162,2.218321406249791,2.1977918693024723,1.532875984145893,-0.8828606030747785,-0.18442602842207056,-0.698434574652708,172969.25
119931,GUINNESS,2020-04-08,22.7,22.7,68137,2026-04-08T03:26:44.690105+00:00,0.0,0.0,-9.92063492063492,0.0,22.7,24.45,26.012000000000004,2.218321406249791,2.1977918693024723,1.532875984145893,-0.9046908511662117,-0.16500502121080296,-0.7396858299554088,170538.7
120034,GUINNESS,2020-04-09,22.7,22.7,183659,2026-04-08T03:26:47.020639+00:00,0.0,0.0,0.0,0.0,22.7,24.325,25.862,2.218321406249791,2.1977918693024723,1.532875984145893,-0.9114844546433574,-0.13743889975035883,-0.7740455548929985,178029.35
120137,GUINNESS,2020-04-14,22.7,22.7,201634,2026-04-08T03:26:53.304016+00:00,0.0,0.0,0.0,0.0,22.7,24.2,25.712,2.218321406249791,2.1977918693024723,1.532875984145893,-0.9064197912178358,-0.10589938905986973,-0.800520402157966,177100.0
120240,GUINNESS,2020-04-15,22.5,22.5,1424675,2026-04-08T03:26:55.643286+00:00,-0.8810572687224627,0.0,0.0,0.0,22.66,24.065,25.557999999999996,2.2167001486516003,2.1968721823020014,1.369674849909613,-0.9080765957566115,-0.08604495487891628,-0.8220316408776952,247812.0
120343,GUINNESS,2020-04-16,22.4,22.4,640851,2026-04-08T03:26:58.005731+00:00,-0.4444444444444473,-0.8810572687224627,0.0,0.0,22.6,23.924999999999997,25.401999999999997,2.2132259206889584,2.1954516400149897,1.2954108445500585,-0.9070034187342095,-0.06797742228521142,-0.8390259964489981,276471.8
120446,GUINNESS,2020-04-17,22.4,22.4,343703,2026-04-08T03:27:00.196144+00:00,0.0,-0.4444444444444473,0.0,-9.92063492063492,22.54,23.785,25.246,2.2132259206889584,2.1954516400149897,1.295410844550059,-0.8958263892296543,-0.04544031422452488,-0.8503860750051294,290662.25
120549,GUINNESS,2020-04-20,20.3,20.3,1920649,2026-04-08T03:27:04.902814+00:00,-9.37499999999999,0.0,0.0,0.0,22.06,23.54,25.048000000000002,2.9560095007324607,2.521799286634465,0.5582382804944712,-1.0443819770625034,-0.15519672164589904,-0.8891852554166043,384687.95
120652,GUINNESS,2020-04-21,20.3,20.3,792370,2026-04-08T03:27:07.124699+00:00,0.0,-9.37499999999999,0.0,0.0,21.580000000000002,23.294999999999998,24.85,2.9560095007324607,2.521799286634465,0.5582382804944711,-1.1488698937171549,-0.2077477106404404,-0.9411221830767145,422503.3
120755,GUINNESS,2020-04-22,19.0,19.0,2845199,2026-04-08T03:27:09.50407+00:00,-6.403940886699511,0.0,-0.8810572687224627,0.0,20.880000000000003,22.985,24.625999999999998,3.1770238732629648,2.642256585080319,0.39631863278481616,-1.3213448153842826,-0.3041781058460544,-1.0171667095382282,564483.65
120858,GUINNESS,2020-04-23,18.9,18.9,2042763,2026-04-08T03:27:11.732195+00:00,-0.526315789473697,-6.403940886699511,-0.4444444444444473,0.0,20.18,22.669999999999998,24.399999999999995,3.1674073618990297,2.6397012141340372,0.38701925607950766,-1.449393887170384,-0.34578174210572454,-1.1036121450646594,666414.8
120961,GUINNESS,2020-04-24,18.9,18.9,2213246,2026-04-08T03:27:14.133022+00:00,0.0,-0.526315789473697,0.0,0.0,19.48,22.354999999999997,24.174,3.1674073618990297,2.6397012141340372,0.3870192560795076,-1.533199924755845,-0.3436702237529483,-1.1895297010028967,775887.6
121064,GUINNESS,2020-04-27,18.55,18.55,945474,2026-04-08T03:27:18.376911+00:00,-1.8518518518518379,0.0,-9.37499999999999,0.0,19.130000000000003,22.0225,23.985,3.1520477568930896,2.478264381515055,0.3533628563087352,-1.6093077898184625,-0.33582247105245244,-1.27348531876601,808729.3
121167,GUINNESS,2020-04-28,18.5,18.5,1860622,2026-04-08T03:27:20.70836+00:00,-0.26954177897574594,-1.8518518518518379,0.0,0.0,18.77,21.6875,23.795,3.146001438787315,2.476807893701872,0.34869765112988216,-1.6545853731032096,-0.3048800434697596,-1.34970532963345,901196.4
121270,GUINNESS,2020-04-29,18.5,18.5,714443,2026-04-08T03:27:23.099969+00:00,0.0,-0.26954177897574594,-6.403940886699511,-0.8810572687224627,18.669999999999998,21.3525,23.660999999999998,3.146001438787315,2.0920813020706728,0.3486976511298822,-1.6712035893735582,-0.25719860779208625,-1.414004981581472,928884.7
121373,GUINNESS,2020-04-30,18.4,18.4,1327322,2026-04-08T03:27:25.479794+00:00,-0.5405405405405461,0.0,-0.526315789473697,-0.4444444444444473,18.57,21.0125,23.525,3.1348870242979556,2.0903479408255534,0.3383367301266381,-1.6731557122135925,-0.20732058450569646,-1.465835127707896,991842.4
121476,GUINNESS,2020-05-04,17.5,17.5,4250399,2026-04-08T03:27:30.67652+00:00,-4.891304347826075,-0.5405405405405461,0.0,0.0,18.29,20.752499999999998,23.371,2.5768120890371744,2.1742614463996612,0.2626859544392568,-1.7274127234163146,-0.2092620765667348,-1.5181506468495798,1192864.1
121579,GUINNESS,2020-05-05,17.5,17.5,400955,2026-04-08T03:27:32.997372+00:00,0.0,-4.891304347826075,-1.8518518518518379,-9.37499999999999,18.08,20.4925,23.217,2.5768120890371744,2.1742614463996612,0.26268595443925674,-1.750236162695753,-0.18566841267693857,-1.5645677500188144,1211760.45
121682,GUINNESS,2020-05-06,18.95,18.95,2591583,2026-04-08T03:27:35.368243+00:00,8.285714285714274,0.0,-0.26954177897574594,0.0,18.169999999999998,20.305,23.092000000000002,3.3422841130994474,2.517521890569621,29.653021570674024,-1.6325025477415167,-0.05434783817816169,-1.578154709563355,1336894.45
121785,GUINNESS,2020-05-07,18.3,18.3,2025588,2026-04-08T03:27:37.70358+00:00,-3.430079155672816,8.285714285714274,0.0,-6.403940886699511,18.13,20.085,22.954,3.3843861678162552,2.5491431163637177,25.960001796876494,-1.5735089457375793,0.0037166110606208225,-1.5772255567982,1394246.15
121888,GUINNESS,2020-05-08,18.0,18.0,2090575,2026-04-08T03:27:39.945267+00:00,-1.6393442622950838,-3.430079155672816,-0.5405405405405461,-0.526315789473697,18.05,19.85,22.81,3.3783200724828863,2.5517443437953213,24.446700143416642,-1.533288785241755,0.0351494172451563,-1.5684382024869112,1444192.35
121991,GUINNESS,2020-05-11,18.0,18.0,2605112,2026-04-08T03:27:44.543581+00:00,0.0,-1.6393442622950838,-4.891304347826075,0.0,18.15,19.615,22.666,3.3783200724828863,2.5517443437953213,24.446700143416646,-1.4843038870157805,0.06730745237690483,-1.5516113393926854,1571041.1
122094,GUINNESS,2020-05-12,17.8,17.8,1217862,2026-04-08T03:27:46.988848+00:00,-1.1111111111111072,0.0,0.0,-1.8518518518518379,18.21,19.369999999999997,22.517999999999997,3.368428237324481,2.550914912113882,23.392378136249093,-1.4449646774425418,0.08531732956011506,-1.5302820070026568,1622751.25
122197,GUINNESS,2020-05-13,17.8,17.8,1895651,2026-04-08T03:27:49.292243+00:00,0.0,-1.1111111111111072,8.285714285714274,-0.26954177897574594,17.98,19.125,22.37,3.368428237324481,2.550914912113882,23.392378136249093,-1.3976765254698655,0.10608438522623298,-1.5037609106960985,1707452.1
122300,GUINNESS,2020-05-14,17.8,17.8,1124554,2026-04-08T03:27:51.592074+00:00,0.0,0.0,-3.430079155672816,0.0,17.880000000000003,18.89,22.221999999999998,3.377932783946153,2.550914912113882,23.392378136249093,-1.3446994659417548,0.12724915580347496,-1.4719486217452298,1692446.05
122403,GUINNESS,2020-05-19,17.0,17.0,11212785,2026-04-08T03:27:58.031425+00:00,-4.49438202247191,0.0,-1.6393442622950838,-0.5405405405405461,17.68,18.62,22.057999999999996,3.4564208210748912,2.6057791821343574,19.245696445515694,-1.351686676101309,0.09620955651513663,-1.4478962326164457,2221042.75
122506,GUINNESS,2020-05-20,17.0,17.0,34204666,2026-04-08T03:28:00.412443+00:00,0.0,-4.49438202247191,0.0,-4.891304347826075,17.48,18.35,21.893999999999995,3.4564208210748912,2.6057791821343574,19.245696445515698,-1.341757149290686,0.08491126666060778,-1.4266684159512937,3914090.9
122609,GUINNESS,2020-05-21,17.55,17.55,2760384,2026-04-08T03:28:02.829603+00:00,3.2352941176470695,0.0,-1.1111111111111072,0.0,17.43,18.2125,21.741,3.0324100072169826,2.664291845489489,29.24612522654054,-1.274812281854551,0.12148490727739425,-1.3962971891319453,3956077.65
122712,GUINNESS,2020-05-27,19.2,19.2,2805717,2026-04-08T03:28:10.17932+00:00,9.40170940170939,3.2352941176470695,0.0,8.285714285714274,17.71,18.157500000000002,21.621,3.780202734740195,3.0214604903265494,49.464806175456616,-1.07621089247462,0.2560690373258603,-1.3322799298004804,4056745.0
122815,GUINNESS,2020-05-28,20.0,20.0,10551915,2026-04-08T03:28:12.484321+00:00,4.166666666666674,9.40170940170939,0.0,-3.430079155672816,18.15,18.207500000000003,21.517,3.6037252105137663,3.0920855032810617,56.026084416322476,-0.844529337917983,0.39020047350599785,-1.2347298114239809,4442080.8
122918,GUINNESS,2020-05-29,20.0,20.0,3984820,2026-04-08T03:28:14.796152+00:00,0.0,4.166666666666674,-4.49438202247191,-1.6393442622950838,18.75,18.2625,21.412999999999997,3.599163625309914,3.0920855032810617,56.026084416322476,-0.6533881844856566,0.4650733015506594,-1.118461486036316,4539183.65
123021,GUINNESS,2020-06-02,20.0,20.0,1079279,2026-04-08T03:28:20.224588+00:00,0.0,0.0,0.0,0.0,19.35,18.317500000000003,21.308999999999997,3.599163625309914,3.0920855032810617,56.02608441632247,-0.49618770034937754,0.49781902854955085,-0.9940067288989284,4482485.3
123124,GUINNESS,2020-06-03,19.0,19.0,4878338,2026-04-08T03:28:22.45251+00:00,-5.000000000000004,0.0,3.2352941176470695,-1.1111111111111072,19.64,18.34,21.184999999999995,3.76521975857746,3.1585666228517018,46.58350321783774,-0.4471424469622747,0.4374914255493231,-0.8846338725115978,4679128.5
123227,GUINNESS,2020-06-04,19.0,19.0,1861000,2026-04-08T03:28:24.742978+00:00,0.0,-5.000000000000004,9.40170940170939,0.0,19.6,18.365000000000002,21.061,3.763986886236724,3.1585666228517018,46.58350321783774,-0.4036210382178247,0.38481026743501845,-0.7884313056528431,4679147.4
123330,GUINNESS,2020-06-05,18.3,18.3,1420474,2026-04-08T03:28:26.997708+00:00,-3.68421052631579,0.0,4.166666666666674,0.0,19.259999999999998,18.355,20.923000000000002,3.8630937106445065,3.18916095614239,40.97681890115671,-0.42076385429304963,0.29413396108783485,-0.7148978153808845,4714448.95
123433,GUINNESS,2020-06-08,18.0,18.0,2228607,2026-04-08T03:28:31.360755+00:00,-1.6393442622950838,-3.68421052631579,0.0,-4.49438202247191,18.86,18.335,20.779,3.8791891044783897,3.191423918450125,38.82035892153219,-0.45333142980163643,0.2092531084633985,-0.6625845382650349,4759513.2
123536,GUINNESS,2020-06-09,18.0,18.0,1088976,2026-04-08T03:28:33.545964+00:00,0.0,-1.6393442622950838,0.0,0.0,18.46,18.360000000000003,20.635,3.707634006714415,3.191423918450125,38.82035892153218,-0.4736811663989471,0.15112269749287033,-0.6248038638918174,4601442.05
123639,GUINNESS,2020-06-10,17.5,17.5,2293267,2026-04-08T03:28:35.856379+00:00,-2.777777777777779,0.0,-5.000000000000004,3.2352941176470695,18.16,18.360000000000003,20.480999999999998,3.767248474469829,3.2045564002169726,35.23602705374742,-0.5241126561387333,0.08055296620246732,-0.6046656223412006,4696057.65
123742,GUINNESS,2020-06-11,17.5,17.5,603660,2026-04-08T03:28:38.052531+00:00,0.0,-2.777777777777779,0.0,9.40170940170939,17.86,18.2875,20.326999999999998,3.2334873828813087,3.2045564002169726,35.236027053747414,-0.557651713272314,0.03761112725510929,-0.5952628405274233,4596661.5
123845,GUINNESS,2020-06-15,17.55,17.55,1167013,2026-04-08T03:28:43.437023+00:00,0.28571428571428914,0.0,-3.68421052631579,4.166666666666674,17.71,18.25,20.174,3.152860625478859,3.2060405134414047,35.92218754941599,-0.5735851430690211,0.017342157966721783,-0.5909273010357429,4553732.75
123948,GUINNESS,2020-06-16,17.5,17.5,1619379,2026-04-08T03:28:45.961134+00:00,-0.2849002849002913,0.28571428571428914,-1.6393442622950838,0.0,17.610000000000003,18.225,20.02,3.1339665327299535,3.205078258303938,35.516947329185776,-0.5835206206240606,0.005925344329345883,-0.5894459649534065,4530172.95
124051,GUINNESS,2020-06-17,17.5,17.5,435449,2026-04-08T03:28:48.324213+00:00,0.0,-0.2849002849002913,0.0,0.0,17.51,18.2,19.866,3.1339665327299535,3.205078258303938,35.516947329185776,-0.5846550190432609,0.0038327567281164487,-0.5884877757713773,4421689.8
124154,GUINNESS,2020-06-18,17.5,17.5,789950,2026-04-08T03:28:50.696546+00:00,0.0,0.0,-2.777777777777779,-5.000000000000004,17.51,18.185,19.712,3.1248431819187474,3.205078258303938,35.51694732918577,-0.5788810574737653,0.007685374638089715,-0.586566432111855,4400294.2
124257,GUINNESS,2020-06-19,17.0,17.0,7568904,2026-04-08T03:28:53.406809+00:00,-2.857142857142858,0.0,0.0,0.0,17.410000000000004,18.145,19.548,3.187618229235744,3.2182261978566453,31.130703662024224,-0.6076464031674824,-0.016863976844501916,-0.5907824263229805,4683956.85
124360,GUINNESS,2020-06-22,16.5,16.5,2244358,2026-04-08T03:28:57.922359+00:00,-2.941176470588236,-2.857142857142858,0.28571428571428914,-3.68421052631579,17.2,18.08,19.374000000000002,3.24606832347567,3.231408402602011,27.47642225461658,-0.6631446494726134,-0.057889778519706336,-0.6052548709529071,4739947.05
124463,GUINNESS,2020-06-23,16.5,16.5,1459355,2026-04-08T03:29:00.283028+00:00,0.0,-2.941176470588236,-0.2849002849002913,-1.6393442622950838,17.0,18.055,19.2,3.0945995726410698,3.231408402602011,27.47642225461658,-0.6990689774954646,-0.07505128523404603,-0.6240176922614186,4252275.55
124566,GUINNESS,2020-06-24,15.0,15.0,6119925,2026-04-08T03:29:02.79982+00:00,-9.090909090909093,0.0,0.0,0.0,16.5,17.955,19.046000000000003,3.688974201756813,3.185374086967496,19.508728449216992,-0.8389063401629926,-0.17191091832125927,-0.6669954218417333,2848038.5
124669,GUINNESS,2020-06-25,15.0,15.0,6427478,2026-04-08T03:29:05.076463+00:00,0.0,-9.090909090909093,0.0,-2.777777777777779,16.0,17.827499999999997,18.892,3.583240031090499,3.185374086967496,19.508728449216992,-0.9389053412254391,-0.2175279355069646,-0.7213774057184745,3031393.2
124772,GUINNESS,2020-06-26,15.0,15.0,2063446,2026-04-08T03:29:07.48598+00:00,0.0,0.0,-2.857142857142858,0.0,15.6,17.6175,18.738,2.690942632506519,3.185374086967496,19.50872844921699,-1.0065523609612512,-0.22813996419422133,-0.7784123967670299,2994279.65
124875,GUINNESS,2020-06-29,15.0,15.0,1742586,2026-04-08T03:29:11.968016+00:00,0.0,0.0,-2.941176470588236,0.28571428571428914,15.3,17.3675,18.584,2.3998555071094696,3.185374086967496,19.50872844921699,-1.0480814805723746,-0.2157352670442757,-0.8323462135280989,2553813.2
124978,GUINNESS,2020-06-30,14.5,14.5,2566713,2026-04-08T03:29:14.28255+00:00,-3.3333333333333326,0.0,0.0,-0.2849002849002913,14.9,17.092499999999998,18.42,2.41325792609362,3.203648369989099,17.264148423276584,-1.1085606314862488,-0.22097153436651984,-0.887589097119729,2482907.85
125081,GUINNESS,2020-07-01,14.0,14.0,2880648,2026-04-08T03:29:16.703757+00:00,-3.4482758620689613,-3.3333333333333326,-9.090909090909093,0.0,14.7,16.792499999999997,18.246000000000002,2.4186498676201036,3.2222178260114283,15.360853220583294,-1.1831974519288977,-0.23648668384733484,-0.9467107680815628,2572976.3
125184,GUINNESS,2020-07-02,14.0,14.0,6925882,2026-04-08T03:29:19.127663+00:00,0.0,-3.4482758620689613,0.0,0.0,14.5,16.542499999999997,18.072,2.320199112944321,3.2222178260114283,15.360853220583293,-1.22818986165543,-0.22518327485909384,-1.0030065867963363,2675353.5
125287,GUINNESS,2020-07-03,14.0,14.0,2002428,2026-04-08T03:29:21.544735+00:00,0.0,0.0,0.0,-2.857142857142858,14.3,16.292499999999997,17.898000000000003,2.320199112944321,3.2222178260114283,15.360853220583294,-1.2494438594564947,-0.19714981812812682,-1.052294041328368,2682424.9
125390,GUINNESS,2020-07-07,14.0,14.0,1811163,2026-04-08T03:29:27.331532+00:00,0.0,0.0,0.0,-2.941176470588236,14.1,16.077499999999997,17.728,2.2826516364005727,3.2247919602637127,15.360853220583294,-1.251857175574635,-0.15965050739701359,-1.0922066681776215,2701959.35
125493,GUINNESS,2020-07-08,14.0,14.0,1991291,2026-04-08T03:29:29.768744+00:00,0.0,0.0,-3.3333333333333326,0.0,14.0,15.877499999999998,17.56,2.299361816883406,3.226666148236514,15.360853220583293,-1.2394817716720432,-0.11782008279553735,-1.1216616888765059,2690093.55
125596,GUINNESS,2020-07-09,14.0,14.0,1161609,2026-04-08T03:29:32.143692+00:00,0.0,0.0,-3.4482758620689613,-9.090909090909093,14.0,15.677499999999998,17.392,2.299361816883406,3.226666148236514,15.360853220583293,-1.2156607940085067,-0.07519928410560062,-1.140461509902906,2693725.2
125699,GUINNESS,2020-07-10,14.0,14.0,413275,2026-04-08T03:29:34.521297+00:00,0.0,0.0,0.0,0.0,14.0,15.502499999999998,17.266000000000002,2.2843107289782774,2.9866699716975313,15.360853220583293,-1.183143950608203,-0.03414595256423758,-1.1489979980439655,2599725.6
125802,GUINNESS,2020-07-13,14.0,14.0,400451,2026-04-08T03:29:39.007126+00:00,0.0,0.0,0.0,0.0,14.0,15.327499999999997,17.14,2.2843107289782774,2.9866699716975313,15.36085322058329,-1.144184669304737,0.003850662991382814,-1.1480353322961199,2589565.15
125905,GUINNESS,2020-07-14,14.0,14.0,692448,2026-04-08T03:29:41.304989+00:00,0.0,0.0,0.0,0.0,14.0,15.15,17.04,2.276176119428317,2.872045565051179,15.36085322058329,-1.1006218743313134,0.03793076637184534,-1.1385526407031588,2565836.9
126008,GUINNESS,2020-07-15,14.0,14.0,423010,2026-04-08T03:29:43.708156+00:00,0.0,0.0,0.0,-3.3333333333333326,14.0,14.975,16.942,2.2824141169496124,2.873168464097465,15.360853220583293,-1.0539487799865341,0.06768308857329974,-1.1216318685598339,2506018.45
126111,GUINNESS,2020-07-16,13.9,13.9,658478,2026-04-08T03:29:45.979708+00:00,-0.7142857142857117,0.0,0.0,-3.4482758620689613,13.98,14.795000000000002,16.842,2.2701222634461797,2.8721119369403603,14.68163064047837,-1.0133479364971922,0.08662714565011331,-1.0999750821473055,2517169.9
126214,GUINNESS,2020-07-17,13.9,13.9,508960,2026-04-08T03:29:48.357101+00:00,0.0,-0.7142857142857117,0.0,0.0,13.959999999999999,14.615,16.749000000000002,2.2701222634461797,2.8672133467096423,14.681630640478367,-0.969990034202155,0.10398803835612047,-1.0739780725582755,2503120.4
126317,GUINNESS,2020-07-20,13.9,13.9,924908,2026-04-08T03:29:52.723074+00:00,0.0,0.0,0.0,0.0,13.940000000000001,14.460000000000003,16.657,2.2447596012401516,2.8679767935219322,14.68163064047837,-0.924966150247899,0.11920953784830113,-1.0441756880962,2170920.6
126420,GUINNESS,2020-07-21,13.9,13.9,303832,2026-04-08T03:29:55.035926+00:00,0.0,0.0,0.0,0.0,13.919999999999998,14.330000000000002,16.565,2.2052622038294265,2.8679767935219322,14.681630640478371,-0.8791501027025657,0.13202046831490755,-1.0111705710174732,2073894.3
126523,GUINNESS,2020-07-23,13.9,13.9,70507,2026-04-08T03:29:58.238067+00:00,0.0,0.0,0.0,0.0,13.9,14.2,16.475,2.2052622038294265,2.868955096742154,14.681630640478371,-0.8332355343670201,0.1423480293203625,-0.9755835636873826,2004451.9
126626,GUINNESS,2020-07-24,13.9,13.9,714314,2026-04-08T03:30:00.541513+00:00,0.0,0.0,-0.7142857142857117,0.0,13.9,14.145000000000001,16.403,1.0438415787449193,2.799382307761048,14.681630640478371,-0.7877670203221676,0.1502532346921721,-0.9380202550143397,1734171.35
126729,GUINNESS,2020-07-27,13.75,13.75,748344,2026-04-08T03:30:04.748878+00:00,-1.0791366906474864,0.0,0.0,0.0,13.87,14.082500000000001,16.328,1.051312444504621,2.800226747904935,13.305018435111572,-0.7551319506822161,0.146310643465699,-0.901442594147915,1450214.65
126832,GUINNESS,2020-07-28,13.5,13.5,1370157,2026-04-08T03:30:07.286947+00:00,-1.8181818181818188,-1.0791366906474864,0.0,0.0,13.790000000000001,14.007500000000002,16.219,1.090178606240799,2.5066482792988034,11.388408286173895,-0.7409006915548222,0.12843352207447434,-0.8693342136292965,1415550.2
126935,GUINNESS,2020-07-29,13.0,13.0,1670544,2026-04-08T03:30:09.725653+00:00,-3.703703703703709,-1.8181818181818188,0.0,0.0,13.61,13.907500000000002,16.113,1.292967013093896,2.5131428133010547,8.691682274741819,-0.7611935718219076,0.08651251344591115,-0.8477060852678188,1411948.1
127038,GUINNESS,2020-08-03,13.0,13.0,1404464,2026-04-08T03:30:16.711714+00:00,0.0,-3.703703703703709,0.0,0.0,13.430000000000001,13.832500000000001,16.012999999999998,1.142384762112667,2.5106720262450204,8.691682274741819,-0.7684179814690903,0.0634304830389828,-0.8318484645080731,1353835.65
127141,GUINNESS,2020-08-04,13.0,13.0,1725494,2026-04-08T03:30:19.026905+00:00,0.0,0.0,0.0,-0.7142857142857117,13.25,13.782500000000002,15.913,0.9183010578557582,2.5106720262450204,8.691682274741819,-0.7653212314038456,0.05322178648338205,-0.8185430178872276,1296077.95
127244,GUINNESS,2020-08-05,13.0,13.0,1236135,2026-04-08T03:30:21.509999+00:00,0.0,0.0,-1.0791366906474864,0.0,13.1,13.732500000000002,15.817,0.9183010578557582,2.5111335335095,8.691682274741819,-0.7541733932455603,0.0514956997133339,-0.8056690929588942,1011590.6
127347,GUINNESS,2020-08-06,13.5,13.5,1143648,2026-04-08T03:30:23.823287+00:00,3.8461538461538547,0.0,-1.8181818181818188,0.0,13.1,13.707500000000001,15.731000000000002,1.315676616683045,2.587497276793368,30.74845606865101,-0.6969587235404031,0.08696829553479302,-0.7839270190751961,968651.6
127450,GUINNESS,2020-08-07,14.1,14.1,1089436,2026-04-08T03:30:26.221973+00:00,4.444444444444451,3.8461538461538547,-3.703703703703709,0.0,13.319999999999999,13.7125,15.657,1.67326300494892,2.6803517338634624,47.22383482853533,-0.5963266179475806,0.15008032090209256,-0.7464069388496731,932565.25
127553,GUINNESS,2020-08-10,15.0,15.0,2404238,2026-04-08T03:30:31.080726+00:00,6.382978723404253,4.444444444444451,0.0,0.0,13.719999999999999,13.7625,15.617,2.191840650914543,2.7831686933232094,61.875477117325026,-0.4388931834466785,0.24601100432239575,-0.6849041877690742,953212.6
127656,GUINNESS,2020-08-11,14.5,14.5,2970243,2026-04-08T03:30:33.557314+00:00,-3.3333333333333326,6.382978723404253,0.0,0.0,14.02,13.7875,15.567,2.3428216822206243,2.8176907275402936,53.06205239943717,-0.3504323081716514,0.2675775036779383,-0.6180098118495897,1043644.3
127759,GUINNESS,2020-08-12,15.4,15.4,1350076,2026-04-08T03:30:35.989363+00:00,6.20689655172415,-3.3333333333333326,0.0,-1.0791366906474864,14.5,13.857500000000002,15.524000000000001,2.698815586584572,2.9227076890461543,63.21796729910799,-0.20533695223626935,0.33013828769065623,-0.5354752399269256,1090484.35
127862,GUINNESS,2020-08-13,15.4,15.4,1110868,2026-04-08T03:30:38.402702+00:00,0.0,6.20689655172415,3.8461538461538547,-1.8181818181818188,14.879999999999999,13.9275,15.448,2.698815586584572,2.572550974637497,63.21796729910799,-0.08931823231839253,0.35692560608682644,-0.446243838405219,1126005.2
127965,GUINNESS,2020-08-14,15.4,15.4,563802,2026-04-08T03:30:40.738296+00:00,0.0,0.0,4.444444444444451,-3.703703703703709,15.14,13.997500000000002,15.356,2.698815586584572,2.4874341250789045,63.217967299108,0.002597496760495588,0.35907306813257167,-0.3564755713720761,1119572.9
128068,GUINNESS,2020-08-17,15.4,15.4,449546,2026-04-08T03:30:45.179846+00:00,0.0,0.0,6.382978723404253,0.0,15.220000000000002,14.0675,15.264000000000001,2.698815586584572,2.4874341250789045,63.21796729910799,0.07458164351164243,0.3448457719069748,-0.27026412839533237,1120899.7
128171,GUINNESS,2020-08-18,15.5,15.5,737208,2026-04-08T03:30:47.750292+00:00,0.6493506493506551,0.0,-3.3333333333333326,0.0,15.420000000000002,14.147499999999999,15.174000000000001,2.683396639327826,2.4917402785625438,64.37010843263445,0.13810675400314842,0.32669670591878464,-0.1885899519156362,1124836.2
128274,GUINNESS,2020-08-19,15.2,15.2,1035945,2026-04-08T03:30:50.260611+00:00,-1.9354838709677469,0.6493506493506551,6.20689655172415,0.0,15.379999999999999,14.2125,15.097999999999999,2.7397157952658637,2.4147356159600335,58.45456896360527,0.16237164964175932,0.28076928124591644,-0.11839763160415712,1151185.45
128377,GUINNESS,2020-08-20,15.2,15.2,248231,2026-04-08T03:30:52.728097+00:00,0.0,-1.9354838709677469,0.0,3.8461538461538547,15.34,14.277499999999998,15.022,2.7397157952658637,2.4147356159600335,58.45456896360527,0.17953221859346868,0.23834388015810065,-0.058811661564631953,1117351.6
128480,GUINNESS,2020-08-21,15.2,15.2,235647,2026-04-08T03:30:55.129893+00:00,0.0,0.0,0.0,4.444444444444451,15.3,14.342500000000001,14.96,2.7397157952658637,2.3687619495648997,58.45456896360526,0.19093115758876067,0.1997942553227141,-0.008863097733953433,1113942.35
128583,GUINNESS,2020-08-24,15.4,15.4,487289,2026-04-08T03:30:59.50528+00:00,1.3157894736842257,0.0,0.0,6.382978723404253,15.3,14.4175,14.908000000000001,2.7433028148806846,2.3726160203197946,61.40764221064069,0.2136405125555676,0.1780028882316168,0.035637624323950776,1134781.45
128686,GUINNESS,2020-08-25,15.3,15.3,2107928,2026-04-08T03:31:01.97181+00:00,-0.649350649350644,1.3157894736842257,0.6493506493506551,-3.3333333333333326,15.26,14.4875,14.854000000000001,2.7539615715708927,2.372808461255656,59.143957091847405,0.22102088453747548,0.14830660817081975,0.07271427636665573,1204462.15
128789,GUINNESS,2020-08-26,15.5,15.5,1118665,2026-04-08T03:31:04.340397+00:00,1.3071895424836555,-0.649350649350644,-1.9354838709677469,6.20689655172415,15.319999999999999,14.575,14.814,2.7328127183306727,2.355903846109994,62.14922406810434,0.24023888669381321,0.134019688261726,0.10621919843208723,1222978.2
128892,GUINNESS,2020-08-27,15.6,15.6,1301975,2026-04-08T03:31:06.825032+00:00,0.6451612903225712,1.3071895424836555,0.0,0.0,15.4,14.679999999999998,14.776000000000002,2.671215968374317,2.3588704034040284,63.59129517600122,0.2605351688767694,0.12345277635574575,0.13708239252102367,1219569.1
128995,GUINNESS,2020-08-28,14.15,14.15,3544291,2026-04-08T03:31:10.050623+00:00,-9.294871794871796,0.6451612903225712,0.0,0.0,15.190000000000001,14.7375,14.708,3.3652392692313726,2.685006700065739,39.87094473840068,0.1577982370386124,0.01657267561407097,0.14122556142454143,1313256.45
129098,GUINNESS,2020-08-31,13.8,13.8,3957261,2026-04-08T03:31:14.574397+00:00,-2.473498233215543,-9.294871794871796,1.3157894736842257,0.0,14.87,14.7775,14.633999999999999,3.4286331844175355,2.7009885338943107,36.346647607659484,0.047587840447022245,-0.07491017678201535,0.1224980172290376,1440896.3
129201,GUINNESS,2020-09-01,13.8,13.8,645000,2026-04-08T03:31:16.859057+00:00,0.0,-2.473498233215543,-0.649350649350644,0.6493506493506551,14.570000000000002,14.817499999999999,14.56,3.4286331844175355,2.7009885338943107,36.346647607659484,-0.03930164794179625,-0.1294397321366671,0.09013808419487084,1386871.6
129304,GUINNESS,2020-09-02,14.0,14.0,2446485,2026-04-08T03:31:19.223829+00:00,1.4492753623188248,0.0,1.3071895424836555,-1.9354838709677469,14.270000000000001,14.867499999999998,14.49,3.4360298565926226,2.713526603216961,39.86909908077673,-0.09097515995079242,-0.1448905953165306,0.05391543536573819,1447389.1
129407,GUINNESS,2020-09-03,14.0,14.0,462833,2026-04-08T03:31:21.580357+00:00,0.0,1.4492753623188248,0.6451612903225712,0.0,13.95,14.892499999999998,14.43,3.3409717751683368,2.690898910894937,39.86909908077673,-0.13042335129743066,-0.14747102933053508,0.01704767803310442,1413348.35
129510,GUINNESS,2020-09-04,14.45,14.45,2318988,2026-04-08T03:31:24.095323+00:00,3.214285714285703,0.0,-9.294871794871796,0.0,14.01,14.910000000000002,14.389,3.269979893809759,2.710730266212144,47.45652424100371,-0.12394631202431405,-0.11279519204593477,-0.011151119978379278,1474825.95
129613,GUINNESS,2020-09-07,14.4,14.4,1599482,2026-04-08T03:31:29.028072+00:00,-0.34602076124566894,3.214285714285703,-2.473498233215543,1.3157894736842257,14.13,14.88,14.347000000000001,2.925573163439571,2.710577326971305,46.75065127571768,-0.12144781900948942,-0.08823735922488812,-0.033210459784601305,1434588.15
129716,GUINNESS,2020-09-08,14.0,14.0,917571,2026-04-08T03:31:31.696694+00:00,-2.777777777777779,-0.34602076124566894,0.0,-0.649350649350644,14.170000000000002,14.855,14.327,2.896371147390951,2.4212408712610385,41.44024653523802,-0.15001512141656903,-0.09344372930557418,-0.05657139211099485,1331954.55
129819,GUINNESS,2020-09-09,14.0,14.0,714378,2026-04-08T03:31:34.222499+00:00,0.0,-2.777777777777779,1.4492753623188248,1.3071895424836555,14.170000000000002,14.785,14.307,2.484366267693077,2.4212408712610385,41.440246535238025,-0.17068733701850647,-0.0912927559260093,-0.07939458109249717,1300169.65
129922,GUINNESS,2020-09-10,14.0,14.0,722400,2026-04-08T03:31:36.666154+00:00,0.0,0.0,0.0,0.6451612903225712,14.170000000000002,14.715,14.287,2.484366267693077,2.4212408712610385,41.440246535238025,-0.18493836249559692,-0.0844350251224798,-0.10050333737311712,1280746.25
130025,GUINNESS,2020-09-11,13.5,13.5,13694358,2026-04-08T03:31:39.224755+00:00,-3.57142857142857,0.0,3.214285714285703,-9.294871794871796,13.98,14.62,14.257,2.5773268572298647,2.4701483031641334,35.19823084753055,-0.23388217604607675,-0.1067030709383677,-0.12717910510770905,1937274.05
130128,GUINNESS,2020-09-14,13.45,13.45,1255172,2026-04-08T03:31:43.669625+00:00,-0.37037037037037646,-3.57142857142857,-0.34602076124566894,-2.473498233215543,13.790000000000001,14.522499999999999,14.235999999999999,2.5739404723689265,2.428147776001294,34.63638170063763,-0.27355174875889077,-0.11709811492094535,-0.15645363383794542,1977555.35
130231,GUINNESS,2020-09-15,13.5,13.5,1547032,2026-04-08T03:31:46.096824+00:00,0.3717472118959231,-0.37037037037037646,-2.777777777777779,0.0,13.690000000000001,14.4225,14.225999999999999,2.5673509564505497,2.380961921407896,35.74101326034003,-0.2975258954853519,-0.11285780931792516,-0.18466808616742675,2018046.55
130334,GUINNESS,2020-09-16,13.5,13.5,162959,2026-04-08T03:31:48.62473+00:00,0.0,0.3717472118959231,0.0,1.4492753623188248,13.59,14.3375,14.216,2.5530124676139088,2.380961921407896,35.74101326034003,-0.3129184503794704,-0.10260029136963494,-0.21031815900983547,1974397.25
130437,GUINNESS,2020-09-17,13.55,13.55,1625509,2026-04-08T03:31:51.120615+00:00,0.37037037037037646,0.0,0.0,0.0,13.5,14.255,14.207,2.5586176909439855,2.381679794090904,36.97626330312846,-0.31742351816968295,-0.08568428732787797,-0.23173923084180498,2043261.15
130540,GUINNESS,2020-09-18,13.55,13.55,438336,2026-04-08T03:31:53.500222+00:00,0.0,0.37037037037037646,-3.57142857142857,3.214285714285703,13.51,14.1725,14.198,2.5586176909439855,2.381679794090904,36.976263303128455,-0.3173357676558073,-0.06847722945120183,-0.24885853820460546,2053395.6
130643,GUINNESS,2020-09-21,13.55,13.55,91964,2026-04-08T03:31:57.915353+00:00,0.0,0.0,-0.37037037037037646,-0.34602076124566894,13.530000000000001,14.080000000000002,14.188999999999998,2.52507212735364,2.381679794090904,36.976263303128455,-0.31365065522862956,-0.0518336936192193,-0.26181696160941026,2033629.35
130746,GUINNESS,2020-09-22,13.55,13.55,208959,2026-04-08T03:32:00.361616+00:00,0.0,0.0,0.3717472118959231,-2.777777777777779,13.540000000000001,13.992499999999998,14.18,2.5286611086568986,2.381679794090904,36.976263303128455,-0.30718909244119885,-0.03629770466543086,-0.270891387775768,1938680.9
130849,GUINNESS,2020-09-23,13.55,13.55,1486284,2026-04-08T03:32:02.667296+00:00,0.0,0.0,0.0,0.0,13.55,13.895,14.171,2.494141648624205,2.381679794090904,36.976263303128455,-0.2986258840756495,-0.022187597039905194,-0.2764382870357443,1957061.85
130952,GUINNESS,2020-09-24,13.55,13.55,178466,2026-04-08T03:32:05.077899+00:00,0.0,0.0,0.37037037037037646,0.0,13.55,13.7925,14.162,2.4807930189282517,2.381679794090904,36.97626330312846,-0.2885136737143128,-0.009660309342854778,-0.278853364371458,1900886.4
131055,GUINNESS,2020-09-25,14.0,14.0,3422452,2026-04-08T03:32:07.472813+00:00,3.3210332103321027,0.0,0.0,-3.57142857142857,13.64,13.785,14.162,1.631110610498933,2.428587392688196,50.37034322132874,-0.24140566076780345,0.029958162882923633,-0.2713638236507271,1894794.45
131158,GUINNESS,2020-09-28,14.0,14.0,906431,2026-04-08T03:32:12.542607+00:00,0.0,3.3210332103321027,0.0,-0.37037037037037646,13.73,13.794999999999998,14.162,1.5274118884957453,2.428587392688196,50.370343221328746,-0.20174661175537878,0.055693769516278635,-0.2574403812716574,1742252.95
131261,GUINNESS,2020-09-29,14.0,14.0,1384240,2026-04-08T03:32:14.948969+00:00,0.0,0.0,0.0,0.3717472118959231,13.819999999999999,13.805000000000001,14.164000000000001,1.5274118884957453,2.4262247320811277,50.37034322132874,-0.16837560057179246,0.07125182455989199,-0.23962742513168445,1779214.95
131364,GUINNESS,2020-09-30,14.0,14.0,1980574,2026-04-08T03:32:17.368144+00:00,0.0,0.0,0.0,0.0,13.91,13.805000000000001,14.166000000000002,1.4931788177071368,2.4262247320811277,50.37034322132874,-0.14031141117642498,0.0794528111642076,-0.2197642223406326,1755919.4
131467,GUINNESS,2020-10-02,14.0,14.0,306537,2026-04-08T03:32:21.009688+00:00,0.0,0.0,0.0,0.37037037037037646,14.0,13.805000000000001,14.168000000000001,1.4931788177071368,2.4262247320811277,50.370343221328746,-0.11672480796152307,0.08243153150328764,-0.1991563394648107,1748104.6
131570,GUINNESS,2020-10-05,15.0,15.0,906650,2026-04-08T03:32:25.669514+00:00,7.14285714285714,0.0,3.3210332103321027,0.0,14.2,13.8325,14.19,2.0799284655404917,2.6257023244333833,70.5304587135024,-0.017142998514387386,0.14561067276033868,-0.16275367127472606,1677487.7
131673,GUINNESS,2020-10-06,15.9,15.9,2210847,2026-04-08T03:32:28.151061+00:00,6.000000000000005,7.14285714285714,0.0,0.0,14.580000000000002,13.907499999999999,14.23,2.443413311448468,2.7511254539312793,78.85536192125912,0.13286717126344705,0.2364966740305385,-0.10362950276709146,1708055.95
131776,GUINNESS,2020-10-07,15.0,15.0,3619245,2026-04-08T03:32:30.62441+00:00,-5.660377358490565,6.000000000000005,0.0,0.0,14.780000000000001,13.9575,14.252,2.718032137062387,2.87754271650865,60.461613796739194,0.17708747896672605,0.22457358538705402,-0.04748610642032796,1843139.65
131879,GUINNESS,2020-10-08,15.0,15.0,2037639,2026-04-08T03:32:32.995223+00:00,0.0,-5.660377358490565,0.0,0.0,14.98,14.007499999999999,14.277000000000001,2.718032137062387,2.8718471837726165,60.4616137967392,0.2097149282616968,0.2057608277456198,0.003954100516076996,1909302.7
131982,GUINNESS,2020-10-09,15.0,15.0,2360939,2026-04-08T03:32:35.453646+00:00,0.0,0.0,0.0,0.0,15.180000000000001,14.0575,14.307,2.718032137062387,2.8570546901262284,60.461613796739194,0.2328878309485063,0.18314698434594343,0.04974084660256286,1991229.65
132085,GUINNESS,2020-10-12,15.0,15.0,786521,2026-04-08T03:32:39.836845+00:00,0.0,0.0,7.14285714285714,3.3210332103321027,15.180000000000001,14.132499999999999,14.347000000000001,2.5573193609684863,2.7998691284372303,60.461613796739194,0.24838924666098094,0.15891872004673446,0.08947052661424648,1345837.8
132188,GUINNESS,2020-10-13,15.0,15.0,2491915,2026-04-08T03:32:42.883097+00:00,0.0,0.0,6.000000000000005,0.0,15.0,14.210000000000003,14.387,2.5515715747226535,2.7998691284372303,60.4616137967392,0.2577035837957009,0.13458644574516354,0.12311713805053737,1407674.95
132291,GUINNESS,2020-10-14,15.5,15.5,1861060,2026-04-08T03:32:45.313484+00:00,3.3333333333333437,0.0,-5.660377358490565,0.0,15.1,14.310000000000002,14.437000000000001,2.6239269495362154,2.831476295053203,66.7104342650136,0.3019503882881942,0.14306660019012546,0.15888378809806875,1423376.35
132394,GUINNESS,2020-10-15,16.0,16.0,6778252,2026-04-08T03:32:47.672181+00:00,3.2258064516129004,3.3333333333333437,0.0,0.0,15.3,14.435000000000002,14.497,2.675627311310524,2.8589844908022792,71.5522829332188,0.373061697924328,0.17134232786100737,0.2017193700633206,1754141.0
132497,GUINNESS,2020-10-16,16.85,16.85,2432807,2026-04-08T03:32:50.112843+00:00,5.312500000000009,3.2258064516129004,0.0,0.0,15.669999999999998,14.6,14.564,2.8480927000480576,2.9016689032094796,77.53439783249283,0.4923305394007933,0.23248893546997818,0.2598416039308151,1794505.9
132600,GUINNESS,2020-10-19,17.65,17.65,3409319,2026-04-08T03:32:54.594352+00:00,4.7477744807121525,5.312500000000009,0.0,7.14285714285714,16.2,14.805000000000001,14.635,2.944840731602925,2.9104185630907673,81.48142892668618,0.6439818478008625,0.3073121950960379,0.33666965270482463,1943055.05
132703,GUINNESS,2020-10-20,17.0,17.0,4897455,2026-04-08T03:32:57.288568+00:00,-3.682719546742197,4.7477744807121525,0.0,6.000000000000005,16.6,14.977499999999997,14.675,3.143523407677118,2.84191676473737,70.62430654169401,0.7036062991365206,0.2935493171453568,0.4100569819911638,2183329.6
132806,GUINNESS,2020-10-21,16.0,16.0,1481380,2026-04-08T03:32:59.679627+00:00,-5.882352941176472,-3.682719546742197,3.3333333333333437,-5.660377358490565,16.7,15.1,14.705,3.513806222848415,2.929753593355948,57.85256689709387,0.6625302276856946,0.20197859655562456,0.46055163113007,2246950.65
132909,GUINNESS,2020-10-22,15.95,15.95,3292447,2026-04-08T03:33:02.194874+00:00,-0.31250000000000444,-5.882352941176472,3.2258064516129004,0.0,16.69,15.220000000000002,14.716,3.5186770888919945,2.800993438528893,57.294656228928694,0.6188093144101394,0.1266061466240555,0.4922031677860839,2337258.8
133012,GUINNESS,2020-10-23,15.95,15.95,900776,2026-04-08T03:33:04.540232+00:00,0.0,-0.31250000000000444,5.312500000000009,0.0,16.509999999999998,15.34,14.727,3.5186770888919945,2.800993438528893,57.29465622892869,0.57750307962832,0.06823992947378887,0.5092631501545312,2373374.3
133115,GUINNESS,2020-10-26,16.0,16.0,2256863,2026-04-08T03:33:08.964122+00:00,0.31347962382446415,0.0,4.7477744807121525,0.0,16.18,15.440000000000001,14.739,3.4727077187000077,2.8010953283980196,57.767005527767274,0.5425480172821278,0.0266278937020773,0.5159201235800505,2315094.85
133218,GUINNESS,2020-10-27,16.9,16.9,3612385,2026-04-08T03:33:12.04516+00:00,5.624999999999991,0.31347962382446415,-3.682719546742197,0.0,16.16,15.584999999999999,14.768999999999998,3.6347399796508104,2.907315575613346,65.22335031421122,0.5807735608310427,0.05188274980079377,0.5288908110302489,2450392.55
133321,GUINNESS,2020-10-28,17.55,17.55,3640895,2026-04-08T03:33:14.504918+00:00,3.8461538461538547,5.624999999999991,-5.882352941176472,3.3333333333333437,16.47,15.7625,14.81,3.680057855513366,2.9515901195686918,69.42224713753573,0.6559556982459327,0.10165190977254701,0.5543037884733857,2563225.3
133424,GUINNESS,2020-10-30,17.0,17.0,3665064,2026-04-08T03:33:18.13889+00:00,-3.1339031339031376,3.8461538461538547,-0.31250000000000444,3.2258064516129004,16.68,15.9125,14.846000000000002,3.798671138356838,2.974819536191405,62.54129769190625,0.6635091597733158,0.08736429703994408,0.5761448627333717,2647449.8
133527,GUINNESS,2020-11-02,17.0,17.0,1898670,2026-04-08T03:33:22.589733+00:00,0.0,-3.1339031339031376,0.0,5.312500000000009,16.889999999999997,16.0625,14.882,3.798671138356838,2.974819536191405,62.54129769190625,0.6618657560153007,0.06857671462554316,0.5932890413897576,2727056.45
133630,GUINNESS,2020-11-03,16.55,16.55,1051324,2026-04-08T03:33:24.936567+00:00,-2.6470588235294024,0.0,0.31347962382446415,4.7477744807121525,17.0,16.14,14.909,3.5967751333553832,3.003101110090494,57.164821324115984,0.6171381233728077,0.01907926558644002,0.5980588577863677,2734290.15
133733,GUINNESS,2020-11-04,16.55,16.55,227370,2026-04-08T03:33:27.402012+00:00,0.0,-2.6470588235294024,5.624999999999991,-3.682719546742197,16.93,16.1725,14.931999999999999,3.3611567353926013,2.9990185737666706,57.16482132411598,0.5750621932583435,-0.0183973316224193,0.5934595248807628,2635116.3
133836,GUINNESS,2020-11-05,16.55,16.55,2671150,2026-04-08T03:33:29.791139+00:00,0.0,0.0,3.8461538461538547,-5.882352941176472,16.73,16.25,14.957,3.0619040613366693,2.996721494578173,57.16482132411597,0.5355433056386545,-0.04633297539368664,0.5818762810323411,2587711.55
133939,GUINNESS,2020-11-06,17.5,17.5,4554677,2026-04-08T03:33:32.190465+00:00,5.740181268882161,0.0,-3.1339031339031376,-0.31250000000000444,16.830000000000002,16.375,14.997,3.270795418098849,3.0940970711392337,65.08014124579708,0.5742616323680849,-0.006091718931404921,0.5803533512994898,2713563.45
134042,GUINNESS,2020-11-09,18.3,18.3,2909487,2026-04-08T03:33:36.944942+00:00,4.571428571428582,5.740181268882161,0.0,0.0,17.09,16.54,15.050999999999998,3.368434701177197,3.152561712819225,70.09207417016252,0.6618698754482004,0.0652132193189684,0.596656656129232,2740990.85
134146,GUINNESS,2020-11-10,19.0,19.0,4362115,2026-04-08T03:33:39.328014+00:00,3.825136612021862,4.571428571428582,-2.6470588235294024,0.31347962382446415,17.580000000000002,16.74,15.148,3.4137966494978214,2.864685245597059,73.65512234387428,0.7788065915315023,0.14571994832181623,0.6330866432096861,2919770.55
134250,GUINNESS,2020-11-11,20.9,20.9,6722907,2026-04-08T03:33:41.646704+00:00,9.999999999999986,3.825136612021862,0.0,5.624999999999991,18.45,17.035,15.29,3.917194780208154,3.1205113705515295,80.45976619384315,1.0131153395565242,0.3040229570774704,0.7090923824790538,3131320.15
134354,GUINNESS,2020-11-12,22.0,22.0,6772565,2026-04-08T03:33:44.075825+00:00,5.2631578947368585,9.999999999999986,0.0,3.8461538461538547,19.54,17.360000000000003,15.453999999999999,3.981640290044345,3.178435576722768,83.17005557129404,1.2728943832848856,0.45104160064466536,0.8218527826402202,3376895.4
134458,GUINNESS,2020-11-13,20.1,20.1,8007349,2026-04-08T03:33:46.660663+00:00,-8.636363636363631,5.2631578947368585,5.740181268882161,-3.1339031339031376,20.06,17.565,15.575999999999999,4.599932749816995,3.4563062911846796,66.11255334429946,1.3103521026357718,0.39079945599644117,0.9195526466393307,3438350.25
134562,GUINNESS,2020-11-16,19.95,19.95,1791898,2026-04-08T03:33:51.206328+00:00,-0.7462686567164312,-8.636363636363631,4.571428571428582,0.0,20.39,17.72,15.695,4.516890216638635,3.461368828710787,64.97950821907799,1.3128007191911841,0.3145984580414827,0.9982022611497015,3406304.8
134666,GUINNESS,2020-11-17,19.5,19.5,4172106,2026-04-08T03:33:53.594986+00:00,-2.2556390977443552,-0.7462686567164312,3.825136612021862,-2.6470588235294024,20.490000000000002,17.8125,15.796000000000001,4.477828732641092,3.4689432800087507,61.57039701295811,1.263861023111339,0.21252700956930992,1.051334013542029,3444444.15
134770,GUINNESS,2020-11-18,19.95,19.95,3833951,2026-04-08T03:33:56.053488+00:00,2.3076923076922995,-2.2556390977443552,9.999999999999986,0.0,20.3,17.96,15.906999999999998,4.37586431028286,3.473538852165147,63.62555765993207,1.2470124176571993,0.15654272329213614,1.0904696943650631,3391268.95
134874,GUINNESS,2020-11-19,20.0,20.0,1997097,2026-04-08T03:33:58.535588+00:00,0.25062656641603454,2.3076923076922995,5.2631578947368585,0.0,19.9,18.160000000000004,16.026999999999997,4.080963621175275,3.437648917788844,63.85684301565862,1.2235895795645568,0.10649590815959487,1.117093671404962,3417054.8
134978,GUINNESS,2020-11-20,19.9,19.9,2060177,2026-04-08T03:34:01.033528+00:00,-0.5000000000000115,0.25062656641603454,-8.636363636363631,5.740181268882161,19.86,18.357499999999998,16.145,4.084835962498783,3.440670496924364,62.994129602649956,1.183317104368733,0.05297874637101674,1.1303383579977162,3355441.3
135082,GUINNESS,2020-11-23,18.0,18.0,2220986,2026-04-08T03:34:05.446005+00:00,-9.547738693467334,-0.5000000000000115,-0.7462686567164312,4.571428571428582,19.47,18.46,16.225,4.737195114264955,3.7361603303472246,49.351508373360026,0.986712548538744,-0.11490064756717766,1.1016131961059217,3421451.8
135186,GUINNESS,2020-11-24,17.5,17.5,1625498,2026-04-08T03:34:07.827748+00:00,-2.777777777777779,-9.547738693467334,-2.2556390977443552,3.825136612021862,19.07,18.535,16.305,4.800944880478227,3.719846210087297,46.49766599784206,0.7815470127911546,-0.2560529466518138,1.0375999594429683,3389883.55
135290,GUINNESS,2020-11-25,18.0,18.0,1503388,2026-04-08T03:34:10.273596+00:00,2.857142857142847,-2.777777777777779,2.3076923076922995,9.999999999999986,18.68,18.59,16.396,4.6857437585902435,3.7308580036966728,49.63419980560512,0.6517843051508372,-0.308652523433705,0.9604368285845422,3284433.7
135394,GUINNESS,2020-11-26,19.3,19.3,1179454,2026-04-08T03:34:12.878043+00:00,7.222222222222219,2.857142857142847,0.25062656641603454,5.2631578947368585,18.54,18.677500000000002,16.512,4.872715876501357,3.8443830277745565,56.73590864886158,0.6463943284508638,-0.25123400010694275,0.8976283285578065,3161361.65
135498,GUINNESS,2020-11-27,19.0,19.0,627584,2026-04-08T03:34:15.660625+00:00,-1.5544041450777257,7.222222222222219,-0.5000000000000115,-8.636363636363631,18.360000000000003,18.7775,16.622,4.821723022149496,3.8571644092512245,54.81507513572289,0.6108734711679702,-0.2294038859118691,0.8402773570798393,3009487.65
135602,GUINNESS,2020-11-30,18.9,18.9,640382,2026-04-08T03:34:20.595268+00:00,-0.526315789473697,-1.5544041450777257,-9.547738693467334,-0.7462686567164312,18.54,18.8725,16.729,4.826997597254948,3.8610896937070054,54.156888824665856,0.5681050106623644,-0.21773787713397996,0.7858428877963444,2946573.25
135706,GUINNESS,2020-12-01,18.35,18.35,658994,2026-04-08T03:34:22.915781+00:00,-2.910052910052896,-0.526315789473697,-2.777777777777779,-2.2556390977443552,18.71,18.9625,16.825,4.836778409543683,3.894274936905785,50.56095668370904,0.48424818250939694,-0.241275764229558,0.7255239467389549,2926956.75
135809,GUINNESS,2020-12-02,18.4,18.4,527673,2026-04-08T03:34:25.200893+00:00,0.27247956403269047,-2.910052910052896,2.857142857142847,2.3076923076922995,18.79,19.055,16.922,4.835296503984263,3.893490736513634,50.880261759466954,0.41701849455468576,-0.24680436174741538,0.6638228563021011,2941971.9
135911,GUINNESS,2020-12-03,18.0,18.0,417107,2026-04-08T03:34:27.500503+00:00,-2.1739130434782483,0.27247956403269047,7.222222222222219,0.25062656641603454,18.53,19.127499999999998,17.011,4.874779519122621,3.9134183454350695,48.19836099240521,0.32768448268641137,-0.2689106988925518,0.5965951815789632,2829269.75
136013,GUINNESS,2020-12-04,17.9,17.9,437990,2026-04-08T03:34:29.754666+00:00,-0.5555555555555647,-2.1739130434782483,-1.5544041450777257,-0.5000000000000115,18.310000000000002,19.1475,17.098,4.7217750244542085,3.9160736774605707,47.52394089023478,0.2459819436706816,-0.28049059032662527,0.5264725339973069,2623435.4
136117,GUINNESS,2020-12-07,17.9,17.9,293239,2026-04-08T03:34:34.092506+00:00,0.0,-0.5555555555555647,-0.526315789473697,-9.547738693467334,18.11,19.1275,17.185,4.6093162778701675,3.9160736774605707,47.523940890234776,0.17916676987008628,-0.2778446113017765,0.4570113811718628,2492623.0
136221,GUINNESS,2020-12-08,17.8,17.8,1690501,2026-04-08T03:34:36.413898+00:00,-0.5586592178770777,0.0,-2.910052910052896,-2.777777777777779,17.999999999999996,19.067500000000003,17.261,4.520761059038983,3.9001397095803454,46.76503337778662,0.11679970470015988,-0.27216934117736236,0.38896904587752223,2359042.3
136325,GUINNESS,2020-12-09,17.8,17.8,334528,2026-04-08T03:34:38.741358+00:00,0.0,-0.5586592178770777,0.27247956403269047,2.857142857142847,17.880000000000003,18.9125,17.337,3.8302051847896483,3.9001397095803454,46.765033377786615,0.06660556868725465,-0.2578907817522141,0.32449635043946873,2039623.35
136429,GUINNESS,2020-12-10,16.05,16.05,1511698,2026-04-08T03:34:41.210459+00:00,-9.831460674157299,0.0,-2.1739130434782483,7.222222222222219,17.490000000000002,18.615,17.378,4.067272925348341,4.167411541851988,35.31825930525194,-0.11308049877228754,-0.350061479369405,0.23698098059711747,1776580.0
136533,GUINNESS,2020-12-11,17.0,17.0,892036,2026-04-08T03:34:43.516271+00:00,5.919003115264787,-9.831460674157299,-0.5555555555555647,-1.5544041450777257,17.310000000000002,18.46,17.438,4.021935754024684,4.240425943510463,43.41537825929598,-0.17678803881867822,-0.3310152155326366,0.15422717671395836,1420814.35
136637,GUINNESS,2020-12-14,17.65,17.65,3117199,2026-04-08T03:34:47.752987+00:00,3.8235294117646923,5.919003115264787,0.0,-0.526315789473697,17.259999999999998,18.345000000000002,17.511,4.150244243133385,4.266035069416479,48.194006667272866,-0.17283482331293243,-0.2616496000215126,0.0888147767085802,1487079.4
136742,GUINNESS,2020-12-15,18.0,18.0,397434,2026-04-08T03:34:50.014046+00:00,1.9830028328611915,3.8235294117646923,-0.5586592178770777,-2.910052910052896,17.3,18.27,17.570999999999998,4.165517187200103,4.164601958680131,50.61258686866066,-0.13984771916098993,-0.1829299966956561,0.043082277534666175,1298345.8
136847,GUINNESS,2020-12-16,18.6,18.6,972982,2026-04-08T03:34:52.260784+00:00,3.3333333333333437,1.9830028328611915,0.0,0.27247956403269047,17.46,18.202499999999997,17.625,4.205625166911851,4.108789540014116,54.53144490280041,-0.06454616782643541,-0.08610275628888127,0.02155658846244586,1155297.35
136952,GUINNESS,2020-12-17,18.6,18.6,1165982,2026-04-08T03:34:54.700208+00:00,0.0,3.3333333333333437,-9.831460674157299,-2.1739130434782483,17.97,18.1325,17.697,4.204385114031308,4.015387847527307,54.5314449028004,-0.004813657033537311,-0.02109619639678654,0.016282539363249228,1113741.6
137057,GUINNESS,2020-12-18,19.0,19.0,3853486,2026-04-08T03:34:57.404383+00:00,2.1505376344086002,0.0,5.919003115264787,-0.5555555555555647,18.369999999999997,18.0875,17.777,4.238596092182259,4.02131803832461,57.15973619533707,0.07394900705814678,0.04613317415591804,0.02781583290222874,1203407.05
137162,GUINNESS,2020-12-21,19.1,19.1,1173630,2026-04-08T03:35:01.74156+00:00,0.5263157894736858,2.1505376344086002,3.8235294117646923,0.0,18.660000000000004,18.142500000000002,17.858999999999998,3.6149362666153655,4.020527538311951,57.81623266929724,0.1427921312660736,0.09198103869107588,0.05081109257499772,1151039.25
137267,GUINNESS,2020-12-22,19.2,19.2,3757133,2026-04-08T03:35:04.087051+00:00,0.5235602094240788,0.5263157894736858,1.9830028328611915,-0.5586592178770777,18.9,18.2275,17.942999999999998,3.5386874604285112,4.019709453540066,58.501092366886404,0.2030789991638393,0.12181432527107328,0.08126467389276604,1257621.0
137372,GUINNESS,2020-12-23,19.5,19.5,978793,2026-04-08T03:35:06.465463+00:00,1.5625,0.5235602094240788,3.3333333333333437,0.0,19.080000000000002,18.302500000000002,18.033,3.505467008223147,4.021222841566726,60.56931147188818,0.27192963356620226,0.15253196773874897,0.11939766582745329,1231391.25
137477,GUINNESS,2020-12-24,19.5,19.5,1438517,2026-04-08T03:35:08.859517+00:00,0.0,1.5625,0.0,-9.831460674157299,19.26,18.3125,18.113,3.1234093037871324,4.002673900091422,60.569311471888184,0.32277352509436597,0.16270068741353014,0.16007283768083583,1244344.4
137582,GUINNESS,2020-12-29,19.3,19.3,2285218,2026-04-08T03:35:15.710612+00:00,-1.025641025641022,0.0,2.1505376344086002,5.919003115264787,19.32,18.3275,18.179,3.110888469312349,3.98957717723723,58.32196448331958,0.34297573611963017,0.14632231875103546,0.1966534173685947,1327226.1
137687,GUINNESS,2020-12-30,19.0,19.0,4055028,2026-04-08T03:35:18.332825+00:00,-1.5544041450777257,-1.025641025641022,0.5263157894736858,3.8235294117646923,19.3,18.332500000000003,18.221999999999998,3.1306595402369974,3.9367712279211227,55.02400270729443,0.33096349990158913,0.1074480660263955,0.22351543387519363,1497958.4
137792,GUINNESS,2020-12-31,19.0,19.0,647470,2026-04-08T03:35:20.721524+00:00,0.0,-1.5544041450777257,0.5235602094240788,1.9830028328611915,19.26,18.365000000000002,18.249,3.0512784755500406,3.8846332714659773,55.024002707294436,0.31778053990282373,0.07541208482210404,0.2423684550807197,1497382.2
137897,GUINNESS,2021-01-04,19.0,19.0,334700,2026-04-08T03:35:26.376094+00:00,0.0,0.0,1.5625,3.3333333333333437,19.160000000000004,18.395000000000003,18.288999999999998,3.0516388491024458,3.843783889074047,55.02400270729444,0.30383057933509505,0.0491696994035003,0.25466087993159475,1487733.55
138002,GUINNESS,2021-01-05,18.4,18.4,334103,2026-04-08T03:35:29.033034+00:00,-3.157894736842115,0.0,0.0,0.0,18.94,18.415,18.337,3.0995848259654015,3.7730770721980433,48.21367850060557,0.24157541844202868,-0.010468369191652893,0.25204378763368157,1483583.35
138107,GUINNESS,2021-01-06,18.4,18.4,464319,2026-04-08T03:35:31.424152+00:00,0.0,-3.157894736842115,-1.025641025641022,2.1505376344086002,18.759999999999998,18.439999999999998,18.386000000000003,3.0953503252981953,3.772215618667147,48.21367850060557,0.19004701126436174,-0.049597421095455896,0.23964443235981764,1484899.8
138212,GUINNESS,2021-01-07,17.65,17.65,1037613,2026-04-08T03:35:34.042283+00:00,-4.07608695652174,0.0,-1.5544041450777257,0.5263157894736858,18.49,18.427500000000002,18.42,3.2390059646743525,3.8237686096766303,40.87879711851613,0.08768091434437508,-0.12157081441235404,0.20925172875672912,1522118.5
138317,GUINNESS,2021-01-08,18.05,18.05,5807506,2026-04-08T03:35:36.489888+00:00,2.2662889518413776,-4.07608695652174,0.0,0.5235602094240788,18.3,18.44,18.461,3.2756276859133324,3.834129232750405,45.62961766088025,0.03838917556837984,-0.13669004255067946,0.1750792181190593,1727968.75
138422,GUINNESS,2021-01-11,18.5,18.5,1343993,2026-04-08T03:35:41.134484+00:00,2.4930747922437657,2.2662889518413776,0.0,1.5625,18.2,18.475,18.493,3.317899576748782,3.770650049387469,50.45328587140732,0.035230244327152604,-0.11187917903352537,0.14710942336067798,1778442.0
138527,GUINNESS,2021-01-12,18.6,18.6,941134,2026-04-08T03:35:43.444525+00:00,0.5405405405405572,2.4930747922437657,-3.157894736842115,0.0,18.240000000000002,18.6025,18.514,2.3203569760034943,3.7351470733950305,51.48338194153159,0.04033102190935978,-0.08542272116105457,0.12575374307041434,1749913.8
138632,GUINNESS,2021-01-13,18.9,18.9,645267,2026-04-08T03:35:45.752573+00:00,1.612903225806428,0.5405405405405572,0.0,-1.025641025641022,18.339999999999996,18.6975,18.552,1.9937855919218797,3.7092977772557094,54.53708028805107,0.06779936876824522,-0.046363499441735304,0.11416286820998052,1737575.35
138737,GUINNESS,2021-01-14,18.85,18.85,1290634,2026-04-08T03:35:48.266873+00:00,-0.2645502645502451,1.612903225806428,-4.07608695652174,-1.5544041450777257,18.580000000000002,18.7575,18.589,1.8444932834131345,3.709894230802841,53.927849074990206,0.08455890697656443,-0.023683168986732867,0.1082420759632973,1646247.1
138842,GUINNESS,2021-01-15,19.0,19.0,2135605,2026-04-08T03:35:50.536305+00:00,0.7957559681697646,-0.2645502645502451,2.2662889518413776,0.0,18.77,18.807499999999997,18.637999999999998,1.8077640203964522,3.6864308567936246,55.532708073220824,0.10869177700329047,0.00035976083199452946,0.10833201617129594,1733155.65
138947,GUINNESS,2021-01-18,18.5,18.5,1581302,2026-04-08T03:35:55.012207+00:00,-2.631578947368418,0.7957559681697646,2.4930747922437657,0.0,18.77,18.802500000000002,18.677,1.7702652191705988,3.7101482023368466,49.36048971661968,0.08647460363957649,-0.017485930025375573,0.10396053366495206,1763571.65
139052,GUINNESS,2021-01-19,18.5,18.5,158579,2026-04-08T03:35:57.346792+00:00,0.0,-2.631578947368418,0.5405405405405572,-3.157894736842115,18.75,18.7975,18.715999999999998,1.7702652191705988,3.7101482023368466,49.36048971661968,0.06808252076328358,-0.02870241032133479,0.09678493108461837,1713201.5
139157,GUINNESS,2021-01-20,18.95,18.95,529684,2026-04-08T03:35:59.785195+00:00,2.43243243243243,0.0,1.612903225806428,0.0,18.759999999999998,18.794999999999998,18.745,1.7894075820787692,3.6398276618702754,54.62459774989882,0.08879433593697428,-0.0063924761181152895,0.09518681205508957,1547011.4
139262,GUINNESS,2021-01-21,18.5,18.5,758944,2026-04-08T03:36:02.057398+00:00,-2.37467018469657,2.43243243243243,-0.2645502645502451,-4.07608695652174,18.69,18.764999999999997,18.749000000000002,1.8608347228390925,3.6029193015916285,49.125095461180585,0.06811220439571386,-0.021659686127500577,0.08977189052321444,1526277.1
139367,GUINNESS,2021-01-22,18.5,18.5,292089,2026-04-08T03:36:04.490813+00:00,0.0,-2.37467018469657,0.7957559681697646,2.2662889518413776,18.59,18.729999999999997,18.739,1.8546381249792079,3.5622863361782526,49.12509546118059,0.05113204772497326,-0.030911874238592943,0.0820439219635662,1353024.9
139472,GUINNESS,2021-01-25,18.5,18.5,700162,2026-04-08T03:36:09.142175+00:00,0.0,0.0,-2.631578947368418,2.4930747922437657,18.59,18.68,18.691000000000003,1.8102363830561863,3.2576289198156325,49.125095461180585,0.037245804775249525,-0.03583849375065336,0.07308429852590288,1339093.35
139577,GUINNESS,2021-01-26,18.5,18.5,1167507,2026-04-08T03:36:11.477526+00:00,0.0,0.0,0.0,0.5405405405405572,18.59,18.63,18.621000000000002,1.8102363830561863,3.161424050014834,49.12509546118058,0.025941816085005343,-0.037713985952718035,0.06365580203772338,1325542.85
139682,GUINNESS,2021-01-27,18.5,18.5,930293,2026-04-08T03:36:13.916788+00:00,0.0,0.0,2.43243243243243,1.612903225806428,18.5,18.589999999999996,18.589000000000002,1.8015297961536245,2.923392247247164,49.125095461180585,0.016789781457777764,-0.037492816463956496,0.05428259792173426,1257796.6
139787,GUINNESS,2021-01-28,19.2,19.2,2922575,2026-04-08T03:36:16.269205+00:00,3.7837837837837895,0.0,-2.37467018469657,-0.2645502645502451,18.639999999999997,18.6,18.573999999999998,1.976604219567174,2.9734501974530407,58.53218416886767,0.06526850325744249,0.008788724268566583,0.056479778988875906,1201173.95
139892,GUINNESS,2021-01-29,19.0,19.0,5672692,2026-04-08T03:36:18.603253+00:00,-1.041666666666663,3.7837837837837895,0.0,0.7957559681697646,18.74,18.6,18.564,1.9922356269034467,2.9598511812070463,55.381307009369564,0.08655219123999913,0.024057929800898575,0.06249426143910056,1452435.05
139997,GUINNESS,2021-02-01,19.15,19.15,629369,2026-04-08T03:36:23.094546+00:00,0.7894736842105177,-1.041666666666663,0.0,-2.631578947368418,18.869999999999997,18.607499999999998,18.548000000000002,1.9996485220265132,2.943350591644754,57.24046239311672,0.11420690756547458,0.04137011690109921,0.07283679066437537,1467168.5
140102,GUINNESS,2021-02-02,19.0,19.0,1120851,2026-04-08T03:36:25.523135+00:00,-0.7832898172323688,0.7894736842105177,0.0,0.0,18.97,18.6375,18.528000000000002,1.8645627209419255,2.9449095048248117,54.78222838977797,0.12260639291944742,0.03981568180405763,0.08279071111538978,1506505.9
140207,GUINNESS,2021-02-03,19.0,19.0,1240200,2026-04-08T03:36:27.835035+00:00,0.0,-0.7832898172323688,0.0,2.43243243243243,19.07,18.6675,18.51,1.8645627209419255,2.944230827771559,54.78222838977796,0.12778996243701002,0.03599940105729618,0.09179056137971384,1545299.95
140312,GUINNESS,2021-02-04,19.0,19.0,379721,2026-04-08T03:36:30.225924+00:00,0.0,0.0,3.7837837837837895,-2.37467018469657,19.03,18.735,18.53,1.575572781474318,2.6057722913206596,54.78222838977797,0.13039486775775444,0.030883445102432475,0.09951142265532197,1512405.35
140417,GUINNESS,2021-02-05,19.0,19.0,4162833,2026-04-08T03:36:32.587221+00:00,0.0,0.0,-1.041666666666663,0.0,19.03,18.7825,18.56,1.5130983371856028,2.571643915350029,54.78222838977796,0.13094976659585456,0.02515067515242607,0.10579909144342849,1430171.7
140522,GUINNESS,2021-02-08,19.85,19.85,6769753,2026-04-08T03:36:37.052653+00:00,4.473684210526319,0.0,0.7894736842105177,0.0,19.169999999999998,18.85,18.596999999999998,1.7174351949571,2.615552096794371,65.93329902771353,0.1976984791716241,0.07351951018255648,0.1241789689890676,1701459.7
140627,GUINNESS,2021-02-09,19.65,19.65,37244912,2026-04-08T03:36:39.468141+00:00,-1.0075566750629816,4.473684210526319,-0.7832898172323688,0.0,19.3,18.9025,18.604,1.7438680081046236,2.4180239014810696,62.05551557991762,0.23178708897689404,0.08608649599026114,0.1457005929866329,3516648.6
140732,GUINNESS,2021-02-10,20.6,20.6,10529610,2026-04-08T03:36:41.836322+00:00,4.834605597964381,-1.0075566750629816,0.0,0.0,19.619999999999997,18.9875,18.636,2.0022324155458975,2.498180027285978,70.8311161872149,0.33163671672772566,0.1487488989928742,0.18288781773485147,4010865.75
140837,GUINNESS,2021-02-11,20.2,20.2,13678975,2026-04-08T03:36:44.255641+00:00,-1.9417475728155442,4.834605597964381,0.0,3.7837837837837895,19.86,19.055,18.662,2.0677989873109643,2.5144625120752186,64.10812785948077,0.3741783143475743,0.15303239729017826,0.22114591705739606,4630282.8
140942,GUINNESS,2021-02-12,20.2,20.2,602091,2026-04-08T03:36:46.553737+00:00,0.0,-1.9417475728155442,0.0,-1.041666666666663,20.1,19.115000000000002,18.699,2.066759464092907,2.4752160197167656,64.10812785948077,0.40324448553865366,0.14567885478500608,0.2575656307536476,4553607.1
141047,GUINNESS,2021-02-15,20.5,20.5,1203170,2026-04-08T03:36:50.983127+00:00,1.4851485148514865,0.0,4.473684210526319,0.7894736842105177,20.23,19.215,18.741,1.9588105090573524,2.4816459234949155,66.84536924257564,0.44535337196426994,0.15023019296849788,0.29512317899577206,4534700.5
141152,GUINNESS,2021-02-16,22.0,22.0,2642812,2026-04-08T03:36:53.929967+00:00,7.317073170731714,1.4851485148514865,-1.0075566750629816,-0.7832898172323688,20.7,19.39,18.820999999999998,2.470580457003301,2.649963392585345,76.49690980520228,0.5929275323038397,0.23824348264645406,0.3546840496573856,4658912.15
141257,GUINNESS,2021-02-17,21.25,21.25,2126526,2026-04-08T03:36:56.762484+00:00,-3.409090909090906,7.317073170731714,4.834605597964381,0.0,20.830000000000002,19.505000000000003,18.888,2.6204279946193463,2.701988877795387,66.13090102533073,0.6419622444524613,0.2298225558360606,0.4121396886164007,4738754.25
141362,GUINNESS,2021-02-18,22.0,22.0,7233419,2026-04-08T03:36:59.321693+00:00,3.529411764705892,-3.409090909090906,-1.9417475728155442,0.0,21.19,19.68,18.97,2.5994114099059997,2.7377309587176177,70.44407451383455,0.7328930047460815,0.2566026529037446,0.4762903518423369,5062478.0
141467,GUINNESS,2021-02-19,22.05,22.05,1198858,2026-04-08T03:37:01.817881+00:00,0.2272727272727204,3.529411764705892,0.0,0.0,21.56,19.8575,19.055,2.59575721926654,2.734073265124477,70.71185478523822,0.7997716003636341,0.25878499881703776,0.5409866015465964,5107816.45
141572,GUINNESS,2021-02-22,22.1,22.1,1400808,2026-04-08T03:37:06.27808+00:00,0.22675736961450532,0.2272727272727204,1.4851485148514865,4.473684210526319,21.880000000000003,20.0375,19.141000000000002,2.592052732642195,2.7334723913592236,70.99485950033545,0.8470437581795132,0.24484572530633342,0.6021980328731797,5142848.75
141677,GUINNESS,2021-02-23,23.0,23.0,5661085,2026-04-08T03:37:08.890934+00:00,4.072398190045234,0.22675736961450532,7.317073170731714,-1.0075566750629816,22.080000000000002,20.2625,19.28,2.6742815287614943,2.3434478772643113,75.57069232931242,0.946222300534636,0.27521941412916495,0.671002886405471,5367527.65
141782,GUINNESS,2021-02-24,23.0,23.0,4118424,2026-04-08T03:37:11.490979+00:00,0.0,4.072398190045234,-3.409090909090906,4.834605597964381,22.43,20.4875,19.4,2.6742815287614943,2.223360611150342,75.57069232931242,1.0131431265902506,0.2737121921478236,0.739430934442427,5526934.2
141887,GUINNESS,2021-02-25,23.0,23.0,2379918,2026-04-08T03:37:14.190372+00:00,0.0,0.0,3.529411764705892,-1.9417475728155442,22.630000000000003,20.6775,19.507,2.609555130314833,2.1765517381148713,75.57069232931244,1.054028182598607,0.2516777985249441,0.802350384073663,5499801.35
141992,GUINNESS,2021-02-26,23.05,23.05,1700111,2026-04-08T03:37:16.661186+00:00,0.21739130434783593,0.0,0.2272727272727204,0.0,22.830000000000002,20.88,19.608,2.5742157366768894,2.167194258653104,75.83521304670722,1.0780375206951973,0.2205497092972274,0.8574878113979699,5301172.3
142097,GUINNESS,2021-03-01,23.0,23.0,2896667,2026-04-08T03:37:22.522205+00:00,-0.2169197396963196,0.21739130434783593,0.22675736961450532,1.4851485148514865,23.009999999999998,21.072499999999998,19.695999999999998,2.5883773699147814,2.1309451655295977,74.96109688736352,1.080574323811387,0.17846920993073356,0.9021051138806534,5414537.2
142202,GUINNESS,2021-03-02,23.0,23.0,1598995,2026-04-08T03:37:25.400973+00:00,0.0,-0.2169197396963196,4.072398190045234,7.317073170731714,23.009999999999998,21.2725,19.784,2.566584982655212,2.1309451655295977,74.96109688736354,1.0702476103119736,0.13451399714505607,0.9357336131669175,5438444.4
142307,GUINNESS,2021-03-03,23.05,23.05,2869265,2026-04-08T03:37:28.29584+00:00,0.21739130434783593,0.0,0.0,-3.409090909090906,23.02,21.475,19.865,2.5626270343032216,2.116906542454422,75.29140230929193,1.0539489303872251,0.09457225377624612,0.959376676610979,5519897.65
142412,GUINNESS,2021-03-04,23.0,23.0,7155076,2026-04-08T03:37:30.865183+00:00,-0.2169197396963196,0.21739130434783593,0.0,3.529411764705892,23.02,21.675,19.943,2.5675422410992343,2.1186736256588694,74.23676262057197,1.0251798913534529,0.05264257179397913,0.9725373195594738,5858665.4
142517,GUINNESS,2021-03-05,23.0,23.0,3319164,2026-04-08T03:37:35.032922+00:00,0.0,-0.2169197396963196,0.21739130434783593,0.2272727272727204,23.009999999999998,21.875,20.019000000000002,2.5675422410992343,2.1193138790932418,74.23676262057195,0.9909570842317947,0.014735811737856652,0.9762212724939381,5816481.95
142622,GUINNESS,2021-03-08,23.0,23.0,1776186,2026-04-08T03:37:40.957406+00:00,0.0,0.0,-0.2169197396963196,0.22675736961450532,23.009999999999998,22.0325,20.089000000000002,2.4398071882472814,2.1130852388095933,74.23676262057198,0.9528513853845517,-0.018695909687509116,0.9715472950720608,5566803.6
142727,GUINNESS,2021-03-09,23.0,23.0,1151401,2026-04-08T03:37:43.478318+00:00,0.0,0.0,0.0,4.072398190045234,23.009999999999998,22.2,20.159000000000002,2.411480047494745,2.1130852388095933,74.23676262057198,0.9121377878787662,-0.04752760575463577,0.959665393633402,3762128.05
142832,GUINNESS,2021-03-10,23.1,23.1,2775798,2026-04-08T03:37:46.075681+00:00,0.43478260869564966,0.0,0.21739130434783593,0.0,23.020000000000003,22.325,20.235,2.218673350280879,2.103722902500477,75.17230580983414,0.8778221455266149,-0.0654745984854298,0.9432967440120447,3374437.45
142937,GUINNESS,2021-03-11,23.5,23.5,4684689,2026-04-08T03:37:49.142973+00:00,1.7316017316017174,0.43478260869564966,-0.2169197396963196,0.0,23.12,22.490000000000002,20.325,2.1483658550615785,2.0933134761103984,78.53066185629606,0.8728418314840276,-0.05636393002241369,0.9292057615064413,2924723.15
143042,GUINNESS,2021-03-12,23.5,23.5,201095,2026-04-08T03:37:51.827027+00:00,0.0,1.7316017316017174,0.0,0.21739130434783593,23.220000000000002,22.655,20.415,2.1483658550615785,2.0933134761103984,78.53066185629606,0.8589929605790481,-0.05617024074191468,0.9151632013209627,2904673.35
143147,GUINNESS,2021-03-15,23.0,23.0,1739811,2026-04-08T03:37:56.632273+00:00,-2.127659574468088,0.0,0.0,-0.2169197396963196,23.220000000000002,22.78,20.495,2.2361216426916894,2.1239905760342004,65.65579382254221,0.7984675721426235,-0.09335650334267143,0.891824075485295,2931505.4
143252,GUINNESS,2021-03-16,25.3,25.3,1812891,2026-04-08T03:37:59.157483+00:00,10.000000000000009,-2.127659574468088,0.0,0.0,23.68,22.945,20.632999999999996,2.693898044611452,2.4618396330180903,81.048004287993,0.9254238339415153,0.026879806764976144,0.8985440271765391,2890009.35
143357,GUINNESS,2021-03-17,25.3,25.3,558536,2026-04-08T03:38:01.497417+00:00,0.0,10.000000000000009,0.43478260869564966,0.21739130434783593,24.119999999999997,23.1475,20.771,2.5201808401243846,2.4618396330180903,81.04800428799298,1.0143448500638215,0.09264065830982582,0.9217041917539956,2811609.85
143462,GUINNESS,2021-03-18,25.3,25.3,246854,2026-04-08T03:38:03.831621+00:00,0.0,0.0,1.7316017316017174,-0.2169197396963196,24.48,23.3125,20.924,2.449296171299985,2.3672133904669836,81.048004287993,1.0724528273668952,0.12059890849031951,0.9518539188765757,2462281.6
143567,GUINNESS,2021-03-19,25.3,25.3,372076,2026-04-08T03:38:06.31825+00:00,0.0,0.0,0.0,0.0,24.84,23.475,21.069000000000003,2.4522684993315442,2.359258089684522,81.04800428799298,1.1057573357682564,0.12312273351334457,0.9826346022549118,2420942.5
143672,GUINNESS,2021-03-22,25.3,25.3,584862,2026-04-08T03:38:11.081229+00:00,0.0,0.0,-2.127659574468088,0.0,25.3,23.635,21.205,2.4551765785200104,2.346988257807713,81.04800428799298,1.1192493883816503,0.10929182890139066,1.0099575594802597,2380145.2
143777,GUINNESS,2021-03-23,25.1,25.1,2464880,2026-04-08T03:38:13.396015+00:00,-0.7905138339920903,0.0,10.000000000000009,0.0,25.26,23.740000000000002,21.335,2.342407798817794,2.355835191809466,76.71722574530561,1.101110690134238,0.07292250452318272,1.0281881856110553,2220334.95
143882,GUINNESS,2021-03-24,27.3,27.3,4589182,2026-04-08T03:38:15.81449+00:00,8.764940239043817,-0.7905138339920903,0.0,0.43478260869564966,25.660000000000004,23.955000000000002,21.503,2.9835227490407927,2.61928364272021,85.7422962858122,1.2498497648391478,0.1773292633824739,1.0725205014566739,2243872.85
143987,GUINNESS,2021-03-25,27.3,27.3,556473,2026-04-08T03:38:18.283134+00:00,0.0,8.764940239043817,0.0,1.7316017316017174,26.060000000000002,24.17,21.671999999999997,2.9835227490407927,2.617416570649399,85.74229628581222,1.3521399257636304,0.22369553944556508,1.1284443863180653,2152700.6
144092,GUINNESS,2021-03-26,30.0,30.0,12564540,2026-04-08T03:38:20.746814+00:00,9.890109890109876,0.0,0.0,0.0,27.0,24.517500000000002,21.892,3.5893934821902302,2.9176027110367393,90.81173472116538,1.6322574031174177,0.4030504134394819,1.2292069896779358,2695922.05
144197,GUINNESS,2021-03-29,31.15,31.15,1502544,2026-04-08T03:38:25.159246+00:00,3.833333333333333,9.890109890109876,0.0,-2.127659574468088,28.169999999999998,24.925,22.145,3.6085021583216608,2.8984791576064834,92.10012961019589,1.924859330923173,0.5565218729961896,1.3683374579269834,2626215.9
144302,GUINNESS,2021-03-30,31.6,31.6,1272738,2026-04-08T03:38:27.475529+00:00,1.4446227929374,3.833333333333333,-0.7905138339920903,10.000000000000009,29.470000000000006,25.355,22.406999999999996,3.5894747312713915,2.89461987321162,92.54088930812466,2.16806757258383,0.6397840917254771,1.5282834808583527,2609903.05
144407,GUINNESS,2021-03-31,33.9,33.9,3735069,2026-04-08T03:38:29.710175+00:00,7.278481012658222,1.4446227929374,8.764940239043817,0.0,30.79,25.8975,22.706000000000003,3.782288623976726,3.0180971872173488,94.29339590065145,2.517383800977978,0.7912802560957,1.726103544882278,2653193.25
144512,GUINNESS,2021-04-01,35.9,35.9,5391450,2026-04-08T03:38:32.086622+00:00,5.899705014749257,7.278481012658222,0.0,0.0,32.510000000000005,26.5425,23.054000000000002,3.839423271813488,3.044110117452955,95.32252707428266,2.921920631759967,0.9566536695021512,1.9652669622578158,2565011.95
144617,GUINNESS,2021-04-06,33.0,33.0,809796,2026-04-08T03:38:38.336109+00:00,-8.07799442896936,5.899705014749257,9.890109890109876,0.0,33.11,27.0425,23.344,4.469326126806202,3.3205634686025705,74.37726195374475,2.9742281700448885,0.807168966229658,2.1670592038152305,2439543.55
144722,GUINNESS,2021-04-07,33.0,33.0,776631,2026-04-08T03:38:40.597593+00:00,0.0,-8.07799442896936,3.833333333333333,0.0,33.48,27.5425,23.634,4.469326126806201,3.3205634686025705,74.37726195374475,2.981315521464186,0.6514050541191643,2.3299104673450217,2389565.8
144827,GUINNESS,2021-04-08,33.0,33.0,207661,2026-04-08T03:38:43.050318+00:00,0.0,0.0,1.4446227929374,-0.7905138339920903,33.760000000000005,28.0425,23.924,4.469326126806201,3.3205634686025705,74.37726195374476,2.9528931840124812,0.4983861733339676,2.4545070106785136,2342378.8
144932,GUINNESS,2021-04-09,29.7,29.7,187720,2026-04-08T03:38:45.381101+00:00,-9.999999999999998,0.0,7.278481012658222,8.764940239043817,32.92,28.372499999999995,24.148000000000003,5.200380512744265,3.677333743011382,56.67738922699316,2.633725903285214,0.14337511408536008,2.4903507891998538,2212974.9
145037,GUINNESS,2021-04-12,26.75,26.75,1516655,2026-04-08T03:38:49.634064+00:00,-9.932659932659927,-9.999999999999998,5.899705014749257,0.0,31.089999999999996,28.534999999999997,24.299,5.781880791527163,3.966922632358247,46.11296635582749,2.1183244622221444,-0.2976210615821677,2.415945523804312,2054573.2
145142,GUINNESS,2021-04-14,26.5,26.5,741983,2026-04-08T03:38:53.291299+00:00,-0.9345794392523366,-9.932659932659927,-8.07799442896936,9.890109890109876,29.79,28.684999999999995,24.449,5.792531041955093,3.965968525515411,45.341644070315404,1.6704364447257518,-0.5964072632628485,2.2668437079886004,2081617.6
145247,GUINNESS,2021-04-15,29.15,29.15,1060585,2026-04-08T03:38:55.647647+00:00,9.999999999999986,-0.9345794392523366,0.0,3.833333333333333,29.02,28.9925,24.649,6.1006555527907,4.176416845790673,54.10497103791919,1.5118867279439563,-0.6039655840357154,2.1158523119796717,2047656.3
145352,GUINNESS,2021-04-16,31.85,31.85,1013586,2026-04-08T03:38:58.039758+00:00,9.262435677530023,9.999999999999986,0.0,1.4446227929374,28.79,29.32,24.906,6.047733786323011,4.331141185876462,60.970957220272986,1.5858220013719588,-0.4240242484861705,2.0098462498581293,2007691.05
145457,GUINNESS,2021-04-19,31.85,31.85,294075,2026-04-08T03:39:02.639407+00:00,0.0,9.262435677530023,-9.999999999999998,7.278481012658222,29.22,29.647499999999997,25.162999999999997,6.04773378632301,4.331141185876462,60.97095722027299,1.6256764520477844,-0.3073358382482758,1.9330122902960603,1994468.0
145562,GUINNESS,2021-04-20,31.85,31.85,49518,2026-04-08T03:39:05.009889+00:00,0.0,0.0,-9.932659932659927,5.899705014749257,30.24,29.975,25.42,6.04773378632301,4.331141185876462,60.97095722027299,1.6383752216422565,-0.23570965492304308,1.8740848765652995,1984601.2
145667,GUINNESS,2021-04-21,28.7,28.7,159380,2026-04-08T03:39:07.371999+00:00,-9.8901098901099,0.0,-0.9345794392523366,-8.07799442896936,30.68,30.145000000000003,25.614,6.5461732950866995,4.601207287677943,50.058636273743666,1.3783714061206318,-0.39657077635573423,1.774942182476366,1973966.4
145772,GUINNESS,2021-04-22,28.7,28.7,917932,2026-04-08T03:39:09.720023+00:00,0.0,-9.8901098901099,9.999999999999986,0.0,30.590000000000003,30.314999999999998,25.791,6.5461732950866995,4.57434797973723,50.058636273743666,1.158956776796046,-0.49278832454425614,1.6517451013403022,1990619.9
145877,GUINNESS,2021-04-26,28.7,28.7,297139,2026-04-08T03:39:15.36746+00:00,0.0,0.0,9.262435677530023,0.0,29.96,30.494999999999997,25.971999999999998,6.538208426856101,4.568247192685614,50.05863627374367,0.9738432435440707,-0.5423214862369852,1.5161647297810559,1882232.85
145982,GUINNESS,2021-04-27,28.7,28.7,119530,2026-04-08T03:39:17.695414+00:00,0.0,0.0,0.0,-9.999999999999998,29.330000000000002,30.564999999999998,26.134,6.2699031903680424,4.533491870848468,50.05863627374367,0.8177133443461457,-0.5587611083479282,1.376474452694074,1658750.25
146087,GUINNESS,2021-04-28,27.05,27.05,501555,2026-04-08T03:39:20.620007+00:00,-5.749128919860624,0.0,0.0,-9.932659932659927,28.369999999999997,30.552500000000002,26.271,6.421041898052398,4.611208948709223,44.453201705844464,0.554446747033289,-0.657622164528628,1.212068911561917,1656004.35
146192,GUINNESS,2021-04-29,27.05,27.05,91627,2026-04-08T03:39:22.905871+00:00,0.0,-5.749128919860624,-9.8901098901099,-0.9345794392523366,28.040000000000003,30.404999999999994,26.407999999999998,5.998472598268376,4.611208948709223,44.453201705844464,0.3418652619929219,-0.6961629196551962,1.038028181648118,1032358.7
146297,GUINNESS,2021-04-30,27.1,27.1,426964,2026-04-08T03:39:25.430976+00:00,0.1848428835489857,0.0,0.0,9.999999999999986,27.72,30.202499999999997,26.54,5.919730301009564,4.61029813445188,44.67094208544733,0.1754055200155058,-0.6900981293060898,0.8655036493215956,978579.7
146402,GUINNESS,2021-05-04,27.1,27.1,222738,2026-04-08T03:39:31.322792+00:00,0.0,0.1848428835489857,0.0,9.262435677530023,27.4,29.977500000000003,26.642,5.903213737033598,4.509831675706684,44.67094208544732,0.04298941994755623,-0.6580113834992315,0.7010008034467877,926079.7
146507,GUINNESS,2021-05-05,28.7,28.7,765778,2026-04-08T03:39:33.759587+00:00,5.9040590405903925,0.0,0.0,0.0,27.4,29.717499999999994,26.791,5.814022157242462,4.536596340904802,51.69787103831346,0.06639003191770598,-0.5076886172232654,0.5740786491409714,777615.15
146612,GUINNESS,2021-05-06,30.0,30.0,595174,2026-04-08T03:39:36.246061+00:00,4.529616724738683,5.9040590405903925,-5.749128919860624,0.0,27.99,29.422500000000003,26.951,5.740183716750795,4.551491509796979,56.5287130798602,0.18767096685822438,-0.30912614582619763,0.496797112684422,537801.35
146717,GUINNESS,2021-05-07,29.0,29.0,1678571,2026-04-08T03:39:38.47254+00:00,-3.3333333333333326,4.529616724738683,0.0,-9.8901098901099,28.380000000000003,29.222500000000004,27.09,5.514346459951985,4.587131392088055,52.20359188913133,0.20078086213232282,-0.23681300044167936,0.4375938625740022,581240.1
146822,GUINNESS,2021-05-10,29.0,29.0,391363,2026-04-08T03:39:42.886326+00:00,0.0,-3.3333333333333326,0.1848428835489857,0.0,28.76,29.0225,27.228,5.514346459951985,4.587672914558442,52.20359188913134,0.2087640466105256,-0.1830638527707813,0.3918278993813069,561976.7
146927,GUINNESS,2021-05-11,29.0,29.0,341337,2026-04-08T03:39:45.288668+00:00,0.0,0.0,0.0,0.0,29.139999999999997,28.8225,27.348000000000003,5.514346459951985,4.561711635541979,52.20359188913133,0.21263960086996292,-0.14335063880907523,0.35599023967903815,568660.5
147032,GUINNESS,2021-05-14,29.0,29.0,39535,2026-04-08T03:39:49.859206+00:00,0.0,0.0,5.9040590405903925,0.0,29.2,28.7875,27.468000000000004,5.040421755098438,4.561711635541979,52.20359188913133,0.2132527604650214,-0.11418998337121339,0.3274427438362348,561251.25
147137,GUINNESS,2021-05-17,28.5,28.5,957802,2026-04-08T03:39:54.343913+00:00,-1.7241379310344862,0.0,4.529616724738683,-5.749128919860624,28.9,28.875,27.578000000000003,4.4934064697406795,4.572584635703954,49.648849525579216,0.17141688538462674,-0.12482068676128644,0.2962375721459132,533308.6
147242,GUINNESS,2021-05-18,28.55,28.55,1529944,2026-04-08T03:39:57.092526+00:00,0.17543859649122862,-1.7241379310344862,-3.3333333333333326,0.0,28.810000000000002,28.977500000000003,27.688,4.482734936113606,4.572647389767543,49.912821593227314,0.14067462558790922,-0.12445035724640319,0.2651249828343124,572706.65
147347,GUINNESS,2021-05-19,29.0,29.0,1410895,2026-04-08T03:39:59.433321+00:00,1.5761821366024442,0.17543859649122862,0.0,0.1848428835489857,28.810000000000002,28.97,27.807999999999996,3.8975301137023752,4.573692050862023,52.334836734013116,0.1508831157689663,-0.09139349365227692,0.2422766094212432,590222.15
147452,GUINNESS,2021-05-20,29.0,29.0,981476,2026-04-08T03:40:01.906518+00:00,0.0,1.5761821366024442,0.0,0.0,28.810000000000002,28.827500000000004,27.927999999999997,3.2396277179355764,4.573692050862023,52.33483673401311,0.15716175490490158,-0.0680918836130733,0.2252536385179749,588616.65
147557,GUINNESS,2021-05-21,29.0,29.0,377190,2026-04-08T03:40:04.221824+00:00,0.0,0.0,0.0,5.9040590405903925,28.810000000000002,28.685000000000002,28.046999999999997,3.2396277179355764,4.5741344933731325,52.334836734013116,0.16028989947118077,-0.051970991237435316,0.2122608907086161,592772.4
147662,GUINNESS,2021-05-24,29.05,29.05,679629,2026-04-08T03:40:08.535937+00:00,0.17241379310344307,0.0,-1.7241379310344862,4.529616724738683,28.919999999999998,28.544999999999998,28.167999999999996,3.2410229786890965,4.5731115784610195,52.65256676690409,0.16490266345363835,-0.03788658180398222,0.20278924525762057,624277.95
147767,GUINNESS,2021-05-25,29.0,29.0,615657,2026-04-08T03:40:10.790359+00:00,-0.1721170395869165,0.17241379310344307,0.17543859649122862,-3.3333333333333326,29.01,28.559999999999995,28.287999999999997,2.3507888289617758,4.573614490119342,52.277287208345264,0.16264881570823064,-0.03211234363951196,0.1947611593477426,647091.8
147872,GUINNESS,2021-05-26,29.0,29.0,658367,2026-04-08T03:40:13.088105+00:00,0.0,-0.1721170395869165,1.5761821366024442,0.0,29.01,28.575,28.407999999999998,2.3507888289617758,4.573614490119342,52.277287208345264,0.15902943282270243,-0.028585381220032124,0.18761481404273456,634113.55
147977,GUINNESS,2021-05-27,29.0,29.0,746660,2026-04-08T03:40:15.774564+00:00,0.0,0.0,0.0,0.0,29.01,28.589999999999996,28.528,2.3507888289617758,4.573614490119342,52.277287208345264,0.1543814327520181,-0.026586705032573182,0.18096813778459128,656589.6
148082,GUINNESS,2021-05-28,29.0,29.0,129097,2026-04-08T03:40:18.222614+00:00,0.0,0.0,0.0,0.0,29.01,28.605,28.646,2.3507888289617758,4.574284282835334,52.27728720834527,0.14898050468806545,-0.02559010647722068,0.17457061116528613,657067.95
148187,GUINNESS,2021-05-31,29.0,29.0,228782,2026-04-08T03:40:23.651574+00:00,0.0,0.0,0.17241379310344307,-1.7241379310344862,29.0,28.702499999999997,28.756,1.9111002245288586,4.571774293510527,52.277287208345264,0.14305122481245292,-0.02521550908226658,0.1682667338947195,643429.3
148292,GUINNESS,2021-06-01,29.0,29.0,131913,2026-04-08T03:40:26.050454+00:00,0.0,0.0,-0.1721170395869165,0.17543859649122862,29.0,28.8,28.866,1.9111002245288586,4.571774293510527,52.277287208345264,0.13677556422828374,-0.025192935733148625,0.16196849996143237,645443.6
148397,GUINNESS,2021-06-02,29.0,29.0,198855,2026-04-08T03:40:28.576306+00:00,0.0,0.0,0.0,1.5761821366024442,29.0,28.895,28.986,1.912467089650368,4.55646881350551,52.27728720834527,0.13030004024663455,-0.02533476777183824,0.1556348080184728,634038.15
148502,GUINNESS,2021-06-03,29.0,29.0,46977,2026-04-08T03:40:31.001459+00:00,0.0,0.0,0.0,0.0,29.0,28.99,29.06,1.912467089650368,4.348665375671451,52.277287208345264,0.12374172327814392,-0.0255144677922631,0.14925619107040702,625250.1
148607,GUINNESS,2021-06-04,29.0,29.0,160759,2026-04-08T03:40:33.442796+00:00,0.0,0.0,0.0,0.0,29.0,29.004999999999995,29.133999999999997,1.3973801333532854,4.348665375671451,52.27728720834526,0.1171932786643346,-0.02565032992485794,0.14284360858919254,594999.15
148712,GUINNESS,2021-06-07,29.0,29.0,103900,2026-04-08T03:40:37.732645+00:00,0.0,0.0,0.0,0.17241379310344307,29.0,28.954999999999995,29.208,0.920866526922284,4.348665375671451,52.277287208345264,0.11072719495078687,-0.02569313091072456,0.13642032586151143,570435.45
148817,GUINNESS,2021-06-08,29.0,29.0,612075,2026-04-08T03:40:40.102423+00:00,0.0,0.0,0.0,-0.1721170395869165,29.0,28.954999999999995,29.281999999999996,0.5403260536252338,4.348665375671451,52.27728720834527,0.1043993265717873,-0.025616799431779302,0.1300161260035666,517110.65
148922,GUINNESS,2021-06-09,29.0,29.0,221856,2026-04-08T03:40:42.486352+00:00,0.0,0.0,0.0,0.0,29.0,28.954999999999995,29.355999999999998,0.5403260536252338,4.348665375671451,52.277287208345264,0.09825185902047195,-0.025411413586475723,0.12366327260694768,508635.3
149027,GUINNESS,2021-06-10,29.0,29.0,312486,2026-04-08T03:40:45.029393+00:00,0.0,0.0,0.0,0.0,29.0,28.954999999999995,29.433999999999997,0.5403260536252338,4.345810094364184,52.27728720834527,0.0923157877592331,-0.025077987878171656,0.11739377563740476,507192.75
149132,GUINNESS,2021-06-11,29.05,29.05,454296,2026-04-08T03:40:47.465669+00:00,0.17241379310344307,0.0,0.0,0.0,29.009999999999998,28.9575,29.469,0.5416764363720189,4.1740489354766535,53.152320010910955,0.09060159189633765,-0.02143374699285369,0.11203533888919134,527930.8
149237,GUINNESS,2021-06-15,29.0,29.0,407469,2026-04-08T03:40:53.415974+00:00,-0.1721170395869165,0.17241379310344307,0.0,0.0,29.009999999999998,28.982500000000005,29.503,0.3613073975130214,4.1742967836668905,52.1230862655231,0.08423746018726774,-0.022238302961538878,0.10647576314880662,500414.15
149342,GUINNESS,2021-06-16,29.0,29.0,131233,2026-04-08T03:40:55.754681+00:00,0.0,-0.1721170395869165,0.0,0.0,29.009999999999998,29.005000000000003,29.483,0.36119251602108854,3.933456496266674,52.12308626552309,0.07829134605410104,-0.022547533675764467,0.10083887972986551,430478.6
149448,GUINNESS,2021-06-17,29.0,29.0,138261,2026-04-08T03:40:58.172345+00:00,0.0,0.0,0.0,0.0,29.009999999999998,29.005000000000003,29.44,0.07904081727822115,3.8945597411955983,52.123086265523085,0.07274050055313808,-0.022478703341381953,0.09521920389452003,366846.9
149554,GUINNESS,2021-06-18,29.0,29.0,260057,2026-04-08T03:41:00.479054+00:00,0.0,0.0,0.0,0.0,29.009999999999998,29.005000000000003,29.388,0.07904081727822115,3.8884650237897525,52.12308626552309,0.0675625959520616,-0.022125286353966753,0.08968788230602835,330775.95
149660,GUINNESS,2021-06-21,29.0,29.0,95762,2026-04-08T03:41:05.049703+00:00,0.0,0.0,0.17241379310344307,0.0,29.0,29.005000000000003,29.29,0.07904081727822115,3.7401453266465565,52.12308626552309,0.0627358889745615,-0.02156159466517349,0.084297483639735,316704.55
149767,GUINNESS,2021-06-22,29.0,29.0,384073,2026-04-08T03:41:07.444448+00:00,0.0,0.0,-0.1721170395869165,0.0,29.0,29.002500000000005,29.152,0.0678616844646138,3.6339819583347075,52.123086265523085,0.058239342038064024,-0.020846513281336784,0.07908585531940081,301926.75
149874,GUINNESS,2021-06-23,29.0,29.0,477822,2026-04-08T03:41:09.819069+00:00,0.0,0.0,0.0,0.0,29.0,29.002500000000005,29.072000000000003,0.05589029996109865,3.4592240972415707,52.123086265523085,0.054052710198494225,-0.020026516096725275,0.0740792262952195,295035.0
149981,GUINNESS,2021-06-24,29.0,29.0,150500,2026-04-08T03:41:12.2583+00:00,0.0,0.0,0.0,0.0,29.0,29.002500000000005,28.992000000000004,0.05589029996109865,3.4592240972415707,52.123086265523085,0.050156600236451965,-0.019138100847014033,0.069294701083466,269641.65
150088,GUINNESS,2021-06-25,29.0,29.0,82015,2026-04-08T03:41:14.6351+00:00,0.0,0.0,0.0,0.0,29.0,29.002500000000005,28.912000000000003,0.05589029996109865,3.4592240972415707,52.123086265523085,0.04653250724355473,-0.018209755071929012,0.06474226231548375,236409.4
150195,GUINNESS,2021-06-28,29.0,29.0,82481,2026-04-08T03:41:19.428749+00:00,0.0,0.0,0.0,0.17241379310344307,29.0,29.002500000000005,28.898000000000003,0.05589029996109865,3.1568443580407357,52.123086265523085,0.04316283316371994,-0.01726354332141105,0.06042637648513099,234078.6
150302,GUINNESS,2021-06-29,29.0,29.0,285115,2026-04-08T03:41:22.147646+00:00,0.0,0.0,0.0,-0.1721170395869165,29.0,29.002500000000005,28.943,0.05589029996109865,2.812723495119471,52.12308626552308,0.04003089098534929,-0.01631638839982536,0.05634727938517465,236895.25
150409,GUINNESS,2021-06-30,29.0,29.0,129686,2026-04-08T03:41:24.723581+00:00,0.0,0.0,0.0,0.0,29.0,29.002500000000005,28.993000000000002,0.05589029996109865,2.808131232820467,52.123086265523085,0.03712089764348647,-0.015381105393350546,0.05250200303683702,236783.9
150516,GUINNESS,2021-07-01,29.0,29.0,188847,2026-04-08T03:41:27.253573+00:00,0.0,0.0,0.0,0.0,29.0,29.002500000000005,28.99,0.05589029996109865,2.4276007867567047,52.12308626552309,0.0344179581574835,-0.014467235903482825,0.04888519406096632,236283.5
150623,GUINNESS,2021-07-02,29.0,29.0,53562,2026-04-08T03:41:29.882533+00:00,0.0,0.0,0.0,0.0,29.0,29.002500000000005,28.933000000000003,0.05589029996109865,2.028407538154128,52.123086265523085,0.03190804308260908,-0.013581720782685797,0.04548976386529488,236612.75
150730,GUINNESS,2021-07-05,29.0,29.0,62947,2026-04-08T03:41:34.454391+00:00,0.0,0.0,0.0,0.0,29.0,29.002500000000005,28.876000000000005,0.05589029996109865,2.028407538154128,52.123086265523085,0.029577960980269324,-0.012729442308020443,0.04230740328828977,231722.15
150837,GUINNESS,2021-07-06,29.0,29.0,172480,2026-04-08T03:41:36.982623+00:00,0.0,0.0,0.0,0.0,29.0,29.002500000000005,28.819000000000003,0.05589029996109865,2.028407538154128,52.123086265523085,0.027415327299177505,-0.011913660791289818,0.03932898809046732,235151.15
150944,GUINNESS,2021-07-07,29.0,29.0,222818,2026-04-08T03:41:39.307643+00:00,0.0,0.0,0.0,0.0,29.0,29.002500000000005,28.825,0.05589029996109865,1.464760577790336,52.123086265523085,0.025408530799182927,-0.011136365833027517,0.036544896632210444,215688.3
151051,GUINNESS,2021-07-08,29.0,29.0,146694,2026-04-08T03:41:41.672436+00:00,0.0,0.0,0.0,0.0,29.0,29.002500000000005,28.831000000000003,0.05589029996109865,1.464760577790336,52.123086265523085,0.02354669843252921,-0.010398558559744989,0.0339452569922742,211930.2
151159,GUINNESS,2021-07-09,29.0,29.0,161279,2026-04-08T03:41:44.186247+00:00,0.0,0.0,0.0,0.0,29.0,29.002500000000005,28.837000000000003,0.05589029996109865,1.464760577790336,52.123086265523085,0.021819659416689063,-0.009700478060468108,0.03152013747715717,204369.85
151267,GUINNESS,2021-07-12,29.0,29.0,278562,2026-04-08T03:41:48.615121+00:00,0.0,0.0,0.0,0.0,29.0,29.0,28.843000000000004,0.03848654006006007,1.464760577790336,52.123086265523085,0.020217909083296348,-0.00904178271508866,0.02925969179838501,195583.15
151375,GUINNESS,2021-07-13,29.0,29.0,218776,2026-04-08T03:41:50.993586+00:00,0.0,0.0,0.0,0.0,29.0,29.0,28.882,0.0,1.2042223753514958,52.123086265523085,0.018732572963589433,-0.008421695067836462,0.027154268031425895,186148.5
151483,GUINNESS,2021-07-14,29.0,29.0,288150,2026-04-08T03:41:53.268+00:00,0.0,0.0,0.0,0.0,29.0,29.0,28.921000000000003,0.0,1.2042223753514958,52.123086265523085,0.01735537146850774,-0.007839117250334524,0.025194488718842264,193994.35
151591,GUINNESS,2021-07-15,29.0,29.0,609471,2026-04-08T03:41:55.50175+00:00,0.0,0.0,0.0,0.0,29.0,29.0,28.959,0.0,1.2043852431402495,52.12308626552309,0.0160785854371035,-0.007292722625391015,0.023371308062494513,217554.85
151699,GUINNESS,2021-07-16,29.0,29.0,74734,2026-04-08T03:41:57.978751+00:00,0.0,0.0,0.0,0.0,29.0,29.0,28.997000000000003,0.0,1.2043852431402495,52.123086265523085,0.014895022757947629,-0.0067810282436375074,0.021676051001585137,208288.7
151807,GUINNESS,2021-07-19,29.0,29.0,283256,2026-04-08T03:42:02.439681+00:00,0.0,0.0,0.0,0.0,29.0,29.0,29.003,0.0,0.871370485973636,52.123086265523085,0.013797986211507407,-0.006302451832062184,0.02010043804356959,217663.4
151915,GUINNESS,2021-07-22,29.0,29.0,122203,2026-04-08T03:42:06.938387+00:00,0.0,0.0,0.0,0.0,29.0,29.0,28.983,0.0,0.5802726074350895,52.12308626552309,0.012781242635679035,-0.005855356326312445,0.01863659896199148,204569.9
152023,GUINNESS,2021-07-23,31.65,31.65,830962,2026-04-08T03:42:09.224536+00:00,9.13793103448275,0.0,0.0,0.0,29.53,29.1325,29.035999999999998,2.0433034966808403,1.335755933616286,94.0511216920737,0.22323500487529202,0.16367872473064043,0.05955628014465159,222226.9
152131,GUINNESS,2021-07-26,31.65,31.65,406756,2026-04-08T03:42:13.888963+00:00,0.0,9.13793103448275,0.0,0.0,30.059999999999995,29.264999999999997,29.089000000000002,2.0433034966808403,1.335755933616286,94.0511216920737,0.3855764424718515,0.26081612986175995,0.12476031261009159,235039.7
152239,GUINNESS,2021-07-27,31.65,31.65,101512,2026-04-08T03:42:16.300026+00:00,0.0,0.0,0.0,0.0,30.589999999999996,29.397499999999997,29.142,2.0433034966808403,1.335755933616286,94.05112169207372,0.5083729939509603,0.3068901450726949,0.20148284887826534,236014.55
152347,GUINNESS,2021-07-28,31.65,31.65,375860,2026-04-08T03:42:18.733972+00:00,0.0,0.0,0.0,0.0,31.119999999999997,29.529999999999994,29.195,2.0433034966808403,1.335755933616286,94.05112169207372,0.5987876938966856,0.3178438760147362,0.28094381788194944,250683.5
152455,GUINNESS,2021-07-29,31.65,31.65,107610,2026-04-08T03:42:21.196071+00:00,0.0,0.0,0.0,0.0,31.65,29.6625,29.258000000000003,2.0433034966808403,1.3074645093754291,94.05112169207372,0.6628016303909519,0.3054862500072019,0.35731538038374994,241808.25
152563,GUINNESS,2021-07-30,31.5,31.5,558966,2026-04-08T03:42:23.780537+00:00,-0.4739336492890933,0.0,9.13793103448275,0.0,31.619999999999997,29.7875,29.317000000000004,2.051612384652865,1.3111140282670355,87.75031909994203,0.6934358925401263,0.26889640972510104,0.42453948281502524,263272.25
152671,GUINNESS,2021-08-02,31.5,31.5,285333,2026-04-08T03:42:28.457705+00:00,0.0,-0.4739336492890933,0.0,0.0,31.589999999999996,29.9125,29.367000000000004,2.051612384652865,1.2963338853343307,87.75031909994205,0.7095346917448637,0.22799616714387072,0.481538524600993,268096.55
152779,GUINNESS,2021-08-03,31.8,31.8,1079681,2026-04-08T03:42:31.094462+00:00,0.952380952380949,0.0,0.0,0.0,31.619999999999997,30.0525,29.423000000000002,2.0520809663515096,1.3007251102309911,89.39782252408372,0.7379934695634489,0.20516395596996473,0.5328295135934842,319402.5
152887,GUINNESS,2021-08-04,31.5,31.5,754469,2026-04-08T03:42:33.531563+00:00,-0.9433962264150941,0.952380952380949,0.0,0.0,31.589999999999996,30.1775,29.473000000000003,2.074435772094225,1.3103785550250662,78.08766462263473,0.7279484268906771,0.15609513063775426,0.5718532962529228,353978.6
152995,GUINNESS,2021-08-05,31.5,31.5,131942,2026-04-08T03:42:35.917081+00:00,0.0,-0.9433962264150941,0.0,0.0,31.560000000000002,30.3025,29.522000000000002,2.074435772094225,1.3106082295163273,78.08766462263473,0.7117826706440269,0.11194349951288318,0.5998391711311437,351951.7
153103,GUINNESS,2021-08-06,31.7,31.7,588754,2026-04-08T03:42:38.23616+00:00,0.6349206349206327,0.0,-0.4739336492890933,9.13793103448275,31.6,30.4375,29.576000000000004,2.0723073099362286,1.3112779718920202,80.04010625697029,0.7069601246314754,0.08569676280026528,0.6212633618312101,370248.5
153211,GUINNESS,2021-08-09,31.7,31.7,207466,2026-04-08T03:42:42.878342+00:00,0.0,0.6349206349206327,0.0,0.0,31.639999999999997,30.572499999999998,29.63,2.0723073099362286,1.3112779718920202,80.04010625697028,0.6951252509791175,0.05908951131832585,0.6360357396607916,373287.1
153319,GUINNESS,2021-08-10,31.7,31.7,817202,2026-04-08T03:42:45.264053+00:00,0.0,0.0,0.952380952380949,0.0,31.619999999999997,30.7075,29.684,2.0723073099362286,1.3112779718920202,80.04010625697028,0.6779312587901885,0.033516415303517344,0.6444148434866711,406083.25
153427,GUINNESS,2021-08-12,31.7,31.7,99368,2026-04-08T03:42:48.762656+00:00,0.0,0.0,-0.9433962264150941,0.0,31.659999999999997,30.842499999999994,29.738000000000003,2.0723073099362286,1.3112779718920202,80.04010625697029,0.6567344699380051,0.009855701161067154,0.646878768776938,397123.55
153535,GUINNESS,2021-08-13,31.5,31.5,391477,2026-04-08T03:42:51.120096+00:00,-0.6309148264984188,0.0,0.0,0.0,31.659999999999997,30.967499999999994,29.788,2.084530672616222,1.3161325979172098,71.47412755794753,0.616688729726885,-0.024152031240042393,0.6408407609669274,405758.6
153643,GUINNESS,2021-08-16,31.5,31.5,148597,2026-04-08T03:42:55.556429+00:00,0.0,-0.6309148264984188,0.6349206349206327,-0.4739336492890933,31.619999999999997,31.092499999999994,29.838,2.084530672616222,1.3161325979172098,71.47412755794753,0.5782860702483532,-0.05004375257485938,0.6283298228232126,398780.95
153751,GUINNESS,2021-08-17,31.5,31.5,270689,2026-04-08T03:42:57.870214+00:00,0.0,0.0,0.0,0.0,31.580000000000002,31.217499999999994,29.888,2.084530672616222,1.3161325979172098,71.47412755794751,0.541608361879149,-0.0693771687552509,0.6109855306343999,381841.85
153859,GUINNESS,2021-08-18,31.8,31.8,1427044,2026-04-08T03:43:00.318272+00:00,0.952380952380949,0.0,0.0,0.952380952380949,31.6,31.357499999999998,29.944000000000003,2.0849762409241923,1.3204542463073303,76.23834275206269,0.5306317144459669,-0.06428305295074643,0.5949147673967133,449457.35
153967,GUINNESS,2021-08-19,31.8,31.8,677415,2026-04-08T03:43:02.743698+00:00,0.0,0.952380952380949,0.0,-0.9433962264150941,31.620000000000005,31.497499999999995,30.0,2.0849762409241923,1.3204542463073303,76.23834275206269,0.5159846919334079,-0.06314406037064435,0.5791287523040523,469165.3
154075,GUINNESS,2021-08-20,31.8,31.8,297841,2026-04-08T03:43:05.111187+00:00,0.0,0.0,-0.6309148264984188,0.0,31.68,31.6375,30.056000000000004,2.0849762409241923,1.3204542463073303,76.23834275206269,0.4986289370653516,-0.06439985219096056,0.5630287892563122,477947.2
154183,GUINNESS,2021-08-23,31.8,31.8,238972,2026-04-08T03:43:09.725908+00:00,0.0,0.0,0.0,0.6349206349206327,31.740000000000002,31.645,30.112000000000002,0.44234843817711994,1.3204542463073303,76.23834275206269,0.47934874237310865,-0.06694403750656286,0.5462927798796715,448347.7
154291,GUINNESS,2021-08-24,31.0,31.0,814300,2026-04-08T03:43:12.031989+00:00,-2.515723270440251,0.0,0.0,0.0,31.640000000000004,31.6125,30.152,0.7201543412620212,1.3747554934438706,47.67740308728592,0.3949628491826225,-0.12106394455763925,0.5160267937402617,468724.9
154399,GUINNESS,2021-08-25,31.0,31.0,767645,2026-04-08T03:43:14.375004+00:00,0.0,-2.515723270440251,0.952380952380949,0.0,31.48,31.580000000000002,30.192000000000004,0.7201543412620212,1.3747554934438706,47.67740308728592,0.3243475442706192,-0.15334339957571408,0.47769094384633326,502031.55
154507,GUINNESS,2021-08-26,31.0,31.0,610920,2026-04-08T03:43:16.860503+00:00,0.0,0.0,0.0,0.0,31.32,31.547500000000003,30.230999999999998,0.7201543412620212,1.3748945881374415,47.67740308728592,0.2653258946185275,-0.16989203938224462,0.43521793400077213,513784.55
154615,GUINNESS,2021-08-27,31.0,31.0,74365,2026-04-08T03:43:19.247601+00:00,0.0,0.0,0.0,-0.6309148264984188,31.160000000000004,31.514999999999997,30.271,0.7201543412620212,1.3743155203280812,47.67740308728591,0.2160602044965927,-0.17532618360334362,0.3913863880999363,512122.3
154723,GUINNESS,2021-08-30,31.0,31.0,426612,2026-04-08T03:43:23.756871+00:00,0.0,0.0,0.0,0.0,31.0,31.49,30.311,0.7150236348192254,1.3743155203280812,47.67740308728592,0.17499950477716553,-0.17310950665821662,0.34810901143538214,505504.6
154831,GUINNESS,2021-08-31,31.0,31.0,443742,2026-04-08T03:43:26.203018+00:00,0.0,0.0,-2.515723270440251,0.0,31.0,31.464999999999996,30.351,0.7150236348192254,1.3743155203280812,47.67740308728592,0.14083514454368995,-0.16581909351335378,0.3066542380570437,513425.05
154939,GUINNESS,2021-09-01,31.0,31.0,328280,2026-04-08T03:43:28.430514+00:00,0.0,0.0,0.0,0.952380952380949,31.0,31.425,30.391,0.6733218384853704,1.3743155203280812,47.677403087285924,0.1124632367306404,-0.1553528010611227,0.2678160377917631,475855.0
155047,GUINNESS,2021-09-02,31.0,31.0,875699,2026-04-08T03:43:30.63423+00:00,0.0,0.0,0.0,0.0,31.0,31.4,30.430999999999997,0.6454494258520398,1.3743155203280812,47.67740308728592,0.08895290170069003,-0.14309050887285846,0.2320434105735485,481916.5
155155,GUINNESS,2021-09-03,31.0,31.0,114441,2026-04-08T03:43:33.173741+00:00,0.0,0.0,0.0,0.0,31.0,31.375,30.471,0.6454494258520398,1.3743155203280812,47.67740308728592,0.06951941526183347,-0.13001919624937203,0.1995386115112055,481041.45
155263,GUINNESS,2021-09-06,31.0,31.0,223824,2026-04-08T03:43:37.566628+00:00,0.0,0.0,0.0,0.0,31.0,31.339999999999996,30.511,0.6237918153631082,1.3743155203280812,47.677403087285924,0.05350150519991459,-0.11682968504903274,0.17033119024894733,462794.95
155371,GUINNESS,2021-09-07,31.0,31.0,239237,2026-04-08T03:43:39.870652+00:00,0.0,0.0,0.0,-2.515723270440251,31.0,31.305,30.551,0.6237918153631082,1.3743155203280812,47.677403087285924,0.040342156801546736,-0.1039912267579205,0.14433338355946723,464383.5
155479,GUINNESS,2021-09-08,31.0,31.0,237211,2026-04-08T03:43:42.125577+00:00,0.0,0.0,0.0,0.0,31.0,31.27,30.590999999999998,0.6237918153631082,1.3743155203280812,47.677403087285924,0.029572386326453426,-0.09180879778641104,0.12138118411286447,435383.95
155587,GUINNESS,2021-09-09,31.0,31.0,2360818,2026-04-08T03:43:44.739177+00:00,0.0,0.0,0.0,0.0,31.0,31.235000000000003,30.631,0.6237918153631082,1.3743155203280812,47.67740308728593,0.02079752471404106,-0.08046692751905873,0.1012644522330998,548456.45
155695,GUINNESS,2021-09-10,31.0,31.0,147110,2026-04-08T03:43:47.339386+00:00,0.0,0.0,0.0,0.0,31.0,31.21,30.671,0.6118862592844354,1.3743155203280812,47.677403087285924,0.013685624308713784,-0.0700630623395088,0.08374868664822259,536238.1
155803,GUINNESS,2021-09-13,30.0,30.0,458801,2026-04-08T03:43:51.822078+00:00,-3.2258064516129004,0.0,0.0,0.0,30.8,31.135,30.691,0.9317477357451316,1.4545075244426555,20.536587215325316,-0.07181441873601102,-0.1244504843073869,0.052636065571375866,551748.3
155911,GUINNESS,2021-09-14,30.0,30.0,80588,2026-04-08T03:43:54.260371+00:00,0.0,-3.2258064516129004,0.0,0.0,30.6,31.060000000000002,30.711,0.9317477357451316,1.4545075244426555,20.53658721532532,-0.13798323401337598,-0.15249543966780146,0.014512205654425497,542243.25
156019,GUINNESS,2021-09-15,30.0,30.0,81242,2026-04-08T03:43:56.896801+00:00,0.0,0.0,0.0,0.0,30.4,30.97,30.730999999999998,0.891079553989991,1.4545075244426555,20.536587215325316,-0.1882524398971981,-0.16221171644129886,-0.026040723455899223,474953.15
156127,GUINNESS,2021-09-16,30.0,30.0,179884,2026-04-08T03:43:59.227477+00:00,0.0,0.0,0.0,0.0,30.2,30.880000000000003,30.750999999999998,0.891079553989991,1.4545075244426555,20.53658721532532,-0.22549181841133858,-0.15956087596435148,-0.06593094244698709,450076.6
156235,GUINNESS,2021-09-20,30.0,30.0,1268553,2026-04-08T03:44:04.993721+00:00,0.0,0.0,0.0,0.0,30.0,30.79,30.771,0.891079553989991,1.4545075244426555,20.53658721532532,-0.2520982623365313,-0.14893385591163538,-0.10316440642489594,498612.2
156343,GUINNESS,2021-09-21,30.0,30.0,180996,2026-04-08T03:44:07.727357+00:00,0.0,0.0,-3.2258064516129004,0.0,30.0,30.7,30.791,0.891079553989991,1.4545075244426555,20.536587215325316,-0.27007085216582283,-0.1335251565927415,-0.13654569557308133,495713.4
156451,GUINNESS,2021-09-22,30.0,30.0,122954,2026-04-08T03:44:10.239254+00:00,0.0,0.0,0.0,0.0,30.0,30.65,30.811,0.7213122508063833,1.4545075244426555,20.536587215325316,-0.2810742105544044,-0.11562281198505844,-0.16545139856934596,461146.1
156559,GUINNESS,2021-09-23,30.0,30.0,81162,2026-04-08T03:44:12.661605+00:00,0.0,0.0,0.0,0.0,30.0,30.6,30.831,0.7213122508063833,1.4545075244426555,20.536587215325316,-0.2864919504821586,-0.09683244153025009,-0.1896595089519085,426821.95
156667,GUINNESS,2021-09-24,30.0,30.0,162779,2026-04-08T03:44:15.34542+00:00,0.0,0.0,0.0,0.0,30.0,30.55,30.851,0.7213122508063833,1.4545075244426555,20.536587215325316,-0.28747175298416394,-0.07824979522580433,-0.2092219577583596,404414.9
156775,GUINNESS,2021-09-27,30.0,30.0,167214,2026-04-08T03:44:19.850483+00:00,0.0,0.0,0.0,0.0,30.0,30.5,30.871,0.7213122508063833,1.4545075244426555,20.53658721532532,-0.2849633731440342,-0.06059313230853966,-0.22437024083549453,409057.35
156883,GUINNESS,2021-09-28,30.0,30.0,46206,2026-04-08T03:44:22.678655+00:00,0.0,0.0,0.0,-3.2258064516129004,30.0,30.45,30.891,0.7213122508063833,1.4545075244426555,20.53658721532532,-0.2797506724357426,-0.044304345280198415,-0.23544632715554417,390037.05
156991,GUINNESS,2021-09-29,29.6,29.6,693507,2026-04-08T03:44:25.133662+00:00,-1.3333333333333308,0.0,0.0,0.0,29.919999999999998,30.380000000000003,30.903,0.765860962443789,1.4681210290284732,13.55980401593424,-0.3043874377219993,-0.05515288845316407,-0.2492345492688352,402525.3
157099,GUINNESS,2021-09-30,29.6,29.6,617915,2026-04-08T03:44:27.471646+00:00,0.0,-1.3333333333333308,0.0,0.0,29.839999999999996,30.310000000000002,30.915,0.765860962443789,1.4681210290284732,13.55980401593424,-0.3202209439978745,-0.056789115783231425,-0.26343182821464306,417007.05
157207,GUINNESS,2021-10-04,29.6,29.6,414992,2026-04-08T03:44:32.876267+00:00,0.0,0.0,0.0,0.0,29.76,30.24,30.927,0.765860962443789,1.4681210290284732,13.559804015934242,-0.32897687120549435,-0.05243603439268102,-0.27654083681281333,393971.7
157315,GUINNESS,2021-10-05,29.6,29.6,103251,2026-04-08T03:44:35.445743+00:00,0.0,0.0,0.0,0.0,29.68,30.169999999999998,30.938999999999997,0.765860962443789,1.4681210290284732,13.559804015934242,-0.3320879039612592,-0.04443765371875669,-0.2876502502425025,393412.2
157423,GUINNESS,2021-10-06,29.6,29.6,208522,2026-04-08T03:44:37.876116+00:00,0.0,0.0,0.0,0.0,29.6,30.1,30.898000000000003,0.765860962443789,0.6604804233883839,13.559804015934244,-0.33074084524897884,-0.03447247600518105,-0.2962683692437978,392647.1
157531,GUINNESS,2021-10-07,29.6,29.6,179705,2026-04-08T03:44:40.206594+00:00,0.0,0.0,-1.3333333333333308,0.0,29.6,30.03,30.857,0.765860962443789,0.6604804233883839,13.559804015934244,-0.3259163309274058,-0.02371836934688637,-0.3021979615805194,389670.5
157639,GUINNESS,2021-10-08,29.6,29.6,39680,2026-04-08T03:44:42.63936+00:00,0.0,0.0,0.0,0.0,29.6,29.96,30.816000000000003,0.765860962443789,0.6604804233883839,13.559804015934242,-0.3184222945680233,-0.01297946639000308,-0.3054428281780202,379793.95
157747,GUINNESS,2021-10-11,29.05,29.05,628553,2026-04-08T03:44:47.21782+00:00,-1.858108108108114,0.0,0.0,0.0,29.490000000000002,29.8625,30.764,0.8453313662456741,0.7037754003073939,7.597661322892899,-0.3527967983369642,-0.037883176127155194,-0.314913622209809,293180.7
157855,GUINNESS,2021-10-12,29.05,29.05,668504,2026-04-08T03:44:49.55017+00:00,0.0,-1.858108108108114,0.0,0.0,29.380000000000003,29.765000000000004,30.712,0.8453313662456741,0.7037754003073939,7.5976613228928995,-0.37570791327460284,-0.048635432851835025,-0.3270724804227678,319250.4
157963,GUINNESS,2021-10-13,29.05,29.05,674148,2026-04-08T03:44:52.157785+00:00,0.0,0.0,0.0,0.0,29.27,29.7175,30.662999999999997,0.4984754967048292,0.7027731452653065,7.597661322892899,-0.38937664533942495,-0.049843331933325685,-0.33953331340609927,330017.75
158071,GUINNESS,2021-10-14,29.05,29.05,382472,2026-04-08T03:44:54.53471+00:00,0.0,0.0,0.0,-1.3333333333333308,29.160000000000004,29.669999999999998,30.613999999999997,0.4984754967048292,0.7027731452653065,7.597661322892899,-0.395648425215402,-0.04489208944744216,-0.35075633576795984,345111.95
158179,GUINNESS,2021-10-15,29.05,29.05,152920,2026-04-08T03:44:56.91657+00:00,0.0,0.0,0.0,0.0,29.05,29.622500000000002,30.559,0.4984754967048292,0.6847003950312105,7.597661322892899,-0.3960533989049537,-0.03623765050959504,-0.3598157483953587,348695.85
158288,GUINNESS,2021-10-18,29.05,29.05,84185,2026-04-08T03:45:01.595863+00:00,0.0,0.0,-1.858108108108114,0.0,29.05,29.575,30.51,0.4984754967048292,0.6761343241535778,7.597661322892899,-0.3918572569363121,-0.025633206832762767,-0.36622405010354936,343910.9
158397,GUINNESS,2021-10-20,29.05,29.05,421189,2026-04-08T03:45:05.471144+00:00,0.0,0.0,0.0,0.0,29.05,29.527500000000003,30.461,0.4984754967048292,0.6761343241535778,7.5976613228928995,-0.3841040715541979,-0.014304017160518823,-0.3698000543936791,301542.7
158506,GUINNESS,2021-10-21,29.2,29.2,304783,2026-04-08T03:45:08.008029+00:00,0.5163511187607606,0.0,0.0,0.0,29.080000000000002,29.4875,30.410999999999998,0.5200787685946381,0.6734938675401756,23.09107294182659,-0.361686572220016,0.006490785738930471,-0.36817735795894646,307732.05
158613,GUINNESS,2021-10-22,29.5,29.5,594757,2026-04-08T03:45:10.474564+00:00,1.0273972602739656,0.5163511187607606,0.0,0.0,29.169999999999998,29.4625,30.367000000000004,0.5811405530716331,0.6938978528193218,43.49679122793395,-0.31606959613517205,0.04168620945901952,-0.35775580559419157,331322.2
158722,GUINNESS,2021-10-25,30.0,30.0,339526,2026-04-08T03:45:15.28358+00:00,1.6949152542372836,1.0273972602739656,0.0,0.0,29.360000000000003,29.4625,30.333000000000002,0.7043150218375672,0.7407617450677584,61.72442489965237,-0.23684182745177296,0.09673118251393492,-0.3335730099657079,344240.4
158831,GUINNESS,2021-10-26,30.0,30.0,299570,2026-04-08T03:45:17.74539+00:00,0.0,1.6949152542372836,0.0,-1.858108108108114,29.55,29.4625,30.299,0.7043150218375672,0.7407617450677584,61.72442489965236,-0.17206973714481677,0.12920261825671292,-0.3012723554015297,351079.95
158940,GUINNESS,2021-10-27,30.0,30.0,65506,2026-04-08T03:45:20.303823+00:00,0.0,0.0,0.0,0.0,29.74,29.4625,30.269000000000002,0.7043150218375672,0.7370272308024376,61.72442489965237,-0.11936146425879812,0.14552871291418523,-0.26489017717298335,345994.55
159049,GUINNESS,2021-10-28,33.0,33.0,997247,2026-04-08T03:45:22.610226+00:00,10.000000000000009,0.0,0.5163511187607606,0.0,30.5,29.6125,30.299,2.3438375096129556,1.6068350082262297,88.80005131965768,0.1626106750594083,0.3420006817859133,-0.179390006726505,393546.6
159158,GUINNESS,2021-10-29,36.3,36.3,2272729,2026-04-08T03:45:25.013779+00:00,9.999999999999986,10.000000000000009,1.0273972602739656,0.0,31.860000000000003,29.9475,30.395,3.11862874168234,2.1304918904603305,93.90638485689438,0.64492376797185,0.659451019758684,-0.014527251786834006,472507.7
159267,GUINNESS,2021-11-01,39.9,39.9,670775,2026-04-08T03:45:29.747778+00:00,9.917355371900838,9.999999999999986,1.6949152542372836,0.0,33.839999999999996,30.4625,30.557000000000002,3.677981735703968,2.5265074397842437,96.03185154201071,1.302634324892182,1.0537292613432128,0.2489050635489692,475150.7
159376,GUINNESS,2021-11-02,39.9,39.9,1564756,2026-04-08T03:45:32.292585+00:00,0.0,9.917355371900838,0.0,0.0,35.82,30.977500000000003,30.719,3.677981735703968,2.5265074397842437,96.03185154201071,1.8030897831643244,1.2433477756922842,0.5597420074720403,532638.9
159485,GUINNESS,2021-11-03,39.9,39.9,533081,2026-04-08T03:45:34.604091+00:00,0.0,0.0,0.0,0.0,37.8,31.4925,30.881,3.677981735703968,2.5265074397842437,96.03185154201071,2.1746364837118506,1.2919155809918483,0.8827209027200024,554130.4
159594,GUINNESS,2021-11-04,37.0,37.0,773303,2026-04-08T03:45:37.086301+00:00,-7.268170426065157,0.0,10.000000000000009,0.5163511187607606,38.6,31.8625,30.985,4.167267719213925,2.7538130049099045,71.08538043624922,2.2096131125315708,1.0615137678492546,1.1480993446823162,582369.45
159703,GUINNESS,2021-11-05,36.9,36.9,694097,2026-04-08T03:45:39.522081+00:00,-0.2702702702702786,-7.268170426065157,9.999999999999986,1.0273972602739656,38.72,32.2275,31.102999999999998,4.1718046756999705,2.724459516825223,70.40619033446403,2.203858470011049,0.8446073002629864,1.3592511697480627,608089.05
159812,GUINNESS,2021-11-08,37.5,37.5,826608,2026-04-08T03:45:44.061968+00:00,1.6260162601626105,-0.2702702702702786,9.917355371900838,1.6949152542372836,38.239999999999995,32.622499999999995,31.232999999999997,4.163270063038913,2.7294820903840673,72.1269920429687,2.2220978985774664,0.6902773830635229,1.5318205155139435,647435.45
159921,GUINNESS,2021-11-10,37.5,37.5,543058,2026-04-08T03:45:47.530577+00:00,0.0,1.6260162601626105,0.0,0.0,37.760000000000005,33.045,31.362999999999996,4.110201959998351,2.7294820903840673,72.1269920429687,2.2110649961884477,0.5433955845396032,1.6676694116488444,643160.7
160030,GUINNESS,2021-11-11,37.5,37.5,790934,2026-04-08T03:45:49.990111+00:00,0.0,0.0,0.0,0.0,37.28,33.467499999999994,31.493,4.110201959998351,2.7294820903840673,72.1269920429687,2.1772236624513184,0.4076434006419791,1.7695802618093392,649282.2
160139,GUINNESS,2021-11-12,37.5,37.5,209368,2026-04-08T03:45:52.531373+00:00,0.0,0.0,-7.268170426065157,10.000000000000009,37.38,33.89,31.622999999999998,4.110201959998351,2.7294820903840673,72.1269920429687,2.1258981313187917,0.2850542956075619,1.8408438357112298,626043.2
160248,GUINNESS,2021-11-15,37.5,37.5,264265,2026-04-08T03:45:57.041913+00:00,0.0,0.0,-0.2702702702702786,9.999999999999986,37.5,34.3125,31.752999999999997,4.110201959998351,2.7294820903840673,72.12699204296868,2.061459061271158,0.17649218044794246,1.8849668808232156,620132.85
160357,GUINNESS,2021-11-17,36.5,36.5,540630,2026-04-08T03:46:00.536124+00:00,-2.6666666666666616,0.0,1.6260162601626105,9.917355371900838,37.3,34.684999999999995,31.862999999999996,4.199009638842801,2.7636264162911757,63.24826445100343,1.9077081196523977,0.018192991063345598,1.8895151285890521,639518.35
160466,GUINNESS,2021-11-18,36.5,36.5,184302,2026-04-08T03:46:03.012698+00:00,0.0,-2.6666666666666616,0.0,0.0,37.1,35.0575,31.973,4.199009638842801,2.7636264162911757,63.248264451003436,1.7655077167356836,-0.0992059294826948,1.8647136462183784,644524.2
160575,GUINNESS,2021-11-19,36.5,36.5,156427,2026-04-08T03:46:05.423699+00:00,0.0,0.0,0.0,0.0,36.9,35.42999999999999,32.083,4.199009638842801,2.7636264162911757,63.24826445100342,1.6339773985902752,-0.18458899810248264,1.8185663966927579,631286.1
160684,GUINNESS,2021-11-22,36.5,36.5,167920,2026-04-08T03:46:10.306395+00:00,0.0,0.0,0.0,-7.268170426065157,36.7,35.795,32.193,4.205203793890498,2.7636264162911757,63.24826445100343,1.512305754475321,-0.2450085137739495,1.7573142682492704,624442.95
160793,GUINNESS,2021-11-23,36.5,36.5,479472,2026-04-08T03:46:12.888041+00:00,0.0,0.0,0.0,-0.2702702702702786,36.5,36.144999999999996,32.303,4.2137287818618985,2.7636264162911757,63.24826445100343,1.3997447141633117,-0.28605564326876687,1.6858003574320786,618678.7
160902,GUINNESS,2021-11-24,36.5,36.5,393595,2026-04-08T03:46:15.261589+00:00,0.0,0.0,-2.6666666666666616,1.6260162601626105,36.5,36.47,32.413,4.219268138224546,2.7636264162911757,63.248264451003436,1.2956043582019063,-0.3121567993841379,1.6077611575860442,621382.15
161011,GUINNESS,2021-11-25,36.5,36.5,457525,2026-04-08T03:46:17.544601+00:00,0.0,0.0,0.0,0.0,36.5,36.795,32.522999999999996,4.219268138224546,2.7636264162911757,63.24826445100342,1.1992481891928009,-0.32681037471459473,1.5260585639073956,629279.9
161120,GUINNESS,2021-11-29,36.6,36.6,259042,2026-04-08T03:46:23.244686+00:00,0.273972602739736,0.0,0.0,0.0,36.519999999999996,37.125,32.635,4.2160654318066495,2.763163179415224,63.99288332517013,1.1180660261321904,-0.3263940302201642,1.4444600563523546,638956.7
161229,GUINNESS,2021-11-30,36.3,36.3,1664142,2026-04-08T03:46:25.627389+00:00,-0.819672131147553,0.273972602739736,0.0,0.0,36.48,37.29,32.760999999999996,3.6701590072314927,2.7198985529236945,60.0613903254673,1.0177886502170992,-0.34133712490820445,1.3591257751253036,672301.45
161338,GUINNESS,2021-12-01,36.3,36.3,346724,2026-04-08T03:46:28.190956+00:00,0.0,-0.819672131147553,0.0,0.0,36.44,37.29,32.887,2.9174956850149885,2.7198985529236945,60.06139032546729,0.9276250235005179,-0.34520060129982855,1.2728256248003464,576001.2
161447,GUINNESS,2021-12-02,36.3,36.3,512430,2026-04-08T03:46:30.651544+00:00,0.0,0.0,0.0,-2.6666666666666616,36.4,37.11,33.013,1.7657296171565349,2.7198985529236945,60.0613903254673,0.8464127800786869,-0.3411302757773276,1.1875430558560145,568083.95
161556,GUINNESS,2021-12-03,36.3,36.3,340039,2026-04-08T03:46:33.124129+00:00,0.0,0.0,0.0,0.0,36.36,36.93,33.139,1.7657296171565349,2.7198985529236945,60.06139032546729,0.7731392243484407,-0.331523065206059,1.1046622895544997,506848.1
161665,GUINNESS,2021-12-06,36.3,36.3,689352,2026-04-08T03:46:37.622095+00:00,0.0,0.0,0.273972602739736,0.0,36.3,36.75,33.265,1.7657296171565349,2.7198985529236945,60.0613903254673,0.7069204644532476,-0.3181934600810017,1.0251139245342493,514661.65
161774,GUINNESS,2021-12-07,36.5,36.5,770443,2026-04-08T03:46:39.947423+00:00,0.5509641873278293,0.0,-0.819672131147553,0.0,36.339999999999996,36.725,33.395,0.7537043274778563,2.7192915119671537,62.298156430716006,0.6629380119490023,-0.2897407300681978,0.9526787420172,514518.65
161883,GUINNESS,2021-12-08,36.5,36.5,704972,2026-04-08T03:46:42.482337+00:00,0.0,0.5509641873278293,0.0,0.0,36.379999999999995,36.705,33.525,0.7522570855505482,2.7192915119671537,62.29815643071602,0.6209239763750318,-0.26540381251373457,0.8863277888887664,515062.4
161992,GUINNESS,2021-12-09,36.5,36.5,368836,2026-04-08T03:46:44.852467+00:00,0.0,0.0,0.0,0.0,36.419999999999995,36.655,33.655,0.6410289017262548,2.7192915119671537,62.29815643071601,0.5809309402259117,-0.24431747893028377,0.8252484191561955,492173.8
162101,GUINNESS,2021-12-10,39.0,39.0,431212,2026-04-08T03:46:47.321476+00:00,6.849315068493156,0.0,0.0,0.0,36.96,36.730000000000004,33.835,1.6889389717205006,2.8658693336358985,79.88551485811614,0.7424072687104939,-0.0662729203565613,0.8086801890670552,486581.5
162211,GUINNESS,2021-12-13,39.0,39.0,614465,2026-04-08T03:46:51.775824+00:00,0.0,6.849315068493156,0.0,0.273972602739736,37.5,36.805,34.015,1.6889389717205006,2.8658693336358985,79.88551485811612,0.8604595799880386,0.04142351273678657,0.819036067251252,477758.05
162321,GUINNESS,2021-12-14,39.0,39.0,368042,2026-04-08T03:46:54.126877+00:00,0.0,0.0,0.5509641873278293,-0.819672131147553,38.0,36.88,34.195,1.6889389717205006,2.8658693336358985,79.88551485811614,0.9431448998779857,0.09928706610138693,0.8438578337765987,485691.75
162431,GUINNESS,2021-12-15,39.0,39.0,288726,2026-04-08T03:46:56.822916+00:00,0.0,0.0,0.0,0.0,38.5,36.955,34.383,1.6889389717205006,2.8540257090197874,79.88551485811612,0.9971787556336125,0.1226567374856109,0.8745220181480016,486914.8
162541,GUINNESS,2021-12-16,39.0,39.0,409974,2026-04-08T03:46:59.215115+00:00,0.0,0.0,0.0,0.0,39.0,37.08,34.571,1.549436887029472,2.8540257090197874,79.88551485811612,1.0281491126429074,0.12290167559592458,0.9052474370469829,480382.0
162651,GUINNESS,2021-12-17,39.0,39.0,160717,2026-04-08T03:47:01.752329+00:00,0.0,0.0,6.849315068493156,0.0,39.0,37.205,34.759,1.549436887029472,2.8540257090197874,79.88551485811612,1.040696838360816,0.10835952105106639,0.9323373173097496,479202.75
162762,GUINNESS,2021-12-20,39.0,39.0,195537,2026-04-08T03:47:06.293287+00:00,0.0,0.0,0.0,0.0,39.0,37.33,34.947,1.549436887029472,2.8540257090197874,79.88551485811612,1.0386678845687385,0.08506445380719108,0.9536034307615474,481158.25
162873,GUINNESS,2021-12-21,39.0,39.0,447100,2026-04-08T03:47:08.729464+00:00,0.0,0.0,0.0,0.5509641873278293,39.0,37.455,35.135,1.549436887029472,2.8540257090197874,79.88551485811612,1.0252415773576402,0.057310517276874196,0.967931060080766,495117.25
162984,GUINNESS,2021-12-22,39.0,39.0,288294,2026-04-08T03:47:11.106283+00:00,0.0,0.0,0.0,0.0,39.0,37.58,35.323,1.549436887029472,2.8540257090197874,79.88551485811612,1.0030387260970102,0.028086132812995213,0.974952593284015,485558.35
163095,GUINNESS,2021-12-23,39.0,39.0,594748,2026-04-08T03:47:13.420215+00:00,0.0,0.0,0.0,0.0,39.0,37.705,35.510999999999996,1.549436887029472,2.8540257090197874,79.88551485811612,0.9742126890569409,-0.000591923381659254,0.9748046124386002,495616.0
163206,GUINNESS,2021-12-24,39.0,39.0,534682,2026-04-08T03:47:15.708642+00:00,0.0,0.0,0.0,6.849315068493156,39.0,37.83,35.71,1.549436887029472,2.833502320616029,79.88551485811612,0.9405260481958422,-0.027422851394206416,0.9679488995900486,499473.85
163317,GUINNESS,2021-12-29,39.0,39.0,216764,2026-04-08T03:47:22.624079+00:00,0.0,0.0,0.0,0.0,39.0,37.95,35.909,1.5512867551830385,2.833502320616029,79.88551485811611,0.9034151352910413,-0.051627011439205894,0.9550421467302472,497359.95
163428,GUINNESS,2021-12-30,39.0,39.0,137445,2026-04-08T03:47:25.019388+00:00,0.0,0.0,0.0,0.0,39.0,38.085,36.108000000000004,1.5300235944172909,2.833502320616029,79.88551485811612,0.8640443045503474,-0.0727982737439199,0.9368425782942673,421025.1
163539,GUINNESS,2021-12-31,39.0,39.0,83555,2026-04-08T03:47:27.803632+00:00,0.0,0.0,0.0,0.0,39.0,38.22,36.307,1.5300235944172909,2.833502320616029,79.88551485811612,0.823351553348374,-0.09079281995671473,0.9141443733050887,407866.65
163650,GUINNESS,2022-01-04,39.0,39.0,74931,2026-04-08T03:47:33.190226+00:00,0.0,0.0,0.0,0.0,39.0,38.355000000000004,36.506,1.5300235944172909,2.833502320616029,79.88551485811612,0.7820868445337439,-0.10564602301707593,0.8877328675508198,385991.7
163761,GUINNESS,2022-01-05,39.0,39.0,279397,2026-04-08T03:47:35.481449+00:00,0.0,0.0,0.0,0.0,39.0,38.489999999999995,36.705,1.5300235944172909,2.833502320616029,79.88551485811612,0.7408442738723195,-0.11751087494280033,0.8583551488151199,382959.6
163873,GUINNESS,2022-01-06,39.0,39.0,415496,2026-04-08T03:47:38.067383+00:00,0.0,0.0,0.0,0.0,39.0,38.625,36.904,1.5300235944172909,2.833502320616029,79.88551485811614,0.7000890487230933,-0.12661288007362126,0.8267019287967146,369266.8
163985,GUINNESS,2022-01-07,39.9,39.9,625639,2026-04-08T03:47:40.483305+00:00,2.3076923076922995,0.0,0.0,0.0,39.17999999999999,38.795,37.117999999999995,1.5902006078362683,2.843361404380181,87.36482353425544,0.731974965785966,-0.0757815704085989,0.8077565361945649,362026.6
164097,GUINNESS,2022-01-10,39.9,39.9,520829,2026-04-08T03:47:45.097739+00:00,0.0,2.3076923076922995,0.0,0.0,39.36,38.964999999999996,37.326,1.5902006078362683,2.844397164499361,87.36482353425544,0.7486152145869553,-0.04731305728608759,0.7959282718730429,352819.45
164209,GUINNESS,2022-01-11,41.0,41.0,601717,2026-04-08T03:47:47.617941+00:00,2.7568922305764465,0.0,0.0,0.0,39.760000000000005,39.19,37.546,1.6661011101162648,2.85634522530237,91.72589436396392,0.8408705067861675,0.035953787930499526,0.804916718855668,364463.5
164321,GUINNESS,2022-01-12,42.2,42.2,401062,2026-04-08T03:47:50.132225+00:00,2.9268292682926855,2.7568922305764465,0.0,0.0,40.4,39.35,37.79,0.9813817700285944,2.8723813082696594,94.11302921505242,0.9992942199703165,0.15550200089171884,0.8437922190785977,362956.0
164433,GUINNESS,2022-01-13,42.2,42.2,687454,2026-04-08T03:47:52.673244+00:00,0.0,2.9268292682926855,0.0,0.0,41.040000000000006,39.510000000000005,38.034,0.9813817700285944,2.8723813082696594,94.11302921505242,1.112027394459659,0.21458814030484896,0.8974392541548101,366605.45
164545,GUINNESS,2022-01-14,42.2,42.2,389361,2026-04-08T03:47:55.308832+00:00,0.0,0.0,2.3076923076922995,0.0,41.5,39.67,38.217999999999996,0.9813817700285944,2.542503377261672,94.11302921505244,1.1876784298064749,0.23219134052133183,0.955487089285143,367671.4
164657,GUINNESS,2022-01-17,42.2,42.2,469759,2026-04-08T03:47:59.999655+00:00,0.0,0.0,0.0,0.0,41.96,39.83,38.336,0.9813817700285944,2.143930925570103,94.11302921505244,1.2334143870746956,0.222341838231642,1.0110725488430536,376723.05
164769,GUINNESS,2022-01-18,42.2,42.2,502297,2026-04-08T03:48:02.353596+00:00,0.0,0.0,2.7568922305764465,0.0,42.2,39.989999999999995,38.382,0.9813817700285944,1.6371000741460608,94.11302921505242,1.255191397617324,0.19529507901941612,1.0598963185979078,381339.2
164881,GUINNESS,2022-01-19,42.2,42.2,253059,2026-04-08T03:48:04.820784+00:00,0.0,0.0,2.9268292682926855,0.0,42.2,40.15,38.428000000000004,0.9813817700285944,1.6371000741460608,94.11302921505242,1.2579489825425512,0.1584421311557147,1.0995068513868365,385956.3
164993,GUINNESS,2022-01-20,42.2,42.2,349907,2026-04-08T03:48:07.325935+00:00,0.0,0.0,0.0,0.0,42.2,40.31,38.474000000000004,0.9813817700285944,1.6371000741460608,94.11302921505242,1.2457738826116866,0.1170136249798801,1.1287602576318065,393674.8
165105,GUINNESS,2022-01-21,42.2,42.2,450282,2026-04-08T03:48:09.696329+00:00,0.0,0.0,0.0,2.3076923076922995,42.2,40.47,38.577999999999996,0.9813817700285944,1.2422819031679255,94.11302921505242,1.2220381332913632,0.07462230052764518,1.147415832763718,393833.9
165217,GUINNESS,2022-01-24,42.5,42.5,222078,2026-04-08T03:48:14.136661+00:00,0.7109004739336511,0.0,0.0,0.0,42.260000000000005,40.644999999999996,38.69,0.9790192169433591,1.2413112131271364,94.79254409164841,1.2134470119345195,0.05282494333664123,1.1606220685978783,390523.1
165329,GUINNESS,2022-01-25,42.5,42.5,766732,2026-04-08T03:48:16.50614+00:00,0.0,0.7109004739336511,0.0,2.7568922305764465,42.32000000000001,40.82,38.79,0.9790192169433591,1.2268190270655919,94.79254409164842,1.1928876204220629,0.025812441459347468,1.1670751789627154,399122.3
165441,GUINNESS,2022-01-26,42.5,42.5,233220,2026-04-08T03:48:19.024911+00:00,0.0,0.0,0.0,2.9268292682926855,42.38,40.995,38.89,0.9790192169433591,1.2268190270655919,94.79254409164841,1.1631856741325706,-0.0031116038641159083,1.1662972779966865,384049.2
165553,GUINNESS,2022-01-27,46.75,46.75,741380,2026-04-08T03:48:21.585909+00:00,10.000000000000009,0.0,0.0,0.0,43.29,41.3825,39.075,2.345306394922784,1.843870543049967,98.28834065097772,1.465690580325898,0.23951464186336913,1.2261759384625288,410280.0
165665,GUINNESS,2022-01-28,48.1,48.1,2784470,2026-04-08T03:48:23.969021+00:00,2.887700534759352,10.000000000000009,0.0,0.0,44.47,41.8375,39.287000000000006,2.3734272909142335,1.874213324050427,98.60800113463422,1.793685129846871,0.45400735310747375,1.3396777767393973,542631.25
165777,GUINNESS,2022-01-31,48.55,48.55,644924,2026-04-08T03:48:28.465348+00:00,0.9355509355509328,2.887700534759352,0.7109004739336511,0.0,45.68,42.315000000000005,39.508,2.3602143292432243,1.8736311546423299,98.69545784957234,2.066117496225445,0.5811517755888382,1.4849657206366067,570699.7
165889,GUINNESS,2022-02-01,48.55,48.55,206658,2026-04-08T03:48:30.807911+00:00,0.0,0.9355509355509328,0.0,0.0,46.89,42.792500000000004,39.749,2.3602143292432243,1.8177774072068935,98.69545784957234,2.256016159385581,0.6168403509991793,1.6391758083864016,577286.05
166001,GUINNESS,2022-02-02,48.55,48.55,142143,2026-04-08T03:48:33.305516+00:00,0.0,0.0,0.0,0.0,48.1,43.269999999999996,39.99,2.3602143292432243,1.8177774072068935,98.69545784957234,2.3790875774240234,0.5919294152300973,1.787158162193926,570423.35
166113,GUINNESS,2022-02-03,48.55,48.55,241481,2026-04-08T03:48:35.918914+00:00,0.0,0.0,10.000000000000009,0.0,48.459999999999994,43.7475,40.231,2.3602143292432243,1.8177774072068935,98.69545784957232,2.4483989439507354,0.5289926254054473,1.919406318545288,561722.6
166225,GUINNESS,2022-02-04,48.55,48.55,332551,2026-04-08T03:48:38.317721+00:00,0.0,0.0,2.887700534759352,0.0,48.55,44.18,40.472,2.355822723917101,1.8177774072068935,98.69545784957234,2.4748007388767874,0.4443155362651994,2.030485202611588,547068.2
166337,GUINNESS,2022-02-07,48.55,48.55,414140,2026-04-08T03:48:42.904693+00:00,0.0,0.0,0.9355509355509328,0.7109004739336511,48.55,44.6125,40.713,2.355822723917101,1.8177774072068935,98.69545784957232,2.467283048418544,0.34943827664556437,2.1178447717729796,541733.75
166449,GUINNESS,2022-02-08,48.55,48.55,621709,2026-04-08T03:48:45.378139+00:00,0.0,0.0,0.0,0.0,48.55,44.99,40.954,2.328784251784222,1.8177774072068935,98.69545784957234,2.433275934259875,0.25234492998951596,2.180931004270359,542733.35
166561,GUINNESS,2022-02-09,50.0,50.0,1025985,2026-04-08T03:48:48.035665+00:00,2.9866117404737436,0.0,0.0,0.0,48.839999999999996,45.38,41.224000000000004,2.3315958065673708,1.8469113190599968,99.02653140706703,2.4945720592437155,0.2509128439786852,2.2436592152650303,573979.5
166673,GUINNESS,2022-02-10,55.0,55.0,2332880,2026-04-08T03:48:50.398564+00:00,10.000000000000009,2.9866117404737436,0.0,10.000000000000009,50.13,46.019999999999996,41.592,3.0845086396559425,2.2704131501154867,99.49884202599047,2.9130283160345414,0.535495280615609,2.3775330354189324,656250.8
166785,GUINNESS,2022-02-11,60.5,60.5,1736598,2026-04-08T03:48:52.774016+00:00,10.000000000000009,10.000000000000009,0.0,2.887700534759352,52.519999999999996,46.935,42.076,3.6146552119874547,2.60044597466451,99.68175505671526,3.6464281945340886,1.0151161272921247,2.631312067241964,723612.65
166897,GUINNESS,2022-02-14,66.55,66.55,1739149,2026-04-08T03:48:57.293433+00:00,9.999999999999986,10.000000000000009,0.0,0.9355509355509328,56.120000000000005,48.152499999999996,42.681,4.011353296022464,2.8862399146161675,99.77781805439857,4.662095584303991,1.6246268136496216,3.0374687706543693,787082.15
167009,GUINNESS,2022-02-15,65.0,65.0,16710189,2026-04-08T03:48:59.662493+00:00,-2.3290758827948843,9.999999999999986,0.0,0.0,59.40999999999999,49.2925,43.255,4.116395083924055,2.9254892470630534,92.10689262428626,5.281070370200027,1.7948812796365257,3.486189090563501,1597476.75
167121,GUINNESS,2022-02-16,65.0,65.0,1405391,2026-04-08T03:49:02.003783+00:00,0.0,-2.3290758827948843,2.9866117404737436,0.0,62.40999999999999,50.4325,43.82899999999999,4.116395083924055,2.9254892470630534,92.10689262428629,5.705838987409734,1.7757199174769864,3.930119069932748,1655093.35
167233,GUINNESS,2022-02-17,65.0,65.0,319342,2026-04-08T03:49:04.32656+00:00,0.0,0.0,10.000000000000009,0.0,64.41,51.572500000000005,44.403,4.116395083924055,2.9254892470630534,92.10689262428627,5.973611106449717,1.6347936292135747,4.338817477236142,1653565.1
167345,GUINNESS,2022-02-18,70.0,70.0,1364032,2026-04-08T03:49:06.711382+00:00,7.692307692307687,0.0,10.000000000000009,0.0,66.30999999999999,52.9625,45.073,4.2513133712629125,3.0636381947155926,93.97356004746226,6.5141891358235,1.7402973268698858,4.773891808953614,1699252.6
167457,GUINNESS,2022-02-21,74.0,74.0,1086743,2026-04-08T03:49:10.978464+00:00,5.714285714285716,7.692307692307687,9.999999999999986,0.0,67.8,54.5375,45.823,4.2786848110243065,3.1181762507921227,94.99360384619767,7.182571476377618,1.9269437339392024,5.255627742438415,1742485.85
167569,GUINNESS,2022-02-22,70.05,70.05,957868,2026-04-08T03:49:13.528869+00:00,-5.337837837837844,5.714285714285716,-2.3290758827948843,0.0,68.81,55.915,46.49400000000001,4.6214771094796925,3.2577412264230663,80.50284857012102,7.309280472807444,1.642922184295223,5.666358288512221,1752042.65
167681,GUINNESS,2022-02-23,70.05,70.05,757185,2026-04-08T03:49:15.914345+00:00,0.0,-5.337837837837844,0.0,2.9866117404737436,69.82,57.2925,47.115,4.6214771094796925,3.164978941099749,80.50284857012103,7.325257259493981,1.3271191767854074,5.998138082708573,1778240.9
167793,GUINNESS,2022-02-24,70.05,70.05,591263,2026-04-08T03:49:18.676795+00:00,0.0,0.0,0.0,10.000000000000009,70.83000000000001,58.4575,47.736000000000004,4.312481918755049,3.164978941099749,80.50284857012102,7.254295969752732,1.0049263096353265,6.249369660117406,1770735.05
167905,GUINNESS,2022-02-25,68.0,68.0,969770,2026-04-08T03:49:21.264729+00:00,-2.9264810849393252,0.0,7.692307692307687,10.000000000000009,70.42999999999999,59.4525,48.316,4.452242631130109,3.2147637579442527,73.25901371241446,6.952496714602155,0.5625016435877992,6.389995071014356,1680000.05
168017,GUINNESS,2022-02-28,68.0,68.0,133731,2026-04-08T03:49:25.620712+00:00,0.0,-2.9264810849393252,5.714285714285716,9.999999999999986,69.22999999999999,60.425,48.896,4.46709953179906,3.2147637579442527,73.25901371241446,6.636813574930301,0.19745480313275543,6.439358771797545,1654440.4
168129,GUINNESS,2022-03-01,68.0,68.0,575524,2026-04-08T03:49:28.049171+00:00,0.0,0.0,-5.337837837837844,-2.3290758827948843,68.82000000000001,61.3975,49.476000000000006,4.46709953179906,3.2147637579442527,73.25901371241446,6.313850276612698,-0.10040679614787784,6.414257072760575,1672883.7
168241,GUINNESS,2022-03-02,68.0,68.0,325704,2026-04-08T03:49:30.283109+00:00,0.0,0.0,0.0,0.0,68.41,62.370000000000005,50.056000000000004,4.46709953179906,3.2147637579442527,73.25901371241446,5.9888636437244,-0.34031474322894084,6.329178386953341,1682061.75
168353,GUINNESS,2022-03-03,65.0,65.0,407172,2026-04-08T03:49:32.551227+00:00,-4.411764705882348,0.0,0.0,0.0,67.4,63.19250000000001,50.576,4.664700050808496,3.306665201056187,62.23589769791586,5.42667908925381,-0.7219994381596253,6.148678527413435,1690346.3
168465,GUINNESS,2022-03-04,65.0,65.0,675450,2026-04-08T03:49:34.968546+00:00,0.0,-4.411764705882348,-2.9264810849393252,7.692307692307687,66.8,64.015,51.096000000000004,4.664700050808496,3.306665201056187,62.23589769791587,4.924378608238335,-0.9794399353400802,5.903818543578415,1707491.25
168577,GUINNESS,2022-03-07,65.0,65.0,448177,2026-04-08T03:49:39.227432+00:00,0.0,0.0,0.0,5.714285714285716,66.2,64.8375,51.61600000000001,4.664700050808496,3.306665201056187,62.23589769791587,4.474720070596717,-1.1432787783853584,5.617998848982076,1709193.1
168689,GUINNESS,2022-03-08,65.0,65.0,97557,2026-04-08T03:49:41.475537+00:00,0.0,0.0,0.0,-5.337837837837844,65.6,65.66,52.136,4.664700050808496,3.306665201056187,62.23589769791585,4.071429534602885,-1.2372554515033531,5.308684986106238,1682985.5
168801,GUINNESS,2022-03-09,65.0,65.0,106329,2026-04-08T03:49:43.759827+00:00,0.0,0.0,0.0,0.0,65.0,66.41,52.656000000000006,4.66474827607684,3.306665201056187,62.23589769791586,3.7090631085723658,-1.2796975020270978,4.9887606105994635,1637002.7
168913,GUINNESS,2022-03-10,65.0,65.0,124871,2026-04-08T03:49:46.077826+00:00,0.0,0.0,-4.411764705882348,0.0,65.0,66.91,53.176,4.210507451597567,3.306665201056187,62.23589769791586,3.3828892635789742,-1.284697077616391,4.667586341195365,1526602.25
169025,GUINNESS,2022-03-11,65.0,65.0,154524,2026-04-08T03:49:48.438529+00:00,0.0,0.0,0.0,-2.9264810849393252,65.0,67.135,53.696000000000005,3.6291257530267167,3.306665201056187,62.23589769791587,3.088788510224269,-1.2630382647768776,4.351826775001147,1447498.55
169137,GUINNESS,2022-03-14,65.0,65.0,406432,2026-04-08T03:49:53.114563+00:00,0.0,0.0,0.0,0.0,65.0,67.0575,54.216,2.8436628972385543,3.306665201056187,62.23589769791587,2.823167823006493,-1.222927161595723,4.046094984602216,1380862.7
169249,GUINNESS,2022-03-15,65.0,65.0,289466,2026-04-08T03:49:55.533531+00:00,0.0,0.0,0.0,0.0,65.0,67.0575,54.736000000000004,2.7939638770078794,3.306665201056187,62.23589769791587,2.5828875942973326,-1.170565912243907,3.7534535065412395,559826.55
169361,GUINNESS,2022-03-16,65.0,65.0,245539,2026-04-08T03:49:57.903122+00:00,0.0,0.0,0.0,0.0,65.0,67.0575,55.256,2.7939638770078794,3.306665201056187,62.23589769791586,2.3651992373964603,-1.1106034153158237,3.475802652712284,501833.95
169473,GUINNESS,2022-03-17,65.0,65.0,33730,2026-04-08T03:50:00.211329+00:00,0.0,0.0,0.0,-4.411764705882348,65.0,67.0575,55.776,2.7939638770078794,3.306665201056187,62.23589769791587,2.1676918439567743,-1.046488647004408,3.214180490961182,487553.35
169585,GUINNESS,2022-03-18,65.0,65.0,206284,2026-04-08T03:50:02.865266+00:00,0.0,0.0,0.0,0.0,65.0,66.8075,56.278,2.136773291155208,3.3052598503246977,62.23589769791587,1.9882465431825977,-0.9807471582228677,2.9689937014054655,429665.95
169697,GUINNESS,2022-03-21,71.5,71.5,375826,2026-04-08T03:50:07.476142+00:00,10.000000000000009,0.0,0.0,0.0,66.3,66.6825,56.91,2.8668926967992014,3.536024585514433,78.94186267623819,2.343515933821827,-0.500382214066911,2.843898147888738,394120.1
169809,GUINNESS,2022-03-24,70.0,70.0,1302284,2026-04-08T03:50:12.041871+00:00,-2.0979020979020935,10.000000000000009,0.0,0.0,67.3,66.68,57.49,2.639908851225434,3.559874866358626,71.12265176635103,2.4754960440511695,-0.29472168307005475,2.7702177271212243,411340.9
169921,GUINNESS,2022-03-25,70.0,70.0,210731,2026-04-08T03:50:14.507747+00:00,0.0,-2.0979020979020935,0.0,0.0,68.3,66.67750000000001,58.04600000000001,2.639908851225434,3.5538686081121176,71.12265176635101,2.5506884831875425,-0.17562339514694525,2.7263118783344877,384018.2
170033,GUINNESS,2022-03-28,70.0,70.0,334266,2026-04-08T03:50:18.995306+00:00,0.0,0.0,0.0,0.0,69.3,66.675,58.602,2.639908851225434,3.5538686081121176,71.12265176635103,2.5805322633292747,-0.116623692004171,2.6971559553334457,371168.35
170145,GUINNESS,2022-03-29,71.2,71.2,626657,2026-04-08T03:50:21.48252+00:00,1.7142857142857126,0.0,0.0,0.0,70.53999999999999,66.835,59.181999999999995,2.5695507864879703,3.551539801928589,73.7232389992221,2.6702328630035197,-0.021538473863940588,2.6917713368674603,354012.7
170257,GUINNESS,2022-03-31,71.2,71.2,427032,2026-04-08T03:50:25.686443+00:00,0.0,1.7142857142857126,10.000000000000009,0.0,70.47999999999999,66.99499999999999,59.762,2.56955078648797,3.551539801928589,73.7232389992221,2.7100811064747603,0.014647815685839838,2.6954332907889205,368677.75
170369,GUINNESS,2022-04-01,71.0,71.0,232920,2026-04-08T03:50:28.209626+00:00,-0.2808988764045006,0.0,-2.0979020979020935,0.0,70.67999999999999,67.145,60.338,2.571814736848102,3.553554324056064,72.46187109377482,2.6944627091206,-0.0007764653346562511,2.6952391744552564,351547.55
170481,GUINNESS,2022-04-04,69.55,69.55,1010766,2026-04-08T03:50:32.692631+00:00,-2.042253521126769,-0.2808988764045006,0.0,0.0,70.59,67.2225,60.885,2.622154575140822,3.57816809724229,63.92270946581385,2.535850429608132,-0.12751099587769987,2.663361425485832,385800.65
170593,GUINNESS,2022-04-05,68.5,68.5,912300,2026-04-08T03:50:35.152392+00:00,-1.5097052480229967,-2.042253521126769,0.0,0.0,70.28999999999999,67.3975,61.410999999999994,2.4300359933337297,3.5936686669313445,58.542684360211794,2.2989222854931484,-0.2915513119941471,2.5904735974872954,411057.05
170705,GUINNESS,2022-04-06,68.5,68.5,312274,2026-04-08T03:50:37.478667+00:00,0.0,-1.5097052480229967,1.7142857142857126,0.0,69.75,67.57249999999999,61.937,2.4300359933337297,3.5936686669313445,58.54268436021179,2.087096277591172,-0.40270185591689867,2.4897981335080708,392898.25
170817,GUINNESS,2022-04-07,68.5,68.5,558125,2026-04-08T03:50:39.880974+00:00,0.0,0.0,0.0,10.000000000000009,69.21000000000001,67.74749999999999,62.457,2.4300359933337297,3.5963788129856056,58.542684360211794,1.8973511571256267,-0.4739575811059553,2.371308738231582,398395.65
170929,GUINNESS,2022-04-08,70.0,70.0,634864,2026-04-08T03:50:42.48638+00:00,2.1897810218978186,0.0,-0.2808988764045006,-2.0979020979020935,69.01,67.99749999999999,63.007,2.4653956871022444,3.5970385382352856,63.955509835028174,1.8467263344574576,-0.41966592301929984,2.2663922574767574,425261.0
171041,GUINNESS,2022-04-11,70.0,70.0,327728,2026-04-08T03:50:47.197044+00:00,0.0,2.1897810218978186,-2.042253521126769,0.0,69.1,68.24749999999999,63.556999999999995,2.4653956871022444,3.5970385382352856,63.955509835028174,1.7860176975013928,-0.38429964798029204,2.170317345481685,436330.95
171153,GUINNESS,2022-04-12,70.0,70.0,33710,2026-04-08T03:50:49.473284+00:00,0.0,0.0,-1.5097052480229967,0.0,69.4,68.49749999999999,64.02199999999999,2.4653956871022444,3.36024011432918,63.955509835028174,1.7181004725642879,-0.3617734983339176,2.0798739708982055,431772.9
171265,GUINNESS,2022-04-13,70.0,70.0,168074,2026-04-08T03:50:51.878986+00:00,0.0,0.0,0.0,1.7142857142857126,69.7,68.74749999999999,64.46,2.4653956871022444,3.349541684089934,63.95550983502817,1.6453094789803657,-0.3476515935342719,1.9929610725146376,432450.4
171377,GUINNESS,2022-04-14,70.0,70.0,178934,2026-04-08T03:50:54.439705+00:00,0.0,0.0,0.0,0.0,70.0,68.99749999999999,64.889,2.4653956871022444,3.3514154084153733,63.95550983502818,1.5695295326797805,-0.33874523186788585,1.9082747645476663,421075.5
171489,GUINNESS,2022-04-19,74.8,74.8,397842,2026-04-08T03:51:01.439974+00:00,6.8571428571428505,0.0,2.1897810218978186,-0.2808988764045006,70.96000000000001,69.4875,65.414,2.8533204962442946,3.4571753836354144,77.54511963653547,1.8751773863453565,-0.02647790256184801,1.9016552889072045,426494.3
171601,GUINNESS,2022-04-20,82.25,82.25,384610,2026-04-08T03:51:03.698116+00:00,9.959893048128343,6.8571428571428505,0.0,-2.042253521126769,73.41,70.35,66.08800000000001,3.5105543560517307,3.682427242147629,86.22556015550302,2.687577529401352,0.6287377923953179,2.0588397370060343,433447.85
171713,GUINNESS,2022-04-21,82.25,82.25,965528,2026-04-08T03:51:06.083072+00:00,0.0,9.959893048128343,0.0,-1.5097052480229967,75.86,71.2125,66.762,3.5105543560517307,3.682427242147629,86.22556015550302,3.2934457038252702,0.9876847734553884,2.305760930369882,480037.75
171825,GUINNESS,2022-04-22,82.25,82.25,882433,2026-04-08T03:51:08.393199+00:00,0.0,0.0,0.0,0.0,78.31,72.075,67.436,3.5105543560517307,3.682427242147629,86.22556015550302,3.730596601692156,1.139868537057819,2.590728064634337,513845.2
171937,GUINNESS,2022-04-25,82.25,82.25,1937916,2026-04-08T03:51:12.880327+00:00,0.0,0.0,0.0,0.0,80.76,72.6125,68.11,2.84647694293989,3.682427242147629,86.22556015550302,4.0305798225087415,1.1518814062995233,2.878698416209218,591949.7
172049,GUINNESS,2022-04-26,82.25,82.25,478839,2026-04-08T03:51:15.284155+00:00,0.0,0.0,6.8571428571428505,2.1897810218978186,82.25,73.225,68.78399999999999,2.7741482024562987,3.682427242147629,86.22556015550302,4.219676877877774,1.0727827693348444,3.1468941085429294,550777.45
172161,GUINNESS,2022-04-27,88.45,88.45,350408,2026-04-08T03:51:17.680395+00:00,7.537993920972652,0.0,9.959893048128343,0.0,83.49,74.1475,69.553,3.1411697675105965,3.7842662397736073,90.60409266491946,4.814329250285098,1.3339481133937348,3.4803811368913635,557761.3
172273,GUINNESS,2022-04-28,93.0,93.0,4378630,2026-04-08T03:51:20.413235+00:00,5.144149236856976,7.537993920972652,0.0,0.0,85.64,75.29749999999999,70.31299999999999,3.2448010127317954,3.6126177728930267,92.49062000581569,5.588323795615224,1.6863541269790883,3.901969668636136,759979.5
172385,GUINNESS,2022-04-29,93.0,93.0,386403,2026-04-08T03:51:22.882631+00:00,0.0,5.144149236856976,0.0,0.0,87.78999999999999,76.3875,70.963,3.260847756612966,3.380160965429625,92.49062000581569,6.131045176764289,1.7832604065025226,4.347784770261766,747966.8
172497,GUINNESS,2022-05-04,100.0,100.0,1481903,2026-04-08T03:51:29.674847+00:00,7.526881720430101,0.0,0.0,0.0,91.34,77.82750000000001,71.632,3.5160064511844134,3.2605202001721256,94.47126339574187,7.044789333769813,2.157603650806437,4.887185682963376,800710.35
172609,GUINNESS,2022-05-05,110.0,110.0,5895369,2026-04-08T03:51:32.050072+00:00,10.000000000000009,7.526881720430101,0.0,6.8571428571428505,96.89,79.7775,72.532,3.927923580677607,3.4730749153477496,96.0671348501583,8.47812405126679,2.87275069464273,5.605373356624059,1083832.8
172722,GUINNESS,2022-05-09,99.45,99.45,1280341,2026-04-08T03:51:37.853933+00:00,-9.590909090909083,10.000000000000009,7.537993920972652,9.959893048128343,99.09,81.2725,73.221,4.659900663381919,3.7865930328644493,72.34237142525878,8.662894852140298,2.44601719641299,6.216877655727307,1097311.55
172835,GUINNESS,2022-05-10,99.45,99.45,1420699,2026-04-08T03:51:40.332012+00:00,0.0,-9.590909090909083,5.144149236856976,0.0,100.38,82.82,73.91,4.613660285288267,3.7865930328644493,72.34237142525876,8.708935851660684,1.9936465567467003,6.715289294913983,1122731.5
172948,GUINNESS,2022-05-11,98.0,98.0,3290039,2026-04-08T03:51:42.74313+00:00,-1.4580191050779345,0.0,0.0,0.0,101.38,84.295,74.47,4.657920718357809,3.6721321479248386,69.60245983257283,8.530091211949753,1.451841533628615,7.0782496783211375,1271619.75
173061,GUINNESS,2022-05-12,98.0,98.0,669771,2026-04-08T03:51:45.11326+00:00,0.0,-1.4580191050779345,7.526881720430101,0.0,100.97999999999999,85.77000000000001,74.95,4.657920718357809,3.6024130101716447,69.60245983257283,8.292761751071396,0.9716096582002063,7.3211520928711895,1277202.05
173174,GUINNESS,2022-05-13,98.0,98.0,808394,2026-04-08T03:51:47.585464+00:00,0.0,0.0,10.000000000000009,0.0,98.58,87.17,75.509,4.676655931270207,3.4997135003323803,69.60245983257282,8.012315458348226,0.5529306923816284,7.459384765966598,1285878.55
173287,GUINNESS,2022-05-16,98.0,98.0,786803,2026-04-08T03:51:52.042574+00:00,0.0,0.0,-9.590909090909083,7.537993920972652,98.29,88.57000000000001,76.068,4.676655931270207,3.4997135003323803,69.60245983257283,7.70128414116229,0.19351950015655373,7.507764641005736,1308832.3
173400,GUINNESS,2022-05-17,98.0,98.0,673005,2026-04-08T03:51:54.492158+00:00,0.0,0.0,0.0,5.144149236856976,98.0,89.97,76.627,4.676655931270207,3.4997135003323803,69.60245983257283,7.369834714407929,-0.11034394127824587,7.480178655686175,1340797.05
173513,GUINNESS,2022-05-18,98.0,98.0,692242,2026-04-08T03:51:57.297116+00:00,0.0,0.0,-1.4580191050779345,0.0,98.0,91.37,77.227,4.676655931270207,3.461539004077053,69.60245983257282,7.026165394706851,-0.3632106087834597,7.389376003490311,1367005.45
173626,GUINNESS,2022-05-19,98.0,98.0,261140,2026-04-08T03:51:59.624655+00:00,0.0,0.0,0.0,7.526881720430101,98.0,92.77000000000001,77.827,4.676655931270207,3.461539004077053,69.60245983257283,6.676838544289112,-0.5700299673609592,7.246868511650071,1371115.75
173739,GUINNESS,2022-05-20,98.0,98.0,929604,2026-04-08T03:52:02.40298+00:00,0.0,0.0,0.0,10.000000000000009,98.0,93.92999999999999,78.42699999999999,4.535530541084523,3.461539004077053,69.60245983257283,6.327060088328892,-0.7358467386569432,7.062906826985835,1397703.85
173852,GUINNESS,2022-05-23,98.0,98.0,778053,2026-04-08T03:52:07.648814+00:00,0.0,0.0,0.0,-9.590909090909083,98.0,94.7175,79.027,4.076204786796651,3.461539004077053,69.60245983257283,5.98091388963266,-0.8655943498825405,6.846508239515201,1417376.0
173965,GUINNESS,2022-05-24,88.2,88.2,385413,2026-04-08T03:52:10.277037+00:00,-9.999999999999998,0.0,0.0,0.0,96.03999999999999,95.015,79.491,4.756455781890144,3.713956532124774,46.44101186928628,4.859791780800762,-1.5893731669715514,6.449164947772314,1388370.25
174078,GUINNESS,2022-05-25,88.2,88.2,1100839,2026-04-08T03:52:13.066486+00:00,0.0,-9.999999999999998,0.0,-1.4580191050779345,94.08000000000001,95.3125,79.955,4.756455781890144,3.713956532124774,46.44101186928627,3.926037515695441,-2.018501945661499,5.94453946135694,1399290.55
174191,GUINNESS,2022-05-26,92.7,92.7,1684482,2026-04-08T03:52:15.508934+00:00,5.102040816326525,0.0,0.0,0.0,93.02,95.83500000000001,80.509,4.866152274684312,3.764663103733224,54.503591822227484,3.508696851972516,-1.9486740875075395,5.457370939480056,1386618.85
174304,GUINNESS,2022-05-27,87.1,87.1,1680920,2026-04-08T03:52:18.156913+00:00,-6.040992448759452,5.102040816326525,0.0,0.0,90.84,96.0775,80.95100000000001,5.094857975494724,3.8852470136160244,45.353724000142336,2.695011752452018,-2.2098873496224307,4.904899102074449,1446722.9
174417,GUINNESS,2022-05-30,87.1,87.1,148429,2026-04-08T03:52:22.656757+00:00,0.0,-6.040992448759452,0.0,0.0,88.66,96.00999999999999,81.393,4.810780942126607,3.8852470136160244,45.353724000142336,2.026796796959289,-2.302481844092128,4.329278641051417,1436623.95
174530,GUINNESS,2022-05-31,90.5,90.5,325708,2026-04-08T03:52:25.114026+00:00,3.9035591274397374,0.0,-9.999999999999998,0.0,89.11999999999999,95.88499999999999,81.903,4.749027338320512,3.9108446816210614,51.13052761615588,1.7513942330039072,-2.062307526438008,3.813701759441915,1233977.85
174643,GUINNESS,2022-06-01,90.5,90.5,92665,2026-04-08T03:52:27.834682+00:00,0.0,3.9035591274397374,0.0,0.0,89.58,95.75999999999999,82.413,4.749027338320512,3.9108446816210614,51.13052761615588,1.5156640847994964,-1.8384301397139353,3.3540942245134318,1219290.95
174756,GUINNESS,2022-06-02,90.5,90.5,273858,2026-04-08T03:52:30.493727+00:00,0.0,0.0,5.102040816326525,0.0,89.14,95.285,82.92299999999999,4.40457733774816,3.9108446816210614,51.130527616155874,1.3137026970632917,-1.6323132219601124,2.946015919023404,1158888.7
174869,GUINNESS,2022-06-03,90.5,90.5,176009,2026-04-08T03:52:33.10221+00:00,0.0,0.0,-6.040992448759452,0.0,89.82,94.30999999999999,83.43299999999999,3.667218996940527,3.9108446816210614,51.130527616155874,1.1404998696681048,-1.4444128394842397,2.5849127091523445,872920.7
174982,GUINNESS,2022-06-06,90.5,90.5,68320,2026-04-08T03:52:37.969718+00:00,0.0,0.0,0.0,0.0,90.5,93.8625,83.943,3.0459731984748606,3.9108446816210614,51.13052761615588,0.9918024992625476,-1.2744881679118376,2.266290667174385,812319.65
175095,GUINNESS,2022-06-07,90.5,90.5,194911,2026-04-08T03:52:40.734023+00:00,0.0,0.0,3.9035591274397374,-9.999999999999998,90.5,93.41499999999999,84.45299999999999,3.0459731984748606,3.9108446816210614,51.13052761615588,0.8639991178990698,-1.1218332394202526,1.9858323573193224,751030.25
175208,GUINNESS,2022-06-08,90.5,90.5,35644,2026-04-08T03:52:43.634804+00:00,0.0,0.0,0.0,0.0,90.5,93.03999999999999,84.963,3.0373754835546913,3.9108446816210614,51.13052761615588,0.754022119760748,-0.9854481900468597,1.7394703098076076,588310.5
175321,GUINNESS,2022-06-09,90.5,90.5,471679,2026-04-08T03:52:46.431396+00:00,0.0,0.0,0.0,5.102040816326525,90.5,92.66499999999999,85.34299999999999,3.0373754835546913,3.6761965118537945,51.13052761615588,0.6592649603103666,-0.8641642795977929,1.5234292399081595,578405.9
175434,GUINNESS,2022-06-10,90.5,90.5,598494,2026-04-08T03:52:48.916453+00:00,0.0,0.0,0.0,-6.040992448759452,90.5,92.28999999999999,85.75299999999999,3.0373754835546913,3.657418506545154,51.13052761615588,0.5775120295693483,-0.7567337682710489,1.3342457978403972,567910.9
175547,GUINNESS,2022-06-14,90.5,90.5,136934,2026-04-08T03:52:55.08065+00:00,0.0,0.0,0.0,0.0,90.5,91.91499999999999,86.163,3.0373754835546913,3.657418506545154,51.13052761615588,0.506879254435276,-0.6618932347240971,1.1687724891593732,535417.45
175660,GUINNESS,2022-06-15,90.5,90.5,72306,2026-04-08T03:52:57.782204+00:00,0.0,0.0,0.0,3.9035591274397374,90.5,91.53999999999999,86.573,3.0373754835546913,3.657418506545154,51.130527616155874,0.4457637838381032,-0.578406964257016,1.0241707480951192,505382.5
175773,GUINNESS,2022-06-16,90.5,90.5,80346,2026-04-08T03:53:00.45527+00:00,0.0,0.0,0.0,0.0,90.5,91.16499999999999,86.959,3.0373754835546913,3.654604880567711,51.130527616155874,0.3928013634689478,-0.5050955077009371,0.8978968711698849,474787.7
175886,GUINNESS,2022-06-17,90.5,90.5,156824,2026-04-08T03:53:03.647185+00:00,0.0,0.0,0.0,0.0,90.5,90.78999999999999,87.345,3.0373754835546913,3.654604880567711,51.13052761615588,0.3468302208609799,-0.440853320247124,0.7876835411081039,469571.9
175999,GUINNESS,2022-06-20,90.5,90.5,116525,2026-04-08T03:53:09.449588+00:00,0.0,0.0,0.0,0.0,90.5,90.41499999999999,87.735,3.0373754835546913,3.653523588577557,51.13052761615588,0.3068604627395075,-0.38465846269487725,0.6915189254343848,428917.95
176112,GUINNESS,2022-06-21,90.5,90.5,214187,2026-04-08T03:53:11.833027+00:00,0.0,0.0,0.0,0.0,90.5,90.03999999999999,88.154,3.0373754835546913,3.6353039404616867,51.13052761615588,0.27204813984958776,-0.33557662846783765,0.6076247683174254,400724.65
176225,GUINNESS,2022-06-22,90.5,90.5,58873,2026-04-08T03:53:14.63862+00:00,0.0,0.0,0.0,0.0,90.5,90.155,88.594,2.017329386758069,3.6237389070825112,51.13052761615588,0.24167326419679114,-0.29276120329650746,0.5344344674932986,384397.65
176338,GUINNESS,2022-06-23,90.5,90.5,198617,2026-04-08T03:53:17.250825+00:00,0.0,0.0,0.0,0.0,90.5,90.27,89.03399999999999,2.017329386758069,3.6237389070825112,51.13052761615588,0.21512117342385295,-0.25545063525555656,0.4705718086794095,339286.55
176451,GUINNESS,2022-06-24,90.5,90.5,125265,2026-04-08T03:53:19.718295+00:00,0.0,0.0,0.0,0.0,90.5,90.16,89.47399999999999,1.6464144865231483,3.6237389070825112,51.130527616155895,0.19186672995874687,-0.22296406297653015,0.414830792935277,261325.7
176564,GUINNESS,2022-06-27,90.5,90.5,172002,2026-04-08T03:53:24.073012+00:00,0.0,0.0,0.0,0.0,90.5,90.33,89.884,0.8728623563145003,3.617639619719438,51.13052761615589,0.17146092120448486,-0.19469589738463378,0.36615681858911864,185879.8
176677,GUINNESS,2022-06-28,90.5,90.5,244809,2026-04-08T03:53:26.399159+00:00,0.0,0.0,0.0,0.0,90.5,90.5,90.294,0.8728623563145003,3.617639619719438,51.13052761615589,0.15351949359126138,-0.17010985999828582,0.3236293535895472,190698.8
176790,GUINNESS,2022-06-29,90.5,90.5,298146,2026-04-08T03:53:28.994117+00:00,0.0,0.0,0.0,0.0,90.5,90.5,90.704,0.0,3.617639619719438,51.13052761615589,0.13771330963685102,-0.14873283516215696,0.286446144799008,189320.7
176903,GUINNESS,2022-06-30,90.5,90.5,170513,2026-04-08T03:53:31.346855+00:00,0.0,0.0,0.0,0.0,90.5,90.5,91.11399999999999,0.0,3.617639619719438,51.13052761615589,0.12376016483341346,-0.13014878397247565,0.2539089488058891,193213.1
177016,GUINNESS,2022-07-01,90.5,90.5,264925,2026-04-08T03:53:33.724657+00:00,0.0,0.0,0.0,0.0,90.5,90.5,91.524,0.0,3.617639619719438,51.130527616155895,0.11141784152776779,-0.11399288582249706,0.22541072735026485,192766.45
177129,GUINNESS,2022-07-04,90.5,90.5,613332,2026-04-08T03:53:38.198731+00:00,0.0,0.0,0.0,0.0,90.5,90.5,91.838,0.0,3.5029316993193165,51.130527616155895,0.10047821111419353,-0.09994601298885708,0.2004242241030506,214632.6
177242,GUINNESS,2022-07-06,90.5,90.5,22282,2026-04-08T03:53:41.625349+00:00,0.0,0.0,0.0,0.0,90.5,90.5,92.00299999999999,0.0,3.2225954305750406,51.13052761615589,0.09076222476606688,-0.087729599469587,0.17849182423565388,212330.7
177355,GUINNESS,2022-07-07,90.5,90.5,11282,2026-04-08T03:53:44.268487+00:00,0.0,0.0,0.0,0.0,90.5,90.5,92.16799999999999,0.0,3.2225954305750406,51.130527616155895,0.08211565740197102,-0.0771009334669463,0.15921659086891732,203149.25
177468,GUINNESS,2022-07-13,90.5,90.5,21015,2026-04-08T03:53:51.5999+00:00,0.0,0.0,0.0,0.0,90.5,90.5,92.333,0.0,3.2225954305750406,51.130527616155895,0.07440549029446686,-0.06784888045956036,0.14225437075402722,202417.8
177581,GUINNESS,2022-07-14,90.5,90.5,71491,2026-04-08T03:53:54.010732+00:00,0.0,0.0,0.0,0.0,90.5,90.5,92.49799999999999,0.0,3.2225954305750406,51.13052761615589,0.06751683526385932,-0.05979002839213432,0.12730686365599364,182408.4
177694,GUINNESS,2022-07-15,90.5,90.5,86196,2026-04-08T03:53:56.616585+00:00,0.0,0.0,0.0,0.0,90.5,90.5,92.663,0.0,3.2225954305750406,51.13052761615589,0.06135031824257453,-0.05276523633073529,0.11411555457330982,156793.5
177807,GUINNESS,2022-07-18,90.5,90.5,735364,2026-04-08T03:54:01.214275+00:00,0.0,0.0,0.0,0.0,90.5,90.5,92.704,0.0,3.045803411335339,51.13052761615589,0.05581985256215205,-0.04663656160892622,0.10245641417107827,186715.0
177920,GUINNESS,2022-07-19,90.5,90.5,195943,2026-04-08T03:54:03.665978+00:00,0.0,0.0,0.0,0.0,90.5,90.5,92.654,0.0,2.9572507733542346,51.1305276161559,0.0508507429542675,-0.04128453697344861,0.09213527992771611,192896.85
178033,GUINNESS,2022-07-20,90.5,90.5,105354,2026-04-08T03:54:06.203384+00:00,0.0,0.0,0.0,0.0,90.5,90.5,92.604,0.0,2.9572507733542346,51.1305276161559,0.046378070264850635,-0.03660576773029239,0.08298383799514303,194147.25
178146,GUINNESS,2022-07-21,90.5,90.5,53846,2026-04-08T03:54:08.685258+00:00,0.0,0.0,0.0,0.0,90.5,90.5,92.414,0.0,2.750014531300297,51.1305276161559,0.04234531450802592,-0.03251081878969368,0.0748561332977196,188998.35
178259,GUINNESS,2022-07-22,90.5,90.5,177314,2026-04-08T03:54:11.171489+00:00,0.0,0.0,0.0,0.0,90.5,90.5,92.024,0.0,2.3270051170119257,51.130527616155895,0.03870318034516629,-0.028922362362042653,0.06762554270720894,192037.8
178372,GUINNESS,2022-07-25,90.5,90.5,157196,2026-04-08T03:54:15.900169+00:00,0.0,0.0,0.0,0.0,90.5,90.5,91.845,0.0,1.9083342614301424,51.13052761615589,0.03540859454413692,-0.025773558530457617,0.061182153074594535,189188.25
178485,GUINNESS,2022-07-26,90.5,90.5,7614,2026-04-08T03:54:18.382379+00:00,0.0,0.0,0.0,0.0,90.5,90.5,91.66599999999998,0.0,1.9083342614301424,51.13052761615589,0.03242384960549316,-0.023006642775281097,0.05543049238077426,186625.3
178598,GUINNESS,2022-07-27,90.5,90.5,61091,2026-04-08T03:54:20.730044+00:00,0.0,0.0,0.0,0.0,90.5,90.5,91.51599999999999,0.0,1.8993675057060093,51.1305276161559,0.029715871666610383,-0.020571696571331108,0.05028756823794149,179749.0
178711,GUINNESS,2022-07-28,90.5,90.5,329224,2026-04-08T03:54:23.385493+00:00,0.0,0.0,0.0,0.0,90.5,90.5,91.36599999999999,0.0,1.8993675057060093,51.130527616155895,0.027255594117150395,-0.018425579296632882,0.04568117341378328,189946.95
178824,GUINNESS,2022-07-29,90.5,90.5,1082807,2026-04-08T03:54:25.692024+00:00,0.0,0.0,0.0,0.0,90.5,90.5,91.21599999999998,0.0,1.8993675057060093,51.130527616155895,0.025017421175363097,-0.016531001790736147,0.041548422966099244,235487.2
178937,GUINNESS,2022-08-01,90.5,90.5,431983,2026-04-08T03:54:30.144665+00:00,0.0,0.0,0.0,0.0,90.5,90.5,91.06599999999999,0.0,1.8993675057060093,51.130527616155895,0.02297876805941712,-0.014855723925345704,0.037834491984762825,244845.9
179050,GUINNESS,2022-08-02,90.5,90.5,1039271,2026-04-08T03:54:32.509592+00:00,0.0,0.0,0.0,0.0,90.5,90.5,90.91599999999998,0.0,1.8993675057060093,51.130527616155895,0.021119666409504134,-0.013371860460206955,0.03449152686971109,281902.15
179163,GUINNESS,2022-08-03,90.5,90.5,426206,2026-04-08T03:54:34.924873+00:00,0.0,0.0,0.0,0.0,90.5,90.5,90.76599999999999,0.0,1.8993675057060093,51.130527616155895,0.019422425328684767,-0.012055281232821055,0.03147770656150582,294686.8
179276,GUINNESS,2022-08-04,90.5,90.5,497253,2026-04-08T03:54:37.32089+00:00,0.0,0.0,0.0,0.0,90.5,90.5,90.61599999999999,0.0,1.8993675057060093,51.1305276161559,0.0178713398627508,-0.01088509335900402,0.02875643322175482,306303.2
179389,GUINNESS,2022-08-05,83.0,83.0,1744902,2026-04-08T03:54:40.805957+00:00,-8.287292817679559,0.0,0.0,0.0,89.0,90.125,90.31599999999999,1.8530950089777265,2.221167704732833,7.694784960791476,-0.5818381583212329,-0.4884756732343901,-0.09336248508684272,362881.7
179502,GUINNESS,2022-08-08,83.0,83.0,391628,2026-04-08T03:54:45.81173+00:00,0.0,-8.287292817679559,0.0,0.0,87.5,89.75,90.01599999999999,1.8530950089777265,2.221167704732833,7.694784960791476,-1.0450653929859328,-0.7613623263192721,-0.28370306666666073,381349.0
179615,GUINNESS,2022-08-09,83.0,83.0,304098,2026-04-08T03:54:48.637408+00:00,0.0,0.0,0.0,0.0,86.0,89.375,89.91199999999999,1.8530950089777265,1.7254090717792419,7.694784960791475,-1.396083136464128,-0.8899040558379738,-0.5061790806261541,395989.8
179728,GUINNESS,2022-08-10,84.0,84.0,771360,2026-04-08T03:54:51.561754+00:00,1.2048192771084265,0.0,0.0,0.0,84.7,89.05,89.82799999999999,1.886555482239785,1.7353107081660897,19.13468077352532,-1.575415178944624,-0.8553888786547759,-0.7200263002898482,433507.05
179841,GUINNESS,2022-08-11,84.0,84.0,258416,2026-04-08T03:54:54.196076+00:00,0.0,1.2048192771084265,0.0,0.0,83.4,88.725,89.654,1.886555482239785,1.56597783048531,19.134680773525325,-1.697964042096615,-0.7823501934454133,-0.9156138486512015,442853.3
179954,GUINNESS,2022-08-12,84.0,84.0,95278,2026-04-08T03:54:57.115593+00:00,0.0,0.0,-8.287292817679559,0.0,83.6,88.4,89.59199999999998,1.886555482239785,1.3183669216191045,19.134680773525325,-1.7746280910949679,-0.6872113939550131,-1.0874166971399548,443307.4
180067,GUINNESS,2022-08-15,84.0,84.0,359263,2026-04-08T03:55:01.874457+00:00,0.0,0.0,0.0,0.0,83.8,88.075,89.53,1.886555482239785,1.3183669216191045,19.134680773525325,-1.8144688349985785,-0.5816417102868989,-1.2328271247116795,424502.35
180180,GUINNESS,2022-08-16,84.0,84.0,321941,2026-04-08T03:55:04.540652+00:00,0.0,0.0,0.0,0.0,84.0,87.75,89.4,1.886555482239785,1.1877571309791277,19.134680773525325,-1.8250053855213508,-0.473742608647737,-1.3512627768736138,430802.25
180293,GUINNESS,2022-08-17,84.0,84.0,183427,2026-04-08T03:55:07.214991+00:00,0.0,0.0,1.2048192771084265,0.0,84.0,87.425,89.27,1.886555482239785,1.1877571309791277,19.134680773525325,-1.8124627355261254,-0.36895996692200916,-1.4435027686041162,434705.9
180406,GUINNESS,2022-08-18,84.0,84.0,209587,2026-04-08T03:55:09.916723+00:00,0.0,0.0,0.0,0.0,84.0,87.1,89.14,1.886555482239785,1.1877571309791277,19.134680773525325,-1.7819810270053722,-0.2707826067210046,-1.5111984202843676,442492.95
180519,GUINNESS,2022-08-19,84.0,84.0,93483,2026-04-08T03:55:12.400686+00:00,0.0,0.0,0.0,-8.287292817679559,84.0,86.775,89.01,1.886555482239785,1.1877571309791277,19.13468077352532,-1.737791870449172,-0.1812747601318434,-1.5565171103173285,438301.4
180632,GUINNESS,2022-08-22,84.0,84.0,185464,2026-04-08T03:55:17.568382+00:00,0.0,0.0,0.0,0.0,84.0,86.45,88.88,1.886555482239785,1.1877571309791277,19.13468077352532,-1.6833668404356246,-0.10147978409463665,-1.581887056340988,439714.8
180745,GUINNESS,2022-08-23,84.0,84.0,520989,2026-04-08T03:55:19.990422+00:00,0.0,0.0,0.0,0.0,84.0,86.125,88.75,1.886555482239785,1.1877571309791277,19.13468077352532,-1.6215424797077844,-0.03172433869343694,-1.5898181410143475,465383.55
180858,GUINNESS,2022-08-24,84.0,84.0,1188444,2026-04-08T03:55:23.644905+00:00,0.0,0.0,0.0,1.2048192771084265,84.0,85.8,88.62,1.886555482239785,1.1877571309791277,19.13468077352532,-1.5546254736707823,0.028154133874852105,-1.5827796075456344,521751.2
180971,GUINNESS,2022-08-25,84.0,84.0,341405,2026-04-08T03:55:26.062264+00:00,0.0,0.0,0.0,0.0,84.0,85.475,88.49,1.886555482239785,1.1877571309791277,19.134680773525325,-1.4844810903236123,0.07863881377761794,-1.5631199041012303,522360.25
181084,GUINNESS,2022-08-26,80.0,80.0,324058,2026-04-08T03:55:28.378019+00:00,-4.761904761904767,0.0,0.0,0.0,83.2,84.95,88.28,2.124940665788335,1.3552675972712995,8.672564295743271,-1.731695820290085,-0.13486073295108358,-1.5968350873390014,484422.8
181197,GUINNESS,2022-08-29,80.0,80.0,132485,2026-04-08T03:55:33.185942+00:00,0.0,-4.761904761904767,0.0,0.0,82.4,84.425,88.07,2.124940665788335,1.3552675972712995,8.672564295743273,-1.905648149234878,-0.2470504495167014,-1.6585976997181766,469447.9
181310,GUINNESS,2022-08-30,80.0,80.0,375626,2026-04-08T03:55:35.909469+00:00,0.0,0.0,0.0,0.0,81.6,83.9,87.86,2.124940665788335,1.3552675972712995,8.672564295743273,-2.020218798416863,-0.2892968789589492,-1.730921919457914,436265.65
181423,GUINNESS,2022-08-31,87.9,87.9,973667,2026-04-08T03:55:38.363566+00:00,9.87500000000001,0.0,0.0,0.0,82.38000000000001,83.77000000000001,87.808,3.1633447584295764,1.97041694893539,61.11596290289747,-1.456760260899415,0.21932932684679907,-1.676089587746214,463638.7
181536,GUINNESS,2022-09-01,87.9,87.9,178205,2026-04-08T03:55:40.868139+00:00,0.0,9.87500000000001,0.0,0.0,83.16,83.64000000000001,87.756,3.1633447584295764,1.97041694893539,61.11596290289746,-0.9987028852273454,0.5419093620150952,-1.5406122472424406,447686.3
181649,GUINNESS,2022-09-02,87.9,87.9,539085,2026-04-08T03:55:43.232165+00:00,0.0,0.0,-4.761904761904767,0.0,84.74000000000001,83.885,87.70400000000001,2.509425906886112,1.97041694893539,61.11596290289747,-0.6284447944845226,0.7297339622063346,-1.3581787566908572,387395.45
181762,GUINNESS,2022-09-05,87.9,87.9,98166,2026-04-08T03:55:48.110555+00:00,0.0,0.0,0.0,0.0,86.32000000000001,84.13000000000001,87.652,2.509425906886112,1.97041694893539,61.11596290289746,-0.3311947827118331,0.8215871791832194,-1.1527819618950526,372722.35
181875,GUINNESS,2022-09-06,87.9,87.9,318417,2026-04-08T03:55:50.526892+00:00,0.0,0.0,0.0,0.0,87.9,84.375,87.6,2.509425906886112,1.97041694893539,61.11596290289747,-0.09453229733196622,0.8465997316504691,-0.9411320289824353,373438.3
181988,GUINNESS,2022-09-07,87.9,87.9,272155,2026-04-08T03:55:53.051287+00:00,0.0,0.0,9.87500000000001,0.0,87.9,84.57000000000001,87.54800000000002,2.501411967751097,1.97041694893539,61.11596290289745,0.09196431995805199,0.8264770791523899,-0.7345127591943379,348478.05
182101,GUINNESS,2022-09-08,87.9,87.9,285911,2026-04-08T03:55:55.74031+00:00,0.0,0.0,0.0,0.0,87.9,84.76500000000001,87.49600000000001,2.501411967751097,1.97041694893539,61.115962902897465,0.23703187686666638,0.7772357088488034,-0.5402038319821371,349852.8
182214,GUINNESS,2022-09-09,87.9,87.9,400319,2026-04-08T03:55:58.848563+00:00,0.0,0.0,0.0,-4.761904761904767,87.9,84.96000000000001,87.44400000000002,2.501411967751097,1.97041694893539,61.11596290289746,0.34798757670256464,0.7105531269477614,-0.3625655502451967,365104.85
182327,GUINNESS,2022-09-12,87.9,87.9,328304,2026-04-08T03:56:03.370953+00:00,0.0,0.0,0.0,0.0,87.9,85.155,87.39200000000001,2.501411967751097,1.97041694893539,61.115962902897465,0.4309530101728285,0.6348148483344203,-0.2038618381615917,363556.9
182440,GUINNESS,2022-09-13,87.9,87.9,364572,2026-04-08T03:56:05.83654+00:00,0.0,0.0,0.0,0.0,87.9,85.35000000000001,87.34,2.501411967751097,1.97041694893539,61.115962902897465,0.49104327274727666,0.5559240887270946,-0.06488081597981803,365688.45
182553,GUINNESS,2022-09-14,87.9,87.9,280680,2026-04-08T03:56:08.091672+00:00,0.0,0.0,0.0,9.87500000000001,87.9,85.545,87.28800000000001,2.501411967751097,1.97041694893539,61.115962902897465,0.5325266035649037,0.47792593563577734,0.05460066792912632,370551.1
182666,GUINNESS,2022-09-16,87.9,87.9,365151,2026-04-08T03:56:11.4683+00:00,0.0,0.0,0.0,0.0,87.9,85.74000000000001,87.236,2.501411967751097,1.97041694893539,61.11596290289745,0.55895910943552,0.4034867532051149,0.15547235623040506,378329.3
182779,GUINNESS,2022-09-19,87.9,87.9,462845,2026-04-08T03:56:15.923342+00:00,0.0,0.0,0.0,0.0,87.9,85.935,87.18400000000001,2.501411967751097,1.97041694893539,61.115962902897465,0.5732984333006925,0.3342608616562299,0.23903757164446257,396797.4
182892,GUINNESS,2022-09-20,87.9,87.9,635788,2026-04-08T03:56:18.184056+00:00,0.0,0.0,0.0,0.0,87.9,86.13000000000001,87.132,2.501411967751097,1.97041694893539,61.11596290289746,0.5779996308212674,0.27116964734144383,0.30682998347982354,419313.6
183005,GUINNESS,2022-09-21,87.9,87.9,558241,2026-04-08T03:56:20.42724+00:00,0.0,0.0,0.0,0.0,87.9,86.32500000000002,87.08,2.501411967751097,1.97041694893539,61.115962902897465,0.5750960148522495,0.21461282509794077,0.3604831897543087,421176.2
183118,GUINNESS,2022-09-22,83.0,83.0,1490181,2026-04-08T03:56:22.767495+00:00,-5.574516496018211,0.0,0.0,0.0,86.92,86.275,86.93,2.8214959698243645,2.1201617231714738,29.34736957233735,0.1753841104337539,-0.14807926345644384,0.32346337389019775,436263.05
183231,GUINNESS,2022-09-23,83.0,83.0,1575708,2026-04-08T03:56:25.066978+00:00,0.0,-5.574516496018211,0.0,0.0,85.94000000000001,86.22500000000001,86.78,2.8214959698243645,2.1201617231714738,29.34736957233735,-0.13977916636630994,-0.37059403220520615,0.23081486583889624,497978.2
183344,GUINNESS,2022-09-26,75.85,75.85,755824,2026-04-08T03:56:29.379703+00:00,-8.614457831325307,0.0,0.0,0.0,83.53,86.01750000000001,86.48700000000001,3.2595545721464227,2.4343814719419363,15.612995197501215,-0.9554794069775738,-0.949035418253176,-0.006443988724397776,519566.5
183457,GUINNESS,2022-09-28,75.85,75.85,169907,2026-04-08T03:56:32.717753+00:00,0.0,-8.614457831325307,0.0,0.0,81.12,85.81,86.19400000000002,3.2595545721464227,2.4343814719419363,15.612995197501212,-1.5836721378612992,-1.2617825193095211,-0.3218896185517781,521437.6
183570,GUINNESS,2022-09-29,75.85,75.85,107782,2026-04-08T03:56:35.489047+00:00,0.0,0.0,0.0,0.0,78.71,85.6025,85.90100000000001,3.2595545721464227,2.4343814719419363,15.61299519750121,-2.057798384133605,-1.3887270124654614,-0.6690713716681436,508045.4
183683,GUINNESS,2022-09-30,82.9,82.9,315413,2026-04-08T03:56:37.947618+00:00,9.294660514172715,0.0,-5.574516496018211,0.0,78.69,85.35249999999999,85.74900000000001,3.166245631498578,2.7886607138608728,46.46640801309463,-1.8434209601687854,-0.9394796708005134,-0.903941289368272,475132.7
183796,GUINNESS,2022-10-05,82.9,82.9,14280,2026-04-08T03:56:44.538147+00:00,0.0,9.294660514172715,0.0,0.0,78.66999999999999,85.10249999999999,85.59700000000001,3.166245631498578,2.7886607138608728,46.466408013094636,-1.654453793698707,-0.600410003464348,-1.054043790234359,466936.45
183910,GUINNESS,2022-10-06,82.9,82.9,13561,2026-04-08T03:56:46.932693+00:00,0.0,0.0,-8.614457831325307,0.0,80.08000000000001,84.8525,85.445,3.166245631498578,2.7886607138608728,46.466408013094636,-1.4875484206101817,-0.3468037043006582,-1.1407447163095235,440660.25
184024,GUINNESS,2022-10-07,82.9,82.9,11177,2026-04-08T03:56:49.334037+00:00,0.0,0.0,0.0,0.0,81.49,84.60249999999999,85.293,3.166245631498578,2.7886607138608728,46.46640801309463,-1.3398299839099508,-0.15926821408034186,-1.180561769829609,436310.8
184138,GUINNESS,2022-10-11,82.9,82.9,21705,2026-04-08T03:56:55.029281+00:00,0.0,0.0,0.0,0.0,82.9,84.3525,85.141,3.166245631498578,2.7886607138608728,46.46640801309463,-1.2088274482170505,-0.022612542709953276,-1.1862149055070972,421475.2
184252,GUINNESS,2022-10-12,82.9,82.9,3271,2026-04-08T03:56:58.300033+00:00,0.0,0.0,9.294660514172715,-5.574516496018211,82.9,84.1025,84.98900000000002,3.166245631498578,2.7886607138608728,46.46640801309463,-1.0924143225520453,0.0750404663640416,-1.167454788916087,408031.0
184366,GUINNESS,2022-10-13,82.9,82.9,17200,2026-04-08T03:57:00.825788+00:00,0.0,0.0,0.0,0.0,82.9,83.85249999999999,84.837,3.166245631498578,2.7886607138608728,46.46640801309463,-0.9887582916458229,0.1429571978162112,-1.131715489462034,394595.45
184480,GUINNESS,2022-10-14,82.9,82.9,20395,2026-04-08T03:57:03.298348+00:00,0.0,0.0,0.0,-8.614457831325307,82.9,83.6025,84.68500000000002,3.166245631498578,2.7886607138608728,46.46640801309463,-0.8962784008600977,0.18834967088154908,-1.0846280717416468,375599.25
184594,GUINNESS,2022-10-17,82.9,82.9,10215,2026-04-08T03:57:07.885609+00:00,0.0,0.0,0.0,0.0,82.9,83.35249999999999,84.53300000000002,3.166245631498578,2.7886607138608728,46.46640801309463,-0.8136086471007928,0.2168155397126832,-1.030424186813476,359694.8
184708,GUINNESS,2022-10-18,82.9,82.9,3043,2026-04-08T03:57:10.303346+00:00,0.0,0.0,0.0,0.0,82.9,83.10249999999999,84.381,3.166245631498578,2.7886607138608728,46.466408013094615,-0.73956700359021,0.23268574657861296,-0.972252750168823,341618.35
184822,GUINNESS,2022-10-19,82.9,82.9,3908,2026-04-08T03:57:12.819589+00:00,0.0,0.0,0.0,9.294660514172715,82.9,82.8525,84.22900000000001,3.166245631498578,2.7886607138608728,46.46640801309462,-0.6731290549299018,0.23929895619113695,-0.9124280111210388,327779.75
184936,GUINNESS,2022-10-20,82.9,82.9,43495,2026-04-08T03:57:15.111185+00:00,0.0,0.0,0.0,0.0,82.9,82.60249999999999,84.07700000000001,3.166245631498578,2.7886607138608728,46.46640801309463,-0.6134055446697602,0.2392179731610229,-0.852623517830783,311696.95
185050,GUINNESS,2022-10-21,82.9,82.9,4829,2026-04-08T03:57:17.499968+00:00,0.0,0.0,0.0,0.0,82.9,82.3525,84.07500000000002,3.166245631498578,2.5285199778403427,46.46640801309463,-0.559623244099356,0.23440021898514163,-0.7940234630844977,288796.15
185164,GUINNESS,2022-10-24,82.9,82.9,19917,2026-04-08T03:57:21.686266+00:00,0.0,0.0,0.0,0.0,82.9,82.1025,84.07300000000001,3.166245631498578,2.5285199778403427,46.46640801309462,-0.5111086411555874,0.22633185754312835,-0.7374404986987158,258002.6
185278,GUINNESS,2022-10-26,82.9,82.9,3207,2026-04-08T03:57:24.913682+00:00,0.0,0.0,0.0,0.0,82.9,81.85249999999999,84.071,3.166245631498578,2.5285199778403427,46.46640801309463,-0.4672740247050058,0.2161331791949681,-0.6834072038999739,230250.9
185392,GUINNESS,2022-10-27,82.9,82.9,75336,2026-04-08T03:57:27.260544+00:00,0.0,0.0,0.0,0.0,82.9,81.8475,84.04900000000002,2.9071279371564573,2.522815226237268,46.46640801309463,-0.42760560412742166,0.2046412798180418,-0.6322468839454635,159508.65
185506,GUINNESS,2022-10-28,82.9,82.9,47539,2026-04-08T03:57:29.835926+00:00,0.0,0.0,0.0,0.0,82.9,81.8425,84.027,2.9071279371564573,2.522815226237268,46.46640801309462,-0.39165335889850894,0.19247482003756367,-0.5841281789360726,83100.2
185620,GUINNESS,2022-10-31,82.9,82.9,6903,2026-04-08T03:57:34.21591+00:00,0.0,0.0,0.0,0.0,82.9,82.19500000000001,84.00500000000002,2.0783492737473335,2.522815226237268,46.46640801309462,-0.35902235925878756,0.18008465574182808,-0.5391070150006156,45654.15
185734,GUINNESS,2022-11-01,82.9,82.9,37364,2026-04-08T03:57:36.609373+00:00,0.0,0.0,0.0,0.0,82.9,82.54750000000001,83.983,2.0783492737473335,2.522815226237268,46.46640801309462,-0.3293653383529289,0.16779334131814938,-0.4971586796710783,39027.0
185848,GUINNESS,2022-11-02,82.9,82.9,13402,2026-04-08T03:57:39.066556+00:00,0.0,0.0,0.0,0.0,82.9,82.9,83.961,2.0783492737473335,2.522815226237268,46.466408013094615,-0.30237632951381954,0.15582588012580706,-0.4582022096396266,34308.0
185962,GUINNESS,2022-11-03,82.9,82.9,9679,2026-04-08T03:57:41.442199+00:00,0.0,0.0,0.0,0.0,82.9,82.9,83.93900000000002,0.0,2.522815226237268,46.46640801309463,-0.2777852105713521,0.14433359925461964,-0.4221188098259717,19021.3
186076,GUINNESS,2022-11-04,82.9,82.9,5154,2026-04-08T03:57:43.70904+00:00,0.0,0.0,0.0,0.0,82.9,82.9,83.917,0.0,2.522815226237268,46.46640801309462,-0.25535302096602663,0.1334126310879561,-0.3887656520539827,18565.0
186190,GUINNESS,2022-11-08,74.65,74.65,101711,2026-04-08T03:57:49.123122+00:00,-9.951749095295536,0.0,0.0,0.0,81.25000000000001,82.4875,83.73000000000002,2.225278747210285,2.88913831794081,14.591350130865722,-0.8929875958226461,-0.40337755501493067,-0.4896100408077154,22972.5
186304,GUINNESS,2022-11-09,74.65,74.65,43894,2026-04-08T03:57:51.464602+00:00,0.0,-9.951749095295536,0.0,0.0,79.6,82.07500000000002,83.543,2.225278747210285,2.88913831794081,14.591350130865722,-1.3823823471111893,-0.7142178450427792,-0.6681645020684102,24608.35
186418,GUINNESS,2022-11-10,74.65,74.65,18432,2026-04-08T03:57:54.291842+00:00,0.0,0.0,0.0,0.0,77.95000000000002,81.6625,83.35600000000001,2.225278747210285,2.88913831794081,14.591350130865722,-1.7500576383245914,-0.865514509004945,-0.8845431293196464,24444.7
186532,GUINNESS,2022-11-11,74.65,74.65,14655,2026-04-08T03:57:56.704911+00:00,0.0,0.0,0.0,0.0,76.3,81.25,83.169,2.225278747210285,2.88913831794081,14.591350130865722,-2.018178648382687,-0.9069084152504323,-1.1112702331322546,25013.9
186646,GUINNESS,2022-11-14,74.65,74.65,20150,2026-04-08T03:58:01.331373+00:00,0.0,0.0,0.0,0.0,74.65,80.8375,82.98200000000001,2.225278747210285,2.88913831794081,14.591350130865724,-2.2052457799281058,-0.875180437436681,-1.3300653424914248,25161.4
186760,GUINNESS,2022-11-15,74.65,74.65,50187,2026-04-08T03:58:03.6444+00:00,0.0,0.0,-9.951749095295536,0.0,74.65,80.425,82.875,2.225278747210285,2.812992950696344,14.591350130865722,-2.3266773413391633,-0.7972895990781907,-1.5293877422609725,26651.0
186874,GUINNESS,2022-11-16,67.2,67.2,149696,2026-04-08T03:58:06.118311+00:00,-9.979906229068991,0.0,0.0,0.0,73.16000000000001,79.64000000000001,82.619,3.0674204334746826,3.140764451984017,7.420627395651986,-2.989603181859607,-1.1681723516789075,-1.8214308301806996,33625.05
186988,GUINNESS,2022-11-17,60.5,60.5,634854,2026-04-08T03:58:08.47049+00:00,-9.970238095238104,-9.979906229068991,0.0,0.0,70.33,78.52000000000001,82.229,3.65149806725807,3.4250297530048894,5.027660806755561,-4.009392906690621,-1.7503696612079374,-2.259023245482684,65215.6
187102,GUINNESS,2022-11-18,60.5,60.5,1639450,2026-04-08T03:58:10.955275+00:00,0.0,-9.970238095238104,0.0,0.0,67.5,77.4,81.681,3.65149806725807,3.082209640999762,5.027660806755561,-4.762682373077425,-2.0029273020757925,-2.7597550710016323,146992.7
187216,GUINNESS,2022-11-21,61.0,61.0,1161897,2026-04-08T03:58:15.672507+00:00,0.8264462809917328,0.0,0.0,0.0,64.77000000000001,76.305,81.14300000000001,3.673915294358609,3.0882279388460128,7.606371384112394,-5.258704805453675,-1.9991597875616343,-3.259545017892041,202912.8
187330,GUINNESS,2022-11-22,61.0,61.0,924711,2026-04-08T03:58:18.170118+00:00,0.0,0.8264462809917328,0.0,-9.951749095295536,62.040000000000006,75.21000000000001,80.605,3.673915294358609,3.0882279388460128,7.606371384112394,-5.5873981093900085,-1.8622824731983743,-3.725115636191634,248906.9
187444,GUINNESS,2022-11-24,63.0,63.0,698061,2026-04-08T03:58:21.692503+00:00,3.2786885245901676,0.0,-9.979906229068991,0.0,61.2,74.215,80.10700000000001,3.812725646261922,3.137366279450649,17.942398572447097,-5.62170314114195,-1.5172700039602525,-4.104433137181697,282814.1
187558,GUINNESS,2022-11-25,63.0,63.0,737890,2026-04-08T03:58:24.033539+00:00,0.0,3.2786885245901676,-9.970238095238104,0.0,61.7,73.22,79.60900000000001,3.812725646261922,3.137366279450649,17.942398572447097,-5.584515309709531,-1.184065738022266,-4.400449571687265,319548.25
187672,GUINNESS,2022-11-28,63.0,63.0,112453,2026-04-08T03:58:28.532723+00:00,0.0,0.0,0.0,0.0,62.2,72.225,79.111,3.812725646261922,3.137366279450649,17.942398572447097,-5.491738344231592,-0.8730310180354621,-4.61870732619613,321404.1
187786,GUINNESS,2022-11-29,63.0,63.0,283963,2026-04-08T03:58:30.983113+00:00,0.0,0.0,0.8264462809917328,0.0,62.6,71.23,78.61300000000001,3.812725646261922,3.137366279450649,17.942398572447097,-5.356465925760489,-0.590206879651487,-4.766259046109002,333225.3
187900,GUINNESS,2022-11-30,63.0,63.0,265286,2026-04-08T03:58:33.448849+00:00,0.0,0.0,0.0,0.0,63.0,70.235,78.11500000000001,3.812725646261922,3.137366279450649,17.942398572447093,-5.189440914983862,-0.33854549509988807,-4.850895419883974,346144.45
188014,GUINNESS,2022-12-01,63.0,63.0,139747,2026-04-08T03:58:35.664261+00:00,0.0,0.0,3.2786885245901676,-9.979906229068991,63.0,69.24,77.617,3.812725646261922,3.137366279450649,17.942398572447093,-4.9994419359995135,-0.11883721289243176,-4.880604723107082,351263.6
188129,GUINNESS,2022-12-02,63.0,63.0,357979,2026-04-08T03:58:37.897027+00:00,0.0,0.0,0.0,-9.970238095238104,63.0,68.245,77.119,3.812725646261922,3.137366279450649,17.942398572447097,-4.793608639803807,0.06959686664261966,-4.863205506446427,368492.45
188243,GUINNESS,2022-12-05,69.3,69.3,256454,2026-04-08T03:58:42.456795+00:00,9.999999999999986,0.0,0.0,0.0,64.26,67.565,76.747,4.5710612543744595,3.4775863092361323,48.45598260961036,-4.075151115550142,0.6304435127170276,-4.7055946282671695,380831.2
188357,GUINNESS,2022-12-06,69.3,69.3,415939,2026-04-08T03:58:44.756119+00:00,0.0,9.999999999999986,0.0,0.8264462809917328,65.52000000000001,66.88499999999999,76.375,4.5710612543744595,3.4775863092361323,48.45598260961036,-3.4658165752881445,0.9918224423832198,-4.457639017671364,401370.45
188471,GUINNESS,2022-12-07,69.3,69.3,294064,2026-04-08T03:58:47.196669+00:00,0.0,0.0,0.0,0.0,66.78,66.6175,76.003,4.030990351734081,3.4775863092361323,48.45598260961036,-2.948921233769042,1.206974227121858,-4.1558954608909,410988.1
188585,GUINNESS,2022-12-08,69.3,69.3,5059032,2026-04-08T03:58:49.52806+00:00,0.0,0.0,0.0,3.2786885245901676,68.03999999999999,66.35,75.631,4.030990351734081,3.4775863092361323,48.45598260961036,-2.5103403111114204,1.3164441198235837,-3.826784430935004,661745.0
188699,GUINNESS,2022-12-09,69.3,69.3,210963,2026-04-08T03:58:51.902427+00:00,0.0,0.0,0.0,0.0,69.3,66.08250000000001,75.259,4.030990351734081,3.4775863092361323,48.45598260961036,-2.1381149123213987,1.3509356148908842,-3.489050527212283,671371.55
188813,GUINNESS,2022-12-12,69.3,69.3,553069,2026-04-08T03:58:56.156124+00:00,0.0,0.0,9.999999999999986,0.0,69.3,65.815,74.985,4.030990351734081,3.3971887853020033,48.45598260961036,-1.822119344468021,1.3335449461954094,-3.1556642906634305,698292.25
188927,GUINNESS,2022-12-13,69.3,69.3,299364,2026-04-08T03:58:58.485404+00:00,0.0,0.0,0.0,0.0,69.3,65.54749999999999,74.711,4.030990351734081,3.3971887853020033,48.45598260961035,-1.5537795765547742,1.2815077712869254,-2.8352873478416996,712252.95
189041,GUINNESS,2022-12-14,69.3,69.3,235205,2026-04-08T03:59:00.851945+00:00,0.0,0.0,0.0,0.0,69.3,65.28,74.58,4.030990351734081,3.178433276127151,48.45598260961035,-1.3258349768899222,1.2075618967614217,-2.533396873651344,721503.85
189155,GUINNESS,2022-12-15,69.3,69.3,391068,2026-04-08T03:59:03.086647+00:00,0.0,0.0,0.0,0.0,69.3,65.385,74.44900000000001,3.324419941743067,3.178433276127151,48.45598260961036,-1.1321366725725568,1.1210081608630298,-2.2531448334355866,733572.45
189269,GUINNESS,2022-12-16,69.3,69.3,83128,2026-04-08T03:59:05.5442+00:00,0.0,0.0,0.0,0.0,69.3,65.825,74.318,2.311129485799008,3.178433276127151,48.455982609610366,-0.9674768994171075,1.0285343472147834,-1.996011246631891,705986.15
189383,GUINNESS,2022-12-19,69.3,69.3,67578,2026-04-08T03:59:09.806719+00:00,0.0,0.0,0.0,9.999999999999986,69.3,66.265,74.046,2.311129485799008,2.8731109013271237,48.45598260961036,-0.827444576866057,0.9348533358126674,-1.7622979126787244,627392.55
189497,GUINNESS,2022-12-20,69.3,69.3,93859,2026-04-08T03:59:12.630732+00:00,0.0,0.0,0.0,0.0,69.3,66.67999999999999,73.774,2.3162312855451526,2.8731109013271237,48.45598260961036,-0.7083030754158983,0.8431958698102608,-1.5514989452261592,573990.65
189611,GUINNESS,2022-12-21,69.3,69.3,9421,2026-04-08T03:59:14.990319+00:00,0.0,0.0,0.0,0.0,69.3,67.095,73.502,2.3162312855451526,2.8731109013271237,48.455982609610366,-0.6068867643034963,0.7556897447381303,-1.3625765090416266,528226.15
189725,GUINNESS,2022-12-22,69.3,69.3,47125,2026-04-08T03:59:17.229229+00:00,0.0,0.0,0.0,0.0,69.3,67.41,73.23,2.2360679774997863,2.8731109013271237,48.45598260961037,-0.5205134520153933,0.6736504456209866,-1.19416389763638,495679.35
189839,GUINNESS,2022-12-23,69.3,69.3,4520,2026-04-08T03:59:19.674012+00:00,0.0,0.0,0.0,0.0,69.3,67.725,72.958,2.2360679774997863,2.8731109013271237,48.455982609610366,-0.4469102762681274,0.5978028970946021,-1.0447131733627295,459010.85
189953,GUINNESS,2022-12-28,69.3,69.3,27775,2026-04-08T03:59:26.406492+00:00,0.0,0.0,0.0,0.0,69.3,68.03999999999999,72.686,2.2360679774997863,2.8731109013271237,48.455982609610366,-0.3841509758818944,0.5284497579846682,-0.9126007338665626,454776.95
190067,GUINNESS,2022-12-30,69.3,69.3,53112,2026-04-08T03:59:29.796579+00:00,0.0,0.0,0.0,0.0,69.3,68.35499999999999,72.414,2.2360679774997863,2.8731109013271237,48.455982609610366,-0.3306027949424646,0.4655983511392784,-0.796201146081743,443234.4
190181,GUINNESS,2023-01-04,69.3,69.3,180553,2026-04-08T03:59:36.276207+00:00,0.0,0.0,0.0,0.0,69.3,68.67,72.142,2.2360679774997863,2.8731109013271237,48.455982609610366,-0.28488153870850397,0.4090556858985913,-0.6939372246070953,438997.75
190295,GUINNESS,2023-01-05,69.3,69.3,479563,2026-04-08T03:59:38.771807+00:00,0.0,0.0,0.0,0.0,69.3,68.985,71.87,2.2360679774997863,2.8731109013271237,48.455982609610366,-0.24581352839746273,0.35849895696770606,-0.6043124853651688,455988.55
190409,GUINNESS,2023-01-06,69.3,69.3,213287,2026-04-08T03:59:41.229635+00:00,0.0,0.0,0.0,0.0,69.3,69.3,71.598,2.2360679774997863,2.8731109013271237,48.455982609610366,-0.21240339463928137,0.3135272725807099,-0.5259306672199913,448753.95
190523,GUINNESS,2023-01-09,69.3,69.3,94332,2026-04-08T03:59:45.608271+00:00,0.0,0.0,0.0,0.0,69.3,69.3,71.32600000000001,0.0,2.8731109013271237,48.455982609610366,-0.18380681241119134,0.27369908384703995,-0.4575058962582313,440647.85
190637,GUINNESS,2023-01-10,69.3,69.3,248005,2026-04-08T03:59:47.862187+00:00,0.0,0.0,0.0,0.0,69.3,69.3,71.054,0.0,2.8731109013271237,48.455982609610366,-0.15930741821640027,0.23855878243346484,-0.3978662006498651,432251.15
190751,GUINNESS,2023-01-11,69.3,69.3,64606,2026-04-08T03:59:50.211712+00:00,0.0,0.0,0.0,0.0,69.3,69.3,70.782,0.0,2.8731109013271237,48.45598260961036,-0.13829726700151923,0.2076551469186767,-0.34595241392019593,420778.25
190865,GUINNESS,2023-01-12,69.3,69.3,96739,2026-04-08T03:59:52.676239+00:00,0.0,0.0,0.0,0.0,69.3,69.3,70.51,0.0,2.8731109013271237,48.455982609610366,-0.12026028508670095,0.18055370306679602,-0.30081398815349697,172663.6
190979,GUINNESS,2023-01-13,69.3,69.3,158856,2026-04-08T03:59:55.073566+00:00,0.0,0.0,0.0,0.0,69.3,69.3,70.238,0.0,2.8731109013271237,48.455982609610366,-0.10475825897010793,0.15684458334671125,-0.2616028423168192,170058.25
191093,GUINNESS,2023-01-17,69.3,69.3,192446,2026-04-08T04:00:00.52991+00:00,0.0,0.0,0.0,0.0,69.3,69.3,69.966,0.0,2.8731109013271237,48.45598260961036,-0.09141897059990356,0.1361470973735325,-0.22756606797343606,152027.1
191207,GUINNESS,2023-01-18,69.3,69.3,76227,2026-04-08T04:00:02.930508+00:00,0.0,0.0,0.0,0.0,69.3,69.3,69.694,0.0,2.8731109013271237,48.455982609610366,-0.07992614956226873,0.11811193472893386,-0.1980380842912026,140870.25
191321,GUINNESS,2023-01-19,69.3,69.3,184731,2026-04-08T04:00:05.157464+00:00,0.0,0.0,0.0,0.0,69.3,69.3,69.422,0.0,2.8731109013271237,48.455982609610366,-0.07001096328421852,0.10242169680558727,-0.1724326600898058,138346.55
191435,GUINNESS,2023-01-20,69.3,69.3,559576,2026-04-08T04:00:07.441529+00:00,0.0,0.0,0.0,0.0,69.3,69.3,69.15,0.0,2.8731109013271237,48.455982609610366,-0.06144480921129514,0.08879028070280853,-0.15023508991410367,146771.95
191549,GUINNESS,2023-01-23,72.7,72.7,439366,2026-04-08T04:00:11.934625+00:00,4.906204906204925,0.0,0.0,0.0,69.97999999999999,69.47,68.946,1.097060768181719,2.9663867299498947,81.05937785695856,0.21719186203345942,0.2939415615580505,-0.07674969952459107,164583.85
191663,GUINNESS,2023-01-24,72.7,72.7,495441,2026-04-08T04:00:14.448563+00:00,0.0,4.906204906204925,0.0,0.0,70.66,69.64,68.742,1.097060768181719,2.9663867299498947,81.05937785695855,0.4330218254071667,0.4078172199454062,0.02520460546176049,185977.0
191777,GUINNESS,2023-01-25,72.7,72.7,73186,2026-04-08T04:00:16.660222+00:00,0.0,0.0,0.0,0.0,71.34,69.81,68.538,1.097060768181719,2.9663867299498947,81.05937785695856,0.5971846534018823,0.45758403835209743,0.13960061504978488,184943.35
191891,GUINNESS,2023-01-26,72.7,72.7,148000,2026-04-08T04:00:19.02129+00:00,0.0,0.0,0.0,0.0,72.02000000000001,69.97999999999999,68.49900000000001,1.097060768181719,2.612724777608929,81.05937785695855,0.7189967305669427,0.46351689241372623,0.25547983815321645,191872.3
192005,GUINNESS,2023-01-27,70.0,70.0,1885141,2026-04-08T04:00:21.366865+00:00,-3.7138927097661645,0.0,0.0,0.0,72.16,70.015,68.406,1.4103520505371907,2.664459518295954,48.37549853305624,0.590855232840795,0.2683003157500628,0.3225549170907322,283773.1
192119,GUINNESS,2023-01-30,70.0,70.0,182499,2026-04-08T04:00:26.318741+00:00,0.0,-3.7138927097661645,4.906204906204925,0.0,71.62,70.05,68.313,1.4103520505371907,2.664459518295954,48.37549853305624,0.48372607954719626,0.12893692996517125,0.354789149582025,292672.05
192233,GUINNESS,2023-01-31,70.0,70.0,321562,2026-04-08T04:00:28.560212+00:00,0.0,0.0,0.0,0.0,71.08000000000001,70.08500000000001,68.22,1.4103520505371907,2.664459518295954,48.375498533056245,0.39428043432231163,0.03159302779222928,0.36268740653008236,307361.4
192347,GUINNESS,2023-02-06,63.0,63.0,75222,2026-04-08T04:00:36.14931+00:00,-9.999999999999998,0.0,0.0,0.0,69.14000000000001,69.77000000000001,67.98700000000001,2.6555312425108526,3.010209846839087,20.981506474751345,-0.23869584537605704,-0.4811066015249115,0.2424107561488545,308466.9
192461,GUINNESS,2023-02-07,63.0,63.0,107023,2026-04-08T04:00:38.379875+00:00,0.0,-9.999999999999998,0.0,0.0,67.2,69.455,67.754,2.6555312425108526,3.010209846839087,20.981506474751345,-0.7318972514602393,-0.779446406087275,0.04754915462703571,304790.4
192575,GUINNESS,2023-02-08,63.0,63.0,27805,2026-04-08T04:00:40.736361+00:00,0.0,0.0,-3.7138927097661645,0.0,65.8,69.14,67.67,2.6555312425108526,2.6659822468355983,20.981506474751345,-1.1099679000850529,-0.9260136437696709,-0.183954256315382,282202.5
192689,GUINNESS,2023-02-09,63.0,63.0,599719,2026-04-08T04:00:43.03687+00:00,0.0,0.0,0.0,4.906204906204925,64.4,68.825,67.72,2.6555312425108526,2.2530496278091756,20.981506474751342,-1.3935278908869861,-0.9676589076572834,-0.4258689832297028,301524.1
192803,GUINNESS,2023-02-10,63.0,63.0,34834,2026-04-08T04:00:46.517744+00:00,0.0,0.0,0.0,0.0,63.0,68.51,67.77,2.6555312425108526,2.2530496278091756,20.981506474751345,-1.599809617117728,-0.9391525071104202,-0.6606571100073079,298549.2
192917,GUINNESS,2023-02-13,63.0,63.0,68475,2026-04-08T04:00:50.958429+00:00,0.0,0.0,-9.999999999999998,0.0,63.0,68.19500000000001,67.81,2.6555312425108526,2.250686276897187,20.981506474751345,-1.7431949055649625,-0.8660302364461236,-0.8771646691188388,289572.7
193031,GUINNESS,2023-02-14,67.0,67.0,254781,2026-04-08T04:00:53.400398+00:00,6.349206349206349,0.0,0.0,0.0,63.8,68.08000000000001,67.93,3.0597046671469466,2.4184010898016997,47.48825159086476,-1.5165800186724567,-0.5115322796428943,-1.0050477390295625,299081.45
193145,GUINNESS,2023-02-15,67.0,67.0,242990,2026-04-08T04:00:55.645789+00:00,0.0,6.349206349206349,0.0,-3.7138927097661645,64.6,67.965,68.01,3.0597046671469466,2.377783124911746,47.48825159086477,-1.321749779441319,-0.25336163232940523,-1.0683881471119139,306394.0
193259,GUINNESS,2023-02-16,67.5,67.5,187179,2026-04-08T04:00:58.043326+00:00,0.746268656716409,0.0,0.0,0.0,65.5,67.875,68.1,3.065826927007349,2.3791588098415626,49.92348788766942,-1.1141562896797126,-0.03661451405423888,-1.0775417756254737,307810.15
193373,GUINNESS,2023-02-17,67.5,67.5,87985,2026-04-08T04:01:00.355798+00:00,0.0,0.746268656716409,0.0,0.0,66.4,67.785,68.19,3.065826927007349,2.3791588098415626,49.92348788766942,-0.9388148798701366,0.1109815166042698,-1.0497963964744064,302587.1
193487,GUINNESS,2023-02-20,67.5,67.5,49463,2026-04-08T04:01:04.633293+00:00,0.0,0.0,0.0,-9.999999999999998,67.3,67.69500000000001,68.28,3.065826927007349,2.3791588098415626,49.92348788766942,-0.7907403863740825,0.20724480808025914,-0.9979851944543416,301248.9
193601,GUINNESS,2023-02-21,67.5,67.5,72047,2026-04-08T04:01:06.910783+00:00,0.0,0.0,6.349206349206349,0.0,67.4,67.605,68.37,3.065826927007349,2.3791588098415626,49.923487887669424,-0.6657163201150809,0.2658150994714086,-0.9315314195864894,295614.7
193715,GUINNESS,2023-02-22,67.5,67.5,14174,2026-04-08T04:01:09.421576+00:00,0.0,0.0,0.0,0.0,67.5,67.515,68.46,3.065826927007349,2.3791588098415626,49.923487887669424,-0.5601764810789405,0.2970839508060392,-0.8572604318849797,268344.6
193829,GUINNESS,2023-02-23,67.5,67.5,345417,2026-04-08T04:01:11.765387+00:00,0.0,0.0,0.746268656716409,0.0,67.5,67.25500000000001,68.55,2.8328167550609447,2.3791588098415626,49.92348788766942,-0.47110479544002715,0.30892450915596203,-0.7800293045959892,263647.15
193943,GUINNESS,2023-02-24,67.5,67.5,141026,2026-04-08T04:01:14.12415+00:00,0.0,0.0,0.0,0.0,67.5,66.995,68.51400000000001,2.8328167550609447,1.9095600003977524,49.92348788766942,-0.3959505711310243,0.30726298677197206,-0.7032135579029963,245926.4
194057,GUINNESS,2023-02-27,67.5,67.5,418522,2026-04-08T04:01:18.463572+00:00,0.0,0.0,0.0,0.0,67.5,66.735,68.47800000000001,2.8328167550609447,1.9095600003977524,49.92348788766942,-0.3325567991381462,0.2965254070118801,-0.6290822061500263,263193.2
194171,GUINNESS,2023-02-28,70.0,70.0,594230,2026-04-08T04:01:20.671303+00:00,3.703703703703698,0.0,0.0,6.349206349206349,68.0,66.6,68.492,2.9731693215025237,1.9813996507229779,64.72243220406092,-0.07966929345553808,0.4395303301555906,-0.5191996236111287,285504.7
194285,GUINNESS,2023-03-01,70.0,70.0,394179,2026-04-08T04:01:23.068989+00:00,0.0,3.703703703703698,0.0,0.0,68.5,66.6,68.506,2.8520982577664316,1.9813996507229779,64.72243220406092,0.11936985536651434,0.5108555831821144,-0.39148572781560015,210956.6
194399,GUINNESS,2023-03-02,69.0,69.0,442356,2026-04-08T04:01:25.352172+00:00,-1.4285714285714235,0.0,0.0,0.746268656716409,68.8,66.55,68.5,2.8709779084415192,1.9922558422025445,56.91903757868194,0.19417978842804473,0.46853241299491594,-0.2743526245668712,223949.45
194513,GUINNESS,2023-03-03,69.0,69.0,158250,2026-04-08T04:01:27.716711+00:00,0.0,-1.4285714285714235,0.0,0.0,69.1,66.5,68.494,2.8709779084415192,1.9922558422025445,56.91903757868193,0.25057868426340235,0.41994504706421887,-0.1693663628008165,215783.85
194627,GUINNESS,2023-03-06,69.0,69.0,127088,2026-04-08T04:01:32.392486+00:00,0.0,0.0,0.0,0.0,69.4,66.8,68.488,1.6581086495949557,1.9922558422025445,56.91903757868192,0.29191025582370855,0.36902129489962004,-0.07711103907591149,218377.15
194741,GUINNESS,2023-03-07,69.0,69.0,408822,2026-04-08T04:01:34.845095+00:00,0.0,0.0,3.703703703703698,0.0,69.2,67.1,68.48200000000001,1.6581086495949557,1.9922558422025445,56.91903757868194,0.3209659286322193,0.3184615741665046,0.0025043544657146685,233467.1
194855,GUINNESS,2023-03-08,69.0,69.0,85592,2026-04-08T04:01:37.261757+00:00,0.0,0.0,0.0,0.0,69.0,67.4,68.476,1.6581086495949557,1.9922558422025445,56.91903757868194,0.34007261326986793,0.2700546070433226,0.07001800622654533,236356.45
194969,GUINNESS,2023-03-09,69.0,69.0,305889,2026-04-08T04:01:39.987396+00:00,0.0,0.0,-1.4285714285714235,0.0,69.0,67.7,68.47,1.6581086495949557,1.9922558422025445,56.91903757868194,0.3511667666096798,0.2249190083065076,0.12624775830317223,221664.95
195083,GUINNESS,2023-03-13,70.0,70.0,32522,2026-04-08T04:01:45.627511+00:00,1.449275362318847,0.0,0.0,0.0,69.2,68.05,68.48400000000001,1.6681928715823298,2.0026046395745913,63.73892910527889,0.4356289463874816,0.24750495046744753,0.1881239959200341,221549.35
195197,GUINNESS,2023-03-14,70.0,70.0,205270,2026-04-08T04:01:48.257383+00:00,0.0,1.449275362318847,0.0,0.0,69.4,68.4,68.498,1.6681928715823298,2.0026046395745913,63.7389291052789,0.49683858642549694,0.24697167240437023,0.2498669140211267,228389.1
195311,GUINNESS,2023-03-15,70.0,70.0,400108,2026-04-08T04:01:50.627346+00:00,0.0,0.0,0.0,3.703703703703698,69.6,68.55,68.512,0.9574144488046761,2.0026046395745913,63.7389291052789,0.5391328789176697,0.23141277191723442,0.3077201070004353,235655.45
195425,GUINNESS,2023-03-16,70.0,70.0,62226,2026-04-08T04:01:53.062383+00:00,0.0,0.0,0.0,0.0,69.8,68.7,68.52600000000001,0.9574144488046761,2.0026046395745913,63.738929105278885,0.5661254684324177,0.20672428914558594,0.3594011792868318,226617.25
195539,GUINNESS,2023-03-17,70.0,70.0,52663,2026-04-08T04:01:55.701252+00:00,0.0,0.0,0.0,-1.4285714285714235,70.0,68.825,68.54,0.9504867427489405,2.0026046395745913,63.7389291052789,0.5808219363607066,0.17713660565909983,0.4036853307016067,219891.45
195653,GUINNESS,2023-03-20,70.0,70.0,92602,2026-04-08T04:01:59.933448+00:00,0.0,0.0,1.449275362318847,0.0,70.0,68.95,68.554,0.9504867427489405,2.0026046395745913,63.7389291052789,0.5857172096793164,0.14562550318216771,0.4400917064971487,220122.3
195767,GUINNESS,2023-03-22,70.0,70.0,18372,2026-04-08T04:02:03.467012+00:00,0.0,0.0,0.0,0.0,70.0,69.075,68.568,0.9504867427489405,2.0026046395745913,63.73892910527889,0.5828776977815977,0.11422879302755917,0.46864890475403853,218567.75
195881,GUINNESS,2023-03-23,70.0,70.0,21401,2026-04-08T04:02:05.929911+00:00,0.0,0.0,0.0,0.0,70.0,69.2,68.58200000000001,0.9504867427489405,2.0026046395745913,63.7389291052789,0.5740105280864469,0.08428929866592672,0.4897212294205202,216035.45
195995,GUINNESS,2023-03-24,70.0,70.0,11771,2026-04-08T04:02:08.248632+00:00,0.0,0.0,0.0,0.0,70.0,69.325,68.596,0.9504867427489405,2.0026046395745913,63.73892910527889,0.5605218848428279,0.056640524337846165,0.5038813605049818,215915.3
196109,GUINNESS,2023-03-27,70.0,70.0,176801,2026-04-08T04:02:12.564733+00:00,0.0,0.0,0.0,0.0,70.0,69.45,68.61,0.9504867427489405,2.0026046395745913,63.73892910527889,0.5435661457221102,0.0317478281737027,0.5118183175484075,207484.5
196223,GUINNESS,2023-03-28,70.0,70.0,97124,2026-04-08T04:02:14.764209+00:00,0.0,0.0,0.0,1.449275362318847,70.0,69.575,68.62400000000001,0.9504867427489405,2.0026046395745913,63.73892910527889,0.5240872487389652,0.009815144952446175,0.514272103786519,205289.4
196337,GUINNESS,2023-03-29,70.0,70.0,195335,2026-04-08T04:02:17.140393+00:00,0.0,0.0,0.0,0.0,70.0,69.7,68.638,0.9504867427489405,2.0026046395745913,63.738929105278906,0.5028535004047114,-0.009134882705446046,0.5119883831101575,194130.05
196451,GUINNESS,2023-03-30,70.0,70.0,55884,2026-04-08T04:02:19.470716+00:00,0.0,0.0,0.0,0.0,70.0,69.7,68.652,0.4668592693234573,2.0026046395745913,63.7389291052789,0.48048684857127455,-0.025201227631106438,0.505688076202381,167212.75
196565,GUINNESS,2023-03-31,70.0,70.0,636038,2026-04-08T04:02:21.739047+00:00,0.0,0.0,0.0,0.0,70.0,69.7,68.666,0.4668592693234573,2.0026046395745913,63.73892910527889,0.4574874849003976,-0.038560473041586774,0.49604795794198436,179305.7
196679,GUINNESS,2023-04-03,70.0,70.0,59121,2026-04-08T04:02:26.060346+00:00,0.0,0.0,0.0,0.0,70.0,69.75,68.68,0.3240678228260598,2.0026046395745913,63.738929105278906,0.43425450783745134,-0.049434760083626406,0.48368926792107775,160143.95
196793,GUINNESS,2023-04-04,70.0,70.0,61422,2026-04-08T04:02:28.444728+00:00,0.0,0.0,0.0,0.0,70.0,69.8,68.694,0.3240678228260598,2.0026046395745913,63.738929105278906,0.4111032636104852,-0.05806880344847404,0.46917206705895925,155302.55
196907,GUINNESS,2023-04-05,70.0,70.0,309558,2026-04-08T04:02:30.864627+00:00,0.0,0.0,0.0,0.0,70.0,69.85,68.708,0.3240678228260598,2.0026046395745913,63.7389291052789,0.3882798869242947,-0.06471374410773167,0.4529936310320264,164426.05
197021,GUINNESS,2023-04-06,70.0,70.0,117527,2026-04-08T04:02:33.239626+00:00,0.0,0.0,0.0,0.0,70.0,69.9,68.72200000000001,0.3240678228260598,2.0026046395745913,63.7389291052789,0.36597348197727797,-0.06961611924379879,0.43558960122107676,149861.3
197135,GUINNESS,2023-04-11,70.0,70.0,50828,2026-04-08T04:02:39.320239+00:00,0.0,0.0,0.0,0.0,70.0,69.95,68.736,0.3240678228260598,2.0026046395745913,63.7389291052789,0.3443263159136336,-0.07301062824595456,0.41733694415958816,148123.1
197249,GUINNESS,2023-04-12,70.0,70.0,176615,2026-04-08T04:02:41.643197+00:00,0.0,0.0,0.0,0.0,70.0,70.0,68.682,0.3240678228260598,1.8754779955311134,63.738929105278906,0.32344233890178486,-0.07511568420624265,0.3985580231080275,141659.4
197363,GUINNESS,2023-04-13,70.0,70.0,64528,2026-04-08T04:02:44.360634+00:00,0.0,0.0,0.0,0.0,70.0,70.0,68.628,0.0,1.8754779955311134,63.738929105278906,0.303394296070266,-0.0761309816302092,0.3795252777004752,143259.7
197477,GUINNESS,2023-04-14,70.0,70.0,44722,2026-04-08T04:02:47.093001+00:00,0.0,0.0,0.0,0.0,70.0,70.0,68.57400000000001,0.0,1.8754779955311134,63.738929105278906,0.2842296551501846,-0.07623649804023253,0.36046615319041714,135232.3
197591,GUINNESS,2023-04-17,70.0,70.0,25049,2026-04-08T04:02:52.113012+00:00,0.0,0.0,0.0,0.0,70.0,70.0,68.52,0.0,1.8754779955311134,63.7389291052789,0.2659755387011131,-0.07559249159144321,0.34156803029255633,116479.35
197705,GUINNESS,2023-04-18,70.0,70.0,63305,2026-04-08T04:02:54.97501+00:00,0.0,0.0,0.0,0.0,70.0,70.0,68.52,0.0,1.799742218213622,63.738929105278906,0.2486428202444273,-0.07434016803850324,0.32298298828293054,116533.3
197819,GUINNESS,2023-04-19,70.0,70.0,17492,2026-04-08T04:02:57.648371+00:00,0.0,0.0,0.0,0.0,70.0,70.0,68.52,0.0,1.799742218213622,63.738929105278906,0.2322295186587553,-0.0726027756993402,0.3048322943580955,114774.75
197933,GUINNESS,2023-04-20,70.0,70.0,117418,2026-04-08T04:03:00.087899+00:00,0.0,0.0,0.0,0.0,70.0,70.0,68.52,0.0,1.799742218213622,63.7389291052789,0.21672360409837665,-0.07048695220777512,0.2872105563061518,116015.55
198047,GUINNESS,2023-04-25,70.0,70.0,68960,2026-04-08T04:03:06.320111+00:00,0.0,0.0,0.0,0.0,70.0,70.0,68.66,0.0,1.0727285208390418,63.7389291052789,0.20210531087758454,-0.06808419634285379,0.27018950722043833,118544.95
198161,GUINNESS,2023-04-26,70.0,70.0,206907,2026-04-08T04:03:08.704488+00:00,0.0,0.0,0.0,0.0,70.0,70.0,68.8,0.0,1.0727285208390418,63.7389291052789,0.1883490377174013,-0.06547237560242963,0.25382141331983094,127820.25
198275,GUINNESS,2023-04-27,70.0,70.0,48683,2026-04-08T04:03:11.176222+00:00,0.0,0.0,0.0,0.0,70.0,70.0,68.94,0.0,1.0727285208390418,63.7389291052789,0.17542490304523994,-0.0627172082196728,0.23814211126491275,129665.85
198389,GUINNESS,2023-04-28,70.0,70.0,205438,2026-04-08T04:03:13.757457+00:00,0.0,0.0,0.0,0.0,70.0,70.0,69.08,0.0,1.0727285208390418,63.7389291052789,0.1633000123129733,-0.05987367916155156,0.22317369147452487,131097.7
198503,GUINNESS,2023-05-03,70.0,70.0,617657,2026-04-08T04:03:20.258962+00:00,0.0,0.0,0.0,0.0,70.0,70.0,69.22,0.0,1.0727285208390418,63.73892910527889,0.1519394852456628,-0.05698736498308965,0.20892685022875246,157124.35
198617,GUINNESS,2023-05-04,70.0,70.0,60785,2026-04-08T04:03:22.719511+00:00,0.0,0.0,0.0,0.0,70.0,70.0,69.36,0.0,1.0727285208390418,63.738929105278906,0.14130728329554643,-0.05409565354656484,0.19540293684211127,150396.85
198731,GUINNESS,2023-05-08,70.0,70.0,198729,2026-04-08T04:03:29.045349+00:00,0.0,0.0,0.0,0.0,70.0,70.0,69.42,0.0,0.6063577193110234,63.7389291052789,0.13136687113183143,-0.051228852568223904,0.18259572370005533,157539.1
198845,GUINNESS,2023-05-09,70.0,70.0,192877,2026-04-08T04:03:32.620003+00:00,0.0,0.0,0.0,0.0,70.0,70.0,69.48,0.0,0.6063577193110234,63.738929105278906,0.122081740563317,-0.04841118650939069,0.1704929270727077,135381.05
198959,GUINNESS,2023-05-12,70.0,70.0,140892,2026-04-08T04:03:37.286216+00:00,0.0,0.0,0.0,0.0,70.0,70.0,69.53,0.0,0.5989993745045362,63.738929105278906,0.1134158207097613,-0.04566168509035712,0.15907750580011842,139469.6
199073,GUINNESS,2023-05-15,70.0,70.0,75476,2026-04-08T04:03:41.825544+00:00,0.0,0.0,0.0,0.0,70.0,70.0,69.58,0.0,0.5989993745045362,63.738929105278906,0.10533379437765689,-0.04299496913796924,0.14832876351562613,140172.3
199187,GUINNESS,2023-05-16,70.0,70.0,406539,2026-04-08T04:03:44.244464+00:00,0.0,0.0,0.0,0.0,70.0,70.0,69.63,0.0,0.5989993745045362,63.738929105278885,0.09780133734393814,-0.04042194093735041,0.13822327828128855,145021.35
199301,GUINNESS,2023-05-17,70.0,70.0,323762,2026-04-08T04:03:46.492518+00:00,0.0,0.0,0.0,0.0,70.0,70.0,69.68,0.0,0.5989993745045362,63.73892910527889,0.09078529451304007,-0.037950387014598796,0.12873568152763887,155333.1
199415,GUINNESS,2023-05-18,70.0,70.0,286475,2026-04-08T04:03:48.752249+00:00,0.0,0.0,0.0,0.0,70.0,70.0,69.73,0.0,0.5989993745045362,63.7389291052789,0.08425380460832343,-0.03558550153545234,0.11983930614377578,167115.45
199529,GUINNESS,2023-05-19,70.0,70.0,85704,2026-04-08T04:03:51.139215+00:00,0.0,0.0,0.0,0.0,70.0,70.0,69.78,0.0,0.5989993745045362,63.73892910527889,0.07817638312049269,-0.03333033841862648,0.11150672153911917,162569.9
199643,GUINNESS,2023-05-22,70.0,70.0,414489,2026-04-08T04:03:55.484935+00:00,0.0,0.0,0.0,0.0,70.0,70.0,69.83,0.0,0.5989993745045362,63.7389291052789,0.07252397160586099,-0.031186199946606555,0.10371017155246755,180067.95
199757,GUINNESS,2023-05-23,70.0,70.0,403073,2026-04-08T04:03:57.886867+00:00,0.0,0.0,0.0,0.0,70.0,70.0,69.88,0.0,0.5989993745045362,63.7389291052789,0.06726896005899619,-0.029152969194777098,0.09642192925377328,197985.5
199871,GUINNESS,2023-05-24,70.0,70.0,71903,2026-04-08T04:04:00.334047+00:00,0.0,0.0,0.0,0.0,70.0,70.0,69.88,0.0,0.29071364792125914,63.73892910527889,0.0623851879347086,-0.027229393055251766,0.08961458098996036,200328.2
199985,GUINNESS,2023-05-25,70.0,70.0,140556,2026-04-08T04:04:02.79018+00:00,0.0,0.0,0.0,0.0,70.0,70.0,69.88,0.0,0.29071364792125914,63.73892910527889,0.057847928430661,-0.0254133220474395,0.0832612504781005,204190.75
200099,GUINNESS,2023-05-26,70.0,70.0,106237,2026-04-08T04:04:05.139052+00:00,0.0,0.0,0.0,0.0,70.0,70.0,69.9,0.0,0.20495848730040128,63.738929105278906,0.05363385983427804,-0.02370191251505796,0.077335772349336,208628.0
200213,GUINNESS,2023-05-30,70.0,70.0,757961,2026-04-08T04:04:11.011702+00:00,0.0,0.0,0.0,0.0,70.0,70.0,69.92,0.0,0.20495848730040128,63.738929105278885,0.04972102706122428,-0.02209179623048939,0.07181282329171366,240655.15
200327,GUINNESS,2023-06-01,70.0,70.0,430728,2026-04-08T04:04:14.390605+00:00,0.0,0.0,0.0,0.0,70.0,70.0,69.94,0.0,0.20495848730040128,63.73892910527889,0.04608879594772475,-0.020579221875191137,0.06666801782291588,258743.55
200441,GUINNESS,2023-06-02,70.7,70.7,287573,2026-04-08T04:04:16.732653+00:00,1.0000000000000009,0.0,0.0,0.0,70.14,70.035,69.97399999999999,0.22360679774997919,0.2466270455324096,92.13089648062572,0.098558258226916,0.02551219232320008,0.07304606590371591,262776.85
200555,GUINNESS,2023-06-05,70.7,70.7,242107,2026-04-08T04:04:21.343031+00:00,0.0,1.0000000000000009,0.0,0.0,70.28,70.07,70.008,0.22360679774997919,0.2466270455324096,92.13089648062571,0.1385436402607354,0.052398059485615586,0.08614558077511981,272448.05
200669,GUINNESS,2023-06-06,70.7,70.7,90681,2026-04-08T04:04:23.98223+00:00,0.0,0.0,0.0,0.0,70.42,70.10499999999999,70.042,0.22360679774997919,0.2466270455324096,92.13089648062571,0.16829237387399587,0.06571743447910083,0.10257493939489504,266710.2
200783,GUINNESS,2023-06-07,70.7,70.7,60357,2026-04-08T04:04:26.507718+00:00,0.0,0.0,0.0,0.0,70.56,70.14,70.056,0.22360679774997919,0.1414213562372398,92.13089648062572,0.18968192443853127,0.06968558803490897,0.1199963364036223,238845.2
200897,GUINNESS,2023-06-08,70.7,70.7,164624,2026-04-08T04:04:29.08401+00:00,0.0,0.0,0.0,0.0,70.7,70.175,70.07,0.22360679774997919,0.1414213562372398,92.13089648062571,0.2042785019527571,0.06742573243930783,0.13685276951344927,244037.15
201011,GUINNESS,2023-06-09,70.7,70.7,72506,2026-04-08T04:04:31.44664+00:00,0.0,0.0,1.0000000000000009,0.0,70.7,70.21000000000001,70.084,0.22360679774997919,0.1414213562372398,92.13089648062571,0.21338660682056343,0.06122706984569132,0.1521595369748721,237726.0
201125,GUINNESS,2023-06-13,70.7,70.7,798535,2026-04-08T04:04:36.862505+00:00,0.0,0.0,0.0,0.0,70.7,70.245,70.098,0.22360679774997919,0.1414213562372398,92.13089648062571,0.21809083021476283,0.05274503459191257,0.16534579562285026,268008.9
201239,GUINNESS,2023-06-14,70.7,70.7,545395,2026-04-08T04:04:39.320552+00:00,0.0,0.0,0.0,0.0,70.7,70.28,70.112,0.22360679774997919,0.1414213562372398,92.1308964806257,0.21929110973768218,0.04315625129186551,0.17613485844581667,288234.05
201353,GUINNESS,2023-06-15,77.7,77.7,1346194,2026-04-08T04:04:41.673534+00:00,9.90099009900991,0.0,0.0,0.0,72.1,70.66499999999999,70.26599999999999,2.2134520037329244,1.404460628823989,99.48111856433954,0.7761370140962356,0.4800017245203351,0.29613528957590046,351769.95
201467,GUINNESS,2023-06-16,77.7,77.7,836301,2026-04-08T04:04:44.052846+00:00,0.0,9.90099009900991,0.0,0.0,73.5,71.05,70.42,2.2134520037329244,1.404460628823989,99.48111856433951,1.203567429031338,0.7259457115643501,0.477621717466988,373258.05
201581,GUINNESS,2023-06-19,77.7,77.7,313015,2026-04-08T04:04:48.541112+00:00,0.0,0.0,0.0,1.0000000000000009,74.9,71.435,70.574,2.2134520037329244,1.404460628823989,99.48111856433951,1.524732940116877,0.837688978119911,0.6870439619969659,372720.7
201695,GUINNESS,2023-06-20,77.7,77.7,362016,2026-04-08T04:04:51.378552+00:00,0.0,0.0,0.0,0.0,76.3,71.82000000000001,70.728,2.2134520037329244,1.404460628823989,99.48111856433952,1.758982466578587,0.8575508036652968,0.9014316629132901,376497.75
201809,GUINNESS,2023-06-21,77.7,77.7,237662,2026-04-08T04:04:53.764277+00:00,0.0,0.0,0.0,0.0,77.7,72.205,70.882,2.2134520037329244,1.404460628823989,99.48111856433951,1.9224659136174864,0.8168274005633571,1.1056385130541293,384095.65
201923,GUINNESS,2023-06-22,80.0,80.0,1299972,2026-04-08T04:04:56.145117+00:00,2.9601029601029616,0.0,9.90099009900991,0.0,78.16,72.705,71.082,2.2732462232100135,1.4565069793175351,99.64080262548066,2.212118575387379,0.8851840498665995,1.3269345255207794,428369.8
202037,GUINNESS,2023-06-26,80.0,80.0,73535,2026-04-08T04:05:01.671465+00:00,0.0,2.9601029601029616,0.0,0.0,78.62,73.205,71.282,2.2732462232100135,1.4565069793175351,99.64080262548066,2.413845093008945,0.8695284539905321,1.5443166390184127,411892.9
202151,GUINNESS,2023-06-30,80.0,80.0,821996,2026-04-08T04:05:07.377697+00:00,0.0,0.0,0.0,0.0,79.08,73.705,71.482,2.2732462232100135,1.4565069793175351,99.64080262548065,2.5443847282622016,0.8000544713950313,1.7443302568671704,449397.55
202265,GUINNESS,2023-07-03,80.0,80.0,308309,2026-04-08T04:05:11.758079+00:00,0.0,0.0,0.0,0.0,79.53999999999999,74.205,71.682,2.2732462232100135,1.4565069793175351,99.64080262548065,2.6176635339077734,0.6986666216324824,1.918996912275291,457785.2
202379,GUINNESS,2023-07-04,80.0,80.0,186587,2026-04-08T04:05:14.17436+00:00,0.0,0.0,0.0,0.0,80.0,74.705,71.882,2.2732462232100135,1.4565069793175351,99.64080262548066,2.6452447801097634,0.5809982942675775,2.064246485842186,461802.7
202493,GUINNESS,2023-07-05,80.0,80.0,146757,2026-04-08T04:05:16.577423+00:00,0.0,0.0,2.9601029601029616,9.90099009900991,80.0,75.205,72.082,2.2732462232100135,1.4565069793175351,99.64080262548066,2.6367087789277406,0.4579698344684435,2.178738944459297,431242.5
202607,GUINNESS,2023-07-06,80.0,80.0,475319,2026-04-08T04:05:19.075393+00:00,0.0,0.0,0.0,0.0,80.0,75.705,72.282,2.2732462232100135,1.4565069793175351,99.64080262548066,2.599973065421281,0.3369872967695873,2.262985768651694,433472.05
202721,GUINNESS,2023-07-07,80.0,80.0,711339,2026-04-08T04:05:21.415756+00:00,0.0,0.0,0.0,0.0,80.0,76.16999999999999,72.482,2.2771338025701535,1.4565069793175351,99.64080262548066,2.5415622008174097,0.22286114573257265,2.318701055084837,454660.35
202835,GUINNESS,2023-07-10,80.0,80.0,137607,2026-04-08T04:05:26.355595+00:00,0.0,0.0,0.0,0.0,80.0,76.635,72.682,2.2771338025701535,1.4565069793175351,99.64080262548066,2.466835031104196,0.11850718081548717,2.348327850288709,449435.35
202949,GUINNESS,2023-07-11,80.0,80.0,204220,2026-04-08T04:05:28.903538+00:00,0.0,0.0,0.0,0.0,80.0,77.1,72.882,2.2771338025701535,1.4565069793175351,99.64080262548066,2.3801760231396685,0.025478538280767182,2.3546974848589013,455112.3
203063,GUINNESS,2023-07-12,80.0,80.0,220469,2026-04-08T04:05:31.299012+00:00,0.0,0.0,0.0,2.9601029601029616,80.0,77.565,73.082,2.2771338025701535,1.4565069793175351,99.64080262548066,2.2851562758952184,-0.05563296717094657,2.340789243066165,463117.9
203177,GUINNESS,2023-07-14,80.0,80.0,111749,2026-04-08T04:05:34.698751+00:00,0.0,0.0,0.0,0.0,80.0,78.03,73.282,2.2771338025701535,1.4565069793175351,99.64080262548066,2.1846689380154345,-0.1248962440405843,2.309565182056019,460474.15
203291,GUINNESS,2023-07-17,80.0,80.0,168705,2026-04-08T04:05:39.139368+00:00,0.0,0.0,0.0,0.0,80.0,78.49499999999999,73.482,2.2771338025701535,1.4565069793175351,99.64080262548066,2.081043030126537,-0.18281772154358578,2.263860751670123,465284.1
203405,GUINNESS,2023-07-19,80.0,80.0,83322,2026-04-08T04:05:42.577032+00:00,0.0,0.0,0.0,0.0,80.0,78.96,73.682,2.2771338025701535,1.4565069793175351,99.64080262548067,1.9761390506679817,-0.2301773608017128,2.2063164114696945,429523.45
203519,GUINNESS,2023-07-20,80.0,80.0,213760,2026-04-08T04:05:45.122849+00:00,0.0,0.0,0.0,0.0,80.0,79.425,73.882,2.2771338025701535,1.4565069793175351,99.64080262548066,1.8714292200304499,-0.26790975315139587,2.1393389731818457,412941.7
203633,GUINNESS,2023-07-21,73.0,73.0,375648,2026-04-08T04:05:47.594805+00:00,-8.750000000000002,0.0,0.0,0.0,78.6,79.19,73.942,2.0982268723324204,1.9369229175075047,25.903275213229723,1.209660216311221,-0.7437430054965,1.9534032218077209,364414.4
203747,GUINNESS,2023-07-24,73.0,73.0,215946,2026-04-08T04:05:52.167161+00:00,0.0,-8.750000000000002,0.0,0.0,77.2,78.955,74.002,2.0982268723324204,1.9369229175075047,25.903275213229715,0.677394926031937,-1.0208066366206272,1.6982015626525642,333396.65
203861,GUINNESS,2023-07-25,73.0,73.0,92989,2026-04-08T04:05:54.602351+00:00,0.0,0.0,0.0,0.0,75.8,78.72,74.062,2.0982268723324204,1.9369229175075047,25.903275213229723,0.2526583604167598,-1.1564345617886436,1.4090929222054034,322395.35
203975,GUINNESS,2023-07-26,74.0,74.0,340251,2026-04-08T04:05:57.515236+00:00,1.3698630136986356,0.0,0.0,0.0,74.6,78.535,74.142,2.1302878378664465,1.94511834443514,34.54587469197285,-0.0032196708819469677,-1.1298500744698805,1.1266304035879335,321307.1
204089,GUINNESS,2023-07-27,74.0,74.0,427343,2026-04-08T04:05:59.880161+00:00,0.0,1.3698630136986356,0.0,0.0,73.4,78.35,74.222,2.1302878378664465,1.94511834443514,34.54587469197285,-0.20365722052186186,-1.0642300992878364,0.8605728787659745,330791.15
204203,GUINNESS,2023-07-28,66.6,66.6,290528,2026-04-08T04:06:02.220136+00:00,-10.000000000000009,0.0,-8.750000000000002,0.0,72.12,77.68,74.154,2.9319974024650093,2.4158624004106257,17.264058916532615,-0.9486876970714206,-1.4474084606699162,0.4987207635984955,280318.95
204317,GUINNESS,2023-07-31,59.95,59.95,472551,2026-04-08T04:06:06.790851+00:00,-9.984984984984969,-10.000000000000009,0.0,0.0,69.51,76.67750000000001,73.95299999999999,3.559246333598893,2.7931533944613616,11.632393265207524,-2.0520741080766527,-2.0406358973401186,-0.011438210736534116,300269.75
204431,GUINNESS,2023-08-02,55.0,55.0,471846,2026-04-08T04:06:10.326378+00:00,-8.25688073394496,-9.984984984984969,0.0,0.0,65.91,75.42750000000001,73.65299999999999,3.858474442497293,3.01234229829864,9.221122493422682,-3.28803697586622,-2.6212790121037486,-0.6667579637624712,282762.25
204545,GUINNESS,2023-08-03,55.0,55.0,188698,2026-04-08T04:06:12.834218+00:00,0.0,-8.25688073394496,1.3698630136986356,0.0,62.11,74.17750000000001,73.353,3.858474442497293,3.01234229829864,9.22112249342268,-4.21891344520715,-2.841724385155743,-1.377189060051407,276781.7
204659,GUINNESS,2023-08-04,55.0,55.0,501047,2026-04-08T04:06:15.200886+00:00,0.0,0.0,0.0,0.0,58.31,72.92750000000001,73.053,3.858474442497293,3.01234229829864,9.221122493422678,-4.900153830642836,-2.8183718164731433,-2.0817820141696926,292504.7
204773,GUINNESS,2023-08-07,55.0,55.0,25972,2026-04-08T04:06:19.871718+00:00,0.0,0.0,-10.000000000000009,-8.750000000000002,55.989999999999995,71.67750000000001,72.75299999999999,3.858474442497293,3.01234229829864,9.22112249342268,-5.378046966461191,-2.637011961833199,-2.7410350046279923,286465.45
204887,GUINNESS,2023-08-08,60.5,60.5,380749,2026-04-08T04:06:22.245918+00:00,10.000000000000009,0.0,-9.984984984984969,0.0,56.1,70.70250000000001,72.56299999999999,4.665047402872618,3.3543771703347494,30.69225297488648,-5.2524299421996545,-2.0091159500573297,-3.243313992142325,281736.95
205001,GUINNESS,2023-08-09,60.5,60.5,392611,2026-04-08T04:06:24.635943+00:00,0.0,10.000000000000009,-8.25688073394496,0.0,57.2,69.7275,72.37299999999999,4.665047402872618,3.3543771703347494,30.692252974886483,-5.0941552942204,-1.4806730416624596,-3.61348225255794,265800.55
205115,GUINNESS,2023-08-10,60.5,60.5,48560,2026-04-08T04:06:27.035398+00:00,0.0,0.0,0.0,1.3698630136986356,58.3,68.75250000000001,72.18299999999999,4.665047402872618,3.3543771703347494,30.692252974886475,-4.912097888604507,-1.038892508837253,-3.8732053797672537,261348.2
205229,GUINNESS,2023-08-11,60.5,60.5,326687,2026-04-08T04:06:29.455701+00:00,0.0,0.0,0.0,0.0,59.4,67.7775,71.993,4.665047402872618,3.3543771703347494,30.692252974886483,-4.713481996585173,-0.672221293454335,-4.041260703130838,267471.55
205343,GUINNESS,2023-08-14,60.5,60.5,391660,2026-04-08T04:06:33.923569+00:00,0.0,0.0,0.0,-10.000000000000009,60.5,66.80250000000001,71.803,4.665047402872618,3.3543771703347494,30.692252974886486,-4.504156360426592,-0.3703165258366026,-4.133839834589989,276031.1
205457,GUINNESS,2023-08-15,60.5,60.5,91681,2026-04-08T04:06:36.358161+00:00,0.0,0.0,10.000000000000009,-9.984984984984969,60.5,65.82750000000001,71.613,4.665047402872618,3.3543771703347494,30.69225297488648,-4.2888253764228494,-0.12398843346628752,-4.164836942956562,275027.7
205571,GUINNESS,2023-08-16,60.5,60.5,79787,2026-04-08T04:06:38.679915+00:00,0.0,0.0,0.0,-8.25688073394496,60.5,64.8525,71.42299999999999,4.665047402872618,3.3543771703347494,30.692252974886483,-4.071243262158696,0.07487494463829325,-4.146118206796989,270581.8
205685,GUINNESS,2023-08-17,60.5,60.5,13987,2026-04-08T04:06:40.998805+00:00,0.0,0.0,0.0,0.0,60.5,63.87750000000001,71.23299999999999,4.665047402872618,3.3543771703347494,30.69225297488648,-3.854377010103768,0.2333929573545772,-4.087769967458345,267115.05
205799,GUINNESS,2023-08-18,60.5,60.5,386939,2026-04-08T04:06:43.468275+00:00,0.0,0.0,0.0,0.0,60.5,62.90250000000001,71.04299999999999,4.665047402872618,3.3543771703347494,30.692252974886483,-3.640543029033907,0.357781550739551,-3.998324579773458,275774.0
205913,GUINNESS,2023-08-21,60.5,60.5,120406,2026-04-08T04:06:47.688711+00:00,0.0,0.0,0.0,0.0,60.5,62.27750000000001,70.853,4.325684037887139,3.3543771703347494,30.692252974886475,-3.4315216133349153,0.45344237315083413,-3.8849639864857495,263011.9
206027,GUINNESS,2023-08-24,62.2,62.2,84089,2026-04-08T04:06:51.989424+00:00,2.809917355371905,0.0,0.0,10.000000000000009,60.84000000000001,61.7375,70.697,4.3995278012529235,3.381824390016486,39.909642779129555,-3.0930402008831805,0.6335390284820557,-3.7265792293652362,256419.05
206141,GUINNESS,2023-08-25,62.2,62.2,292613,2026-04-08T04:06:54.38475+00:00,0.0,2.809917355371905,0.0,0.0,61.18000000000001,61.197500000000005,70.527,4.3995278012529235,3.3776638296161927,39.909642779129555,-2.7925998896929727,0.7471834717378112,-3.539783361430784,266400.25
206255,GUINNESS,2023-08-28,62.2,62.2,229627,2026-04-08T04:06:59.310949+00:00,0.0,0.0,0.0,0.0,61.52,60.6075,70.35700000000001,4.37615782354081,3.3776638296161927,39.909642779129555,-2.5253876813280627,0.8115165440821768,-3.3369042254102395,260869.05
206369,GUINNESS,2023-08-29,62.2,62.2,168805,2026-04-08T04:07:01.613742+00:00,0.0,0.0,0.0,0.0,61.86,60.017500000000005,70.187,4.37615782354081,3.3776638296161927,39.909642779129555,-2.287254040229321,0.839720148144735,-3.126974188374056,247942.15
206483,GUINNESS,2023-08-30,62.2,62.2,130817,2026-04-08T04:07:03.820209+00:00,0.0,0.0,0.0,0.0,62.2,59.7975,70.017,3.799559094904573,3.3776638296161927,39.909642779129555,-2.074616526089521,0.8418861298276283,-2.9165026559171494,239956.6
206597,GUINNESS,2023-09-01,62.2,62.2,31609,2026-04-08T04:07:07.195585+00:00,0.0,0.0,2.809917355371905,0.0,62.2,59.90999999999999,69.847,3.0351901689732816,3.3776638296161927,39.90964277912956,-1.8843778295288232,0.8256998611106612,-2.7100776906394843,217909.5
206711,GUINNESS,2023-09-04,65.0,65.0,251111,2026-04-08T04:07:11.730996+00:00,4.5016077170418,0.0,0.0,0.0,62.760000000000005,60.40999999999999,69.733,2.4406175077708063,3.4424511778847244,55.21322690796928,-1.490494203112,0.9756667900219878,-2.466160993133988,206872.75
206825,GUINNESS,2023-09-05,65.0,65.0,189940,2026-04-08T04:07:14.175893+00:00,0.0,4.5016077170418,0.0,0.0,63.32000000000001,60.90999999999999,69.619,2.4406175077708063,3.4424511778847244,55.213226907969286,-1.1649102313824429,1.041000609401236,-2.205910840783679,206934.85
206939,GUINNESS,2023-09-06,65.0,65.0,88846,2026-04-08T04:07:16.66229+00:00,0.0,0.0,0.0,0.0,63.88000000000001,61.40999999999999,69.505,2.4406175077708063,3.4424511778847244,55.213226907969286,-0.8965477437723024,1.0474904776091014,-1.9440382213814038,186324.8
207053,GUINNESS,2023-09-07,65.0,65.0,176572,2026-04-08T04:07:19.134101+00:00,0.0,0.0,0.0,0.0,64.44000000000001,61.90999999999999,69.251,2.4406175077708063,3.125029522622905,55.213226907969286,-0.6760751652313388,1.0143704449200521,-1.690445610151391,193854.8
207167,GUINNESS,2023-09-08,65.0,65.0,322316,2026-04-08T04:07:21.445908+00:00,0.0,0.0,0.0,2.809917355371905,65.0,62.13499999999999,68.997,1.158201592259214,3.125029522622905,55.213226907969286,-0.49563567873649816,0.9558479451319142,-1.4514836238684123,190933.15
207281,GUINNESS,2023-09-11,65.0,65.0,86002,2026-04-08T04:07:26.133096+00:00,0.0,0.0,4.5016077170418,0.0,65.0,62.35999999999999,68.743,1.158201592259214,3.125029522622905,55.21322690796928,-0.348617440841835,0.8822929464212619,-1.2309103872630969,175602.7
207395,GUINNESS,2023-09-12,65.0,65.0,204388,2026-04-08T04:07:28.57479+00:00,0.0,0.0,0.0,0.0,65.0,62.584999999999994,68.489,1.158201592259214,3.125029522622905,55.213226907969286,-0.22945936339338857,0.8011608190957666,-1.0306201824891552,183394.1
207509,GUINNESS,2023-09-13,65.0,65.0,183640,2026-04-08T04:07:30.890589+00:00,0.0,0.0,0.0,0.0,65.0,62.80999999999999,68.235,1.158201592259214,3.125029522622905,55.213226907969286,-0.1334869737868445,0.7177065669618486,-0.8511935407486931,176241.75
207623,GUINNESS,2023-09-14,65.0,65.0,92037,2026-04-08T04:07:33.324455+00:00,0.0,0.0,0.0,0.0,65.0,63.03499999999999,67.935,1.158201592259214,3.0897119112800264,55.213226907969286,-0.056773711573328,0.6355358633402921,-0.6923095749136201,161260.6
207737,GUINNESS,2023-09-15,65.0,65.0,153294,2026-04-08T04:07:35.74244+00:00,0.0,0.0,0.0,0.0,65.0,63.25999999999999,67.635,1.158201592259214,3.0897119112800264,55.213226907969286,0.0039762655064805585,0.5570286723360806,-0.5530524068296,164341.25
207851,GUINNESS,2023-09-18,65.0,65.0,180829,2026-04-08T04:07:40.292184+00:00,0.0,0.0,0.0,4.5016077170418,65.0,63.48499999999999,67.335,1.158201592259214,3.0897119112800264,55.21322690796929,0.05152708782819104,0.48366359572623285,-0.4321365078980418,169393.35
207965,GUINNESS,2023-09-19,65.0,65.0,223503,2026-04-08T04:07:42.606346+00:00,0.0,0.0,0.0,0.0,65.0,63.709999999999994,67.035,1.158201592259214,3.0897119112800264,55.2132269079693,0.08819480232151022,0.4162650481756417,-0.32807024585413147,179869.15
208079,GUINNESS,2023-09-20,65.0,65.0,49875,2026-04-08T04:07:45.004042+00:00,0.0,0.0,0.0,0.0,65.0,63.93499999999999,66.735,1.158201592259214,3.0897119112800264,55.21322690796929,0.11591799969011163,0.35519059643539447,-0.23927259674528284,163015.95
208193,GUINNESS,2023-09-21,65.0,65.0,52955,2026-04-08T04:07:47.370085+00:00,0.0,0.0,0.0,0.0,65.0,64.16,66.435,1.158201592259214,3.0897119112800264,55.21322690796929,0.13631745062346567,0.3004720378949988,-0.16415458727153315,159643.4
208307,GUINNESS,2023-09-22,65.0,65.0,303256,2026-04-08T04:07:49.898567+00:00,0.0,0.0,0.0,0.0,65.0,64.3,66.135,1.0065900863343098,3.0897119112800264,55.21322690796929,0.1507464512051655,0.2519208307813589,-0.10117437957619341,170601.75
208421,GUINNESS,2023-09-25,65.0,65.0,187458,2026-04-08T04:07:54.305125+00:00,0.0,0.0,0.0,0.0,65.0,64.44,65.835,1.0065900863343098,3.0897119112800264,55.21322690796929,0.16033331546485385,0.20920615603283782,-0.04887284056798396,165344.0
208535,GUINNESS,2023-09-28,65.0,65.0,12831,2026-04-08T04:07:58.898315+00:00,0.0,0.0,0.0,0.0,65.0,64.58,65.535,1.0065900863343098,3.0897119112800264,55.21322690796929,0.1660172311615895,0.17191205738365878,-0.005894826222069265,154504.2
208649,GUINNESS,2023-09-29,65.0,65.0,43742,2026-04-08T04:08:01.279649+00:00,0.0,0.0,0.0,0.0,65.0,64.72,65.235,1.0065900863343098,3.0897119112800264,55.21322690796929,0.16857850720703027,0.13957866674327962,0.028999840463750648,148251.05
208763,GUINNESS,2023-10-03,65.0,65.0,53853,2026-04-08T04:08:06.721549+00:00,0.0,0.0,0.0,0.0,65.0,64.85999999999999,64.935,1.0065900863343098,3.0897119112800264,55.213226907969286,0.1686640823741783,0.1117313935283421,0.05693268884583618,144402.85
208877,GUINNESS,2023-10-04,65.0,65.0,91439,2026-04-08T04:08:09.042741+00:00,0.0,0.0,0.0,0.0,65.0,65.0,64.635,1.0065900863343098,3.0897119112800264,55.21322690796929,0.16680903064047925,0.08790107343571445,0.0789079572047648,147394.35
208991,GUINNESS,2023-10-05,65.0,65.0,37121,2026-04-08T04:08:11.600182+00:00,0.0,0.0,0.0,0.0,65.0,65.0,64.335,0.0,3.0897119112800264,55.2132269079693,0.1634546849159051,0.06763738216891221,0.09581730274699288,136694.85
209106,GUINNESS,2023-10-06,65.0,65.0,44727,2026-04-08T04:08:14.22861+00:00,0.0,0.0,0.0,0.0,65.0,65.0,64.035,0.0,3.0897119112800264,55.2132269079693,0.15896390481924527,0.05051728165780192,0.10844662316144335,129434.2
209221,GUINNESS,2023-10-09,65.0,65.0,51405,2026-04-08T04:08:18.740555+00:00,0.0,0.0,0.0,0.0,65.0,65.0,63.735,0.0,3.0897119112800264,55.21322690796929,0.15363393289374017,0.036149847785837436,0.11748408510790273,127562.15
209336,GUINNESS,2023-10-10,65.0,65.0,97104,2026-04-08T04:08:21.390436+00:00,0.0,0.0,0.0,0.0,65.0,65.0,63.575,0.0,2.843124833814789,55.213226907969286,0.1477072149134102,0.02417850384440598,0.12352871106900423,123588.75
209450,GUINNESS,2023-10-12,65.0,65.0,244673,2026-04-08T04:08:24.861957+00:00,0.0,0.0,0.0,0.0,65.0,65.0,63.415,0.0,2.843124833814789,55.21322690796929,0.141380501795922,0.014281432581534192,0.1270990692143878,119706.6
209565,GUINNESS,2023-10-13,65.0,65.0,127935,2026-04-08T04:08:27.376596+00:00,0.0,0.0,0.0,0.0,65.0,65.0,63.255,0.0,2.843124833814789,55.213226907969286,0.13481250146972457,0.006170745804269406,0.12864175566545516,121803.25
209680,GUINNESS,2023-10-16,65.0,65.0,35088,2026-04-08T04:08:32.388707+00:00,0.0,0.0,0.0,0.0,65.0,65.0,63.075,0.0,2.834361553039728,55.21322690796929,0.12813030746521292,-0.0004091585601938008,0.12853946602540672,113338.25
209795,GUINNESS,2023-10-17,65.0,65.0,290628,2026-04-08T04:08:34.738576+00:00,0.0,0.0,0.0,0.0,65.0,65.0,62.895,0.0,2.834361553039728,55.213226907969286,0.12143479583814099,-0.0056837361498126016,0.1271185319879536,118687.65
209910,GUINNESS,2023-10-19,65.0,65.0,118088,2026-04-08T04:08:38.671249+00:00,0.0,0.0,0.0,0.0,65.0,65.0,62.863,0.0,2.4578852761820182,55.21322690796928,0.11480515230310573,-0.00985070374787829,0.12465585605098402,119990.2
210025,GUINNESS,2023-10-20,65.0,65.0,81937,2026-04-08T04:08:40.967521+00:00,0.0,0.0,0.0,0.0,65.0,65.0,62.964000000000006,0.0,1.9933381670096806,55.213226907969286,0.1083026663163622,-0.01308255178769746,0.12138521810405967,116422.35
210140,GUINNESS,2023-10-23,65.0,65.0,213209,2026-04-08T04:08:45.440193+00:00,0.0,0.0,0.0,0.0,65.0,65.0,63.16400000000001,0.0,1.578983976961094,55.2132269079693,0.10197390759380198,-0.015529048408206153,0.11750295600200814,118041.35
210255,GUINNESS,2023-10-24,65.0,65.0,128340,2026-04-08T04:08:47.71675+00:00,0.0,0.0,0.0,0.0,65.0,65.0,63.364000000000004,0.0,1.578983976961094,55.213226907969286,0.09585338258217746,-0.017319658735864538,0.113173041318042,113283.2
210370,GUINNESS,2023-10-25,65.0,65.0,161760,2026-04-08T04:08:50.022319+00:00,0.0,0.0,0.0,0.0,65.0,65.0,63.56400000000001,0.0,1.578983976961094,55.21322690796929,0.08996575321314992,-0.018565830483913665,0.10853158369706359,118877.45
210485,GUINNESS,2023-10-26,65.0,65.0,263571,2026-04-08T04:08:52.472279+00:00,0.0,0.0,0.0,0.0,65.0,65.0,63.764,0.0,1.578983976961094,55.21322690796929,0.08432768743158192,-0.019363117012385342,0.10369080444396726,129408.25
210600,GUINNESS,2023-10-27,65.0,65.0,21181,2026-04-08T04:08:54.778052+00:00,0.0,0.0,0.0,0.0,65.0,65.0,63.854000000000006,0.0,0.7435565334649064,55.21322690796929,0.07894940013910912,-0.01979312344388652,0.09874252358299564,115304.5
210715,GUINNESS,2023-10-30,65.0,65.0,91643,2026-04-08T04:08:59.45056+00:00,0.0,0.0,0.0,0.0,65.0,65.0,63.944,0.0,0.7435565334649064,55.21322690796929,0.07383593402518329,-0.01992527164624988,0.09376120567143317,110513.75
210830,GUINNESS,2023-10-31,65.0,65.0,50267,2026-04-08T04:09:01.914254+00:00,0.0,0.0,0.0,0.0,65.0,65.0,64.034,0.0,0.7435565334649064,55.21322690796928,0.06898822200970756,-0.01981838692938051,0.08880660893908807,112385.55
210945,GUINNESS,2023-11-01,65.0,65.0,53276,2026-04-08T04:09:04.386399+00:00,0.0,0.0,0.0,0.0,65.0,65.0,64.12400000000001,0.0,0.7435565334649064,55.213226907969286,0.06440396647610669,-0.0195221139703851,0.08392608044649179,112862.25
211060,GUINNESS,2023-11-02,65.0,65.0,27954,2026-04-08T04:09:06.696264+00:00,0.0,0.0,0.0,0.0,65.0,65.0,64.214,0.0,0.7435565334649064,55.213226907969286,0.06007836494435992,-0.019078172401705507,0.07915653734606543,111567.3
211175,GUINNESS,2023-11-03,65.0,65.0,26021,2026-04-08T04:09:09.071615+00:00,0.0,0.0,0.0,0.0,65.0,65.0,64.304,0.0,0.7435565334649064,55.21322690796929,0.056004707163708645,-0.01852146414588543,0.07452617130959407,108296.4
211290,GUINNESS,2023-11-06,65.0,65.0,167414,2026-04-08T04:09:13.59419+00:00,0.0,0.0,0.0,0.0,65.0,65.0,64.394,0.0,0.7435565334649064,55.21322690796929,0.052174864661338916,-0.017881045318604127,0.07005590997994304,114811.05
211405,GUINNESS,2023-11-07,65.0,65.0,125336,2026-04-08T04:09:15.923939+00:00,0.0,0.0,0.0,0.0,65.0,65.0,64.48400000000001,0.0,0.7435565334649064,55.21322690796929,0.04857969045393418,-0.017180975620807087,0.06576066607474126,118841.5
211521,GUINNESS,2023-11-08,65.0,65.0,83404,2026-04-08T04:09:18.177895+00:00,0.0,0.0,0.0,0.0,65.0,65.0,64.57400000000001,0.0,0.7435565334649064,55.21322690796928,0.04520934381902464,-0.016441057804573306,0.061650401623597945,120441.45
211637,GUINNESS,2023-11-09,65.0,65.0,119039,2026-04-08T04:09:20.462573+00:00,0.0,0.0,0.0,0.0,65.0,65.0,64.664,0.0,0.7435565334649064,55.213226907969286,0.0420535526512964,-0.015677479177841243,0.05773103182913764,121538.2
211753,GUINNESS,2023-11-10,65.0,65.0,16960,2026-04-08T04:09:22.644841+00:00,0.0,0.0,0.0,0.0,65.0,65.0,64.72,0.0,0.6366234685923777,55.213226907969286,0.03910182392841932,-0.014903366320574665,0.05400519024899399,110152.55
211869,GUINNESS,2023-11-13,65.0,65.0,55233,2026-04-08T04:09:27.404692+00:00,0.0,0.0,0.0,0.0,65.0,65.0,64.77600000000001,0.0,0.6366234685923777,55.213226907969286,0.036343611123555775,-0.014129263300350574,0.05047287442390635,106517.45
211985,GUINNESS,2023-11-14,65.0,65.0,89316,2026-04-08T04:09:29.775588+00:00,0.0,0.0,0.0,0.0,65.0,65.0,64.832,0.0,0.6366234685923777,55.213226907969286,0.03376844597875106,-0.013363542756124239,0.0471319887348753,109228.85
212101,GUINNESS,2023-11-15,65.0,65.0,57258,2026-04-08T04:09:32.378304+00:00,0.0,0.0,0.0,0.0,65.0,65.0,64.888,0.0,0.6366234685923777,55.2132269079693,0.03136604085413808,-0.012612758304589786,0.04397879915872786,97560.35
212217,GUINNESS,2023-11-16,65.0,65.0,61700,2026-04-08T04:09:34.916677+00:00,0.0,0.0,0.0,0.0,65.0,65.0,64.944,0.0,0.6366234685923777,55.21322690796929,0.029126366857880726,-0.011881945840677713,0.04100831269855844,94740.95
212333,GUINNESS,2023-11-17,65.0,65.0,135760,2026-04-08T04:09:37.378105+00:00,0.0,0.0,0.0,0.0,65.0,65.0,65.0,0.0,0.6366234685923777,55.2132269079693,0.027039712110294545,-0.011174880470611118,0.03821459258090566,97432.1
212449,GUINNESS,2023-11-20,65.0,65.0,75357,2026-04-08T04:09:41.830835+00:00,0.0,0.0,0.0,0.0,65.0,65.0,65.0,0.0,0.0,55.2132269079693,0.025096723779739705,-0.010494295040932772,0.035591018820672476,90539.5
212565,GUINNESS,2023-11-21,65.0,65.0,114023,2026-04-08T04:09:44.211025+00:00,0.0,0.0,0.0,0.0,65.0,65.0,65.0,0.0,0.0,55.2132269079693,0.023288436924971734,-0.009842065516560597,0.03313050244153233,89823.65
212681,GUINNESS,2023-11-22,65.0,65.0,85310,2026-04-08T04:09:46.526636+00:00,0.0,0.0,0.0,0.0,65.0,65.0,65.0,0.0,0.0,55.21322690796929,0.021606292672089467,-0.009219367815554293,0.03082566048764376,86001.15
212797,GUINNESS,2023-11-23,65.0,65.0,123582,2026-04-08T04:09:48.793806+00:00,0.0,0.0,0.0,0.0,65.0,65.0,65.0,0.0,0.0,55.2132269079693,0.020042147828135626,-0.00862681012760651,0.028668957955742137,79001.7
212913,GUINNESS,2023-11-27,67.9,67.9,502239,2026-04-08T04:09:54.316732+00:00,4.461538461538472,0.0,0.0,0.0,65.58,65.14500000000001,65.058,0.9976303284229855,0.6309568201356901,97.0970154770511,0.24992730901502114,0.17700668084742321,0.07292062816759794,103054.6
213030,GUINNESS,2023-11-28,67.9,67.9,267160,2026-04-08T04:09:57.050116+00:00,0.0,4.461538461538472,0.0,0.0,66.16,65.29,65.116,0.9976303284229855,0.6309568201356901,97.09701547705112,0.42718859132368436,0.2834143705248691,0.14377422079881524,111830.45
213147,GUINNESS,2023-11-29,67.9,67.9,305659,2026-04-08T04:09:59.54407+00:00,0.0,0.0,0.0,0.0,66.74,65.435,65.17399999999999,0.9976303284229855,0.6309568201356901,97.09701547705112,0.5612002673054093,0.33394083720527523,0.22725943010013405,124600.05
213264,GUINNESS,2023-11-30,67.9,67.9,46274,2026-04-08T04:10:01.973818+00:00,0.0,0.0,0.0,0.0,67.32000000000001,65.58000000000001,65.232,0.9976303284229855,0.6309568201356901,97.09701547705112,0.6597997254984307,0.34603223631863733,0.31376748917979336,124249.95
213381,GUINNESS,2023-12-01,67.9,67.9,51781,2026-04-08T04:10:04.46052+00:00,0.0,0.0,0.0,0.0,67.9,65.72500000000001,65.29,0.9976303284229855,0.6309568201356901,97.09701547705112,0.7295309280656284,0.332610751108668,0.39692017695696036,125441.3
213498,GUINNESS,2023-12-04,67.9,67.9,20101,2026-04-08T04:10:08.793495+00:00,0.0,0.0,4.461538461538472,0.0,67.9,65.87,65.348,0.9976303284229855,0.6309568201356901,97.0970154770511,0.7758498938597,0.3031437735221917,0.47270612033750836,125145.3
213615,GUINNESS,2023-12-05,67.9,67.9,72774,2026-04-08T04:10:11.104733+00:00,0.0,0.0,0.0,0.0,67.9,66.01500000000001,65.406,0.9976303284229855,0.6309568201356901,97.0970154770511,0.8032980876429718,0.26447357384437076,0.5388245137986011,120413.3
213732,GUINNESS,2023-12-06,67.9,67.9,125188,2026-04-08T04:10:13.383432+00:00,0.0,0.0,0.0,0.0,67.9,66.16,65.464,0.9976303284229855,0.6309568201356901,97.09701547705112,0.815648688611148,0.22145933985003752,0.5941893487611105,120405.9
213849,GUINNESS,2023-12-08,67.9,67.9,325483,2026-04-08T04:10:16.965057+00:00,0.0,0.0,0.0,0.0,67.9,66.305,65.52199999999999,0.9976303284229855,0.6309568201356901,97.09701547705112,0.8160299436305252,0.17747247589553172,0.6385574677349934,132509.85
213966,GUINNESS,2023-12-11,67.9,67.9,178808,2026-04-08T04:10:21.350621+00:00,0.0,0.0,0.0,0.0,67.9,66.45000000000002,65.58,0.9976303284229855,0.6309568201356901,97.0970154770511,0.8070291611684581,0.13477735474677166,0.6722518064216865,135498.3
214083,GUINNESS,2023-12-12,67.9,67.9,56190,2026-04-08T04:10:23.843731+00:00,0.0,0.0,0.0,4.461538461538472,67.9,66.595,65.638,0.9976303284229855,0.6309568201356901,97.09701547705112,0.7907803525594943,0.09482283691024629,0.695957515649248,137459.8
214200,GUINNESS,2023-12-13,67.9,67.9,67614,2026-04-08T04:10:26.19208+00:00,0.0,0.0,0.0,0.0,67.9,66.74000000000001,65.696,0.9976303284229855,0.6309568201356901,97.0970154770511,0.7690380625945181,0.05846443755621611,0.710573625038302,138078.85
214317,GUINNESS,2023-12-14,67.9,67.9,125063,2026-04-08T04:10:28.64956+00:00,0.0,0.0,0.0,0.0,67.9,66.88500000000002,65.75399999999999,0.9976303284229855,0.6309568201356901,97.09701547705112,0.7432395384043531,0.026132730692840833,0.7171068077115123,139866.2
214434,GUINNESS,2023-12-15,67.9,67.9,35882,2026-04-08T04:10:31.179138+00:00,0.0,0.0,0.0,0.0,67.9,67.03,65.812,0.9976303284229855,0.6309568201356901,97.0970154770511,0.7145570532023271,-0.002039803607348123,0.7165968568096752,138797.4
214551,GUINNESS,2023-12-18,67.9,67.9,61010,2026-04-08T04:10:35.879044+00:00,0.0,0.0,0.0,0.0,67.9,67.17500000000001,65.87,0.9976303284229855,0.6309568201356901,97.09701547705112,0.6839419203152488,-0.026123949195541174,0.71006586951079,138762.9
214668,GUINNESS,2023-12-19,67.9,67.9,318110,2026-04-08T04:10:38.280823+00:00,0.0,0.0,0.0,0.0,67.9,67.32000000000001,65.928,0.9976303284229855,0.6309568201356901,97.09701547705112,0.6521614951722086,-0.046323499470865226,0.6984849946430738,147880.4
214785,GUINNESS,2023-12-20,62.0,62.0,925677,2026-04-08T04:10:40.523028+00:00,-8.689248895434465,0.0,0.0,0.0,66.72,67.17,65.868,2.2303492178173694,1.392772166641112,13.434613995846028,0.14917499119776778,-0.43944800275624485,0.5886229939540126,190396.4
214902,GUINNESS,2023-12-21,62.0,62.0,178146,2026-04-08T04:10:42.873875+00:00,0.0,-8.689248895434465,0.0,0.0,65.54,67.02000000000001,65.808,2.2303492178173694,1.392772166641112,13.434613995846028,-0.24660275398103693,-0.6681805983480397,0.42157784436700274,193602.55
215019,GUINNESS,2023-12-28,62.0,62.0,56441,2026-04-08T04:10:51.166125+00:00,0.0,0.0,0.0,0.0,64.36,66.87,65.748,2.2303492178173694,1.392772166641112,13.434613995846027,-0.5538747451726351,-0.7803620716317103,0.22648732645907518,192159.1
215136,GUINNESS,2023-12-29,66.0,66.0,725567,2026-04-08T04:10:53.57119+00:00,6.451612903225801,0.0,0.0,0.0,63.980000000000004,66.92,65.768,2.6831285132531706,1.671689637852111,49.950712730591114,-0.4692146272153508,-0.5565615629395408,0.08734693572419,222258.35
215253,GUINNESS,2024-01-02,66.0,66.0,208788,2026-04-08T04:10:59.157783+00:00,0.0,6.451612903225801,0.0,0.0,63.6,66.825,65.788,2.480195288132276,1.671689637852111,49.950712730591114,-0.397538299730698,-0.3879081883639104,-0.009630111366787597,207585.8
215370,GUINNESS,2024-01-03,66.0,66.0,95851,2026-04-08T04:11:01.401293+00:00,0.0,0.0,-8.689248895434465,0.0,64.4,66.72999999999999,65.808,2.480195288132276,1.671689637852111,49.950712730591114,-0.3368512819039182,-0.2617769364297045,-0.07507434547421372,199020.35
215487,GUINNESS,2024-01-04,66.0,66.0,2249963,2026-04-08T04:11:03.846312+00:00,0.0,0.0,0.0,0.0,65.2,66.635,65.828,2.480195288132276,1.671689637852111,49.950712730591114,-0.28546571201793824,-0.16831309323497962,-0.11715261878295863,296235.55
215604,GUINNESS,2024-01-05,61.0,61.0,3161481,2026-04-08T04:11:07.208124+00:00,-7.57575757575758,0.0,0.0,0.0,65.0,66.28999999999999,65.748,2.988604000819191,1.989005169490364,29.224053602552715,-0.6408135907452248,-0.41892877756981295,-0.2218848131754119,451995.9
215721,GUINNESS,2024-01-08,61.0,61.0,874000,2026-04-08T04:11:11.742656+00:00,0.0,-7.57575757575758,6.451612903225801,0.0,64.0,65.945,65.668,2.988604000819191,1.989005169490364,29.22405360255272,-0.9119173294546954,-0.5520260130234268,-0.3598913164312686,493106.85
215838,GUINNESS,2024-01-09,62.0,62.0,3837591,2026-04-08T04:11:14.100458+00:00,1.6393442622950838,0.0,0.0,0.0,63.2,65.65,65.608,3.0250285233476437,2.0042586220818275,35.43795367717001,-1.0341562434925464,-0.5394119416490223,-0.49474430184352414,683981.35
215955,GUINNESS,2024-01-10,62.0,62.0,1233023,2026-04-08T04:11:16.512964+00:00,0.0,1.6393442622950838,0.0,-8.689248895434465,62.4,65.35499999999999,65.548,3.0250285233476437,2.0042586220818275,35.43795367717,-1.118142216103486,-0.4987183314079695,-0.6194238846955165,741993.8
216072,GUINNESS,2024-01-11,62.0,62.0,158818,2026-04-08T04:11:18.918089+00:00,0.0,0.0,0.0,0.0,61.6,65.06,65.488,3.0250285233476437,2.0042586220818275,35.43795367717,-1.1712008303587496,-0.44142155653058646,-0.7297792738281631,743675.3
216189,GUINNESS,2024-01-12,62.0,62.0,1215583,2026-04-08T04:11:21.244944+00:00,0.0,0.0,-7.57575757575758,0.0,61.8,64.765,65.428,3.0250285233476437,2.0042586220818275,35.43795367716999,-1.1994239517227356,-0.37571574231565796,-0.8237082094070777,788180.3
216306,GUINNESS,2024-01-15,62.0,62.0,804783,2026-04-08T04:11:25.674113+00:00,0.0,0.0,0.0,6.451612903225801,62.0,64.47,65.368,3.0250285233476437,2.0042586220818275,35.43795367717,-1.2078674348230294,-0.3073273803327613,-0.9005400544902681,819479.05
216423,GUINNESS,2024-01-16,65.0,65.0,2716379,2026-04-08T04:11:28.037988+00:00,4.8387096774193505,0.0,1.6393442622950838,0.0,62.6,64.325,65.368,3.24493771489498,2.121315428376515,53.26755864254752,-0.9614015889919472,-0.04868922760134331,-0.9127123613906039,952488.5
216540,GUINNESS,2024-01-18,71.5,71.5,634118,2026-04-08T04:11:31.337167+00:00,10.000000000000009,4.8387096774193505,0.0,0.0,64.5,64.505,65.498,3.962974257361317,2.547702040428723,71.58048839383538,-0.238826905346599,0.539108364835204,-0.777935270181803,980813.7
216657,GUINNESS,2024-01-19,70.75,70.75,707661,2026-04-08T04:11:38.619168+00:00,-1.0489510489510523,10.000000000000009,0.0,0.0,66.25,64.6475,65.613,3.974540741177968,2.553883095897118,68.25681770958492,0.27018547534814275,0.8384965964239567,-0.5683111210758139,1009943.6
216774,GUINNESS,2024-01-22,70.75,70.75,246406,2026-04-08T04:11:42.948818+00:00,0.0,-1.0489510489510523,0.0,-7.57575757575758,68.0,64.78999999999999,65.72800000000001,3.974540741177968,2.553883095897118,68.25681770958492,0.6659053123557186,0.987373146745226,-0.32146783438950743,1020469.8
216891,GUINNESS,2024-01-23,70.75,70.75,1481844,2026-04-08T04:11:45.304506+00:00,0.0,0.0,0.0,0.0,69.75,64.93249999999999,65.843,3.974540741177968,2.553883095897118,68.25681770958492,0.9683535571638799,1.03185711324271,-0.06350355607882993,1091511.5
217008,GUINNESS,2024-01-24,70.75,70.75,258433,2026-04-08T04:11:47.647942+00:00,0.0,0.0,4.8387096774193505,1.6393442622950838,70.9,65.075,65.958,3.974540741177968,2.553883095897118,68.25681770958492,1.1942790645530152,1.0062260965054761,0.18805296804753913,1088527.65
217125,GUINNESS,2024-01-25,70.75,70.75,622729,2026-04-08T04:11:50.11021+00:00,0.0,0.0,10.000000000000009,0.0,70.75,65.5125,66.07300000000001,3.3715893462424606,2.553883095897118,68.25681770958492,1.3576762106322207,0.9356985940677451,0.42197761656447547,1073380.25
217242,GUINNESS,2024-01-26,70.75,70.75,96858,2026-04-08T04:11:52.721812+00:00,0.0,0.0,-1.0489510489510523,0.0,70.75,65.95,66.188,3.3715893462424606,2.553883095897118,68.25681770958494,1.4702218241058773,0.8385953660331215,0.6316264580727559,1069315.85
217359,GUINNESS,2024-01-29,70.75,70.75,268934,2026-04-08T04:11:57.440388+00:00,0.0,0.0,0.0,0.0,70.75,66.3875,66.303,3.3715893462424606,2.553883095897118,68.25681770958494,1.5416439221367284,0.7280139712511781,0.8136299508855503,1079940.5
217476,GUINNESS,2024-01-30,63.7,63.7,1513660,2026-04-08T04:12:00.024191+00:00,-9.964664310954063,0.0,0.0,0.0,69.34,66.27250000000001,66.277,3.863899131960143,2.930901248502887,39.3811375274002,1.0176396522505087,0.16320776109196655,0.8544318911585421,1119345.15
217593,GUINNESS,2024-01-31,63.7,63.7,501371,2026-04-08T04:12:02.433526+00:00,0.0,-9.964664310954063,0.0,4.8387096774193505,67.92999999999999,66.1575,66.251,3.863899131960143,2.930901248502887,39.3811375274002,0.5954979632826678,-0.20714714230069953,0.8026451055833673,1133974.3
217710,GUINNESS,2024-02-01,63.7,63.7,465987,2026-04-08T04:12:04.812869+00:00,0.0,0.0,0.0,10.000000000000009,66.52000000000001,66.0425,66.225,3.863899131960143,2.930901248502887,39.381137527400206,0.2579738712049391,-0.4357369875027426,0.6937108587076817,1152481.1
217827,GUINNESS,2024-02-02,63.7,63.7,226955,2026-04-08T04:12:07.232701+00:00,0.0,0.0,0.0,-1.0489510489510523,65.11,65.92750000000001,66.199,3.863899131960143,2.930901248502887,39.381137527400206,-0.009407954453735101,-0.5624950505291334,0.5530870960753983,1051330.7
217944,GUINNESS,2024-02-05,63.7,63.7,326671,2026-04-08T04:12:11.791199+00:00,0.0,0.0,0.0,0.0,63.7,66.0625,66.173,3.441254282014224,2.930901248502887,39.3811375274002,-0.21878792664269042,-0.617500018174471,0.3987120915317806,909590.2
218061,GUINNESS,2024-02-06,57.5,57.5,1960280,2026-04-08T04:12:14.363902+00:00,-9.733124018838312,0.0,-9.964664310954063,0.0,62.46,65.8875,66.023,4.105952120384998,3.2381708900791213,25.59036373847431,-0.8749256492791204,-1.018910192648721,0.14398454336960043,963904.2
218178,GUINNESS,2024-02-07,57.5,57.5,418273,2026-04-08T04:12:16.791058+00:00,0.0,-9.733124018838312,0.0,0.0,61.220000000000006,65.6625,65.873,4.083319127827456,3.2381708900791213,25.590363738474306,-1.3790230029198725,-1.2184060370315783,-0.16061696588829416,792938.3
218295,GUINNESS,2024-02-08,57.5,57.5,372003,2026-04-08T04:12:19.312026+00:00,0.0,0.0,0.0,0.0,59.98,65.4375,65.723,4.083319127827456,3.2381708900791213,25.590363738474306,-1.758255710154998,-1.2781109954133631,-0.48014471474163495,749887.3
218412,GUINNESS,2024-02-09,57.5,57.5,95686,2026-04-08T04:12:21.609908+00:00,0.0,0.0,0.0,0.0,58.74000000000001,65.2125,65.57300000000001,4.083319127827456,3.2381708900791213,25.59036373847431,-2.0353382504656494,-1.2441548285792114,-0.7911834218864379,746730.7
218529,GUINNESS,2024-02-12,57.5,57.5,342986,2026-04-08T04:12:25.771109+00:00,0.0,0.0,0.0,0.0,57.5,64.9875,65.423,4.083319127827456,3.2381708900791213,25.590363738474306,-2.2292309729259543,-1.150438040831613,-1.0787929320943412,703100.85
218646,GUINNESS,2024-02-13,54.5,54.5,532679,2026-04-08T04:12:28.061356+00:00,-5.21739130434783,0.0,-9.733124018838312,-9.964664310954063,56.9,64.6125,65.21300000000001,4.227566613976391,3.3149961324607773,20.547172591034897,-2.5950531233102296,-1.2130081529727108,-1.3820449703375188,689495.65
218763,GUINNESS,2024-02-14,54.5,54.5,485190,2026-04-08T04:12:30.570558+00:00,0.0,-5.21739130434783,0.0,0.0,56.3,64.0875,64.945,4.03671984412128,3.243578700262712,20.547172591034897,-2.8520926642288487,-1.1760381551130639,-1.6760545091157848,577936.2
218880,GUINNESS,2024-02-16,54.5,54.5,1396140,2026-04-08T04:12:34.036511+00:00,0.0,0.0,0.0,0.0,55.7,63.2375,64.677,3.150963964579032,3.243578700262712,20.547172591034897,-3.020974439430283,-1.0759359442515986,-1.9450384951786845,616037.3
218997,GUINNESS,2024-02-19,54.5,54.5,658852,2026-04-08T04:12:38.429241+00:00,0.0,0.0,0.0,0.0,55.1,62.425,64.409,3.1640339109958275,3.243578700262712,20.547172591034897,-3.1188621614321974,-0.9390589330028103,-2.179803228429387,613596.85
219114,GUINNESS,2024-02-20,51.0,51.0,467423,2026-04-08T04:12:40.813552+00:00,-6.422018348623848,0.0,0.0,0.0,53.8,61.4375,64.071,3.3512820077843815,3.353277859152489,15.693808758837907,-3.439214511588318,-1.0075290265271448,-2.4316854850611733,624647.7
219231,GUINNESS,2024-02-21,51.0,51.0,178833,2026-04-08T04:12:43.257682+00:00,0.0,-6.422018348623848,-5.21739130434783,-9.733124018838312,53.1,60.45,63.733000000000004,3.3512820077843815,3.353277859152489,15.693808758837905,-3.6510094923478107,-0.9754592058293099,-2.675550286518501,559497.15
219348,GUINNESS,2024-02-22,51.0,51.0,134928,2026-04-08T04:12:45.850796+00:00,0.0,0.0,0.0,0.0,52.4,59.4625,63.395,3.3512820077843815,3.353277859152489,15.693808758837907,-3.7753387850528526,-0.8798307988274812,-2.8955079862253714,553321.9
219465,GUINNESS,2024-02-26,51.0,51.0,651662,2026-04-08T04:12:51.18414+00:00,0.0,0.0,0.0,0.0,51.7,58.475,63.056999999999995,3.3512820077843815,3.353277859152489,15.693808758837903,-3.829723971245656,-0.7473727880162278,-3.082351183229428,554768.55
219582,GUINNESS,2024-02-27,51.0,51.0,85252,2026-04-08T04:12:53.509755+00:00,0.0,0.0,0.0,0.0,51.0,57.4875,62.71900000000001,3.3512820077843815,3.353277859152489,15.693808758837903,-3.8286898695876417,-0.5970709490865707,-3.231618920501071,554188.25
219699,GUINNESS,2024-02-29,51.0,51.0,123589,2026-04-08T04:12:56.822244+00:00,0.0,0.0,-6.422018348623848,0.0,51.0,56.5,62.381,3.3512820077843815,3.353277859152489,15.693808758837905,-3.7842478825953236,-0.44210316967540164,-3.342144712919922,546921.0
219816,GUINNESS,2024-03-01,51.0,51.0,657056,2026-04-08T04:12:59.287484+00:00,0.0,0.0,0.0,-5.21739130434783,51.0,55.86500000000001,62.043,2.7179513868198244,3.353277859152489,15.693808758837903,-3.7063033300219104,-0.2913268936815907,-3.4149764363403197,504090.8
219933,GUINNESS,2024-03-04,51.0,51.0,45793,2026-04-08T04:13:03.814092+00:00,0.0,0.0,0.0,0.0,51.0,55.23,61.705,2.7179513868198244,3.353277859152489,15.693808758837902,-3.6029985856407833,-0.1504177194403704,-3.452580866200413,481311.9
220051,GUINNESS,2024-03-05,51.0,51.0,204371,2026-04-08T04:13:06.279726+00:00,0.0,0.0,0.0,0.0,51.0,54.595000000000006,61.367,2.7179513868198244,3.353277859152489,15.693808758837905,-3.4810020071582386,-0.022736912766260442,-3.458265094391978,468231.1
220169,GUINNESS,2024-03-06,51.0,51.0,104855,2026-04-08T04:13:08.558236+00:00,0.0,0.0,0.0,0.0,51.0,53.959999999999994,61.029,2.7179513868198244,3.353277859152489,15.693808758837903,-3.3457511037071512,0.09001119254786172,-3.435762296255013,462126.1
220287,GUINNESS,2024-03-07,45.9,45.9,212585,2026-04-08T04:13:10.988978+00:00,-9.999999999999998,0.0,0.0,-6.422018348623848,49.980000000000004,53.07000000000001,60.589000000000006,3.355948382776864,3.6103325421188797,9.112807778355139,-3.6084946852915465,-0.1381859112292263,-3.47030877406232,456421.8
220405,GUINNESS,2024-03-08,42.05,42.05,1440332,2026-04-08T04:13:13.453006+00:00,-8.38779956427016,-9.999999999999998,0.0,0.0,48.19,52.2975,60.071999999999996,3.1932248058590322,3.7678923968249802,6.795991232467348,-4.080347979293087,-0.48803136418461346,-3.5923166151084738,430424.4
220523,GUINNESS,2024-03-11,42.2,42.2,2366803,2026-04-08T04:13:17.773706+00:00,0.3567181926278362,-8.38779956427016,0.0,0.0,46.43,51.532500000000006,59.558,3.2030332598465656,3.769934035375463,7.779732806738683,-4.391568104459047,-0.6394011914804585,-3.7521669129785886,527850.9
220641,GUINNESS,2024-03-12,44.0,44.0,934407,2026-04-08T04:13:20.258657+00:00,4.265402843601884,0.3567181926278362,0.0,0.0,45.03,50.8575,59.198,3.440231458217103,3.6656537580982445,18.848716689594323,-4.441765432102365,-0.5516788152990206,-3.890086616803344,555971.1
220759,GUINNESS,2024-03-13,44.5,44.5,1268892,2026-04-08T04:13:22.557243+00:00,1.1363636363636465,4.265402843601884,0.0,0.0,43.730000000000004,50.207499999999996,58.848,3.4715562661595682,3.673065942510323,21.661515859000378,-4.390589373337413,-0.4004022052272549,-3.990187168110158,614631.4
220877,GUINNESS,2024-03-14,46.0,46.0,627443,2026-04-08T04:13:25.004754+00:00,3.370786516853941,1.1363636363636465,-9.999999999999998,0.0,43.75,49.6325,58.528,3.612528753306455,3.714872277670832,29.550599702839673,-4.180800844409454,-0.15249094103943683,-4.028309903370017,628854.25
220995,GUINNESS,2024-03-15,46.0,46.0,159416,2026-04-08T04:13:27.500984+00:00,0.0,3.370786516853941,-8.38779956427016,0.0,44.540000000000006,49.207499999999996,58.128,3.481363596022737,3.577061376120959,29.550599702839676,-3.968792158276038,0.04761419607518391,-4.016406354351222,610191.1
221113,GUINNESS,2024-03-19,47.95,47.95,447770,2026-04-08T04:13:32.54102+00:00,4.239130434782612,0.0,0.3567181926278362,0.0,45.69,48.88,57.766999999999996,3.6562625514128744,3.642537318184345,38.83710221209523,-3.601904530584328,0.3316014590135157,-3.9335059895978435,608320.1
221231,GUINNESS,2024-03-20,47.95,47.95,128744,2026-04-08T04:13:34.949661+00:00,0.0,4.239130434782612,4.265402843601884,0.0,46.480000000000004,48.552499999999995,57.40599999999999,3.6562625514128744,3.642537318184345,38.83710221209523,-3.273409613953106,0.52807710051579,-3.801486714468896,544950.3
221349,GUINNESS,2024-03-21,49.5,49.5,14517887,2026-04-08T04:13:37.293426+00:00,3.232533889468181,0.0,1.1363636363636465,0.0,47.480000000000004,48.302499999999995,57.07599999999999,3.7530489305104973,3.681341887070617,45.464195139432405,-2.855091264866509,0.7571163596819099,-3.612207624548419,1237902.05
221467,GUINNESS,2024-03-22,49.6,49.6,839746,2026-04-08T04:13:39.66616+00:00,0.20202020202020332,3.232533889468181,3.370786516853941,-9.999999999999998,48.2,48.2325,56.848,3.4767221611004557,3.538022219085847,45.87168098938138,-2.486835108005309,0.9002980132344884,-3.3871331212397973,1256518.2
221585,GUINNESS,2024-03-25,49.6,49.6,129708,2026-04-08T04:13:43.964435+00:00,0.0,0.20202020202020332,0.0,-8.38779956427016,48.92,48.1625,56.62,3.4767221611004557,3.538022219085847,45.87168098938138,-2.169975325757868,0.9737262363855441,-3.143701562143412,1254061.95
221703,GUINNESS,2024-03-26,49.6,49.6,367128,2026-04-08T04:13:46.391317+00:00,0.0,0.0,4.239130434782612,0.3567181926278362,49.25,48.0925,56.372,3.4767221611004557,3.5267901326516142,45.871680989381375,-1.8969942960681863,0.9973658128601808,-2.894360108928367,1265671.95
221821,GUINNESS,2024-03-27,49.6,49.6,269594,2026-04-08T04:13:48.795654+00:00,0.0,0.0,0.0,4.265402843601884,49.58,48.0225,56.123999999999995,3.4767221611004557,3.5267901326516142,45.871680989381375,-1.6615021013418811,0.9862864060691887,-2.64778850741107,1246568.55
221939,GUINNESS,2024-03-28,49.6,49.6,274394,2026-04-08T04:13:51.173779+00:00,0.0,0.0,3.232533889468181,1.1363636363636465,49.6,47.9525,55.876000000000005,3.4767221611004557,3.5267901326516142,45.871680989381375,-1.4580651726948588,0.9517786677729689,-2.4098438404678277,1256025.65
222057,GUINNESS,2024-04-02,49.6,49.6,78383,2026-04-08T04:13:58.053067+00:00,0.0,0.0,0.20202020202020332,3.370786516853941,49.6,47.8825,55.628,3.4767221611004557,3.5267901326516142,45.87168098938138,-1.2820611383110645,0.9022261617254106,-2.184287300036475,1253765.35
222175,GUINNESS,2024-04-03,49.6,49.6,1020277,2026-04-08T04:14:00.66873+00:00,0.0,0.0,0.0,0.0,49.6,47.8125,55.38,3.4767221611004557,3.5267901326516142,45.871680989381375,-1.1295558562347452,0.843785155041384,-1.9733410112761292,1271926.4
222293,GUINNESS,2024-04-04,49.6,49.6,194896,2026-04-08T04:14:03.310057+00:00,0.0,0.0,0.0,4.239130434782612,49.6,47.7425,55.071999999999996,3.4767221611004557,3.446055974601009,45.87168098938138,-0.9971992294657355,0.7809134254483152,-1.7781126549140507,1279381.55
222411,GUINNESS,2024-04-05,49.6,49.6,220379,2026-04-08T04:14:05.820809+00:00,0.0,0.0,0.0,0.0,49.6,47.6725,54.63399999999999,3.4767221611004557,3.0980619026238467,45.871680989381375,-0.8821369238265788,0.7167805848699775,-1.5989175086965564,1280181.95
222529,GUINNESS,2024-04-12,50.0,50.0,1034257,2026-04-08T04:14:15.984697+00:00,0.8064516129032251,0.0,0.0,3.232533889468181,49.68,47.6225,54.218999999999994,3.48236156037066,3.104650233074398,48.85017738548254,-0.7500267194218111,0.6791126314197964,-1.4291393508416075,1326652.05
222647,GUINNESS,2024-04-15,50.0,50.0,455364,2026-04-08T04:14:20.492228+00:00,0.0,0.8064516129032251,0.0,0.20202020202020332,49.760000000000005,47.8275,53.803999999999995,2.577109671720638,3.104650233074398,48.85017738548254,-0.6379742604787992,0.6329320722902467,-1.270906332769046,1338791.0
222765,GUINNESS,2024-04-16,50.0,50.0,318246,2026-04-08T04:14:22.958286+00:00,0.0,0.0,0.0,0.0,49.839999999999996,48.225,53.388999999999996,1.5317783022182545,3.104650233074398,48.85017738548253,-0.5429135104752518,0.5823942578350352,-1.125307768310287,1282686.7
222883,GUINNESS,2024-04-17,50.0,50.0,631795,2026-04-08T04:14:25.407203+00:00,0.0,0.0,0.0,0.0,49.92,48.615,52.974,1.5402511741329075,3.104650233074398,48.85017738548254,-0.46224866633600925,0.5304472815794222,-0.9926959479154315,1195936.3
223001,GUINNESS,2024-04-18,55.0,55.0,283760,2026-04-08T04:14:27.862982+00:00,10.000000000000009,0.0,0.0,0.0,51.0,49.165000000000006,52.659,2.4638805086529003,3.4497856677110437,73.43100239547053,0.005078475554689987,0.7982195387760972,-0.7931410632214072,1163403.95
223119,GUINNESS,2024-04-19,55.0,55.0,432036,2026-04-08T04:14:30.225092+00:00,0.0,10.000000000000009,0.8064516129032251,0.0,52.0,49.690000000000005,52.343999999999994,2.477262275512364,3.4497856677110437,73.43100239547051,0.37116009982170795,0.9314409304344922,-0.5602808306127842,1121561.15
223237,GUINNESS,2024-04-22,54.0,54.0,669454,2026-04-08T04:14:34.624841+00:00,-1.8181818181818188,0.0,0.0,0.0,52.8,50.09,52.00899999999999,2.4977403218221084,3.4546073918642435,66.06665900972399,0.5739743627110059,0.9074041546590321,-0.33342979194802624,1123661.7
223355,GUINNESS,2024-04-23,54.0,54.0,91284,2026-04-08T04:14:36.881925+00:00,0.0,-1.8181818181818188,0.0,0.0,53.6,50.49,51.815,2.4977403218221084,3.172073788932547,66.06665900972399,0.7263334078497934,0.8478105598382557,-0.12147715198846235,1120255.1
223473,GUINNESS,2024-04-24,54.0,54.0,55476,2026-04-08T04:14:39.108369+00:00,0.0,0.0,0.0,0.0,54.4,50.792500000000004,51.620999999999995,2.370097812451015,3.172073788932547,66.06665900972399,0.8374257263163614,0.7671223026438589,0.07030342367250242,1100640.4
223591,GUINNESS,2024-04-25,54.0,54.0,65382,2026-04-08T04:14:41.415412+00:00,0.0,0.0,10.000000000000009,0.0,54.2,51.095000000000006,51.427,2.370097812451015,3.172073788932547,66.066659009724,0.9149205544446843,0.6756937046177456,0.23922684982693881,1097472.3
223709,GUINNESS,2024-04-26,54.0,54.0,393867,2026-04-08T04:14:43.709399+00:00,0.0,0.0,0.0,0.8064516129032251,54.0,51.32000000000001,51.233000000000004,2.291562211091344,3.172073788932547,66.06665900972399,0.9652094305629504,0.5807860645888092,0.3844233659741412,391271.3
223827,GUINNESS,2024-04-29,54.0,54.0,196800,2026-04-08T04:14:47.97937+00:00,0.0,0.0,-1.8181818181818188,0.0,54.0,51.54,51.038999999999994,2.293201618890822,3.172073788932547,66.06665900972399,0.9936100095095881,0.4873493148283575,0.5062606946812306,359124.0
223945,GUINNESS,2024-04-30,54.0,54.0,62894,2026-04-08T04:14:50.304196+00:00,0.0,0.0,0.0,0.0,54.0,51.760000000000005,50.968999999999994,2.293201618890822,2.8637448690904397,66.06665900972399,1.004537984359409,0.39862183174254273,0.6059161526168664,355783.3
224063,GUINNESS,2024-05-02,54.0,54.0,274886,2026-04-08T04:14:53.573612+00:00,0.0,0.0,0.0,0.0,54.0,51.98,50.898999999999994,2.293201618890822,2.8637448690904397,66.066659009724,1.0016520616991897,0.31658872726585874,0.685063334433331,351171.2
224181,GUINNESS,2024-05-03,54.0,54.0,162697,2026-04-08T04:14:55.989363+00:00,0.0,0.0,0.0,10.000000000000009,54.0,52.2,50.82899999999999,2.293201618890822,2.8637448690904397,66.06665900972399,0.98797617287196,0.2423302707509032,0.7456459021210569,345826.35
224299,GUINNESS,2024-05-06,54.0,54.0,60289,2026-04-08T04:15:00.14873+00:00,0.0,0.0,0.0,0.0,54.0,52.42,50.75899999999999,2.293201618890822,2.8637448690904397,66.066659009724,0.9660024574332837,0.17628524424978143,0.7897172131835023,335121.1
224417,GUINNESS,2024-05-07,54.0,54.0,102887,2026-04-08T04:15:02.40079+00:00,0.0,0.0,0.0,-1.8181818181818188,54.0,52.64,50.68899999999999,2.293201618890822,2.8637448690904397,66.066659009724,0.937778008500608,0.11844863625368451,0.8193293722469235,336346.3
224535,GUINNESS,2024-05-08,54.0,54.0,106886,2026-04-08T04:15:04.708287+00:00,0.0,0.0,0.0,0.0,54.0,52.86,50.678999999999995,2.293201618890822,2.7663028262742793,66.066659009724,0.9049779073881012,0.06851882811294208,0.8364590792751592,290676.75
224653,GUINNESS,2024-05-09,54.0,54.0,43330,2026-04-08T04:15:07.337178+00:00,0.0,0.0,0.0,0.0,54.0,53.08,50.669,2.293201618890822,2.7663028262742793,66.06665900972399,0.8689666839251657,0.026006083720005235,0.8429606002051605,283098.45
224771,GUINNESS,2024-05-10,53.0,53.0,305322,2026-04-08T04:15:09.604775+00:00,-1.851851851851849,0.0,0.0,0.0,53.8,53.25,50.638999999999996,2.3490096631779336,2.7789390136608136,52.316840491261885,0.751077928403781,-0.07350613744110368,0.8245840658448846,287345.6
224889,GUINNESS,2024-05-13,53.0,53.0,157537,2026-04-08T04:15:13.907933+00:00,0.0,-1.851851851851849,0.0,0.0,53.6,53.4,50.608999999999995,2.3478065543715347,2.7789390136608136,52.3168404912619,0.6501556506772985,-0.13954273213406898,0.7896983828113675,243509.6
225007,GUINNESS,2024-05-14,53.0,53.0,81824,2026-04-08T04:15:16.26654+00:00,0.0,0.0,0.0,0.0,53.4,53.55,50.648999999999994,2.3478065543715347,2.620792193430251,52.3168404912619,0.5636763088610763,-0.18081765916023296,0.7444939680213093,224832.6
225125,GUINNESS,2024-05-15,53.0,53.0,62446,2026-04-08T04:15:18.549958+00:00,0.0,0.0,0.0,0.0,53.2,53.7,50.68899999999999,2.3478065543715347,2.620792193430251,52.3168404912619,0.4894981771376976,-0.2039966327068894,0.693494809844587,212042.6
225243,GUINNESS,2024-05-16,53.0,53.0,200258,2026-04-08T04:15:20.841424+00:00,0.0,0.0,0.0,0.0,53.0,53.85,50.729,2.3478065543715347,2.620792193430251,52.3168404912619,0.42580308046397164,-0.2141533835044923,0.639956463968464,190465.75
225361,GUINNESS,2024-05-20,53.0,53.0,418198,2026-04-08T04:15:25.962105+00:00,0.0,0.0,-1.851851851851849,0.0,53.0,53.75,50.769,0.5648326742549964,2.620792193430251,52.3168404912619,0.37104705793653636,-0.2151275248255421,0.5861745827620785,197187.65
225479,GUINNESS,2024-05-21,53.0,53.0,183088,2026-04-08T04:15:28.334406+00:00,0.0,0.0,0.0,0.0,53.0,53.65,50.809,0.5648326742549964,2.620792193430251,52.31684049126189,0.32391858378613136,-0.20980479918075767,0.533723382966889,184740.25
225597,GUINNESS,2024-05-22,50.2,50.2,1355636,2026-04-08T04:15:30.660212+00:00,-5.283018867924527,0.0,0.0,0.0,52.44,53.46,50.793,1.2310527080651767,2.7295969641765514,26.43651784795987,0.05994136234308911,-0.37902561649904,0.4389669788421291,219049.35
225715,GUINNESS,2024-05-23,49.6,49.6,2070715,2026-04-08T04:15:32.993296+00:00,-1.195219123505975,-5.283018867924527,0.0,0.0,51.760000000000005,53.239999999999995,50.765,1.2417871788462198,2.7348734135801633,23.727801208550275,-0.19542473835834784,-0.5075133737603815,0.3120886354020337,318020.9
225833,GUINNESS,2024-05-24,49.6,49.6,62951,2026-04-08T04:15:35.360226+00:00,0.0,-1.195219123505975,0.0,0.0,51.08,53.02,50.736999999999995,1.2417871788462198,2.7348734135801633,23.727801208550275,-0.3932708316331741,-0.5642875736281663,0.17101674199499214,318394.65
225951,GUINNESS,2024-05-27,49.75,49.75,2024947,2026-04-08T04:15:39.562711+00:00,0.3024193548387011,0.0,0.0,-1.851851851851849,50.43,52.807500000000005,50.711999999999996,1.24894640199097,2.7352496240516024,25.928299401492087,-0.5318309237244634,-0.5622781325755645,0.030447208851101054,416372.9
226069,GUINNESS,2024-05-28,49.75,49.75,2067384,2026-04-08T04:15:41.894674+00:00,0.0,0.3024193548387011,0.0,0.0,49.78,52.595000000000006,50.687,1.24894640199097,2.7352496240516024,25.92829940149209,-0.6343286491666547,-0.5318206864142045,-0.1025079627524501,500048.75
226187,GUINNESS,2024-05-29,49.6,49.6,2216062,2026-04-08T04:15:44.435333+00:00,-0.3015075376884391,0.0,-5.283018867924527,0.0,49.66,52.375,50.760999999999996,1.245661868565461,2.3257642838685695,25.0888306462979,-0.7193701303630533,-0.49348973408848257,-0.22588039627457074,601011.85
226305,GUINNESS,2024-05-30,49.55,49.55,800931,2026-04-08T04:15:46.695543+00:00,-0.10080645161291146,-0.3015075376884391,-1.195219123505975,0.0,49.65,52.152499999999996,50.911,1.2440910163152032,1.9708247616448473,24.80058952635648,-0.7817887252563764,-0.4447266631854445,-0.3370620620709319,637913.7
226423,GUINNESS,2024-05-31,49.55,49.55,148705,2026-04-08T04:15:48.909252+00:00,0.0,-0.10080645161291146,0.0,0.0,49.64,51.92999999999999,51.058,1.2440910163152032,1.9714352577997307,24.80058952635648,-0.8217829095715885,-0.3877766780005253,-0.4340062315710632,631604.65
226541,GUINNESS,2024-06-03,49.85,49.85,5695158,2026-04-08T04:15:53.203965+00:00,0.6054490413723634,0.0,0.3024193548387011,0.0,49.660000000000004,51.722500000000004,51.175,1.2621226772750103,1.888935152012119,30.36742741273462,-0.8198207131282658,-0.308651585245762,-0.5111691278825038,908227.7
226659,GUINNESS,2024-06-04,49.85,49.85,12881419,2026-04-08T04:15:55.456464+00:00,0.0,0.6054490413723634,0.0,0.0,49.68,51.515,51.282,1.2621226772750103,1.8850926842174447,30.367427412734624,-0.8089406935430077,-0.2382172525284031,-0.5707234410146046,1549284.2
226777,GUINNESS,2024-06-05,49.75,49.75,10138396,2026-04-08T04:15:57.839545+00:00,-0.20060180541625616,0.0,-0.3015075376884391,-5.283018867924527,49.71,51.302499999999995,51.357,1.2596446206006806,1.8310925684413026,29.522545427885436,-0.7991749722891086,-0.18276122501960312,-0.6164137472695055,2051059.65
226895,GUINNESS,2024-06-06,49.85,49.85,19569473,2026-04-08T04:16:00.091412+00:00,0.20100502512563345,-0.20060180541625616,-0.10080645161291146,-1.195219123505975,49.769999999999996,51.095,51.434,1.2638095916371708,1.8309262344853596,31.572771176194426,-0.7744391511096822,-0.12642032307214135,-0.6480188280375409,3024189.0
227013,GUINNESS,2024-06-07,50.55,50.55,143851,2026-04-08T04:16:02.294722+00:00,1.4042126379137265,0.20100502512563345,0.0,0.0,49.970000000000006,50.9225,51.486000000000004,1.3242470751367317,1.7444096364547383,43.87980438886388,-0.6903932609992012,-0.03389954636932824,-0.6564937146298729,3029215.05
227131,GUINNESS,2024-06-10,50.55,50.55,278003,2026-04-08T04:16:06.655303+00:00,0.0,1.4042126379137265,0.6054490413723634,0.3024193548387011,50.11,50.8,51.538000000000004,1.2754158652016383,1.7444096364547383,43.879804388863874,-0.616677611926896,0.03185288216238158,-0.6485304940892775,3027849.1
227249,GUINNESS,2024-06-11,54.8,54.8,178098,2026-04-08T04:16:09.027942+00:00,8.407517309594459,0.0,0.0,0.0,51.1,50.89,51.644000000000005,2.3158455060398677,2.058155255315221,75.2386158833147,-0.21286418189102108,0.3485330497586052,-0.5613972316496263,3028877.15
227367,GUINNESS,2024-06-13,54.8,54.8,280548,2026-04-08T04:16:12.454757+00:00,0.0,8.407517309594459,-0.20060180541625616,-0.3015075376884391,52.10999999999999,50.98,51.74799999999999,2.3158455060398677,2.0583966796767648,75.2386158833147,0.10593966422701584,0.5338695167013137,-0.4279298524742979,3038813.35
227485,GUINNESS,2024-06-14,60.25,60.25,339482,2026-04-08T04:16:14.762224+00:00,9.945255474452551,0.0,0.20100502512563345,-0.10080645161291146,54.19,51.342499999999994,51.961000000000006,3.1792413707845957,2.4750859795973854,86.47680968678794,0.7892653024764584,0.9737561239606051,-0.18449082148414664,3052665.15
227603,GUINNESS,2024-06-20,70.0,70.0,4152923,2026-04-08T04:16:22.365263+00:00,16.182572614107894,9.945255474452551,1.4042126379137265,0.0,58.08,52.192499999999995,52.369,4.693324557931925,3.3297432618795337,92.78535605529053,2.093417693669309,1.8223268121227645,0.2710908815465446,3250298.4
227721,GUINNESS,2024-06-21,70.0,70.0,531278,2026-04-08T04:16:24.740936+00:00,0.0,16.182572614107894,0.0,0.6054490413723634,61.970000000000006,53.0425,52.77700000000001,4.693324557931925,3.3297432618795337,92.78535605529053,3.091332898237276,2.2561936133525853,0.8351392848846909,3255952.4
227839,GUINNESS,2024-06-24,70.0,70.0,1987372,2026-04-08T04:16:29.101951+00:00,0.0,0.0,8.407517309594459,0.0,65.00999999999999,53.8925,53.185,4.693324557931925,3.3297432618795337,92.78535605529052,3.8379464300413844,2.4022457161253548,1.4357007139160296,3346166.6
227957,GUINNESS,2024-06-25,70.0,70.0,5482179,2026-04-08T04:16:31.430939+00:00,0.0,0.0,0.0,-0.20060180541625616,68.05,54.88249999999999,53.59299999999999,4.433016322545274,3.3297432618795337,92.78535605529052,4.379162770571192,2.3547696453241294,2.0243931252470624,3552493.75
228075,GUINNESS,2024-06-26,70.0,70.0,152441,2026-04-08T04:16:33.77834+00:00,0.0,0.0,9.945255474452551,0.20100502512563345,70.0,55.902499999999996,54.001000000000005,4.398970463038159,3.3297432618795337,92.78535605529052,4.753287678159268,2.183115642329764,2.5701720358295037,3456580.05
228193,GUINNESS,2024-06-27,70.0,70.0,3618419,2026-04-08T04:16:36.13415+00:00,0.0,0.0,16.182572614107894,1.4042126379137265,70.0,56.92249999999999,54.409,4.398970463038159,3.3297432618795337,92.78535605529052,4.992236962700808,1.9376519414970432,3.054585021203765,3634353.45
228311,GUINNESS,2024-06-28,67.0,67.0,42976616,2026-04-08T04:16:38.472674+00:00,-4.285714285714281,0.0,0.0,0.0,69.4,57.78499999999999,54.757000000000005,4.597556056510118,3.403578407564201,75.81055941215932,4.883240111983206,1.4629240726235526,3.420316039359653,5681936.9
228429,GUINNESS,2024-07-01,67.0,67.0,1267299,2026-04-08T04:16:42.881798+00:00,0.0,-4.285714285714281,0.0,8.407517309594459,68.8,58.647499999999994,55.09700000000001,4.597556056510118,3.4047632478343544,75.81055941215932,4.742194259005217,1.057502575716451,3.684691683288766,5641932.65
228547,GUINNESS,2024-07-02,67.0,67.0,336166,2026-04-08T04:16:45.256647+00:00,0.0,0.0,0.0,0.0,68.2,59.5175,55.437000000000005,4.59150781303569,3.4047632478343544,75.81055941215932,4.577646149019557,0.7143635725846327,3.8632825764349246,5547937.85
228665,GUINNESS,2024-07-03,70.0,70.0,5268999,2026-04-08T04:16:47.732339+00:00,4.477611940298498,0.0,0.0,9.945255474452551,68.2,60.54,55.83700000000001,4.615899306814843,3.446213083191532,80.3097165334647,4.635876021264188,0.618074755863411,4.017801265400777,5771341.25
228783,GUINNESS,2024-07-04,70.0,70.0,143775,2026-04-08T04:16:50.22378+00:00,0.0,4.477611940298498,0.0,16.182572614107894,68.2,61.5625,56.23700000000001,4.615899306814843,3.446213083191532,80.30971653346468,4.628667220073929,0.4886927637385208,4.139974456335408,5771094.75
228901,GUINNESS,2024-07-05,70.0,70.0,58227,2026-04-08T04:16:52.679645+00:00,0.0,0.0,-4.285714285714281,0.0,68.8,62.56999999999999,56.537000000000006,4.626373830788197,3.176888809169798,80.30971653346468,4.5702709545251565,0.3442371985517987,4.226033755973358,5489248.2
229019,GUINNESS,2024-07-08,70.0,70.0,147386,2026-04-08T04:16:57.375145+00:00,0.0,0.0,0.0,0.0,69.4,63.5775,56.83700000000001,4.626373830788197,3.176888809169798,80.30971653346468,4.472436034741634,0.197121823014621,4.275314211727013,4852546.55
229137,GUINNESS,2024-07-09,70.0,70.0,100275,2026-04-08T04:16:59.679545+00:00,0.0,0.0,0.0,0.0,70.0,64.59,57.15700000000001,4.622008545337223,3.1598247139760165,80.30971653346468,4.344816812293111,0.05560208045287851,4.289214731840232,4350640.5
229255,GUINNESS,2024-07-10,70.0,70.0,272871,2026-04-08T04:17:02.104038+00:00,0.0,0.0,4.477611940298498,0.0,70.0,65.5975,57.477000000000004,4.625923375346744,3.1598247139760165,80.30971653346468,4.19531666009221,-0.0751184573984176,4.270435117490628,3385810.4
229373,GUINNESS,2024-07-11,70.0,70.0,47804,2026-04-08T04:17:04.804273+00:00,0.0,0.0,0.0,0.0,70.0,66.57,57.797000000000004,4.642976559439632,3.1598247139760165,80.30971653346468,4.030377034748568,-0.19204646619364762,4.222423500942216,3381008.05
229491,GUINNESS,2024-07-12,65.0,65.0,1492047,2026-04-08T04:17:07.071694+00:00,-7.14285714285714,0.0,0.0,-4.285714285714281,69.0,67.29249999999999,58.01700000000001,5.0412089019182345,3.3421486600764245,52.808550192528216,3.4563602110776372,-0.6128506318916633,4.069210842969301,3441710.25
229609,GUINNESS,2024-07-15,65.0,65.0,69573,2026-04-08T04:17:11.418935+00:00,0.0,-7.14285714285714,0.0,0.0,68.0,67.8025,58.23700000000001,4.76739425785812,3.3421486600764245,52.8085501925282,2.9672432100696113,-0.8815741063197517,3.848817316389363,3436284.0
229727,GUINNESS,2024-07-16,64.05,64.05,134494,2026-04-08T04:17:13.920176+00:00,-1.4615384615384697,0.0,0.0,0.0,66.81,68.265,58.438,4.793992815747094,3.3523023026217214,49.10330690908461,2.47443367127336,-1.0995069160928028,3.5739405873661627,3428981.3
229845,GUINNESS,2024-07-17,64.05,64.05,272573,2026-04-08T04:17:16.239817+00:00,0.0,-1.4615384615384697,0.0,4.477611940298498,65.61999999999999,68.45500000000001,58.639,4.294609913422922,3.3523023026217214,49.10330690908461,2.060130657444134,-1.2110479439376234,3.271178601381757,3425635.85
229963,GUINNESS,2024-07-18,64.05,64.05,457315,2026-04-08T04:17:18.614364+00:00,0.0,0.0,0.0,0.0,64.43,68.1575,58.84,2.152530363826692,3.3523023026217214,49.1033069090846,1.7120570066383891,-1.2472972757946947,2.959354282433084,3240855.45
230081,GUINNESS,2024-07-19,64.05,64.05,297811,2026-04-08T04:17:20.923419+00:00,0.0,0.0,-7.14285714285714,0.0,64.23999999999998,67.86,59.041000000000004,2.152530363826692,3.3523023026217214,49.1033069090846,1.419839109207814,-1.231612138580216,2.65145124778803,3229182.1
230199,GUINNESS,2024-07-22,64.05,64.05,107931,2026-04-08T04:17:25.185516+00:00,0.0,0.0,0.0,0.0,64.05,67.5625,59.242,2.152530363826692,3.3523023026217214,49.1033069090846,1.1747129604037099,-1.181390629907456,2.356103590311166,3135210.05
230317,GUINNESS,2024-07-23,64.05,64.05,33251,2026-04-08T04:17:27.655924+00:00,0.0,0.0,-1.4615384615384697,0.0,64.05,67.265,59.443000000000005,2.152530363826692,3.3523023026217214,49.1033069090846,0.9692755166352072,-1.109462458940767,2.078737975575974,2862763.65
230435,GUINNESS,2024-07-24,64.05,64.05,78484,2026-04-08T04:17:30.124258+00:00,0.0,0.0,0.0,0.0,64.05,66.9675,59.644000000000005,2.152530363826692,3.3523023026217214,49.103306909084594,0.7972743795899788,-1.0251708767887964,1.8224452563787752,2859065.8
230553,GUINNESS,2024-07-25,63.5,63.5,425573,2026-04-08T04:17:32.638981+00:00,-0.8587041373926629,0.0,0.0,0.0,63.94,66.64250000000001,59.834,2.1522628465602263,3.35655919074226,45.96651350309143,0.609555262194533,-0.9703119953473938,1.5798672575419268,2699423.5
230671,GUINNESS,2024-07-26,63.5,63.5,397507,2026-04-08T04:17:35.101122+00:00,0.0,-0.8587041373926629,0.0,-7.14285714285714,63.83,66.4675,60.044000000000004,1.9560988282314453,3.3416486815533095,45.96651350309143,0.4555353809052747,-0.8994655013093218,1.3550008822145965,570468.05
230789,GUINNESS,2024-07-29,63.5,63.5,87708,2026-04-08T04:17:40.103977+00:00,0.0,0.0,0.0,0.0,63.71999999999999,66.2925,60.254000000000005,1.9560988282314453,3.3416486815533095,45.96651350309142,0.3296732473492483,-0.8202621078922785,1.1499353552415268,511488.5
230907,GUINNESS,2024-07-30,60.5,60.5,9745538,2026-04-08T04:17:43.080384+00:00,-4.7244094488189,0.0,0.0,-1.4615384615384697,63.010000000000005,65.9675,60.404,2.195076113424533,3.4194786951552745,32.02797427668381,-0.012009885748476279,-0.9295561927920025,0.9175463070435262,981957.1
231025,GUINNESS,2024-07-31,61.9,61.9,9509362,2026-04-08T04:17:45.61458+00:00,2.3140495867768562,-4.7244094488189,0.0,0.0,62.58,65.5625,60.582,1.9804278327695632,3.4307084193396378,41.016665868278544,-0.16789256967691557,-0.8683511013763535,0.700458531699438,1193975.25
231143,GUINNESS,2024-08-01,61.0,61.0,9457704,2026-04-08T04:17:47.950902+00:00,-1.4539579967689842,2.3140495867768562,-0.8587041373926629,0.0,62.08,65.1125,60.742,1.9841707352374063,3.44002086239264,37.57648282203625,-0.35990444375558184,-0.8482903803640158,0.48838593660843405,1659671.7
231261,GUINNESS,2024-08-02,63.5,63.5,9496969,2026-04-08T04:17:50.372085+00:00,4.098360655737698,-1.4539579967689842,0.0,0.0,62.08,64.7875,60.952,2.2503862250948985,3.4804256057745344,50.09717896896381,-0.30680942266329936,-0.6361562874173867,0.32934686475408737,2131608.8
231379,GUINNESS,2024-08-05,63.5,63.5,58750,2026-04-08T04:17:54.929581+00:00,0.0,4.098360655737698,0.0,0.0,62.08,64.4625,61.162,2.2503862250948985,3.4804256057745344,50.0971789689638,-0.26171435573728274,-0.4728489763930961,0.21113462065581334,2127177.0
231497,GUINNESS,2024-08-06,63.5,63.5,282834,2026-04-08T04:17:57.472912+00:00,0.0,0.0,-4.7244094488189,0.0,62.67999999999999,64.1375,61.42799999999999,2.2503862250948985,3.3826185211768154,50.0971789689638,-0.22340096306605517,-0.34762846697749483,0.12422750391143964,2136304.95
231615,GUINNESS,2024-08-07,63.5,63.5,45514,2026-04-08T04:17:59.948734+00:00,0.0,0.0,2.3140495867768562,0.0,63.0,63.8125,61.705999999999996,2.2503862250948985,3.3744325524034267,50.09717896896381,-0.19083746780436428,-0.2520519773726431,0.061214509568278855,2124937.1
231733,GUINNESS,2024-08-08,63.5,63.5,377345,2026-04-08T04:18:02.36647+00:00,0.0,0.0,-1.4539579967689842,-0.8587041373926629,63.5,63.4875,61.983999999999995,2.2503862250948985,3.3744325524034267,50.09717896896381,-0.16314997188361957,-0.17949158516151875,0.016341613277899167,2141414.15
231851,GUINNESS,2024-08-09,63.5,63.5,124115,2026-04-08T04:18:04.674683+00:00,0.0,0.0,4.098360655737698,0.0,63.5,63.4125,62.25899999999999,1.6098590987781303,3.3751529778416183,50.09717896896381,-0.13959823038579344,-0.12475187493095409,-0.014846355454839354,2073017.55
231969,GUINNESS,2024-08-12,63.5,63.5,192198,2026-04-08T04:18:08.918743+00:00,0.0,0.0,0.0,0.0,63.5,63.3375,62.534,1.6098590987781303,3.3751529778416183,50.0971789689638,-0.11955514823921476,-0.08376703422750031,-0.03578811401171444,2079148.8
232087,GUINNESS,2024-08-13,63.5,63.5,55129,2026-04-08T04:18:11.387792+00:00,0.0,0.0,0.0,-4.7244094488189,63.5,63.31,62.812,1.5778614233909376,3.3738840720910037,50.09717896896382,-0.10248942691936946,-0.05336105032612402,-0.04912837659324545,2075180.55
232205,GUINNESS,2024-08-14,63.5,63.5,150779,2026-04-08T04:18:13.859526+00:00,0.0,0.0,0.0,2.3140495867768562,63.5,63.28249999999999,63.090999999999994,1.5778614233909376,3.373518461804708,50.09717896896381,-0.08795087686057457,-0.03105800021386329,-0.05689287664671128,2069090.85
232323,GUINNESS,2024-08-15,63.5,63.5,13524,2026-04-08T04:18:16.357381+00:00,0.0,0.0,0.0,-1.4539579967689842,63.5,63.254999999999995,63.36999999999999,1.5778614233909376,3.373518461804708,50.09717896896381,-0.07555798576766648,-0.014932087296764159,-0.06062589847090232,2046901.3
232441,GUINNESS,2024-08-16,63.5,63.5,202935,2026-04-08T04:18:18.692447+00:00,0.0,0.0,0.0,4.098360655737698,63.5,63.2275,63.642999999999994,1.5778614233909376,3.374402464565039,50.0971789689638,-0.06498739604225534,-0.003489198057082414,-0.06149819798517293,2042157.5
232559,GUINNESS,2024-08-19,63.5,63.5,21239,2026-04-08T04:18:23.063194+00:00,0.0,0.0,0.0,0.0,63.5,63.2,63.916,1.5778614233909376,3.374402464565039,50.0971789689638,-0.0559649978694452,0.004426560092582188,-0.06039155796202739,2037822.9
232677,GUINNESS,2024-08-20,63.5,63.5,255389,2026-04-08T04:18:25.366221+00:00,0.0,0.0,0.0,0.0,63.5,63.1725,64.19099999999999,1.5778614233909376,3.373625469814407,50.097178968963796,-0.048258389638682786,0.009706534658675686,-0.05796492429735847,2048929.8
232795,GUINNESS,2024-08-21,63.5,63.5,245254,2026-04-08T04:18:27.861334+00:00,0.0,0.0,0.0,0.0,63.5,63.144999999999996,64.464,1.5778614233909376,3.374159902856406,50.0971789689638,-0.041670495558861376,0.013035542990797684,-0.05470603854965906,2057268.3
232913,GUINNESS,2024-08-22,63.5,63.5,128319,2026-04-08T04:18:30.156184+00:00,0.0,0.0,0.0,0.0,63.5,63.144999999999996,64.723,1.5657970099244554,3.3726469214737413,50.097178968963796,-0.03603416264095216,0.014937500726965522,-0.05097166336791768,2042405.6
233031,GUINNESS,2024-08-23,63.5,63.5,151169,2026-04-08T04:18:32.497978+00:00,0.0,0.0,0.0,0.0,63.5,63.144999999999996,64.982,1.5657970099244554,3.3726469214737413,50.097178968963796,-0.031207586564057976,0.015811261443087768,-0.047018848007145744,2030088.7
233149,GUINNESS,2024-08-26,63.5,63.5,140634,2026-04-08T04:18:37.19542+00:00,0.0,0.0,0.0,0.0,63.5,63.144999999999996,65.15599999999999,1.5657970099244554,3.1746367266856432,50.097178968963796,-0.027070439078585196,0.01595872714284844,-0.043029166221433636,2032735.0
233267,GUINNESS,2024-08-27,63.5,63.5,149356,2026-04-08T04:18:39.561091+00:00,0.0,0.0,0.0,0.0,63.5,63.294999999999995,65.33,1.1011015292654212,3.1746367266856432,50.097178968963796,-0.023520589178822604,0.01560686163408883,-0.039127450812911434,1552925.9
233385,GUINNESS,2024-08-28,63.5,63.5,43201,2026-04-08T04:18:42.048567+00:00,0.0,0.0,0.0,0.0,63.5,63.375,65.395,0.9883774755609667,2.8562504788213827,50.097178968963796,-0.0204713268450476,0.014924899174291066,-0.035396226019338665,1079617.85
233503,GUINNESS,2024-08-29,63.5,63.5,29752,2026-04-08T04:18:44.36768+00:00,0.0,0.0,0.0,0.0,63.5,63.5,65.265,0.9164213022540091,1.673699619200831,50.097178968963796,-0.01784901217506274,0.014037771075420744,-0.03188678325048348,608220.25
233621,GUINNESS,2024-09-02,63.5,63.5,397037,2026-04-08T04:18:49.632285+00:00,0.0,0.0,0.0,0.0,63.5,63.5,65.135,0.0,1.673699619200831,50.09717896896379,-0.015591084588315596,0.01303655892973431,-0.028627643518049906,153223.65
233739,GUINNESS,2024-09-03,63.5,63.5,323757,2026-04-08T04:18:52.389232+00:00,0.0,0.0,0.0,0.0,63.5,63.5,65.005,0.0,1.673699619200831,50.09717896896379,-0.013644376825617144,0.011986613353946213,-0.025630990179563357,166474.0
233857,GUINNESS,2024-09-04,63.5,63.5,363236,2026-04-08T04:18:54.875674+00:00,0.0,0.0,0.0,0.0,63.5,63.5,64.875,0.0,1.673699619200831,50.09717896896378,-0.011963686962239706,0.010933842573858921,-0.022897529536098627,170494.1
233975,GUINNESS,2024-09-05,63.5,63.5,194985,2026-04-08T04:18:57.763256+00:00,0.0,0.0,0.0,0.0,63.5,63.5,64.745,0.0,1.673699619200831,50.09717896896379,-0.010510568841787915,0.00990956855544857,-0.020420137397236485,177967.65
234093,GUINNESS,2024-09-06,63.5,63.5,121762,2026-04-08T04:19:00.536712+00:00,0.0,0.0,0.0,0.0,63.5,63.5,64.615,0.0,1.673699619200831,50.09717896896379,-0.009252307421583339,0.008934263980522519,-0.018186571402105858,165188.5
234211,GUINNESS,2024-09-09,63.5,63.5,65956,2026-04-08T04:19:05.495104+00:00,0.0,0.0,0.0,0.0,63.5,63.5,64.545,0.0,1.5654221819524587,50.09717896896378,-0.00816105066876105,0.008020416586675846,-0.016181467255436895,162280.55
234329,GUINNESS,2024-09-10,63.5,63.5,48919,2026-04-08T04:19:08.070871+00:00,0.0,0.0,0.0,0.0,63.5,63.5,64.475,0.0,1.5654221819524587,50.09717896896378,-0.007213074002947906,0.007174714601991192,-0.014387788604939097,155116.6
234447,GUINNESS,2024-09-11,63.5,63.5,43617,2026-04-08T04:19:10.663572+00:00,0.0,0.0,0.0,0.0,63.5,63.5,64.405,0.0,1.5654221819524587,50.097178968963775,-0.006388156968441194,0.0063997053091983235,-0.012787862277639518,154541.0
234565,GUINNESS,2024-09-12,63.5,63.5,366336,2026-04-08T04:19:13.371302+00:00,0.0,0.0,0.0,0.0,63.5,63.5,64.275,0.0,1.4198001428958387,50.09717896896378,-0.005669054938913121,0.005695045870981118,-0.011364100809894239,165318.85
234683,GUINNESS,2024-09-13,63.5,63.5,536005,2026-04-08T04:19:16.033041+00:00,0.0,0.0,0.0,0.0,63.5,63.5,64.145,0.0,1.4198001428958387,50.09717896896378,-0.005041051298242394,0.005058439609321477,-0.01009949090756387,191442.9
234801,GUINNESS,2024-09-17,63.5,63.5,280710,2026-04-08T04:19:22.824888+00:00,0.0,0.0,0.0,0.0,63.5,63.5,64.015,0.0,1.4198001428958387,50.09717896896379,-0.004491577775802114,0.0044863305054094055,-0.008977908281211519,195331.65
234919,GUINNESS,2024-09-18,63.5,63.5,148988,2026-04-08T04:19:25.915955+00:00,0.0,0.0,0.0,0.0,63.5,63.5,63.885,0.0,1.4198001428958387,50.09717896896379,-0.004009892505784762,0.003974412620341405,-0.007984305126126167,201719.1
235037,GUINNESS,2024-09-19,63.5,63.5,634241,2026-04-08T04:19:28.330134+00:00,0.0,0.0,0.0,0.0,63.5,63.5,63.755,0.0,1.4198001428958387,50.09717896896378,-0.0035868069807705183,0.00351799851628452,-0.007104805497055038,220661.7
235155,GUINNESS,2024-09-20,63.5,63.5,106047,2026-04-08T04:19:30.82066+00:00,0.0,0.0,0.0,0.0,63.5,63.5,63.625,0.0,1.4198001428958387,50.09717896896379,-0.003214454424359303,0.0031122808581565886,-0.006326735282515892,213701.35
235273,GUINNESS,2024-09-23,65.0,65.0,363477,2026-04-08T04:19:35.29526+00:00,2.3622047244094446,0.0,0.0,0.0,63.8,63.575,63.525,0.5282050340550675,1.4646601448527707,80.00078812506538,0.11677202640387208,0.09847900934911037,0.018293017054761704,225459.25
235391,GUINNESS,2024-09-24,65.0,65.0,55377,2026-04-08T04:19:37.629736+00:00,0.0,2.3622047244094446,0.0,0.0,64.1,63.65,63.525,0.5282050340550675,1.0598168797045555,80.0007881250654,0.20944779313363426,0.15292382086309803,0.056523972270536224,220669.65
235509,GUINNESS,2024-09-25,65.0,65.0,369692,2026-04-08T04:19:40.096992+00:00,0.0,0.0,0.0,0.0,64.4,63.725,63.525,0.5282050340550675,1.0598168797045555,80.0007881250654,0.27967014264403645,0.17851693629880017,0.10115320634523628,232122.55
235627,GUINNESS,2024-09-26,63.5,63.5,293055,2026-04-08T04:19:42.676048+00:00,-2.3076923076923106,0.0,0.0,0.0,64.4,63.725,63.513999999999996,0.7576037836434218,1.0900454062597682,45.7557236131573,0.21184240915339103,0.0885513622465238,0.12329104690686724,239307.5
235745,GUINNESS,2024-09-27,63.5,63.5,13052,2026-04-08T04:19:45.342636+00:00,0.0,-2.3076923076923106,0.0,0.0,64.4,63.725,63.50299999999999,0.7576037836434218,1.0900454062597682,45.75572361315731,0.15628686400655312,0.026396653679748694,0.12989021032680442,237800.05
235863,GUINNESS,2024-09-30,65.0,65.0,1273394678,2026-04-08T04:19:50.223917+00:00,2.3622047244094446,0.0,2.3622047244094446,0.0,64.4,63.8,63.522,0.9231935424616841,1.1405694395359738,63.75129347955632,0.23063751252105646,0.08059784175540163,0.15003967076565483,63906046.35
235981,GUINNESS,2024-10-02,65.0,65.0,253597,2026-04-08T04:19:53.821423+00:00,0.0,2.3622047244094446,0.0,0.0,64.4,63.875,63.541,0.9231935424616841,1.1405694395359738,63.75129347955631,0.2862610973968458,0.10897714130495278,0.177283956091893,63898874.35
236099,GUINNESS,2024-10-03,65.0,65.0,418771,2026-04-08T04:19:56.203135+00:00,0.0,0.0,0.0,0.0,64.4,63.95,63.56,0.9231935424616841,1.1405694395359738,63.75129347955632,0.3265785944089714,0.11943571065366271,0.2071428837553087,63903625.05
236217,GUINNESS,2024-10-04,68.0,68.0,850484,2026-04-08T04:19:58.634737+00:00,4.615384615384621,0.0,-2.3076923076923106,0.0,65.3,64.175,63.638999999999996,1.3633302588506826,1.311557200724532,80.177849081325,0.5937609229010121,0.30929443131656276,0.28446649158444937,63927987.45
236335,GUINNESS,2024-10-07,68.0,68.0,280931,2026-04-08T04:20:03.05432+00:00,0.0,4.615384615384621,0.0,0.0,66.2,64.4,63.71799999999999,1.3633302588506826,1.311557200724532,80.177849081325,0.7963253008033035,0.40948704737508335,0.3868382534282202,63932284.75
236453,GUINNESS,2024-10-08,61.2,61.2,10296687,2026-04-08T04:20:05.535519+00:00,-9.999999999999998,0.0,2.3622047244094446,2.3622047244094446,65.44,64.285,63.672,2.6886390634411335,1.9389834597073747,36.58963405251517,0.4035045108315529,0.013333005922666119,0.3901715049088868,64441031.0
236571,GUINNESS,2024-10-10,65.0,65.0,1125927,2026-04-08T04:20:08.855054+00:00,6.209150326797386,-9.999999999999998,0.0,0.0,65.44,64.36,63.702,3.0419479846269764,2.1318032014535397,52.22138445574213,0.39427449577299,0.0032823926912824986,0.3909921030817075,64494029.55
236689,GUINNESS,2024-10-11,65.0,65.0,309895,2026-04-08T04:20:11.460237+00:00,0.0,6.209150326797386,0.0,0.0,65.44,64.435,63.732,3.0419479846269764,2.1318032014535397,52.22138445574214,0.38254984584649776,-0.006753805788167866,0.3893036516346656,64507078.35
236807,GUINNESS,2024-10-14,65.0,65.0,855898,2026-04-08T04:20:16.284622+00:00,0.0,0.0,4.615384615384621,-2.3076923076923106,64.84,64.51,63.821999999999996,3.0419479846269764,2.016571476262876,52.22138445574214,0.36900432415654905,-0.01623946198249332,0.38524378613904237,64547692.4
236926,GUINNESS,2024-10-15,65.0,65.0,1498651,2026-04-08T04:20:18.84933+00:00,0.0,0.0,0.0,0.0,64.24,64.58500000000001,63.88400000000001,3.0419479846269764,1.9926319602510594,52.22138445574214,0.3541865584546713,-0.024845782147496887,0.37903234060216817,64604308.15
237045,GUINNESS,2024-10-17,65.0,65.0,1661575,2026-04-08T04:20:23.389134+00:00,0.0,0.0,-9.999999999999998,2.3622047244094446,65.0,64.66,63.964000000000006,3.0419479846269764,1.9797956542513753,52.22138445574214,0.3385408838055639,-0.03239316543728343,0.37093404924284734,64660586.65
237164,GUINNESS,2024-10-18,65.0,65.0,54348,2026-04-08T04:20:26.17489+00:00,0.0,0.0,6.209150326797386,0.0,65.0,64.735,63.99400000000001,3.0419479846269764,1.8959176052791964,52.22138445574213,0.32242486083198685,-0.038807350728688406,0.36123221156067525,64649268.55
237283,GUINNESS,2024-10-21,65.0,65.0,135889,2026-04-08T04:20:30.541886+00:00,0.0,0.0,0.0,0.0,65.0,64.81,64.024,3.0419479846269764,1.8959176052791964,52.22138445574213,0.3061239897178467,-0.04408657747426281,0.3502105671921095,64648613.6
237402,GUINNESS,2024-10-22,65.0,65.0,14186,2026-04-08T04:20:32.890604+00:00,0.0,0.0,0.0,4.615384615384621,65.0,64.885,64.054,3.0419479846269764,1.8959176052791964,52.22138445574213,0.28986405947495086,-0.048277206173726994,0.33814126564867786,64617610.85
237521,GUINNESS,2024-10-23,65.0,65.0,111953,2026-04-08T04:20:35.186729+00:00,0.0,0.0,0.0,0.0,65.0,64.96000000000001,64.084,3.0419479846269764,1.8959176052791964,52.22138445574213,0.27382150376354275,-0.051455809508108075,0.3252773132716508,64617906.15
237640,GUINNESS,2024-10-24,65.0,65.0,475887,2026-04-08T04:20:37.740613+00:00,0.0,0.0,0.0,-9.999999999999998,65.0,64.96000000000001,64.114,2.997561655243547,1.8959176052791964,52.22138445574213,0.25813207688123896,-0.053716189112329504,0.31184826599356846,64623526.65
237759,GUINNESS,2024-10-25,65.0,65.0,54494,2026-04-08T04:20:40.222387+00:00,0.0,0.0,0.0,6.209150326797386,65.0,64.96000000000001,64.144,2.997561655243547,1.8959176052791964,52.22138445574214,0.24289811477252954,-0.05516012097683115,0.2980582357493607,64623482.5
237878,GUINNESS,2024-10-28,65.0,65.0,183077,2026-04-08T04:20:44.742576+00:00,0.0,0.0,0.0,0.0,65.0,64.96000000000001,64.174,2.997561655243547,1.8959176052791964,52.22138445574213,0.22819460468994635,-0.05589090484753145,0.2840855095374778,64614151.75
237997,GUINNESS,2024-10-29,65.0,65.0,18207,2026-04-08T04:20:47.136244+00:00,0.0,0.0,0.0,0.0,65.0,65.035,64.20400000000001,2.9462515757411594,1.8959176052791964,52.22138445574214,0.21407425229259047,-0.05600900579590984,0.2700832580885003,64600409.35
238116,GUINNESS,2024-10-30,65.0,65.0,61643,2026-04-08T04:20:49.405969+00:00,0.0,0.0,0.0,0.0,65.0,65.11,64.23400000000001,2.9462515757411594,1.8959176052791964,52.22138445574213,0.2005717055164098,-0.055609242057672426,0.2561809475740822,64602838.9
238235,GUINNESS,2024-10-31,65.0,65.0,133969,2026-04-08T04:20:51.756515+00:00,0.0,0.0,0.0,0.0,65.0,65.11,64.26400000000001,2.90028428765502,1.8959176052791964,52.221384455742125,0.18770706966023454,-0.05477910233107816,0.2424861719913127,939803.45
238354,GUINNESS,2024-11-01,65.0,65.0,279768,2026-04-08T04:20:54.1075+00:00,0.0,0.0,0.0,0.0,65.0,65.11,64.29400000000001,2.90028428765502,1.8959176052791964,52.22138445574214,0.17548882709873226,-0.05359787591406437,0.22908670301279663,941112.0
238473,GUINNESS,2024-11-04,65.0,65.0,160953,2026-04-08T04:20:58.471072+00:00,0.0,0.0,0.0,0.0,65.0,65.11,64.32400000000001,2.90028428765502,1.8959176052791964,52.22138445574213,0.16391625726167547,-0.05213635660089694,0.2160526138625724,928221.1
238592,GUINNESS,2024-11-05,65.0,65.0,462269,2026-04-08T04:21:01.00344+00:00,0.0,0.0,0.0,0.0,65.0,64.96000000000001,64.354,2.693413220183512,1.8959176052791964,52.22138445574213,0.15298143750601412,-0.05045694108524665,0.20343837859126077,908810.35
238711,GUINNESS,2024-11-06,65.0,65.0,21779,2026-04-08T04:21:03.585377+00:00,0.0,0.0,0.0,0.0,65.0,64.81,64.384,2.693413220183512,1.8959176052791964,52.221384455742125,0.14267089282559198,-0.04861398861253505,0.19128488143812702,895852.75
238830,GUINNESS,2024-11-07,65.0,65.0,110818,2026-04-08T04:21:06.256351+00:00,0.0,0.0,0.0,0.0,65.0,65.0,64.414,1.3884082213233981,1.8959176052791964,52.22138445574214,0.13296695163350591,-0.046654343843696905,0.17962129547720282,386559.3
238949,GUINNESS,2024-11-08,65.0,65.0,39967,2026-04-08T04:21:08.623134+00:00,0.0,0.0,0.0,0.0,65.0,65.0,64.444,0.0,1.8959176052791964,52.221384455742125,0.12384885580912908,-0.04461795173445901,0.1684668075435881,332261.3
239068,GUINNESS,2024-11-11,65.0,65.0,242008,2026-04-08T04:21:12.782875+00:00,0.0,0.0,0.0,0.0,65.0,65.0,64.474,0.0,1.8959176052791964,52.221384455742125,0.11529366556713683,-0.042538513581161036,0.15783217914829786,328866.95
239187,GUINNESS,2024-11-12,65.0,65.0,75519,2026-04-08T04:21:15.417322+00:00,0.0,0.0,0.0,0.0,65.0,65.0,64.504,0.0,1.8959176052791964,52.22138445574213,0.10727699326281481,-0.040444148708386446,0.14772114197120126,289848.0
239306,GUINNESS,2024-11-13,65.0,65.0,500682,2026-04-08T04:21:17.790166+00:00,0.0,0.0,0.0,0.0,65.0,65.0,64.534,0.0,1.8959176052791964,52.22138445574213,0.09977359481055714,-0.038358037728515315,0.13813163253907246,239949.55
239425,GUINNESS,2024-11-14,65.0,65.0,3954766,2026-04-08T04:21:20.354873+00:00,0.0,0.0,0.0,0.0,65.0,65.0,64.56400000000001,0.0,1.8959176052791964,52.221384455742125,0.0927578428059661,-0.03629903178648508,0.1290568745924512,354609.1
239544,GUINNESS,2024-11-15,65.0,65.0,185433,2026-04-08T04:21:22.90937+00:00,0.0,0.0,0.0,0.0,65.0,65.0,64.59400000000001,0.0,1.8959176052791964,52.22138445574213,0.08620410157381286,-0.034282218414910665,0.12048631998872353,361163.35
239663,GUINNESS,2024-11-18,62.0,62.0,4972006,2026-04-08T04:21:27.576358+00:00,-4.61538461538461,0.0,0.0,0.0,64.4,64.85,64.56400000000001,1.032031374230671,2.0081710603784724,22.349736412036016,-0.15922921821291425,-0.22377243056131021,0.06454321234839597,602969.2
239782,GUINNESS,2024-11-19,65.0,65.0,1650245,2026-04-08T04:21:29.868433+00:00,4.8387096774193505,-4.61538461538461,0.0,0.0,64.4,64.85,64.59400000000001,1.5340416652907782,2.122837961988349,51.94971739222737,-0.11038946342229394,-0.13994614061655192,0.029556677194257988,684772.15
239901,GUINNESS,2024-11-20,65.0,65.0,24863,2026-04-08T04:21:32.433299+00:00,0.0,4.8387096774193505,0.0,0.0,64.4,64.85,64.62400000000001,1.5340416652907782,2.122837961988349,51.94971739222738,-0.07086669868979811,-0.08033870070724489,0.009472002017446766,680417.65
240020,GUINNESS,2024-11-21,65.0,65.0,51791,2026-04-08T04:21:34.755564+00:00,0.0,0.0,0.0,0.0,64.4,64.85,64.65400000000001,1.5340416652907782,2.122837961988349,51.94971739222737,-0.039093971919996306,-0.038852779149954456,-0.0002411927700418483,659212.85
240139,GUINNESS,2024-11-22,65.0,65.0,71012,2026-04-08T04:21:37.514754+00:00,0.0,0.0,0.0,0.0,64.4,64.85,64.68400000000001,1.5340416652907782,2.122837961988349,51.94971739222737,-0.013755294571367926,-0.010811281441060862,-0.0029440131303070643,660038.75
240258,GUINNESS,2024-11-25,65.0,65.0,56128,2026-04-08T04:21:41.818387+00:00,0.0,0.0,-4.61538461538461,0.0,65.0,64.85,64.714,1.5340416652907782,2.122837961988349,51.94971739222738,0.0062537010102801105,0.0073581713124697395,-0.0011044703021896294,653691.3
240377,GUINNESS,2024-11-26,62.0,62.0,5212798,2026-04-08T04:21:44.163824+00:00,-4.61538461538461,0.0,4.8387096774193505,0.0,64.4,64.7,64.68400000000001,1.8503506393483622,2.2238547316988604,33.469114452269466,-0.21745724206402883,-0.17308221740947136,-0.04437502465455748,913420.85
240496,GUINNESS,2024-11-27,62.0,62.0,11172,2026-04-08T04:21:46.720727+00:00,0.0,-4.61538461538461,0.0,0.0,63.8,64.55,64.65400000000001,1.8503506393483622,2.2238547316988604,33.469114452269466,-0.3902512032525891,-0.2767009428784253,-0.11355026037416381,910897.3
240615,GUINNESS,2024-11-28,62.0,62.0,38759,2026-04-08T04:21:49.110263+00:00,0.0,0.0,0.0,0.0,63.2,64.4,64.62400000000001,1.8503506393483622,2.2238547316988604,33.469114452269466,-0.5211837802151038,-0.326106815872752,-0.19507696434235183,906136.8
240734,GUINNESS,2024-12-02,62.0,62.0,229358,2026-04-08T04:21:54.88401+00:00,0.0,0.0,0.0,0.0,62.6,64.25,64.59400000000001,1.8503506393483622,2.2238547316988604,33.469114452269466,-0.6178268672345553,-0.3381999223137627,-0.27962694492079254,903616.3
240853,GUINNESS,2024-12-03,62.0,62.0,1053639,2026-04-08T04:21:57.640504+00:00,0.0,0.0,0.0,-4.61538461538461,62.0,64.1,64.56400000000001,1.8503506393483622,2.2238547316988604,33.469114452269466,-0.6865036235348754,-0.32550134289126625,-0.3610022806436091,948250.6
240972,GUINNESS,2024-12-04,62.0,62.0,157174,2026-04-08T04:21:59.930228+00:00,0.0,0.0,-4.61538461538461,4.8387096774193505,62.0,63.95,64.534,1.8503506393483622,2.2238547316988604,33.469114452269466,-0.7324867958666417,-0.29718761217842604,-0.43529918368821563,932995.85
241091,GUINNESS,2024-12-06,62.0,62.0,6058,2026-04-08T04:22:03.392712+00:00,0.0,0.0,0.0,0.0,62.0,63.8,64.504,1.8503506393483622,2.2238547316988604,33.469114452269466,-0.7601660699628496,-0.2598935090197072,-0.5002725609431424,932209.8
241210,GUINNESS,2024-12-09,62.0,62.0,196388,2026-04-08T04:22:07.745808+00:00,0.0,0.0,0.0,0.0,62.0,63.65,64.444,1.8503506393483622,2.1970788325259396,33.469114452269466,-0.7731892497252559,-0.21833335102569085,-0.5548558986995651,936488.3
241329,GUINNESS,2024-12-10,62.0,62.0,33625,2026-04-08T04:22:10.112253+00:00,0.0,0.0,0.0,0.0,62.0,63.5,64.384,1.8503506393483622,2.1970788325259396,33.46911445226946,-0.7745813221918141,-0.17578033879379917,-0.5988009833980149,936171.2
241448,GUINNESS,2024-12-11,62.0,62.0,89400,2026-04-08T04:22:12.639548+00:00,0.0,0.0,0.0,0.0,62.0,63.35,64.32400000000001,1.8503506393483622,2.1970788325259396,33.469114452269466,-0.7668448396833725,-0.13443508502828605,-0.6324097546550864,928540.8
241567,GUINNESS,2024-12-12,65.0,65.0,6165349,2026-04-08T04:22:15.033357+00:00,4.8387096774193505,0.0,0.0,-4.61538461538461,62.6,63.35,64.354,2.169402029712513,2.279460536975767,61.904287708843036,-0.5127282811404754,0.09574517881168887,-0.6084734599521643,1233032.3
241686,GUINNESS,2024-12-13,65.0,65.0,1225907,2026-04-08T04:22:17.509919+00:00,0.0,4.8387096774193505,0.0,0.0,63.2,63.35,64.384,2.169402029712513,2.279460536975767,61.90428770884303,-0.3077910540069837,0.24054592475614456,-0.5483369787631283,1269293.55
241805,GUINNESS,2024-12-16,65.0,65.0,1051864,2026-04-08T04:22:22.499781+00:00,0.0,0.0,0.0,0.0,63.8,63.35,64.384,2.169402029712513,2.255391624800559,61.90428770884303,-0.1437201090561615,0.32369349576557344,-0.46741360482173494,1124148.45
241924,GUINNESS,2024-12-17,65.0,65.0,759511,2026-04-08T04:22:24.995572+00:00,0.0,0.0,0.0,0.0,64.4,63.35,64.384,2.169402029712513,2.255391624800559,61.90428770884303,-0.013536660914567733,0.3631015551257338,-0.3766382160403015,1152852.35
242043,GUINNESS,2024-12-18,67.0,67.0,718432,2026-04-08T04:22:27.498126+00:00,3.076923076923066,0.0,0.0,0.0,65.4,63.6,64.424,1.9772831138910583,2.2962899564566697,72.45923464358127,0.2481573415999634,0.4998364461122119,-0.2516791045122485,940173.65
242162,GUINNESS,2024-12-19,67.0,67.0,115343,2026-04-08T04:22:29.868083+00:00,0.0,3.076923076923066,4.8387096774193505,0.0,65.8,63.7,64.40400000000001,1.6801904688809228,2.2013416486426056,72.45923464358128,0.4503602513580631,0.5616314846962494,-0.11127123333818617,863428.55
242281,GUINNESS,2024-12-20,67.0,67.0,349718,2026-04-08T04:22:32.392508+00:00,0.0,0.0,0.0,0.0,66.2,63.8,64.384,1.6801904688809228,2.2013416486426056,72.45923464358127,0.6036490239450956,0.5719362058266254,0.03171281811847018,879671.3
242400,GUINNESS,2024-12-23,67.0,67.0,276747,2026-04-08T04:22:36.740311+00:00,0.0,0.0,0.0,0.0,66.6,63.9,64.5,1.6801904688809228,1.6632661391791923,72.45923464358127,0.7168678739896848,0.5481240446969716,0.16874382929271312,890919.1
242519,GUINNESS,2024-12-24,67.0,67.0,123010,2026-04-08T04:22:39.25804+00:00,0.0,0.0,0.0,0.0,67.0,64.0,64.54,1.6801904688809228,1.4188880184763222,72.45923464358127,0.7974026667711769,0.502927069982771,0.2944755967884059,893519.0
242638,GUINNESS,2024-12-27,67.0,67.0,215297,2026-04-08T04:22:43.946119+00:00,0.0,0.0,3.076923076923066,0.0,67.0,64.1,64.58,1.6801904688809228,1.4188880184763222,72.45923464358128,0.8514125167649809,0.4455495359812599,0.40586298078372096,901477.45
242757,GUINNESS,2024-12-31,70.25,70.25,102951,2026-04-08T04:22:48.665239+00:00,4.850746268656714,0.0,0.0,4.8387096774193505,67.65,64.5125,64.685,1.593758957185922,1.5715868974341924,83.82172664892897,1.1432844788197798,0.5899371984288471,0.5533472803909327,645985.1
242875,GUINNESS,2025-01-02,70.25,70.25,100660,2026-04-08T04:22:52.256438+00:00,0.0,4.850746268656714,0.0,0.0,68.3,64.925,64.79,1.593758957185922,1.5715868974341924,83.82172664892897,1.358930210015771,0.6444663436998705,0.7144638663159004,650459.5
242993,GUINNESS,2025-01-03,70.25,70.25,211865,2026-04-08T04:22:55.101113+00:00,0.0,0.0,0.0,0.0,68.95,65.3375,64.895,1.593758957185922,1.5715868974341924,83.82172664892896,1.5123970340580257,0.6383465341937002,0.8740504998643255,659114.8
243111,GUINNESS,2025-01-06,70.25,70.25,214081,2026-04-08T04:23:00.046313+00:00,0.0,0.0,0.0,0.0,69.6,65.75,65.0,1.593758957185922,1.5715868974341924,83.82172664892896,1.615399280426658,0.5930790244498658,1.022320255976792,658350.95
243229,GUINNESS,2025-01-07,70.25,70.25,80757,2026-04-08T04:23:02.329348+00:00,0.0,0.0,0.0,3.076923076923066,70.25,66.1625,65.105,1.593758957185922,1.5715868974341924,83.82172664892896,1.6776899374912375,0.5242957452115562,1.1533941922796813,609706.85
243347,GUINNESS,2025-01-08,70.25,70.25,175864,2026-04-08T04:23:04.632968+00:00,0.0,0.0,4.850746268656714,0.0,70.25,66.575,65.21,1.593758957185922,1.5715868974341924,83.82172664892897,1.7073741851915116,0.4431839943294642,1.2641901908620474,610641.35
243465,GUINNESS,2025-01-09,65.0,65.0,299639,2026-04-08T04:23:06.908261+00:00,-7.473309608540923,0.0,0.0,0.0,69.2,66.725,65.21,2.41551818174352,1.907349309823171,41.0963992139494,1.2923703999402392,0.02254416726255326,1.269826232677686,625320.4
243583,GUINNESS,2025-01-10,65.0,65.0,35481,2026-04-08T04:23:09.304805+00:00,0.0,-7.473309608540923,0.0,0.0,68.15,66.875,65.21,2.41551818174352,1.907349309823171,41.0963992139494,0.9524971163395151,-0.2538632930705367,1.2063604094100517,617275.05
243701,GUINNESS,2025-01-13,65.0,65.0,120146,2026-04-08T04:23:13.790041+00:00,0.0,0.0,0.0,0.0,67.1,67.025,65.21,2.41551818174352,1.907349309823171,41.096399213949404,0.6753599611954684,-0.42480035857166665,1.100160319767135,621601.1
243819,GUINNESS,2025-01-14,65.0,65.0,239187,2026-04-08T04:23:16.129929+00:00,0.0,0.0,0.0,0.0,66.05,67.175,65.21,2.41551818174352,1.907349309823171,41.0963992139494,0.45053330162456007,-0.5197016145140599,0.97023491613862,629090.45
243937,GUINNESS,2025-01-15,70.0,70.0,2965678,2026-04-08T04:23:18.535433+00:00,7.692307692307687,0.0,0.0,4.850746268656714,66.0,67.425,65.31,2.759679039425228,2.194482970912017,64.36450492490525,0.668113174591781,-0.2416973932374713,0.9098105678292523,469106.9
244055,GUINNESS,2025-01-16,70.0,70.0,33465,2026-04-08T04:23:20.834867+00:00,0.0,7.692307692307687,-7.473309608540923,0.0,67.0,67.675,65.41,2.759679039425228,2.194482970912017,64.36450492490525,0.8309679106818635,-0.06307412571791104,0.8940420363997745,409484.8
244173,GUINNESS,2025-01-17,70.0,70.0,144214,2026-04-08T04:23:23.141674+00:00,0.0,0.0,0.0,0.0,68.0,67.925,65.51,2.759679039425228,2.194482970912017,64.36450492490525,0.9490909328529398,0.04403911716253206,0.9050518156904077,364102.3
244291,GUINNESS,2025-01-20,70.0,70.0,165339,2026-04-08T04:23:27.482452+00:00,0.0,0.0,0.0,0.0,69.0,68.175,65.61,2.759679039425228,2.194482970912017,64.36450492490525,1.0308216091083011,0.10061583473431468,0.9302057743739864,334393.7
244409,GUINNESS,2025-01-21,70.0,70.0,17134,2026-04-08T04:23:29.752731+00:00,0.0,0.0,0.0,0.0,70.0,68.325,65.71,2.6878535567798396,2.194482970912017,64.36450492490525,1.0831083599168352,0.12232206843427895,0.9607862914825562,299328.8
244527,GUINNESS,2025-01-22,70.0,70.0,69730,2026-04-08T04:23:32.235559+00:00,0.0,0.0,7.692307692307687,0.0,70.0,68.475,65.81,2.6878535567798396,2.194482970912017,64.36450492490525,1.1117306477592166,0.12075548502132827,0.9909751627378883,297048.15
244645,GUINNESS,2025-01-23,70.0,70.0,40586,2026-04-08T04:23:34.519549+00:00,0.0,0.0,0.0,-7.473309608540923,70.0,68.625,65.91,2.6878535567798396,2.194482970912017,64.36450492490523,1.1214862220202377,0.10440884742587953,1.0170773745943582,281591.55
244763,GUINNESS,2025-01-24,77.0,77.0,1534841,2026-04-08T04:23:37.097992+00:00,10.000000000000009,0.0,0.0,0.0,71.4,69.125,66.15,3.457994808059505,2.5972304438718066,81.52693870700271,1.6747535668456095,0.5261409538010009,1.1486126130446086,344496.25
244881,GUINNESS,2025-01-27,77.1,77.1,989257,2026-04-08T04:23:41.817807+00:00,0.12987012987011326,10.000000000000009,0.0,0.0,72.82000000000001,69.63,66.392,3.456627088356573,2.596915883580168,81.6628062106279,2.0971168305481456,0.7588033740028295,1.338313456545316,387808.6
244999,GUINNESS,2025-01-28,77.1,77.1,520410,2026-04-08T04:23:44.43679+00:00,0.0,0.12987012987011326,0.0,0.0,74.24,70.135,66.634,3.456627088356573,2.596915883580168,81.66280621062792,2.4041294521891956,0.8526527965151036,1.551476655674092,403064.25
245117,GUINNESS,2025-01-30,77.0,77.0,156727,2026-04-08T04:23:47.90788+00:00,-0.12970168612190802,0.0,0.0,7.692307692307687,75.64,70.4725,66.874,3.3232361739599825,2.5973623058728075,80.9721187132399,2.6092917118545103,0.8462520449443343,1.763039666910176,405753.05
245235,GUINNESS,2025-01-31,77.0,77.0,156727,2026-04-08T04:23:50.425841+00:00,0.0,-0.12970168612190802,0.0,0.0,77.03999999999999,70.81,67.11399999999999,3.3232361739599825,2.5973623058728075,80.9721187132399,2.7402958559016497,0.7818049511931788,1.9584909047084709,408556.4
245353,GUINNESS,2025-02-03,77.0,77.0,105933,2026-04-08T04:23:55.090801+00:00,0.0,0.0,10.000000000000009,0.0,77.03999999999999,71.14750000000001,67.354,3.3232361739599825,2.5973623058728075,80.9721187132399,2.811705987495259,0.6825720662294303,2.1291339212658285,403259.8
245471,GUINNESS,2025-02-04,77.0,77.0,69591,2026-04-08T04:23:57.584141+00:00,0.0,0.0,0.12987012987011326,0.0,77.02,71.485,67.594,3.3232361739599825,2.5973623058728075,80.9721187132399,2.8356118628179274,0.5651823532416791,2.2704295095762483,396035.3
245589,GUINNESS,2025-02-05,77.0,77.0,375293,2026-04-08T04:24:00.484627+00:00,0.0,0.0,0.0,0.0,77.0,71.8225,67.89399999999999,3.3232361739599825,2.4965600914911215,80.9721187132399,2.8220268721127013,0.4412778900291623,2.380748982083539,410762.1
245707,GUINNESS,2025-02-06,77.0,77.0,2927438,2026-04-08T04:24:04.153698+00:00,0.0,0.0,-0.12970168612190802,0.0,77.0,72.16,68.134,3.3232361739599825,2.416011505476218,80.97211871323991,2.7792235104819554,0.3187796227187327,2.4604438877632226,548340.8
245825,GUINNESS,2025-02-07,77.0,77.0,84134,2026-04-08T04:24:07.822728+00:00,0.0,0.0,0.0,0.0,77.0,72.76,68.374,2.7487231563985075,2.416011505476218,80.9721187132399,2.7140160503954007,0.20285773010574237,2.5111583202896584,537565.55
245943,GUINNESS,2025-02-10,77.0,77.0,131219,2026-04-08T04:24:13.163899+00:00,0.0,0.0,0.0,10.000000000000009,77.0,73.36,68.61399999999999,2.7487231563985075,2.416011505476218,80.9721187132399,2.6319986266763493,0.09667224510935224,2.535326381566997,542352.45
246061,GUINNESS,2025-02-11,77.0,77.0,158614,2026-04-08T04:24:15.629092+00:00,0.0,0.0,0.0,0.12987012987011326,77.0,73.96000000000001,68.854,2.7487231563985075,2.416011505476218,80.97211871323988,2.537745675025505,0.0019354347668061322,2.535810240258699,544275.85
246179,GUINNESS,2025-02-12,77.0,77.0,3180662,2026-04-08T04:24:18.226035+00:00,0.0,0.0,0.0,0.0,77.0,74.56,69.094,2.7487231563985075,2.416011505476218,80.9721187132399,2.4349805912531792,-0.08066371920441595,2.515644310457595,691349.6
246297,GUINNESS,2025-02-13,77.0,77.0,173365,2026-04-08T04:24:20.725749+00:00,0.0,0.0,0.0,-0.12970168612190802,77.0,74.91,69.39399999999999,2.236462436090681,2.307482253486964,80.9721187132399,2.3267175701637086,-0.15114139223510925,2.477858962398818,551733.95
246415,GUINNESS,2025-02-14,77.0,77.0,289596,2026-04-08T04:24:23.300806+00:00,0.0,0.0,0.0,0.0,77.0,75.26,69.694,2.236462436090681,2.307482253486964,80.97211871323991,2.215380814949299,-0.2099825179596153,2.425363332908914,564540.5
246533,GUINNESS,2025-02-17,77.0,77.0,231186,2026-04-08T04:24:27.726986+00:00,0.0,0.0,0.0,0.0,77.0,75.61,69.994,2.236462436090681,2.307482253486964,80.9721187132399,2.10290465841436,-0.2579669395956432,2.3608715980100032,568889.1
246651,GUINNESS,2025-02-18,74.0,74.0,30285618,2026-04-08T04:24:30.295737+00:00,-3.8961038961038974,0.0,0.0,0.0,76.4,75.81,70.234,2.4425001658908636,2.3877127607240345,48.633791010030706,1.7515013487825684,-0.487496199381948,2.2389975481645163,2074903.05
246769,GUINNESS,2025-02-19,74.0,74.0,14488,2026-04-08T04:24:32.765887+00:00,0.0,-3.8961038961038974,0.0,0.0,75.8,76.01,70.47399999999999,2.4425001658908636,2.3877127607240345,48.6337910100307,1.4562252361219663,-0.62621784963404,2.0824430857560063,2074770.75
246887,GUINNESS,2025-02-20,74.0,74.0,2090208,2026-04-08T04:24:35.351909+00:00,0.0,0.0,0.0,0.0,75.2,76.21000000000001,70.714,2.4425001658908636,2.3877127607240345,48.6337910100307,1.2082883930275017,-0.6993237541828039,1.9076121472103056,2175794.65
247005,GUINNESS,2025-02-21,74.0,74.0,389571,2026-04-08T04:24:37.680479+00:00,0.0,0.0,0.0,0.0,74.6,76.41,70.954,2.4425001658908636,2.3877127607240345,48.63379101003069,1.0002662123349495,-0.725876747900285,1.7261429602352345,2193243.9
247123,GUINNESS,2025-02-25,74.0,74.0,14925852,2026-04-08T04:24:43.419296+00:00,0.0,0.0,0.0,0.0,74.0,76.26,71.194,0.8722143234563269,2.3877127607240345,48.6337910100307,0.8258868261817014,-0.7202049072428265,1.5460917334245279,2862794.45
247241,GUINNESS,2025-02-26,74.0,74.0,102935,2026-04-08T04:24:45.860894+00:00,0.0,0.0,-3.8961038961038974,0.0,74.0,76.105,71.434,0.8701510022411652,2.3877127607240345,48.633791010030684,0.6798529843102727,-0.6929909992914043,1.372843983601677,2818478.35
247359,GUINNESS,2025-02-27,74.0,74.0,87327,2026-04-08T04:24:48.27846+00:00,0.0,0.0,0.0,0.0,74.0,75.95,71.67399999999999,0.8701510022411652,2.3877127607240345,48.63379101003069,0.5576913932792706,-0.6521220722579251,1.2098134655371957,2796824.2
247477,GUINNESS,2025-02-28,74.0,74.0,35890,2026-04-08T04:24:50.63724+00:00,0.0,0.0,0.0,0.0,74.0,75.8,71.854,0.8711953159090082,2.29982606366303,48.63379101003069,0.45562528756234144,-0.6033505423798835,1.058975829942225,2790782.35
247595,GUINNESS,2025-03-03,74.0,74.0,209328,2026-04-08T04:24:55.222854+00:00,0.0,0.0,0.0,0.0,74.0,75.65,72.03399999999999,0.8711953159090082,2.29982606366303,48.63379101003069,0.37046665445006965,-0.5508073403937243,0.9212739948437939,2793412.4
247713,GUINNESS,2025-03-04,74.0,74.0,55397,2026-04-08T04:24:57.762887+00:00,0.0,0.0,0.0,0.0,74.0,75.5,72.214,0.8711953159090082,2.29982606366303,48.63379101003069,0.2995250854367555,-0.49739912752563076,0.7969242129623862,2790885.6
247832,GUINNESS,2025-03-05,74.0,74.0,319988,2026-04-08T04:25:00.108696+00:00,0.0,0.0,0.0,-3.8961038961038974,74.0,75.35,72.39399999999999,0.8711953159090082,2.29982606366303,48.633791010030684,0.24053069278600958,-0.4451148161411014,0.685645508927111,2803405.45
247951,GUINNESS,2025-03-06,79.9,79.9,532233,2026-04-08T04:25:02.52336+00:00,7.9729729729729915,0.0,0.0,0.0,75.18,75.49499999999999,72.652,2.0250650479935484,2.515264909788548,81.488181431064,0.6622241949224872,-0.018737051203699062,0.6809612461261862,2811252.45
248070,GUINNESS,2025-03-07,79.9,79.9,840038,2026-04-08T04:25:04.19753+00:00,0.0,7.9729729729729915,0.0,0.0,76.36,75.64,72.91,2.0250650479935484,2.515264909788548,81.48818143106399,0.9850641274234562,0.2432823050378159,0.7417818223856403,2706882.45
248189,GUINNESS,2025-03-10,79.9,79.9,202863,2026-04-08T04:25:07.959889+00:00,0.0,0.0,0.0,0.0,77.54,75.785,73.168,2.0250650479935484,2.515264909788548,81.48818143106399,1.2267755944549918,0.3879950176554813,0.8387805767995106,2712818.9
248308,GUINNESS,2025-03-11,79.9,79.9,313970,2026-04-08T04:25:10.446731+00:00,0.0,0.0,0.0,0.0,78.72,75.92999999999999,73.42599999999999,2.0250650479935484,2.515264909788548,81.488181431064,1.402170326807834,0.4507118000066588,0.9514585268011753,2721956.45
248427,GUINNESS,2025-03-12,79.9,79.9,16017,2026-04-08T04:25:12.888859+00:00,0.0,0.0,0.0,0.0,79.9,76.075,73.684,2.0250650479935484,2.515264909788548,81.48818143106399,1.5236087031320693,0.45772014106471515,1.0658885620673542,2714826.6
248546,GUINNESS,2025-03-13,79.9,79.9,280077,2026-04-08T04:25:15.353849+00:00,0.0,0.0,7.9729729729729915,0.0,79.9,76.22,73.942,2.0250650479935484,2.515264909788548,81.488181431064,1.6013896680227617,0.42840088476432614,1.1729887832584356,2569797.35
248665,GUINNESS,2025-03-14,79.9,79.9,93588,2026-04-08T04:25:17.75152+00:00,0.0,0.0,0.0,0.0,79.9,76.365,74.135,2.0250650479935484,2.4315781128816902,81.488181431064,1.644079715523759,0.3768727458122587,1.2672069697115003,2565808.5
248784,GUINNESS,2025-03-17,79.9,79.9,152342,2026-04-08T04:25:23.327657+00:00,0.0,0.0,0.0,0.0,79.9,76.51,74.328,2.0250650479935484,2.4315781128816902,81.48818143106399,1.6587903827621489,0.3132667304405188,1.34552365232163,2558945.8
248903,GUINNESS,2025-03-18,79.0,79.0,376546,2026-04-08T04:25:25.763099+00:00,-1.126408010012525,0.0,0.0,0.0,79.72,76.61,74.503,2.046581971774586,2.4394863113451875,69.26228579714763,1.5796173684017987,0.18727497286413475,1.392342395537664,2566213.8
249022,GUINNESS,2025-03-19,79.0,79.0,84601,2026-04-08T04:25:28.144043+00:00,0.0,-1.126408010012525,0.0,0.0,79.53999999999999,76.86,74.678,1.813593705488697,2.4394863113451875,69.26228579714763,1.4995858914140427,0.08579479670110302,1.4137910947129397,1056162.95
249141,GUINNESS,2025-03-20,80.0,80.0,2068211,2026-04-08T04:25:31.01834+00:00,1.2658227848101333,0.0,0.0,7.9729729729729915,79.56,77.16,74.873,1.8230809464202953,2.44326239031234,74.24219828832771,1.4995659491425641,0.06861988354369952,1.4309460655988646,1158849.1
249260,GUINNESS,2025-03-21,80.0,80.0,271034,2026-04-08T04:25:33.389958+00:00,0.0,1.2658227848101333,0.0,0.0,79.58,77.46000000000001,75.068,1.8230809464202953,2.44326239031234,74.24219828832771,1.4824612542102926,0.04121215088914232,1.4412491033211503,1067890.4
249379,GUINNESS,2025-03-24,80.0,80.0,100373,2026-04-08T04:25:38.388993+00:00,0.0,0.0,0.0,0.0,79.6,77.76,75.368,1.8230809464202953,2.1722951139934796,74.24219828832771,1.45216599459998,0.00873351302306391,1.4434324815769162,1053430.5
249498,GUINNESS,2025-03-25,80.0,80.0,480981,2026-04-08T04:25:40.7685+00:00,0.0,0.0,-1.126408010012525,0.0,79.8,78.06,75.668,1.8230809464202953,2.1722951139934796,74.24219828832771,1.4118814921178284,-0.025240791567270104,1.4371222836850985,331186.95
249617,GUINNESS,2025-03-26,80.0,80.0,205212,2026-04-08T04:25:43.344812+00:00,0.0,0.0,0.0,0.0,80.0,78.36,75.968,1.8230809464202953,2.1722951139934796,74.2421982883277,1.3642297423997007,-0.05831403302831828,1.422543775428019,336300.8
249736,GUINNESS,2025-03-27,80.0,80.0,1902654,2026-04-08T04:25:45.817232+00:00,0.0,0.0,1.2658227848101333,0.0,80.0,78.66,76.268,1.8230809464202953,2.1722951139934796,74.24219828832771,1.3113489727641365,-0.08895584213110608,1.4003048148952426,427067.15
249855,GUINNESS,2025-03-28,80.0,80.0,639826,2026-04-08T04:25:48.177352+00:00,0.0,0.0,0.0,0.0,80.0,78.96000000000001,76.468,1.8230809464202953,1.903865907992653,74.24219828832771,1.2549740225053512,-0.11626463391191333,1.3712386564172645,457263.95
249974,GUINNESS,2025-04-02,80.0,80.0,158466,2026-04-08T04:25:54.663823+00:00,0.0,0.0,0.0,0.0,80.0,79.26,76.668,1.8230809464202953,1.903865907992653,74.24219828832771,1.1965039159207578,-0.1397877923972055,1.3362917083179633,454720.85
250093,GUINNESS,2025-04-03,80.0,80.0,266820,2026-04-08T04:25:57.014747+00:00,0.0,0.0,0.0,-1.126408010012525,80.0,79.56,76.868,1.8230809464202953,1.903865907992653,74.24219828832771,1.137058631093268,-0.15938646177975646,1.2964450928730245,465292.0
250212,GUINNESS,2025-04-04,80.0,80.0,287546,2026-04-08T04:25:59.489503+00:00,0.0,0.0,0.0,0.0,80.0,79.86,77.068,1.8230809464202953,1.903865907992653,74.2421982883277,1.0775267568712366,-0.17513466880143036,1.252661425672667,463669.9
250331,GUINNESS,2025-04-07,80.0,80.0,346735,2026-04-08T04:26:04.211964+00:00,0.0,0.0,0.0,1.2658227848101333,80.0,79.86500000000001,77.268,0.38866373665305765,1.903865907992653,74.24219828832773,1.018605467872547,-0.187244766240096,1.205850234112643,454395.0
250450,GUINNESS,2025-04-08,80.0,80.0,215428,2026-04-08T04:26:06.766331+00:00,0.0,0.0,0.0,0.0,80.0,79.87,77.468,0.38866373665305765,1.903865907992653,74.24219828832771,0.9608340252909784,-0.19601296705733162,1.15684699234831,423164.5
250569,GUINNESS,2025-04-10,80.0,80.0,540800,2026-04-08T04:26:10.263658+00:00,0.0,0.0,0.0,0.0,80.0,79.875,77.668,0.38866373665305765,1.903865907992653,74.24219828832771,0.9046218235499737,-0.20178013503866898,1.1064019585886427,440061.35
250688,GUINNESS,2025-04-11,80.0,80.0,200509,2026-04-08T04:26:12.610372+00:00,0.0,0.0,0.0,0.0,80.0,79.88000000000001,77.72800000000001,0.38866373665305765,1.2880704229019337,74.24219828832771,0.8502718441397832,-0.20490409155908762,1.0551759356988708,434388.3
250807,GUINNESS,2025-04-14,80.0,80.0,155342,2026-04-08T04:26:17.137975+00:00,0.0,0.0,0.0,0.0,80.0,79.885,77.786,0.38866373665305765,1.2881076562945422,74.2421982883277,0.7980002438139735,-0.20574055350791798,1.0037407973218915,441354.55
250926,GUINNESS,2025-04-15,80.0,80.0,558199,2026-04-08T04:26:19.634971+00:00,0.0,0.0,0.0,0.0,80.0,79.89000000000001,77.84400000000001,0.38866373665305765,1.2881076562945422,74.24219828832771,0.747952690922645,-0.2046304851193972,0.9525831760420422,455260.65
251045,GUINNESS,2025-04-16,80.0,80.0,104988,2026-04-08T04:26:22.321337+00:00,0.0,0.0,0.0,0.0,80.0,79.89500000000001,77.90400000000001,0.38866373665305765,1.2878037381701206,74.24219828832771,0.7002179678206346,-0.20189216657712605,0.9021101343977607,455830.65
251164,GUINNESS,2025-04-17,80.0,80.0,120400,2026-04-08T04:26:24.819431+00:00,0.0,0.0,0.0,0.0,80.0,79.9,77.964,0.38866373665305765,1.2878037381701206,74.24219828832771,0.6548392762983042,-0.19781668647956518,0.8526559627778694,454233.55
251283,GUINNESS,2025-04-22,80.0,80.0,112112,2026-04-08T04:26:31.401152+00:00,0.0,0.0,0.0,0.0,80.0,79.95,78.024,0.2830465794303514,1.2878037381701206,74.24219828832771,0.6118236145494933,-0.1926658785827009,0.8044894931321942,441011.85
251402,GUINNESS,2025-04-23,80.0,80.0,134772,2026-04-08T04:26:33.741411+00:00,0.0,0.0,0.0,0.0,80.0,80.0,78.084,0.2830465794303514,1.2878037381701206,74.24219828832771,0.5711495363753585,-0.1866719654054687,0.7578215017808272,443520.4
251521,GUINNESS,2025-04-24,80.0,80.0,58918,2026-04-08T04:26:36.383131+00:00,0.0,0.0,0.0,0.0,80.0,80.0,78.144,0.0,1.2878037381701206,74.24219828832771,0.5327735544853738,-0.1800383578363628,0.7128119123217366,343055.75
251641,GUINNESS,2025-04-25,80.0,80.0,206132,2026-04-08T04:26:38.677219+00:00,0.0,0.0,0.0,0.0,80.0,80.0,78.20400000000001,0.0,1.2878037381701206,74.24219828832771,0.4966354085090501,-0.17294120305014926,0.6695766115591993,339810.65
251761,GUINNESS,2025-04-28,80.0,80.0,75530,2026-04-08T04:26:43.113614+00:00,0.0,0.0,0.0,0.0,80.0,80.0,78.26400000000001,0.0,1.2878037381701206,74.24219828832773,0.4626623835018506,-0.16553138244587895,0.6281937659477296,338568.5
251881,GUINNESS,2025-04-29,80.0,80.0,129860,2026-04-08T04:26:45.609073+00:00,0.0,0.0,0.0,0.0,80.0,80.0,78.32400000000001,0.0,1.2878037381701206,74.24219828832773,0.43077283532240074,-0.15793674450026307,0.5887095798226638,321012.45
252001,GUINNESS,2025-04-30,80.0,80.0,42711,2026-04-08T04:26:48.242472+00:00,0.0,0.0,0.0,0.0,80.0,80.0,78.384,0.0,1.2878037381701206,74.24219828832773,0.4008790544373966,-0.15026442030821374,0.5511434747456103,312887.4
252121,GUINNESS,2025-05-02,80.0,80.0,61198,2026-04-08T04:26:51.690529+00:00,0.0,0.0,0.0,0.0,80.0,80.0,78.444,0.0,1.2878037381701206,74.24219828832773,0.37288957876467066,-0.1426031167847518,0.5154926955494225,220814.6
252241,GUINNESS,2025-05-05,80.0,80.0,239789,2026-04-08T04:26:56.275381+00:00,0.0,0.0,0.0,0.0,80.0,80.0,78.504,0.0,1.2878037381701206,74.24219828832771,0.3467110484938445,-0.1350253176444624,0.4817363661383069,200812.75
252361,GUINNESS,2025-05-06,80.0,80.0,139438,2026-04-08T04:26:58.7221+00:00,0.0,0.0,0.0,0.0,80.0,80.0,78.56400000000001,0.0,1.2878037381701206,74.24219828832773,0.32224968091991,-0.12758934817471757,0.4498390290946276,199861.35
252481,GUINNESS,2025-05-07,80.0,80.0,218139,2026-04-08T04:27:01.170235+00:00,0.0,0.0,0.0,0.0,80.0,80.0,78.62400000000001,0.0,1.2878037381701206,74.24219828832773,0.2994124307589061,-0.12034127866857719,0.4197537094274833,197427.3
252601,GUINNESS,2025-05-08,80.0,80.0,115935,2026-04-08T04:27:03.468055+00:00,0.0,0.0,0.0,0.0,80.0,80.0,78.744,0.0,1.1528419511826014,74.24219828832773,0.2781078908235486,-0.1133166548831478,0.3914245457066964,188846.75
252721,GUINNESS,2025-05-09,80.0,80.0,35775,2026-04-08T04:27:05.963213+00:00,0.0,0.0,0.0,0.0,80.0,80.0,78.864,0.0,1.1528419511826014,74.24219828832773,0.25824697901295224,-0.10654205335499534,0.3647890323679476,173298.75
252841,GUINNESS,2025-05-12,80.0,80.0,93183,2026-04-08T04:27:10.449459+00:00,0.0,0.0,0.0,0.0,80.0,80.0,78.98400000000001,0.0,1.1528419511826014,74.24219828832773,0.23974345005579778,-0.10003646584971981,0.3397799159055176,167186.5
252961,GUINNESS,2025-05-14,80.0,80.0,640021,2026-04-08T04:27:13.89162+00:00,0.0,0.0,0.0,0.0,80.0,80.0,79.104,0.0,1.1528419511826014,74.24219828832773,0.2225142641200506,-0.0938125214283736,0.3163267855484242,172147.55
253081,GUINNESS,2025-05-15,80.0,80.0,97492,2026-04-08T04:27:16.307455+00:00,0.0,0.0,0.0,0.0,80.0,80.0,79.224,0.0,1.1528419511826014,74.24219828832773,0.2064798390807141,-0.08787755717416806,0.29435739625488216,166996.7
253201,GUINNESS,2025-05-16,80.0,80.0,29288,2026-04-08T04:27:18.639316+00:00,0.0,0.0,0.0,0.0,80.0,80.0,79.34400000000001,0.0,1.1528419511826014,74.24219828832773,0.19156420876122127,-0.08223454999492874,0.27379875875615,160694.0
253321,GUINNESS,2025-05-19,86.0,86.0,127544,2026-04-08T04:27:23.06518+00:00,7.499999999999996,0.0,0.0,0.0,81.2,80.3,79.584,1.6770509831248412,1.5506053283534513,98.16102997099009,0.6563275843369922,0.30602306046467376,0.3503045238723185,139161.25
253441,GUINNESS,2025-05-20,86.0,86.0,127544,2026-04-08T04:27:25.663956+00:00,0.0,7.499999999999996,0.0,0.0,82.4,80.6,79.82400000000001,1.6770509831248412,1.5506053283534513,98.16102997099009,1.0129789175164348,0.530139514915293,0.4828394026011418,140289.05
253561,GUINNESS,2025-05-21,86.0,86.0,57677,2026-04-08T04:27:28.280255+00:00,0.0,0.0,0.0,0.0,83.6,80.9,80.06400000000001,1.6770509831248412,1.5506053283534513,98.16102997099007,1.2808626809189576,0.6384186226542526,0.642444058264705,137152.9
253681,GUINNESS,2025-05-22,86.0,86.0,145506,2026-04-08T04:27:30.733393+00:00,0.0,0.0,0.0,0.0,84.8,81.2,80.304,1.6770509831248412,1.5506053283534513,98.16102997099007,1.4761463966227097,0.6669618706864038,0.809184525936306,138822.6
253801,GUINNESS,2025-05-23,86.0,86.0,180404,2026-04-08T04:27:33.142895+00:00,0.0,0.0,0.0,0.0,86.0,81.5,80.54400000000001,1.6770509831248412,1.5506053283534513,98.16102997099007,1.6123242776256745,0.6425118013514948,0.9698124762741798,141104.2
253921,GUINNESS,2025-05-26,86.0,86.0,266978,2026-04-08T04:27:37.938794+00:00,0.0,0.0,7.499999999999996,0.0,86.0,81.8,80.666,1.6770509831248412,1.0875350256197398,98.16102997099009,1.7006422837946644,0.5846638460163875,1.1159784377782769,151507.2
254041,GUINNESS,2025-05-27,86.0,86.0,73457,2026-04-08T04:27:40.395447+00:00,0.0,0.0,0.0,0.0,86.0,82.1,80.788,1.6770509831248412,1.0875350256197398,98.16102997099007,1.7504567640262678,0.5075826609983927,1.2428741030278752,144873.45
254161,GUINNESS,2025-05-28,86.0,86.0,115740,2026-04-08T04:27:42.906627+00:00,0.0,0.0,0.0,0.0,86.0,82.4,80.91,1.6770509831248412,1.0875350256197398,98.16102997099007,1.7695369777230923,0.42133029975617364,1.3482066779669186,146883.95
254281,GUINNESS,2025-05-29,86.0,86.0,17348,2026-04-08T04:27:45.903166+00:00,0.0,0.0,0.0,0.0,86.0,82.7,81.03200000000001,1.6770509831248412,1.0875350256197398,98.16102997099007,1.7643201995342963,0.33289081725390224,1.431429382280394,141258.35
254401,GUINNESS,2025-05-30,86.0,86.0,76870,2026-04-08T04:27:48.4452+00:00,0.0,0.0,0.0,0.0,86.0,83.0,81.15400000000001,1.6770509831248412,1.0875350256197398,98.16102997099009,1.7401267670555143,0.24695790782009608,1.4931688592354182,142966.3
254521,GUINNESS,2025-06-02,86.0,86.0,106344,2026-04-08T04:27:53.01382+00:00,0.0,0.0,0.0,7.499999999999996,86.0,83.3,81.27600000000001,1.6770509831248412,1.0875350256197398,98.16102997099009,1.7013412941213488,0.16653794790874432,1.5348033462126045,145223.6
254641,GUINNESS,2025-06-03,90.0,90.0,359499,2026-04-08T04:27:55.368454+00:00,4.651162790697683,0.0,0.0,0.0,86.8,83.8,81.47800000000001,1.9262832694250291,1.2595208976988532,99.23339544251132,1.9706536296387895,0.3486802267409479,1.6219734028978416,151209.1
254761,GUINNESS,2025-06-04,90.0,90.0,283453,2026-04-08T04:27:57.94541+00:00,0.0,4.651162790697683,0.0,0.0,87.6,84.3,81.68,1.9262832694250291,1.2595208976988532,99.23339544251132,2.1591957314870456,0.4297778628713631,1.7294178686156825,158409.85
254881,GUINNESS,2025-06-05,90.0,90.0,403618,2026-04-08T04:28:00.320696+00:00,0.0,0.0,0.0,0.0,88.4,84.8,81.9,1.9262832694250291,1.2444596613648142,99.23339544251132,2.2823076832885363,0.44231185173828313,1.8399958315502531,167683.8
255001,GUINNESS,2025-06-10,90.0,90.0,309357,2026-04-08T04:28:07.114795+00:00,0.0,0.0,0.0,0.0,89.2,85.3,82.12,1.9262832694250291,1.2444596613648142,99.23339544251131,2.3527537118134916,0.41020630421059057,1.942547407602901,177354.9
255121,GUINNESS,2025-06-11,90.0,90.0,110134,2026-04-08T04:28:09.38594+00:00,0.0,0.0,0.0,0.0,90.0,85.8,82.32,1.9262832694250291,1.2366041400664907,99.23339544251132,2.3811344610929837,0.3508696427920661,2.0302648183009175,181072.85
255241,GUINNESS,2025-06-17,90.0,90.0,37309,2026-04-08T04:28:17.228975+00:00,0.0,0.0,4.651162790697683,0.0,90.0,86.3,82.52,1.9262832694250291,1.2366041400664907,99.23339544251134,2.37623465541634,0.2767758696923379,2.099458785724002,178279.15
255361,GUINNESS,2025-06-18,90.0,90.0,32678,2026-04-08T04:28:19.70912+00:00,0.0,0.0,0.0,0.0,90.0,86.8,82.72,1.9262832694250291,1.2366041400664907,99.23339544251132,2.3453161791122312,0.19668591471058328,2.148630264401648,147912.0
255481,GUINNESS,2025-06-19,90.0,90.0,299595,2026-04-08T04:28:22.276816+00:00,0.0,0.0,0.0,0.0,90.0,87.3,82.92,1.9262832694250291,1.2366041400664907,99.23339544251132,2.2943650517615595,0.11658782988792904,2.1777772218736304,158017.15
255601,GUINNESS,2025-06-20,90.0,90.0,23475,2026-04-08T04:28:24.65394+00:00,0.0,0.0,0.0,0.0,90.0,87.8,83.12,1.9262832694250291,1.2366041400664907,99.23339544251132,2.2282994670650424,0.04041779615312979,2.1878816709119127,157726.5
255721,GUINNESS,2025-06-23,90.0,90.0,191669,2026-04-08T04:28:29.225711+00:00,0.0,0.0,0.0,0.0,90.0,88.0,83.32,1.0400316174417648,1.2366041400664907,99.23339544251132,2.151144955213752,-0.02938937255852858,2.1805343277722806,160932.75
255841,GUINNESS,2025-06-24,90.0,90.0,259639,2026-04-08T04:28:31.569579+00:00,0.0,0.0,0.0,4.651162790697683,90.0,88.2,83.52,1.0400316174417648,1.2366041400664907,99.23339544251132,2.0661817911682903,-0.09148202928319238,2.1576638204514826,167537.5
255961,GUINNESS,2025-06-25,90.0,90.0,166738,2026-04-08T04:28:33.910697+00:00,0.0,0.0,0.0,0.0,90.0,88.4,83.72,1.0400316174417648,1.2366041400664907,99.23339544251132,1.9760689784127834,-0.1452758736309594,2.121344852043743,172990.55
256081,GUINNESS,2025-06-26,88.0,88.0,855193,2026-04-08T04:28:36.389223+00:00,-2.2222222222222254,0.0,0.0,0.0,89.6,88.5,83.88,1.1760012373840978,1.284522540489563,58.04808896594585,1.7234043076965122,-0.31835243547778447,2.0417567431742967,208474.9
256201,GUINNESS,2025-06-27,88.0,88.0,114924,2026-04-08T04:28:38.797599+00:00,0.0,-2.2222222222222254,0.0,0.0,89.2,88.6,84.04,1.1760012373840978,1.284522540489563,58.04808896594584,1.5058077217199894,-0.4287592171634458,1.9345669388834352,205200.9
256321,GUINNESS,2025-07-01,88.0,88.0,42739,2026-04-08T04:28:44.517216+00:00,0.0,0.0,0.0,0.0,88.8,88.7,84.2,1.1760012373840978,1.284522540489563,58.04808896594585,1.3181658640834542,-0.49312085983998477,1.811286723923439,193988.95
256441,GUINNESS,2025-07-02,88.0,88.0,84196,2026-04-08T04:28:47.139962+00:00,0.0,0.0,0.0,0.0,88.4,88.8,84.36,1.1760012373840978,1.284522540489563,58.048088965945844,1.156131179449872,-0.5241244355788535,1.6802556150287256,194525.9
256561,GUINNESS,2025-07-03,88.0,88.0,284873,2026-04-08T04:28:49.506141+00:00,0.0,0.0,0.0,0.0,88.0,88.9,84.52,1.1760012373840978,1.284522540489563,58.048088965945844,1.0160056438600407,-0.531399976934948,1.5474056207949887,202982.55
256681,GUINNESS,2025-07-04,88.0,88.0,84319,2026-04-08T04:28:51.76506+00:00,0.0,0.0,-2.2222222222222254,0.0,88.0,89.0,84.68,1.1760012373840978,1.284522540489563,58.048088965945844,0.8946422681830057,-0.5222106820895864,1.4168529502725922,206331.1
256801,GUINNESS,2025-07-07,88.0,88.0,72781,2026-04-08T04:28:56.230166+00:00,0.0,0.0,0.0,0.0,88.0,89.1,84.84,1.1760012373840978,1.284522540489563,58.04808896594584,0.7893616488555892,-0.5019930411336024,1.2913546899891917,206126.65
256921,GUINNESS,2025-07-08,88.0,88.0,361907,2026-04-08T04:28:58.705995+00:00,0.0,0.0,0.0,0.0,88.0,89.2,85.0,1.1760012373840978,1.284522540489563,58.048088965945844,0.6978812587973096,-0.4747787449535057,1.1726600037508152,218904.8
257041,GUINNESS,2025-07-09,88.0,88.0,161113,2026-04-08T04:29:01.058721+00:00,0.0,0.0,0.0,0.0,88.0,89.1,85.16,0.4969039949999543,1.284522540489563,58.048088965945844,0.618255525745397,-0.44352358240433465,1.0617791081497316,208985.5
257161,GUINNESS,2025-07-10,88.0,88.0,138244,2026-04-08T04:29:03.550316+00:00,0.0,0.0,0.0,0.0,88.0,89.0,85.32,0.4969039949999543,1.284522540489563,58.04808896594584,0.5488250451406742,-0.4103632504072461,0.9591882955479203,201725.05
257281,GUINNESS,2025-07-11,96.8,96.8,315617,2026-04-08T04:29:06.089999+00:00,9.999999999999986,0.0,0.0,-2.2222222222222254,89.76,89.34,85.656,2.316003593385465,1.889165313294887,91.31724061476072,1.1901678304772645,0.18478362794347536,1.0053842025337891,197325.0
257401,GUINNESS,2025-07-14,96.8,96.8,245117,2026-04-08T04:29:10.69196+00:00,0.0,9.999999999999986,0.0,0.0,91.52000000000001,89.67999999999999,85.99199999999999,2.316003593385465,1.889165313294887,91.31724061476073,1.6790812055361073,0.5389576024018545,1.1401236031342528,194113.0
257521,GUINNESS,2025-07-16,96.8,96.8,88376,2026-04-08T04:29:14.112969+00:00,0.0,0.0,0.0,0.0,93.28,90.02,86.32799999999999,2.316003593385465,1.889165313294887,91.31724061476073,2.0429981665590162,0.7222996507398107,1.3206985158192055,193025.1
257641,GUINNESS,2025-07-17,96.8,96.8,154690,2026-04-08T04:29:16.489777+00:00,0.0,0.0,0.0,0.0,95.03999999999999,90.35999999999999,86.664,2.316003593385465,1.889165313294887,91.3172406147607,2.304836262328422,0.787310197207373,1.517526065121049,198894.15
257761,GUINNESS,2025-07-18,96.8,96.8,171971,2026-04-08T04:29:18.854517+00:00,0.0,0.0,0.0,0.0,96.8,90.7,87.0,2.316003593385465,1.889165313294887,91.31724061476072,2.4837141292437366,0.77295045129815,1.7107636779455866,205858.8
257881,GUINNESS,2025-07-21,96.8,96.8,97426,2026-04-08T04:29:23.300994+00:00,0.0,0.0,9.999999999999986,0.0,96.8,91.03999999999999,87.336,2.316003593385465,1.889165313294887,91.31724061476072,2.5955561716504008,0.7078339949638512,1.8877221766865495,195750.35
258001,GUINNESS,2025-07-22,96.8,96.8,213878,2026-04-08T04:29:25.922592+00:00,0.0,0.0,0.0,0.0,96.8,91.38,87.67199999999998,2.316003593385465,1.889165313294887,91.3172406147607,2.6536027157393676,0.6127044312422543,2.0408982844971133,205270.5
258121,GUINNESS,2025-07-23,96.8,96.8,134720,2026-04-08T04:29:29.05968+00:00,0.0,0.0,0.0,0.0,96.8,91.72,88.008,2.316003593385465,1.889165313294887,91.3172406147607,2.668840290558478,0.5023536048490915,2.1664866857093865,202423.05
258241,GUINNESS,2025-07-24,106.45,106.45,120138,2026-04-08T04:29:31.486978+00:00,9.969008264462808,0.0,0.0,0.0,98.72999999999999,92.54249999999999,88.53699999999999,3.1503715456769834,2.3225819807112114,96.62582957831009,3.4201649968633916,1.002942648923204,2.4172223479401875,195448.0
258361,GUINNESS,2025-07-25,106.45,106.45,55548,2026-04-08T04:29:33.980938+00:00,0.0,9.969008264462808,0.0,0.0,100.66,93.365,89.066,3.1503715456769834,2.3225819807112114,96.62582957831007,3.969833470499836,1.2420888980477187,2.727744572452117,189888.5
258481,GUINNESS,2025-07-28,106.45,106.45,160745,2026-04-08T04:29:38.78621+00:00,0.0,0.0,0.0,9.999999999999986,102.59,94.2875,89.595,3.0731696411601384,2.3225819807112114,96.62582957831009,4.355245141064017,1.3020004548895203,3.053244686174497,155166.1
258600,GUINNESS,2025-07-29,106.45,106.45,42212,2026-04-08T04:29:41.392621+00:00,0.0,0.0,0.0,0.0,104.52000000000001,95.21,90.124,3.0731696411601384,2.3225819807112114,96.62582957831009,4.6075734283599985,1.243462993748401,3.3641104346115975,151530.5
258719,GUINNESS,2025-07-30,106.45,106.45,40993,2026-04-08T04:29:43.881641+00:00,0.0,0.0,0.0,0.0,106.45,96.1325,90.65299999999999,3.0731696411601384,2.3225819807112114,96.62582957831009,4.75275857164479,1.1109185096265537,3.6418400620182365,151443.2
258838,GUINNESS,2025-07-31,117.05,117.05,13299923,2026-04-08T04:29:46.315218+00:00,9.957726632221696,0.0,9.969008264462808,0.0,108.57000000000001,97.585,91.39399999999999,3.654535555343762,2.6710447968561772,98.28965358091915,5.657929170267963,1.6128712865997805,4.045057883668182,812229.55
258957,GUINNESS,2025-08-01,117.05,117.05,127532,2026-04-08T04:29:48.711654+00:00,0.0,9.957726632221696,0.0,0.0,110.69000000000001,99.0375,92.135,3.654535555343762,2.6710447968561772,98.28965358091915,6.302630588901309,1.806058164186501,4.496572424714808,804362.5
259076,GUINNESS,2025-08-04,117.05,117.05,76462,2026-04-08T04:29:53.303607+00:00,0.0,0.0,0.0,0.0,112.80999999999999,100.49,92.876,3.654535555343762,2.6710447968561772,98.28965358091915,6.735913687957051,1.7914730105937942,4.944440677363257,803969.65
259195,GUINNESS,2025-08-05,117.05,117.05,80269,2026-04-08T04:29:55.780422+00:00,0.0,0.0,0.0,0.0,114.92999999999999,101.9425,93.61699999999999,3.654535555343762,2.6710447968561772,98.28965358091915,6.998617954306056,1.6433418215542384,5.3552761327518175,804344.05
259314,GUINNESS,2025-08-06,128.75,128.75,191231,2026-04-08T04:29:58.241852+00:00,9.995728321230256,0.0,0.0,0.0,119.38999999999999,103.97999999999999,94.472,4.0959664155023585,2.818129315075041,99.01254821431955,8.05801738857599,2.162193004659338,5.895824383916652,795810.25
259433,GUINNESS,2025-08-07,141.6,141.6,329812,2026-04-08T04:30:00.56444+00:00,9.980582524271831,9.995728321230256,9.957726632221696,9.969008264462808,124.3,106.66,95.584,4.43400946594253,3.0966173405658144,99.34165983604036,9.821273157436195,3.1403590188156345,6.680914138620561,804245.2
259552,GUINNESS,2025-08-08,155.75,155.75,1475933,2026-04-08T04:30:02.234883+00:00,9.992937853107353,9.980582524271831,0.0,0.0,132.04000000000002,110.04749999999999,96.979,4.693480484158231,3.340556375695558,99.52815410665416,12.219592940361593,4.430943041392825,7.788649898968768,871129.65
259671,GUINNESS,2025-08-11,155.75,155.75,325657,2026-04-08T04:30:07.037349+00:00,0.0,9.992937853107353,0.0,0.0,139.78000000000003,112.995,98.374,4.433380589902756,3.340556375695558,99.52815410665416,13.959363790911553,4.936571113554226,9.022792677357327,871631.65
259790,GUINNESS,2025-08-12,155.75,155.75,151416,2026-04-08T04:30:09.28323+00:00,0.0,0.0,0.0,0.0,147.51999999999998,115.9425,99.76899999999999,4.433380589902756,3.340556375695558,99.52815410665414,15.163351052272205,4.912446699931902,10.250904352340303,866946.6
259909,GUINNESS,2025-08-13,155.75,155.75,165727,2026-04-08T04:30:11.815521+00:00,0.0,0.0,9.995728321230256,0.0,152.92,118.88999999999999,101.164,4.433380589902756,3.340556375695558,99.52815410665416,15.93384419376818,4.546351873142301,11.38749232062588,870814.15
260028,GUINNESS,2025-08-14,155.75,155.75,183634,2026-04-08T04:30:14.350221+00:00,0.0,0.0,9.980582524271831,9.957726632221696,155.75,121.8375,102.559,4.433380589902756,3.340556375695558,99.52815410665414,16.355924641450002,3.974745856659297,12.381178784790706,872261.35
260147,GUINNESS,2025-08-15,155.75,155.75,94546,2026-04-08T04:30:16.786076+00:00,0.0,0.0,9.992937853107353,0.0,155.75,124.785,103.954,4.433380589902756,3.340556375695558,99.52815410665416,16.500222147281065,3.295234689992286,13.204987457288778,868390.1
260266,GUINNESS,2025-08-18,155.75,155.75,213209,2026-04-08T04:30:21.560319+00:00,0.0,0.0,0.0,0.0,155.75,127.7325,105.34899999999999,4.433380589902756,3.340556375695558,99.52815410665416,16.42523902908853,2.5762012574398003,13.84903777164873,874179.25
260385,GUINNESS,2025-08-19,155.75,155.75,434855,2026-04-08T04:30:23.869462+00:00,0.0,0.0,0.0,0.0,155.75,130.68,106.744,4.433380589902756,3.340556375695558,99.52815410665416,16.17930936065747,1.864217271206991,14.315092089450479,885228.1
260504,GUINNESS,2025-08-20,140.2,140.2,243571,2026-04-08T04:30:26.318672+00:00,-9.983948635634032,0.0,0.0,9.995728321230256,152.64000000000001,132.85,107.82799999999999,5.2211793798690165,3.6960600298692183,63.6692877891215,14.561793986694028,0.19736151779483713,14.36443246889919,890670.65
260623,GUINNESS,2025-08-21,140.2,140.2,348242,2026-04-08T04:30:28.670378+00:00,0.0,-9.983948635634032,0.0,9.980582524271831,149.53000000000003,134.5375,108.832,4.884948562942481,3.661866374182273,63.66928778912149,13.128563491575136,-0.988695181859244,14.11725867343438,902075.85
260742,GUINNESS,2025-08-22,140.2,140.2,92800,2026-04-08T04:30:30.96965+00:00,0.0,0.0,0.0,9.992937853107353,146.42000000000002,136.225,109.836,4.884948562942481,3.661866374182273,63.66928778912149,11.856048847347239,-1.8089678608697142,13.665016708216953,903938.45
260861,GUINNESS,2025-08-25,140.2,140.2,105312,2026-04-08T04:30:35.521871+00:00,0.0,0.0,0.0,0.0,143.31,137.9125,110.84,4.884948562942481,3.661866374182273,63.66928778912148,10.72395277170034,-2.3528511492132917,13.076803920913632,901166.8
260980,GUINNESS,2025-08-26,140.2,140.2,191526,2026-04-08T04:30:37.91594+00:00,0.0,0.0,0.0,0.0,140.2,139.6,111.844,4.884948562942481,3.661866374182273,63.6692877891215,9.714772623866423,-2.689625037637768,12.404397661504191,908632.5
261099,GUINNESS,2025-08-27,130.0,130.0,462249,2026-04-08T04:30:40.231113+00:00,-7.275320970042786,0.0,-9.983948635634032,0.0,138.16,140.77749999999997,112.64399999999999,5.258877307882064,3.8407164480331324,47.43195125547248,7.999719543667595,-3.5237424942692783,11.523462037936874,929695.3
261218,GUINNESS,2025-08-28,130.0,130.0,298427,2026-04-08T04:30:42.59826+00:00,0.0,-7.275320970042786,0.0,0.0,136.11999999999998,141.425,113.444,4.833641790838644,3.8407164480331324,47.43195125547248,6.564852092871718,-3.9668879560521244,10.531740048923842,279620.5
261337,GUINNESS,2025-08-29,130.0,130.0,526885,2026-04-08T04:30:45.09102+00:00,0.0,0.0,0.0,0.0,134.07999999999998,142.0725,114.244,4.833641790838644,3.8407164480331324,47.43195125547247,5.365855063412056,-4.132707988409431,9.498563051821487,299588.15
261456,GUINNESS,2025-09-01,130.0,130.0,44962,2026-04-08T04:30:49.608802+00:00,0.0,0.0,0.0,0.0,132.04000000000002,142.72,115.044,4.833641790838644,3.8407164480331324,47.43195125547248,4.365320580919018,-4.106593976721975,8.471914557640993,298013.15
261575,GUINNESS,2025-09-02,130.0,130.0,350466,2026-04-08T04:30:52.312491+00:00,0.0,0.0,0.0,0.0,130.0,143.3675,115.844,4.833641790838644,3.8407164480331324,47.43195125547247,3.5316788002658654,-3.952188605900103,7.4838674061659685,311523.0
261694,GUINNESS,2025-09-03,130.0,130.0,358753,2026-04-08T04:30:55.837007+00:00,0.0,0.0,-7.275320970042786,-9.983948635634032,130.0,143.43,116.64399999999999,4.302459530213685,3.8407164480331324,47.43195125547248,2.838293601175593,-3.716459043992301,6.554752645167894,319899.1
261813,GUINNESS,2025-09-04,130.0,130.0,213783,2026-04-08T04:30:58.198935+00:00,0.0,0.0,0.0,0.0,130.0,142.85,117.444,3.626135783268238,3.8407164480331324,47.43195125547248,2.2626978628436234,-3.4336438258594164,5.69634168870304,314097.65
261932,GUINNESS,2025-09-08,130.0,130.0,436394,2026-04-08T04:31:03.728068+00:00,0.0,0.0,0.0,0.0,130.0,141.5625,118.244,2.692244282046711,3.8407164480331324,47.43195125547248,1.785946810157924,-3.1283159028360936,4.9142627129940175,262120.7
262051,GUINNESS,2025-09-09,130.0,130.0,232041,2026-04-08T04:31:06.294869+00:00,0.0,0.0,0.0,0.0,130.0,140.275,119.084,2.692244282046711,3.817720771505839,47.43195125547248,1.3920712354308762,-2.817753182050513,4.209824417481389,257439.9
262170,GUINNESS,2025-09-10,130.0,130.0,392711,2026-04-08T04:31:08.610575+00:00,0.0,0.0,0.0,0.0,130.0,138.9875,119.92399999999999,2.692244282046711,3.817720771505839,47.43195125547248,1.0676152012666194,-2.5137673729718157,3.581382574238435,269504.65
262289,GUINNESS,2025-09-11,143.0,143.0,8673202,2026-04-08T04:31:10.974873+00:00,10.000000000000009,0.0,0.0,-7.275320970042786,132.6,138.35,121.024,3.6271975249548123,4.02826725542244,68.74642214392021,1.8382822377331536,-1.3944802692042253,3.232762506937379,694878.4
262408,GUINNESS,2025-09-12,143.0,143.0,94649,2026-04-08T04:31:13.547359+00:00,0.0,10.000000000000009,0.0,0.0,135.2,137.7125,122.124,3.6271975249548123,4.02826725542244,68.7464221439202,2.4211321125974337,-0.649304315471956,3.0704364280693897,690429.15
262527,GUINNESS,2025-09-15,143.0,143.0,67860,2026-04-08T04:31:18.268622+00:00,0.0,0.0,0.0,0.0,137.8,137.075,123.22399999999999,3.6271975249548123,4.02826725542244,68.74642214392021,2.8501896258090937,-0.17619744180823682,3.0263870676173306,689094.85
262646,GUINNESS,2025-09-16,152.9,152.9,3810527,2026-04-08T04:31:20.741189+00:00,6.923076923076921,0.0,0.0,0.0,142.38,136.9325,124.52199999999999,3.9771245125816033,4.109506178135062,77.44490124876522,3.94360859341586,0.7337772206388231,3.2098313727770367,868960.75
262765,GUINNESS,2025-09-17,160.0,160.0,1304137,2026-04-08T04:31:23.24235+00:00,4.643557880967952,6.923076923076921,0.0,0.0,148.38,137.145,125.96199999999999,4.111431302224115,4.134431368046228,81.43547439740776,5.321716233638625,1.6895078886892705,3.6322083449493547,912424.85
262884,GUINNESS,2025-09-18,176.0,176.0,412919,2026-04-08T04:31:25.598019+00:00,10.000000000000009,4.643557880967952,10.000000000000009,0.0,154.98,138.935,127.722,3.9264187694237913,4.309224265148013,87.01213870313352,7.617137134284519,3.187943031468132,4.429194102816387,920892.25
263003,GUINNESS,2025-09-19,183.9,183.9,437510,2026-04-08T04:31:28.111008+00:00,4.488636363636367,10.000000000000009,0.0,0.0,163.16,141.12,129.64,3.9812421946046967,4.324404642020721,88.80094677994359,9.958938271436864,4.423795334896381,5.535142936540483,925355.65
263122,GUINNESS,2025-09-22,183.9,183.9,254169,2026-04-08T04:31:32.624882+00:00,0.0,4.488636363636367,0.0,0.0,171.34,143.305,131.558,3.9812421946046967,4.324404642020721,88.80094677994359,11.680190578078339,4.916038113230284,6.764152464848054,933424.1
263241,GUINNESS,2025-09-23,183.9,183.9,514858,2026-04-08T04:31:35.170326+00:00,0.0,0.0,6.923076923076921,0.0,177.54000000000002,145.48999999999998,133.3,3.9812421946046967,4.154663212243998,88.80094677994357,12.895642492648392,4.90519202224027,7.990450470408122,953901.4
263360,GUINNESS,2025-09-24,183.9,183.9,592131,2026-04-08T04:31:37.673105+00:00,0.0,0.0,4.643557880967952,0.0,182.32,147.675,135.042,3.9812421946046967,4.154663212243998,88.80094677994357,13.700960744888192,4.568408219584056,9.132552525304137,973931.65
263479,GUINNESS,2025-09-25,183.9,183.9,219596,2026-04-08T04:31:40.100841+00:00,0.0,0.0,10.000000000000009,10.000000000000009,183.9,150.37,136.784,3.4384846060357175,4.154663212243998,88.80094677994357,14.175771788724063,4.03457541073594,10.141196377988123,961799.0
263598,GUINNESS,2025-09-26,183.9,183.9,506817,2026-04-08T04:31:42.548783+00:00,0.0,0.0,4.488636363636367,0.0,183.9,153.065,138.526,3.4384846060357175,4.154663212243998,88.80094677994357,14.386227486444767,3.396024886765314,10.990202599679453,972218.5
263717,GUINNESS,2025-09-29,183.9,183.9,388638,2026-04-08T04:31:47.029675+00:00,0.0,0.0,0.0,0.0,183.9,155.76000000000002,140.268,3.4384846060357175,4.154663212243998,88.80094677994359,14.387168816722294,2.7175729736342724,11.669595843088022,965306.15
263836,GUINNESS,2025-09-30,183.9,183.9,58864,2026-04-08T04:31:49.320364+00:00,0.0,0.0,0.0,6.923076923076921,183.9,158.45499999999998,142.01,3.4384846060357175,4.154663212243998,88.80094677994359,14.223949986407263,2.0434833146553917,12.180466671751871,966001.25
263955,GUINNESS,2025-10-02,183.75,183.75,616042,2026-04-08T04:31:52.706523+00:00,-0.08156606851550396,0.0,0.0,4.643557880967952,183.87,161.14249999999998,143.74900000000002,3.440782961517738,4.155229631713638,88.38279354183695,13.922009877340997,1.3932345644712996,12.528775312869698,979280.05
264074,GUINNESS,2025-10-03,183.75,183.75,147325,2026-04-08T04:31:55.311341+00:00,0.0,-0.08156606851550396,0.0,10.000000000000009,183.84,163.82999999999998,145.488,3.440782961517738,4.155229631713638,88.38279354183695,13.526791730609972,0.79841313419222,12.728378596417752,968708.65
264193,GUINNESS,2025-10-06,183.75,183.75,53632,2026-04-08T04:31:59.803196+00:00,0.0,0.0,0.0,4.488636363636367,183.81,166.51749999999998,147.03400000000002,3.440782961517738,3.969323944970748,88.38279354183695,13.062996410742528,0.26769425145981884,12.79530215928271,960701.1
264312,GUINNESS,2025-10-07,183.75,183.75,197257,2026-04-08T04:32:02.285104+00:00,0.0,0.0,0.0,0.0,183.78,169.20499999999998,148.58,3.440782961517738,3.969323944970748,88.38279354183693,12.550757953174099,-0.19563536488688982,12.746393318060989,948744.25
264431,GUINNESS,2025-10-08,183.75,183.75,38723,2026-04-08T04:32:04.646463+00:00,0.0,0.0,0.0,0.0,183.75,171.89249999999998,150.126,3.440782961517738,3.969323944970748,88.38279354183695,12.006402945641327,-0.5919922979357306,12.598395243577057,939078.35
264550,GUINNESS,2025-10-09,183.75,183.75,171661,2026-04-08T04:32:07.004133+00:00,0.0,0.0,-0.08156606851550396,0.0,183.75,174.57999999999998,151.672,3.440782961517738,3.969323944970748,88.38279354183695,11.443088874831972,-0.9242450949960705,12.367333969828042,928025.85
264669,GUINNESS,2025-10-10,183.75,183.75,278989,2026-04-08T04:32:10.69692+00:00,0.0,0.0,0.0,0.0,183.75,176.6175,153.21800000000002,2.86461594262707,3.969323944970748,88.38279354183695,10.871340370638535,-1.1967948793516072,12.068135249990142,508315.2
264788,GUINNESS,2025-10-13,183.75,183.75,523415,2026-04-08T04:32:15.267586+00:00,0.0,0.0,0.0,0.0,183.75,178.655,154.55200000000002,2.86461594262707,3.764059510370029,88.38279354183695,10.299499344610751,-1.4149087243035137,11.714408068914265,529753.5
264907,GUINNESS,2025-10-14,183.75,183.75,176621,2026-04-08T04:32:17.792097+00:00,0.0,0.0,0.0,0.0,183.75,180.6925,155.886,2.86461594262707,3.764059510370029,88.38279354183695,9.73410253681564,-1.5842444256789001,11.318346962494541,535191.55
265026,GUINNESS,2025-10-15,183.75,183.75,151424,2026-04-08T04:32:20.093513+00:00,0.0,0.0,0.0,0.0,183.75,182.23499999999999,157.22,2.550240623602863,3.764059510370029,88.38279354183693,9.180197886414163,-1.7105192608643023,10.890717147278465,352236.4
265145,GUINNESS,2025-10-16,183.75,183.75,150439,2026-04-08T04:32:22.728593+00:00,0.0,0.0,0.0,-0.08156606851550396,183.75,183.42249999999999,158.554,2.4036849529099045,3.764059510370029,88.38279354183695,8.641609366738777,-1.7992862244317518,10.440895591170529,294551.5
265264,GUINNESS,2025-10-17,183.75,183.75,41915,2026-04-08T04:32:25.167177+00:00,0.0,0.0,0.0,0.0,183.75,183.81,159.65400000000002,1.0048146202209318,3.5334879996847652,88.38279354183695,8.121158425491785,-1.8557897325429948,9.97694815803478,276001.3
265383,GUINNESS,2025-10-20,183.75,183.75,233734,2026-04-08T04:32:29.532096+00:00,0.0,0.0,0.0,0.0,183.75,183.80249999999998,160.497,0.018238727385844273,3.275238580274486,88.38279354183695,7.620848902571879,-1.8848794043703219,9.505728306942201,265812.5
265502,GUINNESS,2025-10-21,183.75,183.75,183422,2026-04-08T04:32:31.920152+00:00,0.0,0.0,0.0,0.0,183.75,183.795,161.05700000000002,0.018238727385844273,2.9803816252167614,88.38279354183695,7.142021226180816,-1.8909656646091086,9.032986890789925,262275.15
265621,GUINNESS,2025-10-22,183.75,183.75,225722,2026-04-08T04:32:34.332447+00:00,0.0,0.0,0.0,0.0,183.75,183.7875,161.61700000000002,0.018238727385844273,2.9803816252167614,88.38279354183693,6.685480781986342,-1.8780048870428665,8.563485669029209,247818.35
265740,GUINNESS,2025-10-23,183.75,183.75,363095,2026-04-08T04:32:36.79914+00:00,0.0,0.0,0.0,0.0,183.75,183.78,162.17700000000002,0.018238727385844273,2.9803816252167614,88.38279354183695,6.251604584603342,-1.8495048675406949,8.101109452144037,236366.55
265859,GUINNESS,2025-10-24,183.75,183.75,145990,2026-04-08T04:32:39.249323+00:00,0.0,0.0,0.0,0.0,183.75,183.77249999999998,162.737,0.018238727385844273,2.9803816252167614,88.38279354183695,5.840429733837709,-1.808543774645063,7.648973508482772,232686.25
265978,GUINNESS,2025-10-28,183.75,183.75,340445,2026-04-08T04:32:44.921336+00:00,0.0,0.0,0.0,0.0,183.75,183.765,163.297,0.018238727385844273,2.9803816252167614,88.38279354183693,5.451726591684178,-1.7577975334388753,7.209524125123053,224367.65
266097,GUINNESS,2025-10-29,174.0,174.0,1171904,2026-04-08T04:32:47.450266+00:00,-5.306122448979589,0.0,0.0,0.0,181.8,183.26999999999998,163.662,1.1856650163520455,3.0865572167157,40.88266810066032,4.307281376701383,-2.3217941987373365,6.629075575438719,263530.95
266216,GUINNESS,2025-10-30,174.0,174.0,101801,2026-04-08T04:32:49.91761+00:00,0.0,-5.306122448979589,0.0,0.0,179.85,182.775,164.02700000000002,1.1856650163520455,3.0865572167157,40.882668100660325,3.361550437592882,-2.6140201102766705,5.975570547869553,265677.8
266335,GUINNESS,2025-10-31,172.95,172.95,7670533,2026-04-08T04:32:52.375955+00:00,-0.603448275862073,0.0,0.0,0.0,177.69,182.235,164.37099999999998,1.187055932651311,3.088806165626144,38.31105741692246,2.498524198261805,-2.781637079686199,5.280161277948004,618402.35
266454,GUINNESS,2025-11-03,176.0,176.0,7892743,2026-04-08T04:32:57.290654+00:00,1.763515466897947,-0.603448275862073,0.0,0.0,176.14000000000001,181.84750000000003,165.08700000000002,1.2725768171850174,2.718602445321146,48.453848101225496,2.0371956723099913,-2.5943724845104104,4.631568156820402,1005673.25
266573,GUINNESS,2025-11-04,176.0,176.0,195232,2026-04-08T04:32:59.739678+00:00,0.0,1.763515466897947,0.0,0.0,174.59,181.46,165.803,1.2725768171850174,2.718602445321146,48.45384810122549,1.6525400389026004,-2.383222494334241,4.035762533236841,1012753.25
266692,GUINNESS,2025-11-05,176.0,176.0,22625,2026-04-08T04:33:02.152799+00:00,0.0,0.0,-5.306122448979589,0.0,174.99,181.07250000000002,166.51899999999998,1.2725768171850174,2.718602445321146,48.453848101225496,1.332339300034647,-2.1627385865617557,3.4950778865964027,1004021.65
266811,GUINNESS,2025-11-06,170.0,170.0,9453607,2026-04-08T04:33:04.646202+00:00,-3.409090909090906,0.0,0.0,0.0,174.19,180.38500000000002,167.115,1.4581343742384205,2.773367036306807,34.511877000895865,0.5876539428015803,-2.325939155035858,2.9135930978374383,1474765.85
266930,GUINNESS,2025-11-07,176.7,176.7,9706931,2026-04-08T04:33:07.145499+00:00,3.9411764705882257,-3.409090909090906,-0.603448275862073,0.0,174.94,180.0325,167.845,1.7491472511456494,2.8167708985092057,51.346927171657306,0.5319870225442855,-1.9052848602345223,2.437271882778808,1951529.35
267049,GUINNESS,2025-11-10,176.7,176.7,1153880,2026-04-08T04:33:11.744122+00:00,0.0,3.9411764705882257,1.763515466897947,0.0,175.07999999999998,179.68,168.77900000000002,1.7491472511456494,2.5852285599998677,51.346927171657306,0.48231080841057405,-1.563968859494587,2.046279667905161,1995273.9
267168,GUINNESS,2025-11-11,170.0,170.0,8643152,2026-04-08T04:33:14.17228+00:00,-3.791737408036211,0.0,0.0,0.0,173.88,178.9925,169.579,1.9251642794097619,2.659156842563291,39.554208518215106,-0.09657865631993445,-1.7142866593800765,1.617708003060142,2401260.75
267287,GUINNESS,2025-11-12,175.0,175.0,8610531,2026-04-08T04:33:16.719178+00:00,2.941176470588225,-3.791737408036211,0.0,-5.306122448979589,173.68,178.555,170.479,2.062382816824839,2.6787188845666865,48.972711051868934,-0.15016352291709723,-1.4142972207817914,1.2641336978646942,2822956.25
267406,GUINNESS,2025-11-13,166.0,166.0,7185128,2026-04-08T04:33:19.052814+00:00,-5.142857142857138,2.941176470588225,-3.409090909090906,0.0,172.88,177.66750000000002,171.199,2.335600013811337,2.799428132500569,37.61212271164707,-0.9083834209870645,-1.738013695081407,0.8296302740943424,3174641.45
267525,GUINNESS,2025-11-14,170.0,170.0,7193596,2026-04-08T04:33:21.762061+00:00,2.4096385542168752,-5.142857142857138,3.9411764705882257,-0.603448275862073,171.54000000000002,176.98000000000002,171.99900000000002,2.4222281426827483,2.810882621916303,43.84692111547922,-1.1729900827685071,-1.6020962854902796,0.4291062027217725,3526799.3
267644,GUINNESS,2025-11-17,170.0,170.0,65590,2026-04-08T04:33:26.271116+00:00,0.0,2.4096385542168752,0.0,1.763515466897947,170.2,176.29250000000002,172.799,2.4222281426827483,2.810882621916303,43.84692111547922,-1.3669355860699852,-1.4368334310334063,0.069897844963421,3527983.05
267763,GUINNESS,2025-11-18,170.0,170.0,46901,2026-04-08T04:33:29.067053+00:00,0.0,0.0,-3.791737408036211,0.0,170.2,175.60500000000002,173.59900000000002,2.4222281426827483,2.810882621916303,43.84692111547922,-1.5033095777042718,-1.2585659381341543,-0.24474363957011758,3518641.4
267882,GUINNESS,2025-11-19,167.0,167.0,385724,2026-04-08T04:33:31.487527+00:00,-1.764705882352946,0.0,2.941176470588225,0.0,168.6,174.7675,174.33900000000003,2.440501251342283,2.829275315210744,40.093624885278594,-1.8323398038826895,-1.2700769314500575,-0.562262872432632,3528756.5
268001,GUINNESS,2025-11-20,167.0,167.0,112764,2026-04-08T04:33:33.887172+00:00,0.0,-1.764705882352946,-5.142857142857138,-3.409090909090906,168.8,173.93,175.079,2.440501251342283,2.829275315210744,40.09362488527859,-2.0692456528386174,-1.2055862243247883,-0.863659428513829,3523108.6
268120,GUINNESS,2025-11-21,167.0,167.0,71512,2026-04-08T04:33:36.654129+00:00,0.0,0.0,2.4096385542168752,3.9411764705882257,168.2,173.09250000000003,175.81900000000002,2.440501251342283,2.829275315210744,40.093624885278594,-2.2312745014184543,-1.0940920583237002,-1.1371824430947541,3508529.45
268239,GUINNESS,2025-11-24,167.0,167.0,33777,2026-04-08T04:33:41.368891+00:00,0.0,0.0,0.0,0.0,167.6,172.25500000000002,176.299,2.440501251342283,2.478641998383978,40.093624885278594,-2.332792550859409,-0.956488086211724,-1.3763044646476852,3502918.8
268358,GUINNESS,2025-11-25,167.0,167.0,187423,2026-04-08T04:33:44.004166+00:00,0.0,0.0,0.0,-3.791737408036211,167.0,171.41750000000002,176.77900000000002,2.440501251342283,2.478641998383978,40.0936248852786,-2.385744953688004,-0.8075523912322551,-1.578192562455749,3495267.7
268477,GUINNESS,2025-11-26,167.0,167.0,66231,2026-04-08T04:33:46.260048+00:00,0.0,0.0,-1.764705882352946,2.941176470588225,167.0,171.06750000000002,177.25900000000001,2.1564808931209627,2.478641998383978,40.093624885278594,-2.4000439023008084,-0.6574810718760475,-1.742562830424761,3439984.05
268596,GUINNESS,2025-11-27,167.0,167.0,42142,2026-04-08T04:33:48.488035+00:00,0.0,0.0,0.0,-5.142857142857138,167.0,170.71750000000003,177.541,2.1564808931209627,2.289563167397762,40.093624885278594,-2.3838958546066067,-0.5130664193454766,-1.87082943526113,3437001.1
268715,GUINNESS,2025-11-28,167.0,167.0,834404,2026-04-08T04:33:50.826192+00:00,0.0,0.0,0.0,2.4096385542168752,167.0,170.42,177.68099999999998,2.1545065432900787,2.1980640536372342,40.0936248852786,-2.3440773459617787,-0.3785983285605188,-1.96547901740126,3095194.65
268834,GUINNESS,2025-12-01,167.0,167.0,39465,2026-04-08T04:33:55.236541+00:00,0.0,0.0,0.0,0.0,167.0,169.96999999999997,177.50099999999998,2.107532898315264,1.6716156164377445,40.0936248852786,-2.286167376556733,-0.2565506873243786,-2.0296166892323546,2702530.75
268953,GUINNESS,2025-12-02,180.0,180.0,444528,2026-04-08T04:33:57.748335+00:00,7.784431137724557,0.0,0.0,0.0,169.6,170.17,177.423,2.7692769002722355,1.9046315766399595,65.2252980748184,-1.1777060913925652,0.6815284782718316,-1.8592345696643968,2714995.55
269072,GUINNESS,2025-12-03,198.0,198.0,2833636,2026-04-08T04:34:00.349419+00:00,10.000000000000009,7.784431137724557,0.0,-1.764705882352946,175.8,171.26999999999998,177.705,3.537327010212998,2.3744270488629913,78.60742721166054,1.1400650703901078,2.3994397120436037,-1.2593746416534959,2855546.1
269191,GUINNESS,2025-12-04,198.0,198.0,442363,2026-04-08T04:34:03.142475+00:00,0.0,10.000000000000009,0.0,0.0,182.0,172.67,177.987,3.4114131162172048,2.3744270488629913,78.60742721166054,2.9429904527509905,3.3618920755235893,-0.4189016227725987,2404983.9
269310,GUINNESS,2025-12-05,198.0,198.0,912188,2026-04-08T04:34:05.808951+00:00,0.0,0.0,0.0,0.0,188.2,173.73499999999999,178.269,3.3345247182560476,2.3744270488629913,78.60742721166055,4.322000476506673,3.7927216794234173,0.5292787970832558,1965246.75
269429,GUINNESS,2025-12-08,198.0,198.0,166905,2026-04-08T04:34:10.334331+00:00,0.0,0.0,0.0,0.0,194.4,174.8,178.551,3.3345247182560476,2.3744270488629913,78.60742721166055,5.353167868605766,3.859111257218008,1.4940566113877578,1915898.0
269548,GUINNESS,2025-12-09,198.0,198.0,2101645,2026-04-08T04:34:12.926221+00:00,0.0,0.0,7.784431137724557,0.0,198.0,176.2,178.833,3.174325677035671,2.3744270488629913,78.60742721166055,6.100057786989879,3.684800940481697,2.415256846508182,1588822.65
269667,GUINNESS,2025-12-10,198.0,198.0,50273,2026-04-08T04:34:15.295879+00:00,0.0,0.0,10.000000000000009,0.0,198.0,177.35,179.115,3.138389878607191,2.3744270488629913,78.60742721166055,6.615711622909174,3.360363821120793,3.255347801788381,1160809.75
269786,GUINNESS,2025-12-11,198.0,198.0,1162084,2026-04-08T04:34:17.804745+00:00,0.0,0.0,0.0,0.0,198.0,178.95,179.39700000000002,2.8334082176570803,2.3744270488629913,78.60742721166055,6.944321190960949,2.951178711338054,3.993142479622895,859657.55
269905,GUINNESS,2025-12-12,217.8,217.8,2248472,2026-04-08T04:34:20.615101+00:00,10.000000000000009,0.0,0.0,0.0,201.95999999999998,181.34,180.07800000000003,3.4782046932209143,2.7504849048403615,87.49796436988063,8.702128445805386,3.7671887729459925,4.934939672859393,612401.35
270024,GUINNESS,2025-12-15,239.5,239.5,337564,2026-04-08T04:34:25.240467+00:00,9.963269054178149,10.000000000000009,0.0,0.0,210.26,184.815,181.19300000000004,3.9619206616905314,3.0655207386752257,91.61221980247487,11.711212438110238,5.421018212200675,6.290194225909563,626000.05
270143,GUINNESS,2025-12-16,263.4,263.4,1744264,2026-04-08T04:34:27.867795+00:00,9.97912317327765,9.963269054178149,0.0,7.784431137724557,223.33999999999997,189.485,182.78600000000003,4.3342902798334535,3.3398479546004536,93.96706364597152,15.84184847267258,7.641323397410414,8.200525075262167,710868.2
270262,GUINNESS,2025-12-18,289.7,289.7,1279857,2026-04-08T04:34:31.321522+00:00,9.984813971146544,9.97912317327765,0.0,10.000000000000009,241.67999999999998,195.61999999999998,184.905,4.545743257666474,3.5822550566069196,95.47315997488978,20.99557358838186,10.236038810495753,10.759534777886106,755574.85
270381,GUINNESS,2025-12-19,289.7,289.7,894731,2026-04-08T04:34:33.771022+00:00,0.0,9.984813971146544,0.0,0.0,260.02,201.755,187.024,4.545743257666474,3.5822550566069196,95.47315997488978,24.794126615351985,11.227673469972704,13.566453145379281,794673.2
270500,GUINNESS,2025-12-22,289.7,289.7,449072,2026-04-08T04:34:38.115277+00:00,0.0,0.0,10.000000000000009,0.0,274.4,207.89000000000001,189.143,4.545743257666474,3.5822550566069196,95.4731599748898,27.487646774769075,11.136954903511835,16.35069187125724,813551.2
270619,GUINNESS,2025-12-23,289.7,289.7,424406,2026-04-08T04:34:40.661369+00:00,0.0,0.0,9.963269054178149,0.0,284.43999999999994,214.025,191.262,4.545743257666474,3.5822550566069196,95.4731599748898,29.28470505608135,10.347210547859287,18.937494508222063,833082.65
270738,GUINNESS,2025-12-24,318.6,318.6,501391,2026-04-08T04:34:43.221402+00:00,9.975837072833983,0.0,9.97912317327765,0.0,295.47999999999996,221.60500000000002,193.959,4.754948244994551,3.7981451865871763,96.69327938674996,32.66434097384936,10.98147717250184,21.682863801347523,848781.05
270857,GUINNESS,2025-12-29,349.9,349.9,1271283,2026-04-08T04:34:48.902152+00:00,9.824231010671669,9.975837072833983,9.984813971146544,0.0,307.52,230.75,197.282,4.892384652272274,3.985631116601132,97.48417448660398,37.436826767270446,12.60317037273834,24.833656394532106,909033.65
270976,GUINNESS,2025-12-30,349.9,349.9,108801,2026-04-08T04:34:51.359097+00:00,0.0,9.824231010671669,0.0,0.0,319.56,239.89500000000004,200.605,4.892384652272274,3.985631116601132,97.48417448660399,40.74932330892776,12.732533531516516,28.01678977741124,912366.6
271095,GUINNESS,2025-12-31,349.9,349.9,761325,2026-04-08T04:34:53.061316+00:00,0.0,0.0,0.0,10.000000000000009,331.6,249.04000000000002,203.928,4.892384652272274,3.985631116601132,97.48417448660398,42.880204379355234,11.890731681555192,30.989472697800043,908712.65
271214,GUINNESS,2026-01-02,349.9,349.9,113894,2026-04-08T04:34:56.467348+00:00,0.0,0.0,0.0,9.963269054178149,343.64,258.185,207.25100000000003,4.892384652272274,3.985631116601132,97.48417448660399,44.06103479773168,10.457249679945306,33.60378511778637,912434.1
271333,GUINNESS,2026-01-05,349.9,349.9,189217,2026-04-08T04:35:01.008466+00:00,0.0,0.0,9.975837072833983,9.97912317327765,349.9,266.68,210.574,4.874662422352148,3.985631116601132,97.48417448660398,44.48406678024617,8.704225329967834,35.77984145027833,899668.55
271452,GUINNESS,2026-01-06,349.9,349.9,126438,2026-04-08T04:35:03.366972+00:00,0.0,0.0,9.824231010671669,9.984813971146544,349.9,274.275,213.89700000000002,4.680371190790534,3.985631116601132,97.48417448660398,44.30856116221344,6.82297576954808,37.48558539266536,764308.65
271571,GUINNESS,2026-01-07,349.9,349.9,334063,2026-04-08T04:35:05.819661+00:00,0.0,0.0,0.0,0.0,349.9,281.87,217.22,4.680371190790534,3.985631116601132,97.48417448660399,43.66611589267535,4.944424400007989,38.72169149266736,758893.65
271690,GUINNESS,2026-01-08,349.9,349.9,81590,2026-04-08T04:35:08.163488+00:00,0.0,0.0,0.0,0.0,349.9,289.46500000000003,220.543,4.680371190790534,3.985631116601132,97.48417448660399,42.665156027451246,3.1547716278271025,39.510384399624144,717363.75
271809,GUINNESS,2026-01-09,349.9,349.9,135156,2026-04-08T04:35:10.591402+00:00,0.0,0.0,0.0,0.0,349.9,297.06,223.866,4.680371190790534,3.985631116601132,97.48417448660398,41.394715608515526,1.5074649671131013,39.887250641402424,715776.3
271928,GUINNESS,2026-01-12,349.9,349.9,83453,2026-04-08T04:35:15.220756+00:00,0.0,0.0,0.0,9.975837072833983,349.9,304.65500000000003,227.18900000000002,4.680371190790534,3.985631116601132,97.48417448660398,39.9276216551213,0.0322968109750974,39.8953248441462,614866.7
272047,GUINNESS,2026-01-13,349.9,349.9,100392,2026-04-08T04:35:17.864544+00:00,0.0,0.0,0.0,9.824231010671669,349.9,312.25,230.707,4.680371190790534,3.873273813525641,97.48417448660398,38.32317343915577,-1.2577211239923543,39.58089456314812,617372.65
272166,GUINNESS,2026-01-14,349.9,349.9,84809,2026-04-08T04:35:20.278959+00:00,0.0,0.0,0.0,0.0,349.9,319.84499999999997,234.225,4.680371190790534,3.873273813525641,97.48417448660398,36.62939579486192,-2.3611990146289656,38.99059480949089,563508.9
272285,GUINNESS,2026-01-15,349.9,349.9,59823,2026-04-08T04:35:23.159853+00:00,0.0,0.0,0.0,0.0,349.9,326.45,237.76399999999998,4.418495156249263,3.8675945775020883,97.48417448660398,34.884933016057744,-3.284529434746517,38.16946245080426,454076.45
272404,GUINNESS,2026-01-16,349.9,349.9,28082,2026-04-08T04:35:25.571119+00:00,0.0,0.0,0.0,0.0,349.9,331.96999999999997,241.24199999999996,4.079818391290168,3.8730789517138984,97.48417448660398,33.120639579489705,-4.039058297051646,37.15969787654135,438602.35
272523,GUINNESS,2026-01-19,349.9,349.9,51138,2026-04-08T04:35:30.272746+00:00,0.0,0.0,0.0,0.0,349.9,336.29499999999996,244.72,3.637323989901149,3.8730789517138984,97.48417448660398,31.360915210902363,-4.639026132511191,35.99994134341355,353946.05
272642,GUINNESS,2026-01-20,349.9,349.9,76450,2026-04-08T04:35:32.536083+00:00,0.0,0.0,0.0,0.0,349.9,339.30499999999995,248.19799999999998,3.0472654302816173,3.8730789517138984,97.48417448660398,29.6248244353892,-5.100093526419485,34.724917961808686,293775.7
272762,GUINNESS,2026-01-21,349.9,349.9,147974,2026-04-08T04:35:34.90344+00:00,0.0,0.0,0.0,0.0,349.9,342.31499999999994,251.796,3.0472654302816173,3.8152993642053783,97.48417448660399,27.927034517988375,-5.438306755056246,33.36534127304462,256437.85
272882,GUINNESS,2026-01-22,349.9,349.9,28481,2026-04-08T04:35:36.566163+00:00,0.0,0.0,0.0,0.0,349.9,345.325,255.25999999999996,3.0472654302816173,3.804999550923708,97.48417448660398,26.278600428651714,-5.669392675514327,31.94799310416604,235408.3
273002,GUINNESS,2026-01-23,349.9,349.9,23672,2026-04-08T04:35:38.92405+00:00,0.0,0.0,0.0,0.0,349.9,348.335,258.724,3.0472654302816173,3.804999550923708,97.48417448660398,24.68762100904428,-5.8082976760974105,30.49591868514169,215371.6
273122,GUINNESS,2026-01-26,349.9,349.9,27288,2026-04-08T04:35:43.383975+00:00,0.0,0.0,0.0,0.0,349.9,349.9,262.322,2.196764836652332,3.7356891020428353,97.48417448660399,23.15978675141406,-5.868905546982106,29.028692298396166,191666.45
273242,GUINNESS,2026-01-27,349.9,349.9,23246,2026-04-08T04:35:45.70946+00:00,0.0,0.0,0.0,0.0,349.9,349.9,265.82,0.0,3.735995969223495,97.48417448660398,21.698836415647804,-5.863884706198689,27.562721121846494,129264.6
273362,GUINNESS,2026-01-28,349.9,349.9,49998,2026-04-08T04:35:48.193808+00:00,0.0,0.0,0.0,0.0,349.9,349.9,269.498,0.0,3.61947028270485,97.48417448660398,20.30693701964117,-5.804627281764262,26.11156430140543,126324.45
273482,GUINNESS,2026-01-29,349.9,349.9,13465,2026-04-08T04:35:50.479528+00:00,0.0,0.0,0.0,0.0,349.9,349.9,273.096,0.0,3.624008312085385,97.48417448660398,18.984999464141538,-5.701251869811113,24.68625133395265,88931.45
273602,GUINNESS,2026-01-30,349.9,349.9,17764,2026-04-08T04:35:52.855058+00:00,0.0,0.0,0.0,0.0,349.9,349.9,276.69399999999996,0.0,3.624008312085385,97.48417448660398,17.732940131893713,-5.562648961647152,23.295589093540865,84124.95
273722,GUINNESS,2026-02-02,349.9,349.9,102006,2026-04-08T04:35:57.524813+00:00,0.0,0.0,0.0,0.0,349.9,349.9,280.29200000000003,0.0,3.624008312085385,97.48417448660398,16.549897177774824,-5.396553532612835,21.94645071038766,79764.4
273842,GUINNESS,2026-02-03,349.9,349.9,61345,2026-04-08T04:36:00.137559+00:00,0.0,0.0,0.0,0.0,349.9,349.9,283.95,0.0,3.599929303281804,97.48417448660398,15.434408855570325,-5.209633483853867,20.644042339424193,76509.75
273962,GUINNESS,2026-02-04,349.9,349.9,41633,2026-04-08T04:36:02.592569+00:00,0.0,0.0,0.0,0.0,349.9,349.9,287.608,0.0,3.599929303281804,97.48417448660398,14.384560069164309,-5.007585816207907,19.392145885372216,61888.25
274082,GUINNESS,2026-02-05,349.9,349.9,181147,2026-04-08T04:36:04.997535+00:00,0.0,0.0,0.0,0.0,349.9,349.9,291.26599999999996,0.0,3.599929303281804,97.48417448660396,13.398102358228925,-4.795234821714633,18.19333717994356,66866.1
274202,GUINNESS,2026-02-06,349.9,349.9,169976,2026-04-08T04:36:07.533957+00:00,0.0,0.0,0.0,0.0,349.9,349.9,294.924,0.0,3.599929303281804,97.48417448660398,12.472551703128829,-4.576628381451783,17.049180084580613,68607.1
274322,GUINNESS,2026-02-09,349.9,349.9,83617,2026-04-08T04:36:12.456447+00:00,0.0,0.0,0.0,0.0,349.9,349.9,302.24,0.0,3.599929303281804,97.48417448660398,10.793518166197714,-4.1335035751144655,14.92702174131218,72094.5
274442,GUINNESS,2026-02-10,349.9,349.9,580204,2026-04-08T04:36:14.818506+00:00,0.0,0.0,0.0,0.0,349.9,349.9,305.89799999999997,0.0,3.599929303281804,97.48417448660398,10.034528900751525,-3.913994272448525,13.94852317320005,96864.25
274562,GUINNESS,2026-02-11,349.9,349.9,182276,2026-04-08T04:36:17.460702+00:00,0.0,0.0,0.0,0.0,349.9,349.9,309.556,0.0,3.599929303281804,97.48417448660398,9.325525585649814,-3.6983980700401897,13.023923655690004,102986.9
175,GUINNESS,2026-02-12,349.9,349.9,186195,2026-02-12T09:23:45.307572+00:00,0.0,0.0,0.0,0.0,349.9,349.9,313.214,0.0,3.599929303281804,97.48417448660398,8.663764862015682,-3.488127034939458,12.15189189695514,110892.55
274802,GUINNESS,2026-02-13,315.0,315.0,479312,2026-04-08T04:36:22.38356+00:00,-9.974278365247201,0.0,0.0,0.0,342.91999999999996,348.15500000000003,315.914,2.2303164451198216,3.8403252368995107,22.599996052007956,5.262513413447493,-5.511502786806117,10.77401620025361,132301.25
274922,GUINNESS,2026-02-16,320.0,320.0,1923743,2026-04-08T04:36:26.879081+00:00,1.5873015873015817,-9.974278365247201,0.0,0.0,336.93999999999994,346.65999999999997,318.354,2.276755381340534,3.624936909026582,30.801304051153902,2.936604006011464,-6.269929755393717,9.206533761405181,224665.9
275042,GUINNESS,2026-02-17,320.0,320.0,264281,2026-04-08T04:36:29.440312+00:00,0.0,1.5873015873015817,0.0,0.0,330.96,345.165,320.794,2.276755381340534,3.624936909026582,30.8013040511539,1.08084473800875,-6.500551218717145,7.581395956725895,230481.25
275162,GUINNESS,2026-02-18,320.0,320.0,168721,2026-04-08T04:36:31.166521+00:00,0.0,0.0,0.0,0.0,324.98,343.66999999999996,323.234,2.276755381340534,3.624936909026582,30.8013040511539,-0.3854150273838286,-6.373448787287779,5.98803375990395,237493.25
275282,GUINNESS,2026-02-19,350.0,350.0,1858224,2026-04-08T04:36:33.575564+00:00,9.375,0.0,0.0,0.0,325.0,343.675,326.274,3.1610089223980586,3.808552172983891,61.42876459008432,0.863360541352904,-4.099738574840837,4.963099116193741,329220.85
549,GUINNESS,2026-02-20,350.0,350.0,129906,2026-02-20T23:15:44.934622+00:00,0.0,9.375,-9.974278365247201,0.0,332.0,343.68,329.314,3.1610089223980586,3.808552172983891,61.42876459008431,1.831907091886194,-2.504953619446038,4.336860711332232,334351.75
697,GUINNESS,2026-02-23,350.0,350.0,344575,2026-02-23T07:00:01.990412+00:00,0.0,0.0,1.5873015873015817,0.0,338.0,343.685,332.35400000000004,3.1610089223980586,3.808552172983891,61.42876459008432,2.569863425302458,-1.4135978288238196,3.9834612541262775,350418.2
845,GUINNESS,2026-02-24,350.0,350.0,78453,2026-02-24T07:00:01.929914+00:00,0.0,0.0,0.0,0.0,344.0,343.69,335.394,3.1610089223980586,3.808552172983891,61.42876459008432,3.1187481489157562,-0.6917704841684174,3.8105186330841736,351840.95
993,GUINNESS,2026-02-25,350.0,350.0,211790,2026-02-25T07:00:01.953057+00:00,0.0,0.0,0.0,0.0,350.0,343.69500000000005,338.038,3.1610089223980586,3.5943110720895763,61.42876459008432,3.5132447483402984,-0.2378191077951004,3.751063856135399,361757.2
1141,GUINNESS,2026-02-26,350.0,350.0,87548,2026-02-26T07:00:01.915173+00:00,0.0,0.0,9.375,0.0,350.0,343.7,340.24800000000005,3.1610089223980586,3.3563648745402865,61.42876459008433,3.782286303463877,0.02497795786278223,3.757308345601095,365246.4
1829,GUINNESS,2026-02-27,350.0,350.0,412411,2026-02-27T07:00:02.056517+00:00,0.0,0.0,0.0,-9.974278365247201,350.0,343.70500000000004,341.98,3.1610089223980586,3.0861319047632354,61.42876459008432,3.949970868834612,0.1541300185868133,3.7958408502477985,380766.65
2710,GUINNESS,2026-02-28,350.0,350.0,412411,2026-02-28T18:00:03.453641+00:00,0.0,0.0,0.0,1.5873015873015817,350.0,343.71,343.186,3.1610089223980586,2.7748371001596346,61.42876459008431,4.036333752030089,0.1923943214258319,3.843939430604257,398319.95
2858,GUINNESS,2026-03-01,350.0,350.0,412411,2026-03-01T18:00:03.821122+00:00,0.0,0.0,0.0,0.0,350.0,343.71500000000003,344.39200000000005,3.1610089223980586,2.7748371001596346,61.42876459008433,4.057998874168675,0.17124755485153376,3.886751319317141,416858.85
3006,GUINNESS,2026-03-02,350.0,350.0,165752,2026-03-02T07:00:01.981706+00:00,0.0,0.0,0.0,0.0,350.0,343.72,345.598,3.1610089223980586,2.7748371001596346,61.42876459008431,4.028727971295268,0.11358132158250189,3.9151466497127663,416089.1
3970,GUINNESS,2026-03-03,350.0,350.0,338360,2026-03-03T07:00:01.858909+00:00,0.0,0.0,0.0,9.375,350.0,343.725,346.80400000000003,3.1610089223980586,2.7748371001596346,61.42876459008433,3.959883497861142,0.03578947851870051,3.9240940193424416,424508.3
5407,GUINNESS,2026-03-04,350.0,350.0,75964,2026-03-04T07:00:02.010027+00:00,0.0,0.0,0.0,0.0,350.0,343.73,347.432,3.1610089223980586,2.4077841382146667,61.42876459008431,3.860818642630875,-0.05062030136925344,3.9114389440001283,419807.7
7125,GUINNESS,2026-03-05,344.4,344.4,567548,2026-03-05T07:00:02.0033+00:00,-1.6000000000000014,0.0,0.0,0.0,348.88,343.45500000000004,347.32199999999995,3.182498641481922,1.981799274854892,51.14604273023279,3.292482147591386,-0.49516543712699423,3.78764758471838,444004.25
9641,GUINNESS,2026-03-06,344.4,344.4,120782,2026-03-06T07:00:02.033178+00:00,0.0,-1.6000000000000014,0.0,0.0,347.76,343.17999999999995,347.212,3.182498641481922,1.981799274854892,51.14604273023279,2.8096831027872895,-0.782371585544873,3.5920546883321625,421033.15
11299,GUINNESS,2026-03-07,344.4,344.4,120782,2026-03-07T18:00:06.285951+00:00,0.0,0.0,0.0,0.0,346.64,342.90500000000003,347.102,3.182498641481922,1.981799274854892,51.14604273023279,2.3994025622395156,-0.9541217008741176,3.3535242631136333,417958.45
11447,GUINNESS,2026-03-08,344.4,344.4,120782,2026-03-08T18:00:03.574352+00:00,0.0,0.0,0.0,0.0,345.52,342.63,346.99199999999996,3.182498641481922,1.981799274854892,51.14604273023279,2.0506140753460613,-1.042328150214058,3.0929422255601193,414687.8
11595,GUINNESS,2026-03-09,344.4,344.4,109998,2026-03-09T07:00:02.016534+00:00,0.0,0.0,0.0,0.0,344.4,344.09999999999997,346.88200000000006,2.159282492652919,1.981799274854892,51.14604273023279,1.7539779209384392,-1.0711714436973443,2.8251493646357835,396222.1
14111,GUINNESS,2026-03-10,344.4,344.4,85846,2026-03-10T07:00:03.966079+00:00,0.0,0.0,-1.6000000000000014,0.0,344.4,345.32,346.772,2.1451057359536043,1.981799274854892,51.1460427302328,1.5015823250813014,-1.0588536316435855,2.560435956724887,304327.25
15951,GUINNESS,2026-03-11,344.4,344.4,241668,2026-03-11T07:00:02.147117+00:00,0.0,0.0,0.0,0.0,344.4,346.53999999999996,346.662,2.1451057359536043,1.981799274854892,51.14604273023279,1.2867244385826098,-1.0189692145138216,2.3056936530964314,303196.6
17667,GUINNESS,2026-03-12,350.0,350.0,1101812,2026-03-12T07:00:02.06753+00:00,1.6260162601626105,0.0,0.0,0.0,345.52,348.03999999999996,346.664,2.160355703437468,1.995299290083466,61.868859525535164,1.5504486079801723,-0.6041960360930072,2.1546446440731795,349851.15
20183,GUINNESS,2026-03-13,385.0,385.0,1608621,2026-03-13T07:00:01.993197+00:00,10.000000000000009,1.6260162601626105,0.0,0.0,353.64,349.78999999999996,347.366,2.2961968416430767,2.4439601845536205,84.60789112244983,4.531423970237711,1.9014234609316247,2.630000509306086,337371.0
23629,GUINNESS,2026-03-16,385.0,385.0,238867,2026-03-16T08:30:01.80086+00:00,0.0,10.000000000000009,0.0,0.0,361.75999999999993,351.53999999999996,348.06800000000004,2.2961968416430767,2.4439601845536205,84.60789112244983,6.815305818499439,3.3482442473546823,3.467061571144757,342819.05
25460,GUINNESS,2026-03-17,385.0,385.0,305445,2026-03-17T08:30:01.70448+00:00,0.0,0.0,0.0,-1.6000000000000014,369.88,353.28999999999996,348.77,2.2961968416430767,2.4439601845536205,84.60789112244983,8.527004636157471,4.047954452010171,4.4790501841473,340862.55
27323,GUINNESS,2026-03-18,423.2,423.2,280359,2026-03-18T08:30:01.732403+00:00,9.92207792207791,0.0,0.0,0.0,385.64,356.94999999999993,350.236,3.1098759164188903,2.8022640961618777,91.50971443061405,12.81819881368267,6.671318903628296,6.146879910054374,350957.85
33137,GUINNESS,2026-03-23,423.2,423.2,369517,2026-03-23T08:30:01.705825+00:00,0.0,9.92207792207791,1.6260162601626105,0.0,400.28,360.61,351.702,3.1098759164188903,2.8022640961618777,91.50971443061407,16.034169194208857,7.909831427323585,8.124337766885272,358844.2
34715,GUINNESS,2026-03-24,423.2,423.2,290684,2026-03-24T15:00:01.978259+00:00,0.0,0.0,10.000000000000009,0.0,407.92,364.27,353.16799999999995,3.1098759164188903,2.8022640961618777,91.50971443061405,18.371078532863805,8.197392612782826,10.17368592008098,369001.0
34863,GUINNESS,2026-03-25,423.2,423.2,293607,2026-03-25T15:00:01.528164+00:00,0.0,0.0,0.0,0.0,415.55999999999995,367.92999999999995,354.634,3.1098759164188903,2.8022640961618777,91.50971443061407,19.99263338756083,7.85515797398388,12.137475413576949,363060.8
35011,GUINNESS,2026-03-26,423.2,423.2,356493,2026-03-26T15:00:01.955832+00:00,0.0,0.0,0.0,0.0,423.2,371.59,356.1,3.1098759164188903,2.8022640961618777,91.50971443061407,21.035246069872642,7.118216525036553,13.917029544836089,360264.9
35159,GUINNESS,2026-03-27,423.2,423.2,94571,2026-03-27T15:00:02.114662+00:00,0.0,0.0,9.92207792207791,0.0,423.2,375.24999999999994,357.566,3.1098759164188903,2.8022640961618777,91.50971443061407,21.612389954078424,6.156288327393867,15.456101626684557,344372.9
278162,GUINNESS,2026-03-30,423.2,423.2,175148,2026-04-08T04:37:47.74327+00:00,0.0,0.0,0.0,1.6260162601626105,423.2,378.90999999999997,359.032,3.1098759164188903,2.8022640961618777,91.50971443061407,21.818273168723124,5.089737233630853,16.72853593509227,344842.7
35307,GUINNESS,2026-03-31,423.2,423.2,86446,2026-03-31T15:00:02.085058+00:00,0.0,0.0,0.0,10.000000000000009,423.2,382.57,360.49799999999993,3.1098759164188903,2.8022640961618777,91.50971443061407,21.730936391949285,4.00192036548561,17.729016026463675,332247.0
278402,GUINNESS,2026-04-01,423.2,423.2,899753,2026-04-08T04:37:52.684906+00:00,0.0,0.0,0.0,0.0,423.2,386.22999999999996,361.964,3.1098759164188903,2.8022640961618777,91.50971443061407,21.414864143571492,2.948678493686252,18.46618564988524,373436.45
35455,GUINNESS,2026-04-02,423.2,423.2,74732,2026-04-02T15:00:01.864809+00:00,0.0,0.0,0.0,0.0,423.2,390.16999999999996,363.43,3.0597174020329665,2.8022640961618777,91.50971443061408,20.923185155314684,1.9655996043435557,18.957585550971128,348795.65
35899,GUINNESS,2026-04-07,423.2,423.2,132794,2026-04-07T15:00:01.949344+00:00,0.0,0.0,0.0,9.92207792207791,423.2,394.11,364.89599999999996,3.0597174020329665,2.8022640961618777,91.50971443061407,20.299525718300686,1.0735521338636431,19.225973584437043,349396.25
278796,GUINNESS,2026-04-08,423.2,423.2,300735,2026-04-08T15:00:01.943007+00:00,0.0,0.0,0.0,0.0,423.2,398.04999999999995,366.36199999999997,3.0597174020329665,2.8022640961618777,91.50971443061408,19.579570025844703,0.28287715312612605,19.296692872718577,358393.9
278943,GUINNESS,2026-04-09,423.2,423.2,303981,2026-04-09T15:00:02.085141+00:00,0.0,0.0,0.0,0.0,423.2,401.99,367.828,3.0597174020329665,2.8022640961618777,91.50971443061407,18.79237317248635,-0.403455760185782,19.195828932672132,367553.85
279089,GUINNESS,2026-04-10,462.9,462.9,1373865,2026-04-10T15:00:01.352272+00:00,9.38090737240076,0.0,0.0,0.0,431.14,407.915,370.088,3.563431414280284,3.0744733171315337,96.17764678845167,21.128416969171553,1.5460704291995384,19.582346539972015,430747.2
279235,GUINNESS,2026-04-13,499.0,499.0,1726379,2026-04-13T15:00:02.021173+00:00,7.798660617844022,9.38090737240076,0.0,0.0,446.3,415.645,373.07,3.8038795906607747,3.236628254730125,97.51536819122312,25.597643112225,4.812237257802387,20.785405854422613,512773.85
279381,GUINNESS,2026-04-14,499.0,499.0,115098,2026-04-14T15:00:02.477878+00:00,0.0,7.798660617844022,0.0,0.0,461.4599999999999,423.375,376.052,3.8038795906607747,3.236628254730125,97.5153681912231,28.80746253356631,6.417645343314952,22.389817190251357,506445.35
279527,GUINNESS,2026-04-15,499.0,499.0,275427,2026-04-15T15:00:02.184222+00:00,0.0,0.0,0.0,0.0,476.62,430.825,379.034,3.828161262507462,3.236628254730125,97.5153681912231,30.99398814819483,6.883336766354777,24.110651381840054,465126.1
279673,GUINNESS,2026-04-16,499.0,499.0,357177,2026-04-16T15:00:02.07143+00:00,0.0,0.0,0.0,0.0,491.78000000000003,436.525,382.01599999999996,3.3288468075597524,3.236628254730125,97.5153681912231,32.35387017506105,6.5945750345767955,25.75929514048425,402553.9
279819,GUINNESS,2026-04-17,499.0,499.0,43463,2026-04-17T15:00:02.06245+00:00,0.0,0.0,9.38090737240076,0.0,499.0,442.225,384.99800000000005,3.3288468075597524,3.236628254730125,97.51536819122312,33.050599738274684,5.833043678232343,27.21755606004234,392783.7
279965,GUINNESS,2026-04-20,499.0,499.0,73502,2026-04-20T15:00:01.862344+00:00,0.0,0.0,7.798660617844022,0.0,499.0,447.925,387.98,3.3288468075597524,3.236628254730125,97.5153681912231,33.219825467421856,4.80181552590361,28.418009941518246,381186.55
280111,GUINNESS,2026-04-21,497.0,497.0,35015,2026-04-21T15:00:02.189846+00:00,-0.4008016032064132,0.0,0.0,0.0,498.6,451.61499999999995,390.922,2.6646301452987973,3.2390501968428556,94.65252246350668,32.8142920590052,3.5170256939895594,29.297266365015638,368919.35
280257,GUINNESS,2026-04-22,497.0,497.0,27355,2026-04-22T15:00:02.200159+00:00,0.0,-0.4008016032064132,0.0,0.0,498.2,455.305,393.86400000000003,2.6646301452987973,3.2390501968428556,94.6525224635067,32.12261440786398,2.2602784342786713,29.862335973585306,351811.25
280403,GUINNESS,2026-04-23,497.0,497.0,19083,2026-04-23T15:00:02.125151+00:00,0.0,0.0,0.0,0.0,497.8,458.995,396.806,2.6646301452987973,3.2390501968428556,94.65252246350668,31.214632038361685,1.0818368518211017,30.132795186540584,338231.2
280549,GUINNESS,2026-04-24,497.0,497.0,68532,2026-04-24T15:00:02.20649+00:00,0.0,0.0,0.0,9.38090737240076,497.4,462.68500000000006,400.44599999999997,2.6646301452987973,2.848407214217196,94.65252246350668,30.14752753760223,0.011785880849313202,30.135741656752916,326977.45
280695,GUINNESS,2026-04-27,497.0,497.0,18144,2026-04-27T15:00:02.034997+00:00,0.0,0.0,0.0,7.798660617844022,497.0,466.375,403.986,2.6646301452987973,2.8500473526253143,94.6525224635067,28.967915435439068,-0.9342609770510819,29.90217641249015,310060.0
280841,GUINNESS,2026-04-28,497.0,497.0,22684,2026-04-28T15:00:01.918241+00:00,0.0,0.0,-0.4008016032064132,0.0,497.0,470.06499999999994,407.526,2.6646301452987973,2.8500473526253143,94.65252246350668,27.71359922507827,-1.7508617499295056,29.464460975007775,306465.65
280987,GUINNESS,2026-04-29,497.0,497.0,155145,2026-04-29T15:00:02.672724+00:00,0.0,0.0,0.0,0.0,497.0,473.755,411.066,2.6646301452987973,2.8500473526253143,94.6525224635067,26.415048356846,-2.4395300945294203,28.85457845137542,305465.5
281133,GUINNESS,2026-04-30,497.0,497.0,22849,2026-04-30T15:00:02.170664+00:00,0.0,0.0,0.0,0.0,497.0,477.445,414.006,2.6646301452987973,2.5779895897242397,94.65252246350668,25.096639005873726,-3.006351556401359,28.102990562275085,302285.65
281425,GUINNESS,2026-05-04,497.0,497.0,29221,2026-05-04T15:00:02.156928+00:00,0.0,0.0,0.0,0.0,497.0,481.13500000000005,416.94599999999997,2.6646301452987973,2.5779895897242397,94.65252246350668,23.777695622566455,-3.4602359517669043,27.23793157433336,258759.05
281571,GUINNESS,2026-05-05,447.3,447.3,999517,2026-05-05T15:00:01.930748+00:00,-9.999999999999998,0.0,0.0,0.0,487.06000000000006,482.34,418.892,3.603241149156402,2.990959951489579,39.09015108094694,18.50869216701159,-6.983391525857421,25.49208369286901,304998.3
281717,GUINNESS,2026-05-06,402.6,402.6,802474,2026-05-06T15:00:01.919787+00:00,-9.993293091884636,-9.999999999999998,0.0,-0.4008016032064132,468.18,481.30999999999995,419.94399999999996,4.2817262886690175,3.3408369746462294,24.92087452307542,10.60381832386156,-11.910612295205961,22.51443061906752,338482.3
281863,GUINNESS,2026-05-07,402.6,402.6,778072,2026-05-07T15:00:01.995523+00:00,0.0,-9.993293091884636,0.0,0.0,449.3,480.28000000000003,420.996,4.2817262886690175,3.3408369746462294,24.920874523075415,4.2896998618624025,-14.579784605764097,18.8694844676265,362349.15
282009,GUINNESS,2026-05-08,402.6,402.6,310731,2026-05-08T15:00:02.118161+00:00,0.0,0.0,0.0,0.0,430.41999999999996,479.25,422.04799999999994,4.2817262886690175,3.3408369746462294,24.920874523075423,-0.7061445156225545,-15.660503186599245,14.95435867097669,362686.65
282155,GUINNESS,2026-05-11,402.6,402.6,127393,2026-05-11T15:00:02.243132+00:00,0.0,0.0,0.0,0.0,411.53999999999996,476.235,423.1,3.648456113265327,3.3408369746462294,24.92087452307542,-4.612220372448348,-15.653263234740031,11.041042862291683,300363.05
282301,GUINNESS,2026-05-12,402.6,402.6,311047,2026-05-12T15:00:02.325735+00:00,0.0,0.0,-9.999999999999998,0.0,402.6,471.41499999999996,424.152,3.071349727501309,3.3408369746462294,24.92087452307542,-7.619975298765496,-14.928814528845743,7.308839230080247,229596.45
282447,GUINNESS,2026-05-13,402.6,402.6,484793,2026-05-13T15:00:01.887561+00:00,0.0,0.0,-9.993293091884636,0.0,402.6,466.59499999999997,425.20399999999995,3.071349727501309,3.3408369746462294,24.920874523075423,-9.889641120822887,-13.758784280722507,3.8691431598996204,248081.2
282593,GUINNESS,2026-05-14,402.6,402.6,166081,2026-05-14T15:00:01.952989+00:00,0.0,0.0,0.0,0.0,402.6,461.775,426.256,3.071349727501309,3.3408369746462294,24.920874523075423,-11.55516686607217,-12.339448020777432,0.7842811547052624,242613.9
282739,GUINNESS,2026-05-15,402.6,402.6,89093,2026-05-15T15:00:01.871578+00:00,0.0,0.0,0.0,0.0,402.6,456.95500000000004,427.30799999999994,3.071349727501309,3.3408369746462294,24.920874523075426,-12.7283831409419,-10.81013143651773,-1.9182517044241703,229209.7
282885,GUINNESS,2026-05-18,402.6,402.6,39413,2026-05-18T15:00:01.868607+00:00,0.0,0.0,0.0,0.0,402.6,452.13500000000005,428.36,3.071349727501309,3.3408369746462294,24.920874523075426,-13.502516881754957,-9.267412141864629,-4.235104739890328,229007.2
283031,GUINNESS,2026-05-19,402.6,402.6,70854,2026-05-19T15:00:01.863653+00:00,0.0,0.0,0.0,-9.999999999999998,402.6,447.31500000000005,429.524,3.071349727501309,3.3295714149288442,24.920874523075423,-13.955157084594248,-7.776041875763135,-6.179115208831113,228874.8
283177,GUINNESS,2026-05-20,402.6,402.6,84078,2026-05-20T15:00:01.871845+00:00,0.0,0.0,0.0,-9.993293091884636,402.6,442.59499999999997,430.68799999999993,3.0769030772362234,3.3295714149288442,24.920874523075426,-14.150756592977245,-6.377313107316906,-7.77344348566034,231327.95
283323,GUINNESS,2026-05-21,402.6,402.6,44848,2026-05-21T15:00:01.939198+00:00,0.0,0.0,0.0,0.0,402.6,437.875,431.85200000000003,3.0769030772362234,3.3295714149288442,24.92087452307542,-14.14274188765927,-5.095438721599143,-9.047303166060127,232202.6
283469,GUINNESS,2026-05-22,402.6,402.6,137905,2026-05-22T15:00:02.031345+00:00,0.0,0.0,0.0,0.0,402.6,433.15500000000003,433.01599999999996,3.0769030772362234,3.3295714149288442,24.920874523075415,-13.975291712408364,-3.942390837078589,-10.032900875329775,238143.7
283615,GUINNESS,2026-05-25,402.6,402.6,131555,2026-05-25T15:00:01.979384+00:00,0.0,0.0,0.0,0.0,402.6,428.43500000000006,434.18,3.0769030772362234,3.3295714149288442,24.92087452307542,-13.684835971543293,-2.921548076970815,-10.763287894572478,241294.85
283761,GUINNESS,2026-05-26,402.6,402.6,468935,2026-05-26T15:00:01.996051+00:00,0.0,0.0,0.0,0.0,402.6,423.71500000000003,435.344,3.0769030772362234,3.3295714149288442,24.920874523075415,-13.30131838571981,-2.0304243929178636,-11.270893992801946,263834.4
284199,GUINNESS,2026-05-29,402.6,402.6,51136,2026-05-29T15:00:02.455558+00:00,0.0,0.0,0.0,0.0,402.6,418.995,436.508,3.0769030772362234,3.3295714149288442,24.920874523075415,-12.849259668784384,-1.2626925407859488,-11.586567127998435,265257.0
284345,GUINNESS,2026-06-01,402.6,402.6,36985,2026-06-01T15:00:02.603507+00:00,0.0,0.0,0.0,0.0,402.6,414.275,437.56,3.0769030772362234,3.3249577693975327,24.920874523075415,-12.348652301740572,-0.6096681389937082,-11.738984162746863,259349.0
284491,GUINNESS,2026-06-02,402.6,402.6,49204,2026-06-02T15:00:02.980523+00:00,0.0,0.0,0.0,0.0,402.6,409.555,437.912,3.0769030772362234,3.0182941686352702,24.920874523075415,-11.815713170276126,-0.06138320602340919,-11.754329964252717,260666.75
284637,GUINNESS,2026-06-03,402.6,402.6,166936,2026-06-03T15:00:03.023028+00:00,0.0,0.0,0.0,0.0,402.6,404.83500000000004,438.264,3.0769030772362234,3.0182941686352702,24.920874523075415,-11.263516264766679,0.3926509595888312,-11.65616722435551,267552.5
284783,GUINNESS,2026-06-04,402.6,402.6,116024,2026-06-04T15:00:03.321931+00:00,0.0,0.0,0.0,0.0,402.6,402.6,438.616,2.23456826725331,3.0182941686352702,24.920874523075412,-10.702524201877281,0.762914417982584,-11.465438619859865,223377.85
284929,GUINNESS,2026-06-05,402.6,402.6,68073,2026-06-05T15:00:03.073061+00:00,0.0,0.0,0.0,0.0,402.6,402.6,438.20399999999995,0.0,2.667416451146845,24.920874523075412,-10.141034418110564,1.0595233613994424,-11.200557779510007,186657.8
285075,GUINNESS,2026-06-08,402.6,402.6,114316,2026-06-08T15:00:03.135386+00:00,0.0,0.0,0.0,0.0,402.6,402.6,437.79200000000003,0.0,2.667416451146845,24.920874523075412,-9.585553426064223,1.292003482756627,-10.87755690882085,153470.0
285221,GUINNESS,2026-06-09,365.5,365.5,9761388,2026-06-09T15:00:03.53749+00:00,-9.215101838052664,0.0,0.0,0.0,395.18,400.745,436.63800000000003,2.0605594129469016,2.964673874340673,9.826589276873587,-12.000654604078477,-0.8984781562060995,-11.102176447872377,626002.85
285367,GUINNESS,2026-06-10,365.5,365.5,80723,2026-06-10T15:10:03.084397+00:00,0.0,-9.215101838052664,0.0,0.0,387.76000000000005,398.89000000000004,435.48400000000004,2.0605594129469016,2.964673874340673,9.826589276873587,-13.756068295068758,-2.1231134777571032,-11.632954817311655,623669.35
285805,GUINNESS,2026-06-11,365.5,365.5,186479,2026-06-11T15:10:02.991492+00:00,0.0,0.0,0.0,0.0,380.34000000000003,397.035,434.33,2.0605594129469016,2.964673874340673,9.826589276873587,-14.974628100886605,-2.673338626859959,-12.301289474026646,617440.95
287557,GUINNESS,2026-06-15,365.5,365.5,129923,2026-06-15T15:10:02.896252+00:00,0.0,0.0,0.0,0.0,372.91999999999996,395.18,433.176,2.0605594129469016,2.964673874340673,9.826589276873586,-15.758689166973113,-2.7659197543571725,-12.99276941261594,599697.45
288433,GUINNESS,2026-06-16,365.5,365.5,114606,2026-06-16T15:10:02.87997+00:00,0.0,0.0,0.0,0.0,365.5,393.32500000000005,432.02200000000005,2.0605594129469016,2.964673874340673,9.826589276873584,-16.193395823685023,-2.5605011288552646,-13.632894694829758,597123.7
289309,GUINNESS,2026-06-17,365.5,365.5,127745,2026-06-17T15:10:02.980097+00:00,0.0,0.0,-9.215101838052664,0.0,365.5,391.47,430.86800000000005,2.0605594129469016,2.964673874340673,9.826589276873584,-16.349437838787765,-2.1732345151664028,-14.176203323621362,599056.3
289747,GUINNESS,2026-06-18,365.5,365.5,50148,2026-06-18T15:10:02.932064+00:00,0.0,0.0,0.0,0.0,365.5,389.61500000000007,429.714,2.0605594129469016,2.964673874340673,9.826589276873584,-16.285374598896283,-1.6873370202199354,-14.598037578676347,599593.05
290331,GUINNESS,2026-06-19,365.5,365.5,17532,2026-06-19T15:10:02.959085+00:00,0.0,0.0,0.0,0.0,365.5,387.76000000000005,428.56,2.0605594129469016,2.964673874340673,9.826589276873587,-16.04959428731297,-1.1612453669092986,-14.888348920403672,596926.95
291061,GUINNESS,2026-06-22,365.5,365.5,246536,2026-06-22T15:10:03.140564+00:00,0.0,0.0,0.0,0.0,365.5,385.90500000000003,427.406,2.0605594129469016,2.964673874340673,9.826589276873587,-15.681964763567521,-0.634892674531077,-15.047072089036444,605049.85
291645,GUINNESS,2026-06-23,365.5,365.5,46448,2026-06-23T15:10:03.017319+00:00,0.0,0.0,0.0,0.0,365.5,384.05000000000007,426.25200000000007,2.0605594129469016,2.964673874340673,9.826589276873587,-15.215224085264765,-0.13452159698265653,-15.080702488282109,605129.85
292229,GUINNESS,2026-06-24,365.5,365.5,45409,2026-06-24T15:10:03.053149+00:00,0.0,0.0,0.0,-9.215101838052664,365.5,382.19500000000005,425.098,2.0605594129469016,2.964673874340673,9.826589276873586,-14.676151199582932,0.32364103095934205,-14.999792230542274,600505.05
292813,GUINNESS,2026-06-25,365.5,365.5,16392,2026-06-25T15:10:02.973562+00:00,0.0,0.0,0.0,0.0,365.5,380.34000000000003,423.15,2.0605594129469016,2.6195877870350768,9.826589276873586,-14.086551061802766,0.7305929349916074,-14.817143996794373,594746.9
293251,GUINNESS,2026-06-26,365.5,365.5,18332,2026-06-26T15:10:03.012808+00:00,0.0,0.0,0.0,0.0,365.5,378.485,420.48,2.0605594129469016,2.3360989645847225,9.826589276873586,-13.464083135487215,1.0824486890457266,-14.546531824532941,572216.75
293689,GUINNESS,2026-06-29,365.5,365.5,34754,2026-06-29T15:10:03.028054+00:00,0.0,0.0,0.0,0.0,365.5,376.63,417.81,2.0605594129469016,2.3360989645847225,9.826589276873584,-12.822957744379778,1.3788592641225321,-14.20181700850231,571397.65
294127,GUINNESS,2026-06-30,365.5,365.5,63637,2026-06-30T15:10:03.08168+00:00,0.0,0.0,0.0,0.0,365.5,374.77500000000003,415.14,2.0605594129469016,2.3360989645847225,9.826589276873586,-12.174520953690148,1.6218368438497297,-13.796357797539878,572730.25
294565,GUINNESS,2026-07-01,365.5,365.5,7214,2026-07-01T15:10:03.133226+00:00,0.0,0.0,0.0,0.0,365.5,372.92,412.47,2.0605594129469016,2.3360989645847225,9.826589276873586,-11.527745451540795,1.814889876799267,-13.342635328340062,570630.75
295003,GUINNESS,2026-07-02,365.5,365.5,9327,2026-07-02T15:10:03.065554+00:00,0.0,0.0,0.0,0.0,365.5,371.065,409.8,2.0605594129469016,2.3360989645847225,9.826589276873586,-10.889642189725294,1.9623945108918157,-12.85203670061711,562750.3
295441,GUINNESS,2026-07-03,365.5,365.5,79975,2026-07-03T15:10:03.019266+00:00,0.0,0.0,0.0,0.0,365.5,369.21000000000004,407.13,2.0605594129469016,2.3360989645847225,9.826589276873586,-10.265605250243368,2.0691451602989943,-12.334750410542362,560947.85
295879,GUINNESS,2026-07-06,365.5,365.5,147312,2026-07-06T15:10:03.100823+00:00,0.0,0.0,0.0,0.0,365.5,367.355,404.5,2.0605594129469016,2.3374563272939817,9.826589276873584,-9.659700465746198,2.140039955836933,-11.799740421583131,564909.8
296317,GUINNESS,2026-07-07,365.5,365.5,146681,2026-07-07T15:10:03.687653+00:00,0.0,0.0,0.0,0.0,365.5,365.5,401.87,2.0605594129469016,2.3374563272939817,9.826589276873582,-9.074906683410859,2.1798669905378176,-11.254773673948677,566528.05
296755,GUINNESS,2026-07-08,365.5,365.5,60802,2026-07-08T15:10:02.922872+00:00,0.0,0.0,0.0,0.0,365.5,365.5,399.24,0.0,2.3374563272939817,9.826589276873582,-8.513317176642033,2.1931651978453157,-10.706482374487349,81498.75
297193,GUINNESS,2026-07-09,365.5,365.5,335549,2026-07-09T15:10:03.041812+00:00,0.0,0.0,0.0,0.0,365.5,365.5,396.61,0.0,2.3374563272939817,9.826589276873584,-7.976307538271669,2.1841398689725438,-10.160447407244213,94240.05
297631,GUINNESS,2026-07-10,329.0,329.0,242030,2026-07-10T15:10:03.284445+00:00,-9.986320109439129,0.0,0.0,0.0,358.2,363.675,393.25,2.233009060977903,2.6870288739166246,2.430817008549013,-10.376356311192069,-0.17272712315828542,-10.203629188033783,97017.6
298069,GUINNESS,2026-07-13,329.0,329.0,333582,2026-07-13T15:10:02.995074+00:00,0.0,-9.986320109439129,0.0,0.0,350.9,361.85,389.89,2.233009060977903,2.6870288739166246,2.430817008549013,-12.138487329164548,-1.5478865129046095,-10.590600816259938,107200.55
298507,GUINNESS,2026-07-14,329.0,329.0,256827,2026-07-14T15:10:03.094441+00:00,0.0,0.0,0.0,0.0,343.6,360.025,386.53,2.233009060977903,2.6870288739166246,2.430817008549013,-13.380743969124012,-2.2321145222912584,-11.148629446832754,114311.6
298945,GUINNESS,2026-07-15,329.0,329.0,99813,2026-07-15T15:10:03.078609+00:00,0.0,0.0,0.0,0.0,336.3,358.2,383.17,2.233009060977903,2.6870288739166246,2.4308170085490133,-14.20153485263495,-2.4423243246417563,-11.759210527993194,112915.0
299383,GUINNESS,2026-07-16,329.0,329.0,606832,2026-07-16T15:10:03.113936+00:00,0.0,0.0,0.0,0.0,329.0,356.375,379.81,2.233009060977903,2.6870288739166246,2.4308170085490133,-14.682763780142011,-2.3388426017190547,-12.343921178422956,140749.2
299821,GUINNESS,2026-07-17,329.0,329.0,263912,2026-07-17T15:10:03.053983+00:00,0.0,0.0,-9.986320109439129,0.0,329.0,354.55,377.444,2.233009060977903,2.3363322481326834,2.4308170085490133,-14.892470047788436,-2.038839095492383,-12.853630952296053,153068.2
