id,symbol,trade_date,open_price,close_price,volume,created_at,returns_pct,lag_return1,lag_return5,lag_return10,stock_MA_5,stock_MA_20,stock_MA_50,returns_volatility_20,returns_volatility_50,stock_RSI,MACD,MACD_hist,MACD_signal,stock_volume_MA_20
49006,MCNICHOLS,2017-03-27,1.33,1.33,4420525,2026-04-08T02:45:34.704999+00:00,3.100775193798455,0.0,0.0,0.0,1.298,1.292,1.2908000000000002,0.6933544116278431,0.43851583329398375,100.0,0.0031908831908831203,0.002552706552706674,0.0006381766381764465,221276.75
49098,MCNICHOLS,2017-03-28,1.33,1.33,0,2026-04-08T02:45:36.347457+00:00,0.0,3.100775193798455,0.0,0.0,1.306,1.294,1.2915999999999999,0.6933544116278431,0.43851583329398375,100.0,0.00565449955763353,0.004013058335565667,0.0016414412220678632,221276.75
49190,MCNICHOLS,2017-03-29,1.33,1.33,0,2026-04-08T02:45:38.731306+00:00,0.0,0.0,0.0,0.0,1.314,1.296,1.2924,0.6933544116278431,0.43851583329398375,100.0,0.007520244579359403,0.0047030426858332315,0.0028172018935261715,221276.75
49282,MCNICHOLS,2017-03-30,1.33,1.33,0,2026-04-08T02:45:40.513553+00:00,0.0,0.0,0.0,0.0,1.322,1.298,1.2932,0.6933544116278431,0.43851583329398375,100.0,0.008896309829095062,0.004863286348455112,0.00403302348063995,221276.75
49374,MCNICHOLS,2017-03-31,1.33,1.33,1000,2026-04-08T02:45:42.281198+00:00,0.0,0.0,0.0,0.0,1.33,1.3,1.294,0.6933544116278431,0.43851583329398375,100.0,0.009873041180550768,0.004672014159928654,0.005201027020622114,221326.75
49650,MCNICHOLS,2017-04-03,1.33,1.33,1200,2026-04-08T02:51:07.481095+00:00,0.0,0.0,3.100775193798455,0.0,1.33,1.302,1.2948,0.6933544116278431,0.43851583329398375,100.0,0.010525773251570891,0.004259796984759022,0.006265976266811869,221386.75
49742,MCNICHOLS,2017-04-04,1.33,1.33,100000,2026-04-08T02:51:09.86923+00:00,0.0,0.0,0.0,0.0,1.33,1.3039999999999998,1.2956,0.6933544116278431,0.43851583329398375,100.0,0.010917221190386517,0.003720995938859717,0.0071962252515268,226386.75
49834,MCNICHOLS,2017-04-05,1.33,1.33,1000,2026-04-08T02:51:12.308135+00:00,0.0,0.0,0.0,0.0,1.33,1.306,1.2964000000000002,0.6933544116278431,0.43851583329398375,100.0,0.011099498393841722,0.0031226185138519373,0.007976879879989785,226436.75
49926,MCNICHOLS,2017-04-06,1.33,1.33,0,2026-04-08T02:51:14.846493+00:00,0.0,0.0,0.0,0.0,1.33,1.308,1.2972,0.6933544116278431,0.43851583329398375,100.0,0.011115818158442314,0.0025111506227620227,0.008604667535680292,226436.75
50018,MCNICHOLS,2017-04-07,1.33,1.33,0,2026-04-08T02:51:17.320635+00:00,0.0,0.0,0.0,0.0,1.33,1.31,1.298,0.6933544116278431,0.43851583329398375,100.00000000000001,0.011001928308389308,0.0019178086181672119,0.009084119690222096,226436.75
50109,MCNICHOLS,2017-04-10,1.33,1.33,0,2026-04-08T02:51:21.583607+00:00,0.0,0.0,0.0,3.100775193798455,1.33,1.312,1.2988,0.6933544116278431,0.43851583329398375,100.0,0.010787320268508482,0.0013625604626291074,0.009424759805879375,226436.75
50200,MCNICHOLS,2017-04-11,1.33,1.33,0,2026-04-08T02:51:23.796131+00:00,0.0,0.0,0.0,0.0,1.33,1.314,1.2996,0.6933544116278431,0.43851583329398375,100.00000000000001,0.01049624764161039,0.0008571902685848114,0.009639057373025579,226436.25
50291,MCNICHOLS,2017-04-12,1.33,1.33,0,2026-04-08T02:51:26.28287+00:00,0.0,0.0,0.0,0.0,1.33,1.316,1.3004,0.6933544116278431,0.43851583329398375,100.0,0.010148583929463939,0.0004076212451506883,0.00974096268431325,226436.25
50382,MCNICHOLS,2017-04-13,1.33,1.33,0,2026-04-08T02:51:28.606475+00:00,0.0,0.0,0.0,0.0,1.33,1.318,1.3012000000000001,0.6933544116278431,0.43851583329398375,100.0,0.009760544452090292,1.5665414221632465e-05,0.00974487903786866,226436.25
50473,MCNICHOLS,2017-04-18,1.35,1.35,8870251,2026-04-08T02:51:35.070654+00:00,1.5037593984962516,0.0,0.0,0.0,1.334,1.321,1.3024,0.754495725301264,0.48344141224943926,100.0,0.01094073523816963,0.0009566849602407751,0.009984050277928855,669948.8
50564,MCNICHOLS,2017-04-19,1.35,1.35,503,2026-04-08T02:51:37.390681+00:00,0.0,1.5037593984962516,0.0,0.0,1.338,1.324,1.3036,0.754495725301264,0.48344141224943926,100.0,0.011740705395488993,0.001405324094048109,0.010335381301440884,669973.95
50655,MCNICHOLS,2017-04-20,1.35,1.35,0,2026-04-08T02:51:39.751187+00:00,0.0,0.0,0.0,0.0,1.342,1.3270000000000002,1.3048000000000002,0.754495725301264,0.48344141224943926,100.0,0.012233665428767804,0.0015186273018615339,0.01071503812690627,669973.95
50746,MCNICHOLS,2017-04-21,1.35,1.35,0,2026-04-08T02:51:42.059234+00:00,0.0,0.0,0.0,0.0,1.346,1.33,1.3060000000000003,0.754495725301264,0.48344141224943926,100.0,0.012480472686421828,0.0014123476476124476,0.011068125038809381,669973.95
50837,MCNICHOLS,2017-04-24,1.35,1.35,0,2026-04-08T02:51:46.271638+00:00,0.0,0.0,0.0,0.0,1.35,1.3330000000000002,1.3072,0.754495725301264,0.48344141224943926,100.0,0.012531612587017849,0.0011707900385667745,0.011360822548451074,669723.95
50928,MCNICHOLS,2017-04-25,1.35,1.35,15760,2026-04-08T02:51:48.506234+00:00,0.0,0.0,1.5037593984962516,0.0,1.35,1.3359999999999999,1.3084,0.754495725301264,0.48344141224943926,100.0,0.012428869060852055,0.0008544372099207834,0.011574431850931271,670511.95
51019,MCNICHOLS,2017-04-26,1.35,1.35,21012,2026-04-08T02:51:50.787758+00:00,0.0,0.0,0.0,0.0,1.35,1.3370000000000002,1.3096,0.33625082368418135,0.48344141224943926,100.0,0.012206732462735292,0.0005058404894432156,0.011700891973292077,450536.3
51110,MCNICHOLS,2017-04-27,1.35,1.35,11752500,2026-04-08T02:51:53.168104+00:00,0.0,0.0,0.0,0.0,1.35,1.338,1.3108000000000002,0.33625082368418135,0.48344141224943926,100.00000000000001,0.011893585755233582,0.00015415502555320496,0.011739430729680377,1038161.3
51201,MCNICHOLS,2017-04-28,1.35,1.35,20,2026-04-08T02:51:55.619599+00:00,0.0,0.0,0.0,0.0,1.35,1.339,1.3120000000000003,0.33625082368418135,0.48344141224943926,100.0,0.0115127034544249,-0.00018138182020438313,0.011694085274629283,1038162.3
51292,MCNICHOLS,2017-05-02,1.35,1.35,0,2026-04-08T02:52:01.291461+00:00,0.0,0.0,0.0,0.0,1.35,1.34,1.3132,0.33625082368418135,0.48344141224943926,100.0,0.011083092495621116,-0.0004887942232065338,0.01157188671882765,1038162.3
51383,MCNICHOLS,2017-05-03,1.35,1.35,0,2026-04-08T02:52:03.619408+00:00,0.0,0.0,0.0,1.5037593984962516,1.35,1.3410000000000002,1.3144,0.33625082368418135,0.48344141224943926,100.0,0.010620199664699292,-0.0007613496433026869,0.01138154930800198,1038112.3
51474,MCNICHOLS,2017-05-04,1.35,1.35,44050,2026-04-08T02:52:06.041901+00:00,0.0,0.0,0.0,0.0,1.35,1.342,1.3156,0.33625082368418135,0.48344141224943926,100.0,0.01013650642492081,-0.0009960343064649348,0.011132540731385745,1040254.8
51565,MCNICHOLS,2017-05-05,1.35,1.35,0,2026-04-08T02:52:08.320033+00:00,0.0,0.0,0.0,0.0,1.35,1.3430000000000002,1.3168,0.33625082368418135,0.48344141224943926,100.0,0.009642028742189224,-0.0011924095913572186,0.010834438333546442,1035254.8
51656,MCNICHOLS,2017-05-08,1.35,1.35,1006,2026-04-08T02:52:12.828428+00:00,0.0,0.0,0.0,0.0,1.35,1.344,1.318,0.33625082368418135,0.48344141224943926,100.0,0.009144736782872975,-0.0013517612405387746,0.01049649802341175,1035255.1
51747,MCNICHOLS,2017-05-09,1.35,1.35,20122,2026-04-08T02:52:15.102333+00:00,0.0,0.0,0.0,0.0,1.35,1.3450000000000002,1.3192000000000002,0.33625082368418135,0.48344141224943926,100.0,0.008650907050840484,-0.0014764727780570124,0.010127379828897496,1036261.2
51838,MCNICHOLS,2017-05-10,1.35,1.35,10,2026-04-08T02:52:17.709352+00:00,0.0,0.0,0.0,0.0,1.35,1.346,1.3204,0.33625082368418135,0.48344141224943926,100.00000000000001,0.008165417579295342,-0.0015695697996817234,0.009734987378977066,1036261.7
51929,MCNICHOLS,2017-05-11,1.35,1.35,500,2026-04-08T02:52:19.900179+00:00,0.0,0.0,0.0,0.0,1.35,1.347,1.3215999999999999,0.33625082368418135,0.48344141224943926,100.0,0.007691995143420449,-0.001634393788445293,0.009326388931865742,1036286.7
52020,MCNICHOLS,2017-05-12,1.35,1.35,0,2026-04-08T02:52:22.170941+00:00,0.0,0.0,0.0,0.0,1.35,1.348,1.3228,0.33625082368418135,0.48344141224943926,99.99999999999999,0.007233422065245687,-0.0016743734932960445,0.008907795558541732,1036286.7
52112,MCNICHOLS,2017-05-15,1.35,1.35,0,2026-04-08T02:52:26.563035+00:00,0.0,0.0,0.0,0.0,1.35,1.3490000000000002,1.324,0.33625082368418135,0.48344141224943926,100.0,0.00679170900325432,-0.0016928692442299293,0.00848457824748425,1036286.7
52204,MCNICHOLS,2017-05-16,1.35,1.35,0,2026-04-08T02:52:28.807233+00:00,0.0,0.0,0.0,0.0,1.35,1.35,1.3252000000000002,0.33625082368418135,0.48344141224943926,100.0,0.0063682391227397606,-0.001693071299795592,0.008061310422535353,1036286.7
52296,MCNICHOLS,2017-05-17,1.35,1.35,0,2026-04-08T02:52:31.099411+00:00,0.0,0.0,0.0,0.0,1.35,1.35,1.3263999999999998,0.0,0.48344141224943926,100.0,0.00596388820070981,-0.0016779377774604337,0.007641825978170244,592774.15
52388,MCNICHOLS,2017-05-18,1.35,1.35,1000,2026-04-08T02:52:33.303088+00:00,0.0,0.0,0.0,0.0,1.35,1.35,1.3276000000000001,0.0,0.48344141224943926,100.0,0.005579124507373301,-0.001650161176637555,0.007229285684010856,592799.0
52480,MCNICHOLS,2017-05-19,1.35,1.35,0,2026-04-08T02:52:35.640534+00:00,0.0,0.0,0.0,0.0,1.35,1.35,1.3288,0.0,0.48344141224943926,100.0,0.0052140917048175695,-0.0016121551833546289,0.006826246888172198,592799.0
52572,MCNICHOLS,2017-05-22,1.35,1.35,0,2026-04-08T02:52:39.854932+00:00,0.0,0.0,0.0,0.0,1.35,1.35,1.3300000000000003,0.0,0.48344141224943926,100.0,0.004868677495352802,-0.0015660555142555177,0.00643473300960832,592799.0
52664,MCNICHOLS,2017-05-23,1.35,1.35,100,2026-04-08T02:52:42.264162+00:00,0.0,0.0,0.0,0.0,1.35,1.35,1.3312,0.0,0.48344141224943926,100.0,0.004542570322748407,-0.0015137301494879312,0.006056300472236338,592804.0
52756,MCNICHOLS,2017-05-24,1.35,1.35,0,2026-04-08T02:52:44.613941+00:00,0.0,0.0,0.0,0.0,1.35,1.35,1.3324,0.0,0.48344141224943926,100.0,0.004235306067029709,-0.0014567955241653035,0.005692101591195013,592016.0
52848,MCNICHOLS,2017-05-25,1.35,1.35,100,2026-04-08T02:52:46.963191+00:00,0.0,0.0,0.0,0.0,1.35,1.35,1.3336000000000001,0.0,0.48344141224943926,100.0,0.003946306367341057,-0.0013966361790831647,0.005342942546424222,590970.4
52940,MCNICHOLS,2017-05-26,1.35,1.35,30,2026-04-08T02:52:49.347152+00:00,0.0,0.0,0.0,0.0,1.35,1.35,1.3348,0.0,0.48344141224943926,99.99999999999999,0.0036749099488686543,-0.0013344260780444542,0.0050093360269131085,3346.9
53032,MCNICHOLS,2017-05-30,1.35,1.35,400,2026-04-08T02:52:54.942696+00:00,0.0,0.0,0.0,0.0,1.35,1.35,1.3360000000000003,0.0,0.48344141224943926,100.0,0.0034203981116169846,-0.0012711503322368999,0.0046915484438538844,3365.9
53124,MCNICHOLS,2017-05-31,1.35,1.35,50,2026-04-08T02:52:57.421655+00:00,0.0,0.0,0.0,0.0,1.35,1.35,1.3372,0.0,0.48344141224943926,100.0,0.0031820153546635588,-0.0012076264713522609,0.00438964182601582,3368.4
53216,MCNICHOLS,2017-06-01,1.35,1.35,1090,2026-04-08T02:52:59.649981+00:00,0.0,0.0,0.0,0.0,1.35,1.35,1.3384000000000003,0.0,0.48344141224943926,100.0,0.002958985954148341,-0.0011445246974939836,0.004103510651642325,3422.9
53308,MCNICHOLS,2017-06-02,1.35,1.35,1000,2026-04-08T02:53:02.056444+00:00,0.0,0.0,0.0,0.0,1.35,1.35,1.3396000000000001,0.0,0.48344141224943926,100.0,0.002750527182187268,-0.0010823867755640456,0.0038329139577513134,1270.4
53400,MCNICHOLS,2017-06-05,1.35,1.35,100,2026-04-08T02:53:06.428901+00:00,0.0,0.0,0.0,0.0,1.35,1.35,1.3407999999999998,0.0,0.48344141224943926,100.0,0.0025558597433892327,-0.001021643371489665,0.0035775031148788977,1275.4
53492,MCNICHOLS,2017-06-06,1.35,1.35,111800,2026-04-08T02:53:08.604609+00:00,0.0,0.0,0.0,0.0,1.35,1.35,1.342,0.0,0.48344141224943926,100.00000000000001,0.002374215912497535,-0.0009626297619050907,0.0033368456744026255,6815.1
53584,MCNICHOLS,2017-06-07,1.35,1.35,809,2026-04-08T02:53:10.833265+00:00,0.0,0.0,0.0,0.0,1.35,1.35,1.3432,0.0,0.48344141224943926,100.0,0.0022048457781806974,-0.0009055999169775429,0.0031104456951582403,5849.45
53676,MCNICHOLS,2017-06-08,1.35,1.35,0,2026-04-08T02:53:13.196386+00:00,0.0,0.0,0.0,0.0,1.35,1.35,1.3444000000000003,0.0,0.48344141224943926,99.99999999999999,0.002047021931884885,-0.0008507390106186844,0.002897760942503569,5848.95
53768,MCNICHOLS,2017-06-09,1.35,1.35,600,2026-04-08T02:53:15.53674+00:00,0.0,0.0,0.0,0.0,1.35,1.35,1.3448000000000002,0.0,0.21266369358994056,100.0,0.001900042884993347,-0.0007981744460081779,0.002698217331001525,5853.95
53860,MCNICHOLS,2017-06-12,1.35,1.35,5500,2026-04-08T02:53:19.709801+00:00,0.0,0.0,0.0,0.0,1.35,1.35,1.3452000000000002,0.0,0.21266369358994056,100.0,0.001763235450705336,-0.0007479855042369513,0.0025112209549422873,6128.95
53952,MCNICHOLS,2017-06-13,1.35,1.35,3500,2026-04-08T02:53:22.046011+00:00,0.0,0.0,0.0,0.0,1.35,1.35,1.3456000000000001,0.0,0.21266369358994056,100.0,0.001635956287650897,-0.0007002117338331124,0.0023361680214840095,6303.95
54044,MCNICHOLS,2017-06-14,1.35,1.35,0,2026-04-08T02:53:24.253383+00:00,0.0,0.0,0.0,0.0,1.35,1.35,1.3459999999999999,0.0,0.21266369358994056,100.0,0.0015175927691593039,-0.0006548602018597643,0.002172452971019068,6303.95
54136,MCNICHOLS,2017-06-15,1.35,1.35,0,2026-04-08T02:53:26.527181+00:00,0.0,0.0,0.0,0.0,1.35,1.35,1.3464,0.0,0.21266369358994056,100.0,0.0014075633142822674,-0.0006119117253894405,0.002019475039671708,6303.95
54228,MCNICHOLS,2017-06-16,1.35,1.35,2005,2026-04-08T02:53:28.80273+00:00,0.0,0.0,0.0,0.0,1.35,1.35,1.3468,0.0,0.21266369358994056,100.0,0.0013053172933468193,-0.000571326197059911,0.0018766434904067303,6354.2
54320,MCNICHOLS,2017-06-19,1.35,1.35,173,2026-04-08T02:53:33.036647+00:00,0.0,0.0,0.0,0.0,1.35,1.35,1.3472,0.0,0.21266369358994056,100.0,0.0012103346012366512,-0.0005330471113360632,0.0017433817125727144,6362.85
54412,MCNICHOLS,2017-06-20,1.35,1.35,300,2026-04-08T02:53:35.524675+00:00,0.0,0.0,0.0,0.0,1.35,1.35,1.3476000000000001,0.0,0.21266369358994056,100.0,0.00112212497521047,-0.0004970053898897956,0.0016191303651002657,6377.85
54504,MCNICHOLS,2017-06-21,1.35,1.35,709,2026-04-08T02:53:37.865913+00:00,0.0,0.0,0.0,0.0,1.35,1.35,1.348,0.0,0.21266369358994056,100.0,0.0010402271203442393,-0.0004631225958048211,0.0015033497161490604,6408.3
54596,MCNICHOLS,2017-06-22,1.35,1.35,5441,2026-04-08T02:53:40.094955+00:00,0.0,0.0,0.0,0.0,1.35,1.35,1.3484000000000003,0.0,0.21266369358994056,99.99999999999999,0.0009642076942200095,-0.00043131361754324095,0.0013955213117632505,6680.35
54688,MCNICHOLS,2017-06-23,1.35,1.35,14945,2026-04-08T02:53:42.493578+00:00,0.0,0.0,0.0,0.0,1.35,1.35,1.3488,0.0,0.21266369358994056,100.0,0.0008936601929065979,-0.000401488895085322,0.00129514908799192,7422.6
54780,MCNICHOLS,2017-06-28,1.35,1.35,0,2026-04-08T02:53:49.135881+00:00,0.0,0.0,0.0,0.0,1.35,1.35,1.3492,0.0,0.21266369358994056,100.0,0.0008282037723001956,-0.0003735562525533794,0.001201760024853575,7421.1
54872,MCNICHOLS,2017-06-29,1.35,1.35,0,2026-04-08T02:53:51.51214+00:00,0.0,0.0,0.0,0.0,1.35,1.35,1.3496000000000001,0.0,0.21266369358994056,100.0,0.0007674820322547404,-0.0003474223940790678,0.0011149044263338082,7401.1
54964,MCNICHOLS,2017-06-30,1.35,1.35,100,2026-04-08T02:53:53.827964+00:00,0.0,0.0,0.0,0.0,1.35,1.35,1.35,0.0,0.21266369358994056,100.0,0.0007111617854127505,-0.0003229941127368462,0.0010341558981495967,7403.6
55056,MCNICHOLS,2017-07-03,1.35,1.35,10000,2026-04-08T02:53:58.279599+00:00,0.0,0.0,0.0,0.0,1.35,1.35,1.35,0.0,0.0,100.0,0.0006589318280816325,-0.0003001792560543714,0.000959111084136004,7849.1
55148,MCNICHOLS,2017-07-04,1.35,1.35,0,2026-04-08T02:54:00.563227+00:00,0.0,0.0,0.0,0.0,1.35,1.35,1.35,0.0,0.0,100.0,0.0006105017267186152,-0.00027888748593391096,0.0008893892126525262,7799.1
55240,MCNICHOLS,2017-07-05,1.35,1.35,0,2026-04-08T02:54:02.831513+00:00,0.0,0.0,0.0,0.0,1.35,1.35,1.35,0.0,0.0,100.0,0.0005656006304743944,-0.0002590308657425055,0.0008246314962168999,7794.1
55332,MCNICHOLS,2017-07-06,1.35,1.35,0,2026-04-08T02:54:05.078114+00:00,0.0,0.0,0.0,0.0,1.35,1.35,1.35,0.0,0.0,100.0,0.0005239761176851765,-0.0002405243028253788,0.0007645004205105553,2204.1
55424,MCNICHOLS,2017-07-07,1.35,1.35,0,2026-04-08T02:54:07.286065+00:00,0.0,0.0,0.0,0.0,1.35,1.35,1.35,0.0,0.0,100.00000000000001,0.0004853930821073771,-0.0002232858707225426,0.0007086789528299197,2163.65
55516,MCNICHOLS,2017-07-10,1.35,1.35,0,2026-04-08T02:54:11.798817+00:00,0.0,0.0,0.0,0.0,1.35,1.35,1.35,0.0,0.0,100.0,0.0004496326629839231,-0.0002072370318767973,0.0006568696948607204,2163.65
55608,MCNICHOLS,2017-07-11,1.35,1.35,0,2026-04-08T02:54:14.116532+00:00,0.0,0.0,0.0,0.0,1.35,1.35,1.35,0.0,0.0,100.0,0.00041649122164244545,-0.00019230277857462002,0.0006087940002170655,2133.65
55695,MCNICHOLS,2017-07-12,1.35,1.35,0,2026-04-08T02:54:16.498015+00:00,0.0,0.0,0.0,0.0,1.35,1.35,1.35,0.0,0.0,100.0,0.0003857793662136455,-0.000178411707202736,0.0005641910734163815,1858.65
55782,MCNICHOLS,2017-07-13,1.35,1.35,0,2026-04-08T02:54:18.840036+00:00,0.0,0.0,0.0,0.0,1.35,1.35,1.35,0.0,0.0,100.0,0.0003573210251657244,-0.00016549603860052566,0.0005228170637662501,1683.65
55874,MCNICHOLS,2017-07-14,1.35,1.35,0,2026-04-08T02:54:21.336813+00:00,0.0,0.0,0.0,0.0,1.35,1.35,1.35,0.0,0.0,100.0,0.0003309525696419957,-0.00015349159529940348,0.0004844441649413992,1683.65
55966,MCNICHOLS,2017-07-17,1.35,1.35,0,2026-04-08T02:54:25.561903+00:00,0.0,0.0,0.0,0.0,1.35,1.35,1.35,0.0,0.0,99.99999999999999,0.00030652198403635644,-0.00014233774472403426,0.0004488597287603907,1683.65
56058,MCNICHOLS,2017-07-18,1.35,1.35,0,2026-04-08T02:54:28.120242+00:00,0.0,0.0,0.0,0.0,1.35,1.35,1.35,0.0,0.0,100.0,0.0002838880838149649,-0.0001319773159563407,0.0004158653997713056,1583.4
56150,MCNICHOLS,2017-07-19,1.35,1.35,0,2026-04-08T02:54:30.645734+00:00,0.0,0.0,0.0,0.0,1.35,1.35,1.35,0.0,0.0,100.0,0.00026291977926740095,-0.0001223564964031237,0.00038527627567052465,1574.75
56242,MCNICHOLS,2017-07-20,1.35,1.35,0,2026-04-08T02:54:33.025266+00:00,0.0,0.0,0.0,0.0,1.35,1.35,1.35,0.0,0.0,100.0,0.00024349538363321876,-0.00011342471362984477,0.00035692009726306353,1559.75
56334,MCNICHOLS,2017-07-21,1.35,1.35,0,2026-04-08T02:54:35.480817+00:00,0.0,0.0,0.0,0.0,1.35,1.35,1.35,0.0,0.0,100.00000000000001,0.00022550196387838284,-0.00010513450670774456,0.0003306364705861274,1524.3
56426,MCNICHOLS,2017-07-24,1.35,1.35,0,2026-04-08T02:54:39.934321+00:00,0.0,0.0,0.0,0.0,1.35,1.35,1.35,0.0,0.0,100.0,0.00020883473228838767,-9.74413906381918e-05,0.00030627612292657947,1252.25
56518,MCNICHOLS,2017-07-26,1.35,1.35,10000,2026-04-08T02:54:43.20598+00:00,0.0,0.0,0.0,0.0,1.35,1.35,1.35,0.0,0.0,100.0,0.00019339647697091955,-9.030371676452796e-05,0.0002837001937354475,1005.0
56610,MCNICHOLS,2017-07-27,1.35,1.35,1040,2026-04-08T02:54:45.547579+00:00,0.0,0.0,0.0,0.0,1.35,1.35,1.35,0.0,0.0,100.0,0.00017909702933516236,-8.368253152022813e-05,0.0002627795608553905,1057.0
56702,MCNICHOLS,2017-07-28,1.35,1.35,3000,2026-04-08T02:54:47.918804+00:00,0.0,0.0,0.0,0.0,1.35,1.35,1.35,0.0,0.0,100.0,0.00016585276660796566,-7.754143539793988e-05,0.00024339420200590554,1207.0
56794,MCNICHOLS,2017-07-31,1.35,1.35,80,2026-04-08T02:54:52.464984+00:00,0.0,0.0,0.0,0.0,1.35,1.35,1.35,0.0,0.0,100.0,0.0001535861474728506,-7.184644362644396e-05,0.00022543259109929456,1206.0
56886,MCNICHOLS,2017-08-01,1.35,1.35,0,2026-04-08T02:54:54.790805+00:00,0.0,0.0,0.0,0.0,1.35,1.35,1.35,0.0,0.0,100.0,0.00014222527894847126,-6.656584972065865e-05,0.0002087911286691299,706.0
56978,MCNICHOLS,2017-08-02,1.35,1.35,275,2026-04-08T02:54:57.117603+00:00,0.0,0.0,0.0,0.0,1.35,1.35,1.35,0.0,0.0,100.00000000000001,0.00013170351268065872,-6.167009279077696e-05,0.00019337360547143568,719.75
57070,MCNICHOLS,2017-08-03,1.35,1.35,1000,2026-04-08T02:54:59.3729+00:00,0.0,0.0,0.0,0.0,1.35,1.35,1.35,0.0,0.0,100.00000000000001,0.00012195906887901842,-5.71316292739338e-05,0.00017909069815295222,769.75
57162,MCNICHOLS,2017-08-04,1.35,1.35,0,2026-04-08T02:55:01.592641+00:00,0.0,0.0,0.0,0.0,1.35,1.35,1.35,0.0,0.0,99.99999999999999,0.00011293468619810731,-5.2924809563875935e-05,0.00016585949576198325,769.75
57254,MCNICHOLS,2017-08-07,1.35,1.35,3200,2026-04-08T02:55:06.418828+00:00,0.0,0.0,0.0,0.0,1.35,1.35,1.35,0.0,0.0,100.0,0.00010457729593604803,-4.90257598607482e-05,0.00015360305579679623,929.75
57346,MCNICHOLS,2017-08-08,1.35,1.35,500,2026-04-08T02:55:08.763983+00:00,0.0,0.0,0.0,0.0,1.35,1.35,1.35,0.0,0.0,100.0,9.68377189962677e-05,-4.5412269440422845e-05,0.00014224998843669054,954.75
57438,MCNICHOLS,2017-08-09,1.35,1.35,0,2026-04-08T02:55:11.057796+00:00,0.0,0.0,0.0,0.0,1.35,1.35,1.35,0.0,0.0,100.0,8.967038414042783e-05,-4.206368343701017e-05,0.000131734067577438,954.75
57530,MCNICHOLS,2017-08-10,1.35,1.35,1088,2026-04-08T02:55:13.401484+00:00,0.0,0.0,0.0,0.0,1.35,1.35,1.35,0.0,0.0,100.0,8.303306612922334e-05,-3.896080115857173e-05,0.00012199386728779507,1009.15
57622,MCNICHOLS,2017-08-11,1.35,1.35,2235,2026-04-08T02:55:15.670877+00:00,0.0,0.0,0.0,0.0,1.35,1.35,1.35,0.0,0.0,100.0,7.688664243232779e-05,-3.608577988437384e-05,0.00011297242231670163,1120.9
57714,MCNICHOLS,2017-08-14,1.35,1.35,800,2026-04-08T02:55:20.026285+00:00,0.0,0.0,0.0,0.0,1.35,1.35,1.35,0.0,0.0,100.0,7.119486725737367e-05,-3.342204404746238e-05,0.00010461691130483605,1160.9
57806,MCNICHOLS,2017-08-15,1.35,1.35,0,2026-04-08T02:55:22.633816+00:00,0.0,0.0,0.0,0.0,1.35,1.35,1.35,0.0,0.0,100.0,6.59241617242401e-05,-3.095419966447678e-05,9.687836138871687e-05,1160.9
57898,MCNICHOLS,2017-08-16,1.35,1.35,0,2026-04-08T02:55:24.979188+00:00,0.0,0.0,0.0,0.0,1.35,1.35,1.35,0.0,0.0,100.0,6.104341907886557e-05,-2.8667953847881053e-05,8.971137292674662e-05,1160.9
57990,MCNICHOLS,2017-08-17,1.35,1.35,0,2026-04-08T02:55:27.3994+00:00,0.0,0.0,0.0,0.0,1.35,1.35,1.35,0.0,0.0,99.99999999999999,5.652382391119204e-05,-2.655003921244367e-05,8.307386312363571e-05,1160.9
58082,MCNICHOLS,2017-08-18,1.35,1.35,1300,2026-04-08T02:55:29.67842+00:00,0.0,0.0,0.0,0.0,1.35,1.35,1.35,0.0,0.0,100.00000000000001,5.2338684404906743e-05,-2.4588142974983174e-05,7.692682737988992e-05,1225.9
58174,MCNICHOLS,2017-08-21,1.35,1.35,500,2026-04-08T02:55:34.023067+00:00,0.0,0.0,0.0,0.0,1.35,1.35,1.35,0.0,0.0,100.0,4.84632767072668e-05,-2.27708405380985e-05,7.12341172453653e-05,1250.9
58266,MCNICHOLS,2017-08-22,1.35,1.35,0,2026-04-08T02:55:36.334754+00:00,0.0,0.0,0.0,0.0,1.35,1.35,1.35,0.0,0.0,100.0,4.4874700571462256e-05,-2.1087533339122442e-05,6.59622339105847e-05,1250.9
58358,MCNICHOLS,2017-08-23,1.35,1.35,5000,2026-04-08T02:55:38.717606+00:00,0.0,0.0,0.0,0.0,1.35,1.35,1.35,0.0,0.0,100.0,4.15517454726011e-05,-1.9528390750386888e-05,6.108013622298799e-05,1000.9
58450,MCNICHOLS,2017-08-24,1.35,1.35,208,2026-04-08T02:55:41.242089+00:00,0.0,0.0,0.0,0.0,1.35,1.35,1.35,0.0,0.0,100.0,3.8474766458351795e-05,-1.8084295811708955e-05,5.655906227006075e-05,959.3
58542,MCNICHOLS,2017-08-25,1.32,1.32,0,2026-04-08T02:55:43.579232+00:00,-2.2222222222222254,0.0,0.0,0.0,1.344,1.3485,1.3494,0.496903994999954,0.3142696805273549,0.16733532038013102,-0.002357536824124651,-0.0019312767091157691,-0.00042626011500888157,809.3
58634,MCNICHOLS,2017-08-28,1.32,1.32,0,2026-04-08T02:55:48.020598+00:00,0.0,-2.2222222222222254,0.0,0.0,1.3380000000000003,1.3470000000000002,1.3488000000000002,0.496903994999954,0.3142696805273549,0.16733532038013102,-0.0042078873657596105,-0.003025301800600583,-0.0011825855651590275,805.3
58726,MCNICHOLS,2017-08-29,1.32,1.32,0,2026-04-08T02:55:50.281022+00:00,0.0,0.0,0.0,0.0,1.332,1.3455000000000001,1.3481999999999998,0.496903994999954,0.3142696805273549,0.167335320380131,-0.005609639073698602,-0.00354164280683166,-0.0020679962668669425,805.3
58818,MCNICHOLS,2017-08-30,1.32,1.32,595,2026-04-08T02:55:52.499005+00:00,0.0,0.0,0.0,0.0,1.326,1.344,1.3476000000000001,0.496903994999954,0.3142696805273549,0.16733532038013102,-0.006643950080503114,-0.003660763050908937,-0.002983187029594177,821.3
58910,MCNICHOLS,2017-08-31,1.32,1.32,0,2026-04-08T02:55:54.947048+00:00,0.0,0.0,0.0,0.0,1.32,1.3425,1.3470000000000002,0.496903994999954,0.3142696805273549,0.167335320380131,-0.007378593176085024,-0.0035163249171926776,-0.0038622682588923467,771.3
59002,MCNICHOLS,2017-09-05,1.32,1.32,0,2026-04-08T02:56:01.572419+00:00,0.0,0.0,-2.2222222222222254,0.0,1.32,1.341,1.3464,0.496903994999954,0.3142696805273549,0.167335320380131,-0.007870081719050015,-0.0032062507681261346,-0.00466383095092388,771.3
59094,MCNICHOLS,2017-09-06,1.32,1.32,0,2026-04-08T02:56:03.885356+00:00,0.0,0.0,0.0,0.0,1.32,1.3395,1.3458,0.496903994999954,0.3142696805273549,0.16733532038013096,-0.008165463549361096,-0.0028013060787497723,-0.005364157470611324,611.3
59186,MCNICHOLS,2017-09-07,1.32,1.32,0,2026-04-08T02:56:06.19045+00:00,0.0,0.0,0.0,0.0,1.32,1.338,1.3452000000000002,0.496903994999954,0.3142696805273549,0.167335320380131,-0.008303834344626226,-0.002351741499211922,-0.0059520928454143045,586.3
59278,MCNICHOLS,2017-09-11,1.26,1.26,53000,2026-04-08T02:56:11.370569+00:00,-4.545454545454552,0.0,0.0,0.0,1.308,1.3335000000000001,1.3434,1.1076137505595707,0.7097484413953988,0.03628047448477894,-0.013103938707359708,-0.005721476689556321,-0.007382462017803387,3236.3
59370,MCNICHOLS,2017-09-12,1.26,1.26,0,2026-04-08T02:56:13.892416+00:00,0.0,-4.545454545454552,0.0,0.0,1.296,1.329,1.3416000000000003,1.1076137505595707,0.7097484413953988,0.03628047448477893,-0.01671537159887615,-0.00746632766485821,-0.00924904393401794,3181.9
59462,MCNICHOLS,2017-09-13,1.26,1.26,5000,2026-04-08T02:56:16.312215+00:00,0.0,0.0,0.0,-2.2222222222222254,1.284,1.3245,1.3397999999999999,1.1076137505595707,0.7097484413953988,0.036280474484778925,-0.019354353247797773,-0.008084247451023867,-0.011270105796773906,3320.15
59554,MCNICHOLS,2017-09-14,1.26,1.26,150,2026-04-08T02:56:18.601168+00:00,0.0,0.0,0.0,0.0,1.272,1.3199999999999998,1.338,1.1076137505595707,0.7097484413953988,0.03628047448477893,-0.02120136903259051,-0.007945010588653285,-0.013256358443937227,3287.65
59646,MCNICHOLS,2017-09-15,1.26,1.26,1200,2026-04-08T02:56:20.93666+00:00,0.0,0.0,0.0,0.0,1.26,1.3155000000000001,1.3362,1.1076137505595707,0.7097484413953988,0.036280474484778925,-0.022406850128566802,-0.007320393347703659,-0.015086456780863143,3347.65
59738,MCNICHOLS,2017-09-16,1.26,1.26,3000,2026-04-08T02:56:23.148937+00:00,0.0,0.0,-4.545454545454552,0.0,1.26,1.3110000000000002,1.3344,1.1076137505595707,0.7097484413953988,0.036280474484778925,-0.023095966655288125,-0.006407607899539983,-0.01668835875574814,3497.65
59830,MCNICHOLS,2017-09-19,1.26,1.26,0,2026-04-08T02:56:27.358465+00:00,0.0,0.0,0.0,0.0,1.26,1.3065,1.3326000000000002,1.1076137505595707,0.7097484413953988,0.03628047448477893,-0.023372670866761647,-0.005347449688810804,-0.018025221177950843,3497.65
59922,MCNICHOLS,2017-09-20,1.26,1.26,0,2026-04-08T02:56:29.683375+00:00,0.0,0.0,0.0,0.0,1.26,1.302,1.3308000000000002,1.1076137505595707,0.7097484413953988,0.03628047448477893,-0.02332310669208404,-0.0042383084113065544,-0.019084798280777485,3432.65
60014,MCNICHOLS,2017-09-21,1.26,1.26,0,2026-04-08T02:56:31.851594+00:00,0.0,0.0,0.0,0.0,1.26,1.2974999999999999,1.329,1.1076137505595707,0.7097484413953988,0.03628047448477894,-0.023018483971842807,-0.003146948552852257,-0.01987153541899055,3407.65
60106,MCNICHOLS,2017-09-22,1.26,1.26,0,2026-04-08T02:56:34.007646+00:00,0.0,0.0,0.0,0.0,1.26,1.2930000000000001,1.3272,1.1076137505595707,0.7097484413953988,0.03628047448477894,-0.02251750054177548,-0.002116772098227946,-0.020400728443547535,3407.65
60198,MCNICHOLS,2017-09-25,1.26,1.26,0,2026-04-08T02:56:38.385386+00:00,0.0,0.0,0.0,-4.545454545454552,1.26,1.2885,1.3254000000000001,1.1076137505595707,0.7097484413953988,0.03628047448477894,-0.021868382463611225,-0.0011741232160509506,-0.020694259247560274,3157.65
60290,MCNICHOLS,2017-09-26,1.2,1.2,11768506,2026-04-08T02:56:40.657356+00:00,-4.761904761904767,0.0,0.0,0.0,1.248,1.2810000000000001,1.3224,1.480195632141765,0.9648574028748504,0.013099114330963661,-0.02589692661931009,-0.004162133897399851,-0.02173479272191024,591572.55
60382,MCNICHOLS,2017-09-27,1.2,1.2,5000,2026-04-08T02:56:42.968732+00:00,0.0,-4.761904761904767,0.0,0.0,1.236,1.275,1.3194,1.4328026845171289,0.9648574028748504,0.013099114330963661,-0.028758071737087665,-0.005618623212141939,-0.023139448524945726,591822.55
60474,MCNICHOLS,2017-09-28,1.2,1.2,8870251,2026-04-08T02:56:45.128996+00:00,0.0,0.0,0.0,0.0,1.224,1.269,1.3164000000000002,1.4328026845171289,0.9648574028748504,0.013099114330963661,-0.030671982336633263,-0.006026027049350027,-0.024645955287283236,1035335.1
60566,MCNICHOLS,2017-09-29,1.2,1.2,1000,2026-04-08T02:56:47.398677+00:00,0.0,0.0,0.0,0.0,1.212,1.263,1.3134000000000001,1.4328026845171289,0.9648574028748504,0.013099114330963663,-0.031821946682868196,-0.005740793116467968,-0.026081153566400228,1035385.1
60658,MCNICHOLS,2017-10-03,1.2,1.2,1000,2026-04-08T02:56:52.779733+00:00,0.0,0.0,0.0,0.0,1.2,1.257,1.3104000000000002,1.4328026845171289,0.9648574028748504,0.013099114330963663,-0.032360272632962594,-0.00502329525324989,-0.027336977379712704,1035405.35
60750,MCNICHOLS,2017-10-04,1.2,1.2,0,2026-04-08T02:56:55.065177+00:00,0.0,0.0,-4.761904761904767,0.0,1.2,1.2510000000000001,1.3074,1.4328026845171289,0.9648574028748504,0.013099114330963661,-0.032413259942774886,-0.004061026050449744,-0.028352233892325142,1035405.35
60842,MCNICHOLS,2017-10-05,1.2,1.2,20623251,2026-04-08T02:56:57.377802+00:00,0.0,0.0,0.0,0.0,1.2,1.245,1.3044,1.4328026845171289,0.9648574028748504,0.013099114330963663,-0.03208539233715468,-0.002986526755863632,-0.02909886558129105,2066567.9
60934,MCNICHOLS,2017-10-06,1.2,1.2,0,2026-04-08T02:56:59.661092+00:00,0.0,0.0,0.0,0.0,1.2,1.239,1.3014,1.4328026845171289,0.9648574028748504,0.013099114330963663,-0.03146287051124541,-0.0018912039439634848,-0.029571666567281926,2066567.9
61026,MCNICHOLS,2017-10-09,1.2,1.2,0,2026-04-08T02:57:04.043492+00:00,0.0,0.0,0.0,0.0,1.2,1.233,1.2984,1.4328026845171289,0.9648574028748504,0.013099114330963665,-0.03061658850506288,-0.00083593755022476,-0.02978065095483812,2066567.9
61118,MCNICHOLS,2017-10-10,1.2,1.2,0,2026-04-08T02:57:06.326055+00:00,0.0,0.0,0.0,0.0,1.2,1.23,1.2954,1.0647942749999009,0.9648574028748504,0.013099114330963665,-0.029604640055716835,0.0001408087192970274,-0.029745448775013863,2063917.9
61210,MCNICHOLS,2017-10-11,1.2,1.2,0,2026-04-08T02:57:08.620281+00:00,0.0,0.0,0.0,-4.761904761904767,1.2,1.2269999999999999,1.2924,1.0647942749999009,0.9648574028748504,0.013099114330963665,-0.0284744281360787,0.0010168165111481345,-0.029491244647226834,2063917.9
61302,MCNICHOLS,2017-10-12,1.2,1.2,0,2026-04-08T02:57:10.950839+00:00,0.0,0.0,0.0,0.0,1.2,1.224,1.2893999999999999,1.0647942749999009,0.9648574028748504,0.013099114330963666,-0.027264439559312903,0.0017814440703311472,-0.02904588362964405,2063667.9
61394,MCNICHOLS,2017-10-13,1.2,1.2,0,2026-04-08T02:57:13.525709+00:00,0.0,0.0,0.0,0.0,1.2,1.2209999999999999,1.2863999999999998,1.0647942749999009,0.9648574028748504,0.013099114330963663,-0.026005736947210645,0.002432117345946727,-0.028437854293157372,2063660.4
61486,MCNICHOLS,2017-10-16,1.2,1.2,100,2026-04-08T02:57:17.895676+00:00,0.0,0.0,0.0,0.0,1.2,1.218,1.2834,1.0647942749999009,0.9648574028748504,0.013099114330963666,-0.02472321225741858,0.0029717136285910342,-0.027694925886009615,2063605.4
61578,MCNICHOLS,2017-10-17,1.2,1.2,100,2026-04-08T02:57:20.31307+00:00,0.0,0.0,0.0,0.0,1.2,1.2149999999999999,1.2804000000000002,1.0647942749999009,0.9648574028748504,0.013099114330963666,-0.023436639212625288,0.0034066293387074627,-0.02684326855133275,2063460.4
61670,MCNICHOLS,2017-10-18,1.2,1.2,1600,2026-04-08T02:57:22.526226+00:00,0.0,0.0,0.0,0.0,1.2,1.212,1.2774,1.0647942749999009,0.9648574028748504,0.013099114330963665,-0.02216155618080573,0.0037453698964216194,-0.02590692607722735,2063540.4
61762,MCNICHOLS,2017-10-19,1.2,1.2,2010,2026-04-08T02:57:24.865827+00:00,0.0,0.0,0.0,0.0,1.2,1.209,1.2744,1.0647942749999009,0.9648574028748504,0.013099114330963666,-0.020910006156664496,0.003997535936450285,-0.02490754209311478,2063640.9
61854,MCNICHOLS,2017-10-20,1.2,1.2,3600,2026-04-08T02:57:27.091081+00:00,0.0,0.0,0.0,0.0,1.2,1.206,1.2714,1.0647942749999009,0.9648574028748504,0.013099114330963666,-0.01969115635248908,0.004173108592500561,-0.02386426494498964,2063820.9
61946,MCNICHOLS,2017-10-23,1.2,1.2,300,2026-04-08T02:57:31.703062+00:00,0.0,0.0,0.0,0.0,1.2,1.2029999999999998,1.2684,1.0647942749999009,0.9648574028748504,0.013099114330963668,-0.01851181640502997,0.00428195883196774,-0.02279377523699771,2063835.9
62038,MCNICHOLS,2017-10-24,1.2,1.2,50,2026-04-08T02:57:34.020008+00:00,0.0,0.0,0.0,0.0,1.2,1.2,1.2654,1.0647942749999009,0.9648574028748504,0.01309911433096367,-0.017376871244997538,0.004333523193600138,-0.021710394438597676,2063838.4
62130,MCNICHOLS,2017-10-25,1.2,1.2,0,2026-04-08T02:57:36.254878+00:00,0.0,0.0,0.0,0.0,1.2,1.2,1.2624000000000002,0.0,0.9648574028748504,0.01309911433096367,-0.01628964217380391,0.004336601811835015,-0.020626243985638924,1475413.1
62222,MCNICHOLS,2017-10-26,1.26,1.26,82493,2026-04-08T02:57:38.639324+00:00,5.000000000000004,0.0,0.0,0.0,1.2120000000000002,1.2029999999999998,1.2606,1.1180339887498958,1.2157340680961746,75.1851311930134,-0.010465862791258607,0.008128304955504251,-0.018594167746762858,1479287.75
62314,MCNICHOLS,2017-10-27,1.26,1.26,15010,2026-04-08T02:57:40.810349+00:00,0.0,5.000000000000004,0.0,0.0,1.224,1.206,1.2588,1.1180339887498958,1.2157340680961746,75.1851311930134,-0.005783803585090563,0.010248291329337834,-0.016032094914428398,1036525.7
62406,MCNICHOLS,2017-10-30,1.26,1.26,64300,2026-04-08T02:57:45.233404+00:00,0.0,0.0,0.0,0.0,1.236,1.209,1.2570000000000001,1.1180339887498958,1.2157340680961746,75.1851311930134,-0.0020496112886900786,0.011185986900590656,-0.013235598189280735,1039690.7
62498,MCNICHOLS,2017-10-31,1.26,1.26,4000,2026-04-08T02:57:47.538171+00:00,0.0,0.0,0.0,0.0,1.248,1.2120000000000002,1.2551999999999999,1.1180339887498958,1.2157340680961746,75.1851311930134,0.0008993953399849541,0.011307994823412552,-0.010408599483427598,1039840.7
62590,MCNICHOLS,2017-11-01,1.26,1.26,50,2026-04-08T02:57:49.900698+00:00,0.0,0.0,0.0,0.0,1.26,1.2149999999999999,1.2534,1.1180339887498958,1.2157340680961746,75.18513119301339,0.0031996210993172625,0.01088657646619589,-0.007686955366878627,1039843.2
62682,MCNICHOLS,2017-11-02,1.26,1.26,1500,2026-04-08T02:57:52.192143+00:00,0.0,0.0,5.000000000000004,0.0,1.26,1.218,1.2516,1.1180339887498958,1.2157340680961746,75.18513119301342,0.004965329359770454,0.010121827781319266,-0.005156498421548811,8755.65
62774,MCNICHOLS,2017-11-03,1.26,1.26,120,2026-04-08T02:57:54.512232+00:00,0.0,0.0,0.0,0.0,1.26,1.2209999999999999,1.2498,1.1180339887498958,1.2157340680961746,75.1851311930134,0.006292134072550137,0.00915890599527916,-0.002866771922729022,8761.65
62866,MCNICHOLS,2017-11-06,1.26,1.26,150,2026-04-08T02:57:59.23147+00:00,0.0,0.0,0.0,0.0,1.26,1.224,1.248,1.1180339887498958,1.2157340680961746,75.1851311930134,0.007259948202818389,0.00810137610043793,-0.0008414278976195395,8769.15
62958,MCNICHOLS,2017-11-07,1.26,1.26,2000,2026-04-08T02:58:01.524363+00:00,0.0,0.0,0.0,0.0,1.26,1.2269999999999999,1.2462,1.1180339887498958,1.2157340680961746,75.1851311930134,0.007935472684335476,0.0070215204655640125,0.0009139522187714636,8869.15
63050,MCNICHOLS,2017-11-08,1.26,1.26,5000,2026-04-08T02:58:03.79912+00:00,0.0,0.0,0.0,0.0,1.26,1.23,1.2444,1.1180339887498958,1.2157340680961746,75.1851311930134,0.008374297019605681,0.005968275840667374,0.0024060211789383073,9119.15
63142,MCNICHOLS,2017-11-09,1.26,1.26,1630,2026-04-08T02:58:06.050925+00:00,0.0,0.0,0.0,5.000000000000004,1.26,1.233,1.2432,1.1180339887498958,1.1777341363665568,75.18513119301342,0.008622671675220683,0.004973320397025901,0.0036493512781947826,9200.65
63234,MCNICHOLS,2017-11-10,1.26,1.26,1000,2026-04-08T02:58:08.423322+00:00,0.0,0.0,0.0,0.0,1.26,1.236,1.242,1.1180339887498958,1.1777341363665568,75.1851311930134,0.008719003138449422,0.004055721488203711,0.004663281650245711,9250.65
63326,MCNICHOLS,2017-11-13,1.26,1.26,0,2026-04-08T02:58:12.832851+00:00,0.0,0.0,0.0,0.0,1.26,1.239,1.2408,1.1180339887498958,1.1777341363665568,75.1851311930134,0.008695114647948143,0.003225466398161946,0.0054696482497861975,9245.65
63418,MCNICHOLS,2017-11-14,1.26,1.26,0,2026-04-08T02:58:15.182817+00:00,0.0,0.0,0.0,0.0,1.26,1.242,1.2396,1.1180339887498958,1.1777341363665568,75.18513119301342,0.008577308968519048,0.0024861285749862806,0.006091180393532768,9240.65
63510,MCNICHOLS,2017-11-15,1.26,1.26,0,2026-04-08T02:58:17.483941+00:00,0.0,0.0,0.0,0.0,1.26,1.245,1.2384,1.1180339887498958,1.1777341363665568,75.18513119301339,0.008387263960778046,0.0018368668537962225,0.006550397106981824,9160.65
63602,MCNICHOLS,2017-11-16,1.26,1.26,0,2026-04-08T02:58:19.932158+00:00,0.0,0.0,0.0,0.0,1.26,1.2479999999999998,1.2372,1.1180339887498958,1.1777341363665568,75.1851311930134,0.008142786943764246,0.0012739118694259375,0.006868875074338309,9060.15
63694,MCNICHOLS,2017-11-17,1.26,1.26,0,2026-04-08T02:58:22.230505+00:00,0.0,0.0,0.0,0.0,1.26,1.251,1.236,1.1180339887498958,1.1777341363665568,75.1851311930134,0.007858449828511027,0.0007916598033381739,0.007066790025172853,8880.15
63786,MCNICHOLS,2017-11-20,1.26,1.26,0,2026-04-08T02:58:26.609741+00:00,0.0,0.0,0.0,0.0,1.26,1.254,1.2348000000000001,1.1180339887498958,1.1777341363665568,75.1851311930134,0.007546123600566057,0.0003834668603145625,0.0071626567402514945,8865.15
63878,MCNICHOLS,2017-11-21,1.26,1.26,0,2026-04-08T02:58:29.044371+00:00,0.0,0.0,0.0,0.0,1.26,1.2570000000000001,1.2348000000000001,1.1180339887498958,0.986382828923935,75.1851311930134,0.007215427853879186,4.22168909021527e-05,0.007173210962977033,8862.65
63970,MCNICHOLS,2017-11-22,1.26,1.26,0,2026-04-08T02:58:31.282092+00:00,0.0,0.0,0.0,0.0,1.26,1.26,1.2348,1.1180339887498958,0.986382828923935,75.18513119301342,0.00687410864660154,-0.00023928185310039506,0.007113390499701935,8862.65
64062,MCNICHOLS,2017-11-23,1.26,1.26,0,2026-04-08T02:58:33.589475+00:00,0.0,0.0,0.0,0.0,1.26,1.26,1.2348000000000001,0.0,0.986382828923935,75.1851311930134,0.006528355892790216,-0.00046802768552937565,0.006996383578319592,4738.0
64154,MCNICHOLS,2017-11-24,1.26,1.26,0,2026-04-08T02:58:35.965247+00:00,0.0,0.0,0.0,0.0,1.26,1.26,1.2348000000000001,0.0,0.986382828923935,75.18513119301342,0.006183069764957638,-0.0006506510506895631,0.006833720815647201,3987.5
64246,MCNICHOLS,2017-11-27,1.26,1.26,0,2026-04-08T02:58:40.303262+00:00,0.0,0.0,0.0,0.0,1.26,1.26,1.2348,0.0,0.986382828923935,75.1851311930134,0.005842084111926882,-0.0007933093629762557,0.0066353934749031375,772.5
64338,MCNICHOLS,2017-11-28,1.26,1.26,0,2026-04-08T02:58:42.596324+00:00,0.0,0.0,0.0,0.0,1.26,1.26,1.2348,0.0,0.986382828923935,75.18513119301342,0.005508353653148612,-0.0009016318574036203,0.006409985510552232,572.5
64430,MCNICHOLS,2017-11-29,1.26,1.26,0,2026-04-08T02:58:44.979081+00:00,0.0,0.0,0.0,0.0,1.26,1.26,1.2348000000000001,0.0,0.986382828923935,75.1851311930134,0.00518411065948321,-0.0009806998808552184,0.006164810540338428,570.0
64522,MCNICHOLS,2017-11-30,1.26,1.26,0,2026-04-08T02:58:47.226359+00:00,0.0,0.0,0.0,0.0,1.26,1.26,1.2348000000000001,0.0,0.986382828923935,75.1851311930134,0.004870995941830936,-0.0010350516788059944,0.00590604762063693,495.0
64614,MCNICHOLS,2017-12-04,1.26,1.26,0,2026-04-08T02:58:52.54699+00:00,0.0,0.0,0.0,0.0,1.26,1.26,1.2348,0.0,0.986382828923935,75.1851311930134,0.0045701682178374,-0.0010687035222396246,0.005638871740077025,489.0
64706,MCNICHOLS,2017-12-05,1.26,1.26,0,2026-04-08T02:58:54.773083+00:00,0.0,0.0,0.0,0.0,1.26,1.26,1.2348000000000001,0.0,0.986382828923935,75.18513119301342,0.004282395291998364,-0.0010851811584629296,0.005367576450461294,481.5
64798,MCNICHOLS,2017-12-06,1.26,1.26,0,2026-04-08T02:58:57.263783+00:00,0.0,0.0,0.0,0.0,1.26,1.26,1.2348000000000001,0.0,0.986382828923935,75.1851311930134,0.004008129947913552,-0.0010875572020381929,0.005095687149951745,381.5
64890,MCNICHOLS,2017-12-07,1.26,1.26,0,2026-04-08T02:58:59.55462+00:00,0.0,0.0,0.0,0.0,1.26,1.26,1.236,0.0,0.7071067811865481,75.18513119301342,0.0037475729980134265,-0.001078491321550655,0.0048260643195640815,131.5
64982,MCNICHOLS,2017-12-08,1.26,1.26,0,2026-04-08T02:59:01.865905+00:00,0.0,0.0,0.0,0.0,1.26,1.26,1.2372,0.0,0.7071067811865481,75.1851311930134,0.003500725552957551,-0.0010602710132852243,0.004560996566242775,50.0
65074,MCNICHOLS,2017-12-11,1.26,1.26,0,2026-04-08T02:59:06.715792+00:00,0.0,0.0,0.0,0.0,1.26,1.26,1.2384,0.0,0.7071067811865481,75.1851311930134,0.003267432249247415,-0.001034851453596288,0.004302283702843703,0.0
65166,MCNICHOLS,2017-12-12,1.26,1.26,0,2026-04-08T02:59:09.170602+00:00,0.0,0.0,0.0,0.0,1.26,1.26,1.2396,0.0,0.7071067811865481,75.18513119301342,0.0030474169001952767,-0.0010038934421187414,0.004051310342314018,0.0
65258,MCNICHOLS,2017-12-13,1.26,1.26,0,2026-04-08T02:59:11.522814+00:00,0.0,0.0,0.0,0.0,1.26,1.26,1.2408,0.0,0.7071067811865481,75.18513119301342,0.0028403118044972864,-0.0009687988302533855,0.003809110634750672,0.0
65350,MCNICHOLS,2017-12-14,1.26,1.26,0,2026-04-08T02:59:13.751616+00:00,0.0,0.0,0.0,0.0,1.26,1.26,1.242,0.0,0.7071067811865481,75.18513119301342,0.002645681751690887,-0.0009307431064478284,0.0035764248581387154,0.0
65442,MCNICHOLS,2017-12-15,1.26,1.26,0,2026-04-08T02:59:16.016878+00:00,0.0,0.0,0.0,0.0,1.26,1.26,1.2432,0.0,0.7071067811865481,75.1851311930134,0.0024630435991881416,-0.0008907050071604592,0.003353748606348601,0.0
65534,MCNICHOLS,2017-12-18,1.26,1.26,1000,2026-04-08T02:59:20.496704+00:00,0.0,0.0,0.0,0.0,1.26,1.26,1.2444,0.0,0.7071067811865481,75.1851311930134,0.0022918821566382253,-0.0008494931597683004,0.0031413753164065256,50.0
65626,MCNICHOLS,2017-12-19,1.26,1.26,0,2026-04-08T02:59:22.691103+00:00,0.0,0.0,0.0,0.0,1.26,1.26,1.2455999999999998,0.0,0.7071067811865481,75.1851311930134,0.0021316629961602995,-0.0008077698561969812,0.0029394328523572807,50.0
65718,MCNICHOLS,2017-12-20,1.26,1.26,1000,2026-04-08T02:59:25.001427+00:00,0.0,0.0,0.0,0.0,1.26,1.26,1.2468000000000001,0.0,0.7071067811865481,75.18513119301342,0.001981842708080217,-0.0007660721154216514,0.0027479148235018684,100.0
65810,MCNICHOLS,2017-12-21,1.26,1.26,0,2026-04-08T02:59:27.554405+00:00,0.0,0.0,0.0,0.0,1.26,1.26,1.248,0.0,0.7071067811865481,75.1851311930134,0.0018418770384096561,-0.00072483022807377,0.002566707266483426,100.0
65902,MCNICHOLS,2017-12-22,1.26,1.26,10000,2026-04-08T02:59:29.82771+00:00,0.0,0.0,0.0,0.0,1.26,1.26,1.2492,0.0,0.7071067811865481,75.1851311930134,0.0017112272739849832,-0.0006843839939987546,0.002395611267983738,600.0
65994,MCNICHOLS,2017-12-27,1.2,1.2,8870251,2026-04-08T02:59:36.63878+00:00,-4.761904761904767,0.0,0.0,0.0,1.248,1.2570000000000001,1.2492,1.064794274999901,0.986382828923935,4.504194102995761,-0.003196959604398586,-0.004474056697905859,0.0012770970935072731,444112.55
66086,MCNICHOLS,2017-12-28,1.2,1.2,20,2026-04-08T02:59:39.04539+00:00,0.0,-4.761904761904767,0.0,0.0,1.236,1.254,1.2491999999999999,1.064794274999901,0.986382828923935,4.504194102995762,-0.0070059725763012,-0.006626455735846779,-0.00037951684045442165,444113.55
66178,MCNICHOLS,2017-12-29,1.2,1.2,12500,2026-04-08T02:59:41.445401+00:00,0.0,0.0,0.0,0.0,1.224,1.251,1.2492,1.064794274999901,0.986382828923935,4.504194102995762,-0.009910401855412587,-0.007624708011966533,-0.002285693843446055,444738.55
66270,MCNICHOLS,2018-01-02,1.2,1.2,0,2026-04-08T02:59:46.944851+00:00,0.0,0.0,0.0,0.0,1.212,1.248,1.2492,1.064794274999901,0.986382828923935,4.504194102995761,-0.012073012807930938,-0.007829855171587907,-0.004243157636343031,444738.55
66362,MCNICHOLS,2018-01-03,1.2,1.2,8870251,2026-04-08T02:59:49.25236+00:00,0.0,0.0,0.0,0.0,1.2,1.2449999999999999,1.2492,1.064794274999901,0.986382828923935,4.504194102995761,-0.013629781926765228,-0.007509299432337756,-0.006120482494427471,888251.1
66454,MCNICHOLS,2018-01-04,1.2,1.2,0,2026-04-08T02:59:51.440942+00:00,0.0,0.0,-4.761904761904767,0.0,1.2,1.242,1.2492,1.064794274999901,0.986382828923935,4.504194102995761,-0.01469414768167221,-0.00685893214979579,-0.00783521553187642,888251.1
66546,MCNICHOLS,2018-01-05,1.2,1.2,0,2026-04-08T02:59:53.632679+00:00,0.0,0.0,0.0,0.0,1.2,1.239,1.2492,1.064794274999901,0.986382828923935,4.504194102995761,-0.015360597800967657,-0.00602030581527299,-0.009340291985694667,888251.1
66638,MCNICHOLS,2018-01-08,1.2,1.2,0,2026-04-08T02:59:58.187375+00:00,0.0,0.0,0.0,0.0,1.2,1.236,1.2492,1.064794274999901,0.986382828923935,4.50419410299576,-0.01570769578274067,-0.005093923037636804,-0.010613772745103868,888251.1
66730,MCNICHOLS,2018-01-09,1.2,1.2,0,2026-04-08T03:00:00.526076+00:00,0.0,0.0,0.0,0.0,1.2,1.233,1.2492,1.064794274999901,0.986382828923935,4.504194102995761,-0.015800633565808075,-0.004149488656563364,-0.011651144909244711,888251.1
66822,MCNICHOLS,2018-01-10,1.2,1.2,0,2026-04-08T03:00:02.789006+00:00,0.0,0.0,0.0,0.0,1.2,1.23,1.248,1.064794274999901,0.6734350297014745,4.504194102995761,-0.015693383868031097,-0.003233791167029109,-0.012459592701001988,888251.1
66914,MCNICHOLS,2018-01-11,1.2,1.2,750,2026-04-08T03:00:05.007224+00:00,0.0,0.0,0.0,-4.761904761904767,1.2,1.2269999999999999,1.2468000000000001,1.064794274999901,0.6734350297014745,4.50419410299576,-0.015430514345635915,-0.0023767373157071413,-0.013053777029928774,888288.6
67006,MCNICHOLS,2018-01-12,1.2,1.2,750,2026-04-08T03:00:07.437621+00:00,0.0,0.0,0.0,0.0,1.2,1.224,1.2455999999999998,1.064794274999901,0.6734350297014745,4.504194102995762,-0.015048716123296169,-0.0015959512746939152,-0.013452764848602253,888326.1
67098,MCNICHOLS,2018-01-15,1.2,1.2,55000,2026-04-08T03:00:11.967979+00:00,0.0,0.0,0.0,0.0,1.2,1.2209999999999999,1.2444,1.064794274999901,0.6734350297014745,4.50419410299576,-0.01457809112148234,-0.0009002610183040678,-0.013677830103178272,891076.1
67190,MCNICHOLS,2018-01-16,1.2,1.2,250,2026-04-08T03:00:14.274869+00:00,0.0,0.0,0.0,0.0,1.2,1.218,1.2432,1.064794274999901,0.6734350297014745,4.50419410299576,-0.014043235736910464,-0.00029232450698575205,-0.013750911229924712,891088.6
67282,MCNICHOLS,2018-01-17,1.2,1.2,74000,2026-04-08T03:00:16.592861+00:00,0.0,0.0,0.0,0.0,1.2,1.2149999999999999,1.242,1.064794274999901,0.6734350297014745,4.50419410299576,-0.013464152620942027,0.0002294068871861489,-0.013693559508128176,894788.6
67374,MCNICHOLS,2018-01-18,1.2,1.2,0,2026-04-08T03:00:18.874572+00:00,0.0,0.0,0.0,0.0,1.2,1.212,1.2408,1.064794274999901,0.6734350297014745,4.50419410299576,-0.01285701738625522,0.0006692336974983646,-0.013526251083753585,894738.6
67466,MCNICHOLS,2018-01-19,1.2,1.2,0,2026-04-08T03:00:21.223293+00:00,0.0,0.0,0.0,0.0,1.2,1.209,1.2396,1.064794274999901,0.6734350297014745,4.50419410299576,-0.01223482291593081,0.0010331425342582218,-0.013267965450189032,894738.6
67558,MCNICHOLS,2018-01-22,1.2,1.2,0,2026-04-08T03:00:25.613479+00:00,0.0,0.0,0.0,0.0,1.2,1.206,1.2384,1.064794274999901,0.6734350297014745,4.50419410299576,-0.01160792043444081,0.0013280360125985761,-0.012935956447039387,894688.6
67650,MCNICHOLS,2018-01-23,1.2,1.2,0,2026-04-08T03:00:27.792672+00:00,0.0,0.0,0.0,0.0,1.2,1.2029999999999998,1.2372,1.064794274999901,0.6734350297014745,4.50419410299576,-0.010984473528037775,0.0015611863352012895,-0.012545659863239064,894688.6
67742,MCNICHOLS,2018-01-24,1.2,1.2,0,2026-04-08T03:00:29.955701+00:00,0.0,0.0,0.0,0.0,1.2,1.2,1.236,1.064794274999901,0.6734350297014745,4.50419410299576,-0.010370838789083292,0.001739856859324618,-0.01211069564840791,894188.6
67834,MCNICHOLS,2018-01-25,1.2,1.2,0,2026-04-08T03:00:32.149736+00:00,0.0,0.0,0.0,0.0,1.2,1.2,1.2348000000000001,0.0,0.6734350297014745,4.5041941029957595,-0.009771884634186323,0.001871048811377271,-0.011642933445563594,450676.05
67926,MCNICHOLS,2018-01-26,1.2,1.2,0,2026-04-08T03:00:34.314441+00:00,0.0,0.0,0.0,0.0,1.2,1.2,1.2336,0.0,0.6734350297014745,4.50419410299576,-0.00919125804976062,0.0019613403166423796,-0.011152598366403,450675.05
68018,MCNICHOLS,2018-01-30,1.2,1.2,200,2026-04-08T03:00:39.498781+00:00,0.0,0.0,0.0,0.0,1.2,1.2,1.2324,0.0,0.6734350297014745,4.50419410299576,-0.008631607500142247,0.002016792693008602,-0.010648400193150848,450060.05
68110,MCNICHOLS,2018-01-31,1.2,1.2,0,2026-04-08T03:00:41.874276+00:00,0.0,0.0,0.0,0.0,1.2,1.2,1.2311999999999999,0.0,0.6734350297014745,4.50419410299576,-0.008094768949869602,0.0020429049946249986,-0.0101376739444946,450060.05
68202,MCNICHOLS,2018-02-01,1.2,1.2,58300,2026-04-08T03:00:44.260901+00:00,0.0,0.0,0.0,0.0,1.2,1.2,1.23,0.0,0.6734350297014745,4.50419410299576,-0.007581920866894132,0.0020446024620803752,-0.009626523328974507,9462.5
68294,MCNICHOLS,2018-02-02,1.2,1.2,0,2026-04-08T03:00:46.552556+00:00,0.0,0.0,0.0,0.0,1.2,1.2,1.2288000000000001,0.0,0.6734350297014745,4.50419410299576,-0.00709371315667795,0.0020262481378372464,-0.009119961294515196,9462.5
68386,MCNICHOLS,2018-02-05,1.2,1.2,0,2026-04-08T03:00:50.820837+00:00,0.0,0.0,0.0,0.0,1.2,1.2,1.2275999999999998,0.0,0.6734350297014745,4.504194102995761,-0.006630374202443834,0.00199166967365709,-0.008622043876100924,9462.5
68478,MCNICHOLS,2018-02-06,1.2,1.2,0,2026-04-08T03:00:53.862975+00:00,0.0,0.0,0.0,0.0,1.2,1.2,1.2264,0.0,0.6734350297014745,4.50419410299576,-0.006191799532289544,0.0019441954750491052,-0.008135995007338649,9462.5
68570,MCNICHOLS,2018-02-07,1.2,1.2,1000,2026-04-08T03:00:56.249659+00:00,0.0,0.0,0.0,0.0,1.2,1.2,1.2252,0.0,0.6734350297014745,4.504194102995761,-0.005777625080946036,0.0018866959411140902,-0.007664321022060126,9512.5
68662,MCNICHOLS,2018-02-08,1.2,1.2,0,2026-04-08T03:00:58.532515+00:00,0.0,0.0,0.0,0.0,1.2,1.2,1.224,0.0,0.6734350297014745,4.504194102995761,-0.005387287546919639,0.0018216267801123903,-0.007208914327032029,9512.5
68754,MCNICHOLS,2018-02-12,1.2,1.2,2176,2026-04-08T03:01:04.382325+00:00,0.0,0.0,0.0,0.0,1.2,1.2,1.2228,0.0,0.6734350297014745,4.504194102995762,-0.005020073951349957,0.0017510723005456589,-0.006771146251895616,9583.8
68846,MCNICHOLS,2018-02-13,1.2,1.2,0,2026-04-08T03:01:06.5746+00:00,0.0,0.0,0.0,0.0,1.2,1.2,1.2216,0.0,0.6734350297014745,4.504194102995761,-0.004675162171899672,0.0016767872639967558,-0.006351949435896427,9546.3
68938,MCNICHOLS,2018-02-14,1.2,1.2,0,2026-04-08T03:01:08.960618+00:00,0.0,0.0,0.0,0.0,1.2,1.2,1.2204000000000002,0.0,0.6734350297014745,4.504194102995761,-0.004351653943875711,0.001600236393616574,-0.005951890337492285,6796.3
69030,MCNICHOLS,2018-02-15,1.2,1.2,51724,2026-04-08T03:01:11.158693+00:00,0.0,0.0,0.0,0.0,1.2,1.2,1.2191999999999998,0.0,0.6734350297014745,4.504194102995761,-0.004048601583527711,0.001522631003171659,-0.00557123258669937,9370.0
69122,MCNICHOLS,2018-02-16,1.2,1.2,500,2026-04-08T03:01:13.607551+00:00,0.0,0.0,0.0,0.0,1.2,1.2,1.218,0.0,0.6734350297014745,4.50419410299576,-0.0037650294882862756,0.0014449624787304756,-0.005209991967016751,5695.0
69214,MCNICHOLS,2018-02-19,1.2,1.2,0,2026-04-08T03:01:18.187191+00:00,0.0,0.0,0.0,0.0,1.2,1.2,1.2168,0.0,0.6734350297014745,4.504194102995761,-0.003499951299840154,0.0013680325337412777,-0.0048679838335814315,5695.0
69306,MCNICHOLS,2018-02-20,1.2,1.2,500,2026-04-08T03:01:20.554931+00:00,0.0,0.0,0.0,0.0,1.2,1.2,1.2155999999999998,0.0,0.6734350297014745,4.50419410299576,-0.003252383473566489,0.001292480288011954,-0.004544863761578443,5720.0
69398,MCNICHOLS,2018-02-22,1.2,1.2,29589,2026-04-08T03:01:23.957413+00:00,0.0,0.0,0.0,0.0,1.2,1.2,1.2144,0.0,0.6734350297014745,4.504194102995762,-0.003021355877784293,0.0012188063070353201,-0.004240162184819613,7199.45
69490,MCNICHOLS,2018-02-26,1.2,1.2,200,2026-04-08T03:01:29.317338+00:00,0.0,0.0,0.0,0.0,1.2,1.2,1.2131999999999998,0.0,0.6734350297014745,4.504194102995761,-0.002805919945159774,0.0011473937917278717,-0.0039533137368876455,7209.45
69582,MCNICHOLS,2018-02-27,1.2,1.2,100,2026-04-08T03:01:31.58282+00:00,0.0,0.0,0.0,0.0,1.2,1.2,1.212,0.0,0.6734350297014745,4.504194102995762,-0.002605154813386523,0.001078527138800898,-0.003683681952187421,7214.45
69674,MCNICHOLS,2018-02-28,1.2,1.2,0,2026-04-08T03:01:33.916623+00:00,0.0,0.0,0.0,0.0,1.2,1.2,1.2107999999999999,0.0,0.6734350297014745,4.504194102995763,-0.002418171820534054,0.001012408105322694,-0.003430579925856748,7214.45
69766,MCNICHOLS,2018-03-01,1.2,1.2,0,2026-04-08T03:01:36.321302+00:00,0.0,0.0,0.0,0.0,1.2,1.2,1.2096,0.0,0.6734350297014745,4.504194102995763,-0.0022441176600880297,0.0009491698126149746,-0.0031932874727030043,7214.45
69858,MCNICHOLS,2018-03-02,1.2,1.2,9125,2026-04-08T03:01:38.625174+00:00,0.0,0.0,0.0,0.0,1.2,1.2,1.2084000000000001,0.0,0.6734350297014745,4.504194102995762,-0.0020821764499370232,0.0008888888182127849,-0.002971065268149808,7660.7
69950,MCNICHOLS,2018-03-05,1.2,1.2,0,2026-04-08T03:01:43.47208+00:00,0.0,0.0,0.0,0.0,1.2,1.2,1.2071999999999998,0.0,0.6734350297014745,4.504194102995762,-0.0019315709268850068,0.0008315954730118416,-0.0027631663998968483,7660.7
70042,MCNICHOLS,2018-03-06,1.2,1.2,0,2026-04-08T03:01:45.677681+00:00,0.0,0.0,0.0,0.0,1.2,1.2,1.206,0.0,0.6734350297014745,4.504194102995763,-0.001791562942420999,0.0007772827659806797,-0.0025688457084016786,4745.7
70134,MCNICHOLS,2018-03-08,1.2,1.2,100000,2026-04-08T03:01:48.923554+00:00,0.0,0.0,0.0,0.0,1.2,1.2,1.2048,0.0,0.6734350297014745,4.504194102995764,-0.0016614534053915886,0.000725913842408072,-0.0023873672477996606,9745.7
70226,MCNICHOLS,2018-03-09,1.26,1.26,545528,2026-04-08T03:01:51.131195+00:00,5.000000000000004,0.0,0.0,0.0,1.2120000000000002,1.2029999999999998,1.2048,1.1180339887498958,0.986382828923935,96.75435251496768,0.0032457429943364424,0.004506488193708883,-0.0012607451993724402,37022.1
70318,MCNICHOLS,2018-03-12,1.26,1.26,0,2026-04-08T03:01:55.382529+00:00,0.0,5.000000000000004,0.0,0.0,1.224,1.206,1.2047999999999999,1.1180339887498958,0.986382828923935,96.75435251496766,0.0070534240141311155,0.0066513353708028446,0.00040208864332827096,37022.1
70410,MCNICHOLS,2018-03-13,1.26,1.26,51794,2026-04-08T03:01:57.721961+00:00,0.0,0.0,0.0,0.0,1.236,1.209,1.2047999999999999,1.1180339887498958,0.986382828923935,96.75435251496768,0.00995626898389479,0.007643344272453214,0.002312924711441575,39561.8
70502,MCNICHOLS,2018-03-14,1.2,1.2,105822,2026-04-08T03:02:00.06799+00:00,-4.761904761904767,0.0,0.0,0.0,1.2360000000000002,1.209,1.2036,1.5840139302672143,1.1947348512155958,43.8491681865915,0.007330791179761986,0.004014293174656329,0.0033164980051056574,44852.9
70594,MCNICHOLS,2018-03-15,1.2,1.2,395,2026-04-08T03:02:02.587626+00:00,0.0,-4.761904761904767,0.0,0.0,1.236,1.209,1.2036,1.5840139302672143,0.986382828923935,43.8491681865915,0.005190251120344547,0.001499002492191111,0.003691248628153436,44763.85
70686,MCNICHOLS,2018-03-16,1.14,1.14,133400,2026-04-08T03:02:05.049003+00:00,-5.000000000000004,0.0,5.000000000000004,0.0,1.2120000000000002,1.206,1.2024,1.9404550485494352,1.2140522651411405,26.832890934556204,-0.0013322831270090596,-0.004018825404129997,0.002686542277120937,51433.85
70778,MCNICHOLS,2018-03-19,1.09,1.09,552500,2026-04-08T03:02:09.713694+00:00,-4.3859649122806825,-5.000000000000004,0.0,0.0,1.178,1.2005,1.2002,2.1487848364576294,1.3570583039953275,19.90183087175889,-0.010415952031608278,-0.010481995446983371,6.604341537509413e-05,79058.85
70870,MCNICHOLS,2018-03-20,1.01,1.01,11003000,2026-04-08T03:02:12.039098+00:00,-7.339449541284415,-4.3859649122806825,0.0,0.0,1.128,1.191,1.1964,2.6376660336528044,1.6923797448853544,13.77214274671449,-0.023795852717187538,-0.019089516906050104,-0.004706335811137432,626622.65
70962,MCNICHOLS,2018-03-21,1.01,1.01,238385,2026-04-08T03:02:14.26344+00:00,0.0,-7.339449541284415,-4.761904761904767,0.0,1.0899999999999999,1.1815,1.1926,2.6376660336528044,1.6923797448853544,13.772142746714488,-0.03400750308090705,-0.023440933815815697,-0.010566569265091356,638516.9
71054,MCNICHOLS,2018-03-22,0.98,0.98,100000,2026-04-08T03:02:16.655807+00:00,-2.970297029702973,0.0,0.0,0.0,1.046,1.1705,1.1882,2.67220259720536,1.7322312648310025,12.14527141479619,-0.0440136963507054,-0.026757701668491236,-0.017255994682214164,643516.9
71146,MCNICHOLS,2018-03-23,0.98,0.98,0,2026-04-08T03:02:19.005936+00:00,0.0,-2.970297029702973,-5.000000000000004,5.000000000000004,1.014,1.1595,1.1838,2.67220259720536,1.7322312648310025,12.145271414796188,-0.05135172587717762,-0.027276584955970767,-0.024075140921206856,643491.9
71238,MCNICHOLS,2018-03-26,0.98,0.98,3000,2026-04-08T03:02:23.356301+00:00,0.0,0.0,-4.3859649122806825,0.0,0.992,1.1484999999999999,1.1794,2.67220259720536,1.7322312648310025,12.145271414796186,-0.0565156894562977,-0.025952438828072674,-0.030563250628225028,642162.45
71330,MCNICHOLS,2018-03-27,0.98,0.98,0,2026-04-08T03:02:25.602463+00:00,0.0,0.0,-7.339449541284415,0.0,0.986,1.1375,1.1749999999999998,2.67220259720536,1.7322312648310025,12.145271414796186,-0.05991747642619161,-0.023483380638373262,-0.036434095787818345,642152.45
71422,MCNICHOLS,2018-03-28,0.98,0.98,50,2026-04-08T03:02:28.271075+00:00,0.0,0.0,0.0,-4.761904761904767,0.98,1.1265,1.1706,2.67220259720536,1.7322312648310025,12.145271414796188,-0.06189987389347418,-0.020372622484524663,-0.041527251408949514,642149.95
71514,MCNICHOLS,2018-03-29,0.98,0.98,5000,2026-04-08T03:02:31.326472+00:00,0.0,0.0,-2.970297029702973,0.0,0.98,1.1155,1.1662,2.67220259720536,1.7322312648310025,12.145271414796186,-0.06274762263401201,-0.01697629698005,-0.04577132565396201,642399.95
71606,MCNICHOLS,2018-04-03,0.98,0.98,20500,2026-04-08T03:02:37.862294+00:00,0.0,0.0,0.0,-5.000000000000004,0.98,1.1045,1.1618000000000002,2.67220259720536,1.7322312648310025,12.145271414796188,-0.06269674062008534,-0.013540331972898667,-0.04915640864718668,643424.95
71698,MCNICHOLS,2018-04-04,0.98,0.98,4200,2026-04-08T03:02:40.086392+00:00,0.0,0.0,0.0,-4.3859649122806825,0.98,1.0935000000000001,1.1574,2.67220259720536,1.7322312648310025,12.145271414796188,-0.06194238302376043,-0.010228779501259,-0.05171360352250143,643178.7
71790,MCNICHOLS,2018-04-05,0.98,0.98,3300,2026-04-08T03:02:42.518452+00:00,0.0,0.0,0.0,-7.339449541284415,0.98,1.0825,1.1529999999999998,2.67220259720536,1.7322312648310025,12.145271414796188,-0.06064546601212384,-0.007145489991697923,-0.053499976020425916,643343.7
71882,MCNICHOLS,2018-04-09,0.98,0.98,0,2026-04-08T03:02:48.00481+00:00,0.0,0.0,0.0,0.0,0.98,1.0715,1.1486,2.67220259720536,1.7322312648310025,12.145271414796186,-0.058938246518538184,-0.004350616398489812,-0.05458763012004837,643343.7
71974,MCNICHOLS,2018-04-10,0.98,0.98,0,2026-04-08T03:02:50.293549+00:00,0.0,0.0,0.0,-2.970297029702973,0.98,1.0605,1.1441999999999999,2.67220259720536,1.7322312648310025,12.145271414796188,-0.05692902045925008,-0.0018731122713613602,-0.05505590818788872,638343.7
72066,MCNICHOLS,2018-04-11,0.98,0.98,0,2026-04-08T03:02:52.723357+00:00,0.0,0.0,0.0,0.0,0.98,1.0465,1.1398000000000001,2.2906429753182707,1.7322312648310025,12.145271414796186,-0.05470607673235195,0.00027986516442941867,-0.05498594189678137,611067.3
72158,MCNICHOLS,2018-04-12,0.98,0.98,0,2026-04-08T03:02:54.976434+00:00,0.0,0.0,0.0,0.0,0.98,1.0325,1.1354,2.2906429753182707,1.7322312648310025,12.145271414796186,-0.052341023080424764,0.0021159350530852855,-0.05445695813351005,611067.3
72250,MCNICHOLS,2018-04-13,0.98,0.98,0,2026-04-08T03:02:57.419716+00:00,0.0,0.0,0.0,0.0,0.98,1.0185,1.131,2.2906429753182707,1.7322312648310025,12.145271414796186,-0.04989158192201537,0.0036523009691957417,-0.05354388289121111,608477.6
72343,MCNICHOLS,2018-04-16,0.98,0.98,0,2026-04-08T03:03:01.748445+00:00,0.0,0.0,0.0,0.0,0.98,1.0074999999999998,1.1266,2.146365590135944,1.7322312648310025,12.145271414796186,-0.04740393905520446,0.004911955068805325,-0.05231589412400978,603186.5
72436,MCNICHOLS,2018-04-17,0.98,0.98,200,2026-04-08T03:03:04.013915+00:00,0.0,0.0,0.0,0.0,0.98,0.9964999999999999,1.1222,2.146365590135944,1.7322312648310025,12.145271414796184,-0.04491471528143298,0.005920943074061449,-0.05083565835549443,603176.75
72529,MCNICHOLS,2018-04-18,0.98,0.98,0,2026-04-08T03:03:06.304604+00:00,0.0,0.0,0.0,0.0,0.98,0.9884999999999999,1.1178,1.9348422406179022,1.7322312648310025,12.145271414796186,-0.042452620127834906,0.006706430582127623,-0.04915905070996253,596506.75
72622,MCNICHOLS,2018-04-19,0.98,0.98,20100,2026-04-08T03:03:08.631091+00:00,0.0,0.0,0.0,0.0,0.98,0.983,1.1134,1.7377486992903846,1.7322312648310025,12.145271414796184,-0.040039837655610366,0.007295370443481733,-0.0473352080990921,569886.75
72715,MCNICHOLS,2018-04-20,0.98,0.98,0,2026-04-08T03:03:11.181142+00:00,0.0,0.0,0.0,0.0,0.98,0.9814999999999999,1.109,0.6641786071781577,1.7322312648310025,12.145271414796184,-0.037693186571609916,0.007713617221985755,-0.04540680379359567,19736.75
72808,MCNICHOLS,2018-04-23,0.98,0.98,0,2026-04-08T03:03:15.702548+00:00,0.0,0.0,0.0,0.0,0.98,0.98,1.1046,0.6641786071781577,1.7322312648310025,12.145271414796182,-0.03542509029130636,0.007985370801831454,-0.043410461093137814,7817.5
72901,MCNICHOLS,2018-04-24,0.98,0.98,0,2026-04-08T03:03:17.976864+00:00,0.0,0.0,0.0,0.0,0.98,0.98,1.1002,0.0,1.7322312648310025,12.145271414796184,-0.033244387048432356,0.008132859235764366,-0.04137724628419672,2817.5
72994,MCNICHOLS,2018-04-25,0.98,0.98,0,2026-04-08T03:03:20.281484+00:00,0.0,0.0,0.0,0.0,0.98,0.98,1.0957999999999999,0.0,1.7322312648310025,12.145271414796184,-0.031157005453036346,0.008176192664928299,-0.039333198117964645,2817.5
73087,MCNICHOLS,2018-04-26,0.98,0.98,0,2026-04-08T03:03:22.503544+00:00,0.0,0.0,0.0,0.0,0.98,0.98,1.0914,0.0,1.7322312648310025,12.145271414796188,-0.029166526932962067,0.008133336948002064,-0.03729986388096413,2667.5
73180,MCNICHOLS,2018-04-27,0.98,0.98,0,2026-04-08T03:03:24.801147+00:00,0.0,0.0,0.0,0.0,0.98,0.98,1.087,0.0,1.7322312648310025,12.145271414796186,-0.027274653141645122,0.008020168591455212,-0.035294821733100334,2667.5
73273,MCNICHOLS,2018-04-30,0.98,0.98,0,2026-04-08T03:03:29.288658+00:00,0.0,0.0,0.0,0.0,0.98,0.98,1.0826,0.0,1.7322312648310025,12.145271414796186,-0.025481593582731277,0.007850582520295246,-0.03333217610302652,2665.0
73366,MCNICHOLS,2018-05-02,0.98,0.98,0,2026-04-08T03:03:32.97882+00:00,0.0,0.0,0.0,0.0,0.98,0.98,1.0781999999999998,0.0,1.7322312648310025,12.145271414796188,-0.0237863863091351,0.007636631835113143,-0.03142301814424824,2415.0
73459,MCNICHOLS,2018-05-03,0.98,0.98,0,2026-04-08T03:03:35.46093+00:00,0.0,0.0,0.0,0.0,0.98,0.98,1.0737999999999999,0.0,1.7322312648310025,12.145271414796188,-0.0221871625328518,0.007388684489117156,-0.029575847021968957,1390.0
73552,MCNICHOLS,2018-05-04,0.98,0.98,2000,2026-04-08T03:03:38.142449+00:00,0.0,0.0,0.0,0.0,0.98,0.98,1.0694,0.0,1.7322312648310025,12.145271414796188,-0.02068136427470557,0.007115586197810709,-0.02779695047251628,1280.0
73645,MCNICHOLS,2018-05-07,0.98,0.98,0,2026-04-08T03:03:42.835383+00:00,0.0,0.0,0.0,0.0,0.98,0.98,1.065,0.0,1.7322312648310025,12.14527141479619,-0.019265922741688257,0.006824822184662422,-0.02609074492635068,1115.0
73738,MCNICHOLS,2018-05-08,0.98,0.98,0,2026-04-08T03:03:45.094212+00:00,0.0,0.0,0.0,0.0,0.98,0.98,1.0606,0.0,1.7322312648310025,12.145271414796191,-0.017937403902524407,0.006522672819061021,-0.024460076721585428,1115.0
73831,MCNICHOLS,2018-05-09,0.98,0.98,0,2026-04-08T03:03:47.354492+00:00,0.0,0.0,0.0,0.0,0.98,0.98,1.0561999999999998,0.0,1.7322312648310025,12.145271414796191,-0.0166921267048602,0.0062143600133801845,-0.022906486718240384,1115.0
73924,MCNICHOLS,2018-05-10,0.98,0.98,0,2026-04-08T03:03:49.581225+00:00,0.0,0.0,0.0,0.0,0.98,0.98,1.0518,0.0,1.7322312648310025,12.14527141479619,-0.015526258510623392,0.005904182566093593,-0.021430441076716985,1115.0
74017,MCNICHOLS,2018-05-11,0.98,0.98,1000,2026-04-08T03:03:51.923758+00:00,0.0,0.0,0.0,0.0,0.98,0.98,1.0473999999999999,0.0,1.7322312648310025,12.14527141479619,-0.014435891594789751,0.005595639585541788,-0.02003153118033154,1165.0
74110,MCNICHOLS,2018-05-14,0.98,0.98,490,2026-04-08T03:03:56.261604+00:00,0.0,0.0,0.0,0.0,0.98,0.98,1.043,0.0,1.7322312648310025,12.14527141479619,-0.013417103936005148,0.005291541795461114,-0.018708645731466262,1189.5
74203,MCNICHOLS,2018-05-15,0.98,0.98,0,2026-04-08T03:03:58.63318+00:00,0.0,0.0,0.0,0.0,0.98,0.98,1.0386,0.0,1.7322312648310025,12.14527141479619,-0.012466007007487234,0.004994110979183224,-0.017460117986670458,1189.5
74296,MCNICHOLS,2018-05-16,0.98,0.98,100,2026-04-08T03:04:02.494817+00:00,0.0,0.0,0.0,0.0,0.98,0.98,1.0341999999999998,0.0,1.7322312648310025,12.145271414796188,-0.011578782838335133,0.0047050681186682625,-0.016283850957003396,1184.5
74389,MCNICHOLS,2018-05-17,0.98,0.98,0,2026-04-08T03:04:04.853265+00:00,0.0,0.0,0.0,0.0,0.98,0.98,1.0298,0.0,1.7322312648310025,12.14527141479619,-0.010751712246112377,0.004425710968712814,-0.015177423214825191,1184.5
74482,MCNICHOLS,2018-05-18,0.98,0.98,100,2026-04-08T03:04:09.280828+00:00,0.0,0.0,0.0,0.0,0.98,0.98,1.0253999999999999,0.0,1.7322312648310025,12.14527141479619,-0.009981195830597533,0.004156981907382128,-0.014138177737979662,184.5
74575,MCNICHOLS,2018-05-21,0.98,0.98,0,2026-04-08T03:04:14.640212+00:00,0.0,0.0,0.0,0.0,0.98,0.98,1.0210000000000001,0.0,1.7322312648310025,12.145271414796191,-0.009263769056839788,0.003899526944911899,-0.013163296001751687,184.5
74668,MCNICHOLS,2018-05-22,0.98,0.98,0,2026-04-08T03:04:17.13602+00:00,0.0,0.0,0.0,0.0,0.98,0.98,1.0166,0.0,1.7322312648310025,12.145271414796191,-0.00859611253544168,0.003653746773048007,-0.012249859308489687,184.5
74761,MCNICHOLS,2018-05-24,0.98,0.98,0,2026-04-08T03:04:20.857799+00:00,0.0,0.0,0.0,0.0,0.98,0.98,1.0122,0.0,1.7322312648310025,12.145271414796191,-0.007975058422831305,0.0034198407085267064,-0.011394899131358011,184.5
74854,MCNICHOLS,2018-05-25,0.98,0.98,4700,2026-04-08T03:04:23.533051+00:00,0.0,0.0,0.0,0.0,0.98,0.98,1.0066,0.0,1.5494509188017784,12.14527141479619,-0.007397593708702521,0.003197844338124393,-0.010595438046826914,419.5
74947,MCNICHOLS,2018-05-28,0.98,0.98,2500,2026-04-08T03:04:28.151981+00:00,0.0,0.0,0.0,0.0,0.98,0.98,1.001,0.0,1.5494509188017784,12.145271414796188,-0.006860861027163434,0.002987661615730785,-0.009848522642894219,544.5
75040,MCNICHOLS,2018-05-31,0.98,0.98,0,2026-04-08T03:04:33.384321+00:00,0.0,0.0,0.0,0.0,0.98,0.98,0.9954000000000001,0.0,1.5494509188017784,12.14527141479619,-0.006362157518525535,0.002789092099494947,-0.009151249618020482,544.5
75133,MCNICHOLS,2018-06-01,0.98,0.98,0,2026-04-08T03:04:35.846588+00:00,0.0,0.0,0.0,0.0,0.98,0.98,0.991,0.0,1.4226193950025734,12.145271414796191,-0.00589893217678894,0.0026018539529852336,-0.008500786129774174,544.5
75226,MCNICHOLS,2018-06-04,0.98,0.98,4000,2026-04-08T03:04:40.216574+00:00,0.0,0.0,0.0,0.0,0.98,0.98,0.9865999999999999,0.0,1.4226193950025734,12.14527141479619,-0.0054687820409350385,0.002425603271071308,-0.007894385312006346,744.5
75319,MCNICHOLS,2018-06-05,0.98,0.98,1000,2026-04-08T03:04:42.57091+00:00,0.0,0.0,0.0,0.0,0.98,0.98,0.9834,0.0,1.2585024588325446,12.145271414796193,-0.005069447523773918,0.002259950230585943,-0.007329397754359861,794.5
75412,MCNICHOLS,2018-06-06,0.98,0.98,0,2026-04-08T03:04:44.928825+00:00,0.0,0.0,0.0,0.0,0.98,0.98,0.9812000000000001,0.0,1.1117587328795446,12.145271414796195,-0.0046988071183198254,0.002104472508832028,-0.006803279627151854,694.5
75505,MCNICHOLS,2018-06-07,0.98,0.98,320,2026-04-08T03:04:47.263813+00:00,0.0,0.0,0.0,0.0,0.98,0.98,0.9806,0.0,0.4200634343682467,12.145271414796191,-0.00435487167680082,0.001958726360280828,-0.006313598037081648,710.5
75598,MCNICHOLS,2018-06-08,0.98,0.98,0,2026-04-08T03:04:49.462509+00:00,0.0,0.0,0.0,0.0,0.98,0.98,0.98,0.0,0.4200634343682467,12.145271414796193,-0.0040357784200345526,0.0018222556936376769,-0.005858034113672229,710.5
75691,MCNICHOLS,2018-06-11,0.98,0.98,0,2026-04-08T03:04:53.988129+00:00,0.0,0.0,0.0,0.0,0.98,0.98,0.98,0.0,0.0,12.145271414796193,-0.003739784803821311,0.0016945994478807349,-0.005434384251702046,710.5
75784,MCNICHOLS,2018-06-12,0.98,0.98,0,2026-04-08T03:04:56.284057+00:00,0.0,0.0,0.0,0.0,0.98,0.98,0.98,0.0,0.0,12.145271414796193,-0.0034652623432118723,0.0015752975267921392,-0.0050405598700040116,710.5
75877,MCNICHOLS,2018-06-13,0.98,0.98,0,2026-04-08T03:04:58.638577+00:00,0.0,0.0,0.0,0.0,0.98,0.98,0.98,0.0,0.0,12.145271414796193,-0.003210690474150679,0.001463895516682667,-0.004674585990833346,660.5
75970,MCNICHOLS,2018-06-14,0.98,0.98,0,2026-04-08T03:05:00.901161+00:00,0.0,0.0,0.0,0.0,0.98,0.98,0.98,0.0,0.0,12.145271414796195,-0.0029746505143545265,0.0013599483811830553,-0.004334598895537582,636.0
76063,MCNICHOLS,2018-06-19,0.98,0.98,0,2026-04-08T03:05:07.639029+00:00,0.0,0.0,0.0,0.0,0.98,0.98,0.98,0.0,0.0,12.145271414796195,-0.0027558197707610033,0.0012630232998212627,-0.004018843070582266,636.0
76156,MCNICHOLS,2018-06-20,0.98,0.98,50,2026-04-08T03:05:09.924133+00:00,0.0,0.0,0.0,0.0,0.98,0.98,0.98,0.0,0.0,12.145271414796195,-0.0025529658289624724,0.0011727017932958352,-0.0037256676222583076,633.5
76249,MCNICHOLS,2018-06-21,0.98,0.98,500,2026-04-08T03:05:12.376626+00:00,0.0,0.0,0.0,0.0,0.98,0.98,0.98,0.0,0.0,12.145271414796195,-0.0023649410503002732,0.0010885812575664277,-0.003453522307866701,658.5
76342,MCNICHOLS,2018-06-22,0.98,0.98,5500,2026-04-08T03:05:14.680862+00:00,0.0,0.0,0.0,0.0,0.98,0.98,0.98,0.0,0.0,12.145271414796195,-0.002190677294364951,0.0010102760108013998,-0.003200953305166351,928.5
76436,MCNICHOLS,2018-06-25,0.98,0.98,0,2026-04-08T03:05:19.028214+00:00,0.0,0.0,0.0,0.0,0.98,0.98,0.98,0.0,0.0,12.145271414796195,-0.002029180878240444,0.0009374179415407259,-0.00296659881978117,928.5
76530,MCNICHOLS,2018-06-26,0.98,0.98,0,2026-04-08T03:05:21.361472+00:00,0.0,0.0,0.0,0.0,0.98,0.98,0.98,0.0,0.0,12.145271414796195,-0.001879527778675727,0.0008696568328843547,-0.0027491846115600817,928.5
76624,MCNICHOLS,2018-06-27,0.98,0.98,0,2026-04-08T03:05:23.730487+00:00,0.0,0.0,0.0,0.0,0.98,0.98,0.98,0.0,0.0,12.145271414796195,-0.0017408590792598044,0.0008066604258402219,-0.0025475195051000263,928.5
76718,MCNICHOLS,2018-06-28,0.98,0.98,167,2026-04-08T03:05:26.342484+00:00,0.0,0.0,0.0,0.0,0.98,0.98,0.98,0.0,0.0,12.145271414796193,-0.0016123766614353219,0.0007481142749317634,-0.0023604909363670852,701.85
76812,MCNICHOLS,2018-06-29,0.98,0.98,0,2026-04-08T03:05:28.786725+00:00,0.0,0.0,0.0,0.0,0.98,0.98,0.98,0.0,0.0,12.145271414796193,-0.0014933391356589665,0.0006937214405664952,-0.0021870605762254617,576.85
76906,MCNICHOLS,2018-07-02,0.9,0.9,11763625,2026-04-08T03:05:34.742081+00:00,-8.163265306122447,0.0,0.0,0.0,0.9640000000000001,0.976,0.9783999999999999,1.8253616142855422,1.1544600509168121,0.35132077362850905,-0.007764824388846736,-0.004462211050097019,-0.003302613338749717,588758.1
77000,MCNICHOLS,2018-07-03,0.9,0.9,0,2026-04-08T03:05:37.830893+00:00,0.0,-8.163265306122447,0.0,0.0,0.9480000000000001,0.9719999999999999,0.9768000000000001,1.8253616142855422,1.1544600509168121,0.35132077362850905,-0.012589893183921452,-0.007429823876137388,-0.0051600693077840645,588758.1
77094,MCNICHOLS,2018-07-04,0.81,0.81,101001,2026-04-08T03:05:40.225299+00:00,-9.999999999999998,0.0,0.0,0.0,0.914,0.9635,0.9733999999999999,2.811102893968775,1.8072462778228942,0.1549721963782079,-0.023406230351755708,-0.014596928835177315,-0.008809301516578393,593608.15
77188,MCNICHOLS,2018-07-05,0.81,0.81,0,2026-04-08T03:05:42.479897+00:00,0.0,-9.999999999999998,0.0,0.0,0.8800000000000001,0.9550000000000001,0.97,2.811102893968775,1.8072462778228942,0.1549721963782079,-0.031613830920836694,-0.01824362352340664,-0.013370207397430053,593558.15
77282,MCNICHOLS,2018-07-06,0.81,0.81,0,2026-04-08T03:05:44.93013+00:00,0.0,0.0,0.0,0.0,0.8460000000000001,0.9465,0.9666000000000001,2.811102893968775,1.8072462778228942,0.1549721963782079,-0.037684015629708245,-0.019451046585822553,-0.018232969043885692,593558.15
77376,MCNICHOLS,2018-07-09,0.81,0.81,0,2026-04-08T03:05:49.395513+00:00,0.0,0.0,-8.163265306122447,0.0,0.8280000000000001,0.9380000000000001,0.9632,2.811102893968775,1.8072462778228942,0.15497219637820792,-0.04201041087877044,-0.0190219534679078,-0.022988457410862643,593542.15
77470,MCNICHOLS,2018-07-10,0.81,0.81,0,2026-04-08T03:05:51.797285+00:00,0.0,0.0,0.0,0.0,0.81,0.9295,0.9598,2.811102893968775,1.8072462778228942,0.1549721963782079,-0.04492128566502984,-0.017546262603333758,-0.027375023061696084,593542.15
77564,MCNICHOLS,2018-07-11,0.89,0.89,100000,2026-04-08T03:05:54.14171+00:00,9.876543209876543,0.0,-9.999999999999998,0.0,0.8260000000000002,0.925,0.958,3.704559907662023,2.3159236310269016,41.9372674370663,-0.04030819570366584,-0.010346538113575804,-0.029961657590090035,598542.15
77658,MCNICHOLS,2018-07-12,0.81,0.81,100002,2026-04-08T03:05:56.629461+00:00,-8.98876404494382,9.876543209876543,0.0,0.0,0.826,0.9164999999999999,0.9546000000000001,4.167927442921177,2.6303334034893706,28.909063302551125,-0.042616365156116665,-0.010123766052821302,-0.03249259910329536,603542.25
77752,MCNICHOLS,2018-07-13,0.73,0.73,155050,2026-04-08T03:05:59.112955+00:00,-9.876543209876553,-8.98876404494382,0.0,0.0,0.8100000000000002,0.9040000000000001,0.9495999999999999,4.620704868608571,2.9547068541680357,21.661929908146,-0.05032086982506101,-0.014262616577412512,-0.0360582532476485,611294.75
77847,MCNICHOLS,2018-07-16,0.73,0.73,0,2026-04-08T03:06:03.612411+00:00,0.0,-9.876543209876553,0.0,-8.163265306122447,0.7939999999999999,0.8915000000000001,0.9445999999999999,4.620704868608571,2.9547068541680357,21.661929908146,-0.05578370545087141,-0.015780361762578327,-0.040003343688293086,611294.75
77942,MCNICHOLS,2018-07-17,0.66,0.66,100000,2026-04-08T03:06:06.031894+00:00,-9.589041095890405,0.0,0.0,0.0,0.764,0.8755000000000001,0.9382,4.957627761053495,3.2181899306396287,17.268817992952815,-0.06501203871381833,-0.0200069560204202,-0.04500508269339813,616294.75
78037,MCNICHOLS,2018-07-18,0.72,0.72,130000,2026-04-08T03:06:08.398083+00:00,9.090909090909083,-9.589041095890405,9.876543209876543,-9.999999999999998,0.7300000000000001,0.8625,0.9329999999999999,5.51980528429462,3.504611247603076,30.314212745168856,-0.06671501162679605,-0.01736794314671833,-0.04934706848007772,622792.25
78132,MCNICHOLS,2018-07-19,0.72,0.72,1000,2026-04-08T03:06:10.625391+00:00,0.0,9.090909090909083,-8.98876404494382,0.0,0.712,0.8495000000000001,0.9278,5.51980528429462,3.504611247603076,30.314212745168856,-0.06728896463124534,-0.014353516920934097,-0.052935447710311244,622817.25
78227,MCNICHOLS,2018-07-20,0.72,0.72,0,2026-04-08T03:06:13.100822+00:00,0.0,0.0,-9.876543209876553,0.0,0.71,0.8365,0.9225999999999999,5.51980528429462,3.504611247603076,30.314212745168856,-0.06697181710332112,-0.011229095514407893,-0.055742721588913226,622542.25
78322,MCNICHOLS,2018-07-23,0.72,0.72,3,2026-04-08T03:06:17.450644+00:00,0.0,0.0,0.0,0.0,0.708,0.8234999999999999,0.9174000000000001,5.51980528429462,3.504611247603076,30.314212745168856,-0.06596012810448215,-0.008173925212455135,-0.05778620289202702,622542.4
78417,MCNICHOLS,2018-07-24,0.72,0.72,3000,2026-04-08T03:06:19.846153+00:00,0.0,0.0,-9.589041095890405,0.0,0.72,0.8105,0.9122,5.51980528429462,3.504611247603076,30.31421274516886,-0.06441581190192192,-0.005303687207915922,-0.059112124694005994,622692.4
78512,MCNICHOLS,2018-07-25,0.72,0.72,0,2026-04-08T03:06:22.17218+00:00,0.0,0.0,9.090909090909083,9.876543209876543,0.72,0.7975,0.907,5.51980528429462,3.504611247603076,30.314212745168856,-0.062471794228669,-0.002687735627730399,-0.0597840586009386,622692.4
78607,MCNICHOLS,2018-07-26,0.72,0.72,33100,2026-04-08T03:06:24.338643+00:00,0.0,0.0,0.0,-8.98876404494382,0.72,0.7845,0.9017999999999999,5.51980528429462,3.504611247603076,30.314212745168852,-0.06023677418006723,-0.00036217246330290387,-0.05987460171676433,624339.05
78702,MCNICHOLS,2018-07-27,0.72,0.72,0,2026-04-08T03:06:26.70773+00:00,0.0,0.0,0.0,-9.876543209876553,0.72,0.7715000000000001,0.8966,5.51980528429462,3.504611247603076,30.314212745168852,-0.05779923113138985,0.0016602964682995852,-0.059459527599689435,624339.05
78797,MCNICHOLS,2018-07-30,0.72,0.72,1000,2026-04-08T03:06:31.357035+00:00,0.0,0.0,0.0,0.0,0.72,0.7625,0.8914,5.289002850819757,3.504611247603076,30.314212745168852,-0.05523079448491752,0.0033829864918175356,-0.05861378097673506,36207.8
78892,MCNICHOLS,2018-07-31,0.72,0.72,0,2026-04-08T03:06:33.766078+00:00,0.0,0.0,0.0,-9.589041095890405,0.72,0.7535000000000001,0.8862000000000001,5.289002850819757,3.504611247603076,30.314212745168852,-0.05258907580765382,0.004819764135264998,-0.057408839942918816,36207.8
78987,MCNICHOLS,2018-08-01,0.72,0.72,60000,2026-04-08T03:06:36.22345+00:00,0.0,0.0,0.0,9.090909090909083,0.72,0.749,0.8810000000000001,4.844879923630371,3.504611247603076,30.31421274516885,-0.04992004749005219,0.005991033962293307,-0.055911081452345496,34157.75
79082,MCNICHOLS,2018-08-02,0.72,0.72,0,2026-04-08T03:06:38.596191+00:00,0.0,0.0,0.0,0.0,0.72,0.7444999999999999,0.8758,4.844879923630371,3.504611247603076,30.314212745168852,-0.04726003900771425,0.0069208339557050025,-0.05418087296341925,34157.75
79177,MCNICHOLS,2018-08-03,0.72,0.72,2500,2026-04-08T03:06:41.315743+00:00,0.0,0.0,0.0,0.0,0.72,0.74,0.8706,4.844879923630371,3.504611247603076,30.31421274516885,-0.044637410834854396,0.007634769702851887,-0.052272180537706284,34282.75
79272,MCNICHOLS,2018-08-06,0.72,0.72,6100,2026-04-08T03:06:46.359416+00:00,0.0,0.0,0.0,0.0,0.72,0.7355,0.8654,4.844879923630371,3.504611247603076,30.31421274516885,-0.04207395672979497,0.008158579046329058,-0.05023253577612403,34587.75
79367,MCNICHOLS,2018-08-07,0.72,0.72,0,2026-04-08T03:06:48.623378+00:00,0.0,0.0,0.0,0.0,0.72,0.731,0.8602,4.844879923630371,3.504611247603076,30.31421274516885,-0.03958607722606122,0.008517166840050251,-0.048103244066111474,34587.75
79462,MCNICHOLS,2018-08-08,0.72,0.72,0,2026-04-08T03:06:51.110249+00:00,0.0,0.0,0.0,0.0,0.72,0.7224999999999999,0.855,4.193925325438162,3.504611247603076,30.314212745168852,-0.037185760495488496,0.008733986856498385,-0.04591974735198688,29587.75
79557,MCNICHOLS,2018-08-09,0.72,0.72,0,2026-04-08T03:06:53.45187+00:00,0.0,0.0,0.0,0.0,0.72,0.718,0.8498,3.7469900111093923,3.504611247603076,30.314212745168852,-0.03488140111403715,0.00883067699035979,-0.04371207810439694,24587.65
79652,MCNICHOLS,2018-08-10,0.72,0.72,0,2026-04-08T03:06:56.254972+00:00,0.0,0.0,0.0,0.0,0.72,0.7175,0.8446000000000001,3.03125760303445,3.504611247603076,30.314212745168852,-0.03267848249764038,0.008826876485405248,-0.04150535898304563,16835.15
79747,MCNICHOLS,2018-08-13,0.72,0.72,5,2026-04-08T03:07:00.870215+00:00,0.0,0.0,0.0,0.0,0.72,0.717,0.8393999999999999,3.03125760303445,3.504611247603076,30.31421274516885,-0.030580144749778104,0.008740171386614023,-0.03932031613639213,16835.4
79842,MCNICHOLS,2018-08-14,0.72,0.72,0,2026-04-08T03:07:03.258394+00:00,0.0,0.0,0.0,0.0,0.72,0.72,0.8342,2.032789070454351,3.504611247603076,30.314212745168852,-0.02858765626071469,0.008586127900541952,-0.03717378416125664,11835.4
79937,MCNICHOLS,2018-08-15,0.72,0.72,500,2026-04-08T03:07:05.636903+00:00,0.0,0.0,0.0,0.0,0.72,0.72,0.829,0.0,3.504611247603076,30.31421274516885,-0.026700804524146804,0.008378383709687867,-0.03507918823383467,5360.4
80032,MCNICHOLS,2018-08-16,0.72,0.72,0,2026-04-08T03:07:07.96787+00:00,0.0,0.0,0.0,0.0,0.72,0.72,0.8238,0.0,3.504611247603076,30.314212745168856,-0.02491821920889692,0.008128775219950202,-0.03304699442884712,5310.4
80127,MCNICHOLS,2018-08-17,0.72,0.72,0,2026-04-08T03:07:10.276143+00:00,0.0,0.0,0.0,0.0,0.72,0.72,0.8186,0.0,3.504611247603076,30.314212745168852,-0.023237638472346167,0.007847484765200766,-0.031085123237546933,5310.4
80222,MCNICHOLS,2018-08-20,0.72,0.72,0,2026-04-08T03:07:14.92421+00:00,0.0,0.0,0.0,0.0,0.72,0.72,0.8134,0.0,3.504611247603076,30.314212745168856,-0.02165612777023551,0.007543196373849141,-0.029199324144084653,5310.25
80317,MCNICHOLS,2018-08-24,0.72,0.72,0,2026-04-08T03:07:20.612873+00:00,0.0,0.0,0.0,0.0,0.72,0.72,0.8082,0.0,3.504611247603076,30.314212745168856,-0.02017025895496094,0.007223252151298973,-0.027393511106259913,5160.25
80412,MCNICHOLS,2018-08-27,0.72,0.72,0,2026-04-08T03:07:24.735515+00:00,0.0,0.0,0.0,0.0,0.72,0.72,0.8029999999999999,0.0,3.504611247603076,30.314212745168856,-0.018776256219860232,0.006893803909119749,-0.02567006012897998,5160.25
80507,MCNICHOLS,2018-08-28,0.72,0.72,0,2026-04-08T03:07:26.964049+00:00,0.0,0.0,0.0,0.0,0.72,0.72,0.7978000000000001,0.0,3.504611247603076,30.31421274516886,-0.01747011440495383,0.006559956579220923,-0.024030070984174753,3505.25
80602,MCNICHOLS,2018-08-29,0.72,0.72,0,2026-04-08T03:07:29.382314+00:00,0.0,0.0,0.0,0.0,0.72,0.72,0.7925999999999999,0.0,3.504611247603076,30.314212745168852,-0.01624769430034112,0.006225901347066909,-0.02247359564740803,3505.25
80697,MCNICHOLS,2018-08-30,0.72,0.72,0,2026-04-08T03:07:31.753519+00:00,0.0,0.0,0.0,0.0,0.72,0.72,0.7874,0.0,3.504611247603076,30.314212745168856,-0.015104798841737543,0.005895037444536393,-0.020999836286273936,3455.25
80792,MCNICHOLS,2018-08-31,0.72,0.72,0,2026-04-08T03:07:34.108038+00:00,0.0,0.0,0.0,0.0,0.72,0.72,0.7822,0.0,3.504611247603076,30.314212745168856,-0.014037233467142363,0.00557008225530526,-0.019607315722447623,3455.25
80887,MCNICHOLS,2018-09-03,0.72,0.72,0,2026-04-08T03:07:38.483999+00:00,0.0,0.0,0.0,0.0,0.72,0.72,0.777,0.0,3.504611247603076,30.314212745168852,-0.013040853376309669,0.005253169876910362,-0.01829402325322003,455.25
80982,MCNICHOLS,2018-09-05,0.72,0.72,0,2026-04-08T03:07:41.733647+00:00,0.0,0.0,0.0,0.0,0.72,0.72,0.7718,0.0,3.504611247603076,30.314212745168856,-0.012111599990314748,0.004945938610324229,-0.017057538600638977,455.25
81077,MCNICHOLS,2018-09-06,0.72,0.72,0,2026-04-08T03:07:44.232746+00:00,0.0,0.0,0.0,0.0,0.72,0.72,0.7666,0.0,3.504611247603076,30.314212745168856,-0.011245528534161275,0.00464960805318216,-0.015895136587343435,330.25
81172,MCNICHOLS,2018-09-07,0.72,0.72,0,2026-04-08T03:07:46.695234+00:00,0.0,0.0,0.0,0.0,0.72,0.72,0.7614,0.0,3.504611247603076,30.314212745168856,-0.010438828350175955,0.004365046589733985,-0.01480387493990994,25.25
81267,MCNICHOLS,2018-09-10,0.72,0.72,0,2026-04-08T03:07:51.133138+00:00,0.0,0.0,0.0,0.0,0.72,0.72,0.7561999999999999,0.0,3.504611247603076,30.314212745168856,-0.009687837284658385,0.004092830124201245,-0.01378066740885963,25.25
81369,MCNICHOLS,2018-09-11,0.72,0.72,0,2026-04-08T03:07:53.572062+00:00,0.0,0.0,0.0,0.0,0.72,0.72,0.7510000000000001,0.0,3.504611247603076,30.314212745168852,-0.008989051267120018,0.0038332929133916907,-0.01282234418051171,25.25
81471,MCNICHOLS,2018-09-12,0.72,0.72,0,2026-04-08T03:07:56.190409+00:00,0.0,0.0,0.0,0.0,0.72,0.72,0.7458,0.0,3.504611247603076,30.31421274516886,-0.008339130013867768,0.0035865713333151535,-0.011925701347182922,25.25
81573,MCNICHOLS,2018-09-13,0.72,0.72,0,2026-04-08T03:07:58.529226+00:00,0.0,0.0,0.0,0.0,0.72,0.72,0.7406,0.0,3.504611247603076,30.31421274516886,-0.007734899630107539,0.0033526413736603075,-0.011087541003767847,25.25
81675,MCNICHOLS,2018-09-14,0.72,0.72,0,2026-04-08T03:08:00.944137+00:00,0.0,0.0,0.0,0.0,0.72,0.72,0.737,0.0,3.328570341794515,30.314212745168856,-0.00717335275245945,0.003131350601046719,-0.010304703353506169,25.0
81777,MCNICHOLS,2018-09-17,0.72,0.72,10,2026-04-08T03:08:05.572353+00:00,0.0,0.0,0.0,0.0,0.72,0.72,0.7333999999999999,0.0,3.328570341794515,30.314212745168856,-0.006651646762821151,0.0029224452725480146,-0.009574092035369165,25.5
81879,MCNICHOLS,2018-09-18,0.72,0.72,0,2026-04-08T03:08:07.840784+00:00,0.0,0.0,0.0,0.0,0.72,0.72,0.7315999999999999,0.0,3.026024548753892,30.31421274516886,-0.006167100511533907,0.0027255932190682064,-0.008892693730602114,0.5
81981,MCNICHOLS,2018-09-19,0.72,0.72,0,2026-04-08T03:08:10.07554+00:00,0.0,0.0,0.0,0.0,0.72,0.72,0.7297999999999999,0.0,3.026024548753892,30.314212745168856,-0.0057171899099666135,0.0025404030565084005,-0.008257592966475014,0.5
82083,MCNICHOLS,2018-09-20,0.72,0.72,0,2026-04-08T03:08:12.389642+00:00,0.0,0.0,0.0,0.0,0.72,0.72,0.728,0.0,3.026024548753892,30.314212745168852,-0.005299542687542513,0.002366440223146001,-0.007665982910688514,0.5
82185,MCNICHOLS,2018-09-21,0.72,0.72,0,2026-04-08T03:08:14.761127+00:00,0.0,0.0,0.0,0.0,0.72,0.72,0.7262000000000001,0.0,3.026024548753892,30.31421274516886,-0.004911932553876341,0.002203240285449739,-0.00711517283932608,0.5
82287,MCNICHOLS,2018-09-24,0.72,0.72,500,2026-04-08T03:08:19.182113+00:00,0.0,0.0,0.0,0.0,0.72,0.72,0.7243999999999999,0.0,3.026024548753892,30.314212745168863,-0.004552272961358739,0.0020503199023738736,-0.006602592863732612,25.5
82389,MCNICHOLS,2018-09-25,0.72,0.72,0,2026-04-08T03:08:21.370615+00:00,0.0,0.0,0.0,0.0,0.72,0.72,0.721,0.0,2.655143127971583,30.314212745168863,-0.004218610625781105,0.0019071857903612066,-0.006125796416142312,25.5
82491,MCNICHOLS,2018-09-26,0.72,0.72,0,2026-04-08T03:08:24.494451+00:00,0.0,0.0,0.0,0.0,0.72,0.72,0.7191999999999998,0.0,2.3473292044021896,30.314212745168856,-0.003909118931231248,0.001773341987928851,-0.005682460919160099,25.5
82593,MCNICHOLS,2018-09-27,0.72,0.72,10,2026-04-08T03:08:26.812803+00:00,0.0,0.0,0.0,0.0,0.72,0.72,0.7189999999999999,0.0,1.8876038937643407,30.314212745168856,-0.003622091319475884,0.0016482956797473722,-0.005270386999223256,26.0
82695,MCNICHOLS,2018-09-28,0.72,0.72,0,2026-04-08T03:08:29.283021+00:00,0.0,0.0,0.0,0.0,0.72,0.72,0.7188000000000001,0.0,1.8876038937643407,30.314212745168856,-0.003355934742522604,0.001531561805360522,-0.004887496547883126,26.0
82797,MCNICHOLS,2018-10-02,0.72,0.72,0,2026-04-08T03:08:34.887787+00:00,0.0,0.0,0.0,0.0,0.72,0.72,0.72,0.0,1.2856486930664486,30.314212745168863,-0.003109163239296775,0.0014226666468690804,-0.004531829886165855,26.0
82899,MCNICHOLS,2018-10-04,0.72,0.72,0,2026-04-08T03:08:38.279141+00:00,0.0,0.0,0.0,0.0,0.72,0.72,0.72,0.0,0.0,30.31421274516886,-0.0028803916827603304,0.0013211505627244201,-0.0042015422454847505,26.0
83001,MCNICHOLS,2018-10-05,0.72,0.72,0,2026-04-08T03:08:40.455926+00:00,0.0,0.0,0.0,0.0,0.72,0.72,0.72,0.0,0.0,30.314212745168863,-0.0026683297318242927,0.0012265700109283665,-0.003894899742752659,26.0
83103,MCNICHOLS,2018-10-08,0.72,0.72,6500,2026-04-08T03:08:45.286665+00:00,0.0,0.0,0.0,0.0,0.72,0.72,0.72,0.0,0.0,30.314212745168863,-0.002471776012637039,0.0011384989840924962,-0.0036102749967295354,351.0
83205,MCNICHOLS,2018-10-09,0.72,0.72,0,2026-04-08T03:08:47.584215+00:00,0.0,0.0,0.0,0.0,0.72,0.72,0.72,0.0,0.0,30.314212745168863,-0.002289612545893327,0.0010565299606689667,-0.0033461425065622937,351.0
83307,MCNICHOLS,2018-10-10,0.65,0.65,110200,2026-04-08T03:08:50.198924+00:00,-9.722222222222221,0.0,0.0,0.0,0.706,0.7164999999999999,0.7186,2.1739549781247955,1.3749298523071756,2.740257520293956,-0.007704845014445794,-0.0034869620063067994,-0.004217883008138994,5861.0
83409,MCNICHOLS,2018-10-11,0.59,0.59,102990,2026-04-08T03:08:52.595743+00:00,-9.230769230769242,-9.722222222222221,0.0,0.0,0.6799999999999999,0.71,0.716,2.9178931772150927,1.8765164633809326,1.489565669587416,-0.016646068800184155,-0.009942548633636129,-0.006703520166548026,11010.5
83511,MCNICHOLS,2018-10-12,0.59,0.59,50050,2026-04-08T03:08:54.923298+00:00,0.0,-9.230769230769242,0.0,0.0,0.654,0.7034999999999999,0.7134,2.9178931772150927,1.8765164633809326,1.4895656695874158,-0.02346160232120209,-0.01340646572372325,-0.01005513659747884,13513.0
83613,MCNICHOLS,2018-10-15,0.59,0.59,0,2026-04-08T03:08:59.688494+00:00,0.0,0.0,0.0,0.0,0.6279999999999999,0.6969999999999998,0.7108,2.9178931772150927,1.8765164633809326,1.489565669587416,-0.028534039098965902,-0.014783122001189648,-0.013750917097776254,13513.0
83715,MCNICHOLS,2018-10-16,0.59,0.59,0,2026-04-08T03:09:01.98694+00:00,0.0,0.0,0.0,0.0,0.602,0.6905,0.7082,2.9178931772150927,1.8765164633809326,1.489565669587416,-0.032182996242809736,-0.014745663316026784,-0.017437332926782952,13513.0
83817,MCNICHOLS,2018-10-17,0.59,0.59,2010,2026-04-08T03:09:04.302348+00:00,0.0,0.0,-9.722222222222221,0.0,0.59,0.6839999999999999,0.7055999999999999,2.9178931772150927,1.8765164633809326,1.4895656695874162,-0.034675108008011546,-0.013790220064982872,-0.020884887943028674,13613.0
83919,MCNICHOLS,2018-10-18,0.59,0.59,0,2026-04-08T03:09:06.644992+00:00,0.0,0.0,-9.230769230769242,0.0,0.59,0.6775,0.703,2.9178931772150927,1.8765164633809326,1.489565669587416,-0.03623245929974506,-0.012278057085373106,-0.02395440221437195,13613.0
84021,MCNICHOLS,2018-10-19,0.59,0.59,100000,2026-04-08T03:09:09.038287+00:00,0.0,0.0,0.0,0.0,0.59,0.671,0.7003999999999999,2.9178931772150927,1.8765164633809326,1.489565669587416,-0.037039700804097464,-0.01046823887178041,-0.026571461932317054,18613.0
84123,MCNICHOLS,2018-10-22,0.54,0.54,100000,2026-04-08T03:09:13.967+00:00,-8.474576271186429,0.0,0.0,0.0,0.58,0.6619999999999999,0.6968,3.3555419590732805,2.1969446273239766,0.9088506967221811,-0.041238654110309914,-0.011733753742394284,-0.02950490036791563,23613.0
84225,MCNICHOLS,2018-10-23,0.5,0.5,110000,2026-04-08T03:09:16.194722+00:00,-7.407407407407418,-8.474576271186429,0.0,0.0,0.562,0.651,0.6923999999999999,3.5963655512383887,2.3996059334522153,0.6803409803737668,-0.04724935936035868,-0.014195567193954442,-0.033053792166404236,29113.0
84327,MCNICHOLS,2018-10-24,0.45,0.45,290000,2026-04-08T03:09:18.448083+00:00,-9.999999999999998,-7.407407407407418,0.0,-9.722222222222221,0.534,0.6375,0.687,4.012533543083042,2.7338144582117803,0.5083014726880994,-0.05540875111626187,-0.017883967159886105,-0.03752478395637576,43588.0
84429,MCNICHOLS,2018-10-25,0.41,0.41,121000,2026-04-08T03:09:20.631413+00:00,-8.888888888888902,-9.999999999999998,0.0,-9.230769230769242,0.49799999999999994,0.6220000000000001,0.6808,4.237157068377647,2.954429767759892,0.4173728823110745,-0.06436088139662743,-0.021468877952201336,-0.0428920034444261,49638.0
84531,MCNICHOLS,2018-10-26,0.41,0.41,11500,2026-04-08T03:09:23.109094+00:00,0.0,-8.888888888888902,0.0,0.0,0.462,0.6064999999999999,0.6746,4.237157068377647,2.954429767759892,0.41737288231107444,-0.0706412013439609,-0.02219935831962784,-0.04844184302433306,50213.0
84633,MCNICHOLS,2018-10-29,0.41,0.41,0,2026-04-08T03:09:27.901396+00:00,0.0,0.0,-8.474576271186429,0.0,0.43599999999999994,0.591,0.6683999999999999,4.237157068377647,2.954429767759892,0.4173728823110745,-0.07475665199963277,-0.021051847180239766,-0.05370480481939301,50212.5
84735,MCNICHOLS,2018-10-30,0.41,0.41,16000,2026-04-08T03:09:30.377337+00:00,0.0,0.0,-7.407407407407418,0.0,0.418,0.5755,0.6622,4.237157068377647,2.954429767759892,0.4173728823110745,-0.07712908026832577,-0.018739420359146206,-0.05838965990917956,51012.5
84837,MCNICHOLS,2018-10-31,0.41,0.41,7000,2026-04-08T03:09:32.658485+00:00,0.0,0.0,-9.999999999999998,0.0,0.41,0.5599999999999999,0.6559999999999999,4.237157068377647,2.954429767759892,0.4173728823110744,-0.07810885648717836,-0.01577535726239903,-0.06233349922477933,51362.5
84939,MCNICHOLS,2018-11-01,0.41,0.41,0,2026-04-08T03:09:35.048509+00:00,0.0,0.0,-8.888888888888902,0.0,0.41,0.5445,0.6498,4.237157068377647,2.954429767759892,0.4173728823110745,-0.0779863580092176,-0.012522287027550622,-0.06546407098166698,51362.5
85041,MCNICHOLS,2018-11-02,0.41,0.41,5250,2026-04-08T03:09:37.41202+00:00,0.0,0.0,0.0,0.0,0.41,0.529,0.6436,4.237157068377647,2.954429767759892,0.41737288231107444,-0.07700164999361625,-0.009230063209559408,-0.06777158678405684,51625.0
85143,MCNICHOLS,2018-11-05,0.45,0.45,100118,2026-04-08T03:09:41.998643+00:00,9.756097560975618,0.0,0.0,-8.474576271186429,0.418,0.5155,0.6382,5.046897921297245,3.325680315716927,23.428546337658837,-0.0721617602378759,-0.003512138763055256,-0.06864962147482065,56305.9
85245,MCNICHOLS,2018-11-06,0.45,0.45,0,2026-04-08T03:09:44.485046+00:00,0.0,9.756097560975618,0.0,-7.407407407407418,0.426,0.502,0.6328,5.046897921297245,3.325680315716927,23.428546337658837,-0.06754746757753383,0.0008817231178294693,-0.0684291906953633,56305.9
85347,MCNICHOLS,2018-11-08,0.45,0.45,0,2026-04-08T03:09:47.843283+00:00,0.0,0.0,0.0,-9.999999999999998,0.434,0.492,0.6274,4.743145460668317,3.325680315716927,23.42854633765884,-0.06316250931000045,0.004213345108290287,-0.06737585441829073,50795.9
85449,MCNICHOLS,2018-11-09,0.45,0.45,5000,2026-04-08T03:09:50.169754+00:00,0.0,0.0,0.0,-8.888888888888902,0.442,0.48500000000000004,0.622,4.410483708658201,3.325680315716927,23.428546337658837,-0.059007200019938644,0.0066949235186816725,-0.06570212353862032,45896.4
85551,MCNICHOLS,2018-11-12,0.45,0.45,0,2026-04-08T03:09:54.975549+00:00,0.0,0.0,0.0,0.0,0.45,0.47800000000000004,0.6166,4.410483708658201,3.325680315716927,23.42854633765884,-0.05507916909444943,0.008498363555336716,-0.06357753264978615,43393.9
85653,MCNICHOLS,2018-11-13,0.45,0.45,0,2026-04-08T03:09:57.558923+00:00,0.0,0.0,9.756097560975618,0.0,0.45,0.4709999999999999,0.6112,4.410483708658201,3.325680315716927,23.428546337658844,-0.051373969148901466,0.009762850800707754,-0.06113681994960922,43393.9
85755,MCNICHOLS,2018-11-14,0.45,0.45,0,2026-04-08T03:09:59.910116+00:00,0.0,0.0,0.0,0.0,0.45,0.46399999999999997,0.6058,4.410483708658201,3.325680315716927,23.42854633765884,-0.04788557638074953,0.010600994855087753,-0.05848657123583728,43393.9
85857,MCNICHOLS,2018-11-15,0.45,0.45,0,2026-04-08T03:10:02.252366+00:00,0.0,0.0,0.0,0.0,0.45,0.45699999999999996,0.6004,4.410483708658201,3.325680315716927,23.42854633765884,-0.04460680054951088,0.011103816549061118,-0.055710617098572,43293.4
85959,MCNICHOLS,2018-11-16,0.45,0.45,0,2026-04-08T03:10:04.527169+00:00,0.0,0.0,0.0,0.0,0.45,0.45,0.595,4.410483708658201,3.325680315716927,23.42854633765884,-0.041529619478887836,0.011344798095747337,-0.05287441757463517,43293.4
86061,MCNICHOLS,2018-11-19,0.45,0.45,0,2026-04-08T03:10:09.122468+00:00,0.0,0.0,0.0,0.0,0.45,0.44299999999999995,0.5896,4.410483708658201,3.325680315716927,23.42854633765884,-0.03864545061183122,0.011383173570243162,-0.050028624182074384,38293.4
86163,MCNICHOLS,2018-11-21,0.45,0.45,0,2026-04-08T03:10:12.622729+00:00,0.0,0.0,0.0,9.756097560975618,0.45,0.4385,0.5842,4.074210037007536,3.325680315716927,23.428546337658837,-0.03594537015346111,0.011266603222890623,-0.04721197337635173,33293.4
86265,MCNICHOLS,2018-11-22,0.45,0.45,0,2026-04-08T03:10:14.989948+00:00,0.0,0.0,0.0,0.0,0.45,0.43600000000000005,0.5788,3.76984846426098,3.325680315716927,23.42854633765884,-0.03342028865298924,0.011033347778689993,-0.04445363643167923,27793.4
86367,MCNICHOLS,2018-11-23,0.45,0.45,0,2026-04-08T03:10:17.221139+00:00,0.0,0.0,0.0,0.0,0.45,0.43599999999999994,0.5733999999999999,3.027559228454845,3.325680315716927,23.428546337658837,-0.03106109045571942,0.01071403678076785,-0.04177512723648727,13293.4
86469,MCNICHOLS,2018-11-26,0.45,0.45,0,2026-04-08T03:10:22.142454+00:00,0.0,0.0,0.0,0.0,0.45,0.438,0.568,2.181529734146138,3.325680315716927,23.428546337658833,-0.028858743258932895,0.0103331071820435,-0.039191850440976395,7243.4
86571,MCNICHOLS,2018-11-27,0.47,0.47,100000,2026-04-08T03:10:24.421595+00:00,4.444444444444429,0.0,0.0,0.0,0.454,0.441,0.5630000000000001,2.349151654003524,3.4080392503410217,42.256851180248766,-0.025208941400949925,0.011186327232021183,-0.03639526863297111,11668.4
86673,MCNICHOLS,2018-11-28,0.47,0.47,20000,2026-04-08T03:10:26.708398+00:00,0.0,4.444444444444429,0.0,0.0,0.458,0.44400000000000006,0.5579999999999999,2.349151654003524,3.4080392503410217,42.25685118024876,-0.022062128647248713,0.01146651198857792,-0.03352864063582663,12668.4
86775,MCNICHOLS,2018-11-29,0.47,0.47,0,2026-04-08T03:10:29.255332+00:00,0.0,0.0,0.0,0.0,0.462,0.44700000000000006,0.5529999999999999,2.349151654003524,3.4080392503410217,42.25685118024876,-0.019345256790106735,0.01134670707657592,-0.030691963866682655,11868.4
86877,MCNICHOLS,2018-11-30,0.47,0.47,9798,2026-04-08T03:10:32.706086+00:00,0.0,0.0,0.0,0.0,0.466,0.45,0.548,2.349151654003524,3.4080392503410217,42.25685118024876,-0.0169961947163903,0.010956615320233884,-0.027952810036624184,12008.3
86979,MCNICHOLS,2018-12-03,0.47,0.47,7000,2026-04-08T03:10:37.185914+00:00,0.0,0.0,0.0,0.0,0.47,0.453,0.5429999999999999,2.349151654003524,3.4080392503410217,42.25685118024875,-0.01496207263907523,0.010392589918039166,-0.025354662557114396,12358.3
87081,MCNICHOLS,2018-12-04,0.47,0.47,0,2026-04-08T03:10:39.607482+00:00,0.0,0.0,4.444444444444429,0.0,0.47,0.45599999999999996,0.5379999999999999,2.349151654003524,3.4080392503410217,42.25685118024875,-0.013197879300562598,0.009725426605241443,-0.02292330590580404,12095.8
87183,MCNICHOLS,2018-12-05,0.47,0.47,0,2026-04-08T03:10:42.037497+00:00,0.0,0.0,0.0,0.0,0.47,0.457,0.533,0.9938079899999022,3.4080392503410217,42.25685118024876,-0.01166527335955625,0.009006426036998232,-0.020671699396554482,7089.9
87285,MCNICHOLS,2018-12-06,0.47,0.47,0,2026-04-08T03:10:44.312069+00:00,0.0,0.0,0.0,0.0,0.47,0.458,0.528,0.9938079899999022,3.4080392503410217,42.25685118024876,-0.01033157613102359,0.008272098612424714,-0.018603674743448304,7089.9
87387,MCNICHOLS,2018-12-07,0.47,0.47,0,2026-04-08T03:10:46.663078+00:00,0.0,0.0,0.0,0.0,0.47,0.45899999999999996,0.523,0.9938079899999022,3.4080392503410217,42.25685118024876,-0.009168917890651607,0.007547805482237359,-0.016716723372888966,7089.9
87489,MCNICHOLS,2018-12-10,0.47,0.47,0,2026-04-08T03:10:51.346822+00:00,0.0,0.0,0.0,0.0,0.47,0.45999999999999996,0.518,0.9938079899999022,3.4080392503410217,42.256851180248766,-0.008153514222090541,0.00685056732063874,-0.01500408154272928,6839.9
87591,MCNICHOLS,2018-12-11,0.47,0.47,100,2026-04-08T03:10:53.613329+00:00,0.0,0.0,0.0,4.444444444444429,0.47,0.461,0.513,0.9938079899999022,3.4080392503410217,42.25685118024876,-0.007265052496328028,0.0061912232371210026,-0.01345627573344903,6844.9
87693,MCNICHOLS,2018-12-12,0.47,0.47,595,2026-04-08T03:10:55.983376+00:00,0.0,0.0,0.0,0.0,0.47,0.462,0.508,0.9938079899999022,3.4080392503410217,42.25685118024875,-0.006486171628607262,0.005576083283873415,-0.012062254912480678,6874.65
87795,MCNICHOLS,2018-12-13,0.47,0.47,410,2026-04-08T03:10:58.622726+00:00,0.0,0.0,0.0,0.0,0.47,0.46299999999999997,0.503,0.9938079899999022,3.4080392503410217,42.25685118024876,-0.005802020844739297,0.005008187254193105,-0.010810208098932402,6895.15
87897,MCNICHOLS,2018-12-17,0.47,0.47,0,2026-04-08T03:11:04.071168+00:00,0.0,0.0,0.0,0.0,0.47,0.46399999999999997,0.49800000000000005,0.9938079899999022,3.4080392503410217,42.25685118024876,-0.005199885377666191,0.004488258177012969,-0.00968814355467916,6895.15
87998,MCNICHOLS,2018-12-18,0.47,0.47,0,2026-04-08T03:11:06.547404+00:00,0.0,0.0,0.0,0.0,0.47,0.46499999999999997,0.493,0.9938079899999022,3.4080392503410217,42.25685118024875,-0.004668868867820752,0.004015419749486727,-0.00868428861730748,6895.15
88099,MCNICHOLS,2018-12-19,0.47,0.47,0,2026-04-08T03:11:08.930184+00:00,0.0,0.0,0.0,0.0,0.47,0.466,0.488,0.9938079899999022,3.4080392503410217,42.25685118024876,-0.004199623808906816,0.0035877318467205316,-0.007787355655627348,6895.15
88200,MCNICHOLS,2018-12-21,0.47,0.47,52020,2026-04-08T03:11:13.038597+00:00,0.0,0.0,0.0,0.0,0.47,0.46699999999999997,0.48300000000000004,0.9938079899999022,3.4080392503410217,42.25685118024876,-0.0037841227079468687,0.0032025863581443834,-0.006986709066091252,9496.15
88301,MCNICHOLS,2018-12-24,0.47,0.47,0,2026-04-08T03:11:17.396489+00:00,0.0,0.0,0.0,0.0,0.47,0.46799999999999997,0.478,0.9938079899999022,3.4080392503410217,42.25685118024876,-0.003415463751833492,0.002856996251406208,-0.0062724600032397,9496.15
88403,MCNICHOLS,2018-12-31,0.47,0.47,0,2026-04-08T03:11:26.963749+00:00,0.0,0.0,0.0,0.0,0.47,0.46900000000000003,0.4744,0.9938079899999022,3.156076060256159,42.256851180248766,-0.00308770572351863,0.002547803423776857,-0.005635509147295487,9496.15
88505,MCNICHOLS,2019-01-04,0.43,0.43,1037,2026-04-08T03:11:33.101723+00:00,-8.510638297872342,0.0,0.0,0.0,0.462,0.46799999999999997,0.47119999999999995,2.1927794670869156,3.117272186769968,14.036937626277709,-0.005986610906764611,-0.0002808814075752992,-0.005705729499189312,9548.0
88607,MCNICHOLS,2019-01-07,0.43,0.43,500,2026-04-08T03:11:37.396019+00:00,0.0,-8.510638297872342,0.0,0.0,0.4539999999999999,0.466,0.46799999999999997,1.9030365765955652,3.117272186769968,14.036937626277703,-0.008189609430313327,-0.0019871039448992114,-0.006202505485414116,4573.0
88709,MCNICHOLS,2019-01-08,0.43,0.43,1040,2026-04-08T03:11:39.720871+00:00,0.0,0.0,0.0,0.0,0.446,0.46399999999999997,0.46480000000000005,1.9030365765955652,3.117272186769968,14.036937626277707,-0.0098222765421499,-0.002895816845388626,-0.006926459696761273,3625.0
88811,MCNICHOLS,2019-01-09,0.43,0.43,10000,2026-04-08T03:11:42.122758+00:00,0.0,0.0,0.0,0.0,0.438,0.4619999999999999,0.4616,1.9030365765955652,3.117272186769968,14.036937626277707,-0.010989496911342045,-0.0032504297716646167,-0.007739067139677428,4125.0
88913,MCNICHOLS,2019-01-10,0.43,0.43,1050,2026-04-08T03:11:44.4712+00:00,0.0,0.0,0.0,0.0,0.43,0.45999999999999996,0.45840000000000003,1.9030365765955652,3.117272186769968,14.036937626277707,-0.011778749372545694,-0.003231745786294612,-0.008547003586251082,3687.6
89015,MCNICHOLS,2019-01-11,0.43,0.43,830,2026-04-08T03:11:46.864498+00:00,0.0,0.0,-8.510638297872342,0.0,0.43,0.458,0.45520000000000005,1.9030365765955652,3.117272186769968,14.036937626277707,-0.012262878800867127,-0.0029727001716928353,-0.009290178629174292,3379.1
89117,MCNICHOLS,2019-01-14,0.43,0.43,830,2026-04-08T03:11:51.386431+00:00,0.0,0.0,0.0,0.0,0.43,0.45600000000000007,0.452,1.9030365765955652,3.117272186769968,14.036937626277705,-0.012502434577462362,-0.0025698047586304555,-0.009932629818831907,3420.6
89219,MCNICHOLS,2019-01-15,0.43,0.43,42227,2026-04-08T03:11:53.781694+00:00,0.0,0.0,0.0,0.0,0.43,0.454,0.4498,1.9030365765955652,2.9023391415782904,14.036937626277705,-0.012547642840293805,-0.002092010417169516,-0.010455632423124289,5531.95
89321,MCNICHOLS,2019-01-16,0.43,0.43,0,2026-04-08T03:11:56.273278+00:00,0.0,0.0,0.0,0.0,0.43,0.45199999999999996,0.44839999999999997,1.9030365765955652,2.7213950945031553,14.036937626277707,-0.012440069338634174,-0.0015875495324079083,-0.010852519806226266,5531.95
89423,MCNICHOLS,2019-01-17,0.43,0.43,0,2026-04-08T03:11:58.633279+00:00,0.0,0.0,0.0,0.0,0.43,0.45,0.44799999999999995,1.9030365765955652,2.330687757965764,14.036937626277709,-0.012214020933189906,-0.001089200901570912,-0.011124820031618994,5531.95
89525,MCNICHOLS,2019-01-18,0.43,0.43,1000,2026-04-08T03:12:01.678716+00:00,0.0,0.0,0.0,-8.510638297872342,0.43,0.44799999999999995,0.44839999999999997,1.9030365765955652,1.9520684487006492,14.036937626277707,-0.011897726359885286,-0.0006183250626130322,-0.011279401297272253,5581.95
89627,MCNICHOLS,2019-01-21,0.43,0.43,0,2026-04-08T03:12:06.146982+00:00,0.0,0.0,0.0,0.0,0.43,0.4459999999999999,0.4488,1.9030365765955652,1.9520684487006492,14.036937626277709,-0.01151433059607243,-0.00018794343904014223,-0.011326387157032288,5576.95
89729,MCNICHOLS,2019-01-22,0.39,0.39,932346,2026-04-08T03:12:26.450353+00:00,-9.302325581395344,0.0,0.0,0.0,0.422,0.442,0.44839999999999997,2.7443639983302126,2.363142838414028,5.347241830339636,-0.014273615047830757,-0.0023577823126387735,-0.011915832735191983,52164.5
89831,MCNICHOLS,2019-01-23,0.39,0.39,0,2026-04-08T03:12:28.985884+00:00,0.0,-9.302325581395344,0.0,0.0,0.414,0.438,0.44799999999999995,2.7443639983302126,2.363142838414028,5.347241830339635,-0.01627278531575732,-0.0034855620644522693,-0.012787223251305052,52144.0
89933,MCNICHOLS,2019-01-24,0.39,0.39,0,2026-04-08T03:12:31.471104+00:00,0.0,0.0,0.0,0.0,0.406,0.434,0.4476,2.7443639983302126,2.363142838414028,5.347241830339636,-0.017653641960819366,-0.0038931349676114505,-0.013760506993207916,52144.0
90035,MCNICHOLS,2019-01-25,0.39,0.39,0,2026-04-08T03:12:33.831732+00:00,0.0,0.0,0.0,0.0,0.398,0.43,0.4472,2.7443639983302126,2.363142838414028,5.347241830339635,-0.01853432859771048,-0.0038190572836020523,-0.014715271314108429,52144.0
90137,MCNICHOLS,2019-01-28,0.36,0.36,3000000,2026-04-08T03:12:38.324+00:00,-7.692307692307699,0.0,0.0,0.0,0.384,0.42449999999999993,0.44620000000000004,3.1255305166158274,2.5971507579652693,3.2916238716061943,-0.02140627022379088,-0.005352799127745958,-0.01605347109604492,202144.0
90239,MCNICHOLS,2019-01-29,0.33,0.33,4515000,2026-04-08T03:12:40.769031+00:00,-8.333333333333325,-7.692307692307699,-9.302325581395344,0.0,0.372,0.4175,0.4438,3.4817396471602837,2.4329918617733686,2.327885931248051,-0.025805583233126872,-0.0078016897096655595,-0.018003893523461312,425293.0
90341,MCNICHOLS,2019-01-30,0.3,0.3,1913662,2026-04-08T03:12:43.207065+00:00,-9.090909090909093,-8.333333333333325,0.0,0.0,0.354,0.409,0.44079999999999997,3.8256594687121512,2.7118634698962163,1.7698424452066575,-0.031351420112428585,-0.010678021271173815,-0.02067339884125477,520976.1
90443,MCNICHOLS,2019-01-31,0.33,0.33,513000,2026-04-08T03:12:45.452606+00:00,10.000000000000009,-9.090909090909093,0.0,0.0,0.34199999999999997,0.402,0.4384,4.679221994689929,3.10939983154788,21.925620671275347,-0.0329460054724236,-0.009818085304935064,-0.023127920167488537,546626.1
90545,MCNICHOLS,2019-02-01,0.36,0.36,342110,2026-04-08T03:12:47.65569+00:00,9.090909090909083,10.000000000000009,0.0,0.0,0.33599999999999997,0.3985,0.43660000000000004,4.966684966024218,3.3959758326940177,36.055610767632075,-0.03142670903968553,-0.006639031097757594,-0.024787677941927936,563679.75
90647,MCNICHOLS,2019-02-04,0.39,0.39,500000,2026-04-08T03:12:52.008801+00:00,8.333333333333348,9.090909090909083,-7.692307692307699,0.0,0.34199999999999997,0.39649999999999996,0.4354,5.367724006606891,3.612959148604869,46.48569649163733,-0.027485075549196325,-0.0021579180858147112,-0.025327157463381614,588654.75
90749,MCNICHOLS,2019-02-05,0.39,0.39,20000,2026-04-08T03:12:54.428036+00:00,0.0,8.333333333333348,-8.333333333333325,-9.302325581395344,0.354,0.39449999999999996,0.4341999999999999,5.367724006606891,3.612959148604869,46.48569649163733,-0.024083680927882045,0.000994781228399657,-0.025078462156281702,589602.75
90851,MCNICHOLS,2019-02-06,0.42,0.42,680000,2026-04-08T03:12:56.795589+00:00,7.692307692307687,0.0,-9.090909090909093,0.0,0.378,0.394,0.4336,5.66164502826776,3.782375114328538,54.99865134991178,-0.018751150316563048,0.005061849471774925,-0.023812999788337973,623102.75
90953,MCNICHOLS,2019-02-07,0.38,0.38,123500,2026-04-08T03:12:59.333395+00:00,-9.523809523809524,7.692307692307687,10.000000000000009,0.0,0.388,0.3915,0.4322,6.051804934662181,4.011761680204254,44.77186738703776,-0.01755043658613864,0.005010050561759467,-0.022560487147898108,629225.25
91055,MCNICHOLS,2019-02-08,0.41,0.41,230000,2026-04-08T03:13:01.766173+00:00,7.8947368421052655,-9.523809523809524,9.090909090909083,0.0,0.398,0.39049999999999996,0.4314,6.33304218944063,4.1741892805556775,51.9833541119196,-0.014016539086961266,0.0068351584487494725,-0.02085169753571074,640683.75
91157,MCNICHOLS,2019-02-11,0.45,0.45,1315802,2026-04-08T03:13:07.807824+00:00,9.756097560975618,7.8947368421052655,8.333333333333348,-7.692307692307699,0.41,0.3915,0.43139999999999995,6.701814730519942,4.400827941636714,59.56473274990519,-0.007897200145019267,0.010363597912553178,-0.018260798057572445,706432.35
91259,MCNICHOLS,2019-02-12,0.45,0.45,20008,2026-04-08T03:13:10.389121+00:00,0.0,9.756097560975618,0.0,-8.333333333333325,0.422,0.39249999999999996,0.4314,6.701814730519942,4.400827941636714,59.564732749905176,-0.003012849690278263,0.012198358693835346,-0.01521120838411361,705321.4
91361,MCNICHOLS,2019-02-13,0.45,0.45,0,2026-04-08T03:13:13.120558+00:00,0.0,0.0,7.692307692307687,-9.090909090909093,0.42800000000000005,0.3935,0.4314,6.701814730519942,4.400827941636714,59.564732749905176,0.0008482550784251752,0.01284757077003103,-0.011999315691605854,705321.4
91463,MCNICHOLS,2019-02-14,0.45,0.45,713935,2026-04-08T03:13:15.610167+00:00,0.0,0.0,-9.523809523809524,10.000000000000009,0.442,0.3945,0.4314,6.701814730519942,4.400827941636714,59.56473274990518,0.003863670437626754,0.012690388903386087,-0.008826718465759333,741018.15
91565,MCNICHOLS,2019-02-15,0.45,0.45,2500,2026-04-08T03:13:17.960235+00:00,0.0,0.0,7.8947368421052655,9.090909090909083,0.45,0.3955,0.4314,6.701814730519942,4.400827941636714,59.564732749905176,0.006182144916344501,0.012007090705683067,-0.0058249457893385665,741093.15
91667,MCNICHOLS,2019-02-18,0.45,0.45,652382,2026-04-08T03:13:22.383964+00:00,0.0,0.0,9.756097560975618,8.333333333333348,0.45,0.39649999999999996,0.43099999999999994,6.701814730519942,4.3558425469517985,59.564732749905176,0.007928161731107997,0.011002486016357251,-0.0030743242852492546,773712.25
91769,MCNICHOLS,2019-02-19,0.45,0.45,0,2026-04-08T03:13:24.617569+00:00,0.0,0.0,0.0,0.0,0.45,0.3995,0.43060000000000004,6.300806740644181,4.3558425469517985,59.56473274990518,0.009205774201579642,0.009824078789463116,-0.0006183045878834753,727094.95
91871,MCNICHOLS,2019-02-20,0.44,0.44,997595,2026-04-08T03:13:26.870792+00:00,-2.2222222222222254,0.0,0.0,7.692307692307687,0.44799999999999995,0.40199999999999997,0.43,6.3371200990738785,4.36723018068711,55.8605343061569,0.009304122727429642,0.007937941852250495,0.0013661808751791484,776974.7
91973,MCNICHOLS,2019-02-22,0.51,0.51,713419,2026-04-08T03:13:30.442816+00:00,15.909090909090917,-2.2222222222222254,0.0,-9.523809523809524,0.45999999999999996,0.40800000000000003,0.43079999999999996,7.175117279773039,4.91522779093228,69.94862455596645,0.014859192111187636,0.01079440898880679,0.004064783122380846,812645.65
92075,MCNICHOLS,2019-02-25,0.51,0.51,100020,2026-04-08T03:13:35.015549+00:00,0.0,15.909090909090917,0.0,7.8947368421052655,0.4720000000000001,0.41400000000000003,0.4316,7.175117279773039,4.91522779093228,69.94862455596645,0.019042118926255125,0.011981868643099422,0.0070602502831557026,817646.65
92177,MCNICHOLS,2019-02-26,0.51,0.51,13702,2026-04-08T03:13:37.412672+00:00,0.0,0.0,0.0,9.756097560975618,0.484,0.4215,0.4324,6.850130418491678,4.91522779093228,69.94862455596646,0.022102336585624216,0.01203366904197481,0.010068667543649407,668331.75
92279,MCNICHOLS,2019-02-27,0.51,0.51,0,2026-04-08T03:13:39.910522+00:00,0.0,0.0,0.0,0.0,0.496,0.4305,0.4331999999999999,6.4306950889253685,4.91522779093228,69.94862455596646,0.024248064534296565,0.011343517592517727,0.012904546941778838,442581.75
92381,MCNICHOLS,2019-02-28,0.51,0.51,11041,2026-04-08T03:13:42.435587+00:00,0.0,0.0,-2.2222222222222254,0.0,0.51,0.441,0.434,5.873471141323268,4.91522779093228,69.94862455596646,0.02565285920024446,0.010198649806772497,0.015454209393471963,347450.7
92483,MCNICHOLS,2019-03-01,0.51,0.51,1805000,2026-04-08T03:13:44.810709+00:00,0.0,0.0,15.909090909090917,0.0,0.51,0.45,0.4348,5.6539974000416535,4.91522779093228,69.94862455596645,0.026461141525984333,0.008805545706009894,0.01765559581997444,412050.7
92585,MCNICHOLS,2019-03-04,0.56,0.56,649534,2026-04-08T03:13:49.353535+00:00,9.80392156862746,0.0,0.0,0.0,0.52,0.45999999999999996,0.43660000000000004,5.700815624405133,5.096052348713724,77.83226004827718,0.030781463672635345,0.010500694282128725,0.02028076939050662,427421.9
92687,MCNICHOLS,2019-03-05,0.6,0.6,349969,2026-04-08T03:13:51.846242+00:00,7.14285714285714,9.80392156862746,0.0,0.0,0.538,0.47050000000000003,0.43920000000000003,5.6413119925369575,5.181829204700576,81.91886410929038,0.037006428731434504,0.013380527472742307,0.023625901258692197,419920.35
92789,MCNICHOLS,2019-03-06,0.54,0.54,346766,2026-04-08T03:13:54.267269+00:00,-9.999999999999986,7.14285714285714,0.0,0.0,0.544,0.47800000000000004,0.44060000000000005,6.2665217369581745,5.3948112349701445,63.12158526379919,0.03667548763811268,0.010439669103536386,0.026235818534576294,436258.65
92891,MCNICHOLS,2019-03-07,0.52,0.52,405582,2026-04-08T03:13:56.544072+00:00,-3.703703703703709,-9.999999999999986,0.0,-2.2222222222222254,0.546,0.483,0.44160000000000005,6.222670040120282,5.4260179364676056,58.317881371254025,0.034402807435218175,0.006533591120513504,0.02786921631470467,422537.75
92993,MCNICHOLS,2019-03-08,0.52,0.52,20000,2026-04-08T03:13:58.936546+00:00,0.0,-3.703703703703709,0.0,15.909090909090917,0.548,0.49000000000000005,0.4426,5.69676247531828,5.4260179364676056,58.31788137125403,0.03223016274707896,0.00348875714589943,0.02874140560117953,417362.75
93095,MCNICHOLS,2019-03-11,0.52,0.52,20050,2026-04-08T03:14:03.582539+00:00,0.0,0.0,9.80392156862746,0.0,0.54,0.4955,0.4436,5.5177529383988695,5.4260179364676056,58.31788137125404,0.030160652945863564,0.0011353978757472245,0.02902525507011634,406865.25
93197,MCNICHOLS,2019-03-12,0.52,0.52,0,2026-04-08T03:14:06.149716+00:00,0.0,0.0,7.14285714285714,0.0,0.524,0.499,0.4446,5.153236095663576,5.4260179364676056,58.31788137125404,0.02819553098826333,-0.0006637792654824101,0.02885931025374574,341075.15
93299,MCNICHOLS,2019-03-13,0.52,0.52,400000,2026-04-08T03:14:08.562819+00:00,0.0,0.0,-9.999999999999986,0.0,0.52,0.5025,0.44559999999999994,5.153236095663576,5.4260179364676056,58.31788137125404,0.026334588930448155,-0.002019777058638067,0.028354365989086222,360074.75
93401,MCNICHOLS,2019-03-14,0.57,0.57,600050,2026-04-08T03:14:10.990955+00:00,9.615384615384603,0.0,-3.703703703703709,0.0,0.53,0.5085,0.4476,5.506527471617804,5.581704920348585,67.32323565466558,0.028565080606741733,0.00016857169412440656,0.028396508912617326,390077.25
93503,MCNICHOLS,2019-03-15,0.57,0.57,85408,2026-04-08T03:14:13.413527+00:00,0.0,9.615384615384603,0.0,0.0,0.5399999999999999,0.5145000000000001,0.4496,5.506527471617804,5.581704920348585,67.32323565466557,0.029987088836239684,0.0012724639388978845,0.0287146248973418,358650.9
93605,MCNICHOLS,2019-03-18,0.6,0.6,263924,2026-04-08T03:14:17.594172+00:00,5.263157894736836,0.0,0.0,9.80392156862746,0.5559999999999999,0.522,0.45300000000000007,5.565209671963001,5.464716786847833,71.59379577485025,0.03315262703500588,0.003550401710131261,0.029602225324874616,371722.1
93707,MCNICHOLS,2019-03-19,0.66,0.66,150010,2026-04-08T03:14:19.883177+00:00,10.000000000000009,5.263157894736836,0.0,7.14285714285714,0.584,0.5325,0.45760000000000006,5.85640058739392,5.615285396751042,77.83342818565781,0.040041266626232974,0.008351233041086682,0.03169003358514629,346603.5
93809,MCNICHOLS,2019-03-20,0.66,0.66,78790,2026-04-08T03:14:22.215184+00:00,0.0,10.000000000000009,0.0,-9.999999999999986,0.6119999999999999,0.5429999999999999,0.4622,5.85640058739392,5.615285396751042,77.83342818565781,0.04498203819626856,0.010633603688897812,0.03434843450737075,350543.0
93911,MCNICHOLS,2019-03-21,0.71,0.71,811600,2026-04-08T03:14:24.469396+00:00,7.575757575757569,0.0,9.615384615384603,-3.703703703703709,0.64,0.5565,0.4678,5.886385136255714,5.689124866356448,81.7151567434624,0.05232900124178064,0.014384453387527911,0.037944547854252726,341243.25
94013,MCNICHOLS,2019-03-22,0.7,0.7,502500,2026-04-08T03:14:26.929153+00:00,-1.4084507042253502,7.575757575757569,0.0,0.0,0.666,0.5660000000000001,0.4732,5.03461951304879,5.698485980984051,78.74509932976275,0.05669110617781681,0.014997246658851264,0.041693859518965544,330697.3
94115,MCNICHOLS,2019-03-25,0.7,0.7,55350,2026-04-08T03:14:31.400562+00:00,0.0,-1.4084507042253502,5.263157894736836,0.0,0.6859999999999999,0.5755,0.47859999999999997,5.03461951304879,5.698485980984051,78.74509932976275,0.059462657268126606,0.014215038199328844,0.04524761906879776,328463.8
94217,MCNICHOLS,2019-03-26,0.7,0.7,100000,2026-04-08T03:14:33.80485+00:00,0.0,0.0,10.000000000000009,0.0,0.694,0.5850000000000001,0.484,5.03461951304879,5.698485980984051,78.74509932976278,0.06095646331018534,0.012567075393110055,0.04838938791707528,332778.7
94319,MCNICHOLS,2019-03-27,0.7,0.7,11000,2026-04-08T03:14:36.122563+00:00,0.0,0.0,0.0,0.0,0.702,0.5945,0.4894,5.03461951304879,5.698485980984051,78.74509932976278,0.06143216361880488,0.010434220561383677,0.050997943057421204,333328.7
94421,MCNICHOLS,2019-03-28,0.7,0.7,25000,2026-04-08T03:14:38.612625+00:00,0.0,0.0,7.575757575757569,9.615384615384603,0.7,0.6039999999999999,0.49479999999999996,5.03461951304879,5.698485980984051,78.74509932976277,0.0611047816541187,0.008085470877357996,0.053019310776760704,334026.65
94523,MCNICHOLS,2019-03-29,0.7,0.7,0,2026-04-08T03:14:41.061692+00:00,0.0,0.0,-1.4084507042253502,0.0,0.7,0.6134999999999999,0.5002,5.03461951304879,5.698485980984051,78.74509932976277,0.06015193502475913,0.005706099398398737,0.05444583562636039,243776.65
94624,MCNICHOLS,2019-04-01,0.77,0.77,901000,2026-04-08T03:14:45.528331+00:00,10.000000000000009,0.0,0.0,5.263157894736836,0.7139999999999999,0.624,0.507,5.051364312165299,5.831729159237675,84.7841093015198,0.06430395621230078,0.007886496468752308,0.056417459743548476,256349.95
94725,MCNICHOLS,2019-04-02,0.77,0.77,455100,2026-04-08T03:14:47.809526+00:00,0.0,10.000000000000009,0.0,10.000000000000009,0.728,0.6325,0.5138,4.898281455726152,5.831729159237675,84.7841093015198,0.06682415564741406,0.008325356723092467,0.058498798924321596,261606.5
94826,MCNICHOLS,2019-04-03,0.77,0.77,6600,2026-04-08T03:14:50.124237+00:00,0.0,0.0,0.0,0.0,0.742,0.6439999999999999,0.5214,4.126473692052037,5.6303192731076255,84.7841093015198,0.06803714203506794,0.0076306744885970765,0.06040646754647087,244598.2
94927,MCNICHOLS,2019-04-04,0.75,0.75,315700,2026-04-08T03:14:52.417245+00:00,-2.5974025974025983,0.0,0.0,7.575757575757569,0.752,0.6555,0.5286,4.0546570742562675,5.656570348498779,76.97922928023559,0.06661669385405522,0.004968181046067478,0.06164851280798774,240104.1
95028,MCNICHOLS,2019-04-05,0.68,0.68,254220,2026-04-08T03:14:54.739567+00:00,-9.333333333333327,-2.5974025974025983,0.0,-1.4084507042253502,0.748,0.6635,0.5344,4.762824285744648,5.856539216090813,57.149495017792624,0.059160596916178476,-0.0019903327134474166,0.06115092962962589,251815.1
95129,MCNICHOLS,2019-04-08,0.63,0.63,1187520,2026-04-08T03:14:59.01768+00:00,-7.352941176470596,-9.333333333333327,10.000000000000009,0.0,0.72,0.6689999999999999,0.5391999999999999,5.14922598559185,5.980430840272136,47.69800648667751,0.0486561267008484,-0.009995842343021998,0.0586519690438704,310188.6
95230,MCNICHOLS,2019-04-09,0.58,0.58,800,2026-04-08T03:15:01.233247+00:00,-7.936507936507942,-7.352941176470596,0.0,0.0,0.682,0.6719999999999999,0.5436,5.5292825858776835,5.987883133444002,40.487109800503205,0.03588303890592204,-0.018215144110358697,0.054098183016280735,310228.6
95331,MCNICHOLS,2019-04-10,0.58,0.58,111099,2026-04-08T03:15:03.446976+00:00,0.0,-7.936507936507942,0.0,0.0,0.6439999999999999,0.675,0.5486,5.5292825858776835,5.833035457372576,40.487109800503205,0.025466710418091676,-0.022905178078551247,0.04837188849664292,295783.55
95432,MCNICHOLS,2019-04-11,0.58,0.58,8000,2026-04-08T03:15:05.608759+00:00,0.0,0.0,-2.5974025974025983,0.0,0.61,0.6755,0.5542,5.115002999565409,5.641121433479116,40.487109800503205,0.017015550373004174,-0.025085070498911004,0.04210062087191518,266181.05
95533,MCNICHOLS,2019-04-12,0.58,0.58,2539,2026-04-08T03:15:07.869644+00:00,0.0,0.0,-9.333333333333327,0.0,0.5900000000000001,0.6759999999999999,0.5591999999999999,5.115002999565409,5.508601758858002,40.4871098005032,0.010200361729439944,-0.025520207313980185,0.03572056904342013,262037.6
95634,MCNICHOLS,2019-04-15,0.58,0.58,0,2026-04-08T03:15:12.360876+00:00,0.0,0.0,-7.352941176470596,10.000000000000009,0.58,0.675,0.5636,4.974841558680954,5.394375156412639,40.4871098005032,0.004744583028876037,-0.024780788811635278,0.029525371840511315,248841.4
95735,MCNICHOLS,2019-04-16,0.58,0.58,1700,2026-04-08T03:15:14.69338+00:00,0.0,0.0,-7.936507936507942,0.0,0.58,0.671,0.5673999999999999,4.378049577593232,5.294075062735094,40.4871098005032,0.0004160432147148896,-0.023287462900637143,0.023703506115352033,241425.9
95836,MCNICHOLS,2019-04-17,0.58,0.58,16400,2026-04-08T03:15:16.974822+00:00,0.0,0.0,0.0,0.0,0.58,0.667,0.5712,4.378049577593232,5.294075062735094,40.487109800503205,-0.0029800041407073152,-0.021346808204847478,0.018366804064140162,238306.4
95937,MCNICHOLS,2019-04-18,0.58,0.58,0,2026-04-08T03:15:19.360663+00:00,0.0,0.0,0.0,-2.5974025974025983,0.58,0.6605,0.5744,3.94397570872842,5.204609474053835,40.487109800503205,-0.005606764842070011,-0.01917885512496814,0.013572090282898129,197726.4
96039,MCNICHOLS,2019-04-23,0.58,0.58,4907,2026-04-08T03:15:26.04373+00:00,0.0,0.0,0.0,-9.333333333333327,0.58,0.6545,0.5784,3.94758270396352,4.989745792684344,40.487109800503205,-0.007600873484538528,-0.01693837101394933,0.009337497529410798,172846.75
96141,MCNICHOLS,2019-04-24,0.58,0.58,0,2026-04-08T03:15:28.31166+00:00,0.0,0.0,0.0,-7.352941176470596,0.58,0.6485000000000001,0.5818,3.94758270396352,4.890001102796949,40.487109800503205,-0.009076589674682944,-0.014731269763274995,0.005654680088592051,170079.25
96243,MCNICHOLS,2019-04-25,0.58,0.58,0,2026-04-08T03:15:30.603437+00:00,0.0,0.0,0.0,-7.936507936507942,0.58,0.6425,0.5844,3.94758270396352,4.71735356057075,40.48710980050321,-0.010129340653574626,-0.01262721659373334,0.0024978759401587157,165079.25
96345,MCNICHOLS,2019-04-26,0.55,0.55,100000,2026-04-08T03:15:32.816712+00:00,-5.172413793103436,0.0,0.0,0.0,0.574,0.635,0.5863999999999999,4.056145135527139,4.787312787541828,33.600341077930445,-0.0132318738632069,-0.012583799842692492,-0.0006480740205144072,169529.25
96447,MCNICHOLS,2019-04-29,0.55,0.55,2000,2026-04-08T03:15:37.198623+00:00,0.0,-5.172413793103436,0.0,0.0,0.5680000000000001,0.6275000000000001,0.5883999999999999,4.056145135527139,4.787312787541828,33.600341077930445,-0.01551184291504748,-0.011891015115626458,-0.0036208277994210216,168379.25
96549,MCNICHOLS,2019-04-30,0.55,0.55,99962,2026-04-08T03:15:39.499507+00:00,0.0,0.0,0.0,0.0,0.562,0.6199999999999999,0.5904,4.056145135527139,4.787312787541828,33.60034107793045,-0.01712137031560579,-0.010800434012947814,-0.006320936302657975,173377.35
96651,MCNICHOLS,2019-05-02,0.55,0.55,0,2026-04-08T03:15:42.839166+00:00,0.0,0.0,0.0,0.0,0.556,0.609,0.5924,3.1220890021698677,4.787312787541828,33.600341077930445,-0.01818728072555198,-0.009493075538315203,-0.008694205187236776,128327.35
96753,MCNICHOLS,2019-05-03,0.5,0.5,203000,2026-04-08T03:15:45.02286+00:00,-9.090909090909093,0.0,0.0,0.0,0.54,0.5955,0.5934,3.5113795053538785,4.976053960398235,24.324858274310998,-0.022803737249292633,-0.011287625649644684,-0.011516111599647948,115722.35
96855,MCNICHOLS,2019-05-06,0.5,0.5,7400,2026-04-08T03:15:49.380478+00:00,0.0,-9.090909090909093,-5.172413793103436,0.0,0.53,0.5820000000000001,0.5943999999999999,3.5113795053538785,4.976053960398235,24.324858274311,-0.02616074749154773,-0.011715708713519825,-0.014445038778027906,115762.35
96957,MCNICHOLS,2019-05-07,0.5,0.5,0,2026-04-08T03:15:51.609622+00:00,0.0,0.0,0.0,0.0,0.52,0.5695,0.5956,3.5389341722897845,4.962700712815143,24.324858274310994,-0.028492755544692883,-0.01123817341333198,-0.017254582131360902,99977.35
97059,MCNICHOLS,2019-05-08,0.5,0.5,206550,2026-04-08T03:15:53.912422+00:00,0.0,0.0,0.0,0.0,0.51,0.5605,0.5954,3.1016470843547785,4.42751046005808,24.324858274310994,-0.029995123614311447,-0.010192433186360435,-0.019802690427951013,97593.85
97161,MCNICHOLS,2019-05-09,0.5,0.5,0,2026-04-08T03:15:56.308435+00:00,0.0,0.0,0.0,0.0,0.5,0.554,0.5952000000000001,2.788557695009405,4.42751046005808,24.324858274310998,-0.030830367844191575,-0.00882214193299245,-0.022008225911199126,38217.85
97263,MCNICHOLS,2019-05-10,0.5,0.5,187500,2026-04-08T03:15:58.65517+00:00,0.0,0.0,-9.090909090909093,0.0,0.5,0.55,0.595,2.2852660050347287,4.42751046005808,24.324858274311,-0.031133418248294853,-0.0073001538696765775,-0.023833264378618275,47552.85
97365,MCNICHOLS,2019-05-13,0.5,0.5,2010,2026-04-08T03:16:02.955985+00:00,0.0,0.0,0.0,-5.172413793103436,0.5,0.546,0.5948,2.2852660050347287,4.42751046005808,24.324858274311,-0.03101605411192787,-0.005746231786647675,-0.025269822325280196,42098.4
97467,MCNICHOLS,2019-05-14,0.5,0.5,0,2026-04-08T03:16:05.427951+00:00,0.0,0.0,0.0,0.0,0.5,0.542,0.5946,2.2852660050347287,4.42751046005808,24.324858274310998,-0.03057064284711708,-0.004240656417469506,-0.026329986429647574,41698.4
97569,MCNICHOLS,2019-05-15,0.5,0.5,0,2026-04-08T03:16:07.709974+00:00,0.0,0.0,0.0,0.0,0.5,0.538,0.5943999999999999,2.2852660050347287,4.42751046005808,24.324858274311,-0.029873290513181328,-0.0028346432668270027,-0.027038647246354325,41571.45
97671,MCNICHOLS,2019-05-16,0.5,0.5,0,2026-04-08T03:16:09.947696+00:00,0.0,0.0,0.0,0.0,0.5,0.534,0.5932,2.2852660050347287,4.19815445957082,24.324858274311,-0.02898649548786769,-0.0015582785932106921,-0.027428216894657,41571.45
97773,MCNICHOLS,2019-05-17,0.5,0.5,200,2026-04-08T03:16:12.469468+00:00,0.0,0.0,0.0,-9.090909090909093,0.5,0.53,0.5912,2.2852660050347287,4.064681510328925,24.324858274311005,-0.027961382627717524,-0.0004265325864484179,-0.027534850041269106,41496.45
97876,MCNICHOLS,2019-05-20,0.55,0.55,581894,2026-04-08T03:16:16.967061+00:00,10.000000000000009,0.0,0.0,0.0,0.51,0.5285,0.5914,3.3125733075947337,4.0729902845399995,53.39540064766613,-0.02285097930278257,0.0037470965907892284,-0.0265980758935718,69771.15
97979,MCNICHOLS,2019-05-21,0.55,0.55,0,2026-04-08T03:16:19.368023+00:00,0.0,10.000000000000009,0.0,0.0,0.52,0.5269999999999999,0.592,3.3125733075947337,4.035590458679871,53.39540064766613,-0.018586692033357388,0.00640910708817153,-0.024995799121528918,69771.15
98082,MCNICHOLS,2019-05-22,0.55,0.55,10,2026-04-08T03:16:21.741488+00:00,0.0,0.0,0.0,0.0,0.53,0.5255,0.5926,3.3125733075947337,4.035590458679871,53.39540064766612,-0.015033912069752464,0.007969509641421166,-0.02300342171117363,69526.3
98185,MCNICHOLS,2019-05-23,0.55,0.55,0,2026-04-08T03:16:24.010501+00:00,0.0,0.0,0.0,0.0,0.54,0.524,0.5932,3.3125733075947337,4.035590458679871,53.39540064766613,-0.012079068370976498,0.008739482672157708,-0.020818551043134206,69526.3
98288,MCNICHOLS,2019-05-24,0.55,0.55,0,2026-04-08T03:16:26.41346+00:00,0.0,0.0,0.0,0.0,0.55,0.5225,0.5938,3.3125733075947337,4.035590458679871,53.39540064766612,-0.009626366688220589,0.008953747483930897,-0.018580114172151486,69526.3
98391,MCNICHOLS,2019-05-27,0.55,0.55,2980,2026-04-08T03:16:30.812568+00:00,0.0,0.0,10.000000000000009,0.0,0.55,0.5225000000000001,0.5944,3.100112950277815,4.035590458679871,53.39540064766613,-0.007595032131209933,0.008788065632753243,-0.016383097763963177,64675.3
98494,MCNICHOLS,2019-05-28,0.55,0.55,0,2026-04-08T03:16:33.286405+00:00,0.0,0.0,0.0,0.0,0.55,0.5225,0.594,3.100112950277815,3.799534388949084,53.39540064766613,-0.00591697762493415,0.008372896111223223,-0.014289873736157373,64575.3
98597,MCNICHOLS,2019-05-30,0.55,0.55,0,2026-04-08T03:16:36.695359+00:00,0.0,0.0,0.0,0.0,0.55,0.5225000000000001,0.5936,3.100112950277815,3.799534388949084,53.395400647666136,-0.004534832611471029,0.007804032899749076,-0.012338865511220105,59577.2
98700,MCNICHOLS,2019-05-31,0.55,0.55,0,2026-04-08T03:16:39.10826+00:00,0.0,0.0,0.0,0.0,0.55,0.5225000000000001,0.5926,3.100112950277815,3.7228489267553755,53.39540064766613,-0.003400276460051588,0.007150871240934815,-0.010551147700986403,59577.2
98803,MCNICHOLS,2019-06-03,0.55,0.55,0,2026-04-08T03:16:43.376201+00:00,0.0,0.0,0.0,0.0,0.55,0.525,0.5904,2.236067977499791,3.4255764359797922,53.39540064766613,-0.002472629601132592,0.006462814479883049,-0.008935444081015641,49427.2
98906,MCNICHOLS,2019-06-06,0.55,0.55,37998,2026-04-08T03:16:48.034912+00:00,0.0,0.0,0.0,10.000000000000009,0.55,0.5275000000000001,0.5882000000000001,2.236067977499791,3.4255764359797922,53.39540064766612,-0.0017176626364395764,0.005774225155660852,-0.007491887792100429,50957.1
99009,MCNICHOLS,2019-06-07,0.55,0.55,0,2026-04-08T03:16:50.186426+00:00,0.0,0.0,0.0,0.0,0.55,0.53,0.5850000000000001,2.236067977499791,3.231897477875326,53.395400647666115,-0.001106589799299007,0.005108238394241137,-0.006214828193540144,50957.1
99112,MCNICHOLS,2019-06-10,0.55,0.55,0,2026-04-08T03:16:54.498349+00:00,0.0,0.0,0.0,0.0,0.55,0.5325,0.582,2.236067977499791,3.229580069447461,53.39540064766612,-0.0006152183194959582,0.004479687899235349,-0.005094906218731307,40629.6
99215,MCNICHOLS,2019-06-11,0.55,0.55,0,2026-04-08T03:16:56.702394+00:00,0.0,0.0,0.0,0.0,0.55,0.535,0.579,2.236067977499791,3.229580069447461,53.395400647666115,-0.0002232296293996905,0.0038973412714652933,-0.004120570900864984,40629.6
99318,MCNICHOLS,2019-06-13,0.55,0.55,0,2026-04-08T03:17:00.140907+00:00,0.0,0.0,0.0,0.0,0.55,0.5375,0.5760000000000001,2.236067977499791,3.229580069447461,53.39540064766612,8.642794408775245e-05,0.003365599075962189,-0.0032791711318744367,31254.6
99421,MCNICHOLS,2019-06-14,0.55,0.55,0,2026-04-08T03:17:02.289964+00:00,0.0,0.0,0.0,0.0,0.55,0.54,0.5730000000000001,2.236067977499791,3.229580069447461,53.39540064766612,0.00032805222024923086,0.002885778681698934,-0.0025577264614497033,31154.1
99524,MCNICHOLS,2019-06-17,0.55,0.55,0,2026-04-08T03:17:06.378621+00:00,0.0,0.0,0.0,0.0,0.55,0.5425000000000001,0.5700000000000001,2.236067977499791,3.229580069447461,53.39540064766613,0.0005136205024811602,0.002457077571144691,-0.0019434570686635308,31154.1
99627,MCNICHOLS,2019-06-18,0.55,0.55,63000,2026-04-08T03:17:08.696624+00:00,0.0,0.0,0.0,0.0,0.55,0.545,0.567,2.236067977499791,3.229580069447461,53.39540064766613,0.0006531555326916294,0.002077290081084128,-0.0014241345483924988,34304.1
99730,MCNICHOLS,2019-06-19,0.55,0.55,0,2026-04-08T03:17:10.975867+00:00,0.0,0.0,0.0,0.0,0.55,0.5475000000000001,0.5626,2.236067977499791,2.8588772616170175,53.39540064766611,0.000755034481914163,0.0017433352242453293,-0.0009883007423311663,34304.1
99833,MCNICHOLS,2019-06-20,0.55,0.55,17779,2026-04-08T03:17:13.205784+00:00,0.0,0.0,0.0,0.0,0.55,0.55,0.5582,2.236067977499791,2.8588772616170175,53.39540064766611,0.000826249789915745,0.001451640425797529,-0.000625390635881784,35183.05
99936,MCNICHOLS,2019-06-24,0.55,0.55,0,2026-04-08T03:17:18.488118+00:00,0.0,0.0,0.0,0.0,0.55,0.55,0.5538000000000001,0.0,2.8588772616170175,53.395400647666115,0.0008726293071259494,0.0011984159544061869,-0.00032578664728023733,6088.35
100039,MCNICHOLS,2019-06-25,0.55,0.55,14000,2026-04-08T03:17:20.712996+00:00,0.0,0.0,0.0,0.0,0.55,0.55,0.5498000000000001,0.0,2.845961564862907,53.39540064766612,0.0008990220421808415,0.0009798469515688631,-8.082490938802158e-05,6788.35
100142,MCNICHOLS,2019-06-26,0.55,0.55,0,2026-04-08T03:17:23.021521+00:00,0.0,0.0,0.0,0.0,0.55,0.55,0.5472,0.0,2.550734895551508,53.39540064766612,0.0009094548455180762,0.0007922238039248782,0.000117231041593198,6787.85
100245,MCNICHOLS,2019-06-27,0.55,0.55,1000,2026-04-08T03:17:25.288917+00:00,0.0,0.0,0.0,0.0,0.55,0.55,0.5456,0.0,2.344815963935132,53.39540064766612,0.0009072645365029164,0.0006320267959277747,0.0002752377405751417,6837.85
100348,MCNICHOLS,2019-06-28,0.55,0.55,0,2026-04-08T03:17:27.669324+00:00,0.0,0.0,0.0,0.0,0.55,0.55,0.545,0.0,2.0654345498500173,53.395400647666115,0.0008952092854339622,0.0004959772358870563,0.0003992320495469058,6837.85
100451,MCNICHOLS,2019-07-01,0.55,0.55,0,2026-04-08T03:17:31.993492+00:00,0.0,0.0,0.0,0.0,0.55,0.55,0.5444,0.0,2.0654345498500173,53.395400647666115,0.0008755624729391842,0.0003810643387138227,0.0004944981342253615,6688.85
100554,MCNICHOLS,2019-07-02,0.55,0.55,0,2026-04-08T03:17:34.195482+00:00,0.0,0.0,0.0,0.0,0.55,0.55,0.5438000000000001,0.0,2.0654345498500173,53.39540064766612,0.0008501917512074852,0.00028455489358569894,0.0005656368576217863,6688.85
100657,MCNICHOLS,2019-07-03,0.55,0.55,0,2026-04-08T03:17:36.539656+00:00,0.0,0.0,0.0,0.0,0.55,0.55,0.5432000000000001,0.0,2.0654345498500173,53.395400647666115,0.0008206256102357701,0.00020399100209118697,0.0006166346081445831,6688.85
100760,MCNICHOLS,2019-07-04,0.55,0.55,75000,2026-04-08T03:17:38.806977+00:00,0.0,0.0,0.0,0.0,0.55,0.55,0.5426,0.0,2.0654345498500173,53.395400647666115,0.0007881093959675178,0.00013717983025834783,0.00065092956570917,10438.85
100863,MCNICHOLS,2019-07-05,0.55,0.55,300,2026-04-08T03:17:41.292481+00:00,0.0,0.0,0.0,0.0,0.55,0.55,0.542,0.0,2.0654345498500173,53.39540064766612,0.0007536524258602295,8.217828812084752e-05,0.000671474137739382,10453.85
100966,MCNICHOLS,2019-07-08,0.55,0.55,1000,2026-04-08T03:17:45.861747+00:00,0.0,0.0,0.0,0.0,0.55,0.55,0.5414,0.0,2.0654345498500173,53.39540064766612,0.0007180675925755331,3.727476386892082e-05,0.0006807928287066123,8603.95
101070,MCNICHOLS,2019-07-09,0.55,0.55,500,2026-04-08T03:17:48.217581+00:00,0.0,0.0,0.0,0.0,0.55,0.55,0.5408000000000001,0.0,2.0654345498500173,53.39540064766612,0.0006820046309697902,9.694418105423309e-07,0.0006810351891592479,8628.95
101174,MCNICHOLS,2019-07-10,0.55,0.55,36261,2026-04-08T03:17:50.676625+00:00,0.0,0.0,0.0,0.0,0.55,0.55,0.5402,0.0,2.0654345498500173,53.39540064766612,0.0006459780413247129,-2.8045718267627972e-05,0.0006740237595923409,10442.0
101278,MCNICHOLS,2019-07-11,0.55,0.55,0,2026-04-08T03:17:53.082234+00:00,0.0,0.0,0.0,0.0,0.55,0.55,0.5396,0.0,2.0654345498500173,53.395400647666115,0.0006103905076561,-5.090660154899278e-05,0.0006612971092050928,10442.0
101382,MCNICHOLS,2019-07-12,0.55,0.55,0,2026-04-08T03:17:55.503872+00:00,0.0,0.0,0.0,0.0,0.55,0.55,0.539,0.0,2.0654345498500173,53.39540064766612,0.0005755525196518008,-6.859567164263372e-05,0.0006441481912944345,10442.0
101486,MCNICHOLS,2019-07-15,0.55,0.55,240,2026-04-08T03:18:00.039317+00:00,0.0,0.0,0.0,0.0,0.55,0.55,0.539,0.0,1.9305709167928529,53.395400647666115,0.0005416987966324616,-8.195951572957845e-05,0.00062365831236204,10454.0
101590,MCNICHOLS,2019-07-16,0.5,0.5,456520,2026-04-08T03:18:02.440443+00:00,-9.090909090909093,0.0,0.0,0.0,0.54,0.5475000000000001,0.538,2.032789070454355,2.3209358300054013,8.170189189850136,-0.0034796019697973524,-0.0032826082257275137,-0.00019699374406983853,33280.0
101694,MCNICHOLS,2019-07-17,0.5,0.5,0,2026-04-08T03:18:04.729662+00:00,0.0,-9.090909090909093,0.0,0.0,0.53,0.5450000000000002,0.537,2.032789070454355,2.3209358300054013,8.170189189850136,-0.006590540154666202,-0.005114837128477091,-0.0014757030261891113,30130.0
101798,MCNICHOLS,2019-07-18,0.5,0.5,0,2026-04-08T03:18:07.178594+00:00,0.0,0.0,0.0,0.0,0.52,0.5425000000000001,0.536,2.032789070454355,2.3209358300054013,8.170189189850134,-0.00895277901569258,-0.005981660791602775,-0.002971118224089805,30130.0
101902,MCNICHOLS,2019-07-19,0.45,0.45,300300,2026-04-08T03:18:09.535362+00:00,-9.999999999999998,0.0,0.0,0.0,0.5,0.5375,0.535,2.9417278095427433,2.3946868720241254,3.9702234070894775,-0.014690113975007524,-0.009375196600734175,-0.005314917374273349,44256.05
102006,MCNICHOLS,2019-07-22,0.45,0.45,0,2026-04-08T03:18:14.212024+00:00,0.0,-9.999999999999998,0.0,0.0,0.48,0.5325,0.534,2.9417278095427433,2.3946868720241254,3.970223407089477,-0.019017768271051838,-0.010962280717422791,-0.008055487553629047,44256.05
102110,MCNICHOLS,2019-07-23,0.45,0.45,100,2026-04-08T03:18:16.654741+00:00,0.0,0.0,-9.090909090909093,0.0,0.47000000000000003,0.5275000000000001,0.533,2.9417278095427433,2.3946868720241254,3.9702234070894766,-0.022191653907313924,-0.011308933082947902,-0.010882720824366022,43561.05
102214,MCNICHOLS,2019-07-24,0.45,0.45,23912,2026-04-08T03:18:18.926554+00:00,0.0,0.0,0.0,0.0,0.45999999999999996,0.5225000000000001,0.532,2.9417278095427433,2.3946868720241254,3.9702234070894766,-0.024425420102022755,-0.010834159422125386,-0.013591260679897368,44756.65
102318,MCNICHOLS,2019-07-25,0.45,0.45,0,2026-04-08T03:18:21.127331+00:00,0.0,0.0,0.0,0.0,0.45,0.5175000000000001,0.531,2.9417278095427433,2.3946868720241254,3.970223407089477,-0.025897169455688984,-0.009844727020633291,-0.016052442435055693,44706.65
102422,MCNICHOLS,2019-07-26,0.45,0.45,0,2026-04-08T03:18:23.508197+00:00,0.0,0.0,-9.999999999999998,0.0,0.45,0.5125,0.53,2.9417278095427433,2.3946868720241254,3.970223407089477,-0.026755124995391122,-0.00856214604826834,-0.01819297894712278,44706.65
102526,MCNICHOLS,2019-07-29,0.49,0.49,299488,2026-04-08T03:18:27.808584+00:00,8.888888888888879,0.0,0.0,0.0,0.458,0.5095000000000001,0.5298,3.6738973495677967,2.7167513520520106,41.49955848986208,-0.02393152748381422,-0.0045908388293531485,-0.01934068865446107,59681.05
102630,MCNICHOLS,2019-07-30,0.49,0.49,32000,2026-04-08T03:18:30.090931+00:00,0.0,8.888888888888879,0.0,-9.090909090909093,0.466,0.5065000000000001,0.5296,3.6738973495677967,2.7167513520520106,41.499558489862075,-0.021446583251281792,-0.0016847156774565768,-0.019761867573825215,61281.05
102734,MCNICHOLS,2019-07-31,0.49,0.49,0,2026-04-08T03:18:32.379029+00:00,0.0,0.0,0.0,0.0,0.47400000000000003,0.5035000000000001,0.5294000000000001,3.6738973495677967,2.7167513520520106,41.49955848986208,-0.01925528411466776,0.000405266767325968,-0.019660550881993727,61281.05
102838,MCNICHOLS,2019-08-01,0.49,0.49,0,2026-04-08T03:18:34.721051+00:00,0.0,0.0,0.0,0.0,0.48200000000000004,0.5005000000000001,0.5292,3.6738973495677967,2.7167513520520106,41.49955848986208,-0.017319020869575097,0.0018732240099349033,-0.01919224487951,57531.05
102942,MCNICHOLS,2019-08-02,0.49,0.49,4000,2026-04-08T03:18:37.148519+00:00,0.0,0.0,0.0,-9.999999999999998,0.49,0.49749999999999994,0.529,3.6738973495677967,2.7167513520520106,41.499558489862075,-0.015604637747413275,0.0028700857056773825,-0.018474723453090657,57716.05
103046,MCNICHOLS,2019-08-05,0.49,0.49,0,2026-04-08T03:18:41.327383+00:00,0.0,0.0,8.888888888888879,0.0,0.49,0.49450000000000005,0.5278,3.6738973495677967,2.301620323013531,41.49955848986208,-0.014083629457999736,0.00351287519607274,-0.017596504654072476,57666.05
103150,MCNICHOLS,2019-08-06,0.49,0.49,0,2026-04-08T03:18:43.676077+00:00,0.0,0.0,0.0,0.0,0.49,0.4915,0.5266000000000001,3.6738973495677967,2.301620323013531,41.499558489862075,-0.012731459094977748,0.003892036447275784,-0.016623495542253532,57641.05
103254,MCNICHOLS,2019-08-07,0.49,0.49,150,2026-04-08T03:18:45.952647+00:00,0.0,0.0,0.0,0.0,0.49,0.4885,0.5254000000000001,3.6738973495677967,2.301620323013531,41.499558489862075,-0.011526978507482077,0.004077213627817166,-0.015604192135299243,55835.5
103358,MCNICHOLS,2019-08-08,0.49,0.49,0,2026-04-08T03:18:48.284739+00:00,0.0,0.0,0.0,0.0,0.49,0.48550000000000004,0.5242,3.6738973495677967,2.301620323013531,41.499558489862075,-0.010451935557079683,0.004121805262575648,-0.014573740819655331,55835.5
103462,MCNICHOLS,2019-08-09,0.49,0.49,100,2026-04-08T03:18:50.530707+00:00,0.0,0.0,0.0,0.0,0.49,0.48250000000000004,0.523,3.6738973495677967,2.301620323013531,41.499558489862075,-0.00949055506252422,0.0040665486057048904,-0.01355710366822911,55840.5
103566,MCNICHOLS,2019-08-14,0.49,0.49,0,2026-04-08T03:18:57.313874+00:00,0.0,0.0,0.0,8.888888888888879,0.49,0.4795,0.5218,3.6738973495677967,2.301620323013531,41.499558489862075,-0.008629182252687051,0.003942337132433648,-0.012571519385120699,55828.5
103670,MCNICHOLS,2019-08-15,0.49,0.49,0,2026-04-08T03:18:59.647711+00:00,0.0,0.0,0.0,0.0,0.49,0.4789999999999999,0.5206000000000001,3.068949908561648,2.301620323013531,41.499558489862075,-0.007855979256345236,0.003772432103020371,-0.011628411359365607,33002.5
103774,MCNICHOLS,2019-08-19,0.49,0.49,225,2026-04-08T03:19:05.053534+00:00,0.0,0.0,0.0,0.0,0.49,0.4784999999999999,0.5194000000000001,3.068949908561648,2.301620323013531,41.499558489862075,-0.007160666603868326,0.003574195804397825,-0.010734862408266151,33013.75
103878,MCNICHOLS,2019-08-20,0.49,0.49,0,2026-04-08T03:19:07.283568+00:00,0.0,0.0,0.0,0.0,0.49,0.4779999999999999,0.5182,3.068949908561648,2.301620323013531,41.49955848986208,-0.00653430294048768,0.0033604475742227777,-0.009894750514710457,33013.75
103981,MCNICHOLS,2019-08-21,0.49,0.49,10,2026-04-08T03:19:09.493441+00:00,0.0,0.0,0.0,0.0,0.49,0.48,0.517,1.987615979999811,2.301620323013531,41.499558489862075,-0.005969097187804917,0.003140522661524432,-0.00910961984932935,17999.25
104084,MCNICHOLS,2019-08-22,0.49,0.49,0,2026-04-08T03:19:11.834929+00:00,0.0,0.0,0.0,0.0,0.49,0.48200000000000004,0.5158,1.987615979999811,2.301620323013531,41.49955848986208,-0.005458248268320698,0.002921097264806922,-0.00837934553312762,17999.25
104187,MCNICHOLS,2019-08-23,0.49,0.49,0,2026-04-08T03:19:14.066623+00:00,0.0,0.0,0.0,0.0,0.49,0.484,0.5146000000000001,1.987615979999811,2.301620323013531,41.499558489862075,-0.004995808251421985,0.0027068298253645085,-0.007702638076786493,17994.25
104290,MCNICHOLS,2019-08-26,0.49,0.49,0,2026-04-08T03:19:18.291411+00:00,0.0,0.0,0.0,0.0,0.49,0.48600000000000004,0.5134000000000001,1.987615979999811,2.301620323013531,41.49955848986208,-0.00457656540910617,0.002500858134144259,-0.007077423543250429,16798.65
104393,MCNICHOLS,2019-08-27,0.49,0.49,0,2026-04-08T03:19:20.588978+00:00,0.0,0.0,0.0,0.0,0.49,0.488,0.5122000000000001,1.987615979999811,2.301620323013531,41.49955848986208,-0.004195944203199464,0.0023051834720407725,-0.006501127675240237,16798.65
104496,MCNICHOLS,2019-08-28,0.49,0.49,0,2026-04-08T03:19:22.939533+00:00,0.0,0.0,0.0,0.0,0.49,0.49,0.511,1.987615979999811,2.301620323013531,41.49955848986208,-0.0038499196777374567,0.0021209663980022242,-0.005970886075739681,16798.65
104599,MCNICHOLS,2019-08-29,0.49,0.49,0,2026-04-08T03:19:25.308081+00:00,0.0,0.0,0.0,0.0,0.49,0.49,0.5097999999999999,0.0,2.301620323013531,41.49955848986208,-0.003534944113028071,0.0019487535701692878,-0.005483697683197359,1824.25
104702,MCNICHOLS,2019-08-30,0.49,0.49,46916,2026-04-08T03:19:27.686427+00:00,0.0,0.0,0.0,0.0,0.49,0.49,0.5085999999999999,0.0,2.301620323013531,41.49955848986208,-0.0032478841222953747,0.001788650848721587,-0.005036534971016962,2570.05
104805,MCNICHOLS,2019-09-02,0.49,0.49,6500,2026-04-08T03:19:32.075785+00:00,0.0,0.0,0.0,0.0,0.49,0.49,0.5074000000000001,0.0,2.301620323013531,41.49955848986208,-0.002985966646680882,0.0016404546594688645,-0.0046264213061497465,2895.05
104908,MCNICHOLS,2019-09-03,0.49,0.49,10000,2026-04-08T03:19:34.366833+00:00,0.0,0.0,0.0,0.0,0.49,0.49,0.5062000000000001,0.0,2.301620323013531,41.49955848986209,-0.0027467325373340956,0.001503751015052521,-0.004250483552386617,3395.05
105011,MCNICHOLS,2019-09-04,0.49,0.49,0,2026-04-08T03:19:36.608723+00:00,0.0,0.0,0.0,0.0,0.49,0.49,0.505,0.0,2.301620323013531,41.49955848986208,-0.002527996610782235,0.0013779895532835059,-0.0039059861640657408,3195.05
105114,MCNICHOLS,2019-09-05,0.49,0.49,0,2026-04-08T03:19:38.984327+00:00,0.0,0.0,0.0,0.0,0.49,0.49,0.5038,0.0,2.301620323013531,41.49955848986208,-0.002327813231167153,0.0012625383463188704,-0.0035903515774860233,3195.05
105217,MCNICHOLS,2019-09-06,0.49,0.49,0,2026-04-08T03:19:41.363212+00:00,0.0,0.0,0.0,0.0,0.49,0.49,0.5025999999999999,0.0,2.301620323013531,41.49955848986209,-0.0021444466148742847,0.0011567239700893909,-0.0033011705849636756,3195.05
105320,MCNICHOLS,2019-09-09,0.49,0.49,0,2026-04-08T03:19:45.624302+00:00,0.0,0.0,0.0,0.0,0.49,0.49,0.5014,0.0,2.301620323013531,41.49955848986208,-0.0019763451734496895,0.0010598603292111888,-0.0030362055026608784,3187.55
105423,MCNICHOLS,2019-09-10,0.49,0.49,0,2026-04-08T03:19:47.977958+00:00,0.0,0.0,0.0,0.0,0.49,0.49,0.5002,0.0,2.301620323013531,41.49955848986209,-0.0018221193128070134,0.0009712689518830923,-0.0027933882646901057,3187.55
105526,MCNICHOLS,2019-09-11,0.49,0.49,5500,2026-04-08T03:19:50.333421+00:00,0.0,0.0,0.0,0.0,0.49,0.49,0.499,0.0,2.301620323013531,41.49955848986208,-0.0016805221933541281,0.0008902928570687823,-0.0025708150504229104,3457.55
105629,MCNICHOLS,2019-09-12,0.49,0.49,105,2026-04-08T03:19:52.607202+00:00,0.0,0.0,0.0,0.0,0.49,0.49,0.4978,0.0,2.301620323013531,41.49955848986208,-0.0015504330291861157,0.0008163056169894359,-0.0023667386461755516,3462.8
105732,MCNICHOLS,2019-09-13,0.49,0.49,95854,2026-04-08T03:19:55.083512+00:00,0.0,0.0,0.0,0.0,0.49,0.49,0.4966,0.0,2.301620323013531,41.49955848986208,-0.0014308425668985159,0.0007487168634216284,-0.0021795594303201443,8255.5
105835,MCNICHOLS,2019-09-16,0.49,0.49,0,2026-04-08T03:19:59.701348+00:00,0.0,0.0,0.0,0.0,0.49,0.49,0.4954,0.0,2.301620323013531,41.49955848986209,-0.0013208404375632532,0.000686975194205513,-0.0020078156317687662,8244.25
105938,MCNICHOLS,2019-09-17,0.49,0.49,1000,2026-04-08T03:20:02.523968+00:00,0.0,0.0,0.0,0.0,0.49,0.49,0.49420000000000003,0.0,2.301620323013531,41.49955848986209,-0.001219604120419493,0.0006305692090794188,-0.0018501733294989118,8294.25
106041,MCNICHOLS,2019-09-18,0.49,0.49,0,2026-04-08T03:20:05.488272+00:00,0.0,0.0,0.0,0.0,0.49,0.49,0.49300000000000005,0.0,2.301620323013531,41.49955848986209,-0.0011263892950741927,0.0005790272275397752,-0.001705416522613968,8293.75
106144,MCNICHOLS,2019-09-19,0.49,0.49,0,2026-04-08T03:20:08.114889+00:00,0.0,0.0,0.0,0.0,0.49,0.49,0.4918,0.0,2.301620323013531,41.49955848986209,-0.0010405213915121725,0.0005319161048814363,-0.0015724374963936088,8293.75
106247,MCNICHOLS,2019-09-20,0.49,0.49,0,2026-04-08T03:20:10.721894+00:00,0.0,0.0,0.0,0.0,0.49,0.49,0.4905999999999999,0.0,2.301620323013531,41.49955848986208,-0.0009613881748580799,0.0004888394572284231,-0.001450227632086503,8293.75
106350,MCNICHOLS,2019-09-23,0.49,0.49,1000,2026-04-08T03:20:15.267012+00:00,0.0,0.0,0.0,0.0,0.49,0.49,0.4894,0.0,2.301620323013531,41.49955848986209,-0.0008884332253443761,0.0004494355253937016,-0.0013378687507380777,8343.75
106453,MCNICHOLS,2019-09-24,0.49,0.49,0,2026-04-08T03:20:17.630341+00:00,0.0,0.0,0.0,0.0,0.49,0.49,0.4882,0.0,2.301620323013531,41.49955848986209,-0.0008211501939550114,0.000413374845426453,-0.0012345250393814644,8343.75
106556,MCNICHOLS,2019-09-25,0.49,0.49,0,2026-04-08T03:20:20.165626+00:00,0.0,0.0,0.0,0.0,0.49,0.49,0.48700000000000004,0.0,2.301620323013531,41.49955848986208,-0.0007590777312544428,0.0003803578465016173,-0.00113943557775606,8343.75
106659,MCNICHOLS,2019-09-26,0.49,0.49,0,2026-04-08T03:20:22.92566+00:00,0.0,0.0,0.0,0.0,0.49,0.49,0.4858,0.0,2.301620323013531,41.49955848986208,-0.0007017950014320817,0.00035011246105918267,-0.0010519074624912644,8343.75
106762,MCNICHOLS,2019-09-27,0.49,0.49,3000,2026-04-08T03:20:25.402499+00:00,0.0,0.0,0.0,0.0,0.49,0.49,0.48560000000000003,0.0,1.911232396088156,41.49955848986208,-0.000648917705970864,0.0003223918052163204,-0.0009713095111871843,6147.95
106865,MCNICHOLS,2019-09-30,0.49,0.49,0,2026-04-08T03:20:29.867546+00:00,0.0,0.0,0.0,0.0,0.49,0.49,0.4854,0.0,1.911232396088156,41.49955848986209,-0.0006000945519089584,0.0002969719674225808,-0.0008970665193315392,5822.95
106968,MCNICHOLS,2019-10-02,0.49,0.49,0,2026-04-08T03:20:33.475481+00:00,0.0,0.0,0.0,0.0,0.49,0.49,0.48519999999999996,0.0,1.911232396088156,41.49955848986209,-0.0005550041086763158,0.0002736499285241788,-0.0008286540372004946,5322.95
107071,MCNICHOLS,2019-10-03,0.49,0.49,0,2026-04-08T03:20:35.801047+00:00,0.0,0.0,0.0,0.0,0.49,0.49,0.486,0.0,1.2570787221094115,41.49955848986208,-0.0005133520051900375,0.00025224162560836573,-0.0007655936307984033,5322.95
107174,MCNICHOLS,2019-10-04,0.49,0.49,1210,2026-04-08T03:20:38.138638+00:00,0.0,0.0,0.0,0.0,0.49,0.49,0.4868,0.0,1.2570787221094115,41.49955848986208,-0.0004748684254763935,0.00023258016425760787,-0.0007074485897340014,5383.45
107277,MCNICHOLS,2019-10-07,0.49,0.49,2500,2026-04-08T03:20:43.38987+00:00,0.0,0.0,0.0,0.0,0.49,0.49,0.4876,0.0,1.2570787221094115,41.49955848986208,-0.0004393058667209737,0.00021451417841042214,-0.0006538200451313959,5508.45
107380,MCNICHOLS,2019-10-08,0.49,0.49,0,2026-04-08T03:20:50.115577+00:00,0.0,0.0,0.0,0.0,0.49,0.49,0.48839999999999995,0.0,1.2570787221094115,41.49955848986208,-0.000406437128474213,0.00019790633332574632,-0.0006043434617999593,5508.45
107483,MCNICHOLS,2019-10-09,0.49,0.49,0,2026-04-08T03:20:53.067656+00:00,0.0,0.0,0.0,0.0,0.49,0.49,0.4892,0.0,1.2570787221094115,41.49955848986208,-0.0003760535058765502,0.00018263196473872732,-0.0005586854706152775,5508.45
107586,MCNICHOLS,2019-10-10,0.49,0.49,0,2026-04-08T03:20:55.682822+00:00,0.0,0.0,0.0,0.0,0.49,0.49,0.49,0.0,1.2570787221094115,41.49955848986208,-0.00034796316331858756,0.00016857784583735192,-0.0005165410091559395,5233.45
107689,MCNICHOLS,2019-10-11,0.49,0.49,0,2026-04-08T03:20:58.30073+00:00,0.0,0.0,0.0,0.0,0.49,0.49,0.49,0.0,0.0,41.49955848986208,-0.0003219896680002887,0.00015564107292452068,-0.0004776307409248094,5228.2
107792,MCNICHOLS,2019-10-14,0.49,0.49,0,2026-04-08T03:21:03.536141+00:00,0.0,0.0,0.0,0.0,0.49,0.49,0.49,0.0,0.0,41.49955848986208,-0.00029797066548026274,0.00014372806035563735,-0.0004416987258359001,435.5
107895,MCNICHOLS,2019-10-15,0.49,0.49,1000,2026-04-08T03:21:06.159586+00:00,0.0,0.0,0.0,0.0,0.49,0.49,0.49,0.0,0.0,41.49955848986208,-0.0002757566815630441,0.00013275363541828477,-0.0004085103169813289,485.5
107998,MCNICHOLS,2019-10-16,0.49,0.49,0,2026-04-08T03:21:08.538525+00:00,0.0,0.0,0.0,0.0,0.49,0.49,0.49,0.0,0.0,41.499558489862075,-0.00025521003682377197,0.00012264022412604555,-0.0003778502609498175,435.5
108101,MCNICHOLS,2019-10-17,0.49,0.49,0,2026-04-08T03:21:11.125073+00:00,0.0,0.0,0.0,0.0,0.49,0.49,0.49,0.0,0.0,41.49955848986209,-0.00023620386175082775,0.00011331711935919184,-0.0003495209811100196,435.5
108204,MCNICHOLS,2019-10-18,0.49,0.49,0,2026-04-08T03:21:14.04892+00:00,0.0,0.0,0.0,0.0,0.49,0.49,0.49,0.0,0.0,41.49955848986209,-0.00021862120194443557,0.00010471982333246722,-0.0003233410252769028,435.5
108307,MCNICHOLS,2019-10-21,0.49,0.49,0,2026-04-08T03:21:18.357079+00:00,0.0,0.0,0.0,0.0,0.49,0.49,0.49,0.0,0.0,41.49955848986209,-0.00020235420406822247,9.678945696694428e-05,-0.00029914366103516674,435.5
108410,MCNICHOLS,2019-10-22,0.49,0.49,0,2026-04-08T03:21:20.5704+00:00,0.0,0.0,0.0,0.0,0.49,0.49,0.49,0.0,0.0,41.49955848986209,-0.00018730337434674782,8.947222935073518e-05,-0.000276775603697483,385.5
108513,MCNICHOLS,2019-10-23,0.49,0.49,0,2026-04-08T03:21:22.84444+00:00,0.0,0.0,0.0,0.0,0.49,0.49,0.49,0.0,0.0,41.49955848986209,-0.00017337690235019743,8.271896107782845e-05,-0.0002560958634280259,385.5
108616,MCNICHOLS,2019-10-24,0.46,0.46,200000,2026-04-08T03:21:25.228823+00:00,-6.122448979591832,0.0,0.0,0.0,0.484,0.4885,0.4894,1.369021210714156,0.8658450381876086,1.7132135846823004,-0.0025536524367990587,-0.0018380452586968263,-0.0007156071781022324,10385.5
108719,MCNICHOLS,2019-10-25,0.46,0.46,0,2026-04-08T03:21:27.539286+00:00,0.0,-6.122448979591832,0.0,0.0,0.47800000000000004,0.487,0.4888,1.369021210714156,0.8658450381876086,1.7132135846823007,-0.004389439223768443,-0.0029390656365329685,-0.0014503735872354747,10385.5
108822,MCNICHOLS,2019-10-28,0.46,0.46,100,2026-04-08T03:21:32.161692+00:00,0.0,0.0,0.0,0.0,0.472,0.48549999999999993,0.4882,1.369021210714156,0.8658450381876086,1.7132135846823002,-0.005777711615567671,-0.003461870422665757,-0.002315841192901914,10240.5
108925,MCNICHOLS,2019-10-29,0.46,0.46,0,2026-04-08T03:21:34.477485+00:00,0.0,0.0,0.0,0.0,0.466,0.484,0.4876,1.369021210714156,0.8658450381876086,1.7132135846823004,-0.006799546547996416,-0.0035869642840756014,-0.0032125822639208143,10240.5
109028,MCNICHOLS,2019-10-30,0.46,0.46,0,2026-04-08T03:21:36.754268+00:00,0.0,0.0,0.0,0.0,0.46,0.48250000000000004,0.48700000000000004,1.369021210714156,0.8658450381876086,1.7132135846823002,-0.007522641762315263,-0.003448047598715559,-0.004074594163599704,10240.5
109131,MCNICHOLS,2019-10-31,0.46,0.46,0,2026-04-08T03:21:39.10919+00:00,0.0,0.0,-6.122448979591832,0.0,0.46,0.48100000000000004,0.4864,1.369021210714156,0.8658450381876086,1.7132135846823004,-0.00800344124062985,-0.003143077661624116,-0.0048603635790057335,10240.5
109234,MCNICHOLS,2019-11-01,0.46,0.46,0,2026-04-08T03:21:41.456138+00:00,0.0,0.0,0.0,0.0,0.46,0.4795,0.4858,1.369021210714156,0.8658450381876086,1.7132135846823004,-0.008288928681011665,-0.002742852081604745,-0.0055460765994069195,10180.0
109337,MCNICHOLS,2019-11-04,0.46,0.46,0,2026-04-08T03:21:45.945243+00:00,0.0,0.0,0.0,0.0,0.46,0.47800000000000004,0.48519999999999996,1.369021210714156,0.8658450381876086,1.7132135846823004,-0.008418140451327771,-0.0022976510815366814,-0.00612048936979109,10055.0
109440,MCNICHOLS,2019-11-05,0.46,0.46,0,2026-04-08T03:21:48.37169+00:00,0.0,0.0,0.0,0.0,0.46,0.4765,0.48460000000000003,1.369021210714156,0.8658450381876086,1.7132135846823002,-0.008423441519793906,-0.001842361720002253,-0.006581079799791653,10055.0
109543,MCNICHOLS,2019-11-06,0.42,0.42,121000,2026-04-08T03:21:50.755948+00:00,-8.695652173913048,0.0,0.0,0.0,0.45200000000000007,0.473,0.4831999999999999,2.318347212399938,1.4894679628226228,0.4908178688059783,-0.011522484333893579,-0.00395312362728154,-0.007569360706612039,16105.0
109646,MCNICHOLS,2019-11-07,0.42,0.42,0,2026-04-08T03:21:53.200031+00:00,0.0,-8.695652173913048,0.0,-6.122448979591832,0.44400000000000006,0.4694999999999999,0.4818,2.318347212399938,1.4894679628226228,0.49081786880597833,-0.013819198967915891,-0.004999870609043082,-0.00881932835887281,16105.0
109749,MCNICHOLS,2019-11-08,0.42,0.42,0,2026-04-08T03:21:55.63316+00:00,0.0,0.0,0.0,0.0,0.43599999999999994,0.466,0.48040000000000005,2.318347212399938,1.4894679628226228,0.4908178688059782,-0.015461135516304736,-0.00531344572594554,-0.010147689790359196,16105.0
109852,MCNICHOLS,2019-11-12,0.42,0.42,0,2026-04-08T03:22:01.520244+00:00,0.0,0.0,0.0,0.0,0.42800000000000005,0.4625000000000001,0.479,2.318347212399938,1.4894679628226228,0.4908178688059783,-0.016571357763432104,-0.005138934378458325,-0.01143242338497378,16105.0
109955,MCNICHOLS,2019-11-13,0.42,0.42,7500,2026-04-08T03:22:04.169594+00:00,0.0,0.0,0.0,0.0,0.42,0.4590000000000001,0.4776,2.318347212399938,1.4894679628226228,0.49081786880597833,-0.01725234262641301,-0.004655935393151383,-0.012596407233261626,16430.0
110058,MCNICHOLS,2019-11-14,0.42,0.42,1000,2026-04-08T03:22:06.510438+00:00,0.0,0.0,-8.695652173913048,0.0,0.42,0.45550000000000007,0.47619999999999996,2.318347212399938,1.4894679628226228,0.4908178688059783,-0.01758926988229359,-0.003994290119225571,-0.013594979763068019,16480.0
110161,MCNICHOLS,2019-11-15,0.42,0.42,0,2026-04-08T03:22:08.972682+00:00,0.0,0.0,0.0,0.0,0.42,0.45200000000000007,0.47480000000000006,2.318347212399938,1.4894679628226228,0.49081786880597816,-0.017652796708042873,-0.003246253555979881,-0.014406543152062991,16480.0
110263,MCNICHOLS,2019-11-18,0.42,0.42,0,2026-04-08T03:22:13.551393+00:00,0.0,0.0,0.0,0.0,0.42,0.4485,0.4734,2.318347212399938,1.4894679628226228,0.49081786880597816,-0.017501396965162175,-0.0024758830504793463,-0.015025513914682829,16480.0
110365,MCNICHOLS,2019-11-19,0.42,0.42,0,2026-04-08T03:22:15.801005+00:00,0.0,0.0,0.0,0.0,0.42,0.445,0.47200000000000003,2.318347212399938,1.4894679628226228,0.4908178688059781,-0.01718333281372958,-0.0017262551192374007,-0.015457077694492179,16480.0
110467,MCNICHOLS,2019-11-20,0.42,0.42,0,2026-04-08T03:22:18.11241+00:00,0.0,0.0,0.0,0.0,0.42,0.4415,0.47059999999999996,2.318347212399938,1.4894679628226228,0.49081786880597816,-0.016738315796923642,-0.0010249904819451677,-0.015713325314978474,16480.0
110569,MCNICHOLS,2019-11-21,0.42,0.42,0,2026-04-08T03:22:20.360812+00:00,0.0,0.0,0.0,-8.695652173913048,0.42,0.438,0.4692,2.318347212399938,1.4894679628226228,0.4908178688059781,-0.016198905703449784,-0.000388464310777048,-0.015810441392672736,16480.0
110671,MCNICHOLS,2019-11-22,0.46,0.46,135662,2026-04-08T03:22:22.766306+00:00,9.523809523809534,0.0,0.0,0.0,0.42800000000000005,0.438,0.4686,2.9583336556570825,2.036609355136188,61.90668536689228,-0.012400804852968073,0.0027277092317637315,-0.015128514084731804,13263.1
110773,MCNICHOLS,2019-11-25,0.46,0.46,0,2026-04-08T03:22:27.077445+00:00,0.0,9.523809523809534,0.0,0.0,0.43600000000000005,0.438,0.46799999999999997,2.9583336556570825,2.036609355136188,61.9066853668923,-0.00928376509999268,0.004675799187791301,-0.013959564287783981,13263.1
110875,MCNICHOLS,2019-11-26,0.46,0.46,0,2026-04-08T03:22:29.415971+00:00,0.0,0.0,0.0,0.0,0.44400000000000006,0.438,0.46740000000000004,2.9583336556570825,2.036609355136188,61.90668536689229,-0.006735842044527707,0.005778977794605022,-0.012514819839132729,13258.1
110977,MCNICHOLS,2019-11-27,0.46,0.46,0,2026-04-08T03:22:31.797244+00:00,0.0,0.0,0.0,0.0,0.45199999999999996,0.438,0.4668,2.9583336556570825,2.036609355136188,61.90668536689228,-0.004662844299710145,0.006281580431538068,-0.010944424731248212,13258.1
111079,MCNICHOLS,2019-11-28,0.46,0.46,2700,2026-04-08T03:22:34.150197+00:00,0.0,0.0,0.0,0.0,0.46,0.438,0.46619999999999995,2.9583336556570825,2.036609355136188,61.90668536689228,-0.0029855629406683737,0.006367089432463871,-0.009352652373132245,13393.1
111181,MCNICHOLS,2019-11-29,0.46,0.46,20000,2026-04-08T03:22:36.43862+00:00,0.0,0.0,9.523809523809534,0.0,0.46,0.438,0.46559999999999996,2.9583336556570825,2.036609355136188,61.90668536689229,-0.0016374301044883577,0.00617217781491511,-0.007809607919403468,14393.1
111283,MCNICHOLS,2019-12-02,0.46,0.46,20009,2026-04-08T03:22:40.672716+00:00,0.0,0.0,0.0,0.0,0.46,0.438,0.465,2.9583336556570825,2.036609355136188,61.90668536689228,-0.000562540502301867,0.005797653933681281,-0.0063601944359831485,15393.55
111385,MCNICHOLS,2019-12-03,0.46,0.46,0,2026-04-08T03:22:42.857808+00:00,0.0,0.0,0.0,0.0,0.46,0.438,0.46440000000000003,2.9583336556570825,2.036609355136188,61.90668536689228,0.0002860201888960634,0.00531697169990337,-0.0050309515110073064,15393.55
111487,MCNICHOLS,2019-12-04,0.46,0.46,1000,2026-04-08T03:22:45.132537+00:00,0.0,0.0,0.0,0.0,0.46,0.43800000000000006,0.46380000000000005,2.9583336556570825,2.036609355136188,61.90668536689229,0.0009475874519270233,0.004782831170347463,-0.0038352437184204402,15443.55
111589,MCNICHOLS,2019-12-05,0.46,0.46,2000,2026-04-08T03:22:47.409461+00:00,0.0,0.0,0.0,0.0,0.46,0.44000000000000006,0.4632,2.1295885499998026,2.036609355136188,61.90668536689228,0.0014551106642511913,0.0042322835061373056,-0.002777172841886114,9493.55
111691,MCNICHOLS,2019-12-06,0.46,0.46,0,2026-04-08T03:22:49.720566+00:00,0.0,0.0,0.0,9.523809523809534,0.46,0.44200000000000006,0.46259999999999996,2.1295885499998026,2.036609355136188,61.90668536689229,0.001836160352946703,0.0036906665558662536,-0.0018545062029195506,9493.55
111793,MCNICHOLS,2019-12-10,0.46,0.46,0,2026-04-08T03:22:54.948045+00:00,0.0,0.0,0.0,0.0,0.46,0.44400000000000006,0.462,2.1295885499998026,2.036609355136188,61.9066853668923,0.00211377865203366,0.0031746278839625683,-0.0010608492319289086,9493.55
111895,MCNICHOLS,2019-12-11,0.46,0.46,0,2026-04-08T03:22:57.463594+00:00,0.0,0.0,0.0,0.0,0.46,0.446,0.46140000000000003,2.1295885499998026,2.036609355136188,61.90668536689228,0.0023071972208107416,0.00269443716219172,-0.00038723994138097854,9493.55
111997,MCNICHOLS,2019-12-12,0.46,0.46,0,2026-04-08T03:22:59.677549+00:00,0.0,0.0,0.0,0.0,0.46,0.44799999999999995,0.4608,2.1295885499998026,2.036609355136188,61.90668536689228,0.0024324431397008683,0.0022557464648654776,0.00017669667483539086,9118.55
112099,MCNICHOLS,2019-12-13,0.46,0.46,5000,2026-04-08T03:23:01.961124+00:00,0.0,0.0,0.0,0.0,0.46,0.45,0.46019999999999994,2.1295885499998026,2.036609355136188,61.90668536689229,0.002502850134390333,0.0018609227676439537,0.0006419273667463793,9318.55
112201,MCNICHOLS,2019-12-16,0.46,0.46,0,2026-04-08T03:23:06.206185+00:00,0.0,0.0,0.0,0.0,0.46,0.45199999999999996,0.4596,2.1295885499998026,2.036609355136188,61.9066853668923,0.002529489801062823,0.0015100499474531548,0.0010194398536096682,9318.55
112303,MCNICHOLS,2019-12-17,0.46,0.46,0,2026-04-08T03:23:08.526507+00:00,0.0,0.0,0.0,0.0,0.46,0.454,0.4590000000000001,2.1295885499998026,2.036609355136188,61.9066853668923,0.002521535240181505,0.0012016763092574695,0.0013198589309240355,9318.55
112405,MCNICHOLS,2019-12-18,0.46,0.46,0,2026-04-08T03:23:10.699016+00:00,0.0,0.0,0.0,0.0,0.46,0.45599999999999996,0.4584,2.1295885499998026,2.036609355136188,61.90668536689229,0.002486567590030242,0.0009333669272849651,0.0015532006627452769,9318.55
112507,MCNICHOLS,2019-12-19,0.46,0.46,0,2026-04-08T03:23:13.06361+00:00,0.0,0.0,0.0,0.0,0.46,0.458,0.4578,2.1295885499998026,2.036609355136188,61.9066853668923,0.002430834330338749,0.0007021069340747777,0.0017287273962639715,9318.55
112609,MCNICHOLS,2019-12-20,0.46,0.46,5010,2026-04-08T03:23:15.515212+00:00,0.0,0.0,0.0,0.0,0.46,0.46,0.4572,2.1295885499998026,2.036609355136188,61.90668536689228,0.002359466855305914,0.0005045915672335539,0.00185487528807236,9569.05
112711,MCNICHOLS,2019-12-23,0.46,0.46,0,2026-04-08T03:23:19.645113+00:00,0.0,0.0,0.0,0.0,0.46,0.46,0.45660000000000006,0.0,2.036609355136188,61.9066853668923,0.002276663655718325,0.000337430694116772,0.001939232961601553,2785.95
112813,MCNICHOLS,2019-12-24,0.46,0.46,0,2026-04-08T03:23:22.081747+00:00,0.0,0.0,0.0,0.0,0.46,0.46,0.45599999999999996,0.0,2.036609355136188,61.90668536689228,0.0021858444690817103,0.0001972892059841254,0.001988555263097585,2785.95
112915,MCNICHOLS,2019-12-27,0.46,0.46,0,2026-04-08T03:23:26.48241+00:00,0.0,0.0,0.0,0.0,0.46,0.46,0.45539999999999997,0.0,2.036609355136188,61.90668536689228,0.0020897799271973327,8.097973127979812e-05,0.0020088001959175346,2785.95
113017,MCNICHOLS,2019-12-31,0.46,0.46,0,2026-04-08T03:23:31.997666+00:00,0.0,0.0,0.0,0.0,0.46,0.46,0.45480000000000004,0.0,2.036609355136188,61.90668536689229,0.0019907005291148194,-1.4479733442172415e-05,0.002005180262556992,2785.95
113119,MCNICHOLS,2020-01-02,0.46,0.46,900000,2026-04-08T03:23:35.253628+00:00,0.0,0.0,0.0,0.0,0.46,0.46,0.4542,0.0,2.036609355136188,61.90668536689228,0.0018903881741599293,-9.183367071765019e-05,0.0019822218448775795,47650.95
113221,MCNICHOLS,2020-01-03,0.46,0.46,0,2026-04-08T03:23:37.484442+00:00,0.0,0.0,0.0,0.0,0.46,0.46,0.45360000000000006,0.0,2.036609355136188,61.90668536689229,0.0017902529880937101,-0.0001535750854270955,0.0019438280735208056,46650.95
113323,MCNICHOLS,2020-01-06,0.46,0.46,43095,2026-04-08T03:23:41.810791+00:00,0.0,0.0,0.0,0.0,0.46,0.46,0.45299999999999996,0.0,2.036609355136188,61.906685366892276,0.0016913977512829081,-0.00020194425779031808,0.0018933420090732262,47805.25
113425,MCNICHOLS,2020-01-07,0.46,0.46,55905,2026-04-08T03:23:44.238014+00:00,0.0,0.0,0.0,0.0,0.46,0.46,0.4524,0.0,2.036609355136188,61.90668536689228,0.0015946718791231551,-0.00023893610396005707,0.0018336079830832122,50600.5
113527,MCNICHOLS,2020-01-08,0.46,0.46,0,2026-04-08T03:23:46.428903+00:00,0.0,0.0,0.0,0.0,0.46,0.46,0.4518,0.0,2.036609355136188,61.90668536689228,0.0015007166017430018,-0.0002663131050721684,0.0017670297068151702,50550.5
113630,MCNICHOLS,2020-01-09,0.46,0.46,0,2026-04-08T03:23:48.760691+00:00,0.0,0.0,0.0,0.0,0.46,0.46,0.45120000000000005,0.0,2.036609355136188,61.90668536689229,0.0014100027336901855,-0.00028562157849998794,0.0016956243121901734,50450.5
113733,MCNICHOLS,2020-01-10,0.46,0.46,58000,2026-04-08T03:23:51.312987+00:00,0.0,0.0,0.0,0.0,0.46,0.46,0.4512,0.0,1.8422678885368113,61.906685366892276,0.0013228622076238983,-0.0002982096836530203,0.0016210718912769186,53350.5
113836,MCNICHOLS,2020-01-13,0.46,0.46,0,2026-04-08T03:23:55.704331+00:00,0.0,0.0,0.0,0.0,0.46,0.46,0.4512,0.0,1.8422678885368113,61.90668536689228,0.001239514362898153,-0.00030524602270301255,0.0015447603856011656,53350.5
113939,MCNICHOLS,2020-01-14,0.46,0.46,0,2026-04-08T03:23:58.044369+00:00,0.0,0.0,0.0,0.0,0.46,0.46,0.45120000000000005,0.0,1.8422678885368113,61.90668536689228,0.0011600878251455393,-0.0003077380483645011,0.0014678258735100404,53350.5
114042,MCNICHOLS,2020-01-15,0.46,0.46,0,2026-04-08T03:24:00.340453+00:00,0.0,0.0,0.0,0.0,0.46,0.46,0.45120000000000005,0.0,1.8422678885368113,61.90668536689228,0.0010846386821753429,-0.00030654975306775804,0.001391188435243101,53350.5
114145,MCNICHOLS,2020-01-16,0.46,0.46,0,2026-04-08T03:24:02.775573+00:00,0.0,0.0,0.0,0.0,0.46,0.46,0.4512,0.0,1.8422678885368113,61.90668536689229,0.0010131655509914572,-0.00030241830740131495,0.0013155838583927722,53100.5
114248,MCNICHOLS,2020-01-17,0.46,0.46,5500,2026-04-08T03:24:05.107796+00:00,0.0,0.0,0.0,0.0,0.46,0.46,0.4512,0.0,1.8422678885368113,61.90668536689228,0.0009456220373746382,-0.0002959694568145071,0.0012415914941891453,53375.5
114351,MCNICHOLS,2020-01-20,0.46,0.46,0,2026-04-08T03:24:09.637495+00:00,0.0,0.0,0.0,0.0,0.46,0.46,0.45120000000000005,0.0,1.8422678885368113,61.90668536689229,0.0008819270106107391,-0.00028773158686272514,0.0011696585974734642,53375.5
114454,MCNICHOLS,2020-01-21,0.46,0.46,500,2026-04-08T03:24:12.081094+00:00,0.0,0.0,0.0,0.0,0.46,0.46,0.45120000000000005,0.0,1.8422678885368113,61.90668536689228,0.0008219730493500554,-0.0002781484384987271,0.0011001214878487825,53400.5
114557,MCNICHOLS,2020-01-23,0.46,0.46,0,2026-04-08T03:24:15.397306+00:00,0.0,0.0,0.0,0.0,0.46,0.46,0.4512,0.0,1.8422678885368113,61.90668536689228,0.0007656333583412334,-0.0002675905036060395,0.0010332238619472729,53400.5
114660,MCNICHOLS,2020-01-24,0.46,0.46,30000,2026-04-08T03:24:17.760742+00:00,0.0,0.0,0.0,0.0,0.46,0.46,0.452,0.0,1.3468700594029492,61.90668536689228,0.0007127674083104996,-0.00025636516290941875,0.0009691325712199183,54650.0
114763,MCNICHOLS,2020-01-27,0.46,0.46,0,2026-04-08T03:24:22.426106+00:00,0.0,0.0,0.0,0.0,0.46,0.46,0.45280000000000004,0.0,1.3468700594029492,61.90668536689228,0.0006632255111830854,-0.00024472564802946646,0.0009079511592125518,54650.0
114866,MCNICHOLS,2020-01-28,0.46,0.46,5740,2026-04-08T03:24:24.728321+00:00,0.0,0.0,0.0,0.0,0.46,0.46,0.4536,0.0,1.3468700594029492,61.90668536689229,0.000616852509032817,-0.00023287892014378793,0.0008497314291766049,54937.0
114969,MCNICHOLS,2020-01-29,0.46,0.46,0,2026-04-08T03:24:27.287495+00:00,0.0,0.0,0.0,0.0,0.46,0.46,0.4544,0.0,1.3468700594029492,61.90668536689228,0.0005734907266183309,-0.00022099256204661925,0.0007944832886649501,54937.0
115072,MCNICHOLS,2020-01-30,0.46,0.46,0,2026-04-08T03:24:29.658352+00:00,0.0,0.0,0.0,0.0,0.46,0.46,0.45519999999999994,0.0,1.3468700594029492,61.90668536689229,0.0005329823133122802,-0.00020920078028213598,0.0007421830935944162,54937.0
115175,MCNICHOLS,2020-01-31,0.46,0.46,0,2026-04-08T03:24:31.961868+00:00,0.0,0.0,0.0,0.0,0.46,0.46,0.456,0.0,1.3468700594029492,61.90668536689228,0.0004951710799435127,-0.00019760961092072282,0.0006927806908642355,9937.0
115278,MCNICHOLS,2020-02-03,0.46,0.46,0,2026-04-08T03:24:36.430808+00:00,0.0,0.0,0.0,0.0,0.46,0.46,0.4568,0.0,1.3468700594029492,61.90668536689228,0.0004599039189857601,-0.00018630141750278044,0.0006462053364885405,9937.0
115381,MCNICHOLS,2020-02-04,0.46,0.46,2000,2026-04-08T03:24:38.687124+00:00,0.0,0.0,0.0,0.0,0.46,0.46,0.45760000000000006,0.0,1.3468700594029492,61.906685366892276,0.00042703188212162013,-0.00017533876349353633,0.0006023706456151565,7882.25
115484,MCNICHOLS,2020-02-05,0.46,0.46,0,2026-04-08T03:24:41.03998+00:00,0.0,0.0,0.0,0.0,0.46,0.46,0.4584,0.0,1.3468700594029492,61.90668536689229,0.00039641097708986717,-0.00016476773482023148,0.0005611787119100986,5087.0
115587,MCNICHOLS,2020-02-06,0.46,0.46,0,2026-04-08T03:24:43.345135+00:00,0.0,0.0,0.0,0.0,0.46,0.46,0.4592,0.0,1.3468700594029492,61.90668536689229,0.0003679027355169562,-0.00015462078111451406,0.0005225235166314702,5087.0
115690,MCNICHOLS,2020-02-07,0.46,0.46,0,2026-04-08T03:24:45.609576+00:00,0.0,0.0,0.0,0.0,0.46,0.46,0.46,0.0,1.3468700594029492,61.906685366892276,0.0003413745948485092,-0.00014491913742636887,0.00048629373227487805,5087.0
115793,MCNICHOLS,2020-02-10,0.46,0.46,0,2026-04-08T03:24:50.182603+00:00,0.0,0.0,0.0,0.0,0.46,0.46,0.46,0.0,0.0,61.90668536689229,0.00031670013028090027,-0.00013567488159518223,0.0004523750118760825,2187.0
115896,MCNICHOLS,2020-02-11,0.46,0.46,0,2026-04-08T03:24:52.780016+00:00,0.0,0.0,0.0,0.0,0.46,0.46,0.46,0.0,0.0,61.90668536689228,0.0002937591665281847,-0.00012689267627831832,0.000420651842806503,2187.0
115999,MCNICHOLS,2020-02-12,0.46,0.46,0,2026-04-08T03:24:55.120152+00:00,0.0,0.0,0.0,0.0,0.46,0.46,0.46,0.0,0.0,61.90668536689228,0.00027243779416891156,-0.00011857123891007319,0.00039100903307898475,2187.0
116102,MCNICHOLS,2020-02-13,0.46,0.46,0,2026-04-08T03:24:57.649025+00:00,0.0,0.0,0.0,0.0,0.46,0.46,0.46,0.0,0.0,61.90668536689229,0.00025262831104788663,-0.00011070457762487853,0.00036333288867276516,2187.0
116205,MCNICHOLS,2020-02-14,0.46,0.46,110000,2026-04-08T03:25:00.080254+00:00,0.0,0.0,0.0,0.0,0.46,0.46,0.46,0.0,0.0,61.90668536689228,0.000234229105627759,-0.00010328302643600499,0.000337512132063764,7687.0
116308,MCNICHOLS,2020-02-17,0.46,0.46,0,2026-04-08T03:25:04.377856+00:00,0.0,0.0,0.0,0.0,0.46,0.46,0.46,0.0,0.0,61.906685366892276,0.00021714449618887022,-9.629410869991503e-05,0.00031343860488878525,7412.0
116411,MCNICHOLS,2020-02-18,0.46,0.46,0,2026-04-08T03:25:06.773592+00:00,0.0,0.0,0.0,0.0,0.46,0.46,0.46,0.0,0.0,61.90668536689228,0.00020128453727019657,-8.972325409487095e-05,0.0002910077913650675,7412.0
116514,MCNICHOLS,2020-02-19,0.46,0.46,0,2026-04-08T03:25:09.231504+00:00,0.0,0.0,0.0,0.0,0.46,0.46,0.46,0.0,0.0,61.906685366892276,0.00018656480264994668,-8.355439097209666e-05,0.00027011919362204335,7387.0
116617,MCNICHOLS,2020-02-20,0.46,0.46,0,2026-04-08T03:25:11.501588+00:00,0.0,0.0,0.0,0.0,0.46,0.46,0.46,0.0,0.0,61.90668536689228,0.00017290615241860596,-7.777043296274992e-05,0.0002506765853813559,7387.0
116720,MCNICHOLS,2020-02-21,0.46,0.46,0,2026-04-08T03:25:13.948187+00:00,0.0,0.0,0.0,0.0,0.46,0.46,0.46,0.0,0.0,61.906685366892276,0.0001602344902439934,-7.235367610989002e-05,0.0002325881663538834,5887.0
116823,MCNICHOLS,2020-02-24,0.46,0.46,0,2026-04-08T03:25:18.415367+00:00,0.0,0.0,0.0,0.0,0.46,0.46,0.46,0.0,0.0,61.906685366892276,0.00014848051571692,-6.728612050957073e-05,0.00021576663622649073,5887.0
116926,MCNICHOLS,2020-02-25,0.46,0.46,0,2026-04-08T03:25:20.711298+00:00,0.0,0.0,0.0,0.0,0.46,0.46,0.46,0.0,0.0,61.90668536689228,0.0001375794756662274,-6.254972844821065e-05,0.00020012920411443806,5600.0
117029,MCNICHOLS,2020-02-26,0.46,0.46,0,2026-04-08T03:25:23.465375+00:00,0.0,0.0,0.0,0.0,0.46,0.46,0.46,0.0,0.0,61.906685366892276,0.00012747091749920614,-5.812662929218556e-05,0.0001855975467913917,5600.0
117132,MCNICHOLS,2020-02-27,0.46,0.46,0,2026-04-08T03:25:26.011368+00:00,0.0,0.0,0.0,0.0,0.46,0.46,0.46,0.0,0.0,61.90668536689229,0.00011809844694105065,-5.3999279880272843e-05,0.0001720977268213235,5600.0
117235,MCNICHOLS,2020-02-28,0.46,0.46,0,2026-04-08T03:25:28.472167+00:00,0.0,0.0,0.0,0.0,0.46,0.46,0.46,0.0,0.0,61.906685366892276,0.00010940949198023908,-5.015058787286752e-05,0.0001595600798531066,5600.0
117338,MCNICHOLS,2020-03-02,0.46,0.46,0,2026-04-08T03:25:32.979972+00:00,0.0,0.0,0.0,0.0,0.46,0.46,0.46,0.0,0.0,61.90668536689228,0.00010135507436720426,-4.6564004388721886e-05,0.00014791907875592614,5600.0
117441,MCNICHOLS,2020-03-03,0.46,0.46,0,2026-04-08T03:25:35.324079+00:00,0.0,0.0,0.0,0.0,0.46,0.46,0.46,0.0,0.0,61.90668536689228,9.388958963485461e-05,-4.322359129685724e-05,0.00013711318093171185,5500.0
117544,MCNICHOLS,2020-03-04,0.46,0.46,0,2026-04-08T03:25:37.587456+00:00,0.0,0.0,0.0,0.0,0.46,0.46,0.46,0.0,0.0,61.90668536689228,8.697059630180526e-05,-4.0114067703925287e-05,0.00012708466400573055,5500.0
117647,MCNICHOLS,2020-03-05,0.46,0.46,0,2026-04-08T03:25:39.825698+00:00,0.0,0.0,0.0,0.0,0.46,0.46,0.46,0.0,0.0,61.90668536689228,8.055861467270997e-05,-3.7220839466416464e-05,0.00011777945413912644,5500.0
117750,MCNICHOLS,2020-03-09,0.46,0.46,0,2026-04-08T03:25:45.227559+00:00,0.0,0.0,0.0,0.0,0.46,0.46,0.46,0.0,0.0,61.90668536689229,7.461693545129933e-05,-3.453001495026169e-05,0.00010914695040156101,5500.0
117853,MCNICHOLS,2020-03-10,0.46,0.46,0,2026-04-08T03:25:47.644077+00:00,0.0,0.0,0.0,0.0,0.46,0.46,0.46,0.0,0.0,61.90668536689228,6.911143822141419e-05,-3.202840974411747e-05,0.00010113984796553166,5500.0
117956,MCNICHOLS,2020-03-11,0.46,0.46,0,2026-04-08T03:25:49.940962+00:00,0.0,0.0,0.0,0.0,0.46,0.46,0.46,0.0,0.0,61.906685366892276,6.401041972819987e-05,-2.9703542589865436e-05,9.371396231806531e-05,5500.0
118059,MCNICHOLS,2020-03-12,0.46,0.46,0,2026-04-08T03:25:52.243289+00:00,0.0,0.0,0.0,0.0,0.46,0.46,0.46,0.0,0.0,61.90668536689228,5.928443179503695e-05,-2.7543624418422693e-05,8.682805621345964e-05,5500.0
118162,MCNICHOLS,2020-03-13,0.46,0.46,0,2026-04-08T03:25:54.520183+00:00,0.0,0.0,0.0,0.0,0.46,0.46,0.46,0.0,0.0,61.906685366892276,5.4906128636067475e-05,-2.5537542061913743e-05,8.044367069798122e-05,5500.0
118265,MCNICHOLS,2020-03-16,0.46,0.46,0,2026-04-08T03:25:58.965391+00:00,0.0,0.0,0.0,0.0,0.46,0.46,0.46,0.0,0.0,61.906685366892276,5.085012327066263e-05,-2.3674837941854878e-05,7.45249612125175e-05,0.0
118368,MCNICHOLS,2020-03-17,0.46,0.46,0,2026-04-08T03:26:01.331984+00:00,0.0,0.0,0.0,0.0,0.46,0.46,0.46,0.0,0.0,61.90668536689228,4.709285270498853e-05,-2.194568680602318e-05,6.903853951101171e-05,0.0
118471,MCNICHOLS,2020-03-18,0.46,0.46,0,2026-04-08T03:26:03.589989+00:00,0.0,0.0,0.0,0.0,0.46,0.46,0.46,0.0,0.0,61.90668536689228,4.361245151868198e-05,-2.0340870393863793e-05,6.395332191254578e-05,0.0
118574,MCNICHOLS,2020-03-19,0.46,0.46,0,2026-04-08T03:26:05.957067+00:00,0.0,0.0,0.0,0.0,0.46,0.46,0.46,0.0,0.0,61.90668536689228,4.038863347788357e-05,-1.885175074772977e-05,5.9240384225613344e-05,0.0
118677,MCNICHOLS,2020-03-20,0.46,0.46,0,2026-04-08T03:26:08.377452+00:00,0.0,0.0,0.0,0.0,0.46,0.46,0.46,0.0,0.0,61.90668536689229,3.740258078527292e-05,-1.7470242752272345e-05,5.4872823537545266e-05,0.0
118780,MCNICHOLS,2020-03-23,0.46,0.46,0,2026-04-08T03:26:12.667002+00:00,0.0,0.0,0.0,0.0,0.46,0.46,0.46,0.0,0.0,61.90668536689228,3.46368405755304e-05,-1.618878636961189e-05,5.0825626945142295e-05,0.0
118883,MCNICHOLS,2020-03-24,0.46,0.46,0,2026-04-08T03:26:14.960057+00:00,0.0,0.0,0.0,0.0,0.46,0.46,0.46,0.0,0.0,61.90668536689228,3.207522826792486e-05,-1.500031894177395e-05,4.707554720969881e-05,0.0
118986,MCNICHOLS,2020-03-25,0.46,0.46,0,2026-04-08T03:26:17.224804+00:00,0.0,0.0,0.0,0.0,0.46,0.46,0.46,0.0,0.0,61.90668536689228,2.970273739139051e-05,-1.3898247854646646e-05,4.3600985246037156e-05,0.0
119089,MCNICHOLS,2020-03-26,0.46,0.46,0,2026-04-08T03:26:19.64473+00:00,0.0,0.0,0.0,0.0,0.46,0.46,0.46,0.0,0.0,61.90668536689229,2.7505455509224674e-05,-1.2876423789449988e-05,4.038187929867466e-05,0.0
119192,MCNICHOLS,2020-03-27,0.46,0.46,0,2026-04-08T03:26:21.968693+00:00,0.0,0.0,0.0,0.0,0.46,0.46,0.46,0.0,0.0,61.90668536689228,2.5470485880640936e-05,-1.1929114734426984e-05,3.739960061506792e-05,0.0
119295,MCNICHOLS,2020-03-30,0.46,0.46,0,2026-04-08T03:26:26.43282+00:00,0.0,0.0,0.0,0.0,0.46,0.46,0.46,0.0,0.0,61.9066853668923,2.3585874509235438e-05,-1.105098088466599e-05,3.463685539390143e-05,0.0
119398,MCNICHOLS,2020-03-31,0.46,0.46,0,2026-04-08T03:26:28.926506+00:00,0.0,0.0,0.0,0.0,0.46,0.46,0.46,0.0,0.0,61.90668536689229,2.184054224380061e-05,-1.0237050520080656e-05,3.2077592763881265e-05,0.0
119501,MCNICHOLS,2020-04-01,0.46,0.46,0,2026-04-08T03:26:31.173614+00:00,0.0,0.0,0.0,0.0,0.46,0.46,0.46,0.0,0.0,61.9066853668923,2.022422161140902e-05,-9.482696921977798e-06,2.970691853338682e-05,0.0
119604,MCNICHOLS,2020-04-02,0.46,0.46,0,2026-04-08T03:26:33.480235+00:00,0.0,0.0,0.0,0.0,0.46,0.46,0.46,0.0,0.0,61.90668536689228,1.872739807762258e-05,-8.783616364611392e-06,2.7511014442233974e-05,0.0
119707,MCNICHOLS,2020-04-03,0.46,0.46,2330,2026-04-08T03:26:35.777807+00:00,0.0,0.0,0.0,0.0,0.46,0.46,0.46,0.0,0.0,61.90668536689229,1.7341255444891512e-05,-8.135807197873971e-06,2.5477062642765483e-05,116.5
119810,MCNICHOLS,2020-04-06,0.46,0.46,700,2026-04-08T03:26:40.135575+00:00,0.0,0.0,0.0,0.0,0.46,0.46,0.46,0.0,0.0,61.90668536689229,1.605762511491804e-05,-7.535550022277959e-06,2.3593175137195998e-05,151.5
119913,MCNICHOLS,2020-04-07,0.46,0.46,0,2026-04-08T03:26:42.376644+00:00,0.0,0.0,0.0,0.0,0.46,0.46,0.46,0.0,0.0,61.9066853668923,1.4868938957690592e-05,-6.979388943604329e-06,2.184832790129492e-05,151.5
120016,MCNICHOLS,2020-04-08,0.46,0.46,0,2026-04-08T03:26:44.690105+00:00,0.0,0.0,0.0,0.0,0.46,0.46,0.46,0.0,0.0,61.9066853668923,1.376818554149617e-05,-6.464113887839004e-06,2.0232299429335173e-05,151.5
120119,MCNICHOLS,2020-04-09,0.46,0.46,0,2026-04-08T03:26:47.020639+00:00,0.0,0.0,0.0,0.0,0.46,0.46,0.46,0.0,0.0,61.9066853668923,1.2748869497036797e-05,-5.986743945838703e-06,1.87356134428755e-05,151.5
120222,MCNICHOLS,2020-04-14,0.46,0.46,0,2026-04-08T03:26:53.304016+00:00,0.0,0.0,0.0,0.0,0.46,0.46,0.46,0.0,0.0,61.9066853668923,1.1804973798379415e-05,-5.5445117155968705e-06,1.7349485513976285e-05,151.5
120325,MCNICHOLS,2020-04-15,0.46,0.46,0,2026-04-08T03:26:55.643286+00:00,0.0,0.0,0.0,0.0,0.46,0.46,0.46,0.0,0.0,61.9066853668923,1.0930924760454985e-05,-5.13484860281704e-06,1.6065773363272025e-05,151.5
120428,MCNICHOLS,2020-04-16,0.46,0.46,0,2026-04-08T03:26:58.005731+00:00,0.0,0.0,0.0,0.0,0.46,0.46,0.46,0.0,0.0,61.906685366892305,1.0121559562481508e-05,-4.755371040632415e-06,1.4876930603113923e-05,151.5
120531,MCNICHOLS,2020-04-17,0.46,0.46,0,2026-04-08T03:27:00.196144+00:00,0.0,0.0,0.0,0.0,0.46,0.46,0.46,0.0,0.0,61.9066853668923,9.372096121840201e-06,-4.4038675850189785e-06,1.377596370685918e-05,151.5
120634,MCNICHOLS,2020-04-20,0.46,0.46,0,2026-04-08T03:27:04.902814+00:00,0.0,0.0,0.0,0.0,0.46,0.46,0.46,0.0,0.0,61.9066853668923,8.678105151260773e-06,-4.078286844478726e-06,1.2756391995739499e-05,151.5
120737,MCNICHOLS,2020-04-21,0.46,0.46,0,2026-04-08T03:27:07.124699+00:00,0.0,0.0,0.0,0.0,0.46,0.46,0.46,0.0,0.0,61.9066853668923,8.035484246604607e-06,-3.7767261993079147e-06,1.1812210445912522e-05,151.5
120840,MCNICHOLS,2020-04-22,0.46,0.46,0,2026-04-08T03:27:09.50407+00:00,0.0,0.0,0.0,0.0,0.46,0.46,0.46,0.0,0.0,61.9066853668923,7.440433859806639e-06,-3.497421268884706e-06,1.0937855128691345e-05,151.5
120943,MCNICHOLS,2020-04-23,0.46,0.46,0,2026-04-08T03:27:11.732195+00:00,0.0,0.0,0.0,0.0,0.46,0.46,0.46,0.0,0.0,61.9066853668923,6.889435022749968e-06,-3.238736084753102e-06,1.012817110750307e-05,151.5
121046,MCNICHOLS,2020-04-24,0.46,0.46,0,2026-04-08T03:27:14.133022+00:00,0.0,0.0,0.0,0.0,0.46,0.46,0.46,0.0,0.0,61.906685366892305,6.379228697228623e-06,-2.9991539282195575e-06,9.37838262544818e-06,151.5
121149,MCNICHOLS,2020-04-27,0.46,0.46,0,2026-04-08T03:27:18.376911+00:00,0.0,0.0,0.0,0.0,0.46,0.46,0.46,0.0,0.0,61.906685366892305,5.906796633592393e-06,-2.777268793484631e-06,8.684065427077024e-06,151.5
121252,MCNICHOLS,2020-04-28,0.46,0.46,0,2026-04-08T03:27:20.70836+00:00,0.0,0.0,0.0,0.0,0.46,0.46,0.46,0.0,0.0,61.9066853668923,5.469343630715162e-06,-2.571777437089489e-06,8.041121067804651e-06,151.5
121355,MCNICHOLS,2020-04-29,0.46,0.46,0,2026-04-08T03:27:23.099969+00:00,0.0,0.0,0.0,0.0,0.46,0.46,0.46,0.0,0.0,61.9066853668923,5.0642810942025385e-06,-2.3814719788816908e-06,7.445753073084229e-06,151.5
121458,MCNICHOLS,2020-04-30,0.46,0.46,0,2026-04-08T03:27:25.479794+00:00,0.0,0.0,0.0,0.0,0.46,0.46,0.46,0.0,0.0,61.9066853668923,4.689211800912307e-06,-2.205233017737538e-06,6.8944448186498455e-06,151.5
121561,MCNICHOLS,2020-05-04,0.46,0.46,0,2026-04-08T03:27:30.67652+00:00,0.0,0.0,0.0,0.0,0.46,0.46,0.46,0.0,0.0,61.906685366892305,4.341915781413963e-06,-2.042023229788706e-06,6.383939011202669e-06,151.5
121664,MCNICHOLS,2020-05-05,0.42,0.42,1096500,2026-04-08T03:27:32.997372+00:00,-8.695652173913048,0.0,0.0,0.0,0.45199999999999996,0.4580000000000001,0.4592,1.9444069369563401,1.229750923802692,0.03608326167743281,-0.00318686285364439,-0.002554597434124474,-0.0006322654195199159,54976.5
121767,MCNICHOLS,2020-05-06,0.42,0.42,5000,2026-04-08T03:27:35.368243+00:00,0.0,-8.695652173913048,0.0,0.0,0.44400000000000006,0.45600000000000007,0.45840000000000003,1.9444069369563401,1.229750923802692,0.03608326167743282,-0.0056507769852042755,-0.0040148092525474875,-0.001635967732656788,55110.0
121870,MCNICHOLS,2020-05-07,0.42,0.42,3300,2026-04-08T03:27:37.70358+00:00,0.0,0.0,0.0,0.0,0.43600000000000005,0.454,0.4576,1.9444069369563401,1.229750923802692,0.03608326167743281,-0.0075167977209255055,-0.004704663990614973,-0.0028121337303105317,55240.0
121973,MCNICHOLS,2020-05-08,0.42,0.42,24047,2026-04-08T03:27:39.945267+00:00,0.0,0.0,0.0,0.0,0.42800000000000005,0.45200000000000007,0.4568000000000001,1.9444069369563401,1.229750923802692,0.03608326167743281,-0.008893118266337596,-0.004864787628821652,-0.004028330637515945,56442.35
122076,MCNICHOLS,2020-05-11,0.46,0.46,517653,2026-04-08T03:27:44.543581+00:00,9.523809523809534,0.0,0.0,0.0,0.42799999999999994,0.45199999999999996,0.4568,2.9583336556570825,1.8422678885368113,57.358134357723806,-0.006679202815975671,-0.002120697742767781,-0.00455850507320789,82325.0
122179,MCNICHOLS,2020-05-12,0.5,0.5,100000,2026-04-08T03:27:46.988848+00:00,8.695652173913038,9.523809523809534,-8.695652173913048,0.0,0.44399999999999995,0.454,0.4576,3.534763700230464,2.213675594968723,73.63778402758932,-0.0016776542116639925,0.0023046806892351186,-0.003982334900899111,87325.0
122282,MCNICHOLS,2020-05-13,0.5,0.5,0,2026-04-08T03:27:49.292243+00:00,0.0,8.695652173913038,0.0,0.0,0.45999999999999996,0.45599999999999996,0.4584,3.534763700230464,2.213675594968723,73.63778402758932,0.002260056566206037,0.004993913173684118,-0.002733856607478082,87325.0
122385,MCNICHOLS,2020-05-14,0.5,0.5,425,2026-04-08T03:27:51.592074+00:00,0.0,0.0,0.0,0.0,0.476,0.458,0.4592,3.534763700230464,2.213675594968723,73.63778402758932,0.005319401972614657,0.006442606864074191,-0.0011232048914595343,87346.25
122488,MCNICHOLS,2020-05-19,0.5,0.5,0,2026-04-08T03:27:58.031425+00:00,0.0,0.0,0.0,0.0,0.492,0.45999999999999996,0.46,3.534763700230464,2.213675594968723,73.63778402758932,0.007655705046323846,0.007023127950226704,0.0006325770960971418,87346.25
122591,MCNICHOLS,2020-05-20,0.5,0.5,0,2026-04-08T03:28:00.412443+00:00,0.0,0.0,9.523809523809534,0.0,0.5,0.462,0.4608,3.534763700230464,2.213675594968723,73.63778402758932,0.00939889742548261,0.007013056263508375,0.0023858411619742358,87346.25
122694,MCNICHOLS,2020-05-21,0.5,0.5,0,2026-04-08T03:28:02.829603+00:00,0.0,0.0,8.695652173913038,-8.695652173913048,0.5,0.46399999999999997,0.46159999999999995,3.534763700230464,2.213675594968723,73.63778402758932,0.010657536498322295,0.0066173562690784475,0.004040180229243848,87346.25
122797,MCNICHOLS,2020-05-27,0.5,0.5,700,2026-04-08T03:28:10.17932+00:00,0.0,0.0,0.0,0.0,0.5,0.466,0.46240000000000003,3.534763700230464,2.213675594968723,73.63778402758932,0.011522196324640355,0.005985612876317206,0.005536583448323149,87381.25
122900,MCNICHOLS,2020-05-28,0.5,0.5,2,2026-04-08T03:28:12.484321+00:00,0.0,0.0,0.0,0.0,0.5,0.46799999999999997,0.4632,3.534763700230464,2.213675594968723,73.63778402758932,0.012068329278882184,0.005225396664447228,0.0068429326144349555,87381.35
123003,MCNICHOLS,2020-05-29,0.5,0.5,0,2026-04-08T03:28:14.796152+00:00,0.0,0.0,0.0,0.0,0.5,0.47000000000000003,0.46399999999999997,3.534763700230464,2.213675594968723,73.63778402758932,0.012358680405095801,0.004412598232528675,0.007946082172567126,87381.35
123106,MCNICHOLS,2020-06-02,0.5,0.5,0,2026-04-08T03:28:20.224588+00:00,0.0,0.0,0.0,9.523809523809534,0.5,0.472,0.4648,3.534763700230464,2.213675594968723,73.63778402758932,0.01244532381845298,0.003599393316708683,0.008845930501744297,87381.35
123209,MCNICHOLS,2020-06-03,0.5,0.5,0,2026-04-08T03:28:22.45251+00:00,0.0,0.0,0.0,8.695652173913038,0.5,0.47400000000000003,0.46559999999999996,3.534763700230464,2.213675594968723,73.63778402758932,0.01237137978255387,0.0028203594246476588,0.009551020357906212,87381.35
123312,MCNICHOLS,2020-06-04,0.5,0.5,0,2026-04-08T03:28:24.742978+00:00,0.0,0.0,0.0,0.0,0.5,0.476,0.4664,3.534763700230464,2.213675594968723,73.63778402758932,0.012172462036108056,0.002097153342561475,0.010075308693546581,87381.35
123415,MCNICHOLS,2020-06-05,0.5,0.5,0,2026-04-08T03:28:26.997708+00:00,0.0,0.0,0.0,0.0,0.5,0.4779999999999999,0.4672,3.534763700230464,2.213675594968723,73.63778402758932,0.011877897282783156,0.0014420708713892595,0.010435826411393897,87381.35
123518,MCNICHOLS,2020-06-08,0.5,0.5,0,2026-04-08T03:28:31.360755+00:00,0.0,0.0,0.0,0.0,0.5,0.48,0.46799999999999997,3.534763700230464,2.213675594968723,73.63778402758932,0.011511752279092402,0.0008607406941588038,0.010651011584933598,87381.35
123621,MCNICHOLS,2020-06-09,0.5,0.5,0,2026-04-08T03:28:33.545964+00:00,0.0,0.0,0.0,0.0,0.5,0.48199999999999993,0.46879999999999994,3.534763700230464,2.213675594968723,73.63778402758932,0.011093698475299396,0.0003541495122926369,0.01073954896300676,87381.35
123724,MCNICHOLS,2020-06-10,0.5,0.5,0,2026-04-08T03:28:35.856379+00:00,0.0,0.0,0.0,0.0,0.5,0.48599999999999993,0.4696,2.807132600956889,2.213675594968723,73.63778402758932,0.010639739529589243,-7.984754673401491e-05,0.010719587076323258,32556.35
123827,MCNICHOLS,2020-06-11,0.5,0.5,0,2026-04-08T03:28:38.052531+00:00,0.0,0.0,0.0,0.0,0.5,0.48999999999999994,0.4704,2.807132600956889,2.213675594968723,73.6377840275893,0.01016282309600336,-0.0004454111842559193,0.010608234280259279,32306.35
123930,MCNICHOLS,2020-06-15,0.5,0.5,1400,2026-04-08T03:28:43.437023+00:00,0.0,0.0,0.0,0.0,0.5,0.49399999999999994,0.47119999999999995,2.807132600956889,2.213675594968723,73.63778402758933,0.009673354971729498,-0.0007479034468238256,0.010421258418553323,32211.35
124033,MCNICHOLS,2020-06-16,0.5,0.5,0,2026-04-08T03:28:45.961134+00:00,0.0,0.0,0.0,0.0,0.5,0.49799999999999994,0.472,2.807132600956889,2.213675594968723,73.63778402758932,0.00917963088608209,-0.000993302025976986,0.010172932912059077,31009.0
124136,MCNICHOLS,2020-06-17,0.5,0.5,0,2026-04-08T03:28:48.324213+00:00,0.0,0.0,0.0,0.0,0.5,0.5,0.4728,1.9444069369563384,2.213675594968723,73.63778402758932,0.00868819884306965,-0.0011877872551915424,0.009875986098261192,5126.35
124239,MCNICHOLS,2020-06-18,0.5,0.5,0,2026-04-08T03:28:50.696546+00:00,0.0,0.0,0.0,0.0,0.5,0.5,0.4736,0.0,2.213675594968723,73.63778402758932,0.00820416292511894,-0.001337458538513801,0.009541621463632742,126.35
124342,MCNICHOLS,2020-06-19,0.5,0.5,0,2026-04-08T03:28:53.406809+00:00,0.0,0.0,0.0,0.0,0.5,0.5,0.4744,0.0,2.213675594968723,73.63778402758933,0.007731437770882643,-0.0014481469542000792,0.009179584725082722,126.35
124445,MCNICHOLS,2020-06-22,0.5,0.5,0,2026-04-08T03:28:57.922359+00:00,0.0,0.0,0.0,0.0,0.5,0.5,0.47519999999999996,0.0,2.213675594968723,73.63778402758933,0.007272961507354181,-0.0015252985741828345,0.008798260081537015,105.1
124548,MCNICHOLS,2020-06-23,0.5,0.5,50000,2026-04-08T03:29:00.283028+00:00,0.0,0.0,0.0,0.0,0.5,0.5,0.47600000000000003,0.0,2.213675594968723,73.63778402758932,0.006830873705360563,-0.0015739091009411618,0.008404782806301725,2605.1
124651,MCNICHOLS,2020-06-24,0.5,0.5,0,2026-04-08T03:29:02.79982+00:00,0.0,0.0,0.0,0.0,0.5,0.5,0.4768,0.0,2.213675594968723,73.63778402758933,0.006406663903737564,-0.0015984951220513292,0.008005159025788893,2605.1
124754,MCNICHOLS,2020-06-25,0.5,0.5,0,2026-04-08T03:29:05.076463+00:00,0.0,0.0,0.0,0.0,0.5,0.5,0.47759999999999997,0.0,2.213675594968723,73.63778402758932,0.0060012953821954595,-0.0016030909148747469,0.007604386297070206,2605.1
124857,MCNICHOLS,2020-06-26,0.5,0.5,0,2026-04-08T03:29:07.48598+00:00,0.0,0.0,0.0,0.0,0.5,0.5,0.47839999999999994,0.0,2.213675594968723,73.63778402758933,0.00561530813161748,-0.0015912625323621817,0.007206570663979662,2570.1
124960,MCNICHOLS,2020-06-29,0.5,0.5,95000,2026-04-08T03:29:11.968016+00:00,0.0,0.0,0.0,0.0,0.5,0.5,0.47919999999999996,0.0,2.213675594968723,73.63778402758933,0.005248904352599226,-0.001566133049104349,0.006815037401703575,7320.0
125063,MCNICHOLS,2020-06-30,0.5,0.5,0,2026-04-08T03:29:14.28255+00:00,0.0,0.0,0.0,0.0,0.5,0.5,0.48,0.0,2.213675594968723,73.63778402758932,0.004902019290945581,-0.0015304144886063966,0.006432433779551977,7320.0
125166,MCNICHOLS,2020-07-01,0.5,0.5,0,2026-04-08T03:29:16.703757+00:00,0.0,0.0,0.0,0.0,0.5,0.5,0.4808,0.0,2.213675594968723,73.63778402758932,0.004574379777787407,-0.001486443201411657,0.006060822979199064,7320.0
125269,MCNICHOLS,2020-07-02,0.47,0.47,0,2026-04-08T03:29:19.127663+00:00,-6.000000000000005,0.0,0.0,0.0,0.49399999999999994,0.49850000000000005,0.48100000000000004,1.341640786499875,2.3805475987849585,20.20291806061637,0.0018723900762784296,-0.003350746322336508,0.005223136398614938,7320.0
125372,MCNICHOLS,2020-07-03,0.47,0.47,0,2026-04-08T03:29:21.544735+00:00,0.0,-6.000000000000005,0.0,0.0,0.488,0.49700000000000005,0.48119999999999996,1.341640786499875,2.3805475987849585,20.202918060616366,-0.0002658912007018621,-0.0043912220794534405,0.004125330878751578,7320.0
125475,MCNICHOLS,2020-07-07,0.47,0.47,0,2026-04-08T03:29:27.331532+00:00,0.0,0.0,0.0,0.0,0.48200000000000004,0.4955,0.4814,1.341640786499875,2.3805475987849585,20.202918060616362,-0.0019381527003223264,-0.004850786863259124,0.0029126341629367976,7320.0
125578,MCNICHOLS,2020-07-08,0.47,0.47,0,2026-04-08T03:29:29.768744+00:00,0.0,0.0,0.0,0.0,0.476,0.49400000000000005,0.48160000000000003,1.341640786499875,2.3805475987849585,20.202918060616366,-0.003226241878653724,-0.004911100833272417,0.0016848589546186931,7320.0
125681,MCNICHOLS,2020-07-09,0.47,0.47,980,2026-04-08T03:29:32.143692+00:00,0.0,0.0,0.0,0.0,0.47,0.4925,0.4818,1.341640786499875,2.3805475987849585,20.202918060616366,-0.0041986622676181695,-0.00470681697778949,0.0005081547101713206,7369.0
125784,MCNICHOLS,2020-07-10,0.47,0.47,0,2026-04-08T03:29:34.521297+00:00,0.0,0.0,-6.000000000000005,0.0,0.47,0.491,0.482,1.341640786499875,2.3805475987849585,20.202918060616362,-0.004912682090680132,-0.004336669440681161,-0.0005760126499989699,7369.0
125887,MCNICHOLS,2020-07-13,0.47,0.47,0,2026-04-08T03:29:39.007126+00:00,0.0,0.0,0.0,0.0,0.47,0.48950000000000005,0.4822000000000001,1.341640786499875,2.3805475987849585,20.202918060616362,-0.005416114349880485,-0.0038720813599052123,-0.001544032989975273,7369.0
125990,MCNICHOLS,2020-07-14,0.47,0.47,0,2026-04-08T03:29:41.304989+00:00,0.0,0.0,0.0,0.0,0.47,0.488,0.4824,1.341640786499875,2.3805475987849585,20.202918060616366,-0.005748819232731128,-0.003363828994204684,-0.0023849902385264443,7299.0
126093,MCNICHOLS,2020-07-15,0.47,0.47,0,2026-04-08T03:29:43.708156+00:00,0.0,0.0,0.0,0.0,0.47,0.48650000000000004,0.4826,1.341640786499875,2.3805475987849585,20.202918060616362,-0.005943971841998907,-0.0028471852827779702,-0.003096786559220937,7299.0
126196,MCNICHOLS,2020-07-16,0.47,0.47,0,2026-04-08T03:29:45.979708+00:00,0.0,0.0,0.0,0.0,0.47,0.485,0.4828,1.341640786499875,2.3805475987849585,20.202918060616366,-0.006029131614593397,-0.0023458760442979674,-0.0036832555702954297,7299.0
126299,MCNICHOLS,2020-07-17,0.47,0.47,113,2026-04-08T03:29:48.357101+00:00,0.0,0.0,0.0,-6.000000000000005,0.47,0.4835,0.48300000000000004,1.341640786499875,2.3805475987849585,20.202918060616366,-0.006027144181559474,-0.0018751108890112354,-0.0041520332925482385,7304.65
126402,MCNICHOLS,2020-07-20,0.47,0.47,0,2026-04-08T03:29:52.723074+00:00,0.0,0.0,0.0,0.0,0.47,0.48200000000000004,0.4832,1.341640786499875,2.3805475987849585,20.202918060616366,-0.005956901672127701,-0.0014438947036635695,-0.004513006968464132,7304.65
126505,MCNICHOLS,2020-07-21,0.47,0.47,0,2026-04-08T03:29:55.035926+00:00,0.0,0.0,0.0,0.0,0.47,0.4805,0.48339999999999994,1.341640786499875,2.3805475987849585,20.202918060616366,-0.005833983447676827,-0.0010567811833701556,-0.0047772022643066715,7304.65
126608,MCNICHOLS,2020-07-23,0.47,0.47,0,2026-04-08T03:29:58.238067+00:00,0.0,0.0,0.0,0.0,0.47,0.479,0.4836,1.341640786499875,2.3805475987849585,20.202918060616366,-0.005671195853617861,-0.0007151948714489509,-0.00495600098216891,4804.65
126711,MCNICHOLS,2020-07-24,0.47,0.47,0,2026-04-08T03:30:00.541513+00:00,0.0,0.0,0.0,0.0,0.47,0.47750000000000004,0.48379999999999995,1.341640786499875,2.3805475987849585,20.202918060616366,-0.005479026703245515,-0.00041842057686128364,-0.005060606126384232,4804.65
126814,MCNICHOLS,2020-07-27,0.47,0.47,0,2026-04-08T03:30:04.748878+00:00,0.0,0.0,0.0,0.0,0.47,0.476,0.48479999999999995,1.341640786499875,2.0169233474848323,20.202918060616366,-0.005266027776848425,-0.00016433732037135496,-0.00510169045647707,4804.65
126917,MCNICHOLS,2020-07-28,0.47,0.47,0,2026-04-08T03:30:07.286947+00:00,0.0,0.0,0.0,0.0,0.47,0.47450000000000003,0.4858,1.341640786499875,2.0169233474848323,20.202918060616366,-0.005039136563553259,5.004311433904913e-05,-0.005089179677892308,4804.65
127020,MCNICHOLS,2020-07-29,0.47,0.47,10350,2026-04-08T03:30:09.725653+00:00,0.0,0.0,0.0,0.0,0.47,0.47300000000000003,0.4868,1.341640786499875,2.0169233474848323,20.202918060616362,-0.004803946734748765,0.00022818635451483417,-0.005032133089263599,572.15
127123,MCNICHOLS,2020-08-03,0.47,0.47,0,2026-04-08T03:30:16.711714+00:00,0.0,0.0,0.0,0.0,0.47,0.4715,0.48779999999999996,1.341640786499875,2.0169233474848323,20.202918060616366,-0.004564935367625644,0.0003737581773103644,-0.004938693544936009,572.15
127226,MCNICHOLS,2020-08-04,0.47,0.47,0,2026-04-08T03:30:19.026905+00:00,0.0,0.0,0.0,0.0,0.47,0.47,0.48800000000000004,1.341640786499875,1.508269963904612,20.202918060616366,-0.0043256536940376455,0.0004904318807186911,-0.004816085574756337,572.15
127329,MCNICHOLS,2020-08-05,0.47,0.47,0,2026-04-08T03:30:21.509999+00:00,0.0,0.0,0.0,0.0,0.47,0.47,0.4874,0.0,0.8485281374238577,20.202918060616362,-0.004088887098559479,0.0005817587809574861,-0.0046706458795169655,572.15
127432,MCNICHOLS,2020-08-06,0.47,0.47,0,2026-04-08T03:30:23.823287+00:00,0.0,0.0,0.0,0.0,0.47,0.47,0.4868,0.0,0.8485281374238577,20.202918060616366,-0.003856789200694155,0.0006510853430582485,-0.004507874543752404,572.15
127535,MCNICHOLS,2020-08-07,0.47,0.47,0,2026-04-08T03:30:26.221973+00:00,0.0,0.0,0.0,0.0,0.47,0.47,0.4862,0.0,0.8485281374238577,20.202918060616362,-0.003630994104637908,0.0007015043512915969,-0.004332498455929505,572.15
127638,MCNICHOLS,2020-08-10,0.47,0.47,90012,2026-04-08T03:30:31.080726+00:00,0.0,0.0,0.0,0.0,0.47,0.47,0.48560000000000003,0.0,0.8485281374238577,20.202918060616366,-0.0034127102646548946,0.0007358305530196889,-0.0041485408176745835,5072.75
127741,MCNICHOLS,2020-08-11,0.47,0.47,0,2026-04-08T03:30:33.557314+00:00,0.0,0.0,0.0,0.0,0.47,0.47,0.485,0.0,0.8485281374238577,20.202918060616362,-0.0032027988770368387,0.0007565935525101954,-0.003959392429547034,5023.75
127844,MCNICHOLS,2020-08-12,0.47,0.47,0,2026-04-08T03:30:35.989363+00:00,0.0,0.0,0.0,0.0,0.47,0.47,0.4844,0.0,0.8485281374238577,20.202918060616366,-0.003001839255660499,0.0007660425391092284,-0.0037678817947697273,5023.75
127947,MCNICHOLS,2020-08-13,0.47,0.47,0,2026-04-08T03:30:38.402702+00:00,0.0,0.0,0.0,0.0,0.47,0.47,0.4838,0.0,0.8485281374238577,20.202918060616366,-0.0028101832644891744,0.0007661588242244425,-0.003576342088713617,5023.75
128050,MCNICHOLS,2020-08-14,0.47,0.47,0,2026-04-08T03:30:40.738296+00:00,0.0,0.0,0.0,0.0,0.47,0.47,0.4832,0.0,0.8485281374238577,20.202918060616362,-0.0026280005561413744,0.0007586732260577945,-0.003386673782199169,5023.75
128153,MCNICHOLS,2020-08-17,0.47,0.47,0,2026-04-08T03:30:45.179846+00:00,0.0,0.0,0.0,0.0,0.47,0.47,0.4826,0.0,0.8485281374238577,20.202918060616362,-0.0024553160916963024,0.0007450861524022937,-0.003200402244098596,5023.75
128256,MCNICHOLS,2020-08-18,0.47,0.47,1000,2026-04-08T03:30:47.750292+00:00,0.0,0.0,0.0,0.0,0.47,0.47,0.48200000000000004,0.0,0.8485281374238577,20.20291806061636,-0.002292041185459337,0.0007266888469114074,-0.0030187300323707444,5073.75
128359,MCNICHOLS,2020-08-19,0.47,0.47,0,2026-04-08T03:30:50.260611+00:00,0.0,0.0,0.0,0.0,0.47,0.47,0.4814,0.0,0.8485281374238577,20.20291806061636,-0.0021379991229037443,0.0007045847275736006,-0.002842583850477345,5068.1
128462,MCNICHOLS,2020-08-20,0.47,0.47,0,2026-04-08T03:30:52.728097+00:00,0.0,0.0,0.0,0.0,0.47,0.47,0.4808,0.0,0.8485281374238577,20.202918060616362,-0.0019929462348854954,0.0006797100924734794,-0.002672656327358975,5068.1
128565,MCNICHOLS,2020-08-21,0.47,0.47,0,2026-04-08T03:30:55.129893+00:00,0.0,0.0,0.0,0.0,0.47,0.47,0.4802,0.0,0.8485281374238577,20.20291806061636,-0.0018565891717955973,0.0006528537244507022,-0.0025094428962462996,5068.1
128668,MCNICHOLS,2020-08-24,0.47,0.47,0,2026-04-08T03:30:59.50528+00:00,0.0,0.0,0.0,0.0,0.47,0.47,0.4796,0.0,0.8485281374238577,20.202918060616362,-0.0017285990035992849,0.0006246751141176119,-0.002353274117716897,5068.1
128771,MCNICHOLS,2020-08-25,0.47,0.47,0,2026-04-08T03:31:01.97181+00:00,0.0,0.0,0.0,0.0,0.47,0.47,0.479,0.0,0.8485281374238577,20.202918060616362,-0.001608622672350346,0.0005957211562932405,-0.0022043438286435866,5068.1
128874,MCNICHOLS,2020-08-26,0.47,0.47,0,2026-04-08T03:31:04.340397+00:00,0.0,0.0,0.0,0.0,0.47,0.47,0.47840000000000005,0.0,0.8485281374238577,20.202918060616366,-0.0014962922399204825,0.0005664412709784831,-0.0020627335108989657,5068.1
128977,MCNICHOLS,2020-08-27,0.47,0.47,0,2026-04-08T03:31:06.825032+00:00,0.0,0.0,0.0,0.0,0.47,0.47,0.4778,0.0,0.8485281374238577,20.202918060616362,-0.0013912323029464657,0.0005372009663620002,-0.001928433269308466,5068.1
129080,MCNICHOLS,2020-08-28,0.47,0.47,0,2026-04-08T03:31:10.050623+00:00,0.0,0.0,0.0,0.0,0.47,0.47,0.4772,0.0,0.8485281374238577,20.20291806061637,-0.0012930658873349654,0.0005082939055788005,-0.0018013597929137659,4550.6
129183,MCNICHOLS,2020-08-31,0.47,0.47,0,2026-04-08T03:31:14.574397+00:00,0.0,0.0,0.0,0.0,0.47,0.47,0.4766,0.0,0.8485281374238577,20.20291806061637,-0.0012014190843648853,0.0004799525668391046,-0.00168137165120399,4550.6
129286,MCNICHOLS,2020-09-01,0.47,0.47,0,2026-04-08T03:31:16.859057+00:00,0.0,0.0,0.0,0.0,0.47,0.47,0.47600000000000003,0.0,0.8485281374238577,20.202918060616373,-0.0011159246480280105,0.00045235760254078356,-0.001568282250568794,4550.6
129389,MCNICHOLS,2020-09-02,0.47,0.47,0,2026-04-08T03:31:19.223829+00:00,0.0,0.0,0.0,0.0,0.47,0.47,0.4754,0.0,0.8485281374238577,20.20291806061637,-0.0010362247375301226,0.00042564601043093716,-0.0014618707479610597,4550.6
129492,MCNICHOLS,2020-09-03,0.47,0.47,0,2026-04-08T03:31:21.580357+00:00,0.0,0.0,0.0,0.0,0.47,0.47,0.47480000000000006,0.0,0.8485281374238577,20.20291806061637,-0.0009619729587921344,0.00039991823133514025,-0.0013618911901272747,4550.6
129595,MCNICHOLS,2020-09-04,0.47,0.47,0,2026-04-08T03:31:24.095323+00:00,0.0,0.0,0.0,0.0,0.47,0.47,0.4742,0.0,0.8485281374238577,20.20291806061637,-0.0008928358334698849,0.00037524428532591204,-0.001268080118795797,4550.6
129698,MCNICHOLS,2020-09-07,0.47,0.47,0,2026-04-08T03:31:29.028072+00:00,0.0,0.0,0.0,0.0,0.47,0.47,0.4736,0.0,0.8485281374238577,20.20291806061637,-0.0008284938027077748,0.0003516690528704179,-0.0011801628555781927,50.0
129801,MCNICHOLS,2020-09-08,0.47,0.47,0,2026-04-08T03:31:31.696694+00:00,0.0,0.0,0.0,0.0,0.47,0.47,0.473,0.0,0.8485281374238577,20.20291806061637,-0.0007686418549288643,0.0003292168005194628,-0.001097858655448327,50.0
129904,MCNICHOLS,2020-09-09,0.47,0.47,0,2026-04-08T03:31:34.222499+00:00,0.0,0.0,0.0,0.0,0.47,0.47,0.47240000000000004,0.0,0.8485281374238577,20.20291806061637,-0.0007129898519119826,0.00030789504282907566,-0.0010208848947410583,50.0
130007,MCNICHOLS,2020-09-10,0.47,0.47,0,2026-04-08T03:31:36.666154+00:00,0.0,0.0,0.0,0.0,0.47,0.47,0.4718,0.0,0.8485281374238577,20.202918060616373,-0.0006612626147686762,0.0002876978239779057,-0.0009489604387465819,50.0
130110,MCNICHOLS,2020-09-11,0.47,0.47,0,2026-04-08T03:31:39.224755+00:00,0.0,0.0,0.0,0.0,0.47,0.47,0.47119999999999995,0.0,0.8485281374238577,20.202918060616373,-0.0006131998208271372,0.0002686084943355558,-0.000881808315162693,50.0
130213,MCNICHOLS,2020-09-14,0.47,0.47,0,2026-04-08T03:31:43.669625+00:00,0.0,0.0,0.0,0.0,0.47,0.47,0.4706,0.0,0.8485281374238577,20.202918060616376,-0.0005685557535415886,0.0002506020492968836,-0.0008191578028384722,50.0
130316,MCNICHOLS,2020-09-15,0.47,0.47,0,2026-04-08T03:31:46.096824+00:00,0.0,0.0,0.0,0.0,0.47,0.47,0.47,0.0,0.8485281374238577,20.202918060616373,-0.0005270989401008341,0.0002336470901901105,-0.0007607460302909446,0.0
130419,MCNICHOLS,2020-09-16,0.47,0.47,350000,2026-04-08T03:31:48.62473+00:00,0.0,0.0,0.0,0.0,0.47,0.47,0.47,0.0,0.0,20.202918060616373,-0.0004886117051817185,0.00021770746008738088,-0.0007063191652690994,17500.0
130522,MCNICHOLS,2020-09-17,0.47,0.47,0,2026-04-08T03:31:51.120615+00:00,0.0,0.0,0.0,0.0,0.47,0.47,0.47,0.0,0.0,20.202918060616373,-0.0004528896640891844,0.000202743600943932,-0.0006556332650331164,17500.0
130625,MCNICHOLS,2020-09-18,0.47,0.47,0,2026-04-08T03:31:53.500222+00:00,0.0,0.0,0.0,0.0,0.47,0.47,0.47,0.0,0.0,20.202918060616376,-0.000419741174183752,0.0001887136726794916,-0.0006084548468632436,17500.0
130728,MCNICHOLS,2020-09-21,0.47,0.47,0,2026-04-08T03:31:57.915353+00:00,0.0,0.0,0.0,0.0,0.47,0.47,0.47,0.0,0.0,20.202918060616373,-0.0003889867598796948,0.0001755744695868391,-0.0005645612294665339,17500.0
130831,MCNICHOLS,2020-09-22,0.47,0.47,0,2026-04-08T03:32:00.361616+00:00,0.0,0.0,0.0,0.0,0.47,0.47,0.47,0.0,0.0,20.202918060616373,-0.00036045852348898233,0.00016328216478204126,-0.0005237406882710236,17500.0
130934,MCNICHOLS,2020-09-23,0.47,0.47,0,2026-04-08T03:32:02.667296+00:00,0.0,0.0,0.0,0.0,0.47,0.47,0.47,0.0,0.0,20.20291806061637,-0.00033399955169011175,0.00015179290926472947,-0.0004857924609548412,17500.0
131037,MCNICHOLS,2020-09-24,0.47,0.47,0,2026-04-08T03:32:05.077899+00:00,0.0,0.0,0.0,0.0,0.47,0.47,0.47,0.0,0.0,20.202918060616373,-0.00030946332533271503,0.000141063308497701,-0.000450526633830416,17500.0
131140,MCNICHOLS,2020-09-25,0.47,0.47,0,2026-04-08T03:32:07.472813+00:00,0.0,0.0,0.0,0.0,0.47,0.47,0.47,0.0,0.0,20.202918060616373,-0.00028671313858169567,0.00013105079619897628,-0.00041776393478067195,17500.0
131243,MCNICHOLS,2020-09-28,0.47,0.47,0,2026-04-08T03:32:12.542607+00:00,0.0,0.0,0.0,0.0,0.47,0.47,0.47,0.0,0.0,20.202918060616373,-0.0002656215319980504,0.00012171392222609732,-0.0003873354542241477,17500.0
131346,MCNICHOLS,2020-09-29,0.47,0.47,0,2026-04-08T03:32:14.948969+00:00,0.0,0.0,0.0,0.0,0.47,0.47,0.47,0.0,0.0,20.202918060616376,-0.00024606974299945517,0.00011301256897975405,-0.0003590823119792092,17500.0
131449,MCNICHOLS,2020-09-30,0.47,0.47,0,2026-04-08T03:32:17.368144+00:00,0.0,0.0,0.0,0.0,0.47,0.47,0.47,0.0,0.0,20.202918060616373,-0.00022794717620000515,0.00010490810862336325,-0.0003328552848233684,17500.0
131552,MCNICHOLS,2020-10-02,0.47,0.47,3000,2026-04-08T03:32:21.009688+00:00,0.0,0.0,0.0,0.0,0.47,0.47,0.47,0.0,0.0,20.202918060616376,-0.00021115089536055676,9.736351157024932e-05,-0.0003085144069308061,17650.0
131655,MCNICHOLS,2020-10-05,0.47,0.47,0,2026-04-08T03:32:25.669514+00:00,0.0,0.0,0.0,0.0,0.47,0.47,0.47,0.0,0.0,20.202918060616373,-0.0001955851380605611,9.034341509619597e-05,-0.00028592855315675707,17650.0
131758,MCNICHOLS,2020-10-06,0.47,0.47,0,2026-04-08T03:32:28.151061+00:00,0.0,0.0,0.0,0.0,0.47,0.47,0.47,0.0,0.0,20.202918060616376,-0.00018116085370234458,8.381415956353001e-05,-0.0002649750132658746,17650.0
131861,MCNICHOLS,2020-10-07,0.47,0.47,0,2026-04-08T03:32:30.62441+00:00,0.0,0.0,0.0,0.0,0.47,0.47,0.47,0.0,0.0,20.202918060616376,-0.00016779526506038867,7.774379856438879e-05,-0.00024553906362477745,17650.0
131964,MCNICHOLS,2020-10-08,0.47,0.47,0,2026-04-08T03:32:32.995223+00:00,0.0,0.0,0.0,0.0,0.47,0.47,0.47,0.0,0.0,20.202918060616376,-0.00015541145327474526,7.210208828002575e-05,-0.000227513541554771,17650.0
132067,MCNICHOLS,2020-10-09,0.47,0.47,0,2026-04-08T03:32:35.453646+00:00,0.0,0.0,0.0,0.0,0.47,0.47,0.47,0.0,0.0,20.202918060616376,-0.00014393796594097674,6.686046049103543e-05,-0.00021079842643201218,17650.0
132170,MCNICHOLS,2020-10-12,0.47,0.47,0,2026-04-08T03:32:39.836845+00:00,0.0,0.0,0.0,0.0,0.47,0.47,0.47,0.0,0.0,20.202918060616376,-0.00013330844776276995,6.199198293539379e-05,-0.00019530043069816374,17650.0
132273,MCNICHOLS,2020-10-13,0.47,0.47,0,2026-04-08T03:32:42.883097+00:00,0.0,0.0,0.0,0.0,0.47,0.47,0.47,0.0,0.0,20.202918060616376,-0.00012346129309021014,5.7471310086362883e-05,-0.00018093260317657303,17650.0
132376,MCNICHOLS,2020-10-14,0.47,0.47,0,2026-04-08T03:32:45.313484+00:00,0.0,0.0,0.0,0.0,0.47,0.47,0.47,0.0,0.0,20.202918060616373,-0.00011433931956511545,5.3274626889166085e-05,-0.00016761394645428153,17650.0
132479,MCNICHOLS,2020-10-15,0.47,0.47,0,2026-04-08T03:32:47.672181+00:00,0.0,0.0,0.0,0.0,0.47,0.47,0.47,0.0,0.0,20.202918060616376,-0.00010588946202189087,4.937958754591253e-05,-0.0001552690495678034,150.0
132582,MCNICHOLS,2020-10-16,0.47,0.47,0,2026-04-08T03:32:50.112843+00:00,0.0,0.0,0.0,0.0,0.47,0.47,0.47,0.0,0.0,20.202918060616373,-9.806248574706355e-05,4.576525105659188e-05,-0.00014382773680365543,150.0
132685,MCNICHOLS,2020-10-19,0.47,0.47,0,2026-04-08T03:32:54.594352+00:00,0.0,0.0,0.0,0.0,0.47,0.47,0.47,0.0,0.0,20.202918060616373,-9.081271817279468e-05,4.2412014904688594e-05,-0.00013322473307748328,150.0
132788,MCNICHOLS,2020-10-20,0.47,0.47,0,2026-04-08T03:32:57.288568+00:00,0.0,0.0,0.0,0.0,0.47,0.47,0.47,0.0,0.0,20.202918060616376,-8.409779807133644e-05,3.930154800491748e-05,-0.00012339934607625392,150.0
132891,MCNICHOLS,2020-10-21,0.47,0.47,0,2026-04-08T03:32:59.679627+00:00,0.0,0.0,0.0,0.0,0.47,0.47,0.47,0.0,0.0,20.202918060616373,-7.787844131862398e-05,3.641672380610396e-05,-0.00011429516512472794,150.0
132994,MCNICHOLS,2020-10-22,0.47,0.47,0,2026-04-08T03:33:02.194874+00:00,0.0,0.0,0.0,0.0,0.47,0.47,0.47,0.0,0.0,20.202918060616376,-7.21182223093475e-05,3.374155425230436e-05,-0.00010585977656165186,150.0
133097,MCNICHOLS,2020-10-23,0.47,0.47,0,2026-04-08T03:33:04.540232+00:00,0.0,0.0,0.0,0.0,0.47,0.47,0.47,0.0,0.0,20.202918060616373,-6.678337012472335e-05,3.126112514954281e-05,-9.804449527426616e-05,150.0
133200,MCNICHOLS,2020-10-26,0.47,0.47,0,2026-04-08T03:33:08.964122+00:00,0.0,0.0,0.0,0.0,0.47,0.47,0.47,0.0,0.0,20.202918060616376,-6.18425785826604e-05,2.8961533353284616e-05,-9.080411193594502e-05,150.0
133303,MCNICHOLS,2020-10-27,0.47,0.47,0,2026-04-08T03:33:12.04516+00:00,0.0,0.0,0.0,0.0,0.47,0.47,0.47,0.0,0.0,20.20291806061637,-5.726682932799543e-05,2.6829826086359674e-05,-8.40966554143551e-05,150.0
133406,MCNICHOLS,2020-10-28,0.47,0.47,0,2026-04-08T03:33:14.504918+00:00,0.0,0.0,0.0,0.0,0.47,0.47,0.47,0.0,0.0,20.202918060616373,-5.302922715605396e-05,2.4853942606640922e-05,-7.788316976269488e-05,150.0
133509,MCNICHOLS,2020-10-30,0.47,0.47,0,2026-04-08T03:33:18.13889+00:00,0.0,0.0,0.0,0.0,0.47,0.47,0.47,0.0,0.0,20.20291806061637,-4.910484679732097e-05,2.302265837229914e-05,-7.21275051696201e-05,150.0
133612,MCNICHOLS,2020-11-02,0.47,0.47,19020,2026-04-08T03:33:22.589733+00:00,0.0,0.0,0.0,0.0,0.47,0.47,0.47,0.0,0.0,20.20291806061637,-4.5470590427421076e-05,2.1325531793759233e-05,-6.679612222118031e-05,951.0
133715,MCNICHOLS,2020-11-03,0.47,0.47,35980,2026-04-08T03:33:24.936567+00:00,0.0,0.0,0.0,0.0,0.47,0.47,0.47,0.0,0.0,20.202918060616373,-4.210505520396701e-05,1.9752853613770648e-05,-6.185790881773766e-05,2750.0
133818,MCNICHOLS,2020-11-04,0.47,0.47,0,2026-04-08T03:33:27.402012+00:00,0.0,0.0,0.0,0.0,0.47,0.47,0.47,0.0,0.0,20.202918060616373,-3.898841016902743e-05,1.8295598918968185e-05,-5.728400908799562e-05,2750.0
133921,MCNICHOLS,2020-11-05,0.47,0.47,0,2026-04-08T03:33:29.791139+00:00,0.0,0.0,0.0,0.0,0.47,0.47,0.47,0.0,0.0,20.20291806061637,-3.6102281891825516e-05,1.694538175693609e-05,-5.3047663648761605e-05,2750.0
134024,MCNICHOLS,2020-11-06,0.47,0.47,36500,2026-04-08T03:33:32.190465+00:00,0.0,0.0,0.0,0.0,0.47,0.47,0.47,0.0,0.0,20.202918060616366,-3.342964826280603e-05,1.5694412308764458e-05,-4.912406057157049e-05,4575.0
134127,MCNICHOLS,2020-11-09,0.47,0.47,0,2026-04-08T03:33:36.944942+00:00,0.0,0.0,0.0,0.0,0.47,0.47,0.47,0.0,0.0,20.202918060616366,-3.0954739883792826e-05,1.4535456550222136e-05,-4.549019643401496e-05,4575.0
134231,MCNICHOLS,2020-11-10,0.47,0.47,0,2026-04-08T03:33:39.328014+00:00,0.0,0.0,0.0,0.0,0.47,0.47,0.47,0.0,0.0,20.202918060616366,-2.866294853404172e-05,1.3461798319978597e-05,-4.212474685402032e-05,4575.0
134335,MCNICHOLS,2020-11-11,0.47,0.47,0,2026-04-08T03:33:41.646704+00:00,0.0,0.0,0.0,0.0,0.47,0.47,0.47,0.0,0.0,20.202918060616366,-2.6540742222636027e-05,1.246720370510743e-05,-3.900794592774346e-05,4575.0
134439,MCNICHOLS,2020-11-12,0.47,0.47,0,2026-04-08T03:33:44.075825+00:00,0.0,0.0,0.0,0.0,0.47,0.47,0.47,0.0,0.0,20.20291806061637,-2.4575586369257607e-05,1.1545887646788678e-05,-3.6121474016046286e-05,4575.0
134543,MCNICHOLS,2020-11-13,0.47,0.47,33000,2026-04-08T03:33:46.660663+00:00,0.0,0.0,0.0,0.0,0.47,0.47,0.47,0.0,0.0,20.202918060616366,-2.2755870685065016e-05,1.0692482664785017e-05,-3.344835334985003e-05,6225.0
134647,MCNICHOLS,2020-11-16,0.47,0.47,0,2026-04-08T03:33:51.206328+00:00,0.0,0.0,0.0,0.0,0.47,0.47,0.47,0.0,0.0,20.202918060616362,-2.107084135199999e-05,9.90200959828003e-06,-3.097285095028002e-05,6225.0
134751,MCNICHOLS,2020-11-17,0.47,0.47,0,2026-04-08T03:33:53.594986+00:00,0.0,0.0,0.0,0.0,0.47,0.47,0.47,0.0,0.0,20.202918060616366,-1.9510538126932264e-05,9.169850258678209e-06,-2.8680388385610473e-05,6225.0
134855,MCNICHOLS,2020-11-18,0.47,0.47,0,2026-04-08T03:33:56.053488+00:00,0.0,0.0,0.0,0.0,0.47,0.47,0.47,0.0,0.0,20.202918060616366,-1.806573602042283e-05,8.491721892150116e-06,-2.6557457912572945e-05,6225.0
134959,MCNICHOLS,2020-11-19,0.47,0.47,0,2026-04-08T03:33:58.535588+00:00,0.0,0.0,0.0,0.0,0.47,0.47,0.47,0.0,0.0,20.202918060616366,-1.6727891224477265e-05,7.863653350476547e-06,-2.459154457495381e-05,6225.0
135063,MCNICHOLS,2020-11-20,0.47,0.47,0,2026-04-08T03:34:01.033528+00:00,0.0,0.0,0.0,0.0,0.47,0.47,0.47,0.0,0.0,20.20291806061637,-1.5489090985754128e-05,7.281962871359749e-06,-2.2771053857113877e-05,6225.0
135167,MCNICHOLS,2020-11-23,0.47,0.47,0,2026-04-08T03:34:05.446005+00:00,0.0,0.0,0.0,0.0,0.47,0.47,0.47,0.0,0.0,20.20291806061637,-1.434200714073297e-05,6.743237373104726e-06,-2.1085244513837697e-05,6225.0
135271,MCNICHOLS,2020-11-24,0.47,0.47,50,2026-04-08T03:34:07.827748+00:00,0.0,0.0,0.0,0.0,0.47,0.47,0.47,0.0,0.0,20.20291806061637,-1.3279853049774637e-05,6.244313171250451e-06,-1.9524166221025088e-05,6227.5
135375,MCNICHOLS,2020-11-25,0.47,0.47,0,2026-04-08T03:34:10.273596+00:00,0.0,0.0,0.0,0.0,0.47,0.47,0.47,0.0,0.0,20.202918060616362,-1.2296343684436994e-05,5.782258029270476e-06,-1.807860171370747e-05,6227.5
135479,MCNICHOLS,2020-11-26,0.47,0.47,9500,2026-04-08T03:34:12.878043+00:00,0.0,0.0,0.0,0.0,0.47,0.47,0.47,0.0,0.0,20.202918060616362,-1.1385658641172025e-05,5.354354458028355e-06,-1.674001309920038e-05,6702.5
135583,MCNICHOLS,2020-11-27,0.47,0.47,0,2026-04-08T03:34:15.660625+00:00,0.0,0.0,0.0,0.0,0.47,0.47,0.47,0.0,0.0,20.202918060616362,-1.0542407867741854e-05,4.958084185166822e-06,-1.5500492052908676e-05,6702.5
135687,MCNICHOLS,2020-11-30,0.47,0.47,0,2026-04-08T03:34:20.595268+00:00,0.0,0.0,0.0,0.0,0.47,0.47,0.47,0.0,0.0,20.202918060616366,-9.76159990717651e-06,4.5911137165857345e-06,-1.4352713623762245e-05,5751.5
135791,MCNICHOLS,2020-12-01,0.51,0.51,100000,2026-04-08T03:34:22.915781+00:00,8.510638297872353,0.0,0.0,0.0,0.4779999999999999,0.472,0.4708,1.9030365765955684,1.2035860105302953,99.95702136852914,0.0031818445784084215,0.002556957833625747,0.0006248867447826745,8952.5
136106,MCNICHOLS,2020-12-07,0.51,0.51,0,2026-04-08T03:34:34.092506+00:00,0.0,8.510638297872353,0.0,0.0,0.48599999999999993,0.4739999999999999,0.47159999999999996,1.9030365765955684,1.2035860105302953,99.95702136852914,0.005646130392434501,0.004016994918121461,0.0016291354743130399,8952.5
136210,MCNICHOLS,2020-12-08,0.51,0.51,0,2026-04-08T03:34:36.413898+00:00,0.0,0.0,0.0,0.0,0.49399999999999994,0.476,0.47239999999999993,1.9030365765955684,1.2035860105302953,99.95702136852914,0.007512495284991316,0.004706687848542621,0.0028058074364486953,8952.5
136314,MCNICHOLS,2020-12-09,0.51,0.51,0,2026-04-08T03:34:38.741358+00:00,0.0,0.0,0.0,0.0,0.502,0.4779999999999999,0.47319999999999995,1.9030365765955684,1.2035860105302953,99.95702136852914,0.008889134499558693,0.004866661650487998,0.004022472849070695,7127.5
136418,MCNICHOLS,2020-12-10,0.51,0.51,0,2026-04-08T03:34:41.210459+00:00,0.0,0.0,0.0,0.0,0.51,0.48,0.474,1.9030365765955684,1.2035860105302953,99.95702136852914,0.009866397308697705,0.004675139567701608,0.005191257740996097,7127.5
136522,MCNICHOLS,2020-12-11,0.51,0.51,0,2026-04-08T03:34:43.516271+00:00,0.0,0.0,8.510638297872353,0.0,0.51,0.48200000000000004,0.47479999999999994,1.9030365765955684,1.2035860105302953,99.95702136852914,0.010519621477582175,0.004262690989268862,0.006256930488313313,7127.5
136626,MCNICHOLS,2020-12-14,0.51,0.51,0,2026-04-08T03:34:47.752987+00:00,0.0,0.0,0.0,0.0,0.51,0.484,0.47559999999999997,1.9030365765955684,1.2035860105302953,99.95702136852914,0.010911525068844019,0.003723675664424563,0.007187849404419456,7127.5
136731,MCNICHOLS,2020-12-15,0.51,0.51,0,2026-04-08T03:34:50.014046+00:00,0.0,0.0,0.0,0.0,0.51,0.48600000000000004,0.4764,1.9030365765955684,1.2035860105302953,99.95702136852914,0.011094224178022416,0.0031250998188823674,0.007969124359140049,7127.5
136836,MCNICHOLS,2020-12-16,0.51,0.51,0,2026-04-08T03:34:52.260784+00:00,0.0,0.0,0.0,0.0,0.51,0.488,0.4772,1.9030365765955684,1.2035860105302953,99.95702136852915,0.011110934600563671,0.0025134481931388987,0.008597486407424772,5477.5
136941,MCNICHOLS,2020-12-17,0.51,0.51,0,2026-04-08T03:34:54.700208+00:00,0.0,0.0,0.0,0.0,0.51,0.48999999999999994,0.478,1.9030365765955684,1.2035860105302953,99.95702136852914,0.010997406474627991,0.0019199360537625748,0.009077470420865416,5477.5
137046,MCNICHOLS,2020-12-18,0.51,0.51,0,2026-04-08T03:34:57.404383+00:00,0.0,0.0,0.0,8.510638297872353,0.51,0.492,0.47879999999999995,1.9030365765955684,1.2035860105302953,99.95702136852914,0.01078313336770248,0.0013645303574696503,0.00941860301023283,5477.5
137151,MCNICHOLS,2020-12-21,0.51,0.51,1000,2026-04-08T03:35:01.74156+00:00,0.0,0.0,0.0,0.0,0.51,0.49399999999999994,0.4796,1.9030365765955684,1.2035860105302953,99.95702136852914,0.010492370866633238,0.0008590142851203266,0.009633356581512912,5527.5
137256,MCNICHOLS,2020-12-22,0.51,0.51,0,2026-04-08T03:35:04.087051+00:00,0.0,0.0,0.0,0.0,0.51,0.496,0.4804,1.9030365765955684,1.2035860105302953,99.95702136852913,0.01014499431033522,0.0004093101830578462,0.009735684127277374,5527.5
137361,MCNICHOLS,2020-12-23,0.51,0.51,0,2026-04-08T03:35:06.465463+00:00,0.0,0.0,0.0,0.0,0.51,0.49800000000000005,0.48119999999999996,1.9030365765955684,1.2035860105302953,99.95702136852915,0.00975722071995555,1.7229274142540815e-05,0.00973999144581301,5527.5
137466,MCNICHOLS,2020-12-24,0.51,0.51,5000,2026-04-08T03:35:08.859517+00:00,0.0,0.0,0.0,0.0,0.51,0.5,0.48200000000000004,1.9030365765955684,1.2035860105302953,99.95702136852915,0.009342216103903567,-0.0003182202735275558,0.009660436377431122,5777.5
137571,MCNICHOLS,2020-12-29,0.51,0.51,0,2026-04-08T03:35:15.710612+00:00,0.0,0.0,0.0,0.0,0.51,0.502,0.48279999999999995,1.9030365765955684,1.2035860105302953,99.95702136852913,0.008910606036012125,-0.0005998642731351988,0.009510470309147324,5775.0
137676,MCNICHOLS,2020-12-30,0.51,0.51,0,2026-04-08T03:35:18.332825+00:00,0.0,0.0,0.0,0.0,0.51,0.504,0.4836,1.9030365765955684,1.2035860105302953,99.95702136852913,0.008470904631983023,-0.0008316525417314414,0.009302557173714464,5775.0
137781,MCNICHOLS,2020-12-31,0.51,0.51,0,2026-04-08T03:35:20.721524+00:00,0.0,0.0,0.0,0.0,0.51,0.506,0.4844,1.9030365765955684,1.2035860105302953,99.95702136852915,0.008029874704245377,-0.0010181459755752714,0.009048020679820648,5300.0
137886,MCNICHOLS,2021-01-04,0.51,0.51,0,2026-04-08T03:35:26.376094+00:00,0.0,0.0,0.0,0.0,0.51,0.508,0.48519999999999996,1.9030365765955684,1.2035860105302953,99.95702136852913,0.007592829892436703,-0.0011641526299071558,0.008756982522343859,5300.0
137991,MCNICHOLS,2021-01-05,0.51,0.51,1044,2026-04-08T03:35:29.033034+00:00,0.0,0.0,0.0,0.0,0.51,0.51,0.48599999999999993,1.9030365765955684,1.2035860105302953,99.95702136852915,0.007163887890108689,-0.0012744757057881369,0.008438363595896826,5352.2
138096,MCNICHOLS,2021-01-06,0.51,0.51,1000,2026-04-08T03:35:31.424152+00:00,0.0,0.0,0.0,0.0,0.51,0.51,0.4868,0.0,1.2035860105302953,99.95702136852913,0.006746182470733664,-0.0013537449001305296,0.008099927370864193,402.2
138201,MCNICHOLS,2021-01-07,0.51,0.51,0,2026-04-08T03:35:34.042283+00:00,0.0,0.0,0.0,0.0,0.51,0.51,0.4876,0.0,1.2035860105302953,99.95702136852914,0.006342040817710726,-0.001406309242522775,0.007748350060233501,402.2
138306,MCNICHOLS,2021-01-08,0.51,0.51,0,2026-04-08T03:35:36.489888+00:00,0.0,0.0,0.0,0.0,0.51,0.51,0.48839999999999995,0.0,1.2035860105302953,99.95702136852913,0.005953131650040855,-0.001436174728154117,0.007389306378194972,402.2
138411,MCNICHOLS,2021-01-11,0.51,0.51,0,2026-04-08T03:35:41.134484+00:00,0.0,0.0,0.0,0.0,0.51,0.51,0.4892,0.0,1.2035860105302953,99.95702136852914,0.005580588779073858,-0.0014469740792968913,0.00702756285837075,402.2
138516,MCNICHOLS,2021-01-12,0.51,0.51,0,2026-04-08T03:35:43.444525+00:00,0.0,0.0,0.0,0.0,0.51,0.51,0.49,0.0,1.2035860105302953,99.95702136852914,0.005225114008041931,-0.0014419590802630554,0.0066670730883049865,402.2
138621,MCNICHOLS,2021-01-13,0.51,0.51,0,2026-04-08T03:35:45.752573+00:00,0.0,0.0,0.0,0.0,0.51,0.51,0.49079999999999996,0.0,1.2035860105302953,99.95702136852914,0.004887062674520659,-0.0014240083310274624,0.0063110710055481216,402.2
138726,MCNICHOLS,2021-01-14,0.51,0.51,0,2026-04-08T03:35:48.266873+00:00,0.0,0.0,0.0,0.0,0.51,0.51,0.4916,0.0,1.2035860105302953,99.95702136852915,0.00456651461920321,-0.0013956451090759298,0.00596215972827914,402.2
138831,MCNICHOLS,2021-01-15,0.51,0.51,3200,2026-04-08T03:35:50.536305+00:00,0.0,0.0,0.0,0.0,0.51,0.51,0.4924,0.0,1.2035860105302953,99.95702136852914,0.004263332927781249,-0.0013590614403983133,0.0056223943681795625,562.2
138936,MCNICHOLS,2021-01-18,0.51,0.51,0,2026-04-08T03:35:55.012207+00:00,0.0,0.0,0.0,0.0,0.51,0.51,0.4932,0.0,1.2035860105302953,99.95702136852914,0.0039772124239289,-0.0013161455554005306,0.00529335797932943,562.2
139041,MCNICHOLS,2021-01-19,0.51,0.51,1000,2026-04-08T03:35:57.346792+00:00,0.0,0.0,0.0,0.0,0.51,0.51,0.494,0.0,1.2035860105302953,99.95702136852913,0.0037077195798972395,-0.0012685107195457533,0.004976230299442993,612.2
139146,MCNICHOLS,2021-01-20,0.51,0.51,0,2026-04-08T03:35:59.785195+00:00,0.0,0.0,0.0,0.0,0.51,0.51,0.4948,0.0,1.2035860105302953,99.95702136852914,0.00345432524819278,-0.0012175240410001705,0.0046718492891929505,612.2
139251,MCNICHOLS,2021-01-21,0.51,0.51,0,2026-04-08T03:36:02.057398+00:00,0.0,0.0,0.0,0.0,0.51,0.51,0.49559999999999993,0.0,1.2035860105302953,99.95702136852914,0.0032164313957384616,-0.0011643343147635914,0.004380765710502053,562.2
139356,MCNICHOLS,2021-01-22,0.51,0.51,0,2026-04-08T03:36:04.490813+00:00,0.0,0.0,0.0,0.0,0.51,0.51,0.4964,0.0,1.2035860105302953,99.95702136852915,0.002993392834462205,-0.0011098983008318783,0.0041032911352940835,562.2
139461,MCNICHOLS,2021-01-25,0.51,0.51,0,2026-04-08T03:36:09.142175+00:00,0.0,0.0,0.0,0.0,0.51,0.51,0.4972,0.0,1.2035860105302953,99.95702136852913,0.0027845347840667056,-0.0010550050809819025,0.003839539865048608,562.2
139566,MCNICHOLS,2021-01-26,0.51,0.51,0,2026-04-08T03:36:11.477526+00:00,0.0,0.0,0.0,0.0,0.51,0.51,0.498,0.0,1.2035860105302953,99.95702136852914,0.0025891669692661434,-0.0010002983166259721,0.0035894652858921156,312.2
139671,MCNICHOLS,2021-01-27,0.51,0.51,0,2026-04-08T03:36:13.916788+00:00,0.0,0.0,0.0,0.0,0.51,0.51,0.49879999999999997,0.0,1.2035860105302953,99.95702136852915,0.002406594841211307,-0.0009462963557446474,0.0033528911969559544,312.2
139776,MCNICHOLS,2021-01-28,0.51,0.51,0,2026-04-08T03:36:16.269205+00:00,0.0,0.0,0.0,0.0,0.51,0.51,0.4996,0.0,1.2035860105302953,99.95702136852913,0.0022361284179067686,-0.0008934102232393487,0.0031295386411461174,312.2
139881,MCNICHOLS,2021-01-29,0.51,0.51,53980,2026-04-08T03:36:18.603253+00:00,0.0,0.0,0.0,0.0,0.51,0.51,0.5004,0.0,1.2035860105302953,99.95702136852913,0.0020770891584185325,-0.0008419595861820684,0.002919048744600601,3011.2
139986,MCNICHOLS,2021-02-01,0.56,0.56,100000,2026-04-08T03:36:23.094546+00:00,9.80392156862746,0.0,0.0,0.0,0.5200000000000001,0.5125,0.5022,2.1922235073527374,1.8173729655457898,99.99803555405022,0.005917419206871721,0.0023986963698168964,0.003518722837054825,8011.2
140091,MCNICHOLS,2021-02-02,0.56,0.56,100000,2026-04-08T03:36:25.523135+00:00,0.0,9.80392156862746,0.0,0.0,0.53,0.5149999999999999,0.504,2.1922235073527374,1.8173729655457898,99.99803555405023,0.008858789823672608,0.004272053589294226,0.004586736234378382,12959.0
140196,MCNICHOLS,2021-02-03,0.61,0.61,100000,2026-04-08T03:36:27.835035+00:00,8.92857142857142,0.0,0.0,0.0,0.55,0.52,0.5068,2.8863649620094036,2.182600331101537,99.99906754823617,0.015050931590981809,0.008371356285282742,0.006679575305699068,17909.0
140301,MCNICHOLS,2021-02-04,0.67,0.67,100000,2026-04-08T03:36:30.225924+00:00,9.836065573770503,8.92857142857142,0.0,0.0,0.5820000000000001,0.528,0.5108,3.4926714621608883,2.5455767129688645,99.99944460413423,0.024517128911911046,0.01427004288496958,0.010247086026941465,22909.0
140406,MCNICHOLS,2021-02-05,0.73,0.73,138050,2026-04-08T03:36:32.587221+00:00,8.955223880596996,9.836065573770503,0.0,0.0,0.6260000000000001,0.5389999999999999,0.516,3.855131741406542,2.7951418968928166,99.9996130928453,0.03644059258030952,0.02095480524269444,0.015485787337615076,29811.5
140511,MCNICHOLS,2021-02-08,0.8,0.8,197125,2026-04-08T03:36:37.052653+00:00,9.589041095890426,8.955223880596996,9.80392156862746,0.0,0.674,0.5535,0.5226000000000001,4.191151635541955,3.048190396005606,99.9997198666028,0.050951105795376095,0.028372254766208815,0.02257885102916728,39667.75
140616,MCNICHOLS,2021-02-09,0.8,0.8,461989,2026-04-08T03:36:39.468141+00:00,0.0,9.589041095890426,0.0,0.0,0.722,0.5680000000000001,0.5292,4.191151635541955,3.048190396005606,99.9997198666028,0.06173910212290257,0.03132820087498823,0.03041090124791434,62767.2
140721,MCNICHOLS,2021-02-10,0.8,0.8,31250,2026-04-08T03:36:41.836322+00:00,0.0,0.0,8.92857142857142,0.0,0.76,0.5825,0.5357999999999999,4.191151635541955,3.048190396005606,99.99971986660279,0.06948765648637312,0.03126140419076702,0.0382262522956061,64329.7
140826,MCNICHOLS,2021-02-11,0.8,0.8,0,2026-04-08T03:36:44.255641+00:00,0.0,0.0,9.836065573770503,0.0,0.786,0.5970000000000001,0.5424,4.191151635541955,3.048190396005606,99.99971986660279,0.0747665790618971,0.029232261413032798,0.0455343176488643,64329.7
140931,MCNICHOLS,2021-02-12,0.8,0.8,90000,2026-04-08T03:36:46.553737+00:00,0.0,0.0,8.955223880596996,0.0,0.8,0.6115,0.5489999999999999,4.191151635541955,3.048190396005606,99.99971986660279,0.07805044627563362,0.026012902901415454,0.05203754337421817,68669.7
141036,MCNICHOLS,2021-02-15,0.8,0.8,4000,2026-04-08T03:36:50.983127+00:00,0.0,0.0,9.589041095890426,9.80392156862746,0.8,0.626,0.5556,4.191151635541955,3.048190396005606,99.99971986660279,0.07973381293852533,0.02215701565144572,0.05757679728707961,68869.7
141141,MCNICHOLS,2021-02-16,0.8,0.8,0,2026-04-08T03:36:53.929967+00:00,0.0,0.0,0.0,0.0,0.8,0.6405000000000001,0.5622,4.191151635541955,3.048190396005606,99.99971986660279,0.08014404251271656,0.018053796180509563,0.062090246332207,68819.7
141246,MCNICHOLS,2021-02-17,0.8,0.8,0,2026-04-08T03:36:56.762484+00:00,0.0,0.0,0.0,8.92857142857142,0.8,0.655,0.568,4.191151635541955,2.8583491485236503,99.9997198666028,0.0795521250279636,0.013969502956605276,0.06558262207135833,68819.7
141351,MCNICHOLS,2021-02-18,0.8,0.8,6649,2026-04-08T03:36:59.321693+00:00,0.0,0.0,0.0,9.836065573770503,0.8,0.6695,0.5738,4.191151635541955,2.8583491485236503,99.99971986660279,0.07818179508944822,0.010079338414471908,0.06810245667497632,69152.15
141456,MCNICHOLS,2021-02-19,0.8,0.8,0,2026-04-08T03:37:01.817881+00:00,0.0,0.0,0.0,8.955223880596996,0.8,0.684,0.5796,4.191151635541955,2.8583491485236503,99.99971986660279,0.0762172141394496,0.0064918059715786125,0.06972540816787098,69152.15
141561,MCNICHOLS,2021-02-22,0.8,0.8,0,2026-04-08T03:37:06.27808+00:00,0.0,0.0,0.0,9.589041095890426,0.8,0.6985,0.5854,4.191151635541955,2.8583491485236503,99.99971986660279,0.0738094402995424,0.0032672257053371206,0.07054221459420527,69152.15
141666,MCNICHOLS,2021-02-23,0.8,0.8,975,2026-04-08T03:37:08.890934+00:00,0.0,0.0,0.0,0.0,0.8,0.7130000000000001,0.5912000000000001,4.191151635541955,2.8583491485236503,99.99971986660279,0.07108187458110182,0.0004317279895172388,0.07065014659158458,69200.9
141771,MCNICHOLS,2021-02-24,0.8,0.8,0,2026-04-08T03:37:11.490979+00:00,0.0,0.0,0.0,0.0,0.8,0.7275,0.597,4.191151635541955,2.8583491485236503,99.99971986660279,0.06813484304008877,-0.0020122428411966514,0.07014708588128542,69200.9
141876,MCNICHOLS,2021-02-25,0.8,0.8,1000,2026-04-08T03:37:14.190372+00:00,0.0,0.0,0.0,0.0,0.8,0.742,0.6028,4.191151635541955,2.8583491485236503,99.99971986660279,0.06504944974681548,-0.004078108907575956,0.06912755865439144,69250.9
141981,MCNICHOLS,2021-02-26,0.8,0.8,13800,2026-04-08T03:37:16.661186+00:00,0.0,0.0,0.0,0.0,0.8,0.7565000000000001,0.6086,4.191151635541955,2.8583491485236503,99.9997198666028,0.06189081454841827,-0.005789395284778537,0.06768020983319681,67241.9
142086,MCNICHOLS,2021-03-01,0.8,0.8,25,2026-04-08T03:37:22.522205+00:00,0.0,0.0,0.0,0.0,0.8,0.7685,0.6144000000000001,3.832105435270816,2.8583491485236503,99.99971986660279,0.05871079193373763,-0.007175534319567356,0.06588632625330498,62243.15
142191,MCNICHOLS,2021-03-02,0.8,0.8,0,2026-04-08T03:37:25.400973+00:00,0.0,0.0,0.0,0.0,0.8,0.7805000000000001,0.6202000000000001,3.832105435270816,2.8583491485236503,99.99971986660279,0.055550252370284214,-0.008268859106416615,0.06381911147670083,57243.15
142296,MCNICHOLS,2021-03-03,0.8,0.8,0,2026-04-08T03:37:28.29584+00:00,0.0,0.0,0.0,0.0,0.8,0.79,0.6260000000000001,3.4688218214827886,2.8583491485236503,99.99971986660279,0.052440994850538325,-0.009102493300930006,0.06154348815146833,52243.15
142401,MCNICHOLS,2021-03-04,0.8,0.8,10000,2026-04-08T03:37:30.865183+00:00,0.0,0.0,0.0,0.0,0.8,0.7965,0.6318,2.855753709290304,2.8583491485236503,99.99971986660277,0.04940734870429253,-0.009708911557740646,0.05911626026203318,47743.15
142506,MCNICHOLS,2021-03-05,0.8,0.8,0,2026-04-08T03:37:35.032922+00:00,0.0,0.0,0.0,0.0,0.8,0.8,0.6376,2.1441747729450067,2.8583491485236503,99.9997198666028,0.04646751370419344,-0.010118997246271792,0.056586510950465234,40840.65
142611,MCNICHOLS,2021-03-08,0.8,0.8,5,2026-04-08T03:37:40.957406+00:00,0.0,0.0,0.0,0.0,0.8,0.8,0.6434000000000001,0.0,2.8583491485236503,99.99971986660279,0.043634679858484016,-0.010361464873584976,0.05399614473206899,30984.65
142716,MCNICHOLS,2021-03-09,0.8,0.8,0,2026-04-08T03:37:43.478318+00:00,0.0,0.0,0.0,0.0,0.8,0.8,0.6492,0.0,2.8583491485236503,99.9997198666028,0.04091796183283147,-0.010462546319390018,0.05138050815222149,7885.2
142821,MCNICHOLS,2021-03-10,0.8,0.8,2450,2026-04-08T03:37:46.075681+00:00,0.0,0.0,0.0,0.0,0.8,0.8,0.655,0.0,2.8583491485236503,99.9997198666028,0.038323177489852145,-0.01044586452989548,0.048769042019747626,6445.2
142926,MCNICHOLS,2021-03-11,0.8,0.8,0,2026-04-08T03:37:49.142973+00:00,0.0,0.0,0.0,0.0,0.8,0.8,0.6608000000000002,0.0,2.8583491485236503,99.99971986660279,0.035853495426379944,-0.01033243727469415,0.046185932701074094,6445.2
143031,MCNICHOLS,2021-03-12,0.8,0.8,0,2026-04-08T03:37:51.827027+00:00,0.0,0.0,0.0,0.0,0.8,0.8,0.6666,0.0,2.8583491485236503,99.9997198666028,0.0335099724942991,-0.010140768165419992,0.04365074065971909,1945.2
143136,MCNICHOLS,2021-03-15,0.8,0.8,0,2026-04-08T03:37:56.632273+00:00,0.0,0.0,0.0,0.0,0.8,0.8,0.6724000000000001,0.0,2.8583491485236503,99.99971986660279,0.03129199900056856,-0.009886993327320431,0.04117899232788899,1745.2
143241,MCNICHOLS,2021-03-16,0.8,0.8,5000,2026-04-08T03:37:59.157483+00:00,0.0,0.0,0.0,0.0,0.8,0.8,0.6782,0.0,2.8583491485236503,99.99971986660279,0.029197666502625008,-0.00958506066021119,0.0387827271628362,1995.2
143346,MCNICHOLS,2021-03-17,0.8,0.8,0,2026-04-08T03:38:01.497417+00:00,0.0,0.0,0.0,0.0,0.8,0.8,0.6839999999999999,0.0,2.8583491485236503,99.9997198666028,0.027224070767739028,-0.009246925116077734,0.03647099588381676,1995.2
143451,MCNICHOLS,2021-03-18,0.8,0.8,26250,2026-04-08T03:38:03.831621+00:00,0.0,0.0,0.0,0.0,0.8,0.8,0.6898000000000001,0.0,2.8583491485236503,99.9997198666028,0.025367560482369877,-0.008882748321157506,0.034250308803527384,2975.25
143556,MCNICHOLS,2021-03-19,0.8,0.8,0,2026-04-08T03:38:06.31825+00:00,0.0,0.0,0.0,0.0,0.8,0.8,0.6956,0.0,2.8583491485236503,99.99971986660279,0.023623940623663353,-0.008501094543891224,0.03212503516755458,2975.25
143661,MCNICHOLS,2021-03-22,0.8,0.8,0,2026-04-08T03:38:11.081229+00:00,0.0,0.0,0.0,0.0,0.8,0.8,0.7014000000000001,0.0,2.8583491485236503,99.9997198666028,0.0219886379922134,-0.008109117740272946,0.030097755732486346,2975.25
143766,MCNICHOLS,2021-03-23,0.8,0.8,0,2026-04-08T03:38:13.396015+00:00,0.0,0.0,0.0,0.0,0.8,0.8,0.7071999999999999,0.0,2.8583491485236503,99.99971986660279,0.02045683521267605,-0.007712736415848239,0.02816957162852429,2926.5
143871,MCNICHOLS,2021-03-24,0.8,0.8,0,2026-04-08T03:38:15.81449+00:00,0.0,0.0,0.0,0.0,0.8,0.8,0.713,0.0,2.8583491485236503,99.9997198666028,0.019023578502637584,-0.007316794500709368,0.02634037300334695,2926.5
143976,MCNICHOLS,2021-03-25,0.8,0.8,0,2026-04-08T03:38:18.283134+00:00,0.0,0.0,0.0,0.0,0.8,0.8,0.7188000000000001,0.0,2.8583491485236503,99.99971986660279,0.017683863661409394,-0.006925207473550046,0.02460907113495944,2876.5
144081,MCNICHOLS,2021-03-26,0.8,0.8,250,2026-04-08T03:38:20.746814+00:00,0.0,0.0,0.0,0.0,0.8,0.8,0.7246000000000001,0.0,2.8583491485236503,99.99971986660279,0.01643270401473307,-0.006541093696181097,0.022973797710914165,2199.0
144186,MCNICHOLS,2021-03-29,0.8,0.8,0,2026-04-08T03:38:25.159246+00:00,0.0,0.0,0.0,0.0,0.8,0.8,0.7304,0.0,2.8583491485236503,99.99971986660279,0.015265183448080921,-0.006166891410266596,0.021432074858347517,2197.75
144291,MCNICHOLS,2021-03-30,0.8,0.8,0,2026-04-08T03:38:27.475529+00:00,0.0,0.0,0.0,0.0,0.8,0.8,0.7362000000000001,0.0,2.8583491485236503,99.99971986660277,0.01417649715286251,-0.0058044621643880065,0.019980959317250517,2197.75
144396,MCNICHOLS,2021-03-31,0.8,0.8,0,2026-04-08T03:38:29.710175+00:00,0.0,0.0,0.0,0.0,0.8,0.8,0.742,0.0,2.8583491485236503,99.99971986660279,0.013161982281647333,-0.005455181628482547,0.01861716391012988,2197.75
144501,MCNICHOLS,2021-04-01,0.8,0.8,25410,2026-04-08T03:38:32.086622+00:00,0.0,0.0,0.0,0.0,0.8,0.8,0.7478,0.0,2.8583491485236503,99.9997198666028,0.012217140347998479,-0.005120018849705123,0.0173371591977036,2968.25
144606,MCNICHOLS,2021-04-06,0.8,0.8,50000,2026-04-08T03:38:38.336109+00:00,0.0,0.0,0.0,0.0,0.8,0.8,0.7536,0.0,2.8583491485236503,99.99971986660279,0.011337652903139706,-0.004799605035651116,0.01613725793879082,5468.25
144711,MCNICHOLS,2021-04-07,0.8,0.8,3090,2026-04-08T03:38:40.597593+00:00,0.0,0.0,0.0,0.0,0.8,0.8,0.7594000000000001,0.0,2.8583491485236503,99.99971986660279,0.010519391766533603,-0.0044942929378057744,0.015013684704339378,5622.5
144816,MCNICHOLS,2021-04-08,0.8,0.8,55511,2026-04-08T03:38:43.050318+00:00,0.0,0.0,0.0,0.0,0.8,0.8,0.7652000000000001,0.0,2.8583491485236503,99.9997198666028,0.009758424872992832,-0.004204207865077237,0.01396263273807007,8398.05
144921,MCNICHOLS,2021-04-09,0.8,0.8,0,2026-04-08T03:38:45.381101+00:00,0.0,0.0,0.0,0.0,0.8,0.8,0.7709999999999999,0.0,2.8583491485236503,99.9997198666028,0.009051018618817075,-0.003929291295402397,0.012980309914219472,8275.55
145026,MCNICHOLS,2021-04-12,0.8,0.8,20000,2026-04-08T03:38:49.634064+00:00,0.0,0.0,0.0,0.0,0.8,0.8,0.7768,0.0,2.8583491485236503,99.9997198666028,0.0083936374382656,-0.003669337980763099,0.012062975419028699,9275.55
145131,MCNICHOLS,2021-04-14,0.8,0.8,5000,2026-04-08T03:38:53.291299+00:00,0.0,0.0,0.0,0.0,0.8,0.8,0.7826000000000001,0.0,2.8583491485236503,99.9997198666028,0.007782941214890315,-0.0034240273633107075,0.011206968578201023,9525.55
145236,MCNICHOLS,2021-04-15,0.8,0.8,0,2026-04-08T03:38:55.647647+00:00,0.0,0.0,0.0,0.0,0.8,0.8,0.7874000000000001,0.0,2.5585958931572947,99.99971986660279,0.00721578102603615,-0.003192950041731899,0.010408731067768049,9525.55
145341,MCNICHOLS,2021-04-16,0.8,0.8,26500,2026-04-08T03:38:58.039758+00:00,0.0,0.0,0.0,0.0,0.8,0.8,0.7922,0.0,2.5585958931572947,99.99971986660279,0.0066891936299136034,-0.002975629950283557,0.00966482358019716,10600.55
145446,MCNICHOLS,2021-04-19,0.8,0.8,0,2026-04-08T03:39:02.639407+00:00,0.0,0.0,0.0,0.0,0.8,0.8,0.7959999999999999,0.0,2.271316558868695,99.99971986660279,0.006200395030331429,-0.002771542839892586,0.008971937870224015,10600.55
145551,MCNICHOLS,2021-04-20,0.8,0.8,0,2026-04-08T03:39:05.009889+00:00,0.0,0.0,0.0,0.0,0.8,0.8,0.7986,0.0,1.8365226048044403,99.99971986660277,0.005746773392136473,-0.002580131582470035,0.008326904974606508,9288.05
145656,MCNICHOLS,2021-04-21,0.8,0.8,100,2026-04-08T03:39:07.371999+00:00,0.0,0.0,0.0,0.0,0.8,0.8,0.8,0.0,1.3560951967961206,99.99971986660279,0.005325881528683074,-0.002400818756738748,0.007726700285421822,9293.05
145761,MCNICHOLS,2021-04-22,0.8,0.8,0,2026-04-08T03:39:09.720023+00:00,0.0,0.0,0.0,0.0,0.8,0.8,0.8,0.0,0.0,99.99971986660279,0.0049354291396106476,-0.00223301691664894,0.0071684460562595875,9293.05
145866,MCNICHOLS,2021-04-26,0.8,0.8,0,2026-04-08T03:39:15.36746+00:00,0.0,0.0,0.0,0.0,0.8,0.8,0.8,0.0,0.0,99.9997198666028,0.004573274941452876,-0.0020761368918453694,0.0066494118332982455,9293.05
145971,MCNICHOLS,2021-04-27,0.8,0.8,0,2026-04-08T03:39:17.695414+00:00,0.0,0.0,0.0,0.0,0.8,0.8,0.8,0.0,0.0,99.9997198666028,0.004237418803962334,-0.0019295944234687295,0.006167013227431063,9293.05
146076,MCNICHOLS,2021-04-28,0.8,0.8,1000,2026-04-08T03:39:20.620007+00:00,0.0,0.0,0.0,0.0,0.8,0.8,0.8,0.0,0.0,99.99971986660277,0.003925993980527065,-0.0017928153975231998,0.005718809378050265,9343.05
146181,MCNICHOLS,2021-04-29,0.8,0.8,6000,2026-04-08T03:39:22.905871+00:00,0.0,0.0,0.0,0.0,0.8,0.8,0.8,0.0,0.0,99.99971986660279,0.003637259500849588,-0.0016652399017605419,0.00530249940261013,9630.55
146286,MCNICHOLS,2021-04-30,0.8,0.8,0,2026-04-08T03:39:25.430976+00:00,0.0,0.0,0.0,0.0,0.8,0.8,0.8,0.0,0.0,99.99971986660277,0.0033695927774458623,-0.0015463253001314148,0.004915918077577277,9630.55
146391,MCNICHOLS,2021-05-04,0.8,0.8,0,2026-04-08T03:39:31.322792+00:00,0.0,0.0,0.0,0.0,0.8,0.8,0.8,0.0,0.0,99.99971986660279,0.003121482463925185,-0.0014355484909216749,0.00455703095484686,9630.55
146496,MCNICHOLS,2021-05-05,0.8,0.8,0,2026-04-08T03:39:33.759587+00:00,0.0,0.0,0.0,0.0,0.8,0.8,0.8,0.0,0.0,99.9997198666028,0.0028915215919197435,-0.0013324074903416933,0.004223929082261437,9630.55
146601,MCNICHOLS,2021-05-06,0.8,0.8,0,2026-04-08T03:39:36.246061+00:00,0.0,0.0,0.0,0.0,0.8,0.8,0.8,0.0,0.0,99.9997198666028,0.002678401004543196,-0.001236422462174593,0.003914823466717789,8360.05
146706,MCNICHOLS,2021-05-07,0.8,0.8,0,2026-04-08T03:39:38.47254+00:00,0.0,0.0,0.0,0.0,0.8,0.8,0.8,0.0,0.0,99.9997198666028,0.0024809030970026624,-0.0011471362957721012,0.0036280393927747637,5860.05
146811,MCNICHOLS,2021-05-10,0.8,0.8,0,2026-04-08T03:39:42.886326+00:00,0.0,0.0,0.0,0.0,0.8,0.8,0.8,0.0,0.0,99.99971986660277,0.002297895869191602,-0.0010641148188665298,0.0033620106880581316,5705.55
146916,MCNICHOLS,2021-05-11,0.8,0.8,1200,2026-04-08T03:39:45.288668+00:00,0.0,0.0,0.0,0.0,0.8,0.8,0.8,0.0,0.0,99.99971986660279,0.0021283272904885076,-0.0009869467180556998,0.0031152740085442074,2990.0
147021,MCNICHOLS,2021-05-14,0.8,0.8,0,2026-04-08T03:39:49.859206+00:00,0.0,0.0,0.0,0.0,0.8,0.8,0.8,0.0,0.0,99.99971986660279,0.0019712199733793456,-0.0009152432281318897,0.0028864632015112354,2990.0
147126,MCNICHOLS,2021-05-17,0.8,0.8,0,2026-04-08T03:39:54.343913+00:00,0.0,0.0,0.0,0.0,0.8,0.8,0.8,0.0,0.0,99.99971986660279,0.001825666149736782,-0.0008486376414195626,0.0026743037911563447,1990.0
147231,MCNICHOLS,2021-05-18,0.8,0.8,0,2026-04-08T03:39:57.092526+00:00,0.0,0.0,0.0,0.0,0.8,0.8,0.8,0.0,0.0,99.99971986660279,0.0016908229414729359,-0.0007867846797467272,0.002477607621219663,1740.0
147336,MCNICHOLS,2021-05-19,0.8,0.8,0,2026-04-08T03:39:59.433321+00:00,0.0,0.0,0.0,0.0,0.8,0.8,0.8,0.0,0.0,99.9997198666028,0.0015659079157223088,-0.0007293597643978833,0.002295267680120192,1740.0
147441,MCNICHOLS,2021-05-20,0.8,0.8,0,2026-04-08T03:40:01.906518+00:00,0.0,0.0,0.0,0.0,0.8,0.8,0.8,0.0,0.0,99.99971986660277,0.0014501949136017656,-0.0006760582132147412,0.0021262531268165068,415.0
147546,MCNICHOLS,2021-05-21,0.8,0.8,9400,2026-04-08T03:40:04.221824+00:00,0.0,0.0,0.0,0.0,0.8,0.8,0.8,0.0,0.0,99.99971986660279,0.0013430101408451467,-0.0006265943887770881,0.0019696045296222348,885.0
147651,MCNICHOLS,2021-05-24,0.8,0.8,0,2026-04-08T03:40:08.535937+00:00,0.0,0.0,0.0,0.0,0.8,0.8,0.8,0.0,0.0,99.99971986660279,0.0012437285081630112,-0.0005807008171673789,0.00182442932533039,885.0
147756,MCNICHOLS,2021-05-25,0.8,0.8,0,2026-04-08T03:40:10.790359+00:00,0.0,0.0,0.0,0.0,0.8,0.8,0.8,0.0,0.0,99.9997198666028,0.0011517702089600679,-0.0005381272930962578,0.0016898975020563257,880.0
147861,MCNICHOLS,2021-05-26,0.8,0.8,0,2026-04-08T03:40:13.088105+00:00,0.0,0.0,0.0,0.0,0.8,0.8,0.8,0.0,0.0,99.9997198666028,0.0010665975220179869,-0.0004986399840306711,0.001565237506048658,880.0
147966,MCNICHOLS,2021-05-27,0.8,0.8,0,2026-04-08T03:40:15.774564+00:00,0.0,0.0,0.0,0.0,0.8,0.8,0.8,0.0,0.0,99.9997198666028,0.0009877118268695195,-0.0004620205433433107,0.0014497323702128302,880.0
148071,MCNICHOLS,2021-05-28,0.8,0.8,0,2026-04-08T03:40:18.222614+00:00,0.0,0.0,0.0,0.0,0.8,0.8,0.8,0.0,0.0,99.99971986660279,0.0009146508198230041,-0.00042806524031186095,0.001342716060134865,880.0
148176,MCNICHOLS,2021-05-31,0.8,0.8,0,2026-04-08T03:40:23.651574+00:00,0.0,0.0,0.0,0.0,0.8,0.8,0.8,0.0,0.0,99.99971986660277,0.0008469859189197404,-0.00039658411297209973,0.0012435700318918401,830.0
148281,MCNICHOLS,2021-06-01,0.8,0.8,0,2026-04-08T03:40:26.050454+00:00,0.0,0.0,0.0,0.0,0.8,0.8,0.8,0.0,0.0,99.9997198666028,0.0007843198464863033,-0.0003674001483244295,0.0011517199948107328,530.0
148386,MCNICHOLS,2021-06-02,0.8,0.8,0,2026-04-08T03:40:28.576306+00:00,0.0,0.0,0.0,0.0,0.8,0.8,0.8,0.0,0.0,99.99971986660279,0.0007262843783806261,-0.00034034849314408533,0.0010666328715247114,530.0
148491,MCNICHOLS,2021-06-03,0.8,0.8,0,2026-04-08T03:40:31.001459+00:00,0.0,0.0,0.0,0.0,0.8,0.8,0.8,0.0,0.0,99.99971986660279,0.0006725382494843224,-0.00031527569763231114,0.0009878139471166335,530.0
148596,MCNICHOLS,2021-06-04,0.8,0.8,0,2026-04-08T03:40:33.442796+00:00,0.0,0.0,0.0,0.0,0.8,0.8,0.8,0.0,0.0,99.9997198666028,0.0006227652054831001,-0.00029203899330682676,0.0009148041987899269,530.0
148701,MCNICHOLS,2021-06-07,0.8,0.8,0,2026-04-08T03:40:37.732645+00:00,0.0,0.0,0.0,0.0,0.8,0.8,0.8,0.0,0.0,99.99971986660279,0.0005766721914596262,-0.0002705056058642406,0.0008471777973238668,530.0
148806,MCNICHOLS,2021-06-08,0.8,0.8,1400,2026-04-08T03:40:40.102423+00:00,0.0,0.0,0.0,0.0,0.8,0.8,0.8,0.0,0.0,99.9997198666028,0.0005339876683191358,-0.00025055210320378484,0.0007845397715229206,600.0
148911,MCNICHOLS,2021-06-09,0.8,0.8,0,2026-04-08T03:40:42.486352+00:00,0.0,0.0,0.0,0.0,0.8,0.8,0.8,0.0,0.0,99.9997198666028,0.0004944600485559114,-0.00023206377837360745,0.0007265238269295189,600.0
149016,MCNICHOLS,2021-06-10,0.8,0.8,0,2026-04-08T03:40:45.029393+00:00,0.0,0.0,0.0,0.0,0.8,0.8,0.8,0.0,0.0,99.99971986660279,0.000457856243344712,-0.00021493406686784564,0.0006727903102125576,540.0
149121,MCNICHOLS,2021-06-11,0.8,0.8,3600,2026-04-08T03:40:47.465669+00:00,0.0,0.0,0.0,0.0,0.8,0.8,0.8,0.0,0.0,99.9997198666028,0.000423960313411742,-0.0001990639974406525,0.0006230243108523945,720.0
149226,MCNICHOLS,2021-06-15,0.8,0.8,0,2026-04-08T03:40:53.415974+00:00,0.0,0.0,0.0,0.0,0.8,0.8,0.8,0.0,0.0,99.9997198666028,0.0003925722165878387,-0.00018436167541164476,0.0005769338919994835,720.0
149331,MCNICHOLS,2021-06-16,0.8,0.8,0,2026-04-08T03:40:55.754681+00:00,0.0,0.0,0.0,0.0,0.8,0.8,0.8,0.0,0.0,99.99971986660279,0.0003635066453828717,-0.0001707417972932894,0.0005342484426761611,720.0
149437,MCNICHOLS,2021-06-17,0.8,0.8,0,2026-04-08T03:40:58.172345+00:00,0.0,0.0,0.0,0.0,0.8,0.8,0.8,0.0,0.0,99.9997198666028,0.00033659194833768336,-0.0001581251954707822,0.0004947171438084656,720.0
149543,MCNICHOLS,2021-06-18,0.8,0.8,0,2026-04-08T03:41:00.479054+00:00,0.0,0.0,0.0,0.0,0.8,0.8,0.8,0.0,0.0,99.99971986660279,0.00031166912930413737,-0.0001464384116034626,0.0004581075409076,720.0
149649,MCNICHOLS,2021-06-21,0.8,0.8,0,2026-04-08T03:41:05.049703+00:00,0.0,0.0,0.0,0.0,0.8,0.8,0.8,0.0,0.0,99.99971986660279,0.0002885909191860936,-0.00013561329737720514,0.0004242042165632987,250.0
149756,MCNICHOLS,2021-06-22,0.8,0.8,0,2026-04-08T03:41:07.444448+00:00,0.0,0.0,0.0,0.0,0.8,0.8,0.8,0.0,0.0,99.99971986660279,0.0002672209150287319,-0.0001255866412276535,0.0003928075562563854,250.0
149863,MCNICHOLS,2021-06-23,0.8,0.8,0,2026-04-08T03:41:09.819069+00:00,0.0,0.0,0.0,0.0,0.8,0.8,0.8,0.0,0.0,99.99971986660279,0.00024743278168570804,-0.00011629981965654196,0.00036373260134225,250.0
149970,MCNICHOLS,2021-06-24,0.8,0.8,0,2026-04-08T03:41:12.2583+00:00,0.0,0.0,0.0,0.0,0.8,0.8,0.8,0.0,0.0,99.99971986660279,0.00022910951161148052,-0.00010769847178461559,0.0003368079833960961,250.0
150077,MCNICHOLS,2021-06-25,0.8,0.8,0,2026-04-08T03:41:14.6351+00:00,0.0,0.0,0.0,0.0,0.8,0.8,0.8,0.0,0.0,99.99971986660279,0.00021214273862901756,-9.973219581366286e-05,0.0003118749344426804,250.0
150184,MCNICHOLS,2021-06-28,0.8,0.8,0,2026-04-08T03:41:19.428749+00:00,0.0,0.0,0.0,0.0,0.8,0.8,0.8,0.0,0.0,99.99971986660279,0.0001964321018065318,-9.235426610891887e-05,0.0002887863679154507,250.0
150291,MCNICHOLS,2021-06-29,0.8,0.8,750,2026-04-08T03:41:22.147646+00:00,0.0,0.0,0.0,0.0,0.8,0.8,0.8,0.0,0.0,99.99971986660279,0.00018188465584245694,-8.552136965839501e-05,0.00026740602550085195,287.5
150398,MCNICHOLS,2021-06-30,0.8,0.8,0,2026-04-08T03:41:24.723581+00:00,0.0,0.0,0.0,0.0,0.8,0.8,0.8,0.0,0.0,99.99971986660279,0.00016841432460734662,-7.91933607148043e-05,0.0002476076853221509,287.5
150505,MCNICHOLS,2021-07-01,0.77,0.77,9250,2026-04-08T03:41:27.253573+00:00,-3.749999999999998,0.0,0.0,0.0,0.7940000000000002,0.7985,0.7994,0.8385254915624206,0.5303300858899104,0.7351372347380045,-0.002237220998435485,-0.001987862947006109,-0.0002493580514293763,750.0
150612,MCNICHOLS,2021-07-02,0.77,0.77,0,2026-04-08T03:41:29.882533+00:00,0.0,-3.749999999999998,0.0,0.0,0.788,0.797,0.7988000000000001,0.8385254915624206,0.5303300858899104,0.7351372347380045,-0.004096482621919972,-0.0030776996563924765,-0.0010187829655274956,750.0
150719,MCNICHOLS,2021-07-05,0.77,0.77,0,2026-04-08T03:41:34.454391+00:00,0.0,0.0,0.0,0.0,0.782,0.7955,0.7982,0.8385254915624206,0.5303300858899104,0.7351372347380045,-0.005506485516422965,-0.0035901620407163756,-0.0019163234757065897,750.0
150826,MCNICHOLS,2021-07-06,0.77,0.77,0,2026-04-08T03:41:36.982623+00:00,0.0,0.0,0.0,0.0,0.776,0.794,0.7976000000000001,0.8385254915624206,0.5303300858899104,0.7351372347380044,-0.006548436667199731,-0.003705690553194513,-0.0028427461140052178,750.0
150933,MCNICHOLS,2021-07-07,0.77,0.77,0,2026-04-08T03:41:39.307643+00:00,0.0,0.0,0.0,0.0,0.77,0.7925000000000001,0.797,0.8385254915624206,0.5303300858899104,0.7351372347380045,-0.007290154102512547,-0.0035579263908058632,-0.003732227711706684,680.0
151040,MCNICHOLS,2021-07-08,0.77,0.77,1000,2026-04-08T03:41:41.672436+00:00,0.0,0.0,-3.749999999999998,0.0,0.77,0.791,0.7964,0.8385254915624206,0.5303300858899104,0.7351372347380045,-0.007788193072031047,-0.00324477228825949,-0.004543420783771557,730.0
151147,MCNICHOLS,2021-07-09,0.77,0.77,2000,2026-04-08T03:41:44.186247+00:00,0.0,0.0,0.0,0.0,0.77,0.7895,0.7958000000000002,0.8385254915624206,0.5303300858899104,0.7351372347380044,-0.00808964020687275,-0.0028369755384809545,-0.005252664668391796,830.0
151255,MCNICHOLS,2021-07-12,0.77,0.77,0,2026-04-08T03:41:48.615121+00:00,0.0,0.0,0.0,0.0,0.77,0.788,0.7952000000000001,0.8385254915624206,0.5303300858899104,0.7351372347380044,-0.00823362710503217,-0.0023847699493123,-0.005848857155719871,650.0
151363,MCNICHOLS,2021-07-13,0.77,0.77,1315,2026-04-08T03:41:50.993586+00:00,0.0,0.0,0.0,0.0,0.77,0.7865,0.7946000000000001,0.8385254915624206,0.5303300858899104,0.7351372347380044,-0.008252606844558419,-0.0019229997510708382,-0.006329607093487581,715.75
151471,MCNICHOLS,2021-07-14,0.77,0.77,0,2026-04-08T03:41:53.268+00:00,0.0,0.0,0.0,0.0,0.77,0.7849999999999999,0.794,0.8385254915624206,0.5303300858899104,0.7351372347380043,-0.008173430209206578,-0.0014750584925751972,-0.006698371716631381,715.75
151579,MCNICHOLS,2021-07-15,0.77,0.77,0,2026-04-08T03:41:55.50175+00:00,0.0,0.0,0.0,-3.749999999999998,0.77,0.7835000000000001,0.7934,0.8385254915624206,0.5303300858899104,0.7351372347380043,-0.0080182527289826,-0.0010559048098809755,-0.0069623479191016245,715.75
151687,MCNICHOLS,2021-07-16,0.77,0.77,0,2026-04-08T03:41:57.978751+00:00,0.0,0.0,0.0,0.0,0.77,0.782,0.7928000000000001,0.8385254915624206,0.5303300858899104,0.7351372347380042,-0.007805298831610741,-0.000674360730007293,-0.007130938101603448,715.75
151795,MCNICHOLS,2021-07-19,0.77,0.77,2400,2026-04-08T03:42:02.439681+00:00,0.0,0.0,0.0,0.0,0.77,0.7805000000000001,0.7922,0.8385254915624206,0.5303300858899104,0.7351372347380043,-0.007549505335588846,-0.0003348537871883193,-0.007214651548400527,835.75
151903,MCNICHOLS,2021-07-22,0.77,0.77,0,2026-04-08T03:42:06.938387+00:00,0.0,0.0,0.0,0.0,0.77,0.779,0.7916,0.8385254915624206,0.5303300858899104,0.7351372347380042,-0.007263063077046494,-3.872922291677308e-05,-0.007224333854129721,835.75
152011,MCNICHOLS,2021-07-23,0.77,0.77,0,2026-04-08T03:42:09.224536+00:00,0.0,0.0,0.0,0.0,0.77,0.7775000000000001,0.791,0.8385254915624206,0.5303300858899104,0.7351372347380042,-0.00695587255451835,0.00021476903968909757,-0.007170641594207447,835.75
152119,MCNICHOLS,2021-07-26,0.77,0.77,0,2026-04-08T03:42:13.888963+00:00,0.0,0.0,0.0,0.0,0.77,0.776,0.7904000000000001,0.8385254915624206,0.5303300858899104,0.7351372347380042,-0.006635927016303778,0.0004277716623229356,-0.007063698678626713,835.75
152227,MCNICHOLS,2021-07-27,0.77,0.77,0,2026-04-08T03:42:16.300026+00:00,0.0,0.0,0.0,0.0,0.77,0.7745,0.7898000000000001,0.8385254915624206,0.5303300858899104,0.7351372347380042,-0.006309634335180725,0.0006032514747567911,-0.006912885809937516,835.75
152335,MCNICHOLS,2021-07-28,0.77,0.77,0,2026-04-08T03:42:18.733972+00:00,0.0,0.0,0.0,0.0,0.77,0.773,0.7892,0.8385254915624206,0.5303300858899104,0.7351372347380044,-0.0059820872564069205,0.0007446388428244775,-0.006726726099231398,835.75
152443,MCNICHOLS,2021-07-29,0.77,0.77,0,2026-04-08T03:42:21.196071+00:00,0.0,0.0,0.0,0.0,0.77,0.7715,0.7886,0.8385254915624206,0.5303300858899104,0.7351372347380042,-0.005657290117693559,0.0008555487852302717,-0.00651283890292383,798.25
152551,MCNICHOLS,2021-07-30,0.77,0.77,0,2026-04-08T03:42:23.780537+00:00,0.0,0.0,0.0,0.0,0.77,0.77,0.7880000000000001,0.8385254915624206,0.5303300858899104,0.7351372347380042,-0.005338348882317545,0.000939592016485029,-0.006277940898802574,798.25
152659,MCNICHOLS,2021-08-02,0.77,0.77,0,2026-04-08T03:42:28.457705+00:00,0.0,0.0,0.0,0.0,0.77,0.77,0.7874,0.0,0.5303300858899104,0.7351372347380042,-0.005027630263349847,0.0010002485083621818,-0.006027878771712029,335.75
152767,MCNICHOLS,2021-08-03,0.77,0.77,0,2026-04-08T03:42:31.094462+00:00,0.0,0.0,0.0,0.0,0.77,0.77,0.7868,0.0,0.5303300858899104,0.7351372347380042,-0.004726894818137484,0.001040787162859636,-0.00576768198099712,335.75
152875,MCNICHOLS,2021-08-04,0.77,0.77,0,2026-04-08T03:42:33.531563+00:00,0.0,0.0,0.0,0.0,0.77,0.77,0.7862,0.0,0.5303300858899104,0.7351372347380042,-0.0044374081323654835,0.0010642190789053093,-0.005501627211270793,335.75
152983,MCNICHOLS,2021-08-05,0.77,0.77,0,2026-04-08T03:42:35.917081+00:00,0.0,0.0,0.0,0.0,0.77,0.77,0.7856000000000001,0.0,0.5303300858899104,0.7351372347380041,-0.00416003357077932,0.0010732749123931783,-0.005233308483172498,335.75
153091,MCNICHOLS,2021-08-06,0.77,0.77,0,2026-04-08T03:42:38.23616+00:00,0.0,0.0,0.0,0.0,0.77,0.77,0.7850000000000001,0.0,0.5303300858899104,0.735137234738004,-0.003895309528843982,0.0010703991634628141,-0.004965708692306796,335.75
153199,MCNICHOLS,2021-08-09,0.77,0.77,0,2026-04-08T03:42:42.878342+00:00,0.0,0.0,0.0,0.0,0.77,0.77,0.7844,0.0,0.5303300858899104,0.7351372347380041,-0.003643513660902209,0.0010577560251236696,-0.004701269686025879,285.75
153307,MCNICHOLS,2021-08-10,0.77,0.77,0,2026-04-08T03:42:45.264053+00:00,0.0,0.0,0.0,0.0,0.77,0.77,0.7838,0.0,0.5303300858899104,0.735137234738004,-0.0034047161727893682,0.0010372428105892085,-0.004441958983378577,185.75
153415,MCNICHOLS,2021-08-12,0.77,0.77,0,2026-04-08T03:42:48.762656+00:00,0.0,0.0,0.0,0.0,0.77,0.77,0.7831999999999999,0.0,0.5303300858899104,0.735137234738004,-0.0031788239393927276,0.0010105080351886795,-0.004189331974581407,185.75
153523,MCNICHOLS,2021-08-13,0.77,0.77,0,2026-04-08T03:42:51.120096+00:00,0.0,0.0,0.0,0.0,0.77,0.77,0.7826000000000001,0.0,0.5303300858899104,0.7351372347380041,-0.0029656169310119385,0.0009789720348555749,-0.003944588965867513,120.0
153631,MCNICHOLS,2021-08-16,0.77,0.77,0,2026-04-08T03:42:55.556429+00:00,0.0,0.0,0.0,0.0,0.77,0.77,0.782,0.0,0.5303300858899104,0.7351372347380041,-0.0027647781987363285,0.0009438486137049477,-0.003708626812441276,120.0
153739,MCNICHOLS,2021-08-17,0.77,0.77,0,2026-04-08T03:42:57.870214+00:00,0.0,0.0,0.0,0.0,0.77,0.77,0.7814,0.0,0.5303300858899104,0.735137234738004,-0.0025759184717542016,0.00090616667254966,-0.0034820851443038616,120.0
153847,MCNICHOLS,2021-08-18,0.77,0.77,0,2026-04-08T03:43:00.318272+00:00,0.0,0.0,0.0,0.0,0.77,0.77,0.7808000000000002,0.0,0.5303300858899104,0.7351372347380041,-0.002398596252930485,0.0008667911130987014,-0.0032653873660291864,120.0
153955,MCNICHOLS,2021-08-19,0.77,0.77,0,2026-04-08T03:43:02.743698+00:00,0.0,0.0,0.0,0.0,0.77,0.77,0.7802,0.0,0.5303300858899104,0.735137234738004,-0.0022323341583770917,0.0008264425661216757,-0.0030587767244987674,0.0
154063,MCNICHOLS,2021-08-20,0.77,0.77,0,2026-04-08T03:43:05.111187+00:00,0.0,0.0,0.0,0.0,0.77,0.77,0.7796000000000001,0.0,0.5303300858899104,0.735137234738004,-0.0020766321280759614,0.000785715677138245,-0.0028623478052142064,0.0
154171,MCNICHOLS,2021-08-23,0.77,0.77,0,2026-04-08T03:43:09.725908+00:00,0.0,0.0,0.0,0.0,0.77,0.77,0.779,0.0,0.5303300858899104,0.7351372347380039,-0.0019309780345001526,0.0007450958165712432,-0.002676073851071396,0.0
154279,MCNICHOLS,2021-08-24,0.77,0.77,0,2026-04-08T03:43:12.031989+00:00,0.0,0.0,0.0,0.0,0.77,0.77,0.7784,0.0,0.5303300858899104,0.735137234738004,-0.0017948561317326917,0.0007049741754709634,-0.002499830307203655,0.0
154387,MCNICHOLS,2021-08-25,0.77,0.77,0,2026-04-08T03:43:14.375004+00:00,0.0,0.0,0.0,0.0,0.77,0.77,0.7778,0.0,0.5303300858899104,0.735137234738004,-0.001667753716382392,0.0006656612726570104,-0.0023334149890394023,0.0
154495,MCNICHOLS,2021-08-26,0.77,0.77,0,2026-04-08T03:43:16.860503+00:00,0.0,0.0,0.0,0.0,0.77,0.77,0.7772,0.0,0.5303300858899104,0.7351372347380041,-0.001549166311576533,0.0006273989419702955,-0.0021765652535468286,0.0
154603,MCNICHOLS,2021-08-27,0.77,0.77,0,2026-04-08T03:43:19.247601+00:00,0.0,0.0,0.0,0.0,0.77,0.77,0.7766,0.0,0.5303300858899104,0.7351372347380041,-0.0014386016347448516,0.0005903708950415819,-0.0020289725297864335,0.0
154711,MCNICHOLS,2021-08-30,0.77,0.77,0,2026-04-08T03:43:23.756871+00:00,0.0,0.0,0.0,0.0,0.77,0.77,0.7760000000000001,0.0,0.5303300858899104,0.735137234738004,-0.0013355825673154742,0.0005547119699767676,-0.0018902945372922418,0.0
154819,MCNICHOLS,2021-08-31,0.77,0.77,0,2026-04-08T03:43:26.203018+00:00,0.0,0.0,0.0,0.0,0.77,0.77,0.7754000000000001,0.0,0.5303300858899104,0.735137234738004,-0.0012396493085908844,0.0005205161829610859,-0.0017601654915519703,0.0
154927,MCNICHOLS,2021-09-01,0.77,0.77,0,2026-04-08T03:43:28.430514+00:00,0.0,0.0,0.0,0.0,0.77,0.77,0.7748,0.0,0.5303300858899104,0.7351372347380039,-0.0011503608659024778,0.0004878437005195941,-0.0016382045664220719,0.0
155035,MCNICHOLS,2021-09-02,0.77,0.77,0,2026-04-08T03:43:30.63423+00:00,0.0,0.0,0.0,0.0,0.77,0.77,0.7742,0.0,0.5303300858899104,0.7351372347380041,-0.0010672960077744431,0.0004567268469181031,-0.0015240228546925462,0.0
155143,MCNICHOLS,2021-09-03,0.77,0.77,0,2026-04-08T03:43:33.173741+00:00,0.0,0.0,0.0,0.0,0.77,0.77,0.7736,0.0,0.5303300858899104,0.735137234738004,-0.0009900537855057623,0.00042717525534942706,-0.0014172290408551893,0.0
155251,MCNICHOLS,2021-09-06,0.77,0.77,0,2026-04-08T03:43:37.566628+00:00,0.0,0.0,0.0,0.0,0.77,0.77,0.773,0.0,0.5303300858899104,0.735137234738004,-0.0009182537106741107,0.00039918026414486295,-0.0013174339748189736,0.0
155359,MCNICHOLS,2021-09-07,0.77,0.77,0,2026-04-08T03:43:39.870652+00:00,0.0,0.0,0.0,0.0,0.77,0.77,0.7724,0.0,0.5303300858899104,0.7351372347380039,-0.000851535661040459,0.0003727186510228118,-0.0012242543120632708,0.0
155467,MCNICHOLS,2021-09-08,0.77,0.77,100,2026-04-08T03:43:42.125577+00:00,0.0,0.0,0.0,0.0,0.77,0.77,0.7718,0.0,0.5303300858899104,0.7351372347380037,-0.0007895595747344775,0.0003477557898630347,-0.0011373153645975122,5.0
155575,MCNICHOLS,2021-09-09,0.77,0.77,0,2026-04-08T03:43:44.739177+00:00,0.0,0.0,0.0,0.0,0.77,0.77,0.7712,0.0,0.5303300858899104,0.7351372347380039,-0.0007320049820476182,0.00032424830603991527,-0.0010562532880875335,5.0
155683,MCNICHOLS,2021-09-10,0.77,0.77,400,2026-04-08T03:43:47.339386+00:00,0.0,0.0,0.0,0.0,0.77,0.77,0.7706000000000001,0.0,0.5303300858899104,0.7351372347380039,-0.000678570415332258,0.00030214629820422053,-0.0009807167135364786,25.0
155791,MCNICHOLS,2021-09-13,0.77,0.77,0,2026-04-08T03:43:51.822078+00:00,0.0,0.0,0.0,0.0,0.77,0.77,0.77,0.0,0.5303300858899104,0.7351372347380037,-0.0006289727301241888,0.00028139518672983194,-0.0009103679168540207,25.0
155899,MCNICHOLS,2021-09-14,0.77,0.77,950,2026-04-08T03:43:54.260371+00:00,0.0,0.0,0.0,0.0,0.77,0.77,0.77,0.0,0.0,0.7351372347380039,-0.0005829463644468902,0.00026193724192570447,-0.0008448836063725947,72.5
156007,MCNICHOLS,2021-09-15,0.77,0.77,23595,2026-04-08T03:43:56.896801+00:00,0.0,0.0,0.0,0.0,0.77,0.77,0.77,0.0,0.0,0.735137234738004,-0.0005402425581249037,0.00024371283859815282,-0.0007839553967230566,1252.25
156115,MCNICHOLS,2021-09-16,0.77,0.77,0,2026-04-08T03:43:59.227477+00:00,0.0,0.0,0.0,0.0,0.77,0.77,0.77,0.0,0.0,0.735137234738004,-0.0005006285496603757,0.00022666147765014466,-0.0007272900273105204,1252.25
156223,MCNICHOLS,2021-09-20,0.77,0.77,0,2026-04-08T03:44:04.993721+00:00,0.0,0.0,0.0,0.0,0.77,0.77,0.77,0.0,0.0,0.735137234738004,-0.0004638867646848954,0.00021072261010049995,-0.0006746093747853954,1252.25
156331,MCNICHOLS,2021-09-21,0.77,0.77,0,2026-04-08T03:44:07.727357+00:00,0.0,0.0,0.0,0.0,0.77,0.77,0.77,0.0,0.0,0.7351372347380037,-0.0004298140070581047,0.00019583629418183255,-0.0006256503012399372,1252.25
156439,MCNICHOLS,2021-09-22,0.77,0.77,0,2026-04-08T03:44:10.239254+00:00,0.0,0.0,0.0,0.0,0.77,0.77,0.77,0.0,0.0,0.735137234738004,-0.0003982206612586081,0.0001819437119850633,-0.0005801643732436714,1252.25
156547,MCNICHOLS,2021-09-23,0.77,0.77,0,2026-04-08T03:44:12.661605+00:00,0.0,0.0,0.0,0.0,0.77,0.77,0.77,0.0,0.0,0.7351372347380037,-0.00036892991271186837,0.00016898756842544246,-0.0005379174811373108,1252.25
156655,MCNICHOLS,2021-09-24,0.77,0.77,0,2026-04-08T03:44:15.34542+00:00,0.0,0.0,0.0,0.0,0.77,0.77,0.77,0.0,0.0,0.7351372347380039,-0.00034177699105597537,0.0001569123920650684,-0.0004986893831210438,1252.25
156763,MCNICHOLS,2021-09-27,0.77,0.77,0,2026-04-08T03:44:19.850483+00:00,0.0,0.0,0.0,0.0,0.77,0.77,0.77,0.0,0.0,0.7351372347380039,-0.00031660844000303,0.000145664754494411,-0.000462273194497441,1252.25
156871,MCNICHOLS,2021-09-28,0.77,0.77,0,2026-04-08T03:44:22.678655+00:00,0.0,0.0,0.0,0.0,0.77,0.77,0.77,0.0,0.0,0.7351372347380039,-0.00029328141635764915,0.00013519342251183355,-0.0004284748388694827,1252.25
156979,MCNICHOLS,2021-09-29,0.77,0.77,0,2026-04-08T03:44:25.133662+00:00,0.0,0.0,0.0,0.0,0.77,0.77,0.77,0.0,0.0,0.7351372347380039,-0.00027166301986769614,0.00012544945520142926,-0.0003971124750691254,1252.25
157087,MCNICHOLS,2021-09-30,0.77,0.77,0,2026-04-08T03:44:27.471646+00:00,0.0,0.0,0.0,0.0,0.77,0.77,0.77,0.0,0.0,0.735137234738004,-0.00025162965487002253,0.00011638625615928232,-0.00036801591102930486,1252.25
157195,MCNICHOLS,2021-10-04,0.77,0.77,0,2026-04-08T03:44:32.876267+00:00,0.0,0.0,0.0,0.0,0.77,0.77,0.77,0.0,0.0,0.735137234738004,-0.00023306642411824452,0.00010795958952884829,-0.0003410260136470928,1252.25
157303,MCNICHOLS,2021-10-05,0.77,0.77,0,2026-04-08T03:44:35.445743+00:00,0.0,0.0,0.0,0.0,0.77,0.77,0.77,0.0,0.0,0.735137234738004,-0.00021586655473593286,0.000100127567128928,-0.00031599412186486086,1252.25
157411,MCNICHOLS,2021-10-06,0.77,0.77,10000,2026-04-08T03:44:37.876116+00:00,0.0,0.0,0.0,0.0,0.77,0.77,0.77,0.0,0.0,0.735137234738004,-0.00019993085587810544,9.285061278940435e-05,-0.0002927814686675098,1752.25
157519,MCNICHOLS,2021-10-07,0.77,0.77,22450,2026-04-08T03:44:40.206594+00:00,0.0,0.0,0.0,0.0,0.77,0.77,0.77,0.0,0.0,0.7351372347380037,-0.00018516720741823534,8.609140899941956e-05,-0.0002712586164176549,2874.75
157627,MCNICHOLS,2021-10-08,0.77,0.77,0,2026-04-08T03:44:42.63936+00:00,0.0,0.0,0.0,0.0,0.77,0.77,0.77,0.0,0.0,0.7351372347380039,-0.00017149007876826605,7.98148301195111e-05,-0.00025130490888777715,2869.75
157735,MCNICHOLS,2021-10-11,0.77,0.77,0,2026-04-08T03:44:47.21782+00:00,0.0,0.0,0.0,0.0,0.77,0.77,0.77,0.0,0.0,0.7351372347380037,-0.00015882007679168808,7.398786567687127e-05,-0.00023280794246855935,2869.75
157843,MCNICHOLS,2021-10-12,0.77,0.77,4661,2026-04-08T03:44:49.55017+00:00,0.0,0.0,0.0,0.0,0.77,0.77,0.77,0.0,0.0,0.735137234738004,-0.00014708352166137306,6.857953664574906e-05,-0.00021566305830712212,3082.8
157951,MCNICHOLS,2021-10-13,0.77,0.77,0,2026-04-08T03:44:52.157785+00:00,0.0,0.0,0.0,0.0,0.77,0.77,0.77,0.0,0.0,0.7351372347380039,-0.00013621204944624932,6.356080708869825e-05,-0.00019977285653494757,3082.8
158059,MCNICHOLS,2021-10-14,0.77,0.77,0,2026-04-08T03:44:54.53471+00:00,0.0,0.0,0.0,0.0,0.77,0.77,0.77,0.0,0.0,0.7351372347380039,-0.0001261422401671597,5.89044930942303e-05,-0.00018504673326139,3035.3
158167,MCNICHOLS,2021-10-15,0.77,0.77,0,2026-04-08T03:44:56.91657+00:00,0.0,0.0,0.0,0.0,0.77,0.77,0.77,0.0,0.0,0.735137234738004,-0.00011681527004636649,5.458517057201881e-05,-0.0001714004406183853,1855.55
158276,MCNICHOLS,2021-10-18,0.77,0.77,0,2026-04-08T03:45:01.595863+00:00,0.0,0.0,0.0,0.0,0.77,0.77,0.77,0.0,0.0,0.7351372347380039,-0.0001081765866748352,5.057908315484009e-05,-0.0001587556698296753,1855.55
158385,MCNICHOLS,2021-10-20,0.77,0.77,0,2026-04-08T03:45:05.471144+00:00,0.0,0.0,0.0,0.0,0.77,0.77,0.77,0.0,0.0,0.7351372347380037,-0.00010017560583752694,4.68640511937187e-05,-0.00014703965703124564,1855.55
158494,MCNICHOLS,2021-10-21,0.77,0.77,0,2026-04-08T03:45:08.008029+00:00,0.0,0.0,0.0,0.0,0.77,0.77,0.77,0.0,0.0,0.7351372347380039,-9.27654287617985e-05,4.3419382615557725e-05,-0.00013618481137735622,1855.55
158701,MCNICHOLS,2021-10-22,0.77,0.77,0,2026-04-08T03:45:10.474564+00:00,0.0,0.0,0.0,0.0,0.77,0.77,0.77,0.0,0.0,0.7351372347380037,-8.590257858831496e-05,4.022578623123302e-05,-0.00012612836481954798,1855.55
158810,MCNICHOLS,2021-10-25,0.77,0.77,0,2026-04-08T03:45:15.28358+00:00,0.0,0.0,0.0,0.0,0.77,0.77,0.77,0.0,0.0,0.7351372347380037,-7.954675490717822e-05,3.726528792989582e-05,-0.00011681204283707404,1855.55
158919,MCNICHOLS,2021-10-26,0.77,0.77,0,2026-04-08T03:45:17.74539+00:00,0.0,0.0,0.0,0.0,0.77,0.77,0.77,0.0,0.0,0.7351372347380037,-7.366060524349738e-05,3.452115007486133e-05,-0.00010818175531835871,1855.55
159028,MCNICHOLS,2021-10-27,0.77,0.77,0,2026-04-08T03:45:20.303823+00:00,0.0,0.0,0.0,0.0,0.77,0.77,0.77,0.0,0.0,0.7351372347380039,-6.820951242725304e-05,3.1977794312884546e-05,-0.00010018730674013758,1855.55
159137,MCNICHOLS,2021-10-28,0.77,0.77,0,2026-04-08T03:45:22.610226+00:00,0.0,0.0,0.0,0.0,0.77,0.77,0.77,0.0,0.0,0.7351372347380037,-6.316139683137934e-05,2.96207279270066e-05,-9.278212475838593e-05,1855.55
159246,MCNICHOLS,2021-10-29,0.77,0.77,0,2026-04-08T03:45:25.013779+00:00,0.0,0.0,0.0,0.0,0.77,0.77,0.77,0.0,0.0,0.7351372347380039,-5.8486532511836664e-05,2.7436473797239424e-05,-8.592300630907609e-05,1855.55
159355,MCNICHOLS,2021-11-01,0.77,0.77,0,2026-04-08T03:45:29.747778+00:00,0.0,0.0,0.0,0.0,0.77,0.77,0.77,0.0,0.0,0.7351372347380039,-5.4157376335406404e-05,2.5412503978935753e-05,-7.956988031434216e-05,1855.55
159464,MCNICHOLS,2021-11-02,0.77,0.77,0,2026-04-08T03:45:32.292585+00:00,0.0,0.0,0.0,0.0,0.77,0.77,0.77,0.0,0.0,0.735137234738004,-5.0148409230343916e-05,2.353717686719861e-05,-7.368558609754253e-05,1855.55
159573,MCNICHOLS,2021-11-03,0.77,0.77,0,2026-04-08T03:45:34.604091+00:00,0.0,0.0,0.0,0.0,0.77,0.77,0.77,0.0,0.0,0.7351372347380039,-4.6435988743653844e-05,2.1799677883110945e-05,-6.823566662676479e-05,1855.55
159682,MCNICHOLS,2021-11-04,0.77,0.77,0,2026-04-08T03:45:37.086301+00:00,0.0,0.0,0.0,0.0,0.77,0.77,0.77,0.0,0.0,0.7351372347380039,-4.299821213737953e-05,2.0189963591508213e-05,-6.318817572888775e-05,1355.55
159791,MCNICHOLS,2021-11-05,0.77,0.77,0,2026-04-08T03:45:39.522081+00:00,0.0,0.0,0.0,0.0,0.77,0.77,0.77,0.0,0.0,0.7351372347380039,-3.9814789301706455e-05,1.8698709141745037e-05,-5.851349844345149e-05,233.05
159900,MCNICHOLS,2021-11-08,0.77,0.77,1000,2026-04-08T03:45:44.061968+00:00,0.0,0.0,0.0,0.0,0.77,0.77,0.77,0.0,0.0,0.7351372347380037,-3.686692480886489e-05,1.731725890766928e-05,-5.418418371653417e-05,283.05
160009,MCNICHOLS,2021-11-10,0.77,0.77,0,2026-04-08T03:45:47.530577+00:00,0.0,0.0,0.0,0.0,0.77,0.77,0.77,0.0,0.0,0.7351372347380039,-3.413720847045276e-05,1.6037580196865123e-05,-5.0174788667317885e-05,283.05
160118,MCNICHOLS,2021-11-11,0.77,0.77,0,2026-04-08T03:45:49.990111+00:00,0.0,0.0,0.0,0.0,0.77,0.77,0.77,0.0,0.0,0.7351372347380037,-3.1609513806873935e-05,1.4852219888355163e-05,-4.64617336952291e-05,50.0
160227,MCNICHOLS,2021-11-12,0.77,0.77,0,2026-04-08T03:45:52.531373+00:00,0.0,0.0,0.0,0.0,0.77,0.77,0.77,0.0,0.0,0.7351372347380039,-2.9268903870338647e-05,1.3754263859912358e-05,-4.3023167730251005e-05,50.0
160336,MCNICHOLS,2021-11-15,0.77,0.77,0,2026-04-08T03:45:57.041913+00:00,0.0,0.0,0.0,0.0,0.77,0.77,0.77,0.0,0.0,0.7351372347380036,-2.7101543904395342e-05,1.2737299060684539e-05,-3.983884296507988e-05,50.0
160445,MCNICHOLS,2021-11-17,0.77,0.77,0,2026-04-08T03:46:00.536124+00:00,0.0,0.0,0.0,0.0,0.77,0.77,0.77,0.0,0.0,0.7351372347380039,-2.5094620353827146e-05,1.1795378089002189e-05,-3.6889998442829335e-05,50.0
160554,MCNICHOLS,2021-11-18,0.77,0.77,0,2026-04-08T03:46:03.012698+00:00,0.0,0.0,0.0,0.0,0.77,0.77,0.77,0.0,0.0,0.7351372347380039,-2.323626577316329e-05,1.0922986135732834e-05,-3.415925190889612e-05,50.0
160663,MCNICHOLS,2021-11-19,0.77,0.77,0,2026-04-08T03:46:05.423699+00:00,0.0,0.0,0.0,0.0,0.77,0.77,0.77,0.0,0.0,0.7351372347380037,-2.1515489212475813e-05,1.0115010157136248e-05,-3.163049936961206e-05,50.0
160772,MCNICHOLS,2021-11-22,0.77,0.77,0,2026-04-08T03:46:10.306395+00:00,0.0,0.0,0.0,0.0,0.77,0.77,0.77,0.0,0.0,0.7351372347380039,-1.992211168821978e-05,9.366710145113827e-06,-2.9288821833333606e-05,50.0
160881,MCNICHOLS,2021-11-23,0.77,0.77,30589,2026-04-08T03:46:12.888041+00:00,0.0,0.0,0.0,0.0,0.77,0.77,0.77,0.0,0.0,0.7351372347380037,-1.8446706372077237e-05,8.673692369005095e-06,-2.7120398741082332e-05,1579.45
160990,MCNICHOLS,2021-11-24,0.77,0.77,0,2026-04-08T03:46:15.261589+00:00,0.0,0.0,0.0,0.0,0.77,0.77,0.77,0.0,0.0,0.7351372347380037,-1.7080543160075123e-05,8.031884464805769e-06,-2.5112427624880892e-05,1579.45
161099,MCNICHOLS,2021-11-25,0.77,0.77,0,2026-04-08T03:46:17.544601+00:00,0.0,0.0,0.0,0.0,0.77,0.77,0.77,0.0,0.0,0.7351372347380037,-1.581553730267693e-05,7.437512257763172e-06,-2.32530495604401e-05,1579.45
161208,MCNICHOLS,2021-11-29,0.77,0.77,8870251,2026-04-08T03:46:23.244686+00:00,0.0,0.0,0.0,0.0,0.77,0.77,0.77,0.0,0.0,0.7351372347380037,-1.464420180419257e-05,6.8870782049980265e-06,-2.1531280009190596e-05,445092.0
161317,MCNICHOLS,2021-11-30,0.77,0.77,0,2026-04-08T03:46:25.627389+00:00,0.0,0.0,0.0,0.0,0.77,0.77,0.77,0.0,0.0,0.7351372347380037,-1.3559603316060098e-05,6.3773413545043994e-06,-1.9936944670564498e-05,445092.0
161426,MCNICHOLS,2021-12-01,0.77,0.77,0,2026-04-08T03:46:28.190956+00:00,0.0,0.0,0.0,0.0,0.77,0.77,0.77,0.0,0.0,0.7351372347380039,-1.255532127197867e-05,5.9052987188686634e-06,-1.8460619990847333e-05,445092.0
161535,MCNICHOLS,2021-12-02,0.77,0.77,0,2026-04-08T03:46:30.651544+00:00,0.0,0.0,0.0,0.0,0.77,0.77,0.77,0.0,0.0,0.7351372347380037,-1.1625410026305794e-05,5.468167971633235e-06,-1.7093577997939028e-05,445092.0
161644,MCNICHOLS,2021-12-03,0.77,0.77,0,2026-04-08T03:46:33.124129+00:00,0.0,0.0,0.0,0.0,0.77,0.77,0.77,0.0,0.0,0.7351372347380037,-1.076436377944745e-05,5.063371374793262e-06,-1.5827735154240712e-05,445092.0
161753,MCNICHOLS,2021-12-06,0.77,0.77,2500,2026-04-08T03:46:37.622095+00:00,0.0,0.0,0.0,0.0,0.77,0.77,0.77,0.0,0.0,0.7351372347380039,-9.967084084183675e-06,4.688520856045631e-06,-1.4655604940229306e-05,445217.0
161862,MCNICHOLS,2021-12-07,0.77,0.77,0,2026-04-08T03:46:39.947423+00:00,0.0,0.0,0.0,0.0,0.77,0.77,0.77,0.0,0.0,0.7351372347380039,-9.228849746412138e-06,4.341404155053736e-06,-1.3570253901465874e-05,445217.0
161971,MCNICHOLS,2021-12-08,0.77,0.77,97500,2026-04-08T03:46:42.482337+00:00,0.0,0.0,0.0,0.0,0.77,0.77,0.77,0.0,0.0,0.7351372347380039,-8.54528894345119e-06,4.019971966411748e-06,-1.2565260909862938e-05,450092.0
162080,MCNICHOLS,2021-12-09,0.77,0.77,1003,2026-04-08T03:46:44.852467+00:00,0.0,0.0,0.0,0.0,0.77,0.77,0.77,0.0,0.0,0.7351372347380037,-7.912353397587779e-06,3.7223260098201267e-06,-1.1634679407407906e-05,450092.15
162190,MCNICHOLS,2021-12-10,0.77,0.77,0,2026-04-08T03:46:47.321476+00:00,0.0,0.0,0.0,0.0,0.77,0.77,0.77,0.0,0.0,0.7351372347380037,-7.326294455434201e-06,3.446707961578964e-06,-1.0773002417013165e-05,450092.15
162300,MCNICHOLS,2021-12-13,0.77,0.77,0,2026-04-08T03:46:51.775824+00:00,0.0,0.0,0.0,0.0,0.77,0.77,0.77,0.0,0.0,0.7351372347380036,-6.783640931429247e-06,3.191489188467136e-06,-9.975130119896383e-06,450092.15
162410,MCNICHOLS,2021-12-14,0.77,0.77,0,2026-04-08T03:46:54.126877+00:00,0.0,0.0,0.0,0.0,0.77,0.77,0.77,0.0,0.0,0.7351372347380039,-6.2811785871419445e-06,2.955161226203552e-06,-9.236339813345497e-06,450092.15
162520,MCNICHOLS,2021-12-15,0.77,0.77,0,2026-04-08T03:46:56.822916+00:00,0.0,0.0,0.0,0.0,0.77,0.77,0.77,0.0,0.0,0.7351372347380039,-5.815931125474627e-06,2.7363269502966963e-06,-8.552258075771323e-06,450092.15
162630,MCNICHOLS,2021-12-16,0.77,0.77,10000,2026-04-08T03:46:59.215115+00:00,0.0,0.0,0.0,0.0,0.77,0.77,0.77,0.0,0.0,0.7351372347380039,-5.385142588631986e-06,2.5336923897114706e-06,-7.918834978343457e-06,450592.15
162741,MCNICHOLS,2021-12-17,0.77,0.77,40000,2026-04-08T03:47:01.752329+00:00,0.0,0.0,0.0,0.0,0.77,0.77,0.77,0.0,0.0,0.7351372347380039,-4.986261055939245e-06,2.34605913792337e-06,-7.332320193862615e-06,452592.15
162852,MCNICHOLS,2021-12-20,0.77,0.77,0,2026-04-08T03:47:06.293287+00:00,0.0,0.0,0.0,0.0,0.77,0.77,0.77,0.0,0.0,0.7351372347380037,-4.616923546696405e-06,2.1723173177329685e-06,-6.789240864429374e-06,452592.15
162963,MCNICHOLS,2021-12-21,0.77,0.77,0,2026-04-08T03:47:08.729464+00:00,0.0,0.0,0.0,0.0,0.77,0.77,0.77,0.0,0.0,0.7351372347380039,-4.274942038917651e-06,2.0114390604093792e-06,-6.28638109932703e-06,452592.15
163074,MCNICHOLS,2021-12-22,0.77,0.77,0,2026-04-08T03:47:11.106283+00:00,0.0,0.0,0.0,0.0,0.77,0.77,0.77,0.0,0.0,0.7351372347380039,-3.958290521022256e-06,1.8624724626438185e-06,-5.820762983666075e-06,451062.7
163185,MCNICHOLS,2021-12-23,0.77,0.77,0,2026-04-08T03:47:13.420215+00:00,0.0,0.0,0.0,0.0,0.77,0.77,0.77,0.0,0.0,0.7351372347380039,-3.665093001092856e-06,1.724535986058575e-06,-5.389628987151431e-06,451062.7
163296,MCNICHOLS,2021-12-24,0.77,0.77,0,2026-04-08T03:47:15.708642+00:00,0.0,0.0,0.0,0.0,0.77,0.77,0.77,0.0,0.0,0.735137234738004,-3.3936124027578174e-06,1.5968132675148915e-06,-4.990425670272709e-06,451062.7
163407,MCNICHOLS,2021-12-29,0.77,0.77,0,2026-04-08T03:47:22.624079+00:00,0.0,0.0,0.0,0.0,0.77,0.77,0.77,0.0,0.0,0.7351372347380039,-3.142240282638653e-06,1.478548310107245e-06,-4.620788592745898e-06,7550.15
163518,MCNICHOLS,2021-12-30,0.77,0.77,0,2026-04-08T03:47:25.019388+00:00,0.0,0.0,0.0,0.0,0.77,0.77,0.77,0.0,0.0,0.735137234738004,-2.909487307856118e-06,1.3690410279118248e-06,-4.278528335767943e-06,7550.15
163629,MCNICHOLS,2021-12-31,0.77,0.77,0,2026-04-08T03:47:27.803632+00:00,0.0,0.0,0.0,0.0,0.77,0.77,0.77,0.0,0.0,0.735137234738004,-2.6939744379728126e-06,1.2676431182361048e-06,-3.961617556208917e-06,7550.15
163740,MCNICHOLS,2022-01-04,0.77,0.77,0,2026-04-08T03:47:33.190226+00:00,0.0,0.0,0.0,0.0,0.77,0.77,0.77,0.0,0.0,0.7351372347380041,-2.494424760079994e-06,1.1737542369031388e-06,-3.668178996983133e-06,7550.15
163852,MCNICHOLS,2022-01-05,0.77,0.77,0,2026-04-08T03:47:35.481449+00:00,0.0,0.0,0.0,0.0,0.77,0.77,0.77,0.0,0.0,0.735137234738004,-2.30965592684651e-06,1.0868184561092981e-06,-3.396474382955808e-06,7550.15
163964,MCNICHOLS,2022-01-06,0.77,0.77,0,2026-04-08T03:47:38.067383+00:00,0.0,0.0,0.0,0.0,0.77,0.77,0.77,0.0,0.0,0.735137234738004,-2.1385731551193388e-06,1.0063209822691757e-06,-3.1448941373885145e-06,7425.15
164076,MCNICHOLS,2022-01-07,0.77,0.77,0,2026-04-08T03:47:40.483305+00:00,0.0,0.0,0.0,0.0,0.77,0.77,0.77,0.0,0.0,0.735137234738004,-1.98016274244317e-06,9.317851159562761e-07,-2.911947858399446e-06,7425.15
164188,MCNICHOLS,2022-01-10,0.77,0.77,0,2026-04-08T03:47:45.097739+00:00,0.0,0.0,0.0,0.0,0.77,0.77,0.77,0.0,0.0,0.7351372347380041,-1.83348606308531e-06,8.627694362513093e-07,-2.6962554993366193e-06,2550.15
164300,MCNICHOLS,2022-01-11,0.77,0.77,0,2026-04-08T03:47:47.617941+00:00,0.0,0.0,0.0,0.0,0.77,0.77,0.77,0.0,0.0,0.7351372347380039,-1.697674008704908e-06,7.988651925053691e-07,-2.496539201210277e-06,2500.0
164412,MCNICHOLS,2022-01-12,0.77,0.77,0,2026-04-08T03:47:50.132225+00:00,0.0,0.0,0.0,0.0,0.77,0.77,0.77,0.0,0.0,0.7351372347380039,-1.5719218406928803e-06,7.396938884139176e-07,-2.311615729106798e-06,2500.0
164524,MCNICHOLS,2022-01-13,0.77,0.77,0,2026-04-08T03:47:52.673244+00:00,0.0,0.0,0.0,0.0,0.77,0.77,0.77,0.0,0.0,0.7351372347380039,-1.4554844230962871e-06,6.849050448084088e-07,-2.140389467904696e-06,2500.0
164636,MCNICHOLS,2022-01-14,0.77,0.77,0,2026-04-08T03:47:55.308832+00:00,0.0,0.0,0.0,0.0,0.77,0.77,0.77,0.0,0.0,0.7351372347380036,-1.3476718090377204e-06,6.341741270935803e-07,-1.9818459361313007e-06,2500.0
164748,MCNICHOLS,2022-01-17,0.77,0.77,0,2026-04-08T03:47:59.999655+00:00,0.0,0.0,0.0,0.0,0.77,0.77,0.77,0.0,0.0,0.7351372347380039,-1.247845153429239e-06,5.872006261616495e-07,-1.8350457795908884e-06,2500.0
164860,MCNICHOLS,2022-01-18,0.77,0.77,0,2026-04-08T03:48:02.353596+00:00,0.0,0.0,0.0,0.0,0.77,0.77,0.77,0.0,0.0,0.7351372347380039,-1.1554129286661663e-06,5.437062807397777e-07,-1.699119209405944e-06,2000.0
164972,MCNICHOLS,2022-01-19,0.77,0.77,0,2026-04-08T03:48:04.820784+00:00,0.0,0.0,0.0,0.0,0.77,0.77,0.77,0.0,0.0,0.7351372347380039,-1.0698274199860691e-06,5.034334315358999e-07,-1.573260851521969e-06,0.0
165084,MCNICHOLS,2022-01-20,0.77,0.77,0,2026-04-08T03:48:07.325935+00:00,0.0,0.0,0.0,0.0,0.77,0.77,0.77,0.0,0.0,0.7351372347380037,-9.905814810640123e-07,4.6614349636636557e-07,-1.456724977430378e-06,0.0
165196,MCNICHOLS,2022-01-21,0.77,0.77,0,2026-04-08T03:48:09.696329+00:00,0.0,0.0,0.0,0.0,0.77,0.77,0.77,0.0,0.0,0.7351372347380039,-9.172055291939429e-07,4.3161555858914797e-07,-1.348821087783091e-06,0.0
165308,MCNICHOLS,2022-01-24,0.77,0.77,0,2026-04-08T03:48:14.136661+00:00,0.0,0.0,0.0,0.0,0.77,0.77,0.77,0.0,0.0,0.7351372347380039,-8.492647630697903e-07,3.9964505977064056e-07,-1.2489098228404308e-06,0.0
165420,MCNICHOLS,2022-01-25,0.77,0.77,250,2026-04-08T03:48:16.50614+00:00,0.0,0.0,0.0,0.0,0.77,0.77,0.77,0.0,0.0,0.7351372347380037,-7.863565871790712e-07,3.7004258852908787e-07,-1.156399175708159e-06,12.5
165532,MCNICHOLS,2022-01-26,0.77,0.77,0,2026-04-08T03:48:19.024911+00:00,0.0,0.0,0.0,0.0,0.77,0.77,0.77,0.0,0.0,0.7351372347380039,-7.281082261556548e-07,3.426327596420034e-07,-1.0707409857976582e-06,12.5
165644,MCNICHOLS,2022-01-27,0.77,0.77,0,2026-04-08T03:48:21.585909+00:00,0.0,0.0,0.0,0.0,0.77,0.77,0.77,0.0,0.0,0.7351372347380035,-6.741745162130997e-07,3.1725317566764703e-07,-9.914276918807467e-07,12.5
165756,MCNICHOLS,2022-01-28,0.77,0.77,0,2026-04-08T03:48:23.969021+00:00,0.0,0.0,0.0,0.0,0.77,0.77,0.77,0.0,0.0,0.7351372347380035,-6.24235860113842e-07,2.9375346541352383e-07,-9.179893255273659e-07,12.5
165868,MCNICHOLS,2022-01-31,0.77,0.77,0,2026-04-08T03:48:28.465348+00:00,0.0,0.0,0.0,0.0,0.77,0.77,0.77,0.0,0.0,0.7351372347380035,-5.77996333350761e-07,2.7199439374128405e-07,-8.49990727092045e-07,12.5
165980,MCNICHOLS,2022-02-01,0.77,0.77,0,2026-04-08T03:48:30.807911+00:00,0.0,0.0,0.0,0.0,0.77,0.77,0.77,0.0,0.0,0.7351372347380036,-5.351819311050221e-07,2.518470367896183e-07,-7.870289678946404e-07,12.5
166092,MCNICHOLS,2022-02-02,0.77,0.77,0,2026-04-08T03:48:33.305516+00:00,0.0,0.0,0.0,0.0,0.77,0.77,0.77,0.0,0.0,0.7351372347380036,-4.955389443228597e-07,2.3319201885742456e-07,-7.287309631802843e-07,12.5
166204,MCNICHOLS,2022-02-03,0.77,0.77,0,2026-04-08T03:48:35.918914+00:00,0.0,0.0,0.0,0.0,0.77,0.77,0.77,0.0,0.0,0.7351372347380036,-4.588324568066682e-07,2.1591880509889295e-07,-6.747512619055611e-07,12.5
166316,MCNICHOLS,2022-02-04,0.77,0.77,0,2026-04-08T03:48:38.317721+00:00,0.0,0.0,0.0,0.0,0.77,0.77,0.77,0.0,0.0,0.7351372347380037,-4.248449527732845e-07,1.9992504730582135e-07,-6.247700000791058e-07,12.5
166428,MCNICHOLS,2022-02-07,0.77,0.77,0,2026-04-08T03:48:42.904693+00:00,0.0,0.0,0.0,0.0,0.77,0.77,0.77,0.0,0.0,0.7351372347380035,-3.9337502855119055e-07,1.8511597722233225e-07,-5.784910057735228e-07,12.5
166540,MCNICHOLS,2022-02-08,0.77,0.77,0,2026-04-08T03:48:45.378139+00:00,0.0,0.0,0.0,0.0,0.77,0.77,0.77,0.0,0.0,0.7351372347380035,-3.6423619864667245e-07,1.7140384570148033e-07,-5.356400443481528e-07,12.5
166652,MCNICHOLS,2022-02-09,0.77,0.77,10000,2026-04-08T03:48:48.035665+00:00,0.0,0.0,0.0,0.0,0.77,0.77,0.77,0.0,0.0,0.7351372347380035,-3.3725579118293325e-07,1.5870740253217568e-07,-4.959631937151089e-07,512.5
166764,MCNICHOLS,2022-02-10,0.77,0.77,0,2026-04-08T03:48:50.398564+00:00,0.0,0.0,0.0,0.0,0.77,0.77,0.77,0.0,0.0,0.7351372347380035,-3.122739244965089e-07,1.4695141537488003e-07,-4.5922533987138895e-07,512.5
166876,MCNICHOLS,2022-02-11,0.77,0.77,0,2026-04-08T03:48:52.774016+00:00,0.0,0.0,0.0,0.0,0.77,0.77,0.77,0.0,0.0,0.7351372347380035,-2.891425596729391e-07,1.360662241587599e-07,-4.25208783831699e-07,512.5
166988,MCNICHOLS,2022-02-14,0.77,0.77,0,2026-04-08T03:48:57.293433+00:00,0.0,0.0,0.0,0.0,0.77,0.77,0.77,0.0,0.0,0.7351372347380036,-2.677246235816e-07,1.2598732820007927e-07,-3.9371195178167925e-07,512.5
167100,MCNICHOLS,2022-02-15,0.77,0.77,0,2026-04-08T03:48:59.662493+00:00,0.0,0.0,0.0,0.0,0.77,0.77,0.77,0.0,0.0,0.7351372347380037,-2.478931965255171e-07,1.1665500420492974e-07,-3.6454820073044686e-07,512.5
167212,MCNICHOLS,2022-02-16,0.77,0.77,175,2026-04-08T03:49:02.003783+00:00,0.0,0.0,0.0,0.0,0.77,0.77,0.77,0.0,0.0,0.7351372347380037,-2.29530759954244e-07,1.080139526209623e-07,-3.375447125752063e-07,521.25
167324,MCNICHOLS,2022-02-17,0.77,0.77,10000,2026-04-08T03:49:04.32656+00:00,0.0,0.0,0.0,0.0,0.77,0.77,0.77,0.0,0.0,0.7351372347380035,-2.125285003540256e-07,1.0001296977694455e-07,-3.1254147013097014e-07,1021.25
167436,MCNICHOLS,2022-02-18,0.77,0.77,0,2026-04-08T03:49:06.711382+00:00,0.0,0.0,0.0,0.0,0.77,0.77,0.77,0.0,0.0,0.7351372347380036,-1.9678566443026568e-07,9.260464456056358e-08,-2.8939030899082926e-07,1021.25
167548,MCNICHOLS,2022-02-21,0.77,0.77,0,2026-04-08T03:49:10.978464+00:00,0.0,0.0,0.0,0.0,0.77,0.77,0.77,0.0,0.0,0.7351372347380035,-1.8220896202958414e-07,8.57450775689961e-08,-2.6795403959858024e-07,1021.25
167660,MCNICHOLS,2022-02-22,0.77,0.77,0,2026-04-08T03:49:13.528869+00:00,0.0,0.0,0.0,0.0,0.77,0.77,0.77,0.0,0.0,0.7351372347380036,-1.6871201335977304e-07,7.939362099104578e-08,-2.481056343508188e-07,1008.75
167772,MCNICHOLS,2022-02-23,0.77,0.77,0,2026-04-08T03:49:15.914345+00:00,0.0,0.0,0.0,0.0,0.77,0.77,0.77,0.0,0.0,0.7351372347380036,-1.5621483684391535e-07,7.35126380055228e-08,-2.2972747484943815e-07,1008.75
167884,MCNICHOLS,2022-02-24,0.77,0.77,0,2026-04-08T03:49:18.676795+00:00,0.0,0.0,0.0,0.0,0.77,0.77,0.77,0.0,0.0,0.7351372347380036,-1.4464337561026497e-07,6.806727939133857e-08,-2.1271065500160354e-07,1008.75
167996,MCNICHOLS,2022-02-25,0.77,0.77,0,2026-04-08T03:49:21.264729+00:00,0.0,0.0,0.0,0.0,0.77,0.77,0.77,0.0,0.0,0.7351372347380036,-1.3392905839904046e-07,6.302527728205048e-08,-1.9695433568109094e-07,1008.75
168108,MCNICHOLS,2022-02-28,0.77,0.77,0,2026-04-08T03:49:25.620712+00:00,0.0,0.0,0.0,0.0,0.77,0.77,0.77,0.0,0.0,0.7351372347380036,-1.2400839333182034e-07,5.8356753879416474e-08,-1.8236514721123682e-07,1008.75
168220,MCNICHOLS,2022-03-01,0.77,0.77,0,2026-04-08T03:49:28.049171+00:00,0.0,0.0,0.0,0.0,0.77,0.77,0.77,0.0,0.0,0.7351372347380036,-1.1482259143491547e-07,5.40340446210571e-08,-1.6885663605597256e-07,1008.75
168332,MCNICHOLS,2022-03-02,0.77,0.77,0,2026-04-08T03:49:30.283109+00:00,0.0,0.0,0.0,0.0,0.77,0.77,0.77,0.0,0.0,0.7351372347380036,-1.0631721847342845e-07,5.003153406603531e-08,-1.5634875253946376e-07,1008.75
168444,MCNICHOLS,2022-03-03,0.77,0.77,0,2026-04-08T03:49:32.551227+00:00,0.0,0.0,0.0,0.0,0.77,0.77,0.77,0.0,0.0,0.7351372347380035,-9.844187243146507e-08,4.6325504086398963e-08,-1.4476737651786404e-07,1008.75
168556,MCNICHOLS,2022-03-04,0.7,0.7,230000,2026-04-08T03:49:34.968546+00:00,-9.090909090909093,0.0,0.0,0.0,0.756,0.7665,0.7686,2.032789070454355,1.2856486930664504,1.6722724566253925e-06,-0.005584136733930434,-0.004467193573243133,-0.001116943160687301,12508.75
168668,MCNICHOLS,2022-03-07,0.7,0.7,0,2026-04-08T03:49:39.227432+00:00,0.0,-9.090909090909093,0.0,0.0,0.742,0.7630000000000001,0.7672,2.032789070454355,1.2856486930664504,1.6722724566253925e-06,-0.009895458623902731,-0.0070228123705723434,-0.0028726462533303875,12508.75
168780,MCNICHOLS,2022-03-08,0.7,0.7,0,2026-04-08T03:49:41.475537+00:00,0.0,0.0,0.0,0.0,0.728,0.7595000000000001,0.7658000000000001,2.032789070454355,1.2856486930664504,1.6722724566253925e-06,-0.013160506160218133,-0.008230287925510196,-0.004930218234707937,12508.75
168892,MCNICHOLS,2022-03-09,0.7,0.7,10000,2026-04-08T03:49:43.759827+00:00,0.0,0.0,0.0,0.0,0.7140000000000001,0.756,0.7644,2.032789070454355,1.2856486930664504,1.6722724566253923e-06,-0.015568614558639449,-0.008510717059145209,-0.00705789749949424,12508.75
169004,MCNICHOLS,2022-03-10,0.7,0.7,0,2026-04-08T03:49:46.077826+00:00,0.0,0.0,0.0,0.0,0.7,0.7525000000000001,0.7630000000000001,2.032789070454355,1.2856486930664504,1.6722724566253923e-06,-0.017277889063856855,-0.008175993251490092,-0.009101895812366763,12508.75
169116,MCNICHOLS,2022-03-11,0.7,0.7,0,2026-04-08T03:49:48.438529+00:00,0.0,0.0,-9.090909090909093,0.0,0.7,0.749,0.7615999999999999,2.032789070454355,1.2856486930664504,1.672272456625392e-06,-0.018420165225336405,-0.007454615530375713,-0.010965549694960691,12508.75
169228,MCNICHOLS,2022-03-14,0.7,0.7,0,2026-04-08T03:49:53.114563+00:00,0.0,0.0,0.0,0.0,0.7,0.7455,0.7602,2.032789070454355,1.2856486930664504,1.672272456625392e-06,-0.01910519452307302,-0.006511715862489864,-0.012593478660583158,12508.75
169340,MCNICHOLS,2022-03-15,0.7,0.7,0,2026-04-08T03:49:55.533531+00:00,0.0,0.0,0.0,0.0,0.7,0.742,0.7588000000000001,2.032789070454355,1.2856486930664504,1.672272456625392e-06,-0.01942417537431307,-0.005464557370983928,-0.01395961800332914,12508.75
169452,MCNICHOLS,2022-03-16,0.7,0.7,0,2026-04-08T03:49:57.903122+00:00,0.0,0.0,0.0,0.0,0.7,0.7384999999999999,0.7574,2.032789070454355,1.2856486930664504,1.672272456625392e-06,-0.019452731022728376,-0.004394490415519387,-0.015058240607208988,12500.0
169564,MCNICHOLS,2022-03-17,0.7,0.7,0,2026-04-08T03:50:00.211329+00:00,0.0,0.0,0.0,0.0,0.7,0.735,0.7560000000000001,2.032789070454355,1.2856486930664504,1.6722724566253923e-06,-0.019253420137324673,-0.0033561436240925474,-0.015897276513232125,12000.0
169676,MCNICHOLS,2022-03-18,0.7,0.7,0,2026-04-08T03:50:02.865266+00:00,0.0,0.0,0.0,-9.090909090909093,0.7,0.7315,0.7545999999999999,2.032789070454355,1.2856486930664504,1.6722724566253923e-06,-0.018877852689930585,-0.0023844609413587667,-0.01649339174857182,12000.0
169788,MCNICHOLS,2022-03-21,0.7,0.7,0,2026-04-08T03:50:07.476142+00:00,0.0,0.0,0.0,0.0,0.7,0.728,0.7532000000000001,2.032789070454355,1.2856486930664504,1.672272456625392e-06,-0.018368472465448815,-0.0015000645735015958,-0.01686840789194722,12000.0
169900,MCNICHOLS,2022-03-24,0.7,0.7,0,2026-04-08T03:50:12.041871+00:00,0.0,0.0,0.0,0.0,0.7,0.7245,0.7518,2.032789070454355,1.2856486930664504,1.672272456625392e-06,-0.017760058073442275,-0.0007133201451960461,-0.01704673792824623,12000.0
170012,MCNICHOLS,2022-03-25,0.7,0.7,0,2026-04-08T03:50:14.507747+00:00,0.0,0.0,0.0,0.0,0.7,0.721,0.7504,2.032789070454355,1.2856486930664504,1.6722724566253918e-06,-0.017080986306788226,-2.73987028335948e-05,-0.01705358760395463,12000.0
170124,MCNICHOLS,2022-03-28,0.7,0.7,0,2026-04-08T03:50:18.995306+00:00,0.0,0.0,0.0,0.0,0.7,0.7174999999999999,0.7490000000000001,2.032789070454355,1.2856486930664504,1.6722724566253918e-06,-0.0163542949077653,0.0005594341569514667,-0.016913729064716766,12000.0
170236,MCNICHOLS,2022-03-29,0.7,0.7,0,2026-04-08T03:50:21.48252+00:00,0.0,0.0,0.0,0.0,0.7,0.714,0.7475999999999999,2.032789070454355,1.2856486930664504,1.6722724566253918e-06,-0.015598576063428071,0.001052122401030954,-0.016650698464459025,12000.0
170348,MCNICHOLS,2022-03-31,0.7,0.7,0,2026-04-08T03:50:25.686443+00:00,0.0,0.0,0.0,0.0,0.7,0.7104999999999999,0.7462000000000001,2.032789070454355,1.2856486930664504,1.6722724566253918e-06,-0.01482872709919325,0.001457577092212621,-0.016286304191405872,12000.0
170460,MCNICHOLS,2022-04-01,0.7,0.7,0,2026-04-08T03:50:28.209626+00:00,0.0,0.0,0.0,0.0,0.7,0.7070000000000001,0.7447999999999999,2.032789070454355,1.2856486930664504,1.6722724566253918e-06,-0.01405658073577054,0.0017837787645082655,-0.015840359500278806,12000.0
170572,MCNICHOLS,2022-04-04,0.7,0.7,0,2026-04-08T03:50:32.692631+00:00,0.0,0.0,0.0,0.0,0.7,0.7035,0.7434000000000001,2.032789070454355,1.2856486930664504,1.6722724566253918e-06,-0.013291433804476283,0.002039140556642019,-0.015330574361118302,12000.0
170684,MCNICHOLS,2022-04-05,0.7,0.7,0,2026-04-08T03:50:35.152392+00:00,0.0,0.0,0.0,0.0,0.7,0.7,0.742,2.032789070454355,1.2856486930664504,1.6722724566253916e-06,-0.012540490381901304,0.0022320671833735983,-0.014772557565274902,12000.0
170796,MCNICHOLS,2022-04-06,0.7,0.7,0,2026-04-08T03:50:37.478667+00:00,0.0,0.0,0.0,0.0,0.7,0.7,0.7405999999999999,0.0,1.2856486930664504,1.6722724566253914e-06,-0.011809232824249727,0.00237065979282014,-0.014179892617069867,500.0
170908,MCNICHOLS,2022-04-07,0.7,0.7,0,2026-04-08T03:50:39.880974+00:00,0.0,0.0,0.0,0.0,0.7,0.7,0.7392,0.0,1.2856486930664504,1.6722724566253916e-06,-0.011101732084502713,0.002462528426053724,-0.013564260510556437,500.0
171020,MCNICHOLS,2022-04-08,0.7,0.7,500,2026-04-08T03:50:42.48638+00:00,0.0,0.0,0.0,0.0,0.7,0.7,0.7377999999999999,0.0,1.2856486930664504,1.6722724566253916e-06,-0.010420906922769313,0.0025146828702297015,-0.012935589792999014,525.0
171132,MCNICHOLS,2022-04-11,0.7,0.7,0,2026-04-08T03:50:47.197044+00:00,0.0,0.0,0.0,0.0,0.7,0.7,0.7364,0.0,1.2856486930664504,1.6722724566253916e-06,-0.009768740121721353,0.0025334797370221308,-0.012302219858743484,25.0
171244,MCNICHOLS,2022-04-12,0.7,0.7,0,2026-04-08T03:50:49.473284+00:00,0.0,0.0,0.0,0.0,0.7,0.7,0.735,0.0,1.2856486930664504,1.6722724566253914e-06,-0.009146458552561687,0.002524609044945437,-0.011671067597507124,25.0
171356,MCNICHOLS,2022-04-13,0.7,0.7,1210,2026-04-08T03:50:51.878986+00:00,0.0,0.0,0.0,0.0,0.7,0.7,0.7336,0.0,1.2856486930664504,1.6722724566253912e-06,-0.008554682866723562,0.002493107784626851,-0.011047790651350413,85.5
171468,MCNICHOLS,2022-04-14,0.7,0.7,0,2026-04-08T03:50:54.439705+00:00,0.0,0.0,0.0,0.0,0.7,0.7,0.7322,0.0,1.2856486930664504,1.6722724566253914e-06,-0.007993551684181255,0.002443391173735328,-0.010436942857916583,85.5
171580,MCNICHOLS,2022-04-19,0.7,0.7,0,2026-04-08T03:51:01.439974+00:00,0.0,0.0,0.0,0.0,0.7,0.7,0.7308,0.0,1.2856486930664504,1.6722724566253914e-06,-0.007462824385218725,0.0023792947781582866,-0.009842119163377011,85.5
171692,MCNICHOLS,2022-04-20,0.7,0.7,0,2026-04-08T03:51:03.698116+00:00,0.0,0.0,0.0,0.0,0.7,0.7,0.7293999999999999,0.0,1.2856486930664504,1.6722724566253916e-06,-0.006961965967111627,0.0023041225570123083,-0.009266088524123936,85.5
171804,MCNICHOLS,2022-04-21,0.7,0.7,0,2026-04-08T03:51:06.083072+00:00,0.0,0.0,0.0,0.0,0.7,0.7,0.728,0.0,1.2856486930664504,1.6722724566253914e-06,-0.006490216882074851,0.002220697313639268,-0.008710914195714119,85.5
171916,MCNICHOLS,2022-04-22,0.7,0.7,0,2026-04-08T03:51:08.393199+00:00,0.0,0.0,0.0,0.0,0.7,0.7,0.7265999999999999,0.0,1.2856486930664504,1.6722724566253914e-06,-0.00604665031252094,0.0021314111065545427,-0.008178061419075483,85.5
172028,MCNICHOLS,2022-04-25,0.7,0.7,0,2026-04-08T03:51:12.880327+00:00,0.0,0.0,0.0,0.0,0.7,0.7,0.7252,0.0,1.2856486930664504,1.6722724566253914e-06,-0.0056302189510469836,0.0020382739744227996,-0.007668492925469783,85.5
172140,MCNICHOLS,2022-04-26,0.7,0.7,380199,2026-04-08T03:51:15.284155+00:00,0.0,0.0,0.0,0.0,0.7,0.7,0.7238,0.0,1.2856486930664504,1.6722724566253914e-06,-0.005239793024523931,0.001942959920756682,-0.007182752945280613,19095.45
172252,MCNICHOLS,2022-04-27,0.7,0.7,0,2026-04-08T03:51:17.680395+00:00,0.0,0.0,0.0,0.0,0.7,0.7,0.7223999999999999,0.0,1.2856486930664504,1.6722724566253912e-06,-0.0048741910248318865,0.0018468495363589818,-0.006721040561190868,19095.45
172364,MCNICHOLS,2022-04-28,0.7,0.7,0,2026-04-08T03:51:20.413235+00:00,0.0,0.0,0.0,0.0,0.7,0.7,0.7210000000000001,0.0,1.2856486930664504,1.6722724566253912e-06,-0.004532204375217619,0.0017510689487786005,-0.006283273323996219,19095.45
172476,MCNICHOLS,2022-04-29,0.7,0.7,0,2026-04-08T03:51:22.882631+00:00,0.0,0.0,0.0,0.0,0.7,0.7,0.7195999999999999,0.0,1.2856486930664504,1.672272456625391e-06,-0.004212617064263791,0.0016565250077859436,-0.005869142072049734,19095.45
172588,MCNICHOLS,2022-05-04,0.7,0.7,0,2026-04-08T03:51:29.674847+00:00,0.0,0.0,0.0,0.0,0.7,0.7,0.7182,0.0,1.2856486930664504,1.6722724566253912e-06,-0.003914221113353822,0.00156393676695673,-0.005478157880310552,19095.45
172700,MCNICHOLS,2022-05-05,0.77,0.77,163010,2026-04-08T03:51:32.050072+00:00,10.000000000000009,0.0,0.0,0.0,0.714,0.7035,0.7182,2.2360679774997916,1.9305709167928555,93.94595321563595,0.00194821698053127,0.005941099888673458,-0.003992882908142188,27245.95
172813,MCNICHOLS,2022-05-09,0.92,0.92,106000,2026-04-08T03:51:37.853933+00:00,19.480519480519476,10.000000000000009,0.0,0.0,0.758,0.7144999999999999,0.7212,4.790536657053178,3.361913155203145,98.08899045070189,0.018484905322115885,0.01798223058420646,0.0005026747379094265,32545.95
172926,MCNICHOLS,2022-05-10,1.01,1.01,173700,2026-04-08T03:51:40.332012+00:00,9.782608695652172,19.480519480519476,0.0,0.0,0.82,0.73,0.726,5.120189194768327,3.6129795610840407,98.67492532842334,0.03840983316441604,0.03032572674120529,0.00808410642321075,41230.95
173039,MCNICHOLS,2022-05-11,1.11,1.11,120000,2026-04-08T03:51:42.74313+00:00,9.90099009900991,9.782608695652172,0.0,0.0,0.9019999999999999,0.7505,0.7327999999999999,5.391826908313411,3.8432210748449465,99.03058726416602,0.061560020697107976,0.04278073141911778,0.018779289277990198,47230.95
173152,MCNICHOLS,2022-05-12,1.22,1.22,353050,2026-04-08T03:51:45.11326+00:00,9.909909909909898,9.90099009900991,0.0,0.0,1.006,0.7765,0.7418,5.605161865289051,4.050962031615378,99.26446045073855,0.087771022089421,0.055193386249144646,0.032577635840276356,64883.45
173265,MCNICHOLS,2022-05-13,1.34,1.34,158390,2026-04-08T03:51:47.585464+00:00,9.836065573770503,9.909909909909898,10.000000000000009,0.0,1.1199999999999999,0.8085000000000001,0.7532,5.76168892620689,4.23602650853677,99.42689521741498,0.11687911694562736,0.0674411848842808,0.04943793206134656,72777.95
173378,MCNICHOLS,2022-05-16,1.47,1.47,305190,2026-04-08T03:51:52.042574+00:00,9.701492537313428,9.836065573770503,19.480519480519476,0.0,1.23,0.8469999999999999,0.7672,5.863823343668949,4.399154074125905,99.54430279211803,0.14872301899028317,0.0794280695431493,0.06929494944713388,88037.45
173491,MCNICHOLS,2022-05-17,1.61,1.61,107400,2026-04-08T03:51:54.492158+00:00,9.523809523809534,9.701492537313428,9.782608695652172,0.0,1.35,0.8925000000000001,0.7839999999999999,5.914316630622799,4.541599316453086,99.63178714723135,0.18314518704247462,0.09108019007627258,0.09206499696620205,93407.45
173604,MCNICHOLS,2022-05-18,1.77,1.77,141990,2026-04-08T03:51:57.297116+00:00,9.937888198757761,9.523809523809534,9.90099009900991,0.0,1.482,0.9460000000000001,0.8039999999999999,5.941997062370609,4.686160849255091,99.70216111724659,0.2207905302509725,0.10298042662781637,0.11781010362315614,100446.45
173717,MCNICHOLS,2022-05-19,1.94,1.94,150600,2026-04-08T03:51:59.624655+00:00,9.604519774011289,9.937888198757761,9.909909909909898,0.0,1.6260000000000001,1.008,0.8273999999999999,5.912871923159538,4.807013618843803,99.75560712499296,0.26132986717784745,0.11481581084375303,0.14651405633409442,107976.45
173830,MCNICHOLS,2022-05-20,2.13,2.13,3936096,2026-04-08T03:52:02.40298+00:00,9.793814432989677,9.604519774011289,9.836065573770503,10.000000000000009,1.784,1.0795,0.8545999999999999,5.848725688534364,4.923165506657646,99.79901650912304,0.30527003295043764,0.12700478129307458,0.17826525165736307,304781.25
173943,MCNICHOLS,2022-05-23,2.34,2.34,2358168,2026-04-08T03:52:07.648814+00:00,9.859154929577475,9.793814432989677,9.701492537313428,19.480519480519476,1.9579999999999997,1.1614999999999998,0.8859999999999999,5.742133988758592,5.03083869501678,99.83409260212467,0.35296936473294616,0.13976329046046648,0.21320607427247967,422689.65
174056,MCNICHOLS,2022-05-24,2.2,2.2,2766257,2026-04-08T03:52:10.277037+00:00,-5.982905982905972,9.859154929577475,9.523809523809534,9.782608695652172,2.0759999999999996,1.2365,0.9146,6.226666601694324,5.157782985824301,88.71791268256126,0.375150102001488,0.12955522218320667,0.24559487981828135,561002.5
174169,MCNICHOLS,2022-05-25,1.98,1.98,391176,2026-04-08T03:52:13.066486+00:00,-10.000000000000009,-5.982905982905972,9.937888198757761,9.90099009900991,2.118,1.3005,0.9401999999999999,7.082238828212114,5.199989119478892,74.65119462279857,0.3707031001235477,0.10008657624421302,0.27061652387933466,580561.3
174282,MCNICHOLS,2022-05-26,1.98,1.98,166429,2026-04-08T03:52:15.508934+00:00,0.0,-10.000000000000009,9.604519774011289,9.909909909909898,2.126,1.3645,0.9658,7.082238828212114,5.199989119478892,74.65119462279856,0.36299444508956547,0.0739023369681846,0.28909210812138086,588882.75
174395,MCNICHOLS,2022-05-27,1.98,1.98,149937,2026-04-08T03:52:18.156913+00:00,0.0,0.0,9.793814432989677,9.836065573770503,2.096,1.4284999999999999,0.9913999999999998,7.082238828212114,5.199989119478892,74.65119462279856,0.35281821171434213,0.05098088287436903,0.3018373288399731,577369.65
174508,MCNICHOLS,2022-05-30,1.98,1.98,70254,2026-04-08T03:52:22.656757+00:00,0.0,0.0,9.859154929577475,9.701492537313428,2.024,1.4925,1.0170000000000001,7.082238828212114,5.199989119478892,74.65119462279856,0.34082465893643943,0.031189864077173057,0.30963479485926637,580882.35
174621,MCNICHOLS,2022-05-31,1.98,1.98,101083,2026-04-08T03:52:25.114026+00:00,0.0,0.0,-5.982905982905972,9.523809523809534,1.98,1.5565,1.0426,7.082238828212114,5.199989119478892,74.65119462279856,0.327543959079833,0.014327331376453312,0.3132166277033797,585936.5
174734,MCNICHOLS,2022-06-01,1.98,1.98,112741,2026-04-08T03:52:27.834682+00:00,0.0,0.0,-10.000000000000009,9.937888198757761,1.98,1.6204999999999998,1.0682,7.082238828212114,5.199989119478892,74.65119462279856,0.3134061576642029,0.0001516239686585319,0.31325453369554435,591573.55
174847,MCNICHOLS,2022-06-02,2.05,2.05,977914,2026-04-08T03:52:30.493727+00:00,3.535353535353525,0.0,0.0,9.604519774011289,1.9939999999999998,1.688,1.0952,6.979339474023551,5.1931215149549255,76.50055888385081,0.3043419980631912,-0.0071300285058825685,0.31147202656907375,640469.25
174960,MCNICHOLS,2022-06-03,2.05,2.05,610811,2026-04-08T03:52:33.10221+00:00,0.0,3.535353535353525,0.0,9.793814432989677,2.008,1.752,1.1221999999999999,7.016505469576613,5.1931215149549255,76.50055888385083,0.2937721636400261,-0.014159890343238113,0.30793205398326423,662859.3
175073,MCNICHOLS,2022-06-06,2.05,2.05,249430,2026-04-08T03:52:37.969718+00:00,0.0,0.0,0.0,9.859154929577475,2.022,1.8085,1.1492,6.2460447371565495,5.1931215149549255,76.50055888385081,0.2821431234094547,-0.02063114445904768,0.30277426786850237,670030.8
175186,MCNICHOLS,2022-06-07,2.05,2.05,91090,2026-04-08T03:52:40.734023+00:00,0.0,0.0,0.0,-5.982905982905972,2.036,1.8604999999999996,1.1762,6.174268073142823,5.1931215149549255,76.50055888385083,0.2698167457540559,-0.026366017691557164,0.29618276344561306,665900.3
175299,MCNICHOLS,2022-06-08,2.05,2.05,95108,2026-04-08T03:52:43.634804+00:00,0.0,0.0,0.0,-10.000000000000009,2.05,1.9075,1.2031999999999998,6.053491520115145,5.1931215149549255,76.50055888385081,0.2570844926536262,-0.031278616633589496,0.2883631092872157,664655.7
175412,MCNICHOLS,2022-06-09,2.05,2.05,92256,2026-04-08T03:52:46.431396+00:00,0.0,0.0,3.535353535353525,0.0,2.05,1.9489999999999998,1.2302,5.886026451650528,5.1931215149549255,76.50055888385081,0.24417934287233645,-0.035347013131903415,0.27952635600423986,651616.0
175525,MCNICHOLS,2022-06-10,2.05,2.05,193274,2026-04-08T03:52:48.916453+00:00,0.0,0.0,0.0,0.0,2.05,1.9845,1.2571999999999999,5.673435480414978,5.1931215149549255,76.50055888385083,0.2312857999625244,-0.038592444833372375,0.2698782447958968,653360.2
175638,MCNICHOLS,2022-06-14,2.05,2.05,171231,2026-04-08T03:52:55.08065+00:00,0.0,0.0,0.0,0.0,2.05,2.0134999999999996,1.2841999999999998,5.416084341717012,5.1931215149549255,76.50055888385083,0.21854828571737217,-0.04106396726281969,0.25961225298019186,646662.25
175751,MCNICHOLS,2022-06-15,2.05,2.05,84500,2026-04-08T03:52:57.782204+00:00,0.0,0.0,0.0,0.0,2.05,2.0355,1.3112000000000001,5.112686701377905,5.1931215149549255,76.50055888385081,0.20607817301000386,-0.042827263976150415,0.24890543698615428,645517.25
175864,MCNICHOLS,2022-06-16,2.05,2.05,346351,2026-04-08T03:53:00.45527+00:00,0.0,0.0,0.0,0.0,2.05,2.0495,1.3381999999999998,4.699012926631779,5.1931215149549255,76.50055888385083,0.19395967247847556,-0.043956611606143,0.23791628408461857,655735.3
175977,MCNICHOLS,2022-06-17,1.85,1.85,441724,2026-04-08T03:53:03.647185+00:00,-9.756097560975597,0.0,0.0,3.535353535353525,2.01,2.045,1.3612,4.7918338799344635,5.457754882632323,53.2227885788406,0.16630033818763756,-0.0572927567175848,0.22359309490522236,670291.5
176090,MCNICHOLS,2022-06-20,1.85,1.85,800350,2026-04-08T03:53:09.449588+00:00,0.0,-9.756097560975597,0.0,0.0,1.97,2.0309999999999997,1.3842,4.186814743473681,5.457754882632323,53.22278857884061,0.1427347590345578,-0.06468666869653167,0.20742142773108946,513504.2
176203,MCNICHOLS,2022-06-21,1.85,1.85,306210,2026-04-08T03:53:11.833027+00:00,0.0,0.0,0.0,0.0,1.9300000000000002,2.0065,1.4072,3.3936878291635444,5.457754882632323,53.22278857884061,0.1226450915039734,-0.06782106898169285,0.19046616048566625,410906.3
176316,MCNICHOLS,2022-06-22,1.85,1.85,59187,2026-04-08T03:53:14.63862+00:00,0.0,0.0,0.0,0.0,1.89,1.989,1.4302,3.1997083535022806,5.457754882632323,53.2227885788406,0.10550765863523659,-0.06796680148034373,0.17347446011558032,275552.8
176429,MCNICHOLS,2022-06-23,1.85,1.85,115970,2026-04-08T03:53:17.250825+00:00,0.0,0.0,0.0,0.0,1.85,1.9825,1.4531999999999998,2.359139912715684,5.457754882632323,53.2227885788406,0.09087852851146572,-0.06607674528329169,0.1569552737947574,261792.5
176542,MCNICHOLS,2022-06-24,1.85,1.85,84830,2026-04-08T03:53:19.718295+00:00,0.0,0.0,-9.756097560975597,0.0,1.85,1.9760000000000002,1.4762,2.359139912715684,5.457754882632323,53.22278857884061,0.07838130657960574,-0.06285917377212133,0.14124048035172707,257712.55
176655,MCNICHOLS,2022-06-27,1.85,1.85,93457,2026-04-08T03:53:24.073012+00:00,0.0,0.0,0.0,0.0,1.85,1.9694999999999996,1.4992,2.359139912715684,5.457754882632323,53.22278857884061,0.06769680157225566,-0.05883494302357711,0.12653174459583277,254888.55
176768,MCNICHOLS,2022-06-28,1.85,1.85,12500,2026-04-08T03:53:26.399159+00:00,0.0,0.0,0.0,0.0,1.85,1.9629999999999999,1.5222,2.359139912715684,5.457754882632323,53.2227885788406,0.05855427711838024,-0.054381973981962026,0.11293625110034226,252000.85
176881,MCNICHOLS,2022-06-29,1.85,1.85,556580,2026-04-08T03:53:28.994117+00:00,0.0,0.0,0.0,0.0,1.85,1.9564999999999997,1.5452,2.359139912715684,5.457754882632323,53.22278857884061,0.0507240453996074,-0.04976976456058789,0.10049380996019529,274775.7
176994,MCNICHOLS,2022-06-30,2.03,2.03,1113439,2026-04-08T03:53:31.346855+00:00,9.72972972972972,0.0,0.0,0.0,1.886,1.959,1.5717999999999999,3.258447772363686,5.553868439587344,69.49758722567904,0.05837017102849318,-0.03369891114536169,0.09206908217385487,324810.6
177107,MCNICHOLS,2022-07-01,0.91,0.91,163209,2026-04-08T03:53:33.724657+00:00,-55.172413793103445,9.72972972972972,0.0,-9.756097560975597,1.698,1.902,1.5759999999999998,12.735154513867801,9.843696635364612,20.861553772069563,-0.025649191182818054,-0.09417461868533834,0.06852542750252029,284075.35
177220,MCNICHOLS,2022-07-04,0.91,0.91,33300,2026-04-08T03:53:38.198731+00:00,0.0,-55.172413793103445,0.0,0.0,1.5100000000000002,1.845,1.5802,12.735154513867801,9.843696635364612,20.861553772069566,-0.09118402834344286,-0.12776756467677053,0.036583536333327664,255199.8
177333,MCNICHOLS,2022-07-06,0.91,0.91,17607,2026-04-08T03:53:41.625349+00:00,0.0,0.0,0.0,0.0,1.322,1.7879999999999998,1.5844,12.735154513867801,9.843696635364612,20.861553772069563,-0.14148985200668518,-0.14245871067201027,0.0009688586653250932,243608.65
177446,MCNICHOLS,2022-07-07,0.91,0.91,33307,2026-04-08T03:53:44.268487+00:00,0.0,0.0,0.0,0.0,1.134,1.7309999999999999,1.5885999999999998,12.735154513867801,9.843696635364612,20.861553772069563,-0.17929082664875073,-0.14420774825126065,-0.03508307839749007,240719.5
177559,MCNICHOLS,2022-07-13,0.91,0.91,10000,2026-04-08T03:53:51.5999+00:00,0.0,0.0,9.72972972972972,0.0,0.91,1.674,1.5927999999999998,12.735154513867801,9.843696635364612,20.86155377206957,-0.20686377456890148,-0.13742455693712913,-0.06943921763177235,236464.1
177672,MCNICHOLS,2022-07-14,0.91,0.91,21500,2026-04-08T03:53:54.010732+00:00,0.0,0.0,-55.172413793103445,0.0,0.91,1.6170000000000002,1.5970000000000002,12.735154513867801,9.843696635364612,20.86155377206957,-0.22610908961096965,-0.12533589758335784,-0.10077319202761181,232926.3
177785,MCNICHOLS,2022-07-15,0.91,0.91,0,2026-04-08T03:53:56.616585+00:00,0.0,0.0,0.0,0.0,0.91,1.56,1.6012,12.735154513867801,9.843696635364612,20.86155377206957,-0.23861058612984354,-0.11026991528178537,-0.12834067084805817,223262.6
177898,MCNICHOLS,2022-07-18,0.91,0.91,15500,2026-04-08T03:54:01.214275+00:00,0.0,0.0,0.0,0.0,0.91,1.5030000000000001,1.6054,12.735154513867801,9.843696635364612,20.86155377206957,-0.2456859969508438,-0.0938762608822285,-0.1518097360686153,215476.05
178011,MCNICHOLS,2022-07-19,0.91,0.91,5000,2026-04-08T03:54:03.665978+00:00,0.0,0.0,0.0,0.0,0.91,1.446,1.6095999999999997,12.735154513867801,9.843696635364612,20.861553772069573,-0.2484295695661476,-0.0772958667980258,-0.1711337027681218,211501.05
178124,MCNICHOLS,2022-07-20,0.91,0.91,350,2026-04-08T03:54:06.203384+00:00,0.0,0.0,0.0,9.72972972972972,0.91,1.3889999999999998,1.6138,12.735154513867801,9.843696635364612,20.86155377206957,-0.2477479860645635,-0.06129142663715337,-0.18645655942741013,194201.0
178237,MCNICHOLS,2022-07-21,0.91,0.91,1683,2026-04-08T03:54:08.685258+00:00,0.0,0.0,0.0,-55.172413793103445,0.91,1.342,1.618,12.639559884965262,9.843696635364612,20.86155377206957,-0.24439064302412494,-0.04634726687737184,-0.1980433761467531,172198.95
178350,MCNICHOLS,2022-07-22,0.91,0.91,6519,2026-04-08T03:54:11.171489+00:00,0.0,0.0,0.0,0.0,0.91,1.295,1.6207999999999998,12.639559884965262,9.76237423513934,20.86155377206957,-0.23897516750213899,-0.03274543308430869,-0.2062297344178303,132507.4
178463,MCNICHOLS,2022-07-25,0.91,0.91,52100,2026-04-08T03:54:15.900169+00:00,0.0,0.0,0.0,0.0,0.91,1.248,1.6205999999999998,12.639559884965262,9.391190270305465,20.861553772069573,-0.23200890984243894,-0.020623340339686907,-0.21138556950275203,119801.9
178576,MCNICHOLS,2022-07-26,0.91,0.91,100438,2026-04-08T03:54:18.382379+00:00,0.0,0.0,0.0,0.0,0.91,1.201,1.6186,12.639559884965262,9.297502170017836,20.86155377206957,-0.22390703948407076,-0.010017175985054971,-0.2138898634990158,121864.45
178689,MCNICHOLS,2022-07-27,0.91,0.91,36241,2026-04-08T03:54:20.730044+00:00,0.0,0.0,0.0,0.0,0.91,1.154,1.6146,12.639559884965262,9.196085274388453,20.86155377206957,-0.21500777308382135,-0.0008943276678444467,-0.2141134454159769,117878.0
178802,MCNICHOLS,2022-07-28,0.91,0.91,0,2026-04-08T03:54:23.385493+00:00,0.0,0.0,0.0,0.0,0.91,1.107,1.6084,12.639559884965262,9.088938119498668,20.86155377206957,-0.2055851823362318,0.006822610463796119,-0.21240779280002792,113636.5
178915,MCNICHOLS,2022-07-29,0.91,0.91,0,2026-04-08T03:54:25.692024+00:00,0.0,0.0,0.0,0.0,0.91,1.06,1.5997999999999999,12.639559884965262,8.977736661771509,20.86155377206957,-0.19585995958713764,0.01323826657031224,-0.20909822615744988,108963.65
179028,MCNICHOLS,2022-08-01,0.82,0.82,210170,2026-04-08T03:54:30.144665+00:00,-9.8901098901099,0.0,0.0,0.0,0.892,1.0085000000000002,1.5868,12.739063944944954,8.96498506887195,17.410420135232204,-0.19318794792232463,0.012728222588100219,-0.20591617051042485,118847.15
179141,MCNICHOLS,2022-08-02,0.74,0.74,500968,2026-04-08T03:54:32.509592+00:00,-9.756097560975608,-9.8901098901099,0.0,0.0,0.858,0.9530000000000001,1.5694,12.814117230821905,8.936279348154066,15.030224031708157,-0.19527468581545038,0.00851318775597959,-0.20378787357142997,116066.55
179254,MCNICHOLS,2022-08-03,0.74,0.74,10100,2026-04-08T03:54:34.924873+00:00,0.0,-9.756097560975608,0.0,0.0,0.8240000000000001,0.8885,1.5488000000000002,12.475448842829548,8.798354573581895,15.030224031708157,-0.19468424187627031,0.007282905356127745,-0.20196714723239806,60899.6
179367,MCNICHOLS,2022-08-04,0.74,0.74,300,2026-04-08T03:54:37.32089+00:00,0.0,0.0,0.0,0.0,0.79,0.8799999999999999,1.5248,3.023565687771987,8.66231979640063,15.030224031708155,-0.19200301950937682,0.007971302178416989,-0.1999743216877938,52754.15
179480,MCNICHOLS,2022-08-05,0.74,0.74,16745,2026-04-08T03:54:40.805957+00:00,0.0,0.0,0.0,0.0,0.756,0.8714999999999999,1.4969999999999999,3.023565687771987,8.514595241985385,15.030224031708157,-0.18771427811640462,0.009808034857111347,-0.19752231297351597,51926.4
179593,MCNICHOLS,2022-08-08,0.74,0.74,5938,2026-04-08T03:54:45.81173+00:00,0.0,0.0,-9.8901098901099,0.0,0.74,0.8629999999999999,1.465,3.023565687771987,8.357734008099976,15.030224031708158,-0.18221495904081209,0.012245883146163095,-0.19446084218697518,51342.95
179706,MCNICHOLS,2022-08-09,0.74,0.74,8339,2026-04-08T03:54:48.637408+00:00,0.0,0.0,-9.756097560975608,0.0,0.74,0.8545,1.4358000000000002,3.023565687771987,8.33864084412079,15.030224031708157,-0.17582985196972611,0.01490479217379928,-0.1907346441435254,50094.55
179819,MCNICHOLS,2022-08-10,0.74,0.74,225,2026-04-08T03:54:51.561754+00:00,0.0,0.0,0.0,0.0,0.74,0.8459999999999999,1.411,3.023565687771987,8.253184270391403,15.03022403170816,-0.1688235162078242,0.01752890234856097,-0.18635241855638518,49605.8
179932,MCNICHOLS,2022-08-11,0.74,0.74,69472,2026-04-08T03:54:54.196076+00:00,0.0,0.0,0.0,0.0,0.74,0.8375,1.3862,3.023565687771987,8.253184270391403,15.030224031708157,-0.16141030709285464,0.019953689170824435,-0.18136399626367908,52004.4
180045,MCNICHOLS,2022-08-12,0.74,0.74,10416,2026-04-08T03:54:57.115593+00:00,0.0,0.0,0.0,0.0,0.74,0.8290000000000001,1.3614,3.023565687771987,8.253184270391403,15.030224031708158,-0.15376280357437022,0.02208095415144712,-0.17584375772581734,52525.2
180158,MCNICHOLS,2022-08-15,0.74,0.74,2650,2026-04-08T03:55:01.874457+00:00,0.0,0.0,0.0,-9.8901098901099,0.74,0.8205,1.3366,3.023565687771987,8.253184270391403,15.030224031708158,-0.14601888710177557,0.023859896499233424,-0.169878783601009,51882.7
180271,MCNICHOLS,2022-08-16,0.74,0.74,59500,2026-04-08T03:55:04.540652+00:00,0.0,0.0,0.0,-9.756097560975608,0.74,0.8119999999999999,1.3118,3.023565687771987,8.253184270391403,15.030224031708157,-0.13828768317479379,0.025272880340972192,-0.16356056351576598,54607.7
180384,MCNICHOLS,2022-08-17,0.74,0.74,6772,2026-04-08T03:55:07.214991+00:00,0.0,0.0,0.0,0.0,0.74,0.8035,1.287,3.023565687771987,8.253184270391403,15.030224031708155,-0.13065454410750266,0.026324815526610673,-0.15697935963411333,54928.8
180497,MCNICHOLS,2022-08-18,0.74,0.74,56700,2026-04-08T03:55:09.916723+00:00,0.0,0.0,0.0,0.0,0.74,0.795,1.2608,3.023565687771987,8.224905668405126,15.030224031708157,-0.1231852238227873,0.02703530864906084,-0.15022053247184813,57679.65
180610,MCNICHOLS,2022-08-19,0.74,0.74,0,2026-04-08T03:55:12.400686+00:00,0.0,0.0,0.0,0.0,0.74,0.7865,1.2346000000000001,3.023565687771987,8.224905668405126,15.030224031708153,-0.1159293720461837,0.02743292834053157,-0.14336230038671527,57353.7
180723,MCNICHOLS,2022-08-22,0.74,0.74,85337,2026-04-08T03:55:17.568382+00:00,0.0,0.0,0.0,0.0,0.74,0.7779999999999999,1.2084,3.023565687771987,8.224905668405126,15.030224031708151,-0.10892345544575421,0.027551075952768844,-0.13647453139852306,59015.55
180836,MCNICHOLS,2022-08-23,0.74,0.74,2210,2026-04-08T03:55:19.990422+00:00,0.0,0.0,0.0,0.0,0.74,0.7695,1.1822,3.023565687771987,8.224905668405126,15.030224031708153,-0.10219319650871406,0.027425067911847206,-0.12961826442056126,54104.15
180949,MCNICHOLS,2022-08-24,0.74,0.74,4250,2026-04-08T03:55:23.644905+00:00,0.0,0.0,0.0,0.0,0.74,0.7609999999999999,1.1560000000000001,3.023565687771987,8.224905668405126,15.030224031708153,-0.09575560678301342,0.027090126110038276,-0.1228457328930517,52504.6
181062,MCNICHOLS,2022-08-25,0.74,0.74,200,2026-04-08T03:55:26.062264+00:00,0.0,0.0,0.0,0.0,0.74,0.7525,1.1298000000000001,3.023565687771987,8.224905668405126,15.030224031708153,-0.08962067914284322,0.02658004300016678,-0.11620072214301,52514.6
181175,MCNICHOLS,2022-08-26,0.74,0.74,4000,2026-04-08T03:55:28.378019+00:00,0.0,0.0,0.0,0.0,0.74,0.744,1.1036,3.023565687771987,8.224905668405126,15.030224031708153,-0.08379279362256353,0.02592634281635718,-0.10971913643892071,52714.6
181288,MCNICHOLS,2022-08-29,0.74,0.74,2422,2026-04-08T03:55:33.185942+00:00,0.0,0.0,0.0,0.0,0.74,0.74,1.0774,2.1815297341461384,8.224905668405126,15.030224031708153,-0.07827188281752895,0.025157802897113418,-0.10342968571464237,42327.2
181401,MCNICHOLS,2022-08-30,0.74,0.74,1035,2026-04-08T03:55:35.909469+00:00,0.0,0.0,0.0,0.0,0.74,0.74,1.0512000000000001,0.0,8.224905668405126,15.030224031708153,-0.07305439563047866,0.02430023206733098,-0.09735462769780964,17330.55
181514,MCNICHOLS,2022-08-31,0.74,0.74,300000,2026-04-08T03:55:38.363566+00:00,0.0,0.0,0.0,0.0,0.74,0.74,1.025,0.0,8.224905668405126,15.030224031708151,-0.06813409204369592,0.023376428523290985,-0.0915105205669869,31825.55
181627,MCNICHOLS,2022-09-01,0.74,0.74,35000,2026-04-08T03:55:40.868139+00:00,0.0,0.0,0.0,0.0,0.74,0.74,1.0028,0.0,8.140259387203926,15.030224031708153,-0.0635026964467158,0.022406259296216882,-0.08590895574293268,33560.55
181740,MCNICHOLS,2022-09-02,0.67,0.67,184167,2026-04-08T03:55:43.232165+00:00,-9.459459459459453,0.0,0.0,0.0,0.726,0.7364999999999999,0.9792000000000001,2.115199438175475,8.21893140459106,9.066654181554064,-0.0647344782844469,0.01693958196678863,-0.08167406025123553,41931.65
181853,MCNICHOLS,2022-09-05,0.67,0.67,0,2026-04-08T03:55:48.110555+00:00,0.0,-9.459459459459453,0.0,0.0,0.712,0.733,0.9556,2.115199438175475,8.21893140459106,9.066654181554062,-0.06496183467259009,0.013369780462916356,-0.07833161513550645,41634.75
181966,MCNICHOLS,2022-09-06,0.67,0.67,160,2026-04-08T03:55:50.526892+00:00,0.0,0.0,0.0,0.0,0.6980000000000001,0.7295,0.932,2.115199438175475,8.21893140459106,9.066654181554062,-0.06439965708868411,0.011145566437457871,-0.07554522352614199,41225.8
182079,MCNICHOLS,2022-09-07,0.62,0.62,473160,2026-04-08T03:55:53.051287+00:00,-7.462686567164189,0.0,0.0,0.0,0.674,0.7235,0.9074000000000001,2.6243306189897067,8.258966007479426,6.696346238344436,-0.06721390932820293,0.006665051358351257,-0.07387896068655418,64872.55
182192,MCNICHOLS,2022-09-08,0.62,0.62,14785,2026-04-08T03:55:55.74031+00:00,0.0,-7.462686567164189,0.0,0.0,0.65,0.7175,0.8828,2.6243306189897067,8.258966007479426,6.696346238344435,-0.06865283732978378,0.004180898685416323,-0.0728337360152001,62138.2
182305,MCNICHOLS,2022-09-09,0.62,0.62,5000,2026-04-08T03:55:58.848563+00:00,0.0,0.0,-9.459459459459453,0.0,0.64,0.7115,0.8582000000000001,2.6243306189897067,8.258966007479426,6.696346238344434,-0.06899783405660886,0.0030687215668729895,-0.07206655562348185,61867.4
182418,MCNICHOLS,2022-09-12,0.62,0.62,0,2026-04-08T03:56:03.370953+00:00,0.0,0.0,0.0,0.0,0.63,0.7055,0.8336,2.6243306189897067,8.258966007479426,6.696346238344435,-0.0684818305342455,0.0028677800713890755,-0.07134961060563458,61734.9
182531,MCNICHOLS,2022-09-13,0.62,0.62,35000,2026-04-08T03:56:05.83654+00:00,0.0,0.0,0.0,0.0,0.62,0.6995,0.8089999999999999,2.6243306189897067,8.258966007479426,6.696346238344436,-0.06729713454909758,0.0032419808452296,-0.07053911539432718,60509.9
182644,MCNICHOLS,2022-09-14,0.62,0.62,10000,2026-04-08T03:56:08.091672+00:00,0.0,0.0,-7.462686567164189,0.0,0.62,0.6935,0.7808000000000002,2.6243306189897067,8.098672924157107,6.696346238344436,-0.0656020350217128,0.003949664298091515,-0.06955169931980432,60671.3
182757,MCNICHOLS,2022-09-16,0.62,0.62,0,2026-04-08T03:56:11.4683+00:00,0.0,0.0,0.0,0.0,0.62,0.6875,0.775,2.6243306189897067,2.5210294617404316,6.696346238344435,-0.0635263640527165,0.004820268213670251,-0.06834663226638675,57836.3
182870,MCNICHOLS,2022-09-19,0.62,0.62,0,2026-04-08T03:56:15.923342+00:00,0.0,0.0,0.0,-9.459459459459453,0.62,0.6815,0.7692,2.6243306189897067,2.5210294617404316,6.696346238344435,-0.06117617894535243,0.005736362656827448,-0.06691254160217988,57836.3
182983,MCNICHOLS,2022-09-20,0.62,0.62,0,2026-04-08T03:56:18.184056+00:00,0.0,0.0,0.0,0.0,0.62,0.6755000000000001,0.7634000000000001,2.6243306189897067,2.5210294617404316,6.696346238344435,-0.058637701394621544,0.006619872166046675,-0.06525757356066822,53569.45
183096,MCNICHOLS,2022-09-21,0.62,0.62,0,2026-04-08T03:56:20.42724+00:00,0.0,0.0,0.0,0.0,0.62,0.6695,0.7576,2.6243306189897067,2.5210294617404316,6.696346238344436,-0.05598062979339791,0.00742155501381625,-0.06340218480721416,53458.95
183209,MCNICHOLS,2022-09-22,0.62,0.62,300,2026-04-08T03:56:22.767495+00:00,0.0,0.0,0.0,-7.462686567164189,0.62,0.6635,0.7517999999999999,2.6243306189897067,2.5210294617404316,6.696346238344435,-0.05326092264379645,0.008113009730734165,-0.061373932374530614,53261.45
183322,MCNICHOLS,2022-09-23,0.62,0.62,0,2026-04-08T03:56:25.066978+00:00,0.0,0.0,0.0,0.0,0.62,0.6575,0.7460000000000001,2.6243306189897067,2.5210294617404316,6.696346238344436,-0.05052313587252699,0.008680637201602906,-0.0592037730741299,53251.45
183435,MCNICHOLS,2022-09-26,0.62,0.62,5450,2026-04-08T03:56:29.379703+00:00,0.0,0.0,0.0,0.0,0.62,0.6515,0.7402,2.6243306189897067,2.5210294617404316,6.696346238344437,-0.04780238400475145,0.009121111255502759,-0.05692349526025421,53323.95
183548,MCNICHOLS,2022-09-28,0.62,0.62,80000,2026-04-08T03:56:32.717753+00:00,0.0,0.0,0.0,0.0,0.62,0.6455,0.7344000000000002,2.6243306189897067,2.5210294617404316,6.696346238344436,-0.045125984290628196,0.009438008775700814,-0.05456399306632901,57202.85
183661,MCNICHOLS,2022-09-29,0.62,0.62,11644,2026-04-08T03:56:35.489047+00:00,0.0,0.0,0.0,0.0,0.62,0.6395,0.7286,2.6243306189897067,2.5210294617404316,6.696346238344436,-0.042514833696478904,0.00963932749588009,-0.052154161192358994,57733.3
183774,MCNICHOLS,2022-09-30,0.62,0.62,9840,2026-04-08T03:56:37.947618+00:00,0.0,0.0,0.0,0.0,0.62,0.6335000000000001,0.7228,2.6243306189897067,2.5210294617404316,6.696346238344436,-0.03998456090964986,0.00973568022616731,-0.04972024113581717,43225.3
183888,MCNICHOLS,2022-10-05,0.62,0.62,1,2026-04-08T03:56:44.538147+00:00,0.0,0.0,0.0,0.0,0.62,0.6275000000000001,0.7170000000000001,2.6243306189897067,2.5210294617404316,6.696346238344436,-0.037546488943790646,0.009739001753621218,-0.047285490697411864,41475.35
184002,MCNICHOLS,2022-10-06,0.62,0.62,1000,2026-04-08T03:56:46.932693+00:00,0.0,0.0,0.0,0.0,0.62,0.625,0.7112,1.6687074458953677,2.5210294617404316,6.696346238344436,-0.03520843838428511,0.009661641850501404,-0.044870080234786516,32317.0
184116,MCNICHOLS,2022-10-07,0.62,0.62,94770,2026-04-08T03:56:49.334037+00:00,0.0,0.0,0.0,0.0,0.62,0.6224999999999999,0.7053999999999999,1.6687074458953677,2.5210294617404316,6.696346238344436,-0.03297539662530746,0.009515746887583248,-0.04249114351289071,37055.5
184230,MCNICHOLS,2022-10-11,0.62,0.62,11914,2026-04-08T03:56:55.029281+00:00,0.0,0.0,0.0,0.0,0.62,0.62,0.6996000000000001,1.6687074458953677,2.5210294617404316,6.696346238344435,-0.030850074487928314,0.009312855219969926,-0.04016292970789824,37643.2
184344,MCNICHOLS,2022-10-12,0.62,0.62,24258,2026-04-08T03:56:58.300033+00:00,0.0,0.0,0.0,0.0,0.62,0.62,0.6938,0.0,2.5210294617404316,6.696346238344435,-0.028833368260774428,0.009063649157699048,-0.037897017418473476,15198.1
184458,MCNICHOLS,2022-10-13,0.62,0.62,500,2026-04-08T03:57:00.825788+00:00,0.0,0.0,0.0,0.0,0.62,0.62,0.688,0.0,2.5210294617404316,6.696346238344436,-0.026924742376129518,0.008777820033875172,-0.03570256241000469,14483.85
184572,MCNICHOLS,2022-10-14,0.62,0.62,0,2026-04-08T03:57:03.298348+00:00,0.0,0.0,0.0,0.0,0.62,0.62,0.6822,0.0,2.5210294617404316,6.696346238344436,-0.025122545544842056,0.008464013492130107,-0.03358655903697216,14233.85
184686,MCNICHOLS,2022-10-17,0.62,0.62,0,2026-04-08T03:57:07.885609+00:00,0.0,0.0,0.0,0.0,0.62,0.62,0.6781999999999999,0.0,2.14818352342671,6.696346238344437,-0.02342427115514578,0.008129830305461105,-0.03155410146060689,14233.85
184800,MCNICHOLS,2022-10-18,0.62,0.62,23671,2026-04-08T03:57:10.303346+00:00,0.0,0.0,0.0,0.0,0.62,0.62,0.6758000000000002,0.0,1.686960093777922,6.696346238344436,-0.021826771036094317,0.007781864339610055,-0.02960863537570437,13667.4
184914,MCNICHOLS,2022-10-19,0.62,0.62,500,2026-04-08T03:57:12.819589+00:00,0.0,0.0,0.0,0.0,0.62,0.62,0.6734,0.0,1.686960093777922,6.696346238344438,-0.020326430247252336,0.007425764102761627,-0.027752194350013963,13192.4
185028,MCNICHOLS,2022-10-20,0.62,0.62,6290,2026-04-08T03:57:15.111185+00:00,0.0,0.0,0.0,0.0,0.62,0.62,0.6709999999999999,0.0,1.686960093777922,6.696346238344438,-0.01891930934149566,0.007066308006814646,-0.025985617348310307,13506.9
185142,MCNICHOLS,2022-10-21,0.62,0.62,100,2026-04-08T03:57:17.499968+00:00,0.0,0.0,0.0,0.0,0.62,0.62,0.6686,0.0,1.686960093777922,6.6963462383444385,-0.017601259522552537,0.006707486260606216,-0.024308745783158753,13511.9
185256,MCNICHOLS,2022-10-24,0.62,0.62,548,2026-04-08T03:57:21.686266+00:00,0.0,0.0,0.0,0.0,0.62,0.62,0.6662,0.0,1.686960093777922,6.6963462383444385,-0.016368015253892865,0.0063525844234127125,-0.022720599677305577,13539.3
185370,MCNICHOLS,2022-10-26,0.62,0.62,447,2026-04-08T03:57:24.913682+00:00,0.0,0.0,0.0,0.0,0.62,0.62,0.6638,0.0,1.686960093777922,6.696346238344437,-0.015215268145924221,0.0060042652251050856,-0.021219533371029307,13561.65
185484,MCNICHOLS,2022-10-27,0.62,0.62,0,2026-04-08T03:57:27.260544+00:00,0.0,0.0,0.0,0.0,0.62,0.62,0.6614,0.0,1.686960093777922,6.696346238344436,-0.014138725333174729,0.005664646430283665,-0.019803371763458394,13546.65
185598,MCNICHOLS,2022-10-28,0.62,0.62,14470,2026-04-08T03:57:29.835926+00:00,0.0,0.0,0.0,0.0,0.62,0.62,0.659,0.0,1.686960093777922,6.696346238344437,-0.01313415503448856,0.005335373383175867,-0.018469528417664426,14270.15
185712,MCNICHOLS,2022-10-31,0.62,0.62,0,2026-04-08T03:57:34.21591+00:00,0.0,0.0,0.0,0.0,0.62,0.62,0.6566,0.0,1.686960093777922,6.696346238344438,-0.012197421552218923,0.005017685492356403,-0.017215107044575326,13997.65
185826,MCNICHOLS,2022-11-01,0.62,0.62,8561,2026-04-08T03:57:36.609373+00:00,0.0,0.0,0.0,0.0,0.62,0.62,0.6542,0.0,1.686960093777922,6.696346238344436,-0.01132451159827863,0.004712476357037358,-0.01603698795531599,10425.7
185940,MCNICHOLS,2022-11-02,0.62,0.62,0,2026-04-08T03:57:39.066556+00:00,0.0,0.0,0.0,0.0,0.62,0.62,0.6518,0.0,1.686960093777922,6.696346238344437,-0.01051155352498323,0.004420347544266207,-0.014931901069249437,9843.5
186054,MCNICHOLS,2022-11-03,0.62,0.62,700,2026-04-08T03:57:41.442199+00:00,0.0,0.0,0.0,0.0,0.62,0.62,0.6494,0.0,1.686960093777922,6.696346238344437,-0.009754830777814694,0.004141656233147797,-0.01389648701096249,9386.5
186168,MCNICHOLS,2022-11-04,0.62,0.62,0,2026-04-08T03:57:43.70904+00:00,0.0,0.0,0.0,0.0,0.62,0.62,0.647,0.0,1.686960093777922,6.696346238344437,-0.009050790667892716,0.003876557074455819,-0.012927347742348536,9386.45
186282,MCNICHOLS,2022-11-08,0.62,0.62,4098,2026-04-08T03:57:49.123122+00:00,0.0,0.0,0.0,0.0,0.62,0.62,0.6446,0.0,1.686960093777922,6.696346238344438,-0.008396049377578985,0.00362503869181564,-0.012021088069394625,9541.35
186396,MCNICHOLS,2022-11-09,0.62,0.62,60036,2026-04-08T03:57:51.464602+00:00,0.0,0.0,0.0,0.0,0.62,0.62,0.6422,0.0,1.686960093777922,6.6963462383444385,-0.007787393957788269,0.003386955289285086,-0.011174349247073355,7804.65
186510,MCNICHOLS,2022-11-10,0.62,0.62,0,2026-04-08T03:57:54.291842+00:00,0.0,0.0,0.0,0.0,0.62,0.62,0.6398,0.0,1.686960093777922,6.696346238344438,-0.0072217819456127375,0.003162053841168494,-0.010383835786781231,7208.95
186624,MCNICHOLS,2022-11-11,0.62,0.62,10,2026-04-08T03:57:56.704911+00:00,0.0,0.0,0.0,0.0,0.62,0.62,0.6374,0.0,1.686960093777922,6.696346238344437,-0.006696339121878503,0.0029499973319221835,-0.009646336453800686,5996.55
186738,MCNICHOLS,2022-11-14,0.62,0.62,0,2026-04-08T03:58:01.331373+00:00,0.0,0.0,0.0,0.0,0.62,0.62,0.635,0.0,1.686960093777922,6.696346238344437,-0.006208355836937018,0.0027503844934909354,-0.008958740330427954,5971.55
186852,MCNICHOLS,2022-11-15,0.62,0.62,60344,2026-04-08T03:58:03.6444+00:00,0.0,0.0,0.0,0.0,0.62,0.62,0.6325999999999999,0.0,1.686960093777922,6.696346238344438,-0.0057552822565762884,0.002562766459081333,-0.008318048715657621,8988.75
186966,MCNICHOLS,2022-11-16,0.62,0.62,0,2026-04-08T03:58:06.118311+00:00,0.0,0.0,0.0,0.0,0.62,0.62,0.6302,0.0,1.686960093777922,6.696346238344437,-0.005334722816047743,0.0023866607196879027,-0.007721383535735646,8988.75
187080,MCNICHOLS,2022-11-17,0.62,0.62,0,2026-04-08T03:58:08.47049+00:00,0.0,0.0,0.0,0.0,0.62,0.62,0.6277999999999999,0.0,1.686960093777922,6.696346238344438,-0.004944430116875176,0.0022215627350883763,-0.007165992851963552,7805.2
187194,MCNICHOLS,2022-11-18,0.62,0.62,20,2026-04-08T03:58:10.955275+00:00,0.0,0.0,0.0,0.0,0.62,0.62,0.6254,0.0,1.686960093777922,6.696346238344437,-0.004582298456647482,0.002066955516252857,-0.006649253972900339,7781.2
187308,MCNICHOLS,2022-11-21,0.62,0.62,700,2026-04-08T03:58:15.672507+00:00,0.0,0.0,0.0,0.0,0.62,0.62,0.623,0.0,1.686960093777922,6.696346238344438,-0.004246357144997215,0.0019223174623225004,-0.006168674607319715,7501.7
187422,MCNICHOLS,2022-11-22,0.62,0.62,147,2026-04-08T03:58:18.170118+00:00,0.0,0.0,0.0,0.0,0.62,0.62,0.622,0.0,1.0553832555023048,6.696346238344438,-0.003934763728234203,0.0017871287032684103,-0.005721892431502613,7504.05
187536,MCNICHOLS,2022-11-24,0.62,0.62,19500,2026-04-08T03:58:21.692503+00:00,0.0,0.0,0.0,0.0,0.62,0.62,0.621,0.0,1.0553832555023048,6.696346238344438,-0.0036457972196224375,0.0016608761695041411,-0.005306673389126579,8451.65
187650,MCNICHOLS,2022-11-25,0.62,0.62,0,2026-04-08T03:58:24.033539+00:00,0.0,0.0,0.0,0.0,0.62,0.62,0.62,0.0,1.0553832555023048,6.696346238344437,-0.0033778514112272617,0.0015430575823194535,-0.004920908993546715,8429.3
187764,MCNICHOLS,2022-11-28,0.56,0.56,1092000,2026-04-08T03:58:28.532723+00:00,-9.677419354838701,0.0,0.0,0.0,0.608,0.617,0.6187999999999999,2.1639367524191493,1.3685937700384778,0.4867336485875192,-0.007915753112214152,-0.0023958752949339492,-0.005519877817280203,63029.3
187878,MCNICHOLS,2022-11-29,0.56,0.56,391190,2026-04-08T03:58:30.983113+00:00,0.0,-9.677419354838701,0.0,0.0,0.596,0.614,0.6176,2.1639367524191493,1.3685937700384778,0.48673364858751916,-0.011380881190056091,-0.004688802698220711,-0.00669207849183538,81865.3
187992,MCNICHOLS,2022-11-30,0.56,0.56,27750,2026-04-08T03:58:33.448849+00:00,0.0,0.0,0.0,0.0,0.5840000000000001,0.611,0.6164000000000001,2.1639367524191493,1.3685937700384778,0.4867336485875192,-0.013966028473948677,-0.005819159985690638,-0.00814686848825804,83252.8
188106,MCNICHOLS,2022-12-01,0.61,0.61,213536,2026-04-08T03:58:35.664261+00:00,8.92857142857142,0.0,0.0,0.0,0.5820000000000001,0.6105,0.6162,3.0204896297374217,1.880949704001456,49.361245014267865,-0.011843667759346754,-0.002957439416870971,-0.008886228342475783,93501.55
188220,MCNICHOLS,2022-12-02,0.61,0.61,4000,2026-04-08T03:58:37.897027+00:00,0.0,8.92857142857142,0.0,0.0,0.58,0.61,0.616,3.0204896297374217,1.880949704001456,49.36124501426786,-0.010045878962899768,-0.0009277204963391867,-0.009118158466560581,93701.55
188334,MCNICHOLS,2022-12-05,0.61,0.61,11500,2026-04-08T03:58:42.456795+00:00,0.0,0.0,-9.677419354838701,0.0,0.5900000000000001,0.6095,0.6158,3.0204896297374217,1.880949704001456,49.361245014267865,-0.008522872025935269,0.00047622915250025016,-0.008999101178435519,94241.55
188448,MCNICHOLS,2022-12-06,0.61,0.61,4500,2026-04-08T03:58:44.756119+00:00,0.0,0.0,0.0,0.0,0.6,0.609,0.6156,3.0204896297374217,1.880949704001456,49.361245014267865,-0.007232506226023672,0.001413275961929479,-0.00864578218795315,94466.55
188562,MCNICHOLS,2022-12-07,0.61,0.61,75141,2026-04-08T03:58:47.196669+00:00,0.0,0.0,0.0,0.0,0.61,0.6085,0.6154,3.0204896297374217,1.880949704001456,49.36124501426786,-0.006139114146594071,0.002005334433087265,-0.008144448579681336,98018.7
188676,MCNICHOLS,2022-12-08,0.61,0.61,112389,2026-04-08T03:58:49.52806+00:00,0.0,0.0,8.92857142857142,0.0,0.61,0.608,0.6152,3.0204896297374217,1.880949704001456,49.361245014267865,-0.005212506515740789,0.0023455536511524386,-0.007558060166893228,100636.35
188790,MCNICHOLS,2022-12-09,0.61,0.61,102000,2026-04-08T03:58:51.902427+00:00,0.0,0.0,0.0,0.0,0.61,0.6075,0.615,3.0204896297374217,1.880949704001456,49.361245014267865,-0.004427130092528153,0.0025047440594920603,-0.0069318741520202135,105736.35
188904,MCNICHOLS,2022-12-12,0.6,0.6,865427,2026-04-08T03:58:56.156124+00:00,-1.6393442622950838,0.0,0.0,-9.677419354838701,0.6079999999999999,0.6065,0.6146,3.041589868528359,1.8949191652364412,42.36961077249907,-0.004559075856762851,0.00189823863620589,-0.006457314492968741,149007.2
189018,MCNICHOLS,2022-12-13,0.6,0.6,0,2026-04-08T03:58:58.485404+00:00,0.0,-1.6393442622950838,0.0,0.0,0.606,0.6054999999999999,0.6142,3.041589868528359,1.8949191652364412,42.36961077249908,-0.004610496887354043,0.0014774540844917586,-0.006087950971845802,149007.2
189132,MCNICHOLS,2022-12-14,0.6,0.6,1440,2026-04-08T03:59:00.851945+00:00,0.0,0.0,0.0,0.0,0.604,0.6045,0.6138,3.041589868528359,1.8949191652364412,42.36961077249907,-0.004598242744514036,0.001191766581865413,-0.005790009326379449,146062.0
189246,MCNICHOLS,2022-12-15,0.54,0.54,181595,2026-04-08T03:59:03.086647+00:00,-9.999999999999986,0.0,0.0,8.92857142857142,0.5900000000000001,0.6005,0.6122,3.7584005378113354,2.3603438724777206,20.553345182180504,-0.009322565079958323,-0.0028260446028630986,-0.006496520477095224,155141.75
189360,MCNICHOLS,2022-12-16,0.54,0.54,77500,2026-04-08T03:59:05.5442+00:00,0.0,-9.999999999999986,0.0,0.0,0.576,0.5965,0.6105999999999999,3.7584005378113354,2.3603438724777206,20.553345182180507,-0.012917717165221498,-0.005136957350501019,-0.007780759814720479,159016.75
189474,MCNICHOLS,2022-12-19,0.54,0.54,18805,2026-04-08T03:59:09.806719+00:00,0.0,0.0,-1.6393442622950838,0.0,0.5640000000000001,0.5925,0.609,3.7584005378113354,2.3603438724777206,20.553345182180504,-0.015587221309912302,-0.006245169196153458,-0.009342052113758844,159956.0
189588,MCNICHOLS,2022-12-20,0.54,0.54,3500,2026-04-08T03:59:12.630732+00:00,0.0,0.0,0.0,0.0,0.552,0.5885,0.6074,3.7584005378113354,2.3603438724777206,20.553345182180507,-0.017501081009485775,-0.006527223116581543,-0.010973857892904232,160096.0
189702,MCNICHOLS,2022-12-21,0.54,0.54,41249,2026-04-08T03:59:14.990319+00:00,0.0,0.0,0.0,0.0,0.54,0.5845,0.6058,3.7584005378113354,2.3603438724777206,20.553345182180507,-0.01880110121844536,-0.006261794660432902,-0.012539306558012457,162151.1
189816,MCNICHOLS,2022-12-22,0.54,0.54,2000,2026-04-08T03:59:17.229229+00:00,0.0,0.0,-9.999999999999986,0.0,0.54,0.5805,0.6042,3.7584005378113354,2.3603438724777206,20.553345182180507,-0.019605378006451346,-0.00565285715875111,-0.013952520847700236,161276.1
189930,MCNICHOLS,2022-12-23,0.54,0.54,0,2026-04-08T03:59:19.674012+00:00,0.0,0.0,0.0,0.0,0.54,0.5765,0.6026,3.7584005378113354,2.3603438724777206,20.553345182180507,-0.020012086281881114,-0.0048476523473447025,-0.015164433934536412,161276.1
190044,MCNICHOLS,2022-12-28,0.52,0.52,350000,2026-04-08T03:59:26.406492+00:00,-3.703703703703709,0.0,0.0,-1.6393442622950838,0.536,0.5745,0.6006,3.1959430123681365,2.41000347866421,15.953415910160265,-0.021698115998734835,-0.005226945651358738,-0.016471170347376097,124176.1
190158,MCNICHOLS,2022-12-30,0.57,0.57,3200,2026-04-08T03:59:29.796579+00:00,9.615384615384603,-3.703703703703709,0.0,0.0,0.542,0.575,0.5996,3.893770930776544,2.7898994978425375,47.554480872242465,-0.018783203486312683,-0.0018496265111492688,-0.016933576975163414,104776.6
190272,MCNICHOLS,2023-01-04,0.57,0.57,1000,2026-04-08T03:59:36.276207+00:00,0.0,9.615384615384603,0.0,0.0,0.5479999999999999,0.5755,0.5986,3.893770930776544,2.7898994978425375,47.55448087224247,-0.01628538652089584,0.0005185523634140612,-0.0168039388843099,103439.1
190386,MCNICHOLS,2023-01-05,0.57,0.57,83600,2026-04-08T03:59:38.771807+00:00,0.0,0.0,0.0,-9.999999999999986,0.5539999999999999,0.5735,0.5976,3.3024726435300638,2.7898994978425375,47.55448087224247,-0.014142818966556225,0.0021288959342029394,-0.016271714900759165,96942.3
190500,MCNICHOLS,2023-01-06,0.57,0.57,82243,2026-04-08T03:59:41.229635+00:00,0.0,0.0,0.0,0.0,0.5599999999999999,0.5715,0.5966,3.3024726435300638,2.7898994978425375,47.55448087224247,-0.01230299744715535,0.003174973962883052,-0.015477971410038403,100854.45
190614,MCNICHOLS,2023-01-09,0.57,0.57,100,2026-04-08T03:59:45.608271+00:00,0.0,0.0,-3.703703703703709,0.0,0.57,0.5694999999999999,0.5955999999999999,3.3024726435300638,2.7898994978425375,47.55448087224247,-0.010721336741674303,0.003805307734691281,-0.014526644476365584,100284.45
190728,MCNICHOLS,2023-01-10,0.57,0.57,34385,2026-04-08T03:59:47.862187+00:00,0.0,0.0,9.615384615384603,0.0,0.57,0.5675,0.5946,3.3024726435300638,2.7898994978425375,47.55448087224247,-0.009359963405566107,0.004133344856639583,-0.01349330826220569,101778.7
190842,MCNICHOLS,2023-01-11,0.57,0.57,304,2026-04-08T03:59:50.211712+00:00,0.0,0.0,0.0,0.0,0.57,0.5655,0.5936,3.3024726435300638,2.7898994978425375,47.55448087224247,-0.008186694114819537,0.004245291317908923,-0.01243198543272846,98036.85
190956,MCNICHOLS,2023-01-12,0.57,0.57,819,2026-04-08T03:59:52.676239+00:00,0.0,0.0,0.0,0.0,0.57,0.5635,0.5926,3.3024726435300638,2.7898994978425375,47.55448087224248,-0.00717417037859569,0.004206252043306217,-0.011380422421901907,92458.35
191070,MCNICHOLS,2023-01-13,0.57,0.57,20819,2026-04-08T03:59:55.073566+00:00,0.0,0.0,0.0,0.0,0.57,0.5615,0.5916,3.3024726435300638,2.7898994978425375,47.554480872242486,-0.006299125623678625,0.004065037438578625,-0.01036416306225725,88399.3
191184,MCNICHOLS,2023-01-17,0.61,0.61,280603,2026-04-08T04:00:00.52991+00:00,7.017543859649122,0.0,0.0,-3.703703703703709,0.578,0.562,0.5914,3.6634032664540195,2.9674162218747258,66.93322502146206,-0.0023508811504681093,0.006410625529431314,-0.008761506679899424,59158.1
191298,MCNICHOLS,2023-01-18,0.61,0.61,19939,2026-04-08T04:00:02.930508+00:00,0.0,7.017543859649122,0.0,9.615384615384603,0.586,0.5625,0.5912,3.6634032664540195,2.9674162218747258,66.93322502146206,0.0007692634499159023,0.007624616103852262,-0.006855352653936359,60155.05
191412,MCNICHOLS,2023-01-19,0.61,0.61,9091,2026-04-08T04:00:05.157464+00:00,0.0,0.0,0.0,0.0,0.594,0.563,0.591,3.6634032664540195,2.9674162218747258,66.93322502146206,0.003205054650217698,0.008048325843323247,-0.004843271193105549,60537.6
191526,MCNICHOLS,2023-01-20,0.61,0.61,4610,2026-04-08T04:00:07.441529+00:00,0.0,0.0,0.0,0.0,0.602,0.5665,0.5908000000000001,2.782092374164716,2.9674162218747258,66.93322502146208,0.005076913229938862,0.007936147538435528,-0.0028592343084966666,51688.35
191640,MCNICHOLS,2023-01-23,0.61,0.61,8832,2026-04-08T04:00:11.934625+00:00,0.0,0.0,0.0,0.0,0.61,0.5700000000000001,0.5906,2.782092374164716,2.9674162218747258,66.93322502146206,0.006485612536216823,0.007475877475770791,-0.0009902649395539685,48254.95
191754,MCNICHOLS,2023-01-24,0.61,0.61,9450,2026-04-08T04:00:14.448563+00:00,0.0,0.0,7.017543859649122,0.0,0.61,0.5734999999999999,0.5904,2.782092374164716,2.9674162218747258,66.93322502146206,0.007515384214511811,0.006804519323252624,0.0007108648912591875,47787.2
191868,MCNICHOLS,2023-01-25,0.61,0.61,5,2026-04-08T04:00:16.660222+00:00,0.0,0.0,0.0,0.0,0.61,0.5770000000000001,0.5902,2.782092374164716,2.9674162218747258,66.93322502146206,0.008236539982811153,0.006020540073241572,0.002215999909569581,47612.45
191982,MCNICHOLS,2023-01-26,0.61,0.61,35000,2026-04-08T04:00:19.02129+00:00,0.0,0.0,0.0,0.0,0.61,0.5805,0.59,2.782092374164716,2.9674162218747258,66.93322502146206,0.008707684359879786,0.005193347560248164,0.003514336799631622,47300.0
192096,MCNICHOLS,2023-01-27,0.61,0.61,0,2026-04-08T04:00:21.366865+00:00,0.0,0.0,0.0,0.0,0.61,0.584,0.5898,2.782092374164716,2.9674162218747258,66.93322502146206,0.008977581699635695,0.004370595920003258,0.004606985779632437,47200.0
192210,MCNICHOLS,2023-01-30,0.63,0.63,171500,2026-04-08T04:00:26.318741+00:00,3.2786885245901676,0.0,0.0,0.0,0.6140000000000001,0.5885,0.59,2.8380306368619928,3.0031828015543844,75.68540789288888,0.010682172701443005,0.004860149537448453,0.005822023163994551,55775.0
192324,MCNICHOLS,2023-01-31,0.62,0.62,1110020,2026-04-08T04:00:28.560212+00:00,-1.5873015873015928,3.2786885245901676,0.0,7.017543859649122,0.6159999999999999,0.5934999999999999,0.59,2.696799673762351,3.012382262296023,66.24420894249421,0.011098223512529204,0.004220960278827722,0.0068772632337014816,93776.0
192438,MCNICHOLS,2023-02-06,0.61,0.61,512000,2026-04-08T04:00:36.14931+00:00,-1.6129032258064502,-1.5873015873015928,0.0,0.0,0.616,0.5955,0.5898,1.8151268339579876,3.021492240331872,58.398990878464154,0.010499992968365568,0.0028981837877312686,0.007601809180634299,119216.0
192552,MCNICHOLS,2023-02-07,0.61,0.61,12473,2026-04-08T04:00:38.379875+00:00,0.0,-1.6129032258064502,0.0,0.0,0.616,0.5974999999999999,0.5896,1.8151268339579876,3.021492240331872,58.39899087846415,0.009911635784552342,0.0018478612831344336,0.008063774501417908,119789.65
192666,MCNICHOLS,2023-02-08,0.61,0.61,9000,2026-04-08T04:00:40.736361+00:00,0.0,0.0,0.0,0.0,0.616,0.5994999999999999,0.5893999999999999,1.8151268339579876,3.021492240331872,58.398990878464154,0.009337719064646754,0.001019155650583076,0.008318563414063678,116059.65
192780,MCNICHOLS,2023-02-09,0.61,0.61,40,2026-04-08T04:00:43.03687+00:00,0.0,0.0,3.2786885245901676,0.0,0.612,0.6015,0.5892000000000001,1.8151268339579876,3.021492240331872,58.398990878464154,0.00878165645999529,0.0003704744367452901,0.00841118202325,111949.5
192894,MCNICHOLS,2023-02-10,0.61,0.61,500,2026-04-08T04:00:46.517744+00:00,0.0,0.0,-1.5873015873015928,0.0,0.61,0.6035,0.589,1.8151268339579876,3.021492240331872,58.39899087846414,0.008245919018060488,-0.0001322104041516104,0.008378129422212098,111969.5
193008,MCNICHOLS,2023-02-13,0.61,0.61,0,2026-04-08T04:00:50.958429+00:00,0.0,0.0,-1.6129032258064502,0.0,0.61,0.6054999999999999,0.5888,1.8151268339579876,3.021492240331872,58.39899087846415,0.007732211118902876,-0.0005167346426473776,0.008248945761550254,110250.25
193122,MCNICHOLS,2023-02-14,0.61,0.61,0,2026-04-08T04:00:53.400398+00:00,0.0,0.0,0.0,0.0,0.61,0.6074999999999999,0.5886,1.8151268339579876,3.021492240331872,58.398990878464154,0.007241617054105309,-0.0008058629659559568,0.008047480020061266,110235.05
193236,MCNICHOLS,2023-02-15,0.61,0.61,18,2026-04-08T04:00:55.645789+00:00,0.0,0.0,0.0,0.0,0.61,0.6094999999999999,0.5884,1.8151268339579876,3.021492240331872,58.39899087846414,0.006774722934345334,-0.001018205668572746,0.00779292860291808,110195.0
193350,MCNICHOLS,2023-02-16,0.61,0.61,0,2026-04-08T04:00:58.043326+00:00,0.0,0.0,0.0,3.2786885245901676,0.61,0.6115,0.5882000000000001,1.8151268339579876,3.021492240331872,58.39899087846415,0.006331717878301557,-0.001168968579693219,0.007500686457994776,109154.05
193464,MCNICHOLS,2023-02-17,0.61,0.61,200,2026-04-08T04:01:00.355798+00:00,0.0,0.0,0.0,-1.5873015873015928,0.61,0.6114999999999999,0.5892000000000001,0.9139409632407117,2.678623030074544,58.398990878464154,0.00591247781583637,-0.0012705669137267252,0.007183044729563095,95133.9
193578,MCNICHOLS,2023-02-20,0.61,0.61,0,2026-04-08T04:01:04.633293+00:00,0.0,0.0,0.0,-1.6129032258064502,0.61,0.6115,0.5902,0.9139409632407117,2.678623030074544,58.398990878464154,0.005516634714864077,-0.0013331280117592145,0.006849762726623292,94136.95
193692,MCNICHOLS,2023-02-21,0.61,0.61,0,2026-04-08T04:01:06.910783+00:00,0.0,0.0,0.0,0.0,0.61,0.6115,0.5912,0.9139409632407117,2.678623030074544,58.398990878464154,0.005143633599118069,-0.0013649033020041784,0.006508536901122248,93682.4
193806,MCNICHOLS,2023-02-22,0.55,0.55,1572819,2026-04-08T04:01:09.421576+00:00,-9.83606557377048,0.0,0.0,0.0,0.5980000000000001,0.6085,0.59,2.3825953050766886,2.7452792211154464,21.398487592713554,6.454564284608111e-06,-0.005201665869470112,0.00520812043375472,172092.85
193920,MCNICHOLS,2023-02-23,0.6,0.6,515000,2026-04-08T04:01:11.765387+00:00,9.090909090909083,-9.83606557377048,0.0,0.0,0.5959999999999999,0.608,0.5898,3.205598499234766,3.041757822070308,49.890611696447515,-2.98703725710725e-05,-0.004190392645060634,0.004160522272489561,197401.25
194034,MCNICHOLS,2023-02-24,0.66,0.66,673000,2026-04-08T04:01:14.12415+00:00,10.000000000000009,9.090909090909083,0.0,0.0,0.606,0.6105,0.5908,3.912920875624129,3.3536850236750904,65.8759147070349,0.004728335108497128,0.0004542502688060536,0.0042740848396910745,230578.75
194148,MCNICHOLS,2023-02-27,0.66,0.66,0,2026-04-08T04:01:18.463572+00:00,0.0,10.000000000000009,0.0,0.0,0.616,0.613,0.5918,3.912920875624129,3.3536850236750904,65.87591470703488,0.008402389714935343,0.003302643900195415,0.0050997458147399284,230578.5
194262,MCNICHOLS,2023-02-28,0.72,0.72,269680,2026-04-08T04:01:20.671303+00:00,9.090909090909083,0.0,0.0,0.0,0.6380000000000001,0.6184999999999999,0.594,4.358510124234946,3.580678619891401,75.09143479767614,0.015971493583626817,0.00869739821510951,0.0072740953685173065,242312.5
194376,MCNICHOLS,2023-03-01,0.72,0.72,47801,2026-04-08T04:01:23.068989+00:00,0.0,9.090909090909083,-9.83606557377048,0.0,0.6719999999999999,0.624,0.5962,4.358510124234946,3.580678619891401,75.09143479767614,0.021719691844469202,0.011556477180761516,0.010163214663707686,244702.55
194490,MCNICHOLS,2023-03-02,0.79,0.79,151909,2026-04-08T04:01:25.352172+00:00,9.722222222222232,0.0,9.090909090909083,0.0,0.71,0.632,0.5998,4.76146666353792,3.815131745174952,81.75738517491942,0.03155979370872497,0.017117263236013827,0.014442530472711145,243723.0
194604,MCNICHOLS,2023-03-03,0.79,0.79,147100,2026-04-08T04:01:27.716711+00:00,0.0,9.722222222222232,10.000000000000009,0.0,0.736,0.6405000000000001,0.6036,4.724889100587073,3.8026167979096326,81.7573851749194,0.0389096194575439,0.019573671187866203,0.019335948269677695,195577.0
194718,MCNICHOLS,2023-03-06,0.79,0.79,7405,2026-04-08T04:01:32.392486+00:00,0.0,0.0,0.0,0.0,0.762,0.6495,0.6074,4.68574819366633,3.8026167979096326,81.75738517491942,0.04422461547775769,0.019910933766463995,0.024313681711293694,170347.25
194832,MCNICHOLS,2023-03-07,0.79,0.79,11170,2026-04-08T04:01:34.845095+00:00,0.0,0.0,9.090909090909083,0.0,0.776,0.6585,0.6112,4.68574819366633,3.8026167979096326,81.75738517491942,0.04788480192689659,0.018856896172482318,0.029027905754414274,170282.1
194946,MCNICHOLS,2023-03-08,0.79,0.79,2500,2026-04-08T04:01:37.261757+00:00,0.0,0.0,0.0,-9.83606557377048,0.79,0.6675000000000001,0.6162000000000001,4.68574819366633,3.4820371639644456,81.75738517491942,0.050206773624348444,0.016943094295947335,0.03326367932840111,169957.1
195060,MCNICHOLS,2023-03-09,0.79,0.79,255785,2026-04-08T04:01:39.987396+00:00,0.0,0.0,9.722222222222232,9.090909090909083,0.79,0.6765,0.6212000000000001,4.68574819366633,3.4820371639644456,81.75738517491942,0.051453825254838215,0.014552116741149687,0.03690170851368853,182744.35
195174,MCNICHOLS,2023-03-13,0.79,0.79,26266,2026-04-08T04:01:45.627511+00:00,0.0,0.0,0.0,10.000000000000009,0.79,0.6855,0.6262,4.68574819366633,3.4820371639644456,81.7573851749194,0.05184449162909832,0.01195422649232783,0.03989026513677049,184032.65
195288,MCNICHOLS,2023-03-14,0.79,0.79,0,2026-04-08T04:01:48.257383+00:00,0.0,0.0,0.0,0.0,0.79,0.6945,0.6312,4.68574819366633,3.4820371639644456,81.7573851749194,0.05155974885532377,0.009335586974842623,0.04222416188048115,184032.65
195402,MCNICHOLS,2023-03-15,0.79,0.79,0,2026-04-08T04:01:50.627346+00:00,0.0,0.0,0.0,9.090909090909083,0.79,0.7035,0.6362000000000001,4.68574819366633,3.4820371639644456,81.7573851749194,0.050749084302020964,0.006819937937231853,0.04392914636478911,184032.65
195516,MCNICHOLS,2023-03-16,0.79,0.79,11980,2026-04-08T04:01:53.062383+00:00,0.0,0.0,0.0,0.0,0.79,0.7125,0.6412,4.68574819366633,3.4820371639644456,81.75738517491942,0.04953561111294302,0.004485171798523126,0.0450504393144199,184630.75
195630,MCNICHOLS,2023-03-17,0.79,0.79,0,2026-04-08T04:01:55.701252+00:00,0.0,0.0,0.0,9.722222222222232,0.79,0.7215,0.6462,4.68574819366633,3.4820371639644456,81.7573851749194,0.048020375866651865,0.002375949241785573,0.04564442662486629,184630.75
195744,MCNICHOLS,2023-03-20,0.79,0.79,14650,2026-04-08T04:01:59.933448+00:00,0.0,0.0,0.0,0.0,0.79,0.7305,0.6516,4.68574819366633,3.4226958636764624,81.75738517491942,0.04628598499429659,0.0005132466955442422,0.04577273829875235,185353.25
195858,MCNICHOLS,2023-03-22,0.79,0.79,201788,2026-04-08T04:02:03.467012+00:00,0.0,0.0,0.0,0.0,0.79,0.7394999999999999,0.6559999999999999,4.68574819366633,3.1846109851772275,81.75738517491942,0.04439965613425423,-0.001098465731598497,0.045498121865852725,195442.65
195972,MCNICHOLS,2023-03-23,0.79,0.79,10000,2026-04-08T04:02:05.929911+00:00,0.0,0.0,0.0,0.0,0.79,0.7485,0.6603999999999999,4.68574819366633,3.1846109851772275,81.7573851749194,0.04241578416545455,-0.002465870160318545,0.044881654325773096,195942.65
196086,MCNICHOLS,2023-03-24,0.79,0.79,0,2026-04-08T04:02:08.248632+00:00,0.0,0.0,0.0,0.0,0.79,0.7605000000000001,0.6648,3.893145441799379,3.1846109851772275,81.75738517491942,0.04037809776066337,-0.0036028452520877816,0.04398094301275115,117301.7
196200,MCNICHOLS,2023-03-27,0.79,0.79,297,2026-04-08T04:02:12.564733+00:00,0.0,0.0,0.0,0.0,0.79,0.77,0.6692,3.521784881159118,3.1846109851772275,81.75738517491942,0.0383214705459618,-0.004527577973431479,0.04284904851939328,91566.55
196314,MCNICHOLS,2023-03-28,0.79,0.79,51930,2026-04-08T04:02:14.764209+00:00,0.0,0.0,0.0,0.0,0.79,0.7765000000000001,0.6736,2.8970905327785688,3.1846109851772275,81.75738517491942,0.036273441012552254,-0.005260486005472825,0.04153392701802508,60513.05
196428,MCNICHOLS,2023-03-29,0.79,0.79,220,2026-04-08T04:02:17.140393+00:00,0.0,0.0,0.0,0.0,0.79,0.783,0.6779999999999999,2.8970905327785688,3.1846109851772275,81.75738517491942,0.034255486922130984,-0.0058227520767152804,0.040078238998846265,60524.05
196542,MCNICHOLS,2023-03-30,0.79,0.79,1500,2026-04-08T04:02:19.470716+00:00,0.0,0.0,0.0,0.0,0.79,0.7865,0.6823999999999999,2.173954978124797,3.1846109851772275,81.7573851749194,0.0322840928407796,-0.006235316926453335,0.038519409767232934,47115.05
196656,MCNICHOLS,2023-03-31,0.79,0.79,299664,2026-04-08T04:02:21.739047+00:00,0.0,0.0,0.0,0.0,0.79,0.79,0.6868,2.173954978124797,3.1846109851772275,81.7573851749194,0.030371643428429795,-0.006518213071042514,0.03688985649947231,59708.2
196770,MCNICHOLS,2023-04-03,0.79,0.79,308,2026-04-08T04:02:26.060346+00:00,0.0,0.0,0.0,0.0,0.79,0.79,0.6911999999999999,0.0,3.1846109851772275,81.75738517491942,0.028527170032105365,-0.006690149173893559,0.03521731920599892,52128.15
196884,MCNICHOLS,2023-04-04,0.79,0.79,346,2026-04-08T04:02:28.444728+00:00,0.0,0.0,0.0,0.0,0.79,0.79,0.6947999999999999,0.0,3.0525511783485757,81.75738517491942,0.02675697383803788,-0.0067682762943688385,0.03352525013240672,44790.45
196998,MCNICHOLS,2023-04-05,0.79,0.79,0,2026-04-08T04:02:30.864627+00:00,0.0,0.0,0.0,0.0,0.79,0.79,0.6984,0.0,3.0525511783485757,81.75738517491942,0.025065145209204,-0.0067680839385621805,0.03183322914776618,44420.2
197112,MCNICHOLS,2023-04-06,0.79,0.79,980,2026-04-08T04:02:33.239626+00:00,0.0,0.0,0.0,0.0,0.79,0.79,0.7020000000000001,0.0,3.0525511783485757,81.7573851749194,0.023453995768274893,-0.00670338670359303,0.030157382471867923,43910.7
197226,MCNICHOLS,2023-04-11,0.79,0.79,79100,2026-04-08T04:02:39.320239+00:00,0.0,0.0,0.0,0.0,0.79,0.79,0.7056,0.0,3.0525511783485757,81.75738517491942,0.021924417194689072,-0.006586372221743082,0.028510789416432154,47740.7
197340,MCNICHOLS,2023-04-12,0.79,0.79,0,2026-04-08T04:02:41.643197+00:00,0.0,0.0,0.0,0.0,0.79,0.79,0.7092,0.0,3.0525511783485757,81.75738517491942,0.020476178515159593,-0.006427688721018052,0.026903867236177645,34951.45
197454,MCNICHOLS,2023-04-13,0.79,0.79,0,2026-04-08T04:02:44.360634+00:00,0.0,0.0,0.0,0.0,0.79,0.79,0.7128,0.0,3.0525511783485757,81.7573851749194,0.019108171817349695,-0.0062365563350623605,0.025344728152412056,33638.15
197568,MCNICHOLS,2023-04-14,0.79,0.79,5000,2026-04-08T04:02:47.093001+00:00,0.0,0.0,0.0,0.0,0.79,0.79,0.7164,0.0,3.0525511783485757,81.75738517491942,0.01781861475419555,-0.006020890718573205,0.023839505472768755,33888.15
197682,MCNICHOLS,2023-04-17,0.79,0.79,700,2026-04-08T04:02:52.113012+00:00,0.0,0.0,0.0,0.0,0.79,0.79,0.72,0.0,3.0525511783485757,81.75738517491942,0.016605216887004226,-0.005787430868611627,0.022392647755615853,33923.15
197796,MCNICHOLS,2023-04-18,0.79,0.79,0,2026-04-08T04:02:54.97501+00:00,0.0,0.0,0.0,0.0,0.79,0.79,0.7236,0.0,3.0525511783485757,81.75738517491942,0.015465315801461044,-0.005541865563323849,0.021007181364784893,33324.15
197910,MCNICHOLS,2023-04-19,0.79,0.79,2620,2026-04-08T04:02:57.648371+00:00,0.0,0.0,0.0,0.0,0.79,0.79,0.7268000000000001,0.0,3.02813982955816,81.75738517491942,0.01439598799026387,-0.005288954699616818,0.019684942689880688,33455.15
198024,MCNICHOLS,2023-04-20,0.79,0.79,1000,2026-04-08T04:03:00.087899+00:00,0.0,0.0,0.0,0.0,0.79,0.79,0.7302000000000001,0.0,3.0141269005285514,81.7573851749194,0.013394138702399805,-0.005032643189984705,0.01842678189238451,32772.65
198138,MCNICHOLS,2023-04-25,0.79,0.79,16050,2026-04-08T04:03:06.320111+00:00,0.0,0.0,0.0,0.0,0.79,0.79,0.7338000000000001,0.0,2.9993292545632846,81.75738517491942,0.012456574289373523,-0.00477616608240879,0.017232740371782313,23485.75
198252,MCNICHOLS,2023-04-26,0.79,0.79,10500,2026-04-08T04:03:08.704488+00:00,0.0,0.0,0.0,0.0,0.79,0.79,0.7374,0.0,2.9993292545632846,81.75738517491942,0.011580060013761884,-0.004522144286416344,0.016102204300178228,23510.75
198366,MCNICHOLS,2023-04-27,0.79,0.79,5400,2026-04-08T04:03:11.176222+00:00,0.0,0.0,0.0,0.0,0.79,0.79,0.7410000000000001,0.0,2.9993292545632846,81.75738517491942,0.010761365809065948,-0.004272670792889824,0.015034036601955772,23780.75
198480,MCNICHOLS,2023-04-28,0.79,0.79,19103,2026-04-08T04:03:13.757457+00:00,0.0,0.0,0.0,0.0,0.79,0.79,0.7445999999999999,0.0,2.9993292545632846,81.75738517491942,0.009997302078218029,-0.0040293876189901965,0.014026689697208225,24721.05
198594,MCNICHOLS,2023-05-03,0.79,0.79,4098,2026-04-08T04:03:20.258962+00:00,0.0,0.0,0.0,0.0,0.79,0.79,0.7482,0.0,2.9993292545632846,81.75738517491942,0.009284747279653782,-0.003793553934043556,0.013078301213697338,22329.45
198708,MCNICHOLS,2023-05-04,0.72,0.72,140087,2026-04-08T04:03:22.719511+00:00,-8.860759493670889,0.0,0.0,0.0,0.776,0.7865,0.7504,1.9813260560124726,3.2816551432852643,15.866428053780544,0.003036623180725506,-0.008033342426377467,0.011069965607102973,29322.8
198822,MCNICHOLS,2023-05-08,0.71,0.71,860291,2026-04-08T04:03:29.045349+00:00,-1.388888888888895,-8.860759493670889,0.0,0.0,0.76,0.7825000000000001,0.7524,1.989304381886348,3.2908384364020273,14.116169062294075,-0.0026909569330300087,-0.011008738032106386,0.008317781099076377,72262.35
198936,MCNICHOLS,2023-05-09,0.7,0.7,2835205,2026-04-08T04:03:32.620003+00:00,-1.4084507042253502,-1.388888888888895,0.0,0.0,0.742,0.778,0.7542,1.995128815531596,3.299966515619824,12.617267399958854,-0.00794543187192065,-0.013010570376797622,0.005065138504876972,199039.4
199050,MCNICHOLS,2023-05-12,0.75,0.75,60514,2026-04-08T04:03:37.286216+00:00,7.14285714285714,-1.4084507042253502,0.0,0.0,0.734,0.776,0.757,2.640044280023843,3.4372231176939616,44.404402138643576,-0.007983035520659265,-0.01043853922042899,0.0024555036997697243,202049.7
199164,MCNICHOLS,2023-05-15,0.75,0.75,4388,2026-04-08T04:03:41.825544+00:00,0.0,7.14285714285714,0.0,0.0,0.726,0.774,0.7598,2.640044280023843,3.4372231176939616,44.40440213864357,-0.007921522305048057,-0.008301620803854225,0.00038009849880616797,202251.8
199278,MCNICHOLS,2023-05-16,0.75,0.75,6005,2026-04-08T04:03:44.244464+00:00,0.0,0.0,-8.860759493670889,0.0,0.732,0.772,0.7626000000000001,2.640044280023843,3.4372231176939616,44.404402138643576,-0.007783054431790948,-0.0065305223444776924,-0.0012525320873132554,202552.05
199392,MCNICHOLS,2023-05-17,0.75,0.75,17200,2026-04-08T04:03:46.492518+00:00,0.0,0.0,-1.388888888888895,0.0,0.74,0.77,0.7654000000000001,2.640044280023843,3.4372231176939616,44.404402138643576,-0.007585872429304086,-0.005066672273592664,-0.0025192001557114217,203363.05
199506,MCNICHOLS,2023-05-18,0.68,0.68,201500,2026-04-08T04:03:48.752249+00:00,-9.333333333333327,0.0,-1.4084507042253502,0.0,0.736,0.7645,0.768,3.3322046751952477,3.407060127472017,26.352712593866293,-0.01292898200081094,-0.008327825476079614,-0.004601156524731326,209483.05
199620,MCNICHOLS,2023-05-19,0.68,0.68,260,2026-04-08T04:03:51.139215+00:00,0.0,-9.333333333333327,7.14285714285714,0.0,0.7220000000000001,0.759,0.7696000000000001,3.3322046751952477,3.172730743289808,26.352712593866297,-0.01696784013232422,-0.009893346886074315,-0.007074493246249904,209496.05
199734,MCNICHOLS,2023-05-22,0.68,0.68,19000,2026-04-08T04:03:55.484935+00:00,0.0,0.0,0.0,0.0,0.708,0.7535000000000001,0.77,3.3322046751952477,2.847235037271109,26.3527125938663,-0.019938821971745457,-0.010291462980396442,-0.009647358991349015,210446.05
199848,MCNICHOLS,2023-05-23,0.73,0.73,1414040,2026-04-08T04:03:57.886867+00:00,7.352941176470584,0.0,0.0,-8.860759493670889,0.704,0.7505,0.7714,3.787190353067866,3.026262212769964,45.9538941277382,-0.018050687265061205,-0.006722662618969751,-0.011328024646091454,280898.05
199962,MCNICHOLS,2023-05-24,0.66,0.66,2905185,2026-04-08T04:04:00.334047+00:00,-9.589041095890405,7.352941176470584,0.0,-1.388888888888895,0.686,0.744,0.7702000000000001,4.314217243664695,3.064892599494949,32.7944279078202,-0.021949719192701056,-0.00849735563728768,-0.013452363555413375,426122.3
200076,MCNICHOLS,2023-05-25,0.68,0.68,2864975,2026-04-08T04:04:02.79018+00:00,3.0303030303030276,-9.589041095890405,-9.333333333333327,-1.4084507042253502,0.686,0.7384999999999999,0.7694,4.396378184709647,3.0972504390349505,38.236502316203605,-0.023158935441504935,-0.007765257508873247,-0.015393677932631689,569371.05
200190,MCNICHOLS,2023-05-26,0.73,0.73,1857727,2026-04-08T04:04:05.139052+00:00,7.352941176470584,3.0303030303030276,0.0,7.14285714285714,0.696,0.7355,0.7681999999999999,4.747275903237589,2.95949227232537,49.29162525096039,-0.01985380360861333,-0.00356810054078531,-0.01628570306782802,662126.4
200304,MCNICHOLS,2023-05-30,0.7,0.7,745000,2026-04-08T04:04:11.011702+00:00,-4.109589041095896,7.352941176470584,0.0,0.0,0.7,0.7310000000000001,0.7664,4.822628534636081,3.0128461596362146,44.181747425824,-0.019431221077332417,-0.002516414407603515,-0.016914806669728902,699326.4
200418,MCNICHOLS,2023-06-01,0.69,0.69,812553,2026-04-08T04:04:14.390605+00:00,-1.4285714285714346,-4.109589041095896,7.352941176470584,0.0,0.692,0.7260000000000001,0.7644,4.825559007152478,3.0177171645779888,42.596578593656375,-0.019676420278438966,-0.0022092908869680503,-0.017467129391470916,739151.55
200532,MCNICHOLS,2023-06-02,0.69,0.69,207150,2026-04-08T04:04:16.732653+00:00,0.0,-1.4285714285714346,-9.589041095890405,0.0,0.698,0.721,0.7624000000000001,4.825559007152478,3.0177171645779888,42.59657859365638,-0.019644295204907736,-0.0017417326507494536,-0.017902562554158282,748984.05
200646,MCNICHOLS,2023-06-05,0.69,0.69,36,2026-04-08T04:04:21.343031+00:00,0.0,0.0,3.0303030303030276,-9.333333333333327,0.7,0.716,0.7604000000000001,4.825559007152478,3.0177171645779888,42.59657859365638,-0.019395259375731944,-0.0011941574572589264,-0.018201101918473017,748715.85
200760,MCNICHOLS,2023-06-06,0.69,0.69,440100,2026-04-08T04:04:23.98223+00:00,0.0,0.0,7.352941176470584,0.0,0.692,0.7110000000000001,0.7584000000000001,4.825559007152478,3.0177171645779888,42.59657859365637,-0.01897911723748047,-0.0006224122552059633,-0.018356704982274506,769765.7
200874,MCNICHOLS,2023-06-07,0.72,0.72,220200,2026-04-08T04:04:26.507718+00:00,4.347826086956519,0.0,-4.109589041095896,0.0,0.696,0.7074999999999999,0.7569999999999999,4.948575371242366,3.0861919563846105,49.85614004805357,-0.0160436313201896,0.0018504589296679252,-0.017894090249857525,780570.8
200988,MCNICHOLS,2023-06-08,0.73,0.73,2312533,2026-04-08T04:04:29.08401+00:00,1.388888888888884,4.347826086956519,-1.4285714285714346,7.352941176470584,0.704,0.708,0.7558,4.533539177563748,3.0936992147760787,52.033710240039504,-0.012763194988178905,0.0041047162093428985,-0.016867911197521804,889193.1
201102,MCNICHOLS,2023-06-09,0.72,0.72,583681,2026-04-08T04:04:31.44664+00:00,-1.3698630136986356,1.388888888888884,0.0,-9.589041095890405,0.71,0.7085,0.7544,4.5331973007366875,3.098766158170164,49.70897298733584,-0.010845323845000476,0.004818069882017061,-0.015663393727017538,875362.6
201216,MCNICHOLS,2023-06-13,0.75,0.75,1511419,2026-04-08T04:04:36.862505+00:00,4.166666666666674,-1.3698630136986356,0.0,3.0303030303030276,0.722,0.7110000000000001,0.7536,4.601992087427133,3.1579978768517463,56.05247957975679,-0.006825962421199594,0.007069945044654356,-0.01389590746585395,809173.3
201330,MCNICHOLS,2023-06-14,0.75,0.75,55432,2026-04-08T04:04:39.320552+00:00,0.0,4.166666666666674,0.0,7.352941176470584,0.734,0.7110000000000001,0.7528,4.323809043079205,3.1579978768517463,56.0524795797568,-0.0035991013350741285,0.008237444904623858,-0.011836546239697987,808919.2
201444,MCNICHOLS,2023-06-15,0.68,0.68,574858,2026-04-08T04:04:41.673534+00:00,-9.333333333333327,0.0,4.347826086956519,-4.109589041095896,0.726,0.7075,0.7506,4.810379575644446,3.419730269285017,41.78847265060312,-0.006613964001670136,0.004178065790422281,-0.010792029792092418,837442.7
201558,MCNICHOLS,2023-06-16,0.65,0.65,817355,2026-04-08T04:04:44.052846+00:00,-4.4117647058823595,-9.333333333333327,1.388888888888884,-1.4285714285714346,0.71,0.7025,0.7478,4.8926705751834545,3.469937933910702,37.396265229512714,-0.011293825475479968,-0.0004014365467100399,-0.010892388928769928,878010.2
201672,MCNICHOLS,2023-06-19,0.65,0.65,91196,2026-04-08T04:04:48.541112+00:00,0.0,-4.4117647058823595,-1.3698630136986356,0.0,0.6960000000000001,0.6975,0.745,4.8926705751834545,3.469937933910702,37.39626522951272,-0.014831679046408142,-0.003151432094110571,-0.01168024695229757,881710.0
201786,MCNICHOLS,2023-06-20,0.65,0.65,9990,2026-04-08T04:04:51.378552+00:00,0.0,0.0,4.166666666666674,0.0,0.676,0.696,0.7422,4.439652757002076,3.469937933910702,37.39626522951273,-0.017434479661278868,-0.004603386167185038,-0.01283109349409383,872134.5
201900,MCNICHOLS,2023-06-21,0.7,0.7,1061352,2026-04-08T04:04:53.764277+00:00,7.692307692307687,0.0,0.0,0.0,0.666,0.6970000000000001,0.7404,4.772259918218308,3.650644501119444,48.634554406488625,-0.015286423394738402,-0.0019642639205156576,-0.013322159474222744,925189.1
202014,MCNICHOLS,2023-06-22,0.74,0.74,632028,2026-04-08T04:04:56.145117+00:00,5.714285714285716,7.692307692307687,-9.333333333333327,4.347826086956519,0.678,0.7,0.7394,4.924839463388575,3.7444791585537036,55.51461117003164,-0.010238385882266665,0.002467018873564864,-0.01270540475583153,955840.5
202128,MCNICHOLS,2023-06-26,0.67,0.67,257289,2026-04-08T04:05:01.671465+00:00,-9.459459459459453,5.714285714285716,-4.4117647058823595,1.388888888888884,0.682,0.6970000000000001,0.737,5.1312957920150275,3.973316169582241,44.32546404428529,-0.011750739559022172,0.0007637321574474869,-0.012514471716469659,898002.95
202242,MCNICHOLS,2023-06-30,0.67,0.67,1447967,2026-04-08T04:05:07.377697+00:00,0.0,-9.459459459459453,0.0,-1.3698630136986356,0.6859999999999999,0.6975,0.7346,4.64241328553426,3.973316169582241,44.32546404428528,-0.012801720478884504,-0.00022979900993187578,-0.012571921468952628,825142.05
202356,MCNICHOLS,2023-07-03,0.67,0.67,323296,2026-04-08T04:05:11.758079+00:00,0.0,0.0,0.0,4.166666666666674,0.6900000000000001,0.6970000000000001,0.7322,4.593652312435413,3.973316169582241,44.32546404428529,-0.01347925002602579,-0.0007258628456585283,-0.012753387180367263,698058.1
202470,MCNICHOLS,2023-07-04,0.67,0.67,14771,2026-04-08T04:05:14.17436+00:00,0.0,0.0,7.692307692307687,0.0,0.684,0.6940000000000001,0.7298,4.258532097657211,3.973316169582241,44.32546404428529,-0.013856468331894023,-0.0008824649212214077,-0.012974003410672615,605910.3
202584,MCNICHOLS,2023-07-05,0.68,0.68,558585,2026-04-08T04:05:16.577423+00:00,1.4925373134328401,0.0,5.714285714285716,-9.333333333333327,0.672,0.693,0.7276,4.181081937961964,3.9808327806210935,46.40126135512353,-0.013196380470886115,-0.00017790164817079943,-0.013018478822715316,596589.55
202698,MCNICHOLS,2023-07-06,0.69,0.69,208100,2026-04-08T04:05:19.075393+00:00,1.4705882352941124,1.4925373134328401,-9.459459459459453,-4.4117647058823595,0.6759999999999999,0.693,0.7256,4.181394079777765,3.9879194211504996,48.4703093169398,-0.011731110716867055,0.0010298944846786097,-0.012761005201545664,566366.9
202812,MCNICHOLS,2023-07-07,0.69,0.69,245126,2026-04-08T04:05:21.415756+00:00,0.0,1.4705882352941124,0.0,0.0,0.68,0.693,0.7236,4.181394079777765,3.9879194211504996,48.4703093169398,-0.010449419476916244,0.001849268579703538,-0.012298688056619782,568265.7
202926,MCNICHOLS,2023-07-10,0.75,0.75,4582298,2026-04-08T04:05:26.355595+00:00,8.69565217391306,0.0,0.0,0.0,0.6960000000000001,0.696,0.7228,4.602937322103281,4.181329300969652,59.38126911556063,-0.004539838938756313,0.0062070792942907765,-0.01074691823304709,797378.8
203040,MCNICHOLS,2023-07-11,0.68,0.68,4088963,2026-04-08T04:05:28.903538+00:00,-9.333333333333327,8.69565217391306,0.0,7.692307692307687,0.698,0.6955,0.7206,5.104232197345671,4.383981851613074,46.90338200732222,-0.005442135224371647,0.004243826406940354,-0.009685961631312,979821.95
203154,MCNICHOLS,2023-07-12,0.68,0.68,150379,2026-04-08T04:05:31.299012+00:00,0.0,-9.333333333333327,1.4925373134328401,5.714285714285716,0.698,0.6935,0.7184,5.003278255716208,4.383981851613074,46.903382007322215,-0.0060870438786357894,0.002879134202140969,-0.008966178080776759,976330.9
203268,MCNICHOLS,2023-07-14,0.63,0.63,1027457,2026-04-08T04:05:34.698751+00:00,-7.352941176470596,0.0,1.4705882352941124,-9.459459459459453,0.6859999999999999,0.6885,0.7152,5.236840832949069,4.498834933687484,39.94926898691014,-0.010511550159000738,-0.0012362976625791833,-0.009275252496421554,912077.1
203382,MCNICHOLS,2023-07-17,0.68,0.68,1098402,2026-04-08T04:05:39.139368+00:00,7.936507936507953,-7.352941176470596,0.0,0.0,0.684,0.6865,0.7130000000000001,5.567958415594889,4.6489635307164585,48.21737983932434,-0.009869649949497572,-0.0004755179624608141,-0.009394131987036758,937813.15
203496,MCNICHOLS,2023-07-19,0.68,0.68,200,2026-04-08T04:05:42.577032+00:00,0.0,7.936507936507953,8.69565217391306,0.0,0.67,0.683,0.7108000000000001,5.475676381306002,4.6489635307164585,48.217379839324344,-0.00925426203664459,0.00011189596031373553,-0.009366157996958325,862252.2
203610,MCNICHOLS,2023-07-20,0.65,0.65,1312162,2026-04-08T04:05:45.122849+00:00,-4.4117647058823595,0.0,-9.333333333333327,0.0,0.664,0.6779999999999999,0.708,5.549437360322859,4.686958432841321,44.00160748234832,-0.011059821227011768,-0.0013549305840427541,-0.009704890642969014,925088.7
203724,MCNICHOLS,2023-07-21,0.7,0.7,680000,2026-04-08T04:05:47.594805+00:00,7.692307692307687,-4.4117647058823595,0.0,1.4925373134328401,0.6679999999999999,0.679,0.7061999999999999,5.438342943319342,4.820681075546283,51.597438936174484,-0.008359791290951657,0.0010760794816138848,-0.009435870772565542,930345.8
203838,MCNICHOLS,2023-07-24,0.7,0.7,2500,2026-04-08T04:05:52.167161+00:00,0.0,7.692307692307687,-7.352941176470596,1.4705882352941124,0.682,0.6815,0.7044,5.3260697107566015,4.820681075546283,51.59743893617449,-0.006149114944568823,0.002629404662397375,-0.008778519606966198,889603.05
203952,MCNICHOLS,2023-07-25,0.75,0.75,509190,2026-04-08T04:05:54.602351+00:00,7.14285714285714,0.0,7.936507936507953,0.0,0.696,0.6865,0.7036,5.526025739412088,4.929116892204013,58.17683487516091,-0.0003584241894876161,0.006736076333982865,-0.0070945005234704815,910502.75
204066,MCNICHOLS,2023-07-26,0.75,0.75,23354,2026-04-08T04:05:57.515236+00:00,0.0,7.14285714285714,0.0,8.69565217391306,0.71,0.6915,0.7028,5.526025739412088,4.929116892204013,58.176834875160914,0.00418252639286365,0.009021621533067306,-0.004839095140203655,911170.95
204180,MCNICHOLS,2023-07-27,0.75,0.75,1300,2026-04-08T04:05:59.880161+00:00,0.0,0.0,-4.4117647058823595,-9.333333333333327,0.73,0.694,0.7020000000000001,5.288338856346949,4.929116892204013,58.17683487516091,0.00769258708965892,0.01002534578389006,-0.0023327586942311403,858168.35
204294,MCNICHOLS,2023-07-28,0.75,0.75,88462,2026-04-08T04:06:02.220136+00:00,0.0,0.0,7.692307692307687,0.0,0.74,0.6945,0.7012,5.142990817830067,4.929116892204013,58.17683487516091,0.010354969833989536,0.01015018282257654,0.0002047870114129948,830990.05
204408,MCNICHOLS,2023-07-31,0.75,0.75,106430,2026-04-08T04:06:06.790851+00:00,0.0,0.0,0.0,-7.352941176470596,0.75,0.6984999999999999,0.7018000000000001,4.616547419724896,4.759815963890577,58.17683487516091,0.012322876886282863,0.009694471899895894,0.0026284049863869686,823447.1
204522,MCNICHOLS,2023-08-02,0.75,0.75,5000,2026-04-08T04:06:10.326378+00:00,0.0,0.0,7.14285714285714,7.936507936507953,0.75,0.7024999999999999,0.7026,4.616547419724896,4.754440834284366,58.176834875160914,0.013724252760458189,0.008876678219256976,0.004847574541201213,751298.75
204636,MCNICHOLS,2023-08-03,0.68,0.68,200138,2026-04-08T04:06:12.834218+00:00,-9.333333333333327,0.0,0.0,0.0,0.736,0.703,0.7021999999999999,5.13059364015926,4.938424226738302,44.85971457850719,0.00908174949651619,0.0033873399642519817,0.005694409532264208,745140.85
204750,MCNICHOLS,2023-08-04,0.68,0.68,450989,2026-04-08T04:06:15.200886+00:00,0.0,-9.333333333333327,0.0,-4.4117647058823595,0.7220000000000001,0.7035,0.7008,5.13059364015926,4.831600358452442,44.859714578507194,0.0053409648937523535,-0.0002827557108094833,0.005623720604561837,766951.75
204864,MCNICHOLS,2023-08-07,0.63,0.63,273454,2026-04-08T04:06:19.871718+00:00,-7.352941176470596,0.0,0.0,7.692307692307687,0.6980000000000001,0.701,0.6984,5.388096815299366,4.939810626060096,37.7090396346347,-0.0016393189391110674,-0.005810431634938324,0.004171112695827256,752695.2
204978,MCNICHOLS,2023-08-08,0.64,0.64,792647,2026-04-08T04:06:22.245918+00:00,1.5873015873015817,-7.352941176470596,0.0,0.0,0.6759999999999999,0.6985,0.6962,5.390112477910267,4.946394330202657,39.77665652956036,-0.006291799788914476,-0.008370329987793386,0.00207853019887891,781922.55
205092,MCNICHOLS,2023-08-09,0.64,0.64,1510521,2026-04-08T04:06:24.635943+00:00,0.0,1.5873015873015817,0.0,7.14285714285714,0.654,0.6960000000000001,0.6940000000000001,5.390112477910267,4.946394330202657,39.77665652956036,-0.009865204445724363,-0.009554987715682618,-0.00031021673004174416,845192.3
205206,MCNICHOLS,2023-08-10,0.64,0.64,84250,2026-04-08T04:06:27.035398+00:00,0.0,0.0,-9.333333333333327,0.0,0.646,0.6905,0.6931999999999999,4.965698559157528,4.767369302159997,39.77665652956036,-0.012552456476607077,-0.009793791797252266,-0.0027586646793548108,620289.9
205320,MCNICHOLS,2023-08-11,0.64,0.64,116000,2026-04-08T04:06:29.455701+00:00,0.0,0.0,0.0,0.0,0.638,0.6885,0.6923999999999999,4.528092031700134,4.767369302159997,39.77665652956036,-0.014514805429844513,-0.009404912600391762,-0.005109892829452752,421641.75
205434,MCNICHOLS,2023-08-14,0.64,0.64,127370,2026-04-08T04:06:33.923569+00:00,0.0,0.0,-7.352941176470596,0.0,0.64,0.6865,0.6916,4.528092031700134,4.767369302159997,39.77665652956037,-0.01588684742534574,-0.008621563676714392,-0.00726528374863135,420491.3
205548,MCNICHOLS,2023-08-15,0.64,0.64,93012,2026-04-08T04:06:36.358161+00:00,0.0,0.0,1.5873015873015817,0.0,0.64,0.687,0.6898000000000001,4.204061496915407,4.647561374539074,39.77665652956036,-0.01678076240842674,-0.007612382927836312,-0.00916837948059043,373769.05
205662,MCNICHOLS,2023-08-16,0.64,0.64,25010,2026-04-08T04:06:38.679915+00:00,0.0,0.0,0.0,0.0,0.64,0.6849999999999999,0.6894,3.785422217666315,4.443718301026777,39.77665652956036,-0.017289889390516677,-0.006497207927940998,-0.01079268146257568,320099.45
205776,MCNICHOLS,2023-08-17,0.64,0.64,603900,2026-04-08T04:06:40.998805+00:00,0.0,0.0,0.0,-9.333333333333327,0.64,0.683,0.6886,3.785422217666315,4.422665373973171,39.77665652956036,-0.017491742275168143,-0.005359248650073971,-0.012132493625094172,350284.45
205890,MCNICHOLS,2023-08-18,0.64,0.64,39000,2026-04-08T04:06:43.468275+00:00,0.0,0.0,0.0,0.0,0.64,0.6825,0.6868000000000001,3.655456681425958,4.292693624235926,39.776656529560356,-0.017450553027813398,-0.004254447522175381,-0.013196105505638017,286626.35
206004,MCNICHOLS,2023-08-21,0.64,0.64,4620,2026-04-08T04:06:47.688711+00:00,0.0,0.0,0.0,-7.352941176470596,0.64,0.6795,0.6856,3.1751651480721366,4.254927138598701,39.77665652956036,-0.0172194155487998,-0.0032186480345294255,-0.014000767514270374,252857.35
206118,MCNICHOLS,2023-08-24,0.64,0.64,41670,2026-04-08T04:06:51.989424+00:00,0.0,0.0,0.0,1.5873015873015817,0.64,0.6765000000000001,0.6846000000000001,3.1751651480721366,4.250543886424286,39.77665652956036,-0.016842092275512144,-0.002273059808993415,-0.014569032466518729,254815.85
206232,MCNICHOLS,2023-08-25,0.64,0.64,191750,2026-04-08T04:06:54.38475+00:00,0.0,0.0,0.0,0.0,0.64,0.671,0.6836,2.638754014373519,4.250543886424286,39.77665652956035,-0.016354535952844973,-0.0014284027890609941,-0.014926133163783979,238943.85
206346,MCNICHOLS,2023-08-28,0.62,0.62,930765,2026-04-08T04:06:59.310949+00:00,-3.125,0.0,0.0,0.0,0.6359999999999999,0.6645000000000001,0.6822,2.6838341282457208,4.272552360057308,34.24463585882828,-0.01738161249830128,-0.00196438346761384,-0.01541722903068744,284314.4
206460,MCNICHOLS,2023-08-29,0.57,0.57,2707681,2026-04-08T04:07:01.613742+00:00,-8.064516129032262,-3.125,0.0,0.0,0.6220000000000001,0.6555000000000001,0.6798000000000001,3.1114744681208157,4.417567811395041,24.91536871053017,-0.02197682503393461,-0.0052476768025977345,-0.016729148231336876,419633.45
206574,MCNICHOLS,2023-08-30,0.57,0.57,416206,2026-04-08T04:07:03.820209+00:00,0.0,-8.064516129032262,0.0,0.0,0.608,0.6465,0.6768000000000001,3.1114744681208157,4.367027581668179,24.915368710530167,-0.025326614626992705,-0.0068779731165246605,-0.018448641510468045,436020.65
206688,MCNICHOLS,2023-09-01,0.57,0.57,968221,2026-04-08T04:07:07.195585+00:00,0.0,0.0,0.0,0.0,0.594,0.6375,0.6736,3.1114744681208157,4.360014036437085,24.915368710530167,-0.027662471263981248,-0.007371063802810562,-0.020291407461170686,479110.2
206802,MCNICHOLS,2023-09-04,0.59,0.59,1595399,2026-04-08T04:07:11.730996+00:00,3.5087719298245723,0.0,0.0,0.0,0.584,0.6295,0.6709999999999999,3.283644730674868,4.392316795775599,33.91039021781567,-0.02758187493952524,-0.005832373982683645,-0.021749500956841597,558630.15
206916,MCNICHOLS,2023-09-05,0.6,0.6,2866966,2026-04-08T04:07:14.175893+00:00,1.6949152542372836,3.5087719298245723,-3.125,0.0,0.5799999999999998,0.6255000000000001,0.6679999999999999,2.711250276826425,4.354749947220785,37.9152799973659,-0.026406685512221806,-0.0037257476443041636,-0.022680937867917642,691971.55
207030,MCNICHOLS,2023-09-06,0.64,0.64,1228952,2026-04-08T04:07:16.66229+00:00,6.666666666666665,1.6949152542372836,-8.064516129032262,0.0,0.594,0.6234999999999999,0.6658,3.159973499110655,4.4663461717634805,50.76693195450874,-0.02199413897502145,0.000549439114316954,-0.022543578089338403,730869.7
207144,MCNICHOLS,2023-09-07,0.66,0.66,547590,2026-04-08T04:07:19.134101+00:00,3.125,6.666666666666665,0.0,0.0,0.612,0.625,0.6654000000000001,2.7650217641017827,4.29151553840545,55.70424869109143,-0.016690928565818663,0.004682119618815792,-0.021373048184634456,744576.5
207258,MCNICHOLS,2023-09-08,0.71,0.71,691908,2026-04-08T04:07:21.445908+00:00,7.575757575757569,3.125,0.0,0.0,0.64,0.6285000000000001,0.6666000000000001,3.2045313335414836,4.37230979116511,65.12137056980598,-0.00835717763478161,0.010412696439882276,-0.018769874074663885,739539.55
207372,MCNICHOLS,2023-09-11,0.76,0.76,672216,2026-04-08T04:07:26.133096+00:00,7.042253521126773,7.575757575757569,3.5087719298245723,0.0,0.674,0.6345,0.6688000000000001,3.5109592350420336,4.47559981534135,71.61916504413536,0.002255956885373167,0.016820664768029642,-0.014564707882656475,697624.3
207486,MCNICHOLS,2023-09-12,0.75,0.75,315558,2026-04-08T04:07:28.57479+00:00,-1.3157894736842146,7.042253521126773,1.6949152542372836,-3.125,0.704,0.64,0.6708,3.541325857333372,4.481936103972025,68.85626789478076,0.009747661060589885,0.01944989515459709,-0.009702234094007205,709189.7
207600,MCNICHOLS,2023-09-13,0.75,0.75,701200,2026-04-08T04:07:30.890589+00:00,0.0,-1.3157894736842146,6.666666666666665,-8.064516129032262,0.726,0.6455,0.6718000000000001,3.541325857333372,4.356275662560333,68.85626789478077,0.01550614540230566,0.020166703597050292,-0.004660558194744632,738449.7
207714,MCNICHOLS,2023-09-14,0.75,0.75,39280,2026-04-08T04:07:33.324455+00:00,0.0,0.0,3.125,0.0,0.744,0.651,0.672,3.541325857333372,4.283866769985569,68.85626789478077,0.01984107022385162,0.019601302734877,0.00023976748897461785,734045.2
207828,MCNICHOLS,2023-09-15,0.75,0.75,32000,2026-04-08T04:07:35.74244+00:00,0.0,0.0,7.575757575757569,0.0,0.752,0.6565000000000001,0.6736,3.541325857333372,4.0550486894695865,68.85626789478076,0.023011269782340804,0.01821720183469295,0.004794067947647856,730994.6
207942,MCNICHOLS,2023-09-18,0.75,0.75,10000,2026-04-08T04:07:40.292184+00:00,0.0,0.0,7.042253521126773,3.5087719298245723,0.75,0.662,0.6751999999999999,3.541325857333372,4.0550486894695865,68.85626789478076,0.025232807672526558,0.01635099177990296,0.008881815892623598,730244.1
208056,MCNICHOLS,2023-09-19,0.75,0.75,192560,2026-04-08T04:07:42.606346+00:00,0.0,0.0,-1.3157894736842146,1.6949152542372836,0.75,0.6675,0.6768000000000001,3.541325857333372,4.0550486894695865,68.85626789478076,0.02668577544777151,0.01424316764411833,0.01244260780365318,709677.1
208170,MCNICHOLS,2023-09-20,0.7,0.7,244890,2026-04-08T04:07:45.004042+00:00,-6.666666666666677,0.0,0.0,6.666666666666665,0.74,0.6705,0.6774,3.9196292980423064,4.173224162060916,52.929959220840566,0.023531425124128535,0.008871053856380283,0.014660371267748253,719971.6
208284,MCNICHOLS,2023-09-21,0.7,0.7,264650,2026-04-08T04:07:47.370085+00:00,0.0,-6.666666666666677,0.0,3.125,0.73,0.6735,0.6778,3.9196292980423064,4.168932410712269,52.92995922084056,0.020791903644076237,0.004905225901062387,0.01588667774301385,732973.1
208398,MCNICHOLS,2023-09-22,0.65,0.65,250250,2026-04-08T04:07:49.898567+00:00,-7.142857142857128,0.0,0.0,7.575757575757569,0.71,0.6739999999999999,0.677,4.278673603065187,4.289209042196391,41.73461548722657,0.01442000614666672,-0.0011733372770777063,0.015593343423744426,743402.1
208512,MCNICHOLS,2023-09-25,0.65,0.65,327367,2026-04-08T04:07:54.305125+00:00,0.0,-7.142857142857128,0.0,7.042253521126773,0.6900000000000001,0.6745,0.6761999999999999,4.278673603065187,4.289209042196391,41.73461548722658,0.009263448208278402,-0.005063916172372821,0.014327364380651223,750182.95
208626,MCNICHOLS,2023-09-28,0.65,0.65,200880,2026-04-08T04:07:58.898315+00:00,0.0,0.0,0.0,-1.3157894736842146,0.67,0.6759999999999999,0.6742,4.208695319935957,4.100383133492992,41.73461548722657,0.0051178435761134455,-0.0073676166436302225,0.012485460219743668,713688.7
208740,MCNICHOLS,2023-09-29,0.6,0.6,1322000,2026-04-08T04:08:01.279649+00:00,-7.692307692307699,0.0,-6.666666666666677,0.0,0.65,0.6775,0.6725999999999999,4.170310921733568,4.031800406156579,33.013349807824824,-0.002177064253373162,-0.011730019578493464,0.009552955325120302,644404.65
208854,MCNICHOLS,2023-10-03,0.6,0.6,169907,2026-04-08T04:08:06.721549+00:00,0.0,-7.692307692307699,0.0,0.0,0.6300000000000001,0.679,0.6709999999999999,4.170310921733568,4.031800406156579,33.01334980782482,-0.00786763803142243,-0.013936474685234186,0.006068836653811756,632089.7
208968,MCNICHOLS,2023-10-04,0.65,0.65,1760608,2026-04-08T04:08:09.042741+00:00,8.333333333333348,0.0,-7.142857142857128,0.0,0.63,0.683,0.6714,4.534937315995438,4.071546959240638,46.08092239186484,-0.008247801099336649,-0.011453310202518725,0.0032055091031820753,671709.05
209082,MCNICHOLS,2023-10-05,0.6,0.6,359167,2026-04-08T04:08:11.600182+00:00,-7.692307692307699,8.333333333333348,0.0,0.0,0.6199999999999999,0.6835,0.6698000000000001,4.857336180478081,4.061006431124589,38.08078818458725,-0.012440261610103143,-0.012516616570628174,7.635496052503174e-05,609897.45
209197,MCNICHOLS,2023-10-06,0.6,0.6,1277756,2026-04-08T04:08:14.22861+00:00,0.0,-7.692307692307699,0.0,0.0,0.61,0.6835,0.6681999999999999,4.8445844335801285,4.061006431124589,38.08078818458725,-0.015583183530389122,-0.012527630792731323,-0.003055552737657799,530436.95
209312,MCNICHOLS,2023-10-09,0.6,0.6,228377,2026-04-08T04:08:18.740555+00:00,0.0,0.0,-7.692307692307699,-6.666666666666677,0.61,0.6815,0.6672,4.592625801505108,4.014594034265317,38.08078818458725,-0.01786800060718985,-0.01184995829562564,-0.00601804231156421,480408.2
209427,MCNICHOLS,2023-10-10,0.66,0.66,207070,2026-04-08T04:08:21.390436+00:00,10.000000000000009,0.0,0.0,0.0,0.6220000000000001,0.6815,0.6664,5.086986525044553,4.117716699663146,50.86566359292087,-0.01466815073166683,-0.006920086736082095,-0.007748063995584734,463382.2
209542,MCNICHOLS,2023-10-12,0.66,0.66,27419,2026-04-08T04:08:24.861957+00:00,0.0,10.000000000000009,8.333333333333348,-7.142857142857128,0.624,0.679,0.6656,4.775260012873837,4.117716699663146,50.86566359292086,-0.011993987430540143,-0.0033967387479643275,-0.008597248682575815,430157.75
209657,MCNICHOLS,2023-10-13,0.66,0.66,0,2026-04-08T04:08:27.376596+00:00,0.0,0.0,-7.692307692307699,0.0,0.636,0.674,0.6638,4.457815848009266,3.9854195677490747,50.86566359292087,-0.009762161625605614,-0.0009319303544238385,-0.008830231271181776,396546.95
209772,MCNICHOLS,2023-10-16,0.66,0.66,67000,2026-04-08T04:08:32.388707+00:00,0.0,0.0,0.0,0.0,0.648,0.6695,0.662,4.456542423762602,3.9854195677490747,50.86566359292087,-0.007902330449367945,0.0007423206574510652,-0.00864465110681901,384119.05
209887,MCNICHOLS,2023-10-17,0.68,0.68,116230,2026-04-08T04:08:34.738576+00:00,3.0303030303030276,0.0,0.0,-7.692307692307699,0.664,0.666,0.6606000000000001,4.526933376121219,4.011124593780536,55.02882101075986,-0.00475970111813484,0.0031079599909473368,-0.007867661109082177,354870.55
210002,MCNICHOLS,2023-10-19,0.62,0.62,130500,2026-04-08T04:08:38.671249+00:00,-8.823529411764708,3.0303030303030276,10.000000000000009,0.0,0.656,0.6595,0.6579999999999999,4.901246138847823,4.19574581712358,43.202438181528365,-0.007029610318813884,0.0006704406322146353,-0.007700050951028519,359431.55
210117,MCNICHOLS,2023-10-20,0.62,0.62,507112,2026-04-08T04:08:40.967521+00:00,0.0,-8.823529411764708,0.0,8.333333333333348,0.6479999999999999,0.653,0.6554000000000001,4.901246138847823,4.19574581712358,43.202438181528365,-0.008727919688932162,-0.0008222949903229134,-0.007905624698609249,383187.15
210232,MCNICHOLS,2023-10-23,0.56,0.56,1284550,2026-04-08T04:08:45.440193+00:00,-9.677419354838701,0.0,0.0,-7.692307692307699,0.628,0.6435,0.6516,5.277933598149527,4.400186105318583,34.58276490863824,-0.014745365267356036,-0.00547179245499743,-0.009273572812358606,446914.65
210347,MCNICHOLS,2023-10-24,0.56,0.56,101796,2026-04-08T04:08:47.71675+00:00,0.0,-9.677419354838701,0.0,0.0,0.608,0.634,0.6492,5.277933598149527,4.211130214868615,34.58276490863824,-0.019291849805809447,-0.00801462159476067,-0.011277228211048776,442376.45
210462,MCNICHOLS,2023-10-25,0.56,0.56,72526,2026-04-08T04:08:50.022319+00:00,0.0,0.0,3.0303030303030276,0.0,0.584,0.627,0.6468,5.130726390868356,4.211130214868615,34.58276490863825,-0.022634060201397688,-0.00908546559227913,-0.013548594609118558,433758.25
210577,MCNICHOLS,2023-10-26,0.61,0.61,1351035,2026-04-08T04:08:52.472279+00:00,8.92857142857142,0.0,-8.823529411764708,10.000000000000009,0.5820000000000001,0.6224999999999999,0.6464,5.588776227575495,4.283477801766765,45.831467211972814,-0.021006059113025,-0.005965971603125151,-0.015040087509899849,488077.5
210692,MCNICHOLS,2023-10-27,0.56,0.56,1841515,2026-04-08T04:08:54.778052+00:00,-8.196721311475397,8.92857142857142,0.0,0.0,0.5700000000000001,0.6180000000000001,0.6448,5.658867397629634,4.43160937306396,38.67045792140634,-0.023479778384379424,-0.006751752699583662,-0.016728025684795762,567640.75
210807,MCNICHOLS,2023-10-30,0.61,0.61,5415699,2026-04-08T04:08:59.45056+00:00,8.92857142857142,-8.196721311475397,-9.677419354838701,0.0,0.5800000000000001,0.616,0.6442,6.046717672838961,4.614698375522992,47.50376480328017,-0.02116169771795473,-0.003546937626527174,-0.017614760091427557,822057.35
210922,MCNICHOLS,2023-10-31,0.57,0.57,1401100,2026-04-08T04:09:01.914254+00:00,-6.557377049180335,8.92857142857142,0.0,0.0,0.5820000000000001,0.612,0.6428,6.214016135981863,4.7072034556685445,42.25984365073295,-0.02229526189419795,-0.0037444014422163135,-0.018550860451981635,882068.35
211037,MCNICHOLS,2023-11-01,0.57,0.57,88543,2026-04-08T04:09:04.386399+00:00,0.0,-6.557377049180335,0.0,3.0303030303030276,0.584,0.6105,0.6414,5.977066044698764,4.7072034556685445,42.25984365073295,-0.022929304916676885,-0.003502755571756201,-0.019426549344920684,820395.5
211152,MCNICHOLS,2023-11-02,0.56,0.56,488642,2026-04-08T04:09:06.696264+00:00,-1.754385964912264,0.0,8.92857142857142,-8.823529411764708,0.574,0.6085,0.6397999999999999,5.988594950577338,4.712807709660028,40.949204994351845,-0.02396248044805871,-0.003628744882510422,-0.020333735565548287,836332.25
211267,MCNICHOLS,2023-11-03,0.56,0.56,130000,2026-04-08T04:09:09.071615+00:00,0.0,-1.754385964912264,-8.196721311475397,0.0,0.574,0.604,0.6382,5.645606825757609,4.712807709660028,40.94920499435184,-0.02449887175671328,-0.003332108952931994,-0.021166762803781287,754801.85
211382,MCNICHOLS,2023-11-06,0.61,0.61,661719,2026-04-08T04:09:13.59419+00:00,8.92857142857142,0.0,8.92857142857142,-9.677419354838701,0.5740000000000001,0.6045,0.6376000000000001,5.76722207101843,4.884909444575714,49.95031038417718,-0.020651327947178166,0.000412347885282497,-0.021063675832460663,769929.45
211497,MCNICHOLS,2023-11-07,0.61,0.61,500,2026-04-08T04:09:15.923939+00:00,0.0,8.92857142857142,-6.557377049180335,0.0,0.5820000000000001,0.605,0.637,5.76722207101843,4.884909444575714,49.95031038417717,-0.01740152777791648,0.0029297184436353485,-0.02033124622155183,706066.65
211613,MCNICHOLS,2023-11-08,0.61,0.61,629270,2026-04-08T04:09:18.177895+00:00,0.0,0.0,0.0,0.0,0.5900000000000001,0.6054999999999999,0.6364,5.76722207101843,4.884909444575714,49.95031038417717,-0.014657080035299308,0.004539332949002019,-0.019196412984301327,726111.3
211729,MCNICHOLS,2023-11-09,0.61,0.61,460190,2026-04-08T04:09:20.462573+00:00,0.0,0.0,-1.754385964912264,8.92857142857142,0.6,0.603,0.6358,5.290322555762827,4.884909444575714,49.95031038417717,-0.012339839438829436,0.005485258836377512,-0.01782509827520695,738767.3
211845,MCNICHOLS,2023-11-10,0.61,0.61,6962,2026-04-08T04:09:22.644841+00:00,0.0,0.0,0.0,-8.196721311475397,0.61,0.6005,0.6352,5.290322555762827,4.884909444575714,49.95031038417717,-0.010383712596138572,0.005953108543254704,-0.016336821139393276,737744.45
211961,MCNICHOLS,2023-11-13,0.67,0.67,1679695,2026-04-08T04:09:27.404692+00:00,9.836065573770503,0.0,8.92857142857142,8.92857142857142,0.622,0.601,0.6358,5.7527192500215145,5.0782715832393,60.43367087143299,-0.003946476892079831,0.009912275397850756,-0.013858752289930587,821729.2
212077,MCNICHOLS,2023-11-14,0.67,0.67,164100,2026-04-08T04:09:29.775588+00:00,0.0,9.836065573770503,0.0,-6.557377049180335,0.634,0.6014999999999999,0.6368,5.7527192500215145,5.055470054193351,60.43367087143299,0.001141915490212142,0.012000534224114184,-0.010858618733902042,826584.2
212193,MCNICHOLS,2023-11-15,0.73,0.73,638000,2026-04-08T04:09:32.378304+00:00,8.955223880596996,0.0,0.0,0.0,0.658,0.604,0.64,6.049311084330971,5.055116783255331,68.1667073665115,0.009901859202945618,0.016608382349478125,-0.006706523146532509,852672.7
212309,MCNICHOLS,2023-11-16,0.75,0.75,693800,2026-04-08T04:09:34.916677+00:00,2.7397260273972712,8.955223880596996,0.0,-1.754385964912264,0.686,0.6105,0.6436,5.647708240540999,5.06309375224517,70.25369895195722,0.018247662861606284,0.019963348806511034,-0.0017156859449047506,880837.7
212425,MCNICHOLS,2023-11-17,0.75,0.75,613050,2026-04-08T04:09:37.378105+00:00,0.0,2.7397260273972712,0.0,0.0,0.7140000000000001,0.617,0.6472,5.647708240540999,5.06309375224517,70.2536989519572,0.024578447347889054,0.021035306634235043,0.003543140713654011,886134.6
212541,MCNICHOLS,2023-11-20,0.79,0.79,306710,2026-04-08T04:09:41.830835+00:00,5.3333333333333455,0.0,9.836065573770503,8.92857142857142,0.738,0.6285000000000001,0.6512,5.111089015583691,5.0904320933078,74.18008742661722,0.03244925060810622,0.023124887915561766,0.009324362692544452,837242.6
212657,MCNICHOLS,2023-11-21,0.86,0.86,1404948,2026-04-08T04:09:44.211025+00:00,8.860759493670889,5.3333333333333455,0.0,0.0,0.776,0.6435000000000001,0.6564,5.321349916631082,5.21794768639314,79.32358244398661,0.04383008791331222,0.027604580176614213,0.01622550773669801,902400.2
212773,MCNICHOLS,2023-11-22,0.9,0.9,2341302,2026-04-08T04:09:46.526636+00:00,4.651162790697683,8.860759493670889,8.955223880596996,0.0,0.8099999999999999,0.6605,0.6616,5.317170532220211,5.179782623620523,81.58148318288181,0.05543809334715377,0.031370068488364614,0.02406802485878916,1015839.0
212889,MCNICHOLS,2023-11-23,0.85,0.85,319300,2026-04-08T04:09:48.793806+00:00,-5.555555555555558,4.651162790697683,2.7397260273972712,0.0,0.8300000000000001,0.6725000000000001,0.6654000000000001,5.386123662809535,5.245829903538758,71.12582105254505,0.059912307366862594,0.02867542600645874,0.031236881360403854,964252.25
213006,MCNICHOLS,2023-11-27,0.83,0.83,314464,2026-04-08T04:09:54.316732+00:00,-2.352941176470591,-5.555555555555558,0.0,0.0,0.8460000000000001,0.6859999999999999,0.6678000000000001,4.956135223651659,5.165281489170562,67.40452947348594,0.06113954276843658,0.023922129126426182,0.0372174136420104,887899.7
213123,MCNICHOLS,2023-11-28,0.83,0.83,148188,2026-04-08T04:09:57.050116+00:00,0.0,-2.352941176470591,5.3333333333333455,9.836065573770503,0.8539999999999999,0.697,0.6692,4.7044695345866865,5.076914403879386,67.40452947348595,0.061404305060058006,0.019349513134438084,0.04205479192561992,624524.15
213240,MCNICHOLS,2023-11-29,0.83,0.83,23723,2026-04-08T04:09:59.54407+00:00,0.0,0.0,8.860759493670889,0.0,0.8480000000000001,0.71,0.6708,4.314386439272997,5.071765353515647,67.40452947348594,0.06091197574369234,0.015085747054457935,0.0458262286892344,555655.3
213357,MCNICHOLS,2023-11-30,0.83,0.83,226279,2026-04-08T04:10:01.973818+00:00,0.0,0.0,4.651162790697683,8.955223880596996,0.834,0.723,0.6724000000000001,4.314386439272997,5.071765353515647,67.40452947348594,0.05983209407709589,0.011204692310289185,0.0486274017668067,562542.1
213474,MCNICHOLS,2023-12-01,0.75,0.75,581805,2026-04-08T04:10:04.46052+00:00,-9.638554216867467,0.0,-5.555555555555558,2.7397260273972712,0.8140000000000001,0.7324999999999999,0.6724000000000001,4.982257554991837,5.264027316422349,52.59850314471495,0.05192241933458197,0.0026360140542202107,0.04928640528036176,567200.25
213591,MCNICHOLS,2023-12-04,0.68,0.68,5401386,2026-04-08T04:10:08.793495+00:00,-9.333333333333327,-9.638554216867467,-2.352941176470591,0.0,0.784,0.7384999999999999,0.671,5.54422923109015,5.431742339853492,43.578366453291274,0.03954962665216133,-0.00778942290256035,0.04733904955472168,830769.55
213708,MCNICHOLS,2023-12-05,0.73,0.73,9496999,2026-04-08T04:10:11.104733+00:00,7.352941176470584,-9.333333333333327,0.0,5.3333333333333455,0.764,0.7444999999999999,0.6706,5.4376202646373,5.5317714953555965,50.15385409478245,0.03339373920408639,-0.011156248280508235,0.04454998748459463,1272533.55
213825,MCNICHOLS,2023-12-06,0.69,0.69,2311857,2026-04-08T04:10:13.383432+00:00,-5.47945205479452,7.352941176470584,0.0,8.860759493670889,0.736,0.7484999999999999,0.6694,5.627628083717452,5.5877034775809085,45.5776162555134,0.024999311839308702,-0.01564054051622874,0.040639852355537444,1388101.4
213942,MCNICHOLS,2023-12-08,0.69,0.69,472750,2026-04-08T04:10:16.965057+00:00,0.0,-5.47945205479452,0.0,4.651162790697683,0.708,0.7525000000000001,0.6692,5.627628083717452,5.504633242711134,45.5776162555134,0.018137588840245744,-0.018001810812233364,0.03613939965247911,1380275.4
214059,MCNICHOLS,2023-12-11,0.69,0.69,119650,2026-04-08T04:10:21.350621+00:00,0.0,0.0,-9.638554216867467,-5.555555555555558,0.696,0.7565,0.6689999999999999,5.627628083717452,5.504633242711134,45.57761625551339,0.012554898868441411,-0.018867600627230162,0.03142249949567157,1363248.4
214176,MCNICHOLS,2023-12-12,0.69,0.69,444774,2026-04-08T04:10:23.843731+00:00,0.0,0.0,-9.333333333333327,-2.352941176470591,0.698,0.7605,0.6698,5.627628083717452,5.404077186546403,45.57761625551339,0.008037920698299117,-0.018707663037897965,0.026745583736197082,1385139.0
214293,MCNICHOLS,2023-12-13,0.69,0.69,233268,2026-04-08T04:10:26.19208+00:00,0.0,0.0,7.352941176470584,0.0,0.69,0.7615000000000001,0.6706,5.2076137722138895,5.404077186546403,45.57761625551339,0.0044073774516258934,-0.017870565027656955,0.022277942479282848,1312817.65
214410,MCNICHOLS,2023-12-14,0.69,0.69,79782,2026-04-08T04:10:28.64956+00:00,0.0,0.0,-5.47945205479452,0.0,0.69,0.7625,0.6714,5.2076137722138895,5.404077186546403,45.57761625551339,0.0015127082133306047,-0.016612187412761797,0.018124895626092402,1308601.75
214527,MCNICHOLS,2023-12-15,0.69,0.69,201160,2026-04-08T04:10:31.179138+00:00,0.0,0.0,0.0,0.0,0.69,0.7605,0.6731999999999999,4.79042328441454,5.281088844106141,45.57761625551339,-0.0007724338760840554,-0.015117863601741166,0.01434542972565711,1286759.75
214644,MCNICHOLS,2023-12-18,0.7,0.7,1355107,2026-04-08T04:10:35.879044+00:00,1.449275362318847,0.0,0.0,-9.638554216867467,0.692,0.7579999999999999,0.6751999999999999,4.757732795979556,5.282734061179885,47.58616780263657,-0.0017562639019664816,-0.012881354902098874,0.011125091000132393,1319825.1
214761,MCNICHOLS,2023-12-19,0.7,0.7,1025994,2026-04-08T04:10:38.280823+00:00,0.0,1.449275362318847,0.0,-9.333333333333327,0.694,0.7555,0.6762,4.757732795979556,5.158795605008293,47.58616780263657,-0.002507056498860405,-0.010905717999194238,0.008398661500333833,1340472.3
214878,MCNICHOLS,2023-12-20,0.7,0.7,94295,2026-04-08T04:10:40.523028+00:00,0.0,0.0,0.0,7.352941176470584,0.696,0.751,0.6781999999999999,4.575130013901244,5.029308688475567,47.586167802636574,-0.00306671387250812,-0.009172300298273563,0.006105586425765443,1329851.55
214995,MCNICHOLS,2023-12-21,0.66,0.66,477750,2026-04-08T04:10:42.873875+00:00,-5.714285714285705,0.0,0.0,-5.47945205479452,0.69,0.7409999999999999,0.6794,4.145899902160854,5.103712652833563,40.178043690541976,-0.006661126756448588,-0.010213370545771224,0.0035522437893226373,1283491.65
215112,MCNICHOLS,2023-12-28,0.78,0.78,1589568,2026-04-08T04:10:51.166125+00:00,18.181818181818187,-5.714285714285705,0.0,0.0,0.708,0.735,0.6829999999999999,5.892394642452742,5.694145940472084,60.197240174667535,0.0001712976422468815,-0.0027047569176606046,0.002876054559907486,1245904.95
215229,MCNICHOLS,2023-12-29,0.84,0.84,2243317,2026-04-08T04:10:53.57119+00:00,7.692307692307687,18.181818181818187,1.449275362318847,0.0,0.736,0.7344999999999999,0.6866,6.043308957380159,5.626021385859941,66.27439697803314,0.010308709377495617,0.005946123854070505,0.004362585523425113,1342105.8
215346,MCNICHOLS,2024-01-02,0.92,0.92,3490692,2026-04-08T04:10:59.157783+00:00,9.523809523809534,7.692307692307687,0.0,0.0,0.78,0.7390000000000001,0.6918000000000001,6.363800166299163,5.7635979474656525,72.33872713062534,0.024515414191408458,0.016122262934386677,0.008393151257021782,1500917.2
215463,MCNICHOLS,2024-01-03,0.98,0.98,2779833,2026-04-08T04:11:01.401293+00:00,6.521739130434767,9.523809523809534,0.0,0.0,0.8360000000000001,0.7464999999999999,0.6981999999999999,6.4917541772319325,5.818058082011317,75.8466246023759,0.04015297022291964,0.025407855172718284,0.014745115050201353,1632499.45
215580,MCNICHOLS,2024-01-04,0.98,0.98,928121,2026-04-08T04:11:03.846312+00:00,0.0,6.521739130434767,-5.714285714285705,0.0,0.9,0.754,0.7046000000000001,6.4917541772319325,5.818058082011317,75.84662460237588,0.051947032980110164,0.029761534343927046,0.022185498636183118,1677719.35
215697,MCNICHOLS,2024-01-05,1.02,1.02,1676412,2026-04-08T04:11:07.208124+00:00,4.081632653061229,0.0,18.181818181818187,0.0,0.9480000000000001,0.7635,0.7114,6.521829739878102,5.827597336542613,78.0034157152797,0.06378628975021539,0.03328063289122581,0.030505656858989573,1750226.0
215814,MCNICHOLS,2024-01-08,0.96,0.96,1785591,2026-04-08T04:11:11.742656+00:00,-5.882352941176472,4.081632653061229,7.692307692307687,1.449275362318847,0.9719999999999999,0.774,0.7182,6.24032474591336,5.740844035003538,68.1700971432479,0.06754882665271711,0.02963453583498203,0.03791429081773508,1810415.3
215931,MCNICHOLS,2024-01-09,0.99,0.99,1135163,2026-04-08T04:11:14.100458+00:00,3.125,-5.882352941176472,9.523809523809534,0.0,0.986,0.7895000000000001,0.7256,5.70969213071877,5.74633804008148,70.19336824512212,0.07212005839510194,0.027364614061893486,0.04475544433320845,1597104.15
216048,MCNICHOLS,2024-01-10,1.03,1.03,4259951,2026-04-08T04:11:16.512964+00:00,4.040404040404044,3.125,6.521739130434767,0.0,0.9960000000000001,0.8045,0.735,5.594424368205452,5.545282493260214,72.6863648617813,0.07807050994944797,0.026652052492991615,0.05141845745645636,1335251.75
216165,MCNICHOLS,2024-01-11,1.13,1.13,5276420,2026-04-08T04:11:18.918089+00:00,9.708737864077666,4.040404040404044,0.0,-5.714285714285705,1.0259999999999998,0.8264999999999999,0.7464,5.574089162578379,5.6649040336845875,77.70646534964445,0.08982006019915556,0.030721282194159358,0.0590987780049962,1483479.9
216282,MCNICHOLS,2024-01-12,1.23,1.23,2260014,2026-04-08T04:11:21.244944+00:00,8.849557522123908,9.708737864077666,4.081632653061229,18.181818181818187,1.068,0.8535,0.7598,5.703534647134234,5.752498781108968,81.38999436274206,0.10597916583412115,0.03750431026329995,0.0684748555708212,1572843.1
216399,MCNICHOLS,2024-01-15,1.35,1.35,5169709,2026-04-08T04:11:25.674113+00:00,9.756097560975618,8.849557522123908,-5.882352941176472,7.692307692307687,1.1460000000000001,0.8865000000000001,0.7746000000000001,5.841874518972379,5.774737402204163,84.66452044559193,0.12700434357280788,0.04682359040158934,0.08018075317121853,1825346.05
216516,MCNICHOLS,2024-01-16,1.48,1.48,819165,2026-04-08T04:11:28.037988+00:00,9.62962962962961,9.756097560975618,3.125,9.523809523809534,1.244,0.9259999999999999,0.7929999999999999,5.92862808308592,5.69717847820259,87.27642794648561,0.1524000885980148,0.057775468341437,0.0946246202565778,1844065.6
216633,MCNICHOLS,2024-01-18,1.77,1.77,4149017,2026-04-08T04:11:31.337167+00:00,19.594594594594604,9.62962962962961,4.040404040404044,6.521739130434767,1.392,0.9799999999999999,0.8162,6.782059446017602,6.139892664537131,90.97085072528098,0.1936941898160771,0.07925565564759945,0.11443853416847766,2039853.05
216750,MCNICHOLS,2024-01-19,1.8,1.8,3941797,2026-04-08T04:11:38.619168+00:00,1.6949152542372836,19.594594594594604,9.708737864077666,0.0,1.5260000000000002,1.0355,0.8408,6.726286432199333,6.0055367252479295,91.25377242173052,0.22623293931950395,0.08943552412082101,0.13679741519868294,2232953.8
216867,MCNICHOLS,2024-01-22,1.62,1.62,2145986,2026-04-08T04:11:42.948818+00:00,-9.999999999999998,1.6949152542372836,8.849557522123908,4.081632653061229,1.6039999999999999,1.082,0.8617999999999999,7.458194132157838,6.251817161563772,75.88876308473964,0.234789134066411,0.07839337509418243,0.15639575897222857,2330195.1
216984,MCNICHOLS,2024-01-23,1.62,1.62,660780,2026-04-08T04:11:45.304506+00:00,0.0,-9.999999999999998,9.756097560975618,-5.882352941176472,1.6580000000000001,1.1280000000000001,0.883,7.497484133033002,6.2335176217517265,75.88876308473962,0.23881704580183527,0.06593702946368535,0.17288001633814992,2295478.75
217101,MCNICHOLS,2024-01-24,1.46,1.46,661861,2026-04-08T04:11:47.647942+00:00,-9.876543209876553,0.0,9.62962962962961,3.125,1.654,1.166,0.9010000000000001,8.112318350884655,6.461219178250892,64.6643473422486,0.22648772256546557,0.04288616498185249,0.18360155758361307,2277272.1
217218,MCNICHOLS,2024-01-25,1.35,1.35,3946707,2026-04-08T04:11:50.11021+00:00,-7.534246575342463,-9.876543209876553,19.594594594594604,4.040404040404044,1.57,1.1985,0.9158,8.476852516643296,6.527010878876333,58.28203090774094,0.20547201094078282,0.01749636268573579,0.18797564825504703,2469892.7
217335,MCNICHOLS,2024-01-26,1.48,1.48,1277384,2026-04-08T04:11:52.721812+00:00,9.62962962962961,-7.534246575342463,1.6949152542372836,9.708737864077666,1.506,1.2395,0.9332,8.274803694686462,6.6141757637738445,62.93769092405628,0.1970355188024615,0.007247896437931556,0.18978762236452995,2509874.4
217452,MCNICHOLS,2024-01-29,1.6,1.6,1668050,2026-04-08T04:11:57.440388+00:00,8.108108108108114,9.62962962962961,-9.999999999999998,8.849557522123908,1.502,1.2805,0.9530000000000001,7.679277927046437,6.663431155402797,66.6387267917129,0.1977529620695606,0.006372271764024523,0.1913806903055361,2513798.5
217569,MCNICHOLS,2024-01-30,1.45,1.45,357120,2026-04-08T04:12:00.024191+00:00,-9.37500000000001,8.108108108108114,0.0,9.756097560975618,1.468,1.3110000000000002,0.9697999999999999,8.17205074873473,6.854580157239425,58.74220623060698,0.18409565452019883,-0.00582802862826981,0.18992368314846864,2419488.65
217686,MCNICHOLS,2024-01-31,1.59,1.59,1670716,2026-04-08T04:12:02.433526+00:00,9.655172413793123,-9.37500000000001,-9.876543209876553,9.62962962962961,1.494,1.3445,0.9894,8.177553552440605,6.933453445287462,63.13322856567295,0.18246561977901554,-0.0059664506955625085,0.18843207047457805,2328489.85
217803,MCNICHOLS,2024-02-01,1.44,1.44,1018399,2026-04-08T04:12:04.812869+00:00,-9.433962264150953,9.655172413793123,-7.534246575342463,19.594594594594604,1.512,1.3675,1.0048000000000001,8.592538014452993,7.0331781648640606,56.22825305073743,0.1671433347848803,-0.01703098855175822,0.18417432333663852,2240418.15
217920,MCNICHOLS,2024-02-02,1.58,1.58,337556,2026-04-08T04:12:07.232701+00:00,9.722222222222232,-9.433962264150953,9.62962962962961,1.6949152542372836,1.532,1.3975,1.023,8.730159637236946,7.116881382989077,60.56359107541402,0.16440201936457632,-0.015817843177649782,0.1802198625422261,2210889.9
218037,MCNICHOLS,2024-02-05,1.58,1.58,319634,2026-04-08T04:12:11.791199+00:00,0.0,9.722222222222232,8.108108108108114,-9.999999999999998,1.528,1.4255,1.04,8.745693059482365,7.049965548293465,60.56359107541402,0.1603807378316935,-0.015871299768426106,0.1762520376001196,2143051.0
218154,MCNICHOLS,2024-02-06,1.58,1.58,247590,2026-04-08T04:12:14.363902+00:00,0.0,0.0,-9.37500000000001,0.0,1.554,1.4565000000000001,1.0566,8.543022031293196,7.053115538311046,60.56359107541402,0.1554024604161106,-0.016679661747207197,0.1720821221633178,2066150.95
218271,MCNICHOLS,2024-02-07,1.58,1.58,740280,2026-04-08T04:12:16.791058+00:00,0.0,0.0,9.655172413793123,-9.876543209876553,1.552,1.486,1.0732,8.566556302711712,7.053115538311046,60.56359107541402,0.14973113240770686,-0.017880791804488788,0.16761192421219565,2046406.8
218388,MCNICHOLS,2024-02-08,1.58,1.58,61700,2026-04-08T04:12:19.312026+00:00,0.0,0.0,-9.433962264150953,-7.534246575342463,1.58,1.5135,1.089,8.581121676942825,7.037971811204946,60.56359107541401,0.14358144656171867,-0.019224382120381578,0.16280582868210025,1836494.25
218505,MCNICHOLS,2024-02-09,1.58,1.58,167132,2026-04-08T04:12:21.609908+00:00,0.0,0.0,9.722222222222232,9.62962962962961,1.58,1.536,1.1034,8.425442709988088,6.963426905835996,60.56359107541401,0.13712706082413018,-0.02054301428637606,0.15767007511050624,1581029.85
218622,MCNICHOLS,2024-02-12,1.58,1.58,44065,2026-04-08T04:12:25.771109+00:00,0.0,0.0,0.0,8.108108108108114,1.58,1.5535,1.117,8.27905816167336,6.95092596052434,60.56359107541402,0.13050750435366476,-0.021730056605473197,0.15223756095913796,1470232.4
218739,MCNICHOLS,2024-02-13,1.58,1.58,56388,2026-04-08T04:12:28.061356+00:00,0.0,0.0,0.0,-9.37500000000001,1.58,1.565,1.1316,8.056293282269795,6.882140754056593,60.56359107541402,0.12383397715482514,-0.02272286704345025,0.1465568441982754,1214566.35
218856,MCNICHOLS,2024-02-14,1.58,1.58,36700,2026-04-08T04:12:30.570558+00:00,0.0,0.0,0.0,9.655172413793123,1.58,1.57,1.1466,7.802879654096308,6.863458352016248,60.56359107541402,0.11719421678929742,-0.023490101927182372,0.1406843187164798,1175443.1
218973,MCNICHOLS,2024-02-16,1.58,1.58,119282,2026-04-08T04:12:34.036511+00:00,0.0,0.0,0.0,-9.433962264150953,1.58,1.5605,1.1616000000000002,6.397137275661222,6.863458352016248,60.563591075414024,0.11065657870474688,-0.02402219200938635,0.13467877071413323,973956.35
219090,MCNICHOLS,2024-02-19,1.43,1.43,223718,2026-04-08T04:12:38.429241+00:00,-9.493670886075956,0.0,0.0,9.722222222222232,1.55,1.542,1.1736000000000002,6.68954941332596,7.0355552594411765,49.53435039339681,0.09230764198659758,-0.03389690298202852,0.1262045449686261,788052.4
219207,MCNICHOLS,2024-02-20,1.43,1.43,125174,2026-04-08T04:12:40.813552+00:00,0.0,-9.493670886075956,0.0,0.0,1.52,1.5325,1.1856,6.340553048578636,7.0355552594411765,49.53435039339681,0.07687975547537951,-0.039459831594597275,0.11633958706997678,687011.8
219324,MCNICHOLS,2024-02-21,1.43,1.43,1439557,2026-04-08T04:12:43.257682+00:00,0.0,0.0,0.0,0.0,1.4899999999999998,1.5230000000000001,1.1992,6.340553048578636,6.858679697314419,49.534350393396814,0.06391625743410767,-0.0419386637086953,0.10585492114280297,725950.65
219441,MCNICHOLS,2024-02-22,1.43,1.43,45108,2026-04-08T04:12:45.850796+00:00,0.0,0.0,0.0,0.0,1.46,1.5215,1.2142,5.937917294082575,6.68188764213504,49.534350393396814,0.053031280251525814,-0.042258912713021735,0.09529019296454755,695113.0
219558,MCNICHOLS,2024-02-26,1.43,1.43,54780,2026-04-08T04:12:51.18414+00:00,0.0,0.0,0.0,0.0,1.43,1.5255,1.2282000000000002,5.663141177554115,6.635928428265333,49.534350393396814,0.04389881915119487,-0.04111309905068215,0.08501191820187702,500516.65
219675,MCNICHOLS,2024-02-27,1.29,1.29,1480054,2026-04-08T04:12:53.509755+00:00,-9.790209790209781,0.0,-9.493670886075956,0.0,1.402,1.516,1.2402,5.66953008681155,6.756212081178452,39.74820416256094,0.02507539442414153,-0.04794921902218839,0.07302461344632992,510650.15
219792,MCNICHOLS,2024-02-29,1.29,1.29,69311,2026-04-08T04:12:56.822244+00:00,0.0,-9.790209790209781,0.0,0.0,1.374,1.5005000000000002,1.2522,5.296964486469389,6.756212081178452,39.748204162560945,0.010041937507798915,-0.0503861407508248,0.060428078258623716,430713.2
219909,MCNICHOLS,2024-03-01,1.29,1.29,240289,2026-04-08T04:12:59.287484+00:00,0.0,0.0,0.0,0.0,1.3459999999999999,1.4925,1.2642,4.9116370900505,6.756212081178452,39.748204162560945,-0.001850849962358847,-0.04982314257678606,0.04797229261442721,424871.65
220027,MCNICHOLS,2024-03-04,1.29,1.29,101900,2026-04-08T04:13:03.814092+00:00,0.0,0.0,0.0,0.0,1.318,1.4775,1.2762,4.300902985026755,6.756212081178452,39.74820416256095,-0.011147468635988256,-0.04729580900033238,0.036148340364344125,346430.85
220145,MCNICHOLS,2024-03-05,1.29,1.29,32960,2026-04-08T04:13:06.279726+00:00,0.0,0.0,0.0,0.0,1.29,1.4700000000000002,1.2882,3.810845561290271,6.756212081178452,39.748204162560945,-0.018304107555373594,-0.04356195833577418,0.025257850780400583,297158.9
220263,MCNICHOLS,2024-03-06,1.29,1.29,107000,2026-04-08T04:13:08.558236+00:00,0.0,0.0,-9.790209790209781,-9.493670886075956,1.29,1.4555,1.3002,2.9681164675384406,6.756212081178452,39.74820416256095,-0.023702567021497423,-0.0391683342415184,0.015465767220020982,285631.1
220381,MCNICHOLS,2024-03-07,1.29,1.29,39216,2026-04-08T04:13:10.988978+00:00,0.0,0.0,0.0,0.0,1.29,1.441,1.3122,2.9681164675384406,6.756212081178452,39.748204162560945,-0.02766201455738937,-0.03450222542192828,0.006840210864538912,271610.2
220499,MCNICHOLS,2024-03-08,1.29,1.29,10729,2026-04-08T04:13:13.453006+00:00,0.0,0.0,0.0,0.0,1.29,1.4265,1.324,2.9681164675384406,6.759442780731988,39.748204162560945,-0.03044890918457077,-0.029831296039287747,-0.0006176131452830247,259767.15
220617,MCNICHOLS,2024-03-11,1.29,1.29,127739,2026-04-08T04:13:17.773706+00:00,0.0,0.0,0.0,0.0,1.29,1.4120000000000001,1.3357999999999999,2.9681164675384406,6.759442780731988,39.74820416256095,-0.03228537752000271,-0.02533421149977575,-0.006951166020226962,229140.1
220735,MCNICHOLS,2024-03-12,1.29,1.29,21800,2026-04-08T04:13:20.258657+00:00,0.0,0.0,0.0,0.0,1.29,1.3975,1.3476,2.9681164675384406,6.759442780731988,39.748204162560945,-0.03335628145779124,-0.02112409235005142,-0.012232189107739818,227145.1
220853,MCNICHOLS,2024-03-13,1.29,1.29,1867,2026-04-08T04:13:22.557243+00:00,0.0,0.0,0.0,-9.790209790209781,1.29,1.383,1.3602,2.9681164675384406,6.683752951361404,39.74820416256095,-0.03381518019585594,-0.0172663928704929,-0.016548787325363044,218881.85
220971,MCNICHOLS,2024-03-14,1.29,1.29,50122,2026-04-08T04:13:25.004754+00:00,0.0,0.0,0.0,0.0,1.29,1.3685,1.3703999999999998,2.9681164675384406,6.241053048222025,39.74820416256095,-0.03378935806532701,-0.013792456591971175,-0.019996901473355838,219184.7
221089,MCNICHOLS,2024-03-15,1.29,1.29,122278,2026-04-08T04:13:27.500984+00:00,0.0,0.0,0.0,0.0,1.29,1.354,1.3794000000000002,2.9681164675384406,6.1721507375449916,39.74820416256095,-0.03338406314180342,-0.010709729334758066,-0.022674333807045356,222479.2
221207,MCNICHOLS,2024-03-19,1.17,1.17,1732442,2026-04-08T04:13:32.54102+00:00,-9.302325581395355,0.0,0.0,0.0,1.266,1.3335,1.3844000000000003,3.4917398501500654,6.218420996015971,27.53081531963361,-0.04225872879269765,-0.015667515988521834,-0.02659121280417582,307266.3
221325,MCNICHOLS,2024-03-20,1.17,1.17,120277,2026-04-08T04:13:34.949661+00:00,0.0,-9.302325581395355,0.0,0.0,1.242,1.3130000000000002,1.3881999999999999,3.4917398501500654,6.1612782334602425,27.530815319633614,-0.04873023346171501,-0.017711216526031352,-0.03101901693568366,307316.05
221443,MCNICHOLS,2024-03-21,1.17,1.17,508049,2026-04-08T04:13:37.293426+00:00,0.0,0.0,0.0,0.0,1.218,1.3,1.392,2.9393449289255127,6.1612782334602425,27.53081531963361,-0.05324517035668053,-0.01778092273679749,-0.03546424761988304,321532.6
221561,MCNICHOLS,2024-03-22,1.17,1.17,35825,2026-04-08T04:13:39.66616+00:00,0.0,0.0,0.0,0.0,1.194,1.2870000000000001,1.395,2.9393449289255127,6.140375325435861,27.53081531963361,-0.05617573150964006,-0.01656918711180562,-0.03960654439783444,317065.15
221679,MCNICHOLS,2024-03-25,1.17,1.17,223233,2026-04-08T04:13:43.964435+00:00,0.0,0.0,0.0,0.0,1.17,1.274,1.3991999999999998,2.9393449289255127,6.072422378470075,27.530815319633614,-0.05783157592851573,-0.014580025224545032,-0.0432515507039707,256248.95
221797,MCNICHOLS,2024-03-26,1.17,1.17,50150,2026-04-08T04:13:46.391317+00:00,0.0,0.0,-9.302325581395355,0.0,1.17,1.261,1.4028,2.9393449289255127,6.061704717290136,27.53081531963361,-0.05846984063357774,-0.012174631943685635,-0.046295208689892106,256501.05
221915,MCNICHOLS,2024-03-27,1.17,1.17,24330,2026-04-08T04:13:48.795654+00:00,0.0,0.0,0.0,0.0,1.17,1.2479999999999998,1.4056,2.9393449289255127,6.04059772336712,27.530815319633614,-0.05830358260325785,-0.009606699130692592,-0.04869688347256526,254978.55
222033,MCNICHOLS,2024-03-28,1.17,1.17,70244,2026-04-08T04:13:51.173779+00:00,0.0,0.0,0.0,0.0,1.17,1.242,1.4064,2.0800632348835286,5.890451524217898,27.53081531963361,-0.05750889517091884,-0.0070496093586828595,-0.05045928581223598,184488.05
222151,MCNICHOLS,2024-04-02,1.17,1.17,27367,2026-04-08T04:13:58.053067+00:00,0.0,0.0,0.0,0.0,1.17,1.236,1.4052,2.0800632348835286,5.757836882198731,27.530815319633614,-0.05623090478750892,-0.004617295180218348,-0.05161360960729057,182390.85
222269,MCNICHOLS,2024-04-03,1.17,1.17,14922,2026-04-08T04:14:00.66873+00:00,0.0,0.0,0.0,0.0,1.17,1.23,1.4016,2.0800632348835286,5.585259704489796,27.530815319633614,-0.054588822238825774,-0.0023801701052281604,-0.05220865213359761,171122.5
222387,MCNICHOLS,2024-04-04,1.17,1.17,62500,2026-04-08T04:14:03.310057+00:00,0.0,0.0,0.0,-9.302325581395355,1.17,1.2239999999999998,1.3954,2.0800632348835286,5.4047757734875805,27.53081531963361,-0.05268019548713587,-0.0003772346828306017,-0.05230296080430527,169152.5
222505,MCNICHOLS,2024-04-05,1.17,1.17,26805,2026-04-08T04:14:05.820809+00:00,0.0,0.0,0.0,0.0,1.17,1.218,1.3834,2.0800632348835286,4.577866607817316,27.530815319633614,-0.05058448853937736,0.0013747778119423334,-0.05195926635131969,168844.75
222623,MCNICHOLS,2024-04-12,1.17,1.17,235996,2026-04-08T04:14:15.984697+00:00,0.0,0.0,0.0,0.0,1.17,1.212,1.3708,2.0800632348835286,4.565879842501782,27.530815319633614,-0.04836609148869031,0.002874539890103507,-0.05124063137879382,175294.55
222741,MCNICHOLS,2024-04-15,1.17,1.17,112574,2026-04-08T04:14:20.492228+00:00,0.0,0.0,0.0,0.0,1.17,1.206,1.3618000000000001,2.0800632348835286,4.367299657088264,27.53081531963361,-0.04607685059155742,0.004131024629789128,-0.050207875221346544,178962.45
222859,MCNICHOLS,2024-04-16,1.17,1.17,20425,2026-04-08T04:14:22.958286+00:00,0.0,0.0,0.0,0.0,1.17,1.1999999999999997,1.3528,2.0800632348835286,4.367299657088264,27.530815319633614,-0.04375819347167775,0.005159745399735037,-0.04891793887141279,179447.25
222977,MCNICHOLS,2024-04-17,1.17,1.17,13500,2026-04-08T04:14:25.407203+00:00,0.0,0.0,0.0,0.0,1.17,1.194,1.3470000000000002,2.0800632348835286,4.155239048864393,27.530815319633618,-0.041442912896596074,0.005980020779853372,-0.047422933676449446,173735.3
223095,MCNICHOLS,2024-04-18,1.17,1.17,1000,2026-04-08T04:14:27.862982+00:00,0.0,0.0,0.0,0.0,1.17,1.188,1.3434,2.0800632348835286,4.024169543340689,27.530815319633614,-0.03915666272641416,0.006613016760028234,-0.045769679486442394,172695.3
223213,MCNICHOLS,2024-04-19,1.17,1.17,250,2026-04-08T04:14:30.225092+00:00,0.0,0.0,0.0,0.0,1.17,1.182,1.3372,2.0800632348835286,3.766010733499028,27.530815319633614,-0.03691921130844911,0.0070803745423946365,-0.04399958585084374,172614.45
223331,MCNICHOLS,2024-04-22,1.17,1.17,96,2026-04-08T04:14:34.624841+00:00,0.0,0.0,0.0,0.0,1.17,1.1759999999999997,1.3285999999999998,2.0800632348835286,3.561258580153594,27.530815319633618,-0.034745490552967384,0.0074032762383010944,-0.04214876679126848,170113.15
223449,MCNICHOLS,2024-04-23,1.15,1.15,500000,2026-04-08T04:14:36.881925+00:00,-1.7094017094017144,0.0,0.0,0.0,1.166,1.169,1.3226,2.0950117262584005,3.3316438680321965,22.763647234185274,-0.03424191457014869,0.006325481776895833,-0.040567396347044524,188999.25
223567,MCNICHOLS,2024-04-24,1.26,1.26,103451,2026-04-08T04:14:39.108369+00:00,9.565217391304358,-1.7094017094017144,0.0,0.0,1.184,1.1735,1.3160000000000003,2.1924481143187338,3.326119049542096,61.87036702755034,-0.024682224958878507,0.012708137110532813,-0.03739036206941132,107549.7
223685,MCNICHOLS,2024-04-25,1.26,1.26,56130,2026-04-08T04:14:41.415412+00:00,0.0,9.565217391304358,0.0,0.0,1.202,1.178,1.3123999999999998,2.1924481143187338,3.060694543450292,61.87036702755033,-0.016911160733993125,0.01638336106833456,-0.033294521802327684,104342.35
223803,MCNICHOLS,2024-04-26,1.26,1.26,208345,2026-04-08T04:14:43.709399+00:00,0.0,0.0,0.0,0.0,1.22,1.1824999999999999,1.306,2.1924481143187338,2.7042359512826133,61.87036702755034,-0.010630000321516064,0.018131617184649295,-0.02876161750616536,89357.15
223921,MCNICHOLS,2024-04-29,1.26,1.26,5510,2026-04-08T04:14:47.97937+00:00,0.0,0.0,0.0,0.0,1.238,1.1869999999999998,1.2995999999999999,2.1924481143187338,2.7042359512826133,61.870367027550344,-0.005587723641409914,0.018539115091804358,-0.02412683873321427,87841.4
224039,MCNICHOLS,2024-04-30,1.26,1.26,31150,2026-04-08T04:14:50.304196+00:00,0.0,0.0,-1.7094017094017144,0.0,1.26,1.1915,1.2932,2.1924481143187338,2.7042359512826133,61.87036702755034,-0.001573544206666888,0.01804263562123791,-0.019616179827904798,78237.25
224157,MCNICHOLS,2024-05-02,1.26,1.26,87255,2026-04-08T04:14:53.573612+00:00,0.0,0.0,9.565217391304358,0.0,1.26,1.196,1.2868000000000002,2.1924481143187338,2.7042359512826133,61.87036702755035,0.0015894002986922562,0.016964464101277645,-0.015375063802585387,80092.5
224275,MCNICHOLS,2024-05-03,1.14,1.14,200501,2026-04-08T04:14:55.989363+00:00,-9.523809523809534,0.0,0.0,0.0,1.236,1.1945000000000001,1.278,3.120216554731505,2.9942915388821247,33.234319168516386,-0.005523271673447239,0.00788143370331052,-0.013404705376757758,88901.05
224393,MCNICHOLS,2024-05-06,1.14,1.14,615894,2026-04-08T04:15:00.14873+00:00,0.0,-9.523809523809534,0.0,0.0,1.2120000000000002,1.193,1.2691999999999999,3.120216554731505,2.9942915388821247,33.234319168516386,-0.011032934652491777,0.0018974165794127858,-0.012930351231904563,116183.55
224511,MCNICHOLS,2024-05-07,1.13,1.13,446117,2026-04-08T04:15:02.40079+00:00,-0.8771929824561431,0.0,0.0,0.0,1.186,1.191,1.2602,3.125143824250308,2.9932435361498726,31.811333950160527,-0.016021611520375956,-0.002473008230777113,-0.013548603289598843,137121.05
224629,MCNICHOLS,2024-05-08,1.02,1.02,869908,2026-04-08T04:15:04.708287+00:00,-9.734513274336276,-0.8771929824561431,0.0,-1.7094017094017144,1.138,1.1835,1.2489999999999999,3.7913270158684265,3.2568903781050884,21.106054212017916,-0.02852246534540903,-0.01197908964464815,-0.016543375700760882,179870.35
224747,MCNICHOLS,2024-05-09,1.0,1.0,252461,2026-04-08T04:15:07.337178+00:00,-1.9607843137254943,-9.734513274336276,0.0,9.565217391304358,1.0859999999999999,1.175,1.2374,3.7999564216299557,3.2586526084681697,19.8012911795066,-0.0395869808454159,-0.018434884115724012,-0.021152096729691885,189368.4
224865,MCNICHOLS,2024-05-10,0.91,0.91,1450026,2026-04-08T04:15:09.604775+00:00,-8.999999999999996,-1.9607843137254943,-9.523809523809534,0.0,1.04,1.162,1.224,4.220796079490878,3.45313940471065,15.236612482268495,-0.05498411429020278,-0.027065614048408716,-0.027918500241794063,260529.45
224983,MCNICHOLS,2024-05-13,0.91,0.91,163363,2026-04-08T04:15:13.907933+00:00,0.0,-8.999999999999996,0.0,0.0,0.9940000000000001,1.149,1.2135999999999998,4.220796079490878,3.23259248589184,15.236612482268496,-0.06642079588608785,-0.030801836515435027,-0.03561895937065282,256897.8
225101,MCNICHOLS,2024-05-14,1.0,1.0,2327840,2026-04-08T04:15:16.26654+00:00,9.890109890109876,0.0,-0.8771929824561431,0.0,0.968,1.1404999999999998,1.2049999999999998,4.890355308255214,3.570394626573626,33.11780853192977,-0.06744473963344966,-0.025460624210237467,-0.04198411542321219,367661.1
225219,MCNICHOLS,2024-05-15,1.0,1.0,2500,2026-04-08T04:15:18.549958+00:00,0.0,9.890109890109876,-9.734513274336276,0.0,0.9640000000000001,1.1320000000000001,1.1964,4.890355308255214,3.570394626573626,33.11780853192977,-0.06747837374168508,-0.020395406654778313,-0.04708296708690677,366764.85
225337,MCNICHOLS,2024-05-16,1.0,1.0,123555,2026-04-08T04:15:20.841424+00:00,0.0,0.0,-1.9607843137254943,0.0,0.9640000000000001,1.1235,1.1878,4.890355308255214,3.570394626573626,33.11780853192977,-0.06673574093484214,-0.01572221907834829,-0.05101352185649385,372267.6
225455,MCNICHOLS,2024-05-20,1.1,1.1,1011936,2026-04-08T04:15:25.962105+00:00,10.000000000000009,0.0,-8.999999999999996,-9.523809523809534,1.002,1.12,1.1811999999999998,5.442262978911264,3.874604221108592,48.26370881086101,-0.057416176873243296,-0.005122124013399558,-0.05229405285984374,422814.4
225573,MCNICHOLS,2024-05-21,1.1,1.1,62731,2026-04-08T04:15:28.334406+00:00,0.0,10.000000000000009,0.0,0.0,1.04,1.1164999999999998,1.1774,5.442262978911264,3.6327282028601404,48.263708810861004,-0.04946020871246648,0.0022670753179018094,-0.05172728403036829,425938.45
225691,MCNICHOLS,2024-05-22,1.1,1.1,113650,2026-04-08T04:15:30.660212+00:00,0.0,0.0,9.890109890109876,-0.8771929824561431,1.06,1.113,1.1736,5.442262978911264,3.6327282028601404,48.26370881086101,-0.042663251222257115,0.00725122624648894,-0.049914477468746055,431616.15
225809,MCNICHOLS,2024-05-23,1.1,1.1,36000,2026-04-08T04:15:32.993296+00:00,0.0,0.0,0.0,-9.734513274336276,1.08,1.1105,1.1698,5.430182981215571,3.6327282028601404,48.26370881086101,-0.03685180873024385,0.010450134990801767,-0.04730194372104562,408416.15
225927,MCNICHOLS,2024-05-24,1.1,1.1,140700,2026-04-08T04:15:35.360226+00:00,0.0,0.0,0.0,-1.9607843137254943,1.1,1.1025,1.166,4.934375542431894,3.6327282028601404,48.26370881086101,-0.03187872063843589,0.01233857846608779,-0.044217299104523676,410278.6
226045,MCNICHOLS,2024-05-27,1.1,1.1,108101,2026-04-08T04:15:39.562711+00:00,0.0,0.0,10.000000000000009,-8.999999999999996,1.1,1.0945,1.1622,4.934375542431894,3.6327282028601404,48.263708810861004,-0.027619136285726764,0.013278530255037536,-0.0408976665407643,412877.15
226163,MCNICHOLS,2024-05-28,1.1,1.1,154601,2026-04-08T04:15:41.894674+00:00,0.0,0.0,0.0,0.0,1.1,1.0865,1.1584,4.934375542431894,3.6327282028601404,48.263708810861004,-0.023967107105846708,0.013544447547934074,-0.03751155465378078,410189.95
226281,MCNICHOLS,2024-05-29,1.1,1.1,13426,2026-04-08T04:15:44.435333+00:00,0.0,0.0,0.0,9.890109890109876,1.1,1.0785,1.1545999999999998,4.934375542431894,3.6327282028601404,48.263708810861,-0.020832701257156083,0.01334308271729976,-0.034175783974455844,410585.75
226399,MCNICHOLS,2024-05-30,1.1,1.1,150772,2026-04-08T04:15:46.695543+00:00,0.0,0.0,0.0,0.0,1.1,1.0705,1.1508,4.934375542431894,3.6327282028601404,48.26370881086099,-0.018139560478185768,0.012828978797016062,-0.03096853927520183,416566.85
226517,MCNICHOLS,2024-05-31,1.1,1.1,28758,2026-04-08T04:15:48.909252+00:00,0.0,0.0,0.0,0.0,1.1,1.0625,1.147,4.934375542431894,3.6327282028601404,48.26370881086099,-0.015822831258443415,0.012116566413406735,-0.02793939767185015,413642.0
226635,MCNICHOLS,2024-06-03,1.0,1.0,347939,2026-04-08T04:15:53.203965+00:00,-9.090909090909093,0.0,0.0,10.000000000000009,1.08,1.0554999999999999,1.1412,4.8937694246677,3.841316072512535,32.71781433136948,-0.02180462082977419,0.00490782147366077,-0.02671244230343496,421013.9
226753,MCNICHOLS,2024-06-04,1.0,1.0,127018,2026-04-08T04:15:55.456464+00:00,0.0,-9.090909090909093,0.0,0.0,1.06,1.0485,1.1354,4.8937694246677,3.841316072512535,32.717814331369475,-0.026242722393297724,0.0003757759281097922,-0.026618498321407516,396570.1
226871,MCNICHOLS,2024-06-05,1.0,1.0,3831,2026-04-08T04:15:57.839545+00:00,0.0,0.0,0.0,0.0,1.04,1.042,1.1296000000000002,4.894506528365723,3.841316072512535,32.71781433136948,-0.029420805129467986,-0.002241845446448374,-0.027178959683019612,374455.8
226989,MCNICHOLS,2024-06-06,1.0,1.0,0,2026-04-08T04:16:00.091412+00:00,0.0,0.0,0.0,0.0,1.02,1.041,1.1238000000000001,4.38479592876259,3.841316072512535,32.71781433136948,-0.031575476160604854,-0.003517213182068192,-0.028058262978536662,330960.4
227107,MCNICHOLS,2024-06-07,1.05,1.05,600134,2026-04-08T04:16:02.294722+00:00,5.000000000000004,0.0,0.0,0.0,1.01,1.0435,1.1214,4.496474906800417,3.6973369479740494,44.69757034958579,-0.028915170260092715,-0.000685525825244844,-0.02822964443484787,348344.05
227225,MCNICHOLS,2024-06-10,1.05,1.05,128564,2026-04-08T04:16:06.655303+00:00,0.0,5.000000000000004,-9.090909090909093,0.0,1.02,1.0505,1.119,3.9268184821473735,3.6973369479740494,44.69757034958579,-0.02650136740060205,0.0013826216273966595,-0.02788398902799871,282270.95
227343,MCNICHOLS,2024-06-11,1.05,1.05,264411,2026-04-08T04:16:09.027942+00:00,0.0,0.0,0.0,0.0,1.03,1.0575,1.1166,3.9268184821473735,3.6973369479740494,44.69757034958579,-0.024308201429199316,0.002860630079039514,-0.02716883150823883,287323.35
227461,MCNICHOLS,2024-06-13,1.05,1.05,1001,2026-04-08T04:16:12.454757+00:00,0.0,0.0,0.0,0.0,1.04,1.06,1.1142,3.29192601063635,3.6973369479740494,44.697570349585796,-0.022312892460958578,0.0038847512378242036,-0.02619764369878278,170981.4
227579,MCNICHOLS,2024-06-14,1.05,1.05,71401,2026-04-08T04:16:14.762224+00:00,0.0,0.0,0.0,0.0,1.05,1.0625,1.1118000000000001,3.29192601063635,3.6973369479740494,44.69757034958579,-0.02049533822702676,0.004561844377404818,-0.02505718260443158,174426.45
227697,MCNICHOLS,2024-06-20,1.05,1.05,30608,2026-04-08T04:16:22.365263+00:00,0.0,0.0,5.000000000000004,0.0,1.05,1.065,1.1094,3.29192601063635,3.6973369479740494,44.69757034958579,-0.018837763391587048,0.004975535370275626,-0.023813298761862674,169779.1
227815,MCNICHOLS,2024-06-21,1.15,1.15,354250,2026-04-08T04:16:24.740936+00:00,9.523809523809511,0.0,0.0,-9.090909090909093,1.07,1.0675000000000001,1.109,3.2189550085089165,3.94236122252491,64.44722431495748,-0.009347210305227227,0.011572870765308357,-0.020920081070535584,136894.8
227933,MCNICHOLS,2024-06-24,1.13,1.13,221009,2026-04-08T04:16:29.101951+00:00,-1.7391304347826098,9.523809523809511,0.0,0.0,1.086,1.0690000000000002,1.1082,3.2500198685564015,3.950399987441296,59.8441138389866,-0.0034005124705553946,0.014015654879984154,-0.01741616735053955,144808.7
228051,MCNICHOLS,2024-06-25,1.13,1.13,33352,2026-04-08T04:16:31.430939+00:00,0.0,-1.7391304347826098,0.0,0.0,1.1019999999999999,1.0705,1.1074,3.2500198685564015,3.950399987441296,59.84411383898659,0.001297333553424762,0.01497080072317145,-0.013673467169746687,140793.8
228169,MCNICHOLS,2024-06-26,1.13,1.13,191720,2026-04-08T04:16:33.77834+00:00,0.0,0.0,0.0,0.0,1.1179999999999999,1.0719999999999998,1.1066,3.2500198685564015,3.950399987441296,59.84411383898659,0.004963197719751955,0.014909331911598914,-0.009946134191846959,148579.8
228287,MCNICHOLS,2024-06-27,1.13,1.13,17482,2026-04-08T04:16:36.13415+00:00,0.0,0.0,0.0,5.000000000000004,1.134,1.0735000000000001,1.1058,3.2500198685564015,3.950399987441296,59.844113838986594,0.007778752861806071,0.014179909642922425,-0.006401156781116354,142418.9
228405,MCNICHOLS,2024-06-28,1.13,1.13,76300,2026-04-08T04:16:38.472674+00:00,0.0,0.0,9.523809523809511,0.0,1.13,1.075,1.105,3.2500198685564015,3.950399987441296,59.844113838986594,0.00989602537638623,0.013037745726002067,-0.0031417203496158373,140828.85
228523,MCNICHOLS,2024-07-01,1.11,1.11,132727,2026-04-08T04:16:42.881798+00:00,-1.7699115044247593,0.0,-1.7391304347826098,0.0,1.126,1.0755000000000001,1.1038,3.2792784489761826,3.9583845116487786,54.233173909090674,0.00984664030517246,0.010390688523830637,-0.0005440482186581776,139735.15
228641,MCNICHOLS,2024-07-02,1.11,1.11,131000,2026-04-08T04:16:45.256647+00:00,0.0,-1.7699115044247593,0.0,0.0,1.1219999999999999,1.076,1.1025999999999998,3.2792784489761826,3.9583845116487786,54.233173909090674,0.009695735872681244,0.008191827273071536,0.0015039085996097067,145613.85
228759,MCNICHOLS,2024-07-03,1.11,1.11,24650,2026-04-08T04:16:47.732339+00:00,0.0,0.0,0.0,0.0,1.1179999999999999,1.0764999999999998,1.1014,3.2792784489761826,3.9583845116487786,54.23317390909067,0.009467013187707263,0.006370483670478044,0.003096529517229218,139307.75
228877,MCNICHOLS,2024-07-04,1.11,1.11,65699,2026-04-08T04:16:50.22378+00:00,0.0,0.0,0.0,0.0,1.114,1.0770000000000002,1.1002,3.2792784489761826,3.9583845116487786,54.233173909090674,0.009179928312725405,0.004866719036396949,0.004313209276328456,141154.8
228995,MCNICHOLS,2024-07-05,1.11,1.11,7490,2026-04-08T04:16:52.679645+00:00,0.0,0.0,0.0,9.523809523809511,1.11,1.0825,1.099,2.4686865674872447,3.9583845116487786,54.23317390909067,0.008850389697708572,0.003629744337104092,0.00522064536060448,124132.35
229113,MCNICHOLS,2024-07-08,1.11,1.11,4750,2026-04-08T04:16:57.375145+00:00,0.0,0.0,-1.7699115044247593,-1.7391304347826098,1.11,1.088,1.0978,2.4686865674872447,3.9583845116487786,54.233173909090674,0.008491345031268471,0.002616559736531193,0.005874785294737278,118018.95
229231,MCNICHOLS,2024-07-09,1.11,1.11,35000,2026-04-08T04:16:59.679545+00:00,0.0,0.0,0.0,0.0,1.11,1.0935000000000001,1.0966,2.4686865674872447,3.9583845116487786,54.23317390909067,0.008113274765182865,0.0017907915763564694,0.006322483188826396,119577.4
229349,MCNICHOLS,2024-07-10,1.11,1.11,249228,2026-04-08T04:17:02.104038+00:00,0.0,0.0,0.0,0.0,1.11,1.099,1.0957999999999999,2.4686865674872447,3.9509457235986774,54.23317390909067,0.007724606895569641,0.0011216989653945958,0.006602907930175045,132038.8
229467,MCNICHOLS,2024-07-11,1.11,1.11,200,2026-04-08T04:17:04.804273+00:00,0.0,0.0,0.0,0.0,1.11,1.1019999999999999,1.0928,2.2366709024757045,3.702380967326581,54.233173909090674,0.007332065323700787,0.0005833259148205934,0.006748739408880194,102042.1
229585,MCNICHOLS,2024-07-12,1.11,1.11,23000,2026-04-08T04:17:07.071694+00:00,0.0,0.0,0.0,0.0,1.11,1.105,1.0898,2.2366709024757045,3.702380967326581,54.233173909090674,0.00694096220814866,0.00015377823941477298,0.006787183968733887,96763.9
229703,MCNICHOLS,2024-07-15,1.11,1.11,15500,2026-04-08T04:17:11.418935+00:00,0.0,0.0,0.0,-1.7699115044247593,1.11,1.108,1.0868,2.2366709024757045,3.702380967326581,54.23317390909067,0.0065554431038483685,-0.00018539269190841548,0.006740835795756784,84318.35
229821,MCNICHOLS,2024-07-16,1.01,1.01,3313048,2026-04-08T04:17:13.920176+00:00,-9.009009009009016,0.0,0.0,0.0,1.09,1.1059999999999999,1.0818,3.057123505997368,3.9067383718328594,26.33583455213759,-0.0017985156599635843,-0.006831481164576296,0.005032965504612711,249920.7
229939,MCNICHOLS,2024-07-17,1.01,1.01,6250,2026-04-08T04:17:16.239817+00:00,0.0,-9.009009009009016,0.0,0.0,1.0699999999999998,1.104,1.0768,3.057123505997368,3.9067383718328594,26.33583455213759,-0.008323144142608818,-0.010684887717777224,0.0023617435751684054,246663.15
230057,MCNICHOLS,2024-07-18,1.01,1.01,665400,2026-04-08T04:17:18.614364+00:00,0.0,0.0,0.0,0.0,1.0500000000000003,1.102,1.0718,3.057123505997368,3.9067383718328594,26.335834552137587,-0.013340181909437643,-0.012561540387684839,-0.0007786415217528044,278402.75
230175,MCNICHOLS,2024-07-19,1.01,1.01,121798,2026-04-08T04:17:20.923419+00:00,0.0,0.0,0.0,0.0,1.03,1.095,1.0692,2.045332616753788,3.676507752864617,26.33583455213759,-0.017118884639466758,-0.013072194494171163,-0.004046690145295595,266780.15
230293,MCNICHOLS,2024-07-22,1.09,1.09,100625,2026-04-08T04:17:25.185516+00:00,7.920792079207928,0.0,0.0,0.0,1.026,1.093,1.0682,2.777970977763385,3.850737415389056,52.58214994715722,-0.013502553335193568,-0.007564690551918378,-0.00593786278327519,260760.95
230411,MCNICHOLS,2024-07-23,1.08,1.08,442080,2026-04-08T04:17:27.655924+00:00,-0.9174311926605561,7.920792079207928,-9.009009009009016,0.0,1.04,1.0905,1.0672,2.783056958855078,3.850925069630288,50.175576409377385,-0.011313090879307763,-0.004300182476826058,-0.007012908402481705,281197.35
230529,MCNICHOLS,2024-07-24,1.08,1.08,9149,2026-04-08T04:17:30.124258+00:00,0.0,-0.9174311926605561,0.0,0.0,1.0539999999999998,1.088,1.0684,2.783056958855078,3.586656048050633,50.175576409377385,-0.00946877595370732,-0.001964694040980492,-0.007504081912726828,272068.8
230647,MCNICHOLS,2024-07-25,1.08,1.08,12450,2026-04-08T04:17:32.638981+00:00,0.0,0.0,0.0,0.0,1.068,1.0855000000000001,1.07,2.783056958855078,3.5735007866247903,50.17557640937739,-0.007915893593721579,-0.0003294493447958003,-0.007586444248925779,271817.2
230765,MCNICHOLS,2024-07-26,1.08,1.08,42974,2026-04-08T04:17:35.101122+00:00,0.0,0.0,0.0,0.0,1.082,1.083,1.0734000000000001,2.783056958855078,3.317284635933767,50.17557640937739,-0.006609038256482513,0.0007819247939546119,-0.007390963050437125,270150.9
230883,MCNICHOLS,2024-07-29,1.08,1.08,200401,2026-04-08T04:17:40.103977+00:00,0.0,0.0,7.920792079207928,0.0,1.08,1.0815000000000001,1.0768,2.758162424706164,3.317284635933767,50.17557640937738,-0.005509832071961984,0.001504904782780113,-0.007014736854742097,273534.6
231001,MCNICHOLS,2024-07-30,1.08,1.08,391000,2026-04-08T04:17:43.080384+00:00,0.0,0.0,-0.9174311926605561,-9.009009009009016,1.08,1.08,1.0784,2.758162424706164,3.021285676756135,50.175576409377385,-0.004585840536261099,0.0019431170547847985,-0.006528957591045897,286534.6
231119,MCNICHOLS,2024-07-31,0.98,0.98,201427,2026-04-08T04:17:45.61458+00:00,-9.259259259259267,0.0,0.0,0.0,1.06,1.0735000000000001,1.078,3.434590648970807,3.304211306450826,29.274788338450684,-0.011786863230099254,-0.0042063245112426845,-0.007580538718856569,295373.45
231237,MCNICHOLS,2024-08-01,0.98,0.98,5420,2026-04-08T04:17:47.950902+00:00,0.0,-9.259259259259267,0.0,0.0,1.04,1.067,1.0776000000000001,3.434590648970807,3.304211306450826,29.27478833845069,-0.01729436689928754,-0.007771062544344776,-0.009523304354942762,292359.5
231355,MCNICHOLS,2024-08-02,1.0,1.0,230800,2026-04-08T04:17:50.372085+00:00,2.0408163265306145,0.0,0.0,0.0,1.024,1.0615,1.0756000000000001,3.482191468169115,2.990053419859805,35.50621540699192,-0.019816834253788107,-0.008234823919076276,-0.011582010334711831,303525.0
231473,MCNICHOLS,2024-08-05,1.0,1.0,408176,2026-04-08T04:17:54.929581+00:00,0.0,2.0408163265306145,0.0,7.920792079207928,1.008,1.056,1.0735999999999999,3.482191468169115,2.990053419859805,35.50621540699191,-0.021567293471658644,-0.00798822650955745,-0.013579066962101195,323696.3
231591,MCNICHOLS,2024-08-06,1.0,1.0,130365,2026-04-08T04:17:57.472912+00:00,0.0,0.0,0.0,-0.9174311926605561,0.992,1.0505,1.0715999999999999,3.482191468169115,2.990053419859805,35.50621540699191,-0.022692954756637684,-0.00729111023562919,-0.015401844521008495,328464.55
231709,MCNICHOLS,2024-08-07,0.97,0.97,603473,2026-04-08T04:17:59.948734+00:00,-3.0000000000000027,0.0,-9.259259259259267,0.0,0.9899999999999999,1.0435,1.069,3.5256224809263244,3.0170418182478924,30.475702225928767,-0.02570943633596179,-0.008246073451962634,-0.017463362883999155,346176.8
231827,MCNICHOLS,2024-08-08,0.97,0.97,15000,2026-04-08T04:18:02.36647+00:00,0.0,-3.0000000000000027,0.0,0.0,0.9880000000000001,1.0365,1.0664000000000002,3.5256224809263244,3.0170418182478924,30.47570222592877,-0.02777979157519339,-0.008253142952955386,-0.019526648622238005,346916.8
231945,MCNICHOLS,2024-08-09,0.97,0.97,11250,2026-04-08T04:18:04.674683+00:00,0.0,0.0,2.0408163265306145,0.0,0.982,1.0295,1.0638,3.5256224809263244,3.0170418182478924,30.475702225928774,-0.0290852859469537,-0.007646909859772552,-0.021438376087181146,346329.3
232063,MCNICHOLS,2024-08-12,0.97,0.97,58303,2026-04-08T04:18:08.918743+00:00,0.0,0.0,0.0,0.0,0.976,1.0225,1.0612000000000001,3.5256224809263244,3.0170418182478924,30.475702225928774,-0.029776652922584246,-0.00667062146832248,-0.023106031454261766,348469.45
232181,MCNICHOLS,2024-08-13,0.97,0.97,80240,2026-04-08T04:18:11.387792+00:00,0.0,0.0,0.0,0.0,0.97,1.0205000000000002,1.0586,2.919648526395081,3.0170418182478924,30.47570222592877,-0.02997898712944491,-0.005498364540146516,-0.024480622589298395,186829.05
232299,MCNICHOLS,2024-08-14,0.97,0.97,95310,2026-04-08T04:18:13.859526+00:00,0.0,0.0,-3.0000000000000027,-9.259259259259267,0.97,1.0185,1.056,2.919648526395081,3.0170418182478924,30.475702225928774,-0.029795870201720698,-0.004252198089937841,-0.025543672111782857,191282.05
232417,MCNICHOLS,2024-08-15,0.97,0.97,147300,2026-04-08T04:18:16.357381+00:00,0.0,0.0,0.0,0.0,0.97,1.0165,1.0534,2.919648526395081,3.0170418182478924,30.475702225928778,-0.029312848446931383,-0.003015341068118821,-0.026297507378812562,165377.05
232535,MCNICHOLS,2024-08-16,0.97,0.97,287426,2026-04-08T04:18:18.692447+00:00,0.0,0.0,0.0,2.0408163265306145,0.97,1.0145,1.0528,2.919648526395081,2.7310480300213285,30.47570222592877,-0.02860036304421154,-0.0018422845323191814,-0.02675807851189236,173658.45
232653,MCNICHOLS,2024-08-19,0.97,0.97,51099,2026-04-08T04:18:23.063194+00:00,0.0,0.0,0.0,0.0,0.97,1.0085000000000002,1.0522,2.2188203204601833,2.7310480300213285,30.475702225928774,-0.027716217921918584,-0.0007665115280209786,-0.026949706393897606,171182.15
232771,MCNICHOLS,2024-08-20,0.97,0.97,77143,2026-04-08T04:18:25.366221+00:00,0.0,0.0,0.0,0.0,0.97,1.003,1.0515999999999999,2.2204549618009297,2.7310480300213285,30.47570222592877,-0.026707657294231302,0.00019363927973304468,-0.026901296573964346,152935.3
232889,MCNICHOLS,2024-08-21,0.97,0.97,106008,2026-04-08T04:18:27.861334+00:00,0.0,0.0,0.0,-3.0000000000000027,0.97,0.9974999999999999,1.051,2.2204549618009297,2.7310480300213285,30.475702225928774,-0.025613113699385348,0.0010305462996632007,-0.02664365999904855,157778.25
233007,MCNICHOLS,2024-08-22,0.9,0.9,1674843,2026-04-08T04:18:30.156184+00:00,-7.216494845360821,0.0,0.0,0.0,0.9560000000000001,0.9884999999999999,1.048,2.6732373277164916,2.8174910641839994,17.444667428875636,-0.030047723547304894,-0.0027232508386050742,-0.02732447270869982,240897.9
233125,MCNICHOLS,2024-08-23,0.99,0.99,457305,2026-04-08T04:18:32.497978+00:00,9.999999999999986,-7.216494845360821,0.0,0.0,0.96,0.984,1.0468000000000002,3.6143915275474465,3.1698350767226944,48.14508410949091,-0.026000221592856754,0.0010594008926744537,-0.027059622485531207,261614.45
233243,MCNICHOLS,2024-08-26,1.08,1.08,3197902,2026-04-08T04:18:37.19542+00:00,9.090909090909104,9.999999999999986,0.0,0.0,0.982,0.984,1.0473999999999999,4.189486384872829,3.424349644553522,62.9735420656141,-0.015353315826917568,0.009365045326890913,-0.02471836115380848,411489.5
233361,MCNICHOLS,2024-08-27,1.18,1.18,711128,2026-04-08T04:18:39.561091+00:00,9.259259259259256,9.090909090909104,0.0,0.0,1.024,0.9890000000000001,1.05,4.664524618240159,3.6603316916183273,72.413091486074,0.0011404515489825684,0.02068705016223284,-0.019546598613250272,427495.9
233479,MCNICHOLS,2024-08-28,1.29,1.29,509016,2026-04-08T04:18:42.048567+00:00,9.322033898305104,9.259259259259256,0.0,0.0,1.088,1.0045,1.0548,4.454561882028381,3.8758821888346775,78.81200597744028,0.022824851042363203,0.03389715972449078,-0.01107230868212758,442875.35
233597,MCNICHOLS,2024-08-29,1.41,1.41,1670475,2026-04-08T04:18:44.36768+00:00,9.302325581395344,9.322033898305104,-7.216494845360821,0.0,1.19,1.026,1.062,4.7671423697260185,4.070504556906245,83.3493992576764,0.04912659023470023,0.04815911913346225,0.0009674711012379825,526128.1
233715,MCNICHOLS,2024-09-02,1.55,1.55,952761,2026-04-08T04:18:49.632285+00:00,9.929078014184412,9.302325581395344,9.999999999999986,0.0,1.302,1.0535,1.07,5.091231671617039,4.088854607749874,86.87957263953257,0.08034160994112138,0.06349931107190672,0.016842298869214664,562226.15
233833,MCNICHOLS,2024-09-03,1.4,1.4,1258574,2026-04-08T04:18:52.389232+00:00,-9.677419354838722,9.929078014184412,9.090909090909104,0.0,1.366,1.0735,1.0754,5.742927261141188,4.331580448097152,69.80339761373783,0.09191643609354694,0.060059309779465817,0.03185712631408112,604746.05
233951,MCNICHOLS,2024-09-04,1.3,1.3,457764,2026-04-08T04:18:54.875674+00:00,-7.142857142857128,-9.677419354838722,9.259259259259256,0.0,1.3900000000000001,1.0885,1.0788000000000002,6.076477246402243,4.464828364191153,61.171339831241546,0.09196034335150371,0.04808257362993808,0.04387776972156564,621116.0
234069,MCNICHOLS,2024-09-05,1.43,1.43,1518270,2026-04-08T04:18:57.763256+00:00,9.999999999999986,-7.142857142857128,9.322033898305104,0.0,1.418,1.1115,1.0848,6.2629699275038915,4.666972079139802,66.9015828161174,0.10131713287438715,0.04595149052225721,0.05536564235212994,666855.85
234187,MCNICHOLS,2024-09-06,1.49,1.49,821902,2026-04-08T04:19:00.536712+00:00,4.195804195804209,9.999999999999986,9.302325581395344,-7.216494845360821,1.434,1.1375,1.092,6.257666892215135,4.6940206828983895,69.16350773299317,0.11227966446212334,0.045531217687994716,0.06674844677412863,707200.95
234305,MCNICHOLS,2024-09-09,1.35,1.35,304472,2026-04-08T04:19:05.495104+00:00,-9.395973154362414,4.195804195804209,9.929078014184412,9.999999999999986,1.3940000000000001,1.1564999999999999,1.0964,6.774952043578833,4.9044019885209815,59.02710392344595,0.10842091098286089,0.0333379713669858,0.07508293961587509,721862.05
234423,MCNICHOLS,2024-09-10,1.47,1.47,2241909,2026-04-08T04:19:08.070871+00:00,8.888888888888879,-9.395973154362414,-9.677419354838722,9.090909090909104,1.408,1.1815,1.1036000000000001,6.934580686203864,5.034816445256749,63.909546314311505,0.113734754712979,0.030921452077683126,0.08281330263529588,831042.35
234541,MCNICHOLS,2024-09-11,1.54,1.54,2593435,2026-04-08T04:19:10.663572+00:00,4.761904761904767,8.888888888888879,-7.142857142857128,9.259259259259256,1.456,1.21,1.1122,6.932199525841157,5.066501330969007,66.42306970938901,0.12218594561591511,0.031498114384495374,0.09068783123141974,956702.1
234659,MCNICHOLS,2024-09-12,1.54,1.54,149836,2026-04-08T04:19:13.371302+00:00,0.0,4.761904761904767,9.999999999999986,9.322033898305104,1.4780000000000002,1.2385,1.1208,6.932199525841157,5.066501330969007,66.423069709389,0.127414816601225,0.029381588295844197,0.0980332283053808,959428.4
234777,MCNICHOLS,2024-09-13,1.41,1.41,2139790,2026-04-08T04:19:16.033041+00:00,-8.441558441558449,0.0,4.195804195804209,9.302325581395344,1.4620000000000002,1.2605,1.1268,7.341551756294639,5.23106384761852,57.75894800851169,0.11968911932075588,0.017324712812300053,0.10236440650845582,1059052.9
234895,MCNICHOLS,2024-09-17,1.41,1.41,224166,2026-04-08T04:19:22.824888+00:00,0.0,-8.441558441558449,-9.395973154362414,9.929078014184412,1.474,1.2825000000000002,1.1328,7.341551756294639,5.23106384761852,57.75894800851168,0.11227224402328573,0.007926270011863912,0.10434597401142182,1055889.9
235013,MCNICHOLS,2024-09-18,1.5,1.5,3470943,2026-04-08T04:19:25.915955+00:00,6.382978723404253,0.0,8.888888888888879,-9.677419354838722,1.48,1.309,1.1406,7.3820798734663144,5.293313061115682,61.76348598548022,0.1123613332458,0.0064122873875025466,0.10594904585829745,1226882.1
235131,MCNICHOLS,2024-09-19,1.65,1.65,2368827,2026-04-08T04:19:28.330134+00:00,9.999999999999986,6.382978723404253,4.761904761904767,-7.142857142857128,1.502,1.343,1.1514,7.543376608275962,5.451315287116515,67.32361784029581,0.12311647342588028,0.01373394205406625,0.10938253137181403,1341466.3
235249,MCNICHOLS,2024-09-20,1.7,1.7,1004986,2026-04-08T04:19:30.82066+00:00,3.0303030303030276,9.999999999999986,0.0,9.999999999999986,1.534,1.3795,1.1632,7.51109511203798,5.457484983421293,68.94470330200377,0.13412843255926665,0.0197967209499621,0.11433171160930455,1386415.2
235367,MCNICHOLS,2024-09-23,1.87,1.87,2123866,2026-04-08T04:19:35.29526+00:00,10.000000000000009,3.0303030303030276,-8.441558441558449,4.195804195804209,1.626,1.428,1.1784000000000001,7.246691166230852,5.601379090919104,73.7187025505873,0.15478876028417887,0.03236563893989945,0.12242312134427942,1408866.35
235485,MCNICHOLS,2024-09-24,1.87,1.87,604396,2026-04-08T04:19:37.629736+00:00,0.0,10.000000000000009,0.0,-9.395973154362414,1.718,1.472,1.1936,7.153511473640351,5.601379090919104,73.7187025505873,0.1692116522591478,0.037430824731894685,0.13178082752725312,1416220.9
235603,MCNICHOLS,2024-09-25,1.9,1.9,921546,2026-04-08T04:19:40.096992+00:00,1.6042780748662944,0.0,6.382978723404253,8.888888888888879,1.798,1.513,1.2094,7.039156406898769,5.598951665534584,74.52034714839068,0.1809764633249027,0.03935650863811965,0.14161995468678304,1302403.1
235721,MCNICHOLS,2024-09-26,1.75,1.75,1629951,2026-04-08T04:19:42.676048+00:00,-7.894736842105255,1.6042780748662944,9.999999999999986,4.761904761904767,1.818,1.5414999999999999,1.2242,7.2899071976697485,5.559430054198205,64.00749436043439,0.1761656860878169,0.02763658512082709,0.14852910096698982,1348344.25
235839,MCNICHOLS,2024-09-27,1.6,1.6,863343,2026-04-08T04:19:45.342636+00:00,-8.571428571428562,-7.894736842105255,3.0303030303030276,0.0,1.798,1.557,1.236,7.471178210167528,5.7285209899048875,55.5656591947407,0.15842316049080907,0.007915247619055377,0.1505079128717537,1366060.6
235957,MCNICHOLS,2024-09-30,1.6,1.6,104327,2026-04-08T04:19:50.223917+00:00,0.0,-8.571428571428562,10.000000000000009,-8.441558441558449,1.7439999999999998,1.5665,1.2478,7.235808243919091,5.7285209899048875,55.5656591947407,0.14271692920550882,-0.006232786932995893,0.14894971613850472,1287753.2
236075,MCNICHOLS,2024-10-02,1.5,1.5,394299,2026-04-08T04:19:53.821423+00:00,-6.25,0.0,0.0,0.0,1.6700000000000004,1.564,1.2576,7.073882714685004,5.820119900471571,50.42380493335445,0.12080786561496848,-0.022513480418829,0.14332134603379748,1259830.1
236193,MCNICHOLS,2024-10-03,1.35,1.35,1741906,2026-04-08T04:19:56.203135+00:00,-9.999999999999998,-6.25,1.6042780748662944,6.382978723404253,1.56,1.5615,1.2628,7.097616125874719,5.933362570332474,43.86654152073596,0.09030010507406083,-0.04241699276778932,0.13271709784185015,1283996.7
236311,MCNICHOLS,2024-10-04,1.35,1.35,120821,2026-04-08T04:19:58.634737+00:00,0.0,-9.999999999999998,-7.894736842105255,9.999999999999986,1.48,1.564,1.2682,6.892946462059312,5.9299892058571935,43.86654152073595,0.06536895245569685,-0.05387851630892264,0.11924746876461949,1267149.55
236429,MCNICHOLS,2024-10-07,1.35,1.35,2358084,2026-04-08T04:20:03.05432+00:00,0.0,0.0,-8.571428571428562,3.0303030303030276,1.4300000000000002,1.56,1.2736,6.513354573947206,5.9299892058571935,43.86654152073595,0.045091052797939124,-0.059325132773344294,0.10441618557128342,1309140.25
236547,MCNICHOLS,2024-10-08,1.42,1.42,3154600,2026-04-08T04:20:05.535519+00:00,5.185185185185182,0.0,0.0,10.000000000000009,1.3940000000000001,1.5565000000000002,1.2804,6.5512214889208344,5.96418075924073,47.82147891173549,0.034273996908836146,-0.05611375092995782,0.09038774783879397,1425775.15
236665,MCNICHOLS,2024-10-10,1.42,1.42,111980,2026-04-08T04:20:08.855054+00:00,0.0,5.185185185185182,-6.25,0.0,1.3780000000000001,1.56,1.2872,6.170434160059441,5.96418075924073,47.82147891173549,0.025408508711860067,-0.051983391301547124,0.07739190001340719,1416150.55
236783,MCNICHOLS,2024-10-11,1.42,1.42,427060,2026-04-08T04:20:11.460237+00:00,0.0,0.0,-9.999999999999998,1.6042780748662944,1.3920000000000001,1.5575,1.294,5.840771159205563,5.96418075924073,47.82147891173548,0.018173057746002863,-0.04737507381392346,0.06554813155992632,1325408.1
236902,MCNICHOLS,2024-10-14,1.42,1.42,168710,2026-04-08T04:20:16.284622+00:00,0.0,0.0,0.0,-7.894736842105255,1.406,1.5514999999999999,1.3008000000000002,5.732070825868097,5.96418075924073,47.82147891173549,0.012297156758553252,-0.04260077984109846,0.05489793659965171,1204171.85
237021,MCNICHOLS,2024-10-15,1.42,1.42,42400,2026-04-08T04:20:18.84933+00:00,0.0,0.0,0.0,-8.571428571428562,1.42,1.5455,1.3096,5.732070825868097,5.789092336806594,47.82147891173548,0.0075533920902262075,-0.037875635607540405,0.04542902769776661,1198800.05
237140,MCNICHOLS,2024-10-17,1.3,1.3,796200,2026-04-08T04:20:23.389134+00:00,-8.450704225352101,0.0,5.185185185185182,0.0,1.3960000000000001,1.54,1.3159999999999998,5.732759233636037,5.93760004638251,40.70071658241604,-0.005821960764904599,-0.04100079077013697,0.03517883000523237,1131620.55
237259,MCNICHOLS,2024-10-18,1.43,1.43,462281,2026-04-08T04:20:26.17489+00:00,9.999999999999986,-8.450704225352101,0.0,-6.25,1.3980000000000001,1.541,1.3245999999999998,6.174609149407855,6.078236886939567,49.4774953226232,-0.005864508320748696,-0.032834670660784854,0.026970162340036158,1143526.3
237378,MCNICHOLS,2024-10-21,1.43,1.43,193255,2026-04-08T04:20:30.541886+00:00,0.0,9.999999999999986,0.0,-9.999999999999998,1.4,1.5375,1.3332,6.003617396798203,6.078236886939567,49.47749532262319,-0.00583101129674346,-0.026240938909423694,0.020409927612680234,979641.9
237497,MCNICHOLS,2024-10-22,1.43,1.43,53000,2026-04-08T04:20:32.890604+00:00,0.0,0.0,0.0,0.0,1.402,1.5265,1.3417999999999999,5.517808068556378,6.078236886939567,49.477495322623206,-0.005738316918428854,-0.020918595624887272,0.015180278706458418,863850.55
237616,MCNICHOLS,2024-10-23,1.57,1.57,433270,2026-04-08T04:20:35.186729+00:00,9.790209790209792,0.0,0.0,0.0,1.432,1.52,1.3538,5.94062331534205,6.1791327505421,57.865558291444046,0.0055677919753323035,-0.007689989384900892,0.013257781360233195,835264.75
237735,MCNICHOLS,2024-10-24,1.57,1.57,237088,2026-04-08T04:20:37.740613+00:00,0.0,9.790209790209792,-8.450704225352101,5.185185185185182,1.486,1.5050000000000001,1.3658,5.4335309133113965,6.1791327505421,57.865558291444046,0.014362403878132923,0.0008836980143197802,0.013478705863813143,740925.85
237854,MCNICHOLS,2024-10-25,1.49,1.49,1449655,2026-04-08T04:20:40.222387+00:00,-5.095541401273884,0.0,9.999999999999986,0.0,1.498,1.486,1.3762,5.516364431022752,6.240271712994413,52.12976020777482,0.01470732882900938,0.0009828983721569904,0.01372443045685239,783188.8
237973,MCNICHOLS,2024-10-28,1.53,1.53,16327222,2026-04-08T04:20:44.742576+00:00,2.684563758389258,-5.095541401273884,0.0,0.0,1.518,1.4675,1.3874000000000002,5.54824000429993,6.242583015055569,54.555317134154244,0.018000847479080928,0.00342113361778283,0.014579713861298098,1553472.6
238092,MCNICHOLS,2024-10-29,1.45,1.45,685547,2026-04-08T04:20:47.136244+00:00,-5.228758169934644,2.684563758389258,0.0,0.0,1.522,1.4525000000000001,1.3969999999999998,5.402209196978172,6.304969757493146,49.18730403160904,0.013994335339061914,-0.00046830281778894797,0.014462638156850862,1506252.4
238211,MCNICHOLS,2024-10-30,1.56,1.56,412930,2026-04-08T04:20:49.405969+00:00,7.586206896551739,-5.228758169934644,9.790209790209792,0.0,1.52,1.4505,1.4088,5.386487387994401,6.371312874347019,55.64926961212943,0.019470779271080207,0.004006512891383476,0.015464266379696731,1483731.75
238330,MCNICHOLS,2024-10-31,1.56,1.56,135097,2026-04-08T04:20:51.756515+00:00,0.0,7.586206896551739,0.0,-8.450704225352101,1.518,1.4485,1.4206,5.386487387994401,6.371312874347019,55.64926961212943,0.023539551248916935,0.006460227895376161,0.017079323353540773,1485270.25
238449,MCNICHOLS,2024-11-01,1.41,1.41,335300,2026-04-08T04:20:54.1075+00:00,-9.615384615384626,0.0,-5.095541401273884,9.999999999999986,1.502,1.444,1.4294,5.639017931127742,6.549445765203328,46.33105814175745,0.014493266601935506,-0.002068845401284214,0.01656211200321972,1482320.3
238568,MCNICHOLS,2024-11-04,1.39,1.39,501200,2026-04-08T04:20:58.471072+00:00,-1.4184397163120588,-9.615384615384626,2.684563758389258,0.0,1.474,1.4460000000000002,1.4378,5.156498135680634,6.556759659270769,45.243254884541955,0.005645114623794134,-0.008733597903540469,0.014378712527334603,1420285.0
238687,MCNICHOLS,2024-11-05,1.39,1.39,412717,2026-04-08T04:21:01.00344+00:00,0.0,-1.4184397163120588,-5.228758169934644,0.0,1.4620000000000002,1.448,1.4462000000000002,5.156498135680634,6.556759659270769,45.243254884541955,-0.0013515299701776229,-0.012584193998009781,0.011232664027832158,1434879.8
238806,MCNICHOLS,2024-11-06,1.39,1.39,149638,2026-04-08T04:21:03.585377+00:00,0.0,0.0,7.586206896551739,9.790209790209792,1.428,1.45,1.4546,5.156498135680634,6.556759659270769,45.243254884541955,-0.0068178295241991815,-0.01444039484162507,0.00762256531742589,1324457.5
238925,MCNICHOLS,2024-11-07,1.39,1.39,445150,2026-04-08T04:21:06.256351+00:00,0.0,0.0,0.0,0.0,1.394,1.4485,1.4644,5.025141500776215,6.452319058145851,45.243254884541955,-0.011022846787045681,-0.014916329683577256,0.0038934828965315753,1188985.0
239044,MCNICHOLS,2024-11-08,1.5,1.5,1112172,2026-04-08T04:21:08.623134+00:00,7.913669064748219,0.0,-9.615384615384626,-5.095541401273884,1.412,1.4525000000000001,1.4746000000000001,5.326617372946332,6.399968310783969,53.34657651856763,-0.005416830719052967,-0.0074482508924676345,0.002031420173414667,1238994.6
239163,MCNICHOLS,2024-11-11,1.51,1.51,1562345,2026-04-08T04:21:12.782875+00:00,0.6666666666666599,7.913669064748219,-1.4184397163120588,2.684563758389258,1.436,1.457,1.4831999999999999,5.326013786608897,6.293561679601842,54.01285214449649,-0.0001652018256792509,-0.0017572975992751344,0.0015920957735958835,1295758.85
239282,MCNICHOLS,2024-11-12,1.5,1.5,334329,2026-04-08T04:21:15.417322+00:00,-0.6622516556291425,0.6666666666666599,0.0,-5.228758169934644,1.4579999999999997,1.461,1.4896,5.330960294769448,6.178906173948662,53.194719699775476,0.00315348408024807,0.001249110645321749,0.001904373434926321,1304039.8
239401,MCNICHOLS,2024-11-13,1.51,1.51,222449,2026-04-08T04:21:17.790166+00:00,0.6666666666666599,-0.6622516556291425,0.0,7.586206896551739,1.482,1.4655,1.4939999999999998,5.330355747088173,6.051436419121128,53.94596007607614,0.006515377777709608,0.0036888034742266294,0.0028265743034829784,1313042.25
239520,MCNICHOLS,2024-11-14,1.5,1.5,353299,2026-04-08T04:21:20.354873+00:00,-0.6622516556291425,0.6666666666666599,0.0,0.0,1.504,1.4754999999999998,1.4957999999999998,4.914799086032036,5.918073536641797,53.02934910513661,0.008277369959165837,0.004360636524546286,0.003916733434619551,1290897.2
239639,MCNICHOLS,2024-11-15,1.48,1.48,1371687,2026-04-08T04:21:22.90937+00:00,-1.3333333333333308,-0.6622516556291425,7.913669064748219,-9.615384615384626,1.5,1.478,1.4944,4.431629000323552,5.756041025078469,51.15717032875753,0.007968077566185228,0.0032410753052525415,0.004727002260932686,1336367.5
239758,MCNICHOLS,2024-11-18,1.48,1.48,357330,2026-04-08T04:21:27.576358+00:00,0.0,-1.3333333333333308,0.6666666666666599,-1.4184397163120588,1.4940000000000002,1.4805,1.496,4.431629000323552,5.581641944809203,51.15717032875752,0.007634950163522891,0.002326358322072164,0.005308591841450727,1344571.25
239877,MCNICHOLS,2024-11-19,1.48,1.48,191134,2026-04-08T04:21:29.868433+00:00,0.0,0.0,-0.6622516556291425,0.0,1.49,1.483,1.4996,4.431629000323552,5.478661858226027,51.15717032875753,0.007286944931653494,0.0015826824721622132,0.005704262459491281,1351477.95
239996,MCNICHOLS,2024-11-20,1.4,1.4,447904,2026-04-08T04:21:32.433299+00:00,-5.405405405405405,0.0,0.6666666666666599,0.0,1.468,1.4745,1.499,3.99350652920155,5.36004663458589,43.487007466380916,0.0005494827707115402,-0.004123823751023793,0.004673306521735333,1352209.65
240115,MCNICHOLS,2024-11-21,1.42,1.42,227045,2026-04-08T04:21:34.755564+00:00,1.4285714285714235,-5.405405405405405,-0.6622516556291425,0.0,1.452,1.467,1.4975999999999998,4.01554458568353,5.3310864594488585,45.679734870624145,-0.0031399759909467306,-0.006250626010145651,0.0031106500191989206,1351707.5
240234,MCNICHOLS,2024-11-22,1.44,1.44,414141,2026-04-08T04:21:37.514754+00:00,1.4084507042253502,1.4285714285714235,-1.3333333333333308,7.913669064748219,1.444,1.4645,1.4994,3.878304098278032,5.156792623105372,47.85847172065592,-0.004399352787220812,-0.006008002245135786,0.0016086494579149744,1299931.8
240353,MCNICHOLS,2024-11-25,1.4,1.4,289040,2026-04-08T04:21:41.818387+00:00,-2.777777777777779,1.4084507042253502,0.0,0.6666666666666599,1.4280000000000002,1.458,1.4980000000000002,3.8643054485574786,5.02050197173084,44.05280184496717,-0.008526792125757687,-0.00810835326693813,-0.00041843885881955793,498022.7
240472,MCNICHOLS,2024-11-26,1.4,1.4,333495,2026-04-08T04:21:44.163824+00:00,0.0,-2.777777777777779,0.0,-0.6622516556291425,1.412,1.4555,1.4951999999999999,3.69141320591318,4.973778850144377,44.05280184496718,-0.011663369475029883,-0.00899594449296826,-0.0026674249820616233,480420.1
240591,MCNICHOLS,2024-11-27,1.4,1.4,103844,2026-04-08T04:21:46.720727+00:00,0.0,0.0,-5.405405405405405,0.6666666666666599,1.4120000000000001,1.4475,1.4924000000000002,3.2183975337250055,4.973778850144377,44.05280184496717,-0.013987885979730219,-0.009056368798134876,-0.004931517181595343,464965.8
240710,MCNICHOLS,2024-11-28,1.41,1.41,322493,2026-04-08T04:21:49.110263+00:00,0.7142857142857117,0.0,1.4285714285714235,-0.6622516556291425,1.41,1.44,1.4923999999999997,3.2280645101604657,4.825582624331855,45.408281827596355,-0.014851961463700603,-0.007936355425684207,-0.006915606038016395,474335.6
240829,MCNICHOLS,2024-12-02,1.4,1.4,94805,2026-04-08T04:21:54.88401+00:00,-0.7092198581560294,0.7142857142857117,1.4084507042253502,-1.3333333333333308,1.402,1.4395,1.4922,2.407802041732088,4.826966465693533,44.25363698796485,-0.016157411356114038,-0.007393444254478113,-0.008763967101635925,462310.85
240948,MCNICHOLS,2024-12-03,1.4,1.4,411050,2026-04-08T04:21:57.640504+00:00,0.0,-0.7092198581560294,-2.777777777777779,0.0,1.4019999999999997,1.44,1.4901999999999997,2.384867852665244,4.741042290937939,44.25363698796485,-0.01699606968941647,-0.006585682070224436,-0.010410387619192035,457803.35
241067,MCNICHOLS,2024-12-04,1.4,1.4,32433,2026-04-08T04:21:59.930228+00:00,0.0,0.0,0.0,0.0,1.402,1.4405,1.4852,2.384867852665244,4.514914395011498,44.25363698796485,-0.0174594507803012,-0.005639250528887332,-0.011820200251413868,438789.15
241186,MCNICHOLS,2024-12-06,1.4,1.4,2467863,2026-04-08T04:22:03.392712+00:00,0.0,0.0,0.0,-5.405405405405405,1.4019999999999997,1.441,1.4792,2.384867852665244,4.4905578987030985,44.25363698796485,-0.017623530543469323,-0.004642664233644362,-0.012980866309824961,554700.4
241305,MCNICHOLS,2024-12-09,1.4,1.4,67508,2026-04-08T04:22:07.745808+00:00,0.0,0.0,0.7142857142857117,1.4285714285714235,1.4,1.4415,1.4698,2.384867852665244,4.238597693904109,44.25363698796485,-0.017551245109558966,-0.0036563030397872027,-0.013894942069771763,535818.3
241424,MCNICHOLS,2024-12-10,1.4,1.4,658060,2026-04-08T04:22:10.112253+00:00,0.0,0.0,-0.7092198581560294,1.4084507042253502,1.4,1.4365,1.4604,1.5095226604651621,4.238597693904109,44.25363698796485,-0.017294597033309378,-0.00271972397083009,-0.014574873062479288,513112.7
241543,MCNICHOLS,2024-12-11,1.4,1.4,283010,2026-04-08T04:22:12.639548+00:00,0.0,0.0,0.0,-2.777777777777779,1.4,1.4309999999999998,1.4504,1.4935558891509277,4.228492164356839,44.25363698796485,-0.016896430055811207,-0.0018572455946655343,-0.015039184461145673,449145.95
241662,MCNICHOLS,2024-12-12,1.4,1.4,488213,2026-04-08T04:22:15.033357+00:00,0.0,0.0,0.0,0.0,1.4,1.4259999999999997,1.4434,1.4939976228255087,4.092736186641949,44.25363698796486,-0.016391923961693644,-0.0010821916004383758,-0.015309732361255268,456840.15
241781,MCNICHOLS,2024-12-13,1.4,1.4,56257,2026-04-08T04:22:17.509919+00:00,0.0,0.0,0.0,0.0,1.4,1.4205,1.4394,1.4778578880599684,3.917655676142248,44.25363698796485,-0.01580985310206673,-0.0004000965926491684,-0.01540975650941756,448530.55
241900,MCNICHOLS,2024-12-16,1.52,1.52,17199828,2026-04-08T04:22:22.499781+00:00,8.571428571428585,0.0,0.0,0.7142857142857117,1.424,1.4215,1.4378,2.4819287772942467,4.1090556105235105,65.0384891058584,-0.005600995840512102,0.007847008535124367,-0.01344800437563647,1290857.0
242019,MCNICHOLS,2024-12-17,1.54,1.54,807850,2026-04-08T04:22:24.995572+00:00,1.3157894736842035,8.571428571428585,0.0,-0.7092198581560294,1.452,1.4244999999999999,1.4385999999999999,2.472368687657837,4.013134312856297,67.23140348000034,0.00405666720874609,0.014003737267506047,-0.009947070058759958,1262665.15
242138,MCNICHOLS,2024-12-18,1.54,1.54,60000,2026-04-08T04:22:27.498126+00:00,0.0,1.3157894736842035,0.0,0.0,1.48,1.4274999999999998,1.4424000000000001,2.472368687657837,3.737641003266455,67.23140348000034,0.011576982507068179,0.01721924205266251,-0.00564225954559433,1247798.65
242257,MCNICHOLS,2024-12-19,1.54,1.54,81800,2026-04-08T04:22:29.868083+00:00,0.0,0.0,0.0,0.0,1.508,1.4304999999999999,1.4462000000000002,2.472368687657837,3.737641003266455,67.23140348000032,0.01733703600282399,0.018383436438734656,-0.001046400435910666,1242331.95
242376,MCNICHOLS,2024-12-20,1.54,1.54,33999,2026-04-08T04:22:32.392508+00:00,0.0,0.0,0.0,0.0,1.536,1.4375,1.45,2.090112562402184,3.737641003266455,67.23140348000032,0.02165232536841266,0.018158980643458663,0.003493344724954,1221636.7
242495,MCNICHOLS,2024-12-23,1.54,1.54,162641,2026-04-08T04:22:36.740311+00:00,0.0,0.0,8.571428571428585,0.0,1.54,1.4434999999999998,1.4524000000000001,2.0810122751555253,3.6715716211641065,67.23140348000034,0.024786499938393325,0.01703452417075146,0.007751975767641865,1218416.5
242614,MCNICHOLS,2024-12-24,1.54,1.54,7969,2026-04-08T04:22:39.25804+00:00,0.0,0.0,1.3157894736842035,0.0,1.54,1.4485,1.4547999999999999,2.0698223429569382,3.6715716211641065,67.23140348000034,0.02695958257939357,0.015366085449401363,0.011593497129992207,1198107.9
242733,MCNICHOLS,2024-12-27,1.61,1.61,414450,2026-04-08T04:22:43.946119+00:00,4.545454545454541,0.0,0.0,0.0,1.554,1.459,1.4586,2.133105335013866,3.7217478897223333,75.59060279548854,0.03393895407784786,0.01787636555828452,0.01606258851956334,1204378.4
242851,MCNICHOLS,2024-12-31,1.61,1.61,60000,2026-04-08T04:22:48.665239+00:00,0.0,4.545454545454541,0.0,0.0,1.568,1.4695,1.4623999999999997,2.133105335013866,3.7217478897223333,75.59060279548854,0.03902035392332803,0.018366212323011756,0.020654141600316277,1190703.65
242969,MCNICHOLS,2025-01-02,1.61,1.61,280167,2026-04-08T04:22:52.256438+00:00,0.0,0.0,0.0,0.0,1.582,1.48,1.4661999999999997,2.133105335013866,3.7217478897223333,75.59060279548854,0.04255683125043275,0.017522151720093172,0.025034679530339575,1199519.8
243087,MCNICHOLS,2025-01-03,1.62,1.62,649545,2026-04-08T04:22:55.101113+00:00,0.6211180124223503,0.0,0.0,8.571428571428585,1.598,1.4905000000000002,1.4726,2.133224537480085,3.500037233237523,76.65325041788594,0.045640318258843404,0.016484510982803062,0.029155807276040342,1215872.4
243205,MCNICHOLS,2025-01-06,1.72,1.72,2015240,2026-04-08T04:23:00.046313+00:00,6.1728395061728225,0.6211180124223503,0.0,1.3157894736842035,1.634,1.5065,1.4784,2.4259896578913183,3.325540183828883,84.10522410488898,0.05551324604880792,0.02108595101821406,0.03442729503059386,1311894.15
243323,MCNICHOLS,2025-01-07,1.61,1.61,1124675,2026-04-08T04:23:02.329348+00:00,-6.3953488372092915,6.1728395061728225,4.545454545454541,0.0,1.634,1.517,1.482,2.9402266598492925,3.462338627636169,61.029240511241255,0.053840887524719605,0.015530873995300593,0.03831001352941901,1347575.4
243441,MCNICHOLS,2025-01-08,1.61,1.61,277191,2026-04-08T04:23:04.632968+00:00,0.0,-6.3953488372092915,0.0,0.0,1.634,1.5275,1.4856,2.9402266598492925,3.462338627636169,61.02924051124125,0.05191706375200411,0.010885640178068076,0.041031423573936035,1359813.3
243559,MCNICHOLS,2025-01-09,1.61,1.61,342765,2026-04-08T04:23:06.908261+00:00,0.0,0.0,0.0,0.0,1.6340000000000003,1.5379999999999998,1.4864,2.9402266598492925,3.179735949771352,61.029240511241255,0.04981814696424114,0.007029378712244079,0.04278876825199706,1253558.4
243677,MCNICHOLS,2025-01-10,1.7,1.7,767294,2026-04-08T04:23:09.304805+00:00,5.590062111801242,0.0,0.6211180124223503,0.0,1.65,1.5530000000000002,1.489,3.1258624052689905,3.2730592007309234,69.56303942744543,0.05478545549845237,0.00959734979716425,0.045188105701288124,1288547.7
243795,MCNICHOLS,2025-01-13,1.7,1.7,214564,2026-04-08T04:23:13.790041+00:00,0.0,5.590062111801242,6.1728395061728225,0.0,1.6460000000000001,1.568,1.4931999999999999,3.1258624052689905,3.182516729334322,69.56303942744543,0.05805288576886336,0.010291824054060185,0.047761061714803175,1266372.9
243913,MCNICHOLS,2025-01-14,1.61,1.61,365936,2026-04-08T04:23:16.129929+00:00,-5.294117647058815,0.0,-6.3953488372092915,4.545454545454541,1.6460000000000001,1.5785,1.4948,3.426574910845795,3.2602845109788707,55.47449153650368,0.052771779732645685,0.004008574414274005,0.04876320531837168,1270519.2
244031,MCNICHOLS,2025-01-15,1.61,1.61,238940,2026-04-08T04:23:18.535433+00:00,0.0,-5.294117647058815,0.0,0.0,1.6460000000000001,1.589,1.4980000000000002,3.426574910845795,3.1666191251862728,55.47449153650368,0.04803277324008026,-0.0005843456626331359,0.0486171189027134,1258055.55
244149,MCNICHOLS,2025-01-16,1.6,1.6,417485,2026-04-08T04:23:20.834867+00:00,-0.6211180124223614,0.0,0.0,0.0,1.6440000000000001,1.599,1.4988,3.4365908307163586,2.986631686842692,54.06351808050279,0.04297477358647406,-0.004513876252991475,0.04748864983946553,1276116.95
244267,MCNICHOLS,2025-01-17,1.62,1.62,1576005,2026-04-08T04:23:23.141674+00:00,1.2499999999999956,-0.6211180124223614,5.590062111801242,0.6211180124223503,1.6280000000000001,1.6039999999999999,1.5,2.905769793842607,2.9910536847651024,56.449323901926014,0.04011765393095379,-0.0058967967268094,0.04601445065776319,494925.8
244385,MCNICHOLS,2025-01-20,1.62,1.62,126023,2026-04-08T04:23:27.482452+00:00,0.0,1.2499999999999956,0.0,6.1728395061728225,1.612,1.608,1.5042000000000002,2.897857187333736,2.6410135709027096,56.44932390192602,0.03742198862898238,-0.006873969623024646,0.04429595825200703,460834.45
244503,MCNICHOLS,2025-01-21,1.57,1.57,1922732,2026-04-08T04:23:29.752731+00:00,-3.0864197530864224,0.0,-5.294117647058815,-6.3953488372092915,1.6040000000000003,1.6095000000000002,1.5078,2.994864222706745,2.673646603843039,49.06133699360476,0.03089493474705085,-0.01072081880396495,0.0416157535510158,553971.05
244621,MCNICHOLS,2025-01-22,1.57,1.57,61500,2026-04-08T04:23:32.235559+00:00,0.0,-3.0864197530864224,0.0,0.0,1.596,1.611,1.5114,2.994864222706745,2.673646603843039,49.061336993604755,0.025429067064659305,-0.012949349189085198,0.0383784162537445,552956.05
244739,MCNICHOLS,2025-01-23,1.57,1.57,41133,2026-04-08T04:23:34.519549+00:00,0.0,0.0,-0.6211180124223614,0.0,1.5900000000000003,1.6125,1.515,2.994864222706745,2.673646603843039,49.06133699360476,0.020856902161763724,-0.014017211273584622,0.034874113435348346,553312.75
244857,MCNICHOLS,2025-01-24,1.57,1.57,103566,2026-04-08T04:23:37.097992+00:00,0.0,0.0,1.2499999999999956,5.590062111801242,1.58,1.614,1.5186000000000002,2.994864222706745,2.673646603843039,49.06133699360476,0.017037036187566246,-0.014269661798225683,0.03130669798579193,550359.0
244975,MCNICHOLS,2025-01-27,1.6,1.6,331479,2026-04-08T04:23:41.817807+00:00,1.9108280254777066,0.0,0.0,0.0,1.576,1.6170000000000002,1.5206,3.0205614756971833,2.4491447457612834,53.92762650118097,0.016243271835274298,-0.012050740920414107,0.028294012755688405,566534.5
245093,MCNICHOLS,2025-01-28,1.6,1.6,131800,2026-04-08T04:23:44.43679+00:00,0.0,1.9108280254777066,-3.0864197530864224,-5.294117647058815,1.582,1.6165000000000003,1.5224000000000002,2.8450431808352437,2.4481351521311585,53.92762650118096,0.015436268176523882,-0.01028619566333162,0.025722463839855502,552402.0
245211,MCNICHOLS,2025-01-30,1.7,1.7,1559449,2026-04-08T04:23:47.90788+00:00,6.25,0.0,0.0,0.0,1.608,1.621,1.5263999999999998,3.168995492404448,2.5925292565882527,66.35373986088396,0.022605296441872813,-0.00249373391838615,0.025099030360258963,627374.45
245329,MCNICHOLS,2025-01-31,1.7,1.7,1559449,2026-04-08T04:23:50.425841+00:00,0.0,6.25,0.0,-0.6211180124223614,1.634,1.6255,1.5302,3.168995492404448,2.5922312091118163,66.35373986088396,0.027964446262965126,0.002292332722164926,0.0256721135408002,691338.55
245447,MCNICHOLS,2025-02-03,1.7,1.7,233782,2026-04-08T04:23:55.090801+00:00,0.0,0.0,0.0,1.2499999999999956,1.6599999999999997,1.6294999999999997,1.5342000000000002,3.168931588174805,2.5890612435837776,66.35373986088396,0.03184452721951381,0.004937930942970882,0.026906596276542925,670550.4
245565,MCNICHOLS,2025-02-04,1.7,1.7,115697,2026-04-08T04:23:57.584141+00:00,0.0,0.0,1.9108280254777066,0.0,1.6800000000000002,1.6285,1.5386000000000002,2.8502738162585475,2.5789190243095246,66.35373986088396,0.034521576091801176,0.006091983852206599,0.028429592239594577,575573.25
245683,MCNICHOLS,2025-02-05,1.8,1.8,886601,2026-04-08T04:24:00.484627+00:00,5.882352941176472,0.0,0.0,-3.0864197530864224,1.72,1.638,1.545,2.7242380310513346,2.6960129608362062,75.31042144667263,0.0442027787570769,0.012618549213985857,0.03158422954309104,563669.55
245801,MCNICHOLS,2025-02-06,1.8,1.8,2111340,2026-04-08T04:24:04.153698+00:00,0.0,5.882352941176472,6.25,0.0,1.7399999999999998,1.6475000000000002,1.5514,2.7242380310513346,2.6960129608362062,75.31042144667262,0.05128403122979086,0.01575984134935985,0.03552418988043101,655377.0
245919,MCNICHOLS,2025-02-07,1.75,1.75,1213189,2026-04-08T04:24:07.822728+00:00,-2.777777777777779,0.0,0.0,0.0,1.75,1.6545,1.5584,2.825063316277736,2.6040356399257902,65.23967831643174,0.0522589836659082,0.013387835028381749,0.03887114863752645,698898.2
246037,MCNICHOLS,2025-02-10,1.69,1.69,3467118,2026-04-08T04:24:13.163899+00:00,-3.4285714285714364,-2.777777777777779,0.0,0.0,1.748,1.654,1.5637999999999999,2.6782612651046325,2.6579655750277973,55.62674333052983,0.047640966529921114,0.007015854313915729,0.040625112216005385,833889.4
246155,MCNICHOLS,2025-02-11,1.7,1.7,1266806,2026-04-08T04:24:15.629092+00:00,0.591715976331364,-3.4285714285714364,0.0,1.9108280254777066,1.748,1.654,1.569,2.6814780494628896,2.654040770235954,56.770049034153736,0.044277665736427885,0.002922042816337997,0.04135562292008989,886501.5
246273,MCNICHOLS,2025-02-12,1.7,1.7,1247248,2026-04-08T04:24:18.226035+00:00,0.0,0.591715976331364,5.882352941176472,0.0,1.7280000000000002,1.6585,1.575,2.3711949636986738,2.6156754636024893,56.770049034153736,0.04113801222885982,-0.00017408855298405024,0.04131210078184387,930567.1
246391,MCNICHOLS,2025-02-13,1.7,1.7,763418,2026-04-08T04:24:20.725749+00:00,0.0,0.0,0.0,6.25,1.7079999999999997,1.6629999999999998,1.5810000000000002,2.3711949636986738,2.6156754636024893,56.77004903415373,0.038209360481006094,-0.002482192240670228,0.04069155272167632,956791.0
246509,MCNICHOLS,2025-02-14,1.75,1.75,1519134,2026-04-08T04:24:23.300806+00:00,2.941176470588247,0.0,-2.777777777777779,0.0,1.7079999999999997,1.6704999999999999,1.588,2.431503004103432,2.638958188468517,62.761800548940535,0.03946800243945692,-0.0009788402257755319,0.04044684266523245,1011873.45
246627,MCNICHOLS,2025-02-17,1.75,1.75,101000,2026-04-08T04:24:27.726986+00:00,0.0,2.941176470588247,-3.4285714285714364,0.0,1.72,1.677,1.5948000000000002,2.426639092037462,2.6396022142616014,62.761800548940535,0.040004340128391824,-0.0003540020294724999,0.040358342157864324,938123.2
246745,MCNICHOLS,2025-02-18,1.75,1.75,203457,2026-04-08T04:24:30.295737+00:00,0.0,0.0,0.591715976331364,0.0,1.73,1.6835,1.6018000000000001,2.426639092037462,2.635056404679696,62.76180054894054,0.03996865780344505,-0.00031174748353542114,0.04028040528698047,941994.9
246863,MCNICHOLS,2025-02-19,1.6,1.6,510679,2026-04-08T04:24:32.765887+00:00,-8.571428571428562,0.0,0.0,5.882352941176472,1.7100000000000002,1.685,1.6058000000000001,3.0682199789958355,2.9293541626857977,41.30883604019215,0.027519406320327455,-0.010208799173322416,0.03772820549364987,871392.25
246981,MCNICHOLS,2025-02-20,1.6,1.6,94200,2026-04-08T04:24:35.351909+00:00,0.0,-8.571428571428562,0.0,0.0,1.69,1.6865,1.6098,3.0682199789958355,2.9293541626857977,41.30883604019215,0.017452107792866878,-0.016220878160626395,0.03367298595349327,873027.25
247099,MCNICHOLS,2025-02-21,1.6,1.6,164802,2026-04-08T04:24:37.680479+00:00,0.0,0.0,2.941176470588247,-2.777777777777779,1.6600000000000001,1.688,1.6138,3.0682199789958355,2.9293541626857977,41.30883604019214,0.009365738772288301,-0.01944579774496398,0.02881153651725228,879210.7
247217,MCNICHOLS,2025-02-25,1.66,1.66,508923,2026-04-08T04:24:43.419296+00:00,3.7499999999999867,0.0,0.0,-3.4285714285714364,1.6420000000000001,1.6925000000000001,1.619,3.1720449745206403,2.9690090670489964,49.86950922636137,0.007709857188959779,-0.016881343462634004,0.024591200651593783,899478.55
247335,MCNICHOLS,2025-02-26,1.7,1.7,975452,2026-04-08T04:24:45.860894+00:00,2.4096385542168752,3.7499999999999867,0.0,0.591715976331364,1.6320000000000001,1.6974999999999998,1.625,3.1870753366506186,2.98217022127435,54.62153136584879,0.009515535638614514,-0.012060532010383415,0.02157606764899793,931677.2
247453,MCNICHOLS,2025-02-27,1.75,1.75,374661,2026-04-08T04:24:48.27846+00:00,2.941176470588247,2.4096385542168752,-8.571428571428562,0.0,1.6620000000000001,1.7049999999999996,1.6320000000000001,3.2374197785155068,3.0024027953067622,59.75680561247971,0.01481040581269033,-0.005412529469046079,0.02022293528173641,943820.25
247571,MCNICHOLS,2025-02-28,1.7,1.7,3945665,2026-04-08T04:24:50.63724+00:00,-2.857142857142858,2.941176470588247,0.0,0.0,1.682,1.705,1.6380000000000001,3.0191239934161915,3.0389128272808854,53.265334243928976,0.014801424828701837,-0.0043372083624276594,0.019138633191129496,1063131.05
247689,MCNICHOLS,2025-03-03,1.7,1.7,1989748,2026-04-08T04:24:55.222854+00:00,0.0,-2.857142857142858,0.0,2.941176470588247,1.702,1.705,1.6440000000000001,3.0191239934161915,3.0389128272808854,53.265334243928976,0.014625711239210082,-0.0036103375615355315,0.018236048800745613,1084646.0
247807,MCNICHOLS,2025-03-04,1.7,1.7,52828,2026-04-08T04:24:57.762887+00:00,0.0,0.0,3.7499999999999867,0.0,1.7100000000000002,1.705,1.6476,3.0191239934161915,2.803131587605632,53.265334243928976,0.01432136912505877,-0.0031317437405494752,0.017453112865608245,1075598.3
247926,MCNICHOLS,2025-03-05,1.55,1.55,450600,2026-04-08T04:25:00.108696+00:00,-8.823529411764696,0.0,2.4096385542168752,0.0,1.6800000000000002,1.6975000000000002,1.6478000000000004,3.6123071651738243,3.078617367638085,37.85645579998124,0.001953905997161831,-0.012399365494757132,0.014353271491918963,1092343.45
248045,MCNICHOLS,2025-03-06,1.55,1.55,66447,2026-04-08T04:25:02.52336+00:00,0.0,-8.823529411764696,2.941176470588247,-8.571428571428562,1.64,1.685,1.6480000000000001,3.3000982778247443,3.078617367638085,37.85645579998124,-0.007757968601585397,-0.01768899207480349,0.009931023473218092,1051335.75
248164,MCNICHOLS,2025-03-07,1.62,1.62,282266,2026-04-08T04:25:04.19753+00:00,4.516129032258065,0.0,-2.857142857142858,0.0,1.624,1.6759999999999997,1.6495999999999997,3.4984312778998103,3.142408323017857,46.2690014171423,-0.009694531679218077,-0.015700444121948934,0.006005912442730858,959882.05
248283,MCNICHOLS,2025-03-10,1.64,1.64,229516,2026-04-08T04:25:07.959889+00:00,1.2345679012345512,4.516129032258065,0.0,0.0,1.612,1.6704999999999999,1.6516,3.47380806425047,3.14605109259515,48.41757298821724,-0.009505861364780044,-0.012409419046008723,0.002903557681228678,910698.4
248402,MCNICHOLS,2025-03-11,1.64,1.64,299651,2026-04-08T04:25:10.446731+00:00,0.0,1.2345679012345512,0.0,3.7499999999999867,1.6,1.668,1.6536,3.3931239526467274,3.14605109259515,48.41757298821724,-0.009249713837915063,-0.009722617215314993,0.00047290337739992945,752325.05
248521,MCNICHOLS,2025-03-12,1.64,1.64,98452,2026-04-08T04:25:12.888859+00:00,0.0,0.0,-8.823529411764696,2.4096385542168752,1.6179999999999999,1.6649999999999998,1.6556,3.3894135825198926,3.14605109259515,48.41757298821724,-0.008943618609312587,-0.007533217589370013,-0.001410401019942574,693907.35
248640,MCNICHOLS,2025-03-13,1.64,1.64,33775,2026-04-08T04:25:15.353849+00:00,0.0,0.0,0.0,2.941176470588247,1.636,1.6620000000000001,1.6562000000000001,3.3894135825198926,3.0822105014037793,48.41757298821724,-0.00860187883067165,-0.005753182248583261,-0.002848696582088389,633233.7
248759,MCNICHOLS,2025-03-14,1.64,1.64,86400,2026-04-08T04:25:17.75152+00:00,0.0,0.0,4.516129032258065,-2.857142857142858,1.64,1.659,1.6568,3.3894135825198926,3.0822105014037793,48.41757298821724,-0.008236106880674665,-0.004309928238869021,-0.003926178641805644,599382.8
248878,MCNICHOLS,2025-03-17,1.64,1.64,95319,2026-04-08T04:25:23.327657+00:00,0.0,0.0,1.2345679012345512,0.0,1.64,1.6535,1.6574,3.312400645260603,3.0822105014037793,48.417572988217245,-0.007855674647706534,-0.003143596804720712,-0.004712077842985822,528192.05
248997,MCNICHOLS,2025-03-18,1.64,1.64,216500,2026-04-08T04:25:25.763099+00:00,0.0,0.0,0.0,0.0,1.64,1.6480000000000001,1.6578,3.312400645260603,3.0812535696872616,48.417572988217245,-0.007468091848113589,-0.0022048112041022135,-0.005263280644011376,533967.05
249116,MCNICHOLS,2025-03-19,1.57,1.57,1352220,2026-04-08T04:25:28.144043+00:00,-4.2682926829268215,0.0,0.0,-8.823529411764696,1.626,1.639,1.6548000000000003,3.4295176856277325,3.012366879149751,39.2007694097465,-0.012663369234779065,-0.005920070872614151,-0.006743298362164914,591405.2
249235,MCNICHOLS,2025-03-20,1.57,1.57,11900,2026-04-08T04:25:31.01834+00:00,0.0,-4.2682926829268215,0.0,0.0,1.6119999999999997,1.6375,1.6540000000000001,2.852653383410165,2.873804084712651,39.200769409746506,-0.01658943135555946,-0.007876906394715635,-0.008712524960843824,566466.25
249354,MCNICHOLS,2025-03-21,1.57,1.57,526000,2026-04-08T04:25:33.389958+00:00,0.0,0.0,0.0,4.516129032258065,1.598,1.636,1.6532000000000002,2.852653383410165,2.873804084712651,39.2007694097465,-0.019476352602830982,-0.008611062113589725,-0.010865290489241257,588056.25
249473,MCNICHOLS,2025-03-24,1.65,1.65,554815,2026-04-08T04:25:38.388993+00:00,5.095541401273884,0.0,0.0,1.2345679012345512,1.6,1.6384999999999998,1.6540000000000001,3.0765712457359085,2.963099274577703,52.1913789860483,-0.015134466370889,-0.003415340705318194,-0.011719125665570805,607556.9
249592,MCNICHOLS,2025-03-25,1.6,1.6,559490,2026-04-08T04:25:40.7685+00:00,-3.0303030303030165,5.095541401273884,0.0,0.0,1.592,1.6355,1.6520000000000001,3.038117128668399,2.8865054782399118,45.629319806299485,-0.015548835090924085,-0.0030637675402826227,-0.012485067550641462,610085.25
249711,MCNICHOLS,2025-03-26,1.6,1.6,48547,2026-04-08T04:25:43.344812+00:00,0.0,-3.0303030303030165,-4.2682926829268215,0.0,1.598,1.6305,1.65,2.9789248240592046,2.8865054782399118,45.62931980629949,-0.015696288246610735,-0.0025689765567754163,-0.013127311689835318,563740.0
249830,MCNICHOLS,2025-03-27,1.6,1.6,165667,2026-04-08T04:25:45.817232+00:00,0.0,0.0,0.0,0.0,1.6039999999999999,1.623,1.6498,2.88367280808418,2.786701468366017,45.629319806299485,-0.01563293914355457,-0.0020045019629753996,-0.01362843718057917,553290.3
249949,MCNICHOLS,2025-03-28,1.6,1.6,142742,2026-04-08T04:25:48.177352+00:00,0.0,0.0,0.0,0.0,1.61,1.6179999999999999,1.6496000000000002,2.826082490345965,2.786701468366017,45.629319806299485,-0.015405153502772162,-0.0014213730577543934,-0.013983780445017769,363144.15
250068,MCNICHOLS,2025-04-02,1.6,1.6,2040865,2026-04-08T04:25:54.663823+00:00,0.0,0.0,5.095541401273884,0.0,1.6,1.613,1.6496000000000002,2.826082490345965,2.785141094464102,45.62931980629948,-0.015051131664520545,-0.0008538809756022218,-0.014197250688918323,365700.0
250187,MCNICHOLS,2025-04-03,1.6,1.6,123100,2026-04-08T04:25:57.014747+00:00,0.0,0.0,-3.0303030303030165,0.0,1.6,1.6079999999999999,1.6492000000000002,2.826082490345965,2.7796500585452844,45.629319806299485,-0.014602241259457083,-0.0003239924564310062,-0.014278248803026077,369213.6
250306,MCNICHOLS,2025-04-04,1.55,1.55,312792,2026-04-08T04:25:59.489503+00:00,-3.125,0.0,0.0,-4.2682926829268215,1.59,1.608,1.6478,2.115629482710605,2.8148713607758467,38.147380334118665,-0.018072743178459305,-0.003035595500346582,-0.015037147678112723,362323.2
250425,MCNICHOLS,2025-04-07,1.55,1.55,245800,2026-04-08T04:26:04.211964+00:00,0.0,-3.125,0.0,0.0,1.58,1.608,1.6474000000000002,2.115629482710605,2.7805333695856516,38.14738033411866,-0.020585840201284622,-0.004438954018537517,-0.016146886182747105,371290.85
250544,MCNICHOLS,2025-04-08,1.5,1.5,2037157,2026-04-08T04:26:06.766331+00:00,-3.2258064516129115,0.0,0.0,0.0,1.56,1.6019999999999999,1.646,1.9518224792617995,2.818008255945703,32.052072087732384,-0.026308798379267362,-0.008129529757216206,-0.018179268622051156,459035.4
250663,MCNICHOLS,2025-04-10,1.6,1.6,56000,2026-04-08T04:26:10.263658+00:00,6.666666666666665,-3.2258064516129115,0.0,5.095541401273884,1.56,1.6,1.6466,2.49001609257566,2.973907522513946,49.44908404976561,-0.02251557417820793,-0.0034690444449254204,-0.01904652973328251,450359.6
250782,MCNICHOLS,2025-04-11,1.6,1.6,134760,2026-04-08T04:26:12.610372+00:00,0.0,6.666666666666665,0.0,-3.0303030303030165,1.56,1.5979999999999999,1.6472,2.49001609257566,2.973907522513946,49.4490840497656,-0.0192870871354609,-0.00019244592174271283,-0.019094641213718188,442115.05
250901,MCNICHOLS,2025-04-14,1.6,1.6,176268,2026-04-08T04:26:17.137975+00:00,0.0,0.0,-3.125,0.0,1.57,1.596,1.6472,2.49001609257566,2.9621761104643203,49.44908404976561,-0.016537849855411846,0.002045433086645076,-0.01858328294205692,446005.85
251020,MCNICHOLS,2025-04-15,1.6,1.6,299400,2026-04-08T04:26:19.634971+00:00,0.0,0.0,0.0,0.0,1.58,1.594,1.6472,2.49001609257566,2.9621761104643203,49.4490840497656,-0.014195423498046589,0.0035102875552082656,-0.017705711053254854,459287.1
251139,MCNICHOLS,2025-04-16,1.6,1.6,130079,2026-04-08T04:26:22.321337+00:00,0.0,0.0,-3.2258064516129115,0.0,1.6,1.592,1.6452,2.49001609257566,2.8235485939648837,49.44908404976561,-0.01219841796452048,0.0044058344709875,-0.01660425243550798,461471.05
251258,MCNICHOLS,2025-04-17,1.63,1.63,181077,2026-04-08T04:26:24.819431+00:00,1.8749999999999822,0.0,6.666666666666665,0.0,1.6060000000000003,1.5915,1.6438,2.528751671723031,2.83707285006191,54.51031385323819,-0.008101636786236766,0.006802092519416972,-0.014903729305653738,465758.95
251377,MCNICHOLS,2025-04-22,1.61,1.61,215431,2026-04-08T04:26:31.401152+00:00,-1.2269938650306678,1.8749999999999822,0.0,0.0,1.608,1.59,1.642,2.5435766091633067,2.841986129718531,50.854768836354125,-0.006395023193151106,0.006806964890002107,-0.013201988083153213,465705.5
251496,MCNICHOLS,2025-04-23,1.61,1.61,54454,2026-04-08T04:26:33.741411+00:00,0.0,-1.2269938650306678,0.0,-3.125,1.61,1.592,1.6401999999999999,2.343249436478253,2.841986129718531,50.85476883635412,-0.0049850550140309036,0.006573546455297849,-0.011558601469328753,400817.2
251616,MCNICHOLS,2025-04-24,1.74,1.74,420900,2026-04-08T04:26:36.383131+00:00,8.074534161490664,0.0,0.0,0.0,1.6380000000000003,1.6005000000000003,1.639,2.936323124908207,2.950503692837181,67.35709025077938,0.00654680102390115,0.014484321994583922,-0.007937520970682772,421267.2
251736,MCNICHOLS,2025-04-25,1.9,1.9,522059,2026-04-08T04:26:38.677219+00:00,9.195402298850563,8.074534161490664,0.0,-3.2258064516129115,1.698,1.6170000000000002,1.641,3.5089006075437994,3.2258144315329536,77.41079168117238,0.028270656312606723,0.028966541826631595,-0.0006958855140248733,421070.15
251856,MCNICHOLS,2025-04-28,1.9,1.9,514824,2026-04-08T04:26:43.113614+00:00,0.0,9.195402298850563,1.8749999999999822,6.666666666666665,1.752,1.6295000000000002,1.6440000000000001,3.3796292010302293,3.198001959521427,77.41079168117241,0.0449685981335286,0.03653158691804278,0.008437011215485823,419070.6
251976,MCNICHOLS,2025-04-29,1.72,1.72,629102,2026-04-08T04:26:45.609073+00:00,-9.473684210526311,0.0,-1.2269938650306678,0.0,1.7739999999999998,1.6355,1.6446,4.008571537421798,3.4434023832474976,55.22063367944451,0.04317959416834194,0.027794066362284892,0.015385527806057047,422551.2
252096,MCNICHOLS,2025-04-30,1.89,1.89,2458874,2026-04-08T04:26:48.242472+00:00,9.883720930232553,-9.473684210526311,0.0,0.0,1.83,1.65,1.6484,4.527399365859194,3.7111580733133827,65.32909697489546,0.054847131299111895,0.031569282794443876,0.02327784850466802,543067.55
252216,MCNICHOLS,2025-05-02,1.75,1.75,3311347,2026-04-08T04:26:51.690529+00:00,-7.4074074074074066,9.883720930232553,8.074534161490664,0.0,1.832,1.6575,1.6494,4.895680196382407,3.8671218475336095,54.43169750982709,0.05219523439246054,0.02313390871023402,0.029061325682226524,700351.55
252336,MCNICHOLS,2025-05-05,1.7,1.7,3094487,2026-04-08T04:26:56.275381+00:00,-2.857142857142858,-7.4074074074074066,9.195402298850563,0.0,1.7919999999999998,1.6625,1.6494,4.954272575732708,3.8901451841414842,51.15007130171376,0.04553411591126677,0.013178232183232191,0.03235588372803458,847938.8
252456,MCNICHOLS,2025-05-06,1.7,1.7,1576094,2026-04-08T04:26:58.7221+00:00,0.0,-2.857142857142858,0.0,1.8749999999999822,1.752,1.6675,1.6484,4.954272575732708,3.8680849872470744,51.15007130171376,0.03979638358655624,0.005952399886817325,0.033843983699738914,824700.25
252576,MCNICHOLS,2025-05-07,1.8,1.8,4428646,2026-04-08T04:27:01.170235+00:00,5.882352941176472,0.0,-9.473684210526311,-1.2269938650306678,1.768,1.6774999999999998,1.6494,5.100539171557339,3.956058442449736,57.143233072696816,0.04282469719441484,0.007184570795740738,0.0356401263986741,1039977.55
252696,MCNICHOLS,2025-05-08,1.8,1.8,2128837,2026-04-08T04:27:03.468055+00:00,0.0,5.882352941176472,9.883720930232553,0.0,1.75,1.6900000000000002,1.6503999999999999,5.024067483684139,3.956058442449736,57.14323307269681,0.04470927683368431,0.00725532034800816,0.03745395648567615,1130779.8
252816,MCNICHOLS,2025-05-09,1.7,1.7,5911105,2026-04-08T04:27:05.963213+00:00,-5.555555555555558,0.0,-7.4074074074074066,8.074534161490664,1.7399999999999998,1.6974999999999998,1.6524,5.224255478843706,3.8419787482444407,50.025339675774774,0.03769908393757104,0.00019610196151591264,0.03750298197605513,1414045.05
252936,MCNICHOLS,2025-05-12,1.68,1.68,3395733,2026-04-08T04:27:10.449459+00:00,-1.17647058823529,-5.555555555555558,-2.857142857142858,9.195402298850563,1.736,1.7064999999999997,1.6540000000000001,5.165206169759544,3.846787360416789,48.71828621158146,0.03018170678035914,-0.005857020156556793,0.036038726936915934,1481973.85
253056,MCNICHOLS,2025-05-14,1.76,1.76,12243913,2026-04-08T04:27:13.89162+00:00,4.761904761904767,-1.17647058823529,0.0,0.0,1.748,1.7145000000000004,1.6572,5.0658896312826265,3.901058324179283,53.90617577280515,0.030329839129775937,-0.004567110245711999,0.034896949375487936,2091369.5
253176,MCNICHOLS,2025-05-15,1.93,1.93,5368293,2026-04-08T04:27:16.307455+00:00,9.659090909090896,4.761904761904767,5.882352941176472,-9.473684210526311,1.7739999999999998,1.7310000000000003,1.6625999999999999,5.451543737175312,4.093543245003058,62.571328505191275,0.04366151160718479,0.007011649785357482,0.036649861821827306,2353046.15
253296,MCNICHOLS,2025-05-16,2.12,2.12,3014514,2026-04-08T04:27:18.639316+00:00,9.844559585492242,9.659090909090896,0.0,9.883720930232553,1.8379999999999999,1.7570000000000001,1.671,5.783089590233172,4.298553464187774,69.47757245709231,0.06876568221931767,0.025692656317992286,0.04307302590132538,2494958.45
253416,MCNICHOLS,2025-05-19,2.54,2.54,8681142,2026-04-08T04:27:23.06518+00:00,19.811320754716988,9.844559585492242,-5.555555555555558,-7.4074074074074066,2.0060000000000002,1.8039999999999998,1.6868,7.055933354523276,5.0821703851704,78.79291534523934,0.12115481096421576,0.062465428050312306,0.05868938291390346,2914045.55
253536,MCNICHOLS,2025-05-20,2.54,2.54,8681142,2026-04-08T04:27:25.663956+00:00,0.0,19.811320754716988,-1.17647058823529,-2.857142857142858,2.178,1.8509999999999998,1.7035999999999998,7.055933354523276,5.055406096151115,78.79291534523934,0.16081974304680924,0.08170428810632462,0.07911545494048462,3341598.7
253656,MCNICHOLS,2025-05-21,2.3,2.3,3245291,2026-04-08T04:27:28.280255+00:00,-9.4488188976378,0.0,4.761904761904767,0.0,2.286,1.8844999999999998,1.7155999999999998,7.551128904923935,5.263088183217878,65.53730649060384,0.17091825401696847,0.07344223926118708,0.0974760147557814,3494809.4
253776,MCNICHOLS,2025-05-22,2.1,2.1,1861012,2026-04-08T04:27:30.733393+00:00,-8.695652173913038,-9.4488188976378,9.659090909090896,5.882352941176472,2.32,1.909,1.7236000000000002,7.895838557331044,5.429013686544775,56.94049873801711,0.16092799048627304,0.05076158058439331,0.11016640990187973,3577088.45
253896,MCNICHOLS,2025-05-23,2.29,2.29,1139660,2026-04-08T04:27:33.142895+00:00,9.047619047619037,-8.695652173913038,9.844559585492242,0.0,2.354,1.943,1.7383999999999997,8.055414692680147,5.386498100354599,62.03539970717239,0.16642361888260848,0.04500576718458299,0.12141785169802549,3631348.75
254016,MCNICHOLS,2025-05-26,2.45,2.45,7964184,2026-04-08T04:27:37.938794+00:00,6.986899563318794,9.047619047619037,19.811320754716988,-5.555555555555558,2.3360000000000003,1.9785,1.7564,8.016373342531605,5.452339421774057,65.7143980749643,0.18159627795230016,0.048142741003419726,0.13345353694888043,4008512.95
254136,MCNICHOLS,2025-05-27,2.21,2.21,5005492,2026-04-08T04:27:40.395447+00:00,-9.795918367346946,6.986899563318794,0.0,-1.17647058823529,2.27,1.9940000000000002,1.7682000000000002,8.24362279610321,5.639704342674928,56.81979861288128,0.17226891650602094,0.031052303645712404,0.14121661286030854,4232684.6
254256,MCNICHOLS,2025-05-28,2.41,2.41,2201763,2026-04-08T04:27:42.906627+00:00,9.04977375565612,-9.795918367346946,-9.4488188976378,4.761904761904767,2.2920000000000003,2.0195,1.7836,8.427915766107894,5.759733026984376,61.496786800804685,0.1789523921078704,0.03018862339804948,0.14876376870982091,4317031.55
254376,MCNICHOLS,2025-05-29,2.6,2.6,3726091,2026-04-08T04:27:45.903166+00:00,7.883817427385886,9.04977375565612,-8.695652173913038,9.659090909090896,2.3920000000000003,2.0635,1.8028,8.123831351449283,5.841065668109519,65.33780177121187,0.19730608504826108,0.03883385307075213,0.15847223197750895,4471881.0
254496,MCNICHOLS,2025-05-30,2.6,2.6,3305501,2026-04-08T04:27:48.4452+00:00,0.0,7.883817427385886,9.047619047619037,9.844559585492242,2.454,2.0989999999999998,1.822,7.942825834910374,5.841065668109519,65.33780177121187,0.20943725661069523,0.040772019706549006,0.16866523690414623,4514212.35
254616,MCNICHOLS,2025-06-02,2.41,2.41,1159284,2026-04-08T04:27:53.01382+00:00,-7.307692307692304,0.0,6.986899563318794,19.811320754716988,2.446,2.132,1.8374000000000001,7.936705290371554,5.959094104151849,58.562369155852494,0.2013982912352721,0.026186443464900677,0.1752118477703714,4406609.2
254736,MCNICHOLS,2025-06-03,2.4,2.4,6025833,2026-04-08T04:27:55.368454+00:00,-0.4149377593361092,-7.307692307692304,-9.795918367346946,0.0,2.4840000000000004,2.1670000000000003,1.8526000000000002,7.8781604702339205,5.960722094755779,58.220171465466706,0.19200709851965314,0.01343620059942538,0.17857089792022776,4553176.5
254856,MCNICHOLS,2025-06-04,2.4,2.4,1791951,2026-04-08T04:27:57.94541+00:00,0.0,-0.4149377593361092,9.04977375565612,-9.4488188976378,2.482,2.202,1.8678,7.8781604702339205,5.960722094755779,58.22017146546671,0.1824612113661659,0.0031122507567504787,0.1793489606094154,4563969.35
254976,MCNICHOLS,2025-06-05,2.4,2.4,1481482,2026-04-08T04:28:00.320696+00:00,0.0,0.0,7.883817427385886,-8.695652173913038,2.4419999999999997,2.232,1.883,7.836329635340306,5.960722094755779,58.220171465466706,0.17290290990555723,-0.0051568405630865455,0.17805975046864378,4416611.15
255096,MCNICHOLS,2025-06-10,2.4,2.4,1162967,2026-04-08T04:28:07.114795+00:00,0.0,0.0,0.0,9.047619047619037,2.402,2.2619999999999996,1.8995999999999997,7.836329635340306,5.915084264651787,58.220171465466706,0.16344380864832253,-0.011692753456257005,0.17513656210457954,4368317.65
255216,MCNICHOLS,2025-06-11,2.37,2.37,2029441,2026-04-08T04:28:09.38594+00:00,-1.2499999999999956,0.0,-7.307692307692304,6.986899563318794,2.3939999999999997,2.2955,1.9156,7.6832211882502515,5.922118626129046,56.87904202101595,0.15177706198070728,-0.018687600099097812,0.1704646620798051,4174234.45
255336,MCNICHOLS,2025-06-17,2.33,2.33,5533138,2026-04-08T04:28:17.228975+00:00,-1.6877637130801704,-1.2499999999999956,-0.4149377593361092,-9.795918367346946,2.38,2.3280000000000003,1.9307999999999998,7.695005313463517,5.932703589983341,55.05791435028324,0.13771591217581536,-0.0261989999231918,0.16391491209900716,4281104.7
255456,MCNICHOLS,2025-06-18,2.33,2.33,8216635,2026-04-08T04:28:19.70912+00:00,0.0,-1.6877637130801704,0.0,9.04977375565612,2.366,2.3564999999999996,1.9444,7.676163611559437,5.903923271141664,55.057914350283234,0.12512992971128956,-0.031027985910174083,0.15615791562146364,4079740.8
255576,MCNICHOLS,2025-06-19,2.2,2.2,4533368,2026-04-08T04:28:22.276816+00:00,-5.579399141630892,0.0,0.0,7.883817427385886,2.326,2.37,1.9564,7.598802131033794,5.949026461322365,49.12895620010713,0.10347276476374079,-0.04214812068617829,0.14562088544991908,4037994.55
255696,MCNICHOLS,2025-06-20,2.28,2.28,2641272,2026-04-08T04:28:24.65394+00:00,3.6363636363636154,-5.579399141630892,0.0,0.0,2.302,2.378,1.97,7.3374492276285865,5.961163428761483,52.51757588885246,0.09170749006393697,-0.04313071630878568,0.13483820637272265,4019332.45
255816,MCNICHOLS,2025-06-23,2.26,2.26,1333792,2026-04-08T04:28:29.225711+00:00,-0.8771929824561431,3.6363636363636154,-1.2499999999999956,-7.307692307692304,2.2800000000000002,2.364,1.9832000000000003,5.781636227944288,5.965097497762993,51.592319847490096,0.07984914105339103,-0.043991252255465296,0.12384039330885632,3651964.95
255936,MCNICHOLS,2025-06-24,2.3,2.3,1870996,2026-04-08T04:28:31.569579+00:00,1.7699115044247815,-0.8771929824561431,-1.6877637130801704,-0.4149377593361092,2.274,2.352,1.9972,5.801955560544877,5.965122838266072,53.362067034431,0.07283933324110103,-0.04080084805420424,0.11364018129530527,3311457.65
256056,MCNICHOLS,2025-06-25,2.35,2.35,2328364,2026-04-08T04:28:33.910697+00:00,2.1739130434782705,1.7699115044247815,0.0,0.0,2.278,2.3545,2.0122,5.40978578855904,5.966362892042532,55.54966108362048,0.07050584469026333,-0.03450746928403356,0.10501331397429689,3265611.3
256176,MCNICHOLS,2025-06-26,2.37,2.37,2566352,2026-04-08T04:28:36.389223+00:00,0.8510638297872353,2.1739130434782705,-5.579399141630892,0.0,2.312,2.368,2.0276,4.983588782558504,5.964834583849504,56.43001941892309,0.06946956910553004,-0.028434995895013485,0.09790456500054352,3300878.3
256296,MCNICHOLS,2025-06-27,2.17,2.17,3143379,2026-04-08T04:28:38.797599+00:00,-8.438818565400851,0.8510638297872353,3.6363636363636154,0.0,2.29,2.362,2.04,4.980404300027845,6.08520824533279,46.50994531982199,0.05191158032426513,-0.03679438774102273,0.08870596806528785,3401064.25
256416,MCNICHOLS,2025-07-01,2.53,2.53,7245720,2026-04-08T04:28:44.517216+00:00,16.589861751152068,-8.438818565400851,-0.8771929824561431,-1.2499999999999956,2.344,2.366,2.0596,6.0522326704252105,6.477409926023002,60.104986356906174,0.06628168506459353,-0.017939426400555458,0.08422111146514899,3365141.05
256536,MCNICHOLS,2025-07-02,2.78,2.78,1546290,2026-04-08T04:28:47.139962+00:00,9.881422924901194,16.589861751152068,1.7699115044247815,-1.6877637130801704,2.44,2.3945,2.0852,5.917372224096495,6.559982352853622,66.4769488650105,0.09672798723932807,0.010005500619343272,0.0867224866199848,3192180.95
256656,MCNICHOLS,2025-07-03,3.05,3.05,4876067,2026-04-08T04:28:49.506141+00:00,9.712230215827343,9.881422924901194,2.1739130434782705,0.0,2.5799999999999996,2.4265,2.1142000000000003,5.964618036206,6.623275099913995,71.72874766522148,0.1410180759831876,0.043436471490562234,0.09758160449262537,3325896.15
256776,MCNICHOLS,2025-07-04,2.78,2.78,6333063,2026-04-08T04:28:51.76506+00:00,-8.852459016393443,9.712230215827343,0.8510638297872353,-5.579399141630892,2.662,2.4355,2.1378,6.169770042561102,6.780841217123868,61.374119702046535,0.15257278282258557,0.04399294266396815,0.10857984015861742,3456244.75
256896,MCNICHOLS,2025-07-07,2.74,2.74,3055039,2026-04-08T04:28:56.230166+00:00,-1.4388489208632893,-8.852459016393443,-8.438818565400851,3.6363636363636154,2.776,2.4425,2.1606,6.184405339804209,6.78965032032588,59.992404827704824,0.15669601145376522,0.038492937036118224,0.11820307441764699,3443721.65
257016,MCNICHOLS,2025-07-08,3.01,3.01,3263890,2026-04-08T04:28:58.705995+00:00,9.85401459854014,-1.4388489208632893,16.589861751152068,-0.8771929824561431,2.872,2.4724999999999997,2.1888,6.243382832642255,6.893317461112627,65.61893818785238,0.17967921324225333,0.049180911059685056,0.13049830218256828,3548951.95
257136,MCNICHOLS,2025-07-09,3.26,3.26,7688440,2026-04-08T04:29:01.058721+00:00,8.30564784053156,9.85401459854014,9.881422924901194,1.7699115044247815,2.968,2.5155,2.222,6.419599984184074,6.956248913889044,69.84741479558865,0.2155813888515561,0.06806646933519025,0.14751491951636583,3632082.3
257256,MCNICHOLS,2025-07-10,3.58,3.58,8933185,2026-04-08T04:29:03.550316+00:00,9.81595092024541,8.30564784053156,9.712230215827343,2.1739130434782705,3.0740000000000003,2.5744999999999996,2.261,6.65122483816178,7.051146456447017,74.21831248102556,0.26678017157848455,0.09541220164969497,0.17136796992878958,3989144.0
257376,MCNICHOLS,2025-07-11,3.93,3.93,3167969,2026-04-08T04:29:06.089999+00:00,9.77653631284916,9.81595092024541,-8.852459016393443,0.8510638297872353,3.304,2.6510000000000002,2.3074,6.835920712235059,7.125311675153192,77.9783981726297,0.33177317603316103,0.12832416488349715,0.20344901114966388,4073468.35
257496,MCNICHOLS,2025-07-14,4.32,4.32,8561380,2026-04-08T04:29:10.69196+00:00,9.92366412213741,9.77653631284916,-1.4388489208632893,-8.438818565400851,3.62,2.747,2.3616,6.987180788185909,7.204985172194272,81.25840145978417,0.4100238413348807,0.16525986414817342,0.24476397718670725,4443389.0
257616,MCNICHOLS,2025-07-16,3.89,3.89,5963701,2026-04-08T04:29:14.112969+00:00,-9.95370370370371,9.92366412213741,9.85401459854014,16.589861751152068,3.7960000000000003,2.8229999999999995,2.4046,7.5294770814351875,7.356664483851717,69.04716223894066,0.43235671196916314,0.1500741878259647,0.28228252414319843,4640102.0
257736,MCNICHOLS,2025-07-17,3.51,3.51,2060046,2026-04-08T04:29:16.489777+00:00,-9.768637532133685,-9.95370370370371,8.30564784053156,9.881422924901194,3.846,2.882,2.4368,7.984520040839176,7.460033605752461,60.40775432063461,0.4146134429564885,0.10586473505063204,0.30874870790585646,4466447.4
257856,MCNICHOLS,2025-07-18,3.82,3.82,4539004,2026-04-08T04:29:18.854517+00:00,8.83190883190883,-9.768637532133685,9.81595092024541,9.712230215827343,3.8939999999999997,2.9565,2.4752,8.090131093425988,7.527984345992837,64.32893620598999,0.4207164265738341,0.08957417493438213,0.331142251639452,4282565.85
257976,MCNICHOLS,2025-07-21,3.44,3.44,2729887,2026-04-08T04:29:23.300994+00:00,-9.947643979057585,8.83190883190883,9.77653631284916,-8.852459016393443,3.7960000000000003,3.0185,2.5096000000000003,8.382253971672654,7.5425986495780695,56.89093098463662,0.39039008693985977,0.047398268240326225,0.34299181869953355,4192391.8
258096,MCNICHOLS,2025-07-22,3.44,3.44,1032011,2026-04-08T04:29:25.922592+00:00,0.0,-9.947643979057585,9.92366412213741,-1.4388489208632893,3.62,3.0765,2.5406,8.39783790542658,7.45190120165895,56.89093098463662,0.3621812443555221,0.015351540524790819,0.3468297038307313,4111928.75
258216,MCNICHOLS,2025-07-23,3.25,3.25,1828373,2026-04-08T04:29:29.05968+00:00,-5.523255813953487,0.0,-9.95370370370371,9.85401459854014,3.492,3.126,2.5706,8.556332409476065,7.410733791486951,53.31615908432885,0.3207961825660206,-0.020826817011768584,0.3416229995777892,4136657.8
258336,MCNICHOLS,2025-07-24,3.56,3.56,4492757,2026-04-08T04:29:31.486978+00:00,9.53846153846154,-5.523255813953487,-9.768637532133685,8.30564784053156,3.502,3.189,2.6077999999999997,8.711746027893524,7.468779900347902,57.95791516657713,0.3094455366333224,-0.025741970355573407,0.3351875069888958,4267745.85
258456,MCNICHOLS,2025-07-25,3.56,3.56,1089970,2026-04-08T04:29:33.980938+00:00,0.0,9.53846153846154,8.83190883190883,9.81595092024541,3.45,3.2495,2.645,8.730444751153133,7.468779900347902,57.95791516657713,0.29702613555632773,-0.030529097146054507,0.32755523270238224,4205826.15
258575,MCNICHOLS,2025-07-28,3.6,3.6,853650,2026-04-08T04:29:38.78621+00:00,1.1235955056179803,0.0,-9.947643979057585,9.77653631284916,3.482,3.311,2.6809999999999996,8.7280171809687,7.4454281186119,58.57430183287456,0.2871018055323997,-0.03236274173598602,0.31946454726838575,4120191.05
258694,MCNICHOLS,2025-07-29,3.68,3.68,1040359,2026-04-08T04:29:41.392621+00:00,2.2222222222222143,1.1235955056179803,0.0,9.92366412213741,3.53,3.3865000000000003,2.7186000000000003,8.343707590581788,7.441934331372922,59.84239588152968,0.28243628422553346,-0.029622610434281826,0.3120588946598153,4015040.05
258813,MCNICHOLS,2025-07-30,3.78,3.78,1045437,2026-04-08T04:29:43.881641+00:00,2.717391304347827,2.2222222222222143,-5.523255813953487,-9.95370370370371,3.636,3.4490000000000003,2.7601999999999998,7.707245801558405,7.368781269228677,61.431699339240694,0.2835395221278407,-0.022815498025579695,0.3063550201534204,3705025.9
258932,MCNICHOLS,2025-07-31,3.7,3.7,1060669,2026-04-08T04:29:46.315218+00:00,-2.116402116402105,2.717391304347827,9.53846153846154,-9.768637532133685,3.664,3.4949999999999997,2.8006,7.552352412161384,7.377910895630809,59.40613969113943,0.2747908963005563,-0.02525129908229129,0.3000421953828476,3680744.85
259051,MCNICHOLS,2025-08-01,3.5,3.5,3236138,2026-04-08T04:29:48.711654+00:00,-5.405405405405405,-2.116402116402105,0.0,8.83190883190883,3.652,3.5174999999999996,2.8354000000000004,7.465428828184181,7.435997765709255,54.562503776042945,0.24885062368601085,-0.04095325735746941,0.28980388104348026,3598748.4
259169,MCNICHOLS,2025-08-04,3.45,3.45,3069706,2026-04-08T04:29:53.303607+00:00,-1.4285714285714235,-5.405405405405405,1.1235955056179803,-9.947643979057585,3.622,3.5509999999999997,2.8657999999999997,7.129099466336365,7.357190701531546,53.3905004546931,0.22170253974371956,-0.054481073039808536,0.2761836127835281,3435580.55
259288,MCNICHOLS,2025-08-05,3.47,3.47,1367787,2026-04-08T04:29:55.780422+00:00,0.5797101449275477,-1.4285714285714235,2.2222222222222143,0.0,3.5799999999999996,3.5875,2.8928,7.102129247311052,7.25688297940525,53.817820875553025,0.19950159033316428,-0.06134561796029103,0.2608472082934553,3351217.95
259407,MCNICHOLS,2025-08-06,3.5,3.5,2160652,2026-04-08T04:29:58.241852+00:00,0.8645533141210304,0.5797101449275477,2.717391304347827,-5.523255813953487,3.524,3.6119999999999997,2.912,6.819595360868099,6.744064534691265,54.49179749662257,0.18222732409602704,-0.06289590735794262,0.24512323145396966,3296056.05
259526,MCNICHOLS,2025-08-07,3.5,3.5,1321953,2026-04-08T04:30:00.56444+00:00,0.0,0.8645533141210304,-2.116402116402105,9.53846153846154,3.4840000000000004,3.6239999999999997,2.9312,6.5992037188480435,6.744064534691265,54.49179749662256,0.1666166901598536,-0.06280523303529287,0.22942192319514645,2977731.7
259645,MCNICHOLS,2025-08-08,3.5,3.5,567411,2026-04-08T04:30:02.234883+00:00,0.0,0.0,-5.405405405405405,0.0,3.4840000000000004,3.6199999999999997,2.9551999999999996,6.229442315907994,6.5795641091685155,54.49179749662256,0.15248737080632857,-0.06154764191105433,0.2140350127173829,2559443.0
259764,MCNICHOLS,2025-08-11,3.45,3.45,1044564,2026-04-08T04:30:07.037349+00:00,-1.4285714285714235,0.0,-1.4285714285714235,1.1235955056179803,3.4840000000000004,3.596,2.9821999999999997,5.799740459865866,6.438574864571061,52.88519901102794,0.13569103945178496,-0.06267517861247834,0.1983662180642633,2453272.75
259883,MCNICHOLS,2025-08-12,3.38,3.38,3278786,2026-04-08T04:30:09.28323+00:00,-2.0289855072463836,-1.4285714285714235,0.5797101449275477,2.2222222222222143,3.4659999999999997,3.5489999999999995,3.0040000000000004,5.261171686590132,6.352983556144321,50.63441046632485,0.11540113836829091,-0.06637206375677793,0.18177320212506884,2189143.05
260002,MCNICHOLS,2025-08-13,3.5,3.5,1591057,2026-04-08T04:30:11.815521+00:00,3.5502958579881616,-2.0289855072463836,0.8645533141210304,2.717391304347827,3.4659999999999997,3.5295,3.025,4.918623551592892,6.305044351473361,54.230608361161856,0.10776202910494614,-0.059208938416098145,0.1669709675210443,1970510.85
260121,MCNICHOLS,2025-08-14,3.5,3.5,871646,2026-04-08T04:30:14.350221+00:00,0.0,3.5502958579881616,0.0,-2.116402116402105,3.4659999999999997,3.529000000000001,3.0508000000000006,4.397941336268974,6.114976345609831,54.230608361161856,0.10054891467805271,-0.05313764227439327,0.15368655695244599,1911090.85
260240,MCNICHOLS,2025-08-15,3.5,3.5,838514,2026-04-08T04:30:16.786076+00:00,0.0,0.0,0.0,-5.405405405405405,3.4659999999999997,3.5129999999999995,3.0726000000000004,3.886288027171989,6.00798929428463,54.23060836116184,0.09375175762361465,-0.04794783946306508,0.14169959708667973,1726066.35
260359,MCNICHOLS,2025-08-18,3.78,3.78,1806762,2026-04-08T04:30:21.560319+00:00,7.999999999999985,0.0,-1.4285714285714235,-1.4285714285714235,3.532,3.53,3.0962,3.6199047866021705,6.010758199800466,62.24582209936757,0.10969413591288824,-0.0256043689390332,0.13529850485192144,1679910.1
260478,MCNICHOLS,2025-08-19,3.78,3.78,4584526,2026-04-08T04:30:23.869462+00:00,0.0,7.999999999999985,-2.0289855072463836,0.5797101449275477,3.6119999999999997,3.5469999999999997,3.1198,3.6199047866021705,6.010758199800466,62.24582209936757,0.12093452761060508,-0.011491181793053085,0.13242570940365817,1857535.85
260597,MCNICHOLS,2025-08-20,3.5,3.5,4387413,2026-04-08T04:30:26.318672+00:00,-7.4074074074074066,0.0,3.5502958579881616,0.8645533141210304,3.6119999999999997,3.5595,3.1416000000000004,3.805576143104508,6.013561486565327,51.73787410827641,0.10602674871154472,-0.021119168553690754,0.12714591726523547,1985487.85
260716,MCNICHOLS,2025-08-21,3.46,3.46,641642,2026-04-08T04:30:28.670378+00:00,-1.1428571428571455,-7.4074074074074066,0.0,0.0,3.604,3.5545,3.1628,3.155315282683822,6.017747324119792,50.428186550905885,0.0899476997312374,-0.02975857402719846,0.11970627375843586,1792932.1
260835,MCNICHOLS,2025-08-22,3.2,3.2,3385095,2026-04-08T04:30:30.96965+00:00,-7.514450867052014,-1.1428571428571455,0.0,0.0,3.5439999999999996,3.5365,3.1788,3.5642953759748974,6.1336269500949,42.837496716138176,0.05558436848192283,-0.05129752422121042,0.10688189270313325,1907688.35
260954,MCNICHOLS,2025-08-25,3.5,3.5,677724,2026-04-08T04:30:35.521871+00:00,9.375,-7.514450867052014,7.999999999999985,-1.4285714285714235,3.4880000000000004,3.5315000000000003,3.2008000000000005,4.18249676189697,6.252113572099692,51.844605890953545,0.05195971444349157,-0.043937742607713354,0.09589745705120492,1898892.05
261073,MCNICHOLS,2025-08-26,3.55,3.55,545384,2026-04-08T04:30:37.91594+00:00,1.4285714285714235,9.375,0.0,-2.0289855072463836,3.442,3.525,3.2237999999999998,4.163443761728626,6.250966020906625,53.16907061924553,0.05251635627157558,-0.034704880623703485,0.08722123689527907,1874143.3
261192,MCNICHOLS,2025-08-27,3.55,3.55,553141,2026-04-08T04:30:40.231113+00:00,0.0,1.4285714285714235,-7.4074074074074066,3.5502958579881616,3.4519999999999995,3.5134999999999996,3.2474000000000003,4.11074177137079,6.244383415458035,53.16907061924554,0.052353994669401605,-0.027893793780701975,0.08024778845010358,1849528.5
261311,MCNICHOLS,2025-08-28,3.8,3.8,635933,2026-04-08T04:30:42.59826+00:00,7.042253521126751,0.0,-1.1428571428571455,0.0,3.5200000000000005,3.5185000000000004,3.2767999999999997,4.3905827499329675,6.289594082526845,59.61076932064533,0.07157318150907255,-0.006939685552824829,0.07851286706189738,1828291.7
261430,MCNICHOLS,2025-08-29,3.8,3.8,1123441,2026-04-08T04:30:45.09102+00:00,0.0,7.042253521126751,-7.514450867052014,0.0,3.6399999999999997,3.5335,3.3062,4.187474656763832,6.289594082526845,59.61076932064533,0.08581530018392547,0.005841946497622472,0.079973353686303,1722656.85
261549,MCNICHOLS,2025-09-01,3.8,3.8,321611,2026-04-08T04:30:49.608802+00:00,0.0,0.0,9.375,7.999999999999985,3.7,3.5510000000000006,3.3382,4.165069579118252,6.216395883620285,59.61076932064534,0.09599570313221184,0.012817879556727071,0.08317782357548477,1585252.1
261668,MCNICHOLS,2025-09-02,3.51,3.51,1074651,2026-04-08T04:30:52.312491+00:00,-7.631578947368423,0.0,1.4285714285714235,0.0,3.692,3.553,3.3627999999999996,4.550509434864957,6.332602842366783,49.705160929166084,0.07974393104745436,-0.002747114022424335,0.0824910450698787,1570595.3
261787,MCNICHOLS,2025-09-03,3.51,3.51,942574,2026-04-08T04:30:55.837007+00:00,0.0,-7.631578947368423,0.0,-7.4074074074074066,3.6839999999999997,3.5535000000000005,3.3878,4.547523111605597,6.328338842059375,49.70516092916609,0.06610229843349957,-0.013110997309103312,0.07921329574260288,1509691.4
261906,MCNICHOLS,2025-09-04,3.51,3.51,120671,2026-04-08T04:30:58.198935+00:00,0.0,0.0,7.042253521126751,-1.1428571428571455,3.626,3.554,3.4120000000000004,4.547523111605597,6.329339657503336,49.705160929166084,0.05466110708714211,-0.019641750924368623,0.07430285801151074,1449627.3
262025,MCNICHOLS,2025-09-08,3.51,3.51,639206,2026-04-08T04:31:03.728068+00:00,0.0,0.0,0.0,-7.514450867052014,3.567999999999999,3.5545,3.4352,4.547523111605597,6.328876436519831,49.705160929166084,0.04507429213387448,-0.023382852702109005,0.06845714483598349,1453217.05
262144,MCNICHOLS,2025-09-09,3.8,3.8,1102875,2026-04-08T04:31:06.294869+00:00,8.26210826210827,0.0,0.0,9.375,3.568,3.572,3.4638,4.878915992462519,6.411580008302249,58.89295788933443,0.0601834907644041,-0.006618923257263515,0.06680241402166762,1456132.6
262263,MCNICHOLS,2025-09-10,3.8,3.8,131185,2026-04-08T04:31:08.610575+00:00,0.0,8.26210826210827,-7.631578947368423,1.4285714285714235,3.626,3.593,3.4964,4.84240482107621,6.263445880826315,58.89295788933443,0.07133533025254657,0.0036263329847031622,0.06770899726784341,1298752.55
262382,MCNICHOLS,2025-09-11,3.8,3.8,2011711,2026-04-08T04:31:10.974873+00:00,0.0,0.0,0.0,0.0,3.6839999999999997,3.6079999999999997,3.5218000000000003,4.797207925639527,5.864538688945924,58.89295788933443,0.07925958819621881,0.009240472742700317,0.0700191154535185,1319785.25
262501,MCNICHOLS,2025-09-12,3.94,3.94,1724062,2026-04-08T04:31:13.547359+00:00,3.684210526315801,0.0,0.0,7.042253521126751,3.7699999999999996,3.63,3.545,4.846646934536474,5.736761042269471,62.97152726427292,0.0957329003948657,0.02057102795307776,0.07516187244178794,1362406.05
262620,MCNICHOLS,2025-09-15,3.55,3.55,2200707,2026-04-08T04:31:18.268622+00:00,-9.898477157360407,3.684210526315801,0.0,0.0,3.778,3.6324999999999994,3.555,5.396603929615496,5.7893595624857275,48.52717963731082,0.07643725724115713,0.0010203078394953463,0.07541694940166178,1430515.7
262739,MCNICHOLS,2025-09-16,3.55,3.55,1471800,2026-04-08T04:31:20.741189+00:00,0.0,-9.898477157360407,8.26210826210827,0.0,3.7279999999999993,3.621,3.5704000000000002,5.075748548697799,5.631716199018896,48.52717963731083,0.06044850824903625,-0.011974752922100429,0.07242326117113668,1413767.6
262858,MCNICHOLS,2025-09-17,3.55,3.55,950234,2026-04-08T04:31:23.24235+00:00,0.0,0.0,0.0,-7.631578947368423,3.678,3.6094999999999997,3.5866000000000002,5.075748548697799,5.624521172586677,48.52717963731083,0.04723283871675843,-0.020152337963502603,0.06738517668026103,1232053.0
262977,MCNICHOLS,2025-09-18,3.89,3.89,3101327,2026-04-08T04:31:25.598019+00:00,9.577464788732403,0.0,0.0,0.0,3.6959999999999993,3.629,3.6042,5.223397820629715,5.615438216634064,58.813820422008384,0.06346292283002564,-0.0031378030801883228,0.06660072591021396,1167748.7
263096,MCNICHOLS,2025-09-19,3.7,3.7,1168693,2026-04-08T04:31:28.111008+00:00,-4.884318766066842,9.577464788732403,3.684210526315801,0.0,3.6479999999999997,3.6409999999999996,3.6129999999999995,5.3566310004365,5.558871741557508,52.49971378845167,0.06029888134805539,-0.005041475649726859,0.06534035699778225,1194101.25
263215,MCNICHOLS,2025-09-22,3.33,3.33,4332432,2026-04-08T04:31:32.624882+00:00,-9.999999999999998,-4.884318766066842,-9.898477157360407,0.0,3.604,3.6474999999999995,3.608,5.576015844251409,5.580548053142811,42.85178218310134,0.02761709521433975,-0.030178609426754002,0.05779570464109375,1241468.1
263334,MCNICHOLS,2025-09-23,3.33,3.33,457314,2026-04-08T04:31:35.170326+00:00,0.0,-9.999999999999998,0.0,8.26210826210827,3.56,3.6389999999999993,3.596,5.155387965971888,5.399649223888416,42.85178218310133,0.0016969824860515459,-0.044878977724033764,0.04657596021008531,1230447.6
263453,MCNICHOLS,2025-09-24,3.33,3.33,187238,2026-04-08T04:31:37.673105+00:00,0.0,0.0,0.0,0.0,3.5160000000000005,3.6279999999999992,3.5762,5.142669481202463,5.199079035075134,42.85178218310134,-0.018630136973274425,-0.052164877746687786,0.03353474077341336,1212540.3
263572,MCNICHOLS,2025-09-25,3.64,3.64,2114756,2026-04-08T04:31:40.100841+00:00,9.30930930930931,0.0,9.577464788732403,0.0,3.466,3.6324999999999994,3.5712,5.564958755016249,5.189302269440507,52.06914132589172,-0.009614288834873808,-0.03451922368662974,0.02490493485175593,1290621.05
263691,MCNICHOLS,2025-09-26,3.64,3.64,910031,2026-04-08T04:31:42.548783+00:00,0.0,9.30930930930931,-4.884318766066842,3.684210526315801,3.4540000000000006,3.6245,3.5738,5.332024924776767,4.994255601349633,52.069141325891714,-0.0024410256058149393,-0.021876768366056697,0.019435742760241757,1304325.95
263810,MCNICHOLS,2025-09-29,3.6,3.6,691144,2026-04-08T04:31:47.029675+00:00,-1.098901098901095,0.0,-9.999999999999998,-9.898477157360407,3.508,3.6145000000000005,3.5694,5.336827084973635,4.83881433102382,50.84200130542032,1.5987187388155633e-05,-0.01553580445828288,0.015551791645671036,1282711.1
263929,MCNICHOLS,2025-09-30,3.6,3.6,648736,2026-04-08T04:31:49.320364+00:00,0.0,-1.098901098901095,0.0,0.0,3.5620000000000003,3.6045000000000003,3.5726,5.336827084973635,4.621223533724573,50.842001305420325,0.0019408150203834573,-0.010888781300230063,0.01282959632061352,1299067.35
264048,MCNICHOLS,2025-10-02,3.55,3.55,805543,2026-04-08T04:31:52.706523+00:00,-1.388888888888895,0.0,0.0,0.0,3.6060000000000003,3.6064999999999996,3.5748,5.0500930410895695,4.626592668241632,49.16232536820094,-0.0005618505237983129,-0.010713157475529467,0.010151306951731155,1285611.95
264167,MCNICHOLS,2025-10-03,3.49,3.49,1058041,2026-04-08T04:31:55.311341+00:00,-1.6901408450704092,-1.388888888888895,9.30930930930931,9.577464788732403,3.5760000000000005,3.6055,3.5796000000000006,5.0673423735093435,4.56167392360204,47.14932314218164,-0.007302550303156519,-0.013963085803910138,0.0066605355007536195,1291385.3
264286,MCNICHOLS,2025-10-06,3.2,3.2,2204632,2026-04-08T04:31:59.803196+00:00,-8.309455587392556,-1.6901408450704092,0.0,-4.884318766066842,3.4880000000000004,3.5900000000000007,3.5724,5.404830927527584,4.517642241939995,38.86586617779494,-0.03563440853139266,-0.03383595522571702,-0.001798453305675636,1395583.35
264405,MCNICHOLS,2025-10-07,3.21,3.21,11352549,2026-04-08T04:32:02.285104+00:00,0.31249999999998224,-8.309455587392556,-1.098901098901095,-9.999999999999998,3.41,3.575,3.5654000000000003,5.406261877290527,4.518017568212099,39.26212816578241,-0.056627922430649846,-0.04386357529997937,-0.012764347130670478,1931250.5
264524,MCNICHOLS,2025-10-08,3.34,3.34,918936,2026-04-08T04:32:04.646463+00:00,4.049844236760114,0.31249999999998224,0.0,0.0,3.3579999999999997,3.5520000000000005,3.5602000000000005,5.129878886655108,4.55309377868375,44.315284040250525,-0.062060129361058536,-0.039436625784310446,-0.02262350357674809,1922053.55
264643,MCNICHOLS,2025-10-09,3.34,3.34,360690,2026-04-08T04:32:07.004133+00:00,0.0,4.049844236760114,-1.388888888888895,0.0,3.316,3.529000000000001,3.5534000000000003,5.129878886655108,4.5413119686186665,44.315284040250525,-0.0656088940004258,-0.03438831233894216,-0.031220581661483636,1933528.8
264762,MCNICHOLS,2025-10-10,3.34,3.34,394560,2026-04-08T04:32:10.69692+00:00,0.0,0.0,-1.6901408450704092,9.30930930930931,3.286,3.5059999999999993,3.5446000000000004,5.129878886655108,4.5232235238114225,44.315284040250525,-0.06764158545291687,-0.029136803033146585,-0.03850478241977029,1852671.25
264881,MCNICHOLS,2025-10-13,3.34,3.34,183910,2026-04-08T04:32:15.267586+00:00,0.0,0.0,-8.309455587392556,0.0,3.314,3.476,3.5373999999999994,5.036378703414713,4.514309485907767,44.315284040250525,-0.06846330570255565,-0.023966818626228292,-0.04449648707632736,1775663.65
265000,MCNICHOLS,2025-10-14,3.34,3.34,357281,2026-04-08T04:32:17.792097+00:00,0.0,0.0,0.31249999999998224,-1.098901098901095,3.34,3.4655,3.5342,4.547625025536482,4.449023884710681,44.31528404025052,-0.06832689500694444,-0.019064326344493662,-0.04926256866245078,1683492.35
265119,MCNICHOLS,2025-10-15,3.22,3.22,779401,2026-04-08T04:32:20.093513+00:00,-3.59281437125748,0.0,4.049844236760114,0.0,3.316,3.4490000000000003,3.5296,4.609593568721293,4.473702168715056,39.879097901116985,-0.07701401602882241,-0.022201157893097297,-0.05481285813572511,1648872.4
265238,MCNICHOLS,2025-10-16,3.22,3.22,1154977,2026-04-08T04:32:22.728593+00:00,0.0,-3.59281437125748,0.0,-1.388888888888895,3.2920000000000003,3.4325,3.5246,4.609593568721293,4.4728154436288285,39.879097901116985,-0.08294251237327055,-0.022503723390036354,-0.060438788983234196,1659109.55
265357,MCNICHOLS,2025-10-17,3.3,3.3,669169,2026-04-08T04:32:25.167177+00:00,2.4844720496894235,0.0,0.0,-1.6901408450704092,3.2840000000000003,3.403,3.5206,4.040423494663945,4.4854331469288775,44.1980990985889,-0.08026036549358428,-0.01585726120828007,-0.06440310428530421,1537501.65
265476,MCNICHOLS,2025-10-20,3.26,3.26,1069405,2026-04-08T04:32:29.532096+00:00,-1.2121212121212088,2.4844720496894235,0.0,-8.309455587392556,3.268,3.3810000000000002,3.5158,3.9239599319096965,4.488603830289507,42.5520856647915,-0.08043520351669509,-0.012825679385112698,-0.06760952413158239,1532537.25
265595,MCNICHOLS,2025-10-21,3.3,3.3,1454293,2026-04-08T04:32:31.920152+00:00,1.2269938650306678,-1.2121212121212088,0.0,0.31249999999998224,3.2600000000000002,3.3795,3.5118,3.246517280953544,4.492196686216409,44.767275421367536,-0.07646466118703321,-0.007084109644360653,-0.06938055154267256,1388630.3
265714,MCNICHOLS,2025-10-22,3.3,3.3,1085225,2026-04-08T04:32:34.332447+00:00,0.0,1.2269938650306678,-3.59281437125748,4.049844236760114,3.276,3.378,3.5088,3.246517280953544,4.487586053581479,44.76727542136754,-0.07248244527419834,-0.0024815149852206175,-0.07000093028897772,1420025.85
265833,MCNICHOLS,2025-10-23,3.22,3.22,458309,2026-04-08T04:32:36.79914+00:00,-2.4242424242424176,0.0,0.0,0.0,3.276,3.3725,3.5055999999999994,3.2916379695154276,4.491597579666852,41.09197343375212,-0.07491823115133078,-0.003933840689882451,-0.07098439046144833,1433579.4
265952,MCNICHOLS,2025-10-24,3.29,3.29,635608,2026-04-08T04:32:39.249323+00:00,2.1739130434782483,-2.4242424242424176,2.4844720496894235,0.0,3.274,3.3549999999999995,3.5014,2.5101340767815747,4.4735898746343015,45.321951433842955,-0.07038879579978108,0.00047647572933380566,-0.07086527152911488,1359622.0
266071,MCNICHOLS,2025-10-28,3.0,3.0,3847323,2026-04-08T04:32:44.921336+00:00,-8.814589665653493,2.1739130434782483,-1.2121212121212088,0.0,3.222,3.3229999999999995,3.4914,3.121912664431328,4.643039402385209,34.32525861056691,-0.08917184450384052,-0.014645258379780507,-0.07452658612406002,1506486.6
266190,MCNICHOLS,2025-10-29,3.2,3.2,793059,2026-04-08T04:32:47.450266+00:00,6.666666666666665,-8.814589665653493,1.2269938650306678,0.0,3.2019999999999995,3.303,3.4854,3.551131886630145,4.743583090230261,44.35317225714036,-0.08691728899273166,-0.00991256229493731,-0.07700472669779435,1511582.35
266309,MCNICHOLS,2025-10-30,3.3,3.3,1477453,2026-04-08T04:32:49.91761+00:00,3.124999999999978,6.666666666666665,0.0,-3.59281437125748,3.2020000000000004,3.2880000000000003,3.4758,3.6430495599417867,4.62292745842836,48.58075932591994,-0.07618318095419685,0.0006572365948779996,-0.07684041754907485,1553018.2
266428,MCNICHOLS,2025-10-31,2.97,2.97,4617376,2026-04-08T04:32:52.375955+00:00,-9.999999999999986,3.124999999999978,-2.4242424242424176,0.0,3.152,3.2589999999999995,3.4596,4.231223172452141,4.827397746906613,38.2528096730153,-0.09322986917523979,-0.01311156130093194,-0.08011830787430785,1743609.85
266547,MCNICHOLS,2025-11-03,2.91,2.91,1193197,2026-04-08T04:32:57.290654+00:00,-2.020202020202022,-9.999999999999986,2.1739130434782483,2.4844720496894235,3.076,3.2300000000000004,3.4477999999999995,4.235518393796189,4.726083657602849,36.72410691035357,-0.11030941271964378,-0.024152883876268752,-0.08615652884337503,1750367.65
266666,MCNICHOLS,2025-11-04,2.85,2.85,1984140,2026-04-08T04:32:59.739678+00:00,-2.0618556701030966,-2.020202020202022,-8.814589665653493,-1.2121212121212088,3.0460000000000003,3.2125,3.4356,3.8682930307424366,4.731378813190794,35.20881667913532,-0.127220058941389,-0.03285082407841117,-0.09436923486297782,1739343.05
266785,MCNICHOLS,2025-11-05,2.85,2.85,3013322,2026-04-08T04:33:02.152799+00:00,0.0,-2.0618556701030966,6.666666666666665,1.2269938650306678,2.976,3.1945,3.4285999999999994,3.8654501221528865,4.614684030782654,35.20881667913532,-0.13901933949755518,-0.03572008370766189,-0.1032992557898933,1322381.7
266904,MCNICHOLS,2025-11-06,2.75,2.75,1983622,2026-04-08T04:33:04.646202+00:00,-3.508771929824561,0.0,3.124999999999978,0.0,2.8660000000000005,3.165,3.4135999999999997,3.76329810759523,4.429307906323399,32.60812690916952,-0.15465673207577568,-0.04108598102870589,-0.11357075104706979,1375616.0
267023,MCNICHOLS,2025-11-07,3.02,3.02,3091792,2026-04-08T04:33:07.145499+00:00,9.818181818181815,-3.508771929824561,-9.999999999999986,-2.4242424242424176,2.8760000000000003,3.149,3.403,4.462084422749968,4.652646193133645,44.52320585095932,-0.14360731905784885,-0.024029254408623232,-0.11957806464922562,1512171.1
267142,MCNICHOLS,2025-11-10,2.94,2.94,2790554,2026-04-08T04:33:11.744122+00:00,-2.6490066225165587,9.818181818181815,-2.020202020202022,2.1739130434782483,2.882,3.1290000000000004,3.3908,4.488605458839605,4.66520089309345,42.145534271695865,-0.13969558727391318,-0.016094018099750043,-0.12360156917416314,1631970.8
267261,MCNICHOLS,2025-11-11,2.8,2.8,3059672,2026-04-08T04:33:14.17228+00:00,-4.761904761904767,-2.6490066225165587,-2.0618556701030966,-8.814589665653493,2.872,3.102,3.3708000000000005,4.583773602386713,4.58565802350788,38.29170174057026,-0.1462069588132926,-0.018084311711303563,-0.12812264710198903,1775758.9
267380,MCNICHOLS,2025-11-12,2.8,2.8,5324429,2026-04-08T04:33:16.719178+00:00,0.0,-4.761904761904767,0.0,6.666666666666665,2.8619999999999997,3.075,3.3508,4.583773602386713,4.58565802350788,38.29170174057026,-0.14964228456279782,-0.01721570996864702,-0.1324265745941508,2024116.3
267499,MCNICHOLS,2025-11-13,3.02,3.02,5760836,2026-04-08T04:33:19.052814+00:00,7.857142857142874,0.0,-3.508771929824561,3.124999999999978,2.9159999999999995,3.065,3.3352,4.916593474991316,4.73549882334445,47.106416751658024,-0.13307859636582497,-0.0005216174173393318,-0.13255697894848564,2273188.05
267618,MCNICHOLS,2025-11-14,3.02,3.02,4630165,2026-04-08T04:33:21.762061+00:00,0.0,7.857142857142874,9.818181818181815,-9.999999999999986,2.9159999999999995,3.055,3.3254,4.916593474991316,4.617464857709038,47.10641675165803,-0.11858478257770333,0.011177757096625857,-0.12976253967432919,2446947.45
267737,MCNICHOLS,2025-11-17,3.0,3.0,3000526,2026-04-08T04:33:26.271116+00:00,-0.6622516556291425,0.0,-2.6490066225165587,-2.020202020202022,2.928,3.04,3.3152000000000004,4.876180344442368,4.617842852090586,46.40749348247021,-0.10747327852629462,0.01783140891842766,-0.12530468744472228,2563515.3
267856,MCNICHOLS,2025-11-18,2.73,2.73,3847536,2026-04-08T04:33:29.067053+00:00,-8.999999999999996,-0.6622516556291425,-4.761904761904767,-2.0618556701030966,2.9139999999999997,3.0135,3.2996,5.244645674302004,4.7820333584652825,38.17319832499179,-0.11908137901563265,0.004978646743271725,-0.12406002575890437,2702421.85
267975,MCNICHOLS,2025-11-19,2.73,2.73,2270844,2026-04-08T04:33:31.487527+00:00,0.0,-8.999999999999996,0.0,0.0,2.9,2.9850000000000003,3.284,5.227429129781317,4.7820333584652825,38.17319832499179,-0.12681899188886758,-0.0022071729039705584,-0.12461181898489702,2743249.4
268094,MCNICHOLS,2025-11-20,2.57,2.57,1476516,2026-04-08T04:33:33.887172+00:00,-5.860805860805862,0.0,7.857142857142874,-3.508771929824561,2.81,2.9485,3.2594,5.342456994797274,4.67657074366717,34.02412705811407,-0.14419952628369392,-0.01567016583903752,-0.1285293604446564,2762813.95
268213,MCNICHOLS,2025-11-21,2.57,2.57,567997,2026-04-08T04:33:36.654129+00:00,0.0,-5.860805860805862,0.0,9.818181818181815,2.72,2.916,3.2348000000000003,5.33847688869455,4.67657074366717,34.024127058114075,-0.1561734546410798,-0.022115275357138697,-0.1340581792839411,2768298.35
268332,MCNICHOLS,2025-11-24,2.75,2.75,3053543,2026-04-08T04:33:41.368891+00:00,7.003891050583655,0.0,-0.6622516556291425,-2.6490066225165587,2.6700000000000004,2.889,3.2138,5.592117837376919,4.800337696979522,42.218290490779744,-0.14941600871434702,-0.012286263544324716,-0.1371297451700223,2889195.1
268451,MCNICHOLS,2025-11-25,2.7,2.7,3555726,2026-04-08T04:33:44.004166+00:00,-1.8181818181818077,7.003891050583655,-8.999999999999996,-4.761904761904767,2.664,2.8739999999999997,3.1889999999999996,5.270213105191756,4.764670908218456,40.70591651140104,-0.1464075709231536,-0.007422260602505032,-0.13898531032064856,2874615.25
268570,MCNICHOLS,2025-11-26,2.7,2.7,2369675,2026-04-08T04:33:46.260048+00:00,0.0,-1.8181818181818077,0.0,0.0,2.658,2.849,3.1720000000000006,5.004277356444124,4.574002331207912,40.70591651140104,-0.14238207042095796,-0.0027174080802475076,-0.13966466234071045,2953446.05
268689,MCNICHOLS,2025-11-27,2.7,2.7,476005,2026-04-08T04:33:48.488035+00:00,0.0,0.0,-5.860805860805862,7.857142857142874,2.684,2.819,3.155,4.925848979203724,4.574002331207912,40.70591651140104,-0.1376056005640134,0.0016472494213576605,-0.13925284998537105,2903373.65
268808,MCNICHOLS,2025-11-28,2.7,2.7,1269236,2026-04-08T04:33:50.826192+00:00,0.0,0.0,0.0,0.0,2.71,2.8055,3.1379999999999995,4.434787954141573,4.574002331207912,40.705916511401036,-0.13229519710841275,0.0055661223015666395,-0.1378613194099794,2735966.65
268927,MCNICHOLS,2025-12-01,2.7,2.7,4966318,2026-04-08T04:33:55.236541+00:00,0.0,0.0,7.003891050583655,-0.6622516556291425,2.7,2.7950000000000004,3.1142000000000003,4.4185166481443146,4.34037562865311,40.705916511401036,-0.1266269870265786,0.008987465906720643,-0.13561445293329924,2924622.7
269046,MCNICHOLS,2025-12-02,2.7,2.7,1561936,2026-04-08T04:33:57.748335+00:00,0.0,0.0,-1.8181818181818077,-8.999999999999996,2.7,2.7875,3.0942000000000003,4.398817472298038,4.297530735332347,40.70591651140103,-0.1207430391046107,0.011897131062950844,-0.13264017016756155,2903512.5
269165,MCNICHOLS,2025-12-03,2.66,2.66,1923155,2026-04-08T04:34:00.349419+00:00,-1.4814814814814836,0.0,0.0,0.0,2.692,2.778,3.0808,4.408106961523605,4.077966769266582,38.96402749307602,-0.11794800253777371,0.011753734103830266,-0.12970173664160398,2849004.15
269284,MCNICHOLS,2025-12-04,2.66,2.66,3512586,2026-04-08T04:34:03.142475+00:00,0.0,-1.4814814814814836,0.0,-5.860805860805862,2.684,2.7735,3.0673999999999997,4.341029683557463,4.077966769266582,38.96402749307602,-0.11441402229267039,0.012230171479146873,-0.12664419377181727,2925452.35
269403,MCNICHOLS,2025-12-05,2.6,2.6,1737992,2026-04-08T04:34:05.808951+00:00,-2.2556390977443663,0.0,0.0,0.0,2.6640000000000006,2.7525000000000004,3.0528000000000004,3.681903232751659,4.08629705637975,36.264398707035724,-0.1151276956357643,0.009213198508842363,-0.12434089414460667,2857762.35
269522,MCNICHOLS,2025-12-08,2.7,2.7,3927058,2026-04-08T04:34:10.334331+00:00,3.8461538461538547,-2.2556390977443663,0.0,7.003891050583655,2.664,2.7405,3.034,3.784246317326061,3.8893577896391878,43.31378199935827,-0.10639763690872117,0.01435460578870841,-0.12075224269742958,2914587.55
269641,MCNICHOLS,2025-12-09,2.68,2.68,4885119,2026-04-08T04:34:12.926221+00:00,-0.7407407407407418,3.8461538461538547,0.0,-1.8181818181818077,2.66,2.7345,3.0148,3.642025771758065,3.8887437551468422,42.30595674334832,-0.09994078022048214,0.016649169981557965,-0.1165899502020401,3005859.9
269760,MCNICHOLS,2025-12-10,2.68,2.68,889347,2026-04-08T04:34:15.295879+00:00,0.0,-0.7407407407407418,-1.4814814814814836,0.0,2.6640000000000006,2.7285,2.9964000000000004,3.642025771758065,3.888601336365288,42.30595674334832,-0.0937430630975542,0.018277509683588725,-0.11202057278114293,2784105.8
269879,MCNICHOLS,2025-12-11,2.8,2.8,1716426,2026-04-08T04:34:17.804745+00:00,4.477611940298498,0.0,0.0,0.0,2.6919999999999997,2.7175000000000002,2.9804000000000004,3.3143567724328653,3.9517206835534173,50.34561128849664,-0.07824635523090073,0.027019374040193764,-0.1052657292710945,2581885.3
269998,MCNICHOLS,2025-12-12,2.95,2.95,3550001,2026-04-08T04:34:20.615101+00:00,5.35714285714286,4.477611940298498,-2.2556390977443663,0.0,2.762,2.714,2.9684000000000004,3.5500618622087874,4.032450104817334,58.188816366348185,-0.053247551572059404,0.04161454215922808,-0.09486209373128748,2527877.1
270117,MCNICHOLS,2025-12-15,3.08,3.08,6104722,2026-04-08T04:34:25.240467+00:00,4.406779661016946,5.35714285714286,3.8461538461538547,0.0,2.838,2.718,2.9602,3.6830136529940325,4.081114602736295,63.5608739581454,-0.022684414214595883,0.05774214361335328,-0.08042655782794916,2683086.9
270236,MCNICHOLS,2025-12-16,3.19,3.19,2442958,2026-04-08T04:34:27.867795+00:00,3.5714285714285587,4.406779661016946,-0.7407407407407418,0.0,2.9400000000000004,2.741,2.96,3.0490183481264754,3.9408403902157847,67.3800171546095,0.010294504389850356,0.07257684977423962,-0.06228234538438926,2612858.0
270355,MCNICHOLS,2025-12-18,3.0,3.0,1443055,2026-04-08T04:34:31.321522+00:00,-5.956112852664575,3.5714285714285587,0.0,-1.4814814814814836,3.004,2.7545,2.9558,3.4040727595101385,4.031644050744997,56.38687983888981,0.02085867703561517,0.06651281793600355,-0.04565414090038838,2571468.55
270474,MCNICHOLS,2025-12-19,2.9,2.9,1880944,2026-04-08T04:34:33.771022+00:00,-3.3333333333333326,-5.956112852664575,4.477611940298498,0.0,3.024,2.771,2.947,3.194919325487728,4.013394427344116,51.613913136771174,0.020920536777617738,0.05325974214240489,-0.032339205364787155,2591689.95
270593,MCNICHOLS,2025-12-22,2.95,2.95,2859702,2026-04-08T04:34:38.115277+00:00,1.7241379310344973,-3.3333333333333326,5.35714285714286,-2.2556390977443663,3.024,2.79,2.9391999999999996,3.1996048676233393,4.0225685375855615,53.72316609602441,0.024719195700524832,0.04564672085224959,-0.020927525151724757,2706275.2
270712,MCNICHOLS,2025-12-23,2.9,2.9,2408027,2026-04-08T04:34:40.661369+00:00,-1.6949152542372947,1.7241379310344973,4.406779661016946,3.8461538461538547,2.988,2.7975000000000003,2.9304,2.878435389154218,4.028258929265034,51.31420145960748,0.02342504875179907,0.035482059122819064,-0.01205701037101999,2673999.4
270831,MCNICHOLS,2025-12-24,2.95,2.95,3551519,2026-04-08T04:34:43.221402+00:00,1.7241379310344973,-1.6949152542372947,3.5714285714285587,-0.7407407407407418,2.94,2.81,2.9226000000000005,2.8497465799887394,4.037394169709566,53.556918762632314,0.026132767823289438,0.03055182255544754,-0.004419054732158105,2673789.05
270950,MCNICHOLS,2025-12-29,3.0,3.0,4420971,2026-04-08T04:34:48.902152+00:00,1.6949152542372836,1.7241379310344973,-5.956112852664575,0.0,2.94,2.825,2.9158000000000004,2.859834206581692,4.04593727041281,55.7519998425589,0.031944994812938,0.029091239636076884,0.0028537551768611155,2776353.85
271069,MCNICHOLS,2025-12-30,3.0,3.0,767935,2026-04-08T04:34:51.359097+00:00,0.0,1.6949152542372836,-3.3333333333333326,4.477611940298498,2.96,2.8400000000000003,2.9114000000000004,2.859834206581692,4.015037613409185,55.75199984255891,0.03613468838245826,0.026624746564477712,0.009509941817980545,2790950.35
271188,MCNICHOLS,2025-12-31,3.27,3.27,5144033,2026-04-08T04:34:53.061316+00:00,9.000000000000007,0.0,1.7241379310344973,5.35714285714286,3.024,2.8685,2.9124,3.4192820528710057,4.214651209715868,65.85804175195727,0.060543882052225495,0.04082715218739596,0.019716729864829537,2984690.2
271307,MCNICHOLS,2026-01-02,3.59,3.59,2730151,2026-04-08T04:34:56.467348+00:00,9.78593272171253,9.000000000000007,-1.6949152542372947,4.406779661016946,3.162,2.9130000000000003,2.9182,3.928371097362393,4.419813363012066,73.56437695898943,0.10450500094389836,0.06783061686325506,0.0366743840806433,2872881.85
271426,MCNICHOLS,2026-01-05,3.94,3.94,4136186,2026-04-08T04:35:01.008466+00:00,9.749303621169926,9.78593272171253,1.7241379310344973,3.5714285714285587,3.3599999999999994,2.975,2.9318,4.3172578744970185,4.6127375861193,79.1165648675801,0.16567676074855475,0.10320190133432916,0.06247485941422559,3001594.35
271545,MCNICHOLS,2026-01-06,4.33,4.33,4202221,2026-04-08T04:35:03.366972+00:00,9.898477157360407,9.749303621169926,1.6949152542372836,-5.956112852664575,3.626,3.0585,2.9524,4.577217807240758,4.800464557137127,83.32036758864585,0.24282641004566674,0.14428124050515292,0.09854516954051382,3115547.65
271664,MCNICHOLS,2026-01-07,4.76,4.76,17287216,2026-04-08T04:35:05.819661+00:00,9.930715935334877,9.898477157360407,0.0,-3.3333333333333326,3.978,3.1635,2.9816000000000003,4.816941235633719,4.9750019275831185,86.53801243484271,0.33480603373946494,0.18900869135916087,0.14579734238030406,3804279.15
271783,MCNICHOLS,2026-01-08,5.0,5.0,5306943,2026-04-08T04:35:08.163488+00:00,5.042016806722693,9.930715935334877,9.000000000000007,1.7241379310344973,4.324,3.2835,3.0172000000000003,4.667216777591095,4.986592467544213,87.93677075124201,0.4221996872461218,0.22112187589265417,0.2010778113534676,3982726.7
271902,MCNICHOLS,2026-01-09,5.5,5.5,5900422,2026-04-08T04:35:10.591402+00:00,10.000000000000009,5.042016806722693,9.78593272171253,-1.6949152542372947,4.706,3.4234999999999998,3.0614,4.893847695777142,5.144370643924578,90.21730013399478,0.5257451458368516,0.2597338675867072,0.2660112782501444,4081394.9
272021,MCNICHOLS,2026-01-12,6.05,6.05,15735582,2026-04-08T04:35:15.220756+00:00,9.999999999999986,10.000000000000009,9.749303621169926,1.7241379310344973,5.128,3.592,3.1224000000000003,4.966000646042378,5.087582450997571,92.00726623584804,0.6447537513328725,0.3029939784661824,0.34175977286669007,4623918.05
272140,MCNICHOLS,2026-01-13,6.65,6.65,12536530,2026-04-08T04:35:17.864544+00:00,9.917355371900838,9.999999999999986,9.898477157360407,1.6949152542372836,5.5920000000000005,3.7905,3.1914,5.012225542766305,5.174493219915402,93.42140619139127,0.7785097385296655,0.34939997253038035,0.4291097659992852,5206277.2
272259,MCNICHOLS,2026-01-14,7.31,7.31,5289556,2026-04-08T04:35:20.278959+00:00,9.92481203007518,9.917355371900838,9.930715935334877,0.0,6.102,4.016,3.2716,5.142114871332148,5.303082879318521,94.5613111178076,0.9270819821906322,0.3983777729530775,0.5287042092375547,5384933.7
272378,MCNICHOLS,2026-01-15,6.58,6.58,7878051,2026-04-08T04:35:23.159853+00:00,-9.986320109439117,9.92481203007518,5.042016806722693,9.000000000000007,6.417999999999999,4.1975,3.3438,6.139674310380677,5.30246522155272,78.38337470307641,0.9746860821279641,0.35678549831232753,0.6179005838156366,5601336.2
272497,MCNICHOLS,2026-01-16,6.0,6.0,10460478,2026-04-08T04:35:25.571119+00:00,-8.814589665653493,-9.986320109439117,10.000000000000009,9.78593272171253,6.517999999999999,4.343500000000001,3.4056,6.8003988888007,5.484693023243654,68.37433179821775,0.9546074016557542,0.269365454272094,0.6852419473836602,5819124.0
272616,MCNICHOLS,2026-01-19,6.0,6.0,8768385,2026-04-08T04:35:30.272746+00:00,0.0,-8.814589665653493,9.999999999999986,9.749303621169926,6.508,4.484,3.4686000000000003,6.8481578866124675,5.46429022130002,68.37433179821775,0.9279975249136436,0.19420446202398678,0.7337930628896568,6135395.35
272736,MCNICHOLS,2026-01-20,6.3,6.3,15649783,2026-04-08T04:35:32.536083+00:00,5.000000000000004,0.0,9.917355371900838,9.898477157360407,6.438,4.649,3.5376000000000003,6.486442822122368,5.479318624910905,70.6245072454314,0.9205054844471618,0.149369937246004,0.7711355472011578,6845731.75
272856,MCNICHOLS,2026-01-21,6.93,6.93,3765453,2026-04-08T04:35:34.90344+00:00,10.000000000000009,5.000000000000004,9.92481203007518,9.930715935334877,6.362,4.850499999999999,3.6212,6.379743191820555,5.54764262351406,74.6961305195678,0.9544019714384131,0.14661313938980414,0.807788832048609,6939957.2
272976,MCNICHOLS,2026-01-22,7.0,7.0,7552242,2026-04-08T04:35:36.566163+00:00,1.0101010101010166,10.000000000000009,-9.986320109439117,5.042016806722693,6.446,5.052999999999999,3.7007999999999996,6.398916917484949,5.433450330602185,75.10895714013525,0.9756667179821186,0.1343023087468076,0.841364409235311,7174584.2
273096,MCNICHOLS,2026-01-23,6.88,6.88,2925152,2026-04-08T04:35:38.92405+00:00,-1.7142857142857126,1.0101010101010166,-8.814589665653493,10.000000000000009,6.622,5.252000000000001,3.7796,6.399922681749603,5.41928627034399,72.91285395042233,0.9716357733313785,0.10421709127685397,0.8674186820545245,7200440.45
273216,MCNICHOLS,2026-01-26,7.1,7.1,3979334,2026-04-08T04:35:43.383975+00:00,3.197674418604657,-1.7142857142857126,0.0,9.999999999999986,6.841999999999999,5.4595,3.8656,6.3734011807032385,5.337177343978532,74.39120081143814,0.9749547110171921,0.08602882317013405,0.8889258878470581,7221831.2
273336,MCNICHOLS,2026-01-27,7.0,7.0,4480439,2026-04-08T04:35:45.70946+00:00,-1.4084507042253502,3.197674418604657,5.000000000000004,9.917355371900838,6.981999999999999,5.6594999999999995,3.9496,6.486718303020997,5.351731801498533,72.45546430549105,0.9584672153463387,0.05563306199942453,0.9028341533469142,7224804.6
273456,MCNICHOLS,2026-01-28,6.85,6.85,5171709,2026-04-08T04:35:48.193808+00:00,-2.1428571428571463,-1.4084507042253502,10.000000000000009,9.92481203007518,6.965999999999999,5.851999999999999,4.0262,6.5824123352921395,5.31464058418522,69.53272639796067,0.9226611464834606,0.015861594509237187,0.9067995519742235,7444993.3
273576,MCNICHOLS,2026-01-29,7.05,7.05,2402365,2026-04-08T04:35:50.479528+00:00,2.9197080291970767,-2.1428571428571463,1.0101010101010166,-9.986320109439117,6.976000000000001,6.041,4.1068,6.499614237913052,5.3106343238527645,71.20082673168683,0.9000477176423631,-0.005401467465488308,0.9054491851078514,7307909.9
273696,MCNICHOLS,2026-01-30,6.35,6.35,1957045,2026-04-08T04:35:52.855058+00:00,-9.9290780141844,2.9197080291970767,-1.7142857142857126,-8.814589665653493,6.869999999999999,6.179,4.1738,7.064798580321921,5.555999210786592,59.02084289814404,0.8162332338763472,-0.07137276098520351,0.8876059948615507,7269254.6
273816,MCNICHOLS,2026-02-02,6.93,6.93,2331719,2026-04-08T04:35:57.524813+00:00,9.133858267716533,-9.9290780141844,3.197674418604657,0.0,6.836,6.3285,4.2578,7.035728602023808,5.43646127511247,64.44765260707423,0.7875326185738976,-0.08005870103012258,0.8675913196040201,7179031.25
273936,MCNICHOLS,2026-02-03,7.25,7.25,2077892,2026-04-08T04:36:00.137559+00:00,4.6176046176046315,9.133858267716533,-1.4084507042253502,5.000000000000004,6.886,6.474500000000001,4.3482,6.864119127429588,5.440603252619616,67.04100869078142,0.7815987163446403,-0.06879408260750397,0.8503927989521443,7072814.8
274056,MCNICHOLS,2026-02-04,6.53,6.53,1607349,2026-04-08T04:36:02.592569+00:00,-9.931034482758616,4.6176046176046315,-2.1428571428571463,10.000000000000009,6.822,6.563,4.4274000000000004,7.2114712933064355,5.590768270696055,56.97129418067061,0.7106066423320359,-0.11182892529608668,0.8224355676281225,6288821.45
274176,MCNICHOLS,2026-02-05,6.56,6.56,1309595,2026-04-08T04:36:04.997535+00:00,0.45941807044409533,-9.931034482758616,2.9197080291970767,1.0101010101010166,6.723999999999999,6.641,4.5072,7.177159911738148,5.58773299757986,57.259359572252535,0.6492811525235052,-0.13852353208369395,0.7878046846071991,6088954.05
274296,MCNICHOLS,2026-02-06,6.8,6.8,2364358,2026-04-08T04:36:07.533957+00:00,3.658536585365857,0.45941807044409533,-9.9290780141844,-1.7142857142857126,6.814,6.706,4.5882,6.922688663970588,5.547008333879835,59.59010678803319,0.6129802000806563,-0.1398595876212343,0.7528397877018906,5912150.85
274416,MCNICHOLS,2026-02-09,6.81,6.81,3330433,2026-04-08T04:36:12.456447+00:00,0.14705882352941124,0.0,4.6176046176046315,-1.4084507042253502,6.7,6.7515,4.7524,6.257218538898931,5.5264937599229755,59.696314739541755,0.5440139022903523,-0.13901494286955696,0.6830288451599092,4783284.8
274536,MCNICHOLS,2026-02-10,6.98,6.98,1718640,2026-04-08T04:36:14.818506+00:00,2.496328928047009,0.14705882352941124,-9.931034482758616,-2.1428571428571463,6.789999999999999,6.735000000000001,4.838,5.8644164670089225,5.519179460535933,61.54659589778626,0.5250979059555378,-0.1263447513634971,0.651442657319035,4604739.0
274656,MCNICHOLS,2026-02-11,7.4,7.4,2771234,2026-04-08T04:36:17.460702+00:00,6.017191977077352,2.496328928047009,0.45941807044409533,2.9197080291970767,6.958,6.775999999999999,4.932,5.521103982754216,5.538777241385707,65.73225235365211,0.537797932690876,-0.09091577970252729,0.6287137123934032,4349398.15
268,MCNICHOLS,2026-02-12,7.0,7.0,2638599,2026-02-12T09:24:02.214819+00:00,-5.405405405405405,6.017191977077352,3.658536585365857,-9.9290780141844,6.998,6.825999999999999,5.018,5.2570360109558445,5.634252598853494,59.13082141145083,0.5097105128089803,-0.09520255966753832,0.6049130724765186,3958304.2
274896,MCNICHOLS,2026-02-13,7.7,7.7,12337536,2026-04-08T04:36:22.38356+00:00,10.000000000000009,-5.405405405405405,0.0,9.133858267716533,7.178,6.911,5.118,5.628712835590452,5.735549102212358,65.63507799493368,0.5377364885390161,-0.05374126715000205,0.5914777556890182,4136761.75
275016,MCNICHOLS,2026-02-16,8.47,8.47,10423856,2026-04-08T04:36:26.879081+00:00,10.000000000000009,10.000000000000009,0.14705882352941124,4.6176046176046315,7.51,7.019500000000001,5.2342,5.901171029609239,5.811287826607951,71.08618304913576,0.6149906121048394,0.018810285132656923,0.5961803269721825,3875465.4
275136,MCNICHOLS,2026-02-17,8.4,8.4,7596987,2026-04-08T04:36:29.440312+00:00,-0.8264462809917439,10.000000000000009,2.496328928047009,-9.931034482758616,7.794000000000001,7.093000000000001,5.349,5.583524038713604,5.819735788193835,69.99912238070971,0.6629248614842753,0.05339562760967431,0.609529233874601,4067042.1
275256,MCNICHOLS,2026-02-18,9.2,9.2,5529829,2026-04-08T04:36:31.166521+00:00,9.523809523809511,-0.8264462809917439,6.017191977077352,0.45941807044409533,8.154,7.203,5.481,5.891171141157871,5.861918928806909,74.75122241353262,0.7567431496136425,0.11777113259123317,0.6389720170224094,3965921.45
275376,MCNICHOLS,2026-02-19,8.28,8.28,5232970,2026-04-08T04:36:33.575564+00:00,-9.999999999999998,9.523809523809511,-5.405405405405405,3.658536585365857,8.41,7.273000000000001,5.5926,6.401364644688419,6.128940273599302,62.4921029319263,0.748233339462991,0.08740905795246534,0.6608242815105256,4081312.35
571,MCNICHOLS,2026-02-20,8.9,8.9,4404171,2026-02-20T23:15:44.934622+00:00,7.487922705314021,-9.999999999999998,10.000000000000009,0.0,8.65,7.363000000000001,5.7170000000000005,6.544706315571701,6.151947321748845,66.48155610985226,0.7824979230832723,0.09733891325819721,0.685159009825075,4102554.2
719,MCNICHOLS,2026-02-23,8.9,8.9,3887131,2026-02-23T07:00:01.990412+00:00,0.0,7.487922705314021,10.000000000000009,0.14705882352941124,8.736,7.458,5.8414,6.521100601008234,6.151947321748845,66.48155610985226,0.8004260393318319,0.09221362360540541,0.7082124157264265,4072888.8
867,MCNICHOLS,2026-02-24,8.47,8.47,7761974,2026-02-24T07:00:01.929914+00:00,-4.831460674157295,0.0,-0.8264462809917439,2.496328928047009,8.75,7.539,5.9548000000000005,6.625108030834978,6.234722707819528,61.24209269534211,0.7710486256880342,0.05026896796928615,0.7207796577187481,4202402.05
1015,MCNICHOLS,2026-02-25,8.47,8.47,1255689,2026-02-25T07:00:01.953057+00:00,0.0,-4.831460674157295,9.523809523809511,6.017191977077352,8.604,7.610000000000001,6.0652,6.619168719966649,6.229394854988573,61.2420926953421,0.7392452545917481,0.014772477498399939,0.7244727770933481,4145068.25
1163,MCNICHOLS,2026-02-26,8.47,8.47,529882,2026-02-26T07:00:01.915173+00:00,0.0,0.0,-9.999999999999998,-5.405405405405405,8.642,7.716000000000001,6.172999999999999,6.097802388732697,6.230460813724875,61.24209269534211,0.705903636159138,-0.014855312747368177,0.7207589489065062,4073710.1
1851,MCNICHOLS,2026-02-27,8.47,8.47,521750,2026-02-27T07:00:02.056517+00:00,0.0,0.0,7.487922705314021,10.000000000000009,8.556000000000001,7.793000000000001,6.278599999999999,5.8427204743541825,6.235275580659137,61.2420926953421,0.6717367996531429,-0.0392177194026907,0.7109545190558336,3983211.65
2732,MCNICHOLS,2026-02-28,8.47,8.47,521750,2026-02-28T18:00:03.453641+00:00,0.0,0.0,0.0,10.000000000000009,8.47,7.854000000000001,6.388,5.7903427863957955,6.133079528825365,61.24209269534211,0.6373127904287532,-0.05891338290166437,0.6962261733304176,3905404.55
2880,MCNICHOLS,2026-03-01,8.47,8.47,521750,2026-03-01T18:00:03.821122+00:00,0.0,0.0,-4.831460674157295,-0.8264462809917439,8.47,7.9510000000000005,6.4994000000000005,5.205312626059867,6.088764352007898,61.242092695342095,0.603079589008745,-0.074517267457338,0.677596856466083,3851124.6
3028,MCNICHOLS,2026-03-02,7.63,7.63,2604966,2026-03-02T07:00:01.981706+00:00,-9.917355371900838,0.0,0.0,9.523809523809511,8.302000000000001,8.0045,6.593000000000001,5.79191188331676,6.330856846105044,49.38232681316724,0.5023774558277285,-0.1401755205106836,0.6425529763384121,3915893.15
3992,MCNICHOLS,2026-03-03,7.0,7.0,4639965,2026-03-03T07:00:01.858909+00:00,-8.25688073394495,-9.917355371900838,0.0,-9.999999999999998,8.008,8.0145,6.675,6.099766860324261,6.4777530099921075,42.7030301495722,0.3674982636679269,-0.2200437701363882,0.5875420338043151,4029673.5
5429,MCNICHOLS,2026-03-04,6.45,6.45,3666406,2026-03-04T07:00:02.010027+00:00,-7.857142857142851,-8.25688073394495,0.0,7.487922705314021,7.604000000000001,7.997000000000002,6.745,6.368672521515944,6.625610495783856,37.8853564191556,0.21376102464052682,-0.29902480733103065,0.5127858319715575,4094775.9
7147,MCNICHOLS,2026-03-05,6.35,6.35,3288748,2026-03-05T07:00:02.0033+00:00,-1.5503875968992276,-7.857142857142851,0.0,0.0,7.1800000000000015,7.974000000000001,6.811999999999999,6.376917139798128,6.642453728700514,37.066547025714684,0.0828983897940967,-0.34390995374196864,0.42680834353606534,4092691.65
9663,MCNICHOLS,2026-03-06,6.4,6.4,1687547,2026-03-06T07:00:02.033178+00:00,0.7874015748031704,-1.5503875968992276,0.0,-4.831460674157295,6.766,7.945,6.88,6.35090353238232,6.639208557710217,37.79052056579666,-0.016585422576116393,-0.3547150128897454,0.338129590313629,4091137.0
11321,MCNICHOLS,2026-03-07,6.4,6.4,1687547,2026-03-07T18:00:06.285951+00:00,0.0,0.7874015748031704,-9.917355371900838,0.0,6.5200000000000005,7.8950000000000005,6.9426,6.179009693932195,6.559964371788814,37.79052056579667,-0.0943395727513412,-0.34597533045197615,0.25163575770063495,4036952.65
11469,MCNICHOLS,2026-03-08,6.4,6.4,1687547,2026-03-08T18:00:03.574352+00:00,0.0,0.0,-8.25688073394495,0.0,6.4,7.865,6.9988,6.072398295895002,6.454753202943158,37.79052056579666,-0.15418297163220007,-0.32465498346626803,0.17047201183406796,3989400.05
11617,MCNICHOLS,2026-03-09,6.5,6.5,2270929,2026-03-09T07:00:02.016534+00:00,1.5625,0.0,-7.857142857142851,0.0,6.409999999999999,7.805,7.05,5.595570526257129,6.340607793103737,39.52823272378576,-0.19133454657723625,-0.28944524672904337,0.09811070015180713,3486069.7
14133,MCNICHOLS,2026-03-10,6.62,6.62,2775411,2026-03-10T07:00:03.966079+00:00,1.846153846153853,1.5625,-1.5503875968992276,0.0,6.464,7.7125,7.0958000000000006,5.045403663202751,6.216290408071812,41.635108287180515,-0.20868880561876324,-0.2454396046164563,0.03675079899769306,3103647.45
15973,MCNICHOLS,2026-03-11,6.2,6.2,3472014,2026-03-11T07:00:02.147117+00:00,-6.344410876132933,1.846153846153853,0.7874015748031704,0.0,6.424000000000001,7.602499999999999,7.1246,5.178675338641402,6.167275010166372,36.802158881704436,-0.2534115008151874,-0.23212983985030433,-0.02128166096488303,2897398.8
17689,MCNICHOLS,2026-03-12,6.3,6.3,3975003,2026-03-12T07:00:02.06753+00:00,1.6129032258064502,-6.344410876132933,0.0,-9.917355371900838,6.404000000000001,7.4575000000000005,7.150600000000001,4.568368622177599,6.1371870560818005,38.628797258423525,-0.277585561144976,-0.2050431201440744,-0.07254244100090163,2819657.5
20205,MCNICHOLS,2026-03-13,6.2,6.2,1829407,2026-03-13T07:00:01.993197+00:00,-1.5873015873015817,1.6129032258064502,0.0,-8.25688073394495,6.364,7.3534999999999995,7.1646,4.1380313289173944,5.9939450796347975,37.46270177448409,-0.3013391917606807,-0.18303740060782325,-0.11830179115285744,2649479.35
23651,MCNICHOLS,2026-03-16,6.1,6.1,1761254,2026-03-16T08:30:01.80086+00:00,-1.6129032258064613,-1.5873015873015817,1.5625,-7.857142857142851,6.284000000000001,7.213500000000001,7.1655999999999995,3.577105666000594,5.837974855445753,36.28316160958684,-0.3244927292315518,-0.1649527504629555,-0.15953997876859632,2517333.5
25482,MCNICHOLS,2026-03-17,6.0,6.0,1623574,2026-03-17T08:30:01.70448+00:00,-1.6393442622950727,-1.6129032258064613,1.846153846153853,-1.5503875968992276,6.16,7.0685,7.1526,3.55220498235016,5.6711454838991076,35.09323089185011,-0.3469122502787405,-0.14989781720811535,-0.19701443307062516,2404155.65
27345,MCNICHOLS,2026-03-18,6.15,6.15,2495877,2026-03-18T08:30:01.732403+00:00,2.5000000000000133,-1.6393442622950727,-6.344410876132933,0.7874015748031704,6.15,6.952499999999999,7.1294,3.6104293928701208,5.4993125502711155,38.35883356847709,-0.34855817417293444,-0.12123499288184741,-0.22732318129108703,2140850.8
33159,MCNICHOLS,2026-03-23,6.15,6.15,1298382,2026-03-23T08:30:01.705825+00:00,0.0,2.5000000000000133,1.6129032258064502,0.0,6.12,6.836499999999999,7.1208,3.6104293928701208,5.314715822999689,38.35883356847709,-0.34587554276043164,-0.09484188917547565,-0.251033653584956,2142985.45
34737,MCNICHOLS,2026-03-24,6.15,6.15,1947434,2026-03-24T15:00:01.978259+00:00,0.0,0.0,-1.5873015873015817,0.0,6.109999999999999,6.7204999999999995,7.123800000000001,3.6104293928701208,5.160168179486027,38.35883356847709,-0.33983216438584485,-0.0710388086407111,-0.26879335574513374,2213863.05
34885,MCNICHOLS,2026-03-25,6.15,6.15,1022248,2026-03-25T15:00:01.528164+00:00,0.0,0.0,-1.6129032258064613,1.5625,6.12,6.6045,7.1268,3.6104293928701208,5.160168179486027,38.35883356847709,-0.3312245925609023,-0.04994498945261483,-0.2812796031082875,2238887.95
35033,MCNICHOLS,2026-03-26,6.75,6.75,4905733,2026-03-26T15:00:01.955832+00:00,9.756097560975597,0.0,-1.6393442622950727,1.846153846153853,6.2700000000000005,6.5185,7.135800000000001,4.399791233823555,5.292952235166237,51.49000107834048,-0.2728428813868211,0.006749377377173071,-0.2795922587639942,2458087.1
35181,MCNICHOLS,2026-03-27,7.42,7.42,3260309,2026-03-27T15:00:02.114662+00:00,9.925925925925917,9.756097560975597,2.5000000000000133,-6.344410876132933,6.524000000000001,6.465999999999999,7.145600000000001,5.03644732943424,5.290184497363991,61.38284222473512,-0.17054561045115246,0.0872373186502734,-0.25778292910142586,2595015.05
278256,MCNICHOLS,2026-03-30,8.08,8.08,4044784,2026-04-08T04:37:47.74327+00:00,8.89487870619947,9.925925925925917,0.0,1.6129032258064502,6.909999999999999,6.4885,7.1672,4.9486300908896865,5.4282878505685925,68.25143393963072,-0.03580506358757951,0.1775822924110771,-0.2133873559986566,2667005.95
35329,MCNICHOLS,2026-03-31,7.31,7.31,2599554,2026-03-31T15:00:02.085058+00:00,-9.529702970297038,8.89487870619947,0.0,-1.5873015873015817,7.142,6.5040000000000004,7.175800000000001,5.072480140499384,5.601117698720427,55.78513923324065,0.008744425420490032,0.1777054251353173,-0.16896099971482728,2564985.4
278496,MCNICHOLS,2026-04-01,6.7,6.7,2109918,2026-04-08T04:37:52.684906+00:00,-8.344733242134051,-9.529702970297038,0.0,-1.6129032258064613,7.252,6.516500000000001,7.1678,5.114936184231288,5.714925216268969,48.2641635202281,-0.0051127490081785965,0.13107860056531895,-0.13619134957349754,2487161.0
35477,MCNICHOLS,2026-04-02,6.7,6.7,737162,2026-04-02T15:00:01.864809+00:00,0.0,-8.344733242134051,9.756097560975597,-1.6393442622950727,7.242,6.534000000000001,7.1617999999999995,5.096912347975494,5.711086540026907,48.2641635202281,-0.01591124465447802,0.09622408393521563,-0.11213532858969365,2359581.7
35921,MCNICHOLS,2026-04-07,6.79,6.79,1890432,2026-04-07T15:00:01.949344+00:00,1.3432835820895495,0.0,9.925925925925917,2.5000000000000133,7.116,6.5535,7.1606000000000005,5.100699842591076,5.70476130050966,49.43076911396586,-0.017010792586428458,0.07609962880261216,-0.09311042138904062,2369725.95
278818,MCNICHOLS,2026-04-08,6.7,6.7,2097536,2026-04-08T15:00:01.943007+00:00,-1.3254786450662692,1.3432835820895495,8.89487870619947,0.0,6.840000000000001,6.5685,7.1536,5.11502370451285,5.694165930607891,48.25885897435245,-0.02485789375719971,0.05460202210547273,-0.07945991586267244,2390225.4
278965,MCNICHOLS,2026-04-09,6.5,6.5,1457020,2026-04-09T15:00:02.085141+00:00,-2.985074626865669,-1.3254786450662692,-9.529702970297038,0.0,6.678,6.5735,7.1566,5.169128226095022,5.5278737137793605,45.66778923874025,-0.046677042608862074,0.0262262986030483,-0.07290334121191037,2378699.05
279111,MCNICHOLS,2026-04-10,6.47,6.47,897637,2026-04-10T15:00:01.352272+00:00,-0.4615384615384688,-2.985074626865669,-8.344733242134051,0.0,6.632,6.572,7.1474,5.160931014062086,5.375734448784757,45.275110386743876,-0.06563304763385158,0.005816234862447034,-0.07144928249629862,2310034.45
279257,MCNICHOLS,2026-04-13,7.1,7.1,3267380,2026-04-13T15:00:02.021173+00:00,9.737248840803714,-0.4615384615384688,0.0,9.756097560975597,6.712000000000001,6.596000000000001,7.144399999999999,5.5854347221222636,5.512412457895517,54.18443099008392,-0.02948025330717563,0.033575223351298394,-0.06305547665847402,2334632.9
279403,MCNICHOLS,2026-04-14,6.52,6.52,1334098,2026-04-14T15:00:02.477878+00:00,-8.169014084507042,9.737248840803714,1.3432835820895495,9.925925925925917,6.6579999999999995,6.612,7.1442000000000005,5.71642578236701,5.452234214570058,46.65398697052709,-0.0470872634124051,0.012774570596855148,-0.05986183400926025,2227737.1
279549,MCNICHOLS,2026-04-15,6.7,6.7,1019973,2026-04-15T15:00:02.184222+00:00,2.7607361963190247,-8.169014084507042,-1.3254786450662692,8.89487870619947,6.6579999999999995,6.632000000000001,7.147,5.734915167121818,5.464665776559553,49.02186436116362,-0.04598634809983704,0.011100388727538574,-0.05708673682737561,2079985.6
279695,MCNICHOLS,2026-04-16,6.31,6.31,1150431,2026-04-16T15:00:02.07143+00:00,-5.82089552238807,2.7607361963190247,-2.985074626865669,-9.529702970297038,6.62,6.6375,7.1372,5.8906014874155685,5.506093320128822,44.42116385802024,-0.07571085777688502,-0.014899296759607522,-0.0608115610172775,2046036.8
279841,MCNICHOLS,2026-04-17,6.9,6.9,1465841,2026-04-17T15:00:02.06245+00:00,9.350237717908104,-5.82089552238807,-0.4615384615384688,-8.344733242134051,6.706,6.6775,7.1392,6.209443577269822,5.662694287414328,51.79212636874503,-0.05107096242099107,0.007792478877029142,-0.058863441298020215,2031266.15
279987,MCNICHOLS,2026-04-20,6.5,6.5,5355759,2026-04-20T15:00:01.862344+00:00,-5.797101449275366,9.350237717908104,9.737248840803714,0.0,6.586,6.702500000000001,7.132999999999999,6.363094809233452,5.725568847397593,47.219854345956286,-0.06309302774134729,-0.0033836691546616574,-0.05970935858668563,2217875.4
280133,MCNICHOLS,2026-04-21,7.5,7.5,788859,2026-04-21T15:00:02.189846+00:00,15.384615384615374,-5.797101449275366,-8.169014084507042,1.3432835820895495,6.781999999999999,6.7700000000000005,7.143400000000001,7.167828292288581,6.1141112618632505,57.35558708775735,0.007979063848019052,0.05415073794776375,-0.046171674099744694,2132524.5
280279,MCNICHOLS,2026-04-22,7.15,7.15,1319003,2026-04-22T15:00:02.200159+00:00,-4.666666666666663,15.384615384615374,2.7607361963190247,-1.3254786450662692,6.872,6.82,7.138400000000001,7.285176494779858,6.097773093440222,53.48423158034844,0.03565116906649202,0.06545827453298937,-0.02980710546649735,2133555.55
280425,MCNICHOLS,2026-04-23,6.44,6.44,1738852,2026-04-23T15:00:02.125151+00:00,-9.93006993006993,-4.666666666666663,-5.82089552238807,-2.985074626865669,6.898000000000001,6.8345,7.1272,7.684539152585994,6.2137781441434425,46.611141283811214,0.00028713561581916736,0.024075392865853217,-0.02378825725003405,2123126.45
280571,MCNICHOLS,2026-04-24,6.38,6.38,4600575,2026-04-24T15:00:02.20649+00:00,-0.9316770186335477,-9.93006993006993,9.350237717908104,-0.4615384615384688,6.794,6.846000000000001,7.1008000000000004,7.6905903952603945,6.045515829678553,46.07232096429875,-0.03220932518588615,-0.006736854348681678,-0.025472470837204473,2302042.8
280717,MCNICHOLS,2026-04-27,6.6,6.6,1458590,2026-04-27T15:00:02.034997+00:00,3.4482758620689724,-0.9316770186335477,-5.797101449275366,9.737248840803714,6.814,6.838500000000001,7.063400000000001,7.4136280339681875,5.888936932371439,48.42648683051403,-0.039752599885958695,-0.011424103239003378,-0.028328496646955317,2129685.65
280863,MCNICHOLS,2026-04-28,6.06,6.06,987581,2026-04-28T15:00:01.918241+00:00,-8.18181818181818,3.4482758620689724,15.384615384615374,-8.169014084507042,6.526000000000001,6.7705,7.0165999999999995,7.260275005402395,5.992567849613912,43.41650706060572,-0.08828647493717234,-0.04796638263217362,-0.04032009230499872,2016049.25
281009,MCNICHOLS,2026-04-29,6.11,6.11,1162890,2026-04-29T15:00:02.672724+00:00,0.8250825082508406,-8.18181818181818,-4.666666666666663,2.7607361963190247,6.3180000000000005,6.672,6.9548000000000005,6.911242658277487,5.820108124846524,43.994265678668796,-0.1213168730549361,-0.0647974245999499,-0.0565194484549862,1871954.55
281155,MCNICHOLS,2026-04-30,6.72,6.72,1637984,2026-04-30T15:00:02.170664+00:00,9.983633387888702,0.8250825082508406,-9.93006993006993,-5.82089552238807,6.3740000000000006,6.6425,6.9236,7.044274799849475,5.851021472855406,50.618900574656806,-0.09715189296993643,-0.03250595561196018,-0.06464593735797625,1823876.05
281447,MCNICHOLS,2026-05-04,7.39,7.39,6639084,2026-05-04T15:00:02.156928+00:00,9.970238095238093,9.983633387888702,-0.9316770186335477,9.350237717908104,6.5760000000000005,6.677,6.893400000000001,7.118317049593121,5.9280483842470995,56.679952777360654,-0.02366477873844186,0.032784926895627516,-0.056449705634069376,2050334.35
281593,MCNICHOLS,2026-05-05,7.92,7.92,9830125,2026-05-05T15:00:01.930748+00:00,7.1718538565629375,9.970238095238093,3.4482758620689724,-5.797101449275366,6.840000000000001,6.7379999999999995,6.873800000000001,7.259035906430176,6.0190793394702675,60.780784275672666,0.07645948202684227,0.10632735012872932,-0.029867868101887053,2504982.5
281739,MCNICHOLS,2026-05-06,8.0,8.0,3475472,2026-05-06T15:00:01.919787+00:00,1.0101010101010166,7.1718538565629375,-8.18181818181818,15.384615384615374,7.228,6.7985,6.864400000000001,7.258794984999873,5.981099868475126,61.375143062933134,0.16041484892811209,0.15222617362399932,0.008188675304112773,2584234.5
281885,MCNICHOLS,2026-05-07,8.3,8.3,2455508,2026-05-07T15:00:01.995523+00:00,3.750000000000009,1.0101010101010166,0.8250825082508406,-4.666666666666663,7.6659999999999995,6.8785,6.861000000000001,7.259410980697958,6.0038103984075955,63.60272943036673,0.24829538027323128,0.1920853639752948,0.056210016297936476,2602133.1
282031,MCNICHOLS,2026-05-08,7.65,7.65,2139202,2026-05-08T15:00:02.118161+00:00,-7.831325301204828,3.750000000000009,9.983633387888702,-9.93006993006993,7.851999999999999,6.936,6.844600000000001,7.488039694242332,6.108620104358808,56.058943414652106,0.26246621958609495,0.16500496263052677,0.09746125695556818,2636242.2
282177,MCNICHOLS,2026-05-11,7.5,7.5,1536604,2026-05-11T15:00:02.243132+00:00,-1.9607843137254943,-7.831325301204828,9.970238095238093,-0.9316770186335477,7.874,6.9875,6.8252,7.511752054328267,6.1147641750505155,54.4538339482314,0.25861184902396683,0.12892047365471893,0.1296913753692479,2668190.55
282323,MCNICHOLS,2026-05-12,7.7,7.7,2991511,2026-05-12T15:00:02.325735+00:00,2.6666666666666616,-1.9607843137254943,7.1718538565629375,3.4482758620689724,7.83,7.0175,6.8098,7.240649714195677,6.126929806816474,56.25244379152002,0.268599315403792,0.11112635202763527,0.15747296337615674,2654397.1
282469,MCNICHOLS,2026-05-13,7.7,7.7,1703813,2026-05-13T15:00:01.887561+00:00,0.0,2.6666666666666616,1.0101010101010166,-8.18181818181818,7.7700000000000005,7.0765,6.7943999999999996,6.94109727220358,6.126929806816474,56.252443791520015,0.2733632925913607,0.09271226337216315,0.18065102921919757,2672882.85
282615,MCNICHOLS,2026-05-14,8.0,8.0,1739844,2026-05-14T15:00:01.952989+00:00,3.8961038961038863,0.0,3.750000000000009,0.8250825082508406,7.709999999999999,7.141499999999999,6.801799999999999,6.960354645604586,5.980687037063262,59.06463250013057,0.29791212608485473,0.0938088774925257,0.20410324859232903,2708876.4
282761,MCNICHOLS,2026-05-15,7.6,7.6,1137903,2026-05-15T15:00:01.871578+00:00,-5.000000000000004,3.8961038961038863,-7.831325301204828,9.983633387888702,7.7,7.206,6.8138,6.9195911427842915,5.903178635671519,54.073505639821214,0.2818417007468801,0.062190761723640825,0.21965093902323926,2708250.0
282907,MCNICHOLS,2026-05-18,7.32,7.32,1358139,2026-05-18T15:00:01.868607+00:00,-3.6842105263157787,-5.000000000000004,-1.9607843137254943,9.970238095238093,7.664,7.227000000000001,6.8312,6.718278515761324,5.813844418467914,50.83519631192252,0.24370285809465653,0.01924153525713379,0.22446132283752274,2702864.9
283053,MCNICHOLS,2026-05-19,7.66,7.66,439770,2026-05-19T15:00:01.863653+00:00,4.644808743169393,-3.6842105263157787,2.6666666666666616,7.1718538565629375,7.656000000000001,7.285000000000001,6.8574,6.607475779685316,5.8370382884567995,54.40585584520197,0.23816726504126606,0.010964753762994633,0.22720251127827143,2457065.45
283199,MCNICHOLS,2026-05-20,7.97,7.97,1986085,2026-05-20T15:00:01.871845+00:00,4.046997389033935,4.644808743169393,0.0,1.0101010101010166,7.709999999999999,7.3085,6.8888,5.740421410578671,5.85801715947629,57.440828336685705,0.25584544979953616,0.022914350817011764,0.2329310989825244,2516926.75
283345,MCNICHOLS,2026-05-21,7.95,7.95,977524,2026-05-21T15:00:01.939198+00:00,-0.25094102885820924,4.046997389033935,3.8961038961038863,3.750000000000009,7.7,7.3485,6.9198,5.61638627439571,5.858654128754035,57.17639546026624,0.2651848201964766,0.02580297697116174,0.23938184322531486,2499852.8
283491,MCNICHOLS,2026-05-22,7.45,7.45,710537,2026-05-22T15:00:02.031345+00:00,-6.2893081761006275,-0.25094102885820924,-5.000000000000004,-7.831325301204828,7.67,7.399000000000001,6.940799999999999,5.304672143517291,5.938781966567061,50.87129203196013,0.22959390161634197,-0.007830353287178349,0.23742425490352032,2448437.05
283637,MCNICHOLS,2026-05-25,7.8,7.8,472812,2026-05-25T15:00:01.979384+00:00,4.697986577181212,-6.2893081761006275,-3.6842105263157787,-1.9607843137254943,7.766,7.470000000000001,6.966799999999999,5.353501779455607,5.96698828785946,54.6419131362463,0.22701305199810218,-0.008328962324334527,0.2353420143224367,2242048.9
283783,MCNICHOLS,2026-05-26,7.92,7.92,3678695,2026-05-26T15:00:01.996051+00:00,1.538461538461533,4.697986577181212,4.644808743169393,2.6666666666666616,7.8180000000000005,7.536000000000001,6.9928,5.327236664432365,5.965769744382573,55.89186735914095,0.23197662506645322,-0.002692311404786818,0.23466893647124004,2353054.15
284221,MCNICHOLS,2026-05-29,7.93,7.93,1591741,2026-05-29T15:00:02.455558+00:00,0.12626262626262985,1.538461538461533,4.046997389033935,0.0,7.81,7.6295,7.0274,4.874111127569784,5.883181696673049,56.00068235714065,0.23401957689987452,-0.0005194876570924489,0.23453906455696696,2383262.15
284367,MCNICHOLS,2026-06-01,8.0,8.0,2652563,2026-06-01T15:00:02.603507+00:00,0.8827238335435084,0.12626262626262985,-0.25094102885820924,3.8961038961038863,7.82,7.723999999999999,7.0614,4.873729493748664,5.881676278894893,56.80401641102463,0.23853733600697247,0.0031986171600043856,0.23533871884696808,2457745.8
284513,MCNICHOLS,2026-06-02,8.6,8.6,407055,2026-06-02T15:00:02.980523+00:00,7.499999999999996,0.8827238335435084,-6.2893081761006275,-5.000000000000004,8.05,7.8180000000000005,7.109399999999999,4.672846740527761,5.951239441387287,63.03404525399144,0.28722176452669856,0.04150643654378436,0.2457153279829142,2396199.35
284659,MCNICHOLS,2026-06-03,7.74,7.74,1505520,2026-06-03T15:00:03.023028+00:00,-9.999999999999998,7.499999999999996,4.697986577181212,-3.6842105263157787,8.038,7.835500000000001,7.1422,4.862420457451103,6.136750914886799,51.556219269524306,0.25348766419854485,0.006217868972504481,0.24726979522604037,2139521.15
284805,MCNICHOLS,2026-06-04,7.74,7.74,2405960,2026-06-04T15:00:03.321931+00:00,0.0,-9.999999999999998,1.538461538461533,4.644808743169393,8.002,7.8265,7.1770000000000005,4.5893003754344,6.128587949941493,51.556219269524306,0.22416906520413882,-0.018480584017521257,0.24264964922166007,1768312.9
284951,MCNICHOLS,2026-06-05,7.75,7.75,1290612,2026-06-05T15:00:03.073061+00:00,0.12919896640826156,0.0,0.12626262626262985,4.046997389033935,7.965999999999999,7.814,7.209,4.583189410797849,6.123491583796273,51.67488580453204,0.1994417404626052,-0.03456632700724391,0.23400806746984912,1659069.9
285097,MCNICHOLS,2026-06-08,8.2,8.2,3045078,2026-06-08T15:00:03.135386+00:00,5.806451612903207,0.12919896640826156,0.8827238335435084,-0.25094102885820924,8.006,7.809,7.25,4.694799482285013,6.165909158057129,56.8028240265934,0.21369307588775577,-0.016251993265674697,0.22994506915343046,1688548.4
285243,MCNICHOLS,2026-06-09,7.4,7.4,1551447,2026-06-09T15:00:03.53749+00:00,-9.756097560975597,5.806451612903207,7.499999999999996,-6.2893081761006275,7.766,7.7965,7.275,4.880817187872974,6.34234970432554,47.21147635861321,0.15860573952982282,-0.05707146369888613,0.21567720322870895,1659160.65
285389,MCNICHOLS,2026-06-10,7.4,7.4,1338063,2026-06-10T15:10:03.084397+00:00,0.0,-9.756097560975597,-9.999999999999998,4.697986577181212,7.697999999999999,7.791500000000001,7.3,4.860070582307237,6.34234970432554,47.21147635861321,0.11363867270204242,-0.08163082442133324,0.19526949712337566,1649233.6
285827,MCNICHOLS,2026-06-11,7.5,7.5,674629,2026-06-11T15:10:02.991492+00:00,1.3513513513513375,0.0,0.0,1.538461538461533,7.65,7.781499999999999,7.315,4.83158249244722,6.203687587685843,48.47279742907523,0.08509024515660801,-0.0881434015734141,0.17323364673002212,1533389.5
287579,MCNICHOLS,2026-06-15,7.1,7.1,876032,2026-06-15T15:10:02.896252+00:00,-5.333333333333334,1.3513513513513375,0.12919896640826156,0.12626262626262985,7.5200000000000005,7.7515,7.3086,4.975570361715079,6.099895353318765,43.94922044741579,0.029844722206119556,-0.11471113961912208,0.14455586182524163,1492000.45
288455,MCNICHOLS,2026-06-16,7.0,7.0,1922182,2026-06-16T15:10:02.87997+00:00,-1.4084507042253502,-5.333333333333334,5.806451612903207,0.8827238335435084,7.279999999999999,7.7015,7.287000000000001,4.881472649641055,5.96912590367572,42.872053837194,-0.02175612594262155,-0.13304959021429055,0.111293464271669,1501117.35
289331,MCNICHOLS,2026-06-17,7.5,7.5,2710360,2026-06-17T15:10:02.980097+00:00,7.14285714285714,-1.4084507042253502,-9.756097560975597,7.499999999999996,7.3,7.6965,7.290800000000001,5.0510526399727524,5.897590340774452,49.53243041448987,-0.022050167928757247,-0.106674905760341,0.08462473783158375,1579740.2
289769,MCNICHOLS,2026-06-18,6.8,6.8,1509648,2026-06-18T15:10:02.932064+00:00,-9.333333333333337,7.14285714285714,0.0,-9.999999999999998,7.18,7.6705,7.2928,5.416049663807744,5.928468923077397,42.127389807601354,-0.07786971457967606,-0.12999556192900785,0.05212584734933179,1587315.65
290353,MCNICHOLS,2026-06-19,6.8,6.8,1136675,2026-06-19T15:10:02.959085+00:00,0.0,-9.333333333333337,1.3513513513513375,0.0,7.040000000000001,7.6274999999999995,7.2948,5.29445158179767,5.928468923077397,42.12738980760135,-0.12071557347051431,-0.13827313665587687,0.01755756318536257,1622160.9
291083,MCNICHOLS,2026-06-22,7.45,7.45,2231414,2026-06-22T15:10:03.140564+00:00,9.558823529411775,0.0,-5.333333333333334,0.12919896640826156,7.109999999999999,7.6015,7.308,5.671303139316451,6.07286576355397,50.152736632856815,-0.10105673843090823,-0.09489144129301665,-0.006165297137891591,1634427.35
291667,MCNICHOLS,2026-06-23,8.15,8.15,1379415,2026-06-23T15:10:03.017319+00:00,9.395973154362425,9.558823529411775,-1.4084507042253502,5.806451612903207,7.340000000000001,7.611500000000001,7.337000000000001,6.061904410302611,6.199903169851581,57.058851014811545,-0.028662417662773443,-0.017997696419905482,-0.01066472124286796,1654521.9
292251,MCNICHOLS,2026-06-24,8.15,8.15,509347,2026-06-24T15:10:03.053149+00:00,0.0,9.395973154362425,7.14285714285714,-9.756097560975597,7.470000000000001,7.646499999999999,7.37,5.861894104183004,6.179213643039385,57.058851014811545,0.02838341675856082,0.031238510401143026,-0.002855093642582204,1644462.4
292835,MCNICHOLS,2026-06-25,8.15,8.15,235250,2026-06-25T15:10:02.973562+00:00,0.0,0.0,-9.333333333333337,0.0,7.74,7.664,7.4036,5.78326811025103,6.177880036103936,57.05885101481154,0.07275398883500728,0.06048726598207158,0.012266722852935693,1632584.3
293273,MCNICHOLS,2026-06-26,8.6,8.6,4109679,2026-06-26T15:10:03.012808+00:00,5.521472392638027,0.0,0.0,1.3513513513513375,8.1,7.697999999999999,7.4336,5.892799991699869,6.079289126438223,61.357448363317964,0.14258558816743605,0.10425509225160029,0.03833049591583577,1654133.5
293711,MCNICHOLS,2026-06-29,7.8,7.8,476450,2026-06-29T15:10:03.028054+00:00,-9.302325581395344,5.521472392638027,9.558823529411775,-5.333333333333334,8.17,7.6915000000000004,7.459199999999999,6.294404910141855,6.114525922522869,51.48936521926998,0.1318543843604516,0.07481911075569267,0.057035273604758935,1598368.95
294149,MCNICHOLS,2026-06-30,8.5,8.5,3461401,2026-06-30T15:10:03.08168+00:00,8.974358974358987,-9.302325581395344,9.395973154362425,-1.4084507042253502,8.24,7.716500000000001,7.4952,6.599494879203817,6.222733128680477,57.8736477837841,0.17778458782380557,0.09659945137523732,0.08118513644856826,1638810.85
294587,MCNICHOLS,2026-07-01,7.65,7.65,535063,2026-07-01T15:10:03.133226+00:00,-9.999999999999998,8.974358974358987,0.0,7.14285714285714,8.14,7.669000000000001,7.521999999999999,6.781875913132503,6.338627580352904,49.37603522236803,0.143937486972316,0.05020188041899819,0.09373560655331782,1645211.25
295025,MCNICHOLS,2026-07-02,6.9,6.9,1231982,2026-07-02T15:10:03.065554+00:00,-9.80392156862745,-9.999999999999998,0.0,-9.333333333333337,7.889999999999999,7.627000000000001,7.522,6.767336993315228,6.376603622999586,43.330475141226415,0.05594973004340087,-0.03022870120793357,0.08617843125133444,1631534.35
295463,MCNICHOLS,2026-07-03,7.0,7.0,1194023,2026-07-03T15:10:03.019266+00:00,1.4492753623188248,-9.80392156862745,5.521472392638027,0.0,7.57,7.590000000000001,7.532,6.779063274666273,6.3196302880376845,44.309568999639396,-0.005646942536726485,-0.07346029903044873,0.06781335649372225,1570937.5
295901,MCNICHOLS,2026-07-06,7.45,7.45,5173922,2026-07-06T15:10:03.100823+00:00,6.428571428571428,1.4492753623188248,-9.302325581395344,9.558823529411775,7.5,7.575,7.531000000000001,6.9434426133233655,6.003654739304793,48.61218057726194,-0.017944655327006842,-0.06860640945658328,0.050661754129576436,1765103.0
296339,MCNICHOLS,2026-07-07,6.75,6.75,3086771,2026-07-07T15:10:03.687653+00:00,-9.395973154362414,6.428571428571428,8.974358974358987,9.395973154362425,7.15,7.5025,7.523,7.108489242419606,6.11750605657433,43.041489625330875,-0.08321557383418376,-0.10710186237100816,0.023886288536824396,1767187.65
296777,MCNICHOLS,2026-07-08,6.15,6.15,6013540,2026-07-08T15:10:02.922872+00:00,-8.888888888888879,-9.395973154362414,-9.999999999999998,0.0,6.85,7.44,7.517199999999999,7.052933153871636,6.084452836635718,38.9241131130282,-0.18126868008528607,-0.16412397489768837,-0.0171447051875977,1990292.3
297216,MCNICHOLS,2026-07-09,5.55,5.55,15587753,2026-07-09T15:10:03.041812+00:00,-9.756097560975618,-8.888888888888879,-9.80392156862745,0.0,6.58,7.347499999999999,7.5005999999999995,7.335009952792366,6.240707620098747,35.28870103993657,-0.3038884222468594,-0.22939497364740935,-0.07449344859945005,2702776.8
297654,MCNICHOLS,2026-07-10,5.0,5.0,17383286,2026-07-10T15:10:03.284445+00:00,-9.909909909909908,-9.756097560975618,1.4492753623188248,5.521472392638027,6.18,7.222499999999999,7.4686,7.56005244341649,6.370925963627828,32.309741999975934,-0.4403695487580981,-0.2927008801269184,-0.14766866863117967,3538209.65
298092,MCNICHOLS,2026-07-13,4.75,4.75,20262166,2026-07-13T15:10:02.995074+00:00,-5.000000000000004,-9.909909909909908,6.428571428571428,-9.302325581395344,5.640000000000001,7.1049999999999995,7.4424,7.552060818076605,6.306691908804735,31.02759172444311,-0.5622237698280657,-0.33164408095750875,-0.23057968887055688,4507516.35
298530,MCNICHOLS,2026-07-14,4.6,4.6,13546792,2026-07-14T15:10:03.094441+00:00,-3.157894736842115,-5.000000000000004,-9.395973154362414,8.974358974358987,5.21,6.984999999999999,7.4122,7.558435341550366,6.3174816742840365,30.25189151622177,-0.6632523046284318,-0.3461380926062999,-0.31711421202213186,5088746.85
298968,MCNICHOLS,2026-07-15,5.0,5.0,3971041,2026-07-15T15:10:03.078609+00:00,8.69565217391306,-3.157894736842115,-8.888888888888879,-9.999999999999998,4.9799999999999995,6.859999999999999,7.3778,7.662431838779418,6.276905353558774,34.924072145531355,-0.7029384523537514,-0.3086593922652956,-0.3942790600884558,5151780.9
299406,MCNICHOLS,2026-07-16,5.4,5.4,4199997,2026-07-16T15:10:03.113936+00:00,8.000000000000007,8.69565217391306,-9.756097560975618,-9.80392156862745,4.95,6.789999999999999,7.337999999999999,7.736628587238766,6.216405463485705,39.302730193835934,-0.6941120615134322,-0.2398664011399811,-0.4542456603734511,5286298.35
299844,MCNICHOLS,2026-07-17,5.3,5.3,3436390,2026-07-17T15:10:03.053983+00:00,-1.85185185185186,8.000000000000007,-9.909909909909908,1.4492753623188248,5.01,6.715000000000001,7.2856000000000005,7.736881618685291,6.121361478950726,38.60341798159489,-0.6872638970486413,-0.1864145893401521,-0.5008493077084892,5401284.1
