id,symbol,trade_date,open_price,close_price,volume,created_at,returns_pct,lag_return1,lag_return5,lag_return10,stock_MA_5,stock_MA_20,stock_MA_50,returns_volatility_20,returns_volatility_50,stock_RSI,MACD,MACD_hist,MACD_signal,stock_volume_MA_20
71044,RTBRISCOE,2018-03-22,0.48,0.48,1422911,2026-04-08T03:02:16.655807+00:00,-4.0000000000000036,0.0,0.0,0.0,0.496,0.499,0.4996,0.8944271909999167,0.5656854249492386,0.0,-0.0015954415954416157,-0.0012763532763532925,-0.0003190883190883232,79091.15
71136,RTBRISCOE,2018-03-23,0.48,0.48,0,2026-04-08T03:02:19.005936+00:00,0.0,-4.0000000000000036,0.0,0.0,0.492,0.49800000000000005,0.49920000000000003,0.8944271909999167,0.5656854249492386,0.0,-0.002827249778816765,-0.0020065291677827534,-0.0008207206110340116,78501.65
71228,RTBRISCOE,2018-03-26,0.48,0.48,0,2026-04-08T03:02:23.356301+00:00,0.0,0.0,0.0,0.0,0.488,0.497,0.4988,0.8944271909999167,0.5656854249492386,0.0,-0.0037601222896797015,-0.0023515213429165516,-0.0014086009467631497,78401.85
71320,RTBRISCOE,2018-03-27,0.48,0.48,505,2026-04-08T03:02:25.602463+00:00,0.0,0.0,0.0,0.0,0.484,0.496,0.4984,0.8944271909999167,0.5656854249492386,0.0,-0.004448154914547475,-0.0024316431742274604,-0.002016511740320015,78405.5
71412,RTBRISCOE,2018-03-28,0.48,0.48,1000,2026-04-08T03:02:28.271075+00:00,0.0,0.0,0.0,0.0,0.48,0.495,0.498,0.8944271909999167,0.5656854249492386,0.0,-0.004936520590275273,-0.0023360070799642065,-0.0026005135103110665,78437.3
71504,RTBRISCOE,2018-03-29,0.48,0.48,150625,2026-04-08T03:02:31.326472+00:00,0.0,0.0,-4.0000000000000036,0.0,0.48,0.49399999999999994,0.4976,0.8944271909999167,0.5656854249492386,0.0,-0.00526288662578539,-0.002129898492379459,-0.003132988133405931,85918.55
71596,RTBRISCOE,2018-04-03,0.48,0.48,7452,2026-04-08T03:02:37.862294+00:00,0.0,0.0,0.0,0.0,0.48,0.493,0.4972,0.8944271909999167,0.5656854249492386,0.0,-0.005458610595193203,-0.0018604979694298177,-0.0035981126257633852,85951.15
71688,RTBRISCOE,2018-04-04,0.48,0.48,0,2026-04-08T03:02:40.086392+00:00,0.0,0.0,0.0,0.0,0.48,0.492,0.4968,0.8944271909999167,0.5656854249492386,0.0,-0.00554974919692075,-0.0015613092569258923,-0.003988439939994858,80851.15
71780,RTBRISCOE,2018-04-05,0.48,0.48,1100,2026-04-08T03:02:42.518452+00:00,0.0,0.0,0.0,0.0,0.48,0.491,0.4964,0.8944271909999167,0.5656854249492386,0.0,-0.005557909079221046,-0.0012555753113809506,-0.0043023337678400955,80794.55
71872,RTBRISCOE,2018-04-09,0.48,0.48,0,2026-04-08T03:02:48.00481+00:00,0.0,0.0,0.0,0.0,0.48,0.49000000000000005,0.496,0.8944271909999167,0.5656854249492386,0.0,-0.005500964154194543,-0.0009589043090835582,-0.004542059845110985,80794.55
71964,RTBRISCOE,2018-04-10,0.48,0.48,0,2026-04-08T03:02:50.293549+00:00,0.0,0.0,0.0,-4.0000000000000036,0.48,0.489,0.49560000000000004,0.8944271909999167,0.5656854249492386,0.0,-0.00539366013425413,-0.0006812802313145155,-0.004712379902939615,80458.0
72056,RTBRISCOE,2018-04-11,0.48,0.48,4736,2026-04-08T03:02:52.723357+00:00,0.0,0.0,0.0,0.0,0.48,0.488,0.4952,0.8944271909999167,0.5656854249492386,0.0,-0.005248123820805084,-0.00042859513429237533,-0.004819528686512709,80679.8
72148,RTBRISCOE,2018-04-12,0.48,0.48,0,2026-04-08T03:02:54.976434+00:00,0.0,0.0,0.0,0.0,0.48,0.487,0.49479999999999996,0.8944271909999167,0.5656854249492386,0.0,-0.005074291964731803,-0.00020381062257527564,-0.004870481342156527,80028.65
72240,RTBRISCOE,2018-04-13,0.48,0.48,794,2026-04-08T03:02:57.419716+00:00,0.0,0.0,0.0,0.0,0.48,0.48599999999999993,0.49439999999999995,0.8944271909999167,0.5656854249492386,0.0,-0.004880272226044979,-7.832707110761589e-06,-0.004872439518934218,80068.35
72333,RTBRISCOE,2018-04-16,0.48,0.48,0,2026-04-08T03:03:01.748445+00:00,0.0,0.0,0.0,0.0,0.48,0.485,0.494,0.8944271909999167,0.5656854249492386,0.0,-0.004672646821363979,0.00015983415805619072,-0.00483248097942017,80013.35
72426,RTBRISCOE,2018-04-17,0.48,0.48,0,2026-04-08T03:03:04.013915+00:00,0.0,0.0,0.0,0.0,0.48,0.484,0.4936,0.8944271909999167,0.5656854249492386,0.0,-0.004456727808336225,0.0003006025368671563,-0.004757330345203381,79770.15
72519,RTBRISCOE,2018-04-18,0.48,0.48,0,2026-04-08T03:03:06.304604+00:00,0.0,0.0,0.0,0.0,0.48,0.483,0.4932,0.8944271909999167,0.5656854249492386,0.0,-0.004236771569544273,0.0004164470205272868,-0.00465321859007156,79770.15
72612,RTBRISCOE,2018-04-19,0.48,0.48,0,2026-04-08T03:03:08.631091+00:00,0.0,0.0,0.0,0.0,0.48,0.48200000000000004,0.4928,0.8944271909999167,0.5656854249492386,0.0,-0.0040161588859375374,0.000509647763307218,-0.0045258066492447555,79770.15
72705,RTBRISCOE,2018-04-20,0.48,0.48,3000,2026-04-08T03:03:11.181142+00:00,0.0,0.0,0.0,0.0,0.48,0.481,0.4924,0.8944271909999167,0.5656854249492386,0.0,-0.0037975459983716764,0.0005826085206984636,-0.00438015451907014,79606.15
72798,RTBRISCOE,2018-04-23,0.48,0.48,15949,2026-04-08T03:03:15.702548+00:00,0.0,0.0,0.0,0.0,0.48,0.48,0.49200000000000005,0.8944271909999167,0.5656854249492386,0.0,-0.003582991217533804,0.0006377306412290694,-0.0042207218587628735,80403.6
72891,RTBRISCOE,2018-04-24,0.48,0.48,0,2026-04-08T03:03:17.976864+00:00,0.0,0.0,0.0,0.0,0.48,0.48,0.4916,0.0,0.5656854249492386,0.0,-0.003374060933771572,0.0006773287399930413,-0.004051389673764613,9258.05
72984,RTBRISCOE,2018-04-25,0.48,0.48,264,2026-04-08T03:03:20.281484+00:00,0.0,0.0,0.0,0.0,0.48,0.48,0.49119999999999997,0.0,0.5656854249492386,0.0,-0.0031719182791570266,0.0007035771156860696,-0.0038754953948430962,9271.25
73077,RTBRISCOE,2018-04-26,0.48,0.48,0,2026-04-08T03:03:22.503544+00:00,0.0,0.0,0.0,0.0,0.48,0.48,0.49079999999999996,0.0,0.5656854249492386,0.0,-0.002977397187602593,0.0007184785657924032,-0.003695875753394996,9271.25
73170,RTBRISCOE,2018-04-27,0.48,0.48,0,2026-04-08T03:03:24.801147+00:00,0.0,0.0,0.0,0.0,0.48,0.48,0.4904,0.0,0.5656854249492386,0.0,-0.0027910641707140083,0.0007238492661447906,-0.003514913436858799,9246.0
73263,RTBRISCOE,2018-04-30,0.48,0.48,700,2026-04-08T03:03:29.288658+00:00,0.0,0.0,0.0,0.0,0.48,0.48,0.49,0.0,0.5656854249492386,0.0,-0.0026132697652233583,0.0007213149373083523,-0.0033345847025317106,9231.0
73356,RTBRISCOE,2018-05-02,0.48,0.48,1082,2026-04-08T03:03:32.97882+00:00,0.0,0.0,0.0,0.0,0.48,0.48,0.48960000000000004,0.0,0.5656854249492386,0.0,-0.0024441913020586403,0.000712314720378456,-0.0031565060224370963,1753.85
73449,RTBRISCOE,2018-05-03,0.48,0.48,0,2026-04-08T03:03:35.46093+00:00,0.0,0.0,0.0,0.0,0.48,0.48,0.4892,0.0,0.5656854249492386,0.0,-0.0022838683887294597,0.0006981101069661096,-0.0029819784956955694,1381.25
73542,RTBRISCOE,2018-05-04,0.48,0.48,24000,2026-04-08T03:03:38.142449+00:00,0.0,0.0,0.0,0.0,0.48,0.48,0.48879999999999996,0.0,0.5656854249492386,0.0,-0.002132232278414803,0.0006797969738246133,-0.002812029252239416,2581.25
73635,RTBRISCOE,2018-05-07,0.48,0.48,96000,2026-04-08T03:03:42.835383+00:00,0.0,0.0,0.0,0.0,0.48,0.48,0.48839999999999995,0.0,0.5656854249492386,0.0,-0.0019891301147391127,0.0006583193100002426,-0.0026474494247393553,7326.25
73728,RTBRISCOE,2018-05-08,0.48,0.48,0,2026-04-08T03:03:45.094212+00:00,0.0,0.0,0.0,0.0,0.48,0.48,0.488,0.0,0.5656854249492386,0.0,-0.0018543448854804745,0.0006344836314071049,-0.0024888285168875794,7326.25
73821,RTBRISCOE,2018-05-09,0.48,0.48,865,2026-04-08T03:03:47.354492+00:00,0.0,0.0,0.0,0.0,0.48,0.48,0.4876,0.0,0.5656854249492386,0.0,-0.0017276117869390317,0.0006089733839588383,-0.00233658517089787,7369.5
73914,RTBRISCOE,2018-05-10,0.48,0.48,0,2026-04-08T03:03:49.581225+00:00,0.0,0.0,0.0,0.0,0.48,0.48,0.48719999999999997,0.0,0.5656854249492386,0.0,-0.0016086315896551295,0.0005823628649941925,-0.002190994454649322,7132.7
74007,RTBRISCOE,2018-05-11,0.48,0.48,0,2026-04-08T03:03:51.923758+00:00,0.0,0.0,0.0,0.0,0.48,0.48,0.4868,0.0,0.5656854249492386,0.0,-0.0014970815024423212,0.000555130361765601,-0.002052211864207922,7132.7
74100,RTBRISCOE,2018-05-14,0.48,0.48,0,2026-04-08T03:03:56.261604+00:00,0.0,0.0,0.0,0.0,0.48,0.48,0.4864,0.0,0.5656854249492386,0.0,-0.001392623952603922,0.0005276703292832001,-0.001920294281887122,7093.0
74193,RTBRISCOE,2018-05-15,0.48,0.48,0,2026-04-08T03:03:58.63318+00:00,0.0,0.0,0.0,0.0,0.48,0.48,0.486,0.0,0.5656854249492386,0.0,-0.0012949136334700628,0.0005003045187336474,-0.0017952181522037103,7093.0
74286,RTBRISCOE,2018-05-16,0.48,0.48,9716,2026-04-08T03:04:02.494817+00:00,0.0,0.0,0.0,0.0,0.48,0.48,0.48560000000000003,0.0,0.5656854249492386,0.0,-0.0012036031141091086,0.0004732920304756814,-0.00167689514458479,7578.8
74379,RTBRISCOE,2018-05-17,0.48,0.48,0,2026-04-08T03:04:04.853265+00:00,0.0,0.0,0.0,0.0,0.48,0.48,0.48519999999999996,0.0,0.5656854249492386,0.0,-0.001118347258608543,0.0004468383087809977,-0.0015651855673895407,7578.8
74472,RTBRISCOE,2018-05-18,0.48,0.48,1634,2026-04-08T03:04:09.280828+00:00,0.0,0.0,0.0,0.0,0.48,0.48,0.48479999999999995,0.0,0.5656854249492386,0.0,-0.001038806662320535,0.00042110312405520484,-0.0014599097863757398,7660.5
74565,RTBRISCOE,2018-05-21,0.48,0.48,0,2026-04-08T03:04:14.640212+00:00,0.0,0.0,0.0,0.0,0.48,0.48,0.4844,0.0,0.5656854249492386,0.0,-0.0009646502787635791,0.0003962076060897285,-0.0013608578848533076,7510.5
74658,RTBRISCOE,2018-05-22,0.48,0.48,0,2026-04-08T03:04:17.13602+00:00,0.0,0.0,0.0,0.0,0.48,0.48,0.484,0.0,0.5656854249492386,0.0,-0.0008955573824866447,0.0003722404018933305,-0.0012677977843799752,6713.05
74751,RTBRISCOE,2018-05-24,0.48,0.48,0,2026-04-08T03:04:20.857799+00:00,0.0,0.0,0.0,0.0,0.48,0.48,0.4836,0.0,0.5656854249492386,0.0,-0.0008312189893068256,0.0003492630360585197,-0.0011804820253653453,6713.05
74844,RTBRISCOE,2018-05-25,0.48,0.48,0,2026-04-08T03:04:23.533051+00:00,0.0,0.0,0.0,0.0,0.48,0.48,0.4832,0.0,0.5656854249492386,0.0,-0.0007713388352280082,0.00032731455210986975,-0.001098653387337878,6699.85
74937,RTBRISCOE,2018-05-28,0.48,0.48,100,2026-04-08T03:04:28.151981+00:00,0.0,0.0,0.0,0.0,0.48,0.48,0.4828,0.0,0.5656854249492386,0.0,-0.0007156339984400462,0.00030641551111826554,-0.0010220495095583117,6704.85
75030,RTBRISCOE,2018-05-31,0.48,0.48,0,2026-04-08T03:04:33.384321+00:00,0.0,0.0,0.0,0.0,0.48,0.48,0.48239999999999994,0.0,0.5656854249492386,0.0,-0.0006638352345926246,0.0002865714199725497,-0.0009504066545651743,6704.85
75123,RTBRISCOE,2018-06-01,0.48,0.48,1600,2026-04-08T03:04:35.846588+00:00,0.0,0.0,0.0,0.0,0.48,0.48,0.482,0.0,0.5656854249492386,0.0,-0.0006156870836056538,0.00026777565676761636,-0.0008834627403732702,6749.85
75216,RTBRISCOE,2018-06-04,0.48,0.48,2186,2026-04-08T03:04:40.216574+00:00,0.0,0.0,0.0,0.0,0.48,0.48,0.4816,0.0,0.5656854249492386,0.0,-0.0005709477962670961,0.00025001195528493933,-0.0008209597515520355,6805.05
75309,RTBRISCOE,2018-06-05,0.48,0.48,0,2026-04-08T03:04:42.57091+00:00,0.0,0.0,0.0,0.0,0.48,0.48,0.48119999999999996,0.0,0.5656854249492386,0.0,-0.0005293891204746215,0.00023325650486193128,-0.0007626456253365528,6805.05
75402,RTBRISCOE,2018-06-06,0.48,0.48,0,2026-04-08T03:04:44.928825+00:00,0.0,0.0,0.0,0.0,0.48,0.48,0.4808,0.0,0.5656854249492386,0.0,-0.0004907959799480555,0.0002174797163107978,-0.0007082756962588533,5605.05
75495,RTBRISCOE,2018-06-07,0.46,0.46,141458,2026-04-08T03:04:47.263813+00:00,-4.1666666666666625,0.0,0.0,0.0,0.476,0.479,0.48,0.9316949906249115,0.8084656950330987,0.0,-0.002050407667798182,-0.001073705577231463,-0.000976702090566719,7877.95
75588,RTBRISCOE,2018-06-08,0.46,0.46,6820,2026-04-08T03:04:49.462509+00:00,0.0,-4.1666666666666625,0.0,0.0,0.472,0.47800000000000004,0.4792,0.9316949906249115,0.8084656950330987,0.0,-0.0032489591877058466,-0.001817805677711302,-0.0014311535099945445,8218.95
75681,RTBRISCOE,2018-06-11,0.46,0.46,1890,2026-04-08T03:04:53.988129+00:00,0.0,0.0,0.0,0.0,0.46799999999999997,0.47700000000000004,0.47879999999999995,0.9316949906249115,0.5892556509887891,0.0,-0.004150970102873297,-0.002175853274303002,-0.001975116828570295,8270.2
75774,RTBRISCOE,2018-06-12,0.46,0.46,12460,2026-04-08T03:04:56.284057+00:00,0.0,0.0,0.0,0.0,0.4640000000000001,0.476,0.47839999999999994,0.9316949906249115,0.5892556509887891,0.0,-0.004810369308740958,-0.00226820198413653,-0.002542167324604428,8893.2
75867,RTBRISCOE,2018-06-13,0.46,0.46,0,2026-04-08T03:04:58.638577+00:00,0.0,0.0,0.0,0.0,0.46,0.475,0.478,0.9316949906249115,0.5892556509887891,0.0,-0.005272173594720042,-0.002184005016092491,-0.003088168578627551,8893.2
75960,RTBRISCOE,2018-06-14,0.46,0.46,0,2026-04-08T03:05:00.901161+00:00,0.0,0.0,-4.1666666666666625,0.0,0.46,0.4739999999999999,0.4776,0.9316949906249115,0.5892556509887891,0.0,-0.005573904319122802,-0.001988588592396201,-0.003585315726726601,8893.2
76053,RTBRISCOE,2018-06-19,0.46,0.46,518,2026-04-08T03:05:07.639029+00:00,0.0,0.0,0.0,0.0,0.46,0.47300000000000003,0.4772,0.9316949906249115,0.5892556509887891,0.0,-0.005746782757681923,-0.0017291736247642573,-0.004017609132917666,8919.1
76146,RTBRISCOE,2018-06-20,0.46,0.46,0,2026-04-08T03:05:09.924133+00:00,0.0,0.0,0.0,0.0,0.46,0.472,0.4768,0.9316949906249115,0.5892556509887891,0.0,-0.005816738425981183,-0.0014393034344508133,-0.0043774349915303695,8433.3
76239,RTBRISCOE,2018-06-21,0.46,0.46,0,2026-04-08T03:05:12.376626+00:00,0.0,0.0,0.0,0.0,0.46,0.471,0.4764,0.9316949906249115,0.5892556509887891,0.0,-0.005805259380620376,-0.0011422595112720044,-0.004662999869348371,8433.3
76332,RTBRISCOE,2018-06-22,0.46,0.46,740,2026-04-08T03:05:14.680862+00:00,0.0,0.0,0.0,0.0,0.46,0.47000000000000003,0.47600000000000003,0.9316949906249115,0.5892556509887891,0.0,-0.005730109024504437,-0.0008536873241248525,-0.004876421700379585,8388.6
76426,RTBRISCOE,2018-06-25,0.46,0.46,1120,2026-04-08T03:05:19.028214+00:00,0.0,0.0,0.0,-4.1666666666666625,0.46,0.46900000000000003,0.47559999999999997,0.9316949906249115,0.5892556509887891,0.0,-0.005605930152624394,-0.0005836067617958473,-0.005022323390828547,8444.6
76520,RTBRISCOE,2018-06-26,0.46,0.46,1670,2026-04-08T03:05:21.361472+00:00,0.0,0.0,0.0,0.0,0.46,0.46799999999999997,0.47519999999999996,0.9316949906249115,0.5892556509887891,0.0,-0.00544475376978254,-0.00033794430316319395,-0.005106809466619346,8528.1
76614,RTBRISCOE,2018-06-27,0.46,0.46,0,2026-04-08T03:05:23.730487+00:00,0.0,0.0,0.0,0.0,0.46,0.46699999999999997,0.47479999999999994,0.9316949906249115,0.5892556509887891,0.0,-0.00525642750094879,-0.00011969442746355505,-0.005136733073485235,8528.1
76708,RTBRISCOE,2018-06-28,0.46,0.46,20000,2026-04-08T03:05:26.342484+00:00,0.0,0.0,0.0,0.0,0.46,0.4659999999999999,0.4744,0.9316949906249115,0.5892556509887891,0.0,-0.005048976122222104,7.020556101050568e-05,-0.00511918168323261,9528.1
76802,RTBRISCOE,2018-06-29,0.46,0.46,1983,2026-04-08T03:05:28.786725+00:00,0.0,0.0,0.0,0.0,0.46,0.465,0.474,0.9316949906249115,0.5892556509887891,0.0,-0.004828904801314093,0.00023222150553481313,-0.0050611263068489065,9622.25
76896,RTBRISCOE,2018-07-02,0.46,0.46,19656,2026-04-08T03:05:34.742081+00:00,0.0,0.0,0.0,0.0,0.46,0.4640000000000001,0.4736,0.9316949906249115,0.5892556509887891,0.0,-0.004601453996599003,0.0003677378481999234,-0.0049691918447989265,10605.05
76990,RTBRISCOE,2018-07-03,0.46,0.46,0,2026-04-08T03:05:37.830893+00:00,0.0,0.0,0.0,0.0,0.46,0.46299999999999997,0.4732,0.9316949906249115,0.5892556509887891,0.0,-0.004370813576989263,0.0004787026142477309,-0.004849516191236994,10525.05
77084,RTBRISCOE,2018-07-04,0.46,0.46,0,2026-04-08T03:05:40.225299+00:00,0.0,0.0,0.0,0.0,0.46,0.4620000000000001,0.4728,0.9316949906249115,0.5892556509887891,0.0,-0.004140302552201103,0.0005673709112287133,-0.004707673463429816,10415.75
77178,RTBRISCOE,2018-07-05,0.46,0.46,0,2026-04-08T03:05:42.479897+00:00,0.0,0.0,0.0,0.0,0.46,0.461,0.47240000000000004,0.9316949906249115,0.5892556509887891,0.0,-0.003912519811387571,0.0006361229216337956,-0.004548642733021367,10415.75
77272,RTBRISCOE,2018-07-06,0.46,0.46,0,2026-04-08T03:05:44.93013+00:00,0.0,0.0,0.0,0.0,0.46,0.46,0.472,0.9316949906249115,0.5892556509887891,0.0,-0.003689470429708741,0.0006873378426501004,-0.0043768082723588415,10415.75
77366,RTBRISCOE,2018-07-09,0.46,0.46,0,2026-04-08T03:05:49.395513+00:00,0.0,0.0,0.0,0.0,0.46,0.46,0.47159999999999996,0.0,0.5892556509887891,0.0,-0.003472671393581983,0.0007233095030214865,-0.00419598089660347,3342.85
77460,RTBRISCOE,2018-07-10,0.46,0.46,0,2026-04-08T03:05:51.797285+00:00,0.0,0.0,0.0,0.0,0.46,0.46,0.47120000000000006,0.0,0.5892556509887891,0.0,-0.003263239996119882,0.0007461927203868705,-0.004009432716506753,3001.85
77554,RTBRISCOE,2018-07-11,0.46,0.46,0,2026-04-08T03:05:54.14171+00:00,0.0,0.0,0.0,0.0,0.46,0.46,0.47080000000000005,0.0,0.5892556509887891,0.0,-0.00306196764772515,0.0007579720550252821,-0.003819939702750432,2907.35
77648,RTBRISCOE,2018-07-12,0.46,0.46,0,2026-04-08T03:05:56.629461+00:00,0.0,0.0,0.0,0.0,0.46,0.46,0.4704,0.0,0.5892556509887891,0.0,-0.0028693814186668276,0.0007604466272668835,-0.003629828045933711,2284.35
77742,RTBRISCOE,2018-07-13,0.46,0.46,0,2026-04-08T03:05:59.112955+00:00,0.0,0.0,0.0,0.0,0.46,0.46,0.47,0.0,0.5892556509887891,0.0,-0.002685795268622171,0.0007552262218492325,-0.0034410214904714033,2284.35
77837,RTBRISCOE,2018-07-16,0.46,0.46,0,2026-04-08T03:06:03.612411+00:00,0.0,0.0,0.0,0.0,0.46,0.46,0.4696,0.0,0.5892556509887891,0.0,-0.002511352612391937,0.0007437351024635729,-0.00325508771485551,2284.35
77932,RTBRISCOE,2018-07-17,0.46,0.46,0,2026-04-08T03:06:06.031894+00:00,0.0,0.0,0.0,0.0,0.46,0.46,0.4692,0.0,0.5892556509887891,0.0,-0.002346061612640171,0.0007272208817722713,-0.0030732824944124425,2258.45
78027,RTBRISCOE,2018-07-18,0.46,0.46,0,2026-04-08T03:06:08.398083+00:00,0.0,0.0,0.0,0.0,0.46,0.46,0.46879999999999994,0.0,0.5892556509887891,0.0,-0.00218982437223475,0.0007067664977421545,-0.0028965908699769044,2258.45
78122,RTBRISCOE,2018-07-19,0.46,0.46,0,2026-04-08T03:06:10.625391+00:00,0.0,0.0,0.0,0.0,0.46,0.46,0.4684,0.0,0.5892556509887891,0.0,-0.0020424610143988664,0.0006833038844624305,-0.002725764898861297,2258.45
78217,RTBRISCOE,2018-07-20,0.46,0.46,0,2026-04-08T03:06:13.100822+00:00,0.0,0.0,0.0,0.0,0.46,0.46,0.46799999999999997,0.0,0.5892556509887891,0.0,-0.0019037294831667495,0.0006576283325556384,-0.002561357815722388,2221.45
78312,RTBRISCOE,2018-07-23,0.46,0.46,0,2026-04-08T03:06:17.450644+00:00,0.0,0.0,0.0,0.0,0.46,0.46,0.46760000000000007,0.0,0.5892556509887891,0.0,-0.0017733417651568106,0.0006304128404524619,-0.0024037546056092725,2165.45
78407,RTBRISCOE,2018-07-24,0.46,0.46,0,2026-04-08T03:06:19.846153+00:00,0.0,0.0,0.0,0.0,0.46,0.46,0.4672,0.0,0.5892556509887891,0.0,-0.00165097712266854,0.0006022219863525864,-0.0022531991090211263,2081.95
78502,RTBRISCOE,2018-07-25,0.46,0.46,0,2026-04-08T03:06:22.17218+00:00,0.0,0.0,0.0,0.0,0.46,0.46,0.4668,0.0,0.5892556509887891,0.0,-0.0015362928344208604,0.0005735250196802128,-0.0021098178541010732,2081.95
78597,RTBRISCOE,2018-07-26,0.46,0.46,0,2026-04-08T03:06:24.338643+00:00,0.0,0.0,0.0,0.0,0.46,0.46,0.4664,0.0,0.5892556509887891,0.0,-0.001428932861185006,0.0005447079943328541,-0.00197364085551786,1081.95
78692,RTBRISCOE,2018-07-27,0.46,0.46,0,2026-04-08T03:06:26.70773+00:00,0.0,0.0,0.0,0.0,0.46,0.46,0.466,0.0,0.5892556509887891,0.0,-0.0013285347868698394,0.0005160848549184169,-0.0018446196417882563,982.8
78787,RTBRISCOE,2018-07-30,0.46,0.46,0,2026-04-08T03:06:31.357035+00:00,0.0,0.0,0.0,0.0,0.46,0.46,0.4656,0.0,0.5892556509887891,0.0,-0.001234735329365244,0.00048790744993841,-0.001722642779303654,0.0
78882,RTBRISCOE,2018-07-31,0.46,0.46,0,2026-04-08T03:06:33.766078+00:00,0.0,0.0,0.0,0.0,0.46,0.46,0.46519999999999995,0.0,0.5892556509887891,0.0,-0.0011471746680226658,0.00046037448902479087,-0.0016075491570474566,0.0
78977,RTBRISCOE,2018-08-01,0.46,0.46,0,2026-04-08T03:06:36.22345+00:00,0.0,0.0,0.0,0.0,0.46,0.46,0.46480000000000005,0.0,0.5892556509887891,0.0,-0.0010654997946856204,0.00043363948988946925,-0.0014991392845750896,0.0
79072,RTBRISCOE,2018-08-02,0.46,0.46,0,2026-04-08T03:06:38.596191+00:00,0.0,0.0,0.0,0.0,0.46,0.46,0.46440000000000003,0.0,0.5892556509887891,0.0,-0.000989367061504931,0.000407817778456127,-0.001397184839961058,0.0
79167,RTBRISCOE,2018-08-03,0.46,0.46,0,2026-04-08T03:06:41.315743+00:00,0.0,0.0,0.0,0.0,0.46,0.46,0.4640000000000001,0.0,0.5892556509887891,0.0,-0.000918444070420299,0.00038299261563260736,-0.0013014366860529063,0.0
79262,RTBRISCOE,2018-08-06,0.46,0.46,0,2026-04-08T03:06:46.359416+00:00,0.0,0.0,0.0,0.0,0.46,0.46,0.4636,0.0,0.5892556509887891,0.0,-0.0008524110253206874,0.00035922052858577535,-0.0012116315539064627,0.0
79357,RTBRISCOE,2018-08-07,0.46,0.46,0,2026-04-08T03:06:48.623378+00:00,0.0,0.0,0.0,0.0,0.46,0.46,0.4632,0.0,0.5892556509887891,0.0,-0.0007909616478173898,0.00033653592487125836,-0.0011274975726886481,0.0
79452,RTBRISCOE,2018-08-08,0.46,0.46,0,2026-04-08T03:06:51.110249+00:00,0.0,0.0,0.0,0.0,0.46,0.46,0.4628,0.0,0.5892556509887891,0.0,-0.000733803740681549,0.0003149550656056793,-0.0010487588062872283,0.0
79547,RTBRISCOE,2018-08-09,0.46,0.46,0,2026-04-08T03:06:53.45187+00:00,0.0,0.0,0.0,0.0,0.46,0.46,0.46240000000000003,0.0,0.5892556509887891,0.0,-0.0006806594688151812,0.0002944794699776377,-0.0009751389387928189,0.0
79642,RTBRISCOE,2018-08-10,0.46,0.46,0,2026-04-08T03:06:56.254972+00:00,0.0,0.0,0.0,0.0,0.46,0.46,0.46199999999999997,0.0,0.5892556509887891,0.0,-0.0006312654157140107,0.00027509881846304656,-0.0009063642341770573,0.0
79737,RTBRISCOE,2018-08-13,0.46,0.46,0,2026-04-08T03:07:00.870215+00:00,0.0,0.0,0.0,0.0,0.46,0.46,0.46159999999999995,0.0,0.5892556509887891,0.0,-0.0005853724633901325,0.00025679341662953996,-0.0008421658800196724,0.0
79832,RTBRISCOE,2018-08-14,0.46,0.46,0,2026-04-08T03:07:03.258394+00:00,0.0,0.0,0.0,0.0,0.46,0.46,0.46120000000000005,0.0,0.5892556509887891,0.0,-0.0005427455353485544,0.00023953627573689452,-0.0007822818110854489,0.0
79927,RTBRISCOE,2018-08-15,0.46,0.46,0,2026-04-08T03:07:05.636903+00:00,0.0,0.0,0.0,0.0,0.46,0.46,0.46080000000000004,0.0,0.5892556509887891,0.0,-0.0005031632351980009,0.00022329486070995846,-0.0007264580959079593,0.0
80022,RTBRISCOE,2018-08-16,0.46,0.46,0,2026-04-08T03:07:07.96787+00:00,0.0,0.0,0.0,0.0,0.46,0.46,0.4604000000000001,0.0,0.5892556509887891,0.0,-0.00046641740761338424,0.00020803255063566015,-0.0006744499582490444,0.0
80117,RTBRISCOE,2018-08-17,0.46,0.46,0,2026-04-08T03:07:10.276143+00:00,0.0,0.0,0.0,0.0,0.46,0.46,0.46,0.0,0.5892556509887891,0.0,-0.0004323126434646052,0.00019370985182755145,-0.0006260224952921566,0.0
80212,RTBRISCOE,2018-08-20,0.46,0.46,0,2026-04-08T03:07:14.92421+00:00,0.0,0.0,0.0,0.0,0.46,0.46,0.46,0.0,0.0,0.0,-0.0004006657468413888,0.00018028539876061434,-0.0005809511456020031,0.0
80307,RTBRISCOE,2018-08-24,0.46,0.46,0,2026-04-08T03:07:20.612873+00:00,0.0,0.0,0.0,0.0,0.46,0.46,0.46,0.0,0.0,0.0,-0.0003713051782979204,0.0001677167738432662,-0.0005390219521411866,0.0
80402,RTBRISCOE,2018-08-27,0.46,0.46,0,2026-04-08T03:07:24.735515+00:00,0.0,0.0,0.0,0.0,0.46,0.46,0.46,0.0,0.0,0.0,-0.0003440704858117538,0.00015596117306354627,-0.0005000316588753001,0.0
80497,RTBRISCOE,2018-08-28,0.46,0.46,0,2026-04-08T03:07:26.964049+00:00,0.0,0.0,0.0,0.0,0.46,0.46,0.46,0.0,0.0,0.0,-0.00031881173260112083,0.00014497594101934343,-0.00046378767362046427,0.0
80592,RTBRISCOE,2018-08-29,0.46,0.46,0,2026-04-08T03:07:29.382314+00:00,0.0,0.0,0.0,0.0,0.46,0.46,0.46,0.0,0.0,0.0,-0.00029538892900182745,0.00013471899569490948,-0.0004301079246967369,0.0
80687,RTBRISCOE,2018-08-30,0.46,0.46,0,2026-04-08T03:07:31.753519+00:00,0.0,0.0,0.0,0.0,0.46,0.46,0.46,0.0,0.0,0.0,-0.0002736714739995372,0.0001251491605577598,-0.000398820634557297,0.0
80782,RTBRISCOE,2018-08-31,0.46,0.46,0,2026-04-08T03:07:34.108038+00:00,0.0,0.0,0.0,0.0,0.46,0.46,0.46,0.0,0.0,0.0,-0.00025353761069007996,0.00011622641909377366,-0.0003697640297838536,0.0
80877,RTBRISCOE,2018-09-03,0.46,0.46,0,2026-04-08T03:07:38.483999+00:00,0.0,0.0,0.0,0.0,0.46,0.46,0.46,0.0,0.0,0.0,-0.00023487389885856746,0.00010791210474022896,-0.0003427860035987964,0.0
80972,RTBRISCOE,2018-09-05,0.46,0.46,0,2026-04-08T03:07:41.733647+00:00,0.0,0.0,0.0,0.0,0.46,0.46,0.46,0.0,0.0,0.0,-0.00021757470698074988,0.00010016903729443723,-0.0003177437442751871,0.0
81067,RTBRISCOE,2018-09-06,0.46,0.46,0,2026-04-08T03:07:44.232746+00:00,0.0,0.0,0.0,0.0,0.46,0.46,0.46,0.0,0.0,0.0,-0.00020154172523051406,9.296161523573846e-05,-0.0002945033404662525,0.0
81162,RTBRISCOE,2018-09-07,0.46,0.46,0,2026-04-08T03:07:46.695234+00:00,0.0,0.0,0.0,0.0,0.46,0.46,0.46,0.0,0.0,0.0,-0.00018668350049488858,8.625587197709115e-05,-0.00027293937247197973,0.0
81257,RTBRISCOE,2018-09-10,0.46,0.46,0,2026-04-08T03:07:51.133138+00:00,0.0,0.0,0.0,0.0,0.46,0.46,0.46,0.0,0.0,0.0,-0.00017291499393001786,8.001950283356951e-05,-0.00025293449676358737,0.0
81359,RTBRISCOE,2018-09-11,0.46,0.46,0,2026-04-08T03:07:53.572062+00:00,0.0,0.0,0.0,0.0,0.46,0.46,0.46,0.0,0.0,0.0,-0.00016015716122042,7.422186843453389e-05,-0.0002343790296549539,0.0
81461,RTBRISCOE,2018-09-12,0.46,0.46,0,2026-04-08T03:07:56.190409+00:00,0.0,0.0,0.0,0.0,0.46,0.46,0.46,0.0,0.0,0.0,-0.0001483365554083571,6.883397939727744e-05,-0.00021717053480563455,0.0
81563,RTBRISCOE,2018-09-13,0.46,0.46,0,2026-04-08T03:07:58.529226+00:00,0.0,0.0,0.0,0.0,0.46,0.46,0.46,0.0,0.0,0.0,-0.00013738495193266198,6.382846629837807e-05,-0.00020121341823104005,0.0
81665,RTBRISCOE,2018-09-14,0.46,0.46,1000,2026-04-08T03:08:00.944137+00:00,0.0,0.0,0.0,0.0,0.46,0.46,0.46,0.0,0.0,0.0,-0.0001272389953414499,5.9179538311672145e-05,-0.00018641853365312203,50.0
81767,RTBRISCOE,2018-09-17,0.46,0.46,0,2026-04-08T03:08:05.572353+00:00,0.0,0.0,0.0,0.0,0.46,0.46,0.46,0.0,0.0,0.0,-0.00011783986701108251,5.4862933313631624e-05,-0.00017270280032471414,50.0
81869,RTBRISCOE,2018-09-18,0.46,0.46,6485,2026-04-08T03:08:07.840784+00:00,0.0,0.0,0.0,0.0,0.46,0.46,0.46,0.0,0.0,0.0,-0.00010913297311104797,5.085586177093292e-05,-0.0001599888348819809,374.25
81971,RTBRISCOE,2018-09-19,0.46,0.46,0,2026-04-08T03:08:10.07554+00:00,0.0,0.0,0.0,0.0,0.46,0.46,0.46,0.0,0.0,0.0,-0.00010106765198586443,4.713694631689318e-05,-0.0001482045983027576,374.25
82073,RTBRISCOE,2018-09-20,0.46,0.46,0,2026-04-08T03:08:12.389642+00:00,0.0,0.0,0.0,0.0,0.46,0.46,0.46,0.0,0.0,0.0,-9.359690008453603e-05,4.368615857457727e-05,-0.0001372830586591133,374.25
82175,RTBRISCOE,2018-09-21,0.46,0.46,0,2026-04-08T03:08:14.761127+00:00,0.0,0.0,0.0,0.0,0.46,0.46,0.46,0.0,0.0,0.0,-8.667711554544155e-05,4.048475449093739e-05,-0.00012716187003637894,374.25
82277,RTBRISCOE,2018-09-24,0.46,0.46,0,2026-04-08T03:08:19.182113+00:00,0.0,0.0,0.0,0.0,0.46,0.46,0.46,0.0,0.0,0.0,-8.026785853570972e-05,3.7515209200535376e-05,-0.0001177830677362451,374.25
82379,RTBRISCOE,2018-09-25,0.46,0.46,50000,2026-04-08T03:08:21.370615+00:00,0.0,0.0,0.0,0.0,0.46,0.46,0.46,0.0,0.0,0.0,-7.433162744785449e-05,3.4761152230712494e-05,-0.00010909277967856698,2874.25
82481,RTBRISCOE,2018-09-26,0.46,0.46,0,2026-04-08T03:08:24.494451+00:00,0.0,0.0,0.0,0.0,0.46,0.46,0.46,0.0,0.0,0.0,-6.883365007198661e-05,3.220730368526431e-05,-0.00010104095375725092,2874.25
82583,RTBRISCOE,2018-09-27,0.46,0.46,0,2026-04-08T03:08:26.812803+00:00,0.0,0.0,0.0,0.0,0.46,0.46,0.46,0.0,0.0,0.0,-6.374168887918197e-05,2.983941190245516e-05,-9.358110078163713e-05,2874.25
82685,RTBRISCOE,2018-09-28,0.46,0.46,500,2026-04-08T03:08:29.283021+00:00,0.0,0.0,0.0,0.0,0.46,0.46,0.46,0.0,0.0,0.0,-5.902585958134088e-05,2.7644192960237017e-05,-8.66700525415779e-05,2899.25
82787,RTBRISCOE,2018-10-02,0.46,0.46,200,2026-04-08T03:08:34.887787+00:00,0.0,0.0,0.0,0.0,0.46,0.46,0.46,0.0,0.0,0.0,-5.4658462159073995e-05,2.5609272306003123e-05,-8.026773446507712e-05,2909.25
82889,RTBRISCOE,2018-10-04,0.42,0.42,6553181,2026-04-08T03:08:38.279141+00:00,-8.695652173913048,0.0,0.0,0.0,0.45200000000000007,0.458,0.4592,1.9444069369563401,1.229750923802692,0.0,-0.003241497014467465,-0.0025289834240019102,-0.0007125135904655547,330568.3
82991,RTBRISCOE,2018-10-05,0.42,0.42,2000,2026-04-08T03:08:40.455926+00:00,0.0,-8.695652173913048,0.0,0.0,0.44400000000000006,0.45600000000000007,0.45840000000000003,1.9444069369563401,1.229750923802692,0.0,-0.005701367709131044,-0.003991083294932392,-0.0017102844141986527,330668.3
83093,RTBRISCOE,2018-10-08,0.42,0.42,10929,2026-04-08T03:08:45.286665+00:00,0.0,0.0,0.0,0.0,0.43599999999999994,0.454,0.45760000000000006,1.9444069369563401,1.229750923802692,0.0,-0.007563643977495593,-0.004682687650637552,-0.002880956326858041,331214.75
83195,RTBRISCOE,2018-10-09,0.38,0.38,124805,2026-04-08T03:08:47.584215+00:00,-9.523809523809524,0.0,0.0,0.0,0.42000000000000004,0.45000000000000007,0.456,2.8071326009568884,1.8051984959791738,0.0,-0.012127380153821199,-0.007397139061570526,-0.004730241092250673,337455.0
83297,RTBRISCOE,2018-10-10,0.38,0.38,1600,2026-04-08T03:08:50.198924+00:00,0.0,-9.523809523809524,0.0,0.0,0.404,0.446,0.4544,2.8071326009568884,1.8051984959791738,0.0,-0.015564753167708001,-0.008667609660365862,-0.0068971435073421385,337535.0
83399,RTBRISCOE,2018-10-11,0.38,0.38,700,2026-04-08T03:08:52.595743+00:00,0.0,0.0,-8.695652173913048,0.0,0.396,0.44200000000000006,0.45280000000000004,2.8071326009568884,1.8051984959791738,0.0,-0.018080475578386157,-0.008946665656835214,-0.009133809921550943,337570.0
83501,RTBRISCOE,2018-10-12,0.38,0.38,0,2026-04-08T03:08:54.923298+00:00,0.0,0.0,0.0,0.0,0.388,0.438,0.45120000000000005,2.8071326009568884,1.8051984959791738,0.0,-0.019845437859363213,-0.008569302350249816,-0.011276135509113397,337570.0
83603,RTBRISCOE,2018-10-15,0.38,0.38,0,2026-04-08T03:08:59.688494+00:00,0.0,0.0,0.0,0.0,0.38,0.434,0.4496,2.8071326009568884,1.8051984959791738,0.0,-0.02100208422925276,-0.007780758976111489,-0.013221325253141271,337570.0
83705,RTBRISCOE,2018-10-16,0.38,0.38,78150,2026-04-08T03:09:01.98694+00:00,0.0,0.0,-9.523809523809524,0.0,0.38,0.43,0.44799999999999995,2.8071326009568884,1.8051984959791738,0.0,-0.021668948658889853,-0.006758098724598864,-0.014910849934290989,341427.5
83807,RTBRISCOE,2018-10-17,0.38,0.38,1000,2026-04-08T03:09:04.302348+00:00,0.0,0.0,0.0,0.0,0.38,0.426,0.4464,2.8071326009568884,1.8051984959791738,0.0,-0.021944481204515642,-0.005626905016179722,-0.01631757618833592,341477.5
83909,RTBRISCOE,2018-10-18,0.38,0.38,4563,2026-04-08T03:09:06.644992+00:00,0.0,0.0,0.0,-8.695652173913048,0.38,0.42200000000000004,0.44480000000000003,2.8071326009568884,1.8051984959791738,0.0,-0.021910274723686674,-0.004474158828280603,-0.01743611589540607,341381.4
84011,RTBRISCOE,2018-10-19,0.38,0.38,0,2026-04-08T03:09:09.038287+00:00,0.0,0.0,0.0,0.0,0.38,0.41800000000000004,0.4432,2.8071326009568884,1.8051984959791738,0.0,-0.02163378503387836,-0.0033581353107778322,-0.01827564972310053,341381.4
84113,RTBRISCOE,2018-10-22,0.38,0.38,0,2026-04-08T03:09:13.967+00:00,0.0,0.0,0.0,0.0,0.38,0.41400000000000003,0.4416,2.8071326009568884,1.8051984959791738,0.0,-0.02117062319674784,-0.0023159787789178467,-0.018854644417829993,341381.4
84215,RTBRISCOE,2018-10-23,0.38,0.38,0,2026-04-08T03:09:16.194722+00:00,0.0,0.0,0.0,-9.523809523809524,0.38,0.41000000000000003,0.44000000000000006,2.8071326009568884,1.8051984959791738,0.0,-0.020566486450315113,-0.0013694736259880942,-0.01919701282432702,341381.4
84317,RTBRISCOE,2018-10-24,0.38,0.38,4299,2026-04-08T03:09:18.448083+00:00,0.0,0.0,0.0,0.0,0.38,0.40599999999999997,0.4384,2.8071326009568884,1.8051984959791738,0.0,-0.01985878402561353,-0.0005294169610292054,-0.019329367064584324,341596.35
84419,RTBRISCOE,2018-10-25,0.38,0.38,0,2026-04-08T03:09:20.631413+00:00,0.0,0.0,0.0,0.0,0.38,0.40199999999999997,0.4368,2.8071326009568884,1.8051984959791738,0.0,-0.019078005384885965,0.00020108934375868623,-0.01927909472864465,339096.35
84521,RTBRISCOE,2018-10-26,0.38,0.38,200,2026-04-08T03:09:23.109094+00:00,0.0,0.0,0.0,0.0,0.38,0.398,0.4352,2.8071326009568884,1.8051984959791738,0.0,-0.018248871060841443,0.000824178934242567,-0.01907304999508401,339106.35
84623,RTBRISCOE,2018-10-29,0.38,0.38,200,2026-04-08T03:09:27.901396+00:00,0.0,0.0,0.0,0.0,0.38,0.394,0.43360000000000004,2.8071326009568884,1.8051984959791738,0.0,-0.017391300054130254,0.0013453999527630045,-0.01873670000689326,339116.35
84725,RTBRISCOE,2018-10-30,0.38,0.38,50,2026-04-08T03:09:30.377337+00:00,0.0,0.0,0.0,0.0,0.38,0.39,0.43200000000000005,2.8071326009568884,1.8051984959791738,0.0,-0.016521222484152776,0.001772382018192388,-0.018293604502345163,339093.85
84827,RTBRISCOE,2018-10-31,0.38,0.38,1728,2026-04-08T03:09:32.658485+00:00,0.0,0.0,0.0,0.0,0.38,0.386,0.4304,2.8071326009568884,1.8051984959791738,0.0,-0.015651261738624522,0.0021138742109765157,-0.017765135949601038,339170.25
84929,RTBRISCOE,2018-11-01,0.38,0.38,0,2026-04-08T03:09:35.048509+00:00,0.0,0.0,0.0,0.0,0.38,0.384,0.4288,2.1295885499998,1.8051984959791738,0.0,-0.014791306604793275,0.0023790634758462104,-0.017170370080639485,11511.2
85031,RTBRISCOE,2018-11-02,0.38,0.38,0,2026-04-08T03:09:37.41202+00:00,0.0,0.0,0.0,0.0,0.38,0.382,0.42719999999999997,2.1295885499998,1.8051984959791738,0.0,-0.01394899068393074,0.002577103517366997,-0.016526094201297737,11411.2
85133,RTBRISCOE,2018-11-05,0.38,0.38,4448,2026-04-08T03:09:41.998643+00:00,0.0,0.0,0.0,0.0,0.38,0.38,0.42560000000000003,2.1295885499998,1.8051984959791738,0.0,-0.013130093701101853,0.0027168004001567082,-0.01584689410125856,11087.15
85235,RTBRISCOE,2018-11-06,0.38,0.38,0,2026-04-08T03:09:44.485046+00:00,0.0,0.0,0.0,0.0,0.38,0.38,0.424,0.0,1.8051984959791738,0.0,-0.012338877048445607,0.0028064136422503647,-0.015145290690695971,4846.9
85337,RTBRISCOE,2018-11-08,0.38,0.38,4304,2026-04-08T03:09:47.843283+00:00,0.0,0.0,0.0,0.0,0.38,0.38,0.4224,0.0,1.8051984959791738,0.0,-0.011578363978148598,0.002853541370037899,-0.014431905348186497,4982.1
85439,RTBRISCOE,2018-11-09,0.38,0.38,0,2026-04-08T03:09:50.169754+00:00,0.0,0.0,0.0,0.0,0.38,0.38,0.4208,0.0,1.8051984959791738,0.0,-0.010850573236711902,0.002865065689179677,-0.01371563892589158,4947.1
85541,RTBRISCOE,2018-11-12,0.38,0.38,0,2026-04-08T03:09:54.975549+00:00,0.0,0.0,0.0,0.0,0.38,0.38,0.4192,0.0,1.8051984959791738,0.0,-0.010156713559099528,0.0028471402934336417,-0.01300385385253317,4947.1
85643,RTBRISCOE,2018-11-13,0.38,0.38,0,2026-04-08T03:09:57.558923+00:00,0.0,0.0,0.0,0.0,0.38,0.38,0.4176,0.0,1.8051984959791738,0.0,-0.009497345281094416,0.002805206857151004,-0.01230255213824542,4947.1
85745,RTBRISCOE,2018-11-14,0.38,0.38,0,2026-04-08T03:09:59.910116+00:00,0.0,0.0,0.0,0.0,0.38,0.38,0.41600000000000004,0.0,1.8051984959791738,0.0,-0.008872514347830096,0.002744030232332259,-0.011616544580162355,1039.6
85847,RTBRISCOE,2018-11-15,0.38,0.38,0,2026-04-08T03:10:02.252366+00:00,0.0,0.0,0.0,0.0,0.38,0.38,0.4144,0.0,1.8051984959791738,0.0,-0.008281863168231818,0.0026677451295444316,-0.01094960829777625,989.6
85949,RTBRISCOE,2018-11-16,0.38,0.38,0,2026-04-08T03:10:04.527169+00:00,0.0,0.0,0.0,0.0,0.38,0.38,0.4128,0.0,1.8051984959791738,0.0,-0.007724722065489742,0.0025799089858292053,-0.010304631051318947,761.45
86051,RTBRISCOE,2018-11-19,0.38,0.38,5402,2026-04-08T03:10:09.122468+00:00,0.0,0.0,0.0,0.0,0.38,0.38,0.41120000000000007,0.0,1.8051984959791738,0.0,-0.007200184482822947,0.0024835572547968025,-0.00968374173761975,1031.55
86153,RTBRISCOE,2018-11-21,0.38,0.38,0,2026-04-08T03:10:12.622729+00:00,0.0,0.0,0.0,0.0,0.38,0.38,0.4096,0.0,1.8051984959791738,0.0,-0.006707168604861036,0.002381258506206971,-0.009088427111068007,1031.55
86255,RTBRISCOE,2018-11-22,0.38,0.38,1210,2026-04-08T03:10:14.989948+00:00,0.0,0.0,0.0,0.0,0.38,0.38,0.408,0.0,1.8051984959791738,0.0,-0.006244467633752804,0.0022751675818521618,-0.008519635215604966,1092.05
86357,RTBRISCOE,2018-11-23,0.38,0.38,150,2026-04-08T03:10:17.221139+00:00,0.0,0.0,0.0,0.0,0.38,0.38,0.4064,0.0,1.8051984959791738,0.0,-0.005810790603582527,0.0021670756896179505,-0.007977866293200478,884.6
86459,RTBRISCOE,2018-11-26,0.38,0.38,0,2026-04-08T03:10:22.142454+00:00,0.0,0.0,0.0,0.0,0.38,0.38,0.40480000000000005,0.0,1.8051984959791738,0.0,-0.0054047953166561635,0.0020584567812354524,-0.007463252097891616,884.6
86561,RTBRISCOE,2018-11-27,0.38,0.38,0,2026-04-08T03:10:24.421595+00:00,0.0,0.0,0.0,0.0,0.38,0.38,0.4032,0.0,1.8051984959791738,0.0,-0.005025114732122304,0.0019505098926154499,-0.006975624624737754,874.6
86663,RTBRISCOE,2018-11-28,0.38,0.38,0,2026-04-08T03:10:26.708398+00:00,0.0,0.0,0.0,0.0,0.38,0.38,0.40159999999999996,0.0,1.8051984959791738,0.0,-0.0046703779239305465,0.0018441973606457673,-0.006514575284576314,864.6
86765,RTBRISCOE,2018-11-29,0.38,0.38,0,2026-04-08T03:10:29.255332+00:00,0.0,0.0,0.0,0.0,0.38,0.38,0.4,0.0,1.8051984959791738,0.0,-0.004339226545160058,0.0017402789915330055,-0.006079505536693063,862.1
86867,RTBRISCOE,2018-11-30,0.38,0.38,560,2026-04-08T03:10:32.706086+00:00,0.0,0.0,0.0,0.0,0.38,0.38,0.39840000000000003,0.0,1.8051984959791738,0.0,-0.004030327584070237,0.0016393423620982613,-0.005669669946168498,803.7
86969,RTBRISCOE,2018-12-03,0.38,0.38,0,2026-04-08T03:10:37.185914+00:00,0.0,0.0,0.0,0.0,0.38,0.38,0.3968,0.0,1.8051984959791738,0.0,-0.0037423830694378046,0.0015418295013845552,-0.00528421257082236,803.7
87071,RTBRISCOE,2018-12-04,0.38,0.38,0,2026-04-08T03:10:39.607482+00:00,0.0,0.0,0.0,0.0,0.38,0.38,0.39519999999999994,0.0,1.8051984959791738,0.0,-0.0034741372751310173,0.0014480602365530741,-0.0049221975116840915,803.7
87173,RTBRISCOE,2018-12-05,0.38,0.38,0,2026-04-08T03:10:42.037497+00:00,0.0,0.0,0.0,0.0,0.38,0.38,0.3936,0.0,1.8051984959791738,0.0,-0.00322438188329377,0.001358252502712258,-0.004582634386006028,581.3
87275,RTBRISCOE,2018-12-06,0.38,0.38,60,2026-04-08T03:10:44.312069+00:00,0.0,0.0,0.0,0.0,0.38,0.38,0.392,0.0,1.8051984959791738,0.0,-0.0029919594893096924,0.0012725399173570684,-0.004264499406666761,584.3
87377,RTBRISCOE,2018-12-07,0.38,0.38,14928,2026-04-08T03:10:46.663078+00:00,0.0,0.0,0.0,0.0,0.38,0.38,0.39039999999999997,0.0,1.8051984959791738,0.0,-0.0027757657676490965,0.0011909869112141317,-0.003966752678863228,1115.5
87479,RTBRISCOE,2018-12-10,0.38,0.38,2488,2026-04-08T03:10:51.346822+00:00,0.0,0.0,0.0,0.0,0.38,0.38,0.38880000000000003,0.0,1.8051984959791738,0.0,-0.0025747505638676893,0.0011136016919964316,-0.003688352255864121,1239.9
87581,RTBRISCOE,2018-12-11,0.38,0.38,0,2026-04-08T03:10:53.613329+00:00,0.0,0.0,0.0,0.0,0.38,0.38,0.3872,0.0,1.8051984959791738,0.0,-0.002387918132826794,0.0010403472984298616,-0.0034282654312566556,1239.9
87683,RTBRISCOE,2018-12-12,0.38,0.38,0,2026-04-08T03:10:55.983376+00:00,0.0,0.0,0.0,0.0,0.38,0.38,0.3856,0.0,1.8051984959791738,0.0,-0.002214326705283931,0.0009711509807781801,-0.003185477686062111,1239.9
87785,RTBRISCOE,2018-12-13,0.38,0.38,898,2026-04-08T03:10:58.622726+00:00,0.0,0.0,0.0,0.0,0.38,0.38,0.384,0.0,1.8051984959791738,0.0,-0.0020530875332172016,0.0009059121222759281,-0.0029589996554931297,1284.8
87887,RTBRISCOE,2018-12-17,0.38,0.38,0,2026-04-08T03:11:04.071168+00:00,0.0,0.0,0.0,0.0,0.38,0.38,0.3824,0.0,1.8051984959791738,0.0,-0.0019033635376297098,0.000844508894290736,-0.0027478724319204458,1284.8
87988,RTBRISCOE,2018-12-18,0.38,0.38,0,2026-04-08T03:11:06.547404+00:00,0.0,0.0,0.0,0.0,0.38,0.38,0.38160000000000005,0.0,1.3468700594029475,0.0,-0.0017643676603160685,0.0007868038172835021,-0.0025511714775995707,1284.8
88089,RTBRISCOE,2018-12-19,0.38,0.38,0,2026-04-08T03:11:08.930184+00:00,0.0,0.0,0.0,0.0,0.38,0.38,0.38079999999999997,0.0,1.3468700594029475,0.0,-0.0016353610024741339,0.0007326483801003494,-0.0023680093825744833,1014.7
88190,RTBRISCOE,2018-12-21,0.38,0.38,0,2026-04-08T03:11:13.038597+00:00,0.0,0.0,0.0,0.0,0.38,0.38,0.38,0.0,1.3468700594029475,0.0,-0.001515650817527081,0.0006818868520379216,-0.0021975376695650027,1014.7
88291,RTBRISCOE,2018-12-24,0.38,0.38,0,2026-04-08T03:11:17.396489+00:00,0.0,0.0,0.0,0.0,0.38,0.38,0.38,0.0,0.0,0.0,-0.001404588412596719,0.000634359405574627,-0.002038947818171346,954.2
88393,RTBRISCOE,2018-12-31,0.38,0.38,0,2026-04-08T03:11:26.963749+00:00,0.0,0.0,0.0,0.0,0.38,0.38,0.38,0.0,0.0,0.0,-0.0013015670023225345,0.0005899046526790493,-0.0018914716550015838,946.7
88495,RTBRISCOE,2019-01-04,0.38,0.38,0,2026-04-08T03:11:33.101723+00:00,0.0,0.0,0.0,0.0,0.38,0.38,0.38,0.0,0.0,0.0,-0.0012060195498020954,0.0005483616841595908,-0.0017543812339616861,946.7
88597,RTBRISCOE,2019-01-07,0.35,0.35,133386,2026-04-08T03:11:37.396019+00:00,-7.8947368421052655,0.0,0.0,0.0,0.374,0.3785,0.37939999999999996,1.7653168243419397,1.1164843913471807,0.0,-0.003510579015208515,-0.001404958224997463,-0.002105620790211052,7616.0
88699,RTBRISCOE,2019-01-08,0.35,0.35,0,2026-04-08T03:11:39.720871+00:00,0.0,-7.8947368421052655,0.0,0.0,0.368,0.377,0.3788,1.7653168243419397,1.1164843913471807,0.0,-0.005276138949470488,-0.002536414527407549,-0.002739724422062939,7616.0
88801,RTBRISCOE,2019-01-09,0.35,0.35,0,2026-04-08T03:11:42.122758+00:00,0.0,0.0,0.0,0.0,0.362,0.37550000000000006,0.3782,1.7653168243419397,1.1164843913471807,0.0,-0.006599285462644655,-0.003087648832465373,-0.0035116366301792823,7616.0
88903,RTBRISCOE,2019-01-10,0.35,0.35,0,2026-04-08T03:11:44.4712+00:00,0.0,0.0,0.0,0.0,0.356,0.374,0.37760000000000005,1.7653168243419397,1.1164843913471807,0.0,-0.007560733181369239,-0.0032392772409519655,-0.004321455940417274,7588.0
89005,RTBRISCOE,2019-01-11,0.35,0.35,0,2026-04-08T03:11:46.864498+00:00,0.0,0.0,0.0,0.0,0.35,0.37249999999999994,0.37699999999999995,1.7653168243419397,1.1164843913471807,0.0,-0.008227841984570883,-0.003125108835322887,-0.005102733149247996,7588.0
89107,RTBRISCOE,2019-01-14,0.35,0.35,15000,2026-04-08T03:11:51.386431+00:00,0.0,0.0,-7.8947368421052655,0.0,0.35,0.371,0.3764,1.7653168243419397,1.1164843913471807,0.0,-0.008656740995802104,-0.0028432062772432865,-0.005813534718558817,8338.0
89209,RTBRISCOE,2019-01-15,0.35,0.35,38303,2026-04-08T03:11:53.781694+00:00,0.0,0.0,0.0,0.0,0.35,0.3695,0.3758000000000001,1.7653168243419397,1.1164843913471807,0.0,-0.008894120665618066,-0.002464468757647399,-0.006429651907970667,10253.15
89311,RTBRISCOE,2019-01-16,0.35,0.35,0,2026-04-08T03:11:56.273278+00:00,0.0,0.0,0.0,0.0,0.35,0.368,0.3752,1.7653168243419397,1.1164843913471807,0.0,-0.008978744387945437,-0.0020392739839798155,-0.006939470403965621,10250.15
89413,RTBRISCOE,2019-01-17,0.35,0.35,0,2026-04-08T03:11:58.633279+00:00,0.0,0.0,0.0,0.0,0.35,0.3665,0.3746,1.7653168243419397,1.1164843913471807,0.0,-0.008942723151729615,-0.0016026021982111938,-0.007340120953518421,9503.75
89515,RTBRISCOE,2019-01-18,0.35,0.35,9756,2026-04-08T03:12:01.678716+00:00,0.0,0.0,0.0,0.0,0.35,0.365,0.374,1.7653168243419397,1.1164843913471807,0.0,-0.008812590010515098,-0.0011779752455973415,-0.007634614764917756,9867.15
89617,RTBRISCOE,2019-01-21,0.35,0.35,3000,2026-04-08T03:12:06.146982+00:00,0.0,0.0,0.0,-7.8947368421052655,0.35,0.36350000000000005,0.3734,1.7653168243419397,1.1164843913471807,0.0,-0.008610205469557708,-0.0007804725637119599,-0.007829732905845748,10017.15
89719,RTBRISCOE,2019-01-22,0.35,0.35,0,2026-04-08T03:12:26.450353+00:00,0.0,0.0,0.0,0.0,0.35,0.362,0.3728,1.7653168243419397,1.1164843913471807,0.0,-0.00835352008311463,-0.00041902974181510545,-0.007934490341299524,10017.15
89821,RTBRISCOE,2019-01-23,0.35,0.35,0,2026-04-08T03:12:28.985884+00:00,0.0,0.0,0.0,0.0,0.35,0.36049999999999993,0.3722,1.7653168243419397,1.1164843913471807,0.0,-0.008057216488800367,-9.818091800067354e-05,-0.007959035570799694,9972.25
89923,RTBRISCOE,2019-01-24,0.35,0.35,20000,2026-04-08T03:12:31.471104+00:00,0.0,0.0,0.0,0.0,0.35,0.359,0.37160000000000004,1.7653168243419397,1.1164843913471807,0.0,-0.007733249667171815,0.00018062872290230264,-0.007913878390074118,10972.25
90025,RTBRISCOE,2019-01-25,0.35,0.35,2150,2026-04-08T03:12:33.831732+00:00,0.0,0.0,0.0,0.0,0.35,0.3575,0.37099999999999994,1.7653168243419397,1.1164843913471807,0.0,-0.0073913013064410005,0.0004180616669064944,-0.007809362973347495,11079.75
90127,RTBRISCOE,2019-01-28,0.35,0.35,0,2026-04-08T03:12:38.324+00:00,0.0,0.0,0.0,0.0,0.35,0.356,0.3704,1.7653168243419397,1.1164843913471807,0.0,-0.007039161692689588,0.0006161610245263259,-0.007655322717215914,11079.75
90229,RTBRISCOE,2019-01-29,0.35,0.35,502,2026-04-08T03:12:40.769031+00:00,0.0,0.0,0.0,0.0,0.35,0.3545,0.3698,1.7653168243419397,1.1164843913471807,0.0,-0.00668305046604456,0.0007778178009370841,-0.007460868266981644,11104.85
90331,RTBRISCOE,2019-01-30,0.35,0.35,2000,2026-04-08T03:12:43.207065+00:00,0.0,0.0,0.0,0.0,0.35,0.353,0.36920000000000003,1.7653168243419397,1.1164843913471807,0.0,-0.006327885824473134,0.0009063859540068085,-0.007234271778479942,11204.85
90433,RTBRISCOE,2019-01-31,0.35,0.35,0,2026-04-08T03:12:45.452606+00:00,0.0,0.0,0.0,0.0,0.35,0.35150000000000003,0.3686,1.7653168243419397,1.1164843913471807,0.0,-0.005977510269686792,0.0010054092070345202,-0.006982919476721312,11204.85
90535,RTBRISCOE,2019-02-01,0.35,0.35,0,2026-04-08T03:12:47.65569+00:00,0.0,0.0,0.0,0.0,0.35,0.35,0.368,1.7653168243419397,1.1164843913471807,0.0,-0.005634879732236642,0.0010784317955877367,-0.006713311527824378,11204.85
90637,RTBRISCOE,2019-02-04,0.35,0.35,0,2026-04-08T03:12:52.008801+00:00,0.0,0.0,0.0,0.0,0.35,0.35,0.3674,0.0,1.1164843913471807,0.0,-0.005302221849821376,0.0011288717424024026,-0.006431093592223778,4535.55
90739,RTBRISCOE,2019-02-05,0.35,0.35,4814,2026-04-08T03:12:54.428036+00:00,0.0,0.0,0.0,0.0,0.35,0.35,0.3667999999999999,0.0,1.1164843913471807,0.0,-0.004981168274141967,0.0011599402544654495,-0.006141108528607417,4776.25
90841,RTBRISCOE,2019-02-06,0.35,0.35,0,2026-04-08T03:12:56.795589+00:00,0.0,0.0,0.0,0.0,0.35,0.35,0.36619999999999997,0.0,1.1164843913471807,0.0,-0.0046728651219812845,0.0011745947253009063,-0.005847459847282191,4776.25
90943,RTBRISCOE,2019-02-07,0.35,0.35,0,2026-04-08T03:12:59.333395+00:00,0.0,0.0,0.0,0.0,0.35,0.35,0.36560000000000004,0.0,1.1164843913471807,0.0,-0.004378065044111978,0.0011755158425361704,-0.005553580886648149,4776.25
91045,RTBRISCOE,2019-02-08,0.35,0.35,0,2026-04-08T03:13:01.766173+00:00,0.0,0.0,0.0,0.0,0.35,0.35,0.365,0.0,1.1164843913471807,0.0,-0.004097203842999442,0.0011651016349189663,-0.005262305477918408,4776.25
91147,RTBRISCOE,2019-02-11,0.35,0.35,0,2026-04-08T03:13:07.807824+00:00,0.0,0.0,0.0,0.0,0.35,0.35,0.3644,0.0,1.1164843913471807,0.0,-0.003830464111723275,0.0011454730929561065,-0.004975937204679382,4026.25
91249,RTBRISCOE,2019-02-12,0.35,0.35,592,2026-04-08T03:13:10.389121+00:00,0.0,0.0,0.0,0.0,0.35,0.35,0.36379999999999996,0.0,1.1164843913471807,0.0,-0.0035778279791082723,0.0011184873804568878,-0.00469631535956516,2140.7
91351,RTBRISCOE,2019-02-13,0.35,0.35,0,2026-04-08T03:13:13.120558+00:00,0.0,0.0,0.0,0.0,0.35,0.35,0.3632,0.0,1.1164843913471807,0.0,-0.003339120718750588,0.001085755712651658,-0.004424876431402246,2140.7
91453,RTBRISCOE,2019-02-14,0.35,0.35,502,2026-04-08T03:13:15.610167+00:00,0.0,0.0,0.0,0.0,0.35,0.35,0.36260000000000003,0.0,1.1164843913471807,0.0,-0.003114046703156903,0.0010486637825962743,-0.004162710485753177,2165.8
91555,RTBRISCOE,2019-02-15,0.35,0.35,0,2026-04-08T03:13:17.960235+00:00,0.0,0.0,0.0,0.0,0.35,0.35,0.36199999999999993,0.0,1.1164843913471807,0.0,-0.0029022189507327267,0.0010083932280163608,-0.0039106121787490875,1678.0
91657,RTBRISCOE,2019-02-18,0.35,0.35,0,2026-04-08T03:13:22.383964+00:00,0.0,0.0,0.0,0.0,0.35,0.35,0.3614,0.0,1.1164843913471807,0.0,-0.0027031833162040053,0.0009659430900360658,-0.003669126406240071,1528.0
91759,RTBRISCOE,2019-02-19,0.35,0.35,0,2026-04-08T03:13:24.617569+00:00,0.0,0.0,0.0,0.0,0.35,0.35,0.3608,0.0,1.1164843913471807,0.0,-0.002516438208625016,0.0009221505580920444,-0.0034385887667170603,1528.0
91861,RTBRISCOE,2019-02-20,0.35,0.35,0,2026-04-08T03:13:26.870792+00:00,0.0,0.0,0.0,0.0,0.35,0.35,0.36019999999999996,0.0,1.1164843913471807,0.0,-0.0023414505806514385,0.0008777105488524976,-0.003219161129503936,1528.0
91963,RTBRISCOE,2019-02-22,0.35,0.35,0,2026-04-08T03:13:30.442816+00:00,0.0,0.0,0.0,0.0,0.35,0.35,0.35960000000000003,0.0,1.1164843913471807,0.0,-0.0021776688142260414,0.0008331938522223156,-0.003010862666448357,528.0
92065,RTBRISCOE,2019-02-25,0.35,0.35,0,2026-04-08T03:13:35.015549+00:00,0.0,0.0,0.0,0.0,0.35,0.35,0.359,0.0,1.1164843913471807,0.0,-0.0020245330278331752,0.0007890637108921455,-0.0028135967387253207,420.5
92167,RTBRISCOE,2019-02-26,0.35,0.35,0,2026-04-08T03:13:37.412672+00:00,0.0,0.0,0.0,0.0,0.35,0.35,0.35840000000000005,0.0,1.1164843913471807,0.0,-0.0018814832461540587,0.0007456907940570096,-0.0026271740402110683,420.5
92269,RTBRISCOE,2019-02-27,0.35,0.35,0,2026-04-08T03:13:39.910522+00:00,0.0,0.0,0.0,0.0,0.35,0.35,0.35779999999999995,0.0,1.1164843913471807,0.0,-0.0017479658018624278,0.0007033665906789129,-0.0024513323925413407,395.4
92371,RTBRISCOE,2019-02-28,0.35,0.35,0,2026-04-08T03:13:42.435587+00:00,0.0,0.0,0.0,0.0,0.35,0.35,0.35719999999999996,0.0,1.1164843913471807,0.0,-0.0016234382793904323,0.0006623152905207265,-0.002285753569911159,295.4
92473,RTBRISCOE,2019-03-01,0.35,0.35,0,2026-04-08T03:13:44.810709+00:00,0.0,0.0,0.0,0.0,0.35,0.35,0.35660000000000003,0.0,1.1164843913471807,0.0,-0.001507373260024758,0.0006227042479091207,-0.0021300775079338787,295.4
92575,RTBRISCOE,2019-03-04,0.35,0.35,0,2026-04-08T03:13:49.353535+00:00,0.0,0.0,0.0,0.0,0.35,0.35,0.3559999999999999,0.0,1.1164843913471807,0.0,-0.0013992610851937815,0.0005846531381920781,-0.0019839142233858595,295.4
92677,RTBRISCOE,2019-03-05,0.35,0.35,0,2026-04-08T03:13:51.846242+00:00,0.0,0.0,0.0,0.0,0.35,0.35,0.3554,0.0,1.1164843913471807,0.0,-0.001298611819042006,0.000548241923475083,-0.001846853742517089,295.4
92779,RTBRISCOE,2019-03-06,0.35,0.35,0,2026-04-08T03:13:54.267269+00:00,0.0,0.0,0.0,0.0,0.35,0.35,0.35479999999999995,0.0,1.1164843913471807,0.0,-0.001204956561298598,0.000513517744974793,-0.001718474306273391,54.7
92881,RTBRISCOE,2019-03-07,0.35,0.35,0,2026-04-08T03:13:56.544072+00:00,0.0,0.0,0.0,0.0,0.35,0.35,0.3542,0.0,1.1164843913471807,0.0,-0.0011178482361572373,0.00048050085609292314,-0.0015983490922501604,54.7
92983,RTBRISCOE,2019-03-08,0.35,0.35,0,2026-04-08T03:13:58.936546+00:00,0.0,0.0,0.0,0.0,0.35,0.35,0.35359999999999997,0.0,1.1164843913471807,0.0,-0.0010368619616316077,0.00044918970449484225,-0.00148605166612645,54.7
93085,RTBRISCOE,2019-03-11,0.35,0.35,0,2026-04-08T03:14:03.582539+00:00,0.0,0.0,0.0,0.0,0.35,0.35,0.353,0.0,1.1164843913471807,0.0,-0.0009615950860160094,0.00041956526408835253,-0.001381160350104362,54.7
93187,RTBRISCOE,2019-03-12,0.35,0.35,0,2026-04-08T03:14:06.149716+00:00,0.0,0.0,0.0,0.0,0.35,0.35,0.35240000000000005,0.0,1.1164843913471807,0.0,-0.0008916669631147123,0.0003915947095917199,-0.0012832616727064322,54.7
93289,RTBRISCOE,2019-03-13,0.35,0.35,0,2026-04-08T03:14:08.562819+00:00,0.0,0.0,0.0,0.0,0.35,0.35,0.35179999999999995,0.0,1.1164843913471807,0.0,-0.0008267185253645337,0.0003652345178735189,-0.0011919530432380526,25.1
93391,RTBRISCOE,2019-03-14,0.35,0.35,1920,2026-04-08T03:14:10.990955+00:00,0.0,0.0,0.0,0.0,0.35,0.35,0.35119999999999996,0.0,1.1164843913471807,0.0,-0.0007664117034762441,0.00034043307180944686,-0.001106844775285691,121.1
93493,RTBRISCOE,2019-03-15,0.35,0.35,2,2026-04-08T03:14:13.413527+00:00,0.0,0.0,0.0,0.0,0.35,0.35,0.3506,0.0,1.1164843913471807,0.0,-0.0007104287324416481,0.0003171328342752343,-0.0010275615667168824,96.1
93595,RTBRISCOE,2019-03-18,0.35,0.35,200,2026-04-08T03:14:17.594172+00:00,0.0,0.0,0.0,0.0,0.35,0.35,0.35,0.0,1.1164843913471807,0.0,-0.0006584713764179462,0.000295272152239149,-0.0009537435286570952,106.1
93697,RTBRISCOE,2019-03-19,0.35,0.35,0,2026-04-08T03:14:19.883177+00:00,0.0,0.0,0.0,0.0,0.35,0.35,0.35,0.0,0.0,0.0,-0.000610260098890425,0.0002747867438133362,-0.0008850468427037612,106.1
93799,RTBRISCOE,2019-03-20,0.35,0.35,0,2026-04-08T03:14:22.215184+00:00,0.0,0.0,0.0,0.0,0.35,0.35,0.35,0.0,0.0,0.0,-0.0005655331994156576,0.000255610914630483,-0.0008211441140461406,106.1
93901,RTBRISCOE,2019-03-21,0.35,0.35,12474,2026-04-08T03:14:24.469396+00:00,0.0,0.0,0.0,0.0,0.35,0.35,0.35,0.0,0.0,0.0,-0.0005240459340217773,0.00023767854401949065,-0.000761724478041268,729.8
94003,RTBRISCOE,2019-03-22,0.35,0.35,10,2026-04-08T03:14:26.929153+00:00,0.0,0.0,0.0,0.0,0.35,0.35,0.35,0.0,0.0,0.0,-0.0004855696328269765,0.0002209238761714332,-0.0007064935089984097,730.3
94105,RTBRISCOE,2019-03-25,0.35,0.35,1000,2026-04-08T03:14:31.400562+00:00,0.0,0.0,0.0,0.0,0.35,0.35,0.35,0.0,0.0,0.0,-0.00044989082553387183,0.00020528214677163032,-0.0006551729723055022,780.3
94207,RTBRISCOE,2019-03-26,0.35,0.35,4540,2026-04-08T03:14:33.80485+00:00,0.0,0.0,0.0,0.0,0.35,0.35,0.35,0.0,0.0,0.0,-0.00041681038306168317,0.0001906900713950552,-0.0006075004544567384,1007.3
94309,RTBRISCOE,2019-03-27,0.35,0.35,100,2026-04-08T03:14:36.122563+00:00,0.0,0.0,0.0,0.0,0.35,0.35,0.35,0.0,0.0,0.0,-0.00038614268160269694,0.0001770862182832332,-0.0005632288998859301,1012.3
94411,RTBRISCOE,2019-03-28,0.35,0.35,0,2026-04-08T03:14:38.612625+00:00,0.0,0.0,0.0,0.0,0.35,0.35,0.35,0.0,0.0,0.0,-0.0003577147937747216,0.00016441128488896685,-0.0005221260786636884,1012.3
94513,RTBRISCOE,2019-03-29,0.35,0.35,0,2026-04-08T03:14:41.061692+00:00,0.0,0.0,0.0,0.0,0.35,0.35,0.35,0.0,0.0,0.0,-0.00033136571021968875,0.00015260829475519978,-0.00048397400497488853,1012.3
94614,RTBRISCOE,2019-04-01,0.32,0.32,242124,2026-04-08T03:14:45.528331+00:00,-8.571428571428562,0.0,0.0,0.0,0.344,0.3484999999999999,0.3494,1.9166296949998176,1.2121830534626516,0.0,-0.0027001079870900835,-0.0017729071856921559,-0.0009272008013979276,13118.5
94715,RTBRISCOE,2019-04-02,0.32,0.32,3360,2026-04-08T03:14:47.809526+00:00,0.0,-8.571428571428562,0.0,0.0,0.33799999999999997,0.347,0.34879999999999994,1.9166296949998176,1.2121830534626516,0.0,-0.004525189736922008,-0.0028783911484192644,-0.001646798588502744,13286.5
94816,RTBRISCOE,2019-04-03,0.32,0.32,0,2026-04-08T03:14:50.124237+00:00,0.0,0.0,0.0,0.0,0.33199999999999996,0.34550000000000003,0.34819999999999995,1.9166296949998176,1.2121830534626516,0.0,-0.005903527976967804,-0.0034053835107720476,-0.0024981444661957564,13286.5
94917,RTBRISCOE,2019-04-04,0.32,0.32,500,2026-04-08T03:14:52.417245+00:00,0.0,0.0,0.0,0.0,0.326,0.344,0.34759999999999996,1.9166296949998176,1.2121830534626516,0.0,-0.006916145937380103,-0.003534401176947477,-0.0033817447604326256,13311.5
95018,RTBRISCOE,2019-04-05,0.32,0.32,0,2026-04-08T03:14:54.739567+00:00,0.0,0.0,0.0,0.0,0.32,0.34249999999999997,0.347,1.9166296949998176,1.2121830534626516,0.0,-0.007630691109356991,-0.0033991570791394917,-0.004231534030217499,13311.5
95119,RTBRISCOE,2019-04-08,0.32,0.32,0,2026-04-08T03:14:59.01768+00:00,0.0,0.0,-8.571428571428562,0.0,0.32,0.341,0.3464,1.9166296949998176,1.2121830534626516,0.0,-0.008103560504958696,-0.0030976211797929566,-0.005005939325165739,13311.5
95220,RTBRISCOE,2019-04-09,0.32,0.32,0,2026-04-08T03:15:01.233247+00:00,0.0,0.0,0.0,0.0,0.32,0.3395,0.3458,1.9166296949998176,1.2121830534626516,0.0,-0.00838169395729671,-0.002700603705704776,-0.005681090251591934,13311.5
95321,RTBRISCOE,2019-04-10,0.32,0.32,4570,2026-04-08T03:15:03.446976+00:00,0.0,0.0,0.0,0.0,0.32,0.33799999999999997,0.34519999999999995,1.9166296949998176,1.2121830534626516,0.0,-0.008504086901922836,-0.0022583973202647215,-0.0062456895816581145,13540.0
95422,RTBRISCOE,2019-04-11,0.32,0.32,0,2026-04-08T03:15:05.608759+00:00,0.0,0.0,0.0,0.0,0.32,0.33649999999999997,0.3446,1.9166296949998176,1.2121830534626516,0.0,-0.008503066138858706,-0.0018059012457604731,-0.006697164893098233,13444.0
95523,RTBRISCOE,2019-04-12,0.32,0.32,0,2026-04-08T03:15:07.869644+00:00,0.0,0.0,0.0,0.0,0.32,0.335,0.344,1.9166296949998176,1.2121830534626516,0.0,-0.00840536535709785,-0.0013665603711996927,-0.007038804985898157,13443.9
95624,RTBRISCOE,2019-04-15,0.32,0.32,20000,2026-04-08T03:15:12.360876+00:00,0.0,0.0,0.0,-8.571428571428562,0.32,0.3335,0.34340000000000004,1.9166296949998176,1.2121830534626516,0.0,-0.008233031521164447,-0.0009553812282130317,-0.007277650292951415,14433.9
95725,RTBRISCOE,2019-04-16,0.32,0.32,0,2026-04-08T03:15:14.69338+00:00,0.0,0.0,0.0,0.0,0.32,0.33199999999999996,0.3428,1.9166296949998176,1.2121830534626516,0.0,-0.008004188412998214,-0.0005812304960374388,-0.0074229579169607755,14433.9
95826,RTBRISCOE,2019-04-17,0.32,0.32,100,2026-04-08T03:15:16.974822+00:00,0.0,0.0,0.0,0.0,0.32,0.3305,0.3422,1.9166296949998176,1.2121830534626516,0.0,-0.007733679557164308,-0.00024857731216282493,-0.007485102245001483,14438.9
95927,RTBRISCOE,2019-04-18,0.32,0.32,0,2026-04-08T03:15:19.360663+00:00,0.0,0.0,0.0,0.0,0.32,0.32899999999999996,0.34159999999999996,1.9166296949998176,1.2121830534626516,0.0,-0.007433609319036194,4.119434077223209e-05,-0.007474803659808426,13815.2
96028,RTBRISCOE,2019-04-23,0.32,0.32,0,2026-04-08T03:15:26.04373+00:00,0.0,0.0,0.0,0.0,0.32,0.3275,0.34099999999999997,1.9166296949998176,1.2121830534626516,0.0,-0.007113798057607701,0.00028880448176058036,-0.007402602539368281,13814.7
96130,RTBRISCOE,2019-04-24,0.32,0.32,0,2026-04-08T03:15:28.31166+00:00,0.0,0.0,0.0,0.0,0.32,0.326,0.3404,1.9166296949998176,1.2121830534626516,0.0,-0.006782164755262221,0.0004963502272848485,-0.0072785149825470696,13764.7
96232,RTBRISCOE,2019-04-25,0.32,0.32,0,2026-04-08T03:15:30.603437+00:00,0.0,0.0,0.0,0.0,0.32,0.32449999999999996,0.3398,1.9166296949998176,1.2121830534626516,0.0,-0.00644504846703986,0.0006667732124057682,-0.007111821679445628,13537.7
96334,RTBRISCOE,2019-04-26,0.32,0.32,0,2026-04-08T03:15:32.816712+00:00,0.0,0.0,0.0,0.0,0.32,0.323,0.3392,1.9166296949998176,1.2121830534626516,0.0,-0.006107478173224212,0.0008034748049771329,-0.006910952978201345,13532.7
96436,RTBRISCOE,2019-04-29,0.32,0.32,0,2026-04-08T03:15:37.198623+00:00,0.0,0.0,0.0,0.0,0.32,0.3215,0.3386,1.9166296949998176,1.2121830534626516,0.0,-0.0057733991319358635,0.0009100430770123853,-0.006683442208948249,13532.7
96538,RTBRISCOE,2019-04-30,0.32,0.32,0,2026-04-08T03:15:39.499507+00:00,0.0,0.0,0.0,0.0,0.32,0.32,0.33799999999999997,1.9166296949998176,1.2121830534626516,0.0,-0.005445862571018367,0.0009900637103439063,-0.0064359262813622736,13532.7
96640,RTBRISCOE,2019-05-02,0.32,0.32,10121,2026-04-08T03:15:42.839166+00:00,0.0,0.0,0.0,0.0,0.32,0.32,0.33740000000000003,0.0,1.2121830534626516,0.0,-0.005127184495416159,0.0010469934287568915,-0.006174177924173051,1932.55
96742,RTBRISCOE,2019-05-03,0.32,0.32,0,2026-04-08T03:15:45.02286+00:00,0.0,0.0,0.0,0.0,0.32,0.32,0.3368,0.0,1.2121830534626516,0.0,-0.004819078487517892,0.0010840795493241278,-0.005903158036842019,1764.55
96844,RTBRISCOE,2019-05-06,0.32,0.32,6870,2026-04-08T03:15:49.380478+00:00,0.0,0.0,0.0,0.0,0.32,0.32,0.33620000000000005,0.0,1.2121830534626516,0.0,-0.0045227666182242054,0.0011043131348942511,-0.005627079753118457,2108.05
96946,RTBRISCOE,2019-05-07,0.32,0.32,0,2026-04-08T03:15:51.609622+00:00,0.0,0.0,0.0,0.0,0.32,0.32,0.3356,0.0,1.2121830534626516,0.0,-0.004239071944353412,0.0011104062470120362,-0.005349478191365448,2083.05
97048,RTBRISCOE,2019-05-08,0.32,0.32,3236,2026-04-08T03:15:53.912422+00:00,0.0,0.0,0.0,0.0,0.32,0.32,0.3349999999999999,0.0,1.2121830534626516,0.0,-0.003968495525288218,0.001104786132861784,-0.005073281658150002,2244.85
97150,RTBRISCOE,2019-05-09,0.32,0.32,0,2026-04-08T03:15:56.308435+00:00,0.0,0.0,0.0,0.0,0.32,0.32,0.3344,0.0,1.2121830534626516,0.0,-0.003711280433139841,0.001089600980008129,-0.00480088141314797,2244.85
97252,RTBRISCOE,2019-05-10,0.32,0.32,0,2026-04-08T03:15:58.65517+00:00,0.0,0.0,0.0,0.0,0.32,0.32,0.33379999999999993,0.0,1.2121830534626516,0.0,-0.0034674648431872734,0.0010667332559685574,-0.004534198099155831,2244.85
97354,RTBRISCOE,2019-05-13,0.32,0.32,20,2026-04-08T03:16:02.955985+00:00,0.0,0.0,0.0,0.0,0.32,0.32,0.3332,0.0,1.2121830534626516,0.0,-0.0032369259639573045,0.0010378177081588214,-0.004274743672116126,2017.35
97456,RTBRISCOE,2019-05-14,0.32,0.32,25926,2026-04-08T03:16:05.427951+00:00,0.0,0.0,0.0,0.0,0.32,0.32,0.3326,0.0,1.2121830534626516,0.0,-0.0030194162897576593,0.0010042619058867738,-0.004023678195644433,3313.65
97558,RTBRISCOE,2019-05-15,0.32,0.32,0,2026-04-08T03:16:07.709974+00:00,0.0,0.0,0.0,0.0,0.32,0.32,0.33199999999999996,0.0,1.2121830534626516,0.0,-0.0028145934249032,0.0009672678165929868,-0.003781861241496187,3313.65
97660,RTBRISCOE,2019-05-16,0.32,0.32,0,2026-04-08T03:16:09.947696+00:00,0.0,0.0,0.0,0.0,0.32,0.32,0.33140000000000003,0.0,1.2121830534626516,0.0,-0.002622044531642276,0.0009278533678831291,-0.003549897899525405,2313.65
97762,RTBRISCOE,2019-05-17,0.32,0.32,0,2026-04-08T03:16:12.469468+00:00,0.0,0.0,0.0,0.0,0.32,0.32,0.3308,0.0,1.2121830534626516,0.0,-0.0024413062872737923,0.0008868732898012904,-0.0033281795770750827,2313.65
97865,RTBRISCOE,2019-05-20,0.32,0.32,6088,2026-04-08T03:16:16.967061+00:00,0.0,0.0,0.0,0.0,0.32,0.32,0.33020000000000005,0.0,1.2121830534626516,0.0,-0.0022718810953922808,0.0008450387853462418,-0.0031169198807385226,2613.05
97968,RTBRISCOE,2019-05-21,0.32,0.32,5850,2026-04-08T03:16:19.368023+00:00,0.0,0.0,0.0,0.0,0.32,0.32,0.3296,0.0,1.2121830534626516,0.0,-0.002113250177588899,0.0008029357625196991,-0.002916185940108598,2905.55
98071,RTBRISCOE,2019-05-22,0.32,0.32,0,2026-04-08T03:16:21.741488+00:00,0.0,0.0,0.0,0.0,0.32,0.32,0.32899999999999996,0.0,1.2121830534626516,0.0,-0.001964884071872952,0.0007610414945885169,-0.002725925566461469,2905.55
98174,RTBRISCOE,2019-05-23,0.32,0.32,0,2026-04-08T03:16:24.010501+00:00,0.0,0.0,0.0,0.0,0.32,0.32,0.3284,0.0,1.2121830534626516,0.0,-0.0018262509796810322,0.0007197396694243498,-0.002545990649105382,2905.55
98277,RTBRISCOE,2019-05-24,0.32,0.32,0,2026-04-08T03:16:26.41346+00:00,0.0,0.0,0.0,0.0,0.32,0.32,0.32780000000000004,0.0,1.2121830534626516,0.0,-0.0016968233321839055,0.0006793338535371813,-0.0023761571857210868,2905.55
98380,RTBRISCOE,2019-05-27,0.29,0.29,259220,2026-04-08T03:16:30.812568+00:00,-9.37500000000001,0.0,0.0,0.0,0.31399999999999995,0.3185,0.32660000000000006,2.0963137289060554,1.7780895892680881,0.0,-0.003969245279789424,-0.0012744704752546696,-0.0026947748045347544,15866.55
98483,RTBRISCOE,2019-05-28,0.29,0.29,0,2026-04-08T03:16:33.286405+00:00,0.0,-9.37500000000001,0.0,0.0,0.308,0.317,0.32539999999999997,2.0963137289060554,1.7780895892680881,0.0,-0.005704399281135197,-0.002407699581280354,-0.0032966996998548435,15866.55
98586,RTBRISCOE,2019-05-30,0.29,0.29,0,2026-04-08T03:16:36.695359+00:00,0.0,0.0,0.0,0.0,0.302,0.3155,0.32420000000000004,2.0963137289060554,1.7780895892680881,0.0,-0.006998843022575529,-0.0029617146581765487,-0.004037128364398981,15866.55
98689,RTBRISCOE,2019-05-31,0.29,0.29,1000,2026-04-08T03:16:39.10826+00:00,0.0,0.0,0.0,0.0,0.296,0.314,0.32299999999999995,2.0963137289060554,1.7780895892680881,0.0,-0.007933249452221625,-0.0031168968702581148,-0.00481635258196351,15410.5
98792,RTBRISCOE,2019-06-03,0.29,0.29,0,2026-04-08T03:16:43.376201+00:00,0.0,0.0,0.0,0.0,0.29,0.3125,0.3218,2.0963137289060554,1.7780895892680881,0.0,-0.008574926860608456,-0.0030068594229159563,-0.0055680674376925,15410.5
98895,RTBRISCOE,2019-06-06,0.29,0.29,0,2026-04-08T03:16:48.034912+00:00,0.0,0.0,-9.37500000000001,0.0,0.29,0.311,0.32059999999999994,2.0963137289060554,1.7780895892680881,0.0,-0.0089799456066596,-0.0027295025351736796,-0.006250443071485921,15067.0
98998,RTBRISCOE,2019-06-07,0.29,0.29,0,2026-04-08T03:16:50.186426+00:00,0.0,0.0,0.0,0.0,0.29,0.3095,0.31939999999999996,2.0963137289060554,1.7780895892680881,0.0,-0.00919493242357533,-0.002355591481671528,-0.0068393409419038025,15067.0
99101,RTBRISCOE,2019-06-10,0.29,0.29,0,2026-04-08T03:16:54.498349+00:00,0.0,0.0,0.0,0.0,0.29,0.308,0.3182,2.0963137289060554,1.7780895892680881,0.0,-0.009258583833710754,-0.0019353943134455612,-0.007323189520265193,14905.2
99204,RTBRISCOE,2019-06-11,0.29,0.29,0,2026-04-08T03:16:56.702394+00:00,0.0,0.0,0.0,0.0,0.29,0.3065,0.317,2.0963137289060554,1.7780895892680881,0.0,-0.00920294224525603,-0.0015038021799926695,-0.00769914006526336,14905.2
99307,RTBRISCOE,2019-06-13,0.29,0.29,0,2026-04-08T03:17:00.140907+00:00,0.0,0.0,0.0,0.0,0.29,0.30500000000000005,0.3158,2.0963137289060554,1.7780895892680881,0.0,-0.009054471573443912,-0.0010842652065444422,-0.00797020636689947,14905.2
99410,RTBRISCOE,2019-06-14,0.29,0.29,0,2026-04-08T03:17:02.289964+00:00,0.0,0.0,0.0,-9.37500000000001,0.29,0.3035,0.3146,2.0963137289060554,1.7780895892680881,0.0,-0.008834963536286877,-0.0006918057355099257,-0.008143157800776952,14904.2
99513,RTBRISCOE,2019-06-17,0.29,0.29,0,2026-04-08T03:17:06.378621+00:00,0.0,0.0,0.0,0.0,0.29,0.30199999999999994,0.3134,2.0963137289060554,1.7780895892680881,0.0,-0.008562300959753133,-0.0003353145271809445,-0.008226986432572189,13607.9
99616,RTBRISCOE,2019-06-18,0.29,0.29,0,2026-04-08T03:17:08.696624+00:00,0.0,0.0,0.0,0.0,0.29,0.3005,0.3122,2.0963137289060554,1.7780895892680881,0.0,-0.00825110035466542,-1.929113767458468e-05,-0.008231809216990835,13607.9
99719,RTBRISCOE,2019-06-19,0.29,0.29,4005,2026-04-08T03:17:10.975867+00:00,0.0,0.0,0.0,0.0,0.29,0.299,0.3116,2.0963137289060554,1.3258252147247782,0.0,-0.007913252583104824,0.00025484530710880894,-0.008168097890213633,13808.15
99822,RTBRISCOE,2019-06-20,0.29,0.29,0,2026-04-08T03:17:13.205784+00:00,0.0,0.0,0.0,0.0,0.29,0.2975,0.311,2.0963137289060554,1.3258252147247782,0.0,-0.007558377518969206,0.00048777629699554154,-0.008046153815964747,13808.15
99925,RTBRISCOE,2019-06-24,0.29,0.29,0,2026-04-08T03:17:18.488118+00:00,0.0,0.0,0.0,0.0,0.29,0.296,0.3104,2.0963137289060554,1.3258252147247782,0.0,-0.007194206143718018,0.0006815581377973834,-0.007875764281515402,13503.75
100028,RTBRISCOE,2019-06-25,0.29,0.29,0,2026-04-08T03:17:20.712996+00:00,0.0,0.0,0.0,0.0,0.29,0.2945,0.3098,2.0963137289060554,1.3258252147247782,0.0,-0.006826901434974608,0.0008390902772326351,-0.007665991712207243,13211.25
100131,RTBRISCOE,2019-06-26,0.29,0.29,0,2026-04-08T03:17:23.021521+00:00,0.0,0.0,0.0,0.0,0.29,0.293,0.30920000000000003,2.0963137289060554,1.3258252147247782,0.0,-0.006461327643965065,0.0009637312545937434,-0.007425058898558808,13211.25
100234,RTBRISCOE,2019-06-27,0.29,0.29,0,2026-04-08T03:17:25.288917+00:00,0.0,0.0,0.0,0.0,0.29,0.2915,0.3086,2.0963137289060554,1.3258252147247782,0.0,-0.006101276068171735,0.0010590262643096595,-0.007160302332481394,13211.25
100337,RTBRISCOE,2019-06-28,0.29,0.29,0,2026-04-08T03:17:27.669324+00:00,0.0,0.0,0.0,0.0,0.29,0.29,0.308,2.0963137289060554,1.3258252147247782,0.0,-0.005749654166132212,0.0011285185330793457,-0.006878172699211558,13211.25
100440,RTBRISCOE,2019-07-01,0.29,0.29,0,2026-04-08T03:17:31.993492+00:00,0.0,0.0,0.0,0.0,0.29,0.29,0.3074,0.0,1.3258252147247782,0.0,-0.00540864379654421,0.0011756231221338783,-0.0065842669186780885,250.25
100543,RTBRISCOE,2019-07-02,0.29,0.29,0,2026-04-08T03:17:34.195482+00:00,0.0,0.0,0.0,0.0,0.29,0.29,0.3068,0.0,1.3258252147247782,0.0,-0.0050798334637154885,0.0012035467639700797,-0.006283380227685568,250.25
100646,RTBRISCOE,2019-07-03,0.29,0.29,0,2026-04-08T03:17:36.539656+00:00,0.0,0.0,0.0,0.0,0.29,0.29,0.3062,0.0,1.3258252147247782,0.0,-0.004764328690545272,0.0012152412297122377,-0.00597956992025751,250.25
100749,RTBRISCOE,2019-07-04,0.29,0.29,0,2026-04-08T03:17:38.806977+00:00,0.0,0.0,0.0,0.0,0.29,0.29,0.3056,0.0,1.3258252147247782,0.0,-0.0044628439971435285,0.0012133807384911849,-0.005676224735634713,200.25
100852,RTBRISCOE,2019-07-05,0.29,0.29,0,2026-04-08T03:17:41.292481+00:00,0.0,0.0,0.0,0.0,0.29,0.29,0.305,0.0,1.3258252147247782,0.0,-0.0041757794197246345,0.0012003562527280638,-0.005376135672452698,200.25
100955,RTBRISCOE,2019-07-08,0.29,0.29,0,2026-04-08T03:17:45.861747+00:00,0.0,0.0,0.0,0.0,0.29,0.29,0.3044,0.0,1.3258252147247782,0.0,-0.0039032840451687645,0.0011782813018271481,-0.005081565346995913,200.25
101059,RTBRISCOE,2019-07-09,0.29,0.29,0,2026-04-08T03:17:48.217581+00:00,0.0,0.0,0.0,0.0,0.29,0.29,0.3038,0.0,1.3258252147247782,0.0,-0.0036453086486345487,0.0011490053586890913,-0.00479431400732364,200.25
101163,RTBRISCOE,2019-07-10,0.29,0.29,0,2026-04-08T03:17:50.676625+00:00,0.0,0.0,0.0,0.0,0.29,0.29,0.30319999999999997,0.0,1.3258252147247782,0.0,-0.0034016491938155258,0.0011141318508064912,-0.004515781044622017,200.25
101267,RTBRISCOE,2019-07-11,0.29,0.29,0,2026-04-08T03:17:53.082234+00:00,0.0,0.0,0.0,0.0,0.29,0.29,0.30260000000000004,0.0,1.3258252147247782,0.0,-0.003171982678571994,0.0010750386928400184,-0.004247021371412012,200.25
101371,RTBRISCOE,2019-07-12,0.29,0.29,0,2026-04-08T03:17:55.503872+00:00,0.0,0.0,0.0,0.0,0.29,0.29,0.302,0.0,1.3258252147247782,0.0,-0.0029558965748504584,0.0010328998372492433,-0.003988796412099702,200.25
101475,RTBRISCOE,2019-07-15,0.29,0.29,0,2026-04-08T03:18:00.039317+00:00,0.0,0.0,0.0,0.0,0.29,0.29,0.3014,0.0,1.3258252147247782,0.0,-0.0027529129143865627,0.0009887067981705112,-0.003741619712557074,200.25
101579,RTBRISCOE,2019-07-16,0.29,0.29,0,2026-04-08T03:18:02.440443+00:00,0.0,0.0,0.0,0.0,0.29,0.29,0.30079999999999996,0.0,1.3258252147247782,0.0,-0.0025625079050272115,0.0009432894460238901,-0.0035057973510511015,200.25
101683,RTBRISCOE,2019-07-17,0.29,0.29,0,2026-04-08T03:18:04.729662+00:00,0.0,0.0,0.0,0.0,0.29,0.29,0.3002,0.0,1.3258252147247782,0.0,-0.0023841278218536543,0.0008973356233579581,-0.0032814634452116125,200.25
101787,RTBRISCOE,2019-07-18,0.29,0.29,0,2026-04-08T03:18:07.178594+00:00,0.0,0.0,0.0,0.0,0.29,0.29,0.2996,0.0,1.3258252147247782,0.0,-0.0022172017986053505,0.0008514093172850095,-0.00306861111589036,0.0
101891,RTBRISCOE,2019-07-19,0.29,0.29,0,2026-04-08T03:18:09.535362+00:00,0.0,0.0,0.0,0.0,0.29,0.29,0.299,0.0,1.3258252147247782,0.0,-0.0020611520447942344,0.0008059672568769007,-0.002867119301671135,0.0
101995,RTBRISCOE,2019-07-22,0.29,0.29,0,2026-04-08T03:18:14.212024+00:00,0.0,0.0,0.0,0.0,0.29,0.29,0.2984,0.0,1.3258252147247782,0.0,-0.0019154019294745361,0.0007613738977572792,-0.0026767758272318153,0.0
102099,RTBRISCOE,2019-07-23,0.29,0.29,0,2026-04-08T03:18:16.654741+00:00,0.0,0.0,0.0,0.0,0.29,0.29,0.29779999999999995,0.0,1.3258252147247782,0.0,-0.0017793823014665144,0.0007179148206122405,-0.002497297122078755,0.0
102203,RTBRISCOE,2019-07-24,0.29,0.29,0,2026-04-08T03:18:18.926554+00:00,0.0,0.0,0.0,0.0,0.29,0.29,0.29719999999999996,0.0,1.3258252147247782,0.0,-0.0016525363558594353,0.000675808612975456,-0.002328344968834891,0.0
102307,RTBRISCOE,2019-07-25,0.29,0.29,0,2026-04-08T03:18:21.127331+00:00,0.0,0.0,0.0,0.0,0.29,0.29,0.2966,0.0,1.3258252147247782,0.0,-0.001534323306100538,0.0006352173301874828,-0.0021695406362880207,0.0
102411,RTBRISCOE,2019-07-26,0.29,0.29,0,2026-04-08T03:18:23.508197+00:00,0.0,0.0,0.0,0.0,0.29,0.29,0.296,0.0,1.3258252147247782,0.0,-0.001424221078442145,0.000596255646276701,-0.002020476724718846,0.0
102515,RTBRISCOE,2019-07-29,0.29,0.29,0,2026-04-08T03:18:27.808584+00:00,0.0,0.0,0.0,0.0,0.29,0.29,0.2954,0.0,1.3258252147247782,0.0,-0.001321728209724704,0.0005589988119953137,-0.0018807270217200177,0.0
102619,RTBRISCOE,2019-07-30,0.29,0.29,0,2026-04-08T03:18:30.090931+00:00,0.0,0.0,0.0,0.0,0.29,0.29,0.2948,0.0,1.3258252147247782,0.0,-0.0012263650993651343,0.0005234895378839069,-0.0017498546372490412,0.0
102723,RTBRISCOE,2019-07-31,0.29,0.29,0,2026-04-08T03:18:32.379029+00:00,0.0,0.0,0.0,0.0,0.29,0.29,0.29419999999999996,0.0,1.3258252147247782,0.0,-0.0011376747411134258,0.0004897439169084924,-0.0016274186580219183,0.0
102827,RTBRISCOE,2019-08-01,0.29,0.29,0,2026-04-08T03:18:34.721051+00:00,0.0,0.0,0.0,0.0,0.29,0.29,0.29359999999999997,0.0,1.3258252147247782,0.0,-0.0010552230388807815,0.00045775649531290953,-0.001512979534193691,0.0
102931,RTBRISCOE,2019-08-02,0.29,0.29,0,2026-04-08T03:18:37.148519+00:00,0.0,0.0,0.0,0.0,0.29,0.29,0.293,0.0,1.3258252147247782,0.0,-0.000978598793098695,0.000427504592875997,-0.001406103385974692,0.0
103035,RTBRISCOE,2019-08-05,0.29,0.29,0,2026-04-08T03:18:41.327383+00:00,0.0,0.0,0.0,0.0,0.29,0.29,0.2924,0.0,1.3258252147247782,0.0,-0.00090741342910311,0.0003989519654972657,-0.0013063653946003757,0.0
103139,RTBRISCOE,2019-08-06,0.29,0.29,0,2026-04-08T03:18:43.676077+00:00,0.0,0.0,0.0,0.0,0.29,0.29,0.29179999999999995,0.0,1.3258252147247782,0.0,-0.0008413005264956697,0.0003720518944837648,-0.0012133524209794345,0.0
103243,RTBRISCOE,2019-08-07,0.29,0.29,0,2026-04-08T03:18:45.952647+00:00,0.0,0.0,0.0,0.0,0.29,0.29,0.2912,0.0,1.3258252147247782,0.0,-0.0007799151979400176,0.00034674977843153357,-0.0011266649763715512,0.0
103347,RTBRISCOE,2019-08-08,0.29,0.29,0,2026-04-08T03:18:48.284739+00:00,0.0,0.0,0.0,0.0,0.29,0.29,0.29059999999999997,0.0,1.3258252147247782,0.0,-0.0007229333570723528,0.00032298529543935877,-0.0010459186525117116,0.0
103451,RTBRISCOE,2019-08-09,0.29,0.29,0,2026-04-08T03:18:50.530707+00:00,0.0,0.0,0.0,0.0,0.29,0.29,0.29,0.0,1.3258252147247782,0.0,-0.0006700509078789163,0.0003006941957062364,-0.0009707451035851527,0.0
103555,RTBRISCOE,2019-08-14,0.29,0.29,0,2026-04-08T03:18:57.313874+00:00,0.0,0.0,0.0,0.0,0.29,0.29,0.29,0.0,0.0,0.0,-0.0006209828817828611,0.00027980977744183325,-0.0009007926592246943,0.0
103659,RTBRISCOE,2019-08-15,0.29,0.29,0,2026-04-08T03:18:59.647711+00:00,0.0,0.0,0.0,0.0,0.29,0.29,0.29,0.0,0.0,0.0,-0.0005754625435961391,0.0002602640925028442,-0.0008357266360989833,0.0
103763,RTBRISCOE,2019-08-19,0.29,0.29,0,2026-04-08T03:19:05.053534+00:00,0.0,0.0,0.0,0.0,0.29,0.29,0.29,0.0,0.0,0.0,-0.0005332404832663618,0.00024198892226609731,-0.0007752294055324591,0.0
103867,RTBRISCOE,2019-08-20,0.29,0.29,0,2026-04-08T03:19:07.283568+00:00,0.0,0.0,0.0,0.0,0.29,0.29,0.29,0.0,0.0,0.0,-0.0004940837068454496,0.00022491655894960765,-0.0007190002657950572,0.0
103970,RTBRISCOE,2019-08-21,0.29,0.29,0,2026-04-08T03:19:09.493441+00:00,0.0,0.0,0.0,0.0,0.29,0.29,0.29,0.0,0.0,0.0,-0.0004577747372069285,0.00020898042287050304,-0.0006667551600774316,0.0
104073,RTBRISCOE,2019-08-22,0.29,0.29,0,2026-04-08T03:19:11.834929+00:00,0.0,0.0,0.0,0.0,0.29,0.29,0.29,0.0,0.0,0.0,-0.0004241107326501403,0.000194115541941833,-0.0006182262745919733,0.0
104176,RTBRISCOE,2019-08-23,0.29,0.29,0,2026-04-08T03:19:14.066623+00:00,0.0,0.0,0.0,0.0,0.29,0.29,0.29,0.0,0.0,0.0,-0.00039290262956265254,0.0001802589160234566,-0.0005731615455861092,0.0
104279,RTBRISCOE,2019-08-26,0.29,0.29,0,2026-04-08T03:19:18.291411+00:00,0.0,0.0,0.0,0.0,0.29,0.29,0.29,0.0,0.0,0.0,-0.00036397431370138733,0.00016734978550777743,-0.0005313240992091648,0.0
104382,RTBRISCOE,2019-08-27,0.29,0.29,0,2026-04-08T03:19:20.588978+00:00,0.0,0.0,0.0,0.0,0.29,0.29,0.29,0.0,0.0,0.0,-0.0003371618233404816,0.00015532982069494652,-0.0004924916440354281,0.0
104485,RTBRISCOE,2019-08-28,0.29,0.29,0,2026-04-08T03:19:22.939533+00:00,0.0,0.0,0.0,0.0,0.29,0.29,0.29,0.0,0.0,0.0,-0.00031231258646696736,0.0001441432460547687,-0.00045645583252173604,0.0
104588,RTBRISCOE,2019-08-29,0.29,0.29,0,2026-04-08T03:19:25.308081+00:00,0.0,0.0,0.0,0.0,0.29,0.29,0.29,0.0,0.0,0.0,-0.00028928469334427165,0.00013373691134197158,-0.00042302160468624323,0.0
104691,RTBRISCOE,2019-08-30,0.29,0.29,0,2026-04-08T03:19:27.686427+00:00,0.0,0.0,0.0,0.0,0.29,0.29,0.29,0.0,0.0,0.0,-0.00026794620507608613,0.0001240603196881257,-0.0003920065247642118,0.0
104794,RTBRISCOE,2019-09-02,0.29,0.29,0,2026-04-08T03:19:32.075785+00:00,0.0,0.0,0.0,0.0,0.29,0.29,0.29,0.0,0.0,0.0,-0.0002481744982554268,0.00011506562120702801,-0.0003632401194624548,0.0
104897,RTBRISCOE,2019-09-03,0.29,0.29,0,2026-04-08T03:19:34.366833+00:00,0.0,0.0,0.0,0.0,0.29,0.29,0.29,0.0,0.0,0.0,-0.00022985564535316083,0.00010670757928743523,-0.00033656322464059607,0.0
105000,RTBRISCOE,2019-09-04,0.29,0.29,0,2026-04-08T03:19:36.608723+00:00,0.0,0.0,0.0,0.0,0.29,0.29,0.29,0.0,0.0,0.0,-0.0002128838301692637,9.89435155770659e-05,-0.0003118273457463296,0.0
105103,RTBRISCOE,2019-09-05,0.29,0.29,0,2026-04-08T03:19:38.984327+00:00,0.0,0.0,0.0,0.0,0.29,0.29,0.29,0.0,0.0,0.0,-0.00019716079741649573,9.173323866386708e-05,-0.0002888940360803628,0.0
105206,RTBRISCOE,2019-09-06,0.29,0.29,0,2026-04-08T03:19:41.363212+00:00,0.0,0.0,0.0,0.0,0.29,0.29,0.29,0.0,0.0,0.0,-0.00018259533531767014,8.503896061015415e-05,-0.0002676342959278243,0.0
105309,RTBRISCOE,2019-09-09,0.29,0.29,0,2026-04-08T03:19:45.624302+00:00,0.0,0.0,0.0,0.0,0.29,0.29,0.29,0.0,0.0,0.0,-0.00016910278996595807,7.8825204769493e-05,-0.0002479279947354511,0.0
105412,RTBRISCOE,2019-09-10,0.29,0.29,0,2026-04-08T03:19:47.977958+00:00,0.0,0.0,0.0,0.0,0.29,0.29,0.29,0.0,0.0,0.0,-0.00015660461010391646,7.305870770522768e-05,-0.00022966331780914414,0.0
105515,RTBRISCOE,2019-09-11,0.29,0.29,0,2026-04-08T03:19:50.333421+00:00,0.0,0.0,0.0,0.0,0.29,0.29,0.29,0.0,0.0,0.0,-0.0001450279209230798,6.770831750885147e-05,-0.00021273623843193128,0.0
105618,RTBRISCOE,2019-09-12,0.29,0.29,0,2026-04-08T03:19:52.607202+00:00,0.0,0.0,0.0,0.0,0.29,0.29,0.29,0.0,0.0,0.0,-0.00013430512545742346,6.274489037960627e-05,-0.00019705001583702973,0.0
105721,RTBRISCOE,2019-09-13,0.29,0.29,0,2026-04-08T03:19:55.083512+00:00,0.0,0.0,0.0,0.0,0.29,0.29,0.29,0.0,0.0,0.0,-0.0001243735321386774,5.814118695868188e-05,-0.0001825147190973593,0.0
105824,RTBRISCOE,2019-09-16,0.29,0.29,0,2026-04-08T03:19:59.701348+00:00,0.0,0.0,0.0,0.0,0.29,0.29,0.29,0.0,0.0,0.0,-0.00011517500709251616,5.387176960387451e-05,-0.00016904677669639067,0.0
105927,RTBRISCOE,2019-09-17,0.29,0.29,0,2026-04-08T03:20:02.523968+00:00,0.0,0.0,0.0,0.0,0.29,0.29,0.29,0.0,0.0,0.0,-0.00010665564978179498,4.991290153167656e-05,-0.00015656855131347154,0.0
106030,RTBRISCOE,2019-09-18,0.27,0.27,112500,2026-04-08T03:20:05.488272+00:00,-6.896551724137923,0.0,0.0,0.0,0.286,0.289,0.28959999999999997,1.5421158465515772,0.9753196981883402,0.0,-0.0016942070860793135,-0.0012301108278126734,-0.00046409625826663995,5625.0
106133,RTBRISCOE,2019-09-19,0.27,0.27,14000,2026-04-08T03:20:08.114889+00:00,0.0,-6.896551724137923,0.0,0.0,0.282,0.288,0.28919999999999996,1.5421158465515772,0.9753196981883402,0.0,-0.0029187079881804467,-0.001963689383931045,-0.0009550186042494014,6325.0
106236,RTBRISCOE,2019-09-20,0.27,0.27,50000,2026-04-08T03:20:10.721894+00:00,0.0,0.0,0.0,0.0,0.27799999999999997,0.287,0.2888,1.5421158465515772,0.9753196981883402,0.0,-0.003844813162326044,-0.002311835646461314,-0.0015329775158647299,8825.0
106339,RTBRISCOE,2019-09-23,0.25,0.25,101000,2026-04-08T03:20:15.267012+00:00,-7.407407407407418,0.0,0.0,0.0,0.27,0.285,0.28800000000000003,2.2028922118215655,1.4166649917689746,0.0,-0.006122020200048928,-0.003671234147347358,-0.0024507860527015696,13875.0
106442,RTBRISCOE,2019-09-24,0.25,0.25,0,2026-04-08T03:20:17.630341+00:00,0.0,-7.407407407407418,0.0,0.0,0.262,0.28300000000000003,0.2872,2.2028922118215655,1.4166649917689746,0.0,-0.007836390156099049,-0.004308483282717983,-0.0035279068733810657,13875.0
106545,RTBRISCOE,2019-09-25,0.25,0.25,0,2026-04-08T03:20:20.165626+00:00,0.0,0.0,-6.896551724137923,0.0,0.258,0.281,0.2864,2.2028922118215655,1.4166649917689746,0.0,-0.009090253909060264,-0.0044498776285433585,-0.004640376280516906,13875.0
106648,RTBRISCOE,2019-09-26,0.25,0.25,0,2026-04-08T03:20:22.92566+00:00,0.0,0.0,0.0,0.0,0.254,0.279,0.28559999999999997,2.2028922118215655,1.4166649917689746,0.0,-0.009969033158143126,-0.004262925502100976,-0.00570610765604215,13875.0
106751,RTBRISCOE,2019-09-27,0.25,0.25,1339,2026-04-08T03:20:25.402499+00:00,0.0,0.0,0.0,0.0,0.25,0.277,0.2848,2.2028922118215655,1.4166649917689746,0.0,-0.010543928203343156,-0.003870256437840805,-0.006673671765502351,13941.95
106854,RTBRISCOE,2019-09-30,0.25,0.25,10000,2026-04-08T03:20:29.867546+00:00,0.0,0.0,-7.407407407407418,0.0,0.25,0.275,0.284,2.2028922118215655,1.4166649917689746,0.0,-0.010874185823333549,-0.003360411246264958,-0.007513774577068591,14441.95
106957,RTBRISCOE,2019-10-02,0.25,0.25,0,2026-04-08T03:20:33.475481+00:00,0.0,0.0,0.0,0.0,0.25,0.273,0.2832,2.2028922118215655,1.4166649917689746,0.0,-0.011009012325339296,-0.0027961901986165646,-0.008212822126722731,14441.95
107060,RTBRISCOE,2019-10-03,0.25,0.25,3400,2026-04-08T03:20:35.801047+00:00,0.0,0.0,0.0,-6.896551724137923,0.25,0.271,0.28240000000000004,2.2028922118215655,1.4166649917689746,0.0,-0.010989186794713168,-0.0022210917343923504,-0.008768095060320818,14611.95
107163,RTBRISCOE,2019-10-04,0.25,0.25,30000,2026-04-08T03:20:38.138638+00:00,0.0,0.0,0.0,0.0,0.25,0.269,0.2816,2.2028922118215655,1.4166649917689746,0.0,-0.010848421073627601,-0.0016642608106454265,-0.009184160262982174,16111.95
107266,RTBRISCOE,2019-10-07,0.25,0.25,23079,2026-04-08T03:20:43.38987+00:00,0.0,0.0,0.0,0.0,0.25,0.267,0.2808,2.2028922118215655,1.4166649917689746,0.0,-0.010614505809829755,-0.0011442764374780638,-0.009470229372351691,17265.9
107369,RTBRISCOE,2019-10-08,0.25,0.25,0,2026-04-08T03:20:50.115577+00:00,0.0,0.0,0.0,-7.407407407407418,0.25,0.265,0.28,2.2028922118215655,1.4166649917689746,0.0,-0.010310275836086957,-0.0006720371709882118,-0.009638238665098746,17265.9
107472,RTBRISCOE,2019-10-09,0.25,0.25,1500,2026-04-08T03:20:53.067656+00:00,0.0,0.0,0.0,0.0,0.25,0.263,0.2792,2.2028922118215655,1.4166649917689746,0.0,-0.009954422998127932,-0.00025294746642334776,-0.009701475531704584,17340.9
107575,RTBRISCOE,2019-10-10,0.25,0.25,310,2026-04-08T03:20:55.682822+00:00,0.0,0.0,0.0,0.0,0.25,0.261,0.2784,2.2028922118215655,1.4166649917689746,0.0,-0.009562180199178538,0.00011143626602083678,-0.009673616465199375,17356.4
107678,RTBRISCOE,2019-10-11,0.25,0.25,100,2026-04-08T03:20:58.30073+00:00,0.0,0.0,0.0,0.0,0.25,0.259,0.2776,2.2028922118215655,1.4166649917689746,0.0,-0.009145896750438365,0.00042217577180880816,-0.009568072522247173,17361.4
107781,RTBRISCOE,2019-10-14,0.25,0.25,0,2026-04-08T03:21:03.536141+00:00,0.0,0.0,0.0,0.0,0.25,0.257,0.2768,2.2028922118215655,1.4166649917689746,0.0,-0.008715522005693921,0.0006820404132426017,-0.009397562418936523,17361.4
107884,RTBRISCOE,2019-10-15,0.25,0.25,0,2026-04-08T03:21:06.159586+00:00,0.0,0.0,0.0,0.0,0.25,0.255,0.276,2.2028922118215655,1.4166649917689746,0.0,-0.008279011627267963,0.0008948406333348473,-0.00917385226060281,17361.4
107987,RTBRISCOE,2019-10-16,0.25,0.25,0,2026-04-08T03:21:08.538525+00:00,0.0,0.0,0.0,0.0,0.25,0.253,0.2752,2.2028922118215655,1.4166649917689746,0.0,-0.007842668605683334,0.0010649469239355815,-0.008907615529618915,17361.4
108090,RTBRISCOE,2019-10-17,0.25,0.25,0,2026-04-08T03:21:11.125073+00:00,0.0,0.0,0.0,0.0,0.25,0.252,0.27440000000000003,1.6563466499998467,1.4166649917689746,0.0,-0.00741142927417765,0.001196949004353012,-0.008608378278530662,11736.4
108193,RTBRISCOE,2019-10-18,0.25,0.25,0,2026-04-08T03:21:14.04892+00:00,0.0,0.0,0.0,0.0,0.25,0.251,0.2736,1.6563466499998467,1.4166649917689746,0.0,-0.006989102968591399,0.0012954202479514114,-0.00828452321654281,11036.4
108296,RTBRISCOE,2019-10-21,0.25,0.25,0,2026-04-08T03:21:18.357079+00:00,0.0,0.0,0.0,0.0,0.25,0.25,0.2728,1.6563466499998467,1.4166649917689746,0.0,-0.006578572638361757,0.0013647604625448423,-0.0079433331009066,8536.4
108399,RTBRISCOE,2019-10-22,0.25,0.25,0,2026-04-08T03:21:20.5704+00:00,0.0,0.0,0.0,0.0,0.25,0.25,0.272,0.0,1.4166649917689746,0.0,-0.00618196257748832,0.0014090964187346237,-0.007591058996222944,3486.4
108502,RTBRISCOE,2019-10-23,0.25,0.25,0,2026-04-08T03:21:22.84444+00:00,0.0,0.0,0.0,0.0,0.25,0.25,0.2712,0.0,1.4166649917689746,0.0,-0.005800778483328273,0.0014322244103157373,-0.00723300289364401,3486.4
108605,RTBRISCOE,2019-10-24,0.25,0.25,0,2026-04-08T03:21:25.228823+00:00,0.0,0.0,0.0,0.0,0.25,0.25,0.2704,0.0,1.4166649917689746,0.0,-0.005436024238806014,0.0014375829238703966,-0.006873607162676411,3486.4
108708,RTBRISCOE,2019-10-25,0.25,0.25,0,2026-04-08T03:21:27.539286+00:00,0.0,0.0,0.0,0.0,0.25,0.25,0.2696,0.0,1.4166649917689746,0.0,-0.005088299127128382,0.0014282464284384238,-0.0065165455555668056,3486.4
108811,RTBRISCOE,2019-10-28,0.25,0.25,4334,2026-04-08T03:21:32.161692+00:00,0.0,0.0,0.0,0.0,0.25,0.25,0.26880000000000004,0.0,1.4166649917689746,0.0,-0.00475787860798349,0.0014069335580666528,-0.006164812166050143,3636.15
108914,RTBRISCOE,2019-10-29,0.25,0.25,0,2026-04-08T03:21:34.477485+00:00,0.0,0.0,0.0,0.0,0.25,0.25,0.268,0.0,1.4166649917689746,0.0,-0.004444781294032585,0.0013760246976140464,-0.005820805991646631,3136.15
109017,RTBRISCOE,2019-10-30,0.25,0.25,2790,2026-04-08T03:21:36.754268+00:00,0.0,0.0,0.0,0.0,0.25,0.25,0.26720000000000005,0.0,1.4166649917689746,0.0,-0.004148824352401104,0.0013375853113964222,-0.005486409663797526,3275.65
109120,RTBRISCOE,2019-10-31,0.25,0.25,0,2026-04-08T03:21:39.10919+00:00,0.0,0.0,0.0,0.0,0.25,0.25,0.2664,0.0,1.4166649917689746,0.0,-0.0038696692060813387,0.0012933923661729496,-0.005163061572254288,3105.65
109223,RTBRISCOE,2019-11-01,0.25,0.25,1000,2026-04-08T03:21:41.456138+00:00,0.0,0.0,0.0,0.0,0.25,0.25,0.2656,0.0,1.4166649917689746,0.0,-0.0036068591147358497,0.001244961966014751,-0.004851821080750601,1655.65
109326,RTBRISCOE,2019-11-04,0.23,0.23,3228403,2026-04-08T03:21:45.945243+00:00,-7.9999999999999964,0.0,0.0,0.0,0.246,0.24900000000000003,0.26439999999999997,1.788854381999831,1.787043952522936,0.0,-0.004955291560379826,-8.277638370338038e-05,-0.004872515176676446,161921.85
109429,RTBRISCOE,2019-11-05,0.23,0.23,5892,2026-04-08T03:21:48.37169+00:00,0.0,-7.9999999999999964,0.0,0.0,0.242,0.248,0.2632,1.788854381999831,1.787043952522936,0.0,-0.005955285168102231,-0.0008662159931406279,-0.005089069174961603,162216.45
109532,RTBRISCOE,2019-11-06,0.23,0.23,0,2026-04-08T03:21:50.755948+00:00,0.0,0.0,0.0,0.0,0.23800000000000004,0.24700000000000003,0.262,1.788854381999831,1.787043952522936,0.0,-0.006670889445741179,-0.0012654562166236607,-0.005405433229117519,162141.45
109635,RTBRISCOE,2019-11-07,0.23,0.23,0,2026-04-08T03:21:53.200031+00:00,0.0,0.0,0.0,0.0,0.23400000000000004,0.246,0.26080000000000003,1.788854381999831,1.787043952522936,0.0,-0.0071555265356777475,-0.0014000746452481824,-0.005755451890429565,162125.95
109738,RTBRISCOE,2019-11-08,0.23,0.23,0,2026-04-08T03:21:55.63316+00:00,0.0,0.0,0.0,0.0,0.23,0.24500000000000002,0.2596,1.788854381999831,1.787043952522936,0.0,-0.007453683497472219,-0.001358585285634123,-0.006095098211838096,162120.95
109841,RTBRISCOE,2019-11-12,0.23,0.23,0,2026-04-08T03:22:01.520244+00:00,0.0,0.0,-7.9999999999999964,0.0,0.23,0.244,0.2584,1.788854381999831,1.787043952522936,0.0,-0.007602339994633445,-0.001205793426236279,-0.006396546568397166,162120.95
109944,RTBRISCOE,2019-11-13,0.23,0.23,0,2026-04-08T03:22:04.169594+00:00,0.0,0.0,0.0,0.0,0.23,0.24300000000000002,0.2572,1.788854381999831,1.787043952522936,0.0,-0.0076321724070003705,-0.0009885006708825628,-0.006643671736117808,162120.95
110047,RTBRISCOE,2019-11-14,0.23,0.23,0,2026-04-08T03:22:06.510438+00:00,0.0,0.0,0.0,0.0,0.23,0.242,0.256,1.788854381999831,1.787043952522936,0.0,-0.007568569055926011,-0.0007399178558465625,-0.0068286512000794485,162120.95
110150,RTBRISCOE,2019-11-15,0.23,0.23,0,2026-04-08T03:22:08.972682+00:00,0.0,0.0,0.0,0.0,0.23,0.24100000000000002,0.25479999999999997,1.788854381999831,1.787043952522936,0.0,-0.007432485871398525,-0.0004830677370552608,-0.0069494181343432646,162120.95
110252,RTBRISCOE,2019-11-18,0.23,0.23,0,2026-04-08T03:22:13.551393+00:00,0.0,0.0,0.0,0.0,0.23,0.24,0.2536,1.788854381999831,1.787043952522936,0.0,-0.007241167298091822,-0.0002333993309988451,-0.007007767967092977,162120.95
110354,RTBRISCOE,2019-11-19,0.23,0.23,0,2026-04-08T03:22:15.801005+00:00,0.0,0.0,0.0,-7.9999999999999964,0.23,0.23900000000000002,0.2524,1.788854381999831,1.787043952522936,0.0,-0.007008753403927398,-7.883494675372041e-07,-0.007007965054459861,162120.95
110456,RTBRISCOE,2019-11-20,0.23,0.23,327794,2026-04-08T03:22:18.11241+00:00,0.0,0.0,0.0,0.0,0.23,0.238,0.25120000000000003,1.788854381999831,1.787043952522936,0.0,-0.00674679091244329,0.0002089393136132569,-0.006955730226056547,178510.65
110558,RTBRISCOE,2019-11-21,0.23,0.23,108239,2026-04-08T03:22:20.360812+00:00,0.0,0.0,0.0,0.0,0.23,0.23700000000000002,0.25,1.788854381999831,1.787043952522936,0.0,-0.006464663138061821,0.00039285367039578085,-0.006857516808457602,183922.6
110660,RTBRISCOE,2019-11-22,0.23,0.23,0,2026-04-08T03:22:22.766306+00:00,0.0,0.0,0.0,0.0,0.23,0.23600000000000004,0.2488,1.788854381999831,1.787043952522936,0.0,-0.006169951484195274,0.000550052259409863,-0.006720003743605137,183922.6
110762,RTBRISCOE,2019-11-25,0.23,0.23,0,2026-04-08T03:22:27.077445+00:00,0.0,0.0,0.0,0.0,0.23,0.23500000000000001,0.24760000000000001,1.788854381999831,1.787043952522936,0.0,-0.005868739202856049,0.0006810116325992712,-0.00654975083545532,183922.6
110864,RTBRISCOE,2019-11-26,0.23,0.23,129714,2026-04-08T03:22:29.415971+00:00,0.0,0.0,0.0,0.0,0.23,0.23400000000000004,0.2464,1.788854381999831,1.787043952522936,0.0,-0.005565866455905261,0.0007871075036400485,-0.006352973959545309,190191.6
110966,RTBRISCOE,2019-11-27,0.23,0.23,100,2026-04-08T03:22:31.797244+00:00,0.0,0.0,0.0,0.0,0.23,0.233,0.24520000000000003,1.788854381999831,1.787043952522936,0.0,-0.005265144315634351,0.0008702637151287666,-0.006135408030763118,190196.6
111068,RTBRISCOE,2019-11-28,0.23,0.23,51411,2026-04-08T03:22:34.150197+00:00,0.0,0.0,0.0,0.0,0.23,0.23200000000000004,0.244,1.788854381999831,1.787043952522936,0.0,-0.004969534156554489,0.0009326990993669031,-0.005902233255921392,192627.65
111170,RTBRISCOE,2019-11-29,0.23,0.23,0,2026-04-08T03:22:36.43862+00:00,0.0,0.0,0.0,0.0,0.23,0.231,0.2432,1.788854381999831,1.526112310568433,0.0,-0.0046812978876850375,0.0009767482945890844,-0.005658046182274122,192627.65
111272,RTBRISCOE,2019-12-02,0.23,0.23,0,2026-04-08T03:22:40.672716+00:00,0.0,0.0,0.0,0.0,0.23,0.23,0.24240000000000003,1.788854381999831,1.526112310568433,0.0,-0.004402123627030241,0.0010047380441951049,-0.005406861671225346,192577.65
111374,RTBRISCOE,2019-12-03,0.23,0.23,0,2026-04-08T03:22:42.857808+00:00,0.0,0.0,0.0,0.0,0.23,0.23,0.2416,0.0,1.526112310568433,0.0,-0.004133230703417146,0.0010189047742465603,-0.005152135477663706,31157.5
111476,RTBRISCOE,2019-12-04,0.23,0.23,10200,2026-04-08T03:22:45.132537+00:00,0.0,0.0,0.0,0.0,0.23,0.23,0.24119999999999997,0.0,1.1313708498984756,0.0,-0.0038754572652197894,0.0010213425699551332,-0.0048967998351749226,31372.9
111578,RTBRISCOE,2019-12-05,0.21,0.21,168334,2026-04-08T03:22:47.409461+00:00,-8.695652173913048,0.0,0.0,0.0,0.22600000000000003,0.229,0.2404,1.9444069369563401,1.6539345216873742,0.0,-0.005224774859051262,-0.000262380019101071,-0.004962394839950191,39789.6
111680,RTBRISCOE,2019-12-06,0.21,0.21,5000,2026-04-08T03:22:49.720566+00:00,0.0,-8.695652173913048,0.0,0.0,0.22200000000000003,0.22800000000000004,0.23959999999999998,1.9444069369563401,1.6539345216873742,0.0,-0.0062223909242006825,-0.0010079968674003926,-0.00521439405680029,40039.6
111782,RTBRISCOE,2019-12-10,0.21,0.21,0,2026-04-08T03:22:54.948045+00:00,0.0,0.0,0.0,0.0,0.21800000000000003,0.227,0.23879999999999998,1.9444069369563401,1.6539345216873742,0.0,-0.0069330885145690024,-0.0013749555662149696,-0.005558132948354033,40039.6
111884,RTBRISCOE,2019-12-11,0.21,0.21,0,2026-04-08T03:22:57.463594+00:00,0.0,0.0,0.0,0.0,0.21399999999999997,0.22600000000000003,0.23799999999999996,1.9444069369563401,1.6539345216873742,0.0,-0.007410893310275585,-0.001482208289537241,-0.005928685020738344,40039.6
111986,RTBRISCOE,2019-12-12,0.21,0.21,48707,2026-04-08T03:22:59.677549+00:00,0.0,0.0,0.0,0.0,0.21,0.225,0.2372,1.9444069369563401,1.6539345216873742,0.0,-0.0077007871723217824,-0.0014176817212667508,-0.006283105451055032,42474.95
112088,RTBRISCOE,2019-12-13,0.21,0.21,2000,2026-04-08T03:23:01.961124+00:00,0.0,0.0,-8.695652173913048,0.0,0.21,0.22400000000000003,0.23639999999999997,1.9444069369563401,1.6539345216873742,0.0,-0.007840153734639227,-0.0012456386268673552,-0.006594515107771872,42574.95
112190,RTBRISCOE,2019-12-16,0.21,0.21,0,2026-04-08T03:23:06.206185+00:00,0.0,0.0,0.0,0.0,0.21,0.223,0.23559999999999998,1.9444069369563401,1.6539345216873742,0.0,-0.007859997579934774,-0.0010123859777303222,-0.006847611602204452,42574.95
112292,RTBRISCOE,2019-12-17,0.21,0.21,0,2026-04-08T03:23:08.526507+00:00,0.0,0.0,0.0,0.0,0.21,0.22200000000000003,0.23479999999999998,1.9444069369563401,1.6539345216873742,0.0,-0.0077859721301812845,-0.0007506884223814651,-0.0070352837077998194,42574.95
112394,RTBRISCOE,2019-12-18,0.21,0.21,6194,2026-04-08T03:23:10.699016+00:00,0.0,0.0,0.0,0.0,0.21,0.221,0.23399999999999999,1.9444069369563401,1.6539345216873742,0.0,-0.007639245955813945,-0.00048316979841130005,-0.007156076157402645,42884.65
112496,RTBRISCOE,2019-12-19,0.21,0.21,0,2026-04-08T03:23:13.06361+00:00,0.0,0.0,0.0,0.0,0.21,0.22000000000000003,0.2332,1.9444069369563401,1.6539345216873742,0.0,-0.00743723261742571,-0.00022492516801845153,-0.007212307449407258,26494.95
112598,RTBRISCOE,2019-12-20,0.21,0.21,0,2026-04-08T03:23:15.515212+00:00,0.0,0.0,0.0,-8.695652173913048,0.21,0.219,0.2324,1.9444069369563401,1.6539345216873742,0.0,-0.007194205271196463,1.4481742568636137e-05,-0.007208687013765099,21083.0
112700,RTBRISCOE,2019-12-23,0.21,0.21,0,2026-04-08T03:23:19.645113+00:00,0.0,0.0,0.0,0.0,0.21,0.21800000000000003,0.2316,1.9444069369563401,1.6539345216873742,0.0,-0.006921813985447667,0.00022949842265394642,-0.007151312408101613,21083.0
112802,RTBRISCOE,2019-12-24,0.21,0.21,0,2026-04-08T03:23:22.081747+00:00,0.0,0.0,0.0,0.0,0.21,0.217,0.23079999999999998,1.9444069369563401,1.6539345216873742,0.0,-0.006629520938374406,0.0004174331757817659,-0.007046954114156172,21083.0
112904,RTBRISCOE,2019-12-27,0.21,0.21,13500,2026-04-08T03:23:26.48241+00:00,0.0,0.0,0.0,0.0,0.21,0.21599999999999997,0.23,1.9444069369563401,1.6539345216873742,0.0,-0.006324966318150355,0.0005775902368046542,-0.006902556554955009,15272.3
113006,RTBRISCOE,2019-12-31,0.21,0.21,0,2026-04-08T03:23:31.997666+00:00,0.0,0.0,0.0,0.0,0.21,0.215,0.2292,1.9444069369563401,1.6539345216873742,0.0,-0.006014275760218096,0.0007106246357895304,-0.006724900396007627,15267.3
113108,RTBRISCOE,2020-01-02,0.21,0.21,38662,2026-04-08T03:23:35.253628+00:00,0.0,0.0,0.0,0.0,0.21,0.21399999999999997,0.2284,1.9444069369563401,1.6539345216873742,0.0,-0.0057023184768214,0.0008180655353489819,-0.006520384012170382,14629.85
113210,RTBRISCOE,2020-01-03,0.2,0.2,1200000,2026-04-08T03:23:37.484442+00:00,-4.761904761904756,0.0,0.0,0.0,0.20800000000000002,0.2125,0.2274,2.167156902452357,1.767516236671967,0.0,-0.006190644611176466,0.0002637915207951329,-0.006454436131971599,74629.85
113312,RTBRISCOE,2020-01-06,0.2,0.2,4000,2026-04-08T03:23:41.810791+00:00,0.0,-4.761904761904756,0.0,0.0,0.20600000000000002,0.211,0.22639999999999996,2.167156902452357,1.767516236671967,0.0,-0.006502687655344369,-3.8601218698215874e-05,-0.006464086436646153,74829.85
113414,RTBRISCOE,2020-01-07,0.2,0.2,0,2026-04-08T03:23:44.238014+00:00,0.0,0.0,0.0,0.0,0.20400000000000001,0.20950000000000002,0.2254,2.167156902452357,1.767516236671967,0.0,-0.006673061121226981,-0.0001671797476646619,-0.006505881373562319,74829.85
113516,RTBRISCOE,2020-01-08,0.2,0.2,133216,2026-04-08T03:23:46.428903+00:00,0.0,0.0,0.0,0.0,0.202,0.20800000000000002,0.2244,2.167156902452357,1.767516236671967,0.0,-0.006730498325309059,-0.00017969356139739111,-0.006550804763911668,80980.65
113619,RTBRISCOE,2020-01-09,0.2,0.2,205784,2026-04-08T03:23:48.760691+00:00,0.0,0.0,0.0,0.0,0.2,0.20749999999999996,0.2234,1.0647942749998984,1.767516236671967,0.0,-0.00669879814816185,-0.00011839470740014537,-0.006580403440761704,82853.15
113722,RTBRISCOE,2020-01-10,0.2,0.2,19331,2026-04-08T03:23:51.312987+00:00,0.0,0.0,-4.761904761904756,0.0,0.2,0.207,0.2224,1.0647942749998984,1.767516236671967,0.0,-0.006597622246999113,-1.377504498992644e-05,-0.006583847202009187,83569.7
113825,RTBRISCOE,2020-01-13,0.2,0.2,0,2026-04-08T03:23:55.704331+00:00,0.0,0.0,0.0,0.0,0.2,0.2065,0.22139999999999996,1.0647942749998984,1.767516236671967,0.0,-0.0064431668002533915,0.00011254432140463642,-0.006555711121658028,83569.7
113928,RTBRISCOE,2020-01-14,0.2,0.2,0,2026-04-08T03:23:58.044369+00:00,0.0,0.0,0.0,0.0,0.2,0.20600000000000002,0.22039999999999998,1.0647942749998984,1.767516236671967,0.0,-0.0062487282958201,0.0002455862606703437,-0.006494314556490443,83569.7
114031,RTBRISCOE,2020-01-15,0.2,0.2,0,2026-04-08T03:24:00.340453+00:00,0.0,0.0,0.0,0.0,0.2,0.20550000000000002,0.21939999999999998,1.0647942749998984,1.767516236671967,0.0,-0.006025179857351598,0.0003753077593110759,-0.006400487616662674,81134.35
114134,RTBRISCOE,2020-01-16,0.2,0.2,0,2026-04-08T03:24:02.775573+00:00,0.0,0.0,0.0,0.0,0.2,0.205,0.2184,1.0647942749998984,1.767516236671967,0.0,-0.0057813720510603295,0.0004952924524818762,-0.006276664503542206,81034.35
114237,RTBRISCOE,2020-01-17,0.2,0.2,6450,2026-04-08T03:24:05.107796+00:00,0.0,0.0,0.0,-4.761904761904756,0.2,0.2045,0.21739999999999998,1.0647942749998984,1.767516236671967,0.0,-0.005524469957230271,0.0006017556370495484,-0.00612622559427982,81356.85
114340,RTBRISCOE,2020-01-20,0.2,0.2,0,2026-04-08T03:24:09.637495+00:00,0.0,0.0,0.0,0.0,0.2,0.20400000000000001,0.2164,1.0647942749998984,1.767516236671967,0.0,-0.005260236465400692,0.0006927913031033028,-0.0059530277685039944,81356.85
114443,RTBRISCOE,2020-01-21,0.2,0.2,7019,2026-04-08T03:24:12.081094+00:00,0.0,0.0,0.0,0.0,0.2,0.20350000000000001,0.21580000000000002,1.0647942749998984,1.389963932269646,0.0,-0.004993270208663525,0.0007678060478723756,-0.0057610762565359006,81398.1
114546,RTBRISCOE,2020-01-23,0.2,0.2,0,2026-04-08T03:24:15.397306+00:00,0.0,0.0,0.0,0.0,0.2,0.203,0.2152,1.0647942749998984,1.389963932269646,0.0,-0.004727205247303495,0.0008270968073859249,-0.00555430205468942,81398.1
114649,RTBRISCOE,2020-01-24,0.2,0.2,0,2026-04-08T03:24:17.760742+00:00,0.0,0.0,0.0,0.0,0.2,0.20249999999999999,0.2146,1.0647942749998984,1.389963932269646,0.0,-0.004464878508376957,0.0008715388370499708,-0.005336417345426928,81398.1
114752,RTBRISCOE,2020-01-27,0.2,0.2,200,2026-04-08T03:24:22.426106+00:00,0.0,0.0,0.0,0.0,0.2,0.202,0.214,1.0647942749998984,1.389963932269646,0.0,-0.004208470054706537,0.0009023578325763129,-0.00511082788728285,81408.1
114855,RTBRISCOE,2020-01-28,0.2,0.2,0,2026-04-08T03:24:24.728321+00:00,0.0,0.0,0.0,0.0,0.2,0.2015,0.21340000000000003,1.0647942749998984,1.389963932269646,0.0,-0.003959620467874098,0.0009209659355270024,-0.0048805864034011,81408.1
114958,RTBRISCOE,2020-01-29,0.2,0.2,0,2026-04-08T03:24:27.287495+00:00,0.0,0.0,0.0,0.0,0.2,0.201,0.21280000000000002,1.0647942749998984,1.389963932269646,0.0,-0.0037195289628871586,0.0009288459524111536,-0.004648374915298312,80733.1
115061,RTBRISCOE,2020-01-30,0.2,0.2,841,2026-04-08T03:24:29.658352+00:00,0.0,0.0,0.0,0.0,0.2,0.20050000000000004,0.2122,1.0647942749998984,1.389963932269646,0.0,-0.003489035288462783,0.0009274717014684233,-0.004416506989931206,80775.15
115164,RTBRISCOE,2020-01-31,0.2,0.2,0,2026-04-08T03:24:31.961868+00:00,0.0,0.0,0.0,0.0,0.2,0.2,0.2116,1.0647942749998984,1.389963932269646,0.0,-0.0032686879903985055,0.0009182551996261609,-0.004186943190024666,78842.05
115267,RTBRISCOE,2020-02-03,0.2,0.2,0,2026-04-08T03:24:36.430808+00:00,0.0,0.0,0.0,0.0,0.2,0.2,0.21100000000000002,0.0,1.389963932269646,0.0,-0.003058801212822232,0.0009025135817619474,-0.003961314794584179,18842.05
115370,RTBRISCOE,2020-02-04,0.2,0.2,0,2026-04-08T03:24:38.687124+00:00,0.0,0.0,0.0,0.0,0.2,0.2,0.21040000000000003,0.0,1.389963932269646,0.0,-0.0028595018718400034,0.0008814503381953409,-0.0037409522100353442,18642.05
115473,RTBRISCOE,2020-02-05,0.2,0.2,100,2026-04-08T03:24:41.03998+00:00,0.0,0.0,0.0,0.0,0.2,0.2,0.20980000000000001,0.0,1.389963932269646,0.0,-0.002670768748599339,0.000856146769148804,-0.0035269155177481432,18647.05
115576,RTBRISCOE,2020-02-06,0.2,0.2,0,2026-04-08T03:24:43.345135+00:00,0.0,0.0,0.0,0.0,0.2,0.2,0.20919999999999997,0.0,1.389963932269646,0.0,-0.00249246480590537,0.0008275605694742188,-0.003320025375379589,11986.25
115679,RTBRISCOE,2020-02-07,0.2,0.2,1500,2026-04-08T03:24:45.609576+00:00,0.0,0.0,0.0,0.0,0.2,0.2,0.20860000000000004,0.0,1.389963932269646,0.0,-0.002324363827374165,0.000796529238404339,-0.003120893065778504,1772.05
115782,RTBRISCOE,2020-02-10,0.2,0.2,1375,2026-04-08T03:24:50.182603+00:00,0.0,0.0,0.0,0.0,0.2,0.2,0.20800000000000002,0.0,1.389963932269646,0.0,-0.0021661723048511383,0.0007637766087418927,-0.002929948913593031,874.25
115885,RTBRISCOE,2020-02-11,0.2,0.2,0,2026-04-08T03:24:52.780016+00:00,0.0,0.0,0.0,0.0,0.2,0.2,0.20740000000000003,0.0,1.389963932269646,0.0,-0.0020175473535313793,0.0007299212480493217,-0.002747468601580701,874.25
115988,RTBRISCOE,2020-02-12,0.2,0.2,20000,2026-04-08T03:24:55.120152+00:00,0.0,0.0,0.0,0.0,0.2,0.2,0.20679999999999998,0.0,1.389963932269646,0.0,-0.0018781113107192438,0.0006954858326891659,-0.0025735971434084097,1874.25
116091,RTBRISCOE,2020-02-13,0.2,0.2,0,2026-04-08T03:24:57.649025+00:00,0.0,0.0,0.0,0.0,0.2,0.2,0.20619999999999997,0.0,1.389963932269646,0.0,-0.0017474635699323005,0.0006609068587808873,-0.0024083704287131877,1874.25
116194,RTBRISCOE,2020-02-14,0.2,0.2,0,2026-04-08T03:25:00.080254+00:00,0.0,0.0,0.0,0.0,0.2,0.2,0.20560000000000003,0.0,1.389963932269646,0.0,-0.0016251901141028646,0.0006265442516882585,-0.002251734365791123,1874.25
116297,RTBRISCOE,2020-02-17,0.2,0.2,0,2026-04-08T03:25:04.377856+00:00,0.0,0.0,0.0,0.0,0.2,0.2,0.205,0.0,1.389963932269646,0.0,-0.001510871137437586,0.0005926905826828298,-0.002103561720120416,1551.75
116400,RTBRISCOE,2020-02-18,0.2,0.2,0,2026-04-08T03:25:06.773592+00:00,0.0,0.0,0.0,0.0,0.2,0.2,0.20440000000000003,0.0,1.389963932269646,0.0,-0.001404087082928468,0.0005595797097535586,-0.0019636667926820266,1551.75
116503,RTBRISCOE,2020-02-19,0.2,0.2,0,2026-04-08T03:25:09.231504+00:00,0.0,0.0,0.0,0.0,0.2,0.2,0.20379999999999998,0.0,1.389963932269646,0.0,-0.0013044233697611651,0.0005273947383366894,-0.0018318181080978545,1200.8
116606,RTBRISCOE,2020-02-20,0.2,0.2,2000,2026-04-08T03:25:11.501588+00:00,0.0,0.0,0.0,0.0,0.2,0.2,0.2032,0.0,1.389963932269646,0.0,-0.0012114740404162994,0.0004962752541452441,-0.0017077492945615435,1300.8
116709,RTBRISCOE,2020-02-21,0.2,0.2,0,2026-04-08T03:25:13.948187+00:00,0.0,0.0,0.0,0.0,0.2,0.2,0.203,0.0,0.6734350297014727,0.0,-0.0011248445198137058,0.0004663238197982701,-0.001591168339611976,1300.8
116812,RTBRISCOE,2020-02-24,0.2,0.2,0,2026-04-08T03:25:18.415367+00:00,0.0,0.0,0.0,0.0,0.2,0.2,0.2028,0.0,0.6734350297014727,0.0,-0.001044153647320939,0.00043761175383282957,-0.0014817654011537685,1290.8
116915,RTBRISCOE,2020-02-25,0.2,0.2,0,2026-04-08T03:25:20.711298+00:00,0.0,0.0,0.0,0.0,0.2,0.2,0.2026,0.0,0.6734350297014727,0.0,-0.0009690351159112598,0.00041018422819400716,-0.001379219344105267,1290.8
117018,RTBRISCOE,2020-02-26,0.2,0.2,0,2026-04-08T03:25:23.465375+00:00,0.0,0.0,0.0,0.0,0.2,0.2,0.20240000000000002,0.0,0.6734350297014727,0.0,-0.0008991384304374295,0.0003840647309342701,-0.0012832031613716995,1290.8
117121,RTBRISCOE,2020-02-27,0.2,0.2,0,2026-04-08T03:25:26.011368+00:00,0.0,0.0,0.0,0.0,0.2,0.2,0.2022,0.0,0.6734350297014727,0.0,-0.0008341294782236164,0.00035925894651846657,-0.001193388424742083,1248.75
117224,RTBRISCOE,2020-02-28,0.2,0.2,0,2026-04-08T03:25:28.472167+00:00,0.0,0.0,0.0,0.0,0.2,0.2,0.20200000000000004,0.0,0.6734350297014727,0.0,-0.00077369078941536,0.0003357581082613784,-0.0011094488976767384,1248.75
117327,RTBRISCOE,2020-03-02,0.2,0.2,11516,2026-04-08T03:25:32.979972+00:00,0.0,0.0,0.0,0.0,0.2,0.2,0.2018,0.0,0.6734350297014727,0.0,-0.0007175215512958966,0.0003135418771046735,-0.00103106342840057,1824.55
117430,RTBRISCOE,2020-03-03,0.2,0.2,100,2026-04-08T03:25:35.324079+00:00,0.0,0.0,0.0,0.0,0.2,0.2,0.2016,0.0,0.6734350297014727,0.0,-0.0006653374296775594,0.0002925807989784086,-0.000957918228655968,1829.55
117533,RTBRISCOE,2020-03-04,0.2,0.2,0,2026-04-08T03:25:37.587456+00:00,0.0,0.0,0.0,0.0,0.2,0.2,0.2014,0.0,0.6734350297014727,0.0,-0.0006168702411768479,0.00027283838998329616,-0.000889708631160144,1824.55
117636,RTBRISCOE,2020-03-05,0.2,0.2,5200,2026-04-08T03:25:39.825698+00:00,0.0,0.0,0.0,0.0,0.2,0.2,0.20119999999999996,0.0,0.6734350297014727,0.0,-0.0005718675123950745,0.0002542728950120556,-0.0008261404074071301,2084.55
117739,RTBRISCOE,2020-03-09,0.2,0.2,0,2026-04-08T03:25:45.227559+00:00,0.0,0.0,0.0,0.0,0.2,0.2,0.201,0.0,0.6734350297014727,0.0,-0.0005300919555159544,0.00023683876151294055,-0.000766930717028895,2009.55
117842,RTBRISCOE,2020-03-10,0.2,0.2,0,2026-04-08T03:25:47.644077+00:00,0.0,0.0,0.0,0.0,0.2,0.2,0.20079999999999998,0.0,0.6734350297014727,0.0,-0.0004913208843939365,0.00022048786610796693,-0.0007118087505019034,1940.8
117945,RTBRISCOE,2020-03-11,0.2,0.2,0,2026-04-08T03:25:49.940962+00:00,0.0,0.0,0.0,0.0,0.2,0.2,0.20060000000000003,0.0,0.6734350297014727,0.0,-0.00045534559067278435,0.00020517052786329525,-0.0006605161185360796,1940.8
118048,RTBRISCOE,2020-03-12,0.2,0.2,0,2026-04-08T03:25:52.243289+00:00,0.0,0.0,0.0,0.0,0.2,0.2,0.2004,0.0,0.6734350297014727,0.0,-0.0004219706956984093,0.0001908363382701363,-0.0006128070339685456,940.8
118151,RTBRISCOE,2020-03-13,0.2,0.2,0,2026-04-08T03:25:54.520183+00:00,0.0,0.0,0.0,0.0,0.2,0.2,0.20020000000000004,0.0,0.6734350297014727,0.0,-0.000391013490852965,0.00017743483449246457,-0.0005684483253454296,940.8
118254,RTBRISCOE,2020-03-16,0.2,0.2,0,2026-04-08T03:25:58.965391+00:00,0.0,0.0,0.0,0.0,0.2,0.2,0.2,0.0,0.6734350297014727,0.0,-0.0003623032763347134,0.000164916039208573,-0.0005272193155432864,940.8
118357,RTBRISCOE,2020-03-17,0.2,0.2,0,2026-04-08T03:26:01.331984+00:00,0.0,0.0,0.0,0.0,0.2,0.2,0.2,0.0,0.0,0.0,-0.00033568070625533686,0.00015323088743035963,-0.0004889115936856965,940.8
118460,RTBRISCOE,2020-03-18,0.2,0.2,0,2026-04-08T03:26:03.589989+00:00,0.0,0.0,0.0,0.0,0.2,0.2,0.2,0.0,0.0,0.0,-0.0003109971461503491,0.00014233155802827793,-0.00045332870417862705,940.8
118563,RTBRISCOE,2020-03-19,0.2,0.2,0,2026-04-08T03:26:05.957067+00:00,0.0,0.0,0.0,0.0,0.2,0.2,0.2,0.0,0.0,0.0,-0.000288114047536453,0.0001321717253137393,-0.00042028577285019227,940.8
118666,RTBRISCOE,2020-03-20,0.2,0.2,0,2026-04-08T03:26:08.377452+00:00,0.0,0.0,0.0,0.0,0.2,0.2,0.2,0.0,0.0,0.0,-0.00026690234295251303,0.00012270674391814344,-0.00038960908687065646,840.8
118769,RTBRISCOE,2020-03-23,0.2,0.2,6480,2026-04-08T03:26:12.667002+00:00,0.0,0.0,0.0,0.0,0.2,0.2,0.2,0.0,0.0,0.0,-0.0002472418639428431,0.00011389377834225073,-0.0003611356422850938,1164.8
118872,RTBRISCOE,2020-03-24,0.2,0.2,0,2026-04-08T03:26:14.960057+00:00,0.0,0.0,0.0,0.0,0.2,0.2,0.2,0.0,0.0,0.0,-0.00022902078364817058,0.00010569188690953864,-0.0003347126705577092,1164.8
118975,RTBRISCOE,2020-03-25,0.2,0.2,0,2026-04-08T03:26:17.224804+00:00,0.0,0.0,0.0,0.0,0.2,0.2,0.2,0.0,0.0,0.0,-0.00021213508502815337,9.806206842364468e-05,-0.00031019715345179805,1164.8
119078,RTBRISCOE,2020-03-26,0.2,0.2,5453,2026-04-08T03:26:19.64473+00:00,0.0,0.0,0.0,0.0,0.2,0.2,0.2,0.0,0.0,0.0,-0.00019648805522581858,9.096727858078362e-05,-0.0002874553338066022,1437.45
119181,RTBRISCOE,2020-03-27,0.2,0.2,1000,2026-04-08T03:26:21.968693+00:00,0.0,0.0,0.0,0.0,0.2,0.2,0.2,0.0,0.0,0.0,-0.00018198980617584182,8.43724221046083e-05,-0.0002663622282804501,1487.45
119284,RTBRISCOE,2020-03-30,0.2,0.2,0,2026-04-08T03:26:26.43282+00:00,0.0,0.0,0.0,0.0,0.2,0.2,0.2,0.0,0.0,0.0,-0.00016855682123723126,7.824432563457512e-05,-0.0002468011468718064,1487.45
119387,RTBRISCOE,2020-03-31,0.2,0.2,0,2026-04-08T03:26:28.926506+00:00,0.0,0.0,0.0,0.0,0.2,0.2,0.2,0.0,0.0,0.0,-0.00015611152738234657,7.255169559156784e-05,-0.0002286632229739144,911.65
119490,RTBRISCOE,2020-04-01,0.2,0.2,0,2026-04-08T03:26:31.173614+00:00,0.0,0.0,0.0,0.0,0.2,0.2,0.2,0.0,0.0,0.0,-0.00014458189228372387,6.726506455215247e-05,-0.00021184695683587634,906.65
119593,RTBRISCOE,2020-04-02,0.2,0.2,0,2026-04-08T03:26:33.480235+00:00,0.0,0.0,0.0,0.0,0.2,0.2,0.2,0.0,0.0,0.0,-0.00013390104549951265,6.235672906909094e-05,-0.0001962577745686036,906.65
119696,RTBRISCOE,2020-04-03,0.2,0.2,0,2026-04-08T03:26:35.777807+00:00,0.0,0.0,0.0,0.0,0.2,0.2,0.2,0.0,0.0,0.0,-0.00012400692285660653,5.7800681369597675e-05,-0.0001818076042262042,646.65
119799,RTBRISCOE,2020-04-06,0.2,0.2,0,2026-04-08T03:26:40.135575+00:00,0.0,0.0,0.0,0.0,0.2,0.2,0.2,0.0,0.0,0.0,-0.00011484193306107726,5.3572536932101585e-05,-0.00016841446999317885,646.65
119902,RTBRISCOE,2020-04-07,0.2,0.2,0,2026-04-08T03:26:42.376644+00:00,0.0,0.0,0.0,0.0,0.2,0.2,0.2,0.0,0.0,0.0,-0.00010635264552258383,4.964945957647602e-05,-0.00015600210509905985,646.65
120005,RTBRISCOE,2020-04-08,0.2,0.2,100000,2026-04-08T03:26:44.690105+00:00,0.0,0.0,0.0,0.0,0.2,0.2,0.2,0.0,0.0,0.0,-9.848949835683518e-05,4.601008539377975e-05,-0.00014449958375061493,5646.65
120108,RTBRISCOE,2020-04-09,0.2,0.2,0,2026-04-08T03:26:47.020639+00:00,0.0,0.0,0.0,0.0,0.2,0.2,0.2,0.0,0.0,0.0,-9.120652552491171e-05,4.2634446580562595e-05,-0.0001338409721054743,5646.65
120211,RTBRISCOE,2020-04-14,0.2,0.2,0,2026-04-08T03:26:53.304016+00:00,0.0,0.0,0.0,0.0,0.2,0.2,0.2,0.0,0.0,0.0,-8.446110207510626e-05,3.950389602429445e-05,-0.00012396499809940072,5646.65
120314,RTBRISCOE,2020-04-15,0.2,0.2,0,2026-04-08T03:26:55.643286+00:00,0.0,0.0,0.0,0.0,0.2,0.2,0.2,0.0,0.0,0.0,-7.821370647112524e-05,3.6601033302620384e-05,-0.00011481473977374563,5646.65
120417,RTBRISCOE,2020-04-16,0.2,0.2,0,2026-04-08T03:26:58.005731+00:00,0.0,0.0,0.0,0.0,0.2,0.2,0.2,0.0,0.0,0.0,-7.242769901535939e-05,3.390963260670899e-05,-0.00010633733162206838,5646.65
120520,RTBRISCOE,2020-04-17,0.2,0.2,0,2026-04-08T03:27:00.196144+00:00,0.0,0.0,0.0,0.0,0.2,0.2,0.2,0.0,0.0,0.0,-6.706911540738103e-05,3.141457297174989e-05,-9.848368837913092e-05,5646.65
120623,RTBRISCOE,2020-04-20,0.2,0.2,200000,2026-04-08T03:27:04.902814+00:00,0.0,0.0,0.0,0.0,0.2,0.2,0.2,0.0,0.0,0.0,-6.210647451329598e-05,2.9101771092667953e-05,-9.120824560596394e-05,15646.65
120726,RTBRISCOE,2020-04-21,0.2,0.2,0,2026-04-08T03:27:07.124699+00:00,0.0,0.0,0.0,0.0,0.2,0.2,0.2,0.0,0.0,0.0,-5.7510599459353884e-05,2.6958116917288048e-05,-8.446871637664193e-05,15646.65
120829,RTBRISCOE,2020-04-22,0.2,0.2,200000,2026-04-08T03:27:09.50407+00:00,0.0,0.0,0.0,0.0,0.2,0.2,0.2,0.0,0.0,0.0,-5.325445120391015e-05,2.4971412138185425e-05,-7.822586334209557e-05,25322.65
120932,RTBRISCOE,2020-04-23,0.2,0.2,0,2026-04-08T03:27:11.732195+00:00,0.0,0.0,0.0,0.0,0.2,0.2,0.2,0.0,0.0,0.0,-4.9312973782050795e-05,2.313031164803582e-05,-7.244328543008661e-05,25322.65
121035,RTBRISCOE,2020-04-24,0.2,0.2,0,2026-04-08T03:27:14.133022+00:00,0.0,0.0,0.0,0.0,0.2,0.2,0.2,0.0,0.0,0.0,-4.56629504597128e-05,2.142426797629906e-05,-6.708721843601186e-05,25322.65
121138,RTBRISCOE,2020-04-27,0.2,0.2,0,2026-04-08T03:27:18.376911+00:00,0.0,0.0,0.0,0.0,0.2,0.2,0.2,0.0,0.0,0.0,-4.2282870073739875e-05,1.9843478689817595e-05,-6.212634876355747e-05,25050.0
121241,RTBRISCOE,2020-04-28,0.2,0.2,0,2026-04-08T03:27:20.70836+00:00,0.0,0.0,0.0,0.0,0.2,0.2,0.2,0.0,0.0,0.0,-3.91528028758914e-05,1.837883671013286e-05,-5.753163958602426e-05,25000.0
121344,RTBRISCOE,2020-04-29,0.2,0.2,0,2026-04-08T03:27:23.099969+00:00,0.0,0.0,0.0,0.0,0.2,0.2,0.2,0.0,0.0,0.0,-3.6254285237957706e-05,1.7021883478453242e-05,-5.327616871641095e-05,25000.0
121447,RTBRISCOE,2020-04-30,0.2,0.2,0,2026-04-08T03:27:25.479794+00:00,0.0,0.0,0.0,0.0,0.2,0.2,0.2,0.0,0.0,0.0,-3.35702126129378e-05,1.576476488277852e-05,-4.933497749571632e-05,25000.0
121550,RTBRISCOE,2020-05-04,0.2,0.2,0,2026-04-08T03:27:30.67652+00:00,0.0,0.0,0.0,0.0,0.2,0.2,0.2,0.0,0.0,0.0,-3.108474018465035e-05,1.460018984885278e-05,-4.568493003350313e-05,25000.0
121653,RTBRISCOE,2020-05-05,0.2,0.2,0,2026-04-08T03:27:32.997372+00:00,0.0,0.0,0.0,0.0,0.2,0.2,0.2,0.0,0.0,0.0,-2.8783190673203896e-05,1.352139148823939e-05,-4.2304582161443286e-05,25000.0
121756,RTBRISCOE,2020-05-06,0.2,0.2,0,2026-04-08T03:27:35.368243+00:00,0.0,0.0,0.0,0.0,0.2,0.2,0.2,0.0,0.0,0.0,-2.6651968797586356e-05,1.2522090691085548e-05,-3.9174059488671904e-05,25000.0
121859,RTBRISCOE,2020-05-07,0.2,0.2,0,2026-04-08T03:27:37.70358+00:00,0.0,0.0,0.0,0.0,0.2,0.2,0.2,0.0,0.0,0.0,-2.4678481928663842e-05,1.1596462048006452e-05,-3.6274943976670294e-05,25000.0
121962,RTBRISCOE,2020-05-08,0.2,0.2,0,2026-04-08T03:27:39.945267+00:00,0.0,0.0,0.0,0.0,0.2,0.2,0.2,0.0,0.0,0.0,-2.2851066496576422e-05,1.0739101984075095e-05,-3.359016848065152e-05,25000.0
122065,RTBRISCOE,2020-05-11,0.2,0.2,1119,2026-04-08T03:27:44.543581+00:00,0.0,0.0,0.0,0.0,0.2,0.2,0.2,0.0,0.0,0.0,-2.1158919744967974e-05,9.944998988546832e-06,-3.1103918733514806e-05,20055.95
122168,RTBRISCOE,2020-05-12,0.2,0.2,100000,2026-04-08T03:27:46.988848+00:00,0.0,0.0,0.0,0.0,0.2,0.2,0.2,0.0,0.0,0.0,-1.9592036452464878e-05,9.209505824839946e-06,-2.8801542277304825e-05,25055.95
122271,RTBRISCOE,2020-05-13,0.2,0.2,0,2026-04-08T03:27:49.292243+00:00,0.0,0.0,0.0,0.0,0.2,0.2,0.2,0.0,0.0,0.0,-1.81411502665485e-05,8.528313608605061e-06,-2.6669463875153562e-05,25055.95
122374,RTBRISCOE,2020-05-14,0.2,0.2,0,2026-04-08T03:27:51.592074+00:00,0.0,0.0,0.0,0.0,0.2,0.2,0.2,0.0,0.0,0.0,-1.6797679320168513e-05,7.89742764398804e-06,-2.4695106964156553e-05,25055.95
122477,RTBRISCOE,2020-05-19,0.2,0.2,0,2026-04-08T03:27:58.031425+00:00,0.0,0.0,0.0,0.0,0.2,0.2,0.2,0.0,0.0,0.0,-1.5553675822899127e-05,7.3131449130059446e-06,-2.286682073590507e-05,25055.95
122580,RTBRISCOE,2020-05-20,0.2,0.2,0,2026-04-08T03:28:00.412443+00:00,0.0,0.0,0.0,0.0,0.2,0.2,0.2,0.0,0.0,0.0,-1.4401779341310927e-05,6.7720331156753145e-06,-2.1173812456986242e-05,25055.95
122683,RTBRISCOE,2020-05-21,0.2,0.2,0,2026-04-08T03:28:02.829603+00:00,0.0,0.0,0.0,0.0,0.2,0.2,0.2,0.0,0.0,0.0,-1.333517350141089e-05,6.270911164460281e-06,-1.960608466587117e-05,15055.95
122786,RTBRISCOE,2020-05-27,0.2,0.2,0,2026-04-08T03:28:10.17932+00:00,0.0,0.0,0.0,0.0,0.2,0.2,0.2,0.0,0.0,0.0,-1.234754586615372e-05,5.806831039773965e-06,-1.8154376905927685e-05,15055.95
122889,RTBRISCOE,2020-05-28,0.2,0.2,0,2026-04-08T03:28:12.484321+00:00,0.0,0.0,0.0,0.0,0.2,0.2,0.2,0.0,0.0,0.0,-1.1433050757431173e-05,5.377060918797211e-06,-1.6810111676228384e-05,5055.95
122992,RTBRISCOE,2020-05-29,0.2,0.2,0,2026-04-08T03:28:14.796152+00:00,0.0,0.0,0.0,0.0,0.2,0.2,0.2,0.0,0.0,0.0,-1.0586274808904728e-05,4.9790694938589275e-06,-1.5565344302763655e-05,5055.95
123095,RTBRISCOE,2020-06-02,0.2,0.2,0,2026-04-08T03:28:20.224588+00:00,0.0,0.0,0.0,0.0,0.2,0.2,0.2,0.0,0.0,0.0,-9.802205050840618e-06,4.610511401538431e-06,-1.4412716452379049e-05,5055.95
123198,RTBRISCOE,2020-06-03,0.2,0.2,0,2026-04-08T03:28:22.45251+00:00,0.0,0.0,0.0,0.0,0.2,0.2,0.2,0.0,0.0,0.0,-9.076199342372693e-06,4.269213688005085e-06,-1.3345413030377778e-05,5055.95
123301,RTBRISCOE,2020-06-04,0.2,0.2,0,2026-04-08T03:28:24.742978+00:00,0.0,0.0,0.0,0.0,0.2,0.2,0.2,0.0,0.0,0.0,-8.403958979996684e-06,3.953163240304875e-06,-1.235712222030156e-05,5055.95
123404,RTBRISCOE,2020-06-05,0.2,0.2,0,2026-04-08T03:28:26.997708+00:00,0.0,0.0,0.0,0.0,0.2,0.2,0.2,0.0,0.0,0.0,-7.781503323062156e-06,3.6604951177915234e-06,-1.1441998440853679e-05,5055.95
123507,RTBRISCOE,2020-06-08,0.2,0.2,0,2026-04-08T03:28:31.360755+00:00,0.0,0.0,0.0,0.0,0.2,0.2,0.2,0.0,0.0,0.0,-7.20514628904656e-06,3.3894817214456947e-06,-1.0594628010492255e-05,5055.95
123610,RTBRISCOE,2020-06-09,0.2,0.2,0,2026-04-08T03:28:33.545964+00:00,0.0,0.0,0.0,0.0,0.2,0.2,0.2,0.0,0.0,0.0,-6.671474581027015e-06,3.1385227435721933e-06,-9.809997324599208e-06,5055.95
123713,RTBRISCOE,2020-06-10,0.2,0.2,0,2026-04-08T03:28:35.856379+00:00,0.0,0.0,0.0,0.0,0.2,0.2,0.2,0.0,0.0,0.0,-6.177327521117437e-06,2.9061358427854174e-06,-9.083463363902855e-06,5055.95
123816,RTBRISCOE,2020-06-11,0.2,0.2,0,2026-04-08T03:28:38.052531+00:00,0.0,0.0,0.0,0.0,0.2,0.2,0.2,0.0,0.0,0.0,-5.7197783713547334e-06,2.690947994038497e-06,-8.41072636539323e-06,5055.95
123919,RTBRISCOE,2020-06-15,0.2,0.2,0,2026-04-08T03:28:43.437023+00:00,0.0,0.0,0.0,0.0,0.2,0.2,0.2,0.0,0.0,0.0,-5.296117033287695e-06,2.491687465684428e-06,-7.787804498972123e-06,5055.95
124022,RTBRISCOE,2020-06-16,0.2,0.2,0,2026-04-08T03:28:45.961134+00:00,0.0,0.0,0.0,0.0,0.2,0.2,0.2,0.0,0.0,0.0,-4.9038340244333956e-06,2.3071763796309825e-06,-7.211010404064378e-06,5055.95
124125,RTBRISCOE,2020-06-17,0.2,0.2,0,2026-04-08T03:28:48.324213+00:00,0.0,0.0,0.0,0.0,0.2,0.2,0.2,0.0,0.0,0.0,-4.540605638314599e-06,2.1363238125998244e-06,-6.676929450914423e-06,5000.0
124228,RTBRISCOE,2020-06-18,0.2,0.2,0,2026-04-08T03:28:50.696546+00:00,0.0,0.0,0.0,0.0,0.2,0.2,0.2,0.0,0.0,0.0,-4.204280200315047e-06,1.9781194004795018e-06,-6.182399600794549e-06,0.0
124331,RTBRISCOE,2020-06-19,0.2,0.2,508,2026-04-08T03:28:53.406809+00:00,0.0,0.0,0.0,0.0,0.2,0.2,0.2,0.0,0.0,0.0,-3.892865339194529e-06,1.8316274092800166e-06,-5.7244927484745455e-06,25.4
124434,RTBRISCOE,2020-06-22,0.2,0.2,7950,2026-04-08T03:28:57.922359+00:00,0.0,0.0,0.0,0.0,0.2,0.2,0.2,0.0,0.0,0.0,-3.6045161991293817e-06,1.6959812394761314e-06,-5.300497438605513e-06,422.9
124537,RTBRISCOE,2020-06-23,0.2,0.2,7000,2026-04-08T03:29:00.283028+00:00,0.0,0.0,0.0,0.0,0.2,0.2,0.2,0.0,0.0,0.0,-3.337524523028268e-06,1.5703783324617964e-06,-4.907902855490064e-06,772.9
124640,RTBRISCOE,2020-06-24,0.2,0.2,0,2026-04-08T03:29:02.79982+00:00,0.0,0.0,0.0,0.0,0.2,0.2,0.2,0.0,0.0,0.0,-3.0903085428968247e-06,1.4540754500745921e-06,-4.544383992971417e-06,772.9
124743,RTBRISCOE,2020-06-25,0.2,0.2,10000,2026-04-08T03:29:05.076463+00:00,0.0,0.0,0.0,0.0,0.2,0.2,0.2,0.0,0.0,0.0,-2.8614036178264968e-06,1.3463843001159365e-06,-4.207787917942433e-06,1272.9
124846,RTBRISCOE,2020-06-26,0.2,0.2,0,2026-04-08T03:29:07.48598+00:00,0.0,0.0,0.0,0.0,0.2,0.2,0.2,0.0,0.0,0.0,-2.649453564068649e-06,1.2466674830990276e-06,-3.896121047167677e-06,1272.9
124949,RTBRISCOE,2020-06-29,0.2,0.2,332960,2026-04-08T03:29:11.968016+00:00,0.0,0.0,0.0,0.0,0.2,0.2,0.2,0.0,0.0,0.0,-2.4532026266232965e-06,1.154334736435504e-06,-3.6075373630588005e-06,17920.9
125052,RTBRISCOE,2020-06-30,0.2,0.2,0,2026-04-08T03:29:14.28255+00:00,0.0,0.0,0.0,0.0,0.2,0.2,0.2,0.0,0.0,0.0,-2.2714880445751096e-06,1.068839454786953e-06,-3.3403274993620625e-06,17920.9
125155,RTBRISCOE,2020-07-01,0.2,0.2,0,2026-04-08T03:29:16.703757+00:00,0.0,0.0,0.0,0.0,0.2,0.2,0.2,0.0,0.0,0.0,-2.103233166378393e-06,9.896754663869354e-07,-3.0929086327653286e-06,17920.9
125258,RTBRISCOE,2020-07-02,0.2,0.2,0,2026-04-08T03:29:19.127663+00:00,0.0,0.0,0.0,0.0,0.2,0.2,0.2,0.0,0.0,0.0,-1.9474410747066795e-06,9.163740464469195e-07,-2.863815121153599e-06,17920.9
125361,RTBRISCOE,2020-07-03,0.2,0.2,0,2026-04-08T03:29:21.544735+00:00,0.0,0.0,0.0,0.0,0.2,0.2,0.2,0.0,0.0,0.0,-1.8031886829805721e-06,8.485011505384217e-07,-2.651689833518994e-06,17920.9
125464,RTBRISCOE,2020-07-07,0.2,0.2,3429,2026-04-08T03:29:27.331532+00:00,0.0,0.0,0.0,0.0,0.2,0.2,0.2,0.0,0.0,0.0,-1.6696212685463063e-06,7.856548519781504e-07,-2.4552761205244568e-06,18092.35
125567,RTBRISCOE,2020-07-08,0.2,0.2,154000,2026-04-08T03:29:29.768744+00:00,0.0,0.0,0.0,0.0,0.2,0.2,0.2,0.0,0.0,0.0,-1.545947410891424e-06,7.274629677064266e-07,-2.2734103785978505e-06,25792.35
125670,RTBRISCOE,2020-07-09,0.2,0.2,12692,2026-04-08T03:29:32.143692+00:00,0.0,0.0,0.0,0.0,0.2,0.2,0.2,0.0,0.0,0.0,-1.4314343040333632e-06,6.735808596515897e-07,-2.105015163684953e-06,26426.95
125773,RTBRISCOE,2020-07-10,0.2,0.2,0,2026-04-08T03:29:34.521297+00:00,0.0,0.0,0.0,0.0,0.2,0.2,0.2,0.0,0.0,0.0,-1.3254034162690775e-06,6.236893979327006e-07,-1.949092814201778e-06,26426.95
125876,RTBRISCOE,2020-07-13,0.2,0.2,0,2026-04-08T03:29:39.007126+00:00,0.0,0.0,0.0,0.0,0.2,0.2,0.2,0.0,0.0,0.0,-1.227226470973397e-06,5.774930745827049e-07,-1.804719545556102e-06,26426.95
125979,RTBRISCOE,2020-07-14,0.2,0.2,0,2026-04-08T03:29:41.304989+00:00,0.0,0.0,0.0,0.0,0.2,0.2,0.2,0.0,0.0,0.0,-1.1363217250204283e-06,5.347182564285393e-07,-1.6710399814489675e-06,26426.95
126082,RTBRISCOE,2020-07-15,0.2,0.2,0,2026-04-08T03:29:43.708156+00:00,0.0,0.0,0.0,0.0,0.2,0.2,0.2,0.0,0.0,0.0,-1.052150522595774e-06,4.951115670825551e-07,-1.547262089678329e-06,26426.95
126185,RTBRISCOE,2020-07-16,0.2,0.2,0,2026-04-08T03:29:45.979708+00:00,0.0,0.0,0.0,0.0,0.2,0.2,0.2,0.0,0.0,0.0,-9.742141044988273e-07,4.5843838814360157e-07,-1.4326524926424289e-06,26426.95
126288,RTBRISCOE,2020-07-17,0.2,0.2,0,2026-04-08T03:29:48.357101+00:00,0.0,0.0,0.0,0.0,0.2,0.2,0.2,0.0,0.0,0.0,-9.020506532564365e-07,4.24481471508794e-07,-1.3265321247652305e-06,26426.95
126391,RTBRISCOE,2020-07-20,0.2,0.2,0,2026-04-08T03:29:52.723074+00:00,0.0,0.0,0.0,0.0,0.2,0.2,0.2,0.0,0.0,0.0,-8.352325572280606e-07,3.930396540297359e-07,-1.2282722112577964e-06,26401.55
126494,RTBRISCOE,2020-07-21,0.2,0.2,0,2026-04-08T03:29:55.035926+00:00,0.0,0.0,0.0,0.0,0.2,0.2,0.2,0.0,0.0,0.0,-7.733638773266271e-07,3.6392666714493547e-07,-1.1372905444715626e-06,26004.05
126597,RTBRISCOE,2020-07-23,0.2,0.2,0,2026-04-08T03:29:58.238067+00:00,0.0,0.0,0.0,0.0,0.2,0.2,0.2,0.0,0.0,0.0,-7.160780013115708e-07,3.369700345279936e-07,-1.0530480358395644e-06,25654.05
126700,RTBRISCOE,2020-07-24,0.2,0.2,0,2026-04-08T03:30:00.541513+00:00,0.0,0.0,0.0,0.0,0.2,0.2,0.2,0.0,0.0,0.0,-6.630354716374853e-07,3.1201005136166345e-07,-9.750455229991488e-07,25654.05
126803,RTBRISCOE,2020-07-27,0.2,0.2,0,2026-04-08T03:30:04.748878+00:00,0.0,0.0,0.0,0.0,0.2,0.2,0.2,0.0,0.0,0.0,-6.13921974368381e-07,2.8889883890461427e-07,-9.028208132729953e-07,25154.05
126906,RTBRISCOE,2020-07-28,0.2,0.2,0,2026-04-08T03:30:07.286947+00:00,0.0,0.0,0.0,0.0,0.2,0.2,0.2,0.0,0.0,0.0,-5.684464768063169e-07,2.674994691733427e-07,-8.359459459796596e-07,25154.05
127009,RTBRISCOE,2020-07-29,0.2,0.2,0,2026-04-08T03:30:09.725653+00:00,0.0,0.0,0.0,0.0,0.2,0.2,0.2,0.0,0.0,0.0,-5.263395031762652e-07,2.476851542427155e-07,-7.740246574189807e-07,8506.05
127112,RTBRISCOE,2020-08-03,0.2,0.2,0,2026-04-08T03:30:16.711714+00:00,0.0,0.0,0.0,0.0,0.2,0.2,0.2,0.0,0.0,0.0,-4.873515380698912e-07,2.2933849547927174e-07,-7.166900335491629e-07,8506.05
127215,RTBRISCOE,2020-08-04,0.2,0.2,1200,2026-04-08T03:30:19.026905+00:00,0.0,0.0,0.0,0.0,0.2,0.2,0.2,0.0,0.0,0.0,-4.5125154787828414e-07,2.1235078853670302e-07,-6.636023364149872e-07,8566.05
127318,RTBRISCOE,2020-08-05,0.2,0.2,2586,2026-04-08T03:30:21.509999+00:00,0.0,0.0,0.0,0.0,0.2,0.2,0.2,0.0,0.0,0.0,-4.178256119979906e-07,1.966213795335972e-07,-6.144469915315878e-07,8695.35
127421,RTBRISCOE,2020-08-06,0.2,0.2,60584,2026-04-08T03:30:23.823287+00:00,0.0,0.0,0.0,0.0,0.2,0.2,0.2,0.0,0.0,0.0,-3.868756552616315e-07,1.8205706901596513e-07,-5.689327242775966e-07,11724.55
127524,RTBRISCOE,2020-08-07,0.2,0.2,1000,2026-04-08T03:30:26.221973+00:00,0.0,0.0,0.0,0.0,0.2,0.2,0.2,0.0,0.0,0.0,-3.5821827429338704e-07,1.685715599873677e-07,-5.267898342807547e-07,11603.1
127627,RTBRISCOE,2020-08-10,0.2,0.2,0,2026-04-08T03:30:31.080726+00:00,0.0,0.0,0.0,0.0,0.2,0.2,0.2,0.0,0.0,0.0,-3.3168365071167827e-07,1.5608494685526124e-07,-4.877685975669395e-07,3903.1
127730,RTBRISCOE,2020-08-11,0.2,0.2,0,2026-04-08T03:30:33.557314+00:00,0.0,0.0,0.0,0.0,0.2,0.2,0.2,0.0,0.0,0.0,-3.0711454504506186e-07,1.4452324201750212e-07,-4.51637787062564e-07,3268.5
127833,RTBRISCOE,2020-08-12,0.2,0.2,0,2026-04-08T03:30:35.989363+00:00,0.0,0.0,0.0,0.0,0.2,0.2,0.2,0.0,0.0,0.0,-2.843653648942901e-07,1.3381793773461913e-07,-4.181833026289092e-07,3268.5
127936,RTBRISCOE,2020-08-13,0.2,0.2,0,2026-04-08T03:30:38.402702+00:00,0.0,0.0,0.0,0.0,0.2,0.2,0.2,0.0,0.0,0.0,-2.63301302205754e-07,1.239056003385242e-07,-3.872069025442782e-07,3268.5
128039,RTBRISCOE,2020-08-14,0.2,0.2,0,2026-04-08T03:30:40.738296+00:00,0.0,0.0,0.0,0.0,0.2,0.2,0.2,0.0,0.0,0.0,-2.4379753454928377e-07,1.1472749439599556e-07,-3.5852502894527933e-07,3268.5
128142,RTBRISCOE,2020-08-17,0.2,0.2,0,2026-04-08T03:30:45.179846+00:00,0.0,0.0,0.0,0.0,0.2,0.2,0.2,0.0,0.0,0.0,-2.2573848543205877e-07,1.0622923481057648e-07,-3.3196772024263525e-07,3268.5
128245,RTBRISCOE,2020-08-18,0.2,0.2,0,2026-04-08T03:30:47.750292+00:00,0.0,0.0,0.0,0.0,0.2,0.2,0.2,0.0,0.0,0.0,-2.0901713942977906e-07,9.836046465028496e-08,-3.07377604080064e-07,3268.5
128348,RTBRISCOE,2020-08-19,0.2,0.2,0,2026-04-08T03:30:50.260611+00:00,0.0,0.0,0.0,0.0,0.2,0.2,0.2,0.0,0.0,0.0,-1.9353440805502942e-07,9.107455682002773e-08,-2.8460896487505714e-07,3268.5
128451,RTBRISCOE,2020-08-20,0.2,0.2,0,2026-04-08T03:30:52.728097+00:00,0.0,0.0,0.0,0.0,0.2,0.2,0.2,0.0,0.0,0.0,-1.7919854264358825e-07,8.432833778517515e-08,-2.635268804287634e-07,3268.5
128554,RTBRISCOE,2020-08-21,0.2,0.2,0,2026-04-08T03:30:55.129893+00:00,0.0,0.0,0.0,0.0,0.2,0.2,0.2,0.0,0.0,0.0,-1.6592459062270137e-07,7.808183184484966e-08,-2.4400642246755103e-07,3268.5
128657,RTBRISCOE,2020-08-24,0.2,0.2,0,2026-04-08T03:30:59.50528+00:00,0.0,0.0,0.0,0.0,0.2,0.2,0.2,0.0,0.0,0.0,-1.5363389213596257e-07,7.229802426527077e-08,-2.2593191640123334e-07,3268.5
128760,RTBRISCOE,2020-08-25,0.2,0.2,29712,2026-04-08T03:31:01.97181+00:00,0.0,0.0,0.0,0.0,0.2,0.2,0.2,0.0,0.0,0.0,-1.4225361394393232e-07,6.694264196584085e-08,-2.0919625590977317e-07,4754.1
128863,RTBRISCOE,2020-08-26,0.2,0.2,0,2026-04-08T03:31:04.340397+00:00,0.0,0.0,0.0,0.0,0.2,0.2,0.2,0.0,0.0,0.0,-1.3171631776942583e-07,6.198395051227786e-08,-1.937002682817037e-07,4754.1
128966,RTBRISCOE,2020-08-27,0.2,0.2,0,2026-04-08T03:31:06.825032+00:00,0.0,0.0,0.0,0.0,0.2,0.2,0.2,0.0,0.0,0.0,-1.2195956070049085e-07,5.739256606497029e-08,-1.7935212676546114e-07,4754.1
129069,RTBRISCOE,2020-08-28,0.2,0.2,5000,2026-04-08T03:31:10.050623+00:00,0.0,0.0,0.0,0.0,0.2,0.2,0.2,0.0,0.0,0.0,-1.1292552529185151e-07,5.314128117888772e-08,-1.6606680647073923e-07,5004.1
129172,RTBRISCOE,2020-08-31,0.2,0.2,5000,2026-04-08T03:31:14.574397+00:00,0.0,0.0,0.0,0.0,0.2,0.2,0.2,0.0,0.0,0.0,-1.0456067675579384e-07,4.920490377195633e-08,-1.5376558052775016e-07,5254.1
129275,RTBRISCOE,2020-09-01,0.2,0.2,0,2026-04-08T03:31:16.859057+00:00,0.0,0.0,0.0,0.0,0.2,0.2,0.2,0.0,0.0,0.0,-9.68154457992032e-08,4.5560107782837574e-08,-1.4237555358204078e-07,5194.1
129378,RTBRISCOE,2020-09-02,0.2,0.2,0,2026-04-08T03:31:19.223829+00:00,0.0,0.0,0.0,0.0,0.2,0.2,0.2,0.0,0.0,0.0,-8.964393496957435e-08,4.2185294889973135e-08,-1.3182922985954748e-07,5064.8
129481,RTBRISCOE,2020-09-03,0.2,0.2,0,2026-04-08T03:31:21.580357+00:00,0.0,0.0,0.0,0.0,0.2,0.2,0.2,0.0,0.0,0.0,-8.300364662261472e-08,3.906046658954621e-08,-1.2206411321216093e-07,2035.6
129584,RTBRISCOE,2020-09-04,0.2,0.2,0,2026-04-08T03:31:24.095323+00:00,0.0,0.0,0.0,0.0,0.2,0.2,0.2,0.0,0.0,0.0,-7.685523098488467e-08,3.6167105781821025e-08,-1.130223367667057e-07,1985.6
129687,RTBRISCOE,2020-09-07,0.2,0.2,0,2026-04-08T03:31:29.028072+00:00,0.0,0.0,0.0,0.0,0.2,0.2,0.2,0.0,0.0,0.0,-7.11622531457401e-08,3.3488066896772485e-08,-1.0465032004251258e-07,1985.6
129790,RTBRISCOE,2020-09-08,0.2,0.2,0,2026-04-08T03:31:31.696694+00:00,0.0,0.0,0.0,0.0,0.2,0.2,0.2,0.0,0.0,0.0,-6.589097703568747e-08,3.1007474405460093e-08,-9.689845144114756e-08,1985.6
129893,RTBRISCOE,2020-09-09,0.2,0.2,0,2026-04-08T03:31:34.222499+00:00,0.0,0.0,0.0,0.0,0.2,0.2,0.2,0.0,0.0,0.0,-6.101016553072824e-08,2.8710628728335466e-08,-8.972079425906371e-08,1985.6
129996,RTBRISCOE,2020-09-10,0.2,0.2,0,2026-04-08T03:31:36.666154+00:00,0.0,0.0,0.0,0.0,0.2,0.2,0.2,0.0,0.0,0.0,-5.649089537818064e-08,2.658391910470646e-08,-8.30748144828871e-08,1985.6
130099,RTBRISCOE,2020-09-11,0.2,0.2,0,2026-04-08T03:31:39.224755+00:00,0.0,0.0,0.0,0.0,0.2,0.2,0.2,0.0,0.0,0.0,-5.230638575048907e-08,2.4614742985918428e-08,-7.69211287364075e-08,1985.6
130202,RTBRISCOE,2020-09-14,0.2,0.2,0,2026-04-08T03:31:43.669625+00:00,0.0,0.0,0.0,0.0,0.2,0.2,0.2,0.0,0.0,0.0,-4.843183964986508e-08,2.2791431269233933e-08,-7.122327091909902e-08,1985.6
130305,RTBRISCOE,2020-09-15,0.2,0.2,0,2026-04-08T03:31:46.096824+00:00,0.0,0.0,0.0,0.0,0.2,0.2,0.2,0.0,0.0,0.0,-4.484429677598101e-08,2.11031793144944e-08,-6.594747609047541e-08,1985.6
130408,RTBRISCOE,2020-09-16,0.2,0.2,0,2026-04-08T03:31:48.62473+00:00,0.0,0.0,0.0,0.0,0.2,0.2,0.2,0.0,0.0,0.0,-4.15224976901829e-08,1.953998272023401e-08,-6.106248041041691e-08,1985.6
130511,RTBRISCOE,2020-09-17,0.2,0.2,0,2026-04-08T03:31:51.120615+00:00,0.0,0.0,0.0,0.0,0.2,0.2,0.2,0.0,0.0,0.0,-3.8446757694154954e-08,1.809257817300957e-08,-5.6539335867164523e-08,1985.6
130614,RTBRISCOE,2020-09-18,0.2,0.2,0,2026-04-08T03:31:53.500222+00:00,0.0,0.0,0.0,0.0,0.2,0.2,0.2,0.0,0.0,0.0,-3.5598850228746315e-08,1.675238851073457e-08,-5.2351238739480886e-08,1985.6
130717,RTBRISCOE,2020-09-21,0.2,0.2,0,2026-04-08T03:31:57.915353+00:00,0.0,0.0,0.0,0.0,0.2,0.2,0.2,0.0,0.0,0.0,-3.296189876600408e-08,1.5511471978781445e-08,-4.847337074478553e-08,1985.6
130820,RTBRISCOE,2020-09-22,0.2,0.2,0,2026-04-08T03:32:00.361616+00:00,0.0,0.0,0.0,0.0,0.2,0.2,0.2,0.0,0.0,0.0,-3.0520277000123386e-08,1.4362474995729719e-08,-4.4882751995853105e-08,500.0
130923,RTBRISCOE,2020-09-23,0.2,0.2,0,2026-04-08T03:32:02.667296+00:00,0.0,0.0,0.0,0.0,0.2,0.2,0.2,0.0,0.0,0.0,-2.8259516032802523e-08,1.329858877044047e-08,-4.155810480324299e-08,500.0
131026,RTBRISCOE,2020-09-24,0.2,0.2,0,2026-04-08T03:32:05.077899+00:00,0.0,0.0,0.0,0.0,0.2,0.2,0.2,0.0,0.0,0.0,-2.6166218802803343e-08,1.231350880035172e-08,-3.847972760315506e-08,500.0
131129,RTBRISCOE,2020-09-25,0.2,0.2,100,2026-04-08T03:32:07.472813+00:00,0.0,0.0,0.0,0.0,0.2,0.2,0.2,0.0,0.0,0.0,-2.422798059398268e-08,1.1401397607337911e-08,-3.562937820132059e-08,255.0
131232,RTBRISCOE,2020-09-28,0.2,0.2,0,2026-04-08T03:32:12.542607+00:00,0.0,0.0,0.0,0.0,0.2,0.2,0.2,0.0,0.0,0.0,-2.243331553852812e-08,1.055685013023398e-08,-3.29901656687621e-08,5.0
131335,RTBRISCOE,2020-09-29,0.2,0.2,0,2026-04-08T03:32:14.948969+00:00,0.0,0.0,0.0,0.0,0.2,0.2,0.2,0.0,0.0,0.0,-2.0771588615797754e-08,9.774861642371475e-09,-3.054645025816923e-08,5.0
131438,RTBRISCOE,2020-09-30,0.2,0.2,320000,2026-04-08T03:32:17.368144+00:00,0.0,0.0,0.0,0.0,0.2,0.2,0.2,0.0,0.0,0.0,-1.9232952536141212e-08,9.050798177622417e-09,-2.828375071376363e-08,16005.0
131541,RTBRISCOE,2020-10-02,0.2,0.2,0,2026-04-08T03:32:21.009688+00:00,0.0,0.0,0.0,0.0,0.2,0.2,0.2,0.0,0.0,0.0,-1.7808289509702036e-08,8.380368963249277e-09,-2.6188658472951312e-08,16005.0
131644,RTBRISCOE,2020-10-05,0.2,0.2,0,2026-04-08T03:32:25.669514+00:00,0.0,0.0,0.0,0.0,0.2,0.2,0.2,0.0,0.0,0.0,-1.648915703977849e-08,7.759601146538258e-09,-2.424875818631675e-08,16005.0
131747,RTBRISCOE,2020-10-06,0.2,0.2,0,2026-04-08T03:32:28.151061+00:00,0.0,0.0,0.0,0.0,0.2,0.2,0.2,0.0,0.0,0.0,-1.5267738073809767e-08,7.184816090005587e-09,-2.2452554163815354e-08,16005.0
131850,RTBRISCOE,2020-10-07,0.2,0.2,0,2026-04-08T03:32:30.62441+00:00,0.0,0.0,0.0,0.0,0.2,0.2,0.2,0.0,0.0,0.0,-1.4136794596053548e-08,6.652607654209448e-09,-2.0789402250262996e-08,16005.0
131953,RTBRISCOE,2020-10-08,0.2,0.2,46122,2026-04-08T03:32:32.995223+00:00,0.0,0.0,0.0,0.0,0.2,0.2,0.2,0.0,0.0,0.0,-1.3089624689710533e-08,6.159822048441973e-09,-1.9249446738152506e-08,18311.1
132056,RTBRISCOE,2020-10-09,0.2,0.2,100,2026-04-08T03:32:35.453646+00:00,0.0,0.0,0.0,0.0,0.2,0.2,0.2,0.0,0.0,0.0,-1.2120022901962457e-08,5.70353906895204e-09,-1.7823561970914497e-08,18316.1
132159,RTBRISCOE,2020-10-12,0.2,0.2,0,2026-04-08T03:32:39.836845+00:00,0.0,0.0,0.0,0.0,0.2,0.2,0.2,0.0,0.0,0.0,-1.1222243467834403e-08,5.2810548024640755e-09,-1.650329827029848e-08,18316.1
132262,RTBRISCOE,2020-10-13,0.2,0.2,0,2026-04-08T03:32:42.883097+00:00,0.0,0.0,0.0,0.0,0.2,0.2,0.2,0.0,0.0,0.0,-1.0390966198592366e-08,4.889865657364889e-09,-1.5280831855957255e-08,18316.1
132365,RTBRISCOE,2020-10-14,0.2,0.2,0,2026-04-08T03:32:45.313484+00:00,0.0,0.0,0.0,0.0,0.2,0.2,0.2,0.0,0.0,0.0,-9.621265034676085e-09,4.527653457024936e-09,-1.4148918491701021e-08,18316.1
132468,RTBRISCOE,2020-10-15,0.2,0.2,0,2026-04-08T03:32:47.672181+00:00,0.0,0.0,0.0,0.0,0.2,0.2,0.2,0.0,0.0,0.0,-8.908578763566766e-09,4.192271782507404e-09,-1.310085054607417e-08,18316.1
132571,RTBRISCOE,2020-10-16,0.2,0.2,0,2026-04-08T03:32:50.112843+00:00,0.0,0.0,0.0,0.0,0.2,0.2,0.2,0.0,0.0,0.0,-8.248684041367582e-09,3.881733203765272e-09,-1.2130417245132854e-08,18316.1
132674,RTBRISCOE,2020-10-19,0.2,0.2,0,2026-04-08T03:32:54.594352+00:00,0.0,0.0,0.0,0.0,0.2,0.2,0.2,0.0,0.0,0.0,-7.637670412785624e-09,3.5941974658777847e-09,-1.1231867878663409e-08,18316.1
132777,RTBRISCOE,2020-10-20,0.2,0.2,0,2026-04-08T03:32:57.288568+00:00,0.0,0.0,0.0,0.0,0.2,0.2,0.2,0.0,0.0,0.0,-7.071917051959531e-09,3.327960661363104e-09,-1.0399877713322635e-08,18316.1
132880,RTBRISCOE,2020-10-21,0.2,0.2,0,2026-04-08T03:32:59.679627+00:00,0.0,0.0,0.0,0.0,0.2,0.2,0.2,0.0,0.0,0.0,-6.54807136291069e-09,3.0814450803295566e-09,-9.629516443240247e-09,18316.1
132983,RTBRISCOE,2020-10-22,0.2,0.2,0,2026-04-08T03:33:02.194874+00:00,0.0,0.0,0.0,0.0,0.2,0.2,0.2,0.0,0.0,0.0,-6.063029051039948e-09,2.8531899137602406e-09,-8.916218964800188e-09,18316.1
133086,RTBRISCOE,2020-10-23,0.2,0.2,0,2026-04-08T03:33:04.540232+00:00,0.0,0.0,0.0,0.0,0.2,0.2,0.2,0.0,0.0,0.0,-5.6139158044477e-09,2.641842528281991e-09,-8.255758332729691e-09,18316.1
133189,RTBRISCOE,2020-10-26,0.2,0.2,0,2026-04-08T03:33:08.964122+00:00,0.0,0.0,0.0,0.0,0.2,0.2,0.2,0.0,0.0,0.0,-5.198070196499316e-09,2.4461505089843007e-09,-7.644220705483617e-09,18311.1
133292,RTBRISCOE,2020-10-27,0.2,0.2,0,2026-04-08T03:33:12.04516+00:00,0.0,0.0,0.0,0.0,0.2,0.2,0.2,0.0,0.0,0.0,-4.813027948413762e-09,2.264954205655884e-09,-7.077982154069646e-09,18311.1
133395,RTBRISCOE,2020-10-28,0.2,0.2,0,2026-04-08T03:33:14.504918+00:00,0.0,0.0,0.0,0.0,0.2,0.2,0.2,0.0,0.0,0.0,-4.456507357586403e-09,2.0971798371865942e-09,-6.553687194772998e-09,18311.1
133498,RTBRISCOE,2020-10-30,0.2,0.2,0,2026-04-08T03:33:18.13889+00:00,0.0,0.0,0.0,0.0,0.2,0.2,0.2,0.0,0.0,0.0,-4.126395697356955e-09,1.941833197932834e-09,-6.068228895289789e-09,2311.1
133601,RTBRISCOE,2020-11-02,0.2,0.2,0,2026-04-08T03:33:22.589733+00:00,0.0,0.0,0.0,0.0,0.2,0.2,0.2,0.0,0.0,0.0,-3.820736754756027e-09,1.7979937124270109e-09,-5.6187304671830376e-09,2311.1
133704,RTBRISCOE,2020-11-03,0.2,0.2,0,2026-04-08T03:33:24.936567+00:00,0.0,0.0,0.0,0.0,0.2,0.2,0.2,0.0,0.0,0.0,-3.537719200918943e-09,1.6648090130112763e-09,-5.202528213930219e-09,2311.1
133807,RTBRISCOE,2020-11-04,0.2,0.2,0,2026-04-08T03:33:27.402012+00:00,0.0,0.0,0.0,0.0,0.2,0.2,0.2,0.0,0.0,0.0,-3.275665905189129e-09,1.5414898469928727e-09,-4.817155752182002e-09,2311.1
133910,RTBRISCOE,2020-11-05,0.2,0.2,0,2026-04-08T03:33:29.791139+00:00,0.0,0.0,0.0,0.0,0.2,0.2,0.2,0.0,0.0,0.0,-3.0330239708664664e-09,1.4273054250524287e-09,-4.460329395918895e-09,2311.1
134013,RTBRISCOE,2020-11-06,0.2,0.2,50,2026-04-08T03:33:32.190465+00:00,0.0,0.0,0.0,0.0,0.2,0.2,0.2,0.0,0.0,0.0,-2.808355520356187e-09,1.3215791004501666e-09,-4.129934620806354e-09,7.5
134116,RTBRISCOE,2020-11-09,0.2,0.2,0,2026-04-08T03:33:36.944942+00:00,0.0,0.0,0.0,0.0,0.2,0.2,0.2,0.0,0.0,0.0,-2.600329174207161e-09,1.2236843572793542e-09,-3.824013531486515e-09,2.5
134220,RTBRISCOE,2020-11-10,0.2,0.2,0,2026-04-08T03:33:39.328014+00:00,0.0,0.0,0.0,0.0,0.2,0.2,0.2,0.0,0.0,0.0,-2.4077121962839954e-09,1.133041068162016e-09,-3.5407532644460113e-09,2.5
134324,RTBRISCOE,2020-11-11,0.2,0.2,10000,2026-04-08T03:33:41.646704+00:00,0.0,0.0,0.0,0.0,0.2,0.2,0.2,0.0,0.0,0.0,-2.2293631385394974e-09,1.0491121007252113e-09,-3.2784752392647087e-09,502.5
134428,RTBRISCOE,2020-11-12,0.2,0.2,268595,2026-04-08T03:33:44.075825+00:00,0.0,0.0,0.0,0.0,0.2,0.2,0.2,0.0,0.0,0.0,-2.0642251241653753e-09,9.71400092079467e-10,-3.0356252162448424e-09,13932.25
134532,RTBRISCOE,2020-11-13,0.2,0.2,131405,2026-04-08T03:33:46.660663+00:00,0.0,0.0,0.0,0.0,0.2,0.2,0.2,0.0,0.0,0.0,-1.911319547076573e-09,8.994445353346156e-10,-2.8107640824111888e-09,20502.5
134636,RTBRISCOE,2020-11-16,0.2,0.2,4500,2026-04-08T03:33:51.206328+00:00,0.0,0.0,0.0,0.0,0.2,0.2,0.2,0.0,0.0,0.0,-1.7697402987515432e-09,8.328190269277164e-10,-2.6025593256792596e-09,20727.5
134740,RTBRISCOE,2020-11-17,0.2,0.2,0,2026-04-08T03:33:53.594986+00:00,0.0,0.0,0.0,0.0,0.2,0.2,0.2,0.0,0.0,0.0,-1.6386484114061517e-09,7.711287314184865e-10,-2.409777142824638e-09,20727.5
134844,RTBRISCOE,2020-11-18,0.2,0.2,2000,2026-04-08T03:33:56.053488+00:00,0.0,0.0,0.0,0.0,0.2,0.2,0.2,0.0,0.0,0.0,-1.517267034234493e-09,7.140080868721163e-10,-2.231275121106609e-09,20827.5
134948,RTBRISCOE,2020-11-19,0.2,0.2,0,2026-04-08T03:33:58.535588+00:00,0.0,0.0,0.0,0.0,0.2,0.2,0.2,0.0,0.0,0.0,-1.4048768814944879e-09,6.611185916896972e-10,-2.065995473184185e-09,20827.5
135052,RTBRISCOE,2020-11-20,0.2,0.2,0,2026-04-08T03:34:01.033528+00:00,0.0,0.0,0.0,0.0,0.2,0.2,0.2,0.0,0.0,0.0,-1.3008119303936638e-09,6.121468342324172e-10,-1.912958764626081e-09,20827.5
135156,RTBRISCOE,2020-11-23,0.2,0.2,0,2026-04-08T03:34:05.446005+00:00,0.0,0.0,0.0,0.0,0.2,0.2,0.2,0.0,0.0,0.0,-1.2044554797974172e-09,5.668026278629312e-10,-1.7712581076603484e-09,20827.5
135260,RTBRISCOE,2020-11-24,0.2,0.2,0,2026-04-08T03:34:07.827748+00:00,0.0,0.0,0.0,0.0,0.2,0.2,0.2,0.0,0.0,0.0,-1.1152365420041832e-09,5.248172525249322e-10,-1.6400537945291154e-09,20827.5
135364,RTBRISCOE,2020-11-25,0.2,0.2,0,2026-04-08T03:34:10.273596+00:00,0.0,0.0,0.0,0.0,0.2,0.2,0.2,0.0,0.0,0.0,-1.0326264288096354e-09,4.859418925755842e-10,-1.5185683213852196e-09,20827.5
135468,RTBRISCOE,2020-11-26,0.2,0.2,0,2026-04-08T03:34:12.878043+00:00,0.0,0.0,0.0,0.0,0.2,0.2,0.2,0.0,0.0,0.0,-9.561355596154897e-10,4.499462094157842e-10,-1.4060817690312739e-09,20827.5
135572,RTBRISCOE,2020-11-27,0.2,0.2,0,2026-04-08T03:34:15.660625+00:00,0.0,0.0,0.0,0.0,0.2,0.2,0.2,0.0,0.0,0.0,-8.853106858719428e-10,4.1661686652746484e-10,-1.3019275523994077e-09,20827.5
135676,RTBRISCOE,2020-11-30,0.2,0.2,0,2026-04-08T03:34:20.595268+00:00,0.0,0.0,0.0,0.0,0.2,0.2,0.2,0.0,0.0,0.0,-8.197321155201109e-10,3.857563495034375e-10,-1.2054884650235484e-09,20827.5
135780,RTBRISCOE,2020-12-01,0.2,0.2,0,2026-04-08T03:34:22.915781+00:00,0.0,0.0,0.0,0.0,0.2,0.2,0.2,0.0,0.0,0.0,-7.590112149902239e-10,3.571818000266598e-10,-1.1161930150168837e-09,20827.5
135883,RTBRISCOE,2020-12-02,0.2,0.2,0,2026-04-08T03:34:25.200893+00:00,0.0,0.0,0.0,0.0,0.2,0.2,0.2,0.0,0.0,0.0,-7.027881610000009e-10,3.307238832135063e-10,-1.0335120442135072e-09,20827.5
135985,RTBRISCOE,2020-12-03,0.2,0.2,0,2026-04-08T03:34:27.500503+00:00,0.0,0.0,0.0,0.0,0.2,0.2,0.2,0.0,0.0,0.0,-6.507297756197516e-10,3.062258148750045e-10,-9.569555904947561e-10,20827.5
136087,RTBRISCOE,2020-12-04,0.2,0.2,0,2026-04-08T03:34:29.754666+00:00,0.0,0.0,0.0,0.0,0.2,0.2,0.2,0.0,0.0,0.0,-6.025275556265086e-10,2.835424278945981e-10,-8.860699835211067e-10,20825.0
136191,RTBRISCOE,2020-12-07,0.2,0.2,6480,2026-04-08T03:34:34.092506+00:00,0.0,0.0,0.0,0.0,0.2,0.2,0.2,0.0,0.0,0.0,-5.578958683916113e-10,2.6253929210359634e-10,-8.204351604952077e-10,21149.0
136295,RTBRISCOE,2020-12-08,0.2,0.2,0,2026-04-08T03:34:36.413898+00:00,0.0,0.0,0.0,0.0,0.2,0.2,0.2,0.0,0.0,0.0,-5.165702310350184e-10,2.430919435681514e-10,-7.596621746031698e-10,21149.0
136399,RTBRISCOE,2020-12-09,0.2,0.2,0,2026-04-08T03:34:38.741358+00:00,0.0,0.0,0.0,0.0,0.2,0.2,0.2,0.0,0.0,0.0,-4.783057561130732e-10,2.2508513479207733e-10,-7.033908909051506e-10,20649.0
136503,RTBRISCOE,2020-12-10,0.2,0.2,1700,2026-04-08T03:34:41.210459+00:00,0.0,0.0,0.0,0.0,0.2,0.2,0.2,0.0,0.0,0.0,-4.428756805729961e-10,2.0841216826572367e-10,-6.512878488387198e-10,7304.25
136607,RTBRISCOE,2020-12-11,0.2,0.2,0,2026-04-08T03:34:43.516271+00:00,0.0,0.0,0.0,0.0,0.2,0.2,0.2,0.0,0.0,0.0,-4.1007006124083034e-10,1.929742300783115e-10,-6.030442913191418e-10,734.0
136712,RTBRISCOE,2020-12-14,0.2,0.2,11001,2026-04-08T03:34:47.752987+00:00,0.0,0.0,0.0,0.0,0.2,0.2,0.2,0.0,0.0,0.0,-3.7969449806496414e-10,1.7867983460334212e-10,-5.583743326683063e-10,1059.05
136817,RTBRISCOE,2020-12-15,0.2,0.2,0,2026-04-08T03:34:50.014046+00:00,0.0,0.0,0.0,0.0,0.2,0.2,0.2,0.0,0.0,0.0,-3.515689683819545e-10,1.6544429142908136e-10,-5.170132598110359e-10,1059.05
136922,RTBRISCOE,2020-12-16,0.2,0.2,7396,2026-04-08T03:34:52.260784+00:00,0.0,0.0,0.0,0.0,0.2,0.2,0.2,0.0,0.0,0.0,-3.255267999602296e-10,1.5318916788064508e-10,-4.787159678408747e-10,1328.85
137027,RTBRISCOE,2020-12-17,0.2,0.2,0,2026-04-08T03:34:54.700208+00:00,0.0,0.0,0.0,0.0,0.2,0.2,0.2,0.0,0.0,0.0,-3.0141369955494213e-10,1.4184181462874606e-10,-4.432555141836882e-10,1328.85
137132,RTBRISCOE,2020-12-18,0.2,0.2,500,2026-04-08T03:34:57.404383+00:00,0.0,0.0,0.0,0.0,0.2,0.2,0.2,0.0,0.0,0.0,-2.7908675370724723e-10,1.3133500838115278e-10,-4.104217620884e-10,1353.85
137237,RTBRISCOE,2020-12-21,0.2,0.2,300,2026-04-08T03:35:01.74156+00:00,0.0,0.0,0.0,0.0,0.2,0.2,0.2,0.0,0.0,0.0,-2.584136515881852e-10,1.2160648840017188e-10,-3.8002013998835707e-10,1368.85
137342,RTBRISCOE,2020-12-22,0.2,0.2,0,2026-04-08T03:35:04.087051+00:00,0.0,0.0,0.0,0.0,0.2,0.2,0.2,0.0,0.0,0.0,-2.3927188008698863e-10,1.1259860792109475e-10,-3.518704880080834e-10,1368.85
137447,RTBRISCOE,2020-12-23,0.2,0.2,0,2026-04-08T03:35:06.465463+00:00,0.0,0.0,0.0,0.0,0.2,0.2,0.2,0.0,0.0,0.0,-2.215480299216921e-10,1.0425796646911309e-10,-3.258059963908052e-10,1368.85
137552,RTBRISCOE,2020-12-24,0.2,0.2,0,2026-04-08T03:35:08.859517+00:00,0.0,0.0,0.0,0.0,0.2,0.2,0.2,0.0,0.0,0.0,-2.0513704623859041e-10,9.653516012177185e-11,-3.0167220636036227e-10,1368.85
137657,RTBRISCOE,2020-12-29,0.2,0.2,1000,2026-04-08T03:35:15.710612+00:00,0.0,0.0,0.0,0.0,0.2,0.2,0.2,0.0,0.0,0.0,-1.8994170125630205e-10,8.938440408324817e-11,-2.793261053395502e-10,1418.85
137762,RTBRISCOE,2020-12-30,0.2,0.2,0,2026-04-08T03:35:18.332825+00:00,0.0,0.0,0.0,0.0,0.2,0.2,0.2,0.0,0.0,0.0,-1.758719281319543e-10,8.276334176607675e-11,-2.5863526989803104e-10,1418.85
137867,RTBRISCOE,2020-12-31,0.2,0.2,100,2026-04-08T03:35:20.721524+00:00,0.0,0.0,0.0,0.0,0.2,0.2,0.2,0.0,0.0,0.0,-1.628443768719734e-10,7.66327144208461e-11,-2.394770912928195e-10,1423.85
137972,RTBRISCOE,2021-01-04,0.2,0.2,0,2026-04-08T03:35:26.376094+00:00,0.0,0.0,0.0,0.0,0.2,0.2,0.2,0.0,0.0,0.0,-1.5078183146499669e-10,7.095620786225826e-11,-2.2173803932725495e-10,1423.85
138077,RTBRISCOE,2021-01-05,0.2,0.2,100,2026-04-08T03:35:29.033034+00:00,0.0,0.0,0.0,0.0,0.2,0.2,0.2,0.0,0.0,0.0,-1.396127935482383e-10,6.570019662321333e-11,-2.0531299017145163e-10,1428.85
138182,RTBRISCOE,2021-01-06,0.2,0.2,30412,2026-04-08T03:35:31.424152+00:00,0.0,0.0,0.0,0.0,0.2,0.2,0.2,0.0,0.0,0.0,-1.2927109382943058e-10,6.083351707361687e-11,-1.9010461090304745e-10,2949.45
138287,RTBRISCOE,2021-01-07,0.2,0.2,0,2026-04-08T03:35:34.042283+00:00,0.0,0.0,0.0,0.0,0.2,0.2,0.2,0.0,0.0,0.0,-1.1969544799761422e-10,5.6327330324346615e-11,-1.7602277832196084e-10,2625.45
138392,RTBRISCOE,2021-01-08,0.2,0.2,0,2026-04-08T03:35:36.489888+00:00,0.0,0.0,0.0,0.0,0.2,0.2,0.2,0.0,0.0,0.0,-1.1082909590065526e-10,5.215494593704447e-11,-1.6298404183769973e-10,2625.45
138497,RTBRISCOE,2021-01-11,0.2,0.2,0,2026-04-08T03:35:41.134484+00:00,0.0,0.0,0.0,0.0,0.2,0.2,0.2,0.0,0.0,0.0,-1.0261952398948893e-10,4.829161427856864e-11,-1.5091113826805757e-10,2625.45
138602,RTBRISCOE,2021-01-12,0.2,0.2,1000,2026-04-08T03:35:43.444525+00:00,0.0,0.0,0.0,0.0,0.2,0.2,0.2,0.0,0.0,0.0,-9.501807674006102e-11,4.471444922239725e-11,-1.3973252596245827e-10,2590.45
138707,RTBRISCOE,2021-01-13,0.2,0.2,207904,2026-04-08T03:35:45.752573+00:00,0.0,0.0,0.0,0.0,0.2,0.2,0.2,0.0,0.0,0.0,-8.797967909757176e-11,4.140227749190921e-11,-1.2938195658948097e-10,12985.65
138812,RTBRISCOE,2021-01-14,0.2,0.2,491295,2026-04-08T03:35:48.266873+00:00,0.0,0.0,0.0,0.0,0.2,0.2,0.2,0.0,0.0,0.0,-8.146264218744648e-11,3.83354515216276e-11,-1.1979809370907408e-10,37000.35
138917,RTBRISCOE,2021-01-15,0.2,0.2,95714,2026-04-08T03:35:50.536305+00:00,0.0,0.0,0.0,0.0,0.2,0.2,0.2,0.0,0.0,0.0,-7.542835800400383e-11,3.549578856405621e-11,-1.1092414656806004e-10,41786.05
139022,RTBRISCOE,2021-01-18,0.22,0.22,429220,2026-04-08T03:35:55.012207+00:00,9.999999999999986,0.0,0.0,0.0,0.20400000000000001,0.201,0.20040000000000002,2.2360679774997867,1.4142135623730931,99.99999921058634,0.0015954415256005383,0.001276353309219748,0.00031908821638079043,62877.25
139127,RTBRISCOE,2021-01-19,0.22,0.22,1628837,2026-04-08T03:35:57.346792+00:00,0.0,9.999999999999986,0.0,0.0,0.20800000000000002,0.202,0.20079999999999998,2.2360679774997867,1.4142135623730931,99.99999921058635,0.0028272497141490494,0.002006529198214607,0.0008207205159344422,144319.1
139232,RTBRISCOE,2021-01-20,0.22,0.22,11105247,2026-04-08T03:35:59.785195+00:00,0.0,0.0,0.0,0.0,0.21200000000000002,0.203,0.20120000000000002,2.2360679774997867,1.4142135623730931,99.99999921058635,0.0037601222298022097,0.002351521371094214,0.0014086008587079959,699556.45
139337,RTBRISCOE,2021-01-21,0.2,0.2,1615997,2026-04-08T03:36:02.057398+00:00,-9.090909090909083,0.0,0.0,0.0,0.21200000000000002,0.203,0.20120000000000002,3.10011295027781,1.9305709167928522,44.464683106421866,0.002852713263663764,0.0011552899239646146,0.0016974233396991497,780341.3
139442,RTBRISCOE,2021-01-22,0.21,0.21,3000876,2026-04-08T03:36:04.490813+00:00,4.999999999999982,-9.090909090909083,0.0,0.0,0.21400000000000002,0.20350000000000001,0.2014,3.291926010636342,2.055089654887894,57.248834351127414,0.0029069915578440464,0.0009676545745159173,0.001939336983328129,930385.1
139547,RTBRISCOE,2021-01-25,0.2,0.2,124907,2026-04-08T03:36:09.142175+00:00,-4.761904761904756,4.999999999999982,9.999999999999986,0.0,0.21000000000000002,0.20350000000000001,0.2014,3.4811867551303863,2.1679203066321713,45.875912713847406,0.0021186683802605633,0.00014346511754594754,0.0019752032627146157,936630.45
139652,RTBRISCOE,2021-01-26,0.22,0.22,761400,2026-04-08T03:36:11.477526+00:00,9.999999999999986,-4.761904761904756,0.0,0.0,0.21000000000000002,0.2045,0.2018,4.130167430725086,2.586602727717021,62.09474283116399,0.003072333487506962,0.0008777041798338769,0.002194629307673085,974700.45
139757,RTBRISCOE,2021-01-27,0.22,0.22,1595135,2026-04-08T03:36:13.916788+00:00,0.0,9.999999999999986,0.0,0.0,0.21000000000000002,0.20550000000000002,0.20220000000000002,4.130167430725086,2.586602727717021,62.09474283116399,0.0037844946571444216,0.0012718922795770691,0.0025126023775673524,1054407.2
139862,RTBRISCOE,2021-01-28,0.21,0.21,789062,2026-04-08T03:36:16.269205+00:00,-4.545454545454552,0.0,-9.090909090909083,0.0,0.21200000000000002,0.20600000000000002,0.2024,4.284625999021644,2.673031852282757,52.90208492745857,0.0035016067455254096,0.0007912034943664457,0.002710403251158964,1093860.3
139967,RTBRISCOE,2021-01-29,0.21,0.21,597585,2026-04-08T03:36:18.603253+00:00,0.0,-4.545454545454552,4.999999999999982,0.0,0.21200000000000002,0.2065,0.2026,4.284625999021644,2.673031852282757,52.902084927458574,0.0032400665669575224,0.0004237306526388468,0.0028163359143186756,1123734.55
140072,RTBRISCOE,2021-02-01,0.21,0.21,434335,2026-04-08T03:36:23.094546+00:00,0.0,0.0,-4.761904761904756,9.999999999999986,0.21400000000000002,0.20700000000000002,0.2028,4.284625999021644,2.673031852282757,52.90208492745857,0.0029982323351227524,0.00014551713664326133,0.002852715198479491,1145451.3
140177,RTBRISCOE,2021-02-02,0.21,0.21,751645,2026-04-08T03:36:25.523135+00:00,0.0,0.0,9.999999999999986,0.0,0.21200000000000002,0.20750000000000002,0.203,4.284625999021644,2.673031852282757,52.90208492745857,0.0027745931810057856,-6.249761397896436e-05,0.00283709079498475,1183028.55
140282,RTBRISCOE,2021-02-03,0.21,0.21,9816,2026-04-08T03:36:27.835035+00:00,0.0,0.0,0.0,0.0,0.21,0.20800000000000002,0.2032,4.284625999021644,2.673031852282757,52.902084927458574,0.0025677580240081044,-0.00021546621678131652,0.002783224240789421,1181998.75
140387,RTBRISCOE,2021-02-04,0.21,0.21,6096841,2026-04-08T03:36:30.225924+00:00,0.0,0.0,-4.545454545454552,-9.090909090909083,0.21,0.2085,0.2034,4.284625999021644,2.673031852282757,52.90208492745858,0.002376445487625223,-0.00032542300253135883,0.0027018684901565816,1486840.8
140492,RTBRISCOE,2021-02-05,0.22,0.22,18925600,2026-04-08T03:36:32.587221+00:00,4.761904761904767,0.0,0.0,4.999999999999982,0.21200000000000002,0.20949999999999996,0.20379999999999998,4.396174458229628,2.751899582955156,61.7381735576345,0.0029971955461556843,0.00023626164479928187,0.0027609339013564024,2433120.8
140597,RTBRISCOE,2021-02-08,0.2,0.2,11262766,2026-04-08T03:36:37.052653+00:00,-9.090909090909083,4.761904761904767,0.0,-4.761904761904756,0.21000000000000002,0.20950000000000002,0.20380000000000004,4.899213807407922,3.0512579585827635,43.97038642345854,0.0018539405145638344,-0.0007255947094340544,0.002579535223997889,2996259.1
140702,RTBRISCOE,2021-02-09,0.22,0.22,26831212,2026-04-08T03:36:39.468141+00:00,9.999999999999986,-9.090909090909083,0.0,9.999999999999986,0.21200000000000002,0.2105,0.20420000000000002,5.374260759008259,3.3603009171975824,57.22703176899839,0.0025325419511848524,-3.759461825042932e-05,0.0025701365694352817,4337769.7
140807,RTBRISCOE,2021-02-10,0.22,0.22,231,2026-04-08T03:36:41.836322+00:00,0.0,9.999999999999986,0.0,0.0,0.21400000000000002,0.21149999999999997,0.2046,5.374260759008259,3.3603009171975824,57.227031768998394,0.00303534886647272,0.00037216983762995096,0.002663179028842769,4327386.05
140912,RTBRISCOE,2021-02-11,0.22,0.22,165469,2026-04-08T03:36:44.255641+00:00,0.0,0.0,0.0,-4.545454545454552,0.21600000000000003,0.2125,0.205,5.374260759008259,3.3603009171975824,57.227031768998394,0.003394695038091755,0.0005852128073991886,0.0028094822306925665,4311094.75
141017,RTBRISCOE,2021-02-12,0.22,0.22,333698,2026-04-08T03:36:46.553737+00:00,0.0,0.0,4.761904761904767,0.0,0.21600000000000003,0.21350000000000002,0.2054,5.374260759008259,3.3603009171975824,57.22703176899839,0.0036375480780999614,0.0006624526779259159,0.0029750954001740455,4322993.95
141122,RTBRISCOE,2021-02-15,0.2,0.2,2207303,2026-04-08T03:36:50.983127+00:00,-9.090909090909083,0.0,-9.090909090909083,0.0,0.21600000000000003,0.2125,0.20540000000000003,5.314439788666773,3.610483702984656,43.41169473041611,0.002190922419096658,-0.00062733838486191,0.002818260803958568,4411898.1
141227,RTBRISCOE,2021-02-16,0.2,0.2,1806438,2026-04-08T03:36:53.929967+00:00,0.0,-9.090909090909083,9.999999999999986,0.0,0.21200000000000002,0.21149999999999997,0.2054,5.314439788666773,3.610483702984656,43.411694730416116,0.0010325584706570856,-0.001428561866641186,0.0024611203372982716,4420778.15
141332,RTBRISCOE,2021-02-17,0.2,0.2,650364,2026-04-08T03:36:56.762484+00:00,0.0,0.0,0.0,0.0,0.20800000000000002,0.2105,0.20540000000000003,5.314439788666773,3.610483702984656,43.411694730416116,0.00011324132050463676,-0.0018783032134349082,0.001991544533939545,3898034.0
141437,RTBRISCOE,2021-02-18,0.22,0.22,2251096,2026-04-08T03:36:59.321693+00:00,9.999999999999986,0.0,0.0,0.0,0.20800000000000002,0.21150000000000002,0.20579999999999998,5.374260759008259,3.8742248958396526,56.52132896633801,0.0009871296920888617,-0.0008035318734805467,0.0017906615655694084,3929788.95
141542,RTBRISCOE,2021-02-19,0.21,0.21,5460000,2026-04-08T03:37:01.817881+00:00,-4.545454545454552,9.999999999999986,0.0,4.761904761904767,0.20600000000000002,0.21150000000000002,0.20600000000000002,5.388052784411028,3.9334150316072467,50.25263056670635,0.0008628299297450126,-0.0007422653086595168,0.0016050952384045294,4052745.15
141647,RTBRISCOE,2021-02-22,0.21,0.21,23170,2026-04-08T03:37:06.27808+00:00,0.0,-4.545454545454552,-9.090909090909083,-9.090909090909083,0.20800000000000002,0.21200000000000002,0.20620000000000002,5.263993472221217,3.9334150316072467,50.25263056670635,0.0007556112563446016,-0.0006795871856479425,0.001435198441992544,4047658.3
141752,RTBRISCOE,2021-02-23,0.2,0.2,435546,2026-04-08T03:37:08.890934+00:00,-4.761904761904756,0.0,0.0,9.999999999999986,0.20800000000000002,0.211,0.20620000000000002,4.862955653507671,3.9948517394778778,44.525428744232286,-0.00013472373001008342,-0.001255937737602102,0.0011212140075920185,4031365.6
141857,RTBRISCOE,2021-02-24,0.2,0.2,67415,2026-04-08T03:37:11.490979+00:00,0.0,-4.761904761904756,0.0,0.0,0.20800000000000002,0.21000000000000002,0.20620000000000002,4.862955653507671,3.9948517394778778,44.52542874423228,-0.000830744317837695,-0.001561566660343771,0.0007308223425060759,3954979.6
141962,RTBRISCOE,2021-02-25,0.2,0.2,0,2026-04-08T03:37:14.190372+00:00,0.0,0.0,9.999999999999986,0.0,0.20400000000000001,0.20950000000000002,0.20620000000000002,4.762407541965325,3.9948517394778778,44.52542874423228,-0.0013665924214879832,-0.0016779318111952474,0.00031133938970726407,3915526.5
142067,RTBRISCOE,2021-02-26,0.2,0.2,4000,2026-04-08T03:37:16.661186+00:00,0.0,0.0,-4.545454545454552,0.0,0.202,0.209,0.20620000000000002,4.762407541965325,3.9948517394778778,44.525428744232286,-0.0017708427315104303,-0.0016657456969741554,-0.00010509703453627479,3885847.25
142172,RTBRISCOE,2021-03-01,0.2,0.2,0,2026-04-08T03:37:22.522205+00:00,0.0,0.0,0.0,-9.090909090909083,0.2,0.2085,0.20620000000000002,4.762407541965325,3.9948517394778778,44.525428744232286,-0.0020673825159267523,-0.001569828385112382,-0.0004975541308143703,3864130.5
142277,RTBRISCOE,2021-03-02,0.2,0.2,0,2026-04-08T03:37:25.400973+00:00,0.0,0.0,-4.761904761904756,0.0,0.2,0.20800000000000002,0.20620000000000002,4.762407541965325,3.9948517394778778,44.52542874423228,-0.0022761543411426444,-0.0014228801682626192,-0.0008532741728800252,3826548.25
142382,RTBRISCOE,2021-03-03,0.2,0.2,42000,2026-04-08T03:37:28.29584+00:00,0.0,0.0,0.0,0.0,0.2,0.20750000000000002,0.20620000000000002,4.762407541965325,3.9948517394778778,44.525428744232286,-0.002413782929660574,-0.0012484070054244389,-0.001165375924236135,3828157.45
142487,RTBRISCOE,2021-03-04,0.2,0.2,1000000,2026-04-08T03:37:30.865183+00:00,0.0,0.0,0.0,9.999999999999986,0.2,0.20700000000000002,0.20620000000000002,4.762407541965325,3.9948517394778778,44.525428744232286,-0.0024941040981044382,-0.0010629825390946425,-0.0014311215590097957,3573315.4
142592,RTBRISCOE,2021-03-05,0.2,0.2,2146090,2026-04-08T03:37:35.032922+00:00,0.0,0.0,0.0,-4.545454545454552,0.2,0.20600000000000002,0.20620000000000002,4.621584150889861,3.9948517394778778,44.52542874423228,-0.002528610949755844,-0.0008779915125968385,-0.0016506194371590055,2734339.9
142697,RTBRISCOE,2021-03-08,0.2,0.2,9079144,2026-04-08T03:37:40.957406+00:00,0.0,0.0,0.0,0.0,0.2,0.20600000000000002,0.20619999999999997,4.141276467843792,3.9948517394778778,44.525428744232286,-0.002526830153189219,-0.0007009685728241706,-0.0018258615803650484,2625158.8
142802,RTBRISCOE,2021-03-09,0.2,0.2,0,2026-04-08T03:37:43.478318+00:00,0.0,0.0,0.0,-4.761904761904756,0.2,0.20500000000000002,0.20620000000000002,3.4217183777879954,3.9948517394778778,44.52542874423229,-0.0024966391569824498,-0.000536622061293921,-0.001960017095688529,1283598.2
142907,RTBRISCOE,2021-03-10,0.2,0.2,340,2026-04-08T03:37:46.075681+00:00,0.0,0.0,0.0,0.0,0.2,0.20400000000000001,0.20620000000000002,3.4217183777879954,3.9948517394778778,44.525428744232286,-0.00244453351429072,-0.00038761313488175266,-0.002056920379408967,1283603.65
143012,RTBRISCOE,2021-03-11,0.2,0.2,0,2026-04-08T03:37:49.142973+00:00,0.0,0.0,0.0,0.0,0.2,0.203,0.20620000000000002,3.4217183777879954,3.9948517394778778,44.52542874423229,-0.002375852073272511,-0.0002551453550908348,-0.002120706718181676,1275330.2
143117,RTBRISCOE,2021-03-12,0.2,0.2,0,2026-04-08T03:37:51.827027+00:00,0.0,0.0,0.0,0.0,0.2,0.202,0.20620000000000002,3.4217183777879954,3.9948517394778778,44.52542874423229,-0.0022949665901582927,-0.0001394078975812934,-0.0021555586925769993,1258645.3
143222,RTBRISCOE,2021-03-15,0.2,0.2,22000,2026-04-08T03:37:56.632273+00:00,0.0,0.0,0.0,0.0,0.2,0.202,0.20619999999999997,2.746413033200993,3.9948517394778778,44.525428744232286,-0.002205441307488648,-3.99060919293189e-05,-0.002165535215559329,1149380.15
143327,RTBRISCOE,2021-03-16,0.2,0.2,2219157,2026-04-08T03:37:59.157483+00:00,0.0,0.0,0.0,0.0,0.2,0.202,0.20620000000000002,2.746413033200993,3.9948517394778778,44.52542874423229,-0.002110167182234779,4.429442665964019e-05,-0.002154461608894419,1170016.1
143432,RTBRISCOE,2021-03-17,0.2,0.2,0,2026-04-08T03:38:01.497417+00:00,0.0,0.0,0.0,0.0,0.2,0.202,0.20620000000000002,2.746413033200993,3.9948517394778778,44.52542874423229,-0.0020114747230502994,0.00011438950867529579,-0.002125864231725595,1137497.9
143537,RTBRISCOE,2021-03-18,0.2,0.2,490529,2026-04-08T03:38:03.831621+00:00,0.0,0.0,0.0,0.0,0.2,0.201,0.20620000000000002,1.4328026845171276,3.9948517394778778,44.52542874423229,-0.0019112287824009089,0.0001717083594597493,-0.002082937141860658,1049469.55
143642,RTBRISCOE,2021-03-19,0.2,0.2,0,2026-04-08T03:38:06.31825+00:00,0.0,0.0,0.0,0.0,0.2,0.20050000000000004,0.20620000000000002,1.0647942749998989,3.9948517394778778,44.525428744232286,-0.0018109081305257568,0.00021762320906792108,-0.002028531339593678,776469.55
143747,RTBRISCOE,2021-03-22,0.2,0.2,0,2026-04-08T03:38:11.081229+00:00,0.0,0.0,0.0,0.0,0.2,0.2,0.20619999999999997,1.0647942749998989,3.9948517394778778,44.52542874423229,-0.0017116721995064366,0.00025348731206979334,-0.00196515951157623,775311.05
143852,RTBRISCOE,2021-03-23,0.2,0.2,752287,2026-04-08T03:38:13.396015+00:00,0.0,0.0,0.0,0.0,0.2,0.2,0.20620000000000002,0.0,3.9948517394778778,44.52542874423229,-0.0016144170148103265,0.00028059399741272293,-0.0018950110122230494,791148.1
143957,RTBRISCOE,2021-03-24,0.2,0.2,75000,2026-04-08T03:38:15.81449+00:00,0.0,0.0,0.0,0.0,0.2,0.2,0.20620000000000002,0.0,3.9948517394778778,44.5254287442323,-0.00151982201808476,0.00030015119531063184,-0.0018199732133953918,791527.35
144062,RTBRISCOE,2021-03-25,0.2,0.2,0,2026-04-08T03:38:18.283134+00:00,0.0,0.0,0.0,0.0,0.2,0.2,0.20620000000000002,0.0,3.9948517394778778,44.52542874423229,-0.0014283892198743153,0.0003132671948168613,-0.0017416564146911766,791527.35
144167,RTBRISCOE,2021-03-26,0.2,0.2,0,2026-04-08T03:38:20.746814+00:00,0.0,0.0,0.0,0.0,0.2,0.2,0.20620000000000002,0.0,3.9948517394778778,44.525428744232286,-0.0013404758968333652,0.0003209444142862493,-0.0016614203111196145,791327.35
144272,RTBRISCOE,2021-03-29,0.2,0.2,0,2026-04-08T03:38:25.159246+00:00,0.0,0.0,0.0,0.0,0.2,0.2,0.20579999999999998,0.0,3.7294551885038216,44.52542874423229,-0.0012563218585895097,0.0003240787620240838,-0.0015804006206135935,791327.35
144377,RTBRISCOE,2021-03-30,0.2,0.2,0,2026-04-08T03:38:27.475529+00:00,0.0,0.0,0.0,0.0,0.2,0.2,0.20540000000000003,0.0,3.7294551885038216,44.525428744232286,-0.0011760721493262183,0.00032346277702990033,-0.0014995349263561186,791327.35
144482,RTBRISCOE,2021-03-31,0.2,0.2,0,2026-04-08T03:38:29.710175+00:00,0.0,0.0,0.0,0.0,0.2,0.2,0.205,0.0,3.7294551885038216,44.52542874423229,-0.0010997959138711877,0.0003197912099879448,-0.0014195871238591325,789227.35
144587,RTBRISCOE,2021-04-01,0.2,0.2,0,2026-04-08T03:38:32.086622+00:00,0.0,0.0,0.0,0.0,0.2,0.2,0.205,0.0,3.497704532943453,44.525428744232286,-0.0010275020437697235,0.0003136680640715272,-0.0013411701078412507,739227.35
144692,RTBRISCOE,2021-04-06,0.2,0.2,0,2026-04-08T03:38:38.336109+00:00,0.0,0.0,0.0,0.0,0.2,0.2,0.2048,0.0,3.424271072684472,44.525428744232286,-0.0009591521222512556,0.0003056143884719964,-0.001264766510723252,631922.85
144797,RTBRISCOE,2021-04-07,0.2,0.2,10000,2026-04-08T03:38:40.597593+00:00,0.0,0.0,0.0,0.0,0.2,0.2,0.20480000000000004,0.0,3.355818230586981,44.52542874423229,-0.0008946711054233503,0.0002960763242399213,-0.0011907474296632716,178465.65
144902,RTBRISCOE,2021-04-08,0.2,0.2,4234,2026-04-08T03:38:43.050318+00:00,0.0,0.0,0.0,0.0,0.2,0.2,0.20440000000000003,0.0,3.033504045573962,44.52542874423229,-0.0008339561081317226,0.00028543305722523917,-0.0011193891653569618,178677.35
145007,RTBRISCOE,2021-04-09,0.2,0.2,2000,2026-04-08T03:38:45.381101+00:00,0.0,0.0,0.0,0.0,0.2,0.2,0.204,0.0,3.033504045573962,44.5254287442323,-0.0007768836047478966,0.0002740044484872521,-0.0010508880532351488,178760.35
145112,RTBRISCOE,2021-04-12,0.2,0.2,2000,2026-04-08T03:38:49.634064+00:00,0.0,0.0,0.0,0.0,0.2,0.2,0.20380000000000004,0.0,2.9663181563003684,44.52542874423229,-0.000723315306031258,0.00026205819776311265,-0.0009853735037943707,178860.35
145217,RTBRISCOE,2021-04-14,0.2,0.2,0,2026-04-08T03:38:53.291299+00:00,0.0,0.0,0.0,0.0,0.2,0.2,0.2036,0.0,2.9663181563003684,44.52542874423229,-0.0006731029317543213,0.0002498164576320395,-0.0009229193893863608,178860.35
145322,RTBRISCOE,2021-04-15,0.2,0.2,12200,2026-04-08T03:38:55.647647+00:00,0.0,0.0,0.0,0.0,0.2,0.2,0.20340000000000003,0.0,2.9663181563003684,44.525428744232286,-0.0006260920637965739,0.00023746186047182954,-0.0008635539242684034,178370.35
145427,RTBRISCOE,2021-04-16,0.2,0.2,3000,2026-04-08T03:38:58.039758+00:00,0.0,0.0,0.0,0.0,0.2,0.2,0.2032,0.0,2.9663181563003684,44.52542874423229,-0.000582125234897507,0.00022514295149671725,-0.0008072681863942243,67562.5
145532,RTBRISCOE,2021-04-19,0.2,0.2,3840,2026-04-08T03:39:02.639407+00:00,0.0,0.0,0.0,0.0,0.2,0.2,0.203,0.0,2.9663181563003684,44.52542874423229,-0.0005410443833680778,0.00021297904242091722,-0.000754023425788995,67754.5
145637,RTBRISCOE,2021-04-20,0.2,0.2,1000,2026-04-08T03:39:05.009889+00:00,0.0,0.0,0.0,0.0,0.2,0.2,0.2028,0.0,2.9663181563003684,44.52542874423229,-0.0005026927830716066,0.00020106451417391084,-0.0007037572972455174,43278.05
145742,RTBRISCOE,2021-04-21,0.2,0.2,0,2026-04-08T03:39:07.371999+00:00,0.0,0.0,0.0,0.0,0.2,0.2,0.20240000000000002,0.0,2.883819726721951,44.52542874423229,-0.00046691654029717977,0.00018947260555867015,-0.0006563891458558499,43278.05
145847,RTBRISCOE,2021-04-22,0.2,0.2,0,2026-04-08T03:39:09.720023+00:00,0.0,0.0,0.0,0.0,0.2,0.2,0.20240000000000002,0.0,2.579076765690634,44.52542874423229,-0.00043356573424546685,0.00017825872928830654,-0.0006118244635337734,43278.05
145952,RTBRISCOE,2021-04-26,0.2,0.2,2218724,2026-04-08T03:39:15.36746+00:00,0.0,0.0,0.0,0.0,0.2,0.2,0.20200000000000004,0.0,2.140812852698287,44.525428744232286,-0.0004024952652961489,0.00016746335859009964,-0.0005699586238862485,116599.9
146057,RTBRISCOE,2021-04-27,0.2,0.2,0,2026-04-08T03:39:17.695414+00:00,0.0,0.0,0.0,0.0,0.2,0.2,0.2016,0.0,2.140812852698287,44.52542874423229,-0.00037356546466296714,0.00015711452737862512,-0.0005306799920415923,112849.9
146162,RTBRISCOE,2021-04-28,0.2,0.2,105000,2026-04-08T03:39:20.620007+00:00,0.0,0.0,0.0,0.0,0.2,0.2,0.20120000000000002,0.0,2.140812852698287,44.52542874423229,-0.00034664251015364966,0.00014722998551035412,-0.0004938724956640038,118099.9
146267,RTBRISCOE,2021-04-29,0.2,0.2,3236,2026-04-08T03:39:22.905871+00:00,0.0,0.0,0.0,0.0,0.2,0.2,0.2008,0.0,2.140812852698287,44.5254287442323,-0.0003215986852799224,0.00013781904830726516,-0.0004594177335871876,118261.7
146372,RTBRISCOE,2021-04-30,0.2,0.2,759,2026-04-08T03:39:25.430976+00:00,0.0,0.0,0.0,0.0,0.2,0.2,0.2008,0.0,1.710276854087011,44.52542874423229,-0.000298312512683363,0.0001288841767230597,-0.0004271966894064227,118299.65
146477,RTBRISCOE,2021-05-04,0.2,0.2,0,2026-04-08T03:39:31.322792+00:00,0.0,0.0,0.0,0.0,0.2,0.2,0.2008,0.0,1.710276854087011,44.52542874423229,-0.00027666878756998914,0.0001204223214691469,-0.00039709110903913603,118299.65
146582,RTBRISCOE,2021-05-05,0.2,0.2,0,2026-04-08T03:39:33.759587+00:00,0.0,0.0,0.0,0.0,0.2,0.2,0.20079999999999998,0.0,1.710276854087011,44.5254287442323,-0.00025655853242337323,0.00011242606129261025,-0.0003689845937159835,118299.65
146687,RTBRISCOE,2021-05-06,0.2,0.2,0,2026-04-08T03:39:36.246061+00:00,0.0,0.0,0.0,0.0,0.2,0.2,0.20040000000000002,0.0,0.9214491165009532,44.5254287442323,-0.000237878890557236,0.00010488456252699799,-0.000342763453084234,118299.65
146792,RTBRISCOE,2021-05-07,0.2,0.2,0,2026-04-08T03:39:38.47254+00:00,0.0,0.0,0.0,0.0,0.2,0.2,0.2002,0.0,0.6734350297014743,44.5254287442323,-0.0002205329729634553,9.778438409662295e-05,-0.00031831735706007826,118299.65
146897,RTBRISCOE,2021-05-10,0.2,0.2,5000,2026-04-08T03:39:42.886326+00:00,0.0,0.0,0.0,0.0,0.2,0.2,0.2,0.0,0.6734350297014743,44.5254287442323,-0.00020442967031350512,9.111014939725855e-05,-0.00029553981971076367,118049.65
147002,RTBRISCOE,2021-05-11,0.2,0.2,0,2026-04-08T03:39:45.288668+00:00,0.0,0.0,0.0,0.0,0.2,0.2,0.2,0.0,0.0,44.5254287442323,-0.00018948343980071392,8.484510392803984e-05,-0.00027432854372875376,117837.95
147107,RTBRISCOE,2021-05-14,0.2,0.2,0,2026-04-08T03:39:49.859206+00:00,0.0,0.0,0.0,0.0,0.2,0.2,0.2,0.0,0.0,44.52542874423229,-0.00017561407470034762,7.897157522272492e-05,-0.00025458564992307254,117737.95
147212,RTBRISCOE,2021-05-17,0.2,0.2,0,2026-04-08T03:39:54.343913+00:00,0.0,0.0,0.0,0.0,0.2,0.2,0.2,0.0,0.0,44.5254287442323,-0.0001627464630154507,7.347134952609749e-05,-0.0002362178125415482,117637.95
147317,RTBRISCOE,2021-05-18,0.2,0.2,0,2026-04-08T03:39:57.092526+00:00,0.0,0.0,0.0,0.0,0.2,0.2,0.2,0.0,0.0,44.5254287442323,-0.00015081034032196627,6.832597777566555e-05,-0.00021913631809763182,117637.95
147422,RTBRISCOE,2021-05-19,0.2,0.2,0,2026-04-08T03:39:59.433321+00:00,0.0,0.0,0.0,0.0,0.2,0.2,0.2,0.0,0.0,44.5254287442323,-0.00013974004088607161,6.351702176924818e-05,-0.0002032570626553198,117027.95
147527,RTBRISCOE,2021-05-20,0.2,0.2,0,2026-04-08T03:40:01.906518+00:00,0.0,0.0,0.0,0.0,0.2,0.2,0.2,0.0,0.0,44.5254287442323,-0.00012947425026382797,5.902624991319349e-05,-0.00018850050017702147,116877.95
147632,RTBRISCOE,2021-05-21,0.2,0.2,25000,2026-04-08T03:40:04.221824+00:00,0.0,0.0,0.0,0.0,0.2,0.2,0.2,0.0,0.0,44.5254287442323,-0.00011995576188156276,5.483579063636699e-05,-0.00017479155251792975,117935.95
147737,RTBRISCOE,2021-05-24,0.2,0.2,10560,2026-04-08T03:40:08.535937+00:00,0.0,0.0,0.0,0.0,0.2,0.2,0.2,0.0,0.0,44.525428744232286,-0.00011113123950934334,5.092825040686912e-05,-0.00016205948991621246,118413.95
147842,RTBRISCOE,2021-05-25,0.2,0.2,0,2026-04-08T03:40:10.790359+00:00,0.0,0.0,0.0,0.0,0.2,0.2,0.2,0.0,0.0,44.52542874423229,-0.00010295098705806471,4.7286802286518206e-05,-0.00015023778934458292,118413.95
147947,RTBRISCOE,2021-05-26,0.2,0.2,0,2026-04-08T03:40:13.088105+00:00,0.0,0.0,0.0,0.0,0.2,0.2,0.2,0.0,0.0,44.52542874423231,-9.536872673801544e-05,4.389525008525398e-05,-0.00013926397682326942,118413.95
148052,RTBRISCOE,2021-05-27,0.2,0.2,1,2026-04-08T03:40:15.774564+00:00,0.0,0.0,0.0,0.0,0.2,0.2,0.2,0.0,0.0,44.52542874423231,-8.834138629651433e-05,4.073807242140407e-05,-0.0001290794587179184,7477.8
148157,RTBRISCOE,2021-05-28,0.2,0.2,0,2026-04-08T03:40:18.222614+00:00,0.0,0.0,0.0,0.0,0.2,0.2,0.2,0.0,0.0,44.52542874423231,-8.182889579338992e-05,3.7800450339622795e-05,-0.00011962934613301272,7477.8
148262,RTBRISCOE,2021-05-31,0.2,0.2,0,2026-04-08T03:40:23.651574+00:00,0.0,0.0,0.0,0.0,0.2,0.2,0.2,0.0,0.0,44.5254287442323,-7.579399416510202e-05,3.5068281574328575e-05,-0.0001108622757394306,2227.8
148367,RTBRISCOE,2021-06-01,0.2,0.2,0,2026-04-08T03:40:26.050454+00:00,0.0,0.0,0.0,0.0,0.2,0.2,0.2,0.0,0.0,44.52542874423231,-7.020204566240973e-05,3.2528184061616694e-05,-0.00010273022972402642,2066.0
148472,RTBRISCOE,2021-06-02,0.2,0.2,0,2026-04-08T03:40:28.576306+00:00,0.0,0.0,0.0,0.0,0.2,0.2,0.2,0.0,0.0,44.5254287442323,-6.502086611573366e-05,3.0167490886634222e-05,-9.518835700236788e-05,2028.05
148577,RTBRISCOE,2021-06-03,0.2,0.2,0,2026-04-08T03:40:31.001459+00:00,0.0,0.0,0.0,0.0,0.2,0.2,0.2,0.0,0.0,44.52542874423231,-6.0220558879803265e-05,2.7974238498051685e-05,-8.819479737785495e-05,2028.05
148682,RTBRISCOE,2021-06-04,0.2,0.2,1000,2026-04-08T03:40:33.442796+00:00,0.0,0.0,0.0,0.0,0.2,0.2,0.2,0.0,0.0,44.5254287442323,-5.577336023196433e-05,2.5937149716712504e-05,-8.171050994867683e-05,2078.05
148787,RTBRISCOE,2021-06-07,0.2,0.2,0,2026-04-08T03:40:37.732645+00:00,0.0,0.0,0.0,0.0,0.2,0.2,0.2,0.0,0.0,44.5254287442323,-5.165349393826402e-05,2.404561280833025e-05,-7.569910674659427e-05,2078.05
148892,RTBRISCOE,2021-06-08,0.2,0.2,60000,2026-04-08T03:40:40.102423+00:00,0.0,0.0,0.0,0.0,0.2,0.2,0.2,0.0,0.0,44.52542874423231,-4.7837034660436206e-05,2.2289657668926442e-05,-7.012669232936265e-05,5078.05
148997,RTBRISCOE,2021-06-09,0.2,0.2,0,2026-04-08T03:40:42.486352+00:00,0.0,0.0,0.0,0.0,0.2,0.2,0.2,0.0,0.0,44.52542874423231,-4.430177984549033e-05,2.0659929987097863e-05,-6.496170983258819e-05,4828.05
149102,RTBRISCOE,2021-06-10,0.2,0.2,0,2026-04-08T03:40:45.029393+00:00,0.0,0.0,0.0,0.0,0.2,0.2,0.2,0.0,0.0,44.52542874423229,-4.1027129721593614e-05,1.9147664088795664e-05,-6.017479381038928e-05,4828.05
149207,RTBRISCOE,2021-06-11,0.2,0.2,0,2026-04-08T03:40:47.465669+00:00,0.0,0.0,0.0,0.0,0.2,0.2,0.2,0.0,0.0,44.5254287442323,-3.799397501230706e-05,1.7744655038465782e-05,-5.573863005077284e-05,4828.05
149312,RTBRISCOE,2021-06-15,0.2,0.2,3804,2026-04-08T03:40:53.415974+00:00,0.0,0.0,0.0,0.0,0.2,0.2,0.2,0.0,0.0,44.5254287442323,-3.518459197782153e-05,1.6443230458361052e-05,-5.1627822436182585e-05,5018.25
149417,RTBRISCOE,2021-06-16,0.2,0.2,0,2026-04-08T03:40:55.754681+00:00,0.0,0.0,0.0,0.0,0.2,0.2,0.2,0.0,0.0,44.5254287442323,-3.2582544392645296e-05,1.5236222434829834e-05,-4.781876682747513e-05,5018.25
149523,RTBRISCOE,2021-06-17,0.2,0.2,0,2026-04-08T03:40:58.172345+00:00,0.0,0.0,0.0,0.0,0.2,0.2,0.2,0.0,0.0,44.5254287442323,-3.0172592075022875e-05,1.411693980196181e-05,-4.4289531876984684e-05,5018.25
149629,RTBRISCOE,2021-06-18,0.2,0.2,0,2026-04-08T03:41:00.479054+00:00,0.0,0.0,0.0,0.0,0.2,0.2,0.2,0.0,0.0,44.5254287442323,-2.7940605591664225e-05,1.3079141028256369e-05,-4.1019746619920594e-05,5018.25
149735,RTBRISCOE,2021-06-21,0.2,0.2,0,2026-04-08T03:41:05.049703+00:00,0.0,0.0,0.0,0.0,0.2,0.2,0.2,0.0,0.0,44.52542874423229,-2.5873486773186904e-05,1.2117007877386954e-05,-3.799049465057386e-05,3768.25
149842,RTBRISCOE,2021-06-22,0.2,0.2,130000,2026-04-08T03:41:07.444448+00:00,0.0,0.0,0.0,0.0,0.2,0.2,0.2,0.0,0.0,44.5254287442323,-2.395909468722035e-05,1.122511997068281e-05,-3.518421465790316e-05,9740.25
149949,RTBRISCOE,2021-06-23,0.2,0.2,0,2026-04-08T03:41:09.819069+00:00,0.0,0.0,0.0,0.0,0.2,0.2,0.2,0.0,0.0,44.52542874423229,-2.218617673169221e-05,1.0398430340968763e-05,-3.258460707266097e-05,9740.25
150056,RTBRISCOE,2021-06-24,0.2,0.2,1590,2026-04-08T03:41:12.2583+00:00,0.0,0.0,0.0,0.0,0.2,0.2,0.2,0.0,0.0,44.5254287442323,-2.0544304524583445e-05,9.632242038462022e-06,-3.0176546563045467e-05,9819.75
150163,RTBRISCOE,2021-06-25,0.2,0.2,0,2026-04-08T03:41:14.6351+00:00,0.0,0.0,0.0,0.0,0.2,0.2,0.2,0.0,0.0,44.52542874423229,-1.9023814282259632e-05,8.922185824628671e-06,-2.7946000106888304e-05,9819.7
150270,RTBRISCOE,2021-06-28,0.2,0.2,0,2026-04-08T03:41:19.428749+00:00,0.0,0.0,0.0,0.0,0.2,0.2,0.2,0.0,0.0,44.52542874423229,-1.7615751394028933e-05,8.264198970287499e-06,-2.5879950364316432e-05,9819.7
150377,RTBRISCOE,2021-06-29,0.2,0.2,3940,2026-04-08T03:41:22.147646+00:00,0.0,0.0,0.0,0.0,0.2,0.2,0.2,0.0,0.0,44.52542874423231,-1.6311818915870635e-05,7.65450515875664e-06,-2.3966324074627276e-05,10016.7
150484,RTBRISCOE,2021-06-30,0.2,0.2,3500,2026-04-08T03:41:24.723581+00:00,0.0,0.0,0.0,0.0,0.2,0.2,0.2,0.0,0.0,44.52542874423231,-1.5104329721682408e-05,7.0895954823558955e-06,-2.2193925204038303e-05,10191.7
150591,RTBRISCOE,2021-07-01,0.2,0.2,0,2026-04-08T03:41:27.253573+00:00,0.0,0.0,0.0,0.0,0.2,0.2,0.2,0.0,0.0,44.5254287442323,-1.398616206557679e-05,6.566210510769211e-06,-2.0552372576346e-05,10191.7
150698,RTBRISCOE,2021-07-02,0.2,0.2,8000,2026-04-08T03:41:29.882533+00:00,0.0,0.0,0.0,0.0,0.2,0.2,0.2,0.0,0.0,44.5254287442323,-1.2950718322857213e-05,6.081323402791033e-06,-1.9032041725648246e-05,10591.7
150805,RTBRISCOE,2021-07-05,0.2,0.2,0,2026-04-08T03:41:34.454391+00:00,0.0,0.0,0.0,0.0,0.2,0.2,0.2,0.0,0.0,44.5254287442323,-1.199188669170903e-05,5.632124027151372e-06,-1.7624010718860403e-05,10541.7
150912,RTBRISCOE,2021-07-06,0.2,0.2,0,2026-04-08T03:41:36.982623+00:00,0.0,0.0,0.0,0.0,0.2,0.2,0.2,0.0,0.0,44.5254287442323,-1.1104005650852677e-05,5.21600405440618e-06,-1.6320009705258857e-05,10541.7
151019,RTBRISCOE,2021-07-07,0.2,0.2,4100,2026-04-08T03:41:39.307643+00:00,0.0,0.0,0.0,0.0,0.2,0.2,0.2,0.0,0.0,44.5254287442323,-1.0281830981784257e-05,4.8305429787796816e-06,-1.5112373960563938e-05,7746.7
151126,RTBRISCOE,2021-07-08,0.2,0.2,0,2026-04-08T03:41:41.672436+00:00,0.0,0.0,0.0,0.0,0.2,0.2,0.2,0.0,0.0,44.5254287442323,-9.520505175747429e-06,4.473495027853208e-06,-1.3994000203600637e-05,7746.7
151234,RTBRISCOE,2021-07-09,0.2,0.2,7500,2026-04-08T03:41:44.186247+00:00,0.0,0.0,0.0,0.0,0.2,0.2,0.2,0.0,0.0,44.52542874423231,-8.815529057903948e-06,4.142776916557352e-06,-1.29583059744613e-05,8121.7
151342,RTBRISCOE,2021-07-12,0.2,0.2,0,2026-04-08T03:41:48.615121+00:00,0.0,0.0,0.0,0.0,0.2,0.2,0.2,0.0,0.0,44.52542874423231,-8.162735472050375e-06,3.8364564019287404e-06,-1.1999191873979116e-05,8121.7
151450,RTBRISCOE,2021-07-13,0.2,0.2,0,2026-04-08T03:41:50.993586+00:00,0.0,0.0,0.0,0.0,0.2,0.2,0.2,0.0,0.0,44.52542874423231,-7.5582648794425555e-06,3.55274159562925e-06,-1.1111006475071805e-05,7931.5
151558,RTBRISCOE,2021-07-14,0.2,0.2,1000,2026-04-08T03:41:53.268+00:00,0.0,0.0,0.0,0.0,0.2,0.2,0.2,0.0,0.0,44.52542874423231,-6.998542735642266e-06,3.2899709915436327e-06,-1.0288513727185899e-05,7981.5
151666,RTBRISCOE,2021-07-15,0.2,0.2,1000,2026-04-08T03:41:55.50175+00:00,0.0,0.0,0.0,0.0,0.2,0.2,0.2,0.0,0.0,44.52542874423231,-6.480258517710391e-06,3.0466041675804066e-06,-9.526862685290798e-06,8031.5
151774,RTBRISCOE,2021-07-16,0.2,0.2,2810,2026-04-08T03:41:57.978751+00:00,0.0,0.0,0.0,0.0,0.2,0.2,0.2,0.0,0.0,44.5254287442323,-6.000346284090741e-06,2.821213120960047e-06,-8.821559405050788e-06,8172.0
151882,RTBRISCOE,2021-07-19,0.2,0.2,1000,2026-04-08T03:42:02.439681+00:00,0.0,0.0,0.0,0.0,0.2,0.2,0.2,0.0,0.0,44.52542874423231,-5.5559666562177146e-06,2.612474199066459e-06,-8.168440855284174e-06,8222.0
151990,RTBRISCOE,2021-07-22,0.2,0.2,3986,2026-04-08T03:42:06.938387+00:00,0.0,0.0,0.0,0.0,0.2,0.2,0.2,0.0,0.0,44.52542874423231,-5.144490119790568e-06,2.4191605883948845e-06,-7.563650708185452e-06,1921.3
152098,RTBRISCOE,2021-07-23,0.2,0.2,50120,2026-04-08T03:42:09.224536+00:00,0.0,0.0,0.0,0.0,0.2,0.2,0.2,0.0,0.0,44.525428744232315,-4.763481549985293e-06,2.240135326560128e-06,-7.0036168765454214e-06,4427.3
152206,RTBRISCOE,2021-07-26,0.2,0.2,250000,2026-04-08T03:42:13.888963+00:00,0.0,0.0,0.0,0.0,0.2,0.2,0.2,0.0,0.0,44.5254287442323,-4.410685872230369e-06,2.0743448034520426e-06,-6.485030675682411e-06,16847.8
152314,RTBRISCOE,2021-07-27,0.2,0.2,36483,2026-04-08T03:42:16.300026+00:00,0.0,0.0,0.0,0.0,0.2,0.2,0.2,0.0,0.0,44.52542874423231,-4.084014775723732e-06,1.9208127199669436e-06,-6.004827495690676e-06,18671.95
152422,RTBRISCOE,2021-07-28,0.2,0.2,0,2026-04-08T03:42:18.733972+00:00,0.0,0.0,0.0,0.0,0.2,0.2,0.2,0.0,0.0,44.5254287442323,-3.7815344035019294e-06,1.7786344737509974e-06,-5.560168877252927e-06,18671.95
152530,RTBRISCOE,2021-07-29,0.2,0.2,10000,2026-04-08T03:42:21.196071+00:00,0.0,0.0,0.0,0.0,0.2,0.2,0.2,0.0,0.0,44.52542874423231,-3.5014539477573603e-06,1.6469719435964535e-06,-5.148425891353814e-06,18974.95
152638,RTBRISCOE,2021-07-30,0.2,0.2,5000,2026-04-08T03:42:23.780537+00:00,0.0,0.0,0.0,0.0,0.2,0.2,0.2,0.0,0.0,44.5254287442323,-3.2421150841788204e-06,1.525048645739995e-06,-4.7671637299188155e-06,19049.95
152746,RTBRISCOE,2021-08-02,0.2,0.2,880,2026-04-08T03:42:28.457705+00:00,0.0,0.0,0.0,0.0,0.2,0.2,0.2,0.0,0.0,44.5254287442323,-3.0019821843918493e-06,1.4121452364215731e-06,-4.414127420813422e-06,19093.95
152854,RTBRISCOE,2021-08-03,0.2,0.2,0,2026-04-08T03:42:31.094462+00:00,0.0,0.0,0.0,0.0,0.2,0.2,0.2,0.0,0.0,44.5254287442323,-2.7796332494056664e-06,1.3075953371262048e-06,-4.087228586531871e-06,18693.95
152962,RTBRISCOE,2021-08-04,0.2,0.2,20000,2026-04-08T03:42:33.531563+00:00,0.0,0.0,0.0,0.0,0.2,0.2,0.2,0.0,0.0,44.52542874423229,-2.573751511164568e-06,1.2107816602938428e-06,-3.784533171458411e-06,19693.95
153070,RTBRISCOE,2021-08-05,0.2,0.2,0,2026-04-08T03:42:35.917081+00:00,0.0,0.0,0.0,0.0,0.2,0.2,0.2,0.0,0.0,44.52542874423231,-2.383117653437239e-06,1.1211324144169378e-06,-3.5042500678541767e-06,19693.95
153178,RTBRISCOE,2021-08-06,0.2,0.2,9000,2026-04-08T03:42:38.23616+00:00,0.0,0.0,0.0,0.0,0.2,0.2,0.2,0.0,0.0,44.5254287442323,-2.206602606469321e-06,1.0381179691078846e-06,-3.2447205755772058e-06,19938.95
153286,RTBRISCOE,2021-08-09,0.2,0.2,7588,2026-04-08T03:42:42.878342+00:00,0.0,0.0,0.0,0.0,0.2,0.2,0.2,0.0,0.0,44.5254287442323,-2.0431608732940365e-06,9.612477618265353e-07,-3.004408635120572e-06,20318.35
153394,RTBRISCOE,2021-08-10,0.2,0.2,4000,2026-04-08T03:42:45.264053+00:00,0.0,0.0,0.0,0.0,0.2,0.2,0.2,0.0,0.0,44.5254287442323,-1.8918243487597852e-06,8.900674290886298e-07,-2.781891777848415e-06,20143.35
153502,RTBRISCOE,2021-08-12,0.2,0.2,0,2026-04-08T03:42:48.762656+00:00,0.0,0.0,0.0,0.0,0.2,0.2,0.2,0.0,0.0,44.52542874423229,-1.751696594776142e-06,8.241561464578184e-07,-2.5758527412339604e-06,20143.35
153610,RTBRISCOE,2021-08-13,0.2,0.2,21000,2026-04-08T03:42:51.120096+00:00,0.0,0.0,0.0,0.0,0.2,0.2,0.2,0.0,0.0,44.5254287442323,-1.6219475386103355e-06,7.631241620989001e-07,-2.3850717007092356e-06,21193.35
153718,RTBRISCOE,2021-08-16,0.2,0.2,421000,2026-04-08T03:42:55.556429+00:00,0.0,0.0,0.0,0.0,0.2,0.2,0.2,0.0,0.0,44.52542874423231,-1.5018085625095878e-06,7.066105105597185e-07,-2.2084190730693063e-06,42193.35
153826,RTBRISCOE,2021-08-17,0.2,0.2,3000,2026-04-08T03:42:57.870214+00:00,0.0,0.0,0.0,0.0,0.2,0.2,0.2,0.0,0.0,44.5254287442323,-1.3905679566161844e-06,6.542808931624976e-07,-2.044848849778682e-06,42293.35
153934,RTBRISCOE,2021-08-18,0.2,0.2,10588,2026-04-08T03:43:00.318272+00:00,0.0,0.0,0.0,0.0,0.2,0.2,0.2,0.0,0.0,44.5254287442323,-1.2875667074752073e-06,6.0582571384278e-07,-1.8933924213179873e-06,42682.25
154042,RTBRISCOE,2021-08-19,0.2,0.2,0,2026-04-08T03:43:02.743698+00:00,0.0,0.0,0.0,0.0,0.2,0.2,0.2,0.0,0.0,44.5254287442323,-1.1921945982096283e-06,5.609582584866871e-07,-1.7531528566963154e-06,42632.25
154150,RTBRISCOE,2021-08-20,0.2,0.2,500,2026-04-08T03:43:05.111187+00:00,0.0,0.0,0.0,0.0,0.2,0.2,0.2,0.0,0.0,44.52542874423229,-1.1038865969648093e-06,5.19413007785205e-07,-1.6232996047500142e-06,42457.95
154258,RTBRISCOE,2021-08-23,0.2,0.2,208,2026-04-08T03:43:09.725908+00:00,0.0,0.0,0.0,0.0,0.2,0.2,0.2,0.0,0.0,44.5254287442323,-1.0221195122506188e-06,4.809440739995163e-07,-1.503063586250135e-06,39962.35
154366,RTBRISCOE,2021-08-24,0.2,0.2,0,2026-04-08T03:43:12.031989+00:00,0.0,0.0,0.0,0.0,0.2,0.2,0.2,0.0,0.0,44.5254287442323,-9.464088958910377e-07,4.4532375228727797e-07,-1.3917326481783157e-06,27462.35
154474,RTBRISCOE,2021-08-25,0.2,0.2,0,2026-04-08T03:43:14.375004+00:00,0.0,0.0,0.0,0.0,0.2,0.2,0.2,0.0,0.0,44.5254287442323,-8.76306174846242e-07,4.12341178665659e-07,-1.288647353511901e-06,25638.2
154582,RTBRISCOE,2021-08-26,0.2,0.2,52500,2026-04-08T03:43:16.860503+00:00,0.0,0.0,0.0,0.0,0.2,0.2,0.2,0.0,0.0,44.5254287442323,-8.113959953925942e-07,3.8180108649544547e-07,-1.1931970818880397e-06,28263.2
154690,RTBRISCOE,2021-08-27,0.2,0.2,3020,2026-04-08T03:43:19.247601+00:00,0.0,0.0,0.0,0.0,0.2,0.2,0.2,0.0,0.0,44.5254287442323,-7.51293763673333e-07,3.5352265457176534e-07,-1.1048164182450983e-06,27914.2
154798,RTBRISCOE,2021-08-30,0.2,0.2,120000,2026-04-08T03:43:23.756871+00:00,0.0,0.0,0.0,0.0,0.2,0.2,0.2,0.0,0.0,44.5254287442323,-6.956433682980823e-07,3.273384399576129e-07,-1.0229818082556952e-06,33664.2
154906,RTBRISCOE,2021-08-31,0.2,0.2,100,2026-04-08T03:43:26.203018+00:00,0.0,0.0,0.0,0.0,0.2,0.2,0.2,0.0,0.0,44.5254287442323,-6.441150714187049e-07,3.0309338946959227e-07,-9.472084608882972e-07,33625.2
155014,RTBRISCOE,2021-09-01,0.2,0.2,0,2026-04-08T03:43:28.430514+00:00,0.0,0.0,0.0,0.0,0.2,0.2,0.2,0.0,0.0,44.5254287442323,-5.964035559857805e-07,2.8064392392201336e-07,-8.770474799077939e-07,33625.2
155122,RTBRISCOE,2021-09-02,0.2,0.2,0,2026-04-08T03:43:30.63423+00:00,0.0,0.0,0.0,0.0,0.2,0.2,0.2,0.0,0.0,44.52542874423231,-5.522261173340759e-07,2.598570900589745e-07,-8.120832073930504e-07,32625.2
155230,RTBRISCOE,2021-09-03,0.2,0.2,0,2026-04-08T03:43:33.173741+00:00,0.0,0.0,0.0,0.0,0.2,0.2,0.2,0.0,0.0,44.52542874423229,-5.113209888274461e-07,2.4060977485248335e-07,-7.519307636799295e-07,32625.2
155338,RTBRISCOE,2021-09-06,0.2,0.2,0,2026-04-08T03:43:37.566628+00:00,0.0,0.0,0.0,0.0,0.2,0.2,0.2,0.0,0.0,44.5254287442323,-4.734457914046253e-07,2.2278797782024333e-07,-6.962337692248686e-07,32175.2
155446,RTBRISCOE,2021-09-07,0.2,0.2,4039,2026-04-08T03:43:39.870652+00:00,0.0,0.0,0.0,0.0,0.2,0.2,0.2,0.0,0.0,44.5254287442323,-4.3837609778329956e-07,2.062861371532553e-07,-6.446622349365549e-07,31997.75
155554,RTBRISCOE,2021-09-08,0.2,0.2,50998,2026-04-08T03:43:42.125577+00:00,0.0,0.0,0.0,0.0,0.2,0.2,0.2,0.0,0.0,44.5254287442323,-4.0590410310681335e-07,1.9100650546379325e-07,-5.969106085706066e-07,34347.65
155662,RTBRISCOE,2021-09-09,0.2,0.2,0,2026-04-08T03:43:44.739177+00:00,0.0,0.0,0.0,0.0,0.2,0.2,0.2,0.0,0.0,44.5254287442323,-3.7583739384561277e-07,1.7685857177999507e-07,-5.526959656256078e-07,34347.65
155770,RTBRISCOE,2021-09-10,0.2,0.2,167000,2026-04-08T03:43:47.339386+00:00,0.0,0.0,0.0,0.0,0.2,0.2,0.2,0.0,0.0,44.52542874423231,-3.479978080422885e-07,1.637585260666555e-07,-5.11756334108944e-07,41647.65
155878,RTBRISCOE,2021-09-13,0.2,0.2,0,2026-04-08T03:43:51.822078+00:00,0.0,0.0,0.0,0.0,0.2,0.2,0.2,0.0,0.0,44.52542874423229,-3.2222037973927975e-07,1.5162876349573143e-07,-4.738491432350112e-07,20597.65
155986,RTBRISCOE,2021-09-14,0.2,0.2,138514,2026-04-08T03:43:54.260371+00:00,0.0,0.0,0.0,0.0,0.2,0.2,0.2,0.0,0.0,44.52542874423231,-2.9835236178832325e-07,1.403974251573504e-07,-4.3874978694567364e-07,27373.35
156094,RTBRISCOE,2021-09-15,0.2,0.2,0,2026-04-08T03:43:56.896801+00:00,0.0,0.0,0.0,0.0,0.2,0.2,0.2,0.0,0.0,44.52542874423229,-2.7625232079664386e-07,1.2999797291922385e-07,-4.062502937158677e-07,26843.95
156202,RTBRISCOE,2021-09-16,0.2,0.2,90000,2026-04-08T03:43:59.227477+00:00,0.0,0.0,0.0,0.0,0.2,0.2,0.2,0.0,0.0,44.525428744232286,-2.557892992971489e-07,1.2036879553497503e-07,-3.761580948321239e-07,31343.95
156310,RTBRISCOE,2021-09-20,0.2,0.2,1000,2026-04-08T03:44:04.993721+00:00,0.0,0.0,0.0,0.0,0.2,0.2,0.2,0.0,0.0,44.5254287442323,-2.3684203970253392e-07,1.1145284410367202e-07,-3.4829488380620594e-07,31368.95
156418,RTBRISCOE,2021-09-21,0.2,0.2,651,2026-04-08T03:44:07.727357+00:00,0.0,0.0,0.0,0.0,0.2,0.2,0.2,0.0,0.0,44.5254287442323,-2.1929826607425262e-07,1.0319729418556269e-07,-3.224955602598153e-07,31391.1
156526,RTBRISCOE,2021-09-22,0.2,0.2,0,2026-04-08T03:44:10.239254+00:00,0.0,0.0,0.0,0.0,0.2,0.2,0.2,0.0,0.0,44.52542874423229,-2.0305401873810247e-07,9.555323321737026e-08,-2.9860725195547273e-07,31391.1
156634,RTBRISCOE,2021-09-23,0.2,0.2,0,2026-04-08T03:44:12.661605+00:00,0.0,0.0,0.0,0.0,0.2,0.2,0.2,0.0,0.0,44.5254287442323,-1.8801303841575745e-07,8.847537083177227e-08,-2.764884092475297e-07,31391.1
156742,RTBRISCOE,2021-09-24,0.2,0.2,10000,2026-04-08T03:44:15.34542+00:00,0.0,0.0,0.0,0.0,0.2,0.2,0.2,0.0,0.0,44.5254287442323,-1.7408619584768914e-07,8.192177071987244e-08,-2.560079665675616e-07,29266.1
156850,RTBRISCOE,2021-09-27,0.2,0.2,0,2026-04-08T03:44:19.850483+00:00,0.0,0.0,0.0,0.0,0.2,0.2,0.2,0.0,0.0,44.52542874423229,-1.6119096368782948e-07,7.585360230378569e-08,-2.3704456599161517e-07,29115.1
156958,RTBRISCOE,2021-09-28,0.2,0.2,200,2026-04-08T03:44:22.678655+00:00,0.0,0.0,0.0,0.0,0.2,0.2,0.2,0.0,0.0,44.52542874423229,-1.4925092750583957e-07,7.023491078862048e-08,-2.1948583829446005e-07,23125.1
157066,RTBRISCOE,2021-09-29,0.2,0.2,0,2026-04-08T03:44:25.133662+00:00,0.0,0.0,0.0,0.0,0.2,0.2,0.2,0.0,0.0,44.5254287442323,-1.3819533303816023e-07,6.503240420503987e-08,-2.032277372432001e-07,23120.1
157174,RTBRISCOE,2021-09-30,0.2,0.2,0,2026-04-08T03:44:27.471646+00:00,0.0,0.0,0.0,0.0,0.2,0.2,0.2,0.0,0.0,44.5254287442323,-1.2795866688453117e-07,6.021525628693515e-08,-1.8817392317146632e-07,23120.1
157282,RTBRISCOE,2021-10-04,0.2,0.2,0,2026-04-08T03:44:32.876267+00:00,0.0,0.0,0.0,0.0,0.2,0.2,0.2,0.0,0.0,44.5254287442323,-1.1848026842953274e-07,5.5754923793546864e-08,-1.742351922230796e-07,23120.1
157390,RTBRISCOE,2021-10-05,0.2,0.2,221152,2026-04-08T03:44:35.445743+00:00,0.0,0.0,0.0,0.0,0.2,0.2,0.2,0.0,0.0,44.5254287442323,-1.0970397029685941e-07,5.1624977540976183e-08,-1.613289478378356e-07,34177.7
157498,RTBRISCOE,2021-10-06,0.2,0.2,0,2026-04-08T03:44:37.876116+00:00,0.0,0.0,0.0,0.0,0.2,0.2,0.2,0.0,0.0,44.5254287442323,-1.0157776553221254e-07,4.7800945844498444e-08,-1.4937871137671098e-07,34177.7
157606,RTBRISCOE,2021-10-07,0.2,0.2,0,2026-04-08T03:44:40.206594+00:00,0.0,0.0,0.0,0.0,0.2,0.2,0.2,0.0,0.0,44.5254287442323,-9.405349951641107e-08,4.426016948823996e-08,-1.3831366900465103e-07,33975.75
157714,RTBRISCOE,2021-10-08,0.2,0.2,0,2026-04-08T03:44:42.63936+00:00,0.0,0.0,0.0,0.0,0.2,0.2,0.2,0.0,0.0,44.5254287442323,-8.708658455480744e-08,4.098166755987488e-08,-1.2806825211468233e-07,31425.85
157822,RTBRISCOE,2021-10-11,0.2,0.2,300001,2026-04-08T03:44:47.21782+00:00,0.0,0.0,0.0,0.0,0.2,0.2,0.2,0.0,0.0,44.52542874423231,-8.063573569971894e-08,3.794601313197072e-08,-1.1858174883168966e-07,46425.9
157930,RTBRISCOE,2021-10-12,0.2,0.2,0,2026-04-08T03:44:49.55017+00:00,0.0,0.0,0.0,0.0,0.2,0.2,0.2,0.0,0.0,44.52542874423229,-7.466272605727298e-08,3.513521821953335e-08,-1.0979794427680633e-07,38075.9
158038,RTBRISCOE,2021-10-13,0.2,0.2,3511,2026-04-08T03:44:52.157785+00:00,0.0,0.0,0.0,0.0,0.2,0.2,0.2,0.0,0.0,44.52542874423229,-6.913216035742131e-08,3.2532627135508014e-08,-1.0166478749292933e-07,38251.45
158146,RTBRISCOE,2021-10-14,0.2,0.2,0,2026-04-08T03:44:54.53471+00:00,0.0,0.0,0.0,0.0,0.2,0.2,0.2,0.0,0.0,44.52542874423229,-6.401126517729949e-08,3.0122817852503876e-08,-9.413408302980337e-08,31325.75
158255,RTBRISCOE,2021-10-15,0.2,0.2,0,2026-04-08T03:44:56.91657+00:00,0.0,0.0,0.0,0.0,0.2,0.2,0.2,0.0,0.0,44.52542874423229,-5.926969470770871e-08,2.7891510657675733e-08,-8.716120536538444e-08,31325.75
158364,RTBRISCOE,2021-10-18,0.2,0.2,5000,2026-04-08T03:45:01.595863+00:00,0.0,0.0,0.0,0.0,0.2,0.2,0.2,0.0,0.0,44.52542874423229,-5.4879350952496964e-08,2.5825483530309977e-08,-8.070483448280694e-08,27075.75
158473,RTBRISCOE,2021-10-20,0.2,0.2,0,2026-04-08T03:45:05.471144+00:00,0.0,0.0,0.0,0.0,0.2,0.2,0.2,0.0,0.0,44.5254287442323,-5.081421725061652e-08,2.3912493785752348e-08,-7.472671103636887e-08,27025.75
158582,RTBRISCOE,2021-10-21,0.2,0.2,0,2026-04-08T03:45:08.008029+00:00,0.0,0.0,0.0,0.0,0.2,0.2,0.2,0.0,0.0,44.5254287442323,-4.705020403839022e-08,2.214120559838292e-08,-6.919140963677314e-08,26993.2
158689,RTBRISCOE,2021-10-22,0.2,0.2,200000,2026-04-08T03:45:10.474564+00:00,0.0,0.0,0.0,0.0,0.2,0.2,0.2,0.0,0.0,44.52542874423231,-4.356500615809722e-08,2.0501122782940742e-08,-6.406612894103796e-08,36993.2
158798,RTBRISCOE,2021-10-25,0.2,0.2,0,2026-04-08T03:45:15.28358+00:00,0.0,0.0,0.0,0.0,0.2,0.2,0.2,0.0,0.0,44.5254287442323,-4.033797071367751e-08,1.8982526581888368e-08,-5.9320497295565874e-08,36993.2
158907,RTBRISCOE,2021-10-26,0.2,0.2,0,2026-04-08T03:45:17.74539+00:00,0.0,0.0,0.0,0.0,0.2,0.2,0.2,0.0,0.0,44.5254287442323,-3.7349974613132275e-08,1.757641814594688e-08,-5.4926392759079155e-08,36493.2
159016,RTBRISCOE,2021-10-27,0.2,0.2,20000,2026-04-08T03:45:20.303823+00:00,0.0,0.0,0.0,0.0,0.2,0.2,0.2,0.0,0.0,44.5254287442323,-3.4583311298019836e-08,1.6274465168847452e-08,-5.085777646686729e-08,37493.2
159125,RTBRISCOE,2021-10-28,0.2,0.2,0,2026-04-08T03:45:22.610226+00:00,0.0,0.0,0.0,0.0,0.2,0.2,0.2,0.0,0.0,44.52542874423229,-3.202158579962422e-08,1.5068952533794458e-08,-4.709053833341868e-08,37483.2
159234,RTBRISCOE,2021-10-29,0.2,0.2,5500,2026-04-08T03:45:25.013779+00:00,0.0,0.0,0.0,0.0,0.2,0.2,0.2,0.0,0.0,44.5254287442323,-2.9649617511173787e-08,1.3952736657795915e-08,-4.36023541689697e-08,37758.2
159343,RTBRISCOE,2021-11-01,0.2,0.2,0,2026-04-08T03:45:29.747778+00:00,0.0,0.0,0.0,0.0,0.2,0.2,0.2,0.0,0.0,44.52542874423229,-2.7453350426309697e-08,1.2919202994128004e-08,-4.03725534204377e-08,37758.2
159452,RTBRISCOE,2021-11-02,0.2,0.2,0,2026-04-08T03:45:32.292585+00:00,0.0,0.0,0.0,0.0,0.2,0.2,0.2,0.0,0.0,44.52542874423229,-2.541976965031445e-08,1.1962227016098603e-08,-3.738199666641305e-08,37758.2
159561,RTBRISCOE,2021-11-03,0.2,0.2,0,2026-04-08T03:45:34.604091+00:00,0.0,0.0,0.0,0.0,0.2,0.2,0.2,0.0,0.0,44.52542874423229,-2.3536824378389554e-08,1.10761378304188e-08,-3.4612962208808353e-08,26700.6
159670,RTBRISCOE,2021-11-04,0.2,0.2,2500,2026-04-08T03:45:37.086301+00:00,0.0,0.0,0.0,0.0,0.2,0.2,0.2,0.0,0.0,44.52542874423229,-2.179335645280389e-08,1.0255684604803568e-08,-3.204904105760746e-08,26825.6
159779,RTBRISCOE,2021-11-05,0.2,0.2,0,2026-04-08T03:45:39.522081+00:00,0.0,0.0,0.0,0.0,0.2,0.2,0.2,0.0,0.0,44.5254287442323,-2.017903422135703e-08,9.496005469000346e-09,-2.9675039690357374e-08,26825.6
159888,RTBRISCOE,2021-11-08,0.2,0.2,100,2026-04-08T03:45:44.061968+00:00,0.0,0.0,0.0,0.0,0.2,0.2,0.2,0.0,0.0,44.5254287442323,-1.868429133633498e-08,8.792598683217916e-09,-2.7476890019552895e-08,26830.6
159997,RTBRISCOE,2021-11-10,0.2,0.2,0,2026-04-08T03:45:47.530577+00:00,0.0,0.0,0.0,0.0,0.2,0.2,0.2,0.0,0.0,44.5254287442323,-1.7300270077624802e-08,8.141295953542475e-09,-2.5441566031167276e-08,11830.55
160106,RTBRISCOE,2021-11-11,0.2,0.2,0,2026-04-08T03:45:49.990111+00:00,0.0,0.0,0.0,0.0,0.2,0.2,0.2,0.0,0.0,44.5254287442323,-1.6018768866921107e-08,7.538237731396936e-09,-2.3557006598318043e-08,11830.55
160215,RTBRISCOE,2021-11-12,0.2,0.2,0,2026-04-08T03:45:52.531373+00:00,0.0,0.0,0.0,0.0,0.2,0.2,0.2,0.0,0.0,44.5254287442323,-1.4832193612202005e-08,6.979850388892833e-09,-2.1812044001094838e-08,11655.0
160324,RTBRISCOE,2021-11-15,0.2,0.2,225627,2026-04-08T03:45:57.041913+00:00,0.0,0.0,0.0,0.0,0.2,0.2,0.2,0.0,0.0,44.5254287442323,-1.3733512799207759e-08,6.462824961509665e-09,-2.0196337760717424e-08,22936.35
160433,RTBRISCOE,2021-11-17,0.2,0.2,11500,2026-04-08T03:46:00.536124+00:00,0.0,0.0,0.0,0.0,0.2,0.2,0.2,0.0,0.0,44.5254287442323,-1.2716215719299484e-08,5.984097633134351e-09,-1.8700313352433835e-08,23511.35
160542,RTBRISCOE,2021-11-18,0.2,0.2,7500,2026-04-08T03:46:03.012698+00:00,0.0,0.0,0.0,0.0,0.2,0.2,0.2,0.0,0.0,44.52542874423229,-1.1774273944720193e-08,5.540831526170917e-09,-1.731510547089111e-08,23636.35
160651,RTBRISCOE,2021-11-19,0.2,0.2,36984,2026-04-08T03:46:05.423699+00:00,0.0,0.0,0.0,0.0,0.2,0.2,0.2,0.0,0.0,44.52542874423229,-1.0902105607168977e-08,5.1303998909777065e-09,-1.6032505498146684e-08,25485.55
160760,RTBRISCOE,2021-11-22,0.2,0.2,15000,2026-04-08T03:46:10.306395+00:00,0.0,0.0,0.0,0.0,0.2,0.2,0.2,0.0,0.0,44.52542874423229,-1.0094542313154875e-08,4.750370547993448e-09,-1.4844912861148323e-08,26235.55
160869,RTBRISCOE,2021-11-23,0.2,0.2,10000,2026-04-08T03:46:12.888041+00:00,0.0,0.0,0.0,0.0,0.2,0.2,0.2,0.0,0.0,44.5254287442323,-9.346798529596967e-09,4.398491465241087e-09,-1.3745289994838054e-08,16735.55
160978,RTBRISCOE,2021-11-24,0.2,0.2,51641,2026-04-08T03:46:15.261589+00:00,0.0,0.0,0.0,0.0,0.2,0.2,0.2,0.0,0.0,44.5254287442323,-8.654443162114944e-09,4.072677466178488e-09,-1.2727120628293432e-08,19317.6
161087,RTBRISCOE,2021-11-25,0.2,0.2,22676,2026-04-08T03:46:17.544601+00:00,0.0,0.0,0.0,0.0,0.2,0.2,0.2,0.0,0.0,44.5254287442323,-8.01337335376573e-09,3.770997819622164e-09,-1.1784371173387893e-08,20451.4
161196,RTBRISCOE,2021-11-29,0.2,0.2,150000,2026-04-08T03:46:23.244686+00:00,0.0,0.0,0.0,0.0,0.2,0.2,0.2,0.0,0.0,44.5254287442323,-7.419790198914811e-09,3.4916647795784672e-09,-1.0911454978493278e-08,26951.4
161305,RTBRISCOE,2021-11-30,0.2,0.2,500,2026-04-08T03:46:25.627389+00:00,0.0,0.0,0.0,0.0,0.2,0.2,0.2,0.0,0.0,44.52542874423231,-6.870176150197693e-09,3.233023062636469e-09,-1.0103199212834162e-08,26976.4
161414,RTBRISCOE,2021-12-01,0.2,0.2,500,2026-04-08T03:46:28.190956+00:00,0.0,0.0,0.0,0.0,0.2,0.2,0.2,0.0,0.0,44.52542874423231,-6.361274257349336e-09,2.993539964387862e-09,-9.354814221737198e-09,26726.4
161523,RTBRISCOE,2021-12-02,0.2,0.2,4147,2026-04-08T03:46:30.651544+00:00,0.0,0.0,0.0,0.0,0.2,0.2,0.2,0.0,0.0,44.525428744232315,-5.8900687660568e-09,2.7717963645443204e-09,-8.66186513060112e-09,26933.75
161632,RTBRISCOE,2021-12-03,0.2,0.2,250000,2026-04-08T03:46:33.124129+00:00,0.0,0.0,0.0,0.0,0.2,0.2,0.2,0.0,0.0,44.52542874423231,-5.4537674099019995e-09,2.566478176559296e-09,-8.020245586461296e-09,39433.75
161741,RTBRISCOE,2021-12-06,0.2,0.2,0,2026-04-08T03:46:37.622095+00:00,0.0,0.0,0.0,0.0,0.2,0.2,0.2,0.0,0.0,44.52542874423231,-5.049784645994038e-09,2.3763687523738067e-09,-7.426153398367844e-09,39433.75
161850,RTBRISCOE,2021-12-07,0.2,0.2,9000,2026-04-08T03:46:39.947423+00:00,0.0,0.0,0.0,0.0,0.2,0.2,0.2,0.0,0.0,44.52542874423231,-4.6757265281804905e-09,2.2003414961498832e-09,-6.876068024330374e-09,39758.75
161959,RTBRISCOE,2021-12-08,0.2,0.2,15000,2026-04-08T03:46:42.482337+00:00,0.0,0.0,0.0,0.0,0.2,0.2,0.2,0.0,0.0,44.52542874423231,-4.329376412925967e-09,2.037353289123526e-09,-6.366729702049493e-09,40508.75
162068,RTBRISCOE,2021-12-09,0.2,0.2,31000,2026-04-08T03:46:44.852467+00:00,0.0,0.0,0.0,0.0,0.2,0.2,0.2,0.0,0.0,44.52542874423231,-4.008681886435994e-09,1.886438252490799e-09,-5.895120138926793e-09,42053.75
162178,RTBRISCOE,2021-12-10,0.2,0.2,11111,2026-04-08T03:46:47.321476+00:00,0.0,0.0,0.0,0.0,0.2,0.2,0.2,0.0,0.0,44.52542874423231,-3.711742496692594e-09,1.7467021137873596e-09,-5.4584446104799534e-09,42609.3
162288,RTBRISCOE,2021-12-13,0.2,0.2,0,2026-04-08T03:46:51.775824+00:00,0.0,0.0,0.0,0.0,0.2,0.2,0.2,0.0,0.0,44.52542874423231,-3.4367986234684622e-09,1.6173167896091935e-09,-5.054115413077656e-09,42609.3
162398,RTBRISCOE,2021-12-14,0.2,0.2,1000,2026-04-08T03:46:54.126877+00:00,0.0,0.0,0.0,0.0,0.2,0.2,0.2,0.0,0.0,44.5254287442323,-3.1822209589638106e-09,1.4975155632910759e-09,-4.6797365222548865e-09,42659.3
162508,RTBRISCOE,2021-12-15,0.2,0.2,0,2026-04-08T03:46:56.822916+00:00,0.0,0.0,0.0,0.0,0.2,0.2,0.2,0.0,0.0,44.525428744232315,-2.946500876621627e-09,1.3865885165066081e-09,-4.333089393128235e-09,31377.95
162618,RTBRISCOE,2021-12-16,0.2,0.2,0,2026-04-08T03:46:59.215115+00:00,0.0,0.0,0.0,0.0,0.2,0.2,0.2,0.0,0.0,44.525428744232315,-2.7282415493434797e-09,1.2838782750278046e-09,-4.012119824371284e-09,30802.95
162728,RTBRISCOE,2021-12-17,0.2,0.2,500,2026-04-08T03:47:01.752329+00:00,0.0,0.0,0.0,0.0,0.2,0.2,0.2,0.0,0.0,44.52542874423232,-2.52614956730568e-09,1.1887762056524838e-09,-3.714925772958164e-09,30452.95
162839,RTBRISCOE,2021-12-20,0.2,0.2,75000,2026-04-08T03:47:06.293287+00:00,0.0,0.0,0.0,0.0,0.2,0.2,0.2,0.0,0.0,44.525428744232315,-2.3390273606871403e-09,1.100718729816819e-09,-3.4397460905039594e-09,32353.75
162950,RTBRISCOE,2021-12-21,0.2,0.2,5000,2026-04-08T03:47:08.729464+00:00,0.0,0.0,0.0,0.0,0.2,0.2,0.2,0.0,0.0,44.525428744232315,-2.165766066486441e-09,1.019184019214015e-09,-3.184950085700456e-09,31853.75
163061,RTBRISCOE,2021-12-22,0.2,0.2,0,2026-04-08T03:47:11.106283+00:00,0.0,0.0,0.0,0.0,0.2,0.2,0.2,0.0,0.0,44.525428744232315,-2.0053389504504082e-09,9.436889082000384e-10,-2.9490278586504466e-09,31353.75
163172,RTBRISCOE,2021-12-23,0.2,0.2,0,2026-04-08T03:47:13.420215+00:00,0.0,0.0,0.0,0.0,0.2,0.2,0.2,0.0,0.0,44.525428744232315,-1.8567953008474802e-09,8.737860462423734e-10,-2.7305813470898536e-09,28771.7
163283,RTBRISCOE,2021-12-24,0.2,0.2,0,2026-04-08T03:47:15.708642+00:00,0.0,0.0,0.0,0.0,0.2,0.2,0.2,0.0,0.0,44.525428744232315,-1.7192549051081585e-09,8.090611535853561e-10,-2.5283160586935146e-09,27637.9
163394,RTBRISCOE,2021-12-29,0.2,0.2,105,2026-04-08T03:47:22.624079+00:00,0.0,0.0,0.0,0.0,0.2,0.2,0.2,0.0,0.0,44.525428744232315,-1.5919026929989144e-09,7.491306925556802e-10,-2.3410333855545946e-09,20143.15
163505,RTBRISCOE,2021-12-30,0.2,0.2,0,2026-04-08T03:47:25.019388+00:00,0.0,0.0,0.0,0.0,0.2,0.2,0.2,0.0,0.0,44.525428744232315,-1.4739839626631834e-09,6.93639538313129e-10,-2.1676235009763125e-09,20118.15
163616,RTBRISCOE,2021-12-31,0.2,0.2,0,2026-04-08T03:47:27.803632+00:00,0.0,0.0,0.0,0.0,0.2,0.2,0.2,0.0,0.0,44.525428744232315,-1.3647999674848421e-09,6.422588267931765e-10,-2.0070587942780186e-09,20093.15
163727,RTBRISCOE,2022-01-04,0.2,0.2,0,2026-04-08T03:47:33.190226+00:00,0.0,0.0,0.0,0.0,0.2,0.2,0.2,0.0,0.0,44.525428744232315,-1.263703669485139e-09,5.946840998343039e-10,-1.8583877693194428e-09,19885.8
163839,RTBRISCOE,2022-01-05,0.2,0.2,11000,2026-04-08T03:47:35.481449+00:00,0.0,0.0,0.0,0.0,0.2,0.2,0.2,0.0,0.0,44.52542874423231,-1.170095992319986e-09,5.506334215995656e-10,-1.7207294139195517e-09,7935.8
163951,RTBRISCOE,2022-01-06,0.2,0.2,10020,2026-04-08T03:47:38.067383+00:00,0.0,0.0,0.0,0.0,0.2,0.2,0.2,0.0,0.0,44.5254287442323,-1.0834222130551296e-09,5.098457606915379e-10,-1.5932679737466675e-09,8436.8
164063,RTBRISCOE,2022-01-07,0.2,0.2,0,2026-04-08T03:47:40.483305+00:00,0.0,0.0,0.0,0.0,0.2,0.2,0.2,0.0,0.0,44.525428744232315,-1.0031687147638024e-09,4.720794071862922e-10,-1.4752481219500946e-09,7986.8
164175,RTBRISCOE,2022-01-10,0.2,0.2,0,2026-04-08T03:47:45.097739+00:00,0.0,0.0,0.0,0.0,0.2,0.2,0.2,0.0,0.0,44.52542874423231,-9.288599056578306e-10,4.3711057303381126e-10,-1.3659704786916419e-09,7236.8
164287,RTBRISCOE,2022-01-11,0.2,0.2,0,2026-04-08T03:47:47.617941+00:00,0.0,0.0,0.0,0.0,0.2,0.2,0.2,0.0,0.0,44.52542874423231,-8.600554712856479e-10,4.047320059247952e-10,-1.264787477210443e-09,5686.8
164399,RTBRISCOE,2022-01-12,0.2,0.2,0,2026-04-08T03:47:50.132225+00:00,0.0,0.0,0.0,0.0,0.2,0.2,0.2,0.0,0.0,44.5254287442323,-7.96347654485885e-10,3.7475185817964657e-10,-1.1710995126655315e-09,5131.25
164511,RTBRISCOE,2022-01-13,0.2,0.2,0,2026-04-08T03:47:52.673244+00:00,0.0,0.0,0.0,0.0,0.2,0.2,0.2,0.0,0.0,44.52542874423231,-7.373589239190181e-10,3.469924709972108e-10,-1.084351394916229e-09,5131.25
164623,RTBRISCOE,2022-01-14,0.2,0.2,10000,2026-04-08T03:47:55.308832+00:00,0.0,0.0,0.0,0.0,0.2,0.2,0.2,0.0,0.0,44.52542874423231,-6.827397258657442e-10,3.2128933524038786e-10,-1.004029061106132e-09,5581.25
164735,RTBRISCOE,2022-01-17,0.2,0.2,3000,2026-04-08T03:47:59.999655+00:00,0.0,0.0,0.0,0.0,0.2,0.2,0.2,0.0,0.0,44.52542874423231,-6.321664025588092e-10,2.9749012683785833e-10,-9.296565293966675e-10,5731.25
164847,RTBRISCOE,2022-01-18,0.2,0.2,0,2026-04-08T03:48:02.353596+00:00,0.0,0.0,0.0,0.0,0.2,0.2,0.2,0.0,0.0,44.52542874423231,-5.853392492927156e-10,2.754538240831616e-10,-8.607930733758772e-10,5731.25
164959,RTBRISCOE,2022-01-19,0.2,0.2,0,2026-04-08T03:48:04.820784+00:00,0.0,0.0,0.0,0.0,0.2,0.2,0.2,0.0,0.0,44.5254287442323,-5.419807658224585e-10,2.550498460427351e-10,-7.970306118651936e-10,5706.25
165071,RTBRISCOE,2022-01-20,0.2,0.2,0,2026-04-08T03:48:07.325935+00:00,0.0,0.0,0.0,0.0,0.2,0.2,0.2,0.0,0.0,44.52542874423231,-5.018340187845638e-10,2.3615727446450385e-10,-7.379912932490676e-10,1956.25
165183,RTBRISCOE,2022-01-21,0.2,0.2,4000,2026-04-08T03:48:09.696329+00:00,0.0,0.0,0.0,0.0,0.2,0.2,0.2,0.0,0.0,44.5254287442323,-4.6466111514043007e-10,2.1866414248691012e-10,-6.833252576273402e-10,1906.25
165295,RTBRISCOE,2022-01-24,0.2,0.2,8000,2026-04-08T03:48:14.136661+00:00,0.0,0.0,0.0,0.0,0.2,0.2,0.2,0.0,0.0,44.5254287442323,-4.3024175888639604e-10,2.0246679899275534e-10,-6.327085578791514e-10,2306.25
165407,RTBRISCOE,2022-01-25,0.2,0.2,0,2026-04-08T03:48:16.50614+00:00,0.0,0.0,0.0,0.0,0.2,0.2,0.2,0.0,0.0,44.5254287442323,-3.9837200205283807e-10,1.8746924466105067e-10,-5.858412467138887e-10,2306.25
165519,RTBRISCOE,2022-01-26,0.2,0.2,40000,2026-04-08T03:48:19.024911+00:00,0.0,0.0,0.0,0.0,0.2,0.2,0.2,0.0,0.0,44.5254287442323,-3.688629679476918e-10,1.7358262301295763e-10,-5.424455909606494e-10,4306.25
165631,RTBRISCOE,2022-01-27,0.2,0.2,50000,2026-04-08T03:48:21.585909+00:00,0.0,0.0,0.0,0.0,0.2,0.2,0.2,0.0,0.0,44.5254287442323,-3.4153976868900315e-10,1.6072465781731698e-10,-5.022644265063201e-10,6801.0
165743,RTBRISCOE,2022-01-28,0.2,0.2,0,2026-04-08T03:48:23.969021+00:00,0.0,0.0,0.0,0.0,0.2,0.2,0.2,0.0,0.0,44.5254287442323,-3.1624050600420617e-10,1.4881913640169119e-10,-4.6505964240589735e-10,6801.0
165855,RTBRISCOE,2022-01-31,0.22,0.22,30038834,2026-04-08T03:48:28.465348+00:00,9.999999999999986,0.0,0.0,0.0,0.20400000000000001,0.201,0.20040000000000002,2.2360679774997867,1.4142135623730931,99.9999849716577,0.0015954413026263436,0.0012763534141487889,0.00031908788847755484,1508742.7
165967,RTBRISCOE,2022-02-01,0.24,0.24,3368916,2026-04-08T03:48:30.807911+00:00,9.090909090909083,9.999999999999986,0.0,0.0,0.21200000000000002,0.203,0.20120000000000002,2.94172780954274,1.8917402197977744,99.99999276413047,0.004422691103133064,0.0032828825717244074,0.0011398085314086566,1677188.5
166079,RTBRISCOE,2022-02-02,0.26,0.26,1732980,2026-04-08T03:48:33.305516+00:00,8.333333333333348,9.090909090909083,0.0,0.0,0.22400000000000003,0.20600000000000002,0.20240000000000002,3.359860734241329,2.1994771692880324,99.99999535687326,0.008182813412896117,0.005634403905189969,0.0025484095077061486,1763287.5
166191,RTBRISCOE,2022-02-03,0.28,0.28,3532524,2026-04-08T03:48:35.918914+00:00,7.692307692307709,8.333333333333348,0.0,0.0,0.24000000000000005,0.21000000000000002,0.204,3.6244931810664403,2.4184546775254456,99.99999664969303,0.012630968346039273,0.0080660470706665,0.004564921275372774,1939412.7
166303,RTBRISCOE,2022-02-04,0.28,0.28,23614073,2026-04-08T03:48:38.317721+00:00,0.0,7.692307692307709,0.0,0.0,0.25599999999999995,0.21400000000000002,0.20560000000000003,3.6244931810664403,2.4184546775254456,99.99999664969305,0.015972047358091157,0.009125700866174707,0.00684634649191645,3120116.35
166415,RTBRISCOE,2022-02-07,0.3,0.3,3685279,2026-04-08T03:48:42.904693+00:00,7.14285714285714,0.0,9.999999999999986,0.0,0.27199999999999996,0.219,0.2076,3.790488117742519,2.581582841076502,99.99999746749356,0.020003125816444145,0.010525423459622155,0.00947770235682199,3304380.3
166527,RTBRISCOE,2022-02-08,0.3,0.3,305991,2026-04-08T03:48:45.378139+00:00,0.0,7.14285714285714,9.090909090909083,0.0,0.284,0.22399999999999998,0.2096,3.790488117742519,2.581582841076502,99.99999746749357,0.0229334223200946,0.010764575970618086,0.012168846349476512,3319679.85
166639,RTBRISCOE,2022-02-09,0.33,0.33,263870,2026-04-08T03:48:48.035665+00:00,10.000000000000009,0.0,8.333333333333348,0.0,0.29800000000000004,0.2305,0.21220000000000003,4.140485580376382,2.8843708520581415,99.99999822235647,0.027361051520161522,0.012153764136548006,0.015207287383613516,3332873.35
166751,RTBRISCOE,2022-02-10,0.36,0.36,626517,2026-04-08T03:48:50.398564+00:00,9.090909090909083,10.000000000000009,7.692307692307709,0.0,0.31399999999999995,0.23850000000000002,0.21539999999999998,4.333059212399227,3.0959106672285444,99.99999865431768,0.032911347314855954,0.014163247944993948,0.018748099369862006,3364199.2
166863,RTBRISCOE,2022-02-11,0.39,0.39,805316,2026-04-08T03:48:52.774016+00:00,8.333333333333348,9.090909090909083,0.0,0.0,0.336,0.248,0.2192,4.422309465842701,3.2490310336360144,99.9999989334275,0.03927797396523075,0.016423899676294994,0.022854074288935756,3403965.0
166975,RTBRISCOE,2022-02-14,0.42,0.42,19335495,2026-04-08T03:48:57.293433+00:00,7.692307692307687,8.333333333333348,7.14285714285714,9.999999999999986,0.36,0.259,0.22360000000000002,4.437814834047063,3.3618537552716,99.99999912816574,0.046211621922473356,0.018686038106830078,0.027525583815643278,4370589.75
167087,RTBRISCOE,2022-02-15,0.46,0.46,1110100,2026-04-08T03:48:59.662493+00:00,9.523809523809534,7.692307692307687,0.0,9.090909090909083,0.392,0.27199999999999996,0.2288,4.51119205859387,3.537592016883289,99.99999930925807,0.05430822220894577,0.02142611071464199,0.03288211149430378,4426094.75
167199,RTBRISCOE,2022-02-16,0.5,0.5,981943,2026-04-08T03:49:02.003783+00:00,8.695652173913038,9.523809523809534,10.000000000000009,8.333333333333348,0.426,0.28700000000000003,0.2348,4.489372571908208,3.661964957463404,99.99999943552639,0.06322369853357296,0.024273269631415344,0.038950428902157615,4475191.9
167311,RTBRISCOE,2022-02-17,0.55,0.55,715042,2026-04-08T03:49:04.32656+00:00,10.000000000000009,8.695652173913038,9.090909090909083,7.692307692307709,0.4640000000000001,0.3045,0.2418,4.485880988548244,3.8248681783483134,99.9999995469999,0.07347686433168743,0.02762114834362385,0.04585571598806358,4510944.0
167423,RTBRISCOE,2022-02-18,0.6,0.6,21912425,2026-04-08T03:49:06.711382+00:00,9.090909090909083,10.000000000000009,8.333333333333348,0.0,0.506,0.3245,0.2498,4.38211675477815,3.936860382345289,99.99999962644503,0.08466123224380911,0.031044413004596427,0.05361681923921269,5606365.25
167535,RTBRISCOE,2022-02-21,0.66,0.66,4220205,2026-04-08T03:49:10.978464+00:00,10.000000000000009,9.090909090909083,7.692307692307687,7.14285714285714,0.554,0.34750000000000003,0.259,4.262255824974496,4.06972416095825,99.99999969546462,0.09724543807531405,0.034902895068881085,0.062342543006432966,5816975.5
167647,RTBRISCOE,2022-02-22,0.72,0.72,870188,2026-04-08T03:49:13.528869+00:00,9.090909090909083,10.000000000000009,9.523809523809534,0.0,0.6060000000000001,0.3735,0.26940000000000003,4.04143577213081,4.158152393709593,99.99999974600398,0.1107829732643813,0.038752344206358674,0.07203062905802263,5860484.9
167759,RTBRISCOE,2022-02-23,0.79,0.79,1099852,2026-04-08T03:49:15.914345+00:00,9.722222222222232,9.090909090909083,8.695652173913038,10.000000000000009,0.664,0.4029999999999999,0.2812,3.7701401670786776,4.256634741538893,99.99999978982684,0.12571086581120744,0.04294418940254785,0.08276667640865959,5913477.5
167871,RTBRISCOE,2022-02-24,0.86,0.86,508592,2026-04-08T03:49:18.676795+00:00,8.860759493670889,9.722222222222232,10.000000000000009,9.090909090909083,0.7260000000000001,0.43600000000000005,0.2944,3.3834050645298643,4.318706950601117,99.99999982275915,0.14155795124463294,0.04703301986877868,0.09452493137585426,5936407.1
167983,RTBRISCOE,2022-02-25,0.94,0.94,3058684,2026-04-08T03:49:21.264729+00:00,9.302325581395344,8.860759493670889,9.090909090909083,8.333333333333348,0.794,0.473,0.30920000000000003,2.883504161074558,4.384622195416015,99.99999985141407,0.15874232927658016,0.05137391832058072,0.10736841095599944,6089341.3
168095,RTBRISCOE,2022-02-28,0.85,0.85,12647264,2026-04-08T03:49:25.620712+00:00,-9.57446808510638,9.302325581395344,10.000000000000009,7.692307692307687,0.8320000000000001,0.5045,0.3222,4.850044002265345,4.724601318448066,83.62097995040342,0.16321735674575155,0.04467915663180168,0.11853820011394987,5219762.8
168207,RTBRISCOE,2022-03-01,0.77,0.77,6015725,2026-04-08T03:49:28.049171+00:00,-9.411764705882353,-9.57446808510638,9.090909090909083,9.523809523809534,0.842,0.531,0.3336,6.063939064068534,5.0261304941935565,72.28704887714134,0.1584816391589685,0.031954751236014906,0.1265268879229536,5352103.25
168319,RTBRISCOE,2022-03-02,0.7,0.7,2628100,2026-04-08T03:49:30.283109+00:00,-9.090909090909093,-9.411764705882353,9.722222222222232,8.695652173913038,0.8240000000000001,0.553,0.3436,6.928256242060289,5.289017173103406,64.10018893920893,0.14738121496238377,0.016683461631544105,0.13069775333083966,5396859.25
168431,RTBRISCOE,2022-03-03,0.63,0.63,123000,2026-04-08T03:49:32.551227+00:00,-9.999999999999998,-9.090909090909093,8.860759493670889,10.000000000000009,0.7779999999999999,0.5704999999999999,0.35220000000000007,7.694889153320173,5.5735263290317745,57.131984862681506,0.1314206978287361,0.0005783555983171484,0.13084234223041896,5226383.05
168543,RTBRISCOE,2022-03-04,0.63,0.63,118200,2026-04-08T03:49:34.968546+00:00,0.0,-9.999999999999998,9.302325581395344,9.090909090909083,0.716,0.588,0.3608,7.694889153320173,5.5735263290317745,57.1319848626815,0.11741834739264478,-0.010739195870219348,0.12815754326286413,4051589.4
168655,RTBRISCOE,2022-03-07,0.62,0.62,8172783,2026-04-08T03:49:39.227432+00:00,-1.5873015873015928,0.0,-9.57446808510638,10.000000000000009,0.67,0.6039999999999999,0.36920000000000003,7.779656702263314,5.592380784887288,56.121197490459956,0.10431202329151756,-0.019076415977077252,0.12338843926859482,4275964.6
168767,RTBRISCOE,2022-03-08,0.56,0.56,2333211,2026-04-08T03:49:41.475537+00:00,-9.677419354838701,-1.5873015873015928,-9.411764705882353,9.090909090909083,0.628,0.617,0.3764,8.32268431738995,5.840509285811495,50.363696431888755,0.0880684699554034,-0.02825597545055314,0.11632444540595654,4377325.6
168879,RTBRISCOE,2022-03-09,0.61,0.61,1685172,2026-04-08T03:49:43.759827+00:00,8.92857142857142,-9.677419354838701,-9.090909090909093,9.722222222222232,0.61,0.631,0.3846,8.282012740395126,5.906544896278673,54.54835598305308,0.07832701398032349,-0.03039794514050645,0.10872495912082994,4448390.7
168991,RTBRISCOE,2022-03-10,0.67,0.67,3237959,2026-04-08T03:49:46.077826+00:00,9.836065573770503,8.92857142857142,-9.999999999999998,8.860759493670889,0.6180000000000001,0.6465000000000001,0.3940000000000001,8.310354788424071,5.987376100776047,59.01379661122655,0.0745885283704425,-0.027309144600309962,0.10189767297075246,4578962.8
169103,RTBRISCOE,2022-03-11,0.73,0.73,4387429,2026-04-08T03:49:48.438529+00:00,8.955223880596996,9.836065573770503,0.0,9.302325581395344,0.638,0.6635,0.4046,8.330582327896302,6.041051967831151,62.935359617028574,0.0755958284952315,-0.021041475580416774,0.09663730407564827,4758068.45
169215,RTBRISCOE,2022-03-14,0.8,0.8,2993493,2026-04-08T03:49:53.114563+00:00,9.589041095890426,8.955223880596996,-1.5873015873015928,-9.57446808510638,0.674,0.6825,0.41659999999999997,8.39118221782385,6.102220521323007,66.91287617209765,0.0811075784107188,-0.012423780531943582,0.09353135894266239,3940968.35
169327,RTBRISCOE,2022-03-15,0.8,0.8,589901,2026-04-08T03:49:55.533531+00:00,0.0,9.589041095890426,-9.677419354838701,-9.411764705882353,0.7220000000000001,0.6995,0.4286,8.307896444956613,6.102220521323007,66.91287617209765,0.0845015981062065,-0.007223808669164722,0.09172540677537122,3914958.4
169439,RTBRISCOE,2022-03-16,0.8,0.8,552010,2026-04-08T03:49:57.903122+00:00,0.0,0.0,8.92857142857142,-9.090909090909093,0.76,0.7144999999999999,0.44060000000000005,8.228814281745034,6.102220521323007,66.91287617209765,0.08619774917126144,-0.0044221260832878195,0.09061987525454926,3893461.75
169551,RTBRISCOE,2022-03-17,0.8,0.8,273498,2026-04-08T03:50:00.211329+00:00,0.0,0.0,9.836065573770503,-9.999999999999998,0.786,0.7270000000000001,0.45260000000000006,8.064178327378523,6.102220521323007,66.91287617209765,0.08654433192398236,-0.0032604346644535265,0.08980476658843589,3871384.55
169663,RTBRISCOE,2022-03-18,0.8,0.8,205342,2026-04-08T03:50:02.865266+00:00,0.0,0.0,8.955223880596996,0.0,0.8,0.737,0.4646,7.910162248230951,6.102220521323007,66.91287617209765,0.08582961092484376,-0.0031801245308737125,0.08900973545571747,2786030.4
169775,RTBRISCOE,2022-03-21,0.72,0.72,149334,2026-04-08T03:50:07.476142+00:00,-10.000000000000009,0.0,9.589041095890426,-1.5873015873015928,0.784,0.74,0.475,8.07442088573345,6.360704464153734,56.81893719404479,0.07790976272409578,-0.008879978185297357,0.08678974090939313,2582486.85
169887,RTBRISCOE,2022-03-24,0.65,0.65,1985606,2026-04-08T03:50:12.041871+00:00,-9.722222222222221,-10.000000000000009,0.0,-9.677419354838701,0.754,0.7365,0.484,8.146753968964173,6.592204841958202,49.74739613491596,0.06523284732209556,-0.017245514869838066,0.08247836219193362,2638257.75
169999,RTBRISCOE,2022-03-25,0.66,0.66,812263,2026-04-08T03:50:14.507747+00:00,1.538461538461533,-9.722222222222221,0.0,8.92857142857142,0.7260000000000001,0.7300000000000001,0.4932,7.821535562954119,6.583414994805104,50.69152052079589,0.05535511762170131,-0.021698595656185857,0.07705371327788717,2623878.3
170111,RTBRISCOE,2022-03-28,0.66,0.66,89408,2026-04-08T03:50:18.995306+00:00,0.0,1.538461538461533,0.0,9.836065573770503,0.6980000000000001,0.72,0.5024000000000001,7.501693856370507,6.583414994805104,50.69152052079588,0.046985328054478415,-0.024054708178727013,0.07104003623320543,2602919.1
170223,RTBRISCOE,2022-03-29,0.65,0.65,561621,2026-04-08T03:50:21.48252+00:00,-1.5151515151515138,0.0,0.0,8.955223880596996,0.668,0.7055,0.5114,7.095292123429457,6.599230753943039,49.610549504431866,0.03909463448409589,-0.025556321399287624,0.06465095588338352,2478065.95
170335,RTBRISCOE,2022-03-31,0.59,0.59,278017,2026-04-08T03:50:25.686443+00:00,-9.230769230769242,-1.5151515151515138,-10.000000000000009,9.589041095890426,0.642,0.6925000000000001,0.5192,7.075315175773917,6.79948953818322,43.60259054175788,0.027680619470444756,-0.02957626913035101,0.057256888600795766,1859603.6
170447,RTBRISCOE,2022-04-01,0.59,0.59,540044,2026-04-08T03:50:28.209626+00:00,0.0,-9.230769230769242,-9.722222222222221,0.0,0.63,0.6835000000000001,0.527,6.8351762086919825,6.79948953818322,43.60259054175787,0.01842256646008622,-0.031067457712567637,0.04949002417265386,1585819.55
170559,RTBRISCOE,2022-04-04,0.6,0.6,273878,2026-04-08T03:50:32.692631+00:00,1.6949152542372836,0.0,1.538461538461533,0.0,0.618,0.6785,0.535,6.5926107790472965,6.791429292258699,44.892565354826615,0.01175688314473311,-0.0301865128223366,0.04194339596706971,1468108.45
170671,RTBRISCOE,2022-04-05,0.56,0.56,619380,2026-04-08T03:50:35.152392+00:00,-6.666666666666654,1.6949152542372836,0.0,0.0,0.598,0.675,0.5422,6.38009612504447,6.904961619423472,40.86604955958884,0.0032096169216532244,-0.03098702323633319,0.034196640157986416,1492927.45
170783,RTBRISCOE,2022-04-06,0.51,0.51,429674,2026-04-08T03:50:37.478667+00:00,-8.92857142857143,-6.666666666666654,-1.5151515151515138,0.0,0.57,0.669,0.5484,6.657504351841537,7.079292504388404,36.463465817846,-0.007512139998670397,-0.033367024125325453,0.025854884126655053,1508501.15
170895,RTBRISCOE,2022-04-07,0.56,0.56,168504,2026-04-08T03:50:39.880974+00:00,9.80392156862746,-8.92857142857143,-9.230769230769242,-10.000000000000009,0.5640000000000001,0.666,0.5556,7.064944515287658,7.1542981063314866,43.06859823513703,-0.011838164480420521,-0.03015443888566046,0.01831627440523994,1108287.2
171007,RTBRISCOE,2022-04-08,0.6,0.6,283053,2026-04-08T03:50:42.48638+00:00,7.14285714285714,9.80392156862746,0.0,-9.722222222222221,0.5660000000000001,0.668,0.5636,6.88496119810736,7.1780558483180545,47.74844761605652,-0.011901708852385173,-0.02417438660610009,0.012272677753714916,1005779.3
171119,RTBRISCOE,2022-04-11,0.6,0.6,271879,2026-04-08T03:50:47.197044+00:00,0.0,7.14285714285714,1.6949152542372836,1.538461538461533,0.5660000000000001,0.6675,0.5716,6.598035046212106,7.1780558483180545,47.748447616056524,-0.011815862319281778,-0.019270832058397355,0.0074549697391155766,935114.65
171231,RTBRISCOE,2022-04-12,0.6,0.6,316000,2026-04-08T03:50:49.473284+00:00,0.0,0.0,-6.666666666666654,0.0,0.5740000000000001,0.6639999999999999,0.5796,6.190050746001485,7.1780558483180545,47.74844761605652,-0.011613949937855694,-0.015255135741577018,0.003641185803721323,789016.7
171343,RTBRISCOE,2022-04-13,0.6,0.6,282392,2026-04-08T03:50:51.878986+00:00,0.0,0.0,-8.92857142857143,-1.5151515151515138,0.592,0.6575,0.5876,5.79128108964946,7.1780558483180545,47.748447616056524,-0.011323403770780005,-0.011971671659601063,0.0006482678888210577,583764.85
171455,RTBRISCOE,2022-04-14,0.57,0.57,1241145,2026-04-08T03:50:54.439705+00:00,-5.000000000000004,0.0,9.80392156862746,-9.230769230769242,0.594,0.646,0.5946,5.310745951706745,7.170585632312657,44.09215208078752,-0.013359888639643436,-0.011206525222771595,-0.002153363416871841,496147.45
171567,RTBRISCOE,2022-04-19,0.59,0.59,15074196,2026-04-08T03:51:01.439974+00:00,3.5087719298245723,-5.000000000000004,7.14285714285714,0.0,0.592,0.6355,0.6016,5.421247451293776,7.103854584509337,47.00558842922241,-0.013207734179184305,-0.008843496609849972,-0.004364237569334334,1220362.2
171679,RTBRISCOE,2022-04-20,0.58,0.58,3171429,2026-04-08T03:51:03.698116+00:00,-1.6949152542372947,3.5087719298245723,0.0,1.6949152542372836,0.588,0.6245,0.608,5.411964900325925,7.064674962482644,45.72261257004102,-0.013735730152566239,-0.007497194066585524,-0.006238536085980715,1351333.15
171791,RTBRISCOE,2022-04-21,0.58,0.58,9201,2026-04-08T03:51:06.083072+00:00,0.0,-1.6949152542372947,0.0,-6.666666666666654,0.584,0.6134999999999999,0.614,5.411964900325925,7.018741931344653,45.72261257004102,-0.013992869674132491,-0.00620346687052142,-0.007789402803611071,1338118.3
171903,RTBRISCOE,2022-04-22,0.53,0.53,2966355,2026-04-08T03:51:08.393199+00:00,-8.620689655172399,0.0,0.0,-8.92857142857143,0.5700000000000001,0.6,0.6190000000000001,5.629053357954883,7.165916312981236,39.47479617652426,-0.01802347334858878,-0.008187256435982167,-0.009836216912606614,1476168.95
172015,RTBRISCOE,2022-04-25,0.58,0.58,463248,2026-04-08T03:51:12.880327+00:00,9.433962264150942,-8.620689655172399,-5.000000000000004,9.80392156862746,0.572,0.593,0.6246,5.828247951513911,7.20968926521872,47.2389687429675,-0.01698735402403362,-0.005720909689141603,-0.011266444334892016,1491864.65
172127,RTBRISCOE,2022-04-26,0.58,0.58,246251,2026-04-08T03:51:15.284155+00:00,0.0,9.433962264150942,3.5087719298245723,7.14285714285714,0.57,0.5894999999999999,0.6302,5.447849922609431,7.20968926521872,47.238968742967494,-0.01598199154440738,-0.003772437767612293,-0.012209553776795088,1404896.9
172239,RTBRISCOE,2022-04-27,0.58,0.58,10073,2026-04-08T03:51:17.680395+00:00,0.0,0.0,-1.6949152542372947,0.0,0.57,0.5854999999999999,0.6352,5.42947218528688,7.109417407485317,47.23896874296751,-0.015012183430234027,-0.002242103722751151,-0.012770079707482876,1364787.4
172351,RTBRISCOE,2022-04-28,0.56,0.56,309515,2026-04-08T03:51:20.413235+00:00,-3.44827586206895,0.0,0.0,0.0,0.566,0.5805,0.6392,5.467256855402124,7.052881452432135,44.39387848098502,-0.01567672484015259,-0.0023253161061357695,-0.01335140873401682,1375792.75
172463,RTBRISCOE,2022-04-29,0.56,0.56,381550,2026-04-08T03:51:22.882631+00:00,0.0,-3.44827586206895,-8.620689655172399,0.0,0.572,0.576,0.6426000000000001,5.4655146726842005,6.97727896701584,44.39387848098502,-0.016018724807010054,-0.0021338528583945866,-0.013884871948615467,1366789.2
172575,RTBRISCOE,2022-05-04,0.57,0.57,1478767,2026-04-08T03:51:29.674847+00:00,1.7857142857142572,0.0,9.433962264150942,-5.000000000000004,0.57,0.575,0.6456000000000001,5.092329043847714,6.9107367220202,46.270379419166055,-0.015306403130821211,-0.0011372249457645943,-0.014169178185056617,1426826.7
172687,RTBRISCOE,2022-05-05,0.57,0.57,1205193,2026-04-08T03:51:32.050072+00:00,0.0,1.7857142857142572,0.0,3.5087719298245723,0.568,0.574,0.6478,5.092329043847714,6.797007775410226,46.270379419166055,-0.014573884402971804,-0.00032376497433214864,-0.014250119428639655,1460084.15
172800,RTBRISCOE,2022-05-09,0.67,0.67,1791474,2026-04-08T03:51:37.853933+00:00,17.543859649122815,0.0,0.0,-1.6949152542372947,0.5860000000000001,0.5774999999999999,0.6512,6.434392506816954,7.118186612287696,61.383857902930444,-0.005856681588810808,0.006714750271863079,-0.012571431860673887,1535963.95
172913,RTBRISCOE,2022-05-10,0.69,0.69,1700978,2026-04-08T03:51:40.332012+00:00,2.985074626865658,17.543859649122815,-3.44827586206895,0.0,0.612,0.584,0.654,6.207350039040699,7.002006173966366,63.58977266927997,0.0026352201213017956,0.012165321585580547,-0.009530101464278752,1590043.85
173026,RTBRISCOE,2022-05-11,0.63,0.63,562671,2026-04-08T03:51:42.74313+00:00,-8.695652173913038,2.985074626865658,0.0,-8.620689655172399,0.626,0.59,0.6546,6.1874832786024765,7.018440949742413,53.68241528380757,0.004472063681973393,0.011201732117001716,-0.0067296684350283235,1596693.7
173139,RTBRISCOE,2022-05-12,0.67,0.67,709964,2026-04-08T03:51:45.11326+00:00,6.349206349206349,-8.695652173913038,1.7857142857142572,9.433962264150942,0.6459999999999999,0.5954999999999999,0.6547999999999999,5.98050073546331,6.934349278486033,58.342146532728194,0.00905110563199285,0.01262461925361694,-0.0035735136216240885,1623766.7
173252,RTBRISCOE,2022-05-13,0.69,0.69,1206336,2026-04-08T03:51:47.585464+00:00,2.985074626865658,6.349206349206349,0.0,0.0,0.6699999999999999,0.6,0.6542,5.828420294296564,6.828692206484815,60.48284418113426,0.014130969203865695,0.014163586260391827,-3.261705652613184e-05,1669930.85
173365,RTBRISCOE,2022-05-16,0.64,0.64,626343,2026-04-08T03:51:52.042574+00:00,-7.246376811594191,2.985074626865658,17.543859649122815,0.0,0.6639999999999999,0.602,0.6511999999999999,6.103227123026021,6.764207213126741,53.13196902709379,0.013961278621100859,0.011195116542101593,0.0027661620789992667,1687654.05
173478,RTBRISCOE,2022-05-17,0.64,0.64,947715,2026-04-08T03:51:54.492158+00:00,0.0,-7.246376811594191,2.985074626865658,-3.44827586206895,0.654,0.604,0.6467999999999999,6.103227123026021,6.636924930671271,53.131969027093795,0.013669227268551798,0.008722452151642024,0.004946775116909773,1719239.8
173591,RTBRISCOE,2022-05-18,0.65,0.65,290040,2026-04-08T03:51:57.297116+00:00,1.5625,0.0,-8.695652173913038,0.0,0.658,0.6065,0.6410000000000001,6.106566490988948,6.495370109391782,54.4169870865565,0.014082358234291825,0.007308466493905642,0.0067738917403861836,1719622.2
173704,RTBRISCOE,2022-05-19,0.65,0.65,668460,2026-04-08T03:51:59.624655+00:00,0.0,1.5625,6.349206349206349,1.7857142857142572,0.6540000000000001,0.6105,0.637,5.967185728637871,6.363054421726988,54.4169870865565,0.014245553626432539,0.0059773295088370836,0.008268224117595455,1690987.95
173817,RTBRISCOE,2022-05-20,0.65,0.65,553649,2026-04-08T03:52:02.40298+00:00,0.0,0.0,2.985074626865658,0.0,0.646,0.6134999999999999,0.6346,5.935544437348151,6.226902739121983,54.41698708655651,0.014211070772680245,0.004754277324067831,0.009456793448612414,964960.6
173930,RTBRISCOE,2022-05-23,0.65,0.65,459650,2026-04-08T03:52:07.648814+00:00,0.0,0.0,-7.246376811594191,17.543859649122815,0.648,0.617,0.6335999999999999,5.912402488044087,6.091755327926997,54.41698708655651,0.014022104767345223,0.0036522490549862462,0.010369855712358976,829371.65
174043,RTBRISCOE,2022-05-24,0.6,0.6,1335998,2026-04-08T03:52:10.277037+00:00,-7.692307692307699,0.0,0.0,2.985074626865658,0.64,0.618,0.633,6.2054467029297085,6.022544740029918,45.94509500876071,0.009725654423936358,-0.000515361030738095,0.010241015454674453,895711.5
174156,RTBRISCOE,2022-05-25,0.55,0.55,633215,2026-04-08T03:52:13.066486+00:00,-8.333333333333325,-7.692307692307699,1.5625,-8.695652173913038,0.62,0.619,0.6314,6.18388545534812,6.138939617291788,39.34799310921971,0.002260051967716503,-0.006384770789566362,0.008644822757282865,779054.5
174269,RTBRISCOE,2022-05-26,0.56,0.56,616500,2026-04-08T03:52:15.508934+00:00,1.81818181818183,-8.333333333333325,0.0,6.349206349206349,0.6020000000000001,0.6180000000000001,0.6302,5.819568938634374,6.140860667991855,41.16746877419232,-0.002817101546047973,-0.00916953944266467,0.006352437896616697,786717.1
174382,RTBRISCOE,2022-05-27,0.56,0.56,335045,2026-04-08T03:52:18.156913+00:00,0.0,1.81818181818183,0.0,2.985074626865658,0.584,0.617,0.6302,5.819568938634374,5.980690284947245,41.16746877419232,-0.006762824651748933,-0.010492210038692506,0.003729385386943572,791156.8
174495,RTBRISCOE,2022-05-30,0.56,0.56,131201,2026-04-08T03:52:22.656757+00:00,0.0,0.0,0.0,-7.246376811594191,0.5660000000000001,0.616,0.6292,5.819568938634374,5.845712803221255,41.16746877419233,-0.009777133926565984,-0.010805215450807645,0.0010280815242416606,797213.2
174608,RTBRISCOE,2022-05-31,0.56,0.56,103566,2026-04-08T03:52:25.114026+00:00,0.0,0.0,-7.692307692307699,0.0,0.558,0.616,0.627,5.763443561548416,5.670653562757698,41.16746877419232,-0.012027351917644036,-0.010444346753508558,-0.0015830051641354788,786915.75
174721,RTBRISCOE,2022-06-01,0.56,0.56,23047,2026-04-08T03:52:27.834682+00:00,0.0,0.0,-8.333333333333325,1.5625,0.56,0.616,0.6236,5.763443561548416,5.514807656162488,41.16746877419233,-0.01365327938167793,-0.00965621937403396,-0.003997060007643969,768990.6
174834,RTBRISCOE,2022-06-02,0.56,0.56,2998,2026-04-08T03:52:30.493727+00:00,0.0,0.0,1.81818181818183,0.0,0.56,0.6154999999999999,0.6188,5.750638010417691,5.3244626402147,41.16746877419232,-0.014771561248010046,-0.00861960099229286,-0.006151960255717185,695202.15
174947,RTBRISCOE,2022-06-03,0.56,0.56,46686,2026-04-08T03:52:33.10221+00:00,0.0,0.0,0.0,0.0,0.56,0.615,0.614,5.750638010417691,5.3244626402147,41.16746877419232,-0.01547937112906217,-0.007461928698675988,-0.008017442430386181,637276.8
175060,RTBRISCOE,2022-06-06,0.56,0.56,120242,2026-04-08T03:52:37.969718+00:00,0.0,0.0,0.0,0.0,0.56,0.6095,0.6092,4.022237828905855,5.3244626402147,41.16746877419233,-0.015857519940381537,-0.006272062007996284,-0.009585457932385253,553715.2
175173,RTBRISCOE,2022-06-07,0.56,0.56,31316,2026-04-08T03:52:40.734023+00:00,0.0,0.0,0.0,-7.692307692307699,0.56,0.603,0.6043999999999999,3.928152988436052,5.3244626402147,41.16746877419233,-0.015973077898647436,-0.005110095973009746,-0.01086298192563769,470232.1
175286,RTBRISCOE,2022-06-08,0.56,0.56,165457,2026-04-08T03:52:43.634804+00:00,0.0,0.0,0.0,-8.333333333333325,0.56,0.5995,0.5996,3.4832209200597055,5.3244626402147,41.16746877419233,-0.015881585382774177,-0.00401488276570919,-0.011866702617064987,450371.4
175399,RTBRISCOE,2022-06-09,0.56,0.56,322876,2026-04-08T03:52:46.431396+00:00,0.0,0.0,0.0,1.81818181818183,0.56,0.5940000000000001,0.5964,3.090671849649198,5.148017629684979,41.16746877419232,-0.015628916484209388,-0.0030097710937155193,-0.012619145390493868,431017.0
175512,RTBRISCOE,2022-06-10,0.56,0.56,314642,2026-04-08T03:52:48.916453+00:00,0.0,0.0,0.0,0.0,0.56,0.5875000000000001,0.5946,2.965502956507264,4.968143387915692,41.16746877419233,-0.015252849210585007,-0.00210696305607291,-0.013145886154512097,386432.3
175625,RTBRISCOE,2022-06-14,0.56,0.56,1701,2026-04-08T03:52:55.08065+00:00,0.0,0.0,0.0,0.0,0.56,0.5835000000000001,0.5926,2.5789480085332257,4.962053661264634,41.16746877419233,-0.014784387965317114,-0.001310801448644013,-0.013473586516673101,355200.2
175738,RTBRISCOE,2022-06-15,0.56,0.56,108902,2026-04-08T03:52:57.782204+00:00,0.0,0.0,0.0,0.0,0.56,0.5795,0.5906,2.5789480085332257,4.962053661264634,41.16746877419232,-0.014248876870416982,-0.0006202322829951031,-0.013628644587421879,313259.55
175851,RTBRISCOE,2022-06-16,0.56,0.56,6693,2026-04-08T03:53:00.45527+00:00,0.0,0.0,0.0,0.0,0.56,0.575,0.5888,2.5322055327839035,4.95854058377143,41.16746877419233,-0.01366693653258444,-3.0633556130046924e-05,-0.013636302976454392,299092.2
175964,RTBRISCOE,2022-06-17,0.56,0.56,0,2026-04-08T03:53:03.647185+00:00,0.0,0.0,0.0,0.0,0.56,0.5705000000000001,0.5882000000000001,2.5322055327839035,4.783389821358379,41.167468774192336,-0.013055251805991097,0.00046484093637063663,-0.013520092742361734,265669.2
176077,RTBRISCOE,2022-06-20,0.55,0.55,401900,2026-04-08T03:53:09.449588+00:00,-1.7857142857142905,0.0,0.0,0.0,0.558,0.5655000000000001,0.5874,2.537316472933917,4.790095241849287,37.486741023165415,-0.013224954634945107,0.00023611048593330172,-0.01346106512087841,258081.75
176190,RTBRISCOE,2022-06-21,0.55,0.55,134210,2026-04-08T03:53:11.833027+00:00,0.0,-1.7857142857142905,0.0,0.0,0.556,0.5605,0.5864,2.537316472933917,4.783632437683759,37.486741023165415,-0.013207200958086363,0.00020309133023363804,-0.01341029228832,241809.75
176303,RTBRISCOE,2022-06-22,0.52,0.52,882275,2026-04-08T03:53:14.63862+00:00,-5.454545454545457,0.0,0.0,0.0,0.548,0.5565,0.5856,2.2505029175257154,4.752457781003854,28.592290870088394,-0.015435944362734544,-0.001620521659531634,-0.01381542270320291,219123.6
176416,RTBRISCOE,2022-06-23,0.48,0.48,858171,2026-04-08T03:53:17.250825+00:00,-7.692307692307699,-5.454545454545457,0.0,0.0,0.532,0.553,0.585,2.1376188040959794,4.708278662556329,21.32648086791122,-0.020197085840874984,-0.0051053305101376595,-0.015091755330737325,230371.4
176529,RTBRISCOE,2022-06-24,0.48,0.48,526600,2026-04-08T03:53:19.718295+00:00,0.0,-7.692307692307699,0.0,0.0,0.516,0.549,0.5833999999999999,2.0642745731361765,4.490114175340123,21.32648086791122,-0.02369715867029132,-0.006884322671643194,-0.016812835998648124,225876.4
176642,RTBRISCOE,2022-06-27,0.45,0.45,2596340,2026-04-08T03:53:24.073012+00:00,-6.249999999999989,0.0,-1.7857142857142905,0.0,0.496,0.5435000000000001,0.5804,2.3923109407485557,4.441682561123253,17.465870667219598,-0.02856249027544322,-0.009399723421436076,-0.019162766854007144,338941.15
176755,RTBRISCOE,2022-06-28,0.45,0.45,64044,2026-04-08T03:53:26.399159+00:00,0.0,-6.249999999999989,0.0,0.0,0.476,0.538,0.5774,2.3923109407485557,4.441682561123253,17.4658706672196,-0.0320488613019817,-0.010308875558379643,-0.02173998574360206,335583.3
176868,RTBRISCOE,2022-06-29,0.47,0.47,916454,2026-04-08T03:53:28.994117+00:00,4.444444444444429,0.0,-5.454545454545457,0.0,0.466,0.5335,0.5748000000000001,2.68445611094804,4.49560555170015,27.599324276694844,-0.03281967778941808,-0.008863753636652816,-0.023955924152765262,376227.7
176981,RTBRISCOE,2022-06-30,0.44,0.44,539700,2026-04-08T03:53:31.346855+00:00,-6.382978723404253,4.444444444444429,-7.692307692307699,0.0,0.458,0.5275000000000001,0.5716,2.9463731125115395,4.574245833535613,23.03138864221374,-0.03544274281188908,-0.009189454927299053,-0.02625328788459003,402060.35
177094,RTBRISCOE,2022-07-01,0.44,0.44,0,2026-04-08T03:53:33.724657+00:00,0.0,-6.382978723404253,0.0,0.0,0.45,0.5215000000000001,0.569,2.9463731125115395,4.52868089936213,23.031388642213745,-0.03709394483448725,-0.008672525559917772,-0.028421419274569475,401910.45
177207,RTBRISCOE,2022-07-04,0.4,0.4,673995,2026-04-08T03:53:38.198731+00:00,-9.090909090909083,0.0,-6.249999999999989,-1.7857142857142905,0.44000000000000006,0.5135000000000001,0.5652,3.421560040964592,4.654541964021015,18.33804233263189,-0.04115578180564555,-0.010187490024860864,-0.03096829178078469,433275.9
177320,RTBRISCOE,2022-07-06,0.37,0.37,1166695,2026-04-08T03:53:41.625349+00:00,-7.500000000000007,-9.090909090909083,0.0,0.0,0.42400000000000004,0.504,0.561,3.639786583266139,4.7520186886629485,15.746324992415882,-0.04626228334366822,-0.012235193250306822,-0.0340270900933614,485598.55
177433,RTBRISCOE,2022-07-07,0.34,0.34,2132050,2026-04-08T03:53:44.268487+00:00,-8.108108108108103,-7.500000000000007,4.444444444444429,-5.454545454545457,0.398,0.493,0.5562,3.8523287531408466,4.8617370779502,13.666292751957181,-0.052129060521963255,-0.014481576342881483,-0.03764748417908177,590635.25
177546,RTBRISCOE,2022-07-13,0.37,0.37,1338200,2026-04-08T03:53:51.5999+00:00,8.823529411764696,-8.108108108108103,-6.382978723404253,-7.692307692307699,0.384,0.4835000000000001,0.5529999999999999,4.577545078151255,4.925381431520436,24.41835736488557,-0.05373831260727169,-0.01287266274255193,-0.04086564986471976,649272.4
177659,RTBRISCOE,2022-07-14,0.37,0.37,49580,2026-04-08T03:53:54.010732+00:00,0.0,8.823529411764696,0.0,0.0,0.37,0.47400000000000003,0.5488000000000001,4.577545078151255,4.709150012497778,24.418357364885573,-0.05438672022274388,-0.01081685628641929,-0.04356986393632459,635607.6
177772,RTBRISCOE,2022-07-15,0.37,0.37,4725,2026-04-08T03:53:56.616585+00:00,0.0,0.0,-9.090909090909083,-6.249999999999989,0.364,0.4645,0.5446,4.577545078151255,4.709150012497778,24.418357364885573,-0.05427494020383755,-0.008564061014010367,-0.045710879189827185,620111.75
177885,RTBRISCOE,2022-07-18,0.4,0.4,404083,2026-04-08T03:54:01.214275+00:00,8.108108108108114,0.0,-7.500000000000007,0.0,0.37,0.45649999999999996,0.541,5.089709238392188,4.873560545500955,34.59240377014771,-0.0511756830357048,-0.004371843076702089,-0.04680383995900271,640230.85
177998,RTBRISCOE,2022-07-19,0.44,0.44,580517,2026-04-08T03:54:03.665978+00:00,9.999999999999986,8.108108108108114,-8.108108108108103,4.444444444444429,0.39,0.45050000000000007,0.5386000000000001,5.703582179494938,5.0812660970911585,45.186999390475094,-0.044973408239752266,0.0014643453754003555,-0.04643775361515262,663811.6
178111,RTBRISCOE,2022-07-20,0.48,0.48,617956,2026-04-08T03:54:06.203384+00:00,9.090909090909083,9.999999999999986,8.823529411764696,-6.382978723404253,0.41200000000000003,0.4465,0.537,6.136980524132202,5.253993827942116,53.32831131366566,-0.03641067547096044,0.008021662515353745,-0.044432337986314185,694374.75
178224,RTBRISCOE,2022-07-21,0.44,0.44,741818,2026-04-08T03:54:08.685258+00:00,-8.333333333333325,9.090909090909083,0.0,0.0,0.426,0.4405,0.5344,6.373171486334855,5.370535681627215,45.974499518551,-0.03247792842451713,0.009563527649437645,-0.04204145607395478,731465.65
178337,RTBRISCOE,2022-07-22,0.4,0.4,1004497,2026-04-08T03:54:11.171489+00:00,-9.090909090909083,-8.333333333333325,0.0,-9.090909090909083,0.43200000000000005,0.433,0.531,6.624557667047832,5.50959369341043,40.029884913747786,-0.03221748069953145,0.007859180299538665,-0.04007666099907012,761595.5
178450,RTBRISCOE,2022-07-25,0.38,0.38,990282,2026-04-08T03:54:15.900169+00:00,-5.000000000000004,-9.090909090909083,8.108108108108114,-7.500000000000007,0.42800000000000005,0.4245,0.5252,6.6642900327738825,4.8849496704654065,37.42424482586112,-0.03324171703238277,0.0054679551733498866,-0.038709672205732654,804399.1
178563,RTBRISCOE,2022-07-26,0.37,0.37,937782,2026-04-08T03:54:18.382379+00:00,-2.631578947368418,-5.000000000000004,9.999999999999986,-8.108108108108103,0.41400000000000003,0.417,0.5188,6.608502331881684,4.855702018977785,36.15695310004896,-0.03446307920732461,0.0033972743987264395,-0.03786035360605105,807174.45
178676,RTBRISCOE,2022-07-27,0.35,0.35,541300,2026-04-08T03:54:20.730044+00:00,-5.405405405405405,-2.631578947368418,9.090909090909083,8.823529411764696,0.388,0.41050000000000003,0.5132,6.514483081526181,4.77255313059861,33.69909676893116,-0.0366226868462981,0.0009901334078023585,-0.03761282025410046,791330.9
178789,RTBRISCOE,2022-07-28,0.38,0.38,373851,2026-04-08T03:54:23.385493+00:00,8.571428571428585,-5.405405405405405,-8.333333333333325,0.0,0.376,0.40549999999999997,0.5074000000000001,6.880750070817862,4.852600500976029,40.25921320887922,-0.035504172183427773,0.00168691845653815,-0.037191090639965924,783693.45
178902,RTBRISCOE,2022-07-29,0.39,0.39,286009,2026-04-08T03:54:25.692024+00:00,2.6315789473684292,8.571428571428585,-9.090909090909083,0.0,0.374,0.40249999999999997,0.5014,6.806055821815803,4.846912550451524,42.308338795414286,-0.03342551628307722,0.003012459485510967,-0.036437975768588184,668176.9
179015,RTBRISCOE,2022-08-01,0.39,0.39,10106,2026-04-08T03:54:30.144665+00:00,0.0,2.6315789473684292,-5.000000000000004,8.108108108108114,0.376,0.3995,0.4964,6.806055821815803,4.764542955652512,42.30833879541429,-0.03141602215849404,0.004017562888075317,-0.035433585046569356,665480.0
179128,RTBRISCOE,2022-08-02,0.39,0.39,128000,2026-04-08T03:54:32.509592+00:00,0.0,0.0,-2.631578947368418,9.999999999999986,0.38,0.3955,0.4914,6.70819091147746,4.764542955652512,42.308338795414286,-0.02948361482831069,0.004759976174606939,-0.03424359100291763,626057.3
179241,RTBRISCOE,2022-08-03,0.4,0.4,273750,2026-04-08T03:54:34.924873+00:00,2.564102564102577,0.0,-5.405405405405405,9.090909090909083,0.39,0.3935,0.4864,6.607955757798804,4.777085167442045,44.6783312336934,-0.02683590407300107,0.005926149543933244,-0.032762053616934315,612759.8
179354,RTBRISCOE,2022-08-04,0.4,0.4,110164,2026-04-08T03:54:37.32089+00:00,0.0,2.564102564102577,8.571428571428585,-8.333333333333325,0.394,0.3915,0.4814,6.607955757798804,4.777085167442045,44.67833123369339,-0.0244556645459294,0.0066451112568039344,-0.031100775802733335,618268.0
179467,RTBRISCOE,2022-08-05,0.4,0.4,0,2026-04-08T03:54:40.805957+00:00,0.0,0.0,2.6315789473684292,-9.090909090909083,0.396,0.3915,0.4764,6.2733437705825645,4.777085167442045,44.6783312336934,-0.022312107485734478,0.007030934653599087,-0.029343042139333565,584568.25
179580,RTBRISCOE,2022-08-08,0.36,0.36,411196,2026-04-08T03:54:45.81173+00:00,-10.000000000000009,0.0,0.0,-5.000000000000004,0.39,0.391,0.4706,6.4567776697961,4.946916031416122,37.07027425618456,-0.02356929659828,0.0046189964328428555,-0.028188293031122854,546793.3
179693,RTBRISCOE,2022-08-09,0.39,0.39,357030,2026-04-08T03:54:48.637408+00:00,8.333333333333348,-10.000000000000009,0.0,-2.631578947368418,0.39,0.3935,0.4664,6.408424439869928,5.026551667294616,44.67901311167739,-0.02189251545741644,0.005036622058965132,-0.026929137516381572,458042.3
179806,RTBRISCOE,2022-08-10,0.39,0.39,7112,2026-04-08T03:54:51.561754+00:00,0.0,8.333333333333348,2.564102564102577,-5.405405405405405,0.388,0.3945,0.4632,6.13071076902194,4.906131171640316,44.67901311167739,-0.020329310683720847,0.005279861466128584,-0.02560917214984943,391487.9
179919,RTBRISCOE,2022-08-11,0.39,0.39,151238,2026-04-08T03:54:54.196076+00:00,0.0,0.0,0.0,8.571428571428585,0.386,0.3955,0.45980000000000004,6.13071076902194,4.894818222667805,44.6790131116774,-0.018872904542691915,0.005389014085726014,-0.02426191862841793,396570.8
180032,RTBRISCOE,2022-08-12,0.38,0.38,263020,2026-04-08T03:54:57.115593+00:00,-2.564102564102566,0.0,0.0,2.6315789473684292,0.382,0.396,0.4562,6.167140345584479,4.9017968197677995,42.5377776285847,-0.01831449056276674,0.004757942452520952,-0.02307243301528769,409485.55
180145,RTBRISCOE,2022-08-15,0.38,0.38,19130,2026-04-08T03:55:01.874457+00:00,0.0,-2.564102564102566,-10.000000000000009,0.0,0.386,0.395,0.45260000000000006,5.887978056660903,4.9017968197677995,42.53777762858469,-0.01766827458917558,0.004323326740889689,-0.02199160133006527,390237.9
180258,RTBRISCOE,2022-08-16,0.38,0.38,46445,2026-04-08T03:55:04.540652+00:00,0.0,0.0,8.333333333333348,0.0,0.384,0.392,0.44900000000000007,5.3893825907724855,4.9017968197677995,42.5377776285847,-0.01696063216440563,0.0040247753325277115,-0.020985407496933343,363534.3
180371,RTBRISCOE,2022-08-17,0.38,0.38,0,2026-04-08T03:55:07.214991+00:00,0.0,0.0,0.0,2.564102564102577,0.382,0.387,0.4454,4.88999208492749,4.9017968197677995,42.5377776285847,-0.016212927903809127,0.0038179836744993735,-0.0200309115783085,332636.5
180484,RTBRISCOE,2022-08-18,0.35,0.35,110900,2026-04-08T03:55:09.916723+00:00,-7.8947368421052655,0.0,0.0,0.0,0.374,0.3825,0.44120000000000004,4.856460669180044,5.006322361145478,35.64466485442983,-0.01783551940443795,0.0017563137390964427,-0.019591833143534392,301090.6
180597,RTBRISCOE,2022-08-19,0.35,0.35,106805,2026-04-08T03:55:12.400686+00:00,0.0,-7.8947368421052655,-2.564102564102566,0.0,0.368,0.38,0.43700000000000006,4.471936083572353,5.006322361145478,35.644664854429834,-0.018903526769267487,0.0005506450994135249,-0.019454171868681012,256206.0
180710,RTBRISCOE,2022-08-22,0.35,0.35,335068,2026-04-08T03:55:17.568382+00:00,0.0,0.0,0.0,-10.000000000000009,0.362,0.3785,0.4328,4.349311648785397,5.006322361145478,35.64466485442983,-0.01952485986969793,-5.65504008135341e-05,-0.019468309468884396,223445.3
180823,RTBRISCOE,2022-08-23,0.35,0.35,436183,2026-04-08T03:55:19.990422+00:00,0.0,0.0,0.0,8.333333333333348,0.356,0.3775,0.4286,4.315365760127539,5.006322361145478,35.644664854429834,-0.01978915378177648,-0.0002566754503136662,-0.019532478331462814,198365.35
180936,RTBRISCOE,2022-08-24,0.35,0.35,69000,2026-04-08T03:55:23.644905+00:00,0.0,0.0,0.0,0.0,0.35,0.37750000000000006,0.4244,4.136998724565419,5.006322361145478,35.64466485442983,-0.019770704239595482,-0.00019058072650613225,-0.01958012351308935,174750.35
181049,RTBRISCOE,2022-08-25,0.35,0.35,100852,2026-04-08T03:55:26.062264+00:00,0.0,0.0,-7.8947368421052655,0.0,0.35,0.376,0.4202,3.6233500237869065,5.006322361145478,35.644664854429834,-0.019530942299258836,3.934497106441309e-05,-0.01957028727032325,161100.4
181162,RTBRISCOE,2022-08-26,0.35,0.35,161000,2026-04-08T03:55:28.378019+00:00,0.0,0.0,0.0,-2.564102564102566,0.35,0.374,0.41600000000000004,3.5566804179720872,5.006322361145478,35.64466485442983,-0.019120519784188716,0.0003598139889076264,-0.019480333773096343,154849.95
181275,RTBRISCOE,2022-08-29,0.35,0.35,36350,2026-04-08T03:55:33.185942+00:00,0.0,0.0,0.0,0.0,0.35,0.372,0.4118,3.5566804179720872,5.006322361145478,35.64466485442982,-0.01858106602127979,0.0007194142014532411,-0.019300480222733032,156162.15
181388,RTBRISCOE,2022-08-30,0.35,0.35,120158,2026-04-08T03:55:35.909469+00:00,0.0,0.0,0.0,0.0,0.35,0.37,0.40759999999999996,3.5566804179720872,5.006322361145478,35.644664854429834,-0.0179466670216073,0.001083050560900585,-0.019029717582507884,155770.05
181501,RTBRISCOE,2022-08-31,0.35,0.35,91100,2026-04-08T03:55:38.363566+00:00,0.0,0.0,0.0,0.0,0.35,0.36750000000000005,0.40340000000000004,3.486776080939394,5.006322361145478,35.644664854429834,-0.017245110346403913,0.0014276857888831755,-0.01867279613528709,146637.55
181614,RTBRISCOE,2022-09-01,0.35,0.35,65229,2026-04-08T03:55:40.868139+00:00,0.0,0.0,0.0,-7.8947368421052655,0.35,0.365,0.3992,3.486776080939394,5.006322361145478,35.644664854429834,-0.016498932206613193,0.001739091142939117,-0.01823802334955231,144390.8
181727,RTBRISCOE,2022-09-02,0.32,0.32,325279,2026-04-08T03:55:43.232165+00:00,-8.571428571428562,0.0,0.0,0.0,0.344,0.361,0.3946,3.9094835355591315,5.123843706785499,26.09111549901682,-0.01811946007764198,9.485061752826512e-05,-0.018214310695170245,160654.75
181840,RTBRISCOE,2022-09-05,0.32,0.32,51130,2026-04-08T03:55:48.110555+00:00,0.0,-8.571428571428562,0.0,0.0,0.33799999999999997,0.359,0.39,3.2934872210218753,5.123843706785499,26.091115499016812,-0.01918261484750622,-0.0007746433218687766,-0.018407971525637442,142651.45
181953,RTBRISCOE,2022-09-06,0.32,0.32,12953,2026-04-08T03:55:50.526892+00:00,0.0,0.0,0.0,0.0,0.33199999999999996,0.3555,0.38599999999999995,2.5573765809125644,5.083848549740671,26.091115499016812,-0.01979696556637417,-0.0011111952325893806,-0.01868577033378479,125447.6
182066,RTBRISCOE,2022-09-07,0.32,0.32,712000,2026-04-08T03:55:53.051287+00:00,0.0,0.0,0.0,0.0,0.326,0.352,0.38280000000000003,2.5573765809125644,4.98770416095705,26.091115499016812,-0.020052688031967303,-0.0010935341585460098,-0.018959153873421293,160692.0
182179,RTBRISCOE,2022-09-08,0.32,0.32,20055,2026-04-08T03:55:55.74031+00:00,0.0,0.0,0.0,0.0,0.32,0.3485,0.3796,2.5573765809125644,4.98770416095705,26.091115499016812,-0.020024519729717305,-0.0008522926850368095,-0.019172227044680495,154132.85
182292,RTBRISCOE,2022-09-09,0.32,0.32,2361662,2026-04-08T03:55:58.848563+00:00,0.0,0.0,-8.571428571428562,0.0,0.32,0.34550000000000003,0.37699999999999995,2.5364659146755137,4.923294713816516,26.091115499016812,-0.019774250892003242,-0.00048161907785819816,-0.019292631814145044,259064.95
182405,RTBRISCOE,2022-09-12,0.32,0.32,21000,2026-04-08T03:56:03.370953+00:00,0.0,0.0,0.0,0.0,0.32,0.34249999999999997,0.37439999999999996,2.5364659146755137,4.923294713816516,26.091115499016812,-0.01935282372978281,-4.8153532510211705e-05,-0.019304670197272597,259158.45
182518,RTBRISCOE,2022-09-13,0.32,0.32,55265,2026-04-08T03:56:05.83654+00:00,0.0,0.0,0.0,0.0,0.32,0.33949999999999997,0.3714,2.5364659146755137,4.870937781164659,26.091115499016816,-0.018802100753914586,0.00040205555468640977,-0.019204156308600995,259599.45
182631,RTBRISCOE,2022-09-14,0.32,0.32,743096,2026-04-08T03:56:08.091672+00:00,0.0,0.0,0.0,0.0,0.32,0.33649999999999997,0.369,2.5364659146755137,4.800730550290881,26.091115499016816,-0.01815635368445756,0.0008382420993147469,-0.018994595783772307,296754.25
182744,RTBRISCOE,2022-09-16,0.32,0.32,206466,2026-04-08T03:56:11.4683+00:00,0.0,0.0,0.0,0.0,0.32,0.335,0.36660000000000004,1.9166296949998163,4.800730550290881,26.091115499016812,-0.017443516479789423,0.0012408634431863089,-0.01868437992297573,301532.55
182857,RTBRISCOE,2022-09-19,0.3,0.3,193900,2026-04-08T03:56:15.923342+00:00,-6.25,0.0,0.0,-8.571428571428562,0.316,0.33249999999999996,0.36460000000000004,2.3118476378293282,4.7132517308088095,18.976613533426708,-0.01828168087522275,0.0003221592382023873,-0.018603840113425137,305887.3
182970,RTBRISCOE,2022-09-20,0.33,0.33,839506,2026-04-08T03:56:18.184056+00:00,10.000000000000009,-6.25,0.0,0.0,0.318,0.3315,0.3638,3.3353732457563092,4.828499536670347,43.75257211670432,-0.016336861744861653,0.001813582694850789,-0.018150444439712442,331109.2
183083,RTBRISCOE,2022-09-21,0.33,0.33,27857,2026-04-08T03:56:20.42724+00:00,0.0,10.000000000000009,0.0,0.0,0.32,0.3305,0.3636,3.3353732457563092,4.688690290583655,43.75257211670431,-0.014626967990363837,0.0028187811594788843,-0.01744574914984272,310692.9
183196,RTBRISCOE,2022-09-22,0.33,0.33,8305,2026-04-08T03:56:22.767495+00:00,0.0,0.0,0.0,0.0,0.322,0.3295,0.3628,3.3353732457563092,4.514457000473224,43.752572116704314,-0.013120618547491025,0.0034601044818813563,-0.01658072302937238,307658.15
183309,RTBRISCOE,2022-09-23,0.35,0.35,521019,2026-04-08T03:56:25.066978+00:00,6.060606060606055,0.0,0.0,0.0,0.328,0.3295,0.3624,3.621471462602726,4.598566348460108,55.16755554707328,-0.010195465923616365,0.005108205684604815,-0.01530367160822118,328666.5
183422,RTBRISCOE,2022-09-26,0.36,0.36,370869,2026-04-08T03:56:29.379703+00:00,2.857142857142869,6.060606060606055,-6.25,0.0,0.33999999999999997,0.33,0.36219999999999997,3.674858442415775,4.61638033479525,59.58407207427112,-0.00698977123626604,0.006651120297564112,-0.013640891533830152,339159.95
183535,RTBRISCOE,2022-09-28,0.32,0.32,250993,2026-04-08T03:56:32.717753+00:00,-11.111111111111105,2.857142857142869,10.000000000000009,0.0,0.33799999999999997,0.3285,0.36060000000000003,4.462843821534982,4.730423590351323,41.832238419355505,-0.007589414757729285,0.004841181420880695,-0.01243059617860998,349892.1
183648,RTBRISCOE,2022-09-29,0.31,0.31,132601,2026-04-08T03:56:35.489047+00:00,-3.125,-11.111111111111105,0.0,0.0,0.33399999999999996,0.3265,0.358,4.5044290845020365,4.503962954618025,38.72596301618685,-0.008770452676166496,0.0029281148019547863,-0.011698567478121282,350514.25
183761,RTBRISCOE,2022-09-30,0.34,0.34,137620,2026-04-08T03:56:37.947618+00:00,9.677419354838722,-3.125,0.0,0.0,0.336,0.32599999999999996,0.35519999999999996,5.048659384378069,4.530396426527934,50.58156871959229,-0.007202656712820554,0.0035967286122405833,-0.010799385325061138,352840.25
183874,RTBRISCOE,2022-10-05,0.37,0.37,33641,2026-04-08T03:56:44.538147+00:00,8.823529411764696,9.677419354838722,6.060606060606055,0.0,0.33999999999999997,0.327,0.3538,5.422468764315926,4.58105827614851,59.10317604417671,-0.003499082590964653,0.0058402421872771875,-0.00933932477824184,351260.85
183988,RTBRISCOE,2022-10-06,0.37,0.37,23511,2026-04-08T03:56:46.932693+00:00,0.0,8.823529411764696,2.857142857142869,-6.25,0.34199999999999997,0.3295,0.3532,4.9965810336885275,4.399513585324534,59.10317604417673,-0.0005575463691007143,0.007025422727312901,-0.007582969096413615,336172.45
184102,RTBRISCOE,2022-10-07,0.34,0.34,120000,2026-04-08T03:56:49.334037+00:00,-8.108108108108103,0.0,-11.111111111111105,10.000000000000009,0.346,0.3305,0.35240000000000005,5.3828875492268455,4.491718575505347,49.25317718032873,-0.0006397325614397875,0.005554589227979062,-0.00619432178941885,339615.95
184216,RTBRISCOE,2022-10-11,0.34,0.34,12030,2026-04-08T03:56:55.029281+00:00,0.0,-8.108108108108103,-3.125,0.0,0.352,0.3315,0.3518,5.3828875492268455,4.4771166502651525,49.25317718032872,-0.000696833053312973,0.004397990988884702,-0.005094824042197675,339569.8
184330,RTBRISCOE,2022-10-12,0.31,0.31,263284,2026-04-08T03:56:58.300033+00:00,-8.823529411764708,0.0,9.677419354838722,0.0,0.346,0.331,0.35100000000000003,5.768710205332906,4.585039305894984,41.27533663367405,-0.003126791181665922,0.001574426288425402,-0.004701217470091324,317134.0
184444,RTBRISCOE,2022-10-13,0.31,0.31,199230,2026-04-08T03:57:00.825788+00:00,0.0,-8.823529411764708,8.823529411764696,6.060606060606055,0.33399999999999996,0.3305,0.3495999999999999,5.768710205332906,4.409619115449152,41.275336633674044,-0.004994971582151397,-0.00023500328964805826,-0.004759968292503339,326092.75
184558,RTBRISCOE,2022-10-14,0.31,0.31,274798,2026-04-08T03:57:03.298348+00:00,0.0,0.0,0.0,2.857142857142869,0.32199999999999995,0.33,0.34800000000000003,5.768710205332906,4.389451580165617,41.27533663367405,-0.006401722932022846,-0.0013134037116156053,-0.005088319220407241,221749.55
184672,RTBRISCOE,2022-10-17,0.31,0.31,16575,2026-04-08T03:57:07.885609+00:00,0.0,0.0,-8.108108108108103,-11.111111111111105,0.316,0.3295,0.3464,5.768710205332906,4.389451580165617,41.275336633674044,-0.007430924440531561,-0.001874084176099456,-0.005556840264432105,221528.3
184786,RTBRISCOE,2022-10-18,0.31,0.31,103950,2026-04-08T03:57:10.303346+00:00,0.0,0.0,0.0,-3.125,0.31,0.329,0.3448,5.768710205332906,4.389451580165617,41.27533663367405,-0.008152595999157686,-0.002076604587780464,-0.0060759914113772216,223962.55
184900,RTBRISCOE,2022-10-19,0.31,0.31,2459,2026-04-08T03:57:12.819589+00:00,0.0,0.0,-8.823529411764708,9.677419354838722,0.31,0.3285,0.343,5.768710205332906,4.369493453216608,41.27533663367405,-0.008625101112051059,-0.00203928776053907,-0.006585813351511989,186930.7
185014,RTBRISCOE,2022-10-20,0.28,0.28,863708,2026-04-08T03:57:15.111185+00:00,-9.677419354838701,0.0,0.0,8.823529411764696,0.304,0.3265,0.3406,6.161224556893183,4.560923702650254,32.94980385747375,-0.011290168068169182,-0.003763483773325754,-0.007526684294843428,219792.8
185128,RTBRISCOE,2022-10-21,0.28,0.28,99224,2026-04-08T03:57:17.499968+00:00,0.0,-9.677419354838701,0.0,0.0,0.29800000000000004,0.3255,0.3382,6.010014632205794,4.560923702650254,32.94980385747376,-0.013249520605661536,-0.004578269048654486,-0.00867125155700705,215059.0
185242,RTBRISCOE,2022-10-24,0.28,0.28,175100,2026-04-08T03:57:21.686266+00:00,0.0,0.0,0.0,-8.108108108108103,0.292,0.323,0.3366,5.514854444830925,4.355265609714099,32.94980385747376,-0.01463363418226482,-0.004769906100206216,-0.009863728082058605,181838.7
185356,RTBRISCOE,2022-10-26,0.33,0.33,401816,2026-04-08T03:57:24.913682+00:00,17.85714285714286,0.0,0.0,0.0,0.296,0.323,0.3354,6.900679923400373,4.917334877897564,52.77752994086103,-0.01156268460060339,-0.001359165214835827,-0.010203519385767563,200536.65
185470,RTBRISCOE,2022-10-27,0.33,0.33,129210,2026-04-08T03:57:27.260544+00:00,0.0,17.85714285714286,0.0,-8.823529411764708,0.3,0.323,0.3342,6.900679923400373,4.917334877897564,52.777529940861044,-0.009024901485619574,0.0009428943201183915,-0.009967795805737966,206581.9
185584,RTBRISCOE,2022-10-28,0.33,0.33,350,2026-04-08T03:57:29.835926+00:00,0.0,0.0,-9.677419354838701,0.0,0.31000000000000005,0.322,0.33299999999999996,6.762458474162213,4.917334877897564,52.77752994086104,-0.006933761991138043,0.0024272270516799387,-0.009360989042817982,180548.45
185698,RTBRISCOE,2022-10-31,0.33,0.33,37497,2026-04-08T03:57:34.21591+00:00,0.0,0.0,0.0,0.0,0.32,0.3205,0.332,6.727199009762516,4.905714280279598,52.777529940861044,-0.0052163876066737,0.003315681148915426,-0.008532068755589126,163879.85
185812,RTBRISCOE,2022-11-01,0.33,0.33,75920,2026-04-08T03:57:36.609373+00:00,0.0,0.0,0.0,0.0,0.33,0.321,0.33099999999999996,6.220530247303441,4.905714280279598,52.77752994086104,-0.003811420352672623,0.003776518722333203,-0.007587939075005826,155126.2
185926,RTBRISCOE,2022-11-02,0.33,0.33,104480,2026-04-08T03:57:39.066556+00:00,0.0,0.0,17.85714285714286,0.0,0.33,0.322,0.33,6.168173906542356,4.905714280279598,52.77752994086103,-0.002667227542812234,0.003936569225754875,-0.006603796768567109,153720.15
186040,RTBRISCOE,2022-11-03,0.33,0.33,0,2026-04-08T03:57:41.442199+00:00,0.0,0.0,0.0,0.0,0.33,0.3215,0.32899999999999996,5.77645174099529,4.905714280279598,52.77752994086104,-0.0017403844291858372,0.0038907298715050173,-0.005631114300690855,146839.15
186154,RTBRISCOE,2022-11-04,0.33,0.33,44691,2026-04-08T03:57:43.70904+00:00,0.0,0.0,0.0,-9.677419354838701,0.33,0.3195,0.3286,5.391495666004275,4.777239108765908,52.77752994086104,-0.0009943918537898555,0.0037093779575207994,-0.004703769811310655,147391.65
186268,RTBRISCOE,2022-11-08,0.3,0.3,26011,2026-04-08T03:57:49.123122+00:00,-9.090909090909093,0.0,0.0,0.0,0.32399999999999995,0.316,0.32760000000000006,5.725530984514209,4.946918859774323,39.95278730510674,-0.0027917550285788684,0.0015296118261854293,-0.004321366854764298,147516.65
186382,RTBRISCOE,2022-11-09,0.3,0.3,14200,2026-04-08T03:57:51.464602+00:00,0.0,-9.090909090909093,0.0,0.0,0.318,0.314,0.32659999999999995,5.469008675505551,4.946918859774323,39.952787305106746,-0.004168130678016635,0.00012258894139813032,-0.004290719619414765,142226.65
186496,RTBRISCOE,2022-11-10,0.3,0.3,137611,2026-04-08T03:57:54.291842+00:00,0.0,0.0,0.0,17.85714285714286,0.312,0.312,0.3256,5.469008675505551,4.946918859774323,39.952787305106746,-0.00519898760361015,-0.0007266143873563072,-0.004472373216253843,148505.7
186610,RTBRISCOE,2022-11-11,0.3,0.3,164627,2026-04-08T03:57:56.704911+00:00,0.0,0.0,0.0,0.0,0.30599999999999994,0.3115,0.3246,5.1048640970112995,4.946918859774323,39.952787305106746,-0.005947391319062467,-0.0011800144822468987,-0.0047673768368155685,143572.85
186724,RTBRISCOE,2022-11-14,0.3,0.3,97117,2026-04-08T03:58:01.331373+00:00,0.0,0.0,0.0,0.0,0.3,0.31100000000000005,0.3236,5.1048640970112995,4.946918859774323,39.952787305106746,-0.006465970967134138,-0.0013588753042548555,-0.005107095662879283,138467.2
186838,RTBRISCOE,2022-11-15,0.3,0.3,60,2026-04-08T03:58:03.6444+00:00,0.0,0.0,-9.090909090909093,0.0,0.3,0.3105,0.32260000000000005,5.1048640970112995,4.946918859774323,39.952787305106746,-0.00679857928437394,-0.0013531868971957258,-0.005445392387178214,124730.3
186952,RTBRISCOE,2022-11-16,0.3,0.3,6484,2026-04-08T03:58:06.118311+00:00,0.0,0.0,0.0,0.0,0.3,0.31,0.32159999999999994,5.1048640970112995,4.946918859774323,39.952787305106746,-0.006981693159312519,-0.0012290406177074432,-0.0057526525416050755,124225.75
187066,RTBRISCOE,2022-11-17,0.3,0.3,97960,2026-04-08T03:58:08.47049+00:00,0.0,0.0,0.0,0.0,0.3,0.3095,0.3206,5.1048640970112995,4.946918859774323,39.952787305106746,-0.0070455949911383264,-0.0010343539596266004,-0.006011241031511726,123926.25
187180,RTBRISCOE,2022-11-18,0.3,0.3,76833,2026-04-08T03:58:10.955275+00:00,0.0,0.0,0.0,0.0,0.3,0.309,0.3196,5.1048640970112995,4.946918859774323,39.95278730510674,-0.0070153688480829035,-0.0008033022532569411,-0.006212066594825962,127644.95
187294,RTBRISCOE,2022-11-21,0.3,0.3,4057493,2026-04-08T03:58:15.672507+00:00,0.0,0.0,0.0,0.0,0.3,0.30999999999999994,0.3186,4.574988273769093,4.946918859774323,39.952787305106746,-0.006911740173631109,-0.0005597388630441168,-0.006352001310586992,287334.2
187408,RTBRISCOE,2022-11-22,0.27,0.27,733484,2026-04-08T03:58:18.170118+00:00,-9.999999999999986,0.0,0.0,-9.090909090909093,0.294,0.3095,0.3176,5.137304587978341,5.000155692551604,26.461345697901525,-0.009144945740101884,-0.002234355543611913,-0.006910590196489971,319047.2
187522,RTBRISCOE,2022-11-24,0.29,0.29,9600,2026-04-08T03:58:21.692503+00:00,7.407407407407396,-9.999999999999986,0.0,0.0,0.292,0.31,0.317,5.402173886754207,5.115166013673314,40.811113373014024,-0.00919495071964338,-0.0018274884185227264,-0.0073674623011206536,310772.2
187636,RTBRISCOE,2022-11-25,0.29,0.29,279272,2026-04-08T03:58:24.033539+00:00,0.0,7.407407407407396,0.0,0.0,0.29000000000000004,0.308,0.3164,3.484470072365972,5.115166013673314,40.811113373014024,-0.00912934264698051,-0.0014095042766878842,-0.007719838370292625,304645.0
187750,RTBRISCOE,2022-11-28,0.29,0.29,47680,2026-04-08T03:58:28.532723+00:00,0.0,0.0,0.0,0.0,0.288,0.306,0.31579999999999997,3.484470072365972,5.115166013673314,40.81111337301403,-0.008973902218005536,-0.001003251078170328,-0.007970651139835208,300568.5
187864,RTBRISCOE,2022-11-29,0.29,0.29,85246,2026-04-08T03:58:30.983113+00:00,0.0,0.0,0.0,0.0,0.286,0.304,0.31520000000000004,3.484470072365972,5.115166013673314,40.811113373014024,-0.008749851714187518,-0.0006233604594818466,-0.008126491254705671,304813.3
187978,RTBRISCOE,2022-11-30,0.27,0.27,1098575,2026-04-08T03:58:33.448849+00:00,-6.896551724137923,0.0,-9.999999999999986,0.0,0.286,0.301,0.31420000000000003,3.754406667333597,5.205425198779005,32.32658427995644,-0.010070041755763814,-0.001554840400846514,-0.0085152013549173,357867.2
188092,RTBRISCOE,2022-12-01,0.25,0.25,6281082,2026-04-08T03:58:35.664261+00:00,-7.407407407407418,-6.896551724137923,7.407407407407396,0.0,0.27799999999999997,0.297,0.3128,4.014310039693073,5.303862890083047,26.412989717495684,-0.012585061967759326,-0.0032558884902736188,-0.009329173477485707,668125.3
188206,RTBRISCOE,2022-12-02,0.27,0.27,723438,2026-04-08T03:58:37.897027+00:00,8.000000000000007,-7.407407407407418,0.0,0.0,0.274,0.294,0.3118,4.517620388125107,5.433898304739339,38.52403820907941,-0.012816658293764271,-0.002789987853022851,-0.01002667044074142,699073.2
188320,RTBRISCOE,2022-12-05,0.25,0.25,4163877,2026-04-08T03:58:42.456795+00:00,-7.407407407407418,8.000000000000007,0.0,0.0,0.266,0.29,0.3104,4.7382605107061835,5.528593326452973,32.72399095669265,-0.014447491218198105,-0.0035366566219653464,-0.010910834596232759,907267.05
188434,RTBRISCOE,2022-12-06,0.26,0.26,5631885,2026-04-08T03:58:44.756119+00:00,4.0000000000000036,-7.407407407407418,0.0,0.0,0.26,0.2865,0.3092,4.877062791476123,5.562513261809282,37.76899188973622,-0.014762844749099946,-0.0030816081222937493,-0.011681236626806197,1186626.75
188548,RTBRISCOE,2022-12-07,0.26,0.26,7615,2026-04-08T03:58:47.196669+00:00,0.0,4.0000000000000036,-6.896551724137923,-9.999999999999986,0.258,0.2845,0.3084,4.49913505527285,5.495073739118424,37.76899188973622,-0.014841679056796786,-0.0025283539439924715,-0.012313325112804314,1185706.95
188662,RTBRISCOE,2022-12-08,0.28,0.28,775961,2026-04-08T03:58:49.52806+00:00,7.692307692307709,0.0,-7.407407407407418,7.407407407407396,0.264,0.2835,0.3074,4.868154899391596,5.417315726682874,46.9896345445118,-0.013138866288675555,-0.0006604329406969915,-0.012478433347978563,1223795.0
188776,RTBRISCOE,2022-12-09,0.28,0.28,23392,2026-04-08T03:58:51.902427+00:00,0.0,7.692307692307709,8.000000000000007,0.0,0.266,0.28250000000000003,0.3064,4.868154899391596,5.417315726682874,46.989634544511794,-0.01165502305110272,0.0006587282375006744,-0.012313751288603394,1218084.05
188890,RTBRISCOE,2022-12-12,0.28,0.28,10000,2026-04-08T03:58:56.156124+00:00,0.0,0.0,-7.407407407407418,0.0,0.272,0.28150000000000003,0.3054,4.868154899391596,5.417315726682874,46.9896345445118,-0.010359647032478991,0.001563283404899524,-0.011922930437378515,1210352.7
189004,RTBRISCOE,2022-12-13,0.28,0.28,170013,2026-04-08T03:58:58.485404+00:00,0.0,0.0,4.0000000000000036,0.0,0.276,0.28049999999999997,0.30400000000000005,4.868154899391596,5.341987857643594,46.989634544511794,-0.009226692635751266,0.002156990241301799,-0.011383682877053065,1213997.5
189118,RTBRISCOE,2022-12-14,0.28,0.28,234438,2026-04-08T03:59:00.851945+00:00,0.0,0.0,0.0,-6.896551724137923,0.28,0.27949999999999997,0.3024,4.868154899391596,5.322700832848966,46.9896345445118,-0.008233902807708138,0.002519824055475942,-0.01075372686318408,1225716.4
189232,RTBRISCOE,2022-12-15,0.29,0.29,335000,2026-04-08T03:59:03.086647+00:00,3.5714285714285587,0.0,7.692307692307709,-7.407407407407418,0.28200000000000003,0.279,0.3018,4.942000850256958,5.1187842122164,52.12697819354877,-0.006564521571404192,0.003351364233423911,-0.009915885804828103,1242142.2
189346,RTBRISCOE,2022-12-16,0.29,0.29,37837,2026-04-08T03:59:05.5442+00:00,0.0,3.5714285714285587,0.0,8.000000000000007,0.284,0.2785,0.3014,4.942000850256958,5.099766077872168,52.12697819354877,-0.005181792436734056,0.003787274694475238,-0.008969067131209294,1239136.05
189460,RTBRISCOE,2022-12-19,0.29,0.29,44276,2026-04-08T03:59:09.806719+00:00,0.0,0.0,0.0,-7.407407407407418,0.286,0.278,0.3004,4.942000850256958,4.904599435531285,52.12697819354879,-0.004039405878952906,0.00394372900180511,-0.007983134880758016,1237508.2
189574,RTBRISCOE,2022-12-20,0.27,0.27,972960,2026-04-08T03:59:12.630732+00:00,-6.896551724137923,0.0,0.0,4.0000000000000036,0.284,0.27649999999999997,0.2984,5.173367960262526,4.817357147092322,41.96743291782149,-0.004693782155574977,0.0026314821801464317,-0.007325264335721409,1083281.55
189688,RTBRISCOE,2022-12-21,0.27,0.27,1377089,2026-04-08T03:59:14.990319+00:00,0.0,-6.896551724137923,0.0,0.0,0.282,0.2765,0.2964,4.6535089170775965,4.817357147092322,41.9674329178215,-0.005152979726654128,0.001737827687253825,-0.006890807413907953,1115461.8
189802,RTBRISCOE,2022-12-22,0.27,0.27,13739,2026-04-08T03:59:17.229229+00:00,0.0,0.0,3.5714285714285587,7.692307692307709,0.27799999999999997,0.27549999999999997,0.295,4.324732458885935,4.691382176167736,41.96743291782149,-0.005454026487737185,0.0011494247409366155,-0.0066034512286738,1115668.75
189916,RTBRISCOE,2022-12-23,0.27,0.27,630000,2026-04-08T03:59:19.674012+00:00,0.0,0.0,0.0,0.0,0.274,0.2745,0.2936,4.324732458885935,4.691382176167736,41.96743291782149,-0.005627735186731153,0.0007805728335541174,-0.006408308020285271,1133205.15
190030,RTBRISCOE,2022-12-28,0.25,0.25,421266,2026-04-08T03:59:26.406492+00:00,-7.407407407407418,0.0,0.0,0.0,0.266,0.2725,0.2924,4.608518730622006,4.6432311366275325,33.250739639953544,-0.007295139606891876,-0.0007094652692852836,-0.0065856743376065926,1151884.45
190144,RTBRISCOE,2022-12-30,0.26,0.26,970,2026-04-08T03:59:29.796579+00:00,4.0000000000000036,-7.407407407407418,-6.896551724137923,0.0,0.264,0.271,0.2914,4.723018039804679,4.683233299703851,39.965005341745716,-0.007720654299531837,-0.0009079839695401949,-0.006812670329991642,1147670.65
190258,RTBRISCOE,2023-01-04,0.28,0.28,68250,2026-04-08T03:59:36.276207+00:00,7.692307692307709,4.0000000000000036,0.0,0.0,0.266,0.2715,0.2908,4.798936781536227,4.815917656528164,50.65565572268379,-0.006370608496904684,0.0003536494664695671,-0.006724257963374251,1096154.4
190372,RTBRISCOE,2023-01-05,0.28,0.28,135174,2026-04-08T03:59:38.771807+00:00,0.0,7.692307692307709,0.0,3.5714285714285587,0.268,0.273,0.2902,4.446341003065492,4.815917656528164,50.65565572268379,-0.0052402807769329485,0.0011871817491530424,-0.006427462526085991,788859.0
190486,RTBRISCOE,2023-01-06,0.28,0.28,41741,2026-04-08T03:59:41.229635+00:00,0.0,0.0,0.0,0.0,0.27,0.27349999999999997,0.2896,4.097655041406772,4.815917656528164,50.65565572268379,-0.00429497808149143,0.0017059875556756495,-0.006000965637167079,754774.15
190600,RTBRISCOE,2023-01-09,0.28,0.28,196,2026-04-08T03:59:45.608271+00:00,0.0,0.0,-7.407407407407418,0.0,0.276,0.275,0.289,3.6815803598154475,4.815917656528164,50.65565572268378,-0.003505410692396349,0.0019964439558165844,-0.0055018546482129334,546590.1
190714,RTBRISCOE,2023-01-10,0.28,0.28,0,2026-04-08T03:59:47.862187+00:00,0.0,0.0,4.0000000000000036,-6.896551724137923,0.28,0.276,0.28900000000000003,3.5966905760683403,4.612982859716318,50.65565572268379,-0.002846856063419889,0.0021239988678344356,-0.004970854931254325,264995.85
190828,RTBRISCOE,2023-01-11,0.27,0.27,329672,2026-04-08T03:59:50.211712+00:00,-3.57142857142857,0.0,7.692307692307709,0.0,0.278,0.2765,0.2888,3.7062880858633287,4.642157211235967,44.868860526275064,-0.003096172453100232,0.0014997459825232748,-0.004595918435623507,281098.7
190942,RTBRISCOE,2023-01-12,0.27,0.27,98310,2026-04-08T03:59:52.676239+00:00,0.0,-3.57142857142857,0.0,0.0,0.276,0.276,0.28859999999999997,3.266841994598628,4.642157211235967,44.868860526275064,-0.003256221790278846,0.0010717573162757291,-0.004327979106554575,247216.15
191056,RTBRISCOE,2023-01-13,0.29,0.29,1142006,2026-04-08T03:59:55.073566+00:00,7.407407407407396,0.0,0.0,0.0,0.278,0.2765,0.2878,3.676623398201094,4.016254418014841,56.417307618739365,-0.0017490670340480352,0.0020631296580052323,-0.0038121966920532675,303146.85
191170,RTBRISCOE,2023-01-17,0.31,0.31,313113,2026-04-08T04:00:00.52991+00:00,6.896551724137945,7.407407407407396,0.0,-7.407407407407418,0.28400000000000003,0.27799999999999997,0.2874,3.965048079102124,4.139044809125127,64.43929035104838,0.0010471262027031414,0.003887458315805127,-0.0028403321131019858,318302.5
191284,RTBRISCOE,2023-01-18,0.31,0.31,13500,2026-04-08T04:00:02.930508+00:00,0.0,6.896551724137945,0.0,4.0000000000000036,0.29000000000000004,0.2795,0.287,3.965048079102124,4.139044809125127,64.43929035104838,0.003225942827477346,0.004853019952463466,-0.0016270771249861198,310476.85
191398,RTBRISCOE,2023-01-19,0.31,0.31,156461,2026-04-08T04:00:05.157464+00:00,0.0,0.0,-3.57142857142857,7.692307692307709,0.298,0.281,0.2866,3.965048079102124,4.139044809125127,64.43929035104838,0.004896230008397562,0.005218645706706946,-0.00032241569830938335,306578.0
191512,RTBRISCOE,2023-01-20,0.31,0.31,20080,2026-04-08T04:00:07.441529+00:00,0.0,0.0,0.0,0.0,0.306,0.28200000000000003,0.28619999999999995,3.903395864030006,4.139044809125127,64.4392903510484,0.006149062073125433,0.005177182217147853,0.00097187985597758,290832.0
191626,RTBRISCOE,2023-01-23,0.3,0.3,416200,2026-04-08T04:00:11.934625+00:00,-3.2258064516129115,0.0,7.407407407407396,0.0,0.308,0.28250000000000003,0.28559999999999997,3.9868115507415505,4.163473892738876,57.34117587291063,0.006262830077420789,0.004232760177154567,0.002030069900266222,309750.15
191740,RTBRISCOE,2023-01-24,0.3,0.3,724320,2026-04-08T04:00:14.448563+00:00,0.0,-3.2258064516129115,6.896551724137945,0.0,0.30599999999999994,0.28300000000000003,0.285,3.9868115507415505,4.163473892738876,57.34117587291063,0.006280593270787005,0.0034004186964166263,0.0028801745743703786,343752.35
191854,RTBRISCOE,2023-01-25,0.33,0.33,1213890,2026-04-08T04:00:16.660222+00:00,10.000000000000009,0.0,0.0,0.0,0.30999999999999994,0.28600000000000003,0.285,4.179464690819921,4.401960721843915,69.16045194153237,0.008616098983301401,0.004588739527144818,0.004027359456156583,355798.85
191968,RTBRISCOE,2023-01-26,0.3,0.3,1882841,2026-04-08T04:00:19.02129+00:00,-9.090909090909093,10.000000000000009,0.0,-3.57142857142857,0.308,0.2875,0.285,4.75844701147328,4.401960721843915,53.266811575769324,0.007954559595860555,0.0031417601117631772,0.004812799484097378,381086.45
192082,RTBRISCOE,2023-01-27,0.3,0.3,349007,2026-04-08T04:00:21.366865+00:00,0.0,-9.090909090909093,0.0,0.0,0.306,0.28900000000000003,0.285,4.75844701147328,4.401960721843915,53.26681157576932,0.007345609254180541,0.0020262478160665296,0.005319361438114011,397849.85
192196,RTBRISCOE,2023-01-30,0.31,0.31,444294,2026-04-08T04:00:26.318741+00:00,3.3333333333333437,0.0,-3.2258064516129115,7.407407407407396,0.308,0.29100000000000004,0.2852,4.793282168811275,4.425665748212865,57.07988000104036,0.007582521559084454,0.001810528096776354,0.0057719934623081,388564.55
192310,RTBRISCOE,2023-01-31,0.31,0.31,532820,2026-04-08T04:00:28.560212+00:00,0.0,3.3333333333333437,0.0,6.896551724137945,0.31,0.294,0.2854,4.395244339409906,4.425665748212865,57.079880001040365,0.007681726110686293,0.0015277861187025545,0.006153939991983739,394142.25
192424,RTBRISCOE,2023-02-06,0.28,0.28,46112,2026-04-08T04:00:36.14931+00:00,-9.677419354838701,0.0,10.000000000000009,0.0,0.3,0.29500000000000004,0.285,4.959870547320225,4.639346306773535,44.458776805901316,0.005278747043016063,-0.0007001543591741407,0.005978901402190204,396399.35
192538,RTBRISCOE,2023-02-07,0.28,0.28,375628,2026-04-08T04:00:38.379875+00:00,0.0,-9.677419354838701,-9.090909090909093,0.0,0.296,0.29500000000000004,0.2846,4.661074085699099,4.639346306773535,44.45877680590131,0.003335914473838353,-0.002114389542681481,0.005450304016519834,411768.25
192652,RTBRISCOE,2023-02-08,0.28,0.28,1391000,2026-04-08T04:00:40.736361+00:00,0.0,0.0,0.0,0.0,0.292,0.295,0.2842,4.661074085699099,4.639346306773535,44.458776805901316,0.0017757360851795578,-0.0029396543450722215,0.004715390430251779,474559.55
192766,RTBRISCOE,2023-02-09,0.28,0.28,100576,2026-04-08T04:00:43.03687+00:00,0.0,0.0,3.3333333333333437,-3.2258064516129115,0.286,0.29500000000000004,0.28380000000000005,4.661074085699099,4.639346306773535,44.45877680590131,0.0005331377911002022,-0.003345802111321262,0.003878939902421464,477501.3
192880,RTBRISCOE,2023-02-10,0.28,0.28,939209,2026-04-08T04:00:46.517744+00:00,0.0,0.0,0.0,0.0,0.28,0.29500000000000004,0.2834,4.661074085699099,4.639346306773535,44.45877680590131,-0.00044648352524234713,-0.003460338742131049,0.003013855216888702,524451.95
192994,RTBRISCOE,2023-02-13,0.28,0.28,107110,2026-04-08T04:00:50.958429+00:00,0.0,0.0,-9.677419354838701,10.000000000000009,0.28,0.29500000000000004,0.28300000000000003,4.661074085699099,4.639346306773535,44.4587768059013,-0.0012089049722316392,-0.003378208151296273,0.002169303179064634,529807.45
193108,RTBRISCOE,2023-02-14,0.28,0.28,211555,2026-04-08T04:00:53.400398+00:00,0.0,0.0,0.0,-9.090909090909093,0.28,0.2955,0.2832,4.58058753218056,4.410759645062015,44.45877680590131,-0.0017924670179100266,-0.0031694161575797283,0.0013769491396697017,523901.6
193222,RTBRISCOE,2023-02-15,0.28,0.28,30000,2026-04-08T04:00:55.645789+00:00,0.0,0.0,0.0,0.0,0.28,0.296,0.28300000000000003,4.58058753218056,4.285268846492618,44.458776805901316,-0.0022292467742915933,-0.002884956731169036,0.0006557099568774427,520486.1
193336,RTBRISCOE,2023-02-16,0.3,0.3,1213333,2026-04-08T04:00:58.043326+00:00,7.14285714285714,0.0,0.0,3.3333333333333437,0.28400000000000003,0.2965,0.2832,4.559261106247937,4.402048814733171,56.15234061027522,-0.0009506070190430371,-0.0012850535807363839,0.00033444656169334674,524052.45
193450,RTBRISCOE,2023-02-17,0.28,0.28,514275,2026-04-08T04:01:00.355798+00:00,-6.666666666666654,7.14285714285714,0.0,0.0,0.28400000000000003,0.29500000000000004,0.28300000000000003,4.5301880495284195,4.506806548465941,45.77386211022992,-0.0015334322020358337,-0.0014943030109833444,-3.9129191052489365e-05,534110.55
193564,RTBRISCOE,2023-02-20,0.28,0.28,102400,2026-04-08T04:01:04.633293+00:00,0.0,-6.666666666666654,0.0,-9.677419354838701,0.28400000000000003,0.2935,0.2828,4.5301880495284195,4.506806548465941,45.77386211022992,-0.0019725866080611554,-0.0015467659336069327,-0.0004258206744542226,538555.55
193678,RTBRISCOE,2023-02-21,0.28,0.28,552867,2026-04-08T04:01:06.910783+00:00,0.0,0.0,0.0,0.0,0.28400000000000003,0.292,0.28300000000000003,4.5301880495284195,4.394638721447595,45.77386211022992,-0.002294173830923618,-0.0014946825251755164,-0.0007994913057481018,558375.85
193792,RTBRISCOE,2023-02-22,0.28,0.28,0,2026-04-08T04:01:09.421576+00:00,0.0,0.0,0.0,0.0,0.28400000000000003,0.2905,0.2836,4.5301880495284195,4.256754647529012,45.77386211022992,-0.0025199852011899004,-0.001376395116353439,-0.0011435900848364615,557371.85
193906,RTBRISCOE,2023-02-23,0.28,0.28,98680,2026-04-08T04:01:11.765387+00:00,0.0,0.0,7.14285714285714,0.0,0.28,0.2895,0.28380000000000005,4.481796808473312,4.109847996936762,45.77386211022992,-0.0026681851613564733,-0.0012196760612160095,-0.0014485091001404638,541495.85
194020,RTBRISCOE,2023-02-24,0.28,0.28,303244,2026-04-08T04:01:14.12415+00:00,0.0,0.0,-6.666666666666654,0.0,0.28,0.28850000000000003,0.2844,4.481796808473312,3.9625174474660736,45.77386211022992,-0.002753889572753576,-0.00104430437809049,-0.0017095851946630862,520442.05
194134,RTBRISCOE,2023-02-27,0.28,0.28,30000,2026-04-08T04:01:18.463572+00:00,0.0,0.0,0.0,0.0,0.28,0.28600000000000003,0.28480000000000005,3.7814279214698616,3.926590883205783,45.77386211022992,-0.0027896535466657713,-0.0008640546816021479,-0.0019255988650636233,461247.55
194248,RTBRISCOE,2023-02-28,0.27,0.27,2036000,2026-04-08T04:01:20.671303+00:00,-3.57142857142857,0.0,0.0,0.0,0.278,0.28450000000000003,0.28500000000000003,3.3128813118365192,3.9630633452725226,39.62250987001443,-0.0035836036282589356,-0.0013264038105562496,-0.002257199817702686,468905.5
194362,RTBRISCOE,2023-03-01,0.28,0.28,523870,2026-04-08T04:01:23.068989+00:00,3.703703703703698,-3.57142857142857,0.0,0.0,0.278,0.28350000000000003,0.285,3.441664722483406,3.846632298125798,47.25581017566663,-0.003367084704968548,-0.0008879079098126899,-0.0024791767951558583,477648.65
194476,RTBRISCOE,2023-03-02,0.28,0.28,1000,2026-04-08T04:01:25.352172+00:00,0.0,3.703703703703698,0.0,7.14285714285714,0.278,0.28200000000000003,0.285,3.3362248207727943,3.846632298125798,47.25581017566663,-0.003159076036237163,-0.0005439193928650434,-0.0026151566433721195,455483.95
194590,RTBRISCOE,2023-03-03,0.28,0.28,30000,2026-04-08T04:01:27.716711+00:00,0.0,0.0,0.0,-6.666666666666654,0.278,0.2805,0.285,3.3362248207727943,3.846632298125798,47.25581017566663,-0.0029601054150232287,-0.000275959017320887,-0.0026841463977023416,430342.95
194704,RTBRISCOE,2023-03-06,0.28,0.28,0,2026-04-08T04:01:32.392486+00:00,0.0,0.0,0.0,0.0,0.278,0.2805,0.285,2.5331368555868945,3.846632298125798,47.25581017566664,-0.0027704833566359888,-6.90695671469177e-05,-0.002701413789489071,428037.35
194818,RTBRISCOE,2023-03-07,0.26,0.26,1262090,2026-04-08T04:01:34.845095+00:00,-7.142857142857151,0.0,-3.57142857142857,0.0,0.276,0.27949999999999997,0.2846,2.998445828130088,3.979725182125704,35.26291098930565,-0.004185788201413632,-0.001187499529539648,-0.0029982886718739835,472360.45
194932,RTBRISCOE,2023-03-08,0.26,0.26,44608,2026-04-08T04:01:37.261757+00:00,0.0,-7.142857142857151,3.703703703703698,0.0,0.272,0.2785,0.284,2.998445828130088,3.944931642289533,35.26291098930565,-0.00524694398348835,-0.0017989242492914932,-0.003448019734196857,405040.85
195046,RTBRISCOE,2023-03-09,0.26,0.26,294447,2026-04-08T04:01:39.987396+00:00,0.0,0.0,0.0,0.0,0.268,0.2775,0.28340000000000004,2.998445828130088,3.944931642289533,35.26291098930566,-0.006018539607809126,-0.002056415898889815,-0.003962123708919311,414734.4
195160,RTBRISCOE,2023-03-13,0.26,0.26,3424814,2026-04-08T04:01:45.627511+00:00,0.0,0.0,0.0,0.0,0.264,0.2765,0.2828,2.998445828130088,3.944931642289533,35.262910989305645,-0.006554478748142356,-0.002073884031378436,-0.00448059471676392,539014.65
195274,RTBRISCOE,2023-03-14,0.26,0.26,20000,2026-04-08T04:01:48.257383+00:00,0.0,0.0,0.0,0.0,0.26,0.27549999999999997,0.2826,2.998445828130088,3.82259570467208,35.26291098930565,-0.006899679171501527,-0.001935267563790085,-0.004964411607711442,534659.15
195388,RTBRISCOE,2023-03-15,0.26,0.26,0,2026-04-08T04:01:50.627346+00:00,0.0,0.0,-7.142857142857151,-3.57142857142857,0.26,0.2745,0.28240000000000004,2.998445828130088,3.82259570467208,35.26291098930566,-0.00709150652118179,-0.0017016759307762778,-0.005389830590405512,524081.4
195502,RTBRISCOE,2023-03-16,0.24,0.24,1417333,2026-04-08T04:01:53.062383+00:00,-7.692307692307699,0.0,0.0,3.703703703703698,0.256,0.2725,0.28180000000000005,3.418290069806434,3.974236231976023,25.261913576543886,-0.00875642531057591,-0.0026932757761363186,-0.006063149534439592,593448.05
195616,RTBRISCOE,2023-03-17,0.25,0.25,243141,2026-04-08T04:01:55.701252+00:00,4.166666666666674,-7.692307692307699,0.0,0.0,0.254,0.27,0.2814,3.109180919480012,4.021012906615294,35.16339363127559,-0.009163339743171628,-0.002480152166985628,-0.006683187576186,544938.45
195730,RTBRISCOE,2023-03-20,0.25,0.25,125524,2026-04-08T04:01:59.933448+00:00,0.0,4.166666666666674,0.0,0.0,0.252,0.2685,0.2814,2.7954383921301256,3.879272289871144,35.16339363127559,-0.009377721822918406,-0.0021556273973859248,-0.007222094425532481,525500.9
195844,RTBRISCOE,2023-03-22,0.25,0.25,0,2026-04-08T04:02:03.467012+00:00,0.0,0.0,0.0,0.0,0.25,0.267,0.2812,2.7954383921301256,3.8376798956961267,35.16339363127559,-0.009438816366048597,-0.0017733775524128928,-0.007665438813635704,520380.9
195958,RTBRISCOE,2023-03-23,0.26,0.26,926022,2026-04-08T04:02:05.929911+00:00,4.0000000000000036,0.0,0.0,-7.142857142857151,0.25,0.266,0.2808,2.9725899525515267,3.7202523105166043,44.36857550507169,-0.008581396804500485,-0.0007327663926918245,-0.00784863041180866,539038.65
196072,RTBRISCOE,2023-03-24,0.26,0.26,91852,2026-04-08T04:02:08.248632+00:00,0.0,4.0000000000000036,-7.692307692307699,0.0,0.254,0.265,0.2804,2.9725899525515267,3.7202523105166043,44.36857550507168,-0.007811835645971321,2.94358126698719e-05,-0.007841271458641193,543631.25
196186,RTBRISCOE,2023-03-27,0.26,0.26,45760,2026-04-08T04:02:12.564733+00:00,0.0,0.0,4.166666666666674,0.0,0.256,0.264,0.28,2.9725899525515267,3.7202523105166043,44.36857550507168,-0.007119879346314917,0.0005771136898610214,-0.007696993036175938,540985.25
196300,RTBRISCOE,2023-03-28,0.26,0.26,52032,2026-04-08T04:02:14.764209+00:00,0.0,0.0,0.0,0.0,0.258,0.263,0.2796,2.9725899525515267,3.7202523105166043,44.36857550507168,-0.006496610116141777,0.0009603063360273294,-0.007456916452169106,528424.65
196414,RTBRISCOE,2023-03-29,0.24,0.24,415624,2026-04-08T04:02:17.140393+00:00,-7.692307692307699,0.0,0.0,0.0,0.256,0.261,0.2788,3.3956216652102325,3.872810983532712,32.10629964384295,-0.007529699920238109,-5.822677445520199e-05,-0.007471473145782907,547705.85
196528,RTBRISCOE,2023-03-30,0.24,0.24,17203,2026-04-08T04:02:19.470716+00:00,0.0,-7.692307692307699,4.0000000000000036,0.0,0.252,0.2595,0.2782,3.330587464745935,3.8428120960282466,32.106299643842945,-0.008253292217803743,-0.000625455257616668,-0.007627836960187075,446766.0
196642,RTBRISCOE,2023-03-31,0.25,0.25,519486,2026-04-08T04:02:21.739047+00:00,4.166666666666674,0.0,0.0,-7.692307692307699,0.25,0.258,0.2778,3.3630327944649383,3.891273478134534,41.484246539707456,-0.007928433850166505,-0.00024047751198354433,-0.007687956338182961,446546.8
196756,RTBRISCOE,2023-04-03,0.23,0.23,1160870,2026-04-08T04:02:26.060346+00:00,-7.9999999999999964,4.166666666666674,0.0,4.166666666666674,0.244,0.2555,0.2766,3.752434231696701,3.896390920913498,31.972343086893215,-0.009179004258995871,-0.0011928383366503273,-0.007986165922345544,504540.3
196870,RTBRISCOE,2023-04-04,0.23,0.23,1009691,2026-04-08T04:02:28.444728+00:00,0.0,-7.9999999999999964,0.0,0.0,0.238,0.253,0.275,3.752434231696701,3.7527123907925675,31.972343086893215,-0.010054191852705507,-0.00165442074428797,-0.008399771108417537,553524.85
196984,RTBRISCOE,2023-04-05,0.23,0.23,32966,2026-04-08T04:02:30.864627+00:00,0.0,0.0,-7.692307692307699,0.0,0.236,0.2505,0.2734,3.752434231696701,3.7527123907925675,31.97234308689322,-0.01062530245344434,-0.001780425076021443,-0.008844877377422898,555173.15
197098,RTBRISCOE,2023-04-06,0.23,0.23,21816,2026-04-08T04:02:33.239626+00:00,0.0,0.0,0.0,4.0000000000000036,0.23399999999999999,0.24900000000000003,0.2718,3.456183442223104,3.7527123907925675,31.972343086893215,-0.010951667710964008,-0.001685432266832888,-0.00926623544413112,493159.45
197212,RTBRISCOE,2023-04-11,0.23,0.23,115339,2026-04-08T04:02:39.320239+00:00,0.0,0.0,4.166666666666674,0.0,0.23,0.2475,0.27020000000000005,3.456183442223104,3.7527123907925675,31.972343086893215,-0.011082561656758971,-0.0014530609701022806,-0.00962950068665669,496696.0
197326,RTBRISCOE,2023-04-12,0.23,0.23,434942,2026-04-08T04:02:41.643197+00:00,0.0,0.0,-7.9999999999999964,0.0,0.23,0.246,0.26880000000000004,3.456183442223104,3.733008750566953,31.972343086893215,-0.01105881689455554,-0.0011434529663190782,-0.009915363928236462,503720.75
197440,RTBRISCOE,2023-04-13,0.24,0.24,541333,2026-04-08T04:02:44.360634+00:00,4.347826086956519,0.0,0.0,0.0,0.23200000000000004,0.24500000000000002,0.2676,3.625365267097287,3.7940917459661723,42.29266713376461,-0.010116466247307221,-0.00016088185525660673,-0.009955584392050614,359546.7
197554,RTBRISCOE,2023-04-14,0.22,0.22,953328,2026-04-08T04:02:47.093001+00:00,-8.333333333333325,4.347826086956519,0.0,-7.692307692307699,0.22999999999999998,0.24300000000000002,0.26539999999999997,4.039985682597414,3.6544361662623177,31.876767706917658,-0.010858311566445344,-0.0007221817395157825,-0.010136129826929562,406213.1
197668,RTBRISCOE,2023-04-17,0.22,0.22,3236,2026-04-08T04:02:52.113012+00:00,0.0,-8.333333333333325,0.0,0.0,0.22800000000000004,0.24099999999999996,0.26380000000000003,4.039985682597414,3.4509671864104194,31.876767706917654,-0.01131578796672228,-0.0009437265118341746,-0.010372061454888105,406374.9
197782,RTBRISCOE,2023-04-18,0.24,0.24,1110168,2026-04-08T04:02:54.97501+00:00,9.090909090909083,0.0,0.0,4.166666666666674,0.22999999999999998,0.24100000000000002,0.2626,4.2595649866431,3.7106913741301373,47.01171556792513,-0.009949813203785712,0.00033779860088191567,-0.010287611804667628,391016.65
197896,RTBRISCOE,2023-04-19,0.25,0.25,1548012,2026-04-08T04:02:57.648371+00:00,4.166666666666674,9.090909090909083,0.0,-7.9999999999999964,0.23399999999999999,0.24100000000000002,0.2614,4.2595649866431,3.7295178955587245,52.673400197165286,-0.007968496073806508,0.001855292584688896,-0.009823788658495404,456260.2
198010,RTBRISCOE,2023-04-20,0.25,0.25,34060,2026-04-08T04:03:00.087899+00:00,0.0,4.166666666666674,4.347826086956519,0.0,0.23600000000000004,0.24100000000000002,0.26020000000000004,4.2595649866431,3.7295178955587245,52.67340019716528,-0.006325373011015906,0.0027987325179835987,-0.009124105528999504,451687.0
198124,RTBRISCOE,2023-04-25,0.24,0.24,793800,2026-04-08T04:03:06.320111+00:00,-4.0000000000000036,0.0,-8.333333333333325,0.0,0.24,0.24050000000000002,0.2594,4.356680016924427,3.5206228558503554,46.865865370688894,-0.005763662656852159,0.002688354297717877,-0.008452016954570036,491377.0
198238,RTBRISCOE,2023-04-26,0.26,0.26,2061374,2026-04-08T04:03:08.704488+00:00,8.333333333333348,-4.0000000000000036,0.0,0.0,0.248,0.24050000000000002,0.259,4.668565982198339,3.723901207462357,57.062405979980554,-0.0036624518362753933,0.003831652094635714,-0.007494103930911107,548144.6
198352,RTBRISCOE,2023-04-27,0.26,0.26,126092,2026-04-08T04:03:11.176222+00:00,0.0,8.333333333333348,9.090909090909083,0.0,0.252,0.2405,0.25860000000000005,4.668565982198339,3.723901207462357,57.062405979980554,-0.001974466699512678,0.004415709785118743,-0.006390176484631421,549856.6
198466,RTBRISCOE,2023-04-28,0.25,0.25,551801,2026-04-08T04:03:13.757457+00:00,-3.8461538461538547,0.0,4.166666666666674,0.0,0.252,0.24,0.258,4.751552769567943,3.7617550774288415,51.348342725182626,-0.0014271909747041456,0.00397038840794182,-0.005397579382645966,575158.65
198580,RTBRISCOE,2023-05-03,0.26,0.26,1164329,2026-04-08T04:03:20.258962+00:00,4.0000000000000036,-3.8461538461538547,0.0,4.347826086956519,0.254,0.24000000000000005,0.2576,4.838847067599406,3.807408165399233,56.084218119758454,-0.0001844286150996799,0.004170520614037029,-0.004354949229136709,630773.5
198694,RTBRISCOE,2023-05-04,0.25,0.25,152701,2026-04-08T04:03:22.719511+00:00,-3.8461538461538547,4.0000000000000036,-4.0000000000000036,-8.333333333333325,0.256,0.24050000000000002,0.257,4.581983913733431,3.8445027026939242,50.7627390372157,-6.3734488557343205e-06,0.00347886062422478,-0.003485234073080514,617627.35
198808,RTBRISCOE,2023-05-08,0.26,0.26,534864,2026-04-08T04:03:29.045349+00:00,4.0000000000000036,-3.8461538461538547,8.333333333333348,0.0,0.256,0.2415,0.2566,4.654737545888457,3.889119997071305,55.3274865565343,0.0009309218916357664,0.0035329247717730246,-0.002602002880137258,643510.4
198922,RTBRISCOE,2023-05-09,0.28,0.28,752052,2026-04-08T04:03:32.620003+00:00,7.692307692307709,4.0000000000000036,0.0,9.090909090909083,0.26,0.24299999999999997,0.25660000000000005,4.862857446008133,4.041255748844609,62.76301821733856,0.0032501028918312524,0.004681684617574808,-0.0014315817257435559,655138.7
199036,RTBRISCOE,2023-05-12,0.27,0.27,76132,2026-04-08T04:03:37.286216+00:00,-3.57142857142857,7.692307692307709,-3.8461538461538547,4.166666666666674,0.264,0.24500000000000002,0.256,4.536689661853289,3.941969800626415,57.600598370590646,0.004232366035667234,0.004531158209128632,-0.0002987921734613979,600901.8
199150,RTBRISCOE,2023-05-15,0.27,0.27,384789,2026-04-08T04:03:41.825544+00:00,0.0,-3.57142857142857,4.0000000000000036,0.0,0.266,0.24699999999999997,0.2558,4.536689661853289,3.827582632258548,57.60059837059065,0.004953713330288934,0.004202004403000265,0.0007517089272886685,569656.7
199264,RTBRISCOE,2023-05-16,0.27,0.27,255062,2026-04-08T04:03:44.244464+00:00,0.0,0.0,-3.8461538461538547,-4.0000000000000036,0.27,0.24900000000000003,0.2556,4.536689661853289,3.827582632258548,57.60059837059065,0.005462418893536269,0.003768567972998081,0.0016938509205381886,580761.5
199378,RTBRISCOE,2023-05-17,0.27,0.27,582081,2026-04-08T04:03:46.492518+00:00,0.0,0.0,4.0000000000000036,8.333333333333348,0.272,0.251,0.2554,4.536689661853289,3.827582632258548,57.600598370590646,0.005798727595299424,0.0032839013398089888,0.0025148262554904356,608774.75
199492,RTBRISCOE,2023-05-18,0.26,0.26,479625,2026-04-08T04:03:48.752249+00:00,-3.703703703703709,0.0,7.692307692307709,0.0,0.268,0.25250000000000006,0.25500000000000006,4.6496197246903375,3.8632438317263773,51.86281294064599,0.005198414155423825,0.002146870319946711,0.003051543835477114,626989.05
199606,RTBRISCOE,2023-05-19,0.27,0.27,608186,2026-04-08T04:03:51.139215+00:00,3.8461538461538547,-3.703703703703709,-3.57142857142857,-3.8461538461538547,0.268,0.2545,0.2548,4.697714564137894,3.9028485806895223,56.52647281561436,0.005466562723550672,0.0019320151104588465,0.0035345476130918254,635651.25
199720,RTBRISCOE,2023-05-22,0.29,0.29,434028,2026-04-08T04:03:55.484935+00:00,7.407407407407396,3.8461538461538547,0.0,4.0000000000000036,0.272,0.257,0.255,4.862524451378061,4.040906830036747,64.03194176895167,0.0072097952173987845,0.002940198083445567,0.004269597133953217,630286.0
199834,RTBRISCOE,2023-05-23,0.31,0.31,880263,2026-04-08T04:03:57.886867+00:00,6.896551724137945,7.407407407407396,0.0,-3.8461538461538547,0.27999999999999997,0.2615,0.2556,4.49219824830778,4.151846464807701,69.67088121057621,0.010088854348278109,0.004655405771459913,0.005433448576818196,626632.75
199948,RTBRISCOE,2023-05-24,0.34,0.34,1322829,2026-04-08T04:04:00.334047+00:00,9.677419354838722,6.896551724137945,0.0,4.0000000000000036,0.294,0.2675,0.257,4.796365451118318,4.3198620014128455,75.79970393373772,0.014622717150553577,0.007351414858988305,0.007271302291565272,692612.4
200062,RTBRISCOE,2023-05-25,0.36,0.36,1437072,2026-04-08T04:04:02.79018+00:00,5.88235294117645,9.677419354838722,-3.703703703703709,7.692307692307709,0.314,0.27349999999999997,0.2586,4.607461657056812,4.363058754654057,78.86586625954783,0.019603689805891333,0.009865910011460848,0.009737779794430485,708957.6
200176,RTBRISCOE,2023-05-26,0.38,0.38,688718,2026-04-08T04:04:05.139052+00:00,5.555555555555558,5.88235294117645,3.8461538461538547,-3.57142857142857,0.33599999999999997,0.28,0.2606,4.649781155956655,4.417941779510001,81.4033016557051,0.02487819898251331,0.012112335350466259,0.012765863632047052,665992.9
200290,RTBRISCOE,2023-05-30,0.41,0.41,826149,2026-04-08T04:04:11.011702+00:00,7.8947368421052655,5.555555555555558,7.407407407407396,0.0,0.36,0.288,0.2632,4.784883041109025,4.531732014839087,84.42420428617199,0.03112029934616284,0.014683548571292629,0.01643675077487021,705597.35
200404,RTBRISCOE,2023-06-01,0.38,0.38,1706299,2026-04-08T04:04:14.390605+00:00,-7.317073170731703,7.8947368421052655,6.896551724137945,0.0,0.374,0.29500000000000004,0.26520000000000005,5.07479653727435,4.676109529826279,71.85414341692037,0.03326302413994908,0.0134610186920631,0.019802005447885983,751222.3
200518,RTBRISCOE,2023-06-02,0.38,0.38,57000,2026-04-08T04:04:16.732653+00:00,0.0,-7.317073170731703,9.677419354838722,0.0,0.382,0.30100000000000005,0.2676,4.9051640849154285,4.538077941362195,71.85414341692038,0.034562731324369045,0.011808580701186448,0.022754150623182597,651003.6
200632,RTBRISCOE,2023-06-05,0.37,0.37,1058259,2026-04-08T04:04:21.343031+00:00,-2.631578947368418,0.0,5.88235294117645,-3.703703703703709,0.384,0.30650000000000005,0.26980000000000004,4.996876860557736,4.563473636396165,67.94334491195526,0.034389422351201016,0.009308217382414732,0.025081204968786283,697611.95
200746,RTBRISCOE,2023-06-06,0.34,0.34,3068456,2026-04-08T04:04:23.98223+00:00,-8.108108108108103,-2.631578947368418,5.555555555555558,3.8461538461538547,0.376,0.31100000000000005,0.27140000000000003,5.3341768521556965,4.7337217030154966,57.78277721784982,0.03146857432548589,0.005109895485359683,0.026358678840126205,823444.7
200860,RTBRISCOE,2023-06-07,0.34,0.34,43581,2026-04-08T04:04:26.507718+00:00,0.0,-8.108108108108103,7.8947368421052655,7.407407407407396,0.362,0.31500000000000006,0.273,5.317722042566103,4.7337217030154966,57.78277721784982,0.028821544398495547,0.0019702924466954708,0.026851251951800076,767407.3
200974,RTBRISCOE,2023-06-08,0.34,0.34,920688,2026-04-08T04:04:29.08401+00:00,0.0,0.0,-7.317073170731703,6.896551724137945,0.354,0.3195,0.2746,5.182660343896343,4.7337217030154966,57.78277721784982,0.026419209904147034,-0.0003456336381224348,0.02676484354226947,805806.65
201088,RTBRISCOE,2023-06-09,0.34,0.34,114396,2026-04-08T04:04:31.44664+00:00,0.0,0.0,0.0,9.677419354838722,0.34600000000000003,0.3235,0.2762,5.165409413175179,4.7337217030154966,57.78277721784982,0.024235965386875225,-0.0020231025243153955,0.02625906791119062,784783.25
201202,RTBRISCOE,2023-06-13,0.34,0.34,140322,2026-04-08T04:04:36.862505+00:00,0.0,0.0,-2.631578947368418,5.88235294117645,0.34,0.32649999999999996,0.2782,4.960505091798995,4.579633463679091,57.78277721784983,0.022249252840444267,-0.0032078520565970853,0.025457104897041352,754196.75
201316,RTBRISCOE,2023-06-14,0.34,0.34,808643,2026-04-08T04:04:39.320552+00:00,0.0,0.0,-8.108108108108103,5.555555555555558,0.34,0.33,0.28,4.846794552639913,4.554992497279639,57.78277721784982,0.020439158932665624,-0.004014356771500582,0.024453515704166207,790822.3
201430,RTBRISCOE,2023-06-15,0.31,0.31,2407420,2026-04-08T04:04:41.673534+00:00,-8.823529411764708,0.0,0.0,7.8947368421052655,0.334,0.33199999999999996,0.2812,5.344502247098524,4.750125415560592,46.852892981874284,0.01639490690882006,-0.006446887036276917,0.02284179394509698,891953.85
201544,RTBRISCOE,2023-06-16,0.34,0.34,3638098,2026-04-08T04:04:44.052846+00:00,9.677419354838722,-8.823529411764708,0.0,-7.317073170731703,0.334,0.3355,0.28300000000000003,5.692278867999312,4.921663791141406,55.847068828190615,0.015432659233057089,-0.0059273077696319135,0.021359967002689002,1061105.65
201658,RTBRISCOE,2023-06-19,0.37,0.37,1174400,2026-04-08T04:04:48.541112+00:00,8.823529411764696,9.677419354838722,0.0,0.0,0.34,0.34049999999999997,0.2852,5.922462720324736,5.032977778390963,62.653458619005235,0.01689605311406267,-0.003571131110901068,0.020467184224963738,1090721.6
201772,RTBRISCOE,2023-06-20,0.34,0.34,1510942,2026-04-08T04:04:51.378552+00:00,-8.108108108108103,8.823529411764696,0.0,-2.631578947368418,0.33999999999999997,0.3445,0.2868,6.210937609570103,5.188539504447349,53.73307283034993,0.01545687677451929,-0.0040082459603555595,0.01946512273487485,1142287.45
201886,RTBRISCOE,2023-06-21,0.37,0.37,3039376,2026-04-08T04:04:53.764277+00:00,8.823529411764696,-8.108108108108103,0.0,-8.108108108108103,0.346,0.34950000000000003,0.28900000000000003,6.4051593647672425,5.31384062513634,59.884003786080136,0.016546332613628978,-0.0023350320969966996,0.018881364710625678,1263846.95
202000,RTBRISCOE,2023-06-22,0.4,0.4,2230672,2026-04-08T04:04:56.145117+00:00,8.108108108108114,8.823529411764696,-8.823529411764708,0.0,0.364,0.35500000000000004,0.29180000000000006,6.439370848189622,5.410337025129346,64.90813859748775,0.01960449507887302,0.0005785042945978744,0.019025990784275144,1353679.15
202114,RTBRISCOE,2023-06-26,0.48,0.48,4475772,2026-04-08T04:05:01.671465+00:00,19.999999999999996,8.108108108108114,9.677419354838722,0.0,0.392,0.3635,0.2966,7.553545381281728,5.897022870595409,74.19078666907645,0.028158844644760817,0.007306283088388536,0.02085256155637228,1533454.6
202228,RTBRISCOE,2023-06-30,0.57,0.57,5822513,2026-04-08T04:05:07.377697+00:00,18.75,19.999999999999996,8.823529411764696,0.0,0.43200000000000005,0.375,0.3032,8.249375119224037,6.372652558992522,80.45469220864561,0.041719559038037424,0.016693597985332112,0.02502596105270531,1758438.8
202342,RTBRISCOE,2023-07-03,0.62,0.62,895434,2026-04-08T04:05:11.758079+00:00,8.771929824561408,18.75,-8.108108108108103,0.0,0.488,0.388,0.31060000000000004,8.328792869717482,6.438476138961142,82.9329230496714,0.05585721779017111,0.024665005389972638,0.031192212400198472,1731356.9
202456,RTBRISCOE,2023-07-04,0.68,0.68,2571852,2026-04-08T04:05:14.17436+00:00,9.677419354838722,8.771929824561408,8.823529411764696,0.0,0.55,0.403,0.3196,8.44371698653594,6.361407536801591,85.33576204836048,0.07108350635335081,0.03191303516252187,0.03917047119082894,1825513.6
202570,RTBRISCOE,2023-07-05,0.74,0.74,1162930,2026-04-08T04:05:16.577423+00:00,8.823529411764696,9.677419354838722,8.108108108108114,-8.823529411764708,0.618,0.41950000000000004,0.3298,8.472954797079712,6.416111855321068,87.26640221180347,0.08698919105266995,0.0382549758894728,0.04873421516319715,1842352.65
202684,RTBRISCOE,2023-07-06,0.73,0.73,14513492,2026-04-08T04:05:19.075393+00:00,-1.3513513513513487,8.823529411764696,19.999999999999996,9.677419354838722,0.6679999999999999,0.437,0.3398,8.178543791549984,6.429943227481927,85.25184748500274,0.09766185922390097,0.03914211524856305,0.05851974397533792,2482712.3
202798,RTBRISCOE,2023-07-07,0.66,0.66,7634379,2026-04-08T04:05:21.415756+00:00,-9.589041095890405,-1.3513513513513487,18.75,8.823529411764696,0.6859999999999999,0.45100000000000007,0.3484,8.668428240737548,6.646368209578276,72.61494251281066,0.09932663503641648,0.03264551284886284,0.06668112218755363,2861581.25
202912,RTBRISCOE,2023-07-10,0.72,0.72,17182069,2026-04-08T04:05:26.355595+00:00,9.090909090909083,-9.589041095890405,8.771929824561408,-8.108108108108103,0.7060000000000001,0.46849999999999997,0.3582000000000001,8.653783446784347,6.70512500199189,75.91099204225752,0.10428534389196087,0.030083377363525787,0.07420196652843508,3667771.75
203026,RTBRISCOE,2023-07-11,0.72,0.72,3571575,2026-04-08T04:05:28.903538+00:00,0.0,9.090909090909083,9.677419354838722,8.823529411764696,0.714,0.4875,0.36800000000000005,8.25062610958054,6.70512500199189,75.91099204225752,0.10698193523015709,0.0262239749613776,0.08075796026877949,3692927.7
203140,RTBRISCOE,2023-07-12,0.65,0.65,3875661,2026-04-08T04:05:31.299012+00:00,-9.722222222222221,0.0,8.823529411764696,8.108108108108114,0.6960000000000001,0.503,0.3762,8.77663510613609,6.918783800956791,65.27994566209452,0.10229143630446857,0.017226780828551266,0.08506465547591731,3884531.7
203254,RTBRISCOE,2023-07-14,0.59,0.59,23920,2026-04-08T04:05:34.698751+00:00,-9.230769230769242,-9.722222222222221,-1.3513513513513487,19.999999999999996,0.6679999999999999,0.5155000000000001,0.3836,9.210532636763906,6.947877843028234,57.80703281160551,0.09266450482360755,0.006079879478152181,0.08658462534545537,3839693.3
203368,RTBRISCOE,2023-07-17,0.54,0.54,1626172,2026-04-08T04:05:39.139368+00:00,-8.474576271186429,-9.230769230769242,-9.589041095890405,18.75,0.644,0.5255,0.39000000000000007,9.553376324243784,7.104804576305985,52.421563668752405,0.08007742739759272,-0.0052057583582901246,0.08528318575588284,3915282.1
203482,RTBRISCOE,2023-07-19,0.56,0.56,3306503,2026-04-08T04:05:42.577032+00:00,3.703703703703698,-8.474576271186429,9.090909090909083,8.771929824561408,0.612,0.5365,0.39640000000000003,9.532887025386387,7.0364210166846695,54.257296062278634,0.07089863536983076,-0.01150764030884166,0.08240627567867242,4073591.15
203596,RTBRISCOE,2023-07-20,0.53,0.53,1880832,2026-04-08T04:05:45.122849+00:00,-5.35714285714286,3.703703703703698,0.0,9.677419354838722,0.5740000000000001,0.546,0.402,9.693968310852894,7.103652699674766,51.074013873236325,0.06050615004472004,-0.017520100507161906,0.07802625055188195,4127200.6
203710,RTBRISCOE,2023-07-21,0.51,0.51,1502049,2026-04-08T04:05:47.594805+00:00,-3.7735849056603765,-5.35714285714286,-9.722222222222221,8.823529411764696,0.546,0.556,0.4072,9.44104490083362,7.142619106633317,49.009623691761085,0.050078919091488316,-0.022357865168314908,0.07243678425980322,4081932.05
203824,RTBRISCOE,2023-07-24,0.54,0.54,1220983,2026-04-08T04:05:52.167161+00:00,5.882352941176472,-3.7735849056603765,-9.230769230769242,-1.3513513513513487,0.536,0.5660000000000001,0.4132,9.335890752536388,7.118938372058321,52.134888435355855,0.04373189861141802,-0.022963908518708165,0.06669580713012618,3961076.3
203938,RTBRISCOE,2023-07-25,0.53,0.53,331602,2026-04-08T04:05:54.602351+00:00,-1.851851851851849,5.882352941176472,-8.474576271186429,-9.589041095890405,0.534,0.574,0.41859999999999997,9.274887780208035,7.076024222267515,51.01251150886715,0.03746307175539243,-0.02338618829978701,0.06084926005517944,3918936.4
204052,RTBRISCOE,2023-07-26,0.5,0.5,769580,2026-04-08T04:05:57.515236+00:00,-5.660377358490576,-1.851851851851849,3.703703703703698,9.090909090909083,0.522,0.582,0.42340000000000005,9.146854185812632,7.148256501426328,47.69516687391791,0.02973150573707717,-0.024894203454481824,0.05462570919155899,3881868.3
204166,RTBRISCOE,2023-07-27,0.53,0.53,2869808,2026-04-08T04:05:59.880161+00:00,6.000000000000005,-5.660377358490576,-5.35714285714286,0.0,0.522,0.5900000000000001,0.42900000000000005,9.06277538180395,7.131880126060872,51.11845529687457,0.025728352808345067,-0.023117885106571145,0.04884623791491621,3873389.9
204280,RTBRISCOE,2023-07-28,0.56,0.56,1908557,2026-04-08T04:06:02.220136+00:00,5.660377358490565,6.000000000000005,-3.7735849056603765,-9.722222222222221,0.532,0.5980000000000001,0.435,8.99492042403138,7.146386571599524,54.33693941757749,0.024691941222491187,-0.019323437353940022,0.04401537857643121,3857284.15
204394,RTBRISCOE,2023-07-31,0.56,0.56,219341,2026-04-08T04:06:06.790851+00:00,0.0,5.660377358490565,5.882352941176472,-9.230769230769242,0.536,0.602,0.44120000000000004,7.947067927826353,7.10505629603493,54.3369394175775,0.023598548199699865,-0.016333464301385076,0.03993201250108494,3644462.6
204508,RTBRISCOE,2023-08-02,0.51,0.51,899350,2026-04-08T04:06:10.326378+00:00,-8.92857142857143,0.0,-1.851851851851849,-8.474576271186429,0.532,0.599,0.4462,7.066993075102993,7.259437092720283,48.20225882285393,0.01848436793170427,-0.017158115655504534,0.035642483587208805,3398304.45
204622,RTBRISCOE,2023-08-03,0.48,0.48,483340,2026-04-08T04:06:12.834218+00:00,-5.882352941176472,-8.92857142857143,-5.660377358490576,3.703703703703698,0.528,0.592,0.45020000000000004,6.830844394859713,7.2810854087247225,44.92492923638446,0.011873721078639932,-0.0190150100068551,0.03088873108549503,3377699.75
204736,RTBRISCOE,2023-08-04,0.48,0.48,17536,2026-04-08T04:06:15.200886+00:00,0.0,-5.882352941176472,6.000000000000005,-5.35714285714286,0.518,0.5820000000000001,0.4544,6.357368452583319,7.249395909168129,44.92492923638446,0.006559126295428319,-0.019463683832053373,0.026022810127481692,3249983.95
204850,RTBRISCOE,2023-08-07,0.47,0.47,533382,2026-04-08T04:06:19.871718+00:00,-2.083333333333337,0.0,5.660377358490565,-3.7735849056603765,0.5,0.5685,0.45840000000000003,5.871441430150749,7.263631384761337,43.774339638095135,0.0015228013080639258,-0.019600007055534215,0.02112280836359814,3218506.55
204964,RTBRISCOE,2023-08-08,0.47,0.47,50194,2026-04-08T04:06:22.245918+00:00,0.0,-2.083333333333337,0.0,5.882352941176472,0.48199999999999993,0.5555,0.4623999999999999,5.888000650068119,7.263631384761337,43.77433963809513,-0.0024403912183106335,-0.01885055966552702,0.016410168447216385,2495341.65
205078,RTBRISCOE,2023-08-09,0.47,0.47,253233,2026-04-08T04:06:24.635943+00:00,0.0,0.0,-8.92857142857143,-1.851851851851849,0.47400000000000003,0.546,0.4664,5.622881052047121,7.263631384761337,43.77433963809513,-0.005517645861842779,-0.01754225144724733,0.012024605585404552,2126284.35
205192,RTBRISCOE,2023-08-10,0.47,0.47,0,2026-04-08T04:06:27.035398+00:00,0.0,0.0,-5.882352941176472,-5.660377358490576,0.472,0.5335,0.4706,5.058078733637675,7.229669824070266,43.77433963809514,-0.007865721199517894,-0.015912261427937956,0.008046540228420062,1267180.9
205306,RTBRISCOE,2023-08-11,0.43,0.43,1109339,2026-04-08T04:06:29.455701+00:00,-8.510638297872342,0.0,0.0,6.000000000000005,0.462,0.519,0.4738,5.237042231539437,7.355879709371763,38.47297650108615,-0.012806626706818647,-0.016682533548190968,0.00387590684137232,1144069.1
205420,RTBRISCOE,2023-08-14,0.46,0.46,768965,2026-04-08T04:06:33.923569+00:00,6.976744186046524,-8.510638297872342,-2.083333333333337,5.660377358490565,0.45999999999999996,0.5095,0.4772,5.340281969590675,7.348704429870536,43.955113581018445,-0.014138599663173157,-0.014411605203636381,0.00027300554046322473,988734.3
205534,RTBRISCOE,2023-08-15,0.49,0.49,1215341,2026-04-08T04:06:36.358161+00:00,6.521739130434767,6.976744186046524,0.0,0.0,0.4640000000000001,0.5045,0.4808,5.313538885712644,7.342948670972367,48.86206600015506,-0.012627882182673966,-0.010320710178509752,-0.002307172004164214,1048305.35
205648,RTBRISCOE,2023-08-16,0.49,0.49,1308945,2026-04-08T04:06:38.679915+00:00,0.0,6.521739130434767,0.0,-8.92857142857143,0.46799999999999997,0.502,0.4838,4.996849649649409,7.241179383925429,48.86206600015505,-0.011300364131768048,-0.007194553702083067,-0.004105810429684981,1032444.0
205762,RTBRISCOE,2023-08-17,0.45,0.45,1038063,2026-04-08T04:06:40.998805+00:00,-8.163265306122447,0.0,0.0,-5.882352941176472,0.4640000000000001,0.4965,0.48560000000000003,5.189135829855751,7.319310997252441,43.03552198264491,-0.013322389999214812,-0.007373263655623865,-0.005949126343590947,919022.0
205876,RTBRISCOE,2023-08-18,0.43,0.43,8288384,2026-04-08T04:06:43.468275+00:00,-4.444444444444451,-8.163265306122447,-8.510638297872342,0.0,0.46399999999999997,0.4915,0.4866,5.152299295701815,7.320647194728674,40.43898709403215,-0.016350217787109378,-0.008320873154814744,-0.008029344632294634,1239399.6
205990,RTBRISCOE,2023-08-21,0.44,0.44,2519764,2026-04-08T04:06:47.688711+00:00,2.3255813953488413,-4.444444444444451,6.976744186046524,-2.083333333333337,0.45999999999999996,0.488,0.4872000000000001,5.154565378773674,7.247900444788475,42.31311347929352,-0.017738399469509947,-0.007767243869772251,-0.009971155599737696,1290285.35
206104,RTBRISCOE,2023-08-24,0.47,0.47,4709,2026-04-08T04:06:51.989424+00:00,6.818181818181812,2.3255813953488413,6.521739130434767,0.0,0.45599999999999996,0.4845,0.489,5.220409660882095,7.216672981286172,47.63631535956392,-0.0162306968050715,-0.005007632964267041,-0.011223063840804457,1229471.65
206218,RTBRISCOE,2023-08-25,0.49,0.49,1257605,2026-04-08T04:06:54.38475+00:00,4.255319148936176,6.818181818181812,0.0,0.0,0.45599999999999996,0.48250000000000004,0.49119999999999997,5.318626497710606,7.233624221192822,50.88988574180295,-0.013269041477604604,-0.0016367821094401165,-0.011632259368164487,1275771.8
206332,RTBRISCOE,2023-08-28,0.49,0.49,52370,2026-04-08T04:06:59.310949+00:00,0.0,4.255319148936176,-8.163265306122447,0.0,0.46399999999999997,0.48200000000000004,0.4936,5.164256755458906,7.218001035273235,50.88988574180295,-0.010797442101639354,0.0006678538132201071,-0.011465295914859461,1239911.3
206446,RTBRISCOE,2023-08-29,0.45,0.45,961279,2026-04-08T04:07:01.613742+00:00,-8.163265306122447,0.0,-4.444444444444451,-8.510638297872342,0.46799999999999997,0.4779999999999999,0.49579999999999996,5.2720852800760465,7.219396302882218,44.479434170526986,-0.011928839261761803,-0.0003708346775218724,-0.011558004584239931,1144484.85
206560,RTBRISCOE,2023-08-30,0.42,0.42,1716152,2026-04-08T04:07:03.820209+00:00,-6.666666666666677,-8.163265306122447,2.3255813953488413,6.976744186046524,0.46399999999999997,0.471,0.4974,5.2119431312680495,7.2958461869462115,40.37189057077584,-0.015072482743205218,-0.0028115825271722277,-0.01226090021603299,1134864.6
206674,RTBRISCOE,2023-09-01,0.45,0.45,3781131,2026-04-08T04:07:07.195585+00:00,7.14285714285714,-6.666666666666677,6.818181818181812,6.521739130434767,0.45999999999999996,0.4655,0.4996,5.539922968837998,7.352012058873925,45.76554244658305,-0.014970522704527534,-0.0021676979907956345,-0.012802824713731899,1312954.1
206788,RTBRISCOE,2023-09-04,0.44,0.44,434639,2026-04-08T04:07:11.730996+00:00,-2.2222222222222254,7.14285714285714,4.255319148936176,0.0,0.45,0.462,0.5015999999999999,5.224958656164248,7.363783707379287,44.32622673987791,-0.015517756033717078,-0.0021719450559881427,-0.013345810977728936,1289718.55
206902,RTBRISCOE,2023-09-05,0.43,0.43,3295835,2026-04-08T04:07:14.175893+00:00,-2.2727272727272707,-2.2222222222222254,0.0,-8.163265306122447,0.438,0.45949999999999996,0.5034000000000001,5.0937605181336245,7.375679596746307,42.874123842856974,-0.016567380368167905,-0.002577255512351176,-0.01399012485581673,1430343.3
207016,RTBRISCOE,2023-09-06,0.44,0.44,434096,2026-04-08T04:07:16.66229+00:00,2.3255813953488413,-2.2727272727272707,-8.163265306122447,-4.444444444444451,0.43600000000000005,0.4575,0.5054,5.130368620323447,7.378307548574472,44.82081299587786,-0.016403212762758468,-0.00193047032555339,-0.014472742437205078,1451171.3
207130,RTBRISCOE,2023-09-07,0.41,0.41,449692,2026-04-08T04:07:19.134101+00:00,-6.818181818181824,2.3255813953488413,-6.666666666666677,2.3255813953488413,0.434,0.4545,0.5074000000000001,5.322259197174441,7.330347289004483,40.375636080209475,-0.018480822613075876,-0.0032064641406966375,-0.015274358472379238,1446986.8
207244,RTBRISCOE,2023-09-08,0.41,0.41,47842,2026-04-08T04:07:21.445908+00:00,0.0,-6.818181818181824,7.14285714285714,6.818181818181812,0.426,0.45149999999999996,0.5088,5.322259197174441,7.218550639436002,40.37563608020948,-0.01989797195320403,-0.0036988907846598335,-0.016199081168544197,1446869.2
207358,RTBRISCOE,2023-09-11,0.44,0.44,2380237,2026-04-08T04:07:26.133096+00:00,7.317073170731714,0.0,-2.2222222222222254,4.255319148936176,0.426,0.45,0.5102,5.605623338187199,7.186702792984386,46.526260945606246,-0.0183883542344645,-0.001751418452736242,-0.016636935781728257,1553219.4
207472,RTBRISCOE,2023-09-12,0.42,0.42,994812,2026-04-08T04:07:28.57479+00:00,-4.545454545454552,7.317073170731714,-2.2727272727272707,0.0,0.42400000000000004,0.44750000000000006,0.5118,5.689504792650602,7.115977391616059,43.31808516562349,-0.01859149301055779,-0.0015636457830636268,-0.017027847227494165,1602960.0
207586,RTBRISCOE,2023-09-13,0.44,0.44,279350,2026-04-08T04:07:30.890589+00:00,4.761904761904767,-4.545454545454552,2.3255813953488413,-8.163265306122447,0.42400000000000004,0.44799999999999995,0.5132,5.4640351242591265,7.043762276461442,47.23623016747011,-0.01694333686065308,6.760829347286779e-05,-0.017010945154125948,1561460.55
207700,RTBRISCOE,2023-09-14,0.4,0.4,1175321,2026-04-08T04:07:33.324455+00:00,-9.090909090909083,4.761904761904767,-6.818181818181824,-6.666666666666677,0.422,0.445,0.5132,5.603532494090628,7.088638764502734,41.11484965550649,-0.018649843160748802,-0.0013111184052982845,-0.017338724755450518,1581778.35
207814,RTBRISCOE,2023-09-15,0.4,0.4,54279,2026-04-08T04:07:35.74244+00:00,0.0,-9.090909090909083,0.0,7.14285714285714,0.42000000000000004,0.4405,0.5116,5.354836454268536,6.489855475200371,41.1148496555065,-0.019774315696028888,-0.001948472752462696,-0.017825842943566192,1523725.25
207928,RTBRISCOE,2023-09-18,0.42,0.42,1994837,2026-04-08T04:07:40.292184+00:00,4.999999999999982,0.0,7.317073170731714,-2.2222222222222254,0.41600000000000004,0.437,0.5085999999999999,5.512099201360165,5.940264664738156,45.230621838609714,-0.018834522774142548,-0.0008069438644610835,-0.018027578909681465,1558019.85
208042,RTBRISCOE,2023-09-19,0.4,0.4,1543224,2026-04-08T04:07:42.606346+00:00,-4.761904761904756,4.999999999999982,-4.545454545454552,-2.2727272727272707,0.41200000000000003,0.43450000000000005,0.5042,5.3161689698405965,5.819290483333321,42.064375718243696,-0.019479020937631764,-0.0011611536223602378,-0.018317867315271526,1583277.9
208156,RTBRISCOE,2023-09-20,0.39,0.39,571927,2026-04-08T04:07:45.004042+00:00,-2.500000000000002,-4.761904761904756,4.761904761904767,2.3255813953488413,0.402,0.4325,0.49839999999999995,5.256759585345248,5.6275364611283,40.53641517620509,-0.02055970729435258,-0.0017934719832648424,-0.018766235311087738,1197455.05
208270,RTBRISCOE,2023-09-21,0.39,0.39,215172,2026-04-08T04:07:47.370085+00:00,0.0,-2.500000000000002,-9.090909090909083,-6.818181818181824,0.4,0.43,0.4914,5.219942523521236,5.450383181571211,40.5364151762051,-0.02117210022575089,-0.0019246919317305183,-0.01924740829402037,1082225.45
208384,RTBRISCOE,2023-09-22,0.42,0.42,1010980,2026-04-08T04:07:49.898567+00:00,7.692307692307687,0.0,0.0,0.0,0.404,0.42750000000000005,0.4852,5.287410326910923,5.590985558895994,47.20837391831351,-0.01901745536886068,0.00018396234012775167,-0.019201417708988432,1132539.0
208498,RTBRISCOE,2023-09-25,0.38,0.38,698783,2026-04-08T04:07:54.305125+00:00,-9.523809523809524,7.692307692307687,4.999999999999982,7.317073170731714,0.396,0.42200000000000004,0.4796,5.53697332322262,5.588934527906896,40.65792720031512,-0.020303503354273056,-0.0008816685162276981,-0.019421834838045358,1104597.9
208612,RTBRISCOE,2023-09-28,0.45,0.45,3406002,2026-04-08T04:07:58.898315+00:00,18.421052631578938,-9.523809523809524,-4.761904761904756,-4.545454545454552,0.406,0.42000000000000004,0.47419999999999995,7.05615665236895,6.066179683906584,52.95918334312168,-0.015495666267581587,0.0031409348563710172,-0.018636601123952604,1272279.5
208726,RTBRISCOE,2023-09-29,0.49,0.49,3118975,2026-04-08T04:08:01.279649+00:00,8.888888888888879,18.421052631578938,-2.500000000000002,4.761904761904767,0.426,0.422,0.4696,7.072891230606614,6.217184587623958,58.28108004872834,-0.00836137035900475,0.008220184611958285,-0.016581554970963034,1380164.3
208840,RTBRISCOE,2023-10-03,0.53,0.53,1174316,2026-04-08T04:08:06.721549+00:00,8.163265306122458,8.888888888888879,0.0,-9.090909090909083,0.454,0.42750000000000005,0.4672,7.0419421884803555,6.194879382888577,62.81193215286211,0.000514347180296193,0.013676721721007382,-0.013162374540711189,1353072.5
208954,RTBRISCOE,2023-10-04,0.58,0.58,855175,2026-04-08T04:08:09.042741+00:00,9.433962264150942,8.163265306122458,7.692307692307687,0.0,0.48600000000000004,0.43400000000000005,0.467,7.157979843933528,6.203256522011548,67.55528554848189,0.011450999415585583,0.019690699165037417,-0.008239699749451834,1206774.7
209068,RTBRISCOE,2023-10-05,0.57,0.57,2918520,2026-04-08T04:08:11.600182+00:00,-1.7241379310344862,9.433962264150942,-9.523809523809524,4.999999999999982,0.5239999999999999,0.44049999999999995,0.46759999999999996,7.145153552036065,6.083988813192018,65.74900286903116,0.019091385076674572,0.021864867860901124,-0.002773482784226553,1330968.75
209183,RTBRISCOE,2023-10-06,0.57,0.57,1274898,2026-04-08T04:08:14.22861+00:00,0.0,-1.7241379310344862,18.421052631578938,-4.761904761904756,0.5479999999999999,0.44749999999999995,0.4678,7.099277697994522,6.064053748593211,65.74900286903114,0.024859876576654005,0.022106687488704445,0.002753189087949559,1229921.9
209298,RTBRISCOE,2023-10-09,0.57,0.57,172277,2026-04-08T04:08:18.740555+00:00,0.0,0.0,8.888888888888879,-2.500000000000002,0.5639999999999998,0.454,0.4686,7.106705597015377,6.01072372163637,65.74900286903116,0.0290960465373028,0.021074285959482592,0.008021760577820208,1216830.95
209413,RTBRISCOE,2023-10-10,0.57,0.57,110695,2026-04-08T04:08:21.390436+00:00,0.0,0.0,8.163265306122458,0.0,0.572,0.462,0.46980000000000005,6.843539552050083,5.98189688012948,65.74900286903116,0.03208340423824074,0.019249314928336425,0.012834089309904316,1199881.1
209527,RTBRISCOE,2023-10-12,0.57,0.57,1101000,2026-04-08T04:08:24.861957+00:00,0.0,0.0,9.433962264150942,7.692307692307687,0.57,0.47000000000000003,0.4704,6.843539552050083,5.929397179257306,65.74900286903116,0.0340583038131837,0.016979371602623507,0.017078932210560192,1252539.0
209642,RTBRISCOE,2023-10-13,0.57,0.57,289341,2026-04-08T04:08:27.376596+00:00,0.0,0.0,-1.7241379310344862,-9.523809523809524,0.57,0.4765,0.47119999999999995,6.732062773090358,5.92160159972692,65.74900286903116,0.03521746098656425,0.014510823020803247,0.020706637965761006,1147994.2
209757,RTBRISCOE,2023-10-16,0.57,0.57,25700,2026-04-08T04:08:32.388707+00:00,0.0,0.0,0.0,18.421052631578938,0.57,0.484,0.47259999999999996,6.592117834505701,5.8588114071522295,65.74900286903114,0.03572429397440868,0.012014124806918141,0.023710169167490542,1099538.6
209872,RTBRISCOE,2023-10-17,0.57,0.57,7690,2026-04-08T04:08:34.738576+00:00,0.0,0.0,0.0,8.888888888888879,0.57,0.49049999999999994,0.4734,6.563084503614475,5.803543239422464,65.74900286903116,0.035714270885404575,0.009603281374331224,0.02611098951107335,1085955.6
209987,RTBRISCOE,2023-10-19,0.52,0.52,69231,2026-04-08T04:08:38.671249+00:00,-8.771929824561397,0.0,0.0,8.163265306122458,0.5599999999999999,0.4965,0.47259999999999996,6.5363261303513855,5.890164144312224,52.943740626363564,0.03131081381127987,0.004159859440165212,0.027150954371114658,1030651.1
210102,RTBRISCOE,2023-10-20,0.52,0.52,31647,2026-04-08T04:08:40.967521+00:00,0.0,-8.771929824561397,0.0,9.433962264150942,0.55,0.5025000000000001,0.47179999999999994,6.5363261303513855,5.890164144312224,52.94374062636357,0.02750399343911636,0.00028243125440136074,0.027221562184714998,1029519.5
210217,RTBRISCOE,2023-10-23,0.52,0.52,1407949,2026-04-08T04:08:45.440193+00:00,0.0,0.0,0.0,-1.7241379310344862,0.54,0.5075000000000001,0.47200000000000003,6.491518651833092,5.746955209004217,52.943740626363564,0.024208006042816033,-0.0024108449135191723,0.026618850956335205,1000175.1
210332,RTBRISCOE,2023-10-24,0.55,0.55,1132548,2026-04-08T04:08:47.71675+00:00,5.769230769230771,0.0,0.0,0.0,0.5359999999999999,0.5149999999999999,0.4734,6.4033589548855865,5.731581525581171,58.93690617114545,0.023742967415597005,-0.002300706832590562,0.026043674248187567,979641.3
210447,RTBRISCOE,2023-10-25,0.55,0.55,120000,2026-04-08T04:08:50.022319+00:00,0.0,5.769230769230771,0.0,0.0,0.532,0.5229999999999999,0.47479999999999994,6.339236234208497,5.731581525581171,58.93690617114546,0.023108045785546816,-0.002348502770112601,0.025456548555659417,957044.95
210562,RTBRISCOE,2023-10-26,0.55,0.55,66800,2026-04-08T04:08:52.472279+00:00,0.0,0.0,-8.771929824561397,0.0,0.538,0.531,0.4764,6.339236234208497,5.72049186046213,58.93690617114545,0.02234726051088587,-0.0024874304358188416,0.02483469094670471,949626.35
210677,RTBRISCOE,2023-10-27,0.5,0.5,984532,2026-04-08T04:08:54.778052+00:00,-9.090909090909093,0.0,0.0,0.0,0.534,0.535,0.47700000000000004,6.638338766512199,5.878121480369969,46.58603882815106,0.017507930047708453,-0.0058614087191970095,0.023369338766905463,948303.95
210792,RTBRISCOE,2023-10-30,0.47,0.47,1247059,2026-04-08T04:08:59.45056+00:00,-6.000000000000005,-9.090909090909093,0.0,0.0,0.524,0.5395,0.477,6.384026814746402,5.945043671292449,41.030199415310605,0.011123748858065663,-0.00979647192707184,0.020920220785137503,975717.75
210907,RTBRISCOE,2023-10-31,0.47,0.47,260625,2026-04-08T04:09:01.914254+00:00,0.0,-6.000000000000005,5.769230769230771,0.0,0.508,0.5405,0.47700000000000004,4.943233483530007,5.945043671292449,41.0301994153106,0.005995131129905906,-0.011940071724185278,0.017935202854091184,818448.9
211022,RTBRISCOE,2023-11-01,0.47,0.47,876710,2026-04-08T04:09:04.386399+00:00,0.0,0.0,0.0,0.0,0.492,0.5395000000000001,0.4778,4.514538302194515,5.81175050636804,41.0301994153106,0.0019086627545112922,-0.012821232079663914,0.014729894834175207,706335.65
211137,RTBRISCOE,2023-11-02,0.43,0.43,2872267,2026-04-08T04:09:06.696264+00:00,-8.510638297872342,0.0,0.0,-8.771929824561397,0.46799999999999997,0.5345,0.4772,4.445155287757476,5.8633579659765855,34.231672709221364,-0.004505620590934845,-0.015388412340088042,0.010882791749153197,791233.2
211252,RTBRISCOE,2023-11-03,0.43,0.43,135480,2026-04-08T04:09:09.071615+00:00,0.0,-8.510638297872342,-9.090909090909093,0.0,0.454,0.5269999999999999,0.47600000000000003,3.7286525885222828,5.788084645154397,34.231672709221364,-0.009479710156843457,-0.016290001524797322,0.006810291367953867,755248.45
211367,RTBRISCOE,2023-11-06,0.46,0.46,560984,2026-04-08T04:09:13.59419+00:00,6.976744186046524,0.0,-6.000000000000005,0.0,0.45199999999999996,0.5215,0.4754,4.172083828982388,5.873980315400391,42.51652591243966,-0.01087559559843182,-0.014148709573108549,0.0032731139746767298,637371.65
211482,RTBRISCOE,2023-11-07,0.47,0.47,488388,2026-04-08T04:09:15.923939+00:00,2.1739130434782483,6.976744186046524,0.0,5.769230769230771,0.45200000000000007,0.5165,0.4758,4.226955090385712,5.7601597679414125,45.00347392876477,-0.011047578829323779,-0.011456554243200407,0.00040897541387662807,598046.15
211598,RTBRISCOE,2023-11-08,0.51,0.51,3174755,2026-04-08T04:09:18.177895+00:00,8.510638297872353,2.1739130434782483,0.0,0.0,0.45999999999999996,0.5135,0.47740000000000005,4.719162347016497,5.8356915221146695,53.64289566934639,-0.007865542000771053,-0.006619613931718145,-0.0012459280690529082,748170.05
211714,RTBRISCOE,2023-11-09,0.55,0.55,1377645,2026-04-08T04:09:20.462573+00:00,7.843137254901977,8.510638297872353,-8.510638297872342,0.0,0.484,0.5125,0.4795999999999999,5.071034945452982,5.922320777237648,60.3505578514803,-0.0020919742063121305,-0.0006768369098073778,-0.0014151372965047527,811517.55
211830,RTBRISCOE,2023-11-10,0.6,0.6,2299867,2026-04-08T04:09:22.644841+00:00,9.090909090909083,7.843137254901977,0.0,-9.090909090909093,0.518,0.514,0.48219999999999996,5.468112058673325,5.979337140692459,66.81450601530683,0.006443920495401434,0.006287246233524949,0.00015667426187648457,871460.9
211946,RTBRISCOE,2023-11-13,0.66,0.66,917742,2026-04-08T04:09:27.404692+00:00,10.000000000000009,9.090909090909083,6.976744186046524,-6.000000000000005,0.558,0.5185000000000001,0.48560000000000003,5.8719388208883965,6.103689931226497,72.58941361166336,0.017844477079417387,0.014150242254032722,0.0036942348253846654,902880.95
212062,RTBRISCOE,2023-11-14,0.66,0.66,2466586,2026-04-08T04:09:29.775588+00:00,0.0,10.000000000000009,2.1739130434782483,0.0,0.596,0.523,0.489,5.8719388208883965,6.103689931226497,72.58941361166336,0.026573181216986486,0.018303157113281454,0.00827002410370503,1024925.25
212178,RTBRISCOE,2023-11-15,0.65,0.65,1504393,2026-04-08T04:09:32.378304+00:00,-1.5151515151515138,0.0,8.510638297872353,0.0,0.624,0.527,0.493,5.893888307600393,5.976038066601734,70.22719445033358,0.03231136045619887,0.01923306908199507,0.013078291374203799,1099760.4
212294,RTBRISCOE,2023-11-16,0.64,0.64,2127566,2026-04-08T04:09:34.916677+00:00,-1.538461538461544,-1.5151515151515138,7.843137254901977,-8.510638297872342,0.6420000000000001,0.533,0.49739999999999995,5.481579701117625,5.886689041500167,67.8493826198211,0.03564114350166492,0.018050281701968894,0.017590861799696024,1202677.15
212410,RTBRISCOE,2023-11-17,0.61,0.61,242500,2026-04-08T04:09:37.378105+00:00,-4.6875,-1.538461538461544,9.090909090909083,0.0,0.644,0.5375,0.5005999999999999,5.63305290126552,5.872995747508198,61.15917325684956,0.03545061861134158,0.014287805449316442,0.021162813162025135,1213219.8
212526,RTBRISCOE,2023-11-20,0.55,0.55,718609,2026-04-08T04:09:41.830835+00:00,-9.83606557377048,-4.6875,10.000000000000009,6.976744186046524,0.6220000000000001,0.5389999999999999,0.5028,6.128085770611335,6.048405824086701,50.44565217320097,0.030111026533608642,0.007158570697266803,0.02295245583634184,1178752.8
212642,RTBRISCOE,2023-11-21,0.6,0.6,1797380,2026-04-08T04:09:44.211025+00:00,9.090909090909083,-9.83606557377048,0.0,2.1739130434782483,0.61,0.5415,0.5062,6.3215294341673385,6.149997558025363,57.17765789747838,0.02957304383414716,0.005296470398244258,0.024276573435902903,1211994.4
212758,RTBRISCOE,2023-11-22,0.66,0.66,3395016,2026-04-08T04:09:46.526636+00:00,10.000000000000009,9.090909090909083,-1.5151515151515138,8.510638297872353,0.612,0.5469999999999999,0.5106,6.656083202628232,6.281905671204269,63.5728530142218,0.03360085745896613,0.007459427218450578,0.02614143024051555,1375745.2
212874,RTBRISCOE,2023-11-23,0.72,0.72,6086770,2026-04-08T04:09:48.793806+00:00,9.090909090909083,10.000000000000009,-1.538461538461544,7.843137254901977,0.6279999999999999,0.5555,0.5168,6.8817701164735485,6.2805046180270665,68.61975024947309,0.041159960926172245,0.012014824548525354,0.02914513637764689,1676743.7
212991,RTBRISCOE,2023-11-27,0.61,0.61,2057796,2026-04-08T04:09:54.316732+00:00,-15.277777777777779,9.090909090909083,-4.6875,9.090909090909083,0.628,0.5609999999999999,0.5207999999999999,7.498133008027117,6.703556774653506,53.88098909086802,0.03783834727881319,0.006954568720933037,0.030883778557880152,1730406.9
213108,RTBRISCOE,2023-11-28,0.62,0.62,687681,2026-04-08T04:09:57.050116+00:00,1.6393442622950838,-15.277777777777779,-9.83606557377048,10.000000000000009,0.642,0.5685,0.5244,7.3002331415218595,6.642469575423842,54.83081947442363,0.03560245798496997,0.003774943541671856,0.031827514443298115,1702438.0
213225,RTBRISCOE,2023-11-29,0.61,0.61,577181,2026-04-08T04:09:59.54407+00:00,-1.6129032258064502,1.6393442622950838,9.090909090909083,0.0,0.644,0.5755,0.5282,7.328304357400494,6.606223380777841,53.64108965192098,0.032647246054067436,0.0006557852886154569,0.03199146076545198,1718265.8
213342,RTBRISCOE,2023-11-30,0.61,0.61,170572,2026-04-08T04:10:01.973818+00:00,0.0,-1.6129032258064502,10.000000000000009,-1.5151515151515138,0.634,0.5824999999999999,0.5316,7.328304357400494,6.584615324239299,53.64108965192099,0.029959860683086093,-0.0016252800658927147,0.03158514074897881,1682958.9
213459,RTBRISCOE,2023-12-01,0.61,0.61,260992,2026-04-08T04:10:04.46052+00:00,0.0,0.0,9.090909090909083,-1.538461538461544,0.612,0.5915,0.5357999999999999,6.949322525754722,6.427685869989751,53.641089651921,0.027512936410287736,-0.003257763470952857,0.030770699881240593,1552395.15
213576,RTBRISCOE,2023-12-04,0.61,0.61,146354,2026-04-08T04:10:08.793495+00:00,0.0,0.0,-15.277777777777779,-4.6875,0.6119999999999999,0.6005,0.54,6.949322525754722,6.427685869989751,53.64108965192099,0.025282292761681813,-0.004390725695647028,0.02967301845732884,1552938.85
213693,RTBRISCOE,2023-12-05,0.63,0.63,4746750,2026-04-08T04:10:11.104733+00:00,3.2786885245901676,0.0,1.6393442622950838,-9.83606557377048,0.614,0.6090000000000001,0.5442,6.858467210824916,6.41067809477073,56.197837463379074,0.024841961780447175,-0.003864845341505333,0.028706807121952508,1762227.15
213810,RTBRISCOE,2023-12-06,0.63,0.63,748064,2026-04-08T04:10:13.383432+00:00,0.0,3.2786885245901676,-1.6129032258064502,9.090909090909083,0.618,0.617,0.5488,6.869655806792322,6.358272888873423,56.19783746337907,0.024213873840386535,-0.003594346625252782,0.027808220465639317,1775210.95
213927,RTBRISCOE,2023-12-08,0.62,0.62,69500,2026-04-08T04:10:16.965057+00:00,-1.5873015873015928,0.0,0.0,10.000000000000009,0.62,0.6225,0.5534,6.712328846479812,6.349002291118478,54.45626365472886,0.022648119769508424,-0.004128080556904716,0.02677620032641314,1619948.2
214044,RTBRISCOE,2023-12-11,0.56,0.56,4992644,2026-04-08T04:10:21.350621+00:00,-9.677419354838701,-1.5873015873015928,0.0,9.090909090909083,0.6100000000000001,0.623,0.5568,6.939031635827428,6.529037836656561,45.37101688913353,0.016376966354780476,-0.008319387177306133,0.024696353532086608,1800698.15
214161,RTBRISCOE,2023-12-12,0.6,0.6,1182211,2026-04-08T04:10:23.843731+00:00,7.14285714285714,-9.677419354838701,0.0,-15.277777777777779,0.608,0.623,0.5604,6.822166512166119,6.517884003492865,51.21451536862626,0.014467920615551577,-0.008182746333228026,0.022650666948779603,1744815.35
214278,RTBRISCOE,2023-12-13,0.61,0.61,346531,2026-04-08T04:10:26.19208+00:00,1.6666666666666607,7.14285714285714,3.2786885245901676,1.6393442622950838,0.604,0.6205,0.565,6.4373955081785414,6.341579315943847,52.58015050509439,0.013605073718827465,-0.007236474583961712,0.020841548302789177,1716254.8
214395,RTBRISCOE,2023-12-14,0.55,0.55,1314003,2026-04-08T04:10:28.64956+00:00,-9.83606557377048,1.6666666666666607,0.0,-1.6129032258064502,0.588,0.615,0.5670000000000001,6.788191775461883,6.021784202433159,44.52640935579985,0.007987685708928827,-0.010283090075088281,0.018270775784017108,1658625.65
214512,RTBRISCOE,2023-12-15,0.6,0.6,341045,2026-04-08T04:10:31.179138+00:00,9.090909090909083,-9.83606557377048,-1.5873015873015928,0.0,0.584,0.6125,0.5691999999999999,7.125650581311334,6.027536689795757,51.2303331436882,0.007484174468023408,-0.008629281052794962,0.01611345552081837,1600458.25
214629,RTBRISCOE,2023-12-18,0.55,0.55,3123754,2026-04-08T04:10:35.879044+00:00,-8.333333333333325,9.090909090909083,-9.677419354838701,0.0,0.5820000000000001,0.608,0.5696,7.353543638295964,6.055732272853182,45.330761384166024,0.0030157918779347703,-0.010478130914306879,0.01349392279224165,1650267.65
214746,RTBRISCOE,2023-12-19,0.6,0.6,407110,2026-04-08T04:10:38.280823+00:00,9.090909090909083,-8.333333333333325,7.14285714285714,0.0,0.5820000000000001,0.6074999999999999,0.57,7.58171731617464,6.045306895587181,51.36258305890832,0.003469158317290555,-0.008019811579960876,0.011488969897251431,1658498.15
214863,RTBRISCOE,2023-12-20,0.62,0.62,1084330,2026-04-08T04:10:40.523028+00:00,3.3333333333333437,9.090909090909083,1.6666666666666607,3.2786885245901676,0.584,0.611,0.5710000000000001,7.228167052181964,6.053921090200849,53.56934241844974,0.005380266971289682,-0.004886962340769399,0.010267229312059081,1676784.2
214980,RTBRISCOE,2023-12-21,0.67,0.67,1563061,2026-04-08T04:10:42.873875+00:00,8.064516129032274,3.3333333333333437,-9.83606557377048,0.0,0.608,0.6145,0.573,7.170024596983385,6.151048023738343,58.62364664480883,0.01080486472617459,0.00043010833129240693,0.010374756394882183,1665068.25
215097,RTBRISCOE,2023-12-28,0.61,0.61,660310,2026-04-08T04:10:51.166125+00:00,-8.955223880597018,8.064516129032274,9.090909090909083,-1.5873015873015928,0.61,0.612,0.5738,7.143175515292012,6.294942312503744,51.39373988751564,0.010145448554347292,-0.00018344627242791386,0.010328894826775206,1528332.95
215214,RTBRISCOE,2023-12-29,0.61,0.61,66198,2026-04-08T04:10:53.57119+00:00,0.0,-8.955223880597018,-8.333333333333325,-9.677419354838701,0.6220000000000001,0.6065,0.5745999999999999,6.80586980258284,6.294942312503744,51.39373988751564,0.0095131943051453,-0.000652560417303924,0.010165754722449225,1227304.35
215331,RTBRISCOE,2024-01-02,0.61,0.61,405383,2026-04-08T04:10:59.157783+00:00,0.0,0.0,9.090909090909083,7.14285714285714,0.624,0.6065,0.5754,5.863752039511671,6.294942312503744,51.393739887515636,0.008909425941181937,-0.00100506302501383,0.009914488966195767,1144683.7
215448,RTBRISCOE,2024-01-03,0.65,0.65,1147276,2026-04-08T04:11:01.401293+00:00,6.557377049180335,0.0,3.3333333333333437,1.6666666666666607,0.63,0.608,0.5770000000000001,6.029598768191247,6.3558870879999025,55.92023379186172,0.011525739320513373,0.0012890002834540833,0.01023673903705929,1167663.45
215565,RTBRISCOE,2024-01-04,0.65,0.65,478615,2026-04-08T04:11:03.846312+00:00,0.0,6.557377049180335,8.064516129032274,-9.83606557377048,0.626,0.61,0.5786,6.01186258552914,6.3558870879999025,55.92023379186172,0.013444210038559223,0.002565976801199946,0.010878233237359277,1162735.15
215682,RTBRISCOE,2024-01-05,0.65,0.65,536630,2026-04-08T04:11:07.208124+00:00,0.0,0.0,-8.955223880597018,9.090909090909083,0.634,0.612,0.5802,6.01186258552914,6.3558870879999025,55.92023379186171,0.014794075016645758,0.003132673423429185,0.011661401593216573,1181038.05
215799,RTBRISCOE,2024-01-08,0.71,0.71,3141828,2026-04-08T04:11:11.742656+00:00,9.23076923076922,0.0,0.0,-8.333333333333325,0.654,0.617,0.5840000000000001,6.318622368915025,6.331898207291381,62.4683027814918,0.02046939287678029,0.007046393026850973,0.013422999849929318,1325079.85
215916,RTBRISCOE,2024-01-09,0.65,0.65,3220615,2026-04-08T04:11:14.100458+00:00,-8.450704225352101,9.23076923076922,0.0,9.090909090909083,0.662,0.619,0.5866,6.659109927278106,6.465703778161673,53.8530341371261,0.019896272762905287,0.005178618330380774,0.014717654432524513,1478792.9
216033,RTBRISCOE,2024-01-10,0.68,0.68,931493,2026-04-08T04:11:16.512964+00:00,4.615384615384621,-8.450704225352101,6.557377049180335,3.3333333333333437,0.668,0.6214999999999999,0.5898,6.6947534865304865,6.489070551217016,57.04308009228231,0.021613671274679613,0.00551681347372408,0.016096857800955534,1288030.05
216150,RTBRISCOE,2024-01-11,0.73,0.73,1570132,2026-04-08T04:11:18.918089+00:00,7.352941176470584,4.615384615384621,0.0,8.064516129032274,0.684,0.6265000000000001,0.5934,6.860061708477583,6.517886590527377,61.78467820832189,0.026701505763680133,0.00848371837017968,0.018217787393500454,1329133.45
216267,RTBRISCOE,2024-01-12,0.77,0.77,3323839,2026-04-08T04:11:21.244944+00:00,5.47945205479452,7.352941176470584,0.0,-8.955223880597018,0.708,0.634,0.5978,6.903521608813254,6.55051085680671,65.10325029892357,0.03357429340305462,0.012285204807643335,0.021289088595411287,1491850.4
216384,RTBRISCOE,2024-01-15,0.82,0.82,5279368,2026-04-08T04:11:25.674113+00:00,6.493506493506485,5.47945205479452,9.23076923076922,0.0,0.73,0.647,0.6032,6.481980195482561,6.596748517589882,68.75566225445759,0.04256494704184599,0.01702068675714776,0.02554426028469823,1506186.6
216501,RTBRISCOE,2024-01-16,0.9,0.9,3212008,2026-04-08T04:11:28.037988+00:00,9.756097560975618,6.493506493506485,-8.450704225352101,0.0,0.78,0.6619999999999999,0.6112,6.613412496795025,6.54559251168251,73.52944350967995,0.05550560220566425,0.023969073536772814,0.031536528668891436,1607676.45
216618,RTBRISCOE,2024-01-18,0.81,0.81,1653208,2026-04-08T04:11:31.337167+00:00,-9.999999999999998,9.756097560975618,4.615384615384621,6.557377049180335,0.806,0.6719999999999999,0.618,7.160221121234767,6.661241080317771,62.0444370172408,0.05783226249406148,0.021036587060136037,0.036795675433925444,1673010.3
216735,RTBRISCOE,2024-01-19,0.81,0.81,830762,2026-04-08T04:11:38.619168+00:00,0.0,-9.999999999999998,7.352941176470584,0.0,0.8220000000000001,0.685,0.6248,6.647437629623975,6.661241080317771,62.04443701724081,0.05899608736395612,0.01776032954402454,0.04123575781993158,1648848.25
216852,RTBRISCOE,2024-01-22,0.78,0.78,1039644,2026-04-08T04:11:42.948818+00:00,-3.703703703703709,0.0,5.47945205479452,0.0,0.8240000000000001,0.694,0.631,6.561055982064376,6.696661549740373,58.511320366986666,0.05684243348864315,0.012485340534969261,0.04435709295367389,1683778.2
216969,RTBRISCOE,2024-01-23,0.78,0.78,140473,2026-04-08T04:11:45.304506+00:00,0.0,-3.703703703703709,6.493506493506485,9.23076923076922,0.8160000000000001,0.7055,0.638,6.153912840566078,6.550301952086308,58.51132036698667,0.05450732081153309,0.008120182286287358,0.04638713852524573,1534614.15
217086,RTBRISCOE,2024-01-24,0.71,0.71,1217834,2026-04-08T04:11:47.647942+00:00,-8.974358974358987,0.0,9.756097560975618,-8.450704225352101,0.778,0.7110000000000001,0.6436,6.371519929681623,6.710748741751864,50.69867845425933,0.046472604944150064,6.837313512346455e-05,0.0464042318090266,1575150.35
217203,RTBRISCOE,2024-01-25,0.71,0.71,35028,2026-04-08T04:11:50.11021+00:00,0.0,-8.974358974358987,-9.999999999999998,4.615384615384621,0.758,0.7155,0.6486,6.3519392826490835,6.661205141432959,50.69867845425932,0.03964799729940094,-0.005404987607700529,0.04505298490710147,1522685.25
217320,RTBRISCOE,2024-01-26,0.71,0.71,203666,2026-04-08T04:11:52.721812+00:00,0.0,0.0,0.0,7.352941176470584,0.738,0.7175,0.6534,6.123263689366354,6.661094901418806,50.69867845425933,0.03384925344896328,-0.008962985166510548,0.04281223861547383,1454715.5
217437,RTBRISCOE,2024-01-29,0.71,0.71,193433,2026-04-08T04:11:57.440388+00:00,0.0,0.0,-3.703703703703709,5.47945205479452,0.724,0.7225,0.6574000000000001,5.711335369109051,6.5747027936367415,50.69867845425932,0.028920331589515458,-0.011113525620766694,0.04003385721028215,1431371.65
217554,RTBRISCOE,2024-01-30,0.71,0.71,923951,2026-04-08T04:12:00.024191+00:00,0.0,0.0,0.0,6.493506493506485,0.71,0.7274999999999999,0.6606000000000001,5.711335369109051,6.498263002182016,50.69867845425933,0.024729064245623156,-0.0122438343717272,0.036972898617350355,1474259.3
217671,RTBRISCOE,2024-01-31,0.71,0.71,102462,2026-04-08T04:12:02.433526+00:00,0.0,0.0,-8.974358974358987,9.756097560975618,0.71,0.7325,0.6627999999999998,5.711335369109051,6.385516106193975,50.69867845425933,0.021163495081654826,-0.012647522828556426,0.03381101791021125,1459113.25
217788,RTBRISCOE,2024-02-01,0.64,0.64,1254045,2026-04-08T04:12:04.812869+00:00,-9.859154929577462,0.0,0.0,-9.999999999999998,0.696,0.732,0.6624,6.029016390817711,6.402678056134079,41.959070025157814,0.012544732972202044,-0.017013027950407367,0.02955776092260941,1464451.7
217905,RTBRISCOE,2024-02-02,0.7,0.7,463496,2026-04-08T04:12:07.232701+00:00,9.375,-9.859154929577462,0.0,0.0,0.694,0.7344999999999999,0.6631999999999999,6.375565456682819,6.534335215481667,49.92686281684842,0.010435506442320941,-0.015297803584230777,0.025733310026551718,1463695.75
218022,RTBRISCOE,2024-02-05,0.72,0.72,1110162,2026-04-08T04:12:11.791199+00:00,2.857142857142869,9.375,0.0,-3.703703703703709,0.696,0.738,0.6646,6.394203964037242,6.538392189848466,52.27855607153785,0.010259496979396099,-0.012379050437724498,0.022638547417120597,1492372.35
218139,RTBRISCOE,2024-02-06,0.65,0.65,2021630,2026-04-08T04:12:14.363902+00:00,-9.722222222222221,2.857142857142869,0.0,0.0,0.6839999999999999,0.735,0.6648,6.468733046335904,6.689051854548321,44.41593403896986,0.004420634898991693,-0.014574330014503124,0.018994964913494818,1436362.45
218256,RTBRISCOE,2024-02-07,0.65,0.65,965175,2026-04-08T04:12:16.791058+00:00,0.0,-9.722222222222221,0.0,-8.974358974358987,0.672,0.735,0.6656,6.173374387514785,6.6511243149193575,44.415934038969866,-0.00020434974974670173,-0.015359451730593216,0.015155101980846514,1323590.45
218373,RTBRISCOE,2024-02-08,0.65,0.65,96640,2026-04-08T04:12:19.312026+00:00,0.0,0.0,-9.859154929577462,0.0,0.674,0.7335,0.6676000000000001,6.084611723486928,6.487214909779446,44.415934038969866,-0.003825584448903574,-0.015184549143800071,0.011358964694896497,1281847.8
218490,RTBRISCOE,2024-02-09,0.65,0.65,105486,2026-04-08T04:12:21.609908+00:00,0.0,0.0,9.375,0.0,0.6639999999999999,0.7295,0.6686,5.8307866772899795,6.369111224434544,44.41593403896986,-0.006619137737999159,-0.014382481946316526,0.007763344208317367,1208615.5
218607,RTBRISCOE,2024-02-12,0.65,0.65,99463,2026-04-08T04:12:25.771109+00:00,0.0,0.0,2.857142857142869,0.0,0.65,0.7234999999999999,0.6684,5.665643440897514,6.215457304836658,44.41593403896986,-0.008732387320760648,-0.013196585223262412,0.004464197902501764,1047396.7
218724,RTBRISCOE,2024-02-13,0.65,0.65,124856,2026-04-08T04:12:28.061356+00:00,0.0,0.0,-9.722222222222221,0.0,0.65,0.715,0.6669999999999999,5.412803216910968,6.080448462612593,44.415934038969866,-0.010288552807872775,-0.011802200568299632,0.0015136477604268564,789671.1
218841,RTBRISCOE,2024-02-14,0.61,0.61,395714,2026-04-08T04:12:30.570558+00:00,-6.153846153846154,0.0,0.0,0.0,0.642,0.7005000000000001,0.6669999999999999,4.890651866373816,5.740595701668038,39.16526189305042,-0.01458140550794218,-0.01287604261469523,-0.001705362893246951,648856.4
218958,RTBRISCOE,2024-02-16,0.59,0.59,2385277,2026-04-08T04:12:34.036511+00:00,-3.2786885245901676,-6.153846153846154,0.0,-9.859154929577462,0.63,0.6895,0.6664,4.514657463115684,5.75689666491623,36.82140472614845,-0.01937402337257843,-0.014134928383465183,-0.005239094989113248,685459.85
219075,RTBRISCOE,2024-02-19,0.59,0.59,1200305,2026-04-08T04:12:38.429241+00:00,0.0,-3.2786885245901676,0.0,9.375,0.618,0.6785,0.6659999999999999,4.514657463115685,5.751820550764717,36.82140472614845,-0.02290813681783388,-0.014135233462976505,-0.008772903354857375,703937.0
219192,RTBRISCOE,2024-02-20,0.54,0.54,425601,2026-04-08T04:12:40.813552+00:00,-8.474576271186429,0.0,0.0,2.857142857142869,0.596,0.6665,0.6646000000000001,4.758198235444249,5.878212765997879,31.376994675850447,-0.029404571718614325,-0.016505334691005562,-0.012899237027608765,673234.85
219309,RTBRISCOE,2024-02-21,0.54,0.54,103491,2026-04-08T04:12:43.257682+00:00,0.0,-8.474576271186429,0.0,-9.722222222222221,0.5740000000000001,0.6545,0.6632000000000001,4.758198235444249,5.878212765997879,31.37699467585044,-0.0341592763079025,-0.017008031424234987,-0.01715124488366751,671385.75
219426,RTBRISCOE,2024-02-22,0.54,0.54,48514,2026-04-08T04:12:45.850796+00:00,0.0,0.0,-6.153846153846154,0.0,0.5599999999999999,0.646,0.6618,4.450442593705749,5.878212765997879,31.376994675850447,-0.03749519270910662,-0.016275158260351287,-0.02122003444875533,612919.75
219543,RTBRISCOE,2024-02-26,0.49,0.49,1346598,2026-04-08T04:12:51.18414+00:00,-9.259259259259267,0.0,-3.2786885245901676,0.0,0.54,0.635,0.659,4.7814555667010445,5.9985371369796,26.485774606783792,-0.043670110770344994,-0.01796006105727173,-0.025710049713073266,678498.25
219660,RTBRISCOE,2024-02-27,0.49,0.49,425029,2026-04-08T04:12:53.509755+00:00,0.0,-9.259259259259267,0.0,0.0,0.52,0.624,0.6561999999999999,4.7814555667010445,5.9985371369796,26.485774606783792,-0.04801034445626862,-0.017840235794556278,-0.03017010866171234,689566.4
219777,RTBRISCOE,2024-02-29,0.49,0.49,61515,2026-04-08T04:12:56.822244+00:00,0.0,0.0,-8.474576271186429,0.0,0.51,0.613,0.6536,4.7814555667010445,5.99591015799596,26.4857746067838,-0.05086368601126545,-0.016554861879642488,-0.034308824131622964,682970.5
219894,RTBRISCOE,2024-03-01,0.49,0.49,41300,2026-04-08T04:12:59.287484+00:00,0.0,0.0,0.0,0.0,0.5,0.6020000000000001,0.6522,4.7814555667010445,5.840937781057954,26.485774606783796,-0.052519566876163104,-0.014568594195632112,-0.03795097268053099,638837.95
220011,RTBRISCOE,2024-03-04,0.49,0.49,107300,2026-04-08T04:13:03.814092+00:00,0.0,0.0,0.0,-6.153846153846154,0.49,0.591,0.65,4.7814555667010445,5.746821612165956,26.485774606783792,-0.05321839585149701,-0.012213938536772814,-0.0410044573147242,639079.85
220129,RTBRISCOE,2024-03-05,0.49,0.49,865906,2026-04-08T04:13:06.279726+00:00,0.0,0.0,-9.259259259259267,-3.2786885245901676,0.49,0.5835,0.6476000000000001,4.391081966521827,5.740362224012553,26.4857746067838,-0.053159433984861226,-0.009723981336109619,-0.04343545264875161,619672.9
220247,RTBRISCOE,2024-03-06,0.49,0.49,882846,2026-04-08T04:13:08.558236+00:00,0.0,0.0,0.0,0.0,0.49,0.573,0.6464,3.6342655681137206,5.572059805568086,26.485774606783792,-0.05250743327470664,-0.007257584500764025,-0.045249848773942614,640640.4
220365,RTBRISCOE,2024-03-07,0.49,0.49,549158,2026-04-08T04:13:10.988978+00:00,0.0,0.0,0.0,-8.474576271186429,0.49,0.5615,0.6442,3.499286681398812,5.412835660354144,26.485774606783796,-0.051398231199517586,-0.004918705940459976,-0.04647952525905761,612590.2
220483,RTBRISCOE,2024-03-08,0.49,0.49,150694,2026-04-08T04:13:13.453006+00:00,0.0,0.0,0.0,0.0,0.49,0.5535,0.643,2.9847979956026642,5.285959296206124,26.4857746067838,-0.0499434634061412,-0.0027711505176668677,-0.04717231288847433,519043.4
220601,RTBRISCOE,2024-03-11,0.45,0.45,1620679,2026-04-08T04:13:17.773706+00:00,-8.163265306122447,0.0,0.0,0.0,0.48199999999999993,0.5435,0.64,3.3277279202246497,5.237180314798783,21.30840721180197,-0.05142541498220099,-0.0034024816749813197,-0.04802293330721967,551818.6
220719,RTBRISCOE,2024-03-12,0.45,0.45,168425,2026-04-08T04:13:20.258657+00:00,0.0,-8.163265306122447,0.0,-9.259259259259267,0.47400000000000003,0.5335,0.6365999999999999,3.3277279202246497,5.2093405652425195,21.308407211801974,-0.05200044353914579,-0.003182008185540895,-0.048818435353604896,555407.85
220837,RTBRISCOE,2024-03-13,0.49,0.49,2243901,2026-04-08T04:13:22.557243+00:00,8.888888888888879,0.0,0.0,0.0,0.47400000000000003,0.5255,0.633,4.083777520891617,5.23823843061333,35.85137450621129,-0.04866748365026613,0.00012076136267101523,-0.048788245012937145,662328.6
220955,RTBRISCOE,2024-03-14,0.49,0.49,180345,2026-04-08T04:13:25.004754+00:00,0.0,8.888888888888879,0.0,0.0,0.47400000000000003,0.5175000000000001,0.6306,4.083777520891617,5.093922257624277,35.85137450621129,-0.04550157509173913,0.002629335936958417,-0.04813091102869755,666372.7
221073,RTBRISCOE,2024-03-15,0.5,0.5,372171,2026-04-08T04:13:27.500984+00:00,2.0408163265306145,0.0,0.0,0.0,0.476,0.51,0.6284000000000001,4.143608225596445,5.104611044142475,39.113887947081906,-0.04170490513743169,0.005140804713012689,-0.04684570985044438,678738.45
221191,RTBRISCOE,2024-03-19,0.53,0.53,269687,2026-04-08T04:13:32.54102+00:00,6.000000000000005,2.0408163265306145,-8.163265306122447,0.0,0.492,0.506,0.6268,4.27120081733572,5.18098922569785,47.70638781622291,-0.035861874203003574,0.008787068517952648,-0.04464894272095622,672437.1
221309,RTBRISCOE,2024-03-20,0.58,0.58,2088414,2026-04-08T04:13:34.949661+00:00,9.433962264150942,6.000000000000005,0.0,0.0,0.518,0.5055,0.6254,4.770287766901377,5.272135781040663,58.275254523977196,-0.026886714648075682,0.014209782458304433,-0.041096497106380116,657593.95
221427,RTBRISCOE,2024-03-21,0.54,0.54,416110,2026-04-08T04:13:37.293426+00:00,-6.896551724137923,9.433962264150942,8.888888888888879,0.0,0.528,0.5029999999999999,0.6232,5.0150475502813485,5.359220174839993,49.63303520157963,-0.022739376368310693,0.014685696590455544,-0.03742507295876624,618384.2
221545,RTBRISCOE,2024-03-22,0.54,0.54,374900,2026-04-08T04:13:39.66616+00:00,0.0,-6.896551724137923,0.0,0.0,0.538,0.503,0.621,4.633420422802256,5.359220174839993,49.63303520157964,-0.01923089906800124,0.014555339112612004,-0.03378623818061324,615849.15
221663,RTBRISCOE,2024-03-25,0.54,0.54,717696,2026-04-08T04:13:43.964435+00:00,0.0,0.0,2.0408163265306145,0.0,0.546,0.5029999999999999,0.6175999999999999,4.633420422802256,5.182812573727751,49.633035201579624,-0.016262936521399873,0.014018641327370695,-0.030281577848770568,646559.4
221781,RTBRISCOE,2024-03-26,0.54,0.54,64529,2026-04-08T04:13:46.391317+00:00,0.0,0.0,6.000000000000005,-8.163265306122447,0.548,0.503,0.6154,4.633420422802256,5.051471870977637,49.63303520157963,-0.01375227712994398,0.013223440575061272,-0.026975717705005252,647360.15
221899,RTBRISCOE,2024-03-27,0.54,0.54,23436,2026-04-08T04:13:48.795654+00:00,0.0,0.0,9.433962264150942,0.0,0.54,0.5055,0.6126,4.078114859588309,5.00279985568081,49.63303520157963,-0.011628515189288424,0.012277762012573464,-0.02390627720186189,581202.05
222017,RTBRISCOE,2024-03-28,0.55,0.55,1478463,2026-04-08T04:13:51.173779+00:00,1.85185185185186,0.0,-6.896551724137923,8.888888888888879,0.542,0.5085,0.609,4.08562291346961,4.889456028381469,52.20007019525883,-0.009034359649580659,0.011897534041824986,-0.020931893691405645,633873.75
222135,RTBRISCOE,2024-04-02,0.6,0.6,370583,2026-04-08T04:13:58.053067+00:00,9.090909090909083,1.85185185185186,0.0,0.0,0.554,0.514,0.6056,4.493894364109996,5.004109168375999,62.49326061626791,-0.0029103419515236206,0.01441724139190562,-0.01732758334342924,649327.15
222253,RTBRISCOE,2024-04-03,0.56,0.56,971690,2026-04-08T04:14:00.66873+00:00,-6.666666666666654,9.090909090909083,0.0,2.0408163265306145,0.558,0.5175,0.6004,4.816418963697401,4.9815718904653306,52.713670056977904,-0.0012700392883562284,0.01284603524405841,-0.014116074532414638,695846.65
222371,RTBRISCOE,2024-04-04,0.56,0.56,220798,2026-04-08T04:14:03.310057+00:00,0.0,-6.666666666666654,0.0,6.000000000000005,0.562,0.521,0.5936,4.816418963697401,4.75194815950523,52.713670056977904,2.957150800975139e-05,0.011316516832339512,-0.01128694532432976,701521.55
222489,RTBRISCOE,2024-04-05,0.59,0.59,707975,2026-04-08T04:14:05.820809+00:00,5.357142857142838,0.0,0.0,9.433962264150942,0.572,0.526,0.5892000000000001,4.918694588777016,4.642339338819642,58.37906224053479,0.0034406104908262236,0.011782044652124788,-0.008341434161298565,693625.0
222607,RTBRISCOE,2024-04-12,0.59,0.59,386708,2026-04-08T04:14:15.984697+00:00,0.0,5.357142857142838,1.85185185185186,-6.896551724137923,0.5800000000000001,0.531,0.5848,4.918694588777016,4.642339338819642,58.37906224053481,0.006073867693992097,0.01153224148423253,-0.005458373790240433,668818.1
222725,RTBRISCOE,2024-04-15,0.54,0.54,505292,2026-04-08T04:14:20.492228+00:00,-8.474576271186429,0.0,9.090909090909083,0.0,0.568,0.5335,0.58,5.358949170776961,4.756627037324442,47.40152742005273,0.004079139090273132,0.007630010304410852,-0.0035508712141377203,666624.8
222843,RTBRISCOE,2024-04-16,0.54,0.54,16116,2026-04-08T04:14:22.958286+00:00,0.0,-8.474576271186429,-6.666666666666654,0.0,0.5640000000000001,0.536,0.5752,5.358949170776961,4.756627037324442,47.40152742005274,0.0024698316190941982,0.004816562266585535,-0.002346730647491337,659895.9
222961,RTBRISCOE,2024-04-17,0.54,0.54,147955,2026-04-08T04:14:25.407203+00:00,0.0,0.0,0.0,0.0,0.5599999999999999,0.5405,0.5718,4.949769074793618,4.6017691722292815,47.40152742005274,0.0011808319579814652,0.002822050084378242,-0.0016412181263967766,586259.7
223079,RTBRISCOE,2024-04-18,0.54,0.54,687798,2026-04-08T04:14:27.862982+00:00,0.0,0.0,5.357142857142838,0.0,0.55,0.545,0.5684,4.949769074793618,4.6017691722292815,47.40152742005274,0.00015747516414121865,0.0014389546324303963,-0.0012814794682891777,612228.35
223197,RTBRISCOE,2024-04-19,0.59,0.59,3486893,2026-04-08T04:14:30.225092+00:00,9.259259259259256,0.0,0.0,1.85185185185186,0.55,0.55,0.5660000000000001,4.981306233097301,4.8018378983351155,58.019352669113296,0.00334250929815072,0.003699191013151918,-0.0003566817150011981,674377.95
223315,RTBRISCOE,2024-04-22,0.64,0.64,1181330,2026-04-08T04:14:34.624841+00:00,8.47457627118644,9.259259259259256,-8.474576271186429,9.090909090909083,0.57,0.5575,0.5646,5.24097720846014,4.958076651175666,65.51596710168204,0.009788419126241954,0.008116080672994522,0.0016723384532474324,724427.2
223433,RTBRISCOE,2024-04-23,0.64,0.64,3433449,2026-04-08T04:14:36.881925+00:00,0.0,8.47457627118644,0.0,-6.666666666666654,0.59,0.5645,0.5632,5.249211747180313,4.958076651175666,65.51596710168204,0.01472708444310844,0.010443796791888806,0.004283287651219634,877491.1
223551,RTBRISCOE,2024-04-24,0.64,0.64,99434,2026-04-08T04:14:39.108369+00:00,0.0,0.0,0.0,0.0,0.6100000000000001,0.5700000000000001,0.5618,5.141104732435205,4.958076651175666,65.51596710168204,0.018428579099421305,0.011316233158561336,0.007112345940859969,868978.45
223669,RTBRISCOE,2024-04-25,0.59,0.59,426880,2026-04-08T04:14:41.415412+00:00,-7.812500000000011,0.0,0.0,5.357142857142838,0.6199999999999999,0.5705,0.5608,5.110930993922947,4.883637247438206,53.56841596228998,0.017129994239274304,0.008014118638731468,0.009115875600542837,785901.75
223787,RTBRISCOE,2024-04-26,0.58,0.58,185268,2026-04-08T04:14:43.709399+00:00,-1.6949152542372947,-7.812500000000011,9.259259259259256,0.0,0.618,0.5725,0.5584,4.85631483615657,4.695135730628055,51.54388882472149,0.015119650041275579,0.0048030195525861925,0.010316630488689386,774359.65
223905,RTBRISCOE,2024-04-29,0.58,0.58,2210893,2026-04-08T04:14:47.97937+00:00,0.0,-1.6949152542372947,8.47457627118644,-8.474576271186429,0.6060000000000001,0.5745,0.5556,4.85631483615657,4.673676364209818,51.5438888247215,0.013372290341518545,0.002444527882263327,0.010927762459255218,866159.3
224023,RTBRISCOE,2024-04-30,0.58,0.58,448664,2026-04-08T04:14:50.304196+00:00,0.0,0.0,0.0,0.0,0.594,0.5765,0.5542,4.85631483615657,4.472608512002181,51.543888824721485,0.011850885558614577,0.0007384984794874868,0.01111238707912709,852707.7
224141,RTBRISCOE,2024-05-02,0.58,0.58,1215723,2026-04-08T04:14:53.573612+00:00,0.0,0.0,0.0,0.0,0.582,0.5785,0.5528,4.85631483615657,4.472608512002181,51.54388882472149,0.010523848927466273,-0.00047083052132865406,0.010994679448794927,910267.4
224259,RTBRISCOE,2024-05-03,0.56,0.56,645241,2026-04-08T04:14:55.989363+00:00,-3.44827586206895,0.0,-7.812500000000011,0.0,0.576,0.5795000000000001,0.5509999999999999,4.934435353741129,4.497088565343811,46.78714192500966,0.007768776365427499,-0.0025807224666939445,0.010349498832121443,941357.65
224377,RTBRISCOE,2024-05-06,0.54,0.54,764626,2026-04-08T04:15:00.14873+00:00,-3.57142857142857,-3.44827586206895,-1.6949152542372947,9.259259259259256,0.568,0.579,0.5488000000000001,4.993149186424851,4.522164267500921,42.55758813284219,0.0039262690719163995,-0.005138583808164034,0.009064852880080434,905665.8
224495,RTBRISCOE,2024-05-07,0.54,0.54,124410,2026-04-08T04:15:02.40079+00:00,0.0,-3.57142857142857,0.0,8.47457627118644,0.5599999999999999,0.5760000000000001,0.5466000000000001,4.515407648620841,4.522164267500921,42.55758813284219,0.0008710138525339639,-0.006555071222037177,0.007426085074571141,893357.15
224613,RTBRISCOE,2024-05-08,0.54,0.54,22026,2026-04-08T04:15:04.708287+00:00,0.0,0.0,0.0,0.0,0.5519999999999999,0.575,0.5444,4.27009680602238,4.522164267500921,42.557588132842184,-0.0015326307079797097,-0.007166972626040681,0.005634341918060971,845873.95
224731,RTBRISCOE,2024-05-09,0.52,0.52,454706,2026-04-08T04:15:07.337178+00:00,-3.703703703703709,0.0,0.0,0.0,0.54,0.573,0.5426,4.345382817714427,4.4700793150432885,38.24001108812148,-0.004993803731653035,-0.008502516519771205,0.0035087127881181703,857569.35
224849,RTBRISCOE,2024-05-10,0.56,0.56,285366,2026-04-08T04:15:09.604775+00:00,7.692307692307709,-3.703703703703709,-3.44827586206895,-7.812500000000011,0.54,0.5715,0.542,4.532198914616243,4.584715630381649,49.31529129432325,-0.004457756343002162,-0.006373175304896266,0.0019154189618941042,836438.9
224967,RTBRISCOE,2024-05-13,0.56,0.56,14327,2026-04-08T04:15:13.907933+00:00,0.0,7.692307692307709,-3.57142857142857,-1.6949152542372947,0.544,0.5700000000000001,0.5414,4.532198914616243,4.584715630381649,49.315291294323245,-0.003986975553113337,-0.004721915612005953,0.000734940058892616,817819.85
225085,RTBRISCOE,2024-05-14,0.56,0.56,125531,2026-04-08T04:15:16.26654+00:00,0.0,0.0,0.0,0.0,0.548,0.5710000000000001,0.5418,4.08878684097456,4.418726858670782,49.31529129432325,-0.0035726945860709014,-0.0034461077159708142,-0.0001265868701000874,798831.8
225203,RTBRISCOE,2024-05-15,0.56,0.56,5602,2026-04-08T04:15:18.549958+00:00,0.0,0.0,0.0,0.0,0.552,0.572,0.5422,4.08878684097456,4.418726858670782,49.31529129432325,-0.0032074010126208474,-0.002464651314016608,-0.0007427496986042395,798306.1
225321,RTBRISCOE,2024-05-16,0.57,0.57,909675,2026-04-08T04:15:20.841424+00:00,1.7857142857142572,0.0,-3.703703703703709,0.0,0.562,0.5735,0.5428000000000001,4.102290629944883,4.424554186083165,52.19782198769335,-0.002086929967751283,-0.001075344215317635,-0.0010115857524336481,836392.1
225439,RTBRISCOE,2024-05-20,0.47,0.47,2541220,2026-04-08T04:15:25.962105+00:00,-17.543859649122805,1.7857142857142572,7.692307692307709,-3.44827586206895,0.544,0.5700000000000001,0.5424,5.732603289093292,4.914187404469222,32.37143381633943,-0.009162493337522948,-0.00652072606807144,-0.002641767269451508,929063.2
225557,RTBRISCOE,2024-05-21,0.47,0.47,59476,2026-04-08T04:15:28.334406+00:00,0.0,-17.543859649122805,0.0,-3.57142857142857,0.526,0.564,0.5419999999999999,5.254527365141799,4.914187404469222,32.371433816339426,-0.014601610013697086,-0.009567874195396462,-0.005033735818300624,757692.35
225675,RTBRISCOE,2024-05-22,0.47,0.47,182064,2026-04-08T04:15:30.660212+00:00,0.0,0.0,0.0,0.0,0.508,0.5555,0.5416000000000001,4.770431717871795,4.914187404469222,32.37143381633943,-0.01869662609886258,-0.010930312224449564,-0.0077663138744130155,707729.05
225793,RTBRISCOE,2024-05-23,0.47,0.47,157782,2026-04-08T04:15:32.993296+00:00,0.0,0.0,0.0,0.0,0.49000000000000005,0.547,0.5412,4.770431717871795,4.914187404469222,32.37143381633943,-0.02169190507044394,-0.01114047295682474,-0.0105514321136192,543945.7
225911,RTBRISCOE,2024-05-24,0.48,0.48,679219,2026-04-08T04:15:35.360226+00:00,2.127659574468077,0.0,1.7857142857142572,-3.703703703703709,0.472,0.5389999999999999,0.541,4.827031949605707,4.923055662277019,35.65859137473451,-0.022993711614327395,-0.009953823600566555,-0.01303988801376084,572934.95
226029,RTBRISCOE,2024-05-27,0.44,0.44,1662211,2026-04-08T04:15:39.562711+00:00,-8.333333333333325,2.127659574468077,-17.543859649122805,7.692307692307709,0.466,0.5315000000000001,0.54,4.865221731338374,5.064855659338671,29.485020365143033,-0.0269424921075202,-0.011122083275007487,-0.015820408832512713,634701.5
226147,RTBRISCOE,2024-05-28,0.44,0.44,221018,2026-04-08T04:15:41.894674+00:00,0.0,-8.333333333333325,0.0,0.0,0.45999999999999996,0.5245,0.539,4.873367978474784,5.064855659338671,29.485020365143043,-0.02972922905110409,-0.011127056174873098,-0.01860217287623099,636489.0
226265,RTBRISCOE,2024-05-29,0.44,0.44,35059,2026-04-08T04:15:44.435333+00:00,0.0,0.0,0.0,0.0,0.454,0.5175,0.538,4.873367978474784,5.064855659338671,29.485020365143036,-0.031573775328258336,-0.010377281961621874,-0.02119649336663646,527697.3
226383,RTBRISCOE,2024-05-30,0.44,0.44,22000,2026-04-08T04:15:46.695543+00:00,0.0,0.0,0.0,0.0,0.44800000000000006,0.5105000000000001,0.5369999999999999,4.873367978474784,5.064855659338671,29.48502036514304,-0.032659117564453166,-0.009170099358253365,-0.0234890182061998,506364.1
226501,RTBRISCOE,2024-05-31,0.48,0.48,220058,2026-04-08T04:15:48.909252+00:00,9.090909090909083,0.0,2.127659574468077,1.7857142857142572,0.44800000000000006,0.5055,0.5376,5.392390566759353,5.091026173186525,42.80414180942943,-0.029946390056463823,-0.005165897480211214,-0.02478049257625261,456580.85
226619,RTBRISCOE,2024-06-03,0.52,0.52,188739,2026-04-08T04:15:53.203965+00:00,8.333333333333348,9.090909090909083,-8.333333333333325,-17.543859649122805,0.4640000000000001,0.5035000000000001,0.539,5.720832890842555,5.217217024828492,52.47196569098788,-0.02428888115354949,0.0003932891381624934,-0.024682170291711984,433755.75
226737,RTBRISCOE,2024-06-04,0.57,0.57,245922,2026-04-08T04:15:55.456464+00:00,9.615384615384603,8.333333333333348,0.0,0.0,0.49000000000000005,0.505,0.5406,6.062276370486018,5.242219897239579,61.28190351988496,-0.015590959578291375,0.007272968570736487,-0.02286392814902786,407820.55
226855,RTBRISCOE,2024-06-05,0.57,0.57,13888,2026-04-08T04:15:57.839545+00:00,0.0,9.615384615384603,0.0,0.0,0.516,0.5065,0.5422,6.062276370486018,5.242219897239579,61.28190351988498,-0.008598673904476106,0.011412203395641404,-0.02001087730011751,402294.45
226973,RTBRISCOE,2024-06-06,0.6,0.6,635623,2026-04-08T04:16:00.091412+00:00,5.263157894736836,0.0,0.0,0.0,0.5479999999999999,0.5095,0.5442,6.155090949844069,5.281956462311818,65.7054330526457,-0.0006292344289288154,0.015505314296950956,-0.01613454872587977,432974.3
227091,RTBRISCOE,2024-06-07,0.6,0.6,193202,2026-04-08T04:16:02.294722+00:00,0.0,5.263157894736836,9.090909090909083,2.127659574468077,0.5719999999999998,0.5135,0.5456,6.070237782135038,5.222380067905222,65.7054330526457,0.005621799170761332,0.017405078317312882,-0.011783279146551551,419899.1
227209,RTBRISCOE,2024-06-10,0.6,0.6,240996,2026-04-08T04:16:06.655303+00:00,0.0,0.0,8.333333333333348,-8.333333333333325,0.588,0.5155000000000001,0.546,5.857285076025275,5.056550664954434,65.70543305264569,0.010455266530395968,0.017790836541558018,-0.007335570011162048,417680.6
227327,RTBRISCOE,2024-06-11,0.59,0.59,1000018,2026-04-08T04:16:09.027942+00:00,-1.6666666666666718,0.0,9.615384615384603,0.0,0.592,0.517,0.547,5.876850349743432,4.960014573974083,62.72205685412595,0.013325302022640817,0.01652869762704229,-0.003203395604401476,466965.15
227445,RTBRISCOE,2024-06-13,0.56,0.56,4036001,2026-04-08T04:16:12.454757+00:00,-5.084745762711851,-1.6666666666666718,0.0,0.0,0.5900000000000001,0.517,0.5474,6.005180140001157,5.01808814581504,54.69815908649269,0.013028887641662878,0.012985826596851484,4.3061044811394666e-05,662488.65
227563,RTBRISCOE,2024-06-14,0.61,0.61,217176,2026-04-08T04:16:14.762224+00:00,8.92857142857142,-5.084745762711851,5.263157894736836,0.0,0.592,0.5195000000000001,0.5488000000000001,6.31502730530261,5.167507739071816,63.1576757205201,0.016636780788854888,0.013274975795234794,0.0033618049936200937,673067.35
227681,RTBRISCOE,2024-06-20,0.67,0.67,1055275,2026-04-08T04:16:22.365263+00:00,9.836065573770503,8.92857142857142,0.0,9.090909090909083,0.6060000000000001,0.5245,0.5514,6.641000677554426,5.337282412296683,70.32007365644182,0.024060209541910238,0.016558723638632117,0.007501485903278123,680347.35
227799,RTBRISCOE,2024-06-21,0.62,0.62,1198696,2026-04-08T04:16:24.740936+00:00,-7.462686567164189,9.836065573770503,0.0,8.333333333333348,0.6100000000000001,0.5319999999999999,0.553,5.429183646776787,5.456674357521811,59.873998933522486,0.025613491789552745,0.014489604709019697,0.011123887080533048,613221.15
227917,RTBRISCOE,2024-06-24,0.62,0.62,1943874,2026-04-08T04:16:29.101951+00:00,0.0,-7.462686567164189,-1.6666666666666718,9.615384615384603,0.616,0.5395000000000001,0.5544,5.429183646776787,5.453074598411533,59.87399893352248,0.026538559171158105,0.012331737672500046,0.014206821498658059,707441.05
228035,RTBRISCOE,2024-06-25,0.66,0.66,3657573,2026-04-08T04:16:31.430939+00:00,6.451612903225823,0.0,-5.084745762711851,0.0,0.636,0.549,0.5556,5.5241771621015285,5.379385595690161,64.73452132305982,0.030151776530864316,0.012755964025765006,0.01739581250509931,881216.5
228153,RTBRISCOE,2024-06-26,0.68,0.68,590288,2026-04-08T04:16:33.77834+00:00,3.0303030303030276,6.451612903225823,8.92857142857142,5.263157894736836,0.65,0.5595,0.558,5.512166123310253,5.295958165390931,66.893857847987,0.03423447643911426,0.01347093114721196,0.0207635452919023,902841.8
228271,RTBRISCOE,2024-06-27,0.69,0.69,2687444,2026-04-08T04:16:36.13415+00:00,1.4705882352941124,3.0303030303030276,9.836065573770503,0.0,0.654,0.5700000000000001,0.5606,5.513363850982938,5.297043856395461,67.9505437214911,0.03784075726251113,0.01366176957648706,0.024178987686024066,1003253.05
228389,RTBRISCOE,2024-06-28,0.7,0.7,781915,2026-04-08T04:16:38.472674+00:00,1.449275362318847,1.4705882352941124,-7.462686567164189,0.0,0.6699999999999999,0.583,0.5628,4.956670279930995,5.2534445221947506,69.015582320768,0.041032678052779104,0.01348295229340403,0.027549725759375074,959238.25
228507,RTBRISCOE,2024-07-01,0.71,0.71,770159,2026-04-08T04:16:42.881798+00:00,1.4285714285714235,1.449275362318847,0.0,-1.6666666666666718,0.688,0.5965,0.5651999999999999,4.929531617096307,5.254663957910742,70.08612036814063,0.04386358262574941,0.013051085493099468,0.03081249713264994,986695.3
228625,RTBRISCOE,2024-07-02,0.64,0.64,1675505,2026-04-08T04:16:45.256647+00:00,-9.859154929577462,1.4285714285714235,6.451612903225823,-5.084745762711851,0.6839999999999999,0.6065,0.5672,5.638299322640779,5.306365650428599,55.603593270571494,0.039997612332484,0.007348092159867245,0.032649520172616756,1068717.6
228743,RTBRISCOE,2024-07-03,0.7,0.7,702953,2026-04-08T04:16:47.732339+00:00,9.375,-9.859154929577462,3.0303030303030276,8.92857142857142,0.688,0.6195,0.5704,5.845560947363494,5.452634842406468,62.7153967791855,0.04129922976844436,0.006919767676662081,0.034379462091782276,1102765.25
228861,RTBRISCOE,2024-07-04,0.7,0.7,1403394,2026-04-08T04:16:50.22378+00:00,0.0,9.375,1.4705882352941124,9.836065573770503,0.69,0.6305,0.5736,5.6573200826334435,5.452634842406468,62.7153967791855,0.041848369015781595,0.005975125539199454,0.03587324347658214,1161932.05
228979,RTBRISCOE,2024-07-05,0.73,0.73,736156,2026-04-08T04:16:52.679645+00:00,4.285714285714293,0.0,1.449275362318847,-7.462686567164189,0.696,0.641,0.5773999999999999,5.49086840300608,5.475546897597323,65.88441089520407,0.04419486422078045,0.006657296595358644,0.037537567625421805,1189302.9
229097,RTBRISCOE,2024-07-08,0.7,0.7,529470,2026-04-08T04:16:57.375145+00:00,-4.109589041095896,4.285714285714293,1.4285714285714235,0.0,0.694,0.6475000000000001,0.5795999999999999,5.324835300342797,5.377292709524006,60.35950365125114,0.04313647882047156,0.004479128956039802,0.038657349864431756,1203480.3
229215,RTBRISCOE,2024-07-09,0.65,0.65,288797,2026-04-08T04:16:59.679545+00:00,-7.142857142857128,-4.109589041095896,-9.859154929577462,6.451612903225823,0.696,0.6515,0.5798000000000001,5.637569091613009,5.357395246045158,52.46309422281063,0.03782707169691912,-0.000664222534010106,0.03849129423092923,1217225.75
229333,RTBRISCOE,2024-07-10,0.7,0.7,2488362,2026-04-08T04:17:02.104038+00:00,7.692307692307687,-7.142857142857128,9.375,3.0303030303030276,0.696,0.6565000000000001,0.581,5.763330940301376,5.461711587852604,58.3333528658101,0.037224806039470315,-0.0010131905531671342,0.03823799659263745,1309862.7
229451,RTBRISCOE,2024-07-11,0.7,0.7,579854,2026-04-08T04:17:04.804273+00:00,0.0,7.692307692307687,0.0,1.4705882352941124,0.696,0.6615,0.5821999999999999,5.763330940301376,5.461711587852604,58.33335286581009,0.03632873116779978,-0.0015274123398701378,0.037856143507669915,1329195.3
229569,RTBRISCOE,2024-07-12,0.7,0.7,147252,2026-04-08T04:17:07.071694+00:00,0.0,0.0,4.285714285714293,1.449275362318847,0.6900000000000001,0.6664999999999999,0.5844,5.763330940301376,5.334325518479755,58.3333528658101,0.035212675571274055,-0.0021147743491166868,0.03732744992039074,1324508.1
229687,RTBRISCOE,2024-07-15,0.7,0.7,215590,2026-04-08T04:17:11.418935+00:00,0.0,0.0,-4.109589041095896,1.4285714285714235,0.69,0.6719999999999999,0.5868,5.735775550045982,5.325570099163237,58.3333528658101,0.03393698898628916,-0.0027123687472812644,0.03664935773357043,1285286.7
229805,RTBRISCOE,2024-07-16,0.7,0.7,440840,2026-04-08T04:17:13.920176+00:00,0.0,0.0,-7.142857142857128,-9.859154929577462,0.7,0.6789999999999999,0.5892000000000001,5.561235672409377,5.325570099163237,58.333352865810106,0.03255077312641452,-0.003278867685724725,0.03582964081213925,1105528.65
229923,RTBRISCOE,2024-07-17,0.66,0.66,474809,2026-04-08T04:17:16.239817+00:00,-5.714285714285705,0.0,7.692307692307687,9.375,0.692,0.6815,0.5908,5.462729658446945,5.397750938220409,51.03083827640093,0.02790287439715189,-0.006341413131989888,0.03424428752914178,1118410.3
230041,RTBRISCOE,2024-07-18,0.72,0.72,848902,2026-04-08T04:17:18.614364+00:00,9.090909090909083,-5.714285714285705,0.0,0.0,0.696,0.6839999999999999,0.5936,5.398124370622845,5.53521296782524,59.26783559117501,0.028729701610439973,-0.004411668734961446,0.03314137034540142,1108091.65
230159,RTBRISCOE,2024-07-19,0.73,0.73,999056,2026-04-08T04:17:20.923419+00:00,1.388888888888884,9.090909090909083,0.0,4.285714285714293,0.7020000000000001,0.6895,0.597,5.063471164763648,5.505452802573877,60.46154704277964,0.02984781749993437,-0.0026348422763736376,0.03248265977630801,1098109.65
230277,RTBRISCOE,2024-07-22,0.73,0.73,616188,2026-04-08T04:17:25.185516+00:00,0.0,1.388888888888884,0.0,-4.109589041095896,0.708,0.695,0.6008,5.063471164763648,5.472198014488885,60.46154704277964,0.03038368815409731,-0.0016791772977685637,0.032062865451865874,1031725.35
230395,RTBRISCOE,2024-07-23,0.73,0.73,108202,2026-04-08T04:17:27.655924+00:00,0.0,0.0,0.0,-7.142857142857128,0.714,0.6984999999999999,0.6046,4.896747989040317,5.472198014488885,60.46154704277965,0.0304572769782524,-0.001284470778890781,0.03174174775714318,854256.8
230513,RTBRISCOE,2024-07-24,0.67,0.67,2703748,2026-04-08T04:17:30.124258+00:00,-8.21917808219177,0.0,-5.714285714285705,7.692307692307687,0.716,0.698,0.6072,5.239337666705073,5.616858690414681,49.574183133695975,0.025381515778051922,-0.005088185583273008,0.03046970136132493,959929.8
230631,RTBRISCOE,2024-07-25,0.67,0.67,159434,2026-04-08T04:17:32.638981+00:00,0.0,-8.21917808219177,9.090909090909083,0.0,0.706,0.697,0.6102000000000001,5.2287607974359105,5.583401780816111,49.574183133695975,0.021115531751934147,-0.007483335687512631,0.028598867439446778,833529.3
230749,RTBRISCOE,2024-07-26,0.67,0.67,208161,2026-04-08T04:17:35.101122+00:00,0.0,0.0,1.388888888888884,0.0,0.694,0.6954999999999999,0.6123999999999999,5.217404918196486,5.491003266021403,49.574183133695975,0.017532603734298435,-0.008853010964118675,0.02638561469841711,804841.6
230867,RTBRISCOE,2024-07-29,0.73,0.73,5866844,2026-04-08T04:17:40.103977+00:00,8.955223880596996,0.0,0.0,0.0,0.694,0.6965,0.6158,5.590735617573133,5.618591199515159,58.83284787430858,0.019311989432911014,-0.00565890021240488,0.024970889645315894,1059675.85
230985,RTBRISCOE,2024-07-30,0.8,0.8,3270382,2026-04-08T04:17:43.080384+00:00,9.589041095890426,8.955223880596996,0.0,0.0,0.708,0.7045,0.6206,5.4218673659758565,5.756543535101777,66.54950838367573,0.026070060969625497,0.0008793370594476803,0.025190723910177817,1139419.7
231103,RTBRISCOE,2024-07-31,0.76,0.76,2817870,2026-04-08T04:17:45.61458+00:00,-5.000000000000004,9.589041095890426,-8.21917808219177,-5.714285714285705,0.726,0.7075,0.6245999999999999,5.239153842371292,5.815289936206283,59.666820146606696,0.027876868458850512,0.0021489156389381536,0.02572795281991236,1245165.55
231221,RTBRISCOE,2024-08-01,0.77,0.77,233272,2026-04-08T04:17:47.950902+00:00,1.3157894736842035,-5.000000000000004,0.0,9.090909090909083,0.7460000000000001,0.7110000000000001,0.6286,5.240266579316688,5.814012669447427,60.75944990666276,0.02977249405913973,0.0032356329913818954,0.026536861067757836,1186659.45
231339,RTBRISCOE,2024-08-02,0.84,0.84,1982170,2026-04-08T04:17:50.372085+00:00,9.090909090909083,1.3157894736842035,0.0,1.388888888888884,0.78,0.7165,0.636,5.520491128437363,5.299016020861183,67.41407176733078,0.03650242871396303,0.007972454116964154,0.028529974596998877,1248960.15
231457,RTBRISCOE,2024-08-05,0.92,0.92,1924636,2026-04-08T04:17:54.929581+00:00,9.523809523809534,9.090909090909083,8.955223880596996,0.0,0.818,0.7274999999999999,0.645,5.714571712937694,5.420940865111323,73.04097136309733,0.04774095382855137,0.015368783385241988,0.03237217044330938,1318718.45
231575,RTBRISCOE,2024-08-06,1.01,1.01,3582120,2026-04-08T04:17:57.472912+00:00,9.782608695652172,9.523809523809534,9.589041095890426,0.0,0.86,0.7455,0.6557999999999999,5.615221930532143,5.541094240749634,77.70520021932828,0.06318149682341645,0.024647461104085652,0.0385340357193308,1483384.6
231693,RTBRISCOE,2024-08-07,1.11,1.11,3989041,2026-04-08T04:17:59.948734+00:00,9.90099009900991,9.782608695652172,-5.000000000000004,-8.21917808219177,0.93,0.766,0.6686,5.7455124799271475,5.655189141385773,81.52909519261729,0.08253597926300105,0.0352015548349362,0.04733442442806485,1558418.55
231811,RTBRISCOE,2024-08-08,1.22,1.22,1944815,2026-04-08T04:18:02.36647+00:00,9.909909909909898,9.90099009900991,1.3157894736842035,0.0,1.02,0.792,0.6834,5.94380014135045,5.767877036664011,84.64825422058382,0.10553409537078962,0.046559736754179806,0.05897435861660981,1626666.6
231929,RTBRISCOE,2024-08-09,1.27,1.27,8916816,2026-04-08T04:18:04.674683+00:00,4.098360655737698,9.909909909909898,9.090909090909083,0.0,1.106,0.8205,0.7,5.906156264951668,5.5761685130495495,85.82038429883869,0.12633849864189695,0.053891312020229704,0.07244718662166724,2065144.8
232047,RTBRISCOE,2024-08-12,1.39,1.39,3399608,2026-04-08T04:18:08.918743+00:00,9.448818897637778,4.098360655737698,9.523809523809534,8.955223880596996,1.2,0.8550000000000001,0.7190000000000001,6.014832047296582,5.656413930297668,88.1573972860631,0.1507711393968455,0.0626591622201426,0.0881119771767029,2224345.7
232165,RTBRISCOE,2024-08-13,1.52,1.52,4268212,2026-04-08T04:18:11.387792+00:00,9.35251798561152,9.448818897637778,9.782608695652172,9.589041095890426,1.302,0.8960000000000001,0.7406,6.078682764127282,5.72687027625006,90.06729825729933,0.17856570250232562,0.07236298026049817,0.10620272224182745,2415714.3
232283,RTBRISCOE,2024-08-14,1.67,1.67,7238716,2026-04-08T04:18:13.859526+00:00,9.868421052631572,9.35251798561152,9.90099009900991,-5.000000000000004,1.4140000000000001,0.9465,0.7652,5.740297530377196,5.802567488817807,91.72550213933214,0.21027294479291736,0.08325617804087193,0.12701676675204543,2753909.65
232401,RTBRISCOE,2024-08-15,1.55,1.55,16167580,2026-04-08T04:18:16.357381+00:00,-7.18562874251496,9.868421052631572,9.909909909909898,1.3157894736842035,1.48,0.9880000000000001,0.7866,6.247018797628042,5.901940211116349,80.19165062565293,0.22314587884061265,0.07690328967085377,0.14624258916975888,3519843.55
232519,RTBRISCOE,2024-08-16,1.7,1.7,5912697,2026-04-08T04:18:18.692447+00:00,9.677419354838701,-7.18562874251496,4.098360655737698,9.090909090909083,1.566,1.0365,0.8101999999999999,6.332667698146744,5.931848052840991,83.05921109798008,0.2426543499168341,0.07712940859766015,0.16552494131917395,3765525.6
232637,RTBRISCOE,2024-08-19,1.87,1.87,5762410,2026-04-08T04:18:23.063194+00:00,10.000000000000009,9.677419354838701,9.448818897637778,9.523809523809534,1.6620000000000001,1.0935000000000001,0.8361999999999999,6.352959983291086,5.941415792052307,85.60298795362978,0.268734726402001,0.08256782806626167,0.18616689833573935,4022836.7
232755,RTBRISCOE,2024-08-20,2.05,2.05,5362385,2026-04-08T04:18:25.366221+00:00,9.625668449197855,10.000000000000009,9.35251798561152,9.782608695652172,1.768,1.1595,0.8658,6.318315532469743,6.011799693664462,87.7076756370376,0.30046454015645363,0.09143811345657143,0.2090264266998822,4285545.85
232873,RTBRISCOE,2024-08-21,2.25,2.25,2796041,2026-04-08T04:18:27.861334+00:00,9.756097560975618,9.625668449197855,9.868421052631572,9.90099009900991,1.884,1.2385,0.8988,5.49028338961957,6.083016812734749,89.53779957298798,0.3378543994779597,0.103062378222462,0.2347920212554977,4290160.5
232991,RTBRISCOE,2024-08-22,2.47,2.47,5184899,2026-04-08T04:18:30.156184+00:00,9.777777777777796,9.756097560975618,-7.18562874251496,9.909909909909898,2.068,1.3285,0.9362,5.324589214137332,6.146117099724785,91.10636660071681,0.38084811376714023,0.11684487400931404,0.2640032397578262,4541433.75
233109,RTBRISCOE,2024-08-23,2.71,2.71,8754362,2026-04-08T04:18:32.497978+00:00,9.716599190283382,9.777777777777796,9.677419354838701,4.098360655737698,2.2700000000000005,1.4304999999999999,0.9784,5.103013141347916,6.200979242525408,92.43827450904588,0.4293377974550494,0.13226764615777853,0.2970701512972709,4968743.8
233227,RTBRISCOE,2024-08-26,2.98,2.98,6168193,2026-04-08T04:18:37.19542+00:00,9.963099630996307,9.716599190283382,10.000000000000009,9.448818897637778,2.492,1.5430000000000001,1.0262,5.124524523614485,6.230932040331755,93.59956681366789,0.48397401347885216,0.14952308974526501,0.33445092373358715,4983811.25
233345,RTBRISCOE,2024-08-27,3.27,3.27,3102939,2026-04-08T04:18:39.561091+00:00,9.731543624161066,9.963099630996307,9.625668449197855,9.35251798561152,2.7359999999999998,1.6664999999999999,1.0804,5.127810837050268,6.167287041498991,94.56503186996036,0.544398695395178,0.16795821732927274,0.3764404780659053,4975439.1
233463,RTBRISCOE,2024-08-28,3.59,3.59,4187832,2026-04-08T04:18:42.048567+00:00,9.78593272171253,9.731543624161066,9.756097560975618,9.868421052631572,3.004,1.8080000000000003,1.14,4.230661545528942,6.183075960011764,95.3911730277677,0.611063062191215,0.18769806730024774,0.42336499489096724,5043937.2
233581,RTBRISCOE,2024-08-29,3.94,3.94,6475114,2026-04-08T04:18:44.36768+00:00,9.749303621169926,9.78593272171253,9.777777777777796,-7.18562874251496,3.2979999999999996,1.9665,1.2054,3.921921941137602,6.181357489745338,96.09104783715398,0.6842495254964722,0.20870762448440394,0.4755419010120683,5356029.3
233699,RTBRISCOE,2024-09-02,3.2,3.2,8964506,2026-04-08T04:18:49.632285+00:00,-18.781725888324864,9.749303621169926,9.716599190283382,9.677419354838701,3.396,2.0845,1.2570000000000001,7.261052423323649,6.780205078372789,71.40266097295232,0.6747602927527678,0.1593747133925596,0.5153855793602082,5705146.1
233817,RTBRISCOE,2024-09-03,2.88,2.88,13940250,2026-04-08T04:18:52.389232+00:00,-10.000000000000009,-18.781725888324864,9.963099630996307,10.000000000000009,3.376,2.1825,1.3022,8.183851163144274,7.030394800947609,63.772304338907375,0.6341090671814578,0.09497879025699962,0.5391302769244581,6305926.8
233935,RTBRISCOE,2024-09-04,2.6,2.6,2907488,2026-04-08T04:18:54.875674+00:00,-9.722222222222221,-10.000000000000009,9.731543624161066,9.625668449197855,3.242,2.2619999999999996,1.341,8.869046589227727,7.254028820597268,57.93802934187864,0.5726973198856284,0.026853634368936175,0.5458436855166923,6272195.2
234053,RTBRISCOE,2024-09-05,2.34,2.34,2030794,2026-04-08T04:18:57.763256+00:00,-10.000000000000009,-9.722222222222221,9.78593272171253,9.756097560975618,2.992,2.3235,1.3741999999999999,9.417277200419992,7.484844461631471,53.08178731431035,0.4973154971337892,-0.038822550706322456,0.5361380478401117,6174282.85
234171,RTBRISCOE,2024-09-06,2.57,2.57,6992105,2026-04-08T04:19:00.536712+00:00,9.829059829059839,-10.000000000000009,9.749303621169926,9.777777777777796,2.718,2.391,1.4118000000000002,9.414731583032252,7.548046266772587,56.551182240567556,0.4509358297682877,-0.06816177445745919,0.5190976042257469,6426647.35
234289,RTBRISCOE,2024-09-09,2.82,2.82,4417543,2026-04-08T04:19:05.495104+00:00,9.727626459143979,9.829059829059839,-18.781725888324864,9.716599190283382,2.6420000000000003,2.4685,1.4542,9.494256241810525,7.605067326589794,60.01244071736632,0.4294026336298664,-0.0717559764767044,0.5011586101065708,6201683.7
234407,RTBRISCOE,2024-09-10,3.1,3.1,3369933,2026-04-08T04:19:08.070871+00:00,9.929078014184412,9.727626459143979,-10.000000000000009,9.963099630996307,2.686,2.554,1.5019999999999998,9.507986377482021,7.661424356071291,63.517853438039786,0.4299746009444383,-0.05694720732970604,0.48692180827414433,6200199.95
234525,RTBRISCOE,2024-09-11,3.02,3.02,22058250,2026-04-08T04:19:10.663572+00:00,-2.580645161290329,9.929078014184412,-9.722222222222221,9.731543624161066,2.77,2.629,1.5496,9.564347754615692,7.473442285850941,61.849578428503726,0.41914096165021997,-0.054224677299139545,0.4733656389493595,7089701.85
234643,RTBRISCOE,2024-09-12,3.32,3.32,9712128,2026-04-08T04:19:13.371302+00:00,9.93377483443707,-2.580645161290329,-10.000000000000009,9.78593272171253,2.966,2.7115,1.6019999999999999,9.56648953369352,7.482925944213064,65.50809452145873,0.429808156372411,-0.034845986061558865,0.46465414243396985,7213372.45
234761,RTBRISCOE,2024-09-13,3.65,3.65,9603131,2026-04-08T04:19:16.033041+00:00,9.93975903614459,9.93377483443707,9.829059829059839,9.749303621169926,3.182,2.8165,1.661,9.279754168666429,7.521582302297958,69.02669928222988,0.45959233279153633,-0.00404944771394683,0.46364178050548316,6885150.0
234879,RTBRISCOE,2024-09-17,3.68,3.68,15501945,2026-04-08T04:19:22.824888+00:00,0.8219178082191858,9.93975903614459,9.727626459143979,-18.781725888324864,3.354,2.9154999999999998,1.72,9.246135255515778,7.531454913384784,69.33297805682544,0.4800831566778423,0.013153100937887241,0.46693005573995505,7364612.4
234997,RTBRISCOE,2024-09-18,3.44,3.44,11188980,2026-04-08T04:19:25.915955+00:00,-6.521739130434789,0.8219178082191858,9.929078014184412,-10.000000000000009,3.4219999999999997,2.994,1.7748,9.451504892378884,7.589157447420895,63.88999553320761,0.47152088870639686,0.0036726663731534437,0.4678482223332434,7635940.9
235115,RTBRISCOE,2024-09-19,3.15,3.15,4166185,2026-04-08T04:19:28.330134+00:00,-8.430232558139538,-6.521739130434789,-2.580645161290329,-9.722222222222221,3.4479999999999995,3.0490000000000004,1.8248,9.698136674472918,7.62816213087933,57.968138987591296,0.43630519854408023,-0.025234419031330557,0.4615396175754108,7576130.9
235233,RTBRISCOE,2024-09-20,3.18,3.18,1645603,2026-04-08T04:19:30.82066+00:00,0.9523809523809712,-8.430232558139538,9.93377483443707,-10.000000000000009,3.4200000000000004,3.0955000000000004,1.8744,9.556488911277679,7.612035588598419,58.397724915260596,0.40613558148193407,-0.04432322887478135,0.4504588103567154,7518609.0
235351,RTBRISCOE,2024-09-23,3.2,3.2,658512,2026-04-08T04:19:35.29526+00:00,0.6289308176100628,0.9523809523809712,9.93975903614459,9.829059829059839,3.3300000000000005,3.1319999999999997,1.9243999999999999,9.391765984450927,7.606885281234399,58.700769696280034,0.3794655329975525,-0.056794621887330365,0.43626015488488284,7292289.65
235469,RTBRISCOE,2024-09-24,2.9,2.9,3983402,2026-04-08T04:19:37.629736+00:00,-9.37500000000001,0.6289308176100628,0.8219178082191858,9.727626459143979,3.174,3.1415,1.9684,9.507197275798386,7.804718921003432,52.52066431200686,0.3303141783958572,-0.08475678119122054,0.41507095958707774,7053741.65
235587,RTBRISCOE,2024-09-25,2.96,2.96,4301397,2026-04-08T04:19:40.096992+00:00,2.0689655172413834,-9.37500000000001,-6.521739130434789,9.929078014184412,3.0780000000000003,3.1405000000000003,2.0136,9.266664428858473,7.792954934910221,53.57343389038172,0.2928273429854591,-0.09779489328129493,0.390622236266754,6960401.85
235705,RTBRISCOE,2024-09-26,3.2,3.2,3734853,2026-04-08T04:19:42.676048+00:00,8.108108108108114,2.0689655172413834,-8.430232558139538,-2.580645161290329,3.088,3.137,2.0635999999999997,9.187247767439022,7.808757084031017,57.621256259754425,0.27926555064984315,-0.08908534849352873,0.3683508991433719,6991997.55
235823,RTBRISCOE,2024-09-27,3.01,3.01,3168072,2026-04-08T04:19:45.342636+00:00,-5.937500000000007,8.108108108108114,0.9523809523809712,9.93377483443707,3.054,3.1079999999999997,2.1106,9.003994919169903,7.814130307552767,53.63444465130454,0.2503010062199462,-0.09443991433874055,0.34474092055868677,6941009.55
235941,RTBRISCOE,2024-09-30,3.2,3.2,4482465,2026-04-08T04:19:50.223917+00:00,6.312292358803995,-5.937500000000007,0.6289308176100628,9.93975903614459,3.0540000000000003,3.071,2.1602,8.829531248003331,7.782544767252803,56.84967261275362,0.23991224911709308,-0.08386293715327497,0.32377518627036805,6841377.1
236059,RTBRISCOE,2024-10-02,3.37,3.37,2976150,2026-04-08T04:19:53.821423+00:00,5.312499999999987,6.312292358803995,-9.37500000000001,0.8219178082191858,3.148,3.0795,2.2129999999999996,7.811096298072021,7.782352602189215,59.552323132642776,0.24260012034286849,-0.06494005274199965,0.30754017308486814,6541959.3
236177,RTBRISCOE,2024-10-03,3.36,3.36,909363,2026-04-08T04:19:56.203135+00:00,-0.29673590504452063,5.312499999999987,2.0689655172413834,-6.521739130434789,3.228,3.1034999999999995,2.2656,7.412510531113277,7.785117660893554,59.316969712445456,0.24114360782354272,-0.05311725220906033,0.29426086003260304,5890414.95
236295,RTBRISCOE,2024-10-04,3.5,3.5,3974005,2026-04-08T04:19:58.634737+00:00,4.166666666666674,-0.29673590504452063,8.108108108108114,-8.430232558139538,3.2880000000000003,3.1485,2.3209999999999997,6.99023731555645,7.770237667247227,61.604738620766234,0.24842248140158052,-0.03667070290481805,0.2850931843063986,5943740.8
236413,RTBRISCOE,2024-10-07,3.6,3.6,3366521,2026-04-08T04:20:03.05432+00:00,2.857142857142869,4.166666666666674,-5.937500000000007,0.9523809523809712,3.406,3.2115,2.3796,6.422948403180376,7.585409619691323,63.19673422798331,0.25927148512908493,-0.020657359341850923,0.27992884447093586,6010527.15
236531,RTBRISCOE,2024-10-08,3.41,3.41,864539,2026-04-08T04:20:05.535519+00:00,-5.277777777777781,2.857142857142869,6.312292358803995,0.6289308176100628,3.4479999999999995,3.2535,2.4344,6.388069401310723,7.674256486885589,58.25440898975537,0.24966006086853598,-0.0242150268819199,0.2738750877504559,5704148.85
236649,RTBRISCOE,2024-10-10,3.34,3.34,750972,2026-04-08T04:20:08.855054+00:00,-2.052785923753675,-5.277777777777781,5.312499999999987,-9.37500000000001,3.442,3.2795,2.4878,6.1391186166093386,7.699369500480299,56.501239973657164,0.23370056823285168,-0.03213961561408335,0.26584018384693503,5520820.3
236767,RTBRISCOE,2024-10-11,3.31,3.31,1387723,2026-04-08T04:20:11.460237+00:00,-0.8982035928143617,-2.052785923753675,-0.29673590504452063,2.0689655172413834,3.432,3.29,2.5394,5.779753070692537,7.684569396049231,55.72718819164556,0.2161402755042352,-0.03975992667415984,0.25590020217839504,5421709.8
236886,RTBRISCOE,2024-10-14,3.2,3.2,1213402,2026-04-08T04:20:16.284622+00:00,-3.3232628398791486,-0.8982035928143617,4.166666666666674,8.108108108108114,3.372,3.2990000000000004,2.5874,5.802834335072242,7.688060873673778,52.867261103977846,0.19114414558290616,-0.05180484527639112,0.24294899085929728,4379467.4
237005,RTBRISCOE,2024-10-15,3.1,3.1,1479124,2026-04-08T04:20:18.84933+00:00,-3.125,-3.3232628398791486,2.857142857142869,-5.937500000000007,3.272,3.2880000000000003,2.6342000000000003,5.400208563683982,7.652206575598373,50.3380991470279,0.16140479427037846,-0.06523535727113508,0.22664015154151354,3967817.2
237124,RTBRISCOE,2024-10-17,3.03,3.03,943946,2026-04-08T04:20:23.389134+00:00,-2.2580645161290436,-3.125,-5.277777777777781,6.312292358803995,3.196,3.257,2.6794,4.855704755119291,7.6862388560948585,48.585902570429184,0.13068131624181278,-0.0767670682397606,0.20744838448157338,3534857.95
237243,RTBRISCOE,2024-10-18,3.06,3.06,462180,2026-04-08T04:20:26.17489+00:00,0.990099009900991,-2.2580645161290436,-2.052785923753675,5.312499999999987,3.1399999999999997,3.226,2.7237999999999998,4.858830402198316,7.642020911741598,49.39883496449892,0.10751413184630643,-0.07994740210821358,0.18746153395452,2782869.7
237362,RTBRISCOE,2024-10-21,3.06,3.06,517106,2026-04-08T04:20:30.541886+00:00,0.0,0.990099009900991,-0.8982035928143617,-0.29673590504452063,3.0900000000000003,3.207,2.7666000000000004,4.670152583929719,7.592326809771681,49.39883496449892,0.08813797162935577,-0.07945884986013141,0.16759682148948718,2249276.0
237481,RTBRISCOE,2024-10-22,3.06,3.06,724934,2026-04-08T04:20:32.890604+00:00,0.0,0.0,-3.3232628398791486,4.166666666666674,3.0620000000000003,3.2024999999999997,2.8076000000000003,4.278759975611856,7.5323993749226,49.39883496449892,0.07195279799351884,-0.0765152187967747,0.14846801679029353,2077213.45
237600,RTBRISCOE,2024-10-23,3.05,3.05,860839,2026-04-08T04:20:35.186729+00:00,-0.326797385620925,0.0,-3.125,2.857142857142869,3.052,3.196,2.8464,4.272427824768633,7.4665503708631356,49.075783103353686,0.057654410694860214,-0.07265088487634666,0.13030529557120688,2037975.25
237719,RTBRISCOE,2024-10-24,3.0,3.0,2274011,2026-04-08T04:20:37.740613+00:00,-1.6393442622950727,-0.326797385620925,-2.2580645161290436,-5.277777777777781,3.0460000000000003,3.1860000000000004,2.8819999999999997,4.281560300265694,7.405316042375218,47.40643270597488,0.04180633619369045,-0.07079916750201315,0.1126055036957036,2118750.2
237838,RTBRISCOE,2024-10-25,3.05,3.05,815839,2026-04-08T04:20:40.222387+00:00,1.6666666666666607,-1.6393442622950727,0.990099009900991,-2.052785923753675,3.044,3.1935,2.9175999999999997,3.7153902878124767,7.399826273652114,49.26497656859071,0.032901932112219257,-0.06376285726678749,0.09666478937900674,1960372.05
237957,RTBRISCOE,2024-10-28,3.35,3.35,3035004,2026-04-08T04:20:44.742576+00:00,9.836065573770503,1.6666666666666607,0.0,-0.8982035928143617,3.102,3.2129999999999996,2.9568,4.272308608056179,7.4079378155306665,58.69616632754478,0.04948222028642579,-0.03774605527406477,0.08722827556049056,1897052.4
238076,RTBRISCOE,2024-10-29,3.35,3.35,1423733,2026-04-08T04:20:47.136244+00:00,0.0,9.836065573770503,0.0,-3.3232628398791486,3.1599999999999997,3.2205,2.9934,3.9015189202740723,7.337450544262302,58.69616632754479,0.06190857460768262,-0.02025576076224636,0.08216433536992898,1781496.4
238195,RTBRISCOE,2024-10-30,3.35,3.35,133717,2026-04-08T04:20:49.405969+00:00,0.0,0.0,-0.326797385620925,-3.125,3.22,3.2375,3.0269999999999997,3.6174468093816388,7.249838862338076,58.696166327544795,0.07093881147353676,-0.00898041911711378,0.07991923059065054,1629778.65
238314,RTBRISCOE,2024-10-31,3.05,3.05,1826958,2026-04-08T04:20:51.756515+00:00,-8.955223880597018,0.0,-1.6393442622950727,-2.2580645161290436,3.2299999999999995,3.2299999999999995,3.057,3.9441052126978207,7.298074311091501,47.63628322620524,0.053273739941388065,-0.02131639251940999,0.07459013246079806,1497003.3
238433,RTBRISCOE,2024-11-01,3.05,3.05,563837,2026-04-08T04:20:54.1075+00:00,0.0,-8.955223880597018,1.6666666666666607,0.990099009900991,3.2299999999999995,3.214,3.0840000000000005,3.728719684330495,7.207991739197759,47.63628322620523,0.03882647603510181,-0.028610925140557006,0.06743740117565881,1376387.65
238552,RTBRISCOE,2024-11-04,3.02,3.02,867582,2026-04-08T04:20:58.471072+00:00,-0.983606557377048,0.0,9.836065573770503,0.0,3.164,3.197,3.1069999999999998,3.7305726924662923,7.108274991147647,46.61755197191481,0.02467176527051773,-0.03421250872411287,0.0588842739946306,1374298.6
238671,RTBRISCOE,2024-11-05,3.05,3.05,703850,2026-04-08T04:21:01.00344+00:00,0.9933774834437026,-0.983606557377048,0.0,0.0,3.104,3.1745,3.127,3.587917490745869,7.003867275906394,47.81930791880148,0.015693894839341915,-0.034552303324230954,0.05024619816357287,1210790.85
238790,RTBRISCOE,2024-11-06,3.14,3.14,563780,2026-04-08T04:21:03.585377+00:00,2.9508196721311553,0.9933774834437026,0.0,-0.326797385620925,3.062,3.1515,3.1447999999999996,3.5927601498957213,6.896356740076763,51.35718266263988,0.015660590144381814,-0.02766848641535285,0.04332907655973466,1070653.8
238909,RTBRISCOE,2024-11-07,3.0,3.0,928675,2026-04-08T04:21:06.256351+00:00,-4.458598726114649,2.9508196721311553,-8.955223880597018,-1.6393442622950727,3.052,3.131,3.1553999999999998,3.5411656342122124,6.815982645631312,46.118977571645786,0.004287937290559984,-0.031232911415339744,0.03552084870589973,1073860.6
239028,RTBRISCOE,2024-11-08,3.0,3.0,541157,2026-04-08T04:21:08.623134+00:00,0.0,-4.458598726114649,0.0,1.6666666666666607,3.0420000000000003,3.114,3.1612,3.525922937819454,6.688677575646091,46.118977571645786,-0.004671126196514663,-0.03215357992193152,0.027482453725416852,1063369.85
239147,RTBRISCOE,2024-11-11,3.0,3.0,88170,2026-04-08T04:21:12.782875+00:00,0.0,0.0,-0.983606557377048,9.836065573770503,3.038,3.0985,3.1615999999999995,3.5259899316183856,6.54564220145183,46.118977571645786,-0.011637103273892002,-0.031295645599447086,0.01965854232555508,998392.2
239266,RTBRISCOE,2024-11-12,3.0,3.0,477568,2026-04-08T04:21:15.417322+00:00,0.0,0.0,0.9933774834437026,0.0,3.028,3.0885,3.1562,3.4602414335428957,6.400328953269661,46.118977571645786,-0.01696216106073889,-0.029296562709035176,0.012334401648296288,961600.5
239385,RTBRISCOE,2024-11-13,3.0,3.0,136968,2026-04-08T04:21:17.790166+00:00,0.0,0.0,2.9508196721311553,0.0,3.0,3.0835,3.1444,3.3942481587697655,6.243689253669916,46.11897757164579,-0.020940913901593028,-0.02662025243991145,0.0056793385383184245,894492.7
239504,RTBRISCOE,2024-11-14,2.98,2.98,2665023,2026-04-08T04:21:20.354873+00:00,-0.666666666666671,0.0,-4.458598726114649,-8.955223880597018,2.996,3.0810000000000004,3.1252000000000004,3.3597000986804955,6.077762886581551,45.1657084820951,-0.025414969102814045,-0.024875446112905975,-0.0005395229899080702,980546.55
239623,RTBRISCOE,2024-11-15,2.98,2.98,444120,2026-04-08T04:21:22.90937+00:00,0.0,-0.666666666666671,0.0,0.0,2.992,3.077,3.1208,3.3511668500842116,5.466363944373737,45.165708482095106,-0.028630653729380118,-0.022472904591577636,-0.00615774913780248,979643.55
239742,RTBRISCOE,2024-11-18,2.8,2.8,958033,2026-04-08T04:21:27.576358+00:00,-6.040268456375841,0.0,0.0,-0.983606557377048,2.952,3.0639999999999996,3.1192,3.6061373574268214,5.345827747297338,37.15053709452096,-0.04518276386438824,-0.03122001178126861,-0.013962752083119633,1001689.9
239861,RTBRISCOE,2024-11-19,2.9,2.9,302108,2026-04-08T04:21:29.868433+00:00,3.571428571428581,-6.040268456375841,0.0,0.9933774834437026,2.932,3.056,3.1252,3.712853626734326,5.176093425827408,43.18299752830821,-0.04965883005148175,-0.02855686237468969,-0.02110196767679206,980548.6
239980,RTBRISCOE,2024-11-20,2.61,2.61,4405425,2026-04-08T04:21:32.433299+00:00,-9.999999999999998,3.571428571428581,0.0,2.9508196721311553,2.854,3.034,3.1306,4.311644546512386,5.176093425827407,33.223790290914046,-0.07573371005502816,-0.043705393902588874,-0.032028316152439285,1157777.9
240099,RTBRISCOE,2024-11-21,2.83,2.83,2791263,2026-04-08T04:21:34.755564+00:00,8.429118773946364,-9.999999999999998,-0.666666666666671,-4.458598726114649,2.824,3.0255,3.1358000000000006,4.759082784322797,5.127323283095361,43.81081821295936,-0.07774982732213687,-0.03657720893575807,-0.0411726183863788,1183640.5
240218,RTBRISCOE,2024-11-22,2.7,2.7,1468802,2026-04-08T04:21:37.514754+00:00,-4.59363957597173,8.429118773946364,0.0,0.0,2.768,3.008,3.1334000000000004,4.836284793555598,4.9892730349745165,39.79573811822499,-0.08881373882973387,-0.03811289635468405,-0.050700842475049815,1216288.65
240337,RTBRISCOE,2024-11-25,2.82,2.82,357932,2026-04-08T04:21:41.818387+00:00,4.444444444444429,-4.59363957597173,-6.040268456375841,0.0,2.772,2.9814999999999996,3.1277999999999997,4.356530535656173,4.82487896726392,44.82259687917371,-0.08689727361397859,-0.028957144911143012,-0.057940128702835575,1082435.05
240456,RTBRISCOE,2024-11-26,2.66,2.66,781970,2026-04-08T04:21:44.163824+00:00,-5.673758865248213,4.444444444444429,3.571428571428581,0.0,2.7239999999999998,2.947,3.1206,4.486845792198057,4.877204516177105,40.02400898328266,-0.09716901997070648,-0.03138311301429672,-0.06578590695640976,1050346.9
240575,RTBRISCOE,2024-11-27,2.56,2.56,1006589,2026-04-08T04:21:46.720727+00:00,-3.759398496240607,-5.673758865248213,-9.999999999999998,0.0,2.714,2.9075,3.1053999999999995,4.519211363807159,4.6806601972837205,37.333815494662765,-0.11208655321349115,-0.0370405170056651,-0.07504603620782604,1093990.5
240694,RTBRISCOE,2024-11-28,2.6,2.6,1058128,2026-04-08T04:21:49.110263+00:00,1.5625,-3.759398496240607,8.429118773946364,-0.666666666666671,2.668,2.885,3.0844,4.172461879936056,4.446681189973811,39.09719149182866,-0.11930585642976421,-0.03540785617755053,-0.08389800025221368,1055549.0
240813,RTBRISCOE,2024-12-02,2.5,2.5,33867,2026-04-08T04:21:54.88401+00:00,-3.8461538461538547,1.5625,-4.59363957597173,0.0,2.628,2.8575,3.0608,4.226244533737951,4.465644777026186,36.343807474335954,-0.13157960275100633,-0.03814528199903412,-0.09343432075197221,1029050.5
240932,RTBRISCOE,2024-12-03,2.51,2.51,360540,2026-04-08T04:21:57.640504+00:00,0.40000000000000036,-3.8461538461538547,4.444444444444429,-6.040268456375841,2.566,2.832,3.0422000000000002,4.236177191817869,4.387192524962834,36.82295058507644,-0.13889858231607022,-0.03637140925127841,-0.10252717306479181,1003698.4
241051,RTBRISCOE,2024-12-04,2.45,2.45,423663,2026-04-08T04:21:59.930228+00:00,-2.390438247011939,0.40000000000000036,-5.673758865248213,3.571428571428581,2.524,2.802,3.0282,4.226900870294157,4.246207566064503,35.115082899558445,-0.14783626052441345,-0.03624726996769731,-0.11158899055671614,989689.05
241170,RTBRISCOE,2024-12-06,2.45,2.45,61325,2026-04-08T04:22:03.392712+00:00,0.0,-2.390438247011939,-3.759398496240607,-9.999999999999998,2.502,2.7675,3.0136000000000003,4.132043901687118,4.242093981889331,35.115082899558445,-0.15315397125146957,-0.033251984555802735,-0.11990198669566683,964566.3
241289,RTBRISCOE,2024-12-09,2.3,2.3,368413,2026-04-08T04:22:07.745808+00:00,-6.122448979591855,0.0,1.5625,8.429118773946364,2.442,2.7325,2.9956,4.217996449627753,4.314480514613012,30.952687146766944,-0.16754073639373335,-0.038110999758453196,-0.12942973663528015,936553.2
241408,RTBRISCOE,2024-12-10,2.2,2.2,1725613,2026-04-08T04:22:10.112253+00:00,-4.347826086956507,-6.122448979591855,-3.8461538461538547,-4.59363957597173,2.382,2.6925,2.9816000000000003,4.262838614497604,4.1608642408961805,28.52512347845797,-0.18488033032121942,-0.04436047494875142,-0.140519855372468,995776.0
241527,RTBRISCOE,2024-12-11,2.42,2.42,1847666,2026-04-08T04:22:12.639548+00:00,9.999999999999986,-4.347826086956507,0.40000000000000036,4.444444444444429,2.364,2.6635,2.9707999999999997,4.969894499791947,4.403572062194963,39.72507871801489,-0.1788087263576119,-0.030631096788115125,-0.1481776295694968,1083750.8
241646,RTBRISCOE,2024-12-12,2.42,2.42,1162890,2026-04-08T04:22:15.033357+00:00,0.0,9.999999999999986,-2.390438247011939,-5.673758865248213,2.3579999999999997,2.6345,2.9551999999999996,4.969894499791947,4.233344438935026,39.725078718014906,-0.1720140654019926,-0.019069148665996655,-0.15294491673599594,1118016.9
241765,RTBRISCOE,2024-12-13,2.44,2.44,782645,2026-04-08T04:22:17.509919+00:00,0.8264462809917328,0.0,0.0,-3.759398496240607,2.3560000000000003,2.6065,2.9438,4.981645375565326,4.162529500709896,40.70470358161311,-0.16313489724129937,-0.008151984404242751,-0.15498291283705662,1150300.75
241884,RTBRISCOE,2024-12-16,2.5,2.5,1204839,2026-04-08T04:22:22.499781+00:00,2.4590163934426146,0.8264462809917328,-6.122448979591855,1.5625,2.396,2.5825000000000005,2.9297999999999997,5.038398189445174,4.0716395719644485,43.66287777739511,-0.14953287207561283,0.004360032609155018,-0.15389290468476785,1077291.55
242003,RTBRISCOE,2024-12-17,2.5,2.5,354389,2026-04-08T04:22:24.995572+00:00,0.0,2.4590163934426146,-4.347826086956507,-3.8461538461538547,2.4560000000000004,2.5585,2.9123999999999994,5.038398189445173,3.987674937699824,43.66287777739511,-0.13717193643781744,0.013376774597560315,-0.15054871103537776,1072805.0
242122,RTBRISCOE,2024-12-18,2.47,2.47,1541986,2026-04-08T04:22:27.498126+00:00,-1.19999999999999,0.0,9.999999999999986,0.40000000000000036,2.466,2.5420000000000003,2.8946000000000005,4.8850309231623585,3.988699625285749,42.43524195192226,-0.12831739214680615,0.01778505511085729,-0.14610244725766344,1102002.65
242241,RTBRISCOE,2024-12-19,2.47,2.47,277820,2026-04-08T04:22:29.868083+00:00,0.0,-1.19999999999999,0.0,-2.390438247011939,2.476,2.5204999999999997,2.8740000000000006,4.792300633332092,3.9315675110992134,42.435241951922265,-0.11991776465787352,0.020947746079831936,-0.14086551073770545,1100788.25
242360,RTBRISCOE,2024-12-20,2.47,2.47,48560,2026-04-08T04:22:32.392508+00:00,0.0,0.0,0.8264462809917328,0.0,2.482,2.5134999999999996,2.8514000000000004,4.262251073446481,3.9006540887938743,42.43524195192226,-0.11197027571745188,0.023116188016202854,-0.13508646373365474,882945.0
242479,RTBRISCOE,2024-12-23,2.68,2.68,2123081,2026-04-08T04:22:36.740311+00:00,8.502024291497978,0.0,2.4590163934426146,-6.122448979591855,2.518,2.506,2.8368,4.2700351325246215,4.052732114593499,53.79351322003772,-0.08771545930296254,0.03789680354455377,-0.1256122628475163,849535.9
242598,RTBRISCOE,2024-12-24,2.65,2.65,403481,2026-04-08T04:22:39.25804+00:00,-1.1194029850746356,8.502024291497978,0.0,-4.347826086956507,2.548,2.5035000000000003,2.823,4.150319715165363,4.0471122432071915,52.20867524183104,-0.07010595402889841,0.04440504705489433,-0.11451100108379274,796269.85
242717,RTBRISCOE,2024-12-27,2.5,2.5,1725427,2026-04-08T04:22:43.946119+00:00,-5.660377358490565,-1.1194029850746356,-1.19999999999999,9.999999999999986,2.5540000000000003,2.4875,2.8068,4.19392769952656,4.114976967883763,45.060351344983225,-0.06747621680245075,0.037627827425073604,-0.10510404422752435,864644.6
242835,RTBRISCOE,2024-12-31,2.5,2.5,1331255,2026-04-08T04:22:48.665239+00:00,0.0,-5.660377358490565,0.0,0.0,2.56,2.4795000000000003,2.7927999999999997,4.014932846051022,4.094858078834166,45.060351344983225,-0.06464692163298347,0.03236569807563272,-0.09701261970861619,892108.85
242953,RTBRISCOE,2025-01-02,2.75,2.75,1463171,2026-04-08T04:22:52.256438+00:00,10.000000000000009,0.0,0.0,0.8264462809917328,2.616,2.489,2.7858,4.5255787345274525,4.331176050786123,56.557590610489946,-0.04175050038473449,0.04420969545910536,-0.08596019584383985,914937.95
243071,RTBRISCOE,2025-01-03,3.0,3.0,3203894,2026-04-08T04:22:55.101113+00:00,9.090909090909083,10.000000000000009,8.502024291497978,2.4590163934426146,2.68,2.5090000000000003,2.7851999999999997,4.918721040026783,4.511954283017845,64.54746076273759,-0.0033928996872774064,0.06605383692524996,-0.06944673661252737,1022226.25
243189,RTBRISCOE,2025-01-06,3.0,3.0,3581984,2026-04-08T04:23:00.046313+00:00,0.0,9.090909090909083,-1.1194029850746356,0.0,2.75,2.5340000000000003,2.784,4.800046768370692,4.510045336276727,64.5474607627376,0.026698017094915816,0.07691580296595454,-0.050217785871038735,1199632.1
243307,RTBRISCOE,2025-01-07,2.7,2.7,2303920,2026-04-08T04:23:02.329348+00:00,-9.999999999999998,0.0,-5.660377358490565,-1.19999999999999,2.79,2.5435,2.7768,5.397152997490422,4.729120564952672,51.39282273870572,0.026037646857660413,0.061004346182959315,-0.0349666993252989,1296801.1
243425,RTBRISCOE,2025-01-08,2.6,2.6,1737766,2026-04-08T04:23:04.632968+00:00,-3.703703703703709,-9.999999999999998,0.0,0.0,2.81,2.551,2.7676,5.441996464824381,4.755797632538692,47.889324678615004,0.01724632947111937,0.041770423037134616,-0.02452409356601525,1362506.25
243543,RTBRISCOE,2025-01-09,2.34,2.34,1649736,2026-04-08T04:23:06.908261+00:00,-10.000000000000009,-3.703703703703709,10.000000000000009,0.0,2.728,2.5454999999999997,2.7534000000000005,5.922374265547136,4.953092999496623,40.21343665648288,-0.010578734914018284,0.011156286921597574,-0.021735021835615858,1441926.8
243661,RTBRISCOE,2025-01-10,2.57,2.57,3569882,2026-04-08T04:23:09.304805+00:00,9.829059829059839,-10.000000000000009,9.090909090909083,8.502024291497978,2.642,2.559,2.7448,6.133830786962755,5.156305719422174,48.133300288472924,-0.01391086530221397,0.006259325226721513,-0.020170190528935483,1602000.25
243779,RTBRISCOE,2025-01-13,2.32,2.32,8060694,2026-04-08T04:23:13.790041+00:00,-9.727626459143968,9.829059829059839,0.0,-1.1194029850746356,2.506,2.565,2.7302,6.476781234453672,5.322182567686755,41.67154415781718,-0.03630600033225706,-0.012908647842657259,-0.0233973524895998,1918754.3
243897,RTBRISCOE,2025-01-14,2.32,2.32,314039,2026-04-08T04:23:16.129929+00:00,0.0,-9.727626459143968,-9.999999999999998,-5.660377358490565,2.43,2.5599999999999996,2.7096,6.075496745555882,5.113536425965167,41.67154415781717,-0.05343830270243588,-0.024032760170268862,-0.02940554253216702,1842072.95
244015,RTBRISCOE,2025-01-15,2.51,2.51,5177199,2026-04-08T04:23:18.535433+00:00,8.18965517241379,0.0,-3.703703703703709,0.0,2.412,2.5645000000000002,2.6928,6.34787470244582,5.262271086979766,47.843163407593615,-0.05109536806137971,-0.017351860423370148,-0.03374350763800956,2042788.4
244133,RTBRISCOE,2025-01-16,2.35,2.35,605719,2026-04-08T04:23:20.834867+00:00,-6.374501992031856,8.18965517241379,-10.000000000000009,10.000000000000009,2.4139999999999997,2.5599999999999996,2.6728000000000005,6.5226889885480865,5.328198559572633,43.65429524315889,-0.06144098487466776,-0.022157981789326556,-0.0392830030853412,2033942.1
244251,RTBRISCOE,2025-01-17,2.35,2.35,1418212,2026-04-08T04:23:23.141674+00:00,0.0,-6.374501992031856,9.829059829059839,9.090909090909083,2.37,2.5524999999999998,2.6588,6.497306957515865,5.189194938308654,43.65429524315889,-0.06884634294918479,-0.02365067189107487,-0.04519567105810992,2044610.75
244369,RTBRISCOE,2025-01-20,2.4,2.4,1553709,2026-04-08T04:23:27.482452+00:00,2.127659574468077,0.0,-9.727626459143968,0.0,2.386,2.5475,2.6458,6.516570337715078,5.201154878038301,45.3872616574446,-0.06987508397110886,-0.019743530330399155,-0.05013155364070971,2104576.75
244487,RTBRISCOE,2025-01-21,2.5,2.5,672811,2026-04-08T04:23:29.752731+00:00,4.166666666666674,2.127659574468077,0.0,-9.999999999999998,2.4219999999999997,2.549,2.6354,6.574888416183889,5.23912682859671,48.78024338021984,-0.06190757241881473,-0.009420815022484014,-0.05248675739633071,2061118.0
244605,RTBRISCOE,2025-01-22,2.5,2.5,381886,2026-04-08T04:23:32.235559+00:00,0.0,4.166666666666674,8.18965517241379,-3.703703703703709,2.42,2.5505,2.6244,6.574888416183889,5.236225974900774,48.78024338021984,-0.05495972066224475,-0.001978370612731227,-0.05298135004951352,2066321.3
244723,RTBRISCOE,2025-01-23,2.5,2.5,242527,2026-04-08T04:23:34.519549+00:00,0.0,0.0,-6.374501992031856,-10.000000000000009,2.45,2.552,2.6116,6.574888416183889,5.2158573152953265,48.78024338021983,-0.04888992546080351,0.0032731396709680116,-0.05216306513177152,2076019.65
244841,RTBRISCOE,2025-01-24,2.52,2.52,700452,2026-04-08T04:23:37.097992+00:00,0.8000000000000007,0.0,0.0,9.829059829059839,2.484,2.544,2.602,6.286331353740477,5.18365684714536,49.56298954733144,-0.041981796166673746,0.008145015172078218,-0.050126811338751964,2004888.2
244959,RTBRISCOE,2025-01-27,2.77,2.77,2734361,2026-04-08T04:23:41.817807+00:00,9.92063492063493,0.8000000000000007,2.127659574468077,-9.727626459143968,2.558,2.55,2.5974,6.6670535285042645,5.378323415167464,58.16858113473012,-0.016147999185043282,0.02718304972296695,-0.04333104890801023,2121432.2
245077,RTBRISCOE,2025-01-28,2.76,2.76,1611347,2026-04-08T04:23:44.43679+00:00,-0.3610108303249149,9.92063492063493,4.166666666666674,0.0,2.6100000000000003,2.563,2.5926,6.515731385723289,5.378540893493907,57.7441724806968,0.0034784571303085876,0.037447604830655054,-0.033969147700346466,2115728.2
245195,RTBRISCOE,2025-01-30,2.85,2.85,1305954,2026-04-08T04:23:47.90788+00:00,3.260869565217406,-0.3610108303249149,0.0,8.18965517241379,2.68,2.5805,2.5896,6.538109027427249,5.3985870348831755,60.5350123854546,0.025995157011221792,0.04797144376925461,-0.021976286758032815,2114463.15
245313,RTBRISCOE,2025-01-31,2.85,2.85,1305954,2026-04-08T04:23:50.425841+00:00,0.0,3.260869565217406,0.0,-6.374501992031856,2.75,2.5855,2.5866,6.174689999762414,5.3985870348831755,60.5350123854546,0.043340204986168196,0.05225319339536081,-0.008912988409192612,2106602.3
245431,RTBRISCOE,2025-02-03,2.7,2.7,343808,2026-04-08T04:23:55.090801+00:00,-5.263157894736836,0.0,0.8000000000000007,0.0,2.786,2.5705,2.5810000000000004,5.93617376335255,5.449756893502104,53.681809684815036,0.044469912602024486,0.04270632080897368,0.0017635917930508074,1963598.0
245549,RTBRISCOE,2025-02-04,2.7,2.7,245031,2026-04-08T04:23:57.584141+00:00,0.0,-5.263157894736836,9.92063492063493,2.127659574468077,2.7720000000000002,2.5555,2.5754,5.93617376335255,5.449756893502104,53.681809684815036,0.04484823153066353,0.03446771179009018,0.010380519740573352,1796750.35
245667,RTBRISCOE,2025-02-05,2.7,2.7,431482,2026-04-08T04:24:00.484627+00:00,0.0,0.0,-0.3610108303249149,4.166666666666674,2.7600000000000002,2.5555,2.5734000000000004,5.48519766556977,5.38081835116088,53.681809684815036,0.04463354429206845,0.027402419641196076,0.017231124650872374,1703128.45
245785,RTBRISCOE,2025-02-06,2.7,2.7,1099052,2026-04-08T04:24:04.153698+00:00,0.0,0.0,3.260869565217406,0.0,2.73,2.5605,2.5694,5.410497790404709,5.357024559687628,53.681809684815036,0.04395669766021104,0.02138045840747093,0.02257623925274011,1671192.75
245903,RTBRISCOE,2025-02-07,2.7,2.7,613848,2026-04-08T04:24:07.822728+00:00,0.0,0.0,0.0,0.0,2.7,2.5785,2.5712,4.837506925915277,5.159183748618634,53.68180968481503,0.04292547368755706,0.016279387547853554,0.026646086139703505,1619398.35
246021,RTBRISCOE,2025-02-10,2.44,2.44,1772022,2026-04-08T04:24:13.163899+00:00,-9.629629629629633,0.0,-5.263157894736836,0.8000000000000007,2.6480000000000006,2.572,2.5634,4.888520129966219,5.203070939115672,41.80029531578256,0.020887614749579342,-0.004606777112099333,0.025494391861678675,1529505.35
246139,RTBRISCOE,2025-02-11,2.45,2.45,450271,2026-04-08T04:24:15.629092+00:00,0.4098360655737876,-9.629629629629633,0.0,9.92063492063493,2.598,2.5785,2.5584000000000002,4.3370373561704385,5.164104788690891,42.32900037246621,0.004181171254017624,-0.017050576486128843,0.021231747740146467,1148984.2
246257,RTBRISCOE,2025-02-12,2.6,2.6,767622,2026-04-08T04:24:18.226035+00:00,6.1224489795918435,0.4098360655737876,0.0,-0.3610108303249149,2.5780000000000003,2.5925000000000002,2.5540000000000003,4.522232669173638,5.199332787619767,49.70903789151331,0.003010240637791206,-0.014577205681884212,0.017587446319675418,1171663.35
246375,RTBRISCOE,2025-02-13,2.65,2.65,796005,2026-04-08T04:24:20.725749+00:00,1.9230769230769162,6.1224489795918435,0.0,3.260869565217406,2.568,2.5995,2.5538,4.177656949682117,5.141729688634677,51.91779954485602,0.006047144107838687,-0.009232241769469386,0.015279385877308073,952603.65
246493,RTBRISCOE,2025-02-14,2.67,2.67,2490157,2026-04-08T04:24:23.300806+00:00,0.7547169811320753,1.9230769230769162,0.0,0.0,2.5620000000000003,2.6155,2.556,3.8657317726443745,5.111735283005313,52.81058716198886,0.009953012705650188,-0.004261098537326308,0.014214111242976496,1046825.55
246611,RTBRISCOE,2025-02-17,2.5,2.5,934709,2026-04-08T04:24:27.726986+00:00,-6.367041198501866,0.7547169811320753,-9.629629629629633,-5.263157894736836,2.574,2.623,2.5540000000000003,4.177052961860319,5.191366818460889,45.13848449079613,-0.0006615120419981579,-0.011900498627979724,0.011238986585981567,1022650.4
246729,RTBRISCOE,2025-02-18,2.46,2.46,714844,2026-04-08T04:24:30.295737+00:00,-1.6000000000000014,-6.367041198501866,0.4098360655737876,0.0,2.576,2.6260000000000003,2.5532,4.1787544122016635,5.166593076291019,43.53584392687095,-0.012161079726999091,-0.018720053050384523,0.006558973323385434,980707.15
246847,RTBRISCOE,2025-02-19,2.63,2.63,270242,2026-04-08T04:24:32.765887+00:00,6.910569105691056,-1.6000000000000014,6.1224489795918435,0.0,2.582,2.6325000000000003,2.5556,4.356851346451788,5.255625812368377,51.42882998577254,-0.0074708711642275105,-0.011223875590090356,0.003753004425862845,960578.7
246965,RTBRISCOE,2025-02-20,2.69,2.69,1280260,2026-04-08T04:24:35.351909+00:00,2.281368821292773,6.910569105691056,1.9230769230769162,0.0,2.59,2.6420000000000003,2.5604,4.377186369000727,5.2496397978224465,53.879310738687735,0.0010752565834053485,-0.0021421982739659976,0.003217454857371346,1005497.4
247083,RTBRISCOE,2025-02-21,2.69,2.69,35505,2026-04-08T04:24:37.680479+00:00,0.0,2.281368821292773,0.7547169811320753,0.0,2.5940000000000003,2.6515,2.5652,4.377186369000727,5.2496397978224465,53.879310738687735,0.007758687079887583,0.003632985778012989,0.004125701301874594,995146.3
247201,RTBRISCOE,2025-02-25,2.47,2.47,707308,2026-04-08T04:24:43.419296+00:00,-8.17843866171003,0.0,-6.367041198501866,-9.629629629629633,2.588,2.649,2.5686,4.781974642966413,5.308866341607355,44.361812418226236,-0.0046432826118132375,-0.007015187130950265,0.002371904519137028,995489.1
247319,RTBRISCOE,2025-02-26,2.47,2.47,312414,2026-04-08T04:24:45.860894+00:00,0.0,-8.17843866171003,-1.6000000000000014,0.4098360655737876,2.59,2.6340000000000003,2.574,4.175877985485969,5.266945901397382,44.361812418226236,-0.01430701063110229,-0.013343132120191455,-0.000963878510910836,874391.75
247437,RTBRISCOE,2025-02-27,2.55,2.55,816763,2026-04-08T04:24:48.27846+00:00,3.2388663967611198,0.0,6.910569105691056,6.1224489795918435,2.5740000000000003,2.6235,2.5766000000000004,4.258354849491029,5.098708805184009,48.21930686939965,-0.015333498274349822,-0.011495695810751189,-0.0038378024635986334,834662.55
247555,RTBRISCOE,2025-02-28,2.55,2.55,462093,2026-04-08T04:24:50.63724+00:00,0.0,3.2388663967611198,2.281368821292773,1.9230769230769162,2.546,2.6085000000000003,2.5792,4.176199249569719,5.098708805184009,48.21930686939966,-0.0159629857637964,-0.009700146640158213,-0.0062628391236381874,792469.5
247673,RTBRISCOE,2025-03-03,2.55,2.55,504426,2026-04-08T04:24:55.222854+00:00,0.0,0.0,0.0,0.7547169811320753,2.518,2.5935,2.5814,4.176199249569719,5.098083866493309,48.21930686939965,-0.016274259600100205,-0.008009136381169613,-0.008265123218930592,752393.1
247791,RTBRISCOE,2025-03-04,2.4,2.4,894193,2026-04-08T04:24:57.762887+00:00,-5.882352941176472,0.0,-8.17843866171003,-6.367041198501866,2.504,2.5785,2.5794,4.215712194780856,5.159300189337102,41.48385462188039,-0.028298485430821252,-0.016026689769512527,-0.012271795661308725,779912.35
247910,RTBRISCOE,2025-03-05,2.4,2.4,62746,2026-04-08T04:25:00.108696+00:00,0.0,-5.882352941176472,0.0,-1.6000000000000014,2.4899999999999998,2.5635,2.5774,4.215712194780856,5.159300189337102,41.48385462188039,-0.037396685321775536,-0.02009991172837345,-0.017296773593402086,770798.1
248029,RTBRISCOE,2025-03-06,2.4,2.4,531855,2026-04-08T04:25:02.52336+00:00,0.0,0.0,3.2388663967611198,6.910569105691056,2.46,2.5484999999999998,2.576,4.215712194780856,5.156160591144652,41.48385462188039,-0.04409873155746036,-0.02144156637124662,-0.02265716518621374,775816.75
248148,RTBRISCOE,2025-03-07,2.6,2.6,655995,2026-04-08T04:25:04.19753+00:00,8.333333333333348,0.0,0.0,2.281368821292773,2.4699999999999998,2.5435,2.5786000000000002,4.656584067610345,5.286773624903366,52.52684471950729,-0.03289265688106058,-0.008188393355877472,-0.024704263525183106,753663.9
248267,RTBRISCOE,2025-03-10,2.6,2.6,411220,2026-04-08T04:25:07.959889+00:00,0.0,8.333333333333348,0.0,0.0,2.4799999999999995,2.5385,2.5812,4.656584067610345,5.286773624903366,52.52684471950728,-0.023738123651618537,0.0007729118988516574,-0.024511035550470194,743532.5
248386,RTBRISCOE,2025-03-11,2.52,2.52,2900371,2026-04-08T04:25:10.446731+00:00,-3.076923076923077,0.0,-5.882352941176472,-8.17843866171003,2.5040000000000004,2.5424999999999995,2.5780000000000003,4.1529032371744,5.169782129342359,48.298467884001454,-0.022677015011438595,0.0014672164312252815,-0.024144231442663876,799949.95
248505,RTBRISCOE,2025-03-12,2.4,2.4,181871,2026-04-08T04:25:12.888859+00:00,-4.761904761904767,-3.076923076923077,0.0,0.0,2.504,2.54,2.573,4.300393407562712,5.211493523593882,42.74059196599393,-0.031159884139372096,-0.005612522157366576,-0.02554736198200552,786529.95
248624,RTBRISCOE,2025-03-13,2.4,2.4,230508,2026-04-08T04:25:15.353849+00:00,0.0,-4.761904761904767,0.0,3.2388663967611198,2.504,2.5300000000000002,2.571,4.051189660910559,5.148555462453686,42.74059196599393,-0.037450908280751705,-0.009522837038996947,-0.027928071241754757,759674.25
248743,RTBRISCOE,2025-03-14,2.5,2.5,4052843,2026-04-08T04:25:17.75152+00:00,4.166666666666674,0.0,8.333333333333348,0.0,2.484,2.5225,2.571,4.146547472191074,5.181367461252283,48.47135362996363,-0.03397577439401811,-0.0048381625218106815,-0.02913761187220743,922516.15
248862,RTBRISCOE,2025-03-17,2.48,2.48,3278510,2026-04-08T04:25:23.327657+00:00,-0.8000000000000007,4.166666666666674,0.0,0.0,2.46,2.513,2.5656,4.142099385354041,4.982910160958356,47.44852497068195,-0.03246134443268511,-0.002658986048382144,-0.02980235838430297,961933.8
248981,RTBRISCOE,2025-03-18,2.5,2.5,546332,2026-04-08T04:25:25.763099+00:00,0.8064516129032251,-0.8000000000000007,-3.076923076923077,-5.882352941176472,2.456,2.513,2.5556,3.8908500767487024,4.806206888349075,48.616217480340985,-0.02930945378568417,0.0003943236788950394,-0.02970377746457921,942514.95
249100,RTBRISCOE,2025-03-19,2.52,2.52,696472,2026-04-08T04:25:28.144043+00:00,0.8000000000000007,0.8064516129032251,-4.761904761904767,0.0,2.4799999999999995,2.516,2.5460000000000003,3.8735441361285945,4.808386188529922,49.81705543998318,-0.02491057132680119,0.003834564910222417,-0.028745136237023607,941596.35
249219,RTBRISCOE,2025-03-20,2.5,2.5,2844928,2026-04-08T04:25:31.01834+00:00,-0.7936507936507908,0.8000000000000007,0.0,0.0,2.5,2.5095,2.5420000000000003,3.5388468599554854,4.5984599994901405,48.59405624150959,-0.022775713886630022,0.0047755378803148694,-0.027551251766944892,1070330.65
249338,RTBRISCOE,2025-03-21,2.51,2.51,399912,2026-04-08T04:25:33.389958+00:00,0.40000000000000036,-0.7936507936507908,4.166666666666674,8.333333333333348,2.502,2.5004999999999997,2.5402,3.4943280115146877,4.568433001454596,49.264732237631655,-0.020045831688357385,0.006004336062870007,-0.026050167751227392,1026313.25
249457,RTBRISCOE,2025-03-24,2.45,2.45,1155949,2026-04-08T04:25:38.388993+00:00,-2.390438247011939,0.40000000000000036,-0.8000000000000007,0.0,2.496,2.4885,2.5424,3.5247299976248647,4.348867302023767,45.43453248766354,-0.022464917354231062,0.0028682003175970645,-0.025333117671828127,1082335.45
249576,RTBRISCOE,2025-03-25,2.45,2.45,241763,2026-04-08T04:25:40.7685+00:00,0.0,-2.390438247011939,0.8064516129032251,-3.076923076923077,2.4859999999999998,2.4875,2.54,3.012914661612805,4.120154552308376,45.43453248766353,-0.024104201937417358,0.0009831325875286172,-0.025087334524945975,1059058.2
249695,RTBRISCOE,2025-03-26,2.6,2.6,516950,2026-04-08T04:25:43.344812+00:00,6.1224489795918435,0.0,0.8000000000000007,-4.761904761904767,2.5020000000000002,2.4939999999999998,2.5456,3.3091665633668685,3.964170337234506,55.472069948313774,-0.013148037984786587,0.009551437232127515,-0.0226994752169141,1069285.0
249814,RTBRISCOE,2025-03-27,2.6,2.6,132839,2026-04-08T04:25:45.817232+00:00,0.0,6.1224489795918435,-0.7936507936507908,0.0,2.5220000000000002,2.4965,2.5512,3.236650849624107,3.964170337234506,55.47206994831378,-0.004414313657400193,0.014628129247611126,-0.01904244290501132,1035088.8
249933,RTBRISCOE,2025-03-28,2.4,2.4,2429359,2026-04-08T04:25:48.177352+00:00,-7.692307692307699,0.0,0.40000000000000036,4.166666666666674,2.5,2.489,2.549,3.68142013662145,3.9557915077389403,43.18715845351214,-0.01347576253300975,0.004453344297601258,-0.017929106830611007,1133452.1
250052,RTBRISCOE,2025-04-02,2.24,2.24,776554,2026-04-08T04:25:54.663823+00:00,-6.666666666666654,-7.692307692307699,-2.390438247011939,-0.8000000000000007,2.4579999999999997,2.4735,2.5468,3.950665063927122,3.9655845619346644,36.26742919902859,-0.03318515111039089,-0.012204835423823904,-0.020980315686566983,1147058.5
250171,RTBRISCOE,2025-04-03,2.4,2.4,2675286,2026-04-08T04:25:57.014747+00:00,7.14285714285714,-6.666666666666654,0.0,0.8064516129032251,2.448,2.4735,2.5478,4.099920646933994,4.0928744560762125,45.64625792183889,-0.03548526864411761,-0.011603962366040499,-0.023881306278077108,1236113.15
250290,RTBRISCOE,2025-04-04,2.4,2.4,391885,2026-04-08T04:25:59.489503+00:00,0.0,7.14285714285714,6.1224489795918435,0.8000000000000007,2.4080000000000004,2.4735,2.5478,4.099920646933994,4.082670577811271,45.64625792183889,-0.03688296450508144,-0.010401326581603466,-0.026481637923477973,1252570.1
250409,RTBRISCOE,2025-04-07,2.16,2.16,895575,2026-04-08T04:26:04.211964+00:00,-9.999999999999986,0.0,0.0,-0.7936507936507908,2.32,2.4615,2.541,4.67899845001068,4.280207297177309,36.342428520225916,-0.05670300582629206,-0.02417709432225127,-0.03252591150404079,1270756.1
250528,RTBRISCOE,2025-04-08,1.95,1.95,758473,2026-04-08T04:26:06.766331+00:00,-9.722222222222232,-9.999999999999986,-7.692307692307699,0.40000000000000036,2.2299999999999995,2.429,2.53,4.642818712310187,4.486723851084556,30.486940032872248,-0.08833747688050231,-0.044649252301169215,-0.04368822457933309,1275880.0
250647,RTBRISCOE,2025-04-10,2.12,2.12,4587997,2026-04-08T04:26:10.263658+00:00,8.717948717948731,-9.722222222222232,-6.666666666666654,-2.390438247011939,2.2060000000000004,2.4050000000000002,2.5224,5.154633565353881,4.668146767664337,39.04841342605878,-0.09855437042006265,-0.043892916672583646,-0.05466145374747901,1484718.85
250766,RTBRISCOE,2025-04-11,2.12,2.12,429475,2026-04-08T04:26:12.610372+00:00,0.0,8.717948717948731,7.14285714285714,0.0,2.15,2.385,2.5144,5.131711069151442,4.665944708607537,39.04841342605879,-0.1054359323622247,-0.040619582891796555,-0.06481634947042815,1361174.05
250885,RTBRISCOE,2025-04-14,2.0,2.0,746288,2026-04-08T04:26:17.137975+00:00,-5.660377358490576,0.0,0.0,6.1224489795918435,2.0700000000000003,2.3649999999999998,2.499,5.1726016611229895,4.490685001141714,35.471837250044814,-0.11919856998229772,-0.043505776409495656,-0.07569279357280206,1389394.9
251004,RTBRISCOE,2025-04-15,1.91,1.91,1378663,2026-04-08T04:26:19.634971+00:00,-4.5000000000000036,-5.660377358490576,-9.999999999999986,0.0,2.02,2.3405,2.4819999999999998,5.234459055705163,4.525163209792571,33.02841897152403,-0.13580236219195863,-0.04808765489532524,-0.08771470729663339,1446802.65
251123,RTBRISCOE,2025-04-16,1.92,1.92,585256,2026-04-08T04:26:22.321337+00:00,0.5235602094240788,-4.5000000000000036,-9.722222222222232,-7.692307692307699,2.0140000000000002,2.3114999999999997,2.4634,5.106907641471086,4.493554852609313,33.575916146138404,-0.14646570523722602,-0.0470007983524741,-0.09946490688475192,1273423.3
251242,RTBRISCOE,2025-04-17,1.9,1.9,1657033,2026-04-08T04:26:24.819431+00:00,-1.041666666666663,0.5235602094240788,8.717948717948731,-6.666666666666654,1.97,2.2825,2.4444,5.106233070523655,4.492721180762521,32.99494650555363,-0.1547464930335214,-0.04422526891901557,-0.11052122411450582,1192349.45
251361,RTBRISCOE,2025-04-22,1.93,1.93,1343670,2026-04-08T04:26:31.401152+00:00,1.5789473684210575,-1.041666666666663,0.0,7.14285714285714,1.932,2.2540000000000004,2.429,5.125077773692967,4.455172463297804,34.81689686862345,-0.157077634548755,-0.03724512834739935,-0.11983250620135566,1232216.35
251480,RTBRISCOE,2025-04-23,1.93,1.93,107443,2026-04-08T04:26:33.741411+00:00,0.0,1.5789473684210575,-5.660377358490576,0.0,1.918,2.2245,2.4136,5.11208833711733,4.455172463297804,34.816896868623445,-0.15711396896041974,-0.029825170207251256,-0.12728879875316848,1202764.9
251600,RTBRISCOE,2025-04-24,2.0,2.0,1184555,2026-04-08T04:26:36.383131+00:00,3.62694300518136,0.0,-4.5000000000000036,-9.999999999999986,1.936,2.1995,2.3996,5.2248622465093035,4.494010269093465,39.28450118724744,-0.1497679179272744,-0.01798329533928472,-0.13178462258798967,1119746.25
251720,RTBRISCOE,2025-04-25,2.0,2.0,1200315,2026-04-08T04:26:38.677219+00:00,0.0,3.62694300518136,0.5235602094240788,-9.722222222222232,1.952,2.1740000000000004,2.3856,5.2200730256425025,4.494010269093465,39.284501187247436,-0.14230570793917208,-0.0084168682809459,-0.13388883965822618,1159766.4
251840,RTBRISCOE,2025-04-28,2.0,2.0,870644,2026-04-08T04:26:43.113614+00:00,0.0,0.0,-1.041666666666663,8.717948717948731,1.972,2.1515,2.3716,5.2138768692071045,4.494010269093465,39.28450118724744,-0.13483752965289053,-0.0007589519957314772,-0.13407857765715905,1145501.15
251960,RTBRISCOE,2025-04-29,2.0,2.0,852475,2026-04-08T04:26:45.609073+00:00,0.0,0.0,1.5789473684210575,0.0,1.986,2.1290000000000004,2.3628,5.2138768692071045,4.29669643962518,39.284501187247436,-0.12744978279437458,0.005303035890227598,-0.13275281868460218,1176036.75
252080,RTBRISCOE,2025-04-30,2.0,2.0,619173,2026-04-08T04:26:48.242472+00:00,0.0,0.0,0.0,-5.660377358490576,2.0,2.099,2.3538,4.9544751542873,4.295694799910322,39.28450118724744,-0.12020924285913459,0.010034860660374068,-0.13024410351950866,1181147.9
252200,RTBRISCOE,2025-05-02,1.9,1.9,1508442,2026-04-08T04:26:51.690529+00:00,-5.000000000000004,0.0,3.62694300518136,-4.5000000000000036,1.98,2.064,2.3398000000000003,5.017302509439302,4.243267064248121,34.40488997598663,-0.12114375723626436,0.00728027702659545,-0.1284240342628598,1249928.05
252320,RTBRISCOE,2025-05-05,1.9,1.9,276454,2026-04-08T04:26:56.275381+00:00,0.0,-5.000000000000004,0.0,0.5235602094240788,1.9600000000000002,2.039,2.3247999999999998,4.8026007960455095,4.229213865581007,34.404889975986634,-0.12049537098203489,0.0063429306246599315,-0.12683830160669482,1142282.8
252440,RTBRISCOE,2025-05-06,1.96,1.96,530181,2026-04-08T04:26:58.7221+00:00,3.157894736842115,0.0,0.0,-1.041666666666663,1.952,2.025,2.3106,4.699207725233618,4.2581856537717435,39.623474383460255,-0.113827884646305,0.010408333568311862,-0.12423621821461686,1129964.15
252560,RTBRISCOE,2025-05-07,2.0,2.0,348683,2026-04-08T04:27:01.170235+00:00,2.0408163265306145,3.157894736842115,0.0,1.5789473684210575,1.952,2.005,2.3006,4.387238636509647,4.188275276383891,42.885739340803845,-0.10411600350410888,0.016096171768406387,-0.12021217527251526,1013634.0
252680,RTBRISCOE,2025-05-08,1.97,1.97,1270058,2026-04-08T04:27:03.468055+00:00,-1.5000000000000013,2.0408163265306145,0.0,0.0,1.9460000000000002,1.9835,2.2908,4.385413446496433,4.1876941023654215,41.09241546586448,-0.0977136350479253,0.017998832179671992,-0.11571246722759729,1057542.65
252800,RTBRISCOE,2025-05-09,2.09,2.09,2557353,2026-04-08T04:27:05.963213+00:00,6.091370558375631,-1.5000000000000013,-5.000000000000004,3.62694300518136,1.984,1.9799999999999998,2.28,4.092167391303224,4.160194885519533,50.08389557818049,-0.08201133913441438,0.026960902474546328,-0.10897224160896071,1140631.55
252920,RTBRISCOE,2025-05-12,2.09,2.09,272370,2026-04-08T04:27:10.449459+00:00,0.0,6.091370558375631,0.0,0.0,2.022,1.987,2.268,3.40713716994833,4.1429663976298015,50.083895578180496,-0.06877436838583018,0.03215829857850443,-0.1009326669643346,1116326.4
253040,RTBRISCOE,2025-05-14,2.04,2.04,3283872,2026-04-08T04:27:13.89162+00:00,-2.392344497607646,0.0,3.157894736842115,0.0,2.0380000000000003,1.9829999999999999,2.255,2.838081707462211,4.1518409998582415,46.64349374126068,-0.06160837286046261,0.03145943528309761,-0.09306780814356022,1051120.15
253160,RTBRISCOE,2025-05-15,2.1,2.1,1260752,2026-04-08T04:27:16.307455+00:00,2.941176470588247,-2.392344497607646,2.0408163265306145,0.0,2.0580000000000003,1.982,2.2476,2.921443500190281,4.026216641527003,50.99387539577085,-0.05050557439630898,0.03404978699780099,-0.08455536139410998,1092684.0
253280,RTBRISCOE,2025-05-16,2.1,2.1,556731,2026-04-08T04:27:18.639316+00:00,0.0,2.941176470588247,-1.5000000000000013,0.0,2.084,1.987,2.2401999999999997,2.6015745513346578,4.026216641527003,50.99387539577086,-0.04123123856945021,0.034659298259727814,-0.07589053682917803,1083206.15
253400,RTBRISCOE,2025-05-19,1.9,1.9,145900,2026-04-08T04:27:23.06518+00:00,-9.523809523809534,0.0,6.091370558375631,-5.000000000000004,2.0460000000000003,1.9865,2.2272,3.2489928405038624,4.201655874133462,38.77267530690031,-0.04944956533109135,0.02115277719846935,-0.0706023425295607,1021568.0
253520,RTBRISCOE,2025-05-20,1.9,1.9,145900,2026-04-08T04:27:25.663956+00:00,0.0,-9.523809523809534,0.0,0.0,2.008,1.9855,2.2142,3.246874150477321,4.201655874133462,38.77267530690031,-0.055324897519487326,0.012221956008058699,-0.06754685352754602,999600.2
253640,RTBRISCOE,2025-05-21,2.09,2.09,1206790,2026-04-08T04:27:28.280255+00:00,9.999999999999986,0.0,-2.392344497607646,3.157894736842115,2.018,1.9949999999999999,2.2049999999999996,3.9279261920054305,4.4561889818939076,51.562638302775994,-0.04414089968966106,0.018724763070307973,-0.06286566275996903,977088.05
253760,RTBRISCOE,2025-05-22,2.29,2.29,4720571,2026-04-08T04:27:30.733393+00:00,9.569377990430628,9.999999999999986,2.941176470588247,2.0408163265306145,2.056,2.013,2.2028,4.414240122560226,4.594721800042998,60.83660298792736,-0.018921062077236872,0.03515568054618573,-0.0540767426234226,1145933.1
253880,RTBRISCOE,2025-05-23,2.28,2.28,2051608,2026-04-08T04:27:33.142895+00:00,-0.4366812227074357,9.569377990430628,0.0,-1.5000000000000013,2.0919999999999996,2.0305,2.2004,4.420265236938713,4.5951560984463145,60.21580522403705,0.00025597379662567477,0.04346617313603862,-0.04321019933941295,1243141.35
254000,RTBRISCOE,2025-05-26,2.35,2.35,885435,2026-04-08T04:27:37.938794+00:00,3.070175438596512,-0.4366812227074357,-9.523809523809534,6.091370558375631,2.182,2.0479999999999996,2.1994,4.404101522448566,4.615606864935091,63.05760186141014,0.020861845506385368,0.05125763587663865,-0.030395790370253285,1228185.35
254120,RTBRISCOE,2025-05-27,2.46,2.46,744916,2026-04-08T04:27:40.395447+00:00,4.680851063829783,3.070175438596512,0.0,0.0,2.2939999999999996,2.0709999999999997,2.1966,4.477469892847574,4.509726569612488,67.04167157550215,0.04554323393418702,0.060751219443552246,-0.015207985509365226,1205415.4
254240,RTBRISCOE,2025-05-28,2.65,2.65,1313767,2026-04-08T04:27:42.906627+00:00,7.72357723577235,4.680851063829783,9.999999999999986,-2.392344497607646,2.4059999999999997,2.1034999999999995,2.1976,4.701882851435527,4.640473544455232,72.54862650975856,0.07951818801369859,0.07578093881845105,0.0037372491952475367,1227571.55
254360,RTBRISCOE,2025-05-29,2.66,2.66,1157964,2026-04-08T04:27:45.903166+00:00,0.37735849056603765,7.72357723577235,9.569377990430628,2.941176470588247,2.4799999999999995,2.1365,2.2004,4.696211288260254,4.61719705699524,72.80616837222466,0.10602827240062451,0.08183281856430158,0.024195453836322933,1242846.0
254480,RTBRISCOE,2025-05-30,2.4,2.4,3102513,2026-04-08T04:27:48.4452+00:00,-9.774436090225569,0.37735849056603765,-0.4366812227074357,0.0,2.504,2.1565,2.2004,5.3306524791857415,4.77900359141167,57.65962319033492,0.10484924139436291,0.06452303004643198,0.040326211347930935,1367013.0
254600,RTBRISCOE,2025-06-02,2.4,2.4,174413,2026-04-08T04:27:53.01382+00:00,0.0,-9.774436090225569,3.070175438596512,-9.523809523809534,2.5140000000000002,2.1814999999999998,2.2004,5.145967239317967,4.77900359141167,57.65962319033492,0.10273063600319654,0.049923539724212485,0.052807096278984056,1300311.55
254720,RTBRISCOE,2025-06-03,2.4,2.4,173560,2026-04-08T04:27:55.368454+00:00,0.0,0.0,4.680851063829783,0.0,2.502,2.2064999999999997,2.1984,5.145967239317967,4.743066248650057,57.65962319033492,0.09990004048586432,0.0376743553655042,0.062225685120360114,1295166.85
254840,RTBRISCOE,2025-06-04,2.29,2.29,1640688,2026-04-08T04:27:57.94541+00:00,-4.583333333333329,0.0,7.72357723577235,9.999999999999986,2.43,2.223,2.1946,5.288138223676262,4.786548774646518,51.948852106164544,0.08776894667045143,0.02043460924007305,0.06733433743037838,1350692.2
254960,RTBRISCOE,2025-06-05,2.5,2.5,742663,2026-04-08T04:28:00.320696+00:00,9.170305676855882,-4.583333333333329,0.37735849056603765,9.569377990430628,2.398,2.248,2.1946,5.599230100958686,4.95995805633877,60.078023489401886,0.09401644927466712,0.021345689475430987,0.07267075979923614,1370391.2
255080,RTBRISCOE,2025-06-10,2.25,2.25,1602749,2026-04-08T04:28:07.114795+00:00,-9.999999999999998,9.170305676855882,-9.774436090225569,-0.4366812227074357,2.368,2.262,2.1892,6.119060930554306,5.1608853214432,49.36996510945283,0.07789678380190601,0.004180819202135894,0.07371596459977012,1387025.75
255200,RTBRISCOE,2025-06-11,2.25,2.25,284206,2026-04-08T04:28:09.38594+00:00,0.0,-9.999999999999998,0.0,3.070175438596512,2.338,2.2700000000000005,2.1841999999999997,5.994549652002701,5.159912589309295,49.36996510945283,0.0643797036303475,-0.007469008775538091,0.0718487124058856,1273368.4
255320,RTBRISCOE,2025-06-17,2.24,2.24,1391070,2026-04-08T04:28:17.228975+00:00,-0.4444444444444362,0.0,0.0,4.680851063829783,2.306,2.2775,2.1788,5.997484239467074,5.159694837985426,48.96509931013736,0.05225800601866659,-0.015672565109775216,0.06793057112844181,1329303.4
255440,RTBRISCOE,2025-06-18,2.42,2.42,1773694,2026-04-08T04:28:19.70912+00:00,8.03571428571428,-0.4444444444444362,-4.583333333333329,7.72357723577235,2.332,2.2965,2.1782,6.181537431329549,5.274473486785983,55.96516107372819,0.05652439101215112,-0.00912494409303255,0.06564933510518367,1253794.5
255560,RTBRISCOE,2025-06-19,2.42,2.42,402493,2026-04-08T04:28:22.276816+00:00,0.0,8.03571428571428,9.170305676855882,0.37735849056603765,2.316,2.3125,2.1776,6.168907660130026,5.274473486785983,55.96516107372818,0.05922284773340358,-0.00514118989742407,0.06436403763082765,1210881.55
255680,RTBRISCOE,2025-06-20,2.4,2.4,5942250,2026-04-08T04:28:24.65394+00:00,-0.8264462809917328,0.0,-9.999999999999998,-9.774436090225569,2.346,2.3274999999999997,2.1736,6.177967189358781,5.203966464352567,54.993152552760606,0.05906667738414706,-0.004237888197344483,0.06330456558149154,1480157.5
255800,RTBRISCOE,2025-06-23,2.45,2.45,383979,2026-04-08T04:28:29.225711+00:00,2.083333333333348,-0.8264462809917328,0.0,0.0,2.386,2.355,2.1706,5.67683585889646,5.212514784342013,57.00367242062607,0.062259801157416916,-0.0008358115392596982,0.06309561269667661,1492061.45
255920,RTBRISCOE,2025-06-24,2.45,2.45,213089,2026-04-08T04:28:31.569579+00:00,0.0,2.083333333333348,-0.4444444444444362,0.0,2.428,2.3825,2.1715999999999998,5.67683585889646,5.092519591377691,57.00367242062606,0.06405202290391099,0.0007651281657874986,0.06328689473812349,1495420.9
256040,RTBRISCOE,2025-06-25,2.3,2.3,1748398,2026-04-08T04:28:33.910697+00:00,-6.122448979591855,0.0,8.03571428571428,-4.583333333333329,2.404,2.393,2.1727999999999996,5.5392089417379555,5.078172354773563,49.33568243270125,0.05276043569214517,-0.008421167236782656,0.061181602928927825,1522501.3
256160,RTBRISCOE,2025-06-26,2.4,2.4,1561096,2026-04-08T04:28:36.389223+00:00,4.347826086956519,-6.122448979591855,0.0,9.170305676855882,2.4,2.3985,2.1728,5.208697905448312,5.0149521055346575,53.79774165356701,0.05128970000552391,-0.007913522338723139,0.05920322234424705,1364527.55
256280,RTBRISCOE,2025-06-27,2.42,2.42,536081,2026-04-08T04:28:38.797599+00:00,0.8333333333333304,4.347826086956519,-0.8264462809917328,-9.999999999999998,2.404,2.4055,2.1732,5.2061500494067685,5.015915641539991,54.657843700960534,0.0511483578008427,-0.006443891634723475,0.05759224943556618,1288751.2
256400,RTBRISCOE,2025-07-01,2.75,2.75,3048012,2026-04-08T04:28:44.517216+00:00,13.636363636363647,0.8333333333333304,2.083333333333348,0.0,2.464,2.4255000000000004,2.185,5.968608765501931,5.1526291320764175,65.92845032344547,0.07677951866269295,0.01534981538170141,0.06142970328099154,1396880.05
256520,RTBRISCOE,2025-07-02,3.02,3.02,3094894,2026-04-08T04:28:47.139962+00:00,9.818181818181815,13.636363636363647,0.0,-0.4444444444444362,2.578,2.4535,2.2064,6.241611827953164,5.093391805338046,72.05000073936908,0.11752439376912616,0.0448757523905077,0.07264864137861846,1514378.95
256640,RTBRISCOE,2025-07-03,3.32,3.32,1152850,2026-04-08T04:28:49.506141+00:00,9.93377483443707,9.818181818181815,-6.122448979591855,8.03571428571428,2.782,2.487,2.2304,6.380947814750568,5.13371160208205,76.9956347278215,0.17203933131668325,0.07951255195045183,0.09252677936623142,1506333.1
256760,RTBRISCOE,2025-07-04,3.65,3.65,7459041,2026-04-08T04:28:51.76506+00:00,9.93975903614459,9.93377483443707,4.347826086956519,0.0,3.032,2.5364999999999998,2.261,6.658479926599357,5.2833345250170005,80.98204016136665,0.23911468886742782,0.11727032760095711,0.1218443612664707,1821386.95
256880,RTBRISCOE,2025-07-07,3.3,3.3,6121356,2026-04-08T04:28:56.230166+00:00,-9.589041095890416,9.93975903614459,0.8333333333333304,-0.8264462809917328,3.2079999999999997,2.5815,2.287,6.641622467947436,5.415423034815281,67.60168811579018,0.2610214255369012,0.11134165141634439,0.14967977412055683,1972329.1
257000,RTBRISCOE,2025-07-08,3.5,3.5,4364927,2026-04-08T04:28:58.705995+00:00,6.060606060606055,-9.589041095890416,13.636363636363647,2.083333333333348,3.3579999999999997,2.6365000000000003,2.3188,6.692678284258906,5.396516951473476,70.59184040594386,0.2911646360268092,0.11318788952500189,0.1779767465018073,2181854.8
257120,RTBRISCOE,2025-07-09,3.85,3.85,5899607,2026-04-08T04:29:01.058721+00:00,10.000000000000009,6.060606060606055,9.818181818181815,0.0,3.524,2.7089999999999996,2.3574,6.896808666056121,5.53126323467469,74.94913039494622,0.33938322389181597,0.12912518191200692,0.21025804197980905,2468157.15
257240,RTBRISCOE,2025-07-10,4.23,4.23,12751472,2026-04-08T04:29:03.550316+00:00,9.870129870129873,10.000000000000009,9.93377483443707,-6.122448979591855,3.7060000000000004,2.806,2.404,6.860023862153042,5.641107611895988,78.6481335212994,0.403607095023752,0.15467924243515438,0.24892785258859765,3023696.35
257360,RTBRISCOE,2025-07-11,4.4,4.4,8950446,2026-04-08T04:29:06.089999+00:00,4.018912529550822,9.870129870129873,9.93975903614459,4.347826086956519,3.8560000000000003,2.901,2.4534000000000002,6.724867074281165,5.649986385296535,80.06621647874407,0.4628866852835456,0.17116706615595834,0.29171961912758726,3434085.5
257480,RTBRISCOE,2025-07-14,3.96,3.96,4834297,2026-04-08T04:29:10.69196+00:00,-10.000000000000009,4.018912529550822,-9.589041095890416,0.8333333333333304,3.9880000000000004,2.9865,2.494,6.724867074281166,5.887601777945463,67.55956431489308,0.46895603166619226,0.141789130030884,0.32716690163530826,3595662.9
257600,RTBRISCOE,2025-07-16,3.8,3.8,1455602,2026-04-08T04:29:14.112969+00:00,-4.040404040404044,-10.000000000000009,6.060606060606055,13.636363636363647,4.048,3.064,2.53,6.881128350986973,5.933844131378216,63.66512153752469,0.45560345653389334,0.10274924391886803,0.3528542126150253,3654232.7
257720,RTBRISCOE,2025-07-17,3.42,3.42,3398035,2026-04-08T04:29:16.489777+00:00,-9.999999999999998,-4.040404040404044,10.000000000000009,9.818181818181815,3.9619999999999997,3.123,2.5584000000000002,7.433504523889094,6.148804068754638,55.48462870849815,0.4096365847745833,0.04542589772764638,0.36421068704693693,3754580.95
257840,RTBRISCOE,2025-07-18,3.4,3.4,2314416,2026-04-08T04:29:18.854517+00:00,-0.5847953216374324,-9.999999999999998,9.870129870129873,9.93377483443707,3.7960000000000003,3.1719999999999997,2.5864,7.338845884134264,6.15181162852664,55.08345712046796,0.3673589891252709,0.0025186416626671315,0.36484034746260374,3781617.05
257960,RTBRISCOE,2025-07-21,3.73,3.73,2784362,2026-04-08T04:29:23.300994+00:00,9.705882352941186,-0.5847953216374324,4.018912529550822,9.93975903614459,3.6620000000000004,3.2375,2.6210000000000004,7.520454869724321,6.263626457343433,60.19720884436468,0.35637387584874114,-0.006773177291090116,0.36314705313983126,3900710.5
258080,RTBRISCOE,2025-07-22,3.73,3.73,1279762,2026-04-08T04:29:25.922592+00:00,0.0,9.705882352941186,-10.000000000000009,-9.589041095890416,3.6159999999999997,3.304,2.6556,7.503731754120748,6.263626457343433,60.19720884436468,0.34370606486742883,-0.015552790617921974,0.3592588554853508,3667586.1
258200,RTBRISCOE,2025-07-23,3.41,3.41,1998079,2026-04-08T04:29:29.05968+00:00,-8.579088471849861,0.0,-4.040404040404044,6.060606060606055,3.5379999999999994,3.3519999999999994,2.6858,7.902723008808576,6.358525447828329,53.36452438585321,0.3043371979747489,-0.04393732600848155,0.34827452398323044,3748291.1
258320,RTBRISCOE,2025-07-24,3.75,3.75,4834313,2026-04-08T04:29:31.486978+00:00,9.97067448680351,-8.579088471849861,-9.999999999999998,10.000000000000009,3.604,3.4169999999999994,2.7228,8.08480487800803,6.46992150354248,58.725135346485956,0.29714692108760943,-0.040902082316496835,0.33804900340410626,3979352.3
258440,RTBRISCOE,2025-07-25,3.58,3.58,5897456,2026-04-08T04:29:33.980938+00:00,-4.533333333333333,9.97067448680351,-0.5847953216374324,9.870129870129873,3.6399999999999997,3.4810000000000003,2.7552000000000003,8.003407890636954,6.522701192709153,55.302227611944346,0.274565970009792,-0.050786426715451416,0.3253523967252434,4186805.2
258559,RTBRISCOE,2025-07-28,3.91,3.91,3024562,2026-04-08T04:29:38.78621+00:00,9.21787709497206,-4.533333333333333,9.705882352941186,4.018912529550822,3.6759999999999997,3.5565000000000007,2.7934,8.134306427702025,6.6149650532460464,60.15704012152267,0.28007017107406895,-0.03622578052093961,0.31629595159500856,4259978.5
258678,RTBRISCOE,2025-07-29,3.67,3.67,1678406,2026-04-08T04:29:41.392621+00:00,-6.1381074168798015,9.21787709497206,0.0,-10.000000000000009,3.664,3.6190000000000007,2.8274,8.368298316073753,6.690883495877589,55.44077850469253,0.2620455973087692,-0.04340028342899155,0.30544588073776074,4317094.75
258797,RTBRISCOE,2025-07-30,3.8,3.8,2107855,2026-04-08T04:29:43.881641+00:00,3.542234332425065,-6.1381074168798015,-8.579088471849861,-4.040404040404044,3.742,3.6715000000000004,2.8616,7.951193976156126,6.664615889373992,57.38947887559321,0.25530787601334914,-0.04011040377952929,0.29541827979287844,4270086.9
258916,RTBRISCOE,2025-07-31,4.0,4.0,2422171,2026-04-08T04:29:46.315218+00:00,5.263157894736836,3.542234332425065,9.97067448680351,-9.999999999999998,3.7920000000000003,3.7205,2.8998000000000004,7.776697261008716,6.683274998364745,60.26830782970435,0.2630739590324547,-0.02587545660833901,0.2889494156407937,4236450.75
259035,RTBRISCOE,2025-08-01,3.9,3.9,1857077,2026-04-08T04:29:48.711654+00:00,-2.500000000000002,5.263157894736836,-4.533333333333333,-0.5847953216374324,3.8560000000000003,3.7495,2.9370000000000003,7.578538994287488,6.684579941567215,58.15275442000516,0.2581832951980507,-0.02461289635419439,0.2827961915522451,4271662.1
259153,RTBRISCOE,2025-08-04,3.85,3.85,858706,2026-04-08T04:29:53.303607+00:00,-1.2820512820512775,-2.500000000000002,9.21787709497206,9.705882352941186,3.844,3.7595,2.972,7.29839841920212,6.692966989731439,57.07398681920387,0.24742071475573368,-0.028300381437209143,0.2757210961929428,3941645.35
259272,RTBRISCOE,2025-08-05,3.85,3.85,877817,2026-04-08T04:29:55.780422+00:00,0.0,-1.2820512820512775,-6.1381074168798015,0.0,3.88,3.787,3.0069999999999997,6.903635305829056,6.692966989731439,57.073986819203874,0.2361688843265024,-0.03164176949315234,0.26781065381965474,3679468.4
259391,RTBRISCOE,2025-08-06,3.5,3.5,947902,2026-04-08T04:29:58.241852+00:00,-9.090909090909093,0.0,3.542234332425065,-8.579088471849861,3.8200000000000003,3.787,3.0389999999999997,7.146103600048524,6.678762059119231,49.60367298850816,0.19674173644802773,-0.056855133897301624,0.25359687034532935,3508617.15
259510,RTBRISCOE,2025-08-07,3.65,3.65,1121933,2026-04-08T04:30:00.56444+00:00,4.285714285714293,-9.090909090909093,5.263157894736836,9.97067448680351,3.75,3.777,3.0740000000000003,6.84324348838176,6.687309730825396,52.474675830509746,0.1755752617689037,-0.062417286861140536,0.23799254863004424,3269733.45
259629,RTBRISCOE,2025-08-08,3.6,3.6,2541494,2026-04-08T04:30:02.234883+00:00,-1.3698630136986245,4.285714285714293,-2.500000000000002,-4.533333333333333,3.69,3.7455,3.1042,6.435621843591688,6.586050861991506,51.42306245129739,0.15300237976367637,-0.06799213509309429,0.22099451485677066,2759234.55
259748,RTBRISCOE,2025-08-11,3.5,3.5,1260862,2026-04-08T04:30:07.037349+00:00,-2.777777777777779,-1.3698630136986245,-1.2820512820512775,9.21787709497206,3.62,3.7004999999999995,3.1284000000000005,6.35754175160754,6.500788220534542,49.29528407433983,0.12559624850871298,-0.07631861307844615,0.20191486158715913,2374755.35
259867,RTBRISCOE,2025-08-12,3.4,3.4,2766692,2026-04-08T04:30:09.28323+00:00,-2.857142857142858,-2.777777777777779,0.0,-6.1381074168798015,3.5300000000000002,3.6725000000000003,3.1508000000000003,6.013442646913846,6.521128054468219,47.192354248436494,0.09471570409518026,-0.0857593259935831,0.18047503008876337,2271375.1
259986,RTBRISCOE,2025-08-13,3.74,3.74,3019177,2026-04-08T04:30:11.815521+00:00,10.000000000000009,-2.857142857142858,-9.090909090909093,3.542234332425065,3.5780000000000003,3.6695,3.1785999999999994,6.396584191327535,6.638397821231017,54.32657562620118,0.09656467124588675,-0.0671282870743013,0.16369295832018804,2349553.85
260105,RTBRISCOE,2025-08-14,3.96,3.96,2204542,2026-04-08T04:30:14.350221+00:00,5.882352941176472,10.000000000000009,4.285714285714293,5.263157894736836,3.6399999999999997,3.6965000000000003,3.2086,6.051489144034014,6.65360281464344,58.25635848896157,0.1144626976887948,-0.03938420850511459,0.1538469061939094,2289879.2
260224,RTBRISCOE,2025-08-15,3.95,3.95,1179213,2026-04-08T04:30:16.786076+00:00,-0.2525252525252486,5.882352941176472,-1.3698630136986245,-2.500000000000002,3.71,3.7239999999999993,3.2346000000000004,6.047630806757475,6.588630148722567,58.01202387294266,0.12638322897382182,-0.021970941776070063,0.14835417074989188,2233119.05
260343,RTBRISCOE,2025-08-18,3.95,3.95,546463,2026-04-08T04:30:21.560319+00:00,0.0,-0.2525252525252486,-2.777777777777779,-1.2820512820512775,3.8,3.7350000000000003,3.2604,5.684382696050148,6.589589122543062,58.01202387294267,0.13428241184415546,-0.011257407124589142,0.1455398189687446,2121224.1
260462,RTBRISCOE,2025-08-19,3.56,3.56,824814,2026-04-08T04:30:23.869462+00:00,-9.873417721518996,0.0,-2.857142857142858,0.0,3.832,3.7265,3.2836000000000003,6.135368314114261,6.592907704922045,48.761744056810855,0.10782983532553736,-0.030167986914565792,0.13799782224010315,2098476.7
260581,RTBRISCOE,2025-08-20,3.67,3.67,508862,2026-04-08T04:30:26.318672+00:00,3.08988764044944,-9.873417721518996,10.000000000000009,-9.090909090909093,3.818,3.7395000000000005,3.3089999999999997,5.829259367562087,6.59778985128593,51.12876930465391,0.09465098095538904,-0.0346774730277713,0.12932845398316034,2024015.85
260700,RTBRISCOE,2025-08-21,3.4,3.4,598029,2026-04-08T04:30:28.670378+00:00,-7.356948228882832,3.08988764044944,5.882352941176472,4.285714285714293,3.7060000000000004,3.7220000000000004,3.3289999999999997,5.636581982236534,6.703222517156663,45.564696593263534,0.061708562506350706,-0.05409591318144771,0.11580447568779842,1812201.65
260819,RTBRISCOE,2025-08-22,3.4,3.4,280299,2026-04-08T04:30:30.96965+00:00,0.0,-7.356948228882832,-0.2525252525252486,-1.3698630136986245,3.596,3.7129999999999996,3.3512,5.549451333159339,6.657638864548873,45.56469659326353,0.03519574392084923,-0.06448698541355936,0.0996827293344086,1531343.8
260938,RTBRISCOE,2025-08-25,3.4,3.4,313163,2026-04-08T04:30:35.521871+00:00,0.0,0.0,0.0,-2.777777777777779,3.4859999999999998,3.6875,3.3692,5.098348492060976,6.553744157228811,45.56469659326353,0.014022501508609508,-0.06852818226063927,0.08255068376924878,1395773.85
261057,RTBRISCOE,2025-08-26,3.4,3.4,409329,2026-04-08T04:30:37.91594+00:00,0.0,0.0,-9.873417721518996,-2.857142857142858,3.4539999999999997,3.6739999999999995,3.3922000000000003,4.927521942654148,6.366525616648044,45.56469659326353,-0.0027260217660356467,-0.06822136442822754,0.0654953426621919,1332320.0
261176,RTBRISCOE,2025-08-27,3.06,3.06,2443691,2026-04-08T04:30:40.231113+00:00,-9.999999999999998,0.0,3.08988764044944,10.000000000000009,3.332,3.6369999999999996,3.4084,5.293681616555065,6.553744157228811,38.473175796277665,-0.042939525508095766,-0.08674789453623014,0.04380836902813437,1349111.8
261295,RTBRISCOE,2025-08-28,3.36,3.36,1393223,2026-04-08T04:30:42.59826+00:00,9.803921568627437,-9.999999999999998,-7.356948228882832,5.882352941176472,3.3240000000000003,3.6049999999999995,3.4307999999999996,5.658612152595155,6.672373855986243,46.40005536777917,-0.05002486860505906,-0.07506659010655474,0.02504172150149568,1297664.4
261414,RTBRISCOE,2025-08-29,3.54,3.54,4809568,2026-04-08T04:30:45.09102+00:00,5.35714285714286,9.803921568627437,0.0,-0.2525252525252486,3.3519999999999994,3.5870000000000006,3.4532,5.7991602038233045,6.625577693725322,50.5192294761581,-0.040647005007465875,-0.05255098120716925,0.011903976199703372,1445288.95
261533,RTBRISCOE,2025-09-01,3.42,3.42,558972,2026-04-08T04:30:49.608802+00:00,-3.3898305084745783,5.35714285714286,0.0,0.0,3.3560000000000003,3.5655,3.4732,5.836555989807869,6.6530728743103165,47.877601715808645,-0.04240911181838314,-0.04345047041446921,0.0010413585960860703,1430302.25
261652,RTBRISCOE,2025-09-02,3.42,3.42,855422,2026-04-08T04:30:52.312491+00:00,0.0,-3.3898305084745783,0.0,-9.873417721518996,3.3600000000000003,3.5440000000000005,3.4936000000000003,5.836555989807869,6.649696709715944,47.87760171580865,-0.043306385111058,-0.035478194965715255,-0.007828190145342745,1429182.5
261771,RTBRISCOE,2025-09-03,3.42,3.42,408752,2026-04-08T04:30:55.837007+00:00,0.0,0.0,-9.999999999999998,3.08988764044944,3.432,3.54,3.513,5.468751654595347,6.6488268854722214,47.87760171580865,-0.04351585694878235,-0.02855013344275168,-0.014965723506030667,1402225.0
261890,RTBRISCOE,2025-09-04,3.3,3.3,2429882,2026-04-08T04:30:58.198935+00:00,-3.508771929824561,0.0,9.803921568627437,-7.356948228882832,3.4200000000000004,3.5225,3.53,5.426863800965596,6.676814022595153,44.94248082369489,-0.05275671543191374,-0.030232793540706453,-0.022523921891207284,1467622.45
262009,RTBRISCOE,2025-09-08,3.3,3.3,966068,2026-04-08T04:31:03.728068+00:00,0.0,-3.508771929824561,5.35714285714286,0.0,3.372,3.5075000000000003,3.55,5.422125095662172,6.60272571040572,44.942480823694886,-0.059395488141695374,-0.029497253000390473,-0.0298982351413049,1388851.15
262128,RTBRISCOE,2025-09-09,3.3,3.3,804035,2026-04-08T04:31:06.294869+00:00,0.0,0.0,-3.3898305084745783,0.0,3.348,3.4975,3.5679999999999996,5.390643529957724,6.58549761649785,44.942480823694886,-0.06391993413207508,-0.027217359192616142,-0.03670257493945894,1366009.8
262247,RTBRISCOE,2025-09-10,3.35,3.35,1034350,2026-04-08T04:31:08.610575+00:00,1.5151515151515138,0.0,0.0,0.0,3.3339999999999996,3.4949999999999997,3.5866000000000002,5.363895034681219,6.586168026419967,46.64469430985808,-0.06274769171277583,-0.020836093418653515,-0.04191159829412232,1279392.7
262366,RTBRISCOE,2025-09-11,3.54,3.54,1625311,2026-04-08T04:31:10.974873+00:00,5.671641791044779,1.5151515151515138,0.0,-9.999999999999998,3.3579999999999997,3.4850000000000003,3.6024000000000003,5.018047440588472,6.363496587430897,52.63713364161896,-0.045957499598364926,-0.003236721043394078,-0.04272077855497085,1209699.4
262485,RTBRISCOE,2025-09-12,3.45,3.45,570388,2026-04-08T04:31:13.547359+00:00,-2.5423728813559254,5.671641791044779,-3.508771929824561,9.803921568627437,3.3880000000000003,3.4595,3.6109999999999998,4.835008540029514,6.241135234961921,49.78482442587523,-0.0394585456671499,0.0026097863102567537,-0.042068331977406656,1127991.7
262604,RTBRISCOE,2025-09-15,3.3,3.3,1173685,2026-04-08T04:31:18.268622+00:00,-4.34782608695653,-2.5423728813559254,0.0,5.35714285714286,3.3880000000000003,3.4270000000000005,3.6106,4.9068490272109235,6.124293543630592,45.371915903169025,-0.04588291457383731,-0.0030516660771445214,-0.042831248496692786,1127715.3
262723,RTBRISCOE,2025-09-16,3.3,3.3,261066,2026-04-08T04:31:20.741189+00:00,0.0,-4.34782608695653,0.0,-3.3898305084745783,3.3880000000000003,3.3945,3.6035999999999997,4.9068490272109235,5.959863154819369,45.37191590316902,-0.05039336981897602,-0.0060496970578265835,-0.044343672761149436,1113445.45
262842,RTBRISCOE,2025-09-17,3.45,3.45,1034036,2026-04-08T04:31:23.24235+00:00,4.545454545454564,0.0,1.5151515151515138,0.0,3.408,3.3890000000000002,3.6066000000000003,4.546336981993368,5.830886351161468,50.46424112776379,-0.04138710689344105,0.0023652526941667154,-0.043752359587607766,1123906.55
262961,RTBRISCOE,2025-09-18,3.45,3.45,496254,2026-04-08T04:31:25.598019+00:00,0.0,4.545454545454564,5.671641791044779,0.0,3.3899999999999997,3.378,3.6056,4.485828142814405,5.770427938533661,50.464241127763785,-0.033859270049863,0.007914471630195812,-0.04177374168005881,1123276.15
263080,RTBRISCOE,2025-09-19,3.45,3.45,56931,2026-04-08T04:31:28.111008+00:00,0.0,0.0,-2.5423728813559254,-3.508771929824561,3.3900000000000006,3.3805,3.5976000000000004,4.158871323067651,5.592049894840909,50.46424112776379,-0.02757553155361414,0.011358568101155736,-0.03893409965476988,1096221.25
263199,RTBRISCOE,2025-09-22,3.58,3.58,1833241,2026-04-08T04:31:32.624882+00:00,3.768115942028971,0.0,-4.34782608695653,0.0,3.446,3.3895000000000004,3.5846,4.236103908380592,5.435170444129468,55.00445036220871,-0.011967753169902284,0.02157307718789408,-0.03354083035779636,1173868.35
263318,RTBRISCOE,2025-09-23,3.92,3.92,1132393,2026-04-08T04:31:35.170326+00:00,9.49720670391061,3.768115942028971,0.0,0.0,3.5700000000000003,3.4155,3.575,4.702222110781226,5.5751175563895945,64.23682404883824,0.027519455001609128,0.048848228287524394,-0.021328773285915266,1214829.85
263437,RTBRISCOE,2025-09-24,3.6,3.6,656412,2026-04-08T04:31:37.673105+00:00,-8.163265306122447,9.49720670391061,4.545454545454564,1.5151515151515138,3.6,3.4255000000000004,3.5678,5.113331634277413,5.514125561325785,53.17752338504345,0.03261604881117908,0.04315585767767548,-0.0105398088664964,1227184.0
263556,RTBRISCOE,2025-09-25,3.74,3.74,306247,2026-04-08T04:31:40.100841+00:00,3.8888888888888973,-8.163265306122447,0.0,5.671641791044779,3.6580000000000004,3.4595,3.5665999999999998,4.535575349669257,5.510790449004781,56.69060666749429,0.047405504943336396,0.04635625104786624,0.001049253895470158,1120311.8
263675,RTBRISCOE,2025-09-26,3.74,3.74,164783,2026-04-08T04:31:42.548783+00:00,0.0,3.8888888888888973,0.0,-2.5423728813559254,3.716,3.4785000000000004,3.573,4.049671345408913,5.314072280516355,56.69060666749429,0.05845245199909099,0.04592255848289667,0.012529893516194325,1058889.8
263794,RTBRISCOE,2025-09-29,3.74,3.74,406918,2026-04-08T04:31:47.029675+00:00,0.0,0.0,3.768115942028971,-4.34782608695653,3.748,3.4884999999999997,3.5798,3.8936368110879767,5.312690025715525,56.6906066674943,0.06644134268950719,0.04312915933865029,0.0233121833508569,838757.3
263913,RTBRISCOE,2025-09-30,3.74,3.74,366368,2026-04-08T04:31:49.320364+00:00,0.0,0.0,9.49720670391061,0.0,3.7120000000000006,3.5045,3.58,3.7949523588453573,5.137505644617397,56.69060666749429,0.07194327878382767,0.03890487634637661,0.033038402437451056,829127.1
264032,RTBRISCOE,2025-10-02,3.37,3.37,1367820,2026-04-08T04:31:52.706523+00:00,-9.893048128342253,0.0,-8.163265306122447,4.545454545454564,3.6660000000000004,3.502,3.5727999999999995,4.4534090407554725,5.329710448964901,44.75405510975508,0.04591837653540276,0.01030397927836136,0.0356143972570414,854747.0
264151,RTBRISCOE,2025-10-03,3.67,3.67,716506,2026-04-08T04:31:55.311341+00:00,8.902077151335309,-9.893048128342253,3.8888888888888973,0.0,3.652,3.5145000000000004,3.5780000000000003,4.875961351740878,5.333044229721711,53.333800850088174,0.04893683344577715,0.010657948950988594,0.038278884494788556,870134.7
264270,RTBRISCOE,2025-10-06,3.59,3.59,822393,2026-04-08T04:31:59.803196+00:00,-2.1798365122615793,8.902077151335309,0.0,0.0,3.622,3.529,3.5748,4.827751777759551,5.156674341750824,51.05671052401971,0.04436227024512185,0.004866708600266632,0.039495561644855216,789760.25
264389,RTBRISCOE,2025-10-07,3.59,3.59,457936,2026-04-08T04:32:02.285104+00:00,0.0,-2.1798365122615793,0.0,3.768115942028971,3.592,3.5435000000000003,3.575,4.827751777759551,5.114239640131167,51.05671052401971,0.040272657820162205,0.0006216769402455913,0.039650980879916614,764353.65
264508,RTBRISCOE,2025-10-08,3.5,3.5,885115,2026-04-08T04:32:04.646463+00:00,-2.506963788300831,0.0,0.0,9.49720670391061,3.5439999999999996,3.5535000000000005,3.5668,4.874639815126131,4.955575464401293,48.36263616782426,0.02943011067445145,-0.008176696164372138,0.03760680683882359,768407.65
264627,RTBRISCOE,2025-10-09,3.56,3.56,700275,2026-04-08T04:32:07.004133+00:00,1.7142857142857126,-2.506963788300831,-9.893048128342253,-8.163265306122447,3.582,3.564,3.5646000000000004,4.877223452438016,4.884239404476656,50.24743769042458,0.025386176464285093,-0.009776504299630798,0.03516268076391589,751703.9
264746,RTBRISCOE,2025-10-10,3.56,3.56,279519,2026-04-08T04:32:10.69692+00:00,0.0,1.7142857142857126,8.902077151335309,3.8888888888888973,3.56,3.565,3.5597999999999996,4.7179459149700635,4.858271308872514,50.24743769042458,0.02192855078436251,-0.010587303983642701,0.03251585476800521,684414.3
264865,RTBRISCOE,2025-10-13,3.56,3.56,199724,2026-04-08T04:32:15.267586+00:00,0.0,0.0,-2.1798365122615793,0.0,3.554,3.5705,3.5509999999999997,4.67610032146377,4.798242449669958,50.24743769042458,0.018969686781182382,-0.010836934389458264,0.029806621170640646,665881.1
264984,RTBRISCOE,2025-10-14,3.4,3.4,1029086,2026-04-08T04:32:17.792097+00:00,-4.49438202247191,0.0,0.0,0.0,3.5159999999999996,3.5755000000000003,3.5409999999999995,4.683811712715998,4.826641633138303,44.80100545592381,0.0036717769578227255,-0.020907875370254337,0.024579652328077062,658651.15
265103,RTBRISCOE,2025-10-15,3.4,3.4,944075,2026-04-08T04:32:20.093513+00:00,0.0,-4.49438202247191,-2.506963788300831,0.0,3.496,3.5805,3.532,4.683811712715998,4.823960056862309,44.80100545592381,-0.008355608538630932,-0.026348208693366397,0.017992600154735465,692801.6
265222,RTBRISCOE,2025-10-16,3.4,3.4,976252,2026-04-08T04:32:22.728593+00:00,0.0,0.0,1.7142857142857126,-9.893048128342253,3.464,3.5780000000000003,3.523,4.573596766935017,4.823960056862309,44.8010054559238,-0.017683553203503344,-0.028540922686591048,0.010857369483087704,689912.4
265341,RTBRISCOE,2025-10-17,3.66,3.66,1236004,2026-04-08T04:32:25.167177+00:00,7.647058823529429,0.0,0.0,8.902077151335309,3.4840000000000004,3.5885,3.5262000000000002,4.880595008957858,4.7701517754982214,54.75460160851561,-0.004049509243462701,-0.011925502981240324,0.007875993737777623,726899.9
265460,RTBRISCOE,2025-10-20,3.66,3.66,2198051,2026-04-08T04:32:29.532096+00:00,0.0,7.647058823529429,0.0,-2.1798365122615793,3.504,3.5989999999999993,3.5263999999999998,4.880595008957858,4.733622805190129,54.7546016085156,0.006678582283559997,-0.0009579291633741013,0.007636511446934099,833955.9
265579,RTBRISCOE,2025-10-21,3.6,3.6,1415622,2026-04-08T04:32:31.920152+00:00,-1.6393442622950838,0.0,-4.49438202247191,0.0,3.5439999999999996,3.6,3.5263999999999998,4.834274792039874,4.735501435769453,52.23374976243317,0.010221348211756354,0.0020678694118578048,0.008153478799898549,813074.95
265698,RTBRISCOE,2025-10-22,3.6,3.6,1604579,2026-04-08T04:32:34.332447+00:00,0.0,-1.6393442622950838,0.0,-2.506963788300831,3.5840000000000005,3.5839999999999996,3.5283999999999995,4.303979367409451,4.717190158899885,52.23374976243316,0.012880536922317276,0.003781646497934981,0.009098890424382295,836684.25
265817,RTBRISCOE,2025-10-23,3.4,3.4,892534,2026-04-08T04:32:36.79914+00:00,-5.555555555555558,0.0,0.0,1.7142857142857126,3.5840000000000005,3.5740000000000003,3.5283999999999995,4.088490785579007,4.767643956618568,44.34174110636628,-0.0011372558192355164,-0.00818891699489425,0.007051661175658733,848490.35
265936,RTBRISCOE,2025-10-24,3.3,3.3,989877,2026-04-08T04:32:39.249323+00:00,-2.941176470588236,-5.555555555555558,7.647058823529429,0.0,3.5120000000000005,3.5520000000000005,3.5196000000000005,4.013019200810537,4.566917545801073,41.00567248618147,-0.020084104766956212,-0.021708612754091958,0.0016245079871357445,882671.85
266055,RTBRISCOE,2025-10-28,3.4,3.4,3665696,2026-04-08T04:32:44.921336+00:00,3.0303030303030276,-2.941176470588236,0.0,0.0,3.46,3.535,3.5084000000000004,4.091216371320381,4.507495239955147,45.42730191851463,-0.02672241542665832,-0.02267753873103525,-0.004044876695623069,1057717.5
266174,RTBRISCOE,2025-10-29,3.21,3.21,963244,2026-04-08T04:32:47.450266+00:00,-5.588235294117649,3.0303030303030276,-1.6393442622950838,-4.49438202247191,3.382,3.5085,3.4935999999999994,4.250485788050974,4.571369144976273,39.386944191225,-0.046775537277687906,-0.03418452846565187,-0.012591008812036036,1085533.8
266293,RTBRISCOE,2025-10-30,3.2,3.2,551641,2026-04-08T04:32:49.91761+00:00,-0.31152647975076775,-5.588235294117649,0.0,0.0,3.3019999999999996,3.4815000000000005,3.4786,4.248451388103446,4.571148914295973,39.09232010746484,-0.0627513388729084,-0.04012826404869789,-0.022623074824210512,1094797.45
266412,RTBRISCOE,2025-10-31,3.4,3.4,2376658,2026-04-08T04:32:52.375955+00:00,6.25,-0.31152647975076775,-5.555555555555558,0.0,3.3020000000000005,3.4829999999999997,3.4754,3.9296540199514247,4.4503683050908105,47.543711176696696,-0.05859846161705118,-0.02878030943427253,-0.029818152182778647,1145239.35
266531,RTBRISCOE,2025-11-03,3.53,3.53,2977372,2026-04-08T04:32:57.290654+00:00,3.8235294117646923,6.25,-2.941176470588236,7.647058823529429,3.3480000000000003,3.476,3.4726,3.469156417364627,4.461940278305689,52.18772584383285,-0.04430662374859251,-0.011590777252651091,-0.03271584649594142,1258282.65
266650,RTBRISCOE,2025-11-04,3.53,3.53,732726,2026-04-08T04:32:59.739678+00:00,0.0,3.8235294117646923,3.0303030303030276,0.0,3.374,3.473,3.4751999999999996,3.435698534708984,4.333157517287905,52.18772584383285,-0.03260439608813526,8.91603262449317e-05,-0.03269355641438019,1253799.3
266769,RTBRISCOE,2025-11-05,3.18,3.18,987157,2026-04-08T04:33:02.152799+00:00,-9.915014164305935,0.0,-5.588235294117649,-1.6393442622950838,3.368,3.4524999999999997,3.4707999999999997,4.085284561024015,4.561798938045685,40.88559354930401,-0.0509846519542938,-0.01463287643193089,-0.03635177552236291,1280260.35
266888,RTBRISCOE,2025-11-06,3.15,3.15,665443,2026-04-08T04:33:04.646202+00:00,-0.9433962264151052,-9.915014164305935,-0.31152647975076775,0.0,3.3579999999999997,3.4349999999999996,3.4657999999999998,4.060231114559137,4.563617673232794,40.084277270458664,-0.06719727803798747,-0.024676402012499647,-0.042520876025487826,1269276.75
267007,RTBRISCOE,2025-11-07,3.4,3.4,237289,2026-04-08T04:33:07.145499+00:00,7.9365079365079305,-0.9433962264151052,6.25,-5.555555555555558,3.3579999999999997,3.4270000000000005,3.4657999999999998,4.453797957508919,4.7013406337384795,49.046418996235595,-0.0591906770717876,-0.013335840837039821,-0.04585483623474778,1246127.45
267126,RTBRISCOE,2025-11-10,3.06,3.06,586501,2026-04-08T04:33:11.744122+00:00,-9.999999999999998,7.9365079365079305,3.8235294117646923,-2.941176470588236,3.2640000000000002,3.402,3.4658,4.969320494724587,4.7013406337384795,40.23245734820779,-0.07936566859887506,-0.02680866589130182,-0.05255700270757324,1261476.55
267245,RTBRISCOE,2025-11-11,2.85,2.85,536762,2026-04-08T04:33:14.17228+00:00,-6.8627450980392135,-9.999999999999998,0.0,3.0303030303030276,3.128,3.3665,3.4556,5.156572979202977,4.5894130923455645,35.936811622192955,-0.1110199705805095,-0.046770374298349,-0.0642495962821605,1278328.45
267364,RTBRISCOE,2025-11-12,3.13,3.13,1447611,2026-04-08T04:33:16.719178+00:00,9.824561403508758,-6.8627450980392135,-9.915014164305935,-5.588235294117649,3.118,3.353,3.4474,5.61623178576653,4.7412747104714335,44.45284130083904,-0.11221898243984674,-0.03837550892614899,-0.07384347351369774,1299254.7
267483,RTBRISCOE,2025-11-13,3.13,3.13,172045,2026-04-08T04:33:19.052814+00:00,0.0,9.824561403508758,-0.9433962264151052,-0.31152647975076775,3.114,3.3394999999999997,3.4415999999999998,5.61623178576653,4.71796739789243,44.45284130083903,-0.11187953039300469,-0.030428845503445545,-0.08145068488955914,1260653.2
267602,RTBRISCOE,2025-11-14,3.38,3.38,259460,2026-04-08T04:33:21.762061+00:00,7.987220447284349,0.0,7.9365079365079305,6.25,3.1100000000000003,3.3385,3.4408,5.912049957708294,4.853571856002355,51.17382258238622,-0.09039557758829364,-0.0071559141589876,-0.08323966342930604,1224813.6
267721,RTBRISCOE,2025-11-17,3.38,3.38,1165424,2026-04-08T04:33:26.271116+00:00,0.0,7.987220447284349,-9.999999999999998,3.8235294117646923,3.1740000000000004,3.3244999999999996,3.44,5.641901238787718,4.853571856002355,51.17382258238622,-0.07253327180012104,0.008565113303348013,-0.08109838510346905,1221284.6
267840,RTBRISCOE,2025-11-18,3.38,3.38,694614,2026-04-08T04:33:29.067053+00:00,0.0,0.0,-6.8627450980392135,0.0,3.28,3.3104999999999998,3.4416,5.641901238787718,4.825731001359163,51.17382258238621,-0.05771199778602387,0.018709109853956143,-0.07642110763998002,1146112.75
267959,RTBRISCOE,2025-11-19,3.38,3.38,88950,2026-04-08T04:33:31.487527+00:00,0.0,0.0,9.824561403508758,-9.915014164305935,3.3299999999999996,3.2994999999999997,3.4432,5.632481912281888,4.825731001359163,51.17382258238622,-0.04544220193126414,0.02478312456697271,-0.07022532649823685,1079779.15
268078,RTBRISCOE,2025-11-20,3.5,3.5,389562,2026-04-08T04:33:33.887172+00:00,3.5502958579881616,0.0,0.0,-0.9433962264151052,3.404,3.2945,3.4472000000000005,5.69351397698372,4.849355225487613,54.71165500531894,-0.025738604587149716,0.03558937752886971,-0.061327982116019426,1019028.3
268197,RTBRISCOE,2025-11-21,3.15,3.15,4343091,2026-04-08T04:33:36.654129+00:00,-9.999999999999998,3.5502958579881616,7.987220447284349,7.9365079365079305,3.3579999999999997,3.282,3.4432,6.00079222302619,5.056260158900956,44.56829128935343,-0.037928223709713826,0.01871980672504448,-0.05664803043475831,1191556.15
268316,RTBRISCOE,2025-11-24,3.3,3.3,492072,2026-04-08T04:33:41.368891+00:00,4.761904761904767,-9.999999999999998,0.0,-9.999999999999998,3.342,3.282,3.4383999999999997,6.063016513521176,5.037045993667274,48.93758644264616,-0.03508045266659776,0.017254062214528437,-0.0523345148811262,1166665.9
268435,RTBRISCOE,2025-11-25,3.34,3.34,510874,2026-04-08T04:33:44.004166+00:00,1.21212121212122,4.761904761904767,0.0,-6.8627450980392135,3.3340000000000005,3.279,3.4362,6.031534165070307,5.0265766457421694,50.06786800286743,-0.029258632588184064,0.018460705834353705,-0.04771933842253777,1008924.8
268554,RTBRISCOE,2025-11-26,3.34,3.34,104438,2026-04-08T04:33:46.260048+00:00,0.0,1.21212121212122,0.0,9.824561403508758,3.3259999999999996,3.2855,3.437,5.8824216069706265,4.986214153108295,50.06786800286743,-0.024363945830586875,0.01868431407356072,-0.043048259904147596,965984.5
268673,RTBRISCOE,2025-11-27,3.29,3.29,1846259,2026-04-08T04:33:48.488035+00:00,-1.4970059880239472,0.0,3.5502958579881616,0.0,3.284,3.29,3.4368,5.895562563950498,4.991605763367618,48.51116283032282,-0.02424002947257664,0.01504658434525677,-0.03928661381783341,1030715.4
268792,RTBRISCOE,2025-11-28,3.44,3.44,1694353,2026-04-08T04:33:50.826192+00:00,4.5592705167173175,-1.4970059880239472,-9.999999999999998,7.987220447284349,3.342,3.2920000000000003,3.4366,5.817456017835245,4.9918562898298156,53.21113924722581,-0.011900892388978068,0.021908577143084272,-0.03380946953206234,996600.15
268911,RTBRISCOE,2025-12-01,3.1,3.1,1002737,2026-04-08T04:33:55.236541+00:00,-9.883720930232553,4.5592705167173175,4.761904761904767,0.0,3.3020000000000005,3.2704999999999997,3.4296,6.16769799371576,5.188418202794707,43.515089821178634,-0.029220361712209986,0.003671286255881881,-0.03289164796809187,897868.4
269030,RTBRISCOE,2025-12-02,3.1,3.1,105622,2026-04-08T04:33:57.748335+00:00,0.0,-9.883720930232553,1.21212121212122,0.0,3.254,3.249,3.4226,6.16769799371576,5.188418202794707,43.515089821178634,-0.04245675093454615,-0.007652082373163421,-0.03480466856138273,866513.2
269149,RTBRISCOE,2025-12-03,3.1,3.1,161547,2026-04-08T04:34:00.349419+00:00,0.0,0.0,0.0,0.0,3.2060000000000004,3.2449999999999997,3.4130000000000003,5.752518027688346,5.158657519040173,43.51508982117864,-0.052343303733418445,-0.01403090813762857,-0.038312395595789875,825232.7
269268,RTBRISCOE,2025-12-04,3.0,3.0,1926896,2026-04-08T04:34:03.142475+00:00,-3.2258064516129115,0.0,-1.4970059880239472,3.5502958579881616,3.1480000000000006,3.2375,3.3945999999999996,5.79537197003695,4.98361095708416,40.78505345423188,-0.06746988152474698,-0.02332598874316568,-0.0441438927815813,888305.35
269387,RTBRISCOE,2025-12-05,3.0,3.0,1050603,2026-04-08T04:34:05.808951+00:00,0.0,-3.2258064516129115,4.5592705167173175,-9.999999999999998,3.06,3.2175,3.3826,5.480603607339291,4.856531418614552,40.785053454231885,-0.07855230137237212,-0.027526726872632662,-0.05102557449973946,928971.05
269506,RTBRISCOE,2025-12-08,3.02,3.02,253712,2026-04-08T04:34:10.334331+00:00,0.6666666666666599,0.0,-9.883720930232553,4.761904761904767,3.044,3.2155,3.3682,5.003530449504878,4.8217842485727695,41.63439988434402,-0.08474448442823368,-0.02697512794279537,-0.05776935648543831,912331.6
269625,RTBRISCOE,2025-12-09,3.2,3.2,402741,2026-04-08T04:34:12.926221+00:00,5.96026490066226,0.6666666666666599,0.0,1.21212121212122,3.064,3.2329999999999997,3.3574,4.890784998026253,4.902638492295504,48.75810450409699,-0.07427118643008246,-0.013201463955715316,-0.06106972247436714,905630.55
269744,RTBRISCOE,2025-12-10,3.2,3.2,677770,2026-04-08T04:34:15.295879+00:00,0.0,5.96026490066226,0.0,0.0,3.084,3.2365000000000004,3.3465999999999996,4.393771362728433,4.902638492295504,48.758104504097005,-0.06521921578845324,-0.0033195946512688743,-0.06189962113718437,867138.5
269863,RTBRISCOE,2025-12-11,3.2,3.2,180983,2026-04-08T04:34:17.804745+00:00,0.0,0.0,-3.2258064516129115,-1.4970059880239472,3.124,3.2399999999999998,3.3358,4.393771362728433,4.902638492295504,48.75810450409699,-0.05738397707163889,0.003612515252436388,-0.06099649232407528,867585.4
269982,RTBRISCOE,2025-12-12,3.2,3.2,250800,2026-04-08T04:34:20.615101+00:00,0.0,0.0,0.0,4.5592705167173175,3.1640000000000006,3.2310000000000003,3.3324000000000003,3.9939531556674117,4.698525717784225,48.758104504097005,-0.050591308822605985,0.008324146801175443,-0.05891545562378143,867152.4
270101,RTBRISCOE,2025-12-15,3.3,3.3,223382,2026-04-08T04:34:25.240467+00:00,3.124999999999978,0.0,0.6666666666666599,-9.883720930232553,3.22,3.2269999999999994,3.325,4.062514266131797,4.543771750492563,53.040968720032616,-0.036715670635214526,0.017759827990853523,-0.05447549862606805,820050.3
270220,RTBRISCOE,2025-12-16,3.2,3.2,983373,2026-04-08T04:34:27.867795+00:00,-3.0303030303030165,3.124999999999978,5.96026490066226,0.0,3.22,3.218,3.3171999999999997,4.117142477957423,4.553260439111036,48.66096462492598,-0.033403239911358185,0.01685780697176789,-0.050261046883126076,834488.25
270339,RTBRISCOE,2025-12-18,3.3,3.3,258925,2026-04-08T04:34:31.321522+00:00,3.124999999999978,-3.0303030303030165,0.0,0.0,3.2399999999999998,3.214,3.3114,4.183499135975904,4.57642681292114,52.853681517703905,-0.022450158974874235,0.02224871032660148,-0.044698869301475715,842987.0
270458,RTBRISCOE,2025-12-19,3.3,3.3,356594,2026-04-08T04:34:33.771022+00:00,0.0,3.124999999999978,0.0,-3.2258064516129115,3.2600000000000002,3.2039999999999997,3.3073999999999995,4.0978601202604334,4.562833185634621,52.853681517703905,-0.013612843039168876,0.024868821009845478,-0.038481664049014354,841338.6
270577,RTBRISCOE,2025-12-22,3.35,3.35,1426946,2026-04-08T04:34:38.115277+00:00,1.5151515151515138,0.0,0.0,0.0,3.29,3.214,3.3032,3.3996086901572893,4.56138028204986,54.985450379721726,-0.002545283909608287,0.028749104111524856,-0.03129438802113314,695531.35
270696,RTBRISCOE,2025-12-23,3.25,3.25,920827,2026-04-08T04:34:40.661369+00:00,-2.985074626865669,1.5151515151515138,3.124999999999978,0.6666666666666599,3.2800000000000002,3.2115,3.2970000000000006,3.312416943429435,4.580630723752083,50.10573547734267,-0.0018223212421797363,0.023577653423162728,-0.025399974665342464,716969.1
270815,RTBRISCOE,2025-12-24,3.3,3.3,476552,2026-04-08T04:34:43.221402+00:00,1.538461538461533,-2.985074626865669,-3.0303030303030165,5.96026490066226,3.3,3.2095,3.2918000000000003,3.3196169399312785,4.586328716203783,52.38124864706363,0.002753473682354901,0.022522758678157895,-0.019769284995802994,715253.0
270934,RTBRISCOE,2025-12-29,3.2,3.2,1124596,2026-04-08T04:34:48.902152+00:00,-3.0303030303030165,1.538461538461533,3.124999999999978,0.0,3.2800000000000002,3.2024999999999997,3.2878000000000003,3.387755401170191,4.561965086167218,47.696071493349585,-0.0016700883987916804,0.014479357277609052,-0.016149445676400732,766260.9
271053,RTBRISCOE,2025-12-30,3.5,3.5,836245,2026-04-08T04:34:51.359097+00:00,9.375,-3.0303030303030165,0.0,0.0,3.3200000000000003,3.213,3.2898,3.98179132437021,4.7514412808388435,59.421989611204154,0.018814814111977718,0.02797140783070276,-0.009156593718725042,715760.2
271172,RTBRISCOE,2025-12-31,3.5,3.5,381615,2026-04-08T04:34:53.061316+00:00,0.0,9.375,1.5151515151515138,0.0,3.35,3.216,3.2918000000000003,3.8588742853948186,4.7514412808388435,59.42198961120417,0.03464982531999361,0.035045135230974925,-0.00039530991098131116,650123.3
271291,RTBRISCOE,2026-01-02,3.5,3.5,301126,2026-04-08T04:34:56.467348+00:00,0.0,0.0,-2.985074626865669,3.124999999999978,3.4,3.2359999999999998,3.2886,3.0542572801172594,4.627292745418909,59.42198961120416,0.046661303328325854,0.03764529059144573,0.009016012736880121,615042.75
271410,RTBRISCOE,2026-01-05,3.5,3.5,450485,2026-04-08T04:35:01.008466+00:00,0.0,0.0,1.538461538461533,-3.0303030303030165,3.44,3.2560000000000002,3.2854,3.0542572801172594,4.627292745418909,59.42198961120416,0.055540252727123374,0.0372193919921946,0.018320860734928772,632285.9
271529,RTBRISCOE,2026-01-06,3.55,3.55,1743341,2026-04-08T04:35:03.366972+00:00,1.4285714285714235,0.0,-3.0303030303030165,3.124999999999978,3.5100000000000002,3.2784999999999997,3.2843999999999998,3.054918643316282,4.625226056154029,61.36374727899994,0.06585236119937621,0.038025200371557946,0.027827160827818262,711375.6
271648,RTBRISCOE,2026-01-07,3.5,3.5,1457833,2026-04-08T04:35:05.819661+00:00,-1.4084507042253502,1.4285714285714235,9.375,0.0,3.5100000000000002,3.3034999999999997,3.2824,2.9567267043348853,4.62999727297679,58.356440343304534,0.06919259021667612,0.03309234351108628,0.03610024670558984,687922.45
271767,RTBRISCOE,2026-01-08,3.55,3.55,575220,2026-04-08T04:35:08.163488+00:00,1.4285714285714235,-1.4084507042253502,0.0,1.5151515151515138,3.5200000000000005,3.3309999999999995,3.2854,2.953280840145538,4.562294173418389,60.44410976307495,0.07500966320496838,0.03112753319950283,0.04388213000546555,664153.3
271886,RTBRISCOE,2026-01-09,3.6,3.6,842723,2026-04-08T04:35:10.591402+00:00,1.4084507042253502,1.4285714285714235,0.0,-2.985074626865669,3.54,3.3600000000000003,3.2914,2.9550462729942244,4.5428079212744805,62.470270970988764,0.0827009920339159,0.031055089622760282,0.05164590241115562,693603.85
272005,RTBRISCOE,2026-01-12,3.96,3.96,9391115,2026-04-08T04:35:15.220756+00:00,9.999999999999986,1.4084507042253502,0.0,1.538461538461533,3.632,3.3979999999999997,3.3026,3.4191372542619245,4.732021828738973,73.13881547546491,0.11650244918441377,0.051885237418606525,0.06461721176580724,1143022.55
272124,RTBRISCOE,2026-01-13,4.35,4.35,2593808,2026-04-08T04:35:17.864544+00:00,9.84848484848484,9.999999999999986,1.4285714285714235,-3.0303030303030165,3.7920000000000003,3.4555,3.3254,3.9210175660935374,4.834754469958946,79.82860516081787,0.17276852018056532,0.08652104673180645,0.08624747344875887,1238824.45
272243,RTBRISCOE,2026-01-14,4.31,4.31,3923476,2026-04-08T04:35:20.278959+00:00,-0.919540229885063,9.84848484848484,-1.4084507042253502,9.375,3.9539999999999997,3.511,3.3476,3.946284952082218,4.838177205466098,77.69142823182167,0.21169186902164672,0.10035551645831028,0.11133635256333643,1425949.1
272362,RTBRISCOE,2026-01-15,4.27,4.27,1420306,2026-04-08T04:35:23.159853+00:00,-0.9280742459396807,-0.919540229885063,1.4285714285714235,0.0,4.098,3.5645000000000002,3.3649999999999993,3.9711082078329762,4.7766153946994745,75.51424244902363,0.23658404410771716,0.10019815323550457,0.1363858908722126,1484424.4
272481,RTBRISCOE,2026-01-16,4.25,4.25,1768460,2026-04-08T04:35:25.571119+00:00,-0.4683840749414414,-0.9280742459396807,1.4084507042253502,0.0,4.228,3.6120000000000005,3.3794,3.9761725419755383,4.7554516835457505,74.39170310010212,0.25179490442748476,0.09232721084421774,0.159467693583267,1561678.3
272600,RTBRISCOE,2026-01-19,4.3,4.3,3369897,2026-04-08T04:35:30.272746+00:00,1.17647058823529,-0.4683840749414414,9.999999999999986,0.0,4.295999999999999,3.6670000000000003,3.3948,3.84153421751426,4.75592320772735,75.37715542688817,0.2648313915221463,0.08429095835110342,0.18054043317104287,1681004.5
272719,RTBRISCOE,2026-01-20,4.5,4.5,2395094,2026-04-08T04:35:32.536083+00:00,4.651162790697683,1.17647058823529,9.84848484848484,1.4285714285714235,4.325999999999999,3.7269999999999994,3.4212000000000002,3.889219388005871,4.54601253757596,78.87842740411043,0.28798155786101587,0.08595289975197837,0.2020286581090375,1787812.95
272839,RTBRISCOE,2026-01-21,4.95,4.95,3671942,2026-04-08T04:35:34.90344+00:00,10.000000000000009,4.651162790697683,-0.919540229885063,-1.4084507042253502,4.454,3.8095,3.4572,4.290528268189532,4.7205500785067676,84.29099657968389,0.33873474735316744,0.10936487139530393,0.2293698759578635,1953580.35
272959,RTBRISCOE,2026-01-22,5.44,5.44,3982148,2026-04-08T04:35:36.566163+00:00,9.898989898989896,10.000000000000009,-0.9280742459396807,1.4285714285714235,4.688,3.914,3.498,4.623755495150133,4.786950785018102,87.92080337963704,0.4137267363016832,0.14748548827505575,0.26624124802662746,2081340.45
273079,RTBRISCOE,2026-01-23,5.98,5.98,6344131,2026-04-08T04:35:38.92405+00:00,9.926470588235304,9.898989898989896,-0.4683840749414414,1.4084507042253502,5.034000000000001,4.0505,3.5564,4.710707509298119,4.675897944482638,90.52040604771445,0.5108432320727241,0.19568158723687729,0.3151616448358468,2352505.65
273199,RTBRISCOE,2026-01-26,6.57,6.57,5384024,2026-04-08T04:35:43.383975+00:00,9.866220735785959,9.926470588235304,1.17647058823529,9.999999999999986,5.488000000000001,4.214,3.6308,4.919865604600682,4.667118822866616,92.43585894772265,0.6281756064566135,0.2504111692966134,0.37776443716000013,2597879.25
273319,RTBRISCOE,2026-01-27,7.22,7.22,6021473,2026-04-08T04:35:45.70946+00:00,9.893455098934535,9.866220735785959,4.651162790697683,9.84848484848484,6.032000000000001,4.415,3.7126,4.849656294054183,4.669549068400736,93.89857233823098,0.7647958358860807,0.3096251189808644,0.45517071690521627,2842723.1
273439,RTBRISCOE,2026-01-28,6.5,6.5,13635221,2026-04-08T04:35:48.193808+00:00,-9.972299168975063,9.893455098934535,10.000000000000009,-0.919540229885063,6.3420000000000005,4.5649999999999995,3.78,5.640547031642685,4.952012517727067,76.2983357215549,0.8056829576796964,0.2804097926195841,0.5252731650601123,3482671.9
273559,RTBRISCOE,2026-01-29,7.15,7.15,6424379,2026-04-08T04:35:50.479528+00:00,10.000000000000009,-9.972299168975063,9.898989898989896,-0.9280742459396807,6.684,4.7475000000000005,3.8554000000000004,5.775034954647114,5.012875765460377,79.95176856056455,0.8803873071455808,0.2840913136683747,0.5962959934772061,3784810.1
273679,RTBRISCOE,2026-01-30,7.86,7.86,5656250,2026-04-08T04:35:52.855058+00:00,9.93006993006993,10.000000000000009,9.926470588235304,-0.4683840749414414,7.06,4.9655000000000005,3.945,5.858173331816093,5.141969689424294,83.0289954047519,0.985521628725456,0.31138050819859997,0.674141120526856,4052566.3
273799,RTBRISCOE,2026-02-02,8.64,8.64,2321923,2026-04-08T04:35:57.524813+00:00,9.92366412213741,9.93006993006993,9.866220735785959,1.17647058823529,7.473999999999999,5.2225,4.0502,5.896008209045341,5.260059037655229,85.63720935080958,1.1188830302056951,0.35579352774307127,0.7630895024626239,4146138.2
273919,RTBRISCOE,2026-02-03,9.5,9.5,2381980,2026-04-08T04:36:00.137559+00:00,9.953703703703699,9.92366412213741,9.893455098934535,4.651162790697683,7.93,5.5200000000000005,4.1726,5.948573983821624,5.368952771998381,87.85370989956682,1.2792216435568147,0.4129057128753526,0.8663159306814621,4178070.15
274039,RTBRISCOE,2026-02-04,10.45,10.45,3118125,2026-04-08T04:36:02.592569+00:00,9.999999999999986,9.953703703703699,-9.972299168975063,10.000000000000009,8.72,5.867500000000001,4.311599999999999,5.826199720356671,5.477760551742757,89.73771810675801,1.466048515628981,0.47978606795801504,0.986262447670966,4261084.75
274159,RTBRISCOE,2026-02-05,11.49,11.49,1591544,2026-04-08T04:36:04.997535+00:00,9.952153110047846,9.999999999999986,10.000000000000009,9.898989898989896,9.588,6.2645,4.4784,5.802775986740108,5.282502740364966,91.32422461441475,1.6786787029718013,0.553933004240668,1.1247456987311333,4311900.95
274279,RTBRISCOE,2026-02-06,12.63,12.63,2685575,2026-04-08T04:36:07.533957+00:00,9.921671018276768,9.952153110047846,9.93006993006993,9.926470588235304,10.542,6.715999999999999,4.665,5.744196537458164,5.372136230346386,92.66316923500388,1.9170792349016832,0.63386682893644,1.2832124059652432,4404043.55
274399,RTBRISCOE,2026-02-09,13.89,13.89,3136489,2026-04-08T04:36:12.456447+00:00,9.976247030878849,0.0,9.953703703703699,9.893455098934535,12.218,7.6265,5.0618,5.873846045045732,5.459581004018852,93.87489167190961,2.288021180213562,0.6760388888925348,1.611982291321027,4095900.6
274519,RTBRISCOE,2026-02-10,15.27,15.27,1274771,2026-04-08T04:36:14.818506+00:00,9.935205183585305,9.976247030878849,9.999999999999986,-9.972299168975063,13.181999999999999,8.1745,5.3014,5.685781149703035,5.505149398377729,94.87352627126056,2.533434581609688,0.7371618322309288,1.7962727493787594,3963465.35
274639,RTBRISCOE,2026-02-11,14.4,14.4,19890253,2026-04-08T04:36:17.460702+00:00,-5.697445972495085,9.935205183585305,9.952153110047846,10.000000000000009,13.764000000000001,8.681000000000001,5.520600000000001,6.106220229118272,5.645162066259491,85.41836503974206,2.6274372797791923,0.6649316243203462,1.962505655458846,4886962.7
253,RTBRISCOE,2026-02-12,15.84,15.84,4632101,2026-02-12T09:23:59.581022+00:00,9.999999999999986,-5.697445972495085,9.921671018276768,9.93006993006993,14.406,9.2605,5.775399999999999,5.928657215037297,5.410383408404778,87.61796561548545,2.7860156070655044,0.6588079612853268,2.1272076457801776,5030144.75
274879,RTBRISCOE,2026-02-13,17.42,17.42,4955819,2026-04-08T04:36:22.38356+00:00,9.974747474747492,9.999999999999986,0.0,9.92366412213741,15.363999999999999,9.916500000000001,6.061800000000001,5.801452316066166,5.464013237771354,89.49111905115362,3.0045483067107295,0.7018725287444414,2.302675777966288,5109440.85
274999,RTBRISCOE,2026-02-16,15.68,15.68,5484251,2026-04-08T04:36:26.879081+00:00,-9.98851894374283,9.974747474747492,9.976247030878849,9.953703703703699,15.722,10.4755,6.313400000000001,6.972746932909749,5.774153251458892,75.87756346860361,3.002720099233791,0.5600354570140023,2.4426846422197888,5263898.7
275119,RTBRISCOE,2026-02-17,14.12,14.12,6084560,2026-04-08T04:36:29.440312+00:00,-9.948979591836737,-9.98851894374283,9.935205183585305,9.999999999999986,15.492,10.934000000000001,6.5358,7.844396175075233,6.006509643720173,66.16019950224077,2.842624266034095,0.3199516990514448,2.52267256698265,5384529.6
275239,RTBRISCOE,2026-02-18,13.35,13.35,6800988,2026-04-08T04:36:31.166521+00:00,-5.453257790368271,-9.948979591836737,-5.697445972495085,9.952153110047846,15.282,11.329500000000001,6.7428,8.154551715468948,6.116534203505063,61.94341826477038,2.6233739777319496,0.08056112859943898,2.5428128491325106,5525471.6
275359,RTBRISCOE,2026-02-19,14.18,14.18,4904287,2026-04-08T04:36:33.575564+00:00,6.2172284644194775,-5.453257790368271,9.999999999999986,9.921671018276768,14.95,11.7395,6.966,8.076251567366773,6.119775368191024,64.5651424840173,2.4879115127917277,-0.043921069072626384,2.531832581864354,5453479.4
604,RTBRISCOE,2026-02-20,13.8,13.8,2486181,2026-02-20T23:15:44.934622+00:00,-2.6798307475317307,6.2172284644194775,9.974747474747492,0.0,14.225999999999999,12.101,7.178000000000001,8.142804061716273,6.165582913574793,62.44414978601337,2.323114293675694,-0.16697463055092854,2.4900889242266224,5308587.25
752,RTBRISCOE,2026-02-23,12.77,12.77,3209243,2026-02-23T07:00:01.990412+00:00,-7.463768115942038,-2.6798307475317307,-9.98851894374283,9.976247030878849,13.644,12.378499999999999,7.3694,8.412975296441806,6.331514268410062,56.98023856439276,2.085360184183923,-0.3237829920341597,2.4091431762180826,5167975.75
900,RTBRISCOE,2026-02-24,11.5,11.5,3500887,2026-02-24T07:00:01.929914+00:00,-9.94518402505873,-7.463768115942038,-9.948979591836737,9.935205183585305,13.12,12.628499999999999,7.535399999999999,8.410737811208776,6.5790663111864145,51.04893999978983,1.77401026724098,-0.5081063271816819,2.282116594422662,4661259.05
1048,RTBRISCOE,2026-02-25,10.35,10.35,5282129,2026-02-25T07:00:01.953057+00:00,-9.999999999999998,-9.94518402505873,-5.453257790368271,-5.697445972495085,12.52,12.7885,7.6784,8.745781267953452,6.8137763475152155,46.34455317893531,1.4181206141689753,-0.6911967842029494,2.1093173983719247,4604146.55
1196,RTBRISCOE,2026-02-26,11.38,11.38,2169090,2026-02-26T07:00:01.915173+00:00,9.951690821256044,-9.999999999999998,6.2172284644194775,9.999999999999986,11.959999999999999,12.964500000000001,7.84,8.746784377340914,6.892424413367181,50.72452376541342,1.2052940128827174,-0.7232187083913659,1.9285127212740834,4429788.55
1884,RTBRISCOE,2026-02-27,12.51,12.51,4014269,2026-02-27T07:00:02.056517+00:00,9.92970123022847,9.951690821256044,-2.6798307475317307,9.974747474747492,11.702000000000002,13.158000000000001,8.0262,8.747063909841323,6.914727769811618,55.05890338684921,1.1149564305315725,-0.6508450325940089,1.7658014631255814,4514405.85
2765,RTBRISCOE,2026-02-28,12.51,12.51,4014269,2026-02-28T18:00:03.453641+00:00,0.0,9.92970123022847,-7.463768115942038,-9.98851894374283,11.65,13.3085,8.2104,8.565875084106239,6.927659421416342,55.05890338684921,1.031473066233307,-0.5874627175138196,1.6189357837471265,4596020.3
2913,RTBRISCOE,2026-03-01,12.51,12.51,4014269,2026-03-01T18:00:03.821122+00:00,0.0,0.0,-9.94518402505873,-9.948979591836737,11.852,13.4115,8.394599999999999,8.347050416071014,6.927659421416342,55.05890338684921,0.9543111931650561,-0.5316996724656564,1.4860108656307125,4640827.5
3061,RTBRISCOE,2026-03-02,12.55,12.55,3172260,2026-03-02T07:00:01.981706+00:00,0.3197442046362964,0.0,-9.999999999999998,-5.453257790368271,12.292,13.464500000000001,8.5786,8.091528596140336,6.9347173934780955,55.23299975348256,0.8861722761666808,-0.47987087157122543,1.3660431477379062,4719863.3
4025,RTBRISCOE,2026-03-03,13.4,13.4,3766528,2026-03-03T07:00:01.858909+00:00,6.7729083665338585,0.3197442046362964,9.951690821256044,6.2172284644194775,12.696,13.503,8.781600000000001,7.932808335823335,6.9026411702657215,58.878511381004444,0.8904945232344321,-0.3804388996027792,1.2709334228372113,4773910.95
5462,RTBRISCOE,2026-03-04,13.4,13.4,1330789,2026-03-04T07:00:02.010027+00:00,0.0,6.7729083665338585,9.92970123022847,-2.6798307475317307,12.874,13.541500000000003,8.983600000000001,7.932808335823335,6.9131916428090046,58.87851138100444,0.8837328134073488,-0.30976048754388996,1.1934933009512387,4706171.65
7180,RTBRISCOE,2026-03-05,13.4,13.4,958386,2026-03-05T07:00:02.0033+00:00,0.0,0.0,0.0,-7.463768115942038,13.052000000000001,13.517000000000001,9.1876,7.619331211502571,6.871733238759253,58.878511381004444,0.8683641482903184,-0.2601033221287363,1.1284674704190547,4597266.5
9696,RTBRISCOE,2026-03-06,12.06,12.06,1325640,2026-03-06T07:00:02.033178+00:00,-9.999999999999998,0.0,0.0,-9.94518402505873,12.962,13.3565,9.3588,7.568240582616611,7.056516077036143,50.74248822348405,0.7395326967223852,-0.31114781895733556,1.0506805156797208,4599809.95
11354,RTBRISCOE,2026-03-07,12.06,12.06,1325640,2026-03-07T18:00:06.285951+00:00,0.0,-9.999999999999998,0.3197442046362964,-9.999999999999998,12.863999999999999,13.239500000000001,9.53,7.484948966029984,7.056516077036143,50.74248822348406,0.6301686512293045,-0.33640949156033306,0.9665781427896376,3671579.3
11502,RTBRISCOE,2026-03-08,12.06,12.06,1325640,2026-03-08T18:00:03.574352+00:00,0.0,0.0,6.7729083665338585,9.951690821256044,12.596,13.0505,9.7012,7.06045786797941,7.056516077036143,50.74248822348405,0.5373031608717138,-0.34341998553433906,0.8807231464060529,3506256.25
11650,RTBRISCOE,2026-03-09,10.87,10.87,4010849,2026-03-09T07:00:02.016534+00:00,-9.867330016583754,0.0,0.0,9.92970123022847,12.09,12.722999999999999,9.8486,6.809667264057289,7.269700858883906,43.998868448716195,0.3634934101827554,-0.413783788978638,0.7772771991613934,3459007.75
14166,RTBRISCOE,2026-03-10,11.45,11.45,2940403,2026-03-10T07:00:03.966079+00:00,5.33578656853726,-9.867330016583754,0.0,0.0,11.7,12.5115,10.006599999999999,6.738025287701389,7.278385247348149,47.650599182341864,0.2694431108089823,-0.4062672706819289,0.6757103814909112,3331815.35
16006,RTBRISCOE,2026-03-11,11.45,11.45,951529,2026-03-11T07:00:02.147117+00:00,0.0,5.33578656853726,-9.999999999999998,0.0,11.578,12.378,10.165600000000001,6.429298899337369,7.265153844837988,47.65059918234187,0.19268640205962662,-0.3864191835450277,0.5791055856046543,3075163.8
17722,RTBRISCOE,2026-03-12,11.45,11.45,1586844,2026-03-12T07:00:02.06753+00:00,0.0,0.0,0.0,0.3197442046362964,11.456,12.283,10.323599999999999,6.338533950821136,7.272889183904955,47.65059918234187,0.13035352310147452,-0.35900165000254386,0.4893551731040184,2814456.6
20238,RTBRISCOE,2026-03-13,10.4,10.4,1338471,2026-03-13T07:00:01.993197+00:00,-9.170305676855882,0.0,0.0,6.7729083665338585,11.123999999999999,12.094,10.4596,6.404679669221118,7.460561379682824,41.52772371601161,-0.0037289720720234953,-0.3944673161408335,0.39073834406881003,2636165.8
23684,RTBRISCOE,2026-03-16,10.5,10.5,1162521,2026-03-16T08:30:01.80086+00:00,0.9615384615384581,-9.170305676855882,-9.867330016583754,0.0,11.05,11.928999999999998,10.590400000000002,6.416358641434974,7.382166135053299,42.28830610644976,-0.10075965664303155,-0.39319840056947325,0.2924387439264417,2569982.8
25515,RTBRISCOE,2026-03-17,11.2,11.2,1408636,2026-03-17T08:30:01.70448+00:00,6.666666666666665,0.9615384615384581,5.33578656853726,0.0,10.999999999999998,11.8505,10.7274,6.463355196809569,7.3287283467007995,47.441991346545564,-0.11979213422267243,-0.3297847025192913,0.2099925682966189,2479952.45
27378,RTBRISCOE,2026-03-18,11.2,11.2,252762,2026-03-18T08:30:01.732403+00:00,0.0,6.666666666666665,0.0,-9.999999999999998,10.95,11.8355,10.8652,6.064857492067109,7.321961030781752,47.441991346545564,-0.1333384669791151,-0.2746648282205872,0.14132636124147208,2317546.2
33192,RTBRISCOE,2026-03-23,11.2,11.2,1939097,2026-03-23T08:30:01.705825+00:00,0.0,0.0,0.0,0.0,10.899999999999999,11.878,11.003799999999998,5.5864828920331915,7.315065674479379,47.44199134654556,-0.142432163959473,-0.22700682016075607,0.08457465620128307,2150394.6
34770,RTBRISCOE,2026-03-24,11.2,11.2,405777,2026-03-24T15:00:01.978259+00:00,0.0,0.0,-9.170305676855882,0.0,11.059999999999999,11.869,11.1428,5.129003262820181,7.311865458198404,47.44199134654556,-0.14793369676220713,-0.18600668237079215,0.03807298560858503,2062228.95
34918,RTBRISCOE,2026-03-25,11.4,11.4,2208236,2026-03-25T15:00:01.528164+00:00,1.7857142857143016,0.0,0.9615384615384581,-9.867330016583754,11.239999999999998,11.813500000000001,11.2848,4.599044670693924,7.310600253896647,49.18584279003394,-0.13460374443657486,-0.1381413840361279,0.003537639599553055,1971927.3
35066,RTBRISCOE,2026-03-26,11.5,11.5,1845107,2026-03-26T15:00:01.955832+00:00,0.8771929824561431,1.7857142857143016,6.666666666666665,5.33578656853726,11.3,11.763,11.4248,4.60683236640604,7.304584605295141,50.07774948940296,-0.1146488958118006,-0.09454922832908291,-0.02009966748271768,1863469.2
35214,RTBRISCOE,2026-03-27,10.71,10.71,3027529,2026-03-27T15:00:02.114662+00:00,-6.869565217391294,0.8771929824561431,0.0,0.0,11.202,11.672999999999998,11.54,4.832599362860961,7.324436045174561,43.57126182006086,-0.16072815804809792,-0.1125027924523042,-0.048225365595793726,1814132.2
278239,RTBRISCOE,2026-03-30,10.71,10.71,1263429,2026-04-08T04:37:47.74327+00:00,0.0,-6.869565217391294,0.0,0.0,11.104000000000001,11.581,11.645400000000002,4.829717763445644,7.234793183511645,43.57126182006087,-0.19499848420988997,-0.11741849489127698,-0.07757998931861299,1718690.65
35362,RTBRISCOE,2026-03-31,9.65,9.65,3618668,2026-03-31T15:00:02.085058+00:00,-9.897292250233436,0.0,0.0,-9.170305676855882,10.794,11.3935,11.718800000000002,4.9143695341926215,7.313075306779289,36.24337741276682,-0.3041846544596165,-0.18128373211280283,-0.12290092234681368,1711297.65
278479,RTBRISCOE,2026-04-01,10.5,10.5,2179165,2026-04-08T04:37:52.684906+00:00,8.808290155440401,-9.897292250233436,1.7857142857143016,0.9615384615384581,10.614,11.2485,11.7974,5.42488179706299,7.289051318296975,44.32886625912358,-0.31845661514575774,-0.15644455423915524,-0.1620120609066025,1753716.45
35510,RTBRISCOE,2026-04-02,10.5,10.5,287860,2026-04-02T15:00:01.864809+00:00,0.0,8.808290155440401,0.8771929824561431,6.666666666666665,10.414,11.1035,11.863,5.42488179706299,7.181811333469294,44.32886625912357,-0.3260092155107337,-0.13119772368330496,-0.19481149182742874,1720190.15
35954,RTBRISCOE,2026-04-07,9.86,9.86,1047525,2026-04-07T15:00:01.949344+00:00,-6.0952380952380985,0.0,-6.869565217391294,0.0,10.244,10.993500000000001,11.9302,5.149814924246994,7.081097959805652,39.90924635179875,-0.3792654213179283,-0.1475631435923996,-0.23170227772552868,1706284.4
278851,RTBRISCOE,2026-04-08,9.86,9.86,796979,2026-04-08T15:00:01.943007+00:00,0.0,-6.0952380952380985,0.0,0.0,10.074,10.8835,11.9844,5.149814924246994,6.964344102959429,39.90924635179874,-0.41666825582421474,-0.14797278247894885,-0.2686954733452659,1679851.35
278998,RTBRISCOE,2026-04-09,8.88,8.88,2628083,2026-04-09T15:00:02.085141+00:00,-9.939148073022297,0.0,-9.897292250233436,0.0,9.92,10.724499999999999,12.0048,5.526873797473864,7.004298951020814,33.90595117477672,-0.5194007528781519,-0.20056422362630877,-0.31883652925184314,1744973.5
279144,RTBRISCOE,2026-04-10,8.4,8.4,4898661,2026-04-10T15:00:01.352272+00:00,-5.405405405405405,-9.939148073022297,8.808290155440401,1.7857142857143016,9.5,10.601,12.0,5.2488917770061425,6.9176757348896105,31.413469779259334,-0.6322606778876096,-0.2507393189086132,-0.38152135897899647,1789364.1
279290,RTBRISCOE,2026-04-13,8.3,8.3,2000388,2026-04-13T15:00:02.021173+00:00,-1.1904761904761862,-5.405405405405405,0.0,0.8771929824561431,9.06,10.4435,11.975999999999999,5.022638454135046,6.774337175470705,30.903774091312435,-0.7214556541441652,-0.271947436132135,-0.4495082180120302,1742363.35
279436,RTBRISCOE,2026-04-14,8.3,8.3,1066585,2026-04-14T15:00:02.477878+00:00,0.0,-1.1904761904761862,-6.0952380952380985,-6.869565217391294,8.748000000000001,10.286,11.933000000000002,5.022638454135046,6.617540791369261,30.90377409131243,-0.78311604119253,-0.26688625854439985,-0.5162297826481301,1748116.15
279582,RTBRISCOE,2026-04-15,8.9,8.9,1463656,2026-04-15T15:00:02.184222+00:00,7.2289156626506035,0.0,0.0,0.0,8.556000000000001,10.1585,11.881200000000002,5.381535652124187,6.5426892030714585,37.91367126610543,-0.7746378140515908,-0.2067264251227685,-0.5679113889288223,1741956.75
279728,RTBRISCOE,2026-04-16,9.01,9.01,869645,2026-04-16T15:00:02.07143+00:00,1.2359550561797716,7.2289156626506035,-9.939148073022297,-9.897292250233436,8.582,10.089,11.808800000000002,5.054538136092162,6.3790441004136245,39.13284732390687,-0.750392618268215,-0.14598498347151412,-0.6044076347967009,1718515.45
279874,RTBRISCOE,2026-04-17,8.9,8.9,572697,2026-04-17T15:00:02.06245+00:00,-1.220865704772467,1.2359550561797716,-5.405405405405405,8.808290155440401,8.682,10.009,11.734200000000001,5.04278622615815,6.379534422419744,38.322431001139165,-0.7316205404519724,-0.10177032452421719,-0.6298502159277553,1689024.25
280020,RTBRISCOE,2026-04-20,9.7,9.7,1283449,2026-04-20T15:00:01.862344+00:00,8.988764044943798,-1.220865704772467,-1.1904761904761862,0.0,8.962,9.934000000000001,11.650400000000001,5.244056647303015,6.347899581853773,46.93029488365846,-0.6447578522432131,-0.011926109052366352,-0.6328317431908468,1682764.9
280166,RTBRISCOE,2026-04-21,9.16,9.16,394607,2026-04-21T15:00:02.189846+00:00,-5.567010309278341,8.988764044943798,0.0,-6.0952380952380985,9.134,9.832,11.5282,5.357900719823948,6.203928767217789,42.60769859603147,-0.6124322947891354,0.016319558721369143,-0.6287518535105046,1689857.15
280312,RTBRISCOE,2026-04-22,9.1,9.1,954125,2026-04-22T15:00:02.200159+00:00,-0.6550218340611424,-5.567010309278341,7.2289156626506035,0.0,9.174,9.727,11.4222,5.35434857460917,6.163994586165494,42.143224679310784,-0.5849130427121327,0.03507104863869748,-0.6199840913508302,1640608.55
280458,RTBRISCOE,2026-04-23,9.1,9.1,2239790,2026-04-23T15:00:02.125151+00:00,0.0,-0.6550218340611424,1.2359550561797716,-9.939148073022297,9.191999999999998,9.622,11.2874,5.35434857460917,5.96798549445435,42.143224679310784,-0.5566866994300117,0.05063791353665481,-0.6073246129666665,1732309.2
280604,RTBRISCOE,2026-04-24,9.02,9.02,674959,2026-04-24T15:00:02.20649+00:00,-0.879120879120876,0.0,-1.220865704772467,-5.405405405405405,9.216,9.503,11.1194,5.31713630943721,5.75706211112539,41.4445914793002,-0.5346098014234499,0.0581718492345733,-0.5927816506580232,1655645.35
280750,RTBRISCOE,2026-04-27,9.03,9.03,796389,2026-04-27T15:00:02.034997+00:00,0.11086474501107446,-0.879120879120876,8.988764044943798,-1.1904761904761862,9.081999999999999,9.3795,10.986400000000001,5.305425163452514,5.615823085230388,41.57497271021317,-0.5104229462738807,0.06588696350731404,-0.5763099097811948,1603209.45
280896,RTBRISCOE,2026-04-28,9.04,9.04,740882,2026-04-28T15:00:01.918241+00:00,0.11074197120708451,0.11086474501107446,-5.567010309278341,0.0,9.058,9.296,10.8848,5.130346768079646,5.4646866964220875,41.71473548576609,-0.484858624475514,0.07316102824454473,-0.5580196527200587,1488877.1
281042,RTBRISCOE,2026-04-29,9.68,9.68,2529057,2026-04-29T15:00:02.672724+00:00,7.079646017699126,0.11074197120708451,-0.6550218340611424,7.2289156626506035,9.174,9.2445,10.8114,5.418655263467702,5.531111228400571,49.964401215025056,-0.408250011961405,0.11981571260692303,-0.528065724568328,1552158.5
281188,RTBRISCOE,2026-04-30,10.64,10.64,969614,2026-04-30T15:00:02.170664+00:00,9.917355371900838,7.079646017699126,0.0,1.2359550561797716,9.482,9.294,10.740599999999999,5.39531448811964,5.646225750987366,59.27564568860096,-0.2669954008809867,0.20885625894987303,-0.47585165983085975,1419705.8
281480,RTBRISCOE,2026-05-04,11.7,11.7,703963,2026-05-04T15:00:02.156928+00:00,9.962406015037573,9.917355371900838,-0.879120879120876,-1.220865704772467,10.017999999999999,9.354000000000001,10.698599999999999,5.492722478363033,5.82304551375692,66.65444771682573,-0.06872474660566219,0.3257015305801581,-0.3944262771858203,1345945.7
281626,RTBRISCOE,2026-05-05,12.87,12.87,969338,2026-05-05T15:00:01.930748+00:00,10.000000000000009,9.962406015037573,0.11086474501107446,8.988764044943798,10.785999999999998,9.4725,10.7006,5.869401663528186,5.899413874214432,72.56358068550658,0.18073203092179213,0.46012664648609,-0.27939461556429784,1380019.6
281772,RTBRISCOE,2026-05-06,14.15,14.15,4755428,2026-05-06T15:00:01.919787+00:00,9.945609945609956,10.000000000000009,0.11074197120708451,-5.567010309278341,11.808,9.687,10.7536,5.918111868564192,5.8728256761529,77.30243996631222,0.476224012962712,0.6044949028216079,-0.1282708898588959,1565414.75
281918,RTBRISCOE,2026-05-07,13.06,13.06,12066839,2026-05-07T15:00:01.995523+00:00,-7.7031802120141375,9.945609945609956,7.079646017699126,-0.6550218340611424,12.484,9.847,10.8078,6.292972081094074,5.796835478223307,66.73223805885792,0.6153562038726914,0.5949016749852698,0.020454528887421566,2128907.75
282064,RTBRISCOE,2026-05-08,14.8,14.8,3400514,2026-05-08T15:00:02.118161+00:00,13.32312404287903,-7.7031802120141375,9.917355371900838,0.0,13.315999999999999,10.143,10.876199999999999,6.196794135855822,5.925648058551733,73.06407129919606,0.856153718644066,0.6685593518053156,0.18759436683875044,2167529.3
282210,RTBRISCOE,2026-05-11,16.0,16.0,4932911,2026-05-11T15:00:02.243132+00:00,8.108108108108091,13.32312404287903,9.962406015037573,-0.879120879120876,14.175999999999998,10.523,10.946,5.992501177274525,5.873098548914751,76.40011984656869,1.1307824983806825,0.7545505052335456,0.37623199314713685,2169241.8
282356,RTBRISCOE,2026-05-12,17.0,17.0,2759972,2026-05-12T15:00:02.325735+00:00,6.25,8.108108108108091,10.000000000000009,0.11086474501107446,15.001999999999999,10.958,11.0358,5.920442755452466,5.92501175146667,78.76082373169412,1.4128331662839475,0.8292809385094485,0.583552227774499,2207221.0
282502,RTBRISCOE,2026-05-13,17.0,17.0,1735533,2026-05-13T15:00:01.887561+00:00,0.0,6.25,9.945609945609956,0.11074197120708451,15.572,11.393,11.125599999999999,5.920442755452466,5.92501175146667,78.76082373169413,1.617712371435692,0.8273281149289544,0.7903842565067376,2240668.4
282648,RTBRISCOE,2026-05-14,15.3,15.3,4420280,2026-05-14T15:00:01.952989+00:00,-9.999999999999998,0.0,-7.7031802120141375,7.079646017699126,16.02,11.713,11.1806,6.610315193497914,6.118198068083818,65.78644867716146,1.6241822629769658,0.6670384051761825,0.9571438578007833,2388499.6
282794,RTBRISCOE,2026-05-15,15.97,15.97,2514124,2026-05-15T15:00:01.871578+00:00,4.379084967320268,-9.999999999999998,13.32312404287903,9.917355371900838,16.253999999999998,12.061,11.232000000000001,6.604771497665102,6.077983485289754,68.02225701198472,1.6641893601904787,0.5656364019117563,1.0985529582787223,2470723.55
282940,RTBRISCOE,2026-05-18,15.6,15.6,1944426,2026-05-18T15:00:01.868607+00:00,-2.3168440826549896,4.379084967320268,8.108108108108091,9.962406015037573,16.174,12.396,11.276,6.646985388334452,6.090942216463022,65.4775350298646,1.647053161594906,0.43880016265294697,1.208252998941959,2539310.0
283086,RTBRISCOE,2026-05-19,14.4,14.4,374120,2026-05-19T15:00:01.863653+00:00,-7.692307692307687,-2.3168440826549896,6.25,10.000000000000009,15.654,12.630999999999998,11.296000000000001,6.9045072508493215,6.199644568865391,57.91072993122822,1.5191310326485734,0.24870242696529132,1.270428605683282,2493843.55
283232,RTBRISCOE,2026-05-20,14.2,14.2,1397858,2026-05-20T15:00:01.871845+00:00,-1.388888888888895,-7.692307692307687,0.0,9.945609945609956,15.094,12.883,11.338799999999999,6.717208818914649,6.023880985714473,56.73394621065579,1.3856406919339435,0.09216966900052892,1.2934710229334145,2544006.1
283378,RTBRISCOE,2026-05-21,12.78,12.78,2959825,2026-05-21T15:00:01.939198+00:00,-9.999999999999998,-1.388888888888895,-9.999999999999998,-7.7031802120141375,14.59,13.066999999999998,11.3532,7.247042412443682,6.204272836717013,49.10436432976601,1.1519871122636882,-0.11318712853578106,1.2651742407994693,2644291.1
283524,RTBRISCOE,2026-05-22,14.06,14.06,1447560,2026-05-22T15:00:02.031345+00:00,10.015649452269182,-9.999999999999998,4.379084967320268,13.32312404287903,14.207999999999998,13.315000000000001,11.3932,7.4477211896984,6.354120321037877,54.9813726219068,1.0579053947184622,-0.16581507686480568,1.223720471583268,2604679.6
283670,RTBRISCOE,2026-05-25,13.03,13.03,2048206,2026-05-25T15:00:01.979384+00:00,-7.3257467994310215,10.015649452269182,-2.3168440826549896,8.108108108108091,13.693999999999999,13.5155,11.436399999999999,7.733896591871658,6.279177228054634,49.98005508126373,0.8899735032546108,-0.2669975746629256,1.1569710779175364,2673341.95
283816,RTBRISCOE,2026-05-26,13.6,13.6,618842,2026-05-26T15:00:01.996051+00:00,4.374520337682264,-7.3257467994310215,-7.692307692307687,6.25,13.534,13.744,11.4794,7.7338188300235045,6.265699567281844,52.552266363512224,0.7937308703042483,-0.29059216609063054,1.0843230363948788,2664464.6
284254,RTBRISCOE,2026-05-29,12.5,12.5,1252176,2026-05-29T15:00:02.455558+00:00,-8.088235294117641,4.374520337682264,-1.388888888888895,0.0,13.193999999999999,13.917000000000002,11.500399999999999,8.068915803842051,6.383135868202633,47.478157302992,0.6215324442570509,-0.37023247371026236,0.9917649179673133,2690029.3
284400,RTBRISCOE,2026-06-01,14.9,14.9,2506368,2026-06-01T15:00:02.603507+00:00,19.199999999999996,-8.088235294117641,-9.999999999999998,-9.999999999999998,13.618,14.178,11.5694,8.888603839012685,6.915470340370558,57.19027661438442,0.670989148131671,-0.2566206158685138,0.9276097640001848,2688894.85
284546,RTBRISCOE,2026-06-02,14.86,14.86,1069643,2026-06-02T15:00:02.980523+00:00,-0.26845637583893245,19.199999999999996,10.015649452269182,4.379084967320268,13.778,14.389,11.6586,8.7346148749192,6.767646915253857,57.001089894689194,0.698899794778379,-0.1829679753774447,0.8818677701558237,2693896.3
284692,RTBRISCOE,2026-06-03,14.86,14.86,730664,2026-06-03T15:00:03.023028+00:00,0.0,-0.26845637583893245,-7.3257467994310215,-2.3168440826549896,14.144,14.547,11.7458,8.540879985474753,6.76894046829183,57.0010898946892,0.7128024405012603,-0.13525226372365085,0.8480547042249111,2695231.35
284838,RTBRISCOE,2026-06-04,14.86,14.86,206134,2026-06-04T15:00:03.321931+00:00,0.0,0.0,4.374520337682264,-7.692307692307687,14.396,14.6465,11.819,8.309152927591661,6.718853683975978,57.00108989468919,0.7155717220163247,-0.10598638576686925,0.8215581077831939,2657071.15
284984,RTBRISCOE,2026-06-05,14.86,14.86,358937,2026-06-05T15:00:03.073061+00:00,0.0,0.0,-8.088235294117641,-1.388888888888895,14.868,14.681999999999999,11.8922,8.041460814547241,6.718853683975978,57.0010898946892,0.7095867235222428,-0.08957710740876101,0.7991638309310038,2437246.6
285130,RTBRISCOE,2026-06-08,13.45,13.45,1724622,2026-06-08T15:00:03.135386+00:00,-9.488559892328396,0.0,19.199999999999996,-9.999999999999998,14.577999999999998,14.7015,11.9372,8.147041097812645,6.873665503745495,49.27295162768702,0.5843325312716381,-0.17186503972749267,0.7561975709991308,1920135.75
285276,RTBRISCOE,2026-06-09,13.45,13.45,704906,2026-06-09T15:00:03.53749+00:00,0.0,-9.488559892328396,-0.26845637583893245,10.015649452269182,14.295999999999998,14.634,11.9822,7.563171515301466,6.873665503745495,49.272951627687014,0.47953984467903865,-0.22132618105607382,0.7008660257351125,1785355.35
285422,RTBRISCOE,2026-06-10,13.55,13.55,1183854,2026-06-10T15:10:03.084397+00:00,0.743494423791824,0.0,0.0,-7.3257467994310215,14.033999999999997,14.511500000000002,12.0252,7.311869814600261,6.871558474680661,49.832406737271896,0.3999496788907724,-0.24073307747547212,0.6406827563662445,1597902.5
285860,RTBRISCOE,2026-06-11,13.55,13.55,593706,2026-06-11T15:10:02.991492+00:00,0.0,0.743494423791824,0.0,4.374520337682264,13.772,14.338999999999999,12.066200000000002,7.136030915729775,6.871886720945492,49.8324067372719,0.3330348802943739,-0.24611830085749653,0.5791531811518704,1489589.2
287612,RTBRISCOE,2026-06-15,12.7,12.7,1226241,2026-06-15T15:10:02.896252+00:00,-6.273062730627322,0.0,0.0,-8.088235294117641,13.339999999999998,14.124,12.106,7.231940101357945,6.8592388189586995,44.9458439462222,0.20900721894056495,-0.29611676976904444,0.5051239887096094,1464124.6
288488,RTBRISCOE,2026-06-16,12.65,12.65,747520,2026-06-16T15:10:02.87997+00:00,-0.393700787401563,-6.273062730627322,-9.488559892328396,19.199999999999996,13.180000000000001,13.991499999999998,12.144799999999998,6.929868701228859,6.860129783711439,44.66836664915322,0.10546409715122174,-0.3197279132467101,0.42519201039793186,1280486.6
289364,RTBRISCOE,2026-06-17,11.95,11.95,1322601,2026-06-17T15:10:02.980097+00:00,-5.5335968379446765,-0.393700787401563,0.0,-0.26845637583893245,12.879999999999999,13.7905,12.1908,6.899937182063662,6.751273241988757,40.86472803427107,-0.03270175720967394,-0.3663150140860847,0.33361325687641075,1220910.45
289802,RTBRISCOE,2026-06-18,11.95,11.95,330829,2026-06-18T15:10:02.932064+00:00,0.0,-5.5335968379446765,0.743494423791824,0.0,12.559999999999999,13.607999999999999,12.2198,6.900033383696707,6.648105088090726,40.86472803427107,-0.14057868860684586,-0.3793535563866053,0.23877486777975943,1140230.6
290386,RTBRISCOE,2026-06-19,13.1,13.1,1399015,2026-06-19T15:10:02.959085+00:00,9.623430962343104,0.0,0.0,0.0,12.47,13.543000000000001,12.271799999999999,7.113169152903697,6.772334095336856,49.119739302349195,-0.13175772387691786,-0.2964260733253419,0.16466834944842398,1191475.35
291116,RTBRISCOE,2026-06-22,12.85,12.85,1061455,2026-06-22T15:10:03.140564+00:00,-1.9083969465648831,9.623430962343104,-6.273062730627322,0.0,12.5,13.4755,12.331599999999998,7.118531327858978,6.712681926892586,47.56525010518924,-0.14328821904433298,-0.24636525479420557,0.10307703574987259,1174655.2
291700,RTBRISCOE,2026-06-23,12.85,12.85,326875,2026-06-23T15:10:03.017319+00:00,0.0,-1.9083969465648831,-0.393700787401563,-9.488559892328396,12.540000000000001,13.479,12.391399999999999,6.739978672216187,6.712681926892586,47.56525010518926,-0.15068916860234083,-0.20301296348177075,0.05232379487942992,1043007.7
292284,RTBRISCOE,2026-06-24,11.65,11.65,728421,2026-06-24T15:10:03.053149+00:00,-9.33852140077821,0.0,-5.5335968379446765,0.0,12.48,13.358499999999998,12.446799999999998,6.650433669568307,6.693678663437518,40.44065148359398,-0.25049687359961403,-0.24225653478323517,-0.008240338816378874,1007050.75
292868,RTBRISCOE,2026-06-25,11.8,11.8,626481,2026-06-25T15:10:02.973562+00:00,1.2875536480686733,-9.33852140077821,0.0,0.743494423791824,12.45,13.297,12.514800000000001,6.477737050717314,6.634544997892594,41.617838555060416,-0.31387331627725246,-0.24450638196869887,-0.06936693430855359,935964.5
293306,RTBRISCOE,2026-06-26,11.8,11.8,642752,2026-06-26T15:10:03.012808+00:00,0.0,1.2875536480686733,9.623430962343104,0.0,12.190000000000001,13.206999999999999,12.5848,6.384663842081079,6.629049022997447,41.61783855506041,-0.35995032046882613,-0.23246670892821802,-0.1274836115406081,937160.0
293744,RTBRISCOE,2026-06-29,11.8,11.8,414051,2026-06-29T15:10:03.028054+00:00,0.0,0.0,-1.9083969465648831,-6.273062730627322,11.98,13.172,12.654799999999998,6.131311909528835,6.629049022997447,41.617838555060416,-0.3919485394739741,-0.2115719423466928,-0.18037659712728132,895253.75
294182,RTBRISCOE,2026-06-30,9.95,9.95,2263837,2026-06-30T15:10:03.08168+00:00,-15.67796610169493,0.0,0.0,-0.393700787401563,11.4,12.9245,12.675799999999999,5.243572727195847,6.966864148835814,31.904268851174226,-0.5601300667347164,-0.30380277568594805,-0.2563272910487684,883127.2
294620,RTBRISCOE,2026-07-01,9.95,9.95,551319,2026-07-01T15:10:03.133226+00:00,0.0,-15.67796610169493,-9.33852140077821,-5.5335968379446765,11.059999999999999,12.679,12.694600000000001,5.248206587116991,6.966242840325543,31.904268851174223,-0.6855129719477233,-0.34334854471916393,-0.3421644272285594,857211.0
295058,RTBRISCOE,2026-07-02,9.25,9.25,2060481,2026-07-02T15:10:03.065554+00:00,-7.0351758793969825,0.0,1.2875536480686733,0.0,10.55,12.3985,12.701600000000001,5.352555977086502,7.042542028021463,28.9401488696113,-0.8317757840439786,-0.3916890854523353,-0.4400866985916433,923701.85
295496,RTBRISCOE,2026-07-03,10.15,10.15,1751412,2026-07-03T15:10:03.019266+00:00,9.72972972972974,-7.0351758793969825,0.0,9.623430962343104,10.219999999999999,12.163,12.7106,5.9696027101001,7.061913421832905,37.039402121210614,-0.8650953572357007,-0.3400069269152459,-0.5250884303204548,1000965.75
295934,RTBRISCOE,2026-07-06,11.15,11.15,724610,2026-07-06T15:10:03.100823+00:00,9.852216748768484,9.72972972972974,0.0,-1.9083969465648831,10.09,11.9775,12.750399999999999,6.501247798483387,7.135316895946397,44.59565807462325,-0.8015697196253893,-0.22118503144394752,-0.5803846881814417,1019249.4
296372,RTBRISCOE,2026-07-07,12.25,12.25,1184991,2026-07-07T15:10:03.687653+00:00,9.865470852017943,9.852216748768484,-15.67796610169493,0.0,10.55,11.9175,12.8134,6.644634522970643,7.250508150657064,51.492135809382205,-0.6549149355190149,-0.05962419787005857,-0.5952907376489563,992267.85
296810,RTBRISCOE,2026-07-08,13.4,13.4,1719560,2026-07-08T15:10:02.922872+00:00,9.387755102040817,9.865470852017943,0.0,-9.33852140077821,11.24,11.915000000000001,12.899399999999998,6.986243845268195,7.348894773488404,57.454602450679616,-0.44081315383431807,0.1235820670517106,-0.5643952208860287,1043000.55
297249,RTBRISCOE,2026-07-09,13.4,13.4,2114803,2026-07-09T15:10:03.041812+00:00,0.0,9.387755102040817,-7.0351758793969825,1.2875536480686733,12.07,11.9075,12.986999999999998,6.985269881324654,7.345262481992928,57.4546024506796,-0.26804608096073146,0.2370793119402378,-0.5051253929009693,1089548.0
297687,RTBRISCOE,2026-07-10,13.4,13.4,785867,2026-07-10T15:10:03.284445+00:00,0.0,0.0,9.72972972972974,0.0,12.720000000000002,11.9,13.0744,6.985269881324654,7.345570547002574,57.45460245067961,-0.12963260698899504,0.3003942287295794,-0.4300268357185744,1099156.05
298125,RTBRISCOE,2026-07-13,12.1,12.1,1315068,2026-07-13T15:10:02.995074+00:00,-9.701492537313438,0.0,9.852216748768484,0.0,12.91,11.870000000000001,13.1356,7.190985549931468,7.50073103907744,48.958137685856464,-0.12341541106254539,0.24528913972482325,-0.36870455078736863,1103597.4
298563,RTBRISCOE,2026-07-14,13.15,13.15,3094917,2026-07-14T15:10:03.094441+00:00,8.677685950413228,-9.701492537313438,9.865470852017943,-15.67796610169493,13.09,11.895,13.205,7.445893328847522,7.531124763334568,54.77540182310971,-0.03337726142145314,0.2682618314927324,-0.30163909291418556,1220967.25
299001,RTBRISCOE,2026-07-15,12.75,12.75,547366,2026-07-15T15:10:03.078609+00:00,-3.041825095057038,8.677685950413228,9.387755102040817,0.0,12.959999999999999,11.935,13.2472,7.360660731689632,7.436515209108455,52.328664758912055,0.0056369841540053756,0.24582086165455277,-0.2401838775005474,1182205.5
299439,RTBRISCOE,2026-07-16,12.75,12.75,584117,2026-07-16T15:10:03.113936+00:00,0.0,-3.041825095057038,0.0,-7.0351758793969825,12.830000000000002,11.975,13.268200000000002,7.360660731689632,7.313845061627491,52.32866475891205,0.03613946163729587,0.22105867131027462,-0.18491920967297876,1194869.9
299877,RTBRISCOE,2026-07-17,12.75,12.75,495441,2026-07-17T15:10:03.053983+00:00,0.0,0.0,0.0,9.72972972972974,12.7,11.9575,13.265800000000002,7.046631766055025,7.182403583213605,52.32866475891205,0.05962556836480637,0.1956358224302281,-0.13601025406542172,1149691.2
