id,symbol,trade_date,open_price,close_price,volume,created_at,returns_pct,lag_return1,lag_return5,lag_return10,stock_MA_5,stock_MA_20,stock_MA_50,returns_volatility_20,returns_volatility_50,stock_RSI,MACD,MACD_hist,MACD_signal,stock_volume_MA_20
68426,GUINEAINS,2018-02-06,0.48,0.48,100000,2026-04-08T03:00:53.862975+00:00,-4.0000000000000036,0.0,0.0,0.0,0.496,0.499,0.4996,0.8944271909999167,0.5656854249492386,0.0,-0.0015954415954416157,-0.0012763532763532925,-0.0003190883190883232,5787.6
68518,GUINEAINS,2018-02-07,0.48,0.48,10515,2026-04-08T03:00:56.249659+00:00,0.0,-4.0000000000000036,0.0,0.0,0.492,0.49800000000000005,0.49920000000000003,0.8944271909999167,0.5656854249492386,0.0,-0.002827249778816765,-0.0020065291677827534,-0.0008207206110340116,6213.35
68610,GUINEAINS,2018-02-08,0.46,0.46,1004297,2026-04-08T03:00:58.532515+00:00,-4.1666666666666625,0.0,0.0,0.0,0.484,0.496,0.4984,1.2571142578580283,0.8084656950330987,0.0,-0.005355563885121317,-0.0036278746192698443,-0.001727689265851473,56333.2
68702,GUINEAINS,2018-02-12,0.46,0.46,0,2026-04-08T03:01:04.382325+00:00,0.0,-4.1666666666666625,0.0,0.0,0.476,0.49400000000000005,0.4976,1.2571142578580283,0.8084656950330987,0.0,-0.00727540469336424,-0.004438172342010214,-0.0028372323513540265,56020.85
68794,GUINEAINS,2018-02-13,0.46,0.46,100,2026-04-08T03:01:06.5746+00:00,0.0,0.0,0.0,0.0,0.46799999999999997,0.492,0.4968,1.2571142578580283,0.8084656950330987,0.0,-0.008696642879954974,-0.004687528422880758,-0.004009114457074216,56025.85
68886,GUINEAINS,2018-02-14,0.46,0.46,0,2026-04-08T03:01:08.960618+00:00,0.0,0.0,-4.0000000000000036,0.0,0.4640000000000001,0.49000000000000005,0.496,1.2571142578580283,0.8084656950330987,0.0,-0.009711041540332865,-0.0045615416666069195,-0.005149499873725946,55855.6
68978,GUINEAINS,2018-02-15,0.46,0.46,50000,2026-04-08T03:01:11.158693+00:00,0.0,0.0,0.0,0.0,0.46,0.488,0.49520000000000003,1.2571142578580283,0.8084656950330987,0.0,-0.010395131185468365,-0.004196505049393935,-0.00619862613607443,58355.6
69070,GUINEAINS,2018-02-16,0.46,0.46,3010,2026-04-08T03:01:13.607551+00:00,0.0,0.0,-4.1666666666666625,0.0,0.46,0.48600000000000004,0.49439999999999995,1.2571142578580283,0.8084656950330987,0.0,-0.010812635822705974,-0.0036912077493052343,-0.0071214280734007394,58406.1
69162,GUINEAINS,2018-02-19,0.44,0.44,127500,2026-04-08T03:01:18.187191+00:00,-4.34782608695653,0.0,0.0,0.0,0.45600000000000007,0.483,0.4932,1.529259820090244,1.0013506411079833,0.0,-0.012611961269855643,-0.004392426557163922,-0.00821953471269172,64781.1
69254,GUINEAINS,2018-02-20,0.44,0.44,0,2026-04-08T03:01:20.554931+00:00,0.0,-4.34782608695653,0.0,0.0,0.45199999999999996,0.48,0.49200000000000005,1.529259820090244,1.0013506411079833,0.0,-0.013877963129931725,-0.004526742733792003,-0.009351220396139722,64781.1
69346,GUINEAINS,2018-02-22,0.44,0.44,3600,2026-04-08T03:01:23.957413+00:00,0.0,0.0,0.0,-4.0000000000000036,0.44800000000000006,0.47700000000000004,0.49079999999999996,1.529259820090244,1.0013506411079833,0.0,-0.014711691503154545,-0.004288376885611858,-0.010423314617542687,64961.1
69438,GUINEAINS,2018-02-26,0.44,0.44,150,2026-04-08T03:01:29.317338+00:00,0.0,0.0,0.0,0.0,0.44400000000000006,0.47400000000000003,0.48960000000000004,1.529259820090244,1.0013506411079833,0.0,-0.015197242889546825,-0.00381914261760331,-0.011378100271943515,64968.6
69530,GUINEAINS,2018-02-27,0.44,0.44,0,2026-04-08T03:01:31.58282+00:00,0.0,0.0,0.0,-4.1666666666666625,0.44,0.471,0.48840000000000006,1.529259820090244,1.0013506411079833,0.0,-0.01540447268926104,-0.0032210979338540193,-0.01218337475540702,64968.6
69622,GUINEAINS,2018-02-28,0.44,0.44,0,2026-04-08T03:01:33.916623+00:00,0.0,0.0,-4.34782608695653,0.0,0.44,0.46799999999999997,0.48719999999999997,1.529259820090244,1.0013506411079833,0.0,-0.015391282672635231,-0.0025663263337825683,-0.012824956338852663,64968.6
69714,GUINEAINS,2018-03-01,0.42,0.42,540000,2026-04-08T03:01:36.321302+00:00,-4.545454545454552,0.0,0.0,0.0,0.43600000000000005,0.46399999999999997,0.48560000000000003,1.7527988104135923,1.1702522297575912,0.0,-0.016800990976730268,-0.0031808277103020834,-0.013620163266428184,91968.6
69806,GUINEAINS,2018-03-02,0.42,0.42,0,2026-04-08T03:01:38.625174+00:00,0.0,-4.545454545454552,0.0,0.0,0.43200000000000005,0.45999999999999996,0.484,1.7527988104135923,1.1702522297575912,0.0,-0.01771399901011833,-0.003275068594952118,-0.014438930415166213,91968.6
69898,GUINEAINS,2018-03-05,0.42,0.42,0,2026-04-08T03:01:43.47208+00:00,0.0,0.0,0.0,0.0,0.42800000000000005,0.45599999999999996,0.4824,1.7527988104135923,1.1702522297575912,0.0,-0.018227449759808445,-0.0030308154757137835,-0.015196634284094662,91968.6
69990,GUINEAINS,2018-03-06,0.42,0.42,0,2026-04-08T03:01:45.677681+00:00,0.0,0.0,0.0,0.0,0.42400000000000004,0.45199999999999996,0.4808,1.7527988104135923,1.1702522297575912,0.0,-0.018422005763015115,-0.0025802971831363625,-0.015841708579878752,91968.6
70082,GUINEAINS,2018-03-08,0.42,0.42,5800,2026-04-08T03:01:48.923554+00:00,0.0,0.0,0.0,-4.34782608695653,0.42,0.44800000000000006,0.4792,1.7527988104135923,1.1702522297575912,0.0,-0.018364498292444686,-0.002018231770052746,-0.01634626652239194,92258.6
70174,GUINEAINS,2018-03-09,0.42,0.42,0,2026-04-08T03:01:51.131195+00:00,0.0,0.0,-4.545454545454552,0.0,0.42,0.44400000000000006,0.47759999999999997,1.7527988104135923,1.1702522297575912,0.0,-0.018110160550061094,-0.0014111152221353215,-0.016699045327925773,92248.6
70266,GUINEAINS,2018-03-12,0.42,0.42,0,2026-04-08T03:01:55.382529+00:00,0.0,0.0,0.0,0.0,0.42,0.441,0.47600000000000003,1.5960106292613643,1.1702522297575912,0.0,-0.017704509492067533,-0.0008043713313134089,-0.016900138160754124,87248.6
70358,GUINEAINS,2018-03-13,0.42,0.42,0,2026-04-08T03:01:57.721961+00:00,0.0,0.0,0.0,0.0,0.42,0.438,0.4744,1.5960106292613643,1.1702522297575912,0.0,-0.017184930919655894,-0.00022783420712141345,-0.01695709671253448,86722.85
70450,GUINEAINS,2018-03-14,0.42,0.42,0,2026-04-08T03:02:00.06799+00:00,0.0,0.0,0.0,0.0,0.42,0.43600000000000005,0.4728,1.3690224458363727,1.1702522297575912,0.0,-0.016582014021958358,0.0003000661524608997,-0.016882080174419258,36508.0
70542,GUINEAINS,2018-03-15,0.42,0.42,0,2026-04-08T03:02:02.587626+00:00,0.0,0.0,0.0,0.0,0.42,0.434,0.47119999999999995,1.3690224458363727,1.1702522297575912,0.0,-0.015920674412400915,0.0007691246096146742,-0.01668979902201559,36508.0
70634,GUINEAINS,2018-03-16,0.42,0.42,0,2026-04-08T03:02:05.049003+00:00,0.0,0.0,0.0,-4.545454545454552,0.42,0.43200000000000005,0.4696,1.3690224458363727,1.1702522297575912,0.0,-0.01522109865662341,0.0011749602923137453,-0.016396058948937156,36503.0
70726,GUINEAINS,2018-03-19,0.42,0.42,0,2026-04-08T03:02:09.713694+00:00,0.0,0.0,0.0,0.0,0.42,0.43,0.46799999999999997,1.3690224458363727,1.1702522297575912,0.0,-0.014499538179514326,0.0015172166155382645,-0.01601675479505259,36503.0
70818,GUINEAINS,2018-03-20,0.42,0.42,0,2026-04-08T03:02:12.039098+00:00,0.0,0.0,0.0,0.0,0.42,0.42800000000000005,0.4664,1.3690224458363727,1.1702522297575912,0.0,-0.013768976117055465,0.001798222942397702,-0.015567199059453167,34003.0
70910,GUINEAINS,2018-03-21,0.42,0.42,50,2026-04-08T03:02:14.26344+00:00,0.0,0.0,0.0,0.0,0.42,0.426,0.4648,1.3690224458363727,1.1702522297575912,0.0,-0.01303968702405145,0.002022009628321376,-0.015061696652372825,33855.0
71002,GUINEAINS,2018-03-22,0.4,0.4,2000000,2026-04-08T03:02:16.655807+00:00,-4.761904761904756,0.0,0.0,0.0,0.41600000000000004,0.42400000000000004,0.4628,1.4328026845171271,1.3254012271403133,0.0,-0.013915147854044907,0.0009172390386623357,-0.014832386892707243,127480.0
71094,GUINEAINS,2018-03-23,0.4,0.4,0,2026-04-08T03:02:19.005936+00:00,0.0,-4.761904761904756,0.0,0.0,0.41200000000000003,0.422,0.4608,1.4328026845171271,1.3254012271403133,0.0,-0.014442473030204461,0.0003119310900022258,-0.014754404120206687,127480.0
71186,GUINEAINS,2018-03-26,0.4,0.4,0,2026-04-08T03:02:23.356301+00:00,0.0,0.0,0.0,0.0,0.40800000000000003,0.42000000000000004,0.45880000000000004,1.4328026845171271,1.3254012271403133,0.0,-0.014691032948503768,5.0696937362336436e-05,-0.014741729885866105,127300.0
71278,GUINEAINS,2018-03-27,0.4,0.4,1596,2026-04-08T03:02:25.602463+00:00,0.0,0.0,0.0,0.0,0.404,0.418,0.4568,1.4328026845171271,1.3254012271403133,0.0,-0.014718354446333681,1.8700351625940137e-05,-0.014737054797959621,127372.3
71370,GUINEAINS,2018-03-28,0.4,0.4,1100,2026-04-08T03:02:28.271075+00:00,0.0,0.0,0.0,0.0,0.4,0.41600000000000004,0.4548,1.4328026845171271,1.3254012271403133,0.0,-0.014572029643250772,0.00013202012376707997,-0.014704049767017852,127427.3
71462,GUINEAINS,2018-03-29,0.4,0.4,0,2026-04-08T03:02:31.326472+00:00,0.0,0.0,-4.761904761904756,0.0,0.4,0.414,0.45280000000000004,1.4328026845171271,1.3254012271403133,0.0,-0.014291324687635942,0.0003301800635055283,-0.01462150475114147,127427.3
71554,GUINEAINS,2018-04-03,0.4,0.4,0,2026-04-08T03:02:37.862294+00:00,0.0,0.0,0.0,0.0,0.4,0.413,0.4508,1.0647942749998984,1.3254012271403133,0.0,-0.013908535053605675,0.0005703757580286378,-0.014478910811634313,100427.3
71646,GUINEAINS,2018-04-04,0.4,0.4,0,2026-04-08T03:02:40.086392+00:00,0.0,0.0,0.0,0.0,0.4,0.41200000000000003,0.44880000000000003,1.0647942749998984,1.3254012271403133,0.0,-0.013450126821204667,0.0008230271923437178,-0.014273154013548384,100427.3
71738,GUINEAINS,2018-04-05,0.4,0.4,2600,2026-04-08T03:02:42.518452+00:00,0.0,0.0,0.0,0.0,0.4,0.41100000000000003,0.4468,1.0647942749998984,1.3254012271403133,0.0,-0.012937697273640303,0.0010683653919264652,-0.014006062665566768,100557.3
71830,GUINEAINS,2018-04-09,0.4,0.4,0,2026-04-08T03:02:48.00481+00:00,0.0,0.0,0.0,0.0,0.4,0.41,0.4448,1.0647942749998984,1.3254012271403133,0.0,-0.012388782986817615,0.001293823742999323,-0.013682606729816938,100557.3
71922,GUINEAINS,2018-04-10,0.4,0.4,250,2026-04-08T03:02:50.293549+00:00,0.0,0.0,0.0,-4.761904761904756,0.4,0.409,0.4428,1.0647942749998984,1.3254012271403133,0.0,-0.011817539223787643,0.0014920540048234364,-0.01330959322861108,100279.8
72014,GUINEAINS,2018-04-11,0.4,0.4,200,2026-04-08T03:02:52.723357+00:00,0.0,0.0,0.0,0.0,0.4,0.40800000000000003,0.44079999999999997,1.0647942749998984,1.3254012271403133,0.0,-0.011235310757325034,0.0016594259770288371,-0.012894736734353872,100289.8
72106,GUINEAINS,2018-04-12,0.4,0.4,100,2026-04-08T03:02:54.976434+00:00,0.0,0.0,0.0,0.0,0.4,0.40700000000000003,0.4388,1.0647942749998984,1.3254012271403133,0.0,-0.0106511111239731,0.0017949004883046175,-0.012446011612277718,100294.8
72198,GUINEAINS,2018-04-13,0.4,0.4,300,2026-04-08T03:02:57.419716+00:00,0.0,0.0,0.0,0.0,0.4,0.406,0.4368,1.0647942749998984,1.3254012271403133,0.0,-0.010072024674777469,0.0018991895500002007,-0.01197121422477767,100309.8
72291,GUINEAINS,2018-04-16,0.4,0.4,0,2026-04-08T03:03:01.748445+00:00,0.0,0.0,0.0,0.0,0.4,0.4050000000000001,0.4348,1.0647942749998984,1.3254012271403133,0.0,-0.009503543557319027,0.0019741365339669137,-0.011477680091285941,100309.8
72384,GUINEAINS,2018-04-17,0.4,0.4,0,2026-04-08T03:03:04.013915+00:00,0.0,0.0,0.0,0.0,0.4,0.404,0.4328,1.0647942749998984,1.3254012271403133,0.0,-0.008949849877745386,0.0020222641708324447,-0.01097211404857783,100309.8
72477,GUINEAINS,2018-04-18,0.4,0.4,18000,2026-04-08T03:03:06.304604+00:00,0.0,0.0,0.0,0.0,0.4,0.403,0.43079999999999996,1.0647942749998984,1.3254012271403133,0.0,-0.008414051697136438,0.0020464498811531163,-0.010460501578289554,101209.8
72570,GUINEAINS,2018-04-19,0.4,0.4,0,2026-04-08T03:03:08.631091+00:00,0.0,0.0,0.0,0.0,0.4,0.402,0.4288,1.0647942749998984,1.3254012271403133,0.0,-0.007898380168771757,0.0020496971276142383,-0.009948077296385995,101209.8
72663,GUINEAINS,2018-04-20,0.4,0.4,0,2026-04-08T03:03:11.181142+00:00,0.0,0.0,0.0,0.0,0.4,0.40099999999999997,0.4268,1.0647942749998984,1.3254012271403133,0.0,-0.007404353983656742,0.0020349786501834034,-0.009439332633840145,101209.8
72756,GUINEAINS,2018-04-23,0.4,0.4,0,2026-04-08T03:03:15.702548+00:00,0.0,0.0,0.0,0.0,0.4,0.4,0.42480000000000007,1.0647942749998984,1.3254012271403133,0.0,-0.006932916328838357,0.002005133044001432,-0.008938049372839789,101207.3
72849,GUINEAINS,2018-04-24,0.4,0.4,0,2026-04-08T03:03:17.976864+00:00,0.0,0.0,0.0,0.0,0.4,0.4,0.4228,0.0,1.3254012271403133,0.0,-0.006484548749378483,0.001962800498769046,-0.008447349248147528,1207.3
72942,GUINEAINS,2018-04-25,0.4,0.4,100,2026-04-08T03:03:20.281484+00:00,0.0,0.0,0.0,0.0,0.4,0.4,0.4208,0.0,1.3254012271403133,0.0,-0.006059365617330115,0.0019103869046539317,-0.007969752521984046,1212.3
73035,GUINEAINS,2018-04-26,0.4,0.4,0,2026-04-08T03:03:22.503544+00:00,0.0,0.0,0.0,0.0,0.4,0.4,0.4192,0.0,1.2226537594728746,0.0,-0.005657192330200123,0.001850048153427139,-0.007507240483627262,1212.3
73128,GUINEAINS,2018-04-27,0.4,0.4,7100,2026-04-08T03:03:24.801147+00:00,0.0,0.0,0.0,0.0,0.4,0.4,0.41759999999999997,0.0,1.2226537594728746,0.0,-0.005277629870708567,0.001783688490334956,-0.007061318361043523,1487.5
73221,GUINEAINS,2018-04-30,0.4,0.4,2800,2026-04-08T03:03:29.288658+00:00,0.0,0.0,0.0,0.0,0.4,0.4,0.4164,0.0,1.0927516653636982,0.0,-0.004920107945229846,0.001712968332650942,-0.006633076277880788,1572.5
73314,GUINEAINS,2018-05-02,0.4,0.4,0,2026-04-08T03:03:32.97882+00:00,0.0,0.0,0.0,0.0,0.4,0.4,0.4152,0.0,1.0927516653636982,0.0,-0.0045839285683422215,0.0016393181676308535,-0.006223246735973075,1572.5
73407,GUINEAINS,2018-05-03,0.4,0.4,0,2026-04-08T03:03:35.46093+00:00,0.0,0.0,0.0,0.0,0.4,0.4,0.414,0.0,1.0927516653636982,0.0,-0.0042683016654434525,0.0015639560564236982,-0.005832257721867151,1572.5
73500,GUINEAINS,2018-05-04,0.4,0.4,10000,2026-04-08T03:03:38.142449+00:00,0.0,0.0,0.0,0.0,0.4,0.4,0.4128,0.0,1.0927516653636982,0.0,-0.003972374015987767,0.001487906964703507,-0.005460280980691274,2072.5
73593,GUINEAINS,2018-05-07,0.4,0.4,40000,2026-04-08T03:03:42.835383+00:00,0.0,0.0,0.0,0.0,0.4,0.4,0.41159999999999997,0.0,1.0927516653636982,0.0,-0.003695252649422942,0.0014120226650146655,-0.0051072753144376076,3942.5
73686,GUINEAINS,2018-05-08,0.4,0.4,0,2026-04-08T03:03:45.094212+00:00,0.0,0.0,0.0,0.0,0.4,0.4,0.41040000000000004,0.0,1.0927516653636982,0.0,-0.0034360236283317303,0.0013370013488847015,-0.004773024977216432,3942.5
73779,GUINEAINS,2018-05-09,0.4,0.4,50000,2026-04-08T03:03:47.354492+00:00,0.0,0.0,0.0,0.0,0.4,0.4,0.4096,0.0,0.9214491165009522,0.0,-0.003193767003507153,0.0012634063789674233,-0.004457173382474576,6430.0
73872,GUINEAINS,2018-05-10,0.4,0.4,120,2026-04-08T03:03:49.581225+00:00,0.0,0.0,0.0,0.0,0.4,0.4,0.40879999999999994,0.0,0.9214491165009522,0.0,-0.002967568599402337,0.0011916838264577918,-0.004159252425860129,6426.0
73965,GUINEAINS,2018-05-11,0.4,0.4,0,2026-04-08T03:03:51.923758+00:00,0.0,0.0,0.0,0.0,0.4,0.4,0.40800000000000003,0.0,0.9214491165009522,0.0,-0.002756529181948131,0.0011221785951295985,-0.0038787077770777293,6421.0
74058,GUINEAINS,2018-05-14,0.4,0.4,0,2026-04-08T03:03:56.261604+00:00,0.0,0.0,0.0,0.0,0.4,0.4,0.4072,0.0,0.9214491165009522,0.0,-0.0025597714710430264,0.0010551490448277626,-0.003614920515870789,6406.0
74151,GUINEAINS,2018-05-15,0.4,0.4,0,2026-04-08T03:03:58.63318+00:00,0.0,0.0,0.0,0.0,0.4,0.4,0.4064,0.0,0.9214491165009522,0.0,-0.0023764453844815625,0.0009907801051113815,-0.003367225489592944,6406.0
74244,GUINEAINS,2018-05-16,0.4,0.4,38390,2026-04-08T03:04:02.494817+00:00,0.0,0.0,0.0,0.0,0.4,0.4,0.4056,0.0,0.9214491165009522,0.0,-0.002205731836497693,0.0009291949224762013,-0.0031349267589738943,8325.5
74337,GUINEAINS,2018-05-17,0.4,0.4,0,2026-04-08T03:04:04.853265+00:00,0.0,0.0,0.0,0.0,0.4,0.4,0.40519999999999995,0.0,0.6734350297014731,0.0,-0.0020468453605958503,0.0008704651187024354,-0.0029173104792982857,7425.5
74430,GUINEAINS,2018-05-18,0.4,0.4,100,2026-04-08T03:04:09.280828+00:00,0.0,0.0,0.0,0.0,0.4,0.4,0.40480000000000005,0.0,0.6734350297014731,0.0,-0.001899035781349756,0.000814619758358824,-0.00271365553970858,7430.5
74523,GUINEAINS,2018-05-21,0.4,0.4,1000,2026-04-08T03:04:14.640212+00:00,0.0,0.0,0.0,0.0,0.4,0.4,0.4044,0.0,0.6734350297014731,0.0,-0.0017615891220389424,0.0007616531341357105,-0.002523242256174653,7480.5
74616,GUINEAINS,2018-05-22,0.4,0.4,1000,2026-04-08T03:04:17.13602+00:00,0.0,0.0,0.0,0.0,0.4,0.4,0.4040000000000001,0.0,0.6734350297014731,0.0,-0.0016338279032394598,0.0007115314823481545,-0.0023453593855876143,7530.5
74709,GUINEAINS,2018-05-24,0.4,0.4,0,2026-04-08T03:04:20.857799+00:00,0.0,0.0,0.0,0.0,0.4,0.4,0.4036,0.0,0.6734350297014731,0.0,-0.001515110960838284,0.0006641987397994643,-0.0021793097006377483,7530.5
74802,GUINEAINS,2018-05-25,0.4,0.4,200,2026-04-08T03:04:23.533051+00:00,0.0,0.0,0.0,0.0,0.4,0.4,0.4032,0.0,0.6734350297014731,0.0,-0.0014048328896027473,0.0006195814488280009,-0.0020244143384307483,7535.5
74895,GUINEAINS,2018-05-28,0.4,0.4,0,2026-04-08T03:04:28.151981+00:00,0.0,0.0,0.0,0.0,0.4,0.4,0.4028,0.0,0.6734350297014731,0.0,-0.0013024231997219027,0.0005775929109670765,-0.0018800161106889792,7535.5
74988,GUINEAINS,2018-05-31,0.4,0.4,0,2026-04-08T03:04:33.384321+00:00,0.0,0.0,0.0,0.0,0.4,0.4,0.40240000000000004,0.0,0.6734350297014731,0.0,-0.0012073452580804722,0.0005381366820868057,-0.001745481940167278,7180.5
75081,GUINEAINS,2018-06-01,0.4,0.4,100,2026-04-08T03:04:35.846588+00:00,0.0,0.0,0.0,0.0,0.4,0.4,0.402,0.0,0.6734350297014731,0.0,-0.0011190950729417226,0.0005011094937804443,-0.001620204566722167,7045.5
75174,GUINEAINS,2018-06-04,0.4,0.4,0,2026-04-08T03:04:40.216574+00:00,0.0,0.0,0.0,0.0,0.4,0.4,0.4016,0.0,0.6734350297014731,0.0,-0.0010371999697937895,0.00046640367754270206,-0.0015036036473364915,7045.5
75267,GUINEAINS,2018-06-05,0.4,0.4,0,2026-04-08T03:04:42.57091+00:00,0.0,0.0,0.0,0.0,0.4,0.4,0.40120000000000006,0.0,0.6734350297014731,0.0,-0.0009612171970164174,0.0004339091602560594,-0.0013951263572724768,7045.5
75360,GUINEAINS,2018-06-06,0.38,0.38,1000300,2026-04-08T03:04:44.928825+00:00,-5.000000000000004,0.0,0.0,0.0,0.396,0.399,0.4004000000000001,1.1180339887498958,0.9664773113022709,0.0,-0.002486174087894366,-0.0008728381844975114,-0.0016133359033968547,56560.5
75453,GUINEAINS,2018-06-07,0.38,0.38,21367,2026-04-08T03:04:47.263813+00:00,0.0,-5.000000000000004,0.0,0.0,0.392,0.398,0.3996,1.1180339887498958,0.9664773113022709,0.0,-0.0036526084145035997,-0.0016314180088853958,-0.002021190405618204,55628.85
75546,GUINEAINS,2018-06-08,0.38,0.38,400,2026-04-08T03:04:49.462509+00:00,0.0,0.0,0.0,0.0,0.388,0.397,0.39880000000000004,1.1180339887498958,0.9664773113022709,0.0,-0.004524856295299973,-0.002002932711745415,-0.0025219235835545577,55648.85
75639,GUINEAINS,2018-06-11,0.38,0.38,600,2026-04-08T03:04:53.988129+00:00,0.0,0.0,0.0,0.0,0.384,0.396,0.39840000000000003,1.1180339887498958,0.7071067811865483,0.0,-0.005156676073185484,-0.002107801991704741,-0.003048874081480743,53178.85
75732,GUINEAINS,2018-06-12,0.38,0.38,120,2026-04-08T03:04:56.284057+00:00,0.0,0.0,0.0,0.0,0.38,0.395,0.398,1.1180339887498958,0.7071067811865483,0.0,-0.005592926029384271,-0.0020352415583228217,-0.003557684471061449,53178.85
75825,GUINEAINS,2018-06-13,0.38,0.38,0,2026-04-08T03:04:58.638577+00:00,0.0,0.0,-5.000000000000004,0.0,0.38,0.394,0.39759999999999995,1.1180339887498958,0.7071067811865483,0.0,-0.005870980256840463,-0.0018506366286232118,-0.004020343628217252,53178.85
75918,GUINEAINS,2018-06-14,0.38,0.38,6700,2026-04-08T03:05:00.901161+00:00,0.0,0.0,0.0,0.0,0.38,0.393,0.3972,1.1180339887498958,0.7071067811865483,0.0,-0.006021923252632733,-0.0016012636995323846,-0.004420659553100348,53513.85
76011,GUINEAINS,2018-06-19,0.38,0.38,10200,2026-04-08T03:05:07.639029+00:00,0.0,0.0,0.0,0.0,0.38,0.392,0.39680000000000004,1.1180339887498958,0.7071067811865483,0.0,-0.006071557528508409,-0.0013207183803264485,-0.00475083914818196,54023.85
76104,GUINEAINS,2018-06-20,0.38,0.38,6100,2026-04-08T03:05:09.924133+00:00,0.0,0.0,0.0,0.0,0.38,0.391,0.39640000000000003,1.1180339887498958,0.7071067811865483,0.0,-0.00604125324290089,-0.0010323312757751432,-0.005008921967125747,52409.35
76197,GUINEAINS,2018-06-21,0.38,0.38,3000,2026-04-08T03:05:12.376626+00:00,0.0,0.0,0.0,0.0,0.38,0.39,0.396,1.1180339887498958,0.7071067811865483,0.0,-0.005948664378189639,-0.0007517939288511129,-0.005196870449338526,52559.35
76290,GUINEAINS,2018-06-22,0.38,0.38,0,2026-04-08T03:05:14.680862+00:00,0.0,0.0,0.0,-5.000000000000004,0.38,0.389,0.3956,1.1180339887498958,0.7071067811865483,0.0,-0.005808332197823951,-0.0004891693987883403,-0.005319162799035611,52554.35
76383,GUINEAINS,2018-06-25,0.38,0.38,450,2026-04-08T03:05:19.028214+00:00,0.0,0.0,0.0,0.0,0.38,0.388,0.39520000000000005,1.1180339887498958,0.7071067811865483,0.0,-0.005632193512946804,-0.000250424571128954,-0.00538176894181785,52526.85
76477,GUINEAINS,2018-06-26,0.38,0.38,300,2026-04-08T03:05:21.361472+00:00,0.0,0.0,0.0,0.0,0.38,0.387,0.39480000000000004,1.1180339887498958,0.7071067811865483,0.0,-0.005430008577354206,-3.8591708429085506e-05,-0.005391416868925121,52491.85
76571,GUINEAINS,2018-06-27,0.38,0.38,3000,2026-04-08T03:05:23.730487+00:00,0.0,0.0,0.0,0.0,0.38,0.386,0.3944,1.1180339887498958,0.7071067811865483,0.0,-0.0052097211369058205,0.00014535658561544082,-0.005355077722521261,52641.85
76665,GUINEAINS,2018-06-28,0.38,0.38,0,2026-04-08T03:05:26.342484+00:00,0.0,0.0,0.0,0.0,0.38,0.385,0.3940000000000001,1.1180339887498958,0.7071067811865483,0.0,-0.0049777612204644495,0.00030185320164544983,-0.005279614422109899,52631.85
76759,GUINEAINS,2018-06-29,0.38,0.38,6100,2026-04-08T03:05:28.786725+00:00,0.0,0.0,0.0,0.0,0.38,0.384,0.3936,1.1180339887498958,0.7071067811865483,0.0,-0.004739299619600512,0.00043225184200750954,-0.005171551461608022,52936.85
76853,GUINEAINS,2018-07-02,0.38,0.38,1200,2026-04-08T03:05:34.742081+00:00,0.0,0.0,0.0,0.0,0.38,0.383,0.3932,1.1180339887498958,0.7071067811865483,0.0,-0.004498461617560678,0.0005384718752378748,-0.005036933492798553,52996.85
76947,GUINEAINS,2018-07-03,0.38,0.38,5020,2026-04-08T03:05:37.830893+00:00,0.0,0.0,0.0,0.0,0.38,0.382,0.39280000000000004,1.1180339887498958,0.7071067811865483,0.0,-0.004258506355363567,0.0006227417099479889,-0.004881248065311556,53242.85
77041,GUINEAINS,2018-07-04,0.38,0.38,600,2026-04-08T03:05:40.225299+00:00,0.0,0.0,0.0,0.0,0.38,0.381,0.3924,1.1180339887498958,0.7071067811865483,0.0,-0.004021977231358831,0.0006874166671621803,-0.004709393898521011,53272.85
77135,GUINEAINS,2018-07-05,0.38,0.38,6010,2026-04-08T03:05:42.479897+00:00,0.0,0.0,0.0,0.0,0.38,0.38,0.392,1.1180339887498958,0.7071067811865483,0.0,-0.003790827892251325,0.0007348528050157496,-0.004525680697267075,53573.35
77229,GUINEAINS,2018-07-06,0.38,0.38,0,2026-04-08T03:05:44.93013+00:00,0.0,0.0,0.0,0.0,0.38,0.38,0.39159999999999995,0.0,0.7071067811865483,0.0,-0.0035665276648337296,0.0007673224259466763,-0.004333850090780406,3558.35
77323,GUINEAINS,2018-07-09,0.38,0.38,405,2026-04-08T03:05:49.395513+00:00,0.0,0.0,0.0,0.0,0.38,0.38,0.39120000000000005,0.0,0.7071067811865483,0.0,-0.003350149678511327,0.0007869603298152634,-0.0041371100083265906,2510.25
77417,GUINEAINS,2018-07-10,0.38,0.38,200,2026-04-08T03:05:51.797285+00:00,0.0,0.0,0.0,0.0,0.38,0.38,0.3908,0.0,0.7071067811865483,0.0,-0.0031424444222357684,0.0007957324688726581,-0.0039381768911084265,2500.25
77511,GUINEAINS,2018-07-11,0.38,0.38,21100,2026-04-08T03:05:54.14171+00:00,0.0,0.0,0.0,0.0,0.38,0.38,0.39039999999999997,0.0,0.7071067811865483,0.0,-0.002943901051396136,0.0007954206717698327,-0.003739321723165969,3525.25
77605,GUINEAINS,2018-07-12,0.38,0.38,100,2026-04-08T03:05:56.629461+00:00,0.0,0.0,0.0,0.0,0.38,0.38,0.39000000000000007,0.0,0.7071067811865483,0.0,-0.00275479839844317,0.0007876186597782393,-0.0035424170582214094,3524.25
77699,GUINEAINS,2018-07-13,0.38,0.38,0,2026-04-08T03:05:59.112955+00:00,0.0,0.0,0.0,0.0,0.38,0.38,0.3896,0.0,0.7071067811865483,0.0,-0.0025752473353211625,0.0007737357783201976,-0.00334898311364136,3524.25
77793,GUINEAINS,2018-07-16,0.38,0.38,8000,2026-04-08T03:06:03.612411+00:00,0.0,0.0,0.0,0.0,0.38,0.38,0.3892,0.0,0.7071067811865483,0.0,-0.0024052258774868718,0.0007550057889235905,-0.0031602316664104623,3589.25
77888,GUINEAINS,2018-07-17,0.38,0.38,22495,2026-04-08T03:06:06.031894+00:00,0.0,0.0,0.0,0.0,0.38,0.38,0.3888,0.0,0.7071067811865483,0.0,-0.002244608201092624,0.0007324987722542708,-0.0029771069733468946,4204.0
77983,GUINEAINS,2018-07-18,0.38,0.38,0,2026-04-08T03:06:08.398083+00:00,0.0,0.0,0.0,0.0,0.38,0.38,0.3884,0.0,0.7071067811865483,0.0,-0.0020931885606003675,0.000707134730197222,-0.0028003232907975895,3899.0
78078,GUINEAINS,2018-07-19,0.38,0.38,0,2026-04-08T03:06:10.625391+00:00,0.0,0.0,0.0,0.0,0.38,0.38,0.38800000000000007,0.0,0.7071067811865483,0.0,-0.001950700938441463,0.0006796978818849014,-0.0026303988203263645,3749.0
78173,GUINEAINS,2018-07-20,0.38,0.38,0,2026-04-08T03:06:13.100822+00:00,0.0,0.0,0.0,0.0,0.38,0.38,0.3876,0.0,0.7071067811865483,0.0,-0.0018168351269102212,0.0006508509547329148,-0.002467686081643136,3749.0
78268,GUINEAINS,2018-07-23,0.38,0.38,0,2026-04-08T03:06:17.450644+00:00,0.0,0.0,0.0,0.0,0.38,0.38,0.3872,0.0,0.7071067811865483,0.0,-0.0016912498315291846,0.0006211490000911615,-0.002312398831620346,3726.5
78363,GUINEAINS,2018-07-24,0.38,0.38,0,2026-04-08T03:06:19.846153+00:00,0.0,0.0,0.0,0.0,0.38,0.38,0.3868,0.0,0.7071067811865483,0.0,-0.0015735832914839376,0.000591052432109127,-0.0021646357235930646,3711.5
78458,GUINEAINS,2018-07-25,0.38,0.38,0,2026-04-08T03:06:22.17218+00:00,0.0,0.0,0.0,0.0,0.38,0.38,0.3864,0.0,0.7071067811865483,0.0,-0.0014634618337107663,0.0005609391119058386,-0.002024400945616605,3561.5
78553,GUINEAINS,2018-07-26,0.38,0.38,61000,2026-04-08T03:06:24.338643+00:00,0.0,0.0,0.0,0.0,0.38,0.38,0.386,0.0,0.7071067811865483,0.0,-0.0013605067105698088,0.000531115388037437,-0.0018916220986072458,6611.5
78648,GUINEAINS,2018-07-27,0.38,0.38,0,2026-04-08T03:06:26.70773+00:00,0.0,0.0,0.0,0.0,0.38,0.38,0.3856,0.0,0.7071067811865483,0.0,-0.0012643395148260739,0.0005018260670249376,-0.0017661655818510115,6306.5
78743,GUINEAINS,2018-07-30,0.38,0.38,0,2026-04-08T03:06:31.357035+00:00,0.0,0.0,0.0,0.0,0.38,0.38,0.38520000000000004,0.0,0.7071067811865483,0.0,-0.001174586418276724,0.00047326333085942994,-0.001647849749136154,6246.5
78838,GUINEAINS,2018-07-31,0.38,0.38,0,2026-04-08T03:06:33.766078+00:00,0.0,0.0,0.0,0.0,0.38,0.38,0.3848,0.0,0.7071067811865483,0.0,-0.0010908814404300693,0.00044557464696486776,-0.001536456087394937,5995.5
78933,GUINEAINS,2018-08-01,0.38,0.38,15,2026-04-08T03:06:36.22345+00:00,0.0,0.0,0.0,0.0,0.38,0.38,0.38439999999999996,0.0,0.7071067811865483,0.0,-0.0010128689200040175,0.0004188697339127356,-0.001431738653916753,5966.25
79028,GUINEAINS,2018-08-02,0.38,0.38,0,2026-04-08T03:06:38.596191+00:00,0.0,0.0,0.0,0.0,0.38,0.38,0.38400000000000006,0.0,0.7071067811865483,0.0,-0.0009402053336872163,0.00039322665618362956,-0.0013334319898708458,5665.75
79123,GUINEAINS,2018-08-03,0.38,0.38,0,2026-04-08T03:06:41.315743+00:00,0.0,0.0,0.0,0.0,0.38,0.38,0.3836,0.0,0.7071067811865483,0.0,-0.0008725605827702432,0.00036869712568048216,-0.0012412577084507253,5665.75
79218,GUINEAINS,2018-08-06,0.38,0.38,0,2026-04-08T03:06:46.359416+00:00,0.0,0.0,0.0,0.0,0.38,0.38,0.3832,0.0,0.7071067811865483,0.0,-0.0008096188482025757,0.0003453110881985197,-0.0011549299364010954,5645.5
79313,GUINEAINS,2018-08-07,0.38,0.38,0,2026-04-08T03:06:48.623378+00:00,0.0,0.0,0.0,0.0,0.38,0.38,0.38280000000000003,0.0,0.7071067811865483,0.0,-0.0007510790977783288,0.0003230806708982134,-0.0010741597686765422,5635.5
79408,GUINEAINS,2018-08-08,0.38,0.38,30,2026-04-08T03:06:51.110249+00:00,0.0,0.0,0.0,0.0,0.38,0.38,0.3824,0.0,0.7071067811865483,0.0,-0.0006966553149926336,0.00030200356294712697,-0.0009986588779397605,4582.0
79503,GUINEAINS,2018-08-09,0.35,0.35,833963,2026-04-08T03:06:53.45187+00:00,-7.8947368421052655,0.0,0.0,0.0,0.374,0.3785,0.3814,1.7653168243419397,1.3093181356873596,0.0,-0.003039238900388541,-0.0016324640179590244,-0.0014067748824295168,46275.15
79598,GUINEAINS,2018-08-10,0.35,0.35,0,2026-04-08T03:06:56.254972+00:00,0.0,-7.8947368421052655,0.0,0.0,0.368,0.377,0.3804,1.7653168243419397,1.3093181356873596,0.0,-0.004839961209170018,-0.002746549061392401,-0.002093412147777617,46275.15
79693,GUINEAINS,2018-08-13,0.35,0.35,0,2026-04-08T03:07:00.870215+00:00,0.0,0.0,0.0,0.0,0.362,0.37550000000000006,0.37940000000000007,1.7653168243419397,1.3093181356873596,0.0,-0.006195627277768956,-0.0032817721039930707,-0.002913855173775885,45875.15
79788,GUINEAINS,2018-08-14,0.35,0.35,0,2026-04-08T03:07:03.258394+00:00,0.0,0.0,0.0,0.0,0.356,0.374,0.37839999999999996,1.7653168243419397,1.3093181356873596,0.0,-0.007187153373933219,-0.003418638560125867,-0.0037685148138073524,44750.4
79883,GUINEAINS,2018-08-15,0.35,0.35,0,2026-04-08T03:07:05.636903+00:00,0.0,0.0,0.0,0.0,0.35,0.37249999999999994,0.3774,1.7653168243419397,1.3093181356873596,0.0,-0.007882085177207954,-0.0032908562907204807,-0.004591228886487473,44750.4
79978,GUINEAINS,2018-08-16,0.35,0.35,0,2026-04-08T03:07:07.96787+00:00,0.0,0.0,-7.8947368421052655,0.0,0.35,0.371,0.37639999999999996,1.7653168243419397,1.3093181356873596,0.0,-0.008336723083737008,-0.0029963953577996274,-0.00534032772593738,44750.4
80073,GUINEAINS,2018-08-17,0.35,0.35,1310,2026-04-08T03:07:10.276143+00:00,0.0,0.0,0.0,0.0,0.35,0.3695,0.37579999999999997,1.7653168243419397,1.1164843913471807,0.0,-0.008597915482484952,-0.0026060702052380577,-0.005991845277246895,44815.9
80168,GUINEAINS,2018-08-20,0.35,0.35,0,2026-04-08T03:07:14.92421+00:00,0.0,0.0,0.0,0.0,0.35,0.368,0.37520000000000003,1.7653168243419397,1.1164843913471807,0.0,-0.008704571458911625,-0.002170180945331784,-0.006534390513579841,44815.9
80263,GUINEAINS,2018-08-24,0.35,0.35,0,2026-04-08T03:07:20.612873+00:00,0.0,0.0,0.0,0.0,0.35,0.3665,0.3746,1.7653168243419397,1.1164843913471807,0.0,-0.008688936438061734,-0.0017236367395855132,-0.006965299698476221,44815.9
80358,GUINEAINS,2018-08-27,0.35,0.35,0,2026-04-08T03:07:24.735515+00:00,0.0,0.0,0.0,0.0,0.35,0.365,0.374,1.7653168243419397,1.1164843913471807,0.0,-0.008577667559184321,-0.0012898942885664795,-0.0072877732706178415,44815.9
80453,GUINEAINS,2018-08-28,0.35,0.35,0,2026-04-08T03:07:26.964049+00:00,0.0,0.0,0.0,-7.8947368421052655,0.35,0.36350000000000005,0.37339999999999995,1.7653168243419397,1.1164843913471807,0.0,-0.008392739889873713,-0.0008839732954046961,-0.007508766594469017,41765.9
80548,GUINEAINS,2018-08-29,0.35,0.35,0,2026-04-08T03:07:29.382314+00:00,0.0,0.0,0.0,0.0,0.35,0.362,0.3728,1.7653168243419397,1.1164843913471807,0.0,-0.008152209779845432,-0.0005147545483011311,-0.007637455231544301,41765.9
80643,GUINEAINS,2018-08-30,0.35,0.35,0,2026-04-08T03:07:31.753519+00:00,0.0,0.0,0.0,0.0,0.35,0.36049999999999993,0.3722000000000001,1.7653168243419397,1.1164843913471807,0.0,-0.007870857587887747,-0.00018672188507475734,-0.00768413570281299,41765.9
80738,GUINEAINS,2018-08-31,0.35,0.35,500,2026-04-08T03:07:34.108038+00:00,0.0,0.0,0.0,0.0,0.35,0.359,0.3716,1.7653168243419397,1.1164843913471807,0.0,-0.00756072857609319,9.872570137584111e-05,-0.007659454277469031,41790.9
80833,GUINEAINS,2018-09-03,0.35,0.35,100,2026-04-08T03:07:38.483999+00:00,0.0,0.0,0.0,0.0,0.35,0.3575,0.371,1.7653168243419397,1.1164843913471807,0.0,-0.007231587856583566,0.0003422931367083725,-0.007573880993291938,41795.15
80928,GUINEAINS,2018-09-05,0.32,0.32,358,2026-04-08T03:07:41.733647+00:00,-8.571428571428562,0.0,0.0,0.0,0.344,0.3545,0.3698,2.5364659146755146,1.6311606328178327,0.0,-0.00928446520902948,-0.0013684673725900334,-0.007915997836439446,41813.05
81023,GUINEAINS,2018-09-06,0.32,0.32,0,2026-04-08T03:07:44.232746+00:00,0.0,-8.571428571428562,0.0,0.0,0.33799999999999997,0.3515,0.3686,2.5364659146755146,1.6311606328178327,0.0,-0.010787039029788725,-0.0022968329546794227,-0.008490206075109303,41813.05
81118,GUINEAINS,2018-09-07,0.32,0.32,0,2026-04-08T03:07:46.695234+00:00,0.0,0.0,0.0,0.0,0.33199999999999996,0.3485,0.3674,2.5364659146755146,1.6311606328178327,0.0,-0.011841340011525592,-0.002680907149133032,-0.00916043286239256,41813.05
81213,GUINEAINS,2018-09-10,0.32,0.32,0,2026-04-08T03:07:51.133138+00:00,0.0,0.0,0.0,0.0,0.32599999999999996,0.34550000000000003,0.36619999999999997,2.5364659146755146,1.6311606328178327,0.0,-0.012532415253495799,-0.0026975859128825913,-0.009834829340613208,41813.05
81310,GUINEAINS,2018-09-11,0.32,0.32,0,2026-04-08T03:07:53.572062+00:00,0.0,0.0,0.0,0.0,0.32,0.34249999999999997,0.365,2.5364659146755146,1.6311606328178327,0.0,-0.012931036423090736,-0.0024769656659820224,-0.010454070757108714,41811.55
81412,GUINEAINS,2018-09-12,0.32,0.32,50000,2026-04-08T03:07:56.190409+00:00,0.0,0.0,-8.571428571428562,0.0,0.32,0.34099999999999997,0.36379999999999996,1.9166296949998178,1.6311606328178327,0.0,-0.013095984217809387,-0.0021135307685605387,-0.010982453449248848,2613.4
81514,GUINEAINS,2018-09-13,0.32,0.32,0,2026-04-08T03:07:58.529226+00:00,0.0,0.0,0.0,0.0,0.32,0.3395,0.3626,1.9166296949998178,1.6311606328178327,0.0,-0.013075974835121074,-0.0016748171086977803,-0.011401157726423293,2613.4
81616,GUINEAINS,2018-09-14,0.32,0.32,500,2026-04-08T03:08:00.944137+00:00,0.0,0.0,0.0,0.0,0.32,0.33799999999999997,0.3614,1.9166296949998178,1.6311606328178327,0.0,-0.012911284010107493,-0.001208101026947359,-0.011703182983160134,2638.4
81718,GUINEAINS,2018-09-17,0.32,0.32,0,2026-04-08T03:08:05.572353+00:00,0.0,0.0,0.0,0.0,0.32,0.33649999999999997,0.36019999999999996,1.9166296949998178,1.6311606328178327,0.0,-0.012635115597232405,-0.000745546091257817,-0.011889569505974588,2638.4
81820,GUINEAINS,2018-09-18,0.32,0.32,1005,2026-04-08T03:08:07.840784+00:00,0.0,0.0,0.0,0.0,0.32,0.335,0.359,1.9166296949998178,1.6311606328178327,0.0,-0.01227475441224779,-0.00030814792501855995,-0.01196660648722923,2688.65
81922,GUINEAINS,2018-09-19,0.32,0.32,0,2026-04-08T03:08:10.07554+00:00,0.0,0.0,0.0,-8.571428571428562,0.32,0.3335,0.3578,1.9166296949998178,1.6311606328178327,0.0,-0.011852536909342515,9.125566230937243e-05,-0.011943792571651887,2688.65
82024,GUINEAINS,2018-09-20,0.32,0.32,0,2026-04-08T03:08:12.389642+00:00,0.0,0.0,0.0,0.0,0.32,0.33199999999999996,0.35660000000000003,1.9166296949998178,1.6311606328178327,0.0,-0.011386668074766126,0.00044569959750860935,-0.011832367672274736,2623.15
82126,GUINEAINS,2018-09-21,0.32,0.32,0,2026-04-08T03:08:14.761127+00:00,0.0,0.0,0.0,0.0,0.32,0.33049999999999996,0.3554,1.9166296949998178,1.6311606328178327,0.0,-0.010891908525456795,0.000752367317454353,-0.011644275842911148,2623.15
82228,GUINEAINS,2018-09-24,0.32,0.32,0,2026-04-08T03:08:19.182113+00:00,0.0,0.0,0.0,0.0,0.32,0.329,0.3542,1.9166296949998178,1.6311606328178327,0.0,-0.010380152086249095,0.0010112990053296432,-0.011391451091578738,2623.15
82330,GUINEAINS,2018-09-25,0.32,0.32,0,2026-04-08T03:08:21.370615+00:00,0.0,0.0,0.0,0.0,0.32,0.3275,0.35300000000000004,1.9166296949998178,1.6311606328178327,0.0,-0.009860910977624815,0.0012244320911631388,-0.011085343068787954,2623.15
82432,GUINEAINS,2018-09-26,0.32,0.32,100,2026-04-08T03:08:24.494451+00:00,0.0,0.0,0.0,0.0,0.32,0.32599999999999996,0.3518,1.9166296949998178,1.6311606328178327,0.0,-0.009341723089356546,0.0013948959835451257,-0.010736619072901672,2628.15
82534,GUINEAINS,2018-09-27,0.32,0.32,0,2026-04-08T03:08:26.812803+00:00,0.0,0.0,0.0,0.0,0.32,0.3245,0.35059999999999997,1.9166296949998178,1.6311606328178327,0.0,-0.008828493569039753,0.0015265004030895375,-0.01035499397212929,2628.15
82636,GUINEAINS,2018-09-28,0.32,0.32,0,2026-04-08T03:08:29.283021+00:00,0.0,0.0,0.0,0.0,0.32,0.32300000000000006,0.3494,1.9166296949998178,1.6311606328178327,0.0,-0.008325781055184278,0.00162337033355601,-0.009949151388740288,2628.15
82738,GUINEAINS,2018-10-02,0.32,0.32,0,2026-04-08T03:08:34.887787+00:00,0.0,0.0,0.0,0.0,0.32,0.3215,0.3482,1.9166296949998178,1.6311606328178327,0.0,-0.007837037278742742,0.001689691287998037,-0.00952672856674078,2603.15
82840,GUINEAINS,2018-10-04,0.32,0.32,0,2026-04-08T03:08:38.279141+00:00,0.0,0.0,0.0,0.0,0.32,0.32,0.347,1.9166296949998178,1.6311606328178327,0.0,-0.007364807399436735,0.0017295369338432356,-0.00909434433327997,2598.15
82942,GUINEAINS,2018-10-05,0.32,0.32,1000,2026-04-08T03:08:40.455926+00:00,0.0,0.0,0.0,0.0,0.32,0.32,0.3458,0.0,1.6311606328178327,0.0,-0.00691089729571337,0.0017467576300532802,-0.00865765492576665,2630.25
83044,GUINEAINS,2018-10-08,0.29,0.29,141000,2026-04-08T03:08:45.286665+00:00,-9.37500000000001,0.0,0.0,0.0,0.314,0.31849999999999995,0.344,2.0963137289060554,2.071830335237981,0.0,-0.00886967545039491,-0.0001696164197026069,-0.008700059030692302,9680.25
83146,GUINEAINS,2018-10-09,0.29,0.29,0,2026-04-08T03:08:47.584215+00:00,0.0,-9.37500000000001,0.0,0.0,0.308,0.317,0.34220000000000006,2.0963137289060554,2.071830335237981,0.0,-0.010303251777277644,-0.0012825541972682729,-0.009020697580009372,9680.25
83248,GUINEAINS,2018-10-10,0.29,0.29,0,2026-04-08T03:08:50.198924+00:00,0.0,0.0,0.0,0.0,0.30199999999999994,0.3155,0.3404,2.0963137289060554,2.071830335237981,0.0,-0.011309008138484622,-0.0018306484467802003,-0.009478359691704422,9680.25
83350,GUINEAINS,2018-10-11,0.29,0.29,0,2026-04-08T03:08:52.595743+00:00,0.0,0.0,0.0,0.0,0.296,0.31399999999999995,0.3386,2.0963137289060554,2.071830335237981,0.0,-0.0119681163059433,-0.0019918052913911015,-0.009976311014552198,9680.25
83452,GUINEAINS,2018-10-12,0.29,0.29,0,2026-04-08T03:08:54.923298+00:00,0.0,0.0,0.0,0.0,0.29,0.3125,0.3368,2.0963137289060554,2.071830335237981,0.0,-0.012348122804026918,-0.001897449431579776,-0.010450673372447141,7180.25
83554,GUINEAINS,2018-10-15,0.29,0.29,10000,2026-04-08T03:08:59.688494+00:00,0.0,0.0,-9.37500000000001,0.0,0.29,0.311,0.335,2.0963137289060554,2.071830335237981,0.0,-0.012505129344644816,-0.0016435647777581393,-0.010861564566886677,7680.25
83656,GUINEAINS,2018-10-16,0.29,0.29,0,2026-04-08T03:09:01.98694+00:00,0.0,0.0,0.0,0.0,0.29,0.3095,0.3332,2.0963137289060554,2.071830335237981,0.0,-0.012485631570546107,-0.0012992536029275432,-0.011186377967618564,7655.25
83758,GUINEAINS,2018-10-17,0.29,0.29,1000,2026-04-08T03:09:04.302348+00:00,0.0,0.0,0.0,0.0,0.29,0.308,0.33140000000000003,2.0963137289060554,2.071830335237981,0.0,-0.012328069137043707,-0.0009133529355401133,-0.011414716201503593,7705.25
83860,GUINEAINS,2018-10-18,0.29,0.29,0,2026-04-08T03:09:06.644992+00:00,0.0,0.0,0.0,0.0,0.29,0.3065,0.3296,2.0963137289060554,2.071830335237981,0.0,-0.012064131969632519,-0.000519532614503139,-0.01154459935512938,7655.0
83962,GUINEAINS,2018-10-19,0.29,0.29,0,2026-04-08T03:09:09.038287+00:00,0.0,0.0,0.0,0.0,0.29,0.305,0.3277999999999999,2.0963137289060554,2.071830335237981,0.0,-0.011719860605197752,-0.00014020900005469808,-0.011579651605143054,7655.0
84064,GUINEAINS,2018-10-22,0.29,0.29,0,2026-04-08T03:09:13.967+00:00,0.0,0.0,0.0,-9.37500000000001,0.29,0.3035,0.326,2.0963137289060554,2.071830335237981,0.0,-0.011316572663202462,0.00021046315355247383,-0.011527035816754936,7655.0
84166,GUINEAINS,2018-10-23,0.29,0.29,0,2026-04-08T03:09:16.194722+00:00,0.0,0.0,0.0,0.0,0.29,0.302,0.32419999999999993,2.0963137289060554,2.071830335237981,0.0,-0.010871642535847714,0.0005243146247257795,-0.011395957160573494,7655.0
84268,GUINEAINS,2018-10-24,0.29,0.29,0,2026-04-08T03:09:18.448083+00:00,0.0,0.0,0.0,0.0,0.29,0.3005,0.3224,2.0963137289060554,2.071830335237981,0.0,-0.010399157193494601,0.0007974399736631142,-0.011196597167157716,7655.0
84370,GUINEAINS,2018-10-25,0.27,0.27,100000,2026-04-08T03:09:20.631413+00:00,-6.896551724137923,0.0,0.0,0.0,0.286,0.298,0.3202,2.536210194968128,2.2579299973656655,0.0,-0.011505909051269303,-0.0002474495072892699,-0.011258459543980033,12655.0
84472,GUINEAINS,2018-10-26,0.27,0.27,0,2026-04-08T03:09:23.109094+00:00,0.0,-6.896551724137923,0.0,0.0,0.282,0.2955,0.3186,2.536210194968128,2.0029517250924678,0.0,-0.012241900859482846,-0.0007867530524022486,-0.011455147807080597,12650.0
84574,GUINEAINS,2018-10-29,0.25,0.25,300000,2026-04-08T03:09:27.901396+00:00,-7.407407407407418,0.0,0.0,0.0,0.274,0.292,0.3166,2.9225806900332967,2.2268783532031944,0.0,-0.014274465371792833,-0.002255454051769787,-0.012019011320023046,27650.0
84676,GUINEAINS,2018-10-30,0.25,0.25,0,2026-04-08T03:09:30.377337+00:00,0.0,-7.407407407407418,0.0,0.0,0.266,0.2885,0.3146,2.9225806900332967,2.2268783532031944,0.0,-0.01570425847549095,-0.0029481977243743223,-0.012756060751116629,27650.0
84778,GUINEAINS,2018-10-31,0.25,0.25,0,2026-04-08T03:09:32.658485+00:00,0.0,0.0,0.0,0.0,0.258,0.28500000000000003,0.3126,2.9225806900332967,2.2268783532031944,0.0,-0.016645500839066518,-0.0031115520703599124,-0.013533948768706606,27650.0
84880,GUINEAINS,2018-11-01,0.25,0.25,11800,2026-04-08T03:09:35.048509+00:00,0.0,0.0,-6.896551724137923,0.0,0.254,0.2815,0.3106,2.9225806900332967,2.2268783532031944,0.0,-0.017193249120055265,-0.0029274402810789274,-0.014265808838976338,28240.0
84982,GUINEAINS,2018-11-02,0.25,0.25,0,2026-04-08T03:09:37.41202+00:00,0.0,0.0,0.0,0.0,0.25,0.27799999999999997,0.3086,2.9225806900332967,2.2268783532031944,0.0,-0.01742646217074373,-0.0025285226654139115,-0.014897939505329817,28190.0
85084,GUINEAINS,2018-11-05,0.25,0.25,0,2026-04-08T03:09:41.998643+00:00,0.0,0.0,-7.407407407407418,0.0,0.25,0.27599999999999997,0.3066,2.2028922118215655,2.2268783532031944,0.0,-0.017410586786858695,-0.0020101178252231004,-0.015400468961635595,21140.0
85186,GUINEAINS,2018-11-06,0.25,0.25,0,2026-04-08T03:09:44.485046+00:00,0.0,0.0,0.0,0.0,0.25,0.274,0.3046,2.2028922118215655,2.2268783532031944,0.0,-0.01719973756259713,-0.0014394148807692249,-0.015760322681827903,21140.0
85288,GUINEAINS,2018-11-08,0.25,0.25,0,2026-04-08T03:09:47.843283+00:00,0.0,0.0,0.0,0.0,0.25,0.272,0.30260000000000004,2.2028922118215655,2.2268783532031944,0.0,-0.016838533896151753,-0.0008625689714590774,-0.015975964924692675,21140.0
85390,GUINEAINS,2018-11-09,0.25,0.25,0,2026-04-08T03:09:50.169754+00:00,0.0,0.0,0.0,-6.896551724137923,0.25,0.27,0.3006,2.2028922118215655,2.2268783532031944,0.0,-0.016363647446416496,-0.00031014601737905725,-0.01605350142903744,21140.0
85492,GUINEAINS,2018-11-12,0.25,0.25,0,2026-04-08T03:09:54.975549+00:00,0.0,0.0,0.0,0.0,0.25,0.268,0.2986,2.2028922118215655,2.2268783532031944,0.0,-0.015805105100368422,0.00019871706293521363,-0.016003822163303635,21140.0
85594,GUINEAINS,2018-11-13,0.25,0.25,0,2026-04-08T03:09:57.558923+00:00,0.0,0.0,0.0,-7.407407407407418,0.25,0.266,0.2966,2.2028922118215655,2.2268783532031944,0.0,-0.015187385540355036,0.000653149298358878,-0.015840534838713914,20640.0
85696,GUINEAINS,2018-11-14,0.25,0.25,0,2026-04-08T03:09:59.910116+00:00,0.0,0.0,0.0,0.0,0.25,0.264,0.29460000000000003,2.2028922118215655,2.2268783532031944,0.0,-0.014530341605411778,0.00104815458664171,-0.015578496192053488,20640.0
85798,GUINEAINS,2018-11-15,0.25,0.25,0,2026-04-08T03:10:02.252366+00:00,0.0,0.0,0.0,0.0,0.25,0.262,0.2926,2.2028922118215655,2.2268783532031944,0.0,-0.013849975655180868,0.001382816429498097,-0.015232792084678965,20590.0
85900,GUINEAINS,2018-11-16,0.25,0.25,0,2026-04-08T03:10:04.527169+00:00,0.0,0.0,0.0,0.0,0.25,0.26,0.29059999999999997,2.2028922118215655,2.2268783532031944,0.0,-0.013159090928872574,0.0016589609246451132,-0.014818051853517688,20590.0
86002,GUINEAINS,2018-11-19,0.25,0.25,0,2026-04-08T03:10:09.122468+00:00,0.0,0.0,0.0,0.0,0.25,0.258,0.2892,2.2028922118215655,1.9118794742131309,0.0,-0.012467838326450043,0.0018801708216541167,-0.01434800914810416,20590.0
86104,GUINEAINS,2018-11-21,0.25,0.25,0,2026-04-08T03:10:12.622729+00:00,0.0,0.0,0.0,0.0,0.25,0.256,0.2878,2.2028922118215655,1.9118794742131309,0.0,-0.011784175024535548,0.002051067298854889,-0.013835242323390437,20590.0
86206,GUINEAINS,2018-11-22,0.25,0.25,200,2026-04-08T03:10:14.989948+00:00,0.0,0.0,0.0,0.0,0.25,0.254,0.2864,2.2028922118215655,1.9118794742131309,0.0,-0.011114248790562276,0.00217679482626253,-0.013291043616824805,20600.0
86308,GUINEAINS,2018-11-23,0.25,0.25,0,2026-04-08T03:10:17.221139+00:00,0.0,0.0,0.0,0.0,0.25,0.252,0.285,2.2028922118215655,1.9118794742131309,0.0,-0.010462719703653756,0.00226265913053684,-0.012725378834190596,20600.0
86410,GUINEAINS,2018-11-26,0.25,0.25,0,2026-04-08T03:10:22.142454+00:00,0.0,0.0,0.0,0.0,0.25,0.251,0.2836,1.6563466499998465,1.9118794742131309,0.0,-0.009833029168854757,0.0023138797322686724,-0.012146908901123429,15600.0
86512,GUINEAINS,2018-11-27,0.25,0.25,0,2026-04-08T03:10:24.421595+00:00,0.0,0.0,0.0,0.0,0.25,0.25,0.2822,1.6563466499998465,1.9118794742131309,0.0,-0.009227624571290172,0.0023354274638666076,-0.01156305203515678,15600.0
86614,GUINEAINS,2018-11-28,0.25,0.25,0,2026-04-08T03:10:26.708398+00:00,0.0,0.0,0.0,0.0,0.25,0.25,0.2808,0.0,1.9118794742131309,0.0,-0.008648146615120922,0.0023319243360286866,-0.010980070951149608,600.0
86716,GUINEAINS,2018-11-29,0.25,0.25,0,2026-04-08T03:10:29.255332+00:00,0.0,0.0,0.0,0.0,0.25,0.25,0.27940000000000004,0.0,1.9118794742131309,0.0,-0.008095585292023977,0.0023075885273005046,-0.010403173819324481,600.0
86818,GUINEAINS,2018-11-30,0.25,0.25,500,2026-04-08T03:10:32.706086+00:00,0.0,0.0,0.0,0.0,0.25,0.25,0.278,0.0,1.9118794742131309,0.0,-0.007570409494246866,0.002266211460062093,-0.009836620954308959,625.0
86920,GUINEAINS,2018-12-03,0.25,0.25,0,2026-04-08T03:10:37.185914+00:00,0.0,0.0,0.0,0.0,0.25,0.25,0.2766,0.0,1.9118794742131309,0.0,-0.007072674501751974,0.002211157162045589,-0.009283831663797563,35.0
87022,GUINEAINS,2018-12-04,0.25,0.25,0,2026-04-08T03:10:39.607482+00:00,0.0,0.0,0.0,0.0,0.25,0.25,0.2752,0.0,1.9118794742131309,0.0,-0.006602110909321501,0.0021453766035808494,-0.00874748751290235,35.0
87124,GUINEAINS,2018-12-05,0.25,0.25,0,2026-04-08T03:10:42.037497+00:00,0.0,0.0,0.0,0.0,0.25,0.25,0.2738,0.0,1.9118794742131309,0.0,-0.006158197998906545,0.0020714316111966457,-0.00822962961010319,35.0
87226,GUINEAINS,2018-12-06,0.25,0.25,0,2026-04-08T03:10:44.312069+00:00,0.0,0.0,0.0,0.0,0.25,0.25,0.2724,0.0,1.9118794742131309,0.0,-0.005740224089049728,0.00199152441684277,-0.007731748505892498,35.0
87328,GUINEAINS,2018-12-07,0.25,0.25,0,2026-04-08T03:10:46.663078+00:00,0.0,0.0,0.0,0.0,0.25,0.25,0.271,0.0,1.9118794742131309,0.0,-0.005347335993417746,0.0019075300099798019,-0.0072548660033975474,35.0
87430,GUINEAINS,2018-12-10,0.25,0.25,4200,2026-04-08T03:10:51.346822+00:00,0.0,0.0,0.0,0.0,0.25,0.25,0.2696,0.0,1.9118794742131309,0.0,-0.004978579382954873,0.00182102929635414,-0.006799608679309013,245.0
87532,GUINEAINS,2018-12-11,0.25,0.25,0,2026-04-08T03:10:53.613329+00:00,0.0,0.0,0.0,0.0,0.25,0.25,0.2682,0.0,1.9118794742131309,0.0,-0.004632931561276532,0.0017333416944259857,-0.006366273255702518,245.0
87634,GUINEAINS,2018-12-12,0.25,0.25,0,2026-04-08T03:10:55.983376+00:00,0.0,0.0,0.0,0.0,0.25,0.25,0.2668,0.0,1.9118794742131309,0.0,-0.004309327922511097,0.0016455562665531366,-0.005954884189064234,245.0
87736,GUINEAINS,2018-12-13,0.25,0.25,0,2026-04-08T03:10:58.622726+00:00,0.0,0.0,0.0,0.0,0.25,0.25,0.26539999999999997,0.0,1.9118794742131309,0.0,-0.00400668315797964,0.0015585608248676747,-0.005565243982847315,245.0
87838,GUINEAINS,2018-12-17,0.25,0.25,0,2026-04-08T03:11:04.071168+00:00,0.0,0.0,0.0,0.0,0.25,0.25,0.264,0.0,1.9118794742131309,0.0,-0.003723908107044982,0.0014730687006418667,-0.005196976807686849,245.0
87939,GUINEAINS,2018-12-18,0.25,0.25,0,2026-04-08T03:11:06.547404+00:00,0.0,0.0,0.0,0.0,0.25,0.25,0.2626,0.0,1.9118794742131309,0.0,-0.0034599230032409944,0.0013896430435566837,-0.004849566046797678,245.0
88040,GUINEAINS,2018-12-19,0.25,0.25,0,2026-04-08T03:11:08.930184+00:00,0.0,0.0,0.0,0.0,0.25,0.25,0.2612,0.0,1.9118794742131309,0.0,-0.0032136677452379026,0.0013087186412478208,-0.004522386386485723,245.0
88141,GUINEAINS,2018-12-21,0.25,0.25,0,2026-04-08T03:11:13.038597+00:00,0.0,0.0,0.0,0.0,0.25,0.25,0.26039999999999996,0.0,1.4166649917689749,0.0,-0.002984109719791239,0.0012306213333555874,-0.0042147310531468266,245.0
88242,GUINEAINS,2018-12-24,0.23,0.23,189610,2026-04-08T03:11:17.396489+00:00,-7.9999999999999964,0.0,0.0,0.0,0.246,0.24899999999999997,0.25920000000000004,1.788854381999831,1.7870439525229365,0.0,-0.004365691213019163,-0.00012076812789786878,-0.004244923085121294,9715.5
88344,GUINEAINS,2018-12-31,0.23,0.23,0,2026-04-08T03:11:26.963749+00:00,0.0,-7.9999999999999964,0.0,0.0,0.242,0.248,0.25799999999999995,1.788854381999831,1.7870439525229365,0.0,-0.005398375389046528,-0.0009227618431401872,-0.004475613545906341,9715.5
88446,GUINEAINS,2019-01-04,0.23,0.23,0,2026-04-08T03:11:33.101723+00:00,0.0,0.0,0.0,0.0,0.238,0.24699999999999997,0.2568,1.788854381999831,1.7870439525229365,0.0,-0.006145938485489083,-0.0013362599516661931,-0.00480967853382289,9715.5
88548,GUINEAINS,2019-01-07,0.23,0.23,0,2026-04-08T03:11:37.396019+00:00,0.0,0.0,0.0,0.0,0.23399999999999999,0.246,0.2556,1.788854381999831,1.7870439525229365,0.0,-0.006661596883152182,-0.001481534679463434,-0.005180062203688748,9715.5
88650,GUINEAINS,2019-01-08,0.23,0.23,0,2026-04-08T03:11:39.720871+00:00,0.0,0.0,0.0,0.0,0.23,0.24499999999999997,0.2544,1.788854381999831,1.7870439525229365,0.0,-0.006989687116271098,-0.0014476999300658796,-0.005541987186205219,9715.5
88752,GUINEAINS,2019-01-09,0.23,0.23,0,2026-04-08T03:11:42.122758+00:00,0.0,0.0,-7.9999999999999964,0.0,0.23,0.244,0.2532,1.788854381999831,1.7870439525229365,0.0,-0.007167083314683159,-0.0013000769027823522,-0.005867006411900807,9715.5
88854,GUINEAINS,2019-01-10,0.23,0.23,0,2026-04-08T03:11:44.4712+00:00,0.0,0.0,0.0,0.0,0.23,0.24299999999999997,0.252,1.788854381999831,1.7870439525229365,0.0,-0.0072243927770893335,-0.0010859090921508212,-0.006138483684938512,9690.5
88956,GUINEAINS,2019-01-11,0.23,0.23,0,2026-04-08T03:11:46.864498+00:00,0.0,0.0,0.0,0.0,0.23,0.242,0.25079999999999997,1.788854381999831,1.7870439525229365,0.0,-0.007186964090631659,-0.0008387843245545173,-0.006348179766077142,9690.5
89058,GUINEAINS,2019-01-14,0.23,0.23,0,2026-04-08T03:11:51.386431+00:00,0.0,0.0,0.0,0.0,0.23,0.24100000000000002,0.24960000000000002,1.788854381999831,1.7870439525229365,0.0,-0.0070757368965052025,-0.0005820457043424487,-0.006493691192162754,9690.5
89160,GUINEAINS,2019-01-15,0.23,0.23,0,2026-04-08T03:11:53.781694+00:00,0.0,0.0,0.0,0.0,0.23,0.24,0.24840000000000004,1.788854381999831,1.7870439525229365,0.0,-0.006907957905135403,-0.0003314133703781197,-0.006576544534757284,9690.5
89262,GUINEAINS,2019-01-16,0.23,0.23,0,2026-04-08T03:11:56.273278+00:00,0.0,0.0,0.0,-7.9999999999999964,0.23,0.23900000000000002,0.24719999999999998,1.788854381999831,1.7870439525229365,0.0,-0.006697783961411075,-9.69915413230318e-05,-0.006600792420088043,9690.5
89364,GUINEAINS,2019-01-17,0.23,0.23,0,2026-04-08T03:11:58.633279+00:00,0.0,0.0,0.0,0.0,0.23,0.238,0.24600000000000002,1.788854381999831,1.7870439525229365,0.0,-0.00645678974383318,0.00011520214100389087,-0.006571991884837071,9690.5
89466,GUINEAINS,2019-01-18,0.23,0.23,0,2026-04-08T03:12:01.678716+00:00,0.0,0.0,0.0,0.0,0.23,0.23700000000000002,0.2452,1.788854381999831,1.5261123105684335,0.0,-0.006194394960900851,0.00030207753914897675,-0.006496472500049828,9480.5
89568,GUINEAINS,2019-01-21,0.23,0.23,0,2026-04-08T03:12:06.146982+00:00,0.0,0.0,0.0,0.0,0.23,0.236,0.2444,1.788854381999831,1.5261123105684335,0.0,-0.005918223607197154,0.0004625991142821395,-0.006380822721479293,9480.5
89670,GUINEAINS,2019-01-22,0.23,0.23,0,2026-04-08T03:12:26.450353+00:00,0.0,0.0,0.0,0.0,0.23,0.23500000000000001,0.244,1.788854381999831,1.131370849898476,0.0,-0.005634405895808825,0.0005971334605363752,-0.0062315393563452,9480.5
89772,GUINEAINS,2019-01-23,0.23,0.23,0,2026-04-08T03:12:28.985884+00:00,0.0,0.0,0.0,0.0,0.23,0.23399999999999999,0.24359999999999998,1.788854381999831,1.131370849898476,0.0,-0.0053478318382161605,0.0007069660145032318,-0.006054797852719392,9480.5
89874,GUINEAINS,2019-01-24,0.23,0.23,0,2026-04-08T03:12:31.471104+00:00,0.0,0.0,0.0,0.0,0.23,0.233,0.2432,1.788854381999831,1.131370849898476,0.0,-0.005062364051347662,0.0007939470410973848,-0.005856311092445047,9480.5
89976,GUINEAINS,2019-01-25,0.23,0.23,0,2026-04-08T03:12:33.831732+00:00,0.0,0.0,0.0,0.0,0.23,0.23199999999999998,0.24280000000000002,1.788854381999831,1.131370849898476,0.0,-0.00478101619495383,0.0008602359179929742,-0.005641252112946804,9480.5
90078,GUINEAINS,2019-01-28,0.23,0.23,0,2026-04-08T03:12:38.324+00:00,0.0,0.0,0.0,0.0,0.23,0.231,0.24239999999999998,1.788854381999831,1.131370849898476,0.0,-0.004506102447694227,0.0009081197322020618,-0.005414222179896289,9480.5
90180,GUINEAINS,2019-01-29,0.23,0.23,0,2026-04-08T03:12:40.769031+00:00,0.0,0.0,0.0,0.0,0.23,0.23,0.242,1.788854381999831,1.131370849898476,0.0,-0.004239362589326251,0.0009398876724560305,-0.0051792502617822814,9480.5
90282,GUINEAINS,2019-01-30,0.23,0.23,0,2026-04-08T03:12:43.207065+00:00,0.0,0.0,0.0,0.0,0.23,0.23,0.2416,0.0,1.131370849898476,0.0,-0.003982066545427376,0.000957746973083924,-0.0049398135185113,0.0
90384,GUINEAINS,2019-01-31,0.23,0.23,0,2026-04-08T03:12:45.452606+00:00,0.0,0.0,0.0,0.0,0.23,0.23,0.2412,0.0,1.131370849898476,0.0,-0.0037351016501171452,0.000963769494715324,-0.004698871144832469,0.0
90486,GUINEAINS,2019-02-01,0.23,0.23,0,2026-04-08T03:12:47.65569+00:00,0.0,0.0,0.0,0.0,0.23,0.23,0.2408,0.0,1.131370849898476,0.0,-0.003499045374302928,0.0009598606164236325,-0.004458905990726561,0.0
90588,GUINEAINS,2019-02-04,0.23,0.23,0,2026-04-08T03:12:52.008801+00:00,0.0,0.0,0.0,0.0,0.23,0.23,0.2404,0.0,1.131370849898476,0.0,-0.0032742258377043143,0.0009477441224177967,-0.004221969960122111,0.0
90690,GUINEAINS,2019-02-05,0.23,0.23,0,2026-04-08T03:12:54.428036+00:00,0.0,0.0,0.0,0.0,0.23,0.23,0.24,0.0,1.131370849898476,0.0,-0.0030607720601674715,0.0009289583199637123,-0.003989730380131184,0.0
90792,GUINEAINS,2019-02-06,0.21,0.21,541000,2026-04-08T03:12:56.795589+00:00,-8.695652173913048,0.0,0.0,0.0,0.22600000000000003,0.229,0.23920000000000002,1.9444069369563401,1.6539345216873746,0.0,-0.004454097196739226,-0.0003714934532864332,-0.004082603743452793,27050.0
90894,GUINEAINS,2019-02-07,0.2,0.2,200100,2026-04-08T03:12:59.333395+00:00,-4.761904761904756,-8.695652173913048,0.0,0.0,0.22000000000000003,0.22750000000000004,0.2382,2.167156902452357,1.7675162366719672,0.0,-0.006292695555059097,-0.0017680734492850434,-0.004524622105774053,37055.0
90996,GUINEAINS,2019-02-08,0.2,0.2,1000,2026-04-08T03:13:01.766173+00:00,0.0,-4.761904761904756,0.0,0.0,0.21400000000000002,0.22600000000000003,0.2372,2.167156902452357,1.7675162366719672,0.0,-0.0076614812140839705,-0.002509487286647933,-0.005151993927436037,37105.0
91098,GUINEAINS,2019-02-11,0.2,0.2,2,2026-04-08T03:13:07.807824+00:00,0.0,0.0,0.0,0.0,0.20800000000000002,0.2245,0.23620000000000002,2.167156902452357,1.7675162366719672,0.0,-0.008646581303472872,-0.002795669900829468,-0.005850911402643404,37105.1
91200,GUINEAINS,2019-02-12,0.2,0.2,5,2026-04-08T03:13:10.389121+00:00,0.0,0.0,0.0,0.0,0.202,0.223,0.2352,2.167156902452357,1.7675162366719672,0.0,-0.009319846828737988,-0.002775148340875666,-0.0065446984878623216,37105.35
91302,GUINEAINS,2019-02-13,0.2,0.2,100000,2026-04-08T03:13:13.120558+00:00,0.0,0.0,-8.695652173913048,0.0,0.2,0.22149999999999997,0.23420000000000002,2.167156902452357,1.7675162366719672,0.0,-0.009741124982962951,-0.002557141196080503,-0.007183983786882448,42105.35
91404,GUINEAINS,2019-02-14,0.2,0.2,0,2026-04-08T03:13:15.610167+00:00,0.0,0.0,-4.761904761904756,0.0,0.2,0.22000000000000003,0.2332,2.167156902452357,1.7675162366719672,0.0,-0.009960176243589747,-0.002220953965365839,-0.007739222278223908,42105.35
91506,GUINEAINS,2019-02-15,0.2,0.2,2000,2026-04-08T03:13:17.960235+00:00,0.0,0.0,0.0,0.0,0.2,0.2185,0.2322,2.167156902452357,1.7675162366719672,0.0,-0.010018291319652456,-0.0018232552331428377,-0.008195036086509618,42205.35
91608,GUINEAINS,2019-02-18,0.2,0.2,0,2026-04-08T03:13:22.383964+00:00,0.0,0.0,0.0,0.0,0.2,0.21700000000000003,0.23120000000000002,2.167156902452357,1.7675162366719672,0.0,-0.009949654512355105,-0.0014036947406763887,-0.008545959771678716,42205.35
91710,GUINEAINS,2019-02-19,0.2,0.2,0,2026-04-08T03:13:24.617569+00:00,0.0,0.0,0.0,0.0,0.2,0.21549999999999997,0.2302,2.167156902452357,1.7675162366719672,0.0,-0.009782492859773367,-0.0009892264704757202,-0.008793266389297647,42205.35
91812,GUINEAINS,2019-02-20,0.2,0.2,2000,2026-04-08T03:13:26.870792+00:00,0.0,0.0,0.0,-8.695652173913048,0.2,0.21400000000000002,0.22920000000000001,2.167156902452357,1.7675162366719672,0.0,-0.009540044352938426,-0.0005974223709126238,-0.008942621982025802,42305.35
91914,GUINEAINS,2019-02-22,0.2,0.2,10000,2026-04-08T03:13:30.442816+00:00,0.0,0.0,0.0,-4.761904761904756,0.2,0.2125,0.22820000000000001,2.167156902452357,1.7675162366719672,0.0,-0.009241373364928834,-0.00023900110632242566,-0.009002372258606409,42805.35
92016,GUINEAINS,2019-02-25,0.2,0.2,0,2026-04-08T03:13:35.015549+00:00,0.0,0.0,0.0,0.0,0.2,0.21100000000000002,0.22719999999999999,2.167156902452357,1.7675162366719672,0.0,-0.00890205708241501,8.025214095311838e-05,-0.008982309223368129,42805.35
92118,GUINEAINS,2019-02-26,0.2,0.2,40002,2026-04-08T03:13:37.412672+00:00,0.0,0.0,0.0,0.0,0.2,0.20950000000000002,0.2262,2.167156902452357,1.7675162366719672,0.0,-0.008534763048167249,0.0003580369401607053,-0.008892799988327954,44805.45
92220,GUINEAINS,2019-02-27,0.2,0.2,0,2026-04-08T03:13:39.910522+00:00,0.0,0.0,0.0,0.0,0.2,0.20800000000000002,0.22519999999999998,2.167156902452357,1.7675162366719672,0.0,-0.008149734809959841,0.0005944521426944904,-0.008744186952654331,44805.45
92322,GUINEAINS,2019-02-28,0.2,0.2,0,2026-04-08T03:13:42.435587+00:00,0.0,0.0,0.0,0.0,0.2,0.2065,0.2242,2.167156902452357,1.7675162366719672,0.0,-0.007755200038601223,0.0007911895312424869,-0.00854638956984371,44805.45
92424,GUINEAINS,2019-03-01,0.2,0.2,0,2026-04-08T03:13:44.810709+00:00,0.0,0.0,0.0,0.0,0.2,0.20500000000000002,0.2232,2.167156902452357,1.7675162366719672,0.0,-0.007357713251484349,0.0009509410546874892,-0.008308654306171838,44805.45
92526,GUINEAINS,2019-03-04,0.2,0.2,0,2026-04-08T03:13:49.353535+00:00,0.0,0.0,0.0,0.0,0.2,0.20350000000000001,0.22219999999999998,2.167156902452357,1.7675162366719672,0.0,-0.006962443395464174,0.001076968728566132,-0.008039412124030306,44805.45
92628,GUINEAINS,2019-03-05,0.2,0.2,0,2026-04-08T03:13:51.846242+00:00,0.0,0.0,0.0,0.0,0.2,0.202,0.2212,2.167156902452357,1.7675162366719672,0.0,-0.006573414951055595,0.0011727977383797694,-0.007746212689435364,44805.45
92730,GUINEAINS,2019-03-06,0.2,0.2,0,2026-04-08T03:13:54.267269+00:00,0.0,0.0,0.0,0.0,0.2,0.20049999999999998,0.2202,2.167156902452357,1.7675162366719672,0.0,-0.006193709874085268,0.0012420022522800778,-0.007435712126365346,44805.45
92832,GUINEAINS,2019-03-07,0.2,0.2,0,2026-04-08T03:13:56.544072+00:00,0.0,0.0,0.0,0.0,0.2,0.2,0.2192,1.0647942749998984,1.7675162366719672,0.0,-0.005825636553107555,0.0012880604586062334,-0.007113697011713788,17755.45
92934,GUINEAINS,2019-03-08,0.2,0.2,0,2026-04-08T03:13:58.936546+00:00,0.0,0.0,0.0,0.0,0.2,0.2,0.2182,0.0,1.7675162366719672,0.0,-0.005470870999029764,0.0013142608101472195,-0.006785131809176984,7750.45
93036,GUINEAINS,2019-03-11,0.2,0.2,10000,2026-04-08T03:14:03.582539+00:00,0.0,0.0,0.0,0.0,0.2,0.2,0.21719999999999998,0.0,1.7675162366719672,0.0,-0.005130574670347415,0.001323645711063655,-0.00645422038141107,8200.45
93138,GUINEAINS,2019-03-12,0.2,0.2,50,2026-04-08T03:14:06.149716+00:00,0.0,0.0,0.0,0.0,0.2,0.2,0.2162,0.0,1.7675162366719672,0.0,-0.004805492650207688,0.0013189821849627064,-0.006124474835170394,8202.85
93240,GUINEAINS,2019-03-13,0.2,0.2,500,2026-04-08T03:14:08.562819+00:00,0.0,0.0,0.0,0.0,0.2,0.2,0.2152,0.0,1.7675162366719672,0.0,-0.004496035310779606,0.0013027516195126309,-0.005798786930292237,8227.6
93342,GUINEAINS,2019-03-14,0.2,0.2,0,2026-04-08T03:14:10.990955+00:00,0.0,0.0,0.0,0.0,0.2,0.2,0.2146,0.0,1.3899639322696462,0.0,-0.004202346109680372,0.0012771526564894923,-0.005479498766169864,3227.6
93444,GUINEAINS,2019-03-15,0.2,0.2,100,2026-04-08T03:14:13.413527+00:00,0.0,0.0,0.0,0.0,0.2,0.2,0.21400000000000002,0.0,1.3899639322696462,0.0,-0.00392435774859487,0.001244112814059995,-0.005168470562654865,3232.6
93546,GUINEAINS,2019-03-18,0.2,0.2,0,2026-04-08T03:14:17.594172+00:00,0.0,0.0,0.0,0.0,0.2,0.2,0.21340000000000003,0.0,1.3899639322696462,0.0,-0.0036618385739712322,0.0012053055909469063,-0.0048671441649181385,3132.6
93648,GUINEAINS,2019-03-19,0.2,0.2,0,2026-04-08T03:14:19.883177+00:00,0.0,0.0,0.0,0.0,0.2,0.2,0.21280000000000002,0.0,1.3899639322696462,0.0,-0.0034144308038362436,0.0011621706888655164,-0.00457660149270176,3132.6
93750,GUINEAINS,2019-03-20,0.2,0.2,100,2026-04-08T03:14:22.215184+00:00,0.0,0.0,0.0,0.0,0.2,0.2,0.2122,0.0,1.3899639322696462,0.0,-0.0031816819149403097,0.00111593566220916,-0.00429761757714947,3137.6
93852,GUINEAINS,2019-03-21,0.2,0.2,0,2026-04-08T03:14:24.469396+00:00,0.0,0.0,0.0,0.0,0.2,0.2,0.21160000000000004,0.0,1.3899639322696462,0.0,-0.002963070313498295,0.0010676378109209404,-0.004030708124419235,3037.6
93954,GUINEAINS,2019-03-22,0.2,0.2,0,2026-04-08T03:14:26.929153+00:00,0.0,0.0,0.0,0.0,0.2,0.2,0.21100000000000002,0.0,1.3899639322696462,0.0,-0.002758026234721822,0.001018145511757931,-0.003776171746479753,2537.6
94056,GUINEAINS,2019-03-25,0.2,0.2,500,2026-04-08T03:14:31.400562+00:00,0.0,0.0,0.0,0.0,0.2,0.2,0.21040000000000003,0.0,1.3899639322696462,0.0,-0.0025659486660539743,0.0009681784643406233,-0.0035341271303945977,2562.6
94158,GUINEAINS,2019-03-26,0.2,0.2,0,2026-04-08T03:14:33.80485+00:00,0.0,0.0,0.0,0.0,0.2,0.2,0.20980000000000001,0.0,1.3899639322696462,0.0,-0.0023862189622138597,0.0009183265345445906,-0.0033045454967584502,562.5
94260,GUINEAINS,2019-03-27,0.2,0.2,0,2026-04-08T03:14:36.122563+00:00,0.0,0.0,0.0,0.0,0.2,0.2,0.20919999999999997,0.0,1.3899639322696462,0.0,-0.00221821171319711,0.0008690670268490723,-0.0030872787400461825,562.5
94362,GUINEAINS,2019-03-28,0.2,0.2,0,2026-04-08T03:14:38.612625+00:00,0.0,0.0,0.0,0.0,0.2,0.2,0.20860000000000004,0.0,1.3899639322696462,0.0,-0.0020613033361817357,0.0008207803230915575,-0.002882083659273293,562.5
94464,GUINEAINS,2019-03-29,0.2,0.2,0,2026-04-08T03:14:41.061692+00:00,0.0,0.0,0.0,0.0,0.2,0.2,0.20800000000000002,0.0,1.3899639322696462,0.0,-0.0019148787862559302,0.0007737638984138904,-0.0026886426846698206,562.5
94565,GUINEAINS,2019-04-01,0.2,0.2,0,2026-04-08T03:14:45.528331+00:00,0.0,0.0,0.0,0.0,0.2,0.2,0.20740000000000003,0.0,1.3899639322696462,0.0,-0.0017783367168125452,0.0007282447742858202,-0.0025065814910983654,562.5
94666,GUINEAINS,2019-04-02,0.2,0.2,0,2026-04-08T03:14:47.809526+00:00,0.0,0.0,0.0,0.0,0.2,0.2,0.20679999999999998,0.0,1.3899639322696462,0.0,-0.0016510933664872496,0.0006843904996888931,-0.0023354838661761427,562.5
94767,GUINEAINS,2019-04-03,0.2,0.2,0,2026-04-08T03:14:50.124237+00:00,0.0,0.0,0.0,0.0,0.2,0.2,0.20620000000000002,0.0,1.3899639322696462,0.0,-0.0015325854040786901,0.0006423187696779622,-0.0021749041737566524,562.5
94868,GUINEAINS,2019-04-04,0.2,0.2,2000,2026-04-08T03:14:52.417245+00:00,0.0,0.0,0.0,0.0,0.2,0.2,0.20560000000000003,0.0,1.3899639322696462,0.0,-0.0014222719246522741,0.0006021057992835026,-0.0020243777239357767,662.5
94969,GUINEAINS,2019-04-05,0.2,0.2,0,2026-04-08T03:14:54.739567+00:00,0.0,0.0,0.0,0.0,0.2,0.2,0.205,0.0,1.3899639322696462,0.0,-0.0013196357578691698,0.0005637935728532856,-0.0018834293307224553,662.5
95070,GUINEAINS,2019-04-08,0.2,0.2,0,2026-04-08T03:14:59.01768+00:00,0.0,0.0,0.0,0.0,0.2,0.2,0.20440000000000003,0.0,1.3899639322696462,0.0,-0.0012241842225505783,0.0005273960865375016,-0.00175158030908808,162.5
95171,GUINEAINS,2019-04-09,0.2,0.2,0,2026-04-08T03:15:01.233247+00:00,0.0,0.0,0.0,0.0,0.2,0.2,0.20380000000000004,0.0,1.3899639322696462,0.0,-0.0011354494387818548,0.0004929046962449802,-0.001628354135026835,160.0
95272,GUINEAINS,2019-04-10,0.2,0.2,0,2026-04-08T03:15:03.446976+00:00,0.0,0.0,0.0,0.0,0.2,0.2,0.2032,0.0,1.3899639322696462,0.0,-0.0010529882898031584,0.00046029267617894156,-0.0015132809659821,135.0
95373,GUINEAINS,2019-04-11,0.2,0.2,0,2026-04-08T03:15:05.608759+00:00,0.0,0.0,0.0,0.0,0.2,0.2,0.2026,0.0,1.3899639322696462,0.0,-0.0009763821099502967,0.00042951908482544263,-0.0014059011947757394,135.0
95474,GUINEAINS,2019-04-12,0.2,0.2,0,2026-04-08T03:15:07.869644+00:00,0.0,0.0,0.0,0.0,0.2,0.2,0.20199999999999999,0.0,1.3899639322696462,0.0,-0.0009052361615191351,0.0004005320266052834,-0.0013057681881244185,130.0
95575,GUINEAINS,2019-04-15,0.2,0.2,0,2026-04-08T03:15:12.360876+00:00,0.0,0.0,0.0,0.0,0.2,0.2,0.20140000000000005,0.0,1.3899639322696462,0.0,-0.0008391789522181614,0.00037327138872500563,-0.001212450340943167,130.0
95676,GUINEAINS,2019-04-16,0.2,0.2,0,2026-04-08T03:15:14.69338+00:00,0.0,0.0,0.0,0.0,0.2,0.2,0.2008,0.0,1.3899639322696462,0.0,-0.0007778614355040681,0.0003476711243512792,-0.0011255325598553472,130.0
95777,GUINEAINS,2019-04-17,0.2,0.2,0,2026-04-08T03:15:16.974822+00:00,0.0,0.0,0.0,0.0,0.2,0.2,0.2002,0.0,1.3899639322696462,0.0,-0.0007209561282721932,0.00032366114526652325,-0.0010446172735387165,125.0
95878,GUINEAINS,2019-04-18,0.2,0.2,0,2026-04-08T03:15:19.360663+00:00,0.0,0.0,0.0,0.0,0.2,0.2,0.2,0.0,0.6734350297014735,0.0,-0.0006681561738509645,0.0003011688797502017,-0.0009693250536011662,125.0
95979,GUINEAINS,2019-04-23,0.2,0.2,0,2026-04-08T03:15:26.04373+00:00,0.0,0.0,0.0,0.0,0.2,0.2,0.2,0.0,0.0,0.0,-0.0006191743728217736,0.00028012054462351417,-0.0008992949174452877,125.0
96081,GUINEAINS,2019-04-24,0.2,0.2,0,2026-04-08T03:15:28.31166+00:00,0.0,0.0,0.0,0.0,0.2,0.2,0.2,0.0,0.0,0.0,-0.0005737421996755698,0.00026044217421577435,-0.0008341843738913442,100.0
96183,GUINEAINS,2019-04-25,0.2,0.2,510000,2026-04-08T03:15:30.603437+00:00,0.0,0.0,0.0,0.0,0.2,0.2,0.2,0.0,0.0,0.0,-0.000531608819578977,0.00024206044344989388,-0.0007736692630288709,25600.0
96285,GUINEAINS,2019-04-26,0.2,0.2,0,2026-04-08T03:15:32.816712+00:00,0.0,0.0,0.0,0.0,0.2,0.2,0.2,0.0,0.0,0.0,-0.000492540116431156,0.00022490331727817187,-0.0007174434337093279,25600.0
96387,GUINEAINS,2019-04-29,0.2,0.2,51000,2026-04-08T03:15:37.198623+00:00,0.0,0.0,0.0,0.0,0.2,0.2,0.2,0.0,0.0,0.0,-0.000456317740843204,0.00020890055429289927,-0.0006652182951361032,28150.0
96489,GUINEAINS,2019-04-30,0.2,0.2,0,2026-04-08T03:15:39.499507+00:00,0.0,0.0,0.0,0.0,0.2,0.2,0.2,0.0,0.0,0.0,-0.00042273818457522205,0.00019398408844870498,-0.000616722273023927,28150.0
96591,GUINEAINS,2019-05-02,0.2,0.2,504000,2026-04-08T03:15:42.839166+00:00,0.0,0.0,0.0,0.0,0.2,0.2,0.2,0.0,0.0,0.0,-0.00039161188625044807,0.00018008830941878314,-0.0005717001956692312,53350.0
96693,GUINEAINS,2019-05-03,0.2,0.2,100,2026-04-08T03:15:45.02286+00:00,0.0,0.0,0.0,0.0,0.2,0.2,0.2,0.0,0.0,0.0,-0.0003627623717652184,0.00016715025912321022,-0.0005299126308884286,53355.0
96795,GUINEAINS,2019-05-06,0.2,0.2,200,2026-04-08T03:15:49.380478+00:00,0.0,0.0,0.0,0.0,0.2,0.2,0.2,0.0,0.0,0.0,-0.0003360254316783218,0.0001551097593680855,-0.0004911351910464073,53365.0
96897,GUINEAINS,2019-05-07,0.2,0.2,285000,2026-04-08T03:15:51.609622+00:00,0.0,0.0,0.0,0.0,0.2,0.2,0.2,0.0,0.0,0.0,-0.0003112483369472341,0.0001439094832793386,-0.0004551578202265727,67515.0
96999,GUINEAINS,2019-05-08,0.2,0.2,0,2026-04-08T03:15:53.912422+00:00,0.0,0.0,0.0,0.0,0.2,0.2,0.2,0.0,0.0,0.0,-0.00028828909364569943,0.00013349498126469863,-0.00042178407491039806,67515.0
97101,GUINEAINS,2019-05-09,0.2,0.2,0,2026-04-08T03:15:56.308435+00:00,0.0,0.0,0.0,0.0,0.2,0.2,0.2,0.0,0.0,0.0,-0.00026701573671547574,0.0001238146705559379,-0.00039083040727141364,67515.0
97203,GUINEAINS,2019-05-10,0.2,0.2,120000,2026-04-08T03:15:58.65517+00:00,0.0,0.0,0.0,0.0,0.2,0.2,0.2,0.0,0.0,0.0,-0.00024730566234890117,0.00011481979593801,-0.00036212545828691117,73515.0
97305,GUINEAINS,2019-05-13,0.2,0.2,0,2026-04-08T03:16:02.955985+00:00,0.0,0.0,0.0,0.0,0.2,0.2,0.2,0.0,0.0,0.0,-0.00022904499824574764,0.00010646436803293081,-0.00033550936627867845,73515.0
97407,GUINEAINS,2019-05-14,0.2,0.2,4463728,2026-04-08T03:16:05.427951+00:00,0.0,0.0,0.0,0.0,0.2,0.2,0.2,0.0,0.0,0.0,-0.00021212801072054144,9.870508444650961e-05,-0.00031083309516705105,296701.4
97509,GUINEAINS,2019-05-15,0.2,0.2,100000,2026-04-08T03:16:07.709974+00:00,0.0,0.0,0.0,0.0,0.2,0.2,0.2,0.0,0.0,0.0,-0.000196456547437579,9.150123818357764e-05,-0.00028795778562115665,301701.4
97611,GUINEAINS,2019-05-16,0.2,0.2,80000,2026-04-08T03:16:09.947696+00:00,0.0,0.0,0.0,0.0,0.2,0.2,0.2,0.0,0.0,0.0,-0.00018193951441033973,8.481461696865358e-05,-0.0002667541313789933,305701.4
97713,GUINEAINS,2019-05-17,0.2,0.2,22988,2026-04-08T03:16:12.469468+00:00,0.0,0.0,0.0,0.0,0.2,0.2,0.2,0.0,0.0,0.0,-0.00016849238580596282,7.86093964584244e-05,-0.0002471017822643872,306850.8
97816,GUINEAINS,2019-05-20,0.2,0.2,500,2026-04-08T03:16:16.967061+00:00,0.0,0.0,0.0,0.0,0.2,0.2,0.2,0.0,0.0,0.0,-0.00015603674503836262,7.28520297808197e-05,-0.00022888877481918232,306875.8
97919,GUINEAINS,2019-05-21,0.2,0.2,750,2026-04-08T03:16:19.368023+00:00,0.0,0.0,0.0,0.0,0.2,0.2,0.2,0.0,0.0,0.0,-0.00014449985560463507,6.751113537163781e-05,-0.00021201099097627288,306913.3
98022,GUINEAINS,2019-05-22,0.2,0.2,0,2026-04-08T03:16:21.741488+00:00,0.0,0.0,0.0,0.0,0.2,0.2,0.2,0.0,0.0,0.0,-0.00013381426011546682,6.255738468864485e-05,-0.00019637164480411167,306913.3
98125,GUINEAINS,2019-05-23,0.2,0.2,5025,2026-04-08T03:16:24.010501+00:00,0.0,0.0,0.0,0.0,0.2,0.2,0.2,0.0,0.0,0.0,-0.00012391740598446943,5.796339105571381e-05,-0.00018188079704018324,307164.55
98228,GUINEAINS,2019-05-24,0.2,0.2,0,2026-04-08T03:16:26.41346+00:00,0.0,0.0,0.0,0.0,0.2,0.2,0.2,0.0,0.0,0.0,-0.00011475129626944969,5.3703600616586845e-05,-0.00016845489688603653,281664.55
98331,GUINEAINS,2019-05-27,0.2,0.2,0,2026-04-08T03:16:30.812568+00:00,0.0,0.0,0.0,0.0,0.2,0.2,0.2,0.0,0.0,0.0,-0.00010626216419906687,4.975418614957573e-05,-0.0001560163503486426,281664.55
98434,GUINEAINS,2019-05-28,0.2,0.2,500,2026-04-08T03:16:33.286405+00:00,0.0,0.0,0.0,0.0,0.2,0.2,0.2,0.0,0.0,0.0,-9.840016996501277e-05,4.6092944306903877e-05,-0.00014449311427191665,279139.55
98537,GUINEAINS,2019-05-30,0.2,0.2,0,2026-04-08T03:16:36.695359+00:00,0.0,0.0,0.0,0.0,0.2,0.2,0.2,0.0,0.0,0.0,-9.111911841450104e-05,4.269919668593248e-05,-0.00013381831510043352,279139.55
98640,GUINEAINS,2019-05-31,0.2,0.2,100,2026-04-08T03:16:39.10826+00:00,0.0,0.0,0.0,0.0,0.2,0.2,0.2,0.0,0.0,0.0,-8.437619633461235e-05,3.955369501265694e-05,-0.0001239298913472693,253944.55
98743,GUINEAINS,2019-06-03,0.2,0.2,0,2026-04-08T03:16:43.376201+00:00,0.0,0.0,0.0,0.0,0.2,0.2,0.2,0.0,0.0,0.0,-7.813172808018853e-05,3.663853061366462e-05,-0.00011477025869385315,253939.55
98846,GUINEAINS,2019-06-06,0.2,0.2,0,2026-04-08T03:16:48.034912+00:00,0.0,0.0,0.0,0.0,0.2,0.2,0.2,0.0,0.0,0.0,-7.234894835855821e-05,3.393704826823596e-05,-0.00010628599662679417,253929.55
98949,GUINEAINS,2019-06-07,0.2,0.2,0,2026-04-08T03:16:50.186426+00:00,0.0,0.0,0.0,0.0,0.2,0.2,0.2,0.0,0.0,0.0,-6.69937910454943e-05,3.143376446503989e-05,-9.842755551053419e-05,239679.55
99052,GUINEAINS,2019-06-10,0.2,0.2,0,2026-04-08T03:16:54.498349+00:00,0.0,0.0,0.0,0.0,0.2,0.2,0.2,0.0,0.0,0.0,-6.203469296781061e-05,2.9114290034178877e-05,-9.114898300198949e-05,239679.55
99155,GUINEAINS,2019-06-11,0.2,0.2,20000,2026-04-08T03:16:56.702394+00:00,0.0,0.0,0.0,0.0,0.2,0.2,0.2,0.0,0.0,0.0,-5.744241164803987e-05,2.696525708315969e-05,-8.440766873119956e-05,240679.55
99258,GUINEAINS,2019-06-13,0.2,0.2,0,2026-04-08T03:17:00.140907+00:00,0.0,0.0,0.0,0.0,0.2,0.2,0.2,0.0,0.0,0.0,-5.318985606533877e-05,2.4974250132688645e-05,-7.816410619802742e-05,234679.55
99361,GUINEAINS,2019-06-14,0.2,0.2,0,2026-04-08T03:17:02.289964+00:00,0.0,0.0,0.0,0.0,0.2,0.2,0.2,0.0,0.0,0.0,-4.925192954252644e-05,2.312974132440078e-05,-7.238167086692722e-05,234679.55
99464,GUINEAINS,2019-06-17,0.2,0.2,0,2026-04-08T03:17:06.378621+00:00,0.0,0.0,0.0,0.0,0.2,0.2,0.2,0.0,0.0,0.0,-4.560538392447966e-05,2.1421029553958046e-05,-6.70264134784377e-05,11493.15
99567,GUINEAINS,2019-06-18,0.2,0.2,0,2026-04-08T03:17:08.696624+00:00,0.0,0.0,0.0,0.0,0.2,0.2,0.2,0.0,0.0,0.0,-4.222868426445592e-05,1.9838183371185432e-05,-6.206686763564135e-05,6493.15
99670,GUINEAINS,2019-06-19,0.2,0.2,50,2026-04-08T03:17:10.975867+00:00,0.0,0.0,0.0,0.0,0.2,0.2,0.2,0.0,0.0,0.0,-3.910188328565267e-05,1.837198747999095e-05,-5.747387076564362e-05,2495.65
99773,GUINEAINS,2019-06-20,0.2,0.2,0,2026-04-08T03:17:13.205784+00:00,0.0,0.0,0.0,0.0,0.2,0.2,0.2,0.0,0.0,0.0,-3.62065049314686e-05,1.7013892667340025e-05,-5.322039759880862e-05,1346.25
99876,GUINEAINS,2019-06-24,0.2,0.2,10000,2026-04-08T03:17:18.488118+00:00,0.0,0.0,0.0,0.0,0.2,0.2,0.2,0.0,0.0,0.0,-3.352543636414573e-05,1.5755968987730312e-05,-4.9281405351876046e-05,1821.25
99979,GUINEAINS,2019-06-25,0.2,0.2,20,2026-04-08T03:17:20.712996+00:00,0.0,0.0,0.0,0.0,0.2,0.2,0.2,0.0,0.0,0.0,-3.104282781296597e-05,1.4590862031128067e-05,-4.5633689844094034e-05,1784.75
100082,GUINEAINS,2019-06-26,0.2,0.2,50,2026-04-08T03:17:23.021521+00:00,0.0,0.0,0.0,0.0,0.2,0.2,0.2,0.0,0.0,0.0,-2.874399971372621e-05,1.3511752104294262e-05,-4.225575181802047e-05,1787.25
100185,GUINEAINS,2019-06-27,0.2,0.2,0,2026-04-08T03:17:25.288917+00:00,0.0,0.0,0.0,0.0,0.2,0.2,0.2,0.0,0.0,0.0,-2.661535661929726e-05,1.2512316158978573e-05,-3.912767277827583e-05,1536.0
100288,GUINEAINS,2019-06-28,0.2,0.2,0,2026-04-08T03:17:27.669324+00:00,0.0,0.0,0.0,0.0,0.2,0.2,0.2,0.0,0.0,0.0,-2.4644307395821352e-05,1.1586692305963581e-05,-3.623099970178493e-05,1536.0
100391,GUINEAINS,2019-07-01,0.2,0.2,0,2026-04-08T03:17:31.993492+00:00,0.0,0.0,0.0,0.0,0.2,0.2,0.2,0.0,0.0,0.0,-2.281919125324272e-05,1.072944675883377e-05,-3.354863801207649e-05,1536.0
100494,GUINEAINS,2019-07-02,0.2,0.2,0,2026-04-08T03:17:34.195482+00:00,0.0,0.0,0.0,0.0,0.2,0.2,0.2,0.0,0.0,0.0,-2.112920918995176e-05,9.935543057699787e-06,-3.1064752247651546e-05,1511.0
100597,GUINEAINS,2019-07-03,0.2,0.2,0,2026-04-08T03:17:36.539656+00:00,0.0,0.0,0.0,0.0,0.2,0.2,0.2,0.0,0.0,0.0,-1.9564360460133656e-05,9.200313430014314e-06,-2.876467389014797e-05,1511.0
100700,GUINEAINS,2019-07-04,0.2,0.2,0,2026-04-08T03:17:38.806977+00:00,0.0,0.0,0.0,0.0,0.2,0.2,0.2,0.0,0.0,0.0,-1.811538370075083e-05,8.519432151517714e-06,-2.6634815852268545e-05,1506.0
100803,GUINEAINS,2019-07-05,0.2,0.2,0,2026-04-08T03:17:41.292481+00:00,0.0,0.0,0.0,0.0,0.2,0.2,0.2,0.0,0.0,0.0,-1.677370237987419e-05,7.888890777915483e-06,-2.4662593157789672e-05,1506.0
100906,GUINEAINS,2019-07-08,0.2,0.2,0,2026-04-08T03:17:45.861747+00:00,0.0,0.0,0.0,0.0,0.2,0.2,0.2,0.0,0.0,0.0,-1.5531374252336638e-05,7.304975124362428e-06,-2.2836349376699066e-05,1506.0
101009,GUINEAINS,2019-07-09,0.2,0.2,0,2026-04-08T03:17:48.217581+00:00,0.0,0.0,0.0,0.0,0.2,0.2,0.2,0.0,0.0,0.0,-1.4381044531303067e-05,6.7642438763168e-06,-2.1145288407619867e-05,1506.0
101113,GUINEAINS,2019-07-10,0.2,0.2,0,2026-04-08T03:17:50.676625+00:00,0.0,0.0,0.0,0.0,0.2,0.2,0.2,0.0,0.0,0.0,-1.3315902504501542e-05,6.2635087224946625e-06,-1.9579411226996205e-05,1506.0
101217,GUINEAINS,2019-07-11,0.2,0.2,0,2026-04-08T03:17:53.082234+00:00,0.0,0.0,0.0,0.0,0.2,0.2,0.2,0.0,0.0,0.0,-1.232964134384451e-05,5.799815906521358e-06,-1.812945725036587e-05,506.0
101321,GUINEAINS,2019-07-12,0.2,0.2,0,2026-04-08T03:17:55.503872+00:00,0.0,0.0,0.0,0.0,0.2,0.2,0.2,0.0,0.0,0.0,-1.1416420875015598e-05,5.370429100280218e-06,-1.6786849975295817e-05,506.0
101425,GUINEAINS,2019-07-15,0.2,0.2,0,2026-04-08T03:18:00.039317+00:00,0.0,0.0,0.0,0.0,0.2,0.2,0.2,0.0,0.0,0.0,-1.0570833090306486e-05,4.972813507991466e-06,-1.5543646598297952e-05,506.0
101529,GUINEAINS,2019-07-16,0.2,0.2,0,2026-04-08T03:18:02.440443+00:00,0.0,0.0,0.0,0.0,0.2,0.2,0.2,0.0,0.0,0.0,-9.787870203836757e-06,4.6046211155689575e-06,-1.4392491319405715e-05,506.0
101633,GUINEAINS,2019-07-17,0.2,0.2,0,2026-04-08T03:18:04.729662+00:00,0.0,0.0,0.0,0.0,0.2,0.2,0.2,0.0,0.0,0.0,-9.062895062555976e-06,4.263677005479793e-06,-1.3326572068035769e-05,506.0
101737,GUINEAINS,2019-07-18,0.2,0.2,0,2026-04-08T03:18:07.178594+00:00,0.0,0.0,0.0,0.0,0.2,0.2,0.2,0.0,0.0,0.0,-8.391613740332815e-06,3.947966662162364e-06,-1.2339580402495179e-05,503.5
101841,GUINEAINS,2019-07-19,0.2,0.2,0,2026-04-08T03:18:09.535362+00:00,0.0,0.0,0.0,0.0,0.2,0.2,0.2,0.0,0.0,0.0,-7.770050154648489e-06,3.6556241982773517e-06,-1.142567435292584e-05,503.5
101945,GUINEAINS,2019-07-22,0.2,0.2,0,2026-04-08T03:18:14.212024+00:00,0.0,0.0,0.0,0.0,0.2,0.2,0.2,0.0,0.0,0.0,-7.194522557263383e-06,3.3849214365299655e-06,-1.0579443993793349e-05,3.5
102049,GUINEAINS,2019-07-23,0.2,0.2,0,2026-04-08T03:18:16.654741+00:00,0.0,0.0,0.0,0.0,0.2,0.2,0.2,0.0,0.0,0.0,-6.6616217609116735e-06,3.1342577863053407e-06,-9.795879547217014e-06,2.5
102153,GUINEAINS,2019-07-24,0.2,0.2,0,2026-04-08T03:18:18.926554+00:00,0.0,0.0,0.0,0.0,0.2,0.2,0.2,0.0,0.0,0.0,-6.1681909744870644e-06,2.9021508581839605e-06,-9.070341832671025e-06,0.0
102257,GUINEAINS,2019-07-25,0.2,0.2,0,2026-04-08T03:18:21.127331+00:00,0.0,0.0,0.0,0.0,0.2,0.2,0.2,0.0,0.0,0.0,-5.711307127870269e-06,2.6872277638406043e-06,-8.398534891710873e-06,0.0
102361,GUINEAINS,2019-07-26,0.2,0.2,0,2026-04-08T03:18:23.508197+00:00,0.0,0.0,0.0,0.0,0.2,0.2,0.2,0.0,0.0,0.0,-5.288263577069019e-06,2.4882170517134832e-06,-7.776480628782502e-06,0.0
102465,GUINEAINS,2019-07-29,0.2,0.2,0,2026-04-08T03:18:27.808584+00:00,0.0,0.0,0.0,0.0,0.2,0.2,0.2,0.0,0.0,0.0,-4.8965540876688696e-06,2.3039412328909064e-06,-7.200495320559776e-06,0.0
102569,GUINEAINS,2019-07-30,0.2,0.2,0,2026-04-08T03:18:30.090931+00:00,0.0,0.0,0.0,0.0,0.2,0.2,0.2,0.0,0.0,0.0,-4.533858002392366e-06,2.133309854533929e-06,-6.667167856926295e-06,0.0
102673,GUINEAINS,2019-07-31,0.2,0.2,0,2026-04-08T03:18:32.379029+00:00,0.0,0.0,0.0,0.0,0.2,0.2,0.2,0.0,0.0,0.0,-4.198026505336516e-06,1.9753130812718238e-06,-6.17333958660834e-06,0.0
102777,GUINEAINS,2019-08-01,0.2,0.2,0,2026-04-08T03:18:34.721051+00:00,0.0,0.0,0.0,0.0,0.2,0.2,0.2,0.0,0.0,0.0,-3.8870699021476e-06,1.8290157475685931e-06,-5.716085649716193e-06,0.0
102881,GUINEAINS,2019-08-02,0.2,0.2,0,2026-04-08T03:18:37.148519+00:00,0.0,0.0,0.0,0.0,0.2,0.2,0.2,0.0,0.0,0.0,-3.599145840943452e-06,1.693551847018193e-06,-5.292697687961645e-06,0.0
102985,GUINEAINS,2019-08-05,0.2,0.2,0,2026-04-08T03:18:41.327383+00:00,0.0,0.0,0.0,0.0,0.2,0.2,0.2,0.0,0.0,0.0,-3.3325484045110265e-06,1.5681194267604944e-06,-4.900667831271521e-06,0.0
103089,GUINEAINS,2019-08-06,0.2,0.2,0,2026-04-08T03:18:43.676077+00:00,0.0,0.0,0.0,0.0,0.2,0.2,0.2,0.0,0.0,0.0,-3.085698009525073e-06,1.4519758573971583e-06,-4.537673866922231e-06,0.0
103193,GUINEAINS,2019-08-07,0.2,0.2,0,2026-04-08T03:18:45.952647+00:00,0.0,0.0,0.0,0.0,0.2,0.2,0.2,0.0,0.0,0.0,-2.857132053224465e-06,1.344433450958213e-06,-4.201565504182678e-06,0.0
103297,GUINEAINS,2019-08-08,0.2,0.2,0,2026-04-08T03:18:48.284739+00:00,0.0,0.0,0.0,0.0,0.2,0.2,0.2,0.0,0.0,0.0,-2.6454962521182956e-06,1.2448554016515056e-06,-3.890351653769801e-06,0.0
103401,GUINEAINS,2019-08-09,0.2,0.2,0,2026-04-08T03:18:50.530707+00:00,0.0,0.0,0.0,0.0,0.2,0.2,0.2,0.0,0.0,0.0,-2.4495366215959713e-06,1.1526520257390641e-06,-3.6021886473350354e-06,0.0
103505,GUINEAINS,2019-08-14,0.2,0.2,0,2026-04-08T03:18:57.313874+00:00,0.0,0.0,0.0,0.0,0.2,0.2,0.2,0.0,0.0,0.0,-2.26809204925682e-06,1.0672772784625726e-06,-3.335369327719393e-06,0.0
103609,GUINEAINS,2019-08-15,0.2,0.2,0,2026-04-08T03:18:59.647711+00:00,0.0,0.0,0.0,0.0,0.2,0.2,0.2,0.0,0.0,0.0,-2.100087417966634e-06,9.882255278022072e-07,-3.088312945768841e-06,0.0
103713,GUINEAINS,2019-08-19,0.2,0.2,0,2026-04-08T03:19:05.053534+00:00,0.0,0.0,0.0,0.0,0.2,0.2,0.2,0.0,0.0,0.0,-1.9445272376739098e-06,9.150285664759455e-07,-2.8595558041498553e-06,0.0
103817,GUINEAINS,2019-08-20,0.2,0.2,0,2026-04-08T03:19:07.283568+00:00,0.0,0.0,0.0,0.0,0.2,0.2,0.2,0.0,0.0,0.0,-1.8004897489876104e-06,8.472528441297959e-07,-2.6477425931174063e-06,0.0
103921,GUINEAINS,2019-08-21,0.2,0.2,0,2026-04-08T03:19:09.493441+00:00,0.0,0.0,0.0,0.0,0.2,0.2,0.2,0.0,0.0,0.0,-1.6671214629893072e-06,7.844969041024792e-07,-2.4516183670917864e-06,0.0
104024,GUINEAINS,2019-08-22,0.2,0.2,0,2026-04-08T03:19:11.834929+00:00,0.0,0.0,0.0,0.0,0.2,0.2,0.2,0.0,0.0,0.0,-1.5436321054440594e-06,7.263890093181818e-07,-2.270021114762241e-06,0.0
104127,GUINEAINS,2019-08-23,0.2,0.2,0,2026-04-08T03:19:14.066623+00:00,0.0,0.0,0.0,0.0,0.2,0.2,0.2,0.0,0.0,0.0,-1.4292899352397193e-06,6.725849436180175e-07,-2.1018748788577368e-06,0.0
104230,GUINEAINS,2019-08-26,0.2,0.2,0,2026-04-08T03:19:18.291411+00:00,0.0,0.0,0.0,0.0,0.2,0.2,0.2,0.0,0.0,0.0,-1.323417409437866e-06,6.227659755358967e-07,-1.9461833849737626e-06,0.0
104333,GUINEAINS,2019-08-27,0.2,0.2,0,2026-04-08T03:19:20.588978+00:00,0.0,0.0,0.0,0.0,0.2,0.2,0.2,0.0,0.0,0.0,-1.2253871694567486e-06,5.766369724136113e-07,-1.8020241418703599e-06,0.0
104436,GUINEAINS,2019-08-28,0.2,0.2,0,2026-04-08T03:19:22.939533+00:00,0.0,0.0,0.0,0.0,0.2,0.2,0.2,0.0,0.0,0.0,-1.1346183242388896e-06,5.339246541051762e-07,-1.6685429783440659e-06,0.0
104539,GUINEAINS,2019-08-29,0.2,0.2,0,2026-04-08T03:19:25.308081+00:00,0.0,0.0,0.0,0.0,0.2,0.2,0.2,0.0,0.0,0.0,-1.0505730087817522e-06,4.943759756498512e-07,-1.5449489844316034e-06,0.0
104642,GUINEAINS,2019-08-30,0.2,0.2,0,2026-04-08T03:19:27.686427+00:00,0.0,0.0,0.0,0.0,0.2,0.2,0.2,0.0,0.0,0.0,-9.72753197409082e-07,4.5775662961801725e-07,-1.4305098270270992e-06,0.0
104745,GUINEAINS,2019-09-02,0.2,0.2,0,2026-04-08T03:19:32.075785+00:00,0.0,0.0,0.0,0.0,0.2,0.2,0.2,0.0,0.0,0.0,-9.006977531866855e-07,4.23849659072331e-07,-1.3245474122590166e-06,0.0
104848,GUINEAINS,2019-09-03,0.2,0.2,0,2026-04-08T03:19:34.366833+00:00,0.0,0.0,0.0,0.0,0.2,0.2,0.2,0.0,0.0,0.0,-8.339796957190782e-07,3.924541732319508e-07,-1.226433868951029e-06,0.0
104951,GUINEAINS,2019-09-04,0.2,0.2,0,2026-04-08T03:19:36.608723+00:00,0.0,0.0,0.0,0.0,0.2,0.2,0.2,0.0,0.0,0.0,-7.722036712565217e-07,3.63384158155606e-07,-1.1355878294121277e-06,0.0
105054,GUINEAINS,2019-09-05,0.2,0.2,0,2026-04-08T03:19:38.984327+00:00,0.0,0.0,0.0,0.0,0.2,0.2,0.2,0.0,0.0,0.0,-7.150036102354651e-07,3.3646737534133014e-07,-1.0514709855767952e-06,0.0
105157,GUINEAINS,2019-09-06,0.2,0.2,0,2026-04-08T03:19:41.363212+00:00,0.0,0.0,0.0,0.0,0.2,0.2,0.2,0.0,0.0,0.0,-6.620405583468436e-07,3.115443417839613e-07,-9.73584900130805e-07,0.0
105260,GUINEAINS,2019-09-09,0.2,0.2,0,2026-04-08T03:19:45.624302+00:00,0.0,0.0,0.0,0.0,0.2,0.2,0.2,0.0,0.0,0.0,-6.130006680038491e-07,2.884673857015647e-07,-9.014680537054138e-07,0.0
105363,GUINEAINS,2019-09-10,0.2,0.2,0,2026-04-08T03:19:47.977958+00:00,0.0,0.0,0.0,0.0,0.2,0.2,0.2,0.0,0.0,0.0,-5.675933389126531e-07,2.6709977183420873e-07,-8.346931107468618e-07,0.0
105466,GUINEAINS,2019-09-11,0.2,0.2,0,2026-04-08T03:19:50.333421+00:00,0.0,0.0,0.0,0.0,0.2,0.2,0.2,0.0,0.0,0.0,-5.255494960332285e-07,2.4731489177090667e-07,-7.728643878041352e-07,0.0
105569,GUINEAINS,2019-09-12,0.2,0.2,0,2026-04-08T03:19:52.607202+00:00,0.0,0.0,0.0,0.0,0.2,0.2,0.2,0.0,0.0,0.0,-4.866199952435757e-07,2.2899551404844762e-07,-7.156155092920233e-07,0.0
105672,GUINEAINS,2019-09-13,0.2,0.2,0,2026-04-08T03:19:55.083512+00:00,0.0,0.0,0.0,0.0,0.2,0.2,0.2,0.0,0.0,0.0,-4.505741471039215e-07,2.1203308975048147e-07,-6.62607236854403e-07,0.0
105775,GUINEAINS,2019-09-16,0.2,0.2,0,2026-04-08T03:19:59.701348+00:00,0.0,0.0,0.0,0.0,0.2,0.2,0.2,0.0,0.0,0.0,-4.171983498668652e-07,1.9632710959003024e-07,-6.135254594568955e-07,0.0
105878,GUINEAINS,2019-09-17,0.2,0.2,0,2026-04-08T03:20:02.523968+00:00,0.0,0.0,0.0,0.0,0.2,0.2,0.2,0.0,0.0,0.0,-3.8629482382313007e-07,1.8178450850701235e-07,-5.680793323301424e-07,0.0
105981,GUINEAINS,2019-09-18,0.2,0.2,0,2026-04-08T03:20:05.488272+00:00,0.0,0.0,0.0,0.0,0.2,0.2,0.2,0.0,0.0,0.0,-3.5768043932238314e-07,1.683191144062075e-07,-5.259995537285906e-07,0.0
106084,GUINEAINS,2019-09-19,0.2,0.2,0,2026-04-08T03:20:08.114889+00:00,0.0,0.0,0.0,0.0,0.2,0.2,0.2,0.0,0.0,0.0,-3.311856316690065e-07,1.5585113764766728e-07,-4.870367693166738e-07,0.0
106187,GUINEAINS,2019-09-20,0.2,0.2,0,2026-04-08T03:20:10.721894+00:00,0.0,0.0,0.0,0.0,0.2,0.2,0.2,0.0,0.0,0.0,-3.0665339623148213e-07,1.4430669846815335e-07,-4.509600946996355e-07,0.0
106290,GUINEAINS,2019-09-23,0.2,0.2,0,2026-04-08T03:20:15.267012+00:00,0.0,0.0,0.0,0.0,0.2,0.2,0.2,0.0,0.0,0.0,-2.8393835824203073e-07,1.3361738916608384e-07,-4.175557474081146e-07,0.0
106393,GUINEAINS,2019-09-24,0.2,0.2,0,2026-04-08T03:20:17.630341+00:00,0.0,0.0,0.0,0.0,0.2,0.2,0.2,0.0,0.0,0.0,-2.629059113190557e-07,1.2371986887124713e-07,-3.8662578019030285e-07,0.0
106496,GUINEAINS,2019-09-25,0.2,0.2,0,2026-04-08T03:20:20.165626+00:00,0.0,0.0,0.0,0.0,0.2,0.2,0.2,0.0,0.0,0.0,-2.4343141971638893e-07,1.1455548837913113e-07,-3.5798690809552006e-07,0.0
106599,GUINEAINS,2019-09-26,0.2,0.2,500,2026-04-08T03:20:22.92566+00:00,0.0,0.0,0.0,0.0,0.2,0.2,0.2,0.0,0.0,0.0,-2.2539947991395692e-07,1.0606994254525051e-07,-3.3146942245920743e-07,25.0
106702,GUINEAINS,2019-09-27,0.2,0.2,0,2026-04-08T03:20:25.402499+00:00,0.0,0.0,0.0,0.0,0.2,0.2,0.2,0.0,0.0,0.0,-2.0870323669264224e-07,9.821294861325215e-08,-3.069161853058944e-07,25.0
106805,GUINEAINS,2019-09-30,0.2,0.2,0,2026-04-08T03:20:29.867546+00:00,0.0,0.0,0.0,0.0,0.2,0.2,0.2,0.0,0.0,0.0,-1.9324374997409244e-07,9.093794826544156e-08,-2.84181698239534e-07,25.0
106908,GUINEAINS,2019-10-02,0.2,0.2,0,2026-04-08T03:20:33.475481+00:00,0.0,0.0,0.0,0.0,0.2,0.2,0.2,0.0,0.0,0.0,-1.7892940856745199e-07,8.420183173766564e-08,-2.631312403051176e-07,25.0
107011,GUINEAINS,2019-10-03,0.2,0.2,0,2026-04-08T03:20:35.801047+00:00,0.0,0.0,0.0,0.0,0.2,0.2,0.2,0.0,0.0,0.0,-1.656753871315253e-07,7.796468253887387e-08,-2.4364006967039917e-07,25.0
107114,GUINEAINS,2019-10-04,0.2,0.2,0,2026-04-08T03:20:38.138638+00:00,0.0,0.0,0.0,0.0,0.2,0.2,0.2,0.0,0.0,0.0,-1.534031436878358e-07,7.218954078605069e-08,-2.255926844738865e-07,25.0
107217,GUINEAINS,2019-10-07,0.2,0.2,0,2026-04-08T03:20:43.38987+00:00,0.0,0.0,0.0,0.0,0.2,0.2,0.2,0.0,0.0,0.0,-1.420399541596229e-07,6.684218425141088e-08,-2.0888213841103378e-07,25.0
107320,GUINEAINS,2019-10-08,0.2,0.2,0,2026-04-08T03:20:50.115577+00:00,0.0,0.0,0.0,0.0,0.2,0.2,0.2,0.0,0.0,0.0,-1.315184814110193e-07,6.189092560001159e-08,-1.9340940701103089e-07,25.0
107423,GUINEAINS,2019-10-09,0.2,0.2,1000,2026-04-08T03:20:53.067656+00:00,0.0,0.0,0.0,0.0,0.2,0.2,0.2,0.0,0.0,0.0,-1.217763761773849e-07,5.730642466691679e-08,-1.790828008443017e-07,75.0
107526,GUINEAINS,2019-10-10,0.2,0.2,0,2026-04-08T03:20:55.682822+00:00,0.0,0.0,0.0,0.0,0.2,0.2,0.2,0.0,0.0,0.0,-1.1275590769410648e-07,5.306151452015617e-08,-1.6581742221426265e-07,75.0
107629,GUINEAINS,2019-10-11,0.2,0.2,0,2026-04-08T03:20:58.30073+00:00,0.0,0.0,0.0,0.0,0.2,0.2,0.2,0.0,0.0,0.0,-1.0440362147035032e-07,4.913104059512988e-08,-1.535346620654802e-07,75.0
107732,GUINEAINS,2019-10-14,0.2,0.2,0,2026-04-08T03:21:03.536141+00:00,0.0,0.0,0.0,0.0,0.2,0.2,0.2,0.0,0.0,0.0,-9.667002262570001e-08,4.5491711551824156e-08,-1.4216173417752417e-07,75.0
107835,GUINEAINS,2019-10-15,0.2,0.2,0,2026-04-08T03:21:06.159586+00:00,0.0,0.0,0.0,0.0,0.2,0.2,0.2,0.0,0.0,0.0,-8.950928251372225e-08,4.212196133104155e-08,-1.316312438447638e-07,75.0
107938,GUINEAINS,2019-10-16,0.2,0.2,0,2026-04-08T03:21:08.538525+00:00,0.0,0.0,0.0,0.0,0.2,0.2,0.2,0.0,0.0,0.0,-8.287896724468169e-08,3.9001821280065707e-08,-1.218807885247474e-07,75.0
108041,GUINEAINS,2019-10-17,0.2,0.2,0,2026-04-08T03:21:11.125073+00:00,0.0,0.0,0.0,0.0,0.2,0.2,0.2,0.0,0.0,0.0,-7.673978613675914e-08,3.611280191039061e-08,-1.1285258804714974e-07,75.0
108144,GUINEAINS,2019-10-18,0.2,0.2,700,2026-04-08T03:21:14.04892+00:00,0.0,0.0,0.0,0.0,0.2,0.2,0.2,0.0,0.0,0.0,-7.105535893003889e-08,3.3437783293688695e-08,-1.0449314222372759e-07,110.0
108247,GUINEAINS,2019-10-21,0.2,0.2,0,2026-04-08T03:21:18.357079+00:00,0.0,0.0,0.0,0.0,0.2,0.2,0.2,0.0,0.0,0.0,-6.579200020895293e-08,3.096091361181974e-08,-9.675291382077267e-08,110.0
108350,GUINEAINS,2019-10-22,0.2,0.2,0,2026-04-08T03:21:20.5704+00:00,0.0,0.0,0.0,0.0,0.2,0.2,0.2,0.0,0.0,0.0,-6.09185197286699e-08,2.8667515273682225e-08,-8.958603500235213e-08,110.0
108453,GUINEAINS,2019-10-23,0.2,0.2,0,2026-04-08T03:21:22.84444+00:00,0.0,0.0,0.0,0.0,0.2,0.2,0.2,0.0,0.0,0.0,-5.640603761847274e-08,2.6543997907103523e-08,-8.295003552557626e-08,110.0
108556,GUINEAINS,2019-10-24,0.2,0.2,0,2026-04-08T03:21:25.228823+00:00,0.0,0.0,0.0,0.0,0.2,0.2,0.2,0.0,0.0,0.0,-5.2227813324146055e-08,2.4577777761144172e-08,-7.680559108529023e-08,110.0
108659,GUINEAINS,2019-10-25,0.2,0.2,0,2026-04-08T03:21:27.539286+00:00,0.0,0.0,0.0,0.0,0.2,0.2,0.2,0.0,0.0,0.0,-4.835908701261715e-08,2.2757203258138457e-08,-7.111629027075561e-08,85.0
108762,GUINEAINS,2019-10-28,0.2,0.2,0,2026-04-08T03:21:32.161692+00:00,0.0,0.0,0.0,0.0,0.2,0.2,0.2,0.0,0.0,0.0,-4.477693293925e-08,2.1071485865204494e-08,-6.58484188044545e-08,85.0
108865,GUINEAINS,2019-10-29,0.2,0.2,0,2026-04-08T03:21:34.477485+00:00,0.0,0.0,0.0,0.0,0.2,0.2,0.2,0.0,0.0,0.0,-4.1460123501035895e-08,1.9510636242734892e-08,-6.097075974377079e-08,85.0
108968,GUINEAINS,2019-10-30,0.2,0.2,2800,2026-04-08T03:21:36.754268+00:00,0.0,0.0,0.0,0.0,0.2,0.2,0.2,0.0,0.0,0.0,-3.83890036148582e-08,1.8065404903130073e-08,-5.645440851798827e-08,225.0
109071,GUINEAINS,2019-10-31,0.2,0.2,0,2026-04-08T03:21:39.10919+00:00,0.0,0.0,0.0,0.0,0.2,0.2,0.2,0.0,0.0,0.0,-3.554537403305247e-08,1.6727227587948648e-08,-5.2272601621001116e-08,225.0
109174,GUINEAINS,2019-11-01,0.2,0.2,1,2026-04-08T03:21:41.456138+00:00,0.0,0.0,0.0,0.0,0.2,0.2,0.2,0.0,0.0,0.0,-3.2912383624017494e-08,1.5488174397586898e-08,-4.840055802160439e-08,225.05
109277,GUINEAINS,2019-11-04,0.2,0.2,1010,2026-04-08T03:21:45.945243+00:00,0.0,0.0,0.0,0.0,0.2,0.2,0.2,0.0,0.0,0.0,-3.047442950765422e-08,1.434090281116014e-08,-4.481533231881436e-08,275.55
109380,GUINEAINS,2019-11-05,0.2,0.2,0,2026-04-08T03:21:48.37169+00:00,0.0,0.0,0.0,0.0,0.2,0.2,0.2,0.0,0.0,0.0,-2.8217064546032233e-08,1.327861421822571e-08,-4.149567876425794e-08,275.55
109483,GUINEAINS,2019-11-06,0.2,0.2,0,2026-04-08T03:21:50.755948+00:00,0.0,0.0,0.0,0.0,0.2,0.2,0.2,0.0,0.0,0.0,-2.6126911772950123e-08,1.229501359304626e-08,-3.842192536599638e-08,225.55
109586,GUINEAINS,2019-11-07,0.2,0.2,0,2026-04-08T03:21:53.200031+00:00,0.0,0.0,0.0,0.0,0.2,0.2,0.2,0.0,0.0,0.0,-2.4191585096255963e-08,1.1384272215792336e-08,-3.55758573120483e-08,225.55
109689,GUINEAINS,2019-11-08,0.2,0.2,0,2026-04-08T03:21:55.63316+00:00,0.0,0.0,0.0,0.0,0.2,0.2,0.2,0.0,0.0,0.0,-2.239961593986095e-08,1.0540993097749881e-08,-3.294060903761083e-08,225.55
109792,GUINEAINS,2019-11-12,0.2,0.2,0,2026-04-08T03:22:01.520244+00:00,0.0,0.0,0.0,0.0,0.2,0.2,0.2,0.0,0.0,0.0,-2.0740385214823576e-08,9.760179058229806e-09,-3.050056427305338e-08,225.55
109895,GUINEAINS,2019-11-13,0.2,0.2,0,2026-04-08T03:22:04.169594+00:00,0.0,0.0,0.0,0.0,0.2,0.2,0.2,0.0,0.0,0.0,-1.9204060480726426e-08,9.037203033861567e-09,-2.8241263514587993e-08,225.55
109998,GUINEAINS,2019-11-14,0.2,0.2,29,2026-04-08T03:22:06.510438+00:00,0.0,0.0,0.0,0.0,0.2,0.2,0.2,0.0,0.0,0.0,-1.7781537547945092e-08,8.367780773314322e-09,-2.6149318321259414e-08,227.0
110101,GUINEAINS,2019-11-15,0.2,0.2,0,2026-04-08T03:22:08.972682+00:00,0.0,0.0,0.0,0.0,0.2,0.2,0.2,0.0,0.0,0.0,-1.646438665958705e-08,7.747945329337894e-09,-2.4212331988924944e-08,227.0
110203,GUINEAINS,2019-11-18,0.2,0.2,400,2026-04-08T03:22:13.551393+00:00,0.0,0.0,0.0,0.0,0.2,0.2,0.2,0.0,0.0,0.0,-1.5244802503699972e-08,7.174023588179979e-09,-2.241882609187995e-08,212.0
110305,GUINEAINS,2019-11-19,0.2,0.2,0,2026-04-08T03:22:15.801005+00:00,0.0,0.0,0.0,0.0,0.2,0.2,0.2,0.0,0.0,0.0,-1.411555791697161e-08,6.642614539926675e-09,-2.0758172456898285e-08,212.0
110407,GUINEAINS,2019-11-20,0.2,0.2,40000,2026-04-08T03:22:18.11241+00:00,0.0,0.0,0.0,0.0,0.2,0.2,0.2,0.0,0.0,0.0,-1.3069961085632187e-08,6.150569097012879e-09,-1.9220530182645066e-08,2212.0
110509,GUINEAINS,2019-11-21,0.2,0.2,0,2026-04-08T03:22:20.360812+00:00,0.0,0.0,0.0,0.0,0.2,0.2,0.2,0.0,0.0,0.0,-1.2101815854981268e-08,5.694971462131038e-09,-1.7796787317112306e-08,2212.0
110611,GUINEAINS,2019-11-22,0.2,0.2,101,2026-04-08T03:22:22.766306+00:00,0.0,0.0,0.0,0.0,0.2,0.2,0.2,0.0,0.0,0.0,-1.1205385064272377e-08,5.273121802271944e-09,-1.647850686654432e-08,2217.05
110713,GUINEAINS,2019-11-25,0.2,0.2,8855900,2026-04-08T03:22:27.077445+00:00,0.0,0.0,0.0,0.0,0.2,0.2,0.2,0.0,0.0,0.0,-1.0375356546132863e-08,4.882520256329167e-09,-1.525787680246203e-08,445012.05
110815,GUINEAINS,2019-11-26,0.2,0.2,1000,2026-04-08T03:22:29.415971+00:00,0.0,0.0,0.0,0.0,0.2,0.2,0.2,0.0,0.0,0.0,-9.606811623985578e-09,4.520852142781163e-09,-1.4127663766766741e-08,445062.05
110917,GUINEAINS,2019-11-27,0.2,0.2,2000,2026-04-08T03:22:31.797244+00:00,0.0,0.0,0.0,0.0,0.2,0.2,0.2,0.0,0.0,0.0,-8.89519596869448e-09,4.185974238457809e-09,-1.308117020715229e-08,445162.05
111019,GUINEAINS,2019-11-28,0.2,0.2,0,2026-04-08T03:22:34.150197+00:00,0.0,0.0,0.0,0.0,0.2,0.2,0.2,0.0,0.0,0.0,-8.236292564633985e-09,3.8759021140146445e-09,-1.2112194678648629e-08,445022.05
111121,GUINEAINS,2019-11-29,0.2,0.2,0,2026-04-08T03:22:36.43862+00:00,0.0,0.0,0.0,0.0,0.2,0.2,0.2,0.0,0.0,0.0,-7.626196840693211e-09,3.5887982703643356e-09,-1.1214995111057547e-08,445022.05
111223,GUINEAINS,2019-12-02,0.2,0.2,0,2026-04-08T03:22:40.672716+00:00,0.0,0.0,0.0,0.0,0.2,0.2,0.2,0.0,0.0,0.0,-7.061293383348044e-09,3.3229613821676026e-09,-1.0384254765515647e-08,445022.0
111325,GUINEAINS,2019-12-03,0.2,0.2,1200,2026-04-08T03:22:42.857808+00:00,0.0,0.0,0.0,0.0,0.2,0.2,0.2,0.0,0.0,0.0,-6.5382346203790576e-09,3.0768161161092723e-09,-9.61505073648833e-09,445031.5
111427,GUINEAINS,2019-12-04,0.2,0.2,1000,2026-04-08T03:22:45.132537+00:00,0.0,0.0,0.0,0.0,0.2,0.2,0.2,0.0,0.0,0.0,-6.0539209478793765e-09,2.8489038308871626e-09,-8.902824778766539e-09,445081.5
111529,GUINEAINS,2019-12-05,0.2,0.2,0,2026-04-08T03:22:47.409461+00:00,0.0,0.0,0.0,0.0,0.2,0.2,0.2,0.0,0.0,0.0,-5.605482356063618e-09,2.637873938162338e-09,-8.243356294225956e-09,445081.5
111631,GUINEAINS,2019-12-06,0.2,0.2,0,2026-04-08T03:22:49.720566+00:00,0.0,0.0,0.0,0.0,0.2,0.2,0.2,0.0,0.0,0.0,-5.190261442855615e-09,2.4424758810962735e-09,-7.632737323951888e-09,445081.5
111733,GUINEAINS,2019-12-10,0.2,0.2,0,2026-04-08T03:22:54.948045+00:00,0.0,0.0,0.0,0.0,0.2,0.2,0.2,0.0,0.0,0.0,-4.80579762096589e-09,2.261551762388799e-09,-7.0673493833546894e-09,445081.5
111835,GUINEAINS,2019-12-11,0.2,0.2,0,2026-04-08T03:22:57.463594+00:00,0.0,0.0,0.0,0.0,0.2,0.2,0.2,0.0,0.0,0.0,-4.449812601725611e-09,2.094029425303263e-09,-6.543842027028874e-09,445081.5
111937,GUINEAINS,2019-12-12,0.2,0.2,15000,2026-04-08T03:22:59.677549+00:00,0.0,0.0,0.0,0.0,0.2,0.2,0.2,0.0,0.0,0.0,-4.120196850365687e-09,1.9389161413305505e-09,-6.059112991696238e-09,445831.5
112039,GUINEAINS,2019-12-13,0.2,0.2,19000,2026-04-08T03:23:01.961124+00:00,0.0,0.0,0.0,0.0,0.2,0.2,0.2,0.0,0.0,0.0,-3.814997068252168e-09,1.7952927387552558e-09,-5.610289807007424e-09,446780.05
112141,GUINEAINS,2019-12-16,0.2,0.2,0,2026-04-08T03:23:06.206185+00:00,0.0,0.0,0.0,0.0,0.2,0.2,0.2,0.0,0.0,0.0,-3.5324046743223647e-09,1.6623081061480472e-09,-5.194712780470412e-09,446780.05
112243,GUINEAINS,2019-12-17,0.2,0.2,0,2026-04-08T03:23:08.526507+00:00,0.0,0.0,0.0,0.0,0.2,0.2,0.2,0.0,0.0,0.0,-3.270745063677083e-09,1.5391741734346635e-09,-4.8099192371117465e-09,446760.05
112345,GUINEAINS,2019-12-18,0.2,0.2,0,2026-04-08T03:23:10.699016+00:00,0.0,0.0,0.0,0.0,0.2,0.2,0.2,0.0,0.0,0.0,-3.0284676433289803e-09,1.4251612750262126e-09,-4.453628918355193e-09,446760.05
112447,GUINEAINS,2019-12-19,0.2,0.2,0,2026-04-08T03:23:13.06361+00:00,0.0,0.0,0.0,0.0,0.2,0.2,0.2,0.0,0.0,0.0,-2.804136700618187e-09,1.319593774189605e-09,-4.123730474807792e-09,444760.05
112549,GUINEAINS,2019-12-20,0.2,0.2,100,2026-04-08T03:23:15.515212+00:00,0.0,0.0,0.0,0.0,0.2,0.2,0.2,0.0,0.0,0.0,-2.5964228544950174e-09,1.2218460962502198e-09,-3.818268950745237e-09,444765.05
112651,GUINEAINS,2019-12-23,0.2,0.2,0,2026-04-08T03:23:19.645113+00:00,0.0,0.0,0.0,0.0,0.2,0.2,0.2,0.0,0.0,0.0,-2.4040952284476447e-09,1.131338977838074e-09,-3.5354342062857188e-09,444760.0
112753,GUINEAINS,2019-12-24,0.2,0.2,0,2026-04-08T03:23:22.081747+00:00,0.0,0.0,0.0,0.0,0.2,0.2,0.2,0.0,0.0,0.0,-2.2260140952745644e-09,1.0475360888089237e-09,-3.273550184083488e-09,1965.0
112855,GUINEAINS,2019-12-27,0.2,0.2,0,2026-04-08T03:23:26.48241+00:00,0.0,0.0,0.0,0.0,0.2,0.2,0.2,0.0,0.0,0.0,-2.0611241602352948e-09,9.699408190785547e-10,-3.0310649793138495e-09,1915.0
112957,GUINEAINS,2019-12-31,0.2,0.2,0,2026-04-08T03:23:31.997666+00:00,0.0,0.0,0.0,0.0,0.2,0.2,0.2,0.0,0.0,0.0,-1.9084482882902876e-09,8.980933528188499e-10,-2.8065416411091375e-09,1815.0
113059,GUINEAINS,2020-01-02,0.2,0.2,0,2026-04-08T03:23:35.253628+00:00,0.0,0.0,0.0,0.0,0.2,0.2,0.2,0.0,0.0,0.0,-1.7670817309412001e-09,8.315679281343499e-10,-2.59864965907555e-09,1815.0
113161,GUINEAINS,2020-01-03,0.2,0.2,691000,2026-04-08T03:23:37.484442+00:00,0.0,0.0,0.0,0.0,0.2,0.2,0.2,0.0,0.0,0.0,-1.6361867694048016e-09,7.69970311736599e-10,-2.4061570811414006e-09,36365.0
113263,GUINEAINS,2020-01-06,0.2,0.2,0,2026-04-08T03:23:41.810791+00:00,0.0,0.0,0.0,0.0,0.2,0.2,0.2,0.0,0.0,0.0,-1.5149877463649375e-09,7.129354678211708e-10,-2.2279232141861083e-09,36365.0
113365,GUINEAINS,2020-01-07,0.2,0.2,100,2026-04-08T03:23:44.238014+00:00,0.0,0.0,0.0,0.0,0.2,0.2,0.2,0.0,0.0,0.0,-1.4027664307914023e-09,6.60125426715765e-10,-2.0628918575071673e-09,36310.0
113467,GUINEAINS,2020-01-08,0.2,0.2,0,2026-04-08T03:23:46.428903+00:00,0.0,0.0,0.0,0.0,0.2,0.2,0.2,0.0,0.0,0.0,-1.2988577990924455e-09,6.112272467317777e-10,-1.910085045824223e-09,36260.0
113569,GUINEAINS,2020-01-09,0.2,0.2,20000,2026-04-08T03:23:48.760691+00:00,0.0,0.0,0.0,0.0,0.2,0.2,0.2,0.0,0.0,0.0,-1.2026460938230343e-09,5.659511616009511e-10,-1.7685972554239854e-09,37260.0
113672,GUINEAINS,2020-01-10,0.2,0.2,0,2026-04-08T03:23:51.312987+00:00,0.0,0.0,0.0,0.0,0.2,0.2,0.2,0.0,0.0,0.0,-1.1135611877044482e-09,5.240288541756298e-10,-1.637590041880078e-09,37260.0
113775,GUINEAINS,2020-01-13,0.2,0.2,0,2026-04-08T03:23:55.704331+00:00,0.0,0.0,0.0,0.0,0.2,0.2,0.2,0.0,0.0,0.0,-1.031075169688478e-09,4.852118977532803e-10,-1.5162870674417582e-09,37260.0
113878,GUINEAINS,2020-01-14,0.2,0.2,28280,2026-04-08T03:23:58.044369+00:00,0.0,0.0,0.0,0.0,0.2,0.2,0.2,0.0,0.0,0.0,-9.546992085773809e-10,4.4927028709150174e-10,-1.4039694956688826e-09,38674.0
113981,GUINEAINS,2020-01-15,0.2,0.2,0,2026-04-08T03:24:00.340453+00:00,0.0,0.0,0.0,0.0,0.2,0.2,0.2,0.0,0.0,0.0,-8.839807497107444e-10,4.159909967665107e-10,-1.299971746477255e-09,37924.0
114084,GUINEAINS,2020-01-16,0.2,0.2,0,2026-04-08T03:24:02.775573+00:00,0.0,0.0,0.0,0.0,0.2,0.2,0.2,0.0,0.0,0.0,-8.185006838967723e-10,3.851768500643862e-10,-1.2036775339611586e-09,36974.0
114187,GUINEAINS,2020-01-17,0.2,0.2,0,2026-04-08T03:24:05.107796+00:00,0.0,0.0,0.0,0.0,0.2,0.2,0.2,0.0,0.0,0.0,-7.578709881883583e-10,3.566452366182403e-10,-1.1145162248065986e-09,36974.0
114290,GUINEAINS,2020-01-20,0.2,0.2,0,2026-04-08T03:24:09.637495+00:00,0.0,0.0,0.0,0.0,0.2,0.2,0.2,0.0,0.0,0.0,-7.017323944147336e-10,3.3022706431349206e-10,-1.0319594587282256e-09,36974.0
114393,GUINEAINS,2020-01-21,0.2,0.2,0,2026-04-08T03:24:12.081094+00:00,0.0,0.0,0.0,0.0,0.2,0.2,0.2,0.0,0.0,0.0,-6.497521964909936e-10,3.057658097897857e-10,-9.555180062807793e-10,36974.0
114496,GUINEAINS,2020-01-23,0.2,0.2,0,2026-04-08T03:24:15.397306+00:00,0.0,0.0,0.0,0.0,0.2,0.2,0.2,0.0,0.0,0.0,-6.016223907945317e-10,2.8311649238899804e-10,-8.847388831835298e-10,36974.0
114599,GUINEAINS,2020-01-24,0.2,0.2,100000,2026-04-08T03:24:17.760742+00:00,0.0,0.0,0.0,0.0,0.2,0.2,0.2,0.0,0.0,0.0,-5.570577610303218e-10,2.621448977225664e-10,-8.192026587528882e-10,41969.0
114702,GUINEAINS,2020-01-27,0.2,0.2,100,2026-04-08T03:24:22.426106+00:00,0.0,0.0,0.0,0.0,0.2,0.2,0.2,0.0,0.0,0.0,-5.157942128963811e-10,2.427267566852057e-10,-7.585209695815868e-10,41974.0
114805,GUINEAINS,2020-01-28,0.2,0.2,0,2026-04-08T03:24:24.728321+00:00,0.0,0.0,0.0,0.0,0.2,0.2,0.2,0.0,0.0,0.0,-4.775872197715358e-10,2.2474699984804087e-10,-7.023342196195767e-10,41974.0
114908,GUINEAINS,2020-01-29,0.2,0.2,0,2026-04-08T03:24:27.287495+00:00,0.0,0.0,0.0,0.0,0.2,0.2,0.2,0.0,0.0,0.0,-4.4221037942548946e-10,2.0809907215526988e-10,-6.503094515807593e-10,41974.0
115011,GUINEAINS,2020-01-30,0.2,0.2,0,2026-04-08T03:24:29.658352+00:00,0.0,0.0,0.0,0.0,0.2,0.2,0.2,0.0,0.0,0.0,-4.0945405399561707e-10,1.926843180681139e-10,-6.02138372063731e-10,41974.0
115114,GUINEAINS,2020-01-31,0.2,0.2,0,2026-04-08T03:24:31.961868+00:00,0.0,0.0,0.0,0.0,0.2,0.2,0.2,0.0,0.0,0.0,-3.7912412098606296e-10,1.784114008621344e-10,-5.575355218481974e-10,41974.0
115217,GUINEAINS,2020-02-03,0.2,0.2,0,2026-04-08T03:24:36.430808+00:00,0.0,0.0,0.0,0.0,0.2,0.2,0.2,0.0,0.0,0.0,-3.510408352891403e-10,1.6519574924724568e-10,-5.16236584536386e-10,7424.0
115320,GUINEAINS,2020-02-04,0.2,0.2,0,2026-04-08T03:24:38.687124+00:00,0.0,0.0,0.0,0.0,0.2,0.2,0.2,0.0,0.0,0.0,-3.2503780222903345e-10,1.529590258458821e-10,-4.779968280749155e-10,7424.0
115423,GUINEAINS,2020-02-05,0.2,0.2,0,2026-04-08T03:24:41.03998+00:00,0.0,0.0,0.0,0.0,0.2,0.2,0.2,0.0,0.0,0.0,-3.0096092284992437e-10,1.4162872417999297e-10,-4.4258964702991734e-10,7419.0
115526,GUINEAINS,2020-02-06,0.2,0.2,0,2026-04-08T03:24:43.345135+00:00,0.0,0.0,0.0,0.0,0.2,0.2,0.2,0.0,0.0,0.0,-2.7866750573757315e-10,1.3113771303387536e-10,-4.098052187714485e-10,7419.0
115629,GUINEAINS,2020-02-07,0.2,0.2,0,2026-04-08T03:24:45.609576+00:00,0.0,0.0,0.0,0.0,0.2,0.2,0.2,0.0,0.0,0.0,-2.58025462107625e-10,1.2142380533105885e-10,-3.7944926743868385e-10,6419.0
115732,GUINEAINS,2020-02-10,0.2,0.2,0,2026-04-08T03:24:50.182603+00:00,0.0,0.0,0.0,0.0,0.2,0.2,0.2,0.0,0.0,0.0,-2.3891244538276624e-10,1.1242945764473412e-10,-3.5134190302750036e-10,6419.0
115835,GUINEAINS,2020-02-11,0.2,0.2,0,2026-04-08T03:24:52.780016+00:00,0.0,0.0,0.0,0.0,0.2,0.2,0.2,0.0,0.0,0.0,-2.2121521281448508e-10,1.0410135217041222e-10,-3.253165649848973e-10,6419.0
115938,GUINEAINS,2020-02-12,0.2,0.2,0,2026-04-08T03:24:55.120152+00:00,0.0,0.0,0.0,0.0,0.2,0.2,0.2,0.0,0.0,0.0,-2.048289038381057e-10,9.639012891743329e-11,-3.01219032755539e-10,5005.0
116041,GUINEAINS,2020-02-13,0.2,0.2,0,2026-04-08T03:24:57.649025+00:00,0.0,0.0,0.0,0.0,0.2,0.2,0.2,0.0,0.0,0.0,-1.896563739389734e-10,8.925012705325255e-11,-2.7890650099222594e-10,5005.0
116144,GUINEAINS,2020-02-14,0.2,0.2,0,2026-04-08T03:25:00.080254+00:00,0.0,0.0,0.0,0.0,0.2,0.2,0.2,0.0,0.0,0.0,-1.7560775056324474e-10,8.263900034318496e-11,-2.582467509064297e-10,5005.0
116247,GUINEAINS,2020-02-17,0.2,0.2,0,2026-04-08T03:25:04.377856+00:00,0.0,0.0,0.0,0.0,0.2,0.2,0.2,0.0,0.0,0.0,-1.6259976698407286e-10,7.651758713788547e-11,-2.3911735412195833e-10,5005.0
116350,GUINEAINS,2020-02-18,0.2,0.2,30000,2026-04-08T03:25:06.773592+00:00,0.0,0.0,0.0,0.0,0.2,0.2,0.2,0.0,0.0,0.0,-1.5055531821239754e-10,7.084962872764864e-11,-2.2140494694004618e-10,6505.0
116453,GUINEAINS,2020-02-19,0.2,0.2,0,2026-04-08T03:25:09.231504+00:00,0.0,0.0,0.0,0.0,0.2,0.2,0.2,0.0,0.0,0.0,-1.394030724188866e-10,6.560149961692767e-11,-2.0500457203581428e-10,6505.0
116556,GUINEAINS,2020-02-20,0.2,0.2,0,2026-04-08T03:25:11.501588+00:00,0.0,0.0,0.0,0.0,0.2,0.2,0.2,0.0,0.0,0.0,-1.2907691582242364e-10,6.074212497071253e-11,-1.8981904079313617e-10,6505.0
116659,GUINEAINS,2020-02-21,0.2,0.2,0,2026-04-08T03:25:13.948187+00:00,0.0,0.0,0.0,0.0,0.2,0.2,0.2,0.0,0.0,0.0,-1.1951564737877618e-10,5.6242714731488e-11,-1.7575836211026418e-10,1505.0
116762,GUINEAINS,2020-02-24,0.2,0.2,0,2026-04-08T03:25:18.415367+00:00,0.0,0.0,0.0,0.0,0.2,0.2,0.2,0.0,0.0,0.0,-1.1066261795811272e-10,5.207659532172119e-11,-1.627392132798339e-10,1500.0
116865,GUINEAINS,2020-02-25,0.2,0.2,0,2026-04-08T03:25:20.711298+00:00,0.0,0.0,0.0,0.0,0.2,0.2,0.2,0.0,0.0,0.0,-1.0246536952251972e-10,4.821907500585135e-11,-1.5068444452837107e-10,1500.0
116968,GUINEAINS,2020-02-26,0.2,0.2,0,2026-04-08T03:25:23.465375+00:00,0.0,0.0,0.0,0.0,0.2,0.2,0.2,0.0,0.0,0.0,-9.487532981466984e-11,4.464729177096099e-11,-1.3952262158563083e-10,1500.0
117071,GUINEAINS,2020-02-27,0.2,0.2,0,2026-04-08T03:25:26.011368+00:00,0.0,0.0,0.0,0.0,0.2,0.2,0.2,0.0,0.0,0.0,-8.784750704649014e-11,4.134009163131256e-11,-1.291875986778027e-10,1500.0
117174,GUINEAINS,2020-02-28,0.2,0.2,0,2026-04-08T03:25:28.472167+00:00,0.0,0.0,0.0,0.0,0.2,0.2,0.2,0.0,0.0,0.0,-8.134026785455717e-11,3.8277864658596425e-11,-1.196181325131536e-10,1500.0
117277,GUINEAINS,2020-03-02,0.2,0.2,0,2026-04-08T03:25:32.979972+00:00,0.0,0.0,0.0,0.0,0.2,0.2,0.2,0.0,0.0,0.0,-7.531505974434083e-11,3.544245821505023e-11,-1.1075751795939106e-10,1500.0
117380,GUINEAINS,2020-03-03,0.2,0.2,0,2026-04-08T03:25:35.324079+00:00,0.0,0.0,0.0,0.0,0.2,0.2,0.2,0.0,0.0,0.0,-6.97361612900238e-11,3.2817085335493807e-11,-1.0255324662551761e-10,1500.0
117483,GUINEAINS,2020-03-04,0.2,0.2,0,2026-04-08T03:25:37.587456+00:00,0.0,0.0,0.0,0.0,0.2,0.2,0.2,0.0,0.0,0.0,-6.457051560104787e-11,3.038618481957579e-11,-9.495670042062366e-11,1500.0
117586,GUINEAINS,2020-03-05,0.2,0.2,0,2026-04-08T03:25:39.825698+00:00,0.0,0.0,0.0,0.0,0.2,0.2,0.2,0.0,0.0,0.0,-5.9787508277509e-11,2.8135353714491735e-11,-8.792286199200074e-11,1500.0
117689,GUINEAINS,2020-03-09,0.2,0.2,0,2026-04-08T03:25:45.227559+00:00,0.0,0.0,0.0,0.0,0.2,0.2,0.2,0.0,0.0,0.0,-5.535880087670364e-11,2.6051248892237695e-11,-8.141004976894134e-11,1500.0
117792,GUINEAINS,2020-03-10,0.2,0.2,0,2026-04-08T03:25:47.644077+00:00,0.0,0.0,0.0,0.0,0.2,0.2,0.2,0.0,0.0,0.0,-5.125813662409939e-11,2.412153051587355e-11,-7.537966713997294e-11,1500.0
117895,GUINEAINS,2020-03-11,0.2,0.2,0,2026-04-08T03:25:49.940962+00:00,0.0,0.0,0.0,0.0,0.2,0.2,0.2,0.0,0.0,0.0,-4.746122939103259e-11,2.2334750199152293e-11,-6.979597959018488e-11,1500.0
117998,GUINEAINS,2020-03-12,0.2,0.2,100,2026-04-08T03:25:52.243289+00:00,0.0,0.0,0.0,0.0,0.2,0.2,0.2,0.0,0.0,0.0,-4.394556940567895e-11,2.0680328147604753e-11,-6.46258975532837e-11,1505.0
118101,GUINEAINS,2020-03-13,0.2,0.2,50000,2026-04-08T03:25:54.520183+00:00,0.0,0.0,0.0,0.0,0.2,0.2,0.2,0.0,0.0,0.0,-4.069033998632676e-11,1.9148446053565555e-11,-5.983878603989232e-11,4005.0
118204,GUINEAINS,2020-03-16,0.2,0.2,0,2026-04-08T03:25:58.965391+00:00,0.0,0.0,0.0,0.0,0.2,0.2,0.2,0.0,0.0,0.0,-3.767622325234754e-11,1.7730050230035823e-11,-5.540627348238336e-11,4005.0
118307,GUINEAINS,2020-03-17,0.2,0.2,0,2026-04-08T03:26:01.331984+00:00,0.0,0.0,0.0,0.0,0.2,0.2,0.2,0.0,0.0,0.0,-3.488537236862044e-11,1.6416720891010347e-11,-5.1302093259630785e-11,4005.0
118410,GUINEAINS,2020-03-18,0.2,0.2,0,2026-04-08T03:26:03.589989+00:00,0.0,0.0,0.0,0.0,0.2,0.2,0.2,0.0,0.0,0.0,-3.2301272767654154e-11,1.5200656393581305e-11,-4.750192916123546e-11,2505.0
118513,GUINEAINS,2020-03-19,0.2,0.2,200,2026-04-08T03:26:05.957067+00:00,0.0,0.0,0.0,0.0,0.2,0.2,0.2,0.0,0.0,0.0,-2.990857561613325e-11,1.4074682836081772e-11,-4.398325845221502e-11,2515.0
118616,GUINEAINS,2020-03-20,0.2,0.2,0,2026-04-08T03:26:08.377452+00:00,0.0,0.0,0.0,0.0,0.2,0.2,0.2,0.0,0.0,0.0,-2.769312557049375e-11,1.303210630537702e-11,-4.072523187587077e-11,2515.0
118719,GUINEAINS,2020-03-23,0.2,0.2,0,2026-04-08T03:26:12.667002+00:00,0.0,0.0,0.0,0.0,0.2,0.2,0.2,0.0,0.0,0.0,-2.5641766487893847e-11,1.2066772310381535e-11,-3.770853879827538e-11,2515.0
118822,GUINEAINS,2020-03-24,0.2,0.2,0,2026-04-08T03:26:14.960057+00:00,0.0,0.0,0.0,0.0,0.2,0.2,0.2,0.0,0.0,0.0,-2.3742369181789513e-11,1.1172935693188695e-11,-3.491530487497821e-11,2515.0
118925,GUINEAINS,2020-03-25,0.2,0.2,700000,2026-04-08T03:26:17.224804+00:00,0.0,0.0,0.0,0.0,0.2,0.2,0.2,0.0,0.0,0.0,-2.1983664888480803e-11,1.0345311989197929e-11,-3.232897687767873e-11,37515.0
119028,GUINEAINS,2020-03-26,0.2,0.2,0,2026-04-08T03:26:19.64473+00:00,0.0,0.0,0.0,0.0,0.2,0.2,0.2,0.0,0.0,0.0,-2.0355245267111854e-11,9.578985288453502e-12,-2.9934230555565356e-11,37515.0
119131,GUINEAINS,2020-03-27,0.2,0.2,0,2026-04-08T03:26:21.968693+00:00,0.0,0.0,0.0,0.0,0.2,0.2,0.2,0.0,0.0,0.0,-1.884745137736843e-11,8.869423342557542e-12,-2.771687471992597e-11,37515.0
119234,GUINEAINS,2020-03-30,0.2,0.2,0,2026-04-08T03:26:26.43282+00:00,0.0,0.0,0.0,0.0,0.2,0.2,0.2,0.0,0.0,0.0,-1.7451345923902295e-11,8.21242303681894e-12,-2.5663768960721235e-11,37515.0
119337,GUINEAINS,2020-03-31,0.2,0.2,0,2026-04-08T03:26:28.926506+00:00,0.0,0.0,0.0,0.0,0.2,0.2,0.2,0.0,0.0,0.0,-1.6158629989604378e-11,7.604111176893485e-12,-2.3762741166497863e-11,37515.0
119440,GUINEAINS,2020-04-01,0.2,0.2,0,2026-04-08T03:26:31.173614+00:00,0.0,0.0,0.0,0.0,0.2,0.2,0.2,0.0,0.0,0.0,-1.496167079118038e-11,7.0408563002539855e-12,-2.2002527091434367e-11,37515.0
119543,GUINEAINS,2020-04-02,0.2,0.2,0,2026-04-08T03:26:33.480235+00:00,0.0,0.0,0.0,0.0,0.2,0.2,0.2,0.0,0.0,0.0,-1.3853390656848319e-11,6.519309147668841e-12,-2.037269980451716e-11,37515.0
119646,GUINEAINS,2020-04-03,0.2,0.2,0,2026-04-08T03:26:35.777807+00:00,0.0,0.0,0.0,0.0,0.2,0.2,0.2,0.0,0.0,0.0,-1.2827211515187287e-11,6.036390631463902e-12,-1.886360214665119e-11,37515.0
119749,GUINEAINS,2020-04-06,0.2,0.2,0,2026-04-08T03:26:40.135575+00:00,0.0,0.0,0.0,0.0,0.2,0.2,0.2,0.0,0.0,0.0,-1.1877027139561847e-11,5.589260005671473e-12,-1.746628714523332e-11,37515.0
119852,GUINEAINS,2020-04-07,0.2,0.2,0,2026-04-08T03:26:42.376644+00:00,0.0,0.0,0.0,0.0,0.2,0.2,0.2,0.0,0.0,0.0,-1.0997230903697641e-11,5.1752449932285445e-12,-1.6172475896926186e-11,37515.0
119955,GUINEAINS,2020-04-08,0.2,0.2,0,2026-04-08T03:26:44.690105+00:00,0.0,0.0,0.0,0.0,0.2,0.2,0.2,0.0,0.0,0.0,-1.0182604759378933e-11,4.7918969100378045e-12,-1.4974501669416737e-11,37515.0
120058,GUINEAINS,2020-04-09,0.2,0.2,0,2026-04-08T03:26:47.020639+00:00,0.0,0.0,0.0,0.0,0.2,0.2,0.2,0.0,0.0,0.0,-9.428319236448601e-12,4.43694594637451e-12,-1.3865265182823112e-11,37510.0
120161,GUINEAINS,2020-04-14,0.2,0.2,0,2026-04-08T03:26:53.304016+00:00,0.0,0.0,0.0,0.0,0.2,0.2,0.2,0.0,0.0,0.0,-8.729905687232531e-12,4.108287596472465e-12,-1.2838193283704996e-11,35010.0
120264,GUINEAINS,2020-04-15,0.2,0.2,0,2026-04-08T03:26:55.643286+00:00,0.0,0.0,0.0,0.0,0.2,0.2,0.2,0.0,0.0,0.0,-8.083228530963993e-12,3.8039718021928035e-12,-1.1887200333156796e-11,35010.0
120367,GUINEAINS,2020-04-16,0.2,0.2,0,2026-04-08T03:26:58.005731+00:00,0.0,0.0,0.0,0.0,0.2,0.2,0.2,0.0,0.0,0.0,-7.48445749820803e-12,3.522194267959013e-12,-1.1006651766167043e-11,35010.0
120470,GUINEAINS,2020-04-17,0.2,0.2,0,2026-04-08T03:27:00.196144+00:00,0.0,0.0,0.0,0.0,0.2,0.2,0.2,0.0,0.0,0.0,-6.930039875285843e-12,3.261289512704961e-12,-1.0191329387990804e-11,35010.0
120573,GUINEAINS,2020-04-20,0.2,0.2,0,2026-04-08T03:27:04.902814+00:00,0.0,0.0,0.0,0.0,0.2,0.2,0.2,0.0,0.0,0.0,-6.416700504274786e-12,3.0197031069728154e-12,-9.436403611247601e-12,35000.0
120676,GUINEAINS,2020-04-21,0.2,0.2,0,2026-04-08T03:27:07.124699+00:00,0.0,0.0,0.0,0.0,0.2,0.2,0.2,0.0,0.0,0.0,-5.941386271857141e-12,2.7960138715123688e-12,-8.73740014336951e-12,35000.0
120779,GUINEAINS,2020-04-22,0.2,0.2,0,2026-04-08T03:27:09.50407+00:00,0.0,0.0,0.0,0.0,0.2,0.2,0.2,0.0,0.0,0.0,-5.501266109320113e-12,2.588907227239518e-12,-8.090173336559631e-12,35000.0
120882,GUINEAINS,2020-04-23,0.2,0.2,0,2026-04-08T03:27:11.732195+00:00,0.0,0.0,0.0,0.0,0.2,0.2,0.2,0.0,0.0,0.0,-5.0937587481314495e-12,2.3971316707425455e-12,-7.490890418873995e-12,35000.0
120985,GUINEAINS,2020-04-24,0.2,0.2,0,2026-04-08T03:27:14.133022+00:00,0.0,0.0,0.0,0.0,0.2,0.2,0.2,0.0,0.0,0.0,-4.716421697636974e-12,2.2195749769896166e-12,-6.935996674626591e-12,0.0
121088,GUINEAINS,2020-04-27,0.2,0.2,0,2026-04-08T03:27:18.376911+00:00,0.0,0.0,0.0,0.0,0.2,0.2,0.2,0.0,0.0,0.0,-4.367034511787438e-12,2.055169730271323e-12,-6.422204242058761e-12,0.0
121191,GUINEAINS,2020-04-28,0.2,0.2,0,2026-04-08T03:27:20.70836+00:00,0.0,0.0,0.0,0.0,0.2,0.2,0.2,0.0,0.0,0.0,-4.043543277987283e-12,1.9029287712571834e-12,-5.946472049244466e-12,0.0
121294,GUINEAINS,2020-04-29,0.2,0.2,0,2026-04-08T03:27:23.099969+00:00,0.0,0.0,0.0,0.0,0.2,0.2,0.2,0.0,0.0,0.0,-3.744005105943415e-12,1.7619735546408403e-12,-5.505978660584256e-12,0.0
121397,GUINEAINS,2020-04-30,0.2,0.2,0,2026-04-08T03:27:25.479794+00:00,0.0,0.0,0.0,0.0,0.2,0.2,0.2,0.0,0.0,0.0,-3.4666713943920513e-12,1.6314458129537642e-12,-5.0981172073458155e-12,0.0
121500,GUINEAINS,2020-05-04,0.2,0.2,0,2026-04-08T03:27:30.67652+00:00,0.0,0.0,0.0,0.0,0.2,0.2,0.2,0.0,0.0,0.0,-3.2098768087962526e-12,1.5105923188396508e-12,-4.720469127635903e-12,0.0
121603,GUINEAINS,2020-05-05,0.2,0.2,0,2026-04-08T03:27:32.997372+00:00,0.0,0.0,0.0,0.0,0.2,0.2,0.2,0.0,0.0,0.0,-2.9720947924971597e-12,1.3986994681109953e-12,-4.370794260608155e-12,0.0
121706,GUINEAINS,2020-05-06,0.2,0.2,20,2026-04-08T03:27:35.368243+00:00,0.0,0.0,0.0,0.0,0.2,0.2,0.2,0.0,0.0,0.0,-2.751937566713991e-12,1.2950853551153314e-12,-4.0470229218293225e-12,1.0
121809,GUINEAINS,2020-05-07,0.2,0.2,0,2026-04-08T03:27:37.70358+00:00,0.0,0.0,0.0,0.0,0.2,0.2,0.2,0.0,0.0,0.0,-2.5480728638171968e-12,1.1991600464097004e-12,-3.747232910226897e-12,1.0
121912,GUINEAINS,2020-05-08,0.2,0.2,0,2026-04-08T03:27:39.945267+00:00,0.0,0.0,0.0,0.0,0.2,0.2,0.2,0.0,0.0,0.0,-2.3593071940553045e-12,1.1103405729372743e-12,-3.469647766992579e-12,1.0
122015,GUINEAINS,2020-05-11,0.2,0.2,0,2026-04-08T03:27:44.543581+00:00,0.0,0.0,0.0,0.0,0.2,0.2,0.2,0.0,0.0,0.0,-2.1845303344036893e-12,1.0280939460711116e-12,-3.212624280474801e-12,1.0
122118,GUINEAINS,2020-05-12,0.2,0.2,0,2026-04-08T03:27:46.988848+00:00,0.0,0.0,0.0,0.0,0.2,0.2,0.2,0.0,0.0,0.0,-2.0227153285645727e-12,9.519271615281827e-13,-2.9746424900927554e-12,1.0
122221,GUINEAINS,2020-05-13,0.2,0.2,0,2026-04-08T03:27:49.292243+00:00,0.0,0.0,0.0,0.0,0.2,0.2,0.2,0.0,0.0,0.0,-1.872862975815792e-12,8.814236114215707e-13,-2.754286587237363e-12,1.0
122324,GUINEAINS,2020-05-14,0.2,0.2,0,2026-04-08T03:27:51.592074+00:00,0.0,0.0,0.0,0.0,0.2,0.2,0.2,0.0,0.0,0.0,-1.7341128533132633e-12,8.161389871392802e-13,-2.5502518404525435e-12,1.0
122427,GUINEAINS,2020-05-19,0.2,0.2,0,2026-04-08T03:27:58.031425+00:00,0.0,0.0,0.0,0.0,0.2,0.2,0.2,0.0,0.0,0.0,-1.6056600493641326e-12,7.556734328707287e-13,-2.3613334822348613e-12,1.0
122530,GUINEAINS,2020-05-20,0.2,0.2,0,2026-04-08T03:28:00.412443+00:00,0.0,0.0,0.0,0.0,0.2,0.2,0.2,0.0,0.0,0.0,-1.4866996522755471e-12,6.997070639674515e-13,-2.1864067162429986e-12,1.0
122633,GUINEAINS,2020-05-21,0.2,0.2,0,2026-04-08T03:28:02.829603+00:00,0.0,0.0,0.0,0.0,0.2,0.2,0.2,0.0,0.0,0.0,-1.3765655282327316e-12,6.478729504082139e-13,-2.0244384786409455e-12,1.0
122736,GUINEAINS,2020-05-27,0.2,0.2,0,2026-04-08T03:28:10.17932+00:00,0.0,0.0,0.0,0.0,0.2,0.2,0.2,0.0,0.0,0.0,-1.274591543420911e-12,5.998775481760274e-13,-1.8744690915969384e-12,1.0
122839,GUINEAINS,2020-05-28,0.2,0.2,0,2026-04-08T03:28:12.484321+00:00,0.0,0.0,0.0,0.0,0.2,0.2,0.2,0.0,0.0,0.0,-1.1801670751765414e-12,5.554416131363176e-13,-1.735608688312859e-12,1.0
122942,GUINEAINS,2020-05-29,0.2,0.2,0,2026-04-08T03:28:14.796152+00:00,0.0,0.0,0.0,0.0,0.2,0.2,0.2,0.0,0.0,0.0,-1.0927370119873103e-12,5.14297341060439e-13,-1.6070343530477493e-12,1.0
123045,GUINEAINS,2020-06-02,0.2,0.2,22,2026-04-08T03:28:20.224588+00:00,0.0,0.0,0.0,0.0,0.2,0.2,0.2,0.0,0.0,0.0,-1.0117739979165208e-12,4.762082841049828e-13,-1.4879822820215036e-12,2.1
123148,GUINEAINS,2020-06-03,0.2,0.2,0,2026-04-08T03:28:22.45251+00:00,0.0,0.0,0.0,0.0,0.2,0.2,0.2,0.0,0.0,0.0,-9.36806188178707e-13,4.409408750742373e-13,-1.3777470632529444e-12,2.1
123251,GUINEAINS,2020-06-04,0.2,0.2,0,2026-04-08T03:28:24.742978+00:00,0.0,0.0,0.0,0.0,0.2,0.2,0.2,0.0,0.0,0.0,-8.673894935640192e-13,4.0828605575114023e-13,-1.2756755493151594e-12,2.1
123354,GUINEAINS,2020-06-05,0.2,0.2,0,2026-04-08T03:28:26.997708+00:00,0.0,0.0,0.0,0.0,0.2,0.2,0.2,0.0,0.0,0.0,-8.031353360138382e-13,3.7803217064105685e-13,-1.181167506654895e-12,2.1
123457,GUINEAINS,2020-06-08,0.2,0.2,0,2026-04-08T03:28:31.360755+00:00,0.0,0.0,0.0,0.0,0.2,0.2,0.2,0.0,0.0,0.0,-7.436273818939299e-13,3.500320998087723e-13,-1.0936594817027022e-12,2.1
123560,GUINEAINS,2020-06-09,0.2,0.2,0,2026-04-08T03:28:33.545964+00:00,0.0,0.0,0.0,0.0,0.2,0.2,0.2,0.0,0.0,0.0,-6.885325642969065e-13,3.241015339246367e-13,-1.0126340982215431e-12,2.1
123663,GUINEAINS,2020-06-10,0.2,0.2,0,2026-04-08T03:28:35.856379+00:00,0.0,0.0,0.0,0.0,0.2,0.2,0.2,0.0,0.0,0.0,-6.375178163153805e-13,3.0009302552493023e-13,-9.376108418403107e-13,2.1
123766,GUINEAINS,2020-06-11,0.2,0.2,0,2026-04-08T03:28:38.052531+00:00,0.0,0.0,0.0,0.0,0.2,0.2,0.2,0.0,0.0,0.0,-5.902778266175801e-13,2.778664121781846e-13,-8.681442387957647e-13,1.1
123869,GUINEAINS,2020-06-15,0.2,0.2,3000,2026-04-08T03:28:43.437023+00:00,0.0,0.0,0.0,0.0,0.2,0.2,0.2,0.0,0.0,0.0,-5.465350394473489e-13,2.572873594787327e-13,-8.038223989260816e-13,151.1
123972,GUINEAINS,2020-06-16,0.2,0.2,6000,2026-04-08T03:28:45.961134+00:00,0.0,0.0,0.0,0.0,0.2,0.2,0.2,0.0,0.0,0.0,-5.060396546241464e-13,2.382261954415483e-13,-7.442658500656947e-13,451.1
124075,GUINEAINS,2020-06-17,0.2,0.2,0,2026-04-08T03:28:48.324213+00:00,0.0,0.0,0.0,0.0,0.2,0.2,0.2,0.0,0.0,0.0,-4.685418719674317e-13,2.2057918247861048e-13,-6.891210544460422e-13,451.1
124178,GUINEAINS,2020-06-18,0.2,0.2,0,2026-04-08T03:28:50.696546+00:00,0.0,0.0,0.0,0.0,0.2,0.2,0.2,0.0,0.0,0.0,-4.338196468722799e-13,2.0424112605900988e-13,-6.380607729312898e-13,451.1
124281,GUINEAINS,2020-06-19,0.2,0.2,20000,2026-04-08T03:28:53.406809+00:00,0.0,0.0,0.0,0.0,0.2,0.2,0.2,0.0,0.0,0.0,-4.0167869030938164e-13,1.8910566609752663e-13,-5.907843564069083e-13,1451.1
124384,GUINEAINS,2020-06-22,0.2,0.2,0,2026-04-08T03:28:57.922359+00:00,0.0,0.0,0.0,0.0,0.2,0.2,0.2,0.0,0.0,0.0,-3.7192471324942744e-13,1.7508771452598464e-13,-5.470124277754121e-13,1451.1
124487,GUINEAINS,2020-06-23,0.2,0.2,0,2026-04-08T03:29:00.283028+00:00,0.0,0.0,0.0,0.0,0.2,0.2,0.2,0.0,0.0,0.0,-3.4436342666310793e-13,1.6211920088984334e-13,-5.064826275529513e-13,1451.1
124590,GUINEAINS,2020-06-24,0.2,0.2,0,2026-04-08T03:29:02.79982+00:00,0.0,0.0,0.0,0.0,0.2,0.2,0.2,0.0,0.0,0.0,-3.1885605267234496e-13,1.50101259904485e-13,-4.6895731257683e-13,1451.1
124693,GUINEAINS,2020-06-25,0.2,0.2,4000,2026-04-08T03:29:05.076463+00:00,0.0,0.0,0.0,0.0,0.2,0.2,0.2,0.0,0.0,0.0,-2.9523605782344475e-13,1.3897700380270817e-13,-4.3421306162615293e-13,1651.1
124796,GUINEAINS,2020-06-26,0.2,0.2,202,2026-04-08T03:29:07.48598+00:00,0.0,0.0,0.0,0.0,0.2,0.2,0.2,0.0,0.0,0.0,-2.7336466423832917e-13,1.2867871791025899e-13,-4.0204338214858815e-13,1661.2
124899,GUINEAINS,2020-06-29,0.2,0.2,0,2026-04-08T03:29:11.968016+00:00,0.0,0.0,0.0,0.0,0.2,0.2,0.2,0.0,0.0,0.0,-2.5310309403892006e-13,1.1915223048773451e-13,-3.722553245266546e-13,1661.2
125002,GUINEAINS,2020-06-30,0.2,0.2,10907,2026-04-08T03:29:14.28255+00:00,0.0,0.0,0.0,0.0,0.2,0.2,0.2,0.0,0.0,0.0,-2.343403249227549e-13,1.1033199968311974e-13,-3.4467232460587465e-13,2206.55
125105,GUINEAINS,2020-07-01,0.2,0.2,0,2026-04-08T03:29:16.703757+00:00,0.0,0.0,0.0,0.0,0.2,0.2,0.2,0.0,0.0,0.0,-2.1696533458737122e-13,1.0216559201480276e-13,-3.19130926602174e-13,2205.45
125208,GUINEAINS,2020-07-02,0.2,0.2,97300,2026-04-08T03:29:19.127663+00:00,0.0,0.0,0.0,0.0,0.2,0.2,0.2,0.0,0.0,0.0,-2.0089485630592208e-13,9.458885623700154e-14,-2.954837125429236e-13,7070.45
125311,GUINEAINS,2020-07-03,0.2,0.2,10,2026-04-08T03:29:21.544735+00:00,0.0,0.0,0.0,0.0,0.2,0.2,0.2,0.0,0.0,0.0,-1.8599011220032935e-13,8.759488027407543e-14,-2.735849924744048e-13,7070.95
125414,GUINEAINS,2020-07-07,0.2,0.2,0,2026-04-08T03:29:27.331532+00:00,0.0,0.0,0.0,0.0,0.2,0.2,0.2,0.0,0.0,0.0,-1.7219559111936178e-13,8.11115210840344e-14,-2.533071122033962e-13,7070.95
125517,GUINEAINS,2020-07-08,0.2,0.2,0,2026-04-08T03:29:29.768744+00:00,0.0,0.0,0.0,0.0,0.2,0.2,0.2,0.0,0.0,0.0,-1.5942802633617248e-13,7.510326869377895e-14,-2.3453129502995143e-13,7070.95
125620,GUINEAINS,2020-07-09,0.2,0.2,0,2026-04-08T03:29:32.143692+00:00,0.0,0.0,0.0,0.0,0.2,0.2,0.2,0.0,0.0,0.0,-1.4760415112391456e-13,6.954171512482953e-14,-2.171458662487441e-13,7070.95
125723,GUINEAINS,2020-07-10,0.2,0.2,0,2026-04-08T03:29:34.521297+00:00,0.0,0.0,0.0,0.0,0.2,0.2,0.2,0.0,0.0,0.0,-1.3666845433135677e-13,6.438192953390987e-14,-2.0105038386526664e-13,7070.95
125826,GUINEAINS,2020-07-13,0.2,0.2,0,2026-04-08T03:29:39.007126+00:00,0.0,0.0,0.0,0.0,0.2,0.2,0.2,0.0,0.0,0.0,-1.2653766923165222e-13,5.961017170689155e-14,-1.8614784093854377e-13,7070.95
125929,GUINEAINS,2020-07-14,0.2,0.2,100000,2026-04-08T03:29:41.304989+00:00,0.0,0.0,0.0,0.0,0.2,0.2,0.2,0.0,0.0,0.0,-1.1715628467356964e-13,5.5193245011979306e-14,-1.7234952968554895e-13,11920.95
126032,GUINEAINS,2020-07-15,0.2,0.2,0,2026-04-08T03:29:43.708156+00:00,0.0,0.0,0.0,0.0,0.2,0.2,0.2,0.0,0.0,0.0,-1.084687895058778e-13,5.1104592143736955e-14,-1.5957338164961475e-13,11620.95
126135,GUINEAINS,2020-07-16,0.2,0.2,0,2026-04-08T03:29:45.979708+00:00,0.0,0.0,0.0,0.0,0.2,0.2,0.2,0.0,0.0,0.0,-1.0041967257734541e-13,4.732296725781549e-14,-1.477426398351609e-13,11620.95
126238,GUINEAINS,2020-07-17,0.2,0.2,0,2026-04-08T03:29:48.357101+00:00,0.0,0.0,0.0,0.0,0.2,0.2,0.2,0.0,0.0,0.0,-9.298117831235686e-14,4.380916921824324e-14,-1.367903475306001e-13,11620.95
126341,GUINEAINS,2020-07-20,0.2,0.2,0,2026-04-08T03:29:52.723074+00:00,0.0,0.0,0.0,0.0,0.2,0.2,0.2,0.0,0.0,0.0,-8.607003998406526e-14,4.057624603722787e-14,-1.2664628602129313e-13,10620.95
126444,GUINEAINS,2020-07-21,0.2,0.2,0,2026-04-08T03:29:55.035926+00:00,0.0,0.0,0.0,0.0,0.2,0.2,0.2,0.0,0.0,0.0,-7.968625759247061e-14,3.7568022743058026e-14,-1.1725428033552864e-13,10620.95
126547,GUINEAINS,2020-07-23,0.2,0.2,0,2026-04-08T03:29:58.238067+00:00,0.0,0.0,0.0,0.0,0.2,0.2,0.2,0.0,0.0,0.0,-7.377431998634165e-14,3.478396827934959e-14,-1.0855828826569124e-13,10620.95
126650,GUINEAINS,2020-07-24,0.2,0.2,0,2026-04-08T03:30:00.541513+00:00,0.0,0.0,0.0,0.0,0.2,0.2,0.2,0.0,0.0,0.0,-6.830647159006276e-14,3.22014533405028e-14,-1.0050792493056556e-13,10620.95
126753,GUINEAINS,2020-07-27,0.2,0.2,0,2026-04-08T03:30:04.748878+00:00,0.0,0.0,0.0,0.0,0.2,0.2,0.2,0.0,0.0,0.0,-6.322720125240266e-14,2.982457894253032e-14,-9.305178019493298e-14,10420.95
126856,GUINEAINS,2020-07-28,0.2,0.2,1000,2026-04-08T03:30:07.286947+00:00,0.0,0.0,0.0,0.0,0.2,0.2,0.2,0.0,0.0,0.0,-5.853650897336138e-14,2.7612216977257298e-14,-8.614872595061868e-14,10460.85
126959,GUINEAINS,2020-07-29,0.2,0.2,0,2026-04-08T03:30:09.725653+00:00,0.0,0.0,0.0,0.0,0.2,0.2,0.2,0.0,0.0,0.0,-5.417888360170764e-14,2.557587387912884e-14,-7.975475748083648e-14,10460.85
127062,GUINEAINS,2020-08-03,0.2,0.2,0,2026-04-08T03:30:16.711714+00:00,0.0,0.0,0.0,0.0,0.2,0.2,0.2,0.0,0.0,0.0,-5.0154325137441447e-14,2.3680345874716034e-14,-7.383467101215748e-14,9915.5
127165,GUINEAINS,2020-08-04,0.2,0.2,0,2026-04-08T03:30:19.026905+00:00,0.0,0.0,0.0,0.0,0.2,0.2,0.2,0.0,0.0,0.0,-4.643507800494717e-14,2.1919674405768244e-14,-6.835475241071542e-14,9915.5
127268,GUINEAINS,2020-08-05,0.2,0.2,0,2026-04-08T03:30:21.509999+00:00,0.0,0.0,0.0,0.0,0.2,0.2,0.2,0.0,0.0,0.0,-4.299338662860919e-14,2.0289092625684983e-14,-6.328247925429417e-14,5050.5
127371,GUINEAINS,2020-08-06,0.2,0.2,43600,2026-04-08T03:30:23.823287+00:00,0.0,0.0,0.0,0.0,0.2,0.2,0.2,0.0,0.0,0.0,-3.980149543281186e-14,1.8784787057185852e-14,-5.858628248999771e-14,7230.0
127474,GUINEAINS,2020-08-07,0.2,0.2,0,2026-04-08T03:30:26.221973+00:00,0.0,0.0,0.0,0.0,0.2,0.2,0.2,0.0,0.0,0.0,-3.683164884193957e-14,1.740370691844652e-14,-5.423535576038609e-14,7230.0
127577,GUINEAINS,2020-08-10,0.2,0.2,7010,2026-04-08T03:30:31.080726+00:00,0.0,0.0,0.0,0.0,0.2,0.2,0.2,0.0,0.0,0.0,-3.4083846855992306e-14,1.6121207123515034e-14,-5.020505397950734e-14,7580.5
127680,GUINEAINS,2020-08-11,0.2,0.2,0,2026-04-08T03:30:33.557314+00:00,0.0,0.0,0.0,0.0,0.2,0.2,0.2,0.0,0.0,0.0,-3.1558089474970075e-14,1.4917571603629817e-14,-4.647566107859989e-14,7580.5
127783,GUINEAINS,2020-08-12,0.2,0.2,0,2026-04-08T03:30:35.989363+00:00,0.0,0.0,0.0,0.0,0.2,0.2,0.2,0.0,0.0,0.0,-2.919886554764162e-14,1.3821436424766627e-14,-4.3020301972408244e-14,7580.5
127886,GUINEAINS,2020-08-13,0.2,0.2,0,2026-04-08T03:30:38.402702+00:00,0.0,0.0,0.0,0.0,0.2,0.2,0.2,0.0,0.0,0.0,-2.7033930649622562e-14,1.278909705822855e-14,-3.982302770785111e-14,7580.5
127989,GUINEAINS,2020-08-14,0.2,0.2,0,2026-04-08T03:30:40.738296+00:00,0.0,0.0,0.0,0.0,0.2,0.2,0.2,0.0,0.0,0.0,-2.500777362968165e-14,1.1852203262535568e-14,-3.685997689221722e-14,2580.5
128092,GUINEAINS,2020-08-17,0.2,0.2,20,2026-04-08T03:30:45.179846+00:00,0.0,0.0,0.0,0.0,0.2,0.2,0.2,0.0,0.0,0.0,-2.3148150063434514e-14,1.0969461463026167e-14,-3.411761152646068e-14,2581.5
128195,GUINEAINS,2020-08-18,0.2,0.2,0,2026-04-08T03:30:47.750292+00:00,0.0,0.0,0.0,0.0,0.2,0.2,0.2,0.0,0.0,0.0,-2.142730437526552e-14,1.015224572095613e-14,-3.157955009622165e-14,2581.5
128298,GUINEAINS,2020-08-19,0.2,0.2,0,2026-04-08T03:30:50.260611+00:00,0.0,0.0,0.0,0.0,0.2,0.2,0.2,0.0,0.0,0.0,-1.9817480989559044e-14,9.409655285330087e-15,-2.922713627488913e-14,2581.5
128401,GUINEAINS,2020-08-20,0.2,0.2,10,2026-04-08T03:30:52.728097+00:00,0.0,0.0,0.0,0.0,0.2,0.2,0.2,0.0,0.0,0.0,-1.8346435481930712e-14,8.704560634366737e-15,-2.705099611629745e-14,2582.0
128504,GUINEAINS,2020-08-21,0.2,0.2,0,2026-04-08T03:30:55.129893+00:00,0.0,0.0,0.0,0.0,0.2,0.2,0.2,0.0,0.0,0.0,-1.6986412276764895e-14,8.051667071626043e-15,-2.503807934839094e-14,2582.0
128607,GUINEAINS,2020-08-24,0.2,0.2,0,2026-04-08T03:30:59.50528+00:00,0.0,0.0,0.0,0.0,0.2,0.2,0.2,0.0,0.0,0.0,-1.5709655798445965e-14,7.462738839955981e-15,-2.3172394638401946e-14,2582.0
128710,GUINEAINS,2020-08-25,0.2,0.2,0,2026-04-08T03:31:01.97181+00:00,0.0,0.0,0.0,0.0,0.2,0.2,0.2,0.0,0.0,0.0,-1.454392162258955e-14,6.90277841264992e-15,-2.144670003523947e-14,2582.0
128813,GUINEAINS,2020-08-26,0.2,0.2,10,2026-04-08T03:31:04.340397+00:00,0.0,0.0,0.0,0.0,0.2,0.2,0.2,0.0,0.0,0.0,-1.3461454173580023e-14,6.388196689327559e-15,-1.9849650862907582e-14,2582.5
128916,GUINEAINS,2020-08-27,0.2,0.2,5000,2026-04-08T03:31:06.825032+00:00,0.0,0.0,0.0,0.0,0.2,0.2,0.2,0.0,0.0,0.0,-1.2462253451417382e-14,5.90991792919216e-15,-1.8372171380609542e-14,2782.5
129019,GUINEAINS,2020-08-28,0.2,0.2,0,2026-04-08T03:31:10.050623+00:00,0.0,0.0,0.0,0.0,0.2,0.2,0.2,0.0,0.0,0.0,-1.1518563880485999e-14,5.482886000098835e-15,-1.7001449880584834e-14,2782.5
129122,GUINEAINS,2020-08-31,0.2,0.2,0,2026-04-08T03:31:14.574397+00:00,0.0,0.0,0.0,0.0,0.2,0.2,0.2,0.0,0.0,0.0,-1.0658141036401503e-14,5.0746470753466676e-15,-1.573278811174817e-14,2782.5
129225,GUINEAINS,2020-09-01,0.2,0.2,0,2026-04-08T03:31:16.859057+00:00,0.0,0.0,0.0,0.0,0.2,0.2,0.2,0.0,0.0,0.0,-9.853229343548264e-15,4.703647014559925e-15,-1.455687635810819e-14,2782.5
129328,GUINEAINS,2020-09-02,0.2,0.2,1000,2026-04-08T03:31:19.223829+00:00,0.0,0.0,0.0,0.0,0.2,0.2,0.2,0.0,0.0,0.0,-9.103828801926284e-15,4.362438044945526e-15,-1.346626684687181e-14,2832.5
129431,GUINEAINS,2020-09-03,0.2,0.2,0,2026-04-08T03:31:21.580357+00:00,0.0,0.0,0.0,0.0,0.2,0.2,0.2,0.0,0.0,0.0,-8.409939411535561e-15,4.045061948269001e-15,-1.2455001359804562e-14,652.5
129534,GUINEAINS,2020-09-04,0.2,0.2,0,2026-04-08T03:31:24.095323+00:00,0.0,0.0,0.0,0.0,0.2,0.2,0.2,0.0,0.0,0.0,-7.771561172376096e-15,3.746752149942774e-15,-1.151831332231887e-14,652.5
129637,GUINEAINS,2020-09-07,0.2,0.2,0,2026-04-08T03:31:29.028072+00:00,0.0,0.0,0.0,0.0,0.2,0.2,0.2,0.0,0.0,0.0,-7.188694084447889e-15,3.463695390296786e-15,-1.0652389474744675e-14,302.0
129740,GUINEAINS,2020-09-08,0.2,0.2,0,2026-04-08T03:31:31.696694+00:00,0.0,0.0,0.0,0.0,0.2,0.2,0.2,0.0,0.0,0.0,-6.63358257213531e-15,3.2150455220874917e-15,-9.848628094222802e-15,302.0
129843,GUINEAINS,2020-09-09,0.2,0.2,0,2026-04-08T03:31:34.222499+00:00,0.0,0.0,0.0,0.0,0.2,0.2,0.2,0.0,0.0,0.0,-6.13398221105399e-15,2.971716706535049e-15,-9.105698917589039e-15,302.0
129946,GUINEAINS,2020-09-10,0.2,0.2,0,2026-04-08T03:31:36.666154+00:00,0.0,0.0,0.0,0.0,0.2,0.2,0.2,0.0,0.0,0.0,-5.662137425588298e-15,2.7548491936005934e-15,-8.416986619188892e-15,302.0
130049,GUINEAINS,2020-09-11,0.2,0.2,0,2026-04-08T03:31:39.224755+00:00,0.0,0.0,0.0,0.0,0.2,0.2,0.2,0.0,0.0,0.0,-5.245803791353865e-15,2.5369462622680226e-15,-7.782750053621887e-15,302.0
130152,GUINEAINS,2020-09-14,0.2,0.2,0,2026-04-08T03:31:43.669625+00:00,0.0,0.0,0.0,0.0,0.2,0.2,0.2,0.0,0.0,0.0,-4.85722573273506e-15,2.340419456709462e-15,-7.197645189444522e-15,301.0
130255,GUINEAINS,2020-09-15,0.2,0.2,160,2026-04-08T03:31:46.096824+00:00,0.0,0.0,0.0,0.0,0.2,0.2,0.2,0.0,0.0,0.0,-4.496403249731884e-15,2.1609935517701106e-15,-6.6573968015019946e-15,309.0
130358,GUINEAINS,2020-09-16,0.2,0.2,6000,2026-04-08T03:31:48.62473+00:00,0.0,0.0,0.0,0.0,0.2,0.2,0.2,0.0,0.0,0.0,-4.163336342344337e-15,1.9952483673261265e-15,-6.1585847096704635e-15,609.0
130461,GUINEAINS,2020-09-17,0.2,0.2,5300,2026-04-08T03:31:51.120615+00:00,0.0,0.0,0.0,0.0,0.2,0.2,0.2,0.0,0.0,0.0,-3.858025010572419e-15,1.8404477592784366e-15,-5.6984727698508556e-15,873.5
130564,GUINEAINS,2020-09-18,0.2,0.2,0,2026-04-08T03:31:53.500222+00:00,0.0,0.0,0.0,0.0,0.2,0.2,0.2,0.0,0.0,0.0,-3.552713678800501e-15,1.716607272840284e-15,-5.269320951640785e-15,873.5
130667,GUINEAINS,2020-09-21,0.2,0.2,0,2026-04-08T03:31:57.915353+00:00,0.0,0.0,0.0,0.0,0.2,0.2,0.2,0.0,0.0,0.0,-3.2751579226442118e-15,1.5953304231972585e-15,-4.87048834584147e-15,873.5
130770,GUINEAINS,2020-09-22,0.2,0.2,0,2026-04-08T03:32:00.361616+00:00,0.0,0.0,0.0,0.0,0.2,0.2,0.2,0.0,0.0,0.0,-3.0253577421035516e-15,1.4761044829903355e-15,-4.501462225093887e-15,873.5
130873,GUINEAINS,2020-09-23,0.2,0.2,0,2026-04-08T03:32:02.667296+00:00,0.0,0.0,0.0,0.0,0.2,0.2,0.2,0.0,0.0,0.0,-2.8033131371785203e-15,1.3585192703322934e-15,-4.161832407510814e-15,873.0
130976,GUINEAINS,2020-09-24,0.2,0.2,0,2026-04-08T03:32:05.077899+00:00,0.0,0.0,0.0,0.0,0.2,0.2,0.2,0.0,0.0,0.0,-2.581268532253489e-15,1.2644511002058596e-15,-3.8457196324593486e-15,623.0
131079,GUINEAINS,2020-09-25,0.2,0.2,0,2026-04-08T03:32:07.472813+00:00,0.0,0.0,0.0,0.0,0.2,0.2,0.2,0.0,0.0,0.0,-2.3869795029440866e-15,1.16699210361221e-15,-3.5539716065562965e-15,623.0
131182,GUINEAINS,2020-09-28,0.2,0.2,0,2026-04-08T03:32:12.542607+00:00,0.0,0.0,0.0,0.0,0.2,0.2,0.2,0.0,0.0,0.0,-2.192690473634684e-15,1.08902490633729e-15,-3.281715379971974e-15,623.0
131285,GUINEAINS,2020-09-29,0.2,0.2,0,2026-04-08T03:32:14.948969+00:00,0.0,0.0,0.0,0.0,0.2,0.2,0.2,0.0,0.0,0.0,-2.0261570199409107e-15,1.0044466880248506e-15,-3.0306037079657613e-15,623.0
131388,GUINEAINS,2020-09-30,0.2,0.2,0,2026-04-08T03:32:17.368144+00:00,0.0,0.0,0.0,0.0,0.2,0.2,0.2,0.0,0.0,0.0,-1.8596235662471372e-15,9.367841133748995e-16,-2.7964076796220367e-15,573.0
131491,GUINEAINS,2020-10-02,0.2,0.2,435000,2026-04-08T03:32:21.009688+00:00,0.0,0.0,0.0,0.0,0.2,0.2,0.2,0.0,0.0,0.0,-1.7208456881689926e-15,8.604495931624354e-16,-2.581295281331428e-15,22323.0
131594,GUINEAINS,2020-10-05,0.2,0.2,0,2026-04-08T03:32:25.669514+00:00,0.0,0.0,0.0,0.0,0.2,0.2,0.2,0.0,0.0,0.0,-1.582067810090848e-15,7.993819769924643e-16,-2.3814497870833123e-15,22323.0
131697,GUINEAINS,2020-10-06,0.2,0.2,0,2026-04-08T03:32:28.151061+00:00,0.0,0.0,0.0,0.0,0.2,0.2,0.2,0.0,0.0,0.0,-1.4432899320127035e-15,7.505278840564872e-16,-2.1938178160691907e-15,22323.0
131800,GUINEAINS,2020-10-07,0.2,0.2,0,2026-04-08T03:32:30.62441+00:00,0.0,0.0,0.0,0.0,0.2,0.2,0.2,0.0,0.0,0.0,-1.3322676295501878e-15,6.892401492152026e-16,-2.0215077787653905e-15,22323.0
131903,GUINEAINS,2020-10-08,0.2,0.2,0,2026-04-08T03:32:32.995223+00:00,0.0,0.0,0.0,0.0,0.2,0.2,0.2,0.0,0.0,0.0,-1.2212453270876722e-15,6.402099613421749e-16,-1.861455288429847e-15,22323.0
132006,GUINEAINS,2020-10-09,0.2,0.2,0,2026-04-08T03:32:35.453646+00:00,0.0,0.0,0.0,0.0,0.2,0.2,0.2,0.0,0.0,0.0,-1.1102230246251565e-15,6.009858110437524e-16,-1.711208835668909e-15,22323.0
132109,GUINEAINS,2020-10-12,0.2,0.2,0,2026-04-08T03:32:39.836845+00:00,0.0,0.0,0.0,0.0,0.2,0.2,0.2,0.0,0.0,0.0,-1.0269562977782698e-15,5.474020303125114e-16,-1.5743583280907812e-15,22323.0
132212,GUINEAINS,2020-10-13,0.2,0.2,0,2026-04-08T03:32:42.883097+00:00,0.0,0.0,0.0,0.0,0.2,0.2,0.2,0.0,0.0,0.0,-9.43689570931383e-16,5.045350057275185e-16,-1.4482245766589016e-15,22323.0
132315,GUINEAINS,2020-10-14,0.2,0.2,0,2026-04-08T03:32:45.313484+00:00,0.0,0.0,0.0,0.0,0.2,0.2,0.2,0.0,0.0,0.0,-8.604228440844963e-16,4.702413860595243e-16,-1.3306642301440206e-15,22315.0
132418,GUINEAINS,2020-10-15,0.2,0.2,0,2026-04-08T03:32:47.672181+00:00,0.0,0.0,0.0,0.0,0.2,0.2,0.2,0.0,0.0,0.0,-7.771561172376096e-16,4.4280649032512886e-16,-1.2199626075627384e-15,22015.0
132521,GUINEAINS,2020-10-16,0.2,0.2,0,2026-04-08T03:32:50.112843+00:00,0.0,0.0,0.0,0.0,0.2,0.2,0.2,0.0,0.0,0.0,-7.216449660063518e-16,3.9865411324510943e-16,-1.1202990792514612e-15,21750.0
132624,GUINEAINS,2020-10-19,0.2,0.2,500,2026-04-08T03:32:54.594352+00:00,0.0,0.0,0.0,0.0,0.2,0.2,0.2,0.0,0.0,0.0,-6.661338147750939e-16,3.633322115810937e-16,-1.0294660263561876e-15,21775.0
132727,GUINEAINS,2020-10-20,0.2,0.2,0,2026-04-08T03:32:57.288568+00:00,0.0,0.0,0.0,0.0,0.2,0.2,0.2,0.0,0.0,0.0,-6.106226635438361e-16,3.3507469024988124e-16,-9.456973537937173e-16,21775.0
132830,GUINEAINS,2020-10-21,0.2,0.2,0,2026-04-08T03:32:59.679627+00:00,0.0,0.0,0.0,0.0,0.2,0.2,0.2,0.0,0.0,0.0,-5.551115123125783e-16,3.124686731849113e-16,-8.675801854974896e-16,21775.0
132933,GUINEAINS,2020-10-22,0.2,0.2,0,2026-04-08T03:33:02.194874+00:00,0.0,0.0,0.0,0.0,0.2,0.2,0.2,0.0,0.0,0.0,-4.996003610813204e-16,2.9438385953293534e-16,-7.939842206142558e-16,21775.0
133037,GUINEAINS,2020-10-23,0.2,0.2,0,2026-04-08T03:33:04.540232+00:00,0.0,0.0,0.0,0.0,0.2,0.2,0.2,0.0,0.0,0.0,-4.440892098500626e-16,2.799160086113546e-16,-7.240052184614172e-16,21775.0
133140,GUINEAINS,2020-10-26,0.2,0.2,0,2026-04-08T03:33:08.964122+00:00,0.0,0.0,0.0,0.0,0.2,0.2,0.2,0.0,0.0,0.0,-3.885780586188048e-16,2.6834172787409e-16,-6.569197864928948e-16,21775.0
133243,GUINEAINS,2020-10-27,0.2,0.2,0,2026-04-08T03:33:12.04516+00:00,0.0,0.0,0.0,0.0,0.2,0.2,0.2,0.0,0.0,0.0,-3.608224830031759e-16,2.368778427917752e-16,-5.977003257949511e-16,21775.0
133346,GUINEAINS,2020-10-28,0.2,0.2,0,2026-04-08T03:33:14.504918+00:00,0.0,0.0,0.0,0.0,0.2,0.2,0.2,0.0,0.0,0.0,-3.3306690738754696e-16,2.1170673472592333e-16,-5.447736421134703e-16,21775.0
133449,GUINEAINS,2020-10-30,0.2,0.2,0,2026-04-08T03:33:18.13889+00:00,0.0,0.0,0.0,0.0,0.2,0.2,0.2,0.0,0.0,0.0,-3.0531133177191805e-16,1.9156984827324186e-16,-4.968811800451599e-16,21775.0
133552,GUINEAINS,2020-11-02,0.2,0.2,4000,2026-04-08T03:33:22.589733+00:00,0.0,0.0,0.0,0.0,0.2,0.2,0.2,0.0,0.0,0.0,-2.7755575615628914e-16,1.7546033911109658e-16,-4.530160952673857e-16,225.0
133655,GUINEAINS,2020-11-03,0.2,0.2,0,2026-04-08T03:33:24.936567+00:00,0.0,0.0,0.0,0.0,0.2,0.2,0.2,0.0,0.0,0.0,-2.498001805406602e-16,1.6257273178138045e-16,-4.1237291232204067e-16,225.0
133758,GUINEAINS,2020-11-04,0.2,0.2,0,2026-04-08T03:33:27.402012+00:00,0.0,0.0,0.0,0.0,0.2,0.2,0.2,0.0,0.0,0.0,-2.220446049250313e-16,1.522626459176075e-16,-3.743072508426388e-16,225.0
133861,GUINEAINS,2020-11-05,0.2,0.2,400,2026-04-08T03:33:29.791139+00:00,0.0,0.0,0.0,0.0,0.2,0.2,0.2,0.0,0.0,0.0,-1.942890293094024e-16,1.4401457722658915e-16,-3.3830360653599155e-16,245.0
133964,GUINEAINS,2020-11-06,0.2,0.2,0,2026-04-08T03:33:32.190465+00:00,0.0,0.0,0.0,0.0,0.2,0.2,0.2,0.0,0.0,0.0,-1.6653345369377348e-16,1.374161222737745e-16,-3.0394957596754797e-16,245.0
134067,GUINEAINS,2020-11-09,0.2,0.2,0,2026-04-08T03:33:36.944942+00:00,0.0,0.0,0.0,0.0,0.2,0.2,0.2,0.0,0.0,0.0,-1.3877787807814457e-16,1.3213735831152276e-16,-2.709152363896673e-16,245.0
134171,GUINEAINS,2020-11-10,0.2,0.2,0,2026-04-08T03:33:39.328014+00:00,0.0,0.0,0.0,0.0,0.2,0.2,0.2,0.0,0.0,0.0,-1.1102230246251565e-16,1.2791434714172136e-16,-2.38936649604237e-16,245.0
134275,GUINEAINS,2020-11-11,0.2,0.2,500,2026-04-08T03:33:41.646704+00:00,0.0,0.0,0.0,0.0,0.2,0.2,0.2,0.0,0.0,0.0,-8.326672684688674e-17,1.2453593820588022e-16,-2.0780266505276696e-16,270.0
134379,GUINEAINS,2020-11-12,0.2,0.2,0,2026-04-08T03:33:44.075825+00:00,0.0,0.0,0.0,0.0,0.2,0.2,0.2,0.0,0.0,0.0,-5.551115123125783e-17,1.2183321105720734e-16,-1.7734436228846517e-16,270.0
134483,GUINEAINS,2020-11-13,0.2,0.2,0,2026-04-08T03:33:46.660663+00:00,0.0,0.0,0.0,0.0,0.2,0.2,0.2,0.0,0.0,0.0,-2.7755575615628914e-17,1.1967102933826903e-16,-1.4742660495389794e-16,270.0
134587,GUINEAINS,2020-11-16,0.2,0.2,0,2026-04-08T03:33:51.206328+00:00,0.0,0.0,0.0,0.0,0.2,0.2,0.2,0.0,0.0,0.0,-2.7755575615628914e-17,9.573682347061523e-17,-1.2349239908624414e-16,270.0
134691,GUINEAINS,2020-11-17,0.2,0.2,0,2026-04-08T03:33:53.594986+00:00,0.0,0.0,0.0,0.0,0.2,0.2,0.2,0.0,0.0,0.0,-2.7755575615628914e-17,7.65894587764922e-17,-1.0434503439212111e-16,245.0
134795,GUINEAINS,2020-11-18,0.2,0.2,0,2026-04-08T03:33:56.053488+00:00,0.0,0.0,0.0,0.0,0.2,0.2,0.2,0.0,0.0,0.0,-2.7755575615628914e-17,6.127156702119377e-17,-8.902714263682268e-17,245.0
134899,GUINEAINS,2020-11-19,0.2,0.2,0,2026-04-08T03:33:58.535588+00:00,0.0,0.0,0.0,0.0,0.2,0.2,0.2,0.0,0.0,0.0,-2.7755575615628914e-17,4.901725361695503e-17,-7.677282923258394e-17,245.0
135003,GUINEAINS,2020-11-20,0.2,0.2,0,2026-04-08T03:34:01.033528+00:00,0.0,0.0,0.0,0.0,0.2,0.2,0.2,0.0,0.0,0.0,-2.7755575615628914e-17,3.921380289356403e-17,-6.696937850919294e-17,245.0
135107,GUINEAINS,2020-11-23,0.2,0.2,1300,2026-04-08T03:34:05.446005+00:00,0.0,0.0,0.0,0.0,0.2,0.2,0.2,0.0,0.0,0.0,-2.7755575615628914e-17,3.137104231485123e-17,-5.912661793048014e-17,310.0
135211,GUINEAINS,2020-11-24,0.2,0.2,0,2026-04-08T03:34:07.827748+00:00,0.0,0.0,0.0,0.0,0.2,0.2,0.2,0.0,0.0,0.0,-2.7755575615628914e-17,2.5096833851880986e-17,-5.28524094675099e-17,310.0
135315,GUINEAINS,2020-11-25,0.2,0.2,0,2026-04-08T03:34:10.273596+00:00,0.0,0.0,0.0,0.0,0.2,0.2,0.2,0.0,0.0,0.0,-2.7755575615628914e-17,2.007746708150479e-17,-4.78330426971337e-17,310.0
135419,GUINEAINS,2020-11-26,0.2,0.2,0,2026-04-08T03:34:12.878043+00:00,0.0,0.0,0.0,0.0,0.2,0.2,0.2,0.0,0.0,0.0,-2.7755575615628914e-17,1.606197366520383e-17,-4.3817549280832743e-17,310.0
135523,GUINEAINS,2020-11-27,0.2,0.2,0,2026-04-08T03:34:15.660625+00:00,0.0,0.0,0.0,0.0,0.2,0.2,0.2,0.0,0.0,0.0,-2.7755575615628914e-17,1.2849578932163067e-17,-4.060515454779198e-17,310.0
135627,GUINEAINS,2020-11-30,0.2,0.2,0,2026-04-08T03:34:20.595268+00:00,0.0,0.0,0.0,0.0,0.2,0.2,0.2,0.0,0.0,0.0,-2.7755575615628914e-17,1.0279663145730454e-17,-3.803523876135937e-17,110.0
135731,GUINEAINS,2020-12-01,0.2,0.2,0,2026-04-08T03:34:22.915781+00:00,0.0,0.0,0.0,0.0,0.2,0.2,0.2,0.0,0.0,0.0,-2.7755575615628914e-17,8.223730516584363e-18,-3.5979306132213277e-17,110.0
135834,GUINEAINS,2020-12-02,0.2,0.2,0,2026-04-08T03:34:25.200893+00:00,0.0,0.0,0.0,0.0,0.2,0.2,0.2,0.0,0.0,0.0,-2.7755575615628914e-17,6.578984413267493e-18,-3.4334560028896407e-17,110.0
135936,GUINEAINS,2020-12-03,0.2,0.2,0,2026-04-08T03:34:27.500503+00:00,0.0,0.0,0.0,0.0,0.2,0.2,0.2,0.0,0.0,0.0,-2.7755575615628914e-17,5.2631875306139944e-18,-3.301876314624291e-17,90.0
136038,GUINEAINS,2020-12-04,0.2,0.2,0,2026-04-08T03:34:29.754666+00:00,0.0,0.0,0.0,0.0,0.2,0.2,0.2,0.0,0.0,0.0,-2.7755575615628914e-17,4.2105500244911955e-18,-3.196612564012011e-17,90.0
136142,GUINEAINS,2020-12-07,0.2,0.2,0,2026-04-08T03:34:34.092506+00:00,0.0,0.0,0.0,0.0,0.2,0.2,0.2,0.0,0.0,0.0,-2.7755575615628914e-17,3.36844001959296e-18,-3.1124015635221874e-17,90.0
136246,GUINEAINS,2020-12-08,0.2,0.2,0,2026-04-08T03:34:36.413898+00:00,0.0,0.0,0.0,0.0,0.2,0.2,0.2,0.0,0.0,0.0,-2.7755575615628914e-17,2.694752015674368e-18,-3.045032763130328e-17,90.0
136350,GUINEAINS,2020-12-09,0.2,0.2,0,2026-04-08T03:34:38.741358+00:00,0.0,0.0,0.0,0.0,0.2,0.2,0.2,0.0,0.0,0.0,-2.7755575615628914e-17,2.155801612539498e-18,-2.991137722816841e-17,65.0
136454,GUINEAINS,2020-12-10,0.2,0.2,0,2026-04-08T03:34:41.210459+00:00,0.0,0.0,0.0,0.0,0.2,0.2,0.2,0.0,0.0,0.0,-2.7755575615628914e-17,1.7246412900315998e-18,-2.9480216905660513e-17,65.0
136558,GUINEAINS,2020-12-11,0.2,0.2,0,2026-04-08T03:34:43.516271+00:00,0.0,0.0,0.0,0.0,0.2,0.2,0.2,0.0,0.0,0.0,-2.7755575615628914e-17,1.3797130320252786e-18,-2.913528864765419e-17,65.0
136662,GUINEAINS,2020-12-14,0.2,0.2,0,2026-04-08T03:34:47.752987+00:00,0.0,0.0,0.0,0.0,0.2,0.2,0.2,0.0,0.0,0.0,-2.7755575615628914e-17,1.1037704256202266e-18,-2.885934604124914e-17,65.0
136767,GUINEAINS,2020-12-15,0.2,0.2,0,2026-04-08T03:34:50.014046+00:00,0.0,0.0,0.0,0.0,0.2,0.2,0.2,0.0,0.0,0.0,-2.7755575615628914e-17,8.830163404961825e-19,-2.8638591956125096e-17,65.0
136872,GUINEAINS,2020-12-16,0.2,0.2,0,2026-04-08T03:34:52.260784+00:00,0.0,0.0,0.0,0.0,0.2,0.2,0.2,0.0,0.0,0.0,-2.7755575615628914e-17,7.064130723969448e-19,-2.846198868802586e-17,65.0
136977,GUINEAINS,2020-12-17,0.2,0.2,0,2026-04-08T03:34:54.700208+00:00,0.0,0.0,0.0,0.0,0.2,0.2,0.2,0.0,0.0,0.0,-2.7755575615628914e-17,5.65130457917557e-19,-2.832070607354647e-17,65.0
137082,GUINEAINS,2020-12-18,0.2,0.2,0,2026-04-08T03:34:57.404383+00:00,0.0,0.0,0.0,0.0,0.2,0.2,0.2,0.0,0.0,0.0,-2.7755575615628914e-17,4.521043663340456e-19,-2.820767998196296e-17,65.0
137187,GUINEAINS,2020-12-21,0.2,0.2,200,2026-04-08T03:35:01.74156+00:00,0.0,0.0,0.0,0.0,0.2,0.2,0.2,0.0,0.0,0.0,-2.7755575615628914e-17,3.6168349306723897e-19,-2.811725910869615e-17,10.0
137292,GUINEAINS,2020-12-22,0.2,0.2,2500,2026-04-08T03:35:04.087051+00:00,0.0,0.0,0.0,0.0,0.2,0.2,0.2,0.0,0.0,0.0,-2.7755575615628914e-17,2.8934679445378994e-19,-2.8044922410082703e-17,135.0
137397,GUINEAINS,2020-12-23,0.2,0.2,0,2026-04-08T03:35:06.465463+00:00,0.0,0.0,0.0,0.0,0.2,0.2,0.2,0.0,0.0,0.0,-2.7755575615628914e-17,2.3147743556303565e-19,-2.798705305119195e-17,135.0
137502,GUINEAINS,2020-12-24,0.2,0.2,0,2026-04-08T03:35:08.859517+00:00,0.0,0.0,0.0,0.0,0.2,0.2,0.2,0.0,0.0,0.0,-2.7755575615628914e-17,1.851819484504273e-19,-2.794075756407934e-17,135.0
137607,GUINEAINS,2020-12-29,0.2,0.2,0,2026-04-08T03:35:15.710612+00:00,0.0,0.0,0.0,0.0,0.2,0.2,0.2,0.0,0.0,0.0,-2.7755575615628914e-17,1.4814555876034306e-19,-2.7903721174389257e-17,135.0
137712,GUINEAINS,2020-12-30,0.2,0.2,0,2026-04-08T03:35:18.332825+00:00,0.0,0.0,0.0,0.0,0.2,0.2,0.2,0.0,0.0,0.0,-2.7755575615628914e-17,1.1851644700827815e-19,-2.787409206263719e-17,135.0
137817,GUINEAINS,2020-12-31,0.2,0.2,0,2026-04-08T03:35:20.721524+00:00,0.0,0.0,0.0,0.0,0.2,0.2,0.2,0.0,0.0,0.0,-2.7755575615628914e-17,9.481315760662375e-20,-2.785038877323554e-17,135.0
137922,GUINEAINS,2021-01-04,0.2,0.2,0,2026-04-08T03:35:26.376094+00:00,0.0,0.0,0.0,0.0,0.2,0.2,0.2,0.0,0.0,0.0,-2.7755575615628914e-17,7.5850526085299e-20,-2.783142614171421e-17,135.0
138027,GUINEAINS,2021-01-05,0.2,0.2,0,2026-04-08T03:35:29.033034+00:00,0.0,0.0,0.0,0.0,0.2,0.2,0.2,0.0,0.0,0.0,-2.7755575615628914e-17,6.068042086824043e-20,-2.7816256036497154e-17,135.0
138132,GUINEAINS,2021-01-06,0.2,0.2,2000,2026-04-08T03:35:31.424152+00:00,0.0,0.0,0.0,0.0,0.2,0.2,0.2,0.0,0.0,0.0,-2.7755575615628914e-17,4.8544336694596045e-20,-2.780411995232351e-17,235.0
138237,GUINEAINS,2021-01-07,0.2,0.2,0,2026-04-08T03:35:34.042283+00:00,0.0,0.0,0.0,0.0,0.2,0.2,0.2,0.0,0.0,0.0,-2.7755575615628914e-17,3.8835469355675603e-20,-2.779441108498459e-17,235.0
138342,GUINEAINS,2021-01-08,0.2,0.2,0,2026-04-08T03:35:36.489888+00:00,0.0,0.0,0.0,0.0,0.2,0.2,0.2,0.0,0.0,0.0,-2.7755575615628914e-17,3.106837548454048e-20,-2.7786643991113454e-17,235.0
138447,GUINEAINS,2021-01-11,0.2,0.2,0,2026-04-08T03:35:41.134484+00:00,0.0,0.0,0.0,0.0,0.2,0.2,0.2,0.0,0.0,0.0,-2.7755575615628914e-17,2.4854700387632386e-20,-2.7780430316016546e-17,235.0
138552,GUINEAINS,2021-01-12,0.2,0.2,0,2026-04-08T03:35:43.444525+00:00,0.0,0.0,0.0,0.0,0.2,0.2,0.2,0.0,0.0,0.0,-2.7755575615628914e-17,1.9883760310104676e-20,-2.777545937593902e-17,235.0
138657,GUINEAINS,2021-01-13,0.2,0.2,0,2026-04-08T03:35:45.752573+00:00,0.0,0.0,0.0,0.0,0.2,0.2,0.2,0.0,0.0,0.0,-2.7755575615628914e-17,1.590700824808744e-20,-2.7771482623877e-17,235.0
138762,GUINEAINS,2021-01-14,0.2,0.2,10300,2026-04-08T03:35:48.266873+00:00,0.0,0.0,0.0,0.0,0.2,0.2,0.2,0.0,0.0,0.0,-2.7755575615628914e-17,1.2725606598471184e-20,-2.7768301222227385e-17,750.0
138867,GUINEAINS,2021-01-15,0.2,0.2,0,2026-04-08T03:35:50.536305+00:00,0.0,0.0,0.0,0.0,0.2,0.2,0.2,0.0,0.0,0.0,-2.7755575615628914e-17,1.018048527877818e-20,-2.776575610090769e-17,750.0
138972,GUINEAINS,2021-01-18,0.2,0.2,6442086,2026-04-08T03:35:55.012207+00:00,0.0,0.0,0.0,0.0,0.2,0.2,0.2,0.0,0.0,0.0,-2.7755575615628914e-17,8.144388223022544e-21,-2.7763720003851936e-17,322854.3
139077,GUINEAINS,2021-01-19,0.22,0.22,1280250,2026-04-08T03:35:57.346792+00:00,9.999999999999986,0.0,0.0,0.0,0.20400000000000001,0.201,0.2004,2.2360679774997867,1.4142135623730931,99.99999999999986,0.0015954415954415602,0.0012763532763532704,0.00031908831908828984,386866.8
139182,GUINEAINS,2021-01-20,0.24,0.24,7210626,2026-04-08T03:35:59.785195+00:00,9.090909090909083,9.999999999999986,0.0,0.0,0.21200000000000002,0.203,0.20120000000000002,2.94172780954274,1.8917402197977744,99.99999999999994,0.00442269137425827,0.003282882444135984,0.0011398089301222858,747398.1
139287,GUINEAINS,2021-01-21,0.22,0.22,20984998,2026-04-08T03:36:02.057398+00:00,-8.333333333333325,9.090909090909083,0.0,0.0,0.21600000000000003,0.20400000000000001,0.2016,3.6004590404310974,2.257751110720477,64.16819012797073,0.004991930473054795,0.0030816972343460074,0.0019102332387087877,1796638.0
139392,GUINEAINS,2021-01-22,0.21,0.21,569022,2026-04-08T03:36:04.490813+00:00,-4.545454545454552,-8.333333333333325,0.0,0.0,0.21800000000000003,0.2045,0.2018,3.775410100210841,2.355966895272292,53.78993280679001,0.004583306627689632,0.002138458711184675,0.0024448479165049566,1824964.1
139497,GUINEAINS,2021-01-25,0.2,0.2,263500,2026-04-08T03:36:09.142175+00:00,-4.761904761904756,-4.545454545454552,0.0,0.0,0.21800000000000003,0.2045,0.20180000000000003,3.9424865927231774,2.455248040068758,45.81077637137317,0.003413207528013884,0.0007746876892071419,0.002638519838806742,1838139.1
139602,GUINEAINS,2021-01-26,0.2,0.2,60500,2026-04-08T03:36:11.477526+00:00,0.0,-4.761904761904756,9.999999999999986,0.0,0.21400000000000002,0.2045,0.2018,3.9424865927231774,2.455248040068758,45.81077637137317,0.0024575662672649268,-0.0001447628572334523,0.002602329124498379,1841164.1
139707,GUINEAINS,2021-01-27,0.22,0.22,678586,2026-04-08T03:36:13.916788+00:00,9.999999999999986,0.0,9.090909090909083,0.0,0.21000000000000002,0.20550000000000002,0.20220000000000002,4.524032863741338,2.831325561751431,59.68293982094008,0.0032762796240312086,0.0005391603996262638,0.002737119224404945,1875093.4
139812,GUINEAINS,2021-01-28,0.2,0.2,688683,2026-04-08T03:36:16.269205+00:00,-9.090909090909083,9.999999999999986,-8.333333333333325,0.0,0.20600000000000002,0.20550000000000002,0.2022,5.0146746657776475,3.1231827957400387,46.78494786868347,0.0022849435972921994,-0.0003617405016901965,0.002646684098982396,1909527.55
139917,GUINEAINS,2021-01-29,0.22,0.22,1009296,2026-04-08T03:36:18.603253+00:00,9.999999999999986,-9.090909090909083,-4.545454545454552,0.0,0.20800000000000002,0.2065,0.2026,5.479305424234869,3.4256402501859187,56.831621864043214,0.0030776581792226754,0.00034477926419222357,0.002732878915030452,1959992.35
140022,GUINEAINS,2021-02-01,0.2,0.2,838180,2026-04-08T03:36:23.094546+00:00,-9.090909090909083,9.999999999999986,-4.761904761904756,0.0,0.20800000000000002,0.2065,0.2026,5.894605479259315,3.671460739668388,47.22915757650881,0.002068216234248299,-0.0005317301446257222,0.0025999463788740212,2001901.35
140127,GUINEAINS,2021-02-02,0.2,0.2,2292860,2026-04-08T03:36:25.523135+00:00,0.0,-9.090909090909083,0.0,9.999999999999986,0.20800000000000002,0.2065,0.2026,5.894605479259315,3.671460739668388,47.22915757650881,0.0012537734997613015,-0.001076938303290176,0.0023307118030514774,2116544.35
140232,GUINEAINS,2021-02-03,0.2,0.2,1135820,2026-04-08T03:36:27.835035+00:00,0.0,0.0,9.999999999999986,9.090909090909083,0.20400000000000001,0.2065,0.2026,5.894605479259315,3.671460739668388,47.22915757650882,0.0006013893231716361,-0.0013834579839038731,0.001984847307075509,2173235.35
140337,GUINEAINS,2021-02-04,0.22,0.22,1100000,2026-04-08T03:36:30.225924+00:00,9.999999999999986,0.0,-9.090909090909083,-8.333333333333325,0.20800000000000002,0.20750000000000002,0.203,6.290814954727192,3.931023169702175,56.42487019061938,0.0016788502751521328,-0.0002447976255387013,0.001923647900690834,2228235.35
140442,GUINEAINS,2021-02-05,0.2,0.2,872670,2026-04-08T03:36:32.587221+00:00,-9.090909090909083,9.999999999999986,9.999999999999986,-4.545454545454552,0.20400000000000001,0.20750000000000002,0.203,6.658936536066952,4.147806950693442,47.509203990506386,0.0009084410463602033,-0.0008121654834645047,0.001720606529824708,2271868.85
140547,GUINEAINS,2021-02-08,0.2,0.2,1012279,2026-04-08T03:36:37.052653+00:00,0.0,-9.090909090909083,-9.090909090909083,-4.761904761904756,0.20400000000000001,0.20750000000000002,0.20300000000000004,6.658936536066952,4.147806950693442,47.50920399050639,0.0002944914677185384,-0.0011408920496849358,0.0014353835174034742,2322482.8
140652,GUINEAINS,2021-02-09,0.2,0.2,0,2026-04-08T03:36:39.468141+00:00,0.0,0.0,0.0,0.0,0.20400000000000001,0.20750000000000002,0.203,6.658936536066952,4.147806950693442,47.509203990506386,-0.0001898791875445116,-0.0013002101639583887,0.0011103309764138771,2322482.8
140757,GUINEAINS,2021-02-10,0.2,0.2,2845097,2026-04-08T03:36:41.836322+00:00,0.0,0.0,0.0,9.999999999999986,0.20400000000000001,0.20750000000000002,0.203,6.658936536066952,4.147806950693442,47.509203990506386,-0.000567208000784275,-0.001342031181758522,0.0007748231809742468,2464737.65
140862,GUINEAINS,2021-02-11,0.2,0.2,0,2026-04-08T03:36:44.255641+00:00,0.0,0.0,9.999999999999986,-9.090909090909083,0.2,0.20750000000000002,0.203,6.658936536066952,4.147806950693442,47.50920399050639,-0.0008563720795244367,-0.0013049562083989469,0.00044858412887451005,2464222.65
140967,GUINEAINS,2021-02-12,0.2,0.2,19968,2026-04-08T03:36:46.553737+00:00,0.0,0.0,-9.090909090909083,9.999999999999986,0.2,0.20750000000000002,0.203,6.658936536066952,4.147806950693442,47.509203990506386,-0.0010731659066909593,-0.0012174000284523754,0.00014423412176141616,2465221.05
141072,GUINEAINS,2021-02-15,0.2,0.2,447350,2026-04-08T03:36:50.983127+00:00,0.0,0.0,0.0,-9.090909090909083,0.2,0.20750000000000002,0.20300000000000004,6.658936536066952,4.147806950693442,47.509203990506386,-0.0012307888093805175,-0.0011000183449135469,-0.00013077046446697055,2165484.25
141177,GUINEAINS,2021-02-16,0.2,0.2,1564434,2026-04-08T03:36:53.929967+00:00,0.0,0.0,0.0,0.0,0.2,0.2065,0.203,6.247798640588577,4.147806950693442,47.50920399050639,-0.0013402564532611627,-0.0009675887910353537,-0.000372667662225809,2179693.45
141282,GUINEAINS,2021-02-17,0.2,0.2,828866,2026-04-08T03:36:56.762484+00:00,0.0,0.0,0.0,0.0,0.2,0.2045,0.203,5.847152784644348,4.147806950693442,47.509203990506386,-0.001410748123500838,-0.000830464369020023,-0.0005802837544808149,1860605.45
141387,GUINEAINS,2021-02-18,0.2,0.2,0,2026-04-08T03:36:59.321693+00:00,0.0,0.0,0.0,9.999999999999986,0.2,0.20350000000000001,0.203,5.568264878160182,4.147806950693442,47.50920399050639,-0.0014498997383780576,-0.0006956927871177943,-0.0007542069512602634,811355.55
141492,GUINEAINS,2021-02-19,0.2,0.2,0,2026-04-08T03:37:01.817881+00:00,0.0,0.0,0.0,-9.090909090909083,0.2,0.203,0.203,5.4791597266040375,4.147806950693442,47.509203990506386,-0.0014640510065767054,-0.0005678752442531535,-0.0008961757623235519,782904.45
141597,GUINEAINS,2021-02-22,0.2,0.2,0,2026-04-08T03:37:06.27808+00:00,0.0,0.0,0.0,0.0,0.2,0.203,0.203,5.3683378956279775,4.147806950693442,47.509203990506386,-0.0014584538405605363,-0.0004498224625895876,-0.0010086313779709487,769729.45
141702,GUINEAINS,2021-02-23,0.2,0.2,700026,2026-04-08T03:37:08.890934+00:00,0.0,0.0,0.0,0.0,0.2,0.20299999999999999,0.203,5.3683378956279775,4.147806950693442,47.50920399050639,-0.0014374480399431955,-0.0003430533295777974,-0.001094394710365398,801705.75
141807,GUINEAINS,2021-02-24,0.2,0.2,0,2026-04-08T03:37:11.490979+00:00,0.0,0.0,0.0,0.0,0.2,0.202,0.203,4.841102833241432,4.147806950693442,47.50920399050638,-0.001404609329602624,-0.00024817169538978064,-0.0011564376342128434,767776.45
141912,GUINEAINS,2021-02-25,0.2,0.2,0,2026-04-08T03:37:14.190372+00:00,0.0,0.0,0.0,0.0,0.2,0.202,0.203,4.383725686182016,4.147806950693442,47.509203990506386,-0.0013628740513630944,-0.00016514913372020056,-0.0011977249176428938,733342.3
142017,GUINEAINS,2021-02-26,0.2,0.2,0,2026-04-08T03:37:16.661186+00:00,0.0,0.0,0.0,0.0,0.2,0.201,0.203,3.713008063837544,4.147806950693442,47.509203990506386,-0.0013146441433251332,-9.353538054579155e-05,-0.0012211087627793417,682877.5
142122,GUINEAINS,2021-03-01,0.2,0.2,0,2026-04-08T03:37:22.522205+00:00,0.0,0.0,0.0,0.0,0.2,0.201,0.203,3.100112950277809,4.147806950693442,47.509203990506386,-0.0012618754786991038,-3.261337273580958e-05,-0.0012292621059632942,640968.5
142227,GUINEAINS,2021-03-02,0.2,0.2,12500,2026-04-08T03:37:25.400973+00:00,0.0,0.0,0.0,0.0,0.2,0.20099999999999998,0.203,3.100112950277809,4.147806950693442,47.509203990506386,-0.0012061521605026548,1.8487956368511485e-05,-0.0012246401168711663,526950.5
142332,GUINEAINS,2021-03-03,0.2,0.2,235000,2026-04-08T03:37:28.29584+00:00,0.0,0.0,0.0,0.0,0.2,0.201,0.203,3.100112950277809,4.147806950693442,47.50920399050639,-0.0011487489663543904,6.07129204134207e-05,-0.001209461886767811,481909.5
142437,GUINEAINS,2021-03-04,0.2,0.2,0,2026-04-08T03:37:30.865183+00:00,0.0,0.0,0.0,0.0,0.2,0.2,0.203,2.032789070454351,4.147806950693442,47.509203990506386,-0.0010906837975333539,9.502247138756586e-05,-0.0011857062689209197,426909.5
142542,GUINEAINS,2021-03-05,0.2,0.2,0,2026-04-08T03:37:35.032922+00:00,0.0,0.0,0.0,0.0,0.2,0.2,0.203,0.0,4.147806950693442,47.50920399050639,-0.0010327616989124766,0.00012235565600675455,-0.0011551173549192312,383276.0
142647,GUINEAINS,2021-03-08,0.2,0.2,20184739,2026-04-08T03:37:40.957406+00:00,0.0,0.0,0.0,0.0,0.2,0.2,0.203,0.0,4.147806950693442,47.50920399050639,-0.0009756117732247771,0.0001436044653555632,-0.0011192162385803403,1341899.0
142752,GUINEAINS,2021-03-09,0.2,0.2,0,2026-04-08T03:37:43.478318+00:00,0.0,0.0,0.0,0.0,0.2,0.2,0.203,0.0,4.147806950693442,47.50920399050639,-0.0009197181075352723,0.00015959850483605442,-0.0010793166123713267,1341899.0
142857,GUINEAINS,2021-03-10,0.2,0.2,200000,2026-04-08T03:37:46.075681+00:00,0.0,0.0,0.0,0.0,0.2,0.2,0.203,0.0,4.147806950693442,47.50920399050639,-0.0008654456559832602,0.00017109676511045321,-0.0010365424210937134,1209644.15
142962,GUINEAINS,2021-03-11,0.2,0.2,0,2026-04-08T03:37:49.142973+00:00,0.0,0.0,0.0,0.0,0.2,0.2,0.203,0.0,4.147806950693442,47.50920399050639,-0.0008130618759241703,0.00017878443613563453,-0.0009918463120598049,1209644.15
143067,GUINEAINS,2021-03-12,0.2,0.2,0,2026-04-08T03:37:51.827027+00:00,0.0,0.0,0.0,0.0,0.2,0.2,0.203,0.0,4.147806950693442,47.50920399050639,-0.000762754790397252,0.00018327321733004227,-0.0009460280077272943,1208645.75
143172,GUINEAINS,2021-03-15,0.2,0.2,0,2026-04-08T03:37:56.632273+00:00,0.0,0.0,0.0,0.0,0.2,0.2,0.203,0.0,4.147806950693442,47.50920399050638,-0.0007146480448659565,0.00018510397028907027,-0.0008997520151550267,1186278.25
143277,GUINEAINS,2021-03-16,0.2,0.2,0,2026-04-08T03:37:59.157483+00:00,0.0,0.0,0.0,0.0,0.2,0.2,0.203,0.0,4.147806950693442,47.50920399050639,-0.0006688134374569221,0.00018475086215848373,-0.0008535642996154059,1108056.55
143382,GUINEAINS,2021-03-17,0.2,0.2,0,2026-04-08T03:38:01.497417+00:00,0.0,0.0,0.0,0.0,0.2,0.2,0.203,0.0,4.147806950693442,47.509203990506386,-0.0006252813269517488,0.00018262637813092574,-0.0008079077050826745,1066613.25
143487,GUINEAINS,2021-03-18,0.2,0.2,0,2026-04-08T03:38:03.831621+00:00,0.0,0.0,0.0,0.0,0.2,0.2,0.203,0.0,4.147806950693442,47.50920399050639,-0.0005840492594396951,0.00017908675651438354,-0.0007631360159540786,1066613.25
143592,GUINEAINS,2021-03-19,0.2,0.2,0,2026-04-08T03:38:06.31825+00:00,0.0,0.0,0.0,0.0,0.2,0.2,0.203,0.0,4.147806950693442,47.50920399050639,-0.0005450891010249648,0.00017443753194329122,-0.000719526632968256,1066613.25
143697,GUINEAINS,2021-03-22,0.2,0.2,0,2026-04-08T03:38:11.081229+00:00,0.0,0.0,0.0,0.0,0.2,0.2,0.203,0.0,4.147806950693442,47.509203990506386,-0.0005083529187795421,0.0001689389713509711,-0.0006772918901305132,1066613.25
143802,GUINEAINS,2021-03-23,0.2,0.2,0,2026-04-08T03:38:13.396015+00:00,0.0,0.0,0.0,0.0,0.2,0.2,0.203,0.0,4.147806950693442,47.509203990506386,-0.00047377781395727125,0.00016281126093859366,-0.0006365890748958649,1031611.95
143907,GUINEAINS,2021-03-24,0.2,0.2,0,2026-04-08T03:38:15.81449+00:00,0.0,0.0,0.0,0.0,0.2,0.2,0.20300000000000004,0.0,4.147806950693442,47.50920399050639,-0.00044128987925085017,0.00015623935651601188,-0.000597529235766862,1031611.95
144012,GUINEAINS,2021-03-25,0.2,0.2,0,2026-04-08T03:38:18.283134+00:00,0.0,0.0,0.0,0.0,0.2,0.2,0.203,0.0,4.147806950693442,47.50920399050638,-0.00041080742466031994,0.0001493774488852337,-0.0005601848735455536,1031611.95
144117,GUINEAINS,2021-03-26,0.2,0.2,0,2026-04-08T03:38:20.746814+00:00,0.0,0.0,0.0,0.0,0.2,0.2,0.203,0.0,4.147806950693442,47.50920399050639,-0.00038224359357474924,0.0001423530239766435,-0.0005245966175513927,1031611.95
144222,GUINEAINS,2021-03-29,0.2,0.2,0,2026-04-08T03:38:25.159246+00:00,0.0,0.0,0.0,0.0,0.2,0.2,0.203,0.0,4.147806950693442,47.50920399050639,-0.00035550847128748564,0.0001352705170111257,-0.0004907789882986113,1031611.95
144327,GUINEAINS,2021-03-30,0.2,0.2,100000,2026-04-08T03:38:27.475529+00:00,0.0,0.0,0.0,0.0,0.2,0.2,0.2026,0.0,3.893169890928074,47.509203990506386,-0.0003305107718169775,0.00012821457318530708,-0.0004587253450022846,1035986.95
144432,GUINEAINS,2021-03-31,0.2,0.2,200,2026-04-08T03:38:29.710175+00:00,0.0,0.0,0.0,0.0,0.2,0.2,0.20180000000000003,0.0,3.6596727322678277,47.50920399050639,-0.00030715917511711655,0.00012125293590813449,-0.00042841211102525104,1024246.95
144537,GUINEAINS,2021-04-01,0.2,0.2,0,2026-04-08T03:38:32.086622+00:00,0.0,0.0,0.0,0.0,0.2,0.2,0.2014,0.0,3.471178202305071,47.509203990506386,-0.00028536337513723753,0.00011443898871041087,-0.0003998023638476484,1024246.95
144642,GUINEAINS,2021-04-06,0.2,0.2,500,2026-04-08T03:38:38.336109+00:00,0.0,0.0,0.0,0.0,0.2,0.2,0.20120000000000002,0.0,3.412243342246712,47.50920399050639,-0.00026503488939647046,0.0001078139795609424,-0.00037284886895741287,1024271.95
144747,GUINEAINS,2021-04-07,0.2,0.2,40000,2026-04-08T03:38:40.597593+00:00,0.0,0.0,0.0,0.0,0.2,0.2,0.20120000000000002,0.0,3.3435442638349033,47.50920399050639,-0.00024608767248390784,0.00010140895717880403,-0.00034749662966271187,17035.0
144852,GUINEAINS,2021-04-08,0.2,0.2,0,2026-04-08T03:38:43.050318+00:00,0.0,0.0,0.0,0.0,0.2,0.2,0.20120000000000002,0.0,3.3435442638349033,47.509203990506386,-0.00022843856894863568,9.524644857126098e-05,-0.00032368501751989665,17035.0
144957,GUINEAINS,2021-04-09,0.2,0.2,0,2026-04-08T03:38:45.381101+00:00,0.0,0.0,0.0,0.0,0.2,0.2,0.2008,0.0,3.019920370141727,47.509203990506386,-0.00021200763519366173,8.934190586098794e-05,-0.00030134954105464967,7035.0
145062,GUINEAINS,2021-04-12,0.2,0.2,0,2026-04-08T03:38:49.634064+00:00,0.0,0.0,0.0,0.0,0.2,0.2,0.2008,0.0,2.7301160194225247,47.509203990506386,-0.00019671835507004132,8.370494878768669e-05,-0.000280423303857728,7035.0
145167,GUINEAINS,2021-04-14,0.2,0.2,0,2026-04-08T03:38:53.291299+00:00,0.0,0.0,0.0,0.0,0.2,0.2,0.2004,0.0,2.3209358300054004,47.50920399050639,-0.0001824977697302277,7.83404273020003e-05,-0.000260838197032228,7035.0
145272,GUINEAINS,2021-04-15,0.2,0.2,0,2026-04-08T03:38:55.647647+00:00,0.0,0.0,0.0,0.0,0.2,0.2,0.20040000000000002,0.0,1.9305709167928526,47.509203990506386,-0.00016927653882603533,7.324932656495414e-05,-0.00024252586539098947,7035.0
145377,GUINEAINS,2021-04-16,0.2,0.2,0,2026-04-08T03:38:58.039758+00:00,0.0,0.0,0.0,0.0,0.2,0.2,0.2004,0.0,1.9305709167928526,47.509203990506386,-0.0001569889472192998,6.842953453735175e-05,-0.00022541848175665154,7035.0
145482,GUINEAINS,2021-04-19,0.2,0.2,0,2026-04-08T03:39:02.639407+00:00,0.0,0.0,0.0,0.0,0.2,0.2,0.20040000000000002,0.0,1.9305709167928526,47.509203990506386,-0.00014557286892663557,6.38764902640128e-05,-0.00020944935919064837,7035.0
145587,GUINEAINS,2021-04-20,0.2,0.2,0,2026-04-08T03:39:05.009889+00:00,0.0,0.0,0.0,0.0,0.2,0.2,0.2,0.0,1.2856486930664495,47.509203990506386,-0.00013496969796883418,5.958372897745136e-05,-0.00019455342694628554,7035.0
145692,GUINEAINS,2021-04-21,0.2,0.2,200000,2026-04-08T03:39:07.371999+00:00,0.0,0.0,0.0,0.0,0.2,0.2,0.2,0.0,0.0,47.509203990506386,-0.00012512425407915084,5.554333829370779e-05,-0.00018066759237285863,17035.0
145797,GUINEAINS,2021-04-22,0.2,0.2,0,2026-04-08T03:39:09.720023+00:00,0.0,0.0,0.0,0.0,0.2,0.2,0.2,0.0,0.0,47.50920399050638,-0.00011598466978862687,5.174633806738542e-05,-0.0001677310078560123,17035.0
145902,GUINEAINS,2021-04-26,0.2,0.2,0,2026-04-08T03:39:15.36746+00:00,0.0,0.0,0.0,0.0,0.2,0.2,0.2,0.0,0.0,47.509203990506386,-0.00010750226420730424,4.8182994918966434e-05,-0.00015568525912627068,17035.0
146007,GUINEAINS,2021-04-27,0.2,0.2,0,2026-04-08T03:39:17.695414+00:00,0.0,0.0,0.0,0.0,0.2,0.2,0.2,0.0,0.0,47.50920399050638,-9.963140782071056e-05,4.4843081044448094e-05,-0.00014447448886515865,17035.0
146112,GUINEAINS,2021-04-28,0.2,0.2,831963,2026-04-08T03:39:20.620007+00:00,0.0,0.0,0.0,0.0,0.2,0.2,0.2,0.0,0.0,47.509203990506386,-9.23293817876869e-05,4.171608566197742e-05,-0.00013404546744966433,58633.15
146217,GUINEAINS,2021-04-29,0.2,0.2,0,2026-04-08T03:39:22.905871+00:00,0.0,0.0,0.0,0.0,0.2,0.2,0.2,0.0,0.0,47.509203990506386,-8.555623453346262e-05,3.879138633296138e-05,-0.000124347620866424,58633.15
146322,GUINEAINS,2021-04-30,0.2,0.2,80000,2026-04-08T03:39:25.430976+00:00,0.0,0.0,0.0,0.0,0.2,0.2,0.2,0.0,0.0,47.509203990506386,-7.927463785808997e-05,3.605838640666723e-05,-0.0001153330242647572,62633.15
146427,GUINEAINS,2021-05-04,0.2,0.2,0,2026-04-08T03:39:31.322792+00:00,0.0,0.0,0.0,0.0,0.2,0.2,0.2,0.0,0.0,47.50920399050638,-7.344974430492646e-05,3.35066239678646e-05,-0.00010695636827279106,57633.15
146532,GUINEAINS,2021-05-05,0.2,0.2,0,2026-04-08T03:39:33.759587+00:00,0.0,0.0,0.0,0.0,0.2,0.2,0.2,0.0,0.0,47.509203990506386,-6.804904714158289e-05,3.112585690496655e-05,-9.917490404654944e-05,57623.15
146637,GUINEAINS,2021-05-06,0.2,0.2,0,2026-04-08T03:39:36.246061+00:00,0.0,0.0,0.0,0.0,0.2,0.2,0.2,0.0,0.0,47.509203990506386,-6.304224398348546e-05,2.8906128050451194e-05,-9.194837203393665e-05,57623.15
146742,GUINEAINS,2021-05-07,0.2,0.2,0,2026-04-08T03:39:38.47254+00:00,0.0,0.0,0.0,0.0,0.2,0.2,0.2,0.0,0.0,47.509203990506386,-5.8401104825633876e-05,2.6837813766642234e-05,-8.523891859227611e-05,57598.15
146847,GUINEAINS,2021-05-10,0.2,0.2,0,2026-04-08T03:39:42.886326+00:00,0.0,0.0,0.0,0.0,0.2,0.2,0.2,0.0,0.0,47.50920399050639,-5.409934503158853e-05,2.4911658848550064e-05,-7.90110038801386e-05,55598.15
146952,GUINEAINS,2021-05-11,0.2,0.2,0,2026-04-08T03:39:45.288668+00:00,0.0,0.0,0.0,0.0,0.2,0.2,0.2,0.0,0.0,47.50920399050638,-5.0112503654109464e-05,2.3118800180823312e-05,-7.323130383493278e-05,55598.15
147057,GUINEAINS,2021-05-14,0.2,0.2,0,2026-04-08T03:39:49.859206+00:00,0.0,0.0,0.0,0.0,0.2,0.2,0.2,0.0,0.0,47.509203990506386,-4.6417827319567007e-05,2.1450781212292616e-05,-6.786860853185962e-05,55598.15
147162,GUINEAINS,2021-05-17,0.2,0.2,0,2026-04-08T03:39:54.343913+00:00,0.0,0.0,0.0,0.0,0.2,0.2,0.2,0.0,0.0,47.509203990506386,-4.2994159794584874e-05,1.98995589898198e-05,-6.289371878440467e-05,55598.15
147267,GUINEAINS,2021-05-18,0.2,0.2,712855,2026-04-08T03:39:57.092526+00:00,0.0,0.0,0.0,0.0,0.2,0.2,0.2,0.0,0.0,47.50920399050639,-3.982183726311539e-05,1.8457505217031428e-05,-5.827934248014682e-05,91240.9
147372,GUINEAINS,2021-05-19,0.2,0.2,0,2026-04-08T03:39:59.433321+00:00,0.0,0.0,0.0,0.0,0.2,0.2,0.2,0.0,0.0,47.50920399050639,-3.688258927106447e-05,1.7117402567265878e-05,-5.399999183833035e-05,91240.9
147477,GUINEAINS,2021-05-20,0.2,0.2,0,2026-04-08T03:40:01.906518+00:00,0.0,0.0,0.0,0.0,0.2,0.2,0.2,0.0,0.0,47.5092039905064,-3.4159445239989594e-05,1.5872437278672608e-05,-5.00318825186622e-05,91240.9
147582,GUINEAINS,2021-05-21,0.2,0.2,0,2026-04-08T03:40:04.221824+00:00,0.0,0.0,0.0,0.0,0.2,0.2,0.2,0.0,0.0,47.50920399050639,-3.1636646409510805e-05,1.4716188887321121e-05,-4.6352835296831926e-05,91240.9
147687,GUINEAINS,2021-05-24,0.2,0.2,128280,2026-04-08T03:40:08.535937+00:00,0.0,0.0,0.0,0.0,0.2,0.2,0.2,0.0,0.0,47.5092039905064,-2.929956303623915e-05,1.3642617808474222e-05,-4.2942180844713374e-05,97654.9
147792,GUINEAINS,2021-05-25,0.2,0.2,0,2026-04-08T03:40:10.790359+00:00,0.0,0.0,0.0,0.0,0.2,0.2,0.2,0.0,0.0,47.509203990506386,-2.7134616655044574e-05,1.264605135173504e-05,-3.9780668006779614e-05,87654.9
147897,GUINEAINS,2021-05-26,0.2,0.2,0,2026-04-08T03:40:13.088105+00:00,0.0,0.0,0.0,0.0,0.2,0.2,0.2,0.0,0.0,47.509203990506386,-2.512920719222045e-05,1.1721168651647333e-05,-3.685037584386778e-05,87654.9
148002,GUINEAINS,2021-05-27,0.2,0.2,0,2026-04-08T03:40:15.774564+00:00,0.0,0.0,0.0,0.0,0.2,0.2,0.2,0.0,0.0,47.50920399050639,-2.3271644710609607e-05,1.086298490660654e-05,-3.413462961721615e-05,87654.9
148107,GUINEAINS,2021-05-28,0.2,0.2,0,2026-04-08T03:40:18.222614+00:00,0.0,0.0,0.0,0.0,0.2,0.2,0.2,0.0,0.0,47.5092039905064,-2.155108556164964e-05,1.0066835244453206e-05,-3.161792080610285e-05,87654.9
148212,GUINEAINS,2021-05-31,0.2,0.2,0,2026-04-08T03:40:23.651574+00:00,0.0,0.0,0.0,0.0,0.2,0.2,0.2,0.0,0.0,47.5092039905064,-1.9957472717740954e-05,9.328358470689516e-06,-2.928583118843047e-05,46056.75
148317,GUINEAINS,2021-06-01,0.2,0.2,0,2026-04-08T03:40:26.050454+00:00,0.0,0.0,0.0,0.0,0.2,0.2,0.2,0.0,0.0,47.5092039905064,-1.848148005978434e-05,8.643480902916906e-06,-2.7124960962701245e-05,46056.75
148422,GUINEAINS,2021-06-02,0.2,0.2,0,2026-04-08T03:40:28.576306+00:00,0.0,0.0,0.0,0.0,0.2,0.2,0.2,0.0,0.0,47.5092039905064,-1.7114460398287568e-05,8.008400451530946e-06,-2.5122860849818514e-05,42056.75
148527,GUINEAINS,2021-06-03,0.2,0.2,0,2026-04-08T03:40:31.001459+00:00,0.0,0.0,0.0,0.0,0.2,0.2,0.2,0.0,0.0,47.5092039905064,-1.5848397012269144e-05,7.419571070039494e-06,-2.326796808230864e-05,42056.75
148632,GUINEAINS,2021-06-04,0.2,0.2,0,2026-04-08T03:40:33.442796+00:00,0.0,0.0,0.0,0.0,0.2,0.2,0.2,0.0,0.0,47.5092039905064,-1.4675858495988292e-05,6.873687669056281e-06,-2.1549546165044573e-05,42056.75
148737,GUINEAINS,2021-06-07,0.2,0.2,2000,2026-04-08T03:40:37.732645+00:00,0.0,0.0,0.0,0.0,0.2,0.2,0.2,0.0,0.0,47.50920399050639,-1.3589956712634077e-05,6.367671561928397e-06,-1.9957628274562474e-05,42156.75
148842,GUINEAINS,2021-06-08,0.2,0.2,20,2026-04-08T03:40:40.102423+00:00,0.0,0.0,0.0,0.0,0.2,0.2,0.2,0.0,0.0,47.5092039905064,-1.2584307660573613e-05,5.89865649119109e-06,-1.8482964151764703e-05,42157.75
148947,GUINEAINS,2021-06-09,0.2,0.2,10000,2026-04-08T03:40:42.486352+00:00,0.0,0.0,0.0,0.0,0.2,0.2,0.2,0.0,0.0,47.5092039905064,-1.165299506808437e-05,5.4639752669442685e-06,-1.711697033502864e-05,42657.75
149052,GUINEAINS,2021-06-10,0.2,0.2,0,2026-04-08T03:40:45.029393+00:00,0.0,0.0,0.0,0.0,0.2,0.2,0.2,0.0,0.0,47.50920399050639,-1.0790536540433715e-05,5.06114703567594e-06,-1.5851683576109655e-05,42657.75
149157,GUINEAINS,2021-06-11,0.2,0.2,0,2026-04-08T03:40:47.465669+00:00,0.0,0.0,0.0,0.0,0.2,0.2,0.2,0.0,0.0,47.50920399050639,-9.991852092383624e-06,4.687865186980826e-06,-1.467971727936445e-05,42657.75
149262,GUINEAINS,2021-06-15,0.2,0.2,150,2026-04-08T03:40:53.415974+00:00,0.0,0.0,0.0,0.0,0.2,0.2,0.2,0.0,0.0,47.50920399050639,-9.25223490838567e-06,4.341985896783025e-06,-1.3594220805168695e-05,42665.25
149367,GUINEAINS,2021-06-16,0.2,0.2,0,2026-04-08T03:40:55.754681+00:00,0.0,0.0,0.0,0.0,0.2,0.2,0.2,0.0,0.0,47.509203990506386,-8.567324181252278e-06,4.021517299133135e-06,-1.2588841480385413e-05,7022.5
149473,GUINEAINS,2021-06-17,0.2,0.2,0,2026-04-08T03:40:58.172345+00:00,0.0,0.0,0.0,0.0,0.2,0.2,0.2,0.0,0.0,47.50920399050639,-7.93307988866676e-06,3.7246092733749213e-06,-1.1657689162041682e-05,7022.5
149579,GUINEAINS,2021-06-18,0.2,0.2,0,2026-04-08T03:41:00.479054+00:00,0.0,0.0,0.0,0.0,0.2,0.2,0.2,0.0,0.0,47.5092039905064,-7.345759375804173e-06,3.449543828990008e-06,-1.079530320479418e-05,7022.5
149685,GUINEAINS,2021-06-21,0.2,0.2,0,2026-04-08T03:41:05.049703+00:00,0.0,0.0,0.0,0.0,0.2,0.2,0.2,0.0,0.0,47.50920399050639,-6.801895619273912e-06,3.194726068416216e-06,-9.996621687690128e-06,7022.5
149792,GUINEAINS,2021-06-22,0.2,0.2,0,2026-04-08T03:41:07.444448+00:00,0.0,0.0,0.0,0.0,0.2,0.2,0.2,0.0,0.0,47.50920399050639,-6.298277056532298e-06,2.9586757049262645e-06,-9.256952761458562e-06,608.5
149899,GUINEAINS,2021-06-23,0.2,0.2,0,2026-04-08T03:41:09.819069+00:00,0.0,0.0,0.0,0.0,0.2,0.2,0.2,0.0,0.0,47.5092039905064,-5.831928871408154e-06,2.740019112040327e-06,-8.571947983448481e-06,608.5
150006,GUINEAINS,2021-06-24,0.2,0.2,1000,2026-04-08T03:41:12.2583+00:00,0.0,0.0,0.0,0.0,0.2,0.2,0.2,0.0,0.0,47.5092039905064,-5.400095633822932e-06,2.53748187970044e-06,-7.937577513523372e-06,658.5
150113,GUINEAINS,2021-06-25,0.2,0.2,0,2026-04-08T03:41:14.6351+00:00,0.0,0.0,0.0,0.0,0.2,0.2,0.2,0.0,0.0,47.50920399050639,-5.000225198281694e-06,2.3498818521933437e-06,-7.350107050475037e-06,658.5
150220,GUINEAINS,2021-06-28,0.2,0.2,0,2026-04-08T03:41:19.428749+00:00,0.0,0.0,0.0,0.0,0.2,0.2,0.2,0.0,0.0,47.50920399050641,-4.629953772178341e-06,2.176122622637357e-06,-6.806076394815698e-06,658.5
150327,GUINEAINS,2021-06-29,0.2,0.2,2220,2026-04-08T03:41:22.147646+00:00,0.0,0.0,0.0,0.0,0.2,0.2,0.2,0.0,0.0,47.5092039905064,-4.287092070565102e-06,2.0151874594004773e-06,-6.302279529965579e-06,769.5
150434,GUINEAINS,2021-06-30,0.2,0.2,0,2026-04-08T03:41:24.723581+00:00,0.0,0.0,0.0,0.0,0.2,0.2,0.2,0.0,0.0,47.50920399050639,-3.969612480170248e-06,1.866133639836265e-06,-5.835746120006513e-06,769.5
150541,GUINEAINS,2021-07-01,0.2,0.2,35,2026-04-08T03:41:27.253573+00:00,0.0,0.0,0.0,0.0,0.2,0.2,0.2,0.0,0.0,47.50920399050639,-3.6756371603052784e-06,1.7280871677609881e-06,-5.4037243280662665e-06,771.25
150648,GUINEAINS,2021-07-02,0.2,0.2,1250000,2026-04-08T03:41:29.882533+00:00,0.0,0.0,0.0,0.0,0.2,0.2,0.2,0.0,0.0,47.50920399050639,-3.40342701327101e-06,1.6002378518362059e-06,-5.003664865107216e-06,63271.25
150755,GUINEAINS,2021-07-05,0.2,0.2,100,2026-04-08T03:41:34.454391+00:00,0.0,0.0,0.0,0.0,0.2,0.2,0.2,0.0,0.0,47.50920399050639,-3.1513714620068356e-06,1.4818347224803044e-06,-4.63320618448714e-06,63276.25
150862,GUINEAINS,2021-07-06,0.2,0.2,1015,2026-04-08T03:41:36.982623+00:00,0.0,0.0,0.0,0.0,0.2,0.2,0.2,0.0,0.0,47.50920399050639,-2.917978976418878e-06,1.3721817664546097e-06,-4.290160742873488e-06,63227.0
150969,GUINEAINS,2021-07-07,0.2,0.2,600000,2026-04-08T03:41:39.307643+00:00,0.0,0.0,0.0,0.0,0.2,0.2,0.2,0.0,0.0,47.509203990506386,-2.7018682942359096e-06,1.270633958910063e-06,-3.972502253145973e-06,93226.0
151076,GUINEAINS,2021-07-08,0.2,0.2,0,2026-04-08T03:41:41.672436+00:00,0.0,0.0,0.0,0.0,0.2,0.2,0.2,0.0,0.0,47.5092039905064,-2.5017602863219857e-06,1.1765935734591899e-06,-3.6783538597811755e-06,92726.0
151184,GUINEAINS,2021-07-09,0.2,0.2,0,2026-04-08T03:41:44.186247+00:00,0.0,0.0,0.0,0.0,0.2,0.2,0.2,0.0,0.0,47.50920399050639,-2.3164704193168184e-06,1.089506752371486e-06,-3.4059771716883044e-06,92726.0
151292,GUINEAINS,2021-07-12,0.2,0.2,0,2026-04-08T03:41:48.615121+00:00,0.0,0.0,0.0,0.0,0.2,0.2,0.2,0.0,0.0,47.5092039905064,-2.1449017723051966e-06,1.0088603195064863e-06,-3.153762091811683e-06,92726.0
151400,GUINEAINS,2021-07-13,0.2,0.2,500230,2026-04-08T03:41:50.993586+00:00,0.0,0.0,0.0,0.0,0.2,0.2,0.2,0.0,0.0,47.509203990506386,-1.986038567103332e-06,9.341788197666807e-07,-2.9202173868700127e-06,117730.0
151508,GUINEAINS,2021-07-14,0.2,0.2,140,2026-04-08T03:41:53.268+00:00,0.0,0.0,0.0,0.0,0.2,0.2,0.2,0.0,0.0,47.50920399050639,-1.8389401748031275e-06,8.650217696535086e-07,-2.703961944456636e-06,117737.0
151616,GUINEAINS,2021-07-15,0.2,0.2,2867,2026-04-08T03:41:55.50175+00:00,0.0,0.0,0.0,0.0,0.2,0.2,0.2,0.0,0.0,47.509203990506386,-1.7027355634635644e-06,8.009811047944577e-07,-2.503716668258022e-06,117880.35
151724,GUINEAINS,2021-07-16,0.2,0.2,1261104,2026-04-08T03:41:57.978751+00:00,0.0,0.0,0.0,0.0,0.2,0.2,0.2,0.0,0.0,47.5092039905064,-1.5766181550025404e-06,7.416788106043856e-07,-2.318296965606926e-06,180935.55
151832,GUINEAINS,2021-07-19,0.2,0.2,5450,2026-04-08T03:42:02.439681+00:00,0.0,0.0,0.0,0.0,0.2,0.2,0.2,0.0,0.0,47.50920399050639,-1.4598410611188495e-06,6.867647235904611e-07,-2.1466057847093106e-06,181208.05
151940,GUINEAINS,2021-07-22,0.2,0.2,1204519,2026-04-08T03:42:06.938387+00:00,0.0,0.0,0.0,0.0,0.2,0.2,0.2,0.0,0.0,47.5092039905064,-1.3517126706275029e-06,6.359144912654464e-07,-1.9876271618929493e-06,241434.0
152048,GUINEAINS,2021-07-23,0.2,0.2,0,2026-04-08T03:42:09.224536+00:00,0.0,0.0,0.0,0.0,0.2,0.2,0.2,0.0,0.0,47.5092039905064,-1.2515925621736645e-06,5.888276797754279e-07,-1.8404202419490924e-06,241434.0
152156,GUINEAINS,2021-07-26,0.2,0.2,0,2026-04-08T03:42:13.888963+00:00,0.0,0.0,0.0,0.0,0.2,0.2,0.2,0.0,0.0,47.50920399050639,-1.1588877186774482e-06,5.452260186173155e-07,-1.7041137372947637e-06,241384.0
152264,GUINEAINS,2021-07-27,0.2,0.2,0,2026-04-08T03:42:16.300026+00:00,0.0,0.0,0.0,0.0,0.2,0.2,0.2,0.0,0.0,47.50920399050639,-1.0730490211385835e-06,5.048517729249443e-07,-1.5779007940635278e-06,241384.0
152372,GUINEAINS,2021-07-28,0.2,0.2,0,2026-04-08T03:42:18.733972+00:00,0.0,0.0,0.0,0.0,0.2,0.2,0.2,0.0,0.0,47.50920399050639,-9.935680014561132e-07,4.674662340859318e-07,-1.461034235542045e-06,241384.0
152480,GUINEAINS,2021-07-29,0.2,0.2,0,2026-04-08T03:42:21.196071+00:00,0.0,0.0,0.0,0.0,0.2,0.2,0.2,0.0,0.0,47.5092039905064,-9.199738350007536e-07,4.328483204330334e-07,-1.352822155433787e-06,241273.0
152588,GUINEAINS,2021-07-30,0.2,0.2,22000,2026-04-08T03:42:23.780537+00:00,0.0,0.0,0.0,0.0,0.2,0.2,0.2,0.0,0.0,47.5092039905064,-8.518305554816585e-07,4.007932799617027e-07,-1.2526238354433612e-06,242373.0
152696,GUINEAINS,2021-08-02,0.2,0.2,0,2026-04-08T03:42:28.457705+00:00,0.0,0.0,0.0,0.0,0.2,0.2,0.2,0.0,0.0,47.5092039905064,-7.887344754542447e-07,3.7111148799129323e-07,-1.159845963445538e-06,242371.25
152804,GUINEAINS,2021-08-03,0.2,0.2,0,2026-04-08T03:42:31.094462+00:00,0.0,0.0,0.0,0.0,0.2,0.2,0.2,0.0,0.0,47.50920399050639,-7.303117976475981e-07,3.436273326383518e-07,-1.07393913028595e-06,179871.25
152912,GUINEAINS,2021-08-04,0.2,0.2,0,2026-04-08T03:42:33.531563+00:00,0.0,0.0,0.0,0.0,0.2,0.2,0.2,0.0,0.0,47.5092039905064,-6.762164027895867e-07,3.181781819970907e-07,-9.943945847866774e-07,179866.25
153020,GUINEAINS,2021-08-05,0.2,0.2,15000,2026-04-08T03:42:35.917081+00:00,0.0,0.0,0.0,0.0,0.2,0.2,0.2,0.0,0.0,47.50920399050639,-6.261278011066018e-07,2.9461342694406047e-07,-9.207412280506623e-07,180565.5
153128,GUINEAINS,2021-08-06,0.2,0.2,0,2026-04-08T03:42:38.23616+00:00,0.0,0.0,0.0,0.0,0.2,0.2,0.2,0.0,0.0,47.50920399050639,-5.797492351189426e-07,2.727935943453758e-07,-8.525428294643184e-07,150565.5
153236,GUINEAINS,2021-08-09,0.2,0.2,0,2026-04-08T03:42:42.878342+00:00,0.0,0.0,0.0,0.0,0.2,0.2,0.2,0.0,0.0,47.50920399050639,-5.368059228794131e-07,2.525895252679243e-07,-7.893954481473374e-07,150565.5
153344,GUINEAINS,2021-08-10,0.2,0.2,73400,2026-04-08T03:42:45.264053+00:00,0.0,0.0,0.0,0.0,0.2,0.2,0.2,0.0,0.0,47.50920399050639,-4.970434312745464e-07,2.3388161349823283e-07,-7.309250447727792e-07,154235.5
153452,GUINEAINS,2021-08-12,0.2,0.2,0,2026-04-08T03:42:48.762656+00:00,0.0,0.0,0.0,0.0,0.2,0.2,0.2,0.0,0.0,47.50920399050639,-4.6022616939644934e-07,2.1655910030106393e-07,-6.767852696975133e-07,154235.5
153560,GUINEAINS,2021-08-13,0.2,0.2,3000,2026-04-08T03:42:51.120096+00:00,0.0,0.0,0.0,0.0,0.2,0.2,0.2,0.0,0.0,47.509203990506386,-4.2613599363083843e-07,2.0051942085333991e-07,-6.266554144841783e-07,129374.0
153668,GUINEAINS,2021-08-16,0.2,0.2,1000,2026-04-08T03:42:55.556429+00:00,0.0,0.0,0.0,0.0,0.2,0.2,0.2,0.0,0.0,47.50920399050639,-3.945709158292843e-07,1.8566759892391534e-07,-5.802385147531996e-07,129417.0
153776,GUINEAINS,2021-08-17,0.2,0.2,0,2026-04-08T03:42:57.870214+00:00,0.0,0.0,0.0,0.0,0.2,0.2,0.2,0.0,0.0,47.50920399050639,-3.6534390712716913e-07,1.7191568610082438e-07,-5.372595932279935e-07,129273.65
153884,GUINEAINS,2021-08-18,0.2,0.2,0,2026-04-08T03:43:00.318272+00:00,0.0,0.0,0.0,0.0,0.2,0.2,0.2,0.0,0.0,47.50920399050639,-3.382817902186641e-07,1.5918224240746356e-07,-4.974640326261277e-07,66218.45
153992,GUINEAINS,2021-08-19,0.2,0.2,47300,2026-04-08T03:43:02.743698+00:00,0.0,0.0,0.0,0.0,0.2,0.2,0.2,0.0,0.0,47.50920399050639,-3.1322421384372134e-07,1.473918550259251e-07,-4.6061606886964643e-07,68310.95
154100,GUINEAINS,2021-08-20,0.2,0.2,2500,2026-04-08T03:43:05.111187+00:00,0.0,0.0,0.0,0.0,0.2,0.2,0.2,0.0,0.0,47.50920399050639,-2.900227028534985e-07,1.3647469281291836e-07,-4.2649739566641687e-07,8210.0
154208,GUINEAINS,2021-08-23,0.2,0.2,21000,2026-04-08T03:43:09.725908+00:00,0.0,0.0,0.0,0.0,0.2,0.2,0.2,0.0,0.0,47.50920399050639,-2.685397788027011e-07,1.2636609349097264e-07,-3.949058722936737e-07,9260.0
154316,GUINEAINS,2021-08-24,0.2,0.2,72000,2026-04-08T03:43:12.031989+00:00,0.0,0.0,0.0,0.0,0.2,0.2,0.2,0.0,0.0,47.50920399050639,-2.486481456842604e-07,1.1700618128753066e-07,-3.6565432697179107e-07,12860.0
154424,GUINEAINS,2021-08-25,0.2,0.2,36500,2026-04-08T03:43:14.375004+00:00,0.0,0.0,0.0,0.0,0.2,0.2,0.2,0.0,0.0,47.509203990506386,-2.302299357548332e-07,1.0833951297356633e-07,-3.3856944872839953e-07,14685.0
154532,GUINEAINS,2021-08-26,0.2,0.2,1945,2026-04-08T03:43:16.860503+00:00,0.0,0.0,0.0,0.0,0.2,0.2,0.2,0.0,0.0,47.509203990506386,-2.131760113155412e-07,1.003147499302867e-07,-3.134907612458279e-07,14782.25
154640,GUINEAINS,2021-08-27,0.2,0.2,25000,2026-04-08T03:43:19.247601+00:00,0.0,0.0,0.0,0.0,0.2,0.2,0.2,0.0,0.0,47.50920399050638,-1.9738531825685968e-07,9.288435439117463e-08,-2.902696726480343e-07,16032.25
154748,GUINEAINS,2021-08-30,0.2,0.2,100000,2026-04-08T03:43:23.756871+00:00,0.0,0.0,0.0,0.0,0.2,0.2,0.2,0.0,0.0,47.509203990506386,-1.827642873153401e-07,8.60043082661554e-08,-2.687685955814955e-07,19932.25
154856,GUINEAINS,2021-08-31,0.2,0.2,5000,2026-04-08T03:43:26.203018+00:00,0.0,0.0,0.0,0.0,0.2,0.2,0.2,0.0,0.0,47.50920399050639,-1.6922627973925408e-07,7.963385267379314e-08,-2.488601324130472e-07,20182.25
154964,GUINEAINS,2021-09-01,0.2,0.2,5200,2026-04-08T03:43:28.430514+00:00,0.0,0.0,0.0,0.0,0.2,0.2,0.2,0.0,0.0,47.509203990506386,-1.5669107403248894e-07,7.373524670444663e-08,-2.3042632073693558e-07,20442.25
155072,GUINEAINS,2021-09-02,0.2,0.2,0,2026-04-08T03:43:30.63423+00:00,0.0,0.0,0.0,0.0,0.2,0.2,0.2,0.0,0.0,47.509203990506386,-1.45084390668071e-07,6.827354405509166e-08,-2.1335793472316266e-07,20442.25
155180,GUINEAINS,2021-09-03,0.2,0.2,4500,2026-04-08T03:43:33.173741+00:00,0.0,0.0,0.0,0.0,0.2,0.2,0.2,0.0,0.0,47.50920399050639,-1.3433745194024738e-07,6.321638622633226e-08,-1.9755383816657963e-07,19917.25
155288,GUINEAINS,2021-09-06,0.2,0.2,0,2026-04-08T03:43:37.566628+00:00,0.0,0.0,0.0,0.0,0.2,0.2,0.2,0.0,0.0,47.50920399050638,-1.243865745403916e-07,5.8533810900950445e-08,-1.8292038544134204e-07,19917.25
155396,GUINEAINS,2021-09-07,0.2,0.2,500,2026-04-08T03:43:39.870652+00:00,0.0,0.0,0.0,0.0,0.2,0.2,0.2,0.0,0.0,47.509203990506386,-1.151727922477086e-07,5.4198074554906766e-08,-1.6937086680261537e-07,19942.25
155504,GUINEAINS,2021-09-08,0.2,0.2,0,2026-04-08T03:43:42.125577+00:00,0.0,0.0,0.0,0.0,0.2,0.2,0.2,0.0,0.0,47.509203990506386,-1.0664150651429338e-07,5.01834882306576e-08,-1.5682499474495098e-07,16272.25
155612,GUINEAINS,2021-09-09,0.2,0.2,650,2026-04-08T03:43:44.739177+00:00,0.0,0.0,0.0,0.0,0.2,0.2,0.2,0.0,0.0,47.509203990506386,-9.8742162918386e-08,4.6466265461252e-08,-1.45208428379638e-07,16304.75
155720,GUINEAINS,2021-09-10,0.2,0.2,5000,2026-04-08T03:43:47.339386+00:00,0.0,0.0,0.0,0.0,0.2,0.2,0.2,0.0,0.0,47.50920399050639,-9.142795170946627e-08,4.302438133613738e-08,-1.3445233304560365e-07,16404.75
155828,GUINEAINS,2021-09-13,0.2,0.2,100,2026-04-08T03:43:51.822078+00:00,0.0,0.0,0.0,0.0,0.2,0.2,0.2,0.0,0.0,47.509203990506386,-8.465553036351992e-08,3.983744214566701e-08,-1.2449297250918693e-07,16359.75
155936,GUINEAINS,2021-09-14,0.2,0.2,0,2026-04-08T03:43:54.260371+00:00,0.0,0.0,0.0,0.0,0.2,0.2,0.2,0.0,0.0,47.509203990506386,-7.838476684396412e-08,3.6886564532178265e-08,-1.1527133137614238e-07,16359.75
156044,GUINEAINS,2021-09-15,0.2,0.2,80000,2026-04-08T03:43:56.896801+00:00,0.0,0.0,0.0,0.0,0.2,0.2,0.2,0.0,0.0,47.50920399050639,-7.257850179187564e-08,3.415426366741341e-08,-1.0673276545928905e-07,20359.75
156152,GUINEAINS,2021-09-16,0.2,0.2,0,2026-04-08T03:43:59.227477+00:00,0.0,0.0,0.0,0.0,0.2,0.2,0.2,0.0,0.0,47.509203990506386,-6.72023283132539e-08,3.1624349716828116e-08,-9.882667803008202e-08,17994.75
156260,GUINEAINS,2021-09-20,0.2,0.2,200,2026-04-08T03:44:04.993721+00:00,0.0,0.0,0.0,0.0,0.2,0.2,0.2,0.0,0.0,47.50920399050639,-6.222438805880692e-08,2.9281831977020085e-08,-9.150622003582701e-08,17879.75
156368,GUINEAINS,2021-09-21,0.2,0.2,0,2026-04-08T03:44:07.727357+00:00,0.0,0.0,0.0,0.0,0.2,0.2,0.2,0.0,0.0,47.50920399050639,-5.761518256930387e-08,2.7112829973218517e-08,-8.472801254252239e-08,16829.75
156476,GUINEAINS,2021-09-22,0.2,0.2,0,2026-04-08T03:44:10.239254+00:00,0.0,0.0,0.0,0.0,0.2,0.2,0.2,0.0,0.0,47.509203990506386,-5.334739844320424e-08,2.5104491279454518e-08,-7.845188972265876e-08,13229.75
156584,GUINEAINS,2021-09-23,0.2,0.2,0,2026-04-08T03:44:12.661605+00:00,0.0,0.0,0.0,0.0,0.2,0.2,0.2,0.0,0.0,47.509203990506386,-4.939574535511859e-08,2.324491549403213e-08,-7.264066084915072e-08,11404.75
156692,GUINEAINS,2021-09-24,0.2,0.2,4300,2026-04-08T03:44:15.34542+00:00,0.0,0.0,0.0,0.0,0.2,0.2,0.2,0.0,0.0,47.509203990506386,-4.5736806369989225e-08,2.1523083583329194e-08,-6.725988995331842e-08,11522.5
156800,GUINEAINS,2021-09-27,0.2,0.2,0,2026-04-08T03:44:19.850483+00:00,0.0,0.0,0.0,0.0,0.2,0.2,0.2,0.0,0.0,47.50920399050639,-4.234889913745654e-08,1.9928792652689502e-08,-6.227769179014604e-08,10272.5
156908,GUINEAINS,2021-09-28,0.2,0.2,0,2026-04-08T03:44:22.678655+00:00,0.0,0.0,0.0,0.0,0.2,0.2,0.2,0.0,0.0,47.50920399050639,-3.921194730027722e-08,1.8452595591895063e-08,-5.766454289217228e-08,5272.5
157016,GUINEAINS,2021-09-29,0.2,0.2,0,2026-04-08T03:44:25.133662+00:00,0.0,0.0,0.0,0.0,0.2,0.2,0.2,0.0,0.0,47.50920399050639,-3.6307361728216136e-08,1.708574493116492e-08,-5.339310665938106e-08,5022.5
157124,GUINEAINS,2021-09-30,0.2,0.2,0,2026-04-08T03:44:27.471646+00:00,0.0,0.0,0.0,0.0,0.2,0.2,0.2,0.0,0.0,47.509203990506386,-3.361793016187775e-08,1.5820141198002647e-08,-4.94380713598804e-08,4762.5
157232,GUINEAINS,2021-10-04,0.2,0.2,2000,2026-04-08T03:44:32.876267+00:00,0.0,0.0,0.0,0.0,0.2,0.2,0.2,0.0,0.0,47.50920399050639,-3.112771534974357e-08,1.4648284808109465e-08,-4.577600015785303e-08,4862.5
157340,GUINEAINS,2021-10-05,0.2,0.2,0,2026-04-08T03:44:35.445743+00:00,0.0,0.0,0.0,0.0,0.2,0.2,0.2,0.0,0.0,47.50920399050639,-2.8821960540437175e-08,1.3563231693932693e-08,-4.238519223436987e-08,4637.5
157448,GUINEAINS,2021-10-06,0.2,0.2,0,2026-04-08T03:44:37.876116+00:00,0.0,0.0,0.0,0.0,0.2,0.2,0.2,0.0,0.0,47.50920399050639,-2.668700210817221e-08,1.2558552100958131e-08,-3.924555420913034e-08,4637.5
157556,GUINEAINS,2021-10-07,0.2,0.2,0,2026-04-08T03:44:40.206594+00:00,0.0,0.0,0.0,0.0,0.2,0.2,0.2,0.0,0.0,47.50920399050639,-2.4710188450960402e-08,1.1628292606535952e-08,-3.6338481057496354e-08,4612.5
157664,GUINEAINS,2021-10-08,0.2,0.2,16000,2026-04-08T03:44:42.63936+00:00,0.0,0.0,0.0,0.0,0.2,0.2,0.2,0.0,0.0,47.50920399050639,-2.2879805244846452e-08,1.0766940650119923e-08,-3.3646745894966375e-08,5412.5
157772,GUINEAINS,2021-10-11,0.2,0.2,2503,2026-04-08T03:44:47.21782+00:00,0.0,0.0,0.0,0.0,0.2,0.2,0.2,0.0,0.0,47.509203990506386,-2.11850058051688e-08,9.969392071838063e-09,-3.115439787700686e-08,5505.15
157880,GUINEAINS,2021-10-12,0.2,0.2,1000,2026-04-08T03:44:49.55017+00:00,0.0,0.0,0.0,0.0,0.2,0.2,0.2,0.0,0.0,47.50920399050639,-1.9615746943424384e-08,9.230920746865984e-09,-2.8846667690290367e-08,5305.15
157988,GUINEAINS,2021-10-13,0.2,0.2,0,2026-04-08T03:44:52.157785+00:00,0.0,0.0,0.0,0.0,0.2,0.2,0.2,0.0,0.0,47.50920399050638,-1.8162729348292217e-08,8.547150673598523e-09,-2.670988002189074e-08,5300.15
158096,GUINEAINS,2021-10-14,0.2,0.2,0,2026-04-08T03:44:54.53471+00:00,0.0,0.0,0.0,0.0,0.2,0.2,0.2,0.0,0.0,47.509203990506386,-1.6817342574082517e-08,7.91402995824658e-09,-2.4731372532329096e-08,5300.15
158204,GUINEAINS,2021-10-15,0.2,0.2,0,2026-04-08T03:44:56.91657+00:00,0.0,0.0,0.0,0.0,0.2,0.2,0.2,0.0,0.0,47.509203990506386,-1.557161397047757e-08,7.327806849481219e-09,-2.289942081995879e-08,1300.15
158313,GUINEAINS,2021-10-18,0.2,0.2,5300,2026-04-08T03:45:01.595863+00:00,0.0,0.0,0.0,0.0,0.2,0.2,0.2,0.0,0.0,47.509203990506386,-1.4418161498053195e-08,6.785007457524479e-09,-2.1203168955577674e-08,1565.15
158422,GUINEAINS,2021-10-20,0.2,0.2,500,2026-04-08T03:45:05.471144+00:00,0.0,0.0,0.0,0.0,0.2,0.2,0.2,0.0,0.0,47.50920399050639,-1.3350149902224828e-08,6.282415242682278e-09,-1.9632565144907106e-08,1580.15
158531,GUINEAINS,2021-10-21,0.2,0.2,300,2026-04-08T03:45:08.008029+00:00,0.0,0.0,0.0,0.0,0.2,0.2,0.2,0.0,0.0,47.50920399050639,-1.2361250217862718e-08,5.817051941635511e-09,-1.817830215949823e-08,1595.15
158638,GUINEAINS,2021-10-22,0.2,0.2,0,2026-04-08T03:45:10.474564+00:00,0.0,0.0,0.0,0.0,0.2,0.2,0.2,0.0,0.0,47.509203990506386,-1.1445602299264834e-08,5.386159888186715e-09,-1.683176218745155e-08,1595.15
158747,GUINEAINS,2021-10-25,0.2,0.2,14600,2026-04-08T03:45:15.28358+00:00,0.0,0.0,0.0,0.0,0.2,0.2,0.2,0.0,0.0,47.509203990506386,-1.059778012568735e-08,4.987185649411359e-09,-1.558496577509871e-08,2325.15
158856,GUINEAINS,2021-10-26,0.2,0.2,0,2026-04-08T03:45:17.74539+00:00,0.0,0.0,0.0,0.0,0.2,0.2,0.2,0.0,0.0,47.50920399050639,-9.812759577121355e-09,4.617764958381885e-09,-1.443052453550324e-08,2110.15
158965,GUINEAINS,2021-10-27,0.2,0.2,0,2026-04-08T03:45:20.303823+00:00,0.0,0.0,0.0,0.0,0.2,0.2,0.2,0.0,0.0,47.5092039905064,-9.085888652560214e-09,4.275708706354421e-09,-1.3361597358914635e-08,2110.15
159074,GUINEAINS,2021-10-28,0.2,0.2,0,2026-04-08T03:45:22.610226+00:00,0.0,0.0,0.0,0.0,0.2,0.2,0.2,0.0,0.0,47.509203990506386,-8.412859991979715e-09,3.958989893547936e-09,-1.2371849885527651e-08,2110.15
159183,GUINEAINS,2021-10-29,0.2,0.2,2000,2026-04-08T03:45:25.013779+00:00,0.0,0.0,0.0,0.0,0.2,0.2,0.2,0.0,0.0,47.509203990506386,-7.78968525794177e-09,3.665731702068706e-09,-1.1455416960010476e-08,2210.15
159292,GUINEAINS,2021-11-01,0.2,0.2,0,2026-04-08T03:45:29.747778+00:00,0.0,0.0,0.0,0.0,0.2,0.2,0.2,0.0,0.0,47.509203990506386,-7.212671598866294e-09,3.3941962889153465e-09,-1.060686788778164e-08,2210.15
159401,GUINEAINS,2021-11-02,0.2,0.2,3551,2026-04-08T03:45:32.292585+00:00,0.0,0.0,0.0,0.0,0.2,0.2,0.2,0.0,0.0,47.509203990506386,-6.678399694370896e-09,3.142774554728595e-09,-9.82117424909949e-09,2287.7
159510,GUINEAINS,2021-11-03,0.2,0.2,0,2026-04-08T03:45:34.604091+00:00,0.0,0.0,0.0,0.0,0.2,0.2,0.2,0.0,0.0,47.509203990506386,-6.183703493700676e-09,2.9099766043190525e-09,-9.093680098019729e-09,2287.7
159619,GUINEAINS,2021-11-04,0.2,0.2,0,2026-04-08T03:45:37.086301+00:00,0.0,0.0,0.0,0.0,0.2,0.2,0.2,0.0,0.0,47.509203990506386,-5.725651425203537e-09,2.694422938252954e-09,-8.420074363456491e-09,2287.7
159728,GUINEAINS,2021-11-05,0.2,0.2,0,2026-04-08T03:45:39.522081+00:00,0.0,0.0,0.0,0.0,0.2,0.2,0.2,0.0,0.0,47.509203990506386,-5.301529132362148e-09,2.494836184875475e-09,-7.796365317237623e-09,2287.7
159837,GUINEAINS,2021-11-08,0.2,0.2,3020,2026-04-08T03:45:44.061968+00:00,0.0,0.0,0.0,0.0,0.2,0.2,0.2,0.0,0.0,47.509203990506386,-4.908823320048938e-09,2.3100335977509485e-09,-7.218856917799887e-09,1638.7
159946,GUINEAINS,2021-11-10,0.2,0.2,1200,2026-04-08T03:45:47.530577+00:00,0.0,0.0,0.0,0.0,0.2,0.2,0.2,0.0,0.0,47.50920399050639,-4.54520679427084e-09,2.1389200988232383e-09,-6.684126893094078e-09,1573.55
160055,GUINEAINS,2021-11-11,0.2,0.2,4000,2026-04-08T03:45:49.990111+00:00,0.0,0.0,0.0,0.0,0.2,0.2,0.2,0.0,0.0,47.509203990506386,-4.2085248341816595e-09,1.9804816471299354e-09,-6.189006481311595e-09,1723.55
160164,GUINEAINS,2021-11-12,0.2,0.2,1400,2026-04-08T03:45:52.531373+00:00,0.0,0.0,0.0,0.0,0.2,0.2,0.2,0.0,0.0,47.509203990506386,-3.89678228573942e-09,1.8337793564577404e-09,-5.73056164219716e-09,1793.55
160273,GUINEAINS,2021-11-15,0.2,0.2,0,2026-04-08T03:45:57.041913+00:00,0.0,0.0,0.0,0.0,0.2,0.2,0.2,0.0,0.0,47.509203990506386,-3.608131737831144e-09,1.6979439234928129e-09,-5.306075661323957e-09,1793.55
160382,GUINEAINS,2021-11-17,0.2,0.2,0,2026-04-08T03:46:00.536124+00:00,0.0,0.0,0.0,0.0,0.2,0.2,0.2,0.0,0.0,47.509203990506386,-3.3408627253539436e-09,1.5721703487760106e-09,-4.913033074129954e-09,1793.55
160491,GUINEAINS,2021-11-18,0.2,0.2,5800,2026-04-08T03:46:03.012698+00:00,0.0,0.0,0.0,0.0,0.2,0.2,0.2,0.0,0.0,47.509203990506386,-3.093391431896464e-09,1.4557133137867925e-09,-4.5491047456832564e-09,1818.55
160600,GUINEAINS,2021-11-19,0.2,0.2,10000,2026-04-08T03:46:05.423699+00:00,0.0,0.0,0.0,0.0,0.2,0.2,0.2,0.0,0.0,47.50920399050638,-2.864251336109902e-09,1.3478827276586835e-09,-4.2121340637685856e-09,2293.55
160709,GUINEAINS,2021-11-22,0.2,0.2,0,2026-04-08T03:46:10.306395+00:00,0.0,0.0,0.0,0.0,0.2,0.2,0.2,0.0,0.0,47.50920399050638,-2.65208457972399e-09,1.2480395872356767e-09,-3.900124166959667e-09,2278.55
160818,GUINEAINS,2021-11-23,0.2,0.2,0,2026-04-08T03:46:12.888041+00:00,0.0,0.0,0.0,0.0,0.2,0.2,0.2,0.0,0.0,47.509203990506386,-2.4556338906744912e-09,1.1555922210281405e-09,-3.6112261117026318e-09,2278.55
160927,GUINEAINS,2021-11-24,0.2,0.2,0,2026-04-08T03:46:15.261589+00:00,0.0,0.0,0.0,0.0,0.2,0.2,0.2,0.0,0.0,47.509203990506386,-2.2737350890977837e-09,1.0699928180838788e-09,-3.3437279071816625e-09,1548.55
161036,GUINEAINS,2021-11-25,0.2,0.2,0,2026-04-08T03:46:17.544601+00:00,0.0,0.0,0.0,0.0,0.2,0.2,0.2,0.0,0.0,47.509203990506386,-2.1053102594592588e-09,9.90734118177923e-10,-3.096044377637182e-09,1548.55
161145,GUINEAINS,2021-11-29,0.2,0.2,400000,2026-04-08T03:46:23.244686+00:00,0.0,0.0,0.0,0.0,0.2,0.2,0.2,0.0,0.0,47.509203990506386,-1.949361339015354e-09,9.173464308974624e-10,-2.8667077699128165e-09,21548.55
161254,GUINEAINS,2021-11-30,0.2,0.2,0,2026-04-08T03:46:25.627389+00:00,0.0,0.0,0.0,0.0,0.2,0.2,0.2,0.0,0.0,47.50920399050639,-1.8049642058759474e-09,8.493948512294952e-10,-2.6543590571054426e-09,21548.55
161363,GUINEAINS,2021-12-01,0.2,0.2,1200,2026-04-08T03:46:28.190956+00:00,0.0,0.0,0.0,0.0,0.2,0.2,0.2,0.0,0.0,47.509203990506386,-1.6712631556448088e-09,7.864767211685074e-10,-2.457739876813316e-09,21508.55
161472,GUINEAINS,2021-12-02,0.2,0.2,500000,2026-04-08T03:46:30.651544+00:00,0.0,0.0,0.0,0.0,0.2,0.2,0.2,0.0,0.0,47.509203990506386,-1.5474658776604144e-09,7.282191993223215e-10,-2.275685076982736e-09,46508.55
161581,GUINEAINS,2021-12-03,0.2,0.2,500,2026-04-08T03:46:33.124129+00:00,0.0,0.0,0.0,0.0,0.2,0.2,0.2,0.0,0.0,47.50920399050638,-1.4328387643036677e-09,6.742770501432546e-10,-2.1071158144469224e-09,46356.0
161690,GUINEAINS,2021-12-06,0.2,0.2,0,2026-04-08T03:46:37.622095+00:00,0.0,0.0,0.0,0.0,0.2,0.2,0.2,0.0,0.0,47.509203990506386,-1.3267025533725274e-09,6.243306088595161e-10,-1.9510331622320435e-09,46356.0
161799,GUINEAINS,2021-12-07,0.2,0.2,0,2026-04-08T03:46:39.947423+00:00,0.0,0.0,0.0,0.0,0.2,0.2,0.2,0.0,0.0,47.509203990506386,-1.2284282757679676e-09,5.780839091712608e-10,-1.8065121849392284e-09,46356.0
161908,GUINEAINS,2021-12-08,0.2,0.2,0,2026-04-08T03:46:42.482337+00:00,0.0,0.0,0.0,0.0,0.2,0.2,0.2,0.0,0.0,47.509203990506386,-1.137433591757997e-09,5.352628745449851e-10,-1.672696466302982e-09,46356.0
162017,GUINEAINS,2021-12-09,0.2,0.2,2000,2026-04-08T03:46:44.852467+00:00,0.0,0.0,0.0,0.0,0.2,0.2,0.2,0.0,0.0,47.509203990506386,-1.0531792382639793e-09,4.956137824312023e-10,-1.5487930206951816e-09,46305.0
162126,GUINEAINS,2021-12-10,0.2,0.2,5950,2026-04-08T03:46:47.321476+00:00,0.0,0.0,0.0,0.0,0.2,0.2,0.2,0.0,0.0,47.509203990506386,-9.751659479917407e-10,4.5890165816275296e-10,-1.4340676061544937e-09,46542.5
162236,GUINEAINS,2021-12-13,0.2,0.2,150000,2026-04-08T03:46:51.775824+00:00,0.0,0.0,0.0,0.0,0.2,0.2,0.2,0.0,0.0,47.509203990506386,-9.029314240738273e-10,4.249089456645332e-10,-1.3278403697383605e-09,53842.5
162346,GUINEAINS,2021-12-14,0.2,0.2,3000,2026-04-08T03:46:54.126877+00:00,0.0,0.0,0.0,0.0,0.2,0.2,0.2,0.0,0.0,47.50920399050638,-8.360475922675192e-10,3.934342219766731e-10,-1.2294818142441924e-09,53922.5
162456,GUINEAINS,2021-12-15,0.2,0.2,0,2026-04-08T03:46:56.822916+00:00,0.0,0.0,0.0,0.0,0.2,0.2,0.2,0.0,0.0,47.50920399050638,-7.741181307086009e-10,3.642909468284732e-10,-1.1384090775370741e-09,53922.5
162566,GUINEAINS,2021-12-16,0.2,0.2,0,2026-04-08T03:46:59.215115+00:00,0.0,0.0,0.0,0.0,0.2,0.2,0.2,0.0,0.0,47.50920399050638,-7.167760274207069e-10,3.373064400930938e-10,-1.0540824675138007e-09,53922.5
162676,GUINEAINS,2021-12-17,0.2,0.2,0,2026-04-08T03:47:01.752329+00:00,0.0,0.0,0.0,0.0,0.2,0.2,0.2,0.0,0.0,47.509203990506386,-6.636814986471506e-10,3.123207750933201e-10,-9.760022737404707e-10,53632.5
162787,GUINEAINS,2021-12-20,0.2,0.2,0,2026-04-08T03:47:06.293287+00:00,0.0,0.0,0.0,0.0,0.2,0.2,0.2,0.0,0.0,47.509203990506386,-6.145199071827534e-10,2.8918589324617395e-10,-9.037058004289274e-10,53132.5
162898,GUINEAINS,2021-12-21,0.2,0.2,0,2026-04-08T03:47:08.729464+00:00,0.0,0.0,0.0,0.0,0.2,0.2,0.2,0.0,0.0,47.50920399050638,-5.689999027502779e-10,2.677647181429196e-10,-8.367646208931975e-10,53132.5
163009,GUINEAINS,2021-12-22,0.2,0.2,0,2026-04-08T03:47:11.106283+00:00,0.0,0.0,0.0,0.0,0.2,0.2,0.2,0.0,0.0,47.509203990506386,-5.268517566658915e-10,2.4793029138184486e-10,-7.747820480477363e-10,53132.5
163120,GUINEAINS,2021-12-23,0.2,0.2,2500,2026-04-08T03:47:13.420215+00:00,0.0,0.0,0.0,0.0,0.2,0.2,0.2,0.0,0.0,47.50920399050638,-4.87825696504629e-10,2.2956508123448586e-10,-7.173907777391149e-10,53257.5
163231,GUINEAINS,2021-12-24,0.2,0.2,1046,2026-04-08T03:47:15.708642+00:00,0.0,0.0,0.0,0.0,0.2,0.2,0.2,0.0,0.0,47.509203990506386,-4.516904628104612e-10,2.12560251942923e-10,-6.642507147533842e-10,53309.8
163342,GUINEAINS,2021-12-29,0.2,0.2,0,2026-04-08T03:47:22.624079+00:00,0.0,0.0,0.0,0.0,0.2,0.2,0.2,0.0,0.0,47.509203990506386,-4.182318935619378e-10,1.968150569531572e-10,-6.15046950515095e-10,33309.8
163453,GUINEAINS,2021-12-30,0.2,0.2,10000,2026-04-08T03:47:25.019388+00:00,0.0,0.0,0.0,0.0,0.2,0.2,0.2,0.0,0.0,47.50920399050639,-3.8725173068243635e-10,1.8223617586612697e-10,-5.694879065485633e-10,33809.8
163564,GUINEAINS,2021-12-31,0.2,0.2,2500,2026-04-08T03:47:27.803632+00:00,0.0,0.0,0.0,0.0,0.2,0.2,0.2,0.0,0.0,47.50920399050639,-3.585663987948351e-10,1.6873720620298255e-10,-5.273036049978176e-10,33874.8
163675,GUINEAINS,2022-01-04,0.2,0.2,201500,2026-04-08T03:47:33.190226+00:00,0.0,0.0,0.0,0.0,0.2,0.2,0.2,0.0,0.0,47.50920399050639,-3.3200592275406393e-10,1.5623814579500295e-10,-4.882440685490669e-10,18949.8
163787,GUINEAINS,2022-01-05,0.2,0.2,1000000,2026-04-08T03:47:35.481449+00:00,0.0,0.0,0.0,0.0,0.2,0.2,0.2,0.0,0.0,47.50920399050639,-3.07412872935231e-10,1.4466495649106868e-10,-4.520778294262997e-10,68924.8
163899,GUINEAINS,2022-01-06,0.2,0.2,25,2026-04-08T03:47:38.067383+00:00,0.0,0.0,0.0,0.0,0.2,0.2,0.2,0.0,0.0,47.50920399050639,-2.8464153256635427e-10,1.3394903748795634e-10,-4.185905700543106e-10,68926.05
164011,GUINEAINS,2022-01-07,0.2,0.2,0,2026-04-08T03:47:40.483305+00:00,0.0,0.0,0.0,0.0,0.2,0.2,0.2,0.0,0.0,47.509203990506386,-2.6355695403879054e-10,1.2402689281241608e-10,-3.875838468512066e-10,68926.05
164123,GUINEAINS,2022-01-10,0.2,0.2,1859,2026-04-08T03:47:45.097739+00:00,0.0,0.0,0.0,0.0,0.2,0.2,0.2,0.0,0.0,47.50920399050639,-2.4403420950669386e-10,1.1483970987561027e-10,-3.5887391938230413e-10,69019.0
164235,GUINEAINS,2022-01-11,0.2,0.2,0,2026-04-08T03:47:47.617941+00:00,0.0,0.0,0.0,0.0,0.2,0.2,0.2,0.0,0.0,47.509203990506386,-2.2595758597532267e-10,1.0633306672558519e-10,-3.3229065270090786e-10,68919.0
164347,GUINEAINS,2022-01-12,0.2,0.2,0,2026-04-08T03:47:50.132225+00:00,0.0,0.0,0.0,0.0,0.2,0.2,0.2,0.0,0.0,47.509203990506386,-2.0921997467837627e-10,9.845654241802531e-11,-3.076765170964016e-10,68621.5
164459,GUINEAINS,2022-01-13,0.2,0.2,0,2026-04-08T03:47:52.673244+00:00,0.0,0.0,0.0,0.0,0.2,0.2,0.2,0.0,0.0,47.509203990506386,-1.937221771886044e-10,9.116347192623778e-11,-2.848856491148422e-10,61121.5
164571,GUINEAINS,2022-01-14,0.2,0.2,0,2026-04-08T03:47:55.308832+00:00,0.0,0.0,0.0,0.0,0.2,0.2,0.2,0.0,0.0,47.509203990506386,-1.7937237806187056e-10,8.441061684237728e-11,-2.6378299490424784e-10,60971.5
164683,GUINEAINS,2022-01-17,0.2,0.2,1000,2026-04-08T03:47:59.999655+00:00,0.0,0.0,0.0,0.0,0.2,0.2,0.2,0.0,0.0,47.50920399050639,-1.6608553421448846e-10,7.815796855180752e-11,-2.44243502766296e-10,61021.5
164795,GUINEAINS,2022-01-18,0.2,0.2,0,2026-04-08T03:48:02.353596+00:00,0.0,0.0,0.0,0.0,0.2,0.2,0.2,0.0,0.0,47.509203990506386,-1.5378290307843656e-10,7.236847975028754e-11,-2.261513828287241e-10,61021.5
164907,GUINEAINS,2022-01-19,0.2,0.2,90,2026-04-08T03:48:04.820784+00:00,0.0,0.0,0.0,0.0,0.2,0.2,0.2,0.0,0.0,47.50920399050639,-1.423915707565726e-10,6.700784965772121e-11,-2.0939942041429382e-10,61026.0
165019,GUINEAINS,2022-01-20,0.2,0.2,0,2026-04-08T03:48:07.325935+00:00,0.0,0.0,0.0,0.0,0.2,0.2,0.2,0.0,0.0,47.509203990506386,-1.3184403568899938e-10,6.204430778023556e-11,-1.9388834346923495e-10,61026.0
165131,GUINEAINS,2022-01-21,0.2,0.2,3500,2026-04-08T03:48:09.696329+00:00,0.0,0.0,0.0,0.0,0.2,0.2,0.2,0.0,0.0,47.509203990506386,-1.220777923194305e-10,5.744844091984358e-11,-1.7952623323927408e-10,61201.0
165243,GUINEAINS,2022-01-24,0.2,0.2,1000000,2026-04-08T03:48:14.136661+00:00,0.0,0.0,0.0,0.0,0.2,0.2,0.2,0.0,0.0,47.509203990506386,-1.1303497027270737e-10,5.319301037325338e-11,-1.6622798064596075e-10,111201.0
165355,GUINEAINS,2022-01-25,0.2,0.2,1500,2026-04-08T03:48:16.50614+00:00,0.0,0.0,0.0,0.0,0.2,0.2,0.2,0.0,0.0,47.509203990506386,-1.0466200128789183e-10,4.925278348645514e-11,-1.5391478477434697e-10,111151.0
165467,GUINEAINS,2022-01-26,0.2,0.2,0,2026-04-08T03:48:19.024911+00:00,0.0,0.0,0.0,0.0,0.2,0.2,0.2,0.0,0.0,47.50920399050638,-9.690925839578313e-11,4.5604421102851084e-11,-1.425136794986342e-10,111098.7
165579,GUINEAINS,2022-01-27,0.2,0.2,0,2026-04-08T03:48:21.585909+00:00,0.0,0.0,0.0,0.0,0.2,0.2,0.2,0.0,0.0,47.50920399050638,-8.973077836316179e-11,4.222632090837794e-11,-1.3195709927153973e-10,111098.7
165691,GUINEAINS,2022-01-28,0.2,0.2,0,2026-04-08T03:48:23.969021+00:00,0.0,0.0,0.0,0.0,0.2,0.2,0.2,0.0,0.0,47.509203990506386,-8.308403964818467e-11,3.909844769868404e-11,-1.221824873468687e-10,110598.7
165803,GUINEAINS,2022-01-31,0.2,0.2,0,2026-04-08T03:48:28.465348+00:00,0.0,0.0,0.0,0.0,0.2,0.2,0.2,0.0,0.0,47.50920399050638,-7.69296570890532e-11,3.620226420625242e-11,-1.1313192129530562e-10,110473.7
165915,GUINEAINS,2022-02-01,0.2,0.2,8558187,2026-04-08T03:48:30.807911+00:00,0.0,0.0,0.0,0.0,0.2,0.2,0.2,0.0,0.0,47.509203990506386,-7.123115985940842e-11,3.352060914871777e-11,-1.0475176900812619e-10,528308.05
166027,GUINEAINS,2022-02-02,0.21,0.21,1238529,2026-04-08T03:48:33.305516+00:00,4.999999999999982,0.0,0.0,0.0,0.202,0.20049999999999998,0.20020000000000004,1.118033988749891,0.707106781186545,99.99998546298762,0.0007977207317660384,0.0006381766692142459,0.00015954406255179248,540234.5
166139,GUINEAINS,2022-02-03,0.21,0.21,439500,2026-04-08T03:48:35.918914+00:00,0.0,4.999999999999982,0.0,0.0,0.20400000000000001,0.201,0.2004,1.118033988749891,0.707106781186545,99.99998546298762,0.0014136248283391495,0.0010032646126298854,0.00041036021570926395,562208.25
166251,GUINEAINS,2022-02-04,0.22,0.22,2424196,2026-04-08T03:48:38.317721+00:00,4.761904761904767,0.0,0.0,0.0,0.20800000000000002,0.202,0.2008,1.5028218673098075,0.9664773113022697,99.99999326916313,0.0026777818860150293,0.0018139373362446123,0.000863844549770417,683418.05
166363,GUINEAINS,2022-02-07,0.2,0.2,8300698,2026-04-08T03:48:42.904693+00:00,-9.090909090909083,4.761904761904767,0.0,0.0,0.20800000000000002,0.202,0.20079999999999998,2.618736671123972,1.6307714485745735,46.36958865370808,0.002042260698883469,0.0009427329192904415,0.0010995277795930276,1098360.0
166475,GUINEAINS,2022-02-08,0.2,0.2,1011069,2026-04-08T03:48:45.378139+00:00,0.0,-9.090909090909083,0.0,0.0,0.20800000000000002,0.202,0.2008,2.618736671123972,1.6307714485745735,46.36958865370807,0.0015210716126820012,0.0003372350664711788,0.0011838365462108224,1148913.45
166587,GUINEAINS,2022-02-09,0.2,0.2,548600,2026-04-08T03:48:48.035665+00:00,0.0,0.0,4.999999999999982,0.0,0.20600000000000002,0.202,0.20079999999999998,2.618736671123972,1.6307714485745735,46.36958865370808,0.0010953984355989987,-7.075048848945902e-05,0.0011661489240884578,1176343.45
166699,GUINEAINS,2022-02-10,0.2,0.2,70400,2026-04-08T03:48:50.398564+00:00,0.0,0.0,0.0,0.0,0.20400000000000001,0.202,0.2008,2.618736671123972,1.6307714485745735,46.36958865370807,0.0007494106366240094,-0.0003333906299715587,0.001082801266595568,1179863.45
166811,GUINEAINS,2022-02-11,0.2,0.2,1413078,2026-04-08T03:48:52.774016+00:00,0.0,0.0,4.761904761904767,0.0,0.2,0.202,0.2008,2.618736671123972,1.6307714485745735,46.369588653708064,0.000469797282593748,-0.0004904031872014561,0.0009602004697952041,1250517.35
166923,GUINEAINS,2022-02-14,0.2,0.2,410381,2026-04-08T03:48:57.293433+00:00,0.0,0.0,-9.090909090909083,0.0,0.2,0.202,0.20079999999999998,2.618736671123972,1.6307714485745735,46.369588653708064,0.0002453731757883493,-0.0005718618352054839,0.0008172350109938332,1270986.4
167035,GUINEAINS,2022-02-15,0.2,0.2,47390,2026-04-08T03:48:59.662493+00:00,0.0,0.0,0.0,0.0,0.2,0.202,0.2008,2.618736671123972,1.6307714485745735,46.36958865370807,6.674604737058609e-05,-0.0006003911708985977,0.0006671372182691838,1273355.9
167147,GUINEAINS,2022-02-16,0.2,0.2,3070000,2026-04-08T03:49:02.003783+00:00,0.0,0.0,0.0,4.999999999999982,0.2,0.202,0.20079999999999998,2.618736671123972,1.6307714485745735,46.369588653708064,-7.396462073303023e-05,-0.0005928814712017713,0.000518916850468741,1426851.4
167259,GUINEAINS,2022-02-17,0.2,0.2,8000,2026-04-08T03:49:04.32656+00:00,0.0,0.0,0.0,0.0,0.2,0.202,0.2008,2.618736671123972,1.6307714485745735,46.369588653708064,-0.0001833651200081332,-0.0005618255763814994,0.00037846045637336624,1427251.4
167371,GUINEAINS,2022-02-18,0.2,0.2,7950,2026-04-08T03:49:06.711382+00:00,0.0,0.0,0.0,4.761904761904767,0.2,0.202,0.2008,2.618736671123972,1.6307714485745735,46.36958865370807,-0.0002669881308930977,-0.0005163588698131711,0.00024937073892007346,1427473.9
167483,GUINEAINS,2022-02-21,0.2,0.2,53950,2026-04-08T03:49:10.978464+00:00,0.0,0.0,0.0,-9.090909090909083,0.2,0.202,0.2008,2.618736671123972,1.6307714485745735,46.36958865370807,-0.0003294621350805327,-0.00046306629920048496,0.00013360416411995225,1380171.4
167595,GUINEAINS,2022-02-22,0.2,0.2,3000,2026-04-08T03:49:13.528869+00:00,0.0,0.0,0.0,0.0,0.2,0.202,0.2008,2.618736671123972,1.6307714485745735,46.36958865370807,-0.00037465445021223065,-0.00040660689146574633,3.195244125351567e-05,1380246.4
167707,GUINEAINS,2022-02-23,0.2,0.2,2200752,2026-04-08T03:49:15.914345+00:00,0.0,0.0,0.0,0.0,0.2,0.202,0.20079999999999998,2.618736671123972,1.6307714485745735,46.369588653708064,-0.0004057919683329303,-0.00035019552766915677,-5.5596440663773525e-05,1490284.0
167819,GUINEAINS,2022-02-24,0.2,0.2,2614050,2026-04-08T03:49:18.676795+00:00,0.0,0.0,0.0,0.0,0.2,0.202,0.2008,2.618736671123972,1.6307714485745735,46.36958865370808,-0.0004255630498425089,-0.0002959732873429883,-0.0001295897624995206,1620986.5
167931,GUINEAINS,2022-02-25,0.2,0.2,64500,2026-04-08T03:49:21.264729+00:00,0.0,0.0,0.0,0.0,0.2,0.202,0.2008,2.618736671123972,1.6307714485745735,46.36958865370808,-0.00043620349205264475,-0.0002452909836424993,-0.00019091250841014542,1624211.5
168043,GUINEAINS,2022-02-28,0.2,0.2,323421,2026-04-08T03:49:25.620712+00:00,0.0,0.0,0.0,0.0,0.2,0.202,0.2008,2.618736671123972,1.6307714485745735,46.36958865370807,-0.000439569040883353,-0.00019892522597856607,-0.00024064381490478695,1640382.55
168155,GUINEAINS,2022-03-01,0.2,0.2,85000,2026-04-08T03:49:28.049171+00:00,0.0,0.0,0.0,0.0,0.2,0.202,0.2008,2.618736671123972,1.6307714485745735,46.36958865370807,-0.0004371965330910721,-0.0001572421745490281,-0.000279954358542044,1216723.2
168267,GUINEAINS,2022-03-02,0.2,0.2,2514000,2026-04-08T03:49:30.283109+00:00,0.0,0.0,0.0,0.0,0.2,0.2015,0.20079999999999998,2.3438985869991744,1.6307714485745735,46.36958865370808,-0.00043035543401631626,-0.00012032086037941782,-0.00031003457363689845,1280496.75
168379,GUINEAINS,2022-03-03,0.2,0.2,188700,2026-04-08T03:49:32.551227+00:00,0.0,0.0,0.0,0.0,0.2,0.201,0.2008,2.3438985869991744,1.6307714485745735,46.36958865370807,-0.00042009126312850253,-8.804535159328327e-05,-0.00033204591153521926,1267956.75
168491,GUINEAINS,2022-03-04,0.2,0.2,30100,2026-04-08T03:49:34.968546+00:00,0.0,0.0,0.0,0.0,0.2,0.2,0.2008,2.0327890704543523,1.6307714485745735,46.36958865370807,-0.0004072621689784617,-6.017300595459392e-05,-0.00034708916302386776,1148251.95
168603,GUINEAINS,2022-03-07,0.2,0.2,0,2026-04-08T03:49:39.227432+00:00,0.0,0.0,0.0,0.0,0.2,0.2,0.2008,0.0,1.6307714485745735,46.36958865370808,-0.0003925697200691247,-3.6384445636205545e-05,-0.00035618527443291917,733217.05
168715,GUINEAINS,2022-03-08,0.2,0.2,7500,2026-04-08T03:49:41.475537+00:00,0.0,0.0,0.0,0.0,0.2,0.2,0.2008,0.0,1.6307714485745735,46.36958865370808,-0.0003765848131450644,-1.631963096971619e-05,-0.00036026518217534823,683038.6
168827,GUINEAINS,2022-03-09,0.2,0.2,136300,2026-04-08T03:49:43.759827+00:00,0.0,0.0,0.0,0.0,0.2,0.2,0.20079999999999998,0.0,1.6307714485745735,46.36958865370808,-0.00035976946084681494,3.9657706282666917e-07,-0.0003601660379096416,662423.6
168939,GUINEAINS,2022-03-10,0.21,0.21,226100,2026-04-08T03:49:46.077826+00:00,4.999999999999982,0.0,0.0,0.0,0.202,0.20049999999999998,0.201,1.118033988749891,1.7767039031997454,78.32629412665621,0.0004552256950660638,0.0006523133863805643,-0.00019708769131450052,670208.6
169051,GUINEAINS,2022-03-11,0.2,0.2,451300,2026-04-08T03:49:48.438529+00:00,-4.761904761904756,4.999999999999982,0.0,0.0,0.202,0.20050000000000004,0.201,1.584013930267209,1.9058426445123828,47.71032847526636,0.00029084610844432035,0.0003903470398070567,-9.950093136273634e-05,622119.7
169163,GUINEAINS,2022-03-14,0.2,0.2,379600,2026-04-08T03:49:53.114563+00:00,0.0,-4.761904761904756,0.0,0.0,0.202,0.20049999999999998,0.201,1.584013930267209,1.9058426445123828,47.710328475266365,0.00015874419746211843,0.0002065961030598838,-4.785190559776539e-05,620580.65
169275,GUINEAINS,2022-03-15,0.2,0.2,0,2026-04-08T03:49:55.533531+00:00,0.0,0.0,0.0,0.0,0.202,0.20049999999999998,0.201,1.584013930267209,1.9058426445123828,47.71032847526635,5.343649857333932e-05,8.103072333688377e-05,-2.7594224763544447e-05,618211.15
169387,GUINEAINS,2022-03-16,0.2,0.2,0,2026-04-08T03:49:57.903122+00:00,0.0,0.0,0.0,0.0,0.202,0.20050000000000004,0.201,1.584013930267209,1.9058426445123828,47.71032847526636,-2.9678496266283272e-05,-1.6674172021910574e-06,-2.8011079064092214e-05,464711.15
169499,GUINEAINS,2022-03-17,0.2,0.2,1905400,2026-04-08T03:50:00.211329+00:00,0.0,0.0,4.999999999999982,0.0,0.2,0.20049999999999998,0.201,1.584013930267209,1.9058426445123828,47.71032847526636,-9.445886548514748e-05,-5.3158229136844205e-05,-4.1300636348303276e-05,559581.15
169611,GUINEAINS,2022-03-18,0.2,0.2,10000,2026-04-08T03:50:02.865266+00:00,0.0,0.0,-4.761904761904756,0.0,0.2,0.20050000000000004,0.201,1.584013930267209,1.9058426445123828,47.710328475266365,-0.00014413626170522997,-8.226850028554135e-05,-6.186776141968862e-05,559683.65
169723,GUINEAINS,2022-03-21,0.2,0.2,86000,2026-04-08T03:50:07.476142+00:00,0.0,0.0,0.0,0.0,0.2,0.20049999999999998,0.201,1.584013930267209,1.9058426445123828,47.710328475266365,-0.00018141472014882032,-9.563756698330536e-05,-8.577715316551495e-05,561286.15
169835,GUINEAINS,2022-03-24,0.2,0.2,0,2026-04-08T03:50:12.041871+00:00,0.0,0.0,0.0,0.0,0.2,0.20049999999999998,0.201,1.584013930267209,1.9058426445123828,47.710328475266365,-0.00020855408536646358,-9.822154576075889e-05,-0.0001103325396057047,561136.15
169947,GUINEAINS,2022-03-25,0.2,0.2,0,2026-04-08T03:50:14.507747+00:00,0.0,0.0,0.0,0.0,0.2,0.20050000000000004,0.201,1.584013930267209,1.9058426445123828,47.71032847526636,-0.00022744043605987807,-9.36863171633387e-05,-0.00013375411889653938,451098.55
170059,GUINEAINS,2022-03-28,0.2,0.2,0,2026-04-08T03:50:18.995306+00:00,0.0,0.0,0.0,4.999999999999982,0.2,0.20049999999999998,0.201,1.584013930267209,1.9058426445123828,47.71032847526637,-0.00023964552066513267,-8.471312141487461e-05,-0.00015493239925025806,320396.05
170171,GUINEAINS,2022-03-29,0.2,0.2,0,2026-04-08T03:50:21.48252+00:00,0.0,0.0,0.0,-4.761904761904756,0.2,0.20049999999999998,0.201,1.584013930267209,1.9058426445123828,47.710328475266365,-0.0002464769058041216,-7.323560524309086e-05,-0.00017324130056103077,317171.05
170283,GUINEAINS,2022-03-31,0.2,0.2,0,2026-04-08T03:50:25.686443+00:00,0.0,0.0,0.0,0.0,0.2,0.20050000000000004,0.201,1.584013930267209,1.9058426445123828,47.710328475266365,-0.0002490202770007166,-6.062318115174868e-05,-0.00018839709584896793,301000.0
170395,GUINEAINS,2022-04-01,0.2,0.2,0,2026-04-08T03:50:28.209626+00:00,0.0,0.0,0.0,0.0,0.2,0.20049999999999998,0.201,1.584013930267209,1.9058426445123828,47.71032847526637,-0.00024817510882710336,-4.782241038250832e-05,-0.00020035269844459504,296750.0
170507,GUINEAINS,2022-04-04,0.2,0.2,1500,2026-04-08T03:50:32.692631+00:00,0.0,0.0,0.0,0.0,0.2,0.20050000000000004,0.201,1.584013930267209,1.9058426445123828,47.71032847526637,-0.00024468473366170973,-3.5465628173691734e-05,-0.000209219105488018,171125.0
170619,GUINEAINS,2022-04-05,0.2,0.2,0,2026-04-08T03:50:35.152392+00:00,0.0,0.0,0.0,0.0,0.2,0.20049999999999998,0.201,1.584013930267209,1.9058426445123828,47.71032847526638,-0.00023916167923115905,-2.395405899451283e-05,-0.00021520762023664622,161690.0
170731,GUINEAINS,2022-04-06,0.2,0.2,35508,2026-04-08T03:50:37.478667+00:00,0.0,0.0,0.0,0.0,0.2,0.20049999999999998,0.20099999999999998,1.584013930267209,1.9058426445123828,47.71032847526637,-0.00023210901061199163,-1.3521112300276291e-05,-0.00021858789831171534,161960.4
170843,GUINEAINS,2022-04-07,0.2,0.2,0,2026-04-08T03:50:39.880974+00:00,0.0,0.0,0.0,0.0,0.2,0.20050000000000004,0.201,1.584013930267209,1.9058426445123828,47.71032847526637,-0.00022393829860994918,-4.280320238587065e-06,-0.00021965797837136212,161960.4
170955,GUINEAINS,2022-04-08,0.2,0.2,0,2026-04-08T03:50:42.48638+00:00,0.0,0.0,0.0,0.0,0.2,0.20049999999999998,0.201,1.584013930267209,1.9058426445123828,47.71032847526637,-0.00021498474021960923,3.7385905214023228e-06,-0.00021872333074101155,161585.4
171067,GUINEAINS,2022-04-11,0.2,0.2,175848,2026-04-08T03:50:47.197044+00:00,0.0,0.0,0.0,0.0,0.2,0.20049999999999998,0.201,1.584013930267209,1.9058426445123828,47.71032847526637,-0.00020551987549533024,1.0562764196545059e-05,-0.0002160826396918753,163562.8
171179,GUINEAINS,2022-04-12,0.2,0.2,0,2026-04-08T03:50:49.473284+00:00,0.0,0.0,0.0,0.0,0.2,0.2,0.201,1.0647942749998984,1.9058426445123828,47.71032847526637,-0.00019576227634673926,1.6256290676108863e-05,-0.00021201856702284812,152257.8
171291,GUINEAINS,2022-04-13,0.2,0.2,0,2026-04-08T03:50:51.878986+00:00,0.0,0.0,0.0,0.0,0.2,0.2,0.20099999999999998,0.0,1.9058426445123828,47.71032847526638,-0.0001858865245767949,2.090563395684258e-05,-0.00020679215853363747,129692.8
171403,GUINEAINS,2022-04-14,0.2,0.2,1000,2026-04-08T03:50:54.439705+00:00,0.0,0.0,0.0,0.0,0.2,0.2,0.201,0.0,1.9058426445123828,47.71032847526637,-0.00017603074726899037,2.4609129011717685e-05,-0.00020063987628070806,110762.8
171515,GUINEAINS,2022-04-19,0.2,0.2,1000,2026-04-08T03:51:01.439974+00:00,0.0,0.0,0.0,0.0,0.2,0.2,0.201,0.0,1.9058426445123828,47.710328475266365,-0.00016630293601907487,2.7469552209306565e-05,-0.00019377248822838143,110812.8
171627,GUINEAINS,2022-04-20,0.2,0.2,25152,2026-04-08T03:51:03.698116+00:00,0.0,0.0,0.0,0.0,0.2,0.2,0.2008,0.0,1.7650888355875454,47.71032847526638,-0.0001567862413244525,2.958899752314315e-05,-0.00018637523884759566,112070.4
171739,GUINEAINS,2022-04-21,0.2,0.2,1000,2026-04-08T03:51:06.083072+00:00,0.0,0.0,0.0,0.0,0.2,0.2,0.20060000000000003,0.0,1.7650888355875454,47.71032847526637,-0.00014754340369962926,3.106546811837313e-05,-0.0001786088718180024,16850.4
171851,GUINEAINS,2022-04-22,0.2,0.2,0,2026-04-08T03:51:08.393199+00:00,0.0,0.0,0.0,0.0,0.2,0.2,0.2002,0.0,1.6209906192578343,47.71032847526637,-0.00013862045793999744,3.1990731102403956e-05,-0.0001706111890424014,16350.4
171963,GUINEAINS,2022-04-25,0.2,0.2,0,2026-04-08T03:51:12.880327+00:00,0.0,0.0,0.0,0.0,0.2,0.2,0.20020000000000004,0.0,0.9863828289239315,47.71032847526637,-0.0001300498257016669,3.2449090672587616e-05,-0.00016249891637425452,12050.4
172075,GUINEAINS,2022-04-26,0.2,0.2,0,2026-04-08T03:51:15.284155+00:00,0.0,0.0,0.0,0.0,0.2,0.2,0.2002,0.0,0.9863828289239315,47.71032847526638,-0.0001218528935981178,3.251681822090939e-05,-0.00015436971181902718,12050.4
172187,GUINEAINS,2022-04-27,0.2,0.2,0,2026-04-08T03:51:17.680395+00:00,0.0,0.0,0.0,0.0,0.2,0.2,0.20020000000000004,0.0,0.9863828289239315,47.71032847526637,-0.00011404215883209501,3.2262042389545755e-05,-0.00014630420122164076,12050.4
172299,GUINEAINS,2022-04-28,0.2,0.2,500,2026-04-08T03:51:20.413235+00:00,0.0,0.0,0.0,0.0,0.2,0.2,0.2002,0.0,0.9863828289239315,47.71032847526637,-0.00010662301155009435,3.174495173723714e-05,-0.0001383679632873315,12075.4
172411,GUINEAINS,2022-04-29,0.2,0.2,0,2026-04-08T03:51:22.882631+00:00,0.0,0.0,0.0,0.0,0.2,0.2,0.20020000000000004,0.0,0.9863828289239315,47.71032847526637,-9.959521226590717e-05,3.1018200817139454e-05,-0.00013061341308304663,12075.4
172523,GUINEAINS,2022-05-04,0.2,0.2,0,2026-04-08T03:51:29.674847+00:00,0.0,0.0,0.0,0.0,0.2,0.2,0.20020000000000004,0.0,0.9863828289239315,47.71032847526637,-9.29541135416545e-05,3.0127439633113705e-05,-0.0001230815531747682,12075.4
172635,GUINEAINS,2022-05-05,0.2,0.2,0,2026-04-08T03:51:32.050072+00:00,0.0,0.0,0.0,0.0,0.2,0.2,0.2002,0.0,0.9863828289239315,47.71032847526638,-8.669166737829137e-05,2.9111908637181473e-05,-0.00011580357601547284,12075.4
172748,GUINEAINS,2022-05-09,0.2,0.2,0,2026-04-08T03:51:37.853933+00:00,0.0,0.0,0.0,0.0,0.2,0.2,0.20020000000000004,0.0,0.9863828289239315,47.71032847526637,-8.079725323459352e-05,2.800505822470346e-05,-0.00010880231145929699,12000.4
172861,GUINEAINS,2022-05-10,0.2,0.2,420000,2026-04-08T03:51:40.332012+00:00,0.0,0.0,0.0,0.0,0.2,0.2,0.2002,0.0,0.9863828289239315,47.71032847526637,-7.52583560765796e-05,2.68351643061739e-05,-0.0001020935203827535,33000.4
172974,GUINEAINS,2022-05-11,0.2,0.2,0,2026-04-08T03:51:42.74313+00:00,0.0,0.0,0.0,0.0,0.2,0.2,0.20020000000000004,0.0,0.9863828289239315,47.71032847526638,-7.00611192026579e-05,2.562592094407649e-05,-9.568704014673439e-05,31225.0
173087,GUINEAINS,2022-05-12,0.2,0.2,150,2026-04-08T03:51:45.11326+00:00,0.0,0.0,0.0,0.0,0.2,0.2,0.2002,0.0,0.9863828289239315,47.71032847526638,-6.519079265807082e-05,2.4396997990930864e-05,-8.958779064900168e-05,31232.5
173200,GUINEAINS,2022-05-13,0.2,0.2,0,2026-04-08T03:51:47.585464+00:00,0.0,0.0,0.0,0.0,0.2,0.2,0.2002,0.0,0.9863828289239315,47.71032847526637,-6.0632094736723374e-05,2.316455672982264e-05,-8.379665146654601e-05,31232.5
173313,GUINEAINS,2022-05-16,0.2,0.2,0,2026-04-08T03:51:52.042574+00:00,0.0,0.0,0.0,0.0,0.2,0.2,0.20020000000000004,0.0,0.9863828289239315,47.71032847526637,-5.636950126861051e-05,2.19417201583484e-05,-7.831122142695891e-05,22440.1
173426,GUINEAINS,2022-05-17,0.2,0.2,0,2026-04-08T03:51:54.492158+00:00,0.0,0.0,0.0,0.0,0.2,0.2,0.2002,0.0,0.9863828289239315,47.71032847526638,-5.238747503266694e-05,2.0738997115433587e-05,-7.312647214810053e-05,22440.1
173539,GUINEAINS,2022-05-18,0.2,0.2,0,2026-04-08T03:51:57.297116+00:00,0.0,0.0,0.0,0.0,0.2,0.2,0.20020000000000004,0.0,0.9863828289239315,47.71032847526637,-4.867064564517687e-05,1.9564661202338925e-05,-6.82353068475158e-05,22440.1
173652,GUINEAINS,2022-05-19,0.2,0.2,0,2026-04-08T03:51:59.624655+00:00,0.0,0.0,0.0,0.0,0.2,0.2,0.2002,0.0,0.9863828289239315,47.71032847526637,-4.520394859633403e-05,1.842508660094541e-05,-6.362903519727944e-05,22390.1
173765,GUINEAINS,2022-05-20,0.2,0.2,2000,2026-04-08T03:52:02.40298+00:00,0.0,0.0,0.0,0.0,0.2,0.2,0.2002,0.0,0.9863828289239315,47.71032847526637,-4.1972730696560046e-05,1.7325043600575523e-05,-5.929777429713557e-05,22440.1
173878,GUINEAINS,2022-05-23,0.2,0.2,0,2026-04-08T03:52:07.648814+00:00,0.0,0.0,0.0,0.0,0.2,0.2,0.20020000000000004,0.0,0.9863828289239315,47.71032847526637,-3.8962828003613614e-05,1.6267957034817564e-05,-5.523078503843118e-05,21182.5
173991,GUINEAINS,2022-05-24,0.2,0.2,10,2026-04-08T03:52:10.277037+00:00,0.0,0.0,0.0,0.0,0.2,0.2,0.2002,0.0,0.9863828289239315,47.71032847526637,-3.616062130112896e-05,1.525613098984178e-05,-5.141675229097074e-05,21133.0
174104,GUINEAINS,2022-05-25,0.2,0.2,0,2026-04-08T03:52:13.066486+00:00,0.0,0.0,0.0,0.0,0.2,0.2,0.20020000000000004,0.0,0.9863828289239315,47.71032847526637,-3.3553073357006635e-05,1.4290943147171283e-05,-4.784401650417792e-05,21133.0
174217,GUINEAINS,2022-05-26,0.2,0.2,0,2026-04-08T03:52:15.508934+00:00,0.0,0.0,0.0,0.0,0.2,0.2,0.2002,0.0,0.9863828289239315,47.71032847526637,-3.112775148217395e-05,1.3373012017603183e-05,-4.450076349977713e-05,21133.0
174330,GUINEAINS,2022-05-27,0.2,0.2,0,2026-04-08T03:52:18.156913+00:00,0.0,0.0,0.0,0.0,0.2,0.2,0.2002,0.0,0.9863828289239315,47.71032847526637,-2.8872838315485705e-05,1.2502340147433145e-05,-4.137517846291885e-05,21133.0
174443,GUINEAINS,2022-05-30,0.2,0.2,0,2026-04-08T03:52:22.656757+00:00,0.0,0.0,0.0,0.0,0.2,0.2,0.20020000000000004,0.0,0.9863828289239315,47.71032847526637,-2.677713326107445e-05,1.1678436161475527e-05,-3.8455569422549975e-05,21133.0
174556,GUINEAINS,2022-05-31,0.2,0.2,0,2026-04-08T03:52:25.114026+00:00,0.0,0.0,0.0,0.0,0.2,0.2,0.2,0.0,0.6734350297014727,47.710328475266365,-2.4830046585821997e-05,1.090041826938238e-05,-3.573046485520438e-05,21108.0
174669,GUINEAINS,2022-06-01,0.2,0.2,0,2026-04-08T03:52:27.834682+00:00,0.0,0.0,0.0,0.0,0.2,0.2,0.2,0.0,0.0,47.710328475266365,-2.3021587833571555e-05,1.0167101617306257e-05,-3.318868945087781e-05,21108.0
174782,GUINEAINS,2022-06-02,0.2,0.2,0,2026-04-08T03:52:30.493727+00:00,0.0,0.0,0.0,0.0,0.2,0.2,0.2,0.0,0.0,47.710328475266365,-2.13423499184906e-05,9.47707162590977e-06,-3.081942154440037e-05,21108.0
174895,GUINEAINS,2022-06-03,0.2,0.2,0,2026-04-08T03:52:33.10221+00:00,0.0,0.0,0.0,0.0,0.2,0.2,0.2,0.0,0.0,47.710328475266365,-1.9783490014413374e-05,8.828745223989598e-06,-2.8612235238402972e-05,21108.0
175008,GUINEAINS,2022-06-06,0.2,0.2,1000,2026-04-08T03:52:37.969718+00:00,0.0,0.0,0.0,0.0,0.2,0.2,0.2,0.0,0.0,47.71032847526637,-1.83367081521002e-05,8.220421669042218e-06,-2.655712982114242e-05,21158.0
175121,GUINEAINS,2022-06-07,0.2,0.2,0,2026-04-08T03:52:40.734023+00:00,0.0,0.0,0.0,0.0,0.2,0.2,0.2,0.0,0.0,47.710328475266365,-1.6994224263933155e-05,7.650324445767412e-06,-2.4644548709700567e-05,158.0
175234,GUINEAINS,2022-06-08,0.2,0.2,0,2026-04-08T03:52:43.634804+00:00,0.0,0.0,0.0,0.0,0.2,0.2,0.2,0.0,0.0,47.710328475266365,-1.574875427445832e-05,7.116635548193796e-06,-2.2865389822652116e-05,158.0
175347,GUINEAINS,2022-06-09,0.2,0.2,300,2026-04-08T03:52:46.431396+00:00,0.0,0.0,0.0,0.0,0.2,0.2,0.2,0.0,0.0,47.710328475266365,-1.459348571547503e-05,6.617523285741671e-06,-2.12110090012167e-05,165.5
175460,GUINEAINS,2022-06-10,0.2,0.2,0,2026-04-08T03:52:48.916453+00:00,0.0,0.0,0.0,0.0,0.2,0.2,0.2,0.0,0.0,47.710328475266365,-1.3522053246589616e-05,6.15116460370167e-06,-1.9673217850291286e-05,165.5
175573,GUINEAINS,2022-06-14,0.2,0.2,40000,2026-04-08T03:52:55.08065+00:00,0.0,0.0,0.0,0.0,0.2,0.2,0.2,0.0,0.0,47.710328475266365,-1.2528514380688582e-05,5.7157627756821645e-06,-1.8244277156370747e-05,2165.5
175686,GUINEAINS,2022-06-15,0.2,0.2,0,2026-04-08T03:52:57.782204+00:00,0.0,0.0,0.0,0.0,0.2,0.2,0.2,0.0,0.0,47.71032847526636,-1.1607325646673106e-05,5.309561207758114e-06,-1.691688685443122e-05,2165.5
175799,GUINEAINS,2022-06-16,0.2,0.2,0,2026-04-08T03:53:00.45527+00:00,0.0,0.0,0.0,0.0,0.2,0.2,0.2,0.0,0.0,47.710328475266365,-1.0753319366202385e-05,4.9308539905830685e-06,-1.5684173356785454e-05,2165.5
175912,GUINEAINS,2022-06-17,0.2,0.2,0,2026-04-08T03:53:03.647185+00:00,0.0,0.0,0.0,0.0,0.2,0.2,0.2,0.0,0.0,47.71032847526636,-9.961681176479109e-06,4.577993744245076e-06,-1.4539674920724185e-05,2165.5
176025,GUINEAINS,2022-06-20,0.2,0.2,2500,2026-04-08T03:53:09.449588+00:00,0.0,0.0,0.0,0.0,0.2,0.2,0.2,0.0,0.0,47.710328475266365,-9.227928393334972e-06,4.2493972219113705e-06,-1.3477325615246343e-05,2190.5
176138,GUINEAINS,2022-06-21,0.2,0.2,0,2026-04-08T03:53:11.833027+00:00,0.0,0.0,0.0,0.0,0.2,0.2,0.2,0.0,0.0,47.710328475266365,-8.547889279564291e-06,3.943549068545641e-06,-1.2491438348109932e-05,2190.5
176251,GUINEAINS,2022-06-22,0.2,0.2,0,2026-04-08T03:53:14.63862+00:00,0.0,0.0,0.0,0.0,0.2,0.2,0.2,0.0,0.0,47.71032847526636,-7.917683258473751e-06,3.6590040717089463e-06,-1.1576687330182697e-05,2190.0
176364,GUINEAINS,2022-06-23,0.2,0.2,220,2026-04-08T03:53:17.250825+00:00,0.0,0.0,0.0,0.0,0.2,0.2,0.2,0.0,0.0,47.71032847526636,-7.333702093687e-06,3.3943881891965585e-06,-1.0728090282883559e-05,2201.0
176477,GUINEAINS,2022-06-24,0.2,0.2,0,2026-04-08T03:53:19.718295+00:00,0.0,0.0,0.0,0.0,0.2,0.2,0.2,0.0,0.0,47.710328475266365,-6.792592040449907e-06,3.1483985939469224e-06,-9.94099063439683e-06,2201.0
176590,GUINEAINS,2022-06-27,0.2,0.2,200,2026-04-08T03:53:24.073012+00:00,0.0,0.0,0.0,0.0,0.2,0.2,0.2,0.0,0.0,47.71032847526636,-6.291236961220026e-06,2.9198029385414428e-06,-9.211039899761469e-06,2211.0
176703,GUINEAINS,2022-06-28,0.2,0.2,0,2026-04-08T03:53:26.399159+00:00,0.0,0.0,0.0,0.0,0.2,0.2,0.2,0.0,0.0,47.71032847526636,-5.8267423896085635e-06,2.7074380081223255e-06,-8.534180397730889e-06,2211.0
176816,GUINEAINS,2022-06-29,0.2,0.2,200,2026-04-08T03:53:28.994117+00:00,0.0,0.0,0.0,0.0,0.2,0.2,0.2,0.0,0.0,47.71032847526636,-5.396420518555267e-06,2.5102079033404984e-06,-7.906628421895766e-06,2221.0
176929,GUINEAINS,2022-06-30,0.2,0.2,0,2026-04-08T03:53:31.346855+00:00,0.0,0.0,0.0,0.0,0.2,0.2,0.2,0.0,0.0,47.71032847526636,-4.997776083731642e-06,2.3270818705312987e-06,-7.324857954262941e-06,2221.0
177042,GUINEAINS,2022-07-01,0.2,0.2,0,2026-04-08T03:53:33.724657+00:00,0.0,0.0,0.0,0.0,0.2,0.2,0.2,0.0,0.0,47.71032847526636,-4.628493109615217e-06,2.1570918757181793e-06,-6.785584985333396e-06,2221.0
177155,GUINEAINS,2022-07-04,0.2,0.2,0,2026-04-08T03:53:38.198731+00:00,0.0,0.0,0.0,0.0,0.2,0.2,0.2,0.0,0.0,47.71032847526636,-4.286422481930563e-06,1.9993300027222674e-06,-6.28575248465283e-06,2221.0
177268,GUINEAINS,2022-07-06,0.2,0.2,0,2026-04-08T03:53:41.625349+00:00,0.0,0.0,0.0,0.0,0.2,0.2,0.2,0.0,0.0,47.710328475266365,-3.969570309458881e-06,1.8529457401551595e-06,-5.82251604961404e-06,2171.0
177381,GUINEAINS,2022-07-07,0.2,0.2,400000,2026-04-08T03:53:44.268487+00:00,0.0,0.0,0.0,0.0,0.2,0.2,0.2,0.0,0.0,47.71032847526635,-3.676087036913467e-06,1.7171432101604593e-06,-5.393230247073926e-06,22171.0
177494,GUINEAINS,2022-07-13,0.2,0.2,0,2026-04-08T03:53:51.5999+00:00,0.0,0.0,0.0,0.0,0.2,0.2,0.2,0.0,0.0,47.71032847526636,-3.4042572702175367e-06,1.5911783814851122e-06,-4.995435651702649e-06,22171.0
177607,GUINEAINS,2022-07-14,0.2,0.2,0,2026-04-08T03:53:54.010732+00:00,0.0,0.0,0.0,0.0,0.2,0.2,0.2,0.0,0.0,47.71032847526636,-3.1524902761315143e-06,1.4743563004569083e-06,-4.626846576588423e-06,22156.0
177720,GUINEAINS,2022-07-15,0.2,0.2,0,2026-04-08T03:53:56.616585+00:00,0.0,0.0,0.0,0.0,0.2,0.2,0.2,0.0,0.0,47.71032847526636,-2.919311118093626e-06,1.3660283667958373e-06,-4.285339484889463e-06,22156.0
177833,GUINEAINS,2022-07-18,0.2,0.2,200,2026-04-08T03:54:01.214275+00:00,0.0,0.0,0.0,0.0,0.2,0.2,0.2,0.0,0.0,47.71032847526635,-2.7033523917752156e-06,1.2655896744913984e-06,-3.968942066266614e-06,20166.0
177946,GUINEAINS,2022-07-19,0.2,0.2,0,2026-04-08T03:54:03.665978+00:00,0.0,0.0,0.0,0.0,0.2,0.2,0.2,0.0,0.0,47.710328475266365,-2.503346524795891e-06,1.1724764331765786e-06,-3.6758229579724694e-06,20166.0
178059,GUINEAINS,2022-07-20,0.2,0.2,5000,2026-04-08T03:54:06.203384+00:00,0.0,0.0,0.0,0.0,0.2,0.2,0.2,0.0,0.0,47.71032847526636,-2.3181186059595404e-06,1.0861634816103434e-06,-3.404282087569884e-06,20416.0
178172,GUINEAINS,2022-07-21,0.2,0.2,0,2026-04-08T03:54:08.685258+00:00,0.0,0.0,0.0,0.0,0.2,0.2,0.2,0.0,0.0,47.71032847526636,-2.1465797110931106e-06,1.0061619011814188e-06,-3.1527416122745294e-06,20416.0
178285,GUINEAINS,2022-07-22,0.2,0.2,0,2026-04-08T03:54:11.171489+00:00,0.0,0.0,0.0,0.0,0.2,0.2,0.2,0.0,0.0,47.71032847526636,-1.987720694179851e-06,9.320167344757429e-07,-2.9197374286555938e-06,20291.0
178398,GUINEAINS,2022-07-25,0.2,0.2,0,2026-04-08T03:54:15.900169+00:00,0.0,0.0,0.0,0.0,0.2,0.2,0.2,0.0,0.0,47.71032847526635,-1.8406064137554967e-06,8.633048119200781e-07,-2.703911225675575e-06,20291.0
178511,GUINEAINS,2022-07-26,0.2,0.2,100,2026-04-08T03:54:18.382379+00:00,0.0,0.0,0.0,0.0,0.2,0.2,0.2,0.0,0.0,47.71032847526635,-1.7043703659791465e-06,7.996326877571429e-07,-2.5040030537362894e-06,20296.0
178624,GUINEAINS,2022-07-27,0.2,0.2,0,2026-04-08T03:54:20.730044+00:00,0.0,0.0,0.0,0.0,0.2,0.2,0.2,0.0,0.0,47.71032847526636,-1.5782096975669457e-06,7.406346849354752e-07,-2.318844382502421e-06,20285.0
178737,GUINEAINS,2022-07-28,0.2,0.2,125000,2026-04-08T03:54:23.385493+00:00,0.0,0.0,0.0,0.0,0.2,0.2,0.2,0.0,0.0,47.71032847526636,-1.4613805733587615e-06,6.859710473149277e-07,-2.147351620673689e-06,26535.0
178850,GUINEAINS,2022-07-29,0.2,0.2,5500,2026-04-08T03:54:25.692024+00:00,0.0,0.0,0.0,0.0,0.2,0.2,0.2,0.0,0.0,47.71032847526635,-1.3531938740651839e-06,6.353261972868042e-07,-1.988520071351988e-06,26800.0
178963,GUINEAINS,2022-08-01,0.2,0.2,1000,2026-04-08T03:54:30.144665+00:00,0.0,0.0,0.0,0.0,0.2,0.2,0.2,0.0,0.0,47.71032847526636,-1.2530112022679507e-06,5.884070952672302e-07,-1.8414182975351809e-06,26850.0
179076,GUINEAINS,2022-08-02,0.2,0.2,726672,2026-04-08T03:54:32.509592+00:00,0.0,0.0,0.0,0.0,0.2,0.2,0.2,0.0,0.0,47.71032847526635,-1.1602411750522013e-06,5.449416979863839e-07,-1.7051828730385851e-06,63173.6
179189,GUINEAINS,2022-08-03,0.2,0.2,0,2026-04-08T03:54:34.924873+00:00,0.0,0.0,0.0,0.0,0.2,0.2,0.2,0.0,0.0,47.71032847526635,-1.0743359836473676e-06,5.04677511512974e-07,-1.5790134951603416e-06,63173.6
179302,GUINEAINS,2022-08-04,0.2,0.2,0,2026-04-08T03:54:37.32089+00:00,0.0,0.0,0.0,0.0,0.2,0.2,0.2,0.0,0.0,47.71032847526636,-9.94788201397201e-07,4.673802350105127e-07,-1.4621684364077136e-06,63173.6
179415,GUINEAINS,2022-08-05,0.2,0.2,1004000,2026-04-08T03:54:40.805957+00:00,0.0,0.0,0.0,0.0,0.2,0.2,0.2,0.0,0.0,47.71032847526636,-9.211278226839426e-07,4.32832490979017e-07,-1.3539603136629596e-06,113373.6
179528,GUINEAINS,2022-08-08,0.2,0.2,100000,2026-04-08T03:54:45.81173+00:00,0.0,0.0,0.0,0.0,0.2,0.2,0.2,0.0,0.0,47.71032847526636,-8.529195165973835e-07,4.0083263765246096e-07,-1.2537521542498445e-06,118373.6
179641,GUINEAINS,2022-08-09,0.2,0.2,110000,2026-04-08T03:54:48.637408+00:00,0.0,0.0,0.0,0.0,0.2,0.2,0.2,0.0,0.0,47.71032847526636,-7.897600799999793e-07,3.711936593998922e-07,-1.1609537393998715e-06,103873.6
179754,GUINEAINS,2022-08-10,0.2,0.2,0,2026-04-08T03:54:51.561754+00:00,0.0,0.0,0.0,0.0,0.2,0.2,0.2,0.0,0.0,47.71032847526636,-7.31276076054721e-07,3.4374213067612047e-07,-1.0750182067308415e-06,103873.6
179867,GUINEAINS,2022-08-11,0.2,0.2,0,2026-04-08T03:54:54.196076+00:00,0.0,0.0,0.0,0.0,0.2,0.2,0.2,0.0,0.0,47.71032847526636,-6.771216447543082e-07,3.183172495812266e-07,-9.954388943355348e-07,103873.6
179980,GUINEAINS,2022-08-12,0.2,0.2,0,2026-04-08T03:54:57.115593+00:00,0.0,0.0,0.0,0.0,0.2,0.2,0.2,0.0,0.0,47.710328475266365,-6.26976473266927e-07,2.9476993685488634e-07,-9.217464101218133e-07,103873.6
180093,GUINEAINS,2022-08-15,0.2,0.2,0,2026-04-08T03:55:01.874457+00:00,0.0,0.0,0.0,0.0,0.2,0.2,0.2,0.0,0.0,47.710328475266365,-5.805439147466007e-07,2.729619963001701e-07,-8.535059110467708e-07,103863.6
180206,GUINEAINS,2022-08-16,0.2,0.2,477,2026-04-08T03:55:04.540652+00:00,0.0,0.0,0.0,0.0,0.2,0.2,0.2,0.0,0.0,47.710328475266365,-5.375492444781305e-07,2.527653332549124e-07,-7.903145777330429e-07,103887.45
180319,GUINEAINS,2022-08-17,0.2,0.2,10000,2026-04-08T03:55:07.214991+00:00,0.0,0.0,0.0,0.0,0.2,0.2,0.2,0.0,0.0,47.71032847526636,-4.977380441972823e-07,2.3406122682860847e-07,-7.317992710258908e-07,104137.45
180432,GUINEAINS,2022-08-18,0.2,0.2,200078,2026-04-08T03:55:09.916723+00:00,0.0,0.0,0.0,0.0,0.2,0.2,0.2,0.0,0.0,47.71032847526636,-4.6087470445543843e-07,2.1673965325636186e-07,-6.776143577118003e-07,114141.35
180545,GUINEAINS,2022-08-19,0.2,0.2,0,2026-04-08T03:55:12.400686+00:00,0.0,0.0,0.0,0.0,0.2,0.2,0.2,0.0,0.0,47.71032847526635,-4.2674103706286104e-07,2.006986565191514e-07,-6.274396935820124e-07,114141.35
180658,GUINEAINS,2022-08-22,0.2,0.2,0,2026-04-08T03:55:17.568382+00:00,0.0,0.0,0.0,0.0,0.2,0.2,0.2,0.0,0.0,47.71032847526635,-3.95134989561452e-07,1.8584376321644838e-07,-5.809787527779004e-07,114141.35
180771,GUINEAINS,2022-08-23,0.2,0.2,0,2026-04-08T03:55:19.990422+00:00,0.0,0.0,0.0,0.0,0.2,0.2,0.2,0.0,0.0,47.71032847526636,-3.6586945387218073e-07,1.7208743912457576e-07,-5.379568929967565e-07,114136.35
180884,GUINEAINS,2022-08-24,0.2,0.2,0,2026-04-08T03:55:23.644905+00:00,0.0,0.0,0.0,0.0,0.2,0.2,0.2,0.0,0.0,47.71032847526635,-3.3877116292768683e-07,1.5934858405525572e-07,-4.981197469829426e-07,114136.35
180997,GUINEAINS,2022-08-25,0.2,0.2,1584451,2026-04-08T03:55:26.062264+00:00,0.0,0.0,0.0,0.0,0.2,0.2,0.2,0.0,0.0,47.71032847526636,-3.136796681568743e-07,1.4755206306085465e-07,-4.6123173121772896e-07,187108.9
181110,GUINEAINS,2022-08-26,0.2,0.2,0,2026-04-08T03:55:28.378019+00:00,0.0,0.0,0.0,0.0,0.2,0.2,0.2,0.0,0.0,47.71032847526636,-2.9044639257569393e-07,1.3662827091362805e-07,-4.27074663489322e-07,186833.9
181223,GUINEAINS,2022-08-29,0.2,0.2,505300,2026-04-08T03:55:33.185942+00:00,0.0,0.0,0.0,0.0,0.2,0.2,0.2,0.0,0.0,47.71032847526636,-2.6893375337788683e-07,1.2651272808914814e-07,-3.9544648146703497e-07,212048.9
181336,GUINEAINS,2022-08-30,0.2,0.2,0,2026-04-08T03:55:35.909469+00:00,0.0,0.0,0.0,0.0,0.2,0.2,0.2,0.0,0.0,47.71032847526636,-2.4901434939050837e-07,1.1714570566122134e-07,-3.661600550517297e-07,175715.3
181449,GUINEAINS,2022-08-31,0.2,0.2,0,2026-04-08T03:55:38.363566+00:00,0.0,0.0,0.0,0.0,0.2,0.2,0.2,0.0,0.0,47.71032847526635,-2.3057020839822862e-07,1.0847187732280087e-07,-3.390420857210295e-07,175715.3
181562,GUINEAINS,2022-09-01,0.2,0.2,500000,2026-04-08T03:55:40.868139+00:00,0.0,0.0,0.0,0.0,0.2,0.2,0.2,0.0,0.0,47.71032847526636,-2.1349208984000612e-07,1.0043999670481871e-07,-3.1393208654482483e-07,200715.3
181675,GUINEAINS,2022-09-02,0.2,0.2,0,2026-04-08T03:55:43.232165+00:00,0.0,0.0,0.0,0.0,0.2,0.2,0.2,0.0,0.0,47.71032847526635,-1.9767883924215468e-07,9.300259784213614e-08,-2.906814370842908e-07,150515.3
181788,GUINEAINS,2022-09-05,0.2,0.2,630476,2026-04-08T03:55:48.110555+00:00,0.0,0.0,0.0,0.0,0.2,0.2,0.2,0.0,0.0,47.71032847526636,-1.830367900301777e-07,8.611571764329051e-08,-2.691525076734682e-07,177039.1
181901,GUINEAINS,2022-09-06,0.2,0.2,0,2026-04-08T03:55:50.526892+00:00,0.0,0.0,0.0,0.0,0.2,0.2,0.2,0.0,0.0,47.71032847526636,-1.694792097217679e-07,7.973863836136028e-08,-2.4921784808312816e-07,171539.1
182014,GUINEAINS,2022-09-07,0.2,0.2,0,2026-04-08T03:55:53.051287+00:00,0.0,0.0,0.0,0.0,0.2,0.2,0.2,0.0,0.0,47.71032847526635,-1.5692578683723646e-07,7.383364899671338e-08,-2.3075943583394983e-07,171539.1
182127,GUINEAINS,2022-09-08,0.2,0.2,0,2026-04-08T03:55:55.74031+00:00,0.0,0.0,0.0,0.0,0.2,0.2,0.2,0.0,0.0,47.71032847526636,-1.4530215597385876e-07,6.836582388807287e-08,-2.1366797986193163e-07,171539.1
182240,GUINEAINS,2022-09-09,0.2,0.2,0,2026-04-08T03:55:58.848563+00:00,0.0,0.0,0.0,0.0,0.2,0.2,0.2,0.0,0.0,47.71032847526635,-1.3453945765795616e-07,6.330281776318038e-08,-1.9784227542113655e-07,171539.1
182353,GUINEAINS,2022-09-12,0.2,0.2,18425,2026-04-08T03:56:03.370953+00:00,0.0,0.0,0.0,0.0,0.2,0.2,0.2,0.0,0.0,47.710328475266344,-1.2457393097631275e-07,5.8614675555859057e-08,-1.831886065321718e-07,172460.35
182466,GUINEAINS,2022-09-13,0.2,0.2,595124,2026-04-08T03:56:05.83654+00:00,0.0,0.0,0.0,0.0,0.2,0.2,0.2,0.0,0.0,47.71032847526636,-1.1534653618361368e-07,5.4273656278846525e-08,-1.696201924624602e-07,202192.7
182579,GUINEAINS,2022-09-14,0.2,0.2,0,2026-04-08T03:56:08.091672+00:00,0.0,0.0,0.0,0.0,0.2,0.2,0.2,0.0,0.0,47.71032847526635,-1.0680260539852604e-07,5.025406965114732e-08,-1.5705667504967336e-07,201692.7
182692,GUINEAINS,2022-09-16,0.2,0.2,0,2026-04-08T03:56:11.4683+00:00,0.0,0.0,0.0,0.0,0.2,0.2,0.2,0.0,0.0,47.71032847526636,-9.889151880715374e-08,4.65321249940157e-08,-1.4542364380116944e-07,191688.8
182805,GUINEAINS,2022-09-19,0.2,0.2,0,2026-04-08T03:56:15.923342+00:00,0.0,0.0,0.0,0.0,0.2,0.2,0.2,0.0,0.0,47.71032847526635,-9.156640518037662e-08,4.308579089663427e-08,-1.346521960770109e-07,191688.8
182918,GUINEAINS,2022-09-20,0.2,0.2,0,2026-04-08T03:56:18.184056+00:00,0.0,0.0,0.0,0.0,0.2,0.2,0.2,0.0,0.0,47.71032847526635,-8.478386423482753e-08,3.9894665473746695e-08,-1.2467852970857423e-07,191688.8
183031,GUINEAINS,2022-09-21,0.2,0.2,0,2026-04-08T03:56:20.42724+00:00,0.0,0.0,0.0,0.0,0.2,0.2,0.2,0.0,0.0,47.71032847526636,-7.850370978279564e-08,3.693985594062288e-08,-1.1544356572341852e-07,191688.8
183144,GUINEAINS,2022-09-22,0.2,0.2,0,2026-04-08T03:56:22.767495+00:00,0.0,0.0,0.0,0.0,0.2,0.2,0.2,0.0,0.0,47.71032847526635,-7.268873167265433e-08,3.4203867240611356e-08,-1.0689259891326568e-07,191688.8
183257,GUINEAINS,2022-09-23,0.2,0.2,0,2026-04-08T03:56:25.066978+00:00,0.0,0.0,0.0,0.0,0.2,0.2,0.2,0.0,0.0,47.71032847526636,-6.730447552061314e-08,3.167049871412204e-08,-9.897497423473518e-08,112466.25
183370,GUINEAINS,2022-09-26,0.2,0.2,0,2026-04-08T03:56:29.379703+00:00,0.0,0.0,0.0,0.0,0.2,0.2,0.2,0.0,0.0,47.71032847526635,-6.231903862397026e-08,2.932474848861194e-08,-9.16437871125822e-08,112466.25
183483,GUINEAINS,2022-09-28,0.2,0.2,0,2026-04-08T03:56:32.717753+00:00,0.0,0.0,0.0,0.0,0.2,0.2,0.2,0.0,0.0,47.71032847526635,-5.7702881084420454e-08,2.7152724822529405e-08,-8.485560590694986e-08,87201.25
183596,GUINEAINS,2022-09-29,0.2,0.2,0,2026-04-08T03:56:35.489047+00:00,0.0,0.0,0.0,0.0,0.2,0.2,0.2,0.0,0.0,47.71032847526636,-5.342865075363967e-08,2.5141564122648155e-08,-7.857021487628783e-08,87201.25
183709,GUINEAINS,2022-09-30,0.2,0.2,0,2026-04-08T03:56:37.947618+00:00,0.0,0.0,0.0,0.0,0.2,0.2,0.2,0.0,0.0,47.71032847526636,-4.9471021279501315e-08,2.327935487742922e-08,-7.275037615693054e-08,87201.25
183822,GUINEAINS,2022-10-05,0.2,0.2,5010,2026-04-08T03:56:44.538147+00:00,0.0,0.0,0.0,0.0,0.2,0.2,0.2,0.0,0.0,47.71032847526636,-4.5806542114945614e-08,2.1555067233587945e-08,-6.736160934853356e-08,62451.75
183936,GUINEAINS,2022-10-06,0.2,0.2,0,2026-04-08T03:56:46.932693+00:00,0.0,0.0,0.0,0.0,0.2,0.2,0.2,0.0,0.0,47.71032847526636,-4.241349954581253e-08,1.995848784217682e-08,-6.237198738798935e-08,62451.75
184050,GUINEAINS,2022-10-07,0.2,0.2,0,2026-04-08T03:56:49.334037+00:00,0.0,0.0,0.0,0.0,0.2,0.2,0.2,0.0,0.0,47.71032847526635,-3.9271788127015483e-08,1.848015940877909e-08,-5.7751947535794575e-08,30927.95
184164,GUINEAINS,2022-10-11,0.2,0.2,0,2026-04-08T03:56:55.029281+00:00,0.0,0.0,0.0,0.0,0.2,0.2,0.2,0.0,0.0,47.71032847526635,-3.6362791583366416e-08,1.711132476194253e-08,-5.3474116345308946e-08,30927.95
184278,GUINEAINS,2022-10-12,0.2,0.2,0,2026-04-08T03:56:58.300033+00:00,0.0,0.0,0.0,0.0,0.2,0.2,0.2,0.0,0.0,47.710328475266344,-3.366927245340712e-08,1.5843875113521463e-08,-4.951314756692858e-08,30927.95
184392,GUINEAINS,2022-10-13,0.2,0.2,2000,2026-04-08T03:57:00.825788+00:00,0.0,0.0,0.0,0.0,0.2,0.2,0.2,0.0,0.0,47.71032847526635,-3.117527000440212e-08,1.4670302050021169e-08,-4.584557205442329e-08,31027.95
184506,GUINEAINS,2022-10-14,0.2,0.2,0,2026-04-08T03:57:03.298348+00:00,0.0,0.0,0.0,0.0,0.2,0.2,0.2,0.0,0.0,47.71032847526635,-2.886600578011489e-08,1.3583653019446721e-08,-4.244965879956161e-08,31027.95
184620,GUINEAINS,2022-10-17,0.2,0.2,0,2026-04-08T03:57:07.885609+00:00,0.0,0.0,0.0,0.0,0.2,0.2,0.2,0.0,0.0,47.710328475266344,-2.6727795837677704e-08,1.257749036950713e-08,-3.9305286207184833e-08,30106.7
184734,GUINEAINS,2022-10-18,0.2,0.2,0,2026-04-08T03:57:10.303346+00:00,0.0,0.0,0.0,0.0,0.2,0.2,0.2,0.0,0.0,47.71032847526635,-2.4747969840088757e-08,1.1645853093676868e-08,-3.6393822933765625e-08,350.5
184848,GUINEAINS,2022-10-19,0.2,0.2,0,2026-04-08T03:57:12.819589+00:00,0.0,0.0,0.0,0.0,0.2,0.2,0.2,0.0,0.0,47.710328475266344,-2.291479597738011e-08,1.0783221565108413e-08,-3.369801754248852e-08,350.5
184962,GUINEAINS,2022-10-20,0.2,0.2,0,2026-04-08T03:57:15.111185+00:00,0.0,0.0,0.0,0.0,0.2,0.2,0.2,0.0,0.0,47.71032847526634,-2.1217411383389617e-08,9.984484927279122e-09,-3.120189631066874e-08,350.5
185076,GUINEAINS,2022-10-21,0.2,0.2,0,2026-04-08T03:57:17.499968+00:00,0.0,0.0,0.0,0.0,0.2,0.2,0.2,0.0,0.0,47.710328475266344,-1.964575779833666e-08,9.244910809865663e-09,-2.8890668608202324e-08,350.5
185190,GUINEAINS,2022-10-24,0.2,0.2,0,2026-04-08T03:57:21.686266+00:00,0.0,0.0,0.0,0.0,0.2,0.2,0.2,0.0,0.0,47.71032847526634,-1.8190521977601293e-08,8.560117304480829e-09,-2.675063928208212e-08,350.5
185304,GUINEAINS,2022-10-26,0.2,0.2,0,2026-04-08T03:57:24.913682+00:00,0.0,0.0,0.0,0.0,0.2,0.2,0.2,0.0,0.0,47.71032847526634,-1.684308056915107e-08,7.926046970344843e-09,-2.4769127539495913e-08,350.5
185418,GUINEAINS,2022-10-27,0.2,0.2,0,2026-04-08T03:57:27.260544+00:00,0.0,0.0,0.0,0.0,0.2,0.2,0.2,0.0,0.0,47.710328475266344,-1.559544890450404e-08,7.3389429079935e-09,-2.293439181249754e-08,350.5
185532,GUINEAINS,2022-10-28,0.2,0.2,0,2026-04-08T03:57:29.835926+00:00,0.0,0.0,0.0,0.0,0.2,0.2,0.2,0.0,0.0,47.710328475266344,-1.4440233786494616e-08,6.795326420802339e-09,-2.1235560207296955e-08,350.5
185646,GUINEAINS,2022-10-31,0.2,0.2,0,2026-04-08T03:57:34.21591+00:00,0.0,0.0,0.0,0.0,0.2,0.2,0.2,0.0,0.0,47.710328475266344,-1.337058966321969e-08,6.291976435261813e-09,-1.9662566098481503e-08,350.5
185760,GUINEAINS,2022-11-01,0.2,0.2,3000,2026-04-08T03:57:36.609373+00:00,0.0,0.0,0.0,0.0,0.2,0.2,0.2,0.0,0.0,47.71032847526635,-1.2380177993875918e-08,5.8259104836844695e-09,-1.8206088477560388e-08,500.5
185874,GUINEAINS,2022-11-02,0.2,0.2,0,2026-04-08T03:57:39.066556+00:00,0.0,0.0,0.0,0.0,0.2,0.2,0.2,0.0,0.0,47.71032847526635,-1.1463129806488226e-08,5.39436693685773e-09,-1.6857496743345956e-08,500.5
185988,GUINEAINS,2022-11-03,0.2,0.2,0,2026-04-08T03:57:41.442199+00:00,0.0,0.0,0.0,0.0,0.2,0.2,0.2,0.0,0.0,47.71032847526634,-1.0614010781395677e-08,4.9947887695602215e-09,-1.56087995509559e-08,500.5
186102,GUINEAINS,2022-11-04,0.2,0.2,0,2026-04-08T03:57:43.70904+00:00,0.0,0.0,0.0,0.0,0.2,0.2,0.2,0.0,0.0,47.710328475266344,-9.827789221317218e-09,4.6248082637109464e-09,-1.4452597485028164e-08,250.0
186216,GUINEAINS,2022-11-08,0.2,0.2,0,2026-04-08T03:57:49.123122+00:00,0.0,0.0,0.0,0.0,0.2,0.2,0.2,0.0,0.0,47.71032847526634,-9.099806047574432e-09,4.282233149962986e-09,-1.3382039197537418e-08,250.0
186330,GUINEAINS,2022-11-09,0.2,0.2,0,2026-04-08T03:57:51.464602+00:00,0.0,0.0,0.0,0.0,0.2,0.2,0.2,0.0,0.0,47.71032847526635,-8.425747377582837e-09,3.9650334559636655e-09,-1.2390780833546503e-08,250.0
186444,GUINEAINS,2022-11-10,0.2,0.2,18,2026-04-08T03:57:54.291842+00:00,0.0,0.0,0.0,0.0,0.2,0.2,0.2,0.0,0.0,47.710328475266344,-7.80161882318886e-09,3.671329608286114e-09,-1.1472948431474975e-08,250.9
186558,GUINEAINS,2022-11-11,0.2,0.2,100,2026-04-08T03:57:56.704911+00:00,0.0,0.0,0.0,0.0,0.2,0.2,0.2,0.0,0.0,47.710328475266344,-7.223721870674993e-09,3.399381248639987e-09,-1.062310311931498e-08,255.9
186672,GUINEAINS,2022-11-14,0.2,0.2,3000000,2026-04-08T03:58:01.331373+00:00,0.0,0.0,0.0,0.0,0.2,0.2,0.2,0.0,0.0,47.71032847526635,-6.6886319816106266e-09,3.147576910163484e-09,-9.83620889177411e-09,150155.9
186786,GUINEAINS,2022-11-15,0.2,0.2,0,2026-04-08T03:58:03.6444+00:00,0.0,0.0,0.0,0.0,0.2,0.2,0.2,0.0,0.0,47.710328475266344,-6.193178303526281e-09,2.914424470598264e-09,-9.107602774124545e-09,150155.9
186900,GUINEAINS,2022-11-16,0.2,0.2,0,2026-04-08T03:58:06.118311+00:00,0.0,0.0,0.0,0.0,0.2,0.2,0.2,0.0,0.0,47.710328475266344,-5.734424796122184e-09,2.6985423824018892e-09,-8.432967178524073e-09,150155.9
187014,GUINEAINS,2022-11-17,0.2,0.2,50,2026-04-08T03:58:08.47049+00:00,0.0,0.0,0.0,0.0,0.2,0.2,0.2,0.0,0.0,47.710328475266344,-5.309652939544662e-09,2.4986513911835296e-09,-7.808304330728192e-09,150158.4
187128,GUINEAINS,2022-11-18,0.2,0.2,0,2026-04-08T03:58:10.955275+00:00,0.0,0.0,0.0,0.0,0.2,0.2,0.2,0.0,0.0,47.710328475266344,-4.9163456083967105e-09,2.3135669778651855e-09,-7.229912586261896e-09,150158.4
187242,GUINEAINS,2022-11-21,0.2,0.2,0,2026-04-08T03:58:15.672507+00:00,0.0,0.0,0.0,0.0,0.2,0.2,0.2,0.0,0.0,47.710328475266344,-4.5521721392383085e-09,2.1421923576188706e-09,-6.694364496857179e-09,150158.4
187356,GUINEAINS,2022-11-22,0.2,0.2,0,2026-04-08T03:58:18.170118+00:00,0.0,0.0,0.0,0.0,0.2,0.2,0.2,0.0,0.0,47.710328475266344,-4.214974425043039e-09,1.983512057451312e-09,-6.198486482494351e-09,150158.4
187470,GUINEAINS,2022-11-24,0.2,0.2,450,2026-04-08T03:58:21.692503+00:00,0.0,0.0,0.0,0.0,0.2,0.2,0.2,0.0,0.0,47.71032847526634,-3.902754286411181e-09,1.8365857568665367e-09,-5.7393400432777176e-09,150180.9
187584,GUINEAINS,2022-11-25,0.2,0.2,2000,2026-04-08T03:58:24.033539+00:00,0.0,0.0,0.0,0.0,0.2,0.2,0.2,0.0,0.0,47.71032847526635,-3.613661536672197e-09,1.7005428052844165e-09,-5.3142043419566134e-09,150280.9
187698,GUINEAINS,2022-11-28,0.2,0.2,7545,2026-04-08T03:58:28.532723+00:00,0.0,0.0,0.0,0.0,0.2,0.2,0.2,0.0,0.0,47.71032847526635,-3.345983046187939e-09,1.5745770366149397e-09,-4.920560082802879e-09,150658.15
187812,GUINEAINS,2022-11-29,0.2,0.2,0,2026-04-08T03:58:30.983113+00:00,0.0,0.0,0.0,0.0,0.2,0.2,0.2,0.0,0.0,47.71032847526635,-3.098132556056399e-09,1.457942021397185e-09,-4.556074577453584e-09,150658.15
187926,GUINEAINS,2022-11-30,0.2,0.2,0,2026-04-08T03:58:33.448849+00:00,0.0,0.0,0.0,0.0,0.2,0.2,0.2,0.0,0.0,47.71032847526636,-2.868641352238299e-09,1.3499465801722276e-09,-4.218587932410527e-09,150658.15
188040,GUINEAINS,2022-12-01,0.2,0.2,0,2026-04-08T03:58:35.664261+00:00,0.0,0.0,0.0,0.0,0.2,0.2,0.2,0.0,0.0,47.71032847526635,-2.6561494947952013e-09,1.24995075009226e-09,-3.906100244887461e-09,150508.15
188155,GUINEAINS,2022-12-02,0.2,0.2,25,2026-04-08T03:58:37.897027+00:00,0.0,0.0,0.0,0.0,0.2,0.2,0.2,0.0,0.0,47.71032847526635,-2.459397741017e-09,1.1573620030963695e-09,-3.6167597441133693e-09,150509.4
188269,GUINEAINS,2022-12-05,0.2,0.2,0,2026-04-08T03:58:42.456795+00:00,0.0,0.0,0.0,0.0,0.2,0.2,0.2,0.0,0.0,47.71032847526635,-2.2772201901943845e-09,1.071631643135188e-09,-3.3488518333295725e-09,150509.4
188383,GUINEAINS,2022-12-06,0.2,0.2,0,2026-04-08T03:58:44.756119+00:00,0.0,0.0,0.0,0.0,0.2,0.2,0.2,0.0,0.0,47.71032847526636,-2.10853726145821e-09,9.922516574970905e-10,-3.1007889189553004e-09,150509.4
188497,GUINEAINS,2022-12-07,0.2,0.2,0,2026-04-08T03:58:47.196669+00:00,0.0,0.0,0.0,0.0,0.2,0.2,0.2,0.0,0.0,47.710328475266365,-1.9523493655082547e-09,9.187516427576368e-10,-2.8711010082658914e-09,150509.4
188611,GUINEAINS,2022-12-08,0.2,0.2,0,2026-04-08T03:58:49.52806+00:00,0.0,0.0,0.0,0.0,0.2,0.2,0.2,0.0,0.0,47.71032847526636,-1.8077309371644645e-09,8.506960568811418e-10,-2.6584269940456063e-09,150509.4
188725,GUINEAINS,2022-12-09,0.2,0.2,0,2026-04-08T03:58:51.902427+00:00,0.0,0.0,0.0,0.0,0.2,0.2,0.2,0.0,0.0,47.710328475266365,-1.6738249675185557e-09,7.876816212216404e-10,-2.461506588740196e-09,150508.5
188839,GUINEAINS,2022-12-12,0.2,0.2,0,2026-04-08T03:58:56.156124+00:00,0.0,0.0,0.0,0.0,0.2,0.2,0.2,0.0,0.0,47.71032847526636,-1.549837952419253e-09,7.293349090567549e-10,-2.279172861476008e-09,150503.5
188953,GUINEAINS,2022-12-13,0.2,0.2,500000,2026-04-08T03:58:58.485404+00:00,0.0,0.0,0.0,0.0,0.2,0.2,0.2,0.0,0.0,47.71032847526636,-1.4350351462688593e-09,6.753101721657189e-10,-2.110345318434578e-09,25503.5
189067,GUINEAINS,2022-12-14,0.2,0.2,0,2026-04-08T03:59:00.851945+00:00,0.0,0.0,0.0,0.0,0.2,0.2,0.2,0.0,0.0,47.71032847526635,-1.3287362599090358e-09,6.252872468204339e-10,-1.9540235067294697e-09,25503.5
189181,GUINEAINS,2022-12-15,0.2,0.2,0,2026-04-08T03:59:03.086647+00:00,0.0,0.0,0.0,0.0,0.2,0.2,0.2,0.0,0.0,47.710328475266365,-1.23031135279561e-09,5.78969723147088e-10,-1.809281075942698e-09,25503.5
189295,GUINEAINS,2022-12-16,0.2,0.2,0,2026-04-08T03:59:05.5442+00:00,0.0,0.0,0.0,0.0,0.2,0.2,0.2,0.0,0.0,47.71032847526635,-1.1391771970181708e-09,5.360831031396217e-10,-1.6752603001577925e-09,25501.0
189409,GUINEAINS,2022-12-19,0.2,0.2,0,2026-04-08T03:59:09.806719+00:00,0.0,0.0,0.0,0.0,0.2,0.2,0.2,0.0,0.0,47.71032847526635,-1.0547937245863892e-09,4.963732604571228e-10,-1.551166985043512e-09,25501.0
189523,GUINEAINS,2022-12-20,0.2,0.2,0,2026-04-08T03:59:12.630732+00:00,0.0,0.0,0.0,0.0,0.2,0.2,0.2,0.0,0.0,47.71032847526636,-9.766608632943985e-10,4.5960489739929107e-10,-1.4362657606936896e-09,25501.0
189637,GUINEAINS,2022-12-21,0.2,0.2,0,2026-04-08T03:59:14.990319+00:00,0.0,0.0,0.0,0.0,0.2,0.2,0.2,0.0,0.0,47.71032847526635,-9.043156223853543e-10,4.255601106466681e-10,-1.3298757330320224e-09,25501.0
189751,GUINEAINS,2022-12-22,0.2,0.2,0,2026-04-08T03:59:17.229229+00:00,0.0,0.0,0.0,0.0,0.2,0.2,0.2,0.0,0.0,47.71032847526636,-8.373292614827221e-10,3.940371772394403e-10,-1.2313664387221624e-09,25478.5
189865,GUINEAINS,2022-12-23,0.2,0.2,0,2026-04-08T03:59:19.674012+00:00,0.0,0.0,0.0,0.0,0.2,0.2,0.2,0.0,0.0,47.71032847526636,-7.753048480996227e-10,3.648492724980318e-10,-1.1401541205976545e-09,25378.5
189979,GUINEAINS,2022-12-28,0.2,0.2,526000,2026-04-08T03:59:26.406492+00:00,0.0,0.0,0.0,0.0,0.2,0.2,0.2,0.0,0.0,47.71032847526636,-7.17874842903754e-10,3.3782342215512035e-10,-1.0556982650588744e-09,51301.25
190093,GUINEAINS,2022-12-30,0.2,0.2,0,2026-04-08T03:59:29.796579+00:00,0.0,0.0,0.0,0.0,0.2,0.2,0.2,0.0,0.0,47.71032847526636,-6.646989070269171e-10,3.1279948642556584e-10,-9.77498393452483e-10,51301.25
190207,GUINEAINS,2023-01-04,0.2,0.2,0,2026-04-08T03:59:36.276207+00:00,0.0,0.0,0.0,0.0,0.2,0.2,0.2,0.0,0.0,47.71032847526636,-6.154619314191478e-10,2.8962916962666815e-10,-9.05091101045816e-10,51301.25
190321,GUINEAINS,2023-01-05,0.2,0.2,0,2026-04-08T03:59:38.771807+00:00,0.0,0.0,0.0,0.0,0.2,0.2,0.2,0.0,0.0,47.71032847526635,-5.698721494695747e-10,2.6817516126099315e-10,-8.380473107305678e-10,51301.25
190435,GUINEAINS,2023-01-06,0.2,0.2,0,2026-04-08T03:59:41.229635+00:00,0.0,0.0,0.0,0.0,0.2,0.2,0.2,0.0,0.0,47.710328475266365,-5.27659388405155e-10,2.4831033786033026e-10,-7.759697262654853e-10,51300.0
190549,GUINEAINS,2023-01-09,0.2,0.2,0,2026-04-08T03:59:45.608271+00:00,0.0,0.0,0.0,0.0,0.2,0.2,0.2,0.0,0.0,47.71032847526636,-4.885734872228653e-10,2.2991699123409599e-10,-7.184904784569613e-10,51300.0
190663,GUINEAINS,2023-01-10,0.2,0.2,0,2026-04-08T03:59:47.862187+00:00,0.0,0.0,0.0,0.0,0.2,0.2,0.2,0.0,0.0,47.71032847526636,-4.523828533997687e-10,2.1288610004575412e-10,-6.652689534455228e-10,51300.0
190777,GUINEAINS,2023-01-11,0.2,0.2,0,2026-04-08T03:59:50.211712+00:00,0.0,0.0,0.0,0.0,0.2,0.2,0.2,0.0,0.0,47.71032847526636,-4.188729918475076e-10,1.9711676927841222e-10,-6.159897611259198e-10,51300.0
190891,GUINEAINS,2023-01-12,0.2,0.2,0,2026-04-08T03:59:52.676239+00:00,0.0,0.0,0.0,0.0,0.2,0.2,0.2,0.0,0.0,47.71032847526637,-3.878453391781278e-10,1.8251553755823365e-10,-5.703608767363615e-10,51300.0
191005,GUINEAINS,2023-01-13,0.2,0.2,150000,2026-04-08T03:59:55.073566+00:00,0.0,0.0,0.0,0.0,0.2,0.2,0.2,0.0,0.0,47.71032847526637,-3.591160424587514e-10,1.6899586742208805e-10,-5.281119098808394e-10,58800.0
191119,GUINEAINS,2023-01-17,0.2,0.2,0,2026-04-08T04:00:00.52991+00:00,0.0,0.0,0.0,0.0,0.2,0.2,0.2,0.0,0.0,47.710328475266365,-3.325148489885521e-10,1.5647764871382983e-10,-4.889924977023819e-10,58800.0
191233,GUINEAINS,2023-01-18,0.2,0.2,0,2026-04-08T04:00:02.930508+00:00,0.0,0.0,0.0,0.0,0.2,0.2,0.2,0.0,0.0,47.710328475266365,-3.0788410709803316e-10,1.4488671248347907e-10,-4.5277081958151223e-10,33800.0
191347,GUINEAINS,2023-01-19,0.2,0.2,1850000,2026-04-08T04:00:05.157464+00:00,0.0,0.0,0.0,0.0,0.2,0.2,0.2,0.0,0.0,47.710328475266365,-2.8507787797060757e-10,1.3415435328872374e-10,-4.192322312593313e-10,126300.0
191461,GUINEAINS,2023-01-20,0.2,0.2,1000,2026-04-08T04:00:07.441529+00:00,0.0,0.0,0.0,0.0,0.2,0.2,0.2,0.0,0.0,47.710328475266365,-2.6396099195302725e-10,1.2421699144504327e-10,-3.881779833980705e-10,126350.0
191575,GUINEAINS,2023-01-23,0.2,0.2,0,2026-04-08T04:00:11.934625+00:00,0.0,0.0,0.0,0.0,0.2,0.2,0.2,0.0,0.0,47.710328475266365,-2.444083269104169e-10,1.1501572519012288e-10,-3.594240521005398e-10,126350.0
191689,GUINEAINS,2023-01-24,0.2,0.2,15000,2026-04-08T04:00:14.448563+00:00,0.0,0.0,0.0,0.0,0.2,0.2,0.2,0.0,0.0,47.71032847526638,-2.2630400331458134e-10,1.0649603902876675e-10,-3.328000423433481e-10,127100.0
191803,GUINEAINS,2023-01-25,0.2,0.2,6080,2026-04-08T04:00:16.660222+00:00,0.0,0.0,0.0,0.0,0.2,0.2,0.2,0.0,0.0,47.71032847526637,-2.095407458657661e-10,9.860743718206563e-11,-3.0814818304783173e-10,127404.0
191917,GUINEAINS,2023-01-26,0.2,0.2,0,2026-04-08T04:00:19.02129+00:00,0.0,0.0,0.0,0.0,0.2,0.2,0.2,0.0,0.0,47.71032847526637,-1.9401918960326725e-10,9.130319475565157e-11,-2.853223843589188e-10,127404.0
192031,GUINEAINS,2023-01-27,0.2,0.2,30000,2026-04-08T04:00:21.366865+00:00,0.0,0.0,0.0,0.0,0.2,0.2,0.2,0.0,0.0,47.71032847526636,-1.7964738030507021e-10,8.45400032430789e-11,-2.641873835481491e-10,128904.0
192145,GUINEAINS,2023-01-30,0.2,0.2,0,2026-04-08T04:00:26.318741+00:00,0.0,0.0,0.0,0.0,0.2,0.2,0.2,0.0,0.0,47.710328475266365,-1.6634016386518624e-10,7.827777574637032e-11,-2.4461793961155656e-10,128904.0
192259,GUINEAINS,2023-01-31,0.2,0.2,1038600,2026-04-08T04:00:28.560212+00:00,0.0,0.0,0.0,0.0,0.2,0.2,0.2,0.0,0.0,47.710328475266365,-1.5401865893771571e-10,7.24794245390727e-11,-2.264980834767884e-10,154534.0
192373,GUINEAINS,2023-02-06,0.2,0.2,0,2026-04-08T04:00:36.14931+00:00,0.0,0.0,0.0,0.0,0.2,0.2,0.2,0.0,0.0,47.71032847526636,-1.4260986835878953e-10,6.711057209439913e-11,-2.0972044045318865e-10,154534.0
192487,GUINEAINS,2023-02-07,0.2,0.2,0,2026-04-08T04:00:38.379875+00:00,0.0,0.0,0.0,0.0,0.2,0.2,0.2,0.0,0.0,47.710328475266365,-1.320461517906324e-10,6.213943093004502e-11,-1.941855827206774e-10,154534.0
192601,GUINEAINS,2023-02-08,0.2,0.2,10000,2026-04-08T04:00:40.736361+00:00,0.0,0.0,0.0,0.0,0.2,0.2,0.2,0.0,0.0,47.71032847526637,-1.2226494816580669e-10,5.753650764389659e-11,-1.7980145580970328e-10,155034.0
192715,GUINEAINS,2023-02-09,0.2,0.2,500000,2026-04-08T04:00:43.03687+00:00,0.0,0.0,0.0,0.0,0.2,0.2,0.2,0.0,0.0,47.71032847526636,-1.1320827608685136e-10,5.3274543778281526e-11,-1.6648281986513288e-10,180034.0
192829,GUINEAINS,2023-02-10,0.2,0.2,543000,2026-04-08T04:00:46.517744+00:00,0.0,0.0,0.0,0.0,0.2,0.2,0.2,0.0,0.0,47.710328475266365,-1.0482245627052578e-10,4.932829087568569e-11,-1.5415074714621147e-10,207184.0
192943,GUINEAINS,2023-02-13,0.2,0.2,120000,2026-04-08T04:00:50.958429+00:00,0.0,0.0,0.0,0.0,0.2,0.2,0.2,0.0,0.0,47.71032847526636,-9.705780623647797e-11,4.567435272778681e-11,-1.4273215896426478e-10,213184.0
193057,GUINEAINS,2023-02-14,0.2,0.2,900,2026-04-08T04:00:53.400398+00:00,0.0,0.0,0.0,0.0,0.2,0.2,0.2,0.0,0.0,47.71032847526637,-8.986833499591285e-11,4.229105917468156e-11,-1.321593941705944e-10,213229.0
193171,GUINEAINS,2023-02-15,0.2,0.2,0,2026-04-08T04:00:55.645789+00:00,0.0,0.0,0.0,0.0,0.2,0.2,0.2,0.0,0.0,47.710328475266365,-8.321140998468479e-11,3.915838734872769e-11,-1.2236979733341248e-10,213229.0
193285,GUINEAINS,2023-02-16,0.2,0.2,0,2026-04-08T04:00:58.043326+00:00,0.0,0.0,0.0,0.0,0.2,0.2,0.2,0.0,0.0,47.710328475266365,-7.7047590529844e-11,3.625776544285479e-11,-1.1330535597269879e-10,205729.0
193399,GUINEAINS,2023-02-17,0.2,0.2,0,2026-04-08T04:01:00.355798+00:00,0.0,0.0,0.0,0.0,0.2,0.2,0.2,0.0,0.0,47.71032847526637,-7.13403502938803e-11,3.357200454305479e-11,-1.0491235483693509e-10,205729.0
193513,GUINEAINS,2023-02-20,0.2,0.2,665110,2026-04-08T04:01:04.633293+00:00,0.0,0.0,0.0,0.0,0.2,0.2,0.2,0.0,0.0,47.71032847526637,-6.605588298569387e-11,3.1085177480992983e-11,-9.714106046668685e-11,238984.5
193627,GUINEAINS,2023-02-21,0.2,0.2,50150,2026-04-08T04:01:06.910783+00:00,0.0,0.0,0.0,0.0,0.2,0.2,0.2,0.0,0.0,47.71032847526637,-6.116285256041465e-11,2.878256632501777e-11,-8.994541888543242e-11,148992.0
193741,GUINEAINS,2023-02-22,0.2,0.2,250000,2026-04-08T04:01:09.421576+00:00,0.0,0.0,0.0,0.0,0.2,0.2,0.2,0.0,0.0,47.71032847526637,-5.663225444152431e-11,2.665053155512649e-11,-8.32827859966508e-11,161442.0
193855,GUINEAINS,2023-02-23,0.2,0.2,200000,2026-04-08T04:01:11.765387+00:00,0.0,0.0,0.0,0.0,0.2,0.2,0.2,0.0,0.0,47.71032847526638,-5.243724898740254e-11,2.467642960739862e-11,-7.711367859480116e-11,171442.0
193969,GUINEAINS,2023-02-24,0.2,0.2,338000,2026-04-08T04:01:14.12415+00:00,0.0,0.0,0.0,0.0,0.2,0.2,0.2,0.0,0.0,47.71032847526638,-4.855299495787335e-11,2.2848546909542254e-11,-7.14015418674156e-11,187592.0
194083,GUINEAINS,2023-02-27,0.2,0.2,0,2026-04-08T04:01:18.463572+00:00,0.0,0.0,0.0,0.0,0.2,0.2,0.2,0.0,0.0,47.71032847526639,-4.495645522517577e-11,2.1156069313791864e-11,-6.611252453896764e-11,187288.0
194197,GUINEAINS,2023-02-28,0.2,0.2,1500,2026-04-08T04:01:20.671303+00:00,0.0,0.0,0.0,0.0,0.2,0.2,0.2,0.0,0.0,47.71032847526637,-4.1626341262812616e-11,1.9588946620924024e-11,-6.121528788373664e-11,187363.0
194311,GUINEAINS,2023-03-01,0.2,0.2,0,2026-04-08T04:01:23.068989+00:00,0.0,0.0,0.0,0.0,0.2,0.2,0.2,0.0,0.0,47.71032847526637,-3.8542891100945553e-11,1.813791742623287e-11,-5.6680808527178424e-11,185863.0
194425,GUINEAINS,2023-03-02,0.2,0.2,247705,2026-04-08T04:01:25.352172+00:00,0.0,0.0,0.0,0.0,0.2,0.2,0.2,0.0,0.0,47.71032847526637,-3.56878415708195e-11,1.679437356508714e-11,-5.248221513590664e-11,198248.25
194539,GUINEAINS,2023-03-03,0.2,0.2,124177,2026-04-08T04:01:27.716711+00:00,0.0,0.0,0.0,0.0,0.2,0.2,0.2,0.0,0.0,47.71032847526638,-3.304428952688454e-11,1.555034048721768e-11,-4.859463001410222e-11,152527.1
194653,GUINEAINS,2023-03-06,0.2,0.2,0,2026-04-08T04:01:32.392486+00:00,0.0,0.0,0.0,0.0,0.2,0.2,0.2,0.0,0.0,47.71032847526638,-3.059655306891784e-11,1.4398461556147512e-11,-4.4995014625065354e-11,152527.1
194767,GUINEAINS,2023-03-07,0.2,0.2,0,2026-04-08T04:01:34.845095+00:00,0.0,0.0,0.0,0.0,0.2,0.2,0.2,0.0,0.0,47.71032847526637,-2.8330143786448048e-11,1.3331896670893847e-11,-4.1662040457341895e-11,152527.1
194881,GUINEAINS,2023-03-08,0.2,0.2,205392,2026-04-08T04:01:37.261757+00:00,0.0,0.0,0.0,0.0,0.2,0.2,0.2,0.0,0.0,47.71032847526637,-2.6231600225301577e-11,1.2344352185632259e-11,-3.8575952410933835e-11,162296.7
194995,GUINEAINS,2023-03-09,0.2,0.2,0,2026-04-08T04:01:39.987396+00:00,0.0,0.0,0.0,0.0,0.2,0.2,0.2,0.0,0.0,47.71032847526637,-2.4288515643178243e-11,1.1429949414204471e-11,-3.5718465057382714e-11,137296.7
195109,GUINEAINS,2023-03-13,0.2,0.2,202381,2026-04-08T04:01:45.627511+00:00,0.0,0.0,0.0,0.0,0.2,0.2,0.2,0.0,0.0,47.71032847526637,-2.2489343720621946e-11,1.0583297069408616e-11,-3.307264079003056e-11,120265.75
195223,GUINEAINS,2023-03-14,0.2,0.2,0,2026-04-08T04:01:48.257383+00:00,0.0,0.0,0.0,0.0,0.2,0.2,0.2,0.0,0.0,47.710328475266365,-2.08234540721719e-11,9.79934937428693e-12,-3.062280344645883e-11,114265.75
195337,GUINEAINS,2023-03-15,0.2,0.2,0,2026-04-08T04:01:50.627346+00:00,0.0,0.0,0.0,0.0,0.2,0.2,0.2,0.0,0.0,47.71032847526637,-1.9280965712908937e-11,9.073470186839913e-12,-2.835443589974885e-11,114220.75
195451,GUINEAINS,2023-03-16,0.2,0.2,0,2026-04-08T04:01:53.062383+00:00,0.0,0.0,0.0,0.0,0.2,0.2,0.2,0.0,0.0,47.71032847526637,-1.785274705845552e-11,8.401351073034664e-12,-2.6254098131490185e-11,114220.75
195565,GUINEAINS,2023-03-17,0.2,0.2,0,2026-04-08T04:01:55.701252+00:00,0.0,0.0,0.0,0.0,0.2,0.2,0.2,0.0,0.0,47.71032847526638,-1.6530304902673265e-11,7.779034583053538e-12,-2.4309339485726803e-11,114220.75
195679,GUINEAINS,2023-03-20,0.2,0.2,0,2026-04-08T04:01:59.933448+00:00,0.0,0.0,0.0,0.0,0.2,0.2,0.2,0.0,0.0,47.71032847526637,-1.530583992881418e-11,7.202799645530101e-12,-2.250863957434428e-11,114220.75
195793,GUINEAINS,2023-03-22,0.2,0.2,0,2026-04-08T04:02:03.467012+00:00,0.0,0.0,0.0,0.0,0.2,0.2,0.2,0.0,0.0,47.71032847526638,-1.4172052420491354e-11,6.669269723082342e-12,-2.0841322143573697e-11,80965.25
195907,GUINEAINS,2023-03-23,0.2,0.2,0,2026-04-08T04:02:05.929911+00:00,0.0,0.0,0.0,0.0,0.2,0.2,0.2,0.0,0.0,47.71032847526637,-1.3122253283981422e-11,6.175255087673822e-12,-1.9297508371655244e-11,78457.75
196021,GUINEAINS,2023-03-24,0.2,0.2,0,2026-04-08T04:02:08.248632+00:00,0.0,0.0,0.0,0.0,0.2,0.2,0.2,0.0,0.0,47.71032847526638,-1.2150225270346482e-11,5.717826481047011e-12,-1.7868051751393493e-11,65957.75
196135,GUINEAINS,2023-03-27,0.2,0.2,0,2026-04-08T04:02:12.564733+00:00,0.0,0.0,0.0,0.0,0.2,0.2,0.2,0.0,0.0,47.71032847526638,-1.1250195219858483e-11,5.2942852252280075e-12,-1.654448044508649e-11,55957.75
196249,GUINEAINS,2023-03-28,0.2,0.2,0,2026-04-08T04:02:14.764209+00:00,0.0,0.0,0.0,0.0,0.2,0.2,0.2,0.0,0.0,47.71032847526638,-1.0416834061999225e-11,4.902117106469814e-12,-1.531895116846904e-11,39057.75
196363,GUINEAINS,2023-03-29,0.2,0.2,0,2026-04-08T04:02:17.140393+00:00,0.0,0.0,0.0,0.0,0.2,0.2,0.2,0.0,0.0,47.71032847526638,-9.645201304309126e-12,4.538999891327931e-12,-1.4184201195637057e-11,39057.75
196477,GUINEAINS,2023-03-30,0.2,0.2,0,2026-04-08T04:02:19.470716+00:00,0.0,0.0,0.0,0.0,0.2,0.2,0.2,0.0,0.0,47.71032847526638,-8.930745032387222e-12,4.202764930599869e-12,-1.313350996298709e-11,38982.75
196591,GUINEAINS,2023-03-31,0.2,0.2,0,2026-04-08T04:02:21.739047+00:00,0.0,0.0,0.0,0.0,0.2,0.2,0.2,0.0,0.0,47.71032847526637,-8.269190887588707e-12,3.891455260318707e-12,-1.2160646147907414e-11,38982.75
196705,GUINEAINS,2023-04-03,0.2,0.2,0,2026-04-08T04:02:26.060346+00:00,0.0,0.0,0.0,0.0,0.2,0.2,0.2,0.0,0.0,47.71032847526638,-7.656653089327392e-12,3.6031944468640176e-12,-1.125984753619141e-11,26597.5
196819,GUINEAINS,2023-04-04,0.2,0.2,10000,2026-04-08T04:02:28.444728+00:00,0.0,0.0,0.0,0.0,0.2,0.2,0.2,0.0,0.0,47.71032847526638,-7.089495657197631e-12,3.3362815031950243e-12,-1.0425777160392655e-11,20888.65
196933,GUINEAINS,2023-04-05,0.2,0.2,0,2026-04-08T04:02:30.864627+00:00,0.0,0.0,0.0,0.0,0.2,0.2,0.2,0.0,0.0,47.71032847526638,-6.564332410974316e-12,3.089155799534672e-12,-9.653488210508988e-12,20888.65
197047,GUINEAINS,2023-04-06,0.2,0.2,9000,2026-04-08T04:02:33.239626+00:00,0.0,0.0,0.0,0.0,0.2,0.2,0.2,0.0,0.0,47.71032847526637,-6.078082481764113e-12,2.8603245829959005e-12,-8.938407064760014e-12,21338.65
197161,GUINEAINS,2023-04-11,0.2,0.2,0,2026-04-08T04:02:39.320239+00:00,0.0,0.0,0.0,0.0,0.2,0.2,0.2,0.0,0.0,47.71032847526638,-5.627831534127381e-12,2.648460424506106e-12,-8.276291958633487e-12,11069.05
197275,GUINEAINS,2023-04-12,0.2,0.2,0,2026-04-08T04:02:41.643197+00:00,0.0,0.0,0.0,0.0,0.2,0.2,0.2,0.0,0.0,47.71032847526637,-5.210942788380635e-12,2.4522793362022826e-12,-7.663222124582917e-12,11069.05
197389,GUINEAINS,2023-04-13,0.2,0.2,0,2026-04-08T04:02:44.360634+00:00,0.0,0.0,0.0,0.0,0.2,0.2,0.2,0.0,0.0,47.71032847526638,-4.8249459982940834e-12,2.2706209010310673e-12,-7.095566899325151e-12,950.0
197503,GUINEAINS,2023-04-14,0.2,0.2,0,2026-04-08T04:02:47.093001+00:00,0.0,0.0,0.0,0.0,0.2,0.2,0.2,0.0,0.0,47.71032847526638,-4.46753745109163e-12,2.102423558586817e-12,-6.569961009678447e-12,950.0
197617,GUINEAINS,2023-04-17,0.2,0.2,0,2026-04-08T04:02:52.113012+00:00,0.0,0.0,0.0,0.0,0.2,0.2,0.2,0.0,0.0,47.71032847526638,-4.136607723026486e-12,1.9466826293215686e-12,-6.083290352348055e-12,950.0
197731,GUINEAINS,2023-04-18,0.2,0.2,2,2026-04-08T04:02:54.97501+00:00,0.0,0.0,0.0,0.0,0.2,0.2,0.2,0.0,0.0,47.71032847526637,-3.830186168229943e-12,1.8024833472944894e-12,-5.632669515524433e-12,950.1
197845,GUINEAINS,2023-04-19,0.2,0.2,20000,2026-04-08T04:02:57.648371+00:00,0.0,0.0,0.0,0.0,0.2,0.2,0.2,0.0,0.0,47.71032847526637,-3.5464686742869844e-12,1.6689606729899586e-12,-5.215429347276943e-12,1950.1
197959,GUINEAINS,2023-04-20,0.2,0.2,0,2026-04-08T04:03:00.087899+00:00,0.0,0.0,0.0,0.0,0.2,0.2,0.2,0.0,0.0,47.71032847526638,-3.2837621510850568e-12,1.5453337569535088e-12,-4.8290959080385656e-12,1950.1
198073,GUINEAINS,2023-04-25,0.2,0.2,0,2026-04-08T04:03:06.320111+00:00,0.0,0.0,0.0,0.0,0.2,0.2,0.2,0.0,0.0,47.71032847526637,-3.040512286389685e-12,1.430866897319105e-12,-4.47137918370879e-12,1950.1
198187,GUINEAINS,2023-04-26,0.2,0.2,0,2026-04-08T04:03:08.704488+00:00,0.0,0.0,0.0,0.0,0.2,0.2,0.2,0.0,0.0,47.71032847526638,-2.8152757902688563e-12,1.3248827147519474e-12,-4.140158505020804e-12,1950.1
198301,GUINEAINS,2023-04-27,0.2,0.2,0,2026-04-08T04:03:11.176222+00:00,0.0,0.0,0.0,0.0,0.2,0.2,0.2,0.0,0.0,47.71032847526637,-2.6067203950930207e-12,1.2267504879422263e-12,-3.833470883035247e-12,1950.1
198415,GUINEAINS,2023-04-28,0.2,0.2,0,2026-04-08T04:03:13.757457+00:00,0.0,0.0,0.0,0.0,0.2,0.2,0.2,0.0,0.0,47.71032847526638,-2.4136248555350903e-12,1.1358768220001253e-12,-3.5495016775352156e-12,1950.1
198529,GUINEAINS,2023-05-03,0.2,0.2,0,2026-04-08T04:03:20.258962+00:00,0.0,0.0,0.0,0.0,0.2,0.2,0.2,0.0,0.0,47.71032847526638,-2.234823437419209e-12,1.0517425920928056e-12,-3.2865660295120145e-12,1950.1
198643,GUINEAINS,2023-05-04,0.2,0.2,500,2026-04-08T04:03:22.719511+00:00,0.0,0.0,0.0,0.0,0.2,0.2,0.2,0.0,0.0,47.71032847526637,-2.0692614288719824e-12,9.738436805120262e-13,-3.0431051093840086e-12,1975.1
198757,GUINEAINS,2023-05-08,0.2,0.2,0,2026-04-08T04:03:29.045349+00:00,0.0,0.0,0.0,0.0,0.2,0.2,0.2,0.0,0.0,47.71032847526638,-1.915967384746864e-12,9.017101797097159e-13,-2.8176775644565798e-12,1975.1
198871,GUINEAINS,2023-05-09,0.2,0.2,100045,2026-04-08T04:03:32.620003+00:00,0.0,0.0,0.0,0.0,0.2,0.2,0.2,0.0,0.0,47.71032847526637,-1.7740253710485376e-12,8.349217547264337e-13,-2.6089471257749714e-12,6977.35
198985,GUINEAINS,2023-05-12,0.2,0.2,0,2026-04-08T04:03:37.286216+00:00,0.0,0.0,0.0,0.0,0.2,0.2,0.2,0.0,0.0,47.71032847526638,-1.6426027205085347e-12,7.730755242131493e-13,-2.415678244721684e-12,6977.35
199099,GUINEAINS,2023-05-15,0.2,0.2,100,2026-04-08T04:03:41.825544+00:00,0.0,0.0,0.0,0.0,0.2,0.2,0.2,0.0,0.0,47.71032847526637,-1.5209222770096176e-12,7.15804774169653e-13,-2.2367270511792706e-12,6482.35
199213,GUINEAINS,2023-05-16,0.2,0.2,100400,2026-04-08T04:03:44.244464+00:00,0.0,0.0,0.0,0.0,0.2,0.2,0.2,0.0,0.0,47.71032847526637,-1.4082623955857798e-12,6.627717244747926e-13,-2.0710341200605724e-12,11502.35
199327,GUINEAINS,2023-05-17,0.2,0.2,0,2026-04-08T04:03:46.492518+00:00,0.0,0.0,0.0,0.0,0.2,0.2,0.2,0.0,0.0,47.71032847526638,-1.3039291868466307e-12,6.136839465711535e-13,-1.9176131334177842e-12,11052.35
199441,GUINEAINS,2023-05-18,0.2,0.2,1653853,2026-04-08T04:03:48.752249+00:00,0.0,0.0,0.0,0.0,0.2,0.2,0.2,0.0,0.0,47.71032847526638,-1.2073397837042421e-12,5.682186797708339e-13,-1.775558463475076e-12,93745.0
199555,GUINEAINS,2023-05-19,0.2,0.2,0,2026-04-08T04:03:51.139215+00:00,0.0,0.0,0.0,0.0,0.2,0.2,0.2,0.0,0.0,47.71032847526638,-1.1178835634950701e-12,5.261399199840046e-13,-1.6440234834790747e-12,93745.0
199669,GUINEAINS,2023-05-22,0.2,0.2,30000,2026-04-08T04:03:55.484935+00:00,0.0,0.0,0.0,0.0,0.2,0.2,0.2,0.0,0.0,47.71032847526639,-1.0350609258580334e-12,4.871700460968332e-13,-1.5222309719548667e-12,95245.0
199783,GUINEAINS,2023-05-23,0.2,0.2,30000,2026-04-08T04:03:57.886867+00:00,0.0,0.0,0.0,0.0,0.2,0.2,0.2,0.0,0.0,47.71032847526638,-9.583722704320508e-13,4.5108696121825286e-13,-1.4094592316503036e-12,96745.0
199897,GUINEAINS,2023-05-24,0.2,0.2,38164,2026-04-08T04:04:00.334047+00:00,0.0,0.0,0.0,0.0,0.2,0.2,0.2,0.0,0.0,47.71032847526638,-8.87373508007272e-13,4.176685789144252e-13,-1.3050420869216972e-12,98653.2
200011,GUINEAINS,2023-05-25,0.2,0.2,0,2026-04-08T04:04:02.79018+00:00,0.0,0.0,0.0,0.0,0.2,0.2,0.2,0.0,0.0,47.71032847526638,-8.216205493738471e-13,3.867372300382802e-13,-1.2083577794121273e-12,98653.1
200125,GUINEAINS,2023-05-26,0.2,0.2,270000,2026-04-08T04:04:05.139052+00:00,0.0,0.0,0.0,0.0,0.2,0.2,0.2,0.0,0.0,47.71032847526639,-7.607525720487729e-13,3.580841658906836e-13,-1.1188367379394565e-12,111153.1
200239,GUINEAINS,2023-05-30,0.2,0.2,1830000,2026-04-08T04:04:11.011702+00:00,0.0,0.0,0.0,0.0,0.2,0.2,0.2,0.0,0.0,47.71032847526639,-7.043809979734306e-13,3.315645919728207e-13,-1.0359455899462513e-12,202653.1
200353,GUINEAINS,2023-06-01,0.2,0.2,100,2026-04-08T04:04:14.390605+00:00,0.0,0.0,0.0,0.0,0.2,0.2,0.2,0.0,0.0,47.71032847526638,-6.522005158160482e-13,3.069960593041624e-13,-9.591965751202106e-13,202658.1
200467,GUINEAINS,2023-06-02,0.2,0.2,0,2026-04-08T04:04:16.732653+00:00,0.0,0.0,0.0,0.0,0.2,0.2,0.2,0.0,0.0,47.71032847526638,-6.038780586692383e-13,2.8425481316077794e-13,-8.881328718300162e-13,202658.1
200581,GUINEAINS,2023-06-05,0.2,0.2,1021005,2026-04-08T04:04:21.343031+00:00,0.0,0.0,0.0,0.0,0.2,0.2,0.2,0.0,0.0,47.71032847526637,-5.591360707768445e-13,2.6319744084253746e-13,-8.223335116193819e-13,253708.35
200695,GUINEAINS,2023-06-06,0.2,0.2,93000,2026-04-08T04:04:23.98223+00:00,0.0,0.0,0.0,0.0,0.2,0.2,0.2,0.0,0.0,47.71032847526638,-5.176969963827105e-13,2.4370921218933726e-13,-7.614062085720478e-13,258358.35
200809,GUINEAINS,2023-06-07,0.2,0.2,58950,2026-04-08T04:04:26.507718+00:00,0.0,0.0,0.0,0.0,0.2,0.2,0.2,0.0,0.0,47.71032847526638,-4.793387908819113e-13,2.2565393415210916e-13,-7.049927250340205e-13,261305.85
200923,GUINEAINS,2023-06-08,0.2,0.2,453370,2026-04-08T04:04:29.08401+00:00,0.0,0.0,0.0,0.0,0.2,0.2,0.2,0.0,0.0,47.71032847526638,-4.4381165409390633e-13,2.0894485675209135e-13,-6.527565108459977e-13,283949.35
201037,GUINEAINS,2023-06-09,0.2,0.2,842963,2026-04-08T04:04:31.44664+00:00,0.0,0.0,0.0,0.0,0.2,0.2,0.2,0.0,0.0,47.71032847526639,-4.1092129698938606e-13,1.9346817108528933e-13,-6.043894680746754e-13,326097.5
201151,GUINEAINS,2023-06-13,0.2,0.2,57950,2026-04-08T04:04:36.862505+00:00,0.0,0.0,0.0,0.0,0.2,0.2,0.2,0.0,0.0,47.71032847526639,-3.8047343053904115e-13,1.7913283002850736e-13,-5.596062605675485e-13,323992.75
201265,GUINEAINS,2023-06-14,0.21,0.21,2939124,2026-04-08T04:04:39.320552+00:00,4.999999999999982,0.0,0.0,0.0,0.202,0.20050000000000004,0.20020000000000004,1.118033988749891,0.707106781186545,99.99999990318882,0.0007977207973685341,0.0006381766383425123,0.0001595441590260218,470948.95
201379,GUINEAINS,2023-06-15,0.2,0.2,406460,2026-04-08T04:04:41.673534+00:00,-4.761904761904756,4.999999999999982,0.0,0.0,0.202,0.20049999999999998,0.2002,1.584013930267209,0.9863828289239317,48.14814814775786,0.0006159040913613911,0.00036508794586829547,0.00025081614549309566,491266.95
201493,GUINEAINS,2023-06-16,0.2,0.2,3109435,2026-04-08T04:04:44.052846+00:00,0.0,-4.761904761904756,0.0,0.0,0.202,0.20049999999999998,0.20020000000000004,1.584013930267209,0.9863828289239317,48.148148147757865,0.00046643625512945985,0.00017249608770909136,0.0002939401674203685,641718.7
201607,GUINEAINS,2023-06-19,0.2,0.2,112760,2026-04-08T04:04:48.541112+00:00,0.0,0.0,0.0,0.0,0.202,0.20050000000000004,0.2002,1.584013930267209,0.9863828289239317,48.14814814775786,0.00034401631215424944,4.006091578710475e-05,0.0003039553963671447,647356.7
201721,GUINEAINS,2023-06-20,0.22,0.22,967516,2026-04-08T04:04:51.378552+00:00,9.999999999999986,0.0,0.0,0.0,0.20600000000000002,0.2015,0.20060000000000003,2.737986267854489,1.7236610602433637,77.4089062763371,0.0018396244330465272,0.001228535229343506,0.0006110892037030212,613039.85
201835,GUINEAINS,2023-06-21,0.24,0.24,3989632,2026-04-08T04:04:53.764277+00:00,9.090909090909083,9.999999999999986,4.999999999999982,0.0,0.21200000000000002,0.20350000000000001,0.20140000000000005,3.3375049350887287,2.132585653439824,85.94839560773211,0.004585874391773576,0.0031798281504564433,0.0014060462413171323,812521.45
201949,GUINEAINS,2023-06-22,0.26,0.26,999704,2026-04-08T04:04:56.145117+00:00,8.333333333333348,9.090909090909083,-4.761904761904756,0.0,0.22400000000000003,0.2065,0.2026,3.7099053985513577,2.40942329879556,90.01363923417672,0.008280675648419888,0.005499703525682205,0.0027809721227376833,861006.65
202063,GUINEAINS,2023-06-26,0.23,0.23,484819,2026-04-08T04:05:01.671465+00:00,-11.538461538461542,8.333333333333348,0.0,0.0,0.22999999999999998,0.20800000000000002,0.2032,4.701074541873211,2.954420128727439,61.34460873606394,0.008687933890539679,0.0047255694142415965,0.003962364476298082,883747.6
202177,GUINEAINS,2023-06-30,0.21,0.21,3052684,2026-04-08T04:05:07.377697+00:00,-8.695652173913048,-11.538461538461542,0.0,0.0,0.23200000000000004,0.2085,0.2034,5.159336683991174,3.2179715397083952,49.92788954304663,0.0073125614717955145,0.0026801575963979456,0.004632403875397569,1034473.6
202291,GUINEAINS,2023-07-03,0.22,0.22,423680,2026-04-08T04:05:11.758079+00:00,4.761904761904767,-8.695652173913048,9.999999999999986,0.0,0.23200000000000004,0.20950000000000002,0.20380000000000004,5.250368638537178,3.2832879958175982,54.488669679002335,0.006949377252303102,0.001853578701524426,0.005095798550778676,1055657.6
202405,GUINEAINS,2023-07-04,0.24,0.24,3320327,2026-04-08T04:05:14.17436+00:00,9.090909090909083,4.761904761904767,9.090909090909083,4.999999999999982,0.23200000000000004,0.21149999999999997,0.2046,5.578112807976734,3.513176318999788,61.95282021347981,0.008181077624469402,0.00246822325895258,0.0057128543655168215,1208173.95
202519,GUINEAINS,2023-07-05,0.22,0.22,3948991,2026-04-08T04:05:16.577423+00:00,-8.333333333333325,9.090909090909083,8.333333333333348,-4.761904761904756,0.22400000000000003,0.2125,0.205,5.959944930260286,3.7250591541497067,52.65310717921061,0.007457411789278112,0.001395645939009032,0.00606176585026908,1314123.5
202633,GUINEAINS,2023-07-06,0.24,0.24,1389732,2026-04-08T04:05:19.075393+00:00,9.090909090909083,-8.333333333333325,-11.538461538461542,0.0,0.22599999999999998,0.2145,0.2058,6.247692981078015,3.9284693461030504,59.241916045461856,0.00840089397778318,0.0018713025020112798,0.0065295914757719006,1383605.1
202747,GUINEAINS,2023-07-07,0.26,0.26,150000,2026-04-08T04:05:21.415756+00:00,8.333333333333348,9.090909090909083,-8.695652173913048,0.0,0.236,0.21750000000000003,0.207,6.445097668005002,4.083116181415039,64.55402566088536,0.010639794336551767,0.003288162288623893,0.007351632047927874,1391105.1
202861,GUINEAINS,2023-07-10,0.24,0.24,9311035,2026-04-08T04:05:26.355595+00:00,-7.692307692307699,8.333333333333348,4.761904761904767,9.999999999999986,0.24,0.21949999999999997,0.2078,6.762210977872362,4.248057010611892,56.60854869883459,0.010677225736309998,0.0026604749507056994,0.008016750785604298,1805606.6
202975,GUINEAINS,2023-07-11,0.25,0.25,2772085,2026-04-08T04:05:28.903538+00:00,4.166666666666674,-7.692307692307699,9.090909090909083,9.090909090909083,0.242,0.22199999999999998,0.2088,6.789564960732823,4.279727673309881,59.305581200744236,0.011382595343114227,0.0026926756460079436,0.008689919697106283,1939560.85
203089,GUINEAINS,2023-07-12,0.27,0.27,4960652,2026-04-08T04:05:31.299012+00:00,8.000000000000007,4.166666666666674,-8.333333333333325,8.333333333333348,0.252,0.22549999999999998,0.2102,6.940304141939281,4.406897564484824,64.11028571530714,0.013400960757640468,0.003768832848427347,0.00963212790921312,2184645.95
203203,GUINEAINS,2023-07-14,0.27,0.27,5064853,2026-04-08T04:05:34.698751+00:00,0.0,8.000000000000007,9.090909090909083,-11.538461538461542,0.258,0.229,0.2116,6.940304141939281,4.406897564484824,64.11028571530713,0.014829583680615266,0.004157964617121715,0.010671619063493551,2415220.1
203317,GUINEAINS,2023-07-17,0.25,0.25,304148,2026-04-08T04:05:39.139368+00:00,-7.407407407407418,0.0,8.333333333333348,-8.695652173913048,0.256,0.23149999999999998,0.21259999999999998,7.229788119356188,4.552894758074228,56.38890663849673,0.014184435444420385,0.002810253104741466,0.011374182339678919,2388279.35
203431,GUINEAINS,2023-07-19,0.23,0.23,6827426,2026-04-08T04:05:42.577032+00:00,-7.9999999999999964,-7.407407407407418,-7.692307692307699,4.761904761904767,0.254,0.233,0.2132,7.5249689893867195,4.710418610311968,49.91478242195017,0.011921889841197408,0.00043816600121479067,0.011483723839982618,2726753.15
203545,GUINEAINS,2023-07-20,0.23,0.23,201000,2026-04-08T04:05:45.122849+00:00,0.0,-7.9999999999999964,4.166666666666674,9.090909090909083,0.25,0.23399999999999999,0.21380000000000002,7.46693573719192,4.710418610311968,49.914782421950164,0.010013378159570291,-0.001176276544329861,0.011189654703900152,2589846.95
203659,GUINEAINS,2023-07-21,0.24,0.24,2094509,2026-04-08T04:05:47.594805+00:00,4.347826086956519,0.0,8.000000000000007,-8.333333333333325,0.24400000000000005,0.236,0.2146,7.392287957924771,4.743113101075074,53.041177939187655,0.009201713700636577,-0.0015903528026108612,0.010792066503247438,2674249.4
203773,GUINEAINS,2023-07-24,0.24,0.24,1024065,2026-04-08T04:05:52.167161+00:00,0.0,4.347826086956519,0.0,9.090909090909083,0.238,0.238,0.21540000000000004,7.392287957924771,4.743113101075074,53.041177939187655,0.00846093141855872,-0.0018649080677509734,0.010325839486309694,2569980.9
203887,GUINEAINS,2023-07-25,0.24,0.24,2284077,2026-04-08T04:05:54.602351+00:00,0.0,0.0,-7.407407407407418,8.333333333333348,0.23600000000000004,0.24,0.2162,7.392287957924771,4.743113101075074,53.041177939187655,0.007784125568856021,-0.002033371133962939,0.00981749670281896,2678546.75
204001,GUINEAINS,2023-07-26,0.24,0.24,185850,2026-04-08T04:05:57.515236+00:00,0.0,0.0,-7.9999999999999964,-7.692307692307699,0.238,0.24100000000000002,0.21700000000000003,7.096408035479014,4.743113101075074,53.041177939187655,0.0071651565918085525,-0.0021218720888083256,0.009287028680616878,2639463.45
204115,GUINEAINS,2023-07-27,0.24,0.24,33000,2026-04-08T04:05:59.880161+00:00,0.0,0.0,0.0,4.166666666666674,0.24,0.24099999999999996,0.21779999999999997,6.814694685001582,4.743113101075074,53.04117793918765,0.0065985551813946275,-0.002150778799377801,0.008749333980772428,2441631.85
204229,GUINEAINS,2023-07-28,0.24,0.24,38500,2026-04-08T04:06:02.220136+00:00,0.0,0.0,4.347826086956519,8.000000000000007,0.24,0.24,0.2186,6.542007214625964,4.743113101075074,53.04117793918766,0.006079439487407717,-0.00213591559469177,0.008215355082099488,2393571.65
204343,GUINEAINS,2023-07-31,0.24,0.24,2079490,2026-04-08T04:06:06.790851+00:00,0.0,0.0,0.0,0.0,0.24,0.24050000000000002,0.2194,5.972913735779053,4.743113101075074,53.041177939187655,0.005603443550666887,-0.002089529225146081,0.007692972775812968,2473305.2
204457,GUINEAINS,2023-08-02,0.24,0.24,217100,2026-04-08T04:06:10.326378+00:00,0.0,0.0,0.0,-7.407407407407418,0.24,0.242,0.2202,5.580887685874345,4.743113101075074,53.04117793918765,0.005166655354637256,-0.0020210539369405704,0.007187709291577827,2331526.0
204571,GUINEAINS,2023-08-03,0.26,0.26,2486810,2026-04-08T04:06:12.834218+00:00,8.333333333333348,0.0,0.0,-7.9999999999999964,0.244,0.244,0.2214,5.76773453027806,4.870749051816791,61.69320119152667,0.006361004712680862,-0.000661363663117572,0.007022368375798434,2434682.5
204685,GUINEAINS,2023-08-04,0.26,0.26,2236500,2026-04-08T04:06:15.200886+00:00,0.0,8.333333333333348,0.0,0.0,0.248,0.24500000000000002,0.2226,5.445470007967324,4.870749051816791,61.69320119152667,0.007224258429522096,0.00016151204297892852,0.007062746386543167,2380491.15
204799,GUINEAINS,2023-08-07,0.28,0.28,3966184,2026-04-08T04:06:19.871718+00:00,7.692307692307709,0.0,0.0,4.347826086956519,0.256,0.248,0.2242,5.246179555970141,4.9705062586790545,68.43755683943556,0.009413710675713727,0.0018807714313364473,0.0075329392443772795,2381350.8
204913,GUINEAINS,2023-08-08,0.3,0.3,9104330,2026-04-08T04:06:22.245918+00:00,7.14285714285714,7.692307692307709,0.0,0.0,0.268,0.251,0.2262,5.11110766149404,5.0491780081038575,73.468126861271,0.012617256330983873,0.004067453669285273,0.0085498026616986,2767080.7
205027,GUINEAINS,2023-08-09,0.33,0.33,9197174,2026-04-08T04:06:24.635943+00:00,10.000000000000009,7.14285714285714,0.0,0.0,0.28600000000000003,0.2545,0.2288,5.244590734593629,5.206811943692619,78.9005507143432,0.01737653276937523,0.007061384086141305,0.010315148683233926,3219439.4
205141,GUINEAINS,2023-08-10,0.36,0.36,10196022,2026-04-08T04:06:27.035398+00:00,9.090909090909083,10.000000000000009,8.333333333333348,0.0,0.306,0.26050000000000006,0.23200000000000004,5.064753496299007,5.323636906481677,82.71246762198295,0.023300449833421166,0.010388240920149791,0.012912208913271375,3263688.75
205255,GUINEAINS,2023-08-11,0.39,0.39,9499391,2026-04-08T04:06:29.455701+00:00,8.333333333333348,9.090909090909083,0.0,0.0,0.332,0.2675,0.23579999999999998,5.23414265560854,5.411164882656009,85.52813577116413,0.030069325597748664,0.013725693347581829,0.016343632250166835,3600054.05
205369,GUINEAINS,2023-08-14,0.4,0.4,8469179,2026-04-08T04:06:33.923569+00:00,2.564102564102577,8.333333333333348,7.692307692307709,0.0,0.356,0.274,0.2398,5.06517754777579,5.408928805651889,86.32752627996061,0.03582762626099384,0.0155871952086616,0.02024043105233224,3775480.4
205483,GUINEAINS,2023-08-15,0.38,0.38,3939575,2026-04-08T04:06:36.358161+00:00,-5.000000000000004,2.564102564102577,7.14285714285714,0.0,0.372,0.2795,0.24340000000000003,5.292810809994727,5.483663574928373,77.1488766167582,0.03833538175201506,0.014475960559746256,0.023859421192268807,3719216.5
205597,GUINEAINS,2023-08-16,0.35,0.35,848965,2026-04-08T04:06:38.679915+00:00,-7.8947368421052655,-5.000000000000004,10.000000000000009,0.0,0.376,0.28450000000000003,0.2464,5.33861922178673,5.63744242513183,65.84053786148955,0.037470114609629845,0.01088855473388883,0.026581559875741016,3746457.35
205711,GUINEAINS,2023-08-17,0.32,0.32,505585,2026-04-08T04:06:40.998805+00:00,-8.571428571428562,-7.8947368421052655,9.090909090909083,8.333333333333348,0.368,0.28900000000000003,0.24880000000000002,5.395228428270345,5.805023680961972,56.864313717629344,0.03397202651107012,0.0059123733082632815,0.028059653202806838,3430365.3
205825,GUINEAINS,2023-08-18,0.29,0.29,2780353,2026-04-08T04:06:43.468275+00:00,-9.37500000000001,-8.571428571428562,8.333333333333348,0.0,0.34800000000000003,0.29200000000000004,0.2506,5.939801065080901,5.99004878050565,49.58434398260905,0.028451051202955546,0.0003131184001189634,0.028137932802836583,3559332.95
205939,GUINEAINS,2023-08-21,0.3,0.3,378710,2026-04-08T04:06:47.688711+00:00,3.4482758620689724,-9.37500000000001,2.564102564102577,7.692307692307709,0.32799999999999996,0.29500000000000004,0.2526,5.9191418672892,5.999060092199833,51.79950206732723,0.02459899304186347,-0.0028311518087784926,0.027430144850641963,3473543.0
206053,GUINEAINS,2023-08-24,0.27,0.27,189240,2026-04-08T04:06:51.989424+00:00,-9.999999999999986,3.4482758620689724,-5.000000000000004,7.14285714285714,0.30599999999999994,0.2965,0.254,6.433679973644452,6.196226054759918,45.36044145758253,0.01890750595790963,-0.006818111114185867,0.0257256170720955,3431801.75
206167,GUINEAINS,2023-08-25,0.25,0.25,3308850,2026-04-08T04:06:54.38475+00:00,-7.407407407407418,-9.999999999999986,-7.8947368421052655,10.000000000000009,0.286,0.297,0.255,6.689566601519741,6.303155444023543,41.64387827203261,0.01263745190685861,-0.010470532132189514,0.023107984039048124,3483040.4
206281,GUINEAINS,2023-08-28,0.25,0.25,2119341,2026-04-08T04:06:59.310949+00:00,0.0,-7.407407407407418,-8.571428571428562,9.090909090909083,0.27199999999999996,0.2975,0.256,6.689566601519741,6.303155444023543,41.6438782720326,0.007580999850828829,-0.012421587350575438,0.020002587201404267,3579714.95
206395,GUINEAINS,2023-08-29,0.26,0.26,15783241,2026-04-08T04:07:01.613742+00:00,4.0000000000000036,0.0,-9.37500000000001,8.333333333333348,0.26599999999999996,0.29850000000000004,0.2572,6.736050328478108,6.320190735473305,44.29073857163565,0.0043307197516507245,-0.012537493959802835,0.01686821371145356,4367227.0
206509,GUINEAINS,2023-08-30,0.28,0.28,1597941,2026-04-08T04:07:03.820209+00:00,7.692307692307709,4.0000000000000036,3.4482758620689724,2.564102564102577,0.262,0.3005,0.2588,6.916118049974922,6.395411133889786,49.24873437222043,0.003330292668230206,-0.010830336834578683,0.01416062950280889,4445199.05
206623,GUINEAINS,2023-09-01,0.29,0.29,1234010,2026-04-08T04:07:07.195585+00:00,3.5714285714285587,7.692307692307709,-9.999999999999986,-5.000000000000004,0.266,0.303,0.2606,6.934953916746486,6.405355969192557,51.569607653930234,0.0033062510197585104,-0.008683502786440303,0.011989753806198813,4402925.05
206737,GUINEAINS,2023-09-04,0.3,0.3,840007,2026-04-08T04:07:11.730996+00:00,3.4482758620689724,3.5714285714285587,-7.407407407407418,-7.8947368421052655,0.276,0.306,0.2626,6.946901171456298,6.413497511682383,53.84276261487105,0.00404745769380771,-0.006353836889912883,0.010401294583720593,4434070.4
206851,GUINEAINS,2023-09-05,0.3,0.3,49180,2026-04-08T04:07:14.175893+00:00,0.0,3.4482758620689724,0.0,-8.571428571428562,0.28600000000000003,0.308,0.2646,6.753438683965103,6.413497511682383,53.84276261487104,0.0045820502994723955,-0.004655395427398559,0.009237445726870954,4312188.9
206965,GUINEAINS,2023-09-06,0.33,0.33,1834695,2026-04-08T04:07:16.66229+00:00,10.000000000000009,0.0,4.0000000000000036,-9.37500000000001,0.3,0.3115,0.267,7.044350188973793,6.515043047630075,60.32235343189099,0.007341835955768372,-0.0015164878168820659,0.008858323772650438,4292098.65
207079,GUINEAINS,2023-09-07,0.36,0.36,4176990,2026-04-08T04:07:19.134101+00:00,9.090909090909083,10.000000000000009,7.692307692307709,3.4482758620689724,0.316,0.3155,0.2702,7.116292780060785,6.554363367275004,65.53304507538422,0.011813555932002895,0.002364185727481965,0.00944937020452093,4302638.95
207193,GUINEAINS,2023-09-08,0.36,0.36,10874565,2026-04-08T04:07:21.445908+00:00,0.0,9.090909090909083,3.5714285714285587,-9.999999999999986,0.32999999999999996,0.3185,0.2734,6.996779593176727,6.554363367275004,65.53304507538422,0.015182412825838987,0.004586434097054445,0.010595978728784542,4391150.7
207307,GUINEAINS,2023-09-11,0.35,0.35,817924,2026-04-08T04:07:26.133096+00:00,-2.777777777777779,0.0,3.4482758620689724,-7.407407407407418,0.33999999999999997,0.3195,0.2764,6.724164544319336,6.578150833210724,62.366754798266676,0.01685109087285208,0.005004089715254031,0.01184700115759805,3972188.2
207421,GUINEAINS,2023-09-12,0.32,0.32,501945,2026-04-08T04:07:28.57479+00:00,-8.571428571428562,-2.777777777777779,0.0,0.0,0.344,0.3175,0.2784,6.697757371200987,6.603373357013313,53.9459237971593,0.015573262096319818,0.0029810087509774125,0.012592253345342405,3487484.35
207535,GUINEAINS,2023-09-13,0.32,0.32,422680,2026-04-08T04:07:30.890589+00:00,0.0,-8.571428571428562,10.000000000000009,4.0000000000000036,0.34199999999999997,0.314,0.28,6.37930384657302,6.4994661873390855,53.9459237971593,0.01439464112215555,0.0014419102214505135,0.012952730900705036,3033648.8
207649,GUINEAINS,2023-09-14,0.29,0.29,2196648,2026-04-08T04:07:33.324455+00:00,-9.37500000000001,0.0,9.090909090909083,7.692307692307709,0.32799999999999996,0.3085,0.28059999999999996,6.603670686308117,6.561948557263915,46.642114830064195,0.010914016243569247,-0.0016309717257086305,0.012544987969277877,2720022.25
207763,GUINEAINS,2023-09-15,0.29,0.29,2043000,2026-04-08T04:07:35.74244+00:00,0.0,-9.37500000000001,0.0,3.5714285714285587,0.314,0.30399999999999994,0.2818,6.554113433869642,6.3312471789806635,46.642114830064195,0.008062654686345594,-0.0035858666263458277,0.011648521312691422,2625193.5
207877,GUINEAINS,2023-09-18,0.28,0.28,1508952,2026-04-08T04:07:40.292184+00:00,-3.44827586206895,0.0,-2.777777777777779,3.4482758620689724,0.3,0.3005,0.2832,6.386045246211122,6.215399345743306,44.3222601458848,0.004939079053918549,-0.005367553807018298,0.010306632860936847,2658192.85
207991,GUINEAINS,2023-09-19,0.26,0.26,5282991,2026-04-08T04:07:42.606346+00:00,-7.142857142857151,-3.44827586206895,-8.571428571428562,0.0,0.28800000000000003,0.2975,0.284,6.303339194534021,6.286847660079382,40.03359785688774,0.0008401057914310117,-0.007573221655604669,0.008413327447035681,2897063.15
208105,GUINEAINS,2023-09-20,0.25,0.25,9076250,2026-04-08T04:07:45.004042+00:00,-3.8461538461538547,-7.142857142857151,0.0,10.000000000000009,0.274,0.2955,0.2842,6.024501204887706,6.192790003388736,38.05106039556921,-0.003178635149736486,-0.009273570077417734,0.0060949349276812476,3211858.0
208219,GUINEAINS,2023-09-21,0.24,0.24,23684229,2026-04-08T04:07:47.370085+00:00,-4.0000000000000036,-3.8461538461538547,-9.37500000000001,9.090909090909083,0.264,0.2925,0.2846,5.993432790622758,6.099550198724489,36.12449713659292,-0.007088718392534499,-0.010546922656172597,0.0034582042636380986,4377133.95
208333,GUINEAINS,2023-09-22,0.23,0.23,3367362,2026-04-08T04:07:49.898567+00:00,-4.1666666666666625,-4.0000000000000036,0.0,0.0,0.252,0.29050000000000004,0.2844,5.662015817487791,5.999458049586484,34.2566306166168,-0.01086911160677756,-0.011461852696332526,0.0005927410895549671,4536040.05
208447,GUINEAINS,2023-09-25,0.23,0.23,6136244,2026-04-08T04:07:54.305125+00:00,0.0,-4.1666666666666625,-3.44827586206895,-2.777777777777779,0.242,0.2895,0.2838,5.434183269522252,5.880397194450063,34.256630616616796,-0.013707093622417843,-0.011439867769578248,-0.0022672258528395953,4677409.75
208561,GUINEAINS,2023-09-28,0.24,0.24,414924,2026-04-08T04:07:58.898315+00:00,4.347826086956519,0.0,-7.142857142857151,-8.571428571428562,0.238,0.28900000000000003,0.2838,5.531904107803212,5.808184039741476,37.97603113433632,-0.014976656812763667,-0.010167544767939258,-0.00480911204482441,4592188.9
208675,GUINEAINS,2023-09-29,0.24,0.24,321758,2026-04-08T04:08:01.279649+00:00,0.0,4.347826086956519,-3.8461538461538547,0.0,0.236,0.288,0.2836,5.449125149847731,5.779428319478223,37.97603113433631,-0.015800654676279502,-0.008793234105164072,-0.007007420571115429,3819114.75
208789,GUINEAINS,2023-10-03,0.22,0.22,768752,2026-04-08T04:08:06.721549+00:00,-8.333333333333325,0.0,-4.0000000000000036,-9.37500000000001,0.23199999999999998,0.28500000000000003,0.2826,5.3963973647847014,5.784370431291458,33.57068036215559,-0.017861614202666243,-0.00868335490524065,-0.009178259297425592,3777655.3
208903,GUINEAINS,2023-10-04,0.23,0.23,13910769,2026-04-08T04:08:09.042741+00:00,4.545454545454541,-8.333333333333325,-4.1666666666666625,0.0,0.23199999999999998,0.28200000000000003,0.28180000000000005,5.4445764273939865,5.823871957649758,37.47613352959698,-0.018475054125588364,-0.007437435862530217,-0.011037618263058147,4411493.25
209017,GUINEAINS,2023-10-05,0.23,0.23,1437778,2026-04-08T04:08:11.600182+00:00,0.0,4.545454545454541,0.0,-3.44827586206895,0.23199999999999998,0.2785,0.2814,5.349688498040253,5.729019866522549,37.47613352959697,-0.018745127522457994,-0.006166007407519877,-0.012579120114938117,4441381.8
209132,GUINEAINS,2023-10-06,0.22,0.22,7962352,2026-04-08T04:08:14.22861+00:00,-4.34782608695653,0.0,4.347826086956519,-7.142857142857151,0.22800000000000004,0.27449999999999997,0.2812,5.387256433966347,5.647713469036312,35.08397586501878,-0.01954082459952161,-0.0055693635876667945,-0.013971461011854817,4837040.4
209247,GUINEAINS,2023-10-09,0.22,0.22,4361215,2026-04-08T04:08:18.740555+00:00,0.0,-4.34782608695653,0.0,-3.8461538461538547,0.22400000000000003,0.269,0.281,4.692676131663497,5.647713469036312,35.08397586501878,-0.019941546530559795,-0.004776068414963981,-0.015165478115595814,4963366.4
209362,GUINEAINS,2023-10-10,0.21,0.21,2162497,2026-04-08T04:08:21.390436+00:00,-4.545454545454552,0.0,-8.333333333333325,-4.0000000000000036,0.22200000000000003,0.2615,0.2804,3.94214432107915,5.6502101022242295,32.66574916454123,-0.020825969165640307,-0.004528392840035592,-0.016297576325604714,4862641.75
209476,GUINEAINS,2023-10-12,0.22,0.22,5986967,2026-04-08T04:08:24.861957+00:00,4.761904761904767,-4.545454545454552,4.545454545454541,-4.1666666666666625,0.22000000000000003,0.2545,0.28,4.2389931542714825,5.692080181607018,37.31852470214913,-0.02048383910291829,-0.0033490102218508566,-0.017134828881067432,4618261.85
209591,GUINEAINS,2023-10-13,0.22,0.22,724185,2026-04-08T04:08:27.376596+00:00,0.0,4.761904761904767,0.0,0.0,0.21799999999999997,0.248,0.27959999999999996,4.2694632220265145,5.692080181607018,37.31852470214914,-0.019982354420125636,-0.002278020431246565,-0.01770433398887907,4613574.9
209706,GUINEAINS,2023-10-16,0.22,0.22,5167168,2026-04-08T04:08:32.388707+00:00,0.0,0.0,-4.34782608695653,4.347826086956519,0.21800000000000003,0.24300000000000002,0.2792,4.019779030255745,5.692080181607018,37.31852470214914,-0.019361734176682688,-0.0013259201502428923,-0.018035814026439796,4846836.05
209821,GUINEAINS,2023-10-17,0.22,0.22,14456610,2026-04-08T04:08:34.738576+00:00,0.0,0.0,0.0,0.0,0.21800000000000003,0.238,0.27880000000000005,4.019779030255745,5.692080181607018,37.31852470214913,-0.01865484670188622,-0.000495226140357137,-0.01815962056152908,5548532.55
209936,GUINEAINS,2023-10-19,0.25,0.25,4815422,2026-04-08T04:08:38.671249+00:00,13.636363636363647,0.0,-4.545454545454552,-8.333333333333325,0.22600000000000003,0.23600000000000004,0.279,4.922578314359539,6.01057600254066,50.98521023214292,-0.01549526424497294,0.0021314850532449144,-0.017626749298217854,5679471.25
210051,GUINEAINS,2023-10-20,0.23,0.23,1952924,2026-04-08T04:08:40.967521+00:00,-7.9999999999999964,13.636363636363647,4.761904761904767,4.545454545454541,0.22799999999999998,0.233,0.2788,5.1868891051675154,6.123009410595178,44.08436887207954,-0.014438665291608116,0.002550467205287791,-0.016989132496895907,5674967.45
210166,GUINEAINS,2023-10-23,0.24,0.24,1482431,2026-04-08T04:08:45.440193+00:00,4.347826086956519,-7.9999999999999964,0.0,0.0,0.23199999999999998,0.231,0.2788,5.287318524233839,6.152392876550459,47.882713066485294,-0.012648581606873793,0.0034724407120176916,-0.016121022318891485,5673641.4
210281,GUINEAINS,2023-10-24,0.24,0.24,502717,2026-04-08T04:08:47.71675+00:00,0.0,4.347826086956519,0.0,-4.34782608695653,0.236,0.23000000000000004,0.2784,5.061150592103181,6.038977123422657,47.88271306648529,-0.011101951009354044,0.004015257047629953,-0.015117208056983997,5434627.7
210396,GUINEAINS,2023-10-25,0.24,0.24,1294390,2026-04-08T04:08:50.022319+00:00,0.0,0.0,0.0,0.0,0.24,0.22950000000000004,0.278,4.9911025340850586,6.038977123422657,47.882713066485294,-0.009763685429994062,0.004282818101591947,-0.01404650353158601,5045534.7
210511,GUINEAINS,2023-10-26,0.24,0.24,747290,2026-04-08T04:08:52.472279+00:00,0.0,0.0,13.636363636363647,-4.545454545454552,0.238,0.22949999999999998,0.2772,4.9054885899430385,5.936600736360146,47.882713066485294,-0.008603919686279077,0.004354067076245548,-0.012957986762524625,3898687.75
210626,GUINEAINS,2023-10-27,0.24,0.24,727843,2026-04-08T04:08:54.778052+00:00,0.0,0.0,-7.9999999999999964,4.761904761904767,0.24,0.22999999999999998,0.276,4.801575993722334,5.843083786077489,47.882713066485294,-0.007597220944778382,0.004288612654196996,-0.011885833598975378,3766711.8
210741,GUINEAINS,2023-10-30,0.24,0.24,95480,2026-04-08T04:08:59.45056+00:00,0.0,0.0,4.347826086956519,0.0,0.24,0.2305,0.2742,4.801575993722334,5.652108161214682,47.88271306648529,-0.006721918843092339,0.004131131804706433,-0.010853050647798772,3464673.6
210856,GUINEAINS,2023-10-31,0.24,0.24,500100,2026-04-08T04:09:01.914254+00:00,0.0,0.0,0.0,0.0,0.24,0.2305,0.27180000000000004,4.707144034127067,5.481644125182267,47.882713066485294,-0.005959537779456903,0.003914810294673497,-0.0098743480741304,3468932.4
210971,GUINEAINS,2023-11-01,0.24,0.24,2645313,2026-04-08T04:09:04.386399+00:00,0.0,0.0,0.0,0.0,0.24,0.23049999999999998,0.2688,4.707144034127067,5.327123984289297,47.88271306648529,-0.0052943157178683975,0.0036640258850096016,-0.008958341602877999,3585110.15
211086,GUINEAINS,2023-11-02,0.23,0.23,1857690,2026-04-08T04:09:06.696264+00:00,-4.1666666666666625,0.0,0.0,13.636363636363647,0.238,0.231,0.26539999999999997,4.396021620696942,5.324725415126452,42.642153286853905,-0.005510517057445874,0.002758259636345701,-0.008268776693791575,3639557.05
211201,GUINEAINS,2023-11-03,0.24,0.24,686186,2026-04-08T04:09:09.071615+00:00,4.347826086956519,-4.1666666666666625,0.0,-7.9999999999999964,0.238,0.23149999999999998,0.2626,4.3862149591810535,5.344109519700135,48.68981130406854,-0.004819386858454455,0.002759511868269696,-0.007578898726724151,2978327.9
211316,GUINEAINS,2023-11-06,0.25,0.25,217731,2026-04-08T04:09:13.59419+00:00,4.166666666666674,4.347826086956519,0.0,4.347826086956519,0.24,0.2325,0.2606,4.469296728615347,5.288082131957716,53.921884143473854,-0.003425260499034355,0.0033229105821518373,-0.006748171081186192,2917325.55
211431,GUINEAINS,2023-11-07,0.23,0.23,881033,2026-04-08T04:09:15.923939+00:00,-7.9999999999999964,4.166666666666674,0.0,0.0,0.238,0.233,0.2588,4.744373911505396,5.270945594501947,44.21179904441327,-0.003889403545083714,0.002287014028881983,-0.006176417573965697,2563259.6
211547,GUINEAINS,2023-11-08,0.22,0.22,3365464,2026-04-08T04:09:18.177895+00:00,-4.34782608695653,-7.9999999999999964,0.0,0.0,0.23399999999999999,0.23299999999999996,0.25739999999999996,4.85840651628235,5.145071244652289,40.30376545632453,-0.0050064454923294255,0.0009359776653090181,-0.005942423157638444,2513472.05
211663,GUINEAINS,2023-11-09,0.23,0.23,432099,2026-04-08T04:09:20.462573+00:00,4.545454545454541,-4.34782608695653,-4.1666666666666625,0.0,0.23399999999999999,0.23399999999999999,0.256,4.825073495503816,5.16421634987627,45.49249557564764,-0.005026846499518178,0.0007324613264962122,-0.0057593078260143905,2426952.15
211779,GUINEAINS,2023-11-10,0.23,0.23,485708,2026-04-08T04:09:22.644841+00:00,0.0,4.545454545454541,4.347826086956519,0.0,0.23200000000000004,0.2345,0.2552,4.723473046524238,4.9749929074962465,45.49249557564764,-0.004985544194614583,0.000619010905119846,-0.005604555099734429,2151889.2
211895,GUINEAINS,2023-11-13,0.24,0.24,1867980,2026-04-08T04:09:27.404692+00:00,4.347826086956519,0.0,4.166666666666674,0.0,0.22999999999999998,0.2355,0.255,4.806969672053741,4.9046779716202895,50.48397499391381,-0.004098648722742931,0.0012047251015931976,-0.005303373824336129,2209078.95
212011,GUINEAINS,2023-11-14,0.24,0.24,1523452,2026-04-08T04:09:29.775588+00:00,0.0,4.347826086956519,-7.9999999999999964,0.0,0.23200000000000004,0.2365,0.2548,4.806969672053741,4.9046779716202895,50.48397499391381,-0.003357079350504555,0.0015570355790652602,-0.004914114929569815,2026893.15
212127,GUINEAINS,2023-11-15,0.24,0.24,731639,2026-04-08T04:09:32.378304+00:00,0.0,0.0,-4.34782608695653,0.0,0.23600000000000004,0.2375,0.2544,4.806969672053741,4.871203100691251,50.483974993913804,-0.002737820391052803,0.0017410356308136098,-0.004478856021866413,1340644.6
212243,GUINEAINS,2023-11-16,0.22,0.22,2218652,2026-04-08T04:09:34.916677+00:00,-8.333333333333325,0.0,4.545454545454541,-4.1666666666666625,0.23399999999999999,0.236,0.2532,4.11857356412042,4.878976607464541,41.085707500752626,-0.00381688735568686,0.000529574932943643,-0.004346462288630503,1210806.1
212359,GUINEAINS,2023-11-17,0.24,0.24,1890725,2026-04-08T04:09:37.378105+00:00,9.090909090909083,-8.333333333333325,0.0,4.347826086956519,0.236,0.23650000000000002,0.2522,4.262983937321447,5.029960315338904,50.92453536193794,-0.0030233713039820587,0.001058472787718756,-0.004081844091700815,1207696.15
212475,GUINEAINS,2023-11-20,0.25,0.25,816107,2026-04-08T04:09:41.830835+00:00,4.166666666666674,9.090909090909083,4.347826086956519,4.166666666666674,0.238,0.23700000000000002,0.25120000000000003,4.254113546249392,5.0417651429819506,54.97351359408406,-0.0015694955221166873,0.0020098788556673023,-0.0035793743777839896,1174379.95
212591,GUINEAINS,2023-11-21,0.27,0.27,7555559,2026-04-08T04:09:44.211025+00:00,8.000000000000007,4.166666666666674,0.0,-7.9999999999999964,0.244,0.2385,0.2506,4.588304014029047,5.174727876891461,61.76754947385302,0.0011829085294544073,0.003809826325790718,-0.0026269177963363106,1527022.05
212707,GUINEAINS,2023-11-22,0.29,0.29,1957017,2026-04-08T04:09:46.526636+00:00,7.407407407407396,8.000000000000007,0.0,-4.34782608695653,0.254,0.24099999999999996,0.2498,4.822584690195796,5.083852664680208,67.111776257038,0.00492131160656048,0.0060385835223174325,-0.0011172719157569522,1560153.4
212823,GUINEAINS,2023-11-23,0.31,0.31,7333605,2026-04-08T04:09:48.793806+00:00,6.896551724137945,7.407407407407396,-8.333333333333325,4.545454545454541,0.27199999999999996,0.24450000000000002,0.24880000000000002,4.986484681558683,5.011567353799313,71.41484237094447,0.009389618158634344,0.008405512059513037,0.0009841060991213069,1889469.15
212940,GUINEAINS,2023-11-27,0.32,0.32,21725707,2026-04-08T04:09:54.316732+00:00,3.2258064516129004,6.896551724137945,9.090909090909083,0.0,0.288,0.2485,0.24799999999999997,4.990779129881276,5.034588464559654,73.29617570263375,0.013581144737511208,0.010077630910711921,0.0035035138267992872,2939362.35
213057,GUINEAINS,2023-11-28,0.3,0.3,5017618,2026-04-08T04:09:57.050116+00:00,-6.25,3.2258064516129004,4.166666666666674,4.347826086956519,0.298,0.25149999999999995,0.247,5.28130307157037,5.095694350593572,64.19603618361563,0.015114891832215205,0.009289102404332734,0.005825789427882471,3185469.25
213174,GUINEAINS,2023-11-29,0.27,0.27,10685054,2026-04-08T04:09:59.54407+00:00,-9.999999999999986,-6.25,8.000000000000007,0.0,0.298,0.253,0.24599999999999997,5.849194137844098,5.147442698376207,53.47177713865175,0.013751133666160265,0.0063402753906222345,0.00741085827553803,3694716.95
213291,GUINEAINS,2023-11-30,0.25,0.25,703156,2026-04-08T04:10:01.973818+00:00,-7.407407407407418,-9.999999999999986,7.407407407407396,0.0,0.29,0.2535,0.24459999999999998,6.127409284372985,5.246928243694122,47.74535177731032,0.010930512497129674,0.002815723377273314,0.00811478911985636,3597609.1
213408,GUINEAINS,2023-12-01,0.27,0.27,3286700,2026-04-08T04:10:04.46052+00:00,8.000000000000007,-7.407407407407418,6.896551724137945,-8.333333333333325,0.28200000000000003,0.25549999999999995,0.24420000000000003,6.254426744146872,5.2127750110333375,53.148726312143,0.010191501467295083,0.0016613698779509786,0.008530131589344105,3669059.6
213525,GUINEAINS,2023-12-04,0.29,0.29,2722630,2026-04-08T04:10:08.793495+00:00,7.407407407407396,8.000000000000007,3.2258064516129004,9.090909090909083,0.276,0.25799999999999995,0.24420000000000003,6.377022868656953,5.317278285502778,57.843254028612115,0.011091803350276042,0.0020493374087455496,0.009042465941530492,3770881.8
213642,GUINEAINS,2023-12-05,0.31,0.31,2707282,2026-04-08T04:10:11.104733+00:00,6.896551724137945,7.407407407407396,-6.25,4.166666666666674,0.278,0.261,0.24480000000000002,6.473569152038255,5.375820364553752,61.94924907213587,0.013266207351468773,0.0033789931279506243,0.009887214223518149,3895359.35
213759,GUINEAINS,2023-12-06,0.28,0.28,1530791,2026-04-08T04:10:13.383432+00:00,-9.677419354838701,6.896551724137945,-9.999999999999986,8.000000000000007,0.27999999999999997,0.2635,0.2452,6.609596390318366,5.459171806234158,53.52746740780595,0.012425455986574574,0.0020305934104451404,0.010394862576129434,3927847.25
213876,GUINEAINS,2023-12-08,0.3,0.3,1439337,2026-04-08T04:10:16.965057+00:00,7.14285714285714,-9.677419354838701,-7.407407407407418,7.407407407407396,0.29,0.2675,0.2462,6.601522940999502,5.510044436279498,57.659964649117114,0.013220588609673734,0.0022605808268354385,0.010960007782838295,3831540.9
213993,GUINEAINS,2023-12-11,0.3,0.3,3799925,2026-04-08T04:10:21.350621+00:00,0.0,7.14285714285714,8.000000000000007,6.896551724137945,0.296,0.271,0.24739999999999998,6.579256222959676,5.472073880589771,57.659964649117114,0.013692893786065696,0.0021863088025819207,0.011506584983483776,3999932.2
214110,GUINEAINS,2023-12-12,0.27,0.27,2103869,2026-04-08T04:10:23.843731+00:00,-9.999999999999986,0.0,7.407407407407396,3.2258064516129004,0.292,0.27299999999999996,0.2482,7.064959716450253,5.63539401973518,49.93522473137303,0.011513726687386261,5.713363121986545e-06,0.011508013324264274,4080840.25
214227,GUINEAINS,2023-12-13,0.27,0.27,275888,2026-04-08T04:10:26.19208+00:00,0.0,-9.999999999999986,6.896551724137945,-6.25,0.284,0.2745,0.24900000000000003,7.0247819056804435,5.63539401973518,49.93522473137303,0.009675191476883671,-0.001466257477904482,0.011141448954788153,4001235.65
214344,GUINEAINS,2023-12-14,0.29,0.29,200000,2026-04-08T04:10:28.64956+00:00,7.407407407407396,0.0,-9.677419354838701,-9.999999999999986,0.28600000000000003,0.277,0.25,7.172530738228183,5.694578439117877,54.63432762010906,0.009719926665499812,-0.0011372178314306737,0.010857144496930485,3935063.05
214461,GUINEAINS,2023-12-15,0.29,0.29,179500,2026-04-08T04:10:31.179138+00:00,0.0,7.407407407407396,7.14285714285714,-7.407407407407418,0.284,0.27949999999999997,0.251,7.172530738228183,5.694578439117877,54.63432762010906,0.009644207207401334,-0.0009703498316233211,0.010614557039024655,3907456.1
214578,GUINEAINS,2023-12-18,0.29,0.29,797590,2026-04-08T04:10:35.879044+00:00,0.0,0.0,0.0,8.000000000000007,0.282,0.28300000000000003,0.25239999999999996,6.823196667560366,5.549724052996414,54.63432762010906,0.009474977350402203,-0.0009116637508979619,0.010386641101300165,3836403.0
214695,GUINEAINS,2023-12-19,0.27,0.27,808000,2026-04-08T04:10:38.280823+00:00,-6.896551724137923,0.0,-9.999999999999986,7.407407407407396,0.282,0.2845,0.2532,6.837791141261163,5.623557171211988,48.9016177860895,0.0076389713102986145,-0.0021981358328012415,0.009837107143099856,3782266.75
214812,GUINEAINS,2023-12-20,0.29,0.29,389231,2026-04-08T04:10:40.523028+00:00,7.407407407407396,-6.896551724137923,0.0,6.896551724137945,0.286,0.2865,0.2544,6.958702105133593,5.7076908502853,54.089510262823914,0.007708892830897818,-0.0017025714497616307,0.009411464280659448,3760922.95
214929,GUINEAINS,2023-12-21,0.29,0.29,524848,2026-04-08T04:10:42.873875+00:00,0.0,7.407407407407396,7.407407407407396,-9.677419354838701,0.286,0.2875,0.25579999999999997,6.760937257201987,5.663337116857238,54.089510262823914,0.0076758240184794935,-0.001388512209743965,0.009064336228223458,3409387.4
215046,GUINEAINS,2023-12-28,0.29,0.29,1627310,2026-04-08T04:10:51.166125+00:00,0.0,0.0,0.0,7.14285714285714,0.28600000000000003,0.2875,0.2572,6.567243221315626,5.663337116857238,54.089510262823914,0.007562441626773109,-0.0012015156811602812,0.00876395730793339,3392902.05
215163,GUINEAINS,2023-12-29,0.29,0.29,1706000,2026-04-08T04:10:53.57119+00:00,0.0,0.0,0.0,0.0,0.286,0.2865,0.2588,6.375810823833686,5.6134911056714945,54.08951026282391,0.007387427597638219,-0.0011012237682361363,0.008488651365874355,3111521.8
215280,GUINEAINS,2024-01-02,0.29,0.29,9369931,2026-04-08T04:10:59.157783+00:00,0.0,0.0,-6.896551724137923,-9.999999999999986,0.29,0.28500000000000003,0.2602,6.326872715056696,5.585268858491322,54.089510262823914,0.007166121134952574,-0.0010580241847374244,0.008224145319689999,2493733.0
215397,GUINEAINS,2024-01-03,0.31,0.31,6579948,2026-04-08T04:11:01.401293+00:00,6.896551724137945,0.0,7.407407407407396,0.0,0.294,0.2855,0.262,6.358846066136927,5.65220274880001,59.975661252891605,0.008506509278034202,0.00022589116667536165,0.00828061811135884,2571849.5
215514,GUINEAINS,2024-01-04,0.34,0.34,2331088,2026-04-08T04:11:03.846312+00:00,9.677419354838722,6.896551724137945,0.0,7.407407407407396,0.304,0.28900000000000003,0.2644,6.191819082563835,5.786761371411401,66.84276649173196,0.011852893045086355,0.002857819946982011,0.008995073098104343,2154151.2
215631,GUINEAINS,2024-01-05,0.37,0.37,12790238,2026-04-08T04:11:07.208124+00:00,8.823529411764696,9.677419354838722,0.0,0.0,0.31999999999999995,0.29500000000000004,0.26739999999999997,6.04657253048395,5.888090854077011,72.01380806285587,0.01673279037773312,0.006190173823703021,0.010542616554030099,2758505.3
215748,GUINEAINS,2024-01-08,0.4,0.4,12189362,2026-04-08T04:11:11.742656+00:00,8.108108108108114,8.823529411764696,0.0,0.0,0.34199999999999997,0.3015,0.2704,6.05211922503769,5.698955427668462,76.03822851075002,0.02275854708704056,0.009772744426408367,0.012985802660632192,3203638.4
215865,GUINEAINS,2024-01-09,0.44,0.44,5055176,2026-04-08T04:11:14.100458+00:00,9.999999999999986,8.108108108108114,0.0,-6.896551724137923,0.372,0.30900000000000005,0.2746,6.196479386783799,5.680579613809461,80.13914479580748,0.03041110807482228,0.013940244331352068,0.01647086374347021,3320265.7
215982,GUINEAINS,2024-01-10,0.4,0.4,10096914,2026-04-08T04:11:16.512964+00:00,-9.090909090909083,9.999999999999986,6.896551724137945,7.407407407407396,0.39,0.3135,0.2778,6.589597074417383,5.856575869313888,67.66742572000311,0.032869255765251626,0.013118713617425132,0.019750542147826494,3689747.3
216099,GUINEAINS,2024-01-11,0.44,0.44,9221892,2026-04-08T04:11:18.918089+00:00,9.999999999999986,-9.090909090909083,9.677419354838722,0.0,0.41,0.3215,0.2818,6.296970672751658,5.984261106313389,72.30844748041847,0.03761145973051383,0.014288734066149868,0.023322725664363962,4074302.35
216216,GUINEAINS,2024-01-12,0.48,0.48,3662598,2026-04-08T04:11:21.244944+00:00,9.090909090909083,9.999999999999986,8.823529411764696,0.0,0.43200000000000005,0.33049999999999996,0.2866,6.3874106496163,6.078349680929002,76.01594312471816,0.04408912426477324,0.016613118880327418,0.02747600538444582,4185465.4
216333,GUINEAINS,2024-01-15,0.52,0.52,7715329,2026-04-08T04:11:25.674113+00:00,8.333333333333348,9.090909090909083,8.108108108108114,0.0,0.45600000000000007,0.3415,0.2922,6.481959893443888,6.14805690162263,79.0382926106856,0.051852660589167154,0.019501324163777062,0.03235133642539009,4381235.6
216450,GUINEAINS,2024-01-16,0.57,0.57,483437,2026-04-08T04:11:28.037988+00:00,9.615384615384603,8.333333333333348,9.999999999999986,0.0,0.48200000000000004,0.35650000000000004,0.2988,5.868298761629078,6.2420452026241335,82.07842745848268,0.0613328937710807,0.023185245876552484,0.038147647894528215,4300214.0
216567,GUINEAINS,2024-01-18,0.57,0.57,11891907,2026-04-08T04:11:31.337167+00:00,0.0,9.615384615384603,-9.090909090909083,6.896551724137945,0.516,0.3715,0.3054,5.868298761629078,6.2420452026241335,82.07842745848268,0.06806147653444794,0.02393106291193578,0.04413041362251216,4881014.95
216684,GUINEAINS,2024-01-19,0.58,0.58,5139469,2026-04-08T04:11:38.619168+00:00,1.7543859649122862,0.0,9.999999999999986,9.677419354838722,0.5439999999999999,0.386,0.3122,5.829965807064339,6.235864637670059,82.66170069781333,0.07335524962216355,0.023379868799721114,0.04997538082244244,5127988.4
216801,GUINEAINS,2024-01-22,0.53,0.53,8526088,2026-04-08T04:11:42.948818+00:00,-8.620689655172399,1.7543859649122862,9.090909090909083,8.823529411764696,0.554,0.398,0.318,6.4069590144187485,6.408284824862511,70.33559734804842,0.07267823139034918,0.018162280454325386,0.054515950936023794,5545317.8
216918,GUINEAINS,2024-01-23,0.48,0.48,3689176,2026-04-08T04:11:45.304506+00:00,-9.433962264150953,-8.620689655172399,8.333333333333348,8.108108108108114,0.546,0.40750000000000003,0.32299999999999995,6.98078961977941,6.550086865060453,60.60354993306448,0.06733095805898065,0.010252005698365485,0.057078952360615165,5689897.1
217035,GUINEAINS,2024-01-24,0.52,0.52,5292092,2026-04-08T04:11:47.647942+00:00,8.333333333333348,-9.433962264150953,9.615384615384603,9.999999999999986,0.536,0.42000000000000004,0.3286,6.694084473198203,6.607044484115476,64.79969188244296,0.06556507772176623,0.006788900288920846,0.05877617743284538,5914101.7
217152,GUINEAINS,2024-01-25,0.53,0.53,894055,2026-04-08T04:11:50.11021+00:00,1.9230769230769162,8.333333333333348,0.0,-9.090909090909083,0.5279999999999999,0.43199999999999994,0.3342,6.639634858679496,6.5980733801600895,65.78095540106818,0.06423209366586585,0.004364732986416368,0.059867360679449484,5939342.9
217269,GUINEAINS,2024-01-26,0.57,0.57,3907714,2026-04-08T04:11:52.721812+00:00,7.547169811320731,1.9230769230769162,1.7543859649122862,9.999999999999986,0.526,0.446,0.341,6.65841636195598,6.495781231445401,69.44956321297684,0.06564662645778585,0.00462341262266909,0.06102321383511676,6108486.2
217386,GUINEAINS,2024-01-29,0.6,0.6,5928461,2026-04-08T04:11:57.440388+00:00,5.263157894736836,7.547169811320731,-8.620689655172399,9.090909090909083,0.54,0.4614999999999999,0.3486,6.610488841567224,6.444908418928135,71.88417739729005,0.06839993133512734,0.005901374000008459,0.06249855733511888,6323543.75
217503,GUINEAINS,2024-01-30,0.54,0.54,6196503,2026-04-08T04:12:00.024191+00:00,-9.999999999999986,5.263157894736836,-9.433962264150953,8.333333333333348,0.5519999999999999,0.47400000000000003,0.35480000000000006,7.267423674108405,6.662938560918335,61.3532839916737,0.06499126784774384,0.0019941684100999585,0.06299709943764388,6548068.9
217620,GUINEAINS,2024-01-31,0.49,0.49,7460578,2026-04-08T04:12:02.433526+00:00,-9.259259259259267,-9.999999999999986,8.333333333333348,9.615384615384603,0.546,0.4840000000000001,0.36,7.773463917712301,6.8441953366550194,54.2242758931678,0.057591417333722694,-0.004324545683136949,0.06191596301685964,6452601.25
217737,GUINEAINS,2024-02-01,0.53,0.53,2949095,2026-04-08T04:12:04.812869+00:00,8.163265306122458,-9.259259259259267,1.9230769230769162,0.0,0.546,0.495,0.36580000000000007,7.812390942952093,6.894767001143636,58.38976613506437,0.05432838439728194,-0.0060700628956621705,0.06039844729294411,6271058.6
217854,GUINEAINS,2024-02-02,0.58,0.58,813246,2026-04-08T04:12:07.232701+00:00,9.433962264150942,8.163265306122458,7.547169811320731,1.7543859649122862,0.5479999999999999,0.507,0.3726,7.801639933040535,6.972252557501111,62.930651592398085,0.055141354211782345,-0.004205674464929414,0.05934702867671176,6195166.5
217971,GUINEAINS,2024-02-05,0.56,0.56,7058451,2026-04-08T04:12:11.791199+00:00,-3.44827586206895,9.433962264150942,5.263157894736836,-8.620689655172399,0.5399999999999999,0.5165,0.379,7.802038787150559,7.0096038261119515,60.10514258060003,0.05355446327770963,-0.004634052319201706,0.058188515596911336,5908577.15
218088,GUINEAINS,2024-02-06,0.56,0.56,437074,2026-04-08T04:12:14.363902+00:00,0.0,-3.44827586206895,-9.999999999999986,-9.433962264150953,0.544,0.5245,0.3858,7.699015986561127,6.857481876958929,60.105142580600024,0.05170086538602636,-0.005190120168707978,0.05689098555473434,5320962.75
218205,GUINEAINS,2024-02-07,0.51,0.51,2271299,2026-04-08T04:12:16.791058+00:00,-8.92857142857143,0.0,-9.259259259259267,8.333333333333348,0.548,0.528,0.3912,7.823693190214654,6.956364455673654,53.18192618160675,0.04567082868586397,-0.008976125495096299,0.05464695418096027,5181768.9
218322,GUINEAINS,2024-02-08,0.48,0.48,1506900,2026-04-08T04:12:19.312026+00:00,-5.882352941176472,-8.92857142857143,8.163265306122458,1.9230769230769162,0.538,0.5319999999999999,0.3958,7.6357949418331,7.03013402529045,49.49792941286761,0.03803281328048469,-0.01329131272038047,0.05132412600086516,4752268.2
218439,GUINEAINS,2024-02-09,0.52,0.52,1811107,2026-04-08T04:12:21.609908+00:00,8.333333333333348,-5.882352941176472,9.433962264150942,7.547169811320731,0.526,0.536,0.4008,7.5431680145683195,7.036523565767388,54.066765965398204,0.03480607399387148,-0.01321444160559495,0.04802051559946643,4381728.95
218556,GUINEAINS,2024-02-12,0.54,0.54,1862629,2026-04-08T04:12:25.771109+00:00,3.8461538461538547,8.333333333333348,-3.44827586206895,5.263157894736836,0.522,0.5389999999999999,0.40580000000000005,7.339561477627648,6.994062623934647,56.20040627177215,0.03347679308277718,-0.0116349780133514,0.04511177109612858,4291730.5
218673,GUINEAINS,2024-02-13,0.54,0.54,1184776,2026-04-08T04:12:28.061356+00:00,0.0,3.8461538461538547,0.0,-9.999999999999986,0.518,0.54,0.4104,7.125720506530224,6.953200787826926,56.20040627177216,0.03205383176402493,-0.010446351465682915,0.04250018322970785,3965202.85
218790,GUINEAINS,2024-02-14,0.49,0.49,1006975,2026-04-08T04:12:30.570558+00:00,-9.259259259259267,0.0,-8.92857142857143,-9.259259259259267,0.514,0.5359999999999999,0.41379999999999995,7.095274621540342,7.107111513858836,49.529734682444854,0.026585086209287123,-0.01273207761633658,0.039317163825623704,3991379.75
218907,GUINEAINS,2024-02-16,0.48,0.48,366020,2026-04-08T04:12:34.036511+00:00,-2.0408163265306145,-9.259259259259267,-5.882352941176472,8.163265306122458,0.514,0.5315,0.4174,7.102199517950106,7.0428520027904975,48.29507399598799,0.021199771758033448,-0.01449391365407221,0.03569368541210566,3415085.4
219024,GUINEAINS,2024-02-19,0.46,0.46,1777924,2026-04-08T04:12:38.429241+00:00,-4.1666666666666625,-2.0408163265306145,8.333333333333348,9.433962264150942,0.502,0.5255000000000001,0.42119999999999996,7.121670122349598,6.900596228832571,45.83421841534573,0.01514347386308501,-0.01644016923921652,0.03158364310230153,3247008.15
219141,GUINEAINS,2024-02-20,0.46,0.46,586413,2026-04-08T04:12:40.813552+00:00,0.0,-4.1666666666666625,3.8461538461538547,-3.44827586206895,0.48599999999999993,0.522,0.4254,6.887440779021663,6.788315537848768,45.834218415345724,0.010225935924158602,-0.017086165742514342,0.027312101666672944,2850024.4
219258,GUINEAINS,2024-02-21,0.47,0.47,610750,2026-04-08T04:12:43.257682+00:00,2.1739130434782483,0.0,0.0,0.0,0.472,0.5215,0.4294,6.5750903573432575,6.723351706976192,47.388756023253265,0.007054349950080585,-0.016206201373273887,0.023260551323354473,2696103.1
219375,GUINEAINS,2024-02-22,0.44,0.44,1594150,2026-04-08T04:12:45.850796+00:00,-6.382978723404253,2.1739130434782483,-9.259259259259267,-8.92857142857143,0.462,0.5175,0.4324,6.4271812919167255,6.75206295933945,43.367628628966834,0.002095935298593976,-0.016931692819808396,0.019027628118402373,2511206.0
219492,GUINEAINS,2024-02-26,0.42,0.42,3860518,2026-04-08T04:12:51.18414+00:00,-4.545454545454552,-6.382978723404253,-2.0408163265306145,-5.882352941176472,0.45,0.512,0.4346,6.454417434476863,6.744162958043874,40.87734599939413,-0.0034081894032669258,-0.01794865401733544,0.014540464614068513,2659529.15
219609,GUINEAINS,2024-02-27,0.42,0.42,702228,2026-04-08T04:12:53.509755+00:00,0.0,-4.545454545454552,-4.1666666666666625,8.333333333333348,0.442,0.5045,0.4374,6.144179833577331,6.573071509905151,40.87734599939413,-0.0076816980511263955,-0.017777730132155927,0.010096032081029532,2499254.85
219726,GUINEAINS,2024-02-29,0.38,0.38,465810,2026-04-08T04:12:56.822244+00:00,-9.523809523809524,0.0,0.0,3.8461538461538547,0.426,0.49350000000000005,0.439,6.197862055259235,6.67831974542163,36.07270408591094,-0.0141332310595505,-0.019383410512464026,0.005250179452913526,2226122.3
219843,GUINEAINS,2024-03-01,0.4,0.4,485248,2026-04-08T04:12:59.287484+00:00,5.263157894736836,-9.523809523809524,2.1739130434782483,0.0,0.41200000000000003,0.48650000000000004,0.44099999999999995,6.109660177013699,6.708583264520818,39.87781876904139,-0.017431346880286747,-0.01814522106656022,0.0007138741862734712,1940559.55
219960,GUINEAINS,2024-03-04,0.4,0.4,899118,2026-04-08T04:13:03.814092+00:00,0.0,5.263157894736836,-6.382978723404253,-9.259259259259267,0.404,0.48199999999999993,0.4436,5.8196201339302265,6.526684973331112,39.87781876904139,-0.019816692929236324,-0.016424453692407835,-0.0033922392368284883,1612486.55
220078,GUINEAINS,2024-03-05,0.4,0.4,200092,2026-04-08T04:13:06.279726+00:00,0.0,0.0,-4.545454545454552,-2.0408163265306145,0.4,0.4755,0.4462,5.4273782399018655,6.526684973331112,39.87781876904138,-0.02145972253534517,-0.014453986638813346,-0.007005735896531825,1475036.4
220196,GUINEAINS,2024-03-06,0.37,0.37,1227200,2026-04-08T04:13:08.558236+00:00,-7.500000000000007,0.0,0.0,-4.1666666666666625,0.39,0.465,0.44780000000000003,4.973792187734842,6.568296287220956,35.877050001245884,-0.02489560359385956,-0.014311894157862187,-0.010583709435997374,1495734.1
220314,GUINEAINS,2024-03-07,0.38,0.38,690093,2026-04-08T04:13:10.988978+00:00,2.7027027027026973,-7.500000000000007,-9.523809523809524,0.0,0.39,0.45599999999999996,0.4496,5.075368024650843,6.573535611628691,38.10611745562357,-0.02650610181812174,-0.012737913905699493,-0.013768187912422248,1177316.2
220432,GUINEAINS,2024-03-08,0.35,0.35,866200,2026-04-08T04:13:13.453006+00:00,-7.8947368421052655,2.7027027027026973,5.263157894736836,2.1739130434782483,0.38,0.4455,0.4508,5.2329314789022785,6.68587625771949,34.25856282459879,-0.029858986730941173,-0.012872639054815137,-0.016986347676126036,1198772.5
220550,GUINEAINS,2024-03-11,0.35,0.35,337044,2026-04-08T04:13:17.773706+00:00,0.0,-7.8947368421052655,0.0,-6.382978723404253,0.37,0.4375,0.45239999999999997,5.003653715218818,6.598712549734209,34.2585628245988,-0.03214561751185735,-0.01212741586858505,-0.0200182016432723,1102059.75
220668,GUINEAINS,2024-03-12,0.35,0.35,1050395,2026-04-08T04:13:20.258657+00:00,0.0,0.0,0.0,-4.545454545454552,0.36,0.43100000000000005,0.4536,4.91976707059724,6.528615288724207,34.2585628245988,-0.033570805530958536,-0.01084208311014899,-0.022728722420809547,1079234.5
220786,GUINEAINS,2024-03-13,0.38,0.38,1201997,2026-04-08T04:13:22.557243+00:00,8.571428571428585,0.0,-7.500000000000007,0.0,0.362,0.42399999999999993,0.45539999999999997,4.944909693733326,6.6247381111946675,41.62068677473584,-0.03191167015525764,-0.0073463581875584764,-0.024565311967699167,1048779.0
220904,GUINEAINS,2024-03-14,0.38,0.38,25050,2026-04-08T04:13:25.004754+00:00,0.0,8.571428571428585,2.7027027027026973,-9.523809523809524,0.362,0.41600000000000004,0.45720000000000005,4.801303664095729,6.6247381111946675,41.62068677473584,-0.030248112010132888,-0.004546240033946977,-0.02570187197618591,956900.05
221022,GUINEAINS,2024-03-15,0.38,0.38,102600,2026-04-08T04:13:27.500984+00:00,0.0,0.0,-7.8947368421052655,5.263157894736836,0.368,0.40800000000000003,0.45899999999999996,4.801303664095729,6.6247381111946675,41.620686774735844,-0.0286000466598485,-0.002318539746930068,-0.02628150691291843,902791.25
221140,GUINEAINS,2024-03-19,0.36,0.36,732546,2026-04-08T04:13:32.54102+00:00,-5.263157894736848,0.0,0.0,0.0,0.37,0.40149999999999997,0.4604,4.543327239203405,6.678615612757615,38.07076841944113,-0.028578342506094645,-0.0018374684745409708,-0.026740874031553674,889069.8
221258,GUINEAINS,2024-03-20,0.36,0.36,1466164,2026-04-08T04:13:34.949661+00:00,0.0,-5.263157894736848,0.0,0.0,0.372,0.3955,0.46140000000000003,4.551804109406768,6.617963398877062,38.07076841944114,-0.02823565871034911,-0.0011958277430363477,-0.027039830967312762,944077.0
221376,GUINEAINS,2024-03-21,0.39,0.39,1191881,2026-04-08T04:13:37.293426+00:00,8.333333333333348,0.0,8.571428571428585,-7.500000000000007,0.374,0.392,0.46240000000000003,4.979628649074338,6.582619400778147,46.07243674111447,-0.025252237973393488,0.0014300743951354208,-0.02668231236852891,914774.85
221494,GUINEAINS,2024-03-22,0.39,0.39,198427,2026-04-08T04:13:39.66616+00:00,0.0,8.333333333333348,0.0,2.7027027027026973,0.376,0.3885,0.4628,4.979628649074338,6.471922732462568,46.07243674111447,-0.022627025282349722,0.0032442296689433534,-0.025871254951293075,895375.55
221612,GUINEAINS,2024-03-25,0.39,0.39,239250,2026-04-08T04:13:43.964435+00:00,0.0,0.0,0.0,-7.8947368421052655,0.378,0.38449999999999995,0.46260000000000007,4.937063882365601,6.373398398556985,46.07243674111448,-0.02031237687446813,0.0044471024614599584,-0.02475947933592809,876800.55
221730,GUINEAINS,2024-03-26,0.38,0.38,1433288,2026-04-08T04:13:46.391317+00:00,-2.564102564102566,0.0,-5.263157894736848,0.0,0.382,0.3815,0.46140000000000003,4.7816649780839775,6.222977942091001,43.72061751271576,-0.01906514661901143,0.004555466173533328,-0.023620612792544758,868757.45
221848,GUINEAINS,2024-03-27,0.38,0.38,568480,2026-04-08T04:13:48.795654+00:00,0.0,-2.564102564102566,0.0,0.0,0.386,0.37950000000000006,0.461,4.692511443801946,6.08630556806635,43.72061751271577,-0.0178707052893059,0.004599926002591088,-0.022470631291896987,704155.55
221966,GUINEAINS,2024-03-28,0.35,0.35,2907514,2026-04-08T04:13:51.173779+00:00,-7.8947368421052655,0.0,8.333333333333348,8.571428571428585,0.378,0.376,0.4592,4.980841637233923,6.016771257729853,37.12674880510084,-0.019124397064729626,0.0026769873817338932,-0.02180138444646352,814419.85
222084,GUINEAINS,2024-04-02,0.37,0.37,1780182,2026-04-08T04:13:58.053067+00:00,5.714285714285716,-7.8947368421052655,0.0,0.0,0.374,0.3755,0.457,4.733627611950102,5.92775322605485,43.26951427759563,-0.018293250768383784,0.0028065069424637913,-0.021099757710847575,880138.45
222202,GUINEAINS,2024-04-03,0.35,0.35,2178865,2026-04-08T04:14:00.66873+00:00,-5.405405405405405,5.714285714285716,0.0,0.0,0.366,0.373,0.4536,4.707198628164555,5.834913315913399,39.15027073886186,-0.019029039273886272,0.0016565747495690432,-0.020685614023455316,964819.3
222320,GUINEAINS,2024-04-04,0.37,0.37,604897,2026-04-08T04:14:03.310057+00:00,5.714285714285716,-5.405405405405405,-2.564102564102566,-5.263157894736848,0.364,0.3715,0.4496,4.911947251095866,5.720199759103928,44.80863932133398,-0.017793215005845353,0.0023139192140879707,-0.020107134219933324,950108.25
222438,GUINEAINS,2024-04-05,0.36,0.36,1897705,2026-04-08T04:14:05.820809+00:00,-2.7027027027027084,5.714285714285716,0.0,0.0,0.36,0.36950000000000005,0.4454,4.941094760851779,5.726227585647164,42.672004437408255,-0.01741992573594614,0.0021497667871897483,-0.01956969252313589,1034988.9
222556,GUINEAINS,2024-04-12,0.36,0.36,996044,2026-04-08T04:14:15.984697+00:00,0.0,-2.7027027027027084,-7.8947368421052655,8.333333333333348,0.362,0.369,0.441,4.650710392481439,5.715916167710619,42.672004437408255,-0.016928944960544257,0.002112598050073307,-0.019041543010617563,1023431.1
222674,GUINEAINS,2024-04-15,0.36,0.36,2620097,2026-04-08T04:14:20.492228+00:00,0.0,0.0,5.714285714285716,0.0,0.36,0.368,0.4376,4.606043170626819,5.6037467528581555,42.672004437408255,-0.016351350963171862,0.0021521536379565595,-0.018503504601128422,1119931.3
222792,GUINEAINS,2024-04-16,0.34,0.34,865290,2026-04-08T04:14:22.958286+00:00,-5.5555555555555465,0.0,-5.405405405405405,0.0,0.358,0.3675,0.43479999999999996,4.425726909033124,5.5051657832358245,38.13026300930442,-0.017307921467074716,0.000956466507242966,-0.018264387974317682,1119885.8
222910,GUINEAINS,2024-04-17,0.37,0.37,1058725,2026-04-08T04:14:25.407203+00:00,8.823529411764696,-5.5555555555555465,5.714285714285716,-2.564102564102566,0.358,0.3685,0.4318,4.850635210113466,5.521698499901777,47.20703378586529,-0.01546696762862737,0.0022379362765522492,-0.01770490390517962,1155969.85
223028,GUINEAINS,2024-04-18,0.34,0.34,486735,2026-04-08T04:14:27.862982+00:00,-8.108108108108103,8.823529411764696,-2.7027027027027084,0.0,0.354,0.368,0.428,5.210313141135017,5.612307686431297,40.76625224570826,-0.016241525531511924,0.0011707026989341562,-0.01741222823044608,1127786.85
223146,GUINEAINS,2024-04-19,0.34,0.34,384198,2026-04-08T04:14:30.225092+00:00,0.0,-8.108108108108103,0.0,-7.8947368421052655,0.35,0.366,0.42339999999999994,4.8033336206271695,5.485233373082444,40.76625224570826,-0.016663284281276003,0.0005991551593360622,-0.017262439440612065,1086896.9
223264,GUINEAINS,2024-04-22,0.34,0.34,499200,2026-04-08T04:14:34.624841+00:00,0.0,0.0,0.0,5.714285714285716,0.346,0.364,0.4182,4.8033336206271695,5.414993715526469,40.76625224570826,-0.01680382707062078,0.0003668898959930285,-0.01717071696661381,1110604.4
223382,GUINEAINS,2024-04-23,0.34,0.34,555667,2026-04-08T04:14:36.881925+00:00,0.0,0.0,-5.5555555555555465,-5.405405405405405,0.34600000000000003,0.362,0.41419999999999996,4.8033336206271695,5.257621736237445,40.766252245708266,-0.016722442337821164,0.000358619703034118,-0.017081062040855282,1133257.75
223500,GUINEAINS,2024-04-24,0.33,0.33,1606004,2026-04-08T04:14:39.108369+00:00,-2.941176470588236,0.0,8.823529411764696,5.714285714285716,0.338,0.3605,0.41100000000000003,4.707870624284254,5.12402315275941,38.416270260965106,-0.01726583102479784,-0.0001478151871540448,-0.017118015837643795,1176930.65
223618,GUINEAINS,2024-04-25,0.32,0.32,346568,2026-04-08T04:14:41.415412+00:00,-3.0303030303030276,-2.941176470588236,-8.108108108108103,-2.7027027027027084,0.33399999999999996,0.3585,0.4068,4.745327926266563,4.973022684344598,36.170803721453524,-0.018292522092659413,-0.0009396050040124948,-0.01735291708864692,1120950.85
223736,GUINEAINS,2024-04-26,0.32,0.32,1182000,2026-04-08T04:14:43.709399+00:00,0.0,-3.0303030303030276,0.0,0.0,0.33,0.355,0.4016,4.273012362433205,4.747469856658918,36.170803721453524,-0.018888447891210136,-0.0012284246420505747,-0.01766002324915956,1120456.8
223854,GUINEAINS,2024-04-29,0.32,0.32,248040,2026-04-08T04:14:47.97937+00:00,0.0,0.0,0.0,0.0,0.326,0.35150000000000003,0.39680000000000004,4.273012362433205,4.737269690647151,36.170803721453524,-0.019140088355701912,-0.0011840520852338804,-0.01795603627046803,1122937.45
223972,GUINEAINS,2024-04-30,0.32,0.32,428160,2026-04-08T04:14:50.304196+00:00,0.0,0.0,0.0,-5.5555555555555465,0.322,0.348,0.39199999999999996,4.273012362433205,4.737269690647151,36.170803721453524,-0.019119121900751546,-0.0009304685042268099,-0.018188653396524736,1132382.95
224090,GUINEAINS,2024-05-02,0.33,0.33,1983413,2026-04-08T04:14:53.573612+00:00,3.125,0.0,-2.941176470588236,8.823529411764696,0.32199999999999995,0.34550000000000003,0.3884,4.344983194830041,4.631187409768376,40.82324867122479,-0.01808709266224906,8.124858742054181e-05,-0.018168341249669602,1159889.2
224208,GUINEAINS,2024-05-03,0.3,0.3,4120938,2026-04-08T04:14:55.989363+00:00,-9.090909090909093,3.125,-3.0303030303030276,-8.108108108108103,0.318,0.3415,0.38480000000000003,4.735447713171231,4.724877426741689,33.04221988303948,-0.019465564425106108,-0.001037778540349206,-0.018427785884756902,1337512.1
224326,GUINEAINS,2024-05-06,0.33,0.33,2203285,2026-04-08T04:15:00.14873+00:00,10.000000000000009,-9.090909090909093,0.0,0.0,0.32,0.3405,0.381,5.057227050715537,4.796150919711892,44.44557828650284,-0.017930571482329072,0.00039777152194226534,-0.018328343004271337,1302300.65
224444,GUINEAINS,2024-05-07,0.31,0.31,995210,2026-04-08T04:15:02.40079+00:00,-6.060606060606066,10.000000000000009,0.0,0.0,0.318,0.3375,0.3764,5.021061923823792,4.805252550301493,39.6032326149117,-0.018119046282349005,0.00016743737753786847,-0.018286483659886874,1263052.05
224562,GUINEAINS,2024-05-08,0.31,0.31,756370,2026-04-08T04:15:04.708287+00:00,0.0,-6.060606060606066,0.0,0.0,0.316,0.3355,0.3718,4.9020100776493525,4.805252550301493,39.6032326149117,-0.018060226866041584,0.00018100543507623343,-0.018241232301117818,1191927.3
224680,GUINEAINS,2024-05-09,0.31,0.31,2940335,2026-04-08T04:15:07.337178+00:00,0.0,0.0,3.125,-2.941176470588236,0.31199999999999994,0.3325,0.3682,4.682911093365067,4.656179134928338,39.603232614911704,-0.017808328726586553,0.00034632285962501314,-0.018154651586211566,1308699.2
224798,GUINEAINS,2024-05-10,0.34,0.34,1299815,2026-04-08T04:15:09.604775+00:00,9.677419354838722,0.0,-9.090909090909093,-3.0303030303030276,0.32,0.3315,0.3654,5.204186985587185,4.8821364156800575,49.841316145924225,-0.015014866324146448,0.002511828209652095,-0.017526694533798542,1278804.7
224916,GUINEAINS,2024-05-13,0.32,0.32,1623492,2026-04-08T04:15:13.907933+00:00,-5.882352941176472,9.677419354838722,10.000000000000009,0.0,0.318,0.3295,0.3626,5.35871357719091,4.913852975947373,44.4336442660481,-0.01425058818748659,0.0026208850770495645,-0.016871473264536155,1310177.1
225034,GUINEAINS,2024-05-14,0.3,0.3,14101471,2026-04-08T04:15:16.26654+00:00,-6.25,-5.882352941176472,-6.060606060606066,0.0,0.316,0.3265,0.3594,5.5110313954371355,4.977236123966347,39.78501377791183,-0.015084836505630694,0.001429309407124369,-0.016514145912755063,1884245.8
225152,GUINEAINS,2024-05-15,0.3,0.3,2579198,2026-04-08T04:15:18.549958+00:00,0.0,-6.25,0.0,0.0,0.31399999999999995,0.3245,0.35600000000000004,5.395644501813767,4.960820004370072,39.78501377791183,-0.015566542891576884,0.0007580824169425432,-0.016324625308519428,1969941.2
225270,GUINEAINS,2024-05-16,0.33,0.33,2236439,2026-04-08T04:15:20.841424+00:00,10.000000000000009,0.0,0.0,3.125,0.318,0.3225,0.35379999999999995,5.507737742809373,5.121201190122352,49.05673733201801,-0.01337338928636006,0.0023609888177274947,-0.015734378104087555,2028826.9
225388,GUINEAINS,2024-05-20,0.31,0.31,2722458,2026-04-08T04:15:25.962105+00:00,-6.060606060606066,10.000000000000009,9.677419354838722,-9.090909090909093,0.312,0.321,0.3516,5.374898360214154,5.150354591743991,44.17346672778856,-0.013098144845961002,0.0021089866065012435,-0.015207131452462245,2140613.05
225506,GUINEAINS,2024-05-21,0.32,0.32,666564,2026-04-08T04:15:28.334406+00:00,3.2258064516129004,-6.060606060606066,-5.882352941176472,10.000000000000009,0.312,0.32,0.3496,5.4332688196580134,5.176577055332644,47.01355352398124,-0.011935510086720003,0.002617297092593795,-0.014552807179313797,2154731.35
225624,GUINEAINS,2024-05-22,0.32,0.32,601250,2026-04-08T04:15:30.660212+00:00,0.0,3.2258064516129004,-6.25,-6.060606060606066,0.316,0.319,0.34840000000000004,5.4332688196580134,5.006877968749534,47.01355352398123,-0.010888596698862052,0.002931368384361397,-0.013819965083223449,2159833.85
225742,GUINEAINS,2024-05-23,0.32,0.32,88030,2026-04-08T04:15:32.993296+00:00,0.0,0.0,0.0,0.0,0.32,0.31799999999999995,0.34680000000000005,5.4332688196580134,4.944158829908663,47.01355352398124,-0.009944278840011977,0.0031005489945691786,-0.013044827834581156,2136452.0
225860,GUINEAINS,2024-05-24,0.31,0.31,681204,2026-04-08T04:15:35.360226+00:00,-3.125,0.0,10.000000000000009,0.0,0.316,0.317,0.345,5.438366489979853,4.959676892852963,44.20479511825875,-0.009888824348434078,0.0025248027889176634,-0.012413627137351741,2090212.0
225978,GUINEAINS,2024-05-27,0.31,0.31,572394,2026-04-08T04:15:39.562711+00:00,0.0,-3.125,-6.060606060606066,9.677419354838722,0.316,0.3165,0.3432,5.3966406875259265,4.959676892852963,44.20479511825875,-0.009732683942229925,0.002144754556097455,-0.01187743849832738,2101503.3
226096,GUINEAINS,2024-05-28,0.31,0.31,983150,2026-04-08T04:15:41.894674+00:00,0.0,0.0,3.2258064516129004,-5.882352941176472,0.314,0.316,0.342,5.3966406875259265,4.852474331357966,44.204795118258744,-0.009499437938027488,0.0019024004482399142,-0.011401838386267403,2091560.8
226214,GUINEAINS,2024-05-29,0.3,0.3,1573339,2026-04-08T04:15:44.435333+00:00,-3.2258064516129115,0.0,0.0,-6.25,0.31,0.315,0.3404,5.443944396341237,4.8515625066470145,41.13534552185468,-0.010006160436865696,0.0011165423595213657,-0.011122702796387062,2157825.75
226332,GUINEAINS,2024-05-30,0.3,0.3,715183,2026-04-08T04:15:46.695543+00:00,0.0,-3.2258064516129115,0.0,0.0,0.306,0.314,0.3394,5.443944396341237,4.7281507921985835,41.13534552185468,-0.010289134925278942,0.0006668542968864977,-0.01095598922216544,2172176.9
226450,GUINEAINS,2024-05-31,0.3,0.3,983779,2026-04-08T04:15:48.909252+00:00,0.0,0.0,-3.125,10.000000000000009,0.304,0.3125,0.33840000000000003,5.38855619928464,4.7281507921985835,41.13534552185469,-0.01039358348542857,0.0004499245893894964,-0.010843508074818067,2122195.2
226568,GUINEAINS,2024-06-03,0.32,0.32,706040,2026-04-08T04:15:53.203965+00:00,6.666666666666665,0.0,0.0,-6.060606060606066,0.30599999999999994,0.3135,0.3378,5.18997824153864,4.82686097944747,49.83626304253234,-0.008761529411637825,0.0016655829305441926,-0.010427112342182018,1951450.3
226686,GUINEAINS,2024-06-04,0.32,0.32,1231097,2026-04-08T04:15:55.456464+00:00,0.0,6.666666666666665,0.0,3.2258064516129004,0.308,0.313,0.3366,4.677758852520602,4.66326842228146,49.83626304253234,-0.007383008078478304,0.002435283410962972,-0.009818291489441276,1902840.9
226804,GUINEAINS,2024-06-05,0.32,0.32,643880,2026-04-08T04:15:57.839545+00:00,0.0,0.0,-3.2258064516129115,0.0,0.312,0.3135,0.3354,4.459210418931805,4.66326842228146,49.83626304253233,-0.006218833152743852,0.0028795666693579407,-0.009098399822101793,1885274.4
226922,GUINEAINS,2024-06-06,0.32,0.32,329865,2026-04-08T04:16:00.091412+00:00,0.0,0.0,0.0,0.0,0.316,0.314,0.3342,4.459210418931805,4.66326842228146,49.83626304253234,-0.005235860397222625,0.0030900315399033356,-0.00832589193712596,1863949.15
227040,GUINEAINS,2024-06-07,0.31,0.31,1317071,2026-04-08T04:16:02.294722+00:00,-3.125,0.0,0.0,-3.125,0.318,0.314,0.3332,4.5227762904143685,4.6258964406006085,45.33010975603859,-0.005203777920421426,0.0024976912133636278,-0.007701469133785054,1782785.95
227158,GUINEAINS,2024-06-10,0.31,0.31,3511283,2026-04-08T04:16:06.655303+00:00,0.0,-3.125,6.666666666666665,0.0,0.316,0.3125,0.3322,3.9213272108288093,4.6258964406006085,45.33010975603858,-0.005119339764290298,0.0020657034955958043,-0.0071850432598861026,1893359.35
227276,GUINEAINS,2024-06-11,0.31,0.31,956265,2026-04-08T04:16:09.027942+00:00,0.0,0.0,0.0,0.0,0.314,0.31199999999999994,0.3306,3.7020722822099628,4.459491813578348,45.33010975603858,-0.004994844459466297,0.0017521590403358446,-0.006747003499802141,1859998.0
227394,GUINEAINS,2024-06-13,0.32,0.32,1321244,2026-04-08T04:16:12.454757+00:00,3.2258064516129004,0.0,0.0,-3.2258064516129115,0.31399999999999995,0.313,0.3292,3.4720681433715055,4.488071064422742,50.87757213135913,-0.004042663300878102,0.002163472159139232,-0.006206135460017334,1220986.65
227512,GUINEAINS,2024-06-14,0.33,0.33,419955,2026-04-08T04:16:14.762224+00:00,3.125,3.2258064516129004,0.0,0.0,0.316,0.3145,0.32799999999999996,3.5240369863834085,4.513975624580333,55.716737425879025,-0.0024528613868744498,0.003002619258514308,-0.005455480645388758,1113024.5
227630,GUINEAINS,2024-06-20,0.35,0.35,2223476,2026-04-08T04:16:22.365263+00:00,6.060606060606055,3.125,-3.125,0.0,0.324,0.3155,0.3274,3.0446740233226977,4.587330096804339,63.468092943101446,0.0004161043450301438,0.004697267992335121,-0.004281163647304977,1112376.35
227748,GUINEAINS,2024-06-21,0.34,0.34,3454980,2026-04-08T04:16:24.740936+00:00,-2.857142857142847,6.060606060606055,0.0,6.666666666666665,0.32999999999999996,0.31700000000000006,0.32659999999999995,2.761407286203056,4.604305889300839,58.00132488810908,0.0018614067920205146,0.004914056351460394,-0.003052649559439879,1149002.45
227866,GUINEAINS,2024-06-24,0.34,0.34,1279000,2026-04-08T04:16:29.101951+00:00,0.0,-2.857142857142847,0.0,0.0,0.33599999999999997,0.318,0.3264,2.6869308087649033,4.46549070800105,58.001324888109075,0.002972553646021281,0.004820162564368928,-0.0018476089183476472,1179624.25
227984,GUINEAINS,2024-06-25,0.33,0.33,456214,2026-04-08T04:16:31.430939+00:00,-2.941176470588236,0.0,3.2258064516129004,0.0,0.33799999999999997,0.3185,0.3256,2.7850559954382463,4.408386607366038,52.73350184281809,0.0030115142450701238,0.003887298530734217,-0.0008757842856640932,1172372.45
228102,GUINEAINS,2024-06-26,0.33,0.33,2905117,2026-04-08T04:16:33.77834+00:00,0.0,-2.941176470588236,3.125,0.0,0.338,0.31900000000000006,0.32520000000000004,2.7850559954382463,4.342268423842239,52.733501842818086,0.00300771968027852,0.0031068031727540905,-9.908349247557055e-05,1313226.8
228220,GUINEAINS,2024-06-27,0.33,0.33,3604804,2026-04-08T04:16:36.13415+00:00,0.0,0.0,6.060606060606055,-3.125,0.33399999999999996,0.32,0.32439999999999997,2.6747509413760295,4.262564561875813,52.733501842818086,0.002970470722903018,0.002455643372302871,0.0005148273506001473,1459406.8
228338,GUINEAINS,2024-06-28,0.33,0.33,1073931,2026-04-08T04:16:38.472674+00:00,0.0,0.0,-2.857142857142847,0.0,0.332,0.32100000000000006,0.32380000000000003,2.6747509413760295,4.246516736539524,52.7335018428181,0.0029074355486298775,0.0019140865584237842,0.0009933489902060934,1484483.65
228456,GUINEAINS,2024-07-01,0.34,0.34,2102671,2026-04-08T04:16:42.881798+00:00,3.0303030303030276,0.0,0.0,0.0,0.332,0.3225,0.3234,2.739145815316882,4.269338970875612,57.87903424707755,0.0036226366451551084,0.002103430123959212,0.0015192065211958963,1540459.7
228574,GUINEAINS,2024-07-02,0.37,0.37,3589122,2026-04-08T04:16:45.256647+00:00,8.823529411764696,3.0303030303030276,-2.941176470588236,3.2258064516129004,0.34,0.326,0.3236,3.168469270683998,4.4490073456604255,68.83872027469471,0.006534858169268576,0.004012521318458143,0.0025223368508104325,1641248.85
228692,GUINEAINS,2024-07-03,0.39,0.39,7533457,2026-04-08T04:16:47.732339+00:00,5.405405405405417,8.823529411764696,0.0,3.125,0.352,0.3305,0.3246,3.2975725019629287,4.43211747542049,73.7436003281179,0.010337483486801635,0.006252117308792961,0.004085366178008674,1982162.55
228810,GUINEAINS,2024-07-04,0.36,0.36,3010405,2026-04-08T04:16:50.22378+00:00,-7.692307692307699,5.405405405405417,0.0,6.060606060606055,0.358,0.3335,0.3244,3.86554559366411,4.404581953141166,58.7942065222987,0.010805779863936604,0.005376330948742344,0.005429448915194261,2083493.85
228928,GUINEAINS,2024-07-05,0.34,0.34,2480799,2026-04-08T04:16:52.679645+00:00,-5.5555555555555465,-7.692307692307699,0.0,-2.857142857142847,0.36,0.3345,0.3244,3.8862870730345733,4.322243324258438,51.32429192961977,0.009454094348997577,0.0032197163470426534,0.006234378001954924,2172231.8
229046,GUINEAINS,2024-07-08,0.34,0.34,0,2026-04-08T04:16:57.375145+00:00,0.0,-5.5555555555555465,3.0303030303030276,0.0,0.36,0.3355,0.3244,3.8862870730345733,4.322243324258438,51.324291929619775,0.008287342514227691,0.0016423716098182134,0.006644970904409478,2110676.95
229164,GUINEAINS,2024-07-09,0.34,0.34,0,2026-04-08T04:16:59.679545+00:00,0.0,0.0,8.823529411764696,-2.941176470588236,0.35400000000000004,0.3365,0.32439999999999997,3.8862870730345733,4.322243324258438,51.324291929619775,0.007278778056624746,0.0005070457217722143,0.006771732334852532,2078482.95
229282,GUINEAINS,2024-07-10,0.34,0.34,0,2026-04-08T04:17:02.104038+00:00,0.0,0.0,5.405405405405417,0.0,0.34400000000000003,0.3375,0.32439999999999997,3.8862870730345733,4.322243324258438,51.32429192961976,0.006405643190336097,-0.00029287131561314857,0.006698514505949245,2061989.7
229400,GUINEAINS,2024-07-11,0.34,0.34,0,2026-04-08T04:17:04.804273+00:00,0.0,0.0,-7.692307692307699,0.0,0.34,0.339,0.3246,3.8000265036066487,4.300098224074222,51.32429192961977,0.005648564384094723,-0.0008399600974836182,0.006488524481578341,1996136.15
229518,GUINEAINS,2024-07-12,0.34,0.34,0,2026-04-08T04:17:07.071694+00:00,0.0,0.0,-5.5555555555555465,0.0,0.34,0.3405,0.325,3.8000265036066487,4.2756541322097705,51.32429192961977,0.004991040369129618,-0.0011979872899589798,0.006189027659088598,1820572.0
229636,GUINEAINS,2024-07-15,0.34,0.34,0,2026-04-08T04:17:11.418935+00:00,0.0,0.0,0.0,3.0303030303030276,0.34,0.342,0.32539999999999997,3.8000265036066487,4.2756541322097705,51.32429192961977,0.004419008273426173,-0.0014160155085299409,0.0058350237819561135,1772758.75
229754,GUINEAINS,2024-07-16,0.34,0.34,0,2026-04-08T04:17:13.920176+00:00,0.0,0.0,0.0,8.823529411764696,0.34,0.343,0.3258,3.7477358510804843,4.2756541322097705,51.32429192961977,0.003920475910428545,-0.0015316382972220552,0.0054521142076506,1706696.55
229872,GUINEAINS,2024-07-17,0.34,0.34,0,2026-04-08T04:17:16.239817+00:00,0.0,0.0,0.0,5.405405405405417,0.34,0.3435,0.3262,3.691548894693953,4.2756541322097705,51.32429192961977,0.003485210088587931,-0.0015735232952501354,0.0050587333838380665,1685698.8
229990,GUINEAINS,2024-07-18,0.34,0.34,0,2026-04-08T04:17:18.614364+00:00,0.0,0.0,0.0,-7.692307692307699,0.34,0.3430000000000001,0.3264,3.4254906391618425,4.254963828984559,51.32429192961976,0.0031044723639140903,-0.0015634088159391813,0.004667881179853272,1574525.0
230108,GUINEAINS,2024-07-19,0.34,0.34,0,2026-04-08T04:17:20.923419+00:00,0.0,0.0,0.0,-5.5555555555555465,0.34,0.343,0.3272,3.362994149375166,4.04099436626552,51.324291929619775,0.002770794974338686,-0.0015176689644116684,0.0042884639387503545,1401776.0
230226,GUINEAINS,2024-07-22,0.34,0.34,0,2026-04-08T04:17:25.185516+00:00,0.0,0.0,0.0,0.0,0.34,0.343,0.3274,3.362994149375166,3.7924149148664656,51.324291929619775,0.0024777908090093947,-0.001448538503792768,0.003926329312802163,1337826.0
230344,GUINEAINS,2024-07-23,0.34,0.34,0,2026-04-08T04:17:27.655924+00:00,0.0,0.0,0.0,0.0,0.34,0.3435,0.32799999999999996,3.288633168223114,3.685895063955079,51.324291929619775,0.0022199922087198787,-0.0013650696832658276,0.0035850618919857063,1315015.3
230462,GUINEAINS,2024-07-24,0.34,0.34,0,2026-04-08T04:17:30.124258+00:00,0.0,0.0,0.0,0.0,0.34,0.344,0.3286,3.288633168223114,3.685895063955079,51.32429192961977,0.001992714191869527,-0.0012738781600929437,0.0032665923519624705,1169759.45
230580,GUINEAINS,2024-07-25,0.34,0.34,0,2026-04-08T04:17:32.638981+00:00,0.0,0.0,0.0,0.0,0.34,0.3445,0.3292,3.288633168223114,3.685895063955079,51.324291929619775,0.001791938375911295,-0.0011797231808409405,0.0029716615567522355,989519.25
230698,GUINEAINS,2024-07-26,0.34,0.34,0,2026-04-08T04:17:35.101122+00:00,0.0,0.0,0.0,0.0,0.34,0.34500000000000003,0.3292,3.288633168223114,3.4256786062974305,51.32429192961977,0.0016142144360475896,-0.0010859576965637167,0.0027001721326113063,935822.7
230816,GUINEAINS,2024-07-29,0.34,0.34,0,2026-04-08T04:17:40.103977+00:00,0.0,0.0,0.0,0.0,0.34,0.34500000000000003,0.3296,3.2204997076284005,3.316822136557455,51.32429192961976,0.0014565764269117154,-0.0009948765645596729,0.0024514529914713883,830689.15
230934,GUINEAINS,2024-07-30,0.34,0.34,0,2026-04-08T04:17:43.080384+00:00,0.0,0.0,0.0,0.0,0.34,0.3435,0.33039999999999997,2.4727887039178396,3.1849062495245968,51.324291929619775,0.0013164717026381556,-0.0009079850310665864,0.002224456733704742,651233.05
231052,GUINEAINS,2024-07-31,0.34,0.34,0,2026-04-08T04:17:45.61458+00:00,0.0,0.0,0.0,0.0,0.34,0.341,0.3312,2.0680591095631535,3.1849062495245968,51.32429192961977,0.0011917005174934547,-0.0008262049729690301,0.002017905490462485,274560.2
231170,GUINEAINS,2024-08-01,0.34,0.34,0,2026-04-08T04:17:47.950902+00:00,0.0,0.0,0.0,0.0,0.34,0.34,0.33140000000000003,1.2422599874998752,2.860818972405344,51.32429192961977,0.0010803646827790558,-0.0007500326461467432,0.001830397328925799,124039.95
231288,GUINEAINS,2024-08-02,0.34,0.34,0,2026-04-08T04:17:50.372085+00:00,0.0,0.0,0.0,0.0,0.34,0.34,0.332,0.0,2.7193824662539274,51.32429192961977,0.0009808239042104483,-0.0006796587397722808,0.0016604826439827291,0.0
231406,GUINEAINS,2024-08-05,0.34,0.34,0,2026-04-08T04:17:54.929581+00:00,0.0,0.0,0.0,0.0,0.34,0.34,0.33240000000000003,0.0,2.6846796167761697,51.32429192961976,0.0008916586343437061,-0.0006150592077112187,0.0015067178420549248,0.0
231524,GUINEAINS,2024-08-06,0.34,0.34,0,2026-04-08T04:17:57.472912+00:00,0.0,0.0,0.0,0.0,0.34,0.34,0.3328,0.0,2.6846796167761697,51.324291929619775,0.0008116384527177556,-0.0005560635114697354,0.001367701964187491,0.0
231642,GUINEAINS,2024-08-07,0.34,0.34,0,2026-04-08T04:17:59.948734+00:00,0.0,0.0,0.0,0.0,0.34,0.34,0.3332,0.0,2.6846796167761697,51.32429192961977,0.0007396951371678728,-0.0005024054616156947,0.0012421005987835675,0.0
231760,GUINEAINS,2024-08-08,0.34,0.34,0,2026-04-08T04:18:02.36647+00:00,0.0,0.0,0.0,0.0,0.34,0.34,0.33380000000000004,0.0,2.642779435506415,51.32429192961976,0.0006748997174387816,-0.00045376070507582877,0.0011286604225146104,0.0
231878,GUINEAINS,2024-08-09,0.34,0.34,0,2026-04-08T04:18:04.674683+00:00,0.0,0.0,0.0,0.0,0.34,0.34,0.33440000000000003,0.0,2.642779435506415,51.32429192961976,0.0006164429103298064,-0.0004097740097478433,0.0010262169200776496,0.0
231996,GUINEAINS,2024-08-12,0.37,0.37,2864880,2026-04-08T04:18:08.918743+00:00,8.823529411764696,0.0,0.0,0.0,0.346,0.3415,0.33559999999999995,1.973001156617459,2.9090504787635276,78.91733606174468,0.0029567808203119217,0.0015444511201874176,0.001412329700124504,143244.0
232114,GUINEAINS,2024-08-13,0.4,0.4,18003688,2026-04-08T04:18:11.387792+00:00,8.108108108108114,8.823529411764696,0.0,0.0,0.358,0.34450000000000003,0.33760000000000007,2.6083072845069357,3.058853067388226,86.90908719488151,0.007149845783171849,0.0045900128664378755,0.002559832916733973,1043428.4
232232,GUINEAINS,2024-08-14,0.44,0.44,3454796,2026-04-08T04:18:13.859526+00:00,9.999999999999986,8.108108108108114,0.0,0.0,0.378,0.34950000000000003,0.34040000000000004,3.303351036989033,3.3320748378217355,91.52308727036961,0.013544414106971825,0.008787664952190282,0.004756749154781544,1216168.2
232350,GUINEAINS,2024-08-15,0.4,0.4,6941350,2026-04-08T04:18:16.357381+00:00,-9.090909090909083,9.999999999999986,0.0,0.0,0.39,0.3525,0.34240000000000004,4.0414050248867435,3.613946323442745,66.34172965601579,0.01520916804605188,0.008361935113016269,0.0068472329330356105,1563235.7
232468,GUINEAINS,2024-08-16,0.4,0.4,4809359,2026-04-08T04:18:18.692447+00:00,0.0,-9.090909090909083,0.0,0.0,0.402,0.35550000000000004,0.344,4.0414050248867435,3.5085075131125762,66.34172965601579,0.016340138590390352,0.007594324525883793,0.00874581406450656,1803703.65
232586,GUINEAINS,2024-08-19,0.4,0.4,3921191,2026-04-08T04:18:23.063194+00:00,0.0,0.0,8.823529411764696,0.0,0.40800000000000003,0.3585,0.3456,4.0414050248867435,3.5085075131125762,66.34172965601577,0.017040014218115518,0.006635360122887166,0.010404654095228352,1999763.2
232704,GUINEAINS,2024-08-20,0.4,0.4,8906132,2026-04-08T04:18:25.366221+00:00,0.0,0.0,8.108108108108114,0.0,0.40800000000000003,0.36150000000000004,0.3472,4.0414050248867435,3.5085075131125762,66.34172965601577,0.017394161627665272,0.005591606025949535,0.011802555601715737,2445069.8
232822,GUINEAINS,2024-08-21,0.38,0.38,3411690,2026-04-08T04:18:27.861334+00:00,-5.000000000000004,0.0,9.999999999999986,0.0,0.396,0.36350000000000005,0.3484,4.248817179942391,3.5934738543456253,55.982861403993574,0.015877961887253655,0.0032603250284303324,0.012617636858823323,2615654.3
232940,GUINEAINS,2024-08-22,0.41,0.41,2672662,2026-04-08T04:18:30.156184+00:00,7.8947368421052655,-5.000000000000004,-9.090909090909083,0.0,0.398,0.36700000000000005,0.3504,4.542603069409289,3.7085298015843806,64.84907549101173,0.016902273066278672,0.003427708965964279,0.013474564100314394,2749287.4
233058,GUINEAINS,2024-08-23,0.41,0.41,2945867,2026-04-08T04:18:32.497978+00:00,0.0,7.8947368421052655,0.0,0.0,0.4,0.3705,0.35240000000000005,4.542603069409289,3.7085298015843806,64.84907549101173,0.017512177573306476,0.0032300907783936635,0.014282086794912812,2896580.75
233176,GUINEAINS,2024-08-26,0.41,0.41,8390139,2026-04-08T04:18:37.19542+00:00,0.0,0.0,0.0,8.823529411764696,0.40199999999999997,0.374,0.3544,4.542603069409289,3.7085298015843806,64.84907549101173,0.01779045400960111,0.002806693771750638,0.01498376023785047,3316087.7
233294,GUINEAINS,2024-08-27,0.45,0.45,9603158,2026-04-08T04:18:39.561091+00:00,9.756097560975618,0.0,0.0,8.108108108108114,0.41200000000000003,0.3795,0.357,4.932503665005497,3.9113586809170338,73.67830864878927,0.02099661983279949,0.004810287675959216,0.016186332156840275,3796245.6
233412,GUINEAINS,2024-08-28,0.45,0.45,3483405,2026-04-08T04:18:42.048567+00:00,0.0,9.756097560975618,-5.000000000000004,9.999999999999986,0.426,0.385,0.35940000000000005,4.932503665005497,3.897704584383368,73.67830864878928,0.02326929539419087,0.005666370589880475,0.017602924804310395,3970415.85
233530,GUINEAINS,2024-08-29,0.49,0.49,6995812,2026-04-08T04:18:44.36768+00:00,8.888888888888879,0.0,7.8947368421052655,-9.090909090909083,0.442,0.3925,0.36219999999999997,5.182055945834222,3.9964303741857736,79.6162900322515,0.02797558769563202,0.0082981303130573,0.01967745738257472,4320206.45
233648,GUINEAINS,2024-09-02,0.5,0.5,3365500,2026-04-08T04:18:49.632285+00:00,2.0408163265306145,8.888888888888879,0.0,0.0,0.45999999999999996,0.40049999999999997,0.3654,5.161294362964633,3.9660753706196474,80.78343674519007,0.03214176442530092,0.00997144563418096,0.022170318791119963,4488481.45
233766,GUINEAINS,2024-09-03,0.55,0.55,11631788,2026-04-08T04:18:52.389232+00:00,10.000000000000009,2.0408163265306145,0.0,0.0,0.488,0.41100000000000003,0.3696,5.427604698375729,4.169278682672939,85.3119930916039,0.0390281790776022,0.013486288229185787,0.02554189084841641,5070070.85
233884,GUINEAINS,2024-09-04,0.55,0.55,1826127,2026-04-08T04:18:54.875674+00:00,0.0,10.000000000000009,9.756097560975618,0.0,0.508,0.4215,0.37400000000000005,5.427604698375729,4.132406414449526,85.3119930916039,0.0439787526191191,0.01474948941656215,0.02922926320255695,5161377.2
234002,GUINEAINS,2024-09-05,0.5,0.5,5234178,2026-04-08T04:18:57.763256+00:00,-9.090909090909093,0.0,0.0,-5.000000000000004,0.518,0.4295,0.3774,6.004287794589476,4.375048492025422,67.00024472638454,0.04336762074857975,0.011310686036818243,0.032056934711761506,5423086.1
234120,GUINEAINS,2024-09-06,0.52,0.52,5454127,2026-04-08T04:19:00.536712+00:00,4.0000000000000036,-9.090909090909093,8.888888888888879,7.8947368421052655,0.524,0.4385,0.38120000000000004,5.996691293416664,4.394283714243776,69.79323024244823,0.04399003742267482,0.00954648216873065,0.03444355525394417,5695792.45
234238,GUINEAINS,2024-09-09,0.5,0.5,5154195,2026-04-08T04:19:05.495104+00:00,-3.8461538461538547,4.0000000000000036,2.0408163265306145,0.0,0.524,0.4465,0.3846,6.134966418513844,4.4456322573405105,63.96317511175337,0.04238093325083847,0.006349902397515442,0.03603103085332303,5953502.2
234356,GUINEAINS,2024-09-10,0.54,0.54,2889867,2026-04-08T04:19:08.070871+00:00,8.000000000000007,-3.8461538461538547,10.000000000000009,0.0,0.522,0.45499999999999996,0.3886,6.090236207065011,4.547928908158167,69.45818934603905,0.04382814869169788,0.006237694270699874,0.037590454420998,5954751.55
234474,GUINEAINS,2024-09-11,0.51,0.51,2207876,2026-04-08T04:19:10.663572+00:00,-5.555555555555558,8.000000000000007,0.0,9.756097560975618,0.514,0.46049999999999996,0.3914,6.14491790607743,4.499375281669853,61.84178072983696,0.042069378467964325,0.0035831392375730575,0.03848623923039127,5164960.95
234592,GUINEAINS,2024-09-12,0.5,0.5,1521602,2026-04-08T04:19:13.371302+00:00,-1.9607843137254943,-5.555555555555558,-9.090909090909093,0.0,0.514,0.46349999999999997,0.39360000000000006,5.838252192805099,4.464012398062943,59.49968380276244,0.03941428067480596,0.0007424331555317548,0.0386718475192742,5068301.25
234710,GUINEAINS,2024-09-13,0.5,0.5,2873399,2026-04-08T04:19:16.033041+00:00,0.0,-1.9607843137254943,4.0000000000000036,8.888888888888879,0.51,0.46849999999999997,0.39640000000000003,5.361968100611093,4.302214148099338,59.49968380276243,0.03688491025937074,-0.0014295498079227725,0.03831446006729351,4864903.7
234828,GUINEAINS,2024-09-17,0.47,0.47,1284765,2026-04-08T04:19:22.824888+00:00,-6.000000000000005,0.0,-3.8461538461538547,2.0408163265306145,0.504,0.4720000000000001,0.39899999999999997,5.598588254451397,4.315941597571597,52.5722827091916,0.0320897065406181,-0.0049798028213403345,0.037069509361958436,4688674.0
234946,GUINEAINS,2024-09-18,0.49,0.49,2029262,2026-04-08T04:19:25.915955+00:00,4.255319148936176,-6.000000000000005,8.000000000000007,10.000000000000009,0.49399999999999994,0.47650000000000003,0.40199999999999997,5.641028113025657,4.342935679394848,56.23089793488074,0.0295625274841525,-0.006005585502244747,0.03556811298639725,4594077.55
235064,GUINEAINS,2024-09-19,0.49,0.49,452622,2026-04-08T04:19:28.330134+00:00,0.0,4.255319148936176,-5.555555555555558,0.0,0.49000000000000005,0.48100000000000004,0.405,5.641028113025657,4.342935679394848,56.23089793488074,0.027245648992800187,-0.006657971194877654,0.03390362018767784,4171402.05
235182,GUINEAINS,2024-09-20,0.47,0.47,7002359,2026-04-08T04:19:30.82066+00:00,-4.081632653061229,0.0,-1.9607843137254943,-9.090909090909093,0.484,0.48549999999999993,0.40759999999999996,5.591690037564294,4.396775887136884,51.61330591442526,0.023524497479714412,-0.008303298166370744,0.03182779564608516,4350935.5
235300,GUINEAINS,2024-09-23,0.48,0.48,596434,2026-04-08T04:19:35.29526+00:00,2.127659574468077,-4.081632653061229,0.0,4.0000000000000036,0.48,0.48900000000000005,0.4104,5.373544018539092,4.399734883749165,53.6622502852888,0.021138700738924043,-0.008551275925728893,0.029689976664652937,4247124.1
235418,GUINEAINS,2024-09-24,0.49,0.49,921995,2026-04-08T04:19:37.629736+00:00,2.083333333333326,2.127659574468077,-6.000000000000005,-3.8461538461538547,0.484,0.49300000000000005,0.41340000000000005,5.374827281736634,4.402009567215427,55.68320794818837,0.01982631069142249,-0.00789093277858436,0.02771724347000685,4145930.5
235536,GUINEAINS,2024-09-25,0.47,0.47,1847996,2026-04-08T04:19:40.096992+00:00,-4.081632653061229,2.083333333333326,4.255319148936176,8.000000000000007,0.48,0.496,0.41600000000000004,5.49223600883711,4.45518429893317,50.90165611771291,0.01697670241270849,-0.008592432845838688,0.025569135258547177,3818823.35
235654,GUINEAINS,2024-09-26,0.45,0.45,1696832,2026-04-08T04:19:42.676048+00:00,-4.255319148936165,-4.081632653061229,0.0,-5.555555555555558,0.472,0.496,0.4182,5.177925240543244,4.510021179627082,46.59292603584731,0.012955195044340395,-0.010091152171365428,0.023046347215705823,3423507.05
235772,GUINEAINS,2024-09-27,0.45,0.45,826230,2026-04-08T04:19:45.342636+00:00,0.0,-4.255319148936165,-4.081632653061229,-1.9607843137254943,0.46799999999999997,0.496,0.4204,5.177925240543244,4.510021179627082,46.592926035847306,0.009656803857791718,-0.010711634686331285,0.020368438544123003,3290648.3
235890,GUINEAINS,2024-09-30,0.48,0.48,2358727,2026-04-08T04:19:50.223917+00:00,6.666666666666665,0.0,2.127659574468077,0.0,0.46799999999999997,0.4955,0.4232,5.000807128957296,4.587973761240426,53.448057800625975,0.009355707585050832,-0.008810184767257739,0.01816589235230857,3058794.05
236008,GUINEAINS,2024-10-02,0.46,0.46,3256828,2026-04-08T04:19:53.821423+00:00,-4.1666666666666625,6.666666666666665,2.083333333333326,-6.000000000000005,0.462,0.49349999999999994,0.42560000000000003,5.060737678327146,4.640226193608857,48.9382419350345,0.0074177466011648985,-0.008598516600914936,0.016016263202079835,3053360.45
236126,GUINEAINS,2024-10-03,0.45,0.45,4111778,2026-04-08T04:19:56.203135+00:00,-2.1739130434782594,-4.1666666666666625,-4.081632653061229,4.255319148936176,0.458,0.4885,0.4278,4.452890388740395,4.657171230518606,46.81140944105538,0.005017147578448955,-0.008799292498904704,0.01381644007735366,2677359.95
236244,GUINEAINS,2024-10-04,0.48,0.48,2657380,2026-04-08T04:19:58.634737+00:00,6.666666666666665,-2.1739130434782594,-4.255319148936165,0.0,0.4640000000000001,0.48500000000000004,0.43060000000000004,4.762859073480708,4.732513226671778,53.360020698710265,0.00547232330049835,-0.006675293421484247,0.012147616721982597,2718922.6
236362,GUINEAINS,2024-10-07,0.44,0.44,2633864,2026-04-08T04:20:03.05432+00:00,-8.333333333333325,6.666666666666665,0.0,-4.081632653061229,0.462,0.48200000000000004,0.43260000000000004,4.694046846177581,4.904868596785219,45.34376242243806,0.0025756966063718023,-0.007657536092488636,0.010233232698860438,2588906.9
236480,GUINEAINS,2024-10-08,0.46,0.46,3309177,2026-04-08T04:20:05.535519+00:00,4.545454545454541,-8.333333333333325,6.666666666666665,2.127659574468077,0.458,0.479,0.435,4.723262263359952,4.934919105310999,49.4341783270533,0.0018723486653168808,-0.006688707226834846,0.008561055892151727,2481659.4
236598,GUINEAINS,2024-10-10,0.47,0.47,2573905,2026-04-08T04:20:08.855054+00:00,2.1739130434782483,4.545454545454541,-4.1666666666666625,2.083333333333326,0.45999999999999996,0.4774999999999999,0.43760000000000004,4.69087626299561,4.937982063885213,51.392940778578165,0.00209767607713629,-0.00517070385201235,0.00726837992914864,2352644.9
236716,GUINEAINS,2024-10-11,0.49,0.49,1111324,2026-04-08T04:20:11.460237+00:00,4.255319148936176,2.1739130434782483,-2.1739130434782594,-4.081632653061229,0.46799999999999997,0.475,0.44060000000000005,4.412644408241791,4.961093626959857,55.136084913081135,0.0038457511026115387,-0.0027381030612296815,0.00658385416384122,2263717.75
236834,GUINEAINS,2024-10-14,0.46,0.46,533039,2026-04-08T04:20:16.284622+00:00,-6.122448979591832,4.255319148936176,6.666666666666665,-4.255319148936165,0.46399999999999997,0.4725,0.44300000000000006,4.449229178758395,5.057202516059044,49.03609615901268,0.002778336936216208,-0.0030444137821000108,0.005822750718316219,2179975.9
236953,GUINEAINS,2024-10-15,0.45,0.45,1389702,2026-04-08T04:20:18.84933+00:00,-2.1739130434782594,-6.122448979591832,-8.333333333333325,0.0,0.466,0.47000000000000003,0.44520000000000004,4.453366905337371,5.0729318290789305,47.16300876302606,0.0011126610287985894,-0.003768071751614103,0.004880732780412692,2173380.9
237072,GUINEAINS,2024-10-17,0.45,0.45,723435,2026-04-08T04:20:23.389134+00:00,0.0,-2.1739130434782594,4.545454545454541,6.666666666666665,0.4640000000000001,0.46749999999999997,0.4474,4.453366905337371,5.0729318290789305,47.16300876302605,-0.00020503560554629985,-0.004068614708767194,0.0038635791032208943,2065882.7
237191,GUINEAINS,2024-10-18,0.46,0.46,471106,2026-04-08T04:20:26.17489+00:00,2.2222222222222143,0.0,2.1739130434782483,-4.1666666666666625,0.462,0.46699999999999997,0.4498,4.2886517303834735,5.076522805460321,49.40443262286601,-0.0004373616227048016,-0.003440752580740557,0.003003390958035755,2025199.75
237310,GUINEAINS,2024-10-21,0.47,0.47,1005058,2026-04-08T04:20:30.541886+00:00,2.1739130434782483,2.2222222222222143,4.255319148936176,-2.1739130434782594,0.458,0.4659999999999999,0.45239999999999997,4.203870580413817,5.0794383475498766,51.614890888758474,0.0001833215447374359,-0.0022560555306386553,0.002439377075376091,1973989.55
237429,GUINEAINS,2024-10-22,0.47,0.47,2979851,2026-04-08T04:20:32.890604+00:00,0.0,2.1739130434782483,-6.122448979591832,6.666666666666665,0.45999999999999996,0.46499999999999997,0.455,4.203870580413817,5.0794383475498766,51.614890888758474,0.0006675226412264923,-0.0014174835473196794,0.0020850061885461717,2100351.0
237548,GUINEAINS,2024-10-23,0.47,0.47,251146,2026-04-08T04:20:35.186729+00:00,0.0,0.0,-2.1739130434782594,-8.333333333333325,0.46399999999999997,0.465,0.4576,4.099390172763505,5.0794383475498766,51.61489088875847,0.00103927537903159,-0.0008365846476116655,0.0018758600266432556,1762790.35
237667,GUINEAINS,2024-10-24,0.48,0.48,604428,2026-04-08T04:20:37.740613+00:00,2.127659574468077,0.0,0.0,4.545454545454541,0.47000000000000003,0.46499999999999997,0.4604,4.099390172763505,5.081725103725751,54.11847257924417,0.0021164118502004503,0.00019244145884575567,0.0019239703913546946,1763190.05
237786,GUINEAINS,2024-10-25,0.5,0.5,5166672,2026-04-08T04:20:40.222387+00:00,4.166666666666674,2.127659574468077,2.2222222222222143,2.1739130434782483,0.47800000000000004,0.4654999999999999,0.4636,4.1786665702858246,5.102167616393476,58.71906963962017,0.004531645132737905,0.002086139793106568,0.0024455053396313367,1975423.9
237905,GUINEAINS,2024-10-28,0.49,0.49,913434,2026-04-08T04:20:44.742576+00:00,-2.0000000000000018,4.166666666666674,2.1739130434782483,4.255319148936176,0.48199999999999993,0.4665,0.466,4.0918343803868895,4.987488986902613,55.71110457999994,0.005574558443754596,0.002503242483298607,0.003071315960455989,1928695.8
238024,GUINEAINS,2024-10-29,0.49,0.49,329937,2026-04-08T04:20:47.136244+00:00,0.0,-2.0000000000000018,0.0,-6.122448979591832,0.48600000000000004,0.46849999999999997,0.4678,3.9513447904525036,4.871657920495392,55.71110457999993,0.006328128035647973,0.002605449660153587,0.003722678375494386,1860351.05
238143,GUINEAINS,2024-10-30,0.48,0.48,1505914,2026-04-08T04:20:49.405969+00:00,-2.0408163265306145,0.0,0.0,-2.1739130434782594,0.488,0.47000000000000003,0.4686,3.9911259780446584,4.68772010580025,52.58689257661868,0.00604869534512964,0.0018608135757082027,0.004187881769421437,1894335.25
238262,GUINEAINS,2024-10-31,0.48,0.48,5976802,2026-04-08T04:20:51.756515+00:00,0.0,-2.0408163265306145,2.127659574468077,0.0,0.488,0.47000000000000003,0.47019999999999995,3.708531451461768,4.488868081841869,52.58689257661868,0.005760835597912961,0.0012583630627932187,0.004502472535119742,2075239.0
238381,GUINEAINS,2024-11-01,0.45,0.45,2632553,2026-04-08T04:20:54.1075+00:00,-6.249999999999989,0.0,4.166666666666674,2.2222222222222143,0.4779999999999999,0.46950000000000003,0.47120000000000006,3.8598502202745673,4.587958306756928,44.00155504856684,0.0030764915156445416,-0.0011407848155801604,0.004217276331224702,2044025.25
238500,GUINEAINS,2024-11-04,0.47,0.47,1526232,2026-04-08T04:20:58.471072+00:00,4.444444444444429,-6.249999999999989,-2.0000000000000018,2.1739130434782483,0.47400000000000003,0.47050000000000003,0.47259999999999996,3.9497648756226384,4.624182468184163,49.87663170522397,0.0025337547957402506,-0.0013468172283875616,0.0038805720241278123,1914747.95
238619,GUINEAINS,2024-11-05,0.45,0.45,6539811,2026-04-08T04:21:01.00344+00:00,-4.255319148936165,4.444444444444429,0.0,0.0,0.466,0.469,0.4736,3.773220431650611,4.671124674492574,44.81337541631673,0.0004842174249236608,-0.002717083679363321,0.003201301104286982,2108869.5
238738,GUINEAINS,2024-11-06,0.45,0.45,775708,2026-04-08T04:21:03.585377+00:00,0.0,-4.255319148936165,-2.0408163265306145,0.0,0.45999999999999996,0.46950000000000003,0.475,3.2590913695219355,4.6075151666379845,44.813375416316724,-0.0011270636197323602,-0.0034626917792154738,0.0023356281594831135,2015961.7
238857,GUINEAINS,2024-11-07,0.45,0.45,1920391,2026-04-08T04:21:06.256351+00:00,0.0,0.0,0.0,2.127659574468077,0.454,0.46900000000000003,0.47580000000000006,3.0916073398747557,4.480425864533492,44.81337541631673,-0.002376619268739444,-0.003769797942578046,0.0013931786738386022,1946522.4
238976,GUINEAINS,2024-11-08,0.48,0.48,902074,2026-04-08T04:21:08.623134+00:00,6.666666666666665,0.0,-6.249999999999989,4.166666666666674,0.45999999999999996,0.46950000000000003,0.4772,3.4096328175950994,4.570097346035415,53.63192514157098,-0.0009353694864089324,-0.0018628385281980278,0.0009274690417890954,1862930.85
239095,GUINEAINS,2024-11-11,0.46,0.46,3656234,2026-04-08T04:21:12.782875+00:00,-4.1666666666666625,6.666666666666665,4.444444444444429,-2.0000000000000018,0.458,0.46799999999999997,0.4782,3.3973701838556956,4.615626677556054,48.11226243002196,-0.001390967298128265,-0.0018547490719338883,0.00046378177380562333,1990176.35
239214,GUINEAINS,2024-11-12,0.44,0.44,3605154,2026-04-08T04:21:15.417322+00:00,-4.34782608695653,-4.1666666666666625,-4.255319148936165,0.0,0.45600000000000007,0.46699999999999997,0.47800000000000004,3.256461238252419,4.456285126353149,43.31182990092074,-0.0033275072668755845,-0.003033031232544966,-0.00029447603433061827,2143782.1
239333,GUINEAINS,2024-11-13,0.43,0.43,4982755,2026-04-08T04:21:17.790166+00:00,-2.2727272727272707,-4.34782608695653,0.0,-2.0408163265306145,0.45200000000000007,0.466,0.47759999999999997,3.2597322834568323,4.468401470933212,41.10352832995272,-0.005604539923109164,-0.004248051111022837,-0.0013564888120863275,2323434.75
239452,GUINEAINS,2024-11-14,0.45,0.45,4822626,2026-04-08T04:21:20.354873+00:00,4.651162790697683,-2.2727272727272707,0.0,0.0,0.45199999999999996,0.466,0.4768,3.4342361127953276,4.334676772531967,46.931329608029586,-0.00572922887117705,-0.003498192047272578,-0.002231036823904472,2528394.3
239571,GUINEAINS,2024-11-15,0.45,0.45,4009234,2026-04-08T04:21:22.90937+00:00,0.0,4.651162790697683,6.666666666666665,-6.249999999999989,0.446,0.4654999999999999,0.4758,3.396198662865544,4.323911883408822,46.931329608029586,-0.005761629284948888,-0.0028244739688355327,-0.0029371553161133554,2705300.7
239690,GUINEAINS,2024-11-18,0.47,0.47,878909,2026-04-08T04:21:27.576358+00:00,4.444444444444429,0.0,-4.1666666666666625,4.444444444444429,0.44799999999999995,0.4655,0.4742,3.5106527243077257,4.125402607940968,52.39446849214739,-0.004125913036081341,-0.0009510061759743882,-0.003174906860106953,2698993.25
239809,GUINEAINS,2024-11-19,0.48,0.48,6581774,2026-04-08T04:21:29.868433+00:00,2.127659574468077,4.444444444444429,-4.34782608695653,-4.255319148936165,0.45599999999999996,0.466,0.4728,3.5408972434026156,4.138775961710548,54.89473313239841,-0.0019996292167568375,0.0009402221146800928,-0.0029398513314369303,2879089.4
239928,GUINEAINS,2024-11-20,0.52,0.52,16198550,2026-04-08T04:21:32.433299+00:00,8.333333333333348,2.127659574468077,-2.2727272727272707,0.0,0.47400000000000003,0.46849999999999997,0.4732,3.983169927908156,4.107252637993561,63.21666784255253,0.002879933652705502,0.004655827987313945,-0.001775894334608444,3676459.6
240047,GUINEAINS,2024-11-21,0.57,0.57,7360030,2026-04-08T04:21:34.755564+00:00,9.615384615384603,8.333333333333348,4.651162790697683,0.0,0.49799999999999994,0.47300000000000003,0.4742,4.459557201315616,4.287199740112984,70.5348120009673,0.01065873722675481,0.009947705249090603,0.000711031977664207,4014239.7
240166,GUINEAINS,2024-11-22,0.55,0.55,34923317,2026-04-08T04:21:37.514754+00:00,-3.50877192982455,9.615384615384603,0.0,6.666666666666665,0.518,0.4755000000000001,0.47519999999999996,4.49878808536853,4.2808446503028925,64.96696674710056,0.015036332765092586,0.011460240629942702,0.003576092135149883,5502071.95
240285,GUINEAINS,2024-11-25,0.5,0.5,32863429,2026-04-08T04:21:41.818387+00:00,-9.090909090909093,-3.50877192982455,4.444444444444429,-4.1666666666666625,0.524,0.4760000000000001,0.4744,4.967187363228166,4.333848394620047,53.579935295164375,0.014306114651082669,0.008584018012746228,0.00572209663833644,7099571.7
240404,GUINEAINS,2024-11-26,0.49,0.49,13036970,2026-04-08T04:21:44.163824+00:00,-2.0000000000000018,-9.090909090909093,2.127659574468077,-4.34782608695653,0.526,0.476,0.474,4.991867426104371,4.270574048223652,51.63080226026277,0.012773252998783347,0.005640925088357524,0.007132327910425822,7734923.35
240523,GUINEAINS,2024-11-27,0.53,0.53,10450404,2026-04-08T04:21:46.720727+00:00,8.163265306122458,-2.0000000000000018,8.333333333333348,-2.2727272727272707,0.528,0.47850000000000004,0.4746,5.273198634483873,4.4128944595993085,58.183650225496045,0.014617612068933084,0.005988227326805809,0.008629384742127275,8182147.85
240642,GUINEAINS,2024-11-28,0.5,0.5,41316712,2026-04-08T04:21:49.110263+00:00,-5.660377358490576,8.163265306122458,9.615384615384603,4.651162790697683,0.514,0.4795,0.4746,5.457345839951128,4.4903635607839165,52.44498226298039,0.013502877869546903,0.003898794501935702,0.009604083367611201,9949143.35
240761,GUINEAINS,2024-12-02,0.51,0.51,2915898,2026-04-08T04:21:54.88401+00:00,2.0000000000000018,-5.660377358490576,-3.50877192982455,0.0,0.506,0.48250000000000004,0.4754,5.240112838943949,4.4104413181984325,54.071127553886015,0.013273352466956045,0.002935415279475875,0.01033793718748017,9963310.6
240880,GUINEAINS,2024-12-03,0.51,0.51,3825493,2026-04-08T04:21:57.640504+00:00,0.0,2.0000000000000018,-9.090909090909093,4.444444444444429,0.508,0.4845,0.47580000000000006,5.169275066761776,4.372638495553387,54.07112755388602,0.012942261596356919,0.0020834595271013983,0.01085880206925552,10078273.65
240999,GUINEAINS,2024-12-04,0.52,0.52,4339432,2026-04-08T04:21:59.930228+00:00,1.9607843137254832,0.0,-2.0000000000000018,2.127659574468077,0.514,0.488,0.4764,5.051632456603536,4.379837629682093,55.82310128083575,0.013333090554191018,0.0019794307879483983,0.01135365976624262,9968254.7
241118,GUINEAINS,2024-12-06,0.56,0.56,925897,2026-04-08T04:22:03.392712+00:00,7.692307692307709,1.9607843137254832,8.163265306122458,8.333333333333348,0.52,0.49349999999999994,0.4782,5.271881583799124,4.460019534284586,62.05772006976192,0.016678234717118712,0.004259659960700872,0.01241857475641784,9975764.15
241237,GUINEAINS,2024-12-09,0.51,0.51,1880213,2026-04-08T04:22:07.745808+00:00,-8.92857142857143,7.692307692307709,-5.660377358490576,9.615384615384603,0.522,0.4965,0.4788,5.738909576427453,4.645284274458574,52.15019245752346,0.015120404819502331,0.002161464050467592,0.012958940769034739,9973755.25
241356,GUINEAINS,2024-12-10,0.56,0.56,3640026,2026-04-08T04:22:10.112253+00:00,9.80392156862746,-8.92857142857143,2.0000000000000018,-3.50877192982455,0.532,0.5005,0.4802,5.947259177896712,4.832781981287976,59.170114934324616,0.01771617450291396,0.0038057869871033767,0.013910387515810585,10110652.85
241475,GUINEAINS,2024-12-11,0.55,0.55,331010,2026-04-08T04:22:12.639548+00:00,-1.7857142857142905,9.80392156862746,0.0,-9.090909090909093,0.54,0.5050000000000001,0.4818,5.862871857871183,4.800309000399231,57.35769637601312,0.018750282665097928,0.0038719161194298753,0.014878366545668053,9944391.65
241594,GUINEAINS,2024-12-12,0.6,0.6,6778767,2026-04-08T04:22:15.033357+00:00,9.090909090909083,-1.7857142857142905,1.9607843137254832,-2.0000000000000018,0.556,0.513,0.48480000000000006,5.979423221648401,4.90454229456785,63.395097481910966,0.02333540692133773,0.006765632300535743,0.01656977462080199,10103072.3
241713,GUINEAINS,2024-12-13,0.61,0.61,3555964,2026-04-08T04:22:17.509919+00:00,1.6666666666666607,9.090909090909083,7.692307692307709,8.163265306122458,0.5660000000000001,0.522,0.48800000000000004,5.90498701687416,4.905390878098031,64.47831968264589,0.02745953097484366,0.008711805083233336,0.018747725891610324,10031732.75
241832,GUINEAINS,2024-12-16,0.67,0.67,9097136,2026-04-08T04:22:22.499781+00:00,9.836065573770503,1.6666666666666607,-8.92857142857143,-5.660377358490576,0.5980000000000001,0.533,0.4918,6.139939363006158,5.003204420846111,70.18020948500829,0.035164077957221984,0.013133081652489328,0.022030996304732656,10245458.25
241951,GUINEAINS,2024-12-17,0.72,0.72,12450493,2026-04-08T04:22:24.995572+00:00,7.462686567164178,9.836065573770503,9.80392156862746,2.0000000000000018,0.6300000000000001,0.5465000000000001,0.49700000000000005,6.226126383018245,5.038217972856764,73.93500583912385,0.0447882776960401,0.018205825113045956,0.026582452582994145,10667521.2
242070,GUINEAINS,2024-12-18,0.66,0.66,4746893,2026-04-08T04:22:27.498126+00:00,-8.333333333333325,7.462686567164178,-1.7857142857142905,0.0,0.6519999999999999,0.556,0.5012,6.6629685262973055,5.190980739717628,63.58783197337745,0.0470318726173814,0.0163595360275098,0.030672336589871597,10860920.4
242189,GUINEAINS,2024-12-19,0.67,0.67,4249601,2026-04-08T04:22:29.868083+00:00,1.5151515151515138,-8.333333333333325,9.090909090909083,1.9607843137254832,0.666,0.5655,0.505,6.66338241372585,5.124899719459897,64.48006286688002,0.049051419947579,0.014703266686165922,0.03434815326141308,10744311.75
242308,GUINEAINS,2024-12-20,0.69,0.69,4779108,2026-04-08T04:22:32.392508+00:00,2.985074626865658,1.5151515151515138,1.6666666666666607,7.692307692307709,0.682,0.5740000000000001,0.51,6.496487434433752,4.960700843580773,66.26072352140316,0.05167013742910043,0.013857587334149879,0.03781255009495055,10173339.65
242427,GUINEAINS,2024-12-23,0.69,0.69,2798900,2026-04-08T04:22:36.740311+00:00,0.0,2.985074626865658,9.836065573770503,-8.92857142857143,0.6859999999999999,0.58,0.5146000000000001,6.224059274018867,4.9364358811742965,66.26072352140316,0.053133005684661616,0.012256364471768852,0.040876641212892764,9945283.15
242546,GUINEAINS,2024-12-24,0.66,0.66,713835,2026-04-08T04:22:39.25804+00:00,-4.347826086956507,0.0,7.462686567164178,9.80392156862746,0.674,0.5854999999999999,0.5184,6.259792832099339,4.988857238975618,60.94561581421633,0.05128046080586024,0.008323055674373976,0.04295740513148626,8234809.05
242665,GUINEAINS,2024-12-27,0.68,0.68,4548100,2026-04-08T04:22:43.946119+00:00,3.0303030303030276,-4.347826086956507,-8.333333333333325,-1.7857142857142905,0.678,0.5944999999999999,0.5222,5.790209003458919,4.9745413959457485,63.07229341358759,0.050840085635222465,0.006306144402988961,0.044533941232233504,6819042.6
242783,GUINEAINS,2024-12-31,0.81,0.81,7079629,2026-04-08T04:22:48.665239+00:00,19.11764705882353,3.0303030303030276,1.5151515151515138,9.090909090909083,0.706,0.6105,0.5292,6.898020408442152,5.511670037024831,73.26365038815615,0.06028605852848079,0.01260169383699783,0.04768436469148296,6521175.55
242901,GUINEAINS,2025-01-02,0.89,0.89,17299219,2026-04-08T04:22:52.256438+00:00,9.876543209876543,19.11764705882353,2.985074626865658,1.6666666666666607,0.746,0.6285000000000001,0.538,6.978773666695386,5.6198413928811215,77.39760300404858,0.07338149531347271,0.020557704497591797,0.052823790815880914,6863616.3
243019,GUINEAINS,2025-01-03,0.97,0.97,2497030,2026-04-08T04:22:55.101113+00:00,8.98876404494382,9.876543209876543,0.0,9.836065573770503,0.8019999999999999,0.6519999999999999,0.5484,6.805247236852186,5.713102449474164,80.62396425553594,0.0891869629334695,0.02909053769407087,0.060096425239398635,4922632.2
243137,GUINEAINS,2025-01-06,1.06,1.06,21616395,2026-04-08T04:23:00.046313+00:00,9.278350515463929,8.98876404494382,-4.347826086956507,7.462686567164178,0.882,0.6795,0.5604,6.910021894582445,5.812461996590244,83.48079686182929,0.10773327559376933,0.03810948028349656,0.06962379531027277,5857657.05
243255,GUINEAINS,2025-01-07,0.97,0.97,39105582,2026-04-08T04:23:02.329348+00:00,-8.490566037735858,9.278350515463929,3.0303030303030276,-8.333333333333325,0.9400000000000001,0.7025,0.5704,7.408045778230629,5.992995890497683,72.04177352167756,0.1138566456200013,0.03538628024778283,0.07847036537221848,7621661.5
243373,GUINEAINS,2025-01-08,0.99,0.99,25501155,2026-04-08T04:23:04.632968+00:00,2.0618556701030855,-8.490566037735858,19.11764705882353,1.5151515151515138,0.976,0.7260000000000001,0.5808,7.406959848179,5.98863393227841,72.9294834411619,0.11895208771325982,0.03238537787283308,0.08656670984042675,8679747.65
243491,GUINEAINS,2025-01-09,0.91,0.91,14625636,2026-04-08T04:23:06.908261+00:00,-8.080808080808078,2.0618556701030855,9.876543209876543,2.985074626865658,0.9799999999999999,0.7435,0.5896,7.770791182178523,6.141773858003026,64.15473198619529,0.11520689747050505,0.02291215010406264,0.09229474736644241,9364734.6
243609,GUINEAINS,2025-01-10,0.9,0.9,7062677,2026-04-08T04:23:09.304805+00:00,-1.098901098901095,-8.080808080808078,8.98876404494382,0.0,0.966,0.7630000000000001,0.598,7.337275183750957,6.152103831828653,63.13219906331345,0.11016201169660311,0.014293811464128559,0.09586820023247455,9623857.8
243727,GUINEAINS,2025-01-13,0.95,0.95,8114846,2026-04-08T04:23:13.790041+00:00,5.555555555555558,-1.098901098901095,9.278350515463929,-4.347826086956507,0.944,0.7825,0.607,7.1939533634465205,6.167752498644578,66.04621230876252,0.1089426623102514,0.010459569662221474,0.09848309264802993,9847598.8
243845,GUINEAINS,2025-01-14,0.89,0.89,10753826,2026-04-08T04:23:16.129929+00:00,-6.315789473684208,5.555555555555558,-8.490566037735858,3.0303030303030276,0.9280000000000002,0.7995,0.615,7.417631526309257,6.247054311148687,59.92524531582533,0.10195949498692447,0.0027811218711156216,0.09917837311580885,10368739.6
243963,GUINEAINS,2025-01-15,0.86,0.86,5225155,2026-04-08T04:23:18.535433+00:00,-3.370786516853941,-6.315789473684208,2.0618556701030855,19.11764705882353,0.9019999999999999,0.8125,0.6224000000000001,7.374917082407508,6.280436332989122,57.07693406325325,0.0929332585371736,-0.004996091662908195,0.0979293502000818,10291059.0
244081,GUINEAINS,2025-01-16,0.83,0.83,2819322,2026-04-08T04:23:20.834867+00:00,-3.488372093023262,-3.370786516853941,-8.080808080808078,9.876543209876543,0.8859999999999999,0.8234999999999999,0.6294,7.478988403932008,6.299554469289968,54.297586654450484,0.08240918999634683,-0.012416128162987983,0.09482531815933481,10254226.9
244199,GUINEAINS,2025-01-17,0.9,0.9,4274559,2026-04-08T04:23:23.141674+00:00,8.433734939759052,-3.488372093023262,-1.098901098901095,8.98876404494382,0.8859999999999999,0.835,0.6378,7.4059908699141905,6.376704572458595,59.280119419023784,0.0788087466666808,-0.012813257194123212,0.09162200386080402,10013098.05
244317,GUINEAINS,2025-01-20,0.92,0.92,3841178,2026-04-08T04:23:27.482452+00:00,2.2222222222222143,8.433734939759052,5.555555555555558,9.278350515463929,0.8799999999999999,0.845,0.6472,7.284535645348097,6.279467382014102,60.60173386748371,0.07668522272843326,-0.011949424905896622,0.08863464763432988,9582632.3
244435,GUINEAINS,2025-01-21,0.94,0.94,3461835,2026-04-08T04:23:29.752731+00:00,2.1739130434782483,2.2222222222222143,-6.315789473684208,-8.490566037735858,0.89,0.859,0.6566,6.908990741896633,6.266893559686506,61.93230929155288,0.0757430290705079,-0.010313294851057586,0.08605632392156548,9518379.4
244553,GUINEAINS,2025-01-22,0.87,0.87,1420671,2026-04-08T04:23:32.235559+00:00,-7.4468085106382915,2.1739130434782483,-3.370786516853941,2.0618556701030855,0.892,0.8690000000000001,0.665,7.225617690492044,6.343370876358768,54.93881244460157,0.06855762914967745,-0.013998955817510428,0.08255658496718787,9376932.9
244671,GUINEAINS,2025-01-23,0.83,0.83,2277869,2026-04-08T04:23:34.519549+00:00,-4.597701149425292,-7.4468085106382915,-3.488372093023262,-8.080808080808078,0.892,0.876,0.6726000000000001,7.344547245894564,6.398941315296397,51.36915788923411,0.05895587560316151,-0.018880567491221106,0.07783644309438262,9251870.95
244789,GUINEAINS,2025-01-24,0.84,0.84,1194262,2026-04-08T04:23:37.097992+00:00,1.2048192771084265,-4.597701149425292,8.433734939759052,-1.098901098901095,0.8799999999999999,0.8835,0.6803999999999999,7.339341126103438,6.39572016571974,52.20524561734716,0.05155899318804891,-0.021021959925066974,0.07258095311311588,9171639.05
244907,GUINEAINS,2025-01-27,0.81,0.81,7363252,2026-04-08T04:23:41.817807+00:00,-3.5714285714285587,1.2048192771084265,2.2222222222222143,5.555555555555558,0.858,0.891,0.687,7.3102517291731965,6.38926594895101,49.4580895439131,0.04278298567548999,-0.023838373950100716,0.06662135962559071,9504109.9
245025,GUINEAINS,2025-01-28,0.83,0.83,2056168,2026-04-08T04:23:44.43679+00:00,2.4691358024691246,-3.5714285714285587,2.1739130434782483,-6.315789473684208,0.836,0.8985,0.6944,7.3042308333998465,6.343256332355516,51.298051941641894,0.03701508251692687,-0.023685021686931075,0.06070010420385794,9379513.3
245143,GUINEAINS,2025-01-30,0.73,0.73,1972996,2026-04-08T04:23:47.90788+00:00,-12.04819277108433,2.4691358024691246,-7.4468085106382915,-3.370786516853941,0.808,0.8945000000000001,0.7002000000000002,6.579324024604253,6.574437400427466,42.8904428392581,0.024097037791364073,-0.029282453129995098,0.05337949092135917,9124181.65
245261,GUINEAINS,2025-01-31,0.73,0.73,1972996,2026-04-08T04:23:50.425841+00:00,0.0,-12.04819277108433,-4.597701149425292,-3.488372093023262,0.788,0.8865000000000001,0.7062,6.129616665291706,6.557585759001448,42.8904428392581,0.013701452461748032,-0.031742430767688914,0.045443883229436946,8357870.5
245379,GUINEAINS,2025-02-03,0.73,0.73,1646965,2026-04-08T04:23:55.090801+00:00,0.0,0.0,1.2048192771084265,8.433734939759052,0.7659999999999999,0.8745,0.7118000000000001,5.687212092766601,6.5416414970379915,42.89044283925809,0.00540062119254181,-0.03203460962951611,0.03743523082205792,8315367.25
245497,GUINEAINS,2025-02-04,0.8,0.8,3937750,2026-04-08T04:23:57.584141+00:00,9.589041095890426,0.0,-3.5714285714285587,2.2222222222222143,0.764,0.8614999999999998,0.7188,5.717841318880798,6.646100633869174,50.04816988972556,0.004419620953790004,-0.026412487894614336,0.03083210884840434,7431435.0
245615,GUINEAINS,2025-02-05,0.88,0.88,5253346,2026-04-08T04:24:00.484627+00:00,9.999999999999986,9.589041095890426,2.4691358024691246,2.1739130434782483,0.774,0.857,0.727,5.9729681014737315,6.744251865919743,56.723797673529546,0.009982431354154775,-0.016679741995399653,0.026662173349554428,5738823.2
245733,GUINEAINS,2025-02-06,0.85,0.85,13883230,2026-04-08T04:24:04.153698+00:00,-3.409090909090917,9.999999999999986,-12.04819277108433,-7.4468085106382915,0.798,0.85,0.7343999999999999,5.983632709319001,6.77879699793885,53.81914978679028,0.011833836296273548,-0.011862669642624706,0.023696505938898254,5157926.95
245851,GUINEAINS,2025-02-07,0.85,0.85,2039789,2026-04-08T04:24:07.822728+00:00,0.0,-3.409090909090917,0.0,-4.597701149425292,0.8220000000000001,0.8470000000000001,0.741,5.718058507109507,6.706180788184846,53.81914978679027,0.013149508700540213,-0.008437597790686431,0.021587106491226644,4528634.6
245969,GUINEAINS,2025-02-10,0.85,0.85,2371499,2026-04-08T04:24:13.163899+00:00,0.0,0.0,0.0,1.2048192771084265,0.8460000000000001,0.8445,0.7465999999999999,5.714092232918889,6.597041763591408,53.81914978679027,0.014030454217267119,-0.006045321819167622,0.02007577603643474,4294075.7
246087,GUINEAINS,2025-02-11,0.8,0.8,6379140,2026-04-08T04:24:15.629092+00:00,-5.88235294117646,0.0,9.589041095890426,-3.5714285714285587,0.8459999999999999,0.837,0.7515999999999999,5.687424603981223,6.638646192583117,48.634974408379264,0.010572158491429118,-0.0076028940360045,0.018175052527433618,4207290.4
246205,GUINEAINS,2025-02-12,0.8,0.8,1207915,2026-04-08T04:24:18.226035+00:00,0.0,-5.88235294117646,9.999999999999986,2.4691358024691246,0.8300000000000001,0.8324999999999999,0.7576,5.532542033681412,6.480226447178863,48.63497440837926,0.0077421870994884845,-0.008346292342356107,0.01608847944184459,3729994.85
246323,GUINEAINS,2025-02-13,0.79,0.79,1770692,2026-04-08T04:24:20.725749+00:00,-1.2499999999999956,0.0,-3.409090909090917,-12.04819277108433,0.818,0.829,0.7636,5.492504271991603,6.473659332637037,47.572069866398145,0.004639022195837117,-0.00915956579680598,0.013798587992643097,3557271.7
246441,GUINEAINS,2025-02-14,0.79,0.79,3669310,2026-04-08T04:24:23.300806+00:00,0.0,-1.2499999999999956,0.0,0.0,0.806,0.827,0.7687999999999999,5.44040027958505,6.395942003921915,47.572069866398145,0.002154901291884226,-0.009314949360607097,0.011469850652491323,3599771.1
246559,GUINEAINS,2025-02-17,0.79,0.79,3235776,2026-04-08T04:24:27.726986+00:00,0.0,0.0,0.0,0.0,0.794,0.8215,0.7746,5.057017361150333,6.325385927530419,47.572069866398145,0.0001840954407316131,-0.009028604169407768,0.009212699610139381,3547831.95
246677,GUINEAINS,2025-02-18,0.78,0.78,1091631,2026-04-08T04:24:30.295737+00:00,-1.2658227848101222,0.0,-5.88235294117646,9.589041095890426,0.79,0.8145,0.78,5.0171921960982235,6.332879882157791,46.308043724199656,-0.002159801969040309,-0.009098001263343753,0.0069381992943034435,3410354.6
246795,GUINEAINS,2025-02-19,0.74,0.74,1642510,2026-04-08T04:24:32.765887+00:00,-5.128205128205132,-1.2658227848101222,0.0,9.999999999999986,0.778,0.8045,0.7846000000000001,5.062402837298239,6.391423511188657,41.55205132996921,-0.007162458891579071,-0.011280526548706012,0.004118067657126941,3319388.35
246913,GUINEAINS,2025-02-20,0.79,0.79,2059744,2026-04-08T04:24:35.351909+00:00,6.756756756756754,-5.128205128205132,-1.2499999999999956,-3.409090909090917,0.778,0.8005000000000001,0.79,5.116268465675066,6.442783425757105,48.651249411136355,-0.007011691991669733,-0.00890380771903734,0.0018921157273676062,3351342.0
247031,GUINEAINS,2025-02-21,0.76,0.76,1730095,2026-04-08T04:24:37.680479+00:00,-3.797468354430378,6.756756756756754,0.0,0.0,0.772,0.797,0.7939999999999999,5.0843855811638825,6.405446982841003,45.110814437058615,-0.009206826847961147,-0.008879154060263003,-0.00032767278769814433,3323953.3
247149,GUINEAINS,2025-02-25,0.8,0.8,442195,2026-04-08T04:24:43.419296+00:00,5.263157894736836,-3.797468354430378,0.0,0.0,0.774,0.795,0.7998000000000001,5.2272784610580745,6.278292876269087,50.30371459441019,-0.007630857554765336,-0.005842547813653753,-0.0017883097411115828,3286349.95
247267,GUINEAINS,2025-02-26,0.72,0.72,5500875,2026-04-08T04:24:45.860894+00:00,-10.000000000000009,5.263157894736836,-1.2658227848101222,-5.88235294117646,0.762,0.7905,0.8029999999999999,5.632989176925641,6.341924004154441,41.788515473861246,-0.012690928820155989,-0.008722095263235525,-0.003968833556920464,3193231.1
247385,GUINEAINS,2025-02-27,0.66,0.66,5534008,2026-04-08T04:24:48.27846+00:00,-8.333333333333325,-10.000000000000009,-5.128205128205132,0.0,0.7460000000000001,0.782,0.8051999999999999,5.85344022370211,6.460730122612854,36.762276881020476,-0.021297070936115436,-0.013862589903355978,-0.007434481032759459,3367123.1
247503,GUINEAINS,2025-02-28,0.64,0.64,10377592,2026-04-08T04:24:50.63724+00:00,-3.0303030303030276,-8.333333333333325,6.756756756756754,-1.2499999999999956,0.716,0.7775000000000001,0.8059999999999999,5.274267280185765,6.360981110430536,35.24069929013718,-0.02939251480547278,-0.017566427018170655,-0.011826087787302124,3787352.9
247621,GUINEAINS,2025-03-03,0.7,0.7,7572409,2026-04-08T04:24:55.222854+00:00,9.375,-3.0303030303030276,-3.797468354430378,0.0,0.704,0.776,0.8078,5.721005845046266,6.486361395386364,42.87894864885876,-0.030613816813596317,-0.015030183221035354,-0.015583633592560963,4067323.55
247739,GUINEAINS,2025-03-04,0.63,0.63,3254643,2026-04-08T04:24:57.762887+00:00,-9.999999999999998,9.375,5.263157894736836,0.0,0.67,0.7710000000000001,0.8069999999999999,6.1376989900984364,6.508901157737835,37.344772559802266,-0.03680584754003391,-0.016977771157978355,-0.019828076382055554,4147707.45
247858,GUINEAINS,2025-03-05,0.65,0.65,1858167,2026-04-08T04:25:00.108696+00:00,3.1746031746031855,-9.999999999999998,-10.000000000000009,-1.2658227848101222,0.6559999999999999,0.7635,0.8056,5.734010504594456,6.437519377309883,39.73792077348828,-0.03964227221128813,-0.015851356663386065,-0.023790915547902067,4043728.3
247977,GUINEAINS,2025-03-06,0.68,0.68,2655384,2026-04-08T04:25:02.52336+00:00,4.615384615384621,3.1746031746031855,-8.333333333333325,-5.128205128205132,0.66,0.7535000000000001,0.806,5.306962045558131,6.355548232317052,43.24003530277721,-0.03901961607382298,-0.012182960420736733,-0.02683665565308625,3913830.2
248096,GUINEAINS,2025-03-07,0.66,0.66,763098,2026-04-08T04:25:04.19753+00:00,-2.941176470588236,4.615384615384621,-3.0303030303030276,6.756756756756754,0.664,0.744,0.8058,5.297481120528968,6.368743947351618,41.508173321754136,-0.03968255367468265,-0.01027671841727712,-0.029405835257405533,3257823.6
248215,GUINEAINS,2025-03-10,0.68,0.68,658420,2026-04-08T04:25:07.959889+00:00,3.0303030303030276,-2.941176470588236,9.375,-3.797468354430378,0.6599999999999999,0.7355,0.8056,5.374048543111645,6.369155784257815,43.92679158701902,-0.03815428480157079,-0.006998759635332204,-0.03115552516623859,3188755.15
248334,GUINEAINS,2025-03-11,0.63,0.63,764473,2026-04-08T04:25:10.446731+00:00,-7.352941176470596,3.0303030303030276,-9.999999999999998,5.263157894736836,0.66,0.7245,0.8044,5.55269215624369,6.457353421470754,39.52646590333653,-0.04051072047304638,-0.0074841562454462315,-0.03302656422760015,3108403.85
248453,GUINEAINS,2025-03-12,0.63,0.63,476386,2026-04-08T04:25:12.888859+00:00,0.0,-7.352941176470596,3.1746031746031855,-10.000000000000009,0.656,0.716,0.8038,5.454250748770888,6.42654416350093,39.52646590333652,-0.04189527012479455,-0.007094964717755517,-0.03480030540703903,2813266.15
248572,GUINEAINS,2025-03-13,0.63,0.63,383438,2026-04-08T04:25:15.353849+00:00,0.0,0.0,4.615384615384621,-8.333333333333325,0.646,0.7075,0.8028,5.454250748770888,6.412680555125411,39.52646590333652,-0.0425025922721779,-0.006161829492111089,-0.03634076278006681,2772042.3
248691,GUINEAINS,2025-03-14,0.69,0.69,3172180,2026-04-08T04:25:17.75152+00:00,9.523809523809511,0.0,-2.941176470588236,-3.0303030303030276,0.6519999999999999,0.7025,0.8003999999999999,5.942996518348587,5.957770353881199,47.420627822518156,-0.03770772965520275,-0.0010935735001087465,-0.036614156155094,2842116.7
248810,GUINEAINS,2025-03-17,0.65,0.65,4160590,2026-04-08T04:25:23.327657+00:00,-5.797101449275354,9.523809523809511,3.0303030303030276,9.375,0.6460000000000001,0.6955,0.7956,6.0573139987804,5.830640764047625,43.35717619599117,-0.03671223638372423,-7.846418290417823e-05,-0.03663377220082005,2866680.7
248929,GUINEAINS,2025-03-18,0.7,0.7,499390,2026-04-08T04:25:25.763099+00:00,7.692307692307687,-5.797101449275354,-7.352941176470596,-9.999999999999998,0.6599999999999999,0.6910000000000001,0.7902,6.347728293768653,5.790510491136018,49.215261741657436,-0.03152531446010165,0.004086766192574726,-0.035612080652676376,2729861.4
249048,GUINEAINS,2025-03-19,0.68,0.68,4456132,2026-04-08T04:25:28.144043+00:00,-2.857142857142847,7.692307692307687,0.0,3.1746031746031855,0.67,0.686,0.7826,6.36894812550922,5.62486465532015,47.11619754015154,-0.028697665494755276,0.005531532126336884,-0.03422919762109216,2898086.45
249167,GUINEAINS,2025-03-20,0.68,0.68,329376,2026-04-08T04:25:31.01834+00:00,0.0,-2.857142857142847,0.0,4.615384615384621,0.68,0.683,0.7767999999999999,6.274937571653218,5.512788631087111,47.11619754015153,-0.026155232083218793,0.006459172430298692,-0.032614404513517485,2832429.75
249286,GUINEAINS,2025-03-21,0.7,0.7,708218,2026-04-08T04:25:33.389958+00:00,2.941176470588225,0.0,9.523809523809511,-2.941176470588236,0.682,0.6785,0.7709999999999999,6.106966816048045,5.522711904912099,49.608783434509114,-0.022269790155852842,0.008275691486131713,-0.030545481641984555,2764853.45
249405,GUINEAINS,2025-03-24,0.7,0.7,472786,2026-04-08T04:25:38.388993+00:00,0.0,2.941176470588225,-5.797101449275354,3.0303030303030276,0.692,0.6755,0.7668,6.055399899300271,5.414743012929275,49.608783434509114,-0.018971853715257336,0.009258902341381776,-0.028230756056639113,2701988.0
249524,GUINEAINS,2025-03-25,0.7,0.7,780080,2026-04-08T04:25:40.7685+00:00,0.0,0.0,7.692307692307687,-7.352941176470596,0.692,0.6705,0.7628,5.916666489683003,5.413992476051336,49.608783434509114,-0.01617179691746584,0.00964716731133862,-0.02581896422880446,2718882.25
249643,GUINEAINS,2025-03-26,0.7,0.7,1466080,2026-04-08T04:25:43.344812+00:00,0.0,0.0,-2.857142857142847,0.0,0.696,0.6695,0.7578,5.4776643046905305,5.346758227342819,49.60878343450911,-0.01379372624207409,0.009620190389384296,-0.023413916631458385,2517142.5
249762,GUINEAINS,2025-03-27,0.73,0.73,316015,2026-04-08T04:25:45.817232+00:00,4.285714285714293,0.0,0.0,0.0,0.7060000000000001,0.6729999999999999,0.7545999999999999,5.186018587003632,5.320281915282097,53.9846142130148,-0.009380209601900225,0.011226965623646529,-0.020607175225546753,2256242.85
249881,GUINEAINS,2025-03-28,0.68,0.68,704684,2026-04-08T04:25:48.177352+00:00,-6.849315068493144,4.285714285714293,2.941176470588225,9.523809523809511,0.702,0.675,0.7509999999999999,5.394133529299585,5.384198541066952,46.70508526314245,-0.009804033207440388,0.008642513614485092,-0.01844654682192548,1772597.45
250000,GUINEAINS,2025-04-02,0.63,0.63,1590367,2026-04-08T04:25:54.663823+00:00,-7.352941176470596,-6.849315068493144,0.0,-5.797101449275354,0.688,0.6715,0.747,5.2305243389432,5.457758712457409,40.78273241605222,-0.014012965853291592,0.003546864774907111,-0.017559830628198703,1473495.35
250119,GUINEAINS,2025-04-03,0.69,0.69,1254107,2026-04-08T04:25:57.014747+00:00,9.523809523809511,-7.352941176470596,0.0,7.692307692307687,0.6859999999999999,0.6745,0.7428,5.164923983992836,5.495823502259185,49.120320014879354,-0.0123645459507159,0.004156227741986245,-0.016520773692702145,1373468.55
250238,GUINEAINS,2025-04-04,0.63,0.63,5495880,2026-04-08T04:25:59.489503+00:00,-8.695652173913038,9.523809523809511,0.0,-2.857142857142847,0.6719999999999999,0.6735,0.737,5.521042424768607,5.606052830432558,42.65297464826209,-0.015718467155812155,0.0006418452295119913,-0.016360312385324146,1555354.2
250357,GUINEAINS,2025-04-07,0.69,0.69,4122510,2026-04-08T04:26:04.211964+00:00,9.523809523809511,-8.695652173913038,4.285714285714293,0.0,0.6639999999999999,0.6739999999999999,0.732,5.8375714241886545,5.77410931404212,49.77451139808807,-0.013380730582530864,0.0023836654422346275,-0.01576439602476549,1628710.5
250476,GUINEAINS,2025-04-08,0.69,0.69,508944,2026-04-08T04:26:06.766331+00:00,0.0,9.523809523809511,-6.849315068493144,2.941176470588225,0.666,0.6755,0.7283999999999999,5.790235053994311,5.685383699116352,49.77451139808807,-0.01139668363101376,0.0034941699150013873,-0.014890853546015147,1616002.8
250595,GUINEAINS,2025-04-10,0.68,0.68,664119,2026-04-08T04:26:10.263658+00:00,-1.4492753623188248,0.0,-7.352941176470596,0.0,0.6759999999999999,0.6755,0.7253999999999999,5.768952849550751,5.654206031290255,48.60773843802048,-0.01051007495240619,0.003504622874887167,-0.014014697827293357,1616287.75
250714,GUINEAINS,2025-04-11,0.63,0.63,5731093,2026-04-08T04:26:12.610372+00:00,-7.352941176470596,-1.4492753623188248,9.523809523809511,0.0,0.6639999999999999,0.6755,0.7212000000000001,5.768952849550751,5.73844763249257,43.160008617232066,-0.013684269577971198,0.000264342599457729,-0.013948612177428927,1864618.75
250833,GUINEAINS,2025-04-14,0.69,0.69,3566997,2026-04-08T04:26:17.137975+00:00,9.523809523809511,-7.352941176470596,-8.695652173913038,0.0,0.6759999999999999,0.6784999999999999,0.7188,6.1366732412664655,5.888189928108108,50.35096835747634,-0.011228903320758876,0.0021757670853360424,-0.013404670406094919,2019149.3
250952,GUINEAINS,2025-04-15,0.63,0.63,1113730,2026-04-08T04:26:19.634971+00:00,-8.695652173913038,9.523809523809511,9.523809523809511,4.285714285714293,0.6639999999999999,0.6785,0.7148,6.482197537876344,5.997518315901699,44.31351562670186,-0.013963543394786115,-0.0004470983909529557,-0.01351644500383316,2055663.9
251071,GUINEAINS,2025-04-16,0.57,0.57,4727173,2026-04-08T04:26:22.321337+00:00,-9.523809523809534,-8.695652173913038,0.0,-6.849315068493144,0.6399999999999999,0.6725,0.7116,6.439064539692078,5.9071780138210785,39.24568064435316,-0.02073326375597795,-0.005773455001715829,-0.01495980875426212,2133413.55
251190,GUINEAINS,2025-04-17,0.62,0.62,862836,2026-04-08T04:26:24.819431+00:00,8.771929824561408,-9.523809523809534,-1.4492753623188248,-7.352941176470596,0.6279999999999999,0.671,0.7094,6.6588753270185235,6.045602007064844,44.900719860742726,-0.02181229522123107,-0.005481989173575161,-0.01633030604765591,1968525.85
251309,GUINEAINS,2025-04-22,0.65,0.65,1958358,2026-04-08T04:26:31.401152+00:00,4.8387096774193505,8.771929824561408,-7.352941176470596,9.523809523809511,0.6319999999999999,0.6685,0.7078,6.513788735856219,6.0865994253737234,48.02662174172845,-0.02001595468578865,-0.002948518910506192,-0.01706743577528246,2041474.25
251428,GUINEAINS,2025-04-23,0.7,0.7,1039405,2026-04-08T04:26:33.741411+00:00,7.692307692307687,4.8387096774193505,9.523809523809511,-8.695652173913038,0.634,0.6695,0.7058,6.708815999635178,6.03094998455925,52.82981869818473,-0.014391859341088331,0.0021404611473553013,-0.016532320488443632,1870637.9
251547,GUINEAINS,2025-04-24,0.64,0.64,1772033,2026-04-08T04:26:36.383131+00:00,-8.571428571428562,7.692307692307687,-8.695652173913038,9.523809523809511,0.6359999999999999,0.6675,0.701,7.00040477848311,5.9684966511122575,47.19347654308772,-0.014607831827820661,0.0015395909284983793,-0.01614742275631904,1942770.75
251667,GUINEAINS,2025-04-25,0.68,0.68,835817,2026-04-08T04:26:38.677219+00:00,6.25,-8.571428571428562,-9.523809523809534,0.0,0.658,0.6664999999999999,0.6976,7.113486386407283,6.027127388681756,50.95051873253925,-0.011419686832208398,0.0037821887392885147,-0.015201875571496912,1949150.7
251787,GUINEAINS,2025-04-28,0.68,0.68,170773,2026-04-08T04:26:43.113614+00:00,0.0,6.25,8.771929824561408,-1.4492753623188248,0.67,0.6655,0.6942,7.113486386407283,6.027127388681756,50.950518732539244,-0.008791713552657954,0.005128129615071168,-0.013919843167729122,1934050.05
251907,GUINEAINS,2025-04-29,0.68,0.68,596680,2026-04-08T04:26:45.609073+00:00,0.0,0.0,4.8387096774193505,-7.352941176470596,0.676,0.6645000000000001,0.6908,7.113486386407283,6.027127388681756,50.95051873253925,-0.006632569660672161,0.00582981880564557,-0.01246238846631773,1924880.05
252027,GUINEAINS,2025-04-30,0.65,0.65,3251678,2026-04-08T04:26:48.242472+00:00,-4.4117647058823595,0.0,7.692307692307687,9.523809523809511,0.666,0.6619999999999999,0.6878,7.18466648645212,6.002703914169405,47.76703872058104,-0.007258510261986317,0.004163102563465131,-0.011421612825451448,2014159.95
252147,GUINEAINS,2025-05-02,0.64,0.64,3989591,2026-04-08T04:26:51.690529+00:00,-1.538461538461544,-4.4117647058823595,-8.571428571428562,-8.695652173913038,0.6660000000000001,0.6575,0.6846,7.114184856438712,6.005404195607969,46.71915775669623,-0.008463922297067383,0.0023661524227072527,-0.010830074719774636,2197838.75
252267,GUINEAINS,2025-05-05,0.69,0.69,1026845,2026-04-08T04:26:56.275381+00:00,7.8125,-1.538461538461544,6.25,-9.523809523809534,0.668,0.6579999999999999,0.6826000000000001,7.1715392542866265,6.110998915363744,52.348004361556306,-0.005323274492107233,0.004405440182133923,-0.009728714674241155,2213946.8
252387,GUINEAINS,2025-05-06,0.63,0.63,3861586,2026-04-08T04:26:58.7221+00:00,-8.695652173913038,7.8125,0.0,8.771929824561408,0.658,0.658,0.6794,7.252944783844381,6.2310287390366526,46.059676906491894,-0.007588313682043268,0.0017123207937583106,-0.009300634475801579,2327507.75
252507,GUINEAINS,2025-05-07,0.69,0.69,3718688,2026-04-08T04:27:01.170235+00:00,9.523809523809511,-8.695652173913038,0.0,4.8387096774193505,0.6599999999999999,0.658,0.6774000000000001,7.252944783844381,6.382883304715246,52.23839794846081,-0.004490115740459877,0.003848414988273362,-0.008338530728733239,2450736.8
252627,GUINEAINS,2025-05-08,0.69,0.69,1888597,2026-04-08T04:27:03.468055+00:00,0.0,9.523809523809511,-4.4117647058823595,7.692307692307687,0.6679999999999999,0.6609999999999999,0.6756,6.942447980035264,6.380555146015082,52.23839794846081,-0.0020115832706669723,0.005061557966453014,-0.007073141237119987,2270372.65
252747,GUINEAINS,2025-05-09,0.66,0.66,642277,2026-04-08T04:27:05.963213+00:00,-4.347826086956507,0.0,-1.538461538461544,-8.571428571428562,0.6719999999999999,0.6595,0.6739999999999999,6.701668448525091,6.36881120104485,48.984646363059746,-0.002439951469311641,0.003706551814246677,-0.006146503283558318,2096361.0
252867,GUINEAINS,2025-05-12,0.68,0.68,5632836,2026-04-08T04:27:10.449459+00:00,3.0303030303030276,-4.347826086956507,7.8125,6.25,0.6699999999999999,0.659,0.6718,6.7360424486858586,6.309302156504825,51.168329156675895,-0.001152320269169338,0.003995346411511184,-0.005147666680680522,2352555.6
252987,GUINEAINS,2025-05-14,0.68,0.68,5556069,2026-04-08T04:27:13.89162+00:00,0.0,3.0303030303030276,-8.695652173913038,0.0,0.6799999999999999,0.659,0.6702000000000001,6.725801367251546,6.286750479712987,51.1683291566759,-0.00013036055089066245,0.004013844903831888,-0.00414420545472255,2597153.1
253107,GUINEAINS,2025-05-15,0.66,0.66,23250395,2026-04-08T04:27:16.307455+00:00,-2.941176470588236,0.0,9.523809523809511,0.0,0.674,0.6605000000000001,0.6674,6.5341356129119825,6.252805034297749,48.74831648886589,-0.0009236358650496213,0.002576455671738343,-0.0035000915367879642,3473118.2
253227,GUINEAINS,2025-05-16,0.65,0.65,2283125,2026-04-08T04:27:18.639316+00:00,-1.5151515151515138,-2.941176470588236,0.0,-4.4117647058823595,0.666,0.6585000000000001,0.6659999999999999,6.182857292441598,6.09432305796557,47.53769273657593,-0.0023323428961993242,0.000934198912470912,-0.0032665418086702362,3408924.6
253347,GUINEAINS,2025-05-19,0.65,0.65,311088,2026-04-08T04:27:23.06518+00:00,0.0,-1.5151515151515138,-4.347826086956507,-1.538461538461544,0.664,0.6595,0.6658,5.844251575788498,5.97518534625309,47.53769273657593,-0.003409451334892677,-0.00011432762097795266,-0.0032951237139147243,3368792.5
253467,GUINEAINS,2025-05-20,0.65,0.65,311088,2026-04-08T04:27:25.663956+00:00,0.0,0.0,3.0303030303030276,7.8125,0.6580000000000001,0.6635,0.666,5.368727215231931,5.957671914139561,47.53769273657592,-0.00421448556651971,-0.0007354894820839884,-0.0034789960844357217,3147988.25
253587,GUINEAINS,2025-05-21,0.65,0.65,6114568,2026-04-08T04:27:28.280255+00:00,0.0,0.0,0.0,-8.695652173913038,0.652,0.665,0.665,5.030397161427493,5.808843352728427,47.53769273657592,-0.004797182066324179,-0.0010545487855107656,-0.0037426332808134137,3410574.85
253707,GUINEAINS,2025-05-22,0.62,0.62,3682903,2026-04-08T04:27:30.733393+00:00,-4.615384615384621,0.0,-2.941176470588236,9.523809523809511,0.644,0.6635,0.6648000000000001,5.031217455098352,5.667533757857748,43.2078491798846,-0.007592204314702977,-0.00307965682711165,-0.004512547487591327,3496802.1
253827,GUINEAINS,2025-05-23,0.62,0.62,844944,2026-04-08T04:27:33.142895+00:00,0.0,-4.615384615384621,-1.5151515151515138,0.0,0.6380000000000001,0.6595000000000001,0.6642,4.6849644336356056,5.6504287807218265,43.20784917988459,-0.009695515713692537,-0.004146374580880968,-0.0055491411328115695,3487079.05
253947,GUINEAINS,2025-05-26,0.65,0.65,1431750,2026-04-08T04:27:37.938794+00:00,4.8387096774193505,0.0,0.0,-4.347826086956507,0.638,0.66,0.6636,4.421349802743374,5.654188975586115,48.63385715399344,-0.008839756659183684,-0.0026324924210976907,-0.006207264238085993,3470064.9
254067,GUINEAINS,2025-05-27,0.65,0.65,497033,2026-04-08T04:27:40.395447+00:00,0.0,4.8387096774193505,0.0,3.0303030303030276,0.638,0.6585000000000001,0.6634,4.18343483395746,5.637540426459298,48.63385715399343,-0.00806855219585989,-0.0014890303662191172,-0.006579521829640773,3453125.7
254187,GUINEAINS,2025-05-28,0.65,0.65,1469357,2026-04-08T04:27:42.906627+00:00,0.0,0.0,0.0,0.0,0.638,0.657,0.6628000000000001,4.18343483395746,5.6219343384640945,48.63385715399344,-0.007372382861963844,-0.0006342888258584565,-0.006738094036105388,3518054.9
254307,GUINEAINS,2025-05-29,0.64,0.64,2328905,2026-04-08T04:27:45.903166+00:00,-1.538461538461544,0.0,-4.615384615384621,-2.941176470588236,0.642,0.655,0.6629999999999999,4.194795768840369,5.524675129384095,46.773382802600345,-0.007540656086267861,-0.0006420496401299781,-0.0068986064461378825,3604666.15
254427,GUINEAINS,2025-05-30,0.67,0.67,2582000,2026-04-08T04:27:48.4452+00:00,4.6875,-1.538461538461544,0.0,-1.5151515151515138,0.6519999999999999,0.6559999999999999,0.6638,4.209647064445469,5.561201259786307,52.62816949632528,-0.005193398286662543,0.001364166527580272,-0.006557564814242815,3571182.25
254547,GUINEAINS,2025-06-02,0.68,0.68,2007840,2026-04-08T04:27:53.01382+00:00,1.4925373134328401,4.6875,4.8387096774193505,0.0,0.658,0.658,0.6648000000000001,4.19697956315671,5.563704455626775,54.427649675752455,-0.0024974738193175305,0.003248072795940227,-0.005745546615257758,3472094.7
254667,GUINEAINS,2025-06-03,0.7,0.7,6055631,2026-04-08T04:27:55.368454+00:00,2.941176470588225,1.4925373134328401,0.0,0.0,0.6679999999999999,0.6585000000000001,0.665,3.872122697095194,5.4170360454646085,57.87423753841752,0.001238620550474856,0.0055873337325860915,-0.0043487131821112355,3723534.0
254787,GUINEAINS,2025-06-04,0.71,0.71,923890,2026-04-08T04:27:57.94541+00:00,1.4285714285714235,2.941176470588225,0.0,0.0,0.68,0.6625,0.6661999999999999,3.2709155931620266,5.3505067994945605,59.522609145123255,0.004949365477799672,0.007438462927928726,-0.002489097450129054,3576649.2
254907,GUINEAINS,2025-06-05,0.72,0.72,439087,2026-04-08T04:28:00.320696+00:00,1.4084507042253502,1.4285714285714235,-1.538461538461544,-4.615384615384621,0.696,0.664,0.6666,2.531945323537879,5.246522168103685,61.15934493793078,0.00859796203934704,0.008869647591580876,-0.00027168555223383486,3412669.15
255027,GUINEAINS,2025-06-10,0.68,0.68,2461268,2026-04-08T04:28:07.114795+00:00,-5.5555555555555465,1.4084507042253502,4.6875,0.0,0.6980000000000001,0.6635,0.6666000000000001,2.8454055391245237,5.292199160372348,52.086634661670615,0.008167683424726402,0.006751495181568189,0.0014161882431582126,3441302.7
255147,GUINEAINS,2025-06-11,0.7,0.7,1581220,2026-04-08T04:28:09.38594+00:00,2.941176470588225,-5.5555555555555465,1.4925373134328401,4.8387096774193505,0.702,0.6655,0.667,2.7282249854817158,5.306967235686287,55.630773772702334,0.00933293313207817,0.006333395911135966,0.002999537220942204,3488249.85
255267,GUINEAINS,2025-06-17,0.8,0.8,8445850,2026-04-08T04:28:17.228975+00:00,14.285714285714302,2.941176470588225,2.941176470588225,0.0,0.722,0.6715,0.669,4.120258657668785,5.657645586537102,68.26913331593283,0.018116727824367018,0.01209375248273985,0.006022975341627167,3628900.55
255387,GUINEAINS,2025-06-18,0.76,0.76,4148099,2026-04-08T04:28:19.70912+00:00,-5.000000000000004,14.285714285714302,1.4285714285714235,0.0,0.732,0.6755,0.6701999999999999,4.323942828164665,5.709227660454531,60.8078554611656,0.021601276625170307,0.01246264102683451,0.009138635598335797,3558502.05
255507,GUINEAINS,2025-06-19,0.69,0.69,3052981,2026-04-08T04:28:22.276816+00:00,-9.21052631578948,-5.000000000000004,1.4084507042253502,-1.538461538461544,0.726,0.6769999999999999,0.67,4.798642272609863,5.866292323414714,50.42221119329098,0.018501122248304802,0.007489989319975205,0.011011132928329597,2548631.35
255627,GUINEAINS,2025-06-20,0.75,0.75,4118890,2026-04-08T04:28:24.65394+00:00,8.69565217391306,-9.21052631578948,-5.5555555555555465,4.6875,0.74,0.6819999999999999,0.6709999999999999,5.124196431645495,5.989692189701938,57.17400420134602,0.020647712155338338,0.007709263381606992,0.012938448773731346,2640419.6
255747,GUINEAINS,2025-06-23,0.74,0.74,4059545,2026-04-08T04:28:29.225711+00:00,-1.3333333333333308,8.69565217391306,2.941176470588225,1.4925373134328401,0.748,0.6865,0.6712,5.1443337383575445,5.966295421115723,55.80981078435575,0.02129649100380815,0.006686433784061439,0.01461005721974671,2827842.45
255867,GUINEAINS,2025-06-24,0.81,0.81,1817121,2026-04-08T04:28:31.569579+00:00,9.459459459459474,-1.3333333333333308,14.285714285714302,2.941176470588225,0.75,0.6945,0.6738000000000001,5.492561057014829,6.018597111783396,62.546578351175036,0.027146144050286702,0.010028869464431992,0.01711727458585471,2903144.1
255987,GUINEAINS,2025-06-25,0.89,0.89,4621977,2026-04-08T04:28:33.910697+00:00,9.876543209876543,9.459459459459474,-5.000000000000004,1.4285714285714235,0.776,0.7065,0.6789999999999999,5.8094621126330726,6.051400074804014,68.46372951910061,0.0378016141687495,0.01654747166631583,0.021254142502433668,2828514.55
256107,GUINEAINS,2025-06-26,0.9,0.9,9018084,2026-04-08T04:28:36.389223+00:00,1.1235955056179803,9.876543209876543,-9.21052631578948,1.4084507042253502,0.818,0.7205,0.6832,5.617585720780402,5.92148562393299,69.12045927374109,0.04651685013998097,0.02021016611003784,0.026306684029943128,3095273.6
256227,GUINEAINS,2025-06-27,0.9,0.9,4048307,2026-04-08T04:28:38.797599+00:00,0.0,1.1235955056179803,8.69565217391306,-5.5555555555555465,0.8480000000000001,0.7344999999999999,0.6886,5.617585720780402,5.765451999967524,69.12045927374109,0.05281491991641618,0.021206588709178437,0.031608331207237744,3255441.75
256347,GUINEAINS,2025-07-01,0.86,0.86,5207861,2026-04-08T04:28:44.517216+00:00,-4.444444444444451,0.0,-1.3333333333333308,2.941176470588225,0.8720000000000001,0.745,0.6920000000000001,5.754880193832634,5.675636329638485,63.03124054552955,0.0539565424487638,0.017878568993220843,0.03607797345554296,3444247.3
256467,GUINEAINS,2025-07-02,0.9,0.9,11345350,2026-04-08T04:28:47.139962+00:00,4.651162790697683,-4.444444444444451,9.459459459459474,14.285714285714302,0.89,0.7575,0.6962,5.782311019423649,5.703688064116699,66.23463952712862,0.0574269698749762,0.017079197135546592,0.040347772739429605,3986663.15
256587,GUINEAINS,2025-07-03,0.99,0.99,8329704,2026-04-08T04:28:49.506141+00:00,9.999999999999986,4.651162790697683,9.876543209876543,-5.000000000000004,0.9100000000000001,0.7745,0.7024000000000001,6.045259452690418,5.844120877159671,72.09389663811027,0.06667101449807733,0.021058593406918173,0.04561242109115916,4329680.5
256707,GUINEAINS,2025-07-04,1.03,1.03,16473956,2026-04-08T04:28:51.76506+00:00,4.040404040404044,9.999999999999986,1.1235955056179803,-9.21052631578948,0.9359999999999999,0.794,0.7104,5.987477076319289,5.736103122817887,74.23393440879936,0.07634459915152614,0.024585742448293584,0.051758856703232554,5036933.05
256827,GUINEAINS,2025-07-07,1.13,1.13,11787899,2026-04-08T04:28:56.230166+00:00,9.708737864077666,4.040404040404044,0.0,8.69565217391306,0.982,0.817,0.7192000000000001,6.1828312984345954,5.741671196638402,78.64334182884195,0.09103080252215945,0.03141755665514151,0.05961324586701794,5497228.0
256947,GUINEAINS,2025-07-08,1.12,1.12,11092099,2026-04-08T04:28:58.705995+00:00,-0.8849557522123686,9.708737864077666,-4.444444444444451,-1.3333333333333308,1.034,0.8390000000000001,0.7290000000000001,6.232464081247563,5.572047237706917,77.22020147215075,0.10070197835359984,0.03287098598926552,0.06783099236433432,5951440.95
257067,GUINEAINS,2025-07-09,1.04,1.04,12550343,2026-04-08T04:29:01.058721+00:00,-7.142857142857151,-0.8849557522123686,4.651162790697683,9.459459459459474,1.062,0.8560000000000001,0.7384000000000001,6.6090081376812195,5.487120505852854,66.80496394638739,0.1007497431405846,0.02633500062100022,0.07441474251958438,6276176.55
257187,GUINEAINS,2025-07-10,1.07,1.07,9703159,2026-04-08T04:29:03.550316+00:00,2.8846153846153966,-7.142857142857151,9.999999999999986,9.876543209876543,1.078,0.874,0.7474000000000001,6.608054958991588,5.386968802097549,68.51968420845077,0.10203218286667715,0.022093952277674203,0.07993823058900294,6715140.0
257307,GUINEAINS,2025-07-11,1.04,1.04,12040586,2026-04-08T04:29:06.089999+00:00,-2.8037383177570097,2.8846153846153966,4.040404040404044,1.1235955056179803,1.08,0.89,0.7552,6.703567715011315,5.391118555674783,64.90884066732681,0.09948102102396705,0.01563423234797129,0.08384678867599576,7295214.95
257427,GUINEAINS,2025-07-14,0.94,0.94,11891060,2026-04-08T04:29:10.69196+00:00,-9.615384615384626,-2.8037383177570097,9.708737864077666,0.0,1.042,0.9030000000000001,0.76,7.001314160277813,5.512462978805246,54.583225347488614,0.08837135267399221,0.0036196511983971474,0.08475170147559506,7766704.55
257547,GUINEAINS,2025-07-16,1.01,1.01,7081837,2026-04-08T04:29:14.112969+00:00,7.446808510638303,-9.615384615384626,-0.8849557522123686,-4.444444444444451,1.02,0.9184999999999999,0.7674000000000001,7.109532935754196,5.425143331548985,59.446443583973654,0.08424416120123146,-0.0004060322194908844,0.08465019342072234,8041735.4
257667,GUINEAINS,2025-07-17,0.94,0.94,2455973,2026-04-08T04:29:16.489777+00:00,-6.930693069306937,7.446808510638303,-7.142857142857151,4.651162790697683,1.0,0.9255000000000001,0.7726000000000001,6.768198355336175,5.487614693989316,53.3000575746926,0.07446651362341339,-0.00814694383784717,0.08261345746126056,7742241.55
257787,GUINEAINS,2025-07-18,1.02,1.02,7956449,2026-04-08T04:29:18.854517+00:00,8.510638297872353,-6.930693069306937,2.8846153846153966,9.999999999999986,0.99,0.9385,0.7794,6.809206324075285,5.5934209987886625,58.57193423598829,0.0723391086707249,-0.008219479032428534,0.08055858770315344,7932659.05
257907,GUINEAINS,2025-07-21,1.01,1.01,4109177,2026-04-08T04:29:23.300994+00:00,-0.9803921568627416,8.510638297872353,-2.8037383177570097,4.040404040404044,0.984,0.9545,0.786,6.348114557080162,5.598589773748277,57.695169555590056,0.06905024030413753,-0.00920667791921273,0.07825691822335026,7985468.85
258027,GUINEAINS,2025-07-22,0.99,0.99,3876154,2026-04-08T04:29:25.922592+00:00,-1.980198019801982,-0.9803921568627416,-9.615384615384626,9.708737864077666,0.994,0.9664999999999999,0.7928000000000001,6.212884841355933,5.561541828589159,55.89312087402341,0.06409115266303167,-0.011332612448254883,0.07542376511128655,7973332.05
258147,GUINEAINS,2025-07-23,0.9,0.9,9083825,2026-04-08T04:29:29.05968+00:00,-9.090909090909083,-1.980198019801982,7.446808510638303,-0.8849557522123686,0.9720000000000001,0.9745000000000001,0.7980000000000002,6.632296293434831,5.731691455021473,48.54511056719884,0.05229595690247257,-0.018502246567051184,0.07079820346952376,8224546.05
258267,GUINEAINS,2025-07-24,0.86,0.86,24044523,2026-04-08T04:29:31.486978+00:00,-4.444444444444451,-9.090909090909083,-6.930693069306937,-7.142857142857151,0.9559999999999998,0.9770000000000001,0.8014,6.4461178941752975,5.689492905350623,45.67130747936064,0.039267858151009305,-0.025224276254811565,0.06449213440582087,9335916.15
258387,GUINEAINS,2025-07-25,0.89,0.89,15766124,2026-04-08T04:29:33.980938+00:00,3.488372093023262,-4.444444444444451,8.510638297872353,2.8846153846153966,0.93,0.9770000000000001,0.8066000000000001,6.106159154961993,5.542336561602395,48.15045521168363,0.03100632370868328,-0.02678864855771007,0.05779497226639335,9893123.5
258507,GUINEAINS,2025-07-28,0.97,0.97,8062591,2026-04-08T04:29:38.78621+00:00,8.98876404494382,3.488372093023262,-0.9803921568627416,-2.8037383177570097,0.922,0.9804999999999999,0.8122,6.4157676162746995,5.5257231678662215,54.157915721486695,0.030562029502203547,-0.021786354211351847,0.052348383713555394,9845348.85
258626,GUINEAINS,2025-07-29,0.99,0.99,3386196,2026-04-08T04:29:41.392621+00:00,2.0618556701030855,8.98876404494382,-1.980198019801982,-9.615384615384626,0.9219999999999999,0.985,0.8181999999999999,6.422687060761153,5.527087922387271,55.54465449512608,0.03146109210963732,-0.01670983328313446,0.048170925392771784,9812243.3
258745,GUINEAINS,2025-07-30,0.93,0.93,5963847,2026-04-08T04:29:43.881641+00:00,-6.060606060606055,2.0618556701030855,-9.090909090909083,7.446808510638303,0.9279999999999999,0.9884999999999999,0.8236000000000001,6.500163668430531,5.565277123507488,50.599473002560536,0.02702063013985312,-0.016920236202334932,0.04394086634218805,9850042.6
258864,GUINEAINS,2025-07-31,0.86,0.86,23357684,2026-04-08T04:29:46.315218+00:00,-7.5268817204301115,-6.060606060606055,-4.444444444444451,-6.930693069306937,0.9279999999999999,0.9865,0.8272000000000002,6.668162257294007,5.679501640145266,45.50888833094917,0.017649662726035298,-0.021032962892922204,0.0386826256189575,10450659.3
258983,GUINEAINS,2025-08-01,0.88,0.88,14229515,2026-04-08T04:29:48.711654+00:00,2.3255813953488413,-7.5268817204301115,3.488372093023262,8.510638297872353,0.9259999999999999,0.9810000000000001,0.8311999999999999,6.270368680619475,5.683783808605434,47.14504182568384,0.011702042527448109,-0.02158446647320752,0.03328650900065563,10745649.85
259101,GUINEAINS,2025-08-04,0.89,0.89,15965430,2026-04-08T04:29:53.303607+00:00,1.1363636363636465,2.3255813953488413,8.98876404494382,-0.9803921568627416,0.9099999999999999,0.974,0.8358,6.195299418634463,5.660066009305717,47.985997943858635,0.007706590320265105,-0.020463934944312416,0.02817052526457752,10720223.55
259220,GUINEAINS,2025-08-05,0.97,0.97,23779317,2026-04-08T04:29:55.780422+00:00,8.98876404494382,1.1363636363636465,2.0618556701030855,-1.980198019801982,0.906,0.966,0.8422,6.1343720570046125,5.76799100871936,54.25636474191859,0.010870192262554701,-0.01384026640161826,0.02471045866417296,11319794.45
259339,GUINEAINS,2025-08-06,1.06,1.06,12979571,2026-04-08T04:29:58.241852+00:00,9.278350515463929,8.98876404494382,-6.060606060606055,-9.090909090909083,0.932,0.9629999999999999,0.8504,6.516937862855333,5.884386506285451,60.08592681635589,0.020404408117481676,-0.00344484043735303,0.023849248554834706,11414168.05
259458,GUINEAINS,2025-08-07,1.16,1.16,52260303,2026-04-08T04:30:00.56444+00:00,9.433962264150942,9.278350515463929,-7.5268817204301115,-4.444444444444451,0.992,0.969,0.8605999999999999,6.623756839446455,5.9969110442864695,65.36716203638322,0.0356189144640201,0.009415732727348317,0.026203181736671785,13399666.05
259577,GUINEAINS,2025-08-08,1.27,1.27,47074028,2026-04-08T04:30:02.234883+00:00,9.482758620689658,9.433962264150942,2.3255813953488413,3.488372093023262,1.0699999999999998,0.9789999999999999,0.873,6.894175757505977,6.102706014996896,70.06002865205726,0.05590812696385483,0.023763956181746433,0.0321441707821084,15268209.5
259696,GUINEAINS,2025-08-11,1.39,1.39,29667567,2026-04-08T04:30:07.037349+00:00,9.448818897637778,9.482758620689658,1.1363636363636465,8.98876404494382,1.17,0.9964999999999999,0.8884000000000001,7.072472427670821,6.13774451083259,74.1717065536694,0.08073975354390939,0.03887646620944079,0.0418632873344686,16149558.55
259815,GUINEAINS,2025-08-12,1.52,1.52,40996512,2026-04-08T04:30:09.28323+00:00,9.35251798561152,9.448818897637778,8.98876404494382,2.0618556701030855,1.2799999999999998,1.0254999999999999,0.9063999999999999,6.739453618362274,6.223364794382097,77.73843600338189,0.10964499085256851,0.05422536281447993,0.055419628038088586,17604831.15
259934,GUINEAINS,2025-08-13,1.67,1.67,31976317,2026-04-08T04:30:11.815521+00:00,9.868421052631572,9.35251798561152,9.278350515463929,-6.060606060606055,1.402,1.0585,0.9268,6.851064364578785,6.310274002445805,80.99894088600917,0.14300784070006434,0.0700705701295806,0.07293727057048374,18849555.15
260053,GUINEAINS,2025-08-14,1.62,1.62,97182119,2026-04-08T04:30:14.350221+00:00,-2.9940119760478945,9.868421052631572,9.433962264150942,-7.5268817204301115,1.494,1.0925,0.9462,6.610077486571716,6.344699394127763,76.95301209741274,0.16352850265237517,0.07247298566551313,0.09105551698686204,23585862.45
260172,GUINEAINS,2025-08-15,1.49,1.49,23029257,2026-04-08T04:30:16.786076+00:00,-8.024691358024693,-2.9940119760478945,9.482758620689658,2.3255813953488413,1.538,1.116,0.963,6.907270851975725,6.4969720911346425,67.51086812247027,0.16737200130273377,0.06105318745269739,0.10631881385003639,24339502.85
260291,GUINEAINS,2025-08-18,1.63,1.63,11586108,2026-04-08T04:30:21.560319+00:00,9.395973154362402,-8.024691358024693,9.448818897637778,1.1363636363636465,1.586,1.1469999999999998,0.9828,7.0489852552936245,6.563331963412451,71.55822139105227,0.17964400735298347,0.05866015480235766,0.12098385255062581,24713349.4
260410,GUINEAINS,2025-08-19,1.7,1.7,27597903,2026-04-08T04:30:23.869462+00:00,4.294478527607359,9.395973154362402,9.35251798561152,8.98876404494382,1.6219999999999999,1.1824999999999999,1.0034,6.9709618528218416,6.560399897904091,73.34614023652209,0.19279564733704846,0.05744943582913811,0.13534621150791035,25899436.85
260529,GUINEAINS,2025-08-20,1.63,1.63,14872038,2026-04-08T04:30:26.318672+00:00,-4.117647058823537,4.294478527607359,9.868421052631572,9.278350515463929,1.614,1.2189999999999999,1.0224,6.596740464845383,6.618516413301926,68.69558747606723,0.1953184917993549,0.047977824233155636,0.14734066756619926,26188847.5
260648,GUINEAINS,2025-08-21,1.61,1.61,7119681,2026-04-08T04:30:28.670378+00:00,-1.2269938650306678,-4.117647058823537,-2.9940119760478945,9.433962264150942,1.612,1.2565,1.0406,6.437328040512472,6.632348704258666,67.3810240135673,0.19347378598720955,0.03690649473680821,0.15656729125040134,25342605.4
260767,GUINEAINS,2025-08-22,1.77,1.77,21900555,2026-04-08T04:30:30.96965+00:00,9.937888198757761,-1.2269938650306678,-8.024691358024693,9.482758620689658,1.668,1.3005,1.0618,6.60248265504741,6.72866966921738,71.99762420454424,0.20258720694934973,0.03681593255915869,0.16577127439019104,25649326.95
260886,GUINEAINS,2025-08-25,1.74,1.74,17220675,2026-04-08T04:30:35.521871+00:00,-1.6949152542372947,9.937888198757761,9.395973154362402,9.448818897637778,1.69,1.339,1.0822,6.584417224838971,6.749112341781135,69.99721583138127,0.20502550306556366,0.03140338294029807,0.1736221201252656,26107231.15
261005,GUINEAINS,2025-08-26,1.6,1.6,8332472,2026-04-08T04:30:37.91594+00:00,-8.045977011494243,-1.6949152542372947,4.294478527607359,9.35251798561152,1.6700000000000004,1.3695,1.1005999999999998,7.045557582099453,6.814886086159186,61.420772252106254,0.19343128488806105,0.015847331810236343,0.1775839530778247,26354544.95
261124,GUINEAINS,2025-08-27,1.61,1.61,2876732,2026-04-08T04:30:40.231113+00:00,0.6250000000000089,-8.045977011494243,-4.117647058823537,9.868421052631572,1.666,1.4035,1.1188,6.762825132272881,6.815890540319527,61.78098789897915,0.1829408713884444,0.004285534648495737,0.17865533673994866,26200189.2
261243,GUINEAINS,2025-08-28,1.54,1.54,2022150,2026-04-08T04:30:42.59826+00:00,-4.34782608695653,0.6250000000000089,-1.2269938650306678,-2.9940119760478945,1.652,1.4375,1.1336,6.5360137850264595,6.632055978444309,57.71837133501601,0.16705304461366288,-0.009281833701028641,0.17633487831469152,25133412.5
261362,GUINEAINS,2025-08-29,1.42,1.42,6965706,2026-04-08T04:30:45.09102+00:00,-7.792207792207795,-4.34782608695653,9.937888198757761,-8.024691358024693,1.582,1.4645,1.1467999999999998,6.980129699588312,6.699592601848937,51.46992029223069,0.1431289291107578,-0.026564759363146978,0.16969368847390479,24770222.05
261481,GUINEAINS,2025-09-01,1.53,1.53,3190754,2026-04-08T04:30:49.608802+00:00,7.7464788732394485,-7.792207792207795,-1.6949152542372947,9.395973154362402,1.5399999999999998,1.4965,1.1636,7.06071774355165,6.575620916324901,56.1555606048632,0.13152879384083804,-0.030531915706453416,0.16206070954729146,24131488.25
261600,GUINEAINS,2025-09-02,1.5,1.5,4758707,2026-04-08T04:30:52.312491+00:00,-1.9607843137254943,7.7464788732394485,-8.045977011494243,4.294478527607359,1.52,1.5230000000000001,1.1786,6.994518341025734,6.520533892014314,54.60703014148401,0.11854830274513639,-0.034809925441724066,0.15335822818686046,23180457.75
261719,GUINEAINS,2025-09-03,1.51,1.51,3296338,2026-04-08T04:30:55.837007+00:00,0.6666666666666599,-1.9607843137254943,0.6250000000000089,-4.117647058823537,1.5,1.5455,1.194,6.813667202922553,6.508281102553456,55.05196976114267,0.10782514530269038,-0.036426466307336064,0.14425161161002645,22696296.1
261838,GUINEAINS,2025-09-04,1.55,1.55,3870534,2026-04-08T04:30:58.198935+00:00,2.6490066225165476,0.6666666666666599,-4.34782608695653,-1.2269938650306678,1.502,1.565,1.2087999999999999,6.589398559687538,6.411891934667122,56.872956741680795,0.10138591773037309,-0.0342925551037227,0.1356784728340958,20276807.65
261957,GUINEAINS,2025-09-08,1.52,1.52,8005135,2026-04-08T04:31:03.728068+00:00,-1.9354838709677469,2.6490066225165476,-7.792207792207795,9.937888198757761,1.5219999999999998,1.5775000000000001,1.2214,6.367137319281339,6.314049476565572,55.07091673211198,0.09279238139615997,-0.03430887315034867,0.12710125454650864,18323363.0
262076,GUINEAINS,2025-09-09,1.64,1.64,5918288,2026-04-08T04:31:06.294869+00:00,7.8947368421052655,-1.9354838709677469,7.7464788732394485,-1.6949152542372947,1.544,1.59,1.2362,6.268505636161885,6.383085556817946,60.46682974086776,0.0945747403206807,-0.026021211380662365,0.12059595170134306,17135899.05
262195,GUINEAINS,2025-09-10,1.57,1.57,1979406,2026-04-08T04:31:08.610575+00:00,-4.2682926829268215,7.8947368421052655,-1.9607843137254943,-8.045977011494243,1.5580000000000003,1.5925,1.2496,6.051093780844373,6.430626704186567,56.22486294310793,0.08930935497298953,-0.025029277382682832,0.11433863235567236,15185043.75
262314,GUINEAINS,2025-09-11,1.6,1.6,4702547,2026-04-08T04:31:10.974873+00:00,1.9108280254777066,-4.2682926829268215,0.6666666666666599,0.6250000000000089,1.576,1.589,1.2644,5.638709811979564,6.376950412721811,57.59778691453969,0.08655944502852542,-0.022223349861717562,0.10878279489024298,13821355.25
262433,GUINEAINS,2025-09-12,1.65,1.65,2696242,2026-04-08T04:31:13.547359+00:00,3.124999999999978,1.9108280254777066,2.6490066225165476,-4.34782608695653,1.596,1.5905,1.2793999999999999,5.637390732341278,6.364941692691136,59.85751734876644,0.08740712874692469,-0.01710053291465463,0.10450766166157932,9097061.4
262552,GUINEAINS,2025-09-15,1.65,1.65,3516882,2026-04-08T04:31:18.268622+00:00,0.0,3.124999999999978,-1.9354838709677469,-7.792207792207795,1.6219999999999999,1.5985,1.2926,5.293148188070895,6.245717577184848,59.85751734876643,0.08707517577704471,-0.013945988707627699,0.10102116448467241,8121442.65
262671,GUINEAINS,2025-09-16,1.65,1.65,1395440,2026-04-08T04:31:20.741189+00:00,0.0,0.0,7.8947368421052655,7.7464788732394485,1.6239999999999999,1.5995000000000001,1.305,4.875890236314004,6.234562738522928,59.85751734876643,0.08582278896842621,-0.012158700412996964,0.09798148938142318,7611909.25
262790,GUINEAINS,2025-09-17,1.49,1.49,1825841,2026-04-08T04:31:23.24235+00:00,-9.696969696969692,0.0,-4.2682926829268215,-1.9607843137254943,1.6079999999999999,1.589,1.3122,5.243308667723009,6.293719349144024,49.34682440438986,0.07110000398767458,-0.021505188314998896,0.09260519230267347,6323306.15
262909,GUINEAINS,2025-09-18,1.63,1.63,1356980,2026-04-08T04:31:25.598019+00:00,9.395973154362402,-9.696969696969692,1.9108280254777066,0.6666666666666599,1.614,1.589,1.3224,5.613816069736788,6.406232872371552,56.538215945228394,0.0699228932023257,-0.018145839280278214,0.08806873248260391,5647553.25
263028,GUINEAINS,2025-09-19,1.63,1.63,1254727,2026-04-08T04:31:28.111008+00:00,0.0,9.395973154362402,3.124999999999978,2.6490066225165476,1.6099999999999999,1.59,1.3342,5.604683152400371,6.300784110566098,56.538215945228394,0.06820381331976089,-0.015891935330274415,0.0840957486500353,5354305.55
263147,GUINEAINS,2025-09-22,1.54,1.54,2489853,2026-04-08T04:31:32.624882+00:00,-5.521472392638027,0.0,0.0,-1.9354838709677469,1.5879999999999999,1.5785,1.3436,5.247151952032806,6.363917010956496,51.12648684189599,0.05890021724858063,-0.020156425121163737,0.07905664236974437,4383770.45
263266,GUINEAINS,2025-09-23,1.5,1.5,1476448,2026-04-08T04:31:35.170326+00:00,-2.5974025974025983,-5.521472392638027,0.0,7.8947368421052655,1.5579999999999998,1.5665,1.3528,5.2612645422507,6.361514293587783,48.886797900652276,0.04774896428969466,-0.025046142464039772,0.07279510675373443,3596559.1
263385,GUINEAINS,2025-09-24,1.44,1.44,1627801,2026-04-08T04:31:37.673105+00:00,-4.0000000000000036,-2.5974025974025983,-9.696969696969692,-4.2682926829268215,1.548,1.5585,1.3628,5.033037743523137,6.219490483998443,45.65595995140611,0.03368175511347693,-0.03129068131220601,0.06497243642568294,3261325.55
263504,GUINEAINS,2025-09-25,1.43,1.43,3937071,2026-04-08T04:31:40.100841+00:00,-0.694444444444442,-4.0000000000000036,9.395973154362402,1.9108280254777066,1.508,1.5495,1.3712,5.027465880986562,6.154683991023366,45.12073885996544,0.02147887891999023,-0.034794846004554174,0.056273724924544404,3314342.5
263623,GUINEAINS,2025-09-26,1.55,1.55,873349,2026-04-08T04:31:42.548783+00:00,8.391608391608397,-0.694444444444442,0.0,3.124999999999978,1.492,1.5499999999999998,1.3834,5.309584820589922,6.139206833727818,52.34090890361511,0.02124609695734403,-0.0280221023737603,0.04926819933110433,3256902.45
263742,GUINEAINS,2025-09-29,1.55,1.55,1580073,2026-04-08T04:31:47.029675+00:00,0.0,8.391608391608397,-5.521472392638027,0.0,1.4940000000000002,1.5565,1.3939999999999997,4.969940987243384,6.0493608787476685,52.34090890361511,0.020821597163734218,-0.022757281733896094,0.04357887889763031,2987620.8
263861,GUINEAINS,2025-09-30,1.48,1.48,1536087,2026-04-08T04:31:49.320364+00:00,-4.516129032258065,0.0,-2.5974025974025983,0.0,1.49,1.5539999999999998,1.4034,4.7892040869270405,6.093697873735349,48.06295772429335,0.014667683112743912,-0.02312895662790912,0.03779663974065303,2904887.45
263980,GUINEAINS,2025-10-02,1.42,1.42,2437405,2026-04-08T04:31:52.706523+00:00,-4.054054054054057,-4.516129032258065,-4.0000000000000036,-9.696969696969692,1.486,1.55,1.412,4.85539529268192,6.121025259104531,44.6912136240813,0.0048927626099708466,-0.02632310170454575,0.031215864314516596,2788822.35
264099,GUINEAINS,2025-10-03,1.42,1.42,1419814,2026-04-08T04:31:55.311341+00:00,0.0,-4.054054054054057,-0.694444444444442,9.395973154362402,1.484,1.5455,1.4224,4.851690121020926,5.9506800015558765,44.6912136240813,-0.0028214088678140126,-0.02722981854586449,0.024408409678050476,2694996.15
264218,GUINEAINS,2025-10-06,1.42,1.42,2451659,2026-04-08T04:31:59.803196+00:00,0.0,0.0,8.391608391608397,0.0,1.458,1.5390000000000001,1.4336000000000002,4.805880742069659,5.899335228702427,44.6912136240813,-0.008833122602627697,-0.026593225824542537,0.01776010322191484,2624052.4
264337,GUINEAINS,2025-10-07,1.45,1.45,4011482,2026-04-08T04:32:02.285104+00:00,2.1126760563380254,0.0,0.0,-5.521472392638027,1.4380000000000002,1.5355,1.4448,4.819856353187017,5.891534437718463,47.0125659275045,-0.011049329972038446,-0.02304754655516263,0.011998216583124183,2424369.75
264456,GUINEAINS,2025-10-08,1.42,1.42,1397951,2026-04-08T04:32:04.646463+00:00,-2.0689655172413834,2.1126760563380254,-4.516129032258065,-2.5974025974025983,1.426,1.5245,1.4538,4.447769798438296,5.798029792705408,44.9795234126268,-0.015052918880015476,-0.021640908370511726,0.006587989490496252,2198352.9
264575,GUINEAINS,2025-10-09,1.5,1.5,1961653,2026-04-08T04:32:07.004133+00:00,5.633802816901423,-2.0689655172413834,-4.054054054054057,-4.0000000000000036,1.442,1.521,1.4639999999999997,4.570205271659661,5.834183659942851,51.057662431386206,-0.011636324219541416,-0.014579450968030136,0.002943126748488719,2197465.25
264694,GUINEAINS,2025-10-10,1.43,1.43,3951669,2026-04-08T04:32:10.69692+00:00,-4.666666666666675,5.633802816901423,0.0,-0.694444444444442,1.444,1.5124999999999997,1.474,4.651628992050759,5.8030079027672326,46.24381147801189,-0.014410942941739169,-0.01388325575218231,-0.0005276871895568587,2159921.35
264813,GUINEAINS,2025-10-13,1.49,1.49,2651390,2026-04-08T04:32:15.267586+00:00,4.195804195804209,-4.666666666666675,0.0,8.391608391608397,1.458,1.5045,1.4866,4.700939156975112,5.685996089113324,50.547655209776195,-0.01163423746264347,-0.00888524021846929,-0.0027489972441741813,2157678.75
264932,GUINEAINS,2025-10-14,1.48,1.48,7432219,2026-04-08T04:32:17.792097+00:00,-0.6711409395973145,4.195804195804209,2.1126760563380254,0.0,1.464,1.496,1.4986,4.700296509068092,5.69034132195811,49.8315678456536,-0.010123892856940264,-0.005899916490212867,-0.0042239763667273975,2353445.6
265051,GUINEAINS,2025-10-15,1.46,1.46,1419553,2026-04-08T04:32:20.093513+00:00,-1.3513513513513487,-0.6711409395973145,-2.0689655172413834,-4.516129032258065,1.472,1.4865,1.51,4.703382720604745,5.701785880569686,48.35609606876651,-0.010420644030740167,-0.004957334131210215,-0.005463309899529952,2354651.25
265170,GUINEAINS,2025-10-16,1.4,1.4,2136835,2026-04-08T04:32:22.728593+00:00,-4.109589041095896,-1.3513513513513487,5.633802816901423,-4.054054054054057,1.452,1.482,1.5186,4.2751365898328935,5.634870433607871,44.13419987634747,-0.015320712397327352,-0.00788592199823792,-0.007434790399089432,2370200.95
265289,GUINEAINS,2025-10-17,1.49,1.49,7148823,2026-04-08T04:32:25.167177+00:00,6.428571428571428,-4.109589041095896,-4.666666666666675,0.0,1.464,1.475,1.5272,3.963779052849031,5.562233337721208,51.03943794550421,-0.01180571510736228,-0.003496739766618278,-0.008308975340744002,2659793.1
265408,GUINEAINS,2025-10-20,1.43,1.43,1165937,2026-04-08T04:32:29.532096+00:00,-4.026845637583898,6.428571428571428,4.195804195804209,0.0,1.452,1.4649999999999999,1.5326,4.045195001619802,5.462287378674615,46.87930489295111,-0.013703586574114635,-0.004315688986696506,-0.009387897587418129,2655353.6
265527,GUINEAINS,2025-10-21,1.41,1.41,4531091,2026-04-08T04:32:31.920152+00:00,-1.3986013986013957,-4.026845637583898,-0.6711409395973145,2.1126760563380254,1.438,1.4585,1.5353999999999999,3.8816417272125068,5.314440028498923,45.54663954225292,-0.016629798275141328,-0.005793520550178559,-0.010836277724962769,2757415.5
265646,GUINEAINS,2025-10-22,1.45,1.45,2404822,2026-04-08T04:32:34.332447+00:00,2.8368794326241176,-1.3986013986013957,-1.3513513513513487,-2.0689655172413834,1.436,1.456,1.5366,3.907603504722408,5.163425159301947,48.68838029558639,-0.015542017718679135,-0.003764591994973091,-0.011777425723706044,2803834.2
265765,GUINEAINS,2025-10-23,1.39,1.39,2790469,2026-04-08T04:32:36.79914+00:00,-4.137931034482767,2.8368794326241176,-4.109589041095896,5.633802816901423,1.434,1.4534999999999998,1.534,3.914967545774603,5.026791655732758,44.537436807945426,-0.01929897577024109,-0.006017240037228035,-0.013281735733013054,2861967.6
265884,GUINEAINS,2025-10-24,1.37,1.37,2101957,2026-04-08T04:32:39.249323+00:00,-1.4388489208632893,-4.137931034482767,6.428571428571428,-4.666666666666675,1.4099999999999997,1.4505,1.528,3.924395480146148,4.821337224442491,43.21486848132343,-0.023617971670806703,-0.008268988750234917,-0.015348982920571786,2770211.9
266003,GUINEAINS,2025-10-28,1.27,1.27,3830340,2026-04-08T04:32:44.921336+00:00,-7.299270072992703,-1.4388489208632893,-4.026845637583898,4.195804195804209,1.378,1.4365,1.521,3.6900246133097467,4.908411411527552,37.25741918831586,-0.03470985767072765,-0.01548869980012469,-0.01922115787060296,2918061.45
266122,GUINEAINS,2025-10-29,1.3,1.3,3629385,2026-04-08T04:32:47.450266+00:00,2.3622047244094446,-7.299270072992703,-1.3986013986013957,-0.6711409395973145,1.356,1.424,1.5171999999999999,3.758414554526857,4.796285934631495,39.932710812439424,-0.04061136541800803,-0.01711216603792405,-0.023499199380083977,3020527.05
266241,GUINEAINS,2025-10-30,1.2,1.2,2728469,2026-04-08T04:32:49.91761+00:00,-7.692307692307699,2.3622047244094446,2.8368794326241176,-1.3513513513513487,1.306,1.41,1.5086000000000002,3.983677104382147,4.709451335424927,34.631834432167054,-0.05274945421809374,-0.02340020387040781,-0.02934925034768593,3080146.15
266360,GUINEAINS,2025-10-31,1.23,1.23,3795922,2026-04-08T04:32:52.375955+00:00,2.5000000000000133,-7.692307692307699,-4.137931034482767,-4.109589041095896,1.2740000000000002,1.4004999999999999,1.4992,3.985962734838961,4.678887224236231,37.31998691383269,-0.059265057076074434,-0.023932645382710803,-0.03533241169336363,3148072.0
266479,GUINEAINS,2025-11-03,1.18,1.18,2024621,2026-04-08T04:32:57.290654+00:00,-4.0650406504065035,2.5000000000000133,-1.4388489208632893,6.428571428571428,1.236,1.3885,1.4901999999999997,4.054682661013158,4.678071782481119,34.7547075158893,-0.06768309285282736,-0.025880544927570984,-0.04180254792525638,3178312.35
266598,GUINEAINS,2025-11-04,1.18,1.18,1507888,2026-04-08T04:32:59.739678+00:00,0.0,-4.0650406504065035,-7.299270072992703,-4.026845637583898,1.218,1.3764999999999998,1.4816,4.054682661013158,4.677598363230976,34.7547075158893,-0.07350710273087802,-0.025363643844497304,-0.04814345888638071,3131123.8
266717,GUINEAINS,2025-11-05,1.23,1.23,1576342,2026-04-08T04:33:02.152799+00:00,4.237288135593231,0.0,2.3622047244094446,-1.3986013986013957,1.204,1.3655,1.4707999999999999,4.162586922457942,4.4831044524732375,39.57197701146497,-0.07324378166404166,-0.020080258222128756,-0.053163523441912906,3009366.8
266836,GUINEAINS,2025-11-06,1.23,1.23,279614,2026-04-08T04:33:04.646202+00:00,0.0,4.237288135593231,-7.692307692307699,2.8368794326241176,1.21,1.356,1.4606000000000001,4.153431177133864,4.481270783364023,39.57197701146498,-0.07220278901436616,-0.015231412457962605,-0.05697137655640356,2953449.95
266955,GUINEAINS,2025-11-07,1.15,1.15,2009071,2026-04-08T04:33:07.145499+00:00,-6.504065040650408,0.0,2.5000000000000133,-4.137931034482767,1.1940000000000002,1.3385,1.4516,4.075571141923393,4.4339910938293885,34.8036512457649,-0.07694613905790382,-0.015979810001200204,-0.060966329056703614,2955820.85
267074,GUINEAINS,2025-11-10,1.05,1.05,1574339,2026-04-08T04:33:11.744122+00:00,-8.695652173913038,-6.504065040650408,-4.0650406504065035,-1.4388489208632893,1.168,1.3195000000000001,1.4404,4.344555118383001,4.576698371789871,29.94614094000643,-0.08776276784918924,-0.021437151033988494,-0.06632561681520074,2836954.35
267193,GUINEAINS,2025-11-11,0.96,0.96,2623533,2026-04-08T04:33:14.17228+00:00,-8.571428571428575,-8.695652173913038,0.0,-7.299270072992703,1.124,1.293,1.4287999999999998,4.410124286945824,4.682247667698778,26.377884359630087,-0.10241667624294082,-0.02887284754219205,-0.07354382870074877,2835561.5
267312,GUINEAINS,2025-11-12,1.05,1.05,3525028,2026-04-08T04:33:16.719178+00:00,9.375,-8.571428571428575,4.237288135593231,2.3622047244094446,1.088,1.2715,1.4214000000000002,5.097562563127578,4.789711287781407,34.75077215221905,-0.10555102981362419,-0.02560576089030034,-0.07994526892332385,2640201.95
267431,GUINEAINS,2025-11-13,1.15,1.15,341628,2026-04-08T04:33:19.052814+00:00,9.523809523809511,9.375,0.0,-7.692307692307699,1.0719999999999998,1.256,1.4138,5.670761972668578,4.858188099502875,42.56657930442991,-0.09882665121728085,-0.015105105835165597,-0.08372154538211525,2586305.7
267550,GUINEAINS,2025-11-14,1.26,1.26,3035893,2026-04-08T04:33:21.762061+00:00,9.565217391304358,9.523809523809511,-6.504065040650408,2.5000000000000133,1.0939999999999999,1.249,1.409,6.089342389356757,5.054713422451549,49.70353915377753,-0.08365710500969237,5.155229793830929e-05,-0.08370865730763068,2631258.6
267669,GUINEAINS,2025-11-17,1.21,1.21,1911081,2026-04-08T04:33:26.271116+00:00,-3.9682539682539764,9.565217391304358,-8.695652173913038,-4.0650406504065035,1.126,1.2349999999999999,1.4029999999999998,5.921676039221242,5.080488986218788,46.85348895762095,-0.07480737957628625,0.007121022185075543,-0.08192840176136179,2369371.5
267788,GUINEAINS,2025-11-18,1.28,1.28,2478666,2026-04-08T04:33:29.067053+00:00,5.785123966942152,-3.9682539682539764,-8.571428571428575,0.0,1.19,1.2275,1.3976,6.0513932491984255,5.136889938355378,51.082530014195626,-0.061437282674600135,0.016392895269409333,-0.07783017794400947,2435007.95
267907,GUINEAINS,2025-11-19,1.2,1.2,406285,2026-04-08T04:33:31.487527+00:00,-6.25,5.785123966942152,9.375,4.237288135593231,1.22,1.217,1.3912,6.190048229510652,5.201551568530533,46.525949797751984,-0.056643761937670956,0.01694913280507082,-0.07359289474274178,2228767.65
268026,GUINEAINS,2025-11-20,1.21,1.21,1085624,2026-04-08T04:33:33.887172+00:00,0.8333333333333304,-6.25,9.523809523809511,0.0,1.2319999999999998,1.205,1.3825999999999998,6.147191180997689,5.067548047273275,47.16043363384787,-0.051444920768422886,0.01771837917945511,-0.069163299947878,2162807.75
268145,GUINEAINS,2025-11-21,1.15,1.15,1427020,2026-04-08T04:33:36.654129+00:00,-4.958677685950419,0.8333333333333304,9.565217391304358,-6.504065040650408,1.21,1.193,1.3741999999999999,6.173876770804789,5.079005510997246,43.80221124800977,-0.051571812493160785,0.014073189963773769,-0.06564500245693455,2094635.3
268264,GUINEAINS,2025-11-24,1.15,1.15,276732,2026-04-08T04:33:41.368891+00:00,0.0,-4.958677685950419,-3.9682539682539764,-8.695652173913038,1.198,1.182,1.3652000000000002,6.173971006250583,5.067711224467501,43.80221124800977,-0.0510835161237313,0.011649189066562607,-0.0627327051902939,2003374.05
268383,GUINEAINS,2025-11-25,1.11,1.11,672036,2026-04-08T04:33:44.004166+00:00,-3.4782608695651973,0.0,5.785123966942152,-8.571428571428575,1.164,1.174,1.3544,6.015817155036221,5.056464741427254,41.516454413060174,-0.053309682602112884,0.007538418070544818,-0.0608481006726577,1845458.85
268502,GUINEAINS,2025-11-26,1.15,1.15,2098639,2026-04-08T04:33:46.260048+00:00,3.603603603603589,-3.4782608695651973,-6.25,9.375,1.154,1.1664999999999999,1.3444,6.053192155395344,5.0916976377497125,44.62822194147831,-0.051255429186575885,0.0076741371888654555,-0.05892956637544134,1768921.55
268621,GUINEAINS,2025-11-27,1.1,1.1,1207283,2026-04-08T04:33:48.488035+00:00,-4.347826086956507,3.603603603603589,0.8333333333333304,9.523809523809511,1.1320000000000001,1.1615,1.3334000000000001,5.886130692792913,5.118418969960103,41.64534965143533,-0.05305046791586654,0.004703278767659844,-0.05775374668352638,1692862.25
268740,GUINEAINS,2025-11-28,1.1,1.1,5163640,2026-04-08T04:33:50.826192+00:00,0.0,-4.347826086956507,-4.958677685950419,9.565217391304358,1.1219999999999999,1.155,1.3256000000000001,5.850630640083539,4.950754578710004,41.645349651435325,-0.05385227355373412,0.0031211785038338102,-0.05697345205756793,1761248.15
268859,GUINEAINS,2025-12-01,1.18,1.18,1591524,2026-04-08T04:33:55.236541+00:00,7.272727272727253,0.0,0.0,-3.9682539682539764,1.1280000000000001,1.155,1.3166,6.023127529885872,4.872753450440456,48.08427444811369,-0.04748500134917166,0.0075907605667170155,-0.05507576191588868,1739593.3
268978,GUINEAINS,2025-12-02,1.25,1.25,1141419,2026-04-08T04:33:57.748335+00:00,5.932203389830515,7.272727272727253,-3.4782608695651973,5.785123966942152,1.1560000000000001,1.1585,1.3090000000000002,6.158796708672924,4.957370337336689,52.973838595501846,-0.03637121256953835,0.014963639477080265,-0.05133485204661861,1721269.85
269097,GUINEAINS,2025-12-03,1.3,1.3,2451935,2026-04-08T04:34:00.349419+00:00,4.0000000000000036,5.932203389830515,3.603603603603589,-6.25,1.1860000000000002,1.162,1.3041999999999998,6.1513768152734905,4.939854889747322,56.15064723595548,-0.023260737456497482,0.022459291672096905,-0.04572002912859439,1765049.5
269216,GUINEAINS,2025-12-04,1.19,1.19,2882064,2026-04-08T04:34:03.142475+00:00,-8.461538461538465,4.0000000000000036,-4.347826086956507,0.8333333333333304,1.204,1.16,1.2979999999999998,6.4672507392985485,5.065480734170298,48.40359463808074,-0.02149884684136283,0.019376945829785247,-0.040875792671148076,1895172.0
269335,GUINEAINS,2025-12-05,1.15,1.15,1730789,2026-04-08T04:34:05.808951+00:00,-3.361344537815125,-8.461538461538465,0.0,-4.958677685950419,1.214,1.16,1.2922,6.336931448308322,5.056852817392088,45.9224137099769,-0.023064330298549596,0.014249169898078784,-0.03731350019662838,1881257.9
269454,GUINEAINS,2025-12-08,1.2,1.2,619408,2026-04-08T04:34:10.334331+00:00,4.347826086956519,-3.361344537815125,7.272727272727253,0.0,1.218,1.1675,1.2875999999999999,6.038499081384541,5.099412078513878,49.41312076304792,-0.02003940331715981,0.01381927750357486,-0.03385868082073467,1833511.35
269573,GUINEAINS,2025-12-09,1.15,1.15,657160,2026-04-08T04:34:12.926221+00:00,-4.166666666666674,4.347826086956519,5.932203389830515,-3.4782608695651973,1.198,1.177,1.2795999999999998,5.750557377318666,4.9741780744429125,46.20141283100466,-0.021429681000490808,0.009943199856195094,-0.0313728808566859,1735192.7
269692,GUINEAINS,2025-12-10,1.15,1.15,534980,2026-04-08T04:34:15.295879+00:00,0.0,-4.166666666666674,4.0000000000000036,3.603603603603589,1.168,1.182,1.2716,5.40926359722192,4.9741780744429125,46.20141283100467,-0.02227471700879291,0.0072785310783143944,-0.029553248087107305,1585690.3
269811,GUINEAINS,2025-12-11,1.19,1.19,768303,2026-04-08T04:34:17.804745+00:00,3.4782608695652195,0.0,-8.461538461538465,-4.347826086956507,1.168,1.184,1.2658,5.040296964756605,4.970089888825192,49.26121386974821,-0.019492056137704328,0.008048953559522384,-0.027541009697226712,1607024.05
269930,GUINEAINS,2025-12-12,1.17,1.17,1264480,2026-04-08T04:34:20.615101+00:00,-1.6806722689075682,3.4782608695652195,-3.361344537815125,0.0,1.172,1.1794999999999998,1.2608,4.555197142917518,4.944914744733351,47.79741497743139,-0.01868521863314543,0.007084632851265028,-0.025769851484410456,1518453.4
270049,GUINEAINS,2025-12-15,1.08,1.08,3112774,2026-04-08T04:34:25.240467+00:00,-7.692307692307676,-1.6806722689075682,4.347826086956519,7.272727272727253,1.148,1.173,1.254,4.784620267718915,5.05487928623071,41.78082382068035,-0.025019631202130466,0.0006001762258239958,-0.02561980742795446,1578538.05
270168,GUINEAINS,2025-12-16,1.08,1.08,1842246,2026-04-08T04:34:27.867795+00:00,0.0,-7.692307692307676,-4.166666666666674,5.932203389830515,1.134,1.1629999999999998,1.2472,4.5568233774544495,5.05487928623071,41.78082382068035,-0.02969736605017137,-0.0032620468977735233,-0.026435319152397847,1546717.05
270287,GUINEAINS,2025-12-18,1.14,1.14,3837869,2026-04-08T04:34:31.321522+00:00,5.555555555555536,0.0,0.0,4.0000000000000036,1.1320000000000001,1.16,1.2409999999999999,4.570996677823897,5.113207254806945,46.94445245306693,-0.02823750171686812,-0.0014417460515762162,-0.026795755665291902,1718296.25
270406,GUINEAINS,2025-12-19,1.22,1.22,854440,2026-04-08T04:34:33.771022+00:00,7.017543859649122,5.555555555555536,3.4782608695652195,-8.461538461538465,1.1380000000000001,1.1605,1.237,4.842559513630967,5.211465004765492,52.937985176712274,-0.02039017209143834,0.005124466859082851,-0.025514638950521192,1706737.05
270525,GUINEAINS,2025-12-22,1.13,1.13,1571343,2026-04-08T04:34:38.115277+00:00,-7.377049180327877,7.017543859649122,-1.6806722689075682,-3.361344537815125,1.1300000000000001,1.1595,1.2296,5.004405107863709,5.2404934959223,46.564922750574965,-0.021189099910928544,0.003460431231674121,-0.024649531142602665,1713953.2
270644,GUINEAINS,2025-12-23,1.15,1.15,2213130,2026-04-08T04:34:40.661369+00:00,1.7699115044247815,-7.377049180327877,-7.692307692307676,4.347826086956519,1.144,1.1595,1.224,5.0194341186332645,5.213292969015172,48.061309754918504,-0.019978127690746472,0.0037371227614849574,-0.02371525045223143,1810773.1
270763,GUINEAINS,2025-12-24,1.25,1.25,616293,2026-04-08T04:34:43.221402+00:00,8.69565217391306,1.7699115044247815,0.0,-4.166666666666674,1.178,1.1664999999999999,1.2191999999999998,5.290852143946105,5.330050292674708,54.86692098470916,-0.010824481333729041,0.010312615294801913,-0.021137096628530954,1807985.95
270882,GUINEAINS,2025-12-29,1.2,1.2,2969004,2026-04-08T04:34:48.902152+00:00,-4.0000000000000036,8.69565217391306,5.555555555555536,0.0,1.19,1.169,1.2136,5.34633685702159,5.356630477683253,51.25088923131663,-0.007518069158473528,0.010895221976045942,-0.01841329113451947,1851504.2
271001,GUINEAINS,2025-12-30,1.32,1.32,2953515,2026-04-08T04:34:51.359097+00:00,10.000000000000009,-4.0000000000000036,7.017543859649122,3.4782608695652195,1.21,1.18,1.2107999999999999,5.63760117295037,5.547374761482186,58.34621084480956,0.004730750285484309,0.018515233136003024,-0.013784482850518715,1938815.8
271120,GUINEAINS,2025-12-31,1.33,1.33,2828477,2026-04-08T04:34:53.061316+00:00,0.7575757575757569,10.000000000000009,-7.377049180327877,-1.6806722689075682,1.25,1.1915,1.2094,5.632601067310266,5.517329039026645,58.88327643133978,0.015071212809548262,0.023084556528053583,-0.00801334371850532,1822057.65
271239,GUINEAINS,2026-01-02,1.3,1.3,4417411,2026-04-08T04:34:56.467348+00:00,-2.2556390977443663,0.7575757575757569,1.7699115044247815,-7.692307692307676,1.28,1.1975,1.2056,5.484425349456125,5.448570418302355,56.52851806270795,0.020607800680999322,0.022896915519603715,-0.0022891148386043917,1963352.0
271358,GUINEAINS,2026-01-05,1.4,1.4,2838669,2026-04-08T04:35:01.008466+00:00,7.692307692307687,-2.2556390977443663,8.69565217391306,0.0,1.31,1.2049999999999998,1.205,5.587177986926254,5.528882293405576,61.98566016849832,0.032687944447167716,0.027981647428617685,0.00470629701855003,2048214.5
271477,GUINEAINS,2026-01-06,1.44,1.44,4819938,2026-04-08T04:35:03.366972+00:00,2.857142857142869,7.692307692307687,-4.0000000000000036,5.555555555555536,1.358,1.2120000000000002,1.2056,5.557588757334348,5.537984322133999,63.935868341458765,0.04497081555231741,0.0322116148270139,0.012759200725303508,2166614.65
271596,GUINEAINS,2026-01-07,1.55,1.55,7942365,2026-04-08T04:35:05.819661+00:00,7.638888888888906,2.857142857142869,10.000000000000009,7.017543859649122,1.404,1.23,1.2076,5.328315835364625,5.625732645914957,68.69249775372107,0.06285658846316355,0.04007791019028804,0.022778678272875517,2419629.7
271715,GUINEAINS,2026-01-08,1.49,1.49,3670443,2026-04-08T04:35:08.163488+00:00,-3.8709677419354827,7.638888888888906,0.7575757575757569,-7.377049180327877,1.436,1.247,1.2096,5.353763234666162,5.621571537953475,63.75315918417106,0.0713670192227931,0.03887067275993406,0.03249634646285903,2516612.4
271834,GUINEAINS,2026-01-09,1.37,1.37,12706903,2026-04-08T04:35:10.591402+00:00,-8.053691275167774,-3.8709677419354827,-2.2556390977443663,1.7699115044247815,1.45,1.2555,1.2096,5.705662926499623,5.739761349266671,55.203636746952604,0.06764878669289853,0.0281219521840316,0.03952683450886693,3120987.15
271953,GUINEAINS,2026-01-12,1.27,1.27,2332741,2026-04-08T04:35:15.220756+00:00,-7.299270072992703,-8.053691275167774,7.692307692307687,8.69565217391306,1.424,1.2615,1.2096,5.8897392566782525,5.739761349266671,49.27359399932228,0.05598750722710788,0.01316853817459275,0.04281896905251513,3204766.2
272072,GUINEAINS,2026-01-13,1.3,1.3,12417683,2026-04-08T04:35:17.864544+00:00,2.3622047244094446,-7.299270072992703,2.857142857142869,-4.0000000000000036,1.3960000000000001,1.2690000000000001,1.2096,5.899449526892004,5.739761349266671,50.975021637882364,0.04860630528408505,0.004629868985255935,0.043976436298829115,3798901.35
272191,GUINEAINS,2026-01-14,1.26,1.26,9375961,2026-04-08T04:35:20.278959+00:00,-3.076923076923077,2.3622047244094446,7.638888888888906,10.000000000000009,1.338,1.2725,1.2107999999999999,5.923682740054,5.647252772954254,48.63277892599319,0.039078511108963765,-0.003918340151892283,0.04299685126085605,4229284.25
272310,GUINEAINS,2026-01-15,1.27,1.27,3637520,2026-04-08T04:35:23.159853+00:00,0.7936507936507908,-3.076923076923077,-3.8709677419354827,0.7575757575757569,1.294,1.2775,1.2116,5.902597922419213,5.638547861377201,49.26046950986695,0.03196609674259876,-0.008824603614605832,0.04079070035720459,4347936.25
272429,GUINEAINS,2026-01-16,1.34,1.34,2273563,2026-04-08T04:35:25.571119+00:00,5.51181102362206,0.7936507936507908,-8.053691275167774,-2.2556390977443663,1.288,1.2905,1.2148,5.6627109576117745,5.652687171207198,53.54022870195522,0.03161345190578735,-0.007341798761133798,0.03895525066692115,4305975.7
272548,GUINEAINS,2026-01-19,1.3,1.3,3000245,2026-04-08T04:35:30.272746+00:00,-2.985074626865669,5.51181102362206,-7.299270072992703,7.692307692307687,1.294,1.3015,1.2172,5.735868066861604,5.672841323809684,50.89829012287831,0.027786012766908952,-0.008935390320009756,0.03672140308691871,4363875.65
272667,GUINEAINS,2026-01-20,1.3,1.3,4373864,2026-04-08T04:35:32.536083+00:00,0.0,-2.985074626865669,2.3622047244094446,2.857142857142869,1.294,1.3095,1.2186,5.641809612993751,5.6451828917605535,50.89829012287831,0.024470657170728716,-0.009800596732952,0.034271253903680715,4390675.4
272787,GUINEAINS,2026-01-21,1.3,1.3,2313400,2026-04-08T04:35:34.90344+00:00,0.0,0.0,-3.076923076923077,7.638888888888906,1.302,1.3135,1.22,5.450326475454489,5.6451828917605535,50.89829012287831,0.021594288459525268,-0.010141572355324362,0.03173586081484963,4463623.4
272907,GUINEAINS,2026-01-22,1.3,1.3,3132086,2026-04-08T04:35:36.566163+00:00,0.0,0.0,0.7936507936507908,-3.8709677419354827,1.3080000000000003,1.322,1.223,5.132535279268585,5.56028862359442,50.8982901228783,0.01909463447257642,-0.01011298107381857,0.02920761554639499,4541660.55
273027,GUINEAINS,2026-01-23,1.25,1.25,5172015,2026-04-08T04:35:38.92405+00:00,-3.8461538461538547,0.0,5.51181102362206,-8.053691275167774,1.29,1.3270000000000002,1.227,5.230911993415862,5.439439373847259,46.999047180595944,0.01293000944607714,-0.013022084880254282,0.025952094326331422,4689604.8
273147,GUINEAINS,2026-01-26,1.35,1.35,25041885,2026-04-08T04:35:43.383975+00:00,8.000000000000007,-3.8461538461538547,-2.985074626865669,-7.299270072992703,1.3,1.332,1.2348,5.175893309906089,5.380377810619871,54.50573616703331,0.015930032465815813,-0.008017649488412486,0.0239476819542283,5910884.4
273267,GUINEAINS,2026-01-27,1.46,1.46,11921653,2026-04-08T04:35:45.70946+00:00,8.148148148148149,8.000000000000007,0.0,2.3622047244094446,1.332,1.3450000000000002,1.2429999999999999,5.329157502171956,5.3432585051043,61.042118485772235,0.026873867795060624,0.0023409486726658595,0.024532919122394765,6358516.85
273387,GUINEAINS,2026-01-28,1.5,1.5,9762324,2026-04-08T04:35:48.193808+00:00,2.7397260273972712,8.148148148148149,0.0,-3.076923076923077,1.3719999999999999,1.354,1.25,4.924231909795374,5.201472859288397,63.11729733210537,0.0383327260411066,0.011039845534969471,0.02729288050613713,6698957.3
273507,GUINEAINS,2026-01-29,1.47,1.47,2562195,2026-04-08T04:35:50.479528+00:00,-2.0000000000000018,2.7397260273972712,0.0,0.7936507936507908,1.406,1.361,1.2542,4.962632647806609,5.052608567629997,60.51378025919339,0.0444804614071983,0.013750064720848935,0.030730396686349366,6685643.2
273627,GUINEAINS,2026-01-30,1.47,1.47,3972419,2026-04-08T04:35:52.855058+00:00,0.0,-2.0000000000000018,-3.8461538461538547,5.51181102362206,1.45,1.3695,1.2594,4.919335246943392,5.013071242341489,60.513780259193396,0.04879016334465258,0.014447813326642571,0.03434235001801001,6663393.6
273747,GUINEAINS,2026-02-02,1.33,1.33,4041920,2026-04-08T04:35:57.524813+00:00,-9.523809523809511,0.0,8.000000000000007,-2.985074626865669,1.4460000000000002,1.366,1.2604,5.138424841059152,5.150107416427753,49.46974353056593,0.04044260602106653,0.0048802048024452135,0.035562401218621316,6723556.15
273867,GUINEAINS,2026-02-03,1.33,1.33,2326636,2026-04-08T04:36:00.137559+00:00,0.0,-9.523809523809511,8.148148148148149,0.0,1.4200000000000002,1.3605,1.263,5.090493036580601,5.065353329787134,49.469743530565935,0.033441612607760574,-0.0016966308886885995,0.03513824349644917,6598891.05
273987,GUINEAINS,2026-02-04,1.3,1.3,9339796,2026-04-08T04:36:02.592569+00:00,-2.2556390977443663,0.0,2.7397260273972712,0.0,1.3800000000000001,1.348,1.2648,4.750543516820878,5.077928801148169,47.32333924853656,0.025182240416620205,-0.007964802463863177,0.03314704288048338,6668762.6
274107,GUINEAINS,2026-02-05,1.43,1.43,4086541,2026-04-08T04:36:04.997535+00:00,9.999999999999986,-2.2556390977443663,-2.0000000000000018,0.0,1.3719999999999999,1.345,1.2704,5.258983662114782,5.202729481228879,56.193257345688046,0.028794615589754047,-0.0034819418325834697,0.032276557422337517,6689567.5
274227,GUINEAINS,2026-02-06,1.57,1.57,12798568,2026-04-08T04:36:07.533957+00:00,9.790209790209792,9.999999999999986,0.0,-3.8461538461538547,1.392,1.355,1.2788,5.346898534154505,5.362653286263046,63.35040420918785,0.04246477145941996,0.008150571229665955,0.034314200229754004,6694150.75
274347,GUINEAINS,2026-02-09,1.65,1.65,5297059,2026-04-08T04:36:12.456447+00:00,5.095541401273884,0.0,0.0,8.148148148148149,1.504,1.3875,1.298,5.072409688985862,5.348907654597977,66.93097062209898,0.06648444070712323,0.0227958918554301,0.043688548851693126,6861410.9
274467,GUINEAINS,2026-02-10,1.54,1.54,4588988,2026-04-08T04:36:14.818506+00:00,-6.666666666666654,5.095541401273884,-2.2556390977443663,2.7397260273972712,1.552,1.4015,1.3068,5.29480382823016,5.4047793009532965,58.471993906783716,0.06775861973443353,0.01925605670619232,0.04850256302824121,6622062.25
274587,GUINEAINS,2026-02-11,1.5,1.5,6482683,2026-04-08T04:36:17.460702+00:00,-2.5974025974025983,-6.666666666666654,9.999999999999986,-2.0000000000000018,1.566,1.413,1.3148,5.360370438204352,5.425242455255864,55.71452195006164,0.06479384695258883,0.013033027139478091,0.05176081981311074,6764320.4
261,GUINEAINS,2026-02-12,1.5,1.5,5817106,2026-02-12T09:24:00.987112+00:00,0.0,-2.5974025974025983,9.790209790209792,0.0,1.552,1.421,1.3212000000000002,5.255260999037326,5.344111545288003,55.714521950061645,0.06173262785624245,0.007977446434505368,0.05375518142173708,6941497.55
274827,GUINEAINS,2026-02-13,1.51,1.51,5839750,2026-04-08T04:36:22.38356+00:00,0.6666666666666599,0.0,0.0,-9.523809523809511,1.5399999999999998,1.4315000000000002,1.3264000000000002,5.1836234905503495,5.288894503050583,56.31188164462953,0.05942845189350665,0.00453861637741565,0.054889835516091,7083472.8
274947,GUINEAINS,2026-02-16,1.37,1.37,8615083,2026-04-08T04:36:26.879081+00:00,-9.27152317880794,0.6666666666666599,5.095541401273884,0.0,1.484,1.435,1.3278,5.65901367912292,5.441253660625774,46.795144195116784,0.04577784734271928,-0.007289590538697384,0.053067437881416664,7295533.75
275067,GUINEAINS,2026-02-17,1.45,1.45,4831377,2026-04-08T04:36:29.440312+00:00,5.8394160583941535,-9.27152317880794,-6.666666666666654,-2.2556390977443663,1.466,1.4425,1.3330000000000002,5.7857520651502465,5.349096277675412,51.8072098786424,0.04094301075913709,-0.009699541697823666,0.050642552456960754,7421432.6
275187,GUINEAINS,2026-02-18,1.46,1.46,1895019,2026-04-08T04:36:31.166521+00:00,0.6896551724137945,5.8394160583941535,-2.5974025974025983,9.999999999999986,1.458,1.4505,1.3392,5.783378018116229,5.319464661826097,52.41069908197411,0.03748616715936026,-0.010525108238080394,0.048011275397440656,7359579.25
275307,GUINEAINS,2026-02-19,1.4,1.4,5322806,2026-04-08T04:36:33.575564+00:00,-4.109589041095896,0.6896551724137945,0.0,9.790209790209792,1.4380000000000002,1.458,1.3432,5.794662774590123,5.332844268344764,48.48739291011009,0.029564296337206253,-0.014757583248187524,0.04432187958539378,7367118.8
548,GUINEAINS,2026-02-20,1.42,1.42,4373109,2026-02-20T23:15:44.934622+00:00,1.4285714285714235,-4.109589041095896,0.6666666666666599,0.0,1.42,1.4615,1.3486000000000002,5.541346107175732,5.292599646032473,49.83540258370566,0.024616228925692818,-0.01576452052776077,0.04038074945345359,6333680.0
696,GUINEAINS,2026-02-23,1.48,1.48,5326160,2026-02-23T07:00:01.990412+00:00,4.225352112676051,1.4285714285714235,-9.27152317880794,5.095541401273884,1.442,1.4625,1.3552000000000002,5.3175154837001,5.317162834548804,53.74593028873899,0.025245335894727106,-0.012108330846981194,0.0373536667417083,6003905.35
844,GUINEAINS,2026-02-24,1.38,1.38,2975230,2026-02-24T07:00:01.929914+00:00,-6.756756756756765,4.225352112676051,5.8394160583941535,-6.666666666666654,1.428,1.4565,1.359,5.499897175320621,5.402150646403872,47.148972548594564,0.017473321857420787,-0.015904275907430016,0.0333775977648508,5664550.65
992,GUINEAINS,2026-02-25,1.39,1.39,2785075,2026-02-25T07:00:01.953057+00:00,0.7246376811594235,-6.756756756756765,0.6896551724137945,-2.5974025974025983,1.4140000000000001,1.4525000000000001,1.3634,5.488582684213446,5.393591437973798,47.83847071652601,0.011982731693064963,-0.01711589285742867,0.029098624550493633,5675694.65
1140,GUINEAINS,2026-02-26,1.27,1.27,6310625,2026-02-26T07:00:01.915173+00:00,-8.633093525179847,0.7246376811594235,-4.109589041095896,0.0,1.388,1.4425,1.3672,5.807530007967995,5.424262146606096,40.93672836650109,-0.0020282176572770094,-0.024901473766216518,0.022873256108939508,5792604.95
1828,GUINEAINS,2026-02-27,1.39,1.39,3023234,2026-02-27T07:00:02.056517+00:00,9.448818897637778,-8.633093525179847,1.4285714285714235,0.6666666666666599,1.382,1.4455,1.3734,5.817135434514839,5.570239700343165,48.879328329724174,-0.003409694012590503,-0.02102636009722401,0.017616666084633508,5741670.65
2709,GUINEAINS,2026-02-28,1.39,1.39,3023234,2026-02-28T18:00:03.453641+00:00,0.0,9.448818897637778,4.225352112676051,-9.27152317880794,1.364,1.4485,1.3784,5.817135434514839,5.525772363758283,48.879328329724174,-0.004453190370598659,-0.017655885164185734,0.013202694793587075,5776500.55
2857,GUINEAINS,2026-03-01,1.39,1.39,3023234,2026-03-01T18:00:03.821122+00:00,0.0,0.0,-6.756756756756765,5.8394160583941535,1.366,1.453,1.3818000000000001,5.785105807501772,5.446605663662102,48.87932832972418,-0.005219995889031104,-0.014738152546094544,0.00951815665706344,5460672.45
3005,GUINEAINS,2026-03-02,1.49,1.49,5242963,2026-03-02T07:00:01.981706+00:00,7.194244604316546,0.0,0.7246376811594235,0.6896551724137945,1.386,1.456,1.3889999999999998,5.572561701406877,5.411382686496723,55.15591031787427,0.0022159256664879834,-0.005841784792460366,0.008057710458948349,5518493.55
3969,GUINEAINS,2026-03-03,1.44,1.44,2829386,2026-03-03T07:00:01.858909+00:00,-3.3557046979865834,7.194244604316546,-8.633093525179847,-4.109589041095896,1.42,1.4495,1.3948000000000003,5.160981483155725,5.439128045016386,51.73556068378627,0.004027933430310604,-0.0032238216229101965,0.0072517550532208005,5020034.45
5406,GUINEAINS,2026-03-04,1.37,1.37,2953089,2026-03-04T07:00:02.010027+00:00,-4.861111111111105,-3.3557046979865834,9.448818897637778,1.4285714285714235,1.416,1.4395,1.3972,5.259443871000804,5.364452690173144,47.312088650331965,-0.00018235032658386885,-0.0059472843038437355,0.005764933977259867,4527760.5
7124,GUINEAINS,2026-03-05,1.36,1.36,1279185,2026-03-05T07:00:02.0033+00:00,-0.7299270072992692,-4.861111111111105,0.0,4.225352112676051,1.41,1.425,1.4003999999999999,5.0890607496472295,5.330490058233765,46.69782136169801,-0.0042766484229932455,-0.00803326592020249,0.003756617497209244,4326866.8
9640,GUINEAINS,2026-03-06,1.44,1.44,3779299,2026-03-06T07:00:02.033178+00:00,5.88235294117645,-0.7299270072992692,0.0,-6.756756756756765,1.42,1.42,1.4028,5.106207148493584,5.209409698119846,52.06018533647441,-0.0010539287159294641,-0.003848436970510967,0.002794508254581503,4286382.35
11298,GUINEAINS,2026-03-07,1.44,1.44,3779299,2026-03-07T18:00:06.285951+00:00,0.0,5.88235294117645,7.194244604316546,0.7246376811594235,1.41,1.417,1.405,5.0752482918891335,5.2091734401639735,52.06018533647441,0.0014830047151423997,-0.0010492028315512826,0.0025322075466936824,4151213.15
11446,GUINEAINS,2026-03-08,1.44,1.44,3779299,2026-03-08T18:00:03.574352+00:00,0.0,0.0,-3.3557046979865834,-8.633093525179847,1.41,1.414,1.4078,5.0752482918891335,5.196415007329645,52.06018533647441,0.003453730284043166,0.0007372181898795869,0.002716512094163579,4049322.8
11594,GUINEAINS,2026-03-09,1.31,1.31,6328857,2026-03-09T07:00:02.016534+00:00,-9.027777777777768,0.0,-4.861111111111105,9.448818897637778,1.3980000000000001,1.404,1.4060000000000001,5.449255973302804,5.251106140930674,43.23279961990177,-0.005411983076892168,-0.006502796136844598,0.0010908130599524297,4073778.15
14110,GUINEAINS,2026-03-10,1.36,1.36,3066650,2026-03-10T07:00:03.966079+00:00,3.8167938931297662,-9.027777777777768,-0.7299270072992692,0.0,1.3980000000000001,1.4035,1.4043999999999999,5.124970174669062,5.2634927683940305,46.958063972436626,-0.00830777578899955,-0.007518871079161583,-0.0007889047098379662,3796356.5
15950,GUINEAINS,2026-03-11,1.39,1.39,1570681,2026-03-11T07:00:02.147117+00:00,2.2058823529411686,3.8167938931297662,5.88235294117645,0.0,1.3880000000000001,1.4005,1.4012,4.972521060544356,5.158053231619575,49.115705591428515,-0.00808872135217209,-0.005839853313867299,-0.002248868038304791,3633321.7
17666,GUINEAINS,2026-03-12,1.3,1.3,4446038,2026-03-12T07:00:02.06753+00:00,-6.474820143884886,2.2058823529411686,0.0,7.194244604316546,1.3599999999999999,1.3925,1.3974000000000002,5.167426444924766,5.209919124133985,43.41062341859767,-0.015004405524433606,-0.010204429988903052,-0.004799975535530554,3760872.65
20182,GUINEAINS,2026-03-13,1.28,1.28,3719999,2026-03-13T07:00:01.993197+00:00,-1.538461538461544,-6.474820143884886,0.0,-3.3557046979865834,1.328,1.3864999999999998,1.3956,5.103202997627314,5.087980492076688,42.23653193699604,-0.02184712781866205,-0.013637721826505196,-0.008209405992156853,3680732.3
23628,GUINEAINS,2026-03-16,1.4,1.4,3640641,2026-03-16T08:30:01.80086+00:00,9.375,-1.538461538461544,-9.027777777777768,-4.861111111111105,1.3459999999999999,1.3855,1.3981999999999999,5.537573562217534,5.146502413169418,50.82955515893696,-0.017386615338998324,-0.007341767477473176,-0.010044847861525147,3644108.9
25459,GUINEAINS,2026-03-17,1.31,1.31,2791933,2026-03-17T08:30:01.70448+00:00,-6.428571428571416,9.375,3.8167938931297662,-0.7299270072992692,1.3359999999999999,1.377,1.3984,5.628968979097648,5.225028440980475,45.37728709491668,-0.020873260942236183,-0.008662730464568828,-0.012210530477667354,3517397.55
27322,GUINEAINS,2026-03-18,1.33,1.33,1684828,2026-03-18T08:30:01.732403+00:00,1.526717557251911,-6.428571428571416,2.2058823529411686,5.88235294117645,1.324,1.3745,1.3998,5.442780179390705,5.207559557692647,46.74438146201379,-0.021771649822924122,-0.007648895476205411,-0.01412275434671871,3452877.45
33136,GUINEAINS,2026-03-23,1.24,1.24,6910003,2026-03-23T08:30:01.705825+00:00,-6.766917293233088,1.526717557251911,-6.474820143884886,0.0,1.312,1.367,1.3992000000000002,5.641284102181686,5.300124568345871,41.688065885799205,-0.029406892965082365,-0.012227310894690924,-0.01717958207039144,3659123.85
34714,GUINEAINS,2026-03-24,1.22,1.22,3387730,2026-03-24T15:00:01.978259+00:00,-1.6129032258064502,-6.766917293233088,-1.538461538461544,0.0,1.3,1.3645,1.3968,5.3120425939371465,5.2468800659960815,40.6361300148355,-0.03664924137600334,-0.015575727444489519,-0.02107351393151382,3512979.1
34862,GUINEAINS,2026-03-25,1.29,1.29,1262162,2026-03-25T15:00:01.528164+00:00,5.737704918032782,-1.6129032258064502,9.375,-9.027777777777768,1.278,1.3595000000000002,1.3966,5.01886407914485,5.292214536589921,45.791909729934844,-0.0363217452150324,-0.01219858502681486,-0.024123160188217536,3424925.5
35010,GUINEAINS,2026-03-26,1.23,1.23,3737673,2026-03-26T15:00:01.955832+00:00,-4.651162790697683,5.737704918032782,-6.428571428571416,3.8167938931297662,1.262,1.3515,1.3952,5.113399637292903,5.3350989390266665,42.393256748354474,-0.04043756166766155,-0.01305152118355521,-0.02738604048410634,3460647.45
35158,GUINEAINS,2026-03-27,1.28,1.28,3221540,2026-03-27T15:00:02.114662+00:00,4.065040650406515,-4.651162790697683,1.526717557251911,2.2058823529411686,1.252,1.3459999999999999,1.3947999999999998,5.213520877880474,5.365541440847733,45.99066972332216,-0.039212773285332236,-0.009461386240980717,-0.02975138704435152,3470562.75
278187,GUINEAINS,2026-03-30,1.3,1.3,2008197,2026-04-08T04:37:47.74327+00:00,1.5625,4.065040650406515,-6.766917293233088,-6.474820143884886,1.2639999999999998,1.3365,1.3947999999999998,4.932999939682978,5.3694373404129605,47.405492493398995,-0.036210870441224285,-0.005167586717498212,-0.031043283723726074,3308824.45
35306,GUINEAINS,2026-03-31,1.18,1.18,2283173,2026-03-31T15:00:02.085058+00:00,-9.230769230769242,1.5625,-1.6129032258064502,-1.538461538461544,1.2559999999999998,1.3235,1.3934,5.27132989100531,5.503367922275944,40.54295700569118,-0.04301894233896042,-0.009580526892187476,-0.033438415446772944,3281513.8
278427,GUINEAINS,2026-04-01,1.13,1.13,6864906,2026-04-08T04:37:52.684906+00:00,-4.23728813559322,-9.230769230769242,5.737704918032782,9.375,1.2239999999999998,1.3115,1.389,5.2481881209774395,5.413217169321778,38.070023028354,-0.0518512614344635,-0.014730276790152444,-0.03712098464431106,3477104.65
35454,GUINEAINS,2026-04-02,1.15,1.15,1629541,2026-04-02T15:00:01.864809+00:00,1.7699115044247815,-4.23728813559322,-4.651162790697683,-6.428571428571416,1.208,1.301,1.3828,5.280275166563689,5.28585672623302,39.655569475138726,-0.05658483039607454,-0.015571076601410778,-0.04101375379466376,3494622.45
35898,GUINEAINS,2026-04-07,1.1,1.1,4913651,2026-04-07T15:00:01.949344+00:00,-4.347826086956507,1.7699115044247815,4.065040650406515,1.526717557251911,1.172,1.284,1.3747999999999998,5.101412929892418,5.2966347124846225,37.09840875760619,-0.0636372296634784,-0.018098780695051712,-0.04553844896842669,3551340.05
278795,GUINEAINS,2026-04-08,1.05,1.05,4586316,2026-04-08T15:00:01.943007+00:00,-4.545454545454552,-4.347826086956507,1.5625,-6.766917293233088,1.122,1.2645,1.3663999999999998,5.1455963698137435,5.323699857948937,34.689415943600764,-0.07242600709904012,-0.021510046504490746,-0.05091596059454938,3591690.9
278942,GUINEAINS,2026-04-09,1.15,1.15,1131638,2026-04-09T15:00:02.085141+00:00,9.523809523809511,-4.545454545454552,-9.230769230769242,-1.6129032258064502,1.1159999999999999,1.25,1.36,5.697020166969342,5.510215244641308,42.702999809367455,-0.07050922580668484,-0.01567461216970837,-0.05483461363697647,3459307.85
279088,GUINEAINS,2026-04-10,1.2,1.2,3276574,2026-04-10T15:00:01.352272+00:00,4.347826086956519,9.523809523809511,-4.23728813559322,5.737704918032782,1.13,1.2445,1.3574000000000002,5.481588795371758,5.38625650282324,46.253949063265196,-0.06421534615248414,-0.007504586012406139,-0.056710760140078004,3306693.7
279234,GUINEAINS,2026-04-13,1.2,1.2,1269105,2026-04-13T15:00:02.021173+00:00,0.0,4.347826086956519,1.7699115044247815,-4.651162790697683,1.1400000000000001,1.2365,1.3548,5.396680941372086,5.38625650282324,46.253949063265196,-0.058552445042754586,-0.001473347922141266,-0.05707909712061332,3216816.45
279380,GUINEAINS,2026-04-14,1.13,1.13,1115858,2026-04-14T15:00:02.477878+00:00,-5.833333333333335,0.0,-4.347826086956507,4.065040650406515,1.146,1.2235,1.3514000000000002,5.4843106730145585,5.4394713837698205,42.02513048277887,-0.059032480412137156,-0.0015627066332190645,-0.05746977377891809,3194075.3
279526,GUINEAINS,2026-04-15,1.1,1.1,2864415,2026-04-15T15:00:02.184222+00:00,-2.65486725663715,-5.833333333333335,-4.545454545454552,1.5625,1.156,1.2135,1.3448,5.3442289741678435,5.249349663490987,40.3236086522911,-0.06112900407291133,-0.002927384235194591,-0.05820161983771674,3114994.15
279672,GUINEAINS,2026-04-16,1.21,1.21,2777126,2026-04-16T15:00:02.07143+00:00,9.999999999999986,-2.65486725663715,9.523809523809511,-9.230769230769242,1.168,1.21,1.3376000000000001,5.847692876717029,5.257728538789331,48.54935628984798,-0.05330002398864142,0.0039212766792602605,-0.05722130066790168,3067850.5
279818,GUINEAINS,2026-04-17,1.25,1.25,5861795,2026-04-17T15:00:02.06245+00:00,3.3057851239669533,9.999999999999986,4.347826086956519,-4.23728813559322,1.178,1.2025,1.3312,5.474599644075061,5.283379752976492,51.184374818114165,-0.0433679168116361,0.011082707085012473,-0.05445062389664857,3178908.2
279964,GUINEAINS,2026-04-20,1.14,1.14,9405188,2026-04-20T15:00:01.862344+00:00,-8.800000000000008,3.3057851239669533,0.0,1.7699115044247815,1.166,1.194,1.321,5.63484141476439,5.357747239413301,44.44346996235119,-0.04386705886028852,0.008466852029088041,-0.05233391088937656,3509570.95
280110,GUINEAINS,2026-04-21,1.06,1.06,7962745,2026-04-21T15:00:02.189846+00:00,-7.017543859649111,-8.800000000000008,-5.833333333333335,-4.347826086956507,1.152,1.1804999999999999,1.3114,5.791459798828453,5.36608426166738,40.28784091706937,-0.050139981447007154,0.0017551435538955273,-0.05189512500090268,3823466.8
280256,GUINEAINS,2026-04-22,1.04,1.04,7523241,2026-04-22T15:00:02.200159+00:00,-1.8867924528301883,-7.017543859649111,-2.65486725663715,-4.545454545454552,1.1400000000000001,1.1705,1.3022,5.635029167907757,5.361633216198947,39.29853664495747,-0.05607871018079513,-0.00334686814391396,-0.05273184203688117,3854128.7
280402,GUINEAINS,2026-04-23,1.03,1.03,10358227,2026-04-23T15:00:02.125151+00:00,-0.9615384615384581,-1.8867924528301883,9.999999999999986,9.523809523809511,1.104,1.161,1.2928,5.631510195586654,5.3612029504163665,38.785696314529915,-0.06089020750577667,-0.006526692375116397,-0.054363515130660275,4202653.55
280548,GUINEAINS,2026-04-24,1.06,1.06,6654124,2026-04-24T15:00:02.20649+00:00,2.9126213592232997,-0.9615384615384581,3.3057851239669533,4.347826086956519,1.066,1.1495,1.2838,5.4955169043883245,5.381470864652208,41.262147626133874,-0.06157283125035451,-0.005767452895755386,-0.055805378354599124,4472251.65
280694,GUINEAINS,2026-04-27,1.12,1.12,2039359,2026-04-27T15:00:02.034997+00:00,5.660377358490565,2.9126213592232997,-8.800000000000008,0.0,1.0619999999999998,1.1440000000000001,1.2788000000000002,5.601232386366918,5.30206866259557,45.970036801879495,-0.05661964095051819,-0.0006514100767352482,-0.05596823087378294,4387335.95
280840,GUINEAINS,2026-04-28,1.1,1.1,1624842,2026-04-28T15:00:01.918241+00:00,-1.7857142857142905,5.660377358490565,-7.017543859649111,-5.833333333333335,1.07,1.135,1.2717999999999998,5.51232800850947,5.2321219295068255,44.68437343692194,-0.053689139821580856,0.001823272841761675,-0.05551241266334253,4307501.05
280986,GUINEAINS,2026-04-29,1.1,1.1,2955785,2026-04-29T15:00:02.672724+00:00,0.0,-1.7857142857142905,-1.8867924528301883,-2.65486725663715,1.082,1.125,1.2646,5.490934423277768,5.230053930902644,44.68437343692193,-0.05078132110436129,0.003784873247184996,-0.054566194351546284,4354880.45
281132,GUINEAINS,2026-04-30,1.15,1.15,2969565,2026-04-30T15:00:02.170664+00:00,4.545454545454519,0.0,-0.9615384615384581,9.999999999999986,1.106,1.1235,1.2595999999999998,5.220437717251124,5.2490020067334795,48.83341888242192,-0.04393580705406852,0.008504309837982213,-0.052440116892050734,4389200.05
281424,GUINEAINS,2026-05-04,1.1,1.1,4736299,2026-05-04T15:00:02.156928+00:00,-4.347826086956507,4.545454545454519,2.9126213592232997,3.3057851239669533,1.114,1.122,1.2531999999999999,5.225215929522815,5.2746385269951865,45.18364233344373,-0.04206042360094364,0.008303754632885678,-0.05036417823382932,4282769.7
281570,GUINEAINS,2026-05-05,1.07,1.07,2104293,2026-05-05T15:00:01.930748+00:00,-2.7272727272727337,-4.347826086956507,5.660377358490565,-8.800000000000008,1.104,1.1179999999999999,1.245,5.241520358535487,5.242483956616866,43.10210794768721,-0.04250494740717414,0.006287384661324148,-0.04879233206849829,4306507.3
281716,GUINEAINS,2026-05-06,1.08,1.08,5047818,2026-05-06T15:00:01.919787+00:00,0.9345794392523477,-2.7272727272727337,-1.7857142857142905,-7.017543859649111,1.1,1.117,1.239,5.155519452414371,5.167822703245814,44.0277405012887,-0.04157111338177444,0.0057769749493790795,-0.04734808833115352,4313215.65
281862,GUINEAINS,2026-05-07,1.08,1.08,4533840,2026-05-07T15:00:01.995523+00:00,0.0,0.9345794392523477,0.0,-1.8867924528301883,1.096,1.1185,1.2328000000000001,5.0419786484402405,5.1657392917287,44.0277405012887,-0.040365732155244416,0.005585884940727287,-0.0459516170959717,4310591.85
282008,GUINEAINS,2026-05-08,1.11,1.11,1530836,2026-05-08T15:00:02.118161+00:00,2.77777777777779,0.0,4.545454545454519,-0.9615384615384581,1.088,1.1165,1.2296,4.595567178468324,5.043986850400796,47.026173894793864,-0.03656817441758986,0.007506754142705477,-0.04407492856029534,4330551.75
282154,GUINEAINS,2026-05-11,1.1,1.1,3103498,2026-05-11T15:00:02.243132+00:00,-0.9009009009009028,2.77777777777779,-4.347826086956507,2.9126213592232997,1.088,1.1115,1.2238,4.477974106788022,4.850929167360241,46.13891096849073,-0.03397386935911295,0.008080847360945907,-0.04205471672005886,4321897.95
282300,GUINEAINS,2026-05-12,1.12,1.12,4869057,2026-05-12T15:00:02.325735+00:00,1.81818181818183,-0.9009009009009028,-2.7272727272727337,5.660377358490565,1.098,1.1075,1.2184,4.503600118219703,4.860424097654967,48.24221963855705,-0.02995868597302298,0.009676824597628711,-0.03963551057065169,4501895.55
282446,GUINEAINS,2026-05-13,1.12,1.12,1593436,2026-05-13T15:00:01.887561+00:00,0.0,1.81818181818183,0.9345794392523477,-1.7857142857142905,1.106,1.107,1.213,4.307463678181418,4.860424097654967,48.242219638557046,-0.026471477497049145,0.010531226458882041,-0.037002703955931186,4525774.45
282592,GUINEAINS,2026-05-14,1.16,1.16,2768576,2026-05-14T15:00:01.952989+00:00,3.5714285714285587,0.0,0.0,0.0,1.122,1.1099999999999999,1.2064,4.327123356092952,4.772398846716758,52.54100518280205,-0.020246781654083446,0.013404737841478193,-0.03365151949556164,4520982.5
282738,GUINEAINS,2026-05-15,1.08,1.08,937503,2026-05-15T15:00:01.871578+00:00,-6.896551724137923,3.5714285714285587,2.77777777777779,4.545454545454519,1.116,1.1035000000000001,1.1992,3.9804648116200756,4.843087079989962,44.56821934489712,-0.021520917028921227,0.009704481973312331,-0.031225399002233558,4429001.35
282884,GUINEAINS,2026-05-18,1.18,1.18,5006992,2026-05-18T15:00:01.868607+00:00,9.259259259259256,-6.896551724137923,-0.9009009009009028,-4.347826086956507,1.1320000000000001,1.1,1.1954,4.471574261878192,4.990569933840183,53.97067014510123,-0.014296710647054178,0.013542950684143507,-0.027839661331197686,4386261.2
283030,GUINEAINS,2026-05-19,1.15,1.15,6154139,2026-05-19T15:00:01.863653+00:00,-2.5423728813559365,9.259259259259256,1.81818181818183,-2.7272727272727337,1.1380000000000001,1.1005,1.1911999999999998,4.035213658773792,5.001245626730392,51.166686529860016,-0.010866956807733308,0.013578163618771504,-0.02444512042650481,4223708.75
283176,GUINEAINS,2026-05-20,1.14,1.14,940591,2026-05-20T15:00:01.871845+00:00,-0.8695652173913104,-2.5423728813559365,0.0,0.9345794392523477,1.142,1.1045,1.1852,3.6814811534427063,4.923880064182584,50.22989414342398,-0.008853708565442098,0.012473129488850175,-0.021326838054292273,3872601.05
283322,GUINEAINS,2026-05-21,1.1,1.1,760387,2026-05-21T15:00:01.939198+00:00,-3.50877192982455,-0.8695652173913104,3.5714285714285587,0.0,1.1300000000000001,1.1075,1.1784000000000001,3.752341866765712,4.94379133315481,46.5579616234578,-0.010366363548656388,0.00876837960450871,-0.019134743153165098,3534458.35
283468,GUINEAINS,2026-05-22,1.12,1.12,632100,2026-05-22T15:00:02.031345+00:00,1.81818181818183,-3.50877192982455,-6.896551724137923,2.77777777777779,1.138,1.1119999999999999,1.172,3.7528046554985877,4.9536023987776625,48.581926255275256,-0.009837915304181433,0.007437462279186933,-0.017275377583368366,3048152.0
283614,GUINEAINS,2026-05-25,1.15,1.15,1717599,2026-05-25T15:00:01.979384+00:00,2.678571428571419,1.81818181818183,9.259259259259256,-0.9009009009009028,1.1320000000000001,1.1165,1.1688,3.7451964046279467,4.811187771196716,51.546234616635736,-0.0069186135137331295,0.00828541125570819,-0.01520402476944132,2801325.75
283760,GUINEAINS,2026-05-26,1.09,1.09,1004068,2026-05-26T15:00:01.996051+00:00,-5.217391304347807,2.678571428571419,-2.5423728813559365,1.81818181818183,1.1199999999999999,1.115,1.1634,3.742260920683428,4.82889338741066,45.85263931641648,-0.00933889144413702,0.004692106660243441,-0.014030998104380462,2749561.2
284198,GUINEAINS,2026-05-29,1.09,1.09,577084,2026-05-29T15:00:02.455558+00:00,0.0,-5.217391304347807,-0.8695652173913104,0.0,1.11,1.1145,1.1574,3.7204013847817525,4.815330789918826,45.852639316416486,-0.011128694478566015,0.002321842900651558,-0.013450537379217573,2697173.3
284344,GUINEAINS,2026-06-01,1.08,1.08,1908138,2026-06-01T15:00:02.603507+00:00,-0.9174311926605561,0.0,-3.50877192982455,3.5714285714285587,1.1060000000000003,1.1135,1.153,3.726307427515895,4.735056303332714,44.8941278695221,-0.013201859881852851,0.00019894199789177724,-0.013400801879744628,2644790.95
284490,GUINEAINS,2026-06-02,1.08,1.08,1026996,2026-06-02T15:00:02.980523+00:00,0.0,-0.9174311926605561,1.81818181818183,-6.896551724137923,1.098,1.11,1.149,3.5680547701218774,4.7315812529473185,44.89412786952211,-0.014675686224805862,-0.0010199074760489871,-0.013655778748756875,2547662.5
284636,GUINEAINS,2026-06-03,1.12,1.12,1849389,2026-06-03T15:00:03.023028+00:00,3.703703703703698,0.0,2.678571428571419,9.259259259259256,1.092,1.111,1.1434,3.5358611254721897,4.561552656974925,49.7656339467154,-0.012472265995212783,0.0009468102028352739,-0.013419076198048057,2403317.0
284782,GUINEAINS,2026-06-04,1.12,1.12,3365694,2026-06-04T15:00:03.321931+00:00,0.0,3.703703703703698,-5.217391304347807,-2.5423728813559365,1.098,1.1135,1.1396000000000002,3.471090610907516,4.476337514921208,49.7656339467154,-0.010603805519090237,0.0022522165431662564,-0.012856022062256493,2466387.05
284928,GUINEAINS,2026-06-05,1.12,1.12,408027,2026-06-05T15:00:03.073061+00:00,0.0,0.0,0.0,-0.8695652173913104,1.1040000000000003,1.1155000000000002,1.1354,3.468181254965426,4.469417328529125,49.7656339467154,-0.009019070895129877,0.003069560933701294,-0.012088631828831171,2234397.5
285074,GUINEAINS,2026-06-08,1.13,1.13,1991328,2026-06-08T15:00:03.135386+00:00,0.8928571428571175,0.0,-0.9174311926605561,-3.50877192982455,1.114,1.1179999999999999,1.1332,3.4706924583388186,4.37152217011398,51.11501592424791,-0.006876967461598271,0.004169331493786321,-0.011046298955384592,2107271.9
285220,GUINEAINS,2026-06-09,1.12,1.12,766942,2026-06-09T15:00:03.53749+00:00,-0.8849557522123686,0.8928571428571175,0.0,1.81818181818183,1.1220000000000003,1.1185,1.1312,3.428521206141415,4.367564483897628,49.677931870513504,-0.005918032093884307,0.00410261348920023,-0.010020645583084537,2069077.2
285366,GUINEAINS,2026-06-10,1.09,1.09,1796648,2026-06-10T15:10:03.084397+00:00,-2.67857142857143,-0.8849557522123686,3.703703703703698,2.678571428571419,1.116,1.1179999999999999,1.1272,3.4785190492228244,4.300536380613292,45.541316083896646,-0.0074924498873405465,0.002022556556595192,-0.009515006443935738,2003734.7
285804,GUINEAINS,2026-06-11,1.09,1.09,948850,2026-06-11T15:10:02.991492+00:00,0.0,-2.67857142857143,0.0,-5.217391304347807,1.11,1.1165,1.1244,3.4524737228003417,4.253348495049843,45.541316083896646,-0.00864058405728696,0.0006995379093190229,-0.009340121966605983,1807724.35
287556,GUINEAINS,2026-06-15,1.1,1.1,2012824,2026-06-15T15:10:02.896252+00:00,0.917431192660545,0.0,0.0,0.0,1.1059999999999999,1.1155000000000002,1.1208,3.4596739771886718,4.212745845495484,47.23970446109958,-0.008643930383515075,0.0005569532664727265,-0.009200883649987801,1828693.75
288432,GUINEAINS,2026-06-16,1.08,1.08,1272490,2026-06-16T15:10:02.87997+00:00,-1.8181818181818188,0.917431192660545,0.8928571428571175,-0.9174311926605561,1.096,1.1115,1.1164,3.37289871250377,4.210750360370306,44.26627574420109,-0.010143487415363195,-0.0007540830123003144,-0.00938940440306288,1753889.45
289308,GUINEAINS,2026-06-17,0.98,0.98,3593376,2026-06-17T15:10:02.980097+00:00,-9.259259259259267,-1.8181818181818188,-0.8849557522123686,0.0,1.068,1.1065,1.1124,3.646282243939655,4.211987568839204,33.061029203355,-0.019179966714784058,-0.007832449849376942,-0.011347516865407116,1886683.1
289746,GUINEAINS,2026-06-18,1.03,1.03,2748822,2026-06-18T15:10:02.932064+00:00,5.102040816326525,-9.259259259259267,-2.67857142857143,3.703703703703698,1.056,1.099,1.1104,3.15011985145314,4.240086227273075,41.09052494111039,-0.022052650305899757,-0.00856410675239411,-0.013488543553505646,1773774.6
290330,GUINEAINS,2026-06-19,1.0,1.0,2560596,2026-06-19T15:10:02.959085+00:00,-2.9126213592232997,5.102040816326525,0.0,0.0,1.038,1.0915000000000001,1.1074000000000002,3.1630164274726167,4.2497053055229745,38.13478337724559,-0.026445178472091158,-0.010365307934868409,-0.01607987053722275,1594097.45
291060,GUINEAINS,2026-06-22,1.0,1.0,2332717,2026-06-22T15:10:03.140564+00:00,0.0,-2.9126213592232997,0.917431192660545,0.0,1.018,1.0845,1.1054000000000002,3.1657814053038535,4.207180634325657,38.1347833772456,-0.0295852483632999,-0.01080430226086172,-0.01878094610243818,1663703.75
291644,GUINEAINS,2026-06-23,1.1,1.1,1743773,2026-06-23T15:10:03.017319+00:00,10.000000000000009,0.0,-1.8181818181818188,0.8928571428571175,1.0219999999999998,1.0845,1.1064,3.8750889794864176,4.392594047025989,51.595268119458886,-0.02373105527677355,-0.003960087339468295,-0.019770967937305255,1712873.05
292228,GUINEAINS,2026-06-24,1.04,1.04,4830985,2026-06-24T15:10:03.053149+00:00,-5.454545454545457,10.000000000000009,-9.259259259259267,-0.8849557522123686,1.034,1.0805000000000002,1.1042,4.040241906691667,4.251319835678126,45.23565137367477,-0.02366032217164027,-0.0031114833874680108,-0.020548838784172258,1922817.3
292812,GUINEAINS,2026-06-25,1.03,1.03,1481427,2026-06-25T15:10:02.973562+00:00,-0.9615384615384581,-5.454545454545457,5.102040816326525,-2.67857142857143,1.034,1.0745,1.1008000000000002,3.980914765797203,4.203676282499418,44.25654029641072,-0.02413299199329777,-0.0028673225673004066,-0.021265669425997363,1911008.7
293250,GUINEAINS,2026-06-26,1.03,1.03,638380,2026-06-26T15:10:03.012808+00:00,0.0,-0.9615384615384581,-2.9126213592232997,0.0,1.04,1.0715,1.0974,3.82150588243738,4.203676282499418,44.25654029641072,-0.024228297500370477,-0.0023701024594984903,-0.021858195040871987,1892724.3
293688,GUINEAINS,2026-06-29,1.0,1.0,4850475,2026-06-29T15:10:03.028054+00:00,-2.9126213592232997,0.0,0.0,0.917431192660545,1.04,1.067,1.0948,3.8681522209742902,4.14393290377503,41.15707857538068,-0.026420023495936196,-0.003649462764051363,-0.022770560731884833,2106393.85
294126,GUINEAINS,2026-06-30,0.91,0.91,2418866,2026-06-30T15:10:03.08168+00:00,-8.999999999999996,-2.9126213592232997,10.000000000000009,-1.8181818181818188,1.0020000000000002,1.0585,1.0910000000000002,4.3248065675410645,4.315487349563234,33.56299370827185,-0.03501559202812077,-0.009796025036988745,-0.025219566991132022,2131930.25
294564,GUINEAINS,2026-07-01,1.0,1.0,2685969,2026-07-01T15:10:03.133226+00:00,9.890109890109876,-8.999999999999996,-5.454545454545457,-9.259259259259267,0.9940000000000001,1.0545,1.0868,4.938554795839762,4.310166001476335,44.576160107699074,-0.03417148655301627,-0.007161535649507399,-0.027009950903508873,2214878.9
295002,GUINEAINS,2026-07-02,0.9,0.9,7837912,2026-07-02T15:10:03.065554+00:00,-9.999999999999998,9.890109890109876,-0.9615384615384581,5.102040816326525,0.968,1.0434999999999999,1.0798,5.29609006952034,4.49064018752951,37.197775502245904,-0.0410979396816038,-0.011270391022475939,-0.029827548659127862,2514305.05
295440,GUINEAINS,2026-07-03,0.9,0.9,9183829,2026-07-03T15:10:03.019266+00:00,0.0,-9.999999999999998,0.0,-2.9126213592232997,0.942,1.0325000000000002,1.075,5.29609006952034,4.3305185656182195,37.197775502245904,-0.04605629538426803,-0.012982997380112132,-0.0330732980041559,2805211.8
295878,GUINEAINS,2026-07-06,0.95,0.95,14366304,2026-07-06T15:10:03.100823+00:00,5.555555555555558,0.0,-2.9126213592232997,0.0,0.932,1.024,1.0728,5.490871554040253,4.302154115488435,42.697854057404335,-0.04542758494750332,-0.009883429554677935,-0.035544155392825384,3503125.65
296316,GUINEAINS,2026-07-07,0.9,0.9,6468708,2026-07-07T15:10:03.687653+00:00,-5.263157894736836,5.555555555555558,-8.999999999999996,10.000000000000009,0.93,1.0125,1.07,5.570254503906766,4.3564768124704125,39.017899664558435,-0.048405916258328574,-0.010289408692402552,-0.03811650756592602,3726994.65
296754,GUINEAINS,2026-07-08,0.91,0.91,14354897,2026-07-08T15:10:02.922872+00:00,1.1111111111111072,-5.263157894736836,9.890109890109876,-5.454545454545457,0.9120000000000001,1.002,1.0676,5.589969866828021,4.3589007125871255,40.1292871344432,-0.04939001154449285,-0.00901880318285346,-0.04037120836163939,4406392.4
297192,GUINEAINS,2026-07-09,0.9,0.9,11152325,2026-07-09T15:10:03.041812+00:00,-1.098901098901095,1.1111111111111072,-9.999999999999998,-0.9615384615384581,0.9120000000000001,0.9925,1.0644,5.57442042396633,4.338169403810883,39.35684129763132,-0.050395898033145814,-0.008019751737205136,-0.04237614629594068,4874176.25
297630,GUINEAINS,2026-07-10,0.87,0.87,3649647,2026-07-10T15:10:03.284445+00:00,-3.3333333333333326,-1.098901098901095,0.0,0.0,0.906,0.9815000000000002,1.0594,5.598855433041179,4.274754260558959,37.05258370548609,-0.05300283590279531,-0.008501351685483702,-0.04450148421731161,5009216.1
298068,GUINEAINS,2026-07-13,0.9,0.9,5552337,2026-07-13T15:10:02.995074+00:00,3.4482758620689724,-3.3333333333333326,5.555555555555558,-2.9126213592232997,0.8960000000000001,0.9715,1.0554000000000001,5.671927928964859,4.304467418404989,40.786108812651726,-0.05204812527756009,-0.006037312848198785,-0.0460108124293613,5186191.75
298506,GUINEAINS,2026-07-14,0.9,0.9,5502640,2026-07-14T15:10:03.094441+00:00,0.0,3.4482758620689724,-5.263157894736836,-8.999999999999996,0.8960000000000001,0.9625,1.0514000000000001,5.670085397862582,4.304467418404989,40.786108812651726,-0.0507069915936571,-0.0037569433314366407,-0.04695004826222046,5397699.25
298944,GUINEAINS,2026-07-15,0.93,0.93,2229968,2026-07-15T15:10:03.078609+00:00,3.3333333333333437,0.0,1.1111111111111072,9.890109890109876,0.9,0.96,1.0470000000000002,5.3670381803767695,4.279909190476996,44.59714176982513,-0.04668522598269431,0.00021185782362092426,-0.046897083806315236,5329528.85
299382,GUINEAINS,2026-07-16,0.88,0.88,7494167,2026-07-16T15:10:03.113936+00:00,-5.376344086021511,3.3333333333333437,-1.098901098901095,-9.999999999999998,0.8960000000000001,0.9525,1.0426,5.3413264380691095,4.302009641824871,39.97883601811591,-0.04699084864096914,-7.501186772312235e-05,-0.04691583677324602,5566796.1
299820,GUINEAINS,2026-07-17,0.87,0.87,53404202,2026-07-17T15:10:03.053983+00:00,-1.1363636363636354,-5.376344086021511,-3.3333333333333326,0.0,0.8960000000000001,0.946,1.0386000000000002,5.316411709701614,4.289968135497499,39.10658747017929,-0.04749250914370895,-0.00046133789637034517,-0.047031171247338605,8108976.4
