id,symbol,trade_date,open_price,close_price,volume,created_at,returns_pct,lag_return1,lag_return5,lag_return10,stock_MA_5,stock_MA_20,stock_MA_50,returns_volatility_20,returns_volatility_50,stock_RSI,MACD,MACD_hist,MACD_signal,stock_volume_MA_20
178368,TRANSCORP,2022-07-25,1.15,1.15,5433024,2026-04-08T03:54:15.900169+00:00,-3.361344537815125,-0.8333333333333304,-1.6129032258064502,0.8064516129032251,1.1960000000000002,1.233,1.2624000000000002,1.7121019074209438,3.421880383654641,38.54962609398057,-0.02062954017902685,-0.00820689629512035,-0.0124226438839065,9912157.55
178481,TRANSCORP,2022-07-26,1.06,1.06,15400158,2026-04-08T03:54:18.382379+00:00,-7.826086956521728,-3.361344537815125,0.0,2.400000000000002,1.164,1.222,1.2594,2.361714429137563,3.5411481520123145,29.599120651411884,-0.031411801068701894,-0.015191325747836312,-0.016220475320865582,10142976.8
178594,TRANSCORP,2022-07-27,1.01,1.01,23271775,2026-04-08T03:54:20.730044+00:00,-4.716981132075471,-7.826086956521728,0.0,-3.90625,1.1219999999999999,1.2100000000000002,1.2554,2.493422238039203,3.5980120169435716,25.988945828940803,-0.0434900761125363,-0.021815680633336575,-0.021674395479199728,10990761.4
178707,TRANSCORP,2022-07-28,1.02,1.02,38529306,2026-04-08T03:54:23.385493+00:00,0.990099009900991,-4.716981132075471,-1.6393442622950838,2.4390243902439046,1.086,1.1985000000000001,1.25,2.524581521374309,3.463023153205013,27.883464790493935,-0.05165977791482779,-0.023988305948502445,-0.027671471966325342,12461527.35
178820,TRANSCORP,2022-07-29,1.12,1.12,6595332,2026-04-08T03:54:25.692024+00:00,9.80392156862746,0.990099009900991,-0.8333333333333304,-1.5873015873015928,1.072,1.193,1.2466000000000002,3.4831399919943196,3.7521654282051777,43.46764965575245,-0.0494946180401008,-0.01745851685902037,-0.03203610118108043,11201334.1
178933,TRANSCORP,2022-08-01,1.17,1.17,6986052,2026-04-08T03:54:30.144665+00:00,4.464285714285698,9.80392156862746,-3.361344537815125,-1.6129032258064502,1.076,1.189,1.242,3.6253853238069835,3.5999200676931995,49.3601101344246,-0.04324562249106845,-0.008967617047990414,-0.03427800544307803,11234746.95
179046,TRANSCORP,2022-08-02,1.17,1.17,3139434,2026-04-08T03:54:32.509592+00:00,0.0,4.464285714285698,-7.826086956521728,0.0,1.098,1.186,1.237,3.6120823336253824,3.5916232947062765,49.3601101344246,-0.037856858200618015,-0.002863082206031986,-0.03499377599458603,11160483.65
179159,TRANSCORP,2022-08-03,1.17,1.17,2439363,2026-04-08T03:54:34.924873+00:00,0.0,0.0,-4.716981132075471,0.0,1.1300000000000001,1.183,1.2338,3.6120823336253824,3.4852812008805456,49.360110134424595,-0.033203474688719536,0.0014322410446931944,-0.03463571573341273,9958887.25
179272,TRANSCORP,2022-08-04,1.15,1.15,11154685,2026-04-08T03:54:37.32089+00:00,-1.7094017094017144,0.0,0.990099009900991,-1.6393442622950838,1.156,1.1785,1.232,3.6193082461955397,3.3619090954328192,46.91699536303357,-0.03077471581542346,0.0030887999343914216,-0.03386351574981488,10259314.75
179385,TRANSCORP,2022-08-05,1.15,1.15,8720111,2026-04-08T03:54:40.805957+00:00,0.0,-1.7094017094017144,9.80392156862746,-0.8333333333333304,1.162,1.174,1.2289999999999999,3.6193082461955397,3.2857605068324505,46.91699536303357,-0.028521133042152425,0.004273906166129965,-0.03279503920828239,9441606.85
179498,TRANSCORP,2022-08-08,1.08,1.08,3998194,2026-04-08T03:54:45.81173+00:00,-6.0869565217391175,0.0,4.464285714285698,-3.361344537815125,1.144,1.1655,1.2246000000000001,3.8290977046932237,3.389617216760564,39.06781538513222,-0.03201452394010662,0.0006244122145406192,-0.03263893615464724,8863944.65
179611,TRANSCORP,2022-08-09,1.12,1.12,1160659,2026-04-08T03:54:48.637408+00:00,3.703703703703698,-6.0869565217391175,0.0,-7.826086956521728,1.134,1.1575,1.2228,3.894455243556553,3.2986910330026356,44.75543197883686,-0.031195790040325688,0.0011545168914572426,-0.03235030693178293,8878679.25
179724,TRANSCORP,2022-08-10,1.1,1.1,1705846,2026-04-08T03:54:51.561754+00:00,-1.7857142857142905,3.703703703703698,0.0,-4.716981132075471,1.1199999999999999,1.1510000000000002,1.2207999999999999,3.8278272019350137,3.3057762691328256,42.613594940436016,-0.0317942658733712,0.00044483284672938717,-0.032239098720100584,8749085.55
179837,TRANSCORP,2022-08-11,1.1,1.1,5181299,2026-04-08T03:54:54.196076+00:00,0.0,-1.7857142857142905,-1.7094017094017144,0.990099009900991,1.11,1.143,1.2174,3.7680554627355214,3.1923541053179743,42.613594940436016,-0.031900829379337026,0.0002706154726108481,-0.032171444851947874,8399053.5
179950,TRANSCORP,2022-08-12,1.07,1.07,6641538,2026-04-08T03:54:57.115593+00:00,-2.7272727272727337,0.0,0.0,9.80392156862746,1.094,1.1344999999999998,1.2128,3.792163993823176,3.188917679652986,39.338533423360595,-0.0340139394836767,-0.0014739957053830632,-0.03253994377829364,8074298.7
180063,TRANSCORP,2022-08-15,1.08,1.08,12741555,2026-04-08T03:55:01.874457+00:00,0.9345794392523477,-2.7272727272727337,-6.0869565217391175,4.464285714285698,1.094,1.1275,1.21,3.8014872937473907,3.0808663076858283,40.96718509618405,-0.03448416603854487,-0.001555377808200982,-0.03292878823034389,8543763.85
180176,TRANSCORP,2022-08-16,1.08,1.08,10186259,2026-04-08T03:55:04.540652+00:00,0.0,0.9345794392523477,3.703703703703698,0.0,1.0859999999999999,1.1205,1.2066,3.8014872937473907,3.0571344502409086,40.967185096184046,-0.03445959520787434,-0.0012246455820243557,-0.03323494962584998,8842469.25
180289,TRANSCORP,2022-08-17,1.08,1.08,4874063,2026-04-08T03:55:07.214991+00:00,0.0,0.0,-1.7857142857142905,0.0,1.082,1.1135000000000002,1.2022,3.8014872937473907,2.9954600395523343,40.96718509618405,-0.03404764261737325,-0.0006501543932186105,-0.03339748822415464,8881416.85
180402,TRANSCORP,2022-08-18,1.06,1.06,2259055,2026-04-08T03:55:09.916723+00:00,-1.851851851851849,0.0,0.0,-1.7094017094017144,1.074,1.1065,1.1978,3.8050185871728033,2.9983744097256433,38.392379860223016,-0.034932322010942096,-0.001227867029429966,-0.03370445498151213,8678119.15
180515,TRANSCORP,2022-08-19,1.07,1.07,4045894,2026-04-08T03:55:12.400686+00:00,0.9433962264151052,-1.851851851851849,-2.7272727272727337,0.0,1.0740000000000003,1.1005,1.1938,3.818774237172552,3.003025140685284,40.40908767711256,-0.034429636954496745,-0.0005801455783876891,-0.033849491376109056,8723180.1
180628,TRANSCORP,2022-08-22,1.05,1.05,9230842,2026-04-08T03:55:17.568382+00:00,-1.869158878504673,0.9433962264151052,0.9345794392523477,-6.0869565217391175,1.068,1.0955,1.1896,3.773439852697208,3.010509070909213,37.74766805015634,-0.03523887644640422,-0.001111508056236131,-0.03412736839016809,8913071.0
180741,TRANSCORP,2022-08-23,1.03,1.03,5661190,2026-04-08T03:55:19.990422+00:00,-1.904761904761909,-1.869158878504673,0.0,3.703703703703698,1.058,1.0939999999999999,1.1856,3.3697158611658127,3.0046029663598075,35.24761766027824,-0.037066754949221625,-0.002351509247242825,-0.0347152457019788,8426122.6
180854,TRANSCORP,2022-08-24,1.04,1.04,2135815,2026-04-08T03:55:23.644905+00:00,0.9708737864077666,-1.904761904761909,0.0,-1.7857142857142905,1.0500000000000003,1.0955,1.1804,3.1941601212831996,2.883924254057656,37.477339921598244,-0.03727871953177986,-0.002050779063840845,-0.03522794046793901,7369324.6
180967,TRANSCORP,2022-08-25,1.04,1.04,8494408,2026-04-08T03:55:26.062264+00:00,0.0,0.9708737864077666,-1.851851851851849,0.0,1.046,1.0965,1.1747999999999998,3.1888369820581195,2.870947108371008,37.477339921598244,-0.037019959936555935,-0.0014336155748935347,-0.0355863443616624,5867579.7
181080,TRANSCORP,2022-08-26,1.04,1.04,6974602,2026-04-08T03:55:28.378019+00:00,0.0,0.0,0.9433962264151052,-2.7272727272727337,1.04,1.0925,1.1680000000000001,2.237377270582803,2.7805498130800075,37.477339921598244,-0.036395348174639075,-0.000647203050381337,-0.03574814512425774,5886543.2
181193,TRANSCORP,2022-08-29,1.04,1.04,5558143,2026-04-08T03:55:33.185942+00:00,0.0,0.0,-1.869158878504673,0.9345794392523477,1.038,1.0859999999999999,1.1626,1.93440358368594,2.7027458135842344,37.477339921598244,-0.03549121818254308,0.00020554155337172697,-0.03569675973591481,5815147.75
181306,TRANSCORP,2022-08-30,1.04,1.04,1327261,2026-04-08T03:55:35.909469+00:00,0.0,0.0,-1.904761904761909,0.0,1.04,1.0795000000000001,1.158,1.93440358368594,2.6765112694050543,37.477339921598244,-0.03437839590175518,0.0010546910673277093,-0.035433086969082886,5724539.1
181419,TRANSCORP,2022-08-31,1.13,1.13,6901182,2026-04-08T03:55:38.363566+00:00,8.653846153846146,0.0,0.9708737864077666,0.0,1.058,1.0775000000000001,1.1547999999999998,2.8292766813593087,2.9540016620661125,56.8485372984132,-0.025935262822485372,0.0075982593172780125,-0.033533522139763385,5947630.05
181532,TRANSCORP,2022-09-01,1.05,1.05,3742691,2026-04-08T03:55:40.868139+00:00,-7.079646017699104,8.653846153846146,0.0,-1.851851851851849,1.06,1.0725000000000002,1.1504,3.214959220929225,3.1044024054367827,43.844774918690554,-0.025406480349296823,0.006501633432373255,-0.03190811378167008,5577030.35
181645,TRANSCORP,2022-09-02,1.1,1.1,1323585,2026-04-08T03:55:43.232165+00:00,4.761904761904767,-7.079646017699104,0.0,0.9433962264151052,1.0719999999999998,1.0699999999999998,1.1474000000000002,3.4165378917952585,3.181064801349366,51.337037282706845,-0.02071405555863004,0.008955246578432031,-0.02966930213706207,5207204.05
181758,TRANSCORP,2022-09-05,1.09,1.09,5484731,2026-04-08T03:55:48.110555+00:00,-0.909090909090915,4.761904761904767,0.0,-1.869158878504673,1.082,1.0705,1.1434,3.128348042037958,3.144137041322804,49.902988136433464,-0.017599317553878446,0.009655987666546902,-0.02725530522042535,5281530.9
181871,TRANSCORP,2022-09-06,1.08,1.08,13233171,2026-04-08T03:55:50.526892+00:00,-0.9174311926605561,-0.909090909090915,0.0,-1.904761904761909,1.09,1.0685,1.1394,3.0162005066349065,3.144650863227873,48.44560968750013,-0.015756154529598554,0.009199320552661438,-0.024955475082259992,5885156.5
181984,TRANSCORP,2022-09-07,1.08,1.08,2277832,2026-04-08T03:55:53.051287+00:00,0.0,-0.9174311926605561,8.653846153846146,0.9708737864077666,1.08,1.0675,1.1360000000000001,2.991216238978284,3.130867908042876,48.445609687500124,-0.014132523618500592,0.00865836117100752,-0.022790884789508113,5913755.8
182097,TRANSCORP,2022-09-08,1.1,1.1,30967084,2026-04-08T03:55:55.74031+00:00,1.85185185185186,0.0,-7.079646017699104,0.0,1.09,1.0675000000000001,1.133,3.02134679196541,3.144739200176019,51.71634424021587,-0.011103952122700322,0.00934954613344623,-0.020453498256146552,7203045.05
182210,TRANSCORP,2022-09-09,1.07,1.07,6390331,2026-04-08T03:55:58.848563+00:00,-2.7272727272727337,1.85185185185186,4.761904761904767,0.0,1.084,1.0675000000000001,1.1298,3.02134679196541,3.1589368619929132,46.90893434423284,-0.010997761325447053,0.007564589544559599,-0.018562350870006652,7190484.7
182323,TRANSCORP,2022-09-12,1.08,1.08,4382113,2026-04-08T03:56:03.370953+00:00,0.9345794392523477,-2.7272727272727337,-0.909090909090915,0.0,1.082,1.0675000000000001,1.1264,3.02134679196541,3.1521531686987005,48.62333633560241,-0.009991511996255031,0.006856671099001298,-0.01684818309525633,6772512.6
182436,TRANSCORP,2022-09-13,1.07,1.07,16249437,2026-04-08T03:56:05.83654+00:00,-0.92592592592593,0.9345794392523477,-0.9174311926605561,0.0,1.08,1.067,1.1232,3.029122142639658,3.147671916245853,46.98925211608488,-0.009886997427842381,0.00556894853393116,-0.015455945961773541,7075671.5
182549,TRANSCORP,2022-09-14,1.08,1.08,1551447,2026-04-08T03:56:08.091672+00:00,0.9345794392523477,-0.92592592592593,0.0,8.653846153846146,1.08,1.067,1.1201999999999999,3.036377900175419,3.151838484401525,48.840813005164726,-0.008894719661389772,0.005248981040307016,-0.014143700701696788,6909540.7
182662,TRANSCORP,2022-09-16,1.05,1.05,1769862,2026-04-08T03:56:11.4683+00:00,-2.777777777777779,0.9345794392523477,1.85185185185186,-7.079646017699104,1.07,1.0665,1.1164,3.073624867273638,3.1688823026543376,43.88826782881354,-0.010409092127429576,0.002987686859413771,-0.013396778986843346,6885081.05
182775,TRANSCORP,2022-09-19,1.05,1.05,1496905,2026-04-08T03:56:15.923342+00:00,0.0,-2.777777777777779,-2.7272727272727337,4.761904761904767,1.066,1.0655000000000001,1.1126,3.0655648303585785,3.1688823026543376,43.88826782881353,-0.011476944149227952,0.0015358678700923157,-0.013012812019320268,6757631.6
182888,TRANSCORP,2022-09-20,1.06,1.06,3397600,2026-04-08T03:56:18.184056+00:00,0.952380952380949,0.0,0.9345794392523477,-0.909090909090915,1.062,1.066,1.1088,3.0422845364295257,3.169973433615394,46.00491233563485,-0.011385068164605716,0.0013021950837716432,-0.01268726324837736,6465969.5
183001,TRANSCORP,2022-09-21,1.07,1.07,2950678,2026-04-08T03:56:20.42724+00:00,0.9433962264151052,0.952380952380949,-0.92592592592593,-0.9174311926605561,1.062,1.068,1.1046,3.0104455050843755,3.1514775725531337,48.112761310096,-0.01038562039130242,0.0018413142856599542,-0.012226934676962373,6330443.9
183114,TRANSCORP,2022-09-22,1.05,1.05,1852060,2026-04-08T03:56:22.767495+00:00,-1.869158878504673,0.9433962264151052,0.9345794392523477,0.0,1.056,1.0685,1.101,3.040654065209769,3.1170090728876163,44.38113359336251,-0.011079664211177898,0.0009178163726275817,-0.01199748058380548,6316256.15
183227,TRANSCORP,2022-09-23,1.05,1.05,11149237,2026-04-08T03:56:25.066978+00:00,0.0,-1.869158878504673,-2.777777777777779,1.85185185185186,1.056,1.0690000000000002,1.0968,3.040654065209769,3.0927593444354065,44.38113359336251,-0.01149716675710688,0.00040025106135888056,-0.01189741781846576,6448997.6
183340,TRANSCORP,2022-09-26,1.04,1.04,5923414,2026-04-08T03:56:29.379703+00:00,-0.952380952380949,0.0,0.0,-2.7272727272727337,1.054,1.0690000000000002,1.0928,3.0496036923401695,3.0887401867247286,42.47097414592894,-0.012490968845716877,-0.0004748408218008919,-0.012016128023915985,6396438.2
183453,TRANSCORP,2022-09-28,1.02,1.02,6195640,2026-04-08T03:56:32.717753+00:00,-1.9230769230769273,-0.952380952380949,0.952380952380949,0.9345794392523477,1.046,1.068,1.0888,3.0812073288796213,3.0917310327952885,38.86787125240811,-0.014722683087838861,-0.0021652440511383004,-0.012557439036700561,6428313.05
183566,TRANSCORP,2022-09-29,1.03,1.03,9466356,2026-04-08T03:56:35.489047+00:00,0.9803921568627416,-1.9230769230769273,0.9433962264151052,-0.92592592592593,1.0379999999999998,1.0675000000000001,1.085,3.089872325402132,3.096848331748579,41.53847391551043,-0.015505676490209952,-0.002358589962807512,-0.01314708652740244,6835267.8
183679,TRANSCORP,2022-09-30,1.1,1.1,14274475,2026-04-08T03:56:37.947618+00:00,6.796116504854366,0.9803921568627416,-1.869158878504673,0.9345794392523477,1.048,1.066,1.0826,2.8331840955475105,3.2550033412063484,56.0215898541391,-0.010358384409558274,0.0022309616942753335,-0.012589346103833608,7203932.45
183792,TRANSCORP,2022-10-05,1.04,1.04,7154863,2026-04-08T03:56:44.538147+00:00,-5.454545454545457,6.796116504854366,0.0,-2.777777777777779,1.046,1.0655,1.0794000000000001,2.6390132368712087,3.3342514615034546,45.59490849922429,-0.010993886233439998,0.0012763678963148874,-0.012270254129754885,7374541.05
183906,TRANSCORP,2022-10-06,1.05,1.05,13207268,2026-04-08T03:56:46.932693+00:00,0.9615384615384581,-5.454545454545457,-0.952380952380949,0.0,1.048,1.0630000000000002,1.0766,2.403238394731067,3.3373034996517177,47.35361222300988,-0.010568779272282613,0.0013611798859778177,-0.011929959158260431,7968725.2
184020,TRANSCORP,2022-10-07,1.05,1.05,13520902,2026-04-08T03:56:49.334037+00:00,0.0,0.9615384615384581,-1.9230769230769273,0.952380952380949,1.054,1.0610000000000002,1.0746,2.3978133186136303,3.3059452350826017,47.35361222300989,-0.010115276333799939,0.0014517462595683948,-0.011567022593368333,8370533.75
184134,TRANSCORP,2022-10-11,1.05,1.05,9608445,2026-04-08T03:56:55.029281+00:00,0.0,0.0,0.9803921568627416,0.9433962264151052,1.0580000000000003,1.0595,1.0744,2.391319972031353,3.113747183748718,47.3536122230099,-0.009644693959389716,0.001537862907182894,-0.01118255686657261,8189297.45
184248,TRANSCORP,2022-10-12,1.05,1.05,2548830,2026-04-08T03:56:58.300033+00:00,0.0,0.0,6.796116504854366,-1.869158878504673,1.048,1.0580000000000003,1.0752,2.391319972031353,3.037580628996591,47.3536122230099,-0.00916609302263649,0.0016131710751488976,-0.010779264097785388,8202847.35
184362,TRANSCORP,2022-10-13,1.05,1.05,2790179,2026-04-08T03:57:00.825788+00:00,0.0,0.0,-5.454545454545457,0.0,1.05,1.0554999999999999,1.0758,2.346639673627265,3.0350334929223357,47.35361222300989,-0.00868666387819883,0.001674080175669248,-0.010360744053868078,6794002.1
184476,TRANSCORP,2022-10-14,1.05,1.05,4427769,2026-04-08T03:57:03.298348+00:00,0.0,0.0,0.9615384615384581,-0.952380952380949,1.05,1.0545,1.0744,2.2704428955376583,2.69288019550209,47.35361222300989,-0.008212049433090174,0.0017189556966223235,-0.009931005129712497,6695874.0
184590,TRANSCORP,2022-10-17,1.05,1.05,4081975,2026-04-08T03:57:07.885609+00:00,0.0,0.0,0.0,-1.9230769230769273,1.05,1.053,1.072,2.258263970742585,2.611449324715177,47.3536122230099,-0.007746615899935527,0.0017475113838215754,-0.009494127283757103,6680867.1
184704,TRANSCORP,2022-10-18,1.07,1.07,5472056,2026-04-08T03:57:10.303346+00:00,1.904761904761898,0.0,0.0,0.9803921568627416,1.0539999999999998,1.0530000000000002,1.07,2.293312013673862,2.628013446168768,52.51141944533887,-0.005698237879373513,0.0030367115235068708,-0.008734949402880384,6141998.05
184818,TRANSCORP,2022-10-19,1.08,1.08,5443661,2026-04-08T03:57:12.819589+00:00,0.9345794392523477,1.904761904761898,0.0,6.796116504854366,1.06,1.0530000000000002,1.0682,2.293312013673862,2.6323847916443004,54.891072884426215,-0.00323072532332791,0.00440337926364198,-0.007634104586969889,6336608.75
184932,TRANSCORP,2022-10-20,1.06,1.06,3955217,2026-04-08T03:57:15.111185+00:00,-1.851851851851849,0.9345794392523477,0.0,-5.454545454545457,1.062,1.0535,1.0664,2.242540992834061,2.6342097204293755,49.54384256692674,-0.0028561132030830994,0.0038223931071094328,-0.006678506310192532,6445876.5
185046,TRANSCORP,2022-10-21,1.09,1.09,3075466,2026-04-08T03:57:17.499968+00:00,2.8301886792452935,-1.851851851851849,0.0,0.9615384615384581,1.07,1.0554999999999999,1.0652000000000001,2.325576168751131,2.6672392546592993,56.40421394235334,-0.00013690298690183234,0.00523328265863256,-0.005370185645534392,6524804.55
185160,TRANSCORP,2022-10-24,1.05,1.05,11352494,2026-04-08T03:57:21.686266+00:00,-3.669724770642202,2.8301886792452935,0.0,0.0,1.07,1.0550000000000002,1.0646,2.473170985981939,2.5763572154459533,47.19091307720155,-0.0011957906752282366,0.0033395159762449247,-0.004535306651473161,6922549.25
185274,TRANSCORP,2022-10-26,1.07,1.07,3489165,2026-04-08T03:57:24.913682+00:00,1.904761904761898,-3.669724770642202,1.904761904761898,0.0,1.07,1.0550000000000002,1.0636,2.5020242126141348,2.5354730121649163,51.460209302020836,-0.0004163346968488746,0.0032951775636994294,-0.003711512260548304,6949473.6
185388,TRANSCORP,2022-10-27,1.07,1.07,8978350,2026-04-08T03:57:27.260544+00:00,0.0,1.904761904761898,0.9345794392523477,0.0,1.068,1.056,1.063,2.4619563884126094,2.5232166437504686,51.460209302020836,0.00019909474144652606,0.003128485601595864,-0.002929390860149338,7305788.1
185502,TRANSCORP,2022-10-28,1.05,1.05,9136792,2026-04-08T03:57:29.835926+00:00,-1.869158878504673,0.0,-1.851851851851849,0.0,1.066,1.0559999999999998,1.062,2.5020242126141348,2.5366592341317475,47.0489096400372,-0.000916441678594726,0.0016103593452436895,-0.0025268010238384156,7205165.85
185616,TRANSCORP,2022-10-31,1.07,1.07,19036422,2026-04-08T03:57:34.21591+00:00,1.904761904761898,-1.869158878504673,2.8301886792452935,0.0,1.062,1.0574999999999999,1.062,2.5244725825964647,2.5218643695998657,51.5240439942542,-0.0001845520740277884,0.0018737991598485018,-0.0020583512338762902,7860816.25
185730,TRANSCORP,2022-11-01,1.07,1.07,15219833,2026-04-08T03:57:36.609373+00:00,0.0,1.904761904761898,-3.669724770642202,0.0,1.066,1.06,1.0618,2.476626723973442,2.518491084325855,51.5240439942542,0.00039096886486689186,0.0019594560789945458,-0.001568487214127654,8312025.9
185844,TRANSCORP,2022-11-02,1.05,1.05,5257553,2026-04-08T03:57:39.066556+00:00,-1.869158878504673,0.0,1.904761904761898,1.904761904761898,1.062,1.061,1.0612000000000001,2.5151879208772274,2.532509600290705,46.924640683729635,-0.0007580214977069843,0.0006483725731365358,-0.0014063940708435201,8101585.75
185958,TRANSCORP,2022-11-03,1.04,1.04,16068124,2026-04-08T03:57:41.442199+00:00,-0.952380952380949,-1.869158878504673,0.0,0.9345794392523477,1.056,1.058,1.0604,1.971767628352363,2.5358957743691586,44.772561813321765,-0.00244730999832532,-0.0008327327419854398,-0.0016145772563398802,8191268.2
186072,TRANSCORP,2022-11-04,1.06,1.06,9260200,2026-04-08T03:57:43.70904+00:00,1.9230769230769162,-0.952380952380949,-1.869158878504673,-1.851851851851849,1.058,1.0590000000000002,1.0604,1.6050888021108443,2.5371735851487305,49.73752233805685,-0.0021474954617917152,-0.00042633456436146793,-0.0017211608974302473,8296535.05
186186,TRANSCORP,2022-11-08,1.05,1.05,17352014,2026-04-08T03:57:49.123122+00:00,-0.9433962264150941,1.9230769230769162,1.904761904761898,2.8301886792452935,1.0539999999999998,1.0590000000000002,1.06,1.6082635142370447,2.5373620995794477,47.44100630430715,-0.0026858459478489305,-0.0007717480403349464,-0.0019140979075139841,8503772.35
186300,TRANSCORP,2022-11-09,1.05,1.05,8151831,2026-04-08T03:57:51.464602+00:00,0.0,-0.9433962264150941,0.0,-3.669724770642202,1.05,1.059,1.06,1.6082635142370447,2.523087607267438,47.44100630430715,-0.003077022585667555,-0.0009303397425228566,-0.002146682843144698,8235318.8
186414,TRANSCORP,2022-11-10,1.06,1.06,36763788,2026-04-08T03:57:54.291842+00:00,0.952380952380949,0.0,-1.869158878504673,1.904761904761898,1.052,1.0595,1.0606,1.621920966231112,2.5106769799872724,50.112454975898395,-0.002550713426286988,-0.00032322446651383147,-0.0022274889597731565,9593085.95
186528,TRANSCORP,2022-11-11,1.08,1.08,28158496,2026-04-08T03:57:56.704911+00:00,1.8867924528301883,0.952380952380949,-0.952380952380949,0.0,1.06,1.061,1.0614000000000001,1.6723402293390406,2.5205713221997557,55.034993587584104,-0.0005138533905755249,0.0013709084553581053,-0.0018847618459336302,10873569.25
186642,TRANSCORP,2022-11-14,1.1,1.1,10679983,2026-04-08T03:58:01.331373+00:00,1.85185185185186,1.8867924528301883,1.9230769230769162,-1.869158878504673,1.068,1.0635000000000001,1.0626,1.7140931173323783,2.5325530006740373,59.35414065380714,0.0026832745962706017,0.0036544291537633855,-0.0009711545574927839,11268059.45
186756,TRANSCORP,2022-11-15,1.11,1.11,11307300,2026-04-08T03:58:03.6444+00:00,0.9090909090909038,1.85185185185186,-0.9433962264150941,1.904761904761898,1.08,1.0665,1.064,1.7192478592110365,2.53476455578556,61.35305064181521,0.005955289120480378,0.00554115494237853,0.0004141341781018486,11612036.0
186870,TRANSCORP,2022-11-16,1.1,1.1,2996084,2026-04-08T03:58:06.118311+00:00,-0.9009009009009028,0.9090909090909038,0.0,0.0,1.09,1.0690000000000002,1.0652,1.7389986628645675,2.539135029728497,58.2671267268389,0.007653245922975449,0.00579128939589888,0.0018619565270765687,11557741.45
186984,TRANSCORP,2022-11-17,1.1,1.1,10654607,2026-04-08T03:58:08.47049+00:00,0.0,-0.9009009009009028,0.952380952380949,-1.869158878504673,1.098,1.0705,1.0664,1.6950503805730919,2.539135029728497,58.267126726838896,0.008896337481363537,0.005627504763429574,0.0032688327179339624,11816869.0
187098,TRANSCORP,2022-11-18,1.11,1.11,24360687,2026-04-08T03:58:10.955275+00:00,0.9090909090909038,0.0,1.8867924528301883,-0.952380952380949,1.104,1.072,1.066,1.6944405375341927,2.2263504315505553,60.567371968666265,0.010566607648404336,0.005838219944376298,0.004728387704028038,12762720.3
187212,TRANSCORP,2022-11-21,1.13,1.13,35240424,2026-04-08T03:58:15.672507+00:00,1.8018018018017834,0.9090909090909038,1.85185185185186,1.9230769230769162,1.1099999999999999,1.0755000000000001,1.0676,1.6638476282177153,1.992963775354094,64.75189796703074,0.013350248290405764,0.006897488469102181,0.006452759821303583,14326980.65
187326,TRANSCORP,2022-11-22,1.15,1.15,10228303,2026-04-08T03:58:18.170118+00:00,1.7699115044247815,1.8018018018017834,0.9090909090909038,-0.9433962264150941,1.1179999999999999,1.0785,1.0686,1.5956009615562925,1.8946566602982404,68.36696304983849,0.016974465337097566,0.008417364412635187,0.00855710092446238,14684622.5
187440,TRANSCORP,2022-11-24,1.19,1.19,21791179,2026-04-08T03:58:21.692503+00:00,3.4782608695652195,1.7699115044247815,-0.9009009009009028,0.0,1.136,1.0855000000000001,1.0706,1.4589195252622322,1.9475201364726233,74.09038777858667,0.022811393617701237,0.011403434154591085,0.011407959463110151,15206556.75
187554,TRANSCORP,2022-11-25,1.19,1.19,3037688,2026-04-08T03:58:24.033539+00:00,0.0,3.4782608695652195,0.0,0.952380952380949,1.1540000000000001,1.0915,1.0728000000000002,1.4338174599574756,1.9411441081373297,74.09038777858669,0.027124526673812932,0.012573253768562224,0.014551272905250708,15183982.9
187668,TRANSCORP,2022-11-28,1.17,1.17,4550495,2026-04-08T03:58:28.532723+00:00,-1.6806722689075682,0.0,0.9090909090909038,1.8867924528301883,1.166,1.0965,1.0746,1.5142848510684583,1.9593664740295773,67.05503540874705,0.02859920896365753,0.011238348846725456,0.017360860116932074,14962590.15
187782,TRANSCORP,2022-11-29,1.17,1.17,34589996,2026-04-08T03:58:30.983113+00:00,0.0,-1.6806722689075682,1.8018018018017834,1.85185185185186,1.174,1.1025,1.0759999999999998,1.417659292780184,1.944545804972978,67.05503540874705,0.02942866991480475,0.00965424783829814,0.01977442207650661,16235250.35
187896,TRANSCORP,2022-11-30,1.19,1.19,4123032,2026-04-08T03:58:33.448849+00:00,1.7094017094017033,0.0,1.7699115044247815,0.9090909090909038,1.182,1.1085,1.0784000000000002,1.4084914510021873,1.9118990963591136,70.32324408003998,0.03133860462109039,0.009251346035667025,0.022087258585423368,15489580.85
188010,TRANSCORP,2022-12-01,1.18,1.18,7606680,2026-04-08T03:58:35.664261+00:00,-0.8403361344537785,1.7094017094017033,3.4782608695652195,-0.9009009009009028,1.1800000000000002,1.114,1.0804,1.4377491355609933,1.915037777842841,66.75730268582514,0.03168013631836719,0.007674302186355057,0.024005834132012134,15108923.2
188125,TRANSCORP,2022-12-02,1.17,1.17,8596136,2026-04-08T03:58:37.897027+00:00,-0.8474576271186418,-0.8403361344537785,0.0,0.0,1.1759999999999997,1.12,1.0824,1.3654644795229633,1.9141322297221552,63.300556322562784,0.030788970140240846,0.005426508806582967,0.02536246133365788,15275852.35
188239,TRANSCORP,2022-12-05,1.18,1.18,10461174,2026-04-08T03:58:42.456795+00:00,0.8547008547008517,-0.8474576271186418,-1.6806722689075682,0.9090909090909038,1.178,1.1270000000000002,1.0844,1.3197487178423386,1.9135370909876994,65.2389682589324,0.030537612363757294,0.004140120824079531,0.026397491539677763,14995504.85
188353,TRANSCORP,2022-12-06,1.19,1.19,36614367,2026-04-08T03:58:44.756119+00:00,0.8474576271186418,0.8547008547008517,0.0,1.8018018018017834,1.182,1.1335,1.0872000000000002,1.286273997582664,1.8667005679511746,67.10981248303543,0.030790393452110765,0.0035143215299464,0.027276071922164365,16363213.2
188467,TRANSCORP,2022-12-07,1.17,1.17,3086463,2026-04-08T03:58:47.196669+00:00,-1.6806722689075682,0.8474576271186418,1.7094017094017033,1.7699115044247815,1.178,1.1395,1.0896,1.3418346973911954,1.8866437600117074,60.13853323193439,0.029042112043246693,0.0014128320968658584,0.027629279946380834,15649935.65
188581,TRANSCORP,2022-12-08,1.17,1.17,12887399,2026-04-08T03:58:49.52806+00:00,0.0,-1.6806722689075682,-0.8403361344537785,3.4782608695652195,1.1759999999999997,1.1455,1.0918,1.3418346973911954,1.8840491721343058,60.13853323193439,0.027341411656891745,-0.00023029463159127475,0.02757170628848302,15886714.05
188695,TRANSCORP,2022-12-09,1.17,1.17,4061477,2026-04-08T03:58:51.902427+00:00,0.0,0.0,-0.8474576271186418,0.0,1.1759999999999997,1.151,1.0938,1.3437398025985834,1.881327504834163,60.13853323193438,0.02569737105040959,-0.0014994681904587463,0.027196839240868336,14251598.5
188809,TRANSCORP,2022-12-12,1.15,1.15,3200119,2026-04-08T03:58:56.156124+00:00,-1.7094017094017144,0.0,0.8547008547008517,-1.6806722689075682,1.17,1.1545,1.0957999999999999,1.388738506146007,1.877880868390883,53.23209596951166,0.022521015919400478,-0.003740658657174288,0.026261674576574766,13003679.65
188923,TRANSCORP,2022-12-13,1.13,1.13,3438794,2026-04-08T03:58:58.485404+00:00,-1.7391304347826098,-1.7094017094017144,0.8474576271186418,0.0,1.158,1.156,1.0974000000000002,1.4126848126240152,1.897650253264051,47.37316568828023,0.01818032724502716,-0.006465077865238082,0.024645405110265244,12641620.2
189037,TRANSCORP,2022-12-14,1.14,1.14,965098,2026-04-08T03:59:00.851945+00:00,0.8849557522123908,-1.7391304347826098,-1.6806722689075682,1.7094017094017033,1.152,1.1575,1.0994000000000002,1.4120070482513196,1.8933651180740725,50.31760095014383,0.015370040366301296,-0.007420291795171157,0.022790332161472453,12124510.1
189151,TRANSCORP,2022-12-15,1.15,1.15,1802763,2026-04-08T03:59:03.086647+00:00,0.8771929824561431,0.8849557522123908,0.0,-0.8403361344537785,1.1480000000000001,1.16,1.102,1.3987452128677398,1.8705225546324722,53.14100122033412,0.013790812294748767,-0.00719961589337895,0.020990428188127717,12064844.05
189265,TRANSCORP,2022-12-16,1.14,1.14,716238,2026-04-08T03:59:05.5442+00:00,-0.8695652173913104,0.8771929824561431,0.0,-0.8474576271186418,1.142,1.162,1.1042,1.4196861070399793,1.8742200529989352,50.076308858582955,0.01159864429231039,-0.007513427116653863,0.019112071408964253,11567925.6
189379,TRANSCORP,2022-12-19,1.14,1.14,1435159,2026-04-08T03:59:09.806719+00:00,0.0,-0.8695652173913104,-1.7094017094017144,0.8547008547008517,1.14,1.1634999999999998,1.105,1.4099126005209548,1.6162793044972714,50.076308858582955,0.009748955466555964,-0.007490492753926631,0.017239448220482595,10421649.2
189493,TRANSCORP,2022-12-20,1.14,1.14,904817,2026-04-08T03:59:12.630732+00:00,0.0,0.0,-1.7391304347826098,0.8474576271186418,1.142,1.164,1.107,1.354817491611758,1.4050792516246444,50.07630885858296,0.008188669857015718,-0.007240622690773503,0.015429292547789221,8704868.85
189607,TRANSCORP,2022-12-21,1.14,1.14,1125447,2026-04-08T03:59:14.990319+00:00,0.0,0.0,0.8849557522123908,-1.6806722689075682,1.142,1.1635,1.1088,1.2931504807362069,1.4009262170977546,50.076308858582955,0.006872905691626574,-0.006845109484930117,0.013718015176556691,8249726.05
189721,TRANSCORP,2022-12-22,1.13,1.13,4910539,2026-04-08T03:59:17.229229+00:00,-0.8771929824561431,0.0,0.8771929824561431,0.0,1.138,1.1604999999999999,1.1103999999999998,1.0048216480311833,1.408623976053001,46.47149741209028,0.0049659918219724375,-0.007001618683667403,0.01196761050563984,7405694.05
189835,TRANSCORP,2022-12-23,1.14,1.14,3112727,2026-04-08T03:59:19.674012+00:00,0.8849557522123908,-0.8771929824561431,-0.8695652173913104,0.0,1.138,1.158,1.1122,1.0355875512578288,1.4121703307024507,50.32267157624857,0.004213099282249555,-0.006203608978712229,0.010416708260961784,7409446.0
189949,TRANSCORP,2022-12-28,1.14,1.14,4730102,2026-04-08T03:59:26.406492+00:00,0.0,0.8849557522123908,0.0,-1.7094017094017144,1.138,1.1564999999999999,1.114,0.9764055308524273,1.4121703307024507,50.32267157624857,0.003575213682384115,-0.005473195662862135,0.00904840934524625,7418426.35
190063,TRANSCORP,2022-12-30,1.13,1.13,7255198,2026-04-08T03:59:29.796579+00:00,-0.8771929824561431,0.0,0.0,-1.7391304347826098,1.136,1.1545,1.1156,0.9900886913834329,1.4198090863944282,46.44709775273456,0.0022369817886729315,-0.005449142045258655,0.0076861238339315865,6051686.45
190177,TRANSCORP,2023-01-04,1.13,1.13,32770095,2026-04-08T03:59:36.276207+00:00,0.0,-0.8771929824561431,0.0,0.8849557522123908,1.134,1.1515,1.1172,0.8878985090122524,1.4198090863944282,46.44709775273454,0.0011630168373191196,-0.005218485597289974,0.006381502434609093,7484039.6
190291,TRANSCORP,2023-01-05,1.16,1.16,5376742,2026-04-08T03:59:38.771807+00:00,2.6548672566371723,0.0,-0.8771929824561431,0.8771929824561431,1.14,1.1504999999999999,1.1194,1.0879699210026235,1.4628155150440763,57.76437327578131,0.0027014999456620448,-0.0029440019911576394,0.005645501936819684,7372542.7
190405,TRANSCORP,2023-01-06,1.17,1.17,7891448,2026-04-08T03:59:41.229635+00:00,0.8620689655172376,2.6548672566371723,0.8849557522123908,-0.8695652173913104,1.146,1.1504999999999999,1.1214,1.091634936519266,1.445490697316798,60.74251129036365,0.004673798677889085,-0.000777362607144479,0.005451161285033564,7337308.3
190519,TRANSCORP,2023-01-09,1.17,1.17,4556265,2026-04-08T03:59:45.608271+00:00,0.0,0.8620689655172376,0.0,0.0,1.152,1.15,1.1232,1.0732217231835202,1.4416914378234726,60.742511290363645,0.006165784309372979,0.000571698419471532,0.005594085889901447,7042062.85
190633,TRANSCORP,2023-01-10,1.2,1.2,13009018,2026-04-08T03:59:47.862187+00:00,2.564102564102577,0.0,-0.8771929824561431,0.0,1.166,1.1504999999999999,1.1260000000000001,1.2078842470366093,1.45051463210032,68.47631975838388,0.009657615965841915,0.003250824060752374,0.006406791905089541,5861795.4
190747,TRANSCORP,2023-01-11,1.2,1.2,13417780,2026-04-08T03:59:50.211712+00:00,0.0,2.564102564102577,0.0,0.0,1.18,1.152,1.1281999999999999,1.1376556461713445,1.4025476242424404,68.4763197583839,0.012283323207054275,0.0047012250415717875,0.007582098165482488,6378361.25
190861,TRANSCORP,2023-01-12,1.19,1.19,6372308,2026-04-08T03:59:52.676239+00:00,-0.8333333333333304,0.0,2.6548672566371723,-0.8771929824561431,1.186,1.153,1.131,1.157855873082966,1.2960696365150612,63.63032280910309,0.013402799556072154,0.004656561112471732,0.008746238443600422,6052606.7
190975,TRANSCORP,2023-01-13,1.22,1.22,11704983,2026-04-08T03:59:55.073566+00:00,2.521008403361358,-0.8333333333333304,0.8620689655172376,0.8849557522123908,1.196,1.1555,1.1340000000000001,1.2783680666867767,1.3148352257791027,70.39838155475124,0.01652030610238442,0.006219254127027198,0.01030105197535722,6434782.0
191089,TRANSCORP,2023-01-17,1.21,1.21,4821401,2026-04-08T04:00:00.52991+00:00,-0.8196721311475419,2.521008403361358,0.0,0.0,1.204,1.1584999999999999,1.1368,1.2220358609532256,1.3233671837310355,65.99012318269625,0.017976810591918024,0.006140606893248643,0.011836203698669381,6515846.1
191203,TRANSCORP,2023-01-18,1.21,1.21,5861074,2026-04-08T04:00:02.930508+00:00,0.0,-0.8196721311475419,2.564102564102577,-0.8771929824561431,1.206,1.1625,1.14,1.1306299983588246,1.2880749950573755,65.99012318269624,0.01891308264962177,0.0056615031607619125,0.013251579488859858,6636960.1
191317,TRANSCORP,2023-01-19,1.21,1.21,4851683,2026-04-08T04:00:05.157464+00:00,0.0,0.0,0.0,0.0,1.208,1.166,1.1427999999999998,1.1258415346742427,1.2674091915028975,65.99012318269625,0.0194310954281689,0.004943612751447233,0.014487482676721666,6831289.35
191431,TRANSCORP,2023-01-20,1.23,1.23,4683848,2026-04-08T04:00:07.441529+00:00,1.6528925619834656,0.0,-0.8333333333333304,2.6548672566371723,1.216,1.17,1.146,1.1594730647346339,1.2821184200984617,70.59034104664035,0.021210950506197035,0.005378774263580292,0.015832176242616743,6975343.6
191545,TRANSCORP,2023-01-23,1.23,1.23,10573976,2026-04-08T04:00:11.934625+00:00,0.0,1.6528925619834656,2.521008403361358,0.8620689655172376,1.218,1.1745,1.1496,1.1274668819148266,1.244667185060187,70.59034104664035,0.02236370362423945,0.005225221905298165,0.017138481718941286,7468230.5
191659,TRANSCORP,2023-01-24,1.23,1.23,16647683,2026-04-08T04:00:14.448563+00:00,0.0,0.0,-0.8196721311475419,0.0,1.222,1.1789999999999998,1.1534,1.1274668819148266,1.2319502974192746,70.59034104664035,0.023012000755193274,0.0046988152290015905,0.018313185526191683,8228856.7
191773,TRANSCORP,2023-01-25,1.22,1.22,8751948,2026-04-08T04:00:16.660222+00:00,-0.8130081300813052,0.0,0.0,2.564102564102577,1.224,1.183,1.1566,1.15642465799865,1.2210760723139007,65.09207778509429,0.022459960037220172,0.0033174196088227893,0.019142540428397383,8621213.25
191887,TRANSCORP,2023-01-26,1.21,1.21,4045109,2026-04-08T04:00:19.02129+00:00,-0.8196721311475419,-0.8130081300813052,0.0,0.0,1.224,1.1864999999999999,1.1598,1.1835380251843002,1.2186510147640726,60.05462067169614,0.02097377474493678,0.0014649874532315157,0.019508787291705264,8767196.35
192001,TRANSCORP,2023-01-27,1.21,1.21,5383541,2026-04-08T04:00:21.366865+00:00,0.0,-0.8196721311475419,1.6528925619834656,-0.8333333333333304,1.2200000000000002,1.1905,1.163,1.1532897959379413,1.2186510147640726,60.05462067169614,0.019570367182663917,4.926391276692185e-05,0.019521103269896995,8790846.45
192115,TRANSCORP,2023-01-30,1.2,1.2,17122705,2026-04-08T04:00:26.318741+00:00,-0.8264462809917328,0.0,0.0,2.521008403361358,1.214,1.1934999999999998,1.1658,1.174710260220583,1.224906648860836,55.10843231822836,0.01745008641811796,-0.0016568134814232277,0.019106899899541188,9491345.35
192229,TRANSCORP,2023-01-31,1.23,1.23,8487742,2026-04-08T04:00:28.560212+00:00,2.5000000000000133,-0.8264462809917328,0.0,-0.8196721311475419,1.214,1.198,1.1688,1.2740328844651185,1.2444841538675693,64.54317404579346,0.017983198794406796,-0.0008989608841075136,0.01888215967851431,9679227.35
192343,TRANSCORP,2023-02-06,1.35,1.35,14171448,2026-04-08T04:00:36.14931+00:00,9.756097560975618,2.5000000000000133,-0.8130081300813052,0.0,1.2399999999999998,1.209,1.1738,2.420757394780237,1.8191413976975683,81.39077781523606,0.027768592265351888,0.007109146069470062,0.020659446195881826,10025039.85
192457,TRANSCORP,2023-02-07,1.36,1.36,15767888,2026-04-08T04:00:38.379875+00:00,0.7407407407407307,9.756097560975618,-0.8196721311475419,0.0,1.27,1.2205,1.1787999999999998,2.411590881899059,1.8183847702430964,82.15186525992986,0.035916480685433294,0.012205627591641174,0.02371085309379212,9174929.5
192571,TRANSCORP,2023-02-08,1.26,1.26,18684627,2026-04-08T04:00:40.736361+00:00,-7.352941176470596,0.7407407407407307,0.0,1.6528925619834656,1.28,1.2255,1.182,3.005817556491178,2.118411502878903,57.03230854675498,0.03391364134862607,0.008162230603867157,0.02575141074475891,9840323.75
192685,TRANSCORP,2023-02-09,1.3,1.3,3142398,2026-04-08T04:00:43.03687+00:00,3.1746031746031855,-7.352941176470596,-0.8264462809917328,0.0,1.3000000000000003,1.2319999999999998,1.186,3.066110406563292,2.1566591534292203,62.03315710032459,0.03514886817763885,0.00751796594630395,0.027630902231334898,9602871.25
192799,TRANSCORP,2023-02-10,1.29,1.29,2705734,2026-04-08T04:00:46.517744+00:00,-0.7692307692307665,3.1746031746031855,2.5000000000000133,0.0,1.312,1.238,1.1896,3.0784659025580563,2.1609498595054104,60.148420766410894,0.03491836078523991,0.005829966843124007,0.029088393942115903,9510344.7
192913,TRANSCORP,2023-02-13,1.29,1.29,2769905,2026-04-08T04:00:50.958429+00:00,0.0,-0.7692307692307665,9.756097560975618,-0.8130081300813052,1.3000000000000003,1.2425000000000002,1.1927999999999999,3.0426439035167787,2.150795542456137,60.148420766410894,0.034339833787944585,0.004201151876662944,0.03013868191128164,8998389.05
193027,TRANSCORP,2023-02-14,1.25,1.25,1366401,2026-04-08T04:00:53.400398+00:00,-3.100775193798455,0.0,0.7407407407407307,-0.8196721311475419,1.278,1.2449999999999999,1.1947999999999999,3.141781875450244,2.192189249755791,52.71797608643742,0.03030435156740907,0.00013253572490194016,0.03017181584250713,8395820.1
193141,TRANSCORP,2023-02-15,1.26,1.26,970138,2026-04-08T04:00:55.645789+00:00,0.8000000000000007,-3.100775193798455,-7.352941176470596,0.0,1.278,1.2485,1.1962000000000002,3.1333427363640896,2.142360314606793,54.23993151430662,0.027595021034882317,-0.0020614358460998537,0.02965645688098217,8125711.6
193255,TRANSCORP,2023-02-16,1.22,1.22,8392479,2026-04-08T04:00:58.043326+00:00,-3.1746031746031744,0.8000000000000007,3.1746031746031855,-0.8264462809917328,1.262,1.2485000000000002,1.1967999999999999,3.1823812198352854,2.192935377003501,47.634887792331995,0.021966969808145942,-0.0061515896582689834,0.028118559466414925,7960086.4
193369,TRANSCORP,2023-02-17,1.2,1.2,10491412,2026-04-08T04:01:00.355798+00:00,-1.6393442622950838,-3.1746031746031744,-0.7692307692307665,2.5000000000000133,1.244,1.248,1.1974,3.199367964878689,2.192268552547044,44.703629827008946,0.01571175053012608,-0.00992544714903108,0.025637197679157158,8243586.95
193483,TRANSCORP,2023-02-20,1.24,1.24,1695653,2026-04-08T04:01:04.633293+00:00,3.3333333333333437,-1.6393442622950838,0.0,9.756097560975618,1.234,1.2494999999999998,1.1987999999999999,3.284700873198875,2.2401359370709346,51.1748629283416,0.013822769608257124,-0.00945154245672003,0.023274312064977154,8035315.9
193597,TRANSCORP,2023-02-21,1.19,1.19,2364579,2026-04-08T04:01:06.910783+00:00,-4.032258064516137,3.3333333333333437,-3.100775193798455,0.7407407407407307,1.222,1.2485,1.1987999999999999,3.4169693531534753,2.304317808592252,44.21009618237152,0.00819667037194094,-0.012062113354428975,0.020258783726369915,7910960.7
193711,TRANSCORP,2023-02-22,1.24,1.24,12044725,2026-04-08T04:01:09.421576+00:00,4.201680672268915,-4.032258064516137,0.8000000000000007,-7.352941176470596,1.218,1.2489999999999999,1.2,3.5286839586167646,2.3748862626720992,51.34176150506849,0.007683952504491387,-0.010059864977502823,0.01774381748199421,8279004.55
193825,TRANSCORP,2023-02-23,1.25,1.25,6255119,2026-04-08T04:01:11.765387+00:00,0.8064516129032251,4.201680672268915,-3.1746031746031744,3.1746031746031855,1.224,1.25,1.2016,3.532100275468038,2.372559699779478,52.64556073152404,0.007992404859002544,-0.0078011300983933315,0.015793534957395876,8063061.7
193939,TRANSCORP,2023-02-24,1.3,1.3,11017053,2026-04-08T04:01:14.12415+00:00,4.0000000000000036,0.8064516129032251,-1.6393442622950838,-0.7692307692307665,1.244,1.2535,1.204,3.6355341575141504,2.432309098095699,58.61642296408085,0.012131592260867352,-0.0029295541572228207,0.015061146418090173,7781530.2
194053,TRANSCORP,2023-02-27,1.26,1.26,11716195,2026-04-08T04:01:18.463572+00:00,-3.076923076923077,4.0000000000000036,3.3333333333333437,0.0,1.248,1.2555,1.2054,3.7078242556844057,2.474681266745209,52.872830903058976,0.012045410398956902,-0.0024125888153066176,0.01445799921426352,7929742.55
194167,TRANSCORP,2023-02-28,1.34,1.34,17826067,2026-04-08T04:01:20.671303+00:00,6.349206349206349,-3.076923076923077,-4.032258064516137,-3.100775193798455,1.278,1.262,1.2087999999999999,3.940620624708973,2.6106639499130573,61.08559499041024,0.018222385744765424,0.0030115092244015224,0.015210876520363901,8618790.45
194281,TRANSCORP,2023-03-01,1.38,1.38,47892996,2026-04-08T04:01:23.068989+00:00,2.985074626865658,6.349206349206349,4.201680672268915,0.8000000000000007,1.306,1.2705,1.213,3.9737098798104626,2.6375478811321518,64.42393517795267,0.026045117018606456,0.008667392398594043,0.017377724620012414,10744263.2
194395,TRANSCORP,2023-03-02,1.27,1.27,29746484,2026-04-08T04:01:25.352172+00:00,-7.971014492753614,2.985074626865658,0.8064516129032251,-3.1746031746031744,1.31,1.274,1.215,4.417687327124736,2.888935342686981,51.37226028038368,0.0231022983070166,0.004579658949603348,0.018522639357413252,11375452.15
194509,TRANSCORP,2023-03-03,1.28,1.28,11033968,2026-04-08T04:01:27.716711+00:00,0.7874015748031482,-7.971014492753614,4.0000000000000036,-1.6393442622950838,1.306,1.2765,1.2176,4.390877025630279,2.876723077125433,52.31798682714832,0.021331117854266335,0.0022467827974824647,0.01908433505678387,11502763.45
194623,TRANSCORP,2023-03-06,1.27,1.27,11799602,2026-04-08T04:01:32.392486+00:00,-0.78125,0.7874015748031482,-3.076923076923077,3.3333333333333437,1.3079999999999998,1.2725,1.2204,3.785870188786377,2.8663436564234765,51.24470160796509,0.018902630401493425,-0.00014536372423235716,0.019047994125725783,11384171.15
194737,TRANSCORP,2023-03-07,1.27,1.27,14420135,2026-04-08T04:01:34.845095+00:00,0.0,-0.78125,6.349206349206349,-4.032258064516137,1.294,1.268,1.2229999999999999,3.779429771620038,2.8652264086258037,51.2447016079651,0.016784554700300935,-0.0018107515403398763,0.018595306240640812,11316783.5
194851,TRANSCORP,2023-03-08,1.27,1.27,4073019,2026-04-08T04:01:37.261757+00:00,0.0,0.0,2.985074626865658,4.201680672268915,1.2719999999999998,1.2685,1.2253999999999998,3.392280759732591,2.8640326486667798,51.24470160796509,0.01493381670420657,-0.002929191629147395,0.017863008333353966,10586203.1
194965,TRANSCORP,2023-03-09,1.38,1.38,179841931,2026-04-08T04:01:39.987396+00:00,8.66141732283463,0.0,-7.971014492753614,0.8064516129032251,1.294,1.2725000000000002,1.2302,3.8459978926199465,3.096497892206372,61.964757488777174,0.02208855113228969,0.003380434239148581,0.01870811689314111,19421179.75
195079,TRANSCORP,2023-03-13,1.35,1.35,19734414,2026-04-08T04:01:45.627511+00:00,-2.1739130434782483,8.66141732283463,0.7874015748031482,4.0000000000000036,1.308,1.2754999999999999,1.2344,3.880547708036771,3.1178390211132903,58.20590299336676,0.025049228520305666,0.005072889301731644,0.019976339218574023,20272613.75
195193,TRANSCORP,2023-03-14,1.35,1.35,8217570,2026-04-08T04:01:48.257383+00:00,0.0,-2.1739130434782483,-0.78125,-3.076923076923077,1.3239999999999998,1.2785,1.2386,3.880547708036771,3.1178390211132903,58.205902993366756,0.027083386262821918,0.005685637635398314,0.021397748627423604,20544997.0
195307,TRANSCORP,2023-03-15,1.35,1.35,20126541,2026-04-08T04:01:50.627346+00:00,0.0,0.0,0.0,6.349206349206349,1.34,1.2835,1.2428,3.7986580691132033,3.1178390211132903,58.20590299336676,0.028368457015359283,0.005576566710348542,0.02279189030501074,21483004.0
195421,TRANSCORP,2023-03-16,1.29,1.29,26084720,2026-04-08T04:01:53.062383+00:00,-4.444444444444451,0.0,0.0,2.985074626865658,1.3439999999999999,1.2850000000000001,1.246,3.9514394798834274,3.1873721180741654,50.54663822436019,0.024265666784266227,0.0011790211834043843,0.023086645600861842,22738733.1
195535,TRANSCORP,2023-03-17,1.29,1.29,7018207,2026-04-08T04:01:55.701252+00:00,0.0,-4.444444444444451,8.66141732283463,-7.971014492753614,1.326,1.2885,1.249,3.8720690986766835,3.186597283846876,50.54663822436018,0.020774698178318562,-0.0018495579380346239,0.022624256116353186,22670019.5
195649,TRANSCORP,2023-03-20,1.3,1.3,11770356,2026-04-08T04:01:59.933448+00:00,0.7751937984496138,0.0,-2.1739130434782483,0.7874015748031482,1.316,1.2935,1.2522,3.8443119584300236,3.187009055961689,51.773302426937676,0.018600580915216325,-0.0032189401609094906,0.021819521076125815,22733966.7
195763,TRANSCORP,2023-03-22,1.3,1.3,28122091,2026-04-08T04:02:03.467012+00:00,0.0,0.7751937984496138,0.0,-0.78125,1.3060000000000003,1.2965000000000002,1.2556,3.7854935919811967,3.1827384506832157,51.773302426937676,0.016685240257056755,-0.004107424655255251,0.020792664912312006,24055288.6
195877,TRANSCORP,2023-03-23,1.37,1.37,23396464,2026-04-08T04:02:05.929911+00:00,5.384615384615388,0.0,0.0,0.0,1.31,1.3054999999999999,1.2604,3.803313511926385,3.261470534948189,59.85695424295715,0.020578517630213344,-0.00017131782567893217,0.020749835455892277,25106882.85
195991,TRANSCORP,2023-03-24,1.34,1.34,8918510,2026-04-08T04:02:08.248632+00:00,-2.1897810218978075,5.384615384615388,-4.444444444444451,0.0,1.32,1.3104999999999998,1.264,3.7686110893697076,3.2662158418264826,55.55881071179636,0.02100113075584642,0.00020103623996331477,0.020800094515883105,24950572.1
196105,TRANSCORP,2023-03-27,1.34,1.34,3952032,2026-04-08T04:02:12.564733+00:00,0.0,-2.1897810218978075,0.0,8.66141732283463,1.33,1.3150000000000002,1.2674,3.7689738963818127,3.265683028619417,55.55881071179637,0.021092908780136144,0.00023425141140243078,0.020858657368733713,24835417.75
196219,TRANSCORP,2023-03-28,1.4,1.4,61493026,2026-04-08T04:02:14.764209+00:00,4.477611940298498,0.0,0.7751937984496138,-2.1739130434782483,1.35,1.32,1.272,3.7943104142224486,3.317610932557474,61.904005732851644,0.02571076439711395,0.0038816856227041896,0.02182907877440976,27359216.4
196333,TRANSCORP,2023-03-29,1.5,1.5,91391427,2026-04-08T04:02:17.140393+00:00,7.14285714285714,4.477611940298498,0.0,0.0,1.39,1.332,1.278,3.979510442361914,3.4391636711657587,69.67524151649259,0.03701295025774187,0.012147097186665689,0.024865853071076183,31342978.0
196447,TRANSCORP,2023-03-30,1.5,1.5,455534236,2026-04-08T04:02:19.470716+00:00,0.0,7.14285714285714,5.384615384615388,0.0,1.416,1.34,1.284,3.7740868715633633,3.4391636711657587,69.67524151649259,0.04544613917694895,0.016464228884698215,0.028981910292250737,53228386.45
196561,TRANSCORP,2023-03-31,1.39,1.39,287681866,2026-04-08T04:02:21.739047+00:00,-7.333333333333336,0.0,-2.1897810218978075,-4.444444444444451,1.426,1.3405,1.2879999999999998,4.124581047529899,3.609406740931372,55.28731202478526,0.042760504977729985,0.011022875748383398,0.03173762922934659,65217829.95
196675,TRANSCORP,2023-04-03,1.38,1.38,28777177,2026-04-08T04:02:26.060346+00:00,-0.7194244604316502,-7.333333333333336,0.0,0.0,1.434,1.346,1.2912000000000001,3.6698553048757225,3.599158208396269,54.19173016405612,0.03937135561962135,0.006106981112219807,0.033264374507401544,65169364.6
196789,TRANSCORP,2023-04-04,1.4,1.4,30723907,2026-04-08T04:02:28.444728+00:00,1.449275362318847,-0.7194244604316502,4.477611940298498,0.7751937984496138,1.4339999999999997,1.3519999999999999,1.295,3.6757589983022236,3.598930343625546,56.06683903325036,0.03786280434908473,0.003678743873346546,0.03418406047573819,66153861.55
196903,TRANSCORP,2023-04-05,1.38,1.38,32020905,2026-04-08T04:02:30.864627+00:00,-1.4285714285714346,1.449275362318847,7.14285714285714,0.0,1.41,1.3575000000000002,1.2984,3.690569931396635,3.607468284009949,53.699619734279445,0.03465396441519886,0.00037592315156853573,0.03427804126363032,67164926.7
197017,TRANSCORP,2023-04-06,1.37,1.37,147152186,2026-04-08T04:02:33.239626+00:00,-0.7246376811594013,-1.4285714285714346,0.0,5.384615384615388,1.384,1.3625,1.3015999999999999,3.6990783193100265,3.6102617879899404,52.505919236942546,0.030947278262836164,-0.0026646104006353283,0.03361188866347149,73801529.25
197131,TRANSCORP,2023-04-11,1.4,1.4,1553851363,2026-04-08T04:02:39.320239+00:00,2.1897810218977964,-0.7246376811594013,-7.333333333333336,-2.1897810218978075,1.386,1.3690000000000002,1.305,3.717610809902349,3.615126030657166,55.68827520955448,0.030083666282918475,-0.0028225779044424165,0.03290624418736089,151290446.45
197245,TRANSCORP,2023-04-12,1.4,1.4,117528813,2026-04-08T04:02:41.643197+00:00,0.0,2.1897810218977964,-0.7194244604316502,0.0,1.39,1.3699999999999999,1.3084,3.1904965743170446,3.615126030657166,55.688275209554476,0.029064213406539308,-0.0030736246246572674,0.032137838031196575,148174790.55
197359,TRANSCORP,2023-04-13,1.54,1.54,107213425,2026-04-08T04:02:44.360634+00:00,10.000000000000009,0.0,1.449275362318847,4.477611940298498,1.418,1.3795,1.3146,3.8274760709864237,3.864886847561077,67.4811681334819,0.039102371826395865,0.005571627036159432,0.03353074479023643,152548741.1
197473,TRANSCORP,2023-04-14,1.69,1.69,11274421,2026-04-08T04:02:47.093001+00:00,9.740259740259738,10.000000000000009,-1.4285714285714346,7.14285714285714,1.48,1.3965,1.324,4.318079811812765,4.073003021700553,75.1209828584323,0.05848722674991391,0.019965185567741982,0.03852204118217193,152701583.65
197587,TRANSCORP,2023-04-17,1.85,1.85,63440491,2026-04-08T04:02:52.113012+00:00,9.467455621301779,9.740259740259738,-0.7246376811594013,0.0,1.576,1.4215,1.3368,4.681414800597757,4.2489431969919496,80.40828138219818,0.08577180280965147,0.03779980930198362,0.04797199350766784,154867281.15
197701,TRANSCORP,2023-04-18,2.03,2.03,1601590660,2026-04-08T04:02:54.97501+00:00,9.72972972972972,9.467455621301779,2.1897810218977964,-7.333333333333336,1.702,1.4585,1.3532000000000002,4.775906412652552,4.4242166491282156,84.41981494291622,0.12053012533155827,0.05804650545911234,0.06248361987244593,233642578.15
197815,TRANSCORP,2023-04-19,2.23,2.23,1139130720,2026-04-08T04:02:57.648371+00:00,9.852216748768484,9.72972972972972,0.0,-0.7194244604316502,1.8679999999999999,1.5055,1.3738,5.0175322998067005,4.582549634813098,87.48587443519857,0.16234328257428787,0.07988773016147355,0.08245555241281433,290248203.8
197929,TRANSCORP,2023-04-20,2.45,2.45,240553947,2026-04-08T04:03:00.087899+00:00,9.865470852017943,9.852216748768484,10.000000000000009,1.449275362318847,2.05,1.563,1.3981999999999999,5.223318492417773,4.736152084310537,89.851681935999,0.21080267035620648,0.10267769435471372,0.10812497600149276,301687383.35
198043,TRANSCORP,2023-04-25,2.69,2.69,1659657355,2026-04-08T04:03:06.320111+00:00,9.795918367346923,9.865470852017943,9.740259740259738,-1.4285714285714346,2.25,1.6324999999999998,1.425,5.350857942391125,4.737572701606501,91.69601272142488,0.2655124166770124,0.1259099525404157,0.13960246413659672,383264146.55
198157,TRANSCORP,2023-04-26,2.95,2.95,6125246237,2026-04-08T04:03:08.704488+00:00,9.66542750929369,9.795918367346923,9.467455621301779,-0.7246376811594013,2.4699999999999998,1.7115000000000002,1.4568,5.499657794000243,4.874678547965574,93.14867898743864,0.3260911362539738,0.14919093769390165,0.17690019856007214,688356635.2
198271,TRANSCORP,2023-04-27,3.12,3.12,873594710,2026-04-08T04:03:11.176222+00:00,5.762711864406778,9.66542750929369,9.72972972972972,2.1897810218977964,2.688,1.8005,1.494,5.309031976680353,4.729718729728609,93.90006736307875,0.38339821129285867,0.16519841018622922,0.21819980110662945,731590445.2
198385,TRANSCORP,2023-04-28,2.81,2.81,2732574902,2026-04-08T04:03:13.757457+00:00,-9.935897435897434,5.762711864406778,9.852216748768484,0.0,2.804,1.874,1.5242000000000002,6.145940946739507,5.0145336883521034,77.26040241405343,0.3991983616932062,0.1447988484692614,0.25439951322394483,868021588.7
198499,TRANSCORP,2023-05-03,2.29,2.29,276526962,2026-04-08T04:03:20.258962+00:00,-18.50533807829181,-9.935897435897434,9.865470852017943,10.000000000000009,2.7720000000000002,1.9185000000000003,1.5441999999999998,7.931366811680079,5.762469035183206,58.52554235167668,0.3655466463465473,0.08891770649808195,0.27662893984846537,878773285.5
198613,TRANSCORP,2023-05-04,2.15,2.15,811204726,2026-04-08T04:03:22.719511+00:00,-6.113537117903933,-18.50533807829181,9.795918367346923,9.740259740259738,2.664,1.951,1.5614000000000001,8.101486463050998,5.855159818225615,54.681044150386974,0.32384747738438957,0.037774830028739326,0.28607264735565024,914763950.45
198727,TRANSCORP,2023-05-08,1.79,1.79,29556829,2026-04-08T04:03:29.045349+00:00,-16.744186046511622,-6.113537117903933,9.66542750929369,9.467455621301779,2.432,1.9655,1.5722,9.133486447458438,6.356050732953186,46.26503402280847,0.2587686700506828,-0.021843181843973936,0.28061185189465676,893465080.1
198841,TRANSCORP,2023-05-09,1.96,1.96,32993356,2026-04-08T04:03:32.620003+00:00,9.49720670391061,-16.744186046511622,5.762711864406778,9.72972972972972,2.2,1.9940000000000002,1.5862,9.0712527367876,6.470544382382715,50.16561799111758,0.21839332333566297,-0.04977482284719503,0.268168146182858,880730654.6
198955,TRANSCORP,2023-05-12,2.59,2.59,19870040,2026-04-08T04:03:37.286216+00:00,32.14285714285714,9.49720670391061,-9.935897435897434,9.852216748768484,2.156,2.0545,1.6136000000000001,11.242118668113914,7.788093820121636,61.35971938543965,0.23452781438987058,-0.02691226543438996,0.26144007982426054,880285297.75
199069,TRANSCORP,2023-05-15,2.84,2.84,190851773,2026-04-08T04:03:41.825544+00:00,9.652509652509655,32.14285714285714,-18.50533807829181,9.865470852017943,2.2659999999999996,2.1265,1.6463999999999999,11.301890337844206,7.849653520532502,64.74407802108004,0.2644391357071001,0.0023992447062716193,0.2620398910008285,888291691.05
199183,TRANSCORP,2023-05-16,3.06,3.06,86420759,2026-04-08T04:03:44.244464+00:00,7.7464788732394485,9.652509652509655,-6.113537117903933,9.795918367346923,2.448,2.2105,1.6828,11.24767237801556,7.889309002464542,67.44620116724015,0.3024102377567006,0.032296277404697704,0.2701139603520029,891011683.75
199297,TRANSCORP,2023-05-17,2.9,2.9,63391229,2026-04-08T04:03:46.492518+00:00,-5.228758169934644,7.7464788732394485,-16.744186046511622,9.66542750929369,2.67,2.287,1.717,11.405029706222404,7.910135294093417,63.62680123110053,0.31594987340517156,0.03666873044253488,0.2792811429626367,886823635.9
199411,TRANSCORP,2023-05-18,2.8,2.8,26115087,2026-04-08T04:03:48.752249+00:00,-3.4482758620689724,-5.228758169934644,9.49720670391061,5.762711864406778,2.838,2.357,1.7482,11.532260269569882,7.942476265304015,61.29067270931295,0.3149800737177326,0.028559144604076714,0.2864209291136559,810436822.1
199525,TRANSCORP,2023-05-19,2.64,2.64,20213749,2026-04-08T04:03:51.139215+00:00,-5.714285714285705,-3.4482758620689724,32.14285714285714,-9.935897435897434,2.848,2.4189999999999996,1.776,11.709832780555882,8.014711496539274,57.643852870597314,0.29786720987466486,0.009157024608807185,0.2887101852658577,805571068.9
199639,TRANSCORP,2023-05-22,2.64,2.64,13088522,2026-04-08T04:03:55.484935+00:00,0.0,-5.714285714285705,9.652509652509655,-18.50533807829181,2.808,2.4739999999999998,1.8028,11.647252794687564,8.012386272506507,57.643852870597314,0.28106519734947355,-0.006115990333107335,0.2871811876825809,800864823.75
199753,TRANSCORP,2023-05-23,2.9,2.9,17800706,2026-04-08T04:03:57.886867+00:00,9.84848484848484,0.0,7.7464788732394485,-6.113537117903933,2.7760000000000002,2.5345,1.8356000000000001,11.650397076135965,8.062428969339521,61.91457626981587,0.2854389459710531,-0.0013937933692222404,0.28683273934027537,801191138.0
199867,TRANSCORP,2023-05-24,2.95,2.95,27543059,2026-04-08T04:04:00.334047+00:00,1.7241379310344973,9.84848484848484,-5.228758169934644,-16.744186046511622,2.786,2.5895,1.8678,11.565342570184967,8.037892118825413,62.69359822773034,0.28960141060652367,0.00221493701299863,0.28738647359352504,799396266.4
199981,TRANSCORP,2023-05-25,2.9,2.9,12857563,2026-04-08T04:04:02.79018+00:00,-1.6949152542372947,1.7241379310344973,-3.4482758620689724,9.49720670391061,2.806,2.633,1.8981999999999999,11.496332454976153,8.05220807395031,61.34234737307143,0.2855736958838122,-0.0014502221677702987,0.2870239180515825,719959611.55
200095,TRANSCORP,2023-05-26,3.07,3.07,29647707,2026-04-08T04:04:05.139052+00:00,5.862068965517242,-1.6949152542372947,-5.714285714285705,32.14285714285714,2.8920000000000003,2.675,1.9342,11.394525431704325,7.946441244998805,64.1699827281834,0.2927249314043796,0.0045608106822376815,0.2881641207221419,664485460.9
200209,TRANSCORP,2023-05-30,3.18,3.18,95681103,2026-04-08T04:04:11.011702+00:00,3.583061889250816,5.862068965517242,0.0,9.652509652509655,3.0,2.7115,1.9722,11.258121855796547,7.946990228935817,65.9076754620225,0.3037667833774238,0.012482130124225499,0.2912846532531983,657241818.7
200323,TRANSCORP,2023-06-01,3.04,3.04,9783520,2026-04-08T04:04:14.390605+00:00,-4.402515723270439,3.583061889250816,9.84848484848484,7.7464788732394485,3.028,2.729,2.0076,11.181067446360066,7.990508200394261,61.799659843029836,0.29778798610983825,0.005202666285311963,0.2925853198245263,574748126.95
200437,TRANSCORP,2023-06-02,2.92,2.92,15505412,2026-04-08T04:04:16.732653+00:00,-3.9473684210526327,-4.402515723270439,1.7241379310344973,-5.228758169934644,3.022,2.7275,2.0406,11.051228788956529,8.030719109805124,58.43744687582311,0.28013749838042123,-0.00995825715528409,0.2900957555357053,269261085.7
200551,TRANSCORP,2023-06-05,3.0,3.0,12927329,2026-04-08T04:04:21.343031+00:00,2.7397260273972712,-3.9473684210526327,-1.6949152542372947,-3.4482758620689724,3.0420000000000003,2.7215,2.0751999999999997,10.996057517462937,8.026241859611936,59.999853738209396,0.26949808493565897,-0.016478136480037098,0.28597622141569606,226227716.65
200665,TRANSCORP,2023-06-06,2.98,2.98,8759610,2026-04-08T04:04:23.98223+00:00,-0.666666666666671,2.7397260273972712,5.862068965517242,-5.714285714285705,3.024,2.7299999999999995,2.1072,10.731736915852222,7.977458926968282,59.39868903701206,0.2564957173087299,-0.02358440328557293,0.2800801205943028,90036952.05
200779,TRANSCORP,2023-06-07,2.99,2.99,8390650,2026-04-08T04:04:26.507718+00:00,0.3355704697986628,-0.666666666666671,3.583061889250816,0.0,2.9859999999999998,2.7649999999999997,2.14,9.72620159419944,7.959476930576045,59.616560960992615,0.2441833698254232,-0.028717400615103694,0.2729007704405269,76630136.45
200893,TRANSCORP,2023-06-08,2.99,2.99,5897446,2026-04-08T04:04:29.08401+00:00,0.0,0.3355704697986628,-4.402515723270439,9.84848484848484,2.976,2.807,2.1728,9.56042986376546,7.959476930576045,59.616560960992615,0.23175422726926698,-0.032917234537007956,0.26467146180627493,36364772.45
201007,TRANSCORP,2023-06-09,3.15,3.15,14944599,2026-04-08T04:04:31.44664+00:00,5.351170568561869,0.0,-3.9473684210526327,1.7241379310344973,3.0220000000000002,2.875,2.2088,8.489221081569788,7.969326228816396,63.27359482982097,0.23213875401564854,-0.026026166232501147,0.2581649202481497,35634160.95
201121,TRANSCORP,2023-06-13,3.22,3.22,30771951,2026-04-08T04:04:36.862505+00:00,2.2222222222222365,5.351170568561869,2.7397260273972712,-1.6949152542372947,3.066,2.9379999999999997,2.2474,8.358654164705737,7.9147028424642425,64.77646465964654,0.23537861110736458,-0.01822904731262809,0.25360765841999267,35523090.7
201235,TRANSCORP,2023-06-14,3.53,3.53,59460920,2026-04-08T04:04:39.320552+00:00,9.627329192546563,2.2222222222222365,-0.666666666666671,5.862068965517242,3.176,2.9850000000000003,2.2922,5.06782494187782,7.978326239644206,70.5281894642917,0.2599639280754342,0.005085015724353215,0.254878912351081,37502634.7
201349,TRANSCORP,2023-06-15,3.37,3.37,40427033,2026-04-08T04:04:41.673534+00:00,-4.532577903682711,9.627329192546563,0.3355704697986628,3.583061889250816,3.2520000000000002,3.0115000000000003,2.3336,4.882483734832696,8.034639008155006,64.65950818096421,0.26349984389856074,0.006896745237983781,0.25660309866057696,29981397.7
201463,TRANSCORP,2023-06-16,3.5,3.5,12614546,2026-04-08T04:04:44.052846+00:00,3.857566765578624,-4.532577903682711,0.0,-4.402515723270439,3.354,3.0335,2.3775999999999997,4.671286285448843,8.031303815252064,67.05798745811065,0.2736376714648445,0.013627658243414054,0.26001001322143047,26291087.05
201577,TRANSCORP,2023-06-19,3.3,3.3,26601247,2026-04-08T04:04:48.541112+00:00,-5.714285714285716,3.857566765578624,5.351170568561869,-3.9473684210526327,3.3840000000000003,3.0535,2.4162,4.7052719668522025,8.097632236093101,60.279899115491396,0.26250761988327387,0.001998085329474708,0.26050953455379916,24451587.95
201691,TRANSCORP,2023-06-20,3.31,3.31,33706038,2026-04-08T04:04:51.378552+00:00,0.3030303030303161,-5.714285714285716,2.2222222222222365,2.7397260273972712,3.4019999999999997,3.079,2.4556,4.602695585042607,8.07842258249891,60.494911973129035,0.25159367497026786,-0.007132687666825066,0.2587263626370929,24831135.5
201805,TRANSCORP,2023-06-21,3.25,3.25,24571713,2026-04-08T04:04:53.764277+00:00,-1.812688821752273,0.3030303030303161,9.627329192546563,-0.666666666666671,3.346,3.1095,2.4938,4.383312252326474,8.092257528352256,58.45045525771139,0.2353893742552886,-0.018669590705443495,0.2540589649607321,25049033.7
201919,TRANSCORP,2023-06-22,3.19,3.19,15205491,2026-04-08T04:04:56.145117+00:00,-1.846153846153853,-1.812688821752273,-4.532577903682711,0.3355704697986628,3.3099999999999996,3.137,2.5296000000000003,4.427668181945684,8.103737320569458,56.39784605254753,0.21522487227910458,-0.031067274145302026,0.2462921464244066,25154882.15
202033,TRANSCORP,2023-06-26,3.3,3.3,18244559,2026-04-08T04:05:01.671465+00:00,3.4482758620689724,-1.846153846153853,3.857566765578624,0.0,3.2699999999999996,3.157,2.5656,3.964757411821427,8.07241722483744,59.22493306132881,0.20574869697264608,-0.032434759561408455,0.23818345653405454,25177074.8
202147,TRANSCORP,2023-06-30,3.51,3.51,39050156,2026-04-08T04:05:07.377697+00:00,6.363636363636371,3.4482758620689724,-5.714285714285716,5.351170568561869,3.312,3.185,2.6058000000000003,4.157527453383208,8.092008928433225,64.02106213438366,0.21273176535678706,-0.020361352941814015,0.23309311829860108,25752429.65
202261,TRANSCORP,2023-07-03,3.86,3.86,74963674,2026-04-08T04:05:11.758079+00:00,9.971509971509974,6.363636363636371,0.3030303030303161,2.2222222222222365,3.4219999999999997,3.2329999999999997,2.6552,4.564815182911946,8.053504292291533,70.29284095187403,0.24369876462804507,0.008484517063555186,0.2352142475644899,28857735.2
202375,TRANSCORP,2023-07-04,3.48,3.48,105870374,2026-04-08T04:05:14.17436+00:00,-9.84455958549223,9.971509971509974,-1.812688821752273,9.627329192546563,3.468,3.2535,2.6971999999999996,5.101168887927193,8.22653146384413,58.391582725584094,0.2348700744317025,-0.00027533850622993294,0.23514541293793242,32668868.55
202489,TRANSCORP,2023-07-05,3.63,3.63,89232611,2026-04-08T04:05:16.577423+00:00,4.31034482758621,-9.84455958549223,-1.846153846153853,-4.532577903682711,3.556,3.276,2.7418,5.124950763522466,8.231224535533544,61.18522744287035,0.23724223938406386,0.0016774611569051467,0.2355647782271587,32346443.95
202603,TRANSCORP,2023-07-06,3.76,3.76,49184805,2026-04-08T04:05:19.075393+00:00,3.581267217630857,4.31034482758621,3.4482758620689724,3.857566765578624,3.6479999999999997,3.312,2.7894,5.008982920633826,8.216047135241919,63.47413009395441,0.24676752828538362,0.00896220004657991,0.2378053282388037,34316508.2
202717,TRANSCORP,2023-07-07,4.13,4.13,79646183,2026-04-08T04:05:21.415756+00:00,9.840425531914887,3.581267217630857,6.363636363636371,-5.714285714285716,3.772,3.3725,2.8446,5.209874364152627,8.27110485120254,69.06548045828772,0.2809338654213418,0.034502829746030445,0.24643103567531136,37523546.75
202831,TRANSCORP,2023-07-10,4.5,4.5,156417432,2026-04-08T04:05:26.355595+00:00,8.9588377723971,9.840425531914887,9.971509971509974,0.3030303030303161,3.9,3.4475000000000002,2.9066,5.444409542980318,8.32019836001923,73.4434477583682,0.33401650716123665,0.07006837718874026,0.2639481299724964,44698051.9
202945,TRANSCORP,2023-07-11,4.7,4.7,51162044,2026-04-08T04:05:28.903538+00:00,4.444444444444451,8.9588377723971,-9.84455958549223,-1.812688821752273,4.144,3.5335,2.9726,5.42329038620571,8.31456995291191,75.4647556893724,0.387753431519716,0.09904424123777567,0.2887091902819403,46818173.6
203059,TRANSCORP,2023-07-12,4.23,4.23,87094429,2026-04-08T04:05:31.299012+00:00,-9.999999999999998,4.444444444444451,4.31034482758621,-1.846153846153853,4.264,3.5955,3.0263999999999998,6.08657205517621,8.440407036908976,63.276165204804016,0.3879432904157354,0.07938728010703605,0.30855601030869934,50753362.55
203173,TRANSCORP,2023-07-14,3.45,3.45,33609800,2026-04-08T04:05:34.698751+00:00,-18.439716312056742,-9.999999999999998,3.581267217630857,3.4482758620689724,4.202,3.6185,3.0616,7.601768001807405,8.869053152583565,49.10219158910425,0.32144881188223806,0.010314241258830958,0.3111345706234071,52138980.25
203287,TRANSCORP,2023-07-17,3.71,3.71,62200916,2026-04-08T04:05:39.139368+00:00,7.5362318840579645,-18.439716312056742,9.840425531914887,6.363636363636371,4.118,3.6465000000000005,3.0987999999999998,7.68279654678802,8.839220444782445,52.89032290016878,0.2864295046336891,-0.0197640527917744,0.3061935574254635,54501796.1
203401,TRANSCORP,2023-07-19,3.9,3.9,15738973,2026-04-08T04:05:42.577032+00:00,5.121293800539073,7.5362318840579645,8.9588377723971,9.971509971509974,3.9979999999999998,3.6805,3.1362,7.7320022531602115,8.778458747753387,55.49695991519689,0.2708852667080892,-0.028246632573899477,0.2991318992819887,53750147.2
203515,TRANSCORP,2023-07-20,3.94,3.94,11447324,2026-04-08T04:05:45.122849+00:00,1.025641025641022,5.121293800539073,4.444444444444451,-9.84455958549223,3.846,3.7009999999999996,3.1704000000000003,7.4770329399454,8.699329829871113,56.04832208369958,0.2588106043252618,-0.03225703596538154,0.29106764029064336,51349467.4
203629,TRANSCORP,2023-07-21,4.05,4.05,25678550,2026-04-08T04:05:47.594805+00:00,2.7918781725888353,1.025641025641022,-9.999999999999998,4.31034482758621,3.81,3.7349999999999994,3.2023999999999995,7.379359109399943,8.617842893057093,57.60389585522389,0.2551759189333005,-0.028713377085874292,0.2838892960191748,50612043.25
203743,TRANSCORP,2023-07-24,3.8,3.8,14437027,2026-04-08T04:05:52.167161+00:00,-6.172839506172845,2.7918781725888353,-18.439716312056742,3.581267217630857,3.88,3.75,3.2245999999999997,7.528214269393496,8.59509159182799,53.01171470745064,0.22947722332497422,-0.04352965815536047,0.2730068814803347,50703167.3
203857,TRANSCORP,2023-07-25,3.76,3.76,26593906,2026-04-08T04:05:54.602351+00:00,-1.0526315789473717,-6.172839506172845,7.5362318840579645,9.840425531914887,3.8899999999999997,3.7729999999999997,3.2407999999999997,7.390286995942551,8.509087672526103,52.29339356871476,0.20353690940591518,-0.05557597765953565,0.2591128870654508,50702800.25
203971,TRANSCORP,2023-07-26,3.66,3.66,22919863,2026-04-08T04:05:57.515236+00:00,-2.659574468085102,-1.0526315789473717,5.121293800539073,8.9588377723971,3.842,3.7905,3.2516,7.433007236317511,8.492929778358581,50.4528046603355,0.1729165847182661,-0.06895704187774779,0.24187362659601389,50163491.5
204085,TRANSCORP,2023-07-27,3.5,3.5,37498531,2026-04-08T04:05:59.880161+00:00,-4.371584699453557,-2.659574468085102,1.025641025641022,4.444444444444451,3.754,3.803,3.2653999999999996,7.501659221140836,8.386938549670841,47.56791782406564,0.13419220970978563,-0.08614513350898262,0.22033734321876824,50809832.4
204199,TRANSCORP,2023-07-28,3.65,3.65,32463884,2026-04-08T04:06:02.220136+00:00,4.285714285714293,-4.371584699453557,2.7918781725888353,-9.999999999999998,3.6739999999999995,3.8259999999999996,3.2925999999999997,7.519541032690813,7.923996517931331,50.42960282260635,0.11428915567510955,-0.08483855003492696,0.19912770571003652,51672752.05
204313,TRANSCORP,2023-07-31,3.53,3.53,29795987,2026-04-08T04:06:06.790851+00:00,-3.28767123287671,4.285714285714293,-6.172839506172845,-18.439716312056742,3.62,3.8375,3.3202,7.552858059251934,7.880469763328605,48.16480619514308,0.08782050472856762,-0.08904576078517515,0.17686626551374277,52250323.45
204427,TRANSCORP,2023-08-02,3.61,3.61,58829257,2026-04-08T04:06:10.326378+00:00,2.2662889518413554,-3.28767123287671,-1.0526315789473717,7.5362318840579645,3.59,3.8425,3.3566000000000003,7.443648699211352,7.438745760444708,49.783929094592516,0.0724639205997546,-0.08352187593119054,0.15598579653094513,53239278.5
204541,TRANSCORP,2023-08-03,3.8,3.8,11372390,2026-04-08T04:06:12.834218+00:00,5.263157894736836,2.2662889518413554,-2.659574468085102,5.121293800539073,3.618,3.8394999999999997,3.3933999999999997,7.19583955828959,7.371645014018912,53.49898868177119,0.07476330430966138,-0.06497799377702701,0.1397412980866884,50059714.3
204655,TRANSCORP,2023-08-04,3.75,3.75,29282240,2026-04-08T04:06:15.200886+00:00,-1.3157894736842035,5.263157894736836,-4.371584699453557,1.025641025641022,3.668,3.853,3.4166,6.8130417888938455,5.916281126369997,52.400341467335195,0.0717242083067724,-0.05441367182393281,0.1261378801307052,46230307.6
204769,TRANSCORP,2023-08-07,3.7,3.7,15736631,2026-04-08T04:06:19.871718+00:00,-1.3333333333333308,-1.3157894736842035,4.285714285714293,2.7918781725888353,3.678,3.8564999999999996,3.4337999999999997,6.768280296635542,5.7878901643195375,51.26655439814828,0.06453717630101252,-0.049280563063754154,0.11381773936476668,42555508.6
204883,TRANSCORP,2023-08-08,3.63,3.63,8629967,2026-04-08T04:06:22.245918+00:00,-1.8918918918918948,-1.3333333333333308,-3.28767123287671,-6.172839506172845,3.6979999999999995,3.85,3.4452,6.740242365043454,5.708321131720972,49.64697265317452,0.0525867987887958,-0.048984752460776715,0.10157155124957251,40527766.7
204997,TRANSCORP,2023-08-09,3.65,3.65,9773456,2026-04-08T04:06:24.635943+00:00,0.5509641873278293,-1.8918918918918948,2.2662889518413554,-1.0526315789473717,3.7060000000000004,3.8259999999999996,3.4602000000000004,6.338182348971179,5.648029198744654,50.13171373325569,0.044220129241745454,-0.045881137606261654,0.09010126684800711,37034130.35
205111,TRANSCORP,2023-08-10,3.59,3.59,17307291,2026-04-08T04:06:27.035398+00:00,-1.6438356164383605,0.5509641873278293,5.263157894736836,-2.659574468085102,3.664,3.7805,3.4760000000000004,5.944123647668802,5.627221978294292,48.61954225127966,0.03237478838019037,-0.0461811827742534,0.07855597115444377,30078623.3
205225,TRANSCORP,2023-08-11,3.89,3.89,66579642,2026-04-08T04:06:29.455701+00:00,8.356545961002793,-1.6438356164383605,-1.3157894736842035,-4.371584699453557,3.692,3.7399999999999998,3.5010000000000003,6.1900615605889975,5.653849647937019,55.798767213407935,0.0466569311424454,-0.0255192320095987,0.0721761631520441,30849503.2
205339,TRANSCORP,2023-08-14,4.0,4.0,41760436,2026-04-08T04:06:33.923569+00:00,2.8277634961439535,8.356545961002793,-1.3333333333333308,4.285714285714293,3.7520000000000002,3.7285000000000004,3.5282,5.835434817044426,5.658408341945339,58.11001199178236,0.06608986998874311,-0.004869034530640803,0.07095890451938391,28582803.55
205453,TRANSCORP,2023-08-15,4.0,4.0,36469318,2026-04-08T04:06:36.358161+00:00,0.0,2.8277634961439535,-1.8918918918918948,-3.28767123287671,3.8259999999999996,3.7560000000000002,3.5502,3.933136845917397,5.513498701213522,58.11001199178235,0.08056194606503064,0.0076824332365173775,0.07287951282851327,28725779.45
205567,TRANSCORP,2023-08-16,4.0,4.0,15703369,2026-04-08T04:06:38.679915+00:00,0.0,0.0,0.5509641873278293,2.2662889518413554,3.896,3.7704999999999997,3.5712,3.602400541195662,5.5129822538342,58.11001199178235,0.09098238235197886,0.014482295618772484,0.07650008673320638,26400902.1
205681,TRANSCORP,2023-08-17,4.01,4.01,34268919,2026-04-08T04:06:40.998805+00:00,0.24999999999999467,0.0,-1.6438356164383605,5.263157894736836,3.9799999999999995,3.776,3.5934,3.4296246402736874,5.502130072577464,58.35724835389927,0.09890742636765681,0.01792587170756034,0.08098155466009647,27327399.4
205795,TRANSCORP,2023-08-18,4.16,4.16,49532766,2026-04-08T04:06:43.468275+00:00,3.7406483790523692,0.24999999999999467,8.356545961002793,-1.3157894736842035,4.034000000000001,3.7870000000000004,3.6151999999999997,3.516878948099947,5.470408516636851,61.981916652845115,0.11595516824469598,0.0279788908676796,0.08797627737701638,29231671.5
205909,TRANSCORP,2023-08-21,4.38,4.38,36837633,2026-04-08T04:06:47.688711+00:00,5.288461538461542,3.7406483790523692,2.8277634961439535,-1.3333333333333308,4.11,3.8034999999999997,3.6392,3.6506179171439315,5.493634402717681,66.57697201657093,0.1455400922994161,0.04605105193791978,0.09948904036149633,29789625.65
206023,TRANSCORP,2023-08-24,5.28,5.28,144489828,2026-04-08T04:06:51.989424+00:00,20.54794520547947,5.288461538461542,0.0,-1.8918918918918948,4.366,3.8775,3.684,5.51223680002275,6.110480758413879,78.19026583621746,0.2388554590967109,0.11149313498817165,0.12736232410853926,36292265.7
206137,TRANSCORP,2023-08-25,5.8,5.8,76715210,2026-04-08T04:06:54.38475+00:00,9.84848484848484,20.54794520547947,0.0,0.5509641873278293,4.726,3.9795000000000003,3.7415999999999996,5.750076233309547,6.18007906489662,82.06730876528378,0.3507252711561675,0.17869035763810254,0.17203491351806494,38798330.9
206251,TRANSCORP,2023-08-28,6.38,6.38,28497772,2026-04-08T04:06:59.310949+00:00,10.000000000000009,9.84848484848484,0.24999999999999467,-1.6438356164383605,5.2,4.115499999999999,3.8091999999999997,5.866807360007018,6.292409485502586,85.2227086603071,0.48064349688758057,0.2468868666956125,0.23375663019196807,39077226.35
206365,TRANSCORP,2023-08-29,7.01,7.01,18219281,2026-04-08T04:07:01.613742+00:00,9.874608150470209,10.000000000000009,3.7406483790523692,8.356545961002793,5.7700000000000005,4.2909999999999995,3.8898,5.793017671706642,6.386879109965273,87.7451167631667,0.6272102720687434,0.3147629135014202,0.31244735856732314,38113263.85
206479,TRANSCORP,2023-08-30,6.31,6.31,292409554,2026-04-08T04:07:03.820209+00:00,-9.985734664764623,9.874608150470209,5.288461538461542,2.8277634961439535,6.156,4.424,3.9562,6.544840354842124,6.60246842401039,72.86285681146472,0.6790536398366775,0.2932850250154835,0.38576861482119407,51110547.35
206593,TRANSCORP,2023-09-01,6.67,6.67,83312484,2026-04-08T04:07:07.195585+00:00,5.7052297939778285,-9.985734664764623,20.54794520547947,0.0,6.434,4.581,4.0298,6.3997623619509225,6.621425893159271,75.1931310128286,0.7406511087165493,0.2839059951162841,0.45674511360026515,53786372.2
206707,TRANSCORP,2023-09-04,7.05,7.05,56813868,2026-04-08T04:07:11.730996+00:00,5.697151424287861,5.7052297939778285,9.84848484848484,0.0,6.684,4.753,4.1078,6.413248447384001,6.6253570198290985,77.39926202831697,0.8107841557453206,0.2832312337160443,0.5275529220292763,53685602.75
206821,TRANSCORP,2023-09-05,6.59,6.59,40699403,2026-04-08T04:07:14.175893+00:00,-6.524822695035459,5.697151424287861,10.000000000000009,0.24999999999999467,6.725999999999999,4.8925,4.1752,6.782347757423157,6.729719474268478,69.3581557467557,0.8197968375399958,0.23379513240857563,0.5860017051314201,55151953.4
206935,TRANSCORP,2023-09-06,6.7,6.7,26657318,2026-04-08T04:07:16.66229+00:00,1.6691957511380862,-6.524822695035459,9.874608150470209,3.7406483790523692,6.664,5.04,4.2386,6.714894462731053,6.630946875365965,70.15660397478607,0.8262905701422047,0.19223109200862765,0.6340594781335771,55020707.3
207049,TRANSCORP,2023-09-07,6.68,6.68,14464614,2026-04-08T04:07:19.134101+00:00,-0.29850746268657025,1.6691957511380862,-9.985734664764623,5.288461538461542,6.7379999999999995,5.189,4.3048,6.682447820895495,6.5790905283663275,69.80047098347015,0.8203663940312031,0.14904553271810073,0.6713208613131024,54957106.45
207163,TRANSCORP,2023-09-08,6.7,6.7,16664774,2026-04-08T04:07:21.445908+00:00,0.29940119760478723,-0.29850746268657025,5.7052297939778285,20.54794520547947,6.744,5.3425,4.3688,6.612151556925412,6.573310527696489,69.96466631084887,0.8079714823313457,0.10932049681459466,0.6986509855167511,55358846.8
207277,TRANSCORP,2023-09-11,6.05,6.05,52724741,2026-04-08T04:07:26.133096+00:00,-9.701492537313438,0.29940119760478723,5.697151424287861,9.84848484848484,6.544,5.4625,4.4238,7.207908740635613,6.686075779454769,58.779237969647546,0.737200865104036,0.030839903669827917,0.7063609614342081,57506411.05
207391,TRANSCORP,2023-09-12,6.01,6.01,87823730,2026-04-08T04:07:28.57479+00:00,-0.6611570247933907,-9.701492537313438,-6.524822695035459,10.000000000000009,6.428,5.5835,4.477799999999999,7.179332474757762,6.6908098216860745,58.16299506357254,0.6701617676740463,-0.028959355008129406,0.6991211226821757,61032233.0
207505,TRANSCORP,2023-09-13,6.61,6.61,32610829,2026-04-08T04:07:30.890589+00:00,9.98336106489186,-0.6611570247933907,1.6691957511380862,9.874608150470209,6.409999999999999,5.7195,4.544999999999999,7.253872753228189,6.781830057075821,64.22222283968472,0.6578643350132376,-0.03300543013515056,0.6908697651483882,59333792.35
207619,TRANSCORP,2023-09-14,6.3,6.3,27487806,2026-04-08T04:07:33.324455+00:00,-4.6898638426626444,9.98336106489186,-0.29850746268657025,-9.985734664764623,6.334,5.8345,4.6072,7.451425854028411,6.823597830930754,59.4328527685095,0.6160032201363848,-0.059893236009602724,0.6758964561459875,58620160.85
207733,TRANSCORP,2023-09-15,6.2,6.2,59691864,2026-04-08T04:07:35.74244+00:00,-1.5873015873015817,-4.6898638426626444,0.29940119760478723,5.7052297939778285,6.234,5.9445,4.6652,7.488400844618185,6.832908381710591,57.9320118449341,0.5682088626672108,-0.08615007478302139,0.6543589374502322,59781288.15
207847,TRANSCORP,2023-09-18,6.3,6.3,42306915,2026-04-08T04:07:40.292184+00:00,1.6129032258064502,-1.5873015873015817,-9.701492537313438,5.697151424287861,6.284,6.0595,4.721,7.46902893027876,6.796814758037266,59.04577159195634,0.532265034306266,-0.09767512251517296,0.629940156821439,61111465.45
207961,TRANSCORP,2023-09-19,6.51,6.51,41572573,2026-04-08T04:07:42.606346+00:00,3.3333333333333437,1.6129032258064502,-0.6611570247933907,-6.524822695035459,6.384,6.1845,4.774,7.450780989801629,6.690037211210246,61.35936987285675,0.5147903535755409,-0.09211984259671846,0.6069101961722594,61476648.15
208075,TRANSCORP,2023-09-20,6.5,6.5,14030333,2026-04-08T04:07:45.004042+00:00,-0.1536098310291778,3.3333333333333437,9.98336106489186,1.6691957511380862,6.362,6.301499999999999,4.8344,7.473213990059069,6.499088097062549,61.182122774333955,0.4944350868654217,-0.08998008744547015,0.5844151743108918,59701526.5
208189,TRANSCORP,2023-09-21,6.22,6.22,21161767,2026-04-08T04:07:47.370085+00:00,-4.307692307692312,-0.1536098310291778,-4.6898638426626444,-0.29850746268657025,6.346,6.3935,4.8862,7.592730773011145,6.536254226657704,56.279887205370954,0.4505164581111636,-0.10711897295978268,0.5576354310709463,58917733.2
208303,TRANSCORP,2023-09-22,6.32,6.32,16403360,2026-04-08T04:07:49.898567+00:00,1.6077170418006492,-4.307692307692312,-1.5873015873015817,0.29940119760478723,6.37,6.4455,4.9374,6.218755253034702,6.528104278654573,57.58694807120165,0.41895039332522277,-0.11094803019657884,0.5298984235218016,52513409.8
208417,TRANSCORP,2023-09-25,6.16,6.16,16789928,2026-04-08T04:07:54.305125+00:00,-2.5316455696202556,1.6077170418006492,1.6129032258064502,-9.701492537313438,6.3420000000000005,6.463500000000001,4.978,5.909090894332108,6.429696292942725,54.76578295569241,0.37668124976558026,-0.12257373900497709,0.49925498877055735,49517145.7
208531,TRANSCORP,2023-09-28,5.98,5.98,15728483,2026-04-08T04:07:58.898315+00:00,-2.9220779220779147,-2.5316455696202556,3.3333333333333437,-0.6611570247933907,6.236,6.4435,5.0076,5.504495249849533,6.348801278927743,51.69739474367105,0.32491276122437096,-0.13947378203694916,0.4643865432613201,48878681.25
208645,TRANSCORP,2023-09-29,5.99,5.99,10839783,2026-04-08T04:08:01.279649+00:00,0.16722408026754731,-2.9220779220779147,-0.1536098310291778,9.98336106489186,6.134,6.3925,5.0334,4.973731444104604,6.327030847173714,51.85876756322553,0.2814484153732888,-0.14635050231042507,0.42779891768371386,48509706.35
208759,TRANSCORP,2023-10-03,5.99,5.99,14138924,2026-04-08T04:08:06.721549+00:00,0.0,0.16722408026754731,-4.307692307692312,-4.6898638426626444,6.088,6.3765,5.0686,4.463836417305193,6.137684365672823,51.858767563225534,0.24418776360536576,-0.1468889232626785,0.39107668686804425,34596174.85
208873,TRANSCORP,2023-10-04,6.08,6.08,5847462,2026-04-08T04:08:09.042741+00:00,1.5025041736226985,0.0,1.6077170418006492,-1.5873015873015817,6.040000000000001,6.3469999999999995,5.1212,4.267549447832158,5.467856173996607,53.48096028630184,0.21939166591134818,-0.1373480167653569,0.3567396826767051,30722923.75
208987,TRANSCORP,2023-10-05,6.06,6.06,7815232,2026-04-08T04:08:11.600182+00:00,-0.328947368421062,1.5025041736226985,-2.5316455696202556,1.6129032258064502,6.0200000000000005,6.2975,5.1682,4.021912024766656,5.396909965762457,53.05313302911759,0.19586889232302873,-0.1286966322829411,0.3245655246059698,28272991.95
209101,TRANSCORP,2023-10-06,6.03,6.03,4559493,2026-04-08T04:08:14.22861+00:00,-0.4950495049504844,-0.328947368421062,-2.9220779220779147,3.3333333333333437,6.029999999999999,6.2695,5.210799999999999,3.7791169912281446,5.370395585417455,52.37630235770027,0.17281408233419704,-0.12140115381741823,0.29421523615161527,26465996.45
209216,TRANSCORP,2023-10-09,6.1,6.1,23735191,2026-04-08T04:08:18.740555+00:00,1.1608623548921893,-0.4950495049504844,0.16722408026754731,-0.1536098310291778,6.052,6.2395000000000005,5.254,3.766332220588995,5.370436857328401,53.855579874179014,0.15836585134768555,-0.10867950784314379,0.26704535919082933,26319890.1
209331,TRANSCORP,2023-10-10,6.1,6.1,6477167,2026-04-08T04:08:21.390436+00:00,0.0,1.1608623548921893,0.0,-4.307692307692312,6.074,6.2105,5.295,3.76734901284433,5.3660897847071185,53.855579874179014,0.14524127320899183,-0.09744326878547002,0.24268454199446185,25920517.75
209446,TRANSCORP,2023-10-12,6.3,6.3,12916484,2026-04-08T04:08:24.861957+00:00,3.2786885245901676,0.0,1.5025041736226985,1.6077170418006492,6.118,6.1905,5.345,3.8537697845053267,5.275458547886502,58.16184164141909,0.14925772881874444,-0.07474145054057396,0.2239991793593184,25733103.25
209561,TRANSCORP,2023-10-13,6.12,6.12,10207659,2026-04-08T04:08:27.376596+00:00,-2.857142857142858,3.2786885245901676,-0.328947368421062,-2.5316455696202556,6.13,6.194,5.392199999999999,3.220985908871942,5.296945722501832,53.3374691678806,0.1363446073868566,-0.07012365757796946,0.20646826496482606,23607249.15
209676,TRANSCORP,2023-10-16,6.3,6.3,10504438,2026-04-08T04:08:32.388707+00:00,2.941176470588225,-2.857142857142858,-0.4950495049504844,-2.9220779220779147,6.183999999999999,6.208499999999999,5.445,3.276101288148611,5.274746649430564,57.163927670372104,0.13903267911529849,-0.05394846867962208,0.19298114779492057,19741284.55
209791,TRANSCORP,2023-10-17,6.2,6.2,13282344,2026-04-08T04:08:34.738576+00:00,-1.5873015873015817,2.941176470588225,1.1608623548921893,0.16722408026754731,6.204,6.188,5.499,2.3696985702843456,5.228973020307261,54.490539605652025,0.13157709224595404,-0.049123244439173236,0.18070033668512728,18774860.3
209906,TRANSCORP,2023-10-19,6.2,6.2,21823710,2026-04-08T04:08:38.671249+00:00,0.0,-1.5873015873015817,0.0,0.0,6.224,6.183,5.55,2.1317879806174718,5.2137861049556085,54.490539605652025,0.12423636643953362,-0.04517117619647493,0.16940754263600855,18491655.5
210021,TRANSCORP,2023-10-20,6.22,6.22,4020534,2026-04-08T04:08:40.967521+00:00,0.3225806451612856,0.0,3.2786885245901676,1.5025041736226985,6.208,6.183999999999999,5.6038,2.1022643209107303,5.1753192569176205,54.97891665588276,0.1186647280847648,-0.040594251640995005,0.1592589797257598,15708089.0
210136,TRANSCORP,2023-10-23,6.2,6.2,16435946,2026-04-08T04:08:45.440193+00:00,-0.3215434083601254,0.3225806451612856,-2.857142857142858,-0.328947368421062,6.224,6.179,5.6556,2.070207845154155,5.178046566474864,54.350794458475065,0.11135173817052024,-0.038325793244191664,0.1496775314147119,14414540.55
210251,TRANSCORP,2023-10-24,6.2,6.2,8020028,2026-04-08T04:08:47.71675+00:00,0.0,-0.3215434083601254,2.941176470588225,-0.4950495049504844,6.204,6.163500000000001,5.703599999999999,1.9107150587163777,5.147455060499276,54.350794458475065,0.10435322199074992,-0.0362594475391696,0.14061266952991952,12736913.3
210366,TRANSCORP,2023-10-25,6.18,6.18,19183550,2026-04-08T04:08:50.022319+00:00,-0.3225806451612967,0.0,-1.5873015873015817,1.1608623548921893,6.2,6.1475,5.752199999999999,1.9107507021859034,5.139819241405123,53.64006127061804,0.09608540194117676,-0.03562181407099421,0.13170721601217097,12994574.15
210481,TRANSCORP,2023-10-26,6.35,6.35,11988692,2026-04-08T04:08:52.472279+00:00,2.7508090614886793,-0.3225806451612967,0.0,0.0,6.2299999999999995,6.154,5.8052,1.765170747813651,5.132345659546138,58.59621075766828,0.10207402837594337,-0.023706550108982094,0.12578057848492546,12535920.4
210596,TRANSCORP,2023-10-27,6.22,6.22,24302699,2026-04-08T04:08:54.778052+00:00,-2.0472440944881876,2.7508090614886793,0.3225806451612856,3.2786885245901676,6.23,6.149,5.856999999999999,1.7918491349848156,5.134308535797443,53.85482513821341,0.0952323650028859,-0.024438570785631664,0.11967093578851756,12930887.35
210711,TRANSCORP,2023-10-30,6.2,6.2,32476918,2026-04-08T04:08:59.45056+00:00,-0.3215434083601254,-2.0472440944881876,-0.3215434083601254,-2.857142857142858,6.2299999999999995,6.151000000000001,5.908,1.6973463897487893,5.138065068578654,53.14238542950885,0.08719137671911792,-0.025983647255519715,0.11317502397463763,13715236.85
210826,TRANSCORP,2023-10-31,6.35,6.35,12443223,2026-04-08T04:09:01.914254+00:00,2.4193548387096753,-0.3215434083601254,0.0,2.941176470588225,6.26,6.1695,5.9632,1.6244071080505829,5.124451339599854,57.66574738523771,0.09186363516666063,-0.0170491110463816,0.10891274621304223,13550973.85
210941,TRANSCORP,2023-11-01,6.35,6.35,5976563,2026-04-08T04:09:04.386399+00:00,0.0,2.4193548387096753,-0.3225806451612967,-1.5873015873015817,6.294,6.1875,6.0124,1.6256273554746656,5.023924001079867,57.66574738523771,0.09447735748121211,-0.011548310985464091,0.1060256684666762,13307812.85
211056,TRANSCORP,2023-11-02,6.23,6.23,14931290,2026-04-08T04:09:06.696264+00:00,-1.8897637795275424,0.0,2.7508090614886793,0.0,6.27,6.1995,6.057,1.697599051914046,5.035170130992017,52.92545510813954,0.08587583100422247,-0.016119869969962994,0.10199570097418546,13347431.15
211171,TRANSCORP,2023-11-03,6.2,6.2,17263589,2026-04-08T04:09:09.071615+00:00,-0.48154093097914075,-1.8897637795275424,-2.0472440944881876,0.3225806451612856,6.266,6.2055,6.101,1.6759414083713973,5.0376000276623625,51.77949448908301,0.07576493896664704,-0.02098460960603074,0.09674954857267778,13918237.5
211286,TRANSCORP,2023-11-06,6.3,6.3,10763611,2026-04-08T04:09:13.59419+00:00,1.6129032258064502,-0.48154093097914075,-0.3215434083601254,-0.3215434083601254,6.286,6.217499999999999,6.147,1.7051049478550744,5.036231729907951,55.2571916481525,0.07495708977519389,-0.017433967037987122,0.09239105681318101,14065656.45
211401,TRANSCORP,2023-11-07,6.22,6.22,2833490,2026-04-08T04:09:15.923939+00:00,-1.2698412698412764,1.6129032258064502,2.4193548387096753,0.0,6.26,6.226999999999999,6.1912,1.7305338749391643,5.045625504774178,52.02465203147979,0.06708818126593386,-0.020242300437797733,0.08733048170373159,13979356.3
211517,TRANSCORP,2023-11-08,6.2,6.2,5369513,2026-04-08T04:09:18.177895+00:00,-0.3215434083601254,-1.2698412698412764,0.0,-0.3225806451612967,6.2299999999999995,6.232,6.231999999999999,1.7175308935371587,5.033310453975332,51.217970516786195,0.058563102732856365,-0.023013903176700184,0.08157700590955655,13061072.4
211633,TRANSCORP,2023-11-09,6.21,6.21,9140551,2026-04-08T04:09:20.462573+00:00,0.1612903225806317,-0.3215434083601254,-1.8897637795275424,2.7508090614886793,6.226,6.2375,6.2686,1.7174386609716115,4.994581123622208,51.62189157199861,0.052014245161552175,-0.0236502085984035,0.07566445375995567,13194241.6
211749,TRANSCORP,2023-11-10,6.18,6.18,11880354,2026-04-08T04:09:22.644841+00:00,-0.48309178743961567,0.1612903225806317,-0.48154093097914075,-2.0472440944881876,6.2219999999999995,6.2315,6.286600000000001,1.54912223108762,4.105528278616755,50.27692565339865,0.043897456521225564,-0.025413597790984094,0.06931105431220966,13142435.1
211865,TRANSCORP,2023-11-13,6.23,6.23,25981079,2026-04-08T04:09:27.404692+00:00,0.8090614886731462,-0.48309178743961567,1.6129032258064502,-0.3215434083601254,6.208,6.237,6.2951999999999995,1.4148927139554899,3.873300980609558,52.49829119745634,0.041026497255769456,-0.022627645645152156,0.06365414290092161,13931106.1
211981,TRANSCORP,2023-11-14,6.14,6.14,7649172,2026-04-08T04:09:29.775588+00:00,-1.4446227929374111,0.8090614886731462,-1.2698412698412764,2.4193548387096753,6.192,6.229000000000001,6.2904,1.2850492804637423,3.61273363956926,48.314262972954324,0.03113014458618757,-0.026019198651787243,0.05714934323797481,13788342.8
212097,TRANSCORP,2023-11-15,6.1,6.1,14533467,2026-04-08T04:09:32.378304+00:00,-0.6514657980456029,-1.4446227929374111,-0.3215434083601254,0.0,6.172,6.224,6.272200000000001,1.2452592604113262,3.319630014723048,46.538976550060305,0.019830949251487873,-0.029854715189189557,0.04968566444067743,13850898.95
212213,TRANSCORP,2023-11-16,6.06,6.06,8201851,2026-04-08T04:09:34.916677+00:00,-0.6557377049180357,-0.6514657980456029,0.1612903225806317,-1.8897637795275424,6.142,6.2170000000000005,6.2672,1.2518252974931956,3.007179889354079,44.76747963280257,0.0075614264194401315,-0.03369939041698984,0.04126081683642997,13169806.0
212329,TRANSCORP,2023-11-17,6.2,6.2,17431491,2026-04-08T04:09:37.378105+00:00,2.310231023102327,-0.6557377049180357,-0.48309178743961567,-0.48154093097914075,6.146,6.215999999999999,6.2578,1.3617733055413654,2.9117038071513663,51.69765906499401,0.009030473472172673,-0.025784274691405838,0.03481474816357851,13840353.85
212445,TRANSCORP,2023-11-20,6.13,6.13,17073574,2026-04-08T04:09:41.830835+00:00,-1.1290322580645218,2.310231023102327,0.8090614886731462,1.6129032258064502,6.1259999999999994,6.2125,6.2394,1.3833781389030864,2.791691702402748,48.425895116149526,0.004494479300128695,-0.024256215090759852,0.028750694390888547,13872235.25
212561,TRANSCORP,2023-11-21,6.14,6.14,8712105,2026-04-08T04:09:44.211025+00:00,0.16313213703098572,-1.1290322580645218,-1.4446227929374111,-1.2698412698412764,6.1259999999999994,6.2095,6.2303999999999995,1.3841550065842327,2.640594338236222,48.92319850776254,0.0016871393727431183,-0.021650844014516342,0.02333798338725946,13906839.1
212677,TRANSCORP,2023-11-22,6.15,6.15,8888972,2026-04-08T04:09:46.526636+00:00,0.16286644951140072,0.16313213703098572,-0.6514657980456029,-0.3215434083601254,6.136,6.208,6.2194,1.3831868361846935,2.6284798991357117,49.44814076983192,0.000266150661853537,-0.018457466180324737,0.018723616842178274,13392110.2
212793,TRANSCORP,2023-11-23,6.17,6.17,7425208,2026-04-08T04:09:48.793806+00:00,0.3252032520325132,0.16286644951140072,-0.6557377049180357,0.1612903225806317,6.1579999999999995,6.199,6.209200000000001,1.2252039418117004,2.6291788397474924,50.542930965415856,0.0007452489577461918,-0.014382694307545666,0.015127943265291858,13163936.0
212909,TRANSCORP,2023-11-27,6.74,6.74,44468286,2026-04-08T04:09:54.316732+00:00,9.238249594813631,0.3252032520325132,2.310231023102327,-0.48309178743961567,6.266,6.225,6.209999999999999,2.366318485631659,2.9437049573750977,70.29063689937882,0.04658220347495323,0.0251634081677291,0.021418795307224132,14172215.35
213026,TRANSCORP,2023-11-28,6.74,6.74,46556374,2026-04-08T04:09:57.050116+00:00,0.0,9.238249594813631,-1.1290322580645218,0.8090614886731462,6.388,6.252000000000001,6.2238,2.362048496752473,2.585498044992373,70.29063689937884,0.08196349600581421,0.048435760558872054,0.03352773544694215,14876188.15
213143,TRANSCORP,2023-11-29,6.83,6.83,27382433,2026-04-08T04:09:59.54407+00:00,1.335311572700304,0.0,0.16313213703098572,-1.4446227929374111,6.526000000000001,6.276,6.240200000000001,2.3264991740828083,2.5865862795025523,72.31491926162096,0.11592931213676394,0.06592126135185743,0.05000805078490651,15623148.65
213260,TRANSCORP,2023-11-30,6.98,6.98,42756349,2026-04-08T04:10:01.973818+00:00,2.196193265007329,1.335311572700304,0.16286644951140072,-0.6514657980456029,6.692,6.3075,6.2476,2.3587494830590203,2.1958166810947946,75.33174120539297,0.15318538674492377,0.0825418687680138,0.07064351797690997,17462137.95
213377,TRANSCORP,2023-12-01,6.76,6.76,12912390,2026-04-08T04:10:04.46052+00:00,-3.151862464183386,2.196193265007329,0.3252032520325132,-0.6557377049180357,6.81,6.3340000000000005,6.256799999999999,2.4414644850297162,2.1368692751785927,64.26989579512218,0.16307905902487807,0.07394843283837448,0.0891306261865036,17361192.95
213494,TRANSCORP,2023-12-04,6.9,6.9,24378195,2026-04-08T04:10:08.793495+00:00,2.071005917159763,-3.151862464183386,9.238249594813631,2.310231023102327,6.8420000000000005,6.369,6.2708,2.457623585463355,2.138345999661048,67.53676271677575,0.18014015201886036,0.0728076206658854,0.10733253135297495,17716923.25
213611,TRANSCORP,2023-12-05,6.95,6.95,9681412,2026-04-08T04:10:11.104733+00:00,0.7246376811594235,2.071005917159763,0.0,-1.1290322580645218,6.884,6.4015,6.2838,2.4456659882303624,2.1303494751067493,68.63958519919134,0.19544282998259188,0.07048823890369355,0.12495459107889834,17662813.3
213728,TRANSCORP,2023-12-06,6.86,6.86,28925939,2026-04-08T04:10:13.383432+00:00,-1.2949640287769792,0.7246376811594235,1.335311572700304,0.16313213703098572,6.890000000000001,6.4335,6.290800000000001,2.446639653965104,2.092454826978089,64.39877734513006,0.19802535169226676,0.05845660849069473,0.13956874320157203,18967435.75
213845,TRANSCORP,2023-12-08,6.82,6.82,6710161,2026-04-08T04:10:16.965057+00:00,-0.5830903790087438,-1.2949640287769792,2.196193265007329,0.16286644951140072,6.858,6.464499999999999,6.2972,2.4520575683791375,2.0945058327584323,62.549095043125526,0.19460111255663026,0.04402589548404656,0.1505752170725837,19034468.15
213962,TRANSCORP,2023-12-11,6.73,6.73,12612330,2026-04-08T04:10:21.350621+00:00,-1.319648093841641,-0.5830903790087438,-3.151862464183386,0.3252032520325132,6.852000000000001,6.4905,6.3074,2.4851260314574226,2.0064532180559778,58.47915677133308,0.18252114044117018,0.025556738694869185,0.156964401746301,19208057.1
214079,TRANSCORP,2023-12-12,6.72,6.72,7579841,2026-04-08T04:10:23.843731+00:00,-0.14858841010402246,-1.319648093841641,2.071005917159763,9.238249594813631,6.816000000000001,6.5175,6.3153999999999995,2.479769314845973,1.9962424710216489,58.0273613883529,0.17017904102944303,0.010571711426513614,0.15960732960292942,18993031.45
214196,TRANSCORP,2023-12-13,6.82,6.82,12006091,2026-04-08T04:10:26.19208+00:00,1.488095238095255,-0.14858841010402246,0.7246376811594235,0.0,6.790000000000001,6.547,6.3286,2.489604189996652,1.96710550918281,61.25127082689002,0.16654715070937787,0.005551856885158746,0.16099529382421912,18294282.05
214313,TRANSCORP,2023-12-14,6.94,6.94,17994297,2026-04-08T04:10:28.64956+00:00,1.7595307917888547,1.488095238095255,-1.2949640287769792,1.335311572700304,6.806,6.587000000000001,6.347799999999999,2.4620556250390564,1.9253606180455902,64.75022929435102,0.17137632894055965,0.008304828093072425,0.16307150084748723,18811538.3
214430,TRANSCORP,2023-12-15,6.96,6.96,15621428,2026-04-08T04:10:31.179138+00:00,0.28818443804032867,1.7595307917888547,-0.5830903790087438,2.196193265007329,6.8340000000000005,6.63,6.3672,2.4449800160451507,1.9252459906076684,65.31242649336794,0.17480230813660658,0.009384645831295446,0.16541766230531113,18865936.35
214547,TRANSCORP,2023-12-18,6.96,6.96,24091902,2026-04-08T04:10:35.879044+00:00,0.0,0.28818443804032867,-1.319648093841641,-3.151862464183386,6.88,6.675,6.3866,2.430351270872744,1.9252459906076684,65.31242649336794,0.17549443077582705,0.008061414776412729,0.16743301599941432,19660438.9
214664,TRANSCORP,2023-12-19,7.0,7.0,24909822,2026-04-08T04:10:38.280823+00:00,0.5747126436781658,0.0,-0.14858841010402246,2.071005917159763,6.936,6.715000000000001,6.405,2.401461886019909,1.9180573347544458,66.54988146464949,0.17722763876067749,0.007835698209010533,0.16939194055166695,20034355.45
214781,TRANSCORP,2023-12-20,7.7,7.7,51959490,2026-04-08T04:10:40.523028+00:00,10.000000000000009,0.5747126436781658,1.488095238095255,0.7246376811594235,7.112,6.7935,6.437799999999999,3.1453564903743287,2.3553409560013057,79.9978168838044,0.23240633289398538,0.05041151387385473,0.18199481902013065,21778651.25
214898,TRANSCORP,2023-12-21,8.47,8.47,65304999,2026-04-08T04:10:42.873875+00:00,10.000000000000009,10.000000000000009,1.7595307917888547,-1.2949640287769792,7.418000000000001,6.909999999999999,6.486600000000001,3.696848077725275,2.705843439762803,86.45068371907087,0.33441349971758605,0.12193494455796433,0.21247855515962172,24608295.95
215015,TRANSCORP,2023-12-28,8.8,8.8,19395012,2026-04-08T04:10:51.166125+00:00,3.8961038961038863,10.000000000000009,0.28818443804032867,-0.5830903790087438,7.786,7.0424999999999995,6.5406,3.7102632831277846,2.742418377096689,88.20666484302795,0.4368474509358764,0.17949511662100376,0.25735233431487264,25133597.95
215132,TRANSCORP,2023-12-29,8.66,8.66,12613972,2026-04-08T04:10:53.57119+00:00,-1.5909090909090984,3.8961038961038863,0.0,-1.319648093841641,8.126,7.167,6.591799999999999,3.776400138624933,2.7607136131563044,83.27583262155393,0.5009555614238712,0.19488258168719885,0.30607297973667236,25393036.15
215249,TRANSCORP,2024-01-02,9.52,9.52,46646744,2026-04-08T04:10:59.157783+00:00,9.930715935334877,-1.5909090909090984,0.5747126436781658,-0.14858841010402246,8.629999999999999,7.306,6.6562,3.8508753231839497,3.0324988379069358,87.79084943851375,0.6140778068327126,0.2464038616768322,0.3676739451558804,25501959.05
215366,TRANSCORP,2024-01-03,10.47,10.47,28049608,2026-04-08T04:11:01.401293+00:00,9.978991596638664,9.930715935334877,10.000000000000009,1.488095238095255,9.184000000000001,7.4925,6.743200000000001,4.2318180978275945,3.2461519325825723,90.75878143681184,0.7714917847817162,0.3230542717006686,0.4484375130810476,24576620.75
215483,TRANSCORP,2024-01-04,11.51,11.51,41192136,2026-04-08T04:11:03.846312+00:00,9.933142311365796,9.978991596638664,10.000000000000009,1.7595307917888547,9.792000000000002,7.7265,6.8474,4.552400979138639,3.468783123515136,92.81728472575682,0.9689928582770131,0.4164442761567724,0.5525485821202407,25267105.9
215600,TRANSCORP,2024-01-05,12.66,12.66,75430292,2026-04-08T04:11:07.208124+00:00,9.991311902693312,9.933142311365796,3.8961038961038863,0.28818443804032867,10.564,8.0105,6.976600000000001,4.828901827634698,3.6556795185699134,94.32313029182883,1.204425404653362,0.521501458026497,0.6829239466268651,26900803.05
215717,TRANSCORP,2024-01-08,13.9,13.9,298302880,2026-04-08T04:11:11.742656+00:00,9.79462875197472,9.991311902693312,-1.5909090909090984,0.0,11.611999999999998,8.3675,7.130599999999999,4.81057278858832,3.8318268050869806,95.4345619550868,1.4740728366615752,0.6329191120277681,0.8411537246338071,41170327.55
215834,TRANSCORP,2024-01-09,14.29,14.29,108340483,2026-04-08T04:11:14.100458+00:00,2.8057553956834402,9.79462875197472,9.930715935334877,0.5747126436781658,12.565999999999999,8.736999999999998,7.292000000000001,4.7996704821976515,3.829751771098409,95.71848393910189,1.6996476299824064,0.6867951242788792,1.0128525057035271,45368441.95
215951,TRANSCORP,2024-01-10,12.87,12.87,117638870,2026-04-08T04:11:16.512964+00:00,-9.937018894331695,2.8057553956834402,9.978991596638664,10.000000000000009,13.046000000000001,9.033,7.425400000000001,5.673149702671738,4.162635581766624,76.9533204607203,1.7437344608749985,0.584705564137177,1.1590288967378215,50766314.85
216068,TRANSCORP,2024-01-11,13.4,13.4,74535034,2026-04-08T04:11:18.918089+00:00,4.118104118104138,-9.937018894331695,9.933142311365796,10.000000000000009,13.423999999999998,9.360000000000001,7.569400000000001,5.571699489205331,4.1719996829260815,78.6367540558945,1.8006830097409878,0.5133232904025331,1.2873597193384547,53046769.6
216185,TRANSCORP,2024-01-12,13.85,13.85,54438251,2026-04-08T04:11:21.244944+00:00,3.3582089552238736,4.118104118104138,9.991311902693312,3.8961038961038863,13.662,9.7115,7.722800000000001,5.486914569333327,4.169209682339956,79.97426521624257,1.860677650479401,0.4586543449127569,1.402023305566644,55433174.1
216302,TRANSCORP,2024-01-15,14.5,14.5,66894703,2026-04-08T04:11:25.674113+00:00,4.693140794223827,3.3582089552238736,9.79462875197472,-1.5909090909090984,13.782,10.1,7.885800000000001,5.357956244853595,4.188115836703719,81.75149279441484,1.938329546778963,0.4290449929698552,1.5092845538091078,58147292.75
216419,TRANSCORP,2024-01-16,15.95,15.95,48920881,2026-04-08T04:11:28.037988+00:00,9.999999999999986,4.693140794223827,2.8057553956834402,9.930715935334877,14.113999999999999,10.5615,8.080400000000001,5.41993270015549,4.310062644352425,84.95840946134491,2.0927482171358385,0.4667709306613843,1.6259772864744542,60214344.75
216536,TRANSCORP,2024-01-18,19.2,19.2,156620716,2026-04-08T04:11:31.337167+00:00,20.376175548589348,9.999999999999986,-9.937018894331695,9.978991596638664,15.379999999999999,11.1805,8.340399999999999,6.412307777836157,5.019195762175397,89.43849410452121,2.4491417826047783,0.6585315969042593,1.790610185700519,67445076.0
216653,TRANSCORP,2024-01-19,18.65,18.65,80317529,2026-04-08T04:11:38.619168+00:00,-2.864583333333337,20.376175548589348,4.118104118104138,9.933142311365796,16.43,11.766000000000002,8.5864,6.633759910712432,5.074175520579984,84.83355254317192,2.656582418996628,0.6927777866368869,1.963804632359741,70561237.6
216770,TRANSCORP,2024-01-22,18.21,18.21,66520666,2026-04-08T04:11:42.948818+00:00,-2.359249329758706,-2.864583333333337,3.3582089552238736,9.991311902693312,17.302,12.3285,8.8236,6.763489578047721,5.106841195819067,81.23031850559275,2.753732975497403,0.6319426745101295,2.1217903009872736,73106199.5
216887,TRANSCORP,2024-01-23,16.39,16.39,77710722,2026-04-08T04:11:45.304506+00:00,-9.9945085118067,-2.359249329758706,4.693140794223827,9.79462875197472,17.68,12.8,9.0268,7.492766893153167,5.363129458805105,68.30651515252244,2.653281326311429,0.4251928202593245,2.2280885060521047,75787140.5
217004,TRANSCORP,2024-01-24,17.13,17.13,95108633,2026-04-08T04:11:47.647942+00:00,4.514948139109198,-9.9945085118067,9.999999999999986,2.8057553956834402,17.916,13.3065,9.2454,7.431936433861014,5.360817491828334,70.3706555921905,2.6033744065638853,0.3002287204094243,2.303145686154461,79297081.05
217121,TRANSCORP,2024-01-25,17.0,17.0,34186326,2026-04-08T04:11:50.11021+00:00,-0.7589025102159863,4.514948139109198,20.376175548589348,-9.937018894331695,17.476,13.7715,9.459399999999999,7.427571346935013,5.376483145456597,69.5141332890359,2.5242350887381573,0.176871522066957,2.3473635666712003,78408422.85
217238,TRANSCORP,2024-01-26,16.5,16.5,14800465,2026-04-08T04:11:52.721812+00:00,-2.941176470588236,-0.7589025102159863,-2.864583333333337,4.118104118104138,17.046,14.172999999999998,9.665,7.467934904630875,5.403249478959385,66.17779041062742,2.393579097977396,0.03697242504495657,2.3566066729324393,75883196.15
217355,TRANSCORP,2024-01-29,15.99,15.99,42804149,2026-04-08T04:11:57.440388+00:00,-3.0909090909090886,-2.941176470588236,-2.359249329758706,3.3582089552238736,16.601999999999997,14.532499999999999,9.860800000000001,7.617607169559591,5.44270582392841,62.86356947019515,2.2232522778887365,-0.10668351603496262,2.329935793923699,77053653.0
217472,TRANSCORP,2024-01-30,14.4,14.4,52056228,2026-04-08T04:12:00.024191+00:00,-9.943714821763605,-3.0909090909090886,-9.9945085118067,4.693140794223827,16.204,14.8195,10.0246,8.112635270594698,5.696058936712353,53.81492427393863,1.937631523940201,-0.31384341598679866,2.2514749399269998,79025765.8
217589,TRANSCORP,2024-01-31,12.96,12.96,79678884,2026-04-08T04:12:02.433526+00:00,-9.999999999999998,-9.943714821763605,4.514948139109198,9.999999999999986,15.37,14.991500000000002,10.1602,8.419314850440376,5.929819088678541,47.18995141024625,1.5769015141635379,-0.5396587406107693,2.116560254774307,80677372.8
217706,TRANSCORP,2024-02-01,14.0,14.0,91015741,2026-04-08T04:12:04.812869+00:00,8.024691358024683,-9.999999999999998,-0.7589025102159863,20.376175548589348,14.77,15.168000000000001,10.3156,8.331296481388888,5.996130229046381,51.80463738471153,1.3592708624677083,-0.6058315138452792,1.9651023763129876,83825679.45
217823,TRANSCORP,2024-02-02,15.4,15.4,54983138,2026-04-08T04:12:07.232701+00:00,10.000000000000009,8.024691358024683,-2.941176470588236,-2.864583333333337,14.55,15.3625,10.500800000000002,8.334750223642988,6.087339921900294,57.22352295354441,1.2849531625639372,-0.5441193709992405,1.8290725335631777,84515229.55
217940,TRANSCORP,2024-02-05,14.75,14.75,49968959,2026-04-08T04:12:11.791199+00:00,-4.2207792207792245,10.000000000000009,-3.0909090909090886,-2.359249329758706,14.302000000000001,15.466999999999999,10.673800000000002,8.203475908786505,6.140159758217148,54.177762142792574,1.1602318516699412,-0.5350725455145893,1.6953043971845305,83242162.9
218057,TRANSCORP,2024-02-06,14.2,14.2,18705153,2026-04-08T04:12:14.363902+00:00,-3.7288135593220417,-4.2207792207792245,-9.943714821763605,-9.9945085118067,14.262,15.482,10.8366,8.002121486260034,6.182127966175898,51.67161120957603,1.0054190656228492,-0.551908265249345,1.5573273308721942,69262276.55
218174,TRANSCORP,2024-02-07,13.97,13.97,39900233,2026-04-08T04:12:16.791058+00:00,-1.6197183098591417,-3.7288135593220417,-9.999999999999998,4.514948139109198,14.463999999999999,15.466,10.992,7.993352871742548,6.201756066116299,50.61714269542971,0.8543216513053515,-0.5624045436534744,1.416726194958826,65840264.05
218291,TRANSCORP,2024-02-08,12.65,12.65,41535896,2026-04-08T04:12:19.312026+00:00,-9.4488188976378,-1.6197183098591417,8.024691358024683,-0.7589025102159863,14.193999999999999,15.454999999999998,11.1224,7.961509422537846,6.391247315385452,44.947937696108085,0.6209054816685047,-0.6366565706322569,1.2575620523007616,62035115.35
218408,TRANSCORP,2024-02-09,13.49,13.49,33343120,2026-04-08T04:12:21.609908+00:00,6.640316205533603,-9.4488188976378,10.000000000000009,-2.941176470588236,13.812000000000001,15.4595,11.269400000000001,8.0462684765295,6.425941988405197,48.87231455738916,0.49796226634996543,-0.6076798287606369,1.1056420951106023,59975519.65
218525,TRANSCORP,2024-02-12,13.2,13.2,17082731,2026-04-08T04:12:25.771109+00:00,-2.1497405485544907,6.640316205533603,-4.2207792207792245,-3.0909090909090886,13.502,15.426999999999998,11.410400000000003,8.031479111130922,6.446142960076918,47.610478155202856,0.3728305476092313,-0.5862492380010969,0.9590797856103281,58107743.65
218642,TRANSCORP,2024-02-13,12.9,12.9,17915701,2026-04-08T04:12:28.061356+00:00,-2.2727272727272596,-2.1497405485544907,-3.7288135593220417,-9.943714821763605,13.241999999999999,15.347,11.545,7.970630396023299,6.468197277007121,46.279303920831325,0.24661247113020224,-0.5699738515841007,0.816586322714303,55658793.55
218759,TRANSCORP,2024-02-14,12.8,12.8,30645854,2026-04-08T04:12:30.570558+00:00,-0.7751937984496138,-2.2727272727272596,-1.6197183098591417,-9.999999999999998,13.008000000000001,15.189499999999999,11.666199999999998,7.593604247259953,6.384071096526612,45.81942298732831,0.13693605826338384,-0.5437202115607354,0.6806562698241192,54745042.2
218876,TRANSCORP,2024-02-16,13.2,13.2,15007599,2026-04-08T04:12:34.036511+00:00,3.124999999999978,-0.7751937984496138,-9.4488188976378,8.024691358024683,13.118,14.889500000000002,11.795399999999999,5.833802397743516,6.384523320279422,48.04346722940025,0.08135555179207721,-0.4794405744256336,0.5607961262177108,47664386.35
218993,TRANSCORP,2024-02-19,13.8,13.8,20135460,2026-04-08T04:12:38.429241+00:00,4.545454545454564,3.124999999999978,6.640316205533603,10.000000000000009,13.180000000000001,14.647,11.934800000000001,5.9887390269161545,6.39846135838189,51.27443497645076,0.08474569000638432,-0.38084034896906116,0.4655860389754455,44655282.9
219110,TRANSCORP,2024-02-20,13.0,13.0,39746190,2026-04-08T04:12:40.813552+00:00,-5.797101449275366,4.545454545454564,-2.1497405485544907,-4.2207792207792245,13.14,14.386499999999998,12.0552,6.068858620946937,6.482884279516292,47.071311220954534,0.022618354533189944,-0.3543741475538044,0.37699250208699436,43316559.1
219227,TRANSCORP,2024-02-21,12.9,12.9,27362164,2026-04-08T04:12:43.257682+00:00,-0.7692307692307665,-5.797101449275366,-2.2727272727272596,-3.7288135593220417,13.14,14.212,12.177999999999999,5.72993983850103,6.45705203210102,46.557556097757235,-0.03429187530516131,-0.32902750191372454,0.29473562660856323,40799131.2
219344,TRANSCORP,2024-02-22,12.52,12.52,10986527,2026-04-08T04:12:45.850796+00:00,-2.945736434108537,-0.7692307692307665,-0.7751937984496138,-1.6197183098591417,13.084,13.9815,12.290400000000002,5.590889933747434,6.486913681605363,44.56696872178538,-0.10880226192717046,-0.32283031082858693,0.2140280489014165,36593025.9
219461,TRANSCORP,2024-02-26,12.98,12.98,10750773,2026-04-08T04:12:51.18414+00:00,3.6741214057508076,-2.945736434108537,3.124999999999978,-9.4488188976378,13.040000000000001,13.7805,12.411,5.7046260819765,6.494052440171659,47.493563116973505,-0.1292442769509421,-0.27461786068188687,0.1453735837309448,35421248.25
219578,TRANSCORP,2024-02-27,13.35,13.35,44411769,2026-04-08T04:12:53.509755+00:00,2.850539291217258,3.6741214057508076,4.545454545454564,6.640316205533603,12.95,13.623,12.540799999999999,5.757526920709243,6.484629342221828,49.78978860910332,-0.11427156191884436,-0.20771611651983132,0.09344455460098697,36901813.45
219695,TRANSCORP,2024-02-29,12.99,12.99,54082444,2026-04-08T04:12:56.822244+00:00,-2.696629213483137,2.850539291217258,-5.797101449275366,-2.1497405485544907,12.948000000000002,13.472999999999999,12.664200000000001,5.7502831965561665,6.505619611687005,47.608217528167934,-0.12995651097439165,-0.1787208524603029,0.048764341485911245,37465728.2
219812,TRANSCORP,2024-03-01,14.28,14.28,56998255,2026-04-08T04:12:59.287484+00:00,9.930715935334877,-2.696629213483137,-0.7692307692307665,-2.2727272727272596,13.223999999999998,13.467000000000002,12.815199999999999,5.817567315476189,6.599987172804067,55.185590383412915,-0.037858319938434803,-0.06929812913947683,0.031439809201042036,37712829.55
219929,TRANSCORP,2024-03-04,15.7,15.7,203432945,2026-04-08T04:13:03.814092+00:00,9.943977591036424,9.930715935334877,-2.945736434108537,-0.7751937984496138,13.86,13.604,12.9948,5.70001309545196,6.6951709545931095,61.74451337375888,0.14800616956197032,0.09325308828874262,0.0547530812732277,43900532.6
220047,TRANSCORP,2024-03-05,17.27,17.27,68031214,2026-04-08T04:13:06.279726+00:00,10.000000000000009,9.943977591036424,3.6741214057508076,3.124999999999978,14.718,13.767499999999998,13.2038,5.841390852447418,6.791318686855233,67.421767806559,0.41718198134078577,0.28994312005404643,0.12723886128673934,42751306.25
220165,TRANSCORP,2024-03-06,18.99,18.99,67339259,2026-04-08T04:13:08.558236+00:00,9.959467284308033,10.000000000000009,2.850539291217258,4.545454545454564,15.846,13.947,13.4448,5.838188424179004,6.881416094282912,72.27593769004424,0.7605284779613299,0.5066316933396724,0.2538967846216575,43369112.3
220283,TRANSCORP,2024-03-07,17.1,17.1,301362962,2026-04-08T04:13:10.988978+00:00,-9.95260663507107,9.959467284308033,-2.696629213483137,-5.797101449275366,16.668,14.0645,13.6476,6.245411036388121,7.090551784893746,61.44232852416438,0.8700959214337054,0.4929593094496383,0.3771366119840671,55938812.45
220401,TRANSCORP,2024-03-08,17.0,17.0,92867765,2026-04-08T04:13:13.453006+00:00,-0.5847953216374324,-9.95260663507107,9.930715935334877,-0.7692307692307665,17.212,14.204500000000001,13.8484,6.161088019894525,7.09449366926365,60.92200139441009,0.9380465290381732,0.4487279336432848,0.4893185953948884,59646943.05
220519,TRANSCORP,2024-03-11,17.8,17.8,73860004,2026-04-08T04:13:17.773706+00:00,4.705882352941182,-0.5847953216374324,9.943977591036424,-2.945736434108537,17.631999999999998,14.395999999999997,14.0644,6.1773897878836515,7.101081827749983,63.57925097954495,1.0444118594514968,0.4440746112452867,0.6003372482062102,61344931.6
220637,TRANSCORP,2024-03-12,17.0,17.0,170717650,2026-04-08T04:13:20.258657+00:00,-4.49438202247191,4.705882352941182,10.000000000000009,3.6741214057508076,17.577999999999996,14.613499999999998,14.250399999999999,5.807756917662096,7.068901091474172,59.24107049884254,1.0520267267616337,0.36135158284433877,0.6906751439172949,67804019.3
220755,TRANSCORP,2024-03-13,16.5,16.5,38949935,2026-04-08T04:13:22.557243+00:00,-2.941176470588236,-4.49438202247191,9.959467284308033,2.850539291217258,17.080000000000002,14.764,14.411,5.769229252636744,7.000507032551353,56.6398394850796,1.006117842440382,0.2523541588184697,0.7537636836219124,68084360.05
220873,TRANSCORP,2024-03-14,16.4,16.4,27066592,2026-04-08T04:13:25.004754+00:00,-0.60606060606061,-2.941176470588236,-9.95260663507107,-2.696629213483137,16.94,14.924000000000001,14.562999999999999,5.732720034684058,6.999039727493876,56.10919368361561,0.9507064049529017,0.15755417706479136,0.7931522278881104,68583553.1
220991,TRANSCORP,2024-03-15,15.5,15.5,25215799,2026-04-08T04:13:27.500984+00:00,-5.487804878048774,-0.60606060606061,-0.5847953216374324,9.930715935334877,16.64,15.053999999999998,14.699799999999998,5.879745636511706,7.05549639460561,51.43833415337614,0.8246637527338994,0.02520921987663116,0.7994545328572682,68948558.0
221109,TRANSCORP,2024-03-19,14.6,14.6,21573408,2026-04-08T04:13:32.54102+00:00,-5.8064516129032295,-5.487804878048774,4.705882352941182,9.943977591036424,16.0,15.144,14.8014,6.068100563933042,7.018563724723582,47.20631555644746,0.6447196377163458,-0.12378791611273798,0.7685075538290838,68494935.7
221227,TRANSCORP,2024-03-20,13.55,13.55,26296775,2026-04-08T04:13:34.949661+00:00,-7.191780821917804,-5.8064516129032295,-4.49438202247191,10.000000000000009,15.309999999999999,15.161499999999998,14.863000000000001,6.297159161428906,6.99506924094763,42.7837803301672,0.412629865121783,-0.2847021509658406,0.6973320160876236,69059394.5
221345,TRANSCORP,2024-03-21,14.9,14.9,20618720,2026-04-08T04:13:37.293426+00:00,9.963099630996307,-7.191780821917804,-2.941176470588236,9.959467284308033,14.99,15.216500000000002,14.9308,6.5979736605998,6.995872905467991,49.35353947568834,0.3337831217485885,-0.2908391154712282,0.6246222372198167,69083557.5
221463,TRANSCORP,2024-03-22,15.45,15.45,15705365,2026-04-08T04:13:39.66616+00:00,3.691275167785224,9.963099630996307,-0.60606060606061,-9.95260663507107,14.8,15.339000000000002,14.9866,6.454279901896394,6.881888899744672,51.78264975951291,0.31207945532515957,-0.25003422551572574,0.5621136808408853,67881516.25
221581,TRANSCORP,2024-03-25,14.15,14.15,11487337,2026-04-08T04:13:43.964435+00:00,-8.414239482200635,3.691275167785224,-5.487804878048774,-0.5847953216374324,14.530000000000001,15.401499999999999,14.9916,6.786294647165873,6.868616008166832,46.14858460866504,0.1878149935367155,-0.29943894984333586,0.48725394338005135,67087774.9
221699,TRANSCORP,2024-03-26,13.95,13.95,8439293,2026-04-08T04:13:46.391317+00:00,-1.4134275618374659,-8.414239482200635,-5.8064516129032295,4.705882352941182,14.4,15.472999999999999,14.9848,6.751770050747004,6.862648539847604,45.33142241017084,0.07236203921771533,-0.33191352332986884,0.4042755625475842,66960413.2
221817,TRANSCORP,2024-03-27,13.6,13.6,48082035,2026-04-08T04:13:48.795654+00:00,-2.508960573476704,-1.4134275618374659,-7.191780821917804,-4.49438202247191,14.41,15.504,14.999400000000001,6.752701603078255,6.718086467407111,43.867508349825904,-0.046837421165749404,-0.3608903869706669,0.3140529658049175,68826976.3
221935,TRANSCORP,2024-03-28,14.2,14.2,35285471,2026-04-08T04:13:51.173779+00:00,4.4117647058823595,-2.508960573476704,9.963099630996307,-2.941176470588236,14.27,15.5465,15.0154,6.79086092402124,6.7215961366245045,47.02577460393797,-0.09183030413096382,-0.3247066159487051,0.23287631181774124,68370661.4
222053,TRANSCORP,2024-04-02,14.0,14.0,23371156,2026-04-08T04:13:58.053067+00:00,-1.4084507042253502,4.4117647058823595,3.691275167785224,-0.60606060606061,13.98,15.597,15.018400000000002,6.764751533427147,6.711603293471876,46.09477489211555,-0.14198905512500737,-0.2998922935541989,0.15790323842919154,66835097.0
222171,TRANSCORP,2024-04-03,13.8,13.8,45946972,2026-04-08T04:14:00.66873+00:00,-1.4285714285714235,-1.4084507042253502,-8.414239482200635,-5.487804878048774,13.91,15.572999999999999,15.0044,6.406595685782039,6.684441131232987,45.13252492992497,-0.1956235289223347,-0.282821413881221,0.08719788495888631,66282532.85
222289,TRANSCORP,2024-04-04,13.75,13.75,28350374,2026-04-08T04:14:03.310057+00:00,-0.36231884057971175,-1.4285714285714235,-1.4134275618374659,-5.8064516129032295,13.87,15.4755,14.9604,5.965835323429741,6.530570670961382,44.88028346058366,-0.23940411632568548,-0.2612816010276574,0.021877484701971955,57528404.3
222407,TRANSCORP,2024-04-05,13.55,13.55,14778649,2026-04-08T04:14:05.820809+00:00,-1.4545454545454528,-0.36231884057971175,-2.508960573476704,-7.191780821917804,13.860000000000003,15.2895,14.847399999999999,5.431307373704066,5.82592651977157,43.8251795430599,-0.2869313102590709,-0.24704703596883432,-0.039884274290236624,54865776.05
222525,TRANSCORP,2024-04-12,14.95,14.95,71430613,2026-04-08T04:14:15.984697+00:00,10.332103321033204,-1.4545454545454528,4.4117647058823595,9.963099630996307,14.01,15.0875,14.773399999999999,5.471610634239038,6.013854945103636,52.281958484730275,-0.20921693159993993,-0.13546612584776263,-0.0737508057521773,55070343.75
222643,TRANSCORP,2024-04-15,14.0,14.0,27562324,2026-04-08T04:14:20.492228+00:00,-6.35451505016722,10.332103321033204,-1.4084507042253502,3.691275167785224,14.01,14.9325,14.689200000000001,5.216616305302803,6.068541092425237,47.10031692099826,-0.22172883513936625,-0.11838242350975116,-0.1033464116296151,41380311.85
222761,TRANSCORP,2024-04-16,13.45,13.45,18964964,2026-04-08T04:14:22.958286+00:00,-3.928571428571437,-6.35451505016722,-1.4285714285714235,-8.414239482200635,13.940000000000001,14.754999999999999,14.6304,5.260471763048721,5.9307664112545915,44.35922715341822,-0.2728794281102651,-0.13562641318452,-0.1372530149257451,37685171.8
222879,TRANSCORP,2024-04-17,13.6,13.6,15921797,2026-04-08T04:14:25.407203+00:00,1.1152416356877248,-3.928571428571437,-0.36231884057971175,-1.4134275618374659,13.91,14.544999999999998,14.559799999999997,5.113454409554011,5.894709506639325,45.29429960997178,-0.29787912997509736,-0.12850089203948178,-0.16937823793561557,34788261.45
222997,TRANSCORP,2024-04-18,14.0,14.0,23588615,2026-04-08T04:14:27.862982+00:00,2.941176470588247,1.1152416356877248,-1.4545454545454528,-2.508960573476704,14.0,14.395,14.499799999999999,5.132696490588211,5.911924460204279,47.81295213911095,-0.28216232511164385,-0.09022726974082262,-0.19193505537082123,27431809.7
223115,TRANSCORP,2024-04-19,14.0,14.0,12374526,2026-04-08T04:14:30.225092+00:00,0.0,2.941176470588247,10.332103321033204,4.4117647058823595,13.809999999999999,14.27,14.449799999999998,5.11149571562793,5.8988906702636426,47.81295213911095,-0.26663306403501785,-0.05975840693135728,-0.20687465710366057,26103039.25
223233,TRANSCORP,2024-04-22,14.4,14.4,10986985,2026-04-08T04:14:34.624841+00:00,2.857142857142869,0.0,-6.35451505016722,-1.4084507042253502,13.889999999999997,14.169999999999998,14.418000000000001,5.1729779819437836,5.898530442672859,50.4582604288927,-0.2195188787010771,-0.010115377277933213,-0.2094035014231439,25299058.9
223351,TRANSCORP,2024-04-23,14.9,14.9,125700102,2026-04-08T04:14:36.881925+00:00,3.472222222222232,2.857142857142869,-3.928571428571437,-1.4285714285714235,14.180000000000001,14.14,14.427999999999999,5.107898068841218,5.741879905710783,53.62281536939786,-0.14021837590438757,0.0553481004150051,-0.19556647631939267,30323274.05
223469,TRANSCORP,2024-04-24,13.9,13.9,8413693,2026-04-08T04:14:39.108369+00:00,-6.711409395973156,3.472222222222232,1.1152416356877248,-0.36231884057971175,14.24,14.105,14.446800000000001,5.165036195022611,5.6402605450331516,47.13761141422362,-0.15626250190807234,0.03144317952905629,-0.18770568143712862,29665288.3
223587,TRANSCORP,2024-04-25,14.0,14.0,28473276,2026-04-08T04:14:41.415412+00:00,0.7194244604316502,-6.711409395973156,2.941176470588247,-1.4545454545454528,14.24,14.127500000000001,14.446800000000001,4.890559358991049,5.529452284216946,47.81726181027238,-0.15907470886926944,0.02290477805428734,-0.18197948692355678,29774113.35
223705,TRANSCORP,2024-04-26,14.0,14.0,14052922,2026-04-08T04:14:43.709399+00:00,0.0,0.7194244604316502,0.0,10.332103321033204,14.24,14.0825,14.4188,4.326816024970085,5.343561894957021,47.81726181027236,-0.15946518772639884,0.018011439357726367,-0.1774766270841252,29445823.45
223823,TRANSCORP,2024-04-29,14.0,14.0,19396383,2026-04-08T04:14:47.97937+00:00,0.0,0.0,2.857142857142869,-6.35451505016722,14.16,14.01,14.403799999999999,4.2287111848547685,5.309590820662794,47.81726181027237,-0.15795385135832163,0.015618220580642855,-0.17357207193896448,29630374.35
223941,TRANSCORP,2024-04-30,14.0,14.0,36077777,2026-04-08T04:14:50.304196+00:00,0.0,0.0,3.472222222222232,-3.928571428571437,13.98,14.002500000000001,14.3998,3.785459298859322,5.28179672033209,47.81726181027237,-0.15496971202312615,0.014881887932670701,-0.16985159995579685,30859896.35
224059,TRANSCORP,2024-05-02,14.6,14.6,26616064,2026-04-08T04:14:53.573612+00:00,4.285714285714293,0.0,-6.711409395973156,1.1152416356877248,14.12,14.035000000000002,14.4124,3.8855419485049185,5.3083552392996864,52.72273718435022,-0.10300242665198311,0.05347933864305099,-0.1564817652950341,31768734.9
224177,TRANSCORP,2024-05-03,14.1,14.1,21819674,2026-04-08T04:14:55.989363+00:00,-3.424657534246578,4.285714285714293,0.7194244604316502,2.941176470588247,14.139999999999997,14.059999999999999,14.441400000000002,3.9255580392596077,5.150316586878933,48.620880412109855,-0.10099954008881085,0.0443857801649786,-0.14538532025378945,30455616.85
224295,TRANSCORP,2024-05-06,13.6,13.6,19061529,2026-04-08T04:15:00.14873+00:00,-3.546099290780147,-3.424657534246578,0.0,0.0,14.059999999999999,14.030000000000001,14.443599999999998,3.88494365446038,5.097439021830319,44.86210103872941,-0.13816537494571435,0.005775956246460101,-0.14394133119217445,29644419.75
224413,TRANSCORP,2024-05-07,12.95,12.95,30138790,2026-04-08T04:15:02.40079+00:00,-4.779411764705888,-3.546099290780147,0.0,2.857142857142869,13.85,13.977500000000001,14.4386,4.01364490185299,5.13499390755155,40.48081780467583,-0.21756122419319368,-0.058895914400815375,-0.1586653097923783,29982801.45
224531,TRANSCORP,2024-05-08,12.6,12.6,38586226,2026-04-08T04:15:04.708287+00:00,-2.7027027027026973,-4.779411764705888,0.0,3.472222222222232,13.569999999999999,13.9175,14.4326,4.042287458172517,5.139388533097013,38.311182928397216,-0.30520684711708057,-0.11723322985976181,-0.18797361725731876,29614764.15
224649,TRANSCORP,2024-05-09,12.95,12.95,24802254,2026-04-08T04:15:07.337178+00:00,2.777777777777768,-2.7027027027026973,4.285714285714293,-6.711409395973156,13.24,13.877500000000001,14.435599999999999,4.103409658660564,5.15185969646021,41.67752324071747,-0.3424767015774801,-0.12360246745612907,-0.21887423412135104,29437358.15
224767,TRANSCORP,2024-05-10,12.6,12.6,11767507,2026-04-08T04:15:09.604775+00:00,-2.7027027027026973,2.777777777777768,-3.424657534246578,0.7194244604316502,12.940000000000001,13.829999999999998,14.423599999999999,4.132560838660854,5.149143759564918,39.364193120112795,-0.3956940895270531,-0.14145588432456163,-0.25423820520249146,29286801.05
224885,TRANSCORP,2024-05-13,12.05,12.05,20474265,2026-04-08T04:15:13.907933+00:00,-4.36507936507936,-2.7027027027026973,-3.546099290780147,0.0,12.629999999999999,13.684999999999999,14.388600000000002,3.3848073242451804,5.144054395394581,35.98412121095913,-0.4767539337664388,-0.17801258285115784,-0.298741350915281,26738983.65
225003,TRANSCORP,2024-05-14,12.1,12.1,9711276,2026-04-08T04:15:16.26654+00:00,0.4149377593360981,-4.36507936507936,-4.779411764705888,0.0,12.459999999999999,13.59,14.3706,3.153577434460397,5.0793169533148275,36.51778612154728,-0.5308406614894174,-0.18567944845930917,-0.34516121303010827,25846431.25
225121,TRANSCORP,2024-05-15,11.95,11.95,9357219,2026-04-08T04:15:18.549958+00:00,-1.2396694214876103,0.4149377593360981,-2.7027027027026973,0.0,12.33,13.515,14.351600000000001,3.0637806069639733,5.081170933528634,35.56004276302888,-0.5791326486058299,-0.18717714846057731,-0.3919555001452526,25366044.0
225239,TRANSCORP,2024-05-16,11.85,11.85,10281766,2026-04-08T04:15:20.841424+00:00,-0.8368200836820106,-1.2396694214876103,2.777777777777768,4.285714285714293,12.110000000000001,13.4275,14.338199999999999,3.039120665374714,5.065185652243979,34.90284071530589,-0.6183456567613579,-0.18111212529288417,-0.4372335314684737,25084042.45
225357,TRANSCORP,2024-05-20,11.6,11.6,38209055,2026-04-08T04:15:25.962105+00:00,-2.1097046413502074,-0.8368200836820106,-2.7027027027026973,-3.424657534246578,11.91,13.3075,14.3106,2.9337257454424455,5.045900323177682,33.24846943146606,-0.661964444840347,-0.17978473069749856,-0.48217971414284844,25815064.45
225475,TRANSCORP,2024-05-21,11.15,11.15,22831046,2026-04-08T04:15:28.334406+00:00,-3.87931034482758,-2.1097046413502074,-4.36507936507936,-3.546099290780147,11.73,13.165000000000001,14.2666,2.9989848795970384,5.055294766623702,30.450612937075118,-0.7244923905450769,-0.19385014112178267,-0.5306422494232942,26337890.45
225593,TRANSCORP,2024-05-22,11.15,11.15,25433016,2026-04-08T04:15:30.660212+00:00,0.0,-3.87931034482758,0.4149377593360981,-4.779411764705888,11.54,13.002500000000001,14.229800000000001,2.866253449382674,5.042879394037148,30.45061293707512,-0.7652251982562479,-0.18766635906636298,-0.5775588391898849,27060192.0
225711,TRANSCORP,2024-05-23,11.0,11.0,21644678,2026-04-08T04:15:32.993296+00:00,-1.3452914798206317,0.0,-1.2396694214876103,-2.7027027027026973,11.35,12.8075,14.164200000000001,2.643975282230789,4.828989419957717,29.491224040277327,-0.8003836635768931,-0.17825985950960643,-0.6221238040672866,21857420.8
225829,TRANSCORP,2024-05-24,10.5,10.5,13241479,2026-04-08T04:15:35.360226+00:00,-4.545454545454541,-1.3452914798206317,-0.8368200836820106,2.777777777777768,11.08,12.6375,14.0602,2.455742234368218,4.6255714160637895,26.494679433981325,-0.8586943282745292,-0.18925641936579407,-0.6694379089087351,22098810.1
225947,TRANSCORP,2024-05-27,10.5,10.5,3876521,2026-04-08T04:15:39.562711+00:00,0.0,-4.545454545454541,-2.1097046413502074,-2.7027027027026973,10.86,12.4625,13.9248,2.4287397297890574,4.3622867492155,26.49467943398132,-0.8945936316327963,-0.18012457817924887,-0.7144690534535474,20868972.35
226065,TRANSCORP,2024-05-28,11.4,11.4,9989256,2026-04-08T04:15:41.894674+00:00,8.571428571428585,0.0,-3.87931034482758,-4.36507936507936,10.91,12.3325,13.773,3.2917070218777273,4.295692697435948,39.357761599424094,-0.8407301954418909,-0.10100891359067476,-0.7397212818512161,20665789.05
226183,TRANSCORP,2024-05-29,11.75,11.75,6818046,2026-04-08T04:15:44.435333+00:00,3.0701754385964897,8.571428571428585,0.0,0.4149377593360981,11.03,12.22,13.665999999999999,3.4088930862083995,4.12873692761222,43.498665853933026,-0.761028298763069,-0.017045613529482306,-0.7439826852335867,20036872.2
226301,TRANSCORP,2024-05-30,11.6,11.6,11316748,2026-04-08T04:15:46.695543+00:00,-1.276595744680853,3.0701754385964897,-1.3452914798206317,-1.2396694214876103,11.15,12.1,13.558,3.4047226502850294,4.129622074553293,42.16965682826,-0.7018769176185415,0.03368461409203616,-0.7355615317105777,18798820.75
226419,TRANSCORP,2024-05-31,11.6,11.6,3282876,2026-04-08T04:15:48.909252+00:00,0.0,-1.276595744680853,-4.545454545454541,-0.8368200836820106,11.370000000000001,11.95,13.434000000000001,3.1905095804216583,4.0573913574858045,42.16965682826001,-0.6475346455808815,0.07042150890375709,-0.7179561544846386,17632161.35
226537,TRANSCORP,2024-06-03,11.15,11.15,5348012,2026-04-08T04:15:53.203965+00:00,-3.87931034482758,0.0,0.0,-2.1097046413502074,11.5,11.802499999999998,13.317,3.2095379947533886,4.046796516489336,38.117662107540404,-0.6334769151174058,0.06758339149378623,-0.701060306611192,16808578.25
226655,TRANSCORP,2024-06-04,10.95,10.95,3816921,2026-04-08T04:15:55.456464+00:00,-1.7937219730941756,-3.87931034482758,8.571428571428585,-3.87931034482758,11.41,11.669999999999998,13.206000000000001,3.1633706657097784,4.037420687994389,36.441680067723624,-0.6311983295392718,0.055889581657536214,-0.687087911196808,16046347.85
226773,TRANSCORP,2024-06-05,10.65,10.65,11130341,2026-04-08T04:15:57.839545+00:00,-2.739726027397249,-1.7937219730941756,3.0701754385964897,0.0,11.190000000000001,11.555,13.091000000000001,3.0675963526954755,4.047265811671837,34.02501028435305,-0.6461515934932791,0.032749054162823144,-0.6789006476561023,15095925.4
226891,TRANSCORP,2024-06-06,10.3,10.3,7991513,2026-04-08T04:16:00.091412+00:00,-3.2863849765258135,-2.739726027397249,-1.276595744680853,-1.3452914798206317,10.93,11.440000000000001,12.987,3.088066209549263,4.006781236239403,31.40808206184295,-0.6784237906823911,0.0003814855789689986,-0.6788052762613601,13566189.75
227009,TRANSCORP,2024-06-07,10.3,10.3,12229479,2026-04-08T04:16:02.294722+00:00,0.0,-3.2863849765258135,0.0,-4.545454545454541,10.67,11.3075,12.901000000000002,2.9714546927414602,3.940427038248605,31.408082061842954,-0.6959769504096727,-0.013737339318649955,-0.6822396110910227,12937551.0
227127,TRANSCORP,2024-06-10,11.0,11.0,6855758,2026-04-08T04:16:06.655303+00:00,6.796116504854366,0.0,-3.87931034482758,0.0,10.64,11.2275,12.85,3.4257232314255326,3.960833454672907,41.79229092894941,-0.6459576088807939,0.02902560176818303,-0.6749832106489769,12691963.55
227245,TRANSCORP,2024-06-11,10.75,10.75,11262172,2026-04-08T04:16:09.027942+00:00,-2.2727272727272707,6.796116504854366,-1.7937219730941756,8.571428571428585,10.6,11.1625,12.767000000000001,3.336183581565739,3.6792310347850874,39.492733225526734,-0.619350345758388,0.04450629191247124,-0.6638566376708592,12231358.9
227363,TRANSCORP,2024-06-13,10.5,10.5,14165878,2026-04-08T04:16:12.454757+00:00,-2.3255813953488413,-2.2727272727272707,-2.739726027397249,3.0701754385964897,10.57,11.0825,12.668000000000001,3.352107967151191,3.63463615454078,37.283461937172326,-0.611389095782048,0.041974033511049,-0.653363129293097,12454089.0
227481,TRANSCORP,2024-06-14,10.95,10.95,11182436,2026-04-08T04:16:14.762224+00:00,4.2857142857142705,-2.3255813953488413,-3.2863849765258135,-1.276595744680853,10.7,11.0325,12.604,3.5246063880644667,3.527090584576758,43.419089340959,-0.5622868162190251,0.07286105045925761,-0.6351478666782827,12545349.85
227599,TRANSCORP,2024-06-20,12.0,12.0,33698392,2026-04-08T04:16:22.365263+00:00,9.589041095890426,4.2857142857142705,0.0,0.0,11.04,11.040000000000001,12.565,4.165889791168152,3.7986094386058893,54.583834893148314,-0.43364785854179466,0.16120000650919042,-0.5948478650509851,13716181.15
227717,TRANSCORP,2024-06-21,12.0,12.0,19184124,2026-04-08T04:16:24.740936+00:00,0.0,9.589041095890426,6.796116504854366,-3.87931034482758,11.239999999999998,11.06,12.533,4.132423951591574,3.7844538239154915,54.58383489314831,-0.32792049445231974,0.2135418964789323,-0.541462390931252,12764934.6
227835,TRANSCORP,2024-06-24,12.0,12.0,7403718,2026-04-08T04:16:29.101951+00:00,0.0,0.0,-2.2727272727272707,-1.7937219730941756,11.489999999999998,11.102500000000001,12.488999999999999,4.017938328363559,3.726164510694121,54.58383489314831,-0.2413486793457249,0.24009096926842177,-0.4814396486141467,11993568.2
227953,TRANSCORP,2024-06-25,12.45,12.45,47509228,2026-04-08T04:16:31.430939+00:00,3.7499999999999867,0.0,-2.3255813953488413,-2.739726027397249,11.879999999999999,11.1675,12.458,4.083176227547027,3.7651922849330766,58.922536475965146,-0.13487391048049346,0.27725259050692264,-0.4121265009874161,13097378.8
228071,TRANSCORP,2024-06-26,12.5,12.5,9892810,2026-04-08T04:16:33.77834+00:00,0.40160642570281624,3.7499999999999867,4.2857142857142705,-3.2863849765258135,12.190000000000001,11.2425,12.432,4.057302989904559,3.761564483697681,59.38679380679409,-0.0459278789139379,0.2929588976587826,-0.3388867765727205,12509785.4
228189,TRANSCORP,2024-06-27,12.5,12.5,27381326,2026-04-08T04:16:36.13415+00:00,0.0,0.40160642570281624,9.589041095890426,0.0,12.290000000000001,11.3425,12.407,3.8699786818013004,3.7614561052538935,59.386793806794095,0.024282577486227197,0.29053548324715817,-0.26625290576093097,13216777.75
228307,TRANSCORP,2024-06-28,13.0,13.0,125402869,2026-04-08T04:16:38.472674+00:00,4.0000000000000036,0.0,0.0,6.796116504854366,12.49,11.4675,12.396,3.9216131959833227,3.8009225935209563,64.09331319264157,0.11890008517882222,0.3081223927518026,-0.18922230757298036,19293095.15
228425,TRANSCORP,2024-07-01,12.9,12.9,7524217,2026-04-08T04:16:42.881798+00:00,-0.7692307692307665,4.0000000000000036,0.0,-2.2727272727272707,12.67,11.5425,12.355,3.5269092256421253,3.4963030252111404,62.53249256859625,0.18369841644591034,0.2983365792151126,-0.11463816276920225,19169843.2
228543,TRANSCORP,2024-07-02,12.55,12.55,7913912,2026-04-08T04:16:45.256647+00:00,-2.713178294573637,-0.7692307692307665,3.7499999999999867,-2.3255813953488413,12.690000000000001,11.5825,12.325999999999999,3.557362774202482,3.4029182972891006,57.27522806656686,0.20445268263584104,0.2552726763240346,-0.050819993688193586,19224636.5
228661,TRANSCORP,2024-07-03,12.5,12.5,9262871,2026-04-08T04:16:47.732339+00:00,-0.3984063745020028,-2.713178294573637,0.40160642570281624,4.2857142857142705,12.690000000000001,11.627500000000001,12.306999999999999,3.541113671086554,3.359531060141886,56.54387631025466,0.2143945985095943,0.21217167375823032,0.002222924751363993,19121942.65
228779,TRANSCORP,2024-07-04,12.65,12.65,15688204,2026-04-08T04:16:50.22378+00:00,1.200000000000001,-0.3984063745020028,0.0,9.589041095890426,12.72,11.68,12.288000000000002,3.543570376815879,3.3601739228821392,58.2655852985609,0.23170641751598886,0.18358679421169988,0.04811962330428897,19742209.05
228897,TRANSCORP,2024-07-05,12.85,12.85,19128553,2026-04-08T04:16:52.679645+00:00,1.5810276679841806,1.200000000000001,4.0000000000000036,0.0,12.690000000000001,11.765,12.265,3.396325356203785,3.3405803948067243,60.51203615659097,0.2585836954552878,0.16837125772079908,0.09021243773448874,20431236.1
229015,TRANSCORP,2024-07-08,12.15,12.15,10400394,2026-04-08T04:16:57.375145+00:00,-5.447470817120614,1.5810276679841806,-0.7692307692307665,0.0,12.540000000000001,11.825,12.228000000000002,3.6313503079252296,3.4244516323802583,50.305648195439964,0.22085411326579063,0.10451334042504151,0.11634077284074912,20760409.75
229133,TRANSCORP,2024-07-09,12.1,12.1,4014387,2026-04-08T04:16:59.679545+00:00,-0.4115226337448652,-5.447470817120614,-2.713178294573637,3.7499999999999867,12.45,11.8975,12.181999999999999,3.5557742403406283,3.395462609900898,49.661322817531726,0.1847884393194228,0.05475813318293893,0.13003030613648386,20404612.05
229251,TRANSCORP,2024-07-10,12.4,12.4,7629000,2026-04-08T04:17:02.104038+00:00,2.4793388429752206,-0.4115226337448652,-0.3984063745020028,0.40160642570281624,12.430000000000001,12.0025,12.132,3.4477436368929366,3.3758472892041596,53.50895648177014,0.17835762993900062,0.038661859042013386,0.13969577089698723,20386486.4
229369,TRANSCORP,2024-07-11,11.95,11.95,22138885,2026-04-08T04:17:04.804273+00:00,-3.629032258064524,2.4793388429752206,1.200000000000001,0.0,12.29,12.085,12.093,3.5947959031443326,3.28347333568521,47.628214075280866,0.1353892450405052,-0.0034452206851856293,0.13883446572569083,20881956.7
229487,TRANSCORP,2024-07-12,11.7,11.7,5098681,2026-04-08T04:17:07.071694+00:00,-2.092050209205021,-3.629032258064524,1.5810276679841806,4.0000000000000036,12.059999999999999,12.120000000000001,12.047,3.3567841100458615,3.290599535554887,44.68971576287868,0.08023863869506798,-0.04687666162449827,0.12711530031956625,20794102.85
229605,TRANSCORP,2024-07-15,12.0,12.0,3339079,2026-04-08T04:17:11.418935+00:00,2.564102564102577,-2.092050209205021,-5.447470817120614,-0.7692307692307665,12.03,12.182500000000001,12.007,3.3311586871254377,3.315355429501095,48.77401363071435,0.06004669767006554,-0.053654882119600567,0.11370157978966611,20397948.2
229723,TRANSCORP,2024-07-16,11.85,11.85,5514398,2026-04-08T04:17:13.920176+00:00,-1.2500000000000067,2.564102564102577,-0.4115226337448652,-2.713178294573637,11.979999999999999,12.25,11.964,3.2898124508126183,3.318105884831773,46.90883326038106,0.0315766960388526,-0.06569990700065081,0.09727660303950342,19965374.2
229841,TRANSCORP,2024-07-17,12.0,12.0,8333445,2026-04-08T04:17:16.239817+00:00,1.2658227848101333,-1.2500000000000067,2.4793388429752206,-0.3984063745020028,11.9,12.302499999999998,11.924000000000001,3.1820346485633393,3.3251066217544403,49.00879925963153,0.02087710278318511,-0.061119600205054664,0.08199670298823977,19822924.65
229959,TRANSCORP,2024-07-18,11.95,11.95,15186496,2026-04-08T04:17:18.614364+00:00,-0.4166666666666763,1.2658227848101333,-3.629032258064524,1.200000000000001,11.9,12.3,11.870999999999999,2.3589199410522927,3.259930239272273,48.32267248495375,0.008267710884494406,-0.05898319368299629,0.0672509045674907,18897329.85
230077,TRANSCORP,2024-07-19,12.0,12.0,6769133,2026-04-08T04:17:20.923419+00:00,0.4184100418409997,-0.4166666666666763,-2.092050209205021,1.5810276679841806,11.959999999999999,12.3,11.828999999999999,2.3607212544290284,3.2311024290284354,49.090239045301736,0.0022829427486570353,-0.05197436945506693,0.05425731220372396,18276580.3
230195,TRANSCORP,2024-07-22,12.0,12.0,3918672,2026-04-08T04:17:25.185516+00:00,0.0,0.4184100418409997,2.564102564102577,-5.447470817120614,11.959999999999999,12.3,11.797,2.3607212544290284,3.1964975466360226,49.09023904530174,-0.0024319945970692203,-0.045351445440634554,0.042919450843565334,18102328.0
230313,TRANSCORP,2024-07-23,12.0,12.0,8683514,2026-04-08T04:17:27.655924+00:00,0.0,0.0,-1.2500000000000067,-0.4115226337448652,11.99,12.2775,11.777999999999999,2.192346115889525,3.127502889469887,49.090239045301736,-0.006098318789907964,-0.03921421570677864,0.033115896916870675,16161042.3
230431,TRANSCORP,2024-07-24,11.95,11.95,6170791,2026-04-08T04:17:30.124258+00:00,-0.4166666666666763,0.0,1.2658227848101333,2.4793388429752206,11.98,12.25,11.765,2.1889294945100026,3.1053875950147534,48.19614671817668,-0.012889902487543736,-0.03680463952353153,0.023914737035987794,15974941.35
230549,TRANSCORP,2024-07-25,11.7,11.7,12433898,2026-04-08T04:17:32.638981+00:00,-2.092050209205021,-0.4166666666666763,-0.4166666666666763,-3.629032258064524,11.93,12.209999999999999,11.74,2.228410137193897,3.090917018246718,43.89163704684839,-0.03800707031347095,-0.049537445879566995,0.011530375566096047,15227569.95
230667,TRANSCORP,2024-07-26,11.9,11.9,15325564,2026-04-08T04:17:35.101122+00:00,1.7094017094017255,-2.092050209205021,0.4184100418409997,-2.092050209205021,11.91,12.155,11.726,2.046904651647372,3.079714929404075,47.900486167443276,-0.041298218093743344,-0.042262874927871515,0.0009646568341281688,9723704.7
230785,TRANSCORP,2024-07-29,11.7,11.7,7241136,2026-04-08T04:17:40.103977+00:00,-1.6806722689075682,1.7094017094017255,0.0,2.564102564102577,11.85,12.095,11.719,2.0651327771539925,3.0262220193108744,44.47814381644159,-0.0593605336698122,-0.04826015240315229,-0.011100381266659905,9709550.65
230903,TRANSCORP,2024-07-30,11.6,11.6,8591562,2026-04-08T04:17:43.080384+00:00,-0.8547008547008517,-1.6806722689075682,0.0,-1.2500000000000067,11.77,12.0475,11.709000000000001,1.9994875925206177,3.027867071126747,42.83039759645639,-0.0808126551761923,-0.05576981912762591,-0.025042836048566386,9743433.15
231021,TRANSCORP,2024-07-31,11.45,11.45,11578626,2026-04-08T04:17:45.61458+00:00,-1.2931034482758674,-0.8547008547008517,-0.4166666666666763,1.2658227848101333,11.669999999999998,11.995,11.699000000000002,2.010053501158998,3.028308388889175,40.411988159992575,-0.1086647429071057,-0.06689752548683145,-0.041767217420274255,9859220.9
231139,TRANSCORP,2024-08-01,11.0,11.0,3333094,2026-04-08T04:17:47.950902+00:00,-3.9301310043668103,-1.2931034482758674,-2.092050209205021,-0.4166666666666763,11.53,11.9125,11.682,2.117150795788358,3.0761084022973035,34.177218955995606,-0.1651452704124381,-0.09870244239373106,-0.06644282801870703,9241465.4
231257,TRANSCORP,2024-08-02,11.2,11.2,2635185,2026-04-08T04:17:50.372085+00:00,1.8181818181818077,-3.9301310043668103,1.7094017094017255,0.4184100418409997,11.39,11.83,11.674,2.1310685391959012,3.0739783625157084,38.70356299379028,-0.19155998261277318,-0.10009372367525292,-0.09146625893752026,8416797.0
231375,TRANSCORP,2024-08-05,11.0,11.0,6777832,2026-04-08T04:17:54.929581+00:00,-1.7857142857142794,1.8181818181818077,-1.6806722689075682,0.0,11.25,11.7725,11.671,1.8351262191594586,3.0344067646589297,36.03498235785664,-0.22602666615875933,-0.10764832577699124,-0.11837834038176809,8235668.9
231493,TRANSCORP,2024-08-06,10.8,10.8,12424624,2026-04-08T04:17:57.472912+00:00,-1.8181818181818077,-1.7857142857142794,-0.8547008547008517,0.0,11.09,11.7075,11.664000000000001,1.8591678680314505,3.045489960382379,33.544222827913146,-0.26640909154482983,-0.11842460093044938,-0.14798449061438046,8656180.75
231611,TRANSCORP,2024-08-07,10.4,10.4,24333796,2026-04-08T04:17:59.948734+00:00,-3.703703703703709,-1.8181818181818077,-1.2931034482758674,-0.4166666666666763,10.879999999999999,11.6075,11.652000000000001,1.8428918270238217,3.0844605597783032,29.197448730435866,-0.3269205747784216,-0.14314886733123292,-0.1837717074471887,9491420.55
231729,TRANSCORP,2024-08-08,10.85,10.85,29251985,2026-04-08T04:18:02.36647+00:00,4.3269230769230616,-3.703703703703709,-3.9301310043668103,-2.092050209205021,10.85,11.552499999999998,11.659,2.0595092344759043,3.0767279878130185,38.80480440680973,-0.3347068300209397,-0.12074809805900077,-0.21395873196193893,9847075.55
231847,TRANSCORP,2024-08-09,11.3,11.3,22462805,2026-04-08T04:18:04.674683+00:00,4.147465437788034,4.3269230769230616,1.8181818181818077,1.7094017094017255,10.87,11.5325,11.675,2.2621342591540836,3.1291358820894977,46.60711184304851,-0.3010954137007342,-0.06970934539103624,-0.231386068309698,10715281.75
231965,TRANSCORP,2024-08-12,11.2,11.2,6470544,2026-04-08T04:18:08.918743+00:00,-0.8849557522124019,4.147465437788034,-1.7857142857142794,-1.6806722689075682,10.91,11.4925,11.671000000000001,2.174127655213106,2.889024897589825,45.22711902776385,-0.2793076041769176,-0.03833722869377568,-0.2409703754831419,10871855.0
232083,TRANSCORP,2024-08-13,11.2,11.2,10026459,2026-04-08T04:18:11.387792+00:00,0.0,-0.8849557522124019,-1.8181818181818077,-0.8547008547008517,10.99,11.46,11.66,2.163990075474534,2.854970535618023,45.22711902776384,-0.25905439039983236,-0.014467211933352347,-0.24458717846648,11097458.05
232201,TRANSCORP,2024-08-14,10.95,10.95,5321927,2026-04-08T04:18:13.859526+00:00,-2.2321428571428603,0.0,-3.703703703703709,-1.2931034482758674,11.1,11.4075,11.647,2.1755460341427617,2.8664789629257728,41.65139827511631,-0.2601773210257665,-0.012472114047429178,-0.24770520697833734,10946882.15
232319,TRANSCORP,2024-08-15,10.9,10.9,3220496,2026-04-08T04:18:16.357381+00:00,-0.45662100456620447,-2.2321428571428603,4.3269230769230616,-3.9301310043668103,11.11,11.355,11.633,2.1755472226652857,2.8669602807267536,40.954008199162715,-0.2620807302509185,-0.01150041861806489,-0.2505803116328536,10348582.15
232437,TRANSCORP,2024-08-16,10.75,10.75,7303793,2026-04-08T04:18:18.692447+00:00,-1.3761467889908285,-0.45662100456620447,4.147465437788034,1.8181818181818077,11.0,11.2925,11.625,2.17544265032373,2.82083213498773,38.85231638798614,-0.272551142262067,-0.017576664503370698,-0.2549744777586963,10375315.15
232555,TRANSCORP,2024-08-19,10.95,10.95,11475788,2026-04-08T04:18:23.063194+00:00,1.8604651162790642,-1.3761467889908285,-0.8849557522124019,-1.7857142857142794,10.95,11.239999999999998,11.625,2.2380026503365773,2.821666808589666,43.04892048041138,-0.2616940446381868,-0.00537565350359237,-0.2563183911345944,10753170.95
232673,TRANSCORP,2024-08-20,10.8,10.8,5836763,2026-04-08T04:18:25.366221+00:00,-1.3698630136986134,1.8604651162790642,0.0,-1.8181818181818077,10.87,11.18,11.628,2.245000715861593,2.800715061795297,40.787945447873575,-0.26217131522189163,-0.004682339269837743,-0.2574889759520539,10610833.4
232791,TRANSCORP,2024-08-21,10.6,10.6,3602628,2026-04-08T04:18:27.861334+00:00,-1.85185185185186,-1.3698630136986134,-2.2321428571428603,-3.703703703703709,10.8,11.1125,11.634,2.2649908047028826,2.772884424247559,37.92763799093059,-0.27551195382482874,-0.014418382298219845,-0.2610935715266089,10482425.25
232909,TRANSCORP,2024-08-22,11.5,11.5,28128334,2026-04-08T04:18:30.156184+00:00,8.490566037735858,-1.85185185185186,-0.45662100456620447,4.3269230769230616,10.92,11.102500000000001,11.658,3.0063305483366425,3.016282308079815,53.67190721267158,-0.21102941194593328,0.040051327664540504,-0.2510807396104738,11267147.05
233027,TRANSCORP,2024-08-23,12.0,12.0,16548534,2026-04-08T04:18:32.497978+00:00,4.347826086956519,8.490566037735858,-1.3761467889908285,4.147465437788034,11.17,11.1075,11.677999999999999,3.1421528089536666,2.9266207886412507,59.776006631083185,-0.11821796845738675,0.10629021692246965,-0.2245081853798564,11328295.55
233145,TRANSCORP,2024-08-26,11.8,11.8,6024931,2026-04-08T04:18:37.19542+00:00,-1.6666666666666607,4.347826086956519,1.8604651162790642,-0.8849557522124019,11.34,11.1125,11.698999999999998,3.141739493363427,2.91734629653125,56.56550062634625,-0.06010965269334001,0.13151882614921312,-0.19162847884255313,11267485.3
233263,TRANSCORP,2024-08-27,11.2,11.2,11179533,2026-04-08T04:18:39.561091+00:00,-5.084745762711873,-1.6666666666666607,-1.3698630136986134,0.0,11.42,11.0925,11.713,3.3444155915805496,2.9917690961790724,48.20151603399378,-0.06176143204979212,0.10389363743420882,-0.16565506948400094,11396883.85
233381,TRANSCORP,2024-08-28,11.2,11.2,23215856,2026-04-08T04:18:42.048567+00:00,0.0,-5.084745762711873,-1.85185185185186,-2.2321428571428603,11.540000000000001,11.08,11.718,3.3330868324736973,2.932314025029705,48.20151603399378,-0.06235172719174287,0.08264267383380647,-0.14499440102554934,11978745.35
233499,TRANSCORP,2024-08-29,11.0,11.0,10886720,2026-04-08T04:18:44.36768+00:00,-1.7857142857142794,0.0,8.490566037735858,-0.45662100456620447,11.440000000000001,11.08,11.698,3.2350348119723695,2.6027609913392333,45.59519006431918,-0.0780580641013433,0.053549069539364835,-0.13160713364070814,12356426.65
233617,TRANSCORP,2024-09-02,11.05,11.05,15284228,2026-04-08T04:18:49.632285+00:00,0.454545454545463,-1.7857142857142794,4.347826086956519,-1.3761467889908285,11.25,11.0725,11.679,3.210053094969309,2.604057024040284,46.3758345068009,-0.08548544414047221,0.036897351600188755,-0.12238279574066097,12988878.8
233735,TRANSCORP,2024-09-03,10.85,10.85,17746402,2026-04-08T04:18:52.389232+00:00,-1.8099547511312264,0.454545454545463,-1.6666666666666607,1.8604651162790642,11.06,11.065,11.656,3.2107595929162818,2.6147441086471694,43.67619692716914,-0.10628483939460232,0.012878365076846934,-0.11916320447144925,13537307.3
233853,TRANSCORP,2024-09-04,11.0,11.0,29021416,2026-04-08T04:18:54.875674+00:00,1.382488479262678,-1.8099547511312264,-5.084745762711873,-1.3698630136986134,11.02,11.075,11.627,3.196181527534347,2.563273266068212,46.20548152068279,-0.10940362668037729,0.007807662232857587,-0.11721128891323487,14367146.9
233971,TRANSCORP,2024-09-05,11.0,11.0,7880410,2026-04-08T04:18:57.763256+00:00,0.0,1.382488479262678,0.0,-1.85185185185186,10.98,11.105,11.597000000000001,3.0664577381526033,2.5619290750751014,46.205481520682795,-0.1106003560161799,0.0052887463176439775,-0.11588910233382388,13544477.6
234089,TRANSCORP,2024-09-06,11.35,11.35,21842045,2026-04-08T04:19:00.536712+00:00,3.1818181818181746,0.0,-1.7857142857142794,8.490566037735858,11.05,11.129999999999999,11.573999999999998,2.9977148905927846,2.606719165428448,52.03432555432822,-0.08235733363236264,0.026825414961168997,-0.10918274859353164,13173980.6
234207,TRANSCORP,2024-09-09,11.0,11.0,10941660,2026-04-08T04:19:05.495104+00:00,-3.083700440528636,3.1818181818181746,0.454545454545463,4.347826086956519,11.040000000000001,11.114999999999998,11.533999999999999,2.9406318614690043,2.5682327543435726,46.59698078455574,-0.0872112923500854,0.01757716499475699,-0.10478845734484239,12597923.35
234325,TRANSCORP,2024-09-10,11.25,11.25,7678186,2026-04-08T04:19:08.070871+00:00,2.2727272727272707,-3.083700440528636,-1.8099547511312264,-1.6666666666666607,11.12,11.1175,11.501,2.980442457038756,2.59283996948711,50.57019928435451,-0.07007737063491248,0.027768869367943927,-0.09784624000285641,12658305.45
234443,TRANSCORP,2024-09-11,11.05,11.05,8313582,2026-04-08T04:19:10.663572+00:00,-1.777777777777767,2.2727272727272707,1.382488479262678,-5.084745762711873,11.129999999999999,11.11,11.471000000000002,3.0088159324664376,2.577968181919054,47.523960558329755,-0.07180917133516118,0.020829654934156186,-0.09263882626931737,12572661.6
234561,TRANSCORP,2024-09-12,11.15,11.15,5702869,2026-04-08T04:19:13.371302+00:00,0.9049773755656076,-1.777777777777767,0.0,0.0,11.16,11.120000000000001,11.444,2.9692218087118953,2.5827331405135467,49.17258590481822,-0.0643704491335324,0.022614701708627977,-0.08698515084216038,12591708.7
234679,TRANSCORP,2024-09-13,11.2,11.2,12923365,2026-04-08T04:19:16.033041+00:00,0.4484304932735439,0.9049773755656076,3.1818181818181746,-1.7857142857142794,11.13,11.135,11.415,2.9666805204735502,2.5766230053755015,50.01811439661152,-0.053820220068054425,0.026531944619284778,-0.0803521646873392,13076852.15
234797,TRANSCORP,2024-09-17,11.0,11.0,51773552,2026-04-08T04:19:22.824888+00:00,-1.7857142857142794,0.4484304932735439,-3.083700440528636,0.454545454545463,11.13,11.147499999999999,11.378000000000002,2.979351417445316,2.572826395518991,46.67350559884069,-0.060895451198318185,0.015565370791216823,-0.07646082198953501,15300340.1
234915,TRANSCORP,2024-09-18,10.7,10.7,17817024,2026-04-08T04:19:25.915955+00:00,-2.7272727272727337,-1.7857142857142794,2.2727272727272707,-1.8099547511312264,11.02,11.135000000000002,11.348999999999998,3.017610241627716,2.4886739069461883,42.12343879649758,-0.0896763821271751,-0.01057244811011207,-0.07910393401706303,15617401.9
235033,TRANSCORP,2024-09-19,11.0,11.0,7964546,2026-04-08T04:19:28.330134+00:00,2.8037383177570208,-2.7272727272727337,-1.777777777777767,1.382488479262678,11.01,11.145,11.327,3.067111043698181,2.5250010157652727,47.62236532287591,-0.08727196753152455,-0.006534426811569211,-0.08073754071995534,15723791.05
235151,TRANSCORP,2024-09-20,10.8,10.8,4430588,2026-04-08T04:19:30.82066+00:00,-1.8181818181818077,2.8037383177570208,0.9049773755656076,0.0,10.940000000000001,11.155,11.295,3.0659717184710047,2.5064148048863033,44.58132883257686,-0.10034803054027286,-0.015688391856254008,-0.08465963868401885,15765189.05
235269,TRANSCORP,2024-09-23,11.1,11.1,66802289,2026-04-08T04:19:35.29526+00:00,2.777777777777768,-1.8181818181818077,0.4484304932735439,3.1818181818181746,10.919999999999998,11.135,11.277999999999999,2.451288968286084,2.4936445637453684,49.763437612110586,-0.08551761801960289,-0.000686383468467236,-0.08483123455113566,17698886.8
235387,TRANSCORP,2024-09-24,11.4,11.4,103397798,2026-04-08T04:19:37.629736+00:00,2.7027027027027195,2.777777777777768,-1.7857142857142794,-3.083700440528636,11.0,11.105,11.272,2.3163648749907386,2.5083074318696936,54.35949595042709,-0.04899216526956529,0.028671255425256295,-0.07766342069482159,22041350.0
235505,TRANSCORP,2024-09-25,11.2,11.2,82588147,2026-04-08T04:19:40.096992+00:00,-1.7543859649122862,2.7027027027027195,-2.7272727272727337,2.2727272727272707,11.1,11.075,11.255999999999998,2.319308459440233,2.4917551798579796,51.009023488066084,-0.03577145824010941,0.03351356996376974,-0.06928502820387915,25869510.8
235623,TRANSCORP,2024-09-26,11.3,11.3,3798114,2026-04-08T04:19:42.676048+00:00,0.8928571428571619,-1.7543859649122862,2.8037383177570208,-1.777777777777767,11.16,11.08,11.245,2.0283391288462576,2.490137549734955,52.58272341992767,-0.01702849451913835,0.041805226947792644,-0.05883372146693099,25500439.85
235741,TRANSCORP,2024-09-27,11.3,11.3,10655198,2026-04-08T04:19:45.342636+00:00,0.0,0.8928571428571619,-1.8181818181818077,0.9049773755656076,11.26,11.085,11.231,2.0283391288462576,2.4827550004137127,52.582723419927675,-0.0021497794155962424,0.045347153641067804,-0.04749693305666405,24872406.95
235859,TRANSCORP,2024-09-30,11.3,11.3,20774436,2026-04-08T04:19:50.223917+00:00,0.0,0.0,2.777777777777768,0.4484304932735439,11.3,11.1,11.218,1.9813918709247185,2.4823364992547603,52.58272341992767,0.009531832467985168,0.045623012419719375,-0.036091179951734206,25366792.75
235977,TRANSCORP,2024-10-02,11.2,11.2,6512017,2026-04-08T04:19:53.821423+00:00,-0.8849557522124019,0.0,2.7027027027027195,-1.7857142857142794,11.26,11.1075,11.202,1.9932748818840145,2.4838174961132125,50.55448246083225,0.010598259642094376,0.03735155167506286,-0.02675329203296849,24928182.2
236095,TRANSCORP,2024-10-03,11.05,11.05,5938238,2026-04-08T04:19:56.203135+00:00,-1.3392857142856984,-0.8849557522124019,-1.7543859649122862,-2.7272727272727337,11.23,11.1175,11.183,1.9723777590109983,2.4898426365507262,47.58923373850246,-0.0006528103456222567,0.020880385349876986,-0.021533195695499243,24337774.0
236213,TRANSCORP,2024-10-04,11.2,11.2,5311600,2026-04-08T04:19:58.634737+00:00,1.3574660633484115,-1.3392857142856984,0.8928571428571619,2.8037383177570208,11.209999999999999,11.127500000000001,11.167,1.9715357412781245,2.498728006936336,50.703139087702645,0.0025055001807618993,0.019230956701008915,-0.016725456520247015,23152283.2
236331,TRANSCORP,2024-10-07,11.05,11.05,3985250,2026-04-08T04:20:03.05432+00:00,-1.3392857142856984,1.3574660633484115,0.0,-1.8181818181818077,11.16,11.129999999999999,11.149,1.9979845216085126,2.5044563456512585,47.65405472378328,-0.007014404679543063,0.007768841472563164,-0.014783246152106227,22957525.2
236449,TRANSCORP,2024-10-08,11.1,11.1,4834408,2026-04-08T04:20:05.535519+00:00,0.4524886877828038,-1.3392857142856984,0.0,2.777777777777768,11.12,11.117500000000001,11.137,1.860705588136099,2.4895016501348577,48.76018324249704,-0.010404479374319209,0.003503013422229615,-0.013907492796548824,22107143.35
236567,TRANSCORP,2024-10-10,11.05,11.05,0,2026-04-08T04:20:08.855054+00:00,-0.45045045045044585,0.4524886877828038,-0.8849557522124019,2.7027027027027195,11.09,11.120000000000001,11.12,1.72640345231148,2.476608082350285,47.675256865908175,-0.01693055522493303,-0.002418449942707363,-0.014512105282225667,21560060.35
236685,TRANSCORP,2024-10-11,11.05,11.05,0,2026-04-08T04:20:11.460237+00:00,0.0,-0.45045045045044585,-1.3392857142856984,-1.7543859649122862,11.09,11.110000000000001,11.107000000000001,1.6443298894192373,2.466356424125952,47.675256865908175,-0.021850636814733093,-0.005870825226005939,-0.015979811588727154,21176151.05
236803,TRANSCORP,2024-10-14,11.05,11.05,0,2026-04-08T04:20:16.284622+00:00,0.0,0.0,1.3574660633484115,0.8928571428571619,11.06,11.11,11.095999999999998,1.594848582593322,2.463872347301266,47.67525686590818,-0.025456391486914143,-0.007581263918549592,-0.01787512756836455,20760471.95
236922,TRANSCORP,2024-10-15,11.05,11.05,0,2026-04-08T04:20:18.84933+00:00,0.0,0.0,-1.3392857142856984,0.0,11.059999999999999,11.105,11.088,1.580958507293108,2.4575261920900786,47.67525686590818,-0.027991311626237803,-0.0080929472462986,-0.019898364379939203,20475328.5
237041,TRANSCORP,2024-10-17,11.05,11.05,0,2026-04-08T04:20:23.389134+00:00,0.0,0.0,0.4524886877828038,0.0,11.05,11.0975,11.088999999999999,1.576943126360727,2.392618952858848,47.67525686590818,-0.02965837086215828,-0.0078080051857752596,-0.02185036567638302,19829160.25
237160,TRANSCORP,2024-10-18,11.05,11.05,0,2026-04-08T04:20:26.17489+00:00,0.0,0.0,-0.45045045045044585,-0.8849557522124019,11.05,11.1,11.086000000000002,1.5234774900338919,2.378767843478293,47.67525686590818,-0.030626484270792176,-0.007020894875527324,-0.023605589395264852,17240482.65
237279,TRANSCORP,2024-10-21,11.05,11.05,0,2026-04-08T04:20:30.541886+00:00,0.0,0.0,0.0,-1.3392857142856984,11.05,11.1175,11.087,1.3785035519471975,2.3647688334527373,47.675256865908175,-0.031035957918343016,-0.00594429481846253,-0.025091663099880486,16349631.45
237398,TRANSCORP,2024-10-22,11.05,11.05,0,2026-04-08T04:20:32.890604+00:00,0.0,0.0,0.0,1.3574660633484115,11.05,11.120000000000001,11.091999999999999,1.2312719122702869,2.3496042688522834,47.675256865908175,-0.03100308447504574,-0.004729137100132199,-0.02627394737491354,15951404.15
237517,TRANSCORP,2024-10-23,11.05,11.05,0,2026-04-08T04:20:35.186729+00:00,0.0,0.0,0.0,-1.3392857142856984,11.05,11.1325,11.105,1.1522291002433709,2.2856385052044694,47.67525686590817,-0.03062401742431753,-0.003480056039523189,-0.02714396138479434,15729874.75
237636,TRANSCORP,2024-10-24,11.05,11.05,0,2026-04-08T04:20:37.740613+00:00,0.0,0.0,0.0,0.4524886877828038,11.05,11.13,11.108999999999998,0.9677420216040482,2.204606529290146,47.675256865908175,-0.02997803591819803,-0.002267259626722952,-0.02771077629147508,12389760.3
237755,TRANSCORP,2024-10-25,11.05,11.05,0,2026-04-08T04:20:40.222387+00:00,0.0,0.0,0.0,-0.45045045045044585,11.05,11.1125,11.104000000000001,0.7264212383821688,2.124234235625878,47.675256865908175,-0.029130295012626206,-0.0011356149769208984,-0.027994680035705308,7219870.4
237874,TRANSCORP,2024-10-28,48.6,48.6,10463665,2026-04-08T04:20:44.742576+00:00,339.81900452488685,0.0,0.0,0.0,18.560000000000002,12.982499999999998,11.851999999999999,76.00380740774386,48.10518897414009,98.6499549242945,2.9673074540730813,2.3962417072870292,0.571065746786052,3613646.3
237993,TRANSCORP,2024-10-29,45.0,45.0,31679444,2026-04-08T04:20:47.136244+00:00,-7.4074074074074066,339.81900452488685,0.0,0.0,25.35,14.6675,12.527999999999999,76.11853439882056,48.137925210152346,89.6342669859296,4.993948910432842,3.5383065309174317,1.4556423795154099,5007712.8
238112,TRANSCORP,2024-10-30,45.9,45.9,9495600,2026-04-08T04:20:49.405969+00:00,2.0000000000000018,-7.4074074074074066,0.0,0.0,32.32,16.3975,13.227,76.09701314652192,48.125720515375036,89.88319291710717,6.596657186379293,4.112811845491106,2.4838453408881866,4949732.9
238231,TRANSCORP,2024-10-31,45.0,45.0,5660518,2026-04-08T04:20:51.756515+00:00,-1.9607843137254832,2.0000000000000018,0.0,0.0,39.11,18.0825,13.909,76.12079872359111,48.130772861348625,87.6172731000675,7.705369856293128,4.177219612323953,3.5281502439691748,4194037.0
238350,TRANSCORP,2024-11-01,45.75,45.75,1836990,2026-04-08T04:20:54.1075+00:00,1.6666666666666607,-1.9607843137254832,0.0,0.0,46.05,19.81,14.609000000000002,76.0922385380798,48.12227914666779,87.8912221478488,8.54603796113966,4.014310173736389,4.5317277874032715,3960285.65
238469,TRANSCORP,2024-11-04,45.75,45.75,1121898,2026-04-08T04:20:58.471072+00:00,0.0,1.6666666666666607,339.81900452488685,0.0,45.480000000000004,21.544999999999998,15.305,76.0761709571436,48.1268626743619,87.8912221478488,9.107290317231506,3.6604500238625874,5.446840293368918,3719468.65
238588,TRANSCORP,2024-11-05,45.0,45.0,2979636,2026-04-08T04:21:01.00344+00:00,-1.6393442622950838,0.0,-7.4074074074074066,0.0,45.480000000000004,23.235,15.989,76.11093786280979,48.12780234291295,85.69252305486471,9.383402102577175,3.1492494473666053,6.23415265521057,3602870.45
238707,TRANSCORP,2024-11-06,43.5,43.5,2981698,2026-04-08T04:21:03.585377+00:00,-3.3333333333333326,-1.6393442622950838,2.0000000000000018,0.0,45.0,24.857499999999998,16.647000000000002,76.1369168593969,48.13364027996036,81.31139081153835,9.373137522975323,2.511187894211802,6.861949628763521,3552692.85
238826,TRANSCORP,2024-11-07,43.5,43.5,1972821,2026-04-08T04:21:06.256351+00:00,0.0,-3.3333333333333326,-1.9607843137254832,0.0,44.7,26.477500000000003,17.287,76.1419901469075,48.142120758393425,81.31139081153835,9.258279091401505,1.9170635701103862,7.341215521291119,3409613.5
238945,TRANSCORP,2024-11-08,43.9,43.9,3363871,2026-04-08T04:21:08.623134+00:00,0.9195402298850519,0.0,1.6666666666666607,0.0,44.33,28.119999999999997,17.925,76.1266149572689,48.14771326836889,81.60229184014175,9.094691669611173,1.4027809186560427,7.69191075095513,3577807.05
239064,TRANSCORP,2024-11-11,43.05,43.05,2551369,2026-04-08T04:21:12.782875+00:00,-1.9362186788154934,0.9195402298850519,0.0,339.81900452488685,43.79,29.72,18.55,76.14993443072348,48.148655454930235,78.79548063672428,8.795075408440848,0.8825317259885734,7.912543682452275,3705375.5
239183,TRANSCORP,2024-11-12,44.0,44.0,1447293,2026-04-08T04:21:15.417322+00:00,2.2067363530778206,-1.9362186788154934,-1.6393442622950838,-7.4074074074074066,43.589999999999996,31.3675,19.206,76.12650646249048,48.124066044717146,79.63844860604553,8.535888019678442,0.4986754697809328,8.037212549897509,3777740.15
239302,TRANSCORP,2024-11-13,44.0,44.0,1076894,2026-04-08T04:21:17.790166+00:00,0.0,2.2067363530778206,-3.3333333333333326,2.0000000000000018,43.69,33.015,19.862000000000002,76.12650646249048,48.124066044717146,79.63844860604553,8.235545900053445,0.15866668012474783,8.076879219928697,3831584.85
239421,TRANSCORP,2024-11-14,44.5,44.5,4674086,2026-04-08T04:21:20.354873+00:00,1.1363636363636465,0.0,0.0,-1.9607843137254832,43.89,34.6875,20.532000000000004,76.11395315800453,48.11546278388721,80.12083662061943,7.9462687875261295,-0.10448834592205358,8.050757133448183,4065289.15
239540,TRANSCORP,2024-11-15,44.5,44.5,4846092,2026-04-08T04:21:22.90937+00:00,0.0,1.1363636363636465,0.9195402298850519,1.6666666666666607,44.01,36.36,21.201,76.11395315800453,48.11669951692279,80.12083662061943,7.629071405488766,-0.3373485823675342,7.9664199878563,4307593.75
239659,TRANSCORP,2024-11-18,43.9,43.9,1701206,2026-04-08T04:21:27.576358+00:00,-1.348314606741574,0.0,-1.9362186788154934,0.0,44.18,38.0025,21.862000000000002,76.13000074157382,48.115089762156366,77.56346718112495,7.245750705539386,-0.5765354258535318,7.822286131392918,4392654.05
239778,TRANSCORP,2024-11-19,43.15,43.15,4213107,2026-04-08T04:21:29.868433+00:00,-1.7084282460136713,-1.348314606741574,2.2067363530778206,-1.6393442622950838,44.010000000000005,39.6075,22.505,76.15045189977303,48.123976159439266,74.36803927734476,6.803026502382018,-0.8154077032087201,7.618434205590738,4603309.4
239897,TRANSCORP,2024-11-20,43.4,43.4,2192064,2026-04-08T04:21:32.433299+00:00,0.5793742757821629,-1.7084282460136713,0.0,-3.3333333333333326,43.89,41.225,23.153000000000002,76.1439863772279,48.1224279728274,74.74158293555654,6.398578462844114,-0.9758845941973,7.374463057041414,4712912.6
240016,TRANSCORP,2024-11-21,43.7,43.7,4918718,2026-04-08T04:21:34.755564+00:00,0.691244239631339,0.5793742757821629,1.1363636363636465,0.0,43.730000000000004,42.8575,23.8,76.13628327367613,48.12732344611409,75.20848789242734,6.032716569042691,-1.0733971903989783,7.106113759441669,4958848.5
240135,TRANSCORP,2024-11-22,43.65,43.65,1580593,2026-04-08T04:21:37.514754+00:00,-0.11441647597254523,0.691244239631339,0.0,0.9195402298850519,43.56,44.4875,24.452999999999996,76.13759136594847,48.117028489356414,74.95978312578215,5.673335124394363,-1.1462229080378457,6.819558032432209,5037878.15
240254,TRANSCORP,2024-11-25,43.5,43.5,5339962,2026-04-08T04:21:41.818387+00:00,-0.3436426116838476,-0.11441647597254523,-1.348314606741574,-1.9362186788154934,43.480000000000004,44.2325,25.098,2.177855911046275,48.12325950374243,74.16739814722932,5.315149261785059,-1.2035270165177199,6.518676278302779,4781693.0
240373,TRANSCORP,2024-11-26,43.5,43.5,7569670,2026-04-08T04:21:44.163824+00:00,0.0,-0.3436426116838476,-1.7084282460136713,2.2067363530778206,43.55,44.157500000000006,25.747,1.4573010733123757,48.11763456327676,74.16739814722932,4.973947810888475,-1.2357827739314438,6.209730584819919,3576204.3
240492,TRANSCORP,2024-11-27,43.5,43.5,16308019,2026-04-08T04:21:46.720727+00:00,0.0,0.0,0.5793742757821629,0.0,43.57000000000001,44.0375,26.394000000000002,1.3671693869920432,48.11998653876273,74.16739814722932,4.649941570888153,-1.2478312111454128,5.897772782033566,3916825.25
240611,TRANSCORP,2024-11-28,43.5,43.5,2547258,2026-04-08T04:21:49.110263+00:00,0.0,0.0,0.691244239631339,1.1363636363636465,43.53,43.9625,27.04,1.3077413527769322,48.12119277588174,74.16739814722932,4.343099741020232,-1.2437384328106669,5.586838173830899,3761162.25
240730,TRANSCORP,2024-12-02,43.7,43.7,1390957,2026-04-08T04:21:54.88401+00:00,0.45977011494253706,0.0,-0.11441647597254523,0.0,43.54,43.86,27.694000000000003,1.2453126062152338,48.114290218963646,74.64801321519018,4.069156999773057,-1.2141449392462738,5.2833019390193305,3738860.6
240849,TRANSCORP,2024-12-03,43.7,43.7,1269382,2026-04-08T04:21:57.640504+00:00,0.0,0.45977011494253706,-0.3436426116838476,-1.348314606741574,43.58,43.7575,28.354,1.2453126062152338,48.105037113400435,74.64801321519018,3.808157336405351,-1.1801156820911833,4.9882730184965345,3746234.8
240968,TRANSCORP,2024-12-04,44.0,44.0,4118481,2026-04-08T04:21:59.930228+00:00,0.686498855835227,0.0,0.0,-1.7084282460136713,43.68,43.707499999999996,29.014,1.2141517333465097,48.10943411429945,75.44283202914508,3.584204240189564,-1.1232550226455764,4.70745926283514,3803177.05
241087,TRANSCORP,2024-12-06,44.0,44.0,4430214,2026-04-08T04:22:03.392712+00:00,0.0,0.686498855835227,0.0,0.5793742757821629,43.78,43.7325,29.678,0.9471304662679481,48.1036131781285,75.44283202914508,3.3678967803032336,-1.071649986025526,4.4395467663287596,3875602.85
241206,TRANSCORP,2024-12-09,43.65,43.65,2589446,2026-04-08T04:22:07.745808+00:00,-0.7954545454545436,0.0,0.0,0.691244239631339,43.81,43.739999999999995,30.328999999999997,0.9663523105583363,48.112145559172184,72.37276769371933,3.132124305687981,-1.0459379685126233,4.178062274200604,3906434.1
241325,TRANSCORP,2024-12-10,43.65,43.65,2766479,2026-04-08T04:22:10.112253+00:00,0.0,-0.7954545454545436,0.45977011494253706,-0.11441647597254523,43.8,43.7275,30.974,0.9429764732095204,48.11811341291742,72.37276769371933,2.9117085571354266,-1.0130829736521423,3.924791530787569,3876564.5
241444,TRANSCORP,2024-12-11,43.5,43.5,2089553,2026-04-08T04:22:12.639548+00:00,-0.3436426116838476,0.0,0.0,-0.3436426116838476,43.76,43.75,31.62,0.8339726539266215,48.1135698318526,70.93793709434038,2.693870479983019,-0.9847368406436399,3.678607320626659,3853473.7
241563,TRANSCORP,2024-12-12,43.5,43.5,8377147,2026-04-08T04:22:15.033357+00:00,0.0,-0.3436426116838476,0.686498855835227,0.0,43.66,43.725,32.264,0.662753915877931,48.115881144202426,70.9379370943404,2.4925002431259244,-0.9488856620005874,3.441385905126512,4199966.4
241682,TRANSCORP,2024-12-13,43.5,43.5,8799374,2026-04-08T04:22:17.509919+00:00,0.0,0.0,0.0,0.0,43.559999999999995,43.7,32.908,0.662753915877931,48.115881144202426,70.93793709434038,2.3063269778603797,-0.9080471418129061,3.214374119673286,4586090.4
241801,TRANSCORP,2024-12-16,43.8,43.8,4107305,2026-04-08T04:22:22.499781+00:00,0.6896551724137945,0.0,-0.7954545454545436,0.0,43.589999999999996,43.665000000000006,33.558,0.6270553551822667,48.11406673796165,72.30927301528993,2.1581134284031975,-0.8450085530160711,3.0031219814192687,4557751.35
241920,TRANSCORP,2024-12-17,43.4,43.4,2165218,2026-04-08T04:22:24.995572+00:00,-0.91324200913242,0.6896551724137945,0.0,0.45977011494253706,43.54,43.61,34.202000000000005,0.6538054305517339,48.114156161213494,67.72085213077125,1.9854889844877093,-0.8141063975452476,2.799595382032957,4423707.65
242039,TRANSCORP,2024-12-18,43.2,43.2,1373987,2026-04-08T04:22:27.498126+00:00,-0.4608294930875445,-0.91324200913242,-0.3436426116838476,0.0,43.480000000000004,43.575,34.845,0.5936139885345245,48.11137543551614,65.48339298426669,1.8116608419956535,-0.7903476320298433,2.6020084740254967,4407346.7
242158,TRANSCORP,2024-12-19,43.2,43.2,939252,2026-04-08T04:22:29.868083+00:00,0.0,-0.4608294930875445,0.0,0.686498855835227,43.42,43.5775,35.485,0.4530171067060558,48.11476060291337,65.4833929842667,1.6548249942654607,-0.7577467838080287,2.4125717780734894,4243653.95
242277,TRANSCORP,2024-12-20,42.95,42.95,2108978,2026-04-08T04:22:32.392508+00:00,-0.578703703703709,0.0,0.0,0.0,43.31,43.555,36.123,0.4499767360801099,48.11233750060927,62.49027053211475,1.4931464811518964,-0.7355402375372746,2.228686718689171,4239499.65
242396,TRANSCORP,2024-12-23,45.0,45.0,2780670,2026-04-08T04:22:36.740311+00:00,4.772991850989516,-0.578703703703709,0.6896551724137945,-0.7954545454545436,43.55,43.620000000000005,36.801,1.1638223707122881,48.105024766453404,73.27677477014842,1.5129921306366825,-0.5725556704419912,2.0855478010786737,4132597.25
242515,TRANSCORP,2024-12-24,43.25,43.25,1064623,2026-04-08T04:22:39.25804+00:00,-3.888888888888886,4.772991850989516,-0.91324200913242,0.0,43.52,43.6,37.445,1.4741242991630648,48.1178323945867,57.95534895655666,1.3716975012514112,-0.57108023986181,1.9427777411132212,4106798.75
242634,TRANSCORP,2024-12-27,43.3,43.3,1586008,2026-04-08T04:22:43.946119+00:00,0.11560693641616826,-3.888888888888886,-0.4608294930875445,-0.3436426116838476,43.54,43.589999999999996,38.09,1.4726523600590058,48.11751268091956,58.224115453021156,1.249353304425334,-0.5547395493503098,1.8040928537756438,3919101.05
242753,TRANSCORP,2024-12-31,43.5,43.5,3521870,2026-04-08T04:22:48.665239+00:00,0.46189376443419583,0.11560693641616826,0.0,0.0,43.6,43.589999999999996,38.739,1.4764806759671902,48.11626807075435,59.34364984732597,1.1552163604228483,-0.5191011946822366,1.6743175551050848,3716711.05
242871,TRANSCORP,2025-01-02,43.5,43.5,1160320,2026-04-08T04:22:52.256438+00:00,0.0,0.46189376443419583,-0.578703703703709,0.0,43.71,43.589999999999996,39.388000000000005,1.4764806759671902,48.11626807075435,59.34364984732596,1.068297485658249,-0.48481605555746876,1.5531135412157178,2959326.1
242989,TRANSCORP,2025-01-03,43.5,43.5,2528390,2026-04-08T04:22:55.101113+00:00,0.0,0.0,4.772991850989516,0.6896551724137945,43.410000000000004,43.589999999999996,40.037,1.4764806759671902,48.11626807075435,59.34364984732597,0.9880243218323272,-0.4520713755067125,1.4400956973390397,2958382.7
243107,TRANSCORP,2025-01-06,44.0,44.0,6976624,2026-04-08T04:23:00.046313+00:00,1.1494252873563315,0.0,-3.888888888888886,-0.91324200913242,43.56,43.605000000000004,40.696000000000005,1.495462155803324,48.11333045876353,62.48296124592885,0.9537587453666347,-0.38906956157792405,1.3428283069445588,3237666.05
243225,TRANSCORP,2025-01-07,45.0,45.0,13443109,2026-04-08T04:23:02.329348+00:00,2.2727272727272707,1.1494252873563315,0.11560693641616826,-0.4608294930875445,43.9,43.67,41.375,1.576059029708819,48.108029981698586,67.83272875789419,0.9958155302397529,-0.2776102213638447,1.2734257516035976,3846352.4
243343,TRANSCORP,2025-01-08,49.5,49.5,7975483,2026-04-08T04:23:04.632968+00:00,10.000000000000009,2.2727272727272707,0.46189376443419583,0.0,45.1,43.945,42.144000000000005,2.7090140071771267,48.10057552968997,80.97782422879925,1.376392036562116,0.08237302796681467,1.2940190085953014,4039202.5
243461,TRANSCORP,2025-01-09,51.0,51.0,12138607,2026-04-08T04:23:06.908261+00:00,3.0303030303030276,10.000000000000009,0.0,-0.578703703703709,46.6,44.295,42.943000000000005,2.7565968340841986,48.09366793282651,83.41129158933452,1.7785372533495902,0.38761459580343094,1.3909226575461593,4424622.15
243579,TRANSCORP,2025-01-10,51.5,51.5,3801034,2026-04-08T04:23:09.304805+00:00,0.9803921568627416,3.0303030303030276,0.0,4.772991850989516,48.2,44.6875,43.751999999999995,2.731818075186861,48.09098979809266,84.13964421335773,2.1132261012218336,0.5778427549405394,1.5353833462812942,4485201.55
243697,TRANSCORP,2025-01-13,49.5,49.5,2341308,2026-04-08T04:23:13.790041+00:00,-3.8834951456310662,0.9803921568627416,1.1494252873563315,-3.888888888888886,49.3,44.980000000000004,44.521,2.9275002205139633,48.105556473627885,70.75696710135267,2.1918202002531118,0.5251494831774539,1.6666707170756578,4463943.0
243815,TRANSCORP,2025-01-14,49.9,49.9,2505989,2026-04-08T04:23:16.129929+00:00,0.8080808080808133,-3.8834951456310662,2.2727272727272707,0.11560693641616826,50.279999999999994,45.3,44.547000000000004,2.917818957585571,2.3438982245210385,71.72558100128917,2.2603275974969534,0.4749255043370364,1.785402093159917,4484764.8
243933,TRANSCORP,2025-01-15,49.9,49.9,1211376,2026-04-08T04:23:18.535433+00:00,0.0,0.8080808080808133,10.000000000000009,0.46189376443419583,50.36,45.62,44.645,2.917818957585571,2.080303048183597,71.72558100128916,2.2882427651666646,0.40227253760539794,1.8859702275612666,4126476.25
244051,TRANSCORP,2025-01-16,49.9,49.9,1151188,2026-04-08T04:23:20.834867+00:00,0.0,0.0,3.0303030303030276,0.0,50.14,45.940000000000005,44.725,2.917818957585571,2.0646967479059883,71.72558100128917,2.2840367823988714,0.3184532438700838,1.9655835385287876,3744066.95
244169,TRANSCORP,2025-01-17,46.95,46.95,1666502,2026-04-08T04:23:23.141674+00:00,-5.911823647294579,0.0,0.9803921568627416,0.0,49.23,46.0975,44.764,3.2740108845326117,2.2184781866381513,54.95785605810706,2.0193849522258347,0.04304113095763751,1.9763438212681972,3622026.8
244287,TRANSCORP,2025-01-20,48.5,48.5,2330603,2026-04-08T04:23:27.482452+00:00,3.301384451544198,-5.911823647294579,-3.8834951456310662,1.1494252873563315,49.029999999999994,46.3525,44.819,3.320496745560508,2.25367566662095,60.21996240757916,1.9126704419509295,-0.05093870345381424,1.9636091454047437,3630296.05
244405,TRANSCORP,2025-01-21,50.0,50.0,2833066,2026-04-08T04:23:29.752731+00:00,3.092783505154628,3.301384451544198,0.8080808080808133,2.2727272727272707,49.05,46.6925,44.904,3.3551641044413723,2.2918398928719554,64.53765981487923,1.9269235129099016,-0.029348505995873797,1.9562720189057754,3703250.0
244523,TRANSCORP,2025-01-22,50.6,50.6,5541663,2026-04-08T04:23:32.235559+00:00,1.200000000000001,3.092783505154628,0.0,10.000000000000009,49.19,47.0625,45.016000000000005,3.3510931120386402,2.2804043079785,66.12165506121805,1.9639944543973016,0.006177948393220722,1.9578165060040809,3933370.55
244641,TRANSCORP,2025-01-23,52.0,52.0,5059560,2026-04-08T04:23:34.519549+00:00,2.7667984189723382,1.200000000000001,0.0,3.0303030303030276,49.61,47.515,45.18600000000001,3.359713699801008,2.2471800463588782,69.54043854500208,2.08233784782022,0.09961707345291138,1.9827207743673088,4080899.65
244759,TRANSCORP,2025-01-24,52.0,52.0,8240138,2026-04-08T04:23:37.097992+00:00,0.0,2.7667984189723382,-5.911823647294579,0.9803921568627416,50.620000000000005,47.864999999999995,45.356,3.2462067635315135,2.2471800463588782,69.54043854500206,2.1513266848573167,0.13488472839200627,2.0164419564653104,4353873.05
244877,TRANSCORP,2025-01-27,52.0,52.0,3387859,2026-04-08T04:23:41.817807+00:00,0.0,0.0,3.301384451544198,-3.8834951456310662,51.32000000000001,48.302499999999995,45.518,3.0634841930966967,2.246452758807024,69.54043854500206,2.1808612245888597,0.1315354144988392,2.0493258100900205,4470034.85
244995,TRANSCORP,2025-01-28,51.75,51.75,3968386,2026-04-08T04:23:44.43679+00:00,-0.48076923076922906,0.0,3.092783505154628,0.8080808080808133,51.67,48.725,45.692,3.0751104698474543,2.225376243615431,68.00975075481357,2.159204681933076,0.08790309747444436,2.0713015844586318,4589153.75
245113,TRANSCORP,2025-01-30,53.0,53.0,4077039,2026-04-08T04:23:47.90788+00:00,2.4154589371980784,-0.48076923076922906,1.200000000000001,0.0,52.15,49.2,45.872,3.0901350596112658,2.2290414566745964,71.39956931760365,2.2173460837619317,0.11683559944263955,2.100510484319292,4616912.2
245231,TRANSCORP,2025-01-31,53.0,53.0,4077039,2026-04-08T04:23:50.425841+00:00,0.0,2.4154589371980784,2.7667984189723382,0.0,52.35,49.675,46.052,3.0901350596112658,2.2290414566745964,71.39956931760365,2.237629562872719,0.10969526284274167,2.1279343000299775,4762748.15
245349,TRANSCORP,2025-02-03,54.0,54.0,3264587,2026-04-08T04:23:55.090801+00:00,1.8867924528301883,0.0,0.0,-5.911823647294579,52.75,50.2,46.242,3.085605793395096,2.236636287304416,73.95971090750106,2.3077932053341854,0.14388712424336614,2.1639060810908193,4799558.0
245467,TRANSCORP,2025-02-04,53.0,53.0,3031373,2026-04-08T04:23:57.584141+00:00,-1.851851851851849,1.8867924528301883,0.0,3.301384451544198,52.95,50.65,46.412,3.1568421938983047,2.258817058893993,67.456881579166,2.2566930026435017,0.07422953724214576,2.182463465401356,4602295.45
245585,TRANSCORP,2025-02-05,53.0,53.0,5245064,2026-04-08T04:24:00.484627+00:00,0.0,-1.851851851851849,-0.48076923076922906,3.092783505154628,53.2,51.05,46.59400000000001,3.148804940129883,2.2458378193253634,67.45688157916601,2.1909399321292184,0.006781173382290007,2.1841587587469284,4192393.2
245703,TRANSCORP,2025-02-06,53.6,53.6,4795547,2026-04-08T04:24:04.153698+00:00,1.132075471698113,0.0,2.4154589371980784,1.200000000000001,53.31999999999999,51.254999999999995,46.803000000000004,2.307008921137575,2.2272198881561844,69.33315801138791,2.1623192651208285,-0.017471594900880127,2.1797908600217086,4033396.4
245821,TRANSCORP,2025-02-07,54.0,54.0,5128305,2026-04-08T04:24:07.822728+00:00,0.746268656716409,1.132075471698113,0.0,2.7667984189723382,53.519999999999996,51.404999999999994,47.015,2.226338911147951,2.2275297300842816,70.55210639705471,2.1471626825345353,-0.026102541989738715,2.173265224524274,3682881.3
245939,TRANSCORP,2025-02-10,55.0,55.0,3415846,2026-04-08T04:24:13.163899+00:00,1.85185185185186,0.746268656716409,1.8867924528301883,0.0,53.71999999999999,51.58,47.24100000000001,2.2485649320381715,2.235999744809157,73.39880862171131,2.1905908564907364,0.013860505573169757,2.1767303509175666,3663621.9
246057,TRANSCORP,2025-02-11,59.9,59.9,35236247,2026-04-08T04:24:15.629092+00:00,8.90909090909091,1.85185185185186,-1.851851851851849,0.0,55.1,52.1,47.566,2.7446003304711857,2.5312783677692083,82.38466503692209,2.5905349716246207,0.33104369656564314,2.2594912750589775,5308368.85
246175,TRANSCORP,2025-02-12,61.0,61.0,5415958,2026-04-08T04:24:18.226035+00:00,1.8363939899832982,8.90909090909091,0.0,-0.48076923076922906,56.7,52.654999999999994,47.916000000000004,2.75057318391652,2.532315600691156,83.71462180582958,2.962109022266567,0.5620941977660716,2.4000148245004955,5453867.3
246293,TRANSCORP,2025-02-13,61.0,61.0,2401847,2026-04-08T04:24:20.725749+00:00,0.0,1.8363939899832982,1.132075471698113,2.4154589371980784,58.17999999999999,53.21,48.266000000000005,2.75057318391652,2.532315600691156,83.71462180582958,3.21947206453855,0.6555657920304436,2.5639062725081065,5513390.85
246411,TRANSCORP,2025-02-14,60.0,60.0,5357726,2026-04-08T04:24:23.300806+00:00,-1.6393442622950838,0.0,0.746268656716409,0.0,59.379999999999995,53.714999999999996,48.596000000000004,2.8071881549195434,2.552219035140997,77.54212336166485,3.3046485556116068,0.5925938264827999,2.712054729128807,5723717.75
246529,TRANSCORP,2025-02-17,59.0,59.0,2162225,2026-04-08T04:24:27.726986+00:00,-1.6666666666666718,-1.6393442622950838,1.85185185185186,1.8867924528301883,60.17999999999999,54.317499999999995,48.906000000000006,2.3894367993239096,2.5720397962164188,71.8378822548495,3.2539503813171393,0.4335165217506658,2.8204338595664735,5748503.9
246647,TRANSCORP,2025-02-18,59.0,59.0,4725903,2026-04-08T04:24:30.295737+00:00,0.0,-1.6666666666666718,8.90909090909091,-1.851851851851849,60.0,54.842499999999994,49.211999999999996,2.3484933733268645,2.5735297889757365,71.8378822548495,3.1771475338634474,0.2853709394375792,2.891776594425868,5868268.9
246765,TRANSCORP,2025-02-19,59.0,59.0,2456482,2026-04-08T04:24:32.765887+00:00,0.0,0.0,1.8363939899832982,0.0,59.6,55.2925,49.518,2.3055596766566544,2.5735297889757365,71.8378822548495,3.0807675532787755,0.15119276708232565,2.92957478619645,5849439.7
246883,TRANSCORP,2025-02-20,59.0,59.0,6454612,2026-04-08T04:24:35.351909+00:00,0.0,0.0,0.0,1.132075471698113,59.2,55.7125,49.818000000000005,2.311723381638727,2.575073889157446,71.8378822548495,2.970147710333194,0.0324583393093949,2.937689371023799,5895087.15
247001,TRANSCORP,2025-02-21,58.95,58.95,2137011,2026-04-08T04:24:37.680479+00:00,-0.08474576271185752,0.0,-1.6393442622950838,0.746268656716409,58.99000000000001,56.06,50.117,2.271312770492617,2.575518224016474,71.4842277841394,2.845643301070041,-0.07363685596300673,2.9192801570330476,5748959.7
247119,TRANSCORP,2025-02-25,57.1,57.1,1708691,2026-04-08T04:24:43.419296+00:00,-3.1382527565733676,-0.08474576271185752,-1.6666666666666718,1.85185185185186,58.61,56.315,50.385999999999996,2.422171930265847,2.622645267031152,59.76139059209639,2.5680897804100766,-0.280952301298377,2.8490420817084536,5422387.35
247237,TRANSCORP,2025-02-26,56.2,56.2,2954137,2026-04-08T04:24:45.860894+00:00,-1.5761821366024442,-3.1382527565733676,0.0,8.90909090909091,58.05,56.525,50.637,2.464426299450941,2.6390766488377655,55.03312220290593,2.2495724661561383,-0.4795756924418524,2.7291481585979906,5400701.25
247355,TRANSCORP,2025-02-27,56.2,56.2,2611831,2026-04-08T04:24:48.27846+00:00,0.0,-1.5761821366024442,0.0,1.8363939899832982,57.49000000000001,56.7475,50.89099999999999,2.457543482815114,2.637175147495027,55.03312220290593,1.974385710359961,-0.603809958590424,2.578195668950385,5332873.5
247473,TRANSCORP,2025-02-28,57.0,57.0,2057125,2026-04-08T04:24:50.63724+00:00,1.4234875444839812,0.0,0.0,0.0,57.09000000000001,56.947500000000005,51.160999999999994,2.4253980781942444,2.6388336737721554,58.42420816758434,1.8001010930226755,-0.6224756607421673,2.422576753764843,5231877.8
247591,TRANSCORP,2025-03-03,57.0,57.0,2197595,2026-04-08T04:24:55.222854+00:00,0.0,1.4234875444839812,-0.08474576271185752,-1.6393442622950838,56.7,57.1475,51.431,2.4253980781942444,2.6388336737721554,58.42420816758435,1.6430393433365182,-0.6236299283426598,2.266669271679178,5137905.6
247709,TRANSCORP,2025-03-04,51.3,51.3,3035172,2026-04-08T04:24:57.762887+00:00,-10.000000000000009,0.0,-3.1382527565733676,-1.6666666666666718,55.54,57.0125,51.581,3.3281087966897926,3.0329779300559054,35.994091992252656,1.0465603161654613,-0.9760871644109734,2.0226474805764347,5126434.85
247828,TRANSCORP,2025-03-05,47.1,47.1,3492203,2026-04-08T04:25:00.108696+00:00,-8.187134502923964,-10.000000000000009,-1.5761821366024442,0.0,53.720000000000006,56.717499999999994,51.655,3.7659981716381656,3.2612316527739025,27.58912914329861,0.2322640946933774,-1.432306708706446,1.6645708033998234,5149476.35
247947,TRANSCORP,2025-03-06,51.8,51.8,4980427,2026-04-08T04:25:02.52336+00:00,9.97876857749469,-8.187134502923964,0.0,0.0,52.839999999999996,56.657500000000006,51.827000000000005,4.439299524318589,3.5393348649365906,43.49120649764264,-0.033435384747072305,-1.3584049505175166,1.3249695657704443,5136244.5
248066,TRANSCORP,2025-03-07,46.9,46.9,9049055,2026-04-08T04:25:04.19753+00:00,-9.459459459459463,9.97876857749469,1.4234875444839812,0.0,50.82,56.322500000000005,51.900999999999996,4.902158875643212,3.805334495500029,34.888814810913985,-0.632106653428373,-1.5656609753590538,0.9335543219306809,5348919.9
248185,TRANSCORP,2025-03-10,51.55,51.55,5118771,2026-04-08T04:25:07.959889+00:00,9.914712153518114,-9.459459459459463,0.0,-0.08474576271185752,49.730000000000004,56.2,52.073,5.430054631977179,4.041533452219317,45.83741710474864,-0.7230074291367572,-1.3252494008539504,0.6022419717171933,5348443.2
248304,TRANSCORP,2025-03-11,51.0,51.0,2477959,2026-04-08T04:25:10.446731+00:00,-1.066925315227929,9.914712153518114,-10.000000000000009,-3.1382527565733676,49.67,56.0,52.193000000000005,5.4142650983037095,3.998072621765091,44.87621715252467,-0.8298612285762417,-1.145682560234748,0.31582133165850634,5301548.85
248423,TRANSCORP,2025-03-12,51.0,51.0,603245,2026-04-08T04:25:12.888859+00:00,0.0,-1.066925315227929,-8.187134502923964,-1.5761821366024442,50.45,55.55499999999999,52.348,4.970402797713619,3.9519088230073307,44.87621715252467,-0.9041214847914958,-0.9759542531600017,0.07183276836850594,3569898.75
248542,TRANSCORP,2025-03-13,51.0,51.0,1989595,2026-04-08T04:25:15.353849+00:00,0.0,0.0,9.97876857749469,0.0,50.29,55.05499999999999,52.501999999999995,4.938264765687847,3.9521163339388394,44.87621715252467,-0.9519992184667885,-0.8190655894682355,-0.13293362899855296,3398580.6
248661,TRANSCORP,2025-03-14,51.0,51.0,1435154,2026-04-08T04:25:17.75152+00:00,0.0,0.0,-9.459459459459463,1.4234875444839812,51.11,54.55499999999999,52.652,4.938264765687847,3.9525186290793224,44.87621715252466,-0.9786612694264463,-0.6765821123423146,-0.30207915708413163,3350245.95
248780,TRANSCORP,2025-03-17,51.0,51.0,972578,2026-04-08T04:25:23.327657+00:00,0.0,0.0,9.914712153518114,0.0,51.0,54.105,52.802,4.936769486054634,3.9525186290793224,44.87621715252465,-0.9883975057119159,-0.5490546789022274,-0.4393428268096885,3130988.55
248899,TRANSCORP,2025-03-18,51.0,51.0,7159591,2026-04-08T04:25:25.763099+00:00,0.0,0.0,-1.066925315227929,-10.000000000000009,51.0,53.705,52.952,4.93353667988943,3.9525186290793224,44.87621715252466,-0.9847618218248968,-0.43633519601216664,-0.5484266258127302,3380856.85
249018,TRANSCORP,2025-03-19,47.0,47.0,1353275,2026-04-08T04:25:28.144043+00:00,-7.843137254901967,0.0,0.0,-8.187134502923964,50.2,53.105,53.012,5.187686237275713,4.118594590156314,36.25181883750506,-1.2897793136874824,-0.5930821502998018,-0.6966971633876806,3212225.45
249137,TRANSCORP,2025-03-20,47.0,47.0,783881,2026-04-08T04:25:31.01834+00:00,0.0,-7.843137254901967,0.0,9.97876857749469,49.4,52.504999999999995,53.052,5.187686237275713,4.107950518057506,36.25181883750507,-1.514054792341227,-0.6538861031628371,-0.86016868917839,3128595.4
249256,TRANSCORP,2025-03-21,47.0,47.0,557912,2026-04-08T04:25:33.389958+00:00,0.0,0.0,0.0,-9.459459459459463,48.6,51.904999999999994,53.001999999999995,5.187686237275713,3.855241746968286,36.25181883750508,-1.672515013026164,-0.6498770590782192,-1.0226379539479447,2833760.4
249375,TRANSCORP,2025-03-24,47.0,47.0,1763984,2026-04-08T04:25:38.388993+00:00,0.0,0.0,0.0,9.914712153518114,47.8,51.30749999999999,52.922,5.188509376337269,3.829881205376393,36.25181883750507,-1.7776047584285877,-0.6039734435845143,-1.1736313148440733,2815109.05
249494,TRANSCORP,2025-03-25,45.0,45.0,3931829,2026-04-08T04:25:40.7685+00:00,-4.255319148936165,0.0,0.0,-1.066925315227929,46.6,50.7025,52.792,5.218689451392117,3.8713439236295364,32.102640867474165,-1.9992265845025372,-0.660476215726771,-1.3387503687757663,2926265.95
249613,TRANSCORP,2025-03-26,45.0,45.0,4101299,2026-04-08T04:25:43.344812+00:00,0.0,-4.255319148936165,-7.843137254901967,0.0,46.2,50.1425,52.702,5.2222817549451035,3.8346277342217716,32.10264086747417,-2.1500787093809564,-0.6490626724841522,-1.5010160368968042,2983624.05
249732,TRANSCORP,2025-03-27,45.0,45.0,2023122,2026-04-08T04:25:45.817232+00:00,0.0,0.0,0.0,0.0,45.8,49.582499999999996,52.604,5.2222817549451035,3.832347383935097,32.10264086747418,-2.2437653746346413,-0.5941994701902695,-1.6495659044443718,2954188.6
249851,TRANSCORP,2025-03-28,44.4,44.4,629406,2026-04-08T04:25:48.177352+00:00,-1.333333333333342,0.0,0.0,0.0,45.279999999999994,48.9525,52.49400000000001,5.191943867846369,3.836032228300401,30.78252570876867,-2.33945988017944,-0.5519151805880544,-1.7875446995913857,2882802.65
249970,TRANSCORP,2025-04-02,44.7,44.7,1679786,2026-04-08T04:25:54.663823+00:00,0.6756756756756799,-1.333333333333342,0.0,0.0,44.82,48.3375,52.39,5.2017535204325345,3.837799908714617,32.28196907373021,-2.3638420724988123,-0.46103789832594133,-1.902804174172871,2856912.2
250089,TRANSCORP,2025-04-03,44.7,44.7,1212246,2026-04-08T04:25:57.014747+00:00,0.0,0.6756756756756799,-4.255319148936165,0.0,44.760000000000005,48.0075,52.345,4.761040944712822,3.74656112348884,32.28196907373021,-2.3560065585325276,-0.3625619074877253,-1.9934446510448023,2765765.9
250208,TRANSCORP,2025-04-04,44.7,44.7,1307921,2026-04-08T04:25:59.489503+00:00,0.0,0.0,0.0,-7.843137254901967,44.7,47.8875,52.269,4.411585396924992,3.7156329464432436,32.28196907373022,-2.3230185454987407,-0.2636591155631507,-2.05935942993559,2656551.8
250327,TRANSCORP,2025-04-07,42.1,42.1,2309286,2026-04-08T04:26:04.211964+00:00,-5.8165548098433995,0.0,0.0,0.0,44.12,47.4025,52.111,3.881185659633783,3.7728247548178624,26.150089217576696,-2.4781074977315427,-0.3349984542367621,-2.1431090434947806,2522994.75
250446,TRANSCORP,2025-04-08,40.1,40.1,1616837,2026-04-08T04:26:06.766331+00:00,-4.750593824228034,-5.8165548098433995,-1.333333333333342,0.0,43.260000000000005,47.0625,51.900999999999996,3.458172521984442,3.818975508741981,22.594739757836077,-2.730919554350045,-0.4702484086842116,-2.2606711456658335,2151383.85
250565,TRANSCORP,2025-04-10,40.25,40.25,2259089,2026-04-08T04:26:10.263658+00:00,0.37406483790523026,-4.750593824228034,0.6756756756756799,0.0,42.370000000000005,46.4975,51.666,2.4137419684202652,3.793488602398389,23.435519820326302,-2.885904276152573,-0.5001865043893914,-2.3857177717631814,2008399.75
250684,TRANSCORP,2025-04-11,40.95,40.95,1784115,2026-04-08T04:26:12.610372+00:00,1.7391304347826209,0.37406483790523026,0.0,-4.255319148936165,41.620000000000005,45.995,51.445,2.501877833292456,3.805560224811654,27.398734386689085,-2.9186027986342893,-0.4263080214968862,-2.492294777137403,1973707.55
250803,TRANSCORP,2025-04-14,40.95,40.95,1204825,2026-04-08T04:26:17.137975+00:00,0.0,1.7391304347826209,0.0,0.0,40.870000000000005,45.4925,51.224,2.501877833292456,3.805560224811654,27.398734386689085,-2.910960868400487,-0.3349328730104668,-2.57602799539002,2003786.55
250922,TRANSCORP,2025-04-15,41.0,41.0,2001248,2026-04-08T04:26:19.634971+00:00,0.12210012210012167,0.0,-5.8165548098433995,0.0,40.65,44.9925,51.00899999999999,2.504749166575131,3.8062713154321663,27.708724231920527,-2.867811653905065,-0.2334269268120357,-2.634384727093029,2004369.2
251041,TRANSCORP,2025-04-16,41.5,41.5,1940707,2026-04-08T04:26:22.321337+00:00,1.2195121951219523,0.12210012210012167,-4.750593824228034,-1.333333333333342,40.92999999999999,44.5175,50.778999999999996,2.5462681897180364,3.791991725879727,30.88669305804525,-2.7614376350963354,-0.10164232640264492,-2.6597953086936905,2029646.85
251160,TRANSCORP,2025-04-17,41.5,41.5,446709,2026-04-08T04:26:24.819431+00:00,0.0,1.2195121951219523,0.37406483790523026,0.6756756756756799,41.17999999999999,44.042500000000004,50.549,2.5462681897180364,3.791991725879727,30.88669305804525,-2.646626792609773,0.010534812867134313,-2.657161605476907,2003353.4
251279,TRANSCORP,2025-04-22,42.0,42.0,4042191,2026-04-08T04:26:31.401152+00:00,1.2048192771084265,0.0,1.7391304347826209,0.0,41.39,43.5925,50.309,2.584966170736219,3.7847549629056645,34.239424120798375,-2.486628248865479,0.13642668528914248,-2.6230549341546214,1847483.4
251398,TRANSCORP,2025-04-23,42.0,42.0,966052,2026-04-08T04:26:33.741411+00:00,0.0,1.2048192771084265,0.0,0.0,41.6,43.3425,50.089,2.013200589031404,3.7796227656244965,34.239424120798375,-2.332935620588721,0.23209545085272065,-2.5650310714414415,1828122.25
251517,TRANSCORP,2025-04-24,43.85,43.85,1241480,2026-04-08T04:26:36.383131+00:00,4.404761904761911,0.0,0.12210012210012167,-5.8165548098433995,42.17,43.185,49.90599999999999,2.2965025889311743,3.839841860967701,45.56988093142328,-2.0383566597383975,0.42133952936243535,-2.459696189100833,1851002.2
251637,TRANSCORP,2025-04-25,43.0,43.0,1106390,2026-04-08T04:26:38.677219+00:00,-1.9384264538198415,4.404761904761911,1.2195121951219523,-4.750593824228034,42.470000000000006,42.985,49.693999999999996,2.3230032463832857,3.8409313708276867,41.99006847055295,-1.8521383096734638,0.48604630354189515,-2.338184613215359,1878426.1
251757,TRANSCORP,2025-04-28,45.7,45.7,2842167,2026-04-08T04:26:43.113614+00:00,6.279069767441858,-1.9384264538198415,0.0,0.37406483790523026,43.31,42.92,49.528,2.7647361744146863,3.9517621433959893,54.27707098123751,-1.4697491372901297,0.6947483807401835,-2.164497518030313,1932335.25
251877,TRANSCORP,2025-04-29,45.7,45.7,2052684,2026-04-08T04:26:45.609073+00:00,0.0,6.279069767441858,1.2048192771084265,1.7391304347826209,44.050000000000004,42.955,49.342,2.5864164042266955,3.940260559477526,54.27707098123751,-1.1534072029466103,0.8088722520669624,-1.9622794550135727,1838378.0
251997,TRANSCORP,2025-04-30,46.25,46.25,7429398,2026-04-08T04:26:48.242472+00:00,1.2035010940919078,0.0,0.0,0.0,44.9,43.0175,49.068999999999996,2.5977221827016788,3.7173695407393965,56.45598626179693,-0.8485420725869091,0.8909899059413311,-1.7395319785282402,2004782.95
252117,TRANSCORP,2025-05-02,45.5,45.5,3637250,2026-04-08T04:26:51.690529+00:00,-1.6216216216216162,1.2035010940919078,4.404761904761911,0.12210012210012167,45.230000000000004,43.042500000000004,48.75899999999999,2.62840692745243,3.70616009212941,52.76346609919977,-0.6598466904237554,0.863748230483588,-1.5235949209073434,2085489.35
252237,TRANSCORP,2025-05-05,45.0,45.0,2167632,2026-04-08T04:26:56.275381+00:00,-1.098901098901095,-1.6216216216216162,-1.9384264538198415,1.2195121951219523,45.63,43.072500000000005,48.43899999999999,2.622249787828795,3.7062913978561505,50.39694431833343,-0.5443748475275711,0.7833760587038179,-1.327750906231389,2162400.65
252357,TRANSCORP,2025-05-06,43.25,43.25,1205801,2026-04-08T04:26:58.7221+00:00,-3.888888888888886,-1.098901098901095,6.279069767441858,0.0,45.14,43.0,48.104,2.764285138069725,3.7334783246914105,43.1091030740987,-0.587302892580098,0.5923584109210329,-1.179661303501131,2138701.4
252477,TRANSCORP,2025-05-07,44.0,44.0,2028188,2026-04-08T04:27:01.170235+00:00,1.7341040462427681,-3.888888888888886,0.0,1.2048192771084265,44.8,42.965,47.803999999999995,2.795543989805338,3.744308505478139,46.668576634730925,-0.5544140060248992,0.5001978379809855,-1.0546118440058847,2179498.5
252597,TRANSCORP,2025-05-08,44.0,44.0,1211674,2026-04-08T04:27:03.468055+00:00,0.0,1.7341040462427681,1.2035010940919078,0.0,44.35,42.93,47.504,2.795543989805338,3.744308505478139,46.66857663473092,-0.5223282515326488,0.42582687397858876,-0.9481551255112376,2174686.15
252717,TRANSCORP,2025-05-09,42.0,42.0,2625639,2026-04-08T04:27:05.963213+00:00,-4.545454545454541,0.0,-1.6216216216216162,4.404761904761911,43.65,42.925,47.163999999999994,2.668927639288527,3.7864745202195147,39.10228281475846,-0.6507815407306552,0.237898867824466,-0.8886804085551212,2190503.8
252837,TRANSCORP,2025-05-12,42.05,42.05,1482566,2026-04-08T04:27:10.449459+00:00,0.11904761904761862,-4.545454545454541,-1.098901098901095,-1.9384264538198415,43.059999999999995,43.0225,46.825,2.421263162625738,3.786901157903417,39.366945543376715,-0.7400166642820238,0.11893099541847796,-0.8589476597005018,2183790.25
252957,TRANSCORP,2025-05-14,44.1,44.1,2003130,2026-04-08T04:27:13.89162+00:00,4.875148632580273,0.11904761904761862,-3.888888888888886,6.279069767441858,43.23,43.215,46.528,2.6319225423621844,3.864945145566681,49.128799374419934,-0.6379642207478327,0.17678675116213538,-0.814750971909968,2170992.3
253077,TRANSCORP,2025-05-15,44.5,44.5,1209476,2026-04-08T04:27:16.307455+00:00,0.9070294784580435,4.875148632580273,1.7341040462427681,0.0,43.33,43.3925,46.276,2.6176821187346158,3.8510140145414016,50.79349999928725,-0.5188295231555458,0.23673715900353787,-0.7555666821590836,2142260.35
253197,TRANSCORP,2025-05-16,44.5,44.5,1370083,2026-04-08T04:27:18.639316+00:00,0.0,0.9070294784580435,0.0,1.2035010940919078,43.42999999999999,43.57,46.042,2.6176821187346158,3.847841018452814,50.79349999928724,-0.41957778546180435,0.26879111735782346,-0.6883689028196278,2150523.25
253317,TRANSCORP,2025-05-19,45.0,45.0,2551748,2026-04-08T04:27:23.06518+00:00,1.1235955056179803,0.0,-4.545454545454541,-1.6216216216216162,44.029999999999994,43.769999999999996,45.818000000000005,2.6206811108543824,3.8534576206936655,53.02212453213963,-0.2971488994001916,0.31297600273554893,-0.6101249021357406,2178048.25
253437,TRANSCORP,2025-05-20,45.0,45.0,2551748,2026-04-08T04:27:25.663956+00:00,0.0,1.1235955056179803,0.11904761904761862,-1.098901098901095,44.620000000000005,43.945,45.578,2.617216211359577,3.845185197629031,53.02212453213962,-0.1978425197291216,0.32982590592529515,-0.5276684256544167,2208600.3
253557,TRANSCORP,2025-05-21,45.0,45.0,1188356,2026-04-08T04:27:28.280255+00:00,0.0,0.0,4.875148632580273,-3.888888888888886,44.8,44.12,45.338,2.617216211359577,3.845185197629031,53.022124532139635,-0.1177837605027463,0.32790773212133634,-0.44569149262408264,2245682.65
253677,TRANSCORP,2025-05-22,43.0,43.0,1679552,2026-04-08T04:27:30.733393+00:00,-4.444444444444439,0.0,0.9070294784580435,1.7341040462427681,44.5,44.17,45.172,2.8265646313673964,3.6366946752777185,43.23851258302244,-0.21326155586096718,0.18594394941049236,-0.39920550527145954,2127550.7
253797,TRANSCORP,2025-05-23,42.55,42.55,2257009,2026-04-08T04:27:33.142895+00:00,-1.0465116279069875,-4.444444444444439,0.0,0.0,44.11,44.1975,45.081,2.8392514050947724,3.4558557438072683,41.38803388164576,-0.3215332011602925,0.06213784328893368,-0.3836710444492262,2192098.55
253917,TRANSCORP,2025-05-26,42.6,42.6,1441583,2026-04-08T04:27:37.938794+00:00,0.1175088131609936,-1.0465116279069875,1.1235955056179803,-4.545454545454541,43.63,44.135,44.897,2.653126376448446,3.132591809851028,41.68665702208594,-0.39870861327618456,-0.01203005506156668,-0.3866785582146179,2202103.7
254037,TRANSCORP,2025-05-27,42.9,42.9,930166,2026-04-08T04:27:40.395447+00:00,0.7042253521126751,0.1175088131609936,0.0,0.11904761904761862,43.209999999999994,44.129999999999995,44.81700000000001,2.6229736244308066,2.8454842139089984,43.54520566365976,-0.43069836791654126,-0.03521584776153869,-0.39548252015500257,2193292.5
254157,TRANSCORP,2025-05-28,42.9,42.9,686974,2026-04-08T04:27:42.906627+00:00,0.0,0.7042253521126751,0.0,4.875148632580273,42.790000000000006,43.99,44.644,2.1713912893720777,2.4483459619920214,43.54520566365976,-0.4508533224875677,-0.04429664186605209,-0.4065566806215156,2085532.85
254277,TRANSCORP,2025-05-29,42.9,42.9,760441,2026-04-08T04:27:45.903166+00:00,0.0,0.0,-4.444444444444439,0.9070294784580435,42.769999999999996,43.85,44.482,2.1713912893720777,2.4465026064180715,43.54520566365976,-0.4615063117100249,-0.04395970487080736,-0.4175466068392175,2020920.7
254397,TRANSCORP,2025-05-30,43.1,43.1,1413387,2026-04-08T04:27:48.4452+00:00,0.4662004662004726,0.0,-1.0465116279069875,0.0,42.88,43.6925,44.324,2.1508068155182816,2.448617414555269,45.004673630539685,-0.4486389236454542,-0.02487385344498938,-0.42376507020046483,1720120.15
254517,TRANSCORP,2025-06-02,43.0,43.0,1012876,2026-04-08T04:27:53.01382+00:00,-0.23201856148492572,0.4662004662004726,0.1175088131609936,1.1235955056179803,42.96,43.5675,44.163999999999994,2.1292208744829093,2.4482449708650877,44.38679635053326,-0.44142215039092747,-0.014125664152370099,-0.42729648623855737,1588901.45
254637,TRANSCORP,2025-06-03,43.8,43.8,1280081,2026-04-08T04:27:55.368454+00:00,1.8604651162790642,-0.23201856148492572,0.7042253521126751,0.0,43.14,43.5075,44.02,2.1703206614411785,2.4671319478065223,50.26907770605833,-0.36691986763720763,0.048301294881079815,-0.41522116251828745,1544523.9
254757,TRANSCORP,2025-06-04,43.8,43.8,1062287,2026-04-08T04:27:57.94541+00:00,0.0,1.8604651162790642,0.0,0.0,43.32,43.535,43.876000000000005,1.9800440101329426,2.4671319478065223,50.26907770605834,-0.30436771029297915,0.0886827617802467,-0.39305047207322585,1537348.2
254877,TRANSCORP,2025-06-05,45.0,45.0,3271500,2026-04-08T04:28:00.320696+00:00,2.7397260273972712,0.0,0.0,-4.444444444444439,43.739999999999995,43.584999999999994,43.756,2.0361795814912735,2.503491406850108,57.9976924044513,-0.1561645361880366,0.18950874870815138,-0.345673284896188,1599513.8
254997,TRANSCORP,2025-06-10,45.0,45.0,2501629,2026-04-08T04:28:07.114795+00:00,0.0,2.7397260273972712,0.4662004662004726,-1.0465116279069875,44.12,43.635,43.716,2.0361795814912735,2.248785533175072,57.99769240445131,-0.03827128540851277,0.24592159959014015,-0.2841928849986529,1664011.55
255117,TRANSCORP,2025-06-11,45.5,45.5,3080900,2026-04-08T04:28:09.38594+00:00,1.1111111111111072,0.0,-0.23201856148492572,0.1175088131609936,44.62,43.809999999999995,43.68600000000001,1.7206517082998256,2.2548928320794026,60.93167830895604,0.09441740150316491,0.30288822920145425,-0.20847082769828934,1686774.6
255237,TRANSCORP,2025-06-17,46.0,46.0,8997786,2026-04-08T04:28:17.228975+00:00,1.098901098901095,1.1111111111111072,1.8604651162790642,0.7042253521126751,45.06,44.0075,43.666000000000004,1.7257221953881918,2.2606370010127854,63.6650232500512,0.2371858325422025,0.35652532819239346,-0.11933949565019099,2062535.6
255357,TRANSCORP,2025-06-18,46.0,46.0,2258224,2026-04-08T04:28:19.70912+00:00,0.0,1.098901098901095,0.0,0.0,45.5,44.1025,43.646,1.3794238239410928,2.2606370010127854,63.6650232500512,0.34633846845549954,0.3725423712845524,-0.026203902829052897,2075290.3
255477,TRANSCORP,2025-06-19,46.6,46.6,2245922,2026-04-08T04:28:22.276816+00:00,1.304347826086949,0.0,2.7397260273972712,0.0,45.82,44.207499999999996,43.678000000000004,1.3926322910623976,2.183366331197512,66.88900470698083,0.47577328612596403,0.4015817511640135,0.0741915349619505,2127112.6
255597,TRANSCORP,2025-06-20,47.0,47.0,6552247,2026-04-08T04:28:24.65394+00:00,0.8583690987124415,1.304347826086949,0.0,0.4662004662004726,46.22,44.332499999999996,43.718,1.398057732841007,2.185990408731295,68.871959682063,0.6036692454276036,0.4235821683725225,0.18008707705508112,2386220.8
255717,TRANSCORP,2025-06-23,48.0,48.0,3676728,2026-04-08T04:28:29.225711+00:00,2.127659574468077,0.8583690987124415,1.1111111111111072,-0.23201856148492572,46.72,44.4825,43.778,1.4469997234518661,2.2044263281423575,73.19407292454179,0.7767652905166003,0.47734257076921527,0.299422719747385,2442469.8
255837,TRANSCORP,2025-06-24,49.7,49.7,7209308,2026-04-08T04:28:31.569579+00:00,3.541666666666665,2.127659574468077,1.098901098901095,1.8604651162790642,47.46,44.7175,43.88399999999999,1.6114373512357478,2.244781659899297,78.6270955154786,1.0391423595690412,0.5917757118573249,0.4473666477117163,2675347.8
255957,TRANSCORP,2025-06-25,48.05,48.05,2106182,2026-04-08T04:28:33.910697+00:00,-3.319919517102632,3.541666666666665,0.0,0.0,47.87,44.87,43.951,1.8237809069623534,2.2997850273844382,64.88182105403277,1.1012424295153238,0.5231006254428859,0.5781418040724379,2721239.1
256077,TRANSCORP,2025-06-26,48.35,48.35,4435498,2026-04-08T04:28:36.389223+00:00,0.624349635796051,-3.319919517102632,1.304347826086949,2.7397260273972712,48.22,45.1375,44.023999999999994,1.4337735920960435,2.3005343982708863,66.04412083591016,1.1612781831254821,0.46650910324243544,0.6947690798830467,2859036.4
256197,TRANSCORP,2025-06-27,48.3,48.3,2463081,2026-04-08T04:28:38.797599+00:00,-0.10341261633920462,0.624349635796051,0.8583690987124415,0.0,48.480000000000004,45.425,44.096000000000004,1.391740419764624,2.300748884092071,65.65410567307582,1.1910921988243217,0.39705849515301994,0.7940337036713018,2869340.0
256317,TRANSCORP,2025-07-01,48.35,48.35,2893650,2026-04-08T04:28:44.517216+00:00,0.10351966873707319,-0.10341261633920462,2.127659574468077,1.1111111111111072,48.55,45.7125,44.221000000000004,1.3920229427421185,2.1319357463538813,65.8711525960301,1.204865661849631,0.3286655665426632,0.8762000953069677,2941943.35
256437,TRANSCORP,2025-07-02,48.55,48.55,5147454,2026-04-08T04:28:47.139962+00:00,0.4136504653567741,0.10351966873707319,3.541666666666665,1.098901098901095,48.32000000000001,45.995000000000005,44.39,1.392880252381641,2.0035112313115717,66.77559454395677,1.2178805897258727,0.2733443955351239,0.9445361941907487,3152807.75
256557,TRANSCORP,2025-07-03,49.4,49.4,2257613,2026-04-08T04:28:49.506141+00:00,1.750772399588052,0.4136504653567741,-3.319919517102632,0.0,48.589999999999996,46.32,44.573,1.4061725904618603,2.0125484592168297,70.36953705224683,1.2820047572673658,0.26997485046129377,1.012029906806072,3231339.7
256677,TRANSCORP,2025-07-04,49.4,49.4,561302,2026-04-08T04:28:51.76506+00:00,0.0,1.750772399588052,0.624349635796051,1.304347826086949,48.8,46.644999999999996,44.742,1.4061725904618603,2.0044787705529723,70.36953705224681,1.3176347488481142,0.24448387363363366,1.0731508752144805,3221382.75
256797,TRANSCORP,2025-07-07,47.15,47.15,2258017,2026-04-08T04:28:56.230166+00:00,-4.5546558704453455,0.0,-0.10341261633920462,0.8583690987124415,48.57,46.8475,44.86600000000001,1.835882356199454,2.122818927294208,52.82668426245775,1.1510470243162345,0.06231691928140304,1.0887301050348315,3263614.25
256917,TRANSCORP,2025-07-08,47.05,47.05,1822576,2026-04-08T04:28:58.705995+00:00,-0.21208907741251393,-4.5546558704453455,0.10351966873707319,2.127659574468077,48.309999999999995,47.05,44.986999999999995,1.8354887845147299,2.1239304915458708,52.20378235503207,0.9994350233375116,-0.07143606535785585,1.0708710886953674,3304099.25
257037,TRANSCORP,2025-07-09,48.45,48.45,2973013,2026-04-08T04:29:01.058721+00:00,2.9755579171094615,-0.21208907741251393,0.4136504653567741,3.541666666666665,48.290000000000006,47.2825,45.126000000000005,1.8959765039671814,2.153792793980903,59.418327693378835,0.9809420308517645,-0.07194324627488236,1.0528852771266468,3388745.85
257157,TRANSCORP,2025-07-10,48.45,48.45,3900567,2026-04-08T04:29:03.550316+00:00,0.0,2.9755579171094615,1.750772399588052,-3.319919517102632,48.1,47.515,45.265,1.8959765039671814,2.153792793980903,59.41832769337883,0.95527439251277,-0.07808870769110143,1.0333631002038715,3530659.85
257277,TRANSCORP,2025-07-11,49.3,49.3,1724453,2026-04-08T04:29:06.089999+00:00,1.754385964912264,0.0,0.0,0.624349635796051,48.08,47.730000000000004,45.411,1.84752550904004,2.1597275639347058,63.31719318346021,0.9920843693980288,-0.033022984644674125,1.025107354042703,3453307.5
257397,TRANSCORP,2025-07-14,53.0,53.0,4883115,2026-04-08T04:29:10.69196+00:00,7.50507099391482,1.754385964912264,-4.5546558704453455,-0.10341261633920462,49.25,48.13,45.631,2.4197975185963556,2.384452688732803,74.70808103635434,1.3047749852551647,0.22373410496996926,1.0810408802851954,3572381.8
257517,TRANSCORP,2025-07-16,50.75,50.75,3085997,2026-04-08T04:29:14.112969+00:00,-4.245283018867929,7.50507099391482,-0.21208907741251393,0.10351966873707319,49.99,48.3925,45.769000000000005,2.6724822595742332,2.408592174919123,62.083023786799515,1.3554041004109791,0.21949057610062694,1.1359135243103522,3572636.65
257637,TRANSCORP,2025-07-17,50.8,50.8,9478831,2026-04-08T04:29:16.489777+00:00,0.09852216748766907,-4.245283018867929,2.9755579171094615,0.4136504653567741,50.459999999999994,48.6325,45.925,2.6716433122302545,2.386724412446556,62.23575183001159,1.3836131894884858,0.19815973214250682,1.185453457345979,3596688.9
257757,TRANSCORP,2025-07-18,50.0,50.0,3193039,2026-04-08T04:29:18.854517+00:00,-1.5748031496062964,0.09852216748766907,0.0,1.750772399588052,50.769999999999996,48.832499999999996,46.010999999999996,2.711037120047521,2.243480862191603,58.196624422946684,1.3261289921618769,0.11254042785271823,1.2135885643091586,3643429.65
257877,TRANSCORP,2025-07-21,49.0,49.0,4467311,2026-04-08T04:29:23.300994+00:00,-2.0000000000000018,-1.5748031496062964,1.754385964912264,0.0,50.709999999999994,48.9525,46.077,2.7566870074057914,2.2649302696303555,53.520733562671346,1.1862068547446043,-0.021905367651643637,1.208112222396248,3754499.1
257997,TRANSCORP,2025-07-22,49.0,49.0,846836,2026-04-08T04:29:25.922592+00:00,0.0,-2.0000000000000018,7.50507099391482,-4.5546558704453455,49.91,49.052499999999995,46.132,2.754006620798275,2.260054078264866,53.520733562671346,1.0630632216713067,-0.1160392005799531,1.1791024222512598,3469228.55
258117,TRANSCORP,2025-07-23,49.5,49.5,2702493,2026-04-08T04:29:29.05968+00:00,1.0204081632652962,0.0,-4.245283018867929,-0.21208907741251393,49.66,49.1275,46.211999999999996,2.725130471065412,2.2488715201889558,55.589864799645866,0.9943545265663332,-0.1477983165479413,1.1421528431142745,3420516.8
258237,TRANSCORP,2025-07-24,50.0,50.0,9226763,2026-04-08T04:29:31.486978+00:00,1.0101010101010166,1.0204081632652962,0.09852216748766907,2.9755579171094615,49.5,49.1425,46.312,2.6178859040567417,2.2439115848488465,57.62155940416516,0.9690772922069826,-0.13846044072583363,1.1075377329328162,3521389.55
258357,TRANSCORP,2025-07-25,50.9,50.9,10558733,2026-04-08T04:29:33.980938+00:00,1.8000000000000016,1.0101010101010166,-1.5748031496062964,0.0,49.68,49.285000000000004,46.465,2.5181721597127447,2.173640573880386,61.07361363209806,1.0100244471424489,-0.07801062863229391,1.0880350757747428,3944017.1
258477,TRANSCORP,2025-07-28,49.5,49.5,4061069,2026-04-08T04:29:38.78621+00:00,-2.7504911591355596,1.8000000000000016,-2.0000000000000018,1.754385964912264,49.78,49.3425,46.575,2.608054293070216,2.2075939310960484,53.740260265571905,0.9189143896458205,-0.13529654890313791,1.0542109385489584,3925295.65
258596,TRANSCORP,2025-07-29,52.55,52.55,10743149,2026-04-08T04:29:41.392621+00:00,6.161616161616146,-2.7504911591355596,0.0,7.50507099391482,50.489999999999995,49.555,46.746,2.932174133554247,2.35955120813709,63.9078540535118,1.0803647504146099,0.020923049492521217,1.0594417009220887,4339299.05
258715,TRANSCORP,2025-07-30,51.0,51.0,5837387,2026-04-08T04:29:43.881641+00:00,-2.949571836346332,6.161616161616146,1.0204081632652962,-4.245283018867929,50.79,49.6875,46.926,3.0297166355070124,2.3016074169642957,57.0457847039825,1.0708986256560848,0.00916553978719703,1.0617330858688878,4486485.9
258834,TRANSCORP,2025-07-31,53.0,53.0,9263245,2026-04-08T04:29:46.315218+00:00,3.9215686274509887,-2.949571836346332,1.0101010101010166,0.09852216748766907,51.39,49.910000000000004,47.145,3.1357091496710567,2.3538645987311386,62.62267460072733,1.2108223327466305,0.11927139750219418,1.0915509352444364,4692275.45
258953,TRANSCORP,2025-08-01,50.0,50.0,5256918,2026-04-08T04:29:48.711654+00:00,-5.660377358490565,3.9215686274509887,1.8000000000000016,-1.5748031496062964,51.21,49.94,47.263000000000005,3.4046889099177564,2.4238977394613666,51.76579314628859,1.06733438436747,-0.01937324070157298,1.086707625069043,4842240.7
259072,TRANSCORP,2025-08-04,50.0,50.0,1205792,2026-04-08T04:29:53.303607+00:00,0.0,-5.660377358490565,-2.7504911591355596,-2.0000000000000018,51.31,49.97,47.373000000000005,3.4046889099177564,2.4225040057567404,51.765793146288594,0.9427516967841711,-0.11516474262789766,1.0579164394120688,4874465.2
259191,TRANSCORP,2025-08-05,50.7,50.7,5488079,2026-04-08T04:29:55.780422+00:00,1.4000000000000012,0.0,6.161616161616146,0.0,50.94,50.1475,47.497,3.230764059158466,2.427499649333399,53.92733176941566,0.8902410247826253,-0.13414033170355477,1.0243813564861801,5035968.3
259310,TRANSCORP,2025-08-06,50.3,50.3,5731546,2026-04-08T04:29:58.241852+00:00,-0.7889546351084964,1.4000000000000012,-2.949571836346332,1.0204081632652962,50.8,50.31,47.603,3.2391998767641197,2.4291640294067287,52.48006413389531,0.8070461561229152,-0.17386816029061203,0.9809143164135272,5231416.8
259429,TRANSCORP,2025-08-07,50.5,50.5,3132785,2026-04-08T04:30:00.56444+00:00,0.3976143141153132,-0.7889546351084964,3.9215686274509887,1.0101010101010166,50.3,50.4125,47.713,3.1814184536339734,2.428973907088734,53.15698737244904,0.7486222999807168,-0.18583361314624836,0.9344559131269652,5239405.4
259548,TRANSCORP,2025-08-08,51.5,51.5,1815444,2026-04-08T04:30:02.234883+00:00,1.980198019801982,0.3976143141153132,-5.660377358490565,1.8000000000000016,50.6,50.565,47.843,3.203799607129715,2.4407679472994332,56.49406830186776,0.7740893950262233,-0.1282932144805936,0.9023826095068169,5135149.25
259667,TRANSCORP,2025-08-11,52.0,52.0,2862193,2026-04-08T04:30:07.037349+00:00,0.9708737864077666,1.980198019801982,0.0,-2.7504911591355596,51.0,50.7,48.023,3.1905375286714945,2.3442132422549697,58.10129525185494,0.8251067555886422,-0.06182068313453981,0.886927438723182,5192036.25
259786,TRANSCORP,2025-08-12,51.8,51.8,8060084,2026-04-08T04:30:09.28323+00:00,-0.38461538461539435,0.9708737864077666,1.4000000000000012,6.161616161616146,51.220000000000006,50.64,48.20799999999999,2.705630389751476,2.3376939840638475,57.19116747485733,0.8397202801821209,-0.037765726832848956,0.8774860070149698,5350884.7
259905,TRANSCORP,2025-08-13,51.25,51.25,2666757,2026-04-08T04:30:11.815521+00:00,-1.061776061776054,-0.38461538461539435,-0.7889546351084964,-2.949571836346332,51.40999999999999,50.665,48.38099999999999,2.5359901989267835,2.346748426414096,54.655636678112195,0.7977255170552837,-0.0638083919677489,0.8615339090230326,5329922.7
260024,TRANSCORP,2025-08-14,50.05,50.05,3596002,2026-04-08T04:30:14.350221+00:00,-2.3414634146341484,-1.061776061776054,0.3976143141153132,3.9215686274509887,51.31999999999999,50.627500000000005,48.523999999999994,2.5930756104829045,2.3779386714268558,49.49928969255952,0.6600062523028498,-0.16122212537614633,0.8212283776789961,5035781.25
260143,TRANSCORP,2025-08-15,50.1,50.1,2329753,2026-04-08T04:30:16.786076+00:00,0.09990009990010762,-2.3414634146341484,1.980198019801982,-5.660377358490565,51.04,50.63250000000001,48.668,2.567907399468981,2.3776922556266302,49.712173917262824,0.5485737086671492,-0.2181237352094777,0.7666974438766269,4992616.95
260262,TRANSCORP,2025-08-18,49.85,49.85,3619428,2026-04-08T04:30:21.560319+00:00,-0.4990019960079861,0.09990009990010762,0.9708737864077666,0.0,50.61,50.675,48.806999999999995,2.5267134487114253,2.3801873222163628,48.60881771807264,0.4350744370589297,-0.26529840545415784,0.7003728425130875,4950222.8
260381,TRANSCORP,2025-08-19,49.85,49.85,2434192,2026-04-08T04:30:23.869462+00:00,0.0,-0.4990019960079861,-0.38461538461539435,1.4000000000000012,50.22,50.7175,48.94200000000001,2.5267134487114253,2.3805494498663027,48.608817718072636,0.3411923930689156,-0.28734435955533755,0.6285367526242531,5029590.6
260500,TRANSCORP,2025-08-20,47.0,47.0,1508951,2026-04-08T04:30:26.318672+00:00,-5.71715145436309,0.0,-1.061776061776054,-0.7889546351084964,49.37,50.5925,49.022000000000006,2.8306904876211942,2.528264547564557,37.58088308378659,0.036399425349451064,-0.47370986181984165,0.5101092871692927,4969913.5
260619,TRANSCORP,2025-08-21,47.0,47.0,782045,2026-04-08T04:30:28.670378+00:00,0.0,-5.71715145436309,-2.3414634146341484,0.3976143141153132,48.760000000000005,50.4425,49.086000000000006,2.816552910208021,2.517134450703352,37.580883083786595,-0.20281329209854704,-0.5703380634142718,0.3675247713157248,4547677.6
260738,TRANSCORP,2025-08-22,48.05,48.05,1314650,2026-04-08T04:30:30.96965+00:00,2.2340425531914843,0.0,0.09990009990010762,1.980198019801982,48.35,50.3,49.17099999999999,2.8349629536130356,2.5337895219108857,43.09693784320933,-0.3041587169697948,-0.5373467906284157,0.23318807365862088,4085473.45
260857,TRANSCORP,2025-08-25,48.2,48.2,2471189,2026-04-08T04:30:35.521871+00:00,0.3121748178980255,2.2340425531914843,-0.4990019960079861,0.9708737864077666,48.019999999999996,50.235,49.235,2.7748311614327568,2.507582354078511,43.86019085028228,-0.36812839495188143,-0.4810531748884018,0.1129247799365204,4005979.45
260976,TRANSCORP,2025-08-26,48.05,48.05,6210672,2026-04-08T04:30:37.91594+00:00,-0.3112033195020847,0.3121748178980255,0.0,-0.38461538461539435,47.660000000000004,50.010000000000005,49.29599999999999,2.3517582145455678,2.508394592950842,43.235651826226054,-0.4260177051093308,-0.4311539880366809,0.005136282927350161,3779355.6
261095,TRANSCORP,2025-08-27,47.55,47.55,2970858,2026-04-08T04:30:40.231113+00:00,-1.0405827263267442,-0.3112033195020847,-5.71715145436309,-1.061776061776054,47.769999999999996,49.8375,49.336999999999996,2.281369784226006,2.510236449603703,41.133112787778764,-0.5064037150035219,-0.4092319983446976,-0.09717171665882426,3636029.15
261214,TRANSCORP,2025-08-28,47.95,47.95,5364050,2026-04-08T04:30:42.59826+00:00,0.8412197686645806,-1.0405827263267442,0.0,-2.3414634146341484,47.96,49.585,49.376,2.074203383691632,2.5084474872147577,43.50024906439343,-0.531704392669873,-0.34762614080883897,-0.18407825186103405,3441069.4
261333,TRANSCORP,2025-08-29,47.0,47.0,1246918,2026-04-08T04:30:45.09102+00:00,-1.9812304483837417,0.8412197686645806,2.2340425531914843,0.09990009990010762,47.75,49.435,49.395999999999994,1.7240296062506628,2.5258702479169335,39.44351874361207,-0.6212510273922902,-0.3497382204250049,-0.2715128069672853,3240569.4
261452,TRANSCORP,2025-09-01,47.0,47.0,599853,2026-04-08T04:30:49.608802+00:00,0.0,-1.9812304483837417,0.3121748178980255,-0.4990019960079861,47.510000000000005,49.285000000000004,49.403999999999996,1.7240296062506628,2.519634217777856,39.44351874361207,-0.684328863401106,-0.33025284514705655,-0.35407601825404944,3210272.45
261571,TRANSCORP,2025-09-02,45.0,45.0,1398329,2026-04-08T04:30:52.312491+00:00,-4.255319148936165,0.0,-0.3112033195020847,0.0,46.9,49.0,49.364,1.8875064972471625,2.5889068550313823,32.12801762551888,-0.8854943604062981,-0.425134673721799,-0.46035968668449917,3005784.95
261690,TRANSCORP,2025-09-03,46.0,46.0,803671,2026-04-08T04:30:55.837007+00:00,2.2222222222222143,-4.255319148936165,-1.0405827263267442,-5.71715145436309,46.59,48.785000000000004,49.324,1.987194322200585,2.59056724286475,38.290750997528875,-0.953239472186354,-0.3943038284014838,-0.5589356437848702,2759391.2
261809,TRANSCORP,2025-09-04,49.7,49.7,1263937,2026-04-08T04:30:58.198935+00:00,8.043478260869573,2.2222222222222143,0.8412197686645806,0.0,46.94,48.745,49.324000000000005,2.7450570249232826,2.7886802535876742,54.68554635328798,-0.7002963036700294,-0.11308852790812729,-0.5872077757619021,2665948.8
261928,TRANSCORP,2025-09-08,46.05,46.05,1431259,2026-04-08T04:31:03.728068+00:00,-7.344064386317917,8.043478260869573,-1.9812304483837417,2.2340425531914843,46.75,48.472500000000004,49.284,3.1456755134891923,2.941448350186279,42.648167314319764,-0.7853089630527421,-0.15848094983267202,-0.6268280132200701,2646739.55
262047,TRANSCORP,2025-09-09,46.0,46.0,2819799,2026-04-08T04:31:06.294869+00:00,-0.10857763300758938,-7.344064386317917,0.0,0.3121748178980255,46.55,48.1725,49.236999999999995,3.1281300727766213,2.939882158905442,42.51012457098875,-0.8469535370642305,-0.17610041907532825,-0.6708531179889022,2644619.85
262166,TRANSCORP,2025-09-10,46.1,46.1,3071628,2026-04-08T04:31:08.610575+00:00,0.21739130434783593,-0.10857763300758938,-4.255319148936165,-0.3112033195020847,46.769999999999996,47.8875,49.19299999999999,3.13284593597281,2.94012964429473,42.908141976393786,-0.8776214678474403,-0.16541467988683045,-0.7122067879606099,2395197.05
262285,TRANSCORP,2025-09-11,46.1,46.1,366872,2026-04-08T04:31:10.974873+00:00,0.0,0.21739130434783593,2.2222222222222143,-1.0405827263267442,46.79,47.63,49.148,3.1324367939345628,2.9400551050745993,42.90814197639379,-0.8916476646964284,-0.14355270138865484,-0.7480949633077736,2280202.8
262404,TRANSCORP,2025-09-12,46.1,46.1,634864,2026-04-08T04:31:13.547359+00:00,0.0,0.0,8.043478260869573,0.8412197686645806,46.07000000000001,47.4325,49.099000000000004,3.102875333339195,2.9392970626443704,42.90814197639379,-0.8924756233137572,-0.11550452800478683,-0.7769710953089703,2132145.9
262523,TRANSCORP,2025-09-15,46.1,46.1,2607124,2026-04-08T04:31:18.268622+00:00,0.0,0.0,-7.344064386317917,-1.9812304483837417,46.08,47.2325,49.033,3.102169004291596,2.9276751402356105,42.90814197639379,-0.8829536464662056,-0.08478604092578812,-0.7981676055404174,2146014.45
262642,TRANSCORP,2025-09-16,46.2,46.2,1463046,2026-04-08T04:31:20.741189+00:00,0.2169197396963085,0.0,-0.10857763300758938,0.0,46.12,47.05,48.968999999999994,3.104723438680937,2.9279814572272382,43.43488417353255,-0.8574540504008468,-0.04742915588834351,-0.8100248945125033,2038195.35
262761,TRANSCORP,2025-09-17,46.2,46.2,1393394,2026-04-08T04:31:23.24235+00:00,0.0,0.2169197396963085,0.21739130434783593,-4.255319148936165,46.14,46.8675,48.95,3.104723438680937,2.8562805480272146,43.43488417353255,-0.8277041782653001,-0.014143427002237474,-0.8135607512630626,1986155.45
262880,TRANSCORP,2025-09-18,46.15,46.15,1128919,2026-04-08T04:31:25.598019+00:00,-0.10822510822511289,0.0,0.0,2.2222222222222143,46.15,46.825,48.93200000000001,2.834387241859877,2.8561615631925457,43.20373910102542,-0.7989519516261652,0.01168703970951801,-0.8106389913356832,1967153.85
262999,TRANSCORP,2025-09-19,46.0,46.0,4297286,2026-04-08T04:31:28.111008+00:00,-0.325027085590468,-0.10822510822511289,0.0,8.043478260869573,46.129999999999995,46.775,48.883,2.8349985639223534,2.82397571273098,42.473491939009726,-0.779286224753605,0.025082213265662512,-0.8043684380192675,2142915.9
263118,TRANSCORP,2025-09-22,46.0,46.0,1234933,2026-04-08T04:31:32.624882+00:00,0.0,-0.325027085590468,0.0,-7.344064386317917,46.11,46.6725,48.834,2.7830011634218694,2.82397571273098,42.473491939009726,-0.7549978492864611,0.0394964709862452,-0.7944943202727063,2138930.05
263237,TRANSCORP,2025-09-23,45.85,45.85,1067780,2026-04-08T04:31:35.170326+00:00,-0.3260869565217317,0.0,0.2169197396963085,-0.10857763300758938,46.040000000000006,46.555,48.765,2.7807062845663677,2.8119256510380533,41.65690042590832,-0.7393303431593736,0.04413118169066621,-0.7834615248500398,2068759.6
263356,TRANSCORP,2025-09-24,45.85,45.85,1059410,2026-04-08T04:31:37.673105+00:00,0.0,-0.3260869565217317,0.0,0.21739130434783593,45.97,46.445,48.622,2.780998265042629,2.5887887426841836,41.65690042590832,-0.7186298145052774,0.0518653682758099,-0.7704951827810873,1811196.5
263475,TRANSCORP,2025-09-25,46.05,46.05,824614,2026-04-08T04:31:40.100841+00:00,0.4362050163576825,0.0,-0.10822510822511289,0.0,45.95,46.37,48.528,2.777034686602119,2.525465235783402,43.3413620739954,-0.6782675220896195,0.07378212855317434,-0.7520496506427938,1703884.3
263594,TRANSCORP,2025-09-26,46.05,46.05,1932818,2026-04-08T04:31:42.548783+00:00,0.0,0.4362050163576825,-0.325027085590468,0.0,45.959999999999994,46.275,48.433,2.7680090201454033,2.5252955478853725,43.341362073995406,-0.6389150990051036,0.09050764131015221,-0.7294227403152558,1532322.7
263713,TRANSCORP,2025-09-29,46.0,46.0,1047087,2026-04-08T04:31:47.029675+00:00,-0.10857763300758938,0.0,0.0,0.0,45.96,46.225,48.353,2.7348343528838854,2.517088414350637,42.981560397336864,-0.604790948736543,0.09970543326297021,-0.7044963819995133,1522331.15
263832,TRANSCORP,2025-09-30,49.9,49.9,4936253,2026-04-08T04:31:49.320364+00:00,8.478260869565224,-0.10857763300758938,-0.3260869565217317,0.2169197396963085,46.769999999999996,46.37,48.371,3.3373051239658533,2.781044360036582,66.40703030330623,-0.26005218771432936,0.3555553554281471,-0.6156075431424765,1739151.15
263951,TRANSCORP,2025-10-02,49.9,49.9,587499,2026-04-08T04:31:52.706523+00:00,0.0,8.478260869565224,0.0,0.0,47.58,46.614999999999995,48.389,3.1589990711521025,2.781044360036582,66.40703030330621,0.013005840866775031,0.5028907072074013,-0.4898848663406262,1698609.65
264070,TRANSCORP,2025-10-03,47.6,47.6,737829,2026-04-08T04:31:55.311341+00:00,-4.609218436873741,0.0,0.4362050163576825,-0.10822510822511289,47.89,46.695,48.351000000000006,3.3347831532022645,2.8549262782881124,51.84001182603308,0.043316195557196124,0.4265608495182579,-0.3832446539610618,1695317.55
264189,TRANSCORP,2025-10-06,49.0,49.0,10364945,2026-04-08T04:31:59.803196+00:00,2.941176470588225,-4.609218436873741,0.0,-0.325027085590468,48.480000000000004,46.660000000000004,48.331,2.8674487848668506,2.8823323048171723,57.894535207892694,0.17825090426840973,0.4491964465835772,-0.2709455423151675,2150367.95
264308,TRANSCORP,2025-10-07,49.5,49.5,1705746,2026-04-08T04:32:02.285104+00:00,1.0204081632652962,2.941176470588225,-0.10857763300758938,0.0,49.18,46.832499999999996,48.303000000000004,2.2983506453916376,2.8744948736065994,59.836544535139744,0.32182367144365287,0.4742153710070563,-0.15239169956340343,2164092.3
264427,TRANSCORP,2025-10-08,49.0,49.0,1970537,2026-04-08T04:32:04.646463+00:00,-1.0101010101010055,1.0204081632652962,8.478260869565224,-0.3260869565217317,49.0,46.9825,48.293,2.3173279867095546,2.851143273204493,57.00508023492976,0.39075591157875067,0.4345180889137233,-0.04376217733497262,2121629.2
264546,TRANSCORP,2025-10-09,49.0,49.0,483664,2026-04-08T04:32:07.004133+00:00,0.0,-1.0101010101010055,0.0,0.0,48.82000000000001,47.127500000000005,48.222,2.3184486401719857,2.709901284839093,57.005080234929764,0.44030959360392785,0.38725741675112035,0.05305217685280748,1992231.0
264665,TRANSCORP,2025-10-10,46.1,46.1,823360,2026-04-08T04:32:10.69692+00:00,-5.918367346938769,0.0,-4.609218436873741,0.4362050163576825,48.519999999999996,47.127500000000005,48.123999999999995,2.707826010444026,2.804399959623756,43.24122890752827,0.24277689896718613,0.15177977769150292,0.09099712127568321,2015055.4
264784,TRANSCORP,2025-10-13,46.55,46.55,1434068,2026-04-08T04:32:15.267586+00:00,0.9761388286333883,-5.918367346938769,2.941176470588225,0.0,48.029999999999994,47.15,47.995,2.715958883546934,2.7471945103809827,45.442531872055866,0.12114556386470099,0.02411875407121422,0.09702680979348677,2055015.6
264903,TRANSCORP,2025-10-14,46.55,46.55,997893,2026-04-08T04:32:17.792097+00:00,0.0,0.9761388286333883,1.0204081632652962,-0.10857763300758938,47.44,47.1725,47.925999999999995,2.715958883546934,2.6327683611599464,45.44253187205586,0.02446978207370165,-0.05804562217582809,0.08251540424952974,1974554.05
265022,TRANSCORP,2025-10-15,48.5,48.5,2314782,2026-04-08T04:32:20.093513+00:00,4.1890440386681105,0.0,-1.0101010101010055,8.478260869565224,47.339999999999996,47.2875,47.895999999999994,2.8672708703135905,2.7020496901168047,54.341847900434786,0.10400334583204796,0.017190353266014563,0.08681299256603339,2017140.85
265141,TRANSCORP,2025-10-16,48.5,48.5,584062,2026-04-08T04:32:22.728593+00:00,0.0,4.1890440386681105,0.0,0.0,47.239999999999995,47.402499999999996,47.852,2.8672708703135905,2.6942215808685788,54.34184790043478,0.16513074369591152,0.0626542009039025,0.10247654279200902,1976674.25
265260,TRANSCORP,2025-10-17,47.8,47.8,775937,2026-04-08T04:32:25.167177+00:00,-1.443298969072171,0.0,-5.918367346938769,-4.609218436873741,47.58,47.485,47.802,2.892260807245659,2.6994522640768777,50.88615713857673,0.15530029195170414,0.04225899932775609,0.11304129262394805,1959025.15
265379,TRANSCORP,2025-10-20,47.8,47.8,1046260,2026-04-08T04:32:29.532096+00:00,0.0,-1.443298969072171,0.9761388286333883,2.941176470588225,47.83,47.575,47.748000000000005,2.8899788244727747,2.698643178591042,50.88615713857672,0.1458285671726003,0.026229819638921792,0.1195987475336785,1796473.85
265498,TRANSCORP,2025-10-21,48.5,48.5,2227059,2026-04-08T04:32:31.920152+00:00,1.4644351464435212,0.0,0.0,1.0204081632652962,48.22,47.7,47.688,2.9023359889151643,2.6916064339340386,54.25957421620675,0.19258629200751187,0.05839003557906669,0.13419625642844518,1846080.15
265617,TRANSCORP,2025-10-22,48.5,48.5,1428016,2026-04-08T04:32:34.332447+00:00,0.0,1.4644351464435212,4.1890440386681105,-1.0101010101010055,48.22,47.832499999999996,47.618,2.8995216735354656,2.687335358002894,54.25957421620675,0.22702512152765308,0.07426309207936632,0.15276202944828676,1864091.95
265736,TRANSCORP,2025-10-23,48.15,48.15,1313618,2026-04-08T04:32:36.79914+00:00,-0.7216494845360799,0.0,0.0,0.0,48.15,47.9475,47.545,2.9082011961353955,2.688476001414855,52.181219283092865,0.22349970167559974,0.056590137781850375,0.16690956389374936,1876802.35
265855,TRANSCORP,2025-10-24,48.15,48.15,981351,2026-04-08T04:32:39.249323+00:00,0.0,-0.7216494845360799,-1.443298969072171,-5.918367346938769,48.21999999999999,48.052499999999995,47.483000000000004,2.908640993948524,2.685001965330361,52.181219283092865,0.2181906154476394,0.04102484124311201,0.1771657742045274,1884639.2
265974,TRANSCORP,2025-10-28,48.05,48.05,3500996,2026-04-08T04:32:44.921336+00:00,-0.20768431983385627,0.0,0.0,0.9761388286333883,48.269999999999996,48.152499999999996,47.443000000000005,2.909999438962213,2.6653644180492595,51.527213907209116,0.20356736423829602,0.021121272027014915,0.1824460922112811,1963048.1
266093,TRANSCORP,2025-10-29,48.05,48.05,3043247,2026-04-08T04:32:47.450266+00:00,0.0,-0.20768431983385627,1.4644351464435212,0.0,48.17999999999999,48.254999999999995,47.402,2.9093915221077435,2.6652896113187494,51.527213907209116,0.18979054503738269,0.005875562260881262,0.18391498277650142,2062856.1
266212,TRANSCORP,2025-10-30,47.0,47.0,2636270,2026-04-08T04:32:49.91761+00:00,-2.185223725286156,0.0,0.0,4.1890440386681105,47.879999999999995,48.11,47.345,2.2187818721138166,2.6817191894517936,44.704229547693245,0.09307320184534973,-0.07267342474492136,0.1657466265902711,1947856.95
266331,TRANSCORP,2025-10-31,50.0,50.0,5809194,2026-04-08T04:32:52.375955+00:00,6.382978723404253,-2.185223725286156,-0.7216494845360799,0.0,48.25,48.114999999999995,47.34799999999999,2.673018915807454,2.833368658285224,60.71156598372897,0.2555530816596203,0.07184516405547936,0.18370791760414096,2208941.7
266450,TRANSCORP,2025-11-03,50.0,50.0,999952,2026-04-08T04:32:57.290654+00:00,0.0,6.382978723404253,0.0,-1.443298969072171,48.620000000000005,48.235,47.407999999999994,2.4391915134803317,2.7087002994858076,60.71156598372897,0.3799398469652786,0.15698554348891008,0.22295430347636852,2222047.85
266569,TRANSCORP,2025-11-04,50.0,50.0,863838,2026-04-08T04:32:59.739678+00:00,0.0,0.0,-0.20768431983385627,0.0,49.010000000000005,48.285,47.46799999999999,2.357233883090555,2.7087002994858076,60.71156598372896,0.47306406654133326,0.20008781045197177,0.2729762560893615,1746992.5
266688,TRANSCORP,2025-11-05,45.0,45.0,1812383,2026-04-08T04:33:02.152799+00:00,-9.999999999999998,0.0,0.0,1.4644351464435212,48.4,48.059999999999995,47.407,3.2546915347705254,3.0486947707486545,37.88314131254201,0.14177319508049635,-0.10496244880709213,0.24673564388758848,1752324.35
266807,TRANSCORP,2025-11-06,45.0,45.0,2047145,2026-04-08T04:33:04.646202+00:00,0.0,-9.999999999999998,-2.185223725286156,0.0,48.0,47.86,47.34299999999999,3.25294955729402,3.048183881888701,37.883141312542016,-0.11940082894243176,-0.2929091782640162,0.17350834932158443,1756154.75
266926,TRANSCORP,2025-11-07,44.0,44.0,668181,2026-04-08T04:33:07.145499+00:00,-2.2222222222222254,0.0,6.382978723404253,-0.7216494845360799,46.8,47.61,47.262,3.277392335109748,3.062940182054683,34.84412241198725,-0.4024357386020867,-0.46075527033893693,0.0583195317368502,1765380.6
267045,TRANSCORP,2025-11-10,44.0,44.0,458245,2026-04-08T04:33:11.744122+00:00,0.0,-2.2222222222222254,0.0,0.0,45.6,47.504999999999995,47.190999999999995,3.017830569963792,3.0601587525380984,34.84412241198725,-0.6196005739354007,-0.5423360845378007,-0.07726448939759999,1747124.85
267164,TRANSCORP,2025-11-11,39.6,39.6,4909231,2026-04-08T04:33:14.17228+00:00,-9.999999999999998,0.0,0.0,-0.20768431983385627,43.519999999999996,47.1575,47.02400000000001,3.7128996819074236,3.3607715971156713,24.723298435483475,-1.133680139237164,-0.8451325198716513,-0.2885476193655128,1920883.0
267283,TRANSCORP,2025-11-12,43.55,43.55,2853235,2026-04-08T04:33:16.719178+00:00,9.97474747474747,-9.999999999999998,-9.999999999999998,0.0,43.230000000000004,47.0075,46.955,4.4197764541155795,3.6531915337939522,41.22735428714969,-1.2084298825449693,-0.7359058105435652,-0.4725240720014041,2013650.1
267402,TRANSCORP,2025-11-13,45.1,45.1,2034080,2026-04-08T04:33:19.052814+00:00,3.559127439724463,9.97474747474747,0.0,-2.185223725286156,43.25,46.8375,46.917,4.3887002833448125,3.68940879550965,46.21095482998794,-1.129576491888173,-0.5256419359094151,-0.6039345559787579,1999615.0
267521,TRANSCORP,2025-11-14,45.1,45.1,1178738,2026-04-08T04:33:21.762061+00:00,0.0,3.559127439724463,-2.2222222222222254,6.382978723404253,43.47,46.667500000000004,46.919000000000004,4.3887002833448125,3.638334679057481,46.210954829987934,-1.0549241032893946,-0.3607916378485093,-0.6941324654408852,2029348.8
267640,TRANSCORP,2025-11-17,43.0,43.0,1050356,2026-04-08T04:33:26.271116+00:00,-4.656319290465638,0.0,0.0,0.0,43.27,46.427499999999995,46.85900000000001,4.491515355746387,3.685027302594327,40.77783691061087,-1.1519352050619887,-0.36624219169688277,-0.7856930133651059,2043069.75
267759,TRANSCORP,2025-11-18,45.0,45.0,640605,2026-04-08T04:33:29.067053+00:00,4.651162790697683,-4.656319290465638,-9.999999999999998,0.0,44.35,46.2875,46.765,4.633162136681289,3.5618067981323587,47.150755313340255,-1.0552694277606065,-0.21566113151640043,-0.8396082962442061,2022787.0
267878,TRANSCORP,2025-11-19,41.2,41.2,1936637,2026-04-08T04:33:31.487527+00:00,-8.444444444444443,4.651162790697683,9.97474747474747,-9.999999999999998,43.88,45.9225,46.668,4.964017130494583,3.6103234734550504,38.642225790643714,-1.2706421728633899,-0.344827101295347,-0.9258150715680429,2008265.9
267997,TRANSCORP,2025-11-20,40.7,40.7,2204488,2026-04-08T04:33:33.887172+00:00,-1.2135922330097082,-8.444444444444443,3.559127439724463,0.0,43.00000000000001,45.5325,46.562,4.962511175309244,3.613397203598665,37.67876594884896,-1.4647872902759573,-0.4311777749663315,-1.0336095153096259,2047089.5
268116,TRANSCORP,2025-11-21,41.0,41.0,6728368,2026-04-08T04:33:36.654129+00:00,0.7371007371007376,-1.2135922330097082,0.0,-2.2222222222222254,42.18,45.175,46.46,4.973721567582469,3.615310173061299,38.66686969999192,-1.5762709316644248,-0.43412913308383905,-1.1421417985805857,2317827.0
268235,TRANSCORP,2025-11-24,40.55,40.55,4479011,2026-04-08T04:33:41.368891+00:00,-1.0975609756097682,0.7371007371007376,-4.656319290465638,0.0,41.69,44.795,46.349,4.971864359174054,3.6175916725123978,37.70126717331221,-1.6815498993429827,-0.4315264806099175,-1.2500234187330652,2492710.0
268354,TRANSCORP,2025-11-25,40.05,40.05,3421492,2026-04-08T04:33:44.004166+00:00,-1.2330456226880449,-1.0975609756097682,4.651162790697683,-9.999999999999998,40.7,44.394999999999996,46.228,4.971415342356678,3.620461958328453,36.60738569839463,-1.784756499098627,-0.4277864642924494,-1.3569700348061777,2488734.8
268473,TRANSCORP,2025-11-26,41.0,41.0,6922382,2026-04-08T04:33:46.260048+00:00,2.372034956304625,-1.2330456226880449,-8.444444444444443,9.97474747474747,40.660000000000004,44.042500000000004,46.126000000000005,5.019252274544442,3.638845162255527,40.15997011265426,-1.7694937895157423,-0.3300190037676516,-1.4394747857480907,2682691.55
268592,TRANSCORP,2025-11-27,41.0,41.0,2282197,2026-04-08T04:33:48.488035+00:00,0.0,2.372034956304625,-1.2135922330097082,3.559127439724463,40.72,43.7425,46.022000000000006,5.008276331332616,3.6385054208707843,40.15997011265424,-1.7373706547768393,-0.2383166952229987,-1.4990539595538406,2664987.9
268711,TRANSCORP,2025-11-28,42.0,42.0,4339996,2026-04-08T04:33:50.826192+00:00,2.4390243902439046,0.0,0.7371007371007376,0.0,40.92,43.3425,45.938,4.793576790215186,3.657173316086896,43.991774401574716,-1.6126317810665682,-0.09086225721018204,-1.5217695238563862,2591528.0
268830,TRANSCORP,2025-12-01,42.0,42.0,1024498,2026-04-08T04:33:55.236541+00:00,0.0,2.4390243902439046,-1.0975609756097682,-4.656319290465638,41.21,42.9425,45.855,4.793576790215186,3.657214975641496,43.99177440157471,-1.4965243241019195,0.020196159803573588,-1.516720483905493,2592755.3
268949,TRANSCORP,2025-12-02,40.1,40.1,1061500,2026-04-08T04:33:57.748335+00:00,-4.523809523809518,0.0,-1.2330456226880449,4.651162790697683,41.22,42.447500000000005,45.736999999999995,4.862230768924354,3.7097991105975954,38.551994408334515,-1.5400694866042244,-0.018679202158984998,-1.5213902844452394,2602638.4
269068,TRANSCORP,2025-12-03,40.1,40.1,587830,2026-04-08T04:34:00.349419+00:00,0.0,-4.523809523809518,2.372034956304625,-8.444444444444443,41.04,42.2025,45.619,4.376024809168163,3.7097991105975954,38.55199440833451,-1.5566354174923092,-0.028196106437655688,-1.5284393110546535,2541410.75
269187,TRANSCORP,2025-12-04,40.95,40.95,1860008,2026-04-08T04:34:03.142475+00:00,2.1197007481296826,0.0,0.0,-1.2135922330097082,41.03,42.0,45.520999999999994,4.413841315612741,3.724279481775239,42.25663945092799,-1.48406872041042,0.03549647251538679,-1.5195651929258067,2532053.9
269306,TRANSCORP,2025-12-05,42.0,42.0,1177462,2026-04-08T04:34:05.808951+00:00,2.564102564102555,2.1197007481296826,2.4390243902439046,0.7371007371007376,41.03,41.9,45.443999999999996,4.438212007223423,3.744087172700481,46.544002913133106,-1.3265413227489873,0.15441909614145577,-1.480960418890443,2557517.95
269425,TRANSCORP,2025-12-08,42.0,42.0,3954696,2026-04-08T04:34:10.334331+00:00,0.0,2.564102564102555,0.0,-1.0975609756097682,41.03,41.8,45.36299999999999,4.438212007223423,3.7433066172050298,46.5440029131331,-1.188005141415971,0.23436422197957785,-1.4223693633955488,2732340.5
269544,TRANSCORP,2025-12-09,43.3,43.3,2325445,2026-04-08T04:34:12.926221+00:00,3.0952380952380842,0.0,-4.523809523809518,-1.2330456226880449,41.67,41.985,45.308,3.8310815846474147,3.770732237366934,51.69406173178768,-0.9622231743725465,0.36811695121840193,-1.3303401255909484,2603151.2
269663,TRANSCORP,2025-12-10,43.3,43.3,1184164,2026-04-08T04:34:15.295879+00:00,0.0,3.0952380952380842,0.0,2.372034956304625,42.31,41.972500000000004,45.254000000000005,3.1179743487674854,3.7707306119761097,51.694061731787684,-0.7743629645878372,0.4447817288024889,-1.219144693390326,2519697.65
269782,TRANSCORP,2025-12-11,43.3,43.3,556701,2026-04-08T04:34:17.804745+00:00,0.0,0.0,2.1197007481296826,0.0,42.779999999999994,41.8825,45.122,3.004768063812718,3.564359559378235,51.694061731787684,-0.6183543903737458,0.4806322424132641,-1.09898663278701,2445828.7
269901,TRANSCORP,2025-12-12,42.2,42.2,1717606,2026-04-08T04:34:20.615101+00:00,-2.540415704387977,0.0,2.564102564102555,2.4390243902439046,42.82,41.7375,44.968,3.0510095082782023,3.5792347183047935,46.91711462161959,-0.5768279645322352,0.41772693460381993,-0.9945548991360551,2472772.1
270020,TRANSCORP,2025-12-15,42.2,42.2,752512,2026-04-08T04:34:25.240467+00:00,0.0,-2.540415704387977,0.0,0.0,42.86,41.697500000000005,44.86,2.872442578585723,3.5241493276719047,46.9171146216196,-0.5377194774537628,0.36546833734583395,-0.9031878147995968,2457879.9
270139,TRANSCORP,2025-12-16,42.2,42.2,488841,2026-04-08T04:34:27.867795+00:00,0.0,0.0,3.0952380952380842,-4.523809523809518,42.64,41.5575,44.724,2.6512444992541235,3.4954417064362286,46.91711462161959,-0.5009510676064792,0.3217893977544941,-0.8227404653609733,2450291.7
270258,TRANSCORP,2025-12-18,40.95,40.95,1803090,2026-04-08T04:34:31.321522+00:00,-2.962085308056872,0.0,0.0,0.0,42.17,41.545,44.553000000000004,1.9554829945771899,3.511531296355898,41.477216600102444,-0.5661501645340294,0.20527224066155514,-0.7714224051955846,2443614.35
270377,TRANSCORP,2025-12-19,41.0,41.0,1587727,2026-04-08T04:34:33.771022+00:00,0.12210012210012167,-2.962085308056872,0.0,2.1197007481296826,41.71,41.56,44.393,1.934992971223485,3.5106216620968964,41.7680641206338,-0.6067916203657759,0.13170462786384696,-0.7384962482296229,2412776.3
270496,TRANSCORP,2025-12-22,41.0,41.0,1106155,2026-04-08T04:34:38.115277+00:00,0.0,0.12210012210012167,-2.540415704387977,2.564102564102555,41.47,41.56,44.233000000000004,1.9283179818579506,3.5106216620968964,41.76806412063381,-0.6317182125944569,0.08542242850813286,-0.7171406411025898,2131665.65
270615,TRANSCORP,2025-12-23,41.0,41.0,709913,2026-04-08T04:34:40.661369+00:00,0.0,0.0,0.0,0.0,41.230000000000004,41.582499999999996,44.131,1.9104412260692676,3.415619997277067,41.76806412063381,-0.6440485260204127,0.0584736920657416,-0.7025222180861543,1943210.75
270734,TRANSCORP,2025-12-24,41.0,41.0,329027,2026-04-08T04:34:43.221402+00:00,0.0,0.0,0.0,3.0952380952380842,40.989999999999995,41.63,44.02,1.8858247382166526,3.4116871793800114,41.76806412063381,-0.646369443650201,0.04492221954876274,-0.6912916631989637,1788587.5
270853,TRANSCORP,2025-12-29,41.5,41.5,1064894,2026-04-08T04:34:48.902152+00:00,1.2195121951219523,0.0,-2.962085308056872,0.0,41.1,41.655,43.919000000000004,1.8306479097730108,3.417468412304167,45.41676607164296,-0.6009357529766675,0.07228472817783704,-0.6732204811545045,1495713.1
270972,TRANSCORP,2025-12-30,44.5,44.5,8754221,2026-04-08T04:34:51.359097+00:00,7.2289156626506035,1.2195121951219523,0.12210012210012167,0.0,41.8,41.83,43.839000000000006,2.4301837238948516,3.5220608566242086,61.147063718042844,-0.3191750465745926,0.28323634766392947,-0.6024113942385221,1819314.3
271091,TRANSCORP,2025-12-31,45.4,45.4,5449070,2026-04-08T04:34:53.061316+00:00,2.0224719101123556,7.2289156626506035,0.0,-2.540415704387977,42.68,42.0,43.77700000000001,2.413862788145943,3.5349449740180496,64.45642877286141,-0.02299016211057392,0.4635369857023585,-0.48652714781293244,1874768.0
271210,TRANSCORP,2026-01-02,45.4,45.4,1147274,2026-04-08T04:34:56.467348+00:00,0.0,2.0224719101123556,0.0,0.0,43.56,42.17,43.729,2.413862788145943,3.52939023201922,64.45642877286141,0.20932551844796876,0.5566821330087209,-0.3473566145607522,1880906.8
271329,TRANSCORP,2026-01-05,45.0,45.0,4361104,2026-04-08T04:35:01.008466+00:00,-0.8810572687224627,0.0,0.0,0.0,44.36,42.415,43.672999999999995,2.1437267327362024,3.5313796655059484,61.745530590470906,0.35704492038472324,0.5635212279563804,-0.2064763075716571,2045887.0
271448,TRANSCORP,2026-01-06,45.0,45.0,5085629,2026-04-08T04:35:03.366972+00:00,0.0,-0.8810572687224627,1.2195121951219523,-2.962085308056872,45.06,42.66,43.602999999999994,2.1437267327362024,3.524555270854611,61.74553059047091,0.4687106065701059,0.5401495313134104,-0.07143892474330452,2270776.95
271567,TRANSCORP,2026-01-07,45.0,45.0,7218306,2026-04-08T04:35:05.819661+00:00,0.0,0.0,7.2289156626506035,0.12210012210012167,45.160000000000004,42.8625,43.532999999999994,2.1168389244027197,3.524555270854611,61.74553059047092,0.5508565361276538,0.4978363686967667,0.05302016743088715,2538691.85
271686,TRANSCORP,2026-01-08,45.05,45.05,3370456,2026-04-08T04:35:08.163488+00:00,0.11111111111110628,0.0,2.0224719101123556,0.0,45.089999999999996,43.015,43.471000000000004,2.060873637273102,3.5234673799256355,61.995076749519136,0.6129269192724394,0.4479254014732418,0.16500151779919758,2648341.55
271805,TRANSCORP,2026-01-09,45.5,45.5,3640160,2026-04-08T04:35:10.591402+00:00,0.998890122086582,0.11111111111110628,0.0,0.0,45.11,43.190000000000005,43.418,2.063516916261716,3.5267105827806935,64.25508570435862,0.6904700750779256,0.42037484582298235,0.2700952292549432,2632614.75
271924,TRANSCORP,2026-01-12,46.0,46.0,5944991,2026-04-08T04:35:15.220756+00:00,1.098901098901095,0.998890122086582,-0.8810572687224627,0.0,45.309999999999995,43.325,43.376999999999995,1.9736635689660704,3.530367599764109,66.62959539549497,0.7832406948676578,0.4105163724901716,0.3727243223774862,2813592.05
272043,TRANSCORP,2026-01-13,46.5,46.5,15647725,2026-04-08T04:35:17.864544+00:00,1.0869565217391353,1.098901098901095,0.0,1.2195121951219523,45.61,43.485,43.346000000000004,1.9793189214238518,3.5338711420120816,68.85750599259973,0.8868844488924594,0.4113281012119786,0.47555634768048083,3536770.1
272162,TRANSCORP,2026-01-14,47.95,47.95,8555333,2026-04-08T04:35:20.278959+00:00,3.1182795698924792,1.0869565217391353,0.0,7.2289156626506035,46.2,43.7175,43.365,2.068987624975979,3.546620155721036,74.23058808278617,1.0736493906624105,0.4784744343855437,0.5951749562768668,3936701.7
272281,TRANSCORP,2026-01-15,49.15,49.15,1578110,2026-04-08T04:35:23.159853+00:00,2.502606882168923,3.1182795698924792,0.11111111111110628,2.0224719101123556,47.02,44.065,43.348,1.9803470730298447,3.4474557356799944,77.66501088278915,1.3034663747766118,0.5666331347997959,0.7368332399768158,3929726.9
272400,TRANSCORP,2026-01-16,49.75,49.75,1226111,2026-04-08T04:35:25.571119+00:00,1.2207527975584886,2.502606882168923,0.998890122086582,0.0,47.870000000000005,44.442499999999995,43.343,1.9737345938075195,3.4515956730916346,79.16052562798343,1.5165313466635055,0.6237584853493517,0.8927728613141538,3953406.85
272519,TRANSCORP,2026-01-19,49.75,49.75,1469069,2026-04-08T04:35:30.272746+00:00,0.0,1.2207527975584886,1.098901098901095,-0.8810572687224627,48.620000000000005,44.82000000000001,43.338,1.9737345938075195,3.4515956730916346,79.16052562798343,1.6661801839348485,0.6187258580965556,1.047454325838293,4002418.25
272638,TRANSCORP,2026-01-20,48.2,48.2,6487386,2026-04-08T04:35:32.536083+00:00,-3.1155778894472297,0.0,1.0869565217391353,0.0,48.96,45.1825,43.40200000000001,1.9895495824698501,3.168213818154514,65.93353287516878,1.6407918919516007,0.47467005289064623,1.1661218390609545,4236633.05
272758,TRANSCORP,2026-01-21,48.2,48.2,1863764,2026-04-08T04:35:34.90344+00:00,0.0,-3.1155778894472297,3.1182795698924792,0.0,49.010000000000005,45.542500000000004,43.466,1.9920435168669963,3.168213818154514,65.93353287516878,1.6022022968997547,0.34886436627104,1.2533379306287147,4250434.9
272878,TRANSCORP,2026-01-22,46.75,46.75,1935628,2026-04-08T04:35:36.566163+00:00,-3.0082987551867224,0.0,2.502606882168923,0.11111111111110628,48.53000000000001,45.83,43.521,2.1641966168137006,3.1823321801467914,55.81516766284237,1.4380400523787884,0.14776169740005884,1.2902783549787296,4291908.55
272998,TRANSCORP,2026-01-23,46.15,46.15,1430491,2026-04-08T04:35:38.92405+00:00,-1.2834224598930466,-3.0082987551867224,1.2207527975584886,0.998890122086582,47.81,46.0875,43.56400000000001,2.204085997414348,3.1889115153075127,52.24247483916276,1.2451717405475122,-0.036085291544974085,1.2812570320924863,4327937.45
273118,TRANSCORP,2026-01-26,45.05,45.05,2241666,2026-04-08T04:35:43.383975+00:00,-2.3835319609967542,-1.2834224598930466,0.0,1.098901098901095,46.870000000000005,46.29,43.672999999999995,2.301436522121639,2.859252173482861,46.38096686808887,0.9921248097332835,-0.23130577788736217,1.2234305876206457,4423569.4
273238,TRANSCORP,2026-01-27,45.95,45.95,1269929,2026-04-08T04:35:45.70946+00:00,1.997780244173164,-2.3835319609967542,-3.1155778894472297,1.0869565217391353,46.42,46.5125,43.721000000000004,2.320797223559167,2.509442828976109,51.20485005178935,0.8543572735143528,-0.29525865128503437,1.1496159247993871,4433821.15
273358,TRANSCORP,2026-01-28,45.95,45.95,1374018,2026-04-08T04:35:48.193808+00:00,0.0,1.997780244173164,0.0,3.1182795698924792,45.97,46.585,43.738,1.7046597888010568,2.460432450068297,51.20485005178934,0.7366834799124646,-0.3303459559095381,1.0670294358220027,4064811.0
273478,TRANSCORP,2026-01-29,46.4,46.4,3980276,2026-04-08T04:35:50.479528+00:00,0.9793253536452662,0.0,-3.0082987551867224,2.502606882168923,45.9,46.635000000000005,43.763999999999996,1.6605220990291139,2.463781741921243,53.62425240430497,0.671991094840763,-0.31603067278499186,0.9880217676257549,3991371.3
273598,TRANSCORP,2026-01-30,45.9,45.9,1190788,2026-04-08T04:35:52.855058+00:00,-1.0775862068965525,0.9793253536452662,-1.2834224598930466,1.2207527975584886,45.85,46.660000000000004,43.821999999999996,1.6820365985165695,2.3735054133181963,50.620918383798255,0.5737621197009233,-0.3314077183398654,0.9051698380407887,3993547.0
273718,TRANSCORP,2026-02-02,46.3,46.3,1302758,2026-04-08T04:35:57.524813+00:00,0.8714596949890963,-1.0775862068965525,-2.3835319609967542,0.0,46.1,46.725,43.84799999999999,1.6756156505496633,2.286075487924283,52.89389142200802,0.5221723286973372,-0.3063980074747612,0.8285703361720984,3840629.7
273838,TRANSCORP,2026-02-03,46.3,46.3,2147216,2026-04-08T04:36:00.137559+00:00,0.0,0.8714596949890963,1.997780244173164,-3.1155778894472297,46.17,46.790000000000006,43.95,1.6756156505496633,1.9269680137237961,52.893891422008004,0.47580229496293214,-0.28221443296733306,0.7580167279302652,3693709.05
273958,TRANSCORP,2026-02-04,46.3,46.3,1283254,2026-04-08T04:36:02.592569+00:00,0.0,0.0,0.0,0.0,46.239999999999995,46.855000000000004,44.062000000000005,1.6756156505496633,1.9157448268123056,52.89389142200801,0.4340502480774191,-0.25917318388227684,0.6932234319596959,3396956.45
274078,TRANSCORP,2026-02-05,46.8,46.8,1746398,2026-04-08T04:36:04.997535+00:00,1.0799136069114423,0.0,0.9793253536452662,-3.0082987551867224,46.32,46.942499999999995,44.178000000000004,1.6882094037919337,1.9180408177855994,56.05218587775513,0.4362781287445827,-0.2055562425720906,0.6418343713166733,3315753.55
274198,TRANSCORP,2026-02-06,48.5,48.5,3767605,2026-04-08T04:36:07.533957+00:00,3.6324786324786418,1.0799136069114423,-1.0775862068965525,-1.2834224598930466,46.839999999999996,47.092499999999994,44.336999999999996,1.8485427622573485,1.9646473702903275,64.71452140872691,0.5686643243813094,-0.058536037548291175,0.6272003619296006,3322125.8
274318,TRANSCORP,2026-02-09,51.0,51.0,5349046,2026-04-08T04:36:12.456447+00:00,5.154639175257736,0.0,0.0,1.997780244173164,48.22,47.442499999999995,44.705999999999996,2.135793061531294,2.0464081011340944,73.59206202902332,0.9339326031547799,0.23919301927159642,0.6947395838831835,2698322.55
274438,TRANSCORP,2026-02-10,50.0,50.0,4295583,2026-04-08T04:36:14.818506+00:00,-1.9607843137254943,5.154639175257736,0.0,0.0,48.959999999999994,47.545,44.885999999999996,2.107914959958051,2.073961348237298,66.39617417956654,1.0535103983477754,0.28701665157167344,0.7664937467761019,2485335.05
274558,TRANSCORP,2026-02-11,50.7,50.7,3086939,2026-04-08T04:36:17.460702+00:00,1.4000000000000012,-1.9607843137254943,1.0799136069114423,0.9793253536452662,49.74,47.6225,45.06,2.0592186883589454,2.058451011243825,68.70311894723396,1.1910313444579828,0.3396300781455046,0.8514012663124781,2560776.5
176,TRANSCORP,2026-02-12,51.0,51.0,5137586,2026-02-12T09:23:45.476808+00:00,0.591715976331364,1.4000000000000012,3.6324786324786418,-1.0775862068965525,50.24,47.685,45.24,2.0471799483663236,2.0578183298399626,69.66431113290258,1.3091342926131802,0.36618642104056165,0.9429478715726185,2756350.25
274798,TRANSCORP,2026-02-13,51.0,51.0,1202058,2026-04-08T04:36:22.38356+00:00,0.0,0.591715976331364,0.0,0.8714596949890963,50.74,47.7475,45.458,2.0471799483663236,1.9320925109722453,69.6643111329026,1.3867461831323453,0.3550386492477813,1.031707533884564,2742999.7
274918,TRANSCORP,2026-02-16,51.0,51.0,4617499,2026-04-08T04:36:26.879081+00:00,0.0,0.0,5.154639175257736,0.0,50.74,47.8875,45.676,1.8992949423747854,1.9320925109722453,69.66431113290258,1.4317498445575296,0.32003384853837247,1.1117159960191572,2649505.35
275038,TRANSCORP,2026-02-17,51.0,51.0,7530205,2026-04-08T04:36:29.440312+00:00,0.0,0.0,-1.9607843137254943,0.0,50.940000000000005,48.027499999999996,45.87700000000001,1.8992949423747854,1.9190407143808814,69.66431113290258,1.4506928859070882,0.2711815119103447,1.1795113739967436,2932827.4
275158,TRANSCORP,2026-02-18,51.0,51.0,2219684,2026-04-08T04:36:31.166521+00:00,0.0,0.0,1.4000000000000012,1.0799136069114423,51.0,48.239999999999995,46.05700000000001,1.7355974112090273,1.8957210064714038,69.66431113290258,1.4490021874099455,0.21559265073056144,1.233409536679384,2947030.2
275278,TRANSCORP,2026-02-19,52.0,52.0,9372172,2026-04-08T04:36:33.575564+00:00,1.9607843137254832,0.0,0.591715976331364,3.6324786324786418,51.2,48.5325,46.257000000000005,1.716552483997726,1.9073872612657263,73.58185331542656,1.510936800411784,0.22202181098592,1.288914989425864,3344114.25
619,TRANSCORP,2026-02-20,52.8,52.8,2944000,2026-02-20T23:15:44.934622+00:00,1.538461538461533,1.9607843137254832,0.0,0.0,51.56,48.92,46.446999999999996,1.574435308850624,1.8756960184592832,76.22682856582512,1.6060600806791854,0.25371607300265686,1.3523440076765285,3379230.95
767,TRANSCORP,2026-02-23,52.9,52.9,2475469,2026-02-23T07:00:01.990412+00:00,0.18939393939394478,1.538461538461533,0.0,5.154639175257736,51.94,49.2675,46.638999999999996,1.5543343198645374,1.8750330203627912,76.54297399779769,1.6702613962085806,0.2543339108256415,1.415927485382939,3439507.95
915,TRANSCORP,2026-02-24,53.55,53.55,10065735,2026-02-24T07:00:01.929914+00:00,1.2287334593572785,0.18939393939394478,0.0,-1.9607843137254943,52.45,49.647499999999994,46.843999999999994,1.5487347657048043,1.8774895781385397,78.54060513997572,1.7533791061394908,0.26996129660524115,1.4834178095342496,3874093.8
1063,TRANSCORP,2026-02-25,55.0,55.0,8584397,2026-02-25T07:00:01.953057+00:00,2.7077497665733086,1.2287334593572785,0.0,1.4000000000000012,53.25,50.0775,47.1,1.6075824566414736,1.853856633714553,82.18529316171218,1.9141878064427402,0.3446159975267924,1.5695718089159478,4104299.85
1211,TRANSCORP,2026-02-26,51.0,51.0,18142467,2026-02-26T07:00:01.915173+00:00,-7.272727272727275,2.7077497665733086,1.9607843137254832,0.591715976331364,53.05,50.332499999999996,47.276,2.402220330364751,2.1580665890880653,54.62385364489222,1.6992751037579126,0.1037626358735717,1.5955124678843409,4951883.8
1899,TRANSCORP,2026-02-27,50.55,50.55,4781018,2026-02-27T07:00:02.056517+00:00,-0.8823529411764786,-7.272727272727275,1.538461538461533,0.0,52.6,50.545,47.443000000000005,2.4220310980297506,2.1650203219100814,52.49114730858914,1.475633811298195,-0.09590292526891675,1.5715367365671118,5125796.8
2780,TRANSCORP,2026-02-28,50.55,50.55,4781018,2026-02-28T18:00:03.453641+00:00,0.0,-0.8823529411764786,0.18939393939394478,0.0,52.129999999999995,50.7575,47.635,2.4220310980297506,2.1114354319360045,52.49114730858914,1.2835999347408844,-0.2303494414609819,1.5139493762018663,5257486.9
2928,TRANSCORP,2026-03-01,50.55,50.55,4781018,2026-03-01T18:00:03.821122+00:00,0.0,0.0,1.2287334593572785,0.0,51.529999999999994,50.97,47.82599999999999,2.4220310980297506,2.1118858297181786,52.491147308589134,1.118518123367025,-0.3163450022678731,1.434863125634898,5432375.1
3076,TRANSCORP,2026-03-02,53.9,53.9,8457910,2026-03-02T07:00:01.981706+00:00,6.627101879327402,0.0,2.7077497665733086,0.0,51.30999999999999,51.325,48.083999999999996,2.7860134691453577,2.284514300268872,65.14451646760476,1.2436703438192254,-0.15295422545253823,1.3966245692717636,5767950.7
4040,TRANSCORP,2026-03-03,52.0,52.0,12665528,2026-03-03T07:00:01.858909+00:00,-3.525046382189234,6.627101879327402,-7.272727272727275,1.9607843137254832,51.50999999999999,51.5,48.303999999999995,2.854550201865072,2.355869032935034,56.02978155148874,1.1759842448137476,-0.1765122595664128,1.3524965043801604,6212846.85
5477,TRANSCORP,2026-03-04,51.2,51.2,3970065,2026-03-04T07:00:02.010027+00:00,-1.538461538461533,-3.525046382189234,-0.8823529411764786,1.538461538461533,51.64,51.635000000000005,48.507999999999996,2.8861072719079206,2.37256745645638,52.687125060519094,1.0457346316919214,-0.2454094981505912,1.2911441298425126,6222969.85
7195,TRANSCORP,2026-03-05,51.0,51.0,6881814,2026-03-05T07:00:02.0033+00:00,-0.390625,-1.538461538461533,0.0,0.18939393939394478,51.73,51.635000000000005,48.69799999999999,2.6532620295288196,2.3731523619606163,51.85424620502899,0.9158155942695032,-0.3002628284584077,1.216078422727911,6299608.25
9711,TRANSCORP,2026-03-06,51.0,51.0,1079024,2026-03-06T07:00:02.033178+00:00,0.0,-0.390625,0.0,1.2287334593572785,51.82000000000001,51.685,48.827999999999996,2.611584857581821,2.161953980442313,51.85424620502899,0.8035905296876109,-0.32999031443224003,1.133580844119851,6138780.3
11369,TRANSCORP,2026-03-07,51.0,51.0,1079024,2026-03-07T18:00:06.285951+00:00,0.0,0.0,6.627101879327402,2.7077497665733086,51.239999999999995,51.7,48.93999999999999,2.594508327644015,2.147867055112303,51.854246205028986,0.7065071824546507,-0.34165892933216013,1.0481661117868109,6038384.55
11517,TRANSCORP,2026-03-08,51.0,51.0,1079024,2026-03-08T18:00:03.574352+00:00,0.0,0.0,-3.525046382189234,-7.272727272727275,51.04,51.7,49.052,2.5915187825768817,2.147867055112303,51.85424620502899,0.6223933670162296,-0.340618195816465,0.9630115628326946,5835456.45
11665,TRANSCORP,2026-03-09,49.6,49.6,2461793,2026-03-09T07:00:02.016534+00:00,-2.7450980392156876,0.0,-1.538461538461533,-0.8823529411764786,50.720000000000006,51.629999999999995,49.144000000000005,2.6649649007659115,2.1838733414188454,45.13625230389621,0.4377185159802437,-0.42023443748196077,0.8579529534622045,5898443.2
14181,TRANSCORP,2026-03-10,48.75,48.75,4701078,2026-03-10T07:00:03.966079+00:00,-1.7137096774193616,-2.7450980392156876,-0.390625,0.0,50.27,51.5175,49.21900000000001,2.688850711050052,2.200751286525054,41.6113831136786,0.22023572937393965,-0.5101737792706119,0.7304095086445516,5902622.15
16021,TRANSCORP,2026-03-11,48.5,48.5,2252497,2026-03-11T07:00:02.147117+00:00,-0.512820512820511,-1.7137096774193616,0.0,0.0,49.77,51.3925,49.28900000000001,2.6893806621268106,2.2028202902727387,40.6069440789683,0.027390403920279027,-0.562415283779418,0.589805687699697,5638736.75
17737,TRANSCORP,2026-03-12,48.5,48.5,822757,2026-03-12T07:00:02.06753+00:00,0.0,-0.512820512820511,0.0,6.627101879327402,49.27,51.2675,49.358000000000004,2.6893806621268106,2.2029408016105636,40.606944078968304,-0.12401137988438649,-0.5710536540672668,0.44704227418288034,5568890.4
20253,TRANSCORP,2026-03-13,48.0,48.0,1606378,2026-03-13T07:00:01.993197+00:00,-1.0309278350515427,0.0,0.0,-3.525046382189234,48.67,51.0675,49.408,2.6447387804595146,2.206083366796625,38.4539081483282,-0.28110381585801747,-0.5825168720327183,0.30141305617470077,5180600.7
23699,TRANSCORP,2026-03-16,48.3,48.3,3633384,2026-03-16T08:30:01.80086+00:00,0.6249999999999867,-1.0309278350515427,-2.7450980392156876,-1.538461538461533,48.41,50.8425,49.45399999999999,2.617869541119151,2.202855403195388,40.49262855923647,-0.3770468489899699,-0.5427679241317365,0.16572107514176665,5215069.9
25530,TRANSCORP,2026-03-17,47.0,47.0,3027412,2026-03-17T08:30:01.70448+00:00,-2.6915113871635588,0.6249999999999867,-1.7137096774193616,-0.390625,48.06,50.5475,49.464,2.6619431314720328,2.2336525681736337,35.07119072321435,-0.5516227655578518,-0.5738750725596948,0.022252307001842955,5242667.05
27393,TRANSCORP,2026-03-18,47.0,47.0,651031,2026-03-18T08:30:01.732403+00:00,0.0,-2.6915113871635588,-0.512820512820511,0.0,47.760000000000005,50.22,49.445,2.632608356704101,2.1892079473125485,35.07119072321435,-0.6821124692442737,-0.5634918209968933,-0.11862064824738038,4771931.85
33207,TRANSCORP,2026-03-23,48.05,48.05,2484609,2026-03-23T08:30:01.705825+00:00,2.2340425531914843,0.0,0.0,0.0,47.67,49.8725,49.423,2.6030853020798563,2.18322241061009,42.30684955499674,-0.6928139468419658,-0.45935463887566835,-0.2334593079662975,4466942.45
34785,TRANSCORP,2026-03-24,49.9,49.9,5567813,2026-03-24T15:00:01.978259+00:00,3.8501560874089513,2.2340425531914843,-1.0309278350515427,0.0,48.05,49.8175,49.426,2.2797342060543,2.2445703515744757,52.376780788371455,-0.5457246321752933,-0.24981225936719664,-0.2959123728080967,3838209.75
34933,TRANSCORP,2026-03-25,48.0,48.0,2184409,2026-03-25T15:00:01.528164+00:00,-3.8076152304609145,3.8501560874089513,0.6249999999999867,-2.7450980392156876,47.989999999999995,49.690000000000005,49.391000000000005,2.422943931749706,2.309292058389657,43.901597007219756,-0.5758315835655026,-0.22393536860592467,-0.3518962149595779,3708379.3
35081,TRANSCORP,2026-03-26,48.35,48.35,796215,2026-03-26T15:00:01.955832+00:00,0.7291666666666696,-3.8076152304609145,-2.6915113871635588,-1.7137096774193616,48.260000000000005,49.58,49.394,2.432071113264088,2.268628958006527,45.646366390398235,-0.5649372396852925,-0.17043281978057168,-0.39450441990472085,3509139.15
35229,TRANSCORP,2026-03-27,48.0,48.0,1051533,2026-03-27T15:00:02.114662+00:00,-0.7238883143743546,0.7291666666666696,0.0,-0.512820512820511,48.46,49.4525,49.39,2.4344092972139197,2.2711423101988393,44.1670185541802,-0.5778839817770347,-0.14670364949785103,-0.4311803322791837,3322664.9
278158,TRANSCORP,2026-03-30,48.0,48.0,967383,2026-04-08T04:37:47.74327+00:00,0.0,-0.7238883143743546,2.2340425531914843,0.0,48.45,49.157500000000006,49.415,1.8271104441174586,2.228815015258502,44.1670185541802,-0.5814418682389189,-0.12020922876778811,-0.46123263947113075,2948138.55
35377,TRANSCORP,2026-03-31,48.35,48.35,1879864,2026-03-31T15:00:02.085058+00:00,0.7291666666666696,0.0,3.8501560874089513,-1.0309278350515427,48.14,48.975,49.458999999999996,1.7077445800494688,2.2219045728044184,46.18957153059889,-0.5496830400453661,-0.07076032045938818,-0.4789227195859779,2408855.35
278398,TRANSCORP,2026-04-01,48.0,48.0,1635218,2026-04-08T04:37:52.684906+00:00,-0.7238883143743546,0.7291666666666696,-3.8076152304609145,0.6249999999999867,48.14,48.815,49.518,1.6874859205978896,2.196026691195083,44.45529915376037,-0.5464568009758253,-0.05402726511187789,-0.4924295358639474,2292113.0
35525,TRANSCORP,2026-04-02,50.0,50.0,3325664,2026-04-02T15:00:01.864809+00:00,4.166666666666674,-0.7238883143743546,0.7291666666666696,-2.6915113871635588,48.470000000000006,48.765,49.599,1.9613053641652154,2.2539161436029076,54.8804971832407,-0.37815753331762636,0.09141760203705684,-0.4695751353546832,2114305.5
35969,TRANSCORP,2026-04-07,50.0,50.0,1043039,2026-04-07T15:00:01.949344+00:00,0.0,4.166666666666674,-0.7238883143743546,0.0,48.870000000000005,48.714999999999996,49.68,1.9613053641652154,2.2539161436029076,54.880497183240706,-0.2419896451715431,0.1820683921465121,-0.4240580373180552,2112506.25
278866,TRANSCORP,2026-04-08,50.0,50.0,909236,2026-04-08T15:00:01.943007+00:00,0.0,0.0,0.0,2.2340425531914843,49.27,48.665,49.751999999999995,1.9613053641652154,2.2512057407976602,54.8804971832407,-0.13254768556795682,0.23320828140007877,-0.3657559669680356,2104016.85
279013,TRANSCORP,2026-04-09,50.0,50.0,1216390,2026-04-09T15:00:02.085141+00:00,0.0,0.0,0.7291666666666696,3.8501560874089513,49.6,48.614999999999995,49.833999999999996,1.9613053641652154,2.2441223770383196,54.880497183240706,-0.0452920455871606,0.2563711371047,-0.3016631826918606,2110885.15
279159,TRANSCORP,2026-04-10,46.45,46.45,1622619,2026-04-10T15:00:01.352272+00:00,-7.099999999999995,0.0,-0.7238883143743546,-3.8076152304609145,49.29,48.457499999999996,49.836999999999996,2.4528222618169955,2.4672208713906674,37.89817518873622,-0.25960409921375316,0.033647266782485974,-0.29325136599623913,2068926.45
279305,TRANSCORP,2026-04-13,46.55,46.55,2739532,2026-04-13T15:00:02.021173+00:00,0.21528525296015122,-7.099999999999995,4.166666666666674,0.7291666666666696,48.6,48.3475,49.842,2.4320831559072973,2.4673436984796275,38.47571501704354,-0.4165767440868535,-0.09866030247249147,-0.31791644161436206,1970849.15
279451,TRANSCORP,2026-04-14,47.95,47.95,1306844,2026-04-14T15:00:02.477878+00:00,3.0075187969925032,0.21528525296015122,0.0,-0.7238883143743546,48.19,48.32,49.87499999999999,2.5336754477098,2.5027339889703653,46.04144148688214,-0.4231327850092299,-0.0841730747158943,-0.3389597102933356,1923566.5
279597,TRANSCORP,2026-04-15,47.95,47.95,899076,2026-04-15T15:00:02.184222+00:00,0.0,3.0075187969925032,0.0,0.0,47.78,48.292500000000004,49.898,2.5336754477098,2.4987700420621417,46.041441486882135,-0.4234472582674016,-0.06759003837925281,-0.3558572198881488,1927382.45
279743,TRANSCORP,2026-04-16,49.5,49.5,2383353,2026-04-16T15:00:02.07143+00:00,3.232533889468181,0.0,0.0,0.7291666666666696,47.68,48.3675,49.918,2.6224774872831107,2.4877799239463005,53.39956480976299,-0.29522130702218163,0.048508730292773694,-0.34373003731495533,1966231.2
279889,TRANSCORP,2026-04-17,48.2,48.2,3522860,2026-04-17T15:00:02.06245+00:00,-2.626262626262621,3.232533889468181,-7.099999999999995,-0.7238883143743546,48.03,48.3625,49.912,2.693709031602833,2.516872039694521,47.54364002602497,-0.2950987377329355,0.038905039665615926,-0.3340037773985514,1960705.0
280035,TRANSCORP,2026-04-20,49.8,49.8,7606431,2026-04-20T15:00:01.862344+00:00,3.319502074688785,-2.626262626262621,0.21528525296015122,4.166666666666674,48.68,48.502500000000005,49.888000000000005,2.710002731916013,2.4530206697490033,54.200639194503985,-0.16400443144953414,0.13599947675921387,-0.300003908208748,2189655.95
280181,TRANSCORP,2026-04-21,49.0,49.0,2195413,2026-04-21T15:00:02.189846+00:00,-1.6064257028112428,3.319502074688785,3.0075187969925032,0.0,48.89,48.602500000000006,49.868,2.7437423003174497,2.4477990151921514,50.73380945870717,-0.12324388457279412,0.1414080189087631,-0.2646519034815572,2266875.05
280327,TRANSCORP,2026-04-22,49.0,49.0,710157,2026-04-22T15:00:02.200159+00:00,0.0,-1.6064257028112428,0.0,0.0,49.1,48.65,49.833999999999996,2.703677796513056,2.4393246454546342,50.733809458707164,-0.08990449446055493,0.13979792721680184,-0.22970242167735677,2178152.45
280473,TRANSCORP,2026-04-23,48.0,48.0,2504052,2026-04-23T15:00:02.125151+00:00,-2.0408163265306145,0.0,3.232533889468181,0.0,48.8,48.555,49.773999999999994,2.5961690179270076,2.453805942112533,46.42861100506193,-0.14253141680042347,0.06973680390154666,-0.21226822070197013,2024964.4
280619,TRANSCORP,2026-04-24,47.1,47.1,1162279,2026-04-24T15:00:02.20649+00:00,-1.8749999999999933,-2.0408163265306145,-2.626262626262621,-7.099999999999995,48.58,48.51,49.696,2.4869847668028293,2.466673834396748,42.90017714979114,-0.25393391815729416,-0.03333255796425921,-0.22060136019303495,1973857.9
280765,TRANSCORP,2026-04-27,47.0,47.0,4400357,2026-04-27T15:00:02.034997+00:00,-0.2123142250530785,-1.8749999999999933,3.319502074688785,0.21528525296015122,48.019999999999996,48.442499999999995,49.61599999999999,2.4800656601714195,2.4666301224070954,42.513573389860206,-0.3462984543410812,-0.10055767531843696,-0.24574077902264424,2154065.0
280911,TRANSCORP,2026-04-28,45.4,45.4,3776160,2026-04-28T15:00:01.918241+00:00,-3.404255319148941,-0.2123142250530785,-1.6064257028112428,3.0075187969925032,47.3,48.3125,49.504,2.5850752228340768,2.5094900155829984,36.799411647725954,-0.5423527381962856,-0.23728956733891304,-0.30506317085737256,2290296.35
281057,TRANSCORP,2026-04-29,47.0,47.0,4034432,2026-04-29T15:00:02.672724+00:00,3.524229074889873,-3.404255319148941,0.0,0.0,46.9,48.2625,49.424,2.7193474745375363,2.5641554020110315,44.790781034072474,-0.5621405362230547,-0.20566189229254572,-0.356478643930509,2443648.8
281203,TRANSCORP,2026-04-30,44.5,44.5,6057601,2026-04-30T15:00:02.170664+00:00,-5.319148936170215,3.524229074889873,-2.0408163265306145,3.232533889468181,46.2,48.07000000000001,49.273999999999994,2.952176242898264,2.648274574834762,36.93270971257836,-0.770667836258589,-0.33135135386246406,-0.439316482396125,2652535.65
281495,TRANSCORP,2026-05-04,43.0,43.0,5005406,2026-05-04T15:00:02.156928+00:00,-3.3707865168539297,-5.319148936170215,-1.8749999999999933,-2.626262626262621,45.38,47.82000000000001,49.078,3.0271535150897417,2.670528496615469,33.17227135585404,-1.0449195062435948,-0.48448241907797573,-0.560437087165619,2821045.05
281641,TRANSCORP,2026-05-05,43.0,43.0,978910,2026-05-05T15:00:01.930748+00:00,0.0,-3.3707865168539297,-0.2123142250530785,3.319502074688785,44.58,47.470000000000006,48.88,2.8254154690668076,2.6698465068427963,33.17227135585404,-1.2478811336535713,-0.5499552371903618,-0.6979258964632096,2703707.35
281787,TRANSCORP,2026-05-06,43.0,43.0,3427120,2026-05-06T15:00:01.919787+00:00,0.0,0.0,-3.404255319148941,-1.6064257028112428,44.1,47.120000000000005,48.669,2.8254154690668076,2.6603905147594116,33.17227135585404,-1.3926757860841406,-0.5557999116967447,-0.8368758743873959,2822911.4
281933,TRANSCORP,2026-05-07,44.5,44.5,3325448,2026-05-07T15:00:01.995523+00:00,3.488372093023262,0.0,3.524229074889873,0.0,43.6,46.845000000000006,48.458999999999996,2.975423758167452,2.681226849625025,40.711883496936274,-1.3705898210530023,-0.42697115733248503,-0.9436186637205173,2943722.0
282079,TRANSCORP,2026-05-08,43.0,43.0,1449788,2026-05-08T15:00:02.118161+00:00,-3.3707865168539297,3.488372093023262,-5.319148936170215,-2.0408163265306145,43.3,46.495000000000005,48.299,3.038129258759697,2.529206798585484,36.30127176601521,-1.4573248647345522,-0.4109649608112278,-1.0463599039233245,2955391.9
282225,TRANSCORP,2026-05-11,44.5,44.5,3278544,2026-05-11T15:00:02.243132+00:00,3.488372093023262,-3.3707865168539297,-3.3707865168539297,-1.8749999999999933,43.6,46.3975,48.178000000000004,2.776761020035018,2.583933773934625,42.95657585277528,-1.3890138606134386,-0.27412316535209125,-1.1148906952613473,3038188.15
282371,TRANSCORP,2026-05-12,44.0,44.0,3135932,2026-05-12T15:00:02.325735+00:00,-1.1235955056179803,3.488372093023262,0.0,-0.2123142250530785,43.8,46.27,48.047,2.7829255918155753,2.586849245716651,41.40368970550592,-1.3595506652409028,-0.19572797598364433,-1.1638226892572585,3058008.15
282517,TRANSCORP,2026-05-13,43.05,43.05,3282445,2026-05-13T15:00:01.887561+00:00,-2.1590909090909105,-1.1235955056179803,0.0,-3.404255319148941,43.809999999999995,46.025,47.897,2.7038447143643305,2.6006714011515633,38.5520434708795,-1.3967569860716438,-0.18634743745150817,-1.2104095486201356,3156788.2
282663,TRANSCORP,2026-05-14,43.25,43.25,2219316,2026-05-14T15:00:01.952989+00:00,0.4645760743321681,-2.1590909090909105,3.488372093023262,3.524229074889873,43.559999999999995,45.79,47.684,2.7103790875350957,2.40495012250893,39.49681310672332,-1.3940353629496087,-0.14690065146357845,-1.2471347114860303,3222800.2
282809,TRANSCORP,2026-05-15,45.0,45.0,679860,2026-05-15T15:00:01.871578+00:00,4.046242774566466,0.4645760743321681,-3.3707865168539297,-5.319148936170215,43.959999999999994,45.565,47.544,2.774385281702056,2.4429194635023164,47.15329304181911,-1.2364154546579869,0.008575405462434738,-1.2449908601204216,3137625.55
282955,TRANSCORP,2026-05-18,46.0,46.0,2625036,2026-05-18T15:00:01.868607+00:00,2.2222222222222143,4.046242774566466,3.488372093023262,-3.3707865168539297,44.26,45.455,47.44,2.785000166196881,2.4605621697370457,50.97139130904317,-1.0190617891342555,0.18074325678893288,-1.1998050459231884,3092734.35
283101,TRANSCORP,2026-05-19,47.0,47.0,2174743,2026-05-19T15:00:01.863653+00:00,2.1739130434782705,2.2222222222222143,-1.1235955056179803,0.0,44.86,45.315,47.36,2.7199014088595037,2.4827980919884345,54.51073528232359,-0.7573851362124273,0.35393592776860894,-1.1113210639810363,2821149.95
283247,TRANSCORP,2026-05-20,49.0,49.0,4687807,2026-05-20T15:00:01.871845+00:00,4.255319148936176,2.1739130434782705,-2.1590909090909105,0.0,46.05,45.315,47.32,2.8777089345878863,2.559201075201244,60.63187890419807,-0.3841924863595665,0.5817028620971758,-0.9658953484567423,2945769.65
283393,TRANSCORP,2026-05-21,49.0,49.0,2067535,2026-05-21T15:00:01.939198+00:00,0.0,4.255319148936176,0.4645760743321681,3.488372093023262,47.2,45.315,47.28,2.8777089345878863,2.559201075201244,60.63187890419808,-0.08742682067587992,0.7027748222246899,-0.7902016429005698,3013638.55
283539,TRANSCORP,2026-05-22,47.75,47.75,3279155,2026-05-22T15:00:02.031345+00:00,-2.5510204081632626,0.0,4.046242774566466,-3.3707865168539297,47.75,45.302499999999995,47.215,2.899300279487586,2.5835433415427826,55.24354414015678,0.046363109083991105,0.6692518015876487,-0.6228886925036576,3052393.7
283685,TRANSCORP,2026-05-25,47.75,47.75,729810,2026-05-25T15:00:01.979384+00:00,0.0,-2.5510204081632626,2.2222222222222143,3.488372093023262,48.1,45.335,47.17799999999999,2.8651215627460886,2.5551704511290545,55.243544140156786,0.1506559246043011,0.618835693686367,-0.46817976908206593,3030770.25
283831,TRANSCORP,2026-05-26,47.75,47.75,666952,2026-05-26T15:00:01.996051+00:00,0.0,0.0,2.1739130434782705,-1.1235955056179803,48.25,45.3725,47.157999999999994,2.864266998448899,2.543782327749866,55.24354414015678,0.2306499433213034,0.5590637699226955,-0.32841382660139207,2844100.0
284269,TRANSCORP,2026-05-29,47.75,47.75,858838,2026-05-29T15:00:02.455558+00:00,0.0,0.0,4.255319148936176,-2.1590909090909105,48.0,45.489999999999995,47.142999999999994,2.7424837371371025,2.5427454064178874,55.24354414015678,0.29069483042641053,0.4952869256222421,-0.20459209519583157,2698233.9
284415,TRANSCORP,2026-06-01,46.0,46.0,1253429,2026-06-01T15:00:02.603507+00:00,-3.6649214659685847,0.0,0.0,0.4645760743321681,47.4,45.44,47.09299999999999,2.7670778652696746,2.5950513973047578,47.32397541214231,0.19482464419336054,0.31953339151135374,-0.12470874731799317,2559183.75
284561,TRANSCORP,2026-06-02,46.0,46.0,759555,2026-06-02T15:00:02.980523+00:00,0.0,-3.6649214659685847,-2.5510204081632626,4.046242774566466,47.05,45.515,47.05299999999999,2.476469917958309,2.5913746924321877,47.32397541214231,0.11749245105700368,0.1937609586999975,-0.0762685076429938,2294281.45
284707,TRANSCORP,2026-06-03,44.85,44.85,1120112,2026-06-03T15:00:03.023028+00:00,-2.500000000000002,0.0,0.0,2.2222222222222143,46.470000000000006,45.6075,46.98400000000001,2.4174316839515524,2.6123142418740755,42.662770335061246,-0.03617228659749827,0.03207697683639642,-0.06824926343389469,2100016.75
284853,TRANSCORP,2026-06-04,43.0,43.0,1226315,2026-06-04T15:00:03.321931+00:00,-4.124860646599782,-2.500000000000002,0.0,2.1739130434782705,45.52,45.6075,46.904,2.6073447796119797,2.648781272071833,36.444035693420915,-0.30373101511202094,-0.188385401342501,-0.11534561376951993,2112387.0
284999,TRANSCORP,2026-06-05,45.85,45.85,1494633,2026-06-05T15:00:03.073061+00:00,6.62790697674418,-4.124860646599782,0.0,4.255319148936176,45.14,45.75,46.881,2.9953653106896954,2.816620416961942,48.820734816509834,-0.28254505010075803,-0.13375954906499046,-0.14878550103576757,2015762.65
285145,TRANSCORP,2026-06-08,45.9,45.9,1011811,2026-06-08T15:00:03.135386+00:00,0.10905125408942062,6.62790697674418,-3.6649214659685847,0.0,45.120000000000005,45.82,46.838,2.903735133803505,2.7980306717067855,49.00834545115209,-0.25873786896542583,-0.08796189434372659,-0.17077597462169924,1900080.8
285291,TRANSCORP,2026-06-09,46.9,46.9,1156898,2026-06-09T15:00:03.53749+00:00,2.178649237472774,0.10905125408942062,0.0,-2.5510204081632626,45.3,46.015,46.77799999999999,2.8086876339873434,2.760173239351803,52.73976404306938,-0.15736485959768487,0.010728892019211511,-0.16809375161689638,1885436.3
285437,TRANSCORP,2026-06-10,45.0,45.0,937958,2026-06-10T15:10:03.084397+00:00,-4.051172707889128,2.178649237472774,-2.500000000000002,0.0,45.33,46.04,46.71799999999999,2.8874158550450426,2.767080515529062,45.871374682308875,-0.22771518149364312,-0.04769714390139737,-0.18001803759224574,1768407.0
285875,TRANSCORP,2026-06-11,45.0,45.0,2793816,2026-06-11T15:10:02.991492+00:00,0.0,-4.051172707889128,-4.124860646599782,0.0,45.73,46.089999999999996,46.650999999999996,2.8733512529584626,2.7645880175068904,45.87137468230887,-0.2802379102555079,-0.08017589813060974,-0.2000620121248982,1751301.2
287627,TRANSCORP,2026-06-15,42.75,42.75,2691226,2026-06-15T15:10:02.896252+00:00,-5.000000000000004,0.0,6.62790697674418,0.0,45.11,46.075,46.54599999999999,3.05787576567303,2.8489466974896436,38.9116147185454,-0.49768178139079566,-0.23809581541271796,-0.2595859659780777,1721740.25
288503,TRANSCORP,2026-06-16,43.0,43.0,900507,2026-06-16T15:10:02.87997+00:00,0.5847953216374213,-5.000000000000004,0.10905125408942062,-3.6649214659685847,44.529999999999994,46.0625,46.446,3.0589358042123016,2.8509485897119795,40.00089453235095,-0.6424291814951957,-0.3062745724136944,-0.3361546090815013,1655799.8
289379,TRANSCORP,2026-06-17,41.0,41.0,4295461,2026-06-17T15:10:02.980097+00:00,-4.651162790697672,0.5847953216374213,2.178649237472774,0.0,43.35,45.8625,46.299,3.0739133080175565,2.9167195231213103,34.674156008075926,-0.9080582934687769,-0.4575229475098204,-0.45053534595895645,1836579.85
289817,TRANSCORP,2026-06-18,44.0,44.0,1211830,2026-06-18T15:10:02.932064+00:00,7.317073170731714,-4.651162790697672,-4.051172707889128,-2.500000000000002,43.15,45.7625,46.218999999999994,3.4876365308290023,3.1075938867671744,46.238894319644125,-0.8665077881094021,-0.33277795372035657,-0.5337298343890455,1765919.55
290401,TRANSCORP,2026-06-19,44.0,44.0,874640,2026-06-19T15:10:02.959085+00:00,0.0,7.317073170731714,0.0,-4.124860646599782,42.95,45.6125,46.099,3.44452085772952,3.0453598580371715,46.23889431964413,-0.8240792407411206,-0.23227952508166005,-0.5917997156594605,1700914.4
291131,TRANSCORP,2026-06-22,41.5,41.5,3376326,2026-06-22T15:10:03.140564+00:00,-5.681818181818176,0.0,-5.000000000000004,6.62790697674418,42.7,45.2375,45.928999999999995,3.4734465050751466,3.1418457642987803,39.483448989287865,-0.9808764843615236,-0.3112614149616504,-0.6696150693998733,1635340.35
291715,TRANSCORP,2026-06-23,43.0,43.0,3850602,2026-06-23T15:10:03.017319+00:00,3.6144578313253017,-5.681818181818176,0.5847953216374213,0.10905125408942062,42.7,44.9375,45.788999999999994,3.6070971034021833,3.1906449188055777,44.70355901546949,-0.9728871284018794,-0.24261764720160484,-0.7302694812002746,1724493.7
292299,TRANSCORP,2026-06-24,43.0,43.0,1294657,2026-06-24T15:10:03.053149+00:00,0.0,3.6144578313253017,-4.651162790697672,2.178649237472774,43.1,44.7,45.648999999999994,3.5790852584588415,3.1906449188055777,44.70355901546949,-0.9555406286796284,-0.18021691798348305,-0.7753237106961454,1625268.8
292883,TRANSCORP,2026-06-25,40.05,40.05,1056206,2026-06-25T15:10:02.973562+00:00,-6.86046511627908,0.0,7.317073170731714,-4.051172707889128,42.31,44.315,45.521,3.8509015605843127,3.180314912044038,37.354262378705776,-1.166388349653019,-0.3128517111654988,-0.8535366384875201,1641588.6
293321,TRANSCORP,2026-06-26,41.5,41.5,3035529,2026-06-26T15:10:03.012808+00:00,3.6204744069912698,-6.86046511627908,0.0,0.0,41.81,44.0025,45.42,3.973873318980129,3.2265288455389403,42.369449211176416,-1.2026207424423987,-0.2792672831639027,-0.923353459278496,1760017.45
293759,TRANSCORP,2026-06-29,41.5,41.5,846977,2026-06-29T15:10:03.028054+00:00,0.0,3.6204744069912698,-5.681818181818176,-5.000000000000004,41.81,43.69,45.291000000000004,3.973873318980129,3.1937915948612923,42.36944921117641,-1.2173028650843065,-0.2351595246446484,-0.9821433404396581,1759424.4
294197,TRANSCORP,2026-06-30,41.5,41.5,678140,2026-06-30T15:10:03.08168+00:00,0.0,0.0,3.6144578313253017,0.5847953216374213,41.510000000000005,43.464999999999996,45.162,3.910263380775394,3.1937915948612923,42.369449211176416,-1.2149335553013643,-0.18623217188936492,-1.0287013834119993,1730659.95
294635,TRANSCORP,2026-07-01,38.6,38.6,2293344,2026-07-01T15:10:03.133226+00:00,-6.987951807228909,0.0,0.0,-4.651162790697672,40.63,43.095,44.943999999999996,4.172223971363423,3.292639576674059,35.30855669594471,-1.4305708931603007,-0.32149560779864106,-1.1090752853616597,1807349.4
295073,TRANSCORP,2026-07-02,37.95,37.95,1090282,2026-07-02T15:10:03.065554+00:00,-1.6839378238341918,-6.987951807228909,-6.86046511627908,7.317073170731714,40.21,42.75,44.739000000000004,4.158591242669365,3.2825689937910836,33.94315925061824,-1.6350665750365607,-0.42079303173992066,-1.21427354329664,1805857.9
295511,TRANSCORP,2026-07-03,38.65,38.65,1973410,2026-07-03T15:10:03.019266+00:00,1.84453227931487,-1.6839378238341918,3.6204744069912698,0.0,39.64,42.5325,44.51599999999999,4.117596273955197,3.254749631064989,36.778550134514745,-1.7208102964491587,-0.4052294025220149,-1.3155808939271438,1843212.65
295949,TRANSCORP,2026-07-06,40.0,40.0,1656107,2026-07-06T15:10:03.100823+00:00,3.4928848641655907,1.84453227931487,0.0,-5.681818181818176,39.339999999999996,42.239999999999995,44.33599999999999,3.8871543070761314,3.297500306745348,41.95334074372186,-1.6606857443200127,-0.2760838803142951,-1.3846018640057176,1851286.35
296387,TRANSCORP,2026-07-07,42.45,42.45,1543105,2026-07-07T15:10:03.687653+00:00,6.125000000000003,3.4928848641655907,0.0,3.6144578313253017,39.53,42.0675,44.205,4.168147976182722,3.4222391704365047,49.95859013491483,-1.3992128246254438,-0.011688768495780932,-1.387524056129663,1877851.05
296825,TRANSCORP,2026-07-08,40.05,40.05,4124816,2026-07-08T15:10:02.922872+00:00,-5.653710247349841,6.125000000000003,-6.987951807228909,0.0,39.82,41.725,44.04599999999999,4.28853013236731,3.4985633829000986,43.61336452606274,-1.3698626701681533,0.014129108769207699,-1.383991778937361,2026246.95
297264,TRANSCORP,2026-07-09,40.1,40.1,2305582,2026-07-09T15:10:03.041812+00:00,0.12484394506866447,-5.653710247349841,-1.6839378238341918,-6.86046511627908,40.25,41.480000000000004,43.906000000000006,4.217783568451738,3.491630386622422,43.77358600143986,-1.3272679603207749,0.04537905489326888,-1.3726470152140438,2094628.15
297702,TRANSCORP,2026-07-10,40.5,40.5,7198236,2026-07-10T15:10:03.284445+00:00,0.9975062344139696,0.12484394506866447,1.84453227931487,3.6204744069912698,40.620000000000005,41.255,43.776,4.229760413175077,3.4961661933114025,45.11714248958226,-1.2468616439409743,0.10062829701845555,-1.3474899409594299,2314849.15
298140,TRANSCORP,2026-07-13,39.5,39.5,2442237,2026-07-13T15:10:02.995074+00:00,-2.4691358024691357,0.9975062344139696,3.4928848641655907,0.0,40.52,41.0925,43.658,4.12265550614186,3.4813481689391144,42.39002464221036,-1.249428072487376,0.07844949477764307,-1.3278775672650192,2302399.7
298578,TRANSCORP,2026-07-14,40.5,40.5,1156802,2026-07-14T15:10:03.094441+00:00,2.5316455696202445,-2.4691358024691357,6.125000000000003,0.0,40.129999999999995,40.9675,43.528,4.167715695794,3.4623488476458477,45.910946488920665,-1.1574282307788621,0.1363594691889256,-1.2937876999677878,2315214.45
299016,TRANSCORP,2026-07-15,43.0,43.0,2888045,2026-07-15T15:10:03.078609+00:00,6.172839506172845,2.5316455696202445,-5.653710247349841,-6.987951807228909,40.720000000000006,41.0675,43.498000000000005,4.26315686246494,3.499422166876926,53.553468155676306,-0.8727283179784209,0.33684750559149346,-1.2095758235699143,2244843.65
299454,TRANSCORP,2026-07-16,42.65,42.65,2680501,2026-07-16T15:10:03.113936+00:00,-0.8139534883720989,6.172839506172845,0.12484394506866447,-1.6839378238341918,41.23,41.0,43.49099999999999,3.936479304269705,3.467825076706736,52.436417095475875,-0.6676474368045291,0.4335427094123083,-1.1011901462168374,2318277.2
299892,TRANSCORP,2026-07-17,42.65,42.65,1341908,2026-07-17T15:10:03.053983+00:00,0.0,-0.8139534883720989,0.9975062344139696,1.84453227931487,41.66,40.9325,43.483999999999995,3.936479304269705,3.467825076706736,52.43641709547589,-0.4993630149525714,0.48146170501141283,-0.9808247199639842,2341640.6
