id,symbol,trade_date,open_price,close_price,volume,created_at,returns_pct,lag_return1,lag_return5,lag_return10,stock_MA_5,stock_MA_20,stock_MA_50,returns_volatility_20,returns_volatility_50,stock_RSI,MACD,MACD_hist,MACD_signal,stock_volume_MA_20
225924,TRANSPOWER,2024-05-24,373.9,373.9,295552,2026-04-08T04:15:35.360226+00:00,0.0,0.0,0.0,0.0,373.9,373.9,372.25199999999995,0.0,2.5020521688010406,92.45234021917419,1.0746976145412077,-0.5525702594683874,1.6272678740095952,371306.55
226042,TRANSPOWER,2024-05-27,373.9,373.9,9659,2026-04-08T04:15:39.562711+00:00,0.0,0.0,0.0,0.0,373.9,373.9,373.92199999999997,0.0,2.11555027251545,92.45234021917419,0.9922800974374582,-0.5079902212577097,1.5002703186951678,370686.05
226160,TRANSPOWER,2024-05-28,373.9,373.9,12812,2026-04-08T04:15:41.894674+00:00,0.0,0.0,0.0,0.0,373.9,373.9,375.01199999999994,0.0,1.6169855406364415,92.45234021917418,0.9163999333540573,-0.4670963082728885,1.3834962416269458,347787.0
226278,TRANSPOWER,2024-05-29,373.9,373.9,14779,2026-04-08T04:15:44.435333+00:00,0.0,0.0,0.0,0.0,373.9,373.9,375.464,0.0,0.81964647466408,92.45234021917419,0.846506358264719,-0.42959190668978153,1.2760982649545005,342996.55
226396,TRANSPOWER,2024-05-30,373.9,373.9,8643,2026-04-08T04:15:46.695543+00:00,0.0,0.0,0.0,0.0,373.9,373.9,375.916,0.0,0.81964647466408,92.45234021917419,0.7820996386561205,-0.39519890103870403,1.1772985396948246,241114.5
226514,TRANSPOWER,2024-05-31,373.9,373.9,22564,2026-04-08T04:15:48.909252+00:00,0.0,0.0,0.0,0.0,373.9,373.9,376.018,0.0,0.42576826801346634,92.45234021917418,0.7227257171547308,-0.3636582580320751,1.0863839751868059,238686.5
226632,TRANSPOWER,2024-06-03,373.9,373.9,20684,2026-04-08T04:15:53.203965+00:00,0.0,0.0,0.0,0.0,373.9,373.9,375.94,0.0,0.24522488222430358,92.45234021917419,0.6679714969794759,-0.33472998256586406,1.00270147954534,237718.1
226750,TRANSPOWER,2024-06-04,373.9,373.9,278916,2026-04-08T04:15:55.456464+00:00,0.0,0.0,0.0,0.0,373.9,373.9,375.818,0.0,0.2293258359408017,92.45234021917418,0.6174606806372935,-0.30819263912643713,0.9256533197637307,234303.6
226868,TRANSPOWER,2024-06-05,373.9,373.9,154839,2026-04-08T04:15:57.839545+00:00,0.0,0.0,0.0,0.0,373.9,373.9,375.69599999999997,0.0,0.2293258359408017,92.4523402191742,0.5708500902764513,-0.2838425835898235,0.8546926738662748,197999.05
226986,TRANSPOWER,2024-06-06,373.9,373.9,22707,2026-04-08T04:16:00.091412+00:00,0.0,0.0,0.0,0.0,373.9,373.9,375.574,0.0,0.2293258359408017,92.45234021917418,0.527826407341081,-0.26149301322015506,0.789319420561236,194403.4
227104,TRANSPOWER,2024-06-07,373.9,373.9,803089,2026-04-08T04:16:02.294722+00:00,0.0,0.0,0.0,0.0,373.9,373.9,375.39399999999995,0.0,0.19866240061143783,92.45234021917419,0.4881032778920371,-0.24097291413535915,0.7290761920273963,211064.4
227222,TRANSPOWER,2024-06-10,373.9,373.9,228883,2026-04-08T04:16:06.655303+00:00,0.0,0.0,0.0,0.0,373.9,373.9,375.212,0.0,0.19849952395758233,92.45234021917419,0.45141873740755045,-0.22212596369587667,0.6735447011034271,219511.3
227340,TRANSPOWER,2024-06-11,373.9,373.9,29990,2026-04-08T04:16:09.027942+00:00,0.0,0.0,0.0,0.0,373.9,373.9,375.0299999999999,0.0,0.19849952395758233,92.45234021917419,0.417532915234176,-0.20480942869540097,0.622342343929577,159293.15
227458,TRANSPOWER,2024-06-13,373.9,373.9,143243,2026-04-08T04:16:12.454757+00:00,0.0,0.0,0.0,0.0,373.9,373.9,374.84799999999996,0.0,0.19849952395758233,92.45234021917419,0.386225984297937,-0.188893087705312,0.575119072003249,119731.7
227576,TRANSPOWER,2024-06-14,373.9,373.9,94445,2026-04-08T04:16:14.762224+00:00,0.0,0.0,0.0,0.0,373.9,373.9,374.746,0.0,0.13688734505257957,92.45234021917418,0.357296326335927,-0.17425819653385755,0.5315545228697846,122250.3
227694,TRANSPOWER,2024-06-20,373.9,373.9,73948,2026-04-08T04:16:22.365263+00:00,0.0,0.0,0.0,0.0,373.9,373.9,374.64399999999995,0.0,0.13688734505257957,92.45234021917419,0.3305588868918221,-0.16079650878237,0.4913553956741921,125186.4
227812,TRANSPOWER,2024-06-21,373.9,373.9,95782,2026-04-08T04:16:24.740936+00:00,0.0,0.0,0.0,0.0,373.9,373.9,374.582,0.0,0.11628811786091639,92.45234021917418,0.3058436977331098,-0.14840935835286584,0.45425305608597566,127196.5
227930,TRANSPOWER,2024-06-24,373.9,373.9,14260,2026-04-08T04:16:29.101951+00:00,0.0,0.0,0.0,0.0,373.9,373.9,374.5199999999999,0.0,0.11628811786091639,92.45234021917419,0.2829945472785198,-0.13700680704596468,0.4200013543244845,126267.05
228048,TRANSPOWER,2024-06-25,373.9,373.9,32678,2026-04-08T04:16:31.430939+00:00,0.0,0.0,0.0,0.0,373.9,373.9,374.45799999999997,0.0,0.11628811786091639,92.45234021917418,0.2618677821385518,-0.1265068577487462,0.388374639887298,120008.45
228166,TRANSPOWER,2024-06-26,373.9,373.9,37503,2026-04-08T04:16:33.77834+00:00,0.0,0.0,0.0,0.0,373.9,373.9,374.39599999999996,0.0,0.11628811786091639,92.45234021917419,0.24233122503869708,-0.11683473187888077,0.35916595691757786,119748.8
228284,TRANSPOWER,2024-06-27,373.9,373.9,308653,2026-04-08T04:16:36.13415+00:00,0.0,0.0,0.0,0.0,373.9,373.9,374.33399999999995,0.0,0.11628811786091639,92.45234021917419,0.22426319625634505,-0.10792220852898626,0.3321854047853313,120403.85
228402,TRANSPOWER,2024-06-28,373.9,373.9,21439,2026-04-08T04:16:38.472674+00:00,0.0,0.0,0.0,0.0,373.9,373.9,374.272,0.0,0.11628811786091639,92.45234021917419,0.2075516273099538,-0.09970702198030201,0.3072586492902558,120992.85
228520,TRANSPOWER,2024-07-01,373.9,373.9,13905,2026-04-08T04:16:42.881798+00:00,0.0,0.0,0.0,0.0,373.9,373.9,374.2099999999999,0.0,0.11628811786091639,92.45234021917419,0.1920932570264995,-0.09213231381100506,0.28422557083750455,121047.5
228638,TRANSPOWER,2024-07-02,373.9,373.9,15398,2026-04-08T04:16:45.256647+00:00,0.0,0.0,0.0,0.0,373.9,373.9,374.14799999999997,0.0,0.11628811786091639,92.45234021917419,0.1777929013112498,-0.08514613562100382,0.2629390369322536,121078.45
228756,TRANSPOWER,2024-07-03,373.9,373.9,87943,2026-04-08T04:16:47.732339+00:00,0.0,0.0,0.0,0.0,373.9,373.9,374.0859999999999,0.0,0.11628811786091639,92.45234021917418,0.16456278898380106,-0.07870099835876207,0.24326378734256313,125043.45
228874,TRANSPOWER,2024-07-04,373.9,373.9,16237,2026-04-08T04:16:50.22378+00:00,0.0,0.0,0.0,0.0,373.9,373.9,374.02399999999994,0.0,0.11628811786091639,92.45234021917419,0.15232195694392203,-0.07275346431891289,0.22507542126283492,124727.1
228992,TRANSPOWER,2024-07-05,373.9,373.9,3025888,2026-04-08T04:16:52.679645+00:00,0.0,0.0,0.0,0.0,373.9,373.9,373.962,0.0,0.11628811786091639,92.45234021917419,0.1409956987139367,-0.0672637780391186,0.20825947675305528,274987.3
229110,TRANSPOWER,2024-07-08,373.9,373.9,87205,2026-04-08T04:16:57.375145+00:00,0.0,0.0,0.0,0.0,373.9,373.9,373.9,0.0,0.11628811786091639,92.45234021917418,0.13051506108399735,-0.06219553253524637,0.19271059361924373,265401.75
229228,TRANSPOWER,2024-07-09,373.9,373.9,118630978,2026-04-08T04:16:59.679545+00:00,0.0,0.0,0.0,0.0,373.9,373.9,373.9,0.0,0.0,92.45234021917419,0.12081638418209195,-0.05751536754972142,0.17833175173181337,6189208.7
229346,TRANSPOWER,2024-07-10,373.9,373.9,328320,2026-04-08T04:17:02.104038+00:00,0.0,0.0,0.0,0.0,373.9,373.9,373.9,0.0,0.0,92.45234021917419,0.11184088080676702,-0.05319269674003707,0.1650335775468041,6204489.35
229464,TRANSPOWER,2024-07-11,373.9,373.9,1379387,2026-04-08T04:17:04.804273+00:00,0.0,0.0,0.0,0.0,373.9,373.9,373.9,0.0,0.0,92.45234021917418,0.10353425131546601,-0.04919946098507047,0.15273371230053648,6233304.25
229582,TRANSPOWER,2024-07-12,373.9,373.9,77898,2026-04-08T04:17:07.071694+00:00,0.0,0.0,0.0,0.0,373.9,373.9,373.9,0.0,0.0,92.45234021917419,0.0958463307588886,-0.045509905233318326,0.14135623599220692,6225755.0
229700,TRANSPOWER,2024-07-15,373.9,373.9,152858,2026-04-08T04:17:11.418935+00:00,0.0,0.0,0.0,0.0,373.9,373.9,373.9,0.0,0.0,92.45234021917418,0.08873076529988566,-0.04210037655385701,0.13083114185374267,6231898.4
229818,TRANSPOWER,2024-07-16,373.9,373.9,209756,2026-04-08T04:17:13.920176+00:00,0.0,0.0,0.0,0.0,373.9,373.9,373.9,0.0,0.0,92.45234021917419,0.08214471526451916,-0.038949141271378815,0.12109385653589798,6235224.05
229936,TRANSPOWER,2024-07-17,373.9,373.9,91806,2026-04-08T04:17:16.239817+00:00,0.0,0.0,0.0,0.0,373.9,373.9,373.9,0.0,0.0,92.45234021917419,0.07604858244178558,-0.036036219275289924,0.11208480171707551,6235092.1
230054,TRANSPOWER,2024-07-18,373.9,373.9,134156,2026-04-08T04:17:18.614364+00:00,0.0,0.0,0.0,0.0,373.9,373.9,373.9,0.0,0.0,92.45234021917419,0.07040575949014283,-0.03334323378154615,0.10374899327168897,6238102.5
230172,TRANSPOWER,2024-07-19,373.9,373.9,245668,2026-04-08T04:17:20.923419+00:00,0.0,0.0,0.0,0.0,373.9,373.9,373.9,0.0,0.0,92.45234021917419,0.06518239951958549,-0.030853275001682792,0.09603567452126828,6245596.8
230290,TRANSPOWER,2024-07-22,373.9,373.9,44981,2026-04-08T04:17:25.185516+00:00,0.0,0.0,0.0,0.0,373.9,373.9,373.9,0.0,0.0,92.45234021917419,0.06034720410656291,-0.02855077633176431,0.08889798043832722,6247132.85
230408,TRANSPOWER,2024-07-23,373.9,373.9,77779,2026-04-08T04:17:27.655924+00:00,0.0,0.0,0.0,0.0,373.9,373.9,373.9,0.0,0.0,92.45234021917419,0.05587122816632473,-0.026421401817601997,0.08229262998392672,6249387.9
230526,TRANSPOWER,2024-07-24,373.9,373.9,28834,2026-04-08T04:17:30.124258+00:00,0.0,0.0,0.0,0.0,373.9,373.9,373.9,0.0,0.0,92.45234021917419,0.05172770025689033,-0.024451943781629126,0.07617964403851946,6248954.45
230644,TRANSPOWER,2024-07-25,373.9,373.9,66027,2026-04-08T04:17:32.638981+00:00,0.0,0.0,0.0,0.0,373.9,373.9,373.9,0.0,0.0,92.45234021917419,0.047891857020090356,-0.022630229614743286,0.07052208663483364,6236823.15
230762,TRANSPOWER,2024-07-26,373.9,373.9,30820925,2026-04-08T04:17:35.101122+00:00,0.0,0.0,0.0,0.0,373.9,373.9,373.9,0.0,0.0,92.4523402191742,0.04434079058643192,-0.020945036838721384,0.0652858274251533,7776797.45
230880,TRANSPOWER,2024-07-29,373.9,373.9,37996,2026-04-08T04:17:40.103977+00:00,0.0,0.0,0.0,0.0,373.9,373.9,373.9,0.0,0.0,92.45234021917419,0.041053307875301925,-0.019386015639881113,0.06043932351518304,7778002.0
230998,TRANSPOWER,2024-07-30,373.9,373.9,15921,2026-04-08T04:17:43.080384+00:00,0.0,0.0,0.0,0.0,373.9,373.9,373.9,0.0,0.0,92.45234021917419,0.03800980081814487,-0.017943618157630542,0.05595341897577541,7778028.15
231116,TRANSPOWER,2024-07-31,373.9,373.9,8321,2026-04-08T04:17:45.61458+00:00,0.0,0.0,0.0,0.0,373.9,373.9,373.9,0.0,0.0,92.4523402191742,0.03519212661876736,-0.016609033885606445,0.051801160504373805,7774047.05
231234,TRANSPOWER,2024-08-01,373.9,373.9,8834,2026-04-08T04:17:47.950902+00:00,0.0,0.0,0.0,0.0,373.9,373.9,373.9,0.0,0.0,92.45234021917419,0.03258349724183063,-0.01537413061003455,0.04795762785186518,7773676.9
231352,TRANSPOWER,2024-08-02,373.9,373.9,7359,2026-04-08T04:17:50.372085+00:00,0.0,0.0,0.0,0.0,373.9,373.9,373.9,0.0,0.0,92.45234021917419,0.03016837739107814,-0.014231400368629639,0.04439977775970778,7622750.45
231470,TRANSPOWER,2024-08-05,373.9,373.9,40796,2026-04-08T04:17:54.929581+00:00,0.0,0.0,0.0,0.0,373.9,373.9,373.9,0.0,0.0,92.45234021917419,0.027932390301259602,-0.013173909966758539,0.04110630026801814,7620430.0
231588,TRANSPOWER,2024-08-06,373.9,373.9,34636,2026-04-08T04:17:57.472912+00:00,0.0,0.0,0.0,0.0,373.9,373.9,373.9,0.0,0.0,92.45234021917419,0.025862230726033886,-0.012195255633587407,0.03805748635962129,1690612.9
231706,TRANSPOWER,2024-08-07,372.4,372.4,966051,2026-04-08T04:17:59.948734+00:00,-0.40117678523668987,0.0,0.0,0.0,373.6,373.82499999999993,373.86999999999995,0.08970585627840726,0.05673496505909653,18.16977483751803,-0.0957125351033028,-0.10701601717033928,0.011303482067036477,1722499.45
231824,TRANSPOWER,2024-08-08,372.4,372.4,17166,2026-04-08T04:18:02.36647+00:00,0.0,-0.40117678523668987,0.0,0.0,373.29999999999995,373.75,373.84,0.08970585627840726,0.05673496505909653,18.16977483751803,-0.18987267887155213,-0.16094092875087088,-0.028931750120681242,1654388.4
231942,TRANSPOWER,2024-08-09,372.4,372.4,25582,2026-04-08T04:18:04.674683+00:00,0.0,0.0,0.0,0.0,373.0,373.67499999999995,373.81,0.08970585627840726,0.05673496505909653,18.169774837518027,-0.2614810800703822,-0.18603946395976073,-0.07544161611062143,1651772.6
232060,TRANSPOWER,2024-08-12,372.4,372.4,74297,2026-04-08T04:18:08.918743+00:00,0.0,0.0,0.0,0.0,372.69999999999993,373.6,373.78,0.08970585627840726,0.05673496505909653,18.16977483751803,-0.31460468693472876,-0.19133045665928586,-0.1232742302754429,1647844.55
232178,TRANSPOWER,2024-08-13,372.4,372.4,18084,2026-04-08T04:18:11.387792+00:00,0.0,0.0,0.0,0.0,372.4,373.525,373.75,0.08970585627840726,0.05673496505909653,18.169774837518027,-0.35264050784627443,-0.18349302205666523,-0.1691474857896092,1638260.95
232296,TRANSPOWER,2024-08-14,372.4,372.4,24131,2026-04-08T04:18:13.859526+00:00,0.0,0.0,-0.40117678523668987,0.0,372.4,373.44999999999993,373.7199999999999,0.08970585627840726,0.05673496505909653,18.16977483751803,-0.37842195718900484,-0.1674195771195165,-0.21100238006948835,1634877.2
232414,TRANSPOWER,2024-08-15,372.4,372.4,7974,2026-04-08T04:18:16.357381+00:00,0.0,0.0,0.0,0.0,372.4,373.375,373.69,0.08970585627840726,0.05673496505909653,18.16977483751803,-0.3943085974753444,-0.14664497392468484,-0.24766362355065957,1628568.1
232532,TRANSPOWER,2024-08-16,372.4,372.4,15389,2026-04-08T04:18:18.692447+00:00,0.0,0.0,0.0,0.0,372.4,373.3,373.66,0.08970585627840726,0.05673496505909653,18.169774837518027,-0.40226185015006877,-0.12367858127952736,-0.2785832688705414,1617054.15
232650,TRANSPOWER,2024-08-19,372.4,372.4,156535,2026-04-08T04:18:23.063194+00:00,0.0,0.0,0.0,0.0,372.4,373.22499999999997,373.63,0.08970585627840726,0.05673496505909653,18.16977483751803,-0.40390885039209934,-0.10026046521724635,-0.303648385174853,1622631.85
232768,TRANSPOWER,2024-08-20,372.4,372.4,136839,2026-04-08T04:18:25.366221+00:00,0.0,0.0,0.0,0.0,372.4,373.15,373.6,0.08970585627840726,0.05673496505909653,18.16977483751803,-0.40059628533509795,-0.07755832012819597,-0.323037965206902,1625584.85
232886,TRANSPOWER,2024-08-21,372.4,372.4,111023,2026-04-08T04:18:27.861334+00:00,0.0,0.0,0.0,-0.40117678523668987,372.4,373.07499999999993,373.56999999999994,0.08970585627840726,0.05673496505909653,18.16977483751803,-0.3934357709989058,-0.05631824463360302,-0.3371175263653028,1629694.3
233004,TRANSPOWER,2024-08-22,372.4,372.4,66664,2026-04-08T04:18:30.156184+00:00,0.0,0.0,0.0,0.0,372.4,373.0,373.54,0.08970585627840726,0.05673496505909653,18.169774837518027,-0.383342082889385,-0.03697964521926578,-0.3463624376701192,1629726.15
233122,TRANSPOWER,2024-08-23,372.4,372.4,6705,2026-04-08T04:18:32.497978+00:00,0.0,0.0,0.0,0.0,372.4,372.925,373.50999999999993,0.08970585627840726,0.05673496505909653,18.16977483751803,-0.3710653519444236,-0.019762331419443502,-0.3513030205249801,89015.15
233240,TRANSPOWER,2024-08-26,335.2,335.2,130393,2026-04-08T04:18:37.19542+00:00,-9.98925886143931,0.0,0.0,0.0,364.9599999999999,370.98999999999995,372.736,2.2307442440805416,1.4126759406790776,0.34142058741873105,-3.3247395330906784,-2.3787492100525585,-0.9459903230381198,93635.0
233358,TRANSPOWER,2024-08-27,335.2,335.2,161991,2026-04-08T04:18:39.561091+00:00,0.0,-9.98925886143931,0.0,0.0,357.52,369.05499999999995,371.962,2.2307442440805416,1.4126759406790776,0.34142058741873105,-5.60098295668854,-3.723994106920336,-1.8769888497682041,100938.5
233476,TRANSPOWER,2024-08-28,335.2,335.2,36252,2026-04-08T04:18:42.048567+00:00,0.0,0.0,0.0,0.0,350.08,367.11999999999995,371.18799999999993,2.2307442440805416,1.4126759406790776,0.34142058741873105,-7.320535690770214,-4.3548374728016075,-2.9656982179686064,102335.05
233594,TRANSPOWER,2024-08-29,335.2,335.2,8273,2026-04-08T04:18:44.36768+00:00,0.0,0.0,0.0,0.0,342.64,365.185,370.414,2.2307442440805416,1.4126759406790776,0.341420587418731,-8.584338708175835,-4.494912392165783,-4.089426316010052,102307.0
233712,TRANSPOWER,2024-09-02,335.2,335.2,61976,2026-04-08T04:18:49.632285+00:00,0.0,0.0,0.0,0.0,335.2,363.25,369.63999999999993,2.2307442440805416,1.4126759406790776,0.3414205874187311,-9.476670545651189,-4.309795383712909,-5.16687516193828,105037.85
233830,TRANSPOWER,2024-09-03,335.2,335.2,44473,2026-04-08T04:18:52.389232+00:00,0.0,0.0,-9.98925886143931,0.0,335.2,361.31499999999994,368.866,2.2307442440805416,1.4126759406790776,0.34142058741873105,-10.067794685603076,-3.920735618931836,-6.14705906667124,105221.7
233948,TRANSPOWER,2024-09-04,335.2,335.2,632643,2026-04-08T04:18:54.875674+00:00,0.0,0.0,0.0,0.0,335.2,359.38,368.092,2.2307442440805416,1.4126759406790776,0.34142058741873105,-10.416193431313502,-3.4153074917138095,-7.0008859395996925,135122.05
234066,TRANSPOWER,2024-09-05,335.2,335.2,61551,2026-04-08T04:18:57.763256+00:00,0.0,0.0,0.0,0.0,335.2,357.52,367.318,2.2336661859020452,1.4126759406790776,0.34142058741873105,-10.570452352524626,-2.855653130339947,-7.714799222184679,89897.05
234184,TRANSPOWER,2024-09-06,335.2,335.2,72573,2026-04-08T04:19:00.536712+00:00,0.0,0.0,0.0,0.0,335.2,355.65999999999997,366.54400000000004,2.2336661859020452,1.4126759406790776,0.3414205874187311,-10.570849486208317,-2.28484021121891,-8.286009274989407,92667.4
234302,TRANSPOWER,2024-09-09,301.7,301.7,1381523,2026-04-08T04:19:05.495104+00:00,-9.994033412887827,0.0,0.0,0.0,328.5,352.125,365.0999999999999,3.0753638890613026,1.9769921892167024,0.125449674193437,-13.123059781986626,-3.8696404055977744,-9.253419376388852,160464.45
234420,TRANSPOWER,2024-09-10,301.7,301.7,6612970,2026-04-08T04:19:08.070871+00:00,0.0,-9.994033412887827,0.0,-9.98925886143931,321.8,348.59000000000003,363.656,3.0753638890613026,1.9769921892167024,0.12544967419343697,-14.973104204240428,-4.575747862281261,-10.397356341959167,487398.1
234538,TRANSPOWER,2024-09-11,301.7,301.7,374131,2026-04-08T04:19:10.663572+00:00,0.0,0.0,0.0,0.0,315.1,345.05499999999995,362.212,3.0753638890613026,1.9769921892167024,0.12544967419343697,-16.251935541285548,-4.683663359461104,-11.568272181824444,505200.45
234656,TRANSPOWER,2024-09-12,301.7,301.7,164907,2026-04-08T04:19:13.371302+00:00,0.0,0.0,0.0,0.0,308.4,341.52,360.768,3.0753638890613026,1.9769921892167024,0.125449674193437,-17.068661682374625,-4.400311600440144,-12.66835008193448,512239.25
234774,TRANSPOWER,2024-09-13,301.7,301.7,167796,2026-04-08T04:19:16.033041+00:00,0.0,0.0,0.0,0.0,301.7,337.98499999999996,359.324,3.0753638890613026,1.9769921892167024,0.125449674193437,-17.514032172602583,-3.8765456725344816,-13.637486500068102,520230.35
234892,TRANSPOWER,2024-09-17,301.7,301.7,496580,2026-04-08T04:19:22.824888+00:00,0.0,0.0,-9.994033412887827,0.0,301.7,334.45,357.87999999999994,3.0753638890613026,1.9769921892167024,0.12544967419343697,-17.66337905614182,-3.2207140448589744,-14.442665011282847,544289.9
235010,TRANSPOWER,2024-09-18,301.7,301.7,90584,2026-04-08T04:19:25.915955+00:00,0.0,0.0,0.0,0.0,301.7,330.915,356.436,3.0753638890613026,1.9769921892167024,0.12544967419343697,-17.579096653716533,-2.5091453139469486,-15.069951339769585,540992.35
235128,TRANSPOWER,2024-09-19,301.7,301.7,238946,2026-04-08T04:19:28.330134+00:00,0.0,0.0,0.0,0.0,301.7,327.38,354.99199999999996,3.0753638890613026,1.9769921892167024,0.12544967419343697,-17.312731846645818,-1.7942244055009855,-15.518507441144832,546097.7
235246,TRANSPOWER,2024-09-20,301.7,301.7,54149,2026-04-08T04:19:30.82066+00:00,0.0,0.0,0.0,0.0,301.7,323.84499999999997,353.548,3.0753638890613026,1.9769921892167024,0.12544967419343692,-16.906745381315204,-1.1105903521362972,-15.796155029178907,543254.0
235364,TRANSPOWER,2024-09-23,301.7,301.7,77213,2026-04-08T04:19:35.29526+00:00,0.0,0.0,0.0,0.0,301.7,320.31,352.10400000000004,3.0753638890613026,1.9769921892167024,0.12544967419343694,-16.395995354274817,-0.4798722600767267,-15.91612309419809,543781.45
235482,TRANSPOWER,2024-09-24,301.7,301.7,1180308,2026-04-08T04:19:37.629736+00:00,0.0,0.0,0.0,-9.994033412887827,301.7,316.775,350.6599999999999,3.0753638890613026,1.9769921892167024,0.12544967419343694,-15.808986126772822,0.08570957394021583,-15.894695700713038,602461.6
235600,TRANSPOWER,2024-09-25,301.7,301.7,282028,2026-04-08T04:19:40.096992+00:00,0.0,0.0,0.0,0.0,301.7,315.1,349.216,2.23473380806214,1.9769921892167024,0.12544967419343694,-15.168919226288097,0.5806211795399552,-15.749540405828052,610043.35
235718,TRANSPOWER,2024-09-26,301.7,301.7,51829,2026-04-08T04:19:42.676048+00:00,0.0,0.0,0.0,0.0,301.7,313.425,347.772,2.23473380806214,1.9769921892167024,0.12544967419343692,-14.494577133585949,1.0039706177936836,-15.498547751379633,604535.25
235836,TRANSPOWER,2024-09-27,301.7,301.7,161703,2026-04-08T04:19:45.342636+00:00,0.0,0.0,0.0,0.0,301.7,311.75,346.32800000000003,2.23473380806214,1.9769921892167024,0.12544967419343692,-13.801066067980742,1.357985346719115,-15.159051414699857,610807.8
235954,TRANSPOWER,2024-09-30,301.7,301.7,396249,2026-04-08T04:19:50.223917+00:00,0.0,0.0,0.0,0.0,301.7,310.07499999999993,344.884,2.23473380806214,1.9769921892167024,0.12544967419343694,-13.100439836318742,1.6468892627048923,-14.747329099023634,630206.6
236072,TRANSPOWER,2024-10-02,301.7,301.7,510576,2026-04-08T04:19:53.821423+00:00,0.0,0.0,0.0,0.0,301.7,308.4,343.43999999999994,2.23473380806214,1.9769921892167024,0.12544967419343694,-12.402223388876223,1.8760845681179301,-14.278307956994153,652636.6
236190,TRANSPOWER,2024-10-03,301.7,301.7,970951,2026-04-08T04:19:56.203135+00:00,0.0,0.0,0.0,0.0,301.7,306.725,341.996,2.23473380806214,1.9769921892167024,0.12544967419343694,-11.71385183160504,2.0515649003112912,-13.765416731916332,698960.5
236308,TRANSPOWER,2024-10-04,301.7,301.7,43998,2026-04-08T04:19:58.634737+00:00,0.0,0.0,0.0,0.0,301.7,305.05,340.55199999999996,2.23473380806214,1.9769921892167024,0.12544967419343694,-11.041038197485364,2.179502827544777,-13.22054102503014,669528.25
236426,TRANSPOWER,2024-10-07,301.7,301.7,464996,2026-04-08T04:20:03.05432+00:00,0.0,0.0,0.0,0.0,301.7,303.375,339.108,2.23473380806214,1.9769921892167024,0.12544967419343694,-10.388081211237932,2.2659678510337677,-12.6540490622717,689700.5
236544,TRANSPOWER,2024-10-08,301.7,301.7,220053,2026-04-08T04:20:05.535519+00:00,0.0,0.0,0.0,0.0,301.7,301.7,337.664,2.23473380806214,1.9769921892167024,0.12544967419343694,-9.758122532995799,2.3167412234207205,-12.07486375641652,697074.5
236662,TRANSPOWER,2024-10-10,301.7,301.7,103962,2026-04-08T04:20:08.855054+00:00,0.0,0.0,0.0,0.0,301.7,301.7,336.2199999999999,0.0,1.9769921892167024,0.12544967419343694,-9.15336148841294,2.3372018144028637,-11.490563302815804,633196.45
236780,TRANSPOWER,2024-10-11,301.7,301.7,50916,2026-04-08T04:20:11.460237+00:00,0.0,0.0,0.0,0.0,301.7,301.7,334.776,0.0,1.9769921892167024,0.12544967419343694,-8.57523404335899,2.3322634075654527,-10.907497450924442,305093.75
236899,TRANSPOWER,2024-10-14,301.7,301.7,191086,2026-04-08T04:20:16.284622+00:00,0.0,0.0,0.0,0.0,301.7,301.7,333.332,0.0,1.9769921892167024,0.12544967419343694,-8.024561725514957,2.3063485803275885,-10.330910305842545,295941.5
237018,TRANSPOWER,2024-10-15,301.7,301.7,135969,2026-04-08T04:20:18.84933+00:00,0.0,0.0,0.0,0.0,301.7,301.7,331.888,0.0,1.9769921892167024,0.12544967419343694,-7.501675302981653,2.263388002288716,-9.765063305270369,294494.6
237137,TRANSPOWER,2024-10-17,330.9,330.9,521266,2026-04-08T04:20:23.389134+00:00,9.67848856479947,0.0,0.0,0.0,307.54,303.15999999999997,331.02799999999996,2.164175835034599,2.4378299140568185,76.58245849703371,-4.677172546831912,4.0703126067507664,-8.747485153582678,312168.1
237256,TRANSPOWER,2024-10-18,359.9,359.9,1188594,2026-04-08T04:20:26.17489+00:00,8.763977032336046,9.67848856479947,0.0,0.0,319.17999999999995,306.07,330.74799999999993,2.8421101080302944,2.7487731810609657,87.12452239243714,-0.09755161199279883,6.919946833271904,-7.017498445264703,346768.8
237375,TRANSPOWER,2024-10-21,359.9,359.9,130123,2026-04-08T04:20:30.541886+00:00,0.0,8.763977032336046,0.0,0.0,330.82,308.97999999999996,330.468,2.8421101080302944,2.7487731810609657,87.12452239243714,3.4915821872343145,8.407264505999215,-4.9156823187649,348745.75
237494,TRANSPOWER,2024-10-22,359.9,359.9,39474,2026-04-08T04:20:32.890604+00:00,0.0,0.0,0.0,0.0,342.46,311.89,330.18799999999993,2.8421101080302944,2.7487731810609657,87.12452239243714,6.263791492187352,8.943579048761801,-2.67978755657445,338772.15
237613,TRANSPOWER,2024-10-23,359.9,359.9,24654,2026-04-08T04:20:35.186729+00:00,0.0,0.0,0.0,0.0,354.1,314.8,329.93799999999993,2.8421101080302944,2.748279416638586,87.12452239243714,8.364368110117084,8.835324533353226,-0.4709564232361432,337297.4
237732,TRANSPOWER,2024-10-24,359.9,359.9,220848,2026-04-08T04:20:37.740613+00:00,0.0,0.0,9.67848856479947,0.0,359.9,317.71,329.68799999999993,2.8421101080302944,2.748279416638586,87.12452239243714,9.914798587297128,8.308604008426617,1.606194578870511,344479.15
237851,TRANSPOWER,2024-10-25,359.9,359.9,51102,2026-04-08T04:20:40.222387+00:00,0.0,0.0,8.763977032336046,0.0,359.9,320.62,329.43799999999993,2.8421101080302944,2.748279416638586,87.12452239243713,11.016534162440564,7.5282716668560425,3.488262495584522,288018.85
237970,TRANSPOWER,2024-10-28,359.9,359.9,35117,2026-04-08T04:20:44.742576+00:00,0.0,0.0,0.0,0.0,359.9,323.53,329.18800000000005,2.8421101080302944,2.748279416638586,87.12452239243714,11.754172756499486,6.612728208731971,5.141444547767515,275673.3
238089,TRANSPOWER,2024-10-29,359.9,359.9,63179,2026-04-08T04:20:47.136244+00:00,0.0,0.0,0.0,0.0,359.9,326.43999999999994,328.93800000000005,2.8421101080302944,2.748279416638586,87.12452239243714,12.198144045217987,5.645359597960377,6.55278444725761,276240.8
238208,TRANSPOWER,2024-10-30,359.9,359.9,31878,2026-04-08T04:20:49.405969+00:00,0.0,0.0,0.0,0.0,359.9,329.35,328.68799999999993,2.8421101080302944,2.748279416638586,87.12452239243713,12.406974609938004,4.683352130144315,7.723622479793689,269749.55
238327,TRANSPOWER,2024-10-31,359.9,359.9,34401,2026-04-08T04:20:51.756515+00:00,0.0,0.0,0.0,9.67848856479947,359.9,332.26,328.43799999999993,2.8421101080302944,2.748279416638586,87.12452239243714,12.42919827620085,3.7644606371257296,8.66473763907512,251657.15
238446,TRANSPOWER,2024-11-01,359.9,359.9,4217,2026-04-08T04:20:54.1075+00:00,0.0,0.0,0.0,8.763977032336046,359.9,335.16999999999996,328.18799999999993,2.8421101080302944,2.748279416638586,87.12452239243714,12.304966695338976,2.912183245011084,9.392783450327892,226339.2
238565,TRANSPOWER,2024-11-04,359.9,359.9,30691,2026-04-08T04:20:58.471072+00:00,0.0,0.0,0.0,0.0,359.9,338.08,327.93799999999993,2.8421101080302944,2.748279416638586,87.12452239243713,12.067406719503083,2.1396986153401514,9.927708104162932,179326.2
238684,TRANSPOWER,2024-11-05,359.9,359.9,11185,2026-04-08T04:21:01.00344+00:00,0.0,0.0,0.0,0.0,359.9,340.98999999999995,327.68800000000005,2.8421101080302944,2.748279416638586,87.12452239243713,11.743763926816825,1.452844658123114,10.290919268693711,177685.55
238803,TRANSPOWER,2024-11-06,359.9,359.9,24898,2026-04-08T04:21:03.585377+00:00,0.0,0.0,0.0,0.0,359.9,343.9,327.43799999999993,2.8421101080302944,2.748279416638586,87.12452239243713,11.356365568708668,0.8523570400119649,10.504008528696703,155680.65
238922,TRANSPOWER,2024-11-07,359.9,359.9,8012,2026-04-08T04:21:06.256351+00:00,0.0,0.0,0.0,0.0,359.9,346.81,327.188,2.8421101080302944,2.748279416638586,87.12452239243713,10.92343106513431,0.3355380291500829,10.587893035984226,145078.6
239041,TRANSPOWER,2024-11-08,359.9,359.9,1026972,2026-04-08T04:21:08.623134+00:00,0.0,0.0,0.0,0.0,359.9,349.71999999999997,326.938,2.8421101080302944,2.748279416638586,87.12452239243713,10.459753820850892,-0.10251137210666705,10.56226519295756,191229.1
239160,TRANSPOWER,2024-11-11,359.9,359.9,80214,2026-04-08T04:21:12.782875+00:00,0.0,0.0,0.0,0.0,359.9,352.63,327.43199999999996,2.8421101080302944,2.3427422360878687,87.12452239243714,9.977274454864073,-0.4679925904747897,10.445267045338863,192694.0
239279,TRANSPOWER,2024-11-12,359.9,359.9,108696,2026-04-08T04:21:15.417322+00:00,0.0,0.0,0.0,0.0,359.9,355.53999999999996,327.926,2.8421101080302944,2.3427422360878687,87.12452239243713,9.485562422197916,-0.7677636985127592,10.253326120710675,188574.5
239398,TRANSPOWER,2024-11-13,359.9,359.9,100743,2026-04-08T04:21:17.790166+00:00,0.0,0.0,0.0,0.0,359.9,358.45,328.42,2.8421101080302944,2.3427422360878687,87.12452239243713,8.9922203746994,-1.00888459680902,10.00110497150842,186813.2
239517,TRANSPOWER,2024-11-14,359.9,359.9,24958,2026-04-08T04:21:20.354873+00:00,0.0,0.0,0.0,0.0,359.9,359.9,328.914,1.9596848397550268,2.3427422360878687,87.12452239243714,8.50322338164841,-1.1983052718880085,9.70152865353642,161997.8
239636,TRANSPOWER,2024-11-15,359.9,359.9,67626,2026-04-08T04:21:22.90937+00:00,0.0,0.0,0.0,0.0,359.9,359.9,329.40799999999996,0.0,2.3427422360878687,87.12452239243714,8.023203248840389,-1.3426603237568244,9.365863572597213,105949.4
239755,TRANSPOWER,2024-11-18,359.9,359.9,54642,2026-04-08T04:21:27.576358+00:00,0.0,0.0,0.0,0.0,359.9,359.9,329.902,0.0,2.3427422360878687,87.12452239243713,7.5556865835482085,-1.4481415912392048,9.003828174787413,102175.35
239874,TRANSPOWER,2024-11-19,359.9,359.9,6651,2026-04-08T04:21:29.868433+00:00,0.0,0.0,0.0,0.0,359.9,359.9,330.39599999999996,0.0,2.3427422360878687,87.12452239243711,7.103293907509567,-1.5204274138222775,8.623721321331844,100534.2
239993,TRANSPOWER,2024-11-20,359.9,359.9,34605,2026-04-08T04:21:32.433299+00:00,0.0,0.0,0.0,0.0,359.9,359.9,330.89,0.0,2.3427422360878687,87.12452239243713,6.667905982892364,-1.5646522707515853,8.23255825364395,101031.75
240112,TRANSPOWER,2024-11-21,359.9,359.9,8646,2026-04-08T04:21:34.755564+00:00,0.0,0.0,0.0,0.0,359.9,359.9,331.384,0.0,2.3427422360878687,87.12452239243713,6.250802554968402,-1.5854045589404384,7.8362071139088405,90421.65
240231,TRANSPOWER,2024-11-22,359.9,359.9,16901,2026-04-08T04:21:37.514754+00:00,0.0,0.0,0.0,0.0,359.9,359.9,332.54799999999994,0.0,1.827666872116856,87.12452239243713,5.852777902834532,-1.5867433688594472,7.439521271693979,88711.6
240350,TRANSPOWER,2024-11-25,359.9,359.9,13922,2026-04-08T04:21:41.818387+00:00,0.0,0.0,0.0,0.0,359.9,359.9,333.712,0.0,1.827666872116856,87.12452239243713,5.474236902982341,-1.5722274949693116,7.046464397951652,87651.85
240469,TRANSPOWER,2024-11-26,359.9,359.9,91469,2026-04-08T04:21:44.163824+00:00,0.0,0.0,0.0,0.0,359.9,359.9,334.876,0.0,1.827666872116856,87.12452239243714,5.115274730414569,-1.5449517340296666,6.660226464444236,89066.35
240588,TRANSPOWER,2024-11-27,359.9,359.9,62394,2026-04-08T04:21:46.720727+00:00,0.0,0.0,0.0,0.0,359.9,359.9,336.04,0.0,1.827666872116856,87.12452239243713,4.775742831902278,-1.5075869060335672,6.283329737935845,90592.15
240707,TRANSPOWER,2024-11-28,359.9,359.9,7201,2026-04-08T04:21:49.110263+00:00,0.0,0.0,0.0,0.0,359.9,359.9,337.20399999999995,0.0,1.827666872116856,87.12452239243714,4.455303391963639,-1.4624210767777654,5.917724468741405,89232.15
240826,TRANSPOWER,2024-12-02,359.9,359.9,16487,2026-04-08T04:21:54.88401+00:00,0.0,0.0,0.0,0.0,359.9,359.9,338.36800000000005,0.0,1.827666872116856,87.12452239243714,4.153474162473572,-1.4114002450142662,5.564874407487838,89845.65
240945,TRANSPOWER,2024-12-03,359.9,359.9,54162,2026-04-08T04:21:57.640504+00:00,0.0,0.0,0.0,0.0,359.9,359.9,339.532,0.0,1.827666872116856,87.12452239243713,3.869665231534441,-1.3561673407627177,5.225832572297159,91019.2
241064,TRANSPOWER,2024-12-04,359.9,359.9,28085,2026-04-08T04:21:59.930228+00:00,0.0,0.0,0.0,0.0,359.9,359.9,340.69599999999997,0.0,1.827666872116856,87.12452239243714,3.6032090579321903,-1.2980988114919754,4.901307869424166,91864.2
241183,TRANSPOWER,2024-12-06,359.9,359.9,3010193,2026-04-08T04:22:03.392712+00:00,0.0,0.0,0.0,0.0,359.9,359.9,341.86,0.0,1.827666872116856,87.12452239243713,3.3533848870707743,-1.238338385882713,4.591723272953487,241128.95
241302,TRANSPOWER,2024-12-09,359.9,359.9,28234,2026-04-08T04:22:07.745808+00:00,0.0,0.0,0.0,0.0,359.9,359.9,343.02399999999994,0.0,1.827666872116856,87.12452239243713,3.119438486685624,-1.1778278290142907,4.297266315699915,242140.05
241421,TRANSPOWER,2024-12-10,359.9,359.9,4139,2026-04-08T04:22:10.112253+00:00,0.0,0.0,0.0,0.0,359.9,359.9,344.18800000000005,0.0,1.827666872116856,87.12452239243713,2.9005979908090467,-1.1173346599126948,4.017932650721741,190998.4
241540,TRANSPOWER,2024-12-11,359.9,359.9,2558,2026-04-08T04:22:12.639548+00:00,0.0,0.0,0.0,0.0,359.9,359.9,345.352,0.0,1.827666872116856,87.12452239243713,2.696086514087426,-1.0574769093074523,3.7535634233948785,187115.6
241659,TRANSPOWER,2024-12-12,359.9,359.9,16960,2026-04-08T04:22:15.033357+00:00,0.0,0.0,0.0,0.0,359.9,359.9,346.51599999999996,0.0,1.827666872116856,87.12452239243714,2.505132091994085,-0.9987450651206351,3.50387715711472,182528.8
241778,TRANSPOWER,2024-12-13,359.9,359.9,52952,2026-04-08T04:22:17.509919+00:00,0.0,0.0,0.0,0.0,359.9,359.9,347.68,0.0,1.827666872116856,87.12452239243713,2.3269754126674798,-0.9415213955577926,3.2684968082252723,180139.25
241897,TRANSPOWER,2024-12-16,359.9,359.9,31551,2026-04-08T04:22:22.499781+00:00,0.0,0.0,0.0,0.0,359.9,359.9,348.84399999999994,0.0,1.827666872116856,87.12452239243714,2.1608757304295523,-0.8860968622365761,3.0469725926661284,180468.9
242016,TRANSPOWER,2024-12-17,359.9,359.9,21483,2026-04-08T04:22:24.995572+00:00,0.0,0.0,0.0,0.0,359.9,359.9,350.00800000000004,0.0,1.827666872116856,87.12452239243713,2.0061152873037713,-0.8326858442898857,2.838801131593657,178161.75
242135,TRANSPOWER,2024-12-18,359.9,359.9,68599,2026-04-08T04:22:27.498126+00:00,0.0,0.0,0.0,0.0,359.9,359.9,351.17199999999997,0.0,1.827666872116856,87.12452239243713,1.862002515198867,-0.7814388931158325,2.6434414083146995,178859.6
242254,TRANSPOWER,2024-12-19,359.9,359.9,1041913,2026-04-08T04:22:29.868083+00:00,0.0,0.0,0.0,0.0,359.9,359.9,352.336,0.0,1.827666872116856,87.12452239243713,1.7278742462825107,-0.732453729625751,2.4603279759082617,230622.7
242373,TRANSPOWER,2024-12-20,359.9,359.9,3295665,2026-04-08T04:22:32.392508+00:00,0.0,0.0,0.0,0.0,359.9,359.9,353.49999999999994,0.0,1.827666872116856,87.12452239243713,1.6030971211055771,-0.6857846838421477,2.288881804947725,393675.7
242492,TRANSPOWER,2024-12-23,359.9,359.9,1177844,2026-04-08T04:22:36.740311+00:00,0.0,0.0,0.0,0.0,359.9,359.9,354.66399999999993,0.0,1.827666872116856,87.12452239243714,1.487068352136646,-0.6414507622488634,2.1285191143855093,452135.6
242611,TRANSPOWER,2024-12-24,359.9,359.9,67203,2026-04-08T04:22:39.25804+00:00,0.0,0.0,0.0,0.0,359.9,359.9,355.82800000000003,0.0,1.827666872116856,87.12452239243714,1.3792159735753557,-0.5994425126481231,1.9786584862234788,454650.7
242730,TRANSPOWER,2024-12-27,359.9,359.9,2019292,2026-04-08T04:22:43.946119+00:00,0.0,0.0,0.0,0.0,359.9,359.9,356.99199999999996,0.0,1.827666872116856,87.12452239243714,1.2789986858299471,-0.5597278403148256,1.8387265261447727,554919.2
242848,TRANSPOWER,2024-12-31,359.9,359.9,18665,2026-04-08T04:22:48.665239+00:00,0.0,0.0,0.0,0.0,359.9,359.9,358.156,0.0,1.827666872116856,87.12452239243713,1.1859053841965306,-0.5222569135585937,1.7081622977551243,551279.0
242966,TRANSPOWER,2025-01-02,359.9,359.9,25223,2026-04-08T04:22:52.256438+00:00,0.0,0.0,0.0,0.0,359.9,359.9,359.31999999999994,0.0,1.827666872116856,87.12452239243714,1.099454445490096,-0.48696628181202284,1.586420727302119,549420.45
243084,TRANSPOWER,2025-01-03,359.9,359.9,38137,2026-04-08T04:22:55.101113+00:00,0.0,0.0,0.0,0.0,359.9,359.9,359.9,0.0,1.2394135179455938,87.12452239243713,1.0191928331646523,-0.4537823153099736,1.4729751484746259,550967.25
243202,TRANSPOWER,2025-01-06,359.9,359.9,7445,2026-04-08T04:23:00.046313+00:00,0.0,0.0,0.0,0.0,359.9,359.9,359.9,0.0,0.0,87.12452239243713,0.9446950704235064,-0.4226240624408957,1.367319132864402,550515.15
243320,TRANSPOWER,2025-01-07,359.9,359.9,157454,2026-04-08T04:23:02.329348+00:00,0.0,0.0,0.0,0.0,359.9,359.9,359.9,0.0,0.0,87.12452239243713,0.8755621216043323,-0.393405609008056,1.2689677306123883,555679.75
243438,TRANSPOWER,2025-01-08,359.9,359.9,36913,2026-04-08T04:23:04.632968+00:00,0.0,0.0,0.0,0.0,359.9,359.9,359.9,0.0,0.0,87.12452239243713,0.8114202144485034,-0.36603801293110805,1.1774582273796115,556121.15
243556,TRANSPOWER,2025-01-09,359.9,359.9,310516,2026-04-08T04:23:06.908261+00:00,0.0,0.0,0.0,0.0,359.9,359.9,359.9,0.0,0.0,87.12452239243713,0.7519196294751396,-0.34043087832357743,1.092350507798717,421137.3
243674,TRANSPOWER,2025-01-10,359.9,359.9,330724,2026-04-08T04:23:09.304805+00:00,0.0,0.0,0.0,0.0,359.9,359.9,359.9,0.0,0.0,87.12452239243713,0.696733477379496,-0.31649362433537687,1.0132271017148728,436261.8
243792,TRANSPOWER,2025-01-13,359.9,359.9,59007,2026-04-08T04:23:13.790041+00:00,0.0,0.0,0.0,0.0,359.9,359.9,359.9,0.0,0.0,87.12452239243713,0.6455564809812131,-0.29413649658692786,0.939692977568141,439005.2
243910,TRANSPOWER,2025-01-14,359.9,359.9,71062,2026-04-08T04:23:16.129929+00:00,0.0,0.0,0.0,0.0,359.9,359.9,359.9,0.0,0.0,87.12452239243713,0.5981037746180959,-0.27327136236003613,0.8713751369781321,442430.4
244028,TRANSPOWER,2025-01-15,324.0,324.0,267747,2026-04-08T04:23:18.535433+00:00,-9.974993053626003,0.0,0.0,0.0,352.71999999999997,358.10499999999996,359.18199999999996,2.2304762542995946,1.4106770461015308,2.2298351856878527,-2.309707932926983,-2.544866455924092,0.23515852299710904,454969.75
244146,TRANSPOWER,2025-01-16,324.0,324.0,721246,2026-04-08T04:23:20.834867+00:00,0.0,-9.974993053626003,0.0,0.0,345.53999999999996,356.31,358.46399999999994,2.2304762542995946,1.4106770461015308,2.229835185687853,-4.561586530770853,-3.83739604301437,-0.7241904877564835,488384.45
244264,TRANSPOWER,2025-01-17,324.0,324.0,192077,2026-04-08T04:23:23.141674+00:00,0.0,0.0,0.0,0.0,338.36,354.515,357.746,2.2304762542995946,1.4106770461015308,2.229835185687853,-6.273894987420363,-4.439763599731103,-1.8341313876892595,496410.75
244382,TRANSPOWER,2025-01-20,324.0,324.0,93251,2026-04-08T04:23:27.482452+00:00,0.0,0.0,0.0,0.0,331.17999999999995,352.71999999999997,357.02799999999996,2.2304762542995946,1.4106770461015308,2.2298351856878527,-7.54394981827204,-4.567854744466224,-2.9760950738058156,499999.15
244500,TRANSPOWER,2025-01-21,324.0,324.0,56339,2026-04-08T04:23:29.752731+00:00,0.0,0.0,0.0,0.0,324.0,350.925,356.31,2.2304762542995946,1.4106770461015308,2.2298351856878527,-8.453036083830796,-4.381552808019984,-4.071483275810811,499386.15
244618,TRANSPOWER,2025-01-22,324.0,324.0,381401,2026-04-08T04:23:32.235559+00:00,0.0,0.0,-9.974993053626003,0.0,324.0,349.13,355.592,2.2304762542995946,1.4106770461015308,2.229835185687853,-9.06895226244427,-3.997975189306767,-5.070977073137503,466360.55
244736,TRANSPOWER,2025-01-23,324.0,324.0,322702,2026-04-08T04:23:34.519549+00:00,0.0,0.0,0.0,0.0,324.0,347.335,354.87399999999997,2.2304762542995946,1.4106770461015308,2.229835185687853,-9.448157789706158,-3.501744573254924,-5.946413216451234,317712.4
244854,TRANSPOWER,2025-01-24,349.8,349.8,477054,2026-04-08T04:23:37.097992+00:00,7.962962962962972,0.0,0.0,0.0,329.16,346.83000000000004,354.67199999999997,2.926349012489979,1.8229170403711066,55.07729081676965,-7.579465165313593,-1.306441559089886,-6.273023606223707,282672.9
244972,TRANSPOWER,2025-01-27,349.8,349.8,458488,2026-04-08T04:23:41.817807+00:00,0.0,7.962962962962972,0.0,0.0,334.32000000000005,346.32499999999993,354.47,2.926349012489979,1.8229170403711066,55.07729081676965,-6.029014075942598,0.1952076242248877,-6.224221700167486,302237.15
245090,TRANSPOWER,2025-01-28,349.8,349.8,126630,2026-04-08T04:23:44.43679+00:00,0.0,0.0,0.0,0.0,339.48,345.82,354.26800000000003,2.926349012489979,1.8229170403711066,55.07729081676965,-4.74556648084058,1.1829241754615252,-5.928490656302105,207604.05
245208,TRANSPOWER,2025-01-30,349.8,349.8,504098,2026-04-08T04:23:47.90788+00:00,0.0,0.0,0.0,-9.974993053626003,344.64,345.315,354.066,2.926349012489979,1.8229170403711066,55.07729081676964,-3.6859358410217737,1.7940438522242657,-5.479979693246039,231875.7
245326,TRANSPOWER,2025-01-31,349.8,349.8,504098,2026-04-08T04:23:50.425841+00:00,0.0,0.0,0.0,0.0,349.8,344.81,353.8639999999999,2.926349012489979,1.8229170403711066,55.077290816769654,-2.81373592844551,2.132995011840424,-4.946730940285934,255819.45
245444,TRANSPOWER,2025-02-03,349.8,349.8,104213,2026-04-08T04:23:55.090801+00:00,0.0,0.0,7.962962962962972,0.0,349.8,344.305,353.662,2.926349012489979,1.8229170403711066,55.07729081676965,-2.098323051886382,2.278726310719642,-4.377049362606024,259123.25
245562,TRANSPOWER,2025-02-04,349.8,349.8,182819,2026-04-08T04:23:57.584141+00:00,0.0,0.0,0.0,0.0,349.8,343.8,353.46,2.926349012489979,1.8229170403711066,55.07729081676964,-1.5139018745037447,2.2905179904818236,-3.8044198649855683,267891.95
245680,TRANSPOWER,2025-02-05,349.8,349.8,28166,2026-04-08T04:24:00.484627+00:00,0.0,0.0,0.0,0.0,349.8,343.29499999999996,353.25800000000004,2.926349012489979,1.8229170403711066,55.07729081676964,-1.0387695916597863,2.212520218660626,-3.2512898103204124,261427.55
245798,TRANSPOWER,2025-02-06,349.8,349.8,22883,2026-04-08T04:24:04.153698+00:00,0.0,0.0,0.0,0.0,349.8,342.79,353.056,2.926349012489979,1.8229170403711066,55.07729081676964,-0.6546771239995337,2.077290149056703,-2.7319672730562368,260726.05
245916,TRANSPOWER,2025-02-07,349.8,349.8,33769,2026-04-08T04:24:07.822728+00:00,0.0,0.0,0.0,0.0,349.8,342.28499999999997,352.8539999999999,2.926349012489979,1.8229170403711066,55.07729081676965,-0.3462892690064905,1.9085424032397968,-2.2548316722462873,246888.7
246034,TRANSPOWER,2025-02-10,349.8,349.8,48402,2026-04-08T04:24:13.163899+00:00,0.0,0.0,0.0,7.962962962962972,349.8,341.78000000000003,352.652,2.926349012489979,1.8229170403711066,55.07729081676964,-0.10072853624546951,1.7232825088006543,-1.8240110450461238,232772.6
246152,TRANSPOWER,2025-02-11,349.8,349.8,16958,2026-04-08T04:24:15.629092+00:00,0.0,0.0,0.0,0.0,349.8,341.27500000000003,352.45,2.926349012489979,1.8229170403711066,55.07729081676964,0.09281025479231175,1.5334570398707486,-1.4406467850784368,230670.15
246270,TRANSPOWER,2025-02-12,364.9,364.9,846927,2026-04-08T04:24:18.226035+00:00,4.316752429959969,0.0,0.0,0.0,352.82000000000005,341.525,352.55,3.0888426537928377,1.9242670600949003,74.61740755250668,1.4479439485706962,2.3108725869193063,-0.8629286383486102,269463.4
246388,TRANSPOWER,2025-02-13,364.9,364.9,22222,2026-04-08T04:24:20.725749+00:00,0.0,4.316752429959969,0.0,0.0,355.84000000000003,343.57,352.65,1.9802121123030965,1.9242670600949003,74.61740755250666,2.493157595279399,2.6848689869024076,-0.19171139162300832,257187.15
246506,TRANSPOWER,2025-02-14,364.9,364.9,19798,2026-04-08T04:24:23.300806+00:00,0.0,0.0,0.0,0.0,358.86,345.615,352.74999999999994,1.9802121123030965,1.9242670600949003,74.61740755250668,3.283645123666247,2.780285212231404,0.5033599114348428,222114.75
246624,TRANSPOWER,2025-02-17,364.9,364.9,43104,2026-04-08T04:24:27.726986+00:00,0.0,0.0,0.0,0.0,361.88,347.65999999999997,352.85,1.9802121123030965,1.9242670600949003,74.61740755250666,3.865552502047194,2.689754072489881,1.1757984295573132,214666.1
246742,TRANSPOWER,2025-02-18,364.9,364.9,43698,2026-04-08T04:24:30.295737+00:00,0.0,0.0,0.0,0.0,364.9,349.705,352.95,1.9802121123030965,1.9242670600949003,74.61740755250666,4.277410960869361,2.481290025049638,1.7961209358197228,212188.45
246860,TRANSPOWER,2025-02-19,364.9,364.9,58605,2026-04-08T04:24:32.765887+00:00,0.0,0.0,4.316752429959969,0.0,364.9,351.75,353.05,1.9802121123030965,1.9242670600949003,74.61740755250666,4.5513466655206685,2.2041805837607567,2.347166081759912,212301.75
246978,TRANSPOWER,2025-02-20,364.9,364.9,14588,2026-04-08T04:24:35.351909+00:00,0.0,0.0,0.0,0.0,364.9,353.79499999999996,353.15,1.9802121123030965,1.9242670600949003,74.61740755250668,4.714101457876836,1.8935483008935394,2.820553156983297,193961.1
247096,TRANSPOWER,2025-02-21,364.9,364.9,24098,2026-04-08T04:24:37.680479+00:00,0.0,0.0,0.0,0.0,364.9,355.84000000000003,353.24999999999994,1.9802121123030965,1.9242670600949003,74.61740755250666,4.787893942396636,1.5738726283306708,3.214021314065965,179030.9
247214,TRANSPOWER,2025-02-25,364.9,364.9,1015125,2026-04-08T04:24:43.419296+00:00,0.0,0.0,0.0,0.0,364.9,356.59499999999997,353.35,0.9652551875427899,1.9242670600949003,74.61740755250666,4.79114567309,1.2616994872192278,3.529446185870772,205934.45
247332,TRANSPOWER,2025-02-26,364.9,364.9,2083303,2026-04-08T04:24:45.860894+00:00,0.0,0.0,0.0,0.0,364.9,357.35,353.45,0.9652551875427899,1.9242670600949003,74.61740755250666,4.739093374652157,0.9677177510251074,3.7713756236270495,287175.2
247450,TRANSPOWER,2025-02-27,364.9,364.9,1344257,2026-04-08T04:24:48.27846+00:00,0.0,0.0,0.0,4.316752429959969,364.9,358.105,353.55,0.9652551875427899,1.9242670600949003,74.61740755250666,4.6443048972475935,0.6983434188964353,3.9459614783511583,348056.55
247568,TRANSPOWER,2025-02-28,364.9,364.9,3491196,2026-04-08T04:24:50.63724+00:00,0.0,0.0,0.0,0.0,364.9,358.86,353.65,0.9652551875427899,1.9242670600949003,74.61740755250668,4.517113869113018,0.4569219126094879,4.06019195650353,497411.45
247686,TRANSPOWER,2025-03-03,364.9,364.9,43127,2026-04-08T04:24:55.222854+00:00,0.0,0.0,0.0,0.0,364.9,359.61499999999995,353.74999999999994,0.9652551875427899,1.9242670600949003,74.61740755250668,4.365985697564611,0.24463499284886403,4.121350704715747,474362.9
247804,TRANSPOWER,2025-03-04,364.9,364.9,1067562,2026-04-08T04:24:57.762887+00:00,0.0,0.0,0.0,0.0,364.9,360.37,353.85,0.9652551875427899,1.9242670600949003,74.61740755250668,4.197825612191195,0.06117992598035826,4.136645686210837,522530.35
247923,TRANSPOWER,2025-03-05,364.9,364.9,2197947,2026-04-08T04:25:00.108696+00:00,0.0,0.0,0.0,0.0,364.9,361.125,353.95,0.9652551875427899,1.9242670600949003,74.61740755250666,4.018237789038835,-0.0947263177376021,4.112964106776437,623286.75
248042,TRANSPOWER,2025-03-06,364.9,364.9,2442,2026-04-08T04:25:02.52336+00:00,0.0,0.0,0.0,0.0,364.9,361.88,354.05,0.9652551875427899,1.9242670600949003,74.61740755250666,3.8317431949560614,-0.22497672945630143,4.056719924412363,622000.55
248161,TRANSPOWER,2025-03-07,364.9,364.9,2466,2026-04-08T04:25:04.19753+00:00,0.0,0.0,0.0,0.0,364.9,362.635,354.15,0.9652551875427899,1.9242670600949003,74.61740755250666,3.6419626076268514,-0.3318058534284094,3.973768461055261,620979.7
248280,TRANSPOWER,2025-03-10,364.9,364.9,23518,2026-04-08T04:25:07.959889+00:00,0.0,0.0,0.0,0.0,364.9,363.39,354.25,0.9652551875427899,1.9242670600949003,74.61740755250666,3.4517702659002225,-0.41759855612403074,3.8693688220242533,620467.15
248399,TRANSPOWER,2025-03-11,364.9,364.9,12184,2026-04-08T04:25:10.446731+00:00,0.0,0.0,0.0,0.0,364.9,364.145,354.35,0.9652551875427899,1.9242670600949003,74.61740755250666,3.2634227586682982,-0.4847568506847644,3.7481796093530626,618656.25
248518,TRANSPOWER,2025-03-12,364.9,364.9,7835,2026-04-08T04:25:12.888859+00:00,0.0,0.0,0.0,0.0,364.9,364.9,354.45,0.9652551875427899,1.9242670600949003,74.61740755250668,3.078667044926192,-0.5356100515414965,3.6142770964676885,618200.1
248637,TRANSPOWER,2025-03-13,364.9,364.9,13805,2026-04-08T04:25:15.353849+00:00,0.0,0.0,0.0,0.0,364.9,364.9,354.55,0.0,1.9242670600949003,74.61740755250668,2.898830892621959,-0.5723569630765839,3.4711878556985427,576544.0
248756,TRANSPOWER,2025-03-14,364.9,364.9,4294,2026-04-08T04:25:17.75152+00:00,0.0,0.0,0.0,0.0,364.9,364.9,354.65,0.0,1.9242670600949003,74.61740755250665,2.724898512410732,-0.5970314746302487,3.321929987040981,575647.6
248875,TRANSPOWER,2025-03-17,364.9,364.9,8742,2026-04-08T04:25:23.327657+00:00,0.0,0.0,0.0,0.0,364.9,364.9,354.75,0.0,1.9242670600949003,74.61740755250666,2.5575737300525816,-0.6114850055907199,3.1690587356433015,575094.8
248994,TRANSPOWER,2025-03-18,364.9,364.9,38739,2026-04-08T04:25:25.763099+00:00,0.0,0.0,0.0,0.0,364.9,364.9,354.85,0.0,1.9242670600949003,74.61740755250666,2.3973326757258064,-0.6173808479339966,3.014713523659803,574876.55
249113,TRANSPOWER,2025-03-19,364.9,364.9,10421881,2026-04-08T04:25:28.144043+00:00,0.0,0.0,0.0,0.0,364.9,364.9,354.94999999999993,0.0,1.9242670600949003,74.61740755250666,2.2444676596494446,-0.616196691208287,2.8606643508577316,1093785.7
249232,TRANSPOWER,2025-03-20,364.9,364.9,2309,2026-04-08T04:25:31.01834+00:00,0.0,0.0,0.0,0.0,364.9,364.9,355.05,0.0,1.9242670600949003,74.61740755250666,2.0991236423857345,-0.6092325667775977,2.708356209163332,1090970.9
249351,TRANSPOWER,2025-03-21,364.9,364.9,1896809,2026-04-08T04:25:33.389958+00:00,0.0,0.0,0.0,0.0,364.9,364.9,355.15,0.0,1.9242670600949003,74.61740755250666,1.9613284876362513,-0.5976221772216648,2.558950664857916,1185081.95
249470,TRANSPOWER,2025-03-24,364.9,364.9,146210,2026-04-08T04:25:38.388993+00:00,0.0,0.0,0.0,0.0,364.9,364.9,355.25,0.0,1.9242670600949003,74.61740755250666,1.8310179990132838,-0.5823461326757062,2.41336413168899,1191187.55
249589,TRANSPOWER,2025-03-25,364.9,364.9,2486,2026-04-08T04:25:40.7685+00:00,0.0,0.0,0.0,0.0,364.9,364.9,355.35,0.0,1.9242670600949003,74.61740755250666,1.7080565848611968,-0.5642460374622345,2.2723026223234313,1140555.6
249708,TRANSPOWER,2025-03-26,364.9,364.9,40894,2026-04-08T04:25:43.344812+00:00,0.0,0.0,0.0,0.0,364.9,364.9,355.44999999999993,0.0,1.9242670600949003,74.61740755250666,1.5922542622649871,-0.5440386880467551,2.1362929503117423,1038435.15
249827,TRANSPOWER,2025-03-27,364.9,364.9,608818,2026-04-08T04:25:45.817232+00:00,0.0,0.0,0.0,0.0,364.9,364.9,355.55,0.0,1.9242670600949003,74.61740755250668,1.4833805991225972,-0.5223298809513159,2.005710480073913,1001663.2
249946,TRANSPOWER,2025-03-28,364.9,364.9,7026,2026-04-08T04:25:48.177352+00:00,0.0,0.0,0.0,0.0,364.9,364.9,356.36800000000005,0.0,1.269961452801327,74.61740755250668,1.3811760983799104,-0.4996275053552024,1.8808036037351128,827454.7
250065,TRANSPOWER,2025-04-02,364.9,364.9,8615,2026-04-08T04:25:54.663823+00:00,0.0,0.0,0.0,0.0,364.9,364.9,357.186,0.0,1.269961452801327,74.61740755250668,1.2853614485287608,-0.4763537241650817,1.7617151726938425,825729.1
250184,TRANSPOWER,2025-04-03,364.9,364.9,3022,2026-04-08T04:25:57.014747+00:00,0.0,0.0,0.0,0.0,364.9,364.9,358.004,0.0,1.269961452801327,74.61740755250666,1.1956449969527512,-0.45285614059287327,1.6485011375456244,772502.1
250303,TRANSPOWER,2025-04-04,364.9,364.9,12344,2026-04-08T04:25:59.489503+00:00,0.0,0.0,0.0,0.0,364.9,364.9,358.82199999999995,0.0,1.269961452801327,74.61740755250668,1.1117287457526572,-0.42941791343437385,1.541146659187031,663221.95
250422,TRANSPOWER,2025-04-07,364.9,364.9,5439,2026-04-08T04:26:04.211964+00:00,0.0,0.0,0.0,0.0,364.9,364.9,359.64,0.0,1.269961452801327,74.61740755250666,1.033313121641413,-0.40626683003649466,1.4395799516779078,663371.8
250541,TRANSPOWER,2025-04-08,364.9,364.9,4336,2026-04-08T04:26:06.766331+00:00,0.0,0.0,0.0,0.0,364.9,364.9,360.458,0.0,1.269961452801327,74.61740755250668,0.960100730994327,-0.3835833765468646,1.3436841075411916,663465.3
250660,TRANSPOWER,2025-04-10,364.9,364.9,5750,2026-04-08T04:26:10.263658+00:00,0.0,0.0,0.0,0.0,364.9,364.9,361.276,0.0,1.269961452801327,74.61740755250666,0.8917992770002456,-0.36150786443275695,1.2533071414330026,662576.9
250779,TRANSPOWER,2025-04-11,364.9,364.9,2485,2026-04-08T04:26:12.610372+00:00,0.0,0.0,0.0,0.0,364.9,364.9,361.57800000000003,0.0,0.6104809831856409,74.61740755250668,0.8281237870960467,-0.3401466834695648,1.1682704705656115,662091.95
250898,TRANSPOWER,2025-04-14,364.9,364.9,1249,2026-04-08T04:26:17.137975+00:00,0.0,0.0,0.0,0.0,364.9,364.9,361.87999999999994,0.0,0.6104809831856409,74.61740755250668,0.7687982746401758,-0.3195777567403486,1.0883760313805244,661762.65
251017,TRANSPOWER,2025-04-15,364.9,364.9,4423,2026-04-08T04:26:19.634971+00:00,0.0,0.0,0.0,0.0,364.9,364.9,362.18199999999996,0.0,0.6104809831856409,74.61740755250666,0.7135569383896154,-0.2998552743927272,1.0134122127823426,661293.55
251136,TRANSPOWER,2025-04-16,364.9,364.9,1773,2026-04-08T04:26:22.321337+00:00,0.0,0.0,0.0,0.0,364.9,364.9,362.48400000000004,0.0,0.6104809831856409,74.61740755250666,0.662144986188764,-0.2810137812748629,0.9431587674636269,661167.5
251255,TRANSPOWER,2025-04-17,364.9,364.9,2671,2026-04-08T04:26:24.819431+00:00,0.0,0.0,0.0,0.0,364.9,364.9,362.786,0.0,0.6104809831856409,74.61740755250666,0.6143191548497953,-0.26307169009106546,0.8773908449408607,660863.95
251374,TRANSPOWER,2025-04-22,364.9,364.9,1002422,2026-04-08T04:26:31.401152+00:00,0.0,0.0,0.0,0.0,364.9,364.9,363.088,0.0,0.6104809831856409,74.61740755250668,0.5698479860817542,-0.24603428708728514,0.8158822731690394,709048.1
251493,TRANSPOWER,2025-04-23,364.9,364.9,6781,2026-04-08T04:26:33.741411+00:00,0.0,0.0,0.0,0.0,364.9,364.9,363.38999999999993,0.0,0.6104809831856409,74.61740755250668,0.5285119081456742,-0.22989629201869222,0.7584082001643664,188293.1
251613,TRANSPOWER,2025-04-24,364.9,364.9,5764,2026-04-08T04:26:36.383131+00:00,0.0,0.0,0.0,0.0,364.9,364.9,363.69199999999995,0.0,0.6104809831856409,74.61740755250666,0.4901031643707938,-0.2146440286348581,0.7047471930056519,188465.85
251733,TRANSPOWER,2025-04-25,364.9,364.9,32413,2026-04-08T04:26:38.677219+00:00,0.0,0.0,0.0,0.0,364.9,364.9,363.994,0.0,0.6104809831856409,74.61740755250666,0.45442562250309493,-0.2002572564020456,0.6546828789051405,95246.05
251853,TRANSPOWER,2025-04-28,364.9,364.9,4221,2026-04-08T04:26:43.113614+00:00,0.0,0.0,0.0,0.0,364.9,364.9,364.296,0.0,0.6104809831856409,74.61740755250666,0.4212944928631259,-0.18671070883361174,0.6080052016967377,88146.6
251973,TRANSPOWER,2025-04-29,364.9,364.9,4766,2026-04-08T04:26:45.609073+00:00,0.0,0.0,0.0,0.0,364.9,364.9,364.598,0.0,0.6104809831856409,74.61740755250666,0.39053597826921305,-0.17397537874201974,0.5645113570112328,88260.6
252093,TRANSPOWER,2025-04-30,364.9,364.9,624927,2026-04-08T04:26:48.242472+00:00,0.0,0.0,0.0,0.0,364.9,364.9,364.9,0.0,0.6104809831856409,74.61740755250668,0.36198687449029876,-0.16201958601674726,0.524006460507046,117462.25
252213,TRANSPOWER,2025-05-02,364.9,364.9,4201,2026-04-08T04:26:51.690529+00:00,0.0,0.0,0.0,0.0,364.9,364.9,364.9,0.0,0.0,74.61740755250666,0.33549413649268445,-0.15080985921148926,0.4863039957041737,87231.4
252333,TRANSPOWER,2025-05-05,364.9,364.9,1717,2026-04-08T04:26:56.275381+00:00,0.0,0.0,0.0,0.0,364.9,364.9,364.9,0.0,0.0,74.61740755250666,0.3109144228308196,-0.1403116582986833,0.4512260811295029,86965.95
252453,TRANSPOWER,2025-05-06,364.9,364.9,6865,2026-04-08T04:26:58.7221+00:00,0.0,0.0,0.0,0.0,364.9,364.9,364.9,0.0,0.0,74.61740755250668,0.28811362810620267,-0.13048996241864025,0.4186035905248429,86878.45
252573,TRANSPOWER,2025-05-07,364.9,364.9,1898,2026-04-08T04:27:01.170235+00:00,0.0,0.0,0.0,0.0,364.9,364.9,364.9,0.0,0.0,74.61740755250666,0.2669664114062016,-0.12130974329491306,0.38827615470111465,86822.25
252693,TRANSPOWER,2025-05-08,364.9,364.9,91036,2026-04-08T04:27:03.468055+00:00,0.0,0.0,0.0,0.0,364.9,364.9,364.9,0.0,0.0,74.61740755250666,0.24735572696715735,-0.11273634218716588,0.36009206915432324,90756.85
252813,TRANSPOWER,2025-05-09,328.5,328.5,277496,2026-04-08T04:27:05.963213+00:00,-9.975335708413258,0.0,0.0,0.0,357.62,363.08,364.17199999999997,2.2305528742393066,1.4107255048062655,1.1888357194635788,-2.6745313417753778,-2.427698728743761,-0.24683261303161702,104359.7
252933,TRANSPOWER,2025-05-12,328.5,328.5,85386,2026-04-08T04:27:10.449459+00:00,0.0,-9.975335708413258,0.0,0.0,350.34000000000003,361.26,363.44399999999996,2.2305528742393066,1.4107255048062655,1.1888357194635788,-4.933280112536295,-3.7491579996037423,-1.1841221129325525,108412.2
253053,TRANSPOWER,2025-05-14,328.5,328.5,55390,2026-04-08T04:27:13.89162+00:00,0.0,0.0,0.0,0.0,343.06,359.43999999999994,362.716,2.2305528742393066,1.4107255048062655,1.1888357194635786,-6.646735359000957,-4.370090596854723,-2.2766447621462333,110894.2
253173,TRANSPOWER,2025-05-15,328.5,328.5,118948,2026-04-08T04:27:16.307455+00:00,0.0,0.0,0.0,0.0,335.78000000000003,357.62,361.98799999999994,2.2305528742393066,1.4107255048062655,1.1888357194635786,-7.913439778778127,-4.509436013305514,-3.4040037654726123,116717.35
253293,TRANSPOWER,2025-05-16,328.5,328.5,65568,2026-04-08T04:27:18.639316+00:00,0.0,0.0,0.0,0.0,328.5,355.79999999999995,361.25999999999993,2.2305528742393066,1.4107255048062655,1.1888357194635788,-8.815690366594652,-4.329349280897631,-4.4863410856970205,119933.3
253413,TRANSPOWER,2025-05-19,328.5,328.5,22845,2026-04-08T04:27:23.06518+00:00,0.0,0.0,-9.975335708413258,0.0,328.5,353.97999999999996,360.532,2.2305528742393066,1.4107255048062655,1.1888357194635786,-9.422118144894284,-3.948621647357811,-5.473496497536473,120854.4
253533,TRANSPOWER,2025-05-20,328.5,328.5,22845,2026-04-08T04:27:25.663956+00:00,0.0,0.0,0.0,0.0,328.5,352.15999999999997,359.8039999999999,2.2305528742393066,1.4107255048062655,1.1888357194635786,-9.789865057865313,-3.4530948482630723,-6.336770209602241,121908.0
253653,TRANSPOWER,2025-05-21,328.5,328.5,97913,2026-04-08T04:27:28.280255+00:00,0.0,0.0,0.0,0.0,328.5,350.34,359.07599999999996,2.2305528742393066,1.4107255048062655,1.1888357194635786,-9.966420444861228,-2.9037201882071892,-7.062700256654039,126670.1
253773,TRANSPOWER,2025-05-22,328.5,328.5,99597,2026-04-08T04:27:30.733393+00:00,0.0,0.0,0.0,0.0,328.5,348.52,358.34799999999996,2.2305528742393066,1.4107255048062655,1.1888357194635786,-9.991169874047614,-2.3427756939148594,-7.648394180132755,81528.85
253893,TRANSPOWER,2025-05-23,328.5,328.5,59422,2026-04-08T04:27:33.142895+00:00,0.0,0.0,0.0,0.0,328.5,346.7,357.61999999999995,2.2305528742393066,1.4107255048062655,1.1888357194635786,-9.89670096672586,-1.7986454292744831,-8.098055537451376,84160.9
254013,TRANSPOWER,2025-05-26,328.5,328.5,103494,2026-04-08T04:27:37.938794+00:00,0.0,0.0,0.0,-9.975335708413258,328.5,344.88,356.892,2.2305528742393066,1.4107255048062655,1.1888357194635786,-9.709903948548174,-1.2894787288774374,-8.420425219670737,89047.4
254133,TRANSPOWER,2025-05-27,328.5,328.5,10415,2026-04-08T04:27:40.395447+00:00,0.0,0.0,0.0,0.0,328.5,343.06,356.16399999999993,2.2305528742393066,1.4107255048062655,1.1888357194635786,-9.452898832328628,-0.8259788901263132,-8.626919942202315,87947.5
254253,TRANSPOWER,2025-05-28,328.5,328.5,93897,2026-04-08T04:27:42.906627+00:00,0.0,0.0,0.0,0.0,328.5,341.23999999999995,355.436,2.2305528742393066,1.4107255048062655,1.1888357194635786,-9.143816204722611,-0.41351701001623553,-8.730299194706376,92431.3
254373,TRANSPOWER,2025-05-29,328.5,328.5,65708,2026-04-08T04:27:45.903166+00:00,0.0,0.0,0.0,0.0,328.5,339.41999999999996,354.70799999999997,2.2305528742393066,1.4107255048062655,1.1888357194635786,-8.79745441722821,-0.05372417801746643,-8.743730239210743,95478.4
254493,TRANSPOWER,2025-05-30,328.5,328.5,157860,2026-04-08T04:27:48.4452+00:00,0.0,0.0,0.0,0.0,328.5,337.6,353.9799999999999,2.2305528742393066,1.4107255048062655,1.1888357194635786,-8.425832453610326,0.2543182284803329,-8.680150682090659,72125.05
254613,TRANSPOWER,2025-06-02,328.5,328.5,139828,2026-04-08T04:27:53.01382+00:00,0.0,0.0,0.0,0.0,328.5,335.78,353.25199999999995,2.2305528742393066,1.4107255048062655,1.1888357194635786,-8.038654761845748,0.5131967361959298,-8.551851498041678,78906.4
254733,TRANSPOWER,2025-06-03,328.5,328.5,84670,2026-04-08T04:27:55.368454+00:00,0.0,0.0,0.0,0.0,328.5,333.96,352.52399999999994,2.2305528742393066,1.4107255048062655,1.1888357194635784,-7.643701815171596,0.7265197462960664,-8.370221561467662,83054.05
254853,TRANSPOWER,2025-06-04,328.5,328.5,77460,2026-04-08T04:27:57.94541+00:00,0.0,0.0,0.0,0.0,328.5,332.14,351.796,2.2305528742393066,1.4107255048062655,1.1888357194635786,-7.247158032846528,0.8984508228969084,-8.145608855743436,86583.8
254973,TRANSPOWER,2025-06-05,328.5,328.5,84266,2026-04-08T04:28:00.320696+00:00,0.0,0.0,0.0,0.0,328.5,330.32,351.068,2.2305528742393066,1.4107255048062655,1.1888357194635788,-6.8538868867759675,1.0333775751739758,-7.887264461949943,90702.2
255093,TRANSPOWER,2025-06-10,328.5,328.5,99116,2026-04-08T04:28:07.114795+00:00,0.0,0.0,0.0,0.0,328.5,328.5,350.34,2.2305528742393066,1.4107255048062655,1.1888357194635786,-6.467661494421236,1.1356823740229656,-7.603343868444202,91106.2
255213,TRANSPOWER,2025-06-11,328.5,328.5,82101,2026-04-08T04:28:09.38594+00:00,0.0,0.0,0.0,0.0,328.5,328.5,349.61199999999997,0.0,1.4107255048062655,1.1888357194635788,-6.091357708451881,1.2095889279938579,-7.3009466364457385,81336.45
255333,TRANSPOWER,2025-06-17,295.7,295.7,2605093,2026-04-08T04:28:17.228975+00:00,-9.984779299847801,0.0,0.0,0.0,321.93999999999994,326.86,348.22799999999995,2.232664525479244,1.975539277133465,0.2284409893098769,-8.343639839576213,-0.8341545625043789,-7.509485277071834,207321.8
255453,TRANSPOWER,2025-06-18,320.0,320.0,7024626,2026-04-08T04:28:19.70912+00:00,8.217788298951634,-9.984779299847801,0.0,0.0,320.23999999999995,326.435,347.33,2.965341458399842,2.3210550906493634,39.33136642660489,-8.074702593709787,-0.4521738533103621,-7.622528740399425,555783.6
255573,TRANSPOWER,2025-06-19,320.0,320.0,109854,2026-04-08T04:28:22.276816+00:00,0.0,8.217788298951634,0.0,0.0,318.53999999999996,326.01,346.43199999999996,2.965341458399842,2.3210550906493634,39.33136642660488,-7.771977371521473,-0.11955890489763732,-7.6524184666238355,555328.9
255693,TRANSPOWER,2025-06-20,320.0,320.0,342624,2026-04-08T04:28:24.65394+00:00,0.0,0.0,0.0,0.0,316.84,325.585,345.534,2.965341458399842,2.3210550906493634,39.33136642660489,-7.446229948194173,0.1649508147437304,-7.611180762937903,569181.7
255813,TRANSPOWER,2025-06-23,320.0,320.0,121821,2026-04-08T04:28:29.225711+00:00,0.0,0.0,0.0,0.0,315.14,325.15999999999997,344.63599999999997,2.965341458399842,2.3210550906493634,39.33136642660489,-7.106157409140621,0.40401868303782607,-7.5101760921784475,574130.5
255933,TRANSPOWER,2025-06-24,320.0,320.0,141200,2026-04-08T04:28:31.569579+00:00,0.0,0.0,-9.984779299847801,0.0,320.0,324.735,343.73799999999994,2.965341458399842,2.3210550906493634,39.331366426604895,-6.758736959350642,0.6011513062622447,-7.359888265612887,580048.25
256053,TRANSPOWER,2025-06-25,320.0,320.0,28069,2026-04-08T04:28:33.910697+00:00,0.0,0.0,8.217788298951634,0.0,320.0,324.31,342.84,2.965341458399842,2.3210550906493634,39.33136642660489,-6.409518806844517,0.7602955670146967,-7.1698143738592135,576556.05
256173,TRANSPOWER,2025-06-26,320.0,320.0,98496,2026-04-08T04:28:36.389223+00:00,0.0,0.0,0.0,0.0,320.0,323.885,341.94199999999995,2.965341458399842,2.3210550906493634,39.33136642660489,-6.062871891840075,0.885553985615311,-6.948425877455386,576501.0
256293,TRANSPOWER,2025-06-27,320.0,320.0,510373,2026-04-08T04:28:38.797599+00:00,0.0,0.0,0.0,0.0,320.0,323.46,341.04400000000004,2.965341458399842,2.3210550906493634,39.331366426604895,-5.722189871345563,0.9809888048878586,-6.703178676233422,599048.55
256413,TRANSPOWER,2025-07-01,320.0,320.0,14386,2026-04-08T04:28:44.517216+00:00,0.0,0.0,0.0,0.0,320.0,323.03499999999997,340.14599999999996,2.965341458399842,2.3210550906493634,39.33136642660489,-5.3900636174385,1.050492047035938,-6.440555664474438,594593.15
256533,TRANSPOWER,2025-07-02,320.0,320.0,19059,2026-04-08T04:28:47.139962+00:00,0.0,0.0,0.0,-9.984779299847801,320.0,322.61,339.24799999999993,2.965341458399842,2.3210550906493634,39.33136642660489,-5.068425514036221,1.0977041203505742,-6.166129634386795,595025.35
256653,TRANSPOWER,2025-07-03,320.0,320.0,42989,2026-04-08T04:28:49.506141+00:00,0.0,0.0,0.0,8.217788298951634,320.0,322.185,338.35,2.965341458399842,2.3210550906493634,39.33136642660489,-4.758670014059646,1.1259676962617196,-5.884637710321366,592479.95
256773,TRANSPOWER,2025-07-04,320.0,320.0,11089,2026-04-08T04:28:51.76506+00:00,0.0,0.0,0.0,0.0,320.0,321.76,337.452,2.965341458399842,2.3210550906493634,39.33136642660489,-4.461754223319474,1.138306789601514,-5.600061012920988,589749.0
256893,TRANSPOWER,2025-07-07,320.0,320.0,33289,2026-04-08T04:28:56.230166+00:00,0.0,0.0,0.0,0.0,320.0,321.335,336.55400000000003,2.965341458399842,2.3210550906493634,39.33136642660489,-4.178281689567825,1.1374234586825303,-5.3157051482503554,583520.45
257013,TRANSPOWER,2025-07-08,320.0,320.0,19220,2026-04-08T04:28:58.705995+00:00,0.0,0.0,0.0,0.0,320.0,320.90999999999997,335.656,2.965341458399842,2.3210550906493634,39.33136642660489,-3.908572078342843,1.1257064559260108,-5.034278534268854,577490.05
257133,TRANSPOWER,2025-07-09,320.0,320.0,44202,2026-04-08T04:29:01.058721+00:00,0.0,0.0,0.0,0.0,320.0,320.485,334.758,2.965341458399842,2.3210550906493634,39.331366426604895,-3.6527189974304406,1.10524762947073,-4.757966626901171,575466.65
257253,TRANSPOWER,2025-07-10,320.0,320.0,921060,2026-04-08T04:29:03.550316+00:00,0.0,0.0,0.0,0.0,320.0,320.06,333.86,2.965341458399842,2.3210550906493634,39.33136642660489,-3.410637877086799,1.0778629998514972,-4.488500876938296,617646.65
257373,TRANSPOWER,2025-07-11,320.0,320.0,304437,2026-04-08T04:29:06.089999+00:00,0.0,0.0,0.0,0.0,320.0,319.635,332.962,2.965341458399842,2.3210550906493634,39.33136642660489,-3.1821055135459346,1.0451162907138896,-4.227221804259824,628655.2
257493,TRANSPOWER,2025-07-14,320.0,320.0,190916,2026-04-08T04:29:10.69196+00:00,0.0,0.0,0.0,0.0,320.0,319.21,332.064,2.965341458399842,2.3210550906493634,39.33136642660489,-2.9667926302754495,1.0083433391874999,-3.9751359694629493,633245.2
257613,TRANSPOWER,2025-07-16,320.0,320.0,215684,2026-04-08T04:29:14.112969+00:00,0.0,0.0,0.0,0.0,320.0,318.78499999999997,331.166,2.965341458399842,2.3210550906493634,39.331366426604895,-2.7642905977384657,0.968676297379587,-3.732966895118053,639924.35
257733,TRANSPOWER,2025-07-17,320.0,320.0,660907,2026-04-08T04:29:16.489777+00:00,0.0,0.0,0.0,0.0,320.0,320.0,330.26800000000003,1.837553326115822,2.3210550906493634,39.33136642660489,-2.574133271987421,0.9270668985045054,-3.5012001704919262,542715.05
257853,TRANSPOWER,2025-07-18,320.0,320.0,150356,2026-04-08T04:29:18.854517+00:00,0.0,0.0,0.0,0.0,320.0,320.0,329.37,0.0,2.3210550906493634,39.33136642660489,-2.3958147601085216,0.8843083283067239,-3.2801230884152455,199001.55
257973,TRANSPOWER,2025-07-21,320.0,320.0,65012,2026-04-08T04:29:23.300994+00:00,0.0,0.0,0.0,0.0,320.0,320.0,328.47200000000004,0.0,2.3210550906493634,39.33136642660489,-2.228803791997052,0.8410554371345547,-3.0698592291316067,196759.45
258093,TRANSPOWER,2025-07-22,320.0,320.0,236536,2026-04-08T04:29:25.922592+00:00,0.0,0.0,0.0,0.0,320.0,320.0,327.57399999999996,0.0,2.3210550906493634,39.331366426604895,-2.0725552694938187,0.7978431677102304,-2.870398437204049,191455.05
258213,TRANSPOWER,2025-07-23,320.0,320.0,138376,2026-04-08T04:29:29.05968+00:00,0.0,0.0,0.0,0.0,320.0,320.0,326.676,0.0,2.3210550906493634,39.33136642660489,-1.926519472438656,0.7551031718123147,-2.6816226442509707,192282.8
258333,TRANSPOWER,2025-07-24,320.0,320.0,61177,2026-04-08T04:29:31.486978+00:00,0.0,0.0,0.0,0.0,320.0,320.0,325.778,0.0,2.3210550906493634,39.33136642660489,-1.7901493240627815,0.7131786561505518,-2.5033279802133332,188281.65
258453,TRANSPOWER,2025-07-25,320.0,320.0,89840,2026-04-08T04:29:33.980938+00:00,0.0,0.0,0.0,0.0,320.0,320.0,324.88,0.0,2.3210550906493634,39.33136642660489,-1.66290605312372,0.6723375416716908,-2.335243594795411,191370.2
258572,TRANSPOWER,2025-07-28,320.0,320.0,167701,2026-04-08T04:29:38.78621+00:00,0.0,0.0,0.0,0.0,320.0,320.0,323.982,0.0,2.3210550906493634,39.33136642660488,-1.5442635354008303,0.6327840475156643,-2.1770475829164946,194830.45
258691,TRANSPOWER,2025-07-29,320.0,320.0,84292,2026-04-08T04:29:41.392621+00:00,0.0,0.0,0.0,0.0,320.0,320.0,323.084,0.0,2.3210550906493634,39.33136642660489,-1.4337115510264198,0.59466882551206,-2.02838037653848,173526.4
258810,TRANSPOWER,2025-07-30,320.0,320.0,194348,2026-04-08T04:29:43.881641+00:00,0.0,0.0,0.0,0.0,320.0,320.0,322.914,0.0,1.8470352252870643,39.33136642660489,-1.3307581552797956,0.5580977770069475,-1.888855932286743,182524.5
258929,TRANSPOWER,2025-07-31,320.0,320.0,661690,2026-04-08T04:29:46.315218+00:00,0.0,0.0,0.0,0.0,320.0,320.0,322.74399999999997,0.0,1.8470352252870643,39.33136642660489,-1.2349313277828173,0.5231396836031408,-1.7580710113859581,214656.05
259048,TRANSPOWER,2025-08-01,320.0,320.0,73738,2026-04-08T04:29:48.711654+00:00,0.0,0.0,0.0,0.0,320.0,320.0,322.57399999999996,0.0,1.8470352252870643,39.331366426604895,-1.145780037546956,0.4898327790712018,-1.6356128166181578,216193.5
259166,TRANSPOWER,2025-08-04,288.0,288.0,277629,2026-04-08T04:29:53.303607+00:00,-9.999999999999998,0.0,0.0,0.0,313.6,318.4,321.76399999999995,2.2360679774997894,2.323169108592267,6.411834091241653,-3.6155813909228414,-1.5839748594437468,-2.0316065314790945,229520.5
259285,TRANSPOWER,2025-08-05,288.0,288.0,512841,2026-04-08T04:29:55.780422+00:00,0.0,-9.999999999999998,0.0,0.0,307.2,316.8,320.95399999999995,2.2360679774997894,2.323169108592267,6.411834091241653,-5.509407734554372,-2.7822409624602225,-2.72716677209415,253498.1
259404,TRANSPOWER,2025-08-06,288.0,288.0,242946,2026-04-08T04:29:58.241852+00:00,0.0,0.0,0.0,0.0,300.8,315.2,320.144,2.2360679774997894,2.323169108592267,6.411834091241653,-6.930389539569887,-3.3625782139805898,-3.5678113255892976,264684.4
259523,TRANSPOWER,2025-08-07,288.0,288.0,380035,2026-04-08T04:30:00.56444+00:00,0.0,0.0,0.0,0.0,294.4,313.6,319.334,2.2360679774997894,2.323169108592267,6.411834091241655,-7.964715574387583,-3.5175233990386277,-4.447192175348955,281476.05
259642,TRANSPOWER,2025-08-08,288.0,288.0,638208,2026-04-08T04:30:02.234883+00:00,0.0,0.0,0.0,0.0,288.0,312.0,318.524,2.2360679774997894,2.323169108592267,6.411834091241655,-8.68431898543406,-3.3897014480680845,-5.294617537365976,267333.45
259761,TRANSPOWER,2025-08-11,286.5,286.5,170972,2026-04-08T04:30:07.037349+00:00,-0.520833333333337,0.0,-9.999999999999998,0.0,287.7,310.325,317.68399999999997,2.2329691192118624,2.3232600117023674,6.067042731921165,-9.268802353229091,-3.1793478526904915,-6.0894545005386,260660.2
259880,TRANSPOWER,2025-08-12,286.5,286.5,132314,2026-04-08T04:30:09.28323+00:00,0.0,-0.520833333333337,0.0,0.0,287.4,308.65,316.844,2.2329691192118624,2.3232600117023674,6.067042731921164,-9.621103540496051,-2.8253192319659606,-6.795784308530091,257730.1
259999,TRANSPOWER,2025-08-13,286.5,286.5,313770,2026-04-08T04:30:11.815521+00:00,0.0,0.0,0.0,0.0,287.1,306.975,316.00399999999996,2.2329691192118624,2.3232600117023674,6.067042731921165,-9.787480783619799,-2.3933571800717663,-7.394123603548032,262634.4
260118,TRANSPOWER,2025-08-14,286.5,286.5,164036,2026-04-08T04:30:14.350221+00:00,0.0,0.0,0.0,0.0,286.8,305.3,315.164,2.2329691192118624,2.3232600117023674,6.067042731921164,-9.806295081980295,-1.9297371827458099,-7.876557899234485,237790.85
260237,TRANSPOWER,2025-08-15,286.5,286.5,253092,2026-04-08T04:30:16.786076+00:00,0.0,0.0,0.0,0.0,286.5,303.625,314.32399999999996,2.2329691192118624,2.3232600117023674,6.067042731921164,-9.709282978622014,-1.4661800635100235,-8.24310291511199,242927.65
260356,TRANSPOWER,2025-08-18,286.5,286.5,140190,2026-04-08T04:30:21.560319+00:00,0.0,0.0,-0.520833333333337,-9.999999999999998,286.5,301.95,313.484,2.2329691192118624,2.3232600117023674,6.067042731921164,-9.522629245465225,-1.0236210642825867,-8.499008181182639,246686.55
260475,TRANSPOWER,2025-08-19,286.5,286.5,132592,2026-04-08T04:30:23.869462+00:00,0.0,0.0,0.0,0.0,286.5,300.275,312.644,2.2329691192118624,2.3232600117023674,6.0670427319211635,-9.267870574240192,-0.6150899144460418,-8.65278065979415,241489.35
260594,TRANSPOWER,2025-08-20,286.5,286.5,113984,2026-04-08T04:30:26.318672+00:00,0.0,0.0,0.0,0.0,286.5,298.6,311.804,2.2329691192118624,2.3232600117023674,6.0670427319211635,-8.962656566024123,-0.2479007249839782,-8.714755841040144,240269.75
260713,TRANSPOWER,2025-08-21,286.5,286.5,612701,2026-04-08T04:30:28.670378+00:00,0.0,0.0,0.0,0.0,286.5,296.925,310.964,2.2329691192118624,2.3232600117023674,6.067042731921162,-8.621390245444331,0.07469247647665078,-8.696082721920982,267845.95
260832,TRANSPOWER,2025-08-22,286.5,286.5,29763628,2026-04-08T04:30:30.96965+00:00,0.0,0.0,0.0,0.0,286.5,295.25,310.12399999999997,2.2329691192118624,2.3232600117023674,6.067042731921163,-8.25576688606759,0.35225266868271277,-8.608019554750303,1751535.35
260951,TRANSPOWER,2025-08-25,286.5,286.5,1757466,2026-04-08T04:30:35.521871+00:00,0.0,0.0,0.0,-0.520833333333337,286.5,293.575,309.284,2.2329691192118624,2.3232600117023674,6.067042731921163,-7.875227024606488,0.5862340241150523,-8.46146104872154,1831023.6
261070,TRANSPOWER,2025-08-26,286.5,286.5,41079,2026-04-08T04:30:37.91594+00:00,0.0,0.0,0.0,0.0,286.5,291.9,308.44399999999996,2.2329691192118624,2.3232600117023674,6.067042731921163,-7.487337081585906,0.7792991737085089,-8.266636255294415,1828862.95
261189,TRANSPOWER,2025-08-27,286.5,286.5,147037,2026-04-08T04:30:40.231113+00:00,0.0,0.0,0.0,0.0,286.5,290.225,307.604,2.2329691192118624,2.3232600117023674,6.067042731921163,-7.098108925867905,0.9348218635412078,-8.032930789409113,1826497.4
261308,TRANSPOWER,2025-08-28,286.5,286.5,137048,2026-04-08T04:30:42.59826+00:00,0.0,0.0,0.0,0.0,286.5,288.55,307.42,2.2329691192118624,1.8499709405268143,6.067042731921162,-6.712267961406553,1.056530262402048,-7.768798223808601,1800265.3
261427,TRANSPOWER,2025-08-29,286.5,286.5,113106,2026-04-08T04:30:45.09102+00:00,0.0,0.0,0.0,0.0,286.5,286.875,306.75,2.2329691192118624,1.414628448230117,6.067042731921163,-6.333477827296917,1.1482563172093476,-7.481734144506265,1802233.7
261546,TRANSPOWER,2025-09-01,286.5,286.5,106553,2026-04-08T04:30:49.608802+00:00,0.0,0.0,0.0,0.0,286.5,286.8,306.08,0.11646187382811675,1.414628448230117,6.067042731921162,-5.964528544706241,1.2137644798400204,-7.178293024546261,1793679.9
261665,TRANSPOWER,2025-09-02,286.5,286.5,121311,2026-04-08T04:30:52.312491+00:00,0.0,0.0,0.0,0.0,286.5,286.725,305.41,0.11646187382811675,1.414628448230117,6.067042731921162,-5.607493881198366,1.256639314678317,-6.864133195876683,1774103.4
261784,TRANSPOWER,2025-09-03,286.5,286.5,99457,2026-04-08T04:30:55.837007+00:00,0.0,0.0,0.0,0.0,286.5,286.65,304.74,0.11646187382811675,1.414628448230117,6.067042731921162,-5.26386280430529,1.2802163132571138,-6.544079117562404,1766928.95
261903,TRANSPOWER,2025-09-04,286.5,286.5,145004,2026-04-08T04:30:58.198935+00:00,0.0,0.0,0.0,0.0,286.5,286.575,304.07,0.11646187382811675,1.414628448230117,6.067042731921162,-4.934649136605003,1.2875439847659216,-6.222193121370925,1755177.4
262022,TRANSPOWER,2025-09-08,314.0,314.0,2498904,2026-04-08T04:31:03.728068+00:00,9.598603839441534,0.0,0.0,0.0,292.0,287.875,303.95,2.155582314285821,1.9814829165627172,81.32612656528784,-2.4267506888442654,3.036353946021327,-5.4631046348655925,1848212.2
262141,TRANSPOWER,2025-09-09,314.0,314.0,101802,2026-04-08T04:31:06.294869+00:00,0.0,9.598603839441534,0.0,0.0,297.5,289.25,303.83,2.1463130674081747,1.9814829165627172,81.32612656528784,-0.4342177091018584,4.023109540610988,-4.457327249712846,1844753.7
262260,TRANSPOWER,2025-09-10,314.0,314.0,101113,2026-04-08T04:31:08.610575+00:00,0.0,0.0,0.0,0.0,303.0,290.625,303.71,2.1463130674081747,1.9814829165627172,81.32612656528784,1.1318319782644721,4.471327382381855,-3.3394954041173825,1843193.65
262379,TRANSPOWER,2025-09-11,314.0,314.0,332563,2026-04-08T04:31:10.974873+00:00,0.0,0.0,0.0,0.0,308.5,292.0,303.59,2.1463130674081747,1.9814829165627172,81.32612656528782,2.345895613913058,4.548312814424353,-2.2024172005112947,1844133.3
262498,TRANSPOWER,2025-09-12,314.0,314.0,96760,2026-04-08T04:31:13.547359+00:00,0.0,0.0,0.0,0.0,314.0,293.375,303.47,2.1463130674081747,1.9814829165627172,81.32612656528784,3.2703512188923582,4.378214735522922,-1.1078635166305641,1840769.5
262617,TRANSPOWER,2025-09-15,314.0,314.0,102441,2026-04-08T04:31:18.268622+00:00,0.0,0.0,9.598603839441534,0.0,314.0,294.75,303.35,2.1463130674081747,1.9814829165627172,81.32612656528784,3.957370838532597,4.052187484130529,-0.0948166455979319,1833236.95
262736,TRANSPOWER,2025-09-16,314.0,314.0,143622,2026-04-08T04:31:20.741189+00:00,0.0,0.0,0.0,0.0,314.0,296.125,303.23,2.1463130674081747,1.9814829165627172,81.32612656528784,4.45053583011935,3.636281980573825,0.8142538495455245,1833408.55
262855,TRANSPOWER,2025-09-17,314.0,314.0,612041,2026-04-08T04:31:23.24235+00:00,0.0,0.0,0.0,0.0,314.0,297.5,303.11,2.1463130674081747,1.9814829165627172,81.32612656528784,4.78620030124722,3.1775571613613565,1.6086431398858636,1857381.0
262974,TRANSPOWER,2025-09-18,314.0,314.0,108914,2026-04-08T04:31:25.598019+00:00,0.0,0.0,0.0,0.0,314.0,298.875,302.99,2.1463130674081747,1.9814829165627172,81.32612656528784,4.994641692572486,2.708798842149298,2.285842850423188,1857127.5
263093,TRANSPOWER,2025-09-19,314.0,314.0,594246,2026-04-08T04:31:28.111008+00:00,0.0,0.0,0.0,0.0,314.0,300.25,302.87,2.1463130674081747,1.9814829165627172,81.32612656528784,5.1010314813023,2.2521509047032895,2.8488805765990106,1856204.75
263212,TRANSPOWER,2025-09-22,314.0,314.0,498872,2026-04-08T04:31:32.624882+00:00,0.0,0.0,0.0,9.598603839441534,314.0,301.625,302.75,2.1463130674081747,1.9814829165627172,81.32612656528784,5.126253891488886,1.8218986519119005,3.304355239576986,392966.95
263331,TRANSPOWER,2025-09-23,314.0,314.0,368088,2026-04-08T04:31:35.170326+00:00,0.0,0.0,0.0,0.0,314.0,303.0,302.63,2.1463130674081747,1.9814829165627172,81.32612656528784,5.087596191304726,1.4265927613821923,3.661003429922534,323498.05
263450,TRANSPOWER,2025-09-24,314.0,314.0,28212,2026-04-08T04:31:37.673105+00:00,0.0,0.0,0.0,0.0,314.0,304.375,302.51,2.1463130674081747,1.9814829165627172,81.32612656528784,4.999330515191161,1.0706616682149015,3.92866884697626,322854.7
263569,TRANSPOWER,2025-09-25,314.0,314.0,6761,2026-04-08T04:31:40.100841+00:00,0.0,0.0,0.0,0.0,314.0,305.75,302.39,2.1463130674081747,1.9814829165627172,81.32612656528784,4.87320406792054,0.7556281767554243,4.1175758911651155,315840.9
263688,TRANSPOWER,2025-09-26,314.0,314.0,2093,2026-04-08T04:31:42.548783+00:00,0.0,0.0,0.0,0.0,314.0,307.125,302.27,2.1463130674081747,1.9814829165627172,81.32612656528782,4.718851961735027,0.4810208564559293,4.237831105279097,309093.15
263807,TRANSPOWER,2025-09-29,314.0,314.0,592491,2026-04-08T04:31:47.029675+00:00,0.0,0.0,0.0,0.0,314.0,308.5,302.15,2.1463130674081747,1.9814829165627172,81.32612656528784,4.544144733678195,0.24505090271927799,4.299093830958917,333062.4
263926,TRANSPOWER,2025-09-30,314.0,314.0,6230,2026-04-08T04:31:49.320364+00:00,0.0,0.0,0.0,0.0,314.0,309.875,302.03,2.1463130674081747,1.9814829165627172,81.32612656528785,4.355480726127325,0.045109516134726135,4.310371209992599,328046.25
264045,TRANSPOWER,2025-10-02,314.0,314.0,33572,2026-04-08T04:31:52.706523+00:00,0.0,0.0,0.0,0.0,314.0,311.25,301.91,2.1463130674081747,1.9814829165627172,81.32612656528782,4.158031937007706,-0.12187141838791504,4.279903355395621,323659.3
264164,TRANSPOWER,2025-10-03,314.0,314.0,17758,2026-04-08T04:31:55.311341+00:00,0.0,0.0,0.0,0.0,314.0,312.625,301.79,2.1463130674081747,1.9814829165627172,81.32612656528784,3.9559506129167517,-0.25916219398309615,4.215112806899848,319574.35
264283,TRANSPOWER,2025-10-06,314.0,314.0,205196,2026-04-08T04:31:59.803196+00:00,0.0,0.0,0.0,0.0,314.0,314.0,301.67,2.1463130674081747,1.9814829165627172,81.32612656528784,3.752542730931907,-0.3700560607743526,4.12259879170626,322583.95
264402,TRANSPOWER,2025-10-07,314.0,314.0,394816,2026-04-08T04:32:02.285104+00:00,0.0,0.0,0.0,0.0,314.0,314.0,301.55,0.0,1.9814829165627172,81.32612656528784,3.5504135615029213,-0.4577481841626714,4.008161745665593,217379.55
264521,TRANSPOWER,2025-10-08,314.0,314.0,106777,2026-04-08T04:32:04.646463+00:00,0.0,0.0,0.0,0.0,314.0,314.0,301.43,0.0,1.9814829165627172,81.32612656528782,3.3515896987138376,-0.525257637561404,3.8768473362752416,217628.3
264640,TRANSPOWER,2025-10-09,314.0,314.0,12847,2026-04-08T04:32:07.004133+00:00,0.0,0.0,0.0,0.0,314.0,314.0,301.31,0.0,1.9814829165627172,81.32612656528782,3.157621262640191,-0.5753808589080407,3.733002121548232,213215.0
264759,TRANSPOWER,2025-10-10,314.0,314.0,87795,2026-04-08T04:32:10.69692+00:00,0.0,0.0,0.0,0.0,314.0,314.0,301.19,0.0,1.9814829165627172,81.32612656528784,2.9696674023244896,-0.6106677753789942,3.5803351777034838,200976.6
264878,TRANSPOWER,2025-10-13,342.0,342.0,1830724,2026-04-08T04:32:15.267586+00:00,8.917197452229297,0.0,0.0,0.0,319.6,315.4,301.63,1.9939459671972641,2.350173607033304,96.79724913833591,5.022185974415322,1.1534806373694702,3.868705337045852,287674.8
264997,TRANSPOWER,2025-10-14,342.0,342.0,472801,2026-04-08T04:32:17.792097+00:00,0.0,8.917197452229297,0.0,0.0,325.2,316.8,302.07,1.9939459671972641,2.350173607033304,96.79724913833591,6.573051682185451,2.163477076111679,4.409574606073772,306192.8
265116,TRANSPOWER,2025-10-15,342.0,342.0,13180,2026-04-08T04:32:20.093513+00:00,0.0,0.0,0.0,0.0,330.8,318.2,303.15,1.9939459671972641,1.8375032749839793,96.79724913833591,7.713210835769701,2.642908983756743,5.070301852012958,299670.7
265235,TRANSPOWER,2025-10-16,342.0,342.0,161904,2026-04-08T04:32:22.728593+00:00,0.0,0.0,0.0,0.0,336.4,319.6,304.23,1.9939459671972641,1.8375032749839793,96.79724913833593,8.518598083326879,2.758636985051136,5.759961098275743,277163.85
265354,TRANSPOWER,2025-10-17,342.0,342.0,45522,2026-04-08T04:32:25.167177+00:00,0.0,0.0,0.0,0.0,342.0,321.0,305.31,1.9939459671972641,1.8375032749839793,96.79724913833593,9.052521447272568,2.6340482791974598,6.418473168075108,273994.25
265473,TRANSPOWER,2025-10-20,342.0,342.0,88906,2026-04-08T04:32:29.532096+00:00,0.0,0.0,8.917197452229297,0.0,342.0,322.4,306.39,1.9939459671972641,1.8375032749839793,96.79724913833591,9.367674835580146,2.3593613340040305,7.008313501576116,248727.25
265592,TRANSPOWER,2025-10-21,342.0,342.0,32655,2026-04-08T04:32:31.920152+00:00,0.0,0.0,0.0,0.0,342.0,323.8,307.47,1.9939459671972641,1.8375032749839793,96.79724913833593,9.507835754219116,1.9996178021143987,7.508217952104717,225416.4
265711,TRANSPOWER,2025-10-22,342.0,342.0,694485,2026-04-08T04:32:34.332447+00:00,0.0,0.0,0.0,0.0,342.0,325.2,308.58,1.9939459671972641,1.8338812867412841,96.79724913833591,9.50929703515601,1.6008632664410332,7.908433768714977,241736.25
265830,TRANSPOWER,2025-10-23,342.0,342.0,114809,2026-04-08T04:32:36.79914+00:00,0.0,0.0,0.0,0.0,342.0,326.6,309.69,1.9939459671972641,1.8338812867412841,96.79724913833593,9.402073856002175,1.1949120698297584,8.207161786172417,246066.1
265949,TRANSPOWER,2025-10-24,342.0,342.0,75993,2026-04-08T04:32:39.249323+00:00,0.0,0.0,0.0,0.0,342.0,328.0,310.8,1.9939459671972641,1.8338812867412841,96.79724913833591,9.210920950898753,0.8030073317810675,8.407913619117686,249527.7
266068,TRANSPOWER,2025-10-28,342.0,342.0,25898,2026-04-08T04:32:44.921336+00:00,0.0,0.0,0.0,8.917197452229297,342.0,329.4,311.91,1.9939459671972641,1.8338812867412841,96.79724913833591,8.956189518684937,0.4386207196537999,8.517568799031137,250717.95
266187,TRANSPOWER,2025-10-29,342.0,342.0,8025,2026-04-08T04:32:47.450266+00:00,0.0,0.0,0.0,0.0,342.0,330.8,313.02,1.9939459671972641,1.8338812867412841,96.79724913833591,8.65454877243559,0.10958397872356151,8.544964793712028,221494.65
266306,TRANSPOWER,2025-10-30,342.0,342.0,11432,2026-04-08T04:32:49.91761+00:00,0.0,0.0,0.0,0.0,342.0,332.2,314.13,1.9939459671972641,1.8338812867412841,96.79724913833591,8.319593216001579,-0.1802972621683594,8.499890478169938,221754.75
266425,TRANSPOWER,2025-10-31,342.0,342.0,10310,2026-04-08T04:32:52.375955+00:00,0.0,0.0,0.0,0.0,342.0,333.6,315.24,1.9939459671972641,1.8338812867412841,96.79724913833591,7.96235346989522,-0.4300296066197742,8.392383076514994,220591.65
266544,TRANSPOWER,2025-11-03,342.0,342.0,11684,2026-04-08T04:32:57.290654+00:00,0.0,0.0,0.0,0.0,342.0,335.0,316.35,1.9939459671972641,1.8338812867412841,96.79724913833593,7.591725709043828,-0.6405258939769318,8.23225160302076,220287.95
266663,TRANSPOWER,2025-11-04,342.0,342.0,25198,2026-04-08T04:32:59.739678+00:00,0.0,0.0,0.0,0.0,342.0,336.4,317.46,1.9939459671972641,1.8338812867412841,96.79724913833593,7.214832441037231,-0.8139353295868226,8.028767770624054,211288.05
266782,TRANSPOWER,2025-11-05,342.0,342.0,7522,2026-04-08T04:33:02.152799+00:00,0.0,0.0,0.0,0.0,342.0,337.8,318.57,1.9939459671972641,1.8338812867412841,96.79724913833591,6.837325379880724,-0.9531539125946642,7.790479292475388,191923.35
266901,TRANSPOWER,2025-11-06,342.0,342.0,8597,2026-04-08T04:33:04.646202+00:00,0.0,0.0,0.0,0.0,342.0,339.2,319.68,1.9939459671972641,1.8338812867412841,96.79724913833591,6.463639501426087,-1.061471832839441,7.525111334265528,187014.35
267020,TRANSPOWER,2025-11-07,342.0,342.0,80143,2026-04-08T04:33:07.145499+00:00,0.0,0.0,0.0,0.0,342.0,340.6,320.79,1.9939459671972641,1.8338812867412841,96.7972491383359,6.097205955612026,-1.1423243029228018,7.239530258534828,190379.15
267139,TRANSPOWER,2025-11-10,342.0,342.0,12394,2026-04-08T04:33:11.744122+00:00,0.0,0.0,0.0,0.0,342.0,342.0,321.9,1.9939459671972641,1.8338812867412841,96.79724913833593,5.740630317659566,-1.1991199527002099,6.9397502703597755,186609.1
267258,TRANSPOWER,2025-11-11,342.0,342.0,1616,2026-04-08T04:33:14.17228+00:00,0.0,0.0,0.0,0.0,342.0,342.0,323.01,0.0,1.8338812867412841,96.79724913833591,5.395841651826061,-1.2351268948269727,6.630968546653033,95153.7
267377,TRANSPOWER,2025-11-12,307.8,307.8,125367,2026-04-08T04:33:16.719178+00:00,-9.999999999999998,0.0,0.0,0.0,335.16,340.29,323.43600000000004,2.2360679774997894,2.3482482773674556,16.695777667278264,2.336011880568151,-3.435965332867906,5.771977213436057,77782.0
267496,TRANSPOWER,2025-11-13,307.8,307.8,785377,2026-04-08T04:33:19.052814+00:00,0.0,-9.999999999999998,0.0,0.0,328.32000000000005,338.58000000000004,323.862,2.2360679774997894,2.3482482773674556,16.69577766727826,-0.08791186478282498,-4.687911262575105,4.59999939779228,116391.85
267615,TRANSPOWER,2025-11-14,307.8,307.8,66518,2026-04-08T04:33:21.762061+00:00,0.0,0.0,0.0,0.0,321.47999999999996,336.87,324.288,2.2360679774997894,2.3482482773674556,16.69577766727826,-1.9859955756443242,-5.268795978749283,3.2828004031049596,111622.55
267734,TRANSPOWER,2025-11-17,307.8,307.8,67290,2026-04-08T04:33:26.271116+00:00,0.0,0.0,0.0,0.0,314.64000000000004,335.16,324.714,2.2360679774997894,2.3482482773674556,16.69577766727826,-3.4504657699016548,-5.386612938405292,1.9361471685036367,112710.95
267853,TRANSPOWER,2025-11-18,307.8,307.8,37136,2026-04-08T04:33:29.067053+00:00,0.0,0.0,0.0,0.0,307.8,333.45,325.14,2.2360679774997894,2.3482482773674556,16.69577766727826,-4.558521155489018,-5.195734659194124,0.6372135037051059,110122.45
267972,TRANSPOWER,2025-11-19,307.8,307.8,8258,2026-04-08T04:33:31.487527+00:00,0.0,0.0,-9.999999999999998,0.0,307.8,331.74,325.016,2.2360679774997894,1.9139283311113084,16.69577766727826,-5.374706757809747,-4.809536209211882,-0.5651705485978648,108902.6
268091,TRANSPOWER,2025-11-20,307.8,307.8,3709,2026-04-08T04:33:33.887172+00:00,0.0,0.0,0.0,0.0,307.8,330.03000000000003,324.892,2.2360679774997894,1.9139283311113084,16.69577766727826,-5.952918192587447,-4.310198115191666,-1.6427200773957813,74363.8
268210,TRANSPOWER,2025-11-21,307.8,307.8,7525,2026-04-08T04:33:36.654129+00:00,0.0,0.0,0.0,0.0,307.8,328.32000000000005,324.768,2.2360679774997894,1.9139283311113084,16.69577766727826,-6.338093325902321,-3.7562985988052313,-2.5817947270970896,68999.6
268329,TRANSPOWER,2025-11-24,307.8,307.8,18596,2026-04-08T04:33:41.368891+00:00,0.0,0.0,0.0,0.0,307.8,326.61,324.644,2.2360679774997894,1.9139283311113084,16.695777667278264,-6.567639731480597,-3.1886760035068056,-3.378963727973791,66129.75
268448,TRANSPOWER,2025-11-25,307.8,307.8,4780,2026-04-08T04:33:44.004166+00:00,0.0,0.0,0.0,0.0,307.8,324.9,324.52,2.2360679774997894,1.9139283311113084,16.695777667278264,-6.672638884210244,-2.6349401249891615,-4.037698759221082,65073.85
268567,TRANSPOWER,2025-11-26,307.8,307.8,92375,2026-04-08T04:33:46.260048+00:00,0.0,0.0,0.0,-9.999999999999998,307.8,323.19,324.396,2.2360679774997894,1.9139283311113084,16.695777667278264,-6.678861708893464,-2.1129303597379057,-4.565931349155559,69291.35
268686,TRANSPOWER,2025-11-27,307.0,307.0,1393123,2026-04-08T04:33:48.488035+00:00,-0.2599090318388564,0.0,0.0,0.0,307.64,321.44,324.25600000000003,2.2337632400308696,1.9142212442190434,15.99611701706457,-6.671442421008294,-1.6844088574821878,-4.987033563526106,138375.9
268805,TRANSPOWER,2025-11-28,307.0,307.0,689672,2026-04-08T04:33:50.826192+00:00,0.0,-0.2599090318388564,0.0,0.0,307.48,319.69,324.11600000000004,2.2337632400308696,1.9142212442190434,15.996117017064572,-6.589601754762043,-1.2820545529887495,-5.307547201773294,172344.0
268924,TRANSPOWER,2025-12-01,307.0,307.0,12614,2026-04-08T04:33:55.236541+00:00,0.0,0.0,0.0,0.0,307.32,317.94,323.976,2.2337632400308696,1.9142212442190434,15.996117017064572,-6.45038639796212,-0.914271356951061,-5.536115041011059,172390.5
269043,TRANSPOWER,2025-12-02,307.0,307.0,180863,2026-04-08T04:33:57.748335+00:00,0.0,0.0,0.0,0.0,307.15999999999997,316.19,323.836,2.2337632400308696,1.9142212442190434,15.99611701706457,-6.267805860321573,-0.5853526554484105,-5.682453204873163,180173.75
269162,TRANSPOWER,2025-12-03,307.0,307.0,100567,2026-04-08T04:34:00.349419+00:00,0.0,0.0,0.0,0.0,307.0,314.44,323.696,2.2337632400308696,1.9142212442190434,15.99611701706457,-6.053330443534037,-0.2967017909286991,-5.756628652605338,184826.0
269281,TRANSPOWER,2025-12-04,307.0,307.0,102332,2026-04-08T04:34:03.142475+00:00,0.0,0.0,-0.2599090318388564,0.0,307.0,312.69,323.55600000000004,2.2337632400308696,1.9142212442190434,15.996117017064574,-5.816310325611823,-0.04774533840518824,-5.768564987206635,189512.75
269400,TRANSPOWER,2025-12-05,307.0,307.0,101094,2026-04-08T04:34:05.808951+00:00,0.0,0.0,0.0,0.0,307.0,310.94,323.416,2.2337632400308696,1.9142212442190434,15.996117017064572,-5.564328064269773,0.16338953834948988,-5.727717602619263,190560.3
269519,TRANSPOWER,2025-12-08,307.0,307.0,196284,2026-04-08T04:34:10.334331+00:00,0.0,0.0,0.0,0.0,307.0,309.19,323.276,2.2337632400308696,1.9142212442190434,15.996117017064574,-5.30349491861125,0.3393781472064106,-5.6428730658176605,199754.8
269638,TRANSPOWER,2025-12-09,307.0,307.0,694478,2026-04-08T04:34:12.926221+00:00,0.0,0.0,0.0,0.0,307.0,307.44,323.136,2.2337632400308696,1.9142212442190434,15.996117017064572,-5.038699776928809,0.48333863111108144,-5.52203840803989,234397.9
269757,TRANSPOWER,2025-12-10,307.0,307.0,237762,2026-04-08T04:34:15.295879+00:00,0.0,0.0,0.0,0.0,307.0,307.4,322.99600000000004,0.05811742631578998,1.9142212442190434,15.996117017064572,-4.773818115759639,0.5985762338242013,-5.37239434958384,240017.65
269876,TRANSPOWER,2025-12-11,307.0,307.0,363973,2026-04-08T04:34:17.804745+00:00,0.0,0.0,0.0,-0.2599090318388564,307.0,307.36,322.856,0.05811742631578998,1.9142212442190434,15.99611701706457,-4.511887263097037,0.688405669189442,-5.200292932286479,218947.45
269995,TRANSPOWER,2025-12-12,307.0,307.0,42797257,2026-04-08T04:34:20.615101+00:00,0.0,0.0,0.0,0.0,307.0,307.32,322.716,0.05811742631578998,1.9142212442190434,15.996117017064572,-4.255253264423004,0.7560317342907812,-5.011284998713785,2355484.4
270114,TRANSPOWER,2025-12-15,307.0,307.0,443391,2026-04-08T04:34:25.240467+00:00,0.0,0.0,0.0,0.0,307.0,307.28,322.576,0.05811742631578998,1.9142212442190434,15.99611701706457,-4.00569382655101,0.8044729377302202,-4.81016676428123,2374289.45
270233,TRANSPOWER,2025-12-16,307.0,307.0,776187,2026-04-08T04:34:27.867795+00:00,0.0,0.0,0.0,0.0,307.0,307.24,322.43600000000004,0.05811742631578998,1.9142212442190434,15.996117017064568,-3.7645211179441844,0.8365165170696365,-4.601037635013821,2411242.0
270352,TRANSPOWER,2025-12-18,307.0,307.0,321021,2026-04-08T04:34:31.321522+00:00,0.0,0.0,0.0,0.0,307.0,307.2,322.29600000000005,0.05811742631578998,1.9142212442190434,15.996117017064568,-3.5326676155548853,0.8546960155671481,-4.387363631122033,2426880.15
270471,TRANSPOWER,2025-12-19,307.0,307.0,117464,2026-04-08T04:34:33.771022+00:00,0.0,0.0,0.0,0.0,307.0,307.15999999999997,322.156,0.05811742631578998,1.9142212442190434,15.996117017064572,-3.3107576907136718,0.8612847523266893,-4.172042443040361,2432567.9
270590,TRANSPOWER,2025-12-22,307.0,307.0,109692,2026-04-08T04:34:38.115277+00:00,0.0,0.0,0.0,0.0,307.0,307.12,322.016,0.05811742631578998,1.9142212442190434,15.99611701706457,-3.099167206114828,0.8583001895404268,-3.9574673956552546,2437676.25
270709,TRANSPOWER,2025-12-23,307.0,307.0,224439,2026-04-08T04:34:40.661369+00:00,0.0,0.0,0.0,0.0,307.0,307.08,321.87600000000003,0.05811742631578998,1.9142212442190434,15.996117017064568,-2.8980730406187263,0.8475154840292229,-3.7455885246479492,2447968.4
270828,TRANSPOWER,2025-12-24,307.0,307.0,145741,2026-04-08T04:34:43.221402+00:00,0.0,0.0,0.0,0.0,307.0,307.03999999999996,321.17600000000004,0.05811742631578998,1.4139410693923098,15.996117017064572,-2.7074941583568375,0.8304754930328895,-3.537969651389727,2455016.45
270947,TRANSPOWER,2025-12-29,307.0,307.0,603749,2026-04-08T04:34:48.902152+00:00,0.0,0.0,0.0,0.0,307.0,307.0,320.476,0.05811742631578998,1.4139410693923098,15.99611701706457,-2.5273255849795646,0.8085152531281303,-3.335840838107695,2480585.15
271066,TRANSPOWER,2025-12-30,307.0,307.0,116239,2026-04-08T04:34:51.359097+00:00,0.0,0.0,0.0,0.0,307.0,307.0,319.776,0.0,1.4139410693923098,15.99611701706457,-2.357366439627185,0.782779518784408,-3.140145958411593,2416740.95
271185,TRANSPOWER,2025-12-31,307.0,307.0,676131,2026-04-08T04:34:53.061316+00:00,0.0,0.0,0.0,0.0,307.0,307.0,319.076,0.0,1.4139410693923098,15.996117017064574,-2.197342990252821,0.7542423745270179,-2.951585364779839,2416063.9
271304,TRANSPOWER,2026-01-02,307.0,307.0,70628,2026-04-08T04:34:56.467348+00:00,0.0,0.0,0.0,0.0,307.0,307.0,318.37600000000003,0.0,1.4139410693923098,15.996117017064574,-2.046927547121868,0.7237262541263769,-2.770653801248245,2418964.6
271423,TRANSPOWER,2026-01-05,307.0,307.0,430030,2026-04-08T04:35:01.008466+00:00,0.0,0.0,0.0,0.0,307.0,307.0,317.67600000000004,0.0,1.4139410693923098,15.996117017064574,-1.9057538803141938,0.6919199367472411,-2.597673817061435,2431422.95
271542,TRANSPOWER,2026-01-06,307.0,307.0,32113,2026-04-08T04:35:03.366972+00:00,0.0,0.0,0.0,0.0,307.0,307.0,316.976,0.0,1.4139410693923098,15.996117017064575,-1.773429738167863,0.6593952631148579,-2.432825001282721,2428000.25
271661,TRANSPOWER,2026-01-07,307.0,307.0,58645,2026-04-08T04:35:05.819661+00:00,0.0,0.0,0.0,0.0,307.0,307.0,316.276,0.0,1.4139410693923098,15.996117017064574,-1.649546951720822,0.6266224396495192,-2.2761693913703414,2425815.9
271780,TRANSPOWER,2026-01-08,307.0,307.0,20300,2026-04-08T04:35:08.163488+00:00,0.0,0.0,0.0,0.0,307.0,307.0,315.576,0.0,1.4139410693923098,15.996117017064575,-1.533689532689948,0.593983886944315,-2.127673419634263,2421776.2
271899,TRANSPOWER,2026-01-09,307.0,307.0,482982,2026-04-08T04:35:10.591402+00:00,0.0,0.0,0.0,0.0,307.0,307.0,314.87600000000003,0.0,1.4139410693923098,15.996117017064577,-1.4254401071508482,0.5617866499867319,-1.9872267571375801,2436111.1
272018,TRANSPOWER,2026-01-12,307.0,307.0,24298,2026-04-08T04:35:15.220756+00:00,0.0,0.0,0.0,0.0,307.0,307.0,314.17600000000004,0.0,1.4139410693923098,15.996117017064575,-1.3243849719603418,0.5302734281417907,-1.8546584001021325,2402602.1
272137,TRANSPOWER,2026-01-13,307.0,307.0,117774,2026-04-08T04:35:17.864544+00:00,0.0,0.0,0.0,0.0,307.0,307.0,313.476,0.0,1.4139410693923098,15.996117017064574,-1.2301180145095714,0.49963230847404905,-1.7297503229836204,2396602.7
272256,TRANSPOWER,2026-01-14,307.0,307.0,89166,2026-04-08T04:35:20.278959+00:00,0.0,0.0,0.0,0.0,307.0,307.0,312.776,0.0,1.4139410693923098,15.996117017064575,-1.14224369725315,0.4700053005843765,-1.6122489978375265,2382862.35
272375,TRANSPOWER,2026-01-15,307.0,307.0,30810,2026-04-08T04:35:23.159853+00:00,0.0,0.0,0.0,0.0,307.0,307.0,312.076,0.0,1.4139410693923098,15.996117017064575,-1.0603792755023278,0.44149577786815897,-1.5018750533704868,244540.0
272494,TRANSPOWER,2026-01-16,307.0,307.0,119726,2026-04-08T04:35:25.571119+00:00,0.0,0.0,0.0,0.0,307.0,307.0,311.37600000000003,0.0,1.4139410693923098,15.996117017064575,-0.9841563892246086,0.4141749313167027,-1.3983313205413113,228356.75
272613,TRANSPOWER,2026-01-19,307.0,307.0,30947,2026-04-08T04:35:30.272746+00:00,0.0,0.0,0.0,0.0,307.0,307.0,310.67600000000004,0.0,1.4139410693923098,15.996117017064572,-0.9132221462523376,0.38808733943117923,-1.3013094856835168,191094.75
272732,TRANSPOWER,2026-01-20,307.0,307.0,59314,2026-04-08T04:35:32.536083+00:00,0.0,0.0,0.0,0.0,307.0,307.0,309.976,0.0,1.4139410693923098,15.996117017064572,-0.8472397946785577,0.3632557528039675,-1.2104955474825252,178009.4
272852,TRANSPOWER,2026-01-21,307.0,307.0,17577,2026-04-08T04:35:34.90344+00:00,0.0,0.0,0.0,0.0,307.0,307.0,309.276,0.0,1.4139410693923098,15.996117017064572,-0.7858890657284405,0.33968518540326764,-1.1255742511317082,173015.05
272972,TRANSPOWER,2026-01-22,307.0,307.0,12776,2026-04-08T04:35:36.566163+00:00,0.0,0.0,0.0,0.0,307.0,307.0,308.576,0.0,1.4139410693923098,15.996117017064574,-0.728866254548393,0.31736639726665206,-1.046232651815045,168169.25
273092,TRANSPOWER,2026-01-23,307.0,307.0,25689,2026-04-08T04:35:38.92405+00:00,0.0,0.0,0.0,0.0,307.0,307.0,307.87600000000003,0.0,1.4139410693923098,15.99611701706457,-0.6758840947401268,0.2962788456599347,-0.9721629404000615,158231.75
273212,TRANSPOWER,2026-01-26,307.0,307.0,16121,2026-04-08T04:35:43.383975+00:00,0.0,0.0,0.0,0.0,307.0,307.0,307.17600000000004,0.0,1.4139410693923098,15.996117017064572,-0.6266714727280487,0.2763931741376102,-0.9030646468656589,151750.75
273332,TRANSPOWER,2026-01-27,307.0,307.0,1667704,2026-04-08T04:35:45.70946+00:00,0.0,0.0,0.0,0.0,307.0,307.0,307.16,0.0,0.036756687780968106,15.996117017064572,-0.5809730198955094,0.25767330157611956,-0.838646321471629,204948.5
273452,TRANSPOWER,2026-01-28,307.0,307.0,98433,2026-04-08T04:35:48.193808+00:00,0.0,0.0,0.0,0.0,307.0,307.0,307.144,0.0,0.036756687780968106,15.996117017064568,-0.5385486136033819,0.24007816629459766,-0.7786267798979796,204058.2
273572,TRANSPOWER,2026-01-29,307.0,307.0,43602,2026-04-08T04:35:50.479528+00:00,0.0,0.0,0.0,0.0,307.0,307.0,307.12800000000004,0.0,0.036756687780968106,15.99611701706457,-0.4991728125072541,0.2235631739125804,-0.7227359864198345,172431.75
273692,TRANSPOWER,2026-01-30,307.0,307.0,588143,2026-04-08T04:35:52.855058+00:00,0.0,0.0,0.0,0.0,307.0,307.0,307.112,0.0,0.036756687780968106,15.996117017064568,-0.462634246833602,0.20808139166898598,-0.670715638502588,198307.5
273812,TRANSPOWER,2026-02-02,307.0,307.0,49238,2026-04-08T04:35:57.524813+00:00,0.0,0.0,0.0,0.0,307.0,307.0,307.096,0.0,0.036756687780968106,15.99611701706457,-0.4287349803162215,0.1935845265490932,-0.6223195068653147,179267.9
273932,TRANSPOWER,2026-02-03,307.0,307.0,101049,2026-04-08T04:36:00.137559+00:00,0.0,0.0,0.0,0.0,307.0,307.0,307.08,0.0,0.036756687780968106,15.996117017064567,-0.3972898572007466,0.18002371973165454,-0.5773135769324012,182714.7
274052,TRANSPOWER,2026-02-04,306.9,306.9,941116,2026-04-08T04:36:02.592569+00:00,-0.032573289902282365,0.0,0.0,0.0,306.98,306.995,307.062,0.007283609047231085,0.036950823877428304,13.945289665170824,-0.3761030529683467,0.1609684191712436,-0.5370714721395903,226838.25
274172,TRANSPOWER,2026-02-05,306.9,306.9,50740,2026-04-08T04:36:04.997535+00:00,0.0,-0.032573289902282365,0.0,0.0,306.96,306.99,307.04400000000004,0.007283609047231085,0.036950823877428304,13.945289665170824,-0.3552176302453063,0.14548307351542722,-0.5007007037607335,228360.25
274292,TRANSPOWER,2026-02-06,306.9,306.9,163806,2026-04-08T04:36:07.533957+00:00,0.0,0.0,0.0,0.0,306.94,306.985,307.026,0.007283609047231085,0.036950823877428304,13.945289665170824,-0.334806343151854,0.13271548848710368,-0.46752183163895766,212401.45
274412,TRANSPOWER,2026-02-09,306.9,306.9,1317988,2026-04-08T04:36:12.456447+00:00,0.0,0.0,0.0,0.0,306.9,306.975,306.99,0.007283609047231085,0.036950823877428304,13.945289665170822,-0.29589093706840686,0.11290108453061037,-0.40879202159901723,279387.55
274532,TRANSPOWER,2026-02-10,306.9,306.9,4411725,2026-04-08T04:36:14.818506+00:00,0.0,0.0,-0.032573289902282365,0.0,306.9,306.97,306.988,0.007283609047231085,0.004606558835019844,13.945289665170822,-0.27754814858508325,0.10499509841114724,-0.3825432469962305,495515.5
274652,TRANSPOWER,2026-02-11,306.9,306.9,212539,2026-04-08T04:36:17.460702+00:00,0.0,0.0,0.0,0.0,306.9,306.96500000000003,306.986,0.007283609047231085,0.004606558835019844,13.945289665170822,-0.2600140761427383,0.09802333668279378,-0.3580374128255321,504601.95
162,TRANSPOWER,2026-02-12,306.9,306.9,207853,2026-02-12T09:23:43.097464+00:00,0.0,0.0,0.0,0.0,306.9,306.96,306.984,0.007283609047231085,0.004606558835019844,13.945289665170822,-0.24331343162361918,0.09177918496153037,-0.33509261658514955,509008.3
274892,TRANSPOWER,2026-02-13,306.9,306.9,292502,2026-04-08T04:36:22.38356+00:00,0.0,0.0,0.0,0.0,306.9,306.95500000000004,306.98199999999997,0.007283609047231085,0.004606558835019844,13.94528966517082,-0.2274560784348978,0.08610923052020142,-0.3135653089550992,522086.05
275012,TRANSPOWER,2026-02-16,306.9,306.9,23952,2026-04-08T04:36:26.879081+00:00,0.0,0.0,0.0,0.0,306.9,306.95,306.98,0.007283609047231085,0.004606558835019844,13.945289665170822,-0.21244013415957852,0.08090013983641658,-0.2933402739959951,520317.95
275132,TRANSPOWER,2026-02-17,306.9,306.9,112209,2026-04-08T04:36:29.440312+00:00,0.0,0.0,0.0,-0.032573289902282365,306.9,306.945,306.978,0.007283609047231085,0.004606558835019844,13.945289665170824,-0.1982545352639704,0.0760685909856198,-0.2743231262495902,525049.55
275252,TRANSPOWER,2026-02-18,306.9,306.9,103032,2026-04-08T04:36:31.166521+00:00,0.0,0.0,0.0,0.0,306.9,306.94,306.976,0.007283609047231085,0.004606558835019844,13.945289665170822,-0.18488115111199477,0.07155358011007634,-0.2564347312220711,529562.35
275372,TRANSPOWER,2026-02-19,306.9,306.9,1529942,2026-04-08T04:36:33.575564+00:00,0.0,0.0,0.0,0.0,306.9,306.935,306.974,0.007283609047231085,0.004606558835019844,13.945289665170822,-0.1722965207808329,0.06731056835299057,-0.23960708913382348,604775.0
621,TRANSPOWER,2026-02-20,306.9,306.9,1448448,2026-02-20T23:15:44.934622+00:00,0.0,0.0,0.0,0.0,306.9,306.93,306.972,0.007283609047231085,0.004606558835019844,13.945289665170822,-0.1604732745580577,0.06330705166061262,-0.22378032621867033,676391.35
769,TRANSPOWER,2026-02-23,306.9,306.9,1145294,2026-02-23T07:00:01.990412+00:00,0.0,0.0,0.0,0.0,306.9,306.925,306.96999999999997,0.007283609047231085,0.004606558835019844,13.945289665170822,-0.14938129219484608,0.05951922721905942,-0.2089005194139055,650270.85
917,TRANSPOWER,2026-02-24,306.9,306.9,77964,2026-02-24T07:00:01.929914+00:00,0.0,0.0,0.0,0.0,306.9,306.91999999999996,306.968,0.007283609047231085,0.004606558835019844,13.945289665170822,-0.13898864171432024,0.05592950215966824,-0.19491814387398848,649247.4
1065,TRANSPOWER,2026-02-25,306.9,306.9,4121877,2026-02-25T07:00:01.953057+00:00,0.0,0.0,0.0,0.0,306.9,306.915,306.966,0.007283609047231085,0.004606558835019844,13.945289665170824,-0.1292623355918181,0.052524646625736304,-0.1817869822175544,853161.15
1213,TRANSPOWER,2026-02-26,306.9,306.9,37224,2026-02-26T07:00:01.915173+00:00,0.0,0.0,0.0,0.0,306.9,306.90999999999997,306.964,0.007283609047231085,0.004606558835019844,13.945289665170822,-0.120168935232698,0.049294437587885126,-0.16946337282058313,825615.2
1901,TRANSPOWER,2026-02-27,306.9,306.9,5029705,2026-02-27T07:00:02.056517+00:00,0.0,0.0,0.0,0.0,306.9,306.905,306.962,0.007283609047231085,0.004606558835019844,13.945289665170822,-0.11167502970647547,0.04623067449128612,-0.1579057041977616,1074638.55
2782,TRANSPOWER,2026-02-28,306.9,306.9,5029705,2026-02-28T18:00:03.453641+00:00,0.0,0.0,0.0,0.0,306.9,306.9,306.96,0.007283609047231085,0.004606558835019844,13.945289665170822,-0.10374761050843517,0.043326474951461136,-0.1470740854598963,1321071.35
2930,TRANSPOWER,2026-03-01,306.9,306.9,5029705,2026-03-01T18:00:03.821122+00:00,0.0,0.0,0.0,0.0,306.9,306.9,306.95799999999997,0.0,0.004606558835019844,13.945289665170822,-0.09635436058960067,0.04057577989623651,-0.13693014048583718,1525500.8
3078,TRANSPOWER,2026-03-02,306.9,306.9,26363,2026-03-02T07:00:01.981706+00:00,0.0,0.0,0.0,0.0,306.9,306.9,306.95599999999996,0.0,0.004606558835019844,13.945289665170824,-0.08946387292570535,0.03797301404810546,-0.1274368869738108,1524281.95
4042,TRANSPOWER,2026-03-03,306.9,306.9,32761,2026-03-03T07:00:01.858909+00:00,0.0,0.0,0.0,0.0,306.9,306.9,306.95399999999995,0.0,0.004606558835019844,13.945289665170824,-0.08304581138929734,0.03551286046761078,-0.11855867185690812,1517729.7
5479,TRANSPOWER,2026-03-04,306.9,306.9,173521,2026-03-04T07:00:02.010027+00:00,0.0,0.0,0.0,0.0,306.9,306.9,306.952,0.0,0.004606558835019844,13.945289665170824,-0.0770710245856776,0.033190117816984416,-0.11026114240266202,1518215.45
7197,TRANSPOWER,2026-03-05,306.9,306.9,34538,2026-03-05T07:00:02.0033+00:00,0.0,0.0,0.0,0.0,306.9,306.9,306.95,0.0,0.004606558835019844,13.945289665170824,-0.07151162153911628,0.030999616690836604,-0.10251123822995288,1454042.95
9713,TRANSPOWER,2026-03-06,306.9,306.9,22697,2026-03-06T07:00:02.033178+00:00,0.0,0.0,0.0,0.0,306.9,306.9,306.948,0.0,0.004606558835019844,13.945289665170826,-0.0663410166275753,0.02893617728190208,-0.09527719390947738,1234591.55
11371,TRANSPOWER,2026-03-07,306.9,306.9,22697,2026-03-07T18:00:06.285951+00:00,0.0,0.0,0.0,0.0,306.9,306.9,306.94599999999997,0.0,0.004606558835019844,13.945289665170824,-0.06153394991196137,0.02699459519801281,-0.08852854510997418,1225099.45
11519,TRANSPOWER,2026-03-08,306.9,306.9,22697,2026-03-08T18:00:03.574352+00:00,0.0,0.0,0.0,0.0,306.9,306.9,306.94399999999996,0.0,0.004606558835019844,13.945289665170826,-0.057066487956319634,0.025169645722923642,-0.08223613367924328,1215841.65
11667,TRANSPOWER,2026-03-09,306.9,306.9,123449,2026-03-09T07:00:02.016534+00:00,0.0,0.0,0.0,0.0,306.9,306.9,306.94199999999995,0.0,0.004606558835019844,13.945289665170826,-0.05291600935339602,0.02345609946067781,-0.07637210881407383,1207389.0
14183,TRANSPOWER,2026-03-10,306.9,306.9,11458,2026-03-10T07:00:03.966079+00:00,0.0,0.0,0.0,0.0,306.9,306.9,306.93999999999994,0.0,0.004606558835019844,13.945289665170828,-0.04906117843250968,0.021848744305251327,-0.070909922737761,1206764.3
16023,TRANSPOWER,2026-03-11,306.9,306.9,193883,2026-03-11T07:00:02.147117+00:00,0.0,0.0,0.0,0.0,306.9,306.9,306.93799999999993,0.0,0.004606558835019844,13.945289665170828,-0.04548191000804991,0.02034241018376888,-0.06582432019181879,1210848.0
17739,TRANSPOWER,2026-03-12,306.9,306.9,186608,2026-03-12T07:00:02.06753+00:00,0.0,0.0,0.0,0.0,306.9,306.9,306.936,0.0,0.004606558835019844,13.945289665170826,-0.0421593275102623,0.01893199414524519,-0.06109132165550749,1215026.8
20255,TRANSPOWER,2026-03-13,306.9,306.9,22252,2026-03-13T07:00:01.993197+00:00,0.0,0.0,0.0,0.0,306.9,306.9,306.93399999999997,0.0,0.004606558835019844,13.945289665170826,-0.039075716407865,0.017612484198113995,-0.056688200605979,1139642.3
23701,TRANSPOWER,2026-03-16,306.9,306.9,21744,2026-03-16T08:30:01.80086+00:00,0.0,0.0,0.0,0.0,306.9,306.9,306.93199999999996,0.0,0.004606558835019844,13.945289665170826,-0.03621447447397941,0.016378980905599673,-0.05259345537957908,1068307.1
25532,TRANSPOWER,2026-03-17,306.9,306.9,421227,2026-03-17T08:30:01.70448+00:00,0.0,0.0,0.0,0.0,306.9,306.9,306.92999999999995,0.0,0.004606558835019844,13.945289665170828,-0.03356006014428203,0.015226716188237642,-0.048786776332519675,1032103.75
27395,TRANSPOWER,2026-03-18,306.9,306.9,122182,2026-03-18T08:30:01.732403+00:00,0.0,0.0,0.0,0.0,306.9,306.9,306.92799999999994,0.0,0.004606558835019844,13.94528966517083,-0.03109793996981125,0.014151069090166744,-0.045249009059977995,1034314.65
33209,TRANSPOWER,2026-03-23,306.9,306.9,132818,2026-03-23T08:30:01.705825+00:00,0.0,0.0,0.0,0.0,306.9,306.9,306.926,0.0,0.004606558835019844,13.945289665170828,-0.028814535958815668,0.013147578480929858,-0.041962114439745526,834861.7
34787,TRANSPOWER,2026-03-24,306.9,306.9,16141,2026-03-24T15:00:01.978259+00:00,0.0,0.0,0.0,0.0,306.9,306.9,306.924,0.0,0.004606558835019844,13.945289665170828,-0.026697173432182808,0.012211952806050176,-0.038909126238232984,833807.55
34935,TRANSPOWER,2026-03-25,306.9,306.9,87747,2026-03-25T15:00:01.528164+00:00,0.0,0.0,0.0,0.0,306.9,306.9,306.92199999999997,0.0,0.004606558835019844,13.945289665170828,-0.02473402987504869,0.011340077090547435,-0.036074106965596126,586709.65
35083,TRANSPOWER,2026-03-26,306.9,306.9,15812,2026-03-26T15:00:01.955832+00:00,0.0,0.0,0.0,0.0,306.9,306.9,306.91999999999996,0.0,0.004606558835019844,13.94528966517083,-0.022914085152251573,0.010528017450675643,-0.033442102602927216,336015.0
35231,TRANSPOWER,2026-03-27,306.9,306.9,14327,2026-03-27T15:00:02.114662+00:00,0.0,0.0,0.0,0.0,306.9,306.9,306.91799999999995,0.0,0.004606558835019844,13.945289665170828,-0.021227073359114,0.009772023395050573,-0.030999096754164575,85246.1
278252,TRANSPOWER,2026-03-30,306.9,306.9,9111,2026-04-08T04:37:47.74327+00:00,0.0,0.0,0.0,0.0,306.9,306.9,306.916,0.0,0.004606558835019844,13.94528966517083,-0.01966343650286717,0.009068528201037925,-0.028731964703905096,84383.5
35379,TRANSPOWER,2026-03-31,306.9,306.9,618390,2026-03-31T15:00:02.085058+00:00,0.0,0.0,0.0,0.0,306.9,306.9,306.914,0.0,0.004606558835019844,13.94528966517083,-0.018214280145400608,0.008414147646803594,-0.0266284277922042,113664.95
278492,TRANSPOWER,2026-04-01,306.9,306.9,14539,2026-04-08T04:37:52.684906+00:00,0.0,0.0,0.0,0.0,306.9,306.9,306.912,0.0,0.004606558835019844,13.94528966517083,-0.016871331088680108,0.007805677362819275,-0.024677008451499383,105715.85
35527,TRANSPOWER,2026-04-02,306.9,306.9,12275,2026-04-02T15:00:01.864809+00:00,0.0,0.0,0.0,0.0,306.9,306.9,306.90999999999997,0.0,0.004606558835019844,13.945289665170831,-0.015626897143022234,0.0072400890467817225,-0.022866986189803956,104602.7
35971,TRANSPOWER,2026-04-07,306.9,306.9,16750,2026-04-07T15:00:01.949344+00:00,0.0,0.0,0.0,0.0,306.9,306.9,306.90799999999996,0.0,0.004606558835019844,13.945289665170831,-0.014473828984478132,0.006714525764260661,-0.021188354748738793,104305.35
278868,TRANSPOWER,2026-04-08,306.9,306.9,10314,2026-04-08T15:00:01.943007+00:00,0.0,0.0,0.0,0.0,306.9,306.9,306.90599999999995,0.0,0.004606558835019844,13.945289665170833,-0.013405484085524222,0.006226296530571655,-0.019631780616095877,103686.2
279015,TRANSPOWER,2026-04-09,306.9,306.9,8708,2026-04-09T15:00:02.085141+00:00,0.0,0.0,0.0,0.0,306.9,306.9,306.904,0.0,0.004606558835019844,13.945289665170833,-0.012415692679439871,0.005772870349324808,-0.01818856302876468,102986.75
279161,TRANSPOWER,2026-04-10,306.9,306.9,22777,2026-04-10T15:00:01.352272+00:00,0.0,0.0,0.0,0.0,306.9,306.9,306.902,0.0,0.004606558835019844,13.945289665170833,-0.011498725706815094,0.005351869857559668,-0.01685059556437476,97953.15
279307,TRANSPOWER,2026-04-13,306.9,306.9,15541,2026-04-13T15:00:02.021173+00:00,0.0,0.0,0.0,0.0,306.9,306.9,306.9,0.0,0.004606558835019844,13.945289665170831,-0.010649264680296255,0.004961064707262805,-0.01561032938755906,98157.3
279453,TRANSPOWER,2026-04-14,302.9,302.9,29734,2026-04-14T15:00:02.477878+00:00,-1.3033561420658146,0.0,0.0,0.0,306.1,306.69999999999993,306.81999999999994,0.2914392932551035,0.18432239327117494,0.06654897535329603,-0.3289506924836587,-0.2506722904768797,-0.078278402006779,89949.85
279599,TRANSPOWER,2026-04-15,302.9,302.9,19054,2026-04-15T15:00:02.184222+00:00,0.0,-1.3033561420658146,0.0,0.0,305.29999999999995,306.5,306.73999999999995,0.2914392932551035,0.18432239327117494,0.06654897535329601,-0.5745834271730814,-0.3970440201330419,-0.1775394070400395,81572.15
279745,TRANSPOWER,2026-04-16,302.9,302.9,10326,2026-04-16T15:00:02.07143+00:00,0.0,0.0,0.0,0.0,304.5,306.29999999999995,306.66,0.2914392932551035,0.18432239327117494,0.06654897535329601,-0.7604827671471526,-0.46635468808569047,-0.2941280790614621,80975.85
279891,TRANSPOWER,2026-04-17,302.9,302.9,11568,2026-04-17T15:00:02.06245+00:00,0.0,0.0,0.0,0.0,303.69999999999993,306.1,306.58,0.2914392932551035,0.18432239327117494,0.06654897535329601,-0.8974639279001053,-0.48266867907091454,-0.4147952488291908,80467.05
280037,TRANSPOWER,2026-04-20,272.7,272.7,703757,2026-04-20T15:00:01.862344+00:00,-9.970287223506102,0.0,0.0,0.0,296.86,304.39,305.89599999999996,2.2331310661745585,1.4182733383941712,0.005991801180428983,-3.4036746501093944,-2.3911035210241627,-1.0125711290852315,94593.55
280183,TRANSPOWER,2026-04-21,272.7,272.7,570753,2026-04-21T15:00:02.189846+00:00,0.0,-9.970287223506102,-1.3033561420658146,0.0,290.82,302.67999999999995,305.212,2.2331310661745585,1.4182733383941712,0.005991801180428985,-5.328441744146744,-3.45269649204921,-1.8757452520975342,117022.1
280329,TRANSPOWER,2026-04-22,272.7,272.7,46693,2026-04-22T15:00:02.200159+00:00,0.0,0.0,0.0,0.0,284.78000000000003,300.96999999999997,304.528,2.2331310661745585,1.4182733383941712,0.005991801180428984,-6.7757271683167914,-3.9199855329754056,-2.855741635341386,112715.85
280475,TRANSPOWER,2026-04-23,272.7,272.7,125085,2026-04-23T15:00:02.125151+00:00,0.0,0.0,0.0,0.0,278.73999999999995,299.25999999999993,303.844,2.2331310661745585,1.4182733383941712,0.005991801180428985,-7.832423985905109,-3.981345880450978,-3.851078105454131,118163.05
280621,TRANSPOWER,2026-04-24,272.7,272.7,57674,2026-04-24T15:00:02.20649+00:00,0.0,0.0,0.0,0.0,272.7,297.55,303.16,2.2331310661745585,1.4182733383941712,0.005991801180428985,-8.571061959959707,-3.775987083604461,-4.795074876355246,116659.4
280767,TRANSPOWER,2026-04-27,272.7,272.7,33651,2026-04-27T15:00:02.034997+00:00,0.0,0.0,-9.970287223506102,0.0,272.7,295.84000000000003,302.47599999999994,2.2331310661745585,1.4182733383941712,0.005991801180428985,-9.052091005615466,-3.4056129034081764,-5.64647810220729,117551.35
280913,TRANSPOWER,2026-04-28,272.7,272.7,13245,2026-04-28T15:00:01.918241+00:00,0.0,0.0,0.0,-1.3033561420658146,272.7,294.13,301.792,2.2331310661745585,1.4182733383941712,0.005991801180428985,-9.32580788177745,-2.9434638236561286,-6.382344058121322,117497.25
281059,TRANSPOWER,2026-04-29,272.7,272.7,40521,2026-04-29T15:00:02.672724+00:00,0.0,0.0,0.0,0.0,272.7,292.41999999999996,301.108,2.2331310661745585,1.4182733383941712,0.005991801180428985,-9.43398141288128,-2.4413098838079668,-6.992671529073314,119067.75
281205,TRANSPOWER,2026-04-30,272.7,272.7,663989,2026-04-30T15:00:02.170664+00:00,0.0,0.0,0.0,0.0,272.7,290.71,300.424,2.2331310661745585,1.4182733383941712,0.005991801180428985,-9.411222995223227,-1.9348411729199295,-7.476381822303297,121347.7
281497,TRANSPOWER,2026-05-04,272.7,272.7,44207,2026-05-04T15:00:02.156928+00:00,0.0,0.0,0.0,0.0,272.7,288.99999999999994,299.74,2.2331310661745585,1.4182733383941712,0.005991801180428985,-9.286141921613932,-1.4478080794485084,-7.838333842165424,122831.1
281643,TRANSPOWER,2026-05-05,272.7,272.7,36046,2026-05-05T15:00:01.930748+00:00,0.0,0.0,0.0,-9.970287223506102,272.7,287.29,299.056,2.2331310661745585,1.4182733383941712,0.005991801180428985,-9.082318950306274,-0.9951880865126785,-8.087130863793595,124019.65
281789,TRANSPOWER,2026-05-06,272.7,272.7,13072,2026-05-06T15:00:01.919787+00:00,0.0,0.0,0.0,0.0,272.7,285.58,298.37199999999996,2.2331310661745585,1.4182733383941712,0.005991801180428986,-8.81912637791072,-0.5855964112937002,-8.23352996661702,123835.75
281935,TRANSPOWER,2026-05-07,272.7,272.7,33336,2026-05-07T15:00:01.995523+00:00,0.0,0.0,0.0,0.0,272.7,283.87,297.68799999999993,2.2331310661745585,1.4182733383941712,0.005991801180428985,-8.512418506342556,-0.2231108317804278,-8.289307674562128,124986.85
282081,TRANSPOWER,2026-05-08,272.7,272.7,60458,2026-05-08T15:00:02.118161+00:00,0.0,0.0,0.0,0.0,272.7,282.15999999999997,297.00399999999996,2.2331310661745585,1.4182733383941712,0.005991801180428986,-8.175112698061582,0.09135598120043653,-8.266468679262019,127574.35
282227,TRANSPOWER,2026-05-11,272.7,272.7,14432,2026-05-11T15:00:02.243132+00:00,0.0,0.0,0.0,0.0,272.7,280.44999999999993,296.32,2.2331310661745585,1.4182733383941712,0.005991801180428986,-7.817678088176933,0.35903247286806916,-8.176710561045002,127157.1
282373,TRANSPOWER,2026-05-12,272.7,272.7,23363,2026-05-12T15:00:02.325735+00:00,0.0,0.0,0.0,0.0,272.7,278.74,295.63599999999997,2.2331310661745585,1.4182733383941712,0.005991801180428986,-7.448546378572985,0.582531345977614,-8.031077724550599,127548.2
282519,TRANSPOWER,2026-05-13,272.7,272.7,28059,2026-05-13T15:00:01.887561+00:00,0.0,0.0,0.0,0.0,272.7,277.23,294.952,2.229423998695728,1.4182733383941712,0.005991801180428985,-7.074456903771363,0.7652966566233887,-7.839753560394752,127464.45
282665,TRANSPOWER,2026-05-14,272.7,272.7,28620,2026-05-14T15:00:01.952989+00:00,0.0,0.0,0.0,0.0,272.7,275.71999999999997,294.268,2.229423998695728,1.4182733383941712,0.005991801180428987,-6.700746267915122,0.9112058339837041,-7.611952101898826,127942.75
282811,TRANSPOWER,2026-05-15,272.7,272.7,31338,2026-05-15T15:00:01.871578+00:00,0.0,0.0,0.0,0.0,272.7,274.21,293.584,2.229423998695728,1.4182733383941712,0.0059918011804289874,-6.331591253863451,1.0242886784283005,-7.355879932291751,128993.35
282957,TRANSPOWER,2026-05-18,272.7,272.7,26739,2026-05-18T15:00:01.868607+00:00,0.0,0.0,0.0,0.0,272.7,272.7,292.9,2.229423998695728,1.4182733383941712,0.0059918011804289874,-5.970212353921454,1.108534062696238,-7.078746416617692,129751.9
283103,TRANSPOWER,2026-05-19,272.7,272.7,62954,2026-05-19T15:00:01.863653+00:00,0.0,0.0,0.0,0.0,272.7,272.7,292.216,0.0,1.4182733383941712,0.005991801180428987,-5.61904412913583,1.1677618299854906,-6.78680595912132,97711.75
283249,TRANSPOWER,2026-05-20,272.7,272.7,22465,2026-05-20T15:00:01.871845+00:00,0.0,0.0,0.0,0.0,272.7,272.7,291.532,0.0,1.4182733383941712,0.0059918011804289874,-5.27987763815986,1.2055426567691683,-6.485420294929028,70297.35
283395,TRANSPOWER,2026-05-21,272.7,272.7,30737,2026-05-21T15:00:01.939198+00:00,0.0,0.0,0.0,0.0,272.7,272.7,290.84799999999996,0.0,1.4182733383941712,0.0059918011804289874,-4.9539793601796305,1.2251527477995188,-6.179132107979149,69499.55
283541,TRANSPOWER,2026-05-22,272.7,272.7,27185,2026-05-22T15:00:02.031345+00:00,0.0,0.0,0.0,0.0,272.7,272.7,290.164,0.0,1.4182733383941712,0.005991801180428988,-4.642190346261486,1.2295534093741303,-5.871743755635617,64604.55
283687,TRANSPOWER,2026-05-25,272.7,272.7,7850,2026-05-25T15:00:01.979384+00:00,0.0,0.0,0.0,0.0,272.7,272.7,289.48,0.0,1.4182733383941712,0.0059918011804289874,-4.345008750214333,1.2213880043370269,-5.56639675455136,62113.35
283833,TRANSPOWER,2026-05-26,245.5,245.5,139705,2026-05-26T15:00:01.996051+00:00,-9.974330766409967,0.0,0.0,0.0,267.26,271.34,288.252,2.230328162376026,1.9772332281976426,0.0009623207479328997,-6.2324589669840975,-0.5328497699461892,-5.699609197037908,67416.05
284271,TRANSPOWER,2026-05-29,245.5,245.5,42550,2026-05-29T15:00:02.455558+00:00,0.0,-9.974330766409967,0.0,0.0,261.82,269.97999999999996,287.024,2.230328162376026,1.9772332281976426,0.0009623207479328998,-7.640205330926449,-1.5524769071108322,-6.087728423815617,68881.3
284417,TRANSPOWER,2026-06-01,245.5,245.5,69855,2026-06-01T15:00:02.603507+00:00,0.0,0.0,0.0,0.0,256.38,268.62,285.796,2.230328162376026,1.9772332281976426,0.0009623207479328995,-8.656072649332202,-2.0546753804132685,-6.601397268918934,70348.0
284563,TRANSPOWER,2026-06-02,245.5,245.5,19003,2026-06-02T15:00:02.980523+00:00,0.0,0.0,0.0,0.0,250.94,267.26,284.568,2.230328162376026,1.9772332281976426,0.0009623207479328995,-9.353335389971164,-2.2015504968417847,-7.1517848931293795,38098.7
284709,TRANSPOWER,2026-06-03,245.5,245.5,21956,2026-06-03T15:00:03.023028+00:00,0.0,0.0,0.0,0.0,245.5,265.9,283.34,2.230328162376026,1.9772332281976426,0.0009623207479328994,-9.79303314528687,-2.112998601725992,-7.680034543560878,36986.15
284855,TRANSPOWER,2026-06-04,245.5,245.5,35957,2026-06-04T15:00:03.321931+00:00,0.0,0.0,-9.974330766409967,0.0,245.5,264.53999999999996,282.112,2.230328162376026,1.9772332281976426,0.0009623207479328993,-10.025924171300147,-1.8767117021914146,-8.149212469108733,36981.7
285001,TRANSPOWER,2026-06-05,245.5,245.5,23464,2026-06-05T15:00:03.073061+00:00,0.0,0.0,0.0,0.0,245.5,263.17999999999995,280.884,2.230328162376026,1.9772332281976426,0.0009623207479328994,-10.094133104258702,-1.5559365081199754,-8.538196596138727,37501.3
285147,TRANSPOWER,2026-06-08,245.5,245.5,35656,2026-06-08T15:00:03.135386+00:00,0.0,0.0,0.0,0.0,245.5,261.82,279.656,2.230328162376026,1.9772332281976426,0.0009623207479328993,-10.032540295559471,-1.195474959536595,-8.837065336022876,37617.3
285293,TRANSPOWER,2026-06-09,245.5,245.5,15632,2026-06-09T15:00:03.53749+00:00,0.0,0.0,0.0,0.0,245.5,260.46,278.428,2.230328162376026,1.9772332281976426,0.0009623207479328994,-9.869952877968245,-0.826310033556295,-9.04364284441195,35376.0
285439,TRANSPOWER,2026-06-10,245.5,245.5,118543,2026-06-10T15:10:03.084397+00:00,0.0,0.0,0.0,0.0,245.5,259.1,277.2,2.230328162376026,1.9772332281976426,0.0009623207479328993,-9.630091478112206,-0.4691589069602031,-9.160932571152003,40581.55
285877,TRANSPOWER,2026-06-11,245.5,245.5,15594,2026-06-11T15:10:02.991492+00:00,0.0,0.0,0.0,-9.974330766409967,245.5,257.73999999999995,275.972,2.230328162376026,1.9772332281976426,0.0009623207479328995,-9.332421247705213,-0.1371909412425687,-9.195230306462644,40193.1
287629,TRANSPOWER,2026-06-15,245.5,245.5,53275,2026-06-15T15:10:02.896252+00:00,0.0,0.0,0.0,0.0,245.5,256.38,274.744,2.230328162376026,1.9772332281976426,0.0009623207479328992,-8.992851451828443,0.16190308370736162,-9.154754535535805,41453.9
288505,TRANSPOWER,2026-06-16,245.5,245.5,18037,2026-06-16T15:10:02.87997+00:00,0.0,0.0,0.0,0.0,245.5,255.01999999999998,273.51599999999996,2.230328162376026,1.9772332281976426,0.0009623207479328993,-8.624324102331514,0.42434434656343356,-9.048668448894947,40924.75
289381,TRANSPOWER,2026-06-17,245.5,245.5,16368,2026-06-17T15:10:02.980097+00:00,0.0,0.0,0.0,0.0,245.5,253.66,272.288,2.230328162376026,1.9772332281976426,0.0009623207479328993,-8.237308952699067,0.6490875969567043,-8.886396549655771,40176.25
289819,TRANSPOWER,2026-06-18,245.5,245.5,11112,2026-06-18T15:10:02.932064+00:00,0.0,0.0,0.0,0.0,245.5,252.3,271.06,2.230328162376026,1.9772332281976426,0.0009623207479328993,-7.840219488426385,0.83694164898351,-8.677161137409895,39394.9
290403,TRANSPOWER,2026-06-19,245.5,245.5,14082,2026-06-19T15:10:02.959085+00:00,0.0,0.0,0.0,0.0,245.5,250.93999999999997,269.832,2.230328162376026,1.9772332281976426,0.0009623207479328992,-7.439762278658037,0.9899190870014873,-8.429681365659524,36951.3
291133,TRANSPOWER,2026-06-22,245.5,245.5,28970,2026-06-22T15:10:03.140564+00:00,0.0,0.0,0.0,0.0,245.5,249.57999999999998,268.60400000000004,2.230328162376026,1.9772332281976426,0.0009623207479328992,-7.041230136775056,1.1107609831075749,-8.15199111988263,37276.55
291717,TRANSPOWER,2026-06-23,245.5,245.5,10450,2026-06-23T15:10:03.017319+00:00,0.0,0.0,0.0,0.0,245.5,248.21999999999997,267.37600000000003,2.230328162376026,1.9772332281976426,0.0009623207479328991,-6.64874791579237,1.2025945632722088,-7.851342479064579,36262.2
292301,TRANSPOWER,2026-06-24,245.5,245.5,18596,2026-06-24T15:10:03.053149+00:00,0.0,0.0,0.0,0.0,245.5,246.85999999999999,266.14799999999997,2.230328162376026,1.9772332281976426,0.0009623207479328993,-6.265478393190051,1.268691268699623,-7.534169661889674,35832.75
292885,TRANSPOWER,2026-06-25,245.5,245.5,29816,2026-06-25T15:10:02.973562+00:00,0.0,0.0,0.0,0.0,245.5,245.5,264.92,2.230328162376026,1.9772332281976426,0.0009623207479328992,-5.893794540516581,1.3123000970984755,-7.206094637615056,36931.05
293323,TRANSPOWER,2026-06-26,245.5,245.5,749365,2026-06-26T15:10:03.012808+00:00,0.0,0.0,0.0,0.0,245.5,245.5,263.692,0.0,1.9772332281976426,0.0009623207479328991,-5.5354234930884445,1.3365369156212896,-6.871960408709734,67414.05
293761,TRANSPOWER,2026-06-29,245.5,245.5,7918,2026-06-29T15:10:03.028054+00:00,0.0,0.0,0.0,0.0,245.5,245.5,262.54400000000004,0.0,1.9740052820354437,0.000962320747932899,-5.191566706720664,1.3443149615912562,-6.53588166831192,65682.45
294199,TRANSPOWER,2026-06-30,245.5,245.5,5806,2026-06-30T15:10:03.08168+00:00,0.0,0.0,0.0,0.0,245.5,245.5,261.396,0.0,1.9740052820354437,0.0009623207479328991,-4.863000088264755,1.3383052640377322,-6.201305352302487,62480.0
294637,TRANSPOWER,2026-07-01,245.5,245.5,17625,2026-07-01T15:10:03.133226+00:00,0.0,0.0,0.0,0.0,245.5,245.5,260.248,0.0,1.9740052820354437,0.0009623207479328991,-4.550157295021364,1.3209184458248986,-5.871075740846263,62411.1
295075,TRANSPOWER,2026-07-02,245.5,245.5,10210,2026-07-02T15:10:03.065554+00:00,0.0,0.0,0.0,0.0,245.5,245.5,259.1,0.0,1.9740052820354437,0.0009623207479328992,-4.253198898092535,1.2943014742029826,-5.547500372295517,61823.8
295513,TRANSPOWER,2026-07-03,245.5,245.5,12586,2026-07-03T15:10:03.019266+00:00,0.0,0.0,0.0,0.0,245.5,245.5,258.55600000000004,0.0,1.4105833845452203,0.0009623207479328992,-3.9720696822868433,1.2603445520069396,-5.232414234293783,60655.25
295951,TRANSPOWER,2026-07-06,245.5,245.5,28382,2026-07-06T15:10:03.100823+00:00,0.0,0.0,0.0,0.0,245.5,245.5,258.012,0.0,1.4105833845452203,0.0009623207479328991,-3.706545998310446,1.2206945887866691,-4.927240587097115,60901.15
296389,TRANSPOWER,2026-07-07,245.5,245.5,11105,2026-07-07T15:10:03.687653+00:00,0.0,0.0,0.0,0.0,245.5,245.5,257.468,0.0,1.4105833845452203,0.0009623207479328993,-3.4562747815390935,1.1767726444464177,-4.633047425985511,59673.6
296827,TRANSPOWER,2026-07-08,245.5,245.5,7742,2026-07-08T15:10:02.922872+00:00,0.0,0.0,0.0,0.0,245.5,245.5,256.92400000000004,0.0,1.4105833845452203,0.0009623207479328995,-3.2208055970995417,1.1297934631087756,-4.350599060208317,59279.1
297266,TRANSPOWER,2026-07-09,245.5,245.5,2745,2026-07-09T15:10:03.041812+00:00,0.0,0.0,0.0,0.0,245.5,245.5,256.38,0.0,1.4105833845452203,0.0009623207479328994,-2.9996168560474814,1.0807857633286693,-4.080402619376151,53489.2
297704,TRANSPOWER,2026-07-10,245.5,245.5,15653,2026-07-10T15:10:03.284445+00:00,0.0,0.0,0.0,0.0,245.5,245.5,255.836,0.0,1.4105833845452203,0.0009623207479328995,-2.7921371659805345,1.0306123627164934,-3.822749528697028,53492.15
298142,TRANSPOWER,2026-07-13,245.5,245.5,6084,2026-07-13T15:10:02.995074+00:00,0.0,0.0,0.0,0.0,245.5,245.5,255.292,0.0,1.4105833845452203,0.0009623207479328995,-2.597762626287249,0.9799895219278234,-3.5777521482150725,51132.6
298580,TRANSPOWER,2026-07-14,245.5,245.5,7303,2026-07-14T15:10:03.094441+00:00,0.0,0.0,0.0,0.0,245.5,245.5,254.748,0.0,1.4105833845452203,0.0009623207479328995,-2.41587074902003,0.9295051193560342,-3.345375868376064,50595.9
299018,TRANSPOWER,2026-07-15,245.5,245.5,10146,2026-07-15T15:10:03.078609+00:00,0.0,0.0,0.0,0.0,245.5,245.5,254.204,0.0,1.4105833845452203,0.0009623207479328994,-2.245831577383086,0.8796354327943825,-3.1254670101774686,50284.8
299456,TRANSPOWER,2026-07-16,245.5,245.5,11651,2026-07-16T15:10:03.113936+00:00,0.0,0.0,0.0,0.0,245.5,245.5,253.66,0.0,1.4105833845452203,0.0009623207479328997,-2.087016481913878,0.8307604226108731,-2.917776904524751,50311.75
299894,TRANSPOWER,2026-07-17,245.5,245.5,26297,2026-07-17T15:10:03.053983+00:00,0.0,0.0,0.0,0.0,245.5,245.5,253.116,0.0,1.4105833845452203,0.0009623207479328995,-1.9388050369518055,0.7831774940583562,-2.7219825310101617,50922.5
